ada,issue_date,subject,supplier_afm,supplier_name,amount_eur,reason
65Ν34690ΒΑ-Μ9Ο,2021-12-21,ΧΕ 1-1646,,,,no sponsor block
ΩΚ524690ΒΑ-ΔΔΦ,2021-12-21,ΧΕ 1-1645,,,,no sponsor block
ΩΧΔΙ4690ΒΑ-ΣΞ6,2021-12-21,ΧΕ 1-1644,,,,no sponsor block
ΨΟ3Β4690ΒΑ-14Δ,2021-12-21,ΧΕ 1-1643,,,,no sponsor block
68Ζ14690ΒΑ-ΜΘΚ,2021-12-21,ΧΕ 1-1642,,,,no sponsor block
ΩΗ0Ο4690ΒΑ-8ΘΣ,2021-12-20,ΧΕ 1-1630,,,,no sponsor block
64Ω44690ΒΑ-ΩΤΝ,2021-12-17,ΧΕ 1-1629,,,,no sponsor block
ΩΝΖΕ4690ΒΑ-Μ90,2021-12-17,ΧΕ 1-1628,,,,no sponsor block
68ΝΞ4690ΒΑ-487,2021-12-17,ΧΕ 1-1627,,,,no sponsor block
67ΤΠ4690ΒΑ-ΑΟ0,2021-12-17,ΧΕ 1-1626,,,,no sponsor block
6ΔΤΦ4690ΒΑ-ΠΙΠ,2021-12-17,ΧΕ 1-1625,,,,no sponsor block
9Η574690ΒΑ-ΙΑ2,2021-12-17,ΧΕ 1-1624,,,,no sponsor block
6ΩΞΧ4690ΒΑ-4ΚΣ,2021-12-17,ΧΕ 1-1623,,,,no sponsor block
96ΚΙ4690ΒΑ-ΞΒ9,2021-12-17,ΧΕ 1-1622,,,,no sponsor block
ΨΗ8Ρ4690ΒΑ-Γ1Υ,2021-12-17,ΧΕ 1-1621,,,,no sponsor block
6ΚΧΩ4690ΒΑ-ΓΥ5,2021-12-17,ΧΕ 1-1620,,,,no sponsor block
ΨΘΜ64690ΒΑ-ΛΨ7,2021-12-17,ΧΕ 1-1608,,,,no sponsor block
ΩΑΣΓ4690ΒΑ-ΣΑΦ,2021-12-17,ΧΕ 1-1607,,,,no sponsor block
ΩΙΝΨ4690ΒΑ-ΡΕ2,2021-12-17,ΧΕ 1-1606,,,,no sponsor block
ΩΓ4Ψ4690ΒΑ-Η27,2021-12-16,ΧΕ 1-1605,,,,no sponsor block
6ΤΝΨ4690ΒΑ-Δ2Γ,2021-12-16,ΧΕ 1-1604,,,,no sponsor block
ΨΖ404690ΒΑ-ΥΓΑ,2021-12-16,ΧΕ 1-1602,,,,no sponsor block
6Υ4Λ4690ΒΑ-ΣΔ0,2021-12-16,ΧΕ 1-1603,,,,no sponsor block
Ψ7944690ΒΑ-ΤΒ2,2021-12-16,ΧΕ 1-1601,,,,no sponsor block
Ψ3ΧΜ4690ΒΑ-9ΧΟ,2021-12-16,ΧΕ 1-1600,,,,no sponsor block
ΨΟΚ34690ΒΑ-Κ1Σ,2021-12-16,ΧΕ 1-1599,,,,no sponsor block
Ψ8ΓΥ4690ΒΑ-ΤΥ5,2021-12-16,ΧΕ 1-1598,,,,no sponsor block
ΨΥΠΥ4690ΒΑ-2ΓΜ,2021-12-16,ΧΕ 1-1597,,,,no sponsor block
9ΘΧΥ4690ΒΑ-ΧΝΚ,2021-12-16,ΧΕ 1-1596,,,,no sponsor block
6ΙΘΛ4690ΒΑ-Μ2Ξ,2021-12-16,ΧΕ 1-1595,,,,no sponsor block
6ΩΓΝ4690ΒΑ-ΖΦΑ,2021-12-16,ΧΕ 1-1594,,,,no sponsor block
938Φ4690ΒΑ-1Γ8,2021-12-16,ΧΕ 1-1593,,,,no sponsor block
6ΝΧΟ4690ΒΑ-ΜΙΕ,2021-12-16,ΧΕ 1-1592,,,,no sponsor block
ΨΧΜ24690ΒΑ-Θ6Ξ,2021-12-16,ΧΕ 1-1591,,,,no sponsor block
96ΞΕ4690ΒΑ-ΧΣΗ,2021-12-16,ΧΕ 1-1590,,,,no sponsor block
ΨΓΘ04690ΒΑ-ΙΤΥ,2021-12-16,ΧΕ 1-1589,,,,no sponsor block
ΩΧΡΘ4690ΒΑ-ΠΝΩ,2021-12-16,ΧΕ 1-1587,,,,no sponsor block
9Ι6Ν4690ΒΑ-ΝΣΒ,2021-12-16,ΧΕ 1-1588,,,,no sponsor block
6Ω1Ψ4690ΒΑ-Μ7Ζ,2021-12-16,ΧΕ 1-1586,,,,no sponsor block
91Χ74690ΒΑ-ΖΙΤ,2021-12-16,ΧΕ 1-1585,,,,no sponsor block
ΨΘ6Ξ4690ΒΑ-81Ψ,2021-12-16,ΧΕ 1-1584,,,,no sponsor block
ΨΠΥΩ4690ΒΑ-4ΑΚ,2021-12-16,ΧΕ 1-1583,,,,no sponsor block
6Κ6Χ4690ΒΑ-05Ζ,2021-12-16,ΧΕ 1-1582,,,,no sponsor block
ΩΘΣΩ4690ΒΑ-ΚΕΧ,2021-12-16,ΧΕ 1-1581,,,,no sponsor block
ΩΞΠΑ4690ΒΑ-ΞΒΛ,2021-12-16,ΧΕ 1-1580,,,,no sponsor block
ΨΤΥΡ4690ΒΑ-1Υ1,2021-12-16,ΧΕ 1-1579,,,,no sponsor block
6ΟΠΘ4690ΒΑ-Ξ5Η,2021-12-16,ΧΕ 1-1578,,,,no sponsor block
6ΙΕ44690ΒΑ-ΛΚΡ,2021-12-16,ΧΕ 1-1577,,,,no sponsor block
ΨΚΕΓ4690ΒΑ-ΘΦΕ,2021-12-16,ΧΕ 1-1576,,,,no sponsor block
Ψ8Β14690ΒΑ-ΛΨΔ,2021-12-16,ΧΕ 1-1574,,,,no sponsor block
60Φ54690ΒΑ-5ΡΙ,2021-12-16,ΧΕ 1-1573,,,,no sponsor block
ΨΟΨ14690ΒΑ-ΗΧΕ,2021-12-16,ΧΕ 1-1572,,,,no sponsor block
ΩΖ3Ρ4690ΒΑ-Ο0Υ,2021-12-16,ΧΕ 1-1571,,,,no sponsor block
6ΡΩ94690ΒΑ-4ΛΨ,2021-12-16,ΧΕ 1-157,,,,no sponsor block
62Θ34690ΒΑ-Β16,2021-12-16,ΧΕ 1-1569,,,,no sponsor block
6ΤΗΣ4690ΒΑ-ΚΦ9,2021-12-16,ΧΕ 1-1568,,,,no sponsor block
ΩΚΝΗ4690ΒΑ-6Ν6,2021-12-16,ΧΕ 1-1567,,,,no sponsor block
6ΟΥΗ4690ΒΑ-Μ60,2021-12-16,ΧΕ 1-1566,,,,no sponsor block
ΨΓΕ44690ΒΑ-1Λ6,2021-12-16,ΧΕ 1-1565,,,,no sponsor block
ΩΙΛ34690ΒΑ-753,2021-12-16,ΧΕ 1-1564,,,,no sponsor block
ΨΣΗ44690ΒΑ-9ΘΖ,2021-12-14,ΧΕ 1-1550,,,,no sponsor block
6ΕΚΥ4690ΒΑ-251,2021-12-14,ΧΕ 1-1549,,,,no sponsor block
6Σ394690ΒΑ-ΞΝΛ,2021-12-13,ΧΕ 1-1542,,,,no sponsor block
9ΕΑΕ4690ΒΑ-Φ1Φ,2021-12-13,ΧΕ 1-1541,,,,no sponsor block
66ΟΑ4690ΒΑ-Η3Ν,2021-12-13,ΧΕ 1-1538,,,,no sponsor block
ΨΦΞΟ4690ΒΑ-Ω8Ο,2021-12-13,ΧΕ 1-1535,,,,no sponsor block
97ΚΘ4690ΒΑ-ΦΤ1,2021-12-13,ΧΕ 1-1532,,,,no sponsor block
ΩΖ614690ΒΑ-5ΨΙ,2021-12-10,ΧΕ 1-1521,,,,no sponsor block
623Λ4690ΒΑ-ΖΓΦ,2021-12-10,ΧΕ 1-1519,,,,no sponsor block
63ΝΒ4690ΒΑ-ΨΨΔ,2021-12-10,ΧΕ 1-1518,,,,no sponsor block
64Χ34690ΒΑ-1ΚΗ,2021-12-10,ΧΕ 1-1517,,,,no sponsor block
ΩΣΕΤ4690ΒΑ-3ΝΡ,2021-12-10,ΧΕ 1-1516,,,,no sponsor block
ΩΖΓΗ4690ΒΑ-Τ9Χ,2021-12-10,ΧΕ 1-1515,,,,no sponsor block
941Μ4690ΒΑ-6ΟΡ,2021-12-10,ΧΕ 1-1514,,,,no sponsor block
Ω8ΣΖ4690ΒΑ-9ΛΩ,2021-12-10,ΧΕ 1-1513,,,,no sponsor block
6ΒΓΡ4690ΒΑ-210,2021-12-10,ΧΕ 1-1512,,,,no sponsor block
ΨΒΥΩ4690ΒΑ-7ΨΖ,2021-12-10,ΧΕ 1-1511,,,,no sponsor block
627Λ4690ΒΑ-ΥΥΚ,2021-12-10,ΧΕ 1-1510,,,,no sponsor block
ΨΣΦΥ4690ΒΑ-2Υ1,2021-12-10,ΧΕ 1-1506,,,,no sponsor block
ΨΛ444690ΒΑ-ΧΣΣ,2021-12-10,ΧΕ 1-1504,,,,no sponsor block
Ψ7Ν44690ΒΑ-ΝΥΧ,2021-12-10,ΧΕ 1-1503,,,,no sponsor block
98Ο74690ΒΑ-8ΩΨ,2021-12-09,ΧΕ 1-1502,,,,no sponsor block
9ΚΨΙ4690ΒΑ-0ΓΞ,2021-12-09,ΧΕ 1-1501,,,,no sponsor block
6ΓΑΦ4690ΒΑ-1ΟΞ,2021-12-09,ΧΕ 1-1500,,,,no sponsor block
Ω1ΚΖ4690ΒΑ-ΠΡ4,2021-12-09,ΧΕ 1-1499,,,,no sponsor block
ΨΞΡ54690ΒΑ-Ι64,2021-12-09,ΧΕ 1-1498,,,,no sponsor block
94ΟΝ4690ΒΑ-3Ξ8,2021-12-09,ΧΕ 1-1497,,,,no sponsor block
6Ξ7Κ4690ΒΑ-ΧΑΟ,2021-12-09,ΧΕ 1-1496,,,,no sponsor block
ΨΞΒΒ4690ΒΑ-Χ5Ω,2021-12-09,ΧΕ 1-1495,,,,no sponsor block
ΩΗΝ24690ΒΑ-ΟΧ7,2021-12-09,ΧΕ 1-1494,,,,no sponsor block
6ΡΠΜ4690ΒΑ-ΛΞΚ,2021-12-09,ΧΕ 1-1493,,,,no sponsor block
6ΤΨ14690ΒΑ-ΩΥΝ,2021-12-09,ΧΕ 1-1492,,,,no sponsor block
6ΟΧΞ4690ΒΑ-37Ζ,2021-12-09,ΧΕ 1-1491,,,,no sponsor block
Ψ8ΒΙ4690ΒΑ-ΙΗΛ,2021-12-09,ΧΕ 1-1490,,,,no sponsor block
ΩΑΧΘ4690ΒΑ-ΞΧ5,2021-12-09,ΧΕ 1-1489,,,,no sponsor block
ΩΓΗΕ4690ΒΑ-7Ξ5,2021-12-09,ΧΕ 1-1488,,,,no sponsor block
Ψ34Χ4690ΒΑ-Ι3Φ,2021-12-09,ΧΕ 1-1487,,,,no sponsor block
6ΛΚΝ4690ΒΑ-366,2021-12-09,ΧΕ 1-1486,,,,no sponsor block
ΨΣΦΡ4690ΒΑ-ΖΜ1,2021-12-09,ΧΕ 1-1485,,,,no sponsor block
6Ξ264690ΒΑ-ΟΘΓ,2021-12-03,ΧΕ 1-1458,,,,no sponsor block
9ΟΚΥ4690ΒΑ-ΛΙΕ,2021-12-01,ΧΕ 1-1448,,,,no sponsor block
Ω8ΜΠ4690ΒΑ-Ι67,2021-12-01,ΧΕ 1-1447,,,,no sponsor block
6Η4Ξ4690ΒΑ-74Χ,2021-12-01,ΧΕ 1-1446,,,,no sponsor block
ΩΥ7Μ4690ΒΑ-Ρ50,2021-12-01,ΧΕ 1-1445,,,,no sponsor block
ΨΙ3Ξ4690ΒΑ-ΛΑΑ,2021-12-01,ΧΕ 1-1444,,,,no sponsor block
ΨΟΚΙ4690ΒΑ-ΟΤΒ,2021-12-01,ΧΕ 1-1442,,,,no sponsor block
6Ψ2Θ4690ΒΑ-ΒΣΙ,2021-12-01,ΧΕ 1-1443,,,,no sponsor block
ΩΦΥ54690ΒΑ-ΜΕ3,2021-12-01,ΧΕ 1-1441,,,,no sponsor block
64ΨΧ4690ΒΑ-ΔΥΑ,2021-12-01,ΧΕ 1-1440,,,,no sponsor block
ΩΖΜΣ4690ΒΑ-ΑΤ5,2021-12-01,ΧΕ 1439,,,,no sponsor block
6Μ594690ΒΑ-ΠΣΤ,2021-12-01,ΧΕ 1-1438,,,,no sponsor block
ΩΝΓΝ4690ΒΑ-ΓΘ7,2021-12-01,ΧΕ 1-1437,,,,no sponsor block
Ψ9ΡΖ4690ΒΑ-89Γ,2021-12-01,ΧΕ  1-1436,,,,no sponsor block
ΩΣΔΛ4690ΒΑ-1Ο2,2021-12-01,ΧΕ 1-1435,,,,no sponsor block
ΩΤΧ94690ΒΑ-Ν36,2021-12-01,ΧΕ 1-1434,,,,no sponsor block
6ΗΠΗ4690ΒΑ-Ζ2Ζ,2021-11-29,ΧΕ 1-1427,,,,no sponsor block
64ΨΛ4690ΒΑ-ΒΜΕ,2021-11-29,ΧΕ 1-1426,,,,no sponsor block
Ψ3Λ14690ΒΑ-ΣΚ0,2021-11-29,ΧΕ 1-1425,,,,no sponsor block
6ΧΛΑ4690ΒΑ-ΧΤ9,2021-11-29,ΧΕ 1-1424,,,,no sponsor block
ΩΔΖΓ4690ΒΑ-ΠΝΞ,2021-11-29,ΧΕ 1-1423,,,,no sponsor block
ΨΔΠΛ4690ΒΑ-ΚΨΧ,2021-11-29,ΧΕ 1-1421,,,,no sponsor block
9Π9Ω4690ΒΑ-ΚΛΨ,2021-11-29,ΧΕ 1-1420,,,,no sponsor block
6ΘΕ34690ΒΑ-ΛΦ4,2021-11-29,ΧΕ 1-1418,,,,no sponsor block
ΩΥ0Ρ4690ΒΑ-ΔΜΙ,2021-11-29,ΧΕ 1-1419,,,,no sponsor block
60ΖΠ4690ΒΑ-ΓΞΞ,2021-11-29,ΧΕ 1-1416,,,,no sponsor block
ΨΒ9Υ4690ΒΑ-ΚΛ0,2021-11-29,ΧΕ 1-1417,,,,no sponsor block
ΨΚ8Χ4690ΒΑ-ΒΩΟ,2021-11-29,ΧΕ 1-1414,,,,no sponsor block
67ΚΟ4690ΒΑ-ΔΓ7,2021-11-29,ΧΕ 1-1413,,,,no sponsor block
6ΩΓ94690ΒΑ-ΡΨΘ,2021-11-29,ΧΕ 1-1412,,,,no sponsor block
68ΡΔ4690ΒΑ-ΒΞ8,2021-11-29,ΧΕ 1-1410,,,,no sponsor block
Ω5ΤΨ4690ΒΑ-9ΧΖ,2021-11-29,ΧΕ 1-1409,,,,no sponsor block
6Ξ2Τ4690ΒΑ-3Χ3,2021-11-26,ΧΕ 1-1388,,,,no sponsor block
ΩΗ7Ν4690ΒΑ-ΑΟΘ,2021-11-26,ΧΕ 1-1387,,,,no sponsor block
Ψ7Ψ54690ΒΑ-ΞΞΓ,2021-11-26,ΧΕ 1-1386,,,,no sponsor block
6ΨΗ74690ΒΑ-Ξ5Χ,2021-11-03,ΧΕ 1-1278,,,,no sponsor block
ΩΝΧ24690ΒΑ-ΙΘΞ,2021-11-03,ΧΕ 1277,,,,no sponsor block
ΨΓΟΨ4690ΒΑ-Υ78,2021-11-02,ΧΕ 1-1275,,,,no sponsor block
ΨΣΝ24690ΒΑ-77Ν,2021-11-01,ΧΕ 1-1274,,,,no sponsor block
ΨΘΣΑ4690ΒΑ-ΔΞ6,2021-11-01,ΧΕ 1-1273,,,,no sponsor block
ΨΝ7Σ4690ΒΑ-ΚΜ2,2021-11-01,ΧΕ 1-1272,,,,no sponsor block
6ΩΕΕ4690ΒΑ-Δ9Ω,2021-11-01,ΧΕ 1-1271,,,,no sponsor block
6ΠΒ54690ΒΑ-ΛΔΒ,2021-11-01,ΧΕ 1-1270,,,,no sponsor block
9ΡΟ14690ΒΑ-3Α0,2021-11-01,ΧΕ  1-1268,,,,no sponsor block
6Θ944690ΒΑ-ΘΑΘ,2021-11-01,ΧΕ 1-1267,,,,no sponsor block
ΨΑ844690ΒΑ-ΛΩΒ,2021-11-01,ΧΕ 1-1266,,,,no sponsor block
Ψ9Σ34690ΒΑ-Δ3Η,2021-11-01,ΧΕ 1-1264,,,,no sponsor block
ΨΘΔΘ4690ΒΑ-ΔΣΘ,2021-11-01,ΧΕ 1-1263,,,,no sponsor block
ΩΓ124690ΒΑ-ΝΛΒ,2021-11-01,ΧΕ 1-1261,,,,no sponsor block
ΨΩ1Μ4690ΒΑ-4Μ3,2021-11-01,ΧΕ 1-1260,,,,no sponsor block
6Ε5Θ4690ΒΑ-ΙΨΡ,2021-11-01,ΧΕ 1-1259,,,,no sponsor block
6ΕΚΤ4690ΒΑ-ΤΦΥ,2021-11-01,ΧΕ 1-1258,,,,no sponsor block
962Τ4690ΒΑ-ΡΝΙ,2021-11-01,ΧΕ 1-1256,,,,no sponsor block
61Γ74690ΒΑ-ΟΣΑ,2021-11-01,ΧΕ 1-1255,,,,no sponsor block
6ΩΟΠ4690ΒΑ-ΙΗΝ,2021-11-01,ΧΕ 1-1253,,,,no sponsor block
ΩΞΩ24690ΒΑ-ΘΙΓ,2021-11-01,ΧΕ 1-1254,,,,no sponsor block
6ΠΑΜ4690ΒΑ-Η0Ι,2021-11-01,ΧΕ 1-1252,,,,no sponsor block
ΨΔΛΨ4690ΒΑ-ΓΜΜ,2021-11-01,ΧΕ 1-1251,,,,no sponsor block
62ΗΚ4690ΒΑ-Μ4Χ,2021-11-01,ΧΕ 1-1250,,,,no sponsor block
Ψ5Ω34690ΒΑ-ΙΥΟ,2021-11-01,ΧΕ 1-1249,,,,no sponsor block
6ΣΤΖ4690ΒΑ-ΩΝΤ,2021-11-01,ΧΕ 1-1248,,,,no sponsor block
Ψ2Γ24690ΒΑ-Λ4Μ,2021-11-01,ΧΕ 1-1247,,,,no sponsor block
61ΒΣ4690ΒΑ-1ΗΘ,2021-11-01,ΧΕ 1-1245,,,,no sponsor block
9Γ8Χ4690ΒΑ-ΝΒΣ,2021-10-29,ΧΕ 1-1244,,,,no sponsor block
ΨΙ434690ΒΑ-ΚΛΡ,2021-10-29,ΧΕ 1-1243,,,,no sponsor block
9ΠΤ14690ΒΑ-9Ψ0,2021-10-29,ΧΕ 1-1242,,,,no sponsor block
ΩΧΥ54690ΒΑ-ΛΙΜ,2021-10-29,ΧΕ 1-1241,,,,no sponsor block
ΩΣΚΙ4690ΒΑ-ΛΑ1,2021-10-29,ΧΕ 1-1240,,,,no sponsor block
9Ε9Η4690ΒΑ-9Ω1,2021-10-29,ΧΕ 1-1239,,,,no sponsor block
Ω8Τ74690ΒΑ-ΟΛΘ,2021-10-29,ΧΕ 1-1235,,,,no sponsor block
ΩΙΔΘ4690ΒΑ-37Τ,2021-10-29,ΧΕ 1-1234,,,,no sponsor block
ΨΦΠΖ4690ΒΑ-ΡΜ7,2021-10-29,ΧΕ 1-1233,,,,no sponsor block
6ΚΑΗ4690ΒΑ-ΚΔΜ,2021-10-07,ΧΕ 1-1139,,,,no sponsor block
6ΛΚΣ4690ΒΑ-Ν32,2021-10-07,ΧΕ 1-1138,,,,no sponsor block
Ψ2924690ΒΑ-ΗΣΥ,2021-10-07,ΧΕ 1-1137,,,,no sponsor block
6Δ674690ΒΑ-Φ6Φ,2021-10-07,ΧΕ 1-1136,,,,no sponsor block
Ψ9ΑΧ4690ΒΑ-Ω0Ψ,2021-10-06,ΧΕ 1-1133,,,,no sponsor block
94ΝΩ4690ΒΑ-ΔΛ6,2021-10-06,ΧΕ 1-1132,,,,no sponsor block
6ΩΚΦ4690ΒΑ-3ΝΩ,2021-10-06,ΧΕ 1-1131,,,,no sponsor block
Ψ5ΣΡ4690ΒΑ-Υ87,2021-10-06,ΧΕ 1-1130,,,,no sponsor block
6ΗΣΩ4690ΒΑ-Π3Ζ,2021-10-06,ΧΕ 1-1129,,,,no sponsor block
6ΞΠ14690ΒΑ-7Γ2,2021-10-06,ΧΕ 1-1127,,,,no sponsor block
9ΚΖΤ4690ΒΑ-Σ5Ψ,2021-10-04,ΧΕ 1-1122,,,,no sponsor block
ΨΑΠΟ4690ΒΑ-50Ζ,2021-10-04,ΧΕ 1-1121,,,,no sponsor block
ΩΧΟΤ4690ΒΑ-ΨΟΓ,2021-10-04,ΧΕ 1-1120,,,,no sponsor block
9Θ1Γ4690ΒΑ-3ΧΜ,2021-10-04,ΧΕ 1-1119,,,,no sponsor block
6ΟΗΦ4690ΒΑ-8ΩΣ,2021-10-04,ΧΕ 1-1118,,,,no sponsor block
6ΙΔΤ4690ΒΑ-ΨΡΟ,2021-10-04,ΧΕ 1-1117,,,,no sponsor block
ΨΦΑΔ4690ΒΑ-9ΔΡ,2021-10-04,ΧΕ 1-1116,,,,no sponsor block
Ω0ΑΟ4690ΒΑ-6Ο6,2021-10-04,ΧΕ 1-1115,,,,no sponsor block
Ψ22Ξ4690ΒΑ-9ΔΚ,2021-10-04,ΧΕ 1-1114,,,,no sponsor block
Ψ8Υ24690ΒΑ-ΨΚΔ,2021-10-04,ΧΕ 1-1113,,,,no sponsor block
9ΣΑΝ4690ΒΑ-6ΨΩ,2021-10-01,ΧΕ 1-1111,,,,no sponsor block
6ΓΒΙ4690ΒΑ-0ΝΤ,2021-10-01,ΧΕ 1-1110,,,,no sponsor block
6ΕΙΖ4690ΒΑ-ΥΦΔ,2021-10-01,ΧΕ 1-1108,,,,no sponsor block
ΩΗ6Τ4690ΒΑ-0Ν1,2021-10-01,ΧΕ 1-1107,,,,no sponsor block
ΨΡ764690ΒΑ-ΣΨ2,2021-10-01,ΧΕ 1-1106,,,,no sponsor block
6ΘΘΜ4690ΒΑ-ΛΕΨ,2021-10-01,ΧΕ 1-1105,,,,no sponsor block
96ΙΤ4690ΒΑ-ΓΧΝ,2021-10-01,ΧΕ 1-1101,,,,no sponsor block
ΨΤ794690ΒΑ-Χ3Μ,2021-10-01,ΧΕ 1-1099,,,,no sponsor block
ΩΔ434690ΒΑ-Η2Δ,2021-10-01,ΧΕ 1-1098,,,,no sponsor block
ΨΒΛ14690ΒΑ-Κ60,2021-10-01,ΧΕ 1-1097,,,,no sponsor block
66ΛΒ4690ΒΑ-Φ0Κ,2021-10-01,ΧΕ 1-1096,,,,no sponsor block
96ΘΗ4690ΒΑ-4ΧΤ,2021-10-01,ΧΕ 1-1095,,,,no sponsor block
942Ι4690ΒΑ-054,2021-10-01,ΧΕ 1-1094,,,,no sponsor block
ΨΤ984690ΒΑ-ΓΗΨ,2021-10-01,ΧΕ 1-1093,,,,no sponsor block
ΨΑ2Α4690ΒΑ-ΛΧ8,2021-10-01,ΧΕ 1-1092,,,,no sponsor block
61ΞΥ4690ΒΑ-394,2021-10-01,ΧΕ 1-1091,,,,no sponsor block
6Λ8Ο4690ΒΑ-Κ7Η,2021-10-01,ΧΕ 1-1090,,,,no sponsor block
650Γ4690ΒΑ-ΗΤΖ,2021-10-01,ΧΕ 1-1088,,,,no sponsor block
6Ψ0Κ4690ΒΑ-Τ0Β,2021-10-01,ΧΕ 1-1087,,,,no sponsor block
6ΠΑΥ4690ΒΑ-ΚΥ2,2021-10-01,ΧΕ 1-1086,,,,no sponsor block
6ΛΗ24690ΒΑ-ΣΩΑ,2021-10-01,ΧΕ 1-1085,,,,no sponsor block
ΨΨΜΣ4690ΒΑ-ΘΓΙ,2021-09-28,ΧΕ 1-1068,,,,no sponsor block
9Ρ894690ΒΑ-1ΥΤ,2021-09-28,ΧΕ 1-1066,,,,no sponsor block
6Ζ4Υ4690ΒΑ-Η20,2021-08-13,ΧΕ 1-855,,,,no sponsor block
ΩΗΙΛ4690ΒΑ-908,2021-09-01,ΧΕ 1-931,,,,no sponsor block
ΩΘΕΡ4690ΒΑ-ΓΩ5,2021-09-01,ΧΕ 1-930,,,,no sponsor block
9ΨΒ24690ΒΑ-ΘΘ9,2021-09-01,ΧΕ 1-929,,,,no sponsor block
6ΚΠΥ4690ΒΑ-50Β,2021-09-01,ΧΕ 1-928,,,,no sponsor block
6ΩΖ14690ΒΑ-Η66,2021-09-01,ΧΕ 1-927,,,,no sponsor block
ΨΖ7Ρ4690ΒΑ-ΨΣΡ,2021-09-01,ΧΕ 1-926,,,,no sponsor block
6ΗΘΜ4690ΒΑ-541,2021-09-01,ΧΕ 1-925,,,,no sponsor block
6Ν3Π4690ΒΑ-ΚΡΨ,2021-09-01,ΧΕ 1-922,,,,no sponsor block
ΨΝ854690ΒΑ-1ΘΜ,2021-09-01,ΧΕ 1-921,,,,no sponsor block
ΩΗΡΨ4690ΒΑ-ΕΦΕ,2021-09-01,ΧΕ 1-920,,,,no sponsor block
ΨΑ814690ΒΑ-Ω94,2021-09-01,ΧΕ 1-917,,,,no sponsor block
96ΧΘ4690ΒΑ-1Ψ2,2021-08-23,ΧΕ 1-893,,,,no sponsor block
ΩΚ064690ΒΑ-06Δ,2021-08-23,ΧΕ 1-892,,,,no sponsor block
6ΕΘΠ4690ΒΑ-ΧΕ1,2021-08-23,ΧΕ 1-891,,,,no sponsor block
97Ω04690ΒΑ-ΔΒ0,2021-08-23,ΧΕ 1-889,,,,no sponsor block
ΨΝ8Κ4690ΒΑ-Ι55,2021-08-23,ΧΕ 1-888,,,,no sponsor block
ΨΟΜΝ4690ΒΑ-ΒΒΝ,2021-08-23,ΧΕ 1-887,,,,no sponsor block
ΨΔΕ74690ΒΑ-0ΒΤ,2021-08-23,ΧΕ 1-886,,,,no sponsor block
ΩΔ5Ψ4690ΒΑ-Ν1Ψ,2021-08-23,ΧΕ 1-885,,,,no sponsor block
ΨΤΨΓ4690ΒΑ-ΘΟ2,2021-08-20,ΧΕ 1-884,,,,no sponsor block
ΨΦΧΓ4690ΒΑ-0ΔΨ,2021-08-20,ΧΕ 1-883,,,,no sponsor block
ΩΦΧΞ4690ΒΑ-ΜΣ6,2021-08-20,ΧΕ 1-882,,,,no sponsor block
Ψ7ΡΞ4690ΒΑ-Γ58,2021-08-20,ΧΕ 1-881,,,,no sponsor block
9ΨΣΜ4690ΒΑ-ΜΩΓ,2021-08-20,ΧΕ 1-879,,,,no sponsor block
9ΠΗ54690ΒΑ-94Θ,2021-08-19,ΧΕ 1-876,,,,no sponsor block
900Λ4690ΒΑ-ΡΔΔ,2021-08-19,ΧΕ 1-875,,,,no sponsor block
Ω33Π4690ΒΑ-ΧΝ6,2021-08-19,ΧΕ 1-874,,,,no sponsor block
ΩΙΕ94690ΒΑ-95Ξ,2021-08-19,ΧΕ 1-873,,,,no sponsor block
9ΨΗΔ4690ΒΑ-ΧΝΙ,2021-08-19,ΧΕ 1-872,,,,no sponsor block
Ψ0ΓΒ4690ΒΑ-9Η8,2021-08-19,ΧΕ 1-871,,,,no sponsor block
9ΛΔΝ4690ΒΑ-0Ψ7,2021-08-19,ΧΕ 1-870,,,,no sponsor block
ΨΘΝΤ4690ΒΑ-ΖΑΧ,2021-08-19,ΧΕ 1-869,,,,no sponsor block
Ψ9474690ΒΑ-Ρ0Ι,2021-08-17,ΧΕ 1-866,,,,no sponsor block
ΨΨ5Α4690ΒΑ-5ΡΔ,2021-08-17,ΧΕ 1-865,,,,no sponsor block
94ΒΨ4690ΒΑ-Γ75,2021-08-13,ΧΕ 1-860,,,,no sponsor block
ΨΖΔΦ4690ΒΑ-345,2021-08-13,ΧΕ 1-859,,,,no sponsor block
9ΜΜΒ4690ΒΑ-ΒΒΗ,2021-08-13,ΧΕ 1-858,,,,no sponsor block
6Σ4Ψ4690ΒΑ-4Ν4,2021-08-13,ΧΕ 1-857,,,,no sponsor block
ΨΣΑΩ4690ΒΑ-ΖΤΧ,2021-08-13,ΧΕ 1-856,,,,no sponsor block
ΨΚΠΔ4690ΒΑ-6ΑΚ,2021-08-13,ΧΕ 1-854,,,,no sponsor block
Ω3ΕΥ4690ΒΑ-ΙΓΙ,2021-08-13,ΧΕ 1-853,,,,no sponsor block
66ΓΦ4690ΒΑ-8Ι9,2021-08-02,ΧΕ 1-800,,,,no sponsor block
6Ζ7Η4690ΒΑ-ΦΘΚ,2021-08-02,ΧΕ 1-799,,,,no sponsor block
6ΚΖΘ4690ΒΑ-ΩΓΨ,2021-08-02,ΧΕ 1-798,,,,no sponsor block
ΨΩΩΚ4690ΒΑ-68Ο,2021-08-02,ΧΕ 1-797,,,,no sponsor block
61ΠΑ4690ΒΑ-ΨΒΖ,2021-08-02,ΧΕ 1-796,,,,no sponsor block
Ω3Λ04690ΒΑ-Χ6Π,2021-08-02,ΧΕ 1-795,,,,no sponsor block
6ΜΚΔ4690ΒΑ-ΖΦΚ,2021-08-02,ΧΕ 1-794,,,,no sponsor block
ΨΠΥΗ4690ΒΑ-ΘΗΜ,2021-08-02,ΧΕ 1-793,,,,no sponsor block
ΩΣΥΛ4690ΒΑ-ΓΦΙ,2021-08-02,ΧΕ1-792,,,,no sponsor block
Ψ0Φ74690ΒΑ-ΕΛΦ,2021-08-02,ΧΕ 1-791,,,,no sponsor block
ΨΡΝ04690ΒΑ-05Π,2021-08-02,ΧΕ 1-790,,,,no sponsor block
Ψ2ΘΤ4690ΒΑ-47Ε,2021-08-02,ΧΕ 1-789,,,,no sponsor block
6ΝΖΤ4690ΒΑ-8ΩΜ,2021-08-02,ΧΕ 1-788,,,,no sponsor block
6ΧΘ54690ΒΑ-7ΓΤ,2021-08-02,ΧΕ 1-787,,,,no sponsor block
ΩΞ5Β4690ΒΑ-15Ζ,2021-08-02,ΧΕ 1-786,,,,no sponsor block
ΨΕΓΤ4690ΒΑ-ΔΗΔ,2021-08-02,ΧΕ 1-785,,,,no sponsor block
64Ν74690ΒΑ-ΦΕ5,2021-08-02,ΧΕ 1-784,,,,no sponsor block
Ω8ΖΑ4690ΒΑ-ΞΥΞ,2021-08-02,ΧΕ 1-783,,,,no sponsor block
ΨΕ414690ΒΑ-ΡΧΝ,2021-08-02,ΧΕ 1-782,,,,no sponsor block
6Ε714690ΒΑ-Σ7Σ,2021-08-02,ΧΕ 1-781,,,,no sponsor block
ΩΑΘΝ4690ΒΑ-Ε00,2021-08-02,ΧΕ 1-780,,,,no sponsor block
ΨΛΘΔ4690ΒΑ-ΒΤΕ,2021-08-02,ΧΕ 1-779,,,,no sponsor block
ΨΞΕΤ4690ΒΑ-ΣΔΤ,2021-08-02,ΧΕ 1-778,,,,no sponsor block
ΨΥΡΤ4690ΒΑ-ΑΜ3,2021-08-02,ΧΕ 1-777,,,,no sponsor block
6ΨΜΨ4690ΒΑ-2ΡΦ,2021-08-02,ΧΕ 1-775,,,,no sponsor block
6ΜΤ24690ΒΑ-761,2021-08-02,ΧΕ 1-776,,,,no sponsor block
6ΦΑΚ4690ΒΑ-Γ7Φ,2021-08-02,ΧΕ 1-774,,,,no sponsor block
ΩΖΩΒ4690ΒΑ-159,2021-08-02,ΧΕ 1-773,,,,no sponsor block
654Π4690ΒΑ-Α1Η,2022-05-17,ΧΕ 1-632,,,,no sponsor block
91ΔΠ4690ΒΑ-ΖΣΗ,2022-05-17,ΧΕ 1-631,,,,no sponsor block
ΩΤΞ94690ΒΑ-3ΔΙ,2022-05-17,ΧΕ 1-630,,,,no sponsor block
9ΜΒ84690ΒΑ-Γ1Χ,2022-05-17,ΧΕ 1-629,,,,no sponsor block
ΨΨΨ84690ΒΑ-ΦΛΣ,2022-05-17,ΧΕ 1-628,,,,no sponsor block
6Φ0Π4690ΒΑ-Ξ4Σ,2022-05-17,ΧΕ 1-627,,,,no sponsor block
Ω28Ε4690ΒΑ-Π4Λ,2022-05-17,ΧΕ 1-626,,,,no sponsor block
ΨΠΤΖ4690ΒΑ-Β4Τ,2022-05-17,ΧΕ 1-625,,,,no sponsor block
9ΒΙΑ4690ΒΑ-ΘΨ0,2022-05-17,ΧΕ 1-624,,,,no sponsor block
9ΗΝΒ4690ΒΑ-ΘΝ1,2022-05-17,ΧΕ 1-623,,,,no sponsor block
Ω8244690ΒΑ-ΖΙ2,2022-05-17,ΧΕ 1-622,,,,no sponsor block
60Η14690ΒΑ-Ο5Κ,2022-05-17,ΧΕ 1-621,,,,no sponsor block
Ψ0ΡΦ4690ΒΑ-Δ3Ι,2022-05-04,ΧΕ 1-561,,,,no sponsor block
Ψ90Ο4690ΒΑ-ΑΓΓ,2022-05-03,ΧΕ 1-554,,,,no sponsor block
90ΡΨ4690ΒΑ-313,2022-05-03,ΧΕ 1-553,,,,no sponsor block
6ΦΩ84690ΒΑ-1ΗΘ,2022-05-03,ΧΕ 1-552,,,,no sponsor block
9Ε8Ρ4690ΒΑ-Θ10,2022-05-03,ΧΕ 1-551,,,,no sponsor block
9ΟΒΠ4690ΒΑ-ΨΞΟ,2022-05-03,ΧΕ 1-550,,,,no sponsor block
6Χ0Μ4690ΒΑ-ΤΞ1,2022-05-03,ΧΕ 1-549,,,,no sponsor block
Ψ0Η44690ΒΑ-ΟΧΑ,2022-05-03,ΧΕ 1-548,,,,no sponsor block
ΩΖΛ34690ΒΑ-ΛΛΛ,2022-05-03,ΧΕ 1-546,,,,no sponsor block
Ψ7ΑΘ4690ΒΑ-663,2022-05-03,ΧΕ1-544,,,,no sponsor block
Ψ7ΚΒ4690ΒΑ-ΗΟΥ,2022-05-03,ΧΕ 1-542,,,,no sponsor block
Ψ5ΨΔ4690ΒΑ-84Ρ,2022-05-03,ΧΕ 1-541,,,,no sponsor block
ΨΔΟ64690ΒΑ-ΧΘΥ,2022-05-03,ΧΕ 1-540,,,,no sponsor block
947Β4690ΒΑ-Ε7Ω,2022-04-19,ΧΕ 1-446,,,,no sponsor block
ΩΣΔΤ4690ΒΑ-ΔΛΟ,2022-04-19,ΧΕ 1-445,,,,no sponsor block
Ψ0Τ34690ΒΑ-ΓΗ5,2022-04-19,ΧΕ 1-443,,,,no sponsor block
ΨΦΒΨ4690ΒΑ-ΨΘΣ,2022-04-19,ΧΕ 1-442,,,,no sponsor block
ΨΙ5Β4690ΒΑ-ΖΑ1,2022-04-18,ΧΕ 1-428,,,,no sponsor block
6Ρ3Β4690ΒΑ-ΝΑ8,2022-04-18,ΧΕ 1-427,,,,no sponsor block
ΡΟΦ94690ΒΑ-ΜΦ2,2022-04-18,ΧΕ 1-426,,,,no sponsor block
ΩΖΟ94690ΒΑ-3ΡΨ,2022-04-18,ΧΕ 1-425,,,,no sponsor block
ΨΡ3Η4690ΒΑ-816,2022-04-18,ΧΕ 1-424,,,,no sponsor block
ΩΧΓΡ4690ΒΑ-3Ρ7,2022-04-18,ΧΕ 1-423,,,,no sponsor block
9ΘΜΥ4690ΒΑ-Ψ89,2022-04-18,ΧΕ 1-422,,,,no sponsor block
Ψ33Σ4690ΒΑ-ΟΦΩ,2022-04-18,ΧΕ 1-421,,,,no sponsor block
Ω2Ι44690ΒΑ-ΓΚ0,2022-04-18,ΧΕ 1-420,,,,no sponsor block
ΨΝΠΤ4690ΒΑ-Ρ9Τ,2022-04-18,ΧΕ 1-419,,,,no sponsor block
659Σ4690ΒΑ-6ΔΜ,2022-04-18,ΧΕ 1-418,,,,no sponsor block
ΨΝ3Σ4690ΒΑ-ΔΓΖ,2022-04-18,ΧΕ 1-417,,,,no sponsor block
6ΛΔΠ4690ΒΑ-Μ7Ρ,2022-04-18,ΧΕ 1-416,,,,no sponsor block
ΨΘΖΤ4690ΒΑ-ΜΙΝ,2022-04-18,ΧΕ 1-414,,,,no sponsor block
ΨΚΠ14690ΒΑ-ΡΨΗ,2022-04-18,ΧΕ 1-413,,,,no sponsor block
ΨΒΟ64690ΒΑ-ΓΟΘ,2022-04-18,ΧΕ 1-412,,,,no sponsor block
6ΦΧΗ4690ΒΑ-Σ0Τ,2022-04-18,ΧΕ 1-410,,,,no sponsor block
94ΔΩ4690ΒΑ-9Ο4,2022-04-18,ΧΕ 1-409,,,,no sponsor block
6ΖΣΣ4690ΒΑ-ΞΤΚ,2022-04-18,ΧΕ 1-408,,,,no sponsor block
ΨΣΧΡ4690ΒΑ-ΧΟ9,2022-04-18,ΧΕ 1-407,,,,no sponsor block
Ψ1ΘΠ4690ΒΑ-Ι2Η,2022-04-18,ΧΕ 1-406,,,,no sponsor block
6ΚΓ24690ΒΑ-7ΘΠ,2022-04-18,ΧΕ 1-405,,,,no sponsor block
Ψ9ΘΠ4690ΒΑ-46Ξ,2022-04-18,ΧΕ 1-403,,,,no sponsor block
6ΓΓΟ4690ΒΑ-Α7Ρ,2022-04-18,ΧΕ 1-402,,,,no sponsor block
6Θ824690ΒΑ-ΑΓ6,2022-04-18,ΧΕ 1-401,,,,no sponsor block
Ψ6ΨΗ4690ΒΑ-ΒΔΩ,2022-04-18,ΧΕ 1-400,,,,no sponsor block
Ω88Γ4690ΒΑ-Ε45,2022-04-18,ΧΕ 1-399,,,,no sponsor block
ΨΒΔΖ4690ΒΑ-Μ7Ν,2022-04-18,ΧΕ 1-398,,,,no sponsor block
668Γ4690ΒΑ-ΜΩ4,2022-04-18,ΧΕ 1-397,,,,no sponsor block
ΩΖΑΧ4690ΒΑ-Θ4Γ,2022-04-18,ΧΕ 1-395,,,,no sponsor block
ΩΖΖ74690ΒΑ-5ΣΡ,2022-04-18,ΧΕ 1-394,,,,no sponsor block
ΩΝΙΡ4690ΒΑ-Ο18,2022-04-18,ΧΕ 1-393,,,,no sponsor block
6ΟΗΟ4690ΒΑ-ΑΙΒ,2022-04-18,ΧΕ 1-392,,,,no sponsor block
ΩΧΚ94690ΒΑ-ΔΥΞ,2022-04-18,ΧΕ 1-391,,,,no sponsor block
ΨΘ744690ΒΑ-3Θ5,2022-04-06,ΧΕ 1-317,,,,no sponsor block
6ΑΚΓ4690ΒΑ-Ζ2Λ,2022-04-06,ΧΕ 1-316,,,,no sponsor block
Ψ66Ψ4690ΒΑ-3ΨΣ,2022-04-06,ΧΕ 1-315,,,,no sponsor block
Ψ2ΙΜ4690ΒΑ-ΕΘΧ,2022-04-06,ΧΕ 1-314,,,,no sponsor block
ΩΔΚ44690ΒΑ-Γ9Δ,2022-04-06,ΧΕ 1-313,,,,no sponsor block
94ΞΡ4690ΒΑ-5ΞΛ,2022-04-06,ΧΕ 1-312,,,,no sponsor block
9ΠΤΜ4690ΒΑ-Φ36,2022-04-05,ΧΕ 1-311,,,,no sponsor block
ΨΞ5Τ4690ΒΑ-ΩΒΨ,2022-04-05,ΧΕ 1-309,,,,no sponsor block
Ψ89Ω4690ΒΑ-ΦΘ7,2022-04-05,ΧΕ 1-308,,,,no sponsor block
ΩΧ6Λ4690ΒΑ-ΒΛΕ,2022-04-05,ΧΕ 1-307,,,,no sponsor block
ΩΤ7Γ4690ΒΑ-ΔΕ8,2022-04-05,ΧΕ 1-306,,,,no sponsor block
Ψ10Ν4690ΒΑ-ΓΦΩ,2022-04-05,ΧΕ 1-305,,,,no sponsor block
ΨΥΗΙ4690ΒΑ-ΚΘ0,2022-04-04,ΧΕ 1-302,,,,no sponsor block
ΨΖΞ74690ΒΑ-5Ψ1,2022-04-04,ΧΕ 1-301,,,,no sponsor block
ΨΙ4Η4690ΒΑ-ΡΗΟ,2022-04-04,ΧΕ 1-300,,,,no sponsor block
ΨΥΔ74690ΒΑ-Υ89,2022-04-04,ΧΕ 1-299,,,,no sponsor block
66ΗΗ4690ΒΑ-0ΒΓ,2022-04-04,ΧΕ 1-298,,,,no sponsor block
Ψ0ΨΙ4690ΒΑ-ΠΦΗ,2022-04-04,ΧΕ 1-297,,,,no sponsor block
65154690ΒΑ-ΔΚΞ,2022-04-04,ΧΕ 1-296,,,,no sponsor block
ΩΑΣ74690ΒΑ-6Θ9,2022-04-01,ΧΕ 1-295,,,,no sponsor block
Ω30Γ4690ΒΑ-0Α4,2022-04-01,ΧΕ 1-294,,,,no sponsor block
ΨΒ884690ΒΑ-Κ2Η,2022-04-01,ΧΕ 1-292,,,,no sponsor block
ΨΟΚΚ4690ΒΑ-ΕΨ3,2022-04-01,ΧΕ 1-291,,,,no sponsor block
660Κ4690ΒΑ-ΟΘΛ,2022-04-01,ΧΕ 1-290,,,,no sponsor block
Ψ6ΓΤ4690ΒΑ-ΓΜΣ,2022-04-01,ΧΕ 1-289,,,,no sponsor block
9ΓΙΧ4690ΒΑ-2ΡΟ,2022-04-01,ΧΕ 1-288,,,,no sponsor block
9Τ1Ζ4690ΒΑ-3ΕΓ,2022-04-01,ΧΕ 1-287,,,,no sponsor block
ΨΙΣΚ4690ΒΑ-8ΒΓ,2022-04-01,ΧΕ 1-286,,,,no sponsor block
ΨΚΞΚ4690ΒΑ-Ζ0Φ,2022-04-01,ΧΕ 1-283,,,,no sponsor block
67Η64690ΒΑ-134,2022-03-30,ΧΕ 1-275,,,,no sponsor block
ΨΣΖ44690ΒΑ-ΠΧΕ,2022-03-30,ΧΕ 1-274,,,,no sponsor block
ΨΤΠΠ4690ΒΑ-3ΙΣ,2022-03-11,ΧΕ 1-227,,,,no sponsor block
Ψ5ΝΕ4690ΒΑ-Τ6Ζ,2022-03-11,ΧΕ 1-226,,,,no sponsor block
ΨΖΜΣ4690ΒΑ-ΔΒΟ,2022-03-11,ΧΕ 1-225,,,,no sponsor block
9ΣΕΘ4690ΒΑ-ΘΑΙ,2022-03-11,ΧΕ 1-224,,,,no sponsor block
68ΡΑ4690ΒΑ-ΧΔ5,2022-03-11,ΧΕ 1-223,,,,no sponsor block
Ψ6Θ24690ΒΑ-Σ3Ν,2022-03-01,ΧΕ 1-184,,,,no sponsor block
9ΤΡ64690ΒΑ-ΟΓΥ,2022-03-01,ΧΕ 1-183,,,,no sponsor block
64ΑΘ4690ΒΑ-ΚΨΙ,2022-03-01,ΧΕ 1-182,,,,no sponsor block
61ΝΕ4690ΒΑ-7ΣΛ,2022-03-01,ΧΕ 1-181,,,,no sponsor block
69ΟΠ4690ΒΑ-Σ90,2022-03-01,ΧΕ 1-180,,,,no sponsor block
ΨΟ5Η4690ΒΑ-ΚΙΝ,2022-03-01,ΧΕ 1-179,,,,no sponsor block
96Α34690ΒΑ-2ΔΟ,2022-03-01,ΧΕ 1-178,,,,no sponsor block
ΨΟ2Ι4690ΒΑ-ΙΩ8,2022-03-01,ΧΕ 1-177,,,,no sponsor block
ΩΜΥΤ4690ΒΑ-0Θ0,2022-03-01,ΧΕ 1-176,,,,no sponsor block
Ω3Κ94690ΒΑ-ΓΝΕ,2022-03-01,ΧΕ 1-175,,,,no sponsor block
ΨΞΧΛ4690ΒΑ-ΓΨ2,2022-03-01,ΧΕ 1-174,,,,no sponsor block
66ΦΧ4690ΒΑ-ΤΘ2,2022-02-18,ΧΕ 1-147,,,,no sponsor block
99ΦΔ4690ΒΑ-ΧΟΔ,2022-02-18,ΧΕ1-145,,,,no sponsor block
Ω28Ω4690ΒΑ-662,2022-02-18,ΧΕ 1-144,,,,no sponsor block
61ΨΤ4690ΒΑ-ΣΨΛ,2022-02-01,ΧΕ 1-82,,,,no sponsor block
ΨΠΧ34690ΒΑ-ΚΣΙ,2022-02-01,ΧΕ 1-81,,,,no sponsor block
9ΞΡΜ4690ΒΑ-Ψ02,2022-02-01,ΧΕ 1-80,,,,no sponsor block
6ΖΠΛ4690ΒΑ-ΞΗΟ,2022-02-01,ΧΕ 1-79,,,,no sponsor block
614Τ4690ΒΑ-ΔΣΞ,2022-02-01,ΧΕ 1-78,,,,no sponsor block
6ΟΥΩ4690ΒΑ-ΒΥΗ,2022-02-01,ΧΕ 1-77,,,,no sponsor block
64954690ΒΑ-6ΙΜ,2022-02-01,ΧΕ 1-76,,,,no sponsor block
ΨΒΞ94690ΒΑ-3ΧΟ,2022-02-01,ΧΕ 1-75,,,,no sponsor block
ΩΑ4Φ4690ΒΑ-56Σ,2022-02-01,ΧΕ 1-73,,,,no sponsor block
Ψ3Ο74690ΒΑ-ΠΞΓ,2022-02-01,ΧΕ 1-74,,,,no sponsor block
93ΔΜ4690ΒΑ-ΔΚΤ,2022-02-01,ΧΕ 1-72,,,,no sponsor block
Ω55Χ4690ΒΑ-ΑΦΗ,2022-02-01,ΧΕ 1-71,,,,no sponsor block
6Γ3Υ4690ΒΑ-7Γ4,2022-02-01,ΧΕ 1-70,,,,no sponsor block
Ψ7ΙΜ4690ΒΑ-ΖΛΩ,2022-02-01,ΧΕ 1-69,,,,no sponsor block
69Ο34690ΒΑ-Ζ67,2022-02-01,ΧΕ 1-68,,,,no sponsor block
Ψ74Ψ4690ΒΑ-Ω87,2022-02-01,ΧΕ 1-67,,,,no sponsor block
6Ψ044690ΒΑ-ΝΩΡ,2022-02-01,ΧΕ 1-66,,,,no sponsor block
64Λ64690ΒΑ-Μ9Ε,2022-02-01,ΧΕ 1-65,,,,no sponsor block
975Η4690ΒΑ-ΚΧΩ,2022-02-01,ΧΕ 1-64,,,,no sponsor block
6ΥΓΨ4690ΒΑ-586,2022-02-01,ΧΕ 1-63,,,,no sponsor block
ΩΣΔΜ4690ΒΑ-ΜΝ3,2022-02-01,ΧΕ 1-62,,,,no sponsor block
ΨΙ8Ξ4690ΒΑ-ΘΜΝ,2022-02-01,ΧΕ 1-60,,,,no sponsor block
6ΖΡΠ4690ΒΑ-148,2022-02-01,ΧΕ 1-59,,,,no sponsor block
91Υ04690ΒΑ-ΡΞΕ,2022-02-01,ΧΕ 1-58,,,,no sponsor block
ΨΘΞΙ4690ΒΑ-8ΥΣ,2022-02-01,ΧΕ 1-57,,,,no sponsor block
ΨΟΨΔ4690ΒΑ-ΦΑΡ,2022-02-01,ΧΕ 1-56,,,,no sponsor block
Ω3Δ44690ΒΑ-ΠΓΥ,2022-02-01,ΧΕ 1-55,,,,no sponsor block
ΨΒΡ14690ΒΑ-Τ27,2022-02-01,ΧΕ 1-54,,,,no sponsor block
ΩΝ1Ν4690ΒΑ-ΤΟΨ,2022-02-01,ΧΕ 1-53,,,,no sponsor block
6ΚΛΙ4690ΒΑ-ΥΧ8,2022-02-01,ΧΕ-52,,,,no sponsor block
ΨΜΒΓ4690ΒΑ-ΣΣΞ,2022-02-01,ΧΕ 1-51,,,,no sponsor block
ΩΑΛΘ4690ΒΑ-2ΦΩ,2022-02-01,ΧΕ 1-50,,,,no sponsor block
ΨΣΙΚ4690ΒΑ-ΧΞ8,2022-02-01,ΧΕ 1-49,,,,no sponsor block
62Ε34690ΒΑ-Ρ7Υ,2022-01-19,ΧΕ 1-22,,,,no sponsor block
ΨΩΜΠ4690ΒΑ-ΞΘ6,2022-01-19,ΧΕ 1-21,,,,no sponsor block
ΨΤΡ44690ΒΑ-ΛΧ7,2022-01-19,ΧΕ 1-20,,,,no sponsor block
65ΣΚ4690ΒΑ-Ζ1Σ,2022-01-19,ΧΕ 1-19,,,,no sponsor block
ΨΗ9Ω4690ΒΑ-Χ9Λ,2022-01-19,ΧΕ 1-18,,,,no sponsor block
6ΒΦΔ4690ΒΑ-ΡΨ3,2022-01-19,ΧΕ 1-17,,,,no sponsor block
6ΙΛΧ4690ΒΑ-440,2022-01-19,ΧΕ 1-16,,,,no sponsor block
ΩΔ8Η4690ΒΑ-Υ74,2022-01-03,ΧΕ 1-12,,,,no sponsor block
6Τ7Β4690ΒΑ-ΚΓ2,2022-01-03,ΧΕ 1-11,,,,no sponsor block
61ΝΣ4690ΒΑ-ΥΧ3,2022-01-03,ΧΕ 1-10,,,,no sponsor block
6ΟΗΧ4690ΒΑ-ΔΦΔ,2022-01-03,ΧΕ1-9,,,,no sponsor block
6ΞΧ14690ΒΑ-30Ξ,2022-01-03,ΧΕ 1-8,,,,no sponsor block
6ΥΟΚ4690ΒΑ-ΧΤΔ,2022-01-03,ΧΕ 1-7,,,,no sponsor block
9Ξ3Π4690ΒΑ-ΝΓΙ,2022-01-03,ΧΕ 1-4,,,,no sponsor block
62554690ΒΑ-Ω0Ψ,2022-01-03,ΧΕ 1-6,,,,no sponsor block
Ρ9Ι24690ΒΑ-Π2Π,2022-01-03,ΧΕ 1-5,,,,no sponsor block
ΨΨ394690ΒΑ-ΥΦ4,2022-01-03,ΧΕ 1-3,,,,no sponsor block
Ψ9Π84690ΒΑ-Λ5Ο,2022-01-03,ΧΕ 1-2,,,,no sponsor block
ΨΞΑΦ4690ΒΑ-0Ν6,2022-01-03,ΧΕ-1,,,,no sponsor block
ΨΚ794690ΒΑ-ΠΝΧ,2022-10-24,ΧΕ 1-1564,,,,no sponsor block
9Λ9Τ4690ΒΑ-2ΑΤ,2022-10-24,ΧΕ 1-1563,,,,no sponsor block
ΨΠ844690ΒΑ-ΑΜΦ,2022-10-24,ΧΕ 1-1562,,,,no sponsor block
9ΓΞΞ4690ΒΑ-ΚΚΒ,2022-10-24,ΧΕ 1-1561,,,,no sponsor block
9Χ5Χ4690ΒΑ-ΤΩΕ,2022-10-24,ΧΕ 1-1560,,,,no sponsor block
63744690ΒΑ-ΣΑΤ,2022-10-18,ΧΕ 1-1542,,,,no sponsor block
ΩΜ634690ΒΑ-853,2022-10-18,ΧΕ 1-1539,,,,no sponsor block
6Ψ3Ω4690ΒΑ-7ΛΜ,2022-10-18,ΧΕ 1-1537,,,,no sponsor block
Ψ8784690ΒΑ-7ΔΜ,2022-10-18,ΧΕ 1-1535,,,,no sponsor block
Ψ8Ν74690ΒΑ-Ν6Λ,2022-10-18,ΧΕ  1-1534,,,,no sponsor block
ΨΞ984690ΒΑ-ΙΚΞ,2022-10-18,ΧΕ 1-1533,,,,no sponsor block
Ψ2754690ΒΑ-7ΘΣ,2022-10-18,ΧΕ 1-1531,,,,no sponsor block
9ΟΔΜ4690ΒΑ-311,2022-10-18,ΧΕ 1-1529,,,,no sponsor block
Ω8Τ74690ΒΑ-ΞΗΜ,2022-10-18,ΧΕ 1/1526,,,,no sponsor block
6Ρ9Μ4690ΒΑ-9ΨΔ,2022-10-18,ΧΕ 1-1523,,,,no sponsor block
ΨΑ2Φ4690ΒΑ-21Χ,2022-10-18,ΧΕ 1-1522,,,,no sponsor block
9Β2Φ4690ΒΑ-ΖΔΛ,2022-10-18,ΧΕ 1-1521,,,,no sponsor block
ΨΝΗΘ4690ΒΑ-9ΡΙ,2022-10-18,ΧΕ 1-1520,,,,no sponsor block
6Γ7Θ4690ΒΑ-ΓΧ9,2022-10-13,ΧΕ 1-1511,,,,no sponsor block
ΨΛΧΡ4690ΒΑ-2ΧΗ,2022-10-13,ΧΕ 1-1510,,,,no sponsor block
Ψ0Υ04690ΒΑ-6ΡΛ,2022-10-13,ΧΕ 1-1509,,,,no sponsor block
Ω8ΑΒ4690ΒΑ-ΞΛ3,2022-10-13,ΧΕ 1-1508,,,,no sponsor block
Ψ9ΘΛ4690ΒΑ-2Ε0,2022-10-13,ΧΕ 1-1507,,,,no sponsor block
ΨΚΩ64690ΒΑ-Κ7Π,2022-10-13,ΧΕ 1-1506,,,,no sponsor block
Ψ6ΩΟ4690ΒΑ-Λ3Ο,2022-10-13,ΧΕ 1-1505,,,,no sponsor block
6ΞΣ34690ΒΑ-ΙΓΞ,2022-10-13,ΧΕ 1-1504,,,,no sponsor block
9ΗΞΝ4690ΒΑ-Ρ9Π,2022-10-13,ΧΕ 1-1503,,,,no sponsor block
ΨΓΤΣ4690ΒΑ-ΒΞΚ,2022-10-13,ΧΕ 1-1502,,,,no sponsor block
ΨΟ114690ΒΑ-ΠΩΘ,2022-10-13,ΧΕ 1-1501,,,,no sponsor block
ΨΞ9Σ4690ΒΑ-ΕΓΖ,2022-10-13,ΧΕ 1-1500,,,,no sponsor block
Ψ86Υ4690ΒΑ-ΠΚΘ,2022-10-13,ΧΕ 1-1499,,,,no sponsor block
9ΩΥΕ4690ΒΑ-ΧΧ7,2022-10-13,ΧΕ 1-1498,,,,no sponsor block
ΨΔΖΙ4690ΒΑ-Η7Ο,2022-10-13,ΧΕ 1-1497,,,,no sponsor block
90ΠΝ4690ΒΑ-Δ4Υ,2022-10-13,ΧΕ 1-1496,,,,no sponsor block
6ΓΓΩ4690ΒΑ-2ΓΨ,2022-10-13,ΧΕ 1-1495,,,,no sponsor block
681Φ4690ΒΑ-774,2022-10-13,ΧΕ 1-1494,,,,no sponsor block
ΨΙΙΛ4690ΒΑ-ΔΓΦ,2022-10-13,ΧΕ 1-1493,,,,no sponsor block
6ΝΝΦ4690ΒΑ-Α5Τ,2022-10-11,ΧΕ 1-1491,,,,no sponsor block
6ΑΖ44690ΒΑ-25Π,2022-10-11,ΧΕ 1-1490,,,,no sponsor block
ΡΩΔΙ4690ΒΑ-ΟΤ2,2022-10-11,ΧΕ 1-1489,,,,no sponsor block
64ΙΓ4690ΒΑ-5ΡΖ,2022-10-11,ΧΕ 1-1488,,,,no sponsor block
9ΠΠΧ4690ΒΑ-ΥΗΟ,2022-10-11,ΧΕ 1-1487,,,,no sponsor block
9Β094690ΒΑ-Υ3Λ,2022-10-11,ΧΕ 1-1486,,,,no sponsor block
6ΘΝΥ4690ΒΑ-8ΒΑ,2022-10-11,ΧΕ 1-1485,,,,no sponsor block
ΨΥΨΘ4690ΒΑ-ΣΨΚ,2022-10-11,ΧΕ 1-1484,,,,no sponsor block
9ΖΨΓ4690ΒΑ-Γ0Χ,2022-10-06,ΧΕ 1-1472,,,,no sponsor block
ΨΚΛΟ4690ΒΑ-ΑΟΚ,2022-10-03,ΧΕ 1-1457,,,,no sponsor block
64ΧΝ4690ΒΑ-ΣΨ0,2022-10-03,ΧΕ 1-1456,,,,no sponsor block
ΨΨ8Ε4690ΒΑ-86Ο,2022-10-03,ΧΕ 1-1455,,,,no sponsor block
ΨΖΗΝ4690ΒΑ-Ξ7Λ,2022-10-03,ΧΕ 1-1454,,,,no sponsor block
Ψ8ΩΖ4690ΒΑ-10Σ,2022-10-03,ΧΕ 1-1453,,,,no sponsor block
69Ε54690ΒΑ-9Υ3,2022-10-03,ΧΕ 1-1452,,,,no sponsor block
97Δ14690ΒΑ-9ΦΓ,2022-10-03,ΧΕ 1-1451,,,,no sponsor block
ΨΓ9Σ4690ΒΑ-Ι5Ω,2022-10-03,ΧΕ 1-1450,,,,no sponsor block
6ΟΑΨ4690ΒΑ-3Ν1,2022-10-03,ΧΕ 1-1449,,,,no sponsor block
ΨΓΣΥ4690ΒΑ-ΒΒ3,2022-09-20,ΧΕ 1-1352,,,,no sponsor block
ΨΚΤ84690ΒΑ-95Γ,2022-09-16,ΧΕ 1-1345,,,,no sponsor block
65ΝΙ4690ΒΑ-Σ7Ω,2022-09-16,ΧΕ 1-1343,,,,no sponsor block
966Τ4690ΒΑ-ΧΘΗ,2022-09-16,ΧΕ 1-1342,,,,no sponsor block
6Μ6Θ4690ΒΑ-Α2Ω,2022-09-16,ΧΕ 1-1340,,,,no sponsor block
6ΩΘ04690ΒΑ-ΕΨΕ,2022-09-16,ΧΕ 1-1339,,,,no sponsor block
67ΥΙ4690ΒΑ-4Ι6,2022-09-16,ΧΕ  1-1337,,,,no sponsor block
6ΩΦΚ4690ΒΑ-4Ε7,2022-09-16,ΧΕ 1-1338,,,,no sponsor block
6ΔΧ54690ΒΑ-ΗΟΞ,2022-09-16,ΧΕ 1-1336,,,,no sponsor block
ΨΛΡΠ4690ΒΑ-Π91,2022-09-16,ΧΕ 1-1335,,,,no sponsor block
Ψ2ΞΜ4690ΒΑ-29Υ,2022-09-16,ΧΕ 1-1334,,,,no sponsor block
ΨΖ3Λ4690ΒΑ-83Σ,2022-09-16,ΧΕ 1-1333,,,,no sponsor block
Ω8ΒΥ4690ΒΑ-Ψ5Μ,2022-09-16,ΧΕ 1-1332,,,,no sponsor block
994Ι4690ΒΑ-7ΜΛ,2022-09-16,ΧΕ 1-1331,,,,no sponsor block
Ω2Λ14690ΒΑ-Ρ96,2022-09-16,ΧΕ 1-1330,,,,no sponsor block
6ΘΤΒ4690ΒΑ-3ΛΜ,2022-09-16,ΧΕ 1-1329,,,,no sponsor block
6ΡΘ54690ΒΑ-ΗΦΝ,2022-09-16,ΧΕ 1-1328,,,,no sponsor block
6ΕΟΤ4690ΒΑ-8Ε4,2022-09-16,ΧΕ 1-1327,,,,no sponsor block
6ΟΟ94690ΒΑ-ΗΛΜ,2022-09-16,ΧΕ 1-1326,,,,no sponsor block
ΨΖΤΒ4690ΒΑ-46Ω,2022-09-16,ΧΕ 1-1325,,,,no sponsor block
ΨΜΝΡ4690ΒΑ-ΓΙΨ,2022-09-16,ΧΕ 1-1324,,,,no sponsor block
62ΟΗ4690ΒΑ-Σ4Θ,2022-09-16,ΧΕ 1-1323,,,,no sponsor block
Ψ5ΒΞ4690ΒΑ-ΜΣΟ,2022-09-16,ΧΕ 1-1322,,,,no sponsor block
63ΧΞ4690ΒΑ-ΕΗΡ,2022-09-16,ΧΕ 1-1321,,,,no sponsor block
ΨΑΕΕ4690ΒΑ-ΝΜΒ,2022-09-16,ΧΕ 1-1320,,,,no sponsor block
6Γ0Α4690ΒΑ-Ξ24,2022-09-16,ΧΕ 1-1319,,,,no sponsor block
ΨΤ9Υ4690ΒΑ-ΨΣΗ,2022-09-16,ΧΕ 1-1318,,,,no sponsor block
ΨΠ104690ΒΑ-ΤΚΟ,2022-09-16,χε 1-1316,,,,no sponsor block
6ΔΚ14690ΒΑ-ΩΑ2,2022-09-16,ΧΕ 1-1317,,,,no sponsor block
ΨΝΨ44690ΒΑ-ΔΙΘ,2022-09-15,ΧΕ 1-1312,,,,no sponsor block
6ΥΚΤ4690ΒΑ-Υ6Ν,2022-09-15,ΧΕ 1-1313,,,,no sponsor block
6ΛΖΩ4690ΒΑ-ΨΛΘ,2022-09-15,ΧΕ 1-1314,,,,no sponsor block
ΨΣ7Η4690ΒΑ-ΨΣΑ,2022-09-15,ΧΕ 1-1310,,,,no sponsor block
ΨΩΔ54690ΒΑ-5ΔΛ,2022-09-15,ΧΕ 1-1309,,,,no sponsor block
6ΙΙΨ4690ΒΑ-ΕΔ7,2022-09-15,ΧΕ 1-1308,,,,no sponsor block
9ΠΑ24690ΒΑ-0Ρ7,2022-09-15,ΧΕ 1-1307,,,,no sponsor block
ΨΗ034690ΒΑ-6ΞΑ,2022-09-15,ΧΕ 1-1305,,,,no sponsor block
ΨΜΟΨ4690ΒΑ-ΠΔΓ,2022-09-15,ΧΕ 1-1306,,,,no sponsor block
9ΡΝΟ4690ΒΑ-ΕΝ0,2022-09-15,ΧΕ 1-1304,,,,no sponsor block
ΨΨΡΚ4690ΒΑ-ΩΘΦ,2022-09-15,ΧΕ 1-1303,,,,no sponsor block
9ΗΠΛ4690ΒΑ-ΩΥ3,2022-09-15,ΧΕ 1-1302,,,,no sponsor block
6Ν834690ΒΑ-Θ09,2022-09-15,ΧΕ 1-1301,,,,no sponsor block
6ΞΑΨ4690ΒΑ-9ΟΒ,2022-09-15,ΧΕ 1-1300,,,,no sponsor block
ΩΣ024690ΒΑ-ΜΙΩ,2022-09-15,ΧΕ 1-1299,,,,no sponsor block
63ΟΔ4690ΒΑ-ΕΤΟ,2022-09-15,ΧΕ 1-1298,,,,no sponsor block
9ΓΛ54690ΒΑ-ΡΑΩ,2022-09-15,ΧΕ 1-1297,,,,no sponsor block
96ΔΙ4690ΒΑ-ΒΗ1,2022-09-15,ΧΕ 1-1296,,,,no sponsor block
64194690ΒΑ-Ζ1Τ,2022-09-02,ΧΕ 1-1217,,,,no sponsor block
9ΣΟΠ4690ΒΑ-Ζ2Ι,2022-09-01,ΧΕ 1-1211,,,,no sponsor block
9ΟΕΧ4690ΒΑ-ΥΡΕ,2022-09-01,ΧΕ 1-1210,,,,no sponsor block
6ΖΖΧ4690ΒΑ-ΛΞ2,2022-09-01,ΧΕ 1-1209,,,,no sponsor block
97ΞΩ4690ΒΑ-ΨΝΙ,2022-09-01,ΧΕ 1-1208,,,,no sponsor block
97ΕΑ4690ΒΑ-ΦΝΨ,2022-09-01,ΧΕ 1207,,,,no sponsor block
696Ε4690ΒΑ-Ψ7Υ,2022-09-01,ΧΕ 1-1205,,,,no sponsor block
ΨΥΘ04690ΒΑ-ΣΥΜ,2022-09-01,ΧΕ 1-1204,,,,no sponsor block
Ψ68Γ4690ΒΑ-ΕΒΘ,2022-09-01,ΧΕ 1-1203,,,,no sponsor block
6ΗΤΡ4690ΒΑ-7ΣΟ,2022-09-01,ΧΕ 1-1202,,,,no sponsor block
ΨΗΞ94690ΒΑ-Λ20,2022-09-01,ΧΕ 1-1201,,,,no sponsor block
Ψ74Ξ4690ΒΑ-Ω7Ο,2022-09-01,ΧΕ 1-1200,,,,no sponsor block
Ψ9294690ΒΑ-ΑΚ7,2022-08-19,ΧΕ 1-1149,,,,no sponsor block
ΨΠΥΠ4690ΒΑ-80Ζ,2022-08-19,ΧΕ 1-1148,,,,no sponsor block
96Σ04690ΒΑ-ΟΚΡ,2022-08-19,ΧΕ 1-1147,,,,no sponsor block
Ω8ΧΜ4690ΒΑ-ΥΔ5,2022-08-19,ΧΕ 1-1146,,,,no sponsor block
ΩΔΙΠ4690ΒΑ-Θ3Ψ,2022-08-19,ΧΕ 1-1145,,,,no sponsor block
ΨΨΙ04690ΒΑ-ΒΟΟ,2022-08-18,ΧΕ 1-1144,,,,no sponsor block
99ΛΕ4690ΒΑ-ΙΤ7,2022-08-18,ΧΕ 1-1143,,,,no sponsor block
6Υ9Α4690ΒΑ-6ΥΥ,2022-08-18,ΧΕ 1-1142,,,,no sponsor block
99ΧΨ4690ΒΑ-ΙΜΝ,2022-08-18,ΧΕ 1-1141,,,,no sponsor block
ΩΤ8Π4690ΒΑ-Γ4Θ,2022-08-18,ΧΕ 1-1140,,,,no sponsor block
67914690ΒΑ-ΩΛΧ,2022-08-18,ΧΕ 1-1139,,,,no sponsor block
ΨΓ9Σ4690ΒΑ-ΥΘΘ,2022-08-18,ΧΕ 1-1138,,,,no sponsor block
6Π4Ι4690ΒΑ-ΚΑΛ,2022-08-18,ΧΕ 1-1137,,,,no sponsor block
64ΜΨ4690ΒΑ-ΔΧΝ,2022-08-18,ΧΕ 1-1136,,,,no sponsor block
Ω5ΟΠ4690ΒΑ-Α09,2022-08-18,ΧΕ 1-1135,,,,no sponsor block
97Β74690ΒΑ-3ΓΓ,2022-08-01,ΧΕ 1-1098,,,,no sponsor block
6ΦΔ54690ΒΑ-Ψ58,2022-08-01,ΧΕ 1-1097,,,,no sponsor block
ΨΔΑΟ4690ΒΑ-ΞΚΨ,2022-08-01,ΧΕ 1-1096,,,,no sponsor block
ΨΟΨ54690ΒΑ-Π1Τ,2022-08-01,ΧΕ 1-1095,,,,no sponsor block
9ΥΠ14690ΒΑ-ΦΡΗ,2022-08-01,ΧΕ 1-1094,,,,no sponsor block
Ψ44Π4690ΒΑ-2ΡΑ,2022-08-01,ΧΕ 1-1093,,,,no sponsor block
Ω2ΒΜ4690ΒΑ-ΟΦΚ,2022-08-01,ΧΕ 1-1092,,,,no sponsor block
ΨΨΨ54690ΒΑ-ΜΥΒ,2022-08-01,ΧΕ 1-1091,,,,no sponsor block
ΨΤ1Γ4690ΒΑ-Υ7Ω,2022-08-01,ΧΕ 1-1090,,,,no sponsor block
ΩΖΟΒ4690ΒΑ-496,2022-08-01,ΧΕ 1-1089,,,,no sponsor block
6ΑΩΤ4690ΒΑ-ΚΙΚ,2022-08-01,ΧΕ 1-1088,,,,no sponsor block
ΨΞΛ34690ΒΑ-ΨΦΧ,2022-08-01,ΧΕ 1-1086,,,,no sponsor block
92ΞΧ4690ΒΑ-Υ11,2022-07-28,ΧΕ 1-1084,,,,no sponsor block
9Ω944690ΒΑ-Χ0Μ,2022-07-28,ΧΕ 1-1083,,,,no sponsor block
9Ε544690ΒΑ-95Ι,2022-07-28,ΧΕ 1-1082,,,,no sponsor block
6Χ3Ι4690ΒΑ-724,2022-07-28,ΧΕ 1-1081,,,,no sponsor block
ΨΦ1Φ4690ΒΑ-Ν55,2022-07-28,ΧΕ 1-1080,,,,no sponsor block
9ΓΝΒ4690ΒΑ-ΣΥΖ,2022-07-28,ΧΕ 1-1079,,,,no sponsor block
ΨΡΟΡ4690ΒΑ-ΕΞ3,2022-07-28,ΧΕ 1-1078,,,,no sponsor block
ΩΖ9Γ4690ΒΑ-ΘΑΚ,2022-07-28,ΧΕ 1-1077,,,,no sponsor block
98Ψ34690ΒΑ-Η9Λ,2022-07-28,ΧΕ 1-1075,,,,no sponsor block
6ΩΚΛ4690ΒΑ-1ΞΑ,2022-07-28,ΧΕ 1-1074,,,,no sponsor block
6Λ6Μ4690ΒΑ-ΔΘΒ,2022-07-28,ΧΕ 1-1073,,,,no sponsor block
ΨΒ4Ω4690ΒΑ-Φ7Ι,2022-07-28,ΧΕ 1-1072,,,,no sponsor block
ΩΜΤΩ4690ΒΑ-ΡΜΡ,2022-07-28,ΧΕ 1-1071,,,,no sponsor block
Ψ1ΕΑ4690ΒΑ-ΕΨΓ,2022-07-28,ΧΕ 1-1069,,,,no sponsor block
ΨΑ974690ΒΑ-ΛΜΣ,2022-07-28,ΧΕ 1-1068,,,,no sponsor block
65194690ΒΑ-Ρ5Ρ,2022-07-28,ΧΕ 1-1067,,,,no sponsor block
ΨΓΩΔ4690ΒΑ-ΒΧΜ,2022-07-28,ΧΕ 1-1066,,,,no sponsor block
6ΕΩΙ4690ΒΑ-1ΔΒ,2022-07-01,ΧΕ 1-976,,,,no sponsor block
6ΑΖΚ4690ΒΑ-ΤΥΠ,2022-07-01,ΧΕ 1-975,,,,no sponsor block
ΨΣΗΚ4690ΒΑ-ΙΧΓ,2022-07-01,ΧΕ 1-974,,,,no sponsor block
97Ο24690ΒΑ-0ΩΓ,2022-07-01,ΧΕ 1-973,,,,no sponsor block
9ΒΕΕ4690ΒΑ-Υ7Ω,2022-07-01,ΧΕ 1-972,,,,no sponsor block
ΨΔΙ04690ΒΑ-7Μ8,2022-07-01,ΧΕ 1-971,,,,no sponsor block
6Λ0Η4690ΒΑ-8Υ3,2022-07-01,ΧΕ 1-970,,,,no sponsor block
6Ν8Χ4690ΒΑ-7ΥΕ,2022-07-01,ΧΕ 1-969,,,,no sponsor block
ΩΖ9Π4690ΒΑ-ΒΟΟ,2022-07-01,ΧΕ 1-968,,,,no sponsor block
Ψ7Β44690ΒΑ-ΨΗΤ,2022-07-01,ΧΕ 1-967,,,,no sponsor block
ΨΔΕΡ4690ΒΑ-ΒΨΣ,2022-07-01,χε 1-966,,,,no sponsor block
ΨΚΥΓ4690ΒΑ-Ρ1Ρ,2022-07-01,χε 1-965,,,,no sponsor block
67724690ΒΑ-ΜΛΟ,2022-07-01,ΧΕ 1-964,,,,no sponsor block
6Ψ2Υ4690ΒΑ-Κ2Μ,2022-07-01,Χ 1-963,,,,no sponsor block
6ΞΑΦ4690ΒΑ-ΥΛ9,2022-07-01,ΧΕ 1-962,,,,no sponsor block
6ΕΖ64690ΒΑ-15Ι,2022-07-01,ΧΕ 1-961,,,,no sponsor block
ΨΑΛ14690ΒΑ-ΒΣΙ,2022-06-22,ΧΕ 1-909,,,,no sponsor block
Ω21Γ4690ΒΑ-27Μ,2022-06-22,ΧΕΠ 1-908,,,,no sponsor block
6ΔΦΒ4690ΒΑ-Υ5Φ,2022-06-22,ΧΕ 1-907,,,,no sponsor block
ΨΟΖ04690ΒΑ-3ΘΒ,2022-06-22,ΧΕ 1-906,,,,no sponsor block
ΨΛ544690ΒΑ-Χ1Ρ,2022-06-22,ΧΕ 1-903,,,,no sponsor block
6ΣΠΟ4690ΒΑ-Υ26,2022-06-22,ΧΕ 1-904,,,,no sponsor block
Ψ48Ρ4690ΒΑ-ΨΒΗ,2022-06-22,ΧΕΠ 1-900,,,,no sponsor block
ΩΖΣΦ4690ΒΑ-ΣΓΓ,2022-06-22,ΧΕ 1-899,,,,no sponsor block
6ΡΙΜ4690ΒΑ-Κ6Γ,2022-06-22,ΧΕ 1-899,,,,no sponsor block
6ΡΞΝ4690ΒΑ-ΙΤ6,2022-06-22,ΧΕΠ 1-897,,,,no sponsor block
Ψ4ΦΨ4690ΒΑ-Λ3Δ,2022-06-22,ΧΕ 1-898,,,,no sponsor block
Ρ6Ε54690ΒΑ-ΤΙΗ,2022-06-22,ΧΕ 1-896,,,,no sponsor block
ΡΚΜΨ4690ΒΑ-ΔΩΧ,2022-06-22,ΧΕ 1-895,,,,no sponsor block
6Ε8Ω4690ΒΑ-ΧΕ5,2022-06-22,ΧΕ 1-894,,,,no sponsor block
Ψ1ΛΟ4690ΒΑ-ΙΔΔ,2022-06-22,ΧΕ 1-893,,,,no sponsor block
9Α3Λ4690ΒΑ-ΜΜΕ,2022-06-22,ΧΕ 1-891,,,,no sponsor block
ΡΩΞΞ4690ΒΑ-ΚΔΑ,2022-06-22,ΧΕ 1-892,,,,no sponsor block
68Ν44690ΒΑ-85Ο,2022-06-22,ΧΕ 1-890,,,,no sponsor block
Ρ3ΗΦ4690ΒΑ-ΗΑΩ,2022-06-22,ΧΕ 1-888,,,,no sponsor block
9ΤΚΛ4690ΒΑ-Κ0Υ,2022-06-22,ΧΕΠ 1-887,,,,no sponsor block
9Μ7Ο4690ΒΑ-Ξ0Ζ,2022-06-22,ΧΕΠ 1-887,,,,no sponsor block
ΡΛ6Τ4690ΒΑ-ΕΤΛ,2022-06-22,ΧΕ 1-889,,,,no sponsor block
9ΥΘ34690ΒΑ-ΓΥΜ,2022-06-22,ΧΕΠ 1-887,,,,no sponsor block
ΡΡΧ04690ΒΑ-ΦΓΙ,2022-06-22,ΧΕΠ 1-885,,,,no sponsor block
ΨΙΔΓ4690ΒΑ-00Η,2022-06-22,ΧΕ 1-886,,,,no sponsor block
6ΛΓ54690ΒΑ-ΖΓΛ,2022-06-22,ΧΕ 1-884,,,,no sponsor block
6Γ414690ΒΑ-ΨΩΠ,2022-06-22,ΧΕΠ 1-883,,,,no sponsor block
9Δ734690ΒΑ-Ο65,2022-06-22,ΧΕ 1-882,,,,no sponsor block
9Υ5Φ4690ΒΑ-3ΗΒ,2022-06-22,ΧΕΠ 1-881,,,,no sponsor block
9Φ3Τ4690ΒΑ-Ρ9Π,2022-06-22,ΧΕ 1-875,,,,no sponsor block
ΨΨ1Υ4690ΒΑ-Ζ65,2022-06-22,ΧΕ 1-880,,,,no sponsor block
9ΜΦΟ4690ΒΑ-ΧΡΥ,2022-06-22,ΧΕ 1-879,,,,no sponsor block
ΨΙΟΖ4690ΒΑ-Υ86,2022-06-22,ΧΕΠ 1-878,,,,no sponsor block
Ψ7ΖΕ4690ΒΑ-74Ω,2022-06-22,ΧΕΠ 1-877,,,,no sponsor block
Ω8ΓΩ4690ΒΑ-Μ0Ε,2022-06-22,ΧΕ 1-876,,,,no sponsor block
6ΧΡΔ4690ΒΑ-7ΛΟ,2022-06-22,ΧΕΠ 1-874,,,,no sponsor block
967Μ4690ΒΑ-ΒΗΣ,2022-06-22,ΧΕΠ 1-873,,,,no sponsor block
9ΔΖ34690ΒΑ-Θ2Ω,2022-06-22,ΧΕ 1-872,,,,no sponsor block
6Ξ5Μ4690ΒΑ-ΧΘ3,2022-06-22,ΧΕ 1-871,,,,no sponsor block
ΩΧΗ64690ΒΑ-ΠΩΑ,2022-06-22,ΧΕ 1-870,,,,no sponsor block
6Θ3Β4690ΒΑ-5Ο6,2022-06-22,ΧΕ 1-869,,,,no sponsor block
ΩΖ914690ΒΑ-Κ90,2022-06-20,ΧΕ 1-847,,,,no sponsor block
66ΑΘ4690ΒΑ-90Λ,2022-06-20,ΧΕ 1-846,,,,no sponsor block
62ΒΒ4690ΒΑ-Ι6Τ,2022-06-16,ΧΕ 1-825,,,,no sponsor block
ΨΛΟΜ4690ΒΑ-Φ7Φ,2022-06-16,ΧΕ 1-824,,,,no sponsor block
Ω8ΞΦ4690ΒΑ-5ΡΝ,2022-06-16,ΧΕ 1-821,,,,no sponsor block
9Π6Ζ4690ΒΑ-7Β5,2022-06-16,ΧΕ 1-820,,,,no sponsor block
65ΓΨ4690ΒΑ-79Ο,2022-06-16,ΧΕ 1-819,,,,no sponsor block
ΩΑ9Σ4690ΒΑ-ΛΞΡ,2022-06-16,ΧΕ 1-815,,,,no sponsor block
ΨΧΙ24690ΒΑ-57Χ,2022-06-16,ΧΕ 1-814,,,,no sponsor block
ΨΓΟ74690ΒΑ-Ν53,2022-06-16,ΧΕ 1-813,,,,no sponsor block
ΨΓ984690ΒΑ-3ΘΠ,2022-06-16,ΧΕ 1-812,,,,no sponsor block
ΨΘΨΖ4690ΒΑ-ΡΦ2,2022-06-09,ΧΕΠ 1-772,094456875,SIEMENS HEALTHCARE ΜΟΝΟΠΡΟΣΩΠΗ  ΑΝΩΝΥΜΟΣ ΒΙΟΜΗΧΑΝΙΚΗ ΚΑΙ ΕΜΠΟΡΙΚΗ ΕΤΑΙΡΕΙΑ,-288.90,negative amount
6Τ2Φ4690ΒΑ-Π97,2022-06-09,ΧΕ 1-759,,,,no sponsor block
ΨΨΩΨ4690ΒΑ-ΣΟΕ,2022-06-09,ΧΕ 1-758,,,,no sponsor block
ΨΜΜΠ4690ΒΑ-ΖΘΣ,2022-06-09,ΧΕ 1-757,,,,no sponsor block
ΨΧΣ44690ΒΑ-ΙΥΤ,2022-06-09,ΧΕ 1-756,,,,no sponsor block
ΩΣ764690ΒΑ-Ω3Σ,2022-06-09,ΧΕ 1-755,,,,no sponsor block
6ΦΘΟ4690ΒΑ-8ΙΖ,2022-06-01,ΧΕ 1-695,,,,no sponsor block
Ψ36Ο4690ΒΑ-Λ9Ξ,2022-06-01,ΧΕ 1-694,,,,no sponsor block
6ΙΕΙ4690ΒΑ-ΒΓΝ,2022-06-01,ΧΕ 1-693,,,,no sponsor block
6ΡΠΙ4690ΒΑ-8Σ3,2022-06-01,ΧΕ 1-692,,,,no sponsor block
9ΚΦΗ4690ΒΑ-8Μ3,2022-06-01,ΧΕ 1-691,,,,no sponsor block
Ψ82Ο4690ΒΑ-8ΥΨ,2022-06-01,ΧΕ 1-690,,,,no sponsor block
ΨΤΛΝ4690ΒΑ-ΜΤΣ,2022-06-01,ΧΕ 1-688,,,,no sponsor block
94ΞΣ4690ΒΑ-ΥΜΛ,2022-06-01,ΧΕ 1-687,,,,no sponsor block
Ω21Λ4690ΒΑ-Β31,2022-06-01,ΧΕ 1-686,,,,no sponsor block
ΩΔ844690ΒΑ-Η6Α,2022-06-01,ΧΕ 1-685,,,,no sponsor block
Ψ5Α64690ΒΑ-1Η8,2022-06-01,ΧΕ 1-684,,,,no sponsor block
620Ι4690ΒΑ-ΣΓ6,2022-06-01,ΧΕ 1-683,,,,no sponsor block
62ΧΒ4690ΒΑ-Ξ24,2023-03-16,ΧΕ 1-317,,,,no sponsor block
ΨΜΡ24690ΒΑ-Α5Δ,2023-03-16,ΧΕ 1-315,,,,no sponsor block
63Ν34690ΒΑ-ΓΤΥ,2023-03-16,ΧΕ 1-313,,,,no sponsor block
ΩΜ294690ΒΑ-Ν1Μ,2023-03-16,ΧΕ 1-312,,,,no sponsor block
ΨΖΕΕ4690ΒΑ-ΔΛΗ,2023-03-16,ΧΕ 1-311,,,,no sponsor block
ΨΖΩ94690ΒΑ-ΩΙ2,2023-03-16,ΧΕ 1-310,,,,no sponsor block
92ΒΥ4690ΒΑ-79Α,2023-03-16,ΧΕ 1-309,,,,no sponsor block
6ΒΨΚ4690ΒΑ-Τ4Β,2023-03-16,ΧΕ 1-308,,,,no sponsor block
9ΨΖ44690ΒΑ-372,2023-03-16,ΧΕ 1-307,,,,no sponsor block
6ΜΖΖ4690ΒΑ-ΡΒΗ,2023-03-16,ΧΕ 1-306,,,,no sponsor block
96Ν64690ΒΑ-ΔΚΞ,2023-03-16,ΧΕ 1-305,,,,no sponsor block
ΨΔ604690ΒΑ-30Μ,2023-03-16,ΧΕ 1-304,,,,no sponsor block
65ΦΧ4690ΒΑ-Σ4Ι,2023-03-16,ΧΕ 1-303,,,,no sponsor block
6ΥΖ44690ΒΑ-ΖΜΑ,2023-03-16,ΧΕ 1-302,,,,no sponsor block
97ΜΓ4690ΒΑ-ΘΨΤ,2023-03-16,ΧΕ 1-300,,,,no sponsor block
ΨΓΔ74690ΒΑ-8Τ2,2023-03-16,ΧΕ 1-299,,,,no sponsor block
Ψ2ΞΞ4690ΒΑ-ΞΨ3,2023-03-16,ΧΕ 1-297,,,,no sponsor block
ΩΧ1Γ4690ΒΑ-ΑΒ4,2023-03-16,ΧΕ 1-196,,,,no sponsor block
99384690ΒΑ-Γ7Δ,2023-03-01,ΧΕ 1-210,,,,no sponsor block
66ΘΒ4690ΒΑ-1Δ8,2023-03-01,ΧΕ 1-208,,,,no sponsor block
6Λ5Μ4690ΒΑ-Λ4Κ,2023-03-01,ΧΕ 1-206,,,,no sponsor block
6ΔΤ74690ΒΑ-9ΣΝ,2023-03-01,ΧΕ 1-205,,,,no sponsor block
99724690ΒΑ-ΩΞΨ,2023-03-01,ΧΕ  1-203,,,,no sponsor block
6Λ674690ΒΑ-ΡΚΒ,2023-03-01,ΧΕ 1-202,,,,no sponsor block
9Υ6Η4690ΒΑ-Π1Ε,2023-03-01,ΧΕ 1-201,,,,no sponsor block
Ω8ΚΞ4690ΒΑ-ΥΑΦ,2023-03-01,ΧΕ 1-199,,,,no sponsor block
Ψ9ΕΓ4690ΒΑ-807,2023-03-01,ΧΕ 1-198,,,,no sponsor block
ΨΔ7Φ4690ΒΑ-ΡΛΦ,2023-03-01,ΧΕ 1-197,,,,no sponsor block
Ψ9ΧΙ4690ΒΑ-ΤΚΖ,2023-03-01,ΧΕ 1-196,,,,no sponsor block
64ΦΥ4690ΒΑ-ΕΦΡ,2023-02-14,ΧΕΠ 1-155,,,,no sponsor block
6Ι084690ΒΑ-Α3Ω,2023-02-14,ΧΕΠ 1-156,,,,no sponsor block
9Ε834690ΒΑ-ΠΣ7,2023-02-14,ΧΕΠ 1-157,,,,no sponsor block
9ΓΛ64690ΒΑ-ΛΙ0,2023-02-14,ΧΕΠ 1-153,,,,no sponsor block
9Ι3Π4690ΒΑ-ΨΜΗ,2023-02-14,ΧΕΠ 1-152,,,,no sponsor block
ΩΝΤ34690ΒΑ-ΛΥ7,2023-02-14,ΧΕΠ 1-151,,,,no sponsor block
61814690ΒΑ-ΛΝ9,2023-02-14,ΧΕΠ 1-149,,,,no sponsor block
ΨΓ684690ΒΑ-84Υ,2023-02-14,ΧΕΠ 1-147,,,,no sponsor block
6ΦΣΚ4690ΒΑ-Ρ6Κ,2023-02-14,ΧΕΠ 1-145,,,,no sponsor block
6Τ2Ν4690ΒΑ-ΟΦ2,2023-02-14,ΧΕΠ 1-144,,,,no sponsor block
9ΒΜ54690ΒΑ-ΟΨ4,2023-02-14,ΧΕΠ 1-143,,,,no sponsor block
Ω8Μ64690ΒΑ-ΒΗ6,2023-02-14,ΧΕΠ 1-139,,,,no sponsor block
6Ρ364690ΒΑ-ΘΥΨ,2023-02-14,ΧΕΠ 1-140,,,,no sponsor block
9Ρ684690ΒΑ-Α76,2023-02-14,ΧΕΠ 1-141,,,,no sponsor block
6Λ1Ψ4690ΒΑ-8ΡΙ,2023-02-14,ΧΕΠ 1-142,,,,no sponsor block
6Ξ7Ρ4690ΒΑ-ΑΦΙ,2023-02-14,ΧΕ 1-154,,,,no sponsor block
ΨΚΥ44690ΒΑ-ΗΨΣ,2023-02-14,ΧΕ 1-150,,,,no sponsor block
9ΟΒΝ4690ΒΑ-5ΗΨ,2023-02-14,ΧΕ 1-148,,,,no sponsor block
91Δ54690ΒΑ-21Σ,2023-02-14,ΧΕΠ 1-137,,,,no sponsor block
97ΜΓ4690ΒΑ-Ρ7Τ,2023-02-01,ΧΕ 1-70,,,,no sponsor block
Ρ6Γ14690ΒΑ-43Χ,2023-02-01,ΧΕ 1-69,,,,no sponsor block
6ΟΗΜ4690ΒΑ-Μ71,2023-02-01,ΧΕ 1-67,,,,no sponsor block
96ΒΗ4690ΒΑ-3Χ3,2023-02-01,ΧΕ 1-65,,,,no sponsor block
6Χ8Φ4690ΒΑ-Μ2Ξ,2023-02-01,ΧΕ 1-64,,,,no sponsor block
ΨΔ724690ΒΑ-1ΙΗ,2023-02-01,χε 1-63,,,,no sponsor block
9ΤΝΒ4690ΒΑ-Σ1Μ,2023-02-01,ΧΕ 1-62,,,,no sponsor block
ΨΥ2Ψ4690ΒΑ-Η6Ψ,2023-02-01,ΧΕ 1-61,,,,no sponsor block
ΨΘΒΧ4690ΒΑ-03Ζ,2023-02-01,ΧΕ 1-60,,,,no sponsor block
Ψ9ΕΓ4690ΒΑ-ΨΤΩ,2023-02-01,ΧΕ 1-59,,,,no sponsor block
65ΓΧ4690ΒΑ-ΝΧΘ,2023-02-01,ΧΕ 1-58,,,,no sponsor block
ΨΣΔ94690ΒΑ-ΖΙ6,2023-02-01,ΧΕ 1-57,,,,no sponsor block
Ψ5ΑΖ4690ΒΑ-20Η,2023-02-01,ΧΕ 1-55,,,,no sponsor block
9Ο0Ψ4690ΒΑ-7Α5,2023-01-18,ΧΕΠ 1-14,,,,no sponsor block
9ΜΙΓ4690ΒΑ-ΡΚΧ,2023-01-02,ΧΕ 1-13,,,,no sponsor block
6ΨΜΞ4690ΒΑ-ΑΑΜ,2023-01-02,ΧΕ 1-12,,,,no sponsor block
ΡΩΠ84690ΒΑ-56Χ,2023-01-02,ΧΕ 1-11,,,,no sponsor block
ΨΒΘΝ4690ΒΑ-16Ο,2023-01-02,ΧΕ 1-10,,,,no sponsor block
ΨΓΖΓ4690ΒΑ-ΒΔΠ,2023-01-02,ΧΕ 1-4,,,,no sponsor block
96ΙΜ4690ΒΑ-ΕΦΧ,2023-01-02,ΧΕ 1-7,,,,no sponsor block
9ΘΛ34690ΒΑ-3Φ3,2023-01-02,ΧΕ 1-9,,,,no sponsor block
6ΨΤΕ4690ΒΑ-ΛΒΗ,2023-01-02,ΧΕ 1-8,,,,no sponsor block
ΨΟΠΤ4690ΒΑ-ΩΟΕ,2023-01-02,ΧΕ 1-6,,,,no sponsor block
625Ω4690ΒΑ-443,2023-01-02,ΧΕ 1-5,,,,no sponsor block
ΨΒ014690ΒΑ-Ξ2Ο,2023-01-02,ΧΕ 1-3,,,,no sponsor block
6ΥΘΒ4690ΒΑ-Ρ1Τ,2023-01-02,ΧΕ 1-2,,,,no sponsor block
ΨΦΓ54690ΒΑ-ΤΑ2,2023-01-02,ΧΕ 1-1,,,,no sponsor block
ΩΔ4Ε4690ΒΑ-ΥΜΚ,2022-12-09,ΧΕ 1-1850,,,,no sponsor block
6ΒΝΣ4690ΒΑ-ΧΑ8,2022-12-15,ΧΕ 1-1931,,,,no sponsor block
6Η5Γ4690ΒΑ-ΘΙ0,2022-12-15,ΧΕ 1-1930,,,,no sponsor block
973Ρ4690ΒΑ-4ΚΛ,2022-12-15,ΧΕ 1-1929,,,,no sponsor block
Ψ7ΗΙ4690ΒΑ-Φ77,2022-12-15,ΧΕ 1-1928,,,,no sponsor block
Ψ96Μ4690ΒΑ-ΥΕ6,2022-12-15,ΧΕ 1-1927,,,,no sponsor block
Ω3ΡΚ4690ΒΑ-ΨΘΛ,2022-12-15,ΧΕ 1-1921,,,,no sponsor block
6ΡΞΡ4690ΒΑ-ΞΦΚ,2022-12-15,ΧΕ 1-1916,,,,no sponsor block
ΨΙΚ84690ΒΑ-31Γ,2022-12-15,ΧΕ 1-1914,,,,no sponsor block
ΩΣΕ64690ΒΑ-ΗΛΕ,2022-12-15,ΧΕ 1-1913,,,,no sponsor block
ΨΝ4Ο4690ΒΑ-83Δ,2022-12-14,ΧΕ 1-1910,,,,no sponsor block
65Τ04690ΒΑ-5ΩΕ,2022-12-14,ΧΕ 1-1909,,,,no sponsor block
ΡΟΕΓ4690ΒΑ-2ΝΘ,2022-12-14,ΧΕ 1-1908,,,,no sponsor block
ΩΝΛ94690ΒΑ-ΣΑ5,2022-12-14,ΧΕ 1-1907,,,,no sponsor block
97034690ΒΑ-3ΛΩ,2022-12-14,ΧΕ 1-1906,,,,no sponsor block
6ΛΘ24690ΒΑ-ΨΦΥ,2022-12-14,ΧΕ 1-1904,,,,no sponsor block
9Φ244690ΒΑ-3ΨΣ,2022-12-14,ΧΕ 1-1905,,,,no sponsor block
Ψ21Β4690ΒΑ-Δ43,2022-12-14,ΧΕ 1-1903,,,,no sponsor block
6ΜΠΑ4690ΒΑ-ΠΤΜ,2022-12-14,ΧΕ 1-1902,,,,no sponsor block
6ΥΞΙ4690ΒΑ-ΒΙΠ,2022-12-14,ΧΕ 1-1901,,,,no sponsor block
ΨΕΒ84690ΒΑ-9ΦΦ,2022-12-14,ΧΕ 1-1899,,,,no sponsor block
ΨΡΔΦ4690ΒΑ-ΕΩΗ,2022-12-14,ΧΕ 1-1900,,,,no sponsor block
ΨΖΝΑ4690ΒΑ-39Φ,2022-12-14,ΧΕ 1-1898,,,,no sponsor block
613Μ4690ΒΑ-143,2022-12-14,ΧΕ 1-1897,,,,no sponsor block
63954690ΒΑ-6Ο6,2022-12-14,ΧΕ 1-1896,,,,no sponsor block
6ΜΧΘ4690ΒΑ-ΤΚ6,2022-12-14,ΧΕ 1-1895,,,,no sponsor block
696Σ4690ΒΑ-ΥΣΘ,2022-12-14,ΧΕ 1-1894,,,,no sponsor block
Ω5ΞΛ4690ΒΑ-ΔΚΛ,2022-12-14,ΧΕ 1-1893,,,,no sponsor block
Ω3ΖΩ4690ΒΑ-ΑΕ0,2022-12-14,ΧΕ 1-1892,,,,no sponsor block
9ΠΝΜ4690ΒΑ-ΩΓΞ,2022-12-14,ΧΕ 1-1891,,,,no sponsor block
ΨΙΩΘ4690ΒΑ-Θ3Ζ,2022-12-14,ΧΕ 1-1889,,,,no sponsor block
ΩΖΩ64690ΒΑ-2ΟΣ,2022-12-14,ΧΕ 1-1888,,,,no sponsor block
96Υ34690ΒΑ-7ΜΜ,2022-12-14,ΧΕ 1-1887,,,,no sponsor block
ΩΔΤ14690ΒΑ-Ο51,2022-12-14,ΧΕ 1-1885,,,,no sponsor block
ΨΠ2Γ4690ΒΑ-Ω5Γ,2022-12-14,ΧΕ 1-1884,,,,no sponsor block
65Φ44690ΒΑ-Γ00,2022-12-14,ΧΕ 1-1883,,,,no sponsor block
ΩΣΠΠ4690ΒΑ-5Ρ6,2022-12-14,ΧΕ 1-1882,,,,no sponsor block
6Δ6Θ4690ΒΑ-ΞΧΟ,2022-12-14,ΧΕ 1-1881,,,,no sponsor block
ΨΒ3Β4690ΒΑ-Η9Φ,2022-12-14,ΧΕ 1-1879,,,,no sponsor block
ΨΥΨΔ4690ΒΑ-4ΧΓ,2022-12-14,ΧΕ 1-1878,,,,no sponsor block
Ψ8Θ04690ΒΑ-ΓΚ7,2022-12-14,ΧΕ 1-1877,,,,no sponsor block
ΩΧ474690ΒΑ-2ΥΘ,2022-12-14,ΧΕ 1-1876,,,,no sponsor block
Ω3ΥΒ4690ΒΑ-1ΝΓ,2022-12-14,ΧΕ 1-1875,,,,no sponsor block
ΨΖΨΒ4690ΒΑ-Ε46,2022-12-14,ΧΕ 1-1874,,,,no sponsor block
ΨΦΘΠ4690ΒΑ-ΕΞΣ,2022-12-14,ΧΕ 1-1873,,,,no sponsor block
ΩΖΠ74690ΒΑ-ΑΣΙ,2022-12-14,ΧΕ 1-1872,,,,no sponsor block
6ΒΤΜ4690ΒΑ-ΑΗΒ,2022-12-14,ΧΕ 1-1871,,,,no sponsor block
Ψ4ΕΣ4690ΒΑ-Θ3Β,2022-12-14,ΧΕ 1-1869,,,,no sponsor block
ΩΜ274690ΒΑ-ΜΙΠ,2022-12-14,ΧΕ 1-1868,,,,no sponsor block
6ΙΧ94690ΒΑ-ΡΑΛ,2022-12-12,ΧΕ 1-1867,,,,no sponsor block
67ΩΩ4690ΒΑ-ΜΘΨ,2022-12-12,ΧΕ 1-1865,,,,no sponsor block
60Η34690ΒΑ-0ΤΨ,2022-12-12,ΧΕ 1-1864,,,,no sponsor block
95ΦΗ4690ΒΑ-ΒΦ6,2022-12-09,ΧΕ 1-1849,,,,no sponsor block
Ψ0ΕΦ4690ΒΑ-2Α0,2022-12-09,ΧΕ 1-1848,,,,no sponsor block
9ΦΜΦ4690ΒΑ-ΦΑΩ,2022-12-09,ΧΕ 1-1847,,,,no sponsor block
90ΕΝ4690ΒΑ-7Ε2,2022-12-09,ΧΕ 1-1845,,,,no sponsor block
ΨΝΘ44690ΒΑ-3Κ4,2022-12-09,ΧΕ 1-1843,,,,no sponsor block
6ΤΚ64690ΒΑ-ΡΘΓ,2022-12-09,ΧΕ 1-1842,,,,no sponsor block
ΨΓΕΒ4690ΒΑ-Λ3Χ,2022-12-09,ΧΕ 1-1840,,,,no sponsor block
6Γ0Χ4690ΒΑ-6ΟΗ,2022-12-06,ΧΕ 1-1819,,,,no sponsor block
6ΛΨ84690ΒΑ-ΥΔΞ,2022-12-06,ΧΕ 1-1818,,,,no sponsor block
Ψ8ΘΗ4690ΒΑ-ΝΣΗ,2022-12-06,ΧΕ 1-1817,,,,no sponsor block
64Λ84690ΒΑ-4ΚΟ,2022-12-06,ΧΕ 1-1816,,,,no sponsor block
63ΜΥ4690ΒΑ-ΞΞ1,2022-12-06,ΧΕ 1-1813,,,,no sponsor block
ΨΞ6Φ4690ΒΑ-ΑΧΟ,2022-12-06,ΧΕ 1-1812,,,,no sponsor block
68ΚΡ4690ΒΑ-4ΣΦ,2022-12-06,ΧΕ 1-1811,,,,no sponsor block
ΨΝΙΣ4690ΒΑ-00Τ,2022-12-06,ΧΕ 1-1810,,,,no sponsor block
ΨΝΥ44690ΒΑ-ΘΟΦ,2022-12-06,ΧΕ 1-1809,,,,no sponsor block
9ΙΣΗ4690ΒΑ-ΗΜ5,2022-12-01,ΧΕ  1-1798,,,,no sponsor block
6Ι7Τ4690ΒΑ-438,2022-12-01,ΧΕ 1-1797,,,,no sponsor block
62ΑΝ4690ΒΑ-ΒΗΘ,2022-12-01,ΧΕ 1-1796,,,,no sponsor block
Ψ88Ζ4690ΒΑ-ΤΣΗ,2022-12-01,ΧΕ 1-1795,,,,no sponsor block
6Σ2Χ4690ΒΑ-ΠΡΛ,2022-12-01,ΧΕ 1-1794,,,,no sponsor block
6ΓΜΧ4690ΒΑ-ΖΡ5,2022-12-01,ΧΕ 1-1793,,,,no sponsor block
9ΠΦ14690ΒΑ-Ε46,2022-12-01,ΧΕ 1-1792,,,,no sponsor block
ΨΣΡΡ4690ΒΑ-Σ2Γ,2022-12-01,ΧΕ 1-1791,,,,no sponsor block
ΨΤ464690ΒΑ-7Ρ2,2022-12-01,ΧΕ 1-1790,,,,no sponsor block
6ΝΣ94690ΒΑ-ΠΝΜ,2022-12-01,ΧΕ 1-1789,,,,no sponsor block
ΨΔΠΚ4690ΒΑ-Δ2Κ,2022-12-01,ΧΕ 1-1788,,,,no sponsor block
Ψ3Η04690ΒΑ-Β91,2022-11-30,ΧΕ 1-1785,,,,no sponsor block
ΨΤΔ74690ΒΑ-ΝΛΥ,2022-11-30,ΧΕ 1-1782,,,,no sponsor block
ΨΠΟΩ4690ΒΑ-ΞΒ7,2022-11-30,ΧΕ 1-1781,,,,no sponsor block
904Κ4690ΒΑ-0Η0,2022-11-29,ΧΕ 1-1780,,,,no sponsor block
6Ξ6Ψ4690ΒΑ-ΚΑΘ,2022-11-29,ΧΕ 1-1779,,,,no sponsor block
ΨΕΓ24690ΒΑ-ΗΡΧ,2022-11-29,ΧΕ 1-1778,,,,no sponsor block
ΨΑΑΑ4690ΒΑ-Ι3Ξ,2022-11-29,ΧΕ 1-1777,,,,no sponsor block
6ΗΙΛ4690ΒΑ-ΓΨ0,2022-11-29,ΧΕ 1-1776,,,,no sponsor block
6Β2Ν4690ΒΑ-ΙΤΞ,2022-11-29,ΧΕ 1-1775,,,,no sponsor block
ΨΒΣΖ4690ΒΑ-ΣΨΖ,2022-11-29,ΧΕ 1-1773,,,,no sponsor block
99ΕΖ4690ΒΑ-ΦΔΔ,2022-11-29,ΧΕ 1-1772,,,,no sponsor block
Ψ0084690ΒΑ-519,2022-11-29,ΧΕ 1-1771,,,,no sponsor block
ΩΑΚΣ4690ΒΑ-ΕΛΡ,2022-11-29,ΧΕ 1-1769,,,,no sponsor block
ΨΖΡΣ4690ΒΑ-ΛΚ5,2022-11-29,ΧΕ 1-1766,,,,no sponsor block
9ΒΓΦ4690ΒΑ-ΨΗΙ,2022-11-29,ΧΕ 1-1765,,,,no sponsor block
ΩΤΟΨ4690ΒΑ-Ε5Φ,2022-11-29,ΧΕ 1-1763,,,,no sponsor block
6ΝΜΞ4690ΒΑ-ΧΜΟ,2022-11-28,ΧΕ 1-1761,,,,no sponsor block
ΨΒΗΟ4690ΒΑ-ΝΝΨ,2022-11-28,ΧΕ 1-1758,,,,no sponsor block
6Λ6Ω4690ΒΑ-5Υ5,2022-11-28,ΧΕ 1-1757,,,,no sponsor block
9Ψ4Δ4690ΒΑ-Δ8Λ,2022-11-28,ΧΕ 1-1756,,,,no sponsor block
6ΟΝ44690ΒΑ-ΛΤΙ,2022-11-14,ΧΕ 1-1682,,,,no sponsor block
95164690ΒΑ-76Ι,2022-11-04,ΧΕ 1-1645,,,,no sponsor block
Ψ8ΕΖ4690ΒΑ-ΨΔΔ,2022-11-01,ΧΕ 1-1625,,,,no sponsor block
6ΟΒΩ4690ΒΑ-ΨΤΡ,2022-11-01,ΧΕ 1-1624,,,,no sponsor block
9ΦΡΖ4690ΒΑ-2ΙΟ,2022-11-01,ΧΕ 1-1623,,,,no sponsor block
6ΡΕΜ4690ΒΑ-ΒΧ0,2022-11-01,ΧΕ 1-1622,,,,no sponsor block
6ΚΛ64690ΒΑ-ΦΦΝ,2022-11-01,ΧΕ 1-1621,,,,no sponsor block
ΨΦ1Α4690ΒΑ-ΛΟΔ,2022-11-01,ΧΕ 1-1620,,,,no sponsor block
ΩΣΚ64690ΒΑ-Σ0Ψ,2022-11-01,ΧΕ 1-1619,,,,no sponsor block
6ΤΜ34690ΒΑ-ΘΑΡ,2022-11-01,ΧΕ 1-1618,,,,no sponsor block
96ΞΒ4690ΒΑ-ΙΘΠ,2022-11-01,χε 1-1617,,,,no sponsor block
ΨΕ3Ω4690ΒΑ-ΝΧΖ,2022-11-01,ΧΕ 1-1616,,,,no sponsor block
652Σ4690ΒΑ-5Θ6,2022-10-27,ΧΕ 1-1609,,,,no sponsor block
ΩΥΓΒ4690ΒΑ-3ΧΛ,2022-10-27,ΧΕ 1-1608,,,,no sponsor block
6Χ6Ι4690ΒΑ-55Β,2022-10-27,ΧΕ 1-1607,,,,no sponsor block
ΨΟΨΠ4690ΒΑ-047,2022-10-27,ΧΕ 1-1606,,,,no sponsor block
ΨΤΗ04690ΒΑ-ΖΩΓ,2022-10-27,ΧΕ 1-1605,,,,no sponsor block
Ψ27Π4690ΒΑ-Σ33,2022-10-27,ΧΕ 1-1604,,,,no sponsor block
ΩΧΣΔ4690ΒΑ-ΚΓΝ,2022-10-27,ΧΕ 1-1603,,,,no sponsor block
ΨΛΝΝ4690ΒΑ-ΣΓΛ,2022-10-27,ΧΕ 1-1602,,,,no sponsor block
6ΩΒΚ4690ΒΑ-ΜΩΗ,2022-10-27,ΧΕ 1-1601,,,,no sponsor block
ΩΝΡ04690ΒΑ-ΩΞ8,2022-10-27,ΧΕ 1-1600,,,,no sponsor block
9Κ2Θ4690ΒΑ-049,2022-10-27,ΧΕ 1-1598,,,,no sponsor block
66174690ΒΑ-ΛΡΤ,2022-10-26,ΧΕ 1-1597,,,,no sponsor block
Ψ4ΟΦ4690ΒΑ-525,2022-10-26,ΧΕ 1-1596,,,,no sponsor block
92ΜΕ4690ΒΑ-Φ6Δ,2022-10-26,ΧΕ 1-1595,,,,no sponsor block
936Τ4690ΒΑ-ΝΧΡ,2022-10-26,ΧΕ 1-1594,,,,no sponsor block
Ψ40Ρ4690ΒΑ-ΔΨΦ,2022-10-26,ΧΕ 1-1593,,,,no sponsor block
996Λ4690ΒΑ-ΑΚΚ,2022-10-26,ΧΕ 1-1592,,,,no sponsor block
9ΤΑΧ4690ΒΑ-ΘΝΗ,2022-10-26,ΧΕ 1-1591,,,,no sponsor block
66ΖΛ4690ΒΑ-358,2022-10-26,ΧΕ 1-1590,,,,no sponsor block
ΨΧΤΩ4690ΒΑ-6ΟΒ,2022-10-26,ΧΕ 1-1589,,,,no sponsor block
9Ρ514690ΒΑ-Ζ2Ι,2022-10-26,ΧΕ 1-1588,,,,no sponsor block
9Ι4Θ4690ΒΑ-8Θ9,2022-10-26,ΧΕ 1-1587,,,,no sponsor block
9Δ624690ΒΑ-569,2022-10-26,ΧΕ 1-1585,,,,no sponsor block
9Ω674690ΒΑ-ΟΝΥ,2022-10-25,ΧΕ 1-1583,,,,no sponsor block
ΨΓΘ14690ΒΑ-ΚΗΣ,2022-10-25,ΧΕ 1-1582,,,,no sponsor block
91964690ΒΑ-ΑΦΞ,2022-10-25,ΧΕ 1-1581,,,,no sponsor block
6Μ0Φ4690ΒΑ-ΖΥΘ,2022-10-25,ΧΕ 1-1580,,,,no sponsor block
ΨΠ1Υ4690ΒΑ-55Ν,2022-10-25,ΧΕ 1-1579,,,,no sponsor block
95ΠΩ4690ΒΑ-Γ6Δ,2022-10-25,ΧΕ 1-1578,,,,no sponsor block
ΨΛΩ54690ΒΑ-Ψ4Φ,2022-10-25,ΧΕ 1-1577,,,,no sponsor block
ΨΡΣΔ4690ΒΑ-Λ1Ι,2022-10-25,ΧΕ 1-1575,,,,no sponsor block
9ΗΨΗ4690ΒΑ-5ΥΞ,2022-10-25,ΧΕ 1-1574,,,,no sponsor block
9Ε2Υ4690ΒΑ-ΓΞ5,2022-10-25,ΧΕ 1-1573,,,,no sponsor block
6ΚΖ54690ΒΑ-ΝΤ6,2022-10-25,ΧΕ 1-1572,,,,no sponsor block
91ΑΑ4690ΒΑ-Λ87,2023-08-17,ΧΕ 1-1284,,,,no sponsor block
92404690ΒΑ-77Υ,2023-08-11,ΧΕ 1-1261,,,,no sponsor block
ΨΜΙΓ4690ΒΑ-197,2023-08-03,ΧΕ 1-1237,,,,no sponsor block
Ψ3Ι14690ΒΑ-8Υ7,2023-08-03,ΧΕ  1-1235,,,,no sponsor block
6ΔΩΤ4690ΒΑ-ΟΗΥ,2023-08-03,ΧΕ 1-1236,,,,no sponsor block
6Ψ814690ΒΑ-ΡΕΔ,2023-08-01,ΧΕ 1-1234,,,,no sponsor block
91ΡΗ4690ΒΑ-ΠΣ3,2023-08-01,ΧΕ1-1233,,,,no sponsor block
9Λ9Π4690ΒΑ-ΝΙΠ,2023-08-01,ΧΕ 1-1232,,,,no sponsor block
6Τ164690ΒΑ-ΠΣΚ,2023-08-01,ΧΕ 1-1231,,,,no sponsor block
Ψ6ΟΑ4690ΒΑ-Σ5Κ,2023-08-01,ΧΕ 1-1230,,,,no sponsor block
ΨΔ064690ΒΑ-ΘΒ0,2023-08-01,ΧΕ 1-1229,,,,no sponsor block
ΨΖ144690ΒΑ-Ρ2Ψ,2023-08-01,ΧΕ 1-1228,,,,no sponsor block
ΨΝ2Σ4690ΒΑ-ΙΡΨ,2023-08-01,ΧΕ 1-1227,,,,no sponsor block
97Ε64690ΒΑ-ΝΧ6,2023-08-01,ΧΕ 1-1226,,,,no sponsor block
9ΣΜΑ4690ΒΑ-ΒΥΣ,2023-07-28,ΧΕ 1-1222,,,,no sponsor block
6Ξ294690ΒΑ-ΧΛΙ,2023-07-28,ΧΕ 1-1221,,,,no sponsor block
93394690ΒΑ-ΡΗ0,2023-07-28,ΧΕ 1-1220,,,,no sponsor block
Ψ5ΑΡ4690ΒΑ-ΛΑΚ,2023-07-28,ΧΕ 1-1219,,,,no sponsor block
90ΑΗ4690ΒΑ-0ΒΨ,2023-07-28,ΧΕ 1-1218,,,,no sponsor block
ΨΘΚΟ4690ΒΑ-ΒΦΣ,2023-07-28,ΧΕ 1-1217,,,,no sponsor block
Ψ2Φ54690ΒΑ-5ΣΧ,2023-07-28,ΧΕ 1-1216,,,,no sponsor block
ΨΩ944690ΒΑ-ΠΩΣ,2023-07-28,ΧΕ 1-1215,,,,no sponsor block
ΩΝΡΗ4690ΒΑ-ΣΝΘ,2023-07-28,ΧΕ 1-1214,,,,no sponsor block
ΨΠ3Σ4690ΒΑ-ΒΤΞ,2023-07-28,ΧΕ 1-1213,,,,no sponsor block
6ΥΔΗ4690ΒΑ-ΨΥΚ,2023-07-28,ΧΕ 1-1212,,,,no sponsor block
6ΛΚΣ4690ΒΑ-ΘΣΟ,2023-07-26,ΧΕ 1-1211,,,,no sponsor block
Ψ0344690ΒΑ-31Β,2023-07-26,ΧΕ 1-1210,,,,no sponsor block
Ψ8ΤΓ4690ΒΑ-Ο6Ψ,2023-07-26,ΧΕ 1-1209,,,,no sponsor block
ΨΖΗ84690ΒΑ-Τ19,2023-07-26,ΧΕ 1-1208,,,,no sponsor block
96Β74690ΒΑ-ΥΛΓ,2023-07-26,ΧΕ 1-1207,,,,no sponsor block
9Φ654690ΒΑ-Γ3Ε,2023-07-26,ΧΕ 1-1206,,,,no sponsor block
924Β4690ΒΑ-Φ00,2023-07-26,ΧΕ 1-1205,,,,no sponsor block
9ΙΕΦ4690ΒΑ-ΥΝΦ,2023-07-26,ΧΕ 1-1204,,,,no sponsor block
6ΣΛ74690ΒΑ-ΚΦΚ,2023-07-26,ΧΕ 1-1203,,,,no sponsor block
ΨΥΗΥ4690ΒΑ-Ξ2Θ,2023-07-25,ΧΕ 1-1202,,,,no sponsor block
9ΟΞΘ4690ΒΑ-8Λ9,2023-07-25,ΧΕ 1-1201,,,,no sponsor block
9ΗΨΨ4690ΒΑ-ΝΘΜ,2023-07-25,ΧΕ 1-1200,,,,no sponsor block
ΨΥΚ84690ΒΑ-ΔΜΦ,2023-07-25,ΧΕ 1-1198,,,,no sponsor block
94Κ74690ΒΑ-ΠΕΜ,2023-07-25,ΧΕ 1-1197,,,,no sponsor block
97ΡΟ4690ΒΑ-ΘΝΠ,2023-07-25,ΧΕ 1-1196,,,,no sponsor block
ΨΔΛ14690ΒΑ-Ξ32,2023-07-25,ΧΕ 1-1195,,,,no sponsor block
6ΞΗΥ4690ΒΑ-ΣΙΟ,2023-07-25,ΧΕ 1-1194,,,,no sponsor block
ΨΦ9Ο4690ΒΑ-ΥΝΝ,2023-07-25,ΧΕ 1-1193,,,,no sponsor block
9ΛΔΓ4690ΒΑ-Γ5Η,2023-07-25,ΧΕ 1-1192,,,,no sponsor block
ΨΛ5Π4690ΒΑ-41Μ,2023-07-25,ΧΕ 1-1191,,,,no sponsor block
ΡΟΣΑ4690ΒΑ-ΒΘ2,2023-07-12,ΧΕ 1-1160,,,,no sponsor block
94ΒΦ4690ΒΑ-ΝΥΜ,2023-07-12,ΧΕ 1-1159,,,,no sponsor block
ΨΩ694690ΒΑ-Π2Ο,2023-07-12,ΧΕ 1-1158,,,,no sponsor block
6ΣΣΞ4690ΒΑ-Ψ20,2023-07-12,ΧΕ 1-1156,,,,no sponsor block
ΨΤΣΠ4690ΒΑ-ΙΒ6,2023-07-12,ΧΕ 1-1154,,,,no sponsor block
6ΓΧΓ4690ΒΑ-ΘΩΨ,2023-07-12,ΧΕ 1-1153,,,,no sponsor block
62ΥΧ4690ΒΑ-Γ5Γ,2023-07-12,ΧΕ 1-1151,,,,no sponsor block
ΨΞ9Χ4690ΒΑ-ΕΦΟ,2023-07-12,ΧΕ 1-1149,,,,no sponsor block
ΨΠΝ44690ΒΑ-ΛΗΚ,2023-07-12,ΧΕ 1-1147,,,,no sponsor block
Ψ32Τ4690ΒΑ-7ΤΗ,2023-07-12,ΧΕ 1-1144,,,,no sponsor block
9ΞΤΗ4690ΒΑ-ΕΤΧ,2023-07-12,ΧΕ 1-1142,,,,no sponsor block
6ΩΣΝ4690ΒΑ-ΘΨ9,2023-07-12,ΧΕ 1-1140,,,,no sponsor block
6ΣΒΧ4690ΒΑ-Α89,2023-07-11,ΧΕ 1-1131,,,,no sponsor block
6Ξ1Α4690ΒΑ-Ξ3Β,2023-07-07,ΧΕ 1-1101,,,,no sponsor block
ΨΓΩ04690ΒΑ-ΗΨ3,2023-07-07,ΧΕ 1-1100,,,,no sponsor block
ΨΥΥ74690ΒΑ-Μ7Ρ,2023-07-07,ΧΕ 1-1097,,,,no sponsor block
915Τ4690ΒΑ-ΞΡΨ,2023-07-03,ΧΕ 1-1053,,,,no sponsor block
699Α4690ΒΑ-ΩΗΚ,2023-07-03,ΧΕ 1-1051,,,,no sponsor block
ΨΟΙΚ4690ΒΑ-Θ2Ζ,2023-07-03,ΧΕ  1-1049,,,,no sponsor block
ΨΒ074690ΒΑ-ΡΞ6,2023-07-03,ΧΕ 1-1047,,,,no sponsor block
ΨΙΥΞ4690ΒΑ-562,2023-07-03,ΧΕ 1-1045,,,,no sponsor block
ΨΛ394690ΒΑ-ΖΒ6,2023-07-03,ΧΕ 1-1044,,,,no sponsor block
Ω8Ρ44690ΒΑ-ΣΦΕ,2023-07-03,ΧΕ 1-1042,,,,no sponsor block
96Ξ04690ΒΑ-ΘΘΖ,2023-07-03,ΧΕ 1-1039,,,,no sponsor block
Ψ6ΚΒ4690ΒΑ-3ΡΒ,2023-07-03,ΧΕ 1-1038,,,,no sponsor block
ΨΗΡΠ4690ΒΑ-47Ε,2023-07-03,ΧΕ 1-1037,,,,no sponsor block
6Ο9Ψ4690ΒΑ-4Κ4,2023-07-03,ΧΕ 1-1036,,,,no sponsor block
ΨΧΧΔ4690ΒΑ-Ε4Π,2023-06-14,ΧΕΠ 1-922,,,,no sponsor block
62ΨΧ4690ΒΑ-ΑΗΑ,2023-06-14,ΧΕΠ 1-921,,,,no sponsor block
Ω84Β4690ΒΑ-ΗΜΜ,2023-06-14,ΧΕΠ 1-920,,,,no sponsor block
Ω80Ι4690ΒΑ-Υ2Ο,2023-06-28,ΧΕ 1-1029,,,,no sponsor block
ΨΔ834690ΒΑ-7ΘΘ,2023-06-28,ΧΕ 1-1028,,,,no sponsor block
6ΝΡ64690ΒΑ-ΡΦΑ,2023-06-27,ΧΕ 1-1024,,,,no sponsor block
9Ρ1Υ4690ΒΑ-ΗΩ4,2023-06-27,ΧΕ 1-1023,,,,no sponsor block
6Λ234690ΒΑ-Ζ6Σ,2023-06-27,ΧΕ 1-1022,,,,no sponsor block
ΨΒΤΘ4690ΒΑ-ΧΡ0,2023-06-27,ΧΕ 1-1021,,,,no sponsor block
Ψ3ΒΣ4690ΒΑ-Ο08,2023-06-27,ΧΕ 1-1020,,,,no sponsor block
6Φ8Ξ4690ΒΑ-ΓΕ9,2023-06-27,ΧΕ 1-1019,,,,no sponsor block
ΨΠΒΗ4690ΒΑ-ΨΒΡ,2023-06-27,ΧΕ 1-1018,,,,no sponsor block
ΨΠ6Φ4690ΒΑ-27Υ,2023-06-27,ΧΕ 1-1017,,,,no sponsor block
9Σ3Θ4690ΒΑ-Δ23,2023-06-27,ΧΕ 1-1016,,,,no sponsor block
9ΞΦ44690ΒΑ-2ΔΣ,2023-06-27,ΧΕ 1-1015,,,,no sponsor block
9ΚΔΡ4690ΒΑ-ΗΕΩ,2023-06-27,ΧΕ 1-1014,,,,no sponsor block
66ΚΦ4690ΒΑ-ΝΡ9,2023-06-27,ΧΕ 1-1013,,,,no sponsor block
9ΜΖ44690ΒΑ-ΨΜ3,2023-06-26,ΧΕ 1-1012,,,,no sponsor block
96ΝΘ4690ΒΑ-ΒΤΣ,2023-06-26,ΧΕ 1-1011,,,,no sponsor block
ΨΕ0Ψ4690ΒΑ-Φ73,2023-06-26,ΧΕ 1-1010,,,,no sponsor block
63ΜΧ4690ΒΑ-ΙΡ8,2023-06-26,ΧΕ 1-1009,,,,no sponsor block
ΨΩΗΤ4690ΒΑ-9ΝΩ,2023-06-26,ΧΕ 1-1008,,,,no sponsor block
610Γ4690ΒΑ-7ΔΡ,2023-06-26,ΧΕ 1-1007,,,,no sponsor block
9ΦΙΨ4690ΒΑ-Χ7Π,2023-06-26,ΧΕ 1-1006,,,,no sponsor block
9ΩΠΙ4690ΒΑ-ΕΓΩ,2023-06-23,ΧΕ 1-1003,,,,no sponsor block
9Π9Ε4690ΒΑ-ΣΥΞ,2023-06-23,ΧΕ 1-1002,,,,no sponsor block
ΨΤ9Ρ4690ΒΑ-6ΘΙ,2023-06-23,ΧΕ 1-1001,,,,no sponsor block
6ΥΥΩ4690ΒΑ-ΩΚ2,2023-06-23,ΧΕ 1-998,,,,no sponsor block
Ψ3ΝΑ4690ΒΑ-7ΛΠ,2023-06-23,ΧΕ 1-997,,,,no sponsor block
9ΥΔΠ4690ΒΑ-1ΟΛ,2023-06-23,ΧΕ 1-994,,,,no sponsor block
6Ζ934690ΒΑ-Ω7Τ,2023-06-22,ΧΕ 1-993,,,,no sponsor block
9Ν4Ν4690ΒΑ-6ΧΕ,2023-06-22,ΧΕ 1-991,,,,no sponsor block
62ΙΒ4690ΒΑ-Η7Ρ,2023-06-22,ΧΕ 1-990,,,,no sponsor block
9ΜΘ94690ΒΑ-66Η,2023-06-22,ΧΕ 1-989,,,,no sponsor block
6ΨΤ54690ΒΑ-ΧΞ3,2023-06-22,ΧΕ 1-988,,,,no sponsor block
ΨΕΑΨ4690ΒΑ-ΕΞΜ,2023-06-22,ΧΕ 1-986,,,,no sponsor block
90Β54690ΒΑ-Α8Β,2023-06-22,ΧΕ 1-985,,,,no sponsor block
Ψ3404690ΒΑ-5ΡΠ,2023-06-22,ΧΕ 1-983,,,,no sponsor block
Ψ4ΕΝ4690ΒΑ-ΥΩΩ,2023-06-14,ΧΕ 1-930,,,,no sponsor block
ΨΡ0Ο4690ΒΑ-ΝΨΔ,2023-06-14,ΧΕΠ 1-929,,,,no sponsor block
96ΙΚ4690ΒΑ-4Α6,2023-06-14,ΧΕΠ 1-928,,,,no sponsor block
99Ε74690ΒΑ-ΤΥΗ,2023-06-14,ΧΕ 1-927,,,,no sponsor block
ΨΘΩ54690ΒΑ-ΩΑ1,2023-06-14,ΧΕΠ 1-926,,,,no sponsor block
6ΞΨ54690ΒΑ-Φ56,2023-06-14,ΧΕΠ 1-925,,,,no sponsor block
9ΝΧΣ4690ΒΑ-ΘΓΤ,2023-06-14,ΧΕ 1-923,,,,no sponsor block
Ψ0ΙΗ4690ΒΑ-453,2023-06-14,ΧΕΠ 1-924,,,,no sponsor block
9ΛΞ74690ΒΑ-Η0Ν,2023-06-14,ΧΕΠ 1-917,,,,no sponsor block
9ΞΧΦ4690ΒΑ-ΨΧ6,2023-06-14,ΧΕΠ 1-915,,,,no sponsor block
ΨΥΓΓ4690ΒΑ-ΚΤΣ,2023-06-14,ΧΕ 1-914,,,,no sponsor block
9ΩΤΚ4690ΒΑ-Λ3Φ,2023-06-14,ΧΕΠ 1-911,,,,no sponsor block
9ΒΣ54690ΒΑ-6ΝΥ,2023-06-14,ΧΕΠ 1-910,,,,no sponsor block
6ΙΓΘ4690ΒΑ-ΥΔΛ,2023-06-14,ΧΕΠ 1-909,,,,no sponsor block
9ΛΩΕ4690ΒΑ-Η3Π,2023-06-14,ΧΕΠ 1-907,,,,no sponsor block
ΨΥΝΔ4690ΒΑ-ΦΥ4,2023-06-14,ΧΕΠ 1-906,,,,no sponsor block
ΩΧΞΕ4690ΒΑ-ΜΟΞ,2023-06-14,ΧΕΠ 1-905,,,,no sponsor block
91534690ΒΑ-6Η7,2023-06-14,ΧΕΠ 1-904,,,,no sponsor block
ΩΜΘ54690ΒΑ-ΖΜΙ,2023-06-14,ΧΕΠ 1-903,,,,no sponsor block
6Ω8Μ4690ΒΑ-ΚΜ2,2023-06-14,ΧΕΠ 1-902,,,,no sponsor block
Ψ7ΥΛ4690ΒΑ-ΥΧΛ,2023-06-14,ΧΕΠ 1-901,,,,no sponsor block
Ψ55Ξ4690ΒΑ-Ψ4Ρ,2023-06-14,ΧΕΠ 1-900,,,,no sponsor block
94ΓΥ4690ΒΑ-ΡΓ4,2023-06-06,ΧΕ 1-856,,,,no sponsor block
6Κ004690ΒΑ-0Λ2,2023-06-01,ΧΕ 1-837,,,,no sponsor block
ΨΥ8Τ4690ΒΑ-3ΧΨ,2023-06-01,ΧΕ 1-836,,,,no sponsor block
ΨΡΩΔ4690ΒΑ-ΠΩΣ,2023-06-01,ΧΕ 1-835,,,,no sponsor block
9Λ2Κ4690ΒΑ-8ΜΥ,2023-06-01,ΧΕ 1-834,,,,no sponsor block
9ΡΨ84690ΒΑ-Π1Μ,2023-06-01,ΧΕ 1-833,,,,no sponsor block
6Ι4Χ4690ΒΑ-ΘΛ8,2023-06-01,ΧΕ 1-832,,,,no sponsor block
6Ξ284690ΒΑ-ΔΦ7,2023-06-01,ΧΕ 1-830,,,,no sponsor block
63ΘΑ4690ΒΑ-2ΗΚ,2023-06-01,ΧΕ 1-829,,,,no sponsor block
65ΗΟ4690ΒΑ-Ν7Τ,2023-06-01,ΧΕ 1-828,,,,no sponsor block
9ΟΔΔ4690ΒΑ-73Θ,2023-06-01,ΧΕ 1-827,,,,no sponsor block
90ΨΕ4690ΒΑ-ΜΗ3,2023-05-31,ΧΕ 1-826,,,,no sponsor block
ΡΡΡΖ4690ΒΑ-Ε4Ω,2023-05-31,ΧΕ 1-825,,,,no sponsor block
9ΔΒΞ4690ΒΑ-5ΧΖ,2023-05-31,ΧΕ 1-824,,,,no sponsor block
6ΘΨ34690ΒΑ-ΟΝΞ,2023-05-31,ΧΕ 1-823,,,,no sponsor block
Ψ2Χ44690ΒΑ-ΧΔ8,2023-05-31,ΧΕ 1-822,,,,no sponsor block
9ΗΘΧ4690ΒΑ-ΧΨΝ,2023-05-22,ΧΕ 1-765,,,,no sponsor block
ΨΒΙ74690ΒΑ-Ο0Σ,2023-05-18,ΧΕ 1-744,,,,no sponsor block
6ΚΣΨ4690ΒΑ-ΑΗ8,2023-05-12,ΧΕ 1-720,,,,no sponsor block
9ΤΧΤ4690ΒΑ-Σ5Ι,2023-05-12,χε 1-719,,,,no sponsor block
ΨΩ934690ΒΑ-ΦΔΨ,2023-05-12,ΧΕ 1-718,,,,no sponsor block
92ΕΣ4690ΒΑ-ΓΗ0,2023-05-12,ΧΕ 1-717,,,,no sponsor block
Ψ8Ζ64690ΒΑ-376,2023-05-12,ΧΕ 1-716,,,,no sponsor block
9ΔΖΨ4690ΒΑ-ΣΟΖ,2023-05-12,ΧΕ 1-715,,,,no sponsor block
Ψ8Δ34690ΒΑ-1ΔΛ,2023-05-12,ΧΕ 1-714,,,,no sponsor block
9ΧΘ44690ΒΑ-4ΑΘ,2023-05-12,ΧΕ 1-708,,,,no sponsor block
9ΘΤΑ4690ΒΑ-ΝΛ4,2023-05-12,ΧΕ 1-706,,,,no sponsor block
93ΛΣ4690ΒΑ-6ΒΑ,2023-05-11,ΧΕ 1-703,,,,no sponsor block
ΨΥΝΥ4690ΒΑ-Χ24,2023-05-11,ΧΕ 1-702,,,,no sponsor block
61Π74690ΒΑ-Α27,2023-05-11,ΧΕ 1-701,,,,no sponsor block
ΩΖ0Ι4690ΒΑ-ΦΒΜ,2023-05-11,ΧΕ 1-700,,,,no sponsor block
93Υ84690ΒΑ-ΔΗ1,2023-05-11,ΧΕ 1-699,,,,no sponsor block
9ΛΜΘ4690ΒΑ-ΥΗ7,2023-05-11,ΧΕ 1-698,,,,no sponsor block
6Θ5Ψ4690ΒΑ-Ω5Γ,2023-04-26,ΧΕ 1-598,,,,no sponsor block
Ψ5ΒΝ4690ΒΑ-6ΨΑ,2023-05-10,ΧΕ 1-696,,,,no sponsor block
ΨΝΠ24690ΒΑ-ΖΤΘ,2023-05-10,ΧΕ 1-695,,,,no sponsor block
92ΝΥ4690ΒΑ-Δ51,2023-05-10,ΧΕ 1-694,,,,no sponsor block
ΡΟΟ44690ΒΑ-ΡΛΤ,2023-05-10,ΧΕ 1-693,,,,no sponsor block
ΨΔΞΙ4690ΒΑ-Ψ3Λ,2023-05-10,ΧΕ 1-692,,,,no sponsor block
6ΠΟΥ4690ΒΑ-8Ψ1,2023-05-10,ΧΕ 1-691,,,,no sponsor block
Ψ5ΟΖ4690ΒΑ-Α1Δ,2023-05-10,ΧΕ 1-690,,,,no sponsor block
9ΩΗ04690ΒΑ-Ψ2Μ,2023-05-03,ΧΕ 1-648,,,,no sponsor block
6ΟΣΚ4690ΒΑ-ΗΑΗ,2023-05-03,ΧΕ 1-647,,,,no sponsor block
9ΠΙΕ4690ΒΑ-0ΓΓ,2023-05-03,ΧΕ 1-646,,,,no sponsor block
ΨΙΓΙ4690ΒΑ-6ΛΨ,2023-05-03,ΧΕ 1-645,,,,no sponsor block
Ψ4ΕΦ4690ΒΑ-ΦΛΔ,2023-05-03,ΧΕ 1-644,,,,no sponsor block
ΨΩΦΝ4690ΒΑ-ΗΥΣ,2023-05-03,ΧΕ 1-643,,,,no sponsor block
904Ψ4690ΒΑ-ΟΡΩ,2023-05-03,ΧΕ 1-641,,,,no sponsor block
6Ω194690ΒΑ-ΩΝΨ,2023-05-03,ΧΕ 1-640,,,,no sponsor block
Ψ55Ν4690ΒΑ-ΞΙ9,2023-05-03,ΧΕ 1-638,,,,no sponsor block
6Υ5Ι4690ΒΑ-Ο7Μ,2023-05-03,ΧΕ 1-637,,,,no sponsor block
9ΠΙΑ4690ΒΑ-ΛΕΥ,2023-05-02,ΧΕ 1-633,,,,no sponsor block
Ψ6624690ΒΑ-ΥΔΒ,2023-05-02,ΧΕ 1-632,,,,no sponsor block
Ω8Ι84690ΒΑ-02Ξ,2023-05-02,ΧΕ 1-631,,,,no sponsor block
9ΩΥΠ4690ΒΑ-Μ5Γ,2023-04-28,ΧΕ 1-630,,,,no sponsor block
ΨΠ6Ξ4690ΒΑ-Ψ5Α,2023-04-28,ΧΕ 1-629,,,,no sponsor block
9ΥΥ64690ΒΑ-ΞΩΗ,2023-04-28,ΧΕ 1-628,,,,no sponsor block
6ΧΗΣ4690ΒΑ-6ΞΘ,2023-04-28,ΧΕ 1-627,,,,no sponsor block
6Χ1Τ4690ΒΑ-75Ν,2023-04-28,ΧΕ 1-626,,,,no sponsor block
Ψ3ΩΤ4690ΒΑ-ΔΒΤ,2023-04-28,ΧΕ 1-625,,,,no sponsor block
ΡΨ2Ρ4690ΒΑ-ΔΙ8,2023-04-27,ΧΕ 1-620,,,,no sponsor block
ΨΚ8Κ4690ΒΑ-5ΝΖ,2023-04-27,ΧΕ 1-619,,,,no sponsor block
9ΗΤΦ4690ΒΑ-2Λ3,2023-04-27,ΧΕ 1-618,,,,no sponsor block
ΨΚΟΘ4690ΒΑ-Δ9Ξ,2023-04-27,ΧΕ 1-617,,,,no sponsor block
959Φ4690ΒΑ-ΟΨ0,2023-04-27,ΧΕ 1-615,,,,no sponsor block
6ΣΑΨ4690ΒΑ-Ω9Η,2023-04-27,ΧΕ 1-614,,,,no sponsor block
96ΞΕ4690ΒΑ-ΒΙ4,2023-04-27,ΧΕ 1-613,,,,no sponsor block
9Γ2Ξ4690ΒΑ-926,2023-04-27,ΧΕ 1-612,,,,no sponsor block
ΨΗΔΕ4690ΒΑ-ΤΙ3,2023-04-27,ΧΕ 1-611,,,,no sponsor block
96ΩΥ4690ΒΑ-ΘΡ0,2023-04-27,ΧΕ 1-610,,,,no sponsor block
9ΗΘ94690ΒΑ-6ΒΥ,2023-04-27,ΧΕ 1-609,,,,no sponsor block
ΨΣΛΧ4690ΒΑ-ΣΨΙ,2023-04-27,ΧΕ 1-608,,,,no sponsor block
ΨΩΓ84690ΒΑ-ΛΔΖ,2023-04-26,ΧΕ 1-607,,,,no sponsor block
Ω8ΡΠ4690ΒΑ-ΣΣΩ,2023-04-26,ΧΕ 1-606,,,,no sponsor block
ΨΩΗΖ4690ΒΑ-ΤΘΧ,2023-04-26,ΧΕ 1-605,,,,no sponsor block
6ΘΗΝ4690ΒΑ-ΝΑΣ,2023-04-26,ΧΕ 1-604,,,,no sponsor block
6Τ5Τ4690ΒΑ-ΔΚΘ,2023-04-26,ΧΕ 1-603,,,,no sponsor block
615Κ4690ΒΑ-8ΛΘ,2023-04-26,ΧΕ 1-602,,,,no sponsor block
Ρ6864690ΒΑ-9ΝΞ,2023-04-26,ΧΕ 1-601,,,,no sponsor block
Ψ7ΕΡ4690ΒΑ-ΞΣΩ,2023-04-26,ΧΕ 1-600,,,,no sponsor block
995Λ4690ΒΑ-ΒΒ7,2023-04-26,ΧΕ 1-597,,,,no sponsor block
66ΤΘ4690ΒΑ-ΥΝΒ,2023-04-26,ΧΕ 1-596,,,,no sponsor block
ΨΜΘ64690ΒΑ-Ψ17,2023-04-26,ΧΕ 1-594,,,,no sponsor block
9ΗΒ04690ΒΑ-ΘΔΥ,2023-04-26,ΧΕ 1-593,,,,no sponsor block
651Φ4690ΒΑ-ΖΚΟ,2023-04-26,ΧΕ 1-590,,,,no sponsor block
9ΓΠΤ4690ΒΑ-Ζ4Θ,2023-04-26,ΧΕ 1-588,,,,no sponsor block
Ω8ΔΝ4690ΒΑ-43Β,2023-04-26,ΧΕ 1-587,,,,no sponsor block
ΨΓ764690ΒΑ-ΨΧΡ,2023-04-26,ΧΕ 1-586,,,,no sponsor block
94ΩΜ4690ΒΑ-3ΗΔ,2023-04-25,ΧΕ 1-576,,,,no sponsor block
Ψ8Τ94690ΒΑ-ΗΕΦ,2023-04-24,ΧΕ 1-574,,,,no sponsor block
ΩΧΗ44690ΒΑ-9Ψ1,2023-04-24,ΧΕ 1-572,,,,no sponsor block
6ΞΒ04690ΒΑ-2Σ2,2023-04-24,ΧΕ 1-571,,,,no sponsor block
ΩΖΑΙ4690ΒΑ-ΨΝΨ,2023-04-20,ΧΕ 1-556,,,,no sponsor block
61Σ24690ΒΑ-ΔΑΧ,2023-04-20,ΧΕ 1-554,,,,no sponsor block
Ω8ΘΡ4690ΒΑ-4Ψ4,2023-04-20,ΧΕ 1-553,,,,no sponsor block
ΨΨΖ84690ΒΑ-1ΘΥ,2023-04-20,ΧΕ 1-549,,,,no sponsor block
6ΕΧ24690ΒΑ-47Υ,2023-04-11,ΧΕ 1-523,,,,no sponsor block
ΨΧΦΓ4690ΒΑ-Ρ12,2023-04-11,ΧΕ 1-519,,,,no sponsor block
Ψ7Α14690ΒΑ-2Δ5,2023-04-03,ΧΕ 1-499,,,,no sponsor block
64Χ54690ΒΑ-4ΕΨ,2023-04-03,ΧΕ 1-498,,,,no sponsor block
6ΟΩ44690ΒΑ-ΥΤ3,2023-04-03,ΧΕ 1-497,,,,no sponsor block
ΨΚΝ94690ΒΑ-Ω17,2023-04-03,ΧΕ 1-496,,,,no sponsor block
ΩΖΔΤ4690ΒΑ-1Ν7,2023-04-03,ΧΕ 1-494,,,,no sponsor block
Ψ6854690ΒΑ-95Θ,2023-04-03,ΧΕ 1-493,,,,no sponsor block
ΨΧΠΑ4690ΒΑ-ΓΔΦ,2023-04-03,ΧΕ 1-491,,,,no sponsor block
9ΤΘΚ4690ΒΑ-6Δ8,2023-04-03,ΧΕ 1-488,,,,no sponsor block
ΩΜΣΤ4690ΒΑ-ΡΑΩ,2023-04-03,ΧΕ 1-487,,,,no sponsor block
96ΣΚ4690ΒΑ-4ΝΞ,2023-04-03,ΧΕ 1-486,,,,no sponsor block
96814690ΒΑ-ΔΚΞ,2023-04-03,ΧΕ 1-484,,,,no sponsor block
9ΠΨΥ4690ΒΑ-2ΜΜ,2023-04-03,ΧΕ 1-482,,,,no sponsor block
6Ψ5Μ4690ΒΑ-ΕΓ2,2023-03-31,ΧΕ 1-480,,,,no sponsor block
6Υ744690ΒΑ-96Υ,2023-03-31,ΧΕ 1-479,,,,no sponsor block
9ΜΧΘ4690ΒΑ-Δ97,2023-03-31,ΧΕ 1-478,,,,no sponsor block
6ΔΟΑ4690ΒΑ-Β0Μ,2023-03-31,ΧΕΠ 1-467,,,,no sponsor block
6Ρ6Η4690ΒΑ-6ΦΗ,2023-03-31,ΧΕ 1-476,,,,no sponsor block
6ΨΝΤ4690ΒΑ-ΩΚΞ,2023-03-31,ΧΕΠ 1-475,,,,no sponsor block
6ΠΧ64690ΒΑ-1ΗΛ,2023-03-31,ΧΕ 1-474,,,,no sponsor block
99ΧΖ4690ΒΑ-ΟΚΕ,2023-03-31,ΧΕΠ 1-473,,,,no sponsor block
9ΦΨ04690ΒΑ-ΚΗΙ,2023-03-31,ΧΕΠ 1-472,,,,no sponsor block
9ΤΛ44690ΒΑ-3ΨΗ,2023-03-30,ΧΕ 1-466,,,,no sponsor block
9ΕΕΜ4690ΒΑ-ΒΦ7,2023-03-30,ΧΕ 1-465,,,,no sponsor block
ΨΔΝΑ4690ΒΑ-5ΨΝ,2023-03-30,ΧΕ 1-464,,,,no sponsor block
Ψ4ΤΙ4690ΒΑ-ΧΚΨ,2023-03-30,ΧΕ 1-463,,,,no sponsor block
97Ρ44690ΒΑ-ΑΜΣ,2023-03-30,ΧΕ 1-462,,,,no sponsor block
Ψ5ΑΘ4690ΒΑ-ΟΝΡ,2023-03-30,ΧΕ 1-460,,,,no sponsor block
9ΩΘ14690ΒΑ-6ΗΣ,2023-03-30,ΧΕ 1-459,,,,no sponsor block
Ψ94Δ4690ΒΑ-24Ρ,2023-03-30,ΧΕ 1-457,,,,no sponsor block
6Ε8Ζ4690ΒΑ-ΣΣ0,2023-03-30,ΧΕ 1-456,,,,no sponsor block
ΨΠ024690ΒΑ-ΡΜΙ,2023-03-30,ΧΕ 1-455,,,,no sponsor block
9ΜΨΥ4690ΒΑ-Ι9Λ,2023-03-30,ΧΕ 1-454,,,,no sponsor block
6ΚΟ84690ΒΑ-ΥΗΕ,2023-03-30,ΧΕ 1-453,,,,no sponsor block
63524690ΒΑ-ΜΦ0,2023-03-30,ΧΕ 1-449,,,,no sponsor block
Ψ0Ω24690ΒΑ-ΟΒΛ,2023-03-28,ΧΕ 1-421,,,,no sponsor block
65ΛΙ4690ΒΑ-ΒΜ2,2023-03-28,ΧΕ 1-420,,,,no sponsor block
94Π44690ΒΑ-ΗΞΔ,2023-03-28,ΧΕ 1-419,,,,no sponsor block
6ΔΝΙ4690ΒΑ-Ω9Γ,2023-03-28,ΧΕ 1-418,,,,no sponsor block
9ΩΛ24690ΒΑ-ΞΣΞ,2023-03-28,ΧΕ 1-416,,,,no sponsor block
61Χ04690ΒΑ-ΤΑΝ,2023-03-28,ΧΕ 1-413,,,,no sponsor block
9ΘΒΡ4690ΒΑ-458,2023-03-27,ΧΕ 1-411,,,,no sponsor block
ΨΥΜ14690ΒΑ-ΓΒΣ,2023-03-27,ΧΕ 1-410,,,,no sponsor block
61ΗΟ4690ΒΑ-ΣΛΙ,2023-03-27,ΧΕ 1-409,,,,no sponsor block
ΨΦΘΩ4690ΒΑ-412,2023-03-27,ΧΕ 1-408,,,,no sponsor block
61ΨΧ4690ΒΑ-ΟΑΨ,2023-03-27,ΧΕ 1-407,,,,no sponsor block
ΨΒΖΧ4690ΒΑ-Χ3Θ,2023-03-27,ΧΕ 1-406,,,,no sponsor block
ΨΞΥ64690ΒΑ-ΩΥΑ,2023-03-27,ΧΕ 1-404,,,,no sponsor block
6Χ2Ψ4690ΒΑ-ΓΘΓ,2023-03-27,ΧΕ 1-403,,,,no sponsor block
Ψ62Δ4690ΒΑ-9ΓΩ,2023-03-27,ΧΕ 1-402,,,,no sponsor block
9ΟΠΖ4690ΒΑ-Υ7Δ,2023-03-27,ΧΕ 1-400,,,,no sponsor block
9ΡΣΜ4690ΒΑ-1ΗΤ,2023-03-27,ΧΕ 1-399,,,,no sponsor block
6Α6Η4690ΒΑ-Φ1Α,2023-03-27,ΧΕ 1-397,,,,no sponsor block
6Π8Ρ4690ΒΑ-ΡΗΑ,2023-03-27,ΧΕ 1-396,,,,no sponsor block
6ΒΩ14690ΒΑ-ΣΝ7,2023-03-27,ΧΕ 1-395,,,,no sponsor block
6ΓΗ14690ΒΑ-Φ6Ε,2023-03-27,ΧΕ 1-394,,,,no sponsor block
9Β1Σ4690ΒΑ-ΒΥΜ,2023-03-27,ΧΕ 1-393,,,,no sponsor block
ΨΥ2Π4690ΒΑ-ΕΕΣ,2023-03-27,ΧΕ 1-392,,,,no sponsor block
ΩΖ4Τ4690ΒΑ-32Α,2023-03-27,ΧΕ 1-391,,,,no sponsor block
Ψ6ΒΖ4690ΒΑ-Γ2Ι,2024-01-04,ΧΕ 1-7,,,,no sponsor block
ΨΕΕΩ4690ΒΑ-ΣΞ0,2024-01-04,ΧΕ 1-6,,,,no sponsor block
ΨΕ1Λ4690ΒΑ-ΛΛΖ,2024-01-04,ΧΕ 1-5,,,,no sponsor block
6ΙΩΘ4690ΒΑ-ΥΣΦ,2024-01-04,ΧΕ 1-4,,,,no sponsor block
94ΞΤ4690ΒΑ-ΙΒΡ,2024-01-04,ΧΕ 1-3,,,,no sponsor block
9ΚΨΦ4690ΒΑ-Υ99,2024-01-04,ΧΕ 1-2,,,,no sponsor block
Ψ9ΠΑ4690ΒΑ-ΖΧΥ,2024-01-04,ΧΕ 1-1,,,,no sponsor block
6ΩΣΠ4690ΒΑ-2ΜΚ,2023-12-18,ΧΕ 1-1826,,,,no sponsor block
962Ζ4690ΒΑ-ΧΘ1,2023-12-15,ΧΕ 1-1822,,,,no sponsor block
6ΚΛΙ4690ΒΑ-664,2023-12-14,ΧΕ 1-1821,,,,no sponsor block
ΨΨΨΘ4690ΒΑ-4ΦΚ,2023-12-14,ΧΕ 1-1820,,,,no sponsor block
6Δ5Λ4690ΒΑ-ΤΣ3,2023-12-14,ΧΕ 1-1819,,,,no sponsor block
9ΦΣ34690ΒΑ-53Μ,2023-12-14,ΧΕ 1-1818,,,,no sponsor block
ΨΩ734690ΒΑ-Γ65,2023-12-14,ΧΕ 1-1817,,,,no sponsor block
621Ε4690ΒΑ-Γ4Π,2023-12-14,ΧΕ 1-1816,,,,no sponsor block
ΨΟ8Υ4690ΒΑ-ΝΜΔ,2023-12-14,ΧΕ 1-1815,,,,no sponsor block
6ΘΣ14690ΒΑ-ΖΘΠ,2023-12-14,ΧΕ 1-1814,,,,no sponsor block
ΨΜΩΩ4690ΒΑ-Σ5Λ,2023-12-14,ΧΕ1-1813,,,,no sponsor block
ΨΚΟΦ4690ΒΑ-9Ω1,2023-12-14,ΧΕΠ 1-1812,,,,no sponsor block
909Υ4690ΒΑ-ΙΑΑ,2023-12-14,ΧΕΠ 1-1811,,,,no sponsor block
Ψ0ΨΣ4690ΒΑ-Φ93,2023-12-14,ΧΕΠ 1-1810,,,,no sponsor block
9ΗΦ54690ΒΑ-ΗΗΑ,2023-12-14,ΧΕΠ 1-1809,,,,no sponsor block
ΨΗΗΨ4690ΒΑ-ΟΝΛ,2023-12-14,ΧΕΠ 1-1808,,,,no sponsor block
9ΞΘ84690ΒΑ-ΣΓ4,2023-12-14,ΧΕΠ 1-1807,,,,no sponsor block
Ψ3ΦΟ4690ΒΑ-45Ω,2023-12-14,ΧΕΠ 1-1806,,,,no sponsor block
ΨΔΥΣ4690ΒΑ-ΨΕΨ,2023-12-14,ΧΕΠ 1-1805,,,,no sponsor block
61Δ24690ΒΑ-Κ45,2023-12-14,ΧΕΠ 1-1804,,,,no sponsor block
62ΧΔ4690ΒΑ-Ω57,2023-12-14,ΧΕ 1-1803,,,,no sponsor block
ΩΝΩΝ4690ΒΑ-0ΙΞ,2023-12-14,ΧΕΠ 1-1802,,,,no sponsor block
6ΞΠΖ4690ΒΑ-94Ι,2023-12-14,ΧΕΠ 1-1801,,,,no sponsor block
ΩΖΗΟ4690ΒΑ-1ΝΜ,2023-12-14,ΧΕΠ 1-1800,,,,no sponsor block
Ω8Ρ14690ΒΑ-ΣΣΓ,2023-12-13,ΧΕ 1-1799,,,,no sponsor block
9ΞΦ54690ΒΑ-ΒΑΩ,2023-12-13,ΧΕ 1-1798,,,,no sponsor block
Ψ0ΦΑ4690ΒΑ-05Η,2023-12-13,ΧΕ 1-1797,,,,no sponsor block
ΨΨΑΔ4690ΒΑ-ΥΦΜ,2023-12-13,ΧΕΠ 1-1796,,,,no sponsor block
61ΞΔ4690ΒΑ-09Β,2023-12-13,ΧΕ 1-1795,,,,no sponsor block
Ω8ΠΨ4690ΒΑ-ΕΨΣ,2023-12-13,ΧΕΠ 1-1794,,,,no sponsor block
654Ν4690ΒΑ-ΦΚΕ,2023-12-13,ΧΕΠ 1-1793,,,,no sponsor block
634Τ4690ΒΑ-ΔΝ3,2023-12-13,ΧΕ 1-1792,,,,no sponsor block
Ψ9ΚΡ4690ΒΑ-ΑΦ6,2023-12-13,ΧΕ 1-1791,,,,no sponsor block
ΨΡ4Ζ4690ΒΑ-ΧΗΒ,2023-12-13,χεπ 1-1790,,,,no sponsor block
94ΜΡ4690ΒΑ-ΛΚΗ,2023-12-13,ΧΕ 1-1789,,,,no sponsor block
6ΗΠ34690ΒΑ-0ΟΦ,2023-12-13,ΧΕΠ 1-1788,,,,no sponsor block
ΨΥΤ04690ΒΑ-ΘΑ4,2023-12-13,ΧΕ 1-1787,,,,no sponsor block
6ΝΧΙ4690ΒΑ-ΗΟΞ,2023-12-13,ΧΕΠ 1-1786,,,,no sponsor block
6Λ2Μ4690ΒΑ-61Θ,2023-12-13,ΧΕΠ 1-1785,,,,no sponsor block
66Α84690ΒΑ-665,2023-12-13,ΧΕ 1-1784,,,,no sponsor block
6ΔΒΦ4690ΒΑ-ΠΡΤ,2023-12-13,ΧΕΠ 1-1783,,,,no sponsor block
ΨΙΠΦ4690ΒΑ-ΤΑΘ,2023-12-13,ΧΕ 1-1782,,,,no sponsor block
6ΕΞΚ4690ΒΑ-ΕΟ8,2023-12-13,ΧΕ 1-1781,,,,no sponsor block
ΨΟΥΑ4690ΒΑ-ΖΟΝ,2023-12-13,χε 1-1780,,,,no sponsor block
ΨΜ1Ψ4690ΒΑ-ΦΝΛ,2023-12-13,ΧΕ 1-1779,,,,no sponsor block
985Ι4690ΒΑ-ΣΑΙ,2023-12-07,ΧΕ 1-1770,,,,no sponsor block
ΨΝΡ74690ΒΑ-ΩΕΥ,2023-12-07,ΧΕΠ  1-1769,,,,no sponsor block
Ψ56Ξ4690ΒΑ-70Δ,2023-12-06,ΧΕ 1-1767,,,,no sponsor block
6ΒΤΠ4690ΒΑ-Κ61,2023-12-06,ΧΕ 1-1766,,,,no sponsor block
ΨΜ9Δ4690ΒΑ-27Τ,2023-12-01,ΧΕ 1-1754,,,,no sponsor block
6Β9Ε4690ΒΑ-Υ6Ω,2023-12-01,ΧΕ 1-1753,,,,no sponsor block
6Χ5Χ4690ΒΑ-4ΒΖ,2023-12-01,ΧΕ 1-1752,,,,no sponsor block
94Ο34690ΒΑ-83Α,2023-12-01,ΧΕ 1-1751,,,,no sponsor block
ΨΟΨΒ4690ΒΑ-ΒΩΘ,2023-12-01,ΧΕ 1-1750,,,,no sponsor block
ΨΧΟΡ4690ΒΑ-ΤΚ1,2023-12-01,ΧΕ 1-1749,,,,no sponsor block
ΨΧΦΩ4690ΒΑ-ΣΒΓ,2023-12-01,ΧΕ 1-1748,,,,no sponsor block
ΨΖΚΦ4690ΒΑ-Δ3Θ,2023-12-01,ΧΕ 1-1747,,,,no sponsor block
ΨΟΘΛ4690ΒΑ-Ψ3Β,2023-11-29,ΧΕ 1-1740,,,,no sponsor block
ΡΩ1Ψ4690ΒΑ-ΙΚ1,2023-11-29,ΧΕ 1-1739,,,,no sponsor block
961Ν4690ΒΑ-ΕΥΙ,2023-11-29,ΧΕ 1-1738,,,,no sponsor block
9Δ234690ΒΑ-1ΙΡ,2023-11-29,ΧΕ 1-1736,,,,no sponsor block
6Ο7Ι4690ΒΑ-1ΔΧ,2023-11-29,ΧΕ 1-1735,,,,no sponsor block
9ΛΑ64690ΒΑ-ΖΜ8,2023-11-29,ΧΕ 1-1734,,,,no sponsor block
ΨΛΣΩ4690ΒΑ-ΚΜ7,2023-11-28,ΧΕ 1-1733,,,,no sponsor block
9ΦΞ14690ΒΑ-7ΜΕ,2023-11-28,ΧΕ 1-1732,,,,no sponsor block
ΨΖΥΘ4690ΒΑ-Ξ71,2023-11-28,ΧΕ 1-1731,,,,no sponsor block
9Φ0Ε4690ΒΑ-6Υ5,2023-11-17,ΧΕ 1-1720,,,,no sponsor block
665Ε4690ΒΑ-ΒΜΤ,2023-11-17,ΧΕ 1-1719,,,,no sponsor block
9ΕΠΘ4690ΒΑ-Β5Ψ,2023-11-17,ΧΕ 1-1718,,,,no sponsor block
6Ρ9Ο4690ΒΑ-8ΦΦ,2023-11-16,ΧΕ 1-1717 ΑΠΟΔΟΣΗ ΚΡΑΤΗΣΕΩΝ ΕΑΠ,,,,no sponsor block
ΨΡΣΖ4690ΒΑ-9ΗΧ,2023-11-16,ΧΕ 1-1716 ΑΠΟΔΟΣΗ ΚΡΑΤΗΣΕΩΝ ΕΑΠ,,,,no sponsor block
ΨΒ2Ζ4690ΒΑ-943,2023-11-16,ΧΕ 1-1715 ΚΡΑΤΗΣΕΙΣ ΕΑΠ,,,,no sponsor block
6ΦΘΛ4690ΒΑ-Κ4Υ,2023-11-16,ΧΕ 1-1714,,,,no sponsor block
6Ε644690ΒΑ-3ΩΣ,2023-11-06,ΧΕ 1-1631,,,,no sponsor block
6Ο3Ι4690ΒΑ-ΕΛΕ,2023-11-02,ΧΕ 1-1612,,,,no sponsor block
98124690ΒΑ-Ι9Α,2023-11-02,ΧΕ 1-1611,,,,no sponsor block
9Ε204690ΒΑ-ΗΣΣ,2023-11-02,ΧΕ 1-1610,,,,no sponsor block
9Γ8Ο4690ΒΑ-Ε24,2023-11-02,ΧΕ 1-1608,,,,no sponsor block
998Σ4690ΒΑ-Ι3Ρ,2023-11-02,ΧΕ 1-1606,,,,no sponsor block
Ψ4ΤΓ4690ΒΑ-ΩΩΛ,2023-11-02,ΧΕ 1-1603,,,,no sponsor block
ΨΛ0Φ4690ΒΑ-ΘΑΝ,2023-11-02,ΧΕ 1-1601,,,,no sponsor block
6ΣΔΛ4690ΒΑ-ΚΛΙ,2023-11-02,ΧΕ 1-1598,,,,no sponsor block
6ΟΟΑ4690ΒΑ-ΩΣΙ,2023-11-02,ΧΕ 1-1596,,,,no sponsor block
62ΠΨ4690ΒΑ-ΜΓΜ,2023-11-01,ΧΕ 1-1594,,,,no sponsor block
ΡΡΧΣ4690ΒΑ-ΙΦΝ,2023-11-01,ΧΕ 1-1593,,,,no sponsor block
9Ψ1Σ4690ΒΑ-ΡΤΓ,2023-11-01,ΧΕ 1-1592,,,,no sponsor block
6ΗΣΥ4690ΒΑ-ΤΔΕ,2023-11-01,ΧΕ 1-1591,,,,no sponsor block
9Ο404690ΒΑ-093,2023-11-01,ΧΕ 1-1590,,,,no sponsor block
9Ω9Σ4690ΒΑ-8ΨΑ,2023-11-01,ΧΕ 1-1589,,,,no sponsor block
ΨΙΤΙ4690ΒΑ-ΦΙΘ,2023-11-01,ΧΕ 1-1588,,,,no sponsor block
ΨΠΛΛ4690ΒΑ-253,2023-11-01,ΧΕ 1-1587,,,,no sponsor block
ΨΧ8Ω4690ΒΑ-9Γ6,2023-11-01,ΧΕ 1-1586,,,,no sponsor block
9ΚΧΠ4690ΒΑ-ΚΣΦ,2023-11-01,ΧΕ 1-1585,,,,no sponsor block
9Ε0Λ4690ΒΑ-8ΝΨ,2023-11-01,ΧΕ 1-1584,,,,no sponsor block
6ΜΛ84690ΒΑ-ΒΝΨ,2023-11-01,ΧΕ 1-1583,,,,no sponsor block
Ψ2ΨΔ4690ΒΑ-Θ9Π,2023-11-01,ΧΕ 1-1582,,,,no sponsor block
ΨΦΩ04690ΒΑ-4ΩΨ,2023-10-31,ΧΕ 1-1581,,,,no sponsor block
ΨΞΨΡ4690ΒΑ-ΘΚ7,2023-10-31,ΧΕ 1-1580,,,,no sponsor block
6ΤΑ04690ΒΑ-9ΘΚ,2023-10-31,ΧΕ 1-1579,,,,no sponsor block
Ψ39Σ4690ΒΑ-Ζ0Τ,2023-10-31,ΧΕ 1-1578,,,,no sponsor block
6ΠΔΖ4690ΒΑ-Κ0Ξ,2023-10-31,ΧΕ 1-1577,,,,no sponsor block
9ΨΛΧ4690ΒΑ-ΩΤΖ,2023-10-31,ΧΕ 1-1576,,,,no sponsor block
98ΞΙ4690ΒΑ-ΘΕ6,2023-10-31,ΧΕ 1-1575,,,,no sponsor block
6ΗΠΖ4690ΒΑ-ΝΨΠ,2023-10-31,ΧΕ 1-1574,,,,no sponsor block
925Β4690ΒΑ-Χ79,2023-10-31,ΧΕ 1-1573,,,,no sponsor block
62ΛΧ4690ΒΑ-Λ72,2023-10-30,ΧΕ 1-1570,,,,no sponsor block
6Ι4Τ4690ΒΑ-Ξ64,2023-10-30,ΧΕ 1-1569,,,,no sponsor block
Ρ6ΩΜ4690ΒΑ-Β7Σ,2023-10-30,ΧΕ 1-1568,,,,no sponsor block
ΨΜΧΔ4690ΒΑ-Σ7Θ,2023-10-30,ΧΕ 1-1567,,,,no sponsor block
9Ν8Ρ4690ΒΑ-1ΚΦ,2023-10-30,ΧΕ 1-1566,,,,no sponsor block
9Α804690ΒΑ-8Μ3,2023-10-30,ΧΕ 1-1565,,,,no sponsor block
9ΞΛ84690ΒΑ-1ΨΧ,2023-10-30,ΧΕ 1-1564,,,,no sponsor block
ΨΕΑΑ4690ΒΑ-ΒΓΘ,2023-10-27,ΧΕ 1-1563,,,,no sponsor block
6ΦΡ54690ΒΑ-ΤΓΑ,2023-10-27,ΧΕ 1-1562,,,,no sponsor block
6ΟΚΩ4690ΒΑ-Δ9Υ,2023-10-27,ΧΕ 1-1561,,,,no sponsor block
6ΥΒ54690ΒΑ-ΜΜΚ,2023-10-27,ΧΕ 1-1560,,,,no sponsor block
6ΙΤΝ4690ΒΑ-ΟΡ1,2023-10-27,ΧΕ 1-1559,,,,no sponsor block
Ρ17Α4690ΒΑ-7ΔΗ,2023-10-27,ΧΕ 1-1558,,,,no sponsor block
9Ξ7Ξ4690ΒΑ-44Ν,2023-10-25,ΧΕ 1-1544,,,,no sponsor block
Ψ4694690ΒΑ-ΜΕ4,2023-10-25,ΧΕ 1-1543,,,,no sponsor block
Ψ9ΕΝ4690ΒΑ-5ΒΛ,2023-10-23,ΧΕ 1-1538,,,,no sponsor block
ΨΞΣ94690ΒΑ-ΠΕΦ,2023-10-23,ΧΕ 1-1534,,,,no sponsor block
6Β6Γ4690ΒΑ-Δ51,2023-10-18,ΧΕ 1-1498,,,,no sponsor block
9ΝΣΛ4690ΒΑ-ΖΗΒ,2023-10-17,ΧΕ 1-1496,,,,no sponsor block
93364690ΒΑ-Γ6Δ,2023-10-17,ΧΕ 1-1495,,,,no sponsor block
ΡΞΥΜ4690ΒΑ-ΟΜΘ,2023-10-17,ΧΕ 1-1494,,,,no sponsor block
Ψ91Χ4690ΒΑ-ΑΩΡ,2023-10-17,ΧΕ 1-1493,,,,no sponsor block
9ΧΔ84690ΒΑ-ΤΦΧ,2023-10-17,ΧΕ 1-1492,,,,no sponsor block
659Ο4690ΒΑ-ΨΨΚ,2023-10-17,ΧΕ 1-1491,,,,no sponsor block
9Ο484690ΒΑ-ΠΚ9,2023-10-12,ΧΕ 1-1472,,,,no sponsor block
6ΗΚ24690ΒΑ-ΕΝ8,2023-10-12,ΧΕ 1-1471,,,,no sponsor block
ΡΩΚ14690ΒΑ-3ΗΖ,2023-10-12,ΧΕ 1-1470,,,,no sponsor block
6ΜΤ14690ΒΑ-ΒΧΤ,2023-10-12,ΧΕ 1-1469,,,,no sponsor block
6ΧΦΓ4690ΒΑ-ΓΛ0,2023-10-12,ΧΕ 1-1468,,,,no sponsor block
9ΨΨΥ4690ΒΑ-Δ0Φ,2023-10-12,ΧΕ 1-1467,,,,no sponsor block
616Ξ4690ΒΑ-Π1Ι,2023-10-12,ΧΕ 1-1463,,,,no sponsor block
6ΓΝΡ4690ΒΑ-ΥΞΡ,2023-10-11,ΧΕ 1-1458,,,,no sponsor block
ΨΔΛΗ4690ΒΑ-ΖΙΠ,2023-10-10,ΧΕ 1-1452,,,,no sponsor block
9ΘΤ24690ΒΑ-ΔΞΜ,2023-10-10,ΧΕ 1-1451,,,,no sponsor block
69ΝΚ4690ΒΑ-ΘΟ7,2023-10-10,ΧΕ 1-1450,,,,no sponsor block
9Η7Η4690ΒΑ-Φ47,2023-10-10,ΧΕ 1-1448,,,,no sponsor block
60ΚΑ4690ΒΑ-99Τ,2023-10-09,ΧΕ 1-1447,,,,no sponsor block
ΨΔΥΞ4690ΒΑ-ΡΜΓ,2023-10-09,ΧΕ 1-1445,,,,no sponsor block
ΩΧΓ04690ΒΑ-ΗΙΩ,2023-10-09,ΧΕ 1-1444,,,,no sponsor block
ΡΠ5Φ4690ΒΑ-ΠΒ4,2023-10-06,ΧΕ 1-1438,,,,no sponsor block
Ρ40Φ4690ΒΑ-ΔΧ1,2023-10-06,ΧΕ 1-1437,,,,no sponsor block
603Ω4690ΒΑ-2ΡΗ,2023-10-06,ΧΕ 1-1436,,,,no sponsor block
652Τ4690ΒΑ-ΚΘ2,2023-10-06,ΧΕ 1-1435,,,,no sponsor block
9ΝΨ54690ΒΑ-ΙΙΩ,2023-10-06,ΧΕ 1-1434,,,,no sponsor block
ΨΥ9Ο4690ΒΑ-3ΘΥ,2023-10-06,ΧΕ 1-1433,,,,no sponsor block
9ΒΡΞ4690ΒΑ-83Χ,2023-10-06,ΧΕ 1-1432,,,,no sponsor block
ΩΧΒΟ4690ΒΑ-Υ07,2023-10-04,ΧΕ 1-1431,,,,no sponsor block
6ΒΒΞ4690ΒΑ-ΠΧΩ,2023-10-04,ΧΕ 1-1430,,,,no sponsor block
9ΛΖ24690ΒΑ-Χ5Ξ,2023-10-04,ΧΕ 1-1429,,,,no sponsor block
6ΗΡΟ4690ΒΑ-ΥΘΝ,2023-10-04,ΧΕ 1-1428,,,,no sponsor block
ΨΧΡ54690ΒΑ-ΞΝΙ,2023-10-04,ΧΕ 1-1427,,,,no sponsor block
67ΘΝ4690ΒΑ-ΞΦΝ,2023-10-04,ΧΕ 1-1426,,,,no sponsor block
9Η514690ΒΑ-5ΨΡ,2023-10-04,ΧΕ 1-1425,,,,no sponsor block
Ψ2Κ44690ΒΑ-5Ρ3,2023-10-04,ΧΕ 1-1424,,,,no sponsor block
9ΚΙΙ4690ΒΑ-9ΔΩ,2023-10-02,ΧΕ 1-1423,,,,no sponsor block
69ΦΚ4690ΒΑ-ΩΝΙ,2023-10-02,ΧΕ 1-1422,,,,no sponsor block
6ΦΔΚ4690ΒΑ-ΤΡ0,2023-10-02,ΧΕ 1-1421,,,,no sponsor block
ΨΔ644690ΒΑ-Σ3Η,2023-10-02,ΧΕ 1-1420,,,,no sponsor block
ΨΓ5Κ4690ΒΑ-ΠΒΖ,2023-10-02,ΧΕ 1-1419,,,,no sponsor block
6ΨΚΤ4690ΒΑ-ΑΤΞ,2023-10-02,ΧΕ  1-1418,,,,no sponsor block
Ψ95Φ4690ΒΑ-2Μ4,2023-10-02,ΧΕ 1-1417,,,,no sponsor block
6ΝΣΨ4690ΒΑ-ΞΩΣ,2023-10-02,ΧΕ 1-1416,,,,no sponsor block
6ΨΗΨ4690ΒΑ-Ε2Ψ,2023-10-02,ΧΕ 1-1415,,,,no sponsor block
ΨΩΕ64690ΒΑ-29Η,2023-10-02,ΧΕ 1-1414,,,,no sponsor block
6ΥΞ54690ΒΑ-4ΧΑ,2023-10-02,ΧΕ 1-1413,,,,no sponsor block
ΨΞΦΚ4690ΒΑ-Θ6Ρ,2023-10-02,ΧΕ 1-1412,,,,no sponsor block
9ΙΞΒ4690ΒΑ-Μ6Μ,2023-09-29,ΧΕ 1-1411,,,,no sponsor block
9ΚΦΧ4690ΒΑ-ΨΕ5,2023-09-29,ΧΕ 1-1410,,,,no sponsor block
9ΟΨ54690ΒΑ-ΠΡΥ,2023-09-21,ΧΕ 1-1396,,,,no sponsor block
6ΖΑΕ4690ΒΑ-5Ξ4,2023-09-18,ΧΕ 1-1372,,,,no sponsor block
ΨΤΗΤ4690ΒΑ-1ΜΝ,2023-09-18,ΧΕ 1-1371,,,,no sponsor block
91ΙΣ4690ΒΑ-9ΨΠ,2023-09-12,ΧΕ 1-1367,,,,no sponsor block
Ρ90Ζ4690ΒΑ-Ν5Η,2023-09-12,ΧΕ 1-1366,,,,no sponsor block
9ΦΞ04690ΒΑ-4Υ2,2023-09-12,ΧΕ 1-1365,,,,no sponsor block
9ΥΔΓ4690ΒΑ-1ΥΠ,2023-09-12,ΧΕ 1-1364,,,,no sponsor block
9ΚΩΒ4690ΒΑ-ΝΧΗ,2023-09-12,ΧΕ 1-1363,,,,no sponsor block
90Ρ84690ΒΑ-Μ5Ξ,2023-09-12,ΧΕ 1-1361,,,,no sponsor block
62ΚΕ4690ΒΑ-ΧΑ0,2023-09-12,ΧΕ 1-1360,,,,no sponsor block
9ΓΤΔ4690ΒΑ-ΧΚΒ,2023-09-12,ΧΕ 1-1358,,,,no sponsor block
6ΟΦΔ4690ΒΑ-ΣΓ3,2023-09-12,ΧΕ 1-1357,,,,no sponsor block
6ΑΓΧ4690ΒΑ-Μ71,2023-09-07,ΧΕ 1-1343,,,,no sponsor block
ΨΗΓΔ4690ΒΑ-860,2023-09-07,ΧΕ 1-1342,,,,no sponsor block
90ΚΡ4690ΒΑ-ΖΣΕ,2023-09-05,ΧΕ 1-1338,,,,no sponsor block
ΡΠ2Ι4690ΒΑ-ΥΗΜ,2023-09-05,ΧΕ 1-1337,,,,no sponsor block
ΡΞ2Ζ4690ΒΑ-ΞΜΥ,2023-09-05,ΧΕ 1-1336,,,,no sponsor block
ΨΜΚΙ4690ΒΑ-Π0Ρ,2023-09-05,ΧΕ 1-1335,,,,no sponsor block
97ΜΒ4690ΒΑ-1ΓΑ,2023-09-04,ΧΕ 1-1334,,,,no sponsor block
96Π64690ΒΑ-ΘΑΩ,2023-09-04,ΧΕ 1-1333,,,,no sponsor block
ΡΩΣΜ4690ΒΑ-Ρ2Χ,2023-09-04,ΧΕ 1-1332,,,,no sponsor block
ΩΝ5Φ4690ΒΑ-ΠΘΓ,2023-09-04,ΧΕ 1-1331,,,,no sponsor block
9ΡΒΚ4690ΒΑ-ΤΡΝ,2023-09-04,ΧΕ 1-1330,,,,no sponsor block
6Λ2Π4690ΒΑ-Η9Σ,2023-09-04,ΧΕ 1-1329,,,,no sponsor block
6ΕΔΞ4690ΒΑ-5ΣΑ,2023-09-04,ΧΕ 1-1328,,,,no sponsor block
9ΞΘΞ4690ΒΑ-4Ρ3,2023-09-04,ΧΕ 1-1327,,,,no sponsor block
9ΤΨ74690ΒΑ-ΖΡΚ,2023-09-01,ΧΕ 1-1326,,,,no sponsor block
ΨΛΟ04690ΒΑ-9ΑΘ,2023-09-01,ΧΕ 1-1325,,,,no sponsor block
9ΕΟΚ4690ΒΑ-0ΚΓ,2023-09-01,ΧΕ 1-1324,,,,no sponsor block
6ΖΔΗ4690ΒΑ-1Κ1,2023-09-01,ΧΕ 1-1323,,,,no sponsor block
6Χ2Υ4690ΒΑ-ΞΩΟ,2023-09-01,ΧΕ 1-1322,,,,no sponsor block
93ΠΖ4690ΒΑ-ΖΞΥ,2023-09-01,ΧΕ 1-1321,,,,no sponsor block
ΨΗ9Ι4690ΒΑ-ΖΥΔ,2023-09-01,ΧΕ 1-1320,,,,no sponsor block
ΡΟΤΘ4690ΒΑ-ΗΩ2,2023-08-29,ΧΕ 1-1314,,,,no sponsor block
Ρ6244690ΒΑ-2ΚΥ,2023-08-29,ΧΕ 1-1313,,,,no sponsor block
9ΒΕΩ4690ΒΑ-6ΚΩ,2023-08-29,ΧΕ 1-1312,,,,no sponsor block
92ΒΕ4690ΒΑ-ΝΒΗ,2023-08-29,ΧΕ 1-1311,,,,no sponsor block
ΨΧ234690ΒΑ-ΙΒΙ,2023-08-28,ΧΕ 1-1310,,,,no sponsor block
ΨΑΖΛ4690ΒΑ-69Π,2023-08-28,ΧΕ 1-1309,,,,no sponsor block
6ΧΟΗ4690ΒΑ-Λ6Α,2023-08-28,ΧΕ 1-1308,,,,no sponsor block
93ΛΛ4690ΒΑ-ΓΦΑ,2023-08-28,ΧΕ 1-1307,,,,no sponsor block
ΩΝΜ04690ΒΑ-ΗΗΦ,2023-08-28,ΧΕ 1-1306,,,,no sponsor block
6ΟΖΩ4690ΒΑ-Ρ5Ι,2023-08-28,ΧΕ 1-1305,,,,no sponsor block
Ρ64Σ4690ΒΑ-Χ6Θ,2023-08-28,ΧΕ 1-1304,,,,no sponsor block
9ΔΟΒ4690ΒΑ-Β6Θ,2023-08-28,ΧΕ 1-1303,,,,no sponsor block
68ΙΓ4690ΒΑ-Κ7Ο,2023-08-23,ΧΕ 1-1298,,,,no sponsor block
6ΕΝ64690ΒΑ-ΚΒΘ,2023-08-23,ΧΕ 1-1297,,,,no sponsor block
6ΕΠΟ4690ΒΑ-1ΞΠ,2023-08-23,ΧΕ 1-1296,,,,no sponsor block
6ΧΛΥ4690ΒΑ-Η6Ρ,2023-08-23,ΧΕ 1-1295,,,,no sponsor block
6ΦΒΛ4690ΒΑ-ΦΣΣ,2023-08-23,ΧΕ 1-1294,,,,no sponsor block
Ψ7ΜΧ4690ΒΑ-94Μ,2023-08-23,ΧΕ 1-1293,,,,no sponsor block
925Ε4690ΒΑ-61Ε,2024-06-14,ΧΕ 1-869,,,,no sponsor block
ΡΟΥΟ4690ΒΑ-ΝΝΥ,2024-06-05,ΧΕ 1-822,,,,no sponsor block
62ΔΟ4690ΒΑ-ΤΝΘ,2024-06-03,ΧΕ 1-809,,,,no sponsor block
9Υ8Φ4690ΒΑ-ΥΛΝ,2024-06-03,ΧΕ 1-808,,,,no sponsor block
62ΘΞ4690ΒΑ-3ΨΑ,2024-06-03,ΧΕ 1-806,,,,no sponsor block
6ΨΨΦ4690ΒΑ-Κ2Π,2024-06-03,ΧΕ 1-805,,,,no sponsor block
9ΡΑΘ4690ΒΑ-ΨΓ5,2024-06-03,ΧΕ 1-804,,,,no sponsor block
66Ο64690ΒΑ-ΠΚΥ,2024-06-03,ΧΕ 1-803,,,,no sponsor block
6Φ3Β4690ΒΑ-3ΦΟ,2024-06-03,ΧΕ 1-801,,,,no sponsor block
6Θ4Δ4690ΒΑ-2ΦΒ,2024-05-27,ΧΕ 1-757,,,,no sponsor block
ΨΩΗΕ4690ΒΑ-ΜΔ6,2024-05-27,ΧΕ 1-756,,,,no sponsor block
ΨΥΜ74690ΒΑ-ΦΓΚ,2024-05-27,ΧΕ 1-755,,,,no sponsor block
601Γ4690ΒΑ-8ΙΡ,2024-05-27,ΧΕ 1-753,,,,no sponsor block
6ΤΙΜ4690ΒΑ-ΒΨΞ,2024-05-27,ΧΕ 1-752,,,,no sponsor block
68ΙΞ4690ΒΑ-5ΝΧ,2024-05-24,ΧΕ 1-746,,,,no sponsor block
ΡΒΙΚ4690ΒΑ-ΣΙΤ,2024-05-24,ΧΕ 1-745,,,,no sponsor block
ΨΕ814690ΒΑ-ΝΕΥ,2024-05-24,ΧΕ 1-744,,,,no sponsor block
ΨΒΙΜ4690ΒΑ-93Ι,2024-05-24,ΧΕ 1-743,,,,no sponsor block
ΡΚΝ94690ΒΑ-ΑΝΗ,2024-05-24,ΧΕ 1-742,,,,no sponsor block
62ΟΥ4690ΒΑ-Κ45,2024-05-24,ΧΕ 1-741,,,,no sponsor block
69ΙΘ4690ΒΑ-ΟΩΩ,2024-05-24,ΧΕ 1-740,,,,no sponsor block
9ΗΘ54690ΒΑ-ΞΩΧ,2024-05-20,ΧΕ 1-702,,,,no sponsor block
6ΧΠΨ4690ΒΑ-ΔΛ4,2024-05-16,ΧΕ 1-690,,,,no sponsor block
9Γ7Β4690ΒΑ-ΓΔ0,2024-05-02,ΧΕ 1-650,,,,no sponsor block
Ψ1ΒΝ4690ΒΑ-Ζ7Σ,2024-05-02,ΧΕ 1-649,,,,no sponsor block
99ΣΕ4690ΒΑ-ΘΩΡ,2024-05-02,ΧΕ 1-648,,,,no sponsor block
60ΜΟ4690ΒΑ-ΔΧΜ,2024-05-02,ΧΕ 1-647,,,,no sponsor block
ΨΓΞΠ4690ΒΑ-4ΟΟ,2024-05-01,ΧΕ 1-639,,,,no sponsor block
ΨΔΖΖ4690ΒΑ-Ο4Γ,2024-05-01,ΧΕ 1-638,,,,no sponsor block
60Ζ64690ΒΑ-Ζ5Ο,2024-05-01,ΧΕ 1-637,,,,no sponsor block
91224690ΒΑ-ΒΕΦ,2024-04-29,ΧΕ 1-632,,,,no sponsor block
ΨΚ6Γ4690ΒΑ-Ν2Σ,2024-04-29,ΧΕ 1-631,,,,no sponsor block
9ΦΘΗ4690ΒΑ-ΝΧΠ,2024-04-29,ΧΕ 1-630,,,,no sponsor block
ΡΩΧ84690ΒΑ-9Φ7,2024-04-29,ΧΕ 1-626,,,,no sponsor block
9ΥΥΒ4690ΒΑ-ΚΞΙ,2024-04-29,ΧΕ 1-624,,,,no sponsor block
ΨΨΧ04690ΒΑ-5ΜΩ,2024-04-17,ΧΕ 1-541,,,,no sponsor block
ΨΧΘΤ4690ΒΑ-92Π,2024-04-17,ΧΕ 1-540,,,,no sponsor block
96Ψ34690ΒΑ-ΗΛΞ,2024-04-17,ΧΕ 1-539,,,,no sponsor block
6ΗΟΙ4690ΒΑ-0ΤΡ,2024-04-17,ΧΕ 1-538,,,,no sponsor block
6Θ1Σ4690ΒΑ-ΥΔΜ,2024-04-17,ΧΕ 1-537,,,,no sponsor block
9ΖΕ34690ΒΑ-2Φ6,2024-04-16,ΧΕ 1-536,,,,no sponsor block
677Φ4690ΒΑ-ΟΒΝ,2024-04-16,ΧΕ 1-535,,,,no sponsor block
6ΩΛΩ4690ΒΑ-ΝΙΥ,2024-04-16,ΧΕ 1-534,,,,no sponsor block
Ρ7624690ΒΑ-8Η7,2024-04-16,ΧΕ 1-533,,,,no sponsor block
ΨΩ484690ΒΑ-2ΕΚ,2024-04-16,ΧΕ 1-532,,,,no sponsor block
ΨΗ7Ν4690ΒΑ-ΑΡ5,2024-04-16,ΧΕ 1-531,,,,no sponsor block
66ΖΦ4690ΒΑ-Ψ1Τ,2024-04-16,ΧΕ 1-530,,,,no sponsor block
6ΥΟΨ4690ΒΑ-0ΦΣ,2024-04-16,ΧΕ 1-529,,,,no sponsor block
9Λ7Χ4690ΒΑ-ΦΡΗ,2024-04-16,ΧΕ 1-528,,,,no sponsor block
ΨΡ4Μ4690ΒΑ-Η5Υ,2024-04-16,ΧΕ 1-527,,,,no sponsor block
93ΗΜ4690ΒΑ-Ο6Ν,2024-04-16,ΧΕ 1-526,,,,no sponsor block
ΨΩΧ94690ΒΑ-ΠΟΒ,2024-04-16,ΧΕ 1-525,,,,no sponsor block
9ΩΩΜ4690ΒΑ-ΝΤΤ,2024-04-16,ΧΕ 1-524,,,,no sponsor block
ΡΛ844690ΒΑ-ΠΥΧ,2024-04-15,ΧΕ 1-522,,,,no sponsor block
937Π4690ΒΑ-ΗΑΣ,2024-04-15,ΧΕ 1-521,,,,no sponsor block
65ΒΛ4690ΒΑ-ΞΗΖ,2024-04-15,ΧΕ 1-520,,,,no sponsor block
9Υ1Φ4690ΒΑ-Ξ57,2024-04-15,ΧΕ 1-519,,,,no sponsor block
Ρ9ΓΠ4690ΒΑ-ΛΚ6,2024-04-15,ΧΕ 1-518,,,,no sponsor block
ΡΨΝΜ4690ΒΑ-Ζ0Ο,2024-04-15,ΧΕ 1-516,,,,no sponsor block
9ΦΨΙ4690ΒΑ-ΠΧ1,2024-04-15,ΧΕ 1-517,,,,no sponsor block
94ΤΥ4690ΒΑ-Ι7Β,2024-04-15,ΧΕ 1-515,,,,no sponsor block
ΡΚ2Ψ4690ΒΑ-Υ64,2024-04-15,ΧΕ 1-514,,,,no sponsor block
Ψ9Ω44690ΒΑ-ΞΓΙ,2024-04-15,ΧΕ 1-513,,,,no sponsor block
6ΑΞΧ4690ΒΑ-ΥΔ4,2024-04-15,ΧΕ 1-512,,,,no sponsor block
ΨΠΒΨ4690ΒΑ-ΞΛΨ,2024-04-15,ΧΕ 1-511,,,,no sponsor block
6ΔΗΣ4690ΒΑ-15Ο,2024-04-11,ΧΕ 1-510,,,,no sponsor block
ΡΦΕΚ4690ΒΑ-ΜΒΕ,2024-04-11,ΧΕ 1-509,,,,no sponsor block
6Κ1Κ4690ΒΑ-ΞΥ4,2024-04-11,ΧΕ 1-508,,,,no sponsor block
9Η5Ε4690ΒΑ-Π2Υ,2024-04-02,ΧΕ 1-441,,,,no sponsor block
ΨΜ0Ο4690ΒΑ-0ΧΨ,2024-04-02,χε 1-440,,,,no sponsor block
6ΕΔΟ4690ΒΑ-8ΑΣ,2024-04-02,ΧΕ 1-439,,,,no sponsor block
6ΔΩΗ4690ΒΑ-ΠΣΝ,2024-04-02,ΧΕ 1-438,,,,no sponsor block
6ΦΩΓ4690ΒΑ-58Β,2024-04-02,ΧΕ 1-437,,,,no sponsor block
9ΧΜΨ4690ΒΑ-2ΔΓ,2024-04-02,ΧΕ 1-436,,,,no sponsor block
ΨΗΕ64690ΒΑ-ΕΗΚ,2024-04-02,ΧΕ 1-435,,,,no sponsor block
6ΜΠΚ4690ΒΑ-ΔΓΘ,2024-04-02,ΧΕ 1-433,,,,no sponsor block
ΨΦΗΣ4690ΒΑ-7ΟΓ,2024-04-02,ΧΕ 1-431,,,,no sponsor block
9Ρ2Ω4690ΒΑ-8ΘΜ,2024-04-02,ΧΕ 1-430,,,,no sponsor block
ΨΘΓΘ4690ΒΑ-ΕΝ5,2024-04-01,ΧΕ 1-424,,,,no sponsor block
ΨΡΩ84690ΒΑ-ΘΒ1,2024-04-01,ΧΕ 1-423,,,,no sponsor block
60ΣΓ4690ΒΑ-1ΨΔ,2024-04-01,ΧΕ 1-422,,,,no sponsor block
6ΨΝ54690ΒΑ-ΩΩ6,2024-04-01,ΧΕ 1-421,,,,no sponsor block
ΨΒΝΒ4690ΒΑ-Ο9Ζ,2024-04-01,ΧΕ  1-420,,,,no sponsor block
93Ο44690ΒΑ-ΙΒ3,2024-04-01,ΧΕ 1-419,,,,no sponsor block
637Ξ4690ΒΑ-4Υ3,2024-04-01,ΧΕ 1-418,,,,no sponsor block
9Η8Υ4690ΒΑ-22Π,2024-03-28,ΧΕ 1-414,,,,no sponsor block
6Φ534690ΒΑ-ΒΩΔ,2024-03-28,ΧΕ 1-412,,,,no sponsor block
96ΦΖ4690ΒΑ-7Σ4,2024-03-28,ΧΕ 1-410,,,,no sponsor block
9ΧΧΗ4690ΒΑ-22Α,2024-03-27,ΧΕ 1-401,,,,no sponsor block
94ΘΛ4690ΒΑ-Ξ9Ε,2024-03-27,ΧΕ 1-400,,,,no sponsor block
6ΣΖ64690ΒΑ-Ε3Ο,2024-03-27,ΧΕ 1-399,,,,no sponsor block
Ρ7Δ94690ΒΑ-ΗΦ7,2024-03-27,ΧΕ 1-398,,,,no sponsor block
60Ψ64690ΒΑ-6ΔΧ,2024-03-27,ΧΕ 1-397,,,,no sponsor block
9ΩΚΕ4690ΒΑ-Ν5Η,2024-03-27,ΧΕ 1-396,,,,no sponsor block
ΨΥΚΟ4690ΒΑ-ΣΜ0,2024-03-27,ΧΕ 1-395,,,,no sponsor block
6Λ974690ΒΑ-Φ2Ι,2024-03-27,ΧΕ 1-394,,,,no sponsor block
ΨΟΟΑ4690ΒΑ-ΘΜΛ,2024-03-27,ΧΕ 1-393,,,,no sponsor block
ΨΙΥΓ4690ΒΑ-ΦΓΘ,2024-03-27,ΧΕ 1-392,,,,no sponsor block
65ΒΧ4690ΒΑ-12Μ,2024-03-27,ΧΕ 1-391,,,,no sponsor block
6ΜΤΛ4690ΒΑ-ΙΒΧ,2024-03-26,ΧΕ 1-390,,,,no sponsor block
6ΖΝΜ4690ΒΑ-ΚΗΠ,2024-03-26,ΧΕ 1-389,,,,no sponsor block
6Ζ544690ΒΑ-Φ4Ψ,2024-03-26,ΧΕ 1-388,,,,no sponsor block
6Α164690ΒΑ-76Δ,2024-03-26,ΧΕ 1-387,,,,no sponsor block
6Γ3Μ4690ΒΑ-ΒΚΕ,2024-03-26,ΧΕ 1-386,,,,no sponsor block
ΡΒΠ54690ΒΑ-4ΝΘ,2024-03-26,ΧΕ 1-385,,,,no sponsor block
6ΕΧΥ4690ΒΑ-ΘΧΜ,2024-03-26,ΧΕ 1-384,,,,no sponsor block
ΡΨ244690ΒΑ-Φ1Ε,2024-03-26,ΧΕ 1-382,,,,no sponsor block
ΨΛΡΙ4690ΒΑ-Ψ41,2024-03-26,ΧΕ 1-383,,,,no sponsor block
ΡΞΜΘ4690ΒΑ-7ΡΘ,2024-03-26,ΧΕ 1-381,,,,no sponsor block
ΨΑΛΥ4690ΒΑ-52Ρ,2024-03-26,ΧΕ 1-380,,,,no sponsor block
Ρ1ΝΦ4690ΒΑ-ΙΜ1,2024-03-26,ΧΕ 1-379,,,,no sponsor block
9ΜΙ14690ΒΑ-Τ5Ν,2024-03-26,ΧΕ 1-378,,,,no sponsor block
6Υ7Τ4690ΒΑ-0ΦΨ,2024-03-26,ΧΕ 1-377,,,,no sponsor block
ΨΔΣΚ4690ΒΑ-Σ3Ξ,2024-03-26,ΧΕ 1-376,,,,no sponsor block
ΨΠΩΙ4690ΒΑ-76Κ,2024-03-26,ΧΕ 1-375,,,,no sponsor block
63ΧΖ4690ΒΑ-ΜΦΝ,2024-03-26,ΧΕ 1-374,,,,no sponsor block
ΨΔΙ84690ΒΑ-250,2024-03-26,ΧΕ 1-373,,,,no sponsor block
6Λ6Τ4690ΒΑ-ΔΜ8,2024-03-26,ΧΕ 1-372,,,,no sponsor block
92ΞΩ4690ΒΑ-Θ9Μ,2024-03-26,ΧΕ 1-371,,,,no sponsor block
ΨΙΣ74690ΒΑ-ΟΣΨ,2024-03-26,ΧΕ 1-370,,,,no sponsor block
9ΣΞ54690ΒΑ-290,2024-03-26,ΧΕ 1-369,,,,no sponsor block
9ΖΒΥ4690ΒΑ-ΑΚΓ,2024-03-26,ΧΕ 1-368,,,,no sponsor block
9ΦΘΕ4690ΒΑ-ΟΗΛ,2024-03-26,ΧΕ 1-367,,,,no sponsor block
9Ω1Ω4690ΒΑ-ΦΡΡ,2024-03-26,ΧΕ 1-365,,,,no sponsor block
6Λ5Ν4690ΒΑ-2ΝΔ,2024-03-26,ΧΕ1-366,,,,no sponsor block
9ΗΗΥ4690ΒΑ-ΒΜΥ,2024-03-26,ΧΕ 1-364,,,,no sponsor block
9ΡΒ94690ΒΑ-1ΙΜ,2024-03-26,ΧΕ 1-363,,,,no sponsor block
ΨΜΩΕ4690ΒΑ-ΔΕ4,2024-03-26,ΧΕ 1-361,,,,no sponsor block
65ΒΞ4690ΒΑ-ΜΩΩ,2024-03-26,ΧΕ 1-362,,,,no sponsor block
94ΧΟ4690ΒΑ-ΨΓΞ,2024-03-26,ΧΕ 1-360,,,,no sponsor block
6Ζ064690ΒΑ-ΚΟ3,2024-03-12,ΧΕ 1-317,,,,no sponsor block
9ΖΙΓ4690ΒΑ-76Ι,2024-03-12,ΧΕ 1-314,,,,no sponsor block
6ΦΔΥ4690ΒΑ-9ΑΝ,2024-03-01,ΧΕ 1-245,,,,no sponsor block
Ψ2ΠΛ4690ΒΑ-ΨΙ6,2024-03-01,ΧΕ 1-244,,,,no sponsor block
9Θ5Ζ4690ΒΑ-Υ1Ε,2024-03-01,ΧΕ 1-242,,,,no sponsor block
ΨΥΟΛ4690ΒΑ-ΧΞΠ,2024-03-01,ΧΕ 1-240,,,,no sponsor block
6ΕΙ24690ΒΑ-ΛΤ7,2024-03-01,ΧΕ 1-238,,,,no sponsor block
6ΧΓΩ4690ΒΑ-Γ17,2024-02-26,ΧΕ 1-202,,,,no sponsor block
9ΚΔ64690ΒΑ-ΨΞΣ,2024-02-26,ΧΕ 1-201,,,,no sponsor block
9ΘΤΚ4690ΒΑ-6Φ1,2024-02-26,ΧΕ 1-200,,,,no sponsor block
ΨΤΥΩ4690ΒΑ-ΔΦΦ,2024-02-26,XE 1-199,,,,no sponsor block
68Ρ34690ΒΑ-ΗΑΠ,2024-02-26,ΧΕ 1-198,,,,no sponsor block
97ΤΣ4690ΒΑ-ΥΗ8,2024-02-26,ΧΕ 1-197,,,,no sponsor block
9ΠΘΜ4690ΒΑ-ΠΣ0,2024-02-26,ΧΕ 1-196,,,,no sponsor block
6Ω5Η4690ΒΑ-7ΝΘ,2024-02-21,ΧΕ  1-186,,,,no sponsor block
6ΛΔΝ4690ΒΑ-2ΧΔ,2024-02-06,ΧΕ 1-121,,,,no sponsor block
ΨΣΨΑ4690ΒΑ-3ΗΘ,2024-02-06,ΧΕ 1-120,,,,no sponsor block
ΨΔ9Υ4690ΒΑ-Λ7Λ,2024-02-06,ΧΕ 1-119,,,,no sponsor block
9ΥΡ14690ΒΑ-ΙΚΝ,2024-02-06,ΧΕ 1-118,,,,no sponsor block
6ΞΡΓ4690ΒΑ-ΙΞΠ,2024-02-06,ΧΕ 1-117,,,,no sponsor block
6ΦΣ04690ΒΑ-ΨΣΨ,2024-02-06,ΧΕ 1-116,,,,no sponsor block
677Ι4690ΒΑ-299,2024-02-06,ΧΕ 1-115,,,,no sponsor block
9ΛΧ14690ΒΑ-ΥΨΙ,2024-02-06,ΧΕ 1-114,,,,no sponsor block
Ψ7ΦΩ4690ΒΑ-ΗΣΚ,2024-02-06,ΧΕ 1-113,,,,no sponsor block
Ψ36Ε4690ΒΑ-30Γ,2024-02-06,ΧΕ 1-112,,,,no sponsor block
ΡΨΡ04690ΒΑ-ΒΞΙ,2024-02-06,ΧΕ 1-111,,,,no sponsor block
Ψ20Η4690ΒΑ-8ΗΟ,2024-02-06,ΧΕ 1-110,,,,no sponsor block
ΨΙΧΓ4690ΒΑ-ΑΞ6,2024-02-06,ΧΕ 1-109,,,,no sponsor block
9ΗΤΡ4690ΒΑ-Κ4Δ,2024-02-06,ΧΕ 1-108,,,,no sponsor block
6ΞΠΥ4690ΒΑ-1ΕΑ,2024-02-06,ΧΕ 1-107,,,,no sponsor block
ΡΟΩΦ4690ΒΑ-7ΧΗ,2024-02-06,ΧΕ 1-106,,,,no sponsor block
6Ι9Ε4690ΒΑ-Β2Ω,2024-02-06,ΧΕ 1-105,,,,no sponsor block
6Ω6Μ4690ΒΑ-Λ5Ρ,2024-02-06,ΧΕ 1-104,,,,no sponsor block
Ψ87Γ4690ΒΑ-6Ω9,2024-02-06,ΧΕ 1-103,,,,no sponsor block
ΨΘ9Ε4690ΒΑ-ΤΘΜ,2024-02-06,ΧΕ 1-102,,,,no sponsor block
6ΒΧΨ4690ΒΑ-Ψ3Δ,2024-02-06,ΧΕ 1-101,,,,no sponsor block
98ΞΕ4690ΒΑ-ΖΨΞ,2024-02-06,ΧΕ 1-100,,,,no sponsor block
6ΤΘ94690ΒΑ-815,2024-02-06,ΧΕ 1-99,,,,no sponsor block
9ΨΦ74690ΒΑ-5ΚΑ,2024-02-06,ΧΕ 1-98,,,,no sponsor block
Ψ1ΕΓ4690ΒΑ-8ΥΘ,2024-02-06,ΧΕ 1-97,,,,no sponsor block
626Ι4690ΒΑ-ΞΥΔ,2024-02-06,ΧΕ 1-96,,,,no sponsor block
689Α4690ΒΑ-Ε12,2024-02-06,ΧΕ 1-95,,,,no sponsor block
6ΡΦ14690ΒΑ-39Σ,2024-02-06,ΧΕ 1-94,,,,no sponsor block
ΨΖΗΚ4690ΒΑ-ΛΣΦ,2024-02-06,ΧΕ 1-93,,,,no sponsor block
ΨΤΓΦ4690ΒΑ-ΧΤΘ,2024-02-06,ΧΕ 1-92,,,,no sponsor block
ΨΣ0Γ4690ΒΑ-ΖΞ7,2024-02-06,ΧΕ 1-91,,,,no sponsor block
99ΒΚ4690ΒΑ-ΨΩΡ,2024-02-06,ΧΕ 1-90,,,,no sponsor block
9ΩΦΨ4690ΒΑ-Ω0Σ,2024-02-05,ΧΕ 1-89,,,,no sponsor block
ΡΕΡΓ4690ΒΑ-ΡΒΛ,2024-02-05,ΧΕ 1-88,,,,no sponsor block
6ΕΦΓ4690ΒΑ-ΞΞΛ,2024-02-05,ΧΕ 1-87,,,,no sponsor block
6ΡΞ54690ΒΑ-5ΞΘ,2024-02-05,ΧΕ 1-86,,,,no sponsor block
94974690ΒΑ-ΟΓΝ,2024-02-05,ΧΕ 1-85,,,,no sponsor block
6ΚΗ14690ΒΑ-9ΩΕ,2024-02-05,ΧΕ 1-83,,,,no sponsor block
9ΛΚΠ4690ΒΑ-ΡΤΗ,2024-02-05,ΧΕ 1-82,,,,no sponsor block
9ΥΝ44690ΒΑ-ΔΥΝ,2024-02-05,ΧΕ 1-80,,,,no sponsor block
9Λ5Κ4690ΒΑ-Α8Ω,2024-02-05,ΧΕ 1-76,,,,no sponsor block
ΨΖΣΙ4690ΒΑ-ΦΤ1,2024-02-05,ΧΕ 1-75,,,,no sponsor block
6ΜΕ64690ΒΑ-ΙΣΧ,2024-02-05,ΧΕ 1-73,,,,no sponsor block
9ΤΜ34690ΒΑ-ΥΚΦ,2024-02-02,ΧΕ 1-72,,,,no sponsor block
6ΖΞΞ4690ΒΑ-Ρ6Μ,2024-02-02,χε 1-71,,,,no sponsor block
6ΨΑΨ4690ΒΑ-ΩΙ1,2024-02-02,ΧΕ 1-70,,,,no sponsor block
9ΞΧΛ4690ΒΑ-ΥΤ4,2024-02-01,ΧΕ 1-67,,,,no sponsor block
ΨΡΒ84690ΒΑ-3ΑΤ,2024-02-01,ΧΕ 1-68,,,,no sponsor block
6ΘΖΛ4690ΒΑ-Ο54,2024-02-01,ΧΕ 1-66,,,,no sponsor block
ΡΟΣΡ4690ΒΑ-ΞΧ4,2024-02-01,ΧΕ 1-65,,,,no sponsor block
95ΤΣ4690ΒΑ-ΨΚΚ,2024-02-01,ΧΕ 1-64,,,,no sponsor block
9ΝΖ14690ΒΑ-3ΞΛ,2024-02-01,ΧΕ 1-63,,,,no sponsor block
9ΔΜΓ4690ΒΑ-Ν49,2024-02-01,ΧΕ 1-62,,,,no sponsor block
ΨΑ8Γ4690ΒΑ-ΤΦ3,2024-02-01,ΧΕ 1-61,,,,no sponsor block
6ΨΡΥ4690ΒΑ-ΩΗ8,2024-02-01,ΧΕ 1-60,,,,no sponsor block
91ΟΒ4690ΒΑ-0ΣΗ,2024-02-01,ΧΕ 1-59,,,,no sponsor block
ΨΩΨΜ4690ΒΑ-ΣΚΞ,2024-02-01,ΧΕ 1-58,,,,no sponsor block
ΨΠΕ24690ΒΑ-ΔΔΒ,2024-02-01,ΧΕ 1-57,,,,no sponsor block
6Δ794690ΒΑ-31Ν,2024-02-01,χε 1-56,,,,no sponsor block
Ψ4Χ94690ΒΑ-ΚΘΚ,2024-02-01,ΧΕ 1-55,,,,no sponsor block
9Ω7Ζ4690ΒΑ-3Λ2,2024-02-01,ΧΕ 1-54,,,,no sponsor block
ΨΨΦΒ4690ΒΑ-8ΔΩ,2024-02-01,ΧΕ 1-53,,,,no sponsor block
6Γ3Ο4690ΒΑ-Ν8Ω,2024-01-31,ΧΕ 1-50,,,,no sponsor block
Ρ4ΨΚ4690ΒΑ-4ΛΘ,2024-11-11,ΧΕ 1-1495,,,,no sponsor block
ΨΤΠΔ4690ΒΑ-ΠΙΕ,2024-11-11,ΧΕ 1-1494,,,,no sponsor block
9ΩΓΓ4690ΒΑ-Θ94,2024-11-11,ΧΕ 1-1493,,,,no sponsor block
ΨΞΜ54690ΒΑ-Ξ5Φ,2024-11-11,ΧΕ 1-1492,,,,no sponsor block
9ΛΡΒ4690ΒΑ-9ΒΤ,2024-11-11,ΧΕ 1-1491,,,,no sponsor block
9ΚΥΧ4690ΒΑ-7ΨΤ,2024-11-11,ΧΕ 1-1490,,,,no sponsor block
6ΣΚΓ4690ΒΑ-9Μ0,2024-11-11,ΧΕ 1-1489,,,,no sponsor block
ΨΩΘΚ4690ΒΑ-ΧΦΕ,2024-11-08,ΧΕ 1-1488,,,,no sponsor block
6ΣΧ04690ΒΑ-79Χ,2024-11-08,ΧΕ 1-1487,,,,no sponsor block
ΡΓΚ24690ΒΑ-ΑΜ6,2024-11-08,ΧΕ 1-1486,,,,no sponsor block
9Λ8Ε4690ΒΑ-ΖΝ3,2024-11-08,ΧΕ 1-1485,,,,no sponsor block
ΡΨ694690ΒΑ-7ΛΣ,2024-11-08,ΧΕ 1-1483,,,,no sponsor block
ΨΝ6Ν4690ΒΑ-ΝΕΕ,2024-11-08,ΧΕ 1-1482,,,,no sponsor block
91854690ΒΑ-3ΚΘ,2024-11-08,ΧΕ 1-1481,,,,no sponsor block
9ΤΓΦ4690ΒΑ-ΘΕ1,2024-11-08,ΧΕ 1-1480,,,,no sponsor block
ΨΛΜΓ4690ΒΑ-ΥΡΠ,2024-11-08,ΧΕ 1-1479,,,,no sponsor block
6Φ884690ΒΑ-4Φ1,2024-11-06,ΧΕ 1-1471,,,,no sponsor block
6ΞΗ54690ΒΑ-ΦΡ5,2024-11-01,ΧΕ 1-1445,,,,no sponsor block
ΨΩ2Σ4690ΒΑ-ΛΡΨ,2024-11-01,ΧΕ 1-1444,,,,no sponsor block
656Ω4690ΒΑ-ΙΓΤ,2024-11-01,ΧΕ 1-1443,,,,no sponsor block
6ΖΨΩ4690ΒΑ-3ΓΔ,2024-11-01,ΧΕ 1-1442,,,,no sponsor block
ΨΕ6Ο4690ΒΑ-07Γ,2024-10-25,ΧΕ 1-1429,,,,no sponsor block
95ΙΦ4690ΒΑ-ΚΝΛ,2024-10-25,ΧΕ 1-1428,,,,no sponsor block
9ΙΧΚ4690ΒΑ-ΧΦΥ,2024-10-25,χε 1-1427,,,,no sponsor block
9ΩΓΓ4690ΒΑ-Δ5Π,2024-10-25,ΧΕ 1-1426,,,,no sponsor block
6ΛΨΘ4690ΒΑ-ΛΘ9,2024-10-25,ΧΕ 1-1425,,,,no sponsor block
6ΚΨΠ4690ΒΑ-2Γ2,2024-10-24,ΧΕ 1-1424,,,,no sponsor block
60ΝΔ4690ΒΑ-Ψ8Ρ,2024-10-24,ΧΕ 1-1423,,,,no sponsor block
99ΛΣ4690ΒΑ-ΜΓ5,2024-10-15,ΧΕ 1-1383,,,,no sponsor block
ΨΘΦ94690ΒΑ-4ΞΖ,2024-10-15,ΧΕ 1-1382,,,,no sponsor block
9ΓΖ44690ΒΑ-ΝΟ4,2024-10-15,ΧΕ 1-1381,,,,no sponsor block
Ψ9ΣΞ4690ΒΑ-ΖΕ9,2024-10-15,ΧΕ 1-1380,,,,no sponsor block
ΨΗΡΡ4690ΒΑ-Κ4Δ,2024-10-15,ΧΕ 1-1379,,,,no sponsor block
6ΝΒΦ4690ΒΑ-ΘΘΤ,2024-10-15,ΧΕ 1-1378,,,,no sponsor block
9ΩΧ24690ΒΑ-ΛΒΓ,2024-10-15,ΧΕ 1-1376,,,,no sponsor block
6ΜΘΒ4690ΒΑ-Σ20,2024-10-15,ΧΕ 1-1375,,,,no sponsor block
9ΜΧΖ4690ΒΑ-ΤΜΚ,2024-10-15,ΧΕ 1-1374,,,,no sponsor block
ΨΜΘΜ4690ΒΑ-9ΓΟ,2024-10-15,ΧΕ 1-1373,,,,no sponsor block
65ΩΒ4690ΒΑ-Ν7Ω,2024-10-15,ΧΕ 1-1372,,,,no sponsor block
6ΨΣΠ4690ΒΑ-0ΨΑ,2024-10-01,ΧΕ 1-1327,,,,no sponsor block
ΨΧΙ54690ΒΑ-2ΜΒ,2024-10-01,ΧΕ 1-1326,,,,no sponsor block
ΨΠΡΛ4690ΒΑ-Χ9Δ,2024-10-01,ΧΕΠ 1-1325,,,,no sponsor block
6ΡΦΠ4690ΒΑ-91Σ,2024-10-01,ΧΕ 1-1324,,,,no sponsor block
99ΔΠ4690ΒΑ-ΜΝΠ,2024-10-01,ΧΕ 1-1323,,,,no sponsor block
9ΗΚΠ4690ΒΑ-Α76,2024-10-01,ΧΕ 1-1321,,,,no sponsor block
9Υ5Υ4690ΒΑ-Ψ3Θ,2024-10-01,ΧΕ 1-1319,,,,no sponsor block
67174690ΒΑ-ΝΣΕ,2024-09-24,ΧΕ 1-1307,,,,no sponsor block
9ΔΛ64690ΒΑ-ΘΕ3,2024-09-24,ΧΕ 1-1306,,,,no sponsor block
ΨΚΘΞ4690ΒΑ-7ΥΦ,2024-09-24,ΧΕ 1-1305,,,,no sponsor block
9ΙΖ14690ΒΑ-0ΦΓ,2024-09-24,ΧΕ 1-1304,,,,no sponsor block
Ψ0Τ64690ΒΑ-8Ψ3,2024-09-24,ΧΕ 1-1303,,,,no sponsor block
ΨΥΞΣ4690ΒΑ-ΛΤΖ,2024-09-24,ΧΕ 1-1302,,,,no sponsor block
9ΦΒΑ4690ΒΑ-Φ78,2024-09-24,ΧΕ 1-1301,,,,no sponsor block
6Λ014690ΒΑ-Ψ4Θ,2024-09-17,ΧΕ 1-1263,,,,no sponsor block
Ρ7ΜΚ4690ΒΑ-ΓΤΣ,2024-09-17,ΧΕ 1-1262,,,,no sponsor block
ΡΩΥΩ4690ΒΑ-ΖΔΤ,2024-09-17,ΧΕ 1-1261,,,,no sponsor block
62954690ΒΑ-ΒΦ1,2024-09-17,ΧΕ 1-1260,,,,no sponsor block
ΨΑΩΨ4690ΒΑ-ΑΞΤ,2024-09-16,ΧΕ 1-1256,,,,no sponsor block
9ΘΔΠ4690ΒΑ-ΨΜΛ,2024-09-16,ΧΕ 1-1255,,,,no sponsor block
9ΛΝ24690ΒΑ-ΓΛΓ,2024-09-16,ΧΕ 1-1254,,,,no sponsor block
9ΕΒΕ4690ΒΑ-Η3Σ,2024-09-16,ΧΕ 1-1253,,,,no sponsor block
65ΝΕ4690ΒΑ-ΟΔ5,2024-09-16,ΧΕ 1-1252,,,,no sponsor block
6ΓΣ24690ΒΑ-Τ56,2024-09-16,ΧΕ 1-1251,,,,no sponsor block
69Μ74690ΒΑ-Β9Τ,2024-09-16,ΧΕ 1-1250,,,,no sponsor block
6Ζ1Ι4690ΒΑ-Χ6Ω,2024-09-04,ΧΕ 1-1196,,,,no sponsor block
ΨΔ4Υ4690ΒΑ-Δ74,2024-09-03,ΧΕ 1-1190,,,,no sponsor block
9ΚΦ24690ΒΑ-ΩΥΦ,2024-09-03,ΧΕ 1-1189,,,,no sponsor block
6ΔΙΠ4690ΒΑ-ΣΜ2,2024-09-03,ΧΕ 1-1188,,,,no sponsor block
9ΤΟ24690ΒΑ-8Ω9,2024-09-03,ΧΕ 1-1187,,,,no sponsor block
9Σ6Μ4690ΒΑ-Ο9Υ,2024-09-03,ΧΕ 1-1186,,,,no sponsor block
ΨΞΚΑ4690ΒΑ-ΧΑΔ,2024-09-02,ΧΕ 1-1183,,,,no sponsor block
63ΩΞ4690ΒΑ-ΜΩΞ,2024-09-02,ΧΕ 1-1182,,,,no sponsor block
ΨΛΡΝ4690ΒΑ-ΜΤ4,2024-09-02,ΧΕ 1-1181,,,,no sponsor block
6ΝΕ14690ΒΑ-ΞΗ1,2024-09-02,ΧΕ 1-1180,,,,no sponsor block
ΡΕΠΟ4690ΒΑ-ΖΞΡ,2024-09-02,ΧΕ 1-1179,,,,no sponsor block
9ΘΨ04690ΒΑ-ΥΘΡ,2024-09-02,ΧΕ 1-1178,,,,no sponsor block
9ΕΥΜ4690ΒΑ-ΖΙΛ,2024-09-02,ΧΕ 1-1177,,,,no sponsor block
Ψ1Ε54690ΒΑ-3ΤΡ,2024-09-02,ΧΕ  1-1176,,,,no sponsor block
6ΞΙΕ4690ΒΑ-80Ψ,2024-09-02,ΧΕ 1-1175,,,,no sponsor block
Ψ70Ρ4690ΒΑ-7ΚΨ,2024-09-02,ΧΕ 1-1174,,,,no sponsor block
ΡΚ534690ΒΑ-ΣΨΣ,2024-08-29,ΧΕ 1-1168,,,,no sponsor block
94Ζ04690ΒΑ-Ν37,2024-08-29,ΧΕ 1-1166,,,,no sponsor block
9Π224690ΒΑ-ΓΦ0,2024-08-28,ΧΕ 1-1155,,,,no sponsor block
9Ω4Υ4690ΒΑ-0ΞΖ,2024-08-14,ΧΕ 1-1127,,,,no sponsor block
ΨΚΛΥ4690ΒΑ-ΙΛΓ,2024-08-14,ΧΕ 1-1126,,,,no sponsor block
ΨΟΡ44690ΒΑ-ΚΩ6,2024-08-14,ΧΕ 1-1125,,,,no sponsor block
ΨΝΟΑ4690ΒΑ-ΒΥ7,2024-08-14,ΧΕ 1-1124,,,,no sponsor block
65ΥΖ4690ΒΑ-447,2024-08-14,ΧΕ 1-1123,,,,no sponsor block
99Γ84690ΒΑ-ΨΝ1,2024-08-14,ΧΕ 1-1122,,,,no sponsor block
ΨΔΦ84690ΒΑ-Ζ9Λ,2024-08-14,ΧΕ 1-1121,,,,no sponsor block
6Ι3Κ4690ΒΑ-Β6Υ,2024-08-14,ΧΕ 1-1120,,,,no sponsor block
6Σ8Χ4690ΒΑ-3ΧΙ,2024-08-14,ΧΕ 1-1119,,,,no sponsor block
9ΤΔ04690ΒΑ-Ε3Ν,2024-08-08,ΧΕ 1-1097,,,,no sponsor block
9Ψ854690ΒΑ-ΣΙΕ,2024-08-08,ΧΕ 1-1096,,,,no sponsor block
Ψ5Τ74690ΒΑ-ΣΘΟ,2024-08-07,ΧΕ 1-1091,,,,no sponsor block
66524690ΒΑ-Φ3Τ,2024-08-07,ΧΕ 1-1090,,,,no sponsor block
ΨΧΓΘ4690ΒΑ-191,2024-08-07,ΧΕ 1-1088,,,,no sponsor block
6ΡΗΔ4690ΒΑ-Γ5Α,2024-08-07,ΧΕ 1-1087,,,,no sponsor block
ΨΤΓ54690ΒΑ-3ΗΟ,2024-08-07,ΧΕ 1-1079,,,,no sponsor block
6ΑΜΙ4690ΒΑ-5ΓΥ,2024-08-07,ΧΕ 1-1083,,,,no sponsor block
ΨΧΩΠ4690ΒΑ-ΝΕ9,2024-08-01,ΧΕ 1-1061,,,,no sponsor block
6ΨΜΝ4690ΒΑ-ΕΓΡ,2024-08-01,ΧΕ 1-1060,,,,no sponsor block
ΨΤΦΗ4690ΒΑ-ΡΩΒ,2024-08-01,ΧΕ 1-1059,,,,no sponsor block
ΨΞΥ04690ΒΑ-1ΜΝ,2024-08-01,ΧΕ 1-1058,,,,no sponsor block
6ΧΤΠ4690ΒΑ-2Θ0,2024-08-01,ΧΕ 1-1057,,,,no sponsor block
90Λ14690ΒΑ-Κ6Φ,2024-08-01,ΧΕ 1-1056,,,,no sponsor block
6ΥΩ44690ΒΑ-6Γ5,2024-08-01,ΧΕ 1-1055,,,,no sponsor block
9ΒΞ94690ΒΑ-2Σ5,2024-07-18,ΧΕ 1-1019,,,,no sponsor block
ΨΡΡΛ4690ΒΑ-ΞΥΞ,2024-07-18,ΧΕ 1-1018,,,,no sponsor block
Ψ2804690ΒΑ-ΕΑΠ,2024-07-18,ΧΕ 1-1017,,,,no sponsor block
ΨΞΚΥ4690ΒΑ-ΡΤ4,2024-07-17,ΧΕ 1-1016,,,,no sponsor block
91ΨΔ4690ΒΑ-82Α,2024-07-17,ΧΕ 1-1015,,,,no sponsor block
6ΗΦΧ4690ΒΑ-ΕΞ3,2024-07-17,ΧΕ 1-1014,,,,no sponsor block
Ψ2994690ΒΑ-8Ω3,2024-07-17,ΧΕ 1-1013,,,,no sponsor block
6ΡΚ24690ΒΑ-445,2024-07-17,ΧΕ 1-1012,,,,no sponsor block
6ΝΝ14690ΒΑ-ΝΗ4,2024-07-17,ΧΕ 1-1011,,,,no sponsor block
9Σ754690ΒΑ-ΔΝΧ,2024-07-17,ΧΕ 1-1010,,,,no sponsor block
9ΠΗΤ4690ΒΑ-6ΗΨ,2024-07-17,ΧΕ 1-1009,,,,no sponsor block
ΨΗΒΨ4690ΒΑ-65Υ,2024-07-17,ΧΕ 1-1008,,,,no sponsor block
9Σ0Ν4690ΒΑ-0ΤΛ,2024-07-15,ΧΕ 1-996,,,,no sponsor block
ΨΙΠΓ4690ΒΑ-ΓΒΦ,2024-07-15,ΧΕ 1-995,,,,no sponsor block
ΨΠΝ04690ΒΑ-Η1Α,2024-07-03,ΧΕ 1-961,,,,no sponsor block
9Δ4Η4690ΒΑ-ΥΦ2,2024-07-03,ΧΕ 1-959,,,,no sponsor block
Ρ0ΧΜ4690ΒΑ-ΚΑΚ,2024-07-03,ΧΕ 1-958,,,,no sponsor block
ΨΑΡΕ4690ΒΑ-ΣΜΝ,2024-07-03,ΧΕ 1-957,,,,no sponsor block
ΨΜΖ44690ΒΑ-ΘΕ3,2024-07-03,ΧΕ 1-956,,,,no sponsor block
9ΝΕΙ4690ΒΑ-ΤΒΑ,2024-07-03,ΧΕ 1-955,,,,no sponsor block
ΡΚΜ34690ΒΑ-Π3Χ,2024-07-03,ΧΕ 1-954,,,,no sponsor block
Ψ5Ε74690ΒΑ-57Ν,2024-07-03,ΧΕ 1-953,,,,no sponsor block
6ΘΑΟ4690ΒΑ-ΡΩΖ,2024-07-03,ΧΕ 1-952,,,,no sponsor block
ΨΟ8Ψ4690ΒΑ-ΕΗΧ,2024-07-03,ΧΕ 1-951,,,,no sponsor block
934Μ4690ΒΑ-5Η2,2024-07-03,ΧΕ 1-950,,,,no sponsor block
ΨΒ0Μ4690ΒΑ-50Δ,2024-07-03,ΧΕ 1-949,,,,no sponsor block
ΨΘΩ54690ΒΑ-5ΟΒ,2024-07-02,ΧΕ 1-944,,,,no sponsor block
ΨΞΦΦ4690ΒΑ-ΚΚΔ,2024-07-01,ΧΕ  1-937,,,,no sponsor block
ΨΞΠΔ4690ΒΑ-ΗΥ0,2024-07-01,ΧΕ 1-936,,,,no sponsor block
9ΚΡ24690ΒΑ-ΥΦ1,2024-07-01,ΧΕ 1-935,,,,no sponsor block
ΨΔ5Ι4690ΒΑ-ΓΣΔ,2024-07-01,ΧΕ 1-934,,,,no sponsor block
ΨΓΜ74690ΒΑ-17Κ,2024-06-26,ΧΕ 1-924,,,,no sponsor block
Ψ1Π94690ΒΑ-2ΕΡ,2024-06-26,ΧΕ 1-923,,,,no sponsor block
9ΔΥΝ4690ΒΑ-Ξ1Π,2024-06-26,ΧΕ 1-922,,,,no sponsor block
6ΧΣΕ4690ΒΑ-Ν5Κ,2024-06-26,ΧΕ 1-921,,,,no sponsor block
ΡΞΓΠ4690ΒΑ-2ΤΩ,2024-06-26,ΧΕ 1-920,,,,no sponsor block
6ΣΘΩ4690ΒΑ-ΣΛ5,2024-06-26,ΧΕ 1-919,,,,no sponsor block
976Δ4690ΒΑ-ΠΞΞ,2024-06-26,ΧΕ 1-918,,,,no sponsor block
ΡΔ9Χ4690ΒΑ-7ΧΟ,2024-06-25,ΧΕ 1-915,,,,no sponsor block
Ψ9Ι64690ΒΑ-Ξ5Κ,2024-06-25,ΧΕ 1-914,,,,no sponsor block
9ΥΧΡ4690ΒΑ-Ε9Ξ,2024-06-25,ΧΕ 1-913,,,,no sponsor block
ΨΨΥ34690ΒΑ-ΒΗΕ,2024-06-25,ΧΕ 1-912,,,,no sponsor block
91ΑΓ4690ΒΑ-ΛΧΨ,2024-06-25,ΧΕ 1-911,,,,no sponsor block
9ΝΘΥ4690ΒΑ-ΠΦΕ,2024-06-25,ΧΕ 1-910,,,,no sponsor block
ΡΗΒ94690ΒΑ-659,2024-06-25,ΧΕ 1-909,,,,no sponsor block
6ΝΔ64690ΒΑ-ΖΣΑ,2024-06-25,ΧΕ 1-908,,,,no sponsor block
9ΩΘΞ4690ΒΑ-ΧΓΦ,2024-06-19,ΧΕ 1-897,,,,no sponsor block
9ΡΒΨ4690ΒΑ-Θ50,2024-06-18,ΧΕ 1-892,,,,no sponsor block
67884690ΒΑ-Ε2Δ,2024-06-18,ΧΕ 1-888,,,,no sponsor block
61ΕΟ4690ΒΑ-9ΕΑ,2024-06-17,ΧΕ 1-882,,,,no sponsor block
ΨΧΨΟ4690ΒΑ-ΜΣ0,2024-06-17,ΧΕ 1-881,,,,no sponsor block
9ΠΛΚ4690ΒΑ-Ξ67,2024-06-17,ΧΕ 1-880,,,,no sponsor block
9Λ8Δ4690ΒΑ-ΔΗΙ,2024-06-17,ΧΕ 1-879,,,,no sponsor block
ΨΥΠΛ4690ΒΑ-ΧΔΟ,2024-06-17,ΧΕ 1-878,,,,no sponsor block
Ψ1ΗΕ4690ΒΑ-ΘΞΑ,2024-06-17,ΧΕ 1-877,,,,no sponsor block
Ψ3ΛΠ4690ΒΑ-Η9Α,2024-06-17,ΧΕ 1-876,,,,no sponsor block
Ψ28Λ4690ΒΑ-ΜΡ8,2024-06-17,ΧΕ 1-875,,,,no sponsor block
6ΦΗΘ4690ΒΑ-Ξ0Φ,2024-06-17,ΧΕ 1-874,,,,no sponsor block
Ψ9ΑΞ4690ΒΑ-7Μ2,2024-06-17,ΧΕ 1-873,,,,no sponsor block
6ΦΨ34690ΒΑ-4ΤΘ,2024-06-17,ΧΕ 1-872,,,,no sponsor block
6Α264690ΒΑ-9Η9,2025-03-31,ΧΕΠ 1-303,,,,no sponsor block
Ρ73Τ4690ΒΑ-8Υ8,2025-03-31,ΧΕΠ 1-302,,,,no sponsor block
9ΝΚΗ4690ΒΑ-ΞΥ2,2025-04-09,ΧΕ 1-377,,,,no sponsor block
6Χ3Τ4690ΒΑ-ΩΧΝ,2025-04-09,ΧΕ 1-373,,,,no sponsor block
ΨΩΩ54690ΒΑ-Μ03,2025-04-08,ΧΕ 1-362,,,,no sponsor block
ΨΔ7Μ4690ΒΑ-5ΜΟ,2025-04-02,ΧΕ 1-320,,,,no sponsor block
9Ι8Θ4690ΒΑ-Φ52,2025-04-01,ΧΕ 1-318,,,,no sponsor block
Ρ2ΩΡ4690ΒΑ-ΜΥ0,2025-04-01,ΧΕ 1-317,,,,no sponsor block
Ψ6ΠΟ4690ΒΑ-4ΦΨ,2025-04-01,ΧΕ 1-315,,,,no sponsor block
93Π54690ΒΑ-1ΚΞ,2025-04-01,ΧΕ 1-314,,,,no sponsor block
9ΗΩΠ4690ΒΑ-ΥΘΕ,2025-04-01,ΧΕ 1-313,,,,no sponsor block
9ΜΤΘ4690ΒΑ-Ο9Ν,2025-04-01,ΧΕ 1-312,,,,no sponsor block
91Ξ34690ΒΑ-008,2025-04-01,ΧΕ 1-311,,,,no sponsor block
9Ν1Α4690ΒΑ-6ΥΟ,2025-04-01,ΧΕ 1-310,,,,no sponsor block
6Μ804690ΒΑ-Θ25,2025-03-31,ΧΕΠ 1-309,,,,no sponsor block
63ΧΣ4690ΒΑ-ΥΨΝ,2025-03-31,ΧΕΠ 1-308,,,,no sponsor block
6Σ1Λ4690ΒΑ-ΟΕΙ,2025-03-31,ΧΕΠ 1-307,,,,no sponsor block
ΨΜΤΕ4690ΒΑ-ΙΨΝ,2025-03-31,ΧΕΠ 1-306,,,,no sponsor block
ΨΑΡ24690ΒΑ-ΦΛΜ,2025-03-31,ΧΕΠ 1-305,,,,no sponsor block
ΨΝΞ64690ΒΑ-Ω1Ο,2025-03-31,ΧΕΠ 1-304,,,,no sponsor block
6ΑΚΜ4690ΒΑ-ΤΚΙ,2025-03-31,ΧΕΠ 1-301,,,,no sponsor block
Ψ1ΣΣ4690ΒΑ-Ζ3Ξ,2025-03-31,ΧΕΠ 1-299,,,,no sponsor block
ΨΣΙ84690ΒΑ-3ΩΠ,2025-03-31,ΧΕΠ 1-298,,,,no sponsor block
608Π4690ΒΑ-Χ63,2025-03-31,ΧΕΠ 1-296,,,,no sponsor block
90ΕΦ4690ΒΑ-Π4Α,2025-03-31,ΧΕΠ 1-295,,,,no sponsor block
6Χ3Ξ4690ΒΑ-Υ7Δ,2025-03-31,ΧΕΠ 1-294,,,,no sponsor block
ΨΔΦ44690ΒΑ-ΝΘΔ,2025-03-31,ΧΕΠ 1-293,,,,no sponsor block
6ΥΖΟ4690ΒΑ-Ε94,2025-03-27,ΧΕΠ 1-281,,,,no sponsor block
Ρ75Ξ4690ΒΑ-Λ0Η,2025-03-05,ΧΕΠ 1-166,,,,no sponsor block
ΡΥΣΝ4690ΒΑ-ΛΝΓ,2025-03-18,ΧΕ 1-247,,,,no sponsor block
ΡΜΥΝ4690ΒΑ-Ν4Χ,2025-03-18,ΧΕ 1-246,,,,no sponsor block
9ΕΧΛ4690ΒΑ-ΖΧ0,2025-03-18,ΧΕ 1-245,,,,no sponsor block
9ΙΗΝ4690ΒΑ-ΙΓΧ,2025-03-18,ΧΕ 1-244,,,,no sponsor block
ΡΛΠ44690ΒΑ-ΖΤ0,2025-03-18,ΧΕ 1-239,,,,no sponsor block
ΡΟΧΦ4690ΒΑ-6ΜΨ,2025-03-18,ΧΕ 1-237,,,,no sponsor block
ΨΩ1Λ4690ΒΑ-Η4Ι,2025-03-18,ΧΕ 1-235,,,,no sponsor block
9ΤΑΞ4690ΒΑ-7ΘΨ,2025-03-18,ΧΕ 1-233,,,,no sponsor block
ΡΘΓ44690ΒΑ-ΛΒΝ,2025-03-14,ΧΕ 1-223,,,,no sponsor block
ΨΨΨ04690ΒΑ-Ω4Θ,2025-03-14,ΧΕ 1-222,,,,no sponsor block
6ΑΕΚ4690ΒΑ-0ΓΚ,2025-03-14,ΧΕ 1-221,,,,no sponsor block
ΡΟ174690ΒΑ-ΚΡΩ,2025-03-14,ΧΕ 1-220,,,,no sponsor block
9ΑΥ34690ΒΑ-1Δ2,2025-03-14,ΧΕ 1-219,,,,no sponsor block
6Ν744690ΒΑ-37Ω,2025-03-14,ΧΕ 1-218,,,,no sponsor block
9ΙΖ94690ΒΑ-Γ9Ψ,2025-03-14,ΧΕ 1-217,,,,no sponsor block
ΨΣΒ94690ΒΑ-ΓΦ6,2025-03-13,ΧΕ 1-215,,,,no sponsor block
9Ρ154690ΒΑ-Σ7Θ,2025-03-13,ΧΕ 1-214,,,,no sponsor block
ΨΘΣΚ4690ΒΑ-ΕΕΔ,2025-03-13,ΧΕ 1-213,,,,no sponsor block
ΨΙΨ44690ΒΑ-Ν3Τ,2025-03-13,ΧΕ 1-212,,,,no sponsor block
Ψ9ΛΩ4690ΒΑ-8ΥΖ,2025-03-12,ΧΕ 1-210,,,,no sponsor block
9ΤΔ04690ΒΑ-ΩΨΧ,2025-03-12,ΧΕ 1-209,,,,no sponsor block
98ΛΠ4690ΒΑ-1ΨΡ,2025-03-12,ΧΕ 1-208,,,,no sponsor block
ΡΨ154690ΒΑ-2ΟΝ,2025-03-12,ΧΕ 1-207,,,,no sponsor block
ΡΟΤ74690ΒΑ-ΜΕΗ,2025-03-12,ΧΕ 1-206,,,,no sponsor block
ΡΘΗΠ4690ΒΑ-6Γ5,2025-03-12,ΧΕ 1-205,,,,no sponsor block
ΡΟΓ84690ΒΑ-79Ω,2025-03-12,ΧΕ 1-204,,,,no sponsor block
9ΣΛ14690ΒΑ-ΡΟΤ,2025-03-05,ΧΕΠ 1-167,,,,no sponsor block
Ψ1ΕΙ4690ΒΑ-ΛΨΨ,2025-03-04,ΧΕ 1-165,,,,no sponsor block
ΨΡΨΨ4690ΒΑ-70Θ,2025-03-04,ΧΕ 1-164,,,,no sponsor block
9ΦΑΦ4690ΒΑ-Τ3Ψ,2025-03-04,ΧΕ 1-163,,,,no sponsor block
ΨΞΣΛ4690ΒΑ-ΦΒΘ,2025-03-04,ΧΕ 1-162,,,,no sponsor block
Ψ1Β54690ΒΑ-ΕΧΣ,2025-03-04,ΧΕ 1-161,,,,no sponsor block
901Μ4690ΒΑ-Β0Β,2025-02-19,ΧΕ 1-117,,,,no sponsor block
ΨΕ1Ν4690ΒΑ-ΘΗΥ,2025-02-19,ΧΕ 1-116,,,,no sponsor block
6ΓΚΑ4690ΒΑ-Η0Δ,2025-02-19,ΧΕ 1-115,,,,no sponsor block
68554690ΒΑ-Μ13,2025-02-19,ΧΕ 1-113,,,,no sponsor block
90ΛΟ4690ΒΑ-ΤΑ1,2025-01-27,ΧΕ 1-27,,,,no sponsor block
ΨΥΩ24690ΒΑ-7ΕΞ,2025-02-03,ΧΕ 1-55,,,,no sponsor block
Ψ7824690ΒΑ-8ΨΜ,2025-02-03,ΧΕ 1-54,,,,no sponsor block
Ρ4Κ34690ΒΑ-5ΧΜ,2025-02-03,ΧΕ 1-53,,,,no sponsor block
Ρ1Γ34690ΒΑ-ΒΑΣ,2025-02-03,ΧΕ 1-51,,,,no sponsor block
ΨΛΓ64690ΒΑ-9ΥΥ,2025-02-03,ΧΕ 1-50,,,,no sponsor block
Ψ4Ξ94690ΒΑ-73Ν,2025-02-03,ΧΕ 1-49,,,,no sponsor block
9ΖΖ84690ΒΑ-27Β,2025-02-03,ΧΕ- 1-48,,,,no sponsor block
9Θ9Κ4690ΒΑ-56Ω,2025-02-03,ΧΕ 1-47,,,,no sponsor block
9Ζ504690ΒΑ-6Τ1,2025-02-03,ΧΕ 1-46,,,,no sponsor block
Ψ8Φ54690ΒΑ-8ΟΖ,2025-02-03,ΧΕ 1-45,,,,no sponsor block
ΨΛΓ04690ΒΑ-7ΦΙ,2025-01-31,ΧΕ 1-43,,,,no sponsor block
9ΤΦ64690ΒΑ-ΚΛΜ,2025-01-31,ΧΕ 1-41,,,,no sponsor block
ΨΘΝ84690ΒΑ-ΤΦ7,2025-01-30,ΧΕ 1-38,,,,no sponsor block
Ρ9ΘΣ4690ΒΑ-ΦΗΚ,2025-01-30,ΧΕ 1-36,,,,no sponsor block
ΨΦΣΜ4690ΒΑ-6Σ8,2025-01-27,ΧΕ 1-32,,,,no sponsor block
Ρ3ΤΚ4690ΒΑ-ΡΕΕ,2025-01-27,ΧΕ 1-31,,,,no sponsor block
6Ζ124690ΒΑ-Ξ38,2025-01-27,ΧΕ 1-30,,,,no sponsor block
ΨΗΟΛ4690ΒΑ-ΓΙΘ,2025-01-27,ΧΕ 1-29,,,,no sponsor block
9ΖΕΕ4690ΒΑ-ΘΤΔ,2025-01-27,ΧΕ 1-28,,,,no sponsor block
9ΣΒ24690ΒΑ-ΞΒΖ,2025-01-27,ΧΕ 1-26,,,,no sponsor block
9ΠΗΩ4690ΒΑ-ΩΩ2,2025-01-27,ΧΕ 1-25,,,,no sponsor block
9ΚΥΡ4690ΒΑ-ΛΑΒ,2025-01-27,ΧΕ 1-24,,,,no sponsor block
60ΥΨ4690ΒΑ-6ΝΒ,2025-01-22,ΧΕΠ 1-9,,,,no sponsor block
95ΞΜ4690ΒΑ-2ΝΟ,2025-01-02,ΧΕ 1-3,,,,no sponsor block
Ψ6ΕΝ4690ΒΑ-ΤΒΞ,2025-01-02,ΧΕ 1-2,,,,no sponsor block
Ψ74Ξ4690ΒΑ-ΤΚΒ,2025-01-02,ΧΕ 1-1,,,,no sponsor block
9ΥΑΣ4690ΒΑ-ΖΞ2,2024-12-16,ΧΕ 1-1619,,,,no sponsor block
9Χ7Β4690ΒΑ-ΣΜΘ,2024-12-16,ΧΕ 1-1611,,,,no sponsor block
9ΑΙΖ4690ΒΑ-ΩΚ6,2024-12-16,ΧΕ 1-1610,,,,no sponsor block
9ΔΨΤ4690ΒΑ-Δ5Χ,2024-12-16,ΧΕ 1-1609,,,,no sponsor block
91ΓΞ4690ΒΑ-46Κ,2024-12-13,ΧΕ 1-1603,,,,no sponsor block
9ΕΨΓ4690ΒΑ-ΛΡΝ,2024-12-12,ΧΕ 1-1595,,,,no sponsor block
6ΦΑ04690ΒΑ-ΡΣ1,2024-12-12,ΧΕ 1-1594,,,,no sponsor block
ΡΙ1Σ4690ΒΑ-4Δ7,2024-12-12,ΧΕ 1-1593,,,,no sponsor block
99Ι64690ΒΑ-Ν3Χ,2024-12-12,ΧΕ 1-1591,,,,no sponsor block
9Η5Μ4690ΒΑ-ΙΚ4,2024-12-12,ΧΕ 1-1591,,,,no sponsor block
ΨΗ7Ε4690ΒΑ-ΖΕ8,2024-12-12,ΧΕ 1-1590,,,,no sponsor block
9Δ0Ε4690ΒΑ-01Τ,2024-12-12,ΧΕ 1-1589,,,,no sponsor block
ΨΑΙ04690ΒΑ-9Μ9,2024-12-12,ΧΕ 1-1588,,,,no sponsor block
664Π4690ΒΑ-Φ64,2024-12-12,ΧΕ 1-1585,,,,no sponsor block
9ΞΨΦ4690ΒΑ-Α24,2024-12-12,ΧΕ 1-1584,,,,no sponsor block
6ΥΑΑ4690ΒΑ-Φ1Ζ,2024-12-02,ΧΕ 1-1542,,,,no sponsor block
Ψ1804690ΒΑ-1ΥΖ,2024-12-02,ΧΕ 1-1541,,,,no sponsor block
ΨΤΑΠ4690ΒΑ-8Φ8,2024-12-02,ΧΕ 1-1540,,,,no sponsor block
ΨΩ7Ι4690ΒΑ-Ζ65,2024-12-02,ΧΕ 1-1538,,,,no sponsor block
6ΓΒΧ4690ΒΑ-Μ84,2024-12-02,ΧΕ 1-1537,,,,no sponsor block
Ρ4ΨΟ4690ΒΑ-ΖΚΝ,2024-11-28,ΧΕ 1-1534,,,,no sponsor block
Ψ2ΤΠ4690ΒΑ-Ξ31,2024-11-28,ΧΕ 1-1533,,,,no sponsor block
94Ξ34690ΒΑ-617,2024-11-27,ΧΕ 1-1532,,,,no sponsor block
6ΧΦΩ4690ΒΑ-2Σ3,2024-11-21,ΧΕ 1-1528,,,,no sponsor block
ΨΒ514690ΒΑ-Μ92,2024-11-21,ΧΕ 1-1525,,,,no sponsor block
6ΧΟΠ4690ΒΑ-ΣΦΑ,2024-11-14,ΧΕ 1-1507,,,,no sponsor block
ΡΨΖ44690ΒΑ-3Δ1,2024-11-14,ΧΕΠ 1-1506,,,,no sponsor block
9ΧΠ24690ΒΑ-Ψ9Υ,2024-11-14,ΧΕ 1-1505,,,,no sponsor block
6ΦΤΛ4690ΒΑ-4ΣΖ,2024-11-14,ΧΕΠ 1-1504,,,,no sponsor block
9ΔΠΧ4690ΒΑ-5ΧΛ,2024-11-14,ΧΕΠ 1-1503,,,,no sponsor block
ΨΔΡΔ4690ΒΑ-7ΤΕ,2024-11-14,ΧΕΠ 1-1502,,,,no sponsor block
ΡΕΧ44690ΒΑ-8ΜΙ,2024-11-14,ΧΕΠ 1-1501,,,,no sponsor block
9ΥΠΡ4690ΒΑ-ΕΘΖ,2024-11-14,ΧΕΠ 1-1500,,,,no sponsor block
ΨΥΖ54690ΒΑ-8ΒΝ,2024-11-14,ΧΕΠ 1-1499,,,,no sponsor block
6ΓΟΤ4690ΒΑ-ΕΥ4,2024-11-14,ΧΕ 1-1498,,,,no sponsor block
9ΒΒ44690ΒΑ-ΙΡ9,2024-11-14,ΧΕ 1-1497,,,,no sponsor block
ΨΖ264690ΒΑ-Δ6Ξ,2024-11-14,ΧΕ 1-1496,,,,no sponsor block
608Υ4690ΒΑ-Ν29,2025-09-05,ΧΕΠ 1-866,,,,no sponsor block
Ψ8Υ24690ΒΑ-ΥΝ2,2025-09-05,ΧΕΠ 1-865,,,,no sponsor block
ΨΧ3Δ4690ΒΑ-ΣΣΡ,2025-09-04,ΧΕ 1-855,,,,no sponsor block
9Ε9Π4690ΒΑ-ΖΦ4,2025-09-04,ΧΕ 1-854,,,,no sponsor block
9ΑΕΥ4690ΒΑ-4ΣΛ,2025-09-04,ΧΕ 1-853,,,,no sponsor block
965Ψ4690ΒΑ-9ΩΨ,2025-09-04,ΧΕ 1-852,,,,no sponsor block
ΡΦ554690ΒΑ-Π9Χ,2025-09-03,ΧΕ 1-851,,,,no sponsor block
9ΘΑΠ4690ΒΑ-ΣΛΨ,2025-09-03,ΧΕ 1-850,,,,no sponsor block
Ψ28Υ4690ΒΑ-Ε9Υ,2025-09-03,ΧΕ 1-849,,,,no sponsor block
Ρ8ΩΥ4690ΒΑ-1ΝΩ,2025-09-03,ΧΕ 1-848,,,,no sponsor block
ΨΣΑΤ4690ΒΑ-ΘΘΒ,2025-09-03,ΧΕ 1-846,,,,no sponsor block
ΨΡΞΧ4690ΒΑ-7Γ5,2025-09-03,ΧΕ 1-845,,,,no sponsor block
Ψ73Χ4690ΒΑ-ΩΓΦ,2025-09-03,ΧΕ 1-844,,,,no sponsor block
ΡΙΦΠ4690ΒΑ-ΔΥΞ,2025-09-03,ΧΕ 1-842,,,,no sponsor block
6ΖΟ74690ΒΑ-6ΡΧ,2025-09-03,ΧΕ 1-841,,,,no sponsor block
9ΣΗΞ4690ΒΑ-Ζ6Ξ,2025-09-03,ΧΕ 1-840,,,,no sponsor block
ΨΘΦΠ4690ΒΑ-2Ψ3,2025-09-03,ΧΕ 1-839,,,,no sponsor block
Ρ7ΗΜ4690ΒΑ-6Ρ8,2025-09-03,ΧΕ 1-838,,,,no sponsor block
ΡΚΤΣ4690ΒΑ-Ι1Γ,2025-09-02,ΧΕ1-837,,,,no sponsor block
Ψ3ΗΘ4690ΒΑ-5ΔΚ,2025-09-02,ΧΕ 1-836,,,,no sponsor block
ΡΒΥΗ4690ΒΑ-ΙΩΘ,2025-09-02,ΧΕ 1-834,,,,no sponsor block
Ρ1ΕΕ4690ΒΑ-2ΜΑ,2025-09-02,ΧΕ 1-835,,,,no sponsor block
Ρ3Χ04690ΒΑ-ΚΝ2,2025-09-02,ΧΕ 1-833,,,,no sponsor block
ΨΔ7Τ4690ΒΑ-17Ν,2025-09-02,ΧΕ 1-831,,,,no sponsor block
ΡΚΔΚ4690ΒΑ-Ρ8Β,2025-09-02,ΧΕ 1-830,,,,no sponsor block
96ΜΤ4690ΒΑ-ΡΨ0,2025-09-02,ΧΕ 1-829,,,,no sponsor block
9ΣΠΜ4690ΒΑ-ΤΦΩ,2025-09-02,ΧΕ 1-828,,,,no sponsor block
ΨΤΚ54690ΒΑ-ΖΦΔ,2025-09-02,ΧΕ 1-827,,,,no sponsor block
6Σ0Δ4690ΒΑ-ΓΧΙ,2025-09-02,ΧΕ 1-825,,,,no sponsor block
6ΤΥΒ4690ΒΑ-Α29,2025-09-02,ΧΕ 1-823,,,,no sponsor block
ΨΑΑ64690ΒΑ-ΓΑΓ,2025-09-02,ΧΕ 1-822,,,,no sponsor block
9Λ5Θ4690ΒΑ-ΣΘΛ,2025-08-01,ΧΕΠ 1-750,,,,no sponsor block
92ΠΜ4690ΒΑ-51Σ,2025-08-01,ΧΕΠ 1-749,,,,no sponsor block
9ΗΜ84690ΒΑ-ΤΨ0,2025-08-01,ΧΕΠ 1-748,,,,no sponsor block
9ΛΙΥ4690ΒΑ-1ΝΡ,2025-08-01,ΧΕΠ 1-747,,,,no sponsor block
9Σ6Ι4690ΒΑ-5ΦΨ,2025-07-31,ΧΕ 1-743,,,,no sponsor block
ΨΓΠΓ4690ΒΑ-ΚΟΗ,2025-07-31,ΧΕ 1-741,,,,no sponsor block
976Γ4690ΒΑ-ΒΕ0,2025-07-31,ΧΕ 1-740,,,,no sponsor block
9ΛΝΘ4690ΒΑ-Ι3Ν,2025-07-31,ΧΕ 1-739,,,,no sponsor block
90144690ΒΑ-Δ0Ρ,2025-07-31,ΧΕ 1-738,,,,no sponsor block
9Γ6Ι4690ΒΑ-Β1Θ,2025-07-31,ΧΕ 1-737,,,,no sponsor block
ΨΝΤΨ4690ΒΑ-6ΚΝ,2025-07-31,ΧΕ 1-736,,,,no sponsor block
Ψ7Φ04690ΒΑ-ΩΤ6,2025-07-31,ΧΕ 1-735,,,,no sponsor block
Ψ0Τ54690ΒΑ-Λ5Ρ,2025-07-30,ΧΕ 1-734,,,,no sponsor block
ΡΧΙ84690ΒΑ-Λ7Γ,2025-07-30,ΧΕ 1-733,,,,no sponsor block
90ΞΤ4690ΒΑ-ΩΟΕ,2025-07-30,ΧΕ 1-732,,,,no sponsor block
917Κ4690ΒΑ-ΟΟΚ,2025-07-30,ΧΕ 1-731,,,,no sponsor block
9ΥΩΟ4690ΒΑ-Ι6Ε,2025-07-30,ΧΕ 1-730,,,,no sponsor block
92Δ54690ΒΑ-ΦΝΗ,2025-07-30,ΧΕ 1-729,,,,no sponsor block
ΨΒΣΘ4690ΒΑ-6ΣΟ,2025-07-30,ΧΕ 1-728,,,,no sponsor block
ΡΦΥΟ4690ΒΑ-ΒΒ0,2025-07-30,ΧΕ 1-727,,,,no sponsor block
Ρ68Χ4690ΒΑ-ΣΗΜ,2025-07-30,ΧΕ 1-726,,,,no sponsor block
6ΜΝΔ4690ΒΑ-2Φ8,2025-07-30,ΧΕ 1-725,,,,no sponsor block
9ΝΛΧ4690ΒΑ-Ω5Χ,2025-07-30,ΧΕ 1-724,,,,no sponsor block
600Δ4690ΒΑ-1ΗΞ,2025-07-30,ΧΕ 1-723,,,,no sponsor block
9ΦΟ84690ΒΑ-ΞΥΝ,2025-07-30,ΧΕ 1-722,,,,no sponsor block
ΨΧΖ24690ΒΑ-106,2025-07-30,ΧΕ 1-721,,,,no sponsor block
ΨΦΦΖ4690ΒΑ-ΟΑΞ,2025-07-30,ΧΕ 1-720,,,,no sponsor block
ΨΛΒΗ4690ΒΑ-ΩΒΙ,2025-07-30,ΧΕ 1-719,,,,no sponsor block
ΨΞ3Α4690ΒΑ-ΧΑ8,2025-07-30,ΧΕ 1-718,,,,no sponsor block
ΨΡΘΖ4690ΒΑ-Δ87,2025-07-30,ΧΕ 1-716,,,,no sponsor block
61ΟΔ4690ΒΑ-7ΒΓ,2025-07-29,ΧΕ 1-713,,,,no sponsor block
6ΑΑΛ4690ΒΑ-ΔΨ2,2025-07-29,ΧΕ 1-712,,,,no sponsor block
6ΥΧΟ4690ΒΑ-Γ1Σ,2025-07-29,ΧΕ 1-711,,,,no sponsor block
98ΙΦ4690ΒΑ-ΥΩΤ,2025-07-29,ΧΕ 1-710,,,,no sponsor block
ΨΑΙΠ4690ΒΑ-ΨΞΝ,2025-07-29,ΧΕ 1-709,,,,no sponsor block
Ψ9104690ΒΑ-0ΘΙ,2025-07-29,ΧΕ 1-708,,,,no sponsor block
Ψ9ΗΟ4690ΒΑ-ΥΨΞ,2025-07-29,ΧΕ 1-707,,,,no sponsor block
Ψ2ΣΙ4690ΒΑ-ΥΥ7,2025-07-29,ΧΕ 1-706,,,,no sponsor block
6ΣΣΔ4690ΒΑ-Υ5Γ,2025-07-01,ΧΕ 1-635,,,,no sponsor block
9ΑΚΗ4690ΒΑ-ΨΛΙ,2025-07-01,ΧΕ 1-634,,,,no sponsor block
ΨΛΨΡ4690ΒΑ-52Α,2025-07-01,ΧΕ 1-633,,,,no sponsor block
60ΕΘ4690ΒΑ-8ΤΘ,2025-07-01,ΧΕ 1-632,,,,no sponsor block
ΨΗΖΖ4690ΒΑ-Ρ2Θ,2025-07-01,ΧΕ 1-631,,,,no sponsor block
Ψ7784690ΒΑ-75Ε,2025-07-01,ΧΕ 1-630,,,,no sponsor block
ΨΦΖΨ4690ΒΑ-ΦΡΟ,2025-07-01,ΧΕ 1-629,,,,no sponsor block
ΨΥΡ44690ΒΑ-Δ1Γ,2025-07-01,ΧΕ 1-628,,,,no sponsor block
Ψ3Ζ54690ΒΑ-Δ4Κ,2025-07-01,ΧΕ 1-627,,,,no sponsor block
9Ι264690ΒΑ-Ι2Φ,2025-07-01,ΧΕ 1-626,,,,no sponsor block
9ΣΕΜ4690ΒΑ-10Η,2025-07-01,ΧΕ 1-625,,,,no sponsor block
ΡΖΜΟ4690ΒΑ-4ΗΦ,2025-06-27,ΧΕ 1-621,,,,no sponsor block
6ΑΠΓ4690ΒΑ-ΠΤΠ,2025-06-27,ΧΕ 1-620,,,,no sponsor block
ΨΧΔΝ4690ΒΑ-ΙΨΘ,2025-06-27,ΧΕ 1-619,,,,no sponsor block
98Β74690ΒΑ-ΦΜ3,2025-06-27,ΧΕ 1-618,,,,no sponsor block
ΨΟ1Ο4690ΒΑ-ΣΗΝ,2025-06-27,ΧΕ 1-617,,,,no sponsor block
ΡΓΠ54690ΒΑ-6ΗΦ,2025-06-27,ΧΕ 1-616,,,,no sponsor block
ΡΘΧΚ4690ΒΑ-ΖΞΕ,2025-06-26,ΧΕ 1-615,,,,no sponsor block
97ΞΕ4690ΒΑ-Ι7Γ,2025-06-26,ΧΕ 1-614,,,,no sponsor block
ΡΩΝ64690ΒΑ-ΠΗΘ,2025-06-26,ΧΕ 1-613,,,,no sponsor block
6ΖΠΖ4690ΒΑ-ΟΞΟ,2025-06-26,ΧΕ 1-612,,,,no sponsor block
61ΦΟ4690ΒΑ-ΠΓΙ,2025-06-26,ΧΕ 1-611,,,,no sponsor block
ΨΟΖΧ4690ΒΑ-65Η,2025-06-24,ΧΕ 1-608,,,,no sponsor block
6ΙΗΓ4690ΒΑ-1ΚΒ,2025-06-24,ΧΕ 1-607,,,,no sponsor block
ΡΞΡ64690ΒΑ-ΚΓΨ,2025-06-24,ΧΕ 1-606,,,,no sponsor block
ΨΔΥΖ4690ΒΑ-ΘΓΘ,2025-06-24,ΧΕ 1-605,,,,no sponsor block
Ψ5Η04690ΒΑ-Υ84,2025-06-24,ΧΕ 1-604,,,,no sponsor block
ΡΔ9Π4690ΒΑ-7ΝΜ,2025-06-24,ΧΕ 1-603,,,,no sponsor block
ΡΞ7Ν4690ΒΑ-ΡΑΧ,2025-06-24,ΧΕ 1-602,,,,no sponsor block
95ΡΡ4690ΒΑ-ΑΣ2,2025-06-16,ΧΕ 1-565,,,,no sponsor block
Ρ3ΤΙ4690ΒΑ-4Υ5,2025-06-16,ΧΕ 1-563,,,,no sponsor block
ΨΖΘ24690ΒΑ-85Ρ,2025-06-16,ΧΕ 1-562,,,,no sponsor block
ΡΓΡΗ4690ΒΑ-Γ1Β,2025-06-16,ΧΕ 1-560,,,,no sponsor block
ΨΩΚ14690ΒΑ-Κ5Ψ,2025-06-16,ΧΕ 1-559,,,,no sponsor block
ΨΞ264690ΒΑ-ΔΔΤ,2025-06-16,ΧΕ 1-558,,,,no sponsor block
95ΣΡ4690ΒΑ-Τ9Ψ,2025-06-16,ΧΕ 1-557,,,,no sponsor block
62ΕΕ4690ΒΑ-ΠΕΗ,2025-06-16,ΧΕ 1-556,,,,no sponsor block
Ψ30Α4690ΒΑ-Ω23,2025-06-16,ΧΕ 1-555,,,,no sponsor block
6ΙΟΔ4690ΒΑ-Θ05,2025-06-16,ΧΕ 1-554,,,,no sponsor block
ΨΟΥ64690ΒΑ-Γ9Κ,2025-06-16,ΧΕ 1-553,,,,no sponsor block
9ΩΟΛ4690ΒΑ-99Υ,2025-06-13,ΧΕΠ 1-550,,,,no sponsor block
Ψ8ΚΓ4690ΒΑ-ΨΝΧ,2025-06-13,ΧΕΠ 1-551,,,,no sponsor block
Ψ9ΘΛ4690ΒΑ-84Ξ,2025-05-07,ΧΕΠ 1-458,,,,no sponsor block
6Θ1Κ4690ΒΑ-54Μ,2025-06-02,ΧΕ 1-520,,,,no sponsor block
ΨΝ054690ΒΑ-ΞΕΤ,2025-06-02,ΧΕ 1-519,,,,no sponsor block
9ΓΩΕ4690ΒΑ-Ψ5Μ,2025-06-02,ΧΕ-518,,,,no sponsor block
9ΙΣΛ4690ΒΑ-ΚΒΘ,2025-06-02,ΧΕ 1-517,,,,no sponsor block
92Μ14690ΒΑ-591,2025-05-26,ΧΕΠ 1-512,,,,no sponsor block
ΨΡΙΦ4690ΒΑ-ΔΥ4,2025-05-26,ΧΕΠ 1-511,,,,no sponsor block
ΨΠΓΒ4690ΒΑ-ΤΩ6,2025-05-19,ΧΕ 1-492,,,,no sponsor block
ΨΚ6Δ4690ΒΑ-Τ4Μ,2025-05-07,ΧΕ 1-460,,,,no sponsor block
Ψ8324690ΒΑ-ΝΑΥ,2025-05-16,ΧΕ 1-490,,,,no sponsor block
91ΩΤ4690ΒΑ-ΙΨΞ,2025-05-16,ΧΕ 1-489,,,,no sponsor block
ΨΥΛΓ4690ΒΑ-7ΦΚ,2025-05-16,ΧΕ 1-488,,,,no sponsor block
ΡΞ7Γ4690ΒΑ-ΡΚΘ,2025-05-16,ΧΕ 1-487,,,,no sponsor block
9ΥΤΧ4690ΒΑ-8ΒΞ,2025-05-16,ΧΕ 1-486,,,,no sponsor block
9ΙΤ44690ΒΑ-17Ο,2025-05-16,ΧΕ 1-485,,,,no sponsor block
9ΗΦΜ4690ΒΑ-Ε07,2025-05-16,ΧΕ 1-484,,,,no sponsor block
ΨΥΣ74690ΒΑ-ΤΦΞ,2025-05-16,ΧΕ 1-483,,,,no sponsor block
6Σ414690ΒΑ-ΟΤ7,2025-05-16,ΧΕ 1-482,,,,no sponsor block
Ψ3ΝΞ4690ΒΑ-ΔΔΗ,2025-05-16,ΧΕ 1-481,,,,no sponsor block
ΨΕΡΚ4690ΒΑ-ΝΘΚ,2025-05-16,ΧΕ 1-480,,,,no sponsor block
9ΤΦΜ4690ΒΑ-431,2025-05-07,ΧΕΠ 1-457,,,,no sponsor block
ΨΜΣ04690ΒΑ-ΨΩ1,2025-05-02,ΧΕ 1-447,,,,no sponsor block
6ΗΚΔ4690ΒΑ-ΔΕ9,2025-05-02,ΧΕ 1-445,,,,no sponsor block
ΨΣΥ64690ΒΑ-ΠΨΜ,2025-05-02,ΧΕ 1-444,,,,no sponsor block
6ΚΣ94690ΒΑ-3Ψ1,2025-05-02,ΧΕ 1-442,,,,no sponsor block
Ψ2064690ΒΑ-ΥΦ8,2025-04-28,ΧΕ 1-434,,,,no sponsor block
6Η3Κ4690ΒΑ-ΜΥΑ,2025-04-28,ΧΕ 1-435,,,,no sponsor block
Ψ8584690ΒΑ-9Χ2,2025-04-23,ΧΕ 1-427,,,,no sponsor block
9ΔΒΜ4690ΒΑ-Μ6Ε,2025-04-23,ΧΕ 1-426,,,,no sponsor block
6Σ874690ΒΑ-ΓΒ2,2025-04-23,ΧΕ 1-424,,,,no sponsor block
ΨΩ4Ψ4690ΒΑ-Α2Λ,2025-04-23,ΧΕ 1-423,,,,no sponsor block
9ΑΑ94690ΒΑ-ΞΑΛ,2025-04-23,ΧΕ 1-422,,,,no sponsor block
9Σ664690ΒΑ-2Σ5,2025-04-22,ΧΕ 1-420,,,,no sponsor block
ΡΒΨΣ4690ΒΑ-ΞΒ3,2025-04-22,ΧΕ 1-419,,,,no sponsor block
ΡΦΤΤ4690ΒΑ-ΩΗΒ,2025-04-22,ΧΕ 1-418,,,,no sponsor block
6ΔΟΛ4690ΒΑ-ΒΔ6,2025-04-22,ΧΕ 1-417,,,,no sponsor block
Ψ2ΩΒ4690ΒΑ-ΜΕΓ,2026-02-02,ΧΕ 1-17,,,,no sponsor block
9ΡΑΖ4690ΒΑ-2ΧΓ,2026-02-02,ΧΕ 1-16,,,,no sponsor block
9ΕΦΔ4690ΒΑ-ΔΕΠ,2026-02-02,ΧΕ 1-15,,,,no sponsor block
ΨΛ134690ΒΑ-ΓΤΓ,2026-02-02,ΧΕ 1-14,,,,no sponsor block
95Σ14690ΒΑ-ΒΥΓ,2026-02-02,ΧΕ 1-13,,,,no sponsor block
983Θ4690ΒΑ-Ξ2Ζ,2026-02-02,ΧΕ 1-12,,,,no sponsor block
6Δ1Λ4690ΒΑ-74Π,2026-01-26,ΧΕ 1-2 ΧΡΗΜΑΤΙΚΟ ΕΝΤΑΛΜΑ ΠΡΟΠΛΗΡΩΜΗΣ,,,,no sponsor block
Ρ4ΑΩ4690ΒΑ-0Λ2,2026-01-26,ΧΕ 1-1 ΧΡΗΜΑΤΙΚΟ ΕΝΤΑΛΜΑ ΠΡΟΠΛΗΡΩΜΗΣ,,,,no sponsor block
9ΔΦ64690ΒΑ-ΧΦ4,2025-12-30,ΧΕ 1-1459,,,,no sponsor block
97Η84690ΒΑ-ΧΤ2,2025-12-29,ΧΕ 1-1452,,,,no sponsor block
ΨΧΦ34690ΒΑ-2ΣΩ,2025-12-29,ΧΕ 1-1451,,,,no sponsor block
9ΠΦΠ4690ΒΑ-ΡΛΙ,2025-12-29,ΧΕ 1-1450,,,,no sponsor block
924Α4690ΒΑ-ΒΓΘ,2025-12-29,ΧΕ 1-1449,,,,no sponsor block
6Υ7Κ4690ΒΑ-Σ9Κ,2025-12-29,ΧΕ 1-1448,,,,no sponsor block
ΨΦΕΟ4690ΒΑ-ΗΞ0,2025-12-29,ΧΕ 1-1447,,,,no sponsor block
943Χ4690ΒΑ-ΔΙΖ,2025-12-29,ΧΕ 1-1446,,,,no sponsor block
9ΦΤΘ4690ΒΑ-ΕΓ6,2025-12-23,ΧΕΠ 1-1431,,,,no sponsor block
60ΟΖ4690ΒΑ-Ξ9Ξ,2025-12-23,ΧΕ 1-1429,,,,no sponsor block
ΨΡΒΕ4690ΒΑ-ΦΑΓ,2025-12-18,ΧΕ 1-1419,,,,no sponsor block
9ΩΘΚ4690ΒΑ-ΛΙΜ,2025-12-18,ΧΕ 1-1415,,,,no sponsor block
Ψ0Α24690ΒΑ-ΑΟΘ,2025-12-18,ΧΕ 1-1414,,,,no sponsor block
9ΠΠΒ4690ΒΑ-2Υ8,2025-12-18,ΧΕ 1-1413,,,,no sponsor block
Ρ9ΤΣ4690ΒΑ-ΙΒΝ,2025-12-17,ΧΕ 1-1412,,,,no sponsor block
ΡΥΨ34690ΒΑ-ΘΨ2,2025-12-17,ΧΕ 1-1411,,,,no sponsor block
Ψ7Ψ14690ΒΑ-1Ω9,2025-12-17,ΧΕ  1-1409,,,,no sponsor block
998Χ4690ΒΑ-6Κ5,2025-12-17,ΧΕ 1-1410,,,,no sponsor block
ΡΛΡΝ4690ΒΑ-ΔΗ2,2025-12-17,ΧΕΠ 1-1408,,,,no sponsor block
Ε1ΠΟ4690ΒΑ-Ζ4Τ,2025-12-17,ΧΕ 1-1407,,,,no sponsor block
ΡΟ554690ΒΑ-9ΩΣ,2025-12-17,ΧΕΠ 1-1406,,,,no sponsor block
9ΝΘ24690ΒΑ-ΟΙ5,2025-12-17,ΧΕ 1-1405,,,,no sponsor block
Ε77Κ4690ΒΑ-9Ρ9,2025-12-17,ΧΕΠ 1-1404,,,,no sponsor block
ΨΠΥΘ4690ΒΑ-ΕΨΒ,2025-12-17,ΧΕ 1-1403,,,,no sponsor block
ΡΓΚΕ4690ΒΑ-7Ι2,2025-12-17,ΧΕ 1-1402,,,,no sponsor block
Ρ1ΙΞ4690ΒΑ-ΙΥ7,2025-12-17,ΧΕ 1-1401,,,,no sponsor block
ΨΝΚ64690ΒΑ-1ΝΙ,2025-12-17,ΧΕΠ 1-1400,,,,no sponsor block
6Δ0Η4690ΒΑ-ΒΛΥ,2025-12-17,ΧΕΠ 1-1399,,,,no sponsor block
972Ξ4690ΒΑ-ΟΑΒ,2025-12-17,ΧΕ 1-1398,,,,no sponsor block
Ρ0ΣΥ4690ΒΑ-ΧΦΠ,2025-12-17,ΧΕ 1-1397,,,,no sponsor block
Ψ88Ρ4690ΒΑ-ΧΛΦ,2025-12-17,ΧΕΠ 1-1396,,,,no sponsor block
9ΖΔΣ4690ΒΑ-6Θ5,2025-12-17,ΧΕ 1-1395,,,,no sponsor block
Ε65Δ4690ΒΑ-9ΧΔ,2025-12-17,ΧΕΠ 1-1394,,,,no sponsor block
92ΣΚ4690ΒΑ-675,2025-12-17,ΧΕΠ 1-1393,,,,no sponsor block
6ΔΟΛ4690ΒΑ-82Θ,2025-12-17,ΧΕΠ 1-1392,,,,no sponsor block
9ΩΧΣ4690ΒΑ-7ΧΔ,2025-12-17,ΧΕ 1-1391,,,,no sponsor block
Ψ2544690ΒΑ-ΔΡΣ,2025-12-17,ΧΕ 1-1389,,,,no sponsor block
ΨΟ5Κ4690ΒΑ-ΙΕΜ,2025-12-17,ΧΕ 1-1390,,,,no sponsor block
ΕΠ904690ΒΑ-Η4Ε,2025-12-17,ΧΕΠ 1-1388,,,,no sponsor block
9ΟΝ34690ΒΑ-0ΔΣ,2025-12-17,ΧΕ 1-1387,,,,no sponsor block
Ψ9ΠΘ4690ΒΑ-ΘΙ5,2025-12-17,ΧΕ 1-1386,,,,no sponsor block
9Ν9Ζ4690ΒΑ-Ι38,2025-12-17,ΧΕ 1-1385,,,,no sponsor block
ΕΩ2Χ4690ΒΑ-ΧΚΗ,2025-12-17,ΧΕΠ 1-1384,,,,no sponsor block
9Β0Ν4690ΒΑ-365,2025-12-17,ΧΕ 1-1383,,,,no sponsor block
6ΤΦ84690ΒΑ-0ΡΡ,2025-12-17,ΧΕΠ 1-1382,,,,no sponsor block
ΡΚΕΒ4690ΒΑ-ΑΕΨ,2025-12-17,ΧΕ 1-1380,,,,no sponsor block
ΡΔΥ34690ΒΑ-ΦΧΩ,2025-12-17,ΧΕ 1-1381,,,,no sponsor block
ΡΗΩΙ4690ΒΑ-ΧΧΗ,2025-12-17,ΧΕ 1-1379,,,,no sponsor block
9ΩΩΠ4690ΒΑ-ΟΛ6,2025-12-17,ΧΕΠ 1-1378,,,,no sponsor block
Ψ3ΠΧ4690ΒΑ-Κ1Φ,2025-12-17,ΧΕ 1-1377,,,,no sponsor block
9ΨΝΟ4690ΒΑ-ΧΡΙ,2025-12-17,ΧΕΠ 1-1376,,,,no sponsor block
ΨΚ7Ρ4690ΒΑ-ΖΙΔ,2025-12-17,ΧΕ 1-1375,,,,no sponsor block
91Σ54690ΒΑ-ΓΑΒ,2025-12-17,ΧΕΠ 1-1374,,,,no sponsor block
ΡΟΡ14690ΒΑ-ΛΗΞ,2025-12-17,ΧΕ 1-1373,,,,no sponsor block
ΡΔΗ64690ΒΑ-4Ψ2,2025-12-17,ΧΕΠ 1-1372,,,,no sponsor block
6ΙΩ14690ΒΑ-ΜΤΒ,2025-12-17,ΧΕ 1-1370,,,,no sponsor block
9ΡΖ44690ΒΑ-Σ40,2025-12-17,ΧΕ 1-1371,,,,no sponsor block
ΡΗΒΛ4690ΒΑ-03Α,2025-12-17,ΧΕ 1-1368,,,,no sponsor block
ΨΨΧ34690ΒΑ-8ΙΥ,2025-12-17,ΧΕ 1-1369,,,,no sponsor block
ΨΦΓΝ4690ΒΑ-Ο7Ψ,2025-12-17,ΧΕ 1-1367,,,,no sponsor block
98Π34690ΒΑ-ΜΓΠ,2025-12-17,ΧΕΠ 1-1365,,,,no sponsor block
ΨΣΓΞ4690ΒΑ-5ΘΕ,2025-12-17,ΧΕ 1-1366,,,,no sponsor block
ΨΤΔ64690ΒΑ-Τ5Ρ,2025-12-17,ΧΕΠ 1-1364,,,,no sponsor block
ΨΙ304690ΒΑ-6Υ0,2025-12-17,ΧΕ 1-1363,,,,no sponsor block
6ΗΠ54690ΒΑ-2ΗΓ,2025-12-17,ΧΕΠ 1-1362,,,,no sponsor block
9ΑΠ74690ΒΑ-ΡΤΙ,2025-12-17,ΧΕ 1-1359,,,,no sponsor block
6Δ2Σ4690ΒΑ-ΗΔΙ,2025-12-17,ΧΕΠ 1-1361,,,,no sponsor block
ΨΛΗ44690ΒΑ-Ε71,2025-12-17,ΧΕ 1-1360,,,,no sponsor block
ΨΑ704690ΒΑ-Ρ4Π,2025-12-17,ΧΕ 1-1358,,,,no sponsor block
9ΨΛΟ4690ΒΑ-5ΕΧ,2025-12-17,ΧΕ 1-1357,,,,no sponsor block
ΡΔΧΗ4690ΒΑ-91Ν,2025-12-17,ΧΕΠ 1-1356,,,,no sponsor block
ΡΕ4Θ4690ΒΑ-7ΨΡ,2025-12-17,ΧΕ 1-1355,,,,no sponsor block
6ΗΨ84690ΒΑ-ΧΓΗ,2025-12-17,ΧΕΠ 1-1354,,,,no sponsor block
9ΘΜ54690ΒΑ-ΑΘΜ,2025-12-17,ΧΕ 1-1353,,,,no sponsor block
ΨΥΖΖ4690ΒΑ-ΑΟΑ,2025-12-17,ΧΕ 1-1351,,,,no sponsor block
ΡΞ1Ζ4690ΒΑ-ΨΜΓ,2025-12-17,ΧΕΠ 1-1350,,,,no sponsor block
ΨΝΩ14690ΒΑ-ΛΤΛ,2025-12-17,ΧΕ 1-1352,,,,no sponsor block
9Ν324690ΒΑ-ΚΗΩ,2025-12-17,ΧΕΠ 1-1348,,,,no sponsor block
ΨΛΟΗ4690ΒΑ-ΖΟ9,2025-12-17,ΧΕ 1-1349,,,,no sponsor block
92ΞΔ4690ΒΑ-ΨΡ4,2025-12-08,ΧΕ 1-1283,,,,no sponsor block
6Θ134690ΒΑ-1ΓΥ,2025-12-08,ΧΕ 1-1282,,,,no sponsor block
970Π4690ΒΑ-ΖΦΖ,2025-12-08,ΧΕ 1-1281,,,,no sponsor block
ΨΒΥΤ4690ΒΑ-5ΧΜ,2025-12-08,ΧΕ 1-1280,,,,no sponsor block
9Τ424690ΒΑ-3ΩΜ,2025-12-08,ΧΕ 1-1279,,,,no sponsor block
9ΡΘΞ4690ΒΑ-Δ03,2025-12-08,ΧΕ 1-1278,,,,no sponsor block
6Δ9Ο4690ΒΑ-ΞΨ8,2025-12-08,ΧΕ 1-1277,,,,no sponsor block
ΨΕΩΘ4690ΒΑ-3Η5,2025-12-06,ΧΕ 1-1276,,,,no sponsor block
ΛΡΒ24690ΒΑ-4ΘΔ,2025-12-06,ΧΕ 1-1275,,,,no sponsor block
Λ9ΔΔ4690ΒΑ-Β9Σ,2025-12-06,ΧΕ 1-1274,,,,no sponsor block
9ΕΒΛ4690ΒΑ-Π0Ι,2025-12-05,ΧΕΠ 1-1271,,,,no sponsor block
ΨΣ2Ε4690ΒΑ-ΓΘΖ,2025-12-05,ΧΕΠ 1-1269,,,,no sponsor block
ΨΔ274690ΒΑ-Π8Ο,2025-11-18,ΧΕΠ 1-1207,,,,no sponsor block
Ρ9ΜΙ4690ΒΑ-Η6Δ,2025-12-01,ΧΕ 1-1254,,,,no sponsor block
9ΣΣ44690ΒΑ-ΡΟΤ,2025-12-01,ΧΕ 1-1253,,,,no sponsor block
ΨΥΓΖ4690ΒΑ-ΓΒΟ,2025-12-01,ΧΕ 1-1252,,,,no sponsor block
6ΙΕΦ4690ΒΑ-ΠΕΤ,2025-12-01,ΧΕ 1-1251,,,,no sponsor block
ΨΥΜΚ4690ΒΑ-Α2Τ,2025-12-01,ΧΕ 1-1250,,,,no sponsor block
68ΟΜ4690ΒΑ-5ΛΞ,2025-11-28,ΧΕ 1-1247,,,,no sponsor block
9ΟΩΑ4690ΒΑ-35Χ,2025-11-27,ΧΕ 1-1246,,,,no sponsor block
99ΝΠ4690ΒΑ-ΟΩΘ,2025-11-27,ΧΕ 1-1245,,,,no sponsor block
ΨΥ544690ΒΑ-6ΙΚ,2025-11-19,ΧΕ 1-1215,,,,no sponsor block
Ρ2Ν44690ΒΑ-6ΜΞ,2025-11-18,ΧΕΠ 1-1208,,,,no sponsor block
Ρ7ΓΒ4690ΒΑ-5ΧΣ,2025-11-18,ΧΕΠ 1-1205,,,,no sponsor block
98ΧΤ4690ΒΑ-ΥΜΖ,2025-11-17,ΧΕΠ 1-1197,,,,no sponsor block
99ΛΗ4690ΒΑ-Μ1Α,2025-10-29,ΧΕ 1-1106,,,,no sponsor block
9ΤΜ14690ΒΑ-Ι7Γ,2025-11-04,ΗΜΕΡΗΣΙΑ ΑΠΟΖΗΜΙΩΣΗ ΥΠΑΛΛΗΛΟΥ ΤΟΥ ΓΝ ΚΟΜΟΤΗΝΗΣ ΓΙΑ ΝΑ ΜΕΤΑΒΕΙ ΣΤΗΝ ΘΕΣΣΑΛΟΝΙΚΗ ΣΤΙΣ 6/11/2025 ΓΙΑ ΥΠΗΡΕΣΙΑΚΕΣ ΑΝΑΓΚΕΣ ΣΥΜΦΩΝΑ ΜΕ ΈΓΓΡΑΦΟ ΤΗΣ Δ/ΝΣΗΣ ΦΑΡΜΑΚΟΥ ΑΡ.ΠΡΩΤ 46575/22-10-2025 ΚΑΙ ΕΓΚΡΙΣΗ ΤΗΣ ΜΕ ΑΡ.ΠΡΩΤ 20314/4-11-25 ΑΙΤΗΣΗΣ ΤΟΥ,,,,no sponsor block
6ΦΦΥ4690ΒΑ-0ΦΒ,2025-11-04,ΧΕ 1-1176,,,,no sponsor block
ΨΑΘΛ4690ΒΑ-Ν4Ψ,2025-11-04,ΧΕ 1-1175,,,,no sponsor block
9Υ994690ΒΑ-9ΥΝ,2025-11-03,ΧΕ 1-1174,,,,no sponsor block
ΡΣΙ04690ΒΑ-15Γ,2025-11-03,ΧΕ 1-1173,,,,no sponsor block
ΨΚ1Μ4690ΒΑ-Ο2Π,2025-11-03,ΧΕ 1-1172,,,,no sponsor block
9ΜΒΔ4690ΒΑ-ΧΩΓ,2025-11-03,ΧΕ 1-1171,,,,no sponsor block
9Ε0Χ4690ΒΑ-ΛΡ5,2025-10-30,ΧΕ 1-1126,,,,no sponsor block
ΡΤΓΤ4690ΒΑ-ΣΗ7,2025-10-30,ΧΕ 1-1125,,,,no sponsor block
68224690ΒΑ-Η97,2025-10-30,ΧΕ 1-1124,,,,no sponsor block
Ρ3Μ24690ΒΑ-ΒΥΓ,2025-10-30,ΧΕ 1-1122,,,,no sponsor block
ΡΚΚΑ4690ΒΑ-ΦΚΖ,2025-10-30,ΧΕ 1-1120,,,,no sponsor block
ΡΔΝ84690ΒΑ-ΠΑΓ,2025-10-21,ΧΕ 1-1093,,,,no sponsor block
90Δ84690ΒΑ-2ΘΩ,2025-10-29,ΧΕ 1-1118,,,,no sponsor block
9Θ894690ΒΑ-ΣΤΥ,2025-10-29,ΧΕ 1-1117,,,,no sponsor block
ΨΦ1Ω4690ΒΑ-ΧΝ0,2025-10-29,ΧΕ 1-1114,,,,no sponsor block
Ψ2Σ14690ΒΑ-ΘΟΛ,2025-10-29,ΧΕ 1-1112,,,,no sponsor block
ΨΒΦΝ4690ΒΑ-ΛΔΞ,2025-10-29,ΧΕ 1-1111,,,,no sponsor block
Ρ7Ε84690ΒΑ-ΞΓΣ,2025-10-29,ΧΕ 1-1110,,,,no sponsor block
9ΒΧΘ4690ΒΑ-Ι40,2025-10-29,ΧΕ 1-1109,,,,no sponsor block
613Δ4690ΒΑ-Χ4Π,2025-10-24,ΧΕΠ 1-1100,,,,no sponsor block
ΨΜΘΛ4690ΒΑ-ΟΒ9,2025-10-24,ΧΕΠ 1-1099,,,,no sponsor block
95534690ΒΑ-ΜΙ2,2025-10-16,ΧΕΠ 1-1069,,,,no sponsor block
97ΥΝ4690ΒΑ-ΜΦΕ,2025-10-02,ΧΕ 1-999,,,,no sponsor block
Ψ9ΦΔ4690ΒΑ-5ΥΜ,2025-10-02,ΧΕ 1-998,,,,no sponsor block
ΨΡΘΦ4690ΒΑ-ΟΡΡ,2025-10-02,ΧΕ 1-996,,,,no sponsor block
63ΗΣ4690ΒΑ-7ΒΤ,2025-10-02,ΧΕ 1-995,,,,no sponsor block
93914690ΒΑ-ΒΔΝ,2025-10-02,ΧΕ 1-994,,,,no sponsor block
ΨΖ4Β4690ΒΑ-Ε2Σ,2025-10-01,ΧΕ 1-990,,,,no sponsor block
9ΕΛΦ4690ΒΑ-2ΜΒ,2025-10-01,ΧΕ 1-989,,,,no sponsor block
ΨΑΠΦ4690ΒΑ-ΑΨΝ,2025-10-01,ΧΕ 1-988,,,,no sponsor block
ΨΡΒ84690ΒΑ-ΘΙΕ,2025-10-01,ΧΕ 1-987,,,,no sponsor block
9ΗΧΣ4690ΒΑ-ΧΤΡ,2025-09-26,ΧΕ 1-971,,,,no sponsor block
9ΒΒΓ4690ΒΑ-ΛΙ3,2025-09-26,ΧΕ 1-970,,,,no sponsor block
ΡΓΠΘ4690ΒΑ-22Λ,2025-09-26,ΧΕ 1-969,,,,no sponsor block
6ΞΘΥ4690ΒΑ-ΗΣ8,2025-09-26,ΧΕ 1-968,,,,no sponsor block
ΡΔ494690ΒΑ-8Β9,2025-09-26,ΧΕ 1-967,,,,no sponsor block
9ΑΥΣ4690ΒΑ-ΖΘ9,2025-09-26,ΧΕ 1-966,,,,no sponsor block
ΡΟΠΩ4690ΒΑ-5ΔΘ,2025-09-16,ΧΕ 1-935,,,,no sponsor block
ΨΩΔ04690ΒΑ-Ν2Θ,2025-09-16,ΧΕ 1-934,,,,no sponsor block
6Α554690ΒΑ-ΔΦΝ,2026-07-01,ΧΕ 1-716,,,,no sponsor block
Ρ6ΗΡ4690ΒΑ-ΤΨΜ,2026-07-01,ΧΕ 1-714,,,,no sponsor block
92Ζ64690ΒΑ-Ψ6Η,2026-07-01,ΧΕ 1-713,,,,no sponsor block
9ΞΡΟ4690ΒΑ-ΖΝ0,2026-07-01,ΧΕ 1-712,,,,no sponsor block
Ψ24Θ4690ΒΑ-ΔΕΟ,2026-07-01,ΧΕ 1-711,,,,no sponsor block
9ΦΦΥ4690ΒΑ-406,2026-07-01,ΧΕ 1-710,,,,no sponsor block
6ΔΓΗ4690ΒΑ-ΚΛ5,2026-07-01,ΧΕ 1-709,,,,no sponsor block
6Χ1Σ4690ΒΑ-ΕΡ3,2026-07-01,ΧΕ 1-708,,,,no sponsor block
ΨΝΨ44690ΒΑ-ΚΛ4,2026-06-18,ΧΕΠ 1-674,,,,no sponsor block
ΨΣΒ64690ΒΑ-25Α,2026-06-18,ΧΕΠ 1-673,,,,no sponsor block
6ΤΕ44690ΒΑ-ΕΧ2,2026-06-18,ΧΕΠ 1-672,,,,no sponsor block
9Ρ2Κ4690ΒΑ-Γ07,2026-06-18,ΧΕΠ 1-671,,,,no sponsor block
ΡΠΦ64690ΒΑ-9ΔΥ,2026-06-18,ΧΕ 1-670,,,,no sponsor block
ΨΗΩΑ4690ΒΑ-ΞΧ2,2026-06-18,ΧΕ 1-669,,,,no sponsor block
9Κ8Θ4690ΒΑ-ΔΤ3,2026-06-08,ΧΕ 1-599,,,,no sponsor block
ΡΛΕ64690ΒΑ-2ΔΤ,2026-06-17,ΧΕ 1-668,,,,no sponsor block
Ρ8Χ14690ΒΑ-ΡΝΗ,2026-06-17,ΧΕ 1-667,,,,no sponsor block
92Π84690ΒΑ-ΟΘ6,2026-06-17,ΧΕ 1-666,,,,no sponsor block
6ΤΕΒ4690ΒΑ-Π2Ι,2026-06-17,ΧΕ 1-665,,,,no sponsor block
65Ω54690ΒΑ-4ΓΗ,2026-06-17,ΧΕ 1-664,,,,no sponsor block
ΡΖΒΑ4690ΒΑ-ΙΔ5,2026-06-17,ΧΕ 1-663,,,,no sponsor block
624Ω4690ΒΑ-Κ9Ο,2026-06-17,ΧΕ 1-661,,,,no sponsor block
6ΔΦΤ4690ΒΑ-6ΞΧ,2026-06-17,ΧΕ 1-660,,,,no sponsor block
Ψ9Τ54690ΒΑ-2Ο2,2026-06-17,ΧΕ 1-659,,,,no sponsor block
6Μ7Ψ4690ΒΑ-ΧΔΒ,2026-06-17,ΧΕ 1-655,,,,no sponsor block
ΨΛΠΥ4690ΒΑ-ΛΧΛ,2026-06-17,ΧΕ 1-654,,,,no sponsor block
9ΣΨ14690ΒΑ-ΗΒΦ,2026-06-17,ΧΕ 1-652,,,,no sponsor block
9ΓΙ44690ΒΑ-ΨΥ8,2026-06-17,ΧΕ 1-651,,,,no sponsor block
Ρ1494690ΒΑ-ΝΥΜ,2026-06-08,ΧΕ 1-602,,,,no sponsor block
ΕΠΝ64690ΒΑ-Ζ0Α,2026-06-08,ΧΕ 1-601,,,,no sponsor block
Ε4Β94690ΒΑ-ΘΒΧ,2026-06-08,ΧΕ 1-600,,,,no sponsor block
ΡΝΖΟ4690ΒΑ-Ν63,2026-06-04,ΧΕΠ 1-580,,,,no sponsor block
98ΔΦ4690ΒΑ-Χ2Α,2026-06-04,ΧΕΠ 1-579,,,,no sponsor block
6ΝΔΒ4690ΒΑ-ΕΥ9,2026-06-02,ΧΕ 1-563,,,,no sponsor block
ΡΨ864690ΒΑ-ΚΓ8,2026-06-02,ΧΕ 1-562,,,,no sponsor block
6Μ424690ΒΑ-8Δ4,2026-06-02,ΧΕ 1-561,,,,no sponsor block
ΨΓΓ24690ΒΑ-Π5Φ,2026-06-02,ΧΕ 1-560,,,,no sponsor block
Ψ0ΟΔ4690ΒΑ-7ΘΠ,2026-06-02,ΧΕ 1-559,,,,no sponsor block
Ψ4ΨΟ4690ΒΑ-ΜΥΕ,2026-06-02,ΧΕ 1-558,,,,no sponsor block
6Α334690ΒΑ-0ΑΗ,2026-06-02,ΧΕ 1-557,,,,no sponsor block
ΨΒ624690ΒΑ-ΧΩ2,2026-06-02,ΧΕ 1-556,,,,no sponsor block
ΡΚΡΑ4690ΒΑ-4ΩΥ,2026-05-29,ΧΕ 1-555,,,,no sponsor block
ΨΗΔ84690ΒΑ-ΚΧ9,2026-05-29,ΧΕ 1-554,,,,no sponsor block
ΡΧΧΛ4690ΒΑ-ΤΦ6,2026-05-29,ΧΕ 1-553,,,,no sponsor block
9ΩΞ44690ΒΑ-ΩΦΚ,2026-05-29,ΧΕ 1-552,,,,no sponsor block
ΡΨΒ64690ΒΑ-14Δ,2026-05-29,ΧΕ 1-551,,,,no sponsor block
Ψ7174690ΒΑ-ΟΝ5,2026-05-29,ΧΕ 1-550,,,,no sponsor block
ΡΒΡΑ4690ΒΑ-Θ26,2026-05-29,ΧΕ 1-549,,,,no sponsor block
Ρ0Ρ44690ΒΑ-Υ1Ψ,2026-05-18,ΧΕ 1-492,,,,no sponsor block
9Δ054690ΒΑ-ΔΧΛ,2026-05-18,ΧΕ 1-491,,,,no sponsor block
ΨΜΨ34690ΒΑ-6ΝΒ,2026-05-18,ΧΕ 1-490,,,,no sponsor block
9ΞΑΥ4690ΒΑ-ΡΔΝ,2026-05-18,ΧΕ 1-489,,,,no sponsor block
9ΑΔ14690ΒΑ-ΟΤΥ,2026-05-18,ΧΕ 1-487,,,,no sponsor block
95ΧΣ4690ΒΑ-ΔΗΧ,2026-05-18,ΧΕ 1-485,,,,no sponsor block
ΡΠΛΣ4690ΒΑ-ΤΓΛ,2026-05-18,ΧΕ 1-483,,,,no sponsor block
ΨΥ644690ΒΑ-29Ο,2026-05-18,ΧΕ 1-481,,,,no sponsor block
ΨΙΝΤ4690ΒΑ-Ρ3Κ,2026-05-18,ΧΕ 1-480,,,,no sponsor block
Ψ6ΗΓ4690ΒΑ-ΩΩΚ,2026-05-18,ΧΕ 1-479,,,,no sponsor block
6ΧΖΝ4690ΒΑ-Ω7Π,2026-05-18,ΧΕ 1-478,,,,no sponsor block
ΨΩ5Τ4690ΒΑ-96Ο,2026-05-18,ΧΕ 1-477,,,,no sponsor block
ΨΓΛΩ4690ΒΑ-Ε4Ξ,2026-05-18,ΧΕ 1-476,,,,no sponsor block
ΨΜΨΣ4690ΒΑ-Ο1Κ,2026-05-15,ΧΕΠ 1-474,,,,no sponsor block
ΡΥΑΥ4690ΒΑ-6ΒΕ,2026-05-15,ΧΕΠ 1-471,,,,no sponsor block
ΡΓ1Μ4690ΒΑ-Ζ1Α,2026-05-08,ΧΕ 1-454,,,,no sponsor block
Ρ1ΠΒ4690ΒΑ-9ΕΟ,2026-05-08,ΧΕ 1-453,,,,no sponsor block
ΨΦΝ04690ΒΑ-Υ7Ψ,2026-05-08,ΧΕ 1-452,,,,no sponsor block
ΡΓΖΣ4690ΒΑ-Ρ54,2026-05-08,ΧΕ 1-450,,,,no sponsor block
ΡΠ9Σ4690ΒΑ-ΑΣ9,2026-05-08,ΧΕ 1-449,,,,no sponsor block
6ΔΜΨ4690ΒΑ-40Ξ,2026-05-07,ΧΕ 1-442,,,,no sponsor block
98ΡΚ4690ΒΑ-81Ε,2026-05-07,ΧΕ 1-441,,,,no sponsor block
62ΣΞ4690ΒΑ-Ο3Τ,2026-05-07,ΧΕ 1-439,,,,no sponsor block
6ΔΡΚ4690ΒΑ-ΖΧΠ,2026-05-07,ΧΕ 1-438,,,,no sponsor block
ΨΚΝΦ4690ΒΑ-ΓΨΡ,2026-05-07,ΧΕ 1-437,,,,no sponsor block
ΡΩΣΥ4690ΒΑ-5Δ5,2026-05-07,ΧΕ 1-436,,,,no sponsor block
ΨΟ8Τ4690ΒΑ-ΘΣΒ,2026-05-07,ΧΕ 1-433,,,,no sponsor block
9ΛΙΡ4690ΒΑ-6Δ7,2026-05-07,ΧΕ 1-435,,,,no sponsor block
6ΧΛΟ4690ΒΑ-ΘΑ3,2026-05-07,ΧΕ 1-432,,,,no sponsor block
ΨΔΓΔ4690ΒΑ-ΖΞΙ,2026-05-07,ΧΕ 1-431,,,,no sponsor block
6ΔΘΡ4690ΒΑ-ΖΛΣ,2026-05-07,ΧΕ 1-430,,,,no sponsor block
Ψ4Ζ34690ΒΑ-Υ10,2026-05-06,ΧΕ 1-429,,,,no sponsor block
ΡΩΗΔ4690ΒΑ-Ε42,2026-05-06,ΧΕ 1-427,,,,no sponsor block
9ΡΛΜ4690ΒΑ-ΛΘΝ,2026-05-05,ΧΕΠ 1-407,,,,no sponsor block
ΨΘΖΔ4690ΒΑ-ΜΧΓ,2026-05-05,ΧΕ 1-421,,,,no sponsor block
Ε7Ψ24690ΒΑ-6ΦΚ,2026-05-05,ΧΕ 1-420,,,,no sponsor block
ΡΖΓΗ4690ΒΑ-ΒΟΣ,2026-05-05,ΧΕ 1-419,,,,no sponsor block
ΨΞΖΙ4690ΒΑ-270,2026-05-05,ΧΕ 1-418,,,,no sponsor block
92Φ94690ΒΑ-ΧΓΣ,2026-05-05,ΧΕ 1-417,,,,no sponsor block
9ΣΜΒ4690ΒΑ-Ζ0Ο,2026-05-05,ΧΕ 1-416,,,,no sponsor block
ΡΔ7Ν4690ΒΑ-Α3Ζ,2026-05-05,ΧΕ 1-415,,,,no sponsor block
ΡΦΓ04690ΒΑ-02Ν,2026-05-05,ΧΕ 1-414,,,,no sponsor block
Ψ58Ν4690ΒΑ-0ΕΛ,2026-05-05,ΧΕ 1-413,,,,no sponsor block
ΨΔΕΕ4690ΒΑ-ΠΡΖ,2026-05-05,ΧΕ 1-412,,,,no sponsor block
ΨΠΜ74690ΒΑ-ΘΨΞ,2026-05-05,ΧΕ 1-411,,,,no sponsor block
62ΧΚ4690ΒΑ-ΚΨΑ,2026-05-05,ΧΕ 1-410,,,,no sponsor block
98ΔΠ4690ΒΑ-ΝΧΨ,2026-05-05,ΧΕ 1-409,,,,no sponsor block
6Α974690ΒΑ-0ΑΚ,2026-05-05,ΧΕ 1-408,,,,no sponsor block
ΨΓΕΙ4690ΒΑ-26Ξ,2026-05-05,ΧΕΠ 1-406,,,,no sponsor block
91ΤΑ4690ΒΑ-Ε5Ε,2026-05-04,ΧΕ 1-405,,,,no sponsor block
ΡΡ764690ΒΑ-Ψ6Α,2026-05-04,ΧΕ 1-404,,,,no sponsor block
Ψ4944690ΒΑ-Ω9Κ,2026-05-04,ΧΕ 1-403,,,,no sponsor block
6ΥΘ34690ΒΑ-ΕΛΔ,2026-05-04,ΧΕ 1-402,,,,no sponsor block
Ρ4ΛΚ4690ΒΑ-50Τ,2026-05-04,ΧΕ 1-401,,,,no sponsor block
9Θ1Α4690ΒΑ-3ΓΡ,2026-05-04,ΧΕ 1-400,,,,no sponsor block
6Α4Σ4690ΒΑ-ΕΥΙ,2026-05-04,ΧΕ 1-399,,,,no sponsor block
6ΑΦ74690ΒΑ-Π3Β,2026-05-04,ΧΕ 1-398,,,,no sponsor block
9Ψ994690ΒΑ-1ΣΓ,2026-05-04,ΧΕ 1-397,,,,no sponsor block
ΡΟ944690ΒΑ-Ν3Ζ,2026-05-04,ΧΕ 1-396,,,,no sponsor block
Ψ1ΕΔ4690ΒΑ-Κ65,2026-05-04,ΧΕ 1-395,,,,no sponsor block
Ψ4ΜΜ4690ΒΑ-Χ5Π,2026-04-30,ΧΕ 1-394,,,,no sponsor block
Ρ6ΥΗ4690ΒΑ-Λ4Λ,2026-04-30,ΧΕ 1-393,,,,no sponsor block
9ΕΗΥ4690ΒΑ-Ι7Γ,2026-04-30,ΧΕ 1-392,,,,no sponsor block
ΨΧΠΙ4690ΒΑ-0ΝΝ,2026-04-30,ΧΕΠ 1-391,,,,no sponsor block
Ψ8Δ04690ΒΑ-ΗΩ1,2026-04-30,ΧΕ 1-390,,,,no sponsor block
92ΤΖ4690ΒΑ-ΛΒΧ,2026-04-30,ΧΕΠ 1-389,,,,no sponsor block
92ΣΣ4690ΒΑ-1ΦΜ,2026-04-30,ΧΕΠ 1-388,,,,no sponsor block
65594690ΒΑ-Φ1Β,2026-04-30,ΧΕΠ 1-387,,,,no sponsor block
Ρ4ΕΗ4690ΒΑ-ΨΑΔ,2026-04-30,ΧΕΠ 1-386,,,,no sponsor block
9ΨΡΠ4690ΒΑ-Ι3Θ,2026-04-16,ΧΕ 1-340,,,,no sponsor block
ΡΙΑΝ4690ΒΑ-ΜΨΨ,2026-04-16,ΧΕ 1-339,,,,no sponsor block
ΨΦΙΔ4690ΒΑ-ΕΟΜ,2026-04-16,ΧΕ 1-338,,,,no sponsor block
9ΘΜΧ4690ΒΑ-1ΕΥ,2026-04-16,ΧΕΠ 1-337,,,,no sponsor block
ΡΚ5Β4690ΒΑ-1ΟΕ,2026-04-16,ΧΕ 1-336,,,,no sponsor block
6Μ174690ΒΑ-ΧΙΗ,2026-04-16,ΧΕΠ 1-335,,,,no sponsor block
99ΔΞ4690ΒΑ-ΒΔΠ,2026-04-16,ΧΕΠ 1-333,,,,no sponsor block
9ΣΗΧ4690ΒΑ-ΕΥΩ,2026-04-16,ΧΕ 1-334,,,,no sponsor block
94214690ΒΑ-ΒΞ5,2026-04-16,ΧΕ 1-332,,,,no sponsor block
9ΥΝΝ4690ΒΑ-91Ω,2026-04-16,ΧΕΠ 1-331,,,,no sponsor block
Ρ9ΡΕ4690ΒΑ-Δ7Ω,2026-04-16,ΧΕΠ 1-330,,,,no sponsor block
9ΒΜΚ4690ΒΑ-ΨΤΙ,2026-04-16,ΧΕΠ 1-329,,,,no sponsor block
9Ψ2Ζ4690ΒΑ-ΖΘΕ,2026-04-16,ΧΕΠ 1-328,,,,no sponsor block
ΨΥΠΚ4690ΒΑ-ΒΦΕ,2026-04-16,ΧΕΠ 1-327,,,,no sponsor block
6ΔΖΓ4690ΒΑ-ΥΑΞ,2026-04-16,ΧΕΠ 1-326,,,,no sponsor block
ΨΠΑ74690ΒΑ-4Μ3,2026-04-16,ΧΕΠ 1-325,,,,no sponsor block
ΡΠΟΡ4690ΒΑ-ΨΦΩ,2026-04-16,ΧΕΠ 1-323,,,,no sponsor block
9ΤΓ54690ΒΑ-5Θ3,2026-04-16,ΧΕΠ 1-322,,,,no sponsor block
9ΘΜΞ4690ΒΑ-ΤΦ0,2026-04-16,ΧΕ 1-320,,,,no sponsor block
ΨΙ2Ψ4690ΒΑ-ΞΗ7,2026-04-16,ΧΕ 1-319,,,,no sponsor block
Ψ3ΡΧ4690ΒΑ-ΥΔ4,2026-04-16,ΧΕ 1-318,,,,no sponsor block
9ΛΤΜ4690ΒΑ-53Τ,2026-04-16,ΧΕ 1-317,,,,no sponsor block
9Υ2Η4690ΒΑ-ΛΗΛ,2026-04-16,ΧΕ 1-316,,,,no sponsor block
931Γ4690ΒΑ-64Θ,2026-04-16,ΧΕ 1-314,,,,no sponsor block
Ψ27Ν4690ΒΑ-ΓΩΚ,2026-04-16,ΧΕ 1-313,,,,no sponsor block
ΨΣΑΩ4690ΒΑ-ΓΗΣ,2026-04-01,ΧΕ 1-268,,,,no sponsor block
ΨΗ1Ξ4690ΒΑ-Φ24,2026-04-01,ΧΕ 1-267,,,,no sponsor block
9Β8Χ4690ΒΑ-ΓΕ9,2026-04-01,ΧΕ 1-266,,,,no sponsor block
6ΜΦ94690ΒΑ-56Α,2026-04-01,ΧΕ 1-265,,,,no sponsor block
ΨΜΜ14690ΒΑ-55Λ,2026-04-01,ΧΕ 1-264,,,,no sponsor block
ΨΔΝΚ4690ΒΑ-Ψ9Λ,2026-04-01,ΧΕ  1-263,,,,no sponsor block
6ΤΑΠ4690ΒΑ-1ΩΨ,2026-04-01,ΧΕ 1-262,,,,no sponsor block
ΡΕΔ94690ΒΑ-ΙΥ4,2026-03-31,ΧΕΠ 1-258,,,,no sponsor block
90Μ04690ΒΑ-ΜΘΗ,2026-03-31,ΧΕΠ 1-257,,,,no sponsor block
9ΣΨΝ4690ΒΑ-Η03,2026-03-30,ΧΕΠ 1-256,,,,no sponsor block
ΡΛΒΘ4690ΒΑ-ΜΤ4,2026-03-30,ΧΕΠ 1-255,,,,no sponsor block
ΨΤΑΩ4690ΒΑ-409,2026-03-30,ΧΕΠ 1-254,,,,no sponsor block
Ψ2Τ64690ΒΑ-ΔΔΡ,2026-03-30,ΧΕΠ 1-253,,,,no sponsor block
ΡΗ0Α4690ΒΑ-36Χ,2026-03-30,ΧΕΠ 1-252,,,,no sponsor block
ΡΤΣ94690ΒΑ-ΚΓΒ,2026-03-30,ΧΕΠ 1-251,,,,no sponsor block
ΨΛ664690ΒΑ-3ΑΧ,2026-03-30,ΧΕΠ 1-250,,,,no sponsor block
9Κ5Κ4690ΒΑ-Ω0Ε,2026-03-30,ΧΕΠ 1-249,,,,no sponsor block
ΨΦΖΞ4690ΒΑ-Θ8Β,2026-03-30,ΧΕΠ 1-248,,,,no sponsor block
ΡΩ794690ΒΑ-Σ4Μ,2026-03-30,ΧΕΠ 1-245,,,,no sponsor block
ΡΕΕΘ4690ΒΑ-ΧΕΙ,2026-03-30,ΧΕΠ 1-244,,,,no sponsor block
ΨΣΝΧ4690ΒΑ-ΥΔ6,2026-03-30,ΧΕΠ 1-243,,,,no sponsor block
9ΒΒΠ4690ΒΑ-4ΑΡ,2026-03-30,ΧΕΠ 1-242,,,,no sponsor block
9Ξ5Γ4690ΒΑ-ΗΒΖ,2026-03-30,ΧΕΠ 1-241,,,,no sponsor block
6ΤΟΒ4690ΒΑ-ΘΑΜ,2026-03-30,ΧΕΠ 1-240,,,,no sponsor block
Ρ34Ι4690ΒΑ-ΖΚΚ,2026-03-26,ΧΕΠ 1-239,,,,no sponsor block
ΨΔΖ44690ΒΑ-0ΥΘ,2026-03-26,ΧΕΠ 1-238,,,,no sponsor block
ΨΡ824690ΒΑ-6ΣΚ,2026-03-26,ΧΕΠ 1-237,,,,no sponsor block
9Ο0Ρ4690ΒΑ-ΩΨΜ,2026-03-26,ΧΕΠ 1-236,,,,no sponsor block
Ψ6374690ΒΑ-ΝΜΑ,2026-03-26,ΧΕΠ 1-235,,,,no sponsor block
ΡΛ8Γ4690ΒΑ-6ΗΔ,2026-03-26,ΧΕΠ 1-234,,,,no sponsor block
9ΔΨΒ4690ΒΑ-ΝΟ1,2026-03-26,ΧΕΠ 1-233,,,,no sponsor block
9Ω2Θ4690ΒΑ-ΥΘΙ,2026-03-04,ΧΕ 1-136,,,,no sponsor block
951Ε4690ΒΑ-ΑΓ5,2026-03-04,ΧΕ 1-134,,,,no sponsor block
ΨΧΨΤ4690ΒΑ-ΒΩ3,2026-03-04,ΧΕ 1-133,,,,no sponsor block
ΡΓΠΡ4690ΒΑ-Η0Υ,2026-03-04,ΧΕ 1-131,,,,no sponsor block
Ρ4ΛΒ4690ΒΑ-7ΗΝ,2026-03-04,ΧΕ 1-129,,,,no sponsor block
Ψ0ΓΥ4690ΒΑ-ΜΝΘ,2026-03-04,ΧΕ 1-128,,,,no sponsor block
6Α6Β4690ΒΑ-Ζ2Ο,2026-03-03,ΧΕ 1-127,,,,no sponsor block
9Τ3Δ4690ΒΑ-Ζ27,2026-03-03,ΧΕ 1-125,,,,no sponsor block
ΨΒΩΕ4690ΒΑ-Ο2Γ,2026-03-03,ΧΕ 1-124,,,,no sponsor block
6ΝΕΩ4690ΒΑ-7ΝΑ,2026-03-03,ΧΕ 1-122,,,,no sponsor block
ΨΝΧΣ4690ΒΑ-Α17,2026-03-03,ΧΕ 1-120,,,,no sponsor block
ΨΤ0Λ4690ΒΑ-Ω7Θ,2026-03-03,ΧΕ 1-119,,,,no sponsor block
ΡΛΓΥ4690ΒΑ-9ΟΛ,2026-03-03,ΧΕ 1-118,,,,no sponsor block
95ΘΗ4690ΒΑ-260,2026-03-02,ΧΕ 1-116,,,,no sponsor block
9ΛΚ94690ΒΑ-ΚΑ1,2026-03-02,ΧΕ 1-115,,,,no sponsor block
ΡΟΞΝ4690ΒΑ-527,2026-03-02,ΧΕ 1-114,,,,no sponsor block
9ΓΣΝ4690ΒΑ-57Χ,2026-03-02,ΧΕ 1-113,,,,no sponsor block
ΨΜ1Δ4690ΒΑ-504,2026-03-02,XE 1-112,,,,no sponsor block
Ψ5Υ54690ΒΑ-4ΟΖ,2026-03-02,ΧΕ 1-111,,,,no sponsor block
9Ν8Τ4690ΒΑ-3ΧΩ,2026-08-13,ΧΕ 1-913,,,,no sponsor block
ΨΧ4Σ4690ΒΑ-ΑΦΠ,2026-08-13,ΧΕ 1-912,,,,no sponsor block
92ΖΨ4690ΒΑ-90Ε,2026-08-13,ΧΕ 1-911,,,,no sponsor block
ΨΔΒΨ4690ΒΑ-ΥΦΦ,2026-08-13,ΧΕ 1-910,,,,no sponsor block
Ψ7Ρ14690ΒΑ-ΚΙ5,2026-08-13,ΧΕ 1-909,,,,no sponsor block
685Β4690ΒΑ-4ΓΝ,2026-08-13,ΧΕ 1-908,,,,no sponsor block
9ΙΦΟ4690ΒΑ-ΩΧΓ,2026-08-13,ΧΕ 1-907,,,,no sponsor block
ΨΦΩΩ4690ΒΑ-ΚΑΦ,2026-08-10,ΧΕΠ 1-883,,,,no sponsor block
Ψ62Γ4690ΒΑ-ΚΘΩ,2026-08-10,ΧΕΠ 1-882,,,,no sponsor block
ΡΥΛΟ4690ΒΑ-Α3Ρ,2026-08-10,ΧΕΠ 1-881,,,,no sponsor block
9ΣΙ54690ΒΑ-7Χ6,2026-08-10,ΧΕΠ 1-880,,,,no sponsor block
9Α2Ω4690ΒΑ-ΛΦ2,2026-08-10,ΧΕΠ 1-879,,,,no sponsor block
Ψ43Φ4690ΒΑ-ΣΚΑ,2026-08-10,ΧΕΠ 1-878,,,,no sponsor block
6Μ2Α4690ΒΑ-ΛΚΜ,2026-08-10,ΧΕΠ 1-877,,,,no sponsor block
ΡΡΨΤ4690ΒΑ-Η1Ω,2026-08-10,ΧΕΠ 1-876,,,,no sponsor block
Ψ6Σ14690ΒΑ-Ε75,2026-08-10,ΧΕΠ 1-875,,,,no sponsor block
Ψ9Ν44690ΒΑ-1ΤΟ,2026-08-10,ΧΕΠ 1-874,,,,no sponsor block
Ψ1ΩΛ4690ΒΑ-ΕΒΡ,2026-08-10,ΧΕΠ 1-873,,,,no sponsor block
982Ο4690ΒΑ-Κ2Α,2026-08-10,ΧΕΠ 1-872,,,,no sponsor block
ΨΡΚΤ4690ΒΑ-Ο5Κ,2026-08-06,ΧΕΠ 1-864,,,,no sponsor block
ΡΚΛΔ4690ΒΑ-32Γ,2026-08-06,ΧΕΠ 1-863,,,,no sponsor block
ΡΛ4Ψ4690ΒΑ-ΛΥ4,2026-08-05,ΧΕΠ 1-854,,,,no sponsor block
ΡΔΚ74690ΒΑ-ΛΥΖ,2026-08-05,ΧΕΠ 1-853,,,,no sponsor block
9ΓΚΔ4690ΒΑ-Ρ07,2026-08-05,ΧΕΠ 1-852,,,,no sponsor block
9ΩΕΑ4690ΒΑ-9ΓΒ,2026-08-05,ΧΕΠ 1-851,,,,no sponsor block
9ΥΛΩ4690ΒΑ-320,2026-08-05,ΧΕΠ 1-850,,,,no sponsor block
92164690ΒΑ-ΧΕΝ,2026-08-05,ΧΕΠ 1-849,,,,no sponsor block
97ΙΒ4690ΒΑ-ΡΞΚ,2026-08-05,ΧΕΠ 1-848,,,,no sponsor block
99ΤΣ4690ΒΑ-9ΛΧ,2026-08-05,ΧΕΠ 1-847,,,,no sponsor block
ΨΥ5Γ4690ΒΑ-ΝΨΠ,2026-08-05,ΧΕΠ 1-846,,,,no sponsor block
Ρ7344690ΒΑ-ΤΘΘ,2026-08-05,ΧΕΠ 1-845,,,,no sponsor block
6ΔΔ34690ΒΑ-ΨΑΓ,2026-08-05,ΧΕΠ 1-844,,,,no sponsor block
9ΘΞ94690ΒΑ-ΨΕΧ,2026-08-05,ΧΕΠ 1-843,,,,no sponsor block
ΨΞΠΧ4690ΒΑ-0ΧΙ,2026-08-05,ΧΕΠ 1-842,,,,no sponsor block
63ΓΧ4690ΒΑ-ΓΓ0,2026-08-05,ΧΕΠ 1-841,,,,no sponsor block
9ΜΚΡ4690ΒΑ-ΦΙΔ,2026-08-05,ΧΕΠ 1-840,,,,no sponsor block
Ψ7ΨΡ4690ΒΑ-Χ7Θ,2026-08-05,ΧΕΠ 1-839,,,,no sponsor block
9ΕΒ74690ΒΑ-Ε1Ν,2026-08-04,ΧΕΠ 1-837,,,,no sponsor block
9ΠΙΜ4690ΒΑ-ΓΘΔ,2026-08-04,ΧΕΠ 1-836,,,,no sponsor block
ΡΡΣΞ4690ΒΑ-4Μ6,2026-08-04,ΧΕΠ 1-835,,,,no sponsor block
ΡΥΔΑ4690ΒΑ-ΟΕ2,2026-08-03,ΧΕ 1-830,,,,no sponsor block
ΨΒΞ54690ΒΑ-ΧΧΣ,2026-08-03,ΧΕ 1-829,,,,no sponsor block
6ΖΗΞ4690ΒΑ-5ΧΓ,2026-08-03,ΧΕ 1-828,,,,no sponsor block
9ΣΠΧ4690ΒΑ-Λ44,2026-08-03,ΧΕ 1-827,,,,no sponsor block
ΨΚ9Ο4690ΒΑ-ΕΣΖ,2026-08-03,ΧΕ 1-826,,,,no sponsor block
6ΧΦΛ4690ΒΑ-Ε6Τ,2026-08-03,ΧΕ1-825,,,,no sponsor block
9Η9Τ4690ΒΑ-Γ4Ζ,2026-08-03,ΧΕ 1-824,,,,no sponsor block
9ΛΖΠ4690ΒΑ-Α0Β,2026-07-13,ΧΕ 1-769,,,,no sponsor block
Ψ89Ε4690ΒΑ-ΝΛΨ,2026-07-13,ΧΕ 1-768,,,,no sponsor block
9ΨΤΣ4690ΒΑ-2ΤΟ,2026-07-13,ΧΕ 1-767,,,,no sponsor block
ΡΘΗ44690ΒΑ-ΜΓΗ,2026-07-13,ΧΕ 1-766,,,,no sponsor block
9Π424690ΒΑ-7ΜΔ,2026-07-13,ΧΕ 1-765,,,,no sponsor block
916Ι4690ΒΑ-5ΟΗ,2026-07-13,ΧΕ 1-764,,,,no sponsor block
ΨΒΔΣ4690ΒΑ-1Ξ4,2026-07-13,ΧΕ 1-763,,,,no sponsor block
Ρ0ΝΜ4690ΒΑ-2Υ8,2026-07-09,ΧΕ 1-762,,,,no sponsor block
9ΞΓΒ4690ΒΑ-4ΓΒ,2026-07-09,ΧΕ 1-761,,,,no sponsor block
ΨΗΟΩ4690ΒΑ-Ξ0Π,2026-07-09,ΧΕ 1-760,,,,no sponsor block
9Χ2Γ4690ΒΑ-Δ5Ω,2026-07-09,ΧΕ 1-759,,,,no sponsor block
ΡΕΖΣ4690ΒΑ-Ο66,2026-07-09,ΧΕ 1-758,,,,no sponsor block
ΨΜ724690ΒΑ-ΖΗΚ,2026-07-09,ΧΕ 1-757,,,,no sponsor block
ΡΥΔΤ4690ΒΑ-Λ6Ψ,2026-07-09,ΧΕ 1-756,,,,no sponsor block
ΡΤΞΤ4690ΒΑ-ΨΧΟ,2026-07-09,ΧΕ 1-755,,,,no sponsor block
Ψ5ΛΥ4690ΒΑ-ΚΒΕ,2026-07-09,ΧΕ 1-754,,,,no sponsor block
994Β4690ΒΑ-ΨΩ8,2026-07-08,ΧΕΠ 1-748,,,,no sponsor block
ΡΝΧΥ4690ΒΑ-ΓΛ8,2026-07-08,ΧΕΠ 1-747,,,,no sponsor block
