ada,issue_date,subject,supplier_afm,supplier_name,amount_eur,cpv,kae
9ΩΜΡ46904Ν-ΩΤΟ,2021-11-30,ΑΠΟΦΑΣΗ ΠΡΟΕΔΡΟΥ ΕΓΚΡΙΣΗΣ ΠΡΑΚΤΙΚΟΥ ΑΝΑΘΕΣΗΣ ΥΠΗΡΕΣΙΩΝ ΕΦΑΠΑΞ ΤΕΧΝΙΚΟΥ ΕΛΕΓΧΟΥ ΚΑΙ ΕΛΕΓΧΟΥ ΚΑΛΗΣ ΛΕΙΤΟΥΡΓΕΙΑΣ ΤΕΣΣΑΡΩΝ ΔΙΑΘΕΡΜΙΩΝ MARTIN ΤΩΝ ΧΕΙΡΟΥΡΓΕΙΩΝ ΤΟΥ ΝΟΣΟΚΟΜΕΙΟΥ,099007886,ΒΙΟΠΡΟΜΗΘΕΥΤΙΚΗ ΑΝΤΙΠΡΟΣΩΠΕΙΑ ΕΙΣΑΓΩΓΗ ΕΜΠΟΡΙΑ ΙΑΤΡΙΚΩΝ ΠΡΟΙΟΝΤΩΝ ΜΟΝΟΠΡΟΣΩΠΗ ΕΤΑΙΡΕΙΑ ΠΕΡΙΟΡΙΣΜΕΝΗΣ  ΕΥΘΥΝΗΣ,480.0,,0887
6Ψ4Ι46904Ν-Ε64,2021-12-28,ΑΠΟΦΑΣΗ ΠΡΟΕΔΡΟΥ ΑΠΕΥΘΕΙΑΣ ΑΝΑΘΕΣΗΣ ΓΙΑ ΤΗΝ ΠΡΟΜΗΘΕΙΑ ΚΑΙ ΕΓΚΑΤΑΣΤΑΣΗ ΕΞΟΠΛΙΣΜΟΥ ΠΛΗΡΟΦΟΡΙΚΗΣ ΓΙΑ ΤΟ ΓΡΑΦΕΙΟ ΤΟΥ ΠΡΟΕΔΡΟΥ ΤΟΥ ΝΟΣΟΚΟΜΕΙΟΥ,099756824,UNICA ΕΦΑΡΜΟΓΕΣ ΣΥΣΤΗΜΑΤΩΝ ΠΛΗΡΟΦΟΡΙΚΗΣ ΑΝΩΝΥΜΗ ΕΤΑΙΡΕΙΑ,1320.0,,1899
6Ψ4Ι46904Ν-Ε64,2021-12-28,ΑΠΟΦΑΣΗ ΠΡΟΕΔΡΟΥ ΑΠΕΥΘΕΙΑΣ ΑΝΑΘΕΣΗΣ ΓΙΑ ΤΗΝ ΠΡΟΜΗΘΕΙΑ ΚΑΙ ΕΓΚΑΤΑΣΤΑΣΗ ΕΞΟΠΛΙΣΜΟΥ ΠΛΗΡΟΦΟΡΙΚΗΣ ΓΙΑ ΤΟ ΓΡΑΦΕΙΟ ΤΟΥ ΠΡΟΕΔΡΟΥ ΤΟΥ ΝΟΣΟΚΟΜΕΙΟΥ,099756824,UNICA ΕΦΑΡΜΟΓΕΣ ΣΥΣΤΗΜΑΤΩΝ ΠΛΗΡΟΦΟΡΙΚΗΣ ΑΝΩΝΥΜΗ ΕΤΑΙΡΕΙΑ,400.0,,0899
Ψ6ΓΡ46904Ν-ΖΦ5,2021-12-28,ΑΠΟΦΑΣΗ ΠΡΟΕΔΡΟΥ ΑΠΕΥΘΕΙΑΣ ΑΝΑΘΕΣΗΣ ΓΙΑ ΤΗΝ ΠΡΟΜΗΘΕΙΑ ΕΞΟΠΛΙΣΜΟΥ ΠΛΗΡΟΦΟΡΙΚΗΣ ΓΙΑ ΤΟ ΓΡΑΦΕΙΟ ΤΟΥ ΠΡΟΕΔΡΟΥ ΤΟΥ ΝΟΣΟΚΟΜΕΙΟΥ,099756824,UNICA ΕΦΑΡΜΟΓΕΣ ΣΥΣΤΗΜΑΤΩΝ ΠΛΗΡΟΦΟΡΙΚΗΣ ΑΝΩΝΥΜΗ ΕΤΑΙΡΕΙΑ,1115.0,,1899
9Ο9646904Ν-ΚΙ5,2021-12-27,"ΑΠΟΦΑΣΗ ΠΡΟΕΔΡΟΥ ΕΓΚΡΙΣΗΣ ΠΡΑΚΤΙΚΟΥ ΠΑΡΟΧΗΣ ΥΠΗΡΕΣΙΩΝ ΔΙΑΧΕΙΡΙΣΗΣ ΕΠΙΚΙΝΔΥΝΩΝ ΑΠΟΒΛΗΤΩΝ (ΚΙΤΡΙΝΑ) ΠΡΟΣ ΑΠΟΣΤΕΙΡΩΣΗ, ΓΙΑ ΤΙΣ ΑΝΑΓΚΕΣ ΤΟΥ ΤΜΗΜΑΤΟΣ ΛΟΙΜΩΞΕΩΝ ΤΟΥ ΝΟΣΟΚΟΜΕΙΟΥ ΓΙΑ ΔΙΑΣΤΗΜΑ ΚΑΛΥΨΗΣ ΤΡΙΩΝ (03) ΜΗΝΩΝ",084221869,VAKTRO AEBE,27600.0,,0846
ΩΓΩΡ46904Ν-ΖΥ2,2021-12-27,ΑΠΟΦΑΣΗ ΠΡΟΕΔΡΟΥ ΕΓΚΡΙΣΗΣ ΠΡΑΚΤΙΚΟΥ ΑΞΙΟΛΟΓΗΣΗΣ ΠΡΟΣΦΟΡΩΝ ΓΙΑ ΤΗΝ ΑΝΑΘΕΣΗ ΥΠΗΡΕΣΙΩΝ ΜΕΤΑΦΟΡΑΣ ΓΕΥΜΑΤΩΝ ΑΠΟ ΤΟ Γ.Α.Ο.Ν.Α. «Ο ΑΓ.ΣΑΒΒΑΣ» ΣΤΟ Γ.Ν.Α. «Η ΕΛΠΙΣ» ΜΕ ΦΟΡΤΗΓΟ,801563251,THE FOOD LAB Α Ε,4960.0,,0899
ΨΡΛΗ46904Ν-7Ο5,2021-12-23,αποφαση προεδρου εγκρισησ πρακτικού ανάθεσης υπηρεσιών διαχείρισησ επικίνδυνων αποβλήτων (κόκκινα),999446618,ΑΠΟΤΕΦΡΩΤΗΡΑΣ ΑΝΩΝΥΜΗ ΕΤΑΙΡΕΙΑ ΑΠΟΤΕΦΡΩΣΗΣ ΑΠΟΡΡΙΜΜΑΤΩΝ,28944.0,,0846
ΩΔ6Ε46904Ν-ΕΓΚ,2021-12-23,ΑΠΟΦΑΣΗ ΠΡΟΕΔΡΟΥ ΕΓΚΡΙΣΗΣ ΠΡΑΚΤΙΚΟΥ ΚΑΙ ΑΝΑΘΕΣΗΣ ΥΠΗΡΕΣΙΩΝ ΕΙΔΙΚΟΤΗΤΑΣ ΗΛΕΚΤΡΟΤΕΧΝΙΤΩΝ,800830648,ΕΡΓΟΔΥΝΑΜΙΚΗ 2030 Ε Ε,19777.7,,0419
Ω5Χ046904Ν-ΤΙΕ,2021-12-23,ΑΠΟΦΑΣΗ ΠΡΟΕΔΡΟΥ ΕΓΚΡΙΣΗΣ ΠΡΑΚΤΙΚΟΥ ΚΑΙΑΝΑΘΕΣΗΣ ΥΠΗΡΕΣΙΩΝ ΓΙΑ ΤΗΝ ΤΕΤΡΑΜΗΝΗ ΣΥΝΤΗΡΗΣΗ  ΥΠΟΣΤΑΘΜΟΥ ΜΕΣΗΣ ΤΑΣΗΣ,095593498,ΕΤΑΙΡΙΑ ΒΙΟΜΗΧΑΝΙΚΗΣ ΑΡΩΓΗΣ ΑΕ,1432.0,,0879
ΨΥΒ146904Ν-ΝΙΩ,2021-12-21,ΑΠΟΦΑΣΗ ΠΡΟΕΔΡΟΥ ΕΓΚΡΙΣΗΣ ΠΡΑΚΤΙΚΟΥ ΠΡΟΜΗΘΕΙΑΣ ΥΠΟΣΤΡΩΜΑΤΟΣ ΤΡΑΠΕΖΑΣ ΑΞΟΝΙΚΟΥ ΤΟΜΟΓΡΑΦΟΥ,094456875,SIEMENS HEALTHCARE ΜΟΝΟΠΡΟΣΩΠΗ  ΑΝΩΝΥΜΟΣ ΒΙΟΜΗΧΑΝΙΚΗ ΚΑΙ ΕΜΠΟΡΙΚΗ ΕΤΑΙΡΕΙΑ,1060.0,,1899
9ΠΚΨ46904Ν-ΧΧΛ,2021-12-20,ΑΠΟΦΑΣΗ ΠΡΟΕΔΡΟΥ ΕΓΚΡΙΣΗΣ ΠΡΑΚΤΙΚΟΥ ΠΡΟΜΗΘΕΙΑΣ ΔΕΚΑ (10) ΗΛΕΚΤΡΟΚΙΝΗΤΩΝ ΚΛΙΝΩΝ ΝΟΣΗΛΕΙΑΣ ΜΕ ΣΤΡΩΜΑ ΓΙΑ ΤΙΣ ΑΝΑΓΚΕΣ ΤΟΥ ΝΟΣΟΚΟΜΕΙΟΥ,999495127,ΛΕΩΝΙΔΑΣ ΨΗΛΙΑΚΟΣ ΚΑΙ ΣΙΑ ΕΤΑΙΡΕΙΑ ΠΕΡΙΟΡΙΣΜΕΝΗΣ ΕΥΘΥΝΗΣ,27800.0,,7111
ΩΦΝΞ46904Ν-Ρ62,2021-12-20,ΑΠΟΦΑΣΗ ΠΡΟΕΔΡΟΥ ΕΓΚΡΙΣΗΣ ΠΡΑΚΤΙΚΟΥ ΠΑΡΟΧΗΣ ΥΠΗΡΕΣΙΩΝ ΚΛΑΔΕΜΑΤΟΣ ΚΑΙ ΜΟΡΦΟΠΟΙΗΣΗΣ ΕΙΚΟΣΙ ΠΕΝΤΕ (25) ΥΨΗΛΩΝ ΔΕΝΔΡΩΝ ΜΕ ΚΑΛΑΘΟΦΟΡΟ ΟΧΗΜΑ ΣΤΟΝ ΠΡΟΑΥΛΙΟ ΧΩΡΟ ΤΟΥ ΝΟΣΟΚΟΜΕΙΟΥ,055182469,"ΑΝΑΣΤΑΣΙΟΥ,,ΣΤΑΥΡΟΣ,ΒΑΣΙΛΕΙΟΣ",2740.0,,0419
ΩΙ8Υ46904Ν-3ΛΥ,2021-12-15,ΑΠΟΦΑΣΗ ΠΡΟΕΔΡΟΥ ΕΓΚΡΙΣΗΣ ΠΡΑΚΤΙΚΟΥ ΚΑΙ ΑΝΑΘΕΣΗΣ ΠΡΟΜΗΘΕΙΣ ΕΝΟΣ (01) ΕΜΕΣΟΥ ΔΙΟΦΘΑΛΜΟΥ ΟΦΘΑΛΜΟΣΚΟΠΙΟΥ,094264251,ΟΜΜΑ ΛΑΙΤ ΦΑΡΜΑΚΕΥΤΙΚΑ  ΟΠΤΙΚΑ  ΙΑΤΡΙΚΑ ΑΝΩΝ ΕΜΠ ΕΤΑΙΡΕΙΑ,2780.0,,7131
ΨΞΖΨ46904Ν-Α00,2021-12-15,"ΑΠΟΦΑΣΗ ΠΡΟΕΔΡΟΥ ΕΓΚΡΙΣΗΣ ΠΡΑΚΤΙΚΟΥ ΑΝΑΘΕΣΗΣ ΥΠΗΡΕΣΙΩΝ ΣΥΝΤΗΡΗΣΗΣ - ΕΠΙΣΚΕΥΗΣ ΤΩΝ ΑΝΑΙΣΘΗΣΙΟΛΟΓΙΚΩΝ ΣΥΓΚΡΟΤΗΜΑΤΩΝ ΚΑΙ ΑΝΑΠΝΕΥΣΤΗΡΩΝ GE HEALTHCARE DATEX ΜΕ ΚΑΛΥΨΗ ΕΡΓΑΣΙΑΣ ΚΑΙ ΟΛΩΝ ΤΩΝ ΑΝΑΛΩΣΙΜΩΝ SERVICE KIT, ΧΩΡΙΣ ΑΝΤΑΛΛΑΚΤΙΚΑ",011651035,"ΤΖΑΝΙΔΑΚΗΣ,,ΕΜΜΑΝΟΥΗΛ,ΤΗΛΕΜΑΧΟΣ",1797.5,,0887
6Ν8946904Ν-ΧΤΓ,2021-12-14,ΑΠΟΦΑΣΗ ΠΡΟΕΔΡΟΥ ΕΓΚΡΙΣΗΣ ΠΡΑΚΤΙΚΟΥ ΓΙΑ ΤΗΝ ΑΝΑΝΕΩΣΗ ΑΔΕΙΩΝ ΧΡΗΣΗΣ (LICENSES) ΤΟΥ ΕΓΚΑΤΕΣΤΗΜΕΝΟΥ ANTIVIRUS ΚΑΙ ΑΝΑΝΕΩΣΗ ΑΔΕΙΑΣ ΧΡΗΣΗΣ ΛΟΓΙΣΜΙΚΟΥ VM WARE VS PHERE ΤΟΥ ΝΟΣΟΚΟΜΕΙΟΥ,999481910,ΓΟΥΔΕΒΕΝΟΥ ΚΕΡΚΥΡΑ ΚΑΙ ΣΙΑ ΕΕ,2423.05,,0419
ΨΘ4446904Ν-ΦΧ2,2021-12-14,ΑΠΟΦΑΣΗ ΠΡΟΕΔΡΟΥ ΕΓΚΡΙΣΗΣ ΠΡΑΚΤΙΚΟΥ ΚΑΙ ΚΑΤΑΚΥΡΩΣΗ,997752073,ΚΟΥΣΟΥΛΟΣ ΑΘΑΝΑΣΙΟΣ ΚΑΙ ΘΕΟΔΩΡΟΥ ΠΑΝΑΓΙΩΤΗΣ ΟΕ,6200.0,50413100-4,0887
ΨΩΕ746904Ν-ΔΞΩ,2021-12-13,ΑΠΟΦ.ΠΡΟΕΔΡΟΥ ΕΓΚΡΙΣΗΣ ΠΡΑΚΤΙΚΟΥ ΓIA KAΘΑΡΙΟΤΗΤΑ (ΔΕΚΕΜΒΡΙΟΣ),094510036,ΓΕΝ ΚΑ ΕΤΑΙΡΕΙΑ ΟΛΟΚΛΗΡΩΜΕΝΗΣ ΔΙΑΧΕΙΡΙΣΗΣ ΚΤΗΡΙΑΚΩΝ  ΕΓΚΑΤΑΣΤΑΣΕΩΝ  ΑΝΩΝΥΜΟΣ  ΕΤΑΙΡΕΙΑ,18010.0,90910000-9,0845
ΩΗΣΡ46904Ν-ΦΣ7,2021-12-09,ΑΠΟΦ.ΠΡΟΕΔΡΟΥ ΕΓΚΡΙΣΗΣ ΠΡΑΚΤΙΚΟΥ ΑΚΑΘΑΡΤΟΣ,997672233,ΑΝΔΡΕΑΣ ΠΑΠΑΓΙΑΝΝΗΣ ΚΑΙ ΥΙΟΣ ΑΝΩΝΥΜΟΣ ΕΜΠΟΡΙΚΗ ΚΑΙ ΒΙΟΜΗΧΑΝΙΚΗ ΕΤΑΙΡΕΙΑ ΜΗΧΑΝΙΚΩΝ ΠΛΥΝΤΗΡΙΩΝ ΙΜΑΤΙΣΜΟΥ ΤΑΠΗΤΩΝ ΚΑΙ ΟΜΟΙΩ,8627.87,98310000-9,0843
6ΩΥ846904Ν-ΦΑΖ,2021-12-06,ΑΠΟΦΑΣΗ ΠΡΟΕΔΡΟΥ ΑΠΕΥΘΕΙΑΣ ΑΝΑΘΕΣΗΣ ΥΠΗΡΕΣΙΩΝ ΓΙΑ ΤΗΝ ΕΦΑΠΑΞ ΕΤΗΣΙΑ ΣΥΝΤΗΡΗΣΗ ΚΑΙ ΕΛΕΓΧΟΥ ΚΑΛΗΣ ΛΕΙΤΟΥΡΓΙΑΣ ΤΟΥ ΑΝΑΠΝΕΥΣΤΗΡΑ MONNAL T75 (ΟΡΘΗ),999642955,VIVICARE ΕΛΛΑΣ ΜΟΝΟΠΡΟΣΩΠΗ ΑΝΩΝΥΜΗ ΕΜΠΟΡΙΚΗ ΚΑΙ  ΕΤΑΙΡΕΙΑ,2233.55,,
Ψ10446904Ν-Β0Ξ,2021-12-03,ΑΠΟΦΑΣΗ ΠΡΟΕΔΡΟΥ ΕΓΚΡΙΣΗΣ ΠΡΑΚΤΙΚΟΥ ΚΑΙ ΑΝΑΘΕΣΗ ΥΠΗΡΕΣΙΩΝ ΓΙΑ ΕΛΕΓΧΟ ΚΑΛΗΣ ΛΕΙΤΟΥΡΓΕΙΑΣ ΚΑΙ ΑΛΛΑΓΗ ΜΠΑΤΑΡΙΑΣ ΤΟΥ ΑΝΑΠΝΕΥΣΤΗΡΑ OXYLOG 3000,997799268,DRAEGER HELLAS ΜΟΝΟΠΡΟΣΩΠΗ ΑΝΩΝΥΜΗ ΕΤΑΡΕΙΑ ΙΑΤΡΟΤΕΧΝΙΚΩΝ ΠΡΟΙΟΝΤΩΝ ΚΑΙ ΠΡΟΙΟΝΤΩΝ ΤΕΧΝΙΚΗΣ ΑΣΦΑΛΕΙΑΣ,1018.0,,0887 -1439
ΨΟΩΣ46904Ν-ΔΘ2,2021-12-01,ΑΠΟΦΑΣΗ ΠΡΟΕΔΡΟΥ ΕΓΚΡΙΣΗΣ ΠΡΑΚΤΙΚΟΥ,099109774,ΔΙΑΓΝΩΣΤΙΚΑ ΑΝΤΙΔΡΑΣΤΗΡΙΑ ΟΡΓΑΝΑ ΝΟΣΟΚΟΜΕΙΑΚΟΣ ΕΞΟΠΛΙΣΜΟΣ ΑΝΩΝΥΜΗ ΕΤΑΙΡΕΙΑ,6119.4,33772000-2,1899
9Δ9Ξ46904Ν-ΖΩΣ,2021-12-01,ΑΠΟΦΑΣΗ ΠΡΟΕΔΡΟΥ ΕΓΚΡΙΣΗΣ ΠΡΑΚΤΙΚΟΥ ΠΑΡΟΧΗΣ ΥΠΗΡΕΣΙΩΝ ΔΥΟ (02) ΤΡΑΠΕΖΟΚΟΜΩΝ,094510036,ΓΕΝ ΚΑ ΕΤΑΙΡΕΙΑ ΟΛΟΚΛΗΡΩΜΕΝΗΣ ΔΙΑΧΕΙΡΙΣΗΣ ΚΤΗΡΙΑΚΩΝ  ΕΓΚΑΤΑΣΤΑΣΕΩΝ  ΑΝΩΝΥΜΟΣ  ΕΤΑΙΡΕΙΑ,11940.0,,0419
ΡΠ4Μ46904Ν-ΜΕΖ,2021-12-01,ΑΠΟΦΑΣΗ ΠΡΟΕΔΡΟΥ ΕΓΚΡΙΣΗΣ ΠΡΑΚΤΙΚΟΥ ΑΞΙΟΛΟΓΗΣΗΣ ΠΡΟΣΦΟΡΩΝ ΓΙΑ ΤΗΝ ΠΑΡΟΧΗ ΥΠΗΡΕΣΙΩΝ ΜΕΤΑΦΟΡΑΣ ΓΕΥΜΑΤΩΝ ΑΠΟ ΤΟ Γ.Α.Ο.Ν.Α. «Ο ΑΓ.ΣΑΒΒΑΣ» ΠΡΟΣ ΤΟ Γ.Ν.Α. «Η ΕΛΠΙΣ» ΜΕ ΦΟΡΤΗΓΟ,801563251,THE FOOD LAB Α Ε,4770.0,,0899
63ΞΙ46904Ν-Τ6Π,2021-11-30,ΑΠΟΦΑΣΗ ΠΡΟΕΔΡΟΥ ΕΓΚΡΙΣΗΣ ΠΡΑΚΤΙΚΟΥ ΣΥΝΤΗΡΗΣΗΣ ΚΗΠΟΥ,172513910,"ΒΟΓΙΑΤΖΗ,,ΜΑΡΙΑ,ΓΕΩΡΓΙΟΣ",2760.0,77340000-5,0419
6ΔΜΟ46904Ν-ΤΘΓ,2021-11-25,ΑΠΟΦΑΣΗ ΠΡΟΕΔΡΟΥ ΑΠΕΥΘΕΙΑΣ ΑΝΑΘΕΣΗΣ ΥΠΗΡΕΣΙΩΝ ΓΙΑ ΤΗΝ ΕΦΑΠΑΞ ΕΤΗΣΙΑ ΣΥΝΤΗΡΗΣΗ ΚΑΙ ΕΛΕΓΧΟΥ ΚΑΛΗΣ ΛΕΙΤΟΥΡΓΙΑΣ ΤΟΥ ΑΝΑΠΝΕΥΣΤΗΡΑ MONNAL T75,999642955,VIVICARE ΕΛΛΑΣ ΜΟΝΟΠΡΟΣΩΠΗ ΑΝΩΝΥΜΗ ΕΜΠΟΡΙΚΗ ΚΑΙ  ΕΤΑΙΡΕΙΑ,100.0,,0887
6ΔΜΟ46904Ν-ΤΘΓ,2021-11-25,ΑΠΟΦΑΣΗ ΠΡΟΕΔΡΟΥ ΑΠΕΥΘΕΙΑΣ ΑΝΑΘΕΣΗΣ ΥΠΗΡΕΣΙΩΝ ΓΙΑ ΤΗΝ ΕΦΑΠΑΞ ΕΤΗΣΙΑ ΣΥΝΤΗΡΗΣΗ ΚΑΙ ΕΛΕΓΧΟΥ ΚΑΛΗΣ ΛΕΙΤΟΥΡΓΙΑΣ ΤΟΥ ΑΝΑΠΝΕΥΣΤΗΡΑ MONNAL T75,999642955,VIVICARE ΕΛΛΑΣ ΜΟΝΟΠΡΟΣΩΠΗ ΑΝΩΝΥΜΗ ΕΜΠΟΡΙΚΗ ΚΑΙ  ΕΤΑΙΡΕΙΑ,2133.55,,1439
Ψ06446904Ν-ΞΜ3,2021-11-24,ΑΠΟΦΑΣΗ ΠΡΟΕΔΡΟΥ ΕΓΚΡΙΣΗΣ ΠΡΑΚΤΙΚΟΥ ΓΙΑ ΤΗΝ ΑΝΑΘΕΣΗ  ΥΠΗΡΕΣΙΩΝ «ΣΥΝΤΗΡΗΣΗΣ – ΕΠΙΣΚΕΥΗΣ ΜΕ ΚΑΛΥΨΗ ΕΡΓΑΣΙΑΣ ΚΑΙ ΟΛΩΝ ΤΩΝ ΑΝΤΑΛΛΑΚΤΙΚΩΝ ΤΩΝ DRYVIEW 6800 & 6950 (ΚΑΜΕΡΕΣ – ΕΚΤΥΠΩΤΕΣ) ΚΑΙ ΤΩΝ ΨΗΦΙΑΚΩΝ ΣΥΓΚΡΟΤΗΜΑΤΩΝ CR ELITE ΚΑΙ CR  CLASSIC ΤΟΥ ΑΚΤΙΝΟΔΙΑΓΝΩΣΤΙΚΟΥ ΤΜΗΜΑΤΟΣ ΤΟΥ ΝΟΣΟΚΟΜΕΙΟΥ,094512503,ΑΠΟΣΤΟΛΟΣ ΓΕΩΡΓ ΠΑΠΟΥΔΗΣ ΚΑΙ ΥΙΟΣ ΑΝΩΝΥΜΟΣ ΕΜΠΟΡΙΚΗ ΕΤΑΙΡΙΑ ΑΝΤΙΠΡΟΣΩΠΕΙΕΣ ΕΙΣΑΓΩΓΕΣ ΙΑΤΡΙΚΩΝ ΜΗΧΑΝΗΜΑΤΩΝ,4050.0,,0887
6ΒΙ946904Ν-2Ε7,2021-11-22,ΑΠΟΦΑΣΗ ΠΡΟΕΔΡΟΥ ΕΓΚΡΙΣΗΣ ΠΡΑΚΤΙΚΟΥ ΣΥΝΤΗΡΗΣΗΣ ΤΩΝ ΙΑΤΡΙΚΩΝ ΑΕΡΙΩΝ ΤΟΥ ΝΟΣΟΚΟΜΕΙΟΥ,999796735,Α ΑΠΟΣΤΟΛΟΥ ΚΑΙ Χ ΔΕΓΕΣΤΙΝΟΣ ΟΜΟΡΡΥΘΜΗ ΕΤΑΙΡΕΙΑ,6500.0,,0879
Ψ7ΖΕ46904Ν-9Λ7,2021-11-22,ΑΠΟΦΑΣΗ ΠΡΟΕΔΡΟΥ ΕΓΚΡΙΣΗΑ ΠΡΑΚΤΙΚΟΥ ΚΑΙ ΑΝΑΘΕΣΗΣ ΥΠΗΡΕΣΙΩΝ ΤΕΧΝΙΚΟΥ ΑΣΦΑΛΕΙΑΣ ΓΙΑ ΔΥΟ (2) ΕΤΗ,102233297,"ΚΑΛΟΜΟΙΡΗΣ,,ΜΙΧΑΗΛ,ΧΡΗΣΤΟΣ",5227.04,,0419
ΨΝΨ346904Ν-Η2Τ,2021-11-22,ΑΠΟΦΑΣΗ ΠΡΟΕΔΡΟΥ ΕΓΚΡΙΣΗΣ ΠΡΑΚΤΙΚΟΥ ΚΑΙ ΑΝΑΘΕΣΗΣ ΥΠΟΣΤΗΡΙΚΤΙΚΩΝ ΥΠΗΡΕΣΙΩΝ ΓΙΑ ΤΗΝ ΕΠΕΚΤΑΣΗ ΑΝΑΛΥΣΗ ΚΑΙ ΠΡΟΣΑΡΜΟΓΗ  ΣΤΙΣ ΔΙΑΤΑΞΕΙΣ ΤΟΥ Ν.4872/21,998850525,Α ΚΑΙ Ι ΒΑΓΙΑΣ ΚΑΙ ΣΥΝΕΡΓΑΤΕΣ ΕΤΑΙΡΕΙΑ ΔΙΚΗΓΟΡΩΝ,18100.0,79418000-7,0419
ΨΓΠΒ46904Ν-0ΤΠ,2021-11-22,ΑΠΟΦΑΣΗ ΠΡΟΕΔΡΟΥ ΕΓΚΡΙΣΗΣ ΠΡΑΚΤΙΚΟΥ ΓΙΑ ΤΗΝ ΣΥΝΤΗΡΗΣΗ - ΕΠΙΣΚΕΥΗ ΤΩΝ ΣΥΣΤΗΜΑΤΩΝ ΥΠΕΡΗΧΟΓΡΑΦΙΑΣ ΤΟΥ ΚΑΡΔΙΟΛΟΓΙΚΟΥ ΤΜΗΜΑΤΟΣ ΤΟΥ ΝΟΣΟΚΟΜΕΙΟΥ,094472918,GE HEALTHCARE ΦΑΡΜΑΚΕΥΤΙΚΗ ΕΜΠΟΡΙΚΗ ΚΑΙ ΒΙΟΜΗΧΑΝΙΚΗ ΕΤΑΙΡΕΙΑ,18700.0,,0887
ΡΒΟΔ46904Ν-ΠΑΧ,2021-11-22,ΑΠΟΦΑΣΗ ΠΡΟΕΔΡΟΥ ΕΓΚΡΙΣΗΣ ΠΡΑΚΤΙΚΟΥ ΠΑΡΟΧΗΣ ΥΠΗΡΕΣΙΩΝ ΔΙΑΧΕΙΡΙΣΗΣ ΕΠΙΚΙΝΔΥΝΩΝ ΑΠΟΒΛΗΤΩΝ Μ.Ε.Α. (ΚΟΚΚΙΝΑ),999446618,ΑΠΟΤΕΦΡΩΤΗΡΑΣ ΑΝΩΝΥΜΗ ΕΤΑΙΡΕΙΑ ΑΠΟΤΕΦΡΩΣΗΣ ΑΠΟΡΡΙΜΜΑΤΩΝ,8040.0,,0846
ΨΣΩΨ46904Ν-ΡΨΙ,2021-11-18,ΑΠΟΦΑΣΗ ΠΡΟΕΔΡΟΥ ΑΝΑΘΕΣΗΣ ΠΡΟΜΗΘΕΙΑΣ ΤΑΙΝΙΩΝ ΜΕΤΡΗΣΗΣ ΣΑΚΧΑΡΟΥ ΚΑΙ ΜΗΧΑΝΗΜΑΤΩΝ ΜΕΤΡΗΣΗΣ ΣΑΚΧΑΡΟΥ,094322455,MENARINI ΔΙΑΓΝΩΣΤΙΚΑ ΙΑΤΡΙΚΑ ΟΡΓΑΝΑ ΑΕΒΕ,4520.0,,1311
ΩΙ2546904Ν-ΞΕ2,2021-11-11,ΑΠΟΦΑΣΗ ΠΡΟΕΔΡΟΥ ΕΓΚΡΙΣΗΣ ΠΡΑΚΤΙΚΟΥ ΚΑΘΑΡΙΟΤΗΤΑΣ,094510036,ΓΕΝ ΚΑ ΕΤΑΙΡΕΙΑ ΟΛΟΚΛΗΡΩΜΕΝΗΣ ΔΙΑΧΕΙΡΙΣΗΣ ΚΤΗΡΙΑΚΩΝ  ΕΓΚΑΤΑΣΤΑΣΕΩΝ  ΑΝΩΝΥΜΟΣ  ΕΤΑΙΡΕΙΑ,18010.0,,0845
6ΖΝΣ46904Ν-Υ9Ν,2021-11-09,ΑΠΟΦΑΗ ΠΡΟΕΔΡΟΥ ΕΓΚΡΙΣΗΣ ΠΡΑΚΤΙΚΟΥ ΚΑΙ ΑΝΑΘΕΣΗΣ ΥΠΗΡΕΣΙΩΝ ΣΥΝΤΗΡΗΣΗΣ ΤΩΝΗΛΕΚΤΡΟΜΗΧΑΝΟΛΟΓΙΚΩΝ ΕΓΚΑΤΑΣΤΑΣΕΩΝ ΤΟΥ Β' ΚΤΗΡΙΟΥ,800830648,ΕΡΓΟΔΥΝΑΜΙΚΗ 2030 Ε Ε,4122.0,,0879
6Ξ8546904Ν-Π7Ι,2021-11-09,ΑΠΟΦΑΣΗ ΠΡΟΕΔΡΟΥ ΕΓΚΡΙΣΗΣ ΠΡΑΚΤΙΚΟΥ ΠΑΡΟΧΗΣ ΥΠΗΡΕΣΙΩΝ ΠΛΥΣΗΣ ΑΚΑΘΑΡΤΟΥ ΙΜΑΤΙΣΜΟΥ,094102575,ΠΛΥΝΤΗΡΙΑ ΛΕΜΗ ΑΝΩΝΥΜΟΣ ΕΤΑΙΡΕΙΑ,8643.27,,0843
ΨΞΞΑ46904Ν-ΥΡΘ,2021-11-05,"ΑΠΟΦΑΣΗ ΠΡΟΕΔΡΟΥ ΕΓΚΡΙΣΗΣ ΠΡΑΚΤΙΚΟΥ ΑΝΑΘΕΣΗΣ ΥΠΗΡΕΣΙΩΝ ΣΥΝΤΗΡΗΣΗΣ - ΕΠΙΣΚΕΥΗΣ ΤΩΝ ΥΔΡΑΥΛΙΚΩΝ, ΑΠΟΧΕΤΕΥΤΙΚΩΝ ΚΑΙ ΕΓΚΑΤΑΣΤΑΣΕΩΝ ΚΕΝΤΡΙΚΗΣ ΘΕΡΜΑΝΣΗΣ ΤΟΥ ΝΟΣΟΚΟΜΕΙΟΥ",800830648,ΕΡΓΟΔΥΝΑΜΙΚΗ 2030 Ε Ε,2367.0,,0879
9Ε2Ο46904Ν-ΜΦΨ,2021-11-05,"ΑΠΟΦΑΣΗ ΠΡΟΕΔΡΟΥ ΕΓΚΡΙΣΗΣ ΠΡΑΚΤΙΚΟΥ ΑΝΑΘΕΣΗΣ ΥΠΗΡΕΣΙΩΝ ΣΥΝΤΗΡΗΣΗΣ - ΕΠΙΣΚΕΥΗΣ ΤΩΝ ΚΛΙΜΑΤΙΣΤΙΚΩΝ ΜΟΝΑΔΩΝ - ΨΥΓΕΙΩΝ, ΨΥΚΤΙΚΩΝ ΘΑΛΑΜΩΝ ΚΑΙ ΨΥΚΤΩΝ ΤΟΥ ΝΟΣΟΚΟΜΕΙΟΥ",800830648,ΕΡΓΟΔΥΝΑΜΙΚΗ 2030 Ε Ε,4572.0,,0879
ΩΖΥΨ46904Ν-ΛΔ0,2021-11-02,ΑΠΟΦΑΣΗ ΠΡΟΕΔΡΟΥ ΕΓΚΡΙΣΗΣ ΠΡΑΚΤΙΚΟΥ ΚΑΙ ΑΝΑΘΕΣΗΣ ΠΡΟΜΗΘΕΙΑΣ ΑΕΡΟΣΥΜΠΙΕΣΤΗ ΠΑΡΑΓΩΓΗΣ ΙΑΤΡΙΚΟΥ ΑΝΑΠΝΕΥΣΤΙΚΟΥ ΑΕΡΑ,999796735,Α ΑΠΟΣΤΟΛΟΥ ΚΑΙ Χ ΔΕΓΕΣΤΙΝΟΣ ΟΜΟΡΡΥΘΜΗ ΕΤΑΙΡΕΙΑ,6000.0,,1899
Ψ0Υ946904Ν-ΗΔΧ,2021-11-01,ΑΠΟΦΑΣΗ ΠΡΟΕΔΡΟΥ ΑΝΑΘΕΣΗΣ ΓΕΝΙΚΟΥ ΕΛΕΓΧΟΥ ΓΕΝΝΗΤΡΙΑΣ ΒΗΜΑΤΟΑΔΟΤΗ OSYPKA,800662220,ANAMEDIS IKE,415.0,,0887
ΩΤΦΒ46904Ν-82Θ,2021-11-01,ΑΠΟΦΑΣΗ ΠΡΟΕΔΡΟΥ ΕΓΚΡΙΣΗΣ ΠΡΑΚΤΙΚΟΥ ΑΝΑΘΕΣΗΣ ΥΠΗΡΕΣΙΩΝ ΕΙΔΙΚΟΤΗΤΑΣ ΗΛΕΚΤΡΟΤΕΧΝΙΤΩΝ ΕΩΣ ΚΑΙ ΟΓΔΟΝΤΑ (80) ΒΑΡΔΙΕΣ ΓΙΑ ΤΙΣ  ΑΝΑΓΚΕΣ ΤΟΥ ΝΟΣΟΚΟΜΕΙΟΥ,998799997,ΙΩΑΝΝΗΣ ΒΑΛΣΑΜΙΔΗΣ ΣΥΝΤΗΡΗΣΗ ΚΑΙ ΕΠΙΣΚΕΥΗ ΕΓΚΑΤΑΣΤΑΣΕΩΝ ΜΟΝΟΠΡΟΣΩΠΗ ΑΝΩΝΥΜΗ  ΕΤΑΙΡΕΙΑ,6944.0,,0419
ΨΦΟ646904Ν-ΞΣΑ,2021-10-27,ΑΠΟΦΑΣΗ ΠΡΟΕΔΡΟΥ ΑΝΑΘΕΣΗΣ ΠΑΡΟΧΗΣ ΥΠΗΡΕΣΙΩΝ ΜΕΤΑΦΟΡΑΣ ΜΕ ΤΑΞΙ ΓΙΑ ΠΡΟΓΡΑΜΜΑΤΙΣΜΕΝΕΣ ΕΞΟΡΜΗΣΕΙΣ ΤΟΥ ΤΜΗΜΑΤΟΣ ΤΗΣ ΑΙΜΟΔΟΣΙΑΣ ΓΙΑ ΤΟΝ ΜΗΝΑ ΝΟΕΜΒΡΙΟ,090036908,ΣΥΝΕΤΑΙΡΙΣΜΟΣ ΑΣΥΡΜΑΤΟΦΟΡΩΝ ΤΑΞΙ ΕΝΟΤΗΤΑ ΣΥΝΠΕ,428.0,,0899
Ω2ΞΝ46904Ν-5Γ2,2021-10-27,ΑΠΟΦΑΣΗ ΠΡΟΕΔΡΟΥ ΕΓΚΡΙΣΗΣ ΠΡΑΚΤΙΚΟΥ ΠΑΡΟΧΗΣ ΥΠΗΡΕΣΙΩΝ ΚΑΘΑΡΙΟΤΗΤΑΣ ΔΥΟ (2) ΑΤΟΜΩΝ,094510036,ΓΕΝ ΚΑ ΕΤΑΙΡΕΙΑ ΟΛΟΚΛΗΡΩΜΕΝΗΣ ΔΙΑΧΕΙΡΙΣΗΣ ΚΤΗΡΙΑΚΩΝ  ΕΓΚΑΤΑΣΤΑΣΕΩΝ  ΑΝΩΝΥΜΟΣ  ΕΤΑΙΡΕΙΑ,9380.0,,0845
6ΙΝΞ46904Ν-Μ48,2021-10-27,ΑΠΟΦΑΣΗ ΠΡΟΕΔΡΟΥ ΑΠΕΥΘΕΙΑΣ ΑΝΑΘΕΣΗΣ ΥΠΗΡΕΣΙΩΝ ΜΕΤΑΦΟΡΑΣ ΦΑΓΗΤΟΥ ΑΠΟ ΤΟ ΓΑΟΝΑ «ΑΓ.ΣΑΒΒΑΣ» ΣΤΟ ΓΝΑ «Η ΕΛΠΙΣ»,801563251,THE FOOD LAB Α Ε,5301.0,55522000-5,0899
6Δ2846904Ν-ΩΚΔ,2021-10-22,ΑΠΟΦΑΣΗ ΠΡΟΕΔΡΟΥΕΓΚΡΙΣΗΣ ΠΡΑΚΤΙΚΟΥ ΤΗΣ ΕΠΙΤΡΟΠΗΣ ΑΞΙΟΛΟΓΗΣΗΣ,800830648,ΕΡΓΟΔΥΝΑΜΙΚΗ 2030 Ε Ε,839.9,,0879
947Σ46904Ν-ΝΦΟ,2021-10-22,ΑΠΟΦΑΣΗ ΠΡΟΕΔΡΟΥ ΕΓΚΡΙΣΗΣ ΠΡΑΚΤΙΚΟΥ ΔΙΚΑΙΟΛΟΓΗΤΙΚΩΝ ΚΑΤΑΚΥΡΩΣΗΣ ΚΑΙ ΚΑΤΑΚΥΡΩΣΗΣ ΣΥΝΟΠΤΙΚΟΥ ΔΙΑΓΩΝΙΣΜΟΥ ΠΡΟΜΗΘΕΙΑΣ & ΕΓΚΑΤΑΣΤΑΣΗΣ ΕΝΟΣ ΣΥΣΤΗΜΑΤΟΣ ΑΔΙΑΛΕΙΠΤΗΣ ΛΕΙΤΟΥΡΓΙΑΣ (UPS) ΙΣΧΥΟΣ 160 KVA ΓΙΑ ΤΙΣ ΑΝΑΓΚΕΣ ΤΟΥ ΑΙΜΟΔΥΝΑΜΙΚΟΥ ΤΜΗΜΑΤΟΣ ΤΟΥ ΝΟΣΟΚΟΜΕΙΟΥ,099355395,NIGICO ΗΛΕΚΤΡΟΝΙΚΑ ΙΣΧΥΟΣ ΕΠΙΚΟΙΝΩΝΙΕΣ ΑΝΩΝΥΜΗ ΕΜΠΟΡΙΚΗ ΒΙΟΜΗΧΑΝΙΚΗ ΕΤΑΙΡΕΙΑ,23500.0,31154000-0,9149
ΨΘ8946904Ν-ΖΧ4,2021-10-18,ΑΠΟΦΑΣΗ ΠΡΟΕΔΡΟΥ ΕΓΚΡΙΣΗΣ ΠΡΑΚΤΙΚΟΥ ΠΑΡΟΧΗΣ ΥΠΗΡΕΣΙΩΝ ΑΠΟΜΑΚΡΥΝΣΗΣ ΣΟΒΑΔΩΝ ΚΑΙ ΚΑΛΥΨΗ ΑΠΟ ΠΕΡΙΒΑΛΛΟΝΤΙΚΕΣ ΚΑΤΑΠΟΝΗΣΕΙΣ ΤΟΥ ΦΕΡΟΝΤΟΣ ΟΠΛΙΣΜΟΥ ΣΤΟ ΤΑΒΑΝΙ ΤΟΥ ΠΑΘΟΛΟΓΟΑΝΑΤΟΜΙΚΟΥ ΕΡΓΑΣΤΗΡΙΟΥ ΓΙΑ ΤΗΝ ΑΜΕΣΗ ΑΡΣΗ ΤΗΣ ΕΠΙΚΙΝΔΥΝΟΤΗΤΑΣ,068323980,"ΣΥΡΙΟΣ,,ΚΩΝΣΤΑΝΤΙΝΟΣ,ΔΗΜΗΤΡΙΟΣ",350.0,,0863
ΨΟ4Μ46904Ν-Ξ5Ξ,2021-10-15,ΑΠΟΦΑΣΗ ΠΡΟΕΔΡΟΥ ΕΓΚΡΙΣΗΣ ΠΡΑΚΤΙΚΟΥ ΑΞΙΟΛΟΓΗΣΗΣ ΠΡΟΣΦΟΡΩΝ ΓΙΑ ΥΠΗΡΕΣΙΕΣ ΣΥΜΒΟΥΛΟΥ ΔΙΑΠΙΣΤΕΥΣΗΣ ΤΟΥ ΑΙΜΑΤΟΛΟΓΙΚΟΥ ΤΜΗΜΑΤΟΣ ΤΟΥ ΝΟΣΟΚΟΜΕΙΟΥ ΚΑΤΑ ISO 9001 ΓΙΑ ΤΟ ΕΤΟΣ 2021 ΓΙΑ ΑΝΑΝΕΩΣΗ ΤΟΥ ΦΟΡΕΑ ΠΙΣΤΟΠΟΙΗΣΗΣ,095432469,ΔΙΕΘΝΕΙΣ ΥΠΗΡΕΣΙΕΣ ΠΕΡΙΒΑΛΛΟΝΤΟΣ ΚΑΙ ΠΟΙΟΤΗΤΑΣ ΜΕΛΕΤΕΣ ΕΦΑΡΜΟΓΕΣ ΑΝΩΝΥΜΗ ΕΤΑΙΡΕΙΑ,1150.0,,0419
698Ο46904Ν-Α0Ψ,2021-10-15,ΑΠΟΦΑΣΗ ΠΡΟΕΔΡΟΥ ΓΑΙ ΑΝΑΘΕΣΗ ΠΑΡΟΧΗΣ ΥΠΗΡΕΣΙΩΝ ΜΕΤΑΦΟΡΑΣ ΜΕ ΤΑΞΙ ΓΙΑ ΤΟΝ ΜΗΝΑ ΟΚΤΩΒΡΙΟ,090036908,ΣΥΝΕΤΑΙΡΙΣΜΟΣ ΑΣΥΡΜΑΤΟΦΟΡΩΝ ΤΑΞΙ ΕΝΟΤΗΤΑ ΣΥΝΠΕ,681.0,,0899
ΨΖΞΩ46904Ν-Κ74,2021-10-14,ΑΠΟΦΑΣΗ ΠΡΟΕΔΡΟΥ ΕΓΚΡΙΣΗΣ ΠΡΑΚΤΙΚΟΥ ΑΞΙΟΛΟΓΗΣΗΣ ΠΡΟΣΦΟΡΩΝ ΠΑΡΟΧΗΣ ΥΠΗΡΕΣΙΩΝ ΚΑΘΑΡΙΟΤΗΤΑΣ,094510036,ΓΕΝ ΚΑ ΕΤΑΙΡΕΙΑ ΟΛΟΚΛΗΡΩΜΕΝΗΣ ΔΙΑΧΕΙΡΙΣΗΣ ΚΤΗΡΙΑΚΩΝ  ΕΓΚΑΤΑΣΤΑΣΕΩΝ  ΑΝΩΝΥΜΟΣ  ΕΤΑΙΡΕΙΑ,18018.0,,0845
ΩΔ6Χ46904Ν-ΒΙΛ,2021-10-08,ΑΠΟΦΑΣΗ ΠΡΟΕΔΡΟΥ ΑΝΑΘΕΣΗΣ ΠΡΟΜΗΘΕΙΑΣ ΕΜΦΥΤΕΥΟΜΕΝΟΣ ΑΠΙΝΙΔΩΤΗΣ ΔΥΟ ΚΟΙΛΟΤΗΤΩΝ,094498111,MEDTRONIC HELLAS ΙΑΤΡΙΚΑ ΜΗΧΑΝΗΜΑΤΑ ΜΟΝΟΠΡΟΣΩΠΗ ΑΝΩΝΥΜΗ ΕΜΠΟΡΙΚΗ ΕΤΑΙΡΕΙΑ,6000.0,,1311
Ψ64Φ46904Ν-2Δ0,2021-10-07,ΑΠΟΦΑΣΗ ΠΡΟΕΔΡΟΥ ΕΓΚΡΙΣΗΣ ΠΡΑΚΤΙΚΟΥ ΠΑΡΟΧΗΣ ΥΠΗΡΕΣΙΩΝ ΠΛΥΣΗΣ ΑΚΑΘΑΡΤΟΥ ΙΜΑΤΙΣΜΟΥ,094102575,ΠΛΥΝΤΗΡΙΑ ΛΕΜΗ ΑΝΩΝΥΜΟΣ ΕΤΑΙΡΕΙΑ,8643.27,,0843
6ΓΝΠ46904Ν-ΛΤΘ,2021-10-07,ΑΠΟΦΑΣΗ ΠΡΟΕΔΡΟΥ ΕΓΚΡΙΣΗΣ ΠΡΑΚΤΙΚΟΥ ΠΑΡΟΧΗΣ ΥΠΗΡΕΣΙΩΝ ΠΛΥΣΗΣ ΑΚΑΘΑΡΤΟΥ ΙΜΑΤΙΣΜΟΥ,094102575,ΠΛΥΝΤΗΡΙΑ ΛΕΜΗ ΑΝΩΝΥΜΟΣ ΕΤΑΙΡΕΙΑ,8943.27,,0843
6ΘΓ446904Ν-06Δ,2021-09-30,ΑΠΟΦΑΣΗ ΠΡΟΕΔΡΟΥ ΕΓΚΡΙΣΗΣ ΠΡΑΚΤΙΚΟΥ ΑΞΙΟΛΟΓΗΣΗΣ ΠΡΟΣΦΟΡΩΝ ΓΙΑ ΤΗΝ ΠΑΡΟΧΗ ΥΠΗΡΕΣΙΩΝ ΜΕΤΑΦΟΡΑΣ ΦΑΓΗΤΟΥ ΑΠΟ ΤΟ ΓΑΟΝΑ «ΑΓ.ΣΑΒΒΑ» ΠΡΟΣ ΤΟ ΓΝΑ «Η ΕΛΠΙΣ»,801563251,THE FOOD LAB Α Ε,5301.0,,0899
ΨΒΖΩ46904Ν-ΓΜΕ,2021-09-27,ΑΠΟΦΑΣΗ ΠΡΟΕΔΡΟΥ ΑΠΕΥΘΕΙΑΣ ΑΝΑΘΕΣΗΣ ΥΠΗΡΕΣΙΩΝ ΓΙΑ ΤΗΝ ΕΦΑΠΑΞ ΕΤΗΣΙΑ ΣΥΝΤΗΡΗΣΗ ΕΝΝΕΑ (09) ΔΙΦΑΣΙΚΩΝ ΑΠΙΝΙΔΩΤΩΝ ΤΟΥ ΟΙΚΟΥ NIHON KODEN,091569759,ΑΦΟΙ Α ΣΕΛΙΔΗ ΑΝΩΝΥΜΗ ΕΤΑΙΡΙΑ ΕΠΙΣΤΗΜΟΝΙΚΟΥ ΕΞΟΠΛΙΣΜΟΥ,2160.0,,0887
ΨΒΤ946904Ν-Υ9Ξ,2021-09-27,ΑΠΟΦΑΣΗ ΠΡΟΕΔΡΟΥ ΑΠΕΥΘΕΙΑΣ ΑΝΑΘΕΣΗΣ ΥΠΗΡΕΣΙΩΝ ΓΙΑ ΤΗΝ ΕΠΙΣΚΕΥΗ ΘΕΡΜΑΝΤΙΚΟΥ ΣΤΡΩΜΑΤΟΣ ΑΣΘΕΝΟΥΣ ASTORAD.DUO,999658897,Δ ΚΟΡΤΕΣΗΣ ΚΑΙ ΣΙΑ ΕΕ,175.0,,0889
Ω8ΡΘ46904Ν-ΗΓ7,2021-09-27,"ΑΠΟΦΑΣΗ ΠΡΟΕΔΡΟΥ ΑΠΕΥΘΕΙΑΣ ΑΝΑΘΕΣΗΣ ΥΠΗΡΕΣΙΩΝ ΓΙΑ ΤΟΝ ΕΛΕΓΧΟ ΚΑΛΗΣ ΛΕΙΤΟΥΡΓΙΑΣ ΤΕΣΣΑΡΩΝ ΑΝΤΛΙΩΝ ΕΓΧΥΣΗΣ ΦΑΡΜΑΚΩΝ (S/N: 40968, 40967 / Β24696 ΚΑΙ Β50655)",801420577,ΜΑΜΑΛΙΓΚΑΣ Γ    ΣΙΑ Ε Ε,320.0,,0887
Ω8ΡΘ46904Ν-ΗΓ7,2021-09-27,"ΑΠΟΦΑΣΗ ΠΡΟΕΔΡΟΥ ΑΠΕΥΘΕΙΑΣ ΑΝΑΘΕΣΗΣ ΥΠΗΡΕΣΙΩΝ ΓΙΑ ΤΟΝ ΕΛΕΓΧΟ ΚΑΛΗΣ ΛΕΙΤΟΥΡΓΙΑΣ ΤΕΣΣΑΡΩΝ ΑΝΤΛΙΩΝ ΕΓΧΥΣΗΣ ΦΑΡΜΑΚΩΝ (S/N: 40968, 40967 / Β24696 ΚΑΙ Β50655)",801420577,ΜΑΜΑΛΙΓΚΑΣ Γ    ΣΙΑ Ε Ε,840.0,,1439
6ΠΖΩ46904Ν-ΗΟ0,2021-09-27,ΑΠΟΦΑΣΗ ΠΡΟΕΔΡΟΥ ΑΠΕΥΘΕΙΑΣ ΑΝΑΘΕΣΗΣ ΥΠΗΡΕΣΙΩΝ ΓΙΑ ΤΗΝ ΕΠΙΣΚΕΥΗ ΤΟΥ ΚΡΥΟΣΤΑΤΗ NX 50 ΤΟΥ ΟΙΚΟΥ THERMO SCIENTIFIC,099518023,Α ΔΕΡΒΟΣ Γ ΔΗΜΗΤΡΑΚΟΠΟΥΛΟΣ ΚΑΙ ΣΙΑ ΑΝΩΝΥΜΗ ΕΤΑΙΡΙΑ ΕΙΣΑΓΩΓΗΣ ΚΑΙ ΕΜΠΟΡΙΑΣ ΕΠΙΣΤΗΜΟΝΙΚΩΝ ΟΡΓΑΝΩΝ ΚΑΙ ΦΑΡΜΑΚΕΥΤΙΚΩΝ ΠΡΟΙΟΝ,550.0,,0887
6ΠΖΩ46904Ν-ΗΟ0,2021-09-27,ΑΠΟΦΑΣΗ ΠΡΟΕΔΡΟΥ ΑΠΕΥΘΕΙΑΣ ΑΝΑΘΕΣΗΣ ΥΠΗΡΕΣΙΩΝ ΓΙΑ ΤΗΝ ΕΠΙΣΚΕΥΗ ΤΟΥ ΚΡΥΟΣΤΑΤΗ NX 50 ΤΟΥ ΟΙΚΟΥ THERMO SCIENTIFIC,099518023,Α ΔΕΡΒΟΣ Γ ΔΗΜΗΤΡΑΚΟΠΟΥΛΟΣ ΚΑΙ ΣΙΑ ΑΝΩΝΥΜΗ ΕΤΑΙΡΙΑ ΕΙΣΑΓΩΓΗΣ ΚΑΙ ΕΜΠΟΡΙΑΣ ΕΠΙΣΤΗΜΟΝΙΚΩΝ ΟΡΓΑΝΩΝ ΚΑΙ ΦΑΡΜΑΚΕΥΤΙΚΩΝ ΠΡΟΙΟΝ,260.0,,1439
ΩΥΩ146904Ν-0ΗΠ,2021-09-27,ΑΠΟΦΑΣΗ ΔΕΣΜΕΥΣΗΣ ΠΙΣΤΩΣΗΣ ΑΠΕΥΘΕΙΑΣ ΑΝΑΘΕΣΗΣ ΥΠΗΡΕΣΙΩΝ ΓΙΑ ΤΟ ΕΛΕΓΧΟ ΛΕΙΤΟΥΡΓΙΑΣ - ΕΠΙΣΚΕΥΗ ΤΟΥ ΚΑΡΔΙΟΓΡΑΦΟΥ EDAN SE-3,095029193,ΠΑΠΑΠΟΣΤΟΛΟΥ Ν ΑΝΩΝΥΜΗ ΕΤΑΙΡΕΙΑ  ΕΤΑΙΡΕΙΑ ΕΜΠΟΡΙΑΣ ΚΑΙ ΑΝΤΙΠΡΟΣΩΠΕΙΩΝ ΙΑΤΡΙΚΩΝ ΕΡΓΑΛΕΙΩΝ ΚΑΙ ΜΗΧΑΝΗΜΑΤΩΝ,135.0,,0887
ΩΥΩ146904Ν-0ΗΠ,2021-09-27,ΑΠΟΦΑΣΗ ΔΕΣΜΕΥΣΗΣ ΠΙΣΤΩΣΗΣ ΑΠΕΥΘΕΙΑΣ ΑΝΑΘΕΣΗΣ ΥΠΗΡΕΣΙΩΝ ΓΙΑ ΤΟ ΕΛΕΓΧΟ ΛΕΙΤΟΥΡΓΙΑΣ - ΕΠΙΣΚΕΥΗ ΤΟΥ ΚΑΡΔΙΟΓΡΑΦΟΥ EDAN SE-3,095029193,ΠΑΠΑΠΟΣΤΟΛΟΥ Ν ΑΝΩΝΥΜΗ ΕΤΑΙΡΕΙΑ  ΕΤΑΙΡΕΙΑ ΕΜΠΟΡΙΑΣ ΚΑΙ ΑΝΤΙΠΡΟΣΩΠΕΙΩΝ ΙΑΤΡΙΚΩΝ ΕΡΓΑΛΕΙΩΝ ΚΑΙ ΜΗΧΑΝΗΜΑΤΩΝ,88.0,,1439
9ΔΝΖ46904Ν-ΙΟΕ,2021-09-27,ΑΠΟΦΑΣΗ ΠΡΟΕΔΡΟΥ ΑΠΕΥΘΕΙΑΣ ΑΝΑΘΕΣΗΣ ΥΠΗΡΕΣΙΩΝ ΓΙΑ ΤΗΝ ΕΠΙΣΚΕΥΗ ΚΑΡΔΙΟΓΡΑΦΟΥ FX 7102,094512503,ΑΠΟΣΤΟΛΟΣ ΓΕΩΡΓ ΠΑΠΟΥΔΗΣ ΚΑΙ ΥΙΟΣ ΑΝΩΝΥΜΟΣ ΕΜΠΟΡΙΚΗ ΕΤΑΙΡΙΑ ΑΝΤΙΠΡΟΣΩΠΕΙΕΣ ΕΙΣΑΓΩΓΕΣ ΙΑΤΡΙΚΩΝ ΜΗΧΑΝΗΜΑΤΩΝ,150.0,,0887
9ΔΝΖ46904Ν-ΙΟΕ,2021-09-27,ΑΠΟΦΑΣΗ ΠΡΟΕΔΡΟΥ ΑΠΕΥΘΕΙΑΣ ΑΝΑΘΕΣΗΣ ΥΠΗΡΕΣΙΩΝ ΓΙΑ ΤΗΝ ΕΠΙΣΚΕΥΗ ΚΑΡΔΙΟΓΡΑΦΟΥ FX 7102,094512503,ΑΠΟΣΤΟΛΟΣ ΓΕΩΡΓ ΠΑΠΟΥΔΗΣ ΚΑΙ ΥΙΟΣ ΑΝΩΝΥΜΟΣ ΕΜΠΟΡΙΚΗ ΕΤΑΙΡΙΑ ΑΝΤΙΠΡΟΣΩΠΕΙΕΣ ΕΙΣΑΓΩΓΕΣ ΙΑΤΡΙΚΩΝ ΜΗΧΑΝΗΜΑΤΩΝ,710.0,,1439
Ω2ΙΨ46904Ν-Σ14,2021-09-27,ΑΠΟΦΑΣΗ ΠΡΟΕΔΡΟΥ ΑΠΕΥΘΕΙΑΣ ΑΝΑΘΕΣΗΣ ΥΠΗΡΕΣΙΩΝ ΓΙΑ ΤΗΝ ΕΠΙΣΚΕΥΗ ΚΑΡΔΙΟΓΡΑΦΟΥ ASPEL - ASCARD,084157763,ΣΠ ΧΑΣΚΟΣ ΧΡ ΤΣΙΚΟΥΔΗΣ ΟΕ,120.0,,0887
Ω2ΙΨ46904Ν-Σ14,2021-09-27,ΑΠΟΦΑΣΗ ΠΡΟΕΔΡΟΥ ΑΠΕΥΘΕΙΑΣ ΑΝΑΘΕΣΗΣ ΥΠΗΡΕΣΙΩΝ ΓΙΑ ΤΗΝ ΕΠΙΣΚΕΥΗ ΚΑΡΔΙΟΓΡΑΦΟΥ ASPEL - ASCARD,084157763,ΣΠ ΧΑΣΚΟΣ ΧΡ ΤΣΙΚΟΥΔΗΣ ΟΕ,110.0,,1439
ΨΕ2846904Ν-0ΙΦ,2021-09-27,ΑΠΟΦΑΣΗ ΠΡΟΕΔΡΟΥ ΑΠΕΥΘΕΙΑΣ ΑΝΑΘΕΣΗΣ ΥΠΗΡΕΣΙΩΝ ΓΙΑ ΤΗΝ ΕΠΙΣΚΕΥΗ ΚΑΡΔΙΟΓΡΑΦΟΥ FUKUDA,998559399,Γ ΠΑΠΑΔΑΚΗΣ Ε ΤΖΟΥΒΑΡΑ ΟΕ,100.0,,0887
ΨΕ2846904Ν-0ΙΦ,2021-09-27,ΑΠΟΦΑΣΗ ΠΡΟΕΔΡΟΥ ΑΠΕΥΘΕΙΑΣ ΑΝΑΘΕΣΗΣ ΥΠΗΡΕΣΙΩΝ ΓΙΑ ΤΗΝ ΕΠΙΣΚΕΥΗ ΚΑΡΔΙΟΓΡΑΦΟΥ FUKUDA,998559399,Γ ΠΑΠΑΔΑΚΗΣ Ε ΤΖΟΥΒΑΡΑ ΟΕ,275.0,,1439
65ΛΒ46904Ν-Ω2Δ,2021-09-27,ΑΠΟΦΑΣΗ ΠΡΟΕΔΡΟΥ ΑΠΕΥΘΕΙΑΣ ΑΝΑΘΕΣΗΣ ΥΠΗΡΕΣΙΩΝ ΓΙΑ ΤΗΝ ΕΠΙΣΚΕΥΗ HOLTER ΡΥΘΜΟΥ (FD-5 PLUS),095029193,ΠΑΠΑΠΟΣΤΟΛΟΥ Ν ΑΝΩΝΥΜΗ ΕΤΑΙΡΕΙΑ  ΕΤΑΙΡΕΙΑ ΕΜΠΟΡΙΑΣ ΚΑΙ ΑΝΤΙΠΡΟΣΩΠΕΙΩΝ ΙΑΤΡΙΚΩΝ ΕΡΓΑΛΕΙΩΝ ΚΑΙ ΜΗΧΑΝΗΜΑΤΩΝ,135.0,,0887
65ΛΒ46904Ν-Ω2Δ,2021-09-27,ΑΠΟΦΑΣΗ ΠΡΟΕΔΡΟΥ ΑΠΕΥΘΕΙΑΣ ΑΝΑΘΕΣΗΣ ΥΠΗΡΕΣΙΩΝ ΓΙΑ ΤΗΝ ΕΠΙΣΚΕΥΗ HOLTER ΡΥΘΜΟΥ (FD-5 PLUS),095029193,ΠΑΠΑΠΟΣΤΟΛΟΥ Ν ΑΝΩΝΥΜΗ ΕΤΑΙΡΕΙΑ  ΕΤΑΙΡΕΙΑ ΕΜΠΟΡΙΑΣ ΚΑΙ ΑΝΤΙΠΡΟΣΩΠΕΙΩΝ ΙΑΤΡΙΚΩΝ ΕΡΓΑΛΕΙΩΝ ΚΑΙ ΜΗΧΑΝΗΜΑΤΩΝ,150.0,,1439
99ΕΖ46904Ν-ΘΥ2,2021-09-27,ΑΠΟΦΑΣΗ ΠΡΟΕΔΡΟΥ ΑΠΕΥΘΕΙΑΣ ΑΝΑΘΕΣΗΣ ΥΠΗΡΕΣΙΩΝ ΓΙΑ ΤΗΝ ΕΠΙΣΚΕΥΗ ΚΑΡΔΙΟΓΡΑΦΟΥ CARDIOLINE AR 2100,800834358,CARDIOSCIENCE P C,495.0,,0887
9Ο1Ο46904Ν-ΒΒΥ,2021-09-27,ΑΠΟΦΑΣΗ ΠΡΟΕΔΡΟΥ ΕΓΚΡΙΣΗΣ ΠΡΑΚΤΙΚΟΥ ΕΠΙΤΡΟΠΗΣ ΑΞΙΟΛΟΓΗΣΗΣ ΤΩΝ ΠΡΟΣΦΟΡΩΝ ΓΙΑ ΤΗΝ ΠΑΡΟΧΗ ΥΠΗΡΕΣΙΩΝ ΔΙΑΧΕΙΡΙΣΗΣ ΕΠΙΚΙΝΔΥΝΩΝ ΑΠΟΒΛΗΤΩΝ Μ.Ε.Α. (ΚΟΚΚΙΝΑ) (ΟΡΘΗ),999446618,ΑΠΟΤΕΦΡΩΤΗΡΑΣ ΑΝΩΝΥΜΗ ΕΤΑΙΡΕΙΑ ΑΠΟΤΕΦΡΩΣΗΣ ΑΠΟΡΡΙΜΜΑΤΩΝ,15075.0,,0846
ΨΘ5Ν46904Ν-3Ξ9,2021-09-22,ΑΠΟΦΑΣΗ ΠΡΟΕΔΡΟΥ ΑΠΕΥΘΕΙΑΣ ΑΝΑΘΕΣΗΣ ΥΠΗΡΕΣΙΩΝ ΓΙΑ ΤΗΝ ΑΝΑΒΑΘΜΙΣΗ ΤΟΥ ΣΥΣΤΗΜΑΤΟΣ ΑΡΧΕΙΟΘΕΤΗΣΗΣ ΚΑΙ ΕΠΕΞΕΡΓΑΣΙΑΣ ΙΑΤΡΙΚΩΝ ΕΙΚΟΝΩΝ - PACS ΤΟΥ ΑΚΤΙΝΟΔΙΑΓΝΩΣΤΙΚΟΥ ΤΜΗΜΑΤΟΣ ΤΟΥ ΝΟΣΟΚΟΜΕΙΟΥ,998860010,ICON DYNAMICS ΙΑΤΡΙΚΑ ΜΗΧΑΝΗΜΑΤΑ ΙΔΙΩΤΙΚΗ ΚΕΦΑΛΑΙΟΥΧΙΚΗ ΕΤΑΙΡΕΙΑ,720.0,,0887
ΨΘ5Ν46904Ν-3Ξ9,2021-09-22,ΑΠΟΦΑΣΗ ΠΡΟΕΔΡΟΥ ΑΠΕΥΘΕΙΑΣ ΑΝΑΘΕΣΗΣ ΥΠΗΡΕΣΙΩΝ ΓΙΑ ΤΗΝ ΑΝΑΒΑΘΜΙΣΗ ΤΟΥ ΣΥΣΤΗΜΑΤΟΣ ΑΡΧΕΙΟΘΕΤΗΣΗΣ ΚΑΙ ΕΠΕΞΕΡΓΑΣΙΑΣ ΙΑΤΡΙΚΩΝ ΕΙΚΟΝΩΝ - PACS ΤΟΥ ΑΚΤΙΝΟΔΙΑΓΝΩΣΤΙΚΟΥ ΤΜΗΜΑΤΟΣ ΤΟΥ ΝΟΣΟΚΟΜΕΙΟΥ,998860010,ICON DYNAMICS ΙΑΤΡΙΚΑ ΜΗΧΑΝΗΜΑΤΑ ΙΔΙΩΤΙΚΗ ΚΕΦΑΛΑΙΟΥΧΙΚΗ ΕΤΑΙΡΕΙΑ,580.0,,7131
ΨΙ9946904Ν-ΒΒΥ,2021-09-22,ΑΠΟΦΑΣΗ ΠΡΟΕΔΡΟΥ ΕΓΚΡΙΣΗΣ ΠΡΑΚΤΙΚΟΥ ΓΙΑ ΤΗΝ ΠΑΡΟΧΗ ΥΠΗΡΕΣΙΩΝ ΔΙΑΧΕΙΡΙΣΗΣ ΕΠΙΚΙΝΔΥΝΩΝ ΑΠΟΒΛΗΤΩΝ Μ.Ε.Α. (ΚΟΚΚΙΝΑ),999446618,ΑΠΟΤΕΦΡΩΤΗΡΑΣ ΑΝΩΝΥΜΗ ΕΤΑΙΡΕΙΑ ΑΠΟΤΕΦΡΩΣΗΣ ΑΠΟΡΡΙΜΜΑΤΩΝ,15075.0,,0846
6ΜΧ946904Ν-ΜΤΕ,2021-09-14,ΑΠΟΦΑΣΗ ΠΡΟΕΔΡΟΥ ΕΓΚΡΙΣΗΣ ΠΡΑΚΤΙΚΟΥ ΠΡΟΜΗΘΕΙΑΣ ΣΕΤ ΣΤΟΛΩΝ ΣΙΕΛ ΚΑΙ ΣΕΤ ΠΡΑΣΙΝΩΝ ΚΟΥΣΤΟΥΜΙΩΝ ΧΕΙΡΟΥΡΓΕΙΟΥ,801023770,COTON LAINE ΠΑΡΑΓΩΓΗ ΕΜΠΟΡΙΑ ΕΝΔΥΜΑΤΩΝ ΠΡΟΜΗΘΕΥΤΙΚΗ ΙΔΙΩΤΙΚΗ ΚΕΦΑΛΑΙΟΥΧΙΚΗ ΕΤΑΙΡΕΙΑ,1484.16,,1528
6Ψ3146904Ν-ΟΡ6,2021-09-14,ΑΠΟΦΑΣΗ ΠΡΟΕΔΡΟΥ ΠΑΡΟΧΗΣ ΥΠΗΡΕΣΙΩΝ ΕΝΟΙΚΙΑΣΗΣ ΤΡΙΩΝ (03) ΑΕΡΟΣΤΡΩΜΑΤΩΝ ΒΑΡΕΩΣ ΠΑΣΧΟΝΤΩΝ ΑΣΘΕΝΩΝ,999658897,Δ ΚΟΡΤΕΣΗΣ ΚΑΙ ΣΙΑ ΕΕ,2880.18,,0899
9ΒΥ246904Ν-Ο61,2021-09-07,ΑΠΟΦΑΣΗ ΠΡΟΕΔΡΟΥ ΑΝΑΘΕΣΗΣ ΓΙΑ ΕΦΑΠΑΞ ΣΥΝΤΗΡΗΣΗ ΤΩΝ ΔΥΟ ΦΟΡΗΤΩΝ ΑΚΤΙΝΟΛΟΓΙΚΩΝ PRACTX 33PLUS,094014759,ΦΙΛΙΠΣ ΕΛΛΑΣ ΜΟΝΟΠΡΟΣΩΠΗ  ΑΝΩΝΥΜΟΣ ΕΜΠΟΡΙΚΗ ΚΑΙ ΒΙΟΜΗΧΑΝΙΚΗ ΕΤΑΙΡΕΙΑ ΗΛΕΚΤΡΟΤΕΧΝΙΚΩΝ ΠΡΟΙΟΝΤΩΝ ΚΑΙ ΙΑΤΡΙΚΩΝ ΣΥΣΤΗΜΑΤΩΝ,1500.0,50530000-9,0887
ΩΘ0346904Ν-Ο3Γ,2021-08-31,AΠΟΦΑΣΗ ΠΡΟΕΔΡΟΥ ΑΝΑΘΕΣΗΣ ΕΦΑΠΑΞ ΠΡΟΛΗΠΤΙΚΗΣ ΣΥΝΤΗΡΗΣΗΣ ΤΩΝ ΔΥΟ ΦΟΡΗΤΩΝ ΑΚΤΙΝΟΛΟΓΙΚΩΝ PRACTIX 33PLUS,094014759,ΦΙΛΙΠΣ ΕΛΛΑΣ ΜΟΝΟΠΡΟΣΩΠΗ  ΑΝΩΝΥΜΟΣ ΕΜΠΟΡΙΚΗ ΚΑΙ ΒΙΟΜΗΧΑΝΙΚΗ ΕΤΑΙΡΕΙΑ ΗΛΕΚΤΡΟΤΕΧΝΙΚΩΝ ΠΡΟΙΟΝΤΩΝ ΚΑΙ ΙΑΤΡΙΚΩΝ ΣΥΣΤΗΜΑΤΩΝ,1500.0,,0887
6Υ2246904Ν-Α3Δ,2021-09-01,ΑΠΟΦΑΣΗ ΠΡΟΕΔΡΟΥ ΑΠΕΥΘΕΙΑΣ ΑΝΑΘΕΣΗΣ ΠΑΡΟΧΗΣ ΥΠΗΡΕΣΙΩΝ ΚΑΘΑΡΙΟΤΗΤΑΣ ΓΙΑ ΔΙΑΣΤΗΜΑ ΚΑΛΥΨΗΣ ΕΝΟΣ (1) ΜΗΝΑ,094510036,ΓΕΝ ΚΑ ΕΤΑΙΡΕΙΑ ΟΛΟΚΛΗΡΩΜΕΝΗΣ ΔΙΑΧΕΙΡΙΣΗΣ ΚΤΗΡΙΑΚΩΝ  ΕΓΚΑΤΑΣΤΑΣΕΩΝ  ΑΝΩΝΥΜΟΣ  ΕΤΑΙΡΕΙΑ,19990.0,,0845
ΨΨΖΤ46904Ν-Β16,2021-09-01,ΑΠΟΦΑΣΗ ΠΡΟΕΔΡΟΥ  ΓΙΑ ΤΗΝ ΠΑΡΟΧΗ ΥΠΗΡΕΣΙΩΝ ΔΥΟ ΤΡΑΠΕΖΟΚΟΜΩΝ,094510036,ΓΕΝ ΚΑ ΕΤΑΙΡΕΙΑ ΟΛΟΚΛΗΡΩΜΕΝΗΣ ΔΙΑΧΕΙΡΙΣΗΣ ΚΤΗΡΙΑΚΩΝ  ΕΓΚΑΤΑΣΤΑΣΕΩΝ  ΑΝΩΝΥΜΟΣ  ΕΤΑΙΡΕΙΑ,12390.0,,0419
ΨΩΒΤ46904Ν-9Γ2,2021-08-31,AΠΟΦΑΣΗ ΠΡΟΕΔΡΟΥ ΑΠΕΥΘΕΙΑΣ ΑΝΑΘΕΣΗΣ ΠΑΡΟΧΗΣ ΥΠΗΡΕΣΙΩΝ ΚΑΘΑΡΙΟΤΗΤΑΣ ΓΙΑ ΔΥΟ ΑΤΟΜΑ ΓΙΑ ΔΙΑΣΤΗΜΑ ΚΑΛΥΨΗΣ ΔΥΟ (2) ΜΗΝΩΝ,094510036,ΓΕΝ ΚΑ ΕΤΑΙΡΕΙΑ ΟΛΟΚΛΗΡΩΜΕΝΗΣ ΔΙΑΧΕΙΡΙΣΗΣ ΚΤΗΡΙΑΚΩΝ  ΕΓΚΑΤΑΣΤΑΣΕΩΝ  ΑΝΩΝΥΜΟΣ  ΕΤΑΙΡΕΙΑ,9600.0,,0845
ΨΡΗΤ46904Ν-ΣΥΛ,2021-08-31,ΑΠΟΦΑΣΗ ΠΡΟΕΔΡΟΥ ΑΠΕΥΘΕΙΑΣ ΑΝΑΘΕΣΗΣ ΓΙΑ ΥΠΗΡΕΣΙΕΣ ΜΕΤΑΦΟΡΑΣ ΓΕΥΜΑΤΩΝ ΜΕ ΗΜΙΦΟΡΤΗΓΟ ΓΙΑ ΔΥΟ ΔΡΟΜΟΛΟΓΙΑ ΤΗΝ ΗΜΕΡΑ,800799432,ΜΟΥΜΤΖΗΣ ΜΙΧ ΜΟΝΟΠΡΟΣΩΠΗ ΙΚΕ,5400.0,,0899
ΨΡ7Β46904Ν-825,2021-08-24,ΑΠΟΦΑΣΗ ΠΡΟΕΔΡΟΥ ΕΓΚΡΙΣΗΣ ΠΡΑΚΤΙΚΟΥ ΠΑΡΟΧΗΣ ΥΠΗΡΕΣΙΩΝ ΠΛΥΣΗΣ ΑΚΑΘΑΡΤΟΥ ΙΜΑΤΙΣΜΟΥ,094102575,ΠΛΥΝΤΗΡΙΑ ΛΕΜΗ ΑΝΩΝΥΜΟΣ ΕΤΑΙΡΕΙΑ,9123.27,,0843
ΨΔΖΠ46904Ν-ΞΛΑ,2021-08-04,ΑΠΟΦΑΣΗ ΠΡΟΕΔΡΟΥ ΑΠΕΥΘΕΙΑΣ ΑΝΑΘΕΣΗΣ ΥΠΗΡΕΣΙΩΝ ΕΤΗΣΙΟΥ ΕΛΕΓΧΟΥ - SERVICE ΤΟΥ ΒΗΜΑΤΟΔΟΤΗ OSYPKA,800662220,ANAMEDIS IKE,350.0,,0887
ΨΦ3Ζ46904Ν-ΟΔΒ,2021-08-03,ΑΠΟΦΑΣΗ ΠΡΟΕΔΡΟΥ ΑΠΕΥΘΕΙΑΣ ΑΝΑΘΕΣΗΣ ΥΠΗΡΕΣΙΩΝ ΕΤΗΣΙΟΥ ΕΛΕΓΧΟΥ - ΣΥΝΤΗΡΗΣΗΣ ΤΟΥ ΜΗΧΑΝΗΜΑΤΟΣ SEDECAL A7,800834358,CARDIOSCIENCE P C,728.0,,0887
ΩΔΓΖ46904Ν-ΟΧ7,2021-08-02,ΑΠΟΦΑΣΗ ΠΡΟΕΔΡΟΥ ΕΓΚΡΙΣΗΣ ΠΡΑΚΤΙΚΟΥ ΤΗΣ ΕΠΙΤΡΟΠΗΣ ΑΞΙΟΛΟΓΗΣΗΣ ΚΑΙ ΤΗΝ ΑΝΑΘΕΣΗ ΣΤΗΝ ΕΤΑΙΡΕΙΑ MEDICAL AIR,999796735,Α ΑΠΟΣΤΟΛΟΥ ΚΑΙ Χ ΔΕΓΕΣΤΙΝΟΣ ΟΜΟΡΡΥΘΜΗ ΕΤΑΙΡΕΙΑ,4875.0,,0879
6Ω3646904Ν-ΜΓ1,2022-05-25,ΑΠΟΦΑΣΗ ΠΡΟΕΔΡΟΥ ΕΓΚΡΙΣΗΣ ΠΡΑΚΤΙΚΟΥ ΓΙΑ ΤΗΝ ΠΡΟΜΗΘΕΙΑ ΔΙΑΚΟΣΙΩΝ (200) ΠΡΑΣΙΝΩΝ ΠΑΝΤΕΛΟΝΙΩΝ ΚΑΙ ΔΙΑΚΟΣΙΩΝ (200) ΠΡΑΣΙΝΩΝ ΣΑΚΑΚΙΩΝ ΓΙΑ ΤΙΣ ΑΝΑΓΚΕΣ ΤΟΥ ΧΕΙΡΟΥΡΓΕΙΟΥ,081344643,ΧΑΡ ΚΟΥΛΑΣ ΚΑΙ ΣΙΑ ΟΕ,2580.0,39518100-7,1528
ΨΔΗ646904Ν-2ΞΖ,2022-05-23,ΑΠΟΦΑΣΗ ΠΡΟΕΔΡΟΥ ΑΝΑΘΕΣΗΣ ΓΙΑ ΤΗΝ ΠΛΗΡΩΣΗ ΔΕΞΑΜΕΝΗΣ ΥΓΡΟΥ ΟΞΥΓΟΝΟΥ 37.000 m3,094073495,ΤΕΧΝΙΚΑ ΑΕΡΙΑ ΕΛΛΑΔΟΣ ΑΝΩΝΥΜΟΣ ΕΤΑΙΡΙΑ,29822.0,24111500-0,1614
6ΚΓΣ46904Ν-6ΩΘ,2022-05-19,ΑΠΟΦΑΣΗ ΠΡΟΕΔΡΟΥ ΕΓΚΡΙΣΗΣ ΠΡΑΚΤΙΚΟΥ ΓΙΑ ΤΗΝ ΠΑΡΟΧΗ ΥΠΗΡΕΣΙΩΝ ΠΑΡΑΣΚΕΥΗΣ ΚΑΙ ΔΙΑΝΟΜΗΣ ΕΤΟΙΜΩΝ ΓΕΥΜΑΤΩΝ ΓΙΑ ΤΗΝ ΣΙΤΙΣΗ ΤΩΝ ΑΣΘΕΝΩΝ ΚΑΙ ΤΟΥ ΠΡΟΣΩΠΙΚΟΥ,094180805,ΑΦΟΙ ΚΟΜΠΑΤΣΙΑΡΗ ΑΝΩΝΥΜΗ ΕΤΑΙΡΕΙΑ  ΕΚΜΕΤΑΛΕΥΣΕΩΝ ΕΣΤΙΑΤΟΡΙΑ ΤΟΥΡΙΣΤΙΚΕΣ ΕΠΙΧΕΙΡΗΣΕΙΣ,26752.5,55523000-2,0419
ΨΤ3Α46904Ν-ΓΔ5,2022-05-11,ΑΠΟΦΑΣΗ ΠΡΟΕΔΡΟΥ ΕΓΚΡΙΣΗΣ ΠΡΑΚΤΙΚΟΥ ΠΑΡΟΧΗΣ ΥΠΗΡΕΣΙΩΝ ΚΑΘΑΡΙΟΤΗΤΑΣ,094510036,ΓΕΝ ΚΑ ΕΤΑΙΡΕΙΑ ΟΛΟΚΛΗΡΩΜΕΝΗΣ ΔΙΑΧΕΙΡΙΣΗΣ ΚΤΗΡΙΑΚΩΝ  ΕΓΚΑΤΑΣΤΑΣΕΩΝ  ΑΝΩΝΥΜΟΣ  ΕΤΑΙΡΕΙΑ,25440.0,90910000-9,0845
ΩΤΠΠ46904Ν-3ΚΘ,2022-04-28,"ΑΠΟΦΑΣΗ ΠΡΟΕΔΡΟΥ ΕΓΚΡΙΣΗΣ ΠΡΑΚΤΙΚΟΥ ΤΗΣ ΕΠΙΤΡΟΠΗΣ ΑΞΙΟΛΟΓΗΣΗΣ ΤΩΝ ΠΡΟΣΦΟΡΩΝ ΓΙΑ ΤΗΝ ΣΥΝΤΗΡΗΣΗ-ΕΠΙΣΚΕΥΗ ΥΠΟΣΤΑΘΜΟΥ ΜΕΣΗΣ ΤΑΣΗΣ, ΤΩΝ ΠΕΔΙΩΝ ΧΑΜΗΛΗΣ ΤΑΣΗΣ, ΤΩΝ ΤΡΙΩΝ ΗΛΕΚΤΡΟΠΑΡΑΓΩΓΩΝ ΖΕΥΓΩΝ ΚΑΙ ΤΩΝ ΝΕΩΝ ΗΛΕΚΤΡΙΚΩΝ  ΠΙΝΑΚΩΝ ΤΟΥ ΝΟΣΟΚΟΜΕΙΟΥ ΓΙΑ ΔΙΑΣΤΗΜΑ ΚΑΛΥΨΗΣ ΤΡΙΩΝ ΜΗΝΩΝ, ΜΕΧΡΙ ΤΗΝ ΟΛΟΚΛΗΡΩΣΗ ΤΗΣ ΕΝ ΕΞΕΛΙΞΕΙ ΔΙΑΓΩΝΙΣΤΙΚΗΣ ΔΙΑΔΙΚΑΣΙΑΣ ΚΑΙ ΑΝΑΘΕΣΗΣ",095593498,ΕΤΑΙΡΙΑ ΒΙΟΜΗΧΑΝΙΚΗΣ ΑΡΩΓΗΣ ΑΕ,1331.76,45310000-3,0879
690Ζ46904Ν-4ΛΨ,2022-04-19,ΑΠΟΦΑΣΗ ΠΡΟΕΔΡΟΥ ΑΝΑΘΕΣΗ ΣΤΗΝ ΕΤΑΙΡΕΙΑ ΠΟΥ ΠΡΟΣΕΦΕΡΕ ΤΗΝ ΜΙΚΡΟΤΕΡΗ ΤΙΜΗ ΑΝΑ ΚΙΛΟ (ΑΡΝΙ),091445382,Π ΠΑΝΑΓΙΩΤΟΠΟΥΛΟΣ ΟΕ,355.95,03142000-8,1511
ΨΚ0946904Ν-2Ψ6,2022-04-11,"ΑΠΟΦΑΣΗ ΠΡΟΕΔΡΟΥ ΕΓΚΡΙΣΗΣ ΠΡΑΚΤΙΚΟΥ ΤΗΣ ΕΠΙΤΡΟΠΗΣ ΑΞΙΟΛΟΓΗΣΗΣ ΤΩΝ ΠΡΟΣΦΟΡΩΝ ΓΙΑ ΤΗΝ ΕΠΙΣΚΕΥΗ ΛΗΨΕΩΝ ΙΑΤΡΙΚΩΝ ΑΕΡΙΩΝ, ΥΠΟΒΙΒΑΣΤΩΝ-ΡΥΘΜΙΣΤΩΝ ΟΞΥΓΟΝΟΥ ΣΤΗΝ Α' ΚΑΙ Β' ΠΑΘΟΛΟΓΙΚΗ",999796735,Α ΑΠΟΣΤΟΛΟΥ ΚΑΙ Χ ΔΕΓΕΣΤΙΝΟΣ ΟΜΟΡΡΥΘΜΗ ΕΤΑΙΡΕΙΑ,4216.0,24111500-0,1439
Ψ06Τ46904Ν-4ΦΣ,2022-04-11,ΑΠΟΦΑΣΗ ΠΡΟΕΔΡΟΥ ΕΓΚΡΙΣΗΣ ΠΡΑΚΤΙΚΟΥ ΓΙΑ ΤΗΝ ΑΝΑΘΕΣΗ ΥΠΗΡΕΣΙΩΝ ΕΙΔΙΚΟΤΗΤΑΣ ΗΛΕΚΤΡΟΤΕΧΝΙΤΩΝ ΕΩΣ ΚΑΙ ΔΙΑΚΟΣΙΕΣ ΤΡΙΑΝΤΑ (230) ΒΑΡΔΙΕΣ,800830648,ΕΡΓΟΔΥΝΑΜΙΚΗ 2030 Ε Ε,19872.0,50700000-2,0419
63Μ346904Ν-ΡΛ5,2022-04-11,ΑΠΟΦΑΣΗ ΠΡΟΕΔΡΟΥ ΕΓΚΡΙΣΗΣ ΠΡΑΚΤΙΚΟΥ ΠΑΡΟΧΗΣ ΥΠΗΡΕΣΙΩΝ ΚΑΘΑΡΙΟΤΗΤΑΣ,094510036,ΓΕΝ ΚΑ ΕΤΑΙΡΕΙΑ ΟΛΟΚΛΗΡΩΜΕΝΗΣ ΔΙΑΧΕΙΡΙΣΗΣ ΚΤΗΡΙΑΚΩΝ  ΕΓΚΑΤΑΣΤΑΣΕΩΝ  ΑΝΩΝΥΜΟΣ  ΕΤΑΙΡΕΙΑ,23678.0,90910000-9,0845
ΩΥΚ546904Ν-ΓΞΥ,2022-04-08,"ΑΠΟΦΑΣΗ ΠΡΟΕΔΡΟΥ ΕΓΚΡΙΣΗΣ ΤΟΥ ΠΡΑΚΤΙΚΟΥ ΤΗΣ ΕΠΙΤΡΟΠΗΣ ΑΞΙΟΛΟΓΗΣΗΣ ΤΩΝ ΠΡΟΣΦΟΡΩΝ ΓΙΑ ΤΗΝ ΑΝΤΙΚΑΤΑΣΤΑΣΗ ΤΩΝ ΚΥΚΛΟΦΟΡΗΤΩΝ ΣΤΟ ΛΕΒΗΤΟΣΤΑΣΙΟ ΤΟΥ ΚΤΙΡΙΟΥ Β', ΤΟΝ ΕΛΕΓΧΟ ΤΩΝ ΗΛΕΚΤΡΙΚΩΝ ΔΙΚΤΥΩΝ ΚΑΘΩΣ ΚΑΙ ΤΗ ΣΗΜΑΝΣΗ ΣΤΟΝ ΥΠΑΡΧΟΝΤΑ ΗΛΕΚΤΡΙΚΟ ΠΙΝΑΚΑ, ΩΣΤΕ ΑΝ ΕΛΕΓΧΕΤΑΙ ΠΛΗΡΩΣ Η ΛΕΙΤΟΥΡΓΙΑ ΤΟΥ ΔΙΚΤΥΟΥ ΚΑΙ ΑΝΑΘΕΣΗΣ",999725355,AGTECH ΑΝΩΝΥΜΗ ΤΕΧΝΙΚΗ ΚΑΙ ΕΜΠΟΡΙΚΗ ΕΤΑΙΡΕΙΑ,7204.4,42943700-5,0879-1439
9Τ2Ζ46904Ν-ΔΘ8,2022-04-08,ΑΠΟΦΑΣΗ ΠΡΟΕΔΡΟΥ ΕΓΚΡΙΣΗΣ ΠΡΑΚΤΙΚΟΥ ΓΙΑ ΤΗΝ ΠΑΡΟΧΗ ΥΠΗΡΕΣΙΩΝ ΜΕΤΑΤΡΟΠΗΣ ΤΟΥ ΓΡΑΦΕΙΟΥ ΙΑΤΡΩΝ ΤΟΥ ΠΡΩΗΝ ΠΑΘΟΛΟΓΟΑΝΑΤΟΜΙΚΟΥ ΕΡΓΑΣΤΗΡΙΟΥ ΣΕ ΧΩΡΟ ΑΙΜΟΛΗΨΙΩΝ ΤΟΥ ΝΟΣΟΚΟΜΕΙΟΥ,055182469,"ΑΝΑΣΤΑΣΙΟΥ,,ΣΤΑΥΡΟΣ,ΒΑΣΙΛΕΙΟΣ",1390.0,,0863-1899
6ΘΟΞ46904Ν-ΟΧΨ,2022-04-08,ΑΠΟΦΑΣΗ ΠΡΟΕΔΡΟΥ ΕΓΚΡΙΣΗΣ ΠΡΑΚΤΙΚΟΥ ΓΙΑ ΕΡΓΑΣΙΕΣ ΕΥΠΡΕΠΙΣΜΟΥ ΣΤΟ ΙΣΟΓΕΙΟ ΤΟΥ ΚΤΙΡΙΟΥ Γ΄ ΛΟΓΩ ΕΠΑΝΑΛΕΙΤΟΥΡΓΙΑΣ ΣΕ Β΄ ΠΑΘΟΛΟΓΙΚΗ ΚΛΙΝΙΚΗ ΠΡΩΗΝ ΠΤΕΡΥΓΑ COVID 19 ΓΙΑ ΤΙΣ ΑΝΑΓΚΕΣ ΤΟΥ ΝΟΣΟΚΟΜΕΙΟΥ,055182469,"ΑΝΑΣΤΑΣΙΟΥ,,ΣΤΑΥΡΟΣ,ΒΑΣΙΛΕΙΟΣ",4680.0,45215100-8,0863
Ψ04946904Ν-ΑΜΔ,2022-03-31,ΑΠΟΦΑΣΗ ΠΡΟΕΔΡΟΥ ΕΓΚΡΙΣΗΣ ΠΡΑΚΤΙΚΟΥ ΜΕΤΑΦΟΡΑΣ ΓΕΥΜΑΤΩΝ,801563251,THE FOOD LAB Α Ε,3300.0,55521200-0,0899
68ΘΜ46904Ν-1ΧΨ,2022-03-29,ΑΠΟΦΑΣΗ ΠΡΟΕΔΡΟΥ ΕΓΚΡΙΣΗΣ ΠΡΑΚΤΙΚΟΥ ΑΞΙΟΛΟΓΗΣΗΣ ΤΗΣ ΠΡΟΣΦΟΡΑΣ ΓΙΑ ΤΗΝ ΠΡΟΜΗΘΕΙΑ ΞΗΡΑΝΤΗ ΚΑΙ ΑΝΑΘΕΣΗΣ,999796735,Α ΑΠΟΣΤΟΛΟΥ ΚΑΙ Χ ΔΕΓΕΣΤΙΝΟΣ ΟΜΟΡΡΥΘΜΗ ΕΤΑΙΡΕΙΑ,8556.0,39721321-8,1899
Ω2ΙΩ46904Ν-Μ61,2022-03-29,"ΑΠΟΦΑΣΗ ΠΡΟΕΔΡΟΥ ΕΓΚΡΙΣΗΣ ΤΟΥ ΠΡΑΚΤΙΚΟΥ ΤΗΣ ΕΠΙΤΡΟΠΗΣ ΑΞΙΟΛΟΓΗΣΗΣ ΤΗΣ ΠΡΟΣΦΟΡΑΣ ΓΙΑ ΤΗΝ ΠΑΡΟΧΗ ΥΠΗΡΕΣΙΩΝ ΣΥΝΤΗΡΗΣΗΣ-ΕΠΙΣΚΕΥΗΣ ΤΩΝ ΚΛΙΜΑΤΙΣΤΙΚΩΝ ΜΟΝΑΔΩΝ-ΨΥΓΕΙΩΝ, ΨΥΚΤΙΚΩΝ ΘΑΛΑΜΩΝ ΚΑΙ ΨΥΚΤΩΝ ΤΟΥ ΝΟΣΟΚΟΜΕΙΟΥ ΓΙΑ ΔΙΑΣΤΗΜΑ ΚΑΛΥΨΗΣ ΤΕΣΣΑΡΩΝ ΜΗΝΩΝ",800830648,ΕΡΓΟΔΥΝΑΜΙΚΗ 2030 Ε Ε,5699.04,45331200-8,0879
6Φ6Σ46904Ν-ΛΨΓ,2022-03-29,ΑΠΟΦΑΣΗ ΠΡΟΕΔΡΟΥ ΕΓΚΡΙΣΗΣ ΠΡΑΚΤΙΚΟΥ ΓΙΑ ΠΡΟΜΗΘΕΙΑ ΥΔΡΑΥΛΙΚΩΝ ΥΛΙΚΩΝ (ΟΡΘΗ),021146954,"ΣΙΨΑΣ,,ΓΡΗΓΟΡΙΟΣ,ΘΕΟΦΑΝΗΣ",2445.38,44411000-4,1413
6ΛΝΤ46904Ν-5ΩΖ,2022-03-29,ΑΠΟΦΑΣΗ ΠΡΟΕΔΡΟΥ ΕΓΚΡΙΣΗΣ ΤΟΥ ΠΡΑΚΤΙΚΟΥ ΤΗΣ ΕΠΙΤΡΟΠΗΣ ΑΞΙΟΛΟΓΗΣΗΣ ΤΗΣ ΠΡΟΣΦΟΡΑΣ ΓΙΑ ΤΗΝ ΠΑΡΟΧΗ ΥΠΗΡΕΣΙΩΝ ΣΥΝΤΗΡΗΣΗΣ ΕΓΚΑΤΑΣΤΑΣΕΩΝ ΙΑΤΡΙΚΩΝ ΑΕΡΙΩΝ ΤΟΥ ΝΟΣΟΚΟΜΕΙΟΥ ΓΙΑ ΔΙΑΣΤΗΜΑ ΚΑΛΥΨΗΣ ΤΕΣΣΑΡΩΝ ΜΗΝΩΝ ΚΑΙ ΑΝΑΘΕΣΗΣ ΣΤΗΝ ΕΤΑΙΡΕΙΑ,999796735,Α ΑΠΟΣΤΟΛΟΥ ΚΑΙ Χ ΔΕΓΕΣΤΙΝΟΣ ΟΜΟΡΡΥΘΜΗ ΕΤΑΙΡΕΙΑ,8060.0,50800000-3,0879
ΩΤ6Ζ46904Ν-ΖΜΡ,2022-03-18,ΑΠΟΦΑΣΗ ΠΡΟΕΔΡΟΥ ΕΓΚΡΙΣΗΣ ΠΡΑΚΤΙΚΟΥ ΓΙΑ ΠΡΟΜΗΘΕΙΑ ΥΔΡΑΥΛΙΚΩΝ ΥΛΙΚΩΝ,021146954,"ΣΙΨΑΣ,,ΓΡΗΓΟΡΙΟΣ,ΘΕΟΦΑΝΗΣ",3032.27,44411000-4,1899
6ΨΑΓ46904Ν-ΤΔ7,2022-03-16,ΑΠΟΦΑΣΗ ΠΡΟΕΔΡΟΥ ΕΓΚΡΙΣΗΣ ΠΡΑΚΤΙΚΟΥ ΓΙΑ ΔΥΟ (2) ΤΡΑΠΕΖΟΚΟΜΟΥΣ,999909709,ΔΙΟΝΥΣΙΟΣ ΠΑΛΑΙΟΛΟΓΟΣ ΚΑΙ ΣΙΑ ΟΕ,8791.6,55321000-6,0419
6Ρ6Α46904Ν-4ΩΧ,2022-03-11,ΑΠΟΦΑΣΗ ΠΡΟΕΔΡΟΥ ΕΓΚΡΙΣΗΣ ΠΡΑΚΤΙΚΟΥ ΠΑΡΟΧΗΣ ΥΠΗΡΕΣΙΩΝ ΔΙΑΧΕΙΡΙΣΗΣ ΕΠΙΚΙΝΔΥΝΩΝ ΑΠΟΒΛΗΤΩΝ (ΚΙΤΡΙΝΑ) ΠΡΟΣ ΑΠΟΣΤΕΙΡΩΣΗ,999446618,ΑΠΟΤΕΦΡΩΤΗΡΑΣ ΑΝΩΝΥΜΗ ΕΤΑΙΡΕΙΑ ΑΠΟΤΕΦΡΩΣΗΣ ΑΠΟΡΡΙΜΜΑΤΩΝ,27600.0,,0846
ΨΣ7Β46904Ν-4ΛΤ,2022-03-10,ΑΠΟΦΑΣΗ ΠΡΟΕΔΡΟΥ ΕΓΚΡΙΣΗΣ ΠΡΑΚΤΙΚΟΥ ΓΙΑ ΤΗΝ ΠΡΟΜΗΘΕΙΑ ΠΛΑΣΤΙΚΩΝ ΠΕΡΙΕΚΤΩΝ (ΔΟΧΕΙΩΝ) ΣΥΛΛΟΓΗΣ ΕΠΙΚΙΝΔΥΝΩΝ ΥΓΡΩΝ ΑΠΟΒΛΗΤΩΝ ΓΙΑ ΤΙΣ ΑΝΑΓΚΕΣ ΤΟΥ ΤΜΗΜΑΤΟΣ ΛΟΙΜΩΞΕΩΝ ΤΟΥ ΝΟΣΟΚΟΜΕΙΟΥ,999961106,ΣΠ ΝΙΚΟΛΑΟΥ ΚΑΙ ΣΙΑ ΕΕ,2400.0,,1899
6ΒΒ446904Ν-ΧΘ5,2022-03-10,ΑΠΟΦΑΣΗ ΠΡΟΕΔΡΟΥ ΕΓΚΡΙΣΗΣ ΠΡΑΚΤΙΚΟΥ ΓΙΑ ΤΗΝ ΠΑΡΟΧΗ ΥΠΗΡΕΣΙΩΝ ΠΛΥΣΗΣ ΑΚΑΘΑΡΤΟΥ ΙΜΑΤΙΣΜΟΥ,997672233,ΑΝΔΡΕΑΣ ΠΑΠΑΓΙΑΝΝΗΣ ΚΑΙ ΥΙΟΣ ΑΝΩΝΥΜΟΣ ΕΜΠΟΡΙΚΗ ΚΑΙ ΒΙΟΜΗΧΑΝΙΚΗ ΕΤΑΙΡΕΙΑ ΜΗΧΑΝΙΚΩΝ ΠΛΥΝΤΗΡΙΩΝ ΙΜΑΤΙΣΜΟΥ ΤΑΠΗΤΩΝ ΚΑΙ ΟΜΟΙΩ,8149.95,,0843
ΨΓ2646904Ν-66Ξ,2022-03-10,ΑΠΟΦΑΣΗ ΠΡΟΕΔΡΟΥ ΕΓΚΡΙΣΗΣ ΠΡΑΚΤΙΚΟΥ ΠΑΡΟΧΗΣ ΥΠΗΡΕΣΙΩΝ ΚΑΘΑΡΙΟΤΗΤΑΣ,094510036,ΓΕΝ ΚΑ ΕΤΑΙΡΕΙΑ ΟΛΟΚΛΗΡΩΜΕΝΗΣ ΔΙΑΧΕΙΡΙΣΗΣ ΚΤΗΡΙΑΚΩΝ  ΕΓΚΑΤΑΣΤΑΣΕΩΝ  ΑΝΩΝΥΜΟΣ  ΕΤΑΙΡΕΙΑ,23678.0,,0845
Ψ6ΗΛ46904Ν-ΣΒ8,2022-03-04,ΑΠΟΦΑΣΗ ΠΡΟΕΔΡΟΥ ΕΓΚΡΙΣΗΣ ΠΡΑΚΤΙΚΟΥ ΓΙΑ ΤΗΝ ΠΑΡΟΧΗ ΥΠΗΡΕΣΙΩΝ ΔΙΑΧΕΙΡΙΣΗΣ ΕΠΙΚΙΝΔΥΝΩΝ ΑΠΟΒΛΗΤΩΝ Μ.Ε.Α. (ΚΟΚΚΙΝΑ) - ΑΠΟΤΕΦΡΩΣΗ,999446618,ΑΠΟΤΕΦΡΩΤΗΡΑΣ ΑΝΩΝΥΜΗ ΕΤΑΙΡΕΙΑ ΑΠΟΤΕΦΡΩΣΗΣ ΑΠΟΡΡΙΜΜΑΤΩΝ,24120.0,,0846
6ΔΑ146904Ν-978,2022-03-02,ΑΠΟΦΑΣΗ ΠΡΟΕΔΡΟΥ ΕΓΚΡΙΣΗΣ ΠΡΑΚΤΙΚΟΥ ΓΙΑ ΤΗΝ ΑΝΑΘΕΣΗ ΥΠΗΡΕΣΙΩΝ ΜΕΤΑΦΟΡΑΣ ΓΕΥΜΑΤΩΝ ΑΠΟ ΤΟ Γ.Α.Ο.Ν.Α. «Ο ΑΓ.ΣΑΒΒΑΣ» ΣΤΟ Γ.Ν.Α. «Η ΕΛΠΙΣ» ΜΕΦΟΡΤΗΓΟ,801563251,THE FOOD LAB Α Ε,3720.0,55521200-0,0899
9Ω0Γ46904Ν-7ΒΦ,2022-02-28,ΑΠΟΦΑΣΗ ΠΡΟΕΔΡΟΥ ΑΠΕΥΘΕΙΑΣ ΑΝΑΘΕΣΗΣ ΓΙΑ ΤΗΝ ΠΛΗΡΩΣΗ ΔΕΞΑΜΕΝΗΣ ΥΓΡΟΥ ΟΞΥΓΟΝΟΥ 46.000m³,094073495,ΤΕΧΝΙΚΑ ΑΕΡΙΑ ΕΛΛΑΔΟΣ ΑΝΩΝΥΜΟΣ ΕΤΑΙΡΙΑ,29900.0,24111500-0,1614
6ΕΦΡ46904Ν-Ω7Λ,2022-02-24,ΑΠΟΦΑΣΗ ΠΡΟΕΔΡΟΥ ΑΠΕΥΘΕΙΑΣ ΑΝΑΘΕΣΗΣ ΠΡΟΜΗΘΕΙΑΣ ΤΑΙΝΙΩΝ ΜΕΤΡΗΣΗΣ ΣΑΚΧΑΡΟΥ,094322455,MENARINI ΔΙΑΓΝΩΣΤΙΚΑ ΙΑΤΡΙΚΑ ΟΡΓΑΝΑ ΑΕΒΕ,4791.2,30192200-3,1311
ΨΜΜ246904Ν-2Υ5,2022-02-23,ΑΠΟΦΑΣΗ ΠΡΟΕΔΡΟΥ ΕΓΚΡΙΣΗΣ ΤΟΥ ΠΡΑΚΤΙΚΟΥ ΤΗΣ ΕΠΙΤΡΟΠΗΣ ΑΞΙΟΛΟΓΗΣΗΣ ΤΗΣ ΠΡΟΣΦΟΡΑΣ ΚΑΙ ΑΝΑΘΕΣΗΣ ΓΙΑ ΤΗΝ ΠΑΡΟΧΗ ΥΠΗΡΕΣΙΩΝ ΣΥΝΤΗΡΗΣΗΣ ΤΩΝ ΗΛΕΚΤΡΟΜΗΧΑΝΟΛΟΓΙΚΩΝ ΕΓΚΑΤΑΣΤΑΣΕΩΝ ΤΟΥ Β' ΚΤΙΡΙΟΥ ΓΙΑ ΤΡΕΙΣ ΜΗΝΕΣ,800830648,ΕΡΓΟΔΥΝΑΜΙΚΗ 2030 Ε Ε,4273.91,45331000-6,0879
9ΜΘΝ46904Ν-57Θ,2022-02-17,ΑΠΟΦΑΣΗ ΠΡΟΕΔΡΟΥ ΓΙΑ ΤΗΝ ΕΓΚΡΙΣΗ ΤΟΥ ΠΡΑΚΤΙΚΟΥ ΤΗΣ ΕΠΙΤΡΟΠΗΣ ΑΞΙΟΛΟΓΗΣΗΣ ΤΗΣ ΠΡΟΣΦΟΡΑΣ ΚΑΙ ΑΝΑΘΕΣΗΣ ΓΙΑ ΤΗΝ ΠΑΡΟΧΗ ΥΠΗΡΕΣΙΩΝ ΣΥΝΤΗΡΗΣΗΣ ΤΩΝ ΗΛΕΚΤΡΟΜΗΧΑΝΟΛΟΓΙΚΩΝ ΕΓΚΑΤΑΣΤΑΣΕΩΝ ΤΟΥ Β' ΚΤΙΡΙΟΥ ΓΙΑ ΤΡΙΕΣ ΜΗΝΕΣ,800830648,ΕΡΓΟΔΥΝΑΜΙΚΗ 2030 Ε Ε,3446.7,45331000-6,0879
ΨΛ2746904Ν-5ΥΘ,2022-02-16,ΑΠΟΦΑΣΗ ΠΡΟΕΔΡΟΥ ΑΝΑΘΕΣΗΣ ΠΡΟΜΗΘΕΙΑΣ 10.000 ΣΩΛΗΝΑΡΙΩΝ ΜΕ ΥΛΙΚΟ ΜΕΤΑΦΟΡΑΣ ΙΩΝ ΚΑΙ ΣΥΝΟΔΟ ΣΤΕΙΛΕΟ ΑΠΟ DACRON ΚΑΙ ΣΑΚΟΥΛΑΚΙΑ ΜΕΤΑΦΟΡΑΣ ΜΟΛΥΣΜΑΤΙΚΩΝ ΓΙΑ ΤΟ ΤΜΗΜΑ ΜΙΚΡΟΒΙΟΛΟΓΙΚΟΥ ΤΟΥ ΝΟΣΟΚΟΜΕΙΟΥ,095341314,ΔΙΑΓΝΩΣΤΙΚΑ ΧΗΜΙΚΗ ΟΡΓΑΝΟΛΟΓΙΑ ΑΝΩΝΥΜΗ ΕΤΑΙΡΙΑ,3800.0,33141625-7,1359
6Τ2Τ46904Ν-1Β1,2022-02-15,"ΑΠΟΦΑΣΗ ΠΡΟΕΔΡΟΥ ΕΓΚΡΙΣΗΣ ΤΟΥ ΠΡΑΚΤΙΚΟΥ ΤΗΣ ΕΠΙΤΡΟΠΗΣ ΑΞΙΟΛΟΓΗΣΗΣ ΤΗΣ ΠΡΟΣΦΟΡΑΣ ΚΑΙ ΑΝΑΘΕΣΗΣ ΓΙΑ ΤΗΝ ΠΑΡΟΧΗ ΥΠΗΡΕΣΙΩΝ ΣΥΝΤΗΡΗΣΗΣ-ΕΠΙΣΚΕΥΗΣ ΥΔΡΑΥΛΙΚΩΝ, ΑΠΟΧΕΤΕΥΤΙΚΩΝ ΚΑΙ ΕΓΚΑΤΑΣΤΑΣΕΩΝ ΚΕΝΤΡΙΚΗΣ ΘΕΡΜΑΝΣΗΣ ΤΟΥ ΝΟΣΟΚΟΜΕΙΟΥ ΓΙΑ ΤΡΕΙΣ ΜΗΝΕΣ",800830648,ΕΡΓΟΔΥΝΑΜΙΚΗ 2030 Ε Ε,2369.7,45332000-3,0879
6ΖΤΖ46904Ν-8ΜΩ,2022-02-14,ΑΠΟΦΑΣΗ ΠΡΟΕΔΡΟΥ ΑΠΕΥΘΕΙΑΣ ΑΝΑΘΕΣΗΣ ΓΙΑ ΤΗΝ ΠΛΗΡΩΣΗ ΔΕΞΑΜΕΝΗΣ ΥΓΡΟΥ ΟΞΥΓΟΝΟΥ,094073495,ΤΕΧΝΙΚΑ ΑΕΡΙΑ ΕΛΛΑΔΟΣ ΑΝΩΝΥΜΟΣ ΕΤΑΙΡΙΑ,37076.0,24111500-0,1614
ΩΣ5546904Ν-ΟΜΒ,2022-02-14,ΑΠΟΦΑΣΗ ΠΡΟΕΔΡΟΥ ΕΓΚΡΙΣΗΣ ΠΡΑΚΤΙΚΟΥ ΓΙΑ ΚΑΘΑΡΙΟΤΗΤΑ (ΦΕΒΡΟΥΑΡΙΟΣ),094510036,ΓΕΝ ΚΑ ΕΤΑΙΡΕΙΑ ΟΛΟΚΛΗΡΩΜΕΝΗΣ ΔΙΑΧΕΙΡΙΣΗΣ ΚΤΗΡΙΑΚΩΝ  ΕΓΚΑΤΑΣΤΑΣΕΩΝ  ΑΝΩΝΥΜΟΣ  ΕΤΑΙΡΕΙΑ,21980.0,90910000-9,0845
ΨΚΖΘ46904Ν-ΤΔΩ,2022-02-11,ΑΠΟΦΑΣΗ ΠΡΟΕΔΡΟΥ ΑΝΑΘΕΣΗΣ ΠΡΟΜΗΘΕΙΑΣ RAPID TEST COVID19 (Y-MED),997831899,ΠΡΙΝΤΕΚΟ ΙΑΤΡΙΚΑ ΑΝΑΛΩΣΙΜΑ  ΥΠΗΡΕΣΙΕΣ ΕΚΤΥΠΩΣΕΩΝ ΜΟΝΟΠΡΟΣΩΠΗ  Ε Π Ε,10900.0,33141625-7,1359
9Ι3846904Ν-3ΓΞ,2022-02-07,ΑΠΟΦΑΣΗ ΠΡΟΕΔΡΟΥ ΑΝΑΘΕΣΗΣ ΓΙΑ ΤΗΝ ΠΑΡΟΧΗ ΥΠΗΡΕΣΙΩΝ ΥΠΟΣΤΥΛΩΣΗΣ ΚΑΙ ΣΤΕΓΑΝΟΠΟΙΗΣΗΣ ΤΗΣ ΟΡΟΦΗΣ ΤΟΥ ΧΩΡΟΥ ΤΩΝ ΚΑΤΑΨΥΚΤΩΝ ΚΑΙ ΤΗΣ ΠΑΡΑΔΟΣΗΣ ΑΙΜΑΤΩΝ,801589893,ΤΕΧΝΙΚΗ ΚΑΙ ΕΜΠΟΡΙΚΗ ΕΠΙΧΕΙΡΗΣΗ Ε Ε,600.0,,0863-1413
9ΡΝΠ46904Ν-Ψ9Β,2022-02-07,ΑΠΟΦΑΣΗ ΠΡΟΕΔΡΟΥ ΑΝΑΘΕΣΗΣ ΓΙΑ ΤΗΝ ΠΑΡΟΧΗ ΥΠΗΡΕΣΙΩΝ ΕΛΕΓΧΟΥ ΤΗΣ ΣΤΕΓΗΣ ΜΑΓΕΙΡΕΙΩΝ ΚΑΙ ΙΜΑΤΙΣΜΟΥ ΚΑΙ ΧΟΡΗΓΗΣΗΣ ΒΕΒΑΙΩΣ ΣΤΑΤΙΚΗΣ ΕΠΑΡΚΕΙΑΣ ΑΥΤΗΣ,801589893,ΤΕΧΝΙΚΗ ΚΑΙ ΕΜΠΟΡΙΚΗ ΕΠΙΧΕΙΡΗΣΗ Ε Ε,500.0,,0419
ΩΜ9Λ46904Ν-Α79,2022-02-09,ΑΠΟΦΑΣΗ ΠΡΟΕΔΡΟΥ ΕΓΚΡΙΣΗΣ ΠΡΑΚΤΙΚΟΥ ΠΑΡΟΧΗΣ ΥΠΗΡΕΣΙΩΝ ΠΛΥΣΗΣ ΑΚΑΘΑΡΤΟΥ ΙΜΑΤΙΣΜΟΥ,094102575,ΠΛΥΝΤΗΡΙΑ ΛΕΜΗ ΑΝΩΝΥΜΟΣ ΕΤΑΙΡΕΙΑ,8299.33,,0843
ΨΖΞ046904Ν-ΜΑΡ,2022-01-31,ΑΠΟΦΑΣΗ ΠΡΟΕΔΡΟΥ ΕΓΚΡΙΣΗΣ ΠΡΑΚΤΙΚΟΥ ΜΕΤΑΦΟΡΑΣ ΓΕΥΜΑΤΩΝ,801563251,THE FOOD LAB Α Ε,4480.0,55521200-0,0899
6Μ5Ο46904Ν-Τ2Ε,2022-01-24,ΑΠΟΦΑΣΗ ΠΡΟΕΔΡΟΥ ΕΓΚΡΙΣΗΣ ΠΡΑΚΤΙΚΟΥ ΠΡΟΜΗΘΕΙΑΣ ΝΟΣΟΚΟΜΕΙΑΚΩΝ ΧΑΡΤΟΚΥΤΙΩΝ ΓΙΑ ΔΙΑΧΕΙΡΙΣΗ ΕΠΙΚΙΝΔΥΝΩΝ ΑΠΟΒΛΗΤΩΝ (Ε.Α.Υ.Μ.),099109774,ΔΙΑΓΝΩΣΤΙΚΑ ΑΝΤΙΔΡΑΣΤΗΡΙΑ ΟΡΓΑΝΑ ΝΟΣΟΚΟΜΕΙΑΚΟΣ ΕΞΟΠΛΙΣΜΟΣ ΑΝΩΝΥΜΗ ΕΤΑΙΡΕΙΑ,28600.0,,1899
6ΥΦ446904Ν-ΝΒΥ,2022-01-13,ΑΠΟΦΑΣΗ ΠΡΟΕΔΡΟΥ ΑΠΕΥΘΕΙΑΣ ΑΝΑΘΕΣΗΣ ΥΠΗΡΕΣΙΩΝ ΓΙΑ ΤΗΝ ΕΠΙΣΚΕΥΗ ΚΑΙ ΕΛΕΓΧΟ ΣΤΡΩΜΑΤΟΣ ΚΑΤΑΚΛΙΣΗΣ ΤΟΥ ΟΙΚΟΥ TALLEY MEDICAL,999658897,Δ ΚΟΡΤΕΣΗΣ ΚΑΙ ΣΙΑ ΕΕ,200.0,,0887
6ΥΦ446904Ν-ΝΒΥ,2022-01-13,ΑΠΟΦΑΣΗ ΠΡΟΕΔΡΟΥ ΑΠΕΥΘΕΙΑΣ ΑΝΑΘΕΣΗΣ ΥΠΗΡΕΣΙΩΝ ΓΙΑ ΤΗΝ ΕΠΙΣΚΕΥΗ ΚΑΙ ΕΛΕΓΧΟ ΣΤΡΩΜΑΤΟΣ ΚΑΤΑΚΛΙΣΗΣ ΤΟΥ ΟΙΚΟΥ TALLEY MEDICAL,999658897,Δ ΚΟΡΤΕΣΗΣ ΚΑΙ ΣΙΑ ΕΕ,789.9,,1439
90Ζ146904Ν-ΒΙ5,2022-01-13,ΑΠΟΦ. ΠΡΟΕΔΡΟΥ ΕΓΚΡΙΣΗΣ ΠΡΑΚΤΙΚΟΥ ΓΙΑ ΚΑΘΑΡΙΟΤΗΤΑ (ΙΑΝΟΥΑΡΙΟΣ),094510036,ΓΕΝ ΚΑ ΕΤΑΙΡΕΙΑ ΟΛΟΚΛΗΡΩΜΕΝΗΣ ΔΙΑΧΕΙΡΙΣΗΣ ΚΤΗΡΙΑΚΩΝ  ΕΓΚΑΤΑΣΤΑΣΕΩΝ  ΑΝΩΝΥΜΟΣ  ΕΤΑΙΡΕΙΑ,19800.0,90910000-9,0845
6ΗΙ646904Ν-ΥΩΖ,2022-01-11,ΑΠΟΦΑΣΗ ΠΡΟΕΔΡΟΥ ΕΓΚΡΙΣΗΣ ΠΡΑΚΤΙΚΟΥ ΠΑΡΟΧΗΣ ΥΠΗΡΕΣΙΩΝ ΠΛΥΣΗΣ ΑΚΑΘΑΡΤΟΥ ΙΜΑΤΙΣΜΟΥ,997672233,ΑΝΔΡΕΑΣ ΠΑΠΑΓΙΑΝΝΗΣ ΚΑΙ ΥΙΟΣ ΑΝΩΝΥΜΟΣ ΕΜΠΟΡΙΚΗ ΚΑΙ ΒΙΟΜΗΧΑΝΙΚΗ ΕΤΑΙΡΕΙΑ ΜΗΧΑΝΙΚΩΝ ΠΛΥΝΤΗΡΙΩΝ ΙΜΑΤΙΣΜΟΥ ΤΑΠΗΤΩΝ ΚΑΙ ΟΜΟΙΩ,8528.4,,0843
6Π1Μ46904Ν-Θ1Η,2022-01-05,ΑΠΟΦΑΣΗ ΠΡΟΕΔΡΟΥ ΕΓΚΡΙΣΗΣ ΠΡΑΚΤΙΚΟΥ ΚΑΙ ΑΝΑΘΕΣΗ ΣΤΗΝ ΕΤΑΙΡΕΙΑ CLINITEX,094098300,ΥΦΑΝΤΟΥΡΓΕΙΑ Α ΚΑΡΥΠΙΔΗΣ ΑΝΩΝΥΜΟΣ ΒΙΟΜΗΧΑΝΙΚΗ ΕΜΠΟΡΙΚΗ ΕΤΑΙΡΙΑ,5512.54,,1529
6ΥΙ446904Ν-ΒΘΞ,2021-12-30,ΑΠΟΦΑΣΗ ΠΡΟΕΔΡΟΥ ΑΝΑΘΕΣΗΣ ΓΙΑ ΤΗΝ ΠΡΟΜΗΘΕΙΑ ΕΞΟΠΛΙΣΜΟΥ ΠΛΗΡΟΦΟΡΙΚΗΣ,095457728,ΜΑΣΤΟΡΑΚΗΣ ΓΣ ΚΩΣΤΑΚΗΣ ΝΙ ΕΠΕ,3152.0,,7123
613Φ46904Ν-Ζ1Μ,2022-10-20,ΑΠΟΦΑΣΗ ΠΡΟΕΔΡΟΥ ΕΓΚΡΙΣΗΣ ΤΟΥ ΠΡΑΚΤΙΚΟΥ ΤΟΥ ΤΜΗΜΑΤΟΣ Β.Ι.Τ. ΓΙΑ ΤΗΝ ΠΡΟΜΗΘΕΙΑ ΤΡΙΩΝ ΜΟΝΙΤΟΡ ΖΩΤΙΚΩΝ ΠΑΡΑΜΕΤΡΩΝ ΚΑΙ ΑΝΑΘΕΣΗΣ ΣΤΗΝ ΕΤΑΙΡΕΙΑ,800834358,CARDIOSCIENCE P C,12276.0,50421000-2,7131
Ψ45Ι46904Ν-0ΙΛ,2022-10-24,ΑΠΟΦΑΣΗ ΠΡΟΕΔΡΟΥ ΕΓΚΡΙΣΗΣ ΕΓΓΡΑΦΟΥ ΓΙΑ ΤΗΝ ΠΡΟΜΗΘΕΙΑ ΚΑΡΔΙΟΛΟΓΙΚΗΣ ΚΕΦΑΛΗΣ ΚΑΙ ΑΝΑΘΕΣΗΣ ΣΤΗΝ ΕΤΑΙΡΕΙΑ,094472918,GE HEALTHCARE ΦΑΡΜΑΚΕΥΤΙΚΗ ΕΜΠΟΡΙΚΗ ΚΑΙ ΒΙΟΜΗΧΑΝΙΚΗ ΕΤΑΙΡΕΙΑ,3472.0,,1439
61ΦΗ46904Ν-Τ1Ω,2022-10-20,ΑΠΟΦΑΣΗ ΠΡΟΕΔΡΟΥ ΑΝΑΘΕΣΗΣ ΕΡΓΑΣΙΩΝ ΣΥΝΤΗΡΗΣΗΣ ΚΑΤΑΓΡΑΦΙΚΟΥ HOLTER ΡΥΘΜΟΥ ΤΟΥ ΚΑΤΑΣΚΕΥΑΣΤΙΚΟΥ ΟΙΚΟΥ SCILLER ΑΠΟ ΤΗΝ ΑΠΟΚΛΕΙΣΤΙΚΗ ΑΝΤΙΠΡΟΣΩΠΟ ΕΤΑΙΡΕΙΑ,095029193,ΠΑΠΑΠΟΣΤΟΛΟΥ Ν ΑΝΩΝΥΜΗ ΕΤΑΙΡΕΙΑ  ΕΤΑΙΡΕΙΑ ΕΜΠΟΡΙΑΣ ΚΑΙ ΑΝΤΙΠΡΟΣΩΠΕΙΩΝ ΙΑΤΡΙΚΩΝ ΕΡΓΑΛΕΙΩΝ ΚΑΙ ΜΗΧΑΝΗΜΑΤΩΝ,167.4,,0887
61ΦΗ46904Ν-Τ1Ω,2022-10-20,ΑΠΟΦΑΣΗ ΠΡΟΕΔΡΟΥ ΑΝΑΘΕΣΗΣ ΕΡΓΑΣΙΩΝ ΣΥΝΤΗΡΗΣΗΣ ΚΑΤΑΓΡΑΦΙΚΟΥ HOLTER ΡΥΘΜΟΥ ΤΟΥ ΚΑΤΑΣΚΕΥΑΣΤΙΚΟΥ ΟΙΚΟΥ SCILLER ΑΠΟ ΤΗΝ ΑΠΟΚΛΕΙΣΤΙΚΗ ΑΝΤΙΠΡΟΣΩΠΟ ΕΤΑΙΡΕΙΑ,095029193,ΠΑΠΑΠΟΣΤΟΛΟΥ Ν ΑΝΩΝΥΜΗ ΕΤΑΙΡΕΙΑ  ΕΤΑΙΡΕΙΑ ΕΜΠΟΡΙΑΣ ΚΑΙ ΑΝΤΙΠΡΟΣΩΠΕΙΩΝ ΙΑΤΡΙΚΩΝ ΕΡΓΑΛΕΙΩΝ ΚΑΙ ΜΗΧΑΝΗΜΑΤΩΝ,350.92,,1439
62ΛΣ46904Ν-Μ6Θ,2022-10-05,ΑΠΟΦΑΣΗ ΠΡΟΕΔΡΟΥ ΑΝΑΘΕΣΗΣ ΕΡΓΑΣΙΩΝ ΕΠΙΣΚΕΥΗΣ ΣΤΡΩΜΑΤΟΣ ΚΑΤΑΚΛΙΣΗΣ ΤΟΥ ΚΑΤΑΣΚΕΥΑΣΤΙΚΟΥ ΟΙΚΟΥ TALLEY MEDICAL ΑΠΟ ΤΗΝ ΑΠΟΚΛΕΙΣΤΙΚΗ ΑΝΤΙΠΡΟΣΩΠΟ ΕΤΑΙΡΕΙΑ,999658897,Δ ΚΟΡΤΕΣΗΣ ΚΑΙ ΣΙΑ ΕΕ,638.69,,0889-1439
ΩΖ9746904Ν-ΘΚΡ,2022-10-05,ΑΠΟΦΑΣΗ ΠΡΟΕΔΡΟΥ ΑΝΑΘΕΣΗΣ ΕΡΓΑΣΙΩΝ ΕΠΙΣΚΕΥΗΣ ΣΥΣΤΗΜΑΤΟΣ ΘΕΡΜΑΝΣΗΣ ΑΣΘΕΝΩΝ ΤΟΥ ΚΑΤΑΣΚΕΥΑΣΤΙΚΟΥ ΟΙΚΟΥ STIHLERELECTRONIC ΑΠΟ ΤΗΝ ΑΠΟΚΛΕΙΣΤΙΚΗ ΑΝΤΙΠΡΟΣΩΠΟ ΕΤΑΙΡΕΙΑ,999658897,Δ ΚΟΡΤΕΣΗΣ ΚΑΙ ΣΙΑ ΕΕ,626.19,,8889-1439
Ω2ΤΖ46904Ν-ΦΝΥ,2022-10-05,"ΑΠΟΦΑΣΗ ΠΡΟΕΔΡΟΥ ΑΝΑΘΕΣΗΣ ΕΡΓΑΣΙΩΝ ΑΛΛΑΓΗΣ ΟΘΟΝΗΣ-DISPLAY ΗΛΕΚΤΡΟΚΑΡΔΙΟΓΡΑΦΟΥ NIHON KOHDEN, ΜΟΝΤΕΛΟ ECG-2350, ΜΕ S/N 0154683 ΑΠΟ ΤΗΝ ΑΠΟΚΛΕΙΣΤΙΚΗ ΑΝΤΙΠΡΟΣΩΠΟ ΕΤΑΙΡΕΙΑ",091569759,ΑΦΟΙ Α ΣΕΛΙΔΗ ΑΝΩΝΥΜΗ ΕΤΑΙΡΙΑ ΕΠΙΣΤΗΜΟΝΙΚΟΥ ΕΞΟΠΛΙΣΜΟΥ,539.4,,0887-1439
ΨΒΞΑ46904Ν-2Ο6,2022-10-14,ΑΠΟΦΑΣΗ ΠΡΟΕΔΡΟΥ ΕΓΚΡΙΣΗΣ ΠΡΑΚΤΙΚΟΥ ΓΙΑ ΤΗΝ ΠΡΟΜΗΘΕΙΑ ΑΚΑΜΠΤΟΥ ΕΝΔΟΣΚΟΠΙΟΥ ΡΙΝΟΣ,095279575,ΓΕΤΡΙΜΕΝΤ ΑΝΤΙΠΡΟΣΩΠΕΙΑ ΙΑΤΡΙΚΩΝ ΕΙΔΩΝ ΕΠΕ,1550.0,,7131
Ω50146904Ν-Δ20,2022-10-14,ΑΠΟΦΑΣΗ ΠΡΟΕΔΡΟΥ ΕΓΚΡΙΣΗΣ ΠΡΑΚΤΙΚΟΥ ΓΙΑ ΤΗΝ ΠΡΟΜΗΘΕΙΑ ΕΠΙΤΟΙΧΙΟΥ ΠΡΟΒΟΛΕΑ,800834358,CARDIOSCIENCE P C,2033.6,,1899
9Υ2446904Ν-ΝΛΡ,2022-10-14,ΑΠΟΦΑΣΗ ΠΡΟΕΔΡΟΥ ΕΓΚΡΙΣΗΣ ΠΡΑΚΤΙΚΟΥ ΓΙΑ ΤΗΝ ΠΡΟΜΗΘΕΙΑ ΔΥΟ ΦΟΡΗΤΩΝ ΠΑΛΜΙΚΩΝ ΟΞΥΜΕΤΡΩΝ-ΠΙΕΣΟΜΕΤΡΩΝ ΚΑΙ ΘΕΡΜΟΜΕΤΡΩΝ ΖΩΤΙΚΩΝ ΠΑΡΑΜΕΤΡΩΝ,800834358,CARDIOSCIENCE P C,1016.8,,1899
65Γ446904Ν-8Γ6,2022-10-11,ΑΠΟΦΑΣΗ ΠΡΟΕΔΡΟΥ ΑΝΑΘΕΣΗΣ ΓΙΑ ΤΗΝ ΠΛΗΡΩΣΗ ΔΕΞΑΜΕΝΗΣ ΥΓΡΟΥ ΟΞΥΓΟΝΟΥ,094073495,ΤΕΧΝΙΚΑ ΑΕΡΙΑ ΕΛΛΑΔΟΣ ΑΝΩΝΥΜΟΣ ΕΤΑΙΡΙΑ,36270.0,24111500-0,1614
9ΒΕΕ46904Ν-19Θ,2022-10-11,ΑΠΟΦ.ΠΡΟΕΔΡΟΥ ΕΓΚΡΙΣΗΣ ΠΡΑΚΤΙΚΟΥ ΓIA KAΘΑΡΙΟΤΗΤΑ (ΟΚΤΩΒΡΙΟΣ),094510036,ΓΕΝ ΚΑ ΕΤΑΙΡΕΙΑ ΟΛΟΚΛΗΡΩΜΕΝΗΣ ΔΙΑΧΕΙΡΙΣΗΣ ΚΤΗΡΙΑΚΩΝ  ΕΓΚΑΤΑΣΤΑΣΕΩΝ  ΑΝΩΝΥΜΟΣ  ΕΤΑΙΡΕΙΑ,25390.0,90910000-9,0845
ΨΛΟΘ46904Ν-ΥΛ9,2022-10-06,ΑΠΟΦΑΣΗ ΠΡΟΕΔΡΟΥ ΑΝΑΘΕΣΗΣ ΥΠΗΡΕΣΙΩΝ ΓΙΑ ΤΗΝ ΕΤΗΣΙΑ ΣΥΝΤΗΡΗΣΗ - ΕΠΙΣΚΕΥΗ ΤΟΥ ΥΠΕΡΗΧΟΥ MINDRAY DC75 ΜΕ ΚΑΛΥΨΗ ΕΡΓΑΣΙΑΣ ΚΑΙ ΟΛΩΝ ΤΩΝ ΑΝΤΑΛΛΑΚΤΙΚΩΝ ΣΥΜΠΕΡΙΛΑΜΒΑΝΟΜΕΝΗΣ ΜΙΑΣ ΗΧΟΒΟΛΟΥ ΚΕΦΑΛΗΣ ΤΩΝ ΕΚΤΑΚΤΩΝ ΙΑΤΡΕΙΩΝ ΤΟΥ ΑΚΤΙΝΟΔΙΑΓΝΩΣΤΙΚΟΥ ΤΜΗΜΑΤΟΣ,095029193,ΠΑΠΑΠΟΣΤΟΛΟΥ Ν ΑΝΩΝΥΜΗ ΕΤΑΙΡΕΙΑ  ΕΤΑΙΡΕΙΑ ΕΜΠΟΡΙΑΣ ΚΑΙ ΑΝΤΙΠΡΟΣΩΠΕΙΩΝ ΙΑΤΡΙΚΩΝ ΕΡΓΑΛΕΙΩΝ ΚΑΙ ΜΗΧΑΝΗΜΑΤΩΝ,3500.0,90910000-9,0887
6ΘΘΣ46904Ν-9ΛΠ,2022-10-03,"ΑΠΟΦΑΣΗ ΠΡΟΕΔΡΟΥ ΕΓΚΡΙΣΗΣ ΠΡΑΚΤΙΚΟΥ ΑΞΙΟΛΟΓΗΣΗΣ ΠΡΟΣΦΟΡΩΝ ΚΑΙ ΑΝΑΘΕΣΗΣ ΓΙΑ ΤΗΝ ΠΑΡΟΧΗ ΥΠΗΡΕΣΙΩΝ ΔΥΟ (02) ΤΡΑΠΕΖΟΚΟΜΩΝ, ΚΑΘΗΜΕΡΙΝΑ ΟΚΤΑΩΡΗΣ ΑΠΑΣΧΟΛΗΣΗΣ, ΓΙΑ ΔΙΑΣΤΗΜΑ ΚΑΛΥΨΗΣ ΕΝΟΣ (01) ΜΗΝΑ",999909709,ΔΙΟΝΥΣΙΟΣ ΠΑΛΑΙΟΛΟΓΟΣ ΚΑΙ ΣΙΑ ΟΕ,3395.0,55321000-6,0419
9Β0946904Ν-55Χ,2022-09-26,ΑΠΟΦΑΣΗ ΠΡΟΕΔΡΟΥ ΕΓΚΡΙΣΗΣ ΤΟΥ ΠΡΑΚΤΙΚΟΥ ΑΞΙΟΛΟΓΗΣΗΣ ΤΗΣ ΠΡΟΣΦΟΡΑΣ ΚΑΙ ΑΝΑΘΕΣΗΣ,094098300,ΥΦΑΝΤΟΥΡΓΕΙΑ Α ΚΑΡΥΠΙΔΗΣ ΑΝΩΝΥΜΟΣ ΒΙΟΜΗΧΑΝΙΚΗ ΕΜΠΟΡΙΚΗ ΕΤΑΙΡΙΑ,955.67,18832000-0,1528
Ω8ΙΓ46904Ν-ΕΣ0,2022-09-26,ΑΠΟΦΑΣΗ ΠΡΟΕΔΡΟΥ ΕΓΚΡΙΣΗΣ ΠΡΑΚΤΙΚΟΥ ΤΗΣ ΕΠΙΤΡΟΠΗΣ ΑΞΙΟΛΟΓΗΣΗΣ ΤΩΝ ΠΡΟΣΦΟΡΩΝ ΠΡΟΜΗΘΕΙΑΣ ΣΤΟΛΩΝ ΝΟΣΗΛΕΥΤΙΚΟΥ ΠΡΟΣΩΠΙΚΟΥ ΚΑΙ ΑΝΑΘΕΣΗΣ,801383798,CHEVAL HELLAS Ο Ε,1025.75,18130000-9,1528
6Ξ4Α46904Ν-1ΔΟ,2022-09-26,ΑΠΟΦΑΣΗ ΠΡΟΕΔΡΟΥ ΕΓΚΡΙΣΗΣ ΠΡΑΚΤΙΚΟΥ ΚΑΙ ΑΝΑΘΕΣΗΣ ΓΙΑ ΤΗΝ ΑΝΤΙΚΑΤΑΣΤΑΣΗ ΚΛΙΜΑΤΙΣΤΙΚΩΝ ΣΤΟΥΣ ΧΩΡΟΥΣ ΤΟΥ ΝΟΣΟΚΟΜΕΙΟΥ,082270426,Χ ΖΩΓΡΑΦΟΣ ΚΑΙ ΣΥΝΕΡΓΑΤΕΣ ΙΔΙΩΤΙΚΗ ΚΕΦΑΛΑΙΟΥΧΙΚΗ ΕΤΑΙΡΕΙΑ,3038.0,42512200-0,7112
61ΨΤ46904Ν-ΨΡΧ,2022-09-20,ΑΠΟΦΑΣΗ ΠΡΟΕΔΡΟΥ ΕΓΚΡΙΣΗΣ ΠΡΑΚΤΙΚΟΥ ΚΑΙ ΑΝΑΘΕΣΗΣ ΥΠΗΡΕΣΙΩΝ ΣΥΝΤΗΡΗΣΗΣ ΕΠΙΣΚΕΥΗΣ ΤΩΝ Η/Μ ΟΛΟΚΛΗΡΟΥ ΤΟΥ Β΄ΚΤΗΡΙΟΥ,800830648,ΕΡΓΟΔΥΝΑΜΙΚΗ 2030 Ε Ε,4193.94,45331000-6,0879
ΨΓΞΝ46904Ν-0ΗΣ,2022-09-19,ΑΠΟΦΑΣΗ ΠΡΟΕΔΡΟΥ ΕΓΚΡΙΣΗΣ ΠΡΑΚΤΙΚΟΥ ΤΗς ΕΠΙΤΡΟΠΗΣ ΑΞΙΟΛΟΓΗΣΗΣ ΠΡΟΣΦΟΡΩΝ ΚΑΙ ΤΗΝ ΑΝΑΘΕΣΗ ΥΠΗΡΕΣΙΩΝ ΠΑΡΑΣΚΕΥΗΣ ΚΑΙ ΔΙΑΝΟΜΗΣ ΕΤΟΙΜΩΝ ΓΕΥΜΑΤΩΝ .,094180805,ΑΦΟΙ ΚΟΜΠΑΤΣΙΑΡΗ ΑΝΩΝΥΜΗ ΕΤΑΙΡΕΙΑ  ΕΚΜΕΤΑΛΕΥΣΕΩΝ ΕΣΤΙΑΤΟΡΙΑ ΤΟΥΡΙΣΤΙΚΕΣ ΕΠΙΧΕΙΡΗΣΕΙΣ,29856.8,55523000-2,0419
6Θ3Ρ46904Ν-ΝΒ7,2022-09-08,ΑΠΟΦ.ΠΡΟΕΔΡΟΥ ΕΓΚΡΙΣΗΣ ΠΡΑΚΤΙΚΟΥ ΓIA KAΘΑΡΙΟΤΗΤΑ (ΣΕΠΤΕΜΒΡΙΟΣ),094510036,ΓΕΝ ΚΑ ΕΤΑΙΡΕΙΑ ΟΛΟΚΛΗΡΩΜΕΝΗΣ ΔΙΑΧΕΙΡΙΣΗΣ ΚΤΗΡΙΑΚΩΝ  ΕΓΚΑΤΑΣΤΑΣΕΩΝ  ΑΝΩΝΥΜΟΣ  ΕΤΑΙΡΕΙΑ,25390.0,90910000-9,0845
ΨΞΣ446904Ν-ΤΤΨ,2022-09-01,ΑΠΟΦΑΣΗ ΠΡΟΕΔΡΟΥ ΕΓΚΡΙΣΗΣ ΠΡΑΚΤΙΚΟΥ ΠΡΟΜΗΘΕΙΑΣ ΛΕΥΚΩΝ ΣΕΝΤΟΝΙΩΝ,094098300,ΥΦΑΝΤΟΥΡΓΕΙΑ Α ΚΑΡΥΠΙΔΗΣ ΑΝΩΝΥΜΟΣ ΒΙΟΜΗΧΑΝΙΚΗ ΕΜΠΟΡΙΚΗ ΕΤΑΙΡΙΑ,3659.5,,1529
6Ο0Σ46904Ν-Χ49,2022-08-30,ΑΠΟΦΑΣΗ ΠΡΟΕΔΡΟΥ ΑΝΑΘΕΣΗΣ ΓΙΑ ΕΦΑΠΑΞ ΠΡΟΛΗΠΤΙΚΗ ΣΥΝΤΗΡΗΣΗ ΚΑΙ ΓΕΝΙΚΟ ΕΛΕΓΧΟ ΚΑΛΗΣ ΛΕΙΤΟΥΡΓΙΑΣ ΕΝΟΣ (01) ΚΕΝΤΡΙΚΟΥ ΣΤΑΘΜΟΥ ΚΑΙ ΕΞΙ (6) ΜΟΝΙΤΟΡ ΠΑΡΑΚΟΛΟΥΘΗΣΗΣ ΖΩΤΙΚΩΝ ΠΑΡΑΜΕΤΡΩΝ ΑΣΘΕΝΩΝ ΤΗΣ Μ.Ε.Θ.,011651035,"ΤΖΑΝΙΔΑΚΗΣ,,ΕΜΜΑΝΟΥΗΛ,ΤΗΛΕΜΑΧΟΣ",2950.0,50421000-2,0887
ΨΡΜΒ46904Ν-0ΨΝ,2022-08-26,ΑΠΟΦΑΣΗ ΠΡΟΕΔΡΟΥ ΕΓΚΡΙΣΗΣ ΠΡΑΚΤΙΚΟΥ,095593498,ΕΤΑΙΡΙΑ ΒΙΟΜΗΧΑΝΙΚΗΣ ΑΡΩΓΗΣ ΑΕ,1074.0,,0879
ΩΤ0Σ46904Ν-1ΩΠ,2022-08-26,ΑΠΟΦΑΣΗ ΠΡΟΕΔΡΟΥ ΕΓΚΡΙΣΗΣ ΠΡΑΚΤΙΚΟΥ ΤΗΣ ΕΠΙΤΡΟΠΗΣ ΑΞΙΟΛΟΓΗΣΗΣ ΠΡΟΣΦΟΡΩΝ,999893375,ΕΥΣΤΑΘΙΟΣ Γ ΤΣΙΓΚΡΗΣ ΜΟΝΟΠΡΟΣΩΠΗ ΕΤΑΙΡΕΙΑ ΠΕΡΙΟΡΙΣΜΕΝΗΣ ΕΥΘΥΝΗΣ,14670.0,,0846
ΩΤ0Σ46904Ν-1ΩΠ,2022-08-26,ΑΠΟΦΑΣΗ ΠΡΟΕΔΡΟΥ ΕΓΚΡΙΣΗΣ ΠΡΑΚΤΙΚΟΥ ΤΗΣ ΕΠΙΤΡΟΠΗΣ ΑΞΙΟΛΟΓΗΣΗΣ ΠΡΟΣΦΟΡΩΝ,801007615,ENVIRONMENT ΔΙΑΧΕΙΡΙΣΗ ΑΠΟΒΛΗΤΩΝ ΙΚΕ,14670.0,,0846
9ΑΛΜ46904Ν-6Ξ2,2022-08-26,ΑΠΟΦΑΣΗ ΠΡΟΕΔΡΟΥ ΕΓΚΡΙΣΗΣ ΤΟΥ ΠΡΑΚΤΙΚΟΥ ΤΟΥ ΤΜΗΜΑΤΟΣ ΒΙΤ ΓΙΑ ΤΗΝ ΠΡΟΜΗΘΕΙΑ ΚΛΙΒΑΝΟΥ ΚΑΙ ΑΝΑΘΕΣΗΣ,801420577,ΜΑΜΑΛΙΓΚΑΣ Γ    ΣΙΑ Ε Ε,3075.2,33152000-0,7131
69Λ346904Ν-ΤΟΘ,2022-08-08,ΑΠΟΦΑΣΗ ΠΡΟΕΔΡΟΥ ΕΓΚΡΙΣΗΣ ΤΟΥ ΠΡΑΚΤΙΚΟΥ ΤΟΥ ΤΜΗΜΑΤΟΣ ΒΙΤ ΓΙΑ ΤΗΝ ΠΡΟΜΗΘΕΙΑ ΦΥΓΟΚΕΝΤΡΟΥ ΚΑΙ ΑΝΑΘΕΣΗΣ,800344879,Χ ΜΠΑΡΜΠΑΣ ΚΑΙ ΣΙΑ ΕΕ,3054.12,42931000-1,7131
6Ρ3Ι46904Ν-ΤΦΣ,2022-08-12,ΑΠΟΦΑΣΗ ΠΡΟΕΔΡΟΥ ΕΓΚΡΙΣΗΣ ΠΡΑΚΤΙΚΟΥ ΚΑΙ ΑΝΑΘΕΣΗΣ ΓΙΑ ΤΗΝ ΠΑΡΟΧΗ ΥΠΗΡΕΣΙΩΝ ΜΗΧΑΝΟΛΟΓΟΥ ΤΕ Ή ΗΛΕΚΤΡΟΛΟΓΟΥ ΜΗΧΑΝΙΚΟΥ ΜΕ ΠΡΟΥΠΗΡΕΣΙΑ ΣΕ ΘΕΜΑΤΑ ΠΥΡΑΣΦΑΛΕΙΑΣ ΣΕ ΔΗΜΟΣΙΑ ΝΟΣΟΚΟΜΕΙΑ ΓΙΑ ΤΗΝ ΑΝΑΝΕΩΣΗ ΠΙΣΤΟΠΟΙΗΤΙΚΟΥ (ΕΝΕΡΓΗΤΙΚΗΣ) ΠΥΡΟΠΡΟΣΤΑΣΙΑΣ ΤΟΥ ΑΚΤΙΝΟΛΟΓΙΚΟΥ ΕΡΓΑΣΤΗΡΙΟΥ,102233297,"ΚΑΛΟΜΟΙΡΗΣ,,ΜΙΧΑΗΛ,ΧΡΗΣΤΟΣ",980.0,,0419
ΩΝΤ346904Ν-ΗΤΙ,2022-08-11,ΑΠΕΥΘΕΙΑΣ ΑΝΑΘΕΣΗ ΓΙΑ ΤΗΝ ΠΛΗΡΩΣΗ ΔΕΞΑΜΕΝΗΣ ΥΓΡΟΥ ΟΞΥΓΟΝΟΥ,094073495,ΤΕΧΝΙΚΑ ΑΕΡΙΑ ΕΛΛΑΔΟΣ ΑΝΩΝΥΜΟΣ ΕΤΑΙΡΙΑ,16250.0,,1614
91ΙΓ46904Ν-6ΔΑ,2022-08-11,ΕΓΚΡΙΣΗ ΔΑΠΑΝΗΣ ΓΙΑ ΤΗΝ ΠΡΟΜΗΘΕΙΑ ΠΙΕΣΟΜΕΤΡΩΝ ΓΙΑ ΤΗΝ ΚΑΛΥΨΗ ΤΩΝ ΑΝΑΓΚΩΝ ΤΟΥ ΙΑΤΡΕΙΟΥ POST-COVID,999815729,ΙΑΤΡΙΚΑ ΒΟΗΘΗΜΑΤΑ ΙΔΙΩΤΙΚΗ ΚΕΦΑΛΑΙΟΥΧΙΚΗ ΕΤΑΙΡΕΙΑ   ΙΚΕ,348.87,,7131
Ψ6ΝΖ46904Ν-Ι9Ι,2022-08-11,ΑΠΟΦΑΣΗ ΠΡΟΕΔΡΟΥ ΑΠΕΥΘΕΙΑΣ ΑΝΑΘΕΣΗΣ ΓΙΑ ΤΗΝ ΠΡΟΜΗΘΕΙΑ ΤΑΙΝΙΩΝ ΜΕΤΡΗΣΗΣ ΣΑΚΧΑΡΟΥ,094322455,MENARINI ΔΙΑΓΝΩΣΤΙΚΑ ΙΑΤΡΙΚΑ ΟΡΓΑΝΑ ΑΕΒΕ,4520.0,,1311
695Μ46904Ν-ΗΜΒ,2022-08-03,ΑΠΟΦΑΣΗ ΠΡΟΕΔΡΟΥ ΕΓΚΡΙΣΗΣ ΠΡΑΚΤΙΚΟΥ ΚΑΙ ΑΝΑΘΕΣΗΣ ΓΙΑ ΤΗΝ ΠΡΟΜΗΘΕΙΑ ΗΛΕΚΤΡΟΚΑΡΔΙΟΓΡΑΦΟΥ ΕΞΙ ΚΑΝΑΛΙΩΝ,091569759,ΑΦΟΙ Α ΣΕΛΙΔΗ ΑΝΩΝΥΜΗ ΕΤΑΙΡΙΑ ΕΠΙΣΤΗΜΟΝΙΚΟΥ ΕΞΟΠΛΙΣΜΟΥ,6750.0,33112100-9,7131
ΨΥΥΣ46904Ν-Ζ3Γ,2022-08-08,ΑΠΟΦ.ΠΡΟΕΔΡΟΥ ΑΝΑΘΕΣΗΣ ΓΙΑ ΕΠΙΔΙΟΡΘΩΣΗ ΙΜΑΤΙΣΜΟΥ ΚΑΙ ΜΕΤΑΠΟΙΗΣΗ (KALER RAM MACNAN),106325238,"KALER,,RAM,MACNAN",5960.0,50830000-2,0899
94ΜΥ46904Ν-ΝΥΩ,2022-08-08,ΑΠΟΦΑΣΗ ΠΡΟΕΔΡΟΥ ΕΓΚΡΙΣΗΣ ΠΡΑΚΤΙΚΟΥ ΚΑΙ ΑΝΑΘΕΣΗΣ ΥΠΗΡΕΣΙΩΝ ΚΑΘΑΡΙΟΤΗΤΑΣ,094510036,ΓΕΝ ΚΑ ΕΤΑΙΡΕΙΑ ΟΛΟΚΛΗΡΩΜΕΝΗΣ ΔΙΑΧΕΙΡΙΣΗΣ ΚΤΗΡΙΑΚΩΝ  ΕΓΚΑΤΑΣΤΑΣΕΩΝ  ΑΝΩΝΥΜΟΣ  ΕΤΑΙΡΕΙΑ,25390.0,90910000-9,0845
9ΚΒ046904Ν-Ω9Ζ,2022-08-01,ΑΠΟΦΑΣΗ ΠΡΟΕΔΡΟΥ ΕΓΚΡΙΣΗΣ ΠΡΑΚΤΙΚΟΥ ΣΥΝΤΗΡΗΣΗ ΔΙΚΤΥΩΝ ΙΑΤΡΙΚΩΝ ΑΕΡΙΩΝ (ΟΡΘΗ),999796735,Α ΑΠΟΣΤΟΛΟΥ ΚΑΙ Χ ΔΕΓΕΣΤΙΝΟΣ ΟΜΟΡΡΥΘΜΗ ΕΤΑΙΡΕΙΑ,5192.0,42931130-1,1439
ΩΝΙΚ46904Ν-ΤΝΓ,2022-08-01,ΑΠΟΦΑΣΗ ΠΡΟΕΔΡΟΥ ΕΓΚΡΙΣΗΣ ΠΡΑΚΤΙΚΟΥ ΕΦΑΠΑΞ  ΣΥΝΤΗΡΗΣΗ ΑΕΡΑΓΩΓΩΝ (ΟΡΘΗ),800854498,AIRTECO IKE,3900.0,50700000-2,0899
9ΞΤΩ46904Ν-19Ψ,2022-08-01,ΑΠΟΦΑΣΗ ΠΡΟΕΔΡΟΥ ΕΓΚΡΙΣΗΣ ΠΡΑΚΤΙΚΟΥ ΠΡΟΜΗΘΕΙΑΣ ΚΑΙ ΤΟΠΟΘΕΤΗΣΗΣ ΑΠΟΛΥΤΩΝ ΦΙΛΤΡΩΝ (ΟΡΘΗ),800854498,AIRTECO IKE,7435.0,42514320-1,0879-1439
Ψ7Γ546904Ν-8Φ8,2022-08-01,ΑΠΟΦΑΣΗ ΠΡΟΕΔΡΟΥ ΕΓΚΡΙΣΗΣ ΠΡΑΚΤΙΚΟΥ ΕΛΕΓΧΟΣ ΚΑΙ ΑΝΤΙΚΑΤΑΣΤΑΣΗ ΦΙΛΤΡΩΝ (ΠΡΟΦΙΛΤΡΑ (ΟΡΘΗ),800854498,AIRTECO IKE,1800.0,50730000-1,0879
ΩΔΓΚ46904Ν-ΘΩ5,2022-08-01,ΑΠΟΦΑΣΗ ΠΡΟΕΔΡΟΥ ΕΓΚΡΙΣΗΣ ΠΡΑΚΤΙΚΟΥ ΣΥΝΤΗΡΗΣΗ Η Μ ΕΓΚΑΤΑΣΤΑΣΕΩΝ (ΟΡΘΗ),800830648,ΕΡΓΟΔΥΝΑΜΙΚΗ 2030 Ε Ε,944.0,45331000-6,0879
ΨΠ8Ζ46904Ν-7ΕΠ,2022-08-01,ΑΠΟΦΑΣΗ ΠΡΟΕΔΡΟΥ ΕΓΚΡΙΣΗΣ ΠΡΑΚΤΙΚΟΥ ΕΠΙΣΚΕΥΗΣ ΨΥΚΤΩΝ ΦΥΡΟΓΕΝΗ,800830648,ΕΡΓΟΔΥΝΑΜΙΚΗ 2030 Ε Ε,2839.0,50800000-3,0879
Ψ6ΜΒ46904Ν-7ΚΩ,2022-07-29,ΑΠΟΦΑΣΗ ΠΡΟΕΔΡΟΥ ΓΙΑ ΤΗΝ ΑΝΑΘΕΣΗ ΥΠΗΡΕΣΙΩΝ ΜΑΓΝΗΤΟΦΩΝΗΣΗΣ - ΑΠΟΜΑΓΝΗΤΟΦΩΝΗΣ ΤΩΝ ΠΡΑΚΤΙΚΩΝ ΣΥΝΕΔΡΙΑΣΕΩΝ ΤΟΥ Δ.Σ.,997883731,Χ ΚΟΝΔΥΛΗ Α ΠΑΡΑΣΚΕΥΟΠΟΥΛΟΥ ΟΕ,2419.35,72310000-1,0419
Ω3ΙΖ46904Ν-96Ο,2022-07-28,ΑΠΟΦΑΣΗ ΠΡΟΕΔΡΟΥ ΕΓΚΡΙΣΗΣ ΠΡΑΚΤΙΚΟΥ ΣΥΝΤΗΡΗΣΗ ΔΙΚΤΥΩΝ ΙΑΤΡΙΚΩΝ ΑΕΡΙΩΝ,800854498,AIRTECO IKE,5192.0,42931130-1,1439
6Γ9Τ46904Ν-6Ι8,2022-07-28,ΑΠΟΦΑΣΗ ΠΡΟΕΔΡΟΥ ΕΓΚΡΙΣΗΣ ΠΡΑΚΤΙΚΟΥ ΠΡΟΜΗΘΕΙΑΣ ΚΑΙ ΤΟΠΟΘΕΤΗΣΗΣ ΑΠΟΛΥΤΩΝ ΦΙΛΤΡΩΝ,800854498,AIRTECO IKE,7435.0,42514320-1,0879-1439
6Θ0Λ46904Ν-ΓΑ6,2022-07-28,ΑΠΟΦΑΣΗ ΠΡΟΕΔΡΟΥ ΕΓΚΡΙΣΗΣ ΠΡΑΚΤΙΚΟΥ ΕΛΕΓΧΟΣ ΚΑΙ ΑΝΤΙΚΑΤΑΣΤΑΣΗ ΦΙΛΤΡΩΝ (ΠΡΟΦΙΛΤΡΑ -ΣΑΚΟΦΙΛΤΡΑ),800854498,AIRTECO IKE,1800.0,50730000-1,0879
6Ω9Σ46904Ν-ΤΒΘ,2022-07-28,ΑΠΟΦΑΣΗ ΠΡΟΕΔΡΟΥ ΕΓΚΡΙΣΗΣ ΠΡΑΚΤΙΚΟΥ ΕΦΑΠΑΞ  ΣΥΝΤΗΡΗΣΗ ΑΕΡΑΓΩΓΩΝ,800854498,AIRTECO IKE,3900.0,50700000-2,0899
67ΕΖ46904Ν-85Φ,2022-07-28,ΑΠΟΦΑΣΗ ΠΡΟΕΔΡΟΥ ΕΓΚΡΙΣΗΣ ΠΡΑΚΤΙΚΟΥ ΣΥΝΤΗΡΗΣΗ Η Μ ΕΓΚΑΤΑΣΤΑΣΕΩΝ,800830648,ΕΡΓΟΔΥΝΑΜΙΚΗ 2030 Ε Ε,944.0,45331000-6,0879
9Λ5Λ46904Ν-ΤΡΩ,2022-07-28,ΑΠΟΦΑΣΗ ΠΡΟΕΔΡΟΥ ΕΓΚΡΙΣΗΣ ΠΡΑΚΤΙΚΟΥ ΓΙΑ ΠΡΟΜΗΘΕΙΑ HOSPITAL BOXES,099101893,ΔΙΟΝΥΣΙΟΣ Δ ΘΕΟΔΟΣΗΣ ΚΑΙ ΣΙΑ ΟΕ,18000.0,33772000-2,1899
ΨΟΦΤ46904Ν-ΞΡΖ,2022-07-28,ΑΠΟΦΑΣΗ ΠΡΟΕΔΡΟΥ ΕΓΚΡΙΣΗΣ ΠΡΑΚΤΙΚΟΥ ΚΑΙ ΑΝΑΘΕΣΗΣ ΓΙΑ ΤΗΝ ΠΡΟΜΗΘΕΙΑ ΕΞΕΤΑΣΤΙΚΗΣ ΚΛΙΝΗΣ,998618379,ΔΕΜΕΡΤΖΗ Μ ΚΑΙ ΣΙΑ ΕΕ,280.0,,7131
9Ψ7Δ46904Ν-Ε71,2022-07-22,ΑΠΟΦΑΣΗ ΠΡΟΕΔΡΟΥ ΕΓΚΡΙΣΗΣ ΠΡΑΚΤΙΚΟΥ ΤΗΣ ΕΠΙΤΡΟΠΗΣ ΑΞΙΟΛΟΓΗΣΗΣ ΤΗΣ ΠΡΟΣΦΟΡΑΣ ΚΑΙ ΑΝΑΘΕΣΗΣ,999495127,ΛΕΩΝΙΔΑΣ ΨΗΛΙΑΚΟΣ ΚΑΙ ΣΙΑ ΕΤΑΙΡΕΙΑ ΠΕΡΙΟΡΙΣΜΕΝΗΣ ΕΥΘΥΝΗΣ,6150.4,33192160-1,1899
60ΡΝ46904Ν-3ΗΙ,2022-07-22,ΑΠΟΦΑΣΗ ΠΡΟΕΔΡΟΥ ΕΓΚΡΙΣΗΣ ΠΡΑΚΤΙΚΟΥ ΤΗΣ ΕΠΙΤΡΟΠΗΣ ΑΞΙΟΛΟΓΗΣΗΣ ΤΗΣ ΠΡΟΣΦΟΡΑΣ ΚΑΙ ΑΝΑΘΕΣΗΣ,094349547,ΙΑΤΡΙΚΗ ΜΕΡΙΜΝΑ ΚΑΙ ΥΓΕΙΑ ΑΝΩΝ ΕΜΠΟΡΙΚΗ ΚΑΙ ΒΙΟΜΗΧΑΝ ΕΤΑΙΡ ΙΑΤΡΙΚΩΝ ΕΙΔΩΝ,3651.8,33192160-1,1899
9ΘΧ546904Ν-Ζ5Χ,2022-07-22,ΑΠΟΦΑΣΗ ΠΡΟΕΔΡΟΥ ΕΓΚΡΙΣΗΣ ΠΡΑΚΤΙΚΟΥ ΥΠΗΡΕΣΙΕΣ CATERING (AYGOYSTOS),094180805,ΑΦΟΙ ΚΟΜΠΑΤΣΙΑΡΗ ΑΝΩΝΥΜΗ ΕΤΑΙΡΕΙΑ  ΕΚΜΕΤΑΛΕΥΣΕΩΝ ΕΣΤΙΑΤΟΡΙΑ ΤΟΥΡΙΣΤΙΚΕΣ ΕΠΙΧΕΙΡΗΣΕΙΣ,29832.0,55523000-2,0419
Ψ6ΛΦ46904Ν-Τ3Φ,2022-07-21,ΑΠΟΦΑΣΗ ΠΡΟΕΔΡΟΥ  ΕΓΚΡΙΣΗΣ ΠΡΑΚΤΙΚΟΥ ΤΕΧΝΙΚΗΣ-ΟΙΚΟΝΟΜΙΚΗΣ KAI ΔΙΚΑΙΟΛΟΓΗΤΙΚΩΝ ΚΑΤΑΚΥΡΩΣΗΣ,072981517,"ΒΑΡΔΟΥΛΑΚΗΣ,,ΔΗΜΗΤΡΙΟΣ,ΕΜΜΑΝΟΥΗ",14228.58,79713000-5,0419
Ψ5ΡΟ46904Ν-Ρ16,2022-07-14,ΑΠΟΦΑΣΗ ΠΡΟΕΔΡΟΥ ΕΓΚΡΙΣΗΣ ΠΡΑΚΤΙΚΟΥ ΓΙΑ ΑΠΟΒΛΗΤΑ (ΚΟΚΚΙΝΑ),999446618,ΑΠΟΤΕΦΡΩΤΗΡΑΣ ΑΝΩΝΥΜΗ ΕΤΑΙΡΕΙΑ ΑΠΟΤΕΦΡΩΣΗΣ ΑΠΟΡΡΙΜΜΑΤΩΝ,28800.0,90524000-6,0846
Ψ39Α46904Ν-3Δ4,2022-07-14,ΑΠΟΦΑΣΗ ΠΡΟΕΔΡΟΥ ΕΓΚΡΙΣΗΣ ΠΡΑΚΤΙΚΟΥ ΓΙΑ ΔΥΟ (2) ΤΡΑΠΕΖΟΚΟΜΟΥΣ,999909709,ΔΙΟΝΥΣΙΟΣ ΠΑΛΑΙΟΛΟΓΟΣ ΚΑΙ ΣΙΑ ΟΕ,7190.0,55321000-6,0419
9ΟΔ746904Ν-2ΙΔ,2022-07-15,ΑΠΟΦΑΣΗ ΑΝΑΘΕΣΗΣ,099078941,ΜΗΧΑΝΟΛΟΓΙΚΕΣ ΕΦΑΡΜΟΓΕΣ ΕΠΕ,1680.0,,0879-1899
ΩΔ5Δ46904Ν-Κ4Ο,2022-07-06,ΑΠΟΦΑΣΗ ΠΡΟΕΔΡΟΥ ΕΓΚΡΙΣΗΣ ΠΡΑΚΤΙΚΟΥ ΚΑΙ ΚΑΤΑΚΥΡΩΣΗΣ ΓΙΑ ΤΗΝ ΑΝΑΘΕΣΗ ΥΠΗΡΕΣΙΩΝ ΓΙΑ ΤΗΝ ΕΤΗΣΙΑ ΣΥΝΤΗΡΗΣΗ ΤΟΥ ΕΞΟΠΛΙΣΜΟΥ ΤΟΥ ΚΑΤΑΣΚΕΥΑΣΤΙΚΟΥ ΟΙΚΟΥ MILLENSYS ΤΟΥ ΑΚΤΙΝΟΔΙΑΓΝΩΣΤΙΚΟΥ ΤΜΗΜΑΤΟΣ,998860010,ICON DYNAMICS ΙΑΤΡΙΚΑ ΜΗΧΑΝΗΜΑΤΑ ΙΔΙΩΤΙΚΗ ΚΕΦΑΛΑΙΟΥΧΙΚΗ ΕΤΑΙΡΕΙΑ,11800.0,33111000-1,0887
6Τ5346904Ν-Ε7Σ,2022-07-06,ΑΠΟΦΑΣΗ ΠΡΟΕΔΡΟΥ ΕΓΚΡΙΣΗΣ ΠΡΑΚΤΙΚΟΥ ΚΑΙ ΑΝΑΘΕΣΗΣ ΓΙΑ ΤΗΝ ΠΑΡΟΧΗ ΥΠΗΡΕΣΙΩΝ ΚΑΘΑΡΙΟΤΗΤΑΣ ΓΙΑ ΔΙΑΣΤΗΜΑ ΕΝΟΣ (1) ΜΗΝΑ,094510036,ΓΕΝ ΚΑ ΕΤΑΙΡΕΙΑ ΟΛΟΚΛΗΡΩΜΕΝΗΣ ΔΙΑΧΕΙΡΙΣΗΣ ΚΤΗΡΙΑΚΩΝ  ΕΓΚΑΤΑΣΤΑΣΕΩΝ  ΑΝΩΝΥΜΟΣ  ΕΤΑΙΡΕΙΑ,25390.0,90910000-9,0845
ΨΦΟΣ46904Ν-ΦΚ7,2022-07-06,ΕΝΤΟΛΗ ΠΛΗΡΩΜΗΣ 2482-05/07/2022,999508858,MENTORING ΥΠΗΡΕΣΙΕΣ ΕΠΙΧΕΙΡΗΜΑΤΙΚΗΣ ΑΝΑΠΤΥΞΗΣ ΑΝΩΝΥΜΗ ΕΤΑΙΡΕΙΑ,24738.0,,
Ω5ΞΑ46904Ν-83Κ,2022-06-24,ΑΠΟΦΑΣΗ ΠΡΟΕΔΡΟΥ ΕΓΚΡΙΣΗΣ ΤΟΥ ΠΡΑΚΤΙΚΟΥ ΤΗΣ ΕΠΙΤΡΟΠΗΣ ΑΞΙΟΛΟΓΗΣΗΣ ΤΗΣ ΠΡΟΣΦΟΡΑΣ ΓΙΑ ΤΗΝ  ΕΠΙΣΚΕΥΗ-ΑΝΑΒΑΘΜΙΣΗ ΤΩΝ ΠΑΡΑΘΥΡΩΝ ΤΟΥ ΕΝΔΟΣΚΟΠΙΚΟΥ ΤΜΗΜΑΤΟΣ,068323980,"ΣΥΡΙΟΣ,,ΚΩΝΣΤΑΝΤΙΝΟΣ,ΔΗΜΗΤΡΙΟΣ",2715.6,45421100-5,0863-1413
ΩΣΛΖ46904Ν-ΔΤΦ,2022-06-24,"ΑΠΟΦΑΣΗ ΠΡΟΕΔΡΟΥ ΑΝΑΘΕΣΗΣ ΕΡΓΑΣΙΩΝ ΕΛΕΓΧΟΥ ΚΑΛΗΣ ΛΕΙΤΟΥΡΓΙΑΣ ΚΑΙ ΡΥΘΜΙΣΕΩΝ ΡΟΛΟΓΙΟΥ ΤΟΥ ΣΥΣΤΗΜAΤΟΣ OPERA, ΜΕΧΡΙ ΟΛΟΚΛΗΡΩΣΕΩΣ ΤΗΣ ΕΤΗΣΙΑΣ ΔΙΑΓΩΝΙΣΤΙΚΗΣ ΔΙΑΔΙΚΑΣΙΑΣ",094512503,ΑΠΟΣΤΟΛΟΣ ΓΕΩΡΓ ΠΑΠΟΥΔΗΣ ΚΑΙ ΥΙΟΣ ΑΝΩΝΥΜΟΣ ΕΜΠΟΡΙΚΗ ΕΤΑΙΡΙΑ ΑΝΤΙΠΡΟΣΩΠΕΙΕΣ ΕΙΣΑΓΩΓΕΣ ΙΑΤΡΙΚΩΝ ΜΗΧΑΝΗΜΑΤΩΝ,1190.4,50421000-2,0887
6Δ0Γ46904Ν-Π19,2022-06-24,ΑΠΟΦΑΣΗ ΠΡΟΕΔΡΟΥ ΑΝΑΘΕΣΗΣ ΕΡΓΑΣΙΩΝ ΓΙΑ ΤΗΝ ΑΛΛΑΓΗ ΜΗΤΡΙΚΗΣ ΠΛΑΚΕΤΑΣ ΑΠΙΝΙΔΩΤΗ,091569759,ΑΦΟΙ Α ΣΕΛΙΔΗ ΑΝΩΝΥΜΗ ΕΤΑΙΡΙΑ ΕΠΙΣΤΗΜΟΝΙΚΟΥ ΕΞΟΠΛΙΣΜΟΥ,1500.4,33182100-0,0887-1439
ΨΤΔΡ46904Ν-ΔΝΚ,2022-06-21,ΑΠΟΦΑΣΗ ΠΡΟΕΔΡΟΥ ΕΓΚΡΙΣΗΣ ΠΡΑΚΤΙΚΟΥ ΥΠΗΡΕΣΙΕΣ CATERING (IOYΛIOΣ ),094180805,ΑΦΟΙ ΚΟΜΠΑΤΣΙΑΡΗ ΑΝΩΝΥΜΗ ΕΤΑΙΡΕΙΑ  ΕΚΜΕΤΑΛΕΥΣΕΩΝ ΕΣΤΙΑΤΟΡΙΑ ΤΟΥΡΙΣΤΙΚΕΣ ΕΠΙΧΕΙΡΗΣΕΙΣ,24805.04,55523000-2,0419
ΨΦΤΙ46904Ν-ΝΡΝ,2022-06-16,ΑΠΟΦΑΣΗ ΠΡΟΕΔΡΟΥ ΕΓΚΡΙΣΗΣ ΠΡΑΚΤΙΚΟΥ ΚΑΙ ΑΝΑΘΕΣΗΣ ΓΙΑ ΤΗΝ ΠΑΡΟΧΗ ΥΠΗΡΕΣΙΩΝ ΔΙΑΧΕΙΡΙΣΗΣ ΕΠΙΚΙΝΔΥΝΩΝ ΑΠΟΒΛΗΤΩΝ (ΚΙΤΡΙΝΑ) ΠΡΟΣ ΑΠΟΣΤΕΙΡΩΣΗ,999893375,ΕΥΣΤΑΘΙΟΣ Γ ΤΣΙΓΚΡΗΣ ΜΟΝΟΠΡΟΣΩΠΗ ΕΤΑΙΡΕΙΑ ΠΕΡΙΟΡΙΣΜΕΝΗΣ ΕΥΘΥΝΗΣ,14385.0,90524400-0,0846
ΨΦΤΙ46904Ν-ΝΡΝ,2022-06-16,ΑΠΟΦΑΣΗ ΠΡΟΕΔΡΟΥ ΕΓΚΡΙΣΗΣ ΠΡΑΚΤΙΚΟΥ ΚΑΙ ΑΝΑΘΕΣΗΣ ΓΙΑ ΤΗΝ ΠΑΡΟΧΗ ΥΠΗΡΕΣΙΩΝ ΔΙΑΧΕΙΡΙΣΗΣ ΕΠΙΚΙΝΔΥΝΩΝ ΑΠΟΒΛΗΤΩΝ (ΚΙΤΡΙΝΑ) ΠΡΟΣ ΑΠΟΣΤΕΙΡΩΣΗ,801007615,ENVIRONMENT ΔΙΑΧΕΙΡΙΣΗ ΑΠΟΒΛΗΤΩΝ ΙΚΕ,14385.0,90524400-0,0846
6Σ0Δ46904Ν-ΦΞΠ,2022-06-14,ΑΠΟΦΑΣΗ ΠΡΟΕΔΡΟΥ ΕΓΚΡΙΣΗΣ ΠΡΑΚΤΙΚΟΥ ΗΛΕΚΤΡΟΤΕΧΝΙΤΩΝ (310 ΒΑΡΔΙΕΣ),800830648,ΕΡΓΟΔΥΝΑΜΙΚΗ 2030 Ε Ε,26846.0,50700000-2,0419
ΨΖΒΕ46904Ν-Ι0Ρ,2022-06-14,ΑΠΟΦΑΣΗ ΠΡΟΕΔΡΟΥ ΕΓΚΡΙΣΗΣ ΠΡΑΚΤΙΚΟΥ ΓΙΑ ΤΗΝ ΠΑΡΟΧΗ ΥΠΗΡΕΣΙΩΝ ΚΑΘΑΡΙΟΤΗΤΑΣ,094510036,ΓΕΝ ΚΑ ΕΤΑΙΡΕΙΑ ΟΛΟΚΛΗΡΩΜΕΝΗΣ ΔΙΑΧΕΙΡΙΣΗΣ ΚΤΗΡΙΑΚΩΝ  ΕΓΚΑΤΑΣΤΑΣΕΩΝ  ΑΝΩΝΥΜΟΣ  ΕΤΑΙΡΕΙΑ,25390.0,90910000-9,0845
Ψ66Β46904Ν-ΛΩΛ,2022-06-08,"ΑΠΟΦΑΣΗ ΠΡΟΕΔΡΟΥ ΕΓΚΡΙΣΗΣ ΠΡΑΚΤΙΚΟΥ ΓΙΑ ΤΗΝ ΑΝΑΝΕΩΣΗ ΑΔΕΙΑΣ ΧΡΗΣΗΣ ΤΟΥ ΔΙΠΛΟΥ ΚΕΝΤΡΙΚΟΥ ΤΟΙΧΟΥΣ ΠΡΟΣΤΑΣΙΑΣ (FIREWALL) WATCHGUARD M270, ΓΙΑ ΤΙΣ ΑΝΑΓΚΕΣ ΤΟΥ ΝΟΣΟΚΟΜΕΙΟΥ",999481910,ΓΟΥΔΕΒΕΝΟΥ ΚΕΡΚΥΡΑ ΚΑΙ ΣΙΑ ΕΕ,1565.0,,0426
ΨΖΘ046904Ν-ΘΜΟ,2022-06-08,ΑΠΟΦΑΣΗ ΠΡΟΕΔΡΟΥ ΕΓΚΡΙΣΗΣ ΠΡΑΚΤΙΚΟΥ ΓΙΑ ΤΗΝ ΑΝΑΝΕΩΣΗ ΑΔΕΙΩΝ ΧΡΗΣΗΣ (LICENSE) ΤΟΥ ΕΓΚΑΤΕΣΤΗΜΕΝΟΥ ΛΟΓΙΣΜΙΚΟΥ ΤΟΥ ΚΕΝΤΡΙΚΟΥ ΣΥΣΤΗΜΑΤΟΣ BACKUP ΤΩΝ ΚΕΝΤΡΙΚΩΝ SERVERS ΤΟΥ ΝΟΣΟΚΟΜΕΙΟΥ,999481910,ΓΟΥΔΕΒΕΝΟΥ ΚΕΡΚΥΡΑ ΚΑΙ ΣΙΑ ΕΕ,1183.2,,0419
ΨΞΟΗ46904Ν-4ΒΝ,2022-06-07,ΑΠΟΦΑΣΗ ΠΡΟΕΔΡΟΥ ΕΓΚΡΙΣΗΣ ΠΡΑΚΤΙΚΟΥ ΓΙΑ ΕΡΓΑΣΙΕΣ ΕΥΠΡΕΠΙΣΜΟΥ ΤΗΣ Β' ΧΕΙΡΟΥΡΓΙΚΗΣ,800830648,ΕΡΓΟΔΥΝΑΜΙΚΗ 2030 Ε Ε,7899.0,45215100-8,0863
Ψ9ΤΡ46904Ν-Ζ2Ο,2022-06-07,"ΑΠΟΦΑΣΗ ΠΡΟΕΔΡΟΥ ΕΓΚΡΙΣΗΣ ΠΡΑΚΤΙΚΟΥ ΤΗΣ ΕΠΙΤΡΟΠΗΣ ΑΞΙΟΛΟΓΗΣΗΣ ΤΗΣ ΠΡΟΣΦΟΡΑΣ ΓΙΑ ΤΗΝ ΠΑΡΟΧΗ ΥΠΗΡΕΣΙΩΝ ΣΥΝΤΗΡΗΣΗΣ ΤΩΝ ΗΛΕΚΤΡΟΜΗΧΑΝΟΛΟΓΙΚΩΝ ΕΓΚΑΤΑΣΤΑΣΕΩΝ ΤΟΥ Β΄ΚΤΙΡΙΟΥ ΓΙΑ ΤΡΕΙΣ ΜΗΝΕΣ, ΜΕΧΡΙ ΤΗΝ ΟΛΟΚΛΗΡΩΣΗ ΤΗΣ ΕΝ ΕΞΕΛΙΞΕΙ ΔΙΑΓΩΝΙΣΤΙΚΗΣ ΔΙΑΔΙΚΑΣΙΑΣ ΚΑΙ ΑΝΑΘΕΣΗΣ",800830648,ΕΡΓΟΔΥΝΑΜΙΚΗ 2030 Ε Ε,5148.48,45331000-6,0879
6ΞΤΤ46904Ν-ΤΥ5,2022-06-06,ΑΠΟΦΑΣΗ ΠΡΟΕΔΡΟΥ ΑΝΑΘΕΣΗΣ ΓΙΑ  ΕΡΓΑΣΙΕΣ ΕΠΙΣΚΕΥΗ ΤΟΙΧΟΥ ΟΦΘΑΛΜΟΛΟΓΙΚΟΥ,031285730,"ΒΕΡΒΑΙΝΙΩΤΗΣ,,ΣΤΑΥΡΟΣ,ΗΛΙΑΣ",1300.0,,0863
ΨΔΒΠ46904Ν-ΙΑ2,2022-06-01,ΑΠΟΦΑΣΗ ΠΡΟΕΔΡΟΥ ΑΝΑΘΕΣΗΣ ΓΙΑ ΤΗΝ ΑΝΑΘΕΣΗ ΥΠΗΡΕΣΙΩΝ ΣΥΝΤΗΡΗΣΗΣ ΤΩΝ ΑΝΕΛΚΥΣΤΗΡΩΝ ΤΟΥ ΝΟΣΟΚΟΜΕΙΟΥ,099021555,ΒΑΛΣΑΜΙΔΗΣ ΜΟΝΟΠΡΟΣΩΠΗ ΑΝΩΝΥΜΗ ΤΕΧΝΙΚΗ ΕΤΑΙΡΕΙΑ ΑΝΕΛΚΥΣΤΗΡΩΝ,494.0,50750000-7,0879
ΩΔΑΧ46904Ν-Ψ9Π,2022-05-30,ΑΠΟΦΑΣΗ ΠΡΟΕΔΡΟΥ ΑΝΑΘΕΣΗΣ ΕΡΓΑΣΙΩΝ ΕΥΠΡΕΠΙΣΜΟΥ ΤΟΥ ΙΕΡΟΥ ΝΑΟΥ ΤΟΥ ΝΟΣΟΚΟΜΕΙΟΥ,031285730,"ΒΕΡΒΑΙΝΙΩΤΗΣ,,ΣΤΑΥΡΟΣ,ΗΛΙΑΣ",6800.0,45212361-4,0863
ΨΛΨΝ46904Ν-ΔΕ0,2022-05-30,ΑΠΟΦΑΣΗ ΠΡΟΕΔΡΟΥ ΕΓΚΡΙΣΗΣ ΠΡΑΚΤΙΚΟΥ ΓΙΑ ΤΗΝ ΠΑΡΟΧΗ ΥΠΗΡΕΣΙΩΝ ΔΥΟ (02) ΤΡΑΠΕΖΟΚΟΜΩΝ,999909709,ΔΙΟΝΥΣΙΟΣ ΠΑΛΑΙΟΛΟΓΟΣ ΚΑΙ ΣΙΑ ΟΕ,7310.0,55321000-6,0419
957446904Ν-ΘΙΠ,2023-03-23,ΑΠΟΦΑΣΗ ΠΡΟΕΔΡΟΥ ΕΓΚΡΙΣΗΣ ΤΟΥ ΠΡΑΚΤΙΚΟΥ ΑΞΙΟΛΟΓΗΣΗΣ ΤΩΝ  ΠΡΟΣΦΟΡΩΝ ΓΙΑ ΤΗΝ ΑΝΤΙΚΑΤΑΣΤΑΣΗ ΣΑΡΑΝΤΑ ΟΚΤΩ (48) ΣΥΣΣΩΡΕΥΤΩΝ ΣΤΟ UPS TOY ΑΞΟΝΙΚΟΥ ΚΑΙ ΑΝΑΘΕΣΗΣ ΣΤΗΝ ΕΤΑΙΡΕΙΑ,095477672,ACE ΗΛΕΚΤΡΟΝΙΚΑ ΙΣΧΥΟΣ ΜΟΝΟΠΡΟΣΩΠΗ ΕΤΑΙΡΕΙΑ ΠΕΡΙΟΡΙΣΜΕΝΗΣ ΕΥΘΥΝΗΣ,4764.08,31430000-9,1899
6Ε0Τ46904Ν-ΨΩΠ,2023-03-21,ΑΠΟΦΑΣΗ ΠΡΟΕΔΡΟΥ ΑΝΑΘΕΣΗΣ ΤΗΣ ΕΠΙΣΚΕΥΗΣ ΦΟΡΗΤΟΥ ΑΝΑΠΝΕΥΣΤΗΡΑ SIEM ΑΠΟ ΤΗΝ ΑΠΟΚΛΕΙΣΤΙΚΗ ΑΝΤΙΠΡΟΣΩΠΟ ΕΤΑΙΡΕΙΑ,801026390,ΣΙΑΜΟΣ ΑΝΑΣΤΑΣΙΟΣ ΚΑΙ ΣΙΑ ΕΤΕΡΟΡΡΥΘΜΗ ΕΤΑΙΡΕΙΑ,706.8,,0887-1439
67Κ346904Ν-ΦΔ7,2023-03-21,ΑΠΟΦΑΣΗ ΠΡΟΕΔΡΟΥ ΕΓΚΡΙΣΗΣ ΠΡΑΚΤΙΚΟΥ ΚΑΙ ΑΝΑΘΕΣΗΣ ΓΙΑ ΤΗΝ ΠΑΡΟΧΗ ΥΠΗΡΕΣΙΩΝ ΠΑΡΑΣΚΕΥΗΣ ΚΑΙ ΔΙΑΝΟΜΗΣ ΕΤΟΙΜΩΝ ΓΕΥΜΑΤΩΝ ΓΙΑ ΤΗΝ ΣΙΤΙΣΗ ΤΩΝ ΑΣΘΕΝΩΝ ΚΑΙ ΤΟΥ ΠΡΟΣΩΠΙΚΟΥ (ΑΠΡΙΛΙΟΣ),094180805,ΑΦΟΙ ΚΟΜΠΑΤΣΙΑΡΗ ΑΝΩΝΥΜΗ ΕΤΑΙΡΕΙΑ  ΕΚΜΕΤΑΛΕΥΣΕΩΝ ΕΣΤΙΑΤΟΡΙΑ ΤΟΥΡΙΣΤΙΚΕΣ ΕΠΙΧΕΙΡΗΣΕΙΣ,29244.0,55523000-2,0419
ΨΝΤΕ46904Ν-2Ρ6,2023-03-17,ΑΠΟΦΑΣΗ ΠΡΟΕΔΡΟΥ ΕΓΚΡΙΣΗΣ ΠΡΑΚΤΙΚΟΥ ΚΑΙ ΑΝΑΘΕΣΗΣ ΓΙΑ ΤΗΝ ΠΑΡΟΧΗ ΥΠΗΡΕΣΙΩΝ ΚΑΘΑΡΙΟΤΗΤΑΣ ΓΙΑ ΔΙΑΣΤΗΜΑ ΚΑΛΥΨΗΣ ΕΝΟΣ (1) ΜΗΝΑ,997516863,MYSERVICES SECURITY AND FACILITY ΑΝΩΝΥΜΟΣ ΕΤΑΙΡΕΙΑ ΙΔΙΩΤΙΚΗ ΕΠΣΗ ΠΑΡΟΧΗΣ ΥΠΗΡΕΣΙΩΝ ΑΣΦΑΛΕΙΑΣ ΚΑΘΑΡ ΚΑΙ ΑΝΘΡ ΔΥΝΑΜΙΚΟΥ,25050.0,90910000-9,0845
ΨΝΛΛ46904Ν-Ξ6Α,2023-03-14,ΑΠΟΦΑΣΗ ΠΡΟΕΔΡΟΥ ΑΝΑΘΕΣΗΣ ΓΙΑ ΤΗΝ ΠΛΗΡΩΣΗ ΔΕΞΑΜΕΝΗΣ ΥΓΡΟΥ ΟΞΥΓΟΝΟΥ 25.000 m3,094073495,ΤΕΧΝΙΚΑ ΑΕΡΙΑ ΕΛΛΑΔΟΣ ΑΝΩΝΥΜΟΣ ΕΤΑΙΡΙΑ,20150.0,24111500-0,1614
6ΓΒ546904Ν-ΗΨΔ,2023-03-10,ΑΠΟΦΑΣΗ ΠΡΟΕΔΡΟΥ ΑΠΕΥΘΕΙΑΣ ΑΝΑΘΕΣΗΣ ΓΙΑ ΤΗΝ ΑΝΑΝΕΩΣΗ ΣΥΜΒΟΛΑΙΟΥ ΠΙΣΤΟΠΟΙΗΣΗΣ ΠΡΟΤΥΠΟΥ ISO 9001-2015 ΓΙΑ ΤΗΝ ΜΟΝΑΔΑ ΜΑΣΤΟΓΡΑΦΙΑΣ ΤΟΥ ΝΟΣΟΚΟΜΕΙΟΥ,090301769,ΕΘΝΙΚΟ ΚΕΝΤΡΟ ΑΞΙΟΛΟΓΗΣΗΣ ΤΗΣ ΠΟΙΟΤΗΤΑΣ ΚΑΙ ΤΕΧΝΟΛΟΓΙΑΣ ΣΤΗΝ ΥΓΕΙΑ ΑΝΩΝΥΜΟΣ ΕΤΑΙΡΕΙΑ,3000.0,79132000-8,0419
9Κ5Ι46904Ν-7ΩΖ,2023-03-10,ΑΠΟΦΑΣΗ ΠΡΟΕΔΡΟΥ ΕΓΚΡΙΣΗΣ ΤΟΥ ΠΡΑΚΤΙΚΟΥ ΤΗΣ ΕΠΙΤΡΟΠΗΣ ΑΞΙΟΛΟΓΗΣΗΣ ΤΩΝ ΠΡΟΣΦΟΡΩΝ ΓΙΑ ΤΗΝ ΠΡΟΜΗΘΕΙΑ ΗΛΕΚΤΡΟΚΙΝΗΤΩΝ ΚΛΙΝΩΝ ΚΑΙ ΑΝΑΘΕΣΗΣ,999495127,ΛΕΩΝΙΔΑΣ ΨΗΛΙΑΚΟΣ ΚΑΙ ΣΙΑ ΕΤΑΙΡΕΙΑ ΠΕΡΙΟΡΙΣΜΕΝΗΣ ΕΥΘΥΝΗΣ,6919.2,33192120-9,7131
6ΞΠΛ46904Ν-ΧΜΕ,2023-03-10,ΑΠΟΦΑΣΗ ΠΡΟΕΔΡΟΥ ΕΓΚΡΙΣΗΣ ΠΡΑΚΤΙΚΟΥ ΤΗΣ ΕΠΙΤΡΟΠΗΣ ΑΞΙΟΛΟΓΗΣΗΣ ΤΩΝ ΠΡΟΣΦΟΡΩΝ ΓΙΑ ΤΗΝ ΠΡΟΜΗΘΕΙΑ ΚΛΙΒΑΝΟΥ ΘΕΡΜΑΝΣΗΣ ΟΡΩΝ ΚΑΙ ΑΝΑΘΕΣΗΣ,800344879,Χ ΜΠΑΡΜΠΑΣ ΚΑΙ ΣΙΑ ΕΕ,5456.0,33152000-0,7131
9Ο2Π46904Ν-ΖΗΛ,2023-03-07,"ΑΠΟΦΑΣΗ ΠΡΟΕΔΡΟΥ ΕΓΚΡΙΣΗΣ ΠΡΑΚΤΙΚΟΥ ΚΑΙ ΑΝΑΘΕΣΗΣ ΓΙΑ ΤΗΝ ΠΑΡΟΧΗ ΥΠΗΡΕΣΙΩΝ ΔΙΑΧΕΙΡΙΣΗΣ ΕΠΙΚΙΝΔΥΝΩΝ ΑΠΟΒΛΗΤΩΝ (ΚΙΤΡΙΝΑ) ΠΡΟΣ ΑΠΟΣΤΕΙΡΩΣΗ, ΓΙΑ ΤΙΣ ΑΝΑΓΚΕΣ ΤΟΥ ΤΜΗΜΑΤΟΣ ΛΟΙΜΩΞΕΩΝ ΤΟΥ ΝΟΣΟΚΟΜΕΙΟΥ",999893375,ΕΥΣΤΑΘΙΟΣ Γ ΤΣΙΓΚΡΗΣ ΜΟΝΟΠΡΟΣΩΠΗ ΕΤΑΙΡΕΙΑ ΠΕΡΙΟΡΙΣΜΕΝΗΣ ΕΥΘΥΝΗΣ,29240.0,90524400-0,0846
6ΣΑΛ46904Ν-ΑΓΠ,2023-03-06,ΑΠΟΦΑΣΗ ΠΡΟΕΔΡΟΥ ΕΓΚΡΙΣΗΣ ΠΡΑΚΤΙΚΟΥ ΚΑΙ ΑΝΑΘΕΣΗΣ ΓΙΑ ΤΗΝ ΠΑΡΟΧΗ ΥΠΗΡΕΣΙΩΝ ΔΙΑΣΥΝΔΕΣΗΣ ΤΟΥ ΟΛΟΚΛΗΡΩΜΕΝΟΥ ΠΛΗΡΟΦΟΡΙΑΚΟΥ ΥΠΟΣΥΣΤΗΜΑΤΟΣ GI-LAB ΤΟΥ ΙΟΛΟΓΙΚΟΥ ΕΡΓΑΣΤΗΡΙΟΥ ΤΟΥ ΤΜΗΜΑΤΟΣ ΑΙΜΟΔΟΣΙΑΣ ΜΕ ΤΟ ΠΛΗΡΟΦΟΡΙΑΚΟ ΣΥΣΤΗΜΑ ΤΗΣ ΗΔΙΚΑ ΓΙΑ ΤΗΝ ΑΠΟΣΤΟΛΗ ΔΕΔΟΜΕΝΩΝ ΜΕΣΩ WEB SERVICES ΣΤΟ ΨΗΦΙΑΚΟ ΑΠΟΘΕΤΗΡΙΟ ΓΙΑ ΤΗ ΧΟΡΗΓΗΣΗ ΑΠΟΤΕΛΕΣΜΑΤΩΝ ΔΙΑΓΝΩΣΤΙΚΩΝ ΕΡΓΑΣΤΗΡΙΑΚΩΝ ΕΞΕΤΑΣΕΩΝ ΣΕ ΑΣΘΕΝΕΙΣ,095659768,ΠΛΗΡΟΦΟΡΙΚΗ ΕΛΛΑΔΟΣ ΕΤΑΙΡΕΙΑ ΠΕΡΙΟΡΙΣΜ ΕΥΘΥΝΗΣ,2000.0,30237110-3,0426
94ΙΦ46904Ν-ΙΝ3,2023-03-02,ΑΠΟΦΑΣΗ ΠΡΟΕΔΡΟΥ ΟΡΙΣΤΙΚΗΣ ΚΑΤΑΚΥΡΩΣΗΣ ΓΙΑ ΤΗΝ ΠΑΡΟΧΗ ΥΠΗΡΕΣΙΩΝ ΣΥΝΤΗΡΗΣΗΣΗ ΚΗΠΟΥ ΚΑΙ ΠΕΡΙΒΑΛΛΟΝΤΟΣ ΧΩΡΟΥ ΤΟΥ ΝΟΣΟΚΟΜΕΙΟΥ,053435746,"ΠΑΙΝΕΣΗΣ,,ΜΑΡΙΝΟΣ,ΑΘΑΝΑΣΙΟΣ",2580.0,77340000-5,0419
ΨΖ9446904Ν-ΑΟ9,2023-03-01,ΑΠΟΦΑΣΗ ΠΡΟΕΔΡΟΥ ΕΓΚΡΙΣΗΣ ΠΡΑΚΤΙΚΟΥ ΚΑΙ ΑΝΑΘΕΣΗΣ ΓΙΑ ΤΗΝ ΑΝΤΙΚΑΤΑΣΤΑΣΗ ΔΥΟ (2) ΚΥΚΛΟΦΟΡΗΤΩΝ ΚΡΥΟΥ ΝΕΡΟΥ ΤΥΠΟΥ WILO ΜΑΖΙ ΜΕ ΤΟΝ ΚΙΝΗΤΗΡΑ ΚΑΙ ΤΗΝ ΑΝΤΛΙΑ ΤΟΥΣ ΣΤΟ ΜΗΧΑΝΟΦΟΡΟ ΤΟΥ Β΄ ΚΤΗΡΙΟΥ,091096583,ΗΛΕΚΤΡΟΚΛΙΜΑ ΑΘ ΜΠΑΤΑΛΙΑΣ ΚΑΙ ΣΙΑ ΟΕ,5800.0,42943700-5,0899-1439
ΨΔ5946904Ν-Ζ6Μ,2023-02-23,ΑΠΟΦΑΣΗ ΠΡΟΕΔΡΟΥ ΕΓΚΡΙΣΗΣ ΠΡΑΚΤΙΚΟΥ ΚΑΙ ΑΝΑΘΕΣΗΣ ΓΙΑ ΤΗΝ ΠΑΡΟΧΗ ΥΠΗΡΕΣΙΩΝ ΠΑΡΑΣΚΕΥΗΣ ΚΑΙ ΔΙΑΝΟΜΗΣ ΕΤΟΙΜΩΝ ΓΕΥΜΑΤΩΝ ΓΙΑ ΤΗΝ ΣΙΤΙΣΗ ΤΩΝ ΑΣΘΕΝΩΝ ΚΑΙ ΤΟΥ ΠΡΟΣΩΠΙΚΟΥ (ΜΑΡΤΙΟΣ),094180805,ΑΦΟΙ ΚΟΜΠΑΤΣΙΑΡΗ ΑΝΩΝΥΜΗ ΕΤΑΙΡΕΙΑ  ΕΚΜΕΤΑΛΕΥΣΕΩΝ ΕΣΤΙΑΤΟΡΙΑ ΤΟΥΡΙΣΤΙΚΕΣ ΕΠΙΧΕΙΡΗΣΕΙΣ,28437.98,55523000-2,0419
6ΝΧΒ46904Ν-ΩΛΝ,2023-02-16,ΑΠΟΦΑΣΗ ΠΡΟΕΔΡΟΥ ΑΝΑΘΕΣΗΣ ΤΗΣ ΕΠΙΣΚΕΥΗΣ ΟΔΟΝΤΙΑΤΡΙΚΗΣ ΕΔΡΑΣ JOINCHAMP ΣΤΗΝ ΑΠΟΚΛΕΙΣΤΙΚΗ ΑΝΤΙΠΡΟΣΩΠΟ ΕΤΑΙΡΕΙΑ,999913888,EMODENTAL Θ ΔΕΣΥΝΙΩΤΗΣ ΜΟΝΟΠΡΟΣΩΠΗ Ε Π Ε,390.6,,0887
ΩΧΥΜ46904Ν-Δ86,2023-02-08,ΑΠΟΦΑΣΗ ΠΡΟΕΔΡΟΥ ΕΓΚΡΙΣΗΣ ΠΡΑΚΤΙΚΟΥ ΚΑΙ ΑΝΑΘΕΣΗΣ ΥΠΗΡΕΣΙΩΝ ΚΑΘΑΡΙΟΤΗΤΑΣ ΓΙΑ ΕΝΑ ΜΗΝΑ,997516863,MYSERVICES SECURITY AND FACILITY ΑΝΩΝΥΜΟΣ ΕΤΑΙΡΕΙΑ ΙΔΙΩΤΙΚΗ ΕΠΣΗ ΠΑΡΟΧΗΣ ΥΠΗΡΕΣΙΩΝ ΑΣΦΑΛΕΙΑΣ ΚΑΘΑΡ ΚΑΙ ΑΝΘΡ ΔΥΝΑΜΙΚΟΥ,25469.0,,0845
63ΛΨ46904Ν-ΧΑΔ,2023-01-27,ΑΠΟΦΑΣΗ ΠΡΟΕΔΡΟΥ ΑΝΑΘΕΣΗΣ ΓΙΑ ΤΗΝ ΠΡΟΜΗΘΕΙΑ ΑΝΤΙΔΡΑΣΤΗΡΙΩΝ PCR SARS-CoV-2 (ΜΕ ΣΥΝΟΔΟ ΕΞΟΠΛΙΣΜΟ) ΓΙΑ ΤΙΣ ΑΝΑΓΚΕΣ ΤΟΥ ΝΟΣΟΚΟΜΕΙΟΥ (ΟΡΘΗ ΕΠΑΝΑΛΗΨΗ),094047060,ΒΑΡΕΛΑΣ ΑΝΩΝΥΜΗ ΕΤΑΙΡΕΙΑ ΧΗΜΙΚΑ ΚΑΙ ΔΙΑΓΝΩΣΤΙΚΑ,5600.0,33141625-7,1359
6Ν1Σ46904Ν-ΩΨΑ,2023-01-27,ΑΠΟΦΑΣΗ ΠΡΟΕΔΡΟΥ ΑΝΑΘΕΣΗΣ ΓΙΑ ΤΗΝ ΠΛΗΡΩΣΗ ΔΕΞΑΜΕΝΗΣ ΥΓΡΟΥ ΟΞΥΓΟΝΟΥ 35.000 m3,094073495,ΤΕΧΝΙΚΑ ΑΕΡΙΑ ΕΛΛΑΔΟΣ ΑΝΩΝΥΜΟΣ ΕΤΑΙΡΙΑ,28210.0,24111500-0,1614
6ΥΞΓ46904Ν-9Γ9,2023-01-26,ΑΠΟΦΑΣΗ ΠΡΟΕΔΡΟΥ ΑΝΑΘΕΣΗΣ ΤΗΣ ΕΤΗΣΙΑΣ ΣΥΝΤΗΡΗΣΗΣ ΦΟΡΗΤΟΥ ΑΚΤΙΝΟΛΟΓΙΚΟΥ SEDECAL SPS HF -4.0 ΣΤΗΝ ΑΠΟΚΛΕΙΣΤΙΚΗ ΑΝΤΙΠΡΟΣΩΠΟ ΕΤΑΙΡΕΙΑ,800834358,CARDIOSCIENCE P C,902.72,,0887
6Η1846904Ν-ΖΦΝ,2023-01-26,"Την έγκριση του πρακτικού τεχνικής –οικονομικής αξιολόγησης   και η κατακύρωση της πρόσκλησης συλλογής προσφορών «Παροχή υπηρεσιών Συντήρησης κήπου και Περιβάλλοντος χώρου του Νοσοκομείου» για ένα (1)  έτος  , στην Προσωρινά ανάδοχο εταιρεία",053435746,"ΠΑΙΝΕΣΗΣ,,ΜΑΡΙΝΟΣ,ΑΘΑΝΑΣΙΟΣ",2580.0,77310000-6,0419
6ΛΘΠ46904Ν-ΟΦΕ,2023-01-20,ΑΠΟΦΑΣΗ ΠΡΟΕΔΡΟΥ ΕΓΚΡΙΣΗΣ ΠΡΑΚΤΙΚΟΥ ΚΑΙ ΑΝΑΘΕΣΗΣ ΓΙΑ ΤΗΝ ΠΑΡΟΧΗ ΥΠΗΡΕΣΙΩΝ ΠΑΡΑΣΚΕΥΗΣ ΚΑΙ ΔΙΑΝΟΜΗΣ ΕΤΟΙΜΩΝ ΓΕΥΜΑΤΩΝ ΓΙΑ ΤΗΝ ΣΙΤΙΣΗ ΤΩΝ ΑΣΘΕΝΩΝ ΚΑΙ ΤΟΥ ΠΡΟΣΩΠΙΚΟΥ (ΦΕΒΡΟΥΑΡΙΟΣ),094180805,ΑΦΟΙ ΚΟΜΠΑΤΣΙΑΡΗ ΑΝΩΝΥΜΗ ΕΤΑΙΡΕΙΑ  ΕΚΜΕΤΑΛΕΥΣΕΩΝ ΕΣΤΙΑΤΟΡΙΑ ΤΟΥΡΙΣΤΙΚΕΣ ΕΠΙΧΕΙΡΗΣΕΙΣ,29099.8,55523000-2,0419
ΩΝΔΝ46904Ν-0ΧΟ,2023-01-16,ΑΠΟΦΑΣΗ ΠΡΟΕΔΡΟΥ ΑΝΑΘΕΣΗΣ ΤΗΣ ΕΠΙΣΚΕΥΗΣ ΔΙΑΘΕΡΜΙΑΣ ΤΟΥ ΚΑΤΑΣΚΕΥΑΣΤΙΚΟΥ ΟΙΚΟΥ ALSA ΑΠΟ ΤΗΝ ΑΠΟΚΛΕΙΣΤΙΚΗ ΑΝΤΙΠΡΟΣΩΠΟ ΕΤΑΙΡΕΙΑ,094033749,ΙΩΑΝΝΗΣ ΧΡ  ΒΑΜΒΑΣ ΑΝΩΝΥΜΟΣ ΕΜΠΟΡΙΚΗ ΚΑΙ ΒΙΟΜΗΧΑΝΙΚΗ ΕΤΑΙΡΕΙΑ,558.0,,0887
Ψ7ΕΙ46904Ν-61Π,2023-01-12,ΑΠΟΦΑΣΗ ΠΡΟΕΔΡΟΥ ΕΓΚΡΙΣΗΣ ΠΡΑΚΤΙΚΟΥ ΚΑΙ ΑΝΑΘΕΣΗΣ ΓΙΑ ΤΗΝ ΠΑΡΟΧΗ ΥΠΗΡΕΣΙΩΝ ΚΑΘΑΡΙΟΤΗΤΑΣ,997516863,MYSERVICES SECURITY AND FACILITY ΑΝΩΝΥΜΟΣ ΕΤΑΙΡΕΙΑ ΙΔΙΩΤΙΚΗ ΕΠΣΗ ΠΑΡΟΧΗΣ ΥΠΗΡΕΣΙΩΝ ΑΣΦΑΛΕΙΑΣ ΚΑΘΑΡ ΚΑΙ ΑΝΘΡ ΔΥΝΑΜΙΚΟΥ,26597.0,90910000-9,0845
61ΕΞ46904Ν-ΓΦΦ,2023-01-04,ΑΠΟΦΑΣΗ ΠΡΟΕΔΡΟΥ ΑΝΑΘΕΣΗΣ ΓΙΑ ΤΗΝ ΠΡΟΜΗΘΕΙΑ ΑΝΤΙΔΡΑΣΤΗΡΙΩΝ PCR SARS-COV-2 (ΜΕ ΣΥΝΟΔΟ ΕΞΟΠΛΙΣΜΟ) ΓΙΑ ΤΙΣ ΑΝΑΓΚΕΣ ΤΟΥ ΝΟΣΟΚΟΜΕΙΟΥ,094047060,ΒΑΡΕΛΑΣ ΑΝΩΝΥΜΗ ΕΤΑΙΡΕΙΑ ΧΗΜΙΚΑ ΚΑΙ ΔΙΑΓΝΩΣΤΙΚΑ,5600.0,33141625-7,1359
ΨΞΤ046904Ν-ΖΒΣ,2023-01-04,ΑΠΟΦΑΣΗ ΠΡΟΕΔΡΟΥ ΕΓΚΡΙΣΗΣ ΠΡΑΚΤΙΚΟΥ ΚΑΙ ΑΝΑΘΕΣΗΣ ΓΙΑ ΤΗΝ ΠΑΡΟΧΗ ΥΠΗΡΕΣΙΩΝ ΔΙΑΧΕΙΡΙΣΗΣ ΕΠΙΚΙΝΔΥΝΩΝ ΑΠΟΒΛΗΤΩΝ (ΚΙΤΡΙΝΑ) ΠΡΟΣ ΑΠΟΣΤΕΙΡΩΣΗ,999893375,ΕΥΣΤΑΘΙΟΣ Γ ΤΣΙΓΚΡΗΣ ΜΟΝΟΠΡΟΣΩΠΗ ΕΤΑΙΡΕΙΑ ΠΕΡΙΟΡΙΣΜΕΝΗΣ ΕΥΘΥΝΗΣ,29240.0,90524400-0,0846
ΩΧ0Υ46904Ν-ΛΧΡ,2023-01-04,ΑΠΟΦΑΣΗ ΠΡΟΕΔΡΟΥ ΕΓΚΡΙΣΗΣ ΠΡΑΚΤΙΚΟΥ ΚΑΙ ΑΝΑΘΕΣΗΣ ΓΙΑ ΤΗΝ ΠΡΟΜΗΘΕΙΑ ΝΟΣΟΚΟΜΕΙΑΚΩΝ ΧΑΡΤΟΚΥΤΙΩΝ (HOSPITAL BOXES) ΓΙΑ ΔΙΑΧΕΙΡΙΣΗ ΕΠΙΚΙΝΔΥΝΩΝ ΑΠΟΒΛΗΤΩΝ (Ε.Α.Υ.Μ.),099109774,ΔΙΑΓΝΩΣΤΙΚΑ ΑΝΤΙΔΡΑΣΤΗΡΙΑ ΟΡΓΑΝΑ ΝΟΣΟΚΟΜΕΙΑΚΟΣ ΕΞΟΠΛΙΣΜΟΣ ΑΝΩΝΥΜΗ ΕΤΑΙΡΕΙΑ,17850.0,33772000-2,1899
ΨΨΩΓ46904Ν-6Τ8,2023-01-03,ΑΠΟΦΑΣΗ ΠΡΟΕΔΡΟΥ ΕΓΚΡΙΣΗΣ ΠΡΑΚΤΙΚΟΥ ΓΙΑ ΤΗΝ ΠΑΡΟΧΗ ΥΠΗΡΕΣΙΩΝ ΔΙΑΧΕΙΡΙΣΗΣ ΕΠΙΚΙΝΔΥΝΩΝ ΑΠΟΒΛΗΤΩΝ Μ.Ε.Α. (ΚΟΚΚΙΝΑ) - ΑΠΟΤΕΦΡΩΣΗ,999446618,ΑΠΟΤΕΦΡΩΤΗΡΑΣ ΑΝΩΝΥΜΗ ΕΤΑΙΡΕΙΑ ΑΠΟΤΕΦΡΩΣΗΣ ΑΠΟΡΡΙΜΜΑΤΩΝ,22500.0,90524000-6,0846
6Ι9Χ46904Ν-ΧΣΑ,2023-01-03,ΑΠΟΦΑΣΗ ΠΡΟΕΔΡΟΥ ΕΓΚΡΙΣΗΣ ΠΡΑΚΤΙΚΟΥ ΓΙΑ ΤΗΝ ΑΝΑΝΕΩΣΗ ΑΔΕΙΩΝ ΧΡΗΣΗΣ (LICENSES) ΤΟΥ ΕΓΚΑΤΕΣΤΗΜΕΝΟΥ ANTIVIRUS (TREND MICRO OFFICE SCAN SERVER XG) ΚΑΙ ΑΝΑΝΕΩΣΗ ΑΔΕΙΑΣ ΧΡΗΣΗΣ ΛΟΓΙΣΜΙΚΟΥ VMWARE VSPHERE ΤΩΝ ΚΕΝΤΡΙΚΩΝ SERVERS ΤΟΥ ΝΟΣΟΚΟΜΕΙΟΥ,999481910,ΓΟΥΔΕΒΕΝΟΥ ΚΕΡΚΥΡΑ ΚΑΙ ΣΙΑ ΕΕ,2851.5,48760000-3,0419
9ΕΖΛ46904Ν-71Λ,2022-12-28,ΑΠΟΦΑΣΗ ΠΡΟΕΔΡΟΥ ΑΝΑΘΕΣΗΣ ΠΡΟΜΗΘΕΙΑΣ RAPID TEST INFLUEZA A/B,997845150,PROGNOSIS BIOTECH ΑΝΩΝΥΜΗ ΕΤΑΙΡΙΑ,3810.0,,1359
ΨΛΕΓ46904Ν-ΦΝΩ,2022-12-27,"ΑΠΟΦΑΣΗ ΠΡΟΕΔΡΟΥ ΕΓΚΡΙΣΗΣ ΠΡΑΚΤΙΚΟΥ ΤΗΣ ΕΠΙΤΡΟΠΗΣ ΠΑΡΑΛΑΒΗΣ ΚΑΙ ΑΞΙΟΛΟΓΗΣΗΣ ΤΩΝ ΠΡΟΣΦΟΡΩΝ ΓΙΑ ΤΗΝ ΕΠΙΣΚΕΥΗ ΤΗΛΕΧΕΙΡΙΖΟΜΕΝΟΥ ΑΚΤΙΝΟΓΡΑΦΙΚΟΥ - ΑΚΤΙΝΟΣΚΟΠΙΚΟΥ ΣΥΣΤΗΜΑΤΟΣ OPERA, ΑΝΑΘΕΣΗΣ ΣΤΗΝ ΕΤΑΙΡΕΙΑ ΚΑΙ ΟΡΙΣΜΟΥ ΕΠΙΤΡΟΠΗΣ ΠΟΣΟΤΙΚΗΣ ΚΑΙ ΠΟΙΟΤΙΚΗΣ ΠΑΡΑΛΑΒΗΣ ΤΩΝ ΕΙΔΩΝ ΚΑΙ ΕΚΤΕΛΕΣΗΣ ΤΩΝ ΕΡΓΑΣΙΩΝ",094512503,ΑΠΟΣΤΟΛΟΣ ΓΕΩΡΓ ΠΑΠΟΥΔΗΣ ΚΑΙ ΥΙΟΣ ΑΝΩΝΥΜΟΣ ΕΜΠΟΡΙΚΗ ΕΤΑΙΡΙΑ ΑΝΤΙΠΡΟΣΩΠΕΙΕΣ ΕΙΣΑΓΩΓΕΣ ΙΑΤΡΙΚΩΝ ΜΗΧΑΝΗΜΑΤΩΝ,8618.0,,0887
Ψ22Υ46904Ν-ΦΡΝ,2022-12-22,ΑΠΟΦΑΣΗ ΠΡΟΕΔΡΟΥ ΑΝΑΘΕΣΗΣ ΓΙΑ ΤΗΝ ΠΑΡΟΧΗ ΥΠΗΡΕΣΙΩΝ ΕΠΙΣΚΕΥΗΣ ΤΩΝ ΣΤΕΓΩΝ ΣΤΟ ΑΡΧΕΙΟ ΤΟΥ ΝΟΣΟΚΟΜΕΙΟΥ,031285730,"ΒΕΡΒΑΙΝΙΩΤΗΣ,,ΣΤΑΥΡΟΣ,ΗΛΙΑΣ",7600.0,,0863
9ΚΘΗ46904Ν-264,2022-12-22,ΑΠΟΦΑΣΗ ΠΡΟΕΔΡΟΥ ΕΓΚΡΙΣΗΣ ΠΡΑΚΤΙΚΟΥ ΚΑΙ ΑΝΑΘΕΣΗΣ ΓΙΑ ΤΗΝ ΠΑΡΟΧΗ ΥΠΗΡΕΣΙΩΝ ΠΑΡΑΣΚΕΥΗΣ ΚΑΙ ΔΙΑΝΟΜΗΣ ΕΤΟΙΜΩΝ ΓΕΥΜΑΤΩΝ ΓΙΑ ΤΗΝ ΣΙΤΙΣΗ ΤΩΝ ΑΣΘΕΝΩΝ ΚΑΙ ΤΟΥ ΠΡΟΣΩΠΙΚΟΥ (ΙΑΝΟΥΑΡΙΟΣ),094180805,ΑΦΟΙ ΚΟΜΠΑΤΣΙΑΡΗ ΑΝΩΝΥΜΗ ΕΤΑΙΡΕΙΑ  ΕΚΜΕΤΑΛΕΥΣΕΩΝ ΕΣΤΙΑΤΟΡΙΑ ΤΟΥΡΙΣΤΙΚΕΣ ΕΠΙΧΕΙΡΗΣΕΙΣ,29329.6,55523000-2,0419
ΨΚΝ046904Ν-377,2022-12-16,Απόφαση προέδρου έγκρισης του πρακτικού δικαιολογητικών κατακύρωσης  και η κατακύρωση της πρόσκλησης συλλογής προσφορών «για την προμήθεια εξοπλισμού Πληροφορικής (Εκτυπωτές –Πολυμηχανήματα –Ανταλλακτικά,095367575,ΚΟΝΤΗΣ ΜΟΝΟΠΡΟΣΩΠΗ ΕΠΕ,5291.84,,7123
ΨΚΝ046904Ν-377,2022-12-16,Απόφαση προέδρου έγκρισης του πρακτικού δικαιολογητικών κατακύρωσης  και η κατακύρωση της πρόσκλησης συλλογής προσφορών «για την προμήθεια εξοπλισμού Πληροφορικής (Εκτυπωτές –Πολυμηχανήματα –Ανταλλακτικά,999125269,RETHINK ΑΕΒΕ ΕΡΕΥΝΑΣ ΔΙΑΧΕΙΡΙΣΗΣ ΚΑΙ ΑΞΙΟΠΟΙΗΣΗΣ ΥΓΡΩΝ ΚΑΙ ΣΤΕΡΕΩΝ ΑΠΟΒΛΗΤΩΝ ΕΜΠΟΡΙΑΣ ΕΙΔΩΝ ΠΛΗΡΟΦΟΡΙΚΗΣ ΚΑΙ ΑΝΑΚΑΤΑΣΚΕΥ,1527.84,,7123
ΨΜΔΟ46904Ν-ΩΟΥ,2022-12-13,"έγκριση του πρακτικού της επιτροπής αξιολόγησης των προσφορών για την επισκευή λήψεων ιατρικών αερίων, υποβιβαστών-ρυθμιστών οξυγόνου στην Α΄ και Β΄ Χειρουργική του Νοσοκομείου .",999796735,Α ΑΠΟΣΤΟΛΟΥ ΚΑΙ Χ ΔΕΓΕΣΤΙΝΟΣ ΟΜΟΡΡΥΘΜΗ ΕΤΑΙΡΕΙΑ,3200.0,,
ΩΝΦ846904Ν-ΞΩΒ,2022-12-15,"ΑΠΟΦΑΣΗ ΠΡΟΕΔΡΟΥ ΕΓΚΡΙΣΗΣ ΤΟΥ ΠΡΑΚΤΙΚΟΥ ΤΗΣ ΕΠΙΤΡΟΠΗΣ ΑΞΙΟΛΟΓΗΣΗΣ ΤΩΝ ΠΡΟΣΦΟΡΩΝ ΠΡΟΜΗΘΕΙΑΣ ΣΕΤ ΣΤΟΛΩΝ (ΣΙΕΛ), ΑΝΑΘΕΣΗΣ ΣΤΗΝ ΕΤΑΙΡΕΙΑ ΚΑΙ ΟΡΙΣΜΟΥ ΕΠΙΤΡΟΠΗΣ ΠΑΡΑΛΑΒΗΣ ΤΩΝ ΕΙΔΩΝ",094098300,ΥΦΑΝΤΟΥΡΓΕΙΑ Α ΚΑΡΥΠΙΔΗΣ ΑΝΩΝΥΜΟΣ ΒΙΟΜΗΧΑΝΙΚΗ ΕΜΠΟΡΙΚΗ ΕΤΑΙΡΙΑ,1361.92,,1529
ΨΥ1Ι46904Ν-ΚΔΣ,2022-12-15,"ΑΠΟΦΑΣΗ ΠΡΟΕΔΡΟΥ ΕΓΚΡΙΣΗΣ ΤΟΥ ΠΡΑΚΤΙΚΟΥ ΤΗΣ ΕΠΙΤΡΟΠΗΣ ΑΞΙΟΛΟΓΗΣΗΣ ΤΩΝ ΠΡΟΣΦΟΡΩΝ ΠΡΟΜΗΘΕΙΑΣ ΛΕΥΚΩΝ ΣΕΝΤΟΝΙΩΝ, ΑΝΑΘΕΣΗΣ ΣΤΗΝ ΕΤΑΙΡΕΙΑ ΚΑΙ ΟΡΙΣΜΟΥ ΕΠΙΤΡΟΠΗΣ ΠΑΡΑΛΑΒΗΣ ΤΩΝ ΕΙΔΩΝ",094098300,ΥΦΑΝΤΟΥΡΓΕΙΑ Α ΚΑΡΥΠΙΔΗΣ ΑΝΩΝΥΜΟΣ ΒΙΟΜΗΧΑΝΙΚΗ ΕΜΠΟΡΙΚΗ ΕΤΑΙΡΙΑ,8629.16,,1529
Ψ4ΣΞ46904Ν-ΔΨΒ,2022-12-15,"ΑΠΟΦΑΣΗ ΠΡΟΕΔΡΟΥ ΕΓΚΡΙΣΗΣ ΤΟΥ ΠΡΑΚΤΙΚΟΥ ΤΗΣ ΕΠΙΤΡΟΠΗΣ ΑΞΙΟΛΟΓΗΣΗΣ ΤΩΝ ΠΡΟΣΦΟΡΩΝ ΠΡΟΜΗΘΕΙΑΣ ΛΕΥΚΩΝ ΜΑΞΙΛΑΡΟΘΗΚΩΝ, ΣΑΚΩΝ ΑΠΟ ΚΑΡΑΒΟΠΑΝΟ, ΠΡΑΣΙΝΩΝ ΣΕΝΤΟΝΙΩΝ ΧΕΙΡΟΥΡΓΕΙΟΥ, ΠΡΑΣΙΝΩΝ ΤΕΤΡΑΓΩΝΩΝ ΚΑΙ ΛΕΥΚΩΝ ΥΠΟΣΕΝΤΟΝΩΝ, ΑΝΑΘΕΣΗΣ ΣΤΗΝ ΕΤΑΙΡΕΙΑ ΚΑΙ ΟΡΙΣΜΟΥ ΕΠΙΤΡΟΠΗΣ ΠΑΡΑΛΑΒΗΣ ΤΩΝ ΕΙΔΩΝ",094098300,ΥΦΑΝΤΟΥΡΓΕΙΑ Α ΚΑΡΥΠΙΔΗΣ ΑΝΩΝΥΜΟΣ ΒΙΟΜΗΧΑΝΙΚΗ ΕΜΠΟΡΙΚΗ ΕΤΑΙΡΙΑ,5778.25,,1529
Ρ6ΦΜ46904Ν-ΟΩ6,2022-12-12,ΑΠΟΦΑΣΗ ΠΡΟΕΔΡΟΥ ΕΓΚΡΙΣΗΣ ΠΡΑΚΤΙΚΟΥ ΓΙΑ ΤΗΝ ΠΑΡΟΧΗ ΥΠΗΡΕΣΙΩΝ ΚΑΘΑΡΙΟΤΗΤΑΣ ΓΙΑ ΔΙΑΣΤΗΜΑ ΕΝΟΣ (1) ΜΗΝΑ,997516863,MYSERVICES SECURITY AND FACILITY ΑΝΩΝΥΜΟΣ ΕΤΑΙΡΕΙΑ ΙΔΙΩΤΙΚΗ ΕΠΣΗ ΠΑΡΟΧΗΣ ΥΠΗΡΕΣΙΩΝ ΑΣΦΑΛΕΙΑΣ ΚΑΘΑΡ ΚΑΙ ΑΝΘΡ ΔΥΝΑΜΙΚΟΥ,27399.0,,0845
9ΣΣΧ46904Ν-ΖΛΞ,2022-12-08,"ΑΠΟΦΑΣΗ ΠΡΟΕΔΡΟΥ ΑΝΑΘΕΣΗΣ ΕΡΓΑΣΙΩΝ ΕΠΙΣΚΕΥΗΣ HOLTER ΡΥΘΜΟΥ, ΜΟΝΤΕΛΟ FD5PLUS ΤΟΥ ΚΑΤΑΣΚΕΥΑΣΤΙΚΟΥ ΟΙΚΟΥ SCHILLER  ΑΠΟ ΤΗΝ ΑΠΟΚΛΕΙΣΤΙΚΗ ΑΝΤΙΠΡΟΣΩΠΟ ΕΤΑΙΡΕΙΑ",095029193,ΠΑΠΑΠΟΣΤΟΛΟΥ Ν ΑΝΩΝΥΜΗ ΕΤΑΙΡΕΙΑ  ΕΤΑΙΡΕΙΑ ΕΜΠΟΡΙΑΣ ΚΑΙ ΑΝΤΙΠΡΟΣΩΠΕΙΩΝ ΙΑΤΡΙΚΩΝ ΕΡΓΑΛΕΙΩΝ ΚΑΙ ΜΗΧΑΝΗΜΑΤΩΝ,441.94,,1439
6ΗΡΟ46904Ν-ΛΤΔ,2022-12-05,ΑΠΟΦΑΣΗ ΠΡΟΕΔΡΟΥ ΕΓΚΡΙΣΗΣ ΠΡΑΚΤΙΚΟΥ ΤΕΧΝΙΚΗΣ - ΟΙΚΟΝΟΜΙΚΗΣ ΑΞΙΟΛΟΓΗΣΗΣ ΚΑΙ ΚΑΤΑΚΥΡΩΣΗΣ ΓΙΑ ΤΗΝ ΠΡΟΜΗΘΕΙΑ ΕΞΟΠΛΙΣΜΟΥ ΠΛΗΡΟΦΟΡΙΚΗΣ (ΕΚΤΥΠΩΤΕΣ-ΠΟΛΥΜΗΧΑΝΗΜΑΤΑ-ΑΝΤΑΛΛΑΚΤΙΚΑ) ΓΙΑ ΤΗΝ ΚΑΛΥΨΗ ΑΝΑΓΚΩΝ ΤΟΥ ΝΟΣΟΚΟΜΕΙΟΥ ΓΙΑ ΕΝΑ (1) ΕΤΟΣ,999125269,RETHINK ΑΕΒΕ ΕΡΕΥΝΑΣ ΔΙΑΧΕΙΡΙΣΗΣ ΚΑΙ ΑΞΙΟΠΟΙΗΣΗΣ ΥΓΡΩΝ ΚΑΙ ΣΤΕΡΕΩΝ ΑΠΟΒΛΗΤΩΝ ΕΜΠΟΡΙΑΣ ΕΙΔΩΝ ΠΛΗΡΟΦΟΡΙΚΗΣ ΚΑΙ ΑΝΑΚΑΤΑΣΚΕΥ,1527.84,30230000-0,7123
6ΗΡΟ46904Ν-ΛΤΔ,2022-12-05,ΑΠΟΦΑΣΗ ΠΡΟΕΔΡΟΥ ΕΓΚΡΙΣΗΣ ΠΡΑΚΤΙΚΟΥ ΤΕΧΝΙΚΗΣ - ΟΙΚΟΝΟΜΙΚΗΣ ΑΞΙΟΛΟΓΗΣΗΣ ΚΑΙ ΚΑΤΑΚΥΡΩΣΗΣ ΓΙΑ ΤΗΝ ΠΡΟΜΗΘΕΙΑ ΕΞΟΠΛΙΣΜΟΥ ΠΛΗΡΟΦΟΡΙΚΗΣ (ΕΚΤΥΠΩΤΕΣ-ΠΟΛΥΜΗΧΑΝΗΜΑΤΑ-ΑΝΤΑΛΛΑΚΤΙΚΑ) ΓΙΑ ΤΗΝ ΚΑΛΥΨΗ ΑΝΑΓΚΩΝ ΤΟΥ ΝΟΣΟΚΟΜΕΙΟΥ ΓΙΑ ΕΝΑ (1) ΕΤΟΣ,095367575,ΚΟΝΤΗΣ ΜΟΝΟΠΡΟΣΩΠΗ ΕΠΕ,5291.84,30230000-0,7123
Ω5ΡΧ46904Ν-Φ4Ο,2022-11-25,Απόφαση ανάθεσης για την τοποθέτηση καλλύματος στρώματος κλίνης CX20,998825960,ENAMED ΙΑΤΡΙΚΑ ΕΙΔΗ ΜΟΝΟΠΡΟΣΩΠΗ ΕΤΑΙΡΕΙΑ ΠΕΡΙΟΡΙΣΜΕΝΗΣ ΕΥΘΥΝΗΣ,230.0,,0889-1439
ΨΥΛ246904Ν-ΕΧ2,2022-12-01,ΑΠΟΦΑΣΗ ΠΡΟΕΔΡΟΥ ΕΓΚΡΙΣΗΣ ΠΡΑΚΤΙΚΟΥ ΔΙΚΑΙΟΛΟΓΗΤΙΚΩΝ ΚΑΤΑΚΥΡΩΣΗΣ ΚΑΙ ΟΡΙΣΤΙΚΗ ΚΑΤΑΚΥΡΩΣΗ ΣΤΗΝ ΕΤΑΙΡΕΙΑ ΤΖΙΑΧΡΗΣ ΘΕΟΔΩΡΟΣ,151456147,"ΤΖΙΑΧΡΗΣ,,ΘΕΟΔΩΡΟΣ,ΠΑΥΛΟΣ",6801.24,79713000-5,0419
62ΨΘ46904Ν-5ΦΚ,2022-11-25,Απόφαση ανάθεσης για τη συντήρηση διαθερμίας,094504367,ΕΝΔΟΣΚΟΠΙΚΗ ΑΝΩΝΥΜΟΣ ΕΜΠΟΡΙΚΗ ΕΤΑΙΡΕΙΑ ΙΑΤΡΙΚΩΝ ΕΙΔΩΝ,760.0,,0887
ΡΠΒΗ46904Ν-ΔΥ6,2022-11-24,ΑΠΟΦΑΣΗ ΠΡΟΕΔΡΟΥ ΕΓΚΡΙΣΗΣ ΠΡΑΚΤΙΚΟΥ ΚΑΙ ΑΝΑΘΕΣΗΣ ΓΙΑ ΤΗΝ ΠΑΡΟΧΗ ΥΠΗΡΕΣΙΩΝ ΠΑΡΑΣΚΕΥΗΣ ΚΑΙ ΔΙΑΝΟΜΗΣ ΕΤΟΙΜΩΝ ΓΕΥΜΑΤΩΝ ΓΙΑ ΤΗΝ ΣΙΤΙΣΗ ΤΩΝ ΑΣΘΕΝΩΝ ΚΑΙ ΤΟΥ ΠΡΟΣΩΠΙΚΟΥ (ΔΕΚΕΜΒΡΙΟΣ),094180805,ΑΦΟΙ ΚΟΜΠΑΤΣΙΑΡΗ ΑΝΩΝΥΜΗ ΕΤΑΙΡΕΙΑ  ΕΚΜΕΤΑΛΕΥΣΕΩΝ ΕΣΤΙΑΤΟΡΙΑ ΤΟΥΡΙΣΤΙΚΕΣ ΕΠΙΧΕΙΡΗΣΕΙΣ,29329.6,55523000-2,0419
66ΤΓ46904Ν-8Ο8,2022-11-18,ΑΠΟΦΑΣΗ ΠΡΟΕΔΡΟΥ ΕΓΚΡΙΣΗΣ ΠΡΑΚΤΙΚΟΥ ΚΑΙ ΑΝΑΘΕΣΗΣ ΣΥΝΤΗΡΗΣΗΣ ΤΩΝ ΑΠΟΧΕΤΕΥΤΙΚΩΝ ΚΑΙ  ΟΜΒΡΙΩΝ ΕΓΚΑΤΑΣΤΑΣΕΩΝ ΤΟΥ ΝΟΣΟΚΟΜΕΙΟΥ,800830648,ΕΡΓΟΔΥΝΑΜΙΚΗ 2030 Ε Ε,2799.0,45255600-5,0879
65ΥΤ46904Ν-ΧΕΩ,2022-11-18,ΑΠΟΦΑΣΗ ΠΡΟΕΔΡΟΥ ΕΓΚΡΙΣΗΣ ΠΡΑΚΤΙΚΟΥ ΔΙΚΑΙΟΛΟΓΗΤΙΚΩΝ ΚΑΤΑΚΥΡΩΣΗΣ ΚΑΙ ΟΡΙΣΤΙΚΗΣ ΚΑΤΑΚΥΡΩΣΗΣ,801589893,ΤΕΧΝΙΚΗ ΚΑΙ ΕΜΠΟΡΙΚΗ ΕΠΙΧΕΙΡΗΣΗ Ε Ε,24680.0,45317000-2,0863
6Η9Υ46904Ν-ΒΥΨ,2022-11-18,ΑΠΟΦΑΣΗ ΠΡΟΕΔΡΟΥ ΕΓΚΡΙΣΗΣ ΠΡΑΚΤΙΚΟΥ ΔΙΚΑΙΟΛΟΓΗΤΙΚΩΝ ΚΑΤΑΚΥΡΩΣΗΣ ΚΑΙ ΟΡΙΣΤΙΚΗΣ ΚΑΤΑΚΥΡΩΣΗΣ,801589893,ΤΕΧΝΙΚΗ ΚΑΙ ΕΜΠΟΡΙΚΗ ΕΠΙΧΕΙΡΗΣΗ Ε Ε,19275.0,45317000-2,0863
ΨΦ1Τ46904Ν-ΛΞ7,2022-11-17,"ΑΠΟΦΑΣΗ ΠΡΟΕΔΡΟΥ ΕΓΚΡΙΣΗΣ ΕΓΓΡΑΦΟΥ ΓΙΑ ΤΗΝ ΠΡΟΜΗΘΕΙΑ ΦΟΡΕΙΟΥ ΜΕΤΑΦΟΡΑΣ ΑΣΘΕΝΩΝ ΜΕΤΑΒΛΗΤΟΥ ΥΨΟΥΣ, ΑΝΑΘΕΣΗΣ ΣΤΗΝ ΕΤΑΙΡΕΙΑ, ΕΓΚΡΙΣΗΣ ΤΟΥ ΙΔΙΩΤΙΚΟΥ ΣΥΜΦΩΝΗΤΙΚΟΥ ΚΑΙ ΟΡΙΣΜΟΥ ΕΠΙΤΡΟΠΗΣ ΠΟΣΟΤΙΚΗΣ ΚΑΙ ΠΟΙΟΤΙΚΗΣ ΠΑΡΑΛΑΒΗΣ",999495127,ΛΕΩΝΙΔΑΣ ΨΗΛΙΑΚΟΣ ΚΑΙ ΣΙΑ ΕΤΑΙΡΕΙΑ ΠΕΡΙΟΡΙΣΜΕΝΗΣ ΕΥΘΥΝΗΣ,3335.6,,1899
9Ψ4846904Ν-ΙΤΡ,2022-11-17,ΑΠΟΦΑΣΗ ΠΡΟΕΔΡΟΥ ΑΝΑΘΕΣΗΣ ΓΙΑ ΤΗΝ ΠΡΟΜΗΘΕΙΑ ΤΑΙΝΙΩΝ ΜΕΤΡΗΣΗΣ ΣΑΚΧΑΡΟΥ,094322455,MENARINI ΔΙΑΓΝΩΣΤΙΚΑ ΙΑΤΡΙΚΑ ΟΡΓΑΝΑ ΑΕΒΕ,5989.0,30192200-3,1311
ΨΣΙΣ46904Ν-ΘΛ7,2022-11-17,"ΑΠΟΦΑΣΗ ΠΡΟΕΔΡΟΥ ΕΓΚΡΙΣΗΣ ΤΟΥ ΠΡΑΚΤΙΚΟΥ ΤΗΣ ΕΠΙΤΡΟΠΗΣ ΠΑΡΑΛΑΒΗΣ ΚΑΙ ΑΞΙΟΛΟΓΗΣΗΣ ΤΩΝ ΠΡΟΣΦΟΡΩΝ ΓΙΑ ΤΗΝ ΕΠΙΣΚΕΥΗ ΨΥΧΟΜΕΝΗΣ ΦΥΓΟΚΕΝΤΡΟΥ, ΑΝΑΘΕΣΗΣ ΣΤΗΝ ΕΤΑΙΡΕΙΑ, ΕΓΚΡΙΣΗΣ ΤΟΥ ΙΔΙΩΤΙΚΟΥ ΣΥΜΦΩΝΗΤΙΚΟΥ ΚΑΙ ΟΡΙΣΜΟΥ ΕΠΙΤΡΟΠΗΣ ΠΟΣΟΤΙΚΗΣ ΚΑΙ ΠΟΙΟΤΙΚΗΣ ΠΑΡΑΛΑΒΗΣ",094143441,ΑΝΑΛΥΤΙΚΕΣ ΣΥΣΚΕΥΕΣ ΑΝΩΝΥΜΗ ΕΤΑΙΡΕΙΑ,3672.88,42931000-1,0887-1439
66ΛΛ46904Ν-4ΡΙ,2022-11-14,ΑΠΟΦΑΣΗ ΠΡΟΕΔΡΟΥ ΕΓΚΡΙΣΗΣ ΠΡΑΚΤΙΚΟΥ ΚΑΙ ΑΝΑΘΕΣΗΣ ΓΙΑ ΤΗΝ ΠΑΡΟΧΗ ΥΠΗΡΕΣΙΩΝ ΔΙΑΧΕΙΡΙΣΗΣ ΕΠΙΚΙΝΔΥΝΩΝ ΑΠΟΒΛΗΤΩΝ (ΚΙΤΡΙΝΑ) ΠΡΟΣ ΑΠΟΣΤΕΙΡΩΣΗ,999893375,ΕΥΣΤΑΘΙΟΣ Γ ΤΣΙΓΚΡΗΣ ΜΟΝΟΠΡΟΣΩΠΗ ΕΤΑΙΡΕΙΑ ΠΕΡΙΟΡΙΣΜΕΝΗΣ ΕΥΘΥΝΗΣ,26895.0,90524400-0,0846
6Κ7Ζ46904Ν-Α9Ζ,2022-11-09,αποφαση προεδρου εγκρισησ πρακτικού,094510036,ΓΕΝ ΚΑ ΕΤΑΙΡΕΙΑ ΟΛΟΚΛΗΡΩΜΕΝΗΣ ΔΙΑΧΕΙΡΙΣΗΣ ΚΤΗΡΙΑΚΩΝ  ΕΓΚΑΤΑΣΤΑΣΕΩΝ  ΑΝΩΝΥΜΟΣ  ΕΤΑΙΡΕΙΑ,25390.0,,0845
6ΟΡΞ46904Ν-Υ3Ψ,2022-11-03,ΑΠΟΦΑΣΗ ΠΡΟΕΔΡΟΥ ΑΝΑΘΕΣΗΣ ΓΙΑ ΤΗΝ ΠΡΟΜΗΘΕΙΑ RAPID TEST COVID 19 ΓΙΑ ΤΟ ΤΜΗΜΑ ΜΙΚΡΟΒΙΟΛΟΓΙΚΟΥ ΤΟΥ ΝΟΣΟΚΟΜΕΙΟΥ,997845150,PROGNOSIS BIOTECH ΑΝΩΝΥΜΗ ΕΤΑΙΡΙΑ,564.0,33141625-7,1359
6ΞΥΖ46904Ν-ΖΒΙ,2022-10-26,ΑΠΟΦΑΣΗ ΠΡΟΕΔΡΟΥ ΕΓΚΡΙΣΗΣ ΠΡΑΚΤΙΚΟΥ ΓΙΑ ΤΗΝ ΤΟΠΟΘΕΤΗΣΗ ΕΣΧΑΡΑΣ ΑΠΟΡΡΟΗΣ ΥΔΑΤΩΝ ΣΤΟΝ ΧΩΡΟ ΤΩΝ ΤΑΚΤΙΚΩΝ ΙΑΤΡΕΙΩΝ,031285730,"ΒΕΡΒΑΙΝΙΩΤΗΣ,,ΣΤΑΥΡΟΣ,ΗΛΙΑΣ",992.0,,0863
Ω84Δ46904Ν-Ι3Η,2022-10-26,ΑΠΟΦΑΣΗ ΠΡΟΕΔΡΟΥ ΕΓΚΡΙΣΗΣ ΠΡΑΚΤΙΚΟΥ ΓΙΑ ΤΗΝ ΕΠΙΣΚΕΥΗ ΤΟΥ ΕΞΩΤΕΡΙΚΟΥ ΣΤΕΓΑΣΤΡΟΥ ΣΤΟ ΜΙΚΡΟΒΙΟΛΟΓΙΚΟ ΤΜΗΜΑ ΤΟΥ ΚΤΙΡΙΟΥ Δ',031285730,"ΒΕΡΒΑΙΝΙΩΤΗΣ,,ΣΤΑΥΡΟΣ,ΗΛΙΑΣ",2480.0,,0863-1413
ΩΑΞΜ46904Ν-6ΥΠ,2022-10-26,ΑΠΟΦΑΣΗ ΠΡΟΕΔΡΟΥ ΕΓΚΡΙΣΗΣ ΠΡΑΚΤΙΚΟΥ ΓΙΑ ΤΗΝ ΕΠΙΣΚΕΥΗ ΤΗΣ ΟΡΟΦΗΣ ΚΑΙ ΤΗΣ ΤΟΙΧΟΠΟΙΙΑΣ ΤΟΥ ΤΑΚΤΙΚΟΥ ΧΕΙΡΟΥΡΓΕΙΟΥ ΚΑΙ ΑΝΑΘΕΣΗΣ ΣΤΗΝ  ΕΤΑΙΡΕΙΑ,031285730,"ΒΕΡΒΑΙΝΙΩΤΗΣ,,ΣΤΑΥΡΟΣ,ΗΛΙΑΣ",992.0,,0863
ΨΒΒΤ46904Ν-9ΩΦ,2022-10-25,ΑΠΟΦΑΣΗ ΠΡΟΕΔΡΟΥ ΕΓΚΡΙΣΗΣ ΠΡΑΚΤΙΚΟΥ ΗΛΕΚΤΡΟΤΕΧΝΙΤΩΝ (310 ΒΑΡΔΙΕΣ),800830648,ΕΡΓΟΔΥΝΑΜΙΚΗ 2030 Ε Ε,26904.9,50700000-2,0419
ΨΝΑΣ46904Ν-Ψ65,2022-10-25,ΑΠΟΦΑΣΗ ΠΡΟΕΔΡΟΥ ΕΓΚΡΙΣΗΣ ΠΡΑΚΤΙΚΟΥ ΚΑΙ ΑΝΑΘΕΣΗΣ ΓΙΑ ΤΗΝ ΠΑΡΟΧΗ ΥΠΗΡΕΣΙΩΝ ΠΑΡΑΣΚΕΥΗΣ ΚΑΙ ΔΙΑΝΟΜΗΣ ΕΤΟΙΜΩΝ ΓΕΥΜΑΤΩΝ ΓΙΑ ΤΗΝ ΣΙΤΙΣΗ ΤΩΝ ΑΣΘΕΝΩΝ ΚΑΙ ΤΟΥ ΠΡΟΣΩΠΙΚΟΥ (ΝΟΕΜΒΡΙΟΣ),094180805,ΑΦΟΙ ΚΟΜΠΑΤΣΙΑΡΗ ΑΝΩΝΥΜΗ ΕΤΑΙΡΕΙΑ  ΕΚΜΕΤΑΛΕΥΣΕΩΝ ΕΣΤΙΑΤΟΡΙΑ ΤΟΥΡΙΣΤΙΚΕΣ ΕΠΙΧΕΙΡΗΣΕΙΣ,29193.0,55523000-2,0419
684Ρ46904Ν-ΔΚΖ,2023-08-18,ΑΠΟΦΑΣΗ ΠΡΟΕΔΡΟΥ ΕΓΚΡΙΣΗΣ ΠΡΑΚΤΙΚΟΥ ΚΑΙ ΑΝΑΘΕΣΗΣ ΓΙΑ ΤΗΝ ΠΡΟΜΗΘΕΙΑ ΦΟΡΕΙΩΝ ΜΕΤΑΦΟΡΑΣ ΑΣΘΕΝΩΝ ΒΑΡΕΩΣ ΤΥΠΟΥ ΜΕ ΥΔΡΑΥΛΙΚΗ ΑΝΥΨΩΣΗ,998618379,ΔΕΜΕΡΤΖΗ Μ ΚΑΙ ΣΙΑ ΕΕ,3400.0,33192160-1,1899
ΨΒΘ346904Ν-5ΝΧ,2023-08-11,"ΑΠΟΦΑΣΗ ΠΡΟΕΔΡΟΥ ΕΓΚΡΙΣΗΣ ΠΡΑΚΤΙΚΟΥ ΚΑΙ ΑΝΑΘΕΣΗΣ ΓΙΑ ΤΗΝ ΠΡΟΜΗΘΕΙΑ 1 ΜΗΧΑΝΗΜΑΤΟΣ ΜΕΤΡΗΣΗΣ ΓΛΥΚΟΖΥΛΙΩΜΕΝΗΣ ΑΙΜΟΣΦΑΙΡΙΝΗΣ Hba1c/ΛΟΓΟΥ ΑΛΒΑ, 1 ΚΙΤ ΜΕΤΡΗΣΗΣ ΓΛΥΚΟΖΥΛΙΩΜΕΝΗΣ ΑΙΜΟΣΦΑΙΡΙΝΗΣ Hba1c, 1 ΚΙΤ ΜΕΤΡΗΣΗΣ ΑΛΒΟΥΜΙΝΗΣ-ΚΡΕΑΤΙΝΙΝΗΣ",094322455,MENARINI ΔΙΑΓΝΩΣΤΙΚΑ ΙΑΤΡΙΚΑ ΟΡΓΑΝΑ ΑΕΒΕ,7999.45,38410000-2,1359-7131
ΩΜ3Μ46904Ν-Χ4Π,2023-08-11,ΑΠΟΦΑΣΗ ΠΡΟΕΔΡΟΥ ΕΓΚΡΙΣΗΣ ΠΡΑΚΤΙΚΟΥ ΚΑΙ ΑΝΑΘΕΣΗΣ ΓΙΑ ΤΗΝ ΠΑΡΟΧΗ ΥΠΗΡΕΣΙΩΝ ΠΛΥΣΗΣ ΑΚΑΘΑΡΤΟΥ ΙΜΑΤΙΣΜΟΥ (3ΜΗΝΟ),997672233,ΑΝΔΡΕΑΣ ΠΑΠΑΓΙΑΝΝΗΣ ΚΑΙ ΥΙΟΣ ΑΝΩΝΥΜΟΣ ΕΜΠΟΡΙΚΗ ΚΑΙ ΒΙΟΜΗΧΑΝΙΚΗ ΕΤΑΙΡΕΙΑ ΜΗΧΑΝΙΚΩΝ ΠΛΥΝΤΗΡΙΩΝ ΙΜΑΤΙΣΜΟΥ ΤΑΠΗΤΩΝ ΚΑΙ ΟΜΟΙΩ,25455.76,98310000-9,0843
9ΗΣΑ46904Ν-ΟΣΕ,2023-08-11,ΑΠΟΦΑΣΗ ΠΡΟΕΔΡΟΥ ΕΓΚΡΙΣΗΣ ΠΡΑΚΤΙΚΟΥ ΚΑΙ ΑΝΑΘΕΣΗΣ ΓΙΑ ΤΗΝ ΠΑΡΟΧΗ ΥΠΗΡΕΣΙΩΝ ΚΑΘΑΡΙΟΤΗΤΑΣ,996589476,MYSERVICES Α Ε ΠΑΡΟΧΗΣ ΥΠΗΡΕΣΙΩΝ ΛΕΙΤΟΥΡΓ ΥΠΟΣΤ ΚΤΙΡ ΥΠΟΣΤ ΔΙΟΙΚ ΥΠΟΣΤ ΞΕΝ ΥΠΟΣΤ ΔΙΑΝΟΜΗΣ ΓΕΥΜΑΤΩΝ ΙΔ ΕΠΙΧ ΠΑΡ ΥΠΗΡ ΑΣΦ,28800.0,90910000-9,0845
ΨΒΝ346904Ν-1ΡΝ,2023-08-03,ΑΠΟΦΑΣΗ ΠΡΟΕΔΡΟΥ ΑΝΑΘΕΣΗΣ ΥΠΗΡΕΣΙΩΝ ΜΑΓΝΗΤΟΦΩΝΗΣΗΣ - ΑΠΟΜΑΓΝΗΤΟΦΩΝΗΣΗΣ ΤΩΝ ΠΡΑΚΤΙΚΩΝ ΣΥΝΕΔΡΙΑΣΕΩΝ ΤΟΥ Δ.Σ.,997883731,Χ ΚΟΝΔΥΛΗ Α ΠΑΡΑΣΚΕΥΟΠΟΥΛΟΥ ΟΕ,806.45,72310000-1,0419
68ΒΒ46904Ν-9ΗΣ,2023-08-02,AΠΟΦΑΣΗ ΠΡΟΕΔΡΟΥ ΕΓΚΡΙΣΗΣ ΠΡΑΚΤΙΚΟΥ ΚΑΙ ΑΝΑΘΕΣΗΣ ΠΡΟΜΗΘΕΙΑΣ ΚΛΙΜΑΤΙΣΤΙΚΩΝ,800830648,ΕΡΓΟΔΥΝΑΜΙΚΗ 2030 Ε Ε,2399.0,,7112
ΡΒΞ846904Ν-8Φ9,2023-07-19,ΑΠΟΦΑΣΗ ΠΡΟΕΔΡΟΥ ΑΝΑΘΕΣΗΣ ΓΙΑ ΤΗΝ ΕΠΙΣΚΕΥΗ ΔΥΟ ΗΛΕΚΤΡΟΚΙΝΗΤΩΝ ΚΛΙΝΩΝ ΑΠΟ ΤΗΝ ΑΠΟΚΛΕΙΣΤΙΚΗ ΑΝΤΙΠΡΟΣΩΠΟ ΕΤΑΙΡΕΙΑ,801875363,LIONMED ΜΟΝΟΠΡΟΣΩΠΗ Ι Κ Ε,1292.25,,0889-1439
9ΛΘ046904Ν-772,2023-07-24,ΑΠΟΦΑΣΗ ΠΡΟΕΔΡΟΥ ΕΓΚΡΙΣΗΣ ΠΡΑΚΤΙΚΟΥ ΚΑΙ ΑΝΑΘΕΣΗΣ ΓΙΑ ΤΗΝ ΠΑΡΟΧΗ ΥΠΗΡΕΣΙΩΝ ΔΙΑΧΕΙΡΙΣΗΣ ΕΠΙΚΙΝΔΥΝΩΝ ΑΠΟΒΛΗΤΩΝ (ΚΙΤΡΙΝΑ ),999893375,ΕΥΣΤΑΘΙΟΣ Γ ΤΣΙΓΚΡΗΣ ΜΟΝΟΠΡΟΣΩΠΗ ΕΤΑΙΡΕΙΑ ΠΕΡΙΟΡΙΣΜΕΝΗΣ ΕΥΘΥΝΗΣ,29240.0,,0846
6ΒΜΛ46904Ν-Π2Υ,2023-07-24,ΑΠΟΦΑΣΗ ΠΡΟΕΔΡΟΥ ΕΓΚΡΙΣΗΣ ΠΡΑΚΤΙΚΟΥΚΑΙ ΑΝΑΘΕΣΗΣ ΠΡΟΜΗΘΕΙΑΣ ΕΤΟΙΜΩΝ ΓΕΥΜΑΤΩΝ,094180805,ΑΦΟΙ ΚΟΜΠΑΤΣΙΑΡΗ ΑΝΩΝΥΜΗ ΕΤΑΙΡΕΙΑ  ΕΚΜΕΤΑΛΕΥΣΕΩΝ ΕΣΤΙΑΤΟΡΙΑ ΤΟΥΡΙΣΤΙΚΕΣ ΕΠΙΧΕΙΡΗΣΕΙΣ,29679.4,,1511
6Η2Ξ46904Ν-ΙΧ1,2023-07-17,ΑΠΟΦΑΣΗ ΠΡΟΕΔΡΟΥ ΕΓΚΡΙΣΗΣ ΠΡΑΚΤΙΚΟΥ ΚΑΙ ΑΝΑΘΕΣΗΣ,999913888,EMODENTAL Θ ΔΕΣΥΝΙΩΤΗΣ ΜΟΝΟΠΡΟΣΩΠΗ Ε Π Ε,800.0,,0887
991Ο46904Ν-ΡΙ2,2023-07-21,ΑΠΟΦΑΣΗ ΠΡΟΕΔΡΟΥ ΑΝΑΘΕΣΗΣ ΓΙΑ ΤΗΝ ΑΛΛΑΓΗ ΤΩΝ ΦΙΛΤΡΩΝ ΤΟΥ ΑΠΑΓΩΓΟΥ ΣΤΟ ΧΩΡΟ ΤΩΝ ΙΣΤΟΛΗΨΙΩΝ,099078941,ΜΗΧΑΝΟΛΟΓΙΚΕΣ ΕΦΑΡΜΟΓΕΣ ΕΠΕ,2083.2,,0887-1439
6Ο9Χ46904Ν-54Ε,2023-07-18,ΑΠΟΦΑΣΗ ΠΡΟΕΔΡΟΥ ΑΝΑΘΕΣΗΣ ΥΠΗΡΕΣΙΩΝ ΚΑΘΑΡΙΟΤΗΤΑΣ,996589476,MYSERVICES Α Ε ΠΑΡΟΧΗΣ ΥΠΗΡΕΣΙΩΝ ΛΕΙΤΟΥΡΓ ΥΠΟΣΤ ΚΤΙΡ ΥΠΟΣΤ ΔΙΟΙΚ ΥΠΟΣΤ ΞΕΝ ΥΠΟΣΤ ΔΙΑΝΟΜΗΣ ΓΕΥΜΑΤΩΝ ΙΔ ΕΠΙΧ ΠΑΡ ΥΠΗΡ ΑΣΦ,2880100.0,,0845
6ΣΔ946904Ν-ΧΡΛ,2023-07-18,ΑΠΟΦΑΣΗ ΠΡΟΕΔΡΟΥ ΑΝΑΘΕΣΗΣ ΕΡΓΑΣΙΩΝ ΛΟΓΩ ΘΕΡΙΝΗΣ ΔΙΑΚΟΠΗΣ,055182469,"ΑΝΑΣΤΑΣΙΟΥ,,ΣΤΑΥΡΟΣ,ΒΑΣΙΛΕΙΟΣ",22610.0,,0863-1413
9Μ2046904Ν-ΣΑ2,2023-07-17,ΑΠΟΦΑΣΗ ΠΡΟΕΔΡΟΥ ΑΝΑΘΕΣΗΣ ΓΙΑ ΤΗΝ ΠΛΗΡΩΣΗ ΔΕΞΑΜΕΝΩΝ ΥΓΡΟΥ ΟΞΥΓΟΝΟΥ 30.000 m3,094073495,ΤΕΧΝΙΚΑ ΑΕΡΙΑ ΕΛΛΑΔΟΣ ΑΝΩΝΥΜΟΣ ΕΤΑΙΡΙΑ,24180.0,,1614
Ψ35Η46904Ν-9ΙΗ,2023-07-14,ΑΠΟΦΑΣΗ ΠΡΟΕΔΡΟΥ ΕΓΚΡΙΣΗΣ ΠΡΑΚΤΙΚΟΥ ΚΑΙ ΑΝΑΘΕΣΗΣ ΓΙΑ ΤΗΝ ΠΑΡΟΧΗ ΥΠΗΡΕΣΙΩΝ ΕΥΠΡΕΠΙΣΜΟΥ ΤΟΥ ΠΑΤΑΡΙΟΥ ΚΑΙ ΤΟΥ ΑΝΤΙΣΤΟΙΧΟΥ ΚΛΙΜΑΚΟΣΤΑΣΙΟΥ ΤΗΣ Β΄ ΧΕΙΡΟΥΡΓΙΚΗΣ ΚΛΙΝΙΚΗΣ (ΘΕΡΙΝΗ),801220499,Π Π ΚΑΤΑΣΚΕΥΑΣΤΙΚΗ Ο Ε,4180.0,,0863-1413
6ΠΥΠ46904Ν-ΜΛΟ,2023-07-14,ΑΠΟΦΑΣΗ ΠΡΟΕΔΡΟΥ ΕΓΚΡΙΣΗΣ ΠΡΑΚΤΙΚΟΥ ΚΑΙ ΑΝΑΘΕΣΗΣ ΓΙΑ ΕΡΓΑΣΙΕΣ ΕΠΙΣΚΕΥΗΣ-ΣΥΝΤΗΡΗΣΗΣ-ΤΟΠΟΘΕΤΗΣΗΣ ΤΩΝ ΑΠΑΙΤΟΥΜΕΝΩΝ ΛΗΨΕΩΝ (ΘΕΡΙΝΗ),999796735,Α ΑΠΟΣΤΟΛΟΥ ΚΑΙ Χ ΔΕΓΕΣΤΙΝΟΣ ΟΜΟΡΡΥΘΜΗ ΕΤΑΙΡΕΙΑ,12000.0,42931130-1,0879
9Η9Δ46904Ν-ΚΦΚ,2023-07-14,ΑΠΟΦΑΣΗ ΠΡΟΕΔΡΟΥ ΕΓΚΡΙΣΗΣ ΠΡΑΚΤΙΚΟΥ ΚΑΙ ΑΝΑΘΕΣΗΣ ΓΙΑ ΤΗΝ ΠΑΡΟΧΗ ΥΠΗΡΕΣΙΩΝ ΕΦΑΠΑΞ ΣΥΝΤΗΡΗΣΗΣ ΤΩΝ ΗΛΕΚΤΡΟΜΗΧΑΝΟΛΟΓΙΚΩΝ ΕΓΚΑΤΑΣΤΑΣΕΩΝ ΤΟΥ Β΄ ΚΤΙΡΙΟΥ (ΘΕΡΙΝΗ),800830648,ΕΡΓΟΔΥΝΑΜΙΚΗ 2030 Ε Ε,984.0,,0879
ΨΣ7Ο46904Ν-ΖΞΦ,2023-07-14,ΑΠΟΦΑΣΗ ΠΡΟΕΔΡΟΥ ΕΓΚΡΙΣΗΣ ΠΡΑΚΤΙΚΟΥ ΚΑΙ ΑΝΑΘΕΣΗΣ ΓΙΑ ΤΗΝ ΠΡΟΜΗΘΕΙΑ ΚΑΙ ΤΟΠΟΘΕΤΗΣΗ ΑΠΟΛΥΤΩΝ ΦΙΛΤΡΩΝ (ΘΕΡΙΝΗ),800854498,AIRTECO IKE,6130.0,42514320-1,1439
ΨΣ7Ο46904Ν-ΖΞΦ,2023-07-14,ΑΠΟΦΑΣΗ ΠΡΟΕΔΡΟΥ ΕΓΚΡΙΣΗΣ ΠΡΑΚΤΙΚΟΥ ΚΑΙ ΑΝΑΘΕΣΗΣ ΓΙΑ ΤΗΝ ΠΡΟΜΗΘΕΙΑ ΚΑΙ ΤΟΠΟΘΕΤΗΣΗ ΑΠΟΛΥΤΩΝ ΦΙΛΤΡΩΝ (ΘΕΡΙΝΗ),800854498,AIRTECO IKE,1500.0,42514320-1,0879
6ΩΓΓ46904Ν-3ΝΤ,2023-07-14,ΑΠΟΦΑΣΗ ΠΡΟΕΔΡΟΥ ΕΓΚΡΙΣΗΣ ΠΡΑΚΤΙΚΟΥ ΚΑΙ ΑΝΑΘΕΣΗΣ ΕΤΗΣΙΟΥ ΚΑΘΑΡΙΣΜΟΥ ΚΑΙ ΑΠΟΛΥΜΑΝΣΗΣ ΤΩΝ ΑΕΡΑΓΩΓΩΝ ΚΑΙ ΤΩΝ ΣΤΟΜΙΩΝ ΤΟΥ ΔΙΚΤΥΟΥ ΚΛΙΜΑΤΙΣΜΟΥ (ΘΕΡΙΝΗ),800854498,AIRTECO IKE,13600.0,50730000-1,0879
ΡΩ9Ρ46904Ν-7ΦΑ,2023-07-10,ΑΠΟΦΑΣΗ ΠΡΟΕΔΡΟΥ ΑΝΑΘΕΣΗΣ ΤΗΣ ΒΑΘΜΟΝΟΜΗΣΗΣ TOY POWER CUBE ΜΗΧΑΝΗΜΑΤΟΣ ΕΡΓΟΣΠΙΡΟΜΕΤΡΙΑΣ CS200 EXCELLENCE SCHILLER ΑΠΟ ΤΗΝ ΑΠΟΚΛΕΙΣΤΙΚΗ ΑΝΤΙΠΡΟΣΩΠΟ ΕΤΑΙΡΕΙΑ,095029193,ΠΑΠΑΠΟΣΤΟΛΟΥ Ν ΑΝΩΝΥΜΗ ΕΤΑΙΡΕΙΑ  ΕΤΑΙΡΕΙΑ ΕΜΠΟΡΙΑΣ ΚΑΙ ΑΝΤΙΠΡΟΣΩΠΕΙΩΝ ΙΑΤΡΙΚΩΝ ΕΡΓΑΛΕΙΩΝ ΚΑΙ ΜΗΧΑΝΗΜΑΤΩΝ,1636.8,,0887
ΨΡΩΤ46904Ν-Λ5Δ,2023-07-10,ΑΠΟΦΑΣΗ ΠΡΟΕΔΡΟΥ ΑΝΑΘΕΣΗΣ ΓΙΑ ΤΗΝ ΠΛΗΡΩΣΗ ΔΕΞΑΜΕΝΩΝ ΥΓΡΟΥ ΟΞΥΓΟΝΟΥ 30.000 m3,094073495,ΤΕΧΝΙΚΑ ΑΕΡΙΑ ΕΛΛΑΔΟΣ ΑΝΩΝΥΜΟΣ ΕΤΑΙΡΙΑ,24180.0,,1614
ΨΠΦΠ46904Ν-6ΜΤ,2023-07-10,ΑΠΟΦΑΣΗ ΠΡΟΕΔΡΟΥ ΑΝΑΘΕΣΗΣ ΓΙΑ ΤΗΝ ΠΡΟΜΗΘΕΙΑ ΤΑΙΝΙΩΝ ΜΕΤΡΗΣΗΣ ΣΑΚΑΡΟΥ,094322455,MENARINI ΔΙΑΓΝΩΣΤΙΚΑ ΙΑΤΡΙΚΑ ΟΡΓΑΝΑ ΑΕΒΕ,4791.2,,1311
6Χ0Δ46904Ν-ΝΝ7,2023-07-11,ΑΠΟΦΑΣΗ ΠΡΟΕΔΡΟΥ ΕΓΚΡΙΣΗΣ ΠΡΑΚΤΙΚΟΥ ΚΑΙ ΑΝΑΘΕΣΗΣ ΓΙΑ ΤΗΝ ΠΡΟΜΗΘΕΙΑ ΚΑΙ ΑΝΤΙΚΑΤΑΣΤΑΣΗ ΦΙΛΤΡΩΝ (ΠΡΟΦΙΛΤΡΑ-ΣΑΚΚΟΦΙΛΤΡΑ) (ΘΕΡΙΝΗ ΔΙΑΚΟΠΗ),800854498,AIRTECO IKE,1900.0,,0879
ΨΤ1746904Ν-ΟΑΩ,2023-07-10,ΑΠΟΦΑΣΗ ΠΡΟΕΔΡΟΥ ΕΓΚΡΙΣΗΣ ΠΡΑΚΤΙΚΟΥ ΚΑΙ ΑΝΑΘΕΣΗΣ ΓΙΑ ΤΗΝ ΠΡΟΜΗΘΕΙΑ ΝΟΣΟΚΟΜΕΙΑΚΩΝ ΧΑΡΤΟΚΥΤΙΩΝ (HOSPITAL BOXES) ΓΙΑ ΔΙΑΧΕΙΡΙΣΗ ΕΠΙΚΙΝΔΥΝΩΝ ΑΠΟΒΛΗΤΩΝ (Ε.Α.Υ.Μ.),099109774,ΔΙΑΓΝΩΣΤΙΚΑ ΑΝΤΙΔΡΑΣΤΗΡΙΑ ΟΡΓΑΝΑ ΝΟΣΟΚΟΜΕΙΑΚΟΣ ΕΞΟΠΛΙΣΜΟΣ ΑΝΩΝΥΜΗ ΕΤΑΙΡΕΙΑ,14040.0,33772000-2,1899
ΨΑΨ046904Ν-Ψ6Ν,2023-07-05,ΑΠΟΦΑΣΗ ΠΡΟΕΔΡΟΥ ΕΓΚΡΙΣΗΣ ΠΡΑΚΤΙΚΟΥ ΓΙΑ ΤΗΝ ΠΡΟΜΗΘΕΙΑ ΠΛΑΣΤΙΚΩΝ ΔΟΧΕΙΩΝ ΣΥΛΛΟΓΗΣ ΕΠΙΚΙΝΔΥΝΩΝ ΥΓΡΩΝ ΑΠΟΒΛΗΤΩΝ,998630320,ΧΡΗΣΤΟΣ ΜΟΥΤΑΦΗΣ ΕΤΕΡΟΡΡΥΘΜΟΣ ΕΤΑΙΡΕΙΑ,2040.0,44619000-2,1899
64ΕΧ46904Ν-Β9Ν,2023-07-04,"ΑΠΟΦΑΣΗ ΠΡΟΕΔΡΟΥ ΕΓΚΡΙΣΗΣ ΠΡΑΚΤΙΚΟΥ ΓΙΑ ΤΗΝ ΠΡΟΜΗΘΕΙΑ ΑΥΤΟΜΑΤΟΥ ΠΑΛΙΝΔΡΟΜΗΤΗ ΑΣΚΩΝ ΑΙΜΑΤΟΣ, ΑΝΑΘΕΣΗΣ ΣΤΗΝ ΕΤΑΙΡΕΙΑ ΚΑΙ ΟΡΙΣΜΟΥ ΕΠΙΤΡΟΠΗΣ ΠΟΣΟΤΙΚΗΣ ΚΑΙ ΠΟΙΟΤΙΚΗΣ ΠΑΡΑΛΑΒΗΣ",095591419,SARSTEDT ΜΟΝΟΠΡΟΣΩΠΗ ΕΤΑΙΡΕΙΑ ΠΕΡΙΟΡΙΣΜΕΝΗΣ ΕΥΘΥΝΗΣ,3768.04,,7131
600Ξ46904Ν-ΔΕΒ,2023-06-28,ΑΠΟΦΑΣΗ ΠΡΟΕΔΡΟΥ ΓΙΑ ΤΗΝ ΑΝΑΝΕΩΣΗ ΑΔΕΙΩΝ ΧΡΗΣΗΣ ΤΟΥ ΔΙΠΛΟΥ ΚΕΝΤΡΙΚΟΥ ΤΟΙΧΟΥΣ ΠΡΟΣΤΑΣΙΑΣ (FIREWALL) WATCHGUARD M270,094253617,ΠΑΝΟΥ ΗΛΕΚΤΡΟΝΙΚΟΙ ΤΗΛΕΠΙΚΟΙΝΩΝΙΑΚΟΙ ΑΜΥΝΤΙΚΟΙ ΕΞΟΠΛΙΣΜΟΙ  ΚΑΙ ΙΔΙΩΤ ΕΠΙΧΕΙΡ ΠΑΡΟΧΗΣ ΥΠΗΡΕΣΙΩΝ ΑΣΦ ΑΕΒΕ,1555.17,72212220-7,0419
96Ο946904Ν-7ΣΓ,2023-06-30,"ΑΠΟΦΑΣΗ ΠΡΟΕΔΡΟΥ ΕΓΚΡΙΣΗΣ ΠΡΑΚΤΙΚΟΥ ΚΑΙ ΑΝΑΘΕΣΗΣ ΓΙΑ ΤΗΝ ΠΑΡΟΧΗ ΥΠΗΡΕΣΙΩΝ ΕΠΙΣΚΕΥΗΣ ΤΩΝ ΣΥΣΤΗΜΑΤΩΝ ΕΠΕΞΕΡΓΑΣΙΑΣ ΠΕΠΙΕΣΜΕΝΟΥ ΑΕΡΑ, ΚΕΝΟΥ, ΥΠΟΒΙΒΑΣΤΩΝ-ΡΥΘΜΙΣΤΩΝ ΟΞΥΓΟΝΟΥ ΚΑΙ ΛΗΨΕΩΝ ΙΑΤΡΙΚΩΝ ΑΕΡΙΩΝ",999796735,Α ΑΠΟΣΤΟΛΟΥ ΚΑΙ Χ ΔΕΓΕΣΤΙΝΟΣ ΟΜΟΡΡΥΘΜΗ ΕΤΑΙΡΕΙΑ,8500.0,50800000-3,0879
ΨΒΓΘ46904Ν-ΧΙΙ,2023-06-23,ΑΠΟΦΑΣΗ ΠΡΟΕΔΡΟΥ ΕΓΚΡΙΣΗΣ ΠΡΑΚΤΙΚΟΥ ΚΑΙ ΑΝΑΘΕΣΗΣ ΓΙΑ ΤΗΝ ΠΡΟΜΗΘΕΙΑ ΕΤΟΙΜΩΝ ΓΕΥΜΑΤΩΝ (ΙΟΥΛΙΟΣ),094180805,ΑΦΟΙ ΚΟΜΠΑΤΣΙΑΡΗ ΑΝΩΝΥΜΗ ΕΤΑΙΡΕΙΑ  ΕΚΜΕΤΑΛΕΥΣΕΩΝ ΕΣΤΙΑΤΟΡΙΑ ΤΟΥΡΙΣΤΙΚΕΣ ΕΠΙΧΕΙΡΗΣΕΙΣ,29679.4,15894220-9,1511
ΨΜΕ846904Ν-ΡΧΥ,2023-06-20,ΑΠΟΦΑΣΗ ΠΡΟΕΔΡΟΥ ΕΓΚΡΙΣΗΣ ΠΡΑΚΤΙΚΟΥ ΚΑΙ ΑΝΑΘΕΣΗΣ ΓΙΑ ΤΗΝ ΠΑΡΟΧΗ ΥΠΗΡΕΣΙΩΝ ΚΑΘΑΡΙΟΤΗΤΑΣ,997516863,MYSERVICES SECURITY AND FACILITY ΑΝΩΝΥΜΟΣ ΕΤΑΙΡΕΙΑ ΙΔΙΩΤΙΚΗ ΕΠΣΗ ΠΑΡΟΧΗΣ ΥΠΗΡΕΣΙΩΝ ΑΣΦΑΛΕΙΑΣ ΚΑΘΑΡ ΚΑΙ ΑΝΘΡ ΔΥΝΑΜΙΚΟΥ,28818.0,90910000-9,0845
6Σ9246904Ν-ΖΔΜ,2023-06-19,ΑΠΟΦΑΣΗ ΠΡΟΕΔΡΟΥ ΑΝΑΘΕΣΗΣ ΥΠΗΡΕΣΙΩΝ ΣΥΝΤΗΡΗΣΗΣ -ΤΕΧΝΙΚΗΣ ΥΠΟΣΤΗΡΙΞΗΣ -ΦΙΛΟΞΕΝΙΑΣ ΤΗΣ ΙΣΤΟΣΕΛΙΔΑΣ,801256226,360 DIGITAL EDGE   ΥΠΗΡΕΣΙΕΣ ΕΠΙΚΟΙΝΩΝΙΑΣ ΚΑΙ ΔΙΑΔΙΚΤΥΑΚΗΣ ΠΡΟΒΟΛΗΣ ΙΔΙΩΤΙΚΗ ΚΕΦΑΛΑΙΟΥΧΙΚΗ ΕΤΑΙΡΕΙΑ,830.0,72212200-1,0426
9ΚΞ946904Ν-2ΚΠ,2023-06-15,ΑΠΟΦΑΣΗ ΠΡΟΕΔΡΟΥ ΑΝΑΘΕΣΗΣ ΤΗΣ ΕΠΙΣΚΕΥΗΣ ΔΥΟ ΚΛΙΝΩΝ ΚΕΠΑ ΣΤΗΝ ΑΠΟΚΛΕΙΣΤΙΚΗ ΑΝΤΙΠΡΟΣΩΠΟ ΕΤΑΙΡΕΙΑ,092930963,ΚΕΠΑ ΑΝΩΝΥΜΗ ΒΙΟΤΕΧΝΙΚΗ ΕΜΠΟΡΙΚΗ ΕΤΑΙΡΕΙΑ,694.4,,1439
ΨΠ4Π46904Ν-ΔΗ2,2023-06-15,ΑΠΟΦΑΣΗ ΠΡΟΕΔΡΟΥ ΑΝΑΘΕΣΗΣ ΓΙΑ ΤΗΝ ΠΑΡΟΧΗ ΥΠΗΡΕΣΙΩΝ ΓΙΑ ΤΗΝ ΤΟΠΟΘΕΤΗΣΗ ΡΕΛΕ ΔΙΑΡΡΟΗΣ ΣΤΙΣ ΗΛΕΚΤΡΟΛΟΓΙΚΕΣ ΕΓΚΑΤΑΣΤΑΣΕΙΣ ΣΤΟ ΑΜΦΙΘΕΑΤΡΟ ΚΑΙ ΣΤΟ ΔΙΟΙΚΗΤΗΡΙΟ ΤΟΥ ΝΟΣΟΚΟΜΕΙΟΥ,141285426,"ΚΕΦΑΛΑΣ,,ΔΗΜΗΤΡΙΟΣ,ΓΕΡΑΣΙΜΟΣ",1990.0,,0879
Ψ69Κ46904Ν-Θ9Ψ,2023-06-13,ΑΠΟΦΑΣΗ ΠΡΟΕΔΡΟΥ ΕΓΚΡΙΣΗΣ ΠΡΑΚΤΙΚΟΥ ΓΙΑ ΤΗΝ ΠΑΡΟΧΗ ΥΠΗΡΕΣΙΩΝ ΠΛΥΣΗΣ ΑΚΑΘΑΡΤΟΥ ΙΜΑΤΙΣΜΟΥ (3ΜΗΝΟ),997672233,ΑΝΔΡΕΑΣ ΠΑΠΑΓΙΑΝΝΗΣ ΚΑΙ ΥΙΟΣ ΑΝΩΝΥΜΟΣ ΕΜΠΟΡΙΚΗ ΚΑΙ ΒΙΟΜΗΧΑΝΙΚΗ ΕΤΑΙΡΕΙΑ ΜΗΧΑΝΙΚΩΝ ΠΛΥΝΤΗΡΙΩΝ ΙΜΑΤΙΣΜΟΥ ΤΑΠΗΤΩΝ ΚΑΙ ΟΜΟΙΩ,25455.76,98310000-9,0843
90Ζ346904Ν-Ε6Κ,2023-06-08,"ΑΠΟΦΑΣΗ ΠΡΟΕΔΡΟΥ ΑΝΑΘΕΣΗΣ ΤΟΥ ΕΤΗΣΙΟΥ ΕΛΕΓΧΟΥ ΑΚΤΙΝΟΛΟΓΙΚΩΝ ΜΗΧΑΝΗΜΑΤΩΝ, ΤΗΛΕΧΕΙΡΙΖΟΜΕΝΟΥ ΑΚΤΙΝΟΓΡΑΦΙΚΟΥ-ΑΚΤΙΝΟΣΚΟΠΙΚΟΥ ΣΥΣΤΗΜΑΤΟΣ OPERA ΤΟΥ ΚΑΤΑΣΚΕΥΑΣΤΙΚΟΥ ΟΙΚΟΥ GENERAL MEDICAL MERATE, ΚΑΙ ΦΟΡΗΤΟΥ ΑΚΤΙΝΟΛΟΓΙΚΟΥ ΜΗΧΑΝΗΜΑΤΟΣ ROLLER 15 ΤΟΥ ΚΑΤΑΣΚΕΥΑΣΤΙΚΟΥ ΟΙΚΟΥ SMAM ΑΠΟ ΤΗΝ ΑΠΟΚΛΕΙΣΤΙΚΗ ΑΝΤΙΠΡΟΣΩΠΟ ΕΤΑΙΡΕΙΑ",094512503,ΑΠΟΣΤΟΛΟΣ ΓΕΩΡΓ ΠΑΠΟΥΔΗΣ ΚΑΙ ΥΙΟΣ ΑΝΩΝΥΜΟΣ ΕΜΠΟΡΙΚΗ ΕΤΑΙΡΙΑ ΑΝΤΙΠΡΟΣΩΠΕΙΕΣ ΕΙΣΑΓΩΓΕΣ ΙΑΤΡΙΚΩΝ ΜΗΧΑΝΗΜΑΤΩΝ,1636.8,,0887
ΨΔΘΛ46904Ν-ΒΒΡ,2023-06-09,ΑΠΟΦΑΣΗ ΠΡΟΕΔΡΟΥ ΑΝΑΘΕΣΗΣ ΓΙΑ ΤΗΝ ΕΠΙΣΚΕΥΗ ΗΛΕΚΤΡΟΚΙΝΗΤΗΣ ΚΛΙΝΗΣ ΨΗΛΙΑΚΟΣ 3303 ΑΠΟ ΤΗΝ ΑΠΟΚΛΕΙΣΤΙΚΗ ΑΝΤΙΠΡΟΣΩΠΟ ΕΤΑΙΡΕΙΑ,999495127,ΛΕΩΝΙΔΑΣ ΨΗΛΙΑΚΟΣ ΚΑΙ ΣΙΑ ΕΤΑΙΡΕΙΑ ΠΕΡΙΟΡΙΣΜΕΝΗΣ ΕΥΘΥΝΗΣ,496.0,,0889-1439
6ΧΩ146904Ν-1ΘΖ,2023-06-07,"ΑΠΟΦΑΣΗ ΠΡΟΕΔΡΟΥ ΑΝΑΘΕΣΗΣ ΤΗΣ ΕΦΑΠΑΞ ΕΤΗΣΙΑΣ ΠΡΟΛΗΠΤΙΚΗΣ ΣΥΝΤΗΡΗΣΗΣ, ΤΟΥ ΕΛΕΓΧΟΥ ΚΑΛΗΣ ΛΕΙΤΟΥΡΓΙΑΣ ΚΑΙ ΗΛΕΚΤΡΙΚΗΣ ΑΣΦΑΛΕΙΑΣ ΣΥΣΤΗΜΑΤΟΣ ΕΓΚΛΕΙΣΗΣ ΙΣΤΩΝ ΣΕ ΠΑΡΑΦΙΝΗ ΤΟΥ ΚΑΤΑΣΚΕΥΑΣΤΙΚΟΥ ΟΙΚΟΥ MYR ΑΠΟ ΤΗΝ ΑΠΟΚΛΕΙΣΤΙΚΗ ΑΝΤΙΠΡΟΣΩΠΟ ΕΤΑΙΡΕΙΑ",997585069,ΚΑΛΛΙΦΡΟΝΑΣ ΕΜΠΟΡΙΚΗ ΑΝΩΝΥΜΗ ΕΤΑΙΡΕΙΑ,719.2,,0887-1439
6ΓΙΓ46904Ν-59Ψ,2023-06-01,"ΑΠΟΦΑΣΗ ΠΡΟΕΔΡΟΥ ΕΓΚΡΙΣΗΣ ΠΡΑΚΤΙΚΟΥ ΓΙΑ ΤΗΝ ΠΡΟΜΗΘΕΙΑ ΦΟΡΕΙΩΝ ΜΕΤΑΦΟΡΑΣ ΜΕΤΑΒΛΗΤΟΥ ΥΨΟΥΣ, ΑΝΑΘΕΣΗΣ ΣΤΗΝ ΕΤΑΙΡΕΙΑ ΚΑΙ ΟΡΙΣΜΟΥ ΕΠΙΤΡΟΠΗΣ ΠΑΡΑΛΑΒΗΣ",999495127,ΛΕΩΝΙΔΑΣ ΨΗΛΙΑΚΟΣ ΚΑΙ ΣΙΑ ΕΤΑΙΡΕΙΑ ΠΕΡΙΟΡΙΣΜΕΝΗΣ ΕΥΘΥΝΗΣ,6931.6,33192160-1,1899
904346904Ν-ΓΒ8,2023-05-30,ΑΠΟΦΑΣΗ  ΠΡΟΕΔΡΟΥ ΑΝΑΘΕΣΗΣ,801608170,MICRO LAB ΜΟΡΙΑΚΗ ΔΙΑΓΝΩΣΗ ΙΔΙΩΤΙΚΟ ΔΙΑΓΝΩΣΤΙΚΟ ΕΡΓΑΣΤΗΡΙΟ Ι Κ Ε,29900.0,,0899
6ΓΛΤ46904Ν-ΔΜ2,2023-05-29,ΑΠΟΦΑΣΗ ΠΡΟΕΔΡΟΥ ΕΓΚΡΙΣΗΣ ΠΡΑΚΤΙΚΟΥ ΚΑΙ ΑΝΑΘΕΣΗΣ ΓΙΑ ΤΗΝ ΠΑΡΟΧΗ ΥΠΗΡΕΣΙΩΝ ΓΙΑ ΤΗΝ ΕΓΚΑΤΑΣΤΑΣΗ ΚΑΙ ΘΕΣΗ ΣΕ ΛΕΙΤΟΥΡΓΙΑ ΤΟΥ ΝΕΟΥ ΑΞΟΝΙΚΟΥ ΤΟΜΟΓΡΑΦΟΥ ΚΑΙ ΑΠΟΞΗΛΩΣΗ - ΑΠΟΜΑΚΡΥΝΣΗ ΤΟΥ ΠΑΛΑΙΟΥ,801589893,ΤΕΧΝΙΚΗ ΚΑΙ ΕΜΠΟΡΙΚΗ ΕΠΙΧΕΙΡΗΣΗ Ε Ε,19850.0,50700000-2,0879
9ΦΙΠ46904Ν-37Β,2023-05-29,ΑΠΟΦΑΣΗ ΠΡΟΕΔΡΟΥ ΕΓΚΡΙΣΗΣ ΠΡΑΚΤΙΚΟΥ ΚΑΙ ΑΝΑΘΕΣΗΣ ΓΙΑ ΤΗΝ ΠΑΡΟΧΗ ΥΠΗΡΕΣΙΩΝ ΓΙΑ ΤΗΝ ΔΙΑΜΟΡΦΩΣΗ ΚΤΙΡΙΑΚΗΣ ΥΠΟΔΟΜΗΣ ΧΩΡΟΥ ΛΕΙΤΟΥΡΓΙΑΣ ΤΟΥ ΑΞΟΝΙΚΟΥ ΤΟΜΟΓΡΑΦΟΥ ΤΟΥ ΝΟΣΟΚΟΜΕΙΟΥ ΣΤΟ Γ΄ ΚΤΙΡΙΟ,801589893,ΤΕΧΝΙΚΗ ΚΑΙ ΕΜΠΟΡΙΚΗ ΕΠΙΧΕΙΡΗΣΗ Ε Ε,23450.0,50700000-2,0863
ΨΛΤΩ46904Ν-6ΩΑ,2023-05-26,ΑΠΟΦΑΣΗ ΠΡΟΕΔΡΟΥ ΕΓΚΡΙΣΗΣ ΠΡΑΚΤΙΚΟΥ ΚΑΙ ΑΝΑΘΕΣΗΣ ΥΠΗΡΕΣΙΩΝ ΕΙΔΙΚΟΤΗΤΑΣ ΗΛΕΚΤΡΟΤΕΧΝΙΤΩΝ ΕΩΣ ΚΑΙ 310 ΒΑΡΔΙΕΣ (5ΜΗΝΟ),800830648,ΕΡΓΟΔΥΝΑΜΙΚΗ 2030 Ε Ε,26899.0,50700000-2,0419
6ΨΦΗ46904Ν-ΦΝ5,2023-05-25,ΑΠΟΦΑΣΗ ΠΡΟΕΔΡΟΥ ΕΓΚΡΙΣΗΣ ΠΡΑΚΤΙΚΟΥ ΚΑΙ ΑΝΑΘΕΣΗΣ ΓΙΑ ΤΗΝ ΠΡΟΜΗΘΕΙΑ ΕΤΟΙΜΩΝ ΓΕΥΜΑΤΩΝ ΓΙΑ ΤΗΝ ΣΙΤΙΣΗ ΤΩΝ ΑΣΘΕΝΩΝ ΚΑΙ ΤΟΥ ΕΦΗΜΕΡΕΥΟΝΤΟΣ ΠΡΟΣΩΠΙΚΟΥ (ΙΟΥΝΙΟΣ),094180805,ΑΦΟΙ ΚΟΜΠΑΤΣΙΑΡΗ ΑΝΩΝΥΜΗ ΕΤΑΙΡΕΙΑ  ΕΚΜΕΤΑΛΕΥΣΕΩΝ ΕΣΤΙΑΤΟΡΙΑ ΤΟΥΡΙΣΤΙΚΕΣ ΕΠΙΧΕΙΡΗΣΕΙΣ,29244.0,55523000-2,1511
ΨΨΞΧ46904Ν-ΖΧΝ,2023-05-24,"ΑΠΟΦΑΣΗ ΠΡΟΕΔΡΟΥ ΕΓΚΡΙΣΗΣ ΠΡΑΚΤΙΚΟΥ ΚΑΙ ΑΝΑΘΕΣΗΣ ΓΙΑ ΤΗΝ ΠΑΡΟΧΗ ΥΠΗΡΕΣΙΩΝ ΔΙΑΧΕΙΡΙΣΗΣ ΕΠΙΚΙΝΔΥΝΩΝ ΑΠΟΒΛΗΤΩΝ (ΕΑΥΜ-ΕΑΑΜ) (ΚΙΤΡΙΝΑ-ΑΠΟΣΤΕΙΡΩΣΗ), ΓΙΑ ΤΙΣ ΑΝΑΓΚΕΣ ΤΟΥ ΤΜΗΜΑΤΟΣ ΛΟΙΜΩΞΕΩΝ ΤΟΥ ΝΟΣΟΚΟΜΕΙΟΥ",999893375,ΕΥΣΤΑΘΙΟΣ Γ ΤΣΙΓΚΡΗΣ ΜΟΝΟΠΡΟΣΩΠΗ ΕΤΑΙΡΕΙΑ ΠΕΡΙΟΡΙΣΜΕΝΗΣ ΕΥΘΥΝΗΣ,29240.0,90524400-0,0846
6ΠΜΒ46904Ν-ΨΩ8,2023-05-24,ΑΠΟΦΑΣΗ ΠΡΟΕΔΡΟΥ ΑΝΑΘΕΣΗΣ ΓΙΑ ΤΗΝ ΠΡΟΜΗΘΕΙΑ ΣΤΡΩΜΑΤΩΝ,999495127,ΛΕΩΝΙΔΑΣ ΨΗΛΙΑΚΟΣ ΚΑΙ ΣΙΑ ΕΤΑΙΡΕΙΑ ΠΕΡΙΟΡΙΣΜΕΝΗΣ ΕΥΘΥΝΗΣ,2008.8,39143112-4,1899
Ψ5ΚΧ46904Ν-3ΤΛ,2023-05-23,ΑΠΟΦΑΣΗ ΠΡΟΕΔΡΟΥ ΕΓΚΡΙΣΗΣ ΠΡΑΚΤΙΚΟΥ ΔΙΚΑΙΟΛΟΓΗΤΙΚΩΝ ΚΑΤΑΚΥΡΩΣΗΣ ΚΑΙ ΟΡΙΣΤΙΚΗΣ ΚΑΤΑΚΥΡΩΣΗΣ ΓΙΑ ΤΗΝ ΠΑΡΟΧΗ ΥΠΗΡΕΣΙΩΝ ΚΑΘΑΡΙΟΤΗΤΑΣ,997516863,MYSERVICES SECURITY AND FACILITY ΑΝΩΝΥΜΟΣ ΕΤΑΙΡΕΙΑ ΙΔΙΩΤΙΚΗ ΕΠΣΗ ΠΑΡΟΧΗΣ ΥΠΗΡΕΣΙΩΝ ΑΣΦΑΛΕΙΑΣ ΚΑΘΑΡ ΚΑΙ ΑΝΘΡ ΔΥΝΑΜΙΚΟΥ,28820.0,90910000-9,0845
60ΙΝ46904Ν-ΣΨΝ,2023-05-19,"ΑΠΟΦΑΣΗ ΠΡΟΕΔΡΟΥ ΕΓΚΡΙΣΗΣ ΠΡΑΚΤΙΚΟΥ ΠΡΟΜΗΘΕΙΑΣ ΕΞΕΤΑΣΤΙΚΗΣ ΚΛΙΝΗΣ, ΑΝΑΘΕΣΗΣ ΚΑΙ ΟΡΙΣΜΟΥ ΕΠΙΤΡΟΠΗΣ ΠΑΡΑΛΑΒΗΣ",999495127,ΛΕΩΝΙΔΑΣ ΨΗΛΙΑΚΟΣ ΚΑΙ ΣΙΑ ΕΤΑΙΡΕΙΑ ΠΕΡΙΟΡΙΣΜΕΝΗΣ ΕΥΘΥΝΗΣ,3459.6,,7131
ΨΔΙΜ46904Ν-ΤΑ0,2023-05-19,"ΑΠΟΦΑΣΗ ΠΡΟΕΔΡΟΥ ΕΓΚΡΙΣΗΣ ΠΡΑΚΤΙΚΟΥ ΓΙΑ ΤΗΝ ΠΡΟΜΗΘΕΙΑ ΚΑΤΑΓΡΑΦΙΚΩΝ HOLTER ΡΥΘΜΟΥ, ΑΝΑΘΕΣΗΣ ΚΑΙ ΟΡΙΣΜΟΥ ΕΠΙΤΡΟΠΗΣ ΠΑΡΑΛΑΒΗΣ",095029193,ΠΑΠΑΠΟΣΤΟΛΟΥ Ν ΑΝΩΝΥΜΗ ΕΤΑΙΡΕΙΑ  ΕΤΑΙΡΕΙΑ ΕΜΠΟΡΙΑΣ ΚΑΙ ΑΝΤΙΠΡΟΣΩΠΕΙΩΝ ΙΑΤΡΙΚΩΝ ΕΡΓΑΛΕΙΩΝ ΚΑΙ ΜΗΧΑΝΗΜΑΤΩΝ,3500.0,,7131
Ψ7Η646904Ν-ΧΧΒ,2023-05-19,ΑΠΟΦΑΣΗ ΠΡΟΕΔΡΟΥ ΑΝΑΘΕΣΗΣ ΤΗΣ ΕΠΙΣΚΕΥΗΣ ΤΡΙΩΝ (3) ΚΛΙΝΩΝ ΚΕΠΑ ΣΤΗΝ ΑΠΟΚΛΕΙΣΤΙΚΗ ΑΝΤΙΠΡΟΣΩΠΟ ΕΤΑΙΡΕΙΑ,092930963,ΚΕΠΑ ΑΝΩΝΥΜΗ ΒΙΟΤΕΧΝΙΚΗ ΕΜΠΟΡΙΚΗ ΕΤΑΙΡΕΙΑ,1041.6,,1439
9ΜΤΙ46904Ν-ΖΓΝ,2023-05-18,"ΑΠΟΦΑΣΗ ΠΡΟΕΔΡΟΥ ΕΓΚΡΙΣΗΣ ΠΡΑΚΤΙΚΟΥ ΚΑΙ ΑΝΑΘΕΣΗΣ ΓΙΑ ΤΗΝ ΠΑΡΟΧΗ ΥΠΗΡΕΣΙΩΝ ΔΙΑΣΥΝΔΕΣΗΣ ΤΩΝ ΥΠΟΣΥΣΤΗΜΑΤΩΝ ΑΣΚΛΗΠΙΟΣΤΜ-CARE ΚΑΙ ΑΣΚΛΗΠΙΟΣTM-PATIENT ΤΟΥ ΟΛΟΚΛΗΡΩΜΕΝΟΥ ΠΛΗΡΟΦΟΡΙΑΚΟΥ ΥΠΟΣΥΣΤΗΜΑΤΟΣ ΑΣΚΛΗΠΙΟΣTM ΤΟΥ ΓΝΑ ""Η ΕΛΠΙΣ"" ΜΕ ΤΟ ΣΥΣΤΗΜΑ DRG ΤΟΥ ΚΕ.ΤΕ.Κ.Ν.Υ. (ΛΟΓΙΣΜΙΚΟ GROUPER)",095403136,COMPUTER SOLUTIONS ΑΝΩΝΥΜΗ ΒΙΟΜΗΧΑΝΙΚΗ ΚΑΙ ΕΜΠΟΡΙΚΗ ΕΤΑΙΡΕΙΑ ΠΛΗΡΟΦΟΡΙΚΗΣ,10000.0,30237110-3,0426
Ψ3Ω546904Ν-ΗΙΠ,2023-05-15,ΑΠΟΦΑΣΗ ΠΡΟΕΔΡΟΥ ΕΓΚΡΙΣΗΣ ΠΑΡΑΚΤΙΚΟΥ ΚΑΙ ΚΑΤΑΚΥΡΩΣΗΣ,801589893,ΤΕΧΝΙΚΗ ΚΑΙ ΕΜΠΟΡΙΚΗ ΕΠΙΧΕΙΡΗΣΗ Ε Ε,17490.0,45453100-8,0863
ΩΧ6646904Ν-1Ν6,2023-05-05,ΑΠΟΦΑΣΗ ΠΡΟΕΔΡΟΥ ΕΓΚΡΙΣΗΣ ΤΟΥ ΠΡΑΚΤΙΚΟΥ ΤΗΣ ΕΠΙΤΡΟΠΗΣ ΑΞΙΟΛΟΓΗΣΗΣ ΤΩΝ ΠΡΟΣΦΟΡΩΝ ΓΙΑ ΤΗΝ ΠΡΟΜΗΘΕΙΑ ΟΠΤΙΚΗΣ 30 ΜΟΙΡΩΝ ΚΑΙ ΑΝΑΘΕΣΗΣ ΣΤΗΝ ΕΤΑΙΡΕΙΑ,094442268,ΠΡΩΤΟΝ Α Ε ΑΝΤΙΠΡ ΙΑΤΡΙΚΩΝ ΕΠΙΣΤΗΜΟΝΙΚΩΝ ΕΙΔΩΝ  ΜΗΧΑΝΗΜ ΚΑΙ ΣΥΣΤΗΜΑΤΩΝ ΑΣΦΑΛΕΙΑΣ ΙΔΙΩΤ ΕΠΙΧ ΠΑΡΟΧ ΥΠΗΡΕΣΙΩΝ ΑΣΦΑΛΕΙΑΣ,3543.55,,7131
ΨΘ4Η46904Ν-Ψ0Ο,2023-05-05,ΑΠΟΦΑΣΗ ΠΡΟΕΔΡΟΥ ΑΝΑΘΕΣΗΣ ΓΙΑ ΤΗΝ ΠΛΗΡΩΣΗ ΔΕΞΑΜΕΝΗΣ ΥΓΡΟΥ ΟΞΥΓΟΝΟΥ 36.000 m3,094073495,ΤΕΧΝΙΚΑ ΑΕΡΙΑ ΕΛΛΑΔΟΣ ΑΝΩΝΥΜΟΣ ΕΤΑΙΡΙΑ,29016.0,,1614
Ψ7ΡΘ46904Ν-ΨΝΑ,2023-04-24,ΑΠΟΦΑΣΗ ΠΡΟΕΔΡΟΥ ΕΓΚΡΙΣΗΣ ΠΡΑΚΤΙΚΟΥ ΚΑΙ ΚΑΤΑΚΥΡΩΣΗΣ ΓΙΑ ΤΗΝ ΑΝΑΝΕΩΣΗ ΑΔΕΙΩΝ ΧΡΗΣΗΣ ΤΟΥ ΕΓΚΑΤΕΣΤΗΜΕΝΟΥ ΛΟΓΙΣΜΙΚΟΥ ΤΟΥ ΚΕΝΤΡΙΚΟΥ ΣΥΣΤΗΜΑΤΟΣ BACKUP ΤΩΝ ΚΕΝΤΡΙΚΩΝ SERVERS ΤΟΥ ΝΟΣΟΚΟΜΕΙΟΥ ΓΙΑ ΕΝΑ (1) ΕΤΟΣ,999481910,ΓΟΥΔΕΒΕΝΟΥ ΚΕΡΚΥΡΑ ΚΑΙ ΣΙΑ ΕΕ,1266.04,48000000-8,0419
9Λ1Υ46904Ν-Υ78,2023-05-03,ΑΠΟΦΑΣΗ ΠΡΟΕΔΡΟΥ ΑΝΑΘΕΣΗΣ ΤΗΣ ΕΠΙΣΚΕΥΗΣ ΑΕΡΟΣΤΡΩΜΑΤΟΣ ΤΟΥ ΚΑΤΑΣΚΕΤΑΣΤΙΚΟΥ ΟΙΚΟΥ TALLEY MEDICAL ΜΟΝΤΕΛΟ QUATTRO PLUS REPLACEMENT ΑΠΟ ΤΗΝ ΑΠΟΚΛΕΙΣΤΙΚΗ ΑΝΤΙΠΡΟΣΩΠΟ ΕΤΑΙΡΕΙΑ,999658897,Δ ΚΟΡΤΕΣΗΣ ΚΑΙ ΣΙΑ ΕΕ,1007.57,,0899-1899
Ψ77046904Ν-32Ι,2023-04-27,ΑΠΟΦΑΣΗ ΠΡΟΕΔΡΟΥ ΕΓΚΡΙΣΗΣ ΠΡΑΚΤΙΚΟΥ ΚΑΙ ΑΝΑΘΕΣΗΣ ΓΙΑ ΤΗΝ ΠΑΡΟΧΗ ΥΠΗΡΕΣΙΩΝ ΔΙΑΧΕΙΡΙΣΗΣ ΕΠΙΚΙΝΔΥΝΩΝ ΑΠΟΒΛΗΤΩΝ (ΕΑΥΜ-ΜΕΑ) (ΚΟΚΚΙΝΑ-ΑΠΟΤΕΦΡΩΣΗ) (3ΜΗΝΗ),999446618,ΑΠΟΤΕΦΡΩΤΗΡΑΣ ΑΝΩΝΥΜΗ ΕΤΑΙΡΕΙΑ ΑΠΟΤΕΦΡΩΣΗΣ ΑΠΟΡΡΙΜΜΑΤΩΝ,28500.0,90524400-0,0846
692Ω46904Ν-Ω22,2023-04-27,ΑΠΟΦΑΣΗ ΠΡΟΕΔΡΟΥ ΕΓΚΡΙΣΗΣ ΠΡΑΚΤΙΚΟΥ ΚΑΙ ΑΝΑΘΕΣΗΣ ΓΙΑ ΤΗΝ ΠΑΡΟΧΗ ΥΠΗΡΕΣΙΩΝ ΠΑΡΑΣΚΕΥΗΣ ΚΑΙ ΔΙΑΝΟΜΗΣ ΕΤΟΙΜΩΝ ΓΕΥΜΑΤΩΝ ΓΙΑ ΤΗΝ ΣΙΤΙΣΗ ΤΩΝ ΑΣΘΕΝΩΝ ΚΑΙ ΤΟΥ ΠΡΟΣΩΠΙΚΟΥ (ΜΑΙΟΣ),094180805,ΑΦΟΙ ΚΟΜΠΑΤΣΙΑΡΗ ΑΝΩΝΥΜΗ ΕΤΑΙΡΕΙΑ  ΕΚΜΕΤΑΛΕΥΣΕΩΝ ΕΣΤΙΑΤΟΡΙΑ ΤΟΥΡΙΣΤΙΚΕΣ ΕΠΙΧΕΙΡΗΣΕΙΣ,29269.6,55523000-2,1511
903Υ46904Ν-Η62,2023-04-25,ΑΠΟΦΑΣΗ ΠΡΟΕΔΡΟΥ ΕΓΚΡΙΣΗΣ ΠΡΑΚΤΙΚΟΥ ΚΑΙ ΑΝΑΘΕΣΗΣ ΓΙΑ ΤΗΝ ΠΑΡΟΧΗ ΥΠΗΡΕΣΙΩΝ ΔΙΑΣΥΝΔΕΣΗΣ ΤΟΥ ΟΛΟΚΛΗΡΩΜΕΝΟΥ ΠΛΗΡΟΦΟΡΙΑΚΟΥ ΥΠΟΣΥΣΤΗΜΑΤΟΣ ΑΣΚΛΗΠΙΟΣTM - PHARMACY ΜΕ ΤΟ ΠΛΗΡΟΦΟΡΙΑΚΟ ΣΥΣΤΗΜΑ ΤΗΣ ΕΚΑΠΥ ΓΙΑ ΤΗΝ ΚΑΤΑΧΩΡΙΣΗ ΤΩΝ ΠΑΡΑΓΓΕΛΙΩΝ ΦΑΡΜΑΚΩΝ ΤΟΥ ΝΟΣΟΚΟΜΕΙΟΥ ΠΟΥ ΑΦΟΡΟΥΝ ΔΙΑΓΩΝΙΣΤΙΚΕΣ ΔΙΑΔΙΚΑΣΙΕΣ ΚΑΙ ΣΥΜΦΩΝΙΕΣ - ΠΛΑΙΣΙΟ ΠΟΥ ΥΛΟΠΟΙΕΙ Η ΕΚΑΠΥ,095403136,COMPUTER SOLUTIONS ΑΝΩΝΥΜΗ ΒΙΟΜΗΧΑΝΙΚΗ ΚΑΙ ΕΜΠΟΡΙΚΗ ΕΤΑΙΡΕΙΑ ΠΛΗΡΟΦΟΡΙΚΗΣ,3600.0,30237110-3,0426
ΨΡΧ846904Ν-Ζ1Η,2023-04-20,ΑΠΟΦΑΣΗ ΠΡΟΕΔΡΟΥ ΑΝΑΘΕΣΗΣ ΤΗΣ ΕΠΙΣΚΕΥΗΣ ΦΟΡΗΤΟΥ ΑΚΤΙΝΟΛΟΓΙΚΟΥ SPS HF - 4.0 SEDECAL ΑΠΟ ΤΗΝ ΑΠΟΚΛΕΙΣΤΙΚΗ ΑΝΤΙΠΡΟΣΩΠΟ ΕΤΑΙΡΕΙΑ,800834358,CARDIOSCIENCE P C,1512.8,,0887
9ΣΥΡ46904Ν-Ι28,2023-04-18,ΑΠΟΦΑΣΗ ΠΡΟΕΔΡΟΥ ΕΓΚΡΙΣΗΣ ΠΡΑΚΤΙΚΟΥ ΤΕΧΝΙΚΗΣ ΟΙΚΟΝΟΜΙΚΗΣ ΑΞΙΟΛΟΓΗΣΗΣ,997516863,MYSERVICES SECURITY AND FACILITY ΑΝΩΝΥΜΟΣ ΕΤΑΙΡΕΙΑ ΙΔΙΩΤΙΚΗ ΕΠΣΗ ΠΑΡΟΧΗΣ ΥΠΗΡΕΣΙΩΝ ΑΣΦΑΛΕΙΑΣ ΚΑΘΑΡ ΚΑΙ ΑΝΘΡ ΔΥΝΑΜΙΚΟΥ,24910.0,90910000-9,0845
6ΦΚΞ46904Ν-ΑΛΨ,2023-04-11,ΑΠΟΦΑΣΗ ΠΡΟΕΔΡΟΥ ΕΓΚΡΙΣΗΣ ΠΡΑΚΤΙΚΟΥ ΚΑΙ ΑΝΑΘΕΣΗΣ ΓΙΑ ΤΗΝ ΠΑΡΟΧΗ ΥΠΗΡΕΣΙΩΝ ΠΛΥΣΗΣ ΑΚΑΘΑΡΤΟΥ ΙΜΑΤΙΣΜΟΥ (3ΜΗΝΟ),094102575,ΠΛΥΝΤΗΡΙΑ ΛΕΜΗ ΑΝΩΝΥΜΟΣ ΕΤΑΙΡΕΙΑ,29721.4,98310000-9,0843
9ΖΜΤ46904Ν-Ψ5Δ,2023-04-07,ΑΠΟΦΑΣΗ ΠΡΟΕΔΡΟΥ ΑΝΑΘΕΣΗΣ ΓΙΑ ΤΗΝ ΠΡΟΜΗΘΕΙΑ 20.000 ΣΩΛΗΝΑΡΙΩΝ ΜΕ ΥΛΙΚΟ ΜΕΤΑΦΟΡΑΣ ΙΩΝ ΚΑΙ ΣΥΝΟΔΟ ΣΤΕΙΛΕΟ ΑΠΟ DACRON ΟΠΩΣ ΕΠΙΣΗΣ ΚΑΙ ΣΑΚΟΥΛΑΚΙΑ ΜΕΤΑΦΟΡΑΣ ΜΟΛΥΣΜΑΤΙΚΩΝ (BIOHAZARD),095341314,ΔΙΑΓΝΩΣΤΙΚΑ ΧΗΜΙΚΗ ΟΡΓΑΝΟΛΟΓΙΑ ΑΝΩΝΥΜΗ ΕΤΑΙΡΙΑ,3960.0,33141625-7,1359
6ΞΜΡ46904Ν-ΑΧ4,2023-04-07,ΑΠΟΦΑΣΗ ΠΡΟΕΔΡΟΥ ΟΡΙΣΤΙΚΗΣ ΚΑΤΑΚΥΡΩΣΗΣ ΓΙΑ ΤΗΝ ΠΡΑΓΜΑΤΟΠΟΙΗΣΗ ΜΕΤΡΗΣΕΩΝ ΑΤΟΜΙΚΗΣ ΔΟΣΙΜΕΤΡΗΣΗΣ ΤΩΝ ΕΡΓΑΖΟΜΕΝΩΝ ΟΙ ΟΠΟΙΟΙ ΕΚΤΙΘΕΝΤΑΙ ΣΕ ΙΟΝΤΙΖΟΥΣΑ ΑΚΤΙΝΟΒΟΛΙΑ,998854561,Γ ΠΑΠΑΝΙΚΟΛΟΣ Α ΜΠΟΥΜΠΑΣ ΟΕ,2358.4,38527100-6,0419
6ΓΡ746904Ν-53Η,2023-03-31,ΑΠΟΦΑΣΗ ΠΡΟΕΔΡΟΥ ΑΝΑΘΕΣΗΣ ΤΗΣ ΕΠΙΣΚΕΥΗΣ ΔΙΑ ΑΝΤΙΚΑΤΑΣΤΑΣΗΣ ΠΟΔΟΔΙΑΚΟΠΤΗ TPS STRYKER,095335610,RONTIS HELLAS  ΑΝΩΝΥΜΗ ΕΜΠΟΡΙΚΗ ΚΑΙ ΒΙΟΜΗΧΑΝΙΚΗ ΕΤΑΙΡΕΙΑ ΙΑΤΡΟΦΑΡΜΑΚΕΥΤΙΚΩΝ ΕΙΔΩΝ,1942.34,,1439
Ψ3ΒΗ46904Ν-48Ο,2023-03-28,ΑΠΟΦΑΣΗ ΠΡΟΕΔΡΟΥ ΕΓΚΡΙΣΗΣ ΠΡΑΚΤΙΚΟΥ ΚΑΙ ΑΝΑΘΕΣΗΣ ΓΙΑ ΤΗΝ ΠΑΡΟΧΗ ΥΠΗΡΕΣΙΩΝ ΔΙΑΣΥΝΔΕΣΗΣ ΤΟΥ ΟΛΟΚΛΗΡΩΜΕΝΟΥ ΠΛΗΡΟΦΟΡΙΑΚΟΥ ΥΠΟΣΥΣΤΗΜΑΤΟΣ ΑΣΚΛΗΠΙΟΣTM-LAB ΜΕ ΤΟ ΠΛΗΡΟΦΟΡΙΑΚΟ ΣΥΣΤΗΜΑ ΤΗΣ ΗΔΙΚΑ ΓΙΑ ΤΗΝ ΑΠΟΣΤΟΛΗ ΔΕΔΟΜΕΝΩΝ ΜΕΣΩ WEB SERVICES  ΣΤΟ ΨΗΦΙΑΚΟ ΑΠΟΘΕΤΗΡΙΟ ΓΙΑ ΤΗ ΧΟΡΗΓΗΣΗ ΑΠΟΤΕΛΕΣΜΑΤΩΝ ΔΙΑΓΝΩΣΤΙΚΩΝ ΕΡΓΑΣΤΗΡΙΑΚΩΝ ΕΞΕΤΑΣΕΩΝ ΣΕ ΑΣΘΕΝΕΙΣ ΚΑΙ ΤΗ ΔΙΑΣΥΝΔΕΣΗ ΤΟΥ ΥΠΟΣΥΣΤΗΜΑΤΟΣ ΑΣΚΛΗΠΙΟΣTM-PATIENT/CARE ΜΕ ΤΟ ΨΗΦΙΑΚΟ ΑΠΟΘΕΤΗΡΙΟ ΓΙΑ ΤΗΝ ΗΛΕΚΤΡΟΝΙΚΗ ΧΟΡΗΓΗΣΗ ΒΕΒΑΙΩΣΕΩΝ ΝΟΣΗΛΕΙΑΣ Ή ΕΞΕΤΑΣΗΣ ΑΣΘΕΝΟΥΣ ΣΤΑ ΔΗΜΟΣΙΑ ΝΟΣΟΚΟΜΕΙΑ ΚΑΙ ΤΙΣ ΙΔΙΩΤΙΚΕΣ ΚΛΙΝΙΚΕΣ ΤΗΣ ΧΩΡΑΣ,095403136,COMPUTER SOLUTIONS ΑΝΩΝΥΜΗ ΒΙΟΜΗΧΑΝΙΚΗ ΚΑΙ ΕΜΠΟΡΙΚΗ ΕΤΑΙΡΕΙΑ ΠΛΗΡΟΦΟΡΙΚΗΣ,4500.0,30237110-3,0426
964746904Ν-2ΚΕ,2023-03-27,ΑΠΟΦΑΣΗ ΠΡΟΕΔΡΟΥ ΑΝΑΘΕΣΗΣ ΓΙΑ ΤΗΝ ΠΡΟΜΗΘΕΙΑ ΤΑΙΝΙΩΝ ΜΕΤΡΗΣΗΣ ΣΑΚΧΑΡΟΥ,094322455,MENARINI ΔΙΑΓΝΩΣΤΙΚΑ ΙΑΤΡΙΚΑ ΟΡΓΑΝΑ ΑΕΒΕ,3593.4,30192200-3,1311
9Ν7746904Ν-4ΣΒ,2024-01-16,ΑΠΟΦΑΣΗ ΠΡΟΕΔΡΟΥ ΕΓΚΡΙΣΗΣ ΠΡΑΚΤΙΚΟΥ ΚΑΙ ΑΝΑΘΕΣΗΣ ΥΠΗΡΕΣΙΩΝ,095029193,ΠΑΠΑΠΟΣΤΟΛΟΥ Ν ΑΝΩΝΥΜΗ ΕΤΑΙΡΕΙΑ  ΕΤΑΙΡΕΙΑ ΕΜΠΟΡΙΑΣ ΚΑΙ ΑΝΤΙΠΡΟΣΩΠΕΙΩΝ ΙΑΤΡΙΚΩΝ ΕΡΓΑΛΕΙΩΝ ΚΑΙ ΜΗΧΑΝΗΜΑΤΩΝ,5280.0,33192120-9,0889-1439
9ΛΣΘ46904Ν-ΙΙΘ,2024-01-09,ΑΠΟΦΑΣΗ ΠΡΟΕΔΡΟΥ ΕΓΚΡΙΣΗΣ ΠΡΑΚΤΙΚΟΥ ΚΑΙ ΑΝΑΘΕΣΗΣ ΓΙΑ ΤΗΝ ΠΡΟΜΗΘΕΙΑ 10 ΒΡΟΓΧΟΣΚΟΠΙΩΝ ΜΙΑΣ ΧΡΗΣΕΩΣ,999722678,SOFMEDICA ΕΛΛΑΣ ΙΑΤΡΙΚΗ ΤΕΧΝΟΛΟΓΙΑ ΑΝΩΝΥΜΗ ΕΤΑΙΡΕΙΑ,2900.0,33140000-3,1311
6Ψ5Δ46904Ν-Δ57,2024-01-05,ΑΠΟΦΑΣΗ ΠΡΟΕΔΡΟΥ ΕΓΚΡΙΣΗΣ ΠΡΑΚΤΙΚΟΥ ΚΑΙ ΑΝΑΘΕΣΗΣ ΓΙΑ ΤΗΝ ΑΝΑΝΕΩΣΗ ΑΔΕΙΩΝ ΧΡΗΣΗΣ (LICENSES) ΤΟΥ ΕΓΚΑΤΕΣΤΗΜΕΝΟΥ ANTIVIRUS,999481910,ΓΟΥΔΕΒΕΝΟΥ ΚΕΡΚΥΡΑ ΚΑΙ ΣΙΑ ΕΕ,2954.0,48760000-3,0419
Ψ0ΛΛ46904Ν-ΤΣΗ,2024-01-04,ΑΠΟΦΑΣΗ ΠΡΟΕΔΡΟΥ ΕΓΚΡΙΣΗΣ ΠΡΑΚΤΙΚΟΥ ΚΑΙ ΑΝΑΘΕΣΗΣ ΓΙΑ ΤΗΝ ΠΑΡΟΧΗ ΥΠΗΡΕΣΙΩΝ ΔΙΑΧΕΙΡΙΣΗΣ ΕΠΙΚΙΝΔΥΝΩΝ ΑΠΟΒΛΗΤΩΝ (ΕΑΥΜ-ΕΑΑΜ) (ΚΙΤΡΙΝΑ-ΑΠΟΣΤΕΙΡΩΣΗ),999893375,ΕΥΣΤΑΘΙΟΣ Γ ΤΣΙΓΚΡΗΣ ΜΟΝΟΠΡΟΣΩΠΗ ΕΤΑΙΡΕΙΑ ΠΕΡΙΟΡΙΣΜΕΝΗΣ ΕΥΘΥΝΗΣ,29240.0,90524400-0,0846
9ΞΡ346904Ν-Ο5Ε,2023-12-29,ΑΠΟΦΑΣΗ ΠΡΟΕΔΡΟΥ ΕΓΚΡΙΣΗΣ ΠΡΑΚΤΙΚΟΥ ΚΑΙ ΑΝΑΘΕΣΗΣ ΓΙΑ ΤΗΝ ΠΡΟΜΗΘΕΙΑ ΕΤΟΙΜΩΝ ΓΕΥΜΑΤΩΝ (ΙΑΝΟΥΑΡΙΟΣ),999859867,ΠΟΤ ΚΑΙ ΠΑΝ ΦΟΥΝΤΣΕΡΒΙΣ ΑΝΩΝΥΜΗ ΕΤΑΙΡΕΙΑ ΠΑΡΑΓΩΓΗΣ ΚΑΙ ΕΜΠΟΡΙΑΣ ΓΕΥΜΑΤΩΝ,29504.4,15894220-9,1511
6ΓΠΧ46904Ν-Ω61,2023-12-22,ΑΠΟΦΑΣΗ ΠΡΟΕΔΡΟΥ ΕΓΚΡΙΣΗΣ ΠΡΑΚΤΙΚΟΥ,102233297,"ΚΑΛΟΜΟΙΡΗΣ,,ΜΙΧΑΗΛ,ΧΡΗΣΤΟΣ",14410.68,,0419
94ΘΒ46904Ν-ΚΩΤ,2023-12-21,ΑΠΟΦΑΣΗ ΠΡΟΕΔΡΟΥ ΑΝΑΘΕΣΗΣ ΤΟΥ ΓΕΝΙΚΟΥ ΕΛΕΓΧΟΥ ΔΙΑΘΕΡΜΙΑΣ VIO200S ΚΑΙ ΣΥΣΤΗΜΑΤΟΣ APC2,094504367,ΕΝΔΟΣΚΟΠΙΚΗ ΑΝΩΝΥΜΟΣ ΕΜΠΟΡΙΚΗ ΕΤΑΙΡΕΙΑ ΙΑΤΡΙΚΩΝ ΕΙΔΩΝ,1066.4,,0887
ΡΦ7Ψ46904Ν-ΤΑ3,2023-12-21,ΑΠΟΦΑΣΗ ΠΡΟΕΔΡΟΥ ΑΝΑΘΕΣΗΣ ΓΙΑ ΤΗΝ ΠΡΟΜΗΘΕΙΑ ΜΙΚΡΟΣΚΟΠΙΟΥ ΚΑΙ ΟΡΙΣΜΟΥ ΕΠΙΤΡΟΠΗΣ ΠΑΡΑΛΑΒΗΣ,997982917,LIFE SCIENCE CHEMILAB ΑΝΩΝΥΜΗ ΕΜΠΟΡΙΚΗ ΕΤΑΙΡΕΙΑ ΛΑΙΦ ΣΑΙΕΝΣ ΚΕΜΙΛΑΜΠ ΑΝΩΝΥΜΗ ΕΜΠΟΡΙΚΗ ΕΤΑΙΡΕΙΑ,3999.99,,7131
ΡΠΦ446904Ν-ΦΙ8,2023-12-15,ΑΠΟΦΑΣΗ ΠΡΟΕΔΡΟΥ ΑΝΑΘΕΣΗΣ ΤΗΣ ΕΠΙΣΚΕΥΗΣ ΠΛΥΝΤΗΡΙΟΥ ΕΝΔΟΣΚΟΠΙΩΝ BP 100 HE STEELCO,999961120,MEDIC PLAN HEALTH PROJECT IKE,644.8,,0889-1899
6ΤΩΖ46904Ν-7ΥΨ,2023-12-15,ΑΠΟΦΑΣΗ ΠΡΟΕΔΡΟΥ ΕΓΚΡΙΣΗΣ ΠΡΑΚΤΙΚΟΥ ΠΡΟΜΗΘΕΙΑΣ ΣΤΟΛΩΝ ΝΟΣΗΛΕΥΤΙΚΟΥ ΠΡΟΣΩΠΙΚΟΥ,094098300,ΥΦΑΝΤΟΥΡΓΕΙΑ Α ΚΑΡΥΠΙΔΗΣ ΑΝΩΝΥΜΟΣ ΒΙΟΜΗΧΑΝΙΚΗ ΕΜΠΟΡΙΚΗ ΕΤΑΙΡΙΑ,5525.79,,1528
94Ζ646904Ν-ΙΗΙ,2023-12-14,ΑΠΟΦΑΣΗ ΠΡΟΕΔΡΟΥ ΕΓΚΡΙΣΗΣ ΠΡΑΚΤΙΚΟΥ ΟΙΚΟΝΟΜΙΚΗΣ ΑΞΙΟΛΟΓΗΣΗΣ,997883731,Χ ΚΟΝΔΥΛΗ Α ΠΑΡΑΣΚΕΥΟΠΟΥΛΟΥ ΟΕ,806.45,,0419
6ΘΛΧ46904Ν-7ΤΞ,2023-12-15,ΑΠΟΦΑΣΗ ΠΡΟΕΔΡΟΥ ΕΓΚΡΙΣΗΣ ΠΡΑΚΤΙΚΟΥ ΚΑΙ ΑΝΑΘΕΣΗΣ ΓΙΑ ΤΗΝ ΠΑΡΟΧΗ ΥΠΗΡΕΣΙΩΝ ΚΑΘΑΡΙΟΤΗΤΑΣ,996589476,MYSERVICES Α Ε ΠΑΡΟΧΗΣ ΥΠΗΡΕΣΙΩΝ ΛΕΙΤΟΥΡΓ ΥΠΟΣΤ ΚΤΙΡ ΥΠΟΣΤ ΔΙΟΙΚ ΥΠΟΣΤ ΞΕΝ ΥΠΟΣΤ ΔΙΑΝΟΜΗΣ ΓΕΥΜΑΤΩΝ ΙΔ ΕΠΙΧ ΠΑΡ ΥΠΗΡ ΑΣΦ,28760.0,90910000-9,0845
ΨΑ5746904Ν-ΙΧ6,2023-12-08,ΑΠΟΦΑΣΗ ΠΡΟΕΔΡΟΥ ΑΝΑΘΕΣΗΣ ΤΗΣ ΕΠΙΣΚΕΥΗΣ ΜΟΝΙΤΟΡ ΖΩΤΙΚΩΝ ΠΑΡΑΜΕΤΡΩΝ G3H GENERAL MEDITECH INC ΑΠΟ ΤΗΝ ΑΠΟΚΛΕΙΣΤΙΚΗ ΑΝΤΙΠΡΟΣΩΠΟ ΕΤΑΙΡΕΙΑ,800834358,CARDIOSCIENCE P C,450.12,,0889-1899
ΨΞΨ046904Ν-ΙΔΧ,2023-12-04,ΑΠΟΦΑΣΗ ΠΡΟΕΔΡΟΥ ΕΓΚΡΙΣΗΣ ΠΡΑΚΤΙΚΟΥ ΚΑΙ ΑΝΑΘΕΣΗΣ ΓΙΑ ΤΗΝ ΠΡΟΜΗΘΕΙΑ ΕΠΙΠΛΩΝ,081948820,Β ΒΟΥΓΙΟΥΚΑΣ ΚΑΙ ΣΙΑ ΟΕ,3819.51,39100000-3,7111
ΨΗΛΛ46904Ν-ΦΦΛ,2023-11-29,"ΑΠΟΦΑΣΗ ΠΡΟΕΔΡΟΥ ΕΓΚΡΙΣΗΣ ΤΟΥ ΠΡΑΚΤΙΚΟΥ ΤΗΕ ΕΠΙΤΡΟΠΗΣ ΑΞΙΟΛΟΓΗΣΗΣ ΤΩΝ ΠΡΟΣΦΟΡΩΝ ΓΙΑ ΤΗΝ ΠΡΟΜΗΘΕΙΑ ΕΚΤΥΠΩΤΩΝ ΘΕΡΜΙΚΗΣ ΕΚΤΥΠΩΣΗΣ ΕΤΙΚΕΤΩΝ BARCODE, ΑΝΑΘΕΣΗΣ ΣΤΗΝ ΕΤΑΙΡΕΙΑ ΚΑΙ ΟΡΙΣΜΟΥ ΕΠΙΤΡΟΠΗ ΠΑΡΑΛΑΒΗΣ",999125269,RETHINK ΑΕΒΕ ΕΡΕΥΝΑΣ ΔΙΑΧΕΙΡΙΣΗΣ ΚΑΙ ΑΞΙΟΠΟΙΗΣΗΣ ΥΓΡΩΝ ΚΑΙ ΣΤΕΡΕΩΝ ΑΠΟΒΛΗΤΩΝ ΕΜΠΟΡΙΑΣ ΕΙΔΩΝ ΠΛΗΡΟΦΟΡΙΚΗΣ ΚΑΙ ΑΝΑΚΑΤΑΣΚΕΥ,3214.08,,7123
6Γ5046904Ν-ΞΔ3,2023-11-28,ΑΠΟΦΑΣΗ ΠΡΟΕΔΡΟΥ ΑΝΑΘΕΣΗΣ ΤΗΣ ΕΠΙΣΚΕΥΗΣ ΗΛΕΚΤΡΟΚΙΝΗΤΗΣ ΚΛΙΝΗΣ ΤΥΠΟΥ ΨΗΛΙΑΚΟΣ 3303 ΑΠΟ ΤΗΝ ΑΠΟΚΛΕΙΣΤΙΚΗ ΑΝΤΙΠΡΟΣΩΠΟ ΕΤΑΙΡΕΙΑ,801875363,LIONMED ΜΟΝΟΠΡΟΣΩΠΗ Ι Κ Ε,721.68,,0887-1439
6Ξ0Σ46904Ν-ΠΞ0,2023-11-27,ΑΠΟΦΑΣΗ ΠΡΟΕΔΡΟΥ ΕΓΚΡΙΣΗΣ ΠΡΑΚΤΙΚΟΥ ΚΑΙ ΑΝΑΘΕΣΗΣ ΓΙΑ ΤΗΝ ΠΡΟΜΗΘΕΙΑ ΔΥΟ (2) ΗΛΕΚΤΡΟΚΙΝΗΤΩΝ ΚΛΙΝΩΝ ΓΙΑ ΤΙΣ ΑΝΑΓΚΕΣ ΤΗΣ Α' ΠΑΘΟΛΟΓΙΚΗΣ ΚΛΙΝΙΚΗΣ,999495127,ΛΕΩΝΙΔΑΣ ΨΗΛΙΑΚΟΣ ΚΑΙ ΣΙΑ ΕΤΑΙΡΕΙΑ ΠΕΡΙΟΡΙΣΜΕΝΗΣ ΕΥΘΥΝΗΣ,5590.0,33192120-9,7131
ΨΠΦΒ46904Ν-ΚΞΕ,2023-11-23,ΣΥΜΠΛΗΡΩΜΑΤΙΚΗ ΔΣΜΕΥΣΗ ΠΙΣΤΩΣΗΣ ΠΡΟΜΗΘΕΙΑΣ ΑΝΤΙΔΡΑΣΤΗΡΙΩΝ ΤΟΥ  ΑΙΜΑΤΟΛΟΓΙΚΟΥ,094456875,SIEMENS HEALTHCARE ΜΟΝΟΠΡΟΣΩΠΗ  ΑΝΩΝΥΜΟΣ ΒΙΟΜΗΧΑΝΙΚΗ ΚΑΙ ΕΜΠΟΡΙΚΗ ΕΤΑΙΡΕΙΑ,10000.0,,1359
63Ω146904Ν-8Ε5,2023-11-21,ΑΠΟΦΑΣΗ ΠΡΟΕΔΡΟΥ ΑΝΑΘΕΣΗΣ ΠΡΟΜΗΘΕΙΑΣ ΤΑΙΝΙΩΝ ΜΕΤΡΗΣΗΣ ΣΑΚΧΑΡΟΥ,094322455,MENARINI ΔΙΑΓΝΩΣΤΙΚΑ ΙΑΤΡΙΚΑ ΟΡΓΑΝΑ ΑΕΒΕ,3593.4,,1311
ΨΛΚ646904Ν-ΖΚΗ,2023-11-17,ΑΠΟΦΑΣΗ ΠΡΟΕΔΡΟΥ ΕΓΚΡΙΣΗΣ ΠΡΑΚΤΙΚΟΥ ΚΑΙ ΑΝΑΘΕΣΗΣ ΥΠΗΡΕΣΙΩΝ ΚΑΘΑΡΙΟΤΗΤΑΣ ΓΙΑ ΕΝΑ (1) ΜΗΝΑ,996589476,MYSERVICES Α Ε ΠΑΡΟΧΗΣ ΥΠΗΡΕΣΙΩΝ ΛΕΙΤΟΥΡΓ ΥΠΟΣΤ ΚΤΙΡ ΥΠΟΣΤ ΔΙΟΙΚ ΥΠΟΣΤ ΞΕΝ ΥΠΟΣΤ ΔΙΑΝΟΜΗΣ ΓΕΥΜΑΤΩΝ ΙΔ ΕΠΙΧ ΠΑΡ ΥΠΗΡ ΑΣΦ,28765.0,,0845
ΨΛΨΡ46904Ν-ΣΗ9,2023-11-17,AΠΟΦΑΣΗ ΠΡΟΕΔΡΟΥ ΕΓΚΡΙΣΗΣ ΠΡΑΚΤΙΚΟΥ ΚΑΙ ΑΝΑΘΕΣΗΣ ΥΠΗΡΕΣΙΩΝ ΑΠΟΚΑΤΑΣΤΑΣΗΣ ΚΤΙΡΙΑΚΩΝ ΦΘΟΡΩΝ,801220499,Π Π ΚΑΤΑΣΚΕΥΑΣΤΙΚΗ Ο Ε,9677.42,,0863
6ΣΝΥ46904Ν-ΤΝΨ,2023-11-10,ΑΠΟΦΑΣΗ ΠΡΟΕΔΡΟΥ ΕΓΚΡΙΣΗΣ ΠΡΑΚΤΙΚΟΥ ΚΑΙ ΑΝΑΘΕΣΗΣ ΓΙΑ ΤΗΝ ΠΡΟΜΗΘΕΙΑ ΥΔΡΑΥΛΙΚΩΝ ΥΛΙΚΩΝ,021146954,"ΣΙΨΑΣ,,ΓΡΗΓΟΡΙΟΣ,ΘΕΟΦΑΝΗΣ",3031.0,44411000-4,1413
6ΧΜΒ46904Ν-11Ε,2023-11-10,ΑΠΟΦΑΣΗ ΠΡΟΕΔΡΟΥ ΕΓΚΡΙΣΗΣ ΠΡΑΚΤΙΚΟΥ ΚΑΙ ΑΝΑΘΕΣΗΣ ΓΙΑ ΤΗΝ ΠΡΟΜΗΘΕΙΑ ΚΑΙ ΤΟΠΟΘΕΤΗΣΗ 9 ΚΛΙΜΑΤΙΣΤΙΚΩΝ ΜΟΝΑΔΩΝ,094539078,ΝΙΚΟΣ ΑΘΑΝΑΣΙΟΥ ΜΠΙΡΗΣ ΚΑΙ ΥΙΟΙ ΑΝΩΝΥΜΟΣ ΕΜΠΟΡΙΚΗ ΚΑΙ ΤΕΧΝΙΚΗ ΕΤΑΙΡΕΙΑ,6340.0,42512200-0,7112
673Τ46904Ν-2Δ1,2023-11-10,ΑΠΟΦΑΣΗ ΠΡΟΕΔΡΟΥ ΑΝΑΘΕΣΗΣ ΤΗΣ ΕΠΙΣΚΕΥΗΣ ΑΝΑΡΡΟΦΗΣΗΣ DOMINANT 50 MOBILE MEDELA AG ΣΤΗΝ ΑΠΟΚΛΕΙΣΤΙΚΗ ΑΝΤΙΠΡΟΣΩΠΟ ΕΤΑΙΡΕΙΑ,800888293,KLINIKUM PLUS ΜΟΝΟΠΡΟΣΩΠΗ Ι Κ Ε,691.92,,0887-1439
ΨΥ3Α46904Ν-ΑΤΛ,2023-11-10,ΑΠΟΦΑΣΗ ΠΡΟΕΔΡΟΥ ΕΓΚΡΙΣΗΣ ΠΡΑΚΤΙΚΟΥ ΚΑΙ ΑΝΑΘΕΣΗΣ ΓΙΑ ΤΗΝ ΣΥΝΤΗΡΗΣΗ-ΕΠΙΣΚΕΥΗ ΤΩΝ ΑΠΟΧΕΤΕΥΤΙΚΩΝ ΚΑΙ ΟΜΒΡΙΩΝ ΕΓΚΑΤΑΣΤΑΣΕΩΝ ΤΟΥ ΝΟΣΟΚΟΜΕΙΟΥ ΜΕ ΤΡΟΧΟΦΟΡΟ ΑΠΟΦΡΑΚΤΙΚΟ ΜΗΧΑΝΗΜΑ,800830648,ΕΡΓΟΔΥΝΑΜΙΚΗ 2030 Ε Ε,9480.0,45255600-5,0879
6Ζ1Λ46904Ν-ΠΑ4,2023-11-03,ΑΠΟΦΑΣΗ ΠΡΟΕΔΡΟΥ ΕΓΚΡΙΣΗΣ ΠΡΑΚΤΙΚΟΥ ΚΑΙ ΑΝΑΘΕΣΗΣ ΕΤΗΣΙΑΣ ΣΥΜΒΑΣΗΣ,800830648,ΕΡΓΟΔΥΝΑΜΙΚΗ 2030 Ε Ε,9600.0,,0879
9Ψ1946904Ν-2Δ1,2023-11-03,ΑΠΟΦΑΣΗ ΠΡΟΕΔΡΟΥ ΑΝΑΘΕΣΗΣ ΠΡΟΜΗΘΕΙΑΣ ΗΛΕΚΤΡΟΛΟΓΙΚΟΥ ΥΛΙΚΟΥ,802163799,ELECTROSTORM K ΣΙΑ Ε Ε,2759.5,,1899
ΨΧΧΦ46904Ν-ΜΒ5,2023-11-03,ΑΠΟΦΑΣΗ ΠΡΟΕΔΡΟΥ ΕΓΚΡΙΣΗΣ ΠΡΑΚΤΙΚΟΥ ΚΑΙ ΑΝΑΘΕΣΗΣ ΓΙΑ ΤΗΝ ΠΡΟΜΗΘΕΙΑ ΝΟΣΟΚΟΜΕΙΑΚΩΝ ΧΑΡΤΟΚΥΤΙΩΝ (HOSPITAL BOXES) ΓΙΑ ΔΙΑΧΕΙΡΙΣΗ ΕΠΙΚΙΝΔΥΝΩΝ ΑΠΟΒΛΗΤΩΝ (Ε.Α.Υ.Μ.),099101893,ΔΙΟΝΥΣΙΟΣ Δ ΘΕΟΔΟΣΗΣ ΚΑΙ ΣΙΑ ΟΕ,5628.0,33772000-2,1899
Ρ33446904Ν-ΚΝ1,2023-11-01,ΑΠΟΦΑΣΗ ΠΡΟΕΔΡΟΥ ΕΓΚΡΙΣΗΣ ΠΡΑΚΤΙΚΟΥ ΓΙΑ ΤΗΝ ΑΝΑΘΕΣΗ ΥΠΗΡΕΣΙΩΝ ΕΙΔΙΚΟΤΗΤΑΣ ΗΛΕΚΤΡΟΤΕΧΝΙΤΩΝ ΕΩΣ ΚΑΙ 210 ΒΑΡΔΙΕΣ,998693400,ΠΑΝΑΓΙΩΤΗΣ Κ ΑΝΔΡΟΝΙΚΙΔΗΣ ΚΑΙ ΣΙΑ ΟΕ,18221.7,50700000-2,0419
ΨΗ1746904Ν-9ΡΚ,2023-10-27,ΑΠΟΦΑΣΗ ΠΡΟΕΔΡΟΥ ΑΝΑΘΕΣΗΣ ΤΗΣ ΕΠΙΣΚΕΥΗΣ ΠΟΔΟΔΙΑΚΟΠΤΗ ΜΙΚΡΟΣΚΟΠΙΟΥ LEICA ΑΠΟ ΤΗΝ ΑΠΟΚΛΕΙΣΤΙΚΗ ΑΝΤΙΠΡΟΣΩΠΟ,801310825,MINOPTA ΜΟΝΟΠΡΟΣΩΠΗ Ι Κ Ε,1240.0,,0887
9ΟΟΓ46904Ν-5ΗΒ,2023-10-30,ΑΠΟΦΑΣΗ ΠΡΟΕΔΡΟΥ ΑΝΑΘΕΣΗΣ ΤΗΣ ΑΝΤΙΚΑΤΑΣΤΑΣΗΣ ΣΥΣΚΕΥΗΣ ΥΠΕΡΗΧΩΝ ΟΔΟΝΤΙΑΤΡΙΚΗΣ ΕΔΡΑΣ JOINCHAMP ΑΠΟ ΤΗΝ ΑΠΟΚΛΕΙΣΤΙΚΗ ΑΝΤΙΠΡΟΣΩΠΟ ΕΤΑΙΡΕΙΑ,999913888,EMODENTAL Θ ΔΕΣΥΝΙΩΤΗΣ ΜΟΝΟΠΡΟΣΩΠΗ Ε Π Ε,421.6,,0887
ΨΚΝΛ46904Ν-7Χ0,2023-10-30,"ΑΠΟΦΑΣΗ ΠΡΟΕΔΡΟΥ ΑΝΑΘΕΣΗΣ ΤΟΥ ΕΛΕΓΧΟΥ ΚΑΛΗΣ ΛΕΙΤΟΥΡΓΙΑΣ, ΤΗΣ ΕΦΑΠΑΞ ΠΡΟΛΗΠΤΙΚΗΣ ΣΥΝΤΗΡΗΣΗΣ ΚΑΙ ΤΗΣ ΒΑΘΜΟΝΟΜΗΣΗΣ ΤΡΙΩΝ ΤΟΝΟΜΕΤΡΩΝ ΕΠΙΠΕΔΩΣΕΩΣ ΓΙΑ ΣΧΙΣΜΟΕΙΔΗ ΛΥΧΝΙΑ HS AT900 ΣΤΗΝ ΑΠΟΚΛΕΙΣΤΙΚΗ ΑΝΤΙΠΡΟΣΩΠΟ ΕΤΑΙΡΕΙΑ",094264251,ΟΜΜΑ ΛΑΙΤ ΦΑΡΜΑΚΕΥΤΙΚΑ  ΟΠΤΙΚΑ  ΙΑΤΡΙΚΑ ΑΝΩΝ ΕΜΠ ΕΤΑΙΡΕΙΑ,553.16,,0887-1439
ΨΛΒΛ46904Ν-4Α9,2023-10-27,ΑΠΟΦΑΣΗ ΠΡΟΕΔΡΟΥ ΑΝΑΘΕΣΗΣ ΓΙΑ ΤΗΝ ΠΡΟΜΗΘΕΙΑ ΕΤΟΙΜΩΝ ΓΕΥΜΑΤΩΝ (ΝΟΕΜΒΡΙΟΣ),094180805,ΑΦΟΙ ΚΟΜΠΑΤΣΙΑΡΗ ΑΝΩΝΥΜΗ ΕΤΑΙΡΕΙΑ  ΕΚΜΕΤΑΛΕΥΣΕΩΝ ΕΣΤΙΑΤΟΡΙΑ ΤΟΥΡΙΣΤΙΚΕΣ ΕΠΙΧΕΙΡΗΣΕΙΣ,29748.0,55523000-2,1511
Ψ15Ν46904Ν-Ε5Μ,2023-10-26,ΑΠΟΦΑΣΗ ΔΕΣΜΕΥΣΗΣ ΠΑΡΟΧΗΣ ΥΠΗΡΕΣΙΩΝ ΔΙΑΧΕΙΡΙΣΗΣ ΕΠΙΚΙΝΔΥΝΩΝ ΑΠΟΒΛΗΤΩΝ (ΚΟΚΚΙΝΑ),998644103,ΑΠΟΣΤΕΙΡΩΣΗ ΚΕΝΤΡΟ ΕΠΕΞΕΡΓΑΣΙΑΣ ΑΠΟΒΛΗΤΩΝ ΑΝΩΝΥΜΗ ΕΤΑΙΡΕΙΑ,23560.0,90524400-0,0846
6ΠΛΨ46904Ν-Δ2Ζ,2023-10-26,ΑΠΟΦΑΣΗ ΠΡΟΕΔΡΟΥ ΑΝΑΘΕΣΗΣ ΠΑΡΟΧΗΣ ΥΠΗΡΕΣΙΩΝ ΔΙΑΧΙΡΕΙΣΗΑ ΚΙΤΡΙΝΩΝ ΑΠΟΒΛΗΤΩΝ,999893375,ΕΥΣΤΑΘΙΟΣ Γ ΤΣΙΓΚΡΗΣ ΜΟΝΟΠΡΟΣΩΠΗ ΕΤΑΙΡΕΙΑ ΠΕΡΙΟΡΙΣΜΕΝΗΣ ΕΥΘΥΝΗΣ,29240.0,,0846
ΡΠΠ546904Ν-Γ07,2023-10-26,ΑΠΟΦΑΣΗ ΠΡΟΕΔΡΟΥ  ΑΝΑΘΕΣΗΣ ΠΑΡΟΧΗΣ ΥΠΗΡΕΣΙΩΝ ΔΙΑΧΕΙΡΙΣΗΣ ΚΟΚΚΙΝΩΝ ΕΠΙΚΙΝΔΥΝΩΝ ΑΠΟΒΛΗΤΩΝ,998644103,ΑΠΟΣΤΕΙΡΩΣΗ ΚΕΝΤΡΟ ΕΠΕΞΕΡΓΑΣΙΑΣ ΑΠΟΒΛΗΤΩΝ ΑΝΩΝΥΜΗ ΕΤΑΙΡΕΙΑ,28500.0,90524400-0,0846
6Ρ0Π46904Ν-3Ε1,2023-10-20,ΑΠΟΦΑΣΗ ΠΡΟΕΔΡΟΥ ΕΓΚΡΙΣΗΣ ΠΡΑΚΤΙΚΟΥ ΚΑΙ ΑΝΑΘΕΣΗΣ ΓΙΑ ΤΗΝ ΠΑΡΟΧΗ ΥΠΗΡΕΣΙΩΝ ΚΑΘΑΡΙΟΤΗΤΑΣ,996589476,MYSERVICES Α Ε ΠΑΡΟΧΗΣ ΥΠΗΡΕΣΙΩΝ ΛΕΙΤΟΥΡΓ ΥΠΟΣΤ ΚΤΙΡ ΥΠΟΣΤ ΔΙΟΙΚ ΥΠΟΣΤ ΞΕΝ ΥΠΟΣΤ ΔΙΑΝΟΜΗΣ ΓΕΥΜΑΤΩΝ ΙΔ ΕΠΙΧ ΠΑΡ ΥΠΗΡ ΑΣΦ,28770.0,90910000-9,0845
ΨΙ9Σ46904Ν-66Ψ,2023-10-12,ΑΠΟΦΑΣΗ ΠΡΟΕΔΡΟΥ ΕΓΚΡΙΣΗΣ ΔΑΠΑΝΗΣ ΓΙΑ ΤΗΝ ΕΠΙΣΚΕΥΗ ΗΛΕΚΤΡΟΚΙΝΗΤΗΣ ΚΛΙΝΗΣ ΤΥΠΟΥ ΨΗΛΙΑΚΟΣ 3303 ΑΠΟ ΤΗΝ ΑΠΟΚΛΕΙΣΤΙΚΗ ΑΝΤΙΠΡΟΣΩΠΟ ΕΤΑΙΡΕΙΑ,801875363,LIONMED ΜΟΝΟΠΡΟΣΩΠΗ Ι Κ Ε,823.0,,0887-1439
ΨΔΟΟ46904Ν-Β1Α,2023-10-12,ΑΠΟΦΑΣΗ ΠΡΟΕΔΡΟΥ ΑΝΑΘΕΣΗΣ ΤΗΣ ΕΠΙΣΚΕΥΗΣ ΤΡΙΩΝ ΦΟΡΕΙΩΝ ΤΥΠΟΥ 6005 ΤΟΥ ΚΑΤΑΣΚΕΥΑΣΤΙΚΟΥ ΟΙΚΟΥ ΨΗΛΙΑΚΟΣ ΑΠΟ ΤΗΝ ΑΠΟΚΛΕΙΣΤΙΚΗ ΑΝΤΙΠΡΟΣΩΠΟ ΕΤΑΙΡΕΙΑ,801875363,LIONMED ΜΟΝΟΠΡΟΣΩΠΗ Ι Κ Ε,544.36,,0899-1899
6ΗΣΟ46904Ν-Ι3Τ,2023-10-12,ΑΠΟΦΑΣΗ ΠΡΟΕΔΡΟΥ ΕΓΚΡΙΣΗΣ ΠΡΑΚΤΙΚΟΥ ΚΑΙ ΑΝΑΘΕΣΗΣ ΓΙΑ ΤΗΝ ΠΑΡΟΧΗ ΥΠΗΡΕΣΙΩΝ ΕΠΙΣΚΕΥΗΣ ΤΗΣ ΟΡΟΦΗΣ ΤΟΥ ΑΙΜΑΤΟΛΟΓΙΚΟΥ ΕΡΓΑΣΤΗΡΙΟΥ ΚΑΙ ΤΩΝ ΜΟΝΩΣΕΩΝ ΤΗΣ ΟΡΟΦΗΣ ΤΩΝ ΤΑΚΤΙΚΩΝ ΙΑΤΡΕΙΩΝ ΚΑΙ ΤΗΣ ΤΑΡΑΤΣΑΣ ΤΟΥ ΠΑΘΟΛΟΓΟΝΑΤΟΜΙΚΟΥ ΙΑΤΡΕΙΟΥ,134474339,"ΒΕΡΒΑΙΝΙΩΤΗΣ,,ΗΛΙΑΣ,ΣΤΑΥΡΟΣ",12200.0,45261410-1,0863-1413
9ΥΦ346904Ν-ΝΞΚ,2023-09-27,ΑΠΟΦΑΣΗ ΠΡΟΕΔΡΟΥ ΑΝΑΘΕΣΗΣ ΓΙΑ ΤΗΝ ΠΑΡΟΧΗ ΥΠΗΡΕΣΙΩΝ ΕΠΙΔΙΟΡΘΩΣΗΣ ΚΑΙ ΜΕΤΑΠΟΙΗΣΗΣ ΙΜΑΤΙΣΜΟΥ,106325238,"KALER,,RAM,MACNAN",5960.0,50830000-2,0899
ΨΣ3Ρ46904Ν-ΜΧ6,2023-09-25,ΑΠΟΦΑΣΗ ΠΡΟΕΔΡΟΥ ΕΓΚΡΙΣΗΣ ΠΡΑΚΤΙΚΟΥ ΚΑΙ ΑΝΑΘΕΣΗΣ ΓΙΑ ΤΗΝ ΠΡΟΜΗΘΕΙΑ ΕΤΟΙΜΩΝ ΓΕΥΜΑΤΩΝ (ΟΚΤΩΒΡΙΟΣ),094180805,ΑΦΟΙ ΚΟΜΠΑΤΣΙΑΡΗ ΑΝΩΝΥΜΗ ΕΤΑΙΡΕΙΑ  ΕΚΜΕΤΑΛΕΥΣΕΩΝ ΕΣΤΙΑΤΟΡΙΑ ΤΟΥΡΙΣΤΙΚΕΣ ΕΠΙΧΕΙΡΗΣΕΙΣ,29679.4,15894220-9,1511
6Δ6846904Ν-ΡΕΘ,2023-09-22,ΑΠΟΦΑΣΗ ΠΡΟΕΔΡΟΥ ΕΓΚΡΙΣΗΣ ΠΡΑΚΤΙΚΟΥ ΚΑΙ ΑΝΑΘΕΣΗΣ ΓΙΑ ΤΗΝ ΠΡΟΜΗΘΕΙΑ ΣΕΤ ΛΑΠΑΡΟΣΚΟΠΙΚΩΝ ΕΠΕΜΒΑΣΕΩΝ ΜΙΑΣ ΧΡΗΣΕΩΣ ΜΕ ΤΗΝ ΤΕΧΝΙΚΗ HASSON,082525697,ΑΝΑΣΤΑΣΙΟΣ ΜΑΥΡΟΓΕΝΗΣ ΙΑΤΡΟΤΕΧΝΟΛΟΓΙΚΑ ΕΙΔΗ ΑΝΩΝΥΜΗ ΕΤΑΙΡΕΙΑ,28800.0,33168000-5,1311
92Μ846904Ν-Τ7Ζ,2023-09-18,ΑΠΟΦΑΣΗ ΠΡΟΕΔΡΟΥ ΑΝΑΘΕΣΗΣ ΤΗΣ ΕΠΙΣΚΕΥΗΣ ΠΛΥΝΤΗΡΙΟΥ ΕΝΔΟΣΚΟΠΙΩΝ BP 100 HE ΤΟΥ ΚΑΤΑΣΚΕΥΑΣΤΙΚΟΥ ΟΙΚΟΥ STEELCO ΣΤΗΝ ΑΠΟΚΛΕΙΣΤΙΚΗ ΑΝΤΙΠΡΟΣΩΠΟ ΕΤΑΙΡΕΙΑ,999961120,MEDIC PLAN HEALTH PROJECT IKE,934.96,,0889-1899
6ΘΝΒ46904Ν-ΦΝ6,2023-09-15,ΑΠΟΦΑΣΗ ΠΡΟΕΔΡΟΥ ΕΓΚΡΙΣΗΣ ΠΡΑΚΤΙΚΟΥ ΚΑΙ ΑΝΑΘΕΣΗΣ ΓΙΑ ΤΗΝ ΠΑΡΟΧΗ ΥΠΗΡΕΣΙΩΝ ΚΑΘΑΡΙΟΤΗΤΑΣ,996589476,MYSERVICES Α Ε ΠΑΡΟΧΗΣ ΥΠΗΡΕΣΙΩΝ ΛΕΙΤΟΥΡΓ ΥΠΟΣΤ ΚΤΙΡ ΥΠΟΣΤ ΔΙΟΙΚ ΥΠΟΣΤ ΞΕΝ ΥΠΟΣΤ ΔΙΑΝΟΜΗΣ ΓΕΥΜΑΤΩΝ ΙΔ ΕΠΙΧ ΠΑΡ ΥΠΗΡ ΑΣΦ,28780.0,90910000-9,0845
ΨΙ4Ι46904Ν-Ο7Χ,2023-08-31,"ΟΡΘΗ ΕΠΑΝΑΛΗΨΗ ΑΠΟΦΑΣΗΣ ΠΡΟΕΔΡΟΥ ΕΓΚΡΙΣΗΣ ΤΟΥ ΠΡΑΚΤΙΚΟΥ ΤΗΣ ΕΠΙΤΡΟΠΗΣ ΑΞΙΟΛΟΓΗΣΗΣ ΤΩΝ ΠΡΟΣΦΟΡΩΝ ΓΙΑ ΤΗΝ ΠΡΟΜΗΘΕΙΑ ΦΟΡΕΙΩΝ ΜΕΤΑΦΟΡΑΣ ΑΣΘΕΝΩΝ ΒΑΡΕΩΣ ΤΥΠΟΥ ΜΕ ΥΔΡΑΥΛΙΚΗ ΑΝΥΨΩΣΗ, ΑΝΑΘΕΣΗΣ ΚΑΙ ΟΡΙΣΜΟΥ ΕΠΙΤΡΟΠΗΣ ΠΑΡΑΛΑΒΗΣ",998618379,ΔΕΜΕΡΤΖΗ Μ ΚΑΙ ΣΙΑ ΕΕ,4216.0,33192160-1,1899
6Ε6Γ46904Ν-ΥΤΖ,2023-08-30,ΑΠΟΦΑΣΗ ΠΡΟΕΔΡΟΥ ΕΓΚΡΙΣΗΣ ΠΡΑΚΤΙΚΟΥ ΚΑΙ ΑΝΑΘΕΣΗΣ ΓΙΑ ΤΗΝ ΠΡΟΜΗΘΕΙΑ ΧΗΜΙΚΩΝ ΑΝΤΙΔΡΑΣΤΗΡΙΩΝ ΤΟΥ ΠΑΘΟΛΟΓΟΑΝΑΤΟΜΙΚΟΥ ΕΡΓΑΣΤΗΡΙΟΥ ΜΕ ΣΥΝΟΔΟ ΕΞΟΠΛΙΣΜΟ (ΙΣΤΟΚΙΝΕΤΑ ΚΛΕΙΣΤΟΥ ΤΥΠΟΥ),094138676,ΒΙΟΔΥΝΑΜΙΚΗ ΑΝΩΝΥΜΟΣ ΕΜΠΟΡΙΚΗ ΤΕΧΝΙΚΗ ΚΑΙ ΒΙΟΜΗΧΑΝΙΚΗ ΕΤΑΙΡΕΙΑ,19283.25,24327000-2,1359
ΩΖΩΘ46904Ν-Ρ0Ω,2023-08-24,ΑΠΟΦΑΣΗ ΠΡΟΕΔΡΟΥ ΕΓΚΡΙΣΗΣ ΠΡΑΚΤΙΚΟΥ ΚΑΙ ΑΝΑΘΕΣΗΣ ΓΙΑ ΤΗΝ ΠΡΟΜΗΘΕΙΑ ΕΤΟΙΜΩΝ ΓΕΥΜΑΤΩΝ (ΣΕΠΤΕΜΒΡΙΟΣ),094180805,ΑΦΟΙ ΚΟΜΠΑΤΣΙΑΡΗ ΑΝΩΝΥΜΗ ΕΤΑΙΡΕΙΑ  ΕΚΜΕΤΑΛΕΥΣΕΩΝ ΕΣΤΙΑΤΟΡΙΑ ΤΟΥΡΙΣΤΙΚΕΣ ΕΠΙΧΕΙΡΗΣΕΙΣ,29748.0,15894220-9,1511
ΨΡ0Ζ46904Ν-ΥΩ9,2023-08-23,ΑΠΟΦΑΣΗ ΠΡΟΕΔΡΟΥ ΕΓΚΡΙΣΗΣ ΠΡΑΚΤΙΚΟΥ ΚΑΙ ΚΑΤΑΚΥΡΩΣΗΣ ΓΙΑ ΤΗΝ ΑΝΑΘΕΣΗ ΥΠΗΡΕΣΙΩΝ ΕΤΗΣΙΑΣ ΣΥΝΤΗΡΗΣΗΣ ΤΟΥ ΣΥΣΤΗΜΑΤΟΣ ΑΡΧΕΙΟΘΕΤΗΣΗΣ ΚΑΙ ΕΡΓΑΣΙΑΣ ΙΑΤΡΙΚΩΝ ΕΙΚΟΝΩΝ - PACS ΤΟΥ ΚΑΤΑΣΚΕΥΑΣΤΙΚΟΥ ΟΙΚΟΥ MILLENSYS ΤΟΥ ΑΚΤΙΝΟΔΙΑΓΝΩΣΤΙΚΟΥ ΤΜΗΜΑΤΟΣ,998860010,ICON DYNAMICS ΙΑΤΡΙΚΑ ΜΗΧΑΝΗΜΑΤΑ ΙΔΙΩΤΙΚΗ ΚΕΦΑΛΑΙΟΥΧΙΚΗ ΕΤΑΙΡΕΙΑ,11800.0,33111000-1,0887
9ΛΑΣ46904Ν-1ΨΔ,2024-06-13,"ΑΠΟΦΑΣΗ ΠΡΟΕΔΡΟΥ ΑΝΑΘΕΣΗΣ ΤΗΣ ΠΡΟΛΗΠΤΙΚΗΣ ΣΥΝΤΗΡΗΣΗΣ, ΤΗΣ ΑΛΛΑΓΗΣ ΜΠΑΤΑΡΙΑΣ ΚΑΙ ΤΗΣ ΑΝΤΙΚΑΤΑΣΤΑΣΗΣ SLIDE CLAMP ASSEMBLY FRU ΣΕ ΑΝΤΛΙΑ ΕΓΧΥΣΗΣ EVO IQ LVP, ΤΟΥ ΚΑΤΑΣΚΕΥΑΣΤΙΚΟΥ ΟΙΚΟΥ BAXTER, ΜΕ S/N SK00907307 ΣΤΗΝ ΑΠΟΚΛΕΙΣΤΙΚΗ ΑΝΤΙΠΡΟΣΩΠΟ ΕΤΑΙΡΕΙΑ",095530045,ΜΠΑΞΤΕΡ ΕΛΛΑΣ ΕΠΕ,967.2,,0887
Ψ63646904Ν-82Θ,2024-06-12,ΑΠΟΦΑΣΗ ΔΕΣΜΕΥΣΗΣ ΠΙΣΤΩΣΗΣ ΓΙΑ ΠΡΟΜΗΘΕΙΑ ΑΝΤΙΔΡΑΣΤΗΡΙΩΝ ΤΟΥ ΑΝΟΣΟΛΟΓΙΚΟΥ ΕΡΓΑΣΤΗΡΙΟΥ,094027257,ABBOTT LABORATORIES ΕΛΛΑΣ ABEE,50000.0,,1359
978646904Ν-ΜΨΡ,2024-06-05,ΑΠΟΦΑΣΗ ΠΡΟΕΔΡΟΥ ΕΓΚΡΙΣΗΣ ΠΡΑΚΤΙΚΟΥ ΤΗΣ ΕΠΙΤΡΟΠΗΣ ΑΞΙΟΛΟΓΗΣΗΣ ΤΩΝ ΠΡΟΣΦΟΡΩΝ ΓΙΑ ΕΡΓΑΣΙΕΣ ΕΠΙΣΚΕΥΗΣ ΤΩΝ ΑΝΤΛΙΩΝ ΙΑΤΡΙΚΟΥ ΚΕΝΟΥ ΓΙΑ ΛΟΓΟΥΣ ΑΣΦΑΛΟΥΣ ΛΕΙΤΟΥΡΓΙΑΣ ΤΩΝ ΕΓΚΑΤΑΣΤΑΣΕΩΝ ΙΑΤΡΙΚΩΝ ΑΕΡΙΩΝ ΤΟΥ ΝΟΣΟΚΟΜΕΙΟΥ,999796735,Α ΑΠΟΣΤΟΛΟΥ ΚΑΙ Χ ΔΕΓΕΣΤΙΝΟΣ ΟΜΟΡΡΥΘΜΗ ΕΤΑΙΡΕΙΑ,9920.0,,0879
ΨΤΠΓ46904Ν-Δ6Γ,2024-06-07,"ΑΠΟΦΑΣΗ ΠΡΟΕΔΡΟΥ ΕΓΚΡΙΣΗΣ ΤΟΥ ΠΡΑΚΤΙΚΟΥ ΤΗΣ ΕΠΙΤΡΟΠΗΣ ΑΞΙΟΛΟΓΗΣΗΣ ΤΗΣ ΠΡΟΣΦΟΡΑΣ ΓΙΑ ΤΗΝ ΣΥΝΤΗΡΗΣΗ ΕΞΙ (6) ΦΟΡΗΤΩΝ ΑΝΑΠΝΕΥΣΤΗΡΩΝ ΤΥΠΟΥ SIEM, ΓΙΑ ΕΝΑ (1) ΕΤΟΣ ΜΕ ΠΛΗΡΗ ΠΡΟΛΗΠΤΙΚΗ ΚΑΙ ΔΙΟΡΘΩΤΙΚΗ ΣΥΝΤΗΡΗΣΗ ΚΑΙ ΚΑΛΥΨΗ ΟΛΩΝ ΤΩΝ ΑΝΤΑΛΛΑΚΤΙΚΩΝ",801026390,ΣΙΑΜΟΣ ΑΝΑΣΤΑΣΙΟΣ ΚΑΙ ΣΙΑ ΕΤΕΡΟΡΡΥΘΜΗ ΕΤΑΙΡΕΙΑ,6696.0,,0887
99ΨΚ46904Ν-2ΝΜ,2024-06-07,ΑΠΟΦΑΣΗ ΠΡΟΕΔΡΟΥ ΤΗΣ ΑΝΤΙΚΑΤΑΣΤΑΣΗΣ EXTERNAL PADDLE ΣΕ ΑΠΙΝΙΔΩΤΗ NIHON KOHDEN ΑΠΟ ΤΗΝ ΑΠΟΚΛΕΙΣΤΙΚΗ ΑΝΤΙΠΡΟΣΩΠΟ ΕΤΑΙΡΕΙΑ,091569759,ΑΦΟΙ Α ΣΕΛΙΔΗ ΑΝΩΝΥΜΗ ΕΤΑΙΡΙΑ ΕΠΙΣΤΗΜΟΝΙΚΟΥ ΕΞΟΠΛΙΣΜΟΥ,806.0,,1439
ΨΥ3Β46904Ν-Ν08,2024-06-04,ΑΠΟΦΑΣΗ ΠΡΟΕΔΡΟΥ ΑΝΑΘΕΣΗΣ ΤΗΣ ΑΝΤΙΚΑΤΑΣΤΑΣΗΣ ΚΑΛΥΜΜΑΤΟΣ ΚΟΛΩΝΑΣ ΣΕ ΦΟΡΕΙΟ ΜΕΤΑΦΟΡΑΣ ΑΣΘΕΝΩΝ 6005 PSILIAKOS ΑΠΟ ΤΗΝ ΑΠΟΚΛΕΙΣΤΙΚΗ ΑΝΤΙΠΡΟΣΩΠΟ ΕΤΑΙΡΕΙΑ,999495127,ΛΕΩΝΙΔΑΣ ΨΗΛΙΑΚΟΣ ΚΑΙ ΣΙΑ ΕΤΑΙΡΕΙΑ ΠΕΡΙΟΡΙΣΜΕΝΗΣ ΕΥΘΥΝΗΣ,390.6,,0899-1899
6ΘΠ946904Ν-Φ2Χ,2024-06-07,"ΑΠΟΦΑΣΗ ΠΡΟΕΔΡΟΥ ΕΓΚΡΙΣΗΣ ΠΡΑΚΤΙΚΟΥ ΤΗΣ ΕΠΙΤΡΟΠΗΣ ΑΞΙΟΛΟΓΗΣΗΣ ΤΩΝ ΠΡΟΣΦΟΡΩΝ ΓΙΑ ΤΗΝ ΑΝΑΝΕΩΣΗ ΑΔΕΙΩΝ ΧΡΗΣΗΣ ΤΟΥ ΔΙΠΛΟΥ ΚΕΝΤΡΙΚΟΥ ΤΟΙΧΟΥΣ ΠΡΟΣΤΑΣΙΑΣ (FIREWALL) WATCHGUARD M270, ΓΙΑ ΤΙΣ ΑΝΑΓΚΕΣ ΤΟΥ ΝΟΣΟΚΟΜΕΙΟΥ ΓΙΑ ΕΝΑ (1) ΕΤΟΣ.",999481910,ΓΟΥΔΕΒΕΝΟΥ ΚΕΡΚΥΡΑ ΚΑΙ ΣΙΑ ΕΕ,2155.12,,0426
61ΝΞ46904Ν-ΓΛΟ,2024-06-07,"ΑΠΟΦΑΣΗ ΠΡΟΕΔΡΟΥ ΕΓΚΡΙΣΗΣ ΠΡΑΚΤΙΚΟΥ ΤΗΣ ΕΠΙΤΡΟΠΗΣ ΑΞΙΟΛΟΓΗΣΗΣ ΤΩΝ ΠΡΟΣΦΟΡΩΝ ΓΙΑ ΤΗΝ ΑΝΑΘΕΣΗ ΥΠΗΡΕΣΙΩΝ ΕΙΔΙΚΟΤΗΤΑΣ ΗΛΕΚΤΡΟΤΕΧΝΙΤΩΝ ΕΩΣ ΚΑΙ ΔΙΑΚΟΣΙΕΣ ΔΕΚΑ (210) ΒΑΡΔΙΕΣ, ΓΙΑ ΤΙΣ ΑΝΑΓΚΕΣ ΤΟΥ ΝΟΣΟΚΟΜΕΙΟΥ ΓΙΑ ΤΡΕΙΣ (3) ΜΗΝΕΣ Η ΕΩΣ ΕΞΑΝΤΛΗΣΕΩΣ ΤΩΝ ΒΑΡΔΙΩΝ ΚΑΙ ΤΗΝ ΥΠΟΓΡΑΦΗ ΤΗΣ ΕΤΗΣΙΑΣ ΣΥΜΒΑΣΗΣ ΚΑΙ ΑΝΑΘΕΣΗΣ",998693400,ΠΑΝΑΓΙΩΤΗΣ Κ ΑΝΔΡΟΝΙΚΙΔΗΣ ΚΑΙ ΣΙΑ ΟΕ,25519.2,,0419
Ψ2Γ246904Ν-ΜΒΧ,2024-05-22,ΑΠΟΦΑΣΗ ΠΡΟΕΔΡΟΥ ΕΓΚΡΙΣΗΣ ΠΡΑΚΤΙΚΟΥ ΤΗΣ ΕΠΙΤΡΟΠΗΣ ΑΞΙΟΛΟΓΗΣΗΣ ΤΩΝ ΠΡΟΣΦΟΡΩΝ ΓΙΑ ΤΗΝ ΠΡΟΜΗΘΕΙΑ ΕΥΚΑΜΠΤΟΥ ΡΙΝΟΛΑΡΥΓΓΟΣΚΟΠΙΟΥ,094442268,ΠΡΩΤΟΝ Α Ε ΑΝΤΙΠΡ ΙΑΤΡΙΚΩΝ ΕΠΙΣΤΗΜΟΝΙΚΩΝ ΕΙΔΩΝ  ΜΗΧΑΝΗΜ ΚΑΙ ΣΥΣΤΗΜΑΤΩΝ ΑΣΦΑΛΕΙΑΣ ΙΔΙΩΤ ΕΠΙΧ ΠΑΡΟΧ ΥΠΗΡΕΣΙΩΝ ΑΣΦΑΛΕΙΑΣ,8060.0,,7131
96Α446904Ν-Θ1Γ,2024-05-29,"ΑΠΟΦΑΣΗ ΠΡΟΕΔΡΟΥ ΕΓΚΡΙΣΗΣ ΤΟΥ ΠΡΑΚΤΙΚΟΥ ΤΗΣ ΕΠΙΤΡΟΠΗΣ ΑΞΙΟΛΟΓΗΣΗΣ ΤΩΝ ΠΡΟΣΦΟΡΩΝ ΓΙΑ ΤΗΝ ΠΡΟΜΗΘΕΙΑ ΕΤΟΙΜΩΝ ΓΕΥΜΑΤΩΝ ΓΙΑ ΤΗΝ ΣΙΤΙΣΗ ΤΩΝ ΑΣΘΕΝΩΝ ΚΑΙ ΤΟΥ ΕΦΗΜΕΡΕΥΟΝΤΟΣ ΠΡΟΣΩΠΙΚΟΥ, ΓΙΑ ΧΡΟΝΙΚΟ ΔΙΑΣΤΗΜΑ ΕΝΟΣ ΜΗΝΑ (ΙΟΥΝΙΟΣ) ΚΑΙ ΑΝΑΘΕΣΗΣ",094180805,ΑΦΟΙ ΚΟΜΠΑΤΣΙΑΡΗ ΑΝΩΝΥΜΗ ΕΤΑΙΡΕΙΑ  ΕΚΜΕΤΑΛΕΥΣΕΩΝ ΕΣΤΙΑΤΟΡΙΑ ΤΟΥΡΙΣΤΙΚΕΣ ΕΠΙΧΕΙΡΗΣΕΙΣ,33045.72,15894220-9,1511
9Γ2946904Ν-ΠΩΞ,2024-05-23,ΑΠΟΦΑΣΗ ΠΡΟΕΔΡΟΥ ΑΝΑΘΕΣΗΣ ΤΗΣ ΕΠΙΣΚΕΥΗΣ ΤΩΝ ΤΡΟΧΩΝ ΚΑΙ ΤΩΝ ΣΥΣΤΗΜΑΤΩΝ ΠΕΔΗΣΗΣ ΔΕΚΑΠΕΝΤΕ ΚΛΙΝΩΝ ΝΟΣΗΛΕΙΑΣ ΚΕΠΑ ΣΤΗΝ ΑΠΟΚΛΕΙΣΤΙΚΗ ΑΝΤΙΠΡΟΣΩΠΟ ΕΤΑΙΡΕΙΑ,092930963,ΚΕΠΑ ΑΝΩΝΥΜΗ ΒΙΟΤΕΧΝΙΚΗ ΕΜΠΟΡΙΚΗ ΕΤΑΙΡΕΙΑ,465.0,,0889
ΡΡ1Λ46904Ν-ΩΗΥ,2024-05-23,ΑΠΟΦΑΣΗ ΠΡΟΕΔΡΟΥ ΑΝΑΘΕΣΗΣ ΤΗΣ ΑΛΛΑΓΗΣ ΑΙΣΘΗΤΗΡΑ ΟΞΥΓΟΝΟΥ ΣΕ ΜΗΧΑΝΗΜΑ ΕΡΓΟΣΠΙΡΟΜΕΤΡΙΑΣ SCHILLER ΑΠΟ ΤΗΝ ΑΠΟΚΛΕΙΣΤΙΚΗ ΑΝΤΙΠΡΟΣΩΠΟ ΕΤΑΙΡΕΙΑ,095029193,ΠΑΠΑΠΟΣΤΟΛΟΥ Ν ΑΝΩΝΥΜΗ ΕΤΑΙΡΕΙΑ  ΕΤΑΙΡΕΙΑ ΕΜΠΟΡΙΑΣ ΚΑΙ ΑΝΤΙΠΡΟΣΩΠΕΙΩΝ ΙΑΤΡΙΚΩΝ ΕΡΓΑΛΕΙΩΝ ΚΑΙ ΜΗΧΑΝΗΜΑΤΩΝ,832.04,,1439
9ΡΙΑ46904Ν-ΘΑΓ,2024-05-23,ΑΠΟΦΑΣΗ ΠΡΟΕΔΡΟΥ ΕΓΚΡΙΣΗΣ ΤΟΥ ΠΡΑΚΤΙΚΟΥ ΤΗΣ ΕΠΙΤΡΟΠΗΣ ΑΞΙΟΛΟΓΗΣΗΣ ΤΩΝ ΠΡΟΣΦΟΡΩΝ ΓΙΑ ΕΡΓΑΣΙΕΣ ΕΠΙΣΚΕΥΗΣ ΤΟΥ ΕΞΑΕΡΙΣΜΟΥ ΣΕ ΔΙΑΦΟΡΟΥΣ ΧΩΡΟΥΣ ΤΟΥ ΝΟΣΟΚΟΜΕΙΟΥ ΚΑΙ ΑΝΑΘΕΣΗΣ,800830648,ΕΡΓΟΔΥΝΑΜΙΚΗ 2030 Ε Ε,4250.72,50800000-3,0879-1413
ΨΜ0Λ46904Ν-7Β0,2024-05-23,ΑΠΟΦΑΣΗ ΠΡΟΕΔΡΟΥ ΕΓΚΡΙΣΗΣ ΤΟΥ ΠΡΑΚΤΙΚΟΥ ΤΗΣ ΕΠΙΤΡΟΠΗΣ ΑΞΙΟΛΟΓΗΣΗΣ ΤΩΝ ΠΡΟΣΦΟΡΩΝ ΓΙΑ ΤΗΝ ΑΝΑΝΕΩΣΗ ΑΔΕΙΩΝ ΧΡΗΣΗΣ ΤΟΥ ΕΓΚΑΤΕΣΤΗΜΕΝΟΥ ΛΟΓΙΣΜΙΚΟΥ ΤΟΥ ΚΕΝΤΡΙΚΟΥ ΣΥΣΤΗΜΑΤΟΣ BACKUP ΤΩΝ ΚΕΝΤΡΙΚΩΝ SERVERS ΤΟΥ ΝΟΣΟΚΟΜΕΙΟΥ ΓΙΑ ΕΝΑ (1) ΕΤΟΣ,999481910,ΓΟΥΔΕΒΕΝΟΥ ΚΕΡΚΥΡΑ ΚΑΙ ΣΙΑ ΕΕ,1569.89,,0419
ΨΨ0Ω46904Ν-Χ3Π,2024-05-24,ΑΠΟΦΑΣΗ ΠΡΟΕΔΡΟΥ ΑΝΑΘΕΣΗΣ ΥΠΗΡΕΣΙΩΝ,999508858,MENTORING ΥΠΗΡΕΣΙΕΣ ΕΠΙΧΕΙΡΗΜΑΤΙΚΗΣ ΑΝΑΠΤΥΞΗΣ ΑΝΩΝΥΜΗ ΕΤΑΙΡΕΙΑ,9435.48,,0419
6Λ4Τ46904Ν-ΓΥ2,2024-05-23,ΑΠΟΦΑΣΗ ΠΡΟΕΔΡΟΥ ΑΝΑΘΕΣΗ ΥΠΗΡΕΣΙΩΝ ΦΥΛΑΞΗΣ,801114586,MYSERVICES HUMAN RESOURCES AND SECURITY ΑΝΩΝΥΜΗ ΕΤΑΙΡΕΙΑ ΙΔΙΩΤ ΕΠΙΧ ΠΑΡΟΧΗΣ ΥΠΗΡ ΑΣΦΑΛΕΙΑΣ ΚΑΙ ΛΕΙΤΟΥΡΓΙΚΗΣ ΥΠΟΣΤΗΡΙΞΗΣ,2500.0,,0419
6Τ1Η46904Ν-1ΞΘ,2024-05-22,"ΑΠΟΦΑΣΗ ΠΡΟΕΔΡΟΥ ΕΓΚΡΙΣΗΣ ΤΟΥ ΠΡΑΚΤΙΚΟΥ ΤΗΣ ΕΠΙΤΡΟΠΗΣ ΑΞΙΟΛΟΓΗΣΗΣ ΤΩΝ ΠΡΟΣΦΟΡΩΝ ΓΙΑ ΤΗΝ ΠΑΡΟΧΗ ΥΠΗΡΕΣΙΩΝ ΓΙΑ ΤΗΝ ΥΠΟΒΟΛΗ ΠΕΡΙΣΤΑΤΙΚΩΝ ΝΟΣΗΛΕΙΑΣ ΜΕ DRGS ΣΕ ΕΦΑΡΜΟΓΗ ΤΟΥ ΣΥΣΤΗΜΑΤΟΣ ΚΟΣΤΟΛΟΓΗΣΗΣ ΝΟΣΟΚΟΜΕΙΑΚΩΝ ΥΠΗΡΕΣΙΩΝ (ΣΥ.Κ.Ν.Υ.) – ΥΛΟΠΟΙΗΣΗ ΕΡΓΟΥ ΕΠΕΚΤΑΣΗΣ ΤΟΥ ΟΠΣ ΑΣΚΛΗΠΙΟΣΤΜ PATIENT, ΤΟΥ ΤΜΗΜΑΤΟΣ ΚΙΝΗΣΗΣ/ ΛΟΓΙΣΤΗΡΙΟΥ ΑΣΘΕΝΩΝ ΚΑΙ ΔΙΑΣΥΝΔΕΣΗ ΜΕ ΤΟ ΝΕΟ ΣΥΣΤΗΜΑ ΤΟΥ ΕΟΠΥΥ E-ΔΑΠΥ ΚΛΕΙΣΤΗΣ ΠΕΡΙΘΑΛΨΗΣ ΓΙΑ ΤΗΝ ΠΛΗΡΗ ΕΦΑΡΜΟΓΗ ΤΟΥ ΣΥΣΤΗΜΑΤΟΣ DRG",095403136,COMPUTER SOLUTIONS ΑΝΩΝΥΜΗ ΒΙΟΜΗΧΑΝΙΚΗ ΚΑΙ ΕΜΠΟΡΙΚΗ ΕΤΑΙΡΕΙΑ ΠΛΗΡΟΦΟΡΙΚΗΣ,15500.0,,0426
9ΕΜ746904Ν-239,2024-05-22,ΑΠΟΦΑΣΗ ΠΡΟΕΔΡΟΥ ΕΓΚΡΙΣΗΣ ΠΡΑΚΤΙΚΟΥ ΤΗΣ ΕΠΙΤΡΟΠΗΣ ΑΞΙΟΛΟΓΗΣΗΣ ΤΩΝ ΠΡΟΣΦΟΡΩΝ ΓΙΑ ΤΗΝ ΑΝΑΘΕΣΗ ΥΠΗΡΕΣΙΩΝ ΜΑΓΝΗΤΟΦΩΝΗΣΗΣ - ΑΠΟΜΑΓΝΗΤΟΦΩΝΗΣΗΣ ΤΩΝ ΠΡΑΚΤΙΚΩΝ ΣΥΝΕΔΡΙΑΣΕΩΝ ΤΟΥ Δ.Σ. ΚΑΙ ΑΝΑΘΕΣΗΣ,997883731,Χ ΚΟΝΔΥΛΗ Α ΠΑΡΑΣΚΕΥΟΠΟΥΛΟΥ ΟΕ,5932.16,,0419
99ΛΖ46904Ν-ΠΘ8,2024-05-21,ΑΠΟΦΑΣΗ ΠΡΟΕΔΡΟΥ ΕΓΚΡΙΣΗΣ ΠΡΑΚΤΙΚΟΥ ΤΗΣ ΕΠΙΤΡΟΠΗΣ ΑΞΙΟΛΟΓΗΣΗΣ ΤΩΝ ΠΡΟΣΦΟΡΩΝ ΠΑΡΟΧΗΣ ΥΠΗΡΕΣΙΩΝ ΚΑΘΑΡΙΟΤΗΤΑΣ ΓΙΑ ΔΙΑΣΤΗΜΑ ΕΝΟΣ ΜΗΝΑ ΚΑΙ ΑΝΑΘΕΣΗΣ,801114586,MYSERVICES HUMAN RESOURCES AND SECURITY ΑΝΩΝΥΜΗ ΕΤΑΙΡΕΙΑ ΙΔΙΩΤ ΕΠΙΧ ΠΑΡΟΧΗΣ ΥΠΗΡ ΑΣΦΑΛΕΙΑΣ ΚΑΙ ΛΕΙΤΟΥΡΓΙΚΗΣ ΥΠΟΣΤΗΡΙΞΗΣ,35647.52,90910000-9,0845
934Ν46904Ν-ΣΓ2,2024-05-17,ΑΠΟΦΑΣΗ ΠΡΟΕΔΡΟΥ ΕΓΚΡΙΣΗΣ ΤΟΥ ΠΡΑΚΤΙΚΟΥ ΤΗΣ ΕΠΙΤΡΟΠΗΣ ΑΞΙΟΛΟΓΗΣΗΣ ΤΩΝ ΠΡΟΣΦΟΡΩΝ ΓΙΑ ΤΗΝ ΠΡΟΜΗΘΕΙΑ ΕΞΙ ΚΛΙΜΑΤΙΣΤΙΚΩΝ ΜΟΝΑΔΩΝ ΚΑΙ ΑΝΑΘΕΣΗΣ,800830648,ΕΡΓΟΔΥΝΑΜΙΚΗ 2030 Ε Ε,4791.36,,7112
9ΖΞΦ46904Ν-ΞΛ6,2024-05-16,"ΑΠΟΦΑΣΗ ΠΡΟΕΔΡΟΥ ΕΓΚΡΙΣΗΣ ΤΟΥ ΠΡΑΚΤΙΚΟΥ ΤΗΣ ΕΠΙΤΡΟΠΗΣ ΑΞΙΟΛΟΓΗΣΗΣ ΤΩΝ ΠΡΟΣΦΟΡΩΝ ΓΙΑ ΤΗΝ ΠΑΡΟΧΗ ΥΠΗΡΕΣΙΩΝ ΔΙΑΧΕΙΡΙΣΗΣ ΕΠΙΚΙΝΔΥΝΩΝ ΑΠΟΒΛΗΤΩΝ (ΕΑΥΜ – ΕΑΑΜ) (ΚΙΤΡΙΝΑ – ΑΠΟΣΤΕΙΡΩΣΗ), ΓΙΑ ΤΙΣ ΑΝΑΓΚΕΣ ΤΟΥ ΤΜΗΜΑΤΟΣ ΛΟΙΜΩΞΕΩΝ ΤΟΥ ΝΟΣΟΚΟΜΕΙΟΥ ΓΙΑ ΔΙΑΣΤΗΜΑ ΚΑΛΥΨΗΣ ΔΥΟ (02) ΜΗΝΩΝ Η ΕΩΣ ΕΞΑΝΤΛΗΣΕΩΣ ΤΩΝ ΠΟΣΟΤΗΤΩΝ ΚΑΙ ΑΝΑΘΕΣΗΣ",999893375,ΕΥΣΤΑΘΙΟΣ Γ ΤΣΙΓΚΡΗΣ ΜΟΝΟΠΡΟΣΩΠΗ ΕΤΑΙΡΕΙΑ ΠΕΡΙΟΡΙΣΜΕΝΗΣ ΕΥΘΥΝΗΣ,36257.6,90524400-0,0846
6ΥΣΟ46904Ν-0ΑΕ,2024-05-16,ΑΠΟΦΑΣΗ ΠΡΟΕΔΡΟΥ ΑΝΑΘΕΣΗΣ ΥΠΗΡΕΣΙΩΝ ΗΛΕΚΤΡΟΤΕΧΝΙΤΩΝ,998693400,ΠΑΝΑΓΙΩΤΗΣ Κ ΑΝΔΡΟΝΙΚΙΔΗΣ ΚΑΙ ΣΙΑ ΟΕ,2450.0,,0419
6Ζ9Β46904Ν-5ΟΚ,2024-05-01,ΑΠΟΦΑΣΗ ΠΡΟΕΔΡΟΥ ΕΓΚΡΙΣΗΣ ΠΡΑΚΤΙΚΟΥ ΚΑΙ ΑΝΑΘΕΣΗΣ ΤΗΣ ΠΡΟΜΗΘΕΙΑΣ ΜΙΚΡΟΣΚΟΠΙΟΥ ΕΞΕΤΑΣΤΙΚΟΥ ΓΙΑ ΩΡΛ ΧΡΗΣΗ,997565095,ΠΑΠΠΑΣ Ν ΚΑΙ ΣΙΑ ΟΕ,6820.0,,7131
6ΦΔΤ46904Ν-ΞΘΡ,2024-05-09,ΑΠΟΦΑΣΗ ΠΡΟΕΔΡΟΥ ΑΝΑΘΕΣΗΣ ΤΗΣ ΕΠΙΣΚΕΥΗΣ ΚΛΙΝΗΣ 3303 PSILIAKOS ΣΤΗΝ ΑΠΟΚΛΕΙΣΤΙΚΗ ΑΝΤΙΠΡΟΣΩΠΟ ΕΤΑΙΡΕΙΑ,999495127,ΛΕΩΝΙΔΑΣ ΨΗΛΙΑΚΟΣ ΚΑΙ ΣΙΑ ΕΤΑΙΡΕΙΑ ΠΕΡΙΟΡΙΣΜΕΝΗΣ ΕΥΘΥΝΗΣ,272.8,,0889-1439
6ΤΞ846904Ν-6ΩΟ,2024-05-09,ΑΠΟΦΑΣΗ ΠΡΟΕΔΡΟΥ ΑΝΑΘΕΣΗΣ ΤΗΣ ΕΤΗΣΙΑΣ ΣΥΝΤΗΡΗΣΗΣ ΣΥΣΤΗΜΑΤΟΣ ΔΟΚΙΜΑΣΙΑΣ ΚΟΠΩΣΕΩΣ QUINTON Q-STRESS TREADMILL TM55 CARDIAC SCIENCE,800834358,CARDIOSCIENCE P C,793.6,,0887
636Α46904Ν-6Β6,2024-04-26,ΑΠΟΦΑΣΗ ΠΡΟΕΔΡΟΥ ΕΓΚΡΙΣΗΣ ΠΡΑΚΤΙΚΟΥ ΚΑΙ ΑΝΑΘΕΣΗΣ ΤΗΣ ΠΡΟΜΗΘΕΙΑΣ ΑΚΑΜΠΤΟΥ ΛΑΡΥΓΓΟ-ΦΑΡΥΓΓΟΣΚΟΠΙΟΥ,095279575,ΓΕΤΡΙΜΕΝΤ ΑΝΤΙΠΡΟΣΩΠΕΙΑ ΙΑΤΡΙΚΩΝ ΕΙΔΩΝ ΕΠΕ,3968.0,,7131
60ΚΩ46904Ν-Φ6Θ,2024-04-26,ΑΠΟΦΑΣΗ ΠΡΟΕΔΡΟΥ ΕΓΚΡΙΣΗΣ ΠΡΑΚΤΙΚΟΥ ΚΑΙ ΑΝΑΘΕΣΗΣ ΤΗΣ ΠΡΟΜΗΘΕΙΑΣ ΣΥΣΚΕΥΗΣ ΘΕΡΜΟΣΥΓΚΟΛΛΗΣΗΣ ΦΑΚΕΛΩΝ ΑΠΟΣΤΕΙΡΩΣΗΣ,094349547,ΙΑΤΡΙΚΗ ΜΕΡΙΜΝΑ ΚΑΙ ΥΓΕΙΑ ΑΝΩΝ ΕΜΠΟΡΙΚΗ ΚΑΙ ΒΙΟΜΗΧΑΝ ΕΤΑΙΡ ΙΑΤΡΙΚΩΝ ΕΙΔΩΝ,3199.2,,1899
6ΦΔΧ46904Ν-ΕΜ8,2024-04-26,ΑΠΟΦΑΣΗ ΠΡΟΕΔΡΟΥ ΑΝΑΘΕΣΗΣ ΥΠΗΡΕΣΙΩΝ ΕΣΩΤΕΡΙΚΟΥ ΕΛΕΓΚΤΗ,158004035,"ΦΑΔΑΚΗΣ,,ΒΑΣΙΛΕΙΟΣ,ΓΕΩΡΓΙΟΣ",5600.0,,0419
Ψ3ΞΙ46904Ν-ΩΑΟ,2024-04-24,ΑΠΟΦΑΣΗ ΠΡΟΕΔΡΟΥ ΕΓΚΡΙΣΗΣ ΑΝΑΘΕΣΗΣ ΥΠΗΡΕΣΙΩΝ ΣΥΜΒΟΥΛΕΥΤΙΚΗΣ ΥΠΟΣΤΗΡΙΞΗΣ ΤΟΥ ΟΙΚΟΝΟΜΙΚΟΥ ΤΜΗΜΑΤΟΣ,998626632,ΑΝΑΒΑΘΜΙΣΗ ΟΙΚΟΝΟΜΟΤΕΧΝΙΚΕΣ ΛΥΣΕΙΣ ΑΝΩΝΥΜΗ ΕΤΑΙΡΕΙΑ,19200.0,,0419
6ΑΗΨ46904Ν-Δ9Ζ,2024-04-24,ΑΠΟΦΑΣΗ ΠΡΟΕΔΡΟΥ ΕΓΚΡΙΣΗΣ ΠΡΑΚΤΙΚΟΥ ΚΑΙ ΑΝΑΘΕΣΗΣ ΤΗΣ ΠΡΟΜΗΘΕΙΑΣ ΕΤΟΙΜΩΝ ΓΕΥΜΑΤΩΝ ΓΙΑ ΤΗΝ ΣΙΤΙΣΗ ΤΩΝ ΑΣΘΕΝΩΝ ΚΑΙ ΤΟΥ ΕΦΗΜΕΡΕΥΟΝΤΟΣ ΠΡΟΣΩΠΙΚΟΥ ΓΙΑ ΧΡΟΝΙΚΟ ΔΙΑΣΤΗΜΑ ΕΝΟΣ ΜΗΝΑ (ΜΑΪΟΣ),999859867,ΠΟΤ ΚΑΙ ΠΑΝ ΦΟΥΝΤΣΕΡΒΙΣ ΑΝΩΝΥΜΗ ΕΤΑΙΡΕΙΑ ΠΑΡΑΓΩΓΗΣ ΚΑΙ ΕΜΠΟΡΙΑΣ ΓΕΥΜΑΤΩΝ,37147.92,,1511
66ΘΧ46904Ν-ΘΔΦ,2024-04-19,απόφαση πρόεδρου έγκρισης πρακτικοί και  ανάθεσης υπηρεσιών καθαριότητας για ένα μήνα,801114586,MYSERVICES HUMAN RESOURCES AND SECURITY ΑΝΩΝΥΜΗ ΕΤΑΙΡΕΙΑ ΙΔΙΩΤ ΕΠΙΧ ΠΑΡΟΧΗΣ ΥΠΗΡ ΑΣΦΑΛΕΙΑΣ ΚΑΙ ΛΕΙΤΟΥΡΓΙΚΗΣ ΥΠΟΣΤΗΡΙΞΗΣ,35647.52,,0845
6ΕΝΕ46904Ν-ΟΘΧ,2024-04-15,ΑΠΟΦΑΣΗ ΠΡΟΕΔΡΟΥ ΑΝΑΘΕΣΗΣ ΤΩΝ ΥΔΡΑΥΛΙΚΩΝ ΕΡΓΑΣΙΩΝ ΓΙΑ ΕΓΚΑΤΑΣΤΑΣΗ ΟΔΟΝΤΙΑΤΡΙΚΩΝ ΜΗΧΑΝΗΜΑΤΩΝ ΚΑΙ ΤΩΝ ΕΡΓΑΣΙΩΝ ΕΓΚΑΤΑΣΤΑΣΗΣ ΧΕΙΡΟΥΡΓΙΚΗΣ ΑΝΑΡΡΟΦΗΣΗΣ ΣΕ ΟΔΟΝΤΙΑΤΡΙΚΗ ΕΔΡΑ JOINCHAMP,999913888,EMODENTAL Θ ΔΕΣΥΝΙΩΤΗΣ ΜΟΝΟΠΡΟΣΩΠΗ Ε Π Ε,892.8,,0887-1439
ΨΜ1246904Ν-ΓΨ7,2024-04-12,ΑΠΟΦΑΣΗ ΠΡΟΕΔΡΟΥ ΕΓΚΡΙΣΗΣ ΠΡΑΚΤΙΚΟΥ ΠΡΟΜΗΘΕΙΑΣΓΑΝΤΙΩΝ,094356041,ΙΝΕΞ ΑΝΩΝΥΜΗ ΕΜΠΟΡΙΚΗ ΕΤΑΙΡ ΙΑΤΡΙΚΩΝ ΝΟΣΟΚΟΜΕΙΑΚ ΕΙΔΩΝ,2080.0,33141420-0,1311
ΨΜ1246904Ν-ΓΨ7,2024-04-12,ΑΠΟΦΑΣΗ ΠΡΟΕΔΡΟΥ ΕΓΚΡΙΣΗΣ ΠΡΑΚΤΙΚΟΥ ΠΡΟΜΗΘΕΙΑΣΓΑΝΤΙΩΝ,999640490,ΔΟΥΡΜΟΥΣΟΓΛΟΥ ΑΝΩΝΥΜΗ ΕΜΠΟΡΙΚΗ ΒΙΟΜΗΧΑΝΙΚΗ ΕΤΑΙΡΕΙΑ ΙΑΤΡΙΚΩΝ ΕΙΔΩΝ,6815.0,33141420-0,1311
6Ρ9046904Ν-608,2024-03-29,"ΑΠΟΦΑΣΗ ΠΡΟΕΔΡΟΥ ΕΓΚΡΙΣΗΣ ΠΡΑΚΤΙΚΟΥ ΑΞΙΟΛΟΓΗΣΗΣ ΓΙΑ ΤΗΝ ΠΡΟΜΗΘΕΙΑ ΟΘΟΝΗΣ ΟΠΤΟΤΥΠΩΝ, ΑΝΑΘΕΣΗΣ ΚΑΙ ΟΡΙΣΜΟΥ ΕΠΙΤΡΟΠΗΣ ΠΑΡΑΛΑΒΗΣ",084175074,Δ ΤΣΙΜΠΙΔΑΡΟΣ ΚΑΙ ΣΙΑ ΕΕ,2591.6,,7131
62Ζ246904Ν-ΓΡ4,2024-03-29,ΑΠΟΦΑΣΗ ΠΡΟΕΔΡΟΥ ΕΓΚΡΙΣΗΣ ΠΡΑΚΤΙΚΟΥ ΚΑΙ ΑΝΑΘΕΣΗΣ ΥΠΗΡΕΣΙΩΝ,095403136,COMPUTER SOLUTIONS ΑΝΩΝΥΜΗ ΒΙΟΜΗΧΑΝΙΚΗ ΚΑΙ ΕΜΠΟΡΙΚΗ ΕΤΑΙΡΕΙΑ ΠΛΗΡΟΦΟΡΙΚΗΣ,12000.0,,0426
Ψ29Τ46904Ν-Χ01,2024-03-28,ΑΠΟΦΑΣΗ ΠΡΟΕΔΡΟΥ ΕΓΚΡΙΣΗΣ ΠΡΑΚΤΙΚΟΥ ΚΑΙ ΑΝΑΘΕΣΗΣ ΓΙΑ ΤΗΝ ΠΡΟΜΗΘΕΙΑ ΕΤΟΙΜΩΝ ΓΕΥΜΑΤΩΝ (ΑΠΡΙΛΙΟΣ),999859867,ΠΟΤ ΚΑΙ ΠΑΝ ΦΟΥΝΤΣΕΡΒΙΣ ΑΝΩΝΥΜΗ ΕΤΑΙΡΕΙΑ ΠΑΡΑΓΩΓΗΣ ΚΑΙ ΕΜΠΟΡΙΑΣ ΓΕΥΜΑΤΩΝ,29958.0,15894220-9,1511
ΨΚ8Α46904Ν-5Φ7,2024-03-22,ΑΠΟΦΑΣΗ ΠΡΟΕΔΡΟΥ ΕΓΚΡΙΣΗΣ ΠΡΑΚΤΙΚΟΥ ΚΑΙ ΑΝΑΘΕΣΗΣ ΓΙΑ ΤΗΝ ΠΑΡΟΧΗ ΥΠΗΡΕΣΙΩΝ ΚΑΘΑΡΙΟΤΗΤΑΣ,801114586,MYSERVICES HUMAN RESOURCES AND SECURITY ΑΝΩΝΥΜΗ ΕΤΑΙΡΕΙΑ ΙΔΙΩΤ ΕΠΙΧ ΠΑΡΟΧΗΣ ΥΠΗΡ ΑΣΦΑΛΕΙΑΣ ΚΑΙ ΛΕΙΤΟΥΡΓΙΚΗΣ ΥΠΟΣΤΗΡΙΞΗΣ,28750.0,90911200-8,0845
Ψ8ΟΗ46904Ν-ΞΛΓ,2024-03-21,ΑΠΟΦΑΣΗ ΠΡΟΕΔΡΟΥ ΕΓΚΡΙΣΗΣ ΠΡΑΚΤΙΚΟΥ,055182469,"ΑΝΑΣΤΑΣΙΟΥ,,ΣΤΑΥΡΟΣ,ΒΑΣΙΛΕΙΟΣ",3115.0,,0863-1413
6ΙΛΓ46904Ν-2ΜΡ,2024-03-21,ΑΠΟΦΑΣΗ ΠΡΟΕΔΡΟΥ ΕΓΚΡΙΣΗΣ ΠΡΑΚΤΙΚΟΥ,129035072,"ΠΑΣΙΣΗΣ,,ΧΑΡΑΛΑΜΠΟΣ,ΠΑΝΑΓΙΩΤΗΣ",4600.0,45453100-8,0863-1413
9ΣΚ846904Ν-ΠΚΓ,2024-03-12,ΑΠΟΦΑΣΗ ΠΡΟΕΔΡΟΥ ΕΓΚΡΙΣΗΣ ΠΡΑΚΤΙΚΟΥ ΚΑΙ ΑΝΑΘΕΣΗΣ ΓΙΑ ΤΗΝ ΠΑΡΟΧΗ ΥΠΗΡΕΣΙΩΝ ΔΙΑΧΕΙΡΙΣΗΣ ΕΠΙΚΙΝΔΥΝΩΝ ΑΠΟΒΛΗΤΩΝ (ΕΑΥΜ-ΕΑΑΜ) (ΚΙΤΡΙΝΑ-ΑΠΟΣΤΕΙΡΩΣΗ),999893375,ΕΥΣΤΑΘΙΟΣ Γ ΤΣΙΓΚΡΗΣ ΜΟΝΟΠΡΟΣΩΠΗ ΕΤΑΙΡΕΙΑ ΠΕΡΙΟΡΙΣΜΕΝΗΣ ΕΥΘΥΝΗΣ,29240.0,90524400-0,0846
9ΟΣ846904Ν-ΣΜΖ,2024-03-07,ΑΠΟΦΑΣΗ ΠΡΟΕΔΡΟΥ ΕΓΚΡΙΣΗΣ ΠΡΑΚΤΙΚΟΥ ΚΑΙ ΑΝΑΘΕΣΗΣ ΥΠΗΡΕΣΙΩΝ ΕΙΔΙΚΟΤΗΤΑΣ ΗΛΕΚΤΡΟΤΕΧΝΙΤΩΝ ΕΩΣ ΚΑΙ 210 ΒΑΡΔΙΕΣ,998693400,ΠΑΝΑΓΙΩΤΗΣ Κ ΑΝΔΡΟΝΙΚΙΔΗΣ ΚΑΙ ΣΙΑ ΟΕ,18221.7,50700000-2,0419
6ΚΡΘ46904Ν-ΦΥ5,2024-02-29,ΑΠΟΦΑΣΗ ΠΡΟΕΔΡΟΥ ΑΝΑΘΕΣΗΣ ΤΗΣ ΠΡΟΜΗΘΕΙΑΣ ΤΑΙΝΙΩΝ ΜΕΤΡΗΣΗΣ ΣΑΚΧΑΡΟΥ,094322455,MENARINI ΔΙΑΓΝΩΣΤΙΚΑ ΙΑΤΡΙΚΑ ΟΡΓΑΝΑ ΑΕΒΕ,1197.8,,1311
ΨΖ2Ψ46904Ν-ΑΜΕ,2024-02-27,ΑΠΟΦΑΣΗ ΠΡΟΕΔΡΟΥ ΕΓΚΡΙΣΗΣ ΠΡΑΚΤΙΚΟΥ ΚΑΙ ΑΝΑΘΕΣΗΣ ΓΙΑ ΕΡΓΑΣΙΕΣ ΕΠΙΣΚΕΥΗΣ ΤΗΣ ΟΡΟΦΗΣ ΣΤΟ ΑΚΤΙΝΟΣΚΟΠΙΚΟ ΕΡΓΑΣΤΗΡΙΟ ΤΟΥ ΑΚΤΙΝΟΔΙΑΓΝΩΣΤΙΚΟΥ ΤΜΗΜΑΤΟΣ,055182469,"ΑΝΑΣΤΑΣΙΟΥ,,ΣΤΑΥΡΟΣ,ΒΑΣΙΛΕΙΟΣ",7590.0,,0863-1413
ΨΠΕΤ46904Ν-ΙΤΨ,2024-02-28,ΑΠΟΦΑΣΗ ΠΡΟΕΔΡΟΥ ΕΓΚΡΙΣΗΣ ΠΡΑΚΤΙΚΟΥ ΚΑΙ ΑΝΑΘΕΣΗΣ ΓΙΑ ΤΗΝ ΠΡΟΜΗΘΕΙΑ ΧΗΜΙΚΩΝ ΑΝΤΙΔΡΑΣΤΗΡΙΩΝ ΤΟΥ ΠΑΘΟΛΟΓΟΑΝΑΤΟΜΙΚΟΥ ΕΡΓΑΣΤΗΡΙΟΥ ΜΕ ΣΥΝΟΔΟ ΕΞΟΠΛΙΣΜΟ (ΙΣΤΟΚΙΝΕΤΑ),094138676,ΒΙΟΔΥΝΑΜΙΚΗ ΑΝΩΝΥΜΟΣ ΕΜΠΟΡΙΚΗ ΤΕΧΝΙΚΗ ΚΑΙ ΒΙΟΜΗΧΑΝΙΚΗ ΕΤΑΙΡΕΙΑ,19283.25,24327000-2,1359
69Β246904Ν-ΒΞΗ,2024-02-27,ΑΠΟΦΑΣΗ ΠΡΟΕΔΡΟΥ ΕΓΚΡΙΣΗΣ ΠΡΑΚΤΙΚΟΥ ΚΑΙ ΑΝΑΘΕΣΗΣ ΓΙΑ ΤΗΝ ΠΡΟΜΗΘΕΙΑ ΑΝΤΙΔΡΑΣΤΗΡΙΩΝ ΣΧΕΤΙΚΑ ΜΕ ΤΟΝ ΕΞΩΤΕΡΙΚΟ ΠΟΙΟΤΙΚΟ ΕΛΕΓΧΟ ΤΟΥ ΠΑΘΟΛΟΓΟΑΝΑΤΟΜΙΚΟΥ ΕΡΓΑΣΤΗΡΙΟΥ ΓΙΑ ΤΟ ΕΤΟΣ 2024,095580571,ΑΛΦΑ ΜΕΝΤΙΚΑΛ ΕΙΣΑΓΩΓΕΣ ΚΑΙ ΑΝΤΙΠΡΟΣΩΠΕΙΕΣ ΙΑΤΡΟΤΕΧΝΟΛΟΓΙΚΩΝ ΚΑΙ ΦΑΡΜΑΚΕΥΤΙΚΩΝ ΠΡΟΙΟΝΤΩΝ ΑΝΩΝΥΜΟΣ ΕΜΠΟΡΙΚΗ  ΒΙΟΜΗΧΑΝΙΚΗ,5750.0,71900000-7,1359
9Α3Λ46904Ν-45Ψ,2024-02-27,ΑΠΟΦΑΣΗ ΠΡΟΕΔΡΟΥ ΕΓΚΡΙΣΗΣ ΠΡΑΚΤΙΚΟΥ ΚΑΙ ΑΝΑΘΕΣΗΣ ΓΙΑ ΤΗΝ ΠΑΡΟΧΗ ΥΠΗΡΕΣΙΩΝ ΔΙΑΣΥΝΔΕΣΗ ΤΟΥ ΟΛΟΚΛΗΡΩΜΕΝΟΥ ΠΛΗΡΟΦΟΡΙΑΚΟΥ ΥΠΟΣΥΣΤΗΜΑΤΟΣ ΑΣΚΛΗΠΙΟΣTM-PHARMACY,095403136,COMPUTER SOLUTIONS ΑΝΩΝΥΜΗ ΒΙΟΜΗΧΑΝΙΚΗ ΚΑΙ ΕΜΠΟΡΙΚΗ ΕΤΑΙΡΕΙΑ ΠΛΗΡΟΦΟΡΙΚΗΣ,4000.0,30237110-3,0426
Ψ4ΨΛ46904Ν-2Ξ9,2024-02-27,ΑΠΟΦΑΣΗ ΠΡΟΕΔΡΟΥ ΕΓΚΡΙΣΗΣ ΠΡΑΚΤΙΚΟΥ ΚΑΙ ΑΝΑΘΕΣΗΣ ΓΙΑ ΤΗΝ ΠΡΟΜΗΘΕΙΑ ΕΤΟΙΜΩΝ ΓΕΥΜΑΤΩΝ (ΜΑΡΤΙΟΣ),999859867,ΠΟΤ ΚΑΙ ΠΑΝ ΦΟΥΝΤΣΕΡΒΙΣ ΑΝΩΝΥΜΗ ΕΤΑΙΡΕΙΑ ΠΑΡΑΓΩΓΗΣ ΚΑΙ ΕΜΠΟΡΙΑΣ ΓΕΥΜΑΤΩΝ,29958.0,15894220-9,1511
6Λ6Α46904Ν-07Ω,2024-02-27,ΑΠΟΦΑΣΗ ΠΡΟΕΔΡΟΥ ΑΝΑΘΕΣΗΣ ΤΗΣ ΕΠΕΚΤΑΣΗΣ ΧΩΡΗΤΙΚΟΤΗΤΑΣ ΣΥΣΤΗΜΑΤΟΣ PACS ΤΟΥ ΚΑΤΑΣΚΕΥΑΣΤΙΚΟΥ ΟΙΚΟΥ MILLENSYS ΑΠΟ ΤΗΝ ΑΠΟΚΛΕΙΣΤΙΚΗ ΑΝΤΙΠΡΟΣΩΠΟ ΕΤΑΙΡΕΙΑ,998860010,ICON DYNAMICS ΙΑΤΡΙΚΑ ΜΗΧΑΝΗΜΑΤΑ ΙΔΙΩΤΙΚΗ ΚΕΦΑΛΑΙΟΥΧΙΚΗ ΕΤΑΙΡΕΙΑ,3583.6,,0426
Ψ9ΡΩ46904Ν-ΥΘ5,2024-02-23,ΑΠΟΦΑΣΗ ΠΡΟΕΔΡΟΥ ΑΝΑΘΕΣΗΣ ΤΗΣ ΕΤΗΣΙΑΣ ΣΥΝΤΗΡΗΣΗΣ ΦΟΡΗΤΟΥ ΑΝΑΠΝΕΥΣΤΗΡΑ SIEM 2001 MI-EL,801026390,ΣΙΑΜΟΣ ΑΝΑΣΤΑΣΙΟΣ ΚΑΙ ΣΙΑ ΕΤΕΡΟΡΡΥΘΜΗ ΕΤΑΙΡΕΙΑ,719.2,,0887-1439
630046904Ν-ΩΚΓ,2024-02-19,ΑΠΟΦΑΣΗ ΠΡΟΕΔΡΟΥ ΕΓΚΡΙΣΗΣ ΠΡΑΚΤΙΚΟΥ ΚΑΙ ΑΝΑΘΕΣΗΣ ΓΙΑ ΤΗΝ ΠΑΡΟΧΗ ΥΠΗΡΕΣΙΩΝ ΚΑΘΑΡΙΟΤΗΤΑΣ,801114586,MYSERVICES HUMAN RESOURCES AND SECURITY ΑΝΩΝΥΜΗ ΕΤΑΙΡΕΙΑ ΙΔΙΩΤ ΕΠΙΧ ΠΑΡΟΧΗΣ ΥΠΗΡ ΑΣΦΑΛΕΙΑΣ ΚΑΙ ΛΕΙΤΟΥΡΓΙΚΗΣ ΥΠΟΣΤΗΡΙΞΗΣ,28752.0,90910000-9,0845
Ψ34Κ46904Ν-ΑΨΟ,2024-02-14,"ΑΠΟΦΑΣΗ ΠΡΟΕΔΡΟΥ ΕΓΚΡΙΣΗΣ ΠΡΑΚΤΙΚΟΥ ΓΙΑ ΤΗΝ ΕΠΙΣΚΕΥΗ ΔΙΑΘΕΡΜΙΑΣ MARTIN ME 411, ΑΝΑΘΕΣΗΣ ΣΤΗΝ ΕΤΑΙΡΕΙΑ ΚΑΙ ΟΡΙΣΜΟΥ ΕΠΙΤΡΟΠΗΣ ΠΑΡΑΛΑΒΗΣ",095029193,ΠΑΠΑΠΟΣΤΟΛΟΥ Ν ΑΝΩΝΥΜΗ ΕΤΑΙΡΕΙΑ  ΕΤΑΙΡΕΙΑ ΕΜΠΟΡΙΑΣ ΚΑΙ ΑΝΤΙΠΡΟΣΩΠΕΙΩΝ ΙΑΤΡΙΚΩΝ ΕΡΓΑΛΕΙΩΝ ΚΑΙ ΜΗΧΑΝΗΜΑΤΩΝ,3265.42,,0887-1439
ΨΜ1146904Ν-1ΩΝ,2024-02-09,ΑΠΟΦΑΣΗ ΠΡΟΕΔΡΟΥ ΑΝΑΘΕΣΗΣ ΤΗΣ ΣΥΝΤΗΡΗΣΗΣ ΛΙΘΟΤΡΙΠΤΗ LITHO 30W QUANTA ΣΤΗΝ ΑΠΟΚΛΕΙΣΤΙΚΗ ΑΝΤΙΠΡΟΣΩΠΟ ΕΤΑΙΡΕΙΑ,094442268,ΠΡΩΤΟΝ Α Ε ΑΝΤΙΠΡ ΙΑΤΡΙΚΩΝ ΕΠΙΣΤΗΜΟΝΙΚΩΝ ΕΙΔΩΝ  ΜΗΧΑΝΗΜ ΚΑΙ ΣΥΣΤΗΜΑΤΩΝ ΑΣΦΑΛΕΙΑΣ ΙΔΙΩΤ ΕΠΙΧ ΠΑΡΟΧ ΥΠΗΡΕΣΙΩΝ ΑΣΦΑΛΕΙΑΣ,1475.6,,0887-1439
6ΨΚ846904Ν-ΟΗ6,2024-02-07,ΑΠΟΦΑΣΗ ΠΡΟΕΔΡΟΥ ΑΝΑΘΕΣΗΣ ΤΗΣ ΠΡΟΜΗΘΕΙΑΣ ΚΑΙ ΤΗΣ ΕΓΚΑΤΑΣΤΑΣΗΣ ΧΕΙΡΟΥΡΓΙΚΗΣ ΑΝΑΡΡΟΦΗΣΗΣ ΚΑΙ ΔΙΑΧΩΡΙΣΤΗ ΑΜΑΛΓΑΜΑΤΟΣ ΣΕ ΟΔΟΝΤΙΑΤΡΙΚΗ ΕΔΡΑ JOINCHAMP,999913888,EMODENTAL Θ ΔΕΣΥΝΙΩΤΗΣ ΜΟΝΟΠΡΟΣΩΠΗ Ε Π Ε,1798.0,,7131
ΨΦ2Ρ46904Ν-6Φ4,2024-02-07,ΑΠΟΦΑΣΗ ΠΡΟΕΔΡΟΥ ΕΓΚΡΙΣΗΣ ΠΡΑΚΤΙΚΟΥ ΚΑΙ ΑΝΑΘΕΣΗΣ ΠΡΟΜΗΘΕΙΑΣ ΕΝΟΣ ΚΕΝΤΡΙΚΟΥΣΤΑΘΜΟΥ ΠΑΡΑΚΛΙΝΙΩΝ ΜΟΝΙΤΟΡ,800834358,CARDIOSCIENCE P C,6200.0,,7131
6ΤΣΦ46904Ν-ΠΚΝ,2024-02-07,ΑΠΟΦΑΣΗ ΠΡΟΕΔΡΟΥ ΕΓΚΡΙΣΗΣ ΠΡΑΚΤΙΚΟΥ ΚΑΙ ΑΝΑΘΕΣΗΣ ΓΙΑ ΤΗΝ ΣΥΜΜΕΤΟΧΗ ΤΟΥ ΑΙΜΑΤΟΛΟΓΙΚΟΥ ΕΡΓΑΣΤΗΡΙΟΥ ΓΙΑ ΕΞΩΤΕΡΙΚΟ ΠΟΙΟΤΙΚΟ ΕΛΕΓΧΟ ΤΟΥ ΑΙΜΟΡΡΑΓΙΚΟΥ ΕΛΕΓΧΟΥ ΓΙΑ ΤΟ ΕΤΟΣ 2024,999963462,BIO RAD LABORATORIES ΜΟΝΟΠΡΟΣΩΠΗ ΕΤΑΙΡΕΙΑ ΠΕΡΙΟΡΙΣΜΕΝΗΣ ΕΥΘΥΝΗΣ ΚΑΤΑΣΚΕΥΗΣ ΚΑΙ ΕΜΠΟΡΙΑΣ ΙΑΤΡΙΚΟΥ ΕΞΟΠΛΙΣΜΟΥ,500.0,,1359
9ΝΓΜ46904Ν-0Ε5,2024-02-02,ΑΠΟΦΑΣΗ ΠΡΟΕΔΡΟΥ ΑΝΑΘΕΣΗΣ ΤΗΣ ΕΠΙΣΚΕΥΗΣ HOLTER ΡΥΘΜΟΥ FD-5 PLUS SCHILLER ΣΤΗΝ ΑΠΟΚΛΕΙΣΤΙΚΗ ΑΝΤΙΠΡΟΣΩΠΟ ΕΤΑΙΡΕΙΑ,095029193,ΠΑΠΑΠΟΣΤΟΛΟΥ Ν ΑΝΩΝΥΜΗ ΕΤΑΙΡΕΙΑ  ΕΤΑΙΡΕΙΑ ΕΜΠΟΡΙΑΣ ΚΑΙ ΑΝΤΙΠΡΟΣΩΠΕΙΩΝ ΙΑΤΡΙΚΩΝ ΕΡΓΑΛΕΙΩΝ ΚΑΙ ΜΗΧΑΝΗΜΑΤΩΝ,1011.84,,0887-1439
61ΩΣ46904Ν-ΥΒΙ,2024-02-01,ΑΠΟΦΑΣΗ ΠΡΟΕΔΡΟΥ ΑΝΑΘΕΣΗΣ ΤΗΣ ΕΠΙΣΚΕΥΗΣ ΔΥΟ ΗΛΕΚΤΡΟΚΑΡΔΙΟΓΡΑΦΩΝ CARDIOLINE ΑΠΟ ΤΗΝ ΑΠΟΚΛΕΙΣΤΙΚΗ ΑΝΤΙΠΡΟΣΩΠΟ ΕΤΑΙΡΕΙΑ,800834358,CARDIOSCIENCE P C,605.12,,0887-1439
9Λ2246904Ν-ΩΝΘ,2024-02-01,ΑΠΟΦΑΣΗ ΠΡΟΕΔΡΟΥ ΑΝΑΘΕΣΗΣ ΤΗΣ ΕΠΙΣΚΕΥΗΣ ΔΥΟ HOLTER ΡΥΘΜΟΥ MEDILOG FD-5 SCHILLER ΑΠΟ ΤΗΝ ΑΠΟΚΛΕΙΣΤΙΚΗ ΑΝΤΙΠΡΟΣΩΠΟ ΕΤΑΙΡΕΙΑ,095029193,ΠΑΠΑΠΟΣΤΟΛΟΥ Ν ΑΝΩΝΥΜΗ ΕΤΑΙΡΕΙΑ  ΕΤΑΙΡΕΙΑ ΕΜΠΟΡΙΑΣ ΚΑΙ ΑΝΤΙΠΡΟΣΩΠΕΙΩΝ ΙΑΤΡΙΚΩΝ ΕΡΓΑΛΕΙΩΝ ΚΑΙ ΜΗΧΑΝΗΜΑΤΩΝ,1444.6,,0887-1439
ΨΜ0646904Ν-4Γ6,2024-02-01,ΑΠΟΦΑΣΗ ΠΡΟΕΔΡΟΥ ΑΝΑΘΕΣΗΣ ΤΗΣ ΕΠΙΣΚΕΥΗΣ ΧΕΙΡΟΥΡΓΙΚΗΣ ΔΙΑΘΕΡΜΙΑΣ UES-40 OLYMPUS ΣΤΗΝ ΑΠΟΚΛΕΙΣΤΙΚΗ ΑΝΤΙΠΡΟΣΩΠΟ ΕΤΑΙΡΕΙΑ,094442268,ΠΡΩΤΟΝ Α Ε ΑΝΤΙΠΡ ΙΑΤΡΙΚΩΝ ΕΠΙΣΤΗΜΟΝΙΚΩΝ ΕΙΔΩΝ  ΜΗΧΑΝΗΜ ΚΑΙ ΣΥΣΤΗΜΑΤΩΝ ΑΣΦΑΛΕΙΑΣ ΙΔΙΩΤ ΕΠΙΧ ΠΑΡΟΧ ΥΠΗΡΕΣΙΩΝ ΑΣΦΑΛΕΙΑΣ,1690.12,,0887-1439
ΨΝΟΛ46904Ν-ΒΜΤ,2024-02-01,ΑΠΟΦΑΣΗ ΠΡΟΕΔΡΟΥ ΑΝΑΘΕΣΗΣ ΣΤΙΣ ΕΤΑΙΡΕΙΕΣ ΓΙΑ ΤΗΝ ΠΡΟΜΗΘΕΙΑ ΓΑΝΤΙΩΝ Μ.Χ,099370337,VIOLAK INTERNATIONAL ΝΟΣΟΚΟΜΕΙΑΚΟΥ ΕΞΟΠΛΙΣΜΟΥ ΑΝΩΝΥΜΗ ΕΜΠΟΡΙΚΗ ΕΤΑΙΡΕΙΑ,926.44,33141420-0,1311
ΨΝΟΛ46904Ν-ΒΜΤ,2024-02-01,ΑΠΟΦΑΣΗ ΠΡΟΕΔΡΟΥ ΑΝΑΘΕΣΗΣ ΣΤΙΣ ΕΤΑΙΡΕΙΕΣ ΓΙΑ ΤΗΝ ΠΡΟΜΗΘΕΙΑ ΓΑΝΤΙΩΝ Μ.Χ,999640490,ΔΟΥΡΜΟΥΣΟΓΛΟΥ ΑΝΩΝΥΜΗ ΕΜΠΟΡΙΚΗ ΒΙΟΜΗΧΑΝΙΚΗ ΕΤΑΙΡΕΙΑ ΙΑΤΡΙΚΩΝ ΕΙΔΩΝ,4608.35,33141420-0,1311
ΨΝΟΛ46904Ν-ΒΜΤ,2024-02-01,ΑΠΟΦΑΣΗ ΠΡΟΕΔΡΟΥ ΑΝΑΘΕΣΗΣ ΣΤΙΣ ΕΤΑΙΡΕΙΕΣ ΓΙΑ ΤΗΝ ΠΡΟΜΗΘΕΙΑ ΓΑΝΤΙΩΝ Μ.Χ,094284004,ΕΥΡΟΜΑΡΤ ΑΝΩΝΥΜΗ ΕΤΑΙΡΕΙΑ ΕΜΠΟΡΙΚΕΣ ΕΠΙΧΕΙΡΗΣΕΙΣ ΑΝΤΙΠΡΟΣΩΠΕΙΕΣ ΕΙΣΑΓΩΓΕΣ ΕΞΑΓΩΓΕΣ,3459.84,33141420-0,1311
91Ρ346904Ν-Χ5Ρ,2024-01-31,ΑΠΟΦΑΣΗ ΔΕΣΜΕΥΣΗΣ ΠΙΣΤΩΣΗΣ ΠΡΟΜΗΘΕΙΑΣ ΕΤΟΙΜΩΝ ΓΕΥΜΑΤΩΝ ΓΙΑ ΤΗΝ ΣΙΤΙΣΗ ΤΩΝ ΑΣΘΕΝΩΝ ΚΑΙ ΤΟΥ ΕΦΗΜΕΡΕΥΟΝΤΟΣ ΠΡΟΣΩΠΙΚΟΥ,999859867,ΠΟΤ ΚΑΙ ΠΑΝ ΦΟΥΝΤΣΕΡΒΙΣ ΑΝΩΝΥΜΗ ΕΤΑΙΡΕΙΑ ΠΑΡΑΓΩΓΗΣ ΚΑΙ ΕΜΠΟΡΙΑΣ ΓΕΥΜΑΤΩΝ,33852.54,,1511
ΡΩΛΨ46904Ν-ΤΙ0,2024-01-26,"ΑΠΟΦΑΣΗ ΠΡΟΕΔΡΟΥ ΑΝΑΘΕΣΗΣ ΓΙΑ ΤΗΝ ΠΑΡΟΧΗ ΥΠΗΡΕΣΙΩΝ ΕΛΕΓΧΟΥ, ΥΠΟΛΟΓΙΣΜΩΝ ΚΑΙ ΣΧΕΔΙΩΝ ΓΙΑ ΤΗΝ ΑΠΟΤΥΠΩΣΗ ΤΩΝ ΟΨΕΩΝ ΤΩΝ ΚΕΝΤΡΙΚΩΝ ΚΤΙΡΙΩΝ",149804108,"ΤΡΙΑΝΤΑΦΥΛΛΟΥ,,ΔΗΜΗΤΡΙΟΣ,ΒΑΣΙΛΕΙΟΣ",4750.0,79421200-3,0419
92ΖΒ46904Ν-ΓΑ2,2024-01-26,ΑΠΟΦΑΣΗ ΠΡΟΕΔΡΟΥ ΑΝΑΘΕΣΗΣ ΓΙΑ ΤΗΝ ΠΡΟΜΗΘΕΙΑ ΕΤΟΙΜΩΝ ΓΕΥΜΑΤΩΝ (ΦΕΒΡΟΥΑΡΙΟΣ),999859867,ΠΟΤ ΚΑΙ ΠΑΝ ΦΟΥΝΤΣΕΡΒΙΣ ΑΝΩΝΥΜΗ ΕΤΑΙΡΕΙΑ ΠΑΡΑΓΩΓΗΣ ΚΑΙ ΕΜΠΟΡΙΑΣ ΓΕΥΜΑΤΩΝ,29958.0,15894220-9,1511
Ψ41Γ46904Ν-ΚΙΨ,2024-01-26,Την ανάθεση της προμήθειας δύο (2) φορητών φορτιστών με προσαρμογέα πρίζας τύπου Ευρώπης  για το χειριστήριο της τροχήλατης χειρουργικής τράπεζας MAQUET MEERA,094497279,SANTAIR ΑΝΩΝΥΜΗ ΕΤΑΙΡΙΑ ΙΑΤΡΙΚΩΝ ΕΦΑΡΜΟΓΩΝ,1934.4,31158100-9,1899
9ΤΤ046904Ν-ΜΗΦ,2024-01-22,ΑΠΟΦΑΣΗ ΠΡΟΕΔΡΟΥ ΕΓΚΡΙΣΗΣΠΡΑΚΤΙΚΟΥ ΚΑΙ ΑΝΑΘΕΣΗΣ ΥΠΗΡΕΣΙΩΝ ΚΑΘΑΡΙΟΤΗΤΑΣ,996589476,MYSERVICES Α Ε ΠΑΡΟΧΗΣ ΥΠΗΡΕΣΙΩΝ ΛΕΙΤΟΥΡΓ ΥΠΟΣΤ ΚΤΙΡ ΥΠΟΣΤ ΔΙΟΙΚ ΥΠΟΣΤ ΞΕΝ ΥΠΟΣΤ ΔΙΑΝΟΜΗΣ ΓΕΥΜΑΤΩΝ ΙΔ ΕΠΙΧ ΠΑΡ ΥΠΗΡ ΑΣΦ,28756.0,,0845
965Σ46904Ν-ΑΙΖ,2024-01-22,ΑΠΟΦΑΣΗ ΠΡΟΕΔΡΟΥ ΕΓΚΡΙΣΗΣ ΠΡΑΚΤΙΚΟΥ ΚΑΙΜΑΝΑΘΕΣΗΣ ΠΡΟΜΗΘΕΙΑΣ RAPID TEST,095618368,ΕΜΠΟΡΙΑ ΚΑΙ ΤΕΧΝΟΓΝΩΣΙΑ ΦΑΡΜΑΚΕΥΤΙΚΩΝ ΚΑΙ ΠΑΡΑΦΑΡΜΑΚΕΥΤΙΚΩΝ ΕΙΔΩΝ ΕΠΕ,2400.0,33141625-7,1359
9ΙΑΜ46904Ν-ΛΤΜ,2024-01-19,ΑΠΟΦΑΣΗ ΔΕΣΜΕΥΣΗΣ ΠΙΣΤΩΣΗΣ ΠΡΟΜΗΘΕΙΑΣ ΑΝΤΙΔΡΑΣΤΗΡΙΩΝ  ΤΟΥ ΜΙΚΡΟΒΙΟΛΟΓΙΚΟΥ,094499248,BIOMERIEUX ΕΛΛΑΣ ΑΝΩΝΥΜΗ ΕΤΑΙΡΙΑ ΕΙΣΑΓΩΓΗΣ ΕΜΠΟΡΙΑΣ ΚΑΙ ΔΙΑΝΟΜΗΣ ΙΑΤΡΙΚΩΝ ΚΑΙ ΔΙΑΓΝΩΣΤΙΚΩΝ ΠΡΟΙΟΝΤΩΝ,82223.68,33698100-0,1359
6Ε2Ε46904Ν-ΠΚΡ,2024-11-11,"ΑΠΟΦΑΣΗ ΠΡΟΕΔΡΟΥ ΕΓΚΡΙΣΗΣ ΤΟΥ ΠΡΑΚΤΙΚΟΥ ΤΗΣ ΕΠΙΤΡΟΠΗΣ ΑΞΙΟΛΟΓΗΣΗΣ ΤΩΝ ΠΡΟΣΦΟΡΩΝ ΓΙΑ ΤΗΝ ΑΝΑΘΕΣΗ ΥΠΗΡΕΣΙΩΝ ΕΙΔΙΚΟΤΗΤΑΣ ΗΛΕΚΤΡΟΤΕΧΝΙΤΩΝ ΕΩΣ ΚΑΙ ΔΙΑΚΟΣΙΕΣ ΔΕΚΑ (210) ΒΑΡΔΙΕΣ, ΓΙΑ ΤΙΣ ΑΝΑΓΚΕΣ ΤΟΥ ΝΟΣΟΚΟΜΕΙΟΥ ΓΙΑ ΤΡΕΙΣ (3) ΜΗΝΕΣ Η ΕΩΣ ΕΞΑΝΤΛΗΣΕΩΣ ΤΩΝ ΒΑΡΔΙΩΝ ΚΑΙ ΤΗΝ ΥΠΟΓΡΑΦΗ ΤΗΣ ΕΤΗΣΙΑΣ ΣΥΜΒΑΣΗΣ",998693400,ΠΑΝΑΓΙΩΤΗΣ Κ ΑΝΔΡΟΝΙΚΙΔΗΣ ΚΑΙ ΣΙΑ ΟΕ,25519.2,,0419
919246904Ν-Ξ1Η,2024-11-08,ΑΠΟΦΑΣΗ ΠΡΟΕΔΡΟΥ ΕΓΚΡΙΣΗΣ ΠΡΑΚΤΙΚΟΥ ΚΑΙ ΑΝΑΘΕΣΗΣ ΓΙΑ ΤΗΝ ΣΥΝΤΗΡΗΣΗ -ΤΕΧΝΙΚΗ ΥΠΟΣΤΗΡΙΞΗ ΤΗΣ ΕΚΔΟΣΗΣ ORACLE,095403136,COMPUTER SOLUTIONS ΑΝΩΝΥΜΗ ΒΙΟΜΗΧΑΝΙΚΗ ΚΑΙ ΕΜΠΟΡΙΚΗ ΕΤΑΙΡΕΙΑ ΠΛΗΡΟΦΟΡΙΚΗΣ,3629.34,72261000-2,0426
65Ζ446904Ν-Ν6Ρ,2024-11-08,"ΑΠΟΦΑΣΗ ΠΡΟΕΔΡΟΥ ΕΓΚΡΙΣΗΣ ΠΡΑΚΤΙΚΟΥ ΤΗΣ ΕΠΙΤΡΟΠΗΣ ΑΞΙΟΛΟΓΗΣΗΣ ΤΗΣ ΠΡΟΣΦΟΡΑΣ ΓΙΑ ΤΗΝ ΑΝΑΚΑΙΝΙΣΗ ΤΟΥ ΓΡΑΦΕΙΟΥ ΛΟΙΜΩΞΕΩΝ, ΤΟΥ WC ΤΩΝ ΕΙΔΙΚΩΝ ΙΑΤΡΕΙΩΝ ΚΑΙ ΤΟΥ ΔΙΑΔΡΟΜΟΥ ΑΝΑΜΟΝΗΣ ΑΣΘΕΝΩΝ ΚΑΙ ΤΟΥ ΔΙΟΙΚΗΤΗΡΙΟΥ",801220499,Π Π ΚΑΤΑΣΚΕΥΑΣΤΙΚΗ Ο Ε,2480.0,,0863-1413
ΨΧΔΤ46904Ν-ΣΛ3,2024-11-06,ΑΠΟΦΑΣΗ ΣΥΜΠΛΗΡΩΜΑΤΙΚΗΣ ΔΕΣΜΕΥΣΗΣ ΓΙΑ ΤΗΝ ΠΡΟΜΗΘΕΙΑ ΕΤΟΙΜΩΝ ΓΕΥΜΑΤΩΝ,094180805,ΑΦΟΙ ΚΟΜΠΑΤΣΙΑΡΗ ΑΝΩΝΥΜΗ ΕΤΑΙΡΕΙΑ  ΕΚΜΕΤΑΛΕΥΣΕΩΝ ΕΣΤΙΑΤΟΡΙΑ ΤΟΥΡΙΣΤΙΚΕΣ ΕΠΙΧΕΙΡΗΣΕΙΣ,100420.0,,1511
ΨΒ7Γ46904Ν-ΘΞΔ,2024-11-06,ΣΥΜΠΛΗΡΩΜΑΤΙΚΗ ΑΠΟΦΑΣΗ ΔΕΣΜΕΥΣΗΣ ΠΙΣΤΩΣΗΣ ΓΙΑ ΤΗΝ ΠΡΟΜΗΘΕΙΑ ΑΝΤΙΔΡΑΣΤΗΡΙΩΝ ΑΙΜΟΔΟΣΙΑΣ ΓΙΑ ΤΟΝ ΕΣΩΤΕΡΙΚΟ ΚΑΙ ΕΞΩΤΕΡΙΚΟ ΠΟΙΟΤΙΚΟ ΕΛΕΓΧΟ,095580571,ΑΛΦΑ ΜΕΝΤΙΚΑΛ ΕΙΣΑΓΩΓΕΣ ΚΑΙ ΑΝΤΙΠΡΟΣΩΠΕΙΕΣ ΙΑΤΡΟΤΕΧΝΟΛΟΓΙΚΩΝ ΚΑΙ ΦΑΡΜΑΚΕΥΤΙΚΩΝ ΠΡΟΙΟΝΤΩΝ ΑΝΩΝΥΜΟΣ ΕΜΠΟΡΙΚΗ  ΒΙΟΜΗΧΑΝΙΚΗ,1717.02,,1359
97ΣΟ46904Ν-Ψ9Κ,2024-11-05,ΑΠΟΦΑΣΗ ΔΕΣΜΕΥΣΗΣ ΠΙΣΤΩΣΗΣ ΓΙΑ ΤΗΝ ΠΡΟΜΗΘΕΙΑ ΙΑΤΡΙΚΟ ΒΑΜΒΑΚΙ,099370337,VIOLAK INTERNATIONAL ΝΟΣΟΚΟΜΕΙΑΚΟΥ ΕΞΟΠΛΙΣΜΟΥ ΑΝΩΝΥΜΗ ΕΜΠΟΡΙΚΗ ΕΤΑΙΡΕΙΑ,184.86,33141115-9,1311
6Ν1346904Ν-47Β,2024-11-05,ΑΠΟΦΑΣΗ ΠΡΟΕΔΡΟΥ ΕΓΚΡΙΣΗΣ ΠΡΑΚΤΙΚΟΥ ΠΡΟΜΗΘΕΙΑΣΓΑΝΤΙΩΝ.,999640490,ΔΟΥΡΜΟΥΣΟΓΛΟΥ ΑΝΩΝΥΜΗ ΕΜΠΟΡΙΚΗ ΒΙΟΜΗΧΑΝΙΚΗ ΕΤΑΙΡΕΙΑ ΙΑΤΡΙΚΩΝ ΕΙΔΩΝ,3707.88,33141420-0,1311
60ΓΛ46904Ν-ΚΧΩ,2024-10-30,ΑΠΟΦΑΣΗ ΠΡΟΕΔΡΟΥ ΑΝΑΘΕΣΗΣ ΤΗΣ ΕΠΙΣΚΕΥΗΣ ΗΛΕΚΤΡΟΚΙΝΗΤΗΣ ΚΛΙΝΗΣ 3303 ΤΟΥ ΚΑΤΑΣΚΕΥΑΣΤΙΚΟΥ ΟΙΚΟΥ PSILIAKOS HOSPITAL EQUIPMENT ΕΠΕ ΣΤΗΝ ΑΠΟΚΛΕΙΣΤΙΚΗ ΑΝΤΙΠΡΟΣΩΠΟ ΕΤΑΙΡΕΙΑ,999495127,ΛΕΩΝΙΔΑΣ ΨΗΛΙΑΚΟΣ ΚΑΙ ΣΙΑ ΕΤΑΙΡΕΙΑ ΠΕΡΙΟΡΙΣΜΕΝΗΣ ΕΥΘΥΝΗΣ,372.0,,0889
62ΕΡ46904Ν-ΒΒ3,2024-10-31,ΑΠΟΦΑΣΗ ΠΡΟΕΔΡΟΥ ΑΝΑΘΕΣΗΣ ΤΗΣ ΕΠΙΣΚΕΥΗΣ ΟΔΟΝΤΙΑΤΡΙΚΗΣ ΤΑΜΠΛΕΤΑΣ ΣΕ ΟΔΟΝΤΙΑΤΡΙΚΗ ΕΔΡΑ ZC9200A JOINCHAMP ΑΠΟ ΤΗΝ ΑΠΟΚΛΕΙΣΤΙΚΗ ΑΝΤΙΠΡΟΣΩΠΟ ΕΤΑΙΡΕΙΑ,999913888,EMODENTAL Θ ΔΕΣΥΝΙΩΤΗΣ ΜΟΝΟΠΡΟΣΩΠΗ Ε Π Ε,1178.0,,0887
6ΖΧ846904Ν-Χ0Ν,2024-10-31,ΑΠΟΦΑΣΗ ΠΡΟΕΔΡΟΥ ΑΝΑΘΕΣΗΣ ΤΗΣ ΑΝΤΙΚΑΤΑΣΤΑΣΗΣ ΤΟΥ UTP ΚΑΛΩΔΙΟΥ ΤΗΣ ΦΩΤΕΙΝΗΣ ΕΠΙΓΡΑΦΗΣ ΣΤΗΝ ΕΙΣΟΔΟ ΤΟΥ ΝΟΣΟΚΟΜΕΙΟΥ,801220499,Π Π ΚΑΤΑΣΚΕΥΑΣΤΙΚΗ Ο Ε,868.0,,0899-1899
9ΧΑΙ46904Ν-ΜΩΗ,2024-10-31,ΑΠΟΦΑΣΗ ΠΡΟΕΔΡΟΥ ΑΝΑΘΕΣΗΣ ΥΠΗΡΕΣΙΩΝ ΠΛΥΣΗΣ ΑΚΑΘΑΡΤΟΥ ΙΜΑΤΙΣΜΟΥ,800454872,SPICK AND SPAN ΥΠΗΡΕΣΙΕΣ ΕΠΑΓΓΕΛΜΑΤΙΚΩΝ ΠΛΥΝΤΗΡΙΩΝ ΜΟΝΟΠΡΟΣΩΠΗ  ΑΝΩΝΥΜΗ ΕΤΑΡΕΙΑ,8633.02,,0843
Ψ11Θ46904Ν-ΔΜΟ,2024-10-30,ΑΠΟΦΑΣΗ ΠΡΟΕΔΡΟΥ ΕΓΚΡΙΣΗΣ ΠΡΑΚΤΙΚΟΥ ΚΑΙ ΑΝΑΘΕΣΗΣ,099370337,VIOLAK INTERNATIONAL ΝΟΣΟΚΟΜΕΙΑΚΟΥ ΕΞΟΠΛΙΣΜΟΥ ΑΝΩΝΥΜΗ ΕΜΠΟΡΙΚΗ ΕΤΑΙΡΕΙΑ,2337.0,33141115-9,1311
970Ο46904Ν-ΓΡΟ,2024-10-29,"ΑΠΟΦΑΣΗ ΠΡΟΕΔΡΟΥ ΕΓΚΡΙΣΗΣ ΤΟΥ ΠΡΑΚΤΙΚΟΥ ΤΗΣ ΕΠΙΤΡΟΠΗΣ ΑΞΙΟΛΟΓΗΣΗΣ ΤΗΣ ΠΡΟΣΦΟΡΑΣ ΓΙΑ ΤΗΝ  ΠΑΡΟΧΗ ΥΠΗΡΕΣΙΩΝ ΣΥΜΒΟΥΛΟΥ ΔΙΑΠΙΣΤΕΥΣΗΣ ΤΟΥ ΑΙΜΑΤΟΛΟΓΙΚΟΥ  ΤΜΗΜΑΤΟΣ ΤΟΥ ΝΟΣΟΚΟΜΕΙΟΥ, ΚΑΤΑ ISO 9001  ΓΙΑ ΤΟ ΕΤΟΣ 2024",099866632,Q PLAN ΔΙΕΘΝΗΣ ΣΥΜΒΟΥΛΕΥΤΙΚΗ ΙΔΙΩΤΙΚΗ ΚΕΦΑΛΑΙΟΥΧΙΚΗ ΕΤΑΙΡΙΑ,1426.0,,0419
ΨΘΣΛ46904Ν-ΧΙΖ,2024-10-21,"ΑΠΟΦΑΣΗ ΠΡΟΕΔΡΟΥ ΕΓΚΡΙΣΗΣ ΤΟΥ ΠΡΑΚΤΙΚΟΥ ΤΗΣ ΕΠΙΤΡΟΠΗΣ ΑΞΙΟΛΟΓΗΣΗΣ ΤΗΣ ΠΡΟΣΦΟΡΑΣ ΓΙΑ ΤΗΝ ΑΝΑΘΕΣΗ ΥΠΗΡΕΣΙΩΝ ΕΤΗΣΙΑΣ ΣΥΝΤΗΡΗΣΗΣ-ΕΠΙΣΚΕΥΗΣ ΤΩΝ ΤΕΣΣΑΡΩΝ (4) ΣΤΑΘΕΡΩΝ ΑΝΑΠΝΕΥΣΤΗΡΩΝ ΕΝΤΑΤΙΚΗΣ ΘΕΡΑΠΕΙΑΣ LYRA X2, ΤΟΥ ΚΑΤΑΣΚΕΥΑΣΤΙΚΟΥ ΟΙΚΟΥ AXCENT MEDICAL, ΜΕ ΚΑΛΥΨΗ ΕΡΓΑΣΙΑΣ ΚΑΙ ΟΛΩΝ ΤΩΝ ΑΝΤΑΛΛΑΚΤΙΚΩΝ",801938784,MEDITRUST GROUP Α Ε,9920.0,,0887
9ΝΘ546904Ν-06Φ,2024-10-21,"ΑΠΟΦΑΣΗ ΠΡΟΕΔΡΟΥ ΕΓΚΡΙΣΗΣ ΤΟΥ ΠΡΑΚΤΙΚΟΥ ΤΗΣ ΕΠΙΤΡΟΠΗΣ ΑΞΙΟΛΟΓΗΣΗΣ ΤΗΣ ΠΡΟΣΦΟΡΑΣ ΓΙΑ ΤΗΝ ΑΝΑΘΕΣΗ ΥΠΗΡΕΣΙΩΝ ΔΙΑΚΡΙΒΩΣΗΣ ΚΑΙ ΕΛΕΓΧΟΥ ΔΕΚΑΟΧΤΩ (18) ΑΠΙΝΙΔΩΤΩΝ, ΤΥΠΟΥ NIHON KOHDEN, ΤΟΥ ΝΟΣΟΚΟΜΕΙΟΥ",091569759,ΑΦΟΙ Α ΣΕΛΙΔΗ ΑΝΩΝΥΜΗ ΕΤΑΙΡΙΑ ΕΠΙΣΤΗΜΟΝΙΚΟΥ ΕΞΟΠΛΙΣΜΟΥ,4910.4,,0419
Ψ7ΚΕ46904Ν-1Α4,2024-10-21,ΑΠΟΦΑΣΗ ΠΡΟΕΔΡΟΥ ΕΓΚΡΙΣΗΣ ΠΡΑΚΤΙΚΟΥ ΤΗΣ ΕΠΙΤΡΟΠΗΣ ΑΞΙΟΛΟΓΗΣΗΣ ΤΩΝ ΠΡΟΣΦΟΡΩΝ ΠΑΡΟΧΗΣ ΥΠΗΡΕΣΙΩΝ ΚΑΘΑΡΙΟΤΗΤΑΣ ΓΙΑ ΔΙΑΣΤΗΜΑ ΕΝΟΣ (1) ΜΗΝΑ,801114586,MYSERVICES HUMAN RESOURCES AND SECURITY ΑΝΩΝΥΜΗ ΕΤΑΙΡΕΙΑ ΙΔΙΩΤ ΕΠΙΧ ΠΑΡΟΧΗΣ ΥΠΗΡ ΑΣΦΑΛΕΙΑΣ ΚΑΙ ΛΕΙΤΟΥΡΓΙΚΗΣ ΥΠΟΣΤΗΡΙΞΗΣ,37113.2,,0845
9ΡΨ646904Ν-ΣΛΚ,2024-10-03,"ΑΠΟΦΑΣΗ ΠΡΟΕΔΡΟΥ ΕΓΚΡΙΣΗΣ ΤΟΥ ΠΡΑΚΤΙΚΟΥ ΤΗΣ ΕΠΙΤΡΟΠΗΣ ΑΞΙΟΛΟΓΗΣΗΣ ΤΗΣ ΠΡΟΣΦΟΡΑΣΓΙΑ ΤΗΝ ΑΝΑΘΕΣΗ ΥΠΗΡΕΣΙΩΝ «ΕΤΗΣΙΑΣ ΣΥΝΤΗΡΗΣΗΣ ΤΟΥ ΣΥΣΤΗΜΑΤΟΣ ΑΡΧΕΙΟΘΕΤΗΣΗΣ ΚΑΙ ΕΡΓΑΣΙΑΣ ΙΑΤΡΙΚΩΝ ΕΙΚΟΝΩΝ – PACS, ΤΟΥ ΚΑΤΑΣΚΕΥΑΣΤΙΚΟΥ ΟΙΚΟΥ MILLENSYS, ΤΟΥ ΑΚΤΙΝΟΛΟΓΙΚΟΥ ΤΜΗΜΑΤΟΣ ΚΑΙ ΑΝΑΘΕΣΗΣ",998860010,ICON DYNAMICS ΙΑΤΡΙΚΑ ΜΗΧΑΝΗΜΑΤΑ ΙΔΙΩΤΙΚΗ ΚΕΦΑΛΑΙΟΥΧΙΚΗ ΕΤΑΙΡΕΙΑ,15376.0,,0887
ΨΕΑΜ46904Ν-ΦΝ6,2024-09-26,"ΑΠΟΦΑΣΗ ΠΡΟΕΔΡΟΥ ΑΝΑΘΕΣΗΣ ΤΗΣ ΕΠΙΣΚΕΥΗΣ ΧΕΙΡΟΥΡΓΙΚΗΣ ΑΝΑΡΡΟΦΗΣΗΣ MEDELA DOMINANT, ΜΕ S/N 1002175, ΑΠΟ ΤΗΝ ΑΠΟΚΛΕΙΣΤΙΚΗ ΑΝΤΙΠΡΟΣΩΠΟ ΕΤΑΙΡΕΙΑ",800888293,KLINIKUM PLUS ΜΟΝΟΠΡΟΣΩΠΗ Ι Κ Ε,631.16,,0899-1439
68ΘΩ46904Ν-0ΒΑ,2024-09-26,ΑΠΟΦΑΣΗ ΠΡΟΕΔΡΟΥ ΑΝΑΘΕΣΗΣ ΤΗΣ ΑΝΤΙΚΑΤΑΣΤΑΣΗΣ ΤΟΥ ΜΗΧΑΝΙΣΜΟΥ ΤΗΣ ΘΥΡΑΣ ΘΑΛΑΜΟΥ ΠΡΟΣ ΑΠΟΚΑΤΑΣΤΑΣΗ ΤΗΣ ΛΕΙΤΟΥΡΓΙΑΣ ΤΟΥ ΜΕΓΑΛΟΥ ΑΝΕΛΚΥΣΤΗΡΑ ΤΟΥ Β’ ΚΤΗΡΙΟΥ,099021555,ΒΑΛΣΑΜΙΔΗΣ ΜΟΝΟΠΡΟΣΩΠΗ ΑΝΩΝΥΜΗ ΤΕΧΝΙΚΗ ΕΤΑΙΡΕΙΑ ΑΝΕΛΚΥΣΤΗΡΩΝ,3248.8,,1899
6ΚΟΗ46904Ν-ΩΒ0,2024-09-23,ΑΠΟΦΑΣΗ ΠΡΟΕΔΡΟΥ ΕΓΚΡΙΣΗΣ ΤΟΥ ΠΡΑΚΤΙΚΟΥ ΤΗΣ ΕΠΙΤΡΟΠΗΣ ΑΞΙΟΛΟΓΗΣΗΣ ΤΩΝ ΠΡΟΣΦΟΡΩΝ ΠΑΡΟΧΗΣ ΥΠΗΡΕΣΙΩΝ ΚΑΘΑΡΙΟΤΗΤΑΣ ΓΙΑ ΔΙΑΣΤΗΜΑ ΕΝΟΣ (1) ΜΗΝΑ ΚΑΙ ΑΝΑΘΕΣΗΣ,801114586,MYSERVICES HUMAN RESOURCES AND SECURITY ΑΝΩΝΥΜΗ ΕΤΑΙΡΕΙΑ ΙΔΙΩΤ ΕΠΙΧ ΠΑΡΟΧΗΣ ΥΠΗΡ ΑΣΦΑΛΕΙΑΣ ΚΑΙ ΛΕΙΤΟΥΡΓΙΚΗΣ ΥΠΟΣΤΗΡΙΞΗΣ,37113.2,,0845
ΨΣΥ846904Ν-94Π,2024-09-18,"ΑΠΟΦΑΣΗ ΠΡΟΕΔΡΟΥ ΑΝΑΘΕΣΗΣ ΤΗΣ ΕΤΗΣΙΑΣ ΠΡΟΛΗΠΤΙΚΗΣ ΣΥΝΤΗΡΗΣΗΣ ΚΑΙ ΤΟΥ ΕΛΕΓΧΟΥ ΚΑΛΗΣ ΛΕΙΤΟΥΡΓΙΑΣ ΔΥΟ (2) ΑΝΑΠΝΕΥΣΤΗΡΩΝ ELISA 500, ΤΟΥ ΚΑΤΑΣΚΕΥΑΣΤΙΚΟΥ ΟΙΚΟΥ LOWENSTEIN ΣΤΗΝ ΑΠΟΚΛΕΙΣΤΙΚΗ ΑΝΤΙΠΡΟΣΩΠΟ ΕΤΑΙΡΕΙΑ",095029193,ΠΑΠΑΠΟΣΤΟΛΟΥ Ν ΑΝΩΝΥΜΗ ΕΤΑΙΡΕΙΑ  ΕΤΑΙΡΕΙΑ ΕΜΠΟΡΙΑΣ ΚΑΙ ΑΝΤΙΠΡΟΣΩΠΕΙΩΝ ΙΑΤΡΙΚΩΝ ΕΡΓΑΛΕΙΩΝ ΚΑΙ ΜΗΧΑΝΗΜΑΤΩΝ,2016.24,,0887-1439
6Λ6Κ46904Ν-Χ51,2024-09-18,ΑΠΟΦΑΣΗ ΠΡΟΕΔΡΟΥ ΕΓΚΡΙΣΗΣ ΠΡΑΚΤΙΚΟΥ ΤΗΣ ΕΠΙΤΡΟΠΗΣ ΑΞΙΟΛΟΓΗΣΗΣ ΤΩΝ ΠΡΟΣΦΟΡΩΝ ΓΙΑ ΤΗΝ ΠΡΟΜΗΘΕΙΑ ΔΥΟ (2) ΑΝΑΚΙΝΗΤΗΡΩΝ-ΖΥΓΩΝ,095335610,RONTIS HELLAS ΑΝΩΝΥΜΗ ΕΜΠΟΡΙΚΗ ΚΑΙ ΒΙΟΜΗΧΑΝΙΚΗ ΕΤΑΙΡΕΙΑ ΙΑΤΡΟΦΑΡΜΑΚΕΥΤΙΚΩΝ ΕΙΔΩΝ,6200.0,,7131
69ΖΨ46904Ν-6ΜΛ,2024-09-20,ΑΠΟΦΑΣΗ ΠΡΟΕΔΡΟΥ ΑΝΑΘΕΣΗΣ ΕΚΠΑΙΔΕΥΣΗΣ ΥΠΑΛΛΗΛΩΝ,800769570,SMARTECHING EDUCATION IKE,640.0,,0724
ΨΞΣ046904Ν-ΙΡΨ,2024-09-12,ΑΠΟΦΑΣΗ ΠΡΟΕΔΡΟΥ ΕΓΚΡΙΣΗΣ ΠΡΑΚΤΙΚΟΥ ΠΡΟΜΗΘΕΙΑΣΓΑΝΤΙΩΝ.,998179225,MILONAS HEALTH ΙΑΤΡΙΚΑ ΠΡΟΙΟΝΤΑ ΑΝΩΝΥΜΟΣ ΕΤΑΙΡΕΙΑ,1053.48,33141420-0,1311
ΨΞΣ046904Ν-ΙΡΨ,2024-09-12,ΑΠΟΦΑΣΗ ΠΡΟΕΔΡΟΥ ΕΓΚΡΙΣΗΣ ΠΡΑΚΤΙΚΟΥ ΠΡΟΜΗΘΕΙΑΣΓΑΝΤΙΩΝ.,998179225,MILONAS HEALTH ΙΑΤΡΙΚΑ ΠΡΟΙΟΝΤΑ ΑΝΩΝΥΜΟΣ ΕΤΑΙΡΕΙΑ,2056.4,33141420-0,1311
9ΞΛΥ46904Ν-6ΟΝ,2024-09-06,ΑΠΟΦΑΣΗ ΠΡΟΕΔΡΟΥ ΕΓΚΡΙΣΗΣ ΤΟΥ ΠΡΑΚΤΙΚΟΥ ΤΗΣ ΕΠΙΤΡΟΠΗΣ ΑΞΙΟΛΟΓΗΣΗΣ ΤΗΣ ΠΡΟΣΦΟΡΑΣ ΓΙΑ ΤΙΣ ΕΡΓΑΣΙΕΣ ΚΛΕΙΣΙΜΑΤΟΣ ΑΝΟΙΓΜΑΤΩΝ ΚΑΙ ΟΠΩΝ ΠΑΝΩ ΑΠΟ ΤΙΣ ΨΕΥΔΟΡΟΦΕΣ ΚΑΙ ΑΝΤΙΚΑΤΑΣΤΑΣΗΣ ΨΕΥΔΟΡΟΦΩΝ ΣΤΗΝ Α’ ΠΑΘΟΛΟΓΙΚΗ ΚΛΙΝΙΚΗ,801220499,Π Π ΚΑΤΑΣΚΕΥΑΣΤΙΚΗ Ο Ε,6696.0,,0863-1413
6ΕΨΡ46904Ν-54Ξ,2024-09-04,"ΑΠΟΦΑΣΗ ΠΡΟΕΔΡΟΥ ΑΝΑΘΕΣΗΣ ΤΗΣ ΑΝΤΙΚΑΤΑΣΤΑΣΗ POWER PANEL ΚΑΙ FRONT ENCLOSURE ΣΕ ΜΟΝΙΤΟΡ SVM 7521K, ΤΟΥ ΚΑΤΑΣΚΕΥΑΣΤΙΚΟΥ ΟΙΚΟΥ NIHON KOHDEN, ΜΕ S/N 100724, ΑΠΟ ΤΗΝ ΑΠΟΚΛΕΙΣΤΙΚΗ ΑΝΤΙΠΡΟΣΩΠΟ ΕΤΑΙΡΕΙΑ",091569759,ΑΦΟΙ Α ΣΕΛΙΔΗ ΑΝΩΝΥΜΗ ΕΤΑΙΡΙΑ ΕΠΙΣΤΗΜΟΝΙΚΟΥ ΕΞΟΠΛΙΣΜΟΥ,384.4,,0887-1439
9ΛΦΥ46904Ν-ΘΥΤ,2024-09-04,"ΑΠΟΦΑΣΗ ΠΡΟΕΔΡΟΥ ΑΝΑΘΕΣΗΣ ΤΗΣ ΕΠΙΣΚΕΥΗΣ LASER ΛΙΘΟΤΡΙΠΤΗ LITHO 30W HOLMIUM, ΤΟΥ ΚΑΤΑΣΚΕΥΑΣΤΙΚΟΥ ΟΙΚΟΥ QUANTA SYSTEM, ΜΕ S/N LITH00399-0317 ΑΠΟ ΤΗΝ ΑΠΟΚΛΕΙΣΤΙΚΗ ΑΝΤΙΠΡΟΣΩΠΟ ΕΤΑΙΡΕΙΑ",094442268,ΠΡΩΤΟΝ Α Ε ΑΝΤΙΠΡ ΙΑΤΡΙΚΩΝ ΕΠΙΣΤΗΜΟΝΙΚΩΝ ΕΙΔΩΝ  ΜΗΧΑΝΗΜ ΚΑΙ ΣΥΣΤΗΜΑΤΩΝ ΑΣΦΑΛΕΙΑΣ ΙΔΙΩΤ ΕΠΙΧ ΠΑΡΟΧ ΥΠΗΡΕΣΙΩΝ ΑΣΦΑΛΕΙΑΣ,316.2,,0887
ΨΞΜΑ46904Ν-8ΗΩ,2024-09-04,"ΑΠΟΦΑΣΗ ΠΡΟΕΔΡΟΥ ΑΝΑΘΕΣΗΣ ΤΟΥ ΕΛΕΓΧΟΥ ΚΑΙ ΤΗΣ ΔΙΑΚΡΙΒΩΣΗΣ ΚΑΛΗΣ ΛΕΙΤΟΥΡΓΙΑΣ ΔΙΦΑΣΙΚΟΥ ΑΠΙΝΙΔΩΤΗ DEFI MONITOR M240, ΤΟΥ ΚΑΤΑΣΚΕΥΑΣΤΙΚΟΥ ΟΙΚΟΥ METRAX PRIMEDIC ΣΤΗΝ ΑΠΟΚΛΕΙΣΤΙΚΗ ΑΝΤΙΠΡΟΣΩΠΟ ΕΤΑΙΡΕΙΑ",800834358,CARDIOSCIENCE P C,192.2,,0887
ΨΗΕ246904Ν-ΖΝΥ,2024-09-04,"ΑΠΟΦΑΣΗ ΠΡΟΕΔΡΟΥ ΑΝΑΘΕΣΗΣ ΤΗΣ ΑΛΛΑΓΗΣ ΡΗΤΙΝΩΝ ΚΑΙ ΤΗΣ ΣΥΝΤΗΡΗΣΗΣ ΜΗΧΑΝΙΣΜΟΥ ΣΥΣΤΗΜΑΤΟΣ ΑΠΟΣΚΛΗΡΥΝΣΗΣ ΝΕΡΟΥ ΤΟΥ ΚΛΙΒΑΝΟΥ TEMB 30, ΤΟΥ ΚΑΤΑΣΚΕΥΑΣΤΙΚΟΥ ΟΙΚΟΥ TEMAK ΣΤΗΝ ΑΠΟΚΛΕΙΣΤΙΚΗ ΑΝΤΙΠΡΟΣΩΠΟ ΕΤΑΙΡΕΙΑ",094279934,ΤΕΜΑΚ ΑΝΩΝ ΤΕΧΝ ΕΜΠΟΡ ΒΙΟΜ ΤΟΥΡ  ΚΑΙ  ΝΑΥΤ ΕΤΑΙΡΕΙΑ ΑΕ,1400.27,,0887-1439
6ΛΦΑ46904Ν-ΩΦΩ,2024-09-04,"ΑΠΟΦΑΣΗ ΠΡΟΕΔΡΟΥ ΑΝΑΘΕΣΗΣ ΤΟΥ ΕΤΗΣΙΟΥ ΕΛΕΓΧΟΥ ΚΑΛΗΣ ΛΕΙΤΟΥΡΓΙΑΣ ΕΞΙ (6) ΜΟΝΙΤΟΡ G3L ΚΑΙ ΕΝΟΣ (1) ΚΕΝΤΡΙΚΟΥ ΣΤΑΘΜΟΥ CMS2800, ΤΟΥ ΚΑΤΑΣΚΕΥΑΣΤΙΚΟΥ ΟΙΚΟΥ GENERAL MEDITECH INC",800834358,CARDIOSCIENCE P C,2604.0,,0887
98Ε046904Ν-Ψ95,2024-08-22,"ΑΠΟΦΑΣΗ ΠΡΟΕΔΡΟΥ ΕΓΚΡΙΣΗΣ ΤΟΥ ΠΡΑΚΤΙΚΟΥ ΤΗΣ ΕΠΙΤΡΟΠΗΣ ΑΞΙΟΛΟΓΗΣΗΣ ΤΩΝ ΠΡΟΣΦΟΡΩΝ ΓΙΑ ΤΗΝ ΠΡΟΜΗΘΕΙΑ ΕΤΟΙΜΩΝ ΓΕΥΜΑΤΩΝ ΓΙΑ ΤΗΝ ΣΙΤΙΣΗ ΤΩΝ ΑΣΘΕΝΩΝ ΚΑΙ ΤΟΥ ΕΦΗΜΕΡΕΥΟΝΤΟΣ ΠΡΟΣΩΠΙΚΟΥ, ΓΙΑ ΧΡΟΝΙΚΟ ΔΙΑΣΤΗΜΑ ΕΝΟΣ (1) ΜΗΝΑ (ΣΕΠΤΕΜΒΡΙΟΣ) Η ΕΩΣ ΕΞΑΝΤΛΗΣΕΩΣ ΤΩΝ ΠΡΟΣ ΠΑΡΑΓΓΕΛΙΑ ΓΕΥΜΑΤΩΝ, ΓΙΑ ΤΙΣ ΑΝΑΓΚΕΣ ΤΟΥ ΤΜΗΜΑΤΟΣ ΔΙΑΤΡΟΦΗΣ ΤΟΥ ΝΟΣΟΚΟΜΕΙΟΥ ΚΑΙ ΑΝΑΘΕΣΗΣ",094180805,ΑΦΟΙ ΚΟΜΠΑΤΣΙΑΡΗ ΑΝΩΝΥΜΗ ΕΤΑΙΡΕΙΑ  ΕΚΜΕΤΑΛΕΥΣΕΩΝ ΕΣΤΙΑΤΟΡΙΑ ΤΟΥΡΙΣΤΙΚΕΣ ΕΠΙΧΕΙΡΗΣΕΙΣ,33045.72,,1511
9Α7Ζ46904Ν-ΛΜΠ,2024-08-16,ΑΠΟΦΑΣΗ ΠΡΟΕΔΡΟΥ ΕΓΚΡΙΣΗΣ ΠΡΑΚΤΙΚΟΥ ΚΑΙ ΑΝΑΘΕΣΗΣ ΥΠΗΡΕΣΙΩΝ ΔΙΑΧΕΙΡΙΣΗΣ ΕΠΙΚΙΝΔΥΝΩΝ ΑΠΟΒΛΗΤΩΝ (ΕΑΥΜ-ΕΑΑΜ)(ΚΙΤΡΙΝΑ),999893375,ΕΥΣΤΑΘΙΟΣ Γ ΤΣΙΓΚΡΗΣ ΜΟΝΟΠΡΟΣΩΠΗ ΕΤΑΙΡΕΙΑ ΠΕΡΙΟΡΙΣΜΕΝΗΣ ΕΥΘΥΝΗΣ,29240.0,,0846
ΨΧΥΡ46904Ν-ΖΝΑ,2024-08-13,AΠΟΦΑΣΗ ΠΡΟΕΔΡΟΥ ΕΓΚΡΙΣΗΣ ΠΡΑΚΤΙΚΟΥ ΚΑΙΑ ΑΝΑΘΕΣΗΣ ΥΠΗΡΕΣΙΩΝ ΕΙΔΙΚΟΤΗΤΑΣ ΗΛΕΚΤΡΟΤΕΧΝΙΤΗ ΕΩΣ 210 ΒΑΡΔΙΕΣ,998693400,ΠΑΝΑΓΙΩΤΗΣ Κ ΑΝΔΡΟΝΙΚΙΔΗΣ ΚΑΙ ΣΙΑ ΟΕ,20580.0,,0419
Ψ5ΗΧ46904Ν-Ε57,2024-08-13,AΠΟΦΑΣΗ ΠΡΟΕΔΡΟΥ ΕΓΚΡΙΣΗΣ ΠΡΑΚΤΙΚΟΥ ΚΑΙ ΑΝΑΘΕΣΗΣ ΠΑΡΟΧΗΣ ΥΠΗΡΕΣΙΩΝ ΚΑΘΑΡΙΟΤΗΤΑΣ ΓΙΑ ΕΝΑ ΜΗΝΑ,801114586,MYSERVICES HUMAN RESOURCES AND SECURITY ΑΝΩΝΥΜΗ ΕΤΑΙΡΕΙΑ ΙΔΙΩΤ ΕΠΙΧ ΠΑΡΟΧΗΣ ΥΠΗΡ ΑΣΦΑΛΕΙΑΣ ΚΑΙ ΛΕΙΤΟΥΡΓΙΚΗΣ ΥΠΟΣΤΗΡΙΞΗΣ,29930.0,,0845
ΡΕΗΚ46904Ν-3ΗΣ,2024-08-08,ΑΠΟΦΑΣΗ ΠΡΟΕΔΡΟΥ ΕΓΚΡΙΣΗΣ ΠΡΑΚΤΙΚΟΥ ΚΑΙ ΚΑΤΑΚΥΡΩΣΗΣ ΓΙΑ ΤΗΝ ΣΥΝΤΗΡΗΣΗ -ΤΕΧΝΙΚΗ ΥΠΟΣΤΗΡΙΞΗ ΚΑΙ ΦΙΛΟΞΕΝΙΑ ΤΗΣ ΙΣΤΟΣΕΛΙΔΑΣ ΤΟΥ ΝΟΣΟΚΟΜΕΙΟΥ,053896028,"ΑΚΡΑΤΟΠΟΥΛΟΣ,,ΧΡΗΣΤΟΣ,ΒΑΣΙΛΕΙΟΣ",3300.0,72212222-1,0426
9ΗΓΔ46904Ν-0ΨΕ,2024-08-07,ΑΠΟΦΑΣΗ ΠΡΟΕΔΡΟΥ ΕΓΚΡΙΣΗΣ ΠΡΑΚΤΙΚΟΥ ΚΑΙ ΚΑΤΑΚΥΡΩΣΗΣ,095432469,ΔΙΕΘΝΕΙΣ ΥΠΗΡΕΣΙΕΣ ΠΕΡΙΒΑΛΛΟΝΤΟΣ ΚΑΙ ΠΟΙΟΤΗΤΑΣ ΜΕΛΕΤΕΣ ΕΦΑΡΜΟΓΕΣ ΑΝΩΝΥΜΗ ΕΤΑΙΡΕΙΑ,2200.0,71317210-8,0419
ΨΨΤ646904Ν-ΧΛΒ,2024-08-02,ΑΠΟΦΑΣΗ ΔΕΣΜΕΥΣΗ ΠΙΣΤΩΣΗΣ ΣΥΝΤΗΡΗΣΗΣ ΕΠΙΣΚΕΥΗΣ  ΚΑΙ ΠΙΣΤΟΠΟΙΗΣΗΣ ΤΩΝ ΑΝΕΛΚΥΣΤΗΡΩΝ ΤΟΥ ΝΟΣΟΚΟΜΕΙΟΥ,099021555,ΒΑΛΣΑΜΙΔΗΣ ΜΟΝΟΠΡΟΣΩΠΗ ΑΝΩΝΥΜΗ ΤΕΧΝΙΚΗ ΕΤΑΙΡΕΙΑ ΑΝΕΛΚΥΣΤΗΡΩΝ,14880.0,,0879
Ψ5ΟΡ46904Ν-ΣΣΧ,2024-07-31,AΠΟΦΑΣΗ ΠΡΟΕΔΡΟΥ ΕΓΚΡΙΣΗΣ ΠΡΑΚΤΙΚΟΥ ΓΙΑ ΤΗΝ ΠΑΡΟΧΗ ΥΠΗΡΕΣΙΩΝ ΗΛΕΚΤΡΟΛΟΓΟΥ ΜΗΧΑΝΟΛΟΓΟΥ ΜΗΧΑΝΙΚΟΥ,102233297,"ΚΑΛΟΜΟΙΡΗΣ,,ΜΙΧΑΗΛ,ΧΡΗΣΤΟΣ",25800.0,,0419
9Α6Δ46904Ν-ΛΛΕ,2024-07-25,ΕΝΤΟΛΗ ΠΛΗΡΩΜΗΣ 10100-25/07/2024,999961192,ΕΥΡΩΜΗΧΑΝΟΛΟΓΙΚΗ ΣΥΜΒΟΥΛΟΙ ΜΗΧΑΝΙΚΟΙ ΕΤΑΙΡΕΙΑ ΠΕΡΙΟΡΙΣΜΕΝΗΣ ΕΥΘΥΝΗΣ,50344.0,,
68ΦΧ46904Ν-Ε8Ο,2024-07-24,"ΑΠΟΦΑΣΗ ΠΡΟΕΔΡΟΥ ΕΓΚΡΙΣΗΣ ΤΟΥ ΠΡΑΚΤΙΚΟΥ ΤΗΣ ΕΠΙΤΡΟΠΗΣ ΑΞΙΟΛΟΓΗΣΗΣ ΤΩΝ ΠΡΟΣΦΟΡΩΝ ΓΙΑ ΤΗΝ ΠΡΟΜΗΘΕΙΑ ΕΤΟΙΜΩΝ ΓΕΥΜΑΤΩΝ ΓΙΑ ΤΗΝ ΣΙΤΙΣΗ ΤΩΝ ΑΣΘΕΝΩΝ ΚΑΙ ΤΟΥ ΕΦΗΜΕΡΕΥΟΝΤΟΣ ΠΡΟΣΩΠΙΚΟΥ, ΓΙΑ ΧΡΟΝΙΚΟ ΔΙΑΣΤΗΜΑ ΕΝΟΣ (1) ΜΗΝΑ (ΑΥΓΟΥΣΤΟΣ) Η ΕΩΣ ΕΞΑΝΤΛΗΣΕΩΣ ΤΩΝ ΠΡΟΣ ΠΑΡΑΓΓΕΛΙΑ ΓΕΥΜΑΤΩΝ, ΓΙΑ ΤΙΣ ΑΝΑΓΚΕΣ ΤΟΥ ΤΜΗΜΑΤΟΣ ΔΙΑΤΡΟΦΗΣ ΤΟΥ ΝΟΣΟΚΟΜΕΙΟΥ",094180805,ΑΦΟΙ ΚΟΜΠΑΤΣΙΑΡΗ ΑΝΩΝΥΜΗ ΕΤΑΙΡΕΙΑ  ΕΚΜΕΤΑΛΕΥΣΕΩΝ ΕΣΤΙΑΤΟΡΙΑ ΤΟΥΡΙΣΤΙΚΕΣ ΕΠΙΧΕΙΡΗΣΕΙΣ,33782.93,,1511
9ΗΔΗ46904Ν-ΓΦ0,2024-07-24,ΑΠΟΦΑΣΗ ΔΕΣΜΕΥΣΗΣ ΠΙΣΤΩΣΗΣ,999961192,ΕΥΡΩΜΗΧΑΝΟΛΟΓΙΚΗ ΣΥΜΒΟΥΛΟΙ ΜΗΧΑΝΙΚΟΙ ΕΤΑΙΡΕΙΑ ΠΕΡΙΟΡΙΣΜΕΝΗΣ ΕΥΘΥΝΗΣ,50344.0,,9912
9ΔΠΝ46904Ν-ΤΑ1,2024-07-17,ΑΠΟΦΑΣΗ ΠΡΟΕΔΡΟΥ ΕΓΚΡΙΣΗΣ ΤΟΥ ΠΡΑΚΤΙΚΟΥ ΑΞΙΟΛΟΓΗΣΗΣ ΤΗΣ ΠΡΟΣΚΛΗΣΗΣ ΚΑΤΑΘΕΣΗΣ ΠΡΟΣΦΟΡΑΣ ΓΙΑ ΤΗΝ «ΣΥΝΤΗΡΗΣΗ – ΕΠΙΣΚΕΥΗ ΜΕ ΚΑΛΥΨΗ ΕΡΓΑΣΙΑΣ ΚΑΙ ΟΛΩΝ ΤΩΝ ΑΝΤΑΛΛΑΚΤΙΚΩΝ ΤΩΝ DRYVIEW 6800 & 6950 (ΚΑΜΕΡΕΣ – ΕΚΤΥΠΩΤΕΣ) ΚΑΙ ΤΩΝ ΨΗΦΙΑΚΩΝ ΣΥΓΚΡΟΤΗΜΑΤΩΝ CR ELITE ΚΑΙ CR CLASSIC ΤΟΥ ΑΚΤΙΝΟΔΙΑΓΝΩΣΤΙΚΟΥ ΤΜΗΜΑΤΟΣ ΤΟΥ ΝΟΣΟΚΟΜΕΙΟΥ ΓΙΑ ΕΝΑ (1) ΕΤΟΣ,094512503,ΑΠΟΣΤΟΛΟΣ ΓΕΩΡΓ ΠΑΠΟΥΔΗΣ ΚΑΙ ΥΙΟΣ ΑΝΩΝΥΜΟΣ ΕΜΠΟΡΙΚΗ ΕΤΑΙΡΙΑ ΑΝΤΙΠΡΟΣΩΠΕΙΕΣ ΕΙΣΑΓΩΓΕΣ ΙΑΤΡΙΚΩΝ ΜΗΧΑΝΗΜΑΤΩΝ,11036.0,,0887
Ψ5ΕΠ46904Ν-5ΥΒ,2024-07-17,ΑΠΟΦΑΣΗ ΠΡΟΕΔΡΟΥ ΕΓΚΡΙΣΗΣ ΤΟΥ ΠΡΑΚΤΙΚΟΥ ΤΗΣ ΕΠΙΤΡΟΠΗΣ ΑΞΙΟΛΟΓΗΣΗΣ ΤΩΝ ΠΡΟΣΦΟΡΩΝ ΠΑΡΟΧΗΣ ΥΠΗΡΕΣΙΩΝ ΚΑΘΑΡΙΟΤΗΤΑΣ ΓΙΑ ΔΙΑΣΤΗΜΑ ΕΝΟΣ ΜΗΝΑ,801114586,MYSERVICES HUMAN RESOURCES AND SECURITY ΑΝΩΝΥΜΗ ΕΤΑΙΡΕΙΑ ΙΔΙΩΤ ΕΠΙΧ ΠΑΡΟΧΗΣ ΥΠΗΡ ΑΣΦΑΛΕΙΑΣ ΚΑΙ ΛΕΙΤΟΥΡΓΙΚΗΣ ΥΠΟΣΤΗΡΙΞΗΣ,37113.2,,0845
9Δ8Τ46904Ν-ΥΥΖ,2024-07-12,ΑΠΟΦΑΣΗ ΠΡΟΕΔΡΟΥ ΕΓΚΡΙΣΗΣ ΑΝΑΘΕΣΗΣ ΓΙΑ ΤΗΝ   ΠΡΟΜΗΘΕΙΑ ΓΑΝΤΙΩΝ.,094284004,ΕΥΡΟΜΑΡΤ ΑΝΩΝΥΜΗ ΕΤΑΙΡΕΙΑ ΕΜΠΟΡΙΚΕΣ ΕΠΙΧΕΙΡΗΣΕΙΣ ΑΝΤΙΠΡΟΣΩΠΕΙΕΣ ΕΙΣΑΓΩΓΕΣ ΕΞΑΓΩΓΕΣ,5512.0,33141420-0,1311
6ΝΗΔ46904Ν-ΙΧΗ,2024-07-09,ΑΠΟΦΑΣΗ ΠΡΟΕΔΡΟΥ ΕΓΚΡΙΣΗΣ ΤΟΥ ΠΡΑΚΤΙΚΟΥ ΤΗΣ ΕΠΙΤΡΟΠΗΣ ΑΞΙΟΛΟΓΗΣΗΣ ΤΗΣ ΠΡΟΣΦΟΡΑΣ ΓΙΑ ΤΗΝ ΠΑΡΟΧΗ ΥΠΗΡΕΣΙΩΝ ΕΦΑΠΑΞ ΣΥΝΤΗΡΗΣΗΣ ΤΩΝ ΗΛΕΚΤΡΟΜΗΧΑΝΟΛΟΓΙΚΩΝ ΕΓΚΑΤΑΣΤΑΣΕΩΝ ΤΟΥ Β΄ ΚΤΗΡΙΟΥ ΚΑΤΑ ΤΗΝ ΘΕΡΙΝΗ ΔΙΑΚΟΠΗ ΚΑΙ ΑΝΑΘΕΣΗΣ,800830648,ΕΡΓΟΔΥΝΑΜΙΚΗ 2030 Ε Ε,1238.76,,0879
6ΖΓΖ46904Ν-Ω59,2024-07-09,ΑΠΟΦΑΣΗ ΠΡΟΕΔΡΟΥ ΕΓΚΡΙΣΗΣ ΤΟΥ ΠΡΑΚΤΙΚΟΥ ΤΗΣ ΕΠΙΤΡΟΠΗΣ ΑΞΙΟΛΟΓΗΣΗΣ ΤΩΝ ΠΡΟΣΦΟΡΩΝ ΓΙΑ ΤΗΝ ΠΡΟΜΗΘΕΙΑ ΚΑΙ ΑΝΤΙΚΑΤΑΣΤΑΣΗ ΦΙΛΤΡΩΝ (ΠΡΟΦΙΛΤΡΑ - ΣΑΚΟΦΙΛΤΡΑ) ΚΛΙΜΑΤΙΖΟΜΕΝΟΥ ΑΕΡΑ ΚΑΙ ΕΞΑΡΤΗΜΑΤΩΝ ΟΛΩΝ ΤΩΝ ΚΚΜ ΤΟΥ Β΄ΚΤΗΡΙΟΥ ΤΟΥ ΝΟΣΟΚΟΜΕΙΟΥ ΚΑΤΑ ΤΗΝ ΘΕΡΙΝΗ ΔΙΑΚΟΠΗ  ΚΑΙ ΑΝΑΘΕΣΗΣ,095614972,AIRTECHNIC ΧΑΤΖΟΥΔΗΣ ΕΠΕ,767.44,,0879
Ρ63Σ46904Ν-7ΥΘ,2024-07-04,"ΑΠΟΦΑΣΗ ΠΡΟΕΔΡΟΥ ΕΓΚΡΙΣΗΣ ΤΟΥ ΠΡΑΚΤΙΚΟΥ ΤΗΣ ΕΠΙΤΡΟΠΗΣ ΑΞΙΟΛΟΓΗΣΗΣ ΤΗΣ ΠΡΟΣΦΟΡΑΣ ΓΙΑ ΤΗΝ «ΕΦΑΠΑΞ ΠΡΟΛΗΠΤΙΚΗ ΣΥΝΤΗΡΗΣΗ ΚΑΙ ΤΟΝ ΓΕΝΙΚΟΥ ΕΛΕΓΧΟ ΕΞΙ (6) ΠΑΡΑΚΛΙΝΙΩΝ ΜΟΝΙΤΟΡ ΚΑΙ ΕΝΟΣ (1) ΚΕΝΤΡΙΚΟΥ ΣΤΑΘΜΟΥ CARESCAPE B850, ΤΟΥ ΚΑΤΑΣΚΕΥΑΣΤΙΚΟΥ ΟΙΚΟΥ GENERAL ELECTRIC, ΓΙΑ ΤΗΝ ΠΑΡΑΚΟΛΟΥΘΗΣΗ ΤΩΝ ΖΩΤΙΚΩΝ ΠΑΡΑΜΕΤΡΩΝ ΤΩΝ ΑΣΘΕΝΩΝ».",011651035,"ΤΖΑΝΙΔΑΚΗΣ,,ΕΜΜΑΝΟΥΗΛ,ΤΗΛΕΜΑΧΟΣ",3658.0,,0887-1439
Ψ2Δ046904Ν-210,2024-07-04,"ΑΠΟΦΑΣΗ ΠΡΟΕΔΡΟΥ ΕΓΚΡΙΣΗΣ ΤΟΥ ΠΡΑΚΤΙΚΟΥ ΤΗΣ ΕΠΙΤΡΟΠΗΣ ΑΞΙΟΛΟΓΗΣΗΣ ΤΗΣ ΠΡΟΣΦΟΡΑΣ ΓΙΑ ΤΙΣ ΕΡΓΑΣΙΕΣ ΕΠΙΣΚΕΥΗΣ – ΣΥΝΤΗΡΗΣΗΣ – ΤΟΠΟΘΕΤΗΣΗΣ ΤΩΝ ΑΠΑΙΤΟΥΜΕΝΩΝ ΛΗΨΕΩΝ ΤΩΝ ΤΜΗΜΑΤΩΝ Μ.Ε.Θ, Μ.Ε.Θ.Ε., ΧΕΙΡΟΥΡΓΕΙΩΝ ΚΑΙ ΚΑΡΔΙΟΛΟΓΙΚΗΣ ΚΛΙΝΙΚΗΣ ΤΟΥ ΝΟΣΟΚΟΜΕΙΟΥ ΚΑΤΑ ΤΗΝ ΘΕΡΙΝΗ ΔΙΑΚΟΠΗ",999796735,Α ΑΠΟΣΤΟΛΟΥ ΚΑΙ Χ ΔΕΓΕΣΤΙΝΟΣ ΟΜΟΡΡΥΘΜΗ ΕΤΑΙΡΕΙΑ,13640.0,,0879
9Π5Ε46904Ν-9Φ3,2024-07-04,"ΑΠΟΦΑΣΗ ΠΡΟΕΔΡΟΥ ΕΓΚΡΙΣΗΣ ΤΟΥ ΠΡΑΚΤΙΚΟΥ ΤΗΣ ΕΠΙΤΡΟΠΗΣ ΑΞΙΟΛΟΓΗΣΗΣ ΤΩΝ ΠΡΟΣΦΟΡΩΝ ΓΙΑ ΤΗΝ ΠΡΟΜΗΘΕΙΑ «ΕΙΔΩΝ ΣΚΕΥΑΣΜΑΤΩΝ ΕΝΤΕΡΙΚΗΣ ΣΙΤΙΣΗΣ», ΓΙΑ ΧΡΟΝΙΚΟ ΔΙΑΣΤΗΜΑ ΕΝΟΣ (1) ΕΤΟΥΣ",094007897,ΚΟΠΕΡ ΦΑΡΜΑΚΟΒΙΟΜΗΧΑΝΙΑΑΝΩΝΥΜΗ ΕΤΑΙΡΕΙΑ,11233.51,33692300-0,1311
9Π5Ε46904Ν-9Φ3,2024-07-04,"ΑΠΟΦΑΣΗ ΠΡΟΕΔΡΟΥ ΕΓΚΡΙΣΗΣ ΤΟΥ ΠΡΑΚΤΙΚΟΥ ΤΗΣ ΕΠΙΤΡΟΠΗΣ ΑΞΙΟΛΟΓΗΣΗΣ ΤΩΝ ΠΡΟΣΦΟΡΩΝ ΓΙΑ ΤΗΝ ΠΡΟΜΗΘΕΙΑ «ΕΙΔΩΝ ΣΚΕΥΑΣΜΑΤΩΝ ΕΝΤΕΡΙΚΗΣ ΣΙΤΙΣΗΣ», ΓΙΑ ΧΡΟΝΙΚΟ ΔΙΑΣΤΗΜΑ ΕΝΟΣ (1) ΕΤΟΥΣ",095367968,MEDICARE HELLAS ΑΝΩΝΥΜΗ ΕΤΑΙΡΕΙΑ ΕΜΠΟΡΙΑΣ ΝΟΣΟΚΟΜΕΙΑΚΩΝ ΕΙΔΩΝ,3355.4,33692300-0,1311
9ΤΣΟ46904Ν-ΒΓ5,2024-07-03,ΑΠΟΦΑΣΗ ΠΡΟΕΔΡΟΥ ΑΝΑΘΕΣΗΣ ΥΠΗΡΕΣΙΩΝ ΓΙΑ ΤΗΝ ΠΡΑΓΜΑΤΟΠΟΙΗΣΗ ΜΕΤΡΗΣΕΩΝ ΑΤΟΜΙΚΗΣ ΔΟΣΙΜΕΤΡΗΣΗΣ ΤΩΝ ΕΡΓΑΖΟΜΕΝΩΝ,998854561,Γ ΠΑΠΑΝΙΚΟΛΟΣ Α ΜΠΟΥΜΠΑΣ ΟΕ,2520.0,,0419
9ΟΜΩ46904Ν-Κ2Κ,2024-06-26,ΑΠΟΦΑΣΗ ΠΡΟΕΔΡΟΥ ΕΓΚΡΙΣΗΣ ΤΟΥ ΠΡΑΚΤΙΚΟΥ ΤΗΣ ΕΠΙΤΡΟΠΗΣ ΑΞΙΟΛΟΓΗΣΗΣ ΤΩΝ ΠΡΟΣΦΟΡΩΝ ΓΙΑ ΤΗΝ ΑΠΟΚΑΤΑΣΤΑΣΗ ΤΟΥ ΔΑΠΕΔΟΥ ΤΗΣ Μ.Ε.Θ. ΚΑΙ ΤΟΥ ΥΠΟΓΕΙΟΥ ΤΟΥ Β’ ΚΤΗΡΙΟΥ ΤΟΥ ΝΟΣΟΚΟΜΕΙΟΥ ΚΑΤΑ ΤΗΝ ΘΕΡΙΝΗ ΔΙΑΚΟΠΗ ΚΑΙ ΑΝΑΘΕΣΗΣ,055182469,"ΑΝΑΣΤΑΣΙΟΥ,,ΣΤΑΥΡΟΣ,ΒΑΣΙΛΕΙΟΣ",7291.2,,0863
92ΠΧ46904Ν-1Ω3,2024-06-25,ΑΠΟΦΑΣΗ ΠΡΟΕΔΡΟΥ ΕΓΚΡΙΣΗΣ ΤΟΥ ΠΡΑΚΤΙΚΟΥ ΤΗΣ ΕΠΙΤΡΟΠΗΣ ΑΞΙΟΛΟΓΗΣΗΣ ΤΗΣ ΠΡΟΣΦΟΡΑΣ ΓΙΑ ΤΟΝ ΕΤΗΣΙΟ ΚΑΘΑΡΙΣΜΟ ΚΑΙ ΤΗΝ ΑΠΟΛΥΜΑΝΣΗ ΤΩΝ ΑΕΡΑΓΩΓΩΝ ΚΑΙ ΤΩΝ ΣΤΟΜΙΩΝ ΤΟΥ ΔΙΚΤΥΟΥ ΚΛΙΜΑΤΙΣΜΟΥ ΤΩΝ ΕΙΔΙΚΩΝ ΤΜΗΜΑΤΩΝ (ΜΕΘ ΚΑΙ ΜΕΘΕ) ΤΟΥ ΝΟΣΟΚΟΜΕΙΟΥ ΚΑΤΑ ΤΗΝ ΘΕΡΙΝΗ ΔΙΑΚΟΠΗ ΜΕ ΤΗΝ ΧΡΗΣΗ ΡΟΜΠΟΤ ΚΑΙ ΑΝΑΘΕΣΗΣ,800854498,AIRTECO IKE,16864.0,,0879
9ΦΣΡ46904Ν-ΥΑΧ,2024-06-25,ΑΠΟΦΑΣΗ ΠΡΟΕΔΡΟΥ ΕΓΚΡΙΣΗΣ ΤΟΥ ΠΡΑΚΤΙΚΟΥ ΤΗΣ ΕΠΙΤΡΟΠΗΣ ΑΞΙΟΛΟΓΗΣΗΣ ΤΩΝ ΠΡΟΣΦΟΡΩΝ ΓΙΑ ΤΗΝ ΠΡΟΜΗΘΕΙΑ ΠΛΥΝΤΗΡΙΟΥ ΣΚΩΡΑΜΙΔΩΝ ΚΑΙ ΑΝΑΘΕΣΗΣ,801420577,ΜΑΜΑΛΙΓΚΑΣ Γ    ΣΙΑ Ε Ε,10788.0,,7131
6ΕΘΑ46904Ν-ΩΝΦ,2024-06-27,ΑΠΟΦΑΣΗ ΔΕΣΜΕΥΣΗΣ ΠΙΣΤΩΣΗΣ  ΓΙΑ ΤΗΝ ΠΑΡΟΧΗ ΥΠΗΡΕΣΙΩΝ ΑΠΟΚΑΤΑΣΤΑΣΗΣ ΒΛΑΒΗΣ ΤΩΝ ΣΥΣΤΗΜΑΤΩΝ ΨΥΞΗΣ,091096583,ΗΛΕΚΤΡΟΚΛΙΜΑ ΑΘ ΜΠΑΤΑΛΙΑΣ ΚΑΙ ΣΙΑ ΟΕ,7254.0,,0879-1899
ΡΓΩΝ46904Ν-ΣΛΝ,2024-06-26,"ΑΠΟΦΑΣΗ ΠΡΟΕΔΡΟΥ ΕΓΚΡΙΣΗΣ ΠΡΑΚΤΙΚΟΥ ΤΗΣ ΕΠΙΤΡΟΠΗΣ ΑΞΙΟΛΟΓΗΣΗΣ ΤΩΝ ΠΡΟΣΦΟΡΩΝ ΓΙΑ ΤΗΝ ΠΡΟΜΗΘΕΙΑ ΚΑΙ ΤΟΠΟΘΕΤΗΣΗ ΑΠΟΛΥΤΩΝ ΦΙΛΤΡΩΝ ΣΤΟΥΣ ΧΩΡΟΥΣ ΤΩΝ ΧΕΙΡΟΥΡΓΕΙΩΝ, Μ.Ε.Θ.,Μ.Ε.Θ.Ε. ΚΑΙ ΑΙΜΟΔΥΝΑΜΙΚΟΥ ΤΟΥ ΝΟΣΟΚΟΜΕΙΟΥ ΚΑΤΑ ΤΗΝ ΘΕΡΙΝΗ ΔΙΑΚΟΠΗ",800854498,AIRTECO IKE,10540.0,,0879-1439
9Β1Ψ46904Ν-ΧΨΟ,2024-06-27,ΑΠΟΦΑΣΗ ΠΡΟΕΔΡΟΥ ΕΓΚΡΙΣΗΣ ΤΟΥ ΠΡΑΚΤΙΚΟΥ ΤΗΣ ΕΠΙΤΡΟΠΗΣ ΑΞΙΟΛΟΓΗΣΗΣ ΤΩΝ ΠΡΟΣΦΟΡΩΝ ΓΙΑ ΤΗΝ ΠΑΡΟΧΗ ΥΠΗΡΕΣΙΩΝ ΣΥΝΤΗΡΗΣΗΣ ΤΟΥ ΚΛΙΒΑΝΟΥ ΑΤΜΟΥ ΤΗΣ ΚΕΝΤΡΙΚΗΣ ΑΠΟΣΤΕΙΡΩΣΗΣ (CISA) ΓΙΑ ΔΥΟ ΕΤΗ,997752073,ΚΟΥΣΟΥΛΟΣ ΙΑΤΡΙΚΟΣ ΕΞΟΠΛΙΣΜΟΣ ΟΕ,16814.4,,0887
ΨΗΘ246904Ν-7Φ7,2024-06-27,ΑΠΟΦΑΣΗ ΠΡΟΕΔΡΟΥ ΕΓΚΡΙΣΗΣ ΤΟΥ ΠΡΑΚΤΙΚΟΥ ΤΗΣ ΕΠΙΤΡΟΠΗΣ ΑΞΙΟΛΟΓΗΣΗΣ ΤΩΝ ΠΡΟΣΦΟΡΩΝ ΓΙΑ ΤΗΝ ΠΡΟΜΗΘΕΙΑ ΕΤΟΙΜΩΝ ΓΕΥΜΑΤΩΝ ΓΙΑ ΕΝΑ ΜΗΝΑ (ΙΟΥΛΙΟΣ) ΚΑΙ ΑΝΑΘΕΣΗΣ,094180805,ΑΦΟΙ ΚΟΜΠΑΤΣΙΑΡΗ ΑΝΩΝΥΜΗ ΕΤΑΙΡΕΙΑ  ΕΚΜΕΤΑΛΕΥΣΕΩΝ ΕΣΤΙΑΤΟΡΙΑ ΤΟΥΡΙΣΤΙΚΕΣ ΕΠΙΧΕΙΡΗΣΕΙΣ,33782.93,,1511
Ψ4ΞΕ46904Ν-ΟΧΓ,2024-06-25,ΑΠΟΦΑΣΗ ΠΡΟΕΔΡΟΥ ΑΝΑΘΕΣΗΣ ΤΗΣ ΕΠΙΣΚΕΥΗΣ VIDEO ΚΟΛΟΝΟΣΚΟΠΙΟΥ CF-H170L OLYMPUS ΣΤΗΝ ΑΠΟΚΛΕΙΣΤΙΚΗ ΑΝΤΙΠΡΟΣΩΠΟ ΕΤΑΙΡΕΙΑ,094442268,ΠΡΩΤΟΝ Α Ε ΑΝΤΙΠΡ ΙΑΤΡΙΚΩΝ ΕΠΙΣΤΗΜΟΝΙΚΩΝ ΕΙΔΩΝ  ΜΗΧΑΝΗΜ ΚΑΙ ΣΥΣΤΗΜΑΤΩΝ ΑΣΦΑΛΕΙΑΣ ΙΔΙΩΤ ΕΠΙΧ ΠΑΡΟΧ ΥΠΗΡΕΣΙΩΝ ΑΣΦΑΛΕΙΑΣ,3973.08,,1439
Ψ9Ο446904Ν-Ξ7Ν,2024-06-26,ΑΠΟΦΑΣΗ ΠΡΟΕΔΡΟΥ ΑΝΑΘΕΣΗΣ ΤΗΣ ΠΡΟΜΗΘΕΙΑΣ ΑΔΕΙΑΣ ΧΡΗΣΗΣ ΤΟΥ DICOM STORE & WORKLIST ΓΙΑ ΤΟ CR ELITE ΤΟΥ ΝΟΣΟΚΟΜΕΙΟΥ ΚΑΙ ΤΗΣ ΣΥΝΔΕΣΗΣ ΣΕ ΔΙΚΤΥΟ PACS ΤΟΥ ΤΗΛΕΧΕΙΡΙΖΟΜΕΝΟΥ ΑΚΤΙΝΟΓΡΑΦΙΚΟΥ OPERA ΚΑΙ ΤΩΝ ΨΗΦΙΟΠΟΙΗΤΩΝ CR ELITE ΚΑΙ CR CLASSIC ΣΤΗΝ ΑΠΟΚΛΕΙΣΤΙΚΗ ΑΝΤΙΠΡΟΣΩΠΟ ΕΤΑΙΡΕΙΑ,094512503,ΑΠΟΣΤΟΛΟΣ ΓΕΩΡΓ ΠΑΠΟΥΔΗΣ ΚΑΙ ΥΙΟΣ ΑΝΩΝΥΜΟΣ ΕΜΠΟΡΙΚΗ ΕΤΑΙΡΙΑ ΑΝΤΙΠΡΟΣΩΠΕΙΕΣ ΕΙΣΑΓΩΓΕΣ ΙΑΤΡΙΚΩΝ ΜΗΧΑΝΗΜΑΤΩΝ,3472.0,,0887
ΨΥΡ046904Ν-ΚΙΒ,2024-06-25,ΑΠΟΦΑΣΗ ΠΡΟΕΔΡΟΥ ΑΝΑΘΕΣΗΣ ΠΑΡΟΧΗΣ ΥΠΗΡΕΣΙΩΝ ΑΠΟΚΑΤΑΣΤΑΣΗΣ ΒΛΑΒΗΣ ΤΩΝ ΣΥΣΤΗΜΑΤΩΝ ΨΥΞΗΣ ΤΟΥ Β' ΚΤΗΡΙΟΥ ΤΟΥ ΝΟΣΟΚΟΜΕΙΟΥ,091096583,ΗΛΕΚΤΡΟΚΛΙΜΑ ΑΘ ΜΠΑΤΑΛΙΑΣ ΚΑΙ ΣΙΑ ΟΕ,7254.0,,0899-1899
6ΞΟΤ46904Ν-Ρ1Ω,2024-06-19,ΑΠΟΦΑΣΗ ΠΡΟΕΔΡΟΥ ΕΓΚΡΙΣΗΣ ΠΡΑΚΤΙΚΟΥ ΤΗΣ ΕΠΙΤΡΟΠΗΣ ΑΞΙΟΛΟΓΗΣΗΣ ΤΩΝ ΠΡΟΣΦΟΡΩΝ ΓΙΑ ΤΗΝ ΑΜΕΣΗ ΣΥΝΤΗΡΗΣΗ ΟΛΩΝ ΤΩΝ UPS  ΠΟΥ ΥΠΟΣΤΗΡΙΖΟΥΝ ΤΙΣ ΚΕΝΤΡΙΚΕΣ ΥΠΟΔΟΜΕΣ ΤΟΥ ΤΜΗΜΑΤΟΣ ΠΛΗΡΟΦΟΡΙΚΗΣ (ΚΑΤ ΕΠΕΚΤΑΣΗ ΟΛΟΥ ΤΟΥ ΝΟΣΟΚΟΜΕΙΟΥ-SERVERS-STORAGE-FIREWALL RACKS) ΚΑΙ ΑΝΤΙΚΑΤΑΣΤΑΣΗ ΤΩΝ ΜΠΑΤΑΡΙΩΝ – ΣΥΣΣΩΡΕΥΤΩΝ,095477672,ACE ΗΛΕΚΤΡΟΝΙΚΑ ΙΣΧΥΟΣ ΜΟΝΟΠΡΟΣΩΠΗ ΕΤΑΙΡΕΙΑ ΠΕΡΙΟΡΙΣΜΕΝΗΣ ΕΥΘΥΝΗΣ,1436.41,,0889-1439
93ΩΡ46904Ν-4ΙΒ,2024-06-19,ΑΠΟΦΑΣΗ ΠΡΟΕΔΡΟΥ ΕΓΚΡΙΣΗΣ ΠΡΑΚΤΙΚΟΥ ΤΗΣ ΕΠΙΤΡΟΠΗΣ ΑΞΙΟΛΟΓΗΣΗΣ ΤΩΝ ΠΡΟΣΦΟΡΩΝ ΠΑΡΟΧΗΣ ΥΠΗΡΕΣΙΩΝ ΚΑΘΑΡΙΟΤΗΤΑΣ ΓΙΑ ΔΙΑΣΤΗΜΑ ΕΝΟΣ ΜΗΝΑ ΚΑΙ ΑΝΑΘΕΣΗΣ,801114586,MYSERVICES HUMAN RESOURCES AND SECURITY ΑΝΩΝΥΜΗ ΕΤΑΙΡΕΙΑ ΙΔΙΩΤ ΕΠΙΧ ΠΑΡΟΧΗΣ ΥΠΗΡ ΑΣΦΑΛΕΙΑΣ ΚΑΙ ΛΕΙΤΟΥΡΓΙΚΗΣ ΥΠΟΣΤΗΡΙΞΗΣ,37113.2,,0845
9ΘΦΠ46904Ν-72Μ,2025-04-11,"ΑΠΟΦΑΣΗ ΠΡΟΕΔΡΟΥ ΕΓΚΡΙΣΗΣ ΠΡΑΚΤΙΚΟΥ ΤΗΣ ΕΠΙΤΡΟΠΗΣ ΑΞΙΟΛΟΓΗΣΗΣ ΤΗΣ ΠΡΟΣΦΟΡΑΣ ΓΙΑ ΤΗΝ ΠΑΡΟΧΗ ΥΠΗΡΕΣΙΩΝ ΣΥΝΤΗΡΗΣΗΣ – ΕΠΙΣΚΕΥΗΣ ΟΛΩΝ ΤΩΝ ΑΝΤΑΛΛΑΚΤΙΚΩΝ ΤΟΥ ΜΗΧΑΝΗΜΑΤΟΣ ΤΕΧΝΗΤΟΥ ΝΕΦΡΟΥ ΤΥΠΟΥ MULTIFILTRATE, ΤΟΥ ΚΑΤΑΣΚΕΥΑΣΤΙΚΟΥ ΟΙΚΟΥ FRESENIUS, ΓΙΑ ΧΡΟΝΙΚΗ ΔΙΑΡΚΕΙΑ ΔΥΟ (2) ΕΤΩΝ",998283526,MEDIPRIME ΙΑΤΡΟΦΑΡΜΑΚΕΥΤΙΚΩΝ ΕΙΔΩΝ ΑΝΩΝΥΜΗ ΕΜΠΟΡΙΚΗ ΕΤΑΙΡΕΙΑ,5356.8,,0887
934846904Ν-ΜΓΩ,2025-04-04,"ΑΠΟΦΑΣΗ ΠΡΟΕΔΡΟΥ ΑΝΑΘΕΣΗΣ ΤΟΥ ΠΡΟΛΗΠΤΙΚΟΥ ΕΛΕΓΧΟΥ ΚΑΙ ΤΗΣ ΣΥΝΤΗΡΗΣΗΣ ΟΥΡΟΔΥΝΑΜΙΚΟΥ ΣΥΣΤΗΜΑΤΟΣ ΕΛΕΓΧΟΥ MMS, ΜΕ S/N PE08-7CIMB2629, ΑΠΟ ΤΗΝ ΑΠΟΚΛΕΙΣΤΙΚΗ ΑΝΤΙΠΡΟΣΩΠΟ ΕΤΑΙΡΕΙΑ",999735059,ΧΑΤΖΗΑΝΑΣΤΑΣΙΟΥ Χ ΚΑΙ ΣΙΑ ΟΕ,415.4,,0887-1439
9ΞΘΦ46904Ν-ΟΘΚ,2025-03-21,ΑΠΟΦΑΣΗ ΠΡΟΕΔΡΟΥ ΕΓΚΡΙΣΗΣ ΤΟΥ ΠΡΑΚΤΙΚΟΥ ΤΗΣ ΕΠΙΤΡΟΠΗΣ ΑΞΙΟΛΟΓΗΣΗΣ ΤΩΝ ΠΡΟΣΦΟΡΩΝ ΠΑΡΟΧΗΣ ΥΠΗΡΕΣΙΩΝ ΚΑΘΑΡΙΟΤΗΤΑΣ ΓΙΑ ΔΙΑΣΤΗΜΑ ΕΝΟΣ (1) ΜΗΝΑ,801114586,MYSERVICES HUMAN RESOURCES AND SECURITY ΑΝΩΝΥΜΗ ΕΤΑΙΡΕΙΑ ΙΔΙΩΤ ΕΠΙΧ ΠΑΡΟΧΗΣ ΥΠΗΡ ΑΣΦΑΛΕΙΑΣ ΚΑΙ ΛΕΙΤΟΥΡΓΙΚΗΣ ΥΠΟΣΤΗΡΙΞΗΣ,37110.72,,0845
6Η9846904Ν-0ΝΘ,2025-03-18,ΑΠΟΦΑΣΗ ΠΡΟΕΔΡΟΥ ΕΓΚΡΙΣΗΣ ΤΟΥ ΠΡΑΚΤΙΚΟΥ ΤΗΣ ΕΠΙΤΡΟΠΗΣ ΑΞΙΟΛΟΓΗΣΗΣ ΤΩΝ ΠΡΟΣΦΟΡΩΝ ΓΙΑ ΤΗΝ ΠΡΟΜΗΘΕΙΑ ΑΝΤΙΔΡΑΣΤΗΡΙΩΝ ΓΙΑ ΤΟΝ ΕΞΩΤΕΡΙΚΟ ΠΟΙΟΤΙΚΟ ΕΛΕΓΧΟ ΤΟΥ ΚΥΤΤΑΡΟΛΟΓΙΚΟΥ ΤΜΗΜΑΤΟΣ ΓΙΑ ΤΟ ΕΤΟΣ 2025,095580571,ΑΛΦΑ ΜΕΝΤΙΚΑΛ ΕΙΣΑΓΩΓΕΣ ΚΑΙ ΑΝΤΙΠΡΟΣΩΠΕΙΕΣ ΙΑΤΡΟΤΕΧΝΟΛΟΓΙΚΩΝ ΚΑΙ ΦΑΡΜΑΚΕΥΤΙΚΩΝ ΠΡΟΙΟΝΤΩΝ ΑΝΩΝΥΜΟΣ ΕΜΠΟΡΙΚΗ  ΒΙΟΜΗΧΑΝΙΚΗ,2226.0,,1359
ΨΖΗ146904Ν-8Γ8,2025-03-18,ΑΠΟΦΑΣΗ ΠΡΟΕΔΡΟΥ ΕΓΚΡΙΣΗΣ ΤΟΥ ΠΡΑΚΤΙΚΟΥ ΤΗΣ ΕΠΙΤΡΟΠΗΣ ΑΞΙΟΛΟΓΗΣΗΣ ΤΩΝ ΠΡΟΣΦΟΡΩΝ ΓΙΑ ΤΗΝ «ΣΥΜΜΕΤΟΧΗ ΤΟΥ ΑΙΜΑΤΟΛΟΓΙΚΟΥ ΕΡΓΑΣΤΗΡΙΟΥ ΓΙΑ ΠΟΙΟΤΙΚΟ ΈΛΕΓΧΟ ΤΟΥ ΑΙΜΟΡΡΑΓΙΚΟΥ ΕΛΕΓΧΟΥ ΓΙΑ ΕΝΑ (1) ΕΤΟΣ»,999963462,BIO RAD LABORATORIES ΜΟΝΟΠΡΟΣΩΠΗ ΕΤΑΙΡΕΙΑ ΠΕΡΙΟΡΙΣΜΕΝΗΣ ΕΥΘΥΝΗΣ ΚΑΤΑΣΚΕΥΗΣ ΚΑΙ ΕΜΠΟΡΙΑΣ ΙΑΤΡΙΚΟΥ ΕΞΟΠΛΙΣΜΟΥ,644.8,,1359
ΡΚ7Π46904Ν-3ΘΟ,2025-03-18,"ΑΠΟΦΑΣΗ ΠΡΟΕΔΡΟΥ ΑΝΑΘΕΣΗΣ ΤΗΣ ΑΝΤΙΚΑΤΑΣΤΑΣΗΣ ΤΩΝ ΦΙΛΤΡΩΝ ΤΗΣ ΑΠΑΓΩΓΟΥ ΤΟΥ ΔΩΜΑΤΙΟΥ ΛΗΨΗΣ ΚΑΙ ΕΠΕΞΕΡΓΑΣΙΑΣ ΙΣΤΟΛΟΓΙΚΩΝ ΠΑΡΑΣΚΕΥΑΣΜΑΤΩΝ, ΤΟΥ ΚΑΤΑΣΚΕΥΑΣΤΙΚΟΥ ΟΙΚΟΥ EQUIP ΜΗΧΑΝΟΛΟΓΙΚΕΣ ΕΦΑΡΜΟΓΕΣ ΕΠΕ, ΑΠΟ ΤΗΝ ΑΠΟΚΛΕΙΣΤΙΚΗ ΑΝΤΙΠΡΟΣΩΠΟ ΕΤΑΙΡΕΙΑ",099078941,ΜΗΧΑΝΟΛΟΓΙΚΕΣ ΕΦΑΡΜΟΓΕΣ ΕΠΕ,2331.2,,0879-1439
ΡΨΠΖ46904Ν-ΨΣ9,2025-03-14,"ΑΠΟΦΑΣΗ ΠΡΟΕΔΡΟΥ ΑΝΑΘΕΣΗΣ ΤΗΣ ΑΝΤΙΚΑΤΑΣΤΑΣΗΣ ΤΡΟΧΟΥ ΣΕ ΦΟΡΕΙΟ ΤΥΠΟΥ 6005, ΤΟΥ ΚΑΤΑΣΚΕΥΑΣΤΙΚΟΥ ΟΙΚΟΥ PSILIAKOS HOSPITAL EQUIPMENT ΕΠΕ, ΜΕ S/N 3732-01-001, ΑΠΟ ΤΗΝ ΑΠΟΚΛΕΙΣΤΙΚΗ ΑΝΤΙΠΡΟΣΩΠΟ ΕΤΑΙΡΕΙΑ",999495127,ΛΕΩΝΙΔΑΣ ΨΗΛΙΑΚΟΣ ΚΑΙ ΣΙΑ ΕΤΑΙΡΕΙΑ ΠΕΡΙΟΡΙΣΜΕΝΗΣ ΕΥΘΥΝΗΣ,361.34,,0889-1439
6Α4546904Ν-ΤΣΚ,2025-03-14,ΑΠΟΦΑΣΗ ΠΡΟΕΔΡΟΥ ΑΝΑΘΕΣΗΣ ΤΗΣ ΠΡΟΜΗΘΕΙΑΣ ΚΑΙ ΤΗΣ ΑΝΤΙΚΑΤΑΣΤΑΣΗΣ 3 ΚΥΚΛΟΦΟΡΗΤΩΝ ΤΥΠΟΥ GRUNDFOS ΤΟΥ ΔΙΚΤΥΟΥ ΘΕΡΜΑΝΣΗΣ ΚΑΙ ΤΟΥ ΔΙΚΤΥΟΥ ΜΕΤΑΘΕΡΜΑΝΤΙΚΩΝ ΣΤΟΙΧΕΙΩΝ,998693400,ΠΑΝΑΓΙΩΤΗΣ Κ ΑΝΔΡΟΝΙΚΙΔΗΣ ΚΑΙ ΣΙΑ ΟΕ,2137.76,,1413
6ΜΩ146904Ν-Ε5Κ,2025-03-12,ΑΠΟΦΑΣΗ ΠΡΟΕΔΡΟΥ ΕΓΚΡΙΣΗΣ ΤΟΥ ΠΡΑΚΤΙΚΟΥ ΤΗΣ ΕΠΙΤΡΟΠΗΣ ΑΞΙΟΛΟΓΗΣΗΣ ΤΩΝ ΠΡΟΣΦΟΡΩΝ ΓΙΑ ΤΗΝ ΠΡΟΜΗΘΕΙΑ ΑΝΤΙΔΡΑΣΤΗΡΙΩΝ ΣΧΕΤΙΚΑ ΜΕ ΤΟΝ ΕΞΩΤΕΡΙΚΟ ΠΟΙΟΤΙΚΟ ΕΛΕΓΧΟ ΤΟΥ ΠΑΘΟΛΟΓΟΑΝΑΤΟΜΙΚΟΥ ΕΡΓΑΣΤΗΡΙΟΥ ΓΙΑ ΤΟ ΕΤΟΣ 2025,095580571,ΑΛΦΑ ΜΕΝΤΙΚΑΛ ΕΙΣΑΓΩΓΕΣ ΚΑΙ ΑΝΤΙΠΡΟΣΩΠΕΙΕΣ ΙΑΤΡΟΤΕΧΝΟΛΟΓΙΚΩΝ ΚΑΙ ΦΑΡΜΑΚΕΥΤΙΚΩΝ ΠΡΟΙΟΝΤΩΝ ΑΝΩΝΥΜΟΣ ΕΜΠΟΡΙΚΗ  ΒΙΟΜΗΧΑΝΙΚΗ,6349.4,,1359
969Μ46904Ν-ΞΕΓ,2025-03-12,ΑΠΟΦΑΣΗ ΠΡΟΕΔΡΟΥ ΕΓΚΡΙΣΗΣ ΤΟΥ ΠΡΑΚΤΙΚΟΥ ΤΗΣ ΕΠΙΤΡΟΠΗΣ ΑΞΙΟΛΟΓΗΣΗΣ ΤΩΝ ΠΡΟΣΦΟΡΩΝ ΓΙΑ ΤΗΝ ΕΠΙΣΚΕΥΗ ΤΗΣ ΔΙΑΡΡΟΗΣ ΣΤΗΝ Α’ ΠΑΘΟΛΟΓΙΚΗ ΚΛΙΝΙΚΗ,801220499,Π Π ΚΑΤΑΣΚΕΥΑΣΤΙΚΗ Ο Ε,2976.0,,0863-1413
9ΚΝΩ46904Ν-Ζ1Γ,2025-03-07,"ΑΠΟΦΑΣΗ ΠΡΟΕΔΡΟΥ ΑΝΑΘΕΣΗ ΤΗΣ ΠΡΟΜΗΘΕΙΑΣ ΚΑΙ ΤΗΣ ΤΟΠΟΘΕΤΗΣΗ ΧΕΙΡΙΣΤΗΡΙΟΥ ΚΛΙΝΗΣ 3303, ΤΟΥ ΚΑΤΑΣΚΕΥΑΣΤΙΚΟΥ ΟΙΚΟΥ PSILIAKOS HOSPITAL EQUIPMENT ΕΠΕ, ΜΕ S/N 3844-01-0001, ΑΠΟ ΤΗΝ ΑΠΟΚΛΕΙΣΤΙΚΗ ΑΝΤΙΠΡΟΣΩΠΟ ΕΤΑΙΡΕΙΑ",999495127,ΛΕΩΝΙΔΑΣ ΨΗΛΙΑΚΟΣ ΚΑΙ ΣΙΑ ΕΤΑΙΡΕΙΑ ΠΕΡΙΟΡΙΣΜΕΝΗΣ ΕΥΘΥΝΗΣ,238.08,,1439
Ψ75546904Ν-3ΞΖ,2025-03-06,Παροχή  Εξειδικευμένων Συμβουλευτικών Υπηρεσιών για την Διαχείριση της Πράξης ΕΣΠΑ με τίτλο «Δράσεις  ενεργειακής  αναβάθμισης και εξοικονόμησης ενέργειας του Γενικού Νοσοκομείου Αθηνών «Η ΕΛΠΙΣ»- Β΄ΦΑΣΗ (ΕΣΠΑ 2021-2027)»,801554101,MENTORING INNOVATION DEVELOPMENT AND ADVISORY SERVICES ΜΟΝΟΠΡΟΣΩΠΗ Ι Κ Ε,9435.48,,0419
Ψ5ΣΖ46904Ν-2ΦΧ,2025-03-06,ΑΠΟΦΑΣΗ ΠΡΟΕΔΡΟΥ ΕΓΚΡΙΣΗΣ ΤΟΥ ΠΡΑΚΤΙΚΟΥ ΤΗΣ ΕΠΙΤΡΟΠΗΣ ΑΞΙΟΛΟΓΗΣΗΣ ΤΗΣ ΠΡΟΣΦΟΡΑΣ ΓΙΑ ΤΗΝ ΠΑΡΟΧΗ ΥΠΗΡΕΣΙΩΝ ΠΡΟΛΗΠΤΙΚΗΣ ΕΦΑΠΑΞ ΣΥΝΤΗΡΗΣΗΣ ΕΝΤΕΚΑ (11) ΦΟΡΗΤΩΝ ΑΝΑΠΝΕΥΣΤΗΡΩΝ ΤΥΠΟΥ NKV330 ΤΟΥ ΚΑΤΑΣΚΕΥΑΣΤΙΚΟΥ ΟΙΚΟΥ NIHON  KOHDEN,091569759,ΑΦΟΙ Α ΣΕΛΙΔΗ ΑΝΩΝΥΜΗ ΕΤΑΙΡΙΑ ΕΠΙΣΤΗΜΟΝΙΚΟΥ ΕΞΟΠΛΙΣΜΟΥ,15004.0,,0887
ΨΡΨΣ46904Ν-ΥΧΕ,2025-03-06,ΑΠΟΦΑΣΗ ΠΡΟΕΔΡΟΥ ΕΓΚΡΙΣΗΣ ΤΟΥ ΠΡΑΚΤΙΚΟΥ ΤΗΣ ΕΠΙΤΡΟΠΗΣ ΑΞΙΟΛΟΓΗΣΗΣ ΤΗΣ ΠΡΟΣΦΟΡΑΣ ΓΙΑ ΤΗΝ ΠΑΡΟΧΗ ΥΠΗΡΕΣΙΩΝ «ΣΥΝΤΗΡΗΣΗΣ – ΕΠΙΣΚΕΥΗΣ ΜΕ ΚΑΛΥΨΗ ΟΛΩΝ ΤΩΝ ΑΝΤΑΛΛΑΚΤΙΚΩΝ ΓΙΑ ΤΟ ΠΛΥΝΤΗΡΙΟ ΧΕΙΡΟΥΡΓΙΚΩΝ ΕΡΓΑΛΕΙΩΝ ΤΗΣ ΑΠΟΣΤΕΙΡΩΣΗΣ» ΤΟΥ ΚΑΤΑΣΚΕΥΑΣΤΙΚΟΥ ΟΙΚΟΥ BELIMED,094349547,ΙΑΤΡΙΚΗ ΜΕΡΙΜΝΑ ΚΑΙ ΥΓΕΙΑ ΑΝΩΝ ΕΜΠΟΡΙΚΗ ΚΑΙ ΒΙΟΜΗΧΑΝ ΕΤΑΙΡ ΙΑΤΡΙΚΩΝ ΕΙΔΩΝ,13020.0,,0889
ΨΩ0Ι46904Ν-ΤΜΕ,2025-03-06,ΑΠΟΦΑΣΗ ΠΡΟΕΔΡΟΥ ΕΓΚΡΙΣΗΣ ΤΟΥ ΠΡΑΚΤΙΚΟΥ ΤΗΣ ΕΠΙΤΡΟΠΗΣ ΑΞΙΟΛΟΓΗΣΗΣ ΤΗΣ ΠΡΟΣΦΟΡΑΣ ΤΗΣ ΕΤΑΙΡΕΙΑΣ ΓΙΑ ΤΗΝ ΠΑΡΟΧΗ ΥΠΗΡΕΣΙΩΝ ΣΥΝΤΗΡΗΣΗΣ ΤΟΥ UNIT ΟΔΟΝΤΙΑΤΡΙΚΟΥ ΚΑΙ ΕΔΡΑΣ ΓΙΑ ΔΥΟ (2) ΕΤΗ ΜΕ ΠΛΗΡΗ ΠΡΟΛΗΠΤΙΚΗ ΚΑΙ ΔΙΟΡΘΩΤΙΚΗ ΣΥΝΤΗΡΗΣΗ ΚΑΙ ΚΑΛΥΨΗ ΜΕΡΙΚΩΝ ΕΚ ΤΩΝ ΑΝΤΑΛΛΑΚΤΙΚΩΝ ΤΟΥ ΚΑΤΑΣΚΕΥΑΣΤΙΚΟΥ ΟΙΚΟΥ JOINCHAMP ΤΟΥ ΟΔΟΝΤΙΑΤΡΙΚΟΥ ΤΜΗΜΑΤΟΣ ΤΟΥ ΝΟΣΟΚΟΜΕΙΟΥ,999913888,EMODENTAL Θ ΔΕΣΥΝΙΩΤΗΣ ΜΟΝΟΠΡΟΣΩΠΗ Ε Π Ε,1984.0,,0887
96ΟΔ46904Ν-ΒΣΠ,2025-02-28,ΑΠΟΦΑΣΗ ΠΡΟΕΔΡΟΥ ΕΓΚΡΙΣΗΣ ΤΟΥ ΠΡΑΚΤΙΚΟΥ ΤΗΣ ΕΠΙΤΡΟΠΗΣ ΑΞΙΟΛΟΓΗΣΗΣ ΤΩΝ ΠΡΟΣΦΟΡΩΝ ΓΙΑ ΤΗΝ ΠΡΟΜΗΘΕΙΑ RAPID TEST COVID 19 ΓΙΑ ΤΙΣ ΑΝΑΓΚΕΣ ΤΟΥ ΝΟΣΟΚΟΜΕΙΟΥ ΓΙΑ ΕΝΑ (1) ΕΤΟΣ,095618368,ΕΜΠΟΡΙΑ ΚΑΙ ΤΕΧΝΟΓΝΩΣΙΑ ΦΑΡΜΑΚΕΥΤΙΚΩΝ ΚΑΙ ΠΑΡΑΦΑΡΜΑΚΕΥΤΙΚΩΝ ΕΙΔΩΝ ΕΠΕ,6296.4,,1359
90ΥΧ46904Ν-4ΣΦ,2025-02-27,ΑΠΟΦΑΣΗ ΠΡΟΕΔΡΟΥ ΑΝΑΘΕΣΗΣ ΠΛΗΡΩΣΗΣ ΔΕΞΑΜΕΝΗΣ ΟΞΥΓΟΝΟΥ,094073495,SOL HELLAS AE,28210.0,24111500-0,1614
ΨΗ8946904Ν-Χ22,2025-02-25,ΑΠΟΦΑΣΗ ΠΡΟΕΔΡΟΥ ΑΝΑΘΕΣΗΣ Παροχή  Εξειδικευμένων Συμβουλευτικών Υπηρεσιών για την Διαχείριση της Πράξης ΕΣΠΑ με τίτλο «Δράσεις  ενεργειακής  αναβάθμισης και εξοικονόμησης ενέργειας του Γενικού Νοσοκομείου Αθηνών «Η ΕΛΠΙΣ»- Β΄ΦΑΣΗ (ΕΣΠΑ 2021-2027)»,801554101,MENTORING INNOVATION DEVELOPMENT AND ADVISORY SERVICES ΜΟΝΟΠΡΟΣΩΠΗ Ι Κ Ε,9435.48,,0419
ΨΥΠ146904Ν-7ΓΑ,2025-02-26,ΑΠΟΦΑΣΗ ΠΡΟΕΔΡΟΥ ΕΓΚΡΙΣΗΣ ΤΟΥ ΠΡΑΚΤΙΚΟΥ ΤΗΣ ΕΠΙΤΡΟΠΗΣ ΑΞΙΟΛΟΓΗΣΗΣ ΤΗΣ ΠΡΟΣΦΟΡΑΣ ΓΙΑ ΤΗΝ ΠΡΟΜΗΘΕΙΑ ΑΝΑΒΑΘΜΙΣΕΩΝ ΓΙΑ ΤΟ ΑΓΓΕΙΟΓΡΑΦΙΚΟ  ΣΥΓΚΡΟΤΗΜΑ ALLURA CENTRON ΤΟΥ ΟΙΚΟΥ PHILIPS,094014759,ΦΙΛΙΠΣ ΕΛΛΑΣ ΜΟΝΟΠΡΟΣΩΠΗ  ΑΝΩΝΥΜΟΣ ΕΜΠΟΡΙΚΗ ΚΑΙ ΒΙΟΜΗΧΑΝΙΚΗ ΕΤΑΙΡΕΙΑ ΗΛΕΚΤΡΟΤΕΧΝΙΚΩΝ ΠΡΟΙΟΝΤΩΝ ΚΑΙ ΙΑΤΡΙΚΩΝ ΣΥΣΤΗΜΑΤΩΝ,16864.0,,0426
ΨΝ4Σ46904Ν-ΙΔΩ,2025-02-20,"ΑΠΟΦΑΣΗ ΠΡΟΕΔΡΟΥ ΑΝΑΘΕΣΗΣ ΤΗΣ ΕΠΙΣΚΕΥΗΣ ΡΟΤΟΡΑ ΧΕΙΡΟΛΑΒΗΣ ΣΕ ΟΔΟΝΤΙΑΤΡΙΚΗ ΕΔΡΑ JOINCHAMP, ΑΠΟ ΤΗΝ ΑΠΟΚΛΕΙΣΤΙΚΗ ΑΝΤΙΠΡΟΣΩΠΟ ΕΤΑΙΡΕΙΑ",999913888,EMODENTAL Θ ΔΕΣΥΝΙΩΤΗΣ ΜΟΝΟΠΡΟΣΩΠΗ Ε Π Ε,235.6,,1439
9ΚΛ946904Ν-ΛΤΑ,2025-02-20,ΑΠΟΦΑΣΗ ΠΡΟΕΔΡΟΥ ΕΓΚΡΙΣΗΣ ΠΡΑΚΤΙΚΟΥ ΤΕΧΝΙΚΗΣ ΟΙΚΟΝΟΜΙΚΗΣ ΑΞΙΟΛΟΓΗΣΗΣ,998850525,Α ΚΑΙ Ι ΒΑΓΙΑΣ ΚΑΙ ΣΥΝΕΡΓΑΤΕΣ ΕΤΑΙΡΕΙΑ ΔΙΚΗΓΟΡΩΝ,18100.0,,0419
ΡΛΟΙ46904Ν-ΤΝΞ,2025-02-21,ΑΠΟΦΑΣΗ ΠΡΟΕΔΡΟΥ ΕΓΚΡΙΣΗΣ ΤΟΥ ΠΡΑΚΤΙΚΟΥ ΤΗΣ ΕΠΙΤΡΟΠΗΣ ΑΞΙΟΛΟΓΗΣΗΣ ΤΩΝ ΠΡΟΣΦΟΡΩΝ ΠΑΡΟΧΗΣ ΥΠΗΡΕΣΙΩΝ ΚΑΘΑΡΙΟΤΗΤΑΣ ΓΙΑ ΔΙΑΣΤΗΜΑ ΕΝΟΣ (1) ΜΗΝΑ,801114586,MYSERVICES HUMAN RESOURCES AND SECURITY ΑΝΩΝΥΜΗ ΕΤΑΙΡΕΙΑ ΙΔΙΩΤ ΕΠΙΧ ΠΑΡΟΧΗΣ ΥΠΗΡ ΑΣΦΑΛΕΙΑΣ ΚΑΙ ΛΕΙΤΟΥΡΓΙΚΗΣ ΥΠΟΣΤΗΡΙΞΗΣ,37111.96,,0845
ΡΕ1Ε46904Ν-ΜΣΒ,2025-02-20,"ΑΠΟΦΑΣΗ ΠΡΟΕΔΡΟΥ ΕΓΚΡΙΣΗΣ ΤΟΥ ΠΡΑΚΤΙΚΟΥ ΤΗΣ ΕΠΙΤΡΟΠΗΣ ΑΞΙΟΛΟΓΗΣΗΣ ΤΗΣ ΠΡΟΣΦΟΡΑΣ ΓΙΑ ΤΗ «ΔΙΑΣΥΝΔΕΣΗ ΤΟΥ ΟΛΟΚΛΗΡΩΜΕΝΟΥ ΠΛΗΡΟΦΟΡΙΑΚΟΥ ΣΥΣΤΗΜΑΤΟΣ ΑΣΚΛΗΠΙΟΣΤΜ – PHARMACY ΤΟΥ ΦΑΡΜΑΚΕΥΤΙΚΟΥ ΤΜΗΜΑΤΟΣ ΜΕ ΤΟ ΕΘΝΙΚΟ ΑΠΟΘΕΤΗΡΙΟ ΕΠΑΛΗΘΕΥΣΗΣ ΦΑΡΜΑΚΩΝ (HMVS) ΤΟΥ ΕΛΛΗΝΙΚΟΥ ΟΡΓΑΝΙΣΜΟΥ ΕΠΑΛΗΘΕΥΣΗΣ ΦΑΡΜΑΚΩΝ (HMVO)»,",095403136,COMPUTER SOLUTIONS ΑΝΩΝΥΜΗ ΒΙΟΜΗΧΑΝΙΚΗ ΚΑΙ ΕΜΠΟΡΙΚΗ ΕΤΑΙΡΕΙΑ ΠΛΗΡΟΦΟΡΙΚΗΣ,2852.0,,0426
9Ψ7Η46904Ν-ΓΝ6,2025-02-20,ΑΠΟΦΑΣΗ ΠΡΟΕΔΡΟΥ ΕΓΚΡΙΣΗΣ ΤΟΥ ΠΡΑΚΤΙΚΟΥ ΤΗΣ ΕΠΙΤΡΟΠΗΣ ΑΞΙΟΛΟΓΗΣΗΣ ΤΩΝ ΠΡΟΣΦΟΡΩΝ ΓΙΑ ΤΗΝ ΑΝΤΙΚΑΤΑΣΤΑΣΗ ΠΥΚΝΩΤΩΝ ΚΑΙ ΜΠΑΤΑΡΙΩΝ UPS SOCOMEC MASTERYS,099355395,NIGICO ΗΛΕΚΤΡΟΝΙΚΑ ΙΣΧΥΟΣ ΕΠΙΚΟΙΝΩΝΙΕΣ ΑΝ22032022ΩΝΥΜΗ ΕΜΠΟΡΙΚΗ ΒΙΟΜΗΧΑΝΙΚΗ ΕΤΑΙΡΕΙΑ,5059.2,,1899-0899
ΨΖΟΑ46904Ν-ΗΟΕ,2025-02-14,"ΑΠΟΦΑΣΗ ΠΡΟΕΔΡΟΥ ΕΓΚΡΙΣΗΣ ΤΟΥ ΠΡΑΚΤΙΚΟΥ ΤΗΣ ΕΠΙΤΡΟΠΗΣ ΑΞΙΟΛΟΓΗΣΗΣ ΤΩΝ ΠΡΟΣΦΟΡΩΝ ΓΙΑ ΤΗΝ ΕΠΙΣΚΕΥΗ ΤΩΝ ΚΟΧΛΙΟΦΟΡΩΝ ΑΕΡΟΣΥΜΠΙΕΣΤΩΝ ΙΑΤΡΙΚΟΥ ΑΝΑΠΝΕΥΣΤΙΚΟΥ ΠΕΠΙΕΣΜΕΝΟΥ ΑΕΡΑ, ΑΝΤΙΚΑΤΑΣΤΑΣΗΣ ΤΟΥ ΑΝΕΜΙΣΤΗΡΑ ΑΠΑΓΩΓΗΣ ΘΕΡΜΟΤΗΤΑΣ ΝΟ1 ΚΑΙ ΑΝΤΙΚΑΤΑΣΤΑΣΗΣ ΤΟΥ ΑΝΑΛΟΓΙΚΟΥ ΑΙΣΘΗΤΗΡΙΟΥ ΥΨΗΛΗΣ ΠΙΕΣΗΣ ΟΞΥΓΟΝΟΥ ΣΤΑ ΚΕΝΤΡΑ ΠΑΡΟΧΗΣ ΙΑΤΡΙΚΩΝ ΑΕΡΙΩΝ",999796735,Α ΑΠΟΣΤΟΛΟΥ ΚΑΙ Χ ΔΕΓΕΣΤΙΝΟΣ ΟΜΟΡΡΥΘΜΗ ΕΤΑΙΡΕΙΑ,4960.0,,0879
6ΣΨ146904Ν-ΘΦ4,2025-02-14,ΑΠΟΦΑΣΗ ΠΡΟΕΔΡΟΥ ΕΓΚΡΙΣΗΣ ΤΟΥ ΠΡΑΚΤΙΚΟΥ ΤΗΣ ΕΠΙΤΡΟΠΗΣ ΑΞΙΟΛΟΓΗΣΗΣ ΤΩΝ ΠΡΟΣΦΟΡΩΝ ΓΙΑ ΤΗΝ ΠΑΡΟΧΗ ΥΠΗΡΕΣΙΩΝ ΠΛΥΣΗΣ ΑΚΑΘΑΡΤΟΥ ΙΜΑΤΙΣΜΟΥ ΓΙΑ ΧΡΟΝΙΚΟ ΔΙΑΣΤΗΜΑ ΔΥΟ (2) ΜΗΝΩΝ Η ΕΩΣ ΕΞΑΝΤΛΗΣΕΩΣ ΤΩΝ ΠΟΣΟΤΗΤΩΝ Η ΕΩΣ ΤΕΛΕΣΦΟΡΗΣΗΣ ΤΩΝ ΔΙΑΔΙΚΑΣΙΩΝ ΤΟΥ ΕΤΗΣΙΟΥ ΔΙΑΓΩΝΙΣΜΟΥ,997672233,ΑΝΔΡΕΑΣ ΠΑΠΑΓΙΑΝΝΗΣ ΚΑΙ ΥΙΟΣ ΑΝΩΝΥΜΟΣ ΕΜΠΟΡΙΚΗ ΚΑΙ ΒΙΟΜΗΧΑΝΙΚΗ ΕΤΑΙΡΕΙΑ ΜΗΧΑΝΙΚΩΝ ΠΛΥΝΤΗΡΙΩΝ ΙΜΑΤΙΣΜΟΥ ΤΑΠΗΤΩΝ ΚΑΙ ΟΜΟΙΩ,36954.68,,0843
9Β7Ε46904Ν-Γ9Δ,2025-02-13,ΑΠΟΦΑΣΗ ΠΡΟΕΔΡΟΥ ΕΓΚΡΙΣΗΣ ΤΟΥ ΠΡΑΚΤΙΚΟΥ ΤΗΣ ΕΠΙΤΡΟΠΗΣ ΑΞΙΟΛΟΓΗΣΗΣ ΤΩΝ ΠΡΟΣΦΟΡΩΝ ΓΙΑ ΤΗΝ ΑΝΑΝΕΩΣΗ ΑΔΕΙΩΝ ΧΡΗΣΗΣ (LICENSES) ΤΟΥ ΛΟΓΙΣΜΙΚΟΥ VMWARE VSPHERE ΤΩΝ ΚΕΝΤΡΙΚΩΝ SERVERS ΤΟΥ ΝΟΣΟΚΟΜΕΙΟΥ ΓΙΑ ΕΝΑ (1) ΕΤΟΣ,999481910,ΓΟΥΔΕΒΕΝΟΥ ΚΕΡΚΥΡΑ ΚΑΙ ΣΙΑ ΕΕ,5634.56,,0419
ΨΩ9Ξ46904Ν-ΟΚΝ,2025-02-12,ΑΠΟΦΑΣΗ ΠΡΟΕΔΡΟΥ ΕΓΚΡΙΣΗΣ ΤΟΥ ΠΡΑΚΤΙΚΟΥ ΤΗΣ ΕΠΙΤΡΟΠΗΣ ΑΞΙΟΛΟΓΗΣΗΣ ΤΩΝ ΠΡΟΣΦΟΡΩΝ ΓΙΑ ΤΗΝ ΠΡΟΜΗΘΕΙΑ RAPID TEST INFLUENZA A/B ΓΙΑ ΤΙΣ ΑΝΑΓΚΕΣ ΤΟΥ ΝΟΣΟΚΟΜΕΙΟΥ ΓΙΑ ΕΞΙ (6) ΜΗΝΕΣ,095618368,ΕΜΠΟΡΙΑ ΚΑΙ ΤΕΧΝΟΓΝΩΣΙΑ ΦΑΡΜΑΚΕΥΤΙΚΩΝ ΚΑΙ ΠΑΡΑΦΑΡΜΑΚΕΥΤΙΚΩΝ ΕΙΔΩΝ ΕΠΕ,4452.0,,1359
ΡΕΑΙ46904Ν-0Κ0,2025-02-07,"ΑΠΟΦΑΣΗ ΠΡΟΕΔΡΟΥ ΑΝΑΘΕΣΗΣ ΤΗΣ ΕΠΙΣΚΕΥΗΣ ΤΡΟΧΗΛΑΤΟΥ ΝΟΣΗΛΕΙΑΣ T-1628, ΤΟΥ ΚΑΤΑΣΚΕΥΑΣΤΙΚΟΥ ΟΙΚΟΥ PSILIAKOS HOSPITAL EQUIPMENT ΕΠΕ, ΜΕ S/N 3180-01-142, ΑΠΟ ΤΗΝ ΑΠΟΚΛΕΙΣΤΙΚΗ ΑΝΤΙΠΡΟΣΩΠΟ ΕΤΑΙΡΕΙΑ",999495127,ΛΕΩΝΙΔΑΣ ΨΗΛΙΑΚΟΣ ΚΑΙ ΣΙΑ ΕΤΑΙΡΕΙΑ ΠΕΡΙΟΡΙΣΜΕΝΗΣ ΕΥΘΥΝΗΣ,244.28,,0889-1439
9Ζ4Ω46904Ν-ΥΕ5,2025-02-03,ΑΠΟΦΑΣΗ ΠΡΟΕΔΡΟΥ ΕΓΚΡΙΣΗΣ ΠΡΑΚΤΙΚΟΥ ΠΡΟΜΗΘΕΙΑΣ ΓΑΝΤΙΩΝ,999640490,ΔΟΥΡΜΟΥΣΟΓΛΟΥ ΑΝΩΝΥΜΗ ΕΜΠΟΡΙΚΗ ΒΙΟΜΗΧΑΝΙΚΗ ΕΤΑΙΡΕΙΑ ΙΑΤΡΙΚΩΝ ΕΙΔΩΝ,7712.6,,1311
ΡΓ7346904Ν-ΧΥ0,2025-02-03,ΑΠΟΦΑΣΗ ΠΡΟΕΔΡΟΥ ΕΓΚΡΙΣΗΣ ΠΡΑΚΤΙΚΟΥ ΠΡΟΜΗΘΕΙΑΣ ΓΑΝΤΙΩΝ,094356041,ΙΝΕΞ ΑΝΩΝΥΜΗ ΕΜΠΟΡΙΚΗ ΕΤΑΙΡ ΙΑΤΡΙΚΩΝ ΝΟΣΟΚΟΜΕΙΑΚ ΕΙΔΩΝ,1527.04,,1311
90Ζ346904Ν-ΕΚΕ,2025-01-28,"ΑΠΟΦΑΣΗ ΠΡΟΕΔΡΟΥ ΑΝΑΘΕΣΗΣ ΤΗΣ ΑΝΤΙΚΑΤΑΣΤΑΣΗΣ ΚΕΦΑΛΗΣ ΠΡΟΒΟΛΕΑ ΜΕ ΝΕΑΣ ΤΕΧΝΟΛΟΓΙΑΣ, ΤΥΠΟΥ LED, ΣΕ ΟΔΟΝΤΙΑΤΡΙΚΗ ΕΔΡΑ JOINCHAMP, ΑΠΟ ΤΗΝ ΑΠΟΚΛΕΙΣΤΙΚΗ ΑΝΤΙΠΡΟΣΩΠΟ ΕΤΑΙΡΕΙΑ",999913888,EMODENTAL Θ ΔΕΣΥΝΙΩΤΗΣ ΜΟΝΟΠΡΟΣΩΠΗ Ε Π Ε,558.0,,1439
97ΡΤ46904Ν-Χ1Λ,2025-01-22,ΑΠΟΦΑΣΗ ΠΡΟΕΔΡΟΥ ΕΓΚΡΙΣΗΣ ΤΟΥ ΠΡΑΚΤΙΚΟΥ ΤΗΣ ΕΠΙΤΡΟΠΗΣ ΑΞΙΟΛΟΓΗΣΗΣ ΤΩΝ ΠΡΟΣΦΟΡΩΝ ΠΑΡΟΧΗΣ ΥΠΗΡΕΣΙΩΝ ΚΑΘΑΡΙΟΤΗΤΑΣ ΓΙΑ ΔΙΑΣΤΗΜΑ ΕΝΟΣ (1) ΜΗΝΑ,801114586,MYSERVICES HUMAN RESOURCES AND SECURITY ΑΝΩΝΥΜΗ ΕΤΑΙΡΕΙΑ ΙΔΙΩΤ ΕΠΙΧ ΠΑΡΟΧΗΣ ΥΠΗΡ ΑΣΦΑΛΕΙΑΣ ΚΑΙ ΛΕΙΤΟΥΡΓΙΚΗΣ ΥΠΟΣΤΗΡΙΞΗΣ,37113.2,,0845
6ΗΕ246904Ν-ΔΒΣ,2025-01-21,"ΑΠΟΦΑΣΗ ΠΡΟΕΔΡΟΥ ΑΝΑΘΕΣΗΣ ΤΟΥ ΕΛΕΓΧΟΥ ΚΑΛΗΣ ΛΕΙΤΟΥΡΓΙΑΣ ΚΑΙ ΗΛΕΚΤΡΙΚΗΣ ΑΣΦΑΛΕΙΑΣ ΚΑΙ ΤΗΣ ΕΤΗΣΙΑΣ ΕΦΑΠΑΞ ΣΥΝΤΗΡΗΣΗΣ ΔΙΑΘΕΡΜΙΑΣ VIO200S, ΠΛΗΡΗΣ, 10140-400 ΚΑΙ ΣΥΣΤΗΜΑΤΟΣ APC2 ΜΕ FIAPC-SOCKET,10134-000, ΤΟΥ ΚΑΤΑΣΚΕΥΑΣΤΙΚΟΥ ΟΙΚΟΥ ERBE, ΜΕ S/N 11312601 ΚΑΙ 11402374 ΑΝΤΙΣΤΟΙΧΑ, ΑΠΟ ΤΗΝ ΑΠΟΚΛΕΙΣΤΙΚΗ ΑΝΤΙΠΡΟΣΩΠΟ ΕΤΑΙΡΕΙΑ",094504367,ΕΝΔΟΣΚΟΠΙΚΗ ΑΝΩΝΥΜΟΣ ΕΜΠΟΡΙΚΗ ΕΤΑΙΡΕΙΑ ΙΑΤΡΙΚΩΝ ΕΙΔΩΝ,1066.4,,0887
9ΣΙΩ46904Ν-5ΝΤ,2025-01-21,ΑΠΟΦΑΣΗ ΠΡΟΕΔΡΟΥ ΕΓΚΡΙΣΗΣ ΤΟΥ ΠΡΑΚΤΙΚΟΥ ΤΗΣ ΕΠΙΤΡΟΠΗΣ ΑΞΙΟΛΟΓΗΣΗΣ ΤΩΝ ΠΡΟΣΦΟΡΩΝ ΓΙΑ ΤΗΝ ΑΝΑΘΕΣΗ ΥΠΗΡΕΣΙΩΝ ΑΚΤΙΝΟΦΥΣΙΚΟΥ ΓΙΑ ΤΑ ΑΚΤΙΝΟΛΟΓΙΚΑ ΕΡΓΑΣΤΗΡΙΑ ΤΟΥ ΝΟΣΟΚΟΜΕΙΟΥ ΓΙΑ ΔΙΑΣΤΗΜΑ ΕΝΟΣ (1) ΕΤΟΥΣ,121242251,"ΚΑΓΚΛΗΣ,,ΙΩΑΝΝΗΣ,ΝΙΚΟΛΑΟΣ",5431.2,,0419
ΨΡΔΨ46904Ν-ΥΑΝ,2025-01-16,"ΑΠΟΦΑΣΗ ΠΡΟΕΔΡΟΥ ΑΝΑΘΕΣΗΣ ΤΗΣ ΕΠΙΣΚΕΥΗΣ, ΤΟΥ ΕΛΕΓΧΟΥ ΚΑΛΗΣ ΛΕΙΤΟΥΡΓΙΑΣ ΚΑΙ ΗΛΕΚΤΡΙΚΗΣ ΑΣΦΑΛΕΙΑΣ ΚΑΙ ΤΗΣ ΕΤΗΣΙΑΣ ΕΦΑΠΑΞ ΣΥΝΤΗΡΗΣΗΣ ΧΕΙΡΟΥΡΓΙΚΗΣ ΑΝΑΡΡΟΦΗΣΗΣ VICTORIA VERSA, ΤΟΥ ΚΑΤΑΣΚΕΥΑΣΤΙΚΟΥ ΟΙΚΟΥ CHEIRON, ΜΕ S/N 764, ΑΠΟ ΤΗΝ ΑΠΟΚΛΕΙΣΤΙΚΗ ΑΝΤΙΠΡΟΣΩΠΟ ΕΤΑΙΡΕΙΑ",999658897,Δ ΚΟΡΤΕΣΗΣ ΚΑΙ ΣΙΑ ΕΕ,561.08,,0887-1439
986Λ46904Ν-69Ζ,2024-12-20,"ΑΠΟΦΑΣΗ ΠΡΟΕΔΡΟΥ ΕΓΚΡΙΣΗΣ ΤΟΥ ΠΡΑΚΤΙΚΟΥ ΤΗΣ ΕΠΙΤΡΟΠΗΣ ΑΞΙΟΛΟΓΗΣΗΣ ΤΗΣ ΠΡΟΣΦΟΡΑΣ ΓΙΑ ΤΗΝ ΥΛΟΠΟΙΗΣΗ ΔΙΑΣΥΝΔΕΣΗΣ ΤΟΥ ΟΛΟΚΛΗΡΩΜΕΝΟΥ ΠΛΗΡΟΦΟΡΙΑΚΟΥ ΣΥΣΤΗΜΑΤΟΣ ΑΣΚΛΗΠΙΟΣΤΜ – PHARMACY ΤΟΥ ΦΑΡΜΑΚΕΥΤΙΚΟΥ ΤΜΗΜΑΤΟΣ ΜΕ ΤΟ ΜΗΤΡΩΟ ΑΣΘΕΝΩΝ  ΜΕ ΤΗΣ ΗΔΙΚΑ ΓΙΑ ΤΗΝ ΣΥΝΤΑΓΟΓΡΑΦΗΣΗ ΠΡΟΦΥΛΑΚΤΙΚΗΣ ΑΓΩΓΗΣ ΓΙΑ ΤΟ HIV  ΠΡΙΝ ΤΗΝ ΕΚΘΕΣΗ PREP  HIV»,",095403136,COMPUTER SOLUTIONS ΑΝΩΝΥΜΗ ΒΙΟΜΗΧΑΝΙΚΗ ΚΑΙ ΕΜΠΟΡΙΚΗ ΕΤΑΙΡΕΙΑ ΠΛΗΡΟΦΟΡΙΚΗΣ,2728.0,,0426
ΨΚ1546904Ν-1ΦΙ,2024-12-20,ΑΠΟΦΑΣΗ ΠΡΟΕΔΡΟΥ ΕΓΚΡΙΣΗΣ ΤΟΥ ΠΡΑΚΤΙΚΟΥ ΤΗΣ ΕΠΙΤΡΟΠΗΣ ΑΞΙΟΛΟΓΗΣΗΣ ΤΩΝ ΠΡΟΣΦΟΡΩΝ ΠΑΡΟΧΗΣ ΥΠΗΡΕΣΙΩΝ ΚΑΘΑΡΙΟΤΗΤΑΣ ΓΙΑ ΔΙΑΣΤΗΜΑ ΕΝΟΣ (1) ΜΗΝΑ,801114586,MYSERVICES HUMAN RESOURCES AND SECURITY ΑΝΩΝΥΜΗ ΕΤΑΙΡΕΙΑ ΙΔΙΩΤ ΕΠΙΧ ΠΑΡΟΧΗΣ ΥΠΗΡ ΑΣΦΑΛΕΙΑΣ ΚΑΙ ΛΕΙΤΟΥΡΓΙΚΗΣ ΥΠΟΣΤΗΡΙΞΗΣ,37113.2,,0845
995Ι46904Ν-0ΣΩ,2024-12-18,"ΑΠΟΦΑΣΗ ΠΡΟΕΔΡΟΥ ΕΓΚΡΙΣΗΣ ΤΟΥ ΠΡΑΚΤΙΚΟΥ ΤΗΣ ΕΠΙΤΡΟΠΗΣ ΑΞΙΟΛΟΓΗΣΗΣ ΤΗΣ ΠΡΟΣΦΟΡΑΣ ΠΑΡΟΧΗΣ ΥΠΗΡΕΣΙΩΝ ΣΥΝΤΗΡΗΣΗΣ-ΕΠΙΣΚΕΥΗΣ ΤΟΥ ΣΥΣΤΗΜΑΤΟΣ ΥΠΕΡΗΧΟΤΟΜΟΓΡΑΦΙΑΣ DC75, ΤΟΥ ΚΑΤΑΣΚΕΥΑΣΤΙΚΟΥ ΟΙΚΟΥ MINDRAY, ΜΕ ΚΑΛΥΨΗ ΕΡΓΑΣΙΑΣ ΚΑΙ ΟΛΩΝ ΤΩΝ ΑΝΤΑΛΛΑΚΤΙΚΩΝ, ΣΥΜΠΕΡΙΛΑΜΒΑΝΟΜΕΝΗΣ ΜΙΑΣ ΗΧΟΒΟΛΟΥ ΚΕΦΑΛΗΣ, ΓΙΑ ΧΡΟΝΙΚΗ ΔΙΑΡΚΕΙΑ ΔΥΟ (2) ΕΤΩΝ, ΜΕ ΔΙΚΑΙΩΜΑ ΜΟΝΟΜΕΡΟΥΣ ΠΑΡΑΤΑΣΗΣ ΕΝΟΣ (1) ΕΠΙΠΛΕΟΝ ΕΤΟΥΣ",095029193,ΠΑΠΑΠΟΣΤΟΛΟΥ Ν ΑΝΩΝΥΜΗ ΕΤΑΙΡΕΙΑ  ΕΤΑΙΡΕΙΑ ΕΜΠΟΡΙΑΣ ΚΑΙ ΑΝΤΙΠΡΟΣΩΠΕΙΩΝ ΙΑΤΡΙΚΩΝ ΕΡΓΑΛΕΙΩΝ ΚΑΙ ΜΗΧΑΝΗΜΑΤΩΝ,13020.0,,0887
6ΞΠ346904Ν-ΡΒΣ,2024-12-18,ΑΠΟΦΑΣΗ ΠΡΟΕΔΡΟΥ  ΕΓΚΡΙΣΗ ΤΟΥ ΠΡΑΚΤΙΚΟΥ ΤΗΣ ΕΠΙΤΡΟΠΗΣ ΑΞΙΟΛΟΓΗΣΗΣ ΤΗΣ ΠΡΟΣΦΟΡΑΣ ΓΙΑ ΤΗΝ ΑΠΟΚΑΤΑΣΤΑΣΗ ΣΑΘΡΗΣ ΤΟΙΧΟΠΟΙΙΑΣ ΤΗΣ ΑΠΟΘΗΚΗΣ ΤΟΥ ΜΙΚΡΟΒΙΟΛΟΓΙΚΟΥ ΤΜΗΜΑΤΟΣ ΛΟΓΩ ΕΚΤΕΤΑΜΕΝΩΝ ΦΘΟΡΩΝ ΚΑΙ ΠΤΩΣΗΣ ΕΠΙΧΡΙΣΜΑΤΩΝ ΚΑΙ ΤΟΠΟΘΕΤΗΣΗ ΜΕΤΑΛΛΙΚΩΝ ΡΑΦΙΩΝ,801220499,Π Π ΚΑΤΑΣΚΕΥΑΣΤΙΚΗ Ο Ε,2480.0,,0863
9ΤΟΜ46904Ν-ΓΨΡ,2024-12-13,ΑΠΟΦΑΣΗ ΠΡΟΕΔΡΟΥ ΕΓΚΡΙΣΗΣ ΠΡΑΚΤΙΚΟΥ ΤΗΣ ΕΠΙΤΡΟΠΗΣ ΑΞΙΟΛΟΓΗΣΗΣ ΤΩΝ ΠΡΟΣΦΟΡΩΝ ΓΙΑ ΤΗΝ ΠΑΡΟΧΗ ΥΠΗΡΕΣΙΩΝ ΠΛΥΣΗΣ ΑΚΑΘΑΡΤΟΥ ΙΜΑΤΙΣΜΟΥ ΓΙΑ ΧΡΟΝΙΚΟ ΔΙΑΣΤΗΜΑ ΔΥΟ (2) ΜΗΝΩΝ Η ΕΩΣ ΕΞΑΝΤΛΗΣΕΩΣ ΤΩΝ ΠΟΣΟΤΗΤΩΝ Η ΕΩΣ ΤΕΛΕΣΦΟΡΗΣΗΣ ΤΩΝ ΔΙΑΔΙΚΑΣΙΩΝ ΤΟΥ ΕΤΗΣΙΟΥ ΔΙΑΓΩΝΙΣΜΟΥ,997672233,ΑΝΔΡΕΑΣ ΠΑΠΑΓΙΑΝΝΗΣ ΚΑΙ ΥΙΟΣ ΑΝΩΝΥΜΟΣ ΕΜΠΟΡΙΚΗ ΚΑΙ ΒΙΟΜΗΧΑΝΙΚΗ ΕΤΑΙΡΕΙΑ ΜΗΧΑΝΙΚΩΝ ΠΛΥΝΤΗΡΙΩΝ ΙΜΑΤΙΣΜΟΥ ΤΑΠΗΤΩΝ ΚΑΙ ΟΜΟΙΩ,36580.2,,0843
6ΚΘΧ46904Ν-Ο33,2024-12-04,ΑΠΟΦΑΣΗ ΠΡΟΕΔΡΟΥ ΕΓΚΡΙΣΗΣ ΤΟΥ ΠΡΑΚΤΙΚΟΥ ΤΗΣ ΕΠΙΤΡΟΠΗΣ ΑΞΙΟΛΟΓΗΣΗΣ ΤΗΣ ΠΡΟΣΦΟΡΑΣ ΓΙΑ ΤΗ «ΔΙΑΣΥΝΔΕΣΗ ΤΟΥ ΠΛΗΡΟΦΟΡΙΑΚΟΥ ΣΥΣΤΗΜΑΤΟΣ ΤΗΣ ΕΚΑΠΥ ΜΕ ΤΟ ΥΠΟΣΥΣΤΗΜΑ ΤΟΥ ΦΑΡΜΑΚΕΙΟΥ ΤΟΥ ΟΛΟΚΛΗΡΩΜΕΝΟΥ ΠΛΗΡΟΦΟΡΙΑΚΟΥ ΣΥΣΤΗΜΑΤΟΣ ΑΣΚΛΗΠΙΟΣΤΜ ΤΟΥ ΝΟΣΟΚΟΜΕΙΟΥ (Β΄ ΦΑΣΗ)»,095403136,COMPUTER SOLUTIONS ΑΝΩΝΥΜΗ ΒΙΟΜΗΧΑΝΙΚΗ ΚΑΙ ΕΜΠΟΡΙΚΗ ΕΤΑΙΡΕΙΑ ΠΛΗΡΟΦΟΡΙΚΗΣ,4960.0,,0426
97ΙΚ46904Ν-ΥΗ1,2024-12-02,ΕΝΤΟΛΗ ΠΛΗΡΩΜΗΣ 3484-02/12/2024,999961192,ΕΥΡΩΜΗΧΑΝΟΛΟΓΙΚΗ ΣΥΜΒΟΥΛΟΙ ΜΗΧΑΝΙΚΟΙ ΕΤΑΙΡΕΙΑ ΠΕΡΙΟΡΙΣΜΕΝΗΣ ΕΥΘΥΝΗΣ,83771.3,,
ΡΞ6Ο46904Ν-ΝΕ9,2024-11-27,"ΑΠΟΦΑΣΗ ΠΡΟΕΔΡΟΥ ΕΓΚΡΙΣΗΣ ΠΡΑΚΤΙΚΟΥ ΤΗΣ ΕΠΙΤΡΟΠΗΣ ΑΞΙΟΛΟΓΗΣΗΣ ΤΗΣ ΠΡΟΣΦΟΡΑΣ ΓΙΑ ΤΗΝ ΠΑΡΟΧΗ ΥΠΗΡΕΣΙΩΝ «ΣΥΣΚΕΥΑΣΙΑ, ΜΕΤΑΦΟΡΑ ΚΑΙ ΑΠΟΘΗΚΕΥΣΗ ΕΚΤΟΣ ΤΟΥ ΓΝΑ «Η ΕΛΠΙΣ» ΕΥΧΡΗΣΤΩΝ ΕΙΔΩΝ ΚΑΙ ΑΠΟΜΑΚΡΥΝΣΗ ΑΧΡΗΣΤΩΝ» ΓΙΑ ΔΙΑΣΤΗΜΑ ΔΕΚΑ ΟΚΤΩ (18) ΜΗΝΩΝ",045245951,"ΓΕΡΟΓΙΑΝΝΗΣ,,ΑΡΙΣΤΟΤΕΛΗΣ,ΓΕΩΡΓΙΟΣ",12896.0,,0899
Ψ7ΡΜ46904Ν-ΩΙΕ,2024-11-27,"ΑΠΟΦΑΣΗ ΠΡΟΕΔΡΟΥ ΑΝΑΘΕΣΗΣ ΤΗΣ ΕΠΙΣΚΕΥΗΣ ΗΛΕΚΤΡΟΚΙΝΗΤΗΣ ΚΛΙΝΗΣ 3303, ΤΟΥ ΚΑΤΑΣΚΕΥΑΣΤΙΚΟΥ ΟΙΚΟΥ PSILIAKOS HOSPITAL EQUIPMENT ΕΠΕ, ΑΠΟ ΤΗΝ ΑΠΟΚΛΕΙΣΤΙΚΗ ΑΝΤΙΠΡΟΣΩΠΟ ΕΤΑΙΡΕΙΑ",999495127,ΛΕΩΝΙΔΑΣ ΨΗΛΙΑΚΟΣ ΚΑΙ ΣΙΑ ΕΤΑΙΡΕΙΑ ΠΕΡΙΟΡΙΣΜΕΝΗΣ ΕΥΘΥΝΗΣ,291.4,,0889-1439
9ΓΔΕ46904Ν-ΘΦ7,2024-11-22,ΑΠΟΦΑΣΗ ΠΡΟΕΔΡΟΥ ΕΓΚΡΙΣΗΣ ΤΟΥ ΠΡΑΚΤΙΚΟΥ ΤΗΣ ΕΠΙΤΡΟΠΗΣ ΑΞΙΟΛΟΓΗΣΗΣ ΤΗΣ ΠΡΟΣΦΟΡΑΣ ΓΙΑ ΤΗΝ ΠΑΡΟΧΗ ΥΠΗΡΕΣΙΩΝ «ΕΓΚΑΤΑΣΤΑΣΗΣ ΣΥΣΤΗΜΑΤΟΣ ΕΠΕΞΕΡΓΑΣΙΑΣ ΝΕΡΟΥ ΣΤΟ ΠΛΥΝΤΗΡΙΟ ΧΕΙΡΟΥΡΓΙΚΩΝ ΕΡΓΑΛΕΙΩΝ ΤΥΠΟΥ BELIMED ΤΗΣ ΑΠΟΣΤΕΙΡΩΣΗΣ»,094349547,ΙΑΤΡΙΚΗ ΜΕΡΙΜΝΑ ΚΑΙ ΥΓΕΙΑ ΑΝΩΝ ΕΜΠΟΡΙΚΗ ΚΑΙ ΒΙΟΜΗΧΑΝ ΕΤΑΙΡ ΙΑΤΡΙΚΩΝ ΕΙΔΩΝ,8370.0,,0889
ΨΙ6Ζ46904Ν-ΒΒΩ,2024-11-22,ΑΠΟΦΑΣΗ ΠΡΟΕΔΡΟΥ ΕΓΚΡΙΣΗΣ ΤΟΥ ΠΡΑΚΤΙΚΟΥ ΤΗΣ ΕΠΙΤΡΟΠΗΣ ΑΞΙΟΛΟΓΗΣΗΣ ΤΗΣ ΠΡΟΣΦΟΡΑΣ ΓΙΑ ΤΗΝ ΠΑΡΟΧΗ ΥΠΗΡΕΣΙΩΝ ΒΑΘΜΟΝΟΜΗΣΗΣ ΤΟΥ ΕΞΟΠΛΙΣΜΟΥ ΙΑΤΡΙΚΗΣ ΦΥΣΙΚΗΣ,997625350,Σ ΝΙΚΟΛΕΤΟΠΟΥΛΟΣ ΚΑΙ ΣΙΑ  ΕΤΑΙΡΕΙΑ ΠΕΡΙΟΡΙΣΜΕΝΗΣ ΕΥΘΥΝΗΣ,2839.6,,0419
6Ζ5Ξ46904Ν-ΑΑ3,2024-11-22,ΑΠΟΦΑΣΗ ΠΡΟΕΔΡΟΥ ΕΓΚΡΙΣΗΣ ΤΟΥ ΠΡΑΚΤΙΚΟΥ ΤΗΣ ΕΠΙΤΡΟΠΗΣ ΑΞΙΟΛΟΓΗΣΗΣ ΤΗΣ ΠΡΟΣΦΟΡΑΣ ΓΙΑ ΤΗΝ ΠΑΡΟΧΗ ΥΠΗΡΕΣΙΩΝ ΕΠΙΔΙΟΡΘΩΣΗΣ ΚΑΙ ΜΕΤΑΠΟΙΗΣΗΣ ΙΜΑΤΙΣΜΟΥ ΓΙΑ ΧΡΟΝΙΚΟ ΔΙΑΣΤΗΜΑ ΕΝΟΣ (1) ΕΤΟΥΣ,106325238,"KALER,,RAM,MACNAN",5960.0,,0899
ΨΡΨΩ46904Ν-4Υ6,2024-11-22,ΑΠΟΦΑΣΗ ΠΡΟΕΔΡΟΥ ΕΓΚΡΙΣΗΣ ΠΡΑΚΤΙΚΟΥ ΤΗΣ ΕΠΙΤΡΟΠΗΣ ΑΞΙΟΛΟΓΗΣΗΣ ΤΩΝ ΠΡΟΣΦΟΡΩΝ ΠΑΡΟΧΗΣ ΥΠΗΡΕΣΙΩΝ ΚΑΘΑΡΙΟΤΗΤΑΣ ΓΙΑ ΔΙΑΣΤΗΜΑ ΕΝΟΣ (1) ΜΗΝΑ,801114586,MYSERVICES HUMAN RESOURCES AND SECURITY ΑΝΩΝΥΜΗ ΕΤΑΙΡΕΙΑ ΙΔΙΩΤ ΕΠΙΧ ΠΑΡΟΧΗΣ ΥΠΗΡ ΑΣΦΑΛΕΙΑΣ ΚΑΙ ΛΕΙΤΟΥΡΓΙΚΗΣ ΥΠΟΣΤΗΡΙΞΗΣ,37113.2,,0845
9ΩΟΒ46904Ν-ΘΜΨ,2024-11-15,ΑΠΟΦΑΣΗ ΠΡΟΕΔΡΟΥ ΑΝΑΘΕΣΗΣ ΤΗΣ ΕΠΙΣΚΕΥΗΣ HOLTER ΡΥΘΜΟΥ FD-5 PLUS SCHILLER ΣΤΗΝ ΑΠΟΚΛΕΙΣΤΙΚΗ ΑΝΤΙΠΡΟΣΩΠΟ ΕΤΑΙΡΕΙΑ,095029193,ΠΑΠΑΠΟΣΤΟΛΟΥ Ν ΑΝΩΝΥΜΗ ΕΤΑΙΡΕΙΑ  ΕΤΑΙΡΕΙΑ ΕΜΠΟΡΙΑΣ ΚΑΙ ΑΝΤΙΠΡΟΣΩΠΕΙΩΝ ΙΑΤΡΙΚΩΝ ΕΡΓΑΛΕΙΩΝ ΚΑΙ ΜΗΧΑΝΗΜΑΤΩΝ,522.29,,0887-1439
Ψ38346904Ν-0Κ1,2024-11-13,"ΑΠΟΦΑΣΗ ΠΡΟΕΔΡΟΥ ΕΓΚΡΙΣΗΣ ΤΟΥ ΠΡΑΚΤΙΚΟΥ ΤΗΣ ΕΠΙΤΡΟΠΗΣ ΑΞΙΟΛΟΓΗΣΗΣ ΤΩΝ ΠΡΟΣΦΟΡΩΝ ΓΙΑ ΤΗΝ ΠΡΟΜΗΘΕΙΑ «ΧΗΜΙΚΩΝ ΑΝΤΙΔΡΑΣΤΗΡΙΩΝ ΤΟΥ ΠΑΘΟΛΟΓΟΑΝΑΤΟΜΙΚΟΥ ΕΡΓΑΣΤΗΡΙΟΥ  ΜΕ ΣΥΝΟΔΟ ΕΞΟΠΛΙΣΜΟ (ΙΣΤΟΚΙΝΕΤΑ ΚΛΕΙΣΤΟΥ ΤΥΠΟΥ)» , ΓΙΑ ΤΙΣ ΑΝΑΓΚΕΣ ΤΟΥ ΝΟΣΟΚΟΜΕΙΟΥ ΓΙΑ ΔΙΑΣΤΗΜΑ ΕΞΙ (6)  ΜΗΝΩΝ",094138676,ΒΙΟΔΥΝΑΜΙΚΗ ΑΝΩΝΥΜΟΣ ΕΜΠΟΡΙΚΗ ΤΕΧΝΙΚΗ ΚΑΙ ΒΙΟΜΗΧΑΝΙΚΗ ΕΤΑΙΡΕΙΑ,24097.23,,1359
9ΑΦΙ46904Ν-ΩΩΞ,2025-08-30,"ΑΠΟΦΑΣΗ ΠΡΟΕΔΡΟΥ ΑΝΑΘΕΣΗΣ ΤΗΣ ΕΠΙΣΚΕΥΗΣ ΔΥΟ (2) ΦΟΡΕΙΩΝ, ΤΟΥ ΚΑΤΑΣΚΕΥΑΣΤΙΚΟΥ ΟΙΚΟΥ PSILIAKOS HOSPITAL EQUIPMENT ΕΠΕ, ΜΕ S/N 3658-01-001 ΚΑΙ 3658-01-002, ΑΠΟ ΤΗΝ ΑΠΟΚΛΕΙΣΤΙΚΗ ΑΝΤΙΠΡΟΣΩΠΟ ΕΤΑΙΡΕΙΑ",999495127,ΛΕΩΝΙΔΑΣ ΨΗΛΙΑΚΟΣ ΚΑΙ ΣΙΑ ΕΤΑΙΡΕΙΑ ΠΕΡΙΟΡΙΣΜΕΝΗΣ ΕΥΘΥΝΗΣ,174.59,,0889-1899
6Η2146904Ν-ΩΝΚ,2025-09-05,ΑΠΟΦΑΣΗ ΠΡΟΕΔΡΟΥ ΓΙΑ ΤΗΝ ΠΡΟΜΗΘΕΙΑ ΚΑΙ ΤΗΝ ΑΝΤΙΚΑΤΑΣΤΑΣΗ ΜΙΑΣ (1) ΤΑΠΑΣ ΚΑΙ ΔΥΟ (2) ΚΟΛΑΡΩΝ ΣΤΟ ΨΥΓΕΙΟ ΛΑΔΙΟΥ ΤΟΥ Η/Ζ IVECO 200 KVA,999438956,Γ ΒΕΝΕΤΗΣ ΚΑΙ ΣΙΑ ΕΕ,570.4,,1899
ΨΞΡΨ46904Ν-ΙΧ0,2025-09-05,ΑΠΟΦΑΣΗ ΠΡΟΕΔΡΟΥ ΕΓΚΡΙΣΗΣ ΤΟΥ ΠΡΑΚΤΙΚΟΥ ΤΗΣ ΕΠΙΤΡΟΠΗΣ ΑΞΙΟΛΟΓΗΣΗΣ ΤΗΣ ΠΡΟΣΦΟΡΑΣ ΓΙΑ ΤΗΝ ΠΑΡΟΧΗ ΥΠΗΡΕΣΙΩΝ ΠΛΥΣΗΣ ΑΚΑΘΑΡΤΟΥ ΙΜΑΤΙΣΜΟΥ ΓΙΑ ΧΡΟΝΙΚΟ ΔΙΑΣΤΗΜΑ ΔΥΟ (2) ΜΗΝΩΝ Η ΕΩΣ ΕΞΑΝΤΛΗΣΕΩΣ ΤΩΝ ΠΟΣΟΤΗΤΩΝ Η ΕΩΣ ΤΕΛΕΣΦΟΡΗΣΗΣ ΤΩΝ ΔΙΑΔΙΚΑΣΙΩΝ ΤΟΥ ΕΤΗΣΙΟΥ ΔΙΑΓΩΝΙΣΜΟΥ ΚΑΙ ΑΝΑΘΕΣΗΣ,997672233,ΑΝΔΡΕΑΣ ΠΑΠΑΓΙΑΝΝΗΣ ΚΑΙ ΥΙΟΣ ΑΝΩΝΥΜΟΣ ΕΜΠΟΡΙΚΗ ΚΑΙ ΒΙΟΜΗΧΑΝΙΚΗ ΕΤΑΙΡΕΙΑ ΜΗΧΑΝΙΚΩΝ ΠΛΥΝΤΗΡΙΩΝ ΙΜΑΤΙΣΜΟΥ ΤΑΠΗΤΩΝ ΚΑΙ ΟΜΟΙΩ,36852.87,,0843
ΨΧΛΜ46904Ν-Η0Μ,2025-09-05,ΑΠΟΦΑΣΗ ΠΡΟΕΔΡΟΥ ΕΓΚΡΙΣΗΣ ΤΟΥ ΠΡΑΚΤΙΚΟΥ ΤΗΣ ΕΠΙΤΡΟΠΗΣ ΑΞΙΟΛΟΓΗΣΗΣ ΤΩΝ ΠΡΟΣΦΟΡΩΝ ΓΙΑ ΤΗΝ ΠΡΟΜΗΘΕΙΑ ΕΝΔΟΦΑΚΩΝ» ΓΙΑ ΤΙΣ ΑΝΑΓΚΕΣ ΤΟΥ ΝΟΣΟΚΟΜΕΙΟΥ ΓΙΑ ΤΡΕΙΣ (3) ΜΗΝΕΣ,094429222,AEGLI MEDICAL OPTICS ΑΝΩΝΥΜΗ ΕΤΑΙΡΕΙΑ,2745.9,,1311
ΨΧΛΜ46904Ν-Η0Μ,2025-09-05,ΑΠΟΦΑΣΗ ΠΡΟΕΔΡΟΥ ΕΓΚΡΙΣΗΣ ΤΟΥ ΠΡΑΚΤΙΚΟΥ ΤΗΣ ΕΠΙΤΡΟΠΗΣ ΑΞΙΟΛΟΓΗΣΗΣ ΤΩΝ ΠΡΟΣΦΟΡΩΝ ΓΙΑ ΤΗΝ ΠΡΟΜΗΘΕΙΑ ΕΝΔΟΦΑΚΩΝ» ΓΙΑ ΤΙΣ ΑΝΑΓΚΕΣ ΤΟΥ ΝΟΣΟΚΟΜΕΙΟΥ ΓΙΑ ΤΡΕΙΣ (3) ΜΗΝΕΣ,094450895,ΑΛΚΟΝ ΛΑΜΠΟΡΑΤΟΡΙΣ ΕΛΛΑΣ ΜΟΝΟΠΡΟΣΩΠΗ ΑΝΩΝΥΜΗ ΕΜΠΟΡΙΚΗ ΚΑΙ ΒΙΟΜΗΧΑΝΙΚΗ ΕΤΑΙΡΕΙΑ,3977.6,,1311
ΨΧΛΜ46904Ν-Η0Μ,2025-09-05,ΑΠΟΦΑΣΗ ΠΡΟΕΔΡΟΥ ΕΓΚΡΙΣΗΣ ΤΟΥ ΠΡΑΚΤΙΚΟΥ ΤΗΣ ΕΠΙΤΡΟΠΗΣ ΑΞΙΟΛΟΓΗΣΗΣ ΤΩΝ ΠΡΟΣΦΟΡΩΝ ΓΙΑ ΤΗΝ ΠΡΟΜΗΘΕΙΑ ΕΝΔΟΦΑΚΩΝ» ΓΙΑ ΤΙΣ ΑΝΑΓΚΕΣ ΤΟΥ ΝΟΣΟΚΟΜΕΙΟΥ ΓΙΑ ΤΡΕΙΣ (3) ΜΗΝΕΣ,082525697,ΑΝΑΣΤΑΣΙΟΣ ΜΑΥΡΟΓΕΝΗΣ ΙΑΤΡΟΤΕΧΝΟΛΟΓΙΚΑ ΕΙΔΗ ΑΝΩΝΥΜΗ ΕΤΑΙΡΕΙΑ,15752.2,,1311
6ΜΜΔ46904Ν-6Η0,2025-09-05,"ΑΠΟΦΑΣΗ ΠΡΟΕΔΡΟΥ ΕΓΚΡΙΣΗΣ ΤΟΥ ΠΡΑΚΤΙΚΟΥ ΤΗΣ ΕΠΙΤΡΟΠΗΣ ΑΞΙΟΛΟΓΗΣΗΣ ΤΗΣ ΠΡΟΣΦΟΡΑΣ ΓΙΑ ΤΗΝ ΠΑΡΟΧΗ ΥΠΗΡΕΣΙΩΝ ΣΥΜΒΟΥΛΟΥ ΔΙΑΠΙΣΤΕΥΣΗΣ ΤΟΥ ΑΙΜΑΤΟΛΟΓΙΚΟΥ ΤΜΗΜΑΤΟΣ ΤΟΥ ΝΟΣΟΚΟΜΕΙΟΥ, ΚΑΤΑ ISO 9001 ΓΙΑ ΤΟ ΕΤΟΣ 2025 ΚΑΙ ΑΝΑΘΕΣΗΣ",095432469,ΔΙΕΘΝΕΙΣ ΥΠΗΡΕΣΙΕΣ ΠΕΡΙΒΑΛΛΟΝΤΟΣ ΚΑΙ ΠΟΙΟΤΗΤΑΣ ΜΕΛΕΤΕΣ ΕΦΑΡΜΟΓΕΣ ΑΝΩΝΥΜΗ ΕΤΑΙΡΕΙΑ,1488.0,,0419
ΨΠΑΨ46904Ν-ΡΑΘ,2025-09-02,"ΑΠΟΦΑΣΗ ΠΡΟΕΔΡΟΥ ΑΝΑΘΕΣΗΣ ΓΙΑ ΤΗΝ ΜΕΤΑΦΟΡΑ ΛΟΓΙΣΜΙΚΟΥ DARWIN2, ΤΟΥ ΚΑΤΑΣΚΕΥΑΣΤΙΚΟΥ ΟΙΚΟΥ SCHILLER, ΚΑΙ ΒΑΣΗΣ ΔΕΔΟΜΕΝΩΝ ΣΕ ΝΕΟ ΥΠΟΛΟΓΙΣΤΗ ΑΠΟΤΗΝ ΑΠΟΚΛΕΙΣΤΙΚΗ ΑΝΤΙΠΡΟΣΩΠΟ ΕΤΑΙΡΕΙΑ",095029193,ΠΑΠΑΠΟΣΤΟΛΟΥ Ν ΑΝΩΝΥΜΗ ΕΤΑΙΡΕΙΑ  ΕΤΑΙΡΕΙΑ ΕΜΠΟΡΙΑΣ ΚΑΙ ΑΝΤΙΠΡΟΣΩΠΕΙΩΝ ΙΑΤΡΙΚΩΝ ΕΡΓΑΛΕΙΩΝ ΚΑΙ ΜΗΧΑΝΗΜΑΤΩΝ,223.2,,0426
9ΡΔΜ46904Ν-5Α0,2025-08-18,ΑΠΟΦΑΣΗ ΠΡΟΕΔΡΟΥ ΕΓΚΡΙΣΗΣ ΠΡΑΚΤΚΙΚΟΥ,801114586,MYSERVICES HUMAN RESOURCES AND SECURITY ΑΝΩΝΥΜΗ ΕΤΑΙΡΕΙΑ ΙΔΙΩΤ ΕΠΙΧ ΠΑΡΟΧΗΣ ΥΠΗΡ ΑΣΦΑΛΕΙΑΣ ΚΑΙ ΛΕΙΤΟΥΡΓΙΚΗΣ ΥΠΟΣΤΗΡΙΞΗΣ,37109.48,,0845
ΨΒ8Τ46904Ν-ΛΒΧ,2025-08-13,"ΑΠΟΦΑΣΗ ΠΡΟΕΔΡΟΥ ΑΝΑΘΕΣΗΣ ΤΗΣ ΕΠΙΣΚΕΥΗΣ ΦΟΡΕΙΟΥ ΜΕΤΑΦΟΡΑΣ ΤΥΠΟΥ 6005, ΤΟΥ ΚΑΤΑΣΚΕΥΑΣΤΙΚΟΥ ΟΙΚΟΥ PSILIAKOS HOSPITAL EQUIPMENT ΕΠΕ, ΜΕ S/N 3097-01-001, ΑΠΟ ΤΗΝ ΑΠΟΚΛΕΙΣΤΙΚΗ ΑΝΤΙΠΡΟΣΩΠΟ ΕΤΑΙΡΕΙΑ",999495127,ΛΕΩΝΙΔΑΣ ΨΗΛΙΑΚΟΣ ΚΑΙ ΣΙΑ ΕΤΑΙΡΕΙΑ ΠΕΡΙΟΡΙΣΜΕΝΗΣ ΕΥΘΥΝΗΣ,458.8,,0889-1899
956Γ46904Ν-9ΞΜ,2025-08-13,"ΑΠΟΦΑΣΗ ΠΡΟΕΔΡΟΥ ΑΝΑΘΕΣΗΣ ΤΗΣ ΑΝΤΙΚΑΤΑΣΤΑΣΗΣ ΜΕΤΑΣΧΗΜΑΤΙΣΤΗ ΚΑΙ ΧΕΙΡΙΣΤΗΡΙΟΥ ΗΛΕΚΤΡΟΚΙΝΗΤΗΣ ΚΛΙΝΗΣ ΤΥΠΟΥ 3303, ΤΟΥ ΚΑΤΑΣΚΕΥΑΣΤΙΚΟΥ ΟΙΚΟΥ PSILIAKOS HOSPITAL EQUIPMENT ΕΠΕ, ΑΠΟ ΤΗΝ ΑΠΟΚΛΕΙΣΤΙΚΗ ΑΝΤΙΠΡΟΣΩΠΟ",999495127,ΛΕΩΝΙΔΑΣ ΨΗΛΙΑΚΟΣ ΚΑΙ ΣΙΑ ΕΤΑΙΡΕΙΑ ΠΕΡΙΟΡΙΣΜΕΝΗΣ ΕΥΘΥΝΗΣ,851.88,,0889-1439
6ΗΜΡ46904Ν-Λ33,2025-08-06,ΑΠΟΦΑΣΗ ΠΡΟΕΔΡΟΥ ΕΓΚΡΙΣΗΣ ΠΡΑΚΤΙΚΟΥ ΠΡΟΜΗΘΕΙΑΣ ΓΑΝΤΙΩΝ.,094356041,ΙΝΕΞ ΑΝΩΝΥΜΗ ΕΜΠΟΡΙΚΗ ΕΤΑΙΡ ΙΑΤΡΙΚΩΝ ΝΟΣΟΚΟΜΕΙΑΚ ΕΙΔΩΝ,1038.8,,1311
686Ο46904Ν-ΧΘΠ,2025-07-30,ΑΠΟΦΑΣΗ ΠΡΟΕΔΡΟΥ ΚΛΙΜΑΤΙΣΤΙΚΑ.,095551919,ΚΟΚΟΤΑΣ ΚΛΙΜΑΤΙΣΜΟΣ ΑΕ,1407.0,,1899
ΨΜ2Λ46904Ν-ΟΓΥ,2025-07-28,ΑΠΟΦΑΣΗ ΠΡΟΕΔΡΟΥ ΕΓΚΡΙΣΗΣ ΤΟΥ ΠΡΑΚΤΙΚΟΥ ΤΗΣ ΕΠΙΤΡΟΠΗΣ ΑΞΙΟΛΟΓΗΣΗΣ ΤΗΣ ΠΡΟΣΦΟΡΑΣ ΓΙΑ ΤΗΝ ΠΡΟΜΗΘΕΙΑ ΔΥΟ (2) ΦΟΡΗΤΩΝ ΚΑΠΝΟΓΡΑΦΩΝ ΓΙΑ ΤΙΣ ΑΝΑΓΚΕΣ ΤΟΥ ΑΝΑΙΣΘΗΣΙΟΛΟΓΙΚΟΥ ΤΜΗΜΑΤΟΣ ΚΑΙ ΑΝΑΘΕΣΗΣ,094497279,SANTAIR ΑΝΩΝΥΜΗ ΕΤΑΙΡΙΑ ΙΑΤΡΙΚΩΝ ΕΦΑΡΜΟΓΩΝ,3955.6,,7131
ΡΨ7946904Ν-59Φ,2025-07-25,"ΑΠΟΦΑΣΗ ΠΡΟΕΔΡΟΥ ΑΝΑΘΕΣΗΣ ΤΟΥ ΕΛΕΓΧΟΥ ΚΑΛΗΣ ΛΕΙΤΟΥΡΓΙΑΣ ΚΑΙ ΗΛΕΚΤΡΙΚΗΣ ΑΣΦΑΛΕΙΑΣ, ΤΟΥ ΚΑΘΑΡΙΣΜΟΥ ΚΑΙ ΤΩΝ ΡΥΘΜΙΣΕΩΝ ΤΡΙΩΝ (3) ΔΙΑΘΕΡΜΙΩΝ ME401, ME411 ΚΑΙ ME402, ΤΟΥ ΚΑΤΑΣΚΕΥΑΣΤΙΚΟΥ ΟΙΚΟΥ MARTIN, ΜΕ S/N 0810981507, 0202980315 ΚΑΙ ME402M0603155966, ΑΠΟ ΤΗΝ ΑΠΟΚΛΕΙΣΤΙΚΗ ΑΝΤΙΠΡΟΣΩΠΟ ΕΤΑΙΡΕΙΑ",095029193,ΠΑΠΑΠΟΣΤΟΛΟΥ Ν ΑΝΩΝΥΜΗ ΕΤΑΙΡΕΙΑ  ΕΤΑΙΡΕΙΑ ΕΜΠΟΡΙΑΣ ΚΑΙ ΑΝΤΙΠΡΟΣΩΠΕΙΩΝ ΙΑΤΡΙΚΩΝ ΕΡΓΑΛΕΙΩΝ ΚΑΙ ΜΗΧΑΝΗΜΑΤΩΝ,1302.0,,0887
6ΤΙΨ46904Ν-9Ω3,2025-07-25,"ΑΠΟΦΑΣΗ ΠΡΟΕΔΡΟΥ ΑΝΑΘΕΣΗΣ ΤΗΣ ΕΠΙΣΚΕΥΗΣ - ΑΝΤΙΚΑΤΑΣΤΑΣΗΣ ΕΛΑΣΤΩΜΕΡΩΝ ΜΕΡΩΝ ΤΗΣ ΦΥΣΟΥΝΑΣ ΑΝΑΙΣΘΗΣΙΟΛΟΓΙΚΟΥ ΜΗΧΑΝΗΜΑΤΟΣ AISYS, ΤΟΥ ΚΑΤΑΣΚΕΥΑΣΤΙΚΟΥ ΟΙΚΟΥ GE HEALTHCARE",011651035,"ΤΖΑΝΙΔΑΚΗΣ,,ΕΜΜΑΝΟΥΗΛ,ΤΗΛΕΜΑΧΟΣ",1180.48,,1439
6Τ4Ξ46904Ν-ΤΕ9,2025-07-25,"ΑΠΟΦΑΣΗ ΔΕΣΜΕΥΣΗΣ ΠΙΣΤΩΣΗΣ ΓΙΑ ΤΗΝ ΠΑΡΟΧΗ ΥΠΗΡΕΣΙΩΝ «ΔΙΑΣΥΝΔΕΣΗ ΤΟΥ ΟΛΟΚΛΗΡΩΜΕΝΟΥ ΠΛΗΡΟΦΟΡΙΑΚΟΥ ΥΠΟΣΥΣΤΗΜΑΤΟΣ ΑΣΚΛΗΠΙΟΣΤΜ – PATIENT ΤΟΥ ΤΜΗΜΑΤΟΣ ΚΙΝΗΣΗΣ ΑΣΘΕΝΩΝ ΚΑΙ ΤΟΥ ΤΜΗΜΑΤΟΣ ΓΡΑΜΜΑΤΕΙΑΣ ΕΞΩΤΕΡΙΚΩΝ ΙΑΤΡΕΙΩΝ, ΜΕ ΑΔΕΙΟΔΟΤΗΜΕΝΟ ΛΟΓΙΣΜΙΚΟ ΠΑΡΟΧΗΣ ΗΛΕΚΤΡΟΝΙΚΗΣ ΤΙΜΟΛΟΓΗΣΗΣ, ΠΙΣΤΟΠΟΙΗΜΕΝΟΥ ΠΑΡΟΧΟΥ ΗΛΕΚΤΡΟΝΙΚΗΣ ΔΙΑΒΙΒΑΣΗΣ ΠΑΡΑΣΤΑΤΙΚΩΝ, ΔΙΑΧΕΙΡΙΣΗΣ ΚΑΙ ΑΡΧΕΙΟΘΕΤΗΣΗΣ (ΜΕΤΑΒΙΒΑΣΗ ΗΛΕΚΤΡΟΝΙΚΩΝ ΤΙΜΟΛΟΓΙΩΝ ΠΡΟΣ ΠΑΡΟΧΟΥΣ ΥΓΕΙΑΣ)»,",095403136,COMPUTER SOLUTIONS ΑΝΩΝΥΜΗ ΒΙΟΜΗΧΑΝΙΚΗ ΚΑΙ ΕΜΠΟΡΙΚΗ ΕΤΑΙΡΕΙΑ ΠΛΗΡΟΦΟΡΙΚΗΣ,4464.0,,0426
9ΣΕΤ46904Ν-7ΕΛ,2025-07-25,ΑΠΟΦΑΣΗ ΠΡΟΕΔΡΟΥ ΚΛΙΜΑΤΙΣΤΙΚΑ,095551919,ΚΟΚΟΤΑΣ ΚΛΙΜΑΤΙΣΜΟΣ ΑΕ,2188.5,,7112
9ΦΟΤ46904Ν-47Ι,2025-07-25,ΑΠΟΦΑΣΗ ΠΡΟΕΔΡΟΥ ΓΙΑ ΒΛΑΒΗ ΚΡΥΟΣΤΑΤΗ ΣΤΟ ΠΑΘΟΛΟΓΟΑΝΑΤΟΜΙΚΟ,099518023,Α ΔΕΡΒΟΣ Γ ΔΗΜΗΤΡΑΚΟΠΟΥΛΟΣ ΚΑΙ ΣΙΑ ΑΝΩΝΥΜΗ ΕΤΑΙΡΙΑ ΕΙΣΑΓΩΓΗΣ ΚΑΙ ΕΜΠΟΡΙΑΣ ΕΠΙΣΤΗΜΟΝΙΚΩΝ ΟΡΓΑΝΩΝ ΚΑΙ ΦΑΡΜΑΚΕΥΤΙΚΩΝ ΠΡΟΙΟΝ,868.0,,0887
9ΦΟΤ46904Ν-47Ι,2025-07-25,ΑΠΟΦΑΣΗ ΠΡΟΕΔΡΟΥ ΓΙΑ ΒΛΑΒΗ ΚΡΥΟΣΤΑΤΗ ΣΤΟ ΠΑΘΟΛΟΓΟΑΝΑΤΟΜΙΚΟ,099518023,Α ΔΕΡΒΟΣ Γ ΔΗΜΗΤΡΑΚΟΠΟΥΛΟΣ ΚΑΙ ΣΙΑ ΑΝΩΝΥΜΗ ΕΤΑΙΡΙΑ ΕΙΣΑΓΩΓΗΣ ΚΑΙ ΕΜΠΟΡΙΑΣ ΕΠΙΣΤΗΜΟΝΙΚΩΝ ΟΡΓΑΝΩΝ ΚΑΙ ΦΑΡΜΑΚΕΥΤΙΚΩΝ ΠΡΟΙΟΝ,198.4,,1439
Ρ6ΩΣ46904Ν-04Μ,2025-07-18,"ΑΠΟΦΑΣΗ ΠΡΟΕΔΡΟΥ ΑΝΑΘΕΣΗΣ ΤΗΣ ΠΑΡΟΧΗΣ ΥΠΗΡΕΣΙΩΝ «ΤΡΙΜΗΝΗΣ  ΣΥΝΤΗΡΗΣΗΣ – ΕΠΙΣΚΕΥΗΣ ΥΠΟΣΤΑΘΜΟΥ ΜΕΣΗΣ ΤΑΣΗΣ, ΤΩΝ ΠΕΔΙΩΝ ΧΑΜΗΛΗΣ ΤΑΣΗΣ, ΤΩΝ ΤΡΙΩΝ (3) Η/Ζ ΚΑΙ ΤΩΝ ΝΕΩΝ ΗΛΕΚΤΡΙΚΩΝ ΠΙΝΑΚΩΝ ΤΟΥ ΝΟΣΟΚΟΜΕΙΟΥ",999438956,Γ ΒΕΝΕΤΗΣ ΚΑΙ ΣΙΑ ΕΕ,2170.0,,0879
60ΔΔ46904Ν-ΝΕ4,2025-07-22,ΑΠΟΦΑΣΗ ΠΡΟΕΔΡΟΥ ΕΓΚΡΙΣΗΣ ΤΟΥ ΠΡΑΚΤΙΚΟΥ ΤΗΣ ΕΠΙΤΡΟΠΗΣ ΑΞΙΟΛΟΓΗΣΗΣ ΤΩΝ ΠΡΟΣΦΟΡΩΝ ΠΑΡΟΧΗΣ ΥΠΗΡΕΣΙΩΝ ΚΑΘΑΡΙΟΤΗΤΑΣ ΓΙΑ ΔΙΑΣΤΗΜΑ ΕΝΟΣ (1) ΜΗΝΑ ΚΑΙ ΑΝΑΘΕΣΗΣ,801114586,MYSERVICES HUMAN RESOURCES AND SECURITY ΑΝΩΝΥΜΗ ΕΤΑΙΡΕΙΑ ΙΔΙΩΤ ΕΠΙΧ ΠΑΡΟΧΗΣ ΥΠΗΡ ΑΣΦΑΛΕΙΑΣ ΚΑΙ ΛΕΙΤΟΥΡΓΙΚΗΣ ΥΠΟΣΤΗΡΙΞΗΣ,37109.48,,0845
Ψ00846904Ν-ΠΥ3,2025-07-18,"ΑΠΟΦΑΣΗ ΠΡΟΕΔΡΟΥ ΑΝΑΘΕΣΗΣ ΤΗΣ ΑΝΤΙΚΑΤΑΣΤΑΣΗΣ ΣΥΣΤΗΜΑΤΟΣ ΑΝΑΡΤΗΣΗΣ ΟΡΟΥ ΣΕ ΦΟΡΕΙΟ ΜΕΤΑΦΟΡΑΣ ΤΥΠΟΥ 6005, ΤΟΥ ΚΑΤΑΣΚΕΥΑΣΤΙΚΟΥ ΟΙΚΟΥ PSILIAKOS HOSPITAL EQUIPMENT ΕΠΕ, ΜΕ S/N 6003-3732-01-0001, ΑΠΟ ΤΗΝ ΑΠΟΚΛΕΙΣΤΙΚΗ ΑΝΤΙΠΡΟΣΩΠΟ ΕΤΑΙΡΕΙΑ",999495127,ΛΕΩΝΙΔΑΣ ΨΗΛΙΑΚΟΣ ΚΑΙ ΣΙΑ ΕΤΑΙΡΕΙΑ ΠΕΡΙΟΡΙΣΜΕΝΗΣ ΕΥΘΥΝΗΣ,135.16,,0889-1899
ΡΟΩ646904Ν-5Φ2,2025-07-15,"ΑΠΟΦΑΣΗ ΠΡΟΕΔΡΟΥ ΕΓΚΡΙΣΗΣ ΤΟΥ ΠΡΑΚΤΙΚΟΥ ΤΗΣ ΕΠΙΤΡΟΠΗΣ ΑΞΙΟΛΟΓΗΣΗΣ ΤΗΣ ΠΡΟΣΦΟΡΑΣ ΓΙΑ ΤΗ «ΔΙΑΣΥΝΔΕΣΗ ΤΟΥ ΟΛΟΚΛΗΡΩΜΕΝΟΥ ΠΛΗΡΟΦΟΡΙΑΚΟΥ ΥΠΟΣΥΣΤΗΜΑΤΟΣ ΑΣΚΛΗΠΙΟΣΤΜ – PATIENT ΤΟΥ ΤΜΗΜΑΤΟΣ ΚΙΝΗΣΗΣ ΑΣΘΕΝΩΝ ΚΑΙ ΤΟΥ ΤΜΗΜΑΤΟΣ ΓΡΑΜΜΑΤΕΙΑΣ ΕΞΩΤΕΡΙΚΩΝ ΙΑΤΡΕΙΩΝ, ΜΕ ΑΔΕΙΟΔΟΤΗΜΕΝΟ ΛΟΓΙΣΜΙΚΟ ΠΑΡΟΧΗΣ ΗΛΕΚΤΡΟΝΙΚΗΣ ΤΙΜΟΛΟΓΗΣΗΣ, ΠΙΣΤΟΠΟΙΗΜΕΝΟΥ ΠΑΡΟΧΟΥ ΗΛΕΚΤΡΟΝΙΚΗΣ ΔΙΑΒΙΒΑΣΗΣ ΠΑΡΑΣΤΑΤΙΚΩΝ, ΔΙΑΧΕΙΡΙΣΗΣ ΚΑΙ ΑΡΧΕΙΟΘΕΤΗΣΗΣ (ΜΕΤΑΒΙΒΑΣΗ ΗΛΕΚΤΡΟΝΙΚΩΝ ΤΙΜΟΛΟΓΙΩΝ ΠΡΟΣ ΠΑΡΟΧΟΥΣ ΥΓΕΙΑΣ)» ΚΑΙ ΑΝΑΘΕΣΗΣ",095403136,COMPUTER SOLUTIONS ΑΝΩΝΥΜΗ ΒΙΟΜΗΧΑΝΙΚΗ ΚΑΙ ΕΜΠΟΡΙΚΗ ΕΤΑΙΡΕΙΑ ΠΛΗΡΟΦΟΡΙΚΗΣ,4464.0,,0426
ΨΦΒΟ46904Ν-ΕΥΔ,2025-07-17,"ΑΠΟΦΑΣΗ ΠΡΟΕΔΡΟΥ ΕΓΚΡΙΣΗΣ ΤΟΥ ΠΡΑΚΤΙΚΟΥ ΤΗΣ ΕΠΙΤΡΟΠΗΣ ΑΞΙΟΛΟΓΗΣΗΣ ΤΗΣ ΠΡΟΣΦΟΡΑΣ «ΓΙΑ ΤΗΝ ΑΝΑΓΚΗ ΥΛΟΠΟΙΗΣΗΣ ΕΡΓΑΣΙΩΝ ΓΙΑ ΑΝΤΙΚΑΤΑΣΤΑΣΗ ΤΩΝ ΨΕΥΔΟΡΟΦΩΝ ΤΗΣ ΜΕΘ (ΥΠΟΓΕΙΟ, ΚΤΙΡΙΟ Β΄) ΓΙΑ ΛΟΓΟΥΣ ΥΓΙΕΙΝΗΣ ΚΑΙ ΑΣΦΑΛΕΙΑΣ)»,",801220499,Π Π ΚΑΤΑΣΚΕΥΑΣΤΙΚΗ Ο Ε,9176.0,,0863-1413
ΡΑΦΥ46904Ν-ΞΒ1,2025-07-17,"ΑΠΟΦΑΣΗ ΠΡΟΕΔΡΟΥ ΑΝΑΘΕΣΗΣ ΤΟΥ ΕΤΗΣΙΟΥ ΕΛΕΓΧΟΥ ΣΥΣΤΗΜΑΤΟΣ ΚΟΠΩΣΗΣ QUINTON Q-STRESS, ΑΠΟ ΤΗΝ ΑΠΟΚΛΕΙΣΤΙΚΗ ΑΝΤΙΠΡΟΣΩΠΟ ΕΤΑΙΡΕΙΑ",800834358,CARDIOSCIENCE P C,793.6,,0887
6ΑΚΜ46904Ν-ΦΟ1,2025-07-10,ΑΠΟΦΑΣΗ ΠΡΟΕΔΡΟΥ ΑΝΑΘΕΣΗΣ ΥΠΗΡΕΣΙΩΝ,999796735,Α ΑΠΟΣΤΟΛΟΥ ΚΑΙ Χ ΔΕΓΕΣΤΙΝΟΣ ΟΜΟΡΡΥΘΜΗ ΕΤΑΙΡΕΙΑ,12000.0,,0879
ΨΡ2Μ46904Ν-4ΜΦ,2025-07-08,ΑΠΟΦΑΣΗ ΠΡΟΕΔΡΟΥ ΕΓΚΡΙΣΗΣ ΠΡΑΚΤΙΚΟΥ ΚΑΙ ΑΝΑΘΕΣΗΣ,800854498,AIRTECO IKE,13000.0,,0879
Ψ9ΗΠ46904Ν-ΣΓ5,2025-07-08,ΑΠΟΦΑΣΗ ΠΡΟΕΔΡΟΥ ΕΓΚΡΙΣΗΣ ΠΡΑΚΤΙΚΟΥ ΚΑΙ ΑΝΑΘΕΣΗΣ ΠΡΟΜΗΘΕΙΑΣ ΑΠΟΛΥΤΩΝ ΦΙΛΤΡΩΝ,800854498,AIRTECO IKE,9200.0,,1439-0879
60ΕΦ46904Ν-Ν1Ν,2025-07-08,ΑΠΟΦΑΣΗ ΠΡΟΕΔΡΟΥ ΕΓΚΡΙΣΗΣ ΠΡΑΚΤΙΚΟΥ,800854498,AIRTECO IKE,1900.0,,0879
65Μ946904Ν-ΣΒΟ,2025-07-08,ΑΠΟΦΑΣΗ ΠΡΟΕΔΡΟΥ ΕΓΚΡΙΣΗΣ ΠΡΑΚΤΙΚΟΥ ΚΑΙ ΑΝΑΘΕΣΗΣ ΥΠΗΡΕΣΙΩΝ,094055164,ELEKTRA HELLAS AE,3000.0,,0879-1413
Ψ88Ψ46904Ν-ΩΦΔ,2025-07-08,ΑΠΟΦΑΣΗ ΠΡΟΕΔΡΟΥ ΕΓΚΡΙΣΗΣ ΠΡΑΚΤΙΚΟΥ ΠΡΟΜΗΘΕΙΑΣ ΓΑΝΤΙΩΝ,099370337,VIOLAK INTERNATIONAL ΝΟΣΟΚΟΜΕΙΑΚΟΥ ΕΞΟΠΛΙΣΜΟΥ ΑΝΩΝΥΜΗ ΕΜΠΟΡΙΚΗ ΕΤΑΙΡΕΙΑ,57.24,33141420-0,1311
Ψ88Ψ46904Ν-ΩΦΔ,2025-07-08,ΑΠΟΦΑΣΗ ΠΡΟΕΔΡΟΥ ΕΓΚΡΙΣΗΣ ΠΡΑΚΤΙΚΟΥ ΠΡΟΜΗΘΕΙΑΣ ΓΑΝΤΙΩΝ,999640490,ΔΟΥΡΜΟΥΣΟΓΛΟΥ ΑΝΩΝΥΜΗ ΕΜΠΟΡΙΚΗ ΒΙΟΜΗΧΑΝΙΚΗ ΕΤΑΙΡΕΙΑ ΙΑΤΡΙΚΩΝ ΕΙΔΩΝ,6391.8,,1311
ΨΔ1Ι46904Ν-ΜΘ0,2025-07-07,ΑΠΟΦΑΣΗ ΠΡΟΕΔΡΟΥ ΑΝΑΘΕΣΗΣ ΠΛΗΡΩΣΗΣ ΔΕΞΑΜΕΝΗΣ ΟΞΥΓΟΝΟΥ,094073495,SOL HELLAS AE,28210.0,24111500-0,1614
613446904Ν-Μ5Θ,2025-07-04,ΑΠΟΦΑΣΗ ΠΡΟΕΔΡΟΥ ΕΓΚΡΙΣΗΣ ΤΟΥ ΠΡΑΚΤΙΚΟΥ ΤΗΣ ΕΠΙΤΡΟΠΗΣ ΑΞΙΟΛΟΓΗΣΗΣ ΤΩΝ ΠΡΟΣΦΟΡΩΝ ΓΙΑ ΤΗΝ ΕΠΙΣΚΕΥΗ ΛΗΨΕΩΝ ΙΑΤΡΙΚΩΝ ΑΕΡΙΩΝ ΚΑΙ ΥΠΟΒΙΒΑΣΤΩΝ - ΡΥΘΜΙΣΤΩΝ ΟΞΥΓΟΝΟΥ ΣΤΟ ΑΓΓΕΙΟΧΕΙΡΟΥΡΓΙΚΟ ΚΑΙ ΤΟ ΧΕΙΡΟΥΡΓΙΚΟ ΤΜΗΜΑ ΚΑΙ ΑΝΑΘΕΣΗΣ,999796735,Α ΑΠΟΣΤΟΛΟΥ ΚΑΙ Χ ΔΕΓΕΣΤΙΝΟΣ ΟΜΟΡΡΥΘΜΗ ΕΤΑΙΡΕΙΑ,4278.0,,0879
6ΦΤΥ46904Ν-ΟΕΗ,2025-07-02,ΑΠΟΦΑΣΗ ΠΡΟΕΔΡΟΥ ΓΙΑ ΑΠΕΥΘΕΙΑΣ ΑΝΑΘΕΣΗ ΓΙΑ ΤΗΝ ΠΡΟΜΗΘΕΙΑ ΟΔΗΓΩΝ ΣΥΡΜΑΤΩΝ ΑΓΓΕΙΟΠΛΑΣΤΙΚΗΣ ΚΥΡΤΑ ΓΙΑ ΟΛΙΚΕΣ ΑΠΟΦΡΑΞΕΙΣ & ΣΥΡΜΑΤΩΝ ΑΓΓΕΙΟΠΛΑΣΤΙΚΗΣ ΣΤΕΦΑΝΙΑΙΩΝ ΓΙΑ ΑΝΔΡΟΜΗ ΠΡΟΣΠΕΛΑΣΗ ΧΡΌΝΙΩΝ ΟΛΙΚΩΝ ΑΠΟΦΡΑΞΕΩΝ,999722678,SOFMEDICA ΕΛΛΑΣ ΙΑΤΡΙΚΗ ΤΕΧΝΟΛΟΓΙΑ ΑΝΩΝΥΜΗ ΕΤΑΙΡΕΙΑ,2157.6,33111730-7,1311
ΨΞΓΥ46904Ν-Θ2Β,2025-07-02,ΑΠΟΦΑΣΗ ΠΡΟΕΔΡΟΥ ΑΝΑΘΕΣΗΣ ΓΙΑ ΤΗΝ ΠΡΟΜΗΘΕΙΑ ΚΑΙ ΑΝΤΙΚΑΤΑΣΤΑΣΗ ΠΡΟΘΕΡΜΑΝΣΗΣ ΝΕΡΟΥ ΣΤΟ Η/Ζ DOOSAN.,095593498,ΕΤΑΙΡΙΑ ΒΙΟΜΗΧΑΝΙΚΗΣ ΑΡΩΓΗΣ ΑΕ,1041.6,,1413
6ΘΦΨ46904Ν-ΒΤΞ,2025-06-27,"ΑΠΟΦΑΣΗ ΠΡΟΕΔΡΟΥ ΑΝΑΘΕΣΗΣ ΤΗΣ ΕΠΙΣΚΕΥΗΣ ΥΠΕΡΗΧΟΤΟΜΟΓΡΑΦΟΥ VIVID e, ΤΟΥ ΚΑΤΑΣΚΕΥΑΣΤΙΚΟΥ ΟΙΚΟΥ GE",998860010,ICON DYNAMICS ΙΑΤΡΙΚΑ ΜΗΧΑΝΗΜΑΤΑ ΙΔΙΩΤΙΚΗ ΚΕΦΑΛΑΙΟΥΧΙΚΗ ΕΤΑΙΡΕΙΑ,2405.6,,0887-1439
6ΦΓΣ46904Ν-ΥΞΠ,2025-06-20,ΑΠΟΦ.ΠΡΟΕΔΡΟΥ ΕΓΚΡΙΣΗΣ ΠΡΑΚΤΙΚΟΥ ΑΝΑΝΕΩΣΗ FIREWALL,999481910,ΓΟΥΔΕΒΕΝΟΥ ΚΕΡΚΥΡΑ ΚΑΙ ΣΙΑ ΕΕ,2155.12,,0426
9ΧΞΓ46904Ν-ΤΙΑ,2025-06-20,ΑΠΟΦΑΣΗ ΠΡΟΕΔΡΟΥ ΕΓΚΡΙΣΗΣ ΤΟΥ ΠΡΑΚΤΙΚΟΥ ΤΗΣ ΕΠΙΤΡΟΠΗΣ ΑΞΙΟΛΟΓΗΣΗΣ ΤΩΝ ΠΡΟΣΦΟΡΩΝ ΠΑΡΟΧΗΣ ΥΠΗΡΕΣΙΩΝ ΚΑΘΑΡΙΟΤΗΤΑΣ ΓΙΑ ΔΙΑΣΤΗΜΑ ΕΝΟΣ (1) ΜΗΝΑ ΚΑΙ ΑΝΑΘΕΣΗΣ,801114586,MYSERVICES HUMAN RESOURCES AND SECURITY ΑΝΩΝΥΜΗ ΕΤΑΙΡΕΙΑ ΙΔΙΩΤ ΕΠΙΧ ΠΑΡΟΧΗΣ ΥΠΗΡ ΑΣΦΑΛΕΙΑΣ ΚΑΙ ΛΕΙΤΟΥΡΓΙΚΗΣ ΥΠΟΣΤΗΡΙΞΗΣ,37109.48,,0845
6Χ9Α46904Ν-794,2025-06-20,ΑΠΟΦΑΣΗ ΠΡΟΕΔΡΟΥ ΑΝΑΘΕΣΗΣ ΤΗΣ ΕΠΙΣΚΕΥΗΣ ΝΕΚΡΟΘΑΛΑΜΟΥ,800830648,ΕΡΓΟΔΥΝΑΜΙΚΗ 2030 Ε Ε,2411.8,,1439
9ΩΙΣ46904Ν-ΟΛ1,2025-06-16,ΑΠΟΦΑΣΗ ΠΡΟΕΔΡΟΥ ΑΝΑΘΕΣΗΣ ΤΗΣ ΔΙΑΣΥΝΔΕΣΗΣ ΤΟΥ ΟΛΟΚΛΗΡΩΜΕΝΟΥ ΠΛΗΡΟΦΟΡΙΑΚΟΥ ΥΠΟΣΥΣΤΗΜΑΤΟΣ ΑΣΚΛΗΠΙΟΣΤΜ – CARE (ΙΑΤΡΟΝΟΣΗΛΕΥΤΙΚΟΣ ΦΑΚΕΛΟΣ ΑΣΘΕΝΗ) ΚΑΙ ΤΟΥ ΥΠΟΣΥΣΤΗΜΑΤΟΣ ΑΣΚΛΗΠΙΟΣΤΜ – PATIENT (ΕΞΩΤΕΡΙΚΑ ΙΑΤΡΕΙΑ – ΤΕΠ) ΜΕ ΤΟ ΝΕΟ ΣΥΣΤΗΜΑ RIS/PACS ΤΟΥ ΥΠΟΥΡΓΕΙΟΥ ΥΓΕΙΑΣ,095403136,COMPUTER SOLUTIONS ΑΝΩΝΥΜΗ ΒΙΟΜΗΧΑΝΙΚΗ ΚΑΙ ΕΜΠΟΡΙΚΗ ΕΤΑΙΡΕΙΑ ΠΛΗΡΟΦΟΡΙΚΗΣ,12400.0,,0426
Ψ83646904Ν-ΕΞΜ,2025-06-17,"ΑΠΟΦΑΣΗ ΠΡΟΕΔΡΟΥ ΑΝΑΘΕΣΗΣ ΓΙΑ ΤΗΝ ΠΑΡΟΧΗ ΥΠΗΡΕΣΙΩΝ «ΜΗΝΙΑΙΑΣ ΣΥΝΤΗΡΗΣΗΣ – ΕΠΙΣΚΕΥΗΣ ΥΠΟΣΤΑΘΜΟΥ ΜΕΣΗΣ ΤΑΣΗΣ, ΤΩΝ ΠΕΔΙΩΝ ΧΑΜΗΛΗΣ ΤΑΣΗΣ, ΤΩΝ ΤΡΙΩΝ (3) Η/Ζ ΚΑΙ ΤΩΝ ΝΕΩΝ ΗΛΕΚΤΡΙΚΩΝ ΠΙΝΑΚΩΝ ΤΟΥ ΝΟΣΟΚΟΜΕΙΟΥ",095593498,ΕΤΑΙΡΙΑ ΒΙΟΜΗΧΑΝΙΚΗΣ ΑΡΩΓΗΣ ΑΕ,458.8,,0879
ΡΠ2Δ46904Ν-Σ4Ι,2025-06-17,ΑΠΟΦ.ΠΡΟΕΔΡΟΥ ΑΝΑΘΕΣΗΣ ΜΕΤΑΦΟΡΑ ΕΙΔΩΝ.,045245951,"ΓΕΡΟΓΙΑΝΝΗΣ,,ΑΡΙΣΤΟΤΕΛΗΣ,ΓΕΩΡΓΙΟΣ",1200.0,,0899
9ΗΛΧ46904Ν-81Κ,2025-06-13,ΑΠΟΦΑΣΗ ΔΕΣΜΕΥΣΗΣ ΠΙΣΤΩΣΗΣ ΠΡΟΜΗΘΕΙΑΣ «ΑΝΑΛΩΣΙΜΟΥ ΥΛΙΚΟΥ ΦΑΚΟΘΡΥΨΙΑΣ – CUSTOM PACK» ΓΙΑ ΤΙΣ ΑΝΑΓΚΕΣ ΤΟΥ ΝΟΣΟΚΟΜΕΙΟΥ ΓΙΑ ΔΥΟ (2) ΕΤΗ,082525697,ΑΝΑΣΤΑΣΙΟΣ ΜΑΥΡΟΓΕΝΗΣ ΙΑΤΡΟΤΕΧΝΟΛΟΓΙΚΑ ΕΙΔΗ ΑΝΩΝΥΜΗ ΕΤΑΙΡΕΙΑ,32736.0,,1311
9ΦΠΘ46904Ν-ΙΩΒ,2025-06-06,ΑΠΟΦΑΣΗ ΠΡΟΕΔΡΟΥ ΑΝΑΘΕΣΗΣ ΤΗΣ ΕΠΙΣΚΕΥΗΣ ΝΕΚΡΟΘΑΛΑΜΟΥ,800834358,CARDIOSCIENCE P C,2411.8,,1439
ΨΛΘ046904Ν-1ΞΗ,2025-06-05,"ΑΠΟΦΑΣΗ ΠΡΟΕΔΡΟΥ ΑΝΑΘΕΣΗΣ ΤΗΣ ΕΠΙΣΚΕΥΗΣ ΚΑΙ ΤΗΣ ΣΥΝΤΗΡΗΣΗΣ ΚΛΙΒΑΝΟΥ ΤΑΧΕΙΑΣ ΑΠΟΣΤΕΙΡΩΣΗΣ STE-23-D PRO, ΤΟΥ ΚΑΤΑΣΚΕΥΑΣΤΙΚΟΥ ΟΙΚΟΥ NINGBO ICAN MACHINES CO. LTD, ΜΕ S/N A26032B23D2E38110I, ΑΠΟ ΤΗΝ ΑΠΟΚΛΕΙΣΤΙΚΗ ΑΝΤΙΠΡΟΣΩΠΟ ΕΤΑΙΡΕΙΑ",801420577,ΜΑΜΑΛΙΓΚΑΣ Γ    ΣΙΑ Ε Ε,607.6,,0889-1439
6ΔΛΕ46904Ν-5ΑΠ,2025-06-05,ΑΠΟΦΑΣΗ ΠΡΟΕΔΡΟΥ ΑΝΑΘΕΣΗΣ,094359854,ΙΛΥΔΑ ΑΝΩΝΥΜΟΣ ΕΜΠΟΡΙΚΗ ΚΑΤΑΣΚΕΥΑΣΤΙΚΗ ΕΤΑΙΡΕΙΑ  ΣΥΣΤΗΜΑΤΩΝ ΠΛΗΡΟΦΟΡΙΚΗΣ ΚΑΙ ΠΑΡΟΧΗΣ ΥΠΗΡΕΣΙΩΝ,1500.0,,0426
9ΟΜΙ46904Ν-ΠΙ7,2025-05-23,ΑΠΟΦΑΣΗ ΠΡΟΕΔΡΟΥ ΕΓΚΡΙΣΗΣ ΠΡΑΚΤΙΚΟΥ ΚΑΙ ΑΝΑΘΕΣΗΣ ΥΠΗΡΕΣΙΩΝ,800818900,AMBRUS ΔΙΕΘΝΗΣ ΣΥΜΒΟΥΛΕΥΤΙΚΗ ΙΚΕ,4000.0,79415200-8,0419
ΡΒΙΦ46904Ν-ΖΝΛ,2025-05-28,ΑΠΟΦΑΣΗ ΠΡΟΕΔΡΟΥ ΕΓΚΡΙΣΗΣ ΤΟΥ ΠΡΑΚΤΙΚΟΥ ΤΗΣ ΕΠΙΤΡΟΠΗΣ ΑΞΙΟΛΟΓΗΣΗΣ ΤΗΣ ΠΡΟΣΦΟΡΑΣ ΓΙΑ ΤΗΝ ΠΑΡΟΧΗ ΥΠΗΡΕΣΙΩΝ ΠΛΥΣΗΣ ΑΚΑΘΑΡΤΟΥ ΙΜΑΤΙΣΜΟΥ ΓΙΑ ΧΡΟΝΙΚΟ ΔΙΑΣΤΗΜΑ ΔΥΟ (2) ΜΗΝΩΝ Η ΕΩΣ ΕΞΑΝΤΛΗΣΕΩΣ ΤΩΝ ΠΟΣΟΤΗΤΩΝ Η ΕΩΣ ΤΕΛΕΣΦΟΡΗΣΗΣ ΤΩΝ ΔΙΑΔΙΚΑΣΙΩΝ ΤΟΥ ΕΤΗΣΙΟΥ ΔΙΑΓΩΝΙΣΜΟΥ,997672233,ΑΝΔΡΕΑΣ ΠΑΠΑΓΙΑΝΝΗΣ ΚΑΙ ΥΙΟΣ ΑΝΩΝΥΜΟΣ ΕΜΠΟΡΙΚΗ ΚΑΙ ΒΙΟΜΗΧΑΝΙΚΗ ΕΤΑΙΡΕΙΑ ΜΗΧΑΝΙΚΩΝ ΠΛΥΝΤΗΡΙΩΝ ΙΜΑΤΙΣΜΟΥ ΤΑΠΗΤΩΝ ΚΑΙ ΟΜΟΙΩ,36852.87,,0843
6ΗΨΠ46904Ν-ΥΩΟ,2025-05-22,ΑΠΟΦΑΣΗ ΠΡΟΕΔΡΟΥ ΕΓΚΡΙΣΗΣ ΤΟΥ ΠΡΑΚΤΙΚΟΥ ΤΗΣ ΕΠΙΤΡΟΠΗΣ ΑΞΙΟΛΟΓΗΣΗΣ ΤΩΝ ΠΡΟΣΦΟΡΩΝ ΠΑΡΟΧΗΣ ΥΠΗΡΕΣΙΩΝ ΚΑΘΑΡΙΟΤΗΤΑΣ ΓΙΑ ΔΙΑΣΤΗΜΑ ΕΝΟΣ (1) ΜΗΝΑ,801114586,MYSERVICES HUMAN RESOURCES AND SECURITY ΑΝΩΝΥΜΗ ΕΤΑΙΡΕΙΑ ΙΔΙΩΤ ΕΠΙΧ ΠΑΡΟΧΗΣ ΥΠΗΡ ΑΣΦΑΛΕΙΑΣ ΚΑΙ ΛΕΙΤΟΥΡΓΙΚΗΣ ΥΠΟΣΤΗΡΙΞΗΣ,37110.72,,0845
ΨΩΖΖ46904Ν-ΧΞΧ,2025-05-16,ΑΠΟΦΑΣΗ ΠΡΟΕΔΡΟΥ ΕΓΚΡΙΣΗΣ ΤΟΥ ΠΡΑΚΤΙΚΟΥ ΤΗΣ ΕΠΙΤΡΟΠΗΣ ΑΞΙΟΛΟΓΗΣΗΣ ΤΩΝ ΠΡΟΣΦΟΡΩΝ ΓΙΑ ΤΗΝ ΕΠΙΣΚΕΥΗ ΑΠΟΘΗΚΕΥΤΙΚΟΥ ΧΩΡΟΥ ΤΟΥ ΠΑΘΟΛΟΓΟΑΝΑΤΟΜΙΚΟΥ ΤΜΗΜΑΤΟΣ ΩΣΤΕ ΝΑ ΧΡΗΣΙΜΟΠΟΙΗΘΕΙ ΩΣ ΑΡΧΕΙΟ,801220499,Π Π ΚΑΤΑΣΚΕΥΑΣΤΙΚΗ Ο Ε,5952.0,,0863-1413
9ΔΕΦ46904Ν-ΝΝΝ,2025-05-07,ΑΠΟΦΑΣΗ ΠΡΟΕΔΡΟΥ ΕΓΚΡΙΣΗΣ ΤΟΥ ΠΡΑΚΤΙΚΟΥ ΤΗΣ ΕΠΙΤΡΟΠΗΣ ΑΞΙΟΛΟΓΗΣΗΣ ΤΩΝ ΠΡΟΣΦΟΡΩΝ ΓΙΑ ΤΗΝ ΠΡΟΜΗΘΕΙΑ ΕΝΔΟΦΑΚΩΝ ΓΙΑ ΤΙΣ ΑΝΑΓΚΕΣ ΤΟΥ ΝΟΣΟΚΟΜΕΙΟΥ ΓΙΑ ΤΡΕΙΣ (3) ΜΗΝΕΣ,094429222,AEGLI MEDICAL OPTICS ΑΝΩΝΥΜΗ ΕΤΑΙΡΕΙΑ,2745.9,,1311
9ΔΕΦ46904Ν-ΝΝΝ,2025-05-07,ΑΠΟΦΑΣΗ ΠΡΟΕΔΡΟΥ ΕΓΚΡΙΣΗΣ ΤΟΥ ΠΡΑΚΤΙΚΟΥ ΤΗΣ ΕΠΙΤΡΟΠΗΣ ΑΞΙΟΛΟΓΗΣΗΣ ΤΩΝ ΠΡΟΣΦΟΡΩΝ ΓΙΑ ΤΗΝ ΠΡΟΜΗΘΕΙΑ ΕΝΔΟΦΑΚΩΝ ΓΙΑ ΤΙΣ ΑΝΑΓΚΕΣ ΤΟΥ ΝΟΣΟΚΟΜΕΙΟΥ ΓΙΑ ΤΡΕΙΣ (3) ΜΗΝΕΣ,094450895,ΑΛΚΟΝ ΛΑΜΠΟΡΑΤΟΡΙΣ ΕΛΛΑΣ ΜΟΝΟΠΡΟΣΩΠΗ ΑΝΩΝΥΜΗ ΕΜΠΟΡΙΚΗ ΚΑΙ ΒΙΟΜΗΧΑΝΙΚΗ ΕΤΑΙΡΕΙΑ,3977.6,,1311
9ΔΕΦ46904Ν-ΝΝΝ,2025-05-07,ΑΠΟΦΑΣΗ ΠΡΟΕΔΡΟΥ ΕΓΚΡΙΣΗΣ ΤΟΥ ΠΡΑΚΤΙΚΟΥ ΤΗΣ ΕΠΙΤΡΟΠΗΣ ΑΞΙΟΛΟΓΗΣΗΣ ΤΩΝ ΠΡΟΣΦΟΡΩΝ ΓΙΑ ΤΗΝ ΠΡΟΜΗΘΕΙΑ ΕΝΔΟΦΑΚΩΝ ΓΙΑ ΤΙΣ ΑΝΑΓΚΕΣ ΤΟΥ ΝΟΣΟΚΟΜΕΙΟΥ ΓΙΑ ΤΡΕΙΣ (3) ΜΗΝΕΣ,998696382,ΕΙΡΗΝΗ ΙΩΑΚΕΙΜ ΚΑΙ ΣΙΑ ΕΕ,7458.0,,1311
9ΔΕΦ46904Ν-ΝΝΝ,2025-05-07,ΑΠΟΦΑΣΗ ΠΡΟΕΔΡΟΥ ΕΓΚΡΙΣΗΣ ΤΟΥ ΠΡΑΚΤΙΚΟΥ ΤΗΣ ΕΠΙΤΡΟΠΗΣ ΑΞΙΟΛΟΓΗΣΗΣ ΤΩΝ ΠΡΟΣΦΟΡΩΝ ΓΙΑ ΤΗΝ ΠΡΟΜΗΘΕΙΑ ΕΝΔΟΦΑΚΩΝ ΓΙΑ ΤΙΣ ΑΝΑΓΚΕΣ ΤΟΥ ΝΟΣΟΚΟΜΕΙΟΥ ΓΙΑ ΤΡΕΙΣ (3) ΜΗΝΕΣ,082525697,ΑΝΑΣΤΑΣΙΟΣ ΜΑΥΡΟΓΕΝΗΣ ΙΑΤΡΟΤΕΧΝΟΛΟΓΙΚΑ ΕΙΔΗ ΑΝΩΝΥΜΗ ΕΤΑΙΡΕΙΑ,15752.2,,1311
9ΨΧΡ46904Ν-3ΕΖ,2025-05-09,ΑΠΟΦΑΣΗ ΠΡΟΕΔΡΟΥ ΕΓΚΡΙΣΗΣ ΤΟΥ ΠΡΑΚΤΙΚΟΥ ΤΗΣ ΕΠΙΤΡΟΠΗΣ ΑΞΙΟΛΟΓΗΣΗΣ ΤΗΣ ΠΡΟΣΦΟΡΑΣ ΓΙΑ ΤΗΝ ΠΡΟΜΗΘΕΙΑ ΝΕΟΥ ΣΥΓΧΡΟΝΟΥ ΜΗΧΑΝΗΜΑΤΟΣ ΑΠΙΝΙΔΩΣΗΣ ΓΙΑ ΤΙΣ ΑΝΑΓΚΕΣ ΤΗΣ ΩΡΛ ΚΛΙΝΙΚΗΣ ΚΑΙ ΑΝΑΘΕΣΗΣ,800834358,CARDIOSCIENCE P C,6076.0,,7131
6ΔΜ646904Ν-8ΥΘ,2025-05-09,"ΑΠΟΦΑΣΗ ΠΡΟΕΔΡΟΥ ΕΓΚΡΙΣΗΣ ΤΟΥ ΠΡΑΚΤΙΚΟΥ ΤΗΣ ΕΠΙΤΡΟΠΗΣ ΑΞΙΟΛΟΓΗΣΗΣ ΤΗΣ ΠΡΟΣΦΟΡΑΣ ΓΙΑ ΤΗΝ ΠΑΡΟΧΗ ΥΠΗΡΕΣΙΩΝ ΣΥΝΤΗΡΗΣΗΣ ΤΟΥ ΑΣΠΡΟΜΑΥΡΟΥ ΦΩΤΟΑΝΤΙΓΡΑΦΙΚΟΥ-ΠΟΛΥΛΕΙΤΟΥΡΓΙΚΟΥ ΜΗΧΑΝΗΜΑΤΟΣ, ΤΟΥ ΚΑΤΑΣΚΕΥΑΣΤΙΚΟΥ ΟΙΚΟΥ RICOH, ΤΟΥ ΤΜΗΜΑΤΟΣ ΓΡΑΜΜΑΤΕΙΑΣ ΤΟΥ ΝΟΣΟΚΟΜΕΙΟΥ ΓΙΑ ΔΥΟ (2) ΕΤΗ ΚΑΙ ΑΝΑΘΕΣΗΣ",094025031,ΑΔΕΛΦΟΙ ΔΟΞΙΑΔΗ ΓΡΑΦΟΤΕΧΝΙΚΗ ΑΝΩΝΥΜΟΣ ΕΤΑΙΡΕΙΑ,4464.0,,0889
ΨΠ9746904Ν-9ΞΘ,2025-05-08,ΑΠΟΦΑΣΗ ΠΡΟΕΔΡΟΥ ΕΓΚΡΙΣΗΣ ΤΟΥ ΠΡΑΚΤΙΚΟΥ ΤΗΣ ΕΠΙΤΡΟΠΗΣ ΑΞΙΟΛΟΓΗΣΗΣ ΤΩΝ ΠΡΟΣΦΟΡΩΝ ΓΙΑ ΤΗΝ ΕΠΙΣΚΕΥΗ ΣΙΦΟΝΙΩΝ ΔΑΠΕΔΟΥ ΚΑΙ ΔΙΚΤΥΟΥ ΑΠΟΧΕΤΕΥΣΗΣ ΚΑΙ ΤΗΝ ΑΝΤΙΚΑΤΑΣΤΑΣΗ ΤΩΝ ΚΕΡΑΜΙΚΩΝ ΠΛΑΚΙΔΙΩΝ ΣΤΑ WC ΤΟΥ ΔΙΟΙΚΗΤΗΡΙΟΥ ΚΑΙ ΑΝΑΘΕΣΗΣ,801220499,Π Π ΚΑΤΑΣΚΕΥΑΣΤΙΚΗ Ο Ε,3596.0,,0863-1413
Ψ6Θ146904Ν-33Ο,2025-04-30,"ΑΠΟΦΑΣΗ ΠΡΟΕΔΡΟΥ ΕΓΚΡΙΣΗΣ ΤΟΥ ΠΡΑΚΤΙΚΟΥ ΤΗΣ ΕΠΙΤΡΟΠΗΣ ΑΞΙΟΛΟΓΗΣΗΣ ΤΩΝ ΠΡΟΣΦΟΡΩΝ ΓΙΑ ΤΗΝ ΜΟΝΩΣΗ ΤΗΣ ΣΤΕΓΗΣ ΤΩΝ ΤΡΑΥΜΑΤΙΟΦΟΡΕΩΝ ΚΑΘΩΣ ΚΑΙ ΓΙΑ ΤΗΝ ΕΠΙΣΚΕΥΗ ΣΤΕΓΗΣ ΣΤΗΝ ΑΠΟΣΤΕΙΡΩΣΗ, ΣΤΗΝ ΕΙΣΟΔΟ ΤΟΥ ΔΙΟΙΚΗΤΗΡΙΟΥ ΚΑΙ ΠΙΣΩ ΑΠΟ ΤΟ ΑΝΑΙΣΘΗΣΙΟΛΟΓΙΚΟ ΤΜΗΜΑ ΚΑΙ ΑΝΑΘΕΣΗΣ",800587240,ΣΤΑΥΡΟΣ ΑΝΑΣΤΑΣΙΟΥ ΚΑΙ ΣΙΑ ΕΤΕΡΟΡΡΥΘΜΗ ΕΤΑΙΡΕΙΑ,11422.88,,0863-1413
9ΣΟΚ46904Ν-ΨΓΓ,2025-05-05,ΑΠΟΦ.ΠΡΟΕΔΡΟΥ ΕΓΚΡΙΣΗΣ ΠΡΑΚΤΙΚΟΥ ΑΝΑΝΕΩΣΗ ΑΔΕΙΑΣ ΧΡΗΣΗΣ ΛΟΓΙΣΜΙΚΟΥ ΤΟΥ ΚΕΝΤΡΙΚΟΥ ΣΥΣΤΗΜ. BACKUP ΤΩΝ ΚΕΝΤΡ. SERVERS.pdf,999481910,ΓΟΥΔΕΒΕΝΟΥ ΚΕΡΚΥΡΑ ΚΑΙ ΣΙΑ ΕΕ,2083.2,,0419
6Ι4Τ46904Ν-ΣΔΗ,2025-04-25,"ΑΠΟΦΑΣΗ ΠΡΟΕΔΡΟΥ ΑΝΑΘΕΣΗΣ ΤΗΣ ΑΝΤΙΚΑΤΑΣΤΑΣΗΣ ΔΥΟ (2) DRIVES ΣΤΟ CD PRINTER EPSON ΤΟΥ ΑΞΟΝΙΚΟΥ, ΑΠΟ ΤΗΝ ΑΠΟΚΛΕΙΣΤΙΚΗ ΑΝΤΙΠΡΟΣΩΠΟ ΕΤΑΙΡΕΙΑ",998860010,ICON DYNAMICS ΙΑΤΡΙΚΑ ΜΗΧΑΝΗΜΑΤΑ ΙΔΙΩΤΙΚΗ ΚΕΦΑΛΑΙΟΥΧΙΚΗ ΕΤΑΙΡΕΙΑ,1091.2,,1439
ΡΙΞ646904Ν-07Σ,2025-04-25,"ΑΠΟΦΑΣΗ ΠΡΟΕΔΡΟΥ ΑΝΑΘΕΣΗΣ ΤΗΣ ΑΛΛΑΓΗΣ ΦΙΛΤΡΟΥ ΑΠΟΣΚΛΗΡΥΝΤΗ ΝΕΡΟΥ TEMAK, ΑΠΟ ΤΗΝ ΑΠΟΚΛΕΙΣΤΙΚΗ ΑΝΤΙΠΡΟΣΩΠΟ ΕΤΑΙΡΕΙΑ",094279934,ΤΕΜΑΚ ΑΝΩΝ ΤΕΧΝ ΕΜΠΟΡ ΒΙΟΜ ΤΟΥΡ  ΚΑΙ  ΝΑΥΤ ΕΤΑΙΡΕΙΑ ΑΕ,222.27,,0889-1439
ΨΗΟ646904Ν-ΘΛΓ,2025-04-23,ΑΠΟΦΑΣΗ ΠΡΟΕΔΡΟΥ ΕΓΚΡΙΣΗΣ ΤΟΥ ΠΡΑΚΤΙΚΟΥ ΤΗΣ ΕΠΙΤΡΟΠΗΣ ΑΞΙΟΛΟΓΗΣΗΣ ΤΗΣ ΠΡΟΣΦΟΡΑΣ ΓΙΑ ΤΗΝ ΠΡΟΜΗΘΕΙΑ ΔΥΟ (2) HOLTER ΠΙΕΣΕΩΣ ΚΑΘΩΣ ΚΑΙ ΣΥΣΤΗΜΑΤΟΣ ΛΕΙΤΟΥΡΓΙΑΣ ΤΟΥ ΛΟΓΙΣΜΙΚΟΥ ΓΙΑ ΤΙΣ ΑΝΑΓΚΕΣ ΤΟΥ ΤΑΚΤΙΚΟΥ ΚΑΡΔΙΟΛΟΓΙΚΟΥ ΙΑΤΡΕΙΟΥ,800834358,CARDIOSCIENCE P C,6820.0,,7131
9ΙΤΞ46904Ν-7ΓΤ,2025-04-24,ΑΠΟΦΑΣΗ ΠΡΟΕΔΡΟΥ ΑΝΑΘΕΣΗΣ ΠΛΗΡΩΣΗΣ ΔΕΞΑΜΕΝΗΣ ΟΞΥΓΟΝΟΥ,094073495,SOL HELLAS AE,28210.0,24111500-0,1614
9ΜΟΒ46904Ν-9Κ2,2025-04-23,ΑΠΟΦΑΣΗ ΠΡΟΕΔΡΟΥ ΕΓΚΡΙΣΗΣ ΠΡΑΚΤΙΚΟΥ ΤΗΣ ΕΠΙΤΡΟΠΗΣ ΑΞΙΟΛΟΓΗΣΗΣ ΤΩΝ ΠΡΟΣΦΟΡΩΝ ΠΑΡΟΧΗΣ ΥΠΗΡΕΣΙΩΝ ΚΑΘΑΡΙΟΤΗΤΑΣ ΓΙΑ ΔΙΑΣΤΗΜΑ ΕΝΟΣ (1) ΜΗΝΑ,801114586,MYSERVICES HUMAN RESOURCES AND SECURITY ΑΝΩΝΥΜΗ ΕΤΑΙΡΕΙΑ ΙΔΙΩΤ ΕΠΙΧ ΠΑΡΟΧΗΣ ΥΠΗΡ ΑΣΦΑΛΕΙΑΣ ΚΑΙ ΛΕΙΤΟΥΡΓΙΚΗΣ ΥΠΟΣΤΗΡΙΞΗΣ,37110.72,,0845
97Ε846904Ν-51Ε,2026-01-28,ΑΠΟΦΑΣΗ ΠΡΟΕΔΡΟΥ ΑΝΑΘΕΣΗΣ ΥΠΗΡΕΣΙΩΝ ΣΥΝΤΗΡΗΣΗΣ ΤΟΥ ΔΙΚΤΥΟΥ ΙΑΤΡΙΚΩΝ ΑΕΡΙΩΝ ΤΟΥ ΝΟΣΟΚΟΜΕΙΟΥ ΓΙΑ ΕΝΑ (1) ΜΗΝΑ ΚΑΙ ΜΕΧΡΙ ΤΗΝ ΥΠΟΓΡΑΦΗ ΤΗΣ ΕΤΗΣΙΑΣ ΣΥΜΒΑΣΗΣ,999796735,Α ΑΠΟΣΤΟΛΟΥ ΚΑΙ Χ ΔΕΓΕΣΤΙΝΟΣ ΟΜΟΡΡΥΘΜΗ ΕΤΑΙΡΕΙΑ,2269.2,,24203010000101
Ρ4ΒΕ46904Ν-ΠΡ2,2026-01-29,ΑΠΟΦΑΣΗ ΠΡΟΕΔΡΟΥ ΕΓΚΡΙΣΗ ΤΟΥ ΠΡΑΚΤΙΚΟΥ ΤΗΣ ΕΠΙΤΡΟΠΗΣ ΑΞΙΟΛΟΓΗΣΗΣ ΤΩΝ ΠΡΟΣΦΟΡΩΝ ΓΙΑ ΤΗΝ ΠΑΡΟΧΗ ΥΠΗΡΕΣΙΩΝ ΑΚΤΙΝΟΦΥΣΙΚΟΥ ΓΙΑ ΤΑ ΑΚΤΙΝΟΛΟΓΙΚΑ ΕΡΓΑΣΤΗΡΙΑ ΤΟΥ ΝΟΣΟΚΟΜΕΙΟΥ ΓΙΑ ΔΙΑΣΤΗΜΑ ΕΝΟΣ (1) ΕΤΟΥΣ,145509374,"ΓΙΑΝΝΟΠΟΥΛΟΥ,,ΑΙΚΑΤΕΡΙΝΗ,ΠΑΝΤΕΛΗΣ",4836.0,,24209890000101
9ΣΟ146904Ν-ΞΕΕ,2026-01-27,ΑΠΟΦΑΣΗ ΠΡΟΕΔΡΟΥ ΑΝΑΘΕΣΗΣ ΓΙΑ ΤΗΝ ΠΡΟΜΗΘΕΙΑ ΠΕΤΡΕΛΑΙΟΥ ΘΕΡΜΑΝΣΗΣ ΓΙΑ ΤΙΣ ΑΝΑΓΚΕΣ ΘΕΡΜΑΝΣΗΣ ΤΟΥ ΝΟΣΟΚΟΜΕΙΟΥ,800606208,ΝΤΑΛΑΕΚ ΜΟΝΟΠΡΟΣΩΠΗ ΙΔΙΩΤΙΚΗ ΚΕΦΑΛΑΙΟΥΧΙΚΗ ΕΤΑΙΡΕΙΑ,3599.86,,24101150000101
ΡΥΝΗ46904Ν-9Ξ3,2026-01-21,ΑΠΟΦΑΣΗ ΠΡΟΕΔΡΟΥ ΕΓΚΡΙΣΗΣ ΤΟΥ ΠΡΑΚΤΙΚΟΥ ΤΗΣ ΕΠΙΤΡΟΠΗΣ ΑΞΙΟΛΟΓΗΣΗΣ ΤΩΝ ΠΡΟΣΦΟΡΩΝ ΠΑΡΟΧΗΣ ΥΠΗΡΕΣΙΩΝ ΚΑΘΑΡΙΟΤΗΤΑΣ ΓΙΑ ΔΙΑΣΤΗΜΑ ΕΝΟΣ (1) ΜΗΝΑ,801114586,MYSERVICES HUMAN RESOURCES AND SECURITY ΑΝΩΝΥΜΗ ΕΤΑΙΡΕΙΑ ΙΔΙΩΤ ΕΠΙΧ ΠΑΡΟΧΗΣ ΥΠΗΡ ΑΣΦΑΛΕΙΑΣ ΚΑΙ ΛΕΙΤΟΥΡΓΙΚΗΣ ΥΠΟΣΤΗΡΙΞΗΣ,37109.48,,24202050000101
908Ζ46904Ν-Φ7Ρ,2026-01-15,ΑΠΟΦΑΣΗ ΠΡΟΕΔΡΟΥ ΑΝΑΘΕΣΗΣ ΤΗΣ ΑΝΤΙΚΑΤΑΣΤΑΣΗΣ ΜΙΑΣ (1) ΑΝΤΛΙΑΣ ΠΕΤΡΕΛΑΙΟΥ ΤΟΥ ΚΑΥΣΤΗΡΑ ΣΤΟ ΛΕΒΗΤΟΣΤΑΣΙΟ ΤΟΥ ΚΤΗΡΙΟΥ Α,099008023,ΑΦΟΙ ΜΑΡΗ ΟΕ,508.4,,24101060000101
ΨΧ3Ω46904Ν-ΧΥΦ,2026-01-15,ΑΠΟΦΑΣΗ ΠΡΟΕΔΡΟΥ ΑΝΑΘΕΣΗΣ ΤΗΣ ΑΝΤΙΚΑΤΑΣΤΑΣΗΣ ΕΝΟΣ (1) ΠΙΝΑΚΑ ΑΝΙΧΝΕΥΣΗΣ ΔΙΑΡΡΟΗΣ ΦΥΣΙΚΟΥ ΑΕΡΙΟΥ ΣΤΟ ΛΕΒΗΤΟΣΤΑΣΙΟ ΤΟΥ ΚΤΗΡΙΟΥ Α,099008023,ΑΦΟΙ ΜΑΡΗ ΟΕ,872.96,,24101060000101
ΡΡΖΦ46904Ν-7ΣΝ,2026-01-15,ΑΠΟΦΑΣΗ ΠΡΟΕΔΡΟΥ ΑΝΑΘΕΣΗΣ ΤΗΣ ΑΝΤΙΚΑΤΑΣΤΑΣΗΣ ΕΝΟΣ (1) ΠΙΝΑΚΑ ΑΝΙΧΝΕΥΣΗΣ ΔΙΑΡΡΟΗΣ ΦΥΣΙΚΟΥ ΑΕΡΙΟΥ ΣΤΟ ΛΕΒΗΤΟΣΤΑΣΙΟ ΤΟΥ ΚΤΗΡΙΟΥ Δ,099008023,ΑΦΟΙ ΜΑΡΗ ΟΕ,872.96,,24101060000101
ΡΓ0846904Ν-ΥΧΨ,2026-01-15,ΑΠΟΦΑΣΗ ΠΡΟΕΔΡΟΥ ΕΓΚΡΙΣΗΣ ΤΟΥ ΠΡΑΚΤΙΚΟΥ ΤΗΣ ΕΠΙΤΡΟΠΗΣ ΑΞΙΟΛΟΓΗΣΗΣ ΤΗΣ ΠΡΟΣΦΟΡΑΣ ΓΙΑ ΤΗΝ «ΠΑΡΟΧΗ ΥΠΗΡΕΣΙΩΝ ΤΕΧΝΙΚΟΥ ΑΣΦΑΛΕΙΑΣ ΠΡΟΣ ΕΝΑΡΜΟΝΙΣΗ ΜΕ ΤΗ ΝΟΜΟΘΕΣΙΑ» ΓΙΑ ΤΙΣ ΑΝΑΓΚΕΣ ΤΟΥ ΝΟΣΟΚΟΜΕΙΟΥ ΓΙΑ ΔΥΟ (2) ΕΤΗ,102233297,"ΚΑΛΟΜΟΙΡΗΣ,,ΜΙΧΑΗΛ,ΧΡΗΣΤΟΣ",20204.06,,24209890000101
ΨΥΜ046904Ν-ΟΡ3,2026-01-08,ΑΠΟΦΑΣΗ ΠΡΟΕΔΡΟΥ ΕΓΚΡΙΣΗΣ ΤΟΥ ΠΡΑΚΤΙΚΟΥ ΤΗΣ ΕΠΙΤΡΟΠΗΣ ΑΞΙΟΛΟΓΗΣΗΣ ΤΗΣ ΠΡΟΣΦΟΡΑΣ ΓΙΑ ΤΗΝ ΠΡΟΜΗΘΕΙΑ ΚΑΙ ΤΟΠΟΘΕΤΗΣΗ ΔΥΟ (2) ΣΥΣΤΗΜΑΤΩΝ ΑΕΡΙΣΜΟΥ ΣΤΑ ΜΙΚΡΟΒΙΟΛΟΓΙΚΑ ΕΡΓΑΣΤΗΡΙΑ,800830648,ΕΡΓΟΔΥΝΑΜΙΚΗ 2030 Ε Ε,3067.76,,24203010000101 - 24101060000101
68ΥΚ46904Ν-ΓΛΒ,2026-01-02,ΑΠΟΦΑΣΗ ΠΡΟΕΔΡΟΥ ΕΓΚΡΙΣΗΣ ΤΟΥ ΠΡΑΚΤΙΚΟΥ ΤΗΣ ΕΠΙΤΡΟΠΗΣ ΑΞΙΟΛΟΓΗΣΗΣ ΤΗΣ ΠΡΟΣΦΟΡΑΣ ΓΙΑ ΤΗΝ ΑΝΤΙΚΑΤΑΣΤΑΣΗ ΜΠΑΤΑΡΙΩΝ ΚΑΙ ΑΝΕΜΙΣΤΗΡΩΝ ΤΟΥ UPS CHLORIDE ΣΤΟ Β’ ΚΤΗΡΙΟ,800830648,ΕΡΓΟΔΥΝΑΜΙΚΗ 2030 Ε Ε,7618.56,,24203040000101 - 24101890000101
ΨΡΑΤ46904Ν-2Ξ1,2025-12-24,"ΑΠΟΦΑΣΗ ΠΡΟΕΔΡΟΥ ΕΓΚΡΙΣΗΣ ΤΟΥ ΠΡΑΚΤΙΚΟΥ ΤΗΣ ΕΠΙΤΡΟΠΗΣ ΑΞΙΟΛΟΓΗΣΗΣ ΤΗΣ ΠΡΟΣΦΟΡΑΣ ΓΙΑ ΤΗΝ ΠΑΡΟΧΗ ΥΠΗΡΕΣΙΩΝ ΣΥΝΤΗΡΗΣΗΣ - ΤΕΧΝΙΚΗΣ ΥΠΟΣΤΗΡΙΞΗΣ ΚΑΙ ΔΥΝΑΤΟΤΗΤΑΣ ΑΥΤΟΜΑΤΗΣ ΑΝΑΝΕΩΣΗΣ ΤΗΣ ΕΚΔΟΣΗΣ ΤΗΣ ORACLE (SOFTWARE UPDATE LICENSE & SUPPORT) ΚΑΙ ΤΩΝ ΑΔΕΙΩΝ ΧΡΗΣΗΣ, ΤΗΣ ΒΑΣΗΣ ΔΕΔΟΜΕΝΩΝ, ΟΠΟΥ ΕΙΝΑΙ ΕΓΚΑΤΕΣΤΗΜΕΝΕΣ ΟΛΕΣ ΟΙ ΕΦΑΡΜΟΓΕΣ ΤΟΥ ΟΛΟΚΛΗΡΩΜΕΝΟΥ ΠΛΗΡΟΦΟΡΙΑΚΟΥ ΣΥΣΤΗΜΑΤΟΣ (ΟΠΣ) «ΑΣΚΛΗΠΙΟΣΤΜ» ΓΙΑ ΕΝΑ (1) ΕΤΟΣ",095403136,COMPUTER SOLUTIONS ΑΝΩΝΥΜΗ ΒΙΟΜΗΧΑΝΙΚΗ ΚΑΙ ΕΜΠΟΡΙΚΗ ΕΤΑΙΡΕΙΑ ΠΛΗΡΟΦΟΡΙΚΗΣ,4500.38,,0426
921Χ46904Ν-9ΗΙ,2025-12-24,ΑΠΟΦΑΣΗ ΠΡΟΕΔΡΟΥ ΑΝΑΘΕΣΗΣ ΤΗΣ ΑΝΤΙΚΑΤΑΣΤΑΣΗΣ ΜΙΑΣ (1) ΜΠΑΤΑΡΙΑΣ ΚΑΤΑΛΛΗΛΗΣ ΓΙΑ ΤΟΝ ΠΙΝΑΚΑ ΑΝΙΧΝΕΥΣΗΣ ΔΙΑΡΡΟΗΣ ΦΥΣΙΚΟΥ ΑΕΡΙΟΥ ΚΑΙ ΔΥΟ (2) ΑΝΙΧΝΕΥΤΩΝ ΦΥΣΙΚΟΥ ΑΕΡΙΟΥ ΣΤΟ ΛΕΒΗΤΟΣΤΑΣΙΟ ΤΟΥ ΚΤΗΡΙΟΥ Γ,099008023,ΑΦΟΙ ΜΑΡΗ ΟΕ,823.36,,1413
97ΣΝ46904Ν-ΜΦΚ,2025-12-24,"ΑΠΟΦΑΣΗ ΠΡΟΕΔΡΟΥ ΑΝΑΘΕΣΗΣ ΤΗΣ ΕΠΙΣΚΕΥΗΣ ΚΑΙ ΤΟΥ ΕΛΕΓΧΟΥ ΣΤΡΩΜΑΤΟΣ ΚΑΤΑΚΛΙΣΗΣ ΜΕ S/N QPS58983-S ΚΑΙ ΜΟΝΑΔΟΣ ΕΛΕΓΧΟΥ ΜΕ S/N QPS148862, ΜΟΝΤΕΛΟ QUATRO PLUS, ΤΟΥ ΚΑΤΑΣΚΕΥΑΣΤΙΚΟΥ ΟΙΚΟΥ TALLEY MEDICAL, ΑΠΟ ΤΗΝ ΑΠΟΚΛΕΙΣΤΙΚΗ ΑΝΤΙΠΡΟΣΩΠΟ ΕΤΑΙΡΕΙΑ",999658897,Δ ΚΟΡΤΕΣΗΣ ΚΑΙ ΣΙΑ ΕΕ,1056.73,,0887-1439
Ψ9ΥΣ46904Ν-ΩΙΑ,2025-12-24,"ΑΠΟΦΑΣΗ ΠΡΟΕΔΡΟΥ ΕΓΚΡΙΣΗΣ ΤΟΥ ΠΡΑΚΤΙΚΟΥ ΤΗΣ ΕΠΙΤΡΟΠΗΣ ΑΞΙΟΛΟΓΗΣΗΣ ΤΗΣ ΠΡΟΣΦΟΡΑΣ ΓΙΑ ΤΗΝ ΕΠΙΣΚΕΥΗ ΤΩΝ ΛΗΨΕΩΝ ΙΑΤΡΙΚΩΝ ΑΕΡΙΩΝ, ΥΠΟΒΙΒΑΣΤΩΝ-ΡΥΘΜΙΣΤΩΝ ΟΞΥΓΟΝΟΥ ΣΤΙΣ Α’ ΚΑΙ Β’ ΠΑΘΟΛΟΓΙΚΕΣ ΚΛΙΝΙΚΕΣ ΤΟΥ ΝΟΣΟΚΟΜΕΙΟΥ",999796735,Α ΑΠΟΣΤΟΛΟΥ ΚΑΙ Χ ΔΕΓΕΣΤΙΝΟΣ ΟΜΟΡΡΥΘΜΗ ΕΤΑΙΡΕΙΑ,4278.0,,0879
ΨΨΝΜ46904Ν-Α5Ξ,2025-12-24,ΑΠΟΦΑΣΗ ΠΡΟΕΔΡΟΥ ΕΓΚΡΙΣΗΣ ΤΟΥ ΠΡΑΚΤΙΚΟΥ ΤΗΣ ΕΠΙΤΡΟΠΗΣ ΑΞΙΟΛΟΓΗΣΗΣ ΤΗΣ ΠΡΟΣΦΟΡΑΣ ΓΙΑ ΤΗΝ ΑΜΕΣΗ ΕΠΙΣΚΕΥΗ ΚΑΙ ΑΝΤΙΚΑΤΑΣΤΑΣΗ ΤΜΗΜΑΤΟΣ ΣΤΕΓΗΣ ΤΗΣ Α’ ΠΑΘΟΛΟΓΙΚΗΣ ΚΛΙΝΙΚΗΣ ΣΤΟ ΚΤΗΡΙΟ Γ’ ΤΟΥ ΝΟΣΟΚΟΜΕΙΟΥ ΛΟΓΩ ΕΙΣΡΟΗΣ ΥΔΑΤΩΝ,800587240,ΣΤΑΥΡΟΣ ΑΝΑΣΤΑΣΙΟΥ ΚΑΙ ΣΙΑ ΕΤΕΡΟΡΡΥΘΜΗ ΕΤΑΙΡΕΙΑ,5927.2,,0863-1413
ΨΔΧ646904Ν-ΦΟΥ,2025-12-24,ΑΠΟΦΑΣΗ ΠΡΟΕΔΡΟΥ ΕΓΚΡΙΣΗΣ ΤΟΥ ΠΡΑΚΤΙΚΟΥ ΤΗΣ ΕΠΙΤΡΟΠΗΣ ΑΞΙΟΛΟΓΗΣΗΣ ΤΩΝ ΠΡΟΣΦΟΡΩΝ ΠΑΡΟΧΗΣ ΥΠΗΡΕΣΙΩΝ ΚΑΘΑΡΙΟΤΗΤΑΣ ΓΙΑ ΔΙΑΣΤΗΜΑ ΕΝΟΣ (1) ΜΗΝΑ,801114586,MYSERVICES HUMAN RESOURCES AND SECURITY ΑΝΩΝΥΜΗ ΕΤΑΙΡΕΙΑ ΙΔΙΩΤ ΕΠΙΧ ΠΑΡΟΧΗΣ ΥΠΗΡ ΑΣΦΑΛΕΙΑΣ ΚΑΙ ΛΕΙΤΟΥΡΓΙΚΗΣ ΥΠΟΣΤΗΡΙΞΗΣ,37109.48,,0845
99Ε346904Ν-Ψ7Ζ,2025-12-17,"ΑΠΟΦΑΣΗ ΠΡΟΕΔΡΟΥ ΑΝΑΘΕΣΗΣ ΤΗΣ ΑΛΛΑΓΗΣ ΤΡΟΧΩΝ ΤΑΥΤΟΧΡΟΝΟΥ ΣΥΣΤΗΜΑΤΟΣ ΠΕΔΗΣΗΣ ΣΕ ΦΟΡΕΙΟ 6005, ΤΟΥ ΚΑΤΑΣΚΕΥΑΣΤΙΚΟΥ ΟΙΚΟΥ PSILIAKOS HOSPITAL EQUIPMENT ΕΠΕ, ΑΠΟ ΤΗΝ ΑΠΟΚΛΕΙΣΤΙΚΗ ΑΝΤΙΠΡΟΣΩΠΟ ΕΤΑΙΡΕΙΑ",999495127,ΛΕΩΝΙΔΑΣ ΨΗΛΙΑΚΟΣ ΚΑΙ ΣΙΑ ΕΤΑΙΡΕΙΑ ΠΕΡΙΟΡΙΣΜΕΝΗΣ ΕΥΘΥΝΗΣ,730.36,,0889-1439
ΨΕΗ646904Ν-ΒΘΖ,2025-12-17,"ΑΠΟΦΑΣΗ ΠΡΟΕΔΡΟΥ ΑΝΑΘΕΣΗΣ ΤΗΣ ΑΝΤΙΚΑΤΑΣΤΑΣΗΣ ΟΠΤΙΚΟΥ ΔΙΑΓΡΑΜΜΑΤΟΣ ΛΙΘΟΤΡΙΦΤΗ LITHO30W HOLMIUM, ΤΟΥ ΚΑΤΑΣΚΕΥΑΣΤΙΚΟΥ ΟΙΚΟΥ QUANTA SYSTEM, ΜΕ S/N LITH00399-0317, ΑΠΟ ΤΗΝ ΑΠΟΚΛΕΙΣΤΙΚΗ ΑΝΤΙΠΡΟΣΩΠΟ ΕΤΑΙΡΕΙΑ",094442268,ΠΡΩΤΟΝ Α Ε ΑΝΤΙΠΡ ΙΑΤΡΙΚΩΝ ΕΠΙΣΤΗΜΟΝΙΚΩΝ ΕΙΔΩΝ  ΜΗΧΑΝΗΜ ΚΑΙ ΣΥΣΤΗΜΑΤΩΝ ΑΣΦΑΛΕΙΑΣ ΙΔΙΩΤ ΕΠΙΧ ΠΑΡΟΧ ΥΠΗΡΕΣΙΩΝ ΑΣΦΑΛΕΙΑΣ,404.24,,1439
9ΠΥΤ46904Ν-16Γ,2025-12-17,ΑΠΟΦΑΣΗ ΠΡΟΕΔΡΟΥ ΑΝΑΘΕΣΗΣ ΤΗΣ ΑΝΤΙΚΑΤΑΣΤΑΣΗΣ ΣΩΛΗΝΑ ΑΝΑΚΥΚΛΟΦΟΡΙΑΣ ΖΕΣΤΟΥ ΝΕΡΟΥ ΛΟΓΩ ΔΙΑΡΡΟΗΣ ΣΤΟ ΛΕΒΗΤΟΣΤΑΣΙΟ ΤΟΥ Β’ ΚΤΗΡΙΟΥ,800830648,ΕΡΓΟΔΥΝΑΜΙΚΗ 2030 Ε Ε,849.4,,1413
6Χ1Ι46904Ν-Λ7Λ,2025-12-17,ΑΠΟΦΑΣΗ ΠΡΟΕΔΡΟΥ ΑΝΑΘΕΣΗΣ ΤΗΣ ΕΠΙΣΚΕΥΗΣ ΤΗΣ ΔΙΑΡΡΟΗΣ ΤΟΥ ΚΛΙΜΑΤΙΣΜΟΥ ΣΤΟ ΕΦΗΜΕΡΕΙΟ ΤΩΝ ΙΑΤΡΩΝ ΤΗΣ Μ.Ε.Θ.Ε.,800830648,ΕΡΓΟΔΥΝΑΜΙΚΗ 2030 Ε Ε,421.6,,1413
6Η4046904Ν-90Γ,2025-12-16,ΑΠΟΦΑΣΗ ΠΡΟΕΔΡΟΥ ΑΝΑΘΕΣΗΣ ΓΙΑ ΤΗΝ ΠΡΟΜΗΘΕΙΑ ΠΕΤΡΕΛΑΙΟΥ  ΘΕΡΜΑΝΣΗΣ,800606208,ΝΤΑΛΑΕΚ ΜΟΝΟΠΡΟΣΩΠΗ ΙΔΙΩΤΙΚΗ ΚΕΦΑΛΑΙΟΥΧΙΚΗ ΕΤΑΙΡΕΙΑ,6490.4,,1611
ΨΓ6Θ46904Ν-ΧΩΨ,2025-12-12,"ΑΠΟΦΑΣΗ ΠΡΟΕΔΡΟΥ ΕΓΚΡΙΣΗΣ ΤΟΥ ΠΡΑΚΤΙΚΟΥ ΤΗΣ ΕΠΙΤΡΟΠΗΣ ΑΞΙΟΛΟΓΗΣΗΣ ΤΗΣ ΠΡΟΣΦΟΡΑΣ ΓΙΑ ΤΗΝ ΠΑΡΟΧΗ ΥΠΗΡΕΣΙΩΝ ΕΦΑΠΑΞ ΕΤΗΣΙΑΣ ΔΙΑΚΡΙΒΩΣΗΣ ΚΑΙ ΕΛΕΓΧΟΥ ΔΕΚΑ ΟΚΤΩ (18) ΑΠΙΝΙΔΩΤΩΝ, ΤΟΥ ΚΑΤΑΣΚΕΥΑΣΤΙΚΟΥ ΟΙΚΟΥ NIHON KOHDEN",091569759,ΑΦΟΙ Α ΣΕΛΙΔΗ ΑΝΩΝΥΜΗ ΕΤΑΙΡΙΑ ΕΠΙΣΤΗΜΟΝΙΚΟΥ ΕΞΟΠΛΙΣΜΟΥ,4910.4,,0419
9ΘΚ346904Ν-1Κ9,2025-12-15,ΑΠΟΦΑΣΗ ΠΡΟΕΔΡΟΥ ΕΓΚΡΙΣΗΣ ΤΟΥ ΠΡΑΚΤΙΚΟΥ ΤΗΣ ΕΠΙΤΡΟΠΗΣ ΑΞΙΟΛΟΓΗΣΗΣ ΤΗΣ ΠΡΟΣΦΟΡΑΣ ΓΙΑ ΤΗΝ ΠΑΡΟΧΗ ΥΠΗΡΕΣΙΩΝ ΠΛΥΣΗΣ ΑΚΑΘΑΡΤΟΥ ΙΜΑΤΙΣΜΟΥ ΓΙΑ ΧΡΟΝΙΚΟ ΔΙΑΣΤΗΜΑ ΔΥΟ (2) ΜΗΝΩΝ Η ΕΩΣ ΕΞΑΝΤΛΗΣΕΩΣ ΤΩΝ ΠΟΣΟΤΗΤΩΝ Η ΕΩΣ ΤΕΛΕΣΦΟΡΗΣΗΣ ΤΩΝ ΔΙΑΔΙΚΑΣΙΩΝ ΤΟΥ ΕΤΗΣΙΟΥ ΔΙΑΓΩΝΙΣΜΟΥ,997672233,ΑΝΔΡΕΑΣ ΠΑΠΑΓΙΑΝΝΗΣ ΚΑΙ ΥΙΟΣ ΑΝΩΝΥΜΟΣ ΕΜΠΟΡΙΚΗ ΚΑΙ ΒΙΟΜΗΧΑΝΙΚΗ ΕΤΑΙΡΕΙΑ ΜΗΧΑΝΙΚΩΝ ΠΛΥΝΤΗΡΙΩΝ ΙΜΑΤΙΣΜΟΥ ΤΑΠΗΤΩΝ ΚΑΙ ΟΜΟΙΩ,36852.87,,0843
ΕΞΜΦ46904Ν-Ο1Υ,2025-12-11,"ΑΠΟΦΑΣΗ ΠΡΟΕΔΡΟΥ ΑΝΑΘΕΣΗΣ ΤΗΣ ΑΠΟΞΗΛΩΣΗΣ, ΑΠΟΜΑΚΡΥΝΣΗΣ ΑΠΟ ΤΟΥΣ ΧΩΡΟΥΣ ΤΟΥ ΝΟΣΟΚΟΜΕΙΟΥ ΚΑΙ ΠΑΡΑΔΟΣΗΣ ΣΤΗΝ ΔΙΑΧΕΙΡΙΣΗ ΥΛΙΚΟΥ ΤΟΥ ΝΟΣΟΚΟΜΕΙΟΥ ΒΕΒΑΙΩΣΗΣ ΑΝΑΚΥΚΛΩΣΗΣ ΤΟΥ ΑΚΤΙΝΟΛΟΓΙΚΟΥ ΣΥΓΚΡΟΤΗΜΑΤΟΣ IOTA ROOM, ΤΟΥ ΚΑΤΑΣΚΕΥΑΣΤΙΚΟΥ ΟΙΚΟΥ GMI, ΜΕ S/N 11IOT26",998860010,ICON DYNAMICS ΙΑΤΡΙΚΑ ΜΗΧΑΝΗΜΑΤΑ ΙΔΙΩΤΙΚΗ ΚΕΦΑΛΑΙΟΥΧΙΚΗ ΕΤΑΙΡΕΙΑ,1860.0,,0899
ΡΞ3Φ46904Ν-36Ο,2025-12-11,ΑΠΟΦΑΣΗ ΠΡΟΕΔΡΟΥ ΑΝΑΘΕΣΗΣ ΥΠΗΡΕΣΙΩΝ ΣΥΝΤΗΡΗΣΗΣ ΤΩΝ ΕΓΚΑΤΑΣΤΑΣΕΩΝ ΦΥΣΙΚΟΥ ΑΕΡΙΟΥ- ΠΕΤΡΕΛΑΙΟΥ ΤΟΥ ΝΟΣΟΚΟΜΕΙΟΥ ΓΙΑ ΤΡΕΙΣ (3) ΜΗΝΕΣ ΚΑΙ ΜΕΧΡΙ ΤΗΝ ΥΠΟΓΡΑΦΗ ΤΗΣ ΕΤΗΣΙΑΣ ΣΥΜΒΑΣΗΣ,099008023,ΑΦΟΙ ΜΑΡΗ ΟΕ,1860.0,,0879
Ρ7ΥΤ46904Ν-8ΓΧ,2025-12-11,ΑΠΟΦΑΣΗ ΠΡΟΕΔΡΟΥ ΕΓΚΡΙΣΗΣ ΤΟΥ ΠΡΑΚΤΙΚΟΥ ΤΗΣ ΕΠΙΤΡΟΠΗΣ ΑΞΙΟΛΟΓΗΣΗΣ ΤΗΣ ΠΡΟΣΦΟΡΑΣ ΓΙΑ ΤΗΝ ΠΑΡΟΧΗ ΥΠΗΡΕΣΙΩΝ ΕΙΔΙΚΟΤΗΤΑΣ ΗΛΕΚΤΡΟΤΕΧΝΙΤΩΝ ΓΙΑ ΤΡΕΙΣ (3) ΜΗΝΕΣ ΕΩΣ ΕΞΑΝΤΛΗΣΕΩΣ ΔΙΑΚΟΣΙΩΝ ΠΕΝΗΝΤΑ (250) ΒΑΡΔΙΩΝ Η ΜΕΧΡΙ ΤΗΝ ΥΠΟΓΡΑΦΗ ΤΗΣ ΕΤΗΣΙΑΣ ΣΥΜΒΑΣΗΣ,998693400,ΠΑΝΑΓΙΩΤΗΣ Κ ΑΝΔΡΟΝΙΚΙΔΗΣ ΚΑΙ ΣΙΑ ΟΕ,30380.0,,0419
6Γ9Δ46904Ν-ΑΩΙ,2025-12-03,"ΑΠΟΦΑΣΗ ΠΡΟΕΔΡΟΥ ΑΝΑΘΕΣΗΣ ΤΗΣ ΕΤΗΣΙΑΣ ΣΥΝΤΗΡΗΣΗΣ-ΕΠΙΣΚΕΥΗΣ ΚΛΙΒΑΝΟΥ ΤΑΧΕΙΑΣ ΑΠΟΣΤΕΙΡΩΣΗΣ STE-23-D PRO, ΤΟΥ ΚΑΤΑΣΚΕΥΑΣΤΙΚΟΥ ΟΙΚΟΥ ICANCLAVE, ΑΠΟ ΤΗΝ ΑΠΟΚΛΕΙΣΤΙΚΗ ΑΝΤΙΠΡΟΣΩΠΟ ΕΤΑΙΡΕΙΑ",801420577,ΜΑΜΑΛΙΓΚΑΣ Γ    ΣΙΑ Ε Ε,533.2,,0887-1439
9ΘΣΟ46904Ν-7ΦΩ,2025-12-03,ΑΠΟΦΑΣΗ ΣΥΜΠΛΗΡΩΤΙΚΗΣ  ΔΕΣΜΕΥΣΗΣ ΠΡΟΜΗΘΕΙΑ ΕΤΟΙΜΩΝ ΓΕΥΜΑΤΩΝ,094180805,ΑΦΟΙ ΚΟΜΠΑΤΣΙΑΡΗ ΑΝΩΝΥΜΗ ΕΤΑΙΡΕΙΑ  ΕΚΜΕΤΑΛΕΥΣΕΩΝ ΕΣΤΙΑΤΟΡΙΑ ΤΟΥΡΙΣΤΙΚΕΣ ΕΠΙΧΕΙΡΗΣΕΙΣ,35000.0,,1511
6ΤΩ646904Ν-ΗΓ7,2025-12-02,ΑΠΟΦΑΣΗ ΠΡΟΕΔΡΟΥ ΕΓΚΡΙΣΗΣ ΤΟΥ ΠΡΑΚΤΙΚΟΥ ΤΗΣ ΕΠΙΤΡΟΠΗΣ ΑΞΙΟΛΟΓΗΣΗΣ ΤΩΝ ΠΡΟΣΦΟΡΩΝ ΓΙΑ ΤΗΝ ΠΡΟΜΗΘΕΙΑ ΕΞΟΠΛΙΣΜΟΥ ΠΛΗΡΟΦΟΡΙΚΗΣ (Η/Υ – ΕΚΤΥΠΩΤΕΣ – ΟΘΟΝΕΣ – ΑΝΤΑΛΛΑΚΤΙΚΑ) ΓΙΑ ΤΗΝ ΚΑΛΥΨΗ ΤΩΝ ΑΝΑΓΚΩΝ ΤΟΥ ΝΟΣΟΚΟΜΕΙΟΥ,997800653,ΑΠΟΓΡΑΦΗ ΑΝΩΝΥΜΟΣ ΕΤΑΙΡΕΙΑ ΥΠΗΡΕΣΙΩΝ ΕΦΟΔΙΑΣΤΙΚΗΣ ΑΛΥΣΙΔΑΣ ΚΑΙ ΕΜΠΟΡΙΑΣ ΣΥΣΤΗΜΑΤΩΝ ΠΛΗΡΟΦΟΡΙΚΗΣ,316.45,,7123
6ΤΩ646904Ν-ΗΓ7,2025-12-02,ΑΠΟΦΑΣΗ ΠΡΟΕΔΡΟΥ ΕΓΚΡΙΣΗΣ ΤΟΥ ΠΡΑΚΤΙΚΟΥ ΤΗΣ ΕΠΙΤΡΟΠΗΣ ΑΞΙΟΛΟΓΗΣΗΣ ΤΩΝ ΠΡΟΣΦΟΡΩΝ ΓΙΑ ΤΗΝ ΠΡΟΜΗΘΕΙΑ ΕΞΟΠΛΙΣΜΟΥ ΠΛΗΡΟΦΟΡΙΚΗΣ (Η/Υ – ΕΚΤΥΠΩΤΕΣ – ΟΘΟΝΕΣ – ΑΝΤΑΛΛΑΚΤΙΚΑ) ΓΙΑ ΤΗΝ ΚΑΛΥΨΗ ΤΩΝ ΑΝΑΓΚΩΝ ΤΟΥ ΝΟΣΟΚΟΜΕΙΟΥ,140072797,"ΛΙΟΥΤΣΙΑΣ,,ΑΡΓΥΡΙΟΣ,ΔΗΜΗΤΡΙΟΣ",5436.16,,7123
6ΤΩ646904Ν-ΗΓ7,2025-12-02,ΑΠΟΦΑΣΗ ΠΡΟΕΔΡΟΥ ΕΓΚΡΙΣΗΣ ΤΟΥ ΠΡΑΚΤΙΚΟΥ ΤΗΣ ΕΠΙΤΡΟΠΗΣ ΑΞΙΟΛΟΓΗΣΗΣ ΤΩΝ ΠΡΟΣΦΟΡΩΝ ΓΙΑ ΤΗΝ ΠΡΟΜΗΘΕΙΑ ΕΞΟΠΛΙΣΜΟΥ ΠΛΗΡΟΦΟΡΙΚΗΣ (Η/Υ – ΕΚΤΥΠΩΤΕΣ – ΟΘΟΝΕΣ – ΑΝΤΑΛΛΑΚΤΙΚΑ) ΓΙΑ ΤΗΝ ΚΑΛΥΨΗ ΤΩΝ ΑΝΑΓΚΩΝ ΤΟΥ ΝΟΣΟΚΟΜΕΙΟΥ,999125269,RETHINK ΑΕΒΕ ΕΡΕΥΝΑΣ ΔΙΑΧΕΙΡΙΣΗΣ ΚΑΙ ΑΞΙΟΠΟΙΗΣΗΣ ΥΓΡΩΝ ΚΑΙ ΣΤΕΡΕΩΝ ΑΠΟΒΛΗΤΩΝ ΕΜΠΟΡΙΑΣ ΕΙΔΩΝ ΠΛΗΡΟΦΟΡΙΚΗΣ ΚΑΙ ΑΝΑΚΑΤΑΣΚΕΥ,1128.4,,7123
90Ν746904Ν-1ΩΝ,2025-11-28,ΑΠΟΦΑΣΗ ΠΡΟΕΔΡΟΥ ΕΓΚΡΙΣΗΣ ΤΟΥ ΠΡΑΚΤΙΚΟΥ ΤΗΣ ΕΠΙΤΡΟΠΗΣ ΑΞΙΟΛΟΓΗΣΗΣ ΤΗΣ ΠΡΟΣΦΟΡΑΣ ΓΙΑ ΤΗΝ ΜΕΤΑΤΡΟΠΗ ΤΟΥ ΧΩΡΟΥ ΤΟΥ ΜΗΧΑΝΟΥΡΓΕΙΟΥ ΣΕ ΧΩΡΟ ΓΡΑΦΕΙΟΥ,801220499,Π Π ΚΑΤΑΣΚΕΥΑΣΤΙΚΗ Ο Ε,3075.2,,0863-1413
92ΦΡ46904Ν-2ΛΦ,2025-11-27,"ΑΠΟΦΑΣΗ ΠΡΟΕΔΡΟΥ ΕΓΚΡΙΣΗΣ ΠΡΑΚΤΙΚΟΥ ΚΑΙ ΑΝΑΘΕΣΗΣ ΓΙΑ ΤΗΝ ΠΡΟΜΗΘΕΙΑ ΛΟΙΠΟΥ ΙΜΑΤΙΣΜΟΥ, ΠΡΑΣΙΝΩΝ ΚΕΛΕΜΠΙΩΝ ΧΕΙΡΟΥΡΓΕΙΟΥ ΚΑΙ ΣΕΤ ΣΤΟΛΩΝ",802553071,ALMA TEXTILE Ο Ε,832.57,18130000-9,1528
92ΦΡ46904Ν-2ΛΦ,2025-11-27,"ΑΠΟΦΑΣΗ ΠΡΟΕΔΡΟΥ ΕΓΚΡΙΣΗΣ ΠΡΑΚΤΙΚΟΥ ΚΑΙ ΑΝΑΘΕΣΗΣ ΓΙΑ ΤΗΝ ΠΡΟΜΗΘΕΙΑ ΛΟΙΠΟΥ ΙΜΑΤΙΣΜΟΥ, ΠΡΑΣΙΝΩΝ ΚΕΛΕΜΠΙΩΝ ΧΕΙΡΟΥΡΓΕΙΟΥ ΚΑΙ ΣΕΤ ΣΤΟΛΩΝ",094098300,ΥΦΑΝΤΟΥΡΓΕΙΑ Α ΚΑΡΥΠΙΔΗΣ ΑΝΩΝΥΜΟΣ ΒΙΟΜΗΧΑΝΙΚΗ ΕΜΠΟΡΙΚΗ ΕΤΑΙΡΙΑ,1575.81,18130000-9,1528
92ΦΡ46904Ν-2ΛΦ,2025-11-27,"ΑΠΟΦΑΣΗ ΠΡΟΕΔΡΟΥ ΕΓΚΡΙΣΗΣ ΠΡΑΚΤΙΚΟΥ ΚΑΙ ΑΝΑΘΕΣΗΣ ΓΙΑ ΤΗΝ ΠΡΟΜΗΘΕΙΑ ΛΟΙΠΟΥ ΙΜΑΤΙΣΜΟΥ, ΠΡΑΣΙΝΩΝ ΚΕΛΕΜΠΙΩΝ ΧΕΙΡΟΥΡΓΕΙΟΥ ΚΑΙ ΣΕΤ ΣΤΟΛΩΝ",094098300,ΥΦΑΝΤΟΥΡΓΕΙΑ Α ΚΑΡΥΠΙΔΗΣ ΑΝΩΝΥΜΟΣ ΒΙΟΜΗΧΑΝΙΚΗ ΕΜΠΟΡΙΚΗ ΕΤΑΙΡΙΑ,793.44,18130000-9,1529
Ψ6ΗΟ46904Ν-Λ5Ν,2025-11-21,"ΑΠΟΦΑΣΗ ΠΡΟΕΔΡΟΥ ΑΝΑΘΕΣΗΣ ΤΗΣ ΕΤΗΣΙΑΣ ΣΥΝΤΗΡΗΣΗΣ-ΕΠΙΣΚΕΥΗΣ ΚΛΙΒΑΝΟΥ ΤΑΧΕΙΑΣ ΑΠΟΣΤΕΙΡΩΣΗΣ STE-23-D PRO, ΤΟΥ ΚΑΤΑΣΚΕΥΑΣΤΙΚΟΥ ΟΙΚΟΥ ICANCLAVE, ΑΠΟ ΤΗΝ ΑΠΟΚΛΕΙΣΤΙΚΗ ΑΝΤΙΠΡΟΣΩΠΟ ΕΤΑΙΡΕΙΑ",801420577,ΜΑΜΑΛΙΓΚΑΣ Γ    ΣΙΑ Ε Ε,533.2,,0887
9Ι2Ο46904Ν-Φ2Λ,2025-11-21,"ΑΠΟΦΑΣΗ ΠΡΟΕΔΡΟΥ ΕΓΚΡΙΣΗΣ ΤΟΥ ΠΡΑΚΤΙΚΟΥ ΤΗΣ ΕΠΙΤΡΟΠΗΣ ΑΞΙΟΛΟΓΗΣΗΣ ΤΗΣ ΠΡΟΣΦΟΡΑΣ ΓΙΑ ΤΗΝ ΠΑΡΟΧΗ ΥΠΗΡΕΣΙΩΝ ΣΥΝΤΗΡΗΣΗΣ-ΕΠΙΣΚΕΥΗΣ ΤΩΝ ΤΕΣΣΑΡΩΝ (4) ΣΤΑΘΕΡΩΝ ΑΝΑΠΝΕΥΣΤΗΡΩΝ ΕΝΤΑΤΙΚΗΣ ΘΕΡΑΠΕΙΑΣ LYRA X2, ΤΟΥ ΚΑΤΑΣΚΕΥΑΣΤΙΚΟΥ ΟΙΚΟΥ AXCENT MEDICAL, ΜΕ ΚΑΛΥΨΗ ΕΡΓΑΣΙΑΣ ΚΑΙ ΟΛΩΝ ΤΩΝ ΑΝΤΑΛΛΑΚΤΙΚΩΝ, ΓΙΑ ΕΝΑ (1) ΕΤΟΣ ΚΑΙ ΑΝΑΘΕΣΗΣ",801938784,MEDITRUST GROUP Α Ε,10416.0,,0887
9Θ3Τ46904Ν-ΦΡΝ,2025-11-20,ΑΠΟΦΑΣΗ ΠΡΟΕΔΡΟΥ ΕΓΚΡΙΣΗΣ ΤΟΥ ΠΡΑΚΤΙΚΟΥ ΤΗΣ ΕΠΙΤΡΟΠΗΣ ΑΞΙΟΛΟΓΗΣΗΣ ΤΗΣ ΠΡΟΣΦΟΡΑΣ ΓΙΑ ΤΗΝ ΠΑΡΟΧΗ ΥΠΗΡΕΣΙΩΝ «ΜΑΓΝΗΤΟΦΩΝΗΣΗΣ – ΑΠΟΜΑΓΝΗΤΟΦΩΝΗΣΗΣ ΤΩΝ ΠΡΑΚΤΙΚΩΝ ΣΥΝΕΔΡΙΑΣΕΩΝ ΤΟΥ Δ.Σ.» ΓΙΑ ΕΝΑ (1) ΕΤΟΣ ΚΑΙ ΑΝΑΘΕΣΗΣ,801444329,REC N PRINT ΜΟΝΟΠΡΟΣΩΠΗ Ι Κ Ε,8680.0,,0419
Ψ9Ξ146904Ν-ΝΩΛ,2025-11-19,ΑΠΟΦΑΣΗ ΠΡΟΕΔΡΟΥ ΑΝΑΘΕΣΗΣ ΤΗΣ ΑΝΤΙΚΑΤΑΣΤΑΣΗΣ ΜΑΡΚΟΥΤΣΙΩΝ ΠΕΤΡΕΛΑΙΟΥ ΚΑΙ ΤΡΙΩΝ (3) ΦΙΛΤΡΩΝ ΠΕΤΡΕΛΑΙΟΥ ΚΑΘΩΣ ΚΑΙ ΓΙΑ ΤΗΝ ΠΡΟΜΗΘΕΙΑ ΧΗΜΙΚΩΝ ΓΙΑ ΤΟΝ ΕΣΩΤΕΡΙΚΟ ΚΑΘΑΡΙΣΜΟ ΣΩΛΗΝΩΝ ΠΕΤΡΕΛΑΙΟΥ ΓΕΝΝΗΤΡΙΑΣ DOOSAN,999438956,Γ ΒΕΝΕΤΗΣ ΚΑΙ ΣΙΑ ΕΕ,967.2,,1413
ΨΓ5446904Ν-ΟΒΦ,2025-11-20,ΑΠΟΦΑΣΗ ΠΡΟΕΔΡΟΥ ΕΓΚΡΙΣΗΣ ΤΟΥ ΠΡΑΚΤΙΚΟΥ ΤΗΣ ΕΠΙΤΡΟΠΗΣ ΑΞΙΟΛΟΓΗΣΗΣ ΤΩΝ ΠΡΟΣΦΟΡΩΝ ΠΑΡΟΧΗΣ ΥΠΗΡΕΣΙΩΝ ΚΑΘΑΡΙΟΤΗΤΑΣ ΓΙΑ ΔΙΑΣΤΗΜΑ ΕΝΟΣ (1) ΜΗΝΑ ΚΑΙ ΑΝΑΘΕΣΗΣ,801114586,MYSERVICES HUMAN RESOURCES AND SECURITY ΑΝΩΝΥΜΗ ΕΤΑΙΡΕΙΑ ΙΔΙΩΤ ΕΠΙΧ ΠΑΡΟΧΗΣ ΥΠΗΡ ΑΣΦΑΛΕΙΑΣ ΚΑΙ ΛΕΙΤΟΥΡΓΙΚΗΣ ΥΠΟΣΤΗΡΙΞΗΣ,37109.48,,0845
9ΥΩΔ46904Ν-ΝΥΨ,2025-11-19,"ΑΠΟΦΑΣΗ ΠΡΟΕΔΡΟΥ ΕΓΚΡΙΣΗΣ ΤΟΥ ΠΡΑΚΤΙΚΟΥ ΤΗΣ ΕΠΙΤΡΟΠΗΣ ΑΞΙΟΛΟΓΗΣΗΣ ΤΩΝ ΠΡΟΣΦΟΡΩΝ ΓΙΑ ΤΗΝ ΠΡΟΜΗΘΕΙΑ ΧΗΜΙΚΩΝ ΑΝΤΙΔΡΑΣΤΗΡΙΩΝ ΤΟΥ ΠΑΘΟΛΟΓΟΑΝΑΤΟΜΙΚΟΥ ΕΡΓΑΣΤΗΡΙΟΥ ΜΕ ΣΥΝΟΔΟ ΕΞΟΠΛΙΣΜΟ (ΙΣΤΟΚΙΝΕΤΑ ΚΛΕΙΣΤΟΥ ΤΥΠΟΥ), ΓΙΑ ΤΙΣ ΑΝΑΓΚΕΣ ΤΟΥ ΝΟΣΟΚΟΜΕΙΟΥ ΓΙΑ ΔΙΑΣΤΗΜΑ ΕΞΙ (6)  ΜΗΝΩΝ",094138676,ΒΙΟΔΥΝΑΜΙΚΗ ΑΝΩΝΥΜΟΣ ΕΜΠΟΡΙΚΗ ΤΕΧΝΙΚΗ ΚΑΙ ΒΙΟΜΗΧΑΝΙΚΗ ΕΤΑΙΡΕΙΑ,20653.25,,1359
Ψ6ΓΗ46904Ν-ΠΓΧ,2025-11-12,"ΑΠΟΦΑΣΗ ΠΡΟΕΔΡΟΥ ΑΝΑΘΕΣΗΣ ΤΗΣ ΕΠΙΣΚΕΥΗΣ ΣΥΣΤΗΜΑΤΟΣ ΑΡΧΕΙΟΘΕΤΗΣΗΣ ΕΠΕΞΕΡΓΑΣΙΑΣ ΙΑΤΡΙΚΩΝ ΕΙΚΟΝΩΝ VISION TOOLS WORKSPACE PACS, ΤΟΥ ΚΑΤΑΣΚΕΥΑΣΤΙΚΟΥ ΟΙΚΟΥ MILLENSYS, ΑΠΟ ΤΗΝ ΑΠΟΚΛΕΙΣΤΙΚΗ ΑΝΤΙΠΡΟΣΩΠΟ ΕΤΑΙΡΕΙΑ",998860010,ICON DYNAMICS ΙΑΤΡΙΚΑ ΜΗΧΑΝΗΜΑΤΑ ΙΔΙΩΤΙΚΗ ΚΕΦΑΛΑΙΟΥΧΙΚΗ ΕΤΑΙΡΕΙΑ,3038.0,,0887
9Ζ4Κ46904Ν-ΠΞΔ,2025-11-12,"ΑΠΟΦΑΣΗ ΠΡΟΕΔΡΟΥ ΑΝΑΘΕΣΗΣ ΤΗΣ ΑΝΤΙΚΑΤΑΣΤΑΣΗΣ ΡΟΤΟΡΑ ΧΕΙΡΟΛΑΒΗΣ ΥΨΗΛΗΣ ΤΑΧΥΤΗΤΑΣ (AIROTOR) ΟΔΟΝΤΙΑΤΡΙΚΗΣ ΕΔΡΑΣ, ΜΟΝΤΕΛΟ MACK LITE XT, ΤΟΥ ΚΑΤΑΣΚΕΥΑΣΤΙΚΟΥ ΟΙΚΟΥ NSK, ΜΕ S/N CJ600100, ΚΑΘΩΣ ΚΑΙ ΤΟΥ ΚΑΘΑΡΙΣΜΟΥ ΚΑΙ ΤΟΥ ΓΕΝΙΚΟΥ ΕΛΕΓΧΟΥ ΚΑΛΗΣ ΛΕΙΤΟΥΡΓΙΑΣ",999913888,EMODENTAL Θ ΔΕΣΥΝΙΩΤΗΣ ΜΟΝΟΠΡΟΣΩΠΗ Ε Π Ε,272.8,,1439
610Β46904Ν-Ζ4Δ,2025-11-12,ΑΠΟΦΑΣΗ ΠΡΟΕΔΡΟΥ ΑΝΑΘΕΣΗΣ ΤΗΣ ΑΝΤΙΚΑΤΑΣΤΑΣΗΣ ΜΙΑΣ (1) ΜΠΑΤΑΡΙΑΣ ΚΑΤΑΛΛΗΛΗΣ ΓΙΑ ΤΟΝ ΠΙΝΑΚΑ ΑΝΙΧΝΕΥΣΗΣ ΔΙΑΡΡΟΗΣ ΦΥΣΙΚΟΥ ΑΕΡΙΟΥ ΚΑΙ ΔΥΟ (2) ΑΝΙΧΝΕΥΤΩΝ ΦΥΣΙΚΟΥ ΑΕΡΙΟΥ ΣΤΟ ΛΕΒΗΤΟΣΤΑΣΙΟ ΤΟΥ ΚΤΗΡΙΟΥ Α,099008023,ΑΦΟΙ ΜΑΡΗ ΟΕ,823.36,,1413
ΨΗΤΩ46904Ν-ΗΝΗ,2025-11-14,ΑΠΟΦΑΣΗ ΠΡΟΕΔΡΟΥ ΑΝΑΘΕΣΗΣ ΠΛΗΡΩΣΗΣ ΔΕΞΑΜΕΝΗΣ ΟΞΥΓΟΝΟΥ (ΤΑΕ).pdf,094073495,SOL HELLAS AE,28210.0,,1614
60ΝΚ46904Ν-9ΤΦ,2025-11-12,ΑΠΟΦΑΣΗ ΠΡΟΕΔΡΟΥ ΑΝΑΘΕΣΗΣ ΓΙΑ ΤΗΝ ΠΡΟΜΗΘΕΙΑ ΠΕΤΡΕΛΑΙΟΥ ΘΕΡΜΑΝΣΗΣ ΓΙΑ ΤΙΣ ΑΝΑΓΚΕΣ ΘΕΡΜΑΝΣΗΣ ΤΟΥ ΝΟΣΟΚΟΜΕΙΟΥ,800606208,ΝΤΑΛΑΕΚ ΜΟΝΟΠΡΟΣΩΠΗ ΙΔΙΩΤΙΚΗ ΚΕΦΑΛΑΙΟΥΧΙΚΗ ΕΤΑΙΡΕΙΑ,1560.0,,1611
6ΞΗ846904Ν-ΡΩΑ,2025-11-12,ΑΠΟΦΑΣΗ ΠΡΟΕΔΡΟΥ ΕΓΚΡΙΣΗΣ ΤΟΥ ΠΡΑΚΤΙΚΟΥ ΤΗΣ ΕΠΙΤΡΟΠΗΣ ΑΞΙΟΛΟΓΗΣΗΣ ΤΩΝ ΠΡΟΣΦΟΡΩΝ ΓΙΑ ΤΗΝ ΠΑΡΟΧΗ ΥΠΗΡΕΣΙΩΝ «ΚΟΠΗΣ ΚΑΙ ΚΛΑΔΕΜΑΤΟΣ ΥΨΗΛΩΝ ΔΕΝΔΡΩΝ ΣΤΟΝ ΠΡΟΑΥΛΙΟ ΧΩΡΟ ΤΟΥ ΝΟΣΟΚΟΜΕΙΟΥ (101 ΔΕΝΔΡΑ)» ΚΑΙ ΑΝΑΘΕΣΗΣ,126939006,"ΜΑΓΟΥ,,ΣΑΠΦΩ,ΑΝΑΣΤΑΣ",29933.6,,0899
ΡΚΩΑ46904Ν-Φ3Υ,2025-11-10,"ΑΠΟΦΑΣΗ ΠΡΟΕΔΡΟΥ ΕΓΚΡΙΣΗΣ ΤΟΥ ΠΡΑΚΤΙΚΟΥ ΤΗΣ ΕΠΙΤΡΟΠΗΣ ΑΞΙΟΛΟΓΗΣΗΣ ΤΗΣ ΠΡΟΣΦΟΡΑΣ ΓΙΑ ΤΗΝ ΠΑΡΟΧΗ ΥΠΗΡΕΣΙΩΝ ΣΥΝΤΗΡΗΣΗΣ ΤΟΥ ΣΥΣΤΗΜΑΤΟΣ ΑΡΧΕΙΟΘΕΤΗΣΗΣ ΚΑΙ ΕΡΓΑΣΙΑΣ ΙΑΤΡΙΚΩΝ ΕΙΚΟΝΩΝ–PACS, ΤΟΥ ΚΑΤΑΣΚΕΥΑΣΤΙΚΟΥ ΟΙΚΟΥ MILLENSYS, ΤΟΥ ΑΚΤΙΝΟΛΟΓΙΚΟΥ ΤΜΗΜΑΤΟΣ, ΓΙΑ ΕΝΑ (1) ΕΤΟΣ",998860010,ICON DYNAMICS ΙΑΤΡΙΚΑ ΜΗΧΑΝΗΜΑΤΑ ΙΔΙΩΤΙΚΗ ΚΕΦΑΛΑΙΟΥΧΙΚΗ ΕΤΑΙΡΕΙΑ,15376.0,,0887
ΡΗΩ446904Ν-Ο3Ρ,2025-11-06,ΑΠΟΦΑΣΗ ΠΡΟΕΔΡΟΥ ΑΝΑΘΕΣΗΣ ΓΙΑ ΤΗΝ ΠΡΟΜΗΘΕΙΑ «ΠΕΤΡΕΛΑΙΟΥ ΚΙΝΗΣΗΣ» ΓΙΑ ΤΗΝ ΠΛΗΡΩΣΗ ΤΩΝ ΔΕΞΑΜΕΝΩΝ  ΠΕΤΡΕΛΑΙΟΥ ΤΩΝ Η/Ζ ΤΟΥ ΝΟΣΟΚΟΜΕΙΟΥ,800606208,ΝΤΑΛΑΕΚ ΜΟΝΟΠΡΟΣΩΠΗ ΙΔΙΩΤΙΚΗ ΚΕΦΑΛΑΙΟΥΧΙΚΗ ΕΤΑΙΡΕΙΑ,2250.0,,1611
9ΕΖΤ46904Ν-ΒΒ9,2025-11-04,ΑΠΟΦΑΣΗ ΠΡΟΕΔΡΟΥ ΕΓΚΡΙΣΗΣ ΠΡΑΚΤΙΚΟΥ ΓΙΑ ΤΗΝ ΠΑΡΟΧΗ  ΣΥΜΒΟΥΛΕΥΤΙΚΩΝ ΥΠΗΡΕΣΙΩΝ ΥΠΟΣΤΗΡΙΞΗΣ ΓΙΑ ΤΗΝ ΑΞΙΟΛΟΓΗΣΗ ΤΩΝ ΔΟΜΩΝ ΤΟΥ Γ.Ν.Α ΕΛΠΙΣ,801719796,SPARK ΣΥΜΒΟΥΛΟΙ ΕΠΙΧΕΙΡΗΣΕΩΝ ΜΟΝΟΠΡΟΣΩΠΗ Ι Κ Ε,14500.0,,0419
Ψ0ΜΑ46904Ν-ΨΩ7,2025-10-30,"ΑΠΟΦΑΣΗ ΠΡΟΕΔΡΟΥ ΑΝΑΘΕΣΗΣ ΤΗΣ ΑΝΤΙΚΑΤΑΣΤΑΣΗΣ ΕΠΤΑΠΟΛΙΚΟΥ ΚΑΛΩΔΙΟΥ ΣΕ HOLTER ΡΥΘΜΟΥ MEDILOG AR, ΤΟΥ ΚΑΤΑΣΚΕΥΑΣΤΙΚΟΥ ΟΙΚΟΥ SCHILLER, ΜΕ S/N 3060.012845, ΑΠΟ ΤΗΝ ΑΠΟΚΛΕΙΣΤΙΚΗ ΑΝΤΙΠΡΟΣΩΠΟ ΕΤΑΙΡΕΙΑ",095029193,ΠΑΠΑΠΟΣΤΟΛΟΥ Ν ΑΝΩΝΥΜΗ ΕΤΑΙΡΕΙΑ  ΕΤΑΙΡΕΙΑ ΕΜΠΟΡΙΑΣ ΚΑΙ ΑΝΤΙΠΡΟΣΩΠΕΙΩΝ ΙΑΤΡΙΚΩΝ ΕΡΓΑΛΕΙΩΝ ΚΑΙ ΜΗΧΑΝΗΜΑΤΩΝ,488.56,,0887-1439
90ΝΜ46904Ν-ΚΨΦ,2025-10-30,"ΑΠΟΦΑΣΗ ΠΡΟΕΔΡΟΥ ΑΝΑΘΕΣΗΣ ΤΗΣ ΕΠΙΣΚΕΥΗΣ ΔΥΟ (2) ΗΛΕΚΤΡΟΚΙΝΗΤΩΝ ΚΛΙΝΩΝ 3303, ΤΟΥ ΚΑΤΑΣΚΕΥΑΣΤΙΚΟΥ ΟΙΚΟΥ PSILIAKOS HOSPITAL EQUIPMENT ΕΠΕ, ΜΕ S/N 3468-01-003 ΚΑΙ 0010, ΑΠΟ ΤΗΝ ΑΠΟΚΛΕΙΣΤΙΚΗ ΑΝΤΙΠΡΟΣΩΠΟ ΕΤΑΙΡΕΙΑ",999495127,ΛΕΩΝΙΔΑΣ ΨΗΛΙΑΚΟΣ ΚΑΙ ΣΙΑ ΕΤΑΙΡΕΙΑ ΠΕΡΙΟΡΙΣΜΕΝΗΣ ΕΥΘΥΝΗΣ,581.56,,0889-1439
ΨΓ0446904Ν-ΛΣΧ,2025-10-21,"ΑΠΠΟΦΑΣΗ ΠΡΟΕΔΡΟΥ ΑΝΑΘΕΣΗΣ ΓΙΑ ΤΗΝ ΠΑΡΟΧΗ  ΕΞΕΙΔΙΚΕΥΜΕΝΩΝ  ΥΠΗΡΕΣΙΩΝ ΤΕΧΝΙΚΟΥΣΥΜΒΟΥΛΟΥ ΓΙΑ ΒΤΗΝ ΣΥΝΤΑΞΗ ΣΧΕΤΙΚΟΥ ΦΑΚΕΛΟΥ ΓΙΑ ΤΗΝ ΧΡΗΜΑΤΟΔΟΤΞΗΣΗ ΠΡΟΜΗΘΕΙΑΣ ΕΞΟΠΛΙΣΜΟΥ ΑΠΟ ΤΟ ΠΡΟΓΡΑΜΜΑ ""ΑΤΤΙΚΗ 2021-2027""",801554101,MENTORING INNOVATION DEVELOPMENT AND ADVISORY SERVICES ΜΟΝΟΠΡΟΣΩΠΗ Ι Κ Ε,1500.0,,0419
ΨΕΝΗ46904Ν-ΠΞΚ,2025-10-21,ΑΠΟΦΑΣΗ ΠΡΟΕΔΡΟΥ ΕΓΚΡΙΣΗΣ ΤΟΥ ΠΡΑΚΤΙΚΟΥ ΤΗΣ ΕΠΙΤΡΟΠΗΣ ΑΞΙΟΛΟΓΗΣΗΣ ΤΩΝ ΠΡΟΣΦΟΡΩΝ ΠΑΡΟΧΗΣ ΥΠΗΡΕΣΙΩΝ ΚΑΘΑΡΙΟΤΗΤΑΣ ΓΙΑ ΔΙΑΣΤΗΜΑ ΕΝΟΣ (1) ΜΗΝΑ,801114586,MYSERVICES HUMAN RESOURCES AND SECURITY ΑΝΩΝΥΜΗ ΕΤΑΙΡΕΙΑ ΙΔΙΩΤ ΕΠΙΧ ΠΑΡΟΧΗΣ ΥΠΗΡ ΑΣΦΑΛΕΙΑΣ ΚΑΙ ΛΕΙΤΟΥΡΓΙΚΗΣ ΥΠΟΣΤΗΡΙΞΗΣ,29927.0,,0845
ΨΩΕ546904Ν-ΧΩΘ,2025-10-15,"ΑΠΟΦΑΣΗ ΠΡΟΕΔΡΟΥ ΑΝΑΘΕΣΗΣ ΤΗΣ ΕΠΙΣΚΕΥΗΣ ΤΡΙΩΝ (3) ΦΟΡΕΙΩΝ 6005, ΤΟΥ ΚΑΤΑΣΚΕΥΑΣΤΙΚΟΥ ΟΙΚΟΥ PSILIAKOS HOSPITAL EQUIPMENT ΕΠΕ, ΜΕ S/N 6003-3923-01-002, ΑΠΟ ΤΗΝ ΑΠΟΚΛΕΙΣΤΙΚΗ ΑΝΤΙΠΡΟΣΩΠΟ ΕΤΑΙΡΕΙΑ",999495127,ΛΕΩΝΙΔΑΣ ΨΗΛΙΑΚΟΣ ΚΑΙ ΣΙΑ ΕΤΑΙΡΕΙΑ ΠΕΡΙΟΡΙΣΜΕΝΗΣ ΕΥΘΥΝΗΣ,754.91,,0889-1899
ΨΣΙΙ46904Ν-ΦΔΣ,2025-10-15,"ΑΠΟΦΑΣΗ ΠΡΟΕΔΡΟΥ ΑΝΑΘΕΣΗ ΤΗΣ ΕΠΙΣΚΕΥΗΣ ΠΛΥΝΤΗΡΙΟΥ ΣΚΩΡΑΜΙΔΩΝ BP 100, ΤΟΥ ΚΑΤΑΣΚΕΥΑΣΤΙΚΟΥ ΟΙΚΟΥ STEELCO, ΜΕ S/N 1303093 ΣΤΗΝ ΑΠΟΚΛΕΙΣΤΙΚΗ ΑΝΤΙΠΡΟΣΩΠΟ ΕΤΑΙΡΕΙΑ",999961120,MEDIC PLAN HEALTH PROJECT ΑΝΩΝΥΜΗ ΕΤΑΙΡΙΑ,354.64,,0889-1899
ΨΘΦ346904Ν-Ν4Υ,2025-10-15,ΑΠΟΦΑΣΗ ΠΡΟΕΔΡΟΥ ΑΝΑΘΕΣΗΣ ΓΙΑ ΤΙΣ ΥΔΡΑΥΛΙΚΕΣ ΕΡΓΑΣΙΕΣ ΑΠΟΚΑΤΑΣΤΑΣΗΣ ΤΗΣ ΑΦΑΝΟΥΣ ΔΙΑΡΡΟΗΣ ΣΤΟΝ ΑΠΟΘΗΚΕΥΤΙΚΟ ΧΩΡΟ ΤΟΥ ΠΑΘΟΛΟΓΟΑΝΑΤΟΜΙΚΟΥ ΕΡΓΑΣΤΗΡΙΟΥ,801220499,Π Π ΚΑΤΑΣΚΕΥΑΣΤΙΚΗ Ο Ε,1984.0,,0863-1413
68ΡΖ46904Ν-Ο23,2025-10-15,ΑΠΟΦΑΣΗ ΠΡΟΕΔΡΟΥ ΕΓΚΡΙΣΗΣ ΤΟΥ ΠΡΑΚΤΙΚΟΥ ΤΗΣ ΕΠΙΤΡΟΠΗΣ ΑΞΙΟΛΟΓΗΣΗΣ ΤΗΣ ΠΡΟΣΦΟΡΑΣ ΓΙΑ ΤΗΝ ΕΠΙΣΚΕΥΗ ΤΩΝ ΔΥΟ (2) ΞΗΡΑΝΤΩΝ ΤΟΥ ΚΕΝΤΡΟΥ ΠΑΡΟΧΗΣ ΙΑΤΡΙΚΟΥ ΠΕΠΙΕΣΜΕΝΟΥ ΑΕΡΑ ΤΟΥ ΝΟΣΟΚΟΜΕΙΟΥ ΚΑΙ ΑΝΑΘΕΣΗΣ,999796735,Α ΑΠΟΣΤΟΛΟΥ ΚΑΙ Χ ΔΕΓΕΣΤΙΝΟΣ ΟΜΟΡΡΥΘΜΗ ΕΤΑΙΡΕΙΑ,5518.0,,0879
ΨΜΝΞ46904Ν-Ω91,2025-10-08,ΑΠΟΦΑΣΗ ΠΡΟΕΔΡΟΥ ΕΓΚΡΙΣΗΣ ΤΟΥ ΠΡΑΚΤΙΚΟΥ ΤΗΣ ΕΠΙΤΡΟΠΗΣ ΑΞΙΟΛΟΓΗΣΗΣ ΤΗΣ ΠΡΟΣΦΟΡΑΣ ΓΙΑ ΤΗΝ ΑΝΤΙΚΑΤΑΣΤΑΣΗ ΤΗΣ ΜΠΑΡΑΣ ΤΗΣ ΚΕΝΤΡΙΚΗΣ ΠΥΛΗΣ ΤΟΥ ΝΟΣΟΚΟΜΕΙΟΥ ΚΑΙ ΑΝΑΘΕΣΗΣ,801451124,ΜΠΙ ΤΖΙ ΑΙ ΓΙΟΥΡΟΠ A E,2610.2,,0899-1899
Ψ3ΦΗ46904Ν-ΛΜ5,2025-10-07,ΑΠΟΦΑΣΗ ΠΡΟΕΔΡΟΥ ΕΓΚΡΙΣΗΣ ΤΟΥ ΠΡΑΚΤΙΚΟΥ ΤΗΣ ΕΠΙΤΡΟΠΗΣ ΑΞΙΟΛΟΓΗΣΗΣ ΤΩΝ ΠΡΟΣΦΟΡΩΝ ΓΙΑ ΤΗΝ ΠΡΟΜΗΘΕΙΑ ΧΗΜΙΚΩΝ ΥΛΙΚΩΝ ΓΙΑ ΤΟ ΠΑΘΟΛΟΓΟΑΝΑΤΟΜΙΚΟ ΤΜΗΜΑ ΚΑΙ ΑΝΑΘΕΣΗΣ,095341314,ΔΙΑΓΝΩΣΤΙΚΑ ΧΗΜΙΚΗ ΟΡΓΑΝΟΛΟΓΙΑ ΑΝΩΝΥΜΗ ΕΤΑΙΡΙΑ,1956.72,,1359
Ψ3ΦΗ46904Ν-ΛΜ5,2025-10-07,ΑΠΟΦΑΣΗ ΠΡΟΕΔΡΟΥ ΕΓΚΡΙΣΗΣ ΤΟΥ ΠΡΑΚΤΙΚΟΥ ΤΗΣ ΕΠΙΤΡΟΠΗΣ ΑΞΙΟΛΟΓΗΣΗΣ ΤΩΝ ΠΡΟΣΦΟΡΩΝ ΓΙΑ ΤΗΝ ΠΡΟΜΗΘΕΙΑ ΧΗΜΙΚΩΝ ΥΛΙΚΩΝ ΓΙΑ ΤΟ ΠΑΘΟΛΟΓΟΑΝΑΤΟΜΙΚΟ ΤΜΗΜΑ ΚΑΙ ΑΝΑΘΕΣΗΣ,099518023,Α ΔΕΡΒΟΣ Γ ΔΗΜΗΤΡΑΚΟΠΟΥΛΟΣ ΚΑΙ ΣΙΑ ΑΝΩΝΥΜΗ ΕΤΑΙΡΙΑ ΕΙΣΑΓΩΓΗΣ ΚΑΙ ΕΜΠΟΡΙΑΣ ΕΠΙΣΤΗΜΟΝΙΚΩΝ ΟΡΓΑΝΩΝ ΚΑΙ ΦΑΡΜΑΚΕΥΤΙΚΩΝ ΠΡΟΙΟΝ,2762.72,,1359
Ψ3ΦΗ46904Ν-ΛΜ5,2025-10-07,ΑΠΟΦΑΣΗ ΠΡΟΕΔΡΟΥ ΕΓΚΡΙΣΗΣ ΤΟΥ ΠΡΑΚΤΙΚΟΥ ΤΗΣ ΕΠΙΤΡΟΠΗΣ ΑΞΙΟΛΟΓΗΣΗΣ ΤΩΝ ΠΡΟΣΦΟΡΩΝ ΓΙΑ ΤΗΝ ΠΡΟΜΗΘΕΙΑ ΧΗΜΙΚΩΝ ΥΛΙΚΩΝ ΓΙΑ ΤΟ ΠΑΘΟΛΟΓΟΑΝΑΤΟΜΙΚΟ ΤΜΗΜΑ ΚΑΙ ΑΝΑΘΕΣΗΣ,094289349,ΒΥΖΑΣ ΑΝΩΝΥΜΟΣ ΕΜΠΟΡΙΚΗ ΕΤΑΙΡΕΙΑ ΧΗΜΙΚΩΝ ΠΡΟΙΟΝΤΩΝ ΙΑΤΡΙΚΩΝ ΕΙΔΩΝ ΚΑΙ ΝΟΣΟΚΟΜΕΙΑΚΟΥ ΕΞΟΠΛΙΣΜΟΥ,6448.0,,1359
Ψ3ΦΗ46904Ν-ΛΜ5,2025-10-07,ΑΠΟΦΑΣΗ ΠΡΟΕΔΡΟΥ ΕΓΚΡΙΣΗΣ ΤΟΥ ΠΡΑΚΤΙΚΟΥ ΤΗΣ ΕΠΙΤΡΟΠΗΣ ΑΞΙΟΛΟΓΗΣΗΣ ΤΩΝ ΠΡΟΣΦΟΡΩΝ ΓΙΑ ΤΗΝ ΠΡΟΜΗΘΕΙΑ ΧΗΜΙΚΩΝ ΥΛΙΚΩΝ ΓΙΑ ΤΟ ΠΑΘΟΛΟΓΟΑΝΑΤΟΜΙΚΟ ΤΜΗΜΑ ΚΑΙ ΑΝΑΘΕΣΗΣ,094138676,ΒΙΟΔΥΝΑΜΙΚΗ ΑΝΩΝΥΜΟΣ ΕΜΠΟΡΙΚΗ ΤΕΧΝΙΚΗ ΚΑΙ ΒΙΟΜΗΧΑΝΙΚΗ ΕΤΑΙΡΕΙΑ,1653.6,,1359
95Ν546904Ν-Υ06,2025-10-03,"ΑΠΟΦΑΣΗ ΠΡΟΕΔΡΟΥ ΕΓΚΡΙΣΗΣ ΤΟΥ ΠΡΑΚΤΙΚΟΥ ΤΗΣ ΕΠΙΤΡΟΠΗΣ ΑΞΙΟΛΟΓΗΣΗΣ ΤΗΣ ΠΡΟΣΦΟΡΑΣ ΓΙΑ ΤΗΝ ΠΑΡΟΧΗ ΥΠΗΡΕΣΙΩΝ ΓΙΑ ΤΗΝ ΥΛΟΠΟΙΗΣΗ ΤΟΥ ΕΡΓΟΥ «ΕΝΑΡΜΟΝΙΣΗ ΤΟΥ Γ.Ν.Α. «Η ΕΛΠΙΣ» ΜΕ ΤΟ Ν.5160/27-11-2024 (ΦΕΚ 195) ΓΙΑ ΤΗΝ ΕΝΣΩΜΑΤΩΣΗ ΤΗΣ ΟΔΗΓΙΑΣ (ΕΕ) 2022/2555 ΤΟΥ ΕΥΡΩΠΑΪΚΟΥ ΚΟΙΝΟΒΟΥΛΙΟΥ ΚΑΙ ΤΟΥ ΣΥΜΒΟΥΛΙΟΥ ΤΗΣ 14ΗΣ ΔΕΚΕΜΒΡΙΟΥ 2022, ΣΧΕΤΙΚΑ ΜΕ ΜΕΤΡΑ ΓΙΑ ΥΨΗΛΟ ΚΟΙΝΟ ΕΠΙΠΕΔΟ ΚΥΒΕΡΝΟΑΣΦΑΛΕΙΑΣ ΣΕ ΟΛΟΚΛΗΡΗ ΤΗΝ ΈΝΩΣΗ (ΟΔΗΓΙΑ NIS2 – ΚΥΒΕΡΝΟΑΣΦΑΛΕΙΑ)» ΚΑΙ ΑΝΑΘΕΣΗΣ",999481910,ΓΟΥΔΕΒΕΝΟΥ ΚΕΡΚΥΡΑ ΚΑΙ ΣΙΑ ΕΕ,13559.4,,0419
9ΝΝ146904Ν-ΝΘΥ,2025-10-02,ΑΠΟΦΑΣΗ ΠΡΟΕΔΡΟΥ ΕΓΚΡΙΣΗΣ ΤΟΥ ΠΡΑΚΤΙΚΟΥ ΤΗΣ ΕΠΙΤΡΟΠΗΣ ΑΞΙΟΛΟΓΗΣΗΣ ΤΩΝ ΠΡΟΣΦΟΡΩΝ ΓΙΑ ΤΗΝ ΠΡΟΜΗΘΕΙΑ ΕΝΔΟΦΑΚΩΝ» ΓΙΑ ΤΙΣ ΑΝΑΓΚΕΣ ΤΟΥ ΝΟΣΟΚΟΜΕΙΟΥ ΓΙΑ ΤΡΕΙΣ (3) ΜΗΝΕΣ ΚΑΙ ΑΝΑΘΕΣΗΣ,998696382,ΕΙΡΗΝΗ ΙΩΑΚΕΙΜ ΚΑΙ ΣΙΑ ΕΕ,7458.0,,1311
Ψ1ΗΥ46904Ν-ΠΙΜ,2025-10-01,"ΑΠΟΦΑΣΗ ΠΡΟΕΔΡΟΥ ΑΝΑΘΕΣΗΣ ΤΗΣ ΕΠΙΣΚΕΥΗΣ ΚΡΥΟΣΤΑΤΗ NX50 CRYOSTAR HOVP, ΤΟΥ ΚΑΤΑΣΚΕΥΑΣΤΙΚΟΥ ΟΙΚΟΥ EPREDIA, ΤΟΥ ΠΑΘΟΛΟΓΟΑΝΑΤΟΜΙΚΟΥ ΤΜΗΜΑΤΟΣ ΣΤΗΝ ΕΞΟΥΣΙΟΔΟΤΗΜΕΝΗ ΕΤΑΙΡΕΙΑ",099518023,Α ΔΕΡΒΟΣ Γ ΔΗΜΗΤΡΑΚΟΠΟΥΛΟΣ ΚΑΙ ΣΙΑ ΑΝΩΝΥΜΗ ΕΤΑΙΡΙΑ ΕΙΣΑΓΩΓΗΣ ΚΑΙ ΕΜΠΟΡΙΑΣ ΕΠΙΣΤΗΜΟΝΙΚΩΝ ΟΡΓΑΝΩΝ ΚΑΙ ΦΑΡΜΑΚΕΥΤΙΚΩΝ ΠΡΟΙΟΝ,4005.2,,0887-1439
9Κ4446904Ν-23Γ,2025-09-26,"ΑΠΟΦΑΣΗ ΠΡΟΕΔΡΟΥ ΑΝΑΘΕΣΗΣ ΥΠΗΡΕΣΙΩΝ ΣΥΝΤΗΡΗΣΗΣ – ΕΠΙΣΚΕΥΗΣ ΥΠΟΣΤΑΘΜΟΥ ΜΕΣΗΣ ΤΑΣΗΣ, ΤΩΝ ΠΕΔΙΩΝ ΧΑΜΗΛΗΣ ΤΑΣΗΣ, ΤΩΝ ΤΡΙΩΝ (3) Η/Ζ ΚΑΙ ΤΟΥ ΣΥΝΟΛΟΥ ΤΩΝ ΗΛΕΚΤΡΙΚΩΝ ΠΙΝΑΚΩΝ ΤΟΥ ΝΟΣΟΚΟΜΕΙΟΥ ΓΙΑ ΤΡΕΙΣ (3) ΜΗΝΕΣ.",999438956,Γ ΒΕΝΕΤΗΣ ΚΑΙ ΣΙΑ ΕΕ,2170.0,,0879
9Χ5Ψ46904Ν-ΩΥΧ,2025-09-30,ΑΠΟΦΑΣΗ ΠΡΟΕΔΡΙΥ ΕΓΚΡΙΣΗΣ ΠΡΑΚΤΙΚΟΥ ΚΑΙ ΑΝΑΘΕΣΗΣ ΥΠΗΡΕΣΙΩΝ ΠΡΟΕΤΟΙΜΑΣΙΑΣ ΤΟΥ ΝΟΣΟΚΟΜΕΙΟΥ ΓΙΑ ΤΗΝ ΕΦΑΡΜΟΓΗ ΤΟΥ ΝΕΟΥ ΛΟΓΙΣΤΙΚΟΥ ΠΛΑΙΣΙΟΥ ΤΗΣ ΓΕΝΙΚΗΣ ΚΥΒΕΡΝΗΣΗΣ,099939689,Ν Ν Τ  ΧΡΗΜΑΤΟΟΙΚΟΝΟΜΙΚΕΣ ΚΑΙ ΛΟΓΙΣΤΙΚΕΣ ΥΠΗΡΕΣΙΕΣ ΑΝΩΝΥΜΗ ΕΤΑΙΡΕΙΑ,29800.0,,0429
ΡΟΚΡ46904Ν-ΟΘ2,2025-09-24,"ΑΠΟΦΑΣΗ ΠΡΟΕΔΡΟΥ ΑΝΑΘΕΣΗ ΤΟΥ ΚΑΘΑΡΙΣΜΟΥ, ΤΗΣ ΕΠΑΝΕΓΚΑΤΑΣΤΑΣΗΣ ΛΟΓΙΣΜΙΚΟΥ, ΤΗΣ ΕΠΙΣΚΕΥΗΣ ΠΡΟΣΤΑΤΕΥΤΙΚΟΥ ΚΑΓΚΕΛΟΥ, ΤΗΣ ΛΙΠΑΝΣΗΣ, ΤΩΝ ΡΥΘΜΙΣΕΩΝ ΚΑΙ ΤΟΥ ΕΛΕΓΧΟΥ ΚΑΛΗΣ ΛΕΙΤΟΥΡΓΙΑΣ ΣΕ ΗΛΕΚΤΡΟΚΙΝΗΤΗ ΚΛΙΝΗ ΝΟΣΗΛΕΙΑΣ 6001-2 LUX, ΤΟΥ ΚΑΤΑΣΚΕΥΑΣΤΙΚΟΥ ΟΙΚΟΥ ΚΕΠΑ Α.Β.Ε.Ε., ΜΕ S/N 60012L00312111 ΣΤΗΝ ΑΠΟΚΛΕΙΣΤΙΚΗ ΑΝΤΙΠΡΟΣΩΠΟ ΕΤΑΙΡΕΙΑ",092930963,ΚΕΠΑ ΑΝΩΝΥΜΗ ΒΙΟΤΕΧΝΙΚΗ ΕΜΠΟΡΙΚΗ ΕΤΑΙΡΕΙΑ,409.2,,0889-1439
ΨΚ0546904Ν-71Ζ,2025-09-24,"ΑΠΟΦΑΣΗ ΠΡΟΕΔΡΟΥ ΑΝΑΘΕΣΗΣ ΤΗΣ ΑΝΤΙΚΑΤΑΣΤΑΣΗΣ ΕΠΤΑΠΟΛΙΚΟΥ ΚΑΛΩΔΙΟΥ, ΤΟΥ ΚΑΘΑΡΙΣΜΟΥ ΚΑΙ ΤΟΥ ΓΕΝΙΚΟΥ ΕΛΕΓΧΟΥ ΚΑΛΗΣ ΛΕΙΤΟΥΡΓΙΑΣ ΣΕ HOLTER ΡΥΘΜΟΥ MEDILOG AR, ΤΟΥ ΚΑΤΑΣΚΕΥΑΣΤΙΚΟΥ ΟΙΚΟΥ SCHILLER, ΜΕ S/N 3060.013694 ΣΤΗΝ ΑΠΟΚΛΕΙΣΤΙΚΗ ΑΝΤΙΠΡΟΣΩΠΟ ΕΤΑΙΡΕΙΑ",095029193,ΠΑΠΑΠΟΣΤΟΛΟΥ Ν ΑΝΩΝΥΜΗ ΕΤΑΙΡΕΙΑ  ΕΤΑΙΡΕΙΑ ΕΜΠΟΡΙΑΣ ΚΑΙ ΑΝΤΙΠΡΟΣΩΠΕΙΩΝ ΙΑΤΡΙΚΩΝ ΕΡΓΑΛΕΙΩΝ ΚΑΙ ΜΗΧΑΝΗΜΑΤΩΝ,488.56,,0887-1439
Ψ27Χ46904Ν-Σ7Δ,2025-09-17,ΑΠΟΦΑΣΗ ΠΡΟΕΔΡΟΥ ΕΓΚΡΙΣΗΣ ΠΡΑΚΤΙΚΟΥ ΚΑΙ ΑΝΑΘΕΣΗΣ ΠΑΡΟΧΗΣ ΥΠΗΡΕΣΙΩΝ ΚΑΘΑΡΙΣΜΟΥ ΔΕΞΑΜΕΝΗΣ DOOSAN,802197686,BSM TECH ΜΟΝΟΠΡΟΣΩΠΗ Ι Κ Ε,11450.0,,0879-1899
ΨΝΘ846904Ν-Ε5Ν,2025-09-19,ΑΠΟΦΑΣΗ ΠΡΟΕΔΡΟΥ ΕΓΚΡΙΣΗΣ ΤΟΥ ΠΡΑΚΤΙΚΟΥ ΤΗΣ ΕΠΙΤΡΟΠΗΣ ΑΞΙΟΛΟΓΗΣΗΣ ΤΩΝ ΠΡΟΣΦΟΡΩΝ ΠΑΡΟΧΗΣ ΥΠΗΡΕΣΙΩΝ ΚΑΘΑΡΙΟΤΗΤΑΣ ΓΙΑ ΔΙΑΣΤΗΜΑ ΕΝΟΣ (1) ΜΗΝΑ ΚΑΙ ΑΝΑΘΕΣΗΣ,801114586,MYSERVICES HUMAN RESOURCES AND SECURITY ΑΝΩΝΥΜΗ ΕΤΑΙΡΕΙΑ ΙΔΙΩΤ ΕΠΙΧ ΠΑΡΟΧΗΣ ΥΠΗΡ ΑΣΦΑΛΕΙΑΣ ΚΑΙ ΛΕΙΤΟΥΡΓΙΚΗΣ ΥΠΟΣΤΗΡΙΞΗΣ,37109.48,,0845
Ψ4Ι346904Ν-9ΒΠ,2025-09-17,ΑΠΟΦΑΣΗ ΠΡΟΕΔΡΟΥ ΑΝΑΘΕΣΗΣ ΠΡΟΜΗΘΕΙΑΣ,095551919,ΚΟΚΟΤΑΣ ΚΛΙΜΑΤΙΣΜΟΣ ΑΕ,757.01,,0899
Ψ4Ι346904Ν-9ΒΠ,2025-09-17,ΑΠΟΦΑΣΗ ΠΡΟΕΔΡΟΥ ΑΝΑΘΕΣΗΣ ΠΡΟΜΗΘΕΙΑΣ,095551919,ΚΟΚΟΤΑΣ ΚΛΙΜΑΤΙΣΜΟΣ ΑΕ,650.0,,1899
ΨΙΦΜ46904Ν-ΙΒ7,2025-09-17,"ΑΠΟΦΑΣΗ ΠΡΟΕΔΡΟΥ ΕΓΚΡΙΣΗΣ ΤΟΥ ΠΡΑΚΤΙΚΟΥ ΤΗΣ ΕΠΙΤΡΟΠΗΣ ΑΞΙΟΛΟΓΗΣΗΣ ΤΩΝ ΠΡΟΣΦΟΡΩΝ ΓΙΑ ΤΗΝ ΠΡΑΓΜΑΤΟΠΟΙΗΣΗ ΜΕΤΡΗΣΕΩΝ ΑΤΟΜΙΚΗΣ ΔΟΣΙΜΕΤΡΗΣΗΣ ΤΩΝ ΕΡΓΑΖΟΜΕΝΩΝ ΟΙ ΟΠΟΙΟΙ ΕΚΤΙΘΕΝΤΑΙ ΣΕ ΙΟΝΤΙΖΟΥΣΑ ΑΚΤΙΝΟΒΟΛΙΑ, ΓΙΑ ΧΡΟΝΙΚΟ ΔΙΑΣΤΗΜΑ ΕΝΟΣ (1) ΕΤΟΥΣ ΚΑΙ ΑΝΑΘΕΣΗΣ",998854561,Γ ΠΑΠΑΝΙΚΟΛΟΣ Α ΜΠΟΥΜΠΑΣ ΟΕ,3124.8,,0419
ΡΨΠΝ46904Ν-Ω6Ψ,2025-09-16,"ΑΠΟΦΑΣΗ ΠΡΟΕΔΡΟΥ ΑΝΑΘΕΣΗΣ ΤΗΣ ΕΞΑΓΩΓΗΣ, ΤΗΣ ΕΠΙΣΚΕΥΗΣ ΚΑΙ ΤΗΣ ΕΠΑΝΑΤΟΠΟΘΕΤΗΣΗΣ ΤΟΥ ΥΔΡΑΥΛΙΚΟΥ ΚΙΝΗΤΗΡΑ ΤΟΥ ΑΝΕΛΚΥΣΤΗΡΑ ΤΟΥ Α’ ΚΤΗΡΙΟΥ",099021555,ΒΑΛΣΑΜΙΔΗΣ ΜΟΝΟΠΡΟΣΩΠΗ ΑΝΩΝΥΜΗ ΤΕΧΝΙΚΗ ΕΤΑΙΡΕΙΑ ΑΝΕΛΚΥΣΤΗΡΩΝ,1698.8,,1413
Ρ69446904Ν-Γ0Ψ,2025-09-09,ΑΠΟΦΑΣΗ ΠΡΟΕΔΡΟΥ ΕΓΚΡΙΣΗΣ ΤΟΥ ΠΡΑΚΤΙΚΟΥ ΤΗΣ ΕΠΙΤΡΟΠΗΣ ΑΞΙΟΛΟΓΗΣΗΣ ΤΩΝ ΠΡΟΣΦΟΡΩΝ ΓΙΑ ΤΗΝ ΠΡΟΜΗΘΕΙΑ ΧΗΜΙΚΩΝ ΥΛΙΚΩΝ ΓΙΑ ΤΟ ΠΑΘΟΛΟΓΟΑΝΑΤΟΜΙΚΟ ΤΜΗΜΑ ΚΑΙ ΑΝΑΘΕΣΗΣ,099518023,Α ΔΕΡΒΟΣ Γ ΔΗΜΗΤΡΑΚΟΠΟΥΛΟΣ ΚΑΙ ΣΙΑ ΑΝΩΝΥΜΗ ΕΤΑΙΡΙΑ ΕΙΣΑΓΩΓΗΣ ΚΑΙ ΕΜΠΟΡΙΑΣ ΕΠΙΣΤΗΜΟΝΙΚΩΝ ΟΡΓΑΝΩΝ ΚΑΙ ΦΑΡΜΑΚΕΥΤΙΚΩΝ ΠΡΟΙΟΝ,2762.72,,1359
Ρ69446904Ν-Γ0Ψ,2025-09-09,ΑΠΟΦΑΣΗ ΠΡΟΕΔΡΟΥ ΕΓΚΡΙΣΗΣ ΤΟΥ ΠΡΑΚΤΙΚΟΥ ΤΗΣ ΕΠΙΤΡΟΠΗΣ ΑΞΙΟΛΟΓΗΣΗΣ ΤΩΝ ΠΡΟΣΦΟΡΩΝ ΓΙΑ ΤΗΝ ΠΡΟΜΗΘΕΙΑ ΧΗΜΙΚΩΝ ΥΛΙΚΩΝ ΓΙΑ ΤΟ ΠΑΘΟΛΟΓΟΑΝΑΤΟΜΙΚΟ ΤΜΗΜΑ ΚΑΙ ΑΝΑΘΕΣΗΣ,094289349,ΒΥΖΑΣ ΑΝΩΝΥΜΟΣ ΕΜΠΟΡΙΚΗ ΕΤΑΙΡΕΙΑ ΧΗΜΙΚΩΝ ΠΡΟΙΟΝΤΩΝ ΙΑΤΡΙΚΩΝ ΕΙΔΩΝ ΚΑΙ ΝΟΣΟΚΟΜΕΙΑΚΟΥ ΕΞΟΠΛΙΣΜΟΥ,8367.52,,1359
Ρ69446904Ν-Γ0Ψ,2025-09-09,ΑΠΟΦΑΣΗ ΠΡΟΕΔΡΟΥ ΕΓΚΡΙΣΗΣ ΤΟΥ ΠΡΑΚΤΙΚΟΥ ΤΗΣ ΕΠΙΤΡΟΠΗΣ ΑΞΙΟΛΟΓΗΣΗΣ ΤΩΝ ΠΡΟΣΦΟΡΩΝ ΓΙΑ ΤΗΝ ΠΡΟΜΗΘΕΙΑ ΧΗΜΙΚΩΝ ΥΛΙΚΩΝ ΓΙΑ ΤΟ ΠΑΘΟΛΟΓΟΑΝΑΤΟΜΙΚΟ ΤΜΗΜΑ ΚΑΙ ΑΝΑΘΕΣΗΣ,095341314,ΔΙΑΓΝΩΣΤΙΚΑ ΧΗΜΙΚΗ ΟΡΓΑΝΟΛΟΓΙΑ ΑΝΩΝΥΜΗ ΕΤΑΙΡΙΑ,1956.72,,1359
9ΧΔΠ46904Ν-ΖΩ7,2025-09-09,"ΑΠΟΦΑΣΗ ΠΡΟΕΔΡΟΥ ΕΓΚΡΙΣΗΣ ΤΟΥ ΠΡΑΚΤΙΚΟΥ ΤΗΣ ΕΠΙΤΡΟΠΗΣ ΑΞΙΟΛΟΓΗΣΗΣ ΤΗΣ ΠΡΟΣΦΟΡΑΣ ΓΙΑ ΤΗΝ ΠΑΡΟΧΗ ΥΠΗΡΕΣΙΩΝ ΣΥΜΒΟΥΛΟΥ ΔΙΑΠΙΣΤΕΥΣΗΣ ΤΟΥ ΒΙΟΧΗΜΙΚΟΥ ΤΜΗΜΑΤΟΣ ΤΟΥ ΝΟΣΟΚΟΜΕΙΟΥ, ΚΑΤΑ ISO 15189:2022 ΓΙΑ ΤΟ ΕΤΟΣ 2025 ΚΑΙ ΑΝΑΘΕΣΗΣ",095432469,ΔΙΕΘΝΕΙΣ ΥΠΗΡΕΣΙΕΣ ΠΕΡΙΒΑΛΛΟΝΤΟΣ ΚΑΙ ΠΟΙΟΤΗΤΑΣ ΜΕΛΕΤΕΣ ΕΦΑΡΜΟΓΕΣ ΑΝΩΝΥΜΗ ΕΤΑΙΡΕΙΑ,2108.0,,0419
Ε67Θ46904Ν-2ΕΠ,2026-07-03,"ΑΠΟΦΑΣΗ ΠΡΟΕΔΡΟΥ ΑΝΑΘΕΣΗΣ ΤΗΣ ΠΡΟΜΗΘΕΙΑΣ ΚΑΙ ΤΗΣ ΑΝΤΙΚΑΤΑΣΤΑΣΗΣ ΜΙΑΣ (1) ΠΛΑΚΕΤΑΣ ΔΙΑΚΛΑΔΩΤΗΡΑ, ΜΙΑΣ ΠΛΑΚΕΤΑΣ ΕΠΙΚΟΙΝΩΝΙΩΝ ΚΑΙ ΕΝΟΣ (1) ΜΟΤΕΡ ΔΙΑΚΛΑΔΩΤΗΡΑ ΣΩΛΗΝΩΤΟΥ ΤΑΧΥΔΡΟΜΕΙΟΥ",802736490,ΓΑΛΑΝΟΠΟΥΛΟΣ ΑΛΕΞΑΝΔΡΟΣ Ε Ε,1568.6,,24101890000101
ΨΒ6446904Ν-ΣΦΕ,2026-07-03,"ΑΠΟΦΑΣΗ ΠΡΟΕΔΡΟΥ ΑΝΑΘΕΣΗΣ ΤΟΥ ΕΛΕΓΧΟΥ ΚΑΛΗΣ ΛΕΙΤΟΥΡΓΙΑΣ ΚΑΙ ΗΛΕΚΤΡΙΚΗΣ ΑΣΦΑΛΕΙΑΣ, ΤΟΥ ΚΑΘΑΡΙΣΜΟΥ ΚΑΙ ΤΩΝ ΡΥΘΜΙΣΕΩΝ ΤΡΙΩΝ (3) ΔΙΑΘΕΡΜΙΩΝ ME401, ME411 ΚΑΙ ME402, ΤΟΥ ΚΑΤΑΣΚΕΥΑΣΤΙΚΟΥ ΟΙΚΟΥ MARTIN, ΜΕ S/N 0810981507, 0202980315 ΚΑΙ ME402M0603155966, ΑΠΟ ΤΗΝ ΑΠΟΚΛΕΙΣΤΙΚΗ ΑΝΤΙΠΡΟΣΩΠΟ ΕΤΑΙΡΕΙΑ",095029193,ΠΑΠΑΠΟΣΤΟΛΟΥ Ν ΑΝΩΝΥΜΗ ΕΤΑΙΡΕΙΑ  ΕΤΑΙΡΕΙΑ ΕΜΠΟΡΙΑΣ ΚΑΙ ΑΝΤΙΠΡΟΣΩΠΕΙΩΝ ΙΑΤΡΙΚΩΝ ΕΡΓΑΛΕΙΩΝ ΚΑΙ ΜΗΧΑΝΗΜΑΤΩΝ,1302.0,,24203040000101
6ΧΗ246904Ν-ΒΚ0,2026-06-30,ΑΠΟΦΑΣΗ ΠΡΟΕΔΡΟΥ ΕΓΚΡΙΣΗΣ ΠΡΑΚΤΙΚΟΥ ΚΑΙ ΑΝΑΘΕΣΗΣ ΥΠΗΡΕΣΙΩΝ ΟΙΚΟΝΟΜΙΚΟΥ ΔΙΑΧΕΙΡΙΣΤΙΚΟΥ ΕΛΕΓΧΟΥ - ΕΛΕΓΧΟΣ ΟΙΚΟΝΟΜΙΚΩΝ ΚΑΤΑΣΤΑΣΕΩΝ ΧΡΗΣΗΣ 2025,800478384,KSI GREECE ΟΡΚΩΤΟΙ ΕΛΕΓΚΤΕΣ ΛΟΓΙΣΤΕΣ ΚΑΙ ΣΥΜΒΟΥΛΟΙ ΕΠΙΧΕΙΡΗΣΕΩΝ ΙΚΕ,2980.0,79212100-4,24209030000101
ΨΒ4Ι46904Ν-ΧΕΔ,2026-07-02,ΑΠΟΦΑΣΗ ΠΡΟΕΔΡΟΥ ΑΝΑΘΕΣΗΣ ΓΙΑ ΤΗΝ ΠΑΡΟΧΗ ΕΞΕΙΔΙΚΕΥΜΕΝΩΝ ΥΠΗΡΕΣΙΩΝ ΤΕΧΝΙΚΟΥ ΣΥΜΒΟΥΛΟΥ ΓΙΑ ΤΗΝ ΔΙΑΧΕΙΡΙΣΗ ΚΑΙ ΥΠΟΣΤΗΡΙΞΗ ΥΛΟΠΟΙΗΣΗΣ ΤΗΣ ΕΝΤΑΓΜΕΝΗΣ ΠΡΑΞΗΣ ΠΡΟΜΗΘΕΙΑΣ ΙΑΤΡΟΤΕΧΝΟΛΟΓΙΚΟΥ ΕΞΟΠΛΙΣΜΟΥ ΣΤΟ ΠΡΟΓΡΑΜΜΑ ΑΤΤΙΚΗ 2021-2027,801554101,MENTORING INNOVATION DEVELOPMENT AND ADVISORY SERVICES ΜΟΝΟΠΡΟΣΩΠΗ Ι Κ Ε,7200.0,,24209890000101
Ψ40Ε46904Ν-ΡΣ9,2026-07-02,ΑΠΟΦΑΣΗ ΠΡΟΕΔΡΟΥ ΕΓΚΡΙΣΗΣ ΤΟΥ ΠΡΑΚΤΙΚΟΥ ΤΗΣ ΕΠΙΤΡΟΠΗΣ ΑΞΙΟΛΟΓΗΣΗΣ ΤΩΝ ΠΡΟΣΦΟΡΩΝ ΓΙΑ ΤΗΝ ΠΡΟΜΗΘΕΙΑ ΚΑΙ ΤΟΠΟΘΕΤΗΣΗ ΑΠΟΛΥΤΩΝ ΦΙΛΤΡΩΝ ΚΛΙΜΑΤΙΖΟΜΕΝΟΥ ΑΕΡΑ ΣΤΟ Β’ ΚΤΗΡΙΟ ΤΟΥ ΝΟΣΟΚΟΜΕΙΟΥ ΚΑΤΑ ΤΗΝ ΘΕΡΙΝΗ ΔΙΑΚΟΠΗ,800854498,AIRTECO IKE,10540.0,,24101080000101 - 24203010000101
6ΔΨ846904Ν-ΧΡΞ,2026-07-02,ΑΠΟΦΑΣΗ ΠΡΟΕΔΡΟΥ ΕΓΚΡΙΣΗΣ ΤΟΥ ΠΡΑΚΤΙΚΟΥ ΤΗΣ ΕΠΙΤΡΟΠΗΣ ΑΞΙΟΛΟΓΗΣΗΣ ΤΩΝ ΠΡΟΣΦΟΡΩΝ ΓΙΑ ΤΗΝ ΕΠΙΣΚΕΥΗ ΛΗΨΕΩΝ ΙΑΤΡΙΚΩΝ ΑΕΡΙΩΝ ΚΑΙ ΥΠΟΒΙΒΑΣΤΩΝ - ΡΥΘΜΙΣΤΩΝ ΠΙΕΣΕΩΣ ΙΑΤΡΙΚΩΝ ΑΕΡΙΩΝ ΤΟΥ Β’ ΚΤΗΡΙΟΥ ΚΑΤΑ ΤΗΝ ΘΕΡΙΝΗ ΔΙΑΚΟΠΗ,999796735,Α ΑΠΟΣΤΟΛΟΥ ΚΑΙ Χ ΔΕΓΕΣΤΙΝΟΣ ΟΜΟΡΡΥΘΜΗ ΕΤΑΙΡΕΙΑ,14880.0,,24203010000101
6ΔΡΦ46904Ν-ΒΔΘ,2026-06-29,ΑΠΟΦΑΣΗ ΠΡΟΕΔΡΟΥ ΕΓΚΡΙΣΗΣ ΠΡΑΚΤΙΚΟΥ ΚΑΙ ΑΝΑΘΕΣΗΣ ΥΠΗΡΕΣΙΩΝ ΣΥΜΒΟΥΛΕΥΤΙΚΩΝ ΥΠΗΡΕΣΙΩΝ ΣΕ ΖΗΤΗΜΑΤΑ ΣΥΜΒΑΣΕΩΝ,800837416,PUBLICSOFT ΙΔΙΩΤΙΚΗ ΚΕΦΑΛΑΙΟΥΧΙΚΗ ΕΤΑΙΡΕΙΑ,5580.0,,24209890000101
9ΚΣΟ46904Ν-ΧΞΤ,2026-06-23,ΑΠΟΦΑΣΗ ΠΡΟΕΔΡΟΥ ΕΓΚΡΙΣΗΣ ΠΡΑΚΤΙΚΟΥ ΚΑΙ ΑΝΑΘΕΣΗΣ ΓΙΑ ΤΗΝ ΠΑΡΟΧΗ ΥΠΗΡΕΣΙΩΝ ΑΝΑΝΕΩΣΗΣ ΤΩΝ ΑΔΕΙΩΝ ΧΡΗΣΗΣ ΤΟΥ ΔΙΠΛΟΥ ΚΕΝΤΡΙΚΟΥ ΤΟΙΧΟΥΣ ΠΡΟΣΤΑΣΙΑΣ (FIREWALL) WATCHGUARD M270,999481910,ΓΟΥΔΕΒΕΝΟΥ ΚΕΡΚΥΡΑ ΚΑΙ ΣΙΑ ΕΕ,1894.0,72212220-7,24209030000101
Ψ35Φ46904Ν-Ρ7Σ,2026-06-25,ΑΠΟΦΑΣΗ ΠΡΟΕΔΡΟΥ ΕΓΚΡΙΣΗΣ ΠΡΑΚΤΙΚΟΥ ΚΑΙ ΑΝΑΘΕΣΗΣ ΓΙΑ ΤΗΝ ΠΑΡΟΧΗ ΥΠΗΡΕΣΙΩΝ «ΠΡΟΣΘΕΤΩΝ ΕΡΓΑΣΙΩΝ ΓΙΑ ΤΗΝ ΑΠΟΚΑΤΑΣΤΑΣΗ ΤΗΣ ΣΤΕΓΗΣ ΤΗΣ Α’ ΠΑΘΟΛΟΓΙΚΗΣ ΚΛΙΝΙΚΗΣ ΣΤΟ Γ’ ΚΤΗΡΙΟ ΤΟΥ ΝΟΣΟΚΟΜΕΙΟΥ»,800587240,ΣΤΑΥΡΟΣ ΑΝΑΣΤΑΣΙΟΥ ΚΑΙ ΣΙΑ ΕΤΕΡΟΡΡΥΘΜΗ ΕΤΑΙΡΕΙΑ,2000.0,45453100-8,24101060000101
Ψ35Φ46904Ν-Ρ7Σ,2026-06-25,ΑΠΟΦΑΣΗ ΠΡΟΕΔΡΟΥ ΕΓΚΡΙΣΗΣ ΠΡΑΚΤΙΚΟΥ ΚΑΙ ΑΝΑΘΕΣΗΣ ΓΙΑ ΤΗΝ ΠΑΡΟΧΗ ΥΠΗΡΕΣΙΩΝ «ΠΡΟΣΘΕΤΩΝ ΕΡΓΑΣΙΩΝ ΓΙΑ ΤΗΝ ΑΠΟΚΑΤΑΣΤΑΣΗ ΤΗΣ ΣΤΕΓΗΣ ΤΗΣ Α’ ΠΑΘΟΛΟΓΙΚΗΣ ΚΛΙΝΙΚΗΣ ΣΤΟ Γ’ ΚΤΗΡΙΟ ΤΟΥ ΝΟΣΟΚΟΜΕΙΟΥ»,800587240,ΣΤΑΥΡΟΣ ΑΝΑΣΤΑΣΙΟΥ ΚΑΙ ΣΙΑ ΕΤΕΡΟΡΡΥΘΜΗ ΕΤΑΙΡΕΙΑ,1800.0,45453100-8,24203010000101
ΨΙΓΜ46904Ν-ΧΘ4,2026-06-25,"ΑΠΟΦΑΣΗ ΠΡΟΕΔΡΟΥ ΑΝΑΘΕΣΗΣ ΤΗΣ ΕΠΙΣΚΕΥΗΣ ΚΑΙ ΤΟΥ ΕΛΕΓΧΟΥ ΚΑΛΗΣ ΛΕΙΤΟΥΡΓΙΑΣ ΠΛΥΝΤΗΡΙΟΥ ΣΚΩΡΑΜΙΔΩΝ BP 100, ΤΟΥ ΚΑΤΑΣΚΕΥΑΣΤΙΚΟΥ ΟΙΚΟΥ STEELCO, ΜΕ S/N 1303093, ΑΠΟ ΤΗΝ ΑΠΟΚΛΕΙΣΤΙΚΗ ΑΝΤΙΠΡΟΣΩΠΟ ΕΤΑΙΡΕΙΑ",999961120,MEDIC PLAN HEALTH PROJECT ΑΝΩΝΥΜΗ ΕΤΑΙΡΙΑ,1072.6,,24101890000101 - 24203040000101
ΡΚ6Γ46904Ν-9ΑΩ,2026-06-23,"ΑΠΟΦΑΣΗ ΠΡΟΕΔΡΟΥ ΕΓΚΡΙΣΗΣ ΤΟΥ ΠΡΑΚΤΙΚΟΥ ΤΗΣ ΕΠΙΤΡΟΠΗΣ ΑΞΙΟΛΟΓΗΣΗΣ ΤΗΣ ΠΡΟΣΦΟΡΑΣ ΓΙΑ ΤΗΝ ΕΦΑΠΑΞ ΕΤΗΣΙΑ ΠΡΟΛΗΠΤΙΚΗ ΣΥΝΤΗΡΗΣΗ ΚΑΙ ΤΟΝ ΕΛΕΓΧΟ ΚΑΛΗΣ ΛΕΙΤΟΥΡΓΙΑΣ ΕΝΝΕΑ (9) ΜΟΝΙΤΟΡ ΠΑΡΑΚΟΛΟΥΘΗΣΗΣ ΖΩΤΙΚΩΝ ΠΑΡΑΜΕΤΡΩΝ ΑΣΘΕΝΩΝ ΤΟΥ ΝΟΣΟΚΟΜΕΙΟΥ EFFICIA CM100, ΤΟΥ ΚΑΤΑΣΚΕΥΑΣΤΙΚΟΥ ΟΙΚΟΥ PHILIPS",094497279,SANTAIR ΑΝΩΝΥΜΗ ΕΤΑΙΡΙΑ ΙΑΤΡΙΚΩΝ ΕΦΑΡΜΟΓΩΝ,4600.4,,24101080000101 - 24203040000101
9ΣΑ246904Ν-3ΨΑ,2026-06-23,"ΑΠΟΦΑΣΗ ΠΡΟΕΔΡΟΥ ΑΝΑΘΕΣΗΣ ΤΗΣ ΕΠΙΣΚΕΥΗΣ ΤΟΥ ΚΛΙΜΑΤΙΣΜΟΥ ΣΤΟ ΓΡΑΦΕΙΟ ΙΑΤΡΩΝ ΤΗΣ ΜΕΘΕ-ΑΙΜΟΔΥΝΑΜΙΚΟΥ, ΣΤΟΝ 3Ο ΟΡΟΦΟ ΤΟΥ ΚΤΗΡΙΟΥ Β’",800830648,ΕΡΓΟΔΥΝΑΜΙΚΗ 2030 Ε Ε,465.0,,24101060000101
ΡΕ3Μ46904Ν-Χ3Υ,2026-06-23,ΑΠΟΦΑΣΗ ΠΡΟΕΔΡΟΥ ΑΝΑΘΕΣΗΣ ΓΙΑ ΤΗΝ ΠΡΟΜΗΘΕΙΑ ΕΝΟΣ (1) ΕΥΚΑΜΠΤΟΥ ΕΞΕΤΑΣΤΙΚΟΥ ΡΙΝΟΛΑΡΥΓΓΟΣΚΟΠΙΟΥ ΚΑΙ ΑΠΟΣΥΡΣΗ ΤΟΥ ΗΔΗ ΥΠΑΡΧΟΝΤΟΣ ΧΑΛΑΣΜΕΝΟΥ ΕΝΔΟΣΚΟΠΙΟΥ,094442268,ΠΡΩΤΟΝ Α Ε ΑΝΤΙΠΡ ΙΑΤΡΙΚΩΝ ΕΠΙΣΤΗΜΟΝΙΚΩΝ ΕΙΔΩΝ  ΜΗΧΑΝΗΜ ΚΑΙ ΣΥΣΤΗΜΑΤΩΝ ΑΣΦΑΛΕΙΑΣ ΙΔΙΩΤ ΕΠΙΧ ΠΑΡΟΧ ΥΠΗΡΕΣΙΩΝ ΑΣΦΑΛΕΙΑΣ,5100.0,33168100-6,31201050000101
ΡΦΨΡ46904Ν-Ξ12,2026-06-17,ΑΠΟΦΑΣΗ ΠΡΟΕΔΡΟΥ ΕΓΚΡΙΣΗΣ ΠΡΑΚΤΙΚΟΥ ΚΑΙ ΑΝΑΘΕΣΗΣ ΥΠΗΡΕΣΙΩΝ ΚΑΤΑΡΤΙΣΗΣ ΟΙΚΟΝΟΜΙΚΩΝ ΚΑΤΑΣΤΑΣΕΩΝ ΤΕΛΟΥΣ ΧΡΗΣΕΩΣ ΕΤΟΥΣ 2025,099939689,Ν Ν Τ  ΧΡΗΜΑΤΟΟΙΚΟΝΟΜΙΚΕΣ ΚΑΙ ΛΟΓΙΣΤΙΚΕΣ ΥΠΗΡΕΣΙΕΣ ΑΝΩΝΥΜΗ ΕΤΑΙΡΕΙΑ,2300.0,79210000-9,24209030000101
ΡΡΥΝ46904Ν-9ΜΞ,2026-06-16,"ΑΠΟΦΑΣΗ ΠΡΟΕΔΡΟΥ ΑΝΑΘΕΣΗΣ ΤΗΣ ΑΝΤΙΚΑΤΑΣΤΑΣΗΣ ΜΠΑΤΑΡΙΑΣ, ΤΩΝ ΡΥΘΜΙΣΕΩΝ ΚΑΙ ΤΟΥ ΕΛΕΓΧΟΥ ΚΑΛΗΣ ΛΕΙΤΟΥΡΓΙΑΣ ΜΟΝΙΤΟΡ C-MAC, ΤΟΥ ΚΑΤΑΣΚΕΥΑΣΤΙΚΟΥ ΟΙΚΟΥ KARL STORZ SE & CO. KG, ΜΕ S/N 28386, ΑΠΟ ΤΗΝ ΑΠΟΚΛΕΙΣΤΙΚΗ ΑΝΤΙΠΡΟΣΩΠΟ ΕΤΑΙΡΕΙΑ",998361490,KARL STORZ ENDOSKOPE GREECE GMBH ΜΟΝΟΠΡΟΣΩΠΗ ΕΤΑΙΡΙΑ ΠΕΡΙΟΡΙΣΜΕΝΗΣ ΕΥΘΥΝΗΣ,434.0,,24203040000101
91Ν846904Ν-ΧΔΞ,2026-06-16,ΑΠΟΦΑΣΗ ΔΕΣΜΕΥΣΗΣ ΠΙΣΤΩΣΗΣ ΓΙΑ ΤΗΝ ΠΡΟΜΗΘΕΙΑ ΚΑΙ ΕΓΚΑΤΑΣΤΑΣΗ «ΕΝΟΣ ΣΥΣΤΗΜΑΤΟΣ ΑΔΙΑΛΕΙΠΤΗΣ ΠΑΡΟΧΗΣ ΗΛΕΚΤΡΙΚΗΣ ΕΝΕΡΓΕΙΑΣ (UPS) 60KVA» ΓΙΑ ΤΙΣ ΑΝΑΓΚΕΣ ΤΟΥ ΝΟΣΟΚΟΜΕΙΟΥ,095477672,ACE ΗΛΕΚΤΡΟΝΙΚΑ ΙΣΧΥΟΣ ΜΟΝΟΠΡΟΣΩΠΗ ΕΤΑΙΡΕΙΑ ΠΕΡΙΟΡΙΣΜΕΝΗΣ ΕΥΘΥΝΗΣ,12877.4,,31209890000101
9ΛΧΠ46904Ν-Ψ67,2026-06-16,ΑΠΟΦΑΣΗ ΠΡΟΕΔΡΟΥ ΕΓΚΡΙΣΗΣ ΤΟΥ ΠΡΑΚΤΙΚΟΥ ΤΗΣ ΕΠΙΤΡΟΠΗΣ ΑΞΙΟΛΟΓΗΣΗΣ ΤΩΝ ΠΡΟΣΦΟΡΩΝ ΠΑΡΟΧΗΣ ΥΠΗΡΕΣΙΩΝ ΚΑΘΑΡΙΟΤΗΤΑΣ ΓΙΑ ΔΙΑΣΤΗΜΑ ΕΙΚΟΣΙ ΠΕΝΤΕ (25) ΗΜΕΡΩΝ,801114586,MYSERVICES HUMAN RESOURCES AND SECURITY ΑΝΩΝΥΜΗ ΕΤΑΙΡΕΙΑ ΙΔΙΩΤ ΕΠΙΧ ΠΑΡΟΧΗΣ ΥΠΗΡ ΑΣΦΑΛΕΙΑΣ ΚΑΙ ΛΕΙΤΟΥΡΓΙΚΗΣ ΥΠΟΣΤΗΡΙΞΗΣ,37108.24,,24202050000101
Ψ7ΑΣ46904Ν-ΕΜΨ,2026-06-11,ΑΠΟΦΑΣΗ ΠΡΟΕΔΡΟΥ ΕΓΚΡΙΣΗΣ ΠΡΑΚΤΙΚΟΥ ΚΑΙ ΑΝΑΘΕΣΗΣ ΓΙΑ ΤΗΝ ΠΑΡΟΧΗ ΥΠΗΡΕΣΙΩΝ ΚΑΛΥΨΗΣ ΠΡΟΣΩΠΙΚΟΥ ΦΥΛΑΞΗΣ ΤΟΥ ΝΟΣΟΚΟΜΕΙΟΥ ΕΝΟΣ (1) ΑΤΟΜΟΥ ΓΙΑ ΕΝΑ ΜΗΝΑ,996589476,MYSERVICES Α Ε ΠΑΡΟΧΗΣ ΥΠΗΡΕΣΙΩΝ ΛΕΙΤΟΥΡΓ ΥΠΟΣΤ ΚΤΙΡ ΥΠΟΣΤ ΔΙΟΙΚ ΥΠΟΣΤ ΞΕΝ ΥΠΟΣΤ ΔΙΑΝΟΜΗΣ ΓΕΥΜΑΤΩΝ ΙΔ ΕΠΙΧ ΠΑΡ ΥΠΗΡ ΑΣΦ,2295.0,79713000-5,24209890000101
ΡΠΜΤ46904Ν-ΖΓ9,2026-06-11,ΑΠΟΦΑΣΗ ΠΡΟΕΔΡΟΥ ΑΝΑΘΕΣΗΣ ΤΗΣ ΠΡΟΜΗΘΕΙΑΣ ΕΝΟΣ (1) ΣΩΛΗΝΑ ΨΥΚΤΙΚΟΥ ΚΥΚΛΩΜΑΤΟΣ ΕΠΙΣΤΡΟΦΗΣ ΑΠΟ ΤΟ ΨΥΓΕΙΟ ΤΗΣ ΓΕΝΝΗΤΡΙΑΣ IVECO,801458499,ΛΟΥΛΟΥΔΗΣ ΛΕΩΝΙΔΑΣ ΜΟΝΟΠΡΟΣΩΠΗ Ι Κ Ε,409.2,,24101890000101
9Ζ5Μ46904Ν-6ΨΥ,2026-06-04,ΑΠΟΦΑΣΗ ΠΡΟΕΔΡΟΥ ΕΓΚΡΙΣΗΣ ΠΡΑΚΤΙΚΟΥ ΚΑΙ ΑΝΑΘΕΣΗΣ ΓΙΑ ΤΗΝ ΠΑΡΟΧΗ ΕΚΠΑΙΔΕΥΤΙΚΩΝ ΥΠΗΡΕΣΙΩΝ ΓΙΑ ΤΗΝ ΥΠΟΣΤΗΡΙΞΗ ΤΗΣ ΝΟΣΗΛΕΥΤΙΚΗΣ ΥΠΗΡΕΣΙΑΣ ΚΑΙ ΤΗΝ ΟΛΟΚΛΗΡΩΣΗ ΠΡΟΕΤΟΙΜΑΣΙΑΣ ΤΗΣ ΠΙΣΤΟΠΟΙΗΣΗΣ (ΣΥΜΒΟΥΛΟΣ ΠΡΟΕΤΟΙΜΑΣΙΑΣ) ΚΑΤΑ ΤΟ ΣΥΣΤΗΜΑ ΠΟΙΟΤΗΤΑΣ ISO 9001:2015,999112526,ΣΤΑΥΡΟΣ ΣΥΝΟΔΙΝΟΣ ΚΑΙ ΣΙΑ ΕΕ,2600.0,79132000-8,24209890000101
9Φ4Φ46904Ν-ΡΕ9,2026-06-04,"ΑΠΟΦΑΣΗ ΠΡΟΕΔΡΟΥ ΑΝΑΘΕΣΗΣ ΤΗΣ ΕΠΙΣΚΕΥΗΣ ΦΟΡΕΙΟΥ ΜΕΤΑΦΟΡΑΣ 6005, ΤΟΥ ΚΑΤΑΣΚΕΥΑΣΤΙΚΟΥ ΟΙΚΟΥ PSILIAKOS HOSPITAL EQUIPMENT ΕΠΕ, ΜΕ S/N 309701004, ΑΠΟ ΤΗΝ ΑΠΟΚΛΕΙΣΤΙΚΗ ΑΝΤΙΠΡΟΣΩΠΟ ΕΤΑΙΡΕΙΑ",999495127,ΛΕΩΝΙΔΑΣ ΨΗΛΙΑΚΟΣ ΚΑΙ ΣΙΑ ΕΤΑΙΡΕΙΑ ΠΕΡΙΟΡΙΣΜΕΝΗΣ ΕΥΘΥΝΗΣ,1419.8,,24101890000101 - 24209890000101
ΡΚ0Ζ46904Ν-7ΨΓ,2026-06-04,ΑΠΟΦΑΣΗ ΠΡΟΕΔΡΟΥ ΑΝΑΘΕΣΗΣ ΤΗΣ ΕΠΕΚΤΑΣΗΣ ΔΙΚΤΥΟΥ ΣΩΛΗΝΩΤΟΥ ΤΑΧΥΔΡΟΜΕΙΟΥ ΚΑΙ ΤΗΣ ΕΠΑΝΑΤΟΠΟΘΕΤΗΣΗΣ ΤΟΥ ΣΤΑΘΜΟΥ ΣΤΟ ΤΜΗΜΑ ΑΙΜΟΔΟΣΙΑΣ,802736490,ΓΑΛΑΝΟΠΟΥΛΟΣ ΑΛΕΞΑΝΔΡΟΣ Ε Ε,892.8,,24101890000101
Ρ2ΜΧ46904Ν-Μ9Τ,2026-06-04,ΑΠΟΦΑΣΗ ΠΡΟΕΔΡΟΥ ΑΝΑΘΕΣΗΣ ΤΗΣ ΠΡΟΜΗΘΕΙΑΣ ΔΥΟ (2) ΣΥΣΣΩΡΕΥΤΩΝ 12V/180AH ΓΙΑ ΤΗΝ ΓΕΝΝΗΤΡΙΑ DOOSAN (ΚΙΤΡΙΝΟΥ ΧΡΩΜΑΤΟΣ),801458499,ΛΟΥΛΟΥΔΗΣ ΛΕΩΝΙΔΑΣ ΜΟΝΟΠΡΟΣΩΠΗ Ι Κ Ε,372.0,,24101890000101
ΡΟΟ746904Ν-649,2026-06-04,ΑΠΟΦΑΣΗ ΠΡΟΕΔΡΟΥ ΕΓΚΡΙΣΗΣ ΤΟΥ ΠΡΑΚΤΙΚΟΥ ΤΗΣ ΕΠΙΤΡΟΠΗΣ ΑΞΙΟΛΟΓΗΣΗΣ ΤΩΝ ΠΡΟΣΦΟΡΩΝ ΓΙΑ ΤΗΝ ΠΡΟΜΗΘΕΙΑ ΚΑΙ ΕΓΚΑΤΑΣΤΑΣΗ «ΕΝΟΣ ΣΥΣΤΗΜΑΤΟΣ ΑΔΙΑΛΕΙΠΤΗΣ ΠΑΡΟΧΗΣ ΗΛΕΚΤΡΙΚΗΣ ΕΝΕΡΓΕΙΑΣ (UPS) 60KVA» ΓΙΑ ΤΙΣ ΑΝΑΓΚΕΣ ΤΟΥ ΝΟΣΟΚΟΜΕΙΟΥ,095477672,ACE ΗΛΕΚΤΡΟΝΙΚΑ ΙΣΧΥΟΣ ΜΟΝΟΠΡΟΣΩΠΗ ΕΤΑΙΡΕΙΑ ΠΕΡΙΟΡΙΣΜΕΝΗΣ ΕΥΘΥΝΗΣ,12877.4,31154000-0,31209890000101
98ΨΩ46904Ν-ΣΦΘ,2026-05-29,ΑΠΟΦΑΣΗ ΠΡΟΕΔΡΟΥ ΕΓΚΡΙΣΗΣ ΤΟΥ ΠΡΑΚΤΙΚΟΥ ΤΗΣ ΕΠΙΤΡΟΠΗΣ ΑΞΙΟΛΟΓΗΣΗΣ ΤΗΣ ΠΡΟΣΦΟΡΑΣ ΓΙΑ ΤΗΝ ΜΕΤΑΦΟΡΑ ΑΡΧΕΙΑΚΟΥ ΥΛΙΚΟΥ,045245951,"ΓΕΡΟΓΙΑΝΝΗΣ,,ΑΡΙΣΤΟΤΕΛΗΣ,ΓΕΩΡΓΙΟΣ",5704.0,,24209890000101
96ΚΣ46904Ν-ΦΦΙ,2026-05-27,ΑΠΟΦΑΣΗ ΠΡΟΕΔΡΟΥ ΕΓΚΡΙΣΗΣ ΤΟΥ ΠΡΑΚΤΙΚΟΥ ΤΗΣ ΕΠΙΤΡΟΠΗΣ ΑΞΙΟΛΟΓΗΣΗΣ ΤΩΝ ΠΡΟΣΦΟΡΩΝ ΓΙΑ ΤΗΝ ΠΡΟΜΗΘΕΙΑ «ΔΕΚΑ (10) ΚΛΙΜΑΤΙΣΤΙΚΩΝ ΜΟΝΑΔΩΝ ΤΥΠΟΥ SPLIT UNITS» ΓΙΑ ΤΙΣ ΑΝΑΓΚΕΣ ΤΟΥ ΝΟΣΟΚΟΜΕΙΟΥ,095551919,ΚΟΚΟΤΑΣ ΚΛΙΜΑΤΙΣΜΟΣ ΑΕ,6100.8,,31201020000101
ΡΒΣΛ46904Ν-942,2026-05-27,ΑΠΟΦΑΣΗ ΠΡΟΕΔΡΟΥ ΑΝΑΘΕΣΗΣ ΤΗΣ ΠΡΟΜΗΘΕΙΑΣ ΚΑΙ ΤΗΣ ΑΝΤΙΚΑΤΑΣΤΑΣΗΣ ΕΝΟΣ (1) ΣΕΡΒΟΚΙΝΗΤΗΡΑ ΤΟΥ ΚΑΥΣΤΗΡΑ ΤΟΥ ΚΤΗΡΙΟΥ Β’,099008023,ΑΦΟΙ ΜΑΡΗ ΟΕ,2976.0,,31209890000101
ΨΠΣ046904Ν-Ξ07,2026-05-27,ΑΠΟΦΑΣΗ ΠΡΟΕΔΡΟΥ ΓΙΑ ΤΗΝ ΠΑΡΟΧΗ ΥΠΗΡΕΣΙΩΝ ΑΝΑΝΕΩΣΗΣ ΑΔΕΙΩΝ ΧΡΗΣΗΣ ΤΟΥ ΕΓΚΑΤΕΣΤΗΜΕΝΟΥ ΛΟΓΙΣΜΙΚΟΥ ΓΙΑ ΤΟ ΣΥΣΤΗΜΑ BACKUP ΤΩΝ ΚΕΝΤΡΙΚΩΝ SERVERS ΤΟΥ ΝΟΣΟΚΟΜΕΙΟΥ,999481910,ΓΟΥΔΕΒΕΝΟΥ ΚΕΡΚΥΡΑ ΚΑΙ ΣΙΑ ΕΕ,1680.0,48000000-8,24209890000101
ΡΩ8Σ46904Ν-ΟΦΧ,2026-05-21,ΑΠΟΦΑΣΗ ΠΡΟΕΔΡΟΥ ΕΓΚΡΙΣΗΣ ΠΡΑΚΤΙΚΟΥ ΚΑΙ ΑΝΑΘΕΣΗΣ ΓΙΑ ΤΗΝ ΕΠΙΚΑΙΡΟΠΟΙΗΣΗ ΓΡΑΠΤΗΣ ΕΚΤΙΜΗΣΗ ΚΙΝΔΥΝΟΥ,802358068,ΜΟΥΤΑΦΤΣΗΣ ΝΙΚΗΤΑΣ   ΣΥΝΕΡΓΑΤΕΣ Ε Ε,3900.0,79421200-3,24209890000101
934Σ46904Ν-3ΛΖ,2026-05-21,"ΑΠΟΦΑΣΗ ΠΡΟΕΔΡΟΥ ΑΝΑΘΕΣΗΣ ΤΗΣ ΑΝΤΙΚΑΤΑΣΤΑΣΗΣ ΚΑΛΥΜΜΑΤΟΣ ΣΤΡΩΜΑΤΟΣ ΚΑΤΑΚΛΙΣΗΣ QUATTRO PLUS, ΤΟΥ ΚΑΤΑΣΚΕΥΑΣΤΙΚΟΥ ΟΙΚΟΥ TALLEY MEDICAL/DIRECT HEALTHCARE GROUP (DHG), ΜΕ S/N FGS_0201622, ΑΠΟ ΤΗΝ ΑΠΟΚΛΕΙΣΤΙΚΗ ΑΝΤΙΠΡΟΣΩΠΟ ΕΤΑΙΡΕΙΑ",999658897,Δ ΚΟΡΤΕΣΗΣ ΚΑΙ ΣΙΑ ΕΕ,650.93,,24101080000101
9ΥΑΣ46904Ν-ΥΨΜ,2026-05-21,ΑΠΟΦΑΣΗ ΠΡΟΕΔΡΟΥ ΕΓΚΡΙΣΗΣ ΤΟΥ ΠΡΑΚΤΙΚΟΥ ΤΗΣ ΕΠΙΤΡΟΠΗΣ ΑΞΙΟΛΟΓΗΣΗΣ ΤΗΣ ΠΡΟΣΦΟΡΑΣ ΓΙΑ ΤΗΝ ΠΡΟΜΗΘΕΙΑ ΜΟΝΙΤΟΡ ΖΩΤΙΚΩΝ ΠΑΡΑΜΕΤΡΩΝ ΜΕ ΔΥΝΑΤΟΤΗΤΑ ΚΑΠΝΟΓΡΑΦΙΑΣ ΓΙΑ ΤΟ ΤΜΗΜΑ ΤΩΝ ΕΚΤΑΚΤΩΝ ΕΞΩΤΕΡΙΚΩΝ ΙΑΤΡΕΙΩΝ,800834358,CARDIOSCIENCE P C,3844.0,,31201050000101
9ΓΙ546904Ν-49Ψ,2026-05-21,"ΑΠΟΦΑΣΗ ΠΡΟΕΔΡΟΥ ΑΝΑΘΕΣΗΣ ΤΗΣ ΠΡΟΜΗΘΕΙΑΣ ΥΛΙΚΩΝ ΔΙΚΤΥΟΥ ΠΑΡΟΧΗΣ – ΕΠΙΣΤΡΟΦΗΣ ΚΑΥΣΙΜΟΥ, ΕΝΟΣ (1) ΦΙΛΤΡΟΥ ΚΑΥΣΙΜΟΥ ΚΑΙ ΜΙΑΣ (1) ΒΑΛΒΙΔΑΣ ΚΑΥΣΙΜΟΥ ΤΗΣ ΓΕΝΝΗΤΡΙΑΣ CUMMINS, ΚΑΘΩΣ ΧΡΗΖΟΥΝ ΑΝΤΙΚΑΤΑΣΤΑΣΗΣ ΛΟΓΩ ΑΝΑΠΤΥΞΗΣ ΜΥΚΗΤΟΛΑΣΠΗΣ",801458499,ΛΟΥΛΟΥΔΗΣ ΛΕΩΝΙΔΑΣ ΜΟΝΟΠΡΟΣΩΠΗ Ι Κ Ε,1438.4,,24101890000101
9ΕΕΜ46904Ν-ΦΟΤ,2026-05-21,ΑΠΟΦΑΣΗ ΠΡΟΕΔΡΟΥ ΕΓΚΡΙΣΗΣ ΠΡΑΚΤΙΚΟΥ ΚΑΙ ΑΝΑΘΕΣΗΣ ΓΙΑ ΚΑΛΥΨΗ ΔΑΠΑΝΗΣ ΥΠΟΧΡΕΩΣΗΣ ΥΠΟΒΟΛΗΣ ΔΗΛΩΣΗΣ ΠΕΡΟΥΣΙΑKHS ΚΑΤΑΣΤΑΣΗΣ (ΠΟΘΕΝ ΕΣΧΕΣ),026437746,"ΑΝΑΣΤΑΣΙΑΔΗΣ,,ΑΘΑΝΑΣΙΟΣ,ΑΘΑΝΑΣΙΟΣ",10080.0,79220000-2,24209890000101
9ΝΙΥ46904Ν-8ΙΝ,2026-05-21,ΑΠΟΦΑΣΗ ΠΡΟΕΔΡΟΥ ΕΓΚΡΙΣΗΣ ΤΟΥ ΠΡΑΚΤΙΚΟΥ ΤΗΣ ΕΠΙΤΡΟΠΗΣ ΑΞΙΟΛΟΓΗΣΗΣ ΤΩΝ ΠΡΟΣΦΟΡΩΝ ΠΑΡΟΧΗΣ ΥΠΗΡΕΣΙΩΝ ΚΑΘΑΡΙΟΤΗΤΑΣ ΓΙΑ ΔΙΑΣΤΗΜΑ ΕΙΚΟΣΙ ΠΕΝΤΕ (25) ΗΜΕΡΩΝ,801114586,MYSERVICES HUMAN RESOURCES AND SECURITY ΑΝΩΝΥΜΗ ΕΤΑΙΡΕΙΑ ΙΔΙΩΤ ΕΠΙΧ ΠΑΡΟΧΗΣ ΥΠΗΡ ΑΣΦΑΛΕΙΑΣ ΚΑΙ ΛΕΙΤΟΥΡΓΙΚΗΣ ΥΠΟΣΤΗΡΙΞΗΣ,37108.24,,24202050000101
ΨΙΟΖ46904Ν-8ΣΙ,2026-05-14,"ΑΠΟΦΑΣΗ ΠΡΟΕΔΡΟΥ ΑΝΑΘΕΣΗΣ ΤΗΣ ΑΝΤΙΚΑΤΑΣΤΑΣΗΣ ΚΟΡΔΟΝΙΟΥ ΑΕΡΟΤΟΡ ΜΕ ΦΩΣ ΣΕ ΤΑΜΠΛΕΤΑ ΟΔΟΝΤΙΑΤΡΕΙΟΥ, ΤΟΥ ΚΑΤΑΣΚΕΥΑΣΤΙΚΟΥ ΟΙΚΟΥ JOINCHAMP",999913888,EMODENTAL Θ ΔΕΣΥΝΙΩΤΗΣ ΜΟΝΟΠΡΟΣΩΠΗ Ε Π Ε,136.4,,24101080000101
ΨΥ4Τ46904Ν-ΙΟΖ,2026-05-14,ΑΠΟΦΑΣΗ ΠΡΟΕΔΡΟΥ ΑΝΑΘΕΣΗΣ ΤΗΣ ΠΡΟΜΗΘΕΙΑΣ ΚΑΙ ΤΗΣ ΑΝΤΙΚΑΤΑΣΤΑΣΗΣ ΡΟΥΛΕΜΑΝ ΗΛΕΚΤΡΟΚΙΝΗΤΗΡΑ ΤΗΣ ΚΚΜ4 ΣΤΟΝ ΜΗΧΑΝΟΡΟΦΟ ΤΟΥ ΚΤΗΡΙΟΥ Β’,800830648,ΕΡΓΟΔΥΝΑΜΙΚΗ 2030 Ε Ε,359.6,,24101890000101
Ρ6ΩΧ46904Ν-9ΨΟ,2026-05-06,"ΑΠΟΦΑΣΗ ΠΡΟΕΔΡΟΥ ΕΓΚΡΙΣΗΣ ΤΟΥ ΠΡΑΚΤΙΚΟΥ ΤΗΣ ΕΠΙΤΡΟΠΗΣ ΑΞΙΟΛΟΓΗΣΗΣ ΤΗΣ ΠΡΟΣΦΟΡΑΣ ΓΙΑ ΤΗΝ ΕΦΑΠΑΞ ΠΡΟΛΗΠΤΙΚΗ ΚΑΙ ΕΠΙΣΚΕΥΑΣΤΙΚΗ ΣΥΝΤΗΡΗΣΗ ΤΟΥ ΘΑΛΑΜΟΥ ΝΗΜΑΤΙΚΗΣ ΡΟΗΣ BIO II ADVANCE PLUS 4, ΤΟΥ ΚΑΤΑΣΚΕΥΑΣΤΙΚΟΥ ΟΙΚΟΥ AZBIL TELSTAR TECHNOLOGIES, S.L.U., ΤΗΣ ΑΙΜΟΔΟΣΙΑΣ",095475642,ΤΕΧΝΟΔΙΑΓΝΩΣΗ ΜΟΝΟΠΡΟΣΩΠΗ ΕΠΕ,3852.0,,24101080000101 - 24203040000101
968346904Ν-60Δ,2026-04-23,"ΑΠΟΦΑΣΗ ΠΡΟΕΔΡΟΥ ΑΝΑΘΕΣΗΣ ΤΗΣ ΕΠΙΣΚΕΥΗΣ ΗΛΕΚΤΡΟΝΙΚΟΥ ΜΕΡΟΥΣ ΤΡΙΩΝ (3) ΚΛΙΝΩΝ ELEGANZA, ΤΟΥ ΚΑΤΑΣΚΕΥΑΣΤΙΚΟΥ ΟΙΚΟΥ LINET, ΜΕ S/N 20100097502, 20100097503 ΚΑΙ 20100097504, ΑΠΟ ΤΗΝ ΑΠΟΚΛΕΙΣΤΙΚΗ ΑΝΤΙΠΡΟΣΩΠΟ ΕΤΑΙΡΕΙΑ",095029193,ΠΑΠΑΠΟΣΤΟΛΟΥ Ν ΑΝΩΝΥΜΗ ΕΤΑΙΡΕΙΑ  ΕΤΑΙΡΕΙΑ ΕΜΠΟΡΙΑΣ ΚΑΙ ΑΝΤΙΠΡΟΣΩΠΕΙΩΝ ΙΑΤΡΙΚΩΝ ΕΡΓΑΛΕΙΩΝ ΚΑΙ ΜΗΧΑΝΗΜΑΤΩΝ,744.0,,24203040000101
ΨΩΚΜ46904Ν-ΓΘ7,2026-04-23,ΑΠΟΦΑΣΗ ΠΡΟΕΔΡΟΥ ΕΓΚΡΙΣΗΣ ΠΡΑΚΤΙΚΟΥ ΓΙΑ ΕΡΓΑΣΙΕΣ ΣΥΝΤΗΡΗΣΗΣ ΚΑΙ ΑΠΟΚΑΣΤΑΣΗΣ ΣΕ ΧΩΡΟΥΣ  ΤΩΝ ΕΞΩΤΕΡΙΚΩΝ ΙΑΤΡΕΙΩΝ ΤΟΥ ΝΟΣΟΚΟΜΕΙΟΥ,801220499,Π Π ΚΑΤΑΣΚΕΥΑΣΤΙΚΗ Ο Ε,11950.0,,24101060000101-24203010000101
9ΑΒ046904Ν-460,2026-04-23,ΑΠΟΦΑΣΗ ΠΡΟΕΔΡΟΥ ΕΓΚΡΙΣΗΣ ΤΟΥ ΠΡΑΚΤΙΚΟΥ ΤΗΣ ΕΠΙΤΡΟΠΗΣ ΑΞΙΟΛΟΓΗΣΗΣ ΤΩΝ ΠΡΟΣΦΟΡΩΝ ΠΑΡΟΧΗΣ ΥΠΗΡΕΣΙΩΝ ΚΑΘΑΡΙΟΤΗΤΑΣ ΓΙΑ ΔΙΑΣΤΗΜΑ ΕΝΟΣ (1) ΜΗΝΑ,801114586,MYSERVICES HUMAN RESOURCES AND SECURITY ΑΝΩΝΥΜΗ ΕΤΑΙΡΕΙΑ ΙΔΙΩΤ ΕΠΙΧ ΠΑΡΟΧΗΣ ΥΠΗΡ ΑΣΦΑΛΕΙΑΣ ΚΑΙ ΛΕΙΤΟΥΡΓΙΚΗΣ ΥΠΟΣΤΗΡΙΞΗΣ,37109.48,,24202050000101
Ψ9ΧΚ46904Ν-9ΛΣ,2026-04-22,"ΑΠΟΦΑΣΗ ΠΡΟΕΔΡΟΥ ΕΓΚΡΙΣΗΣ ΤΟΥ ΠΡΑΚΤΙΚΟΥ ΤΗΣ ΕΠΙΤΡΟΠΗΣ ΑΞΙΟΛΟΓΗΣΗΣ ΤΗΣ ΠΡΟΣΦΟΡΑΣ ΓΙΑ ΤΗΝ ΠΑΡΟΧΗ ΥΠΗΡΕΣΙΩΝ ΕΦΑΠΑΞ ΕΠΙΣΚΕΥΗΣ ΚΑΙ ΕΤΗΣΙΑΣ ΠΡΟΛΗΠΤΙΚΗΣ ΣΥΝΤΗΡΗΣΗΣ ΕΠΤΑ (7) ΑΝΤΛΙΩΝ ΕΓΧΥΣΗΣ ΦΑΡΜΑΚΟΥ (ΣΕΤ ΑΝΤΛΙΑ – ΒΑΣΗ ΦΟΡΤΙΣΗΣ), ΤΟΥ ΚΑΤΑΣΚΕΥΑΣΤΙΚΟΥ ΟΙΚΟΥ CAESAREA MEDICAL ELECTRONICS, ΤΗΣ ΚΑΡΔΙΟΛΟΓΙΚΗΣ ΜΟΝΑΔΑΣ ΤΟΥ ΝΟΣΟΚΟΜΕΙΟΥ",801420577,ΜΑΜΑΛΙΓΚΑΣ Γ    ΣΙΑ Ε Ε,4340.0,,24203040000101
ΨΥ9946904Ν-3Λ4,2026-04-15,ΑΠΟΦΑΣΗ ΠΡΟΕΔΡΟΥ ΠΡΟΜΗΘΕΙΑ ΣΤΡΩΜΑΤΩΝ,999495127,ΛΕΩΝΙΔΑΣ ΨΗΛΙΑΚΟΣ ΚΑΙ ΣΙΑ ΕΤΑΙΡΕΙΑ ΠΕΡΙΟΡΙΣΜΕΝΗΣ ΕΥΘΥΝΗΣ,1463.2,39143112-4,31204890000101
Ψ10846904Ν-ΙΣ2,2026-04-07,ΑΠΟΦΑΣΗ ΠΡΟΕΔΡΟΥ ΑΝΑΘΕΣΗΣ ΤΗΣ ΑΝΤΙΚΑΤΑΣΤΑΣΗΣ ΗΧΟΒΟΛΟΥ ΚΕΦΑΛΗΣ ΤΥΠΟΥ CONVEX SC6-1E ΓΙΑ ΤΟΝ ΥΠΕΡΗΧΟΤΟΜΟΓΡΑΦΟ MINDRAY ΤΟΥ ΑΚΤΙΝΟΛΟΓΙΚΟΥ ΤΜΗΜΑΤΟΣ,095029193,ΠΑΠΑΠΟΣΤΟΛΟΥ Ν ΑΝΩΝΥΜΗ ΕΤΑΙΡΕΙΑ  ΕΤΑΙΡΕΙΑ ΕΜΠΟΡΙΑΣ ΚΑΙ ΑΝΤΙΠΡΟΣΩΠΕΙΩΝ ΙΑΤΡΙΚΩΝ ΕΡΓΑΛΕΙΩΝ ΚΑΙ ΜΗΧΑΝΗΜΑΤΩΝ,5772.2,,31201050000101
ΨΛΔ946904Ν-ΘΥΗ,2026-04-07,"ΑΠΟΦΑΣΗ ΠΡΟΕΔΡΟΥ ΑΝΑΘΕΣΗΣ ΤΗΣ ΕΦΑΠΑΞ ΕΠΙΣΚΕΥΗΣ, ΤΗΣ ΕΤΗΣΙΑΣ ΠΡΟΛΗΠΤΙΚΗΣ ΣΥΝΤΗΡΗΣΗΣ ΚΑΙ ΤΟΥ ΕΛΕΓΧΟΥ ΚΑΛΗΣ ΛΕΙΤΟΥΡΓΙΑΣ ΚΑΙ ΗΛΕΚΤΡΙΚΗΣ ΑΣΦΑΛΕΙΑΣ ΑΕΡΟΣΤΡΩΜΑΤΩΝ QUATTRO PLUS & MATTRESS, ΤΟΥ ΚΑΤΑΣΚΕΥΑΣΤΙΚΟΥ ΟΙΚΟΥ TALLEY MEDICAL/DIRECT HEALTHCARE GROUP (DHG), ΜΕ S/N QPS146921, QPS58983 ΚΑΙ QPS148866",999658897,Δ ΚΟΡΤΕΣΗΣ ΚΑΙ ΣΙΑ ΕΕ,2488.1,,24101080000101 – 24203040000101
9Χ2846904Ν-ΝΤΡ,2026-04-03,ΑΠΟΦΑΣΗ ΠΡΟΕΔΡΟΥ ΑΝΑΘΕΣΗΣ ΓΙΑ ΤΗΝ ΠΡΟΜΗΘΕΙΑ ΥΛΙΚΩΝ ΓΙΑ ΤΗΝ ΕΠΙΣΚΕΥΗ ΣΥΣΤΗΜΑΤΩΝ ΠΥΡΟΠΡΟΣΤΑΣΙΑΣ ΤΟΥ ΝΟΣΟΚΟΜΕΙΟΥ,999056339,ΣΤΕΛΙΟΣ ΔΙΑΡΜΙΣΗΣ ΚΑΙ ΣΙΑ ΟΕ,4665.0,44480000-8,24101890000101
ΨΔΙΘ46904Ν-0ΓΖ,2026-04-02,"ΑΠΟΦΑΣΗ ΠΡΟΕΔΡΟΥ ΑΝΑΘΕΣΗΣ ΤΗΣ ΑΝΤΙΚΑΤΑΣΤΑΣΗΣ ΒΡΑΧΙΟΝΑ ΣΤΗΡΙΞΗΣ ΚΥΚΛΩΜΑΤΟΣ ΓΙΑ ΑΝΑΠΝΕΥΣΤΗΡΑ LYRA X2, ΤΟΥ ΚΑΤΑΣΚΕΥΑΣΤΙΚΟΥ ΟΙΚΟΥ AXCENT MEDICAL, ΜΕ S/N GB-3S001968",801938784,MEDITRUST GROUP Α Ε,868.0,,24101080000101
ΨΧ9Δ46904Ν-ΚΑ2,2026-04-02,"ΑΠΟΦΑΣΗ ΠΡΟΕΔΡΟΥ ΑΝΑΘΕΣΗΣ ΤΗΣ ΠΡΟΜΗΘΕΙΑΣ ΥΛΙΚΩΝ ΓΙΑ ΤΕΣΣΕΡΙΣ (4) ΕΛΕΓΚΤΕΣ ΚΑΙ ΓΙΑ ΤΟ ΧΕΙΡΙΣΤΗΡΙΟ ΤΟΥ ΣΥΣΤΗΜΑΤΟΣ BMS ΣΤΟΝ ΜΗΧΑΝΟΡΟΦΟ ΤΟΥ ΚΤΗΡΙΟΥ Β’, ΓΙΑ ΤΗΝ ΕΥΡΥΘΜΗ ΛΕΙΤΟΥΡΓΙΑ ΤΩΝ ΚΕΝΤΡΙΚΩΝ ΚΛΙΜΑΤΙΣΤΙΚΩΝ ΜΟΝΑΔΩΝ ΚΑΙ ΤΟΥ ΣΥΣΤΗΜΑΤΟΣ ΠΑΡΑΓΩΓΗΣ ΖΕΣΤΟΥ ΝΕΡΟΥ ΧΡΗΣΗΣ ΤΟΥ ΚΤΗΡΙΟΥ",800830648,ΕΡΓΟΔΥΝΑΜΙΚΗ 2030 Ε Ε,1140.8,,24101060000101
Ψ3ΛΦ46904Ν-Ι19,2026-04-02,"ΑΠΟΦΑΣΗ ΠΡΟΕΔΡΟΥ ΑΝΑΘΕΣΗΣ ΤΗΣ ΕΠΙΣΚΕΥΗΣ, ΤΟΥ ΓΕΝΙΚΟΥ ΚΑΘΑΡΙΣΜΟΥ, ΤΩΝ ΡΥΘΜΙΣΕΩΝ ΚΑΙ ΤΟΥ ΕΛΕΓΧΟΥ ΚΑΛΗΣ ΛΕΙΤΟΥΡΓΙΑΣ ΑΠΙΝΙΔΩΤΗ TEC 5531K, ΤΟΥ ΚΑΤΑΣΚΕΥΑΣΤΙΚΟΥ ΟΙΚΟΥ NIHON KOHDEN, ΜΕ S/N 81781, ΑΠΟ ΤΗΝ ΑΠΟΚΛΕΙΣΤΙΚΗ ΑΝΤΙΠΡΟΣΩΠΟ ΕΤΑΙΡΕΙΑ",091569759,ΑΦΟΙ Α ΣΕΛΙΔΗ ΑΝΩΝΥΜΗ ΕΤΑΙΡΙΑ ΕΠΙΣΤΗΜΟΝΙΚΟΥ ΕΞΟΠΛΙΣΜΟΥ,813.44,,24101080000101 – 24203040000101
985Θ46904Ν-Δ33,2026-04-02,"ΑΠΟΦΑΣΗ ΠΡΟΕΔΡΟΥ ΑΝΑΘΕΣΗΣ ΤΗΣ ΕΠΙΣΚΕΥΗΣ ΔΥΟ (2) ΦΟΡΕΙΩΝ ΜΕΤΑΦΟΡΑΣ, ΤΟΥ ΚΑΤΑΣΚΕΥΑΣΤΙΚΟΥ ΟΙΚΟΥ PSILIAKOS HOSPITAL EQUIPMENT ΕΠΕ, ΜΕ S/N 6005-3097-01-002 ΚΑΙ 6003-3732-01-001, ΑΠΟ ΤΗΝ ΑΠΟΚΛΕΙΣΤΙΚΗ ΑΝΤΙΠΡΟΣΩΠΟ ΕΤΑΙΡΕΙΑ",999495127,ΛΕΩΝΙΔΑΣ ΨΗΛΙΑΚΟΣ ΚΑΙ ΣΙΑ ΕΤΑΙΡΕΙΑ ΠΕΡΙΟΡΙΣΜΕΝΗΣ ΕΥΘΥΝΗΣ,835.26,,24101890000101
9ΖΧ746904Ν-Α2Ρ,2026-03-31,ΑΠΟΦΑΣΗ ΠΡΟΕΔΡΟΥ ΑΝΑΘΕΣΗΣ ΓΙΑ ΤΗΝ ΠΑΡΟΧΗ ΥΠΗΡΕΣΙΩΝ ΓΙΑ ΚΑΤΑΣΚΕΥΑΣΤΙΚΕΣ ΕΡΓΑΣΙΕΣ ΓΙΑ ΤΟΝ ΧΩΡΟ ΤΟΥ ΚΛΙΒΑΝΟΥ ΑΠΟΣΤΕΙΡΩΣΗΣ,801220499,Π Π ΚΑΤΑΣΚΕΥΑΣΤΙΚΗ Ο Ε,8000.0,44221200-7,24101060000101
9ΖΧ746904Ν-Α2Ρ,2026-03-31,ΑΠΟΦΑΣΗ ΠΡΟΕΔΡΟΥ ΑΝΑΘΕΣΗΣ ΓΙΑ ΤΗΝ ΠΑΡΟΧΗ ΥΠΗΡΕΣΙΩΝ ΓΙΑ ΚΑΤΑΣΚΕΥΑΣΤΙΚΕΣ ΕΡΓΑΣΙΕΣ ΓΙΑ ΤΟΝ ΧΩΡΟ ΤΟΥ ΚΛΙΒΑΝΟΥ ΑΠΟΣΤΕΙΡΩΣΗΣ,801220499,Π Π ΚΑΤΑΣΚΕΥΑΣΤΙΚΗ Ο Ε,8000.0,45324000-4,24203010000101
6ΜΑΡ46904Ν-ΛΒ0,2026-03-17,"ΑΠΟΦΑΣΗ ΠΡΟΕΔΡΟΥ ΑΝΑΘΕΣΗΣ ΤΗΣ ΕΠΙΣΚΕΥΗΣ, ΤΟΥ ΓΕΝΙΚΟΥ ΚΑΘΑΡΙΣΜΟΥ, ΤΩΝ ΡΥΘΜΙΣΕΩΝ ΚΑΙ ΤΟΥ ΕΛΕΓΧΟΥ ΚΑΛΗΣ ΛΕΙΤΟΥΡΓΙΑΣ ΑΠΙΝΙΔΩΤΗ TEC 5531K, ΤΟΥ ΚΑΤΑΣΚΕΥΑΣΤΙΚΟΥ ΟΙΚΟΥ NIHON KOHDEN, ΜΕ S/N 81658, ΑΠΟ ΤΗΝ ΑΠΟΚΛΕΙΣΤΙΚΗ ΑΝΤΙΠΡΟΣΩΠΟ ΕΤΑΙΡΕΙΑ",091569759,ΑΦΟΙ Α ΣΕΛΙΔΗ ΑΝΩΝΥΜΗ ΕΤΑΙΡΙΑ ΕΠΙΣΤΗΜΟΝΙΚΟΥ ΕΞΟΠΛΙΣΜΟΥ,905.2,,24101080000101 – 24203040000101
6ΤΕΘ46904Ν-ΤΡΖ,2026-03-24,"ΑΠΟΦΑΣΗ ΠΡΟΕΔΡΟΥ ΑΝΑΘΕΣΗΣ ΤΗΣ ΕΦΑΠΑΞ ΕΤΗΣΙΑΣ ΠΡΟΛΗΠΤΙΚΗΣ ΣΥΝΤΗΡΗΣΗΣ ΚΑΙ ΤΟΥ ΕΦΑΠΑΞ ΕΛΕΓΧΟΥ ΚΑΛΗΣ ΛΕΙΤΟΥΡΓΙΑΣ ΤΗΛΕΧΕΙΡΙΖΟΜΕΝΟΥ ΑΚΤΙΝΟΓΡΑΦΙΚΟΥ – ΑΚΤΙΝΟΣΚΟΠΙΚΟΥ ΣΥΣΤΗΜΑΤΟΣ ΜΕ ΚΑΤΑΚΛΙΝΟΜΕΝΗ ΤΡΑΠΕΖΑ OPERA G650RF/DR, ΤΟΥ ΚΑΤΑΣΚΕΥΑΣΤΙΚΟΥ ΟΙΚΟΥ GENERAL MEDICAL MERATE, ΚΑΙ ΦΟΡΗΤΟΥ ΑΚΤΙΝΟΛΟΓΙΚΟΥ ΜΗΧΑΝΗΜΑΤΟΣ ROLLER 15, ΤΟΥ ΚΑΤΑΣΚΕΥΑΣΤΙΚΟΥ ΟΙΚΟΥ SMAM, ΜΕ S/N T10559, ΑΠΟ ΤΗΝ ΑΠΟΚΛΕΙΣΤΙΚΗ ΑΝΤΙΠΡΟΣΩΠΟ ΕΤΑΙΡΕΙΑ",094512503,ΑΠΟΣΤΟΛΟΣ ΓΕΩΡΓ ΠΑΠΟΥΔΗΣ ΚΑΙ ΥΙΟΣ ΑΝΩΝΥΜΟΣ ΕΜΠΟΡΙΚΗ ΕΤΑΙΡΙΑ ΑΝΤΙΠΡΟΣΩΠΕΙΕΣ ΕΙΣΑΓΩΓΕΣ ΙΑΤΡΙΚΩΝ ΜΗΧΑΝΗΜΑΤΩΝ,1636.8,,24203040000101
Ψ2ΛΔ46904Ν-3ΞΚ,2026-03-24,"ΑΠΟΦΑΣΗ ΠΡΟΕΔΡΟΥ ΑΝΑΘΕΣΗΣ ΤΗΣ ΕΠΙΣΚΕΥΗΣ, ΤΟΥ ΕΛΕΓΧΟΥ ΚΑΛΗΣ ΛΕΙΤΟΥΡΓΙΑΣ ΚΑΙ ΗΛΕΚΤΡΙΚΗΣ ΑΣΦΑΛΕΙΑΣ ΚΑΙ ΕΤΗΣΙΑΣ ΕΦΑΠΑΞ ΒΑΘΜΟΝΟΜΗΣΗΣ ΔΙΑΘΕΡΜΙΑΣ VIO200S, ΠΛΗΡΗΣ, 10140-400, ΜΕ S/N 11312601, ΚΑΙ ΣΥΣΚΕΥΗΣ ΑΙΜΟΣΤΑΣΗΣ ARGON APC2 10134-000, ΜΕ S/N 11402374, ΤΟΥ ΚΑΤΑΣΚΕΥΑΣΤΙΚΟΥ ΟΙΚΟΥ ERBE GMBH, ΑΠΟ ΤΗΝ ΑΠΟΚΛΕΙΣΤΙΚΗ ΑΝΤΙΠΡΟΣΩΠΟ ΕΤΑΙΡΕΙΑ",094504367,ΕΝΔΟΣΚΟΠΙΚΗ ΑΝΩΝΥΜΟΣ ΕΜΠΟΡΙΚΗ ΕΤΑΙΡΕΙΑ ΙΑΤΡΙΚΩΝ ΕΙΔΩΝ,1401.2,,24101080000101 – 24203040000101
9ΠΟ446904Ν-ΞΓΗ,2026-03-24,ΑΠΟΦΑΣΗ ΠΡΟΕΔΡΟΥ ΑΝΑΘΕΣΗΣ ΓΙΑ ΤΗΝ ΣΥΝΤΗΡΗΣΗΚΑΙ ΕΠΙΣΚΕΥΗ ΞΕΝΟΔΟΧΕΙΑΚΟΥ /ΞΥΛΟΥΡΓΙΚΟΥ ΕΞΟΠΛΙΣΜΟΥ,117404978,"ΧΡΗΣΤΑΚΟΣ,,ΘΕΟΔΩΡΟΣ,ΓΕΩΡΓΙΟΣ",8500.0,,24101060000101-24203010000101
94ΨΛ46904Ν-ΤΒΧ,2026-03-24,ΑΠΟΦΑΣΗ ΠΡΟΕΔΡΟΥ ΑΝΑΘΕΣΗΣ ΤΗΣ ΠΡΟΜΗΘΕΙΑΣ ΕΝΟΣ (1) ΑΝΙΧΝΕΥΤΗ ΦΛΟΓΑΣ ΤΟΥ ΚΑΥΣΤΗΡΑ ΣΤΟ ΚΤΗΡΙΟ Α,099008023,ΑΦΟΙ ΜΑΡΗ ΟΕ,248.0,,24101060000101
6ΝΞΕ46904Ν-9ΘΝ,2026-03-24,ΑΠΟΦΑΣΗ ΠΡΟΕΔΡΟΥ ΑΝΑΘΕΣΗΣ ΤΗΣ ΠΡΟΜΗΘΕΙΑΣ ΕΝΟΣ (1) ΘΕΡΜΟΜΑΓΝΗΤΙΚΟΥ ΔΙΑΚΟΠΤΗ 2.5-4 A ΓΙΑ ΤΗΝ ΠΡΟΣΤΑΣΙΑ ΤΗΣ ΚΚΜ4,800830648,ΕΡΓΟΔΥΝΑΜΙΚΗ 2030 Ε Ε,155.0,,24101060000101
ΡΑΑΨ46904Ν-0ΓΓ,2026-03-20,ΑΠΟΦΑΣΗ ΠΡΟΕΔΡΟΥ ΕΓΚΡΙΣΗΣ ΤΟΥ ΠΡΑΚΤΙΚΟΥ ΤΗΣ ΕΠΙΤΡΟΠΗΣ ΑΞΙΟΛΟΓΗΣΗΣ ΤΗΣ ΠΡΟΣΦΟΡΑΣ ΓΙΑ ΤΗΝ ΠΑΡΟΧΗ ΥΠΗΡΕΣΙΩΝ ΠΛΥΣΗΣ ΑΚΑΘΑΡΤΟΥ ΙΜΑΤΙΣΜΟΥ ΓΙΑ ΧΡΟΝΙΚΟ ΔΙΑΣΤΗΜΑ ΔΥΟ (2) ΜΗΝΩΝ Η ΕΩΣ ΕΞΑΝΤΛΗΣΕΩΣ ΤΩΝ ΠΟΣΟΤΗΤΩΝ Η ΕΩΣ ΤΕΛΕΣΦΟΡΗΣΗΣ ΤΩΝ ΔΙΑΔΙΚΑΣΙΩΝ ΤΟΥ ΕΤΗΣΙΟΥ ΔΙΑΓΩΝΙΣΜΟΥ,997672233,ΑΝΔΡΕΑΣ ΠΑΠΑΓΙΑΝΝΗΣ ΚΑΙ ΥΙΟΣ ΑΝΩΝΥΜΟΣ ΕΜΠΟΡΙΚΗ ΚΑΙ ΒΙΟΜΗΧΑΝΙΚΗ ΕΤΑΙΡΕΙΑ ΜΗΧΑΝΙΚΩΝ ΠΛΥΝΤΗΡΙΩΝ ΙΜΑΤΙΣΜΟΥ ΤΑΠΗΤΩΝ ΚΑΙ ΟΜΟΙΩ,36852.87,,24202050000101
99ΥΦ46904Ν-9ΑΤ,2026-03-20,ΑΠΟΦΑΣΗ ΠΡΟΕΔΡΟΥ ΕΓΚΡΙΣΗΣ ΤΟΥ ΠΡΑΚΤΙΚΟΥ ΤΗΣ ΕΠΙΤΡΟΠΗΣ ΑΞΙΟΛΟΓΗΣΗΣ ΤΩΝ ΠΡΟΣΦΟΡΩΝ ΠΑΡΟΧΗΣ ΥΠΗΡΕΣΙΩΝ ΚΑΘΑΡΙΟΤΗΤΑΣ ΓΙΑ ΔΙΑΣΤΗΜΑ ΕΝΟΣ (1) ΜΗΝΑ,801114586,MYSERVICES HUMAN RESOURCES AND SECURITY ΑΝΩΝΥΜΗ ΕΤΑΙΡΕΙΑ ΙΔΙΩΤ ΕΠΙΧ ΠΑΡΟΧΗΣ ΥΠΗΡ ΑΣΦΑΛΕΙΑΣ ΚΑΙ ΛΕΙΤΟΥΡΓΙΚΗΣ ΥΠΟΣΤΗΡΙΞΗΣ,37109.48,,24202050000101
ΨΨΤ146904Ν-ΡΙΒ,2026-03-17,"ΑΠΟΦΑΣΗ ΠΡΟΕΔΡΟΥ ΑΝΑΘΕΣΗΣ ΤΗΣ ΑΝΤΙΚΑΤΑΣΤΑΣΗΣ ΑΝΤΛΙΑΣ ΚΕΝΟΥ ΚΛΙΒΑΝΟΥ ΤΑΧΕΙΑΣ ΑΠΟΣΤΕΙΡΩΣΗΣ STE-23D, ΤΟΥ ΚΑΤΑΣΚΕΥΑΣΤΙΚΟΥ ΟΙΚΟΥ ICANCLAVE, ΜΕ S/N A26032B23D2E38110I, ΑΠΟ ΤΗΝ ΑΠΟΚΛΕΙΣΤΙΚΗ ΑΝΤΙΠΡΟΣΩΠΟ ΕΤΑΙΡΕΙΑ",801420577,ΜΑΜΑΛΙΓΚΑΣ Γ    ΣΙΑ Ε Ε,483.6,,24101080000101 – 24203040000101
9Ο5846904Ν-5ΤΜ,2026-03-11,"ΑΠΟΦΑΣΗ ΠΡΟΕΔΡΟΥ ΕΓΚΡΙΣΗΣ ΤΟΥ ΠΡΑΚΤΙΚΟΥ ΤΗΣ ΕΠΙΤΡΟΠΗΣ ΑΞΙΟΛΟΓΗΣΗΣ ΤΗΣ ΠΡΟΣΦΟΡΑΣ ΓΙΑ ΤΗΝ ΠΑΡΟΧΗ ΥΠΗΡΕΣΙΩΝ ΣΥΜΒΟΥΛΟΥ ΔΙΑΠΙΣΤΕΥΣΗΣ ΤΟΥ ΑΙΜΑΤΟΛΟΓΙΚΟΥ ΤΜΗΜΑΤΟΣ ΤΟΥ ΝΟΣΟΚΟΜΕΙΟΥ, ΚΑΤΑ ISO 9001:2015, ΓΙΑ ΤΟ ΕΤΟΣ 2026",095432469,ΔΙΕΘΝΕΙΣ ΥΠΗΡΕΣΙΕΣ ΠΕΡΙΒΑΛΛΟΝΤΟΣ ΚΑΙ ΠΟΙΟΤΗΤΑΣ ΜΕΛΕΤΕΣ ΕΦΑΡΜΟΓΕΣ ΑΝΩΝΥΜΗ ΕΤΑΙΡΕΙΑ,1200.0,,24209890000101
ΕΒΟ446904Ν-Γ09,2026-03-11,"ΑΠΟΦΑΣΗ ΠΡΟΕΔΡΟΥ ΕΓΚΡΙΣΗΣ ΤΟΥ ΠΡΑΚΤΙΚΟΥ ΤΗΣ ΕΠΙΤΡΟΠΗΣ ΑΞΙΟΛΟΓΗΣΗΣ ΤΗΣ ΠΡΟΣΦΟΡΑΣ ΓΙΑ ΤΗΝ ΠΑΡΟΧΗ ΥΠΗΡΕΣΙΩΝ ΣΥΜΒΟΥΛΟΥ ΔΙΑΠΙΣΤΕΥΣΗΣ ΤΟΥ ΒΙΟΧΗΜΙΚΟΥ ΤΜΗΜΑΤΟΣ ΤΟΥ ΝΟΣΟΚΟΜΕΙΟΥ, ΚΑΤΑ ISO 15189:2022 ΓΙΑ ΤΟ ΕΤΟΣ 2026",095432469,ΔΙΕΘΝΕΙΣ ΥΠΗΡΕΣΙΕΣ ΠΕΡΙΒΑΛΛΟΝΤΟΣ ΚΑΙ ΠΟΙΟΤΗΤΑΣ ΜΕΛΕΤΕΣ ΕΦΑΡΜΟΓΕΣ ΑΝΩΝΥΜΗ ΕΤΑΙΡΕΙΑ,1700.0,,24209890000101
ΕΟ1Η46904Ν-ΦΒΗ,2026-03-11,ΑΠΟΦΑΣΗ ΠΡΟΕΔΡΟΥ ΑΝΑΘΕΣΗΣ ΥΠΗΡΕΣΙΩΝ ΓΙΑ ΤΗΝ ΜΕΤΑΦΟΡΑ ΞΕΝΟΔΟΧΕΙΑΚΟΥ ΕΞΟΠΛΙΣΜΟΥ,045245951,"ΓΕΡΟΓΙΑΝΝΗΣ,,ΑΡΙΣΤΟΤΕΛΗΣ,ΓΕΩΡΓΙΟΣ",2800.0,,24209890000101
65ΠΑ46904Ν-ΠΛΞ,2026-03-11,ΑΠΟΦΑΣΗ ΠΡΟΕΔΡΟΥ ΕΓΚΡΙΣΗΣ ΤΟΥ ΠΡΑΚΤΙΚΟΥ ΤΗΣ ΕΠΙΤΡΟΠΗΣ ΑΞΙΟΛΟΓΗΣΗΣ ΤΩΝ ΠΡΟΣΦΟΡΩΝ ΓΙΑ ΤΗΝ ΠΡΟΜΗΘΕΙΑ ΑΝΤΙΔΡΑΣΤΗΡΙΩΝ ΣΧΕΤΙΚΑ ΜΕ ΤΟΝ ΕΞΩΤΕΡΙΚΟ ΠΟΙΟΤΙΚΟ ΕΛΕΓΧΟ ΤΟΥ ΠΑΘΟΛΟΓΟΑΝΑΤΟΜΙΚΟΥ ΤΜΗΜΑΤΟΣ ΓΙΑ ΤΟ ΕΤΟΣ 2026,095580571,ΑΛΦΑ ΜΕΝΤΙΚΑΛ ΕΙΣΑΓΩΓΕΣ ΚΑΙ ΑΝΤΙΠΡΟΣΩΠΕΙΕΣ ΙΑΤΡΟΤΕΧΝΟΛΟΓΙΚΩΝ ΚΑΙ ΦΑΡΜΑΚΕΥΤΙΚΩΝ ΠΡΟΙΟΝΤΩΝ ΑΝΩΝΥΜΟΣ ΕΜΠΟΡΙΚΗ  ΒΙΟΜΗΧΑΝΙΚΗ,6540.0,,32302050000101
ΨΓ4046904Ν-0ΚΦ,2026-03-11,ΑΠΟΦΑΣΗ ΠΡΟΕΔΡΟΥ ΕΓΚΡΙΣΗΣ ΤΟΥ ΠΡΑΚΤΙΚΟΥ ΤΗΣ ΕΠΙΤΡΟΠΗΣ ΑΞΙΟΛΟΓΗΣΗΣ ΤΩΝ ΠΡΟΣΦΟΡΩΝ ΓΙΑ ΤΗΝ ΠΡΟΜΗΘΕΙΑ ΑΝΤΙΔΡΑΣΤΗΡΙΩΝ ΣΧΕΤΙΚΑ ΜΕ ΤΟΝ ΕΞΩΤΕΡΙΚΟ ΠΟΙΟΤΙΚΟ ΕΛΕΓΧΟ ΤΟΥ ΚΥΤΤΑΡΟΛΟΓΙΚΟΥ ΤΜΗΜΑΤΟΣ ΓΙΑ ΤΟ ΕΤΟΣ 2026,095580571,ΑΛΦΑ ΜΕΝΤΙΚΑΛ ΕΙΣΑΓΩΓΕΣ ΚΑΙ ΑΝΤΙΠΡΟΣΩΠΕΙΕΣ ΙΑΤΡΟΤΕΧΝΟΛΟΓΙΚΩΝ ΚΑΙ ΦΑΡΜΑΚΕΥΤΙΚΩΝ ΠΡΟΙΟΝΤΩΝ ΑΝΩΝΥΜΟΣ ΕΜΠΟΡΙΚΗ  ΒΙΟΜΗΧΑΝΙΚΗ,2250.0,,32302050000101
924Ρ46904Ν-ΒΞΗ,2026-03-09,"ΑΠΟΦΑΣΗ ΠΡΟΕΔΡΟΥ ΑΠΕΥΘΕΙΑΣ ΑΝΑΘΕΣΗΣ ΓΙΑ ΤΗΝ ΕΓΚΑΤΑΣΤΑΣΗ ΟΚΤΩ (8) ΕΠΙΤΟΙΧΙΩΝ ΛΗΨΕΩΝ ΔΥΟ ΙΑΤΡΙΚΩΝ ΑΕΡΙΩΝ, ΟΞΥΓΟΝΟΥ (O2) ΚΑΙ ΚΕΝΟΥ (VAC) ΣΤΑ ΕΞΩΤΕΡΙΚΑ ΤΑΚΤΙΚΑ ΙΑΤΡΕΙΑ Ω.Ρ.Λ. (ΟΦΘΑΛΜΟΛΟΓΙΚΑ ΙΑΤΡΕΙΑ)",999796735,Α ΑΠΟΣΤΟΛΟΥ ΚΑΙ Χ ΔΕΓΕΣΤΙΝΟΣ ΟΜΟΡΡΥΘΜΗ ΕΤΑΙΡΕΙΑ,7068.0,42931130-1,2411060000101-24203010000101
Ρ87Ζ46904Ν-Η4Φ,2026-03-05,ΑΠΟΦΑΣΗ ΠΡΟΕΔΡΟΥ ΑΝΑΘΕΣΗΣ ΓΙΑ ΤΗΝ ΠΡΟΜΗΘΕΙΑ ΚΑΙ ΤΗΝ ΑΝΤΙΚΑΤΑΣΤΑΣΗ ΤΕΣΣΑΡΩΝ (4) ΣΥΣΣΩΡΕΥΤΩΝ 12V/180AH ΓΙΑ ΤΙΣ ΓΕΝΝΗΤΡΙΕΣ IVECO ΚΑΙ CAMMINS,999438956,Γ ΒΕΝΕΤΗΣ ΚΑΙ ΣΙΑ ΕΕ,1359.04,,24101890000101
9ΑΡ046904Ν-Δ87,2026-03-04,ΑΠΟΦΑΣΗ ΠΡΟΕΔΡΟΥ ΕΓΚΡΙΣΗΣ ΤΟΥ ΠΡΑΚΤΙΚΟΥ ΤΗΣ ΕΠΙΤΡΟΠΗΣ ΑΞΙΟΛΟΓΗΣΗΣ ΤΗΣ ΠΡΟΣΦΟΡΑΣ ΓΙΑ ΤΗΝ «ΣΥΜΜΕΤΟΧΗ ΤΟΥ ΑΙΜΑΤΟΛΟΓΙΚΟΥ ΤΜΗΜΑΤΟΣ ΓΙΑ ΤΟΝ ΠΟΙΟΤΙΚΟ ΕΛΕΓΧΟ ΤΟΥ ΑΙΜΟΡΡΑΓΙΚΟΥ ΕΛΕΓΧΟΥ ΣΤΟ ΠΡΟΓΡΑΜΜΑ ΤΗΣ BIO-RAD ΓΙΑ ΕΝΑ (1) ΕΤΟΣ» ΚΑΙ ΑΝΑΘΕΣΗΣ,800633585,HELIX SQUARED ΙΔΙΩΤΙΚΗ ΚΕΦΑΛΑΙΟΥΧΙΚΗ ΕΤΑΙΡΕΙΑ,644.8,,32302050000101
ΨΝΧΤ46904Ν-Φ05,2026-03-04,"ΑΠΟΦΑΣΗ ΠΡΟΕΔΡΟΥ ΑΝΑΘΕΣΗΣ ΓΙΑ ΤΗΝ ΠΡΟΜΗΘΕΙΑ ΚΑΙ ΤΗΣ ΑΝΤΙΚΑΤΑΣΤΑΣΗ ΜΙΑΣ (1) ΗΛΕΚΤΡΙΚΗΣ ΑΝΤΙΣΤΑΣΗΣ ΚΟΡΜΟΥ ΙΣΧΥΟΣ 1,43 KVA ΓΙΑ ΤΟ ΣΥΣΤΗΜΑ ΠΡΟΘΕΡΜΑΝΣΗΣ ΤΗΣ ΓΕΝΝΗΤΡΙΑΣ IVECO",999438956,Γ ΒΕΝΕΤΗΣ ΚΑΙ ΣΙΑ ΕΕ,868.0,,24101890000101
6ΜΝΙ46904Ν-0ΛΔ,2026-03-03,ΑΠΟΦΑΣΗ ΠΡΟΕΔΡΟΥ ΕΓΚΡΙΣΗΣ ΤΟΥ ΠΡΑΚΤΙΚΟΥ ΤΗΣ ΕΠΙΤΡΟΠΗΣ ΑΞΙΟΛΟΓΗΣΗΣ ΤΩΝ ΠΡΟΣΦΟΡΩΝ ΓΙΑ ΤΗΝ ΠΡΟΜΗΘΕΙΑ RAPID TEST INFLUENZA A/B ΓΙΑ ΤΙΣ ΑΝΑΓΚΕΣ ΤΟΥ ΝΟΣΟΚΟΜΕΙΟΥ ΓΙΑ ΕΞΙ (6) ΜΗΝΕΣ ΚΑΙ ΑΝΑΘΕΣΗΣ,095618368,ΕΜΠΟΡΙΑ ΚΑΙ ΤΕΧΝΟΓΝΩΣΙΑ ΦΑΡΜΑΚΕΥΤΙΚΩΝ ΚΑΙ ΠΑΡΑΦΑΡΜΑΚΕΥΤΙΚΩΝ ΕΙΔΩΝ ΕΠΕ,3625.2,,32302050000101
ΡΔΟΘ46904Ν-ΧΑ9,2026-02-20,ΑΠΟΦΑΣΗ ΠΡΟΕΔΡΟΥ ΕΓΚΡΙΣΗΣ ΤΟΥ ΠΡΑΚΤΙΚΟΥ ΤΗΣ ΕΠΙΤΡΟΠΗΣ ΑΞΙΟΛΟΓΗΣΗΣ ΤΩΝ ΠΡΟΣΦΟΡΩΝ ΠΑΡΟΧΗΣ ΥΠΗΡΕΣΙΩΝ ΚΑΘΑΡΙΟΤΗΤΑΣ ΓΙΑ ΔΙΑΣΤΗΜΑ ΕΝΟΣ (1) ΜΗΝΑ,801114586,MYSERVICES HUMAN RESOURCES AND SECURITY ΑΝΩΝΥΜΗ ΕΤΑΙΡΕΙΑ ΙΔΙΩΤ ΕΠΙΧ ΠΑΡΟΧΗΣ ΥΠΗΡ ΑΣΦΑΛΕΙΑΣ ΚΑΙ ΛΕΙΤΟΥΡΓΙΚΗΣ ΥΠΟΣΤΗΡΙΞΗΣ,37109.48,,24202050000101
Ψ87Η46904Ν-Δ3Χ,2026-02-20,Απόφαση προέδρου για την προμήθεια υλικών και επισκευής φωτοτυπικού μηχανήματος λόγω βλάβης,094025031,ΑΔΕΛΦΟΙ ΔΟΞΙΑΔΗ ΓΡΑΦΟΤΕΧΝΙΚΗ ΑΝΩΝΥΜΟΣ ΕΤΑΙΡΕΙΑ,466.26,,24101890000101
Ψ87Η46904Ν-Δ3Χ,2026-02-20,Απόφαση προέδρου για την προμήθεια υλικών και επισκευής φωτοτυπικού μηχανήματος λόγω βλάβης,094025031,ΑΔΕΛΦΟΙ ΔΟΞΙΑΔΗ ΓΡΑΦΟΤΕΧΝΙΚΗ ΑΝΩΝΥΜΟΣ ΕΤΑΙΡΕΙΑ,50.41,,24203040000101
923Θ46904Ν-95Ω,2026-02-18,ΑΠΟΦΑΣΗ ΠΡΟΕΔΡΟΥ ΕΓΚΡΙΣΗΣ ΤΟΥ ΠΡΑΚΤΙΚΟΥ ΤΗΣ ΕΠΙΤΡΟΠΗΣ ΑΞΙΟΛΟΓΗΣΗΣ ΤΗΣ ΠΡΟΣΦΟΡΑΣ ΓΙΑ ΤΗΝ ΕΦΑΠΑΞ ΕΤΗΣΙΑ ΣΥΝΤΗΡΗΣΗ ΔΕΚΑΕΞΙ (16) ΚΛΙΝΩΝ ΤΗΣ ΚΑΡΔΙΟΛΟΓΙΚΗΣ ΚΛΙΝΙΚΗΣ ΤΥΠΟΥ LINET,095029193,ΠΑΠΑΠΟΣΤΟΛΟΥ Ν ΑΝΩΝΥΜΗ ΕΤΑΙΡΕΙΑ  ΕΤΑΙΡΕΙΑ ΕΜΠΟΡΙΑΣ ΚΑΙ ΑΝΤΙΠΡΟΣΩΠΕΙΩΝ ΙΑΤΡΙΚΩΝ ΕΡΓΑΛΕΙΩΝ ΚΑΙ ΜΗΧΑΝΗΜΑΤΩΝ,5495.68,,24101080000101 - 24203040000101
9ΦΓ046904Ν-ΨΦΦ,2026-02-18,ΑΠΟΦΑΣΗ ΠΡΟΕΔΡΟΥ ΕΓΚΡΙΣΗΣ ΤΟΥ ΠΡΑΚΤΙΚΟΥ ΤΗΣ ΕΠΙΤΡΟΠΗΣ ΑΞΙΟΛΟΓΗΣΗΣ ΤΩΝ ΠΡΟΣΦΟΡΩΝ ΓΙΑ ΤΗΝ ΠΑΡΟΧΗ ΥΠΗΡΕΣΙΩΝ ΑΝΑΝΕΩΣΗΣ ΑΔΕΙΩΝ ΧΡΗΣΗΣ (LICENSES) ΤΟΥ ΛΟΓΙΣΜΙΚΟΥ VMWARE VSPHERE ΤΩΝ ΚΕΝΤΡΙΚΩΝ ΥΠΟΔΟΜΩΝ (SERVERS) ΤΟΥ ΝΟΣΟΚΟΜΕΙΟΥ ΓΙΑ ΕΝΑ (1) ΕΤΟΣ,999481910,ΓΟΥΔΕΒΕΝΟΥ ΚΕΡΚΥΡΑ ΚΑΙ ΣΙΑ ΕΕ,7285.25,,24209890000101
Ρ0ΩΚ46904Ν-ΙΛ0,2026-02-18,ΑΠΟΦΑΣΗ ΠΡΟΕΔΡΟΥ ΕΓΚΡΙΣΗΣ ΠΡΑΚΤΙΚΟΥ ΤΗς ΕΠΙΤΡΟΠΗΣ ΑΞΙΟΛΟΓΗΣΣ ΤΟΥ ΔΙΑΓΩΝΙΣΜΟΥ ΚΑΙ ΑΝΑΘΕΣΗΣ ΥΠΗΡΕΣΙΩΝ ΓΙΑ ΤΗΝ ΕΠΙΔΙΟΡΘΩΣΗ ΚΑΙ ΜΕΤΑΠΟΙΗΣΗ ΤΟΥ ΙΜΑΤΙΣΜΟΥ,802066926,FABRIKA TESSUTO ΜΟΝΟΠΡΟΣΩΠΗ Ι Κ Ε,5090.0,50830000-2,24209890000101
9ΘΞ346904Ν-Σ7Ι,2026-02-12,"ΑΠΟΦΑΣΗ ΠΡΟΕΔΡΟΥ ΑΝΑΘΕΣΗΣ ΤΗΣ ΠΡΟΜΗΘΕΙΑΣ ΚΑΙ ΤΗΣ ΑΝΤΙΚΑΤΑΣΤΑΣΗΣ ΕΝΟΣ (1) ΕΞΑΡΤΗΜΑΤΟΣ ΠΟΛΛΑΠΛΗΣ ΕΞΑΓΩΓΗΣ ΨΥΚΤΙΚΟΥ ΚΥΚΛΩΜΑΤΟΣ, ΕΝΟΣ (1) ΕΞΑΡΤΗΜΑΤΟΣ ΠΟΛΛΑΠΛΗΣ ΕΙΣΑΓΩΓΗΣ ΨΥΚΤΙΚΟΥ ΚΥΚΛΩΜΑΤΟΣ, ΕΝΟΣ (1) ΣΩΛΗΝΑ ΨΥΚΤΙΚΟΥ ΚΥΚΛΩΜΑΤΟΣ ΚΑΙ ΔΥΟ (2) ΦΛΑΤΖΩΝ ΨΥΚΤΙΚΟΥ ΚΥΚΛΩΜΑΤΟΣ ΤΗΣ ΓΕΝΝΗΤΡΙΑΣ IVECO",999438956,Γ ΒΕΝΕΤΗΣ ΚΑΙ ΣΙΑ ΕΕ,1066.4,,24101890000101
9Θ8246904Ν-ΓΙΦ,2026-02-12,ΑΠΟΦΑΣΗ ΠΡΟΕΔΡΟΥ ΑΝΑΘΕΣΗΣ ΤΗΣ ΠΡΟΜΗΘΕΙΑΣ ΚΑΙ ΤΗΣ ΑΝΤΙΚΑΤΑΣΤΑΣΗΣ ΜΙΑΣ (1) ΗΛΕΚΤΡΙΚΗΣ ΑΝΤΙΣΤΑΣΗΣ ΙΣΧΥΟΣ 2 KW ΤΟΥ ΣΥΣΤΗΜΑΤΟΣ ΠΡΟΘΕΡΜΑΝΣΗΣ ΤΗΣ ΓΕΝΝΗΤΡΙΑΣ DUSAN,999438956,Γ ΒΕΝΕΤΗΣ ΚΑΙ ΣΙΑ ΕΕ,272.8,,24101890000101
9Π9Α46904Ν-ΚΜ8,2026-02-12,"ΑΠΟΦΑΣΗ ΠΡΟΕΔΡΟΥ ΑΝΑΘΕΣΗΣ ΤΗΣ ΕΠΙΣΚΕΥΗΣ ΦΟΡΕΙΟΥ 6005, ΤΟΥ ΚΑΤΑΣΚΕΥΑΣΤΙΚΟΥ ΟΙΚΟΥ PSILIAKOS HOSPITAL EQUIPMENT ΕΠΕ, ΜΕ S/N 3658-01-001, ΑΠΟ ΤΗΝ ΑΠΟΚΛΕΙΣΤΙΚΗ ΑΝΤΙΠΡΟΣΩΠΟ ΕΤΑΙΡΕΙΑ",999495127,ΛΕΩΝΙΔΑΣ ΨΗΛΙΑΚΟΣ ΚΑΙ ΣΙΑ ΕΤΑΙΡΕΙΑ ΠΕΡΙΟΡΙΣΜΕΝΗΣ ΕΥΘΥΝΗΣ,196.66,,24101890000101-24203040000101
Ψ9ΦΡ46904Ν-ΛΘΙ,2026-02-12,"ΑΠΟΦΑΣΗ ΠΡΟΕΔΡΟΥ ΑΝΑΘΕΣΗΣ ΤΗΣ ΕΦΑΠΑΞ ΣΥΝΤΗΡΗΣΗΣ ΕΞΙ (6) ΜΟΝΙΤΟΡ ΜΕ S/N G3LR40016, G3LR40024, G3LR40011, G3LR40025, G3LR40019 ΚΑΙ G3LR40020, ΚΑΙ ΕΝΟΣ (1) ΚΕΝΤΡΙΚΟΥ ΣΤΑΘΜΟΥ ΠΑΡΑΚΟΛΟΥΘΗΣΗΣ CMS2800, ΤΟΥ ΚΑΤΑΣΚΕΥΑΣΤΙΚΟΥ ΟΙΚΟΥ GENERAL MEDITECH, ΑΠΟ ΤΗΝ ΑΠΟΚΛΕΙΣΤΙΚΗ ΑΝΤΙΠΡΟΣΩΠΟ ΕΤΑΙΡΕΙΑ",800834358,CARDIOSCIENCE P C,2604.0,,24203040000101
938Ψ46904Ν-Υ17,2026-02-06,"ΑΠΟΦΑΣΗ ΠΡΟΕΔΡΟΥ ΑΝΑΘΕΣΗΣ ΤΗΣ ΕΦΑΠΑΞ ΣΥΝΤΗΡΗΣΗΣ ΚΑΙ ΤΟΥ ΕΛΕΓΧΟΥ ΚΑΛΗΣ ΛΕΙΤΟΥΡΓΙΑΣ ΚΑΙ ΗΛΕΚΤΡΙΚΗΣ ΑΣΦΑΛΕΙΑΣ ΧΕΙΡΟΥΡΓΙΚΗΣ ΑΝΑΡΡΟΦΗΣΗΣ VICTORIA VERSA, ΤΟΥ ΚΑΤΑΣΚΕΥΑΣΤΙΚΟΥ ΟΙΚΟΥ CHEIRON A.S., ΜΕ S/N 764",999658897,Δ ΚΟΡΤΕΣΗΣ ΚΑΙ ΣΙΑ ΕΕ,380.54,,24101080000101 – 24203040000101
ΨΦΡΞ46904Ν-3Υ1,2026-02-06,"ΑΠΟΦΑΣΗ ΠΡΟΕΔΡΟΥ ΑΝΑΘΕΣΗΣ ΤΗΣ ΕΦΑΠΑΞ ΣΥΝΤΗΡΗΣΗΣ ΦΟΡΗΤΟΥ ΑΚΤΙΝΟΛΟΓΙΚΟΥ ΜΗΧΑΝΗΜΑΤΟΣ SEDECAL SPS HF – 4.0, ΤΟΥ ΚΑΤΑΣΚΕΥΑΣΤΙΚΟΥ ΟΙΚΟΥ PRIMAX INTERNATIONAL, ΜΕ S/N PK11660 2007, ΑΠΟ ΤΗΝ ΑΠΟΚΛΕΙΣΤΙΚΗ ΑΝΤΙΠΡΟΣΩΠΟ ΕΤΑΙΡΕΙΑ",800834358,CARDIOSCIENCE P C,789.88,,24203040000101
ΨΟ5Ι46904Ν-ΨΒ7,2026-02-06,"ΑΠΟΦΑΣΗ ΠΡΟΕΔΡΟΥ ΑΝΑΘΕΣΗ ΤΗΣ ΕΦΑΠΑΞ ΣΥΝΤΗΡΗΣΗΣ ΕΞΙ (6) ΜΟΝΙΤΟΡ ΜΕ S/N G3LR40016, G3LR40024, GELR40011, G3LR40025, GELR40019 ΚΑΙ GELR40020, ΚΑΙ ΕΝΟΣ (1) ΚΕΝΤΡΙΚΟΥ ΣΤΑΘΜΟΥ ΠΑΡΑΚΟΛΟΥΘΗΣΗΣ CMS2800, ΤΟΥ ΚΑΤΑΣΚΕΥΑΣΤΙΚΟΥ ΟΙΚΟΥ GENERAL MEDITECH, ΑΠΟ ΤΗΝ ΑΠΟΚΛΕΙΣΤΙΚΗ ΑΝΤΙΠΡΟΣΩΠΟ ΕΤΑΙΡΕΙΑ",800834358,CARDIOSCIENCE P C,2604.0,,24203040000101
97Β346904Ν-ΝΒ3,2026-02-06,"ΑΠΟΦΑΣΗ ΠΡΟΕΔΡΟΥ ΑΝΑΘΕΣΗΣ ΤΗΣ ΕΠΙΣΚΕΥΗΣ, ΤΩΝ ΡΥΘΜΙΣΕΩΝ ΚΑΙ ΤΟΥ ΕΛΕΓΧΟΥ ΚΑΛΗΣ ΛΕΙΤΟΥΡΓΙΑΣ ΚΛΙΝΗΣ 6001-2 LUX, ΤΟΥ ΚΑΤΑΣΚΕΥΑΣΤΙΚΟΥ ΟΙΚΟΥ ΚΕΠΑ Α.Β.Ε.Ε., ΜΕ S/N 60012L00312111, ΑΠΟ ΤΗΝ ΑΠΟΚΛΕΙΣΤΙΚΗ ΑΝΤΙΠΡΟΣΩΠΟ ΕΤΑΙΡΕΙΑ",092930963,ΚΕΠΑ ΑΝΩΝΥΜΗ ΒΙΟΤΕΧΝΙΚΗ ΕΜΠΟΡΙΚΗ ΕΤΑΙΡΕΙΑ,806.0,,24203040000101
Ψ6ΟΙ46904Ν-ΜΥ7,2026-02-06,"ΑΠΟΦΑΣΗ ΠΡΟΕΔΡΟΥ ΑΝΑΘΕΣΗΣ ΤΗΣ ΕΠΙΣΚΕΥΗΣ, ΤΗΣ ΒΑΘΜΟΝΟΜΗΣΗΣ, ΤΟΥ ΚΑΘΑΡΙΣΜΟΥ ΚΑΙ ΤΟΥ ΓΕΝΙΚΟΥ ΕΛΕΓΧΟΥ ΚΑΛΗΣ ΛΕΙΤΟΥΡΓΙΑΣ ΚΛΙΒΑΝΟΥ ΤΑΧΕΙΑΣ ΑΠΟΣΤΕΙΡΩΣΗΣ STE-23-D PRO, ΤΟΥ ΚΑΤΑΣΚΕΥΑΣΤΙΚΟΥ ΟΙΚΟΥ ICANCLAVE, ΜΕ S/N A26032B23D2E38110I, ΑΠΟ ΤΗΝ ΑΠΟΚΛΕΙΣΤΙΚΗ ΑΝΤΙΠΡΟΣΩΠΟ ΕΤΑΙΡΕΙΑ",801420577,ΜΑΜΑΛΙΓΚΑΣ Γ    ΣΙΑ Ε Ε,334.8,,24101080000101 – 24203040000101
9ΕΧΑ46904Ν-Γ5Ε,2026-02-06,"ΑΠΟΦΑΣΗ ΠΡΟΕΔΡΟΥ ΕΓΚΡΙΣΗΣ ΤΟΥ ΠΡΑΚΤΙΚΟΥ ΤΗΣ ΕΠΙΤΡΟΠΗΣ ΑΞΙΟΛΟΓΗΣΗΣ ΤΗΣ ΠΡΟΣΦΟΡΑΣ ΓΙΑ ΤΗΝ ΠΑΡΟΧΗ ΥΠΗΡΕΣΙΩΝ ΣΥΝΤΗΡΗΣΗΣ – ΕΠΙΣΚΕΥΗΣ ΥΠΟΣΤΑΘΜΟΥ ΜΕΣΗΣ ΤΑΣΗΣ, ΤΩΝ ΠΕΔΙΩΝ ΧΑΜΗΛΗΣ ΤΑΣΗΣ, ΤΩΝ ΤΡΙΩΝ (3) Η/Ζ ΚΑΙ ΤΟΥ ΣΥΝΟΛΟΥ ΤΩΝ ΗΛΕΚΤΡΙΚΩΝ ΠΙΝΑΚΩΝ ΤΟΥ ΝΟΣΟΚΟΜΕΙΟΥ ΓΙΑ ΔΥΟ (2) ΜΗΝΕΣ",999438956,Γ ΒΕΝΕΤΗΣ ΚΑΙ ΣΙΑ ΕΕ,1240.0,,24203010000101
Ρ8ΨΕ46904Ν-ΔΤΠ,2026-08-13,ΑΠΟΦΑΣΗ ΠΡΟΕΔΡΟΥ ΕΓΚΡΙΣΗΣ ΠΡΑΚΤΙΚΟΥ ΚΑΙ ΑΝΑΘΕΣΗΣ ΓΙΑ ΤΗΝ ΠΑΡΟΧΗ ΥΠΗΡΕΣΙΩΝ ΚΑΛΥΨΗΣ ΠΡΟΣΩΠΙΚΟΥ ΦΥΛΑΞΗΣ,996589476,MYSERVICES Α Ε ΠΑΡΟΧΗΣ ΥΠΗΡΕΣΙΩΝ ΛΕΙΤΟΥΡΓ ΥΠΟΣΤ ΚΤΙΡ ΥΠΟΣΤ ΔΙΟΙΚ ΥΠΟΣΤ ΞΕΝ ΥΠΟΣΤ ΔΙΑΝΟΜΗΣ ΓΕΥΜΑΤΩΝ ΙΔ ΕΠΙΧ ΠΑΡ ΥΠΗΡ ΑΣΦ,4200.0,79713000-5,24209890000101
6ΥΧΚ46904Ν-7Η7,2026-08-12,ΑΠΟΦΑΣΗ ΠΡΟΕΔΡΟΥ ΑΝΑΘΕΣΗΣ ΤΗΣ ΑΝΤΙΚΑΤΑΣΤΑΣΗΣ FAN COIL ΟΡΟΦΗΣ ΤΩΝ ΘΑΛΑΜΩΝ 303-304,800830648,ΕΡΓΟΔΥΝΑΜΙΚΗ 2030 Ε Ε,744.0,,24101060000101
ΡΨΛ246904Ν-Σ10,2026-08-06,"ΑΠΟΦΑΣΗ ΠΡΟΕΔΡΟΥ ΕΓΚΡΙΣΗΣ ΤΟΥ ΠΡΑΚΤΙΚΟΥ ΤΗΣ ΕΠΙΤΡΟΠΗΣ ΑΞΙΟΛΟΓΗΣΗΣ ΤΗΣ ΠΡΟΣΦΟΡΑΣ ΓΙΑ ΤΗΝ ΕΦΑΠΑΞ ΕΤΗΣΙΑ ΠΡΟΛΗΠΤΙΚΗ ΣΥΝΤΗΡΗΣΗ ΚΑΙ ΤΟΝ ΕΛΕΓΧΟ ΚΑΛΗΣ ΛΕΙΤΟΥΡΓΙΑΣ ΔΕΚΑ ΕΝΝΕΑ (19) ΑΝΤΛΙΩΝ ΕΓΧΥΣΗΣ ΦΑΡΜΑΚΟΥ, ΤΟΥ ΚΑΤΑΣΚΕΥΑΣΤΙΚΟΥ ΟΙΚΟΥ SINO",095029193,ΠΑΠΑΠΟΣΤΟΛΟΥ Ν ΑΝΩΝΥΜΗ ΕΤΑΙΡΕΙΑ  ΕΤΑΙΡΕΙΑ ΕΜΠΟΡΙΑΣ ΚΑΙ ΑΝΤΙΠΡΟΣΩΠΕΙΩΝ ΙΑΤΡΙΚΩΝ ΕΡΓΑΛΕΙΩΝ ΚΑΙ ΜΗΧΑΝΗΜΑΤΩΝ,6172.72,,24101080000101 - 24203040000101
Ρ7Ω046904Ν-ΧΔΛ,2026-08-06,ΑΠΟΦΑΣΗ ΠΡΟΕΔΡΟΥ ΑΝΑΘΕΣΗΣ ΤΗΣ ΑΝΤΙΚΑΤΑΣΤΑΣΗΣ ΚΙΝΗΤΗΡΑ ΚΑΙ ΦΤΕΡΩΤΗΣ ΣΤΟ FAN COIL ΟΡΟΦΗΣ ΣΤΟ ΓΡΑΦΕΙΟ ΑΝΑΠΑΥΣΗΣ ΙΑΤΡΩΝ ΚΑΘΩΣ ΚΑΙ ΤΗΣ ΑΝΤΙΚΑΤΑΣΤΑΣΗΣ ΔΥΟ (2) ΦΤΕΡΩΤΩΝ ΣΤΟ FAN COIL ΣΤΟ ΓΡΑΦΕΙΟ ΙΑΤΡΩΝ,800830648,ΕΡΓΟΔΥΝΑΜΙΚΗ 2030 Ε Ε,830.8,,24101060000101
91Μ846904Ν-ΣΘ2,2026-08-06,ΑΠΟΦΑΣΗ ΠΡΟΕΔΡΟΥ ΑΝΑΘΕΣΗΣ ΤΗΣ ΤΟΠΟΘΕΤΗΣΗΣ ΔΥΟ (2) ΚΛΙΜΑΤΙΣΤΙΚΩΝ ΜΟΝΑΔΩΝ 12.000 BTU ΚΑΘΩΣ ΚΑΙ ΤΗΝ ΑΠΕΓΚΑΤΑΣΤΑΣΗ ΤΩΝ ΥΦΙΣΤΑΜΕΝΩΝ ΣΤΑ ΓΡΑΦΕΙΑ ΙΑΤΡΩΝ ΤΗΣ Α’ ΚΑΙ ΤΗΣ Β’ ΠΑΘΟΛΟΓΙΚΗΣ ΣΤΟ ΚΤΗΡΙΟ Γ’,800830648,ΕΡΓΟΔΥΝΑΜΙΚΗ 2030 Ε Ε,446.4,,24101890000101 - 24209890000101
ΨΨΦΟ46904Ν-5ΥΖ,2026-08-06,"ΑΠΟΦΑΣΗ ΠΡΟΕΔΡΟΥ ΑΝΑΘΕΣΗΣ ΤΗΣ ΠΡΟΜΗΘΕΙΑΣ ΤΩΝ ΑΠΑΙΤΟΥΜΕΝΩΝ ΥΛΙΚΩΝ ΓΙΑ ΤΗΝ ΑΝΤΙΚΑΤΑΣΤΑΣΗ ΤΗΣ ΥΦΙΣΤΑΜΕΝΗΣ ΤΡΙΟΔΗΣ ΗΛΕΚΤΡΟΒΑΝΑΣ BELIMO ΔΙΑΜΕΤΡΟΥ 2” ΤΗΣ ΚΚΜ1, Η ΟΠΟΙΑ ΕΙΝΑΙ ΕΓΚΑΤΕΣΤΗΜΕΝΗ ΣΤΟΝ ΜΗΧΑΝΟΡΟΦΟ ΤΟΥ Β’ ΚΤΗΡΙΟΥ ΚΑΙ ΠΑΡΟΥΣΙΑΖΕΙ ΒΛΑΒΗ",800830648,ΕΡΓΟΔΥΝΑΜΙΚΗ 2030 Ε Ε,1054.0,,24101060000101
Ρ6ΙΚ46904Ν-6ΝΛ,2026-07-31,"ΑΠΟΦΑΣΗ ΠΡΟΕΔΡΟΥ ΑΝΑΘΕΣΗΣ ΤΗΣ ΕΠΙΣΚΕΥΗΣ ΚΑΤΑΓΡΑΦΙΚΟΥ ΚΑΙ ΤΟΥ ΕΛΕΓΧΟΥ ΚΑΛΗΣ ΛΕΙΤΟΥΡΓΙΑΣ ΑΠΙΝΙΔΩΤΗ TEC 5531K, ΤΟΥ ΚΑΤΑΣΚΕΥΑΣΤΙΚΟΥ ΟΙΚΟΥ NIHON KOHDEN, ΜΕ S/N 82140, ΑΠΟ ΤΗΝ ΑΠΟΚΛΕΙΣΤΙΚΗ ΑΝΤΙΠΡΟΣΩΠΟ ΕΤΑΙΡΕΙΑ",091569759,ΑΦΟΙ Α ΣΕΛΙΔΗ ΑΝΩΝΥΜΗ ΕΤΑΙΡΙΑ ΕΠΙΣΤΗΜΟΝΙΚΟΥ ΕΞΟΠΛΙΣΜΟΥ,148.8,,24203040000101
ΨΓΦΡ46904Ν-Χ43,2026-07-31,"ΑΠΟΦΑΣΗ ΠΡΟΕΔΡΟΥ ΑΝΑΘΕΣΗΣ ΤΗΣ ΕΤΗΣΙΑΣ ΕΦΑΠΑΞ ΠΡΟΛΗΠΤΙΚΗΣ ΣΥΝΤΗΡΗΣΗΣ, ΤΗΣ ΒΑΘΜΟΝΟΜΗΣΗΣ ΚΑΙ ΤΟΥ ΓΕΝΙΚΟΥ ΕΛΕΓΧΟΥ ΚΑΛΗΣ ΛΕΙΤΟΥΡΓΙΑΣ ΦΟΡΗΤΟΥ ΑΝΑΠΝΕΥΣΤΗΡΑ OXYLOG 3000, ΤΟΥ ΚΑΤΑΣΚΕΥΑΣΤΙΚΟΥ ΟΙΚΟΥ DRAEGER, ΜΕ S/N SRWB-0028, ΑΠΟ ΤΗΝ ΑΠΟΚΛΕΙΣΤΙΚΗ ΑΝΤΙΠΡΟΣΩΠΟ ΕΤΑΙΡΕΙΑ",997799268,DRAEGER HELLAS ΜΟΝΟΠΡΟΣΩΠΗ ΑΝΩΝΥΜΗ ΕΤΑΡΕΙΑ ΙΑΤΡΟΤΕΧΝΙΚΩΝ ΠΡΟΙΟΝΤΩΝ ΚΑΙ ΠΡΟΙΟΝΤΩΝ ΤΕΧΝΙΚΗΣ ΑΣΦΑΛΕΙΑΣ,1776.92,,24101080000101 - 24203040000101
Ρ58Υ46904Ν-9ΥΦ,2026-08-03,ΣΑΚΟΙ ΚΟΛΟΣΤΟΜΙΑΣ,082525697,ΑΝΑΣΤΑΣΙΟΣ ΜΑΥΡΟΓΕΝΗΣ ΙΑΤΡΟΤΕΧΝΟΛΟΓΙΚΑ ΕΙΔΗ ΑΝΩΝΥΜΗ ΕΤΑΙΡΕΙΑ,1525.5,,32302030000101
Ψ5Τ546904Ν-ΟΕΛ,2026-08-03,ΑΠΟΦΑΣΗ ΠΡΟΕΔΡΟΥ ΕΓΚΡΙΣΗΣ ΤΟΥ ΠΡΑΚΤΙΚΟΥ ΤΗΣ ΕΠΙΤΡΟΠΗΣ ΑΞΙΟΛΟΓΗΣΗΣ ΤΗΣ ΠΡΟΣΦΟΡΑΣ ΓΙΑ ΤΗΝ ΕΠΙΣΚΕΥΗ ΑΕΡΟΣΥΜΠΙΕΣΤΩΝ ΙΑΤΡΙΚΟΥ ΠΕΠΙΕΣΜΕΝΟΥ ΑΕΡΑ,999796735,Α ΑΠΟΣΤΟΛΟΥ ΚΑΙ Χ ΔΕΓΕΣΤΙΝΟΣ ΟΜΟΡΡΥΘΜΗ ΕΤΑΙΡΕΙΑ,4278.0,,24101890000101 - 24203010000101
ΨΠ2Λ46904Ν-ΦΦΓ,2026-07-31,ΑΠΟΦΑΣΗ ΠΡΟΕΔΡΟΥ ΕΓΚΡΙΣΗΣ ΠΡΑΚΤΙΚΟΥ ΚΑΙ ΑΝΑΘΕΣΗΣ ΓΙΑ ΠΑΡΟΧΗ ΕΞΕΙΔΙΚΕΥΜΕΝΩΝ ΝΟΜΙΚΩΝ ΚΑΙ ΤΕΧΝΙΚΩΝ ΣΥΜΒΟΥΛΕΥΤΙΚΩΝ ΔΗΜΟΣΙΩΝ ΣΥΜΒΑΣΕΩΝ,998850525,Α ΚΑΙ Ι ΒΑΓΙΑΣ ΚΑΙ ΣΥΝΕΡΓΑΤΕΣ ΕΤΑΙΡΕΙΑ ΔΙΚΗΓΟΡΩΝ,18100.0,79418000-7,24209010000101
9Ρ3846904Ν-ΗΨΤ,2026-07-30,ΑΠΟΦΑΣΗ ΠΡΟΕΔΡΟΥ ΕΓΚΡΙΣΗΣ ΤΟΥ ΠΡΑΚΤΙΚΟΥ ΤΗΣ ΕΠΙΤΡΟΠΗΣ ΑΞΙΟΛΟΓΗΣΗΣ ΤΩΝ ΠΡΟΣΦΟΡΩΝ ΠΑΡΟΧΗΣ ΥΠΗΡΕΣΙΩΝ ΚΑΘΑΡΙΟΤΗΤΑΣ ΓΙΑ ΔΙΑΣΤΗΜΑ ΕΙΚΟΣΙ ΠΕΝΤΕ (25) ΗΜΕΡΩΝ,801114586,MYSERVICES HUMAN RESOURCES AND SECURITY ΑΝΩΝΥΜΗ ΕΤΑΙΡΕΙΑ ΙΔΙΩΤ ΕΠΙΧ ΠΑΡΟΧΗΣ ΥΠΗΡ ΑΣΦΑΛΕΙΑΣ ΚΑΙ ΛΕΙΤΟΥΡΓΙΚΗΣ ΥΠΟΣΤΗΡΙΞΗΣ,37108.24,,24202050000101
ΨΓΞ946904Ν-ΗΔΨ,2026-07-27,ΑΠΟΦΑΣΗ ΠΡΟΕΔΡΟΥ ΑΝΑΘΕΣΗΣ ΤΗΣ ΕΓΚΑΤΑΣΤΑΣΗΣ ΔΕΚΑ ΕΠΤΑ (17) ΘΕΣΕΩΝ ΔΙΚΤΥΟΥ,999481910,ΓΟΥΔΕΒΕΝΟΥ ΚΕΡΚΥΡΑ ΚΑΙ ΣΙΑ ΕΕ,620.0,,24209030000101
ΨΦ0Γ46904Ν-4ΩΔ,2026-07-27,ΑΠΟΦΑΣΗ ΠΡΟΕΔΡΟΥ ΕΓΚΡΙΣΗΣ ΠΡΑΚΤΙΚΟΥ ΓΙΑ ΤΗΝ ΠΑΡΟΧΗ ΥΠΗΡΕΣΙΩΝ ΓΙΑ ΤΗΝ ΠΡΟΜΗΘΕΙΑ ΕΙΔΙΚΟΥ ΛΟΓΙΣΜΙΚΟΥ ΓΙΑ ΤΗΝ ΥΛΟΠΟΙΗΣΗ ΤΟΥ ΕΡΓΟΥ «ΕΝΑΡΜΟΝΙΣΗ ΤΟΥ Γ.Ν.Α. «Η ΕΛΠΙΣ» ΜΕ ΤΟ Ν.4990/2022 (ΦΕΚ 210) ΓΙΑ ΤΗΝ ΠΡΟΣΤΑΣΙΑ ΠΡΟΣΩΠΩΝ ΠΟΥ ΑΝΑΦΕΡΟΥΝ ΠΑΡΑΒΙΑΣΕΙΣ ΕΝΩΣΙΑΚΟΥ ΔΙΚΑΙΟΥ – ΕΝΣΩΜΑΤΩΣΗ ΤΗΣ ΟΔΗΓΙΑΣ (ΕΕ) 2019/1937 ΤΟΥ ΕΥΡΩΠΑΪΚΟΥ ΚΟΙΝΟΒΟΥΛΙΟΥ ΚΑΙ ΤΟΥ ΣΥΜΒΟΥΛΙΟΥ ΤΗΣ 23ΗΣ ΟΚΤΩΒΡΙΟΥ 2019 (L 305) ΚΑΙ ΛΟΙΠΕΣ ΕΠΕΙΓΟΥΣΕΣ ΡΥΘΜΙΣΕΙΣ,800764585,FRAUD LINE ΥΠΗΡΕΣΙΕΣ ΚΑΝΟΝΙΣΤΙΚΗΣ ΣΥΜΜΟΡΦΩΣΗΣ ΚΑΙ ΔΙΑΧΕΙΡΙΣΗΣ ΕΤΑΙΡΙΚΩΝ ΚΙΝΔΥΝΩΝ Ι Κ Ε,3000.0,48211000-0,24209030000101
ΡΝΔΠ46904Ν-3Τ3,2026-07-24,ΑΠΟΦΑΣΗ ΠΡΟΕΔΡΟΥ ΕΓΚΡΙΣΗΣ ΤΟΥ ΠΡΑΚΤΙΚΟΥ ΤΗΣ ΕΠΙΤΡΟΠΗΣ ΑΞΙΟΛΟΓΗΣΗΣ ΤΩΝ ΠΡΟΣΦΟΡΩΝ ΓΙΑ ΤΗΝ ΠΡΟΜΗΘΕΙΑ ΟΚΤΩ (8) ΣΤΡΩΜΑΤΩΝ ΓΙΑ ΚΛΙΝΕΣ ΙΑΤΡΩΝ,095318624,ΣΤΡΩΜΑΤΟΠΟΙΙΑ ΑΘΗΝΩΝ ΕΠΕ,2944.26,,31204890000101
9ΕΛΥ46904Ν-ΨΘΓ,2026-07-24,"ΑΠΟΦΑΣΗ ΠΡΟΕΔΡΟΥ ΕΓΚΡΙΣΗΣ ΤΟΥ ΠΡΑΚΤΙΚΟΥ ΤΗΣ ΕΠΙΤΡΟΠΗΣ ΑΞΙΟΛΟΓΗΣΗΣ ΤΗΣ ΠΡΟΣΦΟΡΑΣ ΓΙΑ ΤΗΝ ΠΑΡΟΧΗ ΥΠΗΡΕΣΙΩΝ ΕΠΙΣΚΕΥΗΣ ΥΠΟΒΙΒΑΣΤΩΝ-ΡΥΘΜΙΣΤΩΝ ΠΙΕΣΗΣ ΙΑΤΡΙΚΩΝ ΑΕΡΙΩΝ ΚΑΙ ΛΗΨΕΩΝ ΙΑΤΡΙΚΩΝ ΑΕΡΙΩΝ ΔΙΠΛΗΣ ΦΡΑΓΗΣ ΣΤΑ ΤΜΗΜΑΤΑ Ω.Ρ.Λ., ΟΥΡΟΛΟΓΙΚΗ, ΤΑΚΤΙΚΑ ΕΞΩΤΕΡΙΚΑ ΙΑΤΡΕΙΑ ΚΑΙ ΣΤΑ ΕΠΕΙΓΟΝΤΑ ΙΑΤΡΕΙΑ ΤΟΥ ΝΟΣΟΚΟΜΕΙΟΥ",999796735,Α ΑΠΟΣΤΟΛΟΥ ΚΑΙ Χ ΔΕΓΕΣΤΙΝΟΣ ΟΜΟΡΡΥΘΜΗ ΕΤΑΙΡΕΙΑ,7936.0,,24203010000101
Ψ6Ζ746904Ν-ΩΜ4,2026-07-23,ΑΠΟΦΑΣΗ ΠΡΟΕΔΡΟΥ ΕΓΚΡΙΣΗΣ ΤΟΥ ΠΡΑΚΤΙΚΟΥ ΤΗΣ ΕΠΙΤΡΟΠΗΣ ΑΞΙΟΛΟΓΗΣΗΣ ΤΗΣ ΠΡΟΣΦΟΡΑΣ ΓΙΑ ΤΗΝ ΠΑΡΟΧΗ ΥΠΗΡΕΣΙΩΝ ΚΑΘΑΡΙΣΜΟΥ-ΑΠΟΦΡΑΞΗΣ ΤΩΝ ΑΠΟΧΕΤΕΥΤΙΚΩΝ ΚΑΙ ΟΜΒΡΙΩΝ ΦΡΕΑΤΙΩΝ ΤΟΥ ΝΟΣΟΚΟΜΕΙΟΥ ΜΕ ΤΡΟΧΟΦΟΡΟ ΑΠΟΦΡΑΚΤΙΚΟ ΟΧΗΜΑ ΓΙΑ ΧΡΟΝΙΚΟ ΔΙΑΣΤΗΜΑ ΤΡΙΩΝ (3) ΜΗΝΩΝ,055820539,"ΣΤΑΜΟΣ,,ΝΙΚΟΛΑΟΣ,ΓΕΩΡΓΙΟΣ",2294.0,,24203010000101
Ψ51Π46904Ν-ΓΗΔ,2026-07-23,ΑΠΟΦΑΣΗ ΠΡΟΕΔΡΟΥ ΕΓΚΡΙΣΗΣ ΤΟΥ ΠΡΑΚΤΙΚΟΥ ΤΗΣ ΕΠΙΤΡΟΠΗΣ ΑΞΙΟΛΟΓΗΣΗΣ ΤΗΣ ΠΡΟΣΦΟΡΑΣ ΓΙΑ ΤΗΝ ΠΡΟΜΗΘΕΙΑ ΓΥΝΑΙΚΟΛΟΓΙΚΗΣ ΠΟΛΥΘΡΟΝΑΣ (ΜΠΟΥΜ) ΓΙΑ ΤΑ ΤΑΚΤΙΚΑ ΕΞΩΤΕΡΙΚΑ ΙΑΤΡΕΙΑ,999495127,ΛΕΩΝΙΔΑΣ ΨΗΛΙΑΚΟΣ ΚΑΙ ΣΙΑ ΕΤΑΙΡΕΙΑ ΠΕΡΙΟΡΙΣΜΕΝΗΣ ΕΥΘΥΝΗΣ,3447.2,,31209890000101
6ΣΜΤ46904Ν-0ΤΓ,2026-07-21,ΑΠΟΦΑΣΗ ΠΡΟΕΔΡΟΥ ΕΓΚΡΙΣΗΣ ΤΟΥ ΠΡΑΚΤΙΚΟΥ ΤΗΣ ΕΠΙΤΡΟΠΗΣ ΑΞΙΟΛΟΓΗΣΗΣ ΤΩΝ ΠΡΟΣΦΟΡΩΝ ΓΙΑ ΤΗΝ ΑΠΟΚΑΤΑΣΤΑΣΗ ΑΠΟΚΟΛΛΗΜΕΝΩΝ ΕΠΙΧΡΙΣΜΑΤΩΝ (ΣΟΒΑΔΩΝ) ΣΤΟ ΚΤΗΡΙΟ Β’ ΤΟΥ ΝΟΣΟΚΟΜΕΙΟΥ,801220499,Π Π ΚΑΤΑΣΚΕΥΑΣΤΙΚΗ Ο Ε,5208.0,,24101060000101 - 24203010000101
9ΜΓ346904Ν-608,2026-07-20,"ΑΠΟΦΑΣΗ ΠΡΟΕΔΡΟΥ ΕΓΚΡΙΣΗΣ ΤΟΥ ΠΡΑΚΤΙΚΟΥ ΤΗΣ ΕΠΙΤΡΟΠΗΣ ΑΞΙΟΛΟΓΗΣΗΣ ΤΩΝ ΠΡΟΣΦΟΡΩΝ ΓΙΑ ΤΟΝ ΧΡΩΜΑΤΙΣΜΟ ΤΩΝ ΧΩΡΩΝ ΜΕΘ, ΜΕΘΕ, ΑΙΜΟΔΥΝΑΜΙΚΟΥ, ΥΠΟΓΕΙΟΥ ΚΑΙ 3ΟΥ ΟΡΟΦΟΥ ΑΝΤΙΣΤΟΙΧΑ, ΤΟΥ ΚΤΗΡΙΟΥ Β’ ΤΟΥ ΝΟΣΟΚΟΜΕΙΟΥ ΚΑΤΑ ΤΗΝ ΘΕΡΙΝΗ ΔΙΑΚΟΠΗ",803225177,ΠΑΛΜΟΣ ΤΕΧΝΙΚΗ Ε Ε,10168.0,,24101060000101 - 24203010000101
9ΔΤΒ46904Ν-5Ψ6,2026-07-16,"ΑΠΟΦΑΣΗ ΠΡΟΕΔΡΟΥ ΑΝΑΘΕΣΗΣ ΤΗΣ ΕΠΙΣΚΕΥΗΣ ΚΕΝΤΡΙΚΟΥ ΣΥΣΤΗΜΑΤΟΣ ΚΛΕΙΔΩΜΑΤΟΣ ΤΡΟΧΗΛΑΤΟΥ ΦΑΡΜΑΚΩΝ T1628, ΤΟΥ ΚΑΤΑΣΚΕΥΑΣΤΙΚΟΥ ΟΙΚΟΥ PSILIAKOS HOSPITAL EQUIPMENT ΕΠΕ, ΜΕ S/N 3180-01-110, ΑΠΟ ΤΗΝ ΑΠΟΚΛΕΙΣΤΙΚΗ ΑΝΤΙΠΡΟΣΩΠΟ ΕΤΑΙΡΕΙΑ",999495127,ΛΕΩΝΙΔΑΣ ΨΗΛΙΑΚΟΣ ΚΑΙ ΣΙΑ ΕΤΑΙΡΕΙΑ ΠΕΡΙΟΡΙΣΜΕΝΗΣ ΕΥΘΥΝΗΣ,184.76,,24101890000101 - 24209890000101
ΨΙΛΣ46904Ν-5Υ4,2026-07-16,"ΑΠΟΦΑΣΗ ΠΡΟΕΔΡΟΥ ΑΝΑΘΕΣΗΣ ΤΗΣ ΑΛΛΑΓΗΣ ΚΑΠΑΚΙΩΝ HOLTER ΡΥΘΜΟΥ FD-5 PLUS, ΤΟΥ ΚΑΤΑΣΚΕΥΑΣΤΙΚΟΥ ΟΙΚΟΥ SCHILLER, ΜΕ S/N 3020.007638, ΑΠΟ ΤΗΝ ΑΠΟΚΛΕΙΣΤΙΚΗ ΑΝΤΙΠΡΟΣΩΠΟ ΕΤΑΙΡΕΙΑ",095029193,ΠΑΠΑΠΟΣΤΟΛΟΥ Ν ΑΝΩΝΥΜΗ ΕΤΑΙΡΕΙΑ  ΕΤΑΙΡΕΙΑ ΕΜΠΟΡΙΑΣ ΚΑΙ ΑΝΤΙΠΡΟΣΩΠΕΙΩΝ ΙΑΤΡΙΚΩΝ ΕΡΓΑΛΕΙΩΝ ΚΑΙ ΜΗΧΑΝΗΜΑΤΩΝ,251.72,,24101080000101 - 24203040000101
9ΑΟΔ46904Ν-ΔΤΥ,2026-07-16,"ΑΠΟΦΑΣΗ ΠΡΟΕΔΡΟΥ ΑΝΑΘΕΣΗΣ ΤΟΥ ΕΤΗΣΙΟΥ ΕΛΕΓΧΟΥ, ΤΗΣ ΠΡΟΛΗΠΤΙΚΗΣ ΣΥΝΤΗΡΗΣΗΣ ΚΑΙ ΤΗΣ ΑΝΤΙΚΑΤΑΣΤΑΣΗΣ ΔΥΟ (2) ΜΠΑΤΑΡΙΩΝ ΣΥΣΤΗΜΑΤΟΣ ΚΟΠΩΣΕΩΣ CS-200 ERGO, ΤΟΥ ΚΑΤΑΣΚΕΥΑΣΤΙΚΟΥ ΟΙΚΟΥ SCHILLER, ΜΕ S/N 003500798, ΑΠΟ ΤΗΝ ΑΠΟΚΛΕΙΣΤΙΚΗ ΑΝΤΙΠΡΟΣΩΠΟ ΕΤΑΙΡΕΙΑ",095029193,ΠΑΠΑΠΟΣΤΟΛΟΥ Ν ΑΝΩΝΥΜΗ ΕΤΑΙΡΕΙΑ  ΕΤΑΙΡΕΙΑ ΕΜΠΟΡΙΑΣ ΚΑΙ ΑΝΤΙΠΡΟΣΩΠΕΙΩΝ ΙΑΤΡΙΚΩΝ ΕΡΓΑΛΕΙΩΝ ΚΑΙ ΜΗΧΑΝΗΜΑΤΩΝ,1240.0,,24101080000101 - 24203040000101
ΨΠ7246904Ν-ΙΦΜ,2026-07-16,"ΑΠΟΦΑΣΗ ΠΡΟΕΔΡΟΥ ΤΗΝ ΕΠΙΣΚΕΥΗ ΦΟΡΕΙΟΥ 6005 ΚΑΙ ΔΥΟ (2) ΚΛΙΝΩΝ 3303, ΤΟΥ ΚΑΤΑΣΚΕΥΑΣΤΙΚΟΥ ΟΙΚΟΥ PSILIAKOS HOSPITAL EQUIPMENT ΕΠΕ, ΜΕ S/N 3923-01-0002 ΚΑΙ 3732-01-0001",999495127,ΛΕΩΝΙΔΑΣ ΨΗΛΙΑΚΟΣ ΚΑΙ ΣΙΑ ΕΤΑΙΡΕΙΑ ΠΕΡΙΟΡΙΣΜΕΝΗΣ ΕΥΘΥΝΗΣ,893.15,,24101890000101 - 24209890000101
ΨΝΛΣ46904Ν-ΝΘ2,2026-07-15,ΑΠΟΦΑΣΗ ΠΡΟΕΔΡΟΥ ΑΝΑΘΕΣΗΣ ΤΗΣ ΠΡΟΜΗΘΕΙΑΣ ΚΑΙ ΤΗΣ ΕΓΚΑΤΑΣΤΑΣΗΣ ΤΕΣΣΑΡΩΝ (4) ΣΚΛΗΡΩΝ ΔΙΣΚΩΝ ΓΙΑ ΤΟ BACKUP SERVER ΟΛΗΣ ΤΗΣ ΥΠΟΔΟΜΗΣ ΠΛΗΡΟΦΟΡΙΚΗΣ ΛΟΓΩ ΠΛΗΡΟΤΗΤΑΣ ΤΗΣ ΥΦΙΣΤΑΜΕΝΗΣ ΧΩΡΗΤΙΚΟΤΗΤΑΣ,999481910,ΓΟΥΔΕΒΕΝΟΥ ΚΕΡΚΥΡΑ ΚΑΙ ΣΙΑ ΕΕ,1205.28,,31203010000101
Ψ9ΒΙ46904Ν-ΝΘΨ,2026-07-10,ΑΠΟΦΑΣΗ ΠΡΟΕΔΡΟΥ ΕΓΚΡΙΣΗΣ ΤΟΥ ΠΡΑΚΤΙΚΟΥ ΤΗΣ ΕΠΙΤΡΟΠΗΣ ΑΞΙΟΛΟΓΗΣΗΣ ΤΗΣ ΠΡΟΣΦΟΡΑΣ ΓΙΑ ΤΗΝ ΠΑΡΟΧΗ ΥΠΗΡΕΣΙΩΝ ΚΑΛΥΨΗΣ ΠΡΟΣΩΠΙΚΟΥ ΦΥΛΑΞΗΣ ΤΟΥ ΝΟΣΟΚΟΜΕΙΟΥ ΕΝΟΣ (1) ΑΤΟΜΟΥ ΓΙΑ ΕΝΑ ΜΗΝΑ,996589476,MYSERVICES Α Ε ΠΑΡΟΧΗΣ ΥΠΗΡΕΣΙΩΝ ΛΕΙΤΟΥΡΓ ΥΠΟΣΤ ΚΤΙΡ ΥΠΟΣΤ ΔΙΟΙΚ ΥΠΟΣΤ ΞΕΝ ΥΠΟΣΤ ΔΙΑΝΟΜΗΣ ΓΕΥΜΑΤΩΝ ΙΔ ΕΠΙΧ ΠΑΡ ΥΠΗΡ ΑΣΦ,2845.8,,24209890000101
9ΔΖ346904Ν-ΣΔΕ,2026-07-09,ΑΠΟΦΑΣΗ ΠΡΟΕΔΡΟΥ ΕΓΚΡΙΣΗΣ ΤΟΥ ΠΡΑΚΤΙΚΟΥ ΤΗΣ ΕΠΙΤΡΟΠΗΣ ΑΞΙΟΛΟΓΗΣΗΣ ΤΩΝ ΠΡΟΣΦΟΡΩΝ ΓΙΑ ΤΟΝ ΕΦΑΠΑΞ ΕΛΕΓΧΟ ΤΩΝ ΗΛΕΚΤΡΟΜΗΧΑΝΟΛΟΓΙΚΩΝ ΕΓΚΑΤΑΣΤΑΣΕΩΝ ΤΟΥ Β’ ΚΤΗΡΙΟΥ ΚΑΤΑ ΤΗΝ ΘΕΡΙΝΗ ΔΙΑΚΟΠΗ,800830648,ΕΡΓΟΔΥΝΑΜΙΚΗ 2030 Ε Ε,1170.56,,24203010000101
ΨΑ4Ο46904Ν-ΝΚΖ,2026-07-09,ΑΠΟΦΑΣΗ ΠΡΟΕΔΡΟΥ ΕΓΚΡΙΣΗΣ ΤΟΥ ΠΡΑΚΤΙΚΟΥ ΤΗΣ ΕΠΙΤΡΟΠΗΣ ΑΞΙΟΛΟΓΗΣΗΣ ΤΩΝ ΠΡΟΣΦΟΡΩΝ ΓΙΑ ΤΗΝ ΑΝΤΙΚΑΤΑΣΤΑΣΗ ΤΩΝ ΠΡΟΦΙΛΤΡΩΝ – ΣΑΚΟΦΙΛΤΡΩΝ ΚΛΙΜΑΤΙΖΟΜΕΝΟΥ ΑΕΡΑ ΚΑΙ ΕΞΑΡΤΗΜΑΤΩΝ ΜΕ ΚΑΘΑΡΙΣΜΟ ΟΛΩΝ ΤΩΝ ΚΚΜ ΤΟΥ Β΄ ΚΤΗΡΙΟΥ ΤΟΥ ΝΟΣΟΚΟΜΕΙΟΥ (ΕΚΤΟΣ ΤΗΣ ΚΚΜ6 ΣΤΗΝ ΑΙΘΟΥΣΑ ΕΝΔΟΣΚΟΠΗΣΗΣ) ΚΑΤΑ ΤΗΝ ΘΕΡΙΝΗ ΔΙΑΚΟΠΗ,800854498,AIRTECO IKE,1984.0,,24203010000101
ΨΠΞΝ46904Ν-Ρ84,2026-07-10,"AΠΟΦΑΣΗ ΠΡΟΕΔΡΟΥ ΑΝΑΘΕΣΗΣ ΓΙΑ ΤΗΝ παροχή Υπηρεσιών  διαβίβασης και αρχειοθέτησης «ηλεκτρονική Τιμολόγηση Meg my Data  μέσω του παρόχου  για τα  παραστατικά Β2Β ,Β2G και 2) παροχή υπηρεσιών SLA  για χρονικό διάστημα ενός (1) έτους",094359854,ΙΛΥΔΑ ΑΝΩΝΥΜΟΣ ΕΜΠΟΡΙΚΗ ΚΑΤΑΣΚΕΥΑΣΤΙΚΗ ΕΤΑΙΡΕΙΑ  ΣΥΣΤΗΜΑΤΩΝ ΠΛΗΡΟΦΟΡΙΚΗΣ ΚΑΙ ΠΑΡΟΧΗΣ ΥΠΗΡΕΣΙΩΝ,950.0,,24209890000101
65ΘΨ46904Ν-Ρ0Γ,2026-07-09,ΑΠΟΦΑΣΗ ΠΡΟΕΔΡΟΥ ΕΓΚΡΙΣΗΣ ΤΟΥ ΠΡΑΚΤΙΚΟΥ ΤΗΣ ΕΠΙΤΡΟΠΗΣ ΑΞΙΟΛΟΓΗΣΗΣ ΤΩΝ ΠΡΟΣΦΟΡΩΝ ΓΙΑ ΤΗΝ ΠΑΡΟΧΗ ΥΠΗΡΕΣΙΩΝ ΕΠΑΝΑΠΙΣΤΟΠΟΙΗΣΗΣ ΚΑΙ ΕΠΙΤΗΡΗΣΗΣ ΤΟΥ ΣΥΣΤΗΜΑΤΟΣ ΔΙΑΧΕΙΡΙΣΗΣ ΠΟΙΟΤΗΤΑΣ ΣΥΜΦΩΝΑ ΜΕ ΤΟ ΠΡΟΤΥΠΟ ISO 9001:2015 ΓΙΑ ΤΡΙΑ (3) ΕΤΗ ΓΙΑ ΤΟ ISO ΤΟΥ ΑΙΜΑΤΟΛΟΓΙΚΟΥ ΤΜΗΜΑΤΟΣ,095574110,TUV AUSTRIA  ΕΛΛΑΣ ΜΟΝΟΠΡΟΣΩΠΗ ΕΤΑΙΡΕΙΑ ΠΕΡΙΟΡΙΣΜΕΝΗΣ ΕΥΘΥΝΗΣ,2046.0,,24209890000101
ΨΗ3Ζ46904Ν-ΨΝ6,2026-07-08,"ΑΠΟΦΑΣΗ ΠΡΟΕΔΡΟΥ ΕΓΚΡΙΣΗΣ ΤΟΥ ΠΡΑΚΤΙΚΟΥ ΤΗΣ ΕΠΙΤΡΟΠΗΣ ΑΞΙΟΛΟΓΗΣΗΣ ΤΩΝ ΠΡΟΣΦΟΡΩΝ ΓΙΑ ΤΟΝ ΚΑΘΑΡΙΣΜΟ ΚΑΙ ΤΗΝ ΑΠΟΛΥΜΑΝΣΗ ΤΩΝ ΑΕΡΑΓΩΓΩΝ ΚΑΙ ΤΩΝ ΣΤΟΜΙΩΝ ΤΟΥ ΔΙΚΤΥΟΥ ΚΛΙΜΑΤΙΣΜΟΥ ΤΩΝ ΕΙΔΙΚΩΝ ΤΜΗΜΑΤΩΝ ΤΟΥ ΝΟΣΟΚΟΜΕΙΟΥ (ΧΕΙΡΟΥΡΓΕΙΟΥ, ΜΕΘ, ΜΕΘΕ ΚΑΘΩΣ ΚΑΙ ΤΩΝ ΒΟΗΘΗΤΙΚΩΝ ΧΩΡΩΝ ΤΟΥ Β’ ΚΤΗΡΙΟΥ) ΜΕ ΤΗΝ ΧΡΗΣΗ ΡΟΜΠΟΤ, ΓΙΑ ΤΟ ΕΤΟΣ 2026, ΚΑΤΑ ΤΗΝ ΘΕΡΙΝΗ ΔΙΑΚΟΠΗ",800854498,AIRTECO IKE,16740.0,,24203010000101
Ψ5ΔΔ46904Ν-Ι6Ψ,2026-07-09,ΑΠΟΦΑΣΗ ΠΡΟΕΔΡΟΥ ΑΝΑΘΕΣΗΣ ΤΗΣ ΑΝΤΙΚΑΤΑΣΤΑΣΗΣ ΗΧΟΒΟΛΟΥ ΚΕΦΑΛΗΣ ΤΥΠΟΥ CONVEX SC6-1E ΓΙΑ ΤΟΝ ΥΠΕΡΗΧΟΤΟΜΟΓΡΑΦΟ MINDRAY ΤΟΥ ΑΚΤΙΝΟΛΟΓΙΚΟΥ ΤΜΗΜΑΤΟΣ,095029193,ΠΑΠΑΠΟΣΤΟΛΟΥ Ν ΑΝΩΝΥΜΗ ΕΤΑΙΡΕΙΑ  ΕΤΑΙΡΕΙΑ ΕΜΠΟΡΙΑΣ ΚΑΙ ΑΝΤΙΠΡΟΣΩΠΕΙΩΝ ΙΑΤΡΙΚΩΝ ΕΡΓΑΛΕΙΩΝ ΚΑΙ ΜΗΧΑΝΗΜΑΤΩΝ,5772.2,,31201050000101
ΨΗ6746904Ν-ΞΝΠ,2026-07-09,ΑΠΟΦΑΣΗ ΠΡΟΕΔΡΟΥ ΕΓΚΡΙΣΗΣ ΠΡΑΚΤΙΚΟΥ ΚΑΙ ΑΝΑΘΕΣΗΣ ΓΙΑ ΤΗΝ ΑΝΑΒΑΘΜΙΣΗ ΜΗΧΑΝΗΜΑΤΟΣ ΚΟΠΩΣΗΣ QUINTON-CARDIAC SCIENCE,800834358,CARDIOSCIENCE P C,2270.0,38500000-0,24209030000101
ΡΩΥΚ46904Ν-917,2026-07-08,ΑΠΟΦΑΣΗ ΠΡΟΕΔΡΟΥ ΕΓΚΡΙΣΗΣ ΤΟΥ ΠΡΑΚΤΙΚΟΥ ΤΗΣ ΕΠΙΤΡΟΠΗΣ ΑΞΙΟΛΟΓΗΣΗΣ ΤΩΝ ΠΡΟΣΦΟΡΩΝ ΠΑΡΟΧΗΣ ΥΠΗΡΕΣΙΩΝ ΚΑΘΑΡΙΟΤΗΤΑΣ ΓΙΑ ΔΙΑΣΤΗΜΑ ΕΙΚΟΣΙ ΠΕΝΤΕ (25) ΗΜΕΡΩΝ,801114586,MYSERVICES HUMAN RESOURCES AND SECURITY ΑΝΩΝΥΜΗ ΕΤΑΙΡΕΙΑ ΙΔΙΩΤ ΕΠΙΧ ΠΑΡΟΧΗΣ ΥΠΗΡ ΑΣΦΑΛΕΙΑΣ ΚΑΙ ΛΕΙΤΟΥΡΓΙΚΗΣ ΥΠΟΣΤΗΡΙΞΗΣ,37108.24,,24202050000101
ΕΠΛ246904Ν-8ΨΜ,2026-07-06,"ΑΠΟΦΑΣΗ ΠΡΟΕΔΡΟΥ ΑΝΑΘΕΣΗΣ ΤΗΣ ΕΠΙΣΚΕΥΗΣ ΦΟΡΕΙΩΝ ΜΕΤΑΦΟΡΑΣ 6005, ΤΟΥ ΚΑΤΑΣΚΕΥΑΣΤΙΚΟΥ ΟΙΚΟΥ PSILIAKOS HOSPITAL EQUIPMENT ΕΠΕ, ΜΕ S/N 3923-01-002 ΚΑΙ 3732-01-001, ΑΠΟ ΤΗΝ ΑΠΟΚΛΕΙΣΤΙΚΗ ΑΝΤΙΠΡΟΣΩΠΟ ΕΤΑΙΡΕΙΑ",999495127,ΛΕΩΝΙΔΑΣ ΨΗΛΙΑΚΟΣ ΚΑΙ ΣΙΑ ΕΤΑΙΡΕΙΑ ΠΕΡΙΟΡΙΣΜΕΝΗΣ ΕΥΘΥΝΗΣ,1146.01,,24101890000101 - 24209890000101
Ρ7ΝΡ46904Ν-7Τ4,2026-07-06,ΑΠΟΦΑΣΗ ΠΡΟΕΔΡΟΥ ΕΓΚΡΙΣΗΣ ΤΟΥ ΠΡΑΚΤΙΚΟΥ ΤΗΣ ΕΠΙΤΡΟΠΗΣ ΑΞΙΟΛΟΓΗΣΗΣ ΤΗΣ ΠΡΟΣΦΟΡΑΣ ΓΙΑ ΤΗΝ ΠΑΡΟΧΗ ΥΠΗΡΕΣΙΩΝ ΠΛΥΣΗΣ ΑΚΑΘΑΡΤΟΥ ΙΜΑΤΙΣΜΟΥ ΓΙΑ ΧΡΟΝΙΚΟ ΔΙΑΣΤΗΜΑ ΔΥΟ (2) ΜΗΝΩΝ Η ΕΩΣ ΕΞΑΝΤΛΗΣΕΩΣ ΤΩΝ ΠΟΣΟΤΗΤΩΝ Η ΕΩΣ ΤΕΛΕΣΦΟΡΗΣΗΣ ΤΩΝ ΔΙΑΔΙΚΑΣΙΩΝ ΤΟΥ ΕΤΗΣΙΟΥ ΔΙΑΓΩΝΙΣΜΟΥ,997672233,ΑΝΔΡΕΑΣ ΠΑΠΑΓΙΑΝΝΗΣ ΚΑΙ ΥΙΟΣ ΑΝΩΝΥΜΟΣ ΕΜΠΟΡΙΚΗ ΚΑΙ ΒΙΟΜΗΧΑΝΙΚΗ ΕΤΑΙΡΕΙΑ ΜΗΧΑΝΙΚΩΝ ΠΛΥΝΤΗΡΙΩΝ ΙΜΑΤΙΣΜΟΥ ΤΑΠΗΤΩΝ ΚΑΙ ΟΜΟΙΩ,36852.87,,24202050000101
