ada,issue_date,subject,supplier_afm,supplier_name,amount_eur,reason
Ψ5ΚΨ4690Β1-0ΑΑ,2021-12-16,Χ Ρ Η Μ Α Τ Ι Κ Ο   Ε Ν Τ Α Λ Μ Α   Π Λ Η Ρ Ω Μ Η Σ    1875 Γ,,,,no sponsor block
ΨΟ9Ω4690Β1-ΓΦΗ,2021-12-20,Χ Ρ Η Μ Α Τ Ι Κ Ο   Ε Ν Τ Α Λ Μ Α   Π Λ Η Ρ Ω Μ Η Σ     1885 Γ,,,,no sponsor block
Ψ4Η74690Β1-Τ97,2021-12-16,Χ Ρ Η Μ Α Τ Ι Κ Ο   Ε Ν Τ Α Λ Μ Α   Π Λ Η Ρ Ω Μ Η Σ     1877 Γ,,,,no sponsor block
6Η1Λ4690Β1-84Υ,2021-12-16,Χ Ρ Η Μ Α Τ Ι Κ Ο   Ε Ν Τ Α Λ Μ Α   Π Λ Η Ρ Ω Μ Η Σ     1876 Γ,,,,no sponsor block
ΨΨΖ74690Β1-ΙΕΧ,2021-12-16,Χ Ρ Η Μ Α Τ Ι Κ Ο   Ε Ν Τ Α Λ Μ Α   Π Λ Η Ρ Ω Μ Η Σ     1874 Γ,,,,no sponsor block
69ΔΦ4690Β1-ΕΣ7,2021-12-16,Χ Ρ Η Μ Α Τ Ι Κ Ο   Ε Ν Τ Α Λ Μ Α   Π Λ Η Ρ Ω Μ Η Σ     1871 Γ,,,,no sponsor block
Ω5ΦΩ4690Β1-ΓΨΥ,2021-12-21,Χ Ρ Η Μ Α Τ Ι Κ Ο   Ε Ν Τ Α Λ Μ Α   Π Λ Η Ρ Ω Μ Η Σ     1894 Γ,,,,no sponsor block
ΨΙΜΔ4690Β1-ΓΜΛ,2021-12-21,Χ Ρ Η Μ Α Τ Ι Κ Ο   Ε Ν Τ Α Λ Μ Α   Π Λ Η Ρ Ω Μ Η Σ     1893 Γ,,,,no sponsor block
60844690Β1-Γ4Υ,2021-12-21,Χ Ρ Η Μ Α Τ Ι Κ Ο   Ε Ν Τ Α Λ Μ Α   Π Λ Η Ρ Ω Μ Η Σ   1892 Γ,,,,no sponsor block
ΩΙΘ24690Β1-Μ9Θ,2021-12-21,Χ Ρ Η Μ Α Τ Ι Κ Ο   Ε Ν Τ Α Λ Μ Α   Π Λ Η Ρ Ω Μ Η Σ     1891 Γ,,,,no sponsor block
ΨΘΞΩ4690Β1-Σ4Π,2021-12-21,Χ Ρ Η Μ Α Τ Ι Κ Ο   Ε Ν Τ Α Λ Μ Α   Π Λ Η Ρ Ω Μ Η Σ     1890 Γ,,,,no sponsor block
Ω2694690Β1-Ο4Σ,2021-12-21,Χ Ρ Η Μ Α Τ Ι Κ Ο   Ε Ν Τ Α Λ Μ Α   Π Λ Η Ρ Ω Μ Η Σ     1889 Γ,,,,no sponsor block
69ΧΩ4690Β1-ΔΜΔ,2021-12-21,Χ Ρ Η Μ Α Τ Ι Κ Ο   Ε Ν Τ Α Λ Μ Α   Π Λ Η Ρ Ω Μ Η Σ     1888 Γ,,,,no sponsor block
ΨΟ514690Β1-9ΟΙ,2021-12-20,Χ Ρ Η Μ Α Τ Ι Κ Ο   Ε Ν Τ Α Λ Μ Α   Π Λ Η Ρ Ω Μ Η Σ     1887 Γ,,,,no sponsor block
Ψ72Ξ4690Β1-Τ9Δ,2021-12-20,Χ Ρ Η Μ Α Τ Ι Κ Ο   Ε Ν Τ Α Λ Μ Α   Π Λ Η Ρ Ω Μ Η Σ     1886 Γ,,,,no sponsor block
Ψ68Α4690Β1-ΨΑΝ,2021-12-20,Χ Ρ Η Μ Α Τ Ι Κ Ο   Ε Ν Τ Α Λ Μ Α   Π Λ Η Ρ Ω Μ Η Σ     1883 Γ,,,,no sponsor block
ΨΡ214690Β1-ΗΥΗ,2021-12-20,Χ Ρ Η Μ Α Τ Ι Κ Ο   Ε Ν Τ Α Λ Μ Α   Π Λ Η Ρ Ω Μ Η Σ    1881 Γ,,,,no sponsor block
ΩΜ144690Β1-ΡΔΥ,2021-12-20,Χ Ρ Η Μ Α Τ Ι Κ Ο   Ε Ν Τ Α Λ Μ Α   Π Λ Η Ρ Ω Μ Η Σ     1880 Γ,,,,no sponsor block
6ΤΝΞ4690Β1-2ΟΖ,2021-12-20,Χ Ρ Η Μ Α Τ Ι Κ Ο   Ε Ν Τ Α Λ Μ Α   Π Λ Η Ρ Ω Μ Η Σ     1879 Γ,,,,no sponsor block
ΨΚΑΩ4690Β1-ΦΟΣ,2021-12-19,Χ Ρ Η Μ Α Τ Ι Κ Ο   Ε Ν Τ Α Λ Μ Α   Π Λ Η Ρ Ω Μ Η Σ     1878 Γ,,,,no sponsor block
6ΘΜΣ4690Β1-ΘΙ7,2021-12-16,Χ Ρ Η Μ Α Τ Ι Κ Ο   Ε Ν Τ Α Λ Μ Α   Π Λ Η Ρ Ω Μ Η Σ     1873 Γ,,,,no sponsor block
ΨΗΩΡ4690Β1-8ΡΘ,2021-12-12,Χ Ρ Η Μ Α Τ Ι Κ Ο   Ε Ν Τ Α Λ Μ Α   Π Λ Η Ρ Ω Μ Η Σ     1872 Γ,,,,no sponsor block
ΨΡΡΖ4690Β1-7ΣΑ,2021-12-13,Χ Ρ Η Μ Α Τ Ι Κ Ο   Ε Ν Τ Α Λ Μ Α   Π Λ Η Ρ Ω Μ Η Σ     1763 Γ,,,,no sponsor block
Ψ07Θ4690Β1-21Υ,2021-12-15,Χ Ρ Η Μ Α Τ Ι Κ Ο Ε Ν Τ Α Λ Μ Α Π Λ Η Ρ Ω Μ Η Σ 1870 Γ,,,,no sponsor block
90Ν94690Β1-7ΙΚ,2021-12-15,Χ Ρ Η Μ Α Τ Ι Κ Ο Ε Ν Τ Α Λ Μ Α Π Λ Η Ρ Ω Μ Η Σ 1869 Γ,,,,no sponsor block
ΨΡΘ64690Β1-ΥΜΟ,2021-12-15,Χ Ρ Η Μ Α Τ Ι Κ Ο Ε Ν Τ Α Λ Μ Α Π Λ Η Ρ Ω Μ Η Σ 1868 Γ,,,,no sponsor block
63ΒΨ4690Β1-ΚΞΟ,2021-12-15,Χ Ρ Η Μ Α Τ Ι Κ Ο Ε Ν Τ Α Λ Μ Α Π Λ Η Ρ Ω Μ Η Σ 1867 Γ,,,,no sponsor block
6Ω9Ε4690Β1-ΞΩΝ,2021-12-15,Χ Ρ Η Μ Α Τ Ι Κ Ο Ε Ν Τ Α Λ Μ Α Π Λ Η Ρ Ω Μ Η Σ 1866 Γ,,,,no sponsor block
97794690Β1-ΜΩΜ,2021-12-15,Χ Ρ Η Μ Α Τ Ι Κ Ο Ε Ν Τ Α Λ Μ Α Π Λ Η Ρ Ω Μ Η Σ 1865 Γ,,,,no sponsor block
Ψ4ΛΠ4690Β1-Β6Μ,2021-12-15,Χ Ρ Η Μ Α Τ Ι Κ Ο Ε Ν Τ Α Λ Μ Α Π Λ Η Ρ Ω Μ Η Σ 1864 Γ,,,,no sponsor block
ΩΝ9Σ4690Β1-5ΚΧ,2021-12-15,Χ Ρ Η Μ Α Τ Ι Κ Ο Ε Ν Τ Α Λ Μ Α Π Λ Η Ρ Ω Μ Η Σ 1863 Γ,,,,no sponsor block
9Ξ3Φ4690Β1-6Σ6,2021-12-15,Χ Ρ Η Μ Α Τ Ι Κ Ο Ε Ν Τ Α Λ Μ Α Π Λ Η Ρ Ω Μ Η Σ 1862 Γ,,,,no sponsor block
9Κ9Β4690Β1-4Ο3,2021-12-15,Χ Ρ Η Μ Α Τ Ι Κ Ο Ε Ν Τ Α Λ Μ Α Π Λ Η Ρ Ω Μ Η Σ 1861 Γ,,,,no sponsor block
6Ο0Ω4690Β1-6ΗΑ,2021-12-15,Χ Ρ Η Μ Α Τ Ι Κ Ο Ε Ν Τ Α Λ Μ Α Π Λ Η Ρ Ω Μ Η Σ 1860 Γ,,,,no sponsor block
67504690Β1-Ψ5Λ,2021-12-15,Χ Ρ Η Μ Α Τ Ι Κ Ο Ε Ν Τ Α Λ Μ Α Π Λ Η Ρ Ω Μ Η Σ 1859 Γ,,,,no sponsor block
66ΧΚ4690Β1-ΔΚΟ,2021-12-15,Χ Ρ Η Μ Α Τ Ι Κ Ο Ε Ν Τ Α Λ Μ Α Π Λ Η Ρ Ω Μ Η Σ 1858 Γ,,,,no sponsor block
ΨΒΓΟ4690Β1-Π36,2021-12-15,Χ Ρ Η Μ Α Τ Ι Κ Ο Ε Ν Τ Α Λ Μ Α Π Λ Η Ρ Ω Μ Η Σ 1857 Γ,,,,no sponsor block
ΩΝΒΤ4690Β1-1Χ9,2021-12-10,Χ Ρ Η Μ Α Τ Ι Κ Ο Ε Ν Τ Α Λ Μ Α Π Λ Η Ρ Ω Μ Η Σ 1712 Γ,,,,no sponsor block
Ψ3ΔΤ4690Β1-Κ1Τ,2021-12-10,Χ Ρ Η Μ Α Τ Ι Κ Ο   Ε Ν Τ Α Λ Μ Α   Π Λ Η Ρ Ω Μ Η Σ     1711 Γ,,,,no sponsor block
9Χ2Φ4690Β1-ΗΕ9,2021-12-20,ΧΡΗΜΑΤΙΚΟ ΕΝΤΑΛΜΑ ΠΛΗΡΩΜΗΣ Νο 1887/21 Γ,,,,no sponsor block
ΡΚ544690Β1-Γ4Ω,2021-12-20,ΧΡΗΜΑΤΙΚΟ ΕΝΤΑΛΜΑ ΠΛΗΡΩΜΗΣ Νο 1875/21 Γ,,,,no sponsor block
6Ν4Ο4690Β1-ΥΑ9,2021-12-20,ΧΡΗΜΑΤΙΚΟ ΕΝΤΑΛΜΑ ΠΛΗΡΩΜΗΣ Νο 1866/21 Γ,,,,no sponsor block
9ΠΧΨ4690Β1-ΡΑΓ,2021-12-20,ΧΡΗΜΑΤΙΚΟ ΕΝΤΑΛΜΑ ΠΛΗΡΩΜΗΣ 1865/21Γ,,,,no sponsor block
6ΩΗΜ4690Β1-ΥΝ0,2021-12-14,Χ Ρ Η Μ Α Τ Ι Κ Ο Ε Ν Τ Α Λ Μ Α Π Λ Η Ρ Ω Μ Η Σ 1841 Γ,,,,no sponsor block
ΩΤΘ04690Β1-ΩΥ2,2021-12-07,Χ Ρ Η Μ Α Τ Ι Κ Ο   Ε Ν Τ Α Λ Μ Α   Π Λ Η Ρ Ω Μ Η Σ     1683 Γ,,,,no sponsor block
ΩΤΟ34690Β1-0ΤΧ,2021-12-06,Χ Ρ Η Μ Α Τ Ι Κ Ο   Ε Ν Τ Α Λ Μ Α   Π Λ Η Ρ Ω Μ Η Σ     1682 Γ,,,,no sponsor block
ΩΣΟΦ4690Β1-Χ3Ο,2021-12-06,Χ Ρ Η Μ Α Τ Ι Κ Ο   Ε Ν Τ Α Λ Μ Α   Π Λ Η Ρ Ω Μ Η Σ     1681 Γ,,,,no sponsor block
Ψ3704690Β1-ΚΥΔ,2021-12-06,Χ Ρ Η Μ Α Τ Ι Κ Ο   Ε Ν Τ Α Λ Μ Α   Π Λ Η Ρ Ω Μ Η Σ     1680 Γ,,,,no sponsor block
60ΔΥ4690Β1-7ΨΤ,2021-12-06,Χ Ρ Η Μ Α Τ Ι Κ Ο   Ε Ν Τ Α Λ Μ Α   Π Λ Η Ρ Ω Μ Η Σ     1679 Γ,,,,no sponsor block
6ΦΥΚ4690Β1-0ΚΚ,2021-12-06,Χ Ρ Η Μ Α Τ Ι Κ Ο   Ε Ν Τ Α Λ Μ Α   Π Λ Η Ρ Ω Μ Η Σ     1678 Γ,,,,no sponsor block
ΨΗΦΕ4690Β1-Ω70,2021-12-06,Χ Ρ Η Μ Α Τ Ι Κ Ο   Ε Ν Τ Α Λ Μ Α   Π Λ Η Ρ Ω Μ Η Σ     1677 Γ,,,,no sponsor block
Ψ98Λ4690Β1-Γ39,2021-12-02,Χ Ρ Η Μ Α Τ Ι Κ Ο   Ε Ν Τ Α Λ Μ Α   Π Λ Η Ρ Ω Μ Η Σ     1654 Γ,,,,no sponsor block
ΩΤΥΗ4690Β1-ΧΑ4,2021-12-02,Χ Ρ Η Μ Α Τ Ι Κ Ο   Ε Ν Τ Α Λ Μ Α   Π Λ Η Ρ Ω Μ Η Σ     1653 Γ,,,,no sponsor block
Ψ96Δ4690Β1-ΝΞΤ,2021-12-02,Χ Ρ Η Μ Α Τ Ι Κ Ο   Ε Ν Τ Α Λ Μ Α   Π Λ Η Ρ Ω Μ Η Σ     1652 Γ,,,,no sponsor block
6ΒΨΕ4690Β1-0Ι1,2021-12-02,Χ Ρ Η Μ Α Τ Ι Κ Ο Ε Ν Τ Α Λ Μ Α Π Λ Η Ρ Ω Μ Η Σ 1651 Γ,,,,no sponsor block
6ΖΗ54690Β1-ΕΒ5,2021-12-02,Χ Ρ Η Μ Α Τ Ι Κ Ο   Ε Ν Τ Α Λ Μ Α   Π Λ Η Ρ Ω Μ Η Σ     1650 Γ,,,,no sponsor block
ΨΖ344690Β1-1Δ6,2021-11-30,Χ Ρ Η Μ Α Τ Ι Κ Ο   Ε Ν Τ Α Λ Μ Α   Π Λ Η Ρ Ω Μ Η Σ    1621 Γ,,,,no sponsor block
9ΗΟ34690Β1-ΛΘΗ,2021-12-07,ΧΡΗΜΑΤΙΚΟ ΕΝΤΑΛΜΑ ΠΛΗΡΩΜΗΣ 1683/21Γ,,,,no sponsor block
Ψ6ΘΔ4690Β1-Α6Ξ,2021-11-25,Χ Ρ Η Μ Α Τ Ι Κ Ο Ε Ν Τ Α Λ Μ Α Π Λ Η Ρ Ω Μ Η Σ 1496 Γ,,,,no sponsor block
ΩΣ094690Β1-ΝΛΩ,2021-11-25,Χ Ρ Η Μ Α Τ Ι Κ Ο Ε Ν Τ Α Λ Μ Α Π Λ Η Ρ Ω Μ Η Σ 1495 Γ,,,,no sponsor block
ΩΘΑΣ4690Β1-ΗΛΨ,2021-11-24,Χ Ρ Η Μ Α Τ Ι Κ Ο   Ε Ν Τ Α Λ Μ Α   Π Λ Η Ρ Ω Μ Η Σ     1481 Γ,,,,no sponsor block
ΨΦΗΑ4690Β1-1ΚΧ,2021-11-18,Χ Ρ Η Μ Α Τ Ι Κ Ο   Ε Ν Τ Α Λ Μ Α   Π Λ Η Ρ Ω Μ Η Σ     1463 Γ,,,,no sponsor block
ΨΓ2Ξ4690Β1-9ΚΙ,2021-11-17,Χ Ρ Η Μ Α Τ Ι Κ Ο   Ε Ν Τ Α Λ Μ Α   Π Λ Η Ρ Ω Μ Η Σ     1455 Γ,,,,no sponsor block
63ΕΣ4690Β1-7Ν6,2021-11-17,Χ Ρ Η Μ Α Τ Ι Κ Ο   Ε Ν Τ Α Λ Μ Α   Π Λ Η Ρ Ω Μ Η Σ     1454 Γ,,,,no sponsor block
ΩΖΣ34690Β1-ΥΟΖ,2021-11-19,Χ Ρ Η Μ Α Τ Ι Κ Ο   Ε Ν Τ Α Λ Μ Α   Π Λ Η Ρ Ω Μ Η Σ     1480 Γ,,,,no sponsor block
ΩΣΒΕ4690Β1-ΟΤΣ,2021-11-18,Χ Ρ Η Μ Α Τ Ι Κ Ο   Ε Ν Τ Α Λ Μ Α   Π Λ Η Ρ Ω Μ Η Σ    1479 Γ,,,,no sponsor block
6ΕΚΤ4690Β1-8ΓΖ,2021-11-18,Χ Ρ Η Μ Α Τ Ι Κ Ο   Ε Ν Τ Α Λ Μ Α   Π Λ Η Ρ Ω Μ Η Σ     1477 Γ,,,,no sponsor block
6ΩΥΧ4690Β1-1ΦΝ,2021-11-18,Χ Ρ Η Μ Α Τ Ι Κ Ο   Ε Ν Τ Α Λ Μ Α   Π Λ Η Ρ Ω Μ Η Σ    1476 Γ,,,,no sponsor block
ΩΤΩΘ4690Β1-Β24,2021-11-18,Χ Ρ Η Μ Α Τ Ι Κ Ο   Ε Ν Τ Α Λ Μ Α   Π Λ Η Ρ Ω Μ Η Σ     1475 Γ,,,,no sponsor block
Ψ79Ο4690Β1-2ΔΩ,2021-11-18,Χ Ρ Η Μ Α Τ Ι Κ Ο   Ε Ν Τ Α Λ Μ Α   Π Λ Η Ρ Ω Μ Η Σ     1474 Γ,,,,no sponsor block
6ΙΟΞ4690Β1-Ψ2Ε,2021-11-18,Χ Ρ Η Μ Α Τ Ι Κ Ο   Ε Ν Τ Α Λ Μ Α   Π Λ Η Ρ Ω Μ Η Σ     1473 Γ,,,,no sponsor block
Ω3ΟΗ4690Β1-8ΙΒ,2021-11-18,Χ Ρ Η Μ Α Τ Ι Κ Ο   Ε Ν Τ Α Λ Μ Α   Π Λ Η Ρ Ω Μ Η Σ    1472 Γ,,,,no sponsor block
ΩΣ2Η4690Β1-Α68,2021-11-18,Χ Ρ Η Μ Α Τ Ι Κ Ο   Ε Ν Τ Α Λ Μ Α   Π Λ Η Ρ Ω Μ Η Σ     1471 Γ,,,,no sponsor block
6Ε144690Β1-0ΘΩ,2021-11-18,Χ Ρ Η Μ Α Τ Ι Κ Ο   Ε Ν Τ Α Λ Μ Α   Π Λ Η Ρ Ω Μ Η Σ     1471 Γ,,,,no sponsor block
ΩΤΥΒ4690Β1-ΡΗΕ,2021-11-18,Χ Ρ Η Μ Α Τ Ι Κ Ο   Ε Ν Τ Α Λ Μ Α   Π Λ Η Ρ Ω Μ Η Σ     1470 Γ,,,,no sponsor block
6ΦΕΨ4690Β1-8ΝΗ,2021-11-18,Χ Ρ Η Μ Α Τ Ι Κ Ο   Ε Ν Τ Α Λ Μ Α   Π Λ Η Ρ Ω Μ Η Σ     1468 Γ,,,,no sponsor block
6ΕΧΝ4690Β1-Γ0Φ,2021-11-18,Χ Ρ Η Μ Α Τ Ι Κ Ο   Ε Ν Τ Α Λ Μ Α   Π Λ Η Ρ Ω Μ Η Σ     1467 Γ,,,,no sponsor block
ΩΘΒΩ4690Β1-Η76,2021-11-18,Χ Ρ Η Μ Α Τ Ι Κ Ο   Ε Ν Τ Α Λ Μ Α   Π Λ Η Ρ Ω Μ Η Σ     1467 Γ,,,,no sponsor block
ΨΟΗΔ4690Β1-ΕΓΟ,2021-11-18,Χ Ρ Η Μ Α Τ Ι Κ Ο   Ε Ν Τ Α Λ Μ Α   Π Λ Η Ρ Ω Μ Η Σ     1466 Γ,,,,no sponsor block
ΨΡΙΙ4690Β1-0Α0,2021-11-18,Χ Ρ Η Μ Α Τ Ι Κ Ο   Ε Ν Τ Α Λ Μ Α   Π Λ Η Ρ Ω Μ Η Σ     1465 Γ,,,,no sponsor block
ΨΥ7Ρ4690Β1-ΙΜ9,2021-11-18,Χ Ρ Η Μ Α Τ Ι Κ Ο   Ε Ν Τ Α Λ Μ Α   Π Λ Η Ρ Ω Μ Η Σ     1464 Γ,,,,no sponsor block
6ΛΥΠ4690Β1-ΑΑ4,2021-11-18,Χ Ρ Η Μ Α Τ Ι Κ Ο   Ε Ν Τ Α Λ Μ Α   Π Λ Η Ρ Ω Μ Η Σ     1462 Γ,,,,no sponsor block
ΨΡΝ64690Β1-Ν41,2021-11-18,Χ Ρ Η Μ Α Τ Ι Κ Ο   Ε Ν Τ Α Λ Μ Α   Π Λ Η Ρ Ω Μ Η Σ   1461 Γ,,,,no sponsor block
6ΠΙΜ4690Β1-9Α1,2021-11-17,Χ Ρ Η Μ Α Τ Ι Κ Ο   Ε Ν Τ Α Λ Μ Α   Π Λ Η Ρ Ω Μ Η Σ     1457 Γ,,,,no sponsor block
6ΩΟ64690Β1-ΙΔΥ,2021-11-17,Χ Ρ Η Μ Α Τ Ι Κ Ο   Ε Ν Τ Α Λ Μ Α   Π Λ Η Ρ Ω Μ Η Σ     1456 Γ,,,,no sponsor block
ΩΑΑΖ4690Β1-ΙΜΡ,2021-11-17,Χ Ρ Η Μ Α Τ Ι Κ Ο   Ε Ν Τ Α Λ Μ Α   Π Λ Η Ρ Ω Μ Η Σ     1456 Γ,,,,no sponsor block
6ΞΙ14690Β1-ΖΕ0,2021-11-18,ΧΡΗΜΑΤΙΚΟ ΕΝΤΑΛΜΑ ΠΛΗΡΩΜΗΣ 1478/21Γ,,,,no sponsor block
ΨΕΤΗ4690Β1-Ψ9Α,2021-11-18,ΧΡΗΜΑΤΙΚΟ ΕΝΤΑΛΜΑ ΠΛΗΡΩΜΗΣ 1469/21Γ,,,,no sponsor block
Ψ7Ξ44690Β1-ΖΜΞ,2021-11-17,ΧΡΗΜΑΤΙΚΟ ΕΝΤΑΛΜΑ ΠΛΗΡΩΜΗΣ 1458/21Γ,,,,no sponsor block
65Υ14690Β1-ΦΝΞ,2021-11-03,Χ Ρ Η Μ Α Τ Ι Κ Ο   Ε Ν Τ Α Λ Μ Α   Π Λ Η Ρ Ω Μ Η Σ     1438 Γ,,,,no sponsor block
Ψ6ΠΒ4690Β1-ΠΩΧ,2021-11-03,Χ Ρ Η Μ Α Τ Ι Κ Ο   Ε Ν Τ Α Λ Μ Α   Π Λ Η Ρ Ω Μ Η Σ     1436 Γ,,,,no sponsor block
6Β2Μ4690Β1-ΘΨ1,2021-11-03,Χ Ρ Η Μ Α Τ Ι Κ Ο   Ε Ν Τ Α Λ Μ Α   Π Λ Η Ρ Ω Μ Η Σ     1435 Γ,,,,no sponsor block
ΨΡΖΩ4690Β1-7ΓΞ,2021-11-03,Χ Ρ Η Μ Α Τ Ι Κ Ο   Ε Ν Τ Α Λ Μ Α   Π Λ Η Ρ Ω Μ Η Σ     1434 Γ,,,,no sponsor block
Ψ07Β4690Β1-ΒΛΒ,2021-11-03,Χ Ρ Η Μ Α Τ Ι Κ Ο   Ε Ν Τ Α Λ Μ Α   Π Λ Η Ρ Ω Μ Η Σ     1433 Γ,,,,no sponsor block
6ΘΥ64690Β1-Χ9Π,2021-11-01,Χ Ρ Η Μ Α Τ Ι Κ Ο   Ε Ν Τ Α Λ Μ Α   Π Λ Η Ρ Ω Μ Η Σ     1391 Γ,,,,no sponsor block
661Ι4690Β1-0ΤΙ,2021-10-22,Χ Ρ Η Μ Α Τ Ι Κ Ο   Ε Ν Τ Α Λ Μ Α   Π Λ Η Ρ Ω Μ Η Σ     1311 Γ,,,,no sponsor block
6ΗΗΓ4690Β1-ΛΒ0,2021-10-22,Χ Ρ Η Μ Α Τ Ι Κ Ο   Ε Ν Τ Α Λ Μ Α   Π Λ Η Ρ Ω Μ Η Σ     1311 Γ,,,,no sponsor block
6ΣΞ44690Β1-22Π,2021-10-18,Χ Ρ Η Μ Α Τ Ι Κ Ο Ε Ν Τ Α Λ Μ Α Π Λ Η Ρ Ω Μ Η Σ 1258 Γ,,,,no sponsor block
ΩΜΟΠ4690Β1-Τ2Ε,2021-10-18,Χ Ρ Η Μ Α Τ Ι Κ Ο Ε Ν Τ Α Λ Μ Α Π Λ Η Ρ Ω Μ Η Σ 1257 Γ,,,,no sponsor block
6Β9Ι4690Β1-Ο40,2021-10-18,Χ Ρ Η Μ Α Τ Ι Κ Ο   Ε Ν Τ Α Λ Μ Α   Π Λ Η Ρ Ω Μ Η Σ     1256 Γ,,,,no sponsor block
ΨΧΕΖ4690Β1-Ι12,2021-10-19,Χ Ρ Η Μ Α Τ Ι Κ Ο   Ε Ν Τ Α Λ Μ Α   Π Λ Η Ρ Ω Μ Η Σ     1284 Γ,,,,no sponsor block
ΨΨΥΠ4690Β1-ΦΝΣ,2021-10-19,Χ Ρ Η Μ Α Τ Ι Κ Ο   Ε Ν Τ Α Λ Μ Α   Π Λ Η Ρ Ω Μ Η Σ     1283 Γ,,,,no sponsor block
ΩΙ0Ο4690Β1-1Τ7,2021-10-19,Χ Ρ Η Μ Α Τ Ι Κ Ο   Ε Ν Τ Α Λ Μ Α   Π Λ Η Ρ Ω Μ Η Σ     1282 Γ,,,,no sponsor block
63ΡΥ4690Β1-Χ9Ξ,2021-10-19,Χ Ρ Η Μ Α Τ Ι Κ Ο   Ε Ν Τ Α Λ Μ Α   Π Λ Η Ρ Ω Μ Η Σ     1281 Γ,,,,no sponsor block
ΩΗΔΖ4690Β1-Ζ6Ζ,2021-10-19,Χ Ρ Η Μ Α Τ Ι Κ Ο   Ε Ν Τ Α Λ Μ Α   Π Λ Η Ρ Ω Μ Η Σ     1280  Γ,,,,no sponsor block
60Χ64690Β1-12Β,2021-10-19,Χ Ρ Η Μ Α Τ Ι Κ Ο   Ε Ν Τ Α Λ Μ Α   Π Λ Η Ρ Ω Μ Η Σ     1279 Γ,,,,no sponsor block
ΩΜ6Μ4690Β1-6ΕΥ,2021-10-19,Χ Ρ Η Μ Α Τ Ι Κ Ο   Ε Ν Τ Α Λ Μ Α   Π Λ Η Ρ Ω Μ Η Σ     1278 Γ,,,,no sponsor block
6ΑΧΠ4690Β1-ΛΓΑ,2021-10-19,Χ Ρ Η Μ Α Τ Ι Κ Ο   Ε Ν Τ Α Λ Μ Α   Π Λ Η Ρ Ω Μ Η Σ     1277 Γ,,,,no sponsor block
68Ι84690Β1-ΒΛ3,2021-10-19,Χ Ρ Η Μ Α Τ Ι Κ Ο   Ε Ν Τ Α Λ Μ Α   Π Λ Η Ρ Ω Μ Η Σ     1271 Γ,,,,no sponsor block
Ψ3Τ84690Β1-Α0Θ,2021-10-18,Χ Ρ Η Μ Α Τ Ι Κ Ο   Ε Ν Τ Α Λ Μ Α   Π Λ Η Ρ Ω Μ Η Σ     1260 Γ,,,,no sponsor block
6ΤΦΜ4690Β1-4Ο8,2021-10-18,Χ Ρ Η Μ Α Τ Ι Κ Ο   Ε Ν Τ Α Λ Μ Α   Π Λ Η Ρ Ω Μ Η Σ     1255 Γ,,,,no sponsor block
ΨΝ4Η4690Β1-ΡΦ2,2021-10-18,Χ Ρ Η Μ Α Τ Ι Κ Ο   Ε Ν Τ Α Λ Μ Α   Π Λ Η Ρ Ω Μ Η Σ     1254 Γ,,,,no sponsor block
62Ζ64690Β1-ΨΤΤ,2021-10-18,Χ Ρ Η Μ Α Τ Ι Κ Ο   Ε Ν Τ Α Λ Μ Α   Π Λ Η Ρ Ω Μ Η Σ     1253 Γ,,,,no sponsor block
6ΞΨΑ4690Β1-ΨΣΝ,2021-10-18,Χ Ρ Η Μ Α Τ Ι Κ Ο   Ε Ν Τ Α Λ Μ Α   Π Λ Η Ρ Ω Μ Η Σ     1252 Γ,,,,no sponsor block
6ΜΘΩ4690Β1-4ΕΥ,2021-10-18,Χ Ρ Η Μ Α Τ Ι Κ Ο   Ε Ν Τ Α Λ Μ Α   Π Λ Η Ρ Ω Μ Η Σ     1251 Γ,,,,no sponsor block
6ΕΝΤ4690Β1-ΚΝΒ,2021-10-14,Χ Ρ Η Μ Α Τ Ι Κ Ο   Ε Ν Τ Α Λ Μ Α   Π Λ Η Ρ Ω Μ Η Σ     1195 Γ,,,,no sponsor block
ΨΙ244690Β1-Ξ3Σ,2021-10-14,Χ Ρ Η Μ Α Τ Ι Κ Ο   Ε Ν Τ Α Λ Μ Α   Π Λ Η Ρ Ω Μ Η Σ     1195 Γ,,,,no sponsor block
Ψ4874690Β1-ΓΘΠ,2021-10-18,Χ Ρ Η Μ Α Τ Ι Κ Ο   Ε Ν Τ Α Λ Μ Α   Π Λ Η Ρ Ω Μ Η Σ     1259 Γ,,,,no sponsor block
ΨΤΤΒ4690Β1-1ΞΡ,2021-10-18,ΧΡΗΜΑΤΙΚΟ ΕΝΤΑΛΜΑ ΠΛΗΡΩΜΗΣ Νο 1259/21 Γ,,,,no sponsor block
ΨΚΦΠ4690Β1-4ΣΝ,2021-10-11,Χ Ρ Η Μ Α Τ Ι Κ Ο   Ε Ν Τ Α Λ Μ Α   Π Λ Η Ρ Ω Μ Η Σ     1191 Γ,,,,no sponsor block
69ΚΤ4690Β1-ΡΜΠ,2021-10-14,ΧΡΗΜΑΤΙΚΟ ΕΝΤΑΛΜΑ ΠΛΗΡΩΜΗΣ Νο 1196/21 Γ,,,,no sponsor block
Ψ95Β4690Β1-7ΒΛ,2021-10-04,Χ Ρ Η Μ Α Τ Ι Κ Ο   Ε Ν Τ Α Λ Μ Α   Π Λ Η Ρ Ω Μ Η Σ     1188 Γ,,,,no sponsor block
67ΚΛ4690Β1-ΠΞΥ,2021-10-04,Χ Ρ Η Μ Α Τ Ι Κ Ο   Ε Ν Τ Α Λ Μ Α   Π Λ Η Ρ Ω Μ Η Σ     1187 Γ,,,,no sponsor block
6Σ1Ρ4690Β1-6ΩΓ,2021-10-04,Χ Ρ Η Μ Α Τ Ι Κ Ο   Ε Ν Τ Α Λ Μ Α   Π Λ Η Ρ Ω Μ Η Σ     1186 Γ,,,,no sponsor block
6ΤΠΑ4690Β1-4ΟΧ,2021-10-04,Χ Ρ Η Μ Α Τ Ι Κ Ο   Ε Ν Τ Α Λ Μ Α   Π Λ Η Ρ Ω Μ Η Σ     1185 Γ,,,,no sponsor block
9Ω6Ο4690Β1-8Δ5,2021-10-04,Χ Ρ Η Μ Α Τ Ι Κ Ο   Ε Ν Τ Α Λ Μ Α   Π Λ Η Ρ Ω Μ Η Σ     1184 Γ,,,,no sponsor block
ΨΔΓΣ4690Β1-ΘΧΟ,2021-10-04,Χ Ρ Η Μ Α Τ Ι Κ Ο   Ε Ν Τ Α Λ Μ Α   Π Λ Η Ρ Ω Μ Η Σ    1183 Γ,,,,no sponsor block
ΨΙΚΛ4690Β1-ΤΡΠ,2021-09-23,Χ Ρ Η Μ Α Τ Ι Κ Ο   Ε Ν Τ Α Λ Μ Α   Π Λ Η Ρ Ω Μ Η Σ     1169 Γ,,,,no sponsor block
6Π5Σ4690Β1-4ΘΤ,2021-09-20,Χ Ρ Η Μ Α Τ Ι Κ Ο   Ε Ν Τ Α Λ Μ Α   Π Λ Η Ρ Ω Μ Η Σ     1168 Γ,,,,no sponsor block
Ω8ΨΑ4690Β1-79Α,2021-09-17,Χ Ρ Η Μ Α Τ Ι Κ Ο Ε Ν Τ Α Λ Μ Α Π Λ Η Ρ Ω Μ Η Σ 1162 Γ,,,,no sponsor block
6ΗΩ74690Β1-Ε0Κ,2021-09-16,Χ Ρ Η Μ Α Τ Ι Κ Ο Ε Ν Τ Α Λ Μ Α Π Λ Η Ρ Ω Μ Η Σ 1161 Γ,,,,no sponsor block
6Δ124690Β1-ΥΟΞ,2021-09-16,Χ Ρ Η Μ Α Τ Ι Κ Ο Ε Ν Τ Α Λ Μ Α Π Λ Η Ρ Ω Μ Η Σ 1160 Γ,,,,no sponsor block
ΩΤΞΓ4690Β1-8ΤΤ,2021-09-16,Χ Ρ Η Μ Α Τ Ι Κ Ο Ε Ν Τ Α Λ Μ Α Π Λ Η Ρ Ω Μ Η Σ 1158 Γ,,,,no sponsor block
ΩΖ354690Β1-28Ρ,2021-09-16,Χ Ρ Η Μ Α Τ Ι Κ Ο   Ε Ν Τ Α Λ Μ Α   Π Λ Η Ρ Ω Μ Η Σ     1157 Γ,,,,no sponsor block
6ΣΧ64690Β1-55Ι,2021-09-20,ΧΡΗΜΑΤΙΚΟ ΕΝΤΑΛΜΑ ΠΛΗΡΩΜΗΣ Νο 1159/21 Γ,,,,no sponsor block
97ΤΛ4690Β1-ΞΑ6,2021-09-07,Χ Ρ Η Μ Α Τ Ι Κ Ο Ε Ν Τ Α Λ Μ Α Π Λ Η Ρ Ω Μ Η Σ 1090 Γ,,,,no sponsor block
ΩΝΠ14690Β1-ΟΘΡ,2021-09-06,Χ Ρ Η Μ Α Τ Ι Κ Ο Ε Ν Τ Α Λ Μ Α Π Λ Η Ρ Ω Μ Η Σ 1089 Γ,,,,no sponsor block
ΩΧΕ44690Β1-Ε73,2021-09-06,Χ Ρ Η Μ Α Τ Ι Κ Ο Ε Ν Τ Α Λ Μ Α Π Λ Η Ρ Ω Μ Η Σ 1088 Γ,,,,no sponsor block
61774690Β1-ΦΨ0,2021-09-06,Χ Ρ Η Μ Α Τ Ι Κ Ο Ε Ν Τ Α Λ Μ Α Π Λ Η Ρ Ω Μ Η Σ 1087 Γ,,,,no sponsor block
ΨΗΗ44690Β1-2ΥΟ,2021-09-06,Χ Ρ Η Μ Α Τ Ι Κ Ο Ε Ν Τ Α Λ Μ Α Π Λ Η Ρ Ω Μ Η Σ 1086 Γ,,,,no sponsor block
ΨΓΧΔ4690Β1-ΖΥΠ,2021-09-02,Χ Ρ Η Μ Α Τ Ι Κ Ο Ε Ν Τ Α Λ Μ Α Π Λ Η Ρ Ω Μ Η Σ 1085 Γ,,,,no sponsor block
9ΚΠ04690Β1-ΔΟΘ,2021-09-02,Χ Ρ Η Μ Α Τ Ι Κ Ο Ε Ν Τ Α Λ Μ Α Π Λ Η Ρ Ω Μ Η Σ 1084 Γ,,,,no sponsor block
ΩΦΞ74690Β1-ΕΗΨ,2021-09-02,Χ Ρ Η Μ Α Τ Ι Κ Ο Ε Ν Τ Α Λ Μ Α Π Λ Η Ρ Ω Μ Η Σ 1083 Γ,,,,no sponsor block
6ΥΑΚ4690Β1-ΗΥΔ,2021-09-02,Χ Ρ Η Μ Α Τ Ι Κ Ο Ε Ν Τ Α Λ Μ Α Π Λ Η Ρ Ω Μ Η Σ 1082 Γ,,,,no sponsor block
9ΘΜΟ4690Β1-8Κ7,2021-09-02,Χ Ρ Η Μ Α Τ Ι Κ Ο   Ε Ν Τ Α Λ Μ Α   Π Λ Η Ρ Ω Μ Η Σ     1081 Γ,,,,no sponsor block
69ΘΡ4690Β1-Σ3Ι,2021-09-02,Χ Ρ Η Μ Α Τ Ι Κ Ο   Ε Ν Τ Α Λ Μ Α   Π Λ Η Ρ Ω Μ Η Σ     1061 Γ,,,,no sponsor block
6ΓΗΕ4690Β1-0Σ0,2021-09-02,Χ Ρ Η Μ Α Τ Ι Κ Ο   Ε Ν Τ Α Λ Μ Α   Π Λ Η Ρ Ω Μ Η Σ     1052 Γ,,,,no sponsor block
6Ω7Ρ4690Β1-ΘΘ9,2021-09-02,Χ Ρ Η Μ Α Τ Ι Κ Ο   Ε Ν Τ Α Λ Μ Α   Π Λ Η Ρ Ω Μ Η Σ     1052 Γ,,,,no sponsor block
9ΨΖΜ4690Β1-8ΡΞ,2021-08-25,Χ Ρ Η Μ Α Τ Ι Κ Ο   Ε Ν Τ Α Λ Μ Α   Π Λ Η Ρ Ω Μ Η Σ     973 Γ,,,,no sponsor block
65ΩΒ4690Β1-ΤΚΟ,2021-08-23,Χ Ρ Η Μ Α Τ Ι Κ Ο   Ε Ν Τ Α Λ Μ Α   Π Λ Η Ρ Ω Μ Η Σ    963 Γ,,,,no sponsor block
ΨΘΧ74690Β1-3ΙΒ,2021-09-03,ΧΡΗΜΑΤΙΚΟ ΕΝΤΑΛΜΑ ΠΛΗΡΩΜΗΣ Νο 1084/21 Γ,,,,no sponsor block
ΩΓ154690Β1-ΒΘΡ,2021-08-05,Χ Ρ Η Μ Α Τ Ι Κ Ο Ε Ν Τ Α Λ Μ Α Π Λ Η Ρ Ω Μ Η Σ 874 Γ,,,,no sponsor block
ΨΑΜΙ4690Β1-ΗΗΟ,2021-08-05,Χ Ρ Η Μ Α Τ Ι Κ Ο   Ε Ν Τ Α Λ Μ Α   Π Λ Η Ρ Ω Μ Η Σ     873 Γ,,,,no sponsor block
9ΚΜΑ4690Β1-Ο3Λ,2021-08-02,Χ Ρ Η Μ Α Τ Ι Κ Ο   Ε Ν Τ Α Λ Μ Α   Π Λ Η Ρ Ω Μ Η Σ     866 Γ,,,,no sponsor block
Ψ6Φ34690Β1-0ΚΤ,2021-08-02,Χ Ρ Η Μ Α Τ Ι Κ Ο   Ε Ν Τ Α Λ Μ Α   Π Λ Η Ρ Ω Μ Η Σ     865 Γ,,,,no sponsor block
6Τ1Ν4690Β1-10Η,2021-08-02,Χ Ρ Η Μ Α Τ Ι Κ Ο   Ε Ν Τ Α Λ Μ Α   Π Λ Η Ρ Ω Μ Η Σ     864 Γ,,,,no sponsor block
ΩΤΕΩ4690Β1-Δ3Β,2021-08-06,Χ Ρ Η Μ Α Τ Ι Κ Ο Ε Ν Τ Α Λ Μ Α Π Λ Η Ρ Ω Μ Η Σ 881 Γ,,,,no sponsor block
ΩΚΖ94690Β1-Γ5Ξ,2021-08-05,Χ Ρ Η Μ Α Τ Ι Κ Ο Ε Ν Τ Α Λ Μ Α Π Λ Η Ρ Ω Μ Η Σ 878 Γ,,,,no sponsor block
66ΖΚ4690Β1-ΖΑΕ,2021-08-05,Χ Ρ Η Μ Α Τ Ι Κ Ο Ε Ν Τ Α Λ Μ Α Π Λ Η Ρ Ω Μ Η Σ 877 Γ,,,,no sponsor block
6Ξ7Υ4690Β1-2ΥΘ,2021-08-05,Χ Ρ Η Μ Α Τ Ι Κ Ο Ε Ν Τ Α Λ Μ Α Π Λ Η Ρ Ω Μ Η Σ 876 Γ,,,,no sponsor block
Ω18Φ4690Β1-ΑΦΩ,2021-08-05,Χ Ρ Η Μ Α Τ Ι Κ Ο   Ε Ν Τ Α Λ Μ Α   Π Λ Η Ρ Ω Μ Η Σ     875 Γ,,,,no sponsor block
ΨΛΝΠ4690Β1-0Η7,2021-08-05,Χ Ρ Η Μ Α Τ Ι Κ Ο Ε Ν Τ Α Λ Μ Α Π Λ Η Ρ Ω Μ Η Σ 872 Γ,,,,no sponsor block
Ψ8ΝΘ4690Β1-2ΨΧ,2021-08-03,Χ Ρ Η Μ Α Τ Ι Κ Ο Ε Ν Τ Α Λ Μ Α Π Λ Η Ρ Ω Μ Η Σ 871 Γ,,,,no sponsor block
ΨΙ1Β4690Β1-024,2021-08-03,Χ Ρ Η Μ Α Τ Ι Κ Ο Ε Ν Τ Α Λ Μ Α Π Λ Η Ρ Ω Μ Η Σ 870 Γ,,,,no sponsor block
6Η814690Β1-ΑΕ1,2021-08-03,Χ Ρ Η Μ Α Τ Ι Κ Ο Ε Ν Τ Α Λ Μ Α Π Λ Η Ρ Ω Μ Η Σ 869 Γ,,,,no sponsor block
6Ω6Β4690Β1-ΥΓΘ,2021-08-03,Χ Ρ Η Μ Α Τ Ι Κ Ο   Ε Ν Τ Α Λ Μ Α   Π Λ Η Ρ Ω Μ Η Σ  867 Γ,,,,no sponsor block
Ψ8Τ34690Β1-ΞΝΠ,2021-08-05,ΧΡΗΜΑΤΙΚΟ ΕΝΤΑΛΜΑ ΠΛΗΡΩΜΗΣ Νο 872/21 Γ,,,,no sponsor block
Ψ9ΥΔ4690Β1-ΥΩ8,2022-05-06,Χ Ρ Η Μ Α Τ Ι Κ Ο  Ε Ν Τ Α Λ Μ Α  Π Λ Η Ρ Ω Μ Η Σ 697Γ,,,,no sponsor block
6ΗΣΛ4690Β1-8ΜΘ,2022-05-06,Χ Ρ Η Μ Α Τ Ι Κ Ο  Ε Ν Τ Α Λ Μ Α  Π Λ Η Ρ Ω Μ Η Σ 696Γ,,,,no sponsor block
69ΣΞ4690Β1-91Ι,2022-05-25,Χ Ρ Η Μ Α Τ Ι Κ Ο  Ε Ν Τ Α Λ Μ Α  Π Λ Η Ρ Ω Μ Η Σ 849Γ,,,,no sponsor block
6ΞΑΓ4690Β1-ΨΜ0,2022-05-19,Χ Ρ Η Μ Α Τ Ι Κ Ο  Ε Ν Τ Α Λ Μ Α  Π Λ Η Ρ Ω Μ Η Σ 797Γ,,,,no sponsor block
6Ι9Σ4690Β1-ΟΙΜ,2022-05-19,Χ Ρ Η Μ Α Τ Ι Κ Ο  Ε Ν Τ Α Λ Μ Α  Π Λ Η Ρ Ω Μ Η Σ 799Γ,,,,no sponsor block
986Π4690Β1-ΓΙ7,2022-05-19,Χ Ρ Η Μ Α Τ Ι Κ Ο  Ε Ν Τ Α Λ Μ Α  Π Λ Η Ρ Ω Μ Η Σ 798Γ,,,,no sponsor block
Ψ6ΒΛ4690Β1-Χ26,2022-05-19,Χ Ρ Η Μ Α Τ Ι Κ Ο  Ε Ν Τ Α Λ Μ Α  Π Λ Η Ρ Ω Μ Η Σ 796Γ,,,,no sponsor block
6ΓΑ94690Β1-ΦΑΛ,2022-05-19,Χ Ρ Η Μ Α Τ Ι Κ Ο  Ε Ν Τ Α Λ Μ Α  Π Λ Η Ρ Ω Μ Η Σ 795Γ,,,,no sponsor block
ΨΛ7Θ4690Β1-705,2022-05-19,Χ Ρ Η Μ Α Τ Ι Κ Ο  Ε Ν Τ Α Λ Μ Α  Π Λ Η Ρ Ω Μ Η Σ 793Γ,,,,no sponsor block
ΨΙ3Σ4690Β1-5Η0,2022-05-18,Χ Ρ Η Μ Α Τ Ι Κ Ο  Ε Ν Τ Α Λ Μ Α  Π Λ Η Ρ Ω Μ Η Σ 779Γ,,,,no sponsor block
Ω2ΣΒ4690Β1-Β2Ω,2022-05-18,Χ Ρ Η Μ Α Τ Ι Κ Ο  Ε Ν Τ Α Λ Μ Α  Π Λ Η Ρ Ω Μ Η Σ 778Γ,,,,no sponsor block
607Μ4690Β1-Λ28,2022-05-18,Χ Ρ Η Μ Α Τ Ι Κ Ο  Ε Ν Τ Α Λ Μ Α  Π Λ Η Ρ Ω Μ Η Σ 777Γ,,,,no sponsor block
ΨΓΠΦ4690Β1-ΖΨ9,2022-05-18,Χ Ρ Η Μ Α Τ Ι Κ Ο  Ε Ν Τ Α Λ Μ Α  Π Λ Η Ρ Ω Μ Η Σ 776Γ,,,,no sponsor block
684Σ4690Β1-14Ζ,2022-05-18,Χ Ρ Η Μ Α Τ Ι Κ Ο  Ε Ν Τ Α Λ Μ Α  Π Λ Η Ρ Ω Μ Η Σ 775Γ,,,,no sponsor block
ΨΙΓΘ4690Β1-ΧΔ1,2022-05-18,Χ Ρ Η Μ Α Τ Ι Κ Ο  Ε Ν Τ Α Λ Μ Α  Π Λ Η Ρ Ω Μ Η Σ 774Γ,,,,no sponsor block
65ΟΕ4690Β1-ΖΘΖ,2022-05-18,Χ Ρ Η Μ Α Τ Ι Κ Ο  Ε Ν Τ Α Λ Μ Α  Π Λ Η Ρ Ω Μ Η Σ 773Γ,,,,no sponsor block
6Δ524690Β1-ΠΒΤ,2022-05-18,Χ Ρ Η Μ Α Τ Ι Κ Ο  Ε Ν Τ Α Λ Μ Α  Π Λ Η Ρ Ω Μ Η Σ 772Γ,,,,no sponsor block
ΨΝ5Ο4690Β1-ΩΡ1,2022-05-18,Χ Ρ Η Μ Α Τ Ι Κ Ο  Ε Ν Τ Α Λ Μ Α  Π Λ Η Ρ Ω Μ Η Σ 770Γ,,,,no sponsor block
ΨΩΕΜ4690Β1-4ΚΒ,2022-05-18,Χ Ρ Η Μ Α Τ Ι Κ Ο  Ε Ν Τ Α Λ Μ Α  Π Λ Η Ρ Ω Μ Η Σ 769Γ,,,,no sponsor block
67ΧΩ4690Β1-1ΔΝ,2022-05-18,Χ Ρ Η Μ Α Τ Ι Κ Ο  Ε Ν Τ Α Λ Μ Α  Π Λ Η Ρ Ω Μ Η Σ 768Γ,,,,no sponsor block
68ΒΧ4690Β1-Χ2Γ,2022-05-18,Χ Ρ Η Μ Α Τ Ι Κ Ο  Ε Ν Τ Α Λ Μ Α  Π Λ Η Ρ Ω Μ Η Σ 767Γ,,,,no sponsor block
6ΙΝΓ4690Β1-ΛΟΥ,2022-05-18,Χ Ρ Η Μ Α Τ Ι Κ Ο  Ε Ν Τ Α Λ Μ Α  Π Λ Η Ρ Ω Μ Η Σ 766Γ,,,,no sponsor block
Ψ3ΨΝ4690Β1-4ΦΡ,2022-05-18,Χ Ρ Η Μ Α Τ Ι Κ Ο  Ε Ν Τ Α Λ Μ Α  Π Λ Η Ρ Ω Μ Η Σ 765Γ,,,,no sponsor block
Ψ29Δ4690Β1-ΟΕ7,2022-05-18,Χ Ρ Η Μ Α Τ Ι Κ Ο  Ε Ν Τ Α Λ Μ Α  Π Λ Η Ρ Ω Μ Η Σ 764Γ,,,,no sponsor block
ΨΒ3Τ4690Β1-3ΜΜ,2022-05-18,Χ Ρ Η Μ Α Τ Ι Κ Ο  Ε Ν Τ Α Λ Μ Α  Π Λ Η Ρ Ω Μ Η Σ 763Γ,,,,no sponsor block
9ΟΩΞ4690Β1-7ΔΜ,2022-05-18,Χ Ρ Η Μ Α Τ Ι Κ Ο  Ε Ν Τ Α Λ Μ Α  Π Λ Η Ρ Ω Μ Η Σ 762Γ,,,,no sponsor block
9ΩΗΞ4690Β1-ΠΘΕ,2022-05-20,Χ Ρ Η Μ Α Τ Ι Κ Ο  Ε Ν Τ Α Λ Μ Α  Π Λ Η Ρ Ω Μ Η Σ 814Γ,,,,no sponsor block
6ΣΑΞ4690Β1-3ΣΗ,2022-05-20,ΧΡΗΜΑΤΙΚΟ ΕΝΤΑΛΜΑ ΠΛΗΡΩΜΗΣ Νο 794/22Γ,,,,no sponsor block
ΨΨΞ94690Β1-ΧΝ2,2022-05-20,ΧΡΗΜΑΤΙΚΟ ΕΝΤΑΛΜΑ ΠΛΗΡΩΜΗΣ Νο 771/22 Γ,,,,no sponsor block
ΨΓ584690Β1-ΙΡΣ,2022-05-06,Χ Ρ Η Μ Α Τ Ι Κ Ο   Ε Ν Τ Α Λ Μ Α   Π Λ Η Ρ Ω Μ Η Σ     712 Γ,,,,no sponsor block
Ψ43Δ4690Β1-659,2022-05-06,Χ Ρ Η Μ Α Τ Ι Κ Ο   Ε Ν Τ Α Λ Μ Α   Π Λ Η Ρ Ω Μ Η Σ     711 Γ,,,,no sponsor block
ΩΖΜ24690Β1-ΘΧΚ,2022-05-06,Χ Ρ Η Μ Α Τ Ι Κ Ο   Ε Ν Τ Α Λ Μ Α   Π Λ Η Ρ Ω Μ Η Σ     710 Γ,,,,no sponsor block
ΨΗ6Υ4690Β1-7ΜΡ,2022-05-06,Χ Ρ Η Μ Α Τ Ι Κ Ο   Ε Ν Τ Α Λ Μ Α   Π Λ Η Ρ Ω Μ Η Σ     709 Γ,,,,no sponsor block
6ΧΩ94690Β1-Ζ8Λ,2022-05-06,Χ Ρ Η Μ Α Τ Ι Κ Ο   Ε Ν Τ Α Λ Μ Α   Π Λ Η Ρ Ω Μ Η Σ     708 Γ,,,,no sponsor block
ΨΠΦ44690Β1-2ΗΛ,2022-05-06,Χ Ρ Η Μ Α Τ Ι Κ Ο   Ε Ν Τ Α Λ Μ Α   Π Λ Η Ρ Ω Μ Η Σ     707 Γ,,,,no sponsor block
6ΩΦΑ4690Β1-7ΞΒ,2022-05-06,Χ Ρ Η Μ Α Τ Ι Κ Ο   Ε Ν Τ Α Λ Μ Α   Π Λ Η Ρ Ω Μ Η Σ     706 Γ,,,,no sponsor block
ΩΝΦΠ4690Β1-851,2022-05-06,Χ Ρ Η Μ Α Τ Ι Κ Ο   Ε Ν Τ Α Λ Μ Α   Π Λ Η Ρ Ω Μ Η Σ     705 Γ,,,,no sponsor block
6ΕΚΦ4690Β1-ΤΩΣ,2022-05-06,Χ Ρ Η Μ Α Τ Ι Κ Ο   Ε Ν Τ Α Λ Μ Α   Π Λ Η Ρ Ω Μ Η Σ     704 Γ,,,,no sponsor block
Ψ61Κ4690Β1-Ι09,2022-05-06,Χ Ρ Η Μ Α Τ Ι Κ Ο   Ε Ν Τ Α Λ Μ Α   Π Λ Η Ρ Ω Μ Η Σ     703 Γ,,,,no sponsor block
ΩΜΞΗ4690Β1-ΖΙ5,2022-05-06,Χ Ρ Η Μ Α Τ Ι Κ Ο   Ε Ν Τ Α Λ Μ Α   Π Λ Η Ρ Ω Μ Η Σ     702 Γ,,,,no sponsor block
6ΧΨΥ4690Β1-1ΩΒ,2022-05-06,Χ Ρ Η Μ Α Τ Ι Κ Ο   Ε Ν Τ Α Λ Μ Α   Π Λ Η Ρ Ω Μ Η Σ     701 Γ,,,,no sponsor block
6ΜΧΡ4690Β1-ΙΗ6,2022-05-06,Χ Ρ Η Μ Α Τ Ι Κ Ο   Ε Ν Τ Α Λ Μ Α   Π Λ Η Ρ Ω Μ Η Σ     700 Γ,,,,no sponsor block
6Φ8Υ4690Β1-ΧΒ4,2022-05-06,Χ Ρ Η Μ Α Τ Ι Κ Ο   Ε Ν Τ Α Λ Μ Α   Π Λ Η Ρ Ω Μ Η Σ     699 Γ,,,,no sponsor block
67ΨΘ4690Β1-ΨΕ4,2022-05-06,Χ Ρ Η Μ Α Τ Ι Κ Ο   Ε Ν Τ Α Λ Μ Α   Π Λ Η Ρ Ω Μ Η Σ     698 Γ,,,,no sponsor block
ΨΥ034690Β1-3ΓΤ,2022-04-18,Χ Ρ Η Μ Α Τ Ι Κ Ο   Ε Ν Τ Α Λ Μ Α   Π Λ Η Ρ Ω Μ Η Σ     614 Γ,,,,no sponsor block
65ΜΟ4690Β1-72Ζ,2022-04-18,Χ Ρ Η Μ Α Τ Ι Κ Ο   Ε Ν Τ Α Λ Μ Α   Π Λ Η Ρ Ω Μ Η Σ     613 Γ,,,,no sponsor block
ΨΣΗΒ4690Β1-ΧΒΔ,2022-04-20,Χ Ρ Η Μ Α Τ Ι Κ Ο   Ε Ν Τ Α Λ Μ Α   Π Λ Η Ρ Ω Μ Η Σ     646 Γ,,,,no sponsor block
6ΛΕ54690Β1-ΚΨΣ,2022-04-19,Χ Ρ Η Μ Α Τ Ι Κ Ο   Ε Ν Τ Α Λ Μ Α   Π Λ Η Ρ Ω Μ Η Σ     632 Γ,,,,no sponsor block
ΨΒ134690Β1-Π0Δ,2022-04-18,Χ Ρ Η Μ Α Τ Ι Κ Ο   Ε Ν Τ Α Λ Μ Α   Π Λ Η Ρ Ω Μ Η Σ     619 Γ,,,,no sponsor block
6Φ0Ξ4690Β1-ΡΧΖ,2022-04-18,Χ Ρ Η Μ Α Τ Ι Κ Ο   Ε Ν Τ Α Λ Μ Α   Π Λ Η Ρ Ω Μ Η Σ     618 Γ,,,,no sponsor block
6ΛΛΗ4690Β1-Γ17,2022-04-18,Χ Ρ Η Μ Α Τ Ι Κ Ο   Ε Ν Τ Α Λ Μ Α   Π Λ Η Ρ Ω Μ Η Σ     617 Γ,,,,no sponsor block
Ψ0ΠΣ4690Β1-70Β,2022-04-18,Χ Ρ Η Μ Α Τ Ι Κ Ο   Ε Ν Τ Α Λ Μ Α   Π Λ Η Ρ Ω Μ Η Σ     616 Γ,,,,no sponsor block
6Δ974690Β1-ΚΞ4,2022-04-18,Χ Ρ Η Μ Α Τ Ι Κ Ο   Ε Ν Τ Α Λ Μ Α   Π Λ Η Ρ Ω Μ Η Σ 615Γ,,,,no sponsor block
6ΕΗΧ4690Β1-ΔΞ2,2022-04-18,Χ Ρ Η Μ Α Τ Ι Κ Ο   Ε Ν Τ Α Λ Μ Α   Π Λ Η Ρ Ω Μ Η Σ     612 Γ,,,,no sponsor block
690Υ4690Β1-ΧΟΦ,2022-04-18,Χ Ρ Η Μ Α Τ Ι Κ Ο   Ε Ν Τ Α Λ Μ Α   Π Λ Η Ρ Ω Μ Η Σ    611 Γ,,,,no sponsor block
Ω5ΑΨ4690Β1-Δ7Ν,2022-04-18,Χ Ρ Η Μ Α Τ Ι Κ Ο   Ε Ν Τ Α Λ Μ Α   Π Λ Η Ρ Ω Μ Η Σ     610 Γ,,,,no sponsor block
6ΞΞΩ4690Β1-ΒΤΔ,2022-04-18,Χ Ρ Η Μ Α Τ Ι Κ Ο   Ε Ν Τ Α Λ Μ Α   Π Λ Η Ρ Ω Μ Η Σ     609 Γ,,,,no sponsor block
ΩΖ5Ρ4690Β1-ΜΤΔ,2022-04-18,Χ Ρ Η Μ Α Τ Ι Κ Ο   Ε Ν Τ Α Λ Μ Α   Π Λ Η Ρ Ω Μ Η Σ     608 Γ,,,,no sponsor block
ΨΛΗ54690Β1-ΤΧΗ,2022-04-18,Χ Ρ Η Μ Α Τ Ι Κ Ο   Ε Ν Τ Α Λ Μ Α   Π Λ Η Ρ Ω Μ Η Σ     607 Γ,,,,no sponsor block
6ΨΜ74690Β1-ΤΣΩ,2022-04-18,Χ Ρ Η Μ Α Τ Ι Κ Ο   Ε Ν Τ Α Λ Μ Α   Π Λ Η Ρ Ω Μ Η Σ     606 Γ,,,,no sponsor block
ΨΣΨ04690Β1-ΨΩ4,2022-04-18,Χ Ρ Η Μ Α Τ Ι Κ Ο   Ε Ν Τ Α Λ Μ Α   Π Λ Η Ρ Ω Μ Η Σ     605 Γ,,,,no sponsor block
6Κ5Λ4690Β1-Χ9Μ,2022-04-18,Χ Ρ Η Μ Α Τ Ι Κ Ο   Ε Ν Τ Α Λ Μ Α   Π Λ Η Ρ Ω Μ Η Σ     604 Γ,,,,no sponsor block
ΨΠΩΚ4690Β1-3ΝΨ,2022-04-18,Χ Ρ Η Μ Α Τ Ι Κ Ο   Ε Ν Τ Α Λ Μ Α   Π Λ Η Ρ Ω Μ Η Σ     603 Γ,,,,no sponsor block
9Ε8Α4690Β1-Θ93,2022-04-15,Χ Ρ Η Μ Α Τ Ι Κ Ο   Ε Ν Τ Α Λ Μ Α   Π Λ Η Ρ Ω Μ Η Σ     576 Γ,,,,no sponsor block
ΩΤ9Γ4690Β1-ΙΔΘ,2022-04-15,Χ Ρ Η Μ Α Τ Ι Κ Ο   Ε Ν Τ Α Λ Μ Α   Π Λ Η Ρ Ω Μ Η Σ     575 Γ,,,,no sponsor block
ΨΟΩΘ4690Β1-6ΧΠ,2022-04-15,Χ Ρ Η Μ Α Τ Ι Κ Ο   Ε Ν Τ Α Λ Μ Α   Π Λ Η Ρ Ω Μ Η Σ     574 Γ,,,,no sponsor block
ΨΥΦ84690Β1-ΨΦΩ,2022-04-15,Χ Ρ Η Μ Α Τ Ι Κ Ο   Ε Ν Τ Α Λ Μ Α   Π Λ Η Ρ Ω Μ Η Σ     573 Γ,,,,no sponsor block
ΩΔΛΟ4690Β1-ΠΟΑ,2022-04-15,Χ Ρ Η Μ Α Τ Ι Κ Ο   Ε Ν Τ Α Λ Μ Α   Π Λ Η Ρ Ω Μ Η Σ     572 Γ,,,,no sponsor block
9ΦΔΚ4690Β1-Η1Λ,2022-04-15,Χ Ρ Η Μ Α Τ Ι Κ Ο   Ε Ν Τ Α Λ Μ Α   Π Λ Η Ρ Ω Μ Η Σ     571 Γ,,,,no sponsor block
ΩΔΥ54690Β1-ΖΣΤ,2022-04-15,Χ Ρ Η Μ Α Τ Ι Κ Ο   Ε Ν Τ Α Λ Μ Α   Π Λ Η Ρ Ω Μ Η Σ     570 Γ,,,,no sponsor block
99Τ64690Β1-ΒΜΑ,2022-04-15,Χ Ρ Η Μ Α Τ Ι Κ Ο   Ε Ν Τ Α Λ Μ Α   Π Λ Η Ρ Ω Μ Η Σ     569 Γ,,,,no sponsor block
ΩΝ9Ψ4690Β1-ΨΚ8,2022-04-15,Χ Ρ Η Μ Α Τ Ι Κ Ο   Ε Ν Τ Α Λ Μ Α   Π Λ Η Ρ Ω Μ Η Σ     559 Γ,,,,no sponsor block
ΨΝ8Τ4690Β1-ΤΗ9,2022-04-12,Χ Ρ Η Μ Α Τ Ι Κ Ο   Ε Ν Τ Α Λ Μ Α   Π Λ Η Ρ Ω Μ Η Σ     558 Γ,,,,no sponsor block
9ΞΤΜ4690Β1-27Ζ,2022-04-12,Χ Ρ Η Μ Α Τ Ι Κ Ο   Ε Ν Τ Α Λ Μ Α   Π Λ Η Ρ Ω Μ Η Σ     557 Γ,,,,no sponsor block
6ΕΝΚ4690Β1-Σ8Ο,2022-04-19,ΧΡΗΜΑΤΙΚΟ ΕΝΤΑΛΜΑ ΠΛΗΡΩΜΗΣ Νο 619/22 Γ,,,,no sponsor block
ΨΞΙΗ4690Β1-ΔΩΣ,2022-04-19,ΧΡΗΜΑΤΙΚΟ ΕΝΤΑΛΜΑ ΠΛΗΡΩΜΗΣ Νο 575/22 Γ,,,,no sponsor block
9ΥΖ74690Β1-8ΘΣ,2022-04-07,Χ Ρ Η Μ Α Τ Ι Κ Ο   Ε Ν Τ Α Λ Μ Α   Π Λ Η Ρ Ω Μ Η Σ     453 Γ,,,,no sponsor block
ΨΗΤΓ4690Β1-8ΙΑ,2022-04-07,Χ Ρ Η Μ Α Τ Ι Κ Ο   Ε Ν Τ Α Λ Μ Α   Π Λ Η Ρ Ω Μ Η Σ     452 Γ,,,,no sponsor block
ΨΓΝΞ4690Β1-8ΜΜ,2022-04-07,Χ Ρ Η Μ Α Τ Ι Κ Ο   Ε Ν Τ Α Λ Μ Α   Π Λ Η Ρ Ω Μ Η Σ  451 Γ,,,,no sponsor block
9Γ8Θ4690Β1-Γ1Π,2022-04-06,Χ Ρ Η Μ Α Τ Ι Κ Ο   Ε Ν Τ Α Λ Μ Α   Π Λ Η Ρ Ω Μ Η Σ     440 Γ,,,,no sponsor block
ΨΗΙ34690Β1-13Φ,2022-04-06,Χ Ρ Η Μ Α Τ Ι Κ Ο   Ε Ν Τ Α Λ Μ Α   Π Λ Η Ρ Ω Μ Η Σ     439 Γ,,,,no sponsor block
ΨΤΦΑ4690Β1-ΕΚ4,2022-04-06,Χ Ρ Η Μ Α Τ Ι Κ Ο   Ε Ν Τ Α Λ Μ Α   Π Λ Η Ρ Ω Μ Η Σ     438 Γ,,,,no sponsor block
6ΜΑΠ4690Β1-5ΝΝ,2022-04-06,Χ Ρ Η Μ Α Τ Ι Κ Ο   Ε Ν Τ Α Λ Μ Α   Π Λ Η Ρ Ω Μ Η Σ     437 Γ,,,,no sponsor block
6ΞΑΒ4690Β1-ΙΟ4,2022-04-06,Χ Ρ Η Μ Α Τ Ι Κ Ο   Ε Ν Τ Α Λ Μ Α   Π Λ Η Ρ Ω Μ Η Σ     436 Γ,,,,no sponsor block
ΨΠΩΥ4690Β1-ΝΘΑ,2022-04-06,Χ Ρ Η Μ Α Τ Ι Κ Ο   Ε Ν Τ Α Λ Μ Α   Π Λ Η Ρ Ω Μ Η Σ     435 Γ,,,,no sponsor block
Ψ7ΚΚ4690Β1-ΧΤΕ,2022-04-06,Χ Ρ Η Μ Α Τ Ι Κ Ο   Ε Ν Τ Α Λ Μ Α   Π Λ Η Ρ Ω Μ Η Σ     434 Γ,,,,no sponsor block
6ΩΑ54690Β1-ΦΗ9,2022-04-06,Χ Ρ Η Μ Α Τ Ι Κ Ο   Ε Ν Τ Α Λ Μ Α   Π Λ Η Ρ Ω Μ Η Σ     433 Γ,,,,no sponsor block
Ψ6ΦΤ4690Β1-Π5Π,2022-04-06,Χ Ρ Η Μ Α Τ Ι Κ Ο   Ε Ν Τ Α Λ Μ Α   Π Λ Η Ρ Ω Μ Η Σ     432 Γ,,,,no sponsor block
ΨΚΚ14690Β1-ΝΟ0,2022-04-06,Χ Ρ Η Μ Α Τ Ι Κ Ο   Ε Ν Τ Α Λ Μ Α   Π Λ Η Ρ Ω Μ Η Σ     431 Γ,,,,no sponsor block
Ψ5ΤΦ4690Β1-464,2022-04-06,Χ Ρ Η Μ Α Τ Ι Κ Ο   Ε Ν Τ Α Λ Μ Α   Π Λ Η Ρ Ω Μ Η Σ     430 Γ,,,,no sponsor block
ΨΟΩΦ4690Β1-Ω6Ε,2022-04-06,Χ Ρ Η Μ Α Τ Ι Κ Ο   Ε Ν Τ Α Λ Μ Α   Π Λ Η Ρ Ω Μ Η Σ     429 Γ,,,,no sponsor block
6ΤΙ04690Β1-ΦΣΨ,2022-04-06,Χ Ρ Η Μ Α Τ Ι Κ Ο   Ε Ν Τ Α Λ Μ Α   Π Λ Η Ρ Ω Μ Η Σ     428 Γ,,,,no sponsor block
ΩΤΗΤ4690Β1-ΕΩ9,2022-04-06,Χ Ρ Η Μ Α Τ Ι Κ Ο   Ε Ν Τ Α Λ Μ Α   Π Λ Η Ρ Ω Μ Η Σ     427 Γ,,,,no sponsor block
ΨΑΙ34690Β1-ΒΩΣ,2022-04-06,Χ Ρ Η Μ Α Τ Ι Κ Ο   Ε Ν Τ Α Λ Μ Α   Π Λ Η Ρ Ω Μ Η Σ     426 Γ,,,,no sponsor block
ΨΗΘΥ4690Β1-ΦΙΘ,2022-04-06,Χ Ρ Η Μ Α Τ Ι Κ Ο   Ε Ν Τ Α Λ Μ Α   Π Λ Η Ρ Ω Μ Η Σ     425 Γ,,,,no sponsor block
ΩΑΜΤ4690Β1-249,2022-04-06,Χ Ρ Η Μ Α Τ Ι Κ Ο   Ε Ν Τ Α Λ Μ Α   Π Λ Η Ρ Ω Μ Η Σ     424 Γ,,,,no sponsor block
9ΩΘ14690Β1-9ΗΑ,2022-04-06,Χ Ρ Η Μ Α Τ Ι Κ Ο   Ε Ν Τ Α Λ Μ Α   Π Λ Η Ρ Ω Μ Η Σ   423 Γ,,,,no sponsor block
6ΥΞ64690Β1-ΠΙΠ,2022-04-05,Χ Ρ Η Μ Α Τ Ι Κ Ο   Ε Ν Τ Α Λ Μ Α   Π Λ Η Ρ Ω Μ Η Σ     422 Γ,,,,no sponsor block
ΨΜ4Τ4690Β1-4ΑΝ,2022-04-05,Χ Ρ Η Μ Α Τ Ι Κ Ο   Ε Ν Τ Α Λ Μ Α   Π Λ Η Ρ Ω Μ Η Σ     421 Γ,,,,no sponsor block
ΨΚΗ94690Β1-Ρ52,2022-04-05,Χ Ρ Η Μ Α Τ Ι Κ Ο   Ε Ν Τ Α Λ Μ Α   Π Λ Η Ρ Ω Μ Η Σ     420 Γ,,,,no sponsor block
ΨΛΥΖ4690Β1-ΦΑΕ,2022-04-05,Χ Ρ Η Μ Α Τ Ι Κ Ο   Ε Ν Τ Α Λ Μ Α   Π Λ Η Ρ Ω Μ Η Σ     419 Γ,,,,no sponsor block
616Ω4690Β1-5Σ4,2022-04-05,Χ Ρ Η Μ Α Τ Ι Κ Ο   Ε Ν Τ Α Λ Μ Α   Π Λ Η Ρ Ω Μ Η Σ     418 Γ,,,,no sponsor block
ΨΠΝΔ4690Β1-ΞΕ1,2022-04-04,Χ Ρ Η Μ Α Τ Ι Κ Ο   Ε Ν Τ Α Λ Μ Α   Π Λ Η Ρ Ω Μ Η Σ   417 Γ,,,,no sponsor block
9ΠΒΕ4690Β1-ΝΔΣ,2022-04-04,Χ Ρ Η Μ Α Τ Ι Κ Ο   Ε Ν Τ Α Λ Μ Α   Π Λ Η Ρ Ω Μ Η Σ     416 Γ,,,,no sponsor block
ΨΜΚ64690Β1-ΘΟ7,2022-04-04,Χ Ρ Η Μ Α Τ Ι Κ Ο   Ε Ν Τ Α Λ Μ Α   Π Λ Η Ρ Ω Μ Η Σ     415 Γ,,,,no sponsor block
9ΟΜΟ4690Β1-ΩΙΞ,2022-04-04,Χ Ρ Η Μ Α Τ Ι Κ Ο   Ε Ν Τ Α Λ Μ Α   Π Λ Η Ρ Ω Μ Η Σ     413 Γ,,,,no sponsor block
97Γ54690Β1-5Κ7,2022-04-04,Χ Ρ Η Μ Α Τ Ι Κ Ο   Ε Ν Τ Α Λ Μ Α   Π Λ Η Ρ Ω Μ Η Σ     412 Γ,,,,no sponsor block
ΨΗΡΠ4690Β1-0ΡΑ,2022-04-04,Χ Ρ Η Μ Α Τ Ι Κ Ο   Ε Ν Τ Α Λ Μ Α   Π Λ Η Ρ Ω Μ Η Σ     411 Γ,,,,no sponsor block
6ΔΛΒ4690Β1-ΩΣΥ,2022-04-04,Χ Ρ Η Μ Α Τ Ι Κ Ο   Ε Ν Τ Α Λ Μ Α   Π Λ Η Ρ Ω Μ Η Σ     410 Γ,,,,no sponsor block
Ψ5894690Β1-Π4Φ,2022-04-04,Χ Ρ Η Μ Α Τ Ι Κ Ο   Ε Ν Τ Α Λ Μ Α   Π Λ Η Ρ Ω Μ Η Σ    409 Γ,,,,no sponsor block
ΨΘ0Δ4690Β1-9ΜΚ,2022-04-04,Χ Ρ Η Μ Α Τ Ι Κ Ο   Ε Ν Τ Α Λ Μ Α   Π Λ Η Ρ Ω Μ Η Σ     408 Γ,,,,no sponsor block
Ψ5Λ24690Β1-065,2022-04-04,Χ Ρ Η Μ Α Τ Ι Κ Ο   Ε Ν Τ Α Λ Μ Α   Π Λ Η Ρ Ω Μ Η Σ     407 Γ,,,,no sponsor block
6Α504690Β1-ΗΗΨ,2022-04-04,Χ Ρ Η Μ Α Τ Ι Κ Ο   Ε Ν Τ Α Λ Μ Α   Π Λ Η Ρ Ω Μ Η Σ  406 Γ,,,,no sponsor block
6ΡΜΝ4690Β1-ΦΓΕ,2022-04-04,Χ Ρ Η Μ Α Τ Ι Κ Ο   Ε Ν Τ Α Λ Μ Α   Π Λ Η Ρ Ω Μ Η Σ     405 Γ,,,,no sponsor block
ΩΣ774690Β1-ΓΛΟ,2022-04-04,Χ Ρ Η Μ Α Τ Ι Κ Ο   Ε Ν Τ Α Λ Μ Α   Π Λ Η Ρ Ω Μ Η Σ     404 Γ,,,,no sponsor block
Ψ5ΤΨ4690Β1-ΕΓ1,2022-04-04,Χ Ρ Η Μ Α Τ Ι Κ Ο   Ε Ν Τ Α Λ Μ Α   Π Λ Η Ρ Ω Μ Η Σ     403 Γ,,,,no sponsor block
Ψ1ΕΜ4690Β1-Ξ0Χ,2022-04-04,Χ Ρ Η Μ Α Τ Ι Κ Ο   Ε Ν Τ Α Λ Μ Α   Π Λ Η Ρ Ω Μ Η Σ     402 Γ,,,,no sponsor block
ΨΕΜΧ4690Β1-Ζ2Χ,2022-04-04,Χ Ρ Η Μ Α Τ Ι Κ Ο   Ε Ν Τ Α Λ Μ Α   Π Λ Η Ρ Ω Μ Η Σ     401 Γ,,,,no sponsor block
67ΛΕ4690Β1-Μ8Ρ,2022-04-04,Χ Ρ Η Μ Α Τ Ι Κ Ο   Ε Ν Τ Α Λ Μ Α   Π Λ Η Ρ Ω Μ Η Σ     400 Γ,,,,no sponsor block
65ΓΗ4690Β1-ΠΩ8,2022-04-04,Χ Ρ Η Μ Α Τ Ι Κ Ο   Ε Ν Τ Α Λ Μ Α   Π Λ Η Ρ Ω Μ Η Σ     399 Γ,,,,no sponsor block
ΨΟ644690Β1-ΠΟΡ,2022-04-04,Χ Ρ Η Μ Α Τ Ι Κ Ο   Ε Ν Τ Α Λ Μ Α   Π Λ Η Ρ Ω Μ Η Σ     398 Γ,,,,no sponsor block
6ΡΑ84690Β1-472,2022-04-04,Χ Ρ Η Μ Α Τ Ι Κ Ο   Ε Ν Τ Α Λ Μ Α   Π Λ Η Ρ Ω Μ Η Σ     397 Γ,,,,no sponsor block
67484690Β1-ΦΕΠ,2022-04-04,Χ Ρ Η Μ Α Τ Ι Κ Ο   Ε Ν Τ Α Λ Μ Α   Π Λ Η Ρ Ω Μ Η Σ     396 Γ,,,,no sponsor block
6ΠΖΡ4690Β1-Γ2Χ,2022-04-04,Χ Ρ Η Μ Α Τ Ι Κ Ο   Ε Ν Τ Α Λ Μ Α   Π Λ Η Ρ Ω Μ Η Σ     395 Γ,,,,no sponsor block
ΩΣ244690Β1-4ΒΦ,2022-04-04,Χ Ρ Η Μ Α Τ Ι Κ Ο   Ε Ν Τ Α Λ Μ Α   Π Λ Η Ρ Ω Μ Η Σ 394 Γ,,,,no sponsor block
671Ζ4690Β1-ΡΤΡ,2022-04-04,Χ Ρ Η Μ Α Τ Ι Κ Ο   Ε Ν Τ Α Λ Μ Α   Π Λ Η Ρ Ω Μ Η Σ     393 Γ,,,,no sponsor block
6Ζ6Ο4690Β1-8ΝΧ,2022-04-04,Χ Ρ Η Μ Α Τ Ι Κ Ο   Ε Ν Τ Α Λ Μ Α   Π Λ Η Ρ Ω Μ Η Σ     392 Γ,,,,no sponsor block
63ΤΗ4690Β1-Ξ6Ζ,2022-04-04,Χ Ρ Η Μ Α Τ Ι Κ Ο   Ε Ν Τ Α Λ Μ Α   Π Λ Η Ρ Ω Μ Η Σ     391 Γ,,,,no sponsor block
ΨΖΡ44690Β1-5ΡΜ,2022-04-04,Χ Ρ Η Μ Α Τ Ι Κ Ο   Ε Ν Τ Α Λ Μ Α   Π Λ Η Ρ Ω Μ Η Σ     390 Γ,,,,no sponsor block
ΨΗΔ14690Β1-Μ9Υ,2022-04-07,ΧΡΗΜΑΤΙΚΟ ΕΝΤΑΛΜΑ ΠΛΗΡΩΜΗΣ Νο 411/22Γ,,,,no sponsor block
Ψ48Ρ4690Β1-ΙΡΖ,2022-04-07,ΧΡΗΜΑΤΙΚΟ ΕΝΤΑΛΜΑ ΠΛΗΡΩΜΗΣ Νο 401/22Γ,,,,no sponsor block
ΨΧΧΥ4690Β1-5ΓΣ,2022-03-21,Χ Ρ Η Μ Α Τ Ι Κ Ο   Ε Ν Τ Α Λ Μ Α   Π Λ Η Ρ Ω Μ Η Σ     337 Γ,,,,no sponsor block
9ΥΦ74690Β1-Δ9Μ,2022-03-17,Χ Ρ Η Μ Α Τ Ι Κ Ο   Ε Ν Τ Α Λ Μ Α   Π Λ Η Ρ Ω Μ Η Σ     336 Γ,,,,no sponsor block
9ΞΠΟ4690Β1-6ΤΕ,2022-03-15,Χ Ρ Η Μ Α Τ Ι Κ Ο   Ε Ν Τ Α Λ Μ Α   Π Λ Η Ρ Ω Μ Η Σ     328 Γ,,,,no sponsor block
93Ε64690Β1-ΑΚ3,2022-03-15,Χ Ρ Η Μ Α Τ Ι Κ Ο   Ε Ν Τ Α Λ Μ Α   Π Λ Η Ρ Ω Μ Η Σ     327 Γ,,,,no sponsor block
9Ψ5Ε4690Β1-ΙΛΒ,2022-03-15,Χ Ρ Η Μ Α Τ Ι Κ Ο   Ε Ν Τ Α Λ Μ Α   Π Λ Η Ρ Ω Μ Η Σ    326 Γ,,,,no sponsor block
68ΜΑ4690Β1-ΙΗ0,2022-03-15,Χ Ρ Η Μ Α Τ Ι Κ Ο   Ε Ν Τ Α Λ Μ Α   Π Λ Η Ρ Ω Μ Η Σ     325 Γ,,,,no sponsor block
ΨΗ6Π4690Β1-ΣΕΓ,2022-03-15,Χ Ρ Η Μ Α Τ Ι Κ Ο   Ε Ν Τ Α Λ Μ Α   Π Λ Η Ρ Ω Μ Η Σ     324 Γ,,,,no sponsor block
ΨΧ114690Β1-ΛΟΘ,2022-03-15,Χ Ρ Η Μ Α Τ Ι Κ Ο   Ε Ν Τ Α Λ Μ Α   Π Λ Η Ρ Ω Μ Η Σ     323 Γ,,,,no sponsor block
90ΑΡ4690Β1-Ι15,2022-03-10,Χ Ρ Η Μ Α Τ Ι Κ Ο   Ε Ν Τ Α Λ Μ Α   Π Λ Η Ρ Ω Μ Η Σ     261 Γ,052535839,"ΜΑΜΑΛΙΓΚΑΣ,,ΓΑΒΡΙΗΛ ΣΠΥΡΙΔΩΝ,ΙΩΑΝΝΗΣ",52535839.00,ANOMALY: amount == supplier AFM
ΨΛΓΚ4690Β1-9Ε1,2022-03-08,Χ Ρ Η Μ Α Τ Ι Κ Ο   Ε Ν Τ Α Λ Μ Α   Π Λ Η Ρ Ω Μ Η Σ     202 Γ,,,,no sponsor block
ΩΜΛΟ4690Β1-ΒΑ1,2022-03-04,Χ Ρ Η Μ Α Τ Ι Κ Ο   Ε Ν Τ Α Λ Μ Α   Π Λ Η Ρ Ω Μ Η Σ     201 Γ,,,,no sponsor block
ΨΓ9Τ4690Β1-11Ο,2022-03-04,Χ Ρ Η Μ Α Τ Ι Κ Ο   Ε Ν Τ Α Λ Μ Α   Π Λ Η Ρ Ω Μ Η Σ  200 Γ,,,,no sponsor block
ΩΥ0Ο4690Β1-ΦΞ9,2022-03-04,Χ Ρ Η Μ Α Τ Ι Κ Ο   Ε Ν Τ Α Λ Μ Α   Π Λ Η Ρ Ω Μ Η Σ     199 Γ,,,,no sponsor block
Ψ8Β64690Β1-46Υ,2022-03-04,Χ Ρ Η Μ Α Τ Ι Κ Ο   Ε Ν Τ Α Λ Μ Α   Π Λ Η Ρ Ω Μ Η Σ    198 Γ,,,,no sponsor block
9ΞΧΗ4690Β1-Ξ9Β,2022-03-04,Χ Ρ Η Μ Α Τ Ι Κ Ο   Ε Ν Τ Α Λ Μ Α   Π Λ Η Ρ Ω Μ Η Σ     197 Γ,,,,no sponsor block
ΩΖ704690Β1-ΑΩΤ,2022-03-03,Χ Ρ Η Μ Α Τ Ι Κ Ο   Ε Ν Τ Α Λ Μ Α   Π Λ Η Ρ Ω Μ Η Σ   196 Γ,,,,no sponsor block
ΨΥΑΟ4690Β1-3ΨΑ,2022-03-03,Χ Ρ Η Μ Α Τ Ι Κ Ο   Ε Ν Τ Α Λ Μ Α   Π Λ Η Ρ Ω Μ Η Σ     195 Γ,,,,no sponsor block
ΨΞ624690Β1-ΝΤΗ,2022-03-03,Χ Ρ Η Μ Α Τ Ι Κ Ο   Ε Ν Τ Α Λ Μ Α   Π Λ Η Ρ Ω Μ Η Σ     194 Γ,,,,no sponsor block
ΨΘΓΝ4690Β1-ΥΙΠ,2022-03-03,Χ Ρ Η Μ Α Τ Ι Κ Ο   Ε Ν Τ Α Λ Μ Α   Π Λ Η Ρ Ω Μ Η Σ   193 Γ,,,,no sponsor block
ΨΩΒ44690Β1-Β02,2022-03-03,Χ Ρ Η Μ Α Τ Ι Κ Ο   Ε Ν Τ Α Λ Μ Α   Π Λ Η Ρ Ω Μ Η Σ     192 Γ,,,,no sponsor block
ΨΨ5Θ4690Β1-Ξ00,2022-03-03,Χ Ρ Η Μ Α Τ Ι Κ Ο   Ε Ν Τ Α Λ Μ Α   Π Λ Η Ρ Ω Μ Η Σ     191 Γ,,,,no sponsor block
ΨΜΒΦ4690Β1-Κ7Μ,2022-03-03,Χ Ρ Η Μ Α Τ Ι Κ Ο   Ε Ν Τ Α Λ Μ Α   Π Λ Η Ρ Ω Μ Η Σ     190 Γ,,,,no sponsor block
ΨΠΗΖ4690Β1-ΚΟΑ,2022-03-03,Χ Ρ Η Μ Α Τ Ι Κ Ο   Ε Ν Τ Α Λ Μ Α   Π Λ Η Ρ Ω Μ Η Σ     189 Γ,,,,no sponsor block
ΩΥΖ14690Β1-Ξ4Π,2022-03-03,Χ Ρ Η Μ Α Τ Ι Κ Ο   Ε Ν Τ Α Λ Μ Α   Π Λ Η Ρ Ω Μ Η Σ     188 Γ,,,,no sponsor block
991Ρ4690Β1-ΜΚΔ,2022-03-03,Χ Ρ Η Μ Α Τ Ι Κ Ο   Ε Ν Τ Α Λ Μ Α   Π Λ Η Ρ Ω Μ Η Σ     187 Γ,,,,no sponsor block
64264690Β1-Σ94,2022-03-03,Χ Ρ Η Μ Α Τ Ι Κ Ο   Ε Ν Τ Α Λ Μ Α   Π Λ Η Ρ Ω Μ Η Σ     186 Γ,,,,no sponsor block
6ΜΣΚ4690Β1-ΞΣ9,2022-03-03,Χ Ρ Η Μ Α Τ Ι Κ Ο   Ε Ν Τ Α Λ Μ Α   Π Λ Η Ρ Ω Μ Η Σ     185 Γ,,,,no sponsor block
9ΨΡΥ4690Β1-Β8Ψ,2022-03-03,Χ Ρ Η Μ Α Τ Ι Κ Ο   Ε Ν Τ Α Λ Μ Α   Π Λ Η Ρ Ω Μ Η Σ     184 Γ,,,,no sponsor block
6ΠΔ74690Β1-8ΡΘ,2022-03-03,Χ Ρ Η Μ Α Τ Ι Κ Ο   Ε Ν Τ Α Λ Μ Α   Π Λ Η Ρ Ω Μ Η Σ     183 Γ,,,,no sponsor block
ΨΨΤΝ4690Β1-ΔΔΟ,2022-03-03,Χ Ρ Η Μ Α Τ Ι Κ Ο   Ε Ν Τ Α Λ Μ Α   Π Λ Η Ρ Ω Μ Η Σ     182 Γ,,,,no sponsor block
944Ζ4690Β1-0ΕΤ,2022-03-03,Χ Ρ Η Μ Α Τ Ι Κ Ο   Ε Ν Τ Α Λ Μ Α   Π Λ Η Ρ Ω Μ Η Σ     181 Γ,,,,no sponsor block
96ΓΙ4690Β1-ΡΜΘ,2022-03-01,Χ Ρ Η Μ Α Τ Ι Κ Ο   Ε Ν Τ Α Λ Μ Α   Π Λ Η Ρ Ω Μ Η Σ     180 Γ,,,,no sponsor block
ΨΩ4Ι4690Β1-ΒΤ6,2022-03-01,Χ Ρ Η Μ Α Τ Ι Κ Ο   Ε Ν Τ Α Λ Μ Α   Π Λ Η Ρ Ω Μ Η Σ     179 Γ,,,,no sponsor block
6ΟΘΛ4690Β1-ΟΤΦ,2022-03-01,Χ Ρ Η Μ Α Τ Ι Κ Ο   Ε Ν Τ Α Λ Μ Α   Π Λ Η Ρ Ω Μ Η Σ     178 Γ,,,,no sponsor block
Ω2674690Β1-ΠΧΛ,2022-03-01,Χ Ρ Η Μ Α Τ Ι Κ Ο   Ε Ν Τ Α Λ Μ Α   Π Λ Η Ρ Ω Μ Η Σ     177 Γ,,,,no sponsor block
67ΜΘ4690Β1-ΜΝΦ,2022-03-01,Χ Ρ Η Μ Α Τ Ι Κ Ο   Ε Ν Τ Α Λ Μ Α   Π Λ Η Ρ Ω Μ Η Σ     176 Γ,,,,no sponsor block
ΨΧ0Υ4690Β1-Ε0Φ,2022-03-01,Χ Ρ Η Μ Α Τ Ι Κ Ο   Ε Ν Τ Α Λ Μ Α   Π Λ Η Ρ Ω Μ Η Σ     175 Γ,,,,no sponsor block
6Ι7Λ4690Β1-ΤΩΩ,2022-03-01,Χ Ρ Η Μ Α Τ Ι Κ Ο   Ε Ν Τ Α Λ Μ Α   Π Λ Η Ρ Ω Μ Η Σ     174 Γ,,,,no sponsor block
6ΚΟ14690Β1-ΞΦ0,2022-03-01,Χ Ρ Η Μ Α Τ Ι Κ Ο   Ε Ν Τ Α Λ Μ Α   Π Λ Η Ρ Ω Μ Η Σ     173 Γ,,,,no sponsor block
Ψ0ΜΑ4690Β1-ΤΧ1,2022-03-01,Χ Ρ Η Μ Α Τ Ι Κ Ο   Ε Ν Τ Α Λ Μ Α   Π Λ Η Ρ Ω Μ Η Σ     172 Γ,,,,no sponsor block
Ψ80Ξ4690Β1-Τ4Ο,2022-03-01,Χ Ρ Η Μ Α Τ Ι Κ Ο   Ε Ν Τ Α Λ Μ Α   Π Λ Η Ρ Ω Μ Η Σ     171 Γ,,,,no sponsor block
ΡΠΨ34690Β1-ΧΚΝ,2022-03-01,Χ Ρ Η Μ Α Τ Ι Κ Ο   Ε Ν Τ Α Λ Μ Α   Π Λ Η Ρ Ω Μ Η Σ   170 Γ,,,,no sponsor block
ΩΔΣ64690Β1-3ΚΕ,2022-03-17,ΧΡΗΜΑΤΙΚΟ ΕΝΤΑΛΜΑ ΠΛΗΡΩΜΗΣ Νο 328/22 Γ,,,,no sponsor block
6Φ844690Β1-ΛΙΜ,2022-02-18,Χ Ρ Η Μ Α Τ Ι Κ Ο   Ε Ν Τ Α Λ Μ Α   Π Λ Η Ρ Ω Μ Η Σ     88 Γ,,,,no sponsor block
6ΠΩΑ4690Β1-ΧΥ7,2022-02-18,Χ Ρ Η Μ Α Τ Ι Κ Ο   Ε Ν Τ Α Λ Μ Α   Π Λ Η Ρ Ω Μ Η Σ     87 Γ,,,,no sponsor block
ΨΟ244690Β1-Ι84,2022-03-03,ΧΡΗΜΑΤΙΚΟ ΕΝΤΑΛΜΑ ΠΛΗΡΩΜΗΣ 193/22Γ,,,,no sponsor block
64ΗΡ4690Β1-ΝΕ3,2022-02-21,Χ Ρ Η Μ Α Τ Ι Κ Ο   Ε Ν Τ Α Λ Μ Α   Π Λ Η Ρ Ω Μ Η Σ     96 Γ,,,,no sponsor block
6ΖΜΑ4690Β1-Μ5Κ,2022-02-21,Χ Ρ Η Μ Α Τ Ι Κ Ο   Ε Ν Τ Α Λ Μ Α   Π Λ Η Ρ Ω Μ Η Σ     90 Γ,,,,no sponsor block
ΨΕ6Τ4690Β1-Ω64,2022-02-18,Χ Ρ Η Μ Α Τ Ι Κ Ο   Ε Ν Τ Α Λ Μ Α   Π Λ Η Ρ Ω Μ Η Σ     89 Γ,,,,no sponsor block
ΨΝΓΓ4690Β1-Φ0Ψ,2022-02-18,Χ Ρ Η Μ Α Τ Ι Κ Ο   Ε Ν Τ Α Λ Μ Α   Π Λ Η Ρ Ω Μ Η Σ     86 Γ,,,,no sponsor block
90Ρ24690Β1-Σ39,2022-02-17,Χ Ρ Η Μ Α Τ Ι Κ Ο   Ε Ν Τ Α Λ Μ Α   Π Λ Η Ρ Ω Μ Η Σ     85 Γ,,,,no sponsor block
62Γ84690Β1-ΜΣΝ,2022-02-18,Χ Ρ Η Μ Α Τ Ι Κ Ο   Ε Ν Τ Α Λ Μ Α   Π Λ Η Ρ Ω Μ Η Σ     86 Γ,,,,no sponsor block
97Π64690Β1-43Χ,2022-02-18,Χ Ρ Η Μ Α Τ Ι Κ Ο   Ε Ν Τ Α Λ Μ Α   Π Λ Η Ρ Ω Μ Η Σ     84 Γ,,,,no sponsor block
Ψ6Ο84690Β1-ΗΤΜ,2022-02-04,Χ Ρ Η Μ Α Τ Ι Κ Ο   Ε Ν Τ Α Λ Μ Α   Π Λ Η Ρ Ω Μ Η Σ     26 Γ,,,,no sponsor block
ΨΓΒΑ4690Β1-9Δ0,2022-02-04,Χ Ρ Η Μ Α Τ Ι Κ Ο   Ε Ν Τ Α Λ Μ Α   Π Λ Η Ρ Ω Μ Η Σ     25 Γ,,,,no sponsor block
6Ζ3Υ4690Β1-Σ05,2022-02-04,Χ Ρ Η Μ Α Τ Ι Κ Ο   Ε Ν Τ Α Λ Μ Α   Π Λ Η Ρ Ω Μ Η Σ     24 Γ,,,,no sponsor block
ΨΛΞΗ4690Β1-ΘΔΤ,2022-02-04,Χ Ρ Η Μ Α Τ Ι Κ Ο   Ε Ν Τ Α Λ Μ Α   Π Λ Η Ρ Ω Μ Η Σ     23 Γ,,,,no sponsor block
ΨΝΣΝ4690Β1-ΟΒ1,2022-02-03,Χ Ρ Η Μ Α Τ Ι Κ Ο   Ε Ν Τ Α Λ Μ Α   Π Λ Η Ρ Ω Μ Η Σ     22 Γ,,,,no sponsor block
ΩΤΠΗ4690Β1-0ΥΤ,2022-02-03,Χ Ρ Η Μ Α Τ Ι Κ Ο   Ε Ν Τ Α Λ Μ Α   Π Λ Η Ρ Ω Μ Η Σ     21 Γ,,,,no sponsor block
Ψ4Δ14690Β1-Σ6Β,2022-02-03,Χ Ρ Η Μ Α Τ Ι Κ Ο   Ε Ν Τ Α Λ Μ Α   Π Λ Η Ρ Ω Μ Η Σ     20 Γ,,,,no sponsor block
9Β6Γ4690Β1-ΦΕΒ,2022-02-03,Χ Ρ Η Μ Α Τ Ι Κ Ο   Ε Ν Τ Α Λ Μ Α   Π Λ Η Ρ Ω Μ Η Σ     19 Γ,,,,no sponsor block
9Β0Ζ4690Β1-ΛΤ6,2022-02-03,Χ Ρ Η Μ Α Τ Ι Κ Ο   Ε Ν Τ Α Λ Μ Α   Π Λ Η Ρ Ω Μ Η Σ     18 Γ,,,,no sponsor block
ΩΤΝΞ4690Β1-Β6Ν,2022-01-28,Χ Ρ Η Μ Α Τ Ι Κ Ο   Ε Ν Τ Α Λ Μ Α   Π Λ Η Ρ Ω Μ Η Σ     17 Γ,,,,no sponsor block
68614690Β1-69Η,2022-01-28,Χ Ρ Η Μ Α Τ Ι Κ Ο   Ε Ν Τ Α Λ Μ Α   Π Λ Η Ρ Ω Μ Η Σ     16 Γ,,,,no sponsor block
Ψ2Σ44690Β1-Χ6Υ,2022-01-28,Χ Ρ Η Μ Α Τ Ι Κ Ο   Ε Ν Τ Α Λ Μ Α   Π Λ Η Ρ Ω Μ Η Σ     15 Γ,,,,no sponsor block
6Ρ4Η4690Β1-9ΟΩ,2022-01-28,Χ Ρ Η Μ Α Τ Ι Κ Ο   Ε Ν Τ Α Λ Μ Α   Π Λ Η Ρ Ω Μ Η Σ     14 Γ,,,,no sponsor block
Ψ3ΙΔ4690Β1-1ΞΤ,2022-01-28,Χ Ρ Η Μ Α Τ Ι Κ Ο   Ε Ν Τ Α Λ Μ Α   Π Λ Η Ρ Ω Μ Η Σ     13 Γ,,,,no sponsor block
ΨΖΛΥ4690Β1-Υ2Ζ,2022-01-28,Χ Ρ Η Μ Α Τ Ι Κ Ο   Ε Ν Τ Α Λ Μ Α   Π Λ Η Ρ Ω Μ Η Σ     12 Γ,,,,no sponsor block
6ΡΤΧ4690Β1-Ρ3Ξ,2022-01-28,Χ Ρ Η Μ Α Τ Ι Κ Ο   Ε Ν Τ Α Λ Μ Α   Π Λ Η Ρ Ω Μ Η Σ     11 Γ,,,,no sponsor block
6ΚΡ54690Β1-ΖΜΞ,2022-01-28,Χ Ρ Η Μ Α Τ Ι Κ Ο   Ε Ν Τ Α Λ Μ Α   Π Λ Η Ρ Ω Μ Η Σ     10 Γ,,,,no sponsor block
990Ο4690Β1-Π9Ι,2022-01-28,Χ Ρ Η Μ Α Τ Ι Κ Ο   Ε Ν Τ Α Λ Μ Α   Π Λ Η Ρ Ω Μ Η Σ     9 Γ,,,,no sponsor block
ΩΤΦΞ4690Β1-Τ5Σ,2022-01-28,Χ Ρ Η Μ Α Τ Ι Κ Ο   Ε Ν Τ Α Λ Μ Α   Π Λ Η Ρ Ω Μ Η Σ   8 Γ,,,,no sponsor block
ΨΟ4Σ4690Β1-ΙΩ6,2022-01-28,Χ Ρ Η Μ Α Τ Ι Κ Ο   Ε Ν Τ Α Λ Μ Α   Π Λ Η Ρ Ω Μ Η Σ     7 Γ,,,,no sponsor block
Ω3Ρ64690Β1-ΛΔΔ,2022-01-28,Χ Ρ Η Μ Α Τ Ι Κ Ο   Ε Ν Τ Α Λ Μ Α   Π Λ Η Ρ Ω Μ Η Σ   6 Γ,,,,no sponsor block
6Θ044690Β1-ΙΓ0,2022-02-18,ΧΡΗΜΑΤΙΚΟ ΕΝΤΑΛΜΑ ΠΛΗΡΩΜΗΣ Νο 84/2022 Γ,,,,no sponsor block
ΨΩ3Ρ4690Β1-ΞΞΥ,2022-01-19,Χ Ρ Η Μ Α Τ Ι Κ Ο   Ε Ν Τ Α Λ Μ Α   Π Λ Η Ρ Ω Μ Η Σ     3 Γ,,,,no sponsor block
Ψ7Λ14690Β1-1Υ1,2022-01-19,Χ Ρ Η Μ Α Τ Ι Κ Ο   Ε Ν Τ Α Λ Μ Α   Π Λ Η Ρ Ω Μ Η Σ     2 Γ,,,,no sponsor block
Ψ9ΗΗ4690Β1-2ΧΓ,2022-01-11,Χ Ρ Η Μ Α Τ Ι Κ Ο   Ε Ν Τ Α Λ Μ Α   Π Λ Η Ρ Ω Μ Η Σ     1 Γ,,,,no sponsor block
6Ν8Α4690Β1-Ν44,2021-12-31,Χ Ρ Η Μ Α Τ Ι Κ Ο   Ε Ν Τ Α Λ Μ Α   Π Λ Η Ρ Ω Μ Η Σ     1902 Γ,,,,no sponsor block
6ΓΙΞ4690Β1-ΟΕΧ,2021-12-29,Χ Ρ Η Μ Α Τ Ι Κ Ο   Ε Ν Τ Α Λ Μ Α   Π Λ Η Ρ Ω Μ Η Σ     1901 Γ,,,,no sponsor block
6Η844690Β1-ΦΑΧ,2021-12-29,Χ Ρ Η Μ Α Τ Ι Κ Ο   Ε Ν Τ Α Λ Μ Α   Π Λ Η Ρ Ω Μ Η Σ     1900 Γ,,,,no sponsor block
ΨΒΡΞ4690Β1-ΖΧΔ,2021-12-29,Χ Ρ Η Μ Α Τ Ι Κ Ο   Ε Ν Τ Α Λ Μ Α   Π Λ Η Ρ Ω Μ Η Σ     1899 Γ,,,,no sponsor block
ΩΑΧΟ4690Β1-ΨΣΕ,2021-12-29,Χ Ρ Η Μ Α Τ Ι Κ Ο   Ε Ν Τ Α Λ Μ Α   Π Λ Η Ρ Ω Μ Η Σ     1898 Γ,,,,no sponsor block
6ΚΘΣ4690Β1-ΠΙ7,2022-10-04,Χ Ρ Η Μ Α Τ Ι Κ Ο  Ε Ν Τ Α Λ Μ Α  Π Λ Η Ρ Ω Μ Η Σ 1433Γ,,,,no sponsor block
ΩΥΣΣ4690Β1-7ΜΛ,2022-10-19,Χ Ρ Η Μ Α Τ Ι Κ Ο  Ε Ν Τ Α Λ Μ Α  Π Λ Η Ρ Ω Μ Η Σ 1543Γ,,,,no sponsor block
6ΥΡΞ4690Β1-741,2022-10-19,Χ Ρ Η Μ Α Τ Ι Κ Ο  Ε Ν Τ Α Λ Μ Α  Π Λ Η Ρ Ω Μ Η Σ 1542Γ,,,,no sponsor block
ΨΨΣΖ4690Β1-ΟΦΘ,2022-10-21,Χ Ρ Η Μ Α Τ Ι Κ Ο  Ε Ν Τ Α Λ Μ Α  Π Λ Η Ρ Ω Μ Η Σ 1591Γ,,,,no sponsor block
6ΨΕ04690Β1-ΠΤΡ,2022-10-20,Χ Ρ Η Μ Α Τ Ι Κ Ο  Ε Ν Τ Α Λ Μ Α  Π Λ Η Ρ Ω Μ Η Σ 1555Γ,,,,no sponsor block
ΨΒΠΜ4690Β1-ΝΟΝ,2022-10-19,Χ Ρ Η Μ Α Τ Ι Κ Ο  Ε Ν Τ Α Λ Μ Α  Π Λ Η Ρ Ω Μ Η Σ 1554Γ,,,,no sponsor block
ΨΖ5Γ4690Β1-ΜΕ6,2022-10-19,Χ Ρ Η Μ Α Τ Ι Κ Ο  Ε Ν Τ Α Λ Μ Α  Π Λ Η Ρ Ω Μ Η Σ 1553Γ,,,,no sponsor block
9ΦΑΟ4690Β1-ΝΒΥ,2022-10-19,Χ Ρ Η Μ Α Τ Ι Κ Ο  Ε Ν Τ Α Λ Μ Α  Π Λ Η Ρ Ω Μ Η Σ 1552Γ,,,,no sponsor block
9Η774690Β1-64Θ,2022-10-19,Χ Ρ Η Μ Α Τ Ι Κ Ο  Ε Ν Τ Α Λ Μ Α  Π Λ Η Ρ Ω Μ Η Σ 1551Γ,,,,no sponsor block
6Σ9Γ4690Β1-Κ9Γ,2022-10-19,Χ Ρ Η Μ Α Τ Ι Κ Ο  Ε Ν Τ Α Λ Μ Α  Π Λ Η Ρ Ω Μ Η Σ 1550Γ,,,,no sponsor block
6Χ6Ζ4690Β1-ΨΓ7,2022-10-19,Χ Ρ Η Μ Α Τ Ι Κ Ο  Ε Ν Τ Α Λ Μ Α  Π Λ Η Ρ Ω Μ Η Σ 1549Γ,,,,no sponsor block
9ΘΡΞ4690Β1-Β6Κ,2022-10-19,Χ Ρ Η Μ Α Τ Ι Κ Ο  Ε Ν Τ Α Λ Μ Α  Π Λ Η Ρ Ω Μ Η Σ 1548Γ,,,,no sponsor block
6ΛΔΡ4690Β1-Λ5Β,2022-10-19,Χ Ρ Η Μ Α Τ Ι Κ Ο  Ε Ν Τ Α Λ Μ Α  Π Λ Η Ρ Ω Μ Η Σ 1547Γ,,,,no sponsor block
ΨΒΕΘ4690Β1-ΕΛΤ,2022-10-19,Χ Ρ Η Μ Α Τ Ι Κ Ο  Ε Ν Τ Α Λ Μ Α  Π Λ Η Ρ Ω Μ Η Σ 1546Γ,,,,no sponsor block
6Μ414690Β1-ΗΤΝ,2022-10-19,Χ Ρ Η Μ Α Τ Ι Κ Ο  Ε Ν Τ Α Λ Μ Α  Π Λ Η Ρ Ω Μ Η Σ 1545Γ,,,,no sponsor block
ΡΞΖΩ4690Β1-Ρ4Β,2022-10-20,Χ Ρ Η Μ Α Τ Ι Κ Ο  Ε Ν Τ Α Λ Μ Α  Π Λ Η Ρ Ω Μ Η Σ 1570Γ,,,,no sponsor block
Ψ0ΙΑ4690Β1-Η42,2022-10-20,ΧΡΗΜΑΤΙΚΟ ΕΝΤΑΛΜΑ ΠΛΗΡΩΜΗΣ Νο 1544/22Γ,,,,no sponsor block
64594690Β1-Τ5Ρ,2022-10-04,Χ Ρ Η Μ Α Τ Ι Κ Ο  Ε Ν Τ Α Λ Μ Α  Π Λ Η Ρ Ω Μ Η Σ  1432Γ,,,,no sponsor block
Ψ8Ν84690Β1-2ΜΓ,2022-10-11,Χ Ρ Η Μ Α Τ Ι Κ Ο  Ε Ν Τ Α Λ Μ Α  Π Λ Η Ρ Ω Μ Η Σ 1480Γ,,,,no sponsor block
9ΞΙ14690Β1-58Ρ,2022-10-11,Χ Ρ Η Μ Α Τ Ι Κ Ο  Ε Ν Τ Α Λ Μ Α  Π Λ Η Ρ Ω Μ Η Σ 1479Γ,,,,no sponsor block
6ΗΕΓ4690Β1-ΚΜΠ,2022-10-06,Χ Ρ Η Μ Α Τ Ι Κ Ο  Ε Ν Τ Α Λ Μ Α  Π Λ Η Ρ Ω Μ Η Σ 1471Γ,,,,no sponsor block
6Φ9Ι4690Β1-Ο0Ι,2022-10-05,Χ Ρ Η Μ Α Τ Ι Κ Ο  Ε Ν Τ Α Λ Μ Α  Π Λ Η Ρ Ω Μ Η Σ 1457Γ,,,,no sponsor block
94324690Β1-ΤΜ5,2022-10-04,Χ Ρ Η Μ Α Τ Ι Κ Ο  Ε Ν Τ Α Λ Μ Α  Π Λ Η Ρ Ω Μ Η Σ 1444Γ,,,,no sponsor block
9Ρ8Κ4690Β1-5ΒΒ,2022-10-03,Χ Ρ Η Μ Α Τ Ι Κ Ο  Ε Ν Τ Α Λ Μ Α  Π Λ Η Ρ Ω Μ Η Σ 1429Γ,,,,no sponsor block
6ΜΓ24690Β1-1ΓΡ,2022-10-03,Χ Ρ Η Μ Α Τ Ι Κ Ο  Ε Ν Τ Α Λ Μ Α  Π Λ Η Ρ Ω Μ Η Σ 1427Γ,,,,no sponsor block
ΨΕΜΘ4690Β1-Τ64,2022-10-03,Χ Ρ Η Μ Α Τ Ι Κ Ο  Ε Ν Τ Α Λ Μ Α  Π Λ Η Ρ Ω Μ Η Σ 1425Γ,,,,no sponsor block
ΨΛ9Ρ4690Β1-ΡΔ6,2022-10-03,Χ Ρ Η Μ Α Τ Ι Κ Ο  Ε Ν Τ Α Λ Μ Α  Π Λ Η Ρ Ω Μ Η Σ 1424Γ,,,,no sponsor block
6ΟΥΔ4690Β1-Φ5Ω,2022-10-03,Χ Ρ Η Μ Α Τ Ι Κ Ο  Ε Ν Τ Α Λ Μ Α  Π Λ Η Ρ Ω Μ Η Σ 1423Γ,,,,no sponsor block
ΨΝ0Α4690Β1-1Ρ4,2022-10-03,Χ Ρ Η Μ Α Τ Ι Κ Ο  Ε Ν Τ Α Λ Μ Α  Π Λ Η Ρ Ω Μ Η Σ 1421Γ,,,,no sponsor block
Ψ2ΠΛ4690Β1-Γ38,2022-10-03,Χ Ρ Η Μ Α Τ Ι Κ Ο  Ε Ν Τ Α Λ Μ Α  Π Λ Η Ρ Ω Μ Η Σ 1419Γ,,,,no sponsor block
Ψ6ΙΗ4690Β1-ΖΘΡ,2022-10-03,Χ Ρ Η Μ Α Τ Ι Κ Ο  Ε Ν Τ Α Λ Μ Α  Π Λ Η Ρ Ω Μ Η Σ 1418Γ,,,,no sponsor block
ΨΥΠΦ4690Β1-733,2022-10-03,Χ Ρ Η Μ Α Τ Ι Κ Ο  Ε Ν Τ Α Λ Μ Α  Π Λ Η Ρ Ω Μ Η Σ 1417Γ,,,,no sponsor block
ΨΜ344690Β1-2ΕΜ,2022-10-03,Χ Ρ Η Μ Α Τ Ι Κ Ο  Ε Ν Τ Α Λ Μ Α  Π Λ Η Ρ Ω Μ Η Σ 1413Γ,,,,no sponsor block
ΨΡΩΛ4690Β1-ΝΡ1,2022-10-03,Χ Ρ Η Μ Α Τ Ι Κ Ο  Ε Ν Τ Α Λ Μ Α  Π Λ Η Ρ Ω Μ Η Σ 1412Γ,,,,no sponsor block
Ω8274690Β1-5ΙΜ,2022-10-03,Χ Ρ Η Μ Α Τ Ι Κ Ο  Ε Ν Τ Α Λ Μ Α  Π Λ Η Ρ Ω Μ Η Σ 1411Γ,,,,no sponsor block
Ω3704690Β1-ΡΒ3,2022-10-04,Χ Ρ Η Μ Α Τ Ι Κ Ο  Ε Ν Τ Α Λ Μ Α  Π Λ Η Ρ Ω Μ Η Σ 1434Γ,,,,no sponsor block
6ΒΤΘ4690Β1-5ΒΤ,2022-10-03,Χ Ρ Η Μ Α Τ Ι Κ Ο  Ε Ν Τ Α Λ Μ Α  Π Λ Η Ρ Ω Μ Η Σ 1431Γ,,,,no sponsor block
ΨΞ874690Β1-29Ψ,2022-10-03,Χ Ρ Η Μ Α Τ Ι Κ Ο  Ε Ν Τ Α Λ Μ Α  Π Λ Η Ρ Ω Μ Η Σ 1415Γ,,,,no sponsor block
90Υ24690Β1-Χ17,2022-10-06,Χ Ρ Η Μ Α Τ Ι Κ Ο  Ε Ν Τ Α Λ Μ Α  Π Λ Η Ρ Ω Μ Η Σ 1459Γ,,,,no sponsor block
6Υ8Ω4690Β1-63Ο,2022-10-05,Χ Ρ Η Μ Α Τ Ι Κ Ο  Ε Ν Τ Α Λ Μ Α  Π Λ Η Ρ Ω Μ Η Σ 1456Γ,,,,no sponsor block
Ψ3Υ24690Β1-ΨΡΡ,2022-10-05,Χ Ρ Η Μ Α Τ Ι Κ Ο  Ε Ν Τ Α Λ Μ Α  Π Λ Η Ρ Ω Μ Η Σ 1455Γ,,,,no sponsor block
ΨΨΕΠ4690Β1-Δ4Γ,2022-10-05,Χ Ρ Η Μ Α Τ Ι Κ Ο  Ε Ν Τ Α Λ Μ Α  Π Λ Η Ρ Ω Μ Η Σ 1454Γ,,,,no sponsor block
6ΖΟΓ4690Β1-Η96,2022-10-05,Χ Ρ Η Μ Α Τ Ι Κ Ο  Ε Ν Τ Α Λ Μ Α  Π Λ Η Ρ Ω Μ Η Σ 1453Γ,,,,no sponsor block
Ψ9ΗΛ4690Β1-64Η,2022-10-05,Χ Ρ Η Μ Α Τ Ι Κ Ο  Ε Ν Τ Α Λ Μ Α  Π Λ Η Ρ Ω Μ Η Σ 1452Γ,,,,no sponsor block
ΩΧ844690Β1-1ΥΔ,2022-10-04,Χ Ρ Η Μ Α Τ Ι Κ Ο  Ε Ν Τ Α Λ Μ Α  Π Λ Η Ρ Ω Μ Η Σ 1441Γ,,,,no sponsor block
ΨΤ3Σ4690Β1-ΖΛ5,2022-10-04,Χ Ρ Η Μ Α Τ Ι Κ Ο  Ε Ν Τ Α Λ Μ Α  Π Λ Η Ρ Ω Μ Η Σ 1440Γ,,,,no sponsor block
ΨΚΩΔ4690Β1-ΨΚ6,2022-10-04,Χ Ρ Η Μ Α Τ Ι Κ Ο  Ε Ν Τ Α Λ Μ Α  Π Λ Η Ρ Ω Μ Η Σ 1439Γ,,,,no sponsor block
Ω3ΙΚ4690Β1-Λ1Θ,2022-10-04,Χ Ρ Η Μ Α Τ Ι Κ Ο  Ε Ν Τ Α Λ Μ Α  Π Λ Η Ρ Ω Μ Η Σ 1438Γ,,,,no sponsor block
6ΩΕΛ4690Β1-ΔΞΗ,2022-10-04,Χ Ρ Η Μ Α Τ Ι Κ Ο  Ε Ν Τ Α Λ Μ Α  Π Λ Η Ρ Ω Μ Η Σ 1437Γ,,,,no sponsor block
ΩΧΧΞ4690Β1-Η0Λ,2022-10-04,Χ Ρ Η Μ Α Τ Ι Κ Ο  Ε Ν Τ Α Λ Μ Α  Π Λ Η Ρ Ω Μ Η Σ 1436Γ,,,,no sponsor block
ΩΔΜΖ4690Β1-ΜΣ2,2022-10-03,Χ Ρ Η Μ Α Τ Ι Κ Ο  Ε Ν Τ Α Λ Μ Α  Π Λ Η Ρ Ω Μ Η Σ 1340Γ,,,,no sponsor block
6ΜΧΚ4690Β1-ΗΗΩ,2022-10-03,Χ Ρ Η Μ Α Τ Ι Κ Ο  Ε Ν Τ Α Λ Μ Α  Π Λ Η Ρ Ω Μ Η Σ 1428Γ,,,,no sponsor block
94ΧΘ4690Β1-Φ7Ε,2022-10-03,Χ Ρ Η Μ Α Τ Ι Κ Ο  Ε Ν Τ Α Λ Μ Α  Π Λ Η Ρ Ω Μ Η Σ 1426Γ,,,,no sponsor block
ΨΗΩΒ4690Β1-Μ02,2022-10-03,Χ Ρ Η Μ Α Τ Ι Κ Ο  Ε Ν Τ Α Λ Μ Α  Π Λ Η Ρ Ω Μ Η Σ 1422Γ,,,,no sponsor block
960Γ4690Β1-ΗΔ0,2022-10-03,Χ Ρ Η Μ Α Τ Ι Κ Ο  Ε Ν Τ Α Λ Μ Α  Π Λ Η Ρ Ω Μ Η Σ 1420Γ,,,,no sponsor block
ΨΡΜΖ4690Β1-ΠΕΤ,2022-10-03,Χ Ρ Η Μ Α Τ Ι Κ Ο  Ε Ν Τ Α Λ Μ Α  Π Λ Η Ρ Ω Μ Η Σ 1416Γ,,,,no sponsor block
ΨΩΗΛ4690Β1-Φ76,2022-10-03,Χ Ρ Η Μ Α Τ Ι Κ Ο  Ε Ν Τ Α Λ Μ Α  Π Λ Η Ρ Ω Μ Η Σ 1414Γ,,,,no sponsor block
697Μ4690Β1-ΩΗ3,2022-10-03,Χ Ρ Η Μ Α Τ Ι Κ Ο  Ε Ν Τ Α Λ Μ Α  Π Λ Η Ρ Ω Μ Η Σ 1410Γ,,,,no sponsor block
ΨΖΣ04690Β1-ΥΤΧ,2022-10-03,Χ Ρ Η Μ Α Τ Ι Κ Ο  Ε Ν Τ Α Λ Μ Α  Π Λ Η Ρ Ω Μ Η Σ 1397Γ,,,,no sponsor block
65Δ74690Β1-ΥΤΜ,2022-10-03,Χ Ρ Η Μ Α Τ Ι Κ Ο  Ε Ν Τ Α Λ Μ Α  Π Λ Η Ρ Ω Μ Η Σ 1396Γ,,,,no sponsor block
ΨΝΛΨ4690Β1-ΛΦΕ,2022-10-03,Χ Ρ Η Μ Α Τ Ι Κ Ο  Ε Ν Τ Α Λ Μ Α  Π Λ Η Ρ Ω Μ Η Σ 1395Γ,,,,no sponsor block
Ω5Β24690Β1-ΦΣ6,2022-10-03,Χ Ρ Η Μ Α Τ Ι Κ Ο  Ε Ν Τ Α Λ Μ Α  Π Λ Η Ρ Ω Μ Η Σ 1394Γ,,,,no sponsor block
9ΕΦΗ4690Β1-ΩΨΟ,2022-10-03,Χ Ρ Η Μ Α Τ Ι Κ Ο  Ε Ν Τ Α Λ Μ Α  Π Λ Η Ρ Ω Μ Η Σ 1393Γ,,,,no sponsor block
ΨΠΕΡ4690Β1-ΝΔ1,2022-10-03,Χ Ρ Η Μ Α Τ Ι Κ Ο  Ε Ν Τ Α Λ Μ Α  Π Λ Η Ρ Ω Μ Η Σ 1392Γ,,,,no sponsor block
62Ψ64690Β1-1Μ9,2022-10-03,Χ Ρ Η Μ Α Τ Ι Κ Ο  Ε Ν Τ Α Λ Μ Α  Π Λ Η Ρ Ω Μ Η Σ 1391Γ,,,,no sponsor block
Ψ2874690Β1-ΤΒΗ,2022-10-03,Χ Ρ Η Μ Α Τ Ι Κ Ο  Ε Ν Τ Α Λ Μ Α  Π Λ Η Ρ Ω Μ Η Σ 1390Γ,,,,no sponsor block
6ΣΚ04690Β1-2Κ2,2022-10-03,Χ Ρ Η Μ Α Τ Ι Κ Ο  Ε Ν Τ Α Λ Μ Α  Π Λ Η Ρ Ω Μ Η Σ 1389Γ,,,,no sponsor block
ΨΓΜ54690Β1-ΤΟ4,2022-10-03,Χ Ρ Η Μ Α Τ Ι Κ Ο  Ε Ν Τ Α Λ Μ Α  Π Λ Η Ρ Ω Μ Η Σ 1388Γ,,,,no sponsor block
ΨΩ704690Β1-9Ι1,2022-10-03,Χ Ρ Η Μ Α Τ Ι Κ Ο  Ε Ν Τ Α Λ Μ Α  Π Λ Η Ρ Ω Μ Η Σ 1387Γ,,,,no sponsor block
620Ω4690Β1-ΝΓΩ,2022-10-03,Χ Ρ Η Μ Α Τ Ι Κ Ο  Ε Ν Τ Α Λ Μ Α  Π Λ Η Ρ Ω Μ Η Σ 1386Γ,,,,no sponsor block
ΩΔΓΒ4690Β1-ΒΧΙ,2022-09-30,Χ Ρ Η Μ Α Τ Ι Κ Ο  Ε Ν Τ Α Λ Μ Α  Π Λ Η Ρ Ω Μ Η Σ 1385Γ,,,,no sponsor block
ΨΨ7Φ4690Β1-Β9Μ,2022-09-30,Χ Ρ Η Μ Α Τ Ι Κ Ο  Ε Ν Τ Α Λ Μ Α  Π Λ Η Ρ Ω Μ Η Σ 1384Γ,,,,no sponsor block
ΨΠ2Α4690Β1-3ΒΙ,2022-09-30,Χ Ρ Η Μ Α Τ Ι Κ Ο  Ε Ν Τ Α Λ Μ Α  Π Λ Η Ρ Ω Μ Η Σ 1383Γ,,,,no sponsor block
Ψ6764690Β1-Ψ9Η,2022-06-10,Χ Ρ Η Μ Α Τ Ι Κ Ο  Ε Ν Τ Α Λ Μ Α  Π Λ Η Ρ Ω Μ Η Σ 987Γ,,,,no sponsor block
ΨΚΞΖ4690Β1-4ΤΛ,2022-10-07,Χ Ρ Η Μ Α Τ Ι Κ Ο  Ε Ν Τ Α Λ Μ Α  Π Λ Η Ρ Ω Μ Η Σ 1473Γ,,,,no sponsor block
6Ρ2Ε4690Β1-ΞΡ6,2022-10-07,ΧΡΗΜΑΤΙΚΟ ΕΝΤΑΛΜΑ ΠΛΗΡΩΜΗΣ Νο 1435/22Γ,,,,no sponsor block
Ρ6ΨΕ4690Β1-1Ρ5,2022-09-02,Χ Ρ Η Μ Α Τ Ι Κ Ο  Ε Ν Τ Α Λ Μ Α  Π Λ Η Ρ Ω Μ Η Σ 1316Γ,,,,no sponsor block
6ΨΡΒ4690Β1-Ρ3Γ,2022-09-22,Χ Ρ Η Μ Α Τ Ι Κ Ο Ε Ν Τ Α Λ Μ Α Π Λ Η Ρ Ω Μ Η Σ 1380Γ,,,,no sponsor block
6Χ6Ν4690Β1-33Κ,2022-09-19,Χ Ρ Η Μ Α Τ Ι Κ Ο Ε Ν Τ Α Λ Μ Α Π Λ Η Ρ Ω Μ Η Σ 1363Γ,,,,no sponsor block
6ΤΠΤ4690Β1-ΥΗΠ,2022-09-19,Χ Ρ Η Μ Α Τ Ι Κ Ο  Ε Ν Τ Α Λ Μ Α  Π Λ Η Ρ Ω Μ Η Σ 1362Γ,,,,no sponsor block
Ψ03Γ4690Β1-ΑΥΕ,2022-09-02,Χ Ρ Η Μ Α Τ Ι Κ Ο  Ε Ν Τ Α Λ Μ Α  Π Λ Η Ρ Ω Μ Η Σ 1315Γ,,,,no sponsor block
ΨΟΓΗ4690Β1-57Γ,2022-09-19,Χ Ρ Η Μ Α Τ Ι Κ Ο  Ε Ν Τ Α Λ Μ Α  Π Λ Η Ρ Ω Μ Η Σ 1365Γ,,,,no sponsor block
6Χ0Θ4690Β1-Β37,2022-09-20,Χ Ρ Η Μ Α Τ Ι Κ Ο  Ε Ν Τ Α Λ Μ Α  Π Λ Η Ρ Ω Μ Η Σ 1366Γ,,,,no sponsor block
96ΚΥ4690Β1-ΕΟΝ,2022-09-19,Χ Ρ Η Μ Α Τ Ι Κ Ο  Ε Ν Τ Α Λ Μ Α  Π Λ Η Ρ Ω Μ Η Σ 1361Γ,,,,no sponsor block
ΨΩΘΖ4690Β1-5ΣΞ,2022-09-19,Χ Ρ Η Μ Α Τ Ι Κ Ο  Ε Ν Τ Α Λ Μ Α  Π Λ Η Ρ Ω Μ Η Σ 1360Γ,,,,no sponsor block
ΩΣΓΧ4690Β1-Μ1Σ,2022-09-19,Χ Ρ Η Μ Α Τ Ι Κ Ο  Ε Ν Τ Α Λ Μ Α  Π Λ Η Ρ Ω Μ Η Σ 1359Γ,,,,no sponsor block
ΩΝ474690Β1-ΟΤΦ,2022-09-19,Χ Ρ Η Μ Α Τ Ι Κ Ο  Ε Ν Τ Α Λ Μ Α  Π Λ Η Ρ Ω Μ Η Σ 1358Γ,,,,no sponsor block
6Δ1Η4690Β1-8ΝΠ,2022-09-16,Χ Ρ Η Μ Α Τ Ι Κ Ο  Ε Ν Τ Α Λ Μ Α  Π Λ Η Ρ Ω Μ Η Σ 1357Γ,,,,no sponsor block
Ψ2ΩΤ4690Β1-ΩΑ1,2022-09-16,Χ Ρ Η Μ Α Τ Ι Κ Ο  Ε Ν Τ Α Λ Μ Α  Π Λ Η Ρ Ω Μ Η Σ 1356Γ,,,,no sponsor block
ΨΤ2Φ4690Β1-ΩΕΡ,2022-09-15,Χ Ρ Η Μ Α Τ Ι Κ Ο  Ε Ν Τ Α Λ Μ Α  Π Λ Η Ρ Ω Μ Η Σ 1353Γ,,,,no sponsor block
9Ω9Β4690Β1-2ΜΤ,2022-09-14,Χ Ρ Η Μ Α Τ Ι Κ Ο  Ε Ν Τ Α Λ Μ Α  Π Λ Η Ρ Ω Μ Η Σ 1349Γ,,,,no sponsor block
64Λ14690Β1-7ΚΣ,2022-09-14,Χ Ρ Η Μ Α Τ Ι Κ Ο  Ε Ν Τ Α Λ Μ Α  Π Λ Η Ρ Ω Μ Η Σ 1348Γ,,,,no sponsor block
Ψ6ΠΞ4690Β1-ΚΝΣ,2022-09-14,Χ Ρ Η Μ Α Τ Ι Κ Ο  Ε Ν Τ Α Λ Μ Α  Π Λ Η Ρ Ω Μ Η Σ 1347Γ,,,,no sponsor block
ΨΚΞΘ4690Β1-2ΒΨ,2022-09-14,Χ Ρ Η Μ Α Τ Ι Κ Ο  Ε Ν Τ Α Λ Μ Α  Π Λ Η Ρ Ω Μ Η Σ 1346Γ,,,,no sponsor block
ΨΛ764690Β1-Θ2Η,2022-09-15,Χ Ρ Η Μ Α Τ Ι Κ Ο  Ε Ν Τ Α Λ Μ Α  Π Λ Η Ρ Ω Μ Η Σ 1352Γ,,,,no sponsor block
6ΥΦ64690Β1-ΜΩ8,2022-09-20,Χ Ρ Η Μ Α Τ Ι Κ Ο  Ε Ν Τ Α Λ Μ Α  Π Λ Η Ρ Ω Μ Η Σ 1366Γ,,,,no sponsor block
6ΕΡ04690Β1-52Α,2022-09-12,Χ Ρ Η Μ Α Τ Ι Κ Ο  Ε Ν Τ Α Λ Μ Α  Π Λ Η Ρ Ω Μ Η Σ 1345Γ,,,,no sponsor block
ΨΕΝΗ4690Β1-7Α2,2022-09-20,ΧΡΗΜΑΤΙΚΟ ΕΝΤΑΛΜΑ ΠΛΗΡΩΜΗΣ Νο 1364/22Γ,,,,no sponsor block
Ψ3Φ94690Β1-ΛΓΑ,2022-09-07,Χ Ρ Η Μ Α Τ Ι Κ Ο  Ε Ν Τ Α Λ Μ Α  Π Λ Η Ρ Ω Μ Η Σ 1344Γ,,,,no sponsor block
ΨΞΓΚ4690Β1-Η6Α,2022-08-01,Χ Ρ Η Μ Α Τ Ι Κ Ο  Ε Ν Τ Α Λ Μ Α  Π Λ Η Ρ Ω Μ Η Σ 1255Γ,,,,no sponsor block
6ΙΥΗ4690Β1-ΔΕΨ,2022-09-07,Χ Ρ Η Μ Α Τ Ι Κ Ο  Ε Ν Τ Α Λ Μ Α  Π Λ Η Ρ Ω Μ Η Σ 1343Γ,,,,no sponsor block
ΨΨ8Ν4690Β1-ΒΡ6,2022-09-07,Χ Ρ Η Μ Α Τ Ι Κ Ο  Ε Ν Τ Α Λ Μ Α  Π Λ Η Ρ Ω Μ Η Σ 1342Γ,,,,no sponsor block
6ΜΔΨ4690Β1-ΚΛΦ,2022-09-07,Χ Ρ Η Μ Α Τ Ι Κ Ο  Ε Ν Τ Α Λ Μ Α  Π Λ Η Ρ Ω Μ Η Σ 1341Γ,,,,no sponsor block
Ω8ΕΞ4690Β1-3ΘΠ,2022-09-07,Χ Ρ Η Μ Α Τ Ι Κ Ο  Ε Ν Τ Α Λ Μ Α  Π Λ Η Ρ Ω Μ Η Σ 1340Γ,,,,no sponsor block
6ΞΗΚ4690Β1-ΦΝ5,2022-09-07,Χ Ρ Η Μ Α Τ Ι Κ Ο  Ε Ν Τ Α Λ Μ Α  Π Λ Η Ρ Ω Μ Η Σ 1339Γ,,,,no sponsor block
6ΣΠ84690Β1-39Ε,2022-09-06,Χ Ρ Η Μ Α Τ Ι Κ Ο  Ε Ν Τ Α Λ Μ Α  Π Λ Η Ρ Ω Μ Η Σ 1338Γ,,,,no sponsor block
ΨΜΨΙ4690Β1-ΚΝΠ,2022-09-06,Χ Ρ Η Μ Α Τ Ι Κ Ο  Ε Ν Τ Α Λ Μ Α  Π Λ Η Ρ Ω Μ Η Σ 1337Γ,,,,no sponsor block
ΩΜΟΜ4690Β1-ΛΛΡ,2022-09-06,Χ Ρ Η Μ Α Τ Ι Κ Ο  Ε Ν Τ Α Λ Μ Α  Π Λ Η Ρ Ω Μ Η Σ 1335Γ,,,,no sponsor block
62ΧΨ4690Β1-ΖΦ3,2022-09-06,Χ Ρ Η Μ Α Τ Ι Κ Ο  Ε Ν Τ Α Λ Μ Α  Π Λ Η Ρ Ω Μ Η Σ 1334Γ,,,,no sponsor block
6ΕΔ54690Β1-55Π,2022-09-06,Χ Ρ Η Μ Α Τ Ι Κ Ο  Ε Ν Τ Α Λ Μ Α  Π Λ Η Ρ Ω Μ Η Σ 1333Γ,,,,no sponsor block
6ΠΧΡ4690Β1-4Η9,2022-09-06,Χ Ρ Η Μ Α Τ Ι Κ Ο  Ε Ν Τ Α Λ Μ Α  Π Λ Η Ρ Ω Μ Η Σ 1332Γ,,,,no sponsor block
60ΩΜ4690Β1-49Β,2022-09-06,Χ Ρ Η Μ Α Τ Ι Κ Ο  Ε Ν Τ Α Λ Μ Α  Π Λ Η Ρ Ω Μ Η Σ 1331Γ,,,,no sponsor block
ΨΞΡΗ4690Β1-ΨΗΤ,2022-09-06,Χ Ρ Η Μ Α Τ Ι Κ Ο  Ε Ν Τ Α Λ Μ Α  Π Λ Η Ρ Ω Μ Η Σ 1330Γ,,,,no sponsor block
ΩΤΛΟ4690Β1-Γ8Β,2022-09-06,Χ Ρ Η Μ Α Τ Ι Κ Ο  Ε Ν Τ Α Λ Μ Α  Π Λ Η Ρ Ω Μ Η Σ 1329Γ,,,,no sponsor block
6ΡΗΨ4690Β1-1ΓΩ,2022-09-05,Χ Ρ Η Μ Α Τ Ι Κ Ο  Ε Ν Τ Α Λ Μ Α  Π Λ Η Ρ Ω Μ Η Σ 1324Γ,,,,no sponsor block
6ΜΠΔ4690Β1-ΠΞΨ,2022-09-05,Χ Ρ Η Μ Α Τ Ι Κ Ο  Ε Ν Τ Α Λ Μ Α  Π Λ Η Ρ Ω Μ Η Σ 1323Γ,,,,no sponsor block
6Χ6Ω4690Β1-ΘΕ7,2022-09-05,Χ Ρ Η Μ Α Τ Ι Κ Ο  Ε Ν Τ Α Λ Μ Α  Π Λ Η Ρ Ω Μ Η Σ 1322Γ,,,,no sponsor block
ΨΔ1Μ4690Β1-ΙΝΧ,2022-09-05,Χ Ρ Η Μ Α Τ Ι Κ Ο  Ε Ν Τ Α Λ Μ Α  Π Λ Η Ρ Ω Μ Η Σ 1321Γ,,,,no sponsor block
68ΝΛ4690Β1-7ΓΘ,2022-09-06,Χ Ρ Η Μ Α Τ Ι Κ Ο  Ε Ν Τ Α Λ Μ Α  Π Λ Η Ρ Ω Μ Η Σ 1336Γ,,,,no sponsor block
68ΣΤ4690Β1-ΡΓΘ,2022-09-02,Χ Ρ Η Μ Α Τ Ι Κ Ο  Ε Ν Τ Α Λ Μ Α  Π Λ Η Ρ Ω Μ Η Σ 1320Γ,,,,no sponsor block
ΩΜΛΠ4690Β1-ΓΜΘ,2022-09-02,Χ Ρ Η Μ Α Τ Ι Κ Ο  Ε Ν Τ Α Λ Μ Α  Π Λ Η Ρ Ω Μ Η Σ 1319Γ,,,,no sponsor block
6ΗΩ04690Β1-Ψ61,2022-09-02,Χ Ρ Η Μ Α Τ Ι Κ Ο  Ε Ν Τ Α Λ Μ Α  Π Λ Η Ρ Ω Μ Η Σ 1318Γ,,,,no sponsor block
65ΡΟ4690Β1-ΖΒΔ,2022-09-02,Χ Ρ Η Μ Α Τ Ι Κ Ο  Ε Ν Τ Α Λ Μ Α  Π Λ Η Ρ Ω Μ Η Σ 1317Γ,,,,no sponsor block
6Π5Ξ4690Β1-ΧΜΝ,2022-09-02,Χ Ρ Η Μ Α Τ Ι Κ Ο  Ε Ν Τ Α Λ Μ Α  Π Λ Η Ρ Ω Μ Η Σ 1314Γ,,,,no sponsor block
ΩΑΧΝ4690Β1-ΘΗΔ,2022-09-01,Χ Ρ Η Μ Α Τ Ι Κ Ο  Ε Ν Τ Α Λ Μ Α  Π Λ Η Ρ Ω Μ Η Σ 1306Γ,,,,no sponsor block
ΨΗΚΑ4690Β1-8ΩΑ,2022-08-19,Χ Ρ Η Μ Α Τ Ι Κ Ο  Ε Ν Τ Α Λ Μ Α  Π Λ Η Ρ Ω Μ Η Σ 1300Γ,,,,no sponsor block
Ψ44Α4690Β1-ΠΧΠ,2022-08-08,Χ Ρ Η Μ Α Τ Ι Κ Ο  Ε Ν Τ Α Λ Μ Α  Π Λ Η Ρ Ω Μ Η Σ 1259Γ,,,,no sponsor block
6ΨΡ04690Β1-ΑΥ3,2022-08-08,Χ Ρ Η Μ Α Τ Ι Κ Ο  Ε Ν Τ Α Λ Μ Α  Π Λ Η Ρ Ω Μ Η Σ 1260Γ,,,,no sponsor block
6ΝΟ94690Β1-ΠΚΖ,2022-08-19,Χ Ρ Η Μ Α Τ Ι Κ Ο  Ε Ν Τ Α Λ Μ Α  Π Λ Η Ρ Ω Μ Η Σ  1299Γ,,,,no sponsor block
6ΧΠ94690Β1-ΝΜ5,2022-08-12,Χ Ρ Η Μ Α Τ Ι Κ Ο  Ε Ν Τ Α Λ Μ Α  Π Λ Η Ρ Ω Μ Η Σ  1296Γ,,,,no sponsor block
ΨΚΙ54690Β1-564,2022-08-12,Χ Ρ Η Μ Α Τ Ι Κ Ο  Ε Ν Τ Α Λ Μ Α  Π Λ Η Ρ Ω Μ Η Σ  1295Γ,,,,no sponsor block
6ΠΔΤ4690Β1-Η4Φ,2022-08-12,Χ Ρ Η Μ Α Τ Ι Κ Ο  Ε Ν Τ Α Λ Μ Α  Π Λ Η Ρ Ω Μ Η Σ  1294Γ,,,,no sponsor block
6ΚΛ44690Β1-Θ96,2022-08-08,Χ Ρ Η Μ Α Τ Ι Κ Ο  Ε Ν Τ Α Λ Μ Α  Π Λ Η Ρ Ω Μ Η Σ   1263Γ,,,,no sponsor block
Ω8Δ44690Β1-117,2022-08-08,Χ Ρ Η Μ Α Τ Ι Κ Ο  Ε Ν Τ Α Λ Μ Α  Π Λ Η Ρ Ω Μ Η Σ   1262Γ,,,,no sponsor block
692Ο4690Β1-12Τ,2022-08-08,Χ Ρ Η Μ Α Τ Ι Κ Ο  Ε Ν Τ Α Λ Μ Α  Π Λ Η Ρ Ω Μ Η Σ 1261Γ,,,,no sponsor block
ΨΥΦΙ4690Β1-ΑΦΙ,2022-08-19,ΧΡΗΜΑΤΙΚΟ ΕΝΤΑΛΜΑ ΠΛΗΡΩΜΗΣ Νο 1258/22 Γ,,,,no sponsor block
Ω80Π4690Β1-ΚΚ7,2022-08-01,Χ Ρ Η Μ Α Τ Ι Κ Ο  Ε Ν Τ Α Λ Μ Α  Π Λ Η Ρ Ω Μ Η Σ 1256Γ,,,,no sponsor block
Ψ6ΩΚ4690Β1-ΗΞΣ,2022-08-01,Χ Ρ Η Μ Α Τ Ι Κ Ο  Ε Ν Τ Α Λ Μ Α  Π Λ Η Ρ Ω Μ Η Σ 1254Γ,,,,no sponsor block
6Ζ6Ξ4690Β1-572,2022-08-03,Χ Ρ Η Μ Α Τ Ι Κ Ο  Ε Ν Τ Α Λ Μ Α  Π Λ Η Ρ Ω Μ Η Σ 1257Γ,,,,no sponsor block
6ΝΨΛ4690Β1-ΙΙΞ,2022-08-01,Χ Ρ Η Μ Α Τ Ι Κ Ο  Ε Ν Τ Α Λ Μ Α  Π Λ Η Ρ Ω Μ Η Σ 1253Γ,,,,no sponsor block
66ΗΥ4690Β1-334,2022-08-01,Χ Ρ Η Μ Α Τ Ι Κ Ο  Ε Ν Τ Α Λ Μ Α  Π Λ Η Ρ Ω Μ Η Σ 1252Γ,,,,no sponsor block
ΩΧΩ64690Β1-1Χ7,2022-08-01,Χ Ρ Η Μ Α Τ Ι Κ Ο  Ε Ν Τ Α Λ Μ Α  Π Λ Η Ρ Ω Μ Η Σ 1251Γ,,,,no sponsor block
ΨΛΖΔ4690Β1-8ΔΖ,2022-08-01,Χ Ρ Η Μ Α Τ Ι Κ Ο  Ε Ν Τ Α Λ Μ Α  Π Λ Η Ρ Ω Μ Η Σ 1250Γ,,,,no sponsor block
Ψ6ΠΜ4690Β1-Η1Ν,2022-08-01,Χ Ρ Η Μ Α Τ Ι Κ Ο  Ε Ν Τ Α Λ Μ Α  Π Λ Η Ρ Ω Μ Η Σ 1249Γ,,,,no sponsor block
Ψ8ΚΤ4690Β1-ΥΙΘ,2022-08-01,Χ Ρ Η Μ Α Τ Ι Κ Ο  Ε Ν Τ Α Λ Μ Α  Π Λ Η Ρ Ω Μ Η Σ 1248Γ,,,,no sponsor block
6Α6Γ4690Β1-ΛΦΞ,2022-08-01,Χ Ρ Η Μ Α Τ Ι Κ Ο  Ε Ν Τ Α Λ Μ Α  Π Λ Η Ρ Ω Μ Η Σ 1247Γ,,,,no sponsor block
6ΜΑ74690Β1-ΩΙΟ,2022-08-01,Χ Ρ Η Μ Α Τ Ι Κ Ο  Ε Ν Τ Α Λ Μ Α  Π Λ Η Ρ Ω Μ Η Σ 1246Γ,,,,no sponsor block
ΨΟΑΘ4690Β1-ΧΒ1,2022-08-01,Χ Ρ Η Μ Α Τ Ι Κ Ο  Ε Ν Τ Α Λ Μ Α  Π Λ Η Ρ Ω Μ Η Σ 1245Γ,,,,no sponsor block
ΨΨΙΡ4690Β1-ΖΞΝ,2022-08-01,Χ Ρ Η Μ Α Τ Ι Κ Ο  Ε Ν Τ Α Λ Μ Α  Π Λ Η Ρ Ω Μ Η Σ 1244Γ,,,,no sponsor block
Ψ3ΥΗ4690Β1-ΕΘ8,2022-08-01,Χ Ρ Η Μ Α Τ Ι Κ Ο  Ε Ν Τ Α Λ Μ Α  Π Λ Η Ρ Ω Μ Η Σ 1243Γ,,,,no sponsor block
ΨΛΔ54690Β1-ΗΥΩ,2022-08-01,Χ Ρ Η Μ Α Τ Ι Κ Ο  Ε Ν Τ Α Λ Μ Α  Π Λ Η Ρ Ω Μ Η Σ 1242Γ,,,,no sponsor block
63174690Β1-ΡΝ3,2022-08-01,Χ Ρ Η Μ Α Τ Ι Κ Ο  Ε Ν Τ Α Λ Μ Α  Π Λ Η Ρ Ω Μ Η Σ 1241Γ,,,,no sponsor block
61ΚΤ4690Β1-ΠΜΙ,2022-08-01,Χ Ρ Η Μ Α Τ Ι Κ Ο  Ε Ν Τ Α Λ Μ Α  Π Λ Η Ρ Ω Μ Η Σ 1240Γ,,,,no sponsor block
681Δ4690Β1-2Σ2,2022-08-01,Χ Ρ Η Μ Α Τ Ι Κ Ο  Ε Ν Τ Α Λ Μ Α  Π Λ Η Ρ Ω Μ Η Σ 1239Γ,,,,no sponsor block
Ω8ΓΩ4690Β1-ΧΝΨ,2022-08-01,Χ Ρ Η Μ Α Τ Ι Κ Ο  Ε Ν Τ Α Λ Μ Α  Π Λ Η Ρ Ω Μ Η Σ 1238Γ,,,,no sponsor block
ΩΑΒΛ4690Β1-945,2022-08-01,Χ Ρ Η Μ Α Τ Ι Κ Ο  Ε Ν Τ Α Λ Μ Α  Π Λ Η Ρ Ω Μ Η Σ 1238Γ,,,,no sponsor block
99Ρ44690Β1-ΙΜΣ,2022-08-01,Χ Ρ Η Μ Α Τ Ι Κ Ο  Ε Ν Τ Α Λ Μ Α  Π Λ Η Ρ Ω Μ Η Σ 1237Γ,,,,no sponsor block
ΨΖΖΩ4690Β1-ΝΨ6,2022-08-01,Χ Ρ Η Μ Α Τ Ι Κ Ο  Ε Ν Τ Α Λ Μ Α  Π Λ Η Ρ Ω Μ Η Σ 1236Γ,,,,no sponsor block
Ψ8744690Β1-ΑΣΟ,2022-08-01,Χ Ρ Η Μ Α Τ Ι Κ Ο  Ε Ν Τ Α Λ Μ Α  Π Λ Η Ρ Ω Μ Η Σ 1235Γ,,,,no sponsor block
Ψ3Γ74690Β1-ΔΩΒ,2022-08-01,Χ Ρ Η Μ Α Τ Ι Κ Ο  Ε Ν Τ Α Λ Μ Α  Π Λ Η Ρ Ω Μ Η Σ 1234Γ,,,,no sponsor block
Ψ6ΧΗ4690Β1-ΞΓΟ,2022-08-01,Χ Ρ Η Μ Α Τ Ι Κ Ο  Ε Ν Τ Α Λ Μ Α  Π Λ Η Ρ Ω Μ Η Σ 1233Γ,,,,no sponsor block
ΨΖΓΚ4690Β1-ΤΗ1,2022-08-01,Χ Ρ Η Μ Α Τ Ι Κ Ο  Ε Ν Τ Α Λ Μ Α  Π Λ Η Ρ Ω Μ Η Σ 1232Γ,,,,no sponsor block
9Ο334690Β1-ΥΛΘ,2022-08-01,Χ Ρ Η Μ Α Τ Ι Κ Ο  Ε Ν Τ Α Λ Μ Α  Π Λ Η Ρ Ω Μ Η Σ 1231Γ,,,,no sponsor block
6Ψ1Α4690Β1-ΛΥΣ,2022-08-01,Χ Ρ Η Μ Α Τ Ι Κ Ο  Ε Ν Τ Α Λ Μ Α  Π Λ Η Ρ Ω Μ Η Σ 1230Γ,,,,no sponsor block
ΩΝΟ24690Β1-ΕΒΥ,2022-08-03,ΧΡΗΜΑΤΙΚΟ ΕΝΤΑΛΜΑ ΠΛΗΡΩΜΗΣ Νο 1246/22Γ,,,,no sponsor block
ΩΥΤ04690Β1-3Λ7,2022-07-20,Χ Ρ Η Μ Α Τ Ι Κ Ο  Ε Ν Τ Α Λ Μ Α  Π Λ Η Ρ Ω Μ Η Σ 1166Γ,,,,no sponsor block
ΨΦ494690Β1-ΛΩΝ,2022-07-20,Χ Ρ Η Μ Α Τ Ι Κ Ο  Ε Ν Τ Α Λ Μ Α  Π Λ Η Ρ Ω Μ Η Σ 1165Γ,,,,no sponsor block
6ΩΥΟ4690Β1-7ΑΞ,2022-07-22,Χ Ρ Η Μ Α Τ Ι Κ Ο  Ε Ν Τ Α Λ Μ Α  Π Λ Η Ρ Ω Μ Η Σ 1171Γ,,,,no sponsor block
9Β2Η4690Β1-ΜΙΞ,2022-07-18,Χ Ρ Η Μ Α Τ Ι Κ Ο  Ε Ν Τ Α Λ Μ Α  Π Λ Η Ρ Ω Μ Η Σ 1162Γ,,,,no sponsor block
ΩΝΒΦ4690Β1-ΦΟ5,2022-07-18,Χ Ρ Η Μ Α Τ Ι Κ Ο  Ε Ν Τ Α Λ Μ Α  Π Λ Η Ρ Ω Μ Η Σ 1161Γ,,,,no sponsor block
6ΠΗΨ4690Β1-ΒΧΝ,2022-07-18,Χ Ρ Η Μ Α Τ Ι Κ Ο  Ε Ν Τ Α Λ Μ Α  Π Λ Η Ρ Ω Μ Η Σ 1160Γ,,,,no sponsor block
ΩΣΟΙ4690Β1-ΗΔ7,2022-07-18,Χ Ρ Η Μ Α Τ Ι Κ Ο  Ε Ν Τ Α Λ Μ Α  Π Λ Η Ρ Ω Μ Η Σ 1159Γ,,,,no sponsor block
6ΖΓΙ4690Β1-ΗΛΣ,2022-07-12,Χ Ρ Η Μ Α Τ Ι Κ Ο  Ε Ν Τ Α Λ Μ Α  Π Λ Η Ρ Ω Μ Η Σ 1123Γ,,,,no sponsor block
6ΣΙΥ4690Β1-ΖΦ1,2022-07-12,Χ Ρ Η Μ Α Τ Ι Κ Ο  Ε Ν Τ Α Λ Μ Α  Π Λ Η Ρ Ω Μ Η Σ 1121Γ,,,,no sponsor block
ΨΡΟΨ4690Β1-ΒΚΜ,2022-07-12,Χ Ρ Η Μ Α Τ Ι Κ Ο  Ε Ν Τ Α Λ Μ Α  Π Λ Η Ρ Ω Μ Η Σ 1120Γ,,,,no sponsor block
Ω30Δ4690Β1-ΒΗΗ,2022-07-12,Χ Ρ Η Μ Α Τ Ι Κ Ο  Ε Ν Τ Α Λ Μ Α  Π Λ Η Ρ Ω Μ Η Σ 1119Γ,,,,no sponsor block
Ψ05Ω4690Β1-ΟΣ3,2022-07-12,Χ Ρ Η Μ Α Τ Ι Κ Ο  Ε Ν Τ Α Λ Μ Α  Π Λ Η Ρ Ω Μ Η Σ 1118Γ,,,,no sponsor block
61ΨΩ4690Β1-ΚΩΑ,2022-07-12,Χ Ρ Η Μ Α Τ Ι Κ Ο  Ε Ν Τ Α Λ Μ Α  Π Λ Η Ρ Ω Μ Η Σ 1117Γ,,,,no sponsor block
ΨΖΓ54690Β1-1ΗΛ,2022-07-12,Χ Ρ Η Μ Α Τ Ι Κ Ο  Ε Ν Τ Α Λ Μ Α  Π Λ Η Ρ Ω Μ Η Σ 1116Γ,,,,no sponsor block
ΨΣΑ54690Β1-0Α5,2022-07-12,Χ Ρ Η Μ Α Τ Ι Κ Ο  Ε Ν Τ Α Λ Μ Α  Π Λ Η Ρ Ω Μ Η Σ 1115Γ,,,,no sponsor block
ΨΨΜΘ4690Β1-ΜΛΟ,2022-07-12,Χ Ρ Η Μ Α Τ Ι Κ Ο  Ε Ν Τ Α Λ Μ Α  Π Λ Η Ρ Ω Μ Η Σ 1114Γ,,,,no sponsor block
6ΗΝΜ4690Β1-ΝΒ5,2022-07-12,Χ Ρ Η Μ Α Τ Ι Κ Ο  Ε Ν Τ Α Λ Μ Α  Π Λ Η Ρ Ω Μ Η Σ 1113Γ,,,,no sponsor block
Ψ7ΔΘ4690Β1-ΗΤΧ,2022-07-12,Χ Ρ Η Μ Α Τ Ι Κ Ο  Ε Ν Τ Α Λ Μ Α  Π Λ Η Ρ Ω Μ Η Σ 1112Γ,,,,no sponsor block
6ΓΖ04690Β1-ΩΟΡ,2022-07-12,Χ Ρ Η Μ Α Τ Ι Κ Ο  Ε Ν Τ Α Λ Μ Α  Π Λ Η Ρ Ω Μ Η Σ 1111Γ,,,,no sponsor block
Ψ6Ε94690Β1-2ΧΔ,2022-07-19,Χ Ρ Η Μ Α Τ Ι Κ Ο  Ε Ν Τ Α Λ Μ Α  Π Λ Η Ρ Ω Μ Η Σ 1164Γ,,,,no sponsor block
ΨΗΘΨ4690Β1-2Ρ9,2022-07-19,ΧΡΗΜΑΤΙΚΟ ΕΝΤΑΛΜΑ ΠΛΗΡΩΜΗΣ Νο 1163/22Γ,,,,no sponsor block
9Η254690Β1-ΖΨ5,2022-07-19,ΧΡΗΜΑΤΙΚΟ ΕΝΤΑΛΜΑ ΠΛΗΡΩΜΗΣ Νο 1122/22 Γ,,,,no sponsor block
61ΤΙ4690Β1-5ΧΔ,2022-07-04,Χ Ρ Η Μ Α Τ Ι Κ Ο  Ε Ν Τ Α Λ Μ Α  Π Λ Η Ρ Ω Μ Η Σ 1091Γ,,,,no sponsor block
6ΓΠΛ4690Β1-Η6Ι,2022-06-30,Χ Ρ Η Μ Α Τ Ι Κ Ο  Ε Ν Τ Α Λ Μ Α  Π Λ Η Ρ Ω Μ Η Σ 1086Γ,,,,no sponsor block
6Ζ244690Β1-Λ46,2022-06-30,Χ Ρ Η Μ Α Τ Ι Κ Ο  Ε Ν Τ Α Λ Μ Α  Π Λ Η Ρ Ω Μ Η Σ 1085Γ,,,,no sponsor block
6ΞΚ74690Β1-Υ1Χ,2022-06-30,Χ Ρ Η Μ Α Τ Ι Κ Ο  Ε Ν Τ Α Λ Μ Α  Π Λ Η Ρ Ω Μ Η Σ 1084Γ,,,,no sponsor block
ΨΧ7Δ4690Β1-ΘΝΤ,2022-06-30,Χ Ρ Η Μ Α Τ Ι Κ Ο  Ε Ν Τ Α Λ Μ Α  Π Λ Η Ρ Ω Μ Η Σ 1083Γ,,,,no sponsor block
ΨΡΧ24690Β1-ΤΧ5,2022-06-30,Χ Ρ Η Μ Α Τ Ι Κ Ο  Ε Ν Τ Α Λ Μ Α  Π Λ Η Ρ Ω Μ Η Σ 1082Γ,,,,no sponsor block
6Θ314690Β1-ΨΗΜ,2022-06-30,Χ Ρ Η Μ Α Τ Ι Κ Ο  Ε Ν Τ Α Λ Μ Α  Π Λ Η Ρ Ω Μ Η Σ 1081Γ,,,,no sponsor block
ΩΧΨΛ4690Β1-0ΒΚ,2022-06-30,Χ Ρ Η Μ Α Τ Ι Κ Ο  Ε Ν Τ Α Λ Μ Α  Π Λ Η Ρ Ω Μ Η Σ 1080Γ,,,,no sponsor block
6ΤΚΓ4690Β1-1Γ4,2022-06-30,Χ Ρ Η Μ Α Τ Ι Κ Ο  Ε Ν Τ Α Λ Μ Α  Π Λ Η Ρ Ω Μ Η Σ 1079Γ,,,,no sponsor block
ΨΥΤ24690Β1-Ρ5Ο,2022-06-30,Χ Ρ Η Μ Α Τ Ι Κ Ο  Ε Ν Τ Α Λ Μ Α  Π Λ Η Ρ Ω Μ Η Σ 1078Γ,,,,no sponsor block
9Π7Τ4690Β1-ΥΚ6,2022-06-28,Χ Ρ Η Μ Α Τ Ι Κ Ο  Ε Ν Τ Α Λ Μ Α  Π Λ Η Ρ Ω Μ Η Σ 1076Γ,,,,no sponsor block
68ΣΕ4690Β1-ΕΒΒ,2022-06-24,Χ Ρ Η Μ Α Τ Ι Κ Ο  Ε Ν Τ Α Λ Μ Α  Π Λ Η Ρ Ω Μ Η Σ 1057Γ,,,,no sponsor block
6Δ3Α4690Β1-ΨΥΞ,2022-06-16,Χ Ρ Η Μ Α Τ Ι Κ Ο  Ε Ν Τ Α Λ Μ Α  Π Λ Η Ρ Ω Μ Η Σ 1008Γ,,,,no sponsor block
ΨΨ0Σ4690Β1-Φ2Β,2022-06-16,Χ Ρ Η Μ Α Τ Ι Κ Ο  Ε Ν Τ Α Λ Μ Α  Π Λ Η Ρ Ω Μ Η Σ 1007Γ,,,,no sponsor block
6ΛΤΝ4690Β1-Τ61,2022-06-22,Χ Ρ Η Μ Α Τ Ι Κ Ο  Ε Ν Τ Α Λ Μ Α  Π Λ Η Ρ Ω Μ Η Σ 1048Γ,,,,no sponsor block
Ψ0ΝΝ4690Β1-ΝΗΛ,2022-06-20,Χ Ρ Η Μ Α Τ Ι Κ Ο  Ε Ν Τ Α Λ Μ Α  Π Λ Η Ρ Ω Μ Η Σ 1036Γ,,,,no sponsor block
ΨΤ604690Β1-ΑΩΦ,2022-06-20,Χ Ρ Η Μ Α Τ Ι Κ Ο  Ε Ν Τ Α Λ Μ Α  Π Λ Η Ρ Ω Μ Η Σ 1035Γ,,,,no sponsor block
Ψ72Λ4690Β1-0ΜΖ,2022-06-20,Χ Ρ Η Μ Α Τ Ι Κ Ο  Ε Ν Τ Α Λ Μ Α  Π Λ Η Ρ Ω Μ Η Σ 1034Γ,,,,no sponsor block
ΨΜ844690Β1-ΗΦΩ,2022-06-20,Χ Ρ Η Μ Α Τ Ι Κ Ο  Ε Ν Τ Α Λ Μ Α  Π Λ Η Ρ Ω Μ Η Σ 1033Γ,,,,no sponsor block
ΨΕΗΟ4690Β1-ΡΚΓ,2022-06-20,Χ Ρ Η Μ Α Τ Ι Κ Ο  Ε Ν Τ Α Λ Μ Α  Π Λ Η Ρ Ω Μ Η Σ 1032Γ,,,,no sponsor block
677Η4690Β1-253,2022-06-20,Χ Ρ Η Μ Α Τ Ι Κ Ο  Ε Ν Τ Α Λ Μ Α  Π Λ Η Ρ Ω Μ Η Σ 1031Γ,,,,no sponsor block
ΨΘΥ84690Β1-44Φ,2022-06-20,Χ Ρ Η Μ Α Τ Ι Κ Ο  Ε Ν Τ Α Λ Μ Α  Π Λ Η Ρ Ω Μ Η Σ 1030Γ,,,,no sponsor block
Ψ1ΕΠ4690Β1-0ΕΑ,2022-06-24,Χ Ρ Η Μ Α Τ Ι Κ Ο  Ε Ν Τ Α Λ Μ Α  Π Λ Η Ρ Ω Μ Η Σ 1029Γ,,,,no sponsor block
Ψ8ΒΑ4690Β1-ΧΟΖ,2022-06-20,Χ Ρ Η Μ Α Τ Ι Κ Ο  Ε Ν Τ Α Λ Μ Α  Π Λ Η Ρ Ω Μ Η Σ 1028Γ,,,,no sponsor block
6Χ8Α4690Β1-ΩΑΗ,2022-06-20,Χ Ρ Η Μ Α Τ Ι Κ Ο  Ε Ν Τ Α Λ Μ Α  Π Λ Η Ρ Ω Μ Η Σ 1027Γ,,,,no sponsor block
9ΛΣΞ4690Β1-Ξ5Θ,2022-06-20,Χ Ρ Η Μ Α Τ Ι Κ Ο  Ε Ν Τ Α Λ Μ Α  Π Λ Η Ρ Ω Μ Η Σ 1026Γ,,,,no sponsor block
Ω8ΞΥ4690Β1-ΘΩ4,2022-06-20,Χ Ρ Η Μ Α Τ Ι Κ Ο  Ε Ν Τ Α Λ Μ Α  Π Λ Η Ρ Ω Μ Η Σ 1025Γ,,,,no sponsor block
ΨΒ0Ψ4690Β1-Α2Σ,2022-06-20,Χ Ρ Η Μ Α Τ Ι Κ Ο  Ε Ν Τ Α Λ Μ Α  Π Λ Η Ρ Ω Μ Η Σ 1024Γ,,,,no sponsor block
6ΥΛΕ4690Β1-3ΜΔ,2022-06-20,Χ Ρ Η Μ Α Τ Ι Κ Ο  Ε Ν Τ Α Λ Μ Α  Π Λ Η Ρ Ω Μ Η Σ 1023Γ,,,,no sponsor block
ΩΤ1Ε4690Β1-15Κ,2022-06-20,Χ Ρ Η Μ Α Τ Ι Κ Ο  Ε Ν Τ Α Λ Μ Α  Π Λ Η Ρ Ω Μ Η Σ 1022Γ,,,,no sponsor block
61ΕΒ4690Β1-ΨΧΤ,2022-06-20,Χ Ρ Η Μ Α Τ Ι Κ Ο  Ε Ν Τ Α Λ Μ Α  Π Λ Η Ρ Ω Μ Η Σ 1021Γ,,,,no sponsor block
90Ε04690Β1-Η7Φ,2022-06-22,ΧΡΗΜΑΤΙΚΟ ΕΝΤΑΛΜΑ ΠΛΗΡΩΜΗΣ Νο 1032/22 Γ,,,,no sponsor block
ΨΗΒΙ4690Β1-035,2022-06-16,Χ Ρ Η Μ Α Τ Ι Κ Ο  Ε Ν Τ Α Λ Μ Α  Π Λ Η Ρ Ω Μ Η Σ 1013Γ,,,,no sponsor block
ΨΟΡ54690Β1-ΨΑΘ,2022-06-16,Χ Ρ Η Μ Α Τ Ι Κ Ο  Ε Ν Τ Α Λ Μ Α  Π Λ Η Ρ Ω Μ Η Σ 1012Γ,,,,no sponsor block
ΨΠΖΒ4690Β1-2ΡΤ,2022-06-16,Χ Ρ Η Μ Α Τ Ι Κ Ο  Ε Ν Τ Α Λ Μ Α  Π Λ Η Ρ Ω Μ Η Σ 1010Γ,,,,no sponsor block
ΨΕΡΖ4690Β1-ΝΗ2,2022-06-16,Χ Ρ Η Μ Α Τ Ι Κ Ο  Ε Ν Τ Α Λ Μ Α  Π Λ Η Ρ Ω Μ Η Σ 1009Γ,,,,no sponsor block
9ΨΤ34690Β1-ΝΦΙ,2022-06-17,Χ Ρ Η Μ Α Τ Ι Κ Ο  Ε Ν Τ Α Λ Μ Α  Π Λ Η Ρ Ω Μ Η Σ 1019Γ,,,,no sponsor block
651Υ4690Β1-ΣΕΖ,2022-06-16,Χ Ρ Η Μ Α Τ Ι Κ Ο  Ε Ν Τ Α Λ Μ Α  Π Λ Η Ρ Ω Μ Η Σ 1011Γ,,,,no sponsor block
ΩΤΟΗ4690Β1-ΠΜΞ,2022-06-16,ΧΡΗΜΑΤΙΚΟ ΕΝΤΑΛΜΑ ΠΛΗΡΩΜΗΣ Νο 1011/22 Γ,,,,no sponsor block
ΩΜΡΙ4690Β1-ΠΛΟ,2022-06-02,Χ Ρ Η Μ Α Τ Ι Κ Ο  Ε Ν Τ Α Λ Μ Α  Π Λ Η Ρ Ω Μ Η Σ 937Γ,,,,no sponsor block
6ΧΥΣ4690Β1-Ξ65,2022-06-02,Χ Ρ Η Μ Α Τ Ι Κ Ο  Ε Ν Τ Α Λ Μ Α  Π Λ Η Ρ Ω Μ Η Σ 935Γ,,,,no sponsor block
6ΙΧΛ4690Β1-Ε5Τ,2022-06-02,Χ Ρ Η Μ Α Τ Ι Κ Ο  Ε Ν Τ Α Λ Μ Α  Π Λ Η Ρ Ω Μ Η Σ 936Γ,,,,no sponsor block
92ΣΦ4690Β1-Κ2Δ,2022-06-02,Χ Ρ Η Μ Α Τ Ι Κ Ο  Ε Ν Τ Α Λ Μ Α  Π Λ Η Ρ Ω Μ Η Σ 934Γ,,,,no sponsor block
6ΟΘΤ4690Β1-Ζ5Ζ,2022-06-02,Χ Ρ Η Μ Α Τ Ι Κ Ο  Ε Ν Τ Α Λ Μ Α  Π Λ Η Ρ Ω Μ Η Σ 933Γ,,,,no sponsor block
65Η54690Β1-Ε9Δ,2022-06-02,Χ Ρ Η Μ Α Τ Ι Κ Ο  Ε Ν Τ Α Λ Μ Α  Π Λ Η Ρ Ω Μ Η Σ 932Γ,,,,no sponsor block
ΨΜΜΑ4690Β1-ΦΦΖ,2022-06-02,Χ Ρ Η Μ Α Τ Ι Κ Ο  Ε Ν Τ Α Λ Μ Α  Π Λ Η Ρ Ω Μ Η Σ 931Γ,,,,no sponsor block
6ΧΞ44690Β1-ΙΔΝ,2022-06-02,Χ Ρ Η Μ Α Τ Ι Κ Ο  Ε Ν Τ Α Λ Μ Α  Π Λ Η Ρ Ω Μ Η Σ 930Γ,,,,no sponsor block
9ΔΥΓ4690Β1-Ψ78,2022-06-02,Χ Ρ Η Μ Α Τ Ι Κ Ο  Ε Ν Τ Α Λ Μ Α  Π Λ Η Ρ Ω Μ Η Σ 929Γ,,,,no sponsor block
ΩΖΗΥ4690Β1-0ΙΩ,2022-06-01,Χ Ρ Η Μ Α Τ Ι Κ Ο  Ε Ν Τ Α Λ Μ Α  Π Λ Η Ρ Ω Μ Η Σ 928Γ,,,,no sponsor block
60ΜΗ4690Β1-41Φ,2022-06-01,Χ Ρ Η Μ Α Τ Ι Κ Ο  Ε Ν Τ Α Λ Μ Α  Π Λ Η Ρ Ω Μ Η Σ 927Γ,,,,no sponsor block
93ΠΞ4690Β1-ΨΜΜ,2022-06-01,Χ Ρ Η Μ Α Τ Ι Κ Ο  Ε Ν Τ Α Λ Μ Α  Π Λ Η Ρ Ω Μ Η Σ 926Γ,,,,no sponsor block
64624690Β1-8ΒΓ,2022-06-01,Χ Ρ Η Μ Α Τ Ι Κ Ο  Ε Ν Τ Α Λ Μ Α  Π Λ Η Ρ Ω Μ Η Σ 925Γ,,,,no sponsor block
Ψ71Η4690Β1-Υ62,2022-06-01,Χ Ρ Η Μ Α Τ Ι Κ Ο  Ε Ν Τ Α Λ Μ Α  Π Λ Η Ρ Ω Μ Η Σ 924Γ,,,,no sponsor block
9ΔΡΩ4690Β1-2ΡΦ,2022-06-01,Χ Ρ Η Μ Α Τ Ι Κ Ο  Ε Ν Τ Α Λ Μ Α  Π Λ Η Ρ Ω Μ Η Σ 923Γ,,,,no sponsor block
ΨΛ404690Β1-ΑΙΥ,2023-02-14,ΧΡΗΜΑΤΙΚΟ ΕΝΤΑΛΜΑ ΠΛΗΡΩΜΗΣ 90,094035927,ΒΙΟΣΕΡ ΑΕ ΒΙΟΜΗΧΑΝΙΑ ΠΑΡΕΝΤΕΡΙΚΩΝ ΔΙΑΛΥΜΑΤΩΝ,-339.26,negative amount
60Δ44690Β1-Σ4Ι,2023-01-03,ΧΡΗΜΑΤΙΚΟ ΕΝΤΑΛΜΑ ΠΛΗΡΩΜΗΣ Νο 2288/22 Γ,,,,no sponsor block
6ΔΘΦ4690Β1-307,2022-12-27,ΧΡΗΜΑΤΙΚΟ ΕΝΤΑΛΜΑ ΠΛΗΡΩΜΗΣ 2287/22Γ,,,,no sponsor block
Ω2ΞΡ4690Β1-ΟΔΗ,2022-12-19,Χ Ρ Η Μ Α Τ Ι Κ Ο Ε Ν Τ Α Λ Μ Α Π Λ Η Ρ Ω Μ Η Σ 2286Γ,,,,no sponsor block
9ΟΔ84690Β1-8ΔΧ,2022-12-19,Χ Ρ Η Μ Α Τ Ι Κ Ο  Ε Ν Τ Α Λ Μ Α  Π Λ Η Ρ Ω Μ Η Σ 2285Γ,,,,no sponsor block
ΩΑΝΙ4690Β1-ΞΜΨ,2022-12-19,Χ Ρ Η Μ Α Τ Ι Κ Ο  Ε Ν Τ Α Λ Μ Α  Π Λ Η Ρ Ω Μ Η Σ 2282Γ,,,,no sponsor block
ΨΡ4Β4690Β1-5Λ9,2022-12-19,Χ Ρ Η Μ Α Τ Ι Κ Ο  Ε Ν Τ Α Λ Μ Α  Π Λ Η Ρ Ω Μ Η Σ 2283Γ,,,,no sponsor block
67ΚΟ4690Β1-ΙΛΩ,2022-12-19,Χ Ρ Η Μ Α Τ Ι Κ Ο  Ε Ν Τ Α Λ Μ Α  Π Λ Η Ρ Ω Μ Η Σ 2284Γ,,,,no sponsor block
ΨΘΟ24690Β1-ΕΡΤ,2022-12-16,Χ Ρ Η Μ Α Τ Ι Κ Ο  Ε Ν Τ Α Λ Μ Α  Π Λ Η Ρ Ω Μ Η Σ 2280Γ,,,,no sponsor block
670Ξ4690Β1-5Ρ3,2022-12-16,Χ Ρ Η Μ Α Τ Ι Κ Ο  Ε Ν Τ Α Λ Μ Α  Π Λ Η Ρ Ω Μ Η Σ 2281Γ,,,,no sponsor block
ΨΧΒΜ4690Β1-Υ08,2022-12-15,Χ Ρ Η Μ Α Τ Ι Κ Ο  Ε Ν Τ Α Λ Μ Α  Π Λ Η Ρ Ω Μ Η Σ 2279Γ,,,,no sponsor block
ΨΓΠΒ4690Β1-ΩΧΤ,2022-12-15,Χ Ρ Η Μ Α Τ Ι Κ Ο  Ε Ν Τ Α Λ Μ Α  Π Λ Η Ρ Ω Μ Η Σ 2278Γ,,,,no sponsor block
ΩΣΔΦ4690Β1-Κ25,2022-12-15,Χ Ρ Η Μ Α Τ Ι Κ Ο  Ε Ν Τ Α Λ Μ Α  Π Λ Η Ρ Ω Μ Η Σ 2277Γ,,,,no sponsor block
Ω2Κ84690Β1-ΤΕ2,2022-12-15,Χ Ρ Η Μ Α Τ Ι Κ Ο  Ε Ν Τ Α Λ Μ Α  Π Λ Η Ρ Ω Μ Η Σ 2276Γ,,,,no sponsor block
6ΜΧ44690Β1-ΡΗΡ,2022-12-15,Χ Ρ Η Μ Α Τ Ι Κ Ο  Ε Ν Τ Α Λ Μ Α  Π Λ Η Ρ Ω Μ Η Σ 2275Γ,,,,no sponsor block
ΨΨ284690Β1-ΓΓΜ,2022-12-15,Χ Ρ Η Μ Α Τ Ι Κ Ο  Ε Ν Τ Α Λ Μ Α  Π Λ Η Ρ Ω Μ Η Σ 2274Γ,,,,no sponsor block
6Φ574690Β1-Β21,2022-12-14,Χ Ρ Η Μ Α Τ Ι Κ Ο  Ε Ν Τ Α Λ Μ Α  Π Λ Η Ρ Ω Μ Η Σ 2273Γ,,,,no sponsor block
Ψ4ΙΡ4690Β1-ΖΜ6,2022-12-14,Χ Ρ Η Μ Α Τ Ι Κ Ο  Ε Ν Τ Α Λ Μ Α  Π Λ Η Ρ Ω Μ Η Σ 2272Γ,,,,no sponsor block
Ω80Ω4690Β1-43Σ,2022-12-14,Χ Ρ Η Μ Α Τ Ι Κ Ο  Ε Ν Τ Α Λ Μ Α  Π Λ Η Ρ Ω Μ Η Σ 2271Γ,,,,no sponsor block
Ψ86Θ4690Β1-ΩΛΑ,2022-12-14,Χ Ρ Η Μ Α Τ Ι Κ Ο  Ε Ν Τ Α Λ Μ Α  Π Λ Η Ρ Ω Μ Η Σ 2270Γ,,,,no sponsor block
6ΤΒΓ4690Β1-Θ0Ψ,2022-12-14,Χ Ρ Η Μ Α Τ Ι Κ Ο  Ε Ν Τ Α Λ Μ Α  Π Λ Η Ρ Ω Μ Η Σ 2269Γ,,,,no sponsor block
ΨΕΑΘ4690Β1-ΥΟ7,2022-12-14,Χ Ρ Η Μ Α Τ Ι Κ Ο  Ε Ν Τ Α Λ Μ Α  Π Λ Η Ρ Ω Μ Η Σ 2268Γ,,,,no sponsor block
ΨΠΙ74690Β1-7ΣΗ,2022-12-13,Χ Ρ Η Μ Α Τ Ι Κ Ο  Ε Ν Τ Α Λ Μ Α  Π Λ Η Ρ Ω Μ Η Σ 2264Γ,,,,no sponsor block
67ΥΨ4690Β1-ΖΘ4,2022-12-13,Χ Ρ Η Μ Α Τ Ι Κ Ο  Ε Ν Τ Α Λ Μ Α  Π Λ Η Ρ Ω Μ Η Σ 2263Γ,,,,no sponsor block
ΩΤΚΗ4690Β1-ΦΣΒ,2022-12-13,Χ Ρ Η Μ Α Τ Ι Κ Ο  Ε Ν Τ Α Λ Μ Α  Π Λ Η Ρ Ω Μ Η Σ 2262Γ,,,,no sponsor block
ΨΓΖΙ4690Β1-ΤΟ5,2022-12-13,Χ Ρ Η Μ Α Τ Ι Κ Ο  Ε Ν Τ Α Λ Μ Α  Π Λ Η Ρ Ω Μ Η Σ 2261Γ,,,,no sponsor block
6ΙΛΗ4690Β1-ΗΘ0,2022-12-13,Χ Ρ Η Μ Α Τ Ι Κ Ο  Ε Ν Τ Α Λ Μ Α  Π Λ Η Ρ Ω Μ Η Σ 2260Γ,,,,no sponsor block
9ΒΑΦ4690Β1-ΘΜΤ,2022-12-13,Χ Ρ Η Μ Α Τ Ι Κ Ο  Ε Ν Τ Α Λ Μ Α  Π Λ Η Ρ Ω Μ Η Σ 2258Γ,,,,no sponsor block
Ω53Ν4690Β1-ΦΕΙ,2022-12-12,Χ Ρ Η Μ Α Τ Ι Κ Ο  Ε Ν Τ Α Λ Μ Α  Π Λ Η Ρ Ω Μ Η Σ 2256Γ,,,,no sponsor block
6Ι704690Β1-ΤΒΕ,2022-12-12,Χ Ρ Η Μ Α Τ Ι Κ Ο  Ε Ν Τ Α Λ Μ Α  Π Λ Η Ρ Ω Μ Η Σ 2255Γ,,,,no sponsor block
6ΛΗ54690Β1-ΕΦΖ,2022-12-12,Χ Ρ Η Μ Α Τ Ι Κ Ο  Ε Ν Τ Α Λ Μ Α  Π Λ Η Ρ Ω Μ Η Σ 2254Γ,,,,no sponsor block
ΨΔΞΤ4690Β1-ΑΝΓ,2022-12-12,Χ Ρ Η Μ Α Τ Ι Κ Ο  Ε Ν Τ Α Λ Μ Α  Π Λ Η Ρ Ω Μ Η Σ 2253Γ,,,,no sponsor block
ΨΚΩΗ4690Β1-ΛΤΣ,2022-12-12,Χ Ρ Η Μ Α Τ Ι Κ Ο  Ε Ν Τ Α Λ Μ Α  Π Λ Η Ρ Ω Μ Η Σ 2252Γ,,,,no sponsor block
6Ψ2Ε4690Β1-2Γ2,2022-12-12,Χ Ρ Η Μ Α Τ Ι Κ Ο  Ε Ν Τ Α Λ Μ Α  Π Λ Η Ρ Ω Μ Η Σ 2251Γ,,,,no sponsor block
Ω8884690Β1-ΞΞ9,2022-12-12,Χ Ρ Η Μ Α Τ Ι Κ Ο  Ε Ν Τ Α Λ Μ Α  Π Λ Η Ρ Ω Μ Η Σ 2249Γ,,,,no sponsor block
ΨΒ5Γ4690Β1-ΖΜ6,2022-12-12,Χ Ρ Η Μ Α Τ Ι Κ Ο  Ε Ν Τ Α Λ Μ Α  Π Λ Η Ρ Ω Μ Η Σ 2248Γ,,,,no sponsor block
61ΟΣ4690Β1-ΠΙΔ,2022-12-12,Χ Ρ Η Μ Α Τ Ι Κ Ο  Ε Ν Τ Α Λ Μ Α  Π Λ Η Ρ Ω Μ Η Σ 2247Γ,,,,no sponsor block
6Λ0Λ4690Β1-26Τ,2022-12-12,Χ Ρ Η Μ Α Τ Ι Κ Ο  Ε Ν Τ Α Λ Μ Α  Π Λ Η Ρ Ω Μ Η Σ 2246Γ,,,,no sponsor block
6ΚΚΤ4690Β1-ΗΟ7,2022-12-12,Χ Ρ Η Μ Α Τ Ι Κ Ο  Ε Ν Τ Α Λ Μ Α  Π Λ Η Ρ Ω Μ Η Σ 2245Γ,,,,no sponsor block
6ΞΞ64690Β1-Ξ25,2022-12-12,Χ Ρ Η Μ Α Τ Ι Κ Ο  Ε Ν Τ Α Λ Μ Α  Π Λ Η Ρ Ω Μ Η Σ 2244Γ,,,,no sponsor block
ΨΕΖΠ4690Β1-2ΔΩ,2022-12-12,Χ Ρ Η Μ Α Τ Ι Κ Ο  Ε Ν Τ Α Λ Μ Α  Π Λ Η Ρ Ω Μ Η Σ 2243Γ,,,,no sponsor block
ΩΧΡ04690Β1-ΣΦ1,2022-12-12,Χ Ρ Η Μ Α Τ Ι Κ Ο  Ε Ν Τ Α Λ Μ Α  Π Λ Η Ρ Ω Μ Η Σ 2242Γ,,,,no sponsor block
6ΖΩ14690Β1-30Τ,2022-12-20,Χ Ρ Η Μ Α Τ Ι Κ Ο  Ε Ν Τ Α Λ Μ Α  Π Λ Η Ρ Ω Μ Η Σ 2241Γ,,,,no sponsor block
688Σ4690Β1-ΝΚΟ,2022-12-12,Χ Ρ Η Μ Α Τ Ι Κ Ο  Ε Ν Τ Α Λ Μ Α  Π Λ Η Ρ Ω Μ Η Σ 2240Γ,,,,no sponsor block
ΨΗΠΛ4690Β1-9ΕΗ,2022-12-12,Χ Ρ Η Μ Α Τ Ι Κ Ο  Ε Ν Τ Α Λ Μ Α  Π Λ Η Ρ Ω Μ Η Σ 2239Γ,,,,no sponsor block
ΨΩΚΑ4690Β1-29Κ,2022-12-12,Χ Ρ Η Μ Α Τ Ι Κ Ο  Ε Ν Τ Α Λ Μ Α  Π Λ Η Ρ Ω Μ Η Σ 2238Γ,,,,no sponsor block
ΨΨ4Ω4690Β1-ΗΤΗ,2022-12-12,Χ Ρ Η Μ Α Τ Ι Κ Ο  Ε Ν Τ Α Λ Μ Α  Π Λ Η Ρ Ω Μ Η Σ 2237Γ,,,,no sponsor block
6ΔΣΗ4690Β1-ΨΦ8,2022-12-12,Χ Ρ Η Μ Α Τ Ι Κ Ο  Ε Ν Τ Α Λ Μ Α  Π Λ Η Ρ Ω Μ Η Σ 2236Γ,,,,no sponsor block
6Ψ5Ι4690Β1-ΔΧ1,2022-12-13,Χ Ρ Η Μ Α Τ Ι Κ Ο  Ε Ν Τ Α Λ Μ Α  Π Λ Η Ρ Ω Μ Η Σ 2267Γ,,,,no sponsor block
9Σ0Π4690Β1-9ΤΝ,2022-12-13,Χ Ρ Η Μ Α Τ Ι Κ Ο  Ε Ν Τ Α Λ Μ Α  Π Λ Η Ρ Ω Μ Η Σ 2266Γ,,,,no sponsor block
6ΛΙΒ4690Β1-7ΝΕ,2022-12-12,Χ Ρ Η Μ Α Τ Ι Κ Ο  Ε Ν Τ Α Λ Μ Α  Π Λ Η Ρ Ω Μ Η Σ 2257Γ,,,,no sponsor block
ΨΣΗ74690Β1-ΥΥΙ,2022-12-12,Χ Ρ Η Μ Α Τ Ι Κ Ο  Ε Ν Τ Α Λ Μ Α  Π Λ Η Ρ Ω Μ Η Σ 2250Γ,,,,no sponsor block
67ΞΜ4690Β1-1ΚΩ,2022-12-05,Χ Ρ Η Μ Α Τ Ι Κ Ο  Ε Ν Τ Α Λ Μ Α  Π Λ Η Ρ Ω Μ Η Σ 2214Γ,,,,no sponsor block
67ΕΑ4690Β1-Ω07,2022-12-07,Χ Ρ Η Μ Α Τ Ι Κ Ο  Ε Ν Τ Α Λ Μ Α  Π Λ Η Ρ Ω Μ Η Σ 2224Γ,,,,no sponsor block
ΨΩΛΚ4690Β1-4ΕΧ,2022-12-05,Χ Ρ Η Μ Α Τ Ι Κ Ο  Ε Ν Τ Α Λ Μ Α  Π Λ Η Ρ Ω Μ Η Σ 2223Γ,,,,no sponsor block
ΨΖΩ64690Β1-ΩΔΧ,2022-12-05,Χ Ρ Η Μ Α Τ Ι Κ Ο  Ε Ν Τ Α Λ Μ Α  Π Λ Η Ρ Ω Μ Η Σ 2222Γ,,,,no sponsor block
9Ε794690Β1-ΝΗ7,2022-12-05,Χ Ρ Η Μ Α Τ Ι Κ Ο  Ε Ν Τ Α Λ Μ Α  Π Λ Η Ρ Ω Μ Η Σ 2221Γ,,,,no sponsor block
ΩΤΥΖ4690Β1-ΝΣΠ,2022-12-05,Χ Ρ Η Μ Α Τ Ι Κ Ο  Ε Ν Τ Α Λ Μ Α  Π Λ Η Ρ Ω Μ Η Σ 2220Γ,,,,no sponsor block
652Α4690Β1-59Ρ,2022-12-05,Χ Ρ Η Μ Α Τ Ι Κ Ο  Ε Ν Τ Α Λ Μ Α  Π Λ Η Ρ Ω Μ Η Σ 2219Γ,,,,no sponsor block
99584690Β1-4ΒΜ,2022-12-05,Χ Ρ Η Μ Α Τ Ι Κ Ο  Ε Ν Τ Α Λ Μ Α  Π Λ Η Ρ Ω Μ Η Σ 2218Γ,,,,no sponsor block
Ψ2Ψ84690Β1-ΔΝ5,2022-12-05,Χ Ρ Η Μ Α Τ Ι Κ Ο  Ε Ν Τ Α Λ Μ Α  Π Λ Η Ρ Ω Μ Η Σ 2217Γ,,,,no sponsor block
ΨΔΟΥ4690Β1-ΓΧΡ,2022-12-05,Χ Ρ Η Μ Α Τ Ι Κ Ο  Ε Ν Τ Α Λ Μ Α  Π Λ Η Ρ Ω Μ Η Σ 2216Γ,,,,no sponsor block
6Θ6Τ4690Β1-ΞΞΘ,2022-12-05,Χ Ρ Η Μ Α Τ Ι Κ Ο  Ε Ν Τ Α Λ Μ Α  Π Λ Η Ρ Ω Μ Η Σ 2215Γ,,,,no sponsor block
Ψ4ΡΗ4690Β1-ΛΑΠ,2022-12-05,Χ Ρ Η Μ Α Τ Ι Κ Ο  Ε Ν Τ Α Λ Μ Α  Π Λ Η Ρ Ω Μ Η Σ 2189Γ,,,,no sponsor block
Ψ3ΞΟ4690Β1-71Θ,2022-12-05,Χ Ρ Η Μ Α Τ Ι Κ Ο  Ε Ν Τ Α Λ Μ Α  Π Λ Η Ρ Ω Μ Η Σ 2188Γ,,,,no sponsor block
ΨΩΥ34690Β1-5Ε9,2022-12-05,Χ Ρ Η Μ Α Τ Ι Κ Ο  Ε Ν Τ Α Λ Μ Α  Π Λ Η Ρ Ω Μ Η Σ 2187Γ,,,,no sponsor block
6ΙΙ14690Β1-ΔΨΧ,2022-12-05,Χ Ρ Η Μ Α Τ Ι Κ Ο  Ε Ν Τ Α Λ Μ Α  Π Λ Η Ρ Ω Μ Η Σ 2186Γ,,,,no sponsor block
Ω3ΩΡ4690Β1-ΤΞΣ,2022-12-05,Χ Ρ Η Μ Α Τ Ι Κ Ο  Ε Ν Τ Α Λ Μ Α  Π Λ Η Ρ Ω Μ Η Σ 2185Γ,,,,no sponsor block
ΩΥ3Ε4690Β1-1ΥΗ,2022-11-22,Χ Ρ Η Μ Α Τ Ι Κ Ο  Ε Ν Τ Α Λ Μ Α  Π Λ Η Ρ Ω Μ Η Σ 1960Γ,,,,no sponsor block
ΩΔΝΓ4690Β1-714,2022-11-16,Χ Ρ Η Μ Α Τ Ι Κ Ο  Ε Ν Τ Α Λ Μ Α  Π Λ Η Ρ Ω Μ Η Σ 1840Γ,,,,no sponsor block
6ΥΕ94690Β1-ΡΒΧ,2022-11-16,Χ Ρ Η Μ Α Τ Ι Κ Ο  Ε Ν Τ Α Λ Μ Α  Π Λ Η Ρ Ω Μ Η Σ 1839Γ,,,,no sponsor block
6ΚΞ54690Β1-ΚΒ5,2022-11-18,Χ Ρ Η Μ Α Τ Ι Κ Ο  Ε Ν Τ Α Λ Μ Α  Π Λ Η Ρ Ω Μ Η Σ 1876Γ,,,,no sponsor block
63004690Β1-ΤΝ2,2022-11-17,Χ Ρ Η Μ Α Τ Ι Κ Ο  Ε Ν Τ Α Λ Μ Α  Π Λ Η Ρ Ω Μ Η Σ 1862Γ,,,,no sponsor block
98Ρ54690Β1-ΔΚΞ,2022-11-18,Χ Ρ Η Μ Α Τ Ι Κ Ο  Ε Ν Τ Α Λ Μ Α  Π Λ Η Ρ Ω Μ Η Σ 1838Γ,,,,no sponsor block
ΩΣΟΙ4690Β1-ΞΝ8,2022-11-16,Χ Ρ Η Μ Α Τ Ι Κ Ο  Ε Ν Τ Α Λ Μ Α  Π Λ Η Ρ Ω Μ Η Σ 1837Γ,,,,no sponsor block
Ω2ΘΔ4690Β1-ΥΤΑ,2022-11-16,Χ Ρ Η Μ Α Τ Ι Κ Ο  Ε Ν Τ Α Λ Μ Α  Π Λ Η Ρ Ω Μ Η Σ 1829Γ,,,,no sponsor block
ΨΑ284690Β1-ΚΡΤ,2022-11-16,Χ Ρ Η Μ Α Τ Ι Κ Ο  Ε Ν Τ Α Λ Μ Α  Π Λ Η Ρ Ω Μ Η Σ 1828Γ,,,,no sponsor block
9ΒΩΣ4690Β1-1ΙΑ,2022-11-16,Χ Ρ Η Μ Α Τ Ι Κ Ο  Ε Ν Τ Α Λ Μ Α  Π Λ Η Ρ Ω Μ Η Σ 1827Γ,,,,no sponsor block
6Υ0Ξ4690Β1-ΒΩ1,2022-11-16,Χ Ρ Η Μ Α Τ Ι Κ Ο  Ε Ν Τ Α Λ Μ Α  Π Λ Η Ρ Ω Μ Η Σ 1826Γ,,,,no sponsor block
9Ρ0Π4690Β1-ΔΓΨ,2022-11-16,Χ Ρ Η Μ Α Τ Ι Κ Ο  Ε Ν Τ Α Λ Μ Α  Π Λ Η Ρ Ω Μ Η Σ 1825Γ,,,,no sponsor block
6Γ744690Β1-4Ν8,2022-11-16,Χ Ρ Η Μ Α Τ Ι Κ Ο  Ε Ν Τ Α Λ Μ Α  Π Λ Η Ρ Ω Μ Η Σ 1824Γ,,,,no sponsor block
ΩΜΨ54690Β1-0Μ0,2022-11-16,Χ Ρ Η Μ Α Τ Ι Κ Ο  Ε Ν Τ Α Λ Μ Α  Π Λ Η Ρ Ω Μ Η Σ 1823Γ,,,,no sponsor block
ΨΗ7Φ4690Β1-1ΕΣ,2022-11-16,Χ Ρ Η Μ Α Τ Ι Κ Ο  Ε Ν Τ Α Λ Μ Α  Π Λ Η Ρ Ω Μ Η Σ 1822Γ,,,,no sponsor block
6Θ184690Β1-Ψ6Ε,2022-11-16,Χ Ρ Η Μ Α Τ Ι Κ Ο  Ε Ν Τ Α Λ Μ Α  Π Λ Η Ρ Ω Μ Η Σ 1821Γ,,,,no sponsor block
ΩΑΣ34690Β1-3ΛΥ,2022-11-16,Χ Ρ Η Μ Α Τ Ι Κ Ο  Ε Ν Τ Α Λ Μ Α  Π Λ Η Ρ Ω Μ Η Σ 1820Γ,,,,no sponsor block
ΨΔ5Α4690Β1-7ΝΧ,2022-11-16,Χ Ρ Η Μ Α Τ Ι Κ Ο  Ε Ν Τ Α Λ Μ Α  Π Λ Η Ρ Ω Μ Η Σ 1819Γ,,,,no sponsor block
Ψ3164690Β1-ΧΘΚ,2022-11-18,Χ Ρ Η Μ Α Τ Ι Κ Ο  Ε Ν Τ Α Λ Μ Α  Π Λ Η Ρ Ω Μ Η Σ 1871Γ,,,,no sponsor block
60Γ24690Β1-ΠΦ2,2022-11-16,Χ Ρ Η Μ Α Τ Ι Κ Ο  Ε Ν Τ Α Λ Μ Α  Π Λ Η Ρ Ω Μ Η Σ 1841Γ,,,,no sponsor block
ΨΕΠΟ4690Β1-Ρ1Υ,2022-11-15,Χ Ρ Η Μ Α Τ Ι Κ Ο  Ε Ν Τ Α Λ Μ Α  Π Λ Η Ρ Ω Μ Η Σ 1818Γ,,,,no sponsor block
ΨΘΥ04690Β1-ΓΥΛ,2022-11-09,Χ Ρ Η Μ Α Τ Ι Κ Ο  Ε Ν Τ Α Λ Μ Α  Π Λ Η Ρ Ω Μ Η Σ 1701Γ,,,,no sponsor block
ΨΝΤΗ4690Β1-28Ε,2022-11-18,ΧΡΗΜΑΤΙΚΟ ΕΝΤΑΛΜΑ ΠΛΗΡΩΜΗΣ Νο 1841/22Γ,,,,no sponsor block
ΨΞΙ74690Β1-ΒΡΦ,2022-11-07,Χ Ρ Η Μ Α Τ Ι Κ Ο  Ε Ν Τ Α Λ Μ Α  Π Λ Η Ρ Ω Μ Η Σ  1657Γ,,,,no sponsor block
Ψ0ΤΒ4690Β1-ΘΣ3,2022-11-04,Χ Ρ Η Μ Α Τ Ι Κ Ο  Ε Ν Τ Α Λ Μ Α  Π Λ Η Ρ Ω Μ Η Σ 1656Γ,,,,no sponsor block
ΨΝΝΡ4690Β1-ΥΘΦ,2022-11-03,Χ Ρ Η Μ Α Τ Ι Κ Ο  Ε Ν Τ Α Λ Μ Α  Π Λ Η Ρ Ω Μ Η Σ 1654Γ,,,,no sponsor block
68604690Β1-Ι6Π,2022-11-02,Χ Ρ Η Μ Α Τ Ι Κ Ο  Ε Ν Τ Α Λ Μ Α  Π Λ Η Ρ Ω Μ Η Σ 1653Γ,,,,no sponsor block
ΩΤΚ94690Β1-Γ9Λ,2022-11-02,Χ Ρ Η Μ Α Τ Ι Κ Ο  Ε Ν Τ Α Λ Μ Α  Π Λ Η Ρ Ω Μ Η Σ 1652Γ,,,,no sponsor block
6ΞΠΣ4690Β1-ΜΤ4,2022-11-02,Χ Ρ Η Μ Α Τ Ι Κ Ο  Ε Ν Τ Α Λ Μ Α  Π Λ Η Ρ Ω Μ Η Σ 1651Γ,,,,no sponsor block
674Γ4690Β1-Ψ27,2022-11-02,Χ Ρ Η Μ Α Τ Ι Κ Ο  Ε Ν Τ Α Λ Μ Α  Π Λ Η Ρ Ω Μ Η Σ 1650Γ,,,,no sponsor block
ΨΛ3Π4690Β1-9Λ8,2022-11-02,Χ Ρ Η Μ Α Τ Ι Κ Ο  Ε Ν Τ Α Λ Μ Α  Π Λ Η Ρ Ω Μ Η Σ 1649Γ,,,,no sponsor block
ΨΣ0Α4690Β1-ΗΧΨ,2022-11-02,Χ Ρ Η Μ Α Τ Ι Κ Ο  Ε Ν Τ Α Λ Μ Α  Π Λ Η Ρ Ω Μ Η Σ 1647Γ,,,,no sponsor block
9Ο3Ν4690Β1-ΩΤ6,2022-11-02,Χ Ρ Η Μ Α Τ Ι Κ Ο  Ε Ν Τ Α Λ Μ Α  Π Λ Η Ρ Ω Μ Η Σ 1646Γ,,,,no sponsor block
6ΦΚΓ4690Β1-ΑΤΘ,2022-11-02,Χ Ρ Η Μ Α Τ Ι Κ Ο  Ε Ν Τ Α Λ Μ Α  Π Λ Η Ρ Ω Μ Η Σ 1645Γ,,,,no sponsor block
6ΗΔ34690Β1-ΝΟ7,2022-11-02,Χ Ρ Η Μ Α Τ Ι Κ Ο  Ε Ν Τ Α Λ Μ Α  Π Λ Η Ρ Ω Μ Η Σ 1644Γ,,,,no sponsor block
6ΝΦΦ4690Β1-ΠΡΙ,2022-11-02,Χ Ρ Η Μ Α Τ Ι Κ Ο  Ε Ν Τ Α Λ Μ Α  Π Λ Η Ρ Ω Μ Η Σ 1643Γ,,,,no sponsor block
680Η4690Β1-ΙΣ7,2022-11-02,Χ Ρ Η Μ Α Τ Ι Κ Ο  Ε Ν Τ Α Λ Μ Α  Π Λ Η Ρ Ω Μ Η Σ 1642Γ,,,,no sponsor block
Ψ03Τ4690Β1-916,2022-11-02,Χ Ρ Η Μ Α Τ Ι Κ Ο  Ε Ν Τ Α Λ Μ Α  Π Λ Η Ρ Ω Μ Η Σ 1641Γ,,,,no sponsor block
ΩΖΖ34690Β1-7ΔΚ,2022-11-02,Χ Ρ Η Μ Α Τ Ι Κ Ο  Ε Ν Τ Α Λ Μ Α  Π Λ Η Ρ Ω Μ Η Σ 1640Γ,,,,no sponsor block
ΩΑ544690Β1-Υ5Ν,2022-11-02,Χ Ρ Η Μ Α Τ Ι Κ Ο  Ε Ν Τ Α Λ Μ Α  Π Λ Η Ρ Ω Μ Η Σ 1639Γ,,,,no sponsor block
6ΠΙΠ4690Β1-Δ87,2022-11-02,Χ Ρ Η Μ Α Τ Ι Κ Ο  Ε Ν Τ Α Λ Μ Α  Π Λ Η Ρ Ω Μ Η Σ 1638Γ,,,,no sponsor block
9ΚΛ24690Β1-ΠΥ0,2022-11-02,Χ Ρ Η Μ Α Τ Ι Κ Ο  Ε Ν Τ Α Λ Μ Α  Π Λ Η Ρ Ω Μ Η Σ 1637Γ,,,,no sponsor block
6ΝΑΞ4690Β1-Η1Τ,2022-11-02,Χ Ρ Η Μ Α Τ Ι Κ Ο  Ε Ν Τ Α Λ Μ Α  Π Λ Η Ρ Ω Μ Η Σ 1636Γ,,,,no sponsor block
ΩΥ8Β4690Β1-40Ο,2022-11-02,Χ Ρ Η Μ Α Τ Ι Κ Ο  Ε Ν Τ Α Λ Μ Α  Π Λ Η Ρ Ω Μ Η Σ 1635Γ,,,,no sponsor block
96ΣΝ4690Β1-ΓΓΖ,2022-11-02,Χ Ρ Η Μ Α Τ Ι Κ Ο  Ε Ν Τ Α Λ Μ Α  Π Λ Η Ρ Ω Μ Η Σ 1634Γ,,,,no sponsor block
Ω53Ο4690Β1-4Ο9,2022-11-02,Χ Ρ Η Μ Α Τ Ι Κ Ο  Ε Ν Τ Α Λ Μ Α  Π Λ Η Ρ Ω Μ Η Σ 1633Γ,,,,no sponsor block
ΨΩΣ44690Β1-ΗΙΣ,2022-11-02,Χ Ρ Η Μ Α Τ Ι Κ Ο  Ε Ν Τ Α Λ Μ Α  Π Λ Η Ρ Ω Μ Η Σ 1632Γ,,,,no sponsor block
Ω5ΒΚ4690Β1-Α6Φ,2022-11-02,Χ Ρ Η Μ Α Τ Ι Κ Ο  Ε Ν Τ Α Λ Μ Α  Π Λ Η Ρ Ω Μ Η Σ 1631Γ,,,,no sponsor block
ΩΥ3Ω4690Β1-ΜΤ7,2022-11-02,Χ Ρ Η Μ Α Τ Ι Κ Ο  Ε Ν Τ Α Λ Μ Α  Π Λ Η Ρ Ω Μ Η Σ 1630Γ,,,,no sponsor block
6ΔΓ64690Β1-Χ75,2022-11-02,Χ Ρ Η Μ Α Τ Ι Κ Ο  Ε Ν Τ Α Λ Μ Α  Π Λ Η Ρ Ω Μ Η Σ 1629Γ,,,,no sponsor block
ΨΨ8Ν4690Β1-ΕΥΜ,2022-11-01,Χ Ρ Η Μ Α Τ Ι Κ Ο  Ε Ν Τ Α Λ Μ Α  Π Λ Η Ρ Ω Μ Η Σ 1628Γ,,,,no sponsor block
6ΑΞ94690Β1-ΛΚΚ,2022-11-01,Χ Ρ Η Μ Α Τ Ι Κ Ο  Ε Ν Τ Α Λ Μ Α  Π Λ Η Ρ Ω Μ Η Σ 1627Γ,,,,no sponsor block
ΨΓΠΔ4690Β1-ΔΔ0,2022-11-01,Χ Ρ Η Μ Α Τ Ι Κ Ο  Ε Ν Τ Α Λ Μ Α  Π Λ Η Ρ Ω Μ Η Σ 1626Γ,,,,no sponsor block
6ΙΗ34690Β1-6ΧΖ,2022-11-01,Χ Ρ Η Μ Α Τ Ι Κ Ο  Ε Ν Τ Α Λ Μ Α  Π Λ Η Ρ Ω Μ Η Σ 1625Γ,,,,no sponsor block
6ΣΟ34690Β1-ΕΩΜ,2022-11-01,Χ Ρ Η Μ Α Τ Ι Κ Ο  Ε Ν Τ Α Λ Μ Α  Π Λ Η Ρ Ω Μ Η Σ 1624Γ,,,,no sponsor block
65Ε54690Β1-Ε3Θ,2022-11-01,Χ Ρ Η Μ Α Τ Ι Κ Ο  Ε Ν Τ Α Λ Μ Α  Π Λ Η Ρ Ω Μ Η Σ 1623Γ,,,,no sponsor block
ΨΠΦΙ4690Β1-9Θ8,2022-11-01,Χ Ρ Η Μ Α Τ Ι Κ Ο  Ε Ν Τ Α Λ Μ Α  Π Λ Η Ρ Ω Μ Η Σ 1622Γ,,,,no sponsor block
ΩΝ0Α4690Β1-ΩΒΔ,2022-11-01,Χ Ρ Η Μ Α Τ Ι Κ Ο  Ε Ν Τ Α Λ Μ Α  Π Λ Η Ρ Ω Μ Η Σ 1621Γ,,,,no sponsor block
67ΟΝ4690Β1-Π5Ι,2022-11-01,Χ Ρ Η Μ Α Τ Ι Κ Ο  Ε Ν Τ Α Λ Μ Α  Π Λ Η Ρ Ω Μ Η Σ 1620Γ,,,,no sponsor block
ΨΜ094690Β1-ΧΙΨ,2022-11-01,Χ Ρ Η Μ Α Τ Ι Κ Ο  Ε Ν Τ Α Λ Μ Α  Π Λ Η Ρ Ω Μ Η Σ 1619Γ,,,,no sponsor block
64Ρ24690Β1-Β2Ρ,2022-11-01,Χ Ρ Η Μ Α Τ Ι Κ Ο  Ε Ν Τ Α Λ Μ Α  Π Λ Η Ρ Ω Μ Η Σ 1618Γ,,,,no sponsor block
97ΙΙ4690Β1-ΣΝΑ,2022-11-01,Χ Ρ Η Μ Α Τ Ι Κ Ο  Ε Ν Τ Α Λ Μ Α  Π Λ Η Ρ Ω Μ Η Σ 1617Γ,,,,no sponsor block
ΨΞ174690Β1-3Χ4,2022-11-01,Χ Ρ Η Μ Α Τ Ι Κ Ο  Ε Ν Τ Α Λ Μ Α  Π Λ Η Ρ Ω Μ Η Σ 1616Γ,,,,no sponsor block
6ΣΗΑ4690Β1-Γ0Π,2022-11-01,Χ Ρ Η Μ Α Τ Ι Κ Ο  Ε Ν Τ Α Λ Μ Α  Π Λ Η Ρ Ω Μ Η Σ 1615Γ,,,,no sponsor block
ΨΗΞΛ4690Β1-Ν2Ψ,2022-11-01,Χ Ρ Η Μ Α Τ Ι Κ Ο  Ε Ν Τ Α Λ Μ Α  Π Λ Η Ρ Ω Μ Η Σ 1614Γ,,,,no sponsor block
6Ο604690Β1-ΘΛ2,2022-11-01,Χ Ρ Η Μ Α Τ Ι Κ Ο  Ε Ν Τ Α Λ Μ Α  Π Λ Η Ρ Ω Μ Η Σ 1613Γ,,,,no sponsor block
ΨΠΑΗ4690Β1-ΔΔΔ,2022-11-03,Χ Ρ Η Μ Α Τ Ι Κ Ο  Ε Ν Τ Α Λ Μ Α  Π Λ Η Ρ Ω Μ Η Σ 1655Γ,,,,no sponsor block
61Α74690Β1-ΒΔΧ,2022-11-03,ΧΡΗΜΑΤΙΚΟ ΕΝΤΑΛΜΑ ΠΛΗΡΩΜΗΣ Νο 1648/22Γ,,,,no sponsor block
6ΟΜ24690Β1-ΑΚΟ,2023-08-04,ΧΡΗΜΑΤΙΚΟ ΕΝΤΑΛΜΑ 1222/23Γ,,,,no sponsor block
6ΞΗΧ4690Β1-ΩΛ2,2023-08-04,ΧΡΗΜΑΤΙΚΟ ΕΝΤΑΛΜΑ 1221/23Γ,,,,no sponsor block
9ΠΨΖ4690Β1-Ε58,2023-08-01,ΧΡΗΜΑΤΙΚΟ ΕΝΤΑΛΜΑ ΠΛΗΡΩΜΗΣ Νο1012Γ,082091043,ΑΝΤΙΓΟΝΗ ΠΕΤΡΟΠΟΥΛΟΥ ΚΑΙ ΣΙΑ ΟΕ,-12.15,negative amount
ΨΧΤΠ4690Β1-0ΡΦ,2023-07-17,ΧΡΗΜΑΤΙΚΟ ΕΝΤΑΛΜΑ 1138/23Γ,,,,no sponsor block
ΨΗΩΘ4690Β1-9Δ5,2023-04-19,ΧΡΗΜΑΤΙΚΟ ΕΝΤΑΛΜΑ ΠΛΗΡΩΜΗΣ Νο 11/2023,,,,no sponsor block
ΩΖΜ14690Β1-ΥΓΑ,2023-04-19,ΧΡΗΜΑΤΙΚΟ ΕΝΤΑΛΜΑ ΠΛΗΡΩΜΗΣ Νο 10/2023,,,,no sponsor block
6ΞΖΥ4690Β1-890,2023-04-19,ΧΡΗΜΑΤΙΚΟ ΕΝΤΑΛΜΑ ΠΛΗΡΩΜΗΣ Νο 9/2023,,,,no sponsor block
ΨΙ2Ξ4690Β1-ΖΗΠ,2023-04-19,ΧΡΗΜΑΤΙΚΟ ΕΝΤΑΛΜΑ ΠΛΗΡΩΜΗΣ Νο 8/2023,,,,no sponsor block
6ΘΟΨ4690Β1-Α6Γ,2023-04-19,ΧΡΗΜΑΤΙΚΟ ΕΝΤΑΛΜΑ ΠΛΗΡΩΜΗΣ Νο 7/2023,,,,no sponsor block
9ΙΩΘ4690Β1-ΡΔΧ,2023-04-19,ΧΡΗΜΑΤΙΚΟ ΕΝΤΑΛΜΑ ΠΛΗΡΩΜΗΣ Νο 6/2023,,,,no sponsor block
Ψ4074690Β1-ΑΙ9,2023-04-19,ΧΡΗΜΑΤΙΚΟ ΕΝΤΑΛΜΑ ΠΛΗΡΩΜΗΣ Νο 5/2023,,,,no sponsor block
9ΔΟΣ4690Β1-ΙΙΗ,2023-04-19,ΧΡΗΜΑΤΙΚΟ ΕΝΤΑΛΜΑ ΠΛΗΡΩΜΗΣ Νο 4/2023,,,,no sponsor block
6ΜΡΚ4690Β1-ΦΓΞ,2023-04-19,ΧΡΗΜΑΤΙΚΟ ΕΝΤΑΛΜΑ ΠΛΗΡΩΜΗΣ Νο 3/2023,,,,no sponsor block
6Μ1Ε4690Β1-Χ90,2023-04-19,ΧΡΗΜΑΤΙΚΟ ΕΝΤΑΛΜΑ ΠΛΗΡΩΜΗΣ Νο 2/2023,,,,no sponsor block
6Ω9Ο4690Β1-ΧΦ9,2023-04-19,ΧΡΗΜΑΤΙΚΟ ΕΝΤΑΛΜΑ ΠΛΗΡΩΜΗΣ Νο 1/2023,,,,no sponsor block
64ΜΚ4690Β1-ΟΛΙ,2023-12-17,ΧΡΗΜΑΤΙΚΟ ΕΝΤΑΛΜΑ ΠΛΗΡΩΜΗΣ 1816/23Γ,,,,no sponsor block
6ΖΑΒ4690Β1-ΟΝΣ,2023-12-17,ΧΡΗΜΑΤΙΚΟ ΕΝΤΑΛΜΑ ΠΛΗΡΩΜΗΣ 1815/23Γ,,,,no sponsor block
Ψ10Υ4690Β1-Υ2Γ,2023-12-17,ΧΡΗΜΑΤΙΚΟ ΕΝΤΑΛΜΑ ΠΛΗΡΩΜΗΣ 1814/23Γ,,,,no sponsor block
ΨΔ5Ο4690Β1-Ο7Ζ,2023-12-17,ΧΡΗΜΑΤΙΚΟ ΕΝΤΑΛΜΑ ΠΛΗΡΩΜΗΣ 1813/23Γ,,,,no sponsor block
9ΨΩ64690Β1-ΚΑΜ,2023-11-17,ΧΡΗΜΑΤΙΚΟ ΕΝΤΑΛΜΑ ΠΛΗΡΩΜΗΣ 1683/23Γ,,,,no sponsor block
99Θ14690Β1-ΓΜ2,2023-11-17,ΧΡΗΜΑΤΙΚΟ ΕΝΤΑΛΜΑ ΠΛΗΡΩΜΗΣ 1682/23Γ,,,,no sponsor block
Ψ5ΦΑ4690Β1-ΑΗ5,2023-10-18,ΧΡΗΜΑΤΙΚΟ ΕΝΤΑΛΜΑ ΠΛΗΡΩΜΗΣ 1347/23Γ,,,,no sponsor block
ΨΨ954690Β1-ΛΝΚ,2023-10-18,ΧΡΗΜΑΤΙΚΟ ΕΝΤΑΛΜΑ ΠΛΗΡΩΜΗΣ 1346/23Γ,,,,no sponsor block
ΨΧΞΙ4690Β1-3ΚΖ,2023-09-18,ΧΡΗΜΑΤΙΚΟ ΕΝΤΑΛΜΑ ΠΛΗΡΩΜΗΣ 1273/23Γ,,,,no sponsor block
6ΝΛΦ4690Β1-ΥΘΚ,2023-09-18,ΧΡΗΜΑΤΙΚΟ ΕΝΤΑΛΜΑ ΠΛΗΡΩΜΗΣ 1272/23Γ,,,,no sponsor block
ΨΘΟΖ4690Β1-53Τ,2023-09-11,ΧΡΗΜΑΤΙΚΟ ΕΝΤΑΛΜΑ ΠΛΗΡΩΜΗΣ 1250/23Γ,,,,no sponsor block
ΨΓ8Ψ4690Β1-Υ3Κ,2023-09-11,ΧΡΗΜΑΤΙΚΟ ΕΝΤΑΛΜΑ ΠΛΗΡΩΜΗΣ 1247/23Γ,,,,no sponsor block
ΨΒ434690Β1-ΙΣΞ,2023-09-11,ΧΡΗΜΑΤΙΚΟ ΕΝΤΑΛΜΑ ΠΛΗΡΩΜΗΣ 1246/23Γ,,,,no sponsor block
Ψ3ΛΛ4690Β1-Υ7Τ,2023-09-07,ΧΡΗΜΑΤΙΚΟ ΕΝΤΑΛΜΑ ΠΛΗΡΩΜΗΣ 1259/23Γ,,,,no sponsor block
ΨΘΖΞ4690Β1-1ΑΟ,2023-09-07,ΧΡΗΜΑΤΙΚΟ ΕΝΤΑΛΜΑ ΠΛΗΡΩΜΗΣ 1258/23Γ,,,,no sponsor block
Ψ9Ω14690Β1-ΒΣΧ,2023-09-07,ΧΡΗΜΑΤΙΚΟ ΕΝΤΑΛΜΑ ΠΛΗΡΩΜΗΣ 1257/23Γ,,,,no sponsor block
6ΒΔΡ4690Β1-9ΤΞ,2023-09-07,ΧΡΗΜΑΤΙΚΟ ΕΝΤΑΛΜΑ ΠΛΗΡΩΜΗΣ 1256/23Γ,,,,no sponsor block
641Α4690Β1-ΥΨΚ,2023-09-07,ΧΡΗΜΑΤΙΚΟ ΕΝΤΑΛΜΑ ΠΛΗΡΩΜΗΣ 1255/23Γ,,,,no sponsor block
ΩΖΡ24690Β1-863,2023-09-07,ΧΡΗΜΑΤΙΚΟ ΕΝΤΑΛΜΑ ΠΛΗΡΩΜΗΣ 1254/23Γ,,,,no sponsor block
ΡΩΧΙ4690Β1-7ΟΛ,2023-09-07,ΧΡΗΜΑΤΙΚΟ ΕΝΤΑΛΜΑ ΠΛΗΡΩΜΗΣ 1253/23Γ,,,,no sponsor block
ΨΝΙΖ4690Β1-ΠΥΞ,2023-09-07,ΧΡΗΜΑΤΙΚΟ ΕΝΤΑΛΜΑ ΠΛΗΡΩΜΗΣ 1252/23Γ,,,,no sponsor block
ΨΑ314690Β1-ΛΛ6,2023-09-07,ΧΡΗΜΑΤΙΚΟ ΕΝΤΑΛΜΑ ΠΛΗΡΩΜΗΣ 1251/23Γ,,,,no sponsor block
Ρ1ΑΠ4690Β1-ΕΗΧ,2023-09-07,ΧΡΗΜΑΤΙΚΟ ΕΝΤΑΛΜΑ ΠΛΗΡΩΜΗΣ 1223,,,,no sponsor block
62ΒΜ4690Β1-5ΞΥ,2023-08-30,ΧΡΗΜΑΤΙΚΟ ΕΝΤΑΛΜΑ ΠΛΗΡΩΜΗΣ 1244/23Γ,,,,no sponsor block
6Ψ0Χ4690Β1-ΛΗ8,2023-08-30,ΧΡΗΜΑΤΙΚΟ ΕΝΤΑΛΜΑ ΠΛΗΡΩΜΗΣ 1237/23Γ,,,,no sponsor block
ΨΨ214690Β1-808,2023-08-30,ΧΡΗΜΑΤΙΚΟ ΕΝΤΑΛΜΑ ΠΛΗΡΩΜΗΣ 1236/23Γ,,,,no sponsor block
977Ξ4690Β1-ΙΕ9,2023-08-30,ΧΡΗΜΑΤΙΚΟ ΕΝΤΑΛΜΑ ΠΛΗΡΩΜΗΣ 1207/23Γ,,,,no sponsor block
6Ζ9Π4690Β1-ΙΚ8,2023-08-30,ΧΡΗΜΑΤΙΚΟ ΕΝΤΑΛΜΑ 1241/23Γ,,,,no sponsor block
ΩΖ4Α4690Β1-ΣΒΓ,2023-08-30,ΧΡΗΜΑΤΙΚΟ ΕΝΤΑΛΜΑ ΠΛΗΡΩΜΗΣ 1238/23Γ,,,,no sponsor block
9Μ4Ω4690Β1-0ΝΑ,2023-08-23,ΧΡΗΜΑΤΙΚΟ ΕΝΤΑΛΜΑ ΠΛΗΡΩΜΗΣ 1242/23Γ,,,,no sponsor block
9Ν7Ι4690Β1-Θ9Ο,2023-08-23,ΧΡΗΜΑΤΙΚΟ ΕΝΤΑΛΜΑ ΠΛΗΡΩΜΗΣ 1239/23Γ,,,,no sponsor block
6ΣΛ74690Β1-ΥΚΤ,2023-08-23,ΧΡΗΜΑΤΙΚΟ ΕΝΤΑΛΜΑ ΠΛΗΡΩΜΗΣ 1225/23Γ,,,,no sponsor block
9ΔΛΦ4690Β1-ΨΥ8,2023-08-23,ΧΡΗΜΑΤΙΚΟ ΕΝΤΑΛΜΑ ΠΛΗΡΩΜΗΣ 1221/23Γ,,,,no sponsor block
9ΓΞΔ4690Β1-ΟΑΜ,2023-08-23,ΧΡΗΜΑΤΙΚΟ ΕΝΤΑΛΜΑ ΠΛΗΡΩΜΗΣ 1217/23Γ,,,,no sponsor block
ΨΜΥΜ4690Β1-5ΛΡ,2023-08-23,ΧΡΗΜΑΤΙΚΟ ΕΝΤΑΛΜΑ 1216/23Γ,,,,no sponsor block
Ψ5ΩΗ4690Β1-ΩΕΑ,2024-10-16,ΧΡΗΜΑΤΙΚΟ  ΕΝΤΑΛΜΑ  ΠΛΗΡΩΜΗΣ Νο  1824,999476217,ΓΕΝΙΚΟ ΝΟΣΟΚΟΜΕΙΟ ΘΕΣΣΑΛΟΝΙΚΗΣ Γ ΓΕΝΝΗΜΑΤΑΣ Ο ΑΓΙΟΣ ΔΗΜΗΤΡΙΟΣ,142.22,self-referential (payroll/EFKA/FMY remittance)
ΨΜΘΩ4690Β1-ΟΙΔ,2025-09-04,ΧΡΗΜΑΤΙΚΟ ΕΝΤΑΛΜΑ ΠΛΗΡΩΜΗΣ Νο 1361,094503580,ΕΝΟΡΑΣΙΣ ΑΝΩΝΥΜΗ ΕΜΠ  ΙΑΤΡΙΚΩΝ ΥΛΙΚΩΝ ΚΑΙ  ΜΗΧΑΝΗΜΑΤΩΝ ΚΑΙ ΙΑΤΡΙΚΩΝ ΥΛΙΚΩΝ ΚΑΙ ΜΗΧΑΝΗΜΑΤ,-186.83,negative amount
63Ρ24690Β1-ΒΜΡ,2025-07-23,ΧΡΗΜΑΤΙΚΟ  ΕΝΤΑΛΜΑ  ΠΛΗΡΩΜΗΣ Νο 980,999476217,ΓΕΝΙΚΟ ΝΟΣΟΚΟΜΕΙΟ ΘΕΣΣΑΛΟΝΙΚΗΣ Γ ΓΕΝΝΗΜΑΤΑΣ Ο ΑΓΙΟΣ ΔΗΜΗΤΡΙΟΣ,166.52,self-referential (payroll/EFKA/FMY remittance)
9ΒΟ44690Β1-ΞΒΒ,2026-01-30,"ΧΕ-6 ΣΕΙΡΑ Γ ΝΟΣ/2026 01/01/2026 - 30/01/2026, ΛΟΓΙΣΤΙΚΗ ΤΑΚΤΟΠΟΙΗΣΗ ΠΡΟΜΗΘΕΙΑΣ ΣΥΝΑΛΛΑΓΩΝ POS",,,,no sponsor block
98ΥΑ4690Β1-Ι6Ι,2026-01-22,"ΧΕ-4 ΣΕΙΡΑ Γ ΝΟΣ/2026 11ος/2025, ΕΙΣΦΟΡΕΣ ΕΦΚΑ ΤΡΑΥΜΑΤΙΟΦΟΡΕΩΝ-ΜΑΚΡΟΧΡΟΝΙΑ ΑΝΕΡΓΩΝ",,,,no sponsor block
ΨΘ2Β4690Β1-ΑΥ0,2026-01-22,"ΧΕ-3 ΣΕΙΡΑ Γ ΝΟΣ/2026 11ος/2025, ΚΑΤΑΒΟΛΗ ΦΟΡΟΥ ΑΠΟ ΠΡΟΣΘΕΤΕΣ ΑΜΟΙΒΕΣ ΜΑΚΡΟΧΡΟΝΙΑ ΑΝΕΡΓΩΝ ΟΑΕΔ",,,,no sponsor block
Ψ86Π4690Β1-9ΜΕ,2026-01-22,"ΧΕ-2 ΣΕΙΡΑ Γ ΝΟΣ/2026 11ος/2025, ΕΙΣΦΟΡΕΣ ΕΦΚΑ ΑΠΑΣΧΟΛΟΥΜΕΝΩΝ ΜΕΣΩ ΠΡΟΓΡΑΜΜΑΤΟΣ ΟΑΕΔ ΜΑΚΡΟΧΡΟΝΙΑ ΑΝΕΡΓΩΝ",,,,no sponsor block
ΡΗΓ04690Β1-101,2026-01-22,ΧΕ-1 ΣΕΙΡΑ Γ ΝΟΣ/2026 ΑΠΟΔΟΣΗ ΠΑΓΙΑΣ ΠΡΟΚΑΤΑΒΟΛΗΣ ΣΤΟΝ ΥΠΟΛΟΓΟ,,,,no sponsor block
61ΗΑ4690Β1-ΧΡΗ,2025-12-31,"ΧΕ-2436 ΣΕΙΡΑ Γ ΝΟΣ/2025 1/12/2025 - 31/12/2025, ΛΟΓΙΣΤΙΚΗ ΤΑΚΤΟΠΟΙΗΣΗ ΠΡΟΜΗΘΕΙΑΣ ΣΥΝΑΛΛΑΓΩΝ POS",,,,no sponsor block
Ψ98Ι4690Β1-0ΙΔ,2025-12-31,"ΧΕ-2435 ΣΕΙΡΑ Γ ΝΟΣ/2025 1/7/2025 - 31/12/2025, ΛΟΓΙΣΤΙΚΗ ΤΑΚΤΟΠΟΙΗΣΗ ΦΟΡΟΥ ΤΟΚΩΝ ΛΟΓΑΡΙΑΣΜΟΥ ΠΑΓΙΑΣ ΠΡΟΚΑΤΑΒΟΛΗΣ",,,,no sponsor block
Ψ2ΔΑ4690Β1-Α0Τ,2025-12-19,ΧΕ-2432 ΣΕΙΡΑ Γ ΝΟΣ/2025 ΑΠΟΔΟΣΗ ΚΡΑΤΗΣΕΩΝ ΠΡΟΜΗΘΕΥΤΩΝ ΑΠΟ 01/12 ΕΩΣ 18/12/2025.,999476217,"ΑΠΟΔΟΣΗ ΚΡΑΤΗΣ.ΠΡΟΜΗΘΕΥΤΩΝ ΔΗΜΟΣΙΟ, ΚΡΑΤ 2%, ΕΑΔΗΣΥ 0,10",1114.69,self-referential (payroll/EFKA/FMY remittance)
Ψ2ΔΑ4690Β1-Α0Τ,2025-12-19,ΧΕ-2432 ΣΕΙΡΑ Γ ΝΟΣ/2025 ΑΠΟΔΟΣΗ ΚΡΑΤΗΣΕΩΝ ΠΡΟΜΗΘΕΥΤΩΝ ΑΠΟ 01/12 ΕΩΣ 18/12/2025.,999476217,"ΑΠΟΔΟΣΗ ΚΡΑΤΗΣ.ΠΡΟΜΗΘΕΥΤΩΝ ΔΗΜΟΣΙΟ, ΚΡΑΤ 2%, ΕΑΔΗΣΥ 0,10",62850.63,self-referential (payroll/EFKA/FMY remittance)
Ψ8354690Β1-ΦΨ2,2025-12-19,ΧΕ-2433 ΣΕΙΡΑ Γ ΝΟΣ/2025 ΛΟΓΙΣΤΙΚΗ ΤΑΚΤΟΠΟΙΗΣΗ ΠΡΟΜΗΘΕΙΑΣ ΣΥΝΑΛΛΑΓΩN ΜΙΣΘΟΔΟΣΙΑΣ (ΕΑΠ 19-12-2025)  (800 ΑΤΟΜΑ),,,,no sponsor block
9ΞΑΚ4690Β1-Λ57,2025-12-17,ΧΕ-2430 ΣΕΙΡΑ Γ ΝΟΣ/2025 ΗΜΕΡΗΣΙΑ ΑΠΟΖΗΜΙΩΣΗ ΜΕΤΑΚΙΝΗΣΗΣ ΠΛΗΡΩΜΑΤΟΣ ΑΣΘΕΝΟΦΟΡΟΥ ΑΠΟ 05ο-08ο/2025,,,,no sponsor block
ΡΤΕΛ4690Β1-65Π,2025-12-17,ΧΕ-2429 ΣΕΙΡΑ Γ ΝΟΣ/2025 01ος-02ος-03ος-04ος/2025 ΑΠΟΓ.ΠΑΡΑΙΑΤΡΙΚΟ ΠΡΟΣ.ΠΑΘΟΛΟΓΟΑΝΑΤΟΜΙΚΟ,,,,no sponsor block
955Θ4690Β1-ΑΩΥ,2025-12-17,ΧΕ-2428 ΣΕΙΡΑ Γ ΝΟΣ/2025 01ος-02ος-03ος-04ος/2025 ΑΠΟΓΕΥΜ.ΠΑΘΟΛΟΓΟΑΝΑΤΟΜΙΚΟ ΙΑΤΡΟΙ,,,,no sponsor block
Ψ8ΙΟ4690Β1-9ΤΙ,2025-12-17,"ΧΕ-2427 ΣΕΙΡΑ Γ ΝΟΣ/2025 08ος-09ος/2025 ΑΠΟΓΕΥΜ.ΙΑΤΡΕΙΑ ΜΟΝΙΜΩΝ,ΛΟΙΠΩΝ ΕΠΙΚΟΥΡΙΚΩΝ,ΛΟΙΠΩΝ ΕΠΙΚ.COVID",,,,no sponsor block
9Υ424690Β1-53Υ,2025-12-17,"ΧΕ-2426 ΣΕΙΡΑ Γ ΝΟΣ/2025 08ος-09ος/2025 ΑΠΟΓΕΥΜ.ΙΑΤΡΕΙΑ ΙΑΤΡΩΝ,ΕΠΙΚΟΥΡ.ΙΑΤΡΩΝ,ΕΠΙΚΟΥΡ.ΙΑΤΡΩΝ COVID",,,,no sponsor block
6ΝΔ14690Β1-ΦΧΩ,2025-12-17,"ΧΕ-2425 ΣΕΙΡΑ Γ ΝΟΣ/2025 08ος/2025, Φ2 ΕΠΙΚ.ΙΑΤΡΩΝ & ΕΠΙΚ.ΙΑΤΡΩΝ COVID, ΕΦΗΜΕΡΙΕΣ ΠΕΡΑΝ ΤΟΥ ΟΡΙΟΥ",,,,no sponsor block
9ΩΚ04690Β1-Ρ9Β,2025-12-17,"ΧΕ-2424 ΣΕΙΡΑ Γ ΝΟΣ/2025 08ος/2025 Φ2 ΙΑΤΡΩΝ ΕΣΥ & ΕΙΔΙΚΕΥΟΜ.ΙΑΤΡΩΝ, ΕΦΗΜΕΡΙΕΣ ΠΕΡΑΝ ΤΟΥ ΟΡΙΟΥ",,,,no sponsor block
ΨΕ7Ω4690Β1-Λ5Γ,2025-12-17,"ΧΕ-2423 ΣΕΙΡΑ Γ ΝΟΣ/2025 07ος/2025, Φ2 ΕΠΙΚ.ΙΑΤΡΩΝ & ΕΠΙΚ.ΙΑΤΡΩΝ COVID, ΕΦΗΜΕΡΙΕΣ ΠΕΡΑΝ ΤΟΥ ΟΡΙΟΥ",,,,no sponsor block
9Κ9Ζ4690Β1-ΚΕ7,2025-12-17,"ΧΕ-2422 ΣΕΙΡΑ Γ ΝΟΣ/2025 07ος/2025, Φ2 ΙΑΤΡΩΝ & ΕΙΔΙΚ.ΙΑΤΡΩΝ, ΕΦΗΜΕΡΙΕΣ ΠΕΡΑΝ ΤΟΥ ΟΡΙΟΥ",,,,no sponsor block
ΨΨ954690Β1-2Κ3,2025-12-17,ΧΕ-2421 ΣΕΙΡΑ Γ ΝΟΣ/2025 11ος/2025 ΥΠΕΡΩΡΙΕΣ 3ΜΗΝΑ ΑΝΑΠΛ.,,,,no sponsor block
Ψ97Σ4690Β1-3ΧΞ,2025-12-17,ΧΕ-2420 ΣΕΙΡΑ Γ ΝΟΣ/2025 11ος/2025 ΥΠΕΡΩΡΙΕΣ ΛΟΙΠΟΙ ΕΠΙΚΟΥΡΙΚΟΙ COVID-19,,,,no sponsor block
Ρ4ΓΨ4690Β1-Ζ8Λ,2025-12-17,ΧΕ-2419 ΣΕΙΡΑ Γ ΝΟΣ/2025 10ος/2025 ΥΠΕΡΩΡΙΕΣ ΛΟΙΠΟΙ ΕΠΙΚΟΥΡΙΚΟΙ COVID-19,,,,no sponsor block
6ΖΣΛ4690Β1-ΘΜΗ,2025-12-17,ΧΕ-2418 ΣΕΙΡΑ Γ ΝΟΣ/2025 11ος/2025 ΥΠΕΡΩΡΙΕΣ ΛΟΙΠΟΙ ΕΠΙΚΟΥΡΙΚΟΙ,,,,no sponsor block
ΨΩ7Φ4690Β1-Π27,2025-12-17,ΧΕ-2417 ΣΕΙΡΑ Γ ΝΟΣ/2025 10ος/2025 ΥΠΕΡΩΡΙΕΣ ΛΟΙΠΟΙ ΕΠΙΚΟΥΡΙΚΟΙ,,,,no sponsor block
ΡΟ0Ω4690Β1-ΕΞ1,2025-12-17,ΧΕ-2416 ΣΕΙΡΑ Γ ΝΟΣ/2025 11ος/2025 ΥΠΕΡΩΡΙΕΣ ΟΑΕΔ 55-67 Γ2 ΟΜΑΔΑ,,,,no sponsor block
6Η2Γ4690Β1-Μ19,2025-12-17,ΧΕ-2415 ΣΕΙΡΑ Γ ΝΟΣ/2025 10ος/2025 ΥΠΕΡΩΡΙΕΣ ΟΑΕΔ 55-67 Γ2 ΟΜΑΔΑ,,,,no sponsor block
9ΤΤΣ4690Β1-Θ3Φ,2025-12-17,ΧΕ-2414 ΣΕΙΡΑ Γ ΝΟΣ/2025 11ος/2025 ΥΠΕΡΩΡΙΕΣ ΟΑΕΔ 55-67 Γ ΟΜΑΔΑ,,,,no sponsor block
ΡΩΚΡ4690Β1-5Ω4,2025-12-17,ΧΕ-2413 ΣΕΙΡΑ Γ ΝΟΣ/2025 10ος/2025 ΥΠΕΡΩΡΙΕΣ ΟΑΕΔ 55-67 Γ ΟΜΑΔΑ,,,,no sponsor block
ΡΘΡΨ4690Β1-48Β,2025-12-17,ΧΕ-2412 ΣΕΙΡΑ Γ ΝΟΣ/2025 11ος/2025 ΥΠΕΡΩΡΙΕΣ ΟΑΕΔ 55-67 Β ΟΜΑΔΑ,,,,no sponsor block
9ΠΞΚ4690Β1-ΤΣΚ,2025-12-17,ΧΕ-2411 ΣΕΙΡΑ Γ ΝΟΣ/2025 10ος/2025 ΥΠΕΡΩΡΙΕΣ ΟΑΕΔ 55-67 Β ΟΜΑΔΑ,,,,no sponsor block
9ΡΔ24690Β1-ΧΕΛ,2025-12-17,ΧΕ-2410 ΣΕΙΡΑ Γ ΝΟΣ/2025 11ος/2025 ΥΠΕΡΩΡΙΕΣ ΟΑΕΔ 55-67 Α ΟΜΑΔΑ,,,,no sponsor block
65Υ84690Β1-979,2025-12-17,ΧΕ-2409 ΣΕΙΡΑ Γ ΝΟΣ/2025 10ος/2025 ΥΠΕΡΩΡΙΕΣ ΟΑΕΔ 55-67 Α ΟΜΑΔΑ,,,,no sponsor block
ΨΜΧΔ4690Β1-ΜΔ3,2025-12-17,ΧΕ-2408 ΣΕΙΡΑ Γ ΝΟΣ/2025 11ος/2025 ΥΠΕΡΩΡΙΕΣ 500 ΤΡΑΥΜΑΤΙΟΦΟΡΕΙΣ,,,,no sponsor block
93Ω64690Β1-ΨΞΞ,2025-12-17,ΧΕ-2407 ΣΕΙΡΑ Γ ΝΟΣ/2025 10ος/2025 ΥΠΕΡΩΡΙΕΣ 500 ΤΡΑΥΜΑΤΙΟΦΟΡΕΙΣ,,,,no sponsor block
ΨΑ5Δ4690Β1-9ΘΨ,2025-12-17,ΧΕ-2406 ΣΕΙΡΑ Γ ΝΟΣ/2025 11ος/2025 ΥΠΕΡΩΡΙΕΣ ΕΙΔΙΚΕΥΟΜ.ΝΟΣΗΛΕΥΤΕΣ,,,,no sponsor block
9ΗΞΤ4690Β1-0ΞΥ,2025-12-17,ΧΕ-2405 ΣΕΙΡΑ Γ ΝΟΣ/2025 10ος/2025 ΥΠΕΡΩΡΙΕΣ ΕΙΔΙΚΕΥΟΜ.ΝΟΣΗΛΕΥΤΕΣ,,,,no sponsor block
92ΑΛ4690Β1-ΛΘΦ,2025-12-17,ΧΕ-2404 ΣΕΙΡΑ Γ ΝΟΣ/2025 11ος/2025 ΥΠΕΡΩΡΙΕΣ ΑΧ,,,,no sponsor block
9Λ814690Β1-8ΜΛ,2025-12-17,ΧΕ-2403 ΣΕΙΡΑ Γ ΝΟΣ/2025 10ος/2025 ΥΠΕΡΩΡΙΕΣ ΑΧ,,,,no sponsor block
9Ξ264690Β1-Γ92,2025-12-17,ΧΕ-2402 ΣΕΙΡΑ Γ ΝΟΣ/2025 11ος/2025 ΥΠΕΡΩΡΙΕΣ ΜΟΝΙΜΟΙ,,,,no sponsor block
9ΝΑ44690Β1-Μ9Ξ,2025-12-17,ΧΕ-2401 ΣΕΙΡΑ Γ ΝΟΣ/2025 10ος/2025 ΥΠΕΡΩΡΙΕΣ ΜΟΝΙΜΟΙ,,,,no sponsor block
98Μ34690Β1-Β3Ε,2025-12-17,ΧΕ-2400 ΣΕΙΡΑ Γ ΝΟΣ/2025 11ος/2025 ΕΦΗΜΕΡΙΕΣ ΕΠΙΚΟΥΡ.ΙΑΤΡΩΝ,,,,no sponsor block
ΡΔΤ24690Β1-Σ2Ψ,2025-12-17,"ΧΕ-2399 ΣΕΙΡΑ Γ ΝΟΣ/2025 11ος/2025 ΕΦΗΜΕΡΙΕΣ ΙΑΤΡΩΝ ΕΣΥ & ΕΙΔΙΚΕΥΟΜ.ΙΑΤΡΩΝ & ΕΠΙΣΤΡ.ΕΙΔ.ΕΙΣΦ.ΣΤΟΥΣ ΥΠΑΛΛΗΛΟΥΣ ΣΑΒΒΙΔΟΥ,ΒΑΛΙΟΥΛΗ,ΤΖΑΝΝΙΝΗΣ,ΣΤΟΓΙΑΝΝΟΥΔΗΣ",,,,no sponsor block
ΡΣΓ94690Β1-9ΟΘ,2025-12-17,ΧΕ-2398 ΣΕΙΡΑ Γ ΝΟΣ/2025 10ος/2025 ΕΦΗΜΕΡΙΕΣ ΕΠΙΚΟΥΡ.ΙΑΤΡΩΝ & ΕΠΙΚΟΥΡ.ΙΑΤΡΩΝ COVID-19,,,,no sponsor block
Ψ3ΤΥ4690Β1-ΧΡΥ,2025-12-17,"ΧΕ-2397 ΣΕΙΡΑ Γ ΝΟΣ/2025 10ος/2025 ΕΦΗΜΕΡΙΕΣ ΙΑΤΡΩΝ ΕΣΥ, ΕΙΔΙΚΕΥΟΜ.ΙΑΤΡΩΝ & ΕΠΙΣΤΡ.ΕΙΔ.ΕΙΣΦ.ΣΤΟΥΣ ΥΠΑΛΛΗΛΟΥΣ ΚΡΙΠΟΥΡΗ,ΡΑΣΟΓΛΟΥ,ΒΛΑΧΟΥ",,,,no sponsor block
ΡΛΣ84690Β1-Ε0Τ,2025-12-17,ΧΕ-2396 ΣΕΙΡΑ Γ ΝΟΣ/2025 05/2024 ΑΝΑΔΡΟΜ.ΕΠΑΛ ΜΑΘΗΤΕΣ,,,,no sponsor block
ΨΜΟ64690Β1-ΟΩ9,2025-12-17,ΧΕ-2395 ΣΕΙΡΑ Γ ΝΟΣ/2025 ΔΙΟΡΘΩΤΙΚΗ 07/2024 ΚΑΖΕΠΗΣ,,,,no sponsor block
ΨΣ594690Β1-ΙΒΖ,2025-12-17,ΧΕ-2394 ΣΕΙΡΑ Γ ΝΟΣ/2025 12ος/2025 ΛΟΙΠΟΙ ΕΠΙΚΟΥΡΙΚΟΙ,,,,no sponsor block
9ΙΩ14690Β1-Ο3Π,2025-12-17,"ΧΕ-2393 ΣΕΙΡΑ Γ ΝΟΣ/2025 12ος/2025, ΜΙΣΘ. ΕΠΙΚΟΥΡΙΚΩΝ ΙΑΤΡΩΝ",,,,no sponsor block
ΨΞΕΤ4690Β1-ΡΧΡ,2025-12-17,ΧΕ-2392 ΣΕΙΡΑ Γ ΝΟΣ/2025 12ος/2025 ΜΑΘΗΤΕΣ ΕΠΑΛ,,,,no sponsor block
ΨΞΦΜ4690Β1-ΨΨΤ,2025-12-17,ΧΕ-2391 ΣΕΙΡΑ Γ ΝΟΣ/2025 12ος/2025 ΜΑΘΗΤΕΣ ΔΙΕΚ,,,,no sponsor block
Ψ0ΡΕ4690Β1-8ΓΒ,2025-12-17,ΧΕ-2390 ΣΕΙΡΑ Γ ΝΟΣ/2025 12ος/2025 ΟΑΕΔ 55-67 Γ2 ΟΜΑΔΑ,,,,no sponsor block
6ΘΚ64690Β1-ΦΚ1,2025-12-17,ΧΕ-2389 ΣΕΙΡΑ Γ ΝΟΣ/2025 12ος/2025 ΟΑΕΔ 55-67 Γ ΟΜΑΔΑ,,,,no sponsor block
Ψ74Ρ4690Β1-Φ3Θ,2025-12-15,ΧΕ-2388 ΣΕΙΡΑ Γ ΝΟΣ/2025 12ος/2025-(Α ΟΜΑΔΑ) ΟΑΕΔ 55-67,,,,no sponsor block
9Ε454690Β1-ΝΒΤ,2025-12-15,"ΧΕ-2387 ΣΕΙΡΑ Γ ΝΟΣ/2025 12ος/2025, ΠΛΗΡΩΜΗ 3ΜΗΝΩΝ ΣΥΜΒΑΣΕΩΝ ΑΝΑΣΤΟΛΩΝ",,,,no sponsor block
9ΑΠΒ4690Β1-Η75,2025-12-15,"ΧΕ-2386 ΣΕΙΡΑ Γ ΝΟΣ/2025 11ος/2025, ΠΛΗΡΩΜΗ 3ΜΗΝΩΝ ΣΥΜΒΑΣΕΩΝ ΑΝΑΣΤΟΛΩΝ",,,,no sponsor block
90ΖΨ4690Β1-ΚΕ0,2025-12-15,"ΧΕ-2385 ΣΕΙΡΑ Γ ΝΟΣ/2025 12ος /2025, ΛΟΙΠΟΙ ΕΠΙΚΟΥΡΙΚΟΙ COVID-19",,,,no sponsor block
95Υ64690Β1-ΑΛ5,2025-12-15,"ΧΕ-2384 ΣΕΙΡΑ Γ ΝΟΣ/2025 11ος /2025, ΛΟΙΠΟΙ ΕΠΙΚΟΥΡΙΚΟΙ COVID-19",,,,no sponsor block
94ΛΔ4690Β1-0ΙΣ,2025-12-15,ΧΕ-2383 ΣΕΙΡΑ Γ ΝΟΣ/2025 12ος/2025 ΟΑΕΔ 55-67 (ΟΜΑΔΑ Β),,,,no sponsor block
ΨΣΜ14690Β1-0Ξ8,2025-12-15,"ΧΕ-2382 ΣΕΙΡΑ Γ ΝΟΣ/2025 10ος/2025, ΚΑΤΑΒΟΛΗ ΦΟΡΟΥ ΑΠΟ ΠΡΟΣΘΕΤΕΣ ΑΜΟΙΒΕΣ ΜΑΚΡΟΧΡΟΝΙΑ ΑΝΕΡΓΩΝ ΟΑΕΔ",,,,no sponsor block
ΨΚΦΔ4690Β1-2ΔΝ,2025-12-15,"ΧΕ-2381 ΣΕΙΡΑ Γ ΝΟΣ/2025 10ος/2025, ΕΙΣΦΟΡΕΣ ΕΦΚΑ ΑΠΑΣΧΟΛΟΥΜΕΝΩΝ ΜΕΣΩ ΠΡΟΓΡΑΜΜΑΤΟΣ ΟΑΕΔ ΜΑΚΡΟΧΡΟΝΙΑ ΑΝΕΡΓΩΝ",,,,no sponsor block
Ρ1ΦΣ4690Β1-71Ζ,2025-12-15,ΧΕ-2380 ΣΕΙΡΑ Γ ΝΟΣ/2025 12ος/2025 ΤΕΙ ΜΑΘΗΤΕΣ,,,,no sponsor block
ΨΞ0Ω4690Β1-ΧΤΘ,2025-12-15,ΧΕ-2379 ΣΕΙΡΑ Γ ΝΟΣ/2025 11ος/2025 ΤΕΙ ΜΑΘΗΤΕΣ,,,,no sponsor block
Ψ2ΙΝ4690Β1-05Β,2025-12-15,"ΧΕ-2378 ΣΕΙΡΑ Γ ΝΟΣ/2025 10ος/2025, ΕΙΣΦΟΡΕΣ ΕΦΚΑ ΤΡΑΥΜΑΤΙΟΦΟΡΕΩΝ-ΜΑΚΡΟΧΡΟΝΙΑ ΑΝΕΡΓΩΝ",,,,no sponsor block
ΡΚ5Θ4690Β1-Υ0Ν,2025-12-09,ΧΕ-2277 ΣΕΙΡΑ Γ ΝΟΣ/2025 ΠΡΟΜΗΘΕΙΑ ΦΑΡΜΑΚΕΥΤΙΚΟΥ ΥΛΙΚΟΥ,094071809,GLAXO SMITH KLINE α.ε.β.ε.,-17.44,negative amount
6ΗΓΦ4690Β1-Ρ9Ρ,2025-12-09,ΧΕ-2267 ΣΕΙΡΑ Γ ΝΟΣ/2025 ΠΡΟΜΗΘΕΙΑ ΦΑΡΜΑΚΕΥΤΙΚΟΥ ΥΛΙΚΟΥ,094036383,ΑΝΦΑΡΜ -ΕΛΛΑΣ Α.Ε.,-35.83,negative amount
9ΩΡ14690Β1-ΝΩΤ,2025-12-08,ΧΕ-2237 ΣΕΙΡΑ Γ ΝΟΣ/2025 ΠΡΟΜΗΘΕΙΑ ΦΑΡΜΑΚΕΥΤΙΚΟΥ ΥΛΙΚΟΥ,094041553,DEMO Α.Β.Ε.Ε.,-83.02,negative amount
Ψ5014690Β1-ΜΛ6,2025-12-04,ΧΕ-2206 ΣΕΙΡΑ Γ ΝΟΣ/2025 ΕΠΙΣΤΡΟΦΗ ΥΠΟΛΟΙΠΩΝ ΠΟΣΩΝ ΜΕΤΑ ΤΗΝ ΕΙΔΙΚΗ ΕΠΙΧΟΡΗΓΗΣΗ ΕΤΟΥΣ 2024  ΓΙΑ ΠΛΗΡΩΜΗ ΕΦΗΜΕΡΙΩΝ ΚΑΙ ΠΡΟΣΘΕΤΩΝ ΑΜΟΙΒΩΝ,,,,no sponsor block
Ψ1ΛΛ4690Β1-9ΘΔ,2025-12-08,ΧΕ-2235 ΣΕΙΡΑ Γ ΝΟΣ/2025 ΛΟΓΙΣΤΙΚΗ ΤΑΚΤΟΠΟΙΗΣΗ ΠΡΟΜΗΘΕΙΑΣ ΣΥΝΑΛΛΑΓΩN ΜΙΣΘΟΔΟΣΙΑΣ (ΕΑΠ 08-12-2025)  (120 ΑΤΟΜΑ),,,,no sponsor block
6ΤΘΧ4690Β1-ΤΘΧ,2025-12-05,ΧΕ-2233 ΣΕΙΡΑ Γ ΝΟΣ/2025 08/2025 ΑΝΑΔΡΟΜΙΚΑ ΕΠΑΛ ΜΑΘΗΤΕΣ,,,,no sponsor block
ΨΞΔ64690Β1-ΥΞΤ,2025-12-05,ΧΕ-2232 ΣΕΙΡΑ Γ ΝΟΣ/2025 08/2025 ΣΥΜΠΛΗΡ/ΚΗ ΠΑΠΑΙΩΑΝΝΟΥ ΧΡΥΣΑΝΘΗ - ΜΑΘ.ΕΠΑΛ,,,,no sponsor block
ΨΓΚΙ4690Β1-Μ2Π,2025-12-05,ΧΕ-2231 ΣΕΙΡΑ Γ ΝΟΣ/2025 02/2025 ΑΝΑΔΡΟΜΙΚΑ ΕΠΑΛ ΜΑΘΗΤΕΣ,,,,no sponsor block
ΨΗΠ04690Β1-ΣΔΖ,2025-12-05,ΧΕ-2230 ΣΕΙΡΑ Γ ΝΟΣ/2025 11ος/2025 ΕΠΑΛ ΜΑΘΗΤΕΣ,,,,no sponsor block
ΨΛΠΠ4690Β1-ΑΧ9,2025-12-05,ΧΕ-2229 ΣΕΙΡΑ Γ ΝΟΣ/2025 10/2025 ΕΠΑΛ ΜΑΘΗΤΕΣ,,,,no sponsor block
9ΖΛΧ4690Β1-Ο5Ω,2025-12-05,ΧΕ-2228 ΣΕΙΡΑ Γ ΝΟΣ/2025 11ος/2025 ΜΑΘΗΤΕΣ ΔΙΕΚ-ΑΜΙΣΘΟΙ,,,,no sponsor block
6Δ2Ζ4690Β1-ΛΔΨ,2025-12-05,"ΧΕ-2227 ΣΕΙΡΑ Γ ΝΟΣ/2025 05ος,06ος /2025 ΜΟΝΙΜΟΙ ΑΠΟΓΕΥΜΑΤ. ΧΕΙΡΟΥΡΓΕΙΑ",,,,no sponsor block
ΨΑΩΩ4690Β1-ΩΥΝ,2025-12-05,"ΧΕ-2226 ΣΕΙΡΑ Γ ΝΟΣ/2025 05ος,06ος /2025 ΙΑΤΡΟΙ ΑΠΟΓΕΥΜΑΤ. ΧΕΙΡΟΥΡΓΕΙΑ",,,,no sponsor block
ΡΗΖΤ4690Β1-Σ4Τ,2025-12-05,ΧΕ-2225 ΣΕΙΡΑ Γ ΝΟΣ/2025 11ος/2025 ΛΟΙΠΟΙ ΕΠΙΚΟΥΡΙΚΟΙ,,,,no sponsor block
ΨΠΘ94690Β1-ΘΤ4,2025-12-05,"ΧΕ-2224 ΣΕΙΡΑ Γ ΝΟΣ/2025 11ος/2025, ΜΙΣΘ. ΕΠΙΚΟΥΡΙΚΩΝ ΙΑΤΡΩΝ (ΧΕ 1313/25Γ, ΧΕ 672/25Γ, ΧΕ 19/20Γ)",,,,no sponsor block
ΕΠΝ14690Β1-ΥΟΥ,2025-12-05,ΧΕ-2223 ΣΕΙΡΑ Γ ΝΟΣ/2025 11ος/2025-(Γ2 ΟΜΑΔΑ) ΟΑΕΔ 55-67,,,,no sponsor block
ΨΒΚΛ4690Β1-3Λ3,2025-12-05,ΧΕ-2222 ΣΕΙΡΑ Γ ΝΟΣ/2025 11ος/2025-(Γ ΟΜΑΔΑ) ΟΑΕΔ 55-67,,,,no sponsor block
ΨΑ5Γ4690Β1-ΕΓ3,2025-12-05,ΧΕ-2221 ΣΕΙΡΑ Γ ΝΟΣ/2025 11ος/2025-(Β ΟΜΑΔΑ) ΟΑΕΔ 55-67,,,,no sponsor block
90ΦΕ4690Β1-4Ψ8,2025-12-05,ΧΕ-2220 ΣΕΙΡΑ Γ ΝΟΣ/2025 11ος/2025-(Α ΟΜΑΔΑ) ΟΑΕΔ 55-67,,,,no sponsor block
6Υ9Σ4690Β1-ΨΙΗ,2025-12-03,ΧΕ-2204 ΣΕΙΡΑ Γ ΝΟΣ/2025 01/11/25-28/11/25 ΑΠΟΔΟΣΗ ΚΡΑΤΗΣΕΩΝ ΠΡΟΜΗΘΕΥΤΩΝ,999476217,"ΔΗΜΟΣΙΟ, ΚΡΑΤ 2%, ΕΑΔΗΣΥ 0,10",60705.86,self-referential (payroll/EFKA/FMY remittance)
6Υ9Σ4690Β1-ΨΙΗ,2025-12-03,ΧΕ-2204 ΣΕΙΡΑ Γ ΝΟΣ/2025 01/11/25-28/11/25 ΑΠΟΔΟΣΗ ΚΡΑΤΗΣΕΩΝ ΠΡΟΜΗΘΕΥΤΩΝ,999476217,"ΔΗΜΟΣΙΟ, ΚΡΑΤ 2%, ΕΑΔΗΣΥ 0,10",860.47,self-referential (payroll/EFKA/FMY remittance)
6Υ9Σ4690Β1-ΨΙΗ,2025-12-03,ΧΕ-2204 ΣΕΙΡΑ Γ ΝΟΣ/2025 01/11/25-28/11/25 ΑΠΟΔΟΣΗ ΚΡΑΤΗΣΕΩΝ ΠΡΟΜΗΘΕΥΤΩΝ,999476217,"ΔΗΜΟΣΙΟ, ΚΡΑΤ 2%, ΕΑΔΗΣΥ 0,10",112.50,self-referential (payroll/EFKA/FMY remittance)
9Ο6Ν4690Β1-ΕΧ9,2025-11-28,ΧΕ-2137 ΣΕΙΡΑ Γ ΝΟΣ/2025 01/11/2025-28/11/2025 ΛΟΓΙΣΤΙΚΗ ΤΑΚΤΟΠΟΙΗΣΗ ΠΡΟΜΗΘΕΙΑΣ ΣΥΝΑΛΛΑΓΩΝ POS,,,,no sponsor block
9ΗΗΘ4690Β1-ΗΟΨ,2025-11-24,"ΧΕ-2003 ΣΕΙΡΑ Γ ΝΟΣ/2025 09ος/2025, ΤΡΑΥΜΑΤΙΟΦΟΡΕΩΝ-ΕΙΣΦΟΡΕΣ ΕΦΚΑ ΤΡΑΥΜΑΤΙΟΦ.ΜΑΚΡΟΧΡΟΝΙΑ ΑΝΕΡΓΩΝ",,,,no sponsor block
99ΤΖ4690Β1-ΨΤ0,2025-11-24,"ΧΕ-2002 ΣΕΙΡΑ Γ ΝΟΣ/2025 09ος/2025, ΜΑΚΡΟΧΡ.ΑΝΕΡΓΩΝ-ΚΑΤΑΒΟΛΗ ΦΟΡΟΥ ΑΠΟ ΠΡΟΣΘΕΤΕΣ ΑΜΟΙΒΕΣ ΜΑΚΡΟΧΡΟΝΙΑ ΑΝΕΡΓΩΝ ΟΑΕΔ",,,,no sponsor block
6ΧΩΠ4690Β1-ΜΘΕ,2025-11-24,"ΧΕ-2001 ΣΕΙΡΑ Γ ΝΟΣ/2025 09ος/2025, ΜΑΚΡΟΧΡ.ΑΝΕΡΓΩΝ-ΕΙΣΦΟΡΕΣ ΕΦΚΑ - ΑΠΑΣΧΟΛΟΥΜΕΝΩΝ ΜΕΣΩ ΠΡΟΓΡΑΜΜΑΤΟΣ ΟΑΕΔ ΜΑΚΡΟΧΡΟΝΙΑ ΑΝΕΡΓΩΝ",,,,no sponsor block
Ρ80Ι4690Β1-ΕΛ4,2025-11-19,ΧΕ-1973 ΣΕΙΡΑ Γ ΝΟΣ/2025 ΛΟΓΙΣΤΙΚΗ ΤΑΚΤΟΠΟΙΗΣΗ ΠΡΟΜΗΘΕΙΑΣ ΣΥΝΑΛΛΑΓΩN ΜΙΣΘΟΔΟΣΙΑΣ (ΕΑΠ 19-11-2025)  (56 ΑΤΟΜΑ),,,,no sponsor block
63Ψ44690Β1-8ΙΛ,2025-11-14,"ΧΕ-1958 ΣΕΙΡΑ Γ ΝΟΣ/2025 09ος/2025, ΕΦΗΜΕΡΙΕΣ Χ3 ΙΑΤΡΩΝ ΕΣΥ, ΑΠΟΖΗΜΙΩΣΗ ΤΟΥ ΑΡΘΡΟΥ 90 ΤΟΥ Ν.4850/21",,,,no sponsor block
ΡΤΛΤ4690Β1-Γ62,2025-11-14,"ΧΕ-1957 ΣΕΙΡΑ Γ ΝΟΣ/2025 08ος/2025, ΕΦΗΜΕΡΙΕΣ Χ3 ΙΑΤΡΩΝ ΕΣΥ, ΑΠΟΖΗΜΙΩΣΗ ΤΟΥ ΑΡΘΡΟΥ 90 ΤΟΥ Ν.4850/21",,,,no sponsor block
9Χ034690Β1-7Δ6,2025-11-14,"ΧΕ-1956 ΣΕΙΡΑ Γ ΝΟΣ/2025 07ος/2025, ΕΦΗΜΕΡΙΕΣ Χ3 ΙΑΤΡΩΝ ΕΣΥ, ΑΠΟΖΗΜΙΩΣΗ ΤΟΥ ΑΡΘΡΟΥ 90 ΤΟΥ Ν.4850/21",,,,no sponsor block
ΡΟΜΒ4690Β1-ΖΔΚ,2025-11-14,ΧΕ-1955 ΣΕΙΡΑ Γ ΝΟΣ/2025 ΟΔΟΙΠΟΡΙΚΑ ΕΞΟΔΑ (ΑΘΗΝΑ) ΚΑΙ ΗΜΕΡΗΣΙΑ ΑΠΟΖΗΜΙΩΣΗ,,,,no sponsor block
Ψ0Δ64690Β1-72Τ,2025-11-14,ΧΕ-1954 ΣΕΙΡΑ Γ ΝΟΣ/2025 ΟΔΟΙΠΟΡΙΚΑ ΕΞΟΔΑ (ΒΕΡΟΙΑ) ΚΑΙ ΗΜΕΡΗΣΙΑ ΑΠΟΖΗΜΙΩΣΗ,,,,no sponsor block
9ΚΡΛ4690Β1-ΡΦΘ,2025-11-14,"ΧΕ-1953 ΣΕΙΡΑ Γ ΝΟΣ/2025 10ος /25, ΕΠΙΚΟΥΡΙΚΟΙ ΙΑΤΡΟΙ COVID (ΧΕ 1552/20Γ ΠΑΠΑΕΥΘ.)",,,,no sponsor block
9ΞΞΒ4690Β1-669,2025-11-14,"ΧΕ-1952 ΣΕΙΡΑ Γ ΝΟΣ/2025 10ος /2025, ΛΟΙΠΟΙ ΕΠΙΚΟΥΡΙΚΟΙ COVID-19",,,,no sponsor block
ΨΨΧΦ4690Β1-8ΙΓ,2025-11-14,"ΧΕ-1951 ΣΕΙΡΑ Γ ΝΟΣ/2025 10ος/2025, 3ΜΗΝΩΝ ΣΥΜΒΑΣΕΩΝ ΑΝΑΣΤΟΛΩΝ",,,,no sponsor block
Ψ5ΚΘ4690Β1-ΩΛΧ,2025-11-12,"ΧΕ-1891 ΣΕΙΡΑ Γ ΝΟΣ/2025 ΑΠΟΦΑΣΗ Δ.Σ. 4Η/ΘΕΜΑ 49ο/30-10-2025, ΠΑΡΑΚΛΙΝΙΚΕΣ ΕΞΕΤΑΣΕΙΣ, Τα αριθμ. 13380/28-07-2025 έγγραφα",999476217,ΝΟΟΚΟΜΕΙΟ-ΓΕΝΝΗΜΑΤΑΣ,85.00,self-referential (payroll/EFKA/FMY remittance)
ΨΓΚ64690Β1-Τ0Χ,2025-11-10,ΧΕ-1869 ΣΕΙΡΑ Γ ΝΟΣ/2025 01/10/2025-31/10/2025 ΛΟΓΙΣΤΙΚΗ ΤΑΚΤΟΠΟΙΗΣΗ ΠΡΟΜΗΘΕΙΑΣ ΣΥΝΑΛΛΑΓΩΝ POS,,,,no sponsor block
ΡΧΩΕ4690Β1-16Ο,2025-11-10,ΧΕ-1868 ΣΕΙΡΑ Γ ΝΟΣ/2025 ΑΠΟΔΟΣΗ ΚΡΑΤΗΣΕΩΝ ΠΡΟΜΗΘΕΥΤΩΝ ΑΠΟ 01-10-2025 ΕΩΣ 31-10-2025,999476217,"ΔΗΜΟΣΙΟ, ΚΡΑΤ 2%, ΕΑΔΗΣΥ 0,10",29744.72,self-referential (payroll/EFKA/FMY remittance)
ΡΧΩΕ4690Β1-16Ο,2025-11-10,ΧΕ-1868 ΣΕΙΡΑ Γ ΝΟΣ/2025 ΑΠΟΔΟΣΗ ΚΡΑΤΗΣΕΩΝ ΠΡΟΜΗΘΕΥΤΩΝ ΑΠΟ 01-10-2025 ΕΩΣ 31-10-2025,999476217,"ΔΗΜΟΣΙΟ, ΚΡΑΤ 2%, ΕΑΔΗΣΥ 0,10",560.17,self-referential (payroll/EFKA/FMY remittance)
ΨΚΖΙ4690Β1-4ΔΨ,2025-11-06,ΧΕ-1864 ΣΕΙΡΑ Γ ΝΟΣ/2025 ΛΟΓΙΣΤΙΚΗ ΤΑΚΤΟΠΟΙΗΣΗ ΠΡΟΜΗΘΕΙΑΣ ΣΥΝΑΛΛΑΓΩN ΜΙΣΘΟΔΟΣΙΑΣ (ΕΑΠ 06-11-2025)  (470 ΑΤΟΜΑ),,,,no sponsor block
9ΞΙΤ4690Β1-ΛΘ3,2025-11-05,ΧΕ-1857 ΣΕΙΡΑ Γ ΝΟΣ/2025 09ος/2025 ΥΠΕΡΩΡΙΕΣ 3ΜΗΝΑ ΑΝΑΣΤΟΛΩΝ,,,,no sponsor block
Ψ4ΞΣ4690Β1-ΔΛΩ,2025-11-05,ΧΕ-1856 ΣΕΙΡΑ Γ ΝΟΣ/2025 09ος/2025 ΥΠΕΡΩΡΙΕΣ 500 ΤΡΑΥΜΑΤΙΟΦΟΡΕΙΣ,,,,no sponsor block
9ΛΔ94690Β1-Π3Χ,2025-11-05,ΧΕ-1855 ΣΕΙΡΑ Γ ΝΟΣ/2025 09ος/2025 ΥΠΕΡΩΡΙΕΣ ΑΧ,,,,no sponsor block
9ΕΔΣ4690Β1-96Ψ,2025-11-05,ΧΕ-1854 ΣΕΙΡΑ Γ ΝΟΣ/2025 09ος/2025 ΥΠΕΡΩΡΙΕΣ ΕΙΔΙΚΕΥΟΜ.ΝΟΣΗΛΕΥΤΩΝ,,,,no sponsor block
ΨΓ164690Β1-ΩΞΚ,2025-11-05,ΧΕ-1853 ΣΕΙΡΑ Γ ΝΟΣ/2025 09ος/2025 ΥΠΕΡΩΡΙΕΣ ΛΟΙΠΩΝ ΕΠΙΚΟΥΡΙΚΩΝ COVID-19,,,,no sponsor block
Ψ40Σ4690Β1-Γ0Ω,2025-11-05,ΧΕ-1852 ΣΕΙΡΑ Γ ΝΟΣ/2025 09ος/2025 ΥΠΕΡΩΡΙΕΣ ΛΟΙΠΩΝ ΕΠΙΚΟΥΡΙΚΩΝ,,,,no sponsor block
Ψ9ΝΝ4690Β1-ΤΥΣ,2025-11-05,ΧΕ-1851 ΣΕΙΡΑ Γ ΝΟΣ/2025 09ος/2025 ΥΠΕΡΩΡΙΕΣ (Γ2 ΟΜΑΔΑ) ΟΑΕΔ  55-67,,,,no sponsor block
ΨΚ314690Β1-4ΙΟ,2025-11-05,ΧΕ-1850 ΣΕΙΡΑ Γ ΝΟΣ/2025 09ος/2025 ΥΠΕΡΩΡΙΕΣ (Γ ΟΜΑΔΑ) ΟΑΕΔ  55-67,,,,no sponsor block
6ΓΓΤ4690Β1-ΩΓΝ,2025-11-05,ΧΕ-1849 ΣΕΙΡΑ Γ ΝΟΣ/2025 09ος/2025 ΥΠΕΡΩΡΙΕΣ (Β ΟΜΑΔΑ) ΟΑΕΔ  55-67,,,,no sponsor block
Ψ76Ρ4690Β1-Ρ6Γ,2025-11-05,ΧΕ-1848 ΣΕΙΡΑ Γ ΝΟΣ/2025 09ος/2025 ΥΠΕΡΩΡΙΕΣ (Α ΟΜΑΔΑ) ΟΑΕΔ  55-67,,,,no sponsor block
9Ο2Ε4690Β1-Τ3Ν,2025-11-05,ΧΕ-1847 ΣΕΙΡΑ Γ ΝΟΣ/2025 09ος/2025 ΥΠΕΡΩΡΙΕΣ ΜΟΝΙΜΗΣ ΥΠΑΛ.,,,,no sponsor block
Ψ5ΕΟ4690Β1-ΑΘ5,2025-11-05,ΧΕ-1846 ΣΕΙΡΑ Γ ΝΟΣ/2025 09ος/2025 ΥΠΕΡΩΡΙΕΣ ΜΟΝΙΜΟΙ,,,,no sponsor block
6ΧΥΟ4690Β1-ΚΗΤ,2025-11-05,ΧΕ-1845 ΣΕΙΡΑ Γ ΝΟΣ/2025 ΔΙΟΡΘ/ΚΗ 01ος/2024 ΔΙΕΚ ΜΑΘΗΤΗΣ,,,,no sponsor block
6Ν544690Β1-ΩΓΨ,2025-11-05,ΧΕ-1844 ΣΕΙΡΑ Γ ΝΟΣ/2025 10ος/2025 ΜΑΘΗΤΕΣ ΔΙΕΚ-ΑΜΙΣΘΟΙ,,,,no sponsor block
Ψ3Β94690Β1-ΞΕΒ,2025-11-05,ΧΕ-1843 ΣΕΙΡΑ Γ ΝΟΣ/2025 10ος/2025 ΛΟΙΠΟΙ ΕΠΙΚΟΥΡΙΚΟΙ,,,,no sponsor block
9Ξ2Σ4690Β1-Η04,2025-11-05,ΧΕ-1842 ΣΕΙΡΑ Γ ΝΟΣ/2025 10ος/2025-(Γ2 ΟΜΑΔΑ) ΟΑΕΔ 55-67,,,,no sponsor block
Ψ0ΛΘ4690Β1-45Ι,2025-11-05,ΧΕ-1841 ΣΕΙΡΑ Γ ΝΟΣ/2025 10ος/2025-(Γ ΟΜΑΔΑ) ΟΑΕΔ 55-67,,,,no sponsor block
629Θ4690Β1-ΒΨΑ,2025-11-05,ΧΕ-1840 ΣΕΙΡΑ Γ ΝΟΣ/2025 10ος/2025-(Β ΟΜΑΔΑ) ΟΑΕΔ 55-67,,,,no sponsor block
91Θ44690Β1-Λ07,2025-11-05,ΧΕ-1839 ΣΕΙΡΑ Γ ΝΟΣ/2025 10ος/2025-(Α ΟΜΑΔΑ) ΟΑΕΔ 55-67,,,,no sponsor block
6ΝΜ94690Β1-ΥΞΜ,2025-11-05,"ΧΕ-1838 ΣΕΙΡΑ Γ ΝΟΣ/2025 06ος/2025, ΕΦΗΜΕΡΙΕΣ Χ3 ΙΑΤΡΩΝ ΕΣΥ, ΑΠΟΖΗΜΙΩΣΗ ΤΟΥ ΑΡΘΡΟΥ 90 ΤΟΥ Ν.4850/21",,,,no sponsor block
9ΡΠΔ4690Β1-8Φ4,2025-11-05,"ΧΕ-1837 ΣΕΙΡΑ Γ ΝΟΣ/2025 05ος/2025, ΕΦΗΜΕΡΙΕΣ Χ3 ΙΑΤΡΩΝ ΕΣΥ, ΑΠΟΖΗΜΙΩΣΗ ΤΟΥ ΑΡΘΡΟΥ 90 ΤΟΥ Ν.4850/21",,,,no sponsor block
ΨΔΛΛ4690Β1-Α6Ε,2025-11-05,"ΧΕ-1836 ΣΕΙΡΑ Γ ΝΟΣ/2025 04ος/2025, ΕΦΗΜΕΡΙΕΣ Χ3 ΙΑΤΡΩΝ ΕΣΥ, ΑΠΟΖΗΜΙΩΣΗ ΤΟΥ ΑΡΘΡΟΥ 90 ΤΟΥ Ν.4850/21",,,,no sponsor block
ΨΛ5Ξ4690Β1-Ρ1Π,2025-11-05,ΧΕ-1835 ΣΕΙΡΑ Γ ΝΟΣ/2025 9ος/2025 ΕΦΗΜΕΡΙΕΣ ΕΠΙΚΟΥΡ.ΙΑΤΡΩΝ & ΕΠΙΚΟΥΡ.ΙΑΤΡΩΝ COVID-19,,,,no sponsor block
97ΤΓ4690Β1-29Φ,2025-11-04,"ΧΕ-1834 ΣΕΙΡΑ Γ ΝΟΣ/2025 9ος/2025 ΕΦΗΜΕΡΙΕΣ ΙΑΤΡΩΝ ΕΣΥ & ΕΙΔΙΚΕΥΟΜ.ΙΑΤΡΩΝ & ΕΠΙΣΤΡ.ΕΙΔ.ΕΙΣΦ.ΣΤΟΥΣ ΥΠΑΛΛΗΛΟΥΣ ΤΖΙΜΑ,ΚΩΝΣΤΑΝΤΙΝΙΔΟΥ,ΣΤΕΦΑΝΙΔΗΣ,ΤΖΩΡΤΖΙΔΟΥ",,,,no sponsor block
ΨΘΖ84690Β1-5Α7,2025-11-04,"ΧΕ-1833 ΣΕΙΡΑ Γ ΝΟΣ/2025 ΜΙΣΘ. ΕΠΙΚΟΥΡΙΚΩΝ ΙΑΤΡΩΝ 10ος-2025  (ΧΕ 1313/25Γ, ΧΕ 672/25Γ, ΧΕ 19/20Γ)",,,,no sponsor block
ΨΑΕΛ4690Β1-ΖΒΦ,2025-10-23,ΧΕ-1815 ΣΕΙΡΑ Γ ΝΟΣ/2025 ΑΠΟΔΟΣΗ ΚΡΑΤΗΣΕΩΝ ΜΙΣΘΟΔΟΣΙΑΣ ΕΑΠ 01/10/2025-20/10/2025,999476217,"ΑΠΟΔΟΣΗ ΚΡΑΤΗΣΕΩΝ ΔΗΜΟΣΙΟ, ΕΦΚΑ & ΛΟΙΠΑ ΤΑΜΕΙΑ",54420.11,self-referential (payroll/EFKA/FMY remittance)
ΨΑΕΛ4690Β1-ΖΒΦ,2025-10-23,ΧΕ-1815 ΣΕΙΡΑ Γ ΝΟΣ/2025 ΑΠΟΔΟΣΗ ΚΡΑΤΗΣΕΩΝ ΜΙΣΘΟΔΟΣΙΑΣ ΕΑΠ 01/10/2025-20/10/2025,999476217,"ΑΠΟΔΟΣΗ ΚΡΑΤΗΣΕΩΝ ΔΗΜΟΣΙΟ, ΕΦΚΑ & ΛΟΙΠΑ ΤΑΜΕΙΑ",58637.93,self-referential (payroll/EFKA/FMY remittance)
ΡΙ804690Β1-ΑΘΜ,2026-07-01,ΧΕ-1489 ΣΕΙΡΑ Γ ΝΟΣ/2026 ΑΠΟΔΟΣΗ ΚΡΑΤΗΣΕΩΝ ΠΡΟΜΗΘΕΥΤΩΝ ΑΠΟ 01-06-2026 ΕΩΣ 30-06-2026,999476217,"ΑΠΟΔΟΣΗ ΚΡΑΤΗΣ.ΠΡΟΜΗΘΕΥΤΩΝ ΔΗΜΟΣΙΟ, ΚΡΑΤ 2%, ΕΑΔΗΣΥ 0,10",7377.72,self-referential (payroll/EFKA/FMY remittance)
ΡΙ804690Β1-ΑΘΜ,2026-07-01,ΧΕ-1489 ΣΕΙΡΑ Γ ΝΟΣ/2026 ΑΠΟΔΟΣΗ ΚΡΑΤΗΣΕΩΝ ΠΡΟΜΗΘΕΥΤΩΝ ΑΠΟ 01-06-2026 ΕΩΣ 30-06-2026,999476217,"ΑΠΟΔΟΣΗ ΚΡΑΤΗΣ.ΠΡΟΜΗΘΕΥΤΩΝ ΔΗΜΟΣΙΟ, ΚΡΑΤ 2%, ΕΑΔΗΣΥ 0,10",42484.50,self-referential (payroll/EFKA/FMY remittance)
ΡΙ804690Β1-ΑΘΜ,2026-07-01,ΧΕ-1489 ΣΕΙΡΑ Γ ΝΟΣ/2026 ΑΠΟΔΟΣΗ ΚΡΑΤΗΣΕΩΝ ΠΡΟΜΗΘΕΥΤΩΝ ΑΠΟ 01-06-2026 ΕΩΣ 30-06-2026,999476217,"ΑΠΟΔΟΣΗ ΚΡΑΤΗΣ.ΠΡΟΜΗΘΕΥΤΩΝ ΔΗΜΟΣΙΟ, ΚΡΑΤ 2%, ΕΑΔΗΣΥ 0,10",6189.64,self-referential (payroll/EFKA/FMY remittance)
6Ν6Β4690Β1-4ΜΩ,2026-07-01,"ΧΕ-1473 ΣΕΙΡΑ Γ ΝΟΣ/2026 01/06/2026-30/06/2026, ΛΟΓΙΣΤΙΚΗ ΤΑΚΤΟΠΟΙΗΣΗ ΠΡΟΜΗΘΕΙΑΣ ΣΥΝΑΛΛΑΓΩΝ POS",,,,no sponsor block
ΕΟΩ84690Β1-ΚΝ7,2026-06-25,ΧΕ-1410 ΣΕΙΡΑ Γ ΝΟΣ/2026 ΠΡΟΜΗΘΕΙΑ ΥΛΙΚΩΝ ΣΥΝΤΗΡΗΣΗΣ ΚΙ ΕΠΙΣΚΕΥΗΣ ΚΤΙΡΙΩΝ,094373861,Γ.ΣΑΜΑΡΑΣ ΑΒΕΕ ΣΥΣ.ΙΑΤΡ.ΑΕΡΙΩΝ,-471.20,negative amount
ΨΦΩΝ4690Β1-ΝΘΚ,2026-06-30,"ΧΕ-1448 ΣΕΙΡΑ Γ ΝΟΣ/2026 1/1/2026 - 30/6/2026, ΛΟΓΙΣΤΙΚΗ ΤΑΚΤΟΠΟΙΗΣΗ ΦΟΡΟΥ ΤΟΚΩΝ ΛΟΓΑΡΙΑΣΜΟΥ ΠΑΓΙΑΣ ΠΡΟΚΑΤΑΒΟΛΗΣ Α ΕΞΑΜΗΝΟΥ 2026",,,,no sponsor block
63114690Β1-ΤΑ6,2026-06-30,"ΧΕ-1447 ΣΕΙΡΑ Γ ΝΟΣ/2026 1/1/2026 - 30/6/2026, ΛΟΓΙΣΤΙΚΗ ΤΑΚΤΟΠΟΙΗΣΗ ΦΟΡΟΥ ΤΟΚΩΝ ΛΟΓΑΡΙΑΣΜΟΥ ΤΑΜΕΙΑΚΗΣ ΔΙΑΧΕΙΡΙΣΗΣ Α ΕΞΑΜΗΝΟΥ 2026",,,,no sponsor block
ΨΙΟ74690Β1-ΓΡΨ,2026-06-17,ΧΕ-1325 ΣΕΙΡΑ Γ ΝΟΣ/2026 04ος/2026 ΕΙΣΦΟΡΕΣ ΕΦΚΑ ΤΡΑΥΜΑΤΙΟΦΟΡΕΙΣ,,,,no sponsor block
ΨΞΡΛ4690Β1-3ΤΔ,2026-06-17,ΧΕ-1324 ΣΕΙΡΑ Γ ΝΟΣ/2026 04/2026 ΜΑΚΡΟΧΡ.ΑΝΕΡΓΟΙ ΚΑΤΑΒΟΛΗ ΦΟΡΟΥ,,,,no sponsor block
9ΞΕΩ4690Β1-5ΚΡ,2026-06-17,ΧΕ-1323 ΣΕΙΡΑ Γ ΝΟΣ/2026 04ος/2026 ΜΑΚΡΟΧΡ.ΑΝΕΡΓΟΙ ΕΙΣΦΟΡΕΣ ΕΦΚΑ,,,,no sponsor block
6Α3Ζ4690Β1-ΒΗΩ,2026-06-18,ΧΕ-1356 ΣΕΙΡΑ Γ ΝΟΣ/2026 ΟΔΟΙΠΟΡΙΚΑ ΕΞΟΔΑ ΙΑΤΡΟΥ ΚΕΝΤΡΟΥ ΥΓΕΙΑΣ ΔΕΣΚΑΤΗΣ ΓΙΑ ΚΑΛΥΨΗ ΕΦΗΜΕΡΙΩΝ 11ος/2025-02ος/2026,,,,no sponsor block
6ΤΨΚ4690Β1-Π4Φ,2026-06-17,ΧΕ-1328 ΣΕΙΡΑ Γ ΝΟΣ/2026 ΛΟΓΙΣΤΙΚΗ ΤΑΚΤΟΠΟΙΗΣΗ ΠΡΟΜΗΘΕΙΑΣ ΣΥΝΑΛΛΑΓΩN ΜΙΣΘΟΔΟΣΙΑΣ (ΕΑΠ 18-06-2026)  (127 ΑΤΟΜΑ),,,,no sponsor block
Ψ6ΤΤ4690Β1-5Ο1,2026-06-17,ΧΕ-1327 ΣΕΙΡΑ Γ ΝΟΣ/2026 05ος/2026 3ΜΗΝΕΣ ΣΥΜΒΑΣΕΙΣ ΑΝΑΣΤΟΛΩΝ,,,,no sponsor block
Ψ1ΕΖ4690Β1-ΖΚΞ,2026-06-17,ΧΕ-1326 ΣΕΙΡΑ Γ ΝΟΣ/2026 05ος/2026 ΛΟΙΠΟΙ ΕΠΙΚΟΥΡ.COVID 19,,,,no sponsor block
9ΛΕΨ4690Β1-ΝΕ0,2026-06-17,ΧΕ-1322 ΣΕΙΡΑ Γ ΝΟΣ/2026 02ος/2026 ΕΦΗΜΕΡΙΕΣ Φ2 ΕΠΙΚΟΥΡ.ΙΑΤΡΟΙ (ΠΕΡΑΝ ΤΟΥ ΟΡΙΟΥ),,,,no sponsor block
ΨΜΩΡ4690Β1-ΦΕΝ,2026-06-17,ΧΕ-1321 ΣΕΙΡΑ Γ ΝΟΣ/2026 02ος/2026 ΕΦΗΜΕΡΙΕΣ Φ2 ΕΙΔΙΚΕΥΟΜΕΝΟΙ ΙΑΤΡΟΙ (ΠΕΡΑΝ ΤΟΥ ΟΡΙΟΥ),,,,no sponsor block
9ΨΜΗ4690Β1-0Ω0,2026-06-17,ΧΕ-1320 ΣΕΙΡΑ Γ ΝΟΣ/2026 02ος/2026 ΕΦΗΜΕΡΙΕΣ Φ2 ΙΑΤΡΟΙ ΕΣΥ (ΠΕΡΑΝ ΤΟΥ ΟΡΙΟΥ),,,,no sponsor block
9ΚΓΦ4690Β1-1ΞΕ,2026-06-17,ΧΕ-1319 ΣΕΙΡΑ Γ ΝΟΣ/2026 01ος/2026 ΕΦΗΜΕΡΙΕΣ Φ2 ΕΠΙΚΟΥΡ.ΙΑΤΡΟΙ (ΠΕΡΑΝ ΤΟΥ ΟΡΙΟΥ),,,,no sponsor block
90Ζ54690Β1-9ΜΨ,2026-06-17,ΧΕ-1318 ΣΕΙΡΑ Γ ΝΟΣ/2026 01ος/2026 ΕΦΗΜΕΡΙΕΣ Φ2 ΕΙΔΙΚΕΥΟΜ.ΙΑΤΡΟΙ (ΠΕΡΑΝ ΤΟΥ ΟΡΙΟΥ),,,,no sponsor block
9ΩΡΤ4690Β1-ΟΚΣ,2026-06-17,ΧΕ-1317 ΣΕΙΡΑ Γ ΝΟΣ/2026 01ος/2026 ΕΦΗΜΕΡΙΕΣ Φ2 ΙΑΤΡΟΙ ΕΣΥ (ΠΕΡΑΝ ΤΟΥ ΟΡΙΟΥ),,,,no sponsor block
6ΜΛΘ4690Β1-51Θ,2026-06-17,ΧΕ-1316 ΣΕΙΡΑ Γ ΝΟΣ/2026 12ος/2025 ΕΦΗΜΕΡΙΕΣ Φ2 ΕΠΙΚΟΥΡΙΚΟΙ ΙΑΤΡΟΙ (ΠΕΡΑΝ ΤΟΥ ΟΡΙΟΥ),,,,no sponsor block
9ΓΘΚ4690Β1-ΙΦΚ,2026-06-17,ΧΕ-1315 ΣΕΙΡΑ Γ ΝΟΣ/2026 12ος/2025 ΕΦΗΜΕΡΙΕΣ Φ2 ΕΙΔΙΚΕΥΟΜΕΝΟΙ ΙΑΤΡΟΙ (ΠΕΡΑΝ ΤΟΥ ΟΡΙΟΥ),,,,no sponsor block
9ΗΜΩ4690Β1-ΟΚΦ,2026-06-17,ΧΕ-1314 ΣΕΙΡΑ Γ ΝΟΣ/2026 12ος/2025 ΕΦΗΜΕΡΙΕΣ Φ2 ΙΑΤΡΟΙ ΕΣΥ (ΠΕΡΑΝ ΤΟΥ ΟΡΙΟΥ),,,,no sponsor block
9ΨΟΩ4690Β1-4ΘΚ,2026-06-04,ΧΕ-1175 ΣΕΙΡΑ Γ ΝΟΣ/2026 ΑΠΟΔΟΣΗ ΚΡΑΤΗΣΕΩΝ ΠΡΟΜΗΘΕΥΤΩΝ ΑΠΟ 01-05-2026 ΕΩΣ 28-05-2026,999476217,"ΑΠΟΔΟΣΗ ΚΡΑΤΗΣ.ΠΡΟΜΗΘΕΥΤΩΝ ΔΗΜΟΣΙΟ, ΚΡΑΤ 2%, ΕΑΔΗΣΥ 0,10",9059.39,self-referential (payroll/EFKA/FMY remittance)
9ΨΟΩ4690Β1-4ΘΚ,2026-06-04,ΧΕ-1175 ΣΕΙΡΑ Γ ΝΟΣ/2026 ΑΠΟΔΟΣΗ ΚΡΑΤΗΣΕΩΝ ΠΡΟΜΗΘΕΥΤΩΝ ΑΠΟ 01-05-2026 ΕΩΣ 28-05-2026,999476217,"ΑΠΟΔΟΣΗ ΚΡΑΤΗΣ.ΠΡΟΜΗΘΕΥΤΩΝ ΔΗΜΟΣΙΟ, ΚΡΑΤ 2%, ΕΑΔΗΣΥ 0,10",229.44,self-referential (payroll/EFKA/FMY remittance)
9ΨΟΩ4690Β1-4ΘΚ,2026-06-04,ΧΕ-1175 ΣΕΙΡΑ Γ ΝΟΣ/2026 ΑΠΟΔΟΣΗ ΚΡΑΤΗΣΕΩΝ ΠΡΟΜΗΘΕΥΤΩΝ ΑΠΟ 01-05-2026 ΕΩΣ 28-05-2026,999476217,"ΑΠΟΔΟΣΗ ΚΡΑΤΗΣ.ΠΡΟΜΗΘΕΥΤΩΝ ΔΗΜΟΣΙΟ, ΚΡΑΤ 2%, ΕΑΔΗΣΥ 0,10",33976.53,self-referential (payroll/EFKA/FMY remittance)
ΕΟΦΠ4690Β1-ΩΤΓ,2026-06-05,ΧΕ-1225 ΣΕΙΡΑ Γ ΝΟΣ/2026 ΕΚΚΑΘΑΡΙΣΗ ΕΝΦΙΑ ΟΙΚΟΝΟΜΙΚΟΥ ΕΤΟΥΣ 2026 (ΦΟΡΟΛΟΓΙΚΟΥ ΕΤΟΥΣ 2025),,,,no sponsor block
ΕΒΝΞ4690Β1-Ι01,2026-06-08,ΧΕ-1226 ΣΕΙΡΑ Γ ΝΟΣ/2026 ΛΟΓΙΣΤΙΚΗ ΤΑΚΤΟΠΟΙΗΣΗ ΠΡΟΜΗΘΕΙΑΣ ΣΥΝΑΛΛΑΓΩN ΜΙΣΘΟΔΟΣΙΑΣ (ΕΑΠ 08-06-2026)  (520 ΑΤΟΜΑ),,,,no sponsor block
ΕΟΡΦ4690Β1-ΟΑΡ,2026-06-05,ΧΕ-1224 ΣΕΙΡΑ Γ ΝΟΣ/2026 03ος/2026 ΕΠΙΣΤΑΣΙΑ ΣΥΜΠΛΗΡ. ΥΠΕΡΩΡΙΕΣ,,,,no sponsor block
Ψ7Β04690Β1-97Ξ,2026-06-05,ΧΕ-1223 ΣΕΙΡΑ Γ ΝΟΣ/2026 04ος/2026 500ΤΡΑΥΜΑΤΙΟΦΟΡΕΙΣ ΥΠΕΡΩΡΙΕΣ,,,,no sponsor block
92ΙΖ4690Β1-5Φ6,2026-06-05,ΧΕ-1222 ΣΕΙΡΑ Γ ΝΟΣ/2026 04ος/2026 3ΜΗΝΑ ΑΝΑΠΛΗΡ. ΥΠΕΡΩΡΙΕΣ,,,,no sponsor block
ΨΧ4Δ4690Β1-195,2026-06-05,ΧΕ-1221 ΣΕΙΡΑ Γ ΝΟΣ/2026 04ος/2026 ΑΧ ΥΠΕΡΩΡΙΕΣ,,,,no sponsor block
ΡΡ294690Β1-ΙΛ0,2026-06-05,ΧΕ-1220 ΣΕΙΡΑ Γ ΝΟΣ/2026 04ος/2026 ΕΙΔΙΚΕΥΟΜΕΝΟΙ ΝΟΣΗΛΕΥΤΕΣ ΥΠΕΡΩΡΙΕΣ,,,,no sponsor block
ΡΙΤΓ4690Β1-3ΔΦ,2026-06-05,ΧΕ-1219 ΣΕΙΡΑ Γ ΝΟΣ/2026 04ος/2026 ΛΟΙΠΟΙ ΕΠΙΚΟΥΡΙΚΟΙ ΥΠΕΡΩΡΙΕΣ,,,,no sponsor block
ΨΩΡΣ4690Β1-2ΦΕ,2026-06-05,ΧΕ-1218 ΣΕΙΡΑ Γ ΝΟΣ/2026 04ος/2026 ΛΟΙΠΟΙ ΕΠΙΚΟΥΡ.COVID-19 ΥΠΕΡΩΡΙΕΣ,,,,no sponsor block
ΡΧΟΑ4690Β1-ΞΤΘ,2026-06-05,ΧΕ-1217 ΣΕΙΡΑ Γ ΝΟΣ/2026 04ος/2026 Γ2 ΟΜΑΔΑ ΥΠΕΡΩΡΙΕΣ ΟΑΕΔ 55-67,,,,no sponsor block
9ΦΦΚ4690Β1-ΓΥΒ,2026-06-05,ΧΕ-1216 ΣΕΙΡΑ Γ ΝΟΣ/2026 04ος/2026 Γ ΟΜΑΔΑ ΥΠΕΡΩΡΙΕΣ ΟΑΕΔ 55-67,,,,no sponsor block
ΡΗΔΨ4690Β1-ΔΤΖ,2026-06-05,ΧΕ-1215 ΣΕΙΡΑ Γ ΝΟΣ/2026 04ος/2026 Β ΟΜΑΔΑ ΥΠΕΡΩΡΙΕΣ ΟΑΕΔ 55-67,,,,no sponsor block
92584690Β1-Φ4Ζ,2026-06-05,ΧΕ-1214 ΣΕΙΡΑ Γ ΝΟΣ/2026 04ος/2026 Α ΟΜΑΔΑ ΥΠΕΡΩΡΙΕΣ ΟΑΕΔ 55-67,,,,no sponsor block
ΡΔΟΡ4690Β1-ΔΞ0,2026-06-05,ΧΕ-1213 ΣΕΙΡΑ Γ ΝΟΣ/2026 04ος/2026 ΜΟΝΙΜΟΙ ΥΠΕΡΩΡΙΕΣ,,,,no sponsor block
97ΒΒ4690Β1-437,2026-06-05,"ΧΕ-1212 ΣΕΙΡΑ Γ ΝΟΣ/2026 05ος,07ος-10ος/2025 ΠΑΡΑΙΑΤΡΙΚΟ ΠΑΘΟΛΟΓΟΑΝΑΤΟΜΙΚΟ ΑΠΟΓΕΥΜΑΤΙΝΑ",,,,no sponsor block
ΨΡΙ14690Β1-Β6Ζ,2026-06-05,"ΧΕ-1211 ΣΕΙΡΑ Γ ΝΟΣ/2026 05ος,07ος-10ος/2025 ΙΑΤΡΟΙ ΑΠΟΓ.ΠΑΘΟΛΟΓΟΑΝΑΤΟΜΙΚΟ",,,,no sponsor block
Ρ2544690Β1-ΥΑΤ,2026-06-05,ΧΕ-1210 ΣΕΙΡΑ Γ ΝΟΣ/2026 04ος/2026 ΕΠΙΚΟΥΡΙΚΟΙ ΙΑΤΡΟΙ ΕΦΗΜΕΡΙΕΣ,,,,no sponsor block
ΨΗΦΔ4690Β1-4ΤΚ,2026-06-05,ΧΕ-1209 ΣΕΙΡΑ Γ ΝΟΣ/2026 04ος/2026 ΕΙΔΙΚΕΥΟΜΕΝΟΙ ΙΑΤΡΟΙ ΕΦΗΜΕΡΙΕΣ,,,,no sponsor block
ΡΟΨΑ4690Β1-Χ7Υ,2026-06-04,"ΧΕ-1208 ΣΕΙΡΑ Γ ΝΟΣ/2026 04ος/2026 ΕΦΗΜΕΡΙΕΣ ΙΑΤΡΩΝ & ΕΠΙΣΤΡ.ΕΙΔ.ΕΙΣΦ.ΑΛ.2% ΓΙΑ ΛΙΑΣΙΔΗ,ΠΕΪΔΗ,ΓΡΑΤΣΙΑ,ΖΑΒΙΤΣΑΝΟ,ΛΑΖΑΡΙΔΟΥ,ΚΑΡΑΜΠΑΣΗ, ΜΙΧΑ, ΡΑΖΗ,ΒΑΡΚΑ,ΡΟΥΜΕΛΙΩΤΗ",,,,no sponsor block
65Φ04690Β1-ΨΘΚ,2026-06-04,"ΧΕ-1207 ΣΕΙΡΑ Γ ΝΟΣ/2026 01ος,02ος,03ος/2026 ΕΠΙΚΟΥΡΙΚΟΙ ΙΑΤΡΟΙ ΑΠΟΓΕΥΜΑΤΙΝΑ ΙΑΤΡΕΙΑ",,,,no sponsor block
Ψ5ΙΥ4690Β1-ΔΦ1,2026-06-04,"ΧΕ-1206 ΣΕΙΡΑ Γ ΝΟΣ/2026 01ος,2ος,3ος/2026 ΛΟΙΠΟΙ ΕΠΙΚΟΥΡΙΚΟΙ ΑΠΟΓΕΥΜΑΤΙΝΑ ΙΑΤΡΕΙΑ",,,,no sponsor block
93ΧΩ4690Β1-27Υ,2026-06-04,"ΧΕ-1205 ΣΕΙΡΑ Γ ΝΟΣ/2026 01ος,02ος,03ος/2026 ΙΑΤΡΟΙ ΕΣΥ ΑΠΟΓΕΥΜΑΤΙΝΑ ΙΑΤΡΕΙΑ",,,,no sponsor block
ΨΛΛ64690Β1-ΟΚ2,2026-06-04,"ΧΕ-1204 ΣΕΙΡΑ Γ ΝΟΣ/2026 01ος,02ος,03ος/2026 ΜΟΝΙΜΟΙ ΑΠΟΓΕΥΜΑΤΙΝΑ ΙΑΤΡΕΙΑ",,,,no sponsor block
9Π7Ψ4690Β1-ΚΘΧ,2026-06-04,ΧΕ-1203 ΣΕΙΡΑ Γ ΝΟΣ/2026 05ος/2026 ΜΑΘΗΤΕΣ ΕΠΑΛ-ΙΕΚ,,,,no sponsor block
9ΟΝ74690Β1-7ΦΧ,2026-06-04,ΧΕ-1202 ΣΕΙΡΑ Γ ΝΟΣ/2026 05ος/2026 ΜΑΘΗΤΕΣ ΔΙΕΚ,,,,no sponsor block
Ψ0Θ44690Β1-ΟΗΞ,2026-06-04,ΧΕ-1201 ΣΕΙΡΑ Γ ΝΟΣ/2026 05ος/2026 ΜΑΘΗΤΕΣ ΤΕΙ,,,,no sponsor block
9ΖΙΚ4690Β1-73Ζ,2026-06-04,ΧΕ-1200 ΣΕΙΡΑ Γ ΝΟΣ/2026 05ος/2026 ΛΟΙΠΟΙ ΕΠΙΚΟΥΡΙΚΟΙ,,,,no sponsor block
9Ε8Ω4690Β1-5Ε7,2026-06-04,ΧΕ-1199 ΣΕΙΡΑ Γ ΝΟΣ/2026 05ος/2026 Γ2 ΟΜΑΔΑ ΟΑΕΔ 55-67,,,,no sponsor block
Ρ7ΚΘ4690Β1-7ΑΨ,2026-06-04,ΧΕ-1198 ΣΕΙΡΑ Γ ΝΟΣ/2026 05ος/2026 Γ ΟΜΑΔΑ ΟΑΕΔ 55-67,,,,no sponsor block
ΡΗΒ84690Β1-ΞΤΜ,2026-06-04,ΧΕ-1197 ΣΕΙΡΑ Γ ΝΟΣ/2026 05ος/2026 Β ΟΜΑΔΑ ΟΑΕΔ 55-67,,,,no sponsor block
9ΘΘΡ4690Β1-ΞΘ9,2026-06-04,ΧΕ-1196 ΣΕΙΡΑ Γ ΝΟΣ/2026 05ος/2026 Α ΟΜΑΔΑ ΟΑΕΔ 55-67,,,,no sponsor block
9ΖΠΖ4690Β1-ΓΛΟ,2026-06-04,"ΧΕ-1195 ΣΕΙΡΑ Γ ΝΟΣ/2026 5ος/26, ΕΠΙΚΟΥΡΙΚΟΙ ΙΑΤΡΟΙ",,,,no sponsor block
9Ν9Α4690Β1-Ω2Ρ,2026-05-19,ΧΕ-976 ΣΕΙΡΑ Γ ΝΟΣ/2026 ΠΡΟΜΗΘΕΙΑ ΥΓΕΙΟΝΟΜΙΚΟΥ ΥΛΙΚΟΥ,094503580,ΕΝΟΡΑΣΙΣ Α.Ε.,-261.56,negative amount
ΡΗΝ24690Β1-Γ1Μ,2026-05-14,ΧΕ-933 ΣΕΙΡΑ Γ ΝΟΣ/2026 03ος/2026 ΤΡΑΥΜΑΤΙΟΦ.ΕΙΣΦΟΡΕΣ ΕΦΚΑ,,,,no sponsor block
9ΞΟΙ4690Β1-9ΓΙ,2026-05-14,ΧΕ-932 ΣΕΙΡΑ Γ ΝΟΣ/2026 03ος/2026 ΜΑΚΡΟΧΡ.ΑΝΕΡΓΟΙ ΕΙΣΦΟΡΕΣ ΕΦΚΑ,,,,no sponsor block
6ΥΙΡ4690Β1-Τ25,2026-05-14,ΧΕ-931 ΣΕΙΡΑ Γ ΝΟΣ/2026 03/2026 ΜΑΚΡΟΧΡ.ΑΝΕΡΓΟΙ ΚΑΤΑΒΟΛΗ ΦΟΡΟΥ,,,,no sponsor block
9Β4Τ4690Β1-Β7Ω,2026-05-29,"ΧΕ-1146 ΣΕΙΡΑ Γ ΝΟΣ/2026 01/05/2026-31/05/2026, ΛΟΓΙΣΤΙΚΗ ΤΑΚΤΟΠΟΙΗΣΗ ΠΡΟΜΗΘΕΙΑΣ ΣΥΝΑΛΛΑΓΩΝ POS",,,,no sponsor block
ΨΥ9Η4690Β1-Λ0Β,2026-05-29,ΧΡΗΜΑΤΙΚΟ ΕΝΤΑΛΜΑ ΠΛΗΡΩΜΗς 1015/26Γ,,,,no sponsor block
ΨΙΧ44690Β1-ΧΚΦ,2026-05-07,"ΧΕ-846 ΣΕΙΡΑ Γ ΝΟΣ/2026 ΣΥΜΒ.33/2025 ΠΡΟΜ. ΙΑΤΡΙΚΩΝ ΑΕΡΙΩΝ & ΥΠΗΡΕΣΙΕΣ ΣΧΕΤΙΚΑ ΜΕ ΕΝΟΙΚΙΑΖ.ΦΙΑΛΕΣ ΙΑΤΡΙΚΩΝ ΑΕΡΙΩΝ, ΣΥΝΟΛ.ΑΞΙΑΣ ΦΙΑΛΩΝ 6.515,084€& ΥΠΗΡ.2.790,00€, ΕΝ.ΣΥΜΒΑΣΗΣ 10-10-2025, 1οΧΕ 357/26Γ, 25SYMV017711874",094073495,SOL HELLAS A.E.- ΕΛΛΗΝΙΚΗ ΒΙΟΜΗΧΑΝΙΑ ΠΑΡΑΓΩΓΗΣ ΑΕΡ,-843.20,negative amount
ΨΛΥΖ4690Β1-Δ33,2026-05-05,ΧΕ-797 ΣΕΙΡΑ Γ ΝΟΣ/2026 ΑΠΟΔΟΣΗ ΚΡΑΤΗΣΕΩΝ ΠΡΟΜΗΘΕΥΤΩΝ ΑΠΟ 01-04-2026 ΕΩΣ 30-04-2026,999476217,"ΑΠΟΔΟΣΗ ΚΡΑΤΗΣ.ΠΡΟΜΗΘΕΥΤΩΝ ΔΗΜΟΣΙΟ, ΚΡΑΤ 2%, ΕΑΔΗΣΥ 0,10",3168.21,self-referential (payroll/EFKA/FMY remittance)
ΨΛΥΖ4690Β1-Δ33,2026-05-05,ΧΕ-797 ΣΕΙΡΑ Γ ΝΟΣ/2026 ΑΠΟΔΟΣΗ ΚΡΑΤΗΣΕΩΝ ΠΡΟΜΗΘΕΥΤΩΝ ΑΠΟ 01-04-2026 ΕΩΣ 30-04-2026,999476217,"ΑΠΟΔΟΣΗ ΚΡΑΤΗΣ.ΠΡΟΜΗΘΕΥΤΩΝ ΔΗΜΟΣΙΟ, ΚΡΑΤ 2%, ΕΑΔΗΣΥ 0,10",257.25,self-referential (payroll/EFKA/FMY remittance)
ΨΛΥΖ4690Β1-Δ33,2026-05-05,ΧΕ-797 ΣΕΙΡΑ Γ ΝΟΣ/2026 ΑΠΟΔΟΣΗ ΚΡΑΤΗΣΕΩΝ ΠΡΟΜΗΘΕΥΤΩΝ ΑΠΟ 01-04-2026 ΕΩΣ 30-04-2026,999476217,"ΑΠΟΔΟΣΗ ΚΡΑΤΗΣ.ΠΡΟΜΗΘΕΥΤΩΝ ΔΗΜΟΣΙΟ, ΚΡΑΤ 2%, ΕΑΔΗΣΥ 0,10",27484.05,self-referential (payroll/EFKA/FMY remittance)
90Β34690Β1-4ΥΕ,2026-05-14,ΧΕ-936 ΣΕΙΡΑ Γ ΝΟΣ/2026 ΛΟΓΙΣΤΙΚΗ ΤΑΚΤΟΠΟΙΗΣΗ ΠΡΟΜΗΘΕΙΑΣ ΣΥΝΑΛΛΑΓΩN ΜΙΣΘΟΔΟΣΙΑΣ (ΕΑΠ 14-05-2026)  (38 ΑΤΟΜΑ),,,,no sponsor block
ΨΣ7Α4690Β1-ΘΚΑ,2026-05-14,ΧΕ-935 ΣΕΙΡΑ Γ ΝΟΣ/2026 04ος/2026 ΛΟΙΠΟΙ ΕΠΙΚΟΥΡΙΚΟΙ COVID-19,,,,no sponsor block
9ΠΜ34690Β1-ΩΩΞ,2026-05-14,ΧΕ-934 ΣΕΙΡΑ Γ ΝΟΣ/2026 04ος/2026 3ΜΗΝΕΣ ΣΥΜΒΑΣΕΙΣ ΑΝΑΣΤΟΛΩΝ,,,,no sponsor block
Ψ8ΑΖ4690Β1-ΖΘΠ,2026-05-07,ΧΕ-842 ΣΕΙΡΑ Γ ΝΟΣ/2026 ΛΟΓΙΣΤΙΚΗ ΤΑΚΤΟΠΟΙΗΣΗ ΠΡΟΜΗΘΕΙΑΣ ΣΥΝΑΛΛΑΓΩN ΜΙΣΘΟΔΟΣΙΑΣ (ΕΑΠ 07-05-2026)  (524 ΑΤΟΜΑ),,,,no sponsor block
ΡΣΙΧ4690Β1-1ΓΟ,2026-05-06,ΧΕ-836 ΣΕΙΡΑ Γ ΝΟΣ/2026 03ος/2026 ΣΥΜΠΛΗΡ. ΤΕΙ ΜΑΘΗΤΕΣ,,,,no sponsor block
9Α9Π4690Β1-1ΩΧ,2026-05-06,ΧΕ-835 ΣΕΙΡΑ Γ ΝΟΣ/2026 04ος/2026 ΤΕΙ ΜΑΘΗΤΕΣ,,,,no sponsor block
Ψ9ΗΠ4690Β1-2ΤΜ,2026-05-06,ΧΕ-833 ΣΕΙΡΑ Γ ΝΟΣ/2026 04ος/2026 ΔΙΕΚ ΜΑΘΗΤΕΣ,,,,no sponsor block
ΡΠΖΙ4690Β1-5Β2,2026-05-06,ΧΕ-832 ΣΕΙΡΑ Γ ΝΟΣ/2026 04ος/2026 ΕΠΑΛ-ΙΕΚ ΜΑΘΗΤΕΣ,,,,no sponsor block
92ΓΘ4690Β1-ΠΤΑ,2026-05-06,"ΧΕ-831 ΣΕΙΡΑ Γ ΝΟΣ/2026 4ος/26, ΕΠΙΚΟΥΡΙΚΟΙ ΙΑΤΡΟΙ",,,,no sponsor block
9ΚΝ14690Β1-21Ξ,2026-05-06,ΧΕ-830 ΣΕΙΡΑ Γ ΝΟΣ/2026 11ος/2025 ΙΑΤΡΟΙ ΕΣΥ ΚΑΡΔΙΑΓΓΕΙΑΚΑ ΔΟΞΙΑΔΗ ΠΡΟΓΡΑΜΜΑ,,,,no sponsor block
Ρ9Ρ34690Β1-ΝΑΓ,2026-05-06,ΧΕ-829 ΣΕΙΡΑ Γ ΝΟΣ/2026 11ος/2025 ΕΠΙΚΟΥΡΙΚΟ ΠΡΟΣΩΠ.ΚΑΡΔΙΑΓΓΕΙΑΚΑ ΔΟΞΙΑΔΗ ΠΡΟΓΡΑΜΜΑ,,,,no sponsor block
ΨΙΦ24690Β1-Λ34,2026-05-06,ΧΕ-828 ΣΕΙΡΑ Γ ΝΟΣ/2026 11ος/2025 ΜΟΝΙΜΟΙ ΚΑΡΔΙΑΓΓΕΙΑΚΑ ΔΟΞΙΑΔΗ ΠΡΟΓΡΑΜΜΑ,,,,no sponsor block
9ΓΘΑ4690Β1-ΗΡΛ,2026-05-06,ΧΕ-827 ΣΕΙΡΑ Γ ΝΟΣ/2026 10ος/2025 ΙΑΤΡΟΙ ΕΣΥ ΚΑΡΔΙΑΓΓΕΙΑΚΑ ΔΟΞΙΑΔΗ ΠΡΟΓΡΑΜΜΑ,,,,no sponsor block
9ΠΨΒ4690Β1-Τ00,2026-05-06,"ΧΕ-826 ΣΕΙΡΑ Γ ΝΟΣ/2026 4ος/26, ΕΠΙΚΟΥΡΙΚΟΙ ΙΑΤΡΟΙ",,,,no sponsor block
Ψ5ΡΧ4690Β1-6ΕΘ,2026-05-06,ΧΕ-825 ΣΕΙΡΑ Γ ΝΟΣ/2026 10ος/2025 ΕΠΙΚΟΥΡΙΚΟ ΠΡΟΣΩΠ. ΚΑΡΔΙΑΓΓΕΙΑΚΑ ΔΟΞΙΑΔΗΣ ΠΡΟΓΡΑΜΜΑ,,,,no sponsor block
ΨΜ094690Β1-ΧΔΘ,2026-05-06,ΧΕ-824 ΣΕΙΡΑ Γ ΝΟΣ/2026 10ος/2025 ΜΟΝΙΜΟΙ ΚΑΡΔΙΑΓΓΕΙΑΚΑ ΔΟΞΙΑΔΗ ΠΡΟΓΡΑΜΜΑ,,,,no sponsor block
6Α0Ε4690Β1-1ΕΜ,2026-05-06,"ΧΕ-823 ΣΕΙΡΑ Γ ΝΟΣ/2026 4ος/26, ΕΠΙΚΟΥΡΙΚΟΙ ΙΑΤΡΟΙ",,,,no sponsor block
6Χ144690Β1-ΤΟ2,2026-05-06,ΧΕ-822 ΣΕΙΡΑ Γ ΝΟΣ/2026 09ος/2025 ΙΑΤΡΟΙ ΕΣΥ ΚΑΡΔΙΑΓΓΕΙΑΚΑ ΔΟΞΙΑΔΗΣ ΠΡΟΓΡΑΜΜΑ,,,,no sponsor block
ΨΟΓΡ4690Β1-19Π,2026-05-06,ΧΕ-821 ΣΕΙΡΑ Γ ΝΟΣ/2026 09ος/2025 ΕΠΙΚΟΥΡΙΚΟ ΠΡΟΣΩΠΙΚΟ ΚΑΡΔΙΑΓΓΕΙΑΚΑ ΔΟΞΙΑΔΗ ΠΡΟΓΡΑΜΜΑ,,,,no sponsor block
Ε65Ε4690Β1-Ψ10,2026-05-06,ΧΕ-820 ΣΕΙΡΑ Γ ΝΟΣ/2026 09ος/2025 ΜΟΝΙΜΟΙ ΚΑΡΔΙΑΓΓΕΙΑΚΑ ΔΟΞΙΑΔΗ,,,,no sponsor block
ΨΙ024690Β1-Ζ58,2026-05-06,ΧΕ-819 ΣΕΙΡΑ Γ ΝΟΣ/2026 03ος/2026 ΕΠΙΚΟΥΡ.ΙΑΤΡΟΙ ΕΦΗΜΕΡΙΕΣ,,,,no sponsor block
ΨΕΡΜ4690Β1-Δ56,2026-05-06,ΧΕ-818 ΣΕΙΡΑ Γ ΝΟΣ/2026 03/2026 ΕΙΔΙΚΕΥΟΜ.ΙΑΤΡΟΙ ΕΦΗΜΕΡΙΕΣ,,,,no sponsor block
Ρ5ΝΩ4690Β1-ΖΩΚ,2026-05-06,"ΧΕ-817 ΣΕΙΡΑ Γ ΝΟΣ/2026 03ος/2026 ΕΦΗΜΕΡΙΕΣ ΙΑΤΡΩΝ & ΕΠΙΣΤΡ.ΕΙΔ.ΕΙΣΦ.ΑΛ.2% ΓΙΑ ΤΣΙΤΟΥΡΙΔΗ,ΒΛΑΧΒΕΗ,ΚΩΣΤΕΛΙΔΟΥ,ΡΑΖΗΣ,ΤΣΑΡΔΙΝΑΚΗ,ΤΣΟΛΑΚΙΔΗΣ, ΚΑΡΑΓΚΙΟΖΗΣ,ΑΛΜΠΕΡΗΣ,ΠΑΣΧΑΛΙΔΟΥ",,,,no sponsor block
Ρ8ΡΖ4690Β1-7Φ7,2026-05-05,ΧΕ-816 ΣΕΙΡΑ Γ ΝΟΣ/2026 01ος/2026 ΣΥΜΠΛΗΡΩΜΑΤΙΚΗ ΜΟΝΙΜΟΙ ΥΠΕΡΩΡΙΕΣ,,,,no sponsor block
9ΠΝΚ4690Β1-Ζ0Θ,2026-05-05,ΧΕ-815 ΣΕΙΡΑ Γ ΝΟΣ/2026 02ος/2026 ΣΥΜΠΛΗΡΩΜΑΤΙΚΗ ΛΟΙΠΟΙ ΕΠΙΚΟΥΡ.ΥΠΕΡΩΡΙΕΣ,,,,no sponsor block
96ΣΟ4690Β1-ΡΚΡ,2026-05-05,ΧΕ-814 ΣΕΙΡΑ Γ ΝΟΣ/2026 01ος/2026 ΣΥΜΠΛΗΡΩΜΑΤΙΚΗ ΛΟΙΠΟΙ ΕΠΙΚΟΥΡΙΚΟΙ ΥΠΕΡΩΡΙΕΣ,,,,no sponsor block
92ΗΜ4690Β1-1Γ4,2026-05-05,ΧΕ-813 ΣΕΙΡΑ Γ ΝΟΣ/2026 03ος/2026 500 ΤΡΑΥΜΑΤΙΟΦΟΡΕΙΣ ΥΠΕΡΩΡΙΕΣ,,,,no sponsor block
9ΛΗ44690Β1-Φ7Κ,2026-05-05,ΧΕ-812 ΣΕΙΡΑ Γ ΝΟΣ/2026 03ος/2026 ΑΧ ΥΠΕΡΩΡΙΕΣ,,,,no sponsor block
Ψ6Π74690Β1-9ΛΙ,2026-05-05,ΧΕ-811 ΣΕΙΡΑ Γ ΝΟΣ/2026 03ος/2026 ΕΙΔΙΚΕΥΟΜ.ΝΟΣΗΛΕΥΤΕΣ ΥΠΕΡΩΡΙΕΣ,,,,no sponsor block
98874690Β1-ΡΓΕ,2026-05-05,ΧΕ-810 ΣΕΙΡΑ Γ ΝΟΣ/2026 03ος/2026 ΛΟΙΠΟΙ ΕΠΙΚΟΥΡΙΚΟΙ ΥΠΕΡΩΡΙΕΣ,,,,no sponsor block
ΨΚΠΨ4690Β1-ΤΛΑ,2026-05-05,ΧΕ-809 ΣΕΙΡΑ Γ ΝΟΣ/2026 03ος/2026 ΛΟΙΠΟΙ ΕΠΙΚ.COVID-19 ΥΠΕΡΩΡΙΕΣ,,,,no sponsor block
9ΞΧΙ4690Β1-4ΣΚ,2026-05-05,"ΧΕ-808 ΣΕΙΡΑ Γ ΝΟΣ/2026 03ος/2026 Γ2 ΟΜΑΔΑ, ΥΠΕΡΩΡΙΕΣ ΟΑΕΔ 55-67",,,,no sponsor block
9ΗΨΔ4690Β1-ΡΨΠ,2026-05-05,ΧΕ-807 ΣΕΙΡΑ Γ ΝΟΣ/2026 03ος/2026 Γ ΟΜΑΔΑ ΥΠΕΡΩΡΙΕΣ ΟΑΕΔ 55-67,,,,no sponsor block
ΡΓΤΖ4690Β1-Ι4Τ,2026-05-05,ΧΕ-806 ΣΕΙΡΑ Γ ΝΟΣ/2026 03ος/2026 Β ΟΜΑΔΑ ΥΠΕΡΩΡΙΕΣ ΟΑΕΔ 55-67,,,,no sponsor block
ΨΔ2Μ4690Β1-4ΨΦ,2026-05-05,ΧΕ-805 ΣΕΙΡΑ Γ ΝΟΣ/2026 03ος/2026 Α ΟΜΑΔΑ ΥΠΕΡΩΡΙΕΣ ΟΑΕΔ 55-67,,,,no sponsor block
ΡΑΧΤ4690Β1-ΜΝ9,2026-05-05,ΧΕ-804 ΣΕΙΡΑ Γ ΝΟΣ/2026 03ος/2026 3ΜΗΝΑ ΑΝΑΠΛΗΡ. ΥΠΕΡΩΡΙΕΣ,,,,no sponsor block
96ΓΧ4690Β1-Θ5Κ,2026-05-05,ΧΕ-803 ΣΕΙΡΑ Γ ΝΟΣ/2026 03ος/2026 ΜΟΝΙΜΟΙ ΥΠΕΡΩΡΙΕΣ,,,,no sponsor block
ΨΦΨΑ4690Β1-ΣΕΣ,2026-05-05,ΧΕ-802 ΣΕΙΡΑ Γ ΝΟΣ/2026 04ος/2026 ΛΟΙΠΟΙ ΕΠΙΚΟΥΡΙΚΟΙ,,,,no sponsor block
63ΙΜ4690Β1-4ΝΦ,2026-05-05,ΧΕ-801 ΣΕΙΡΑ Γ ΝΟΣ/2026 04ος/2026 Γ2 ΟΜΑΔΑ ΟΑΕΔ 55-67,,,,no sponsor block
Ε73Χ4690Β1-ΝΗΔ,2026-05-05,ΧΕ-800 ΣΕΙΡΑ Γ ΝΟΣ/2026 04ος/2026 Γ ΟΜΑΔΑ ΟΑΕΔ 55-67,,,,no sponsor block
9Τ974690Β1-ΠΓΣ,2026-05-05,ΧΕ-799 ΣΕΙΡΑ Γ ΝΟΣ/2026 04ος/2026 Β ΟΜΑΔΑ ΟΑΕΔ 55-67,,,,no sponsor block
ΡΛΡΘ4690Β1-ΨΕΡ,2026-05-05,ΧΕ-798 ΣΕΙΡΑ Γ ΝΟΣ/2026 04ος/2026 Α ΟΜΑΔΑ ΟΑΕΔ 55-67,,,,no sponsor block
Ρ5644690Β1-ΣΩΒ,2026-04-27,ΧΕ-689 ΣΕΙΡΑ Γ ΝΟΣ/2026 ΠΡΟΜΗΘΕΙΑ ΥΓΕΙΟΝΟΜΙΚΟΥ ΥΛΙΚΟΥ,997608794,SYNERGY HEALTH CARE S.A,-0.11,negative amount
9Μ1Μ4690Β1-32Λ,2026-04-30,"ΧΕ-769 ΣΕΙΡΑ Γ ΝΟΣ/2026 01/04/2026-30/04/2026, ΛΟΓΙΣΤΙΚΗ ΤΑΚΤΟΠΟΙΗΣΗ ΠΡΟΜΗΘΕΙΑΣ ΣΥΝΑΛΛΑΓΩΝ POS",,,,no sponsor block
ΡΦ7Ζ4690Β1-5ΧΦ,2026-04-16,ΧΕ-645 ΣΕΙΡΑ Γ ΝΟΣ/2026 02ος/2026 ΤΡΑΥΜΑΤΙΟΦ. ΕΙΣΦΟΡΕΣ ΕΦΚΑ,,,,no sponsor block
Ρ83Π4690Β1-ΜΥ2,2026-04-16,ΧΕ-644 ΣΕΙΡΑ Γ ΝΟΣ/2026 02ος/2026 ΜΑΚΡΟΧΡ.ΑΝΕΡΓΟΙ ΚΑΤΑΒΟΛΗ ΦΟΡΟΥ,,,,no sponsor block
6Ζ864690Β1-ΧΜΛ,2026-04-16,ΧΕ-643 ΣΕΙΡΑ Γ ΝΟΣ/2026 02ος/2026 ΜΑΚΡΟΧΡ.ΑΝΕΡΓΟΙ ΕΙΣΦΟΡΕΣ ΕΦΚΑ,,,,no sponsor block
68984690Β1-32Χ,2026-03-31,ΧΕ-580 ΣΕΙΡΑ Γ ΝΟΣ/2026 ΑΠΟΔΟΣΗ ΚΡΑΤΗΣΕΩΝ ΠΡΟΜΗΘΕΥΤΩΝ ΑΠΟ 01-03-2026 ΕΩΣ 30-03-2026,999476217,"ΑΠΟΔΟΣΗ ΚΡΑΤΗΣ.ΠΡΟΜΗΘΕΥΤΩΝ ΔΗΜΟΣΙΟ, ΚΡΑΤ 2%, ΕΑΔΗΣΥ 0,10",37926.16,self-referential (payroll/EFKA/FMY remittance)
68984690Β1-32Χ,2026-03-31,ΧΕ-580 ΣΕΙΡΑ Γ ΝΟΣ/2026 ΑΠΟΔΟΣΗ ΚΡΑΤΗΣΕΩΝ ΠΡΟΜΗΘΕΥΤΩΝ ΑΠΟ 01-03-2026 ΕΩΣ 30-03-2026,999476217,"ΑΠΟΔΟΣΗ ΚΡΑΤΗΣ.ΠΡΟΜΗΘΕΥΤΩΝ ΔΗΜΟΣΙΟ, ΚΡΑΤ 2%, ΕΑΔΗΣΥ 0,10",2525.34,self-referential (payroll/EFKA/FMY remittance)
68984690Β1-32Χ,2026-03-31,ΧΕ-580 ΣΕΙΡΑ Γ ΝΟΣ/2026 ΑΠΟΔΟΣΗ ΚΡΑΤΗΣΕΩΝ ΠΡΟΜΗΘΕΥΤΩΝ ΑΠΟ 01-03-2026 ΕΩΣ 30-03-2026,999476217,"ΑΠΟΔΟΣΗ ΚΡΑΤΗΣ.ΠΡΟΜΗΘΕΥΤΩΝ ΔΗΜΟΣΙΟ, ΚΡΑΤ 2%, ΕΑΔΗΣΥ 0,10",6555.12,self-referential (payroll/EFKA/FMY remittance)
9ΙΑΑ4690Β1-ΘΛ4,2026-04-17,ΧΕ-651 ΣΕΙΡΑ Γ ΝΟΣ/2026 ΛΟΓΙΣΤΙΚΗ ΤΑΚΤΟΠΟΙΗΣΗ ΠΡΟΜΗΘΕΙΑΣ ΣΥΝΑΛΛΑΓΩN ΜΙΣΘΟΔΟΣΙΑΣ (ΕΑΠ 17-04-2026)  (40 ΑΤΟΜΑ),,,,no sponsor block
6Δ0Ξ4690Β1-ΑΑΥ,2026-04-16,ΧΕ-642 ΣΕΙΡΑ Γ ΝΟΣ/2026 12ος/25 ΕΠΙΚΟΥΡΙΚΟΙ ΙΑΤΡΟΙ (ΜΗΤΡΑ ΠΡΟΓΡ. ΔΟΞΙΑΔΗ),,,,no sponsor block
Ψ3ΒΗ4690Β1-ΣΑ6,2026-04-16,ΧΕ-641 ΣΕΙΡΑ Γ ΝΟΣ/2026 12ος/2025 ΙΑΤΡΟΙ ΕΣΥ (ΜΗΤΡΑ ΠΡΟΓΡΑΜΜΑ ΔΟΞΙΑΔΗ),,,,no sponsor block
9Φ5Ο4690Β1-2ΟΚ,2026-04-16,ΧΕ-640 ΣΕΙΡΑ Γ ΝΟΣ/2026 03ος/2026 ΛΟΙΠΟΙ ΕΠΙΚΟΥΡΙΚΟΙ COVID-19,,,,no sponsor block
ΨΙ8Ψ4690Β1-Σ2Δ,2026-04-16,ΧΕ-639 ΣΕΙΡΑ Γ ΝΟΣ/2026 03ος/2026 3ΜΗΝΕΣ ΣΥΜΒΑΣΕΙΣ ΑΝΑΣΤΟΛΩΝ,,,,no sponsor block
9ΝΔΜ4690Β1-ΛΤΕ,2026-03-31,"ΧΕ-579 ΣΕΙΡΑ Γ ΝΟΣ/2026 01/03/2026-31/03/2026, ΛΟΓΙΣΤΙΚΗ ΤΑΚΤΟΠΟΙΗΣΗ ΠΡΟΜΗΘΕΙΑΣ ΣΥΝΑΛΛΑΓΩΝ POS",,,,no sponsor block
9Δ6Α4690Β1-5ΒΜ,2026-03-31,ΧΕ-578 ΣΕΙΡΑ Γ ΝΟΣ/2026 ΛΟΓΙΣΤΙΚΗ ΤΑΚΤΟΠΟΙΗΣΗ ΠΡΟΜΗΘΕΙΑΣ ΣΥΝΑΛΛΑΓΩN ΜΙΣΘΟΔΟΣΙΑΣ (ΕΑΠ 31-03-2026)  (525 ΑΤΟΜΑ),,,,no sponsor block
ΨΨΧΒ4690Β1-1ΔΥ,2026-03-30,ΧΕ-577 ΣΕΙΡΑ Γ ΝΟΣ/2026 09ος & 10ος/2025 ΛΟΙΠΟΙ ΕΠΙΚΟΥΡΙΚΟΙ ΑΠΟΓ.ΧΕΙΡΟΥΡΓΕΙΑ,,,,no sponsor block
ΡΟ4Τ4690Β1-ΩΔΛ,2026-03-30,ΧΕ-576 ΣΕΙΡΑ Γ ΝΟΣ/2026 09ος & 10ος/2025 ΜΟΝΙΜΟΙ ΑΠΟΓ.ΧΕΙΡΟΥΡΓΕΙΑ,,,,no sponsor block
9ΦΗ04690Β1-ΒΩ3,2026-03-30,ΧΕ-575 ΣΕΙΡΑ Γ ΝΟΣ/2026 09ος & 10ος/2025 ΕΠΙΚΟΥΡΙΚΟΙ ΙΑΤΡΟΙ ΑΠΟΓ.ΧΕΙΡΟΥΡΓΕΙΑ,,,,no sponsor block
Ρ7ΑΧ4690Β1-Χ1Π,2026-03-30,ΧΕ-574 ΣΕΙΡΑ Γ ΝΟΣ/2026 09ος & 10ος/2025 ΙΑΤΡΟΙ ΕΣΥ ΑΠΟΓ.ΧΕΙΡΟΥΡΓΕΙΑ,,,,no sponsor block
92Ι64690Β1-ΟΧΚ,2026-03-30,"ΧΕ-573 ΣΕΙΡΑ Γ ΝΟΣ/2026 3ος/26, ΜΑΘΗΤΕΣ ΤΕΙ",,,,no sponsor block
ΨΝΕΕ4690Β1-85Α,2026-03-30,"ΧΕ-572 ΣΕΙΡΑ Γ ΝΟΣ/2026 3ος/26, ΜΑΘΗΤΕΣ ΕΠΑΛ-ΙΕΚ",,,,no sponsor block
9ΜΩΚ4690Β1-ΟΣ7,2026-03-30,"ΧΕ-571 ΣΕΙΡΑ Γ ΝΟΣ/2026 3ος/26, ΜΑΘΗΤΕΣ ΔΙΕΚ",,,,no sponsor block
Ψ3ΣΨ4690Β1-79Π,2026-03-30,"ΧΕ-570 ΣΕΙΡΑ Γ ΝΟΣ/2026 3ος/26, ΛΟΙΠΟΙ ΕΠΙΚΟΥΡΙΚΟΙ",,,,no sponsor block
9ΕΓΞ4690Β1-Κ9Φ,2026-03-27,"ΧΕ-569 ΣΕΙΡΑ Γ ΝΟΣ/2026 2ος/26, ΥΠΕΡΩΡΙΕΣ Α.Χ.",,,,no sponsor block
Ρ6ΡΡ4690Β1-87Φ,2026-03-27,"ΧΕ-568 ΣΕΙΡΑ Γ ΝΟΣ/2026 2ος/26, ΥΠΕΡΩΡΙΕΣ 500 ΤΡΑΥΜΑΤΙΟΦΟΡΕΙΣ",,,,no sponsor block
9Β694690Β1-Ν9Ο,2026-03-27,"ΧΕ-567 ΣΕΙΡΑ Γ ΝΟΣ/2026 2ος/26, ΥΠΕΡΩΡΙΕΣ Α ΟΜΑΔΑ ΟΑΕΔ 55-67",,,,no sponsor block
97ΛΡ4690Β1-Γ9Θ,2026-03-27,"ΧΕ-566 ΣΕΙΡΑ Γ ΝΟΣ/2026 2ος/26, ΥΠΕΡΩΡΙΕΣ Β ΟΜΑΔΑ ΟΑΕΔ 55-67",,,,no sponsor block
9Ω5Λ4690Β1-ΞΞ0,2026-03-27,"ΧΕ-565 ΣΕΙΡΑ Γ ΝΟΣ/2026 2ος/26, ΥΠΕΡΩΡΙΕΣ Γ ΟΜΑΔΑ ΟΑΕΔ 55-67",,,,no sponsor block
ΨΔΧ34690Β1-Χ1Ο,2026-03-27,"ΧΕ-564 ΣΕΙΡΑ Γ ΝΟΣ/2026 2ος/26, ΥΠΕΡΩΡΙΕΣ Γ2 ΟΜΑΔΑ ΟΑΕΔ 55-67",,,,no sponsor block
Ψ8ΩΓ4690Β1-Υ58,2026-03-27,"ΧΕ-563 ΣΕΙΡΑ Γ ΝΟΣ/2026 2ος/26, ΥΠΕΡΩΡΙΕΣ 3ΜΗΝΑ ΑΝΑΠΛΗΡ.",,,,no sponsor block
90ΛΝ4690Β1-7ΛΤ,2026-03-27,"ΧΕ-562 ΣΕΙΡΑ Γ ΝΟΣ/2026 2ος/26, ΥΠΕΡΩΡΙΕΣ ΛΟΙΠΟΙ ΕΠΙΚΟΥΡΙΚΟΙ COVID-19",,,,no sponsor block
ΨΦ0Β4690Β1-063,2026-03-27,"ΧΕ-561 ΣΕΙΡΑ Γ ΝΟΣ/2026 2ος/26, ΥΠΕΡΩΡΙΕΣ ΛΟΙΠΟΙ ΕΠΙΚΟΥΡΙΚΟΙ",,,,no sponsor block
ΨΖ434690Β1-24Γ,2026-03-27,"ΧΕ-560 ΣΕΙΡΑ Γ ΝΟΣ/2026 2ος/26, ΥΠΕΡΩΡΙΕΣ ΕΙΔΙΚΕΥΟΜΕΝΟΙ ΝΟΣΗΛΕΥΤΕΣ",,,,no sponsor block
Ψ8ΝΩ4690Β1-ΗΑΙ,2026-03-27,"ΧΕ-559 ΣΕΙΡΑ Γ ΝΟΣ/2026 2ος/26, ΥΠΕΡΩΡΙΕΣ ΜΟΝΙΜΟΙ",,,,no sponsor block
Ψ0ΖΤ4690Β1-ΤΣ8,2026-03-27,"ΧΕ-558 ΣΕΙΡΑ Γ ΝΟΣ/2026 03ος/2026, Γ2 ΟΜΑΔΑ ΟΑΕΔ 55-67",,,,no sponsor block
9ΙΒΛ4690Β1-ΦΡΡ,2026-03-27,"ΧΕ-557 ΣΕΙΡΑ Γ ΝΟΣ/2026 1ος/26, ΥΠΕΡΩΡΙΕΣ ΛΟΙΠΟΙ ΕΠΙΚΟΥΡΙΚΟΙ",,,,no sponsor block
Ψ2ΖΘ4690Β1-ΝΓ7,2026-03-27,ΧΕ-556 ΣΕΙΡΑ Γ ΝΟΣ/2026 03ος/2026 Γ ΟΜΑΔΑ ΟΑΕΔ 55-67,,,,no sponsor block
Ψ87Ξ4690Β1-Λ9Φ,2026-03-27,"ΧΕ-555 ΣΕΙΡΑ Γ ΝΟΣ/2026 1ος/26, ΥΠΕΡΩΡ.ΕΙΔΙΚΕΥΟΜΕΝΟΙ ΝΟΣΗΛΕΥΤΕΣ",,,,no sponsor block
9ΝΞ44690Β1-ΩΙ1,2026-03-27,"ΧΕ-554 ΣΕΙΡΑ Γ ΝΟΣ/2026 1ος/26, ΥΠΕΡΩΡΙΕΣ ΛΟΙΠΟΙ ΕΠΙΚΟΥΡΙΚΟΙ COVID-19",,,,no sponsor block
Ψ3Θ94690Β1-558,2026-03-27,"ΧΕ-553 ΣΕΙΡΑ Γ ΝΟΣ/2026 1ος/26, ΥΠΕΡΩΡΙΕΣ Α ΟΜΑΔΑ, ΟΑΕΔ 55-67",,,,no sponsor block
9ΔΤ54690Β1-6ΤΩ,2026-03-27,"ΧΕ-552 ΣΕΙΡΑ Γ ΝΟΣ/2026 03ος/2026, Β ΟΜΑΔΑ ΟΑΕΔ 55-67",,,,no sponsor block
ΨΟΚΖ4690Β1-ΥΘΣ,2026-03-27,"ΧΕ-551 ΣΕΙΡΑ Γ ΝΟΣ/2026 1ος/26, ΥΠΕΡΩΡΙΕΣ Β ΟΜΑΔΑ, ΟΑΕΔ 55-67",,,,no sponsor block
ΨΓΤΑ4690Β1-Ζ19,2026-03-27,"ΧΕ-550 ΣΕΙΡΑ Γ ΝΟΣ/2026 03ος/2026, Α ΟΜΑΔΑ ΟΑΕΔ 55-67",,,,no sponsor block
9ΧΛΚ4690Β1-ΣΦΟ,2026-03-27,"ΧΕ-549 ΣΕΙΡΑ Γ ΝΟΣ/2026 1ος/26, ΥΠΕΡΩΡΙΕΣ Γ ΟΜΑΔΑ, ΟΑΕΔ 55-67",,,,no sponsor block
9Δ124690Β1-ΑΘΙ,2026-03-27,"ΧΕ-548 ΣΕΙΡΑ Γ ΝΟΣ/2026 1ος/26, ΥΠΕΡΩΡΙΕΣ Γ2 ΟΜΑΔΑ ΟΑΕΔ 55-67",,,,no sponsor block
ΨΛΦΒ4690Β1-ΦΧΞ,2026-03-27,"ΧΕ-547 ΣΕΙΡΑ Γ ΝΟΣ/2026 1ος/26, ΥΠΕΡΩΡ. 3ΜΗΝΑ ΑΝΑΠΛΗΡ.",,,,no sponsor block
9ΔΚ94690Β1-5ΘΤ,2026-03-27,"ΧΕ-546 ΣΕΙΡΑ Γ ΝΟΣ/2026 1ος/26, ΥΠΕΡΩΡΙΕΣ 500 ΤΡΑΥΜΑΤΙΟΦΟΡΕΙΣ",,,,no sponsor block
ΨΙΔΗ4690Β1-ΩΝ0,2026-03-27,"ΧΕ-545 ΣΕΙΡΑ Γ ΝΟΣ/2026 1ος/26, ΥΠΕΡΩΡΙΕΣ ΑΧ",,,,no sponsor block
ΨΥΙ44690Β1-Β7Κ,2026-03-27,"ΧΕ-544 ΣΕΙΡΑ Γ ΝΟΣ/2026 1ος/26, ΥΠΕΡΩΡΙΕΣ ΜΟΝΙΜΟΙ",,,,no sponsor block
9ΑΩΦ4690Β1-3Γ2,2026-03-27,"ΧΕ-543 ΣΕΙΡΑ Γ ΝΟΣ/2026 03ος/2026, ΕΠΙΚΟΥΡΙΚΟΙ ΙΑΤΡΟΙ",,,,no sponsor block
9ΜΡΠ4690Β1-Λ73,2026-03-27,"ΧΕ-542 ΣΕΙΡΑ Γ ΝΟΣ/2026 02ος/2026, ΕΦΗΜ.ΕΙΔΙΚΕΥΟΜ.ΙΑΤΡΟΙ",,,,no sponsor block
91Ρ84690Β1-12Δ,2026-03-27,"ΧΕ-541 ΣΕΙΡΑ Γ ΝΟΣ/2026 02ος/2026, ΕΦΗΜ.ΕΠΙΚΟΥΡ.ΙΑΤΡΩΝ",,,,no sponsor block
ΨΨΔ64690Β1-2ΘΧ,2026-03-27,"ΧΕ-540 ΣΕΙΡΑ Γ ΝΟΣ/2026 02ος/2026, ΕΦΗΜ.ΙΑΤΡΩΝ &ΕΠΙΣΤΡ.ΕΙΔ.ΕΙΣΦ.ΑΛ. ΓΩΝΙΑΔΗΣ,ΔΑΤΣΕΡΗΣ,ΗΛΙΑΔΟΥ,ΠΑΠΑΔΟΠΟΥΛΟΥ,ΠΑΠΑΘΑΝΑΣΙΟΥ,ΦΕΤΕΛΕ,ΧΑΣΑΠΗΣ,ΤΖΗΚΟΥΛΗΣ",,,,no sponsor block
ΨΧΗΓ4690Β1-ΟΛΛ,2026-03-27,ΧΕ-539 ΣΕΙΡΑ Γ ΝΟΣ/2026 01ος/2026 ΕΦΗΜ. ΕΠΙΚΟΥΡ.ΙΑΤΡΩΝ,,,,no sponsor block
ΨΦΙΟ4690Β1-9ΝΘ,2026-03-27,ΧΕ-538 ΣΕΙΡΑ Γ ΝΟΣ/2026 01ος/2026 ΕΦΗΜ. ΕΙΔΙΚΕΥΟΜ.ΙΑΤΡΟΙ,,,,no sponsor block
ΨΚΞ64690Β1-ΖΗΣ,2026-03-27,"ΧΕ-537 ΣΕΙΡΑ Γ ΝΟΣ/2026 01ος/2026 ΕΦΗΜ.ΙΑΤΡΩΝ ΕΣΥ & ΕΠΙΣΤΡ.ΕΙΣΦ.ΑΛ. ΜΠΟΥΡΑΣ, ΠΑΧΗ, ΣΑΝΙΔΗΣ,ΣΕΡΕΦΙΔΟΥ,ΤΣΑΜΟΣ,ΑΡΟΥΤΣΙΔΗΣ",,,,no sponsor block
9ΓΙΖ4690Β1-ΤΝ4,2026-03-27,ΧΕ-536 ΣΕΙΡΑ Γ ΝΟΣ/2026 11ος/2025 ΕΦΗΜ.Φ2 ΕΠΙΚΟΥΡ.ΙΑΤΡΟΙ,,,,no sponsor block
ΨΑΒΝ4690Β1-ΚΑΜ,2026-03-27,ΧΕ-535 ΣΕΙΡΑ Γ ΝΟΣ/2026 11ος/2025 ΕΦΗΜ.Φ2 ΕΙΔΙΚΕΥΟΜ.ΙΑΤΡΟΙ,,,,no sponsor block
ΨΒΟΣ4690Β1-Γ9Ε,2026-03-27,ΧΕ-534 ΣΕΙΡΑ Γ ΝΟΣ/2026 11ος/2025 ΕΦΗΜ.Φ2 ΙΑΤΡΟΙ ΕΣΥ,,,,no sponsor block
98ΚΟ4690Β1-ΛΕΦ,2026-03-27,ΧΕ-533 ΣΕΙΡΑ Γ ΝΟΣ/2026 10ος/2025 ΕΦΗΜ.Φ2 ΕΠΙΚ.ΙΑΤΡΟΙ & ΕΠΙΚ.ΙΑΤΡΟΙ COVID,,,,no sponsor block
6Μ0Υ4690Β1-Μ7Ζ,2026-03-27,ΧΕ-532 ΣΕΙΡΑ Γ ΝΟΣ/2026 10ος/2025 ΕΦΗΜ.Φ2 ΕΙΔΙΚΕΥΟΜΕΝΟΙ ΙΑΤΡΟΙ,,,,no sponsor block
9Φ4Α4690Β1-Τ05,2026-03-27,"ΧΕ-531 ΣΕΙΡΑ Γ ΝΟΣ/2026 10ος/25, ΕΦΗΜ.Φ2 ΙΑΤΡΟΙ ΕΣΥ",,,,no sponsor block
9ΝΟΥ4690Β1-Τ3Τ,2026-03-16,ΧΕ-363 ΣΕΙΡΑ Γ ΝΟΣ/2026 01ος/2026 ΕΙΣΦΟΡΕΣ ΕΦΚΑ ΤΡΑΥΜΑΤΙΟΦΟΡΕΩΝ-ΜΑΚΡΟΧΡΟΝΙΑ ΑΝΕΡΓΩΝ,,,,no sponsor block
ΡΨ6Α4690Β1-94Μ,2026-03-16,ΧΕ-362 ΣΕΙΡΑ Γ ΝΟΣ/2026 01ος/2026 ΚΑΤΑΒΟΛΗ ΦΟΡΟΥ ΑΠΟ ΠΡΟΣΘΕΤΕΣ ΑΜΟΙΒΕΣ ΜΑΚΡΟΧΡΟΝΙΑ ΑΝΕΡΓΩΝ ΟΑΕΔ,,,,no sponsor block
99Φ84690Β1-Ν1Τ,2026-03-16,ΧΕ-361 ΣΕΙΡΑ Γ ΝΟΣ/2026 01ος/2026 ΕΙΣΦΟΡΕΣ ΕΦΚΑ ΑΠΑΣΧΟΛΟΥΜΕΝΩΝ ΜΕΣΩ ΠΡΟΓΡΑΜΜΑΤΟΣ ΟΑΕΔ ΜΑΚΡΟΧΡΟΝΙΑ ΑΝΕΡΓΩΝ,,,,no sponsor block
ΡΗΘΖ4690Β1-ΦΔΣ,2026-03-20,ΧΕ-429 ΣΕΙΡΑ Γ ΝΟΣ/2026 ΛΟΓΙΣΤΙΚΗ ΤΑΚΤΟΠΟΙΗΣΗ ΠΡΟΜΗΘΕΙΑΣ ΣΥΝΑΛΛΑΓΩN ΜΙΣΘΟΔΟΣΙΑΣ (ΕΑΠ 19-03-2026)  (80 ΑΤΟΜΑ),,,,no sponsor block
9ΦΒΧ4690Β1-1ΡΕ,2026-03-18,"ΧΕ-419 ΣΕΙΡΑ Γ ΝΟΣ/2026 12ος/25, ΜΟΝΙΜΟΙ ΑΠΟΓΕΥΜΑΤΙΝΑ ΙΑΤΡΕΙΑ.",,,,no sponsor block
ΡΟ2Φ4690Β1-ΟΝΑ,2026-03-18,"ΧΕ-418 ΣΕΙΡΑ Γ ΝΟΣ/2026 12ος/25, ΛΟΙΠΟΙ ΕΠΙΚΟΥΡΙΚΟΙ ΑΠΟΓΕΥΜΑΤΙΝΑ ΙΑΤΡΕΙΑ",,,,no sponsor block
Ρ48Δ4690Β1-Φ7Η,2026-03-18,"ΧΕ-417 ΣΕΙΡΑ Γ ΝΟΣ/2026 12ος/25, ΕΠΙΚΟΥΡΙΚΟΙ ΙΑΤΡΟΙ ΑΠΟΓΕΥΜΑΤΙΝΑ ΙΑΤΡΕΙΑ",,,,no sponsor block
ΨΔΥ84690Β1-ΕΗΤ,2026-03-18,"ΧΕ-416 ΣΕΙΡΑ Γ ΝΟΣ/2026 12ος/25, ΙΑΤΡΟΙ ΕΣΥ ΑΠΟΓΕΥΜΑΤΙΝΑ ΙΑΤΡΕΙΑ",,,,no sponsor block
6ΖΠ14690Β1-4ΙΒ,2026-03-18,"ΧΕ-415 ΣΕΙΡΑ Γ ΝΟΣ/2026 11ος/25, ΛΟΙΠΟΙ ΕΠΙΚΟΥΡΙΚΟΙ, ΛΟΙΠΟΙ ΕΠΙΚΟΥΡΙΚΟΙ COVID-19, ΑΠΟΓΕΥΜΑΤΙΝΑ ΙΑΤΡΕΙΑ",,,,no sponsor block
ΨΟ7Υ4690Β1-ΗΤΧ,2026-03-18,"ΧΕ-414 ΣΕΙΡΑ Γ ΝΟΣ/2026 11ος/25, ΜΟΝΙΜΟΙ ΑΠΟΓΕΥΜΑΤΙΝΑ ΙΑΤΡΕΙΑ.",,,,no sponsor block
6ΔΩΚ4690Β1-Γ3Ι,2026-03-18,"ΧΕ-412 ΣΕΙΡΑ Γ ΝΟΣ/2026 11ος/25, ΕΠΙΚΟΥΡΙΚΟΙ ΙΑΤΡΟΙ ΑΠΟΓΕΥΜΑΤΙΝΑ ΙΑΤΡΕΙΑ",,,,no sponsor block
ΨΣ0Ζ4690Β1-35Μ,2026-03-18,"ΧΕ-411 ΣΕΙΡΑ Γ ΝΟΣ/2026 11ος/25, ΙΑΤΡΟΙ ΕΣΥ ΑΠΟΓΕΥΜΑΤΙΝΑ ΙΑΤΡΕΙΑ",,,,no sponsor block
Ρ8ΓΣ4690Β1-Γ0Α,2026-03-18,"ΧΕ-410 ΣΕΙΡΑ Γ ΝΟΣ/2026 10ος/25, ΛΟΙΠΟΙ ΕΠΙΚΟΥΡΙΚΟΙ & ΛΟΙΠΟΙ ΕΠΙΚΟΥΡΙΚΟΙ COVID  ΑΠΟΓΕΥΜΑΤΙΝΑ ΙΑΤΡΕΙΑ",,,,no sponsor block
Ρ6ΙΜ4690Β1-3ΕΧ,2026-03-18,"ΧΕ-409 ΣΕΙΡΑ Γ ΝΟΣ/2026 10ος/25, ΜΟΝΙΜΟΙ ΑΠΟΓΕΥΜΑΤΙΝΑ ΙΑΤΡΕΙΑ",,,,no sponsor block
9ΕΙΛ4690Β1-ΤΡΩ,2026-03-18,"ΧΕ-408 ΣΕΙΡΑ Γ ΝΟΣ/2026 10ος/25, ΕΠΙΚΟΥΡΙΚΟΙ ΙΑΤΡΟΙ , ΕΠΙΚΟΥΡΙΚΟΙ ΙΑΤΡΟΙ COVID-19 ΑΠΟΓΕΥΜΑΤΙΝΑ ΙΑΤΡΕΙΑ",,,,no sponsor block
ΡΟΕ84690Β1-ΕΩ0,2026-03-18,"ΧΕ-407 ΣΕΙΡΑ Γ ΝΟΣ/2026 10ος/25, ΙΑΤΡΟΙ ΕΣΥ ΑΠΟΓΕΥΜΑΤΙΝΑ ΙΑΤΡΕΙΑ",,,,no sponsor block
ΨΗΣ84690Β1-0ΡΩ,2026-03-18,"ΧΕ-406 ΣΕΙΡΑ Γ ΝΟΣ/2026 9ος/25, ΜΟΝΙΜΟΙ ΣΥΜΠΛΗΡΩΜΑΤΙΚΗ ΑΠΟΓΕΥΜΑΤΙΝΑ ΙΑΤΡΕΙΑ",,,,no sponsor block
ΨΤΣ34690Β1-ΠΗΙ,2026-03-18,"ΧΕ-405 ΣΕΙΡΑ Γ ΝΟΣ/2026 9ος/25, ΕΠΙΚ. ΙΑΤΡΟΙ COVID-19 ΣΥΜΠΛΗΡΩΝΜΑΤΙΚΗ ΑΠΟΑΓΕΥΜΑΤΙΝΑ ΙΑΤΡΕΙΑ",,,,no sponsor block
Ρ1ΓΕ4690Β1-1ΟΞ,2026-03-18,"ΧΕ-401 ΣΕΙΡΑ Γ ΝΟΣ/2026 9ος/25, ΕΠΙΚ.ΙΑΤΡΟΙ, ΣΥΜΠΛΗΡΩΜΑΤΙΚΗ, ΑΠΟΓΕΥΜΑΤΙΝΑ ΙΑΤΡΕΙΑ",,,,no sponsor block
ΨΝΤΝ4690Β1-Υ4Υ,2026-03-18,"ΧΕ-399 ΣΕΙΡΑ Γ ΝΟΣ/2026 9ος/25, ΙΑΤΡΟΙ ΕΣΥ ΣΥΜΠΛΗΡΩΜΑΤΙΚΗ ΑΠΟΓΕΥΜΑΤΙΝΑ ΙΑΤΡΕΙΑ.",,,,no sponsor block
ΡΚΔΛ4690Β1-ΥΨΒ,2026-03-18,"ΧΕ-396 ΣΕΙΡΑ Γ ΝΟΣ/2026 2ος/26,  3ΜΗΝΕΣ ΣΥΜΒΑΣΕΙΣ ΑΝΑΣΤΟΛΩΝ.",,,,no sponsor block
9ΞΗΨ4690Β1-43Μ,2026-03-18,"ΧΕ-391 ΣΕΙΡΑ Γ ΝΟΣ/2026 2ος/26, ΛΟΙΠΟΙ ΕΠΙΚΟΥΡΙΚΟΙ COVID-19",,,,no sponsor block
9ΩΞΒ4690Β1-0Κ2,2026-03-06,ΧΕ-311 ΣΕΙΡΑ Γ ΝΟΣ/2026 ΛΟΓΙΣΤΙΚΗ ΤΑΚΤΟΠΟΙΗΣΗ ΠΡΟΜΗΘΕΙΑΣ ΣΥΝΑΛΛΑΓΩN ΜΙΣΘΟΔΟΣΙΑΣ (ΕΑΠ 06-03-2026)  (107 ΑΤΟΜΑ),,,,no sponsor block
6ΑΞΥ4690Β1-ΖΦ7,2026-03-06,ΧΕ-310 ΣΕΙΡΑ Γ ΝΟΣ/2026 02ος/2026 ΛΟΙΠΟΙ ΕΠΙΚΟΥΡΙΚΟΙ,,,,no sponsor block
ΨΔΟΛ4690Β1-ΟΔΥ,2026-03-06,ΧΕ-309 ΣΕΙΡΑ Γ ΝΟΣ/2026 2ος/2026 ΜΑΘΗΤΕΣ ΔΙΕΚ,,,,no sponsor block
9ΧΠΕ4690Β1-Τ5Ζ,2026-03-06,ΧΕ-308 ΣΕΙΡΑ Γ ΝΟΣ/2026 02ος/2026 ΕΠΑΛ-ΙΕΚ ΜΑΘΗΤΕΣ,,,,no sponsor block
ΡΙ874690Β1-ΡΦΦ,2026-03-05,ΧΕ-297 ΣΕΙΡΑ Γ ΝΟΣ/2026 02ος/2026 ΕΠΙΚΟΥΡΙΚΟΙ ΙΑΤΡΟΙ,,,,no sponsor block
ΡΓΣΤ4690Β1-Σ8Ε,2026-03-05,ΧΕ-296 ΣΕΙΡΑ Γ ΝΟΣ/2026 02ος/2026 ΤΕΙ ΜΑΘΗΤΕΣ,,,,no sponsor block
Ψ1ΡΘ4690Β1-ΥΞΩ,2026-03-05,ΧΕ-295 ΣΕΙΡΑ Γ ΝΟΣ/2026 07ος-08ος/2025 ΛΟΙΠΟΙ ΕΠΙΚΟΥΡΙΚΟΙ,,,,no sponsor block
62ΡΛ4690Β1-Μ7Ζ,2026-03-05,ΧΕ-294 ΣΕΙΡΑ Γ ΝΟΣ/2026 06ος-07ος/2025 ΜΟΝΙΜΟΙ ΑΠΟΓ.ΧΕΙΡΟΥΡΓΕΙΑ,,,,no sponsor block
ΨΣΣΒ4690Β1-ΨΓ4,2026-03-05,ΧΕ-293 ΣΕΙΡΑ Γ ΝΟΣ/2026 07ος-08ος/2025 ΙΑΤΡΟΙ ΕΣΥ ΑΠΟΓ.ΧΕΙΡΟΥΡΓΕΙΑ,,,,no sponsor block
Ρ1ΟΙ4690Β1-Θ9Φ,2026-03-05,ΧΕ-292 ΣΕΙΡΑ Γ ΝΟΣ/2026 02ος/2026 Γ2 ΟΜΑΔΑ 55-67,,,,no sponsor block
ΨΠΤΑ4690Β1-ΔΒ1,2026-03-05,ΧΕ-291 ΣΕΙΡΑ Γ ΝΟΣ/2026 02ος/2026 Γ ΟΜΑΔΑ 55-67,,,,no sponsor block
95ΦΡ4690Β1-ΧΦΩ,2026-03-05,ΧΕ-290 ΣΕΙΡΑ Γ ΝΟΣ/2026 02ος/2026 Β ΟΜΑΔΑ 55-67,,,,no sponsor block
ΨΩΔΞ4690Β1-ΥΕΓ,2026-03-05,ΧΕ-289 ΣΕΙΡΑ Γ ΝΟΣ/2026 02ος/2026 Α ΟΜΑΔΑ 55-67,,,,no sponsor block
ΨΝ1Ξ4690Β1-ΒΒ7,2026-03-05,ΧΕ-288 ΣΕΙΡΑ Γ ΝΟΣ/2026 06ος/2025 ΙΑΤΡΟΙ ΕΣΥ ΣΥΜΠΛΗΡΩΜΑΤΙΚΗ ΑΠΟΓΕΥΜΑΤΙΝΑ ΧΕΙΡΟΥΡΓΕΙΑ,,,,no sponsor block
Ρ96Κ4690Β1-1ΩΝ,2026-03-05,ΧΕ-287 ΣΕΙΡΑ Γ ΝΟΣ/2026 06ος/2025 ΜΟΝΙΜΟΙ ΣΥΜΠΛΗΡΩΜΑΤΙΚΗ ΑΠΟΓΕΥΜΑΤΙΝΑ ΧΕΙΡΟΥΡΓΕΙΑ,,,,no sponsor block
Ψ7ΝΦ4690Β1-9ΜΡ,2026-03-04,ΧΕ-261 ΣΕΙΡΑ Γ ΝΟΣ/2026 ΑΠΟΔΟΣΗ ΚΡΑΤΗΣΕΩΝ ΠΡΟΜΗΘΕΥΤΩΝ ΑΠΟ 01-02-2026 ΕΩΣ 27-02-2026,999476217,"ΑΠΟΔΟΣΗ ΚΡΑΤΗΣ.ΠΡΟΜΗΘΕΥΤΩΝ ΔΗΜΟΣΙΟ, ΚΡΑΤ 2%, ΕΑΔΗΣΥ 0,10",1355.24,self-referential (payroll/EFKA/FMY remittance)
Ψ7ΝΦ4690Β1-9ΜΡ,2026-03-04,ΧΕ-261 ΣΕΙΡΑ Γ ΝΟΣ/2026 ΑΠΟΔΟΣΗ ΚΡΑΤΗΣΕΩΝ ΠΡΟΜΗΘΕΥΤΩΝ ΑΠΟ 01-02-2026 ΕΩΣ 27-02-2026,999476217,"ΑΠΟΔΟΣΗ ΚΡΑΤΗΣ.ΠΡΟΜΗΘΕΥΤΩΝ ΔΗΜΟΣΙΟ, ΚΡΑΤ 2%, ΕΑΔΗΣΥ 0,10",286.31,self-referential (payroll/EFKA/FMY remittance)
Ψ7ΝΦ4690Β1-9ΜΡ,2026-03-04,ΧΕ-261 ΣΕΙΡΑ Γ ΝΟΣ/2026 ΑΠΟΔΟΣΗ ΚΡΑΤΗΣΕΩΝ ΠΡΟΜΗΘΕΥΤΩΝ ΑΠΟ 01-02-2026 ΕΩΣ 27-02-2026,999476217,"ΑΠΟΔΟΣΗ ΚΡΑΤΗΣ.ΠΡΟΜΗΘΕΥΤΩΝ ΔΗΜΟΣΙΟ, ΚΡΑΤ 2%, ΕΑΔΗΣΥ 0,10",18628.59,self-referential (payroll/EFKA/FMY remittance)
977Λ4690Β1-ΨΩ3,2026-02-27,"ΧΕ-198 ΣΕΙΡΑ Γ ΝΟΣ/2026 01/02/2026 - 27/02/2026, ΛΟΓΙΣΤΙΚΗ ΤΑΚΤΟΠΟΙΗΣΗ ΠΡΟΜΗΘΕΙΑΣ ΣΥΝΑΛΛΑΓΩΝ POS",,,,no sponsor block
9ΧΕ84690Β1-ΡΒΗ,2026-02-18,"ΧΕ-142 ΣΕΙΡΑ Γ ΝΟΣ/2026 8/2025,ΕΙΣΦΟΡΕΣ ΕΦΚΑ ΕΙΔ.ΛΟΓ/ΣΜΟ ΠΑΙΔ.ΚΑΤΑΣΚΗΝΩΣΕΩΝ 500 ΤΡΑΥΜΑΤΙΟΦ.ΑΠΑΣΧΟΛΟΥΜ.ΜΕΣΩ ΠΡΟΓΡΑΜ.ΟΑΕΔ",,,,no sponsor block
Ψ13Ζ4690Β1-0ΔΚ,2026-02-18,"ΧΕ-141 ΣΕΙΡΑ Γ ΝΟΣ/2026 12ος/2025, ΕΙΣΦΟΡΕΣ ΕΦΚΑ ΤΡΑΥΜΑΤΙΟΦΟΡΕΩΝ-ΜΑΚΡΟΧΡΟΝΙΑ ΑΝΕΡΓΩΝ",,,,no sponsor block
ΨΗ214690Β1-5ΤΗ,2026-02-18,"ΧΕ-140 ΣΕΙΡΑ Γ ΝΟΣ/2026 12ος/2025, ΚΑΤΑΒΟΛΗ ΦΟΡΟΥ ΑΠΟ ΠΡΟΣΘΕΤΕΣ ΑΜΟΙΒΕΣ ΜΑΚΡΟΧΡΟΝΙΑ ΑΝΕΡΓΩΝ ΟΑΕΔ",,,,no sponsor block
ΡΘΒΕ4690Β1-7ΜΜ,2026-02-18,"ΧΕ-139 ΣΕΙΡΑ Γ ΝΟΣ/2026 12ος/2025, ΕΙΣΦΟΡΕΣ ΕΦΚΑ ΑΠΑΣΧΟΛΟΥΜΕΝΩΝ ΜΕΣΩ ΠΡΟΓΡΑΜΜΑΤΟΣ ΟΑΕΔ ΜΑΚΡΟΧΡΟΝΙΑ ΑΝΕΡΓΩΝ",,,,no sponsor block
ΡΥΦΞ4690Β1-3Θ2,2026-02-19,ΧΕ-146 ΣΕΙΡΑ Γ ΝΟΣ/2026 ΛΟΓΙΣΤΙΚΗ ΤΑΚΤΟΠΟΙΗΣΗ ΠΡΟΜΗΘΕΙΑΣ ΣΥΝΑΛΛΑΓΩN ΜΙΣΘΟΔΟΣΙΑΣ (ΕΑΠ 19-02-2026)  (66 ΑΤΟΜΑ),,,,no sponsor block
ΨΓ7Δ4690Β1-42Ω,2026-02-18,"ΧΕ-145 ΣΕΙΡΑ Γ ΝΟΣ/2026 06ος,07ος,08ος/2025 ΕΠΙΚΟΥΡΙΚΟ ΚΑΡΔΙΑΓΓΕΙΑΚΑ",,,,no sponsor block
94ΒΞ4690Β1-0ΣΓ,2026-02-18,"ΧΕ-144 ΣΕΙΡΑ Γ ΝΟΣ/2026 06ος,07ος,08ος/2025 ΜΟΝΙΜΟΙ ΚΑΡΔΙΑΓΓΕΙΑΚΑ",,,,no sponsor block
ΨΜΥΙ4690Β1-Ξ9Ο,2026-02-18,"ΧΕ-143 ΣΕΙΡΑ Γ ΝΟΣ/2026 06ος,07ος,08ος/2025 ΙΑΤΡΟΙ ΕΣΥ ΚΑΡΔΙΑΓΓΕΙΑΚΑ",,,,no sponsor block
ΡΦΔΨ4690Β1-8ΕΟ,2026-02-18,"ΧΕ-138 ΣΕΙΡΑ Γ ΝΟΣ/2026 01ος/2026, 3ΜΗΝΕΣ ΣΥΜΒΑΣΕΩΝ ΑΝΑΣΤΟΛΩΝ",,,,no sponsor block
9Φ674690Β1-5Μ8,2026-02-18,ΧΕ-137 ΣΕΙΡΑ Γ ΝΟΣ/2026 01ος/2026 ΛΟΙΠΟΙ ΕΠΙΚΟΥΡΙΚΟΙ COVID-19,,,,no sponsor block
ΡΛΒ34690Β1-ΘΩΗ,2026-02-09,ΧΕ-64 ΣΕΙΡΑ Γ ΝΟΣ/2026 09ος/2025 ΕΦΗΜ. Φ2 ΕΠΙΚ.ΙΑΤΡΟΙ & ΕΠΙΚ.ΙΑΤΡΟΙ COVID,999476217,ΔΙΚΑΙΟΥΧΟΙ ΜΙΣΘΟΔΟΣΙΑΣ,519.65,self-referential (payroll/EFKA/FMY remittance)
ΡΗ8Σ4690Β1-63Τ,2026-02-09,ΧΕ-63 ΣΕΙΡΑ Γ ΝΟΣ/2026 09ος/2025 ΕΦΗΜ.Φ2 ΙΑΤΡΟΙ ΕΣΥ & ΕΙΔΙΚΕΥΟΜ.ΙΑΤΡΟΙ,999476217,ΔΙΚΑΙΟΥΧΟΙ ΜΙΣΘΟΔΟΣΙΑΣ,13746.70,self-referential (payroll/EFKA/FMY remittance)
915Υ4690Β1-ΚΙΨ,2026-02-09,ΧΕ-62 ΣΕΙΡΑ Γ ΝΟΣ/2026 12ος/2025 ΟΑΕΔ 55-67 Β ΟΜ. ΣΥΜΠΛΗΡΩΜΑΤΙΚΟ,999476217,ΔΙΚΑΙΟΥΧΟΙ ΜΙΣΘΟΔΟΣΙΑΣ,80.00,self-referential (payroll/EFKA/FMY remittance)
915Υ4690Β1-ΚΙΨ,2026-02-09,ΧΕ-62 ΣΕΙΡΑ Γ ΝΟΣ/2026 12ος/2025 ΟΑΕΔ 55-67 Β ΟΜ. ΣΥΜΠΛΗΡΩΜΑΤΙΚΟ,999476217,ΔΙΚΑΙΟΥΧΟΙ ΜΙΣΘΟΔΟΣΙΑΣ,705.93,self-referential (payroll/EFKA/FMY remittance)
915Υ4690Β1-ΚΙΨ,2026-02-09,ΧΕ-62 ΣΕΙΡΑ Γ ΝΟΣ/2026 12ος/2025 ΟΑΕΔ 55-67 Β ΟΜ. ΣΥΜΠΛΗΡΩΜΑΤΙΚΟ,999476217,ΔΙΚΑΙΟΥΧΟΙ ΜΙΣΘΟΔΟΣΙΑΣ,180.57,self-referential (payroll/EFKA/FMY remittance)
9ΒΝ84690Β1-ΝΓΡ,2026-02-09,"ΧΕ-61 ΣΕΙΡΑ Γ ΝΟΣ/2026 07ος,09ος&10ος ΙΑΤΡΟΙ ΕΣΥ ΔΟΞΙΑΔΗ",,,,no sponsor block
9ΥΞΥ4690Β1-ΝΡ2,2026-02-09,ΧΕ-60 ΣΕΙΡΑ Γ ΝΟΣ/2026 08ος&09ος/2025 ΕΠΙΚ.ΙΑΤΡΟΙ ΔΟΞΙΑΔΗ,,,,no sponsor block
Ψ0ΝΡ4690Β1-ΞΘΓ,2026-02-09,ΧΕ-59 ΣΕΙΡΑ Γ ΝΟΣ/2026 12ος/2025 ΕΦΗΜΕΡΙΕΣ ΕΠΙΚΟΥΡΙΚΟΙ ΙΑΤΡΟΙ,,,,no sponsor block
9ΘΠΤ4690Β1-ΨΤ1,2026-02-09,ΧΕ-58 ΣΕΙΡΑ Γ ΝΟΣ/2026 12ος/2025 ΕΦΗΜΕΡΙΕΣ ΕΙΔΙΚΕΥΟΜΕΝΩΝ ΙΑΤΡΩΝ,,,,no sponsor block
ΡΨΔΤ4690Β1-ΦΞΣ,2026-02-09,"ΧΕ-57 ΣΕΙΡΑ Γ ΝΟΣ/2026 12ος/2025 ΕΦΗΜΕΡΙΕΣ ΙΑΤΡΩΝ ΕΣΥ & ΕΠΙΣΤΡ.ΕΙΔ.ΕΙΣΦ.ΑΛ. ΠΑΧΗ ΧΡΙΣΤΙΝΑ, ΣΙΑΦΗ ΘΕΟΔΩΡΑ, ΣΤΑΜΠΟΥΛΗ ΑΝΑΣΤΑΣΙΑ, ΚΡΑΝΙΑ ΠΑΡΑΣΚΕΥΗ",,,,no sponsor block
ΨΡ7Ι4690Β1-6Α5,2026-02-06,"ΧΕ-56 ΣΕΙΡΑ Γ ΝΟΣ/2026 12ος/2025, ΥΠΕΡΩΡΙΕΣ 3ΜΗΝΑ ΑΝΑΠΛ.",,,,no sponsor block
ΡΒΡΗ4690Β1-ΥΦΡ,2026-02-06,ΧΕ-55 ΣΕΙΡΑ Γ ΝΟΣ/2026 12ος/2025 ΥΠΕΡΩΡΙΕΣ ΛΟΙΠΟΙ ΕΠΙΚΟΥΡΙΚΟΙ COVID-19,,,,no sponsor block
Ρ66Κ4690Β1-Ρ2Ο,2026-02-06,ΧΕ-54 ΣΕΙΡΑ Γ ΝΟΣ/2026 12ος/2025 ΥΠΕΡΩΡΙΕΣ ΟΑΕΔ 55-67 Γ2 ΟΜΑΔΑ,,,,no sponsor block
6Τ784690Β1-ΣΔΥ,2026-02-06,ΧΕ-53 ΣΕΙΡΑ Γ ΝΟΣ/2026 12ος/2025 ΥΠΕΡΩΡΙΕΣ ΟΑΕΔ 55-67 Γ ΟΜΑΔΑ,,,,no sponsor block
ΨΒΧΝ4690Β1-ΙΣ9,2026-02-06,ΧΕ-52 ΣΕΙΡΑ Γ ΝΟΣ/2026 12ος/2025 ΥΠΕΡΩΡΙΕΣ ΟΑΕΔ 55-67 Β ΟΜΑΔΑ,,,,no sponsor block
ΨΛΠ04690Β1-ΤΨΓ,2026-02-06,ΧΕ-51 ΣΕΙΡΑ Γ ΝΟΣ/2026 12ος/2025 ΥΠΕΡΩΡΙΕΣ ΟΑΕΔ 55-67 Α ΟΜΑΔΑ,,,,no sponsor block
ΨΤ1Κ4690Β1-Υ24,2026-02-06,ΧΕ-50 ΣΕΙΡΑ Γ ΝΟΣ/2026 01ος/2026 ΜΑΘΗΤΕΣ ΕΠΑΛ,,,,no sponsor block
9ΕΩ54690Β1-ΚΛΛ,2026-02-06,ΧΕ-49 ΣΕΙΡΑ Γ ΝΟΣ/2026 12ος/2025 ΣΥΜΠΛΗΡΩΜΑΤΙΚΗ ΜΑΘΗΤΕΣ ΕΠΑΛ,,,,no sponsor block
68ΡΒ4690Β1-93Ψ,2026-02-06,ΧΕ-48 ΣΕΙΡΑ Γ ΝΟΣ/2026 01ος/2026 ΜΑΘΗΤΕΣ ΔΙΕΚ,,,,no sponsor block
9ΨΡΑ4690Β1-ΙΔΝ,2026-02-06,ΧΕ-47 ΣΕΙΡΑ Γ ΝΟΣ/2026 12ος/2025 ΥΠΕΡΩΡΙΕΣ ΑΧ,,,,no sponsor block
96Ι34690Β1-ΧΧ7,2026-02-06,ΧΕ-46 ΣΕΙΡΑ Γ ΝΟΣ/2026 12ος/2025 ΥΠΕΡΩΡΙΕΣ ΕΙΔΙΚΕΥΟΜΕΝΟΙ ΝΟΣΗΛΕΥΤΕΣ,,,,no sponsor block
934Φ4690Β1-6ΕΜ,2026-02-06,ΧΕ-45 ΣΕΙΡΑ Γ ΝΟΣ/2026 12ος/2025 ΥΠΕΡΩΡΙΕΣ ΛΟΙΠΟΙ ΕΠΙΚΟΥΡΙΚΟΙ,,,,no sponsor block
Ψ4ΔΨ4690Β1-ΡΔ7,2026-02-06,ΧΕ-44 ΣΕΙΡΑ Γ ΝΟΣ/2026 01/2026 ΟΑΕΔ 55-67 Α ΟΜΑΔΑ,,,,no sponsor block
687Ρ4690Β1-ΓΒΒ,2026-02-06,ΧΕ-43 ΣΕΙΡΑ Γ ΝΟΣ/2026 12ος/2025 ΥΠΕΡΩΡΙΕΣ 500 ΤΡΑΥΜΑΤΙΟΦΟΡΕΙΣ,,,,no sponsor block
9Η924690Β1-4ΥΜ,2026-02-06,ΧΕ-42 ΣΕΙΡΑ Γ ΝΟΣ/2026 12ος/2025 ΥΠΕΡΩΡΙΕΣ ΜΟΝΙΜΟΙ,,,,no sponsor block
9ΓΜ74690Β1-ΔΒ4,2026-02-06,ΧΕ-41 ΣΕΙΡΑ Γ ΝΟΣ/2026 01/2026 ΟΑΕΔ 55-67 Β ΟΜΑΔΑ,,,,no sponsor block
9ΣΠΓ4690Β1-ΝΨ6,2026-02-06,ΧΕ-40 ΣΕΙΡΑ Γ ΝΟΣ/2026 ΛΟΓΙΣΤΙΚΗ ΤΑΚΤΟΠΟΙΗΣΗ ΠΡΟΜΗΘΕΙΑΣ ΣΥΝΑΛΛΑΓΩN ΜΙΣΘΟΔΟΣΙΑΣ (ΕΑΠ 06-02-2026)  (595 ΑΤΟΜΑ),,,,no sponsor block
Ψ3ΦΒ4690Β1-Φ97,2026-02-06,ΧΕ-39 ΣΕΙΡΑ Γ ΝΟΣ/2026 01/2026 ΟΑΕΔ 55-67 Γ ΟΜΑΔΑ,,,,no sponsor block
9ΡΖΞ4690Β1-ΑΧΧ,2026-02-06,ΧΕ-38 ΣΕΙΡΑ Γ ΝΟΣ/2026 01/2026 ΟΑΕΔ 55-67 Γ2 ΟΜΑΔΑ,,,,no sponsor block
Ρ7Θ34690Β1-ΔΡΤ,2026-02-06,ΧΕ-37 ΣΕΙΡΑ Γ ΝΟΣ/2026 01/2026 ΛΟΙΠΟΙ ΕΠΙΚΟΥΡΙΚΟΙ,,,,no sponsor block
Ρ4Τ54690Β1-ΩΙΜ,2026-02-06,ΧΕ-36 ΣΕΙΡΑ Γ ΝΟΣ/2026 01/2026 ΜΑΘΗΤΕΣ ΤΕΙ,,,,no sponsor block
9ΝΠΟ4690Β1-Ψ16,2026-02-06,ΧΕ-35 ΣΕΙΡΑ Γ ΝΟΣ/2026 01/2026 ΕΠΙΚΟΥΡΙΚΟΙ ΙΑΤΡΟΙ,,,,no sponsor block
Ρ0ΧΗ4690Β1-Ω2Ω,2026-08-05,ΧΕ-1640 ΣΕΙΡΑ Γ ΝΟΣ/2026 ΛΟΓΙΣΤΙΚΗ ΤΑΚΤΟΠΟΙΗΣΗ ΠΡΟΜΗΘΕΙΑΣ ΣΥΝΑΛΛΑΓΩN ΜΙΣΘΟΔΟΣΙΑΣ (ΕΑΠ 05-08-2026)  (550 ΑΤΟΜΑ),,,,no sponsor block
ΨΞΟ44690Β1-ΧΑ7,2026-08-05,"ΧΕ-1639 ΣΕΙΡΑ Γ ΝΟΣ/2026 01/07/2026-31/07/2026, ΛΟΓΙΣΤΙΚΗ ΤΑΚΤΟΠΟΙΗΣΗ ΠΡΟΜΗΘΕΙΑΣ ΣΥΝΑΛΛΑΓΩΝ POS",,,,no sponsor block
ΡΦΓΙ4690Β1-ΤΔΩ,2026-08-05,ΧΕ-1638 ΣΕΙΡΑ Γ ΝΟΣ/2026 07ος/2026 ΛΟΙΠΟΙ ΕΠΙΚΟΥΡΙΚΟΙ,,,,no sponsor block
Ρ0ΔΦ4690Β1-Ε6Ο,2026-08-05,ΧΕ-1637 ΣΕΙΡΑ Γ ΝΟΣ/2026 03ος/2026 Φ2 ΕΠΙΚΟΥΡ.ΙΑΤΡΟΙ ΕΦΗΜΕΡΙΕΣ ΠΕΡΑΝ ΤΟΥ ΟΡΙΟΥ,,,,no sponsor block
633Ε4690Β1-Ρ7Η,2026-08-05,ΧΕ-1636 ΣΕΙΡΑ Γ ΝΟΣ/2026 03ος/2026 Φ2 ΕΙΔΙΚΕΥΟΜ.ΙΑΤΡΟΙ ΕΦΗΜΕΡΙΕΣ ΠΕΡΑΝ ΤΟΥ ΟΡΙΟΥ,,,,no sponsor block
ΨΑΧΞ4690Β1-ΟΔΩ,2026-08-05,ΧΕ-1635 ΣΕΙΡΑ Γ ΝΟΣ/2026 03ος/2026 Φ2 ΙΑΤΡΟΙ ΕΣΥ ΕΦΗΜΕΡΙΕΣ ΠΕΡΑΝ ΤΟΥ ΟΡΙΟΥ,,,,no sponsor block
9ΜΑΖ4690Β1-00Δ,2026-08-05,ΧΕ-1634 ΣΕΙΡΑ Γ ΝΟΣ/2026 07ος/2026 Γ2 ΟΜΑΔΑ ΟΑΕΔ 55-67,,,,no sponsor block
ΡΗΞΣ4690Β1-Δ1Η,2026-08-05,ΧΕ-1633 ΣΕΙΡΑ Γ ΝΟΣ/2026 07ος/2026 Γ ΟΜΑΔΑ ΟΑΕΔ 55-67,,,,no sponsor block
9Φ0Μ4690Β1-ΜΩ5,2026-08-05,ΧΕ-1632 ΣΕΙΡΑ Γ ΝΟΣ/2026 07ος/2026 Β ΟΜΑΔΑ ΟΑΕΔ 55-67,,,,no sponsor block
ΨΡ2Η4690Β1-09Χ,2026-08-05,ΧΕ-1631 ΣΕΙΡΑ Γ ΝΟΣ/2026 07ος/2026 Α ΟΜΑΔΑ ΟΑΕΔ 55-67,,,,no sponsor block
ΡΦ4Υ4690Β1-ΓΔΝ,2026-08-05,ΧΕ-1630 ΣΕΙΡΑ Γ ΝΟΣ/2026 07ος/2026 ΕΠΑΛ-ΙΕΚ ΜΑΘΗΤΕΣ,,,,no sponsor block
ΨΒ2Θ4690Β1-ΗΤΧ,2026-08-05,ΧΕ-1629 ΣΕΙΡΑ Γ ΝΟΣ/2026 07ος/2026 ΤΕΙ ΜΑΘΗΤΕΣ,,,,no sponsor block
ΨΚΩ04690Β1-ΦΓΤ,2026-08-05,ΧΕ-1628 ΣΕΙΡΑ Γ ΝΟΣ/2026 07ος/2026 ΜΑΘΗΤΕΣ ΔΙΕΚ,,,,no sponsor block
6ΝΖΚ4690Β1-0Υ8,2026-08-04,ΧΕ-1627 ΣΕΙΡΑ Γ ΝΟΣ/2026 07ος/2026 ΕΠΙΚΟΥΡΙΚΟΙ ΙΑΤΡΟΙ,,,,no sponsor block
63Ε44690Β1-5ΑΡ,2026-08-04,ΧΕ-1626 ΣΕΙΡΑ Γ ΝΟΣ/2026 06ος/2026 ΕΠΙΚΟΥΡΙΚΟΙ ΙΑΤΡΟΙ ΕΦΗΜΕΡΙΕΣ,,,,no sponsor block
ΨΒ6Σ4690Β1-97Π,2026-08-04,ΧΕ-1625 ΣΕΙΡΑ Γ ΝΟΣ/2026 06ος/2026 ΕΙΔΙΚΕΥΟΜ.ΙΑΤΡΟΙ ΕΦΗΜΕΡΙΕΣ,,,,no sponsor block
9Τ7Ρ4690Β1-084,2026-08-04,ΧΕ-1624 ΣΕΙΡΑ Γ ΝΟΣ/2026 06ος/2026 ΕΦΗΜ.ΙΑΤΡΟΙ ΕΣΥ,,,,no sponsor block
ΡΦΟΞ4690Β1-Ο4Β,2026-08-04,ΧΕ-1623 ΣΕΙΡΑ Γ ΝΟΣ/2026 06ος/2026 Γ2 ΟΜΑΔΑ ΟΑΕΔ 55-67 ΥΠΕΡΩΡΙΕΣ,,,,no sponsor block
68ΟΖ4690Β1-ΣΣΥ,2026-08-04,ΧΕ-1622 ΣΕΙΡΑ Γ ΝΟΣ/2026 06ος/2026 ΟΜΑΔΑ Γ ΟΑΕΔ 55-67 ΥΠΕΡΩΡΙΕΣ,,,,no sponsor block
ΡΗ4Κ4690Β1-ΛΘΡ,2026-08-04,ΧΕ-1621 ΣΕΙΡΑ Γ ΝΟΣ/2026 06ος/2026 ΟΜΑΔΑ Β ΟΑΕΔ 55-67 ΥΠΕΡΩΡΙΕΣ,,,,no sponsor block
Ψ3ΚΕ4690Β1-5ΡΓ,2026-08-04,ΧΕ-1620 ΣΕΙΡΑ Γ ΝΟΣ/2026 06ος/2026 Α ΟΜΑΔΑ ΟΑΕΔ 55-67 ΥΠΕΡΩΡΙΕΣ,,,,no sponsor block
92ΙΞ4690Β1-8ΓΘ,2026-08-04,ΧΕ-1619 ΣΕΙΡΑ Γ ΝΟΣ/2026 06ος/2026 ΕΙΔΙΚΕΥΟΜΕΝΟΙ ΝΟΣΗΛΕΥΤΕΣ ΥΠΕΡΩΡΙΕΣ,,,,no sponsor block
ΨΣΟΓ4690Β1-0Φ6,2026-08-04,ΧΕ-1618 ΣΕΙΡΑ Γ ΝΟΣ/2026 06ος/2026 ΛΟΙΠΟΙ ΕΠΙΚ.COVID-19 ΥΠΕΡΩΡΙΕΣ,,,,no sponsor block
ΨΖ874690Β1-3Υ7,2026-08-04,ΧΕ-1617 ΣΕΙΡΑ Γ ΝΟΣ/2026 06ος/2026 ΛΟΙΠΟΙ ΕΠΙΚΟΥΡΙΚΟΙ ΥΠΕΡΩΡΙΕΣ,,,,no sponsor block
68ΝΙ4690Β1-Δ5Π,2026-08-04,ΧΕ-1616 ΣΕΙΡΑ Γ ΝΟΣ/2026 06ος/2026 500ΤΡΑΥΜΑΤΙΟΦΟΡΕΙΣ ΥΠΕΡΩΡΙΕΣ,,,,no sponsor block
Ψ8ΘΨ4690Β1-9ΓΑ,2026-08-04,ΧΕ-1615 ΣΕΙΡΑ Γ ΝΟΣ/2026 06ος/2026 3ΜΗΝΑ ΑΝΑΠΛ. ΥΠΕΡΩΡΙΕΣ,,,,no sponsor block
ΨΤΤ34690Β1-0Λ7,2026-08-04,ΧΕ-1614 ΣΕΙΡΑ Γ ΝΟΣ/2026 06ος/2026 ΑΧ ΥΠΕΡΩΡΙΕΣ (ΑΟΡΙΣΤΟΥ ΧΡΟΝΟΥ),,,,no sponsor block
ΨΧΥ44690Β1-814,2026-08-04,ΧΕ-1613 ΣΕΙΡΑ Γ ΝΟΣ/2026 06ος/2026 ΜΟΝΙΜΟΙ ΥΠΕΡΩΡΙΕΣ,,,,no sponsor block
9ΑΑΥ4690Β1-9Λ2,2026-08-03,"ΧΕ-1608 ΣΕΙΡΑ Γ ΝΟΣ/2026 ΠΡΟΜΗΘΕΙΑ ΕΙΔΩΝ ΣΥΝΤΗΡΗΣΗΣ ΚΙ ΕΠΙΣΚΕΥΗΣ ΚΤΙΡΙΩΝ, ΠΛΗΡΩΜΗ ΠΑΡΟΧΗΣ ΥΠΗΡΕΣΙΩΝ ΓΙΑ ΕΡΓΑΣΙΕΣ-ΣΥΝΤΗΡΗΣΗ ΚΙ ΕΠΙΣΚΕΥΗ ΛΟΙΠΩΝ ΜΟΝΙΜΩΝ ΕΓΚΑΤΑΣΤΑΣΕΩΝ",020296043,AUTOMATION K - DOOR ΚΑΤΣΟΣ ΙΩΑΝΝΗΣ,-1364.00,negative amount
97ΝΩ4690Β1-Ξ7Τ,2026-07-20,ΧΕ-1534 ΣΕΙΡΑ Γ ΝΟΣ/2026 05/2026 ΜΑΚΡΟΧΡ.ΑΝΕΡΓΟΙ ΚΑΤΑΒΟΛΗ ΦΟΡΟΥ,,,,no sponsor block
ΡΤ624690Β1-Η3Η,2026-07-20,ΧΕ-1533 ΣΕΙΡΑ Γ ΝΟΣ/2026 05ος/2026 ΜΑΚΡΟΧΡ.ΑΝΕΡΓΟΙ ΕΙΣΦΟΡΕΣ ΕΦΚΑ,,,,no sponsor block
Ψ48Β4690Β1-424,2026-07-20,"ΧΕ-1532 ΣΕΙΡΑ Γ ΝΟΣ/2026 05ος/2026 ΤΡΑΥΜΑΤΙΟΦ.ΑΝΑΠΡΟΣΑΡΜ.ΜΙΣΘΟΥ, ΕΙΣΦΟΡΕΣ ΕΦΚΑ",,,,no sponsor block
Ρ3694690Β1-Θ1Φ,2026-07-20,ΧΕ-1531 ΣΕΙΡΑ Γ ΝΟΣ/2026 05ος/2026 ΕΙΣΦΟΡΕΣ ΕΦΚΑ ΤΡΑΥΜΑΤΙΟΦΟΡΕΙΣ,,,,no sponsor block
ΨΡ3Ψ4690Β1-ΘΙΚ,2026-07-22,ΧΕ-1566 ΣΕΙΡΑ Γ ΝΟΣ/2026 ΑΠΟΔΟΣΗ ΚΡΑΤΗΣΕΩΝ ΜΙΣΘΟΔΟΣΙΑΣ ΑΠΟ 01/07/2026 ΕΩΣ 20/07/2026,999476217,"ΑΠΟΔΟΣΗ ΚΡΑΤΗΣΕΩΝ ΔΗΜΟΣΙΟ, ΕΦΚΑ & ΛΟΙΠΑ ΤΑΜΕΙΑ",46876.65,self-referential (payroll/EFKA/FMY remittance)
ΨΡ3Ψ4690Β1-ΘΙΚ,2026-07-22,ΧΕ-1566 ΣΕΙΡΑ Γ ΝΟΣ/2026 ΑΠΟΔΟΣΗ ΚΡΑΤΗΣΕΩΝ ΜΙΣΘΟΔΟΣΙΑΣ ΑΠΟ 01/07/2026 ΕΩΣ 20/07/2026,999476217,"ΑΠΟΔΟΣΗ ΚΡΑΤΗΣΕΩΝ ΔΗΜΟΣΙΟ, ΕΦΚΑ & ΛΟΙΠΑ ΤΑΜΕΙΑ",46543.15,self-referential (payroll/EFKA/FMY remittance)
65Κ24690Β1-Ε5Ο,2026-07-17,ΧΕ-1527 ΣΕΙΡΑ Γ ΝΟΣ/2026 ΛΟΓΙΣΤΙΚΗ ΤΑΚΤΟΠΟΙΗΣΗ ΠΡΟΜΗΘΕΙΑΣ ΣΥΝΑΛΛΑΓΩN ΜΙΣΘΟΔΟΣΙΑΣ (ΕΑΠ 17-07-2026)  (65 ΑΤΟΜΑ),,,,no sponsor block
ΨΝΣΛ4690Β1-ΟΙΘ,2026-07-17,"ΧΕ-1526 ΣΕΙΡΑ Γ ΝΟΣ/2026 1ος, 2ος, 3ος & 4ος/26, ΑΠΟΓΕΥΜΑΤΙΝΑ ΧΕΙΡΟΥΡΓΕΙΑ, ΙΑΤΡΟΙ ΕΣΥ",,,,no sponsor block
9ΤΒ64690Β1-ΡΡΗ,2026-07-17,"ΧΕ-1525 ΣΕΙΡΑ Γ ΝΟΣ/2026 1ος, 2ος, 3ος & 4ος/26, ΑΠΟΓΕΥΜΑΤΙΝΑ ΧΕΙΡΟΥΡΓΕΙΑ, ΕΠΙΚΟΥΡΙΚΟΙ ΙΑΤΡΟΙ",,,,no sponsor block
9Ρ5Η4690Β1-ΕΞΘ,2026-07-17,"ΧΕ-1524 ΣΕΙΡΑ Γ ΝΟΣ/2026 1ος,  2ος, 3ος & 4ος/26, ΑΠΟΓΕΥΜΑΤΙΝΑ ΧΕΙΡΟΥΡΓΕΙΑ,ΜΟΝΙΜΟΙ",,,,no sponsor block
956Λ4690Β1-ΩΤ7,2026-07-15,"ΧΕ-1523 ΣΕΙΡΑ Γ ΝΟΣ/2026 11ος & 12ος/25, ΑΠΟΓΕΥΜΑΤΙΝΑ ΧΕΙΡΟΥΡΓΕΙΑ,ΜΟΝΙΜΟΙ",,,,no sponsor block
9Ζ574690Β1-ΚΟΦ,2026-07-15,"ΧΕ-1522 ΣΕΙΡΑ Γ ΝΟΣ/2026 11ος & 12ος/25, ΑΠΟΓΕΥΜΑΤΙΝΑ ΧΕΙΡΟΥΡΓΕΙΑ,ΕΠΙΚΟΥΡΙΚΟΙ ΙΑΤΡΟΙ",,,,no sponsor block
63ΘΚ4690Β1-Ω7Υ,2026-07-15,"ΧΕ-1521 ΣΕΙΡΑ Γ ΝΟΣ/2026 11ος & 12ος/25, ΑΠΟΓΕΥΜΑΤΙΝΑ ΧΕΙΡΟΥΡΓΕΙΑ, ΙΑΤΡΟΙ ΕΣΥ",,,,no sponsor block
9Ω004690Β1-ΡΚΛ,2026-07-15,"ΧΕ-1520 ΣΕΙΡΑ Γ ΝΟΣ/2026 6ος/26, ΛΟΙΠΟΙ ΕΠΙΚΟΥΡΙΚΟΙ COVID-19",,,,no sponsor block
96Π94690Β1-ΓΝ1,2026-07-15,"ΧΕ-1519 ΣΕΙΡΑ Γ ΝΟΣ/2026 6ος/26,  3ΜΗΝΕΣ ΣΥΜΒΑΣΕΙΣ ΑΝΑΣΤΟΛΩΝ",,,,no sponsor block
ΨΟΙΔ4690Β1-0ΨΠ,2026-07-07,ΧΕ-1518 ΣΕΙΡΑ Γ ΝΟΣ/2026 ΛΟΓΙΣΤΙΚΗ ΤΑΚΤΟΠΟΙΗΣΗ ΠΡΟΜΗΘΕΙΑΣ ΣΥΝΑΛΛΑΓΩN ΜΙΣΘΟΔΟΣΙΑΣ (ΕΑΠ 07-07-2026)  (463 ΑΤΟΜΑ),,,,no sponsor block
Ψ0ΡΔ4690Β1-ΦΣΝ,2026-07-06,ΧΕ-1517 ΣΕΙΡΑ Γ ΝΟΣ/2026 02ος-03ος ΕΠΙΚΟΥΡ.ΙΑΤΡΟΙ (ΜΗΤΡΑ ΠΡΟΓΡΑΜΜΑ ΔΟΞΙΑΔΗΣ),,,,no sponsor block
Ψ3ΡΒ4690Β1-11Λ,2026-07-06,ΧΕ-1516 ΣΕΙΡΑ Γ ΝΟΣ/2026 01ος-03ος/2026 ΙΑΤΡΟΙ ΕΣΥ (ΜΗΤΡΑ ΠΡΟΓΡΑΜΜΑ ΔΟΞΙΑΔΗ),,,,no sponsor block
ΨΝ2Λ4690Β1-ΒΗΝ,2026-07-06,ΧΕ-1515 ΣΕΙΡΑ Γ ΝΟΣ/2026 06ος/2026 ΛΟΙΠΟΙ ΕΠΙΚΟΥΡΙΚΟΙ,,,,no sponsor block
9Γ4Η4690Β1-Γ1Κ,2026-07-06,ΧΕ-1514 ΣΕΙΡΑ Γ ΝΟΣ/2026 06ος/2026 Γ2 ΟΜΑΔΑ ΟΑΕΔ 55-67,,,,no sponsor block
ΨΥ4Λ4690Β1-ΧΑΨ,2026-07-06,ΧΕ-1513 ΣΕΙΡΑ Γ ΝΟΣ/2026 06ος/2026 Γ ΟΜΑΔΑ ΟΑΕΔ 55-67,,,,no sponsor block
ΨΕ394690Β1-0ΑΓ,2026-07-06,ΧΕ-1512 ΣΕΙΡΑ Γ ΝΟΣ/2026 06ος/2026 Β ΟΜΑΔΑ ΟΑΕΔ 55-67,,,,no sponsor block
9ΕΑ64690Β1-Φ08,2026-07-06,ΧΕ-1511 ΣΕΙΡΑ Γ ΝΟΣ/2026 06ος/2026 Α ΟΜΑΔΑ ΟΑΕΔ 55-67,,,,no sponsor block
6ΣΩΥ4690Β1-ΠΔΧ,2026-07-06,ΧΕ-1510 ΣΕΙΡΑ Γ ΝΟΣ/2026 06ος/2026 ΤΕΙ ΜΑΘΗΤΕΣ,,,,no sponsor block
94ΤΕ4690Β1-ΗΚ1,2026-07-06,ΧΕ-1509 ΣΕΙΡΑ Γ ΝΟΣ/2026 06ος/2026 ΔΙΕΚ ΜΑΘΗΤΕΣ,,,,no sponsor block
ΨΤ634690Β1-Φ92,2026-07-06,ΧΕ-1508 ΣΕΙΡΑ Γ ΝΟΣ/2026 06ος/2026 ΕΠΑΛ-ΙΕΚ ΜΑΘΗΤΕΣ,,,,no sponsor block
94ΨΞ4690Β1-Δ70,2026-07-06,"ΧΕ-1507 ΣΕΙΡΑ Γ ΝΟΣ/2026 6ος/26, ΕΠΙΚΟΥΡΙΚΟΙ ΙΑΤΡΟΙ",,,,no sponsor block
Ψ2ΓΝ4690Β1-8ΗΡ,2026-07-06,ΧΕ-1506 ΣΕΙΡΑ Γ ΝΟΣ/2026 05ος/2026 500ΤΡΑΥΜΑΤΙΟΦΟΡΕΙΣ ΥΠΕΡΩΡΙΕΣ,,,,no sponsor block
9ΤΓΩ4690Β1-ΦΒΑ,2026-07-06,ΧΕ-1505 ΣΕΙΡΑ Γ ΝΟΣ/2026 05ος/2026 3ΜΗΝΑ ΑΝΑΠΛΗΡ. ΥΠΕΡΩΡΙΕΣ,,,,no sponsor block
6ΖΗΞ4690Β1-ΑΨΧ,2026-07-06,ΧΕ-1504 ΣΕΙΡΑ Γ ΝΟΣ/2026 05ος/2026 Γ2 ΟΜΑΔΑ ΟΑΕΔ 55-67 ΥΠΕΡΩΡΙΕΣ,,,,no sponsor block
ΨΟΨΡ4690Β1-6ΞΠ,2026-07-06,ΧΕ-1503 ΣΕΙΡΑ Γ ΝΟΣ/2026 05ος/2026 Γ ΟΜΑΔΑ ΟΑΕΔ 55-67 ΥΠΕΡΩΡΙΕΣ,,,,no sponsor block
ΨΚΘΩ4690Β1-Μ2Ι,2026-07-06,ΧΕ-1502 ΣΕΙΡΑ Γ ΝΟΣ/2026 05ος/2026 Β ΟΜΑΔΑ ΟΑΕΔ 55-67 ΥΠΕΡΩΡΙΕΣ,,,,no sponsor block
9ΠΦΩ4690Β1-ΠΙΗ,2026-07-06,ΧΕ-1501 ΣΕΙΡΑ Γ ΝΟΣ/2026 05ος/2026 Α ΟΜΑΔΑ ΟΑΕΔ 55-67 ΥΠΕΡΩΡΙΕΣ,,,,no sponsor block
ΨΥΟΕ4690Β1-2ΜΑ,2026-07-06,ΧΕ-1500 ΣΕΙΡΑ Γ ΝΟΣ/2026 05ος/2026 ΛΟΙΠΟΙ ΕΠΙΚΟΥΡΙΚΟΙ COVID-19 ΥΠΕΡΩΡΙΕΣ,,,,no sponsor block
ΨΞΠΡ4690Β1-4ΛΓ,2026-07-06,ΧΕ-1499 ΣΕΙΡΑ Γ ΝΟΣ/2026 05ος/2026 ΛΟΙΠΟΙ ΕΠΙΚΟΥΡΙΚΟΙ ΥΠΕΡΩΡΙΕΣ,,,,no sponsor block
97014690Β1-ΣΙ8,2026-07-06,ΧΕ-1498 ΣΕΙΡΑ Γ ΝΟΣ/2026 05ος/2026 ΕΙΔΙΚΕΥΟΜ.ΝΟΣΗΛΕΥΤΕΣ ΥΠΕΡΩΡΙΕΣ,,,,no sponsor block
Ψ7ΞΣ4690Β1-ΨΓΑ,2026-07-06,ΧΕ-1497 ΣΕΙΡΑ Γ ΝΟΣ/2026 05ος/2026 ΑΧ ΥΠΕΡΩΡΙΕΣ (ΑΟΡΙΣΤΟΥ ΧΡΟΝΟΥ),,,,no sponsor block
9ΤΜΛ4690Β1-Θ7Μ,2026-07-06,ΧΕ-1496 ΣΕΙΡΑ Γ ΝΟΣ/2026 05ος/2026 ΜΟΝΙΜΟΙ ΥΠΕΡΩΡΙΕΣ,,,,no sponsor block
6ΤΜΝ4690Β1-ΞΡΜ,2026-07-06,ΧΕ-1495 ΣΕΙΡΑ Γ ΝΟΣ/2026 05ος/2026 ΕΦΗΜΕΡΙΕΣ ΕΠΙΚΟΥΡΙΚΩΝ ΙΑΤΡΩΝ,,,,no sponsor block
Ψ2Μ24690Β1-8ΙΞ,2026-07-06,ΧΕ-1494 ΣΕΙΡΑ Γ ΝΟΣ/2026 05ος/2026 ΕΦΗΜΕΡΙΕΣ ΕΙΔΙΚΕΥΟΜΕΝΟΙ ΙΑΤΡΟΙ,,,,no sponsor block
6Ζ0Ο4690Β1-Ο9Μ,2026-07-06,ΧΕ-1493 ΣΕΙΡΑ Γ ΝΟΣ/2026 05ος/2026 ΕΦΗΜΕΡΙΕΣ ΙΑΤΡΩΝ ΕΣΥ,,,,no sponsor block
