ada,issue_date,subject,supplier_afm,supplier_name,amount_eur,cpv,kae
6ΒΣΡ4690ΒΧ-5ΚΙ,2023-03-21,ΕΝΤΑΛΜΑ ΠΛΗΡΩΜΗΣ ΕΧΕΤΛΟΣ ΚΑΤΑΣΚΕΥΕΣ Ε.Ε (801296273),801296273,ΕΧΕΤΛΟΣ ΚΑΤΑΣΚΕΥΕΣ Ε.Ε (801296273),11999.48,,
6ΠΝ84690ΒΧ-ΥΛΓ,2023-03-21,ΕΝΤΑΛΜΑ ΠΛΗΡΩΜΗΣ ΕΧΕΤΛΟΣ ΚΑΤΑΣΚΕΥΕΣ Ε.Ε (801296273),801296273,ΕΧΕΤΛΟΣ ΚΑΤΑΣΚΕΥΕΣ Ε.Ε (801296273),5297.28,,
9ΚΤΝ4690ΒΧ-Θ9Ζ,2023-03-21,ΕΝΤΑΛΜΑ ΠΛΗΡΩΜΗΣ ΡΟΝΤΟΓΙΑΝΝΗΣ ΝΙΚΟΛΑΟΣ (301370400),301370400,ΡΟΝΤΟΓΙΑΝΝΗΣ ΝΙΚΟΛΑΟΣ (301370400),2945.0,,
6ΗΡΚ4690ΒΧ-ΤΦΣ,2023-03-13,ΕΝΤΑΛΜΑ ΠΛΗΡΩΜΗΣ ΔΗΜ.ΕΠΙΧ/ΣΗ ΗΛΕΚΤΡΙΣΜΟΥ ΑΕ (090000045),090000045,ΔΗΜ.ΕΠΙΧ/ΣΗ ΗΛΕΚΤΡΙΣΜΟΥ ΑΕ (090000045),12.0,,
ΨΔΜΔ4690ΒΧ-2Ξ5,2023-03-13,ΕΝΤΑΛΜΑ ΠΛΗΡΩΜΗΣ ΔΗΜ.ΕΠΙΧ/ΣΗ ΗΛΕΚΤΡΙΣΜΟΥ ΑΕ (090000045),090000045,ΔΗΜ.ΕΠΙΧ/ΣΗ ΗΛΕΚΤΡΙΣΜΟΥ ΑΕ (090000045),545.0,,
6ΕΛΘ4690ΒΧ-Φ2Ο,2023-03-13,ΕΝΤΑΛΜΑ ΠΛΗΡΩΜΗΣ ΔΗΜ.ΕΠΙΧ/ΣΗ ΗΛΕΚΤΡΙΣΜΟΥ ΑΕ (090000045),090000045,ΔΗΜ.ΕΠΙΧ/ΣΗ ΗΛΕΚΤΡΙΣΜΟΥ ΑΕ (090000045),3851.0,,
98Ψ84690ΒΧ-ΤΣΣ,2023-03-13,ΕΝΤΑΛΜΑ ΠΛΗΡΩΜΗΣ ΟΡΓ/ΣΜΟΣ ΤΗΛΕΠ/ΝΙΩΝ ΕΛΛΑΔΟΣ ΑΕ (094019245),094019245,ΟΡΓ/ΣΜΟΣ ΤΗΛΕΠ/ΝΙΩΝ ΕΛΛΑΔΟΣ ΑΕ (094019245),56.76,,
9ΩΖ34690ΒΧ-ΚΞΙ,2023-03-13,ΕΝΤΑΛΜΑ ΠΛΗΡΩΜΗΣ ΟΡΓ/ΣΜΟΣ ΤΗΛΕΠ/ΝΙΩΝ ΕΛΛΑΔΟΣ ΑΕ (094019245),094019245,ΟΡΓ/ΣΜΟΣ ΤΗΛΕΠ/ΝΙΩΝ ΕΛΛΑΔΟΣ ΑΕ (094019245),669.3,,
9Η944690ΒΧ-ΜΙΤ,2023-03-13,ΕΝΤΑΛΜΑ ΠΛΗΡΩΜΗΣ ΟΡΓ/ΣΜΟΣ ΤΗΛΕΠ/ΝΙΩΝ ΕΛΛΑΔΟΣ ΑΕ (094019245),094019245,ΟΡΓ/ΣΜΟΣ ΤΗΛΕΠ/ΝΙΩΝ ΕΛΛΑΔΟΣ ΑΕ (094019245),258.45,,
ΨΦΩ94690ΒΧ-ΩΜΚ,2023-03-13,ΕΝΤΑΛΜΑ ΠΛΗΡΩΜΗΣ ΟΡΓ/ΣΜΟΣ ΤΗΛΕΠ/ΝΙΩΝ ΕΛΛΑΔΟΣ ΑΕ (094019245),094019245,ΟΡΓ/ΣΜΟΣ ΤΗΛΕΠ/ΝΙΩΝ ΕΛΛΑΔΟΣ ΑΕ (094019245),207.8,,
ΨΟΙΕ4690ΒΧ-Ψ0Η,2023-03-13,ΕΝΤΑΛΜΑ ΠΛΗΡΩΜΗΣ ΔΗΜ.ΕΠΙΧ/ΣΗ ΗΛΕΚΤΡΙΣΜΟΥ ΑΕ (090000045),090000045,ΔΗΜ.ΕΠΙΧ/ΣΗ ΗΛΕΚΤΡΙΣΜΟΥ ΑΕ (090000045),89646.88,,
6ΒΥΣ4690ΒΧ-ΕΧΙ,2023-03-22,ΕΝΤΑΛΜΑ ΠΛΗΡΩΜΗΣ ΙΑΤΡΙΚΑ ΒΟΗΘΗΜΑΤΑ Ι.Κ.Ε (999815729),999815729,ΙΑΤΡΙΚΑ ΒΟΗΘΗΜΑΤΑ Ι.Κ.Ε (999815729),301.26,,
94ΧΗ4690ΒΧ-Γ7Γ,2023-03-22,ΕΝΤΑΛΜΑ ΠΛΗΡΩΜΗΣ ΕΥΡΟΜΑΡΤ Α.Ε. (094284004),094284004,ΕΥΡΟΜΑΡΤ Α.Ε. (094284004),1959.56,,
6ΔΝΦ4690ΒΧ-Ζ0Ν,2023-03-22,ΕΝΤΑΛΜΑ ΠΛΗΡΩΜΗΣ Medtronic Hellas Ιατρικά Μηχανήματα Μονοπρόσωπη Α.Ε.Ε. (094498111),094498111,Medtronic Hellas Ιατρικά Μηχανήματα Μονοπρόσωπη Α.Ε.Ε. (094498111),1240.0,,
9Β024690ΒΧ-ΙΛΜ,2023-03-22,ΕΝΤΑΛΜΑ ΠΛΗΡΩΜΗΣ Medtronic Hellas Ιατρικά Μηχανήματα Μονοπρόσωπη Α.Ε.Ε. (094498111),094498111,Medtronic Hellas Ιατρικά Μηχανήματα Μονοπρόσωπη Α.Ε.Ε. (094498111),19.84,,
66ΘΙ4690ΒΧ-ΓΕΑ,2023-03-22,ΕΝΤΑΛΜΑ ΠΛΗΡΩΜΗΣ INSIDE ΙΑΤΡΙΚΕΣ ΤΕΧΝΟΛΟΓΙΕΣ ΜΟΝΟΠΡΟΣΩΠΗ Ι.Κ.Ε. (800777790),800777790,INSIDE ΙΑΤΡΙΚΕΣ ΤΕΧΝΟΛΟΓΙΕΣ ΜΟΝΟΠΡΟΣΩΠΗ Ι.Κ.Ε. (800777790),1318.05,,
9ΑΛ34690ΒΧ-Ω4Η,2023-03-21,ΕΝΤΑΛΜΑ ΠΛΗΡΩΜΗΣ ANIMEX (ΕΛΛΑΣ) Ε.Π.Ε-ΑΝΙΜΕΧ (HELLAS) LTD. (095662459),095662459,ANIMEX (ΕΛΛΑΣ) Ε.Π.Ε-ΑΝΙΜΕΧ (HELLAS) LTD. (095662459),199.98,,
ΨΥΚ04690ΒΧ-ΑΛΟ,2023-03-13,ΕΝΤΑΛΜΑ ΠΛΗΡΩΜΗΣ Drager Hellas S.A. (997799268),997799268,Drager Hellas S.A. (997799268),22047.2,,
65ΘΑ4690ΒΧ-8Ν1,2023-03-13,ΕΝΤΑΛΜΑ ΠΛΗΡΩΜΗΣ GE HEALTHCARE (094472918),094472918,GE HEALTHCARE (094472918),6820.0,,
6ΖΑΒ4690ΒΧ-1ΤΠ,2023-03-15,ΕΝΤΑΛΜΑ ΠΛΗΡΩΜΗΣ ΓΕΝΙΚΗ ΧΗΜΙΚΩΝ ΠΡΟΙΟΝΤΩΝ Α.Ε (094133588),094133588,ΓΕΝΙΚΗ ΧΗΜΙΚΩΝ ΠΡΟΙΟΝΤΩΝ Α.Ε (094133588),1871.52,,
9ΨΑ04690ΒΧ-ΧΡ9,2023-03-15,ΕΝΤΑΛΜΑ ΠΛΗΡΩΜΗΣ ΓΕΝΙΚΗ ΧΗΜΙΚΩΝ ΠΡΟΙΟΝΤΩΝ Α.Ε (094133588),094133588,ΓΕΝΙΚΗ ΧΗΜΙΚΩΝ ΠΡΟΙΟΝΤΩΝ Α.Ε (094133588),242.39,,
65Ε84690ΒΧ-ΝΒΩ,2023-03-15,ΕΝΤΑΛΜΑ ΠΛΗΡΩΜΗΣ ΓΕΝΙΚΗ ΧΗΜΙΚΩΝ ΠΡΟΙΟΝΤΩΝ Α.Ε (094133588),094133588,ΓΕΝΙΚΗ ΧΗΜΙΚΩΝ ΠΡΟΙΟΝΤΩΝ Α.Ε (094133588),778.34,,
ΩΖ5Κ4690ΒΧ-ΟΧ9,2023-03-15,ΕΝΤΑΛΜΑ ΠΛΗΡΩΜΗΣ V   L VIOLAK INTERNATIONAL A.E (099370337),099370337,V   L VIOLAK INTERNATIONAL A.E (099370337),960.84,,
6ΜΧΧ4690ΒΧ-Κ0Ι,2023-03-15,ΕΝΤΑΛΜΑ ΠΛΗΡΩΜΗΣ V   L VIOLAK INTERNATIONAL A.E (099370337),099370337,V   L VIOLAK INTERNATIONAL A.E (099370337),517.81,,
6Ε7Α4690ΒΧ-ΚΦΑ,2023-03-15,ΕΝΤΑΛΜΑ ΠΛΗΡΩΜΗΣ V   L VIOLAK INTERNATIONAL A.E (099370337),099370337,V   L VIOLAK INTERNATIONAL A.E (099370337),2864.45,,
ΨΩ414690ΒΧ-ΜΝΚ,2023-03-15,ΕΝΤΑΛΜΑ ΠΛΗΡΩΜΗΣ V   L VIOLAK INTERNATIONAL A.E (099370337),099370337,V   L VIOLAK INTERNATIONAL A.E (099370337),734.53,,
Ψ6ΨΜ4690ΒΧ-ΧΣΞ,2023-03-15,ΕΝΤΑΛΜΑ ΠΛΗΡΩΜΗΣ ΧΟΝΔΡΟΓΙΑΝΝΗΣ Κ.ΠΑΝΑΓΙΩΤΗΣ (061721394),061721394,ΧΟΝΔΡΟΓΙΑΝΝΗΣ Κ.ΠΑΝΑΓΙΩΤΗΣ (061721394),1032.25,,
66ΙΖ4690ΒΧ-4ΑΑ,2023-03-16,ΕΝΤΑΛΜΑ ΠΛΗΡΩΜΗΣ ΕΥΡΟΜΑΡΤ Α.Ε. (094284004),094284004,ΕΥΡΟΜΑΡΤ Α.Ε. (094284004),267.67,,
ΨΨΤΠ4690ΒΧ-6ΜΡ,2023-03-16,ΕΝΤΑΛΜΑ ΠΛΗΡΩΜΗΣ ΕΥΡΟΜΑΡΤ Α.Ε. (094284004),094284004,ΕΥΡΟΜΑΡΤ Α.Ε. (094284004),31.73,,
6Μ3Α4690ΒΧ-Ζ2Λ,2023-03-16,ΕΝΤΑΛΜΑ ΠΛΗΡΩΜΗΣ ΑΤΛΑΣ ΜΕΝΤΙΚΑΛ ΕΠΕ (998413964),998413964,ΑΤΛΑΣ ΜΕΝΤΙΚΑΛ ΕΠΕ (998413964),30.92,,
6ΟΙ94690ΒΧ-ΕΛΤ,2023-03-16,ΕΝΤΑΛΜΑ ΠΛΗΡΩΜΗΣ ΑΝΑΣΤΑΣΙΟΣ ΜΑΥΡΟΓΕΝΗΣ Α.Ε. (082525697),082525697,ΑΝΑΣΤΑΣΙΟΣ ΜΑΥΡΟΓΕΝΗΣ Α.Ε. (082525697),2834.93,,
ΨΚ6Ι4690ΒΧ-ΛΜΛ,2023-03-16,ΕΝΤΑΛΜΑ ΠΛΗΡΩΜΗΣ ΑΝΑΣΤΑΣΙΟΣ ΜΑΥΡΟΓΕΝΗΣ Α.Ε. (082525697),082525697,ΑΝΑΣΤΑΣΙΟΣ ΜΑΥΡΟΓΕΝΗΣ Α.Ε. (082525697),3536.48,,
Ω8ΨΣ4690ΒΧ-73Ε,2023-03-16,ΕΝΤΑΛΜΑ ΠΛΗΡΩΜΗΣ ΑΝΑΣΤΑΣΙΟΣ ΜΑΥΡΟΓΕΝΗΣ Α.Ε. (082525697),082525697,ΑΝΑΣΤΑΣΙΟΣ ΜΑΥΡΟΓΕΝΗΣ Α.Ε. (082525697),4044.98,,
91Γ14690ΒΧ-5ΚΙ,2023-03-16,ΕΝΤΑΛΜΑ ΠΛΗΡΩΜΗΣ Y-LOGIMED ΑΝΩΝΥΜΗ ΕΤΑΙΡΙΑ (094446034),094446034,Y-LOGIMED ΑΝΩΝΥΜΗ ΕΤΑΙΡΙΑ (094446034),101.43,,
6ΟΝΒ4690ΒΧ-ΚΨ3,2023-03-16,ΕΝΤΑΛΜΑ ΠΛΗΡΩΜΗΣ TELEFLEX MEDICAL ΕΛΛΑΣ ΑΕΕ (094429990),094429990,TELEFLEX MEDICAL ΕΛΛΑΣ ΑΕΕ (094429990),241.72,,
6Ι7Θ4690ΒΧ-Ω98,2023-03-16,ΕΝΤΑΛΜΑ ΠΛΗΡΩΜΗΣ TELEFLEX MEDICAL ΕΛΛΑΣ ΑΕΕ (094429990),094429990,TELEFLEX MEDICAL ΕΛΛΑΣ ΑΕΕ (094429990),607.6,,
961Α4690ΒΧ-Ζ1Ρ,2023-03-16,ΕΝΤΑΛΜΑ ΠΛΗΡΩΜΗΣ TELEFLEX MEDICAL ΕΛΛΑΣ ΑΕΕ (094429990),094429990,TELEFLEX MEDICAL ΕΛΛΑΣ ΑΕΕ (094429990),301.71,,
6ΔΕΤ4690ΒΧ-ΓΟΥ,2023-03-16,ΕΝΤΑΛΜΑ ΠΛΗΡΩΜΗΣ TELEFLEX MEDICAL ΕΛΛΑΣ ΑΕΕ (094429990),094429990,TELEFLEX MEDICAL ΕΛΛΑΣ ΑΕΕ (094429990),80.34,,
6ΕΔΓ4690ΒΧ-ΕΙ6,2023-03-16,ΕΝΤΑΛΜΑ ΠΛΗΡΩΜΗΣ MEDI SUP AE (094447320),094447320,MEDI SUP AE (094447320),210.92,,
6ΩΘ64690ΒΧ-1ΘΜ,2023-03-16,ΕΝΤΑΛΜΑ ΠΛΗΡΩΜΗΣ MEDI SUP AE (094447320),094447320,MEDI SUP AE (094447320),694.4,,
9ΡΓΜ4690ΒΧ-ΩΗ1,2023-03-16,ΕΝΤΑΛΜΑ ΠΛΗΡΩΜΗΣ INSIDE ΙΑΤΡΙΚΕΣ ΤΕΧΝΟΛΟΓΙΕΣ ΜΟΝΟΠΡΟΣΩΠΗ Ι.Κ.Ε. (800777790),800777790,INSIDE ΙΑΤΡΙΚΕΣ ΤΕΧΝΟΛΟΓΙΕΣ ΜΟΝΟΠΡΟΣΩΠΗ Ι.Κ.Ε. (800777790),323.64,,
9ΔΔΒ4690ΒΧ-ΑΣΣ,2023-03-15,ΕΝΤΑΛΜΑ ΠΛΗΡΩΜΗΣ ΞΕΝΟΦΩΝ ΓΕΡΜΑΝΟΣ Α.Ε.Ε. (094326835),094326835,ΞΕΝΟΦΩΝ ΓΕΡΜΑΝΟΣ Α.Ε.Ε. (094326835),442.06,,
92ΣΩ4690ΒΧ-1ΤΛ,2023-03-15,ΕΝΤΑΛΜΑ ΠΛΗΡΩΜΗΣ ΝΟΣΟΚΟΜΕΙΑΚΗ ΓΡΑΜΜΗ Α.Ε (094396063),094396063,ΝΟΣΟΚΟΜΕΙΑΚΗ ΓΡΑΜΜΗ Α.Ε (094396063),583.4,,
9ΦΝΑ4690ΒΧ-Ε43,2023-03-15,ΕΝΤΑΛΜΑ ΠΛΗΡΩΜΗΣ ΝΟΣΟΚΟΜΕΙΑΚΗ ΓΡΑΜΜΗ Α.Ε (094396063),094396063,ΝΟΣΟΚΟΜΕΙΑΚΗ ΓΡΑΜΜΗ Α.Ε (094396063),3720.0,,
9Η234690ΒΧ-ΡΕ2,2023-03-15,ΕΝΤΑΛΜΑ ΠΛΗΡΩΜΗΣ ΝΟΣΟΚΟΜΕΙΑΚΗ ΓΡΑΜΜΗ Α.Ε (094396063),094396063,ΝΟΣΟΚΟΜΕΙΑΚΗ ΓΡΑΜΜΗ Α.Ε (094396063),4352.4,,
Ψ1ΩΥ4690ΒΧ-ΞΔΓ,2023-03-15,ΕΝΤΑΛΜΑ ΠΛΗΡΩΜΗΣ ΝΟΣΟΚΟΜΕΙΑΚΗ ΓΡΑΜΜΗ Α.Ε (094396063),094396063,ΝΟΣΟΚΟΜΕΙΑΚΗ ΓΡΑΜΜΗ Α.Ε (094396063),3107.5,,
9ΧΝΡ4690ΒΧ-ΔΘ2,2023-03-15,ΕΝΤΑΛΜΑ ΠΛΗΡΩΜΗΣ ΝΟΣΟΚΟΜΕΙΑΚΗ ΓΡΑΜΜΗ Α.Ε (094396063),094396063,ΝΟΣΟΚΟΜΕΙΑΚΗ ΓΡΑΜΜΗ Α.Ε (094396063),3540.92,,
6ΖΕΜ4690ΒΧ-Π6Ω,2023-03-15,ΕΝΤΑΛΜΑ ΠΛΗΡΩΜΗΣ ΝΟΣΟΚΟΜΕΙΑΚΗ ΓΡΑΜΜΗ Α.Ε (094396063),094396063,ΝΟΣΟΚΟΜΕΙΑΚΗ ΓΡΑΜΜΗ Α.Ε (094396063),1672.4,,
9ΟΕ74690ΒΧ-Θ20,2023-03-14,ΕΝΤΑΛΜΑ ΠΛΗΡΩΜΗΣ ΝΙΚ.Ι.ΛΑΊΝΙΩΤΗΣ Α.Ε.Β.Ε (093628458),093628458,ΝΙΚ.Ι.ΛΑΊΝΙΩΤΗΣ Α.Ε.Β.Ε (093628458),281.23,,
ΨΧ2Χ4690ΒΧ-ΥΣ4,2023-03-14,ΕΝΤΑΛΜΑ ΠΛΗΡΩΜΗΣ ΝΙΚ.Ι.ΛΑΊΝΙΩΤΗΣ Α.Ε.Β.Ε (093628458),093628458,ΝΙΚ.Ι.ΛΑΊΝΙΩΤΗΣ Α.Ε.Β.Ε (093628458),286.39,,
92ΨΒ4690ΒΧ-5ΒΘ,2023-03-14,ΕΝΤΑΛΜΑ ΠΛΗΡΩΜΗΣ ΝΙΚ.Ι.ΛΑΊΝΙΩΤΗΣ Α.Ε.Β.Ε (093628458),093628458,ΝΙΚ.Ι.ΛΑΊΝΙΩΤΗΣ Α.Ε.Β.Ε (093628458),1451.64,,
ΨΘΩΑ4690ΒΧ-ΓΛΑ,2023-03-14,ΕΝΤΑΛΜΑ ΠΛΗΡΩΜΗΣ ΝΙΚ.Ι.ΛΑΊΝΙΩΤΗΣ Α.Ε.Β.Ε (093628458),093628458,ΝΙΚ.Ι.ΛΑΊΝΙΩΤΗΣ Α.Ε.Β.Ε (093628458),930.52,,
9Δ9Ο4690ΒΧ-Ι7Χ,2023-03-14,ΕΝΤΑΛΜΑ ΠΛΗΡΩΜΗΣ ΝΙΚ.Ι.ΛΑΊΝΙΩΤΗΣ Α.Ε.Β.Ε (093628458),093628458,ΝΙΚ.Ι.ΛΑΊΝΙΩΤΗΣ Α.Ε.Β.Ε (093628458),1934.4,,
ΩΧ764690ΒΧ-2Σ4,2023-03-14,ΕΝΤΑΛΜΑ ΠΛΗΡΩΜΗΣ ΝΙΚ.Ι.ΛΑΊΝΙΩΤΗΣ Α.Ε.Β.Ε (093628458),093628458,ΝΙΚ.Ι.ΛΑΊΝΙΩΤΗΣ Α.Ε.Β.Ε (093628458),1575.24,,
6ΝΤΡ4690ΒΧ-ΔΑΘ,2023-03-14,ΕΝΤΑΛΜΑ ΠΛΗΡΩΜΗΣ ΝΙΚ.Ι.ΛΑΊΝΙΩΤΗΣ Α.Ε.Β.Ε (093628458),093628458,ΝΙΚ.Ι.ΛΑΊΝΙΩΤΗΣ Α.Ε.Β.Ε (093628458),353.69,,
ΨΓ2Π4690ΒΧ-7Ρ3,2023-03-15,ΕΝΤΑΛΜΑ ΠΛΗΡΩΜΗΣ ΕΛΛΕΝΚΟ Α.Ε. (094074824),094074824,ΕΛΛΕΝΚΟ Α.Ε. (094074824),177.09,,
9Α4Τ4690ΒΧ-ΕΜΗ,2023-03-15,ΕΝΤΑΛΜΑ ΠΛΗΡΩΜΗΣ ΕΛΛΕΝΚΟ Α.Ε. (094074824),094074824,ΕΛΛΕΝΚΟ Α.Ε. (094074824),844.11,,
Ψ2ΤΓ4690ΒΧ-0ΗΦ,2023-03-15,ΕΝΤΑΛΜΑ ΠΛΗΡΩΜΗΣ ΕΛΛΕΝΚΟ Α.Ε. (094074824),094074824,ΕΛΛΕΝΚΟ Α.Ε. (094074824),127.1,,
9Μ624690ΒΧ-ΧΧΔ,2023-03-15,ΕΝΤΑΛΜΑ ΠΛΗΡΩΜΗΣ ΑΡΗΤΗ Α.Ε. (094251753),094251753,ΑΡΗΤΗ Α.Ε. (094251753),1009.12,,
6ΞΞ54690ΒΧ-4ΑΗ,2023-03-15,ΕΝΤΑΛΜΑ ΠΛΗΡΩΜΗΣ ΑΡΗΤΗ Α.Ε. (094251753),094251753,ΑΡΗΤΗ Α.Ε. (094251753),299.45,,
Ψ9Ρ64690ΒΧ-ΚΡ4,2023-03-15,ΕΝΤΑΛΜΑ ΠΛΗΡΩΜΗΣ ΑΡΗΤΗ Α.Ε. (094251753),094251753,ΑΡΗΤΗ Α.Ε. (094251753),7176.61,,
ΨΩ204690ΒΧ-ΩΚ8,2023-03-15,ΕΝΤΑΛΜΑ ΠΛΗΡΩΜΗΣ MILONAS HEALTH A.E. (998179225),998179225,MILONAS HEALTH A.E. (998179225),4574.96,,
Ψ1ΩΧ4690ΒΧ-Ξ0Μ,2023-03-15,ΕΝΤΑΛΜΑ ΠΛΗΡΩΜΗΣ MILONAS HEALTH A.E. (998179225),998179225,MILONAS HEALTH A.E. (998179225),474.8,,
Ψ9Ξ74690ΒΧ-Χ0Σ,2023-03-15,ΕΝΤΑΛΜΑ ΠΛΗΡΩΜΗΣ MILONAS HEALTH A.E. (998179225),998179225,MILONAS HEALTH A.E. (998179225),693.24,,
ΨΑΩΛ4690ΒΧ-ΤΘΦ,2023-03-10,ΕΝΤΑΛΜΑ ΠΛΗΡΩΜΗΣ Drager Hellas S.A. (997799268),997799268,Drager Hellas S.A. (997799268),1028.21,,
ΨΩΔΙ4690ΒΧ-7ΗΦ,2023-03-15,ΕΝΤΑΛΜΑ ΠΛΗΡΩΜΗΣ DOCTUM ΦΑΡΜΑΚΕΥΤΙΚΗ ΑΕ (094070315),094070315,DOCTUM ΦΑΡΜΑΚΕΥΤΙΚΗ ΑΕ (094070315),2602.58,,
ΨΚΔΥ4690ΒΧ-4ΙΚ,2023-03-06,ΕΝΤΑΛΜΑ ΠΛΗΡΩΜΗΣ ORTHOMEDICAL (094498485),094498485,ORTHOMEDICAL (094498485),3426.81,,
Ρ9ΡΧ4690ΒΧ-Ν3Ω,2023-03-09,ΕΝΤΑΛΜΑ ΠΛΗΡΩΜΗΣ ΒΕΡΟΝΙΚΑ ΜΟΥΚΑ τ. ΚΩΝ/ΝΟΥ (136677323),136677323,ΒΕΡΟΝΙΚΑ ΜΟΥΚΑ τ. ΚΩΝ/ΝΟΥ (136677323),1246.27,,
6ΚΡ84690ΒΧ-ΧΚΧ,2023-03-09,ΕΝΤΑΛΜΑ ΠΛΗΡΩΜΗΣ ΒΕΡΟΝΙΚΑ ΜΟΥΚΑ τ. ΚΩΝ/ΝΟΥ (136677323),136677323,ΒΕΡΟΝΙΚΑ ΜΟΥΚΑ τ. ΚΩΝ/ΝΟΥ (136677323),1352.58,,
6ΠΦΣ4690ΒΧ-2Ρ6,2023-03-09,ΕΝΤΑΛΜΑ ΠΛΗΡΩΜΗΣ ΒΕΡΟΝΙΚΑ ΜΟΥΚΑ τ. ΚΩΝ/ΝΟΥ (136677323),136677323,ΒΕΡΟΝΙΚΑ ΜΟΥΚΑ τ. ΚΩΝ/ΝΟΥ (136677323),1399.11,,
980Ξ4690ΒΧ-Ι3Τ,2023-03-09,ΕΝΤΑΛΜΑ ΠΛΗΡΩΜΗΣ ΔΙΑSYS A.E (998936634),998936634,ΔΙΑSYS A.E (998936634),1096.16,,
951Ζ4690ΒΧ-Β7Ρ,2023-03-09,ΕΝΤΑΛΜΑ ΠΛΗΡΩΜΗΣ SCITEC ΙΑΤΡΙΚΑ ΣΥΣΤΗΜΑΤΑ Ε.Ε (094457478),094457478,SCITEC ΙΑΤΡΙΚΑ ΣΥΣΤΗΜΑΤΑ Ε.Ε (094457478),161.12,,
9Ο434690ΒΧ-ΔΕ5,2023-03-09,ΕΝΤΑΛΜΑ ΠΛΗΡΩΜΗΣ PULP MEDICAL-KOSTARAS ARISTIDIS (115106562),115106562,PULP MEDICAL-KOSTARAS ARISTIDIS (115106562),981.84,,
9ΖΑΘ4690ΒΧ-2ΩΦ,2023-03-09,ΕΝΤΑΛΜΑ ΠΛΗΡΩΜΗΣ Medical Point .ΧΡ.ΜΟΥΤΑΦΗΣ Ε.Ε (998630320),998630320,Medical Point .ΧΡ.ΜΟΥΤΑΦΗΣ Ε.Ε (998630320),303.8,,
ΨΥΙΑ4690ΒΧ-62Φ,2023-03-10,ΕΝΤΑΛΜΑ ΠΛΗΡΩΜΗΣ MEDLINE MEDICAL PRODUCTS O.E. (082384884),082384884,MEDLINE MEDICAL PRODUCTS O.E. (082384884),611.33,,
ΩΖ5Ρ4690ΒΧ-ΙΥ3,2023-03-09,ΕΝΤΑΛΜΑ ΠΛΗΡΩΜΗΣ MEDICARE HELLAS A.E (095367968),095367968,MEDICARE HELLAS A.E (095367968),36.16,,
Ψ6Ξ44690ΒΧ-ΘΧΤ,2023-03-10,ΕΝΤΑΛΜΑ ΠΛΗΡΩΜΗΣ Johnson   Johnson Hellas AΕΒΕ (094053472),094053472,Johnson   Johnson Hellas AΕΒΕ (094053472),1661.6,,
95ΨΓ4690ΒΧ-ΖΟ9,2023-03-10,ΕΝΤΑΛΜΑ ΠΛΗΡΩΜΗΣ Johnson   Johnson Hellas AΕΒΕ (094053472),094053472,Johnson   Johnson Hellas AΕΒΕ (094053472),3632.51,,
60ΣΔ4690ΒΧ-ΠΚΑ,2023-03-10,ΕΝΤΑΛΜΑ ΠΛΗΡΩΜΗΣ Johnson   Johnson Hellas AΕΒΕ (094053472),094053472,Johnson   Johnson Hellas AΕΒΕ (094053472),813.6,,
Ψ5Κ44690ΒΧ-Ν3Ψ,2023-03-09,ΕΝΤΑΛΜΑ ΠΛΗΡΩΜΗΣ INTER MEDICA ΕΜΜ.Τ.ΤΖΑΝΙΔΑΚΗΣ (011651035),011651035,INTER MEDICA ΕΜΜ.Τ.ΤΖΑΝΙΔΑΚΗΣ (011651035),171.12,,
Ω8Υ54690ΒΧ-ΚΨΒ,2023-03-09,ΕΝΤΑΛΜΑ ΠΛΗΡΩΜΗΣ Heraeus Hellas Μ. ΕΠΕ (998858098),998858098,Heraeus Hellas Μ. ΕΠΕ (998858098),241.8,,
6ΥΧΤ4690ΒΧ-ΖΕΠ,2023-03-09,ΕΝΤΑΛΜΑ ΠΛΗΡΩΜΗΣ ELFAMED AE (800378686),800378686,ELFAMED AE (800378686),605.47,,
6ΜΘ94690ΒΧ-ΔΧΟ,2023-03-10,ΕΝΤΑΛΜΑ ΠΛΗΡΩΜΗΣ DUCASCO-ΔΟΥΡΜΟΥΣΟΓΛΟΥ ΑΕΒΕ (999640490),999640490,DUCASCO-ΔΟΥΡΜΟΥΣΟΓΛΟΥ ΑΕΒΕ (999640490),267.84,,
95Ζ24690ΒΧ-Ρ1Σ,2023-03-10,ΕΝΤΑΛΜΑ ΠΛΗΡΩΜΗΣ DUCASCO-ΔΟΥΡΜΟΥΣΟΓΛΟΥ ΑΕΒΕ (999640490),999640490,DUCASCO-ΔΟΥΡΜΟΥΣΟΓΛΟΥ ΑΕΒΕ (999640490),133.92,,
6ΠΣΑ4690ΒΧ-1Χ0,2023-03-10,ΕΝΤΑΛΜΑ ΠΛΗΡΩΜΗΣ DUCASCO-ΔΟΥΡΜΟΥΣΟΓΛΟΥ ΑΕΒΕ (999640490),999640490,DUCASCO-ΔΟΥΡΜΟΥΣΟΓΛΟΥ ΑΕΒΕ (999640490),1203.05,,
ΡΠ7Ζ4690ΒΧ-Ι58,2023-03-10,ΕΝΤΑΛΜΑ ΠΛΗΡΩΜΗΣ DUCASCO-ΔΟΥΡΜΟΥΣΟΓΛΟΥ ΑΕΒΕ (999640490),999640490,DUCASCO-ΔΟΥΡΜΟΥΣΟΓΛΟΥ ΑΕΒΕ (999640490),156.24,,
9Μ984690ΒΧ-ΖΧΨ,2023-03-10,ΕΝΤΑΛΜΑ ΠΛΗΡΩΜΗΣ DUCASCO-ΔΟΥΡΜΟΥΣΟΓΛΟΥ ΑΕΒΕ (999640490),999640490,DUCASCO-ΔΟΥΡΜΟΥΣΟΓΛΟΥ ΑΕΒΕ (999640490),442.6,,
ΡΠΦ44690ΒΧ-9ΙΣ,2023-03-09,ΕΝΤΑΛΜΑ ΠΛΗΡΩΜΗΣ DIACHEL ΔΙΑΓΝ.-ΧΗΜ.ΟΡΓ.Ε.Π.Ε. (095341314),095341314,DIACHEL ΔΙΑΓΝ.-ΧΗΜ.ΟΡΓ.Ε.Π.Ε. (095341314),161.12,,
Ψ2Ψ94690ΒΧ-Γ50,2023-03-10,ΕΝΤΑΛΜΑ ΠΛΗΡΩΜΗΣ DEMO A.Β.Ε.E. (094041553),094041553,DEMO A.Β.Ε.E. (094041553),3009.55,,
Ψ3044690ΒΧ-ΖΣΩ,2023-03-10,ΕΝΤΑΛΜΑ ΠΛΗΡΩΜΗΣ DEMO A.Β.Ε.E. (094041553),094041553,DEMO A.Β.Ε.E. (094041553),480.82,,
9ΤΔΨ4690ΒΧ-0ΧΒ,2023-03-10,ΕΝΤΑΛΜΑ ΠΛΗΡΩΜΗΣ ΠΑΠΑΠΟΣΤΟΛΟΥ Ν-Α.Ε (095029193),095029193,ΠΑΠΑΠΟΣΤΟΛΟΥ Ν-Α.Ε (095029193),62.0,,
Ψ3ΝΡ4690ΒΧ-4Θ0,2023-03-09,ΕΝΤΑΛΜΑ ΠΛΗΡΩΜΗΣ ΑΝΑΣΤΑΣΙΟΣ ΔΙΓΚΑΣ Ι.Κ.Ε. (997826122),997826122,ΑΝΑΣΤΑΣΙΟΣ ΔΙΓΚΑΣ Ι.Κ.Ε. (997826122),405.67,,
ΡΠΒ74690ΒΧ-ΧΣΘ,2023-03-09,ΕΝΤΑΛΜΑ ΠΛΗΡΩΜΗΣ Α.Δέρβος-Γ.Δημητρακόπουλος   ΣΙΑ Α.Ε (099518023),099518023,Α.Δέρβος-Γ.Δημητρακόπουλος   ΣΙΑ Α.Ε (099518023),1233.43,,
ΨΡΔ04690ΒΧ-ΗΟΛ,2023-03-09,ΕΝΤΑΛΜΑ ΠΛΗΡΩΜΗΣ ΑΣΤΡΙΣ ΑΝΑΠΤΥΞΗ ΜΟΝΑΔΩΝ ΥΓΕΙΑΣ ΕΠΕ (999056180),999056180,ΑΣΤΡΙΣ ΑΝΑΠΤΥΞΗ ΜΟΝΑΔΩΝ ΥΓΕΙΑΣ ΕΠΕ (999056180),1243.26,,
ΨΗΘΡ4690ΒΧ-1ΕΔ,2023-03-09,ΕΝΤΑΛΜΑ ΠΛΗΡΩΜΗΣ ΒΕΡΜΑ ΝΤΡΑΓΚΣ ΑΒΕΕ (099363426),099363426,ΒΕΡΜΑ ΝΤΡΑΓΚΣ ΑΒΕΕ (099363426),1629.43,,
ΨΚΙ14690ΒΧ-Ι50,2023-03-09,ΕΝΤΑΛΜΑ ΠΛΗΡΩΜΗΣ ΜΠΑΞΤΕΡ ΕΛΛΑΣ ΕΠΕ (095530045),095530045,ΜΠΑΞΤΕΡ ΕΛΛΑΣ ΕΠΕ (095530045),603.42,,
6ΔΙΗ4690ΒΧ-ΣΛΩ,2023-03-09,ΕΝΤΑΛΜΑ ΠΛΗΡΩΜΗΣ ΓΕΩΡΓΙΟΣ ΨΟΧΙΟΣ   ΥΙΟΣ Ο.Ε (997861308),997861308,ΓΕΩΡΓΙΟΣ ΨΟΧΙΟΣ   ΥΙΟΣ Ο.Ε (997861308),458.18,,
6ΞΛΠ4690ΒΧ-ΨΙΑ,2023-03-09,ΕΝΤΑΛΜΑ ΠΛΗΡΩΜΗΣ ΛΕΩΝΙΔΑΣ ΚΑΝΕΛΛΟΣ   ΣΙΑ Ε.Ε (093401589),093401589,ΛΕΩΝΙΔΑΣ ΚΑΝΕΛΛΟΣ   ΣΙΑ Ε.Ε (093401589),297.6,,
65ΔΤ4690ΒΧ-7Υ1,2023-03-09,ΕΝΤΑΛΜΑ ΠΛΗΡΩΜΗΣ ΜΑΓΕΙΡΑΣ ΔΙΑΓΝ.ΜΗΧΑΝΗΜΑΤΑ Α.Ε. (095444407),095444407,ΜΑΓΕΙΡΑΣ ΔΙΑΓΝ.ΜΗΧΑΝΗΜΑΤΑ Α.Ε. (095444407),494.76,,
6ΔΠΟ4690ΒΧ-0ΥΡ,2023-03-09,ΕΝΤΑΛΜΑ ΠΛΗΡΩΜΗΣ ΟΔΟΝΤΟΠΡΟΜΗΘΕΥΤΙΚΗ ΓΕΩΡΓΑΚΑΣ ΚΩΝΣΤΑΝΤΙΝΟΣ (062216690),062216690,ΟΔΟΝΤΟΠΡΟΜΗΘΕΥΤΙΚΗ ΓΕΩΡΓΑΚΑΣ ΚΩΝΣΤΑΝΤΙΝΟΣ (062216690),136.4,,
Ψ2ΧΗ4690ΒΧ-2Τ1,2023-03-09,ΕΝΤΑΛΜΑ ΠΛΗΡΩΜΗΣ ΚΛΕΟΠΑΤΡΑ ΓΚΟΥΒΑ (041699970),041699970,ΚΛΕΟΠΑΤΡΑ ΓΚΟΥΒΑ (041699970),42.16,,
Ψ8494690ΒΧ-ΘΩΦ,2023-03-09,ΕΝΤΑΛΜΑ ΠΛΗΡΩΜΗΣ ΕΝΟΡΑΣΙΣ Α.Ε. (094503580),094503580,ΕΝΟΡΑΣΙΣ Α.Ε. (094503580),773.76,,
6Ξ3Ζ4690ΒΧ-Ψ17,2023-03-09,ΕΝΤΑΛΜΑ ΠΛΗΡΩΜΗΣ ΑΝΤΙ-ΣΕΛ ΑΦΟΙ Α. ΣΕΛΙΔΗ ΑΕ (091569759),091569759,ΑΝΤΙ-ΣΕΛ ΑΦΟΙ Α. ΣΕΛΙΔΗ ΑΕ (091569759),44.64,,
ΨΔ1Θ4690ΒΧ-ΚΔΜ,2023-03-09,ΕΝΤΑΛΜΑ ΠΛΗΡΩΜΗΣ ΑΝΤΙ-ΣΕΛ ΑΦΟΙ Α. ΣΕΛΙΔΗ ΑΕ (091569759),091569759,ΑΝΤΙ-ΣΕΛ ΑΦΟΙ Α. ΣΕΛΙΔΗ ΑΕ (091569759),1708.22,,
6ΚΦ04690ΒΧ-ΝΩΩ,2023-03-03,ΕΝΤΑΛΜΑ ΠΛΗΡΩΜΗΣ ΦΡΟΝΕΙΝ ΙΚΕ (800870900),800870900,ΦΡΟΝΕΙΝ ΙΚΕ (800870900),2480.0,,
620Α4690ΒΧ-Ι1Ψ,2023-03-07,ΕΝΤΑΛΜΑ ΠΛΗΡΩΜΗΣ ΜΠΕΜΠΕΚΟΣ ΓΕΩΡΓΙΟΣ ΚΑΙ ΣΙΑ Ε.Ε (082802380),082802380,ΜΠΕΜΠΕΚΟΣ ΓΕΩΡΓΙΟΣ ΚΑΙ ΣΙΑ Ε.Ε (082802380),440.7,,
633Ρ4690ΒΧ-ΑΗΡ,2023-03-06,ΕΝΤΑΛΜΑ ΠΛΗΡΩΜΗΣ Κωστας Α.Παπαέλληνας(ΕλλάςΑΕΒΕ) (094075360),094075360,Κωστας Α.Παπαέλληνας(ΕλλάςΑΕΒΕ) (094075360),1014.18,,
Ψ7ΜΥ4690ΒΧ-23Ν,2023-03-06,ΕΝΤΑΛΜΑ ΠΛΗΡΩΜΗΣ Κωστας Α.Παπαέλληνας(ΕλλάςΑΕΒΕ) (094075360),094075360,Κωστας Α.Παπαέλληνας(ΕλλάςΑΕΒΕ) (094075360),90.4,,
ΨΨΙΟ4690ΒΧ-Π0Σ,2023-03-06,ΕΝΤΑΛΜΑ ΠΛΗΡΩΜΗΣ ΚΟΠΕΡ ΑΕ (094007897),094007897,ΚΟΠΕΡ ΑΕ (094007897),3487.18,,
6ΜΩΛ4690ΒΧ-9ΒΗ,2023-03-06,ΕΝΤΑΛΜΑ ΠΛΗΡΩΜΗΣ ΚΟΠΕΡ ΑΕ (094007897),094007897,ΚΟΠΕΡ ΑΕ (094007897),4735.27,,
64ΤΑ4690ΒΧ-Ν6Μ,2023-03-06,ΕΝΤΑΛΜΑ ΠΛΗΡΩΜΗΣ ΚΑΛΤΕΚ ΜΕΝΤΙΚΑΛ ΑΕ (998923153),998923153,ΚΑΛΤΕΚ ΜΕΝΤΙΚΑΛ ΑΕ (998923153),4246.42,,
ΨΒΑ64690ΒΧ-07Ι,2023-03-07,ΕΝΤΑΛΜΑ ΠΛΗΡΩΜΗΣ ZIMMER BIOMET ΕΛΛΑΣ ΜΟΝ/ΠΗ Α.Ε (094437885),094437885,ZIMMER BIOMET ΕΛΛΑΣ ΜΟΝ/ΠΗ Α.Ε (094437885),2450.52,,
ΨΒΛΜ4690ΒΧ-3ΒΒ,2023-03-07,ΕΝΤΑΛΜΑ ΠΛΗΡΩΜΗΣ ZIMMER BIOMET ΕΛΛΑΣ ΜΟΝ/ΠΗ Α.Ε (094437885),094437885,ZIMMER BIOMET ΕΛΛΑΣ ΜΟΝ/ΠΗ Α.Ε (094437885),3428.77,,
ΨΙΒΘ4690ΒΧ-ΛΕ9,2023-03-07,ΕΝΤΑΛΜΑ ΠΛΗΡΩΜΗΣ ZIMMER BIOMET ΕΛΛΑΣ ΜΟΝ/ΠΗ Α.Ε (094437885),094437885,ZIMMER BIOMET ΕΛΛΑΣ ΜΟΝ/ΠΗ Α.Ε (094437885),4870.3,,
ΨΡΨΥ4690ΒΧ-ΚΟ5,2023-03-07,ΕΝΤΑΛΜΑ ΠΛΗΡΩΜΗΣ ZIMMER BIOMET ΕΛΛΑΣ ΜΟΝ/ΠΗ Α.Ε (094437885),094437885,ZIMMER BIOMET ΕΛΛΑΣ ΜΟΝ/ΠΗ Α.Ε (094437885),4399.07,,
Ω8Μ34690ΒΧ-ΕΘΠ,2023-03-07,ΕΝΤΑΛΜΑ ΠΛΗΡΩΜΗΣ ZIMMER BIOMET ΕΛΛΑΣ ΜΟΝ/ΠΗ Α.Ε (094437885),094437885,ZIMMER BIOMET ΕΛΛΑΣ ΜΟΝ/ΠΗ Α.Ε (094437885),4983.61,,
Ψ6Ε14690ΒΧ-9ΓΟ,2023-03-07,ΕΝΤΑΛΜΑ ΠΛΗΡΩΜΗΣ ZIMMER BIOMET ΕΛΛΑΣ ΜΟΝ/ΠΗ Α.Ε (094437885),094437885,ZIMMER BIOMET ΕΛΛΑΣ ΜΟΝ/ΠΗ Α.Ε (094437885),1931.17,,
Ψ7474690ΒΧ-Ο69,2023-03-07,ΕΝΤΑΛΜΑ ΠΛΗΡΩΜΗΣ ZIMMER BIOMET ΕΛΛΑΣ ΜΟΝ/ΠΗ Α.Ε (094437885),094437885,ZIMMER BIOMET ΕΛΛΑΣ ΜΟΝ/ΠΗ Α.Ε (094437885),168.36,,
67ΡΚ4690ΒΧ-57Ξ,2023-03-06,ΕΝΤΑΛΜΑ ΠΛΗΡΩΜΗΣ Trauma Care Μονοπρόσωπη ΕΠΕ (800811818),800811818,Trauma Care Μονοπρόσωπη ΕΠΕ (800811818),2132.82,,
9ΛΔ14690ΒΧ-Ν56,2023-03-06,ΕΝΤΑΛΜΑ ΠΛΗΡΩΜΗΣ Trauma Care Μονοπρόσωπη ΕΠΕ (800811818),800811818,Trauma Care Μονοπρόσωπη ΕΠΕ (800811818),4788.53,,
Ψ5ΚΑ4690ΒΧ-Ζ0Ω,2023-03-06,ΕΝΤΑΛΜΑ ΠΛΗΡΩΜΗΣ Trauma Care Μονοπρόσωπη ΕΠΕ (800811818),800811818,Trauma Care Μονοπρόσωπη ΕΠΕ (800811818),1281.83,,
99ΖΟ4690ΒΧ-ΒΒΙ,2023-03-06,ΕΝΤΑΛΜΑ ΠΛΗΡΩΜΗΣ RONTIS HELLAS AEBE (095335610),095335610,RONTIS HELLAS AEBE (095335610),3414.68,,
9Υ604690ΒΧ-3ΜΞ,2023-03-06,ΕΝΤΑΛΜΑ ΠΛΗΡΩΜΗΣ OPTIMUM ORTHOPEDICS Α.Ε (998280573),998280573,OPTIMUM ORTHOPEDICS Α.Ε (998280573),1465.55,,
ΨΧ784690ΒΧ-ΨΑ5,2023-03-06,ΕΝΤΑΛΜΑ ΠΛΗΡΩΜΗΣ MEDISTEM Ι.Κ.Ε (801324725),801324725,MEDISTEM Ι.Κ.Ε (801324725),2200.11,,
Ψ6ΣΡ4690ΒΧ-ΙΕΦ,2023-03-06,ΕΝΤΑΛΜΑ ΠΛΗΡΩΜΗΣ LS.MED M. Ε.Π.Ε (800862068),800862068,LS.MED M. Ε.Π.Ε (800862068),4384.4,,
ΩΝΝΞ4690ΒΧ-ΕΛΨ,2023-03-06,ΕΝΤΑΛΜΑ ΠΛΗΡΩΜΗΣ LS.MED M. Ε.Π.Ε (800862068),800862068,LS.MED M. Ε.Π.Ε (800862068),4345.98,,
6ΕΥΑ4690ΒΧ-2ΡΜ,2023-03-06,ΕΝΤΑΛΜΑ ΠΛΗΡΩΜΗΣ LS.MED M. Ε.Π.Ε (800862068),800862068,LS.MED M. Ε.Π.Ε (800862068),2518.77,,
ΨΖΙΥ4690ΒΧ-8Θ5,2023-03-06,ΕΝΤΑΛΜΑ ΠΛΗΡΩΜΗΣ LS.MED M. Ε.Π.Ε (800862068),800862068,LS.MED M. Ε.Π.Ε (800862068),4724.53,,
6ΦΜΨ4690ΒΧ-ΑΕΟ,2023-03-06,ΕΝΤΑΛΜΑ ΠΛΗΡΩΜΗΣ LS.MED M. Ε.Π.Ε (800862068),800862068,LS.MED M. Ε.Π.Ε (800862068),2180.44,,
6ΞΒΔ4690ΒΧ-ΣΨΒ,2023-03-06,ΕΝΤΑΛΜΑ ΠΛΗΡΩΜΗΣ LS.MED M. Ε.Π.Ε (800862068),800862068,LS.MED M. Ε.Π.Ε (800862068),3270.66,,
9ΠΨΗ4690ΒΧ-Χ5Λ,2023-03-07,ΕΝΤΑΛΜΑ ΠΛΗΡΩΜΗΣ Health and Iasis Medical Products (800572342),800572342,Health and Iasis Medical Products (800572342),3548.2,,
ΩΧΣ34690ΒΧ-ΖΒΥ,2023-03-07,ΕΝΤΑΛΜΑ ΠΛΗΡΩΜΗΣ Health and Iasis Medical Products (800572342),800572342,Health and Iasis Medical Products (800572342),1433.92,,
Ψ1Η14690ΒΧ-ΩΩΙ,2023-03-07,ΕΝΤΑΛΜΑ ΠΛΗΡΩΜΗΣ Health and Iasis Medical Products (800572342),800572342,Health and Iasis Medical Products (800572342),4119.8,,
916Ε4690ΒΧ-ΘΟΚ,2023-03-06,ΕΝΤΑΛΜΑ ΠΛΗΡΩΜΗΣ BIOGENESYS IKE (099805952),099805952,BIOGENESYS IKE (099805952),3255.53,,
6ΚΓΔ4690ΒΧ-Ο4Ο,2023-03-06,ΕΝΤΑΛΜΑ ΠΛΗΡΩΜΗΣ BIOGENESYS IKE (099805952),099805952,BIOGENESYS IKE (099805952),2661.15,,
Ψ32Ω4690ΒΧ-1ΣΣ,2023-03-06,ΕΝΤΑΛΜΑ ΠΛΗΡΩΜΗΣ BIOGENESYS IKE (099805952),099805952,BIOGENESYS IKE (099805952),734.5,,
9Λ8Κ4690ΒΧ-Κ1Ε,2023-03-03,ΕΝΤΑΛΜΑ ΠΛΗΡΩΜΗΣ Σ.ΧΑΣΚΟΣ -Χ.ΤΣΙΚΟΥΔΗΣ Ο.Ε (084157763),084157763,Σ.ΧΑΣΚΟΣ -Χ.ΤΣΙΚΟΥΔΗΣ Ο.Ε (084157763),694.4,,
90Π44690ΒΧ-ΛΦ9,2023-03-03,ΕΝΤΑΛΜΑ ΠΛΗΡΩΜΗΣ Σ.ΧΑΣΚΟΣ -Χ.ΤΣΙΚΟΥΔΗΣ Ο.Ε (084157763),084157763,Σ.ΧΑΣΚΟΣ -Χ.ΤΣΙΚΟΥΔΗΣ Ο.Ε (084157763),1860.0,,
9ΓΚΒ4690ΒΧ-7ΡΣ,2023-03-03,ΕΝΤΑΛΜΑ ΠΛΗΡΩΜΗΣ ΠΝΟΗ Α.Ε. (095632467),095632467,ΠΝΟΗ Α.Ε. (095632467),1078.8,,
6ΕΣΧ4690ΒΧ-ΥΘΛ,2023-03-06,ΕΝΤΑΛΜΑ ΠΛΗΡΩΜΗΣ ΠΗΝΕΛΟΠΗ Δ.ΚΥΡΚΟΥ (066483339),066483339,ΠΗΝΕΛΟΠΗ Δ.ΚΥΡΚΟΥ (066483339),638.6,,
ΨΙΗΛ4690ΒΧ-2ΨΩ,2023-03-03,ΕΝΤΑΛΜΑ ΠΛΗΡΩΜΗΣ ΓΙΟΥΚΑ Α.Ε (997993920),997993920,ΓΙΟΥΚΑ Α.Ε (997993920),1902.78,,
6Δ684690ΒΧ-437,2023-03-03,ΕΝΤΑΛΜΑ ΠΛΗΡΩΜΗΣ ΒΕΡΟΝΙΚΑ ΜΟΥΚΑ τ. ΚΩΝ/ΝΟΥ (136677323),136677323,ΒΕΡΟΝΙΚΑ ΜΟΥΚΑ τ. ΚΩΝ/ΝΟΥ (136677323),1025.54,,
606Β4690ΒΧ-4Σ3,2023-03-03,ΕΝΤΑΛΜΑ ΠΛΗΡΩΜΗΣ ΑΝΑΣΤΑΣΙΟΣ ΔΙΓΚΑΣ Ι.Κ.Ε. (997826122),997826122,ΑΝΑΣΤΑΣΙΟΣ ΔΙΓΚΑΣ Ι.Κ.Ε. (997826122),125.81,,
6ΙΚΔ4690ΒΧ-9ΦΣ,2023-03-03,ΕΝΤΑΛΜΑ ΠΛΗΡΩΜΗΣ ΑΝΑΣΤΑΣΙΟΣ ΔΙΓΚΑΣ Ι.Κ.Ε. (997826122),997826122,ΑΝΑΣΤΑΣΙΟΣ ΔΙΓΚΑΣ Ι.Κ.Ε. (997826122),191.01,,
Ω83Ο4690ΒΧ-ΑΝΟ,2023-03-03,ΕΝΤΑΛΜΑ ΠΛΗΡΩΜΗΣ sarakis Illumina (051423057),051423057,sarakis Illumina (051423057),274.97,,
61Δ44690ΒΧ-5ΙΔ,2023-03-03,ΕΝΤΑΛΜΑ ΠΛΗΡΩΜΗΣ VETERY SERVICE HELLAS ΝΑΚΑΣ ΣΠΥΡΙΔΩΝ (061755570),061755570,VETERY SERVICE HELLAS ΝΑΚΑΣ ΣΠΥΡΙΔΩΝ (061755570),1625.0,,
6Μ3Κ4690ΒΧ-Π53,2023-03-03,ΕΝΤΑΛΜΑ ΠΛΗΡΩΜΗΣ OTIS ΕΛΛΑΣ ΜΟΝΟΠΡΟΣΩΠΗ ΑΝΩΝ.ΒΙΟΜ.   ΕΜΠ.ΤΕΧΝ.ΕΤΑΙΡΕΙΑ (094208578),094208578,OTIS ΕΛΛΑΣ ΜΟΝΟΠΡΟΣΩΠΗ ΑΝΩΝ.ΒΙΟΜ.   ΕΜΠ.ΤΕΧΝ.ΕΤΑΙΡΕΙΑ (094208578),807.24,,
ΩΧΘΗ4690ΒΧ-ΜΑΚ,2023-03-02,ΕΝΤΑΛΜΑ ΠΛΗΡΩΜΗΣ ΤΕΜΑΚ (094279934),094279934,ΤΕΜΑΚ (094279934),1870.54,,
9ΦΚ34690ΒΧ-ΓΣ6,2023-03-02,ΕΝΤΑΛΜΑ ΠΛΗΡΩΜΗΣ ΤΕΜΑΚ (094279934),094279934,ΤΕΜΑΚ (094279934),657.68,,
6ΗΩΤ4690ΒΧ-65Τ,2023-03-02,ΕΝΤΑΛΜΑ ΠΛΗΡΩΜΗΣ ΠΑΣΚΑΛ ΣΤΡΟΥΖΑ Α.Ε. (094494357),094494357,ΠΑΣΚΑΛ ΣΤΡΟΥΖΑ Α.Ε. (094494357),334.8,,
ΨΞ8Χ4690ΒΧ-ΗΣ7,2023-03-02,ΕΝΤΑΛΜΑ ΠΛΗΡΩΜΗΣ ΠΑΣΚΑΛ ΣΤΡΟΥΖΑ Α.Ε. (094494357),094494357,ΠΑΣΚΑΛ ΣΤΡΟΥΖΑ Α.Ε. (094494357),89.59,,
64674690ΒΧ-34Ι,2023-03-02,ΕΝΤΑΛΜΑ ΠΛΗΡΩΜΗΣ Ν.ΠΡΟΚΟΣ   ΣΙΑ Ο.Ε. (999426109),999426109,Ν.ΠΡΟΚΟΣ   ΣΙΑ Ο.Ε. (999426109),187.18,,
ΡΨΤΚ4690ΒΧ-ΣΔΛ,2023-03-02,ΕΝΤΑΛΜΑ ΠΛΗΡΩΜΗΣ Ν.ΠΡΟΚΟΣ   ΣΙΑ Ο.Ε. (999426109),999426109,Ν.ΠΡΟΚΟΣ   ΣΙΑ Ο.Ε. (999426109),95.43,,
9ΤΔΣ4690ΒΧ-0ΒΡ,2023-03-02,ΕΝΤΑΛΜΑ ΠΛΗΡΩΜΗΣ ΛΑΥΡΑΝΟΣ ΟΜΗΡΟΣ (102561232),102561232,ΛΑΥΡΑΝΟΣ ΟΜΗΡΟΣ (102561232),85.0,,
ΨΥΔ74690ΒΧ-9ΘΩ,2023-03-02,ΕΝΤΑΛΜΑ ΠΛΗΡΩΜΗΣ ΒΙΒΛΙΟΧΑΡΤΟΠΩΛΕΙΟ ''Η ΕΣΤΙΑ''ΕΥΑΓΓΕΛΟΣ ΔΑΝΙΗΛ   ΣΙΑ Ο.Ε (800187440),800187440,ΒΙΒΛΙΟΧΑΡΤΟΠΩΛΕΙΟ ''Η ΕΣΤΙΑ''ΕΥΑΓΓΕΛΟΣ ΔΑΝΙΗΛ   ΣΙΑ Ο.Ε (800187440),361.5,,
6Γ994690ΒΧ-1ΗΘ,2023-03-02,ΕΝΤΑΛΜΑ ΠΛΗΡΩΜΗΣ ΒΑΣΙΛΙΚΗ ΤΣΙΜΠΡΗ   ΣΙΑ Ε.Ε (999333810),999333810,ΒΑΣΙΛΙΚΗ ΤΣΙΜΠΡΗ   ΣΙΑ Ε.Ε (999333810),6.2,,
6ΥΑ44690ΒΧ-ΥΞ2,2023-03-02,ΕΝΤΑΛΜΑ ΠΛΗΡΩΜΗΣ ΒΑΚΕΝΤΗΣ ΕΜΜ. Ο.Ε. (800151001),800151001,ΒΑΚΕΝΤΗΣ ΕΜΜ. Ο.Ε. (800151001),193.44,,
6Χ9Γ4690ΒΧ-7ΘΨ,2023-03-02,ΕΝΤΑΛΜΑ ΠΛΗΡΩΜΗΣ ΑΦΟΙ ΖΥΡΙΧΙΔΗ Ο.Ε (091282761),091282761,ΑΦΟΙ ΖΥΡΙΧΙΔΗ Ο.Ε (091282761),434.02,,
6Η844690ΒΧ-25Β,2023-03-02,ΕΝΤΑΛΜΑ ΠΛΗΡΩΜΗΣ ΑΦΟΙ ΓΚΟΛΦΙΝΟΠΟΥΛΟΙ Α.Ε. (094026365),094026365,ΑΦΟΙ ΓΚΟΛΦΙΝΟΠΟΥΛΟΙ Α.Ε. (094026365),62.0,,
ΨΔ3Μ4690ΒΧ-39Κ,2023-03-02,ΕΝΤΑΛΜΑ ΠΛΗΡΩΜΗΣ ΑΝΤΙ-ΣΕΛ ΑΦΟΙ Α. ΣΕΛΙΔΗ ΑΕ (091569759),091569759,ΑΝΤΙ-ΣΕΛ ΑΦΟΙ Α. ΣΕΛΙΔΗ ΑΕ (091569759),204.6,,
61ΚΥ4690ΒΧ-ΣΩΜ,2023-03-02,ΕΝΤΑΛΜΑ ΠΛΗΡΩΜΗΣ ΑΝΑΣΤΑΣΙΟΣ ΔΙΓΚΑΣ Ι.Κ.Ε. (997826122),997826122,ΑΝΑΣΤΑΣΙΟΣ ΔΙΓΚΑΣ Ι.Κ.Ε. (997826122),600.01,,
ΨΤΛ84690ΒΧ-1ΨΡ,2023-03-02,ΕΝΤΑΛΜΑ ΠΛΗΡΩΜΗΣ ΑΝΑΣΤΑΣΙΟΣ ΔΙΓΚΑΣ Ι.Κ.Ε. (997826122),997826122,ΑΝΑΣΤΑΣΙΟΣ ΔΙΓΚΑΣ Ι.Κ.Ε. (997826122),120.9,,
6Ο1Ψ4690ΒΧ-ΡΤΑ,2023-03-02,ΕΝΤΑΛΜΑ ΠΛΗΡΩΜΗΣ Α.Μ.ΒΙΔΑΛΗΣ INTERNATIONAL ΜΟΝΟΠΡΟΣΩΠΗ ΕΠΕ (095185177),095185177,Α.Μ.ΒΙΔΑΛΗΣ INTERNATIONAL ΜΟΝΟΠΡΟΣΩΠΗ ΕΠΕ (095185177),421.25,,
9Γ0Λ4690ΒΧ-ΦΗΜ,2023-03-02,ΕΝΤΑΛΜΑ ΠΛΗΡΩΜΗΣ INSIDE ΙΑΤΡΙΚΕΣ ΤΕΧΝΟΛΟΓΙΕΣ ΜΟΝΟΠΡΟΣΩΠΗ Ι.Κ.Ε. (800777790),800777790,INSIDE ΙΑΤΡΙΚΕΣ ΤΕΧΝΟΛΟΓΙΕΣ ΜΟΝΟΠΡΟΣΩΠΗ Ι.Κ.Ε. (800777790),272.8,,
ΨΒΣΧ4690ΒΧ-5ΑΜ,2023-03-02,ΕΝΤΑΛΜΑ ΠΛΗΡΩΜΗΣ ΝΙΚΑΙΑ ΤΡΟΦΟΔΟΣΙΕΣ ΜΟΝΟΠΡΟΣΩΠΗ ΙΚΕ (801393800),801393800,ΝΙΚΑΙΑ ΤΡΟΦΟΔΟΣΙΕΣ ΜΟΝΟΠΡΟΣΩΠΗ ΙΚΕ (801393800),4615.36,,
6ΒΨΞ4690ΒΧ-1ΤΦ,2023-03-02,ΕΝΤΑΛΜΑ ΠΛΗΡΩΜΗΣ ΚΑΚΑΒΟΣ Ι.ΔΗΜΗΤΡΙΟΣ (119540879),119540879,ΚΑΚΑΒΟΣ Ι.ΔΗΜΗΤΡΙΟΣ (119540879),1735.13,,
9Β544690ΒΧ-ΠΗΤ,2023-03-02,ΕΝΤΑΛΜΑ ΠΛΗΡΩΜΗΣ ΑΦΟΙ ΓΑΖΗ Α.Ε. (094302131),094302131,ΑΦΟΙ ΓΑΖΗ Α.Ε. (094302131),301.36,,
6Η2Ω4690ΒΧ-7ΥΠ,2023-03-02,ΕΝΤΑΛΜΑ ΠΛΗΡΩΜΗΣ ΑΦΟΙ ΓΑΖΗ Α.Ε. (094302131),094302131,ΑΦΟΙ ΓΑΖΗ Α.Ε. (094302131),103.97,,
970Ψ4690ΒΧ-Γ7Σ,2023-03-02,ΕΝΤΑΛΜΑ ΠΛΗΡΩΜΗΣ SUPER MARKET '' ΒΛΑΧΟΣ΄΄ (128490095),128490095,SUPER MARKET '' ΒΛΑΧΟΣ΄΄ (128490095),103.31,,
ΨΙΚ84690ΒΧ-ΦΙΚ,2023-03-02,ΕΝΤΑΛΜΑ ΠΛΗΡΩΜΗΣ Rain bow waters (099328240),099328240,Rain bow waters (099328240),31.47,,
9Θ2Υ4690ΒΧ-ΧΘ9,2023-03-02,ΕΝΤΑΛΜΑ ΠΛΗΡΩΜΗΣ Α. ΝΙΚΟΛΑΚΟΠΟΥΛΟΣ Α.Ε (094476512),094476512,Α. ΝΙΚΟΛΑΚΟΠΟΥΛΟΣ Α.Ε (094476512),67.27,,
ΨΩΔΜ4690ΒΧ-ΝΓ4,2023-06-26,ΕΝΤΑΛΜΑ ΠΛΗΡΩΜΗΣ ΛΥΤΡΑΣ Ε.ΑΠΟΣΤΟΛΟΣ (078903944),078903944,ΛΥΤΡΑΣ Ε.ΑΠΟΣΤΟΛΟΣ (078903944),7440.0,,
95Ο54690ΒΧ-Ν1Α,2023-06-26,ΕΝΤΑΛΜΑ ΠΛΗΡΩΜΗΣ ΛΥΤΡΑΣ Ε.ΑΠΟΣΤΟΛΟΣ (078903944),078903944,ΛΥΤΡΑΣ Ε.ΑΠΟΣΤΟΛΟΣ (078903944),7440.0,,
63ΓΑ4690ΒΧ-ΦΕ3,2023-06-22,ΕΝΤΑΛΜΑ ΠΛΗΡΩΜΗΣ MEDICUS A.E. (094359610),094359610,MEDICUS A.E. (094359610),2750.32,,
9ΕΨΜ4690ΒΧ-Λ8Ω,2023-07-31,ΕΝΤΑΛΜΑ ΠΛΗΡΩΜΗΣ MEDIC PLAN HEALTH PROJECT IKE (999961120),999961120,MEDIC PLAN HEALTH PROJECT IKE (999961120),1627.5,,
67Φ84690ΒΧ-ΥΛΟ,2023-07-31,ΕΝΤΑΛΜΑ ΠΛΗΡΩΜΗΣ Ν.ΠΡΟΚΟΣ   ΣΙΑ Ο.Ε. (999426109),999426109,Ν.ΠΡΟΚΟΣ   ΣΙΑ Ο.Ε. (999426109),482.61,,
ΨΝΖΨ4690ΒΧ-7ΞΝ,2023-07-31,ΕΝΤΑΛΜΑ ΠΛΗΡΩΜΗΣ Γ.ΣΑΜΑΡΑΣ ΑΒΕΕ (094373861),094373861,Γ.ΣΑΜΑΡΑΣ ΑΒΕΕ (094373861),4092.0,,
ΨΓ6Τ4690ΒΧ-Η2Λ,2023-07-31,ΕΝΤΑΛΜΑ ΠΛΗΡΩΜΗΣ ΑΝΑΣΤΑΣΙΟΣ ΜΑΥΡΟΓΕΝΗΣ Α.Ε. (082525697),082525697,ΑΝΑΣΤΑΣΙΟΣ ΜΑΥΡΟΓΕΝΗΣ Α.Ε. (082525697),2034.0,,
ΩΧΧΩ4690ΒΧ-2Λ8,2023-07-31,ΕΝΤΑΛΜΑ ΠΛΗΡΩΜΗΣ ΑΝΑΣΤΑΣΙΟΣ ΜΑΥΡΟΓΕΝΗΣ Α.Ε. (082525697),082525697,ΑΝΑΣΤΑΣΙΟΣ ΜΑΥΡΟΓΕΝΗΣ Α.Ε. (082525697),4412.65,,
6ΕΗΜ4690ΒΧ-ΑΗΡ,2023-07-31,ΕΝΤΑΛΜΑ ΠΛΗΡΩΜΗΣ ΑΝΑΣΤΑΣΙΟΣ ΜΑΥΡΟΓΕΝΗΣ Α.Ε. (082525697),082525697,ΑΝΑΣΤΑΣΙΟΣ ΜΑΥΡΟΓΕΝΗΣ Α.Ε. (082525697),204.21,,
ΨΟΤ34690ΒΧ-3ΗΕ,2023-07-31,ΕΝΤΑΛΜΑ ΠΛΗΡΩΜΗΣ ΑΝΑΣΤΑΣΙΟΣ ΜΑΥΡΟΓΕΝΗΣ Α.Ε. (082525697),082525697,ΑΝΑΣΤΑΣΙΟΣ ΜΑΥΡΟΓΕΝΗΣ Α.Ε. (082525697),2675.39,,
6ΕΖΔ4690ΒΧ-ΟΣΧ,2023-07-31,ΕΝΤΑΛΜΑ ΠΛΗΡΩΜΗΣ ΄΄ ΜΟΥΡΟΠΟΥΛΟΣ΄΄ ΒΙΟ/ΝΙΑ ΠΛΑΣΤΙΚΩΝ (081857450),081857450,΄΄ ΜΟΥΡΟΠΟΥΛΟΣ΄΄ ΒΙΟ/ΝΙΑ ΠΛΑΣΤΙΚΩΝ (081857450),1624.4,,
69Ψ04690ΒΧ-Ζ0Α,2023-07-31,ΕΝΤΑΛΜΑ ΠΛΗΡΩΜΗΣ ELFAMED AE (800378686),800378686,ELFAMED AE (800378686),3632.83,,
ΩΧΗΑ4690ΒΧ-ΦΨΚ,2023-08-10,ΕΝΤΑΛΜΑ ΠΛΗΡΩΜΗΣ ΔΗΜ.ΕΠΙΧ/ΣΗ ΗΛΕΚΤΡΙΣΜΟΥ ΑΕ (090000045),090000045,ΔΗΜ.ΕΠΙΧ/ΣΗ ΗΛΕΚΤΡΙΣΜΟΥ ΑΕ (090000045),56973.15,,
61ΗΗ4690ΒΧ-ΕΡΜ,2023-08-10,ΕΝΤΑΛΜΑ ΠΛΗΡΩΜΗΣ ΔΗΜ.ΕΠΙΧ/ΣΗ ΗΛΕΚΤΡΙΣΜΟΥ ΑΕ (090000045),090000045,ΔΗΜ.ΕΠΙΧ/ΣΗ ΗΛΕΚΤΡΙΣΜΟΥ ΑΕ (090000045),1827.0,,
ΨΖΚΑ4690ΒΧ-ΧΜΨ,2023-08-10,ΕΝΤΑΛΜΑ ΠΛΗΡΩΜΗΣ ΔΗΜ.ΕΠΙΧ/ΣΗ ΗΛΕΚΤΡΙΣΜΟΥ ΑΕ (090000045),090000045,ΔΗΜ.ΕΠΙΧ/ΣΗ ΗΛΕΚΤΡΙΣΜΟΥ ΑΕ (090000045),1112.0,,
6Λ404690ΒΧ-0ΜΟ,2023-08-10,ΕΝΤΑΛΜΑ ΠΛΗΡΩΜΗΣ ΔΗΜ.ΕΠΙΧ/ΣΗ ΗΛΕΚΤΡΙΣΜΟΥ ΑΕ (090000045),090000045,ΔΗΜ.ΕΠΙΧ/ΣΗ ΗΛΕΚΤΡΙΣΜΟΥ ΑΕ (090000045),10.0,,
ΨΘΒΡ4690ΒΧ-Θ6Χ,2023-08-09,ΕΝΤΑΛΜΑ ΠΛΗΡΩΜΗΣ ΕΚΑΠΥ (996986586),996986586,ΕΚΑΠΥ (996986586),206.72,,
ΨΩ5Η4690ΒΧ-8ΓΞ,2023-08-10,ΕΝΤΑΛΜΑ ΠΛΗΡΩΜΗΣ ΟΡΓ/ΣΜΟΣ ΤΗΛΕΠ/ΝΙΩΝ ΕΛΛΑΔΟΣ ΑΕ (094019245),094019245,ΟΡΓ/ΣΜΟΣ ΤΗΛΕΠ/ΝΙΩΝ ΕΛΛΑΔΟΣ ΑΕ (094019245),973.02,,
6Μ6Ρ4690ΒΧ-Ξ6Π,2023-08-10,ΕΝΤΑΛΜΑ ΠΛΗΡΩΜΗΣ ΟΡΓ/ΣΜΟΣ ΤΗΛΕΠ/ΝΙΩΝ ΕΛΛΑΔΟΣ ΑΕ (094019245),094019245,ΟΡΓ/ΣΜΟΣ ΤΗΛΕΠ/ΝΙΩΝ ΕΛΛΑΔΟΣ ΑΕ (094019245),359.95,,
6ΡΟΞ4690ΒΧ-ΒΔΕ,2023-08-10,ΕΝΤΑΛΜΑ ΠΛΗΡΩΜΗΣ ΟΡΓ/ΣΜΟΣ ΤΗΛΕΠ/ΝΙΩΝ ΕΛΛΑΔΟΣ ΑΕ (094019245),094019245,ΟΡΓ/ΣΜΟΣ ΤΗΛΕΠ/ΝΙΩΝ ΕΛΛΑΔΟΣ ΑΕ (094019245),69.94,,
66Σ94690ΒΧ-ΜΡΒ,2023-08-10,ΕΝΤΑΛΜΑ ΠΛΗΡΩΜΗΣ COSMOTE-ΚΙΝΗΤΕΣ ΤΗΛΕΠΙΚΟΙΝΩΝΙΕΣ Α.Ε (094493766),094493766,COSMOTE-ΚΙΝΗΤΕΣ ΤΗΛΕΠΙΚΟΙΝΩΝΙΕΣ Α.Ε (094493766),183.85,,
ΨΜΩΧ4690ΒΧ-ΚΒ0,2023-07-27,ΕΝΤΑΛΜΑ ΠΛΗΡΩΜΗΣ ΜΑΓΕΙΡΑΣ ΔΙΑΓΝ.ΜΗΧΑΝΗΜΑΤΑ Α.Ε. (095444407),095444407,ΜΑΓΕΙΡΑΣ ΔΙΑΓΝ.ΜΗΧΑΝΗΜΑΤΑ Α.Ε. (095444407),1315.96,,
6ΖΠ94690ΒΧ-ΡΤ1,2023-07-27,ΕΝΤΑΛΜΑ ΠΛΗΡΩΜΗΣ ΜΑΓΕΙΡΑΣ ΔΙΑΓΝ.ΜΗΧΑΝΗΜΑΤΑ Α.Ε. (095444407),095444407,ΜΑΓΕΙΡΑΣ ΔΙΑΓΝ.ΜΗΧΑΝΗΜΑΤΑ Α.Ε. (095444407),124.0,,
6ΞΛ54690ΒΧ-0Χ0,2023-07-27,ΕΝΤΑΛΜΑ ΠΛΗΡΩΜΗΣ ΜΑΓΕΙΡΑΣ ΔΙΑΓΝ.ΜΗΧΑΝΗΜΑΤΑ Α.Ε. (095444407),095444407,ΜΑΓΕΙΡΑΣ ΔΙΑΓΝ.ΜΗΧΑΝΗΜΑΤΑ Α.Ε. (095444407),4430.1,,
9Η0Φ4690ΒΧ-Ι6Σ,2023-07-31,ΕΝΤΑΛΜΑ ΠΛΗΡΩΜΗΣ ΛΟΥΛΟΥΔΗΣ ΛΕΩΝΙΔΑΣ ΜΟΝ. ΙΚΕ (801458499),801458499,ΛΟΥΛΟΥΔΗΣ ΛΕΩΝΙΔΑΣ ΜΟΝ. ΙΚΕ (801458499),2418.0,,
Ψ3974690ΒΧ-Η0Υ,2023-07-31,ΕΝΤΑΛΜΑ ΠΛΗΡΩΜΗΣ ΙΝΕΞ ΙΑΤΡΙΚΑ Α.Ε (094356041),094356041,ΙΝΕΞ ΙΑΤΡΙΚΑ Α.Ε (094356041),2114.89,,
ΨΖ624690ΒΧ-Φ7Τ,2023-07-31,ΕΝΤΑΛΜΑ ΠΛΗΡΩΜΗΣ ΙΝΕΞ ΙΑΤΡΙΚΑ Α.Ε (094356041),094356041,ΙΝΕΞ ΙΑΤΡΙΚΑ Α.Ε (094356041),316.4,,
ΨΗΘΕ4690ΒΧ-ΗΙ3,2023-07-31,ΕΝΤΑΛΜΑ ΠΛΗΡΩΜΗΣ ΓΕΝΙΚΗ ΧΗΜΙΚΩΝ ΠΡΟΙΟΝΤΩΝ Α.Ε (094133588),094133588,ΓΕΝΙΚΗ ΧΗΜΙΚΩΝ ΠΡΟΙΟΝΤΩΝ Α.Ε (094133588),1514.2,,
61014690ΒΧ-ΦΒ4,2023-07-31,ΕΝΤΑΛΜΑ ΠΛΗΡΩΜΗΣ ΓΕΝΙΚΗ ΧΗΜΙΚΩΝ ΠΡΟΙΟΝΤΩΝ Α.Ε (094133588),094133588,ΓΕΝΙΚΗ ΧΗΜΙΚΩΝ ΠΡΟΙΟΝΤΩΝ Α.Ε (094133588),1610.7,,
6ΧΕΩ4690ΒΧ-Υ1Μ,2023-07-27,ΕΝΤΑΛΜΑ ΠΛΗΡΩΜΗΣ ΑΣΤΡΙΣ ΑΝΑΠΤΥΞΗ ΜΟΝΑΔΩΝ ΥΓΕΙΑΣ ΕΠΕ (999056180),999056180,ΑΣΤΡΙΣ ΑΝΑΠΤΥΞΗ ΜΟΝΑΔΩΝ ΥΓΕΙΑΣ ΕΠΕ (999056180),2486.52,,
ΨΕΣΣ4690ΒΧ-ΛΑΕ,2023-07-31,ΕΝΤΑΛΜΑ ΠΛΗΡΩΜΗΣ ΑΓΚΦΑ - ΓΚΕΒΕΡΤ ΑΕΒΕ (094025805),094025805,ΑΓΚΦΑ - ΓΚΕΒΕΡΤ ΑΕΒΕ (094025805),9734.0,,
ΡΩΣΣ4690ΒΧ-Η03,2023-07-31,ΕΝΤΑΛΜΑ ΠΛΗΡΩΜΗΣ YΓΕΙΟΔΥΝΑΜΙΚΗ Α.Ε (997672386),997672386,YΓΕΙΟΔΥΝΑΜΙΚΗ Α.Ε (997672386),2790.0,,
ΨΠ5Τ4690ΒΧ-87Ο,2023-07-31,ΕΝΤΑΛΜΑ ΠΛΗΡΩΜΗΣ VETERY SERVICE HELLAS ΝΑΚΑΣ ΣΠΥΡΙΔΩΝ (061755570),061755570,VETERY SERVICE HELLAS ΝΑΚΑΣ ΣΠΥΡΙΔΩΝ (061755570),1625.0,,
9ΜΧΠ4690ΒΧ-8Ι1,2023-07-31,ΕΝΤΑΛΜΑ ΠΛΗΡΩΜΗΣ SIEMENS HEALTHCARE ABEE (094456875),094456875,SIEMENS HEALTHCARE ABEE (094456875),3642.51,,
63ΘΔ4690ΒΧ-4ΡΛ,2023-07-31,ΕΝΤΑΛΜΑ ΠΛΗΡΩΜΗΣ SIEMENS HEALTHCARE ABEE (094456875),094456875,SIEMENS HEALTHCARE ABEE (094456875),3642.51,,
99ΚΦ4690ΒΧ-Β90,2023-07-31,ΕΝΤΑΛΜΑ ΠΛΗΡΩΜΗΣ OTIS ΕΛΛΑΣ ΜΟΝΟΠΡΟΣΩΠΗ ΑΝΩΝ.ΒΙΟΜ.   ΕΜΠ.ΤΕΧΝ.ΕΤΑΙΡΕΙΑ (094208578),094208578,OTIS ΕΛΛΑΣ ΜΟΝΟΠΡΟΣΩΠΗ ΑΝΩΝ.ΒΙΟΜ.   ΕΜΠ.ΤΕΧΝ.ΕΤΑΙΡΕΙΑ (094208578),2165.9,,
6Κ1Ψ4690ΒΧ-ΒΥΙ,2023-07-27,ΕΝΤΑΛΜΑ ΠΛΗΡΩΜΗΣ ELFAMED AE (800378686),800378686,ELFAMED AE (800378686),3632.83,,
ΨΗΝΤ4690ΒΧ-Κ7Ν,2023-07-31,ΕΝΤΑΛΜΑ ΠΛΗΡΩΜΗΣ EBROSOFT ΞΙΩΤΙΔΗΣ ΒΑΣΙΛΕΙΟΣ   ΣΙΑ Ε.Ε (999748725),999748725,EBROSOFT ΞΙΩΤΙΔΗΣ ΒΑΣΙΛΕΙΟΣ   ΣΙΑ Ε.Ε (999748725),1070.86,,
Ψ6624690ΒΧ-87Χ,2023-07-31,ΕΝΤΑΛΜΑ ΠΛΗΡΩΜΗΣ DOCTUM ΦΑΡΜΑΚΕΥΤΙΚΗ ΑΕ (094070315),094070315,DOCTUM ΦΑΡΜΑΚΕΥΤΙΚΗ ΑΕ (094070315),2790.0,,
ΨΜΓ64690ΒΧ-42Ψ,2023-07-31,ΕΝΤΑΛΜΑ ΠΛΗΡΩΜΗΣ COMPUTER SOLUTIONS ΑΝΩΝΥΜΗ (095403136),095403136,COMPUTER SOLUTIONS ΑΝΩΝΥΜΗ (095403136),3100.0,,
ΩΝΘΨ4690ΒΧ-ΤΓΓ,2023-07-31,ΕΝΤΑΛΜΑ ΠΛΗΡΩΜΗΣ COMPUTER SOLUTIONS ΑΝΩΝΥΜΗ (095403136),095403136,COMPUTER SOLUTIONS ΑΝΩΝΥΜΗ (095403136),4753.33,,
ΨΤΝΣ4690ΒΧ-ΩΟΝ,2023-07-31,ΕΝΤΑΛΜΑ ΠΛΗΡΩΜΗΣ BIOTRANS A.E (999506681),999506681,BIOTRANS A.E (999506681),446.4,,
6ΥΗΠ4690ΒΧ-ΝΝΒ,2023-07-31,ΕΝΤΑΛΜΑ ΠΛΗΡΩΜΗΣ AIMED ΙΑΤΡΙΚΟΣ ΕΞΟΠΛΙΣΜΟΣ (801420577),801420577,AIMED ΙΑΤΡΙΚΟΣ ΕΞΟΠΛΙΣΜΟΣ (801420577),13299.0,,
ΨΣΟ34690ΒΧ-Χ2Η,2023-06-28,ΕΝΤΑΛΜΑ ΠΛΗΡΩΜΗΣ ΦΑΡΑΝ Α.Β.Ε.Ε (998278100),998278100,ΦΑΡΑΝ Α.Β.Ε.Ε (998278100),884.38,,
92ΝΜ4690ΒΧ-ΟΓΩ,2023-07-28,ΕΝΤΑΛΜΑ ΠΛΗΡΩΜΗΣ ΠΗΓΑΣΟΣ ΑΕ (800738217),800738217,ΠΗΓΑΣΟΣ ΑΕ (800738217),932.8,,
9ΙΘ64690ΒΧ-ΨΟ1,2023-07-28,ΕΝΤΑΛΜΑ ΠΛΗΡΩΜΗΣ ΠΑΥΛΟΣ ΑΡΝΑΟΥΤΗΣ Α.Ε. (094178060),094178060,ΠΑΥΛΟΣ ΑΡΝΑΟΥΤΗΣ Α.Ε. (094178060),724.91,,
9ΦΛΠ4690ΒΧ-ΕΩΟ,2023-07-28,ΕΝΤΑΛΜΑ ΠΛΗΡΩΜΗΣ ΝΤΙΑΜΕΝΤ ΕΛΛΑΣ Α.Ε.Ε. (095259724),095259724,ΝΤΙΑΜΕΝΤ ΕΛΛΑΣ Α.Ε.Ε. (095259724),1075.79,,
962Α4690ΒΧ-ΑΒ7,2023-07-28,ΕΝΤΑΛΜΑ ΠΛΗΡΩΜΗΣ Ι.Μ.ΚΥΡΙΑΚΙΔΗΣ Α.Ε (094128820),094128820,Ι.Μ.ΚΥΡΙΑΚΙΔΗΣ Α.Ε (094128820),665.68,,
9ΝΖΔ4690ΒΧ-17Τ,2023-07-28,ΕΝΤΑΛΜΑ ΠΛΗΡΩΜΗΣ ΚΛΕΟΠΑΤΡΑ ΓΚΟΥΒΑ (041699970),041699970,ΚΛΕΟΠΑΤΡΑ ΓΚΟΥΒΑ (041699970),695.64,,
6ΒΕ34690ΒΧ-2ΤΝ,2023-07-28,ΕΝΤΑΛΜΑ ΠΛΗΡΩΜΗΣ ΔΙΑΓΝΩΣΤΙΚΗ - ΑΝΑΛΥΤΙΚΗ ΕΠΕ (099109774),099109774,ΔΙΑΓΝΩΣΤΙΚΗ - ΑΝΑΛΥΤΙΚΗ ΕΠΕ (099109774),1193.56,,
ΨΑΒΕ4690ΒΧ-ΘΞΙ,2023-07-27,ΕΝΤΑΛΜΑ ΠΛΗΡΩΜΗΣ ΒΕΡΜΑ ΝΤΡΑΓΚΣ ΑΒΕΕ (099363426),099363426,ΒΕΡΜΑ ΝΤΡΑΓΚΣ ΑΒΕΕ (099363426),7230.05,,
ΨΞΠΦ4690ΒΧ-ΞΒΔ,2023-08-10,ΕΝΤΑΛΜΑ ΠΛΗΡΩΜΗΣ ΄΄ΦΑΡΜΑ ΚΙΡΚΗ΄΄ ΕΙΡΗΝΗ ΦΕΡΕΝΤΙΝΟΥ ΜΟΝ/ΠΗ ΙΚΕ (800908604),800908604,΄΄ΦΑΡΜΑ ΚΙΡΚΗ΄΄ ΕΙΡΗΝΗ ΦΕΡΕΝΤΙΝΟΥ ΜΟΝ/ΠΗ ΙΚΕ (800908604),4193.67,,
Ψ6ΛΘ4690ΒΧ-2ΡΥ,2023-07-28,ΕΝΤΑΛΜΑ ΠΛΗΡΩΜΗΣ PROGNOSIS BIOTECH Α.Ε. (997845150),997845150,PROGNOSIS BIOTECH Α.Ε. (997845150),243.27,,
Ψ6Κ24690ΒΧ-ΚΟ8,2023-07-28,ΕΝΤΑΛΜΑ ΠΛΗΡΩΜΗΣ MEDICON HELLAS A.E. (094240321),094240321,MEDICON HELLAS A.E. (094240321),1865.4,,
6ΛΩΞ4690ΒΧ-ΝΚΛ,2023-07-28,ΕΝΤΑΛΜΑ ΠΛΗΡΩΜΗΣ MEDICON HELLAS A.E. (094240321),094240321,MEDICON HELLAS A.E. (094240321),4398.36,,
ΨΟ0Α4690ΒΧ-Φ45,2023-07-28,ΕΝΤΑΛΜΑ ΠΛΗΡΩΜΗΣ MEDICON HELLAS A.E. (094240321),094240321,MEDICON HELLAS A.E. (094240321),4708.52,,
6ΒΨΔ4690ΒΧ-Α3Ε,2023-07-28,ΕΝΤΑΛΜΑ ΠΛΗΡΩΜΗΣ MEDICON HELLAS A.E. (094240321),094240321,MEDICON HELLAS A.E. (094240321),159.0,,
9ΥΠΑ4690ΒΧ-ΔΞΓ,2023-07-28,ΕΝΤΑΛΜΑ ΠΛΗΡΩΜΗΣ MEDICON HELLAS A.E. (094240321),094240321,MEDICON HELLAS A.E. (094240321),12717.56,,
ΨΕ4Δ4690ΒΧ-ΦΘΩ,2023-07-28,ΕΝΤΑΛΜΑ ΠΛΗΡΩΜΗΣ EpiMed ΝΕΑ ΕΠΙΜΕΝΤ ΜΕΠΕ (999723663),999723663,EpiMed ΝΕΑ ΕΠΙΜΕΝΤ ΜΕΠΕ (999723663),1054.0,,
9Γ5Β4690ΒΧ-ΔΘΣ,2023-07-27,ΕΝΤΑΛΜΑ ΠΛΗΡΩΜΗΣ DEMO A.Β.Ε.E. (094041553),094041553,DEMO A.Β.Ε.E. (094041553),5787.6,,
9ΔΗΗ4690ΒΧ-399,2023-07-27,ΕΝΤΑΛΜΑ ΠΛΗΡΩΜΗΣ BAYER ΕΛΛΑΣ ΑΒΕΕ (094056437),094056437,BAYER ΕΛΛΑΣ ΑΒΕΕ (094056437),8556.0,,
ΨΩΚΖ4690ΒΧ-Φ07,2023-07-28,ΕΝΤΑΛΜΑ ΠΛΗΡΩΜΗΣ ABBOTT LABORATORIES(ΕΛΛΑΣ)ABEE (094027257),094027257,ABBOTT LABORATORIES(ΕΛΛΑΣ)ABEE (094027257),17426.4,,
ΨΩΡΜ4690ΒΧ-Υ0Λ,2023-07-28,ΕΝΤΑΛΜΑ ΠΛΗΡΩΜΗΣ ABBOTT LABORATORIES(ΕΛΛΑΣ)ABEE (094027257),094027257,ABBOTT LABORATORIES(ΕΛΛΑΣ)ABEE (094027257),15158.0,,
9ΥΡΠ4690ΒΧ-ΙΕΓ,2023-07-27,ΕΝΤΑΛΜΑ ΠΛΗΡΩΜΗΣ ΤΟΛΙΟΠΟΥΛΟΣ ΔΙΑΓΝΩΣΤΙΚΑ Α.Ε. (998459340),998459340,ΤΟΛΙΟΠΟΥΛΟΣ ΔΙΑΓΝΩΣΤΙΚΑ Α.Ε. (998459340),2647.4,,
61Ψ64690ΒΧ-ΙΘΛ,2023-07-25,ΕΝΤΑΛΜΑ ΠΛΗΡΩΜΗΣ ΙΑΤΡΙΚΑ ΒΟΗΘΗΜΑΤΑ Ι.Κ.Ε (999815729),999815729,ΙΑΤΡΙΚΑ ΒΟΗΘΗΜΑΤΑ Ι.Κ.Ε (999815729),250.11,,
ΨΟΒ04690ΒΧ-ΟΚΒ,2023-06-30,ΕΝΤΑΛΜΑ ΠΛΗΡΩΜΗΣ ΒΙΑΝΕΞ ΑΕ (094031965),094031965,ΒΙΑΝΕΞ ΑΕ (094031965),343.19,,
6Η284690ΒΧ-ΛΟΚ,2023-06-30,ΕΝΤΑΛΜΑ ΠΛΗΡΩΜΗΣ ΒΙΑΝΕΞ ΑΕ (094031965),094031965,ΒΙΑΝΕΞ ΑΕ (094031965),3443.84,,
ΨΗΔΖ4690ΒΧ-2ΓΔ,2023-06-30,ΕΝΤΑΛΜΑ ΠΛΗΡΩΜΗΣ ΒΙΑΝΕΞ ΑΕ (094031965),094031965,ΒΙΑΝΕΞ ΑΕ (094031965),3965.86,,
6ΙΤΛ4690ΒΧ-ΣΘ0,2023-07-25,ΕΝΤΑΛΜΑ ΠΛΗΡΩΜΗΣ ΑΡΗΤΗ Α.Ε. (094251753),094251753,ΑΡΗΤΗ Α.Ε. (094251753),3435.77,,
6Κ9Δ4690ΒΧ-Χ3Ε,2023-07-25,ΕΝΤΑΛΜΑ ΠΛΗΡΩΜΗΣ ΑΡΗΤΗ Α.Ε. (094251753),094251753,ΑΡΗΤΗ Α.Ε. (094251753),13979.28,,
9Φ4Ν4690ΒΧ-46Τ,2023-07-25,ΕΝΤΑΛΜΑ ΠΛΗΡΩΜΗΣ ΑΝΑΣΤΑΣΙΟΣ ΜΑΥΡΟΓΕΝΗΣ Α.Ε. (082525697),082525697,ΑΝΑΣΤΑΣΙΟΣ ΜΑΥΡΟΓΕΝΗΣ Α.Ε. (082525697),8534.1,,
96Ζ34690ΒΧ-ΨΛΤ,2023-07-25,ΕΝΤΑΛΜΑ ΠΛΗΡΩΜΗΣ Α.Δέρβος-Γ.Δημητρακόπουλος   ΣΙΑ Α.Ε (099518023),099518023,Α.Δέρβος-Γ.Δημητρακόπουλος   ΣΙΑ Α.Ε (099518023),2731.97,,
9ΠΡΚ4690ΒΧ-ΘΦΤ,2023-07-25,ΕΝΤΑΛΜΑ ΠΛΗΡΩΜΗΣ Y-LOGIMED  Μ.Α.Ε (094446034),094446034,Y-LOGIMED  Μ.Α.Ε (094446034),1769.48,,
ΩΧΕ04690ΒΧ-798,2023-07-25,ΕΝΤΑΛΜΑ ΠΛΗΡΩΜΗΣ Y-LOGIMED  Μ.Α.Ε (094446034),094446034,Y-LOGIMED  Μ.Α.Ε (094446034),1061.44,,
ΨΙΜ14690ΒΧ-Τ9Β,2023-07-25,ΕΝΤΑΛΜΑ ΠΛΗΡΩΜΗΣ Y-LOGIMED  Μ.Α.Ε (094446034),094446034,Y-LOGIMED  Μ.Α.Ε (094446034),277.98,,
63ΠΖ4690ΒΧ-Η4Ζ,2023-06-22,ΕΝΤΑΛΜΑ ΠΛΗΡΩΜΗΣ VERISFIELD (UK)LTD (999636520),999636520,VERISFIELD (UK)LTD (999636520),1646.84,,
6ΨΙΦ4690ΒΧ-7ΤΒ,2023-07-25,ΕΝΤΑΛΜΑ ΠΛΗΡΩΜΗΣ VAKTRO SCIENTIFIC ΣΤΑΥΡΟΣ ΑΓΓΕΛΟΠΟΥΛΟΣ   ΣΙΑ Ο.Ε (084221869),084221869,VAKTRO SCIENTIFIC ΣΤΑΥΡΟΣ ΑΓΓΕΛΟΠΟΥΛΟΣ   ΣΙΑ Ο.Ε (084221869),271.2,,
6Θ8Ν4690ΒΧ-ΦΧ2,2023-07-25,ΕΝΤΑΛΜΑ ΠΛΗΡΩΜΗΣ VAKTRO SCIENTIFIC ΣΤΑΥΡΟΣ ΑΓΓΕΛΟΠΟΥΛΟΣ   ΣΙΑ Ο.Ε (084221869),084221869,VAKTRO SCIENTIFIC ΣΤΑΥΡΟΣ ΑΓΓΕΛΟΠΟΥΛΟΣ   ΣΙΑ Ο.Ε (084221869),572.4,,
9Τ3Θ4690ΒΧ-ΙΛΑ,2023-07-25,ΕΝΤΑΛΜΑ ΠΛΗΡΩΜΗΣ VAKTRO SCIENTIFIC ΣΤΑΥΡΟΣ ΑΓΓΕΛΟΠΟΥΛΟΣ   ΣΙΑ Ο.Ε (084221869),084221869,VAKTRO SCIENTIFIC ΣΤΑΥΡΟΣ ΑΓΓΕΛΟΠΟΥΛΟΣ   ΣΙΑ Ο.Ε (084221869),19843.2,,
6ΡΔ44690ΒΧ-84Λ,2023-07-25,ΕΝΤΑΛΜΑ ΠΛΗΡΩΜΗΣ VAKTRO SCIENTIFIC ΣΤΑΥΡΟΣ ΑΓΓΕΛΟΠΟΥΛΟΣ   ΣΙΑ Ο.Ε (084221869),084221869,VAKTRO SCIENTIFIC ΣΤΑΥΡΟΣ ΑΓΓΕΛΟΠΟΥΛΟΣ   ΣΙΑ Ο.Ε (084221869),9618.0,,
9ΔΘΞ4690ΒΧ-ΚΙ1,2023-07-25,ΕΝΤΑΛΜΑ ΠΛΗΡΩΜΗΣ VAKTRO SCIENTIFIC ΣΤΑΥΡΟΣ ΑΓΓΕΛΟΠΟΥΛΟΣ   ΣΙΑ Ο.Ε (084221869),084221869,VAKTRO SCIENTIFIC ΣΤΑΥΡΟΣ ΑΓΓΕΛΟΠΟΥΛΟΣ   ΣΙΑ Ο.Ε (084221869),788.04,,
6ΩΤΖ4690ΒΧ-ΞΝΣ,2023-07-25,ΕΝΤΑΛΜΑ ΠΛΗΡΩΜΗΣ V   L VIOLAK INTERNATIONAL A.E (099370337),099370337,V   L VIOLAK INTERNATIONAL A.E (099370337),855.68,,
Ψ4ΘΟ4690ΒΧ-ΘΡ9,2023-07-25,ΕΝΤΑΛΜΑ ΠΛΗΡΩΜΗΣ V   L VIOLAK INTERNATIONAL A.E (099370337),099370337,V   L VIOLAK INTERNATIONAL A.E (099370337),187.22,,
9ΕΛ04690ΒΧ-ΩΦΔ,2023-07-25,ΕΝΤΑΛΜΑ ΠΛΗΡΩΜΗΣ V   L VIOLAK INTERNATIONAL A.E (099370337),099370337,V   L VIOLAK INTERNATIONAL A.E (099370337),240.66,,
ΨΩΕΨ4690ΒΧ-6Ρ5,2023-07-25,ΕΝΤΑΛΜΑ ΠΛΗΡΩΜΗΣ V   L VIOLAK INTERNATIONAL A.E (099370337),099370337,V   L VIOLAK INTERNATIONAL A.E (099370337),267.25,,
ΨΙ7Θ4690ΒΧ-ΤΦΗ,2023-07-25,ΕΝΤΑΛΜΑ ΠΛΗΡΩΜΗΣ V   L VIOLAK INTERNATIONAL A.E (099370337),099370337,V   L VIOLAK INTERNATIONAL A.E (099370337),272.8,,
9ΘΛΧ4690ΒΧ-Ρ9Ξ,2023-07-25,ΕΝΤΑΛΜΑ ΠΛΗΡΩΜΗΣ V   L VIOLAK INTERNATIONAL A.E (099370337),099370337,V   L VIOLAK INTERNATIONAL A.E (099370337),1923.74,,
6Κ8Τ4690ΒΧ-ΠΑΞ,2023-06-22,ΕΝΤΑΛΜΑ ΠΛΗΡΩΜΗΣ MERCK SHARP   DOHME ΑΦΒΕΕ (094043896),094043896,MERCK SHARP   DOHME ΑΦΒΕΕ (094043896),4471.25,,
ΨΦΣΘ4690ΒΧ-ΤΚΤ,2023-06-22,ΕΝΤΑΛΜΑ ΠΛΗΡΩΜΗΣ MERCK SHARP   DOHME ΑΦΒΕΕ (094043896),094043896,MERCK SHARP   DOHME ΑΦΒΕΕ (094043896),3736.59,,
6ΤΣ44690ΒΧ-ΡΟΡ,2023-06-30,ΕΝΤΑΛΜΑ ΠΛΗΡΩΜΗΣ DEMO A.Β.Ε.E. (094041553),094041553,DEMO A.Β.Ε.E. (094041553),1573.39,,
ΨΛΦΕ4690ΒΧ-ΓΗΩ,2023-06-30,ΕΝΤΑΛΜΑ ΠΛΗΡΩΜΗΣ DEMO A.Β.Ε.E. (094041553),094041553,DEMO A.Β.Ε.E. (094041553),2818.9,,
6ΑΠΓ4690ΒΧ-ΥΞΕ,2023-06-30,ΕΝΤΑΛΜΑ ΠΛΗΡΩΜΗΣ DEMO A.Β.Ε.E. (094041553),094041553,DEMO A.Β.Ε.E. (094041553),3618.58,,
Ρ6ΔΡ4690ΒΧ-ΧΥΙ,2023-06-30,ΕΝΤΑΛΜΑ ΠΛΗΡΩΜΗΣ DEMO A.Β.Ε.E. (094041553),094041553,DEMO A.Β.Ε.E. (094041553),4233.98,,
6ΨΥ74690ΒΧ-ΔΩ7,2023-06-30,ΕΝΤΑΛΜΑ ΠΛΗΡΩΜΗΣ DEMO A.Β.Ε.E. (094041553),094041553,DEMO A.Β.Ε.E. (094041553),4680.05,,
6Τ4Ρ4690ΒΧ-ΣΥΙ,2023-06-30,ΕΝΤΑΛΜΑ ΠΛΗΡΩΜΗΣ DEMO A.Β.Ε.E. (094041553),094041553,DEMO A.Β.Ε.E. (094041553),2749.52,,
Ρ70Σ4690ΒΧ-Ι6Ψ,2023-06-30,ΕΝΤΑΛΜΑ ΠΛΗΡΩΜΗΣ DEMO A.Β.Ε.E. (094041553),094041553,DEMO A.Β.Ε.E. (094041553),4406.87,,
64ΘΖ4690ΒΧ-9Γ3,2023-07-19,ΕΝΤΑΛΜΑ ΠΛΗΡΩΜΗΣ ΝΙΚ.Ι.ΛΑΊΝΙΩΤΗΣ Α.Ε.Β.Ε (093628458),093628458,ΝΙΚ.Ι.ΛΑΊΝΙΩΤΗΣ Α.Ε.Β.Ε (093628458),1959.19,,
6Ε3Ι4690ΒΧ-7ΞΤ,2023-07-19,ΕΝΤΑΛΜΑ ΠΛΗΡΩΜΗΣ ΝΙΚ.Ι.ΛΑΊΝΙΩΤΗΣ Α.Ε.Β.Ε (093628458),093628458,ΝΙΚ.Ι.ΛΑΊΝΙΩΤΗΣ Α.Ε.Β.Ε (093628458),3206.16,,
6ΧΡΓ4690ΒΧ-2ΛΛ,2023-07-19,ΕΝΤΑΛΜΑ ΠΛΗΡΩΜΗΣ ΝΙΚ.Ι.ΛΑΊΝΙΩΤΗΣ Α.Ε.Β.Ε (093628458),093628458,ΝΙΚ.Ι.ΛΑΊΝΙΩΤΗΣ Α.Ε.Β.Ε (093628458),982.22,,
61ΛΡ4690ΒΧ-656,2023-07-19,ΕΝΤΑΛΜΑ ΠΛΗΡΩΜΗΣ ΝΙΚ.Ι.ΛΑΊΝΙΩΤΗΣ Α.Ε.Β.Ε (093628458),093628458,ΝΙΚ.Ι.ΛΑΊΝΙΩΤΗΣ Α.Ε.Β.Ε (093628458),255.56,,
6Α3Μ4690ΒΧ-Ω92,2023-07-19,ΕΝΤΑΛΜΑ ΠΛΗΡΩΜΗΣ ΝΙΚ.Ι.ΛΑΊΝΙΩΤΗΣ Α.Ε.Β.Ε (093628458),093628458,ΝΙΚ.Ι.ΛΑΊΝΙΩΤΗΣ Α.Ε.Β.Ε (093628458),1178.36,,
ΩΖΤ34690ΒΧ-4ΤΛ,2023-07-20,ΕΝΤΑΛΜΑ ΠΛΗΡΩΜΗΣ ΜΑΡΓΕΛΗΣ ΕΥΑΓΓΕΛΟΣ (077279010),077279010,ΜΑΡΓΕΛΗΣ ΕΥΑΓΓΕΛΟΣ (077279010),75.0,,
ΩΖ1Π4690ΒΧ-ΙΘ6,2023-07-20,ΕΝΤΑΛΜΑ ΠΛΗΡΩΜΗΣ ΚΟΠΕΡ ΑΕ (094007897),094007897,ΚΟΠΕΡ ΑΕ (094007897),1934.74,,
ΨΚ0Κ4690ΒΧ-Δ5Ψ,2023-07-20,ΕΝΤΑΛΜΑ ΠΛΗΡΩΜΗΣ ΔΙΑSYS A.E (998936634),998936634,ΔΙΑSYS A.E (998936634),1247.44,,
ΨΚ1Ξ4690ΒΧ-Ε1Τ,2023-07-20,ΕΝΤΑΛΜΑ ΠΛΗΡΩΜΗΣ ΔΕΡΚΑ ΙΑΤΡΙΚΑ ΕΠΕ (999687125),999687125,ΔΕΡΚΑ ΙΑΤΡΙΚΑ ΕΠΕ (999687125),234.98,,
6Θ2Τ4690ΒΧ-3ΗΑ,2023-06-30,ΕΝΤΑΛΜΑ ΠΛΗΡΩΜΗΣ ΒΟΚΑΤΕ ΦΑΡΜΑΚΕΥΤΙΚΗ ΑΝΩΝ ΕΤΑΙΡ (095114191),095114191,ΒΟΚΑΤΕ ΦΑΡΜΑΚΕΥΤΙΚΗ ΑΝΩΝ ΕΤΑΙΡ (095114191),4387.92,,
6ΚΡΒ4690ΒΧ-Θ20,2023-06-30,ΕΝΤΑΛΜΑ ΠΛΗΡΩΜΗΣ ΒΟΚΑΤΕ ΦΑΡΜΑΚΕΥΤΙΚΗ ΑΝΩΝ ΕΤΑΙΡ (095114191),095114191,ΒΟΚΑΤΕ ΦΑΡΜΑΚΕΥΤΙΚΗ ΑΝΩΝ ΕΤΑΙΡ (095114191),3602.16,,
6ΕΕΜ4690ΒΧ-Ψ7Ω,2023-06-30,ΕΝΤΑΛΜΑ ΠΛΗΡΩΜΗΣ ΒΙΟΣΕΡ ΑΕ (094035927),094035927,ΒΙΟΣΕΡ ΑΕ (094035927),97.68,,
9Τ9Π4690ΒΧ-Η7Π,2023-06-30,ΕΝΤΑΛΜΑ ΠΛΗΡΩΜΗΣ ΒΙΟΣΕΡ ΑΕ (094035927),094035927,ΒΙΟΣΕΡ ΑΕ (094035927),4291.83,,
995Κ4690ΒΧ-85Κ,2023-06-30,ΕΝΤΑΛΜΑ ΠΛΗΡΩΜΗΣ ΒΙΟΣΕΡ ΑΕ (094035927),094035927,ΒΙΟΣΕΡ ΑΕ (094035927),1123.9,,
ΨΒ5Α4690ΒΧ-ΗΦ3,2023-06-30,ΕΝΤΑΛΜΑ ΠΛΗΡΩΜΗΣ ΒΙΟΣΕΡ ΑΕ (094035927),094035927,ΒΙΟΣΕΡ ΑΕ (094035927),2867.94,,
6Β364690ΒΧ-ΡΨ6,2023-07-20,ΕΝΤΑΛΜΑ ΠΛΗΡΩΜΗΣ Β.ΑΣΛΑΝΟΓΛΟΥ -Κ.ΡΑΥΤΟΠΟΥΛΟΣ Ο.Ε ΄΄OXYGENIUM'' (999118506),999118506,Β.ΑΣΛΑΝΟΓΛΟΥ -Κ.ΡΑΥΤΟΠΟΥΛΟΣ Ο.Ε ΄΄OXYGENIUM'' (999118506),496.0,,
6ΚΣΕ4690ΒΧ-Λ7Υ,2023-07-20,ΕΝΤΑΛΜΑ ΠΛΗΡΩΜΗΣ ΑΠ.ΘΩΜΑΔΑΚΗΣ   ΣΙΑ ΕΕ (998210454),998210454,ΑΠ.ΘΩΜΑΔΑΚΗΣ   ΣΙΑ ΕΕ (998210454),480.38,,
6ΕΒ04690ΒΧ-3ΤΑ,2023-07-19,ΕΝΤΑΛΜΑ ΠΛΗΡΩΜΗΣ ΑΝΑΓΝΩΣΤΟΥ ΧΡΙΣΤΟΔΟΥΛΟΣ   ΣΙΑ Ε.Ε (800324752),800324752,ΑΝΑΓΝΩΣΤΟΥ ΧΡΙΣΤΟΔΟΥΛΟΣ   ΣΙΑ Ε.Ε (800324752),237.3,,
9ΔΧ04690ΒΧ-ΡΔΣ,2023-07-19,ΕΝΤΑΛΜΑ ΠΛΗΡΩΜΗΣ SCITEC ΙΑΤΡΙΚΑ ΣΥΣΤΗΜΑΤΑ Ε.Ε (094457478),094457478,SCITEC ΙΑΤΡΙΚΑ ΣΥΣΤΗΜΑΤΑ Ε.Ε (094457478),421.6,,
ΨΦΧ54690ΒΧ-ΝΞ5,2023-07-19,ΕΝΤΑΛΜΑ ΠΛΗΡΩΜΗΣ SCITEC ΙΑΤΡΙΚΑ ΣΥΣΤΗΜΑΤΑ Ε.Ε (094457478),094457478,SCITEC ΙΑΤΡΙΚΑ ΣΥΣΤΗΜΑΤΑ Ε.Ε (094457478),410.44,,
670Χ4690ΒΧ-Λ8Λ,2023-07-19,ΕΝΤΑΛΜΑ ΠΛΗΡΩΜΗΣ SCITEC ΙΑΤΡΙΚΑ ΣΥΣΤΗΜΑΤΑ Ε.Ε (094457478),094457478,SCITEC ΙΑΤΡΙΚΑ ΣΥΣΤΗΜΑΤΑ Ε.Ε (094457478),318.06,,
Ρ94Ο4690ΒΧ-ΥΕΩ,2023-07-19,ΕΝΤΑΛΜΑ ΠΛΗΡΩΜΗΣ RONTIS HELLAS AEBE (095335610),095335610,RONTIS HELLAS AEBE (095335610),1638.17,,
Ψ2Γ44690ΒΧ-ΔΔΖ,2023-07-19,ΕΝΤΑΛΜΑ ΠΛΗΡΩΜΗΣ MILONAS HEALTH A.E. (998179225),998179225,MILONAS HEALTH A.E. (998179225),502.14,,
6ΘΚ54690ΒΧ-ΛΔ0,2023-07-19,ΕΝΤΑΛΜΑ ΠΛΗΡΩΜΗΣ MILONAS HEALTH A.E. (998179225),998179225,MILONAS HEALTH A.E. (998179225),3995.99,,
ΨΣΙΔ4690ΒΧ-ΘΣΨ,2023-07-19,ΕΝΤΑΛΜΑ ΠΛΗΡΩΜΗΣ MILONAS HEALTH A.E. (998179225),998179225,MILONAS HEALTH A.E. (998179225),1751.13,,
6ΣΠΗ4690ΒΧ-ΔΑ9,2023-06-22,ΕΝΤΑΛΜΑ ΠΛΗΡΩΜΗΣ MEDICUS A.E. (094359610),094359610,MEDICUS A.E. (094359610),1100.13,,
ΡΨΕΜ4690ΒΧ-0ΜΜ,2023-06-22,ΕΝΤΑΛΜΑ ΠΛΗΡΩΜΗΣ MEDICUS A.E. (094359610),094359610,MEDICUS A.E. (094359610),458.38,,
9ΥΗΟ4690ΒΧ-ΠΞ3,2023-06-22,ΕΝΤΑΛΜΑ ΠΛΗΡΩΜΗΣ MEDICUS A.E. (094359610),094359610,MEDICUS A.E. (094359610),48.63,,
Ρ97Ν4690ΒΧ-ΟΧ9,2023-07-19,ΕΝΤΑΛΜΑ ΠΛΗΡΩΜΗΣ KARL STORZ-ΕΝΔΟΣΚΟΠΙΑ ΕΛΛΑΔΟΣ Ε.Π.Ε (998361490),998361490,KARL STORZ-ΕΝΔΟΣΚΟΠΙΑ ΕΛΛΑΔΟΣ Ε.Π.Ε (998361490),992.0,,
627Ψ4690ΒΧ-Φ6Θ,2023-07-19,ΕΝΤΑΛΜΑ ΠΛΗΡΩΜΗΣ KARL STORZ-ΕΝΔΟΣΚΟΠΙΑ ΕΛΛΑΔΟΣ Ε.Π.Ε (998361490),998361490,KARL STORZ-ΕΝΔΟΣΚΟΠΙΑ ΕΛΛΑΔΟΣ Ε.Π.Ε (998361490),2777.6,,
ΡΠΘΝ4690ΒΧ-Δ51,2023-07-20,ΕΝΤΑΛΜΑ ΠΛΗΡΩΜΗΣ Johnson   Johnson Medical Greece Μονοπρόσωπη Α.Ε. (801858262),801858262,Johnson   Johnson Medical Greece Μονοπρόσωπη Α.Ε. (801858262),905.2,,
9ΩΗΝ4690ΒΧ-ΚΧ9,2023-07-20,ΕΝΤΑΛΜΑ ΠΛΗΡΩΜΗΣ Johnson   Johnson Medical Greece Μονοπρόσωπη Α.Ε. (801858262),801858262,Johnson   Johnson Medical Greece Μονοπρόσωπη Α.Ε. (801858262),1094.57,,
ΨΔΘΞ4690ΒΧ-ΧΨΝ,2023-07-20,ΕΝΤΑΛΜΑ ΠΛΗΡΩΜΗΣ Johnson   Johnson Medical Greece Μονοπρόσωπη Α.Ε. (801858262),801858262,Johnson   Johnson Medical Greece Μονοπρόσωπη Α.Ε. (801858262),2644.2,,
94Ψ34690ΒΧ-ΝΣΩ,2023-07-19,ΕΝΤΑΛΜΑ ΠΛΗΡΩΜΗΣ DIACHEL ΔΙΑΓΝ.-ΧΗΜ.ΟΡΓ.Ε.Π.Ε. (095341314),095341314,DIACHEL ΔΙΑΓΝ.-ΧΗΜ.ΟΡΓ.Ε.Π.Ε. (095341314),338.59,,
Ψ7ΧΨ4690ΒΧ-ΔΧΛ,2023-07-19,ΕΝΤΑΛΜΑ ΠΛΗΡΩΜΗΣ DIACHEL ΔΙΑΓΝ.-ΧΗΜ.ΟΡΓ.Ε.Π.Ε. (095341314),095341314,DIACHEL ΔΙΑΓΝ.-ΧΗΜ.ΟΡΓ.Ε.Π.Ε. (095341314),66.96,,
ΨΜΜ94690ΒΧ-Θ27,2023-07-19,ΕΝΤΑΛΜΑ ΠΛΗΡΩΜΗΣ DIACHEL ΔΙΑΓΝ.-ΧΗΜ.ΟΡΓ.Ε.Π.Ε. (095341314),095341314,DIACHEL ΔΙΑΓΝ.-ΧΗΜ.ΟΡΓ.Ε.Π.Ε. (095341314),805.6,,
ΨΑ254690ΒΧ-Η0Σ,2023-06-30,ΕΝΤΑΛΜΑ ΠΛΗΡΩΜΗΣ DEMO A.Β.Ε.E. (094041553),094041553,DEMO A.Β.Ε.E. (094041553),2575.59,,
ΩΖ6Γ4690ΒΧ-ΡΧ9,2023-06-30,ΕΝΤΑΛΜΑ ΠΛΗΡΩΜΗΣ DEMO A.Β.Ε.E. (094041553),094041553,DEMO A.Β.Ε.E. (094041553),3086.88,,
69854690ΒΧ-ΒΥΠ,2023-06-30,ΕΝΤΑΛΜΑ ΠΛΗΡΩΜΗΣ DEMO A.Β.Ε.E. (094041553),094041553,DEMO A.Β.Ε.E. (094041553),4732.9,,
6ΝΠΟ4690ΒΧ-ΣΧΛ,2023-06-30,ΕΝΤΑΛΜΑ ΠΛΗΡΩΜΗΣ DEMO A.Β.Ε.E. (094041553),094041553,DEMO A.Β.Ε.E. (094041553),3340.11,,
ΨΚΘΖ4690ΒΧ-ΧΕΡ,2023-06-30,ΕΝΤΑΛΜΑ ΠΛΗΡΩΜΗΣ DEMO A.Β.Ε.E. (094041553),094041553,DEMO A.Β.Ε.E. (094041553),2713.93,,
6ΘΓ04690ΒΧ-Υ53,2023-06-30,ΕΝΤΑΛΜΑ ΠΛΗΡΩΜΗΣ DEMO A.Β.Ε.E. (094041553),094041553,DEMO A.Β.Ε.E. (094041553),4639.24,,
9ΩΧΣ4690ΒΧ-76Ξ,2023-06-30,ΕΝΤΑΛΜΑ ΠΛΗΡΩΜΗΣ DEMO A.Β.Ε.E. (094041553),094041553,DEMO A.Β.Ε.E. (094041553),3712.39,,
Ψ9ΦΠ4690ΒΧ-ΠΡ6,2023-06-22,ΕΝΤΑΛΜΑ ΠΛΗΡΩΜΗΣ ΣΕΡΒΙΕ ΕΛΛΑΣ ΦΑΡΜ/ΚΗ ΕΠΕ (095031152),095031152,ΣΕΡΒΙΕ ΕΛΛΑΣ ΦΑΡΜ/ΚΗ ΕΠΕ (095031152),213.26,,
654Κ4690ΒΧ-Χ0Χ,2023-06-30,ΕΝΤΑΛΜΑ ΠΛΗΡΩΜΗΣ ΠΦΑΙΖΕΡ ΕΛΛΑΣ ΑΕ600/01/B86/601 (094012336),094012336,ΠΦΑΙΖΕΡ ΕΛΛΑΣ ΑΕ600/01/B86/601 (094012336),218.05,,
62Ε04690ΒΧ-ΥΙ1,2023-06-30,ΕΝΤΑΛΜΑ ΠΛΗΡΩΜΗΣ ΠΦΑΙΖΕΡ ΕΛΛΑΣ ΑΕ600/01/B86/601 (094012336),094012336,ΠΦΑΙΖΕΡ ΕΛΛΑΣ ΑΕ600/01/B86/601 (094012336),3549.36,,
6ΨΞΧ4690ΒΧ-ΒΨ0,2023-06-30,ΕΝΤΑΛΜΑ ΠΛΗΡΩΜΗΣ ΠΦΑΙΖΕΡ ΕΛΛΑΣ ΑΕ600/01/B86/601 (094012336),094012336,ΠΦΑΙΖΕΡ ΕΛΛΑΣ ΑΕ600/01/B86/601 (094012336),3385.14,,
ΨΝ8Η4690ΒΧ-ΑΘΡ,2023-06-30,ΕΝΤΑΛΜΑ ΠΛΗΡΩΜΗΣ ΠΦΑΙΖΕΡ ΕΛΛΑΣ ΑΕ600/01/B86/601 (094012336),094012336,ΠΦΑΙΖΕΡ ΕΛΛΑΣ ΑΕ600/01/B86/601 (094012336),3644.53,,
64Φ94690ΒΧ-80Χ,2023-07-19,ΕΝΤΑΛΜΑ ΠΛΗΡΩΜΗΣ Γ.ΣΑΜΑΡΑΣ ΑΒΕΕ (094373861),094373861,Γ.ΣΑΜΑΡΑΣ ΑΒΕΕ (094373861),217.0,,
68ΑΓ4690ΒΧ-Σ1Ρ,2023-06-30,ΕΝΤΑΛΜΑ ΠΛΗΡΩΜΗΣ ΒΟΚΑΤΕ ΦΑΡΜΑΚΕΥΤΙΚΗ ΑΝΩΝ ΕΤΑΙΡ (095114191),095114191,ΒΟΚΑΤΕ ΦΑΡΜΑΚΕΥΤΙΚΗ ΑΝΩΝ ΕΤΑΙΡ (095114191),4724.71,,
ΨΩΘ04690ΒΧ-Δ5Κ,2023-06-30,ΕΝΤΑΛΜΑ ΠΛΗΡΩΜΗΣ ΒΟΚΑΤΕ ΦΑΡΜΑΚΕΥΤΙΚΗ ΑΝΩΝ ΕΤΑΙΡ (095114191),095114191,ΒΟΚΑΤΕ ΦΑΡΜΑΚΕΥΤΙΚΗ ΑΝΩΝ ΕΤΑΙΡ (095114191),1208.4,,
Ψ0ΖΝ4690ΒΧ-ΙΤΝ,2023-06-30,ΕΝΤΑΛΜΑ ΠΛΗΡΩΜΗΣ ΒΟΚΑΤΕ ΦΑΡΜΑΚΕΥΤΙΚΗ ΑΝΩΝ ΕΤΑΙΡ (095114191),095114191,ΒΟΚΑΤΕ ΦΑΡΜΑΚΕΥΤΙΚΗ ΑΝΩΝ ΕΤΑΙΡ (095114191),4724.71,,
6Ρ0Π4690ΒΧ-Θ4Μ,2023-06-30,ΕΝΤΑΛΜΑ ΠΛΗΡΩΜΗΣ ΒΟΚΑΤΕ ΦΑΡΜΑΚΕΥΤΙΚΗ ΑΝΩΝ ΕΤΑΙΡ (095114191),095114191,ΒΟΚΑΤΕ ΦΑΡΜΑΚΕΥΤΙΚΗ ΑΝΩΝ ΕΤΑΙΡ (095114191),4724.71,,
6Γ6Ρ4690ΒΧ-Η7Κ,2023-06-30,ΕΝΤΑΛΜΑ ΠΛΗΡΩΜΗΣ ΒΙΟΣΕΡ ΑΕ (094035927),094035927,ΒΙΟΣΕΡ ΑΕ (094035927),4470.28,,
ΨΡΓ84690ΒΧ-96Σ,2023-06-30,ΕΝΤΑΛΜΑ ΠΛΗΡΩΜΗΣ ΒΙΟΣΕΡ ΑΕ (094035927),094035927,ΒΙΟΣΕΡ ΑΕ (094035927),3932.7,,
6Ζ534690ΒΧ-322,2023-06-30,ΕΝΤΑΛΜΑ ΠΛΗΡΩΜΗΣ ΒΙΟΣΕΡ ΑΕ (094035927),094035927,ΒΙΟΣΕΡ ΑΕ (094035927),2875.1,,
6ΖΔΦ4690ΒΧ-1ΕΗ,2023-06-30,ΕΝΤΑΛΜΑ ΠΛΗΡΩΜΗΣ ΒΙΑΝΕΞ ΑΕ (094031965),094031965,ΒΙΑΝΕΞ ΑΕ (094031965),4530.94,,
6ΚΕΙ4690ΒΧ-906,2023-06-30,ΕΝΤΑΛΜΑ ΠΛΗΡΩΜΗΣ ΒΙΑΝΕΞ ΑΕ (094031965),094031965,ΒΙΑΝΕΞ ΑΕ (094031965),4739.95,,
6ΟΖΘ4690ΒΧ-Δ25,2023-06-30,ΕΝΤΑΛΜΑ ΠΛΗΡΩΜΗΣ ΒΙΑΝΕΞ ΑΕ (094031965),094031965,ΒΙΑΝΕΞ ΑΕ (094031965),4404.3,,
ΨΚ9Ι4690ΒΧ-ΙΝΧ,2023-06-30,ΕΝΤΑΛΜΑ ΠΛΗΡΩΜΗΣ a V.I.PHARMA INTERNATIONAL Α.Ε (999076399),999076399,a V.I.PHARMA INTERNATIONAL Α.Ε (999076399),545.6,,
6ΥΕΘ4690ΒΧ-ΜΓ1,2023-06-21,ΕΝΤΑΛΜΑ ΠΛΗΡΩΜΗΣ SPECIFAR ΑΒΕΕ (094009565),094009565,SPECIFAR ΑΒΕΕ (094009565),2994.29,,
98ΒΖ4690ΒΧ-3ΨΔ,2023-06-30,ΕΝΤΑΛΜΑ ΠΛΗΡΩΜΗΣ DEMO A.Β.Ε.E. (094041553),094041553,DEMO A.Β.Ε.E. (094041553),4505.05,,
9ΞΥΨ4690ΒΧ-Φ2Ο,2023-06-30,ΕΝΤΑΛΜΑ ΠΛΗΡΩΜΗΣ DEMO A.Β.Ε.E. (094041553),094041553,DEMO A.Β.Ε.E. (094041553),3926.67,,
ΨΚΨ84690ΒΧ-ΠΒΕ,2023-06-30,ΕΝΤΑΛΜΑ ΠΛΗΡΩΜΗΣ DEMO A.Β.Ε.E. (094041553),094041553,DEMO A.Β.Ε.E. (094041553),2499.98,,
6ΛΦΖ4690ΒΧ-Υ6Ζ,2023-06-30,ΕΝΤΑΛΜΑ ΠΛΗΡΩΜΗΣ DEMO A.Β.Ε.E. (094041553),094041553,DEMO A.Β.Ε.E. (094041553),4168.74,,
66Ο84690ΒΧ-7ΥΑ,2023-06-30,ΕΝΤΑΛΜΑ ΠΛΗΡΩΜΗΣ DEMO A.Β.Ε.E. (094041553),094041553,DEMO A.Β.Ε.E. (094041553),3734.22,,
ΨΡΘΘ4690ΒΧ-ΤΕΝ,2023-06-30,ΕΝΤΑΛΜΑ ΠΛΗΡΩΜΗΣ DEMO A.Β.Ε.E. (094041553),094041553,DEMO A.Β.Ε.E. (094041553),4878.86,,
6ΗΤ34690ΒΧ-Η5Μ,2023-06-30,ΕΝΤΑΛΜΑ ΠΛΗΡΩΜΗΣ DEMO A.Β.Ε.E. (094041553),094041553,DEMO A.Β.Ε.E. (094041553),553.31,,
6ΙΛ94690ΒΧ-ΡΞΔ,2023-06-30,ΕΝΤΑΛΜΑ ΠΛΗΡΩΜΗΣ DEMO A.Β.Ε.E. (094041553),094041553,DEMO A.Β.Ε.E. (094041553),4308.25,,
ΨΠΧΚ4690ΒΧ-5ΣΖ,2023-06-22,ΕΝΤΑΛΜΑ ΠΛΗΡΩΜΗΣ ΟΛΒΟΣ ΣΑΊ’ΝΣ ΑΕ (094352644),094352644,ΟΛΒΟΣ ΣΑΊ’ΝΣ ΑΕ (094352644),1320.22,,
6Β0Ν4690ΒΧ-8ΜΦ,2023-06-22,ΕΝΤΑΛΜΑ ΠΛΗΡΩΜΗΣ ΟΛΒΟΣ ΣΑΊ’ΝΣ ΑΕ (094352644),094352644,ΟΛΒΟΣ ΣΑΊ’ΝΣ ΑΕ (094352644),863.52,,
Ρ6Σ14690ΒΧ-ΘΦΒ,2023-06-22,ΕΝΤΑΛΜΑ ΠΛΗΡΩΜΗΣ ΟΛΒΟΣ ΣΑΊ’ΝΣ ΑΕ (094352644),094352644,ΟΛΒΟΣ ΣΑΊ’ΝΣ ΑΕ (094352644),31.13,,
ΨΓΠΝ4690ΒΧ-Ξ51,2023-08-10,ΕΝΤΑΛΜΑ ΠΛΗΡΩΜΗΣ ΝΙΚΑΙΑ ΤΡΟΦΟΔΟΣΙΕΣ ΜΟΝΟΠΡΟΣΩΠΗ ΙΚΕ (801393800),801393800,ΝΙΚΑΙΑ ΤΡΟΦΟΔΟΣΙΕΣ ΜΟΝΟΠΡΟΣΩΠΗ ΙΚΕ (801393800),1018.96,,
ΨΗ6Α4690ΒΧ-ΡΨΚ,2023-07-05,ΕΝΤΑΛΜΑ ΠΛΗΡΩΜΗΣ ΚΑΡΦΑΚΗΣ ΕΥΑΓΓΕΛΟΣ (024858846),024858846,ΚΑΡΦΑΚΗΣ ΕΥΑΓΓΕΛΟΣ (024858846),372.0,,
6Μ5Ρ4690ΒΧ-ΧΛΔ,2023-07-05,ΕΝΤΑΛΜΑ ΠΛΗΡΩΜΗΣ ΚΑΡΦΑΚΗΣ ΕΥΑΓΓΕΛΟΣ (024858846),024858846,ΚΑΡΦΑΚΗΣ ΕΥΑΓΓΕΛΟΣ (024858846),1091.2,,
ΩΝΨΠ4690ΒΧ-ΑΜ8,2023-08-10,ΕΝΤΑΛΜΑ ΠΛΗΡΩΜΗΣ ΚΑΚΑΒΟΣ Ι.ΔΗΜΗΤΡΙΟΣ (119540879),119540879,ΚΑΚΑΒΟΣ Ι.ΔΗΜΗΤΡΙΟΣ (119540879),1566.69,,
6ΜΘ64690ΒΧ-0ΚΗ,2023-07-31,ΕΝΤΑΛΜΑ ΠΛΗΡΩΜΗΣ ΑΠΟΣΤΟΛΙΔΟΥ ΓΕΩΡΓ. ΑΝΑΣΤΑΣΙΑ (047777373),047777373,ΑΠΟΣΤΟΛΙΔΟΥ ΓΕΩΡΓ. ΑΝΑΣΤΑΣΙΑ (047777373),500.0,,
Ψ4ΛΠ4690ΒΧ-ΝΚΝ,2023-06-22,ΕΝΤΑΛΜΑ ΠΛΗΡΩΜΗΣ WIN MEDICA FARMAKEYTIKH AE (998764807),998764807,WIN MEDICA FARMAKEYTIKH AE (998764807),241.68,,
64384690ΒΧ-ΓΡΖ,2023-06-22,ΕΝΤΑΛΜΑ ΠΛΗΡΩΜΗΣ WIN MEDICA FARMAKEYTIKH AE (998764807),998764807,WIN MEDICA FARMAKEYTIKH AE (998764807),155.88,,
ΡΩΔ34690ΒΧ-ΗΥΞ,2023-06-22,ΕΝΤΑΛΜΑ ΠΛΗΡΩΜΗΣ MEDOCHEMIE HELLAS A.E (094505179),094505179,MEDOCHEMIE HELLAS A.E (094505179),154.39,,
ΨΗΛ24690ΒΧ-56Ω,2023-06-22,ΕΝΤΑΛΜΑ ΠΛΗΡΩΜΗΣ MEDOCHEMIE HELLAS A.E (094505179),094505179,MEDOCHEMIE HELLAS A.E (094505179),1520.16,,
ΨΜ7Δ4690ΒΧ-4Χ0,2023-06-22,ΕΝΤΑΛΜΑ ΠΛΗΡΩΜΗΣ LEO   ΦΑΡΜ/ΚΑ ΠΡ/ΝΤΑ ΕΛΛΑΣ ΕΠΕ (095003061),095003061,LEO   ΦΑΡΜ/ΚΑ ΠΡ/ΝΤΑ ΕΛΛΑΣ ΕΠΕ (095003061),3895.38,,
9Γ984690ΒΧ-1Ν7,2023-06-21,ΕΝΤΑΛΜΑ ΠΛΗΡΩΜΗΣ ZIMMER BIOMET ΕΛΛΑΣ ΜΟΝ/ΠΗ Α.Ε (094437885),094437885,ZIMMER BIOMET ΕΛΛΑΣ ΜΟΝ/ΠΗ Α.Ε (094437885),3661.43,,
9ΛΧΠ4690ΒΧ-ΗΞΟ,2023-06-21,ΕΝΤΑΛΜΑ ΠΛΗΡΩΜΗΣ ZIMMER BIOMET ΕΛΛΑΣ ΜΟΝ/ΠΗ Α.Ε (094437885),094437885,ZIMMER BIOMET ΕΛΛΑΣ ΜΟΝ/ΠΗ Α.Ε (094437885),4551.99,,
ΨΣ284690ΒΧ-ΙΤΔ,2023-06-21,ΕΝΤΑΛΜΑ ΠΛΗΡΩΜΗΣ ZIMMER BIOMET ΕΛΛΑΣ ΜΟΝ/ΠΗ Α.Ε (094437885),094437885,ZIMMER BIOMET ΕΛΛΑΣ ΜΟΝ/ΠΗ Α.Ε (094437885),4271.4,,
97ΗΚ4690ΒΧ-39Ε,2023-06-21,ΕΝΤΑΛΜΑ ΠΛΗΡΩΜΗΣ ZIMMER BIOMET ΕΛΛΑΣ ΜΟΝ/ΠΗ Α.Ε (094437885),094437885,ZIMMER BIOMET ΕΛΛΑΣ ΜΟΝ/ΠΗ Α.Ε (094437885),4352.63,,
Ψ5ΑΘ4690ΒΧ-Ψ7Τ,2023-06-21,ΕΝΤΑΛΜΑ ΠΛΗΡΩΜΗΣ ZIMMER BIOMET ΕΛΛΑΣ ΜΟΝ/ΠΗ Α.Ε (094437885),094437885,ZIMMER BIOMET ΕΛΛΑΣ ΜΟΝ/ΠΗ Α.Ε (094437885),4844.56,,
ΨΝ904690ΒΧ-ΙΑ6,2023-06-21,ΕΝΤΑΛΜΑ ΠΛΗΡΩΜΗΣ ZIMMER BIOMET ΕΛΛΑΣ ΜΟΝ/ΠΗ Α.Ε (094437885),094437885,ZIMMER BIOMET ΕΛΛΑΣ ΜΟΝ/ΠΗ Α.Ε (094437885),4748.61,,
9ΛΥΟ4690ΒΧ-ΟΨΚ,2023-06-21,ΕΝΤΑΛΜΑ ΠΛΗΡΩΜΗΣ ZIMMER BIOMET ΕΛΛΑΣ ΜΟΝ/ΠΗ Α.Ε (094437885),094437885,ZIMMER BIOMET ΕΛΛΑΣ ΜΟΝ/ΠΗ Α.Ε (094437885),4492.22,,
ΨΨΖΚ4690ΒΧ-ΡΟΝ,2023-06-21,ΕΝΤΑΛΜΑ ΠΛΗΡΩΜΗΣ ZIMMER BIOMET ΕΛΛΑΣ ΜΟΝ/ΠΗ Α.Ε (094437885),094437885,ZIMMER BIOMET ΕΛΛΑΣ ΜΟΝ/ΠΗ Α.Ε (094437885),4232.32,,
ΨΞΝΓ4690ΒΧ-18Π,2023-06-21,ΕΝΤΑΛΜΑ ΠΛΗΡΩΜΗΣ ZIMMER BIOMET ΕΛΛΑΣ ΜΟΝ/ΠΗ Α.Ε (094437885),094437885,ZIMMER BIOMET ΕΛΛΑΣ ΜΟΝ/ΠΗ Α.Ε (094437885),4334.04,,
9ΡΥΣ4690ΒΧ-6ΝΓ,2023-06-20,ΕΝΤΑΛΜΑ ΠΛΗΡΩΜΗΣ ZIMMER BIOMET ΕΛΛΑΣ ΜΟΝ/ΠΗ Α.Ε (094437885),094437885,ZIMMER BIOMET ΕΛΛΑΣ ΜΟΝ/ΠΗ Α.Ε (094437885),4988.5,,
ΨΨΡ64690ΒΧ-772,2023-06-20,ΕΝΤΑΛΜΑ ΠΛΗΡΩΜΗΣ ZIMMER BIOMET ΕΛΛΑΣ ΜΟΝ/ΠΗ Α.Ε (094437885),094437885,ZIMMER BIOMET ΕΛΛΑΣ ΜΟΝ/ΠΗ Α.Ε (094437885),4925.67,,
ΨΣΞ04690ΒΧ-Ι4Ν,2023-06-20,ΕΝΤΑΛΜΑ ΠΛΗΡΩΜΗΣ ZIMMER BIOMET ΕΛΛΑΣ ΜΟΝ/ΠΗ Α.Ε (094437885),094437885,ZIMMER BIOMET ΕΛΛΑΣ ΜΟΝ/ΠΗ Α.Ε (094437885),4188.7,,
632Σ4690ΒΧ-7ΞΨ,2023-06-20,ΕΝΤΑΛΜΑ ΠΛΗΡΩΜΗΣ ZIMMER BIOMET ΕΛΛΑΣ ΜΟΝ/ΠΗ Α.Ε (094437885),094437885,ZIMMER BIOMET ΕΛΛΑΣ ΜΟΝ/ΠΗ Α.Ε (094437885),4667.6,,
6ΚΡΘ4690ΒΧ-0ΥΦ,2023-06-22,ΕΝΤΑΛΜΑ ΠΛΗΡΩΜΗΣ ΦΑΡΜΑΣΕΡΒ - ΛΙΛΛΥ   ΑΕΒΕ (094117447),094117447,ΦΑΡΜΑΣΕΡΒ - ΛΙΛΛΥ   ΑΕΒΕ (094117447),1325.73,,
ΨΨΣ64690ΒΧ-ΦΒΞ,2023-06-22,ΕΝΤΑΛΜΑ ΠΛΗΡΩΜΗΣ ΦΑΡΜΑΣΕΡΒ - ΛΙΛΛΥ   ΑΕΒΕ (094117447),094117447,ΦΑΡΜΑΣΕΡΒ - ΛΙΛΛΥ   ΑΕΒΕ (094117447),141.33,,
6ΕΩΧ4690ΒΧ-Τ34,2023-06-22,ΕΝΤΑΛΜΑ ΠΛΗΡΩΜΗΣ ΝΟΒΟ ΝΟΡΝΤΙΣΚ ΕΛΛΑΣ ΕΠΕ (095164409),095164409,ΝΟΒΟ ΝΟΡΝΤΙΣΚ ΕΛΛΑΣ ΕΠΕ (095164409),765.32,,
ΨΥ5Λ4690ΒΧ-ΩΤ0,2023-06-21,ΕΝΤΑΛΜΑ ΠΛΗΡΩΜΗΣ ΝΟΒΟ ΝΟΡΝΤΙΣΚ ΕΛΛΑΣ ΕΠΕ (095164409),095164409,ΝΟΒΟ ΝΟΡΝΤΙΣΚ ΕΛΛΑΣ ΕΠΕ (095164409),91.84,,
Ρ6194690ΒΧ-ΓΛΕ,2023-06-22,ΕΝΤΑΛΜΑ ΠΛΗΡΩΜΗΣ ΑΡΡΙΑΝΙ ΦΑΡΜΑΚΕΥΤΙΚΗ (094493453),094493453,ΑΡΡΙΑΝΙ ΦΑΡΜΑΚΕΥΤΙΚΗ (094493453),329.29,,
9Υ8Ι4690ΒΧ-035,2023-06-22,ΕΝΤΑΛΜΑ ΠΛΗΡΩΜΗΣ ΑΡΡΙΑΝΙ ΦΑΡΜΑΚΕΥΤΙΚΗ (094493453),094493453,ΑΡΡΙΑΝΙ ΦΑΡΜΑΚΕΥΤΙΚΗ (094493453),1434.97,,
ΨΚΥΗ4690ΒΧ-ΔΞΤ,2023-06-22,ΕΝΤΑΛΜΑ ΠΛΗΡΩΜΗΣ ΑΡΡΙΑΝΙ ΦΑΡΜΑΚΕΥΤΙΚΗ (094493453),094493453,ΑΡΡΙΑΝΙ ΦΑΡΜΑΚΕΥΤΙΚΗ (094493453),251.46,,
ΨΦ4Ε4690ΒΧ-ΤΑΙ,2023-06-22,ΕΝΤΑΛΜΑ ΠΛΗΡΩΜΗΣ Target Pharma (099081435),099081435,Target Pharma (099081435),163.63,,
Ρ75Ξ4690ΒΧ-ΔΛΣ,2023-06-22,ΕΝΤΑΛΜΑ ΠΛΗΡΩΜΗΣ Target Pharma (099081435),099081435,Target Pharma (099081435),122.01,,
ΡΛΘΡ4690ΒΧ-39Ε,2023-06-22,ΕΝΤΑΛΜΑ ΠΛΗΡΩΜΗΣ PHARMAZAC A.E (094465442),094465442,PHARMAZAC A.E (094465442),456.51,,
Ρ4ΧΞ4690ΒΧ-ΗΔΣ,2023-06-22,ΕΝΤΑΛΜΑ ΠΛΗΡΩΜΗΣ PHARMAZAC A.E (094465442),094465442,PHARMAZAC A.E (094465442),1141.28,,
69ΧΡ4690ΒΧ-02Φ,2023-06-22,ΕΝΤΑΛΜΑ ΠΛΗΡΩΜΗΣ OPELLA HEALTHCARE GREECE ΜΟΝΟΠΡΟΣΩΠΗ Ε.Π.Ε (801417087),801417087,OPELLA HEALTHCARE GREECE ΜΟΝΟΠΡΟΣΩΠΗ Ε.Π.Ε (801417087),317.09,,
9ΑΖΧ4690ΒΧ-86Ω,2023-06-22,ΕΝΤΑΛΜΑ ΠΛΗΡΩΜΗΣ NOVARTIS (HELLAS) AEBE (094021290),094021290,NOVARTIS (HELLAS) AEBE (094021290),1846.59,,
ΡΗΣΒ4690ΒΧ-ΑΝΑ,2023-06-22,ΕΝΤΑΛΜΑ ΠΛΗΡΩΜΗΣ NOVARTIS (HELLAS) AEBE (094021290),094021290,NOVARTIS (HELLAS) AEBE (094021290),232.62,,
916Ζ4690ΒΧ-Ω9Ξ,2023-06-22,ΕΝΤΑΛΜΑ ΠΛΗΡΩΜΗΣ NOVARTIS (HELLAS) AEBE (094021290),094021290,NOVARTIS (HELLAS) AEBE (094021290),3216.73,,
ΩΝΠΙ4690ΒΧ-8ΣΔ,2023-06-22,ΕΝΤΑΛΜΑ ΠΛΗΡΩΜΗΣ Johnson   Johnson Α.Ε.Ε (800363581),800363581,Johnson   Johnson Α.Ε.Ε (800363581),89.57,,
ΨΤ7Υ4690ΒΧ-Λ2Κ,2023-06-22,ΕΝΤΑΛΜΑ ΠΛΗΡΩΜΗΣ Johnson   Johnson Α.Ε.Ε (800363581),800363581,Johnson   Johnson Α.Ε.Ε (800363581),366.35,,
Ψ6ΧΠ4690ΒΧ-6ΛΓ,2023-06-22,ΕΝΤΑΛΜΑ ΠΛΗΡΩΜΗΣ GLAXOSMITHKLINE ΜΟΝΟΠΡΟΣΩΠΗ  AEBE (094071809),094071809,GLAXOSMITHKLINE ΜΟΝΟΠΡΟΣΩΠΗ  AEBE (094071809),1905.49,,
9ΘΗ04690ΒΧ-5ΓΕ,2023-06-22,ΕΝΤΑΛΜΑ ΠΛΗΡΩΜΗΣ GLAXOSMITHKLINE ΜΟΝΟΠΡΟΣΩΠΗ  AEBE (094071809),094071809,GLAXOSMITHKLINE ΜΟΝΟΠΡΟΣΩΠΗ  AEBE (094071809),126.59,,
ΨΘ714690ΒΧ-ΔΒΞ,2023-06-22,ΕΝΤΑΛΜΑ ΠΛΗΡΩΜΗΣ GILEAD SCIENCES ΕΛΛΑΣ (099989853),099989853,GILEAD SCIENCES ΕΛΛΑΣ (099989853),436.44,,
ΨΩΒΞ4690ΒΧ-ΩΒΜ,2023-06-21,ΕΝΤΑΛΜΑ ΠΛΗΡΩΜΗΣ D.A.S.T.BioTech ΦΑΡΜΑΚΕΥΤΙΚΗ ΕΠΕ (998028607),998028607,D.A.S.T.BioTech ΦΑΡΜΑΚΕΥΤΙΚΗ ΕΠΕ (998028607),1430.75,,
61Ι04690ΒΧ-01Υ,2023-06-21,ΕΝΤΑΛΜΑ ΠΛΗΡΩΜΗΣ D.A.S.T.BioTech ΦΑΡΜΑΚΕΥΤΙΚΗ ΕΠΕ (998028607),998028607,D.A.S.T.BioTech ΦΑΡΜΑΚΕΥΤΙΚΗ ΕΠΕ (998028607),429.23,,
9ΧΖΨ4690ΒΧ-6ΝΚ,2023-06-21,ΕΝΤΑΛΜΑ ΠΛΗΡΩΜΗΣ D.A.S.T.BioTech ΦΑΡΜΑΚΕΥΤΙΚΗ ΕΠΕ (998028607),998028607,D.A.S.T.BioTech ΦΑΡΜΑΚΕΥΤΙΚΗ ΕΠΕ (998028607),292.12,,
Ρ6ΠΟ4690ΒΧ-1Κ9,2023-08-10,ΕΝΤΑΛΜΑ ΠΛΗΡΩΜΗΣ ΔΗΜΟΣ ΛΕΥΚΑΔΑΣ (997916281),997916281,ΔΗΜΟΣ ΛΕΥΚΑΔΑΣ (997916281),22.69,,
9ΒΥΙ4690ΒΧ-Δ45,2023-08-10,ΕΝΤΑΛΜΑ ΠΛΗΡΩΜΗΣ ΔΗΜΟΣ ΛΕΥΚΑΔΑΣ (997916281),997916281,ΔΗΜΟΣ ΛΕΥΚΑΔΑΣ (997916281),10384.44,,
ΨΡΟΨ4690ΒΧ-ΚΚΙ,2023-08-10,ΕΝΤΑΛΜΑ ΠΛΗΡΩΜΗΣ ΔΗΜΟΣ ΛΕΥΚΑΔΑΣ (997916281),997916281,ΔΗΜΟΣ ΛΕΥΚΑΔΑΣ (997916281),39.93,,
629Σ4690ΒΧ-ΧΒΓ,2023-08-10,ΕΝΤΑΛΜΑ ΠΛΗΡΩΜΗΣ ΔΗΜΟΣ ΛΕΥΚΑΔΑΣ (997916281),997916281,ΔΗΜΟΣ ΛΕΥΚΑΔΑΣ (997916281),21.0,,
99ΧΗ4690ΒΧ-ΛΔΓ,2023-08-10,ΕΝΤΑΛΜΑ ΠΛΗΡΩΜΗΣ ΡΟΝΤΟΓΙΑΝΝΗΣ ΝΙΚΟΛΑΟΣ (301370400),301370400,ΡΟΝΤΟΓΙΑΝΝΗΣ ΝΙΚΟΛΑΟΣ (301370400),9672.0,,
ΨΥΙ74690ΒΧ-Ι6Μ,2023-08-10,ΕΝΤΑΛΜΑ ΠΛΗΡΩΜΗΣ ΜΠΑΛΑΣΚΑΣ ΓΕΩΡΓΙΟΣ (073571028),073571028,ΜΠΑΛΑΣΚΑΣ ΓΕΩΡΓΙΟΣ (073571028),653.3,,
6Ω3Φ4690ΒΧ-9ΤΥ,2023-08-10,ΕΝΤΑΛΜΑ ΠΛΗΡΩΜΗΣ ΒΕΡΟΝΙΚΑ ΜΟΥΚΑ τ. ΚΩΝ/ΝΟΥ (136677323),136677323,ΒΕΡΟΝΙΚΑ ΜΟΥΚΑ τ. ΚΩΝ/ΝΟΥ (136677323),1399.45,,
ΨΡΞΩ4690ΒΧ-814,2023-08-10,ΕΝΤΑΛΜΑ ΠΛΗΡΩΜΗΣ ΒΕΡΟΝΙΚΑ ΜΟΥΚΑ τ. ΚΩΝ/ΝΟΥ (136677323),136677323,ΒΕΡΟΝΙΚΑ ΜΟΥΚΑ τ. ΚΩΝ/ΝΟΥ (136677323),1382.86,,
ΨΖ4Υ4690ΒΧ-ΑΥΘ,2023-08-10,ΕΝΤΑΛΜΑ ΠΛΗΡΩΜΗΣ ΒΕΡΟΝΙΚΑ ΜΟΥΚΑ τ. ΚΩΝ/ΝΟΥ (136677323),136677323,ΒΕΡΟΝΙΚΑ ΜΟΥΚΑ τ. ΚΩΝ/ΝΟΥ (136677323),1252.1,,
6ΣΦΧ4690ΒΧ-0ΥΜ,2023-08-10,ΕΝΤΑΛΜΑ ΠΛΗΡΩΜΗΣ ΒΕΡΟΝΙΚΑ ΜΟΥΚΑ τ. ΚΩΝ/ΝΟΥ (136677323),136677323,ΒΕΡΟΝΙΚΑ ΜΟΥΚΑ τ. ΚΩΝ/ΝΟΥ (136677323),1175.34,,
6ΛΡ14690ΒΧ-ΒΞΕ,2023-07-27,ΕΝΤΑΛΜΑ ΠΛΗΡΩΜΗΣ INTER MEDICA ΕΜΜ.Τ.ΤΖΑΝΙΔΑΚΗΣ (011651035),011651035,INTER MEDICA ΕΜΜ.Τ.ΤΖΑΝΙΔΑΚΗΣ (011651035),462.52,,
Ψ6164690ΒΧ-3ΧΡ,2023-07-27,ΕΝΤΑΛΜΑ ΠΛΗΡΩΜΗΣ BIOKON ΙΑΤΡΙΚΑ   ΒΙΟΤΕΧΝΟΛΟΓΙΚΑ ΠΡΟΙΟΝΤΑ Ε.Π.Ε (999656321),999656321,BIOKON ΙΑΤΡΙΚΑ   ΒΙΟΤΕΧΝΟΛΟΓΙΚΑ ΠΡΟΙΟΝΤΑ Ε.Π.Ε (999656321),1093.84,,
6ΖΞ24690ΒΧ-3ΦΗ,2023-07-27,ΕΝΤΑΛΜΑ ΠΛΗΡΩΜΗΣ BIOKON ΙΑΤΡΙΚΑ   ΒΙΟΤΕΧΝΟΛΟΓΙΚΑ ΠΡΟΙΟΝΤΑ Ε.Π.Ε (999656321),999656321,BIOKON ΙΑΤΡΙΚΑ   ΒΙΟΤΕΧΝΟΛΟΓΙΚΑ ΠΡΟΙΟΝΤΑ Ε.Π.Ε (999656321),48.31,,
6ΕΜΒ4690ΒΧ-Κ93,2023-07-27,ΕΝΤΑΛΜΑ ΠΛΗΡΩΜΗΣ ΑΤΛΑΣ ΜΕΝΤΙΚΑΛ ΕΠΕ (998413964),998413964,ΑΤΛΑΣ ΜΕΝΤΙΚΑΛ ΕΠΕ (998413964),102.51,,
96854690ΒΧ-ΣΛΘ,2023-07-27,ΕΝΤΑΛΜΑ ΠΛΗΡΩΜΗΣ SANImed (999324154),999324154,SANImed (999324154),50.51,,
69ΕΜ4690ΒΧ-ΚΜ1,2023-07-27,ΕΝΤΑΛΜΑ ΠΛΗΡΩΜΗΣ ΓΕΩΡΓΙΟΣ ΨΟΧΙΟΣ   ΥΙΟΣ Ο.Ε (997861308),997861308,ΓΕΩΡΓΙΟΣ ΨΟΧΙΟΣ   ΥΙΟΣ Ο.Ε (997861308),191.58,,
6ΠΓ74690ΒΧ-2Η5,2023-07-27,ΕΝΤΑΛΜΑ ΠΛΗΡΩΜΗΣ NEXTGEN MEDICALS Ε.Ε. (801437479),801437479,NEXTGEN MEDICALS Ε.Ε. (801437479),581.95,,
ΨΜΟΨ4690ΒΧ-1ΣΔ,2023-07-27,ΕΝΤΑΛΜΑ ΠΛΗΡΩΜΗΣ Rethink ΑΕΒΕ (999125269),999125269,Rethink ΑΕΒΕ (999125269),1496.68,,
6Α8Λ4690ΒΧ-62Τ,2023-07-27,ΕΝΤΑΛΜΑ ΠΛΗΡΩΜΗΣ ΣΥΜΕΩΝΙΔΗΣ ΒΑΣ. ΧΑΡΑΛΑΜΠΟΣ (125190308),125190308,ΣΥΜΕΩΝΙΔΗΣ ΒΑΣ. ΧΑΡΑΛΑΜΠΟΣ (125190308),1071.85,,
Ψ8424690ΒΧ-Ξ59,2023-07-27,ΕΝΤΑΛΜΑ ΠΛΗΡΩΜΗΣ ΧΑΛΑΤΣΗΣ ΒΑΣΙΛΕΙΟΣ   ΣΙΑ Ο.Ε. (099846608),099846608,ΧΑΛΑΤΣΗΣ ΒΑΣΙΛΕΙΟΣ   ΣΙΑ Ο.Ε. (099846608),57.46,,
Ψ9ΒΖ4690ΒΧ-7ΜΕ,2023-07-27,ΕΝΤΑΛΜΑ ΠΛΗΡΩΜΗΣ Σ.ΧΑΣΚΟΣ -Χ.ΤΣΙΚΟΥΔΗΣ Ο.Ε (084157763),084157763,Σ.ΧΑΣΚΟΣ -Χ.ΤΣΙΚΟΥΔΗΣ Ο.Ε (084157763),96.6,,
Ψ0ΝΥ4690ΒΧ-Δ4Κ,2023-07-27,ΕΝΤΑΛΜΑ ΠΛΗΡΩΜΗΣ Β.ΣΟΡΒΑΚΟΠΟΥΛΟΣ   ΣΙΑ Ο.Ε (099999219),099999219,Β.ΣΟΡΒΑΚΟΠΟΥΛΟΣ   ΣΙΑ Ο.Ε (099999219),276.52,,
6ΩΧΝ4690ΒΧ-Ε3Χ,2023-07-27,ΕΝΤΑΛΜΑ ΠΛΗΡΩΜΗΣ INTER MEDICA ΕΜΜ.Τ.ΤΖΑΝΙΔΑΚΗΣ (011651035),011651035,INTER MEDICA ΕΜΜ.Τ.ΤΖΑΝΙΔΑΚΗΣ (011651035),124.0,,
6Κ694690ΒΧ-8ΦΡ,2023-07-27,ΕΝΤΑΛΜΑ ΠΛΗΡΩΜΗΣ ΄΄ ΜΟΥΡΟΠΟΥΛΟΣ΄΄ ΒΙΟ/ΝΙΑ ΠΛΑΣΤΙΚΩΝ (081857450),081857450,΄΄ ΜΟΥΡΟΠΟΥΛΟΣ΄΄ ΒΙΟ/ΝΙΑ ΠΛΑΣΤΙΚΩΝ (081857450),1550.0,,
6Ο984690ΒΧ-ΙΦΝ,2023-07-27,ΕΝΤΑΛΜΑ ΠΛΗΡΩΜΗΣ ΄΄ ΜΟΥΡΟΠΟΥΛΟΣ΄΄ ΒΙΟ/ΝΙΑ ΠΛΑΣΤΙΚΩΝ (081857450),081857450,΄΄ ΜΟΥΡΟΠΟΥΛΟΣ΄΄ ΒΙΟ/ΝΙΑ ΠΛΑΣΤΙΚΩΝ (081857450),1612.0,,
6Β6Ε4690ΒΧ-Λ9Ρ,2023-06-21,ΕΝΤΑΛΜΑ ΠΛΗΡΩΜΗΣ ΕΛΛΗΝΙΚ.ΙΝΣΤΙΤΟΥΤΟ ΠΑΣΤΕΡ (090030420),090030420,ΕΛΛΗΝΙΚ.ΙΝΣΤΙΤΟΥΤΟ ΠΑΣΤΕΡ (090030420),998.94,,
ΩΜ1Σ4690ΒΧ-ΧΙΓ,2023-04-20,ΕΝΤΑΛΜΑ ΠΛΗΡΩΜΗΣ Ι.Μ.ΚΥΡΙΑΚΙΔΗΣ Α.Ε (094128820),094128820,Ι.Μ.ΚΥΡΙΑΚΙΔΗΣ Α.Ε (094128820),16632.0,,
6ΧΨ44690ΒΧ-ΨΘ9,2023-07-31,ΕΝΤΑΛΜΑ ΠΛΗΡΩΜΗΣ Medical Point .ΧΡ.ΜΟΥΤΑΦΗΣ Ε.Ε (998630320),998630320,Medical Point .ΧΡ.ΜΟΥΤΑΦΗΣ Ε.Ε (998630320),579.2,,
99ΚΝ4690ΒΧ-ΨΒΜ,2023-07-25,ΕΝΤΑΛΜΑ ΠΛΗΡΩΜΗΣ iDX P.C (800725375),800725375,iDX P.C (800725375),2604.0,,
ΨΔΖ54690ΒΧ-ΟΗΙ,2023-07-25,ΕΝΤΑΛΜΑ ΠΛΗΡΩΜΗΣ ΕΥΣΤΑΘΙΟΣ Γ.ΤΣΙΓΚΡΗΣ Ε.Π.Ε. (999893375),999893375,ΕΥΣΤΑΘΙΟΣ Γ.ΤΣΙΓΚΡΗΣ Ε.Π.Ε. (999893375),4271.01,,
ΡΟ1Ρ4690ΒΧ-ΣΗΗ,2023-07-25,ΕΝΤΑΛΜΑ ΠΛΗΡΩΜΗΣ ΕΛΛΕΝΚΟ Α.Ε. (094074824),094074824,ΕΛΛΕΝΚΟ Α.Ε. (094074824),928.86,,
650Ζ4690ΒΧ-ΑΩΕ,2023-07-25,ΕΝΤΑΛΜΑ ΠΛΗΡΩΜΗΣ ΕΛΛΕΝΚΟ Α.Ε. (094074824),094074824,ΕΛΛΕΝΚΟ Α.Ε. (094074824),497.2,,
67ΤΡ4690ΒΧ-3ΣΓ,2023-07-25,ΕΝΤΑΛΜΑ ΠΛΗΡΩΜΗΣ ΕΛΛΕΝΚΟ Α.Ε. (094074824),094074824,ΕΛΛΕΝΚΟ Α.Ε. (094074824),194.2,,
92Ρ44690ΒΧ-Α71,2023-07-04,ΕΝΤΑΛΜΑ ΠΛΗΡΩΜΗΣ ΄΄ΦΑΡΜΑ ΚΙΡΚΗ΄΄ ΕΙΡΗΝΗ ΦΕΡΕΝΤΙΝΟΥ ΜΟΝ/ΠΗ ΙΚΕ (800908604),800908604,΄΄ΦΑΡΜΑ ΚΙΡΚΗ΄΄ ΕΙΡΗΝΗ ΦΕΡΕΝΤΙΝΟΥ ΜΟΝ/ΠΗ ΙΚΕ (800908604),4615.11,,
ΩΝ894690ΒΧ-Π0Γ,2023-07-25,ΕΝΤΑΛΜΑ ΠΛΗΡΩΜΗΣ iDX P.C (800725375),800725375,iDX P.C (800725375),8032.52,,
ΨΗΡΦ4690ΒΧ-Γ6Γ,2023-06-20,ΕΝΤΑΛΜΑ ΠΛΗΡΩΜΗΣ ZIMMER BIOMET ΕΛΛΑΣ ΜΟΝ/ΠΗ Α.Ε (094437885),094437885,ZIMMER BIOMET ΕΛΛΑΣ ΜΟΝ/ΠΗ Α.Ε (094437885),4268.24,,
9Λ1Ω4690ΒΧ-ΜΜΧ,2023-06-20,ΕΝΤΑΛΜΑ ΠΛΗΡΩΜΗΣ ZIMMER BIOMET ΕΛΛΑΣ ΜΟΝ/ΠΗ Α.Ε (094437885),094437885,ZIMMER BIOMET ΕΛΛΑΣ ΜΟΝ/ΠΗ Α.Ε (094437885),4098.51,,
ΨΤΙ54690ΒΧ-7Η6,2023-06-20,ΕΝΤΑΛΜΑ ΠΛΗΡΩΜΗΣ ZIMMER BIOMET ΕΛΛΑΣ ΜΟΝ/ΠΗ Α.Ε (094437885),094437885,ZIMMER BIOMET ΕΛΛΑΣ ΜΟΝ/ΠΗ Α.Ε (094437885),4248.46,,
ΨΙ924690ΒΧ-Κ0Π,2023-07-04,ΕΝΤΑΛΜΑ ΠΛΗΡΩΜΗΣ Σ.ΣΟΛΔΑΤΟΣ Ε.Π.Ε. (095451970),095451970,Σ.ΣΟΛΔΑΤΟΣ Ε.Π.Ε. (095451970),255.07,,
ΨΨΧΚ4690ΒΧ-Φ08,2023-07-04,ΕΝΤΑΛΜΑ ΠΛΗΡΩΜΗΣ ΒΕΡΟΝΙΚΑ ΜΟΥΚΑ τ. ΚΩΝ/ΝΟΥ (136677323),136677323,ΒΕΡΟΝΙΚΑ ΜΟΥΚΑ τ. ΚΩΝ/ΝΟΥ (136677323),1474.07,,
6Σ2Γ4690ΒΧ-1ΟΥ,2023-07-04,ΕΝΤΑΛΜΑ ΠΛΗΡΩΜΗΣ ΒΕΡΟΝΙΚΑ ΜΟΥΚΑ τ. ΚΩΝ/ΝΟΥ (136677323),136677323,ΒΕΡΟΝΙΚΑ ΜΟΥΚΑ τ. ΚΩΝ/ΝΟΥ (136677323),1086.96,,
ΩΧΔΨ4690ΒΧ-7Ι1,2023-07-04,ΕΝΤΑΛΜΑ ΠΛΗΡΩΜΗΣ ΒΕΡΟΝΙΚΑ ΜΟΥΚΑ τ. ΚΩΝ/ΝΟΥ (136677323),136677323,ΒΕΡΟΝΙΚΑ ΜΟΥΚΑ τ. ΚΩΝ/ΝΟΥ (136677323),1153.66,,
6ΤΤ64690ΒΧ-ΠΧΛ,2023-07-04,ΕΝΤΑΛΜΑ ΠΛΗΡΩΜΗΣ ΒΕΡΟΝΙΚΑ ΜΟΥΚΑ τ. ΚΩΝ/ΝΟΥ (136677323),136677323,ΒΕΡΟΝΙΚΑ ΜΟΥΚΑ τ. ΚΩΝ/ΝΟΥ (136677323),1284.72,,
9ΩΗΜ4690ΒΧ-7ΨΚ,2023-07-04,ΕΝΤΑΛΜΑ ΠΛΗΡΩΜΗΣ ΒΑΚΕΝΤΗΣ ΕΜΜ. Ο.Ε. (800151001),800151001,ΒΑΚΕΝΤΗΣ ΕΜΜ. Ο.Ε. (800151001),433.5,,
625Ε4690ΒΧ-1Ψ9,2023-07-04,ΕΝΤΑΛΜΑ ΠΛΗΡΩΜΗΣ Medtronic Hellas Ιατρικά Μηχανήματα Μονοπρόσωπη Α.Ε.Ε. (094498111),094498111,Medtronic Hellas Ιατρικά Μηχανήματα Μονοπρόσωπη Α.Ε.Ε. (094498111),357.12,,
9Β014690ΒΧ-ΑΒ5,2023-07-04,ΕΝΤΑΛΜΑ ΠΛΗΡΩΜΗΣ HAMED-ΧΑΛΑΜΠΑΛΑΚΗΣ Α.Ε (094313759),094313759,HAMED-ΧΑΛΑΜΠΑΛΑΚΗΣ Α.Ε (094313759),89.03,,
6ΘΑΦ4690ΒΧ-ΛΞΟ,2023-07-12,ΕΝΤΑΛΜΑ ΠΛΗΡΩΜΗΣ ΨΗΛΙΑΚΟΣ ΛΕΩΝΙΔΑΣ   ΣΙΑ (999495127),999495127,ΨΗΛΙΑΚΟΣ ΛΕΩΝΙΔΑΣ   ΣΙΑ (999495127),272.8,,
66Ξ24690ΒΧ-ΨΓΒ,2023-07-12,ΕΝΤΑΛΜΑ ΠΛΗΡΩΜΗΣ ΨΗΛΙΑΚΟΣ ΛΕΩΝΙΔΑΣ   ΣΙΑ (999495127),999495127,ΨΗΛΙΑΚΟΣ ΛΕΩΝΙΔΑΣ   ΣΙΑ (999495127),24.8,,
9ΦΡ64690ΒΧ-ΥΒ3,2023-07-12,ΕΝΤΑΛΜΑ ΠΛΗΡΩΜΗΣ ΨΗΛΙΑΚΟΣ ΛΕΩΝΙΔΑΣ   ΣΙΑ (999495127),999495127,ΨΗΛΙΑΚΟΣ ΛΕΩΝΙΔΑΣ   ΣΙΑ (999495127),558.0,,
ΨΘ604690ΒΧ-3ΔΨ,2023-07-04,ΕΝΤΑΛΜΑ ΠΛΗΡΩΜΗΣ ΡΟΝΤΟΓΙΑΝΝΗ ΕΥΦΡΟΣΥΝΗ (142977686),142977686,ΡΟΝΤΟΓΙΑΝΝΗ ΕΥΦΡΟΣΥΝΗ (142977686),619.85,,
ΨΛΕΞ4690ΒΧ-93Φ,2023-07-04,ΕΝΤΑΛΜΑ ΠΛΗΡΩΜΗΣ ΝΙΚΟΛΑΟΣ ΚΟΥΡΤΗΣ   ΣΙΑ Ε.Ε (997915143),997915143,ΝΙΚΟΛΑΟΣ ΚΟΥΡΤΗΣ   ΣΙΑ Ε.Ε (997915143),888.78,,
6ΩΣΥ4690ΒΧ-ΜΞ6,2023-07-04,ΕΝΤΑΛΜΑ ΠΛΗΡΩΜΗΣ ΝΙΚΑΙΑ ΤΡΟΦΟΔΟΣΙΕΣ ΜΟΝΟΠΡΟΣΩΠΗ ΙΚΕ (801393800),801393800,ΝΙΚΑΙΑ ΤΡΟΦΟΔΟΣΙΕΣ ΜΟΝΟΠΡΟΣΩΠΗ ΙΚΕ (801393800),2875.97,,
9Ψ6Π4690ΒΧ-9ΑΞ,2023-07-04,ΕΝΤΑΛΜΑ ΠΛΗΡΩΜΗΣ ΜΠΑΛΑΣΚΑΣ ΓΕΩΡΓΙΟΣ (073571028),073571028,ΜΠΑΛΑΣΚΑΣ ΓΕΩΡΓΙΟΣ (073571028),646.14,,
ΨΔΕ94690ΒΧ-ΝΔΨ,2023-07-04,ΕΝΤΑΛΜΑ ΠΛΗΡΩΜΗΣ ΛΑΥΡΑΝΟΣ ΟΜΗΡΟΣ (102561232),102561232,ΛΑΥΡΑΝΟΣ ΟΜΗΡΟΣ (102561232),413.57,,
97834690ΒΧ-4ΣΘ,2023-07-04,ΕΝΤΑΛΜΑ ΠΛΗΡΩΜΗΣ ΚΟΝΤΟΓΙΑΝΝΗ ΟΥΡΑΝΙΑ (301366552),301366552,ΚΟΝΤΟΓΙΑΝΝΗ ΟΥΡΑΝΙΑ (301366552),1576.14,,
9Υ2Π4690ΒΧ-7Η3,2023-07-04,ΕΝΤΑΛΜΑ ΠΛΗΡΩΜΗΣ ΚΑΚΑΒΟΣ Ι.ΔΗΜΗΤΡΙΟΣ (119540879),119540879,ΚΑΚΑΒΟΣ Ι.ΔΗΜΗΤΡΙΟΣ (119540879),2694.21,,
9ΕΟΘ4690ΒΧ-Ξ10,2023-07-04,ΕΝΤΑΛΜΑ ΠΛΗΡΩΜΗΣ ΔΟΥΚΑΣ ΝΙΚΟΛΑΟΣ (049685100),049685100,ΔΟΥΚΑΣ ΝΙΚΟΛΑΟΣ (049685100),61.5,,
9ΡΚΜ4690ΒΧ-Σ6Δ,2023-07-12,ΕΝΤΑΛΜΑ ΠΛΗΡΩΜΗΣ ΑΤΟΜΙΚΗ ΦΡΟΝΤΙΔΑ ΑΒΕΕ (998476060),998476060,ΑΤΟΜΙΚΗ ΦΡΟΝΤΙΔΑ ΑΒΕΕ (998476060),645.05,,
ΩΧΩΩ4690ΒΧ-ΥΒΞ,2023-07-04,ΕΝΤΑΛΜΑ ΠΛΗΡΩΜΗΣ Αρτοποιείο ΚΑΛΟΣ-ΚΑΛΟΥ ΑΝΘΟΥΛΑ (041436383),041436383,Αρτοποιείο ΚΑΛΟΣ-ΚΑΛΟΥ ΑΝΘΟΥΛΑ (041436383),100.85,,
9Ο074690ΒΧ-Λ3Ο,2023-07-04,ΕΝΤΑΛΜΑ ΠΛΗΡΩΜΗΣ PROFI ΤΕΧΝΙΚΟ SUPER MARKET (800326038),800326038,PROFI ΤΕΧΝΙΚΟ SUPER MARKET (800326038),35.9,,
6ΠΟΒ4690ΒΧ-03Γ,2023-07-12,ΕΝΤΑΛΜΑ ΠΛΗΡΩΜΗΣ ALCOVIN ABEE (094417524),094417524,ALCOVIN ABEE (094417524),2003.84,,
ΨΡΖ14690ΒΧ-ΒΗΝ,2023-06-16,ΕΝΤΑΛΜΑ ΠΛΗΡΩΜΗΣ ΔΗΜ.ΕΠΙΧ/ΣΗ ΗΛΕΚΤΡΙΣΜΟΥ ΑΕ (090000045),090000045,ΔΗΜ.ΕΠΙΧ/ΣΗ ΗΛΕΚΤΡΙΣΜΟΥ ΑΕ (090000045),79217.06,,
ΨΨΘΙ4690ΒΧ-Φ5Η,2023-06-16,ΕΝΤΑΛΜΑ ΠΛΗΡΩΜΗΣ ΔΗΜ.ΕΠΙΧ/ΣΗ ΗΛΕΚΤΡΙΣΜΟΥ ΑΕ (090000045),090000045,ΔΗΜ.ΕΠΙΧ/ΣΗ ΗΛΕΚΤΡΙΣΜΟΥ ΑΕ (090000045),1025.0,,
ΨΠΖΣ4690ΒΧ-1ΦΥ,2023-06-26,ΕΝΤΑΛΜΑ ΠΛΗΡΩΜΗΣ Χριστοφίδης Σεβαστός (301814513),301814513,Χριστοφίδης Σεβαστός (301814513),900.0,,
ΩΝΙΥ4690ΒΧ-ΔΔΓ,2023-06-16,ΕΝΤΑΛΜΑ ΠΛΗΡΩΜΗΣ ΔΗΜ.ΕΠΙΧ/ΣΗ ΗΛΕΚΤΡΙΣΜΟΥ ΑΕ (090000045),090000045,ΔΗΜ.ΕΠΙΧ/ΣΗ ΗΛΕΚΤΡΙΣΜΟΥ ΑΕ (090000045),60217.2,,
6ΓΩΝ4690ΒΧ-ΗΜ5,2023-06-20,ΕΝΤΑΛΜΑ ΠΛΗΡΩΜΗΣ ZIMMER BIOMET ΕΛΛΑΣ ΜΟΝ/ΠΗ Α.Ε (094437885),094437885,ZIMMER BIOMET ΕΛΛΑΣ ΜΟΝ/ΠΗ Α.Ε (094437885),530.83,,
Ψ2ΗΑ4690ΒΧ-Φ5Ο,2023-06-20,ΕΝΤΑΛΜΑ ΠΛΗΡΩΜΗΣ ZIMMER BIOMET ΕΛΛΑΣ ΜΟΝ/ΠΗ Α.Ε (094437885),094437885,ZIMMER BIOMET ΕΛΛΑΣ ΜΟΝ/ΠΗ Α.Ε (094437885),4358.64,,
ΨΤ224690ΒΧ-Ξ1Υ,2023-06-20,ΕΝΤΑΛΜΑ ΠΛΗΡΩΜΗΣ ZIMMER BIOMET ΕΛΛΑΣ ΜΟΝ/ΠΗ Α.Ε (094437885),094437885,ZIMMER BIOMET ΕΛΛΑΣ ΜΟΝ/ΠΗ Α.Ε (094437885),4019.41,,
6ΧΧΤ4690ΒΧ-ΠΝΩ,2023-06-20,ΕΝΤΑΛΜΑ ΠΛΗΡΩΜΗΣ ΜΠΕΜΠΕΚΟΣ ΓΕΩΡΓΙΟΣ ΚΑΙ ΣΙΑ Ε.Ε (082802380),082802380,ΜΠΕΜΠΕΚΟΣ ΓΕΩΡΓΙΟΣ ΚΑΙ ΣΙΑ Ε.Ε (082802380),264.12,,
Ψ6ΤΧ4690ΒΧ-ΠΚΒ,2023-06-20,ΕΝΤΑΛΜΑ ΠΛΗΡΩΜΗΣ ΜΠΕΜΠΕΚΟΣ ΓΕΩΡΓΙΟΣ ΚΑΙ ΣΙΑ Ε.Ε (082802380),082802380,ΜΠΕΜΠΕΚΟΣ ΓΕΩΡΓΙΟΣ ΚΑΙ ΣΙΑ Ε.Ε (082802380),1392.96,,
6Κ5Ψ4690ΒΧ-Ν91,2023-06-20,ΕΝΤΑΛΜΑ ΠΛΗΡΩΜΗΣ ΜΠΕΜΠΕΚΟΣ ΓΕΩΡΓΙΟΣ ΚΑΙ ΣΙΑ Ε.Ε (082802380),082802380,ΜΠΕΜΠΕΚΟΣ ΓΕΩΡΓΙΟΣ ΚΑΙ ΣΙΑ Ε.Ε (082802380),3502.73,,
9ΡΨ34690ΒΧ-Π39,2023-06-20,ΕΝΤΑΛΜΑ ΠΛΗΡΩΜΗΣ ΜΠΕΜΠΕΚΟΣ ΓΕΩΡΓΙΟΣ ΚΑΙ ΣΙΑ Ε.Ε (082802380),082802380,ΜΠΕΜΠΕΚΟΣ ΓΕΩΡΓΙΟΣ ΚΑΙ ΣΙΑ Ε.Ε (082802380),2515.02,,
6Ι6Π4690ΒΧ-ΨΑΞ,2023-06-20,ΕΝΤΑΛΜΑ ΠΛΗΡΩΜΗΣ ΕΝΟΡΑΣΙΣ Α.Ε. (094503580),094503580,ΕΝΟΡΑΣΙΣ Α.Ε. (094503580),2000.0,,
ΨΣ9Ζ4690ΒΧ-Ι24,2023-06-20,ΕΝΤΑΛΜΑ ΠΛΗΡΩΜΗΣ ΕΝΟΡΑΣΙΣ Α.Ε. (094503580),094503580,ΕΝΟΡΑΣΙΣ Α.Ε. (094503580),2676.42,,
9ΦΑΞ4690ΒΧ-131,2023-06-14,ΕΝΤΑΛΜΑ ΠΛΗΡΩΜΗΣ ΘΕΟΧΑΡΗΣ ΚΩΝΣΤΑΝΤΙΝΟΣ (074168641),074168641,ΘΕΟΧΑΡΗΣ ΚΩΝΣΤΑΝΤΙΝΟΣ (074168641),2578.08,,
646Δ4690ΒΧ-ΟΦΗ,2023-06-20,ΕΝΤΑΛΜΑ ΠΛΗΡΩΜΗΣ ORTHOMEDICAL (094498485),094498485,ORTHOMEDICAL (094498485),3931.33,,
6ΩΗΘ4690ΒΧ-ΖΓΕ,2023-06-20,ΕΝΤΑΛΜΑ ΠΛΗΡΩΜΗΣ ORTHOMEDICAL (094498485),094498485,ORTHOMEDICAL (094498485),3236.15,,
90ΖΖ4690ΒΧ-Κ9Λ,2023-06-20,ΕΝΤΑΛΜΑ ΠΛΗΡΩΜΗΣ ORTHOMEDICAL (094498485),094498485,ORTHOMEDICAL (094498485),4691.3,,
9Β904690ΒΧ-ΑΨΝ,2023-06-20,ΕΝΤΑΛΜΑ ΠΛΗΡΩΜΗΣ MEDLINE MEDICAL PRODUCTS O.E. (082384884),082384884,MEDLINE MEDICAL PRODUCTS O.E. (082384884),2566.8,,
9ΦΔΩ4690ΒΧ-ΝΔ7,2023-06-19,ΕΝΤΑΛΜΑ ΠΛΗΡΩΜΗΣ LS.MED M. Ε.Π.Ε (800862068),800862068,LS.MED M. Ε.Π.Ε (800862068),2244.18,,
96Λ34690ΒΧ-8ΩΩ,2023-06-19,ΕΝΤΑΛΜΑ ΠΛΗΡΩΜΗΣ LS.MED M. Ε.Π.Ε (800862068),800862068,LS.MED M. Ε.Π.Ε (800862068),4411.52,,
973Γ4690ΒΧ-ΑΟ7,2023-06-19,ΕΝΤΑΛΜΑ ΠΛΗΡΩΜΗΣ BIOGENESYS IKE (099805952),099805952,BIOGENESYS IKE (099805952),10622.0,,
9Ι9Ζ4690ΒΧ-7ΡΞ,2023-06-28,ΕΝΤΑΛΜΑ ΠΛΗΡΩΜΗΣ ΙΑΤΡΙΚΗ ΜΕΡΙΜΝΑ   ΥΓΕΙΑ Α.Ε. (094349547),094349547,ΙΑΤΡΙΚΗ ΜΕΡΙΜΝΑ   ΥΓΕΙΑ Α.Ε. (094349547),439.95,,
ΩΝΤΨ4690ΒΧ-8ΤΕ,2023-06-20,ΕΝΤΑΛΜΑ ΠΛΗΡΩΜΗΣ Milimed Α.Ε (997802230),997802230,Milimed Α.Ε (997802230),881.4,,
6ΖΠΥ4690ΒΧ-ΡΓΗ,2023-06-19,ΕΝΤΑΛΜΑ ΠΛΗΡΩΜΗΣ Κωστας Α.Παπαέλληνας(ΕλλάςΑΕΒΕ) (094075360),094075360,Κωστας Α.Παπαέλληνας(ΕλλάςΑΕΒΕ) (094075360),1124.23,,
63094690ΒΧ-07Υ,2023-06-19,ΕΝΤΑΛΜΑ ΠΛΗΡΩΜΗΣ Κωστας Α.Παπαέλληνας(ΕλλάςΑΕΒΕ) (094075360),094075360,Κωστας Α.Παπαέλληνας(ΕλλάςΑΕΒΕ) (094075360),529.69,,
ΨΖΤ04690ΒΧ-2Ι4,2023-06-19,ΕΝΤΑΛΜΑ ΠΛΗΡΩΜΗΣ Trauma Care Μονοπρόσωπη ΕΠΕ (800811818),800811818,Trauma Care Μονοπρόσωπη ΕΠΕ (800811818),2382.15,,
9ΠΠΛ4690ΒΧ-8ΧΟ,2023-06-19,ΕΝΤΑΛΜΑ ΠΛΗΡΩΜΗΣ Trauma Care Μονοπρόσωπη ΕΠΕ (800811818),800811818,Trauma Care Μονοπρόσωπη ΕΠΕ (800811818),4159.87,,
9ΨΒΚ4690ΒΧ-ΘΘ7,2023-06-19,ΕΝΤΑΛΜΑ ΠΛΗΡΩΜΗΣ Trauma Care Μονοπρόσωπη ΕΠΕ (800811818),800811818,Trauma Care Μονοπρόσωπη ΕΠΕ (800811818),3639.41,,
6ΨΖ64690ΒΧ-7ΛΑ,2023-06-19,ΕΝΤΑΛΜΑ ΠΛΗΡΩΜΗΣ Trauma Care Μονοπρόσωπη ΕΠΕ (800811818),800811818,Trauma Care Μονοπρόσωπη ΕΠΕ (800811818),4538.09,,
ΨΦΕΖ4690ΒΧ-ΨΛΥ,2023-06-19,ΕΝΤΑΛΜΑ ΠΛΗΡΩΜΗΣ Health and Iasis Medical Products (800572342),800572342,Health and Iasis Medical Products (800572342),3111.52,,
ΨΓΓ84690ΒΧ-ΚΕΔ,2023-06-19,ΕΝΤΑΛΜΑ ΠΛΗΡΩΜΗΣ Health and Iasis Medical Products (800572342),800572342,Health and Iasis Medical Products (800572342),1691.51,,
ΨΗ2Ν4690ΒΧ-ΥΦΡ,2023-06-19,ΕΝΤΑΛΜΑ ΠΛΗΡΩΜΗΣ Health and Iasis Medical Products (800572342),800572342,Health and Iasis Medical Products (800572342),4418.69,,
9ΥΛΔ4690ΒΧ-Ζ6Ω,2023-06-19,ΕΝΤΑΛΜΑ ΠΛΗΡΩΜΗΣ LS.MED M. Ε.Π.Ε (800862068),800862068,LS.MED M. Ε.Π.Ε (800862068),3540.29,,
Ρ9ΚΧ4690ΒΧ-4ΝΤ,2023-06-19,ΕΝΤΑΛΜΑ ΠΛΗΡΩΜΗΣ LS.MED M. Ε.Π.Ε (800862068),800862068,LS.MED M. Ε.Π.Ε (800862068),2180.44,,
69464690ΒΧ-ΩΗ6,2023-06-28,ΕΝΤΑΛΜΑ ΠΛΗΡΩΜΗΣ ΦΑΡΜΕΞ ΑΕ (094106680),094106680,ΦΑΡΜΕΞ ΑΕ (094106680),23.85,,
92ΕΒ4690ΒΧ-ΞΧΝ,2023-06-20,ΕΝΤΑΛΜΑ ΠΛΗΡΩΜΗΣ ΞΕΝΟΦΩΝ ΓΕΡΜΑΝΟΣ Α.Ε.Ε. (094326835),094326835,ΞΕΝΟΦΩΝ ΓΕΡΜΑΝΟΣ Α.Ε.Ε. (094326835),135.6,,
Ψ9Σ54690ΒΧ-ΡΩΔ,2023-06-20,ΕΝΤΑΛΜΑ ΠΛΗΡΩΜΗΣ ΞΕΝΟΦΩΝ ΓΕΡΜΑΝΟΣ Α.Ε.Ε. (094326835),094326835,ΞΕΝΟΦΩΝ ΓΕΡΜΑΝΟΣ Α.Ε.Ε. (094326835),139.0,,
68ΟΣ4690ΒΧ-ΚΥΑ,2023-06-16,ΕΝΤΑΛΜΑ ΠΛΗΡΩΜΗΣ ΚΑΛΤΕΚ ΜΕΝΤΙΚΑΛ ΑΕ (998923153),998923153,ΚΑΛΤΕΚ ΜΕΝΤΙΚΑΛ ΑΕ (998923153),4246.42,,
68ΠΥ4690ΒΧ-1ΣΧ,2023-06-20,ΕΝΤΑΛΜΑ ΠΛΗΡΩΜΗΣ ΓΕΤΡΙΜΕΝΤ Ε.Π.Ε. (095279575),095279575,ΓΕΤΡΙΜΕΝΤ Ε.Π.Ε. (095279575),384.2,,
90ΡΟ4690ΒΧ-ΧΨΞ,2023-06-20,ΕΝΤΑΛΜΑ ΠΛΗΡΩΜΗΣ ΒΑΣΙΛΙΚΗ ΤΣΙΜΠΡΗ   ΣΙΑ Ε.Ε (999333810),999333810,ΒΑΣΙΛΙΚΗ ΤΣΙΜΠΡΗ   ΣΙΑ Ε.Ε (999333810),120.35,,
ΨΓΜ14690ΒΧ-ΡΤΝ,2023-06-20,ΕΝΤΑΛΜΑ ΠΛΗΡΩΜΗΣ ΒΑΣΙΛΙΚΗ ΤΣΙΜΠΡΗ   ΣΙΑ Ε.Ε (999333810),999333810,ΒΑΣΙΛΙΚΗ ΤΣΙΜΠΡΗ   ΣΙΑ Ε.Ε (999333810),123.25,,
9Θ0Ρ4690ΒΧ-ΦΨΒ,2023-06-13,ΕΝΤΑΛΜΑ ΠΛΗΡΩΜΗΣ Payroll Software   Services Real Solutions Ι.Κ.Ε (800498280),800498280,Payroll Software   Services Real Solutions Ι.Κ.Ε (800498280),2873.7,,
69ΖΗ4690ΒΧ-ΦΝΤ,2023-06-28,ΕΝΤΑΛΜΑ ΠΛΗΡΩΜΗΣ BUSE GAS A.E (997598041),997598041,BUSE GAS A.E (997598041),846.69,,
9ΧΣΓ4690ΒΧ-Τ0Ε,2023-06-28,ΕΝΤΑΛΜΑ ΠΛΗΡΩΜΗΣ BUSE GAS A.E (997598041),997598041,BUSE GAS A.E (997598041),1419.8,,
9Ω0Ζ4690ΒΧ-ΝΘ2,2023-06-19,ΕΝΤΑΛΜΑ ΠΛΗΡΩΜΗΣ BIOGENESYS IKE (099805952),099805952,BIOGENESYS IKE (099805952),4808.15,,
ΨΩΚΩ4690ΒΧ-8ΞΘ,2023-06-19,ΕΝΤΑΛΜΑ ΠΛΗΡΩΜΗΣ BIOGENESYS IKE (099805952),099805952,BIOGENESYS IKE (099805952),4068.0,,
ΨΠΤ14690ΒΧ-0ΥΡ,2023-06-19,ΕΝΤΑΛΜΑ ΠΛΗΡΩΜΗΣ BIOGENESYS IKE (099805952),099805952,BIOGENESYS IKE (099805952),2260.0,,
6Κ8Ρ4690ΒΧ-ΔΤ7,2023-06-16,ΕΝΤΑΛΜΑ ΠΛΗΡΩΜΗΣ NOW PHARMACY (801492118),801492118,NOW PHARMACY (801492118),1090.0,,
9ΛΨΘ4690ΒΧ-ΒΛ1,2023-06-16,ΕΝΤΑΛΜΑ ΠΛΗΡΩΜΗΣ NOW PHARMACY (801492118),801492118,NOW PHARMACY (801492118),193.0,,
ΨΡ894690ΒΧ-Ζ0Φ,2023-06-16,ΕΝΤΑΛΜΑ ΠΛΗΡΩΜΗΣ YΓΕΙΟΔΥΝΑΜΙΚΗ Α.Ε (997672386),997672386,YΓΕΙΟΔΥΝΑΜΙΚΗ Α.Ε (997672386),714.24,,
6ΣΑΖ4690ΒΧ-2ΒΕ,2023-06-16,ΕΝΤΑΛΜΑ ΠΛΗΡΩΜΗΣ Artion Ιατροτεχνολογικά Μονοπρόσωπη Ι.Κ.Ε (998857330),998857330,Artion Ιατροτεχνολογικά Μονοπρόσωπη Ι.Κ.Ε (998857330),20.79,,
6Κ9Σ4690ΒΧ-ΦΟ5,2023-06-16,ΕΝΤΑΛΜΑ ΠΛΗΡΩΜΗΣ Artion Ιατροτεχνολογικά Μονοπρόσωπη Ι.Κ.Ε (998857330),998857330,Artion Ιατροτεχνολογικά Μονοπρόσωπη Ι.Κ.Ε (998857330),457.38,,
ΨΦΚΤ4690ΒΧ-4Ρ0,2023-06-16,ΕΝΤΑΛΜΑ ΠΛΗΡΩΜΗΣ NEW DIAGNOSTIC DIMENSION LTD (095618368),095618368,NEW DIAGNOSTIC DIMENSION LTD (095618368),1166.0,,
9ΩΛΥ4690ΒΧ-2ΒΗ,2023-06-20,ΕΝΤΑΛΜΑ ΠΛΗΡΩΜΗΣ ΜΠΑΞΤΕΡ ΕΛΛΑΣ ΕΠΕ (095530045),095530045,ΜΠΑΞΤΕΡ ΕΛΛΑΣ ΕΠΕ (095530045),2896.41,,
66ΔΓ4690ΒΧ-ΥΣΨ,2023-06-16,ΕΝΤΑΛΜΑ ΠΛΗΡΩΜΗΣ ΜΠΑΞΤΕΡ ΕΛΛΑΣ ΕΠΕ (095530045),095530045,ΜΠΑΞΤΕΡ ΕΛΛΑΣ ΕΠΕ (095530045),180.35,,
6ΩΥΝ4690ΒΧ-7ΙΚ,2023-06-16,ΕΝΤΑΛΜΑ ΠΛΗΡΩΜΗΣ ΒΙΟΣΕΡ ΑΕ (094035927),094035927,ΒΙΟΣΕΡ ΑΕ (094035927),237.3,,
ΨΣΥ84690ΒΧ-ΚΜ7,2023-06-16,ΕΝΤΑΛΜΑ ΠΛΗΡΩΜΗΣ MEDISTEM Ι.Κ.Ε (801324725),801324725,MEDISTEM Ι.Κ.Ε (801324725),733.37,,
ΨΤΝΛ4690ΒΧ-ΧΦΧ,2023-06-16,ΕΝΤΑΛΜΑ ΠΛΗΡΩΜΗΣ INSIDE ΙΑΤΡΙΚΕΣ ΤΕΧΝΟΛΟΓΙΕΣ ΜΟΝΟΠΡΟΣΩΠΗ Ι.Κ.Ε. (800777790),800777790,INSIDE ΙΑΤΡΙΚΕΣ ΤΕΧΝΟΛΟΓΙΕΣ ΜΟΝΟΠΡΟΣΩΠΗ Ι.Κ.Ε. (800777790),3381.86,,
9ΚΨΣ4690ΒΧ-ΠΑΝ,2023-06-16,ΕΝΤΑΛΜΑ ΠΛΗΡΩΜΗΣ INSIDE ΙΑΤΡΙΚΕΣ ΤΕΧΝΟΛΟΓΙΕΣ ΜΟΝΟΠΡΟΣΩΠΗ Ι.Κ.Ε. (800777790),800777790,INSIDE ΙΑΤΡΙΚΕΣ ΤΕΧΝΟΛΟΓΙΕΣ ΜΟΝΟΠΡΟΣΩΠΗ Ι.Κ.Ε. (800777790),516.71,,
6ΒΒΜ4690ΒΧ-ΡΤ0,2023-06-16,ΕΝΤΑΛΜΑ ΠΛΗΡΩΜΗΣ INSIDE ΙΑΤΡΙΚΕΣ ΤΕΧΝΟΛΟΓΙΕΣ ΜΟΝΟΠΡΟΣΩΠΗ Ι.Κ.Ε. (800777790),800777790,INSIDE ΙΑΤΡΙΚΕΣ ΤΕΧΝΟΛΟΓΙΕΣ ΜΟΝΟΠΡΟΣΩΠΗ Ι.Κ.Ε. (800777790),219.22,,
9Ε1Η4690ΒΧ-ΥΕ9,2023-06-16,ΕΝΤΑΛΜΑ ΠΛΗΡΩΜΗΣ INSIDE ΙΑΤΡΙΚΕΣ ΤΕΧΝΟΛΟΓΙΕΣ ΜΟΝΟΠΡΟΣΩΠΗ Ι.Κ.Ε. (800777790),800777790,INSIDE ΙΑΤΡΙΚΕΣ ΤΕΧΝΟΛΟΓΙΕΣ ΜΟΝΟΠΡΟΣΩΠΗ Ι.Κ.Ε. (800777790),1508.8,,
Ψ1ΨΤ4690ΒΧ-5ΦΗ,2023-06-16,ΕΝΤΑΛΜΑ ΠΛΗΡΩΜΗΣ DUCASCO-ΔΟΥΡΜΟΥΣΟΓΛΟΥ ΑΕΒΕ (999640490),999640490,DUCASCO-ΔΟΥΡΜΟΥΣΟΓΛΟΥ ΑΕΒΕ (999640490),2291.45,,
90ΘΖ4690ΒΧ-2Σ5,2023-06-16,ΕΝΤΑΛΜΑ ΠΛΗΡΩΜΗΣ DUCASCO-ΔΟΥΡΜΟΥΣΟΓΛΟΥ ΑΕΒΕ (999640490),999640490,DUCASCO-ΔΟΥΡΜΟΥΣΟΓΛΟΥ ΑΕΒΕ (999640490),66.96,,
Ψ69Ν4690ΒΧ-5ΜΣ,2023-06-16,ΕΝΤΑΛΜΑ ΠΛΗΡΩΜΗΣ DUCASCO-ΔΟΥΡΜΟΥΣΟΓΛΟΥ ΑΕΒΕ (999640490),999640490,DUCASCO-ΔΟΥΡΜΟΥΣΟΓΛΟΥ ΑΕΒΕ (999640490),17163.11,,
Ψ8ΠΤ4690ΒΧ-Α2Η,2023-06-16,ΕΝΤΑΛΜΑ ΠΛΗΡΩΜΗΣ DUCASCO-ΔΟΥΡΜΟΥΣΟΓΛΟΥ ΑΕΒΕ (999640490),999640490,DUCASCO-ΔΟΥΡΜΟΥΣΟΓΛΟΥ ΑΕΒΕ (999640490),642.32,,
ΨΥ2Σ4690ΒΧ-ΟΒΩ,2023-05-17,ΕΝΤΑΛΜΑ ΠΛΗΡΩΜΗΣ ΒΙΟΣΕΡ ΑΕ (094035927),094035927,ΒΙΟΣΕΡ ΑΕ (094035927),3016.75,,
60ΓΣ4690ΒΧ-ΛΤΓ,2023-05-17,ΕΝΤΑΛΜΑ ΠΛΗΡΩΜΗΣ ΒΙΟΣΕΡ ΑΕ (094035927),094035927,ΒΙΟΣΕΡ ΑΕ (094035927),3001.87,,
9ΣΣΣ4690ΒΧ-1Φ2,2023-05-17,ΕΝΤΑΛΜΑ ΠΛΗΡΩΜΗΣ ΒΙΟΣΕΡ ΑΕ (094035927),094035927,ΒΙΟΣΕΡ ΑΕ (094035927),2696.75,,
ΨΚΖ04690ΒΧ-ΧΗΝ,2023-06-08,ΕΝΤΑΛΜΑ ΠΛΗΡΩΜΗΣ ΑΝΑΣΤΑΣΙΟΣ ΜΑΥΡΟΓΕΝΗΣ Α.Ε. (082525697),082525697,ΑΝΑΣΤΑΣΙΟΣ ΜΑΥΡΟΓΕΝΗΣ Α.Ε. (082525697),436.48,,
ΨΟΩΠ4690ΒΧ-ΙΚΠ,2023-05-16,ΕΝΤΑΛΜΑ ΠΛΗΡΩΜΗΣ ROCHE (HELLAS) A.E. (094159555),094159555,ROCHE (HELLAS) A.E. (094159555),4420.02,,
ΨΩΧ54690ΒΧ-76Μ,2023-05-16,ΕΝΤΑΛΜΑ ΠΛΗΡΩΜΗΣ ROCHE (HELLAS) A.E. (094159555),094159555,ROCHE (HELLAS) A.E. (094159555),2337.25,,
9ΓΛ14690ΒΧ-0Φ3,2023-05-16,ΕΝΤΑΛΜΑ ΠΛΗΡΩΜΗΣ ROCHE (HELLAS) A.E. (094159555),094159555,ROCHE (HELLAS) A.E. (094159555),3739.6,,
613Γ4690ΒΧ-ΞΟΤ,2023-05-16,ΕΝΤΑΛΜΑ ΠΛΗΡΩΜΗΣ ROCHE (HELLAS) A.E. (094159555),094159555,ROCHE (HELLAS) A.E. (094159555),4674.49,,
ΨΝΟΝ4690ΒΧ-ΔΛΕ,2023-05-16,ΕΝΤΑΛΜΑ ΠΛΗΡΩΜΗΣ ROCHE (HELLAS) A.E. (094159555),094159555,ROCHE (HELLAS) A.E. (094159555),4674.49,,
Ψ5Κ44690ΒΧ-7Λ5,2023-05-16,ΕΝΤΑΛΜΑ ΠΛΗΡΩΜΗΣ ROCHE (HELLAS) A.E. (094159555),094159555,ROCHE (HELLAS) A.E. (094159555),4674.49,,
933Λ4690ΒΧ-ΣΝ6,2023-05-16,ΕΝΤΑΛΜΑ ΠΛΗΡΩΜΗΣ ROCHE (HELLAS) A.E. (094159555),094159555,ROCHE (HELLAS) A.E. (094159555),2804.7,,
68204690ΒΧ-Ι3Ν,2023-05-31,ΕΝΤΑΛΜΑ ΠΛΗΡΩΜΗΣ ΦΑΡΑΝ Α.Β.Ε.Ε (998278100),998278100,ΦΑΡΑΝ Α.Β.Ε.Ε (998278100),3628.57,,
6ΓΑ54690ΒΧ-ΠΜΚ,2023-06-07,ΕΝΤΑΛΜΑ ΠΛΗΡΩΜΗΣ ΛΕΩΝΙΔΑΣ ΚΑΝΕΛΛΟΣ   ΣΙΑ Ε.Ε (093401589),093401589,ΛΕΩΝΙΔΑΣ ΚΑΝΕΛΛΟΣ   ΣΙΑ Ε.Ε (093401589),297.6,,
9ΖΘ04690ΒΧ-ΩΜΤ,2023-06-07,ΕΝΤΑΛΜΑ ΠΛΗΡΩΜΗΣ ΛΕΩΝΙΔΑΣ ΚΑΝΕΛΛΟΣ   ΣΙΑ Ε.Ε (093401589),093401589,ΛΕΩΝΙΔΑΣ ΚΑΝΕΛΛΟΣ   ΣΙΑ Ε.Ε (093401589),125.86,,
ΨΙΝ94690ΒΧ-ΞΦΝ,2023-05-31,ΕΝΤΑΛΜΑ ΠΛΗΡΩΜΗΣ ΚΟΠΕΡ ΑΕ (094007897),094007897,ΚΟΠΕΡ ΑΕ (094007897),2390.96,,
6Ξ4Β4690ΒΧ-41Ι,2023-06-08,ΕΝΤΑΛΜΑ ΠΛΗΡΩΜΗΣ ΙΝΕΞ ΙΑΤΡΙΚΑ Α.Ε (094356041),094356041,ΙΝΕΞ ΙΑΤΡΙΚΑ Α.Ε (094356041),1556.82,,
69194690ΒΧ-ΦΣΥ,2023-06-08,ΕΝΤΑΛΜΑ ΠΛΗΡΩΜΗΣ ΙΝΕΞ ΙΑΤΡΙΚΑ Α.Ε (094356041),094356041,ΙΝΕΞ ΙΑΤΡΙΚΑ Α.Ε (094356041),696.08,,
6ΤΡΘ4690ΒΧ-ΞΛΗ,2023-06-08,ΕΝΤΑΛΜΑ ΠΛΗΡΩΜΗΣ ΙΝΕΞ ΙΑΤΡΙΚΑ Α.Ε (094356041),094356041,ΙΝΕΞ ΙΑΤΡΙΚΑ Α.Ε (094356041),257.64,,
67Σ04690ΒΧ-9Ρ0,2023-06-08,ΕΝΤΑΛΜΑ ΠΛΗΡΩΜΗΣ ΙΝΕΞ ΙΑΤΡΙΚΑ Α.Ε (094356041),094356041,ΙΝΕΞ ΙΑΤΡΙΚΑ Α.Ε (094356041),148.8,,
ΩΜ274690ΒΧ-7Β8,2023-06-08,ΕΝΤΑΛΜΑ ΠΛΗΡΩΜΗΣ ΓΕΝΙΚΗ ΧΗΜΙΚΩΝ ΠΡΟΙΟΝΤΩΝ Α.Ε (094133588),094133588,ΓΕΝΙΚΗ ΧΗΜΙΚΩΝ ΠΡΟΙΟΝΤΩΝ Α.Ε (094133588),4497.4,,
92Σ64690ΒΧ-3ΡΕ,2023-06-08,ΕΝΤΑΛΜΑ ΠΛΗΡΩΜΗΣ ΓΕΝΙΚΗ ΧΗΜΙΚΩΝ ΠΡΟΙΟΝΤΩΝ Α.Ε (094133588),094133588,ΓΕΝΙΚΗ ΧΗΜΙΚΩΝ ΠΡΟΙΟΝΤΩΝ Α.Ε (094133588),1113.61,,
ΡΩΔΚ4690ΒΧ-ΘΒΥ,2023-06-08,ΕΝΤΑΛΜΑ ΠΛΗΡΩΜΗΣ ΑΝΑΣΤΑΣΙΟΣ ΜΑΥΡΟΓΕΝΗΣ Α.Ε. (082525697),082525697,ΑΝΑΣΤΑΣΙΟΣ ΜΑΥΡΟΓΕΝΗΣ Α.Ε. (082525697),5407.05,,
68Α14690ΒΧ-Γ97,2023-06-08,ΕΝΤΑΛΜΑ ΠΛΗΡΩΜΗΣ ΑΝΑΣΤΑΣΙΟΣ ΜΑΥΡΟΓΕΝΗΣ Α.Ε. (082525697),082525697,ΑΝΑΣΤΑΣΙΟΣ ΜΑΥΡΟΓΕΝΗΣ Α.Ε. (082525697),1532.28,,
62Λ34690ΒΧ-ΡΟΩ,2023-06-08,ΕΝΤΑΛΜΑ ΠΛΗΡΩΜΗΣ ΑΝΑΣΤΑΣΙΟΣ ΜΑΥΡΟΓΕΝΗΣ Α.Ε. (082525697),082525697,ΑΝΑΣΤΑΣΙΟΣ ΜΑΥΡΟΓΕΝΗΣ Α.Ε. (082525697),282.5,,
ΨΙΙΝ4690ΒΧ-ΖΡΩ,2023-06-08,ΕΝΤΑΛΜΑ ΠΛΗΡΩΜΗΣ ΑΝΑΣΤΑΣΙΟΣ ΜΑΥΡΟΓΕΝΗΣ Α.Ε. (082525697),082525697,ΑΝΑΣΤΑΣΙΟΣ ΜΑΥΡΟΓΕΝΗΣ Α.Ε. (082525697),555.27,,
ΡΟ044690ΒΧ-ΚΓΩ,2023-06-08,ΕΝΤΑΛΜΑ ΠΛΗΡΩΜΗΣ ΑΝΑΣΤΑΣΙΟΣ ΜΑΥΡΟΓΕΝΗΣ Α.Ε. (082525697),082525697,ΑΝΑΣΤΑΣΙΟΣ ΜΑΥΡΟΓΕΝΗΣ Α.Ε. (082525697),1055.87,,
9Χ3Ν4690ΒΧ-422,2023-06-08,ΕΝΤΑΛΜΑ ΠΛΗΡΩΜΗΣ ΑΝΑΣΤΑΣΙΟΣ ΜΑΥΡΟΓΕΝΗΣ Α.Ε. (082525697),082525697,ΑΝΑΣΤΑΣΙΟΣ ΜΑΥΡΟΓΕΝΗΣ Α.Ε. (082525697),2306.4,,
Ψ7ΠΙ4690ΒΧ-ΞΒ0,2023-06-07,ΕΝΤΑΛΜΑ ΠΛΗΡΩΜΗΣ ΑΝΑΣΤΑΣΙΟΣ ΜΑΥΡΟΓΕΝΗΣ Α.Ε. (082525697),082525697,ΑΝΑΣΤΑΣΙΟΣ ΜΑΥΡΟΓΕΝΗΣ Α.Ε. (082525697),3741.9,,
6ΤΙΝ4690ΒΧ-Ζ5Γ,2023-06-07,ΕΝΤΑΛΜΑ ΠΛΗΡΩΜΗΣ ΑΝΑΣΤΑΣΙΟΣ ΜΑΥΡΟΓΕΝΗΣ Α.Ε. (082525697),082525697,ΑΝΑΣΤΑΣΙΟΣ ΜΑΥΡΟΓΕΝΗΣ Α.Ε. (082525697),3724.95,,
9ΩΡΟ4690ΒΧ-Π68,2023-06-07,ΕΝΤΑΛΜΑ ΠΛΗΡΩΜΗΣ ΑΝΑΣΤΑΣΙΟΣ ΜΑΥΡΟΓΕΝΗΣ Α.Ε. (082525697),082525697,ΑΝΑΣΤΑΣΙΟΣ ΜΑΥΡΟΓΕΝΗΣ Α.Ε. (082525697),4611.75,,
6ΥΒ44690ΒΧ-70Σ,2023-06-07,ΕΝΤΑΛΜΑ ΠΛΗΡΩΜΗΣ ΑΝΑΣΤΑΣΙΟΣ ΜΑΥΡΟΓΕΝΗΣ Α.Ε. (082525697),082525697,ΑΝΑΣΤΑΣΙΟΣ ΜΑΥΡΟΓΕΝΗΣ Α.Ε. (082525697),4926.05,,
681Α4690ΒΧ-89Ι,2023-06-07,ΕΝΤΑΛΜΑ ΠΛΗΡΩΜΗΣ ΑΝΑΣΤΑΣΙΟΣ ΜΑΥΡΟΓΕΝΗΣ Α.Ε. (082525697),082525697,ΑΝΑΣΤΑΣΙΟΣ ΜΑΥΡΟΓΕΝΗΣ Α.Ε. (082525697),3390.0,,
9Ψ0Π4690ΒΧ-ΡΟ0,2023-06-07,ΕΝΤΑΛΜΑ ΠΛΗΡΩΜΗΣ ΑΝΑΣΤΑΣΙΟΣ ΜΑΥΡΟΓΕΝΗΣ Α.Ε. (082525697),082525697,ΑΝΑΣΤΑΣΙΟΣ ΜΑΥΡΟΓΕΝΗΣ Α.Ε. (082525697),1695.0,,
6Η3Α4690ΒΧ-ΓΙΑ,2023-06-07,ΕΝΤΑΛΜΑ ΠΛΗΡΩΜΗΣ ΑΝΑΣΤΑΣΙΟΣ ΜΑΥΡΟΓΕΝΗΣ Α.Ε. (082525697),082525697,ΑΝΑΣΤΑΣΙΟΣ ΜΑΥΡΟΓΕΝΗΣ Α.Ε. (082525697),238.09,,
ΨΡΓΑ4690ΒΧ-Ζ7Π,2023-06-08,ΕΝΤΑΛΜΑ ΠΛΗΡΩΜΗΣ PAUL HARTMANN Hellas A.E. (999862491),999862491,PAUL HARTMANN Hellas A.E. (999862491),3222.02,,
9ΓΕΣ4690ΒΧ-ΣΘΣ,2023-06-08,ΕΝΤΑΛΜΑ ΠΛΗΡΩΜΗΣ PAUL HARTMANN Hellas A.E. (999862491),999862491,PAUL HARTMANN Hellas A.E. (999862491),146.9,,
ΨΔΨΩ4690ΒΧ-ΑΩΚ,2023-06-08,ΕΝΤΑΛΜΑ ΠΛΗΡΩΜΗΣ Medical Point .ΧΡ.ΜΟΥΤΑΦΗΣ Ε.Ε (998630320),998630320,Medical Point .ΧΡ.ΜΟΥΤΑΦΗΣ Ε.Ε (998630320),3996.78,,
9ΚΑΩ4690ΒΧ-Ε4Γ,2023-06-08,ΕΝΤΑΛΜΑ ΠΛΗΡΩΜΗΣ Medical Point .ΧΡ.ΜΟΥΤΑΦΗΣ Ε.Ε (998630320),998630320,Medical Point .ΧΡ.ΜΟΥΤΑΦΗΣ Ε.Ε (998630320),133.67,,
9ΝΝΤ4690ΒΧ-ΞΩΧ,2023-05-31,ΕΝΤΑΛΜΑ ΠΛΗΡΩΜΗΣ MERCK ΕΜΠΟΡΙΚΗ ΒΙΟΜΗΧΑΝΙΚΗ ΦΑΡΜΑΚΕΥΤΙΚΗ ΧΗΜΙΚΗ ΜΟΝΟΠΡΟΣΩΠΗ Α.Ε. (095052971),095052971,MERCK ΕΜΠΟΡΙΚΗ ΒΙΟΜΗΧΑΝΙΚΗ ΦΑΡΜΑΚΕΥΤΙΚΗ ΧΗΜΙΚΗ ΜΟΝΟΠΡΟΣΩΠΗ Α.Ε. (095052971),3455.54,,
6ΠΠΦ4690ΒΧ-ΙΤΧ,2023-06-08,ΕΝΤΑΛΜΑ ΠΛΗΡΩΜΗΣ MEDI SUP AE (094447320),094447320,MEDI SUP AE (094447320),1492.96,,
6ΒΝΖ4690ΒΧ-8ΥΦ,2023-06-08,ΕΝΤΑΛΜΑ ΠΛΗΡΩΜΗΣ MEDI SUP AE (094447320),094447320,MEDI SUP AE (094447320),4294.0,,
ΡΠΞ64690ΒΧ-ΓΩΞ,2023-06-08,ΕΝΤΑΛΜΑ ΠΛΗΡΩΜΗΣ MEDI SUP AE (094447320),094447320,MEDI SUP AE (094447320),282.54,,
ΨΑ3Ρ4690ΒΧ-ΦΑ5,2023-06-13,ΕΝΤΑΛΜΑ ΠΛΗΡΩΜΗΣ KARL STORZ-ΕΝΔΟΣΚΟΠΙΑ ΕΛΛΑΔΟΣ Ε.Π.Ε (998361490),998361490,KARL STORZ-ΕΝΔΟΣΚΟΠΙΑ ΕΛΛΑΔΟΣ Ε.Π.Ε (998361490),6634.0,,
ΨΩΟΕ4690ΒΧ-ΚΜ6,2023-06-13,ΕΝΤΑΛΜΑ ΠΛΗΡΩΜΗΣ GE HEALTHCARE (094472918),094472918,GE HEALTHCARE (094472918),10391.2,,
ΨΦΞΤ4690ΒΧ-Β2Η,2023-05-31,ΕΝΤΑΛΜΑ ΠΛΗΡΩΜΗΣ DEMO A.Β.Ε.E. (094041553),094041553,DEMO A.Β.Ε.E. (094041553),3257.87,,
61ΙΗ4690ΒΧ-ΞΙΧ,2023-05-31,ΕΝΤΑΛΜΑ ΠΛΗΡΩΜΗΣ DEMO A.Β.Ε.E. (094041553),094041553,DEMO A.Β.Ε.E. (094041553),3814.11,,
6ΓΗΡ4690ΒΧ-ΡΥΠ,2023-05-31,ΕΝΤΑΛΜΑ ΠΛΗΡΩΜΗΣ DEMO A.Β.Ε.E. (094041553),094041553,DEMO A.Β.Ε.E. (094041553),3758.06,,
ΨΩΣΚ4690ΒΧ-Ο4Χ,2023-05-31,ΕΝΤΑΛΜΑ ΠΛΗΡΩΜΗΣ DEMO A.Β.Ε.E. (094041553),094041553,DEMO A.Β.Ε.E. (094041553),3013.68,,
90ΠΜ4690ΒΧ-054,2023-05-31,ΕΝΤΑΛΜΑ ΠΛΗΡΩΜΗΣ DEMO A.Β.Ε.E. (094041553),094041553,DEMO A.Β.Ε.E. (094041553),3996.78,,
94ΑΙ4690ΒΧ-ΝΘΞ,2023-05-31,ΕΝΤΑΛΜΑ ΠΛΗΡΩΜΗΣ DEMO A.Β.Ε.E. (094041553),094041553,DEMO A.Β.Ε.E. (094041553),4985.08,,
Ψ1ΦΠ4690ΒΧ-ΥΛΩ,2023-06-13,ΕΝΤΑΛΜΑ ΠΛΗΡΩΜΗΣ COMPUTER SOLUTIONS ΑΝΩΝΥΜΗ (095403136),095403136,COMPUTER SOLUTIONS ΑΝΩΝΥΜΗ (095403136),9506.66,,
6ΗΠΧ4690ΒΧ-5ΞΒ,2023-05-31,ΕΝΤΑΛΜΑ ΠΛΗΡΩΜΗΣ BOEHRINGER INGELHEIM ΕΛΛΑΣ ΑΕ (094140021),094140021,BOEHRINGER INGELHEIM ΕΛΛΑΣ ΑΕ (094140021),236.43,,
6ΝΨΔ4690ΒΧ-ΖΗΨ,2023-05-31,ΕΝΤΑΛΜΑ ΠΛΗΡΩΜΗΣ BOEHRINGER INGELHEIM ΕΛΛΑΣ ΑΕ (094140021),094140021,BOEHRINGER INGELHEIM ΕΛΛΑΣ ΑΕ (094140021),1518.27,,
91ΜΑ4690ΒΧ-Ρ74,2023-05-31,ΕΝΤΑΛΜΑ ΠΛΗΡΩΜΗΣ AbbVie ΦΑΡΜΑΚΕΥΤΙΚΗ ΑΝΩΝΥΜΗ ΕΤΑΙΡΕΙΑ (800414432),800414432,AbbVie ΦΑΡΜΑΚΕΥΤΙΚΗ ΑΝΩΝΥΜΗ ΕΤΑΙΡΕΙΑ (800414432),4443.49,,
ΩΧΝ24690ΒΧ-Υ4Κ,2023-06-16,ΕΝΤΑΛΜΑ ΠΛΗΡΩΜΗΣ ΟΡΓ/ΣΜΟΣ ΤΗΛΕΠ/ΝΙΩΝ ΕΛΛΑΔΟΣ ΑΕ (094019245),094019245,ΟΡΓ/ΣΜΟΣ ΤΗΛΕΠ/ΝΙΩΝ ΕΛΛΑΔΟΣ ΑΕ (094019245),248.5,,
ΨΥΕΚ4690ΒΧ-ΤΜ2,2023-06-16,ΕΝΤΑΛΜΑ ΠΛΗΡΩΜΗΣ ΟΡΓ/ΣΜΟΣ ΤΗΛΕΠ/ΝΙΩΝ ΕΛΛΑΔΟΣ ΑΕ (094019245),094019245,ΟΡΓ/ΣΜΟΣ ΤΗΛΕΠ/ΝΙΩΝ ΕΛΛΑΔΟΣ ΑΕ (094019245),996.62,,
Ψ1ΝΝ4690ΒΧ-7Ρ0,2023-06-16,ΕΝΤΑΛΜΑ ΠΛΗΡΩΜΗΣ ΟΡΓ/ΣΜΟΣ ΤΗΛΕΠ/ΝΙΩΝ ΕΛΛΑΔΟΣ ΑΕ (094019245),094019245,ΟΡΓ/ΣΜΟΣ ΤΗΛΕΠ/ΝΙΩΝ ΕΛΛΑΔΟΣ ΑΕ (094019245),105.91,,
ΨΞΜ74690ΒΧ-ΤΝΨ,2023-06-16,ΕΝΤΑΛΜΑ ΠΛΗΡΩΜΗΣ ΟΡΓ/ΣΜΟΣ ΤΗΛΕΠ/ΝΙΩΝ ΕΛΛΑΔΟΣ ΑΕ (094019245),094019245,ΟΡΓ/ΣΜΟΣ ΤΗΛΕΠ/ΝΙΩΝ ΕΛΛΑΔΟΣ ΑΕ (094019245),79.8,,
ΨΡΕΛ4690ΒΧ-Ω6Ξ,2023-06-16,ΕΝΤΑΛΜΑ ΠΛΗΡΩΜΗΣ COSMOTE-ΚΙΝΗΤΕΣ ΤΗΛΕΠΙΚΟΙΝΩΝΙΕΣ Α.Ε (094493766),094493766,COSMOTE-ΚΙΝΗΤΕΣ ΤΗΛΕΠΙΚΟΙΝΩΝΙΕΣ Α.Ε (094493766),185.29,,
91ΠΚ4690ΒΧ-Β6Ξ,2023-06-26,ΕΝΤΑΛΜΑ ΠΛΗΡΩΜΗΣ ΠΗΝΕΛΟΠΗ Δ.ΚΥΡΚΟΥ (066483339),066483339,ΠΗΝΕΛΟΠΗ Δ.ΚΥΡΚΟΥ (066483339),2617.64,,
Ρ6ΕΗ4690ΒΧ-2ΡΦ,2023-06-26,ΕΝΤΑΛΜΑ ΠΛΗΡΩΜΗΣ ΠΗΝΕΛΟΠΗ Δ.ΚΥΡΚΟΥ (066483339),066483339,ΠΗΝΕΛΟΠΗ Δ.ΚΥΡΚΟΥ (066483339),2617.64,,
9Θ024690ΒΧ-ΞΕΑ,2023-06-26,ΕΝΤΑΛΜΑ ΠΛΗΡΩΜΗΣ ΜΑΝΩΛΙΤΣΗΣ ΗΛΙΑΣ (118659924),118659924,ΜΑΝΩΛΙΤΣΗΣ ΗΛΙΑΣ (118659924),1215.2,,
ΨΩΕ54690ΒΧ-4Β1,2023-06-26,ΕΝΤΑΛΜΑ ΠΛΗΡΩΜΗΣ ΔΗΜΟΣΘΕΝΗΣ Χ.ΦΛΟΥΔΑΣ (138316408),138316408,ΔΗΜΟΣΘΕΝΗΣ Χ.ΦΛΟΥΔΑΣ (138316408),43.4,,
6ΕΣΒ4690ΒΧ-51Η,2023-06-26,ΕΝΤΑΛΜΑ ΠΛΗΡΩΜΗΣ ΓΡΑΨΑΣ ΑΘΑΝΑΣΙΟΣ (053715965),053715965,ΓΡΑΨΑΣ ΑΘΑΝΑΣΙΟΣ (053715965),881.64,,
9ΜΦ14690ΒΧ-0ΘΛ,2023-06-26,ΕΝΤΑΛΜΑ ΠΛΗΡΩΜΗΣ ΓΡΑΨΑΣ ΑΘΑΝΑΣΙΟΣ (053715965),053715965,ΓΡΑΨΑΣ ΑΘΑΝΑΣΙΟΣ (053715965),617.36,,
64Μ24690ΒΧ-ΒΤΘ,2023-06-16,ΕΝΤΑΛΜΑ ΠΛΗΡΩΜΗΣ ΧΑΤΖΗΑΝΑΣΤΑΣΙΟΥ Χ.  ΣΙΑ Ο.Ε (999735059),999735059,ΧΑΤΖΗΑΝΑΣΤΑΣΙΟΥ Χ.  ΣΙΑ Ο.Ε (999735059),172.36,,
6ΞΞ54690ΒΧ-ΦΩΤ,2023-06-16,ΕΝΤΑΛΜΑ ΠΛΗΡΩΜΗΣ ΟΔΟΝΤΟΠΡΟΜΗΘΕΥΤΙΚΗ ΓΕΩΡΓΑΚΑΣ ΚΩΝΣΤΑΝΤΙΝΟΣ (062216690),062216690,ΟΔΟΝΤΟΠΡΟΜΗΘΕΥΤΙΚΗ ΓΕΩΡΓΑΚΑΣ ΚΩΝΣΤΑΝΤΙΝΟΣ (062216690),23.81,,
ΨΝΥΡ4690ΒΧ-ΖΙΥ,2023-06-26,ΕΝΤΑΛΜΑ ΠΛΗΡΩΜΗΣ ΡΟΝΤΟΓΙΑΝΝΗΣ ΝΙΚΟΛΑΟΣ (301370400),301370400,ΡΟΝΤΟΓΙΑΝΝΗΣ ΝΙΚΟΛΑΟΣ (301370400),3100.0,,
Ρ6ΕΧ4690ΒΧ-ΘΨΛ,2023-06-16,ΕΝΤΑΛΜΑ ΠΛΗΡΩΜΗΣ ΜΠΑΡΜΠΑΣ ΤΡΥΦΩΝ   ΣΙΑ Ε.Ε. (999136272),999136272,ΜΠΑΡΜΠΑΣ ΤΡΥΦΩΝ   ΣΙΑ Ε.Ε. (999136272),620.0,,
95Χ34690ΒΧ-ΜΥΠ,2023-06-16,ΕΝΤΑΛΜΑ ΠΛΗΡΩΜΗΣ ΙΩΑΝΝΗΣ ΤΣΑΠΡΑΖΗΣ ΑΕ (082343240),082343240,ΙΩΑΝΝΗΣ ΤΣΑΠΡΑΖΗΣ ΑΕ (082343240),134.24,,
65ΟΦ4690ΒΧ-ΝΟΔ,2023-06-16,ΕΝΤΑΛΜΑ ΠΛΗΡΩΜΗΣ ΘΕΣΣΑΛΟΙΑΤΡΙΚΗ ΕΠΕ (095488987),095488987,ΘΕΣΣΑΛΟΙΑΤΡΙΚΗ ΕΠΕ (095488987),143.84,,
6ΣΛΑ4690ΒΧ-ΦΔ7,2023-06-16,ΕΝΤΑΛΜΑ ΠΛΗΡΩΜΗΣ ΝΟΣΟΚΟΜΕΙΑΚΗ ΓΡΑΜΜΗ Α.Ε (094396063),094396063,ΝΟΣΟΚΟΜΕΙΑΚΗ ΓΡΑΜΜΗ Α.Ε (094396063),27.28,,
92ΗΗ4690ΒΧ-85Θ,2023-06-16,ΕΝΤΑΛΜΑ ΠΛΗΡΩΜΗΣ ΝΟΣΟΚΟΜΕΙΑΚΗ ΓΡΑΜΜΗ Α.Ε (094396063),094396063,ΝΟΣΟΚΟΜΕΙΑΚΗ ΓΡΑΜΜΗ Α.Ε (094396063),461.04,,
ΨΔΚΧ4690ΒΧ-ΞΕΚ,2023-06-16,ΕΝΤΑΛΜΑ ΠΛΗΡΩΜΗΣ ΝΟΣΟΚΟΜΕΙΑΚΗ ΓΡΑΜΜΗ Α.Ε (094396063),094396063,ΝΟΣΟΚΟΜΕΙΑΚΗ ΓΡΑΜΜΗ Α.Ε (094396063),3344.8,,
94ΦΦ4690ΒΧ-Λ7Ξ,2023-06-16,ΕΝΤΑΛΜΑ ΠΛΗΡΩΜΗΣ ΝΟΣΟΚΟΜΕΙΑΚΗ ΓΡΑΜΜΗ Α.Ε (094396063),094396063,ΝΟΣΟΚΟΜΕΙΑΚΗ ΓΡΑΜΜΗ Α.Ε (094396063),3344.8,,
ΡΟΝ94690ΒΧ-4Ο8,2023-06-16,ΕΝΤΑΛΜΑ ΠΛΗΡΩΜΗΣ ΝΟΣΟΚΟΜΕΙΑΚΗ ΓΡΑΜΜΗ Α.Ε (094396063),094396063,ΝΟΣΟΚΟΜΕΙΑΚΗ ΓΡΑΜΜΗ Α.Ε (094396063),81.84,,
ΨΩΦΚ4690ΒΧ-ΒΥ2,2023-05-31,ΕΝΤΑΛΜΑ ΠΛΗΡΩΜΗΣ Ι.Φ.Ε.Τ. Α.Ε. (090064864),090064864,Ι.Φ.Ε.Τ. Α.Ε. (090064864),635.0,,
Ψ3Δ54690ΒΧ-Ι3Ζ,2023-05-31,ΕΝΤΑΛΜΑ ΠΛΗΡΩΜΗΣ Ι.Φ.Ε.Τ. Α.Ε. (090064864),090064864,Ι.Φ.Ε.Τ. Α.Ε. (090064864),4475.01,,
64ΡΚ4690ΒΧ-ΠΡΠ,2023-06-16,ΕΝΤΑΛΜΑ ΠΛΗΡΩΜΗΣ ΝΟΣΟΚΟΜΕΙΑΚΗ ΓΡΑΜΜΗ Α.Ε (094396063),094396063,ΝΟΣΟΚΟΜΕΙΑΚΗ ΓΡΑΜΜΗ Α.Ε (094396063),4761.32,,
905Ξ4690ΒΧ-ΙΡ1,2023-06-16,ΕΝΤΑΛΜΑ ΠΛΗΡΩΜΗΣ ΝΟΣΟΚΟΜΕΙΑΚΗ ΓΡΑΜΜΗ Α.Ε (094396063),094396063,ΝΟΣΟΚΟΜΕΙΑΚΗ ΓΡΑΜΜΗ Α.Ε (094396063),4524.02,,
ΨΕΡ74690ΒΧ-Σ5Γ,2023-06-16,ΕΝΤΑΛΜΑ ΠΛΗΡΩΜΗΣ ΝΟΣΟΚΟΜΕΙΑΚΗ ΓΡΑΜΜΗ Α.Ε (094396063),094396063,ΝΟΣΟΚΟΜΕΙΑΚΗ ΓΡΑΜΜΗ Α.Ε (094396063),1429.45,,
9ΚΚΦ4690ΒΧ-ΛΕ8,2023-06-08,ΕΝΤΑΛΜΑ ΠΛΗΡΩΜΗΣ ΓΕΝΙΚΗ ΧΗΜΙΚΩΝ ΠΡΟΙΟΝΤΩΝ Α.Ε (094133588),094133588,ΓΕΝΙΚΗ ΧΗΜΙΚΩΝ ΠΡΟΙΟΝΤΩΝ Α.Ε (094133588),339.0,,
92Ι44690ΒΧ-7ΟΕ,2023-06-08,ΕΝΤΑΛΜΑ ΠΛΗΡΩΜΗΣ ΓΕΝΙΚΗ ΧΗΜΙΚΩΝ ΠΡΟΙΟΝΤΩΝ Α.Ε (094133588),094133588,ΓΕΝΙΚΗ ΧΗΜΙΚΩΝ ΠΡΟΙΟΝΤΩΝ Α.Ε (094133588),824.6,,
Ψ21Γ4690ΒΧ-ΔΧΣ,2023-06-08,ΕΝΤΑΛΜΑ ΠΛΗΡΩΜΗΣ ΓΕΝΙΚΗ ΧΗΜΙΚΩΝ ΠΡΟΙΟΝΤΩΝ Α.Ε (094133588),094133588,ΓΕΝΙΚΗ ΧΗΜΙΚΩΝ ΠΡΟΙΟΝΤΩΝ Α.Ε (094133588),1186.5,,
97ΞΑ4690ΒΧ-ΞΒΧ,2023-06-08,ΕΝΤΑΛΜΑ ΠΛΗΡΩΜΗΣ ΓΕΝΙΚΗ ΧΗΜΙΚΩΝ ΠΡΟΙΟΝΤΩΝ Α.Ε (094133588),094133588,ΓΕΝΙΚΗ ΧΗΜΙΚΩΝ ΠΡΟΙΟΝΤΩΝ Α.Ε (094133588),3148.36,,
63ΜΔ4690ΒΧ-65Τ,2023-06-08,ΕΝΤΑΛΜΑ ΠΛΗΡΩΜΗΣ ΓΕΝΙΚΗ ΧΗΜΙΚΩΝ ΠΡΟΙΟΝΤΩΝ Α.Ε (094133588),094133588,ΓΕΝΙΚΗ ΧΗΜΙΚΩΝ ΠΡΟΙΟΝΤΩΝ Α.Ε (094133588),529.97,,
656Η4690ΒΧ-Ο7Π,2023-06-13,ΕΝΤΑΛΜΑ ΠΛΗΡΩΜΗΣ VETERY SERVICE HELLAS ΝΑΚΑΣ ΣΠΥΡΙΔΩΝ (061755570),061755570,VETERY SERVICE HELLAS ΝΑΚΑΣ ΣΠΥΡΙΔΩΝ (061755570),223.2,,
60ΧΤ4690ΒΧ-ΦΤ2,2023-06-13,ΕΝΤΑΛΜΑ ΠΛΗΡΩΜΗΣ VETERY SERVICE HELLAS ΝΑΚΑΣ ΣΠΥΡΙΔΩΝ (061755570),061755570,VETERY SERVICE HELLAS ΝΑΚΑΣ ΣΠΥΡΙΔΩΝ (061755570),1625.0,,
64ΖΦ4690ΒΧ-Ψ14,2023-06-13,ΕΝΤΑΛΜΑ ΠΛΗΡΩΜΗΣ SIEMENS HEALTHCARE ABEE (094456875),094456875,SIEMENS HEALTHCARE ABEE (094456875),3642.51,,
ΨΒ2Ω4690ΒΧ-ΚΕΦ,2023-06-13,ΕΝΤΑΛΜΑ ΠΛΗΡΩΜΗΣ HOSPITECNICA ΕΠΕ (095526068),095526068,HOSPITECNICA ΕΠΕ (095526068),6202.16,,
9ΞΦ94690ΒΧ-ΕΜ7,2023-06-13,ΕΝΤΑΛΜΑ ΠΛΗΡΩΜΗΣ HOSPITECNICA ΕΠΕ (095526068),095526068,HOSPITECNICA ΕΠΕ (095526068),3546.4,,
ΨΘ6Ο4690ΒΧ-Θ61,2023-06-13,ΕΝΤΑΛΜΑ ΠΛΗΡΩΜΗΣ HEALTHCARE EXPERIENCE A.E ΟΛΟΚΛ.ΛΥΣ.ΙΑΤΡ. ΠΛ.ΙΑΤΡ.ΕΞ.-ΛΟΓ.  ΥΠΗΡ. (997800874),997800874,HEALTHCARE EXPERIENCE A.E ΟΛΟΚΛ.ΛΥΣ.ΙΑΤΡ. ΠΛ.ΙΑΤΡ.ΕΞ.-ΛΟΓ.  ΥΠΗΡ. (997800874),1023.0,,
ΨΓΞ54690ΒΧ-ΨΔΖ,2023-06-16,ΕΝΤΑΛΜΑ ΠΛΗΡΩΜΗΣ DMPS LTD (998333221),998333221,DMPS LTD (998333221),1071.24,,
99ΩΣ4690ΒΧ-8Κ7,2023-06-13,ΕΝΤΑΛΜΑ ΠΛΗΡΩΜΗΣ COMPUTER SOLUTIONS ΑΝΩΝΥΜΗ (095403136),095403136,COMPUTER SOLUTIONS ΑΝΩΝΥΜΗ (095403136),4753.33,,
6ΣΧ44690ΒΧ-ΔΞΘ,2023-06-13,ΕΝΤΑΛΜΑ ΠΛΗΡΩΜΗΣ BIOTRANS A.E (999506681),999506681,BIOTRANS A.E (999506681),1116.0,,
6Β2Ω4690ΒΧ-ΦΣΤ,2023-06-13,ΕΝΤΑΛΜΑ ΠΛΗΡΩΜΗΣ INTER MEDICA ΕΜΜ.Τ.ΤΖΑΝΙΔΑΚΗΣ (011651035),011651035,INTER MEDICA ΕΜΜ.Τ.ΤΖΑΝΙΔΑΚΗΣ (011651035),6162.8,,
ΨΩ8Ρ4690ΒΧ-ΞΕΝ,2023-05-31,ΕΝΤΑΛΜΑ ΠΛΗΡΩΜΗΣ ΦΑΡΑΝ Α.Β.Ε.Ε (998278100),998278100,ΦΑΡΑΝ Α.Β.Ε.Ε (998278100),590.12,,
6ΜΤΥ4690ΒΧ-64Ζ,2023-05-31,ΕΝΤΑΛΜΑ ΠΛΗΡΩΜΗΣ ΦΑΡΑΝ Α.Β.Ε.Ε (998278100),998278100,ΦΑΡΑΝ Α.Β.Ε.Ε (998278100),4720.98,,
ΨΙΟΩ4690ΒΧ-ΟΕΔ,2023-06-07,ΕΝΤΑΛΜΑ ΠΛΗΡΩΜΗΣ Ν.Πετσιάβας α.ε (094011782),094011782,Ν.Πετσιάβας α.ε (094011782),324.2,,
Ω8ΜΞ4690ΒΧ-22Δ,2023-05-31,ΕΝΤΑΛΜΑ ΠΛΗΡΩΜΗΣ ΚΟΠΕΡ ΑΕ (094007897),094007897,ΚΟΠΕΡ ΑΕ (094007897),229.64,,
Ψ90Υ4690ΒΧ-ΑΟ9,2023-05-31,ΕΝΤΑΛΜΑ ΠΛΗΡΩΜΗΣ ΚΟΠΕΡ ΑΕ (094007897),094007897,ΚΟΠΕΡ ΑΕ (094007897),1937.47,,
6Ξ964690ΒΧ-9Ο0,2023-05-31,ΕΝΤΑΛΜΑ ΠΛΗΡΩΜΗΣ Ι.Φ.Ε.Τ. Α.Ε. (090064864),090064864,Ι.Φ.Ε.Τ. Α.Ε. (090064864),4027.6,,
ΨΤΖΙ4690ΒΧ-ΘΤΧ,2023-06-07,ΕΝΤΑΛΜΑ ΠΛΗΡΩΜΗΣ ΓΚΑΠ ΑΕ (094024009),094024009,ΓΚΑΠ ΑΕ (094024009),690.52,,
6Σ334690ΒΧ-7ΝΟ,2023-06-07,ΕΝΤΑΛΜΑ ΠΛΗΡΩΜΗΣ UPJOHN ΕΛΛΑΣ ΦΑΡΜ.ΕΤΑΙΡΙΑ ΠΕΡΙΟΡΙΣΜ. ΕΥΘΥΝΗΣ (801071705),801071705,UPJOHN ΕΛΛΑΣ ΦΑΡΜ.ΕΤΑΙΡΙΑ ΠΕΡΙΟΡΙΣΜ. ΕΥΘΥΝΗΣ (801071705),2588.8,,
ΨΝΓΞ4690ΒΧ-5ΒΞ,2023-06-07,ΕΝΤΑΛΜΑ ΠΛΗΡΩΜΗΣ UPJOHN ΕΛΛΑΣ ΦΑΡΜ.ΕΤΑΙΡΙΑ ΠΕΡΙΟΡΙΣΜ. ΕΥΘΥΝΗΣ (801071705),801071705,UPJOHN ΕΛΛΑΣ ΦΑΡΜ.ΕΤΑΙΡΙΑ ΠΕΡΙΟΡΙΣΜ. ΕΥΘΥΝΗΣ (801071705),168.15,,
6ΒΛΒ4690ΒΧ-ΩΤ0,2023-06-07,ΕΝΤΑΛΜΑ ΠΛΗΡΩΜΗΣ PAUL HARTMANN Hellas A.E. (999862491),999862491,PAUL HARTMANN Hellas A.E. (999862491),2389.83,,
ΨΩΝ34690ΒΧ-7ΝΚ,2023-06-02,ΕΝΤΑΛΜΑ ΠΛΗΡΩΜΗΣ MENARINI HELLAS A.E. (094141331),094141331,MENARINI HELLAS A.E. (094141331),229.52,,
ΩΖ8Ψ4690ΒΧ-2ΘΝ,2023-06-07,ΕΝΤΑΛΜΑ ΠΛΗΡΩΜΗΣ LAVIPHARM HELLAS Α.Ε.Ε. (094355289),094355289,LAVIPHARM HELLAS Α.Ε.Ε. (094355289),1782.21,,
6ΕΣΠ4690ΒΧ-ΚΙΦ,2023-05-31,ΕΝΤΑΛΜΑ ΠΛΗΡΩΜΗΣ KARIAN ΦΑΡΜΑΚΕΥΤΙΚΗ Ι.Κ.Ε. (800543881),800543881,KARIAN ΦΑΡΜΑΚΕΥΤΙΚΗ Ι.Κ.Ε. (800543881),4170.18,,
Ψ5ΝΚ4690ΒΧ-ΟΦΔ,2023-05-31,ΕΝΤΑΛΜΑ ΠΛΗΡΩΜΗΣ KARIAN ΦΑΡΜΑΚΕΥΤΙΚΗ Ι.Κ.Ε. (800543881),800543881,KARIAN ΦΑΡΜΑΚΕΥΤΙΚΗ Ι.Κ.Ε. (800543881),1787.22,,
6Ω674690ΒΧ-901,2023-06-07,ΕΝΤΑΛΜΑ ΠΛΗΡΩΜΗΣ INTERMED. S.A (094420381),094420381,INTERMED. S.A (094420381),466.85,,
6ΩΞΑ4690ΒΧ-ΡΘ5,2023-05-31,ΕΝΤΑΛΜΑ ΠΛΗΡΩΜΗΣ DEMO A.Β.Ε.E. (094041553),094041553,DEMO A.Β.Ε.E. (094041553),315.29,,
6ΜΝΗ4690ΒΧ-Ζ0Ψ,2023-05-31,ΕΝΤΑΛΜΑ ΠΛΗΡΩΜΗΣ DEMO A.Β.Ε.E. (094041553),094041553,DEMO A.Β.Ε.E. (094041553),3883.06,,
6Δ3Ι4690ΒΧ-Ξ43,2023-05-31,ΕΝΤΑΛΜΑ ΠΛΗΡΩΜΗΣ DEMO A.Β.Ε.E. (094041553),094041553,DEMO A.Β.Ε.E. (094041553),4101.29,,
Ρ9Τ34690ΒΧ-ΖΞΠ,2023-05-31,ΕΝΤΑΛΜΑ ΠΛΗΡΩΜΗΣ DEMO A.Β.Ε.E. (094041553),094041553,DEMO A.Β.Ε.E. (094041553),4860.61,,
6ΨΛ74690ΒΧ-Α0Γ,2023-06-02,ΕΝΤΑΛΜΑ ΠΛΗΡΩΜΗΣ AstraZeneca A.E (094283173),094283173,AstraZeneca A.E (094283173),32.47,,
Ω8Β14690ΒΧ-ΞΟ1,2023-06-07,ΕΝΤΑΛΜΑ ΠΛΗΡΩΜΗΣ AMOMED ΦΑΡΜΑΚΕΥΤΙΚΗ Μ.Ε.Π.Ε (800878331),800878331,AMOMED ΦΑΡΜΑΚΕΥΤΙΚΗ Μ.Ε.Π.Ε (800878331),1360.94,,
ΨΑΕ94690ΒΧ-5ΗΨ,2023-05-31,ΕΝΤΑΛΜΑ ΠΛΗΡΩΜΗΣ BOEHRINGER INGELHEIM ΕΛΛΑΣ ΑΕ (094140021),094140021,BOEHRINGER INGELHEIM ΕΛΛΑΣ ΑΕ (094140021),4860.32,,
6ΓΧΤ4690ΒΧ-7Μ1,2023-05-31,ΕΝΤΑΛΜΑ ΠΛΗΡΩΜΗΣ CSL Behring Ελλάς ΜΕΠΕ (999600478),999600478,CSL Behring Ελλάς ΜΕΠΕ (999600478),1460.13,,
ΩΜΦΣ4690ΒΧ-ΑΧΘ,2023-05-31,ΕΝΤΑΛΜΑ ΠΛΗΡΩΜΗΣ CSL Behring Ελλάς ΜΕΠΕ (999600478),999600478,CSL Behring Ελλάς ΜΕΠΕ (999600478),1570.83,,
ΨΧΗ04690ΒΧ-ΑΥΚ,2023-05-31,ΕΝΤΑΛΜΑ ΠΛΗΡΩΜΗΣ CSL Behring Ελλάς ΜΕΠΕ (999600478),999600478,CSL Behring Ελλάς ΜΕΠΕ (999600478),293.37,,
6Η5Σ4690ΒΧ-ΙΥΟ,2023-05-31,ΕΝΤΑΛΜΑ ΠΛΗΡΩΜΗΣ CSL Behring Ελλάς ΜΕΠΕ (999600478),999600478,CSL Behring Ελλάς ΜΕΠΕ (999600478),9929.38,,
ΨΓΜΨ4690ΒΧ-ΤΓΖ,2023-05-31,ΕΝΤΑΛΜΑ ΠΛΗΡΩΜΗΣ MERCK ΕΜΠΟΡΙΚΗ ΒΙΟΜΗΧΑΝΙΚΗ ΦΑΡΜΑΚΕΥΤΙΚΗ ΧΗΜΙΚΗ ΜΟΝΟΠΡΟΣΩΠΗ Α.Ε. (095052971),095052971,MERCK ΕΜΠΟΡΙΚΗ ΒΙΟΜΗΧΑΝΙΚΗ ΦΑΡΜΑΚΕΥΤΙΚΗ ΧΗΜΙΚΗ ΜΟΝΟΠΡΟΣΩΠΗ Α.Ε. (095052971),2591.66,,
6ΩΩΣ4690ΒΧ-Ξ7Τ,2023-05-31,ΕΝΤΑΛΜΑ ΠΛΗΡΩΜΗΣ AbbVie ΦΑΡΜΑΚΕΥΤΙΚΗ ΑΝΩΝΥΜΗ ΕΤΑΙΡΕΙΑ (800414432),800414432,AbbVie ΦΑΡΜΑΚΕΥΤΙΚΗ ΑΝΩΝΥΜΗ ΕΤΑΙΡΕΙΑ (800414432),3554.8,,
6ΓΚΛ4690ΒΧ-80Ξ,2023-05-31,ΕΝΤΑΛΜΑ ΠΛΗΡΩΜΗΣ ΚΟΠΕΡ ΑΕ (094007897),094007897,ΚΟΠΕΡ ΑΕ (094007897),4509.43,,
65ΓΠ4690ΒΧ-Ξ2Ε,2023-05-31,ΕΝΤΑΛΜΑ ΠΛΗΡΩΜΗΣ SANOFI AVENTIS A.E.B.E. (094076485),094076485,SANOFI AVENTIS A.E.B.E. (094076485),12344.29,,
ΨΗ3Μ4690ΒΧ-ΡΥ8,2023-05-30,ΕΝΤΑΛΜΑ ΠΛΗΡΩΜΗΣ UNI-PHARMA ΚΛΕΩΝ ΤΣΕΤΗΣ ΑΒΕΕ (094320634),094320634,UNI-PHARMA ΚΛΕΩΝ ΤΣΕΤΗΣ ΑΒΕΕ (094320634),3160.85,,
Ψ37Φ4690ΒΧ-9ΧΨ,2023-05-30,ΕΝΤΑΛΜΑ ΠΛΗΡΩΜΗΣ UNI-PHARMA ΚΛΕΩΝ ΤΣΕΤΗΣ ΑΒΕΕ (094320634),094320634,UNI-PHARMA ΚΛΕΩΝ ΤΣΕΤΗΣ ΑΒΕΕ (094320634),4220.22,,
6ΕΩΑ4690ΒΧ-ΕΛΞ,2023-05-30,ΕΝΤΑΛΜΑ ΠΛΗΡΩΜΗΣ ΜΠΑΞΤΕΡ ΕΛΛΑΣ ΕΠΕ (095530045),095530045,ΜΠΑΞΤΕΡ ΕΛΛΑΣ ΕΠΕ (095530045),4237.39,,
6ΔΙΞ4690ΒΧ-ΚΔΡ,2023-05-26,ΕΝΤΑΛΜΑ ΠΛΗΡΩΜΗΣ RECORDATI HELLAS A.E (998935152),998935152,RECORDATI HELLAS A.E (998935152),79.45,,
9ΩΗΡ4690ΒΧ-ΕΙΖ,2023-05-26,ΕΝΤΑΛΜΑ ΠΛΗΡΩΜΗΣ IASIS Pharmaceut.HELLAS ABEE (094141552),094141552,IASIS Pharmaceut.HELLAS ABEE (094141552),112.98,,
9ΛΟ94690ΒΧ-ΤΞΕ,2023-06-07,ΕΝΤΑΛΜΑ ΠΛΗΡΩΜΗΣ ELPEN  Α.Ε  ΦΑΡΜ/ΚΗ ΒΙΟΜ/ΝΙΑ (094025043),094025043,ELPEN  Α.Ε  ΦΑΡΜ/ΚΗ ΒΙΟΜ/ΝΙΑ (094025043),388.19,,
ΨΖ8Ρ4690ΒΧ-ΚΚΓ,2023-06-07,ΕΝΤΑΛΜΑ ΠΛΗΡΩΜΗΣ AOP Orphan ΦΑΡΜΑΚΕΥΤΙΚΗ ΕΛΛΑΔΑΣ ΜΕΠΕ (800878331),800878331,AOP Orphan ΦΑΡΜΑΚΕΥΤΙΚΗ ΕΛΛΑΔΑΣ ΜΕΠΕ (800878331),4536.46,,
ΩΝΑΠ4690ΒΧ-ΚΘΗ,2023-06-07,ΕΝΤΑΛΜΑ ΠΛΗΡΩΜΗΣ RECORDATI HELLAS A.E (998935152),998935152,RECORDATI HELLAS A.E (998935152),264.84,,
6ΚΑΔ4690ΒΧ-Τ9Υ,2023-06-07,ΕΝΤΑΛΜΑ ΠΛΗΡΩΜΗΣ INTERMED. S.A (094420381),094420381,INTERMED. S.A (094420381),376.83,,
6ΣΨΑ4690ΒΧ-Δ51,2023-06-07,ΕΝΤΑΛΜΑ ΠΛΗΡΩΜΗΣ LAVIPHARM HELLAS Α.Ε.Ε. (094355289),094355289,LAVIPHARM HELLAS Α.Ε.Ε. (094355289),962.37,,
6ΑΣΘ4690ΒΧ-ΟΕΦ,2023-06-07,ΕΝΤΑΛΜΑ ΠΛΗΡΩΜΗΣ PAUL HARTMANN Hellas A.E. (999862491),999862491,PAUL HARTMANN Hellas A.E. (999862491),1508.56,,
6ΓΞΙ4690ΒΧ-ΨΒΕ,2023-06-07,ΕΝΤΑΛΜΑ ΠΛΗΡΩΜΗΣ Ν.Πετσιάβας α.ε (094011782),094011782,Ν.Πετσιάβας α.ε (094011782),1134.69,,
6ΧΚΛ4690ΒΧ-Υ6Ρ,2023-06-07,ΕΝΤΑΛΜΑ ΠΛΗΡΩΜΗΣ ΓΚΑΠ ΑΕ (094024009),094024009,ΓΚΑΠ ΑΕ (094024009),691.3,,
ΨΥΕΤ4690ΒΧ-Ζ0Τ,2023-06-07,ΕΝΤΑΛΜΑ ΠΛΗΡΩΜΗΣ adelco AE (094121817),094121817,adelco AE (094121817),454.66,,
6ΥΒΒ4690ΒΧ-ΩΛ0,2023-06-07,ΕΝΤΑΛΜΑ ΠΛΗΡΩΜΗΣ IPSEN  Ε.Π.Ε (095000439),095000439,IPSEN  Ε.Π.Ε (095000439),2164.34,,
ΩΝ0Τ4690ΒΧ-ΖΤΡ,2023-06-02,ΕΝΤΑΛΜΑ ΠΛΗΡΩΜΗΣ MENARINI HELLAS A.E. (094141331),094141331,MENARINI HELLAS A.E. (094141331),1030.96,,
ΩΝ3Π4690ΒΧ-ΜΥΡ,2023-06-02,ΕΝΤΑΛΜΑ ΠΛΗΡΩΜΗΣ AstraZeneca A.E (094283173),094283173,AstraZeneca A.E (094283173),823.51,,
6ΨΧ74690ΒΧ-ΥΝ3,2023-06-02,ΕΝΤΑΛΜΑ ΠΛΗΡΩΜΗΣ AstraZeneca A.E (094283173),094283173,AstraZeneca A.E (094283173),1588.31,,
ΨΣΔΚ4690ΒΧ-Η71,2023-06-13,ΕΝΤΑΛΜΑ ΠΛΗΡΩΜΗΣ ΨΗΛΙΑΚΟΣ ΛΕΩΝΙΔΑΣ   ΣΙΑ (999495127),999495127,ΨΗΛΙΑΚΟΣ ΛΕΩΝΙΔΑΣ   ΣΙΑ (999495127),1364.0,,
ΨΞ874690ΒΧ-1Υ4,2023-06-13,ΕΝΤΑΛΜΑ ΠΛΗΡΩΜΗΣ ΨΗΛΙΑΚΟΣ ΛΕΩΝΙΔΑΣ   ΣΙΑ (999495127),999495127,ΨΗΛΙΑΚΟΣ ΛΕΩΝΙΔΑΣ   ΣΙΑ (999495127),682.0,,
ΨΖΧΙ4690ΒΧ-Β2Υ,2023-06-13,ΕΝΤΑΛΜΑ ΠΛΗΡΩΜΗΣ ΤΕΜΑΚ (094279934),094279934,ΤΕΜΑΚ (094279934),1600.15,,
65Μ34690ΒΧ-ΜΟΖ,2023-06-13,ΕΝΤΑΛΜΑ ΠΛΗΡΩΜΗΣ ΤΕΜΑΚ (094279934),094279934,ΤΕΜΑΚ (094279934),223.2,,
6Φ4Θ4690ΒΧ-ΞΤΤ,2023-06-13,ΕΝΤΑΛΜΑ ΠΛΗΡΩΜΗΣ ΤΕΜΑΚ (094279934),094279934,ΤΕΜΑΚ (094279934),3100.0,,
6ΞΞ64690ΒΧ-ΜΣ6,2023-06-13,ΕΝΤΑΛΜΑ ΠΛΗΡΩΜΗΣ ΣΤΑΥΡΟΥ ΑΝΔΡΕΑΣ (069950462),069950462,ΣΤΑΥΡΟΥ ΑΝΔΡΕΑΣ (069950462),210.8,,
6Ω6Π4690ΒΧ-5Ψ7,2023-06-14,ΕΝΤΑΛΜΑ ΠΛΗΡΩΜΗΣ Σ.ΣΟΛΔΑΤΟΣ Ε.Π.Ε. (095451970),095451970,Σ.ΣΟΛΔΑΤΟΣ Ε.Π.Ε. (095451970),711.13,,
6ΒΥΟ4690ΒΧ-ΟΗΥ,2023-06-14,ΕΝΤΑΛΜΑ ΠΛΗΡΩΜΗΣ Σ.ΣΟΛΔΑΤΟΣ Ε.Π.Ε. (095451970),095451970,Σ.ΣΟΛΔΑΤΟΣ Ε.Π.Ε. (095451970),94.24,,
6Ο154690ΒΧ-460,2023-06-13,ΕΝΤΑΛΜΑ ΠΛΗΡΩΜΗΣ ΠΛΗΡΟΦΟΡΙΚΗ ΕΛΛΑΔΟΣ Ε.Π.Ε (095659768),095659768,ΠΛΗΡΟΦΟΡΙΚΗ ΕΛΛΑΔΟΣ Ε.Π.Ε (095659768),1173.35,,
6Ρ9Α4690ΒΧ-16Χ,2023-06-13,ΕΝΤΑΛΜΑ ΠΛΗΡΩΜΗΣ ΠΑΝ/ΜΙΟ ΑΘΗΝΩΝ-ΠΑΘ/ΓΙΚΟ ΑΝΑΤΟΜ (090145420),090145420,ΠΑΝ/ΜΙΟ ΑΘΗΝΩΝ-ΠΑΘ/ΓΙΚΟ ΑΝΑΤΟΜ (090145420),475.39,,
69Β74690ΒΧ-01Δ,2023-06-14,ΕΝΤΑΛΜΑ ΠΛΗΡΩΜΗΣ ΛΑΥΡΑΝΟΣ ΟΜΗΡΟΣ (102561232),102561232,ΛΑΥΡΑΝΟΣ ΟΜΗΡΟΣ (102561232),390.0,,
Ψ7ΖΜ4690ΒΧ-3ΝΩ,2023-06-14,ΕΝΤΑΛΜΑ ΠΛΗΡΩΜΗΣ ΛΑΥΡΑΝΟΣ ΟΜΗΡΟΣ (102561232),102561232,ΛΑΥΡΑΝΟΣ ΟΜΗΡΟΣ (102561232),173.98,,
6ΖΕΙ4690ΒΧ-Π2Ι,2023-06-14,ΕΝΤΑΛΜΑ ΠΛΗΡΩΜΗΣ ΛΑΖΑΡΗ ΔΗΜ.-ΚΑΡΥΔΗ ΣΠΥΡ.ΟΕ (082954559),082954559,ΛΑΖΑΡΗ ΔΗΜ.-ΚΑΡΥΔΗ ΣΠΥΡ.ΟΕ (082954559),85.0,,
ΨΕ684690ΒΧ-3ΦΔ,2023-06-14,ΕΝΤΑΛΜΑ ΠΛΗΡΩΜΗΣ ΘΕΟΧΑΡΗΣ ΚΩΝΣΤΑΝΤΙΝΟΣ (074168641),074168641,ΘΕΟΧΑΡΗΣ ΚΩΝΣΤΑΝΤΙΝΟΣ (074168641),343.64,,
61ΘΨ4690ΒΧ-ΗΟΕ,2023-06-14,ΕΝΤΑΛΜΑ ΠΛΗΡΩΜΗΣ ΚΑΤΩΠΟΔΗΣ Μ.-ΚΑΒΒΑΔΑ Ε.Ε.Π.Ε. (997917019),997917019,ΚΑΤΩΠΟΔΗΣ Μ.-ΚΑΒΒΑΔΑ Ε.Ε.Π.Ε. (997917019),218.98,,
ΡΒ8Β4690ΒΧ-Γ20,2023-06-13,ΕΝΤΑΛΜΑ ΠΛΗΡΩΜΗΣ ΕΣΕΑΠ (998886571),998886571,ΕΣΕΑΠ (998886571),415.4,,
ΡΨΖ84690ΒΧ-ΗΨΒ,2023-06-14,ΕΝΤΑΛΜΑ ΠΛΗΡΩΜΗΣ ΕΞΟΠΛΙΣΤΙΚΗ ΛΕΥΚΑΔΑΣ (801720654),801720654,ΕΞΟΠΛΙΣΤΙΚΗ ΛΕΥΚΑΔΑΣ (801720654),1159.4,,
93ΛΩ4690ΒΧ-8ΤΥ,2023-06-13,ΕΝΤΑΛΜΑ ΠΛΗΡΩΜΗΣ ΔΗΜΗΤΡΙΟΣ Ν.ΜΑΣΟΥΡΑΣ (110756232),110756232,ΔΗΜΗΤΡΙΟΣ Ν.ΜΑΣΟΥΡΑΣ (110756232),620.0,,
9ΩΟΕ4690ΒΧ-Ω6Ο,2023-06-14,ΕΝΤΑΛΜΑ ΠΛΗΡΩΜΗΣ ΒΕΡΥΚΙΟΣ ΑΝΑΣΤΑΣΙΟΣ    ΣΙΑ ΟΕ (997915376),997915376,ΒΕΡΥΚΙΟΣ ΑΝΑΣΤΑΣΙΟΣ    ΣΙΑ ΟΕ (997915376),29.76,,
Ψ7ΠΟ4690ΒΧ-ΒΜΠ,2023-06-14,ΕΝΤΑΛΜΑ ΠΛΗΡΩΜΗΣ ΒΕΝΤΟΥΡΗΣ ΙΩΑΝΝΗΣ (059723640),059723640,ΒΕΝΤΟΥΡΗΣ ΙΩΑΝΝΗΣ (059723640),310.0,,
ΨΤΓΑ4690ΒΧ-ΞΧΘ,2023-06-14,ΕΝΤΑΛΜΑ ΠΛΗΡΩΜΗΣ ΒΕΝΤΟΥΡΗΣ ΙΩΑΝΝΗΣ (059723640),059723640,ΒΕΝΤΟΥΡΗΣ ΙΩΑΝΝΗΣ (059723640),73.98,,
9Π5Χ4690ΒΧ-ΥΙΜ,2023-06-14,ΕΝΤΑΛΜΑ ΠΛΗΡΩΜΗΣ ΒΑΚΕΝΤΗΣ ΕΜΜ. Ο.Ε. (800151001),800151001,ΒΑΚΕΝΤΗΣ ΕΜΜ. Ο.Ε. (800151001),285.2,,
9Χ7Γ4690ΒΧ-ΠΟΖ,2023-06-14,ΕΝΤΑΛΜΑ ΠΛΗΡΩΜΗΣ ΒΑΚΕΝΤΗΣ ΕΜΜ. Ο.Ε. (800151001),800151001,ΒΑΚΕΝΤΗΣ ΕΜΜ. Ο.Ε. (800151001),5047.02,,
ΨΣΜ64690ΒΧ-ΦΒΔ,2023-06-14,ΕΝΤΑΛΜΑ ΠΛΗΡΩΜΗΣ ΑΡΑΒΑΝΗΣ ΒΑΣΙΛΕΙΟΣ-ΑΡΑΒΑΝΗΣ ΔΗΜΗΤΡΙΟΣ Ο.Ε. (801011954),801011954,ΑΡΑΒΑΝΗΣ ΒΑΣΙΛΕΙΟΣ-ΑΡΑΒΑΝΗΣ ΔΗΜΗΤΡΙΟΣ Ο.Ε. (801011954),53.51,,
ΨΟΦΩ4690ΒΧ-ΕΡ4,2023-06-14,ΕΝΤΑΛΜΑ ΠΛΗΡΩΜΗΣ ΑΠΟΣΤΟΛΙΔΟΥ ΓΕΩΡΓ. ΑΝΑΣΤΑΣΙΑ (047777373),047777373,ΑΠΟΣΤΟΛΙΔΟΥ ΓΕΩΡΓ. ΑΝΑΣΤΑΣΙΑ (047777373),1250.0,,
94ΑΠ4690ΒΧ-ΑΤ3,2023-06-14,ΕΝΤΑΛΜΑ ΠΛΗΡΩΜΗΣ Α.ΜΗΤΣΟΥΡΑ - Ε.ΣΤΑΥΡΑΚΑΣ   ΣΙΑ Ο.Ε (092052246),092052246,Α.ΜΗΤΣΟΥΡΑ - Ε.ΣΤΑΥΡΑΚΑΣ   ΣΙΑ Ο.Ε (092052246),239.96,,
95ΨΑ4690ΒΧ-ΒΕ8,2023-06-14,ΕΝΤΑΛΜΑ ΠΛΗΡΩΜΗΣ Α.ΜΗΤΣΟΥΡΑ - Ε.ΣΤΑΥΡΑΚΑΣ   ΣΙΑ Ο.Ε (092052246),092052246,Α.ΜΗΤΣΟΥΡΑ - Ε.ΣΤΑΥΡΑΚΑΣ   ΣΙΑ Ο.Ε (092052246),64.1,,
6Ω4Φ4690ΒΧ-6ΥΜ,2023-06-14,ΕΝΤΑΛΜΑ ΠΛΗΡΩΜΗΣ Rain bow waters (099328240),099328240,Rain bow waters (099328240),86.72,,
ΡΚΞΑ4690ΒΧ-ΘΑΧ,2023-05-31,ΕΝΤΑΛΜΑ ΠΛΗΡΩΜΗΣ ΝΟΡΜΑ ΕΛΛΑΣ ΑΕ (094030004),094030004,ΝΟΡΜΑ ΕΛΛΑΣ ΑΕ (094030004),2835.71,,
65ΝΞ4690ΒΧ-ΙΥΦ,2023-05-16,ΕΝΤΑΛΜΑ ΠΛΗΡΩΜΗΣ ΓΕΝΕΣΙΣ ΦΑΡΜΑ Α.Ε. (094495317),094495317,ΓΕΝΕΣΙΣ ΦΑΡΜΑ Α.Ε. (094495317),3906.15,,
ΨΓΜΦ4690ΒΧ-ΩΚ3,2023-05-16,ΕΝΤΑΛΜΑ ΠΛΗΡΩΜΗΣ ΓΕΝΕΣΙΣ ΦΑΡΜΑ Α.Ε. (094495317),094495317,ΓΕΝΕΣΙΣ ΦΑΡΜΑ Α.Ε. (094495317),4687.38,,
99ΘΧ4690ΒΧ-ΠΦΞ,2023-05-18,ΕΝΤΑΛΜΑ ΠΛΗΡΩΜΗΣ ΒΟΚΑΤΕ ΦΑΡΜΑΚΕΥΤΙΚΗ ΑΝΩΝ ΕΤΑΙΡ (095114191),095114191,ΒΟΚΑΤΕ ΦΑΡΜΑΚΕΥΤΙΚΗ ΑΝΩΝ ΕΤΑΙΡ (095114191),44.42,,
ΨΞΙΘ4690ΒΧ-5ΒΑ,2023-05-17,ΕΝΤΑΛΜΑ ΠΛΗΡΩΜΗΣ ΒΙΟΣΕΡ ΑΕ (094035927),094035927,ΒΙΟΣΕΡ ΑΕ (094035927),4816.61,,
6ΚΑΩ4690ΒΧ-2ΟΘ,2023-05-17,ΕΝΤΑΛΜΑ ΠΛΗΡΩΜΗΣ ΒΙΟΣΕΡ ΑΕ (094035927),094035927,ΒΙΟΣΕΡ ΑΕ (094035927),4712.97,,
6ΓΗΠ4690ΒΧ-Χ3Κ,2023-05-16,ΕΝΤΑΛΜΑ ΠΛΗΡΩΜΗΣ ΑΝΦΑΡΜ - ΕΛΛΑΣ ΑΕ (094036383),094036383,ΑΝΦΑΡΜ - ΕΛΛΑΣ ΑΕ (094036383),2682.57,,
650Ο4690ΒΧ-ΓΑΑ,2023-05-16,ΕΝΤΑΛΜΑ ΠΛΗΡΩΜΗΣ ΑΝΦΑΡΜ - ΕΛΛΑΣ ΑΕ (094036383),094036383,ΑΝΦΑΡΜ - ΕΛΛΑΣ ΑΕ (094036383),1846.84,,
6ΤΧ34690ΒΧ-23Κ,2023-05-31,ΕΝΤΑΛΜΑ ΠΛΗΡΩΜΗΣ SANOFI AVENTIS A.E.B.E. (094076485),094076485,SANOFI AVENTIS A.E.B.E. (094076485),854.0,,
Ρ98Ρ4690ΒΧ-Ω9Α,2023-05-16,ΕΝΤΑΛΜΑ ΠΛΗΡΩΜΗΣ ROCHE (HELLAS) A.E. (094159555),094159555,ROCHE (HELLAS) A.E. (094159555),4674.49,,
9ΦΦΗ4690ΒΧ-1Φ8,2023-05-16,ΕΝΤΑΛΜΑ ΠΛΗΡΩΜΗΣ ROCHE (HELLAS) A.E. (094159555),094159555,ROCHE (HELLAS) A.E. (094159555),157.98,,
9ΔΔΒ4690ΒΧ-92Η,2023-05-16,ΕΝΤΑΛΜΑ ΠΛΗΡΩΜΗΣ ROCHE (HELLAS) A.E. (094159555),094159555,ROCHE (HELLAS) A.E. (094159555),2804.7,,
6ΗΣΟ4690ΒΧ-ΛΨΒ,2023-05-16,ΕΝΤΑΛΜΑ ΠΛΗΡΩΜΗΣ ROCHE (HELLAS) A.E. (094159555),094159555,ROCHE (HELLAS) A.E. (094159555),2804.7,,
ΡΕΘΥ4690ΒΧ-6ΕΡ,2023-05-17,ΕΝΤΑΛΜΑ ΠΛΗΡΩΜΗΣ MERCK SHARP   DOHME ΑΦΒΕΕ (094043896),094043896,MERCK SHARP   DOHME ΑΦΒΕΕ (094043896),4471.25,,
62ΘΓ4690ΒΧ-ΦΒΓ,2023-05-18,ΕΝΤΑΛΜΑ ΠΛΗΡΩΜΗΣ DEMO A.Β.Ε.E. (094041553),094041553,DEMO A.Β.Ε.E. (094041553),2901.91,,
ΩΜ1Δ4690ΒΧ-ΧΧ1,2023-05-18,ΕΝΤΑΛΜΑ ΠΛΗΡΩΜΗΣ DEMO A.Β.Ε.E. (094041553),094041553,DEMO A.Β.Ε.E. (094041553),3883.06,,
6ΗΨΦ4690ΒΧ-9ΓΗ,2023-05-18,ΕΝΤΑΛΜΑ ΠΛΗΡΩΜΗΣ DEMO A.Β.Ε.E. (094041553),094041553,DEMO A.Β.Ε.E. (094041553),2775.08,,
9ΧΣΚ4690ΒΧ-ΣΤΜ,2023-05-18,ΕΝΤΑΛΜΑ ΠΛΗΡΩΜΗΣ DEMO A.Β.Ε.E. (094041553),094041553,DEMO A.Β.Ε.E. (094041553),3760.23,,
90ΒΞ4690ΒΧ-Υ3Μ,2023-05-18,ΕΝΤΑΛΜΑ ΠΛΗΡΩΜΗΣ BAYER ΕΛΛΑΣ ΑΒΕΕ (094056437),094056437,BAYER ΕΛΛΑΣ ΑΒΕΕ (094056437),8556.0,,
9ΞΛΗ4690ΒΧ-Τ1Μ,2023-05-16,ΕΝΤΑΛΜΑ ΠΛΗΡΩΜΗΣ B.G.P (800606012),800606012,B.G.P (800606012),4724.18,,
9ΨΘΠ4690ΒΧ-ΗΣ0,2023-05-16,ΕΝΤΑΛΜΑ ΠΛΗΡΩΜΗΣ B.G.P (800606012),800606012,B.G.P (800606012),2850.21,,
ΨΡΘΗ4690ΒΧ-ΚΡΦ,2023-06-07,ΕΝΤΑΛΜΑ ΠΛΗΡΩΜΗΣ TELEFLEX MEDICAL ΕΛΛΑΣ ΑΕΕ (094429990),094429990,TELEFLEX MEDICAL ΕΛΛΑΣ ΑΕΕ (094429990),1315.64,,
6ΚΡΧ4690ΒΧ-Ν2Π,2023-06-07,ΕΝΤΑΛΜΑ ΠΛΗΡΩΜΗΣ TELEFLEX MEDICAL ΕΛΛΑΣ ΑΕΕ (094429990),094429990,TELEFLEX MEDICAL ΕΛΛΑΣ ΑΕΕ (094429990),714.33,,
Ω8Ι14690ΒΧ-Ψ6Υ,2023-06-07,ΕΝΤΑΛΜΑ ΠΛΗΡΩΜΗΣ TELEFLEX MEDICAL ΕΛΛΑΣ ΑΕΕ (094429990),094429990,TELEFLEX MEDICAL ΕΛΛΑΣ ΑΕΕ (094429990),533.93,,
ΨΒΑ14690ΒΧ-Ε7Β,2023-06-07,ΕΝΤΑΛΜΑ ΠΛΗΡΩΜΗΣ TELEFLEX MEDICAL ΕΛΛΑΣ ΑΕΕ (094429990),094429990,TELEFLEX MEDICAL ΕΛΛΑΣ ΑΕΕ (094429990),1925.49,,
Ω88Τ4690ΒΧ-Θ4Δ,2023-06-07,ΕΝΤΑΛΜΑ ΠΛΗΡΩΜΗΣ TELEFLEX MEDICAL ΕΛΛΑΣ ΑΕΕ (094429990),094429990,TELEFLEX MEDICAL ΕΛΛΑΣ ΑΕΕ (094429990),351.43,,
ΨΛΕ14690ΒΧ-ΘΗΛ,2023-06-07,ΕΝΤΑΛΜΑ ΠΛΗΡΩΜΗΣ Johnson   Johnson Hellas AΕΒΕ (094053472),094053472,Johnson   Johnson Hellas AΕΒΕ (094053472),2644.2,,
68ΟΛ4690ΒΧ-7Ε9,2023-06-07,ΕΝΤΑΛΜΑ ΠΛΗΡΩΜΗΣ Johnson   Johnson Hellas AΕΒΕ (094053472),094053472,Johnson   Johnson Hellas AΕΒΕ (094053472),3478.66,,
6ΟΠΤ4690ΒΧ-3Γ2,2023-06-07,ΕΝΤΑΛΜΑ ΠΛΗΡΩΜΗΣ Johnson   Johnson Hellas AΕΒΕ (094053472),094053472,Johnson   Johnson Hellas AΕΒΕ (094053472),3347.3,,
621Ο4690ΒΧ-ΣΔ4,2023-06-07,ΕΝΤΑΛΜΑ ΠΛΗΡΩΜΗΣ EUROSUP ΜΟΝ. ΙΚΕ (800715333),800715333,EUROSUP ΜΟΝ. ΙΚΕ (800715333),2318.31,,
ΨΤ0Η4690ΒΧ-4ΗΕ,2023-06-07,ΕΝΤΑΛΜΑ ΠΛΗΡΩΜΗΣ ΓΚΑΤΕΞ Α.Ε MEDICAL SUPLIES (093573836),093573836,ΓΚΑΤΕΞ Α.Ε MEDICAL SUPLIES (093573836),1946.17,,
6ΦΣ74690ΒΧ-ΦΝΠ,2023-06-07,ΕΝΤΑΛΜΑ ΠΛΗΡΩΜΗΣ ΕΥΡΟΜΑΡΤ Α.Ε. (094284004),094284004,ΕΥΡΟΜΑΡΤ Α.Ε. (094284004),1735.63,,
92ΒΥ4690ΒΧ-ΛΨΑ,2023-06-07,ΕΝΤΑΛΜΑ ΠΛΗΡΩΜΗΣ ΕΥΡΟΜΑΡΤ Α.Ε. (094284004),094284004,ΕΥΡΟΜΑΡΤ Α.Ε. (094284004),139.94,,
ΨΟΨΒ4690ΒΧ-ΔΤΩ,2023-06-07,ΕΝΤΑΛΜΑ ΠΛΗΡΩΜΗΣ ΕΥΡΟΜΑΡΤ Α.Ε. (094284004),094284004,ΕΥΡΟΜΑΡΤ Α.Ε. (094284004),3562.2,,
63894690ΒΧ-5ΒΞ,2023-06-07,ΕΝΤΑΛΜΑ ΠΛΗΡΩΜΗΣ LERIVA Α.Ε. (997985840),997985840,LERIVA Α.Ε. (997985840),4617.76,,
9Π6Δ4690ΒΧ-ΝΜΖ,2023-06-07,ΕΝΤΑΛΜΑ ΠΛΗΡΩΜΗΣ DOCTUM ΦΑΡΜΑΚΕΥΤΙΚΗ ΑΕ (094070315),094070315,DOCTUM ΦΑΡΜΑΚΕΥΤΙΚΗ ΑΕ (094070315),8423.71,,
9Χ5Ζ4690ΒΧ-Φ3Κ,2023-06-07,ΕΝΤΑΛΜΑ ΠΛΗΡΩΜΗΣ Y-LOGIMED ΑΝΩΝΥΜΗ ΕΤΑΙΡΙΑ (094446034),094446034,Y-LOGIMED ΑΝΩΝΥΜΗ ΕΤΑΙΡΙΑ (094446034),148.82,,
6ΔΣΜ4690ΒΧ-ΖΣΠ,2023-06-07,ΕΝΤΑΛΜΑ ΠΛΗΡΩΜΗΣ Y-LOGIMED ΑΝΩΝΥΜΗ ΕΤΑΙΡΙΑ (094446034),094446034,Y-LOGIMED ΑΝΩΝΥΜΗ ΕΤΑΙΡΙΑ (094446034),264.0,,
ΨΖ1Β4690ΒΧ-ΥΒΚ,2023-06-07,ΕΝΤΑΛΜΑ ΠΛΗΡΩΜΗΣ Y-LOGIMED ΑΝΩΝΥΜΗ ΕΤΑΙΡΙΑ (094446034),094446034,Y-LOGIMED ΑΝΩΝΥΜΗ ΕΤΑΙΡΙΑ (094446034),678.0,,
Ψ84Ω4690ΒΧ-16Η,2023-05-29,ΕΝΤΑΛΜΑ ΠΛΗΡΩΜΗΣ ΝΙΚΑΙΑ ΤΡΟΦΟΔΟΣΙΕΣ ΜΟΝΟΠΡΟΣΩΠΗ ΙΚΕ (801393800),801393800,ΝΙΚΑΙΑ ΤΡΟΦΟΔΟΣΙΕΣ ΜΟΝΟΠΡΟΣΩΠΗ ΙΚΕ (801393800),2794.41,,
9ΓΕΕ4690ΒΧ-ΙΓ6,2023-05-22,ΕΝΤΑΛΜΑ ΠΛΗΡΩΜΗΣ ΝΙΚΑΙΑ ΤΡΟΦΟΔΟΣΙΕΣ ΜΟΝΟΠΡΟΣΩΠΗ ΙΚΕ (801393800),801393800,ΝΙΚΑΙΑ ΤΡΟΦΟΔΟΣΙΕΣ ΜΟΝΟΠΡΟΣΩΠΗ ΙΚΕ (801393800),3850.78,,
Ψ2ΑΒ4690ΒΧ-Χ72,2023-05-29,ΕΝΤΑΛΜΑ ΠΛΗΡΩΜΗΣ ΒΕΡΟΝΙΚΑ ΜΟΥΚΑ τ. ΚΩΝ/ΝΟΥ (136677323),136677323,ΒΕΡΟΝΙΚΑ ΜΟΥΚΑ τ. ΚΩΝ/ΝΟΥ (136677323),792.42,,
ΨΑ7Σ4690ΒΧ-ΑΕΤ,2023-05-29,ΕΝΤΑΛΜΑ ΠΛΗΡΩΜΗΣ ΒΕΡΟΝΙΚΑ ΜΟΥΚΑ τ. ΚΩΝ/ΝΟΥ (136677323),136677323,ΒΕΡΟΝΙΚΑ ΜΟΥΚΑ τ. ΚΩΝ/ΝΟΥ (136677323),1244.21,,
6ΧΕΕ4690ΒΧ-Ν0Ψ,2023-05-29,ΕΝΤΑΛΜΑ ΠΛΗΡΩΜΗΣ OTIS ΕΛΛΑΣ ΜΟΝΟΠΡΟΣΩΠΗ ΑΝΩΝ.ΒΙΟΜ.   ΕΜΠ.ΤΕΧΝ.ΕΤΑΙΡΕΙΑ (094208578),094208578,OTIS ΕΛΛΑΣ ΜΟΝΟΠΡΟΣΩΠΗ ΑΝΩΝ.ΒΙΟΜ.   ΕΜΠ.ΤΕΧΝ.ΕΤΑΙΡΕΙΑ (094208578),3284.76,,
ΨΡΨΦ4690ΒΧ-77Η,2023-05-29,ΕΝΤΑΛΜΑ ΠΛΗΡΩΜΗΣ OTIS ΕΛΛΑΣ ΜΟΝΟΠΡΟΣΩΠΗ ΑΝΩΝ.ΒΙΟΜ.   ΕΜΠ.ΤΕΧΝ.ΕΤΑΙΡΕΙΑ (094208578),094208578,OTIS ΕΛΛΑΣ ΜΟΝΟΠΡΟΣΩΠΗ ΑΝΩΝ.ΒΙΟΜ.   ΕΜΠ.ΤΕΧΝ.ΕΤΑΙΡΕΙΑ (094208578),2165.9,,
9ΝΓΖ4690ΒΧ-ΔΣ5,2023-05-29,ΕΝΤΑΛΜΑ ΠΛΗΡΩΜΗΣ KARL STORZ-ΕΝΔΟΣΚΟΠΙΑ ΕΛΛΑΔΟΣ Ε.Π.Ε (998361490),998361490,KARL STORZ-ΕΝΔΟΣΚΟΠΙΑ ΕΛΛΑΔΟΣ Ε.Π.Ε (998361490),2907.8,,
ΨΒ1Φ4690ΒΧ-ΠΛΓ,2023-05-26,ΕΝΤΑΛΜΑ ΠΛΗΡΩΜΗΣ IASIS Pharmaceut.HELLAS ABEE (094141552),094141552,IASIS Pharmaceut.HELLAS ABEE (094141552),376.62,,
948Γ4690ΒΧ-5Σ3,2023-05-26,ΕΝΤΑΛΜΑ ΠΛΗΡΩΜΗΣ GENERICS PHARMA HELLAS ΕΠΕ (099976206),099976206,GENERICS PHARMA HELLAS ΕΠΕ (099976206),34.57,,
63ΥΓ4690ΒΧ-Δ2Θ,2023-05-26,ΕΝΤΑΛΜΑ ΠΛΗΡΩΜΗΣ B.G.P (800606012),800606012,B.G.P (800606012),29.25,,
6ΤΤ84690ΒΧ-Η3Ψ,2023-06-08,ΕΝΤΑΛΜΑ ΠΛΗΡΩΜΗΣ ΕΛΛΗΝΙΚΑ ΚΑΥΣΙΜΑ ΟΡΥΚΤΕΛΑΙΑ ΜΟΝΟΠΡ.ΑΝΩΝ.ΒΙΟΜΗΧ.  ΕΜΠΟΡ.ΕΤΑΙΡΕΙΑ (094010146),094010146,ΕΛΛΗΝΙΚΑ ΚΑΥΣΙΜΑ ΟΡΥΚΤΕΛΑΙΑ ΜΟΝΟΠΡ.ΑΝΩΝ.ΒΙΟΜΗΧ.  ΕΜΠΟΡ.ΕΤΑΙΡΕΙΑ (094010146),62699.16,,
9ΞΛ24690ΒΧ-0ΓΘ,2023-06-08,ΕΝΤΑΛΜΑ ΠΛΗΡΩΜΗΣ ΕΛΛΗΝΙΚΑ ΚΑΥΣΙΜΑ ΟΡΥΚΤΕΛΑΙΑ ΜΟΝΟΠΡ.ΑΝΩΝ.ΒΙΟΜΗΧ.  ΕΜΠΟΡ.ΕΤΑΙΡΕΙΑ (094010146),094010146,ΕΛΛΗΝΙΚΑ ΚΑΥΣΙΜΑ ΟΡΥΚΤΕΛΑΙΑ ΜΟΝΟΠΡ.ΑΝΩΝ.ΒΙΟΜΗΧ.  ΕΜΠΟΡ.ΕΤΑΙΡΕΙΑ (094010146),39145.55,,
6Γ614690ΒΧ-0ΘΝ,2023-05-31,ΕΝΤΑΛΜΑ ΠΛΗΡΩΜΗΣ ΦΑΡΜΕΞ ΑΕ (094106680),094106680,ΦΑΡΜΕΞ ΑΕ (094106680),3500.49,,
ΨΛΘ24690ΒΧ-Υ75,2023-05-31,ΕΝΤΑΛΜΑ ΠΛΗΡΩΜΗΣ ΦΑΡΜΕΞ ΑΕ (094106680),094106680,ΦΑΡΜΕΞ ΑΕ (094106680),4780.11,,
6Ε5Γ4690ΒΧ-ΞΓΦ,2023-05-18,ΕΝΤΑΛΜΑ ΠΛΗΡΩΜΗΣ ΠΦΑΙΖΕΡ ΕΛΛΑΣ ΑΕ600/01/B86/601 (094012336),094012336,ΠΦΑΙΖΕΡ ΕΛΛΑΣ ΑΕ600/01/B86/601 (094012336),3340.39,,
Ψ29Ψ4690ΒΧ-Ε6Δ,2023-05-18,ΕΝΤΑΛΜΑ ΠΛΗΡΩΜΗΣ ΠΦΑΙΖΕΡ ΕΛΛΑΣ ΑΕ600/01/B86/601 (094012336),094012336,ΠΦΑΙΖΕΡ ΕΛΛΑΣ ΑΕ600/01/B86/601 (094012336),112.13,,
6ΤΨΠ4690ΒΧ-ΦΥΔ,2023-05-31,ΕΝΤΑΛΜΑ ΠΛΗΡΩΜΗΣ ΝΟΡΜΑ ΕΛΛΑΣ ΑΕ (094030004),094030004,ΝΟΡΜΑ ΕΛΛΑΣ ΑΕ (094030004),4742.47,,
6ΞΛΩ4690ΒΧ-504,2023-05-31,ΕΝΤΑΛΜΑ ΠΛΗΡΩΜΗΣ ΝΟΡΜΑ ΕΛΛΑΣ ΑΕ (094030004),094030004,ΝΟΡΜΑ ΕΛΛΑΣ ΑΕ (094030004),618.04,,
Ρ4ΠΞ4690ΒΧ-ΒΚΧ,2023-05-30,ΕΝΤΑΛΜΑ ΠΛΗΡΩΜΗΣ ΜΠΑΞΤΕΡ ΕΛΛΑΣ ΕΠΕ (095530045),095530045,ΜΠΑΞΤΕΡ ΕΛΛΑΣ ΕΠΕ (095530045),3466.91,,
Ψ0ΧΒ4690ΒΧ-6ΚΒ,2023-05-16,ΕΝΤΑΛΜΑ ΠΛΗΡΩΜΗΣ ΓΕΝΕΣΙΣ ΦΑΡΜΑ Α.Ε. (094495317),094495317,ΓΕΝΕΣΙΣ ΦΑΡΜΑ Α.Ε. (094495317),3906.15,,
9ΑΘΗ4690ΒΧ-ΗΝΝ,2023-05-16,ΕΝΤΑΛΜΑ ΠΛΗΡΩΜΗΣ ΓΕΝΕΣΙΣ ΦΑΡΜΑ Α.Ε. (094495317),094495317,ΓΕΝΕΣΙΣ ΦΑΡΜΑ Α.Ε. (094495317),3906.15,,
67ΔΝ4690ΒΧ-ΥΕΩ,2023-05-18,ΕΝΤΑΛΜΑ ΠΛΗΡΩΜΗΣ ΒΟΚΑΤΕ ΦΑΡΜΑΚΕΥΤΙΚΗ ΑΝΩΝ ΕΤΑΙΡ (095114191),095114191,ΒΟΚΑΤΕ ΦΑΡΜΑΚΕΥΤΙΚΗ ΑΝΩΝ ΕΤΑΙΡ (095114191),805.6,,
ΨΘΔΩ4690ΒΧ-Γ7Ζ,2023-05-18,ΕΝΤΑΛΜΑ ΠΛΗΡΩΜΗΣ ΒΟΚΑΤΕ ΦΑΡΜΑΚΕΥΤΙΚΗ ΑΝΩΝ ΕΤΑΙΡ (095114191),095114191,ΒΟΚΑΤΕ ΦΑΡΜΑΚΕΥΤΙΚΗ ΑΝΩΝ ΕΤΑΙΡ (095114191),4724.71,,
Ψ2Π84690ΒΧ-4ΟΧ,2023-05-17,ΕΝΤΑΛΜΑ ΠΛΗΡΩΜΗΣ ΒΙΟΣΕΡ ΑΕ (094035927),094035927,ΒΙΟΣΕΡ ΑΕ (094035927),4585.32,,
68Υ64690ΒΧ-ΚΡΣ,2023-05-17,ΕΝΤΑΛΜΑ ΠΛΗΡΩΜΗΣ ΒΙΟΣΕΡ ΑΕ (094035927),094035927,ΒΙΟΣΕΡ ΑΕ (094035927),4768.96,,
6ΥΡΕ4690ΒΧ-ΟΡΣ,2023-05-18,ΕΝΤΑΛΜΑ ΠΛΗΡΩΜΗΣ ΒΙΑΝΕΞ ΑΕ (094031965),094031965,ΒΙΑΝΕΞ ΑΕ (094031965),2802.1,,
9ΨΘ54690ΒΧ-ΞΓΠ,2023-05-16,ΕΝΤΑΛΜΑ ΠΛΗΡΩΜΗΣ ΑΝΦΑΡΜ - ΕΛΛΑΣ ΑΕ (094036383),094036383,ΑΝΦΑΡΜ - ΕΛΛΑΣ ΑΕ (094036383),3471.61,,
60734690ΒΧ-1ΟΛ,2023-05-16,ΕΝΤΑΛΜΑ ΠΛΗΡΩΜΗΣ ΑΝΦΑΡΜ - ΕΛΛΑΣ ΑΕ (094036383),094036383,ΑΝΦΑΡΜ - ΕΛΛΑΣ ΑΕ (094036383),4711.33,,
6Υ2Λ4690ΒΧ-ΔΘ4,2023-05-30,ΕΝΤΑΛΜΑ ΠΛΗΡΩΜΗΣ UNI-PHARMA ΚΛΕΩΝ ΤΣΕΤΗΣ ΑΒΕΕ (094320634),094320634,UNI-PHARMA ΚΛΕΩΝ ΤΣΕΤΗΣ ΑΒΕΕ (094320634),4408.75,,
9ΦΖ84690ΒΧ-ΗΟΗ,2023-05-31,ΕΝΤΑΛΜΑ ΠΛΗΡΩΜΗΣ SANOFI AVENTIS A.E.B.E. (094076485),094076485,SANOFI AVENTIS A.E.B.E. (094076485),2984.59,,
675Ε4690ΒΧ-Η73,2023-05-16,ΕΝΤΑΛΜΑ ΠΛΗΡΩΜΗΣ ROCHE (HELLAS) A.E. (094159555),094159555,ROCHE (HELLAS) A.E. (094159555),2804.7,,
9Η0Ψ4690ΒΧ-7ΕΡ,2023-05-16,ΕΝΤΑΛΜΑ ΠΛΗΡΩΜΗΣ ROCHE (HELLAS) A.E. (094159555),094159555,ROCHE (HELLAS) A.E. (094159555),2804.7,,
ΨΡ7Ε4690ΒΧ-8ΨΟ,2023-05-17,ΕΝΤΑΛΜΑ ΠΛΗΡΩΜΗΣ NOVARTIS (HELLAS) AEBE (094021290),094021290,NOVARTIS (HELLAS) AEBE (094021290),4288.97,,
Ψ2Ε34690ΒΧ-ΙΣ9,2023-05-17,ΕΝΤΑΛΜΑ ΠΛΗΡΩΜΗΣ MERCK SHARP   DOHME ΑΦΒΕΕ (094043896),094043896,MERCK SHARP   DOHME ΑΦΒΕΕ (094043896),3832.5,,
ΩΧΗΕ4690ΒΧ-0Η1,2023-05-17,ΕΝΤΑΛΜΑ ΠΛΗΡΩΜΗΣ MERCK SHARP   DOHME ΑΦΒΕΕ (094043896),094043896,MERCK SHARP   DOHME ΑΦΒΕΕ (094043896),3832.5,,
91Φ54690ΒΧ-ΥΣ7,2023-05-18,ΕΝΤΑΛΜΑ ΠΛΗΡΩΜΗΣ DEMO A.Β.Ε.E. (094041553),094041553,DEMO A.Β.Ε.E. (094041553),3082.38,,
ΨΓΑΜ4690ΒΧ-ΟΟΨ,2023-05-18,ΕΝΤΑΛΜΑ ΠΛΗΡΩΜΗΣ DEMO A.Β.Ε.E. (094041553),094041553,DEMO A.Β.Ε.E. (094041553),3891.48,,
6ΟΟΙ4690ΒΧ-Ο3Η,2023-05-18,ΕΝΤΑΛΜΑ ΠΛΗΡΩΜΗΣ BAYER ΕΛΛΑΣ ΑΒΕΕ (094056437),094056437,BAYER ΕΛΛΑΣ ΑΒΕΕ (094056437),3614.58,,
ΨΡΒΖ4690ΒΧ-Λ5Η,2023-05-18,ΕΝΤΑΛΜΑ ΠΛΗΡΩΜΗΣ BAYER ΕΛΛΑΣ ΑΒΕΕ (094056437),094056437,BAYER ΕΛΛΑΣ ΑΒΕΕ (094056437),4224.76,,
6ΥΜΙ4690ΒΧ-Υ1Χ,2023-05-16,ΕΝΤΑΛΜΑ ΠΛΗΡΩΜΗΣ B.G.P (800606012),800606012,B.G.P (800606012),3586.23,,
ΨΗ1Ρ4690ΒΧ-81Ο,2023-05-16,ΕΝΤΑΛΜΑ ΠΛΗΡΩΜΗΣ B.G.P (800606012),800606012,B.G.P (800606012),2987.66,,
ΨΗΑΖ4690ΒΧ-3ΥΕ,2023-05-24,ΕΝΤΑΛΜΑ ΠΛΗΡΩΜΗΣ Γκίζης Χρήστος (047566594),047566594,Γκίζης Χρήστος (047566594),720.0,,
Ψ6Χ24690ΒΧ-ΩΘΤ,2023-05-25,ΕΝΤΑΛΜΑ ΠΛΗΡΩΜΗΣ ΦΑΡΜΑΣΥΝ Α.Ε. (094429246),094429246,ΦΑΡΜΑΣΥΝ Α.Ε. (094429246),128.81,,
ΨΒΛΩ4690ΒΧ-ΞΦΨ,2023-05-18,ΕΝΤΑΛΜΑ ΠΛΗΡΩΜΗΣ ΠΦΑΙΖΕΡ ΕΛΛΑΣ ΑΕ600/01/B86/601 (094012336),094012336,ΠΦΑΙΖΕΡ ΕΛΛΑΣ ΑΕ600/01/B86/601 (094012336),10489.66,,
9ΡΧ34690ΒΧ-ΓΨΗ,2023-05-18,ΕΝΤΑΛΜΑ ΠΛΗΡΩΜΗΣ ΠΦΑΙΖΕΡ ΕΛΛΑΣ ΑΕ600/01/B86/601 (094012336),094012336,ΠΦΑΙΖΕΡ ΕΛΛΑΣ ΑΕ600/01/B86/601 (094012336),7904.82,,
ΩΝΝΑ4690ΒΧ-1ΤΔ,2023-05-18,ΕΝΤΑΛΜΑ ΠΛΗΡΩΜΗΣ ΒΟΚΑΤΕ ΦΑΡΜΑΚΕΥΤΙΚΗ ΑΝΩΝ ΕΤΑΙΡ (095114191),095114191,ΒΟΚΑΤΕ ΦΑΡΜΑΚΕΥΤΙΚΗ ΑΝΩΝ ΕΤΑΙΡ (095114191),38972.54,,
6Ν924690ΒΧ-ΙΔΨ,2023-05-17,ΕΝΤΑΛΜΑ ΠΛΗΡΩΜΗΣ ΒΙΟΣΕΡ ΑΕ (094035927),094035927,ΒΙΟΣΕΡ ΑΕ (094035927),19063.94,,
9ΠΨΜ4690ΒΧ-9Α1,2023-05-18,ΕΝΤΑΛΜΑ ΠΛΗΡΩΜΗΣ ΒΙΑΝΕΞ ΑΕ (094031965),094031965,ΒΙΑΝΕΞ ΑΕ (094031965),11425.96,,
9ΨΜΠ4690ΒΧ-ΠΗΑ,2023-05-18,ΕΝΤΑΛΜΑ ΠΛΗΡΩΜΗΣ ΒΙΑΝΕΞ ΑΕ (094031965),094031965,ΒΙΑΝΕΞ ΑΕ (094031965),8435.82,,
Ψ8Η94690ΒΧ-1Β3,2023-05-16,ΕΝΤΑΛΜΑ ΠΛΗΡΩΜΗΣ ΑΝΦΑΡΜ - ΕΛΛΑΣ ΑΕ (094036383),094036383,ΑΝΦΑΡΜ - ΕΛΛΑΣ ΑΕ (094036383),103.88,,
ΨΓΚΦ4690ΒΧ-0Ι6,2023-05-25,ΕΝΤΑΛΜΑ ΠΛΗΡΩΜΗΣ UNILOG. A.E. (099554507),099554507,UNILOG. A.E. (099554507),116.2,,
ΨΦ9Β4690ΒΧ-ΥΛΨ,2023-05-16,ΕΝΤΑΛΜΑ ΠΛΗΡΩΜΗΣ ROCHE (HELLAS) A.E. (094159555),094159555,ROCHE (HELLAS) A.E. (094159555),2964.24,,
ΨΩΦΞ4690ΒΧ-5ΗΧ,2023-05-17,ΕΝΤΑΛΜΑ ΠΛΗΡΩΜΗΣ NOVARTIS (HELLAS) AEBE (094021290),094021290,NOVARTIS (HELLAS) AEBE (094021290),3167.43,,
ΩΜΧΜ4690ΒΧ-4ΚΕ,2023-05-17,ΕΝΤΑΛΜΑ ΠΛΗΡΩΜΗΣ NOVARTIS (HELLAS) AEBE (094021290),094021290,NOVARTIS (HELLAS) AEBE (094021290),7586.41,,
Ψ3Κ14690ΒΧ-60Ψ,2023-05-31,ΕΝΤΑΛΜΑ ΠΛΗΡΩΜΗΣ ΝΟΡΜΑ ΕΛΛΑΣ ΑΕ (094030004),094030004,ΝΟΡΜΑ ΕΛΛΑΣ ΑΕ (094030004),4704.2,,
ΨΙΓΚ4690ΒΧ-7Κ0,2023-05-31,ΕΝΤΑΛΜΑ ΠΛΗΡΩΜΗΣ ΝΟΡΜΑ ΕΛΛΑΣ ΑΕ (094030004),094030004,ΝΟΡΜΑ ΕΛΛΑΣ ΑΕ (094030004),4707.73,,
ΨΡ0Χ4690ΒΧ-ΝΧΩ,2023-05-31,ΕΝΤΑΛΜΑ ΠΛΗΡΩΜΗΣ ΦΑΡΜΕΞ ΑΕ (094106680),094106680,ΦΑΡΜΕΞ ΑΕ (094106680),4362.02,,
90ΚΖ4690ΒΧ-Η0Γ,2023-05-31,ΕΝΤΑΛΜΑ ΠΛΗΡΩΜΗΣ ΦΑΡΜΕΞ ΑΕ (094106680),094106680,ΦΑΡΜΕΞ ΑΕ (094106680),953.62,,
9ΕΦΧ4690ΒΧ-ΖΣΩ,2023-05-31,ΕΝΤΑΛΜΑ ΠΛΗΡΩΜΗΣ ΦΑΡΜΕΞ ΑΕ (094106680),094106680,ΦΑΡΜΕΞ ΑΕ (094106680),101.36,,
9Θ1Γ4690ΒΧ-6ΩΤ,2023-05-31,ΕΝΤΑΛΜΑ ΠΛΗΡΩΜΗΣ SANOFI AVENTIS A.E.B.E. (094076485),094076485,SANOFI AVENTIS A.E.B.E. (094076485),2612.11,,
9ΤΠΞ4690ΒΧ-Μ9Ζ,2023-05-30,ΕΝΤΑΛΜΑ ΠΛΗΡΩΜΗΣ UNI-PHARMA ΚΛΕΩΝ ΤΣΕΤΗΣ ΑΒΕΕ (094320634),094320634,UNI-PHARMA ΚΛΕΩΝ ΤΣΕΤΗΣ ΑΒΕΕ (094320634),1003.11,,
Ψ4Ι54690ΒΧ-ΕΔΡ,2023-05-30,ΕΝΤΑΛΜΑ ΠΛΗΡΩΜΗΣ ΜΠΑΞΤΕΡ ΕΛΛΑΣ ΕΠΕ (095530045),095530045,ΜΠΑΞΤΕΡ ΕΛΛΑΣ ΕΠΕ (095530045),3325.41,,
91134690ΒΧ-Λ14,2023-05-30,ΕΝΤΑΛΜΑ ΠΛΗΡΩΜΗΣ ΜΠΑΞΤΕΡ ΕΛΛΑΣ ΕΠΕ (095530045),095530045,ΜΠΑΞΤΕΡ ΕΛΛΑΣ ΕΠΕ (095530045),167.05,,
ΨΕΕΜ4690ΒΧ-Κ2Ο,2023-05-18,ΕΝΤΑΛΜΑ ΠΛΗΡΩΜΗΣ DEMO A.Β.Ε.E. (094041553),094041553,DEMO A.Β.Ε.E. (094041553),4921.55,,
ΨΙΝ14690ΒΧ-6Γ7,2023-05-18,ΕΝΤΑΛΜΑ ΠΛΗΡΩΜΗΣ DEMO A.Β.Ε.E. (094041553),094041553,DEMO A.Β.Ε.E. (094041553),4984.94,,
6ΔΩΣ4690ΒΧ-ΓΡΙ,2023-05-18,ΕΝΤΑΛΜΑ ΠΛΗΡΩΜΗΣ DEMO A.Β.Ε.E. (094041553),094041553,DEMO A.Β.Ε.E. (094041553),1021.03,,
68ΙΨ4690ΒΧ-ΘΣ3,2023-05-18,ΕΝΤΑΛΜΑ ΠΛΗΡΩΜΗΣ DEMO A.Β.Ε.E. (094041553),094041553,DEMO A.Β.Ε.E. (094041553),4165.25,,
6ΥΠΒ4690ΒΧ-ΜΦΙ,2023-05-18,ΕΝΤΑΛΜΑ ΠΛΗΡΩΜΗΣ TAKEDA ΕΛΛΑΣ Α.Ε (094326651),094326651,TAKEDA ΕΛΛΑΣ Α.Ε (094326651),3.22,,
66ΘΧ4690ΒΧ-3ΗΩ,2023-05-18,ΕΝΤΑΛΜΑ ΠΛΗΡΩΜΗΣ TAKEDA ΕΛΛΑΣ Α.Ε (094326651),094326651,TAKEDA ΕΛΛΑΣ Α.Ε (094326651),4680.96,,
ΨΙ324690ΒΧ-Γ3Ζ,2023-05-18,ΕΝΤΑΛΜΑ ΠΛΗΡΩΜΗΣ ΒΟΚΑΤΕ ΦΑΡΜΑΚΕΥΤΙΚΗ ΑΝΩΝ ΕΤΑΙΡ (095114191),095114191,ΒΟΚΑΤΕ ΦΑΡΜΑΚΕΥΤΙΚΗ ΑΝΩΝ ΕΤΑΙΡ (095114191),3590.91,,
69ΠΒ4690ΒΧ-ΙΓ6,2023-05-18,ΕΝΤΑΛΜΑ ΠΛΗΡΩΜΗΣ ΒΙΑΝΕΞ ΑΕ (094031965),094031965,ΒΙΑΝΕΞ ΑΕ (094031965),2829.61,,
979Ψ4690ΒΧ-Β9Δ,2023-05-18,ΕΝΤΑΛΜΑ ΠΛΗΡΩΜΗΣ ΒΙΑΝΕΞ ΑΕ (094031965),094031965,ΒΙΑΝΕΞ ΑΕ (094031965),48.95,,
ΨΥΛ74690ΒΧ-Π9Η,2023-05-18,ΕΝΤΑΛΜΑ ΠΛΗΡΩΜΗΣ ΠΦΑΙΖΕΡ ΕΛΛΑΣ ΑΕ600/01/B86/601 (094012336),094012336,ΠΦΑΙΖΕΡ ΕΛΛΑΣ ΑΕ600/01/B86/601 (094012336),4530.49,,
ΨΦΥΟ4690ΒΧ-23Ω,2023-05-18,ΕΝΤΑΛΜΑ ΠΛΗΡΩΜΗΣ BAYER ΕΛΛΑΣ ΑΒΕΕ (094056437),094056437,BAYER ΕΛΛΑΣ ΑΒΕΕ (094056437),1858.03,,
Ψ7ΞΡ4690ΒΧ-Ρ4Π,2023-05-18,ΕΝΤΑΛΜΑ ΠΛΗΡΩΜΗΣ BAYER ΕΛΛΑΣ ΑΒΕΕ (094056437),094056437,BAYER ΕΛΛΑΣ ΑΒΕΕ (094056437),107.75,,
ΨΣΚ84690ΒΧ-2Λ6,2023-05-17,ΕΝΤΑΛΜΑ ΠΛΗΡΩΜΗΣ ΒΙΟΣΕΡ ΑΕ (094035927),094035927,ΒΙΟΣΕΡ ΑΕ (094035927),4984.83,,
ΨΖ004690ΒΧ-Δ1Λ,2023-05-17,ΕΝΤΑΛΜΑ ΠΛΗΡΩΜΗΣ ΒΙΟΣΕΡ ΑΕ (094035927),094035927,ΒΙΟΣΕΡ ΑΕ (094035927),296.06,,
60ΕΑ4690ΒΧ-ΑΟΙ,2023-05-17,ΕΝΤΑΛΜΑ ΠΛΗΡΩΜΗΣ MERCK SHARP   DOHME ΑΦΒΕΕ (094043896),094043896,MERCK SHARP   DOHME ΑΦΒΕΕ (094043896),4287.54,,
6ΙΔΤ4690ΒΧ-ΑΟΨ,2023-05-17,ΕΝΤΑΛΜΑ ΠΛΗΡΩΜΗΣ NOVARTIS (HELLAS) AEBE (094021290),094021290,NOVARTIS (HELLAS) AEBE (094021290),190.67,,
ΨΠΕ64690ΒΧ-ΥΙΟ,2023-05-16,ΕΝΤΑΛΜΑ ΠΛΗΡΩΜΗΣ ROCHE (HELLAS) A.E. (094159555),094159555,ROCHE (HELLAS) A.E. (094159555),3739.6,,
ΨΗΖΣ4690ΒΧ-0ΝΧ,2023-05-16,ΕΝΤΑΛΜΑ ΠΛΗΡΩΜΗΣ B.G.P (800606012),800606012,B.G.P (800606012),1363.37,,
99ΘΞ4690ΒΧ-ΣΕΓ,2023-05-16,ΕΝΤΑΛΜΑ ΠΛΗΡΩΜΗΣ ΑΝΦΑΡΜ - ΕΛΛΑΣ ΑΕ (094036383),094036383,ΑΝΦΑΡΜ - ΕΛΛΑΣ ΑΕ (094036383),3894.1,,
ΨΗΥΑ4690ΒΧ-Ε16,2023-05-16,ΕΝΤΑΛΜΑ ΠΛΗΡΩΜΗΣ ΓΕΝΕΣΙΣ ΦΑΡΜΑ Α.Ε. (094495317),094495317,ΓΕΝΕΣΙΣ ΦΑΡΜΑ Α.Ε. (094495317),2343.69,,
Ρ4114690ΒΧ-ΓΟΩ,2023-05-17,ΕΝΤΑΛΜΑ ΠΛΗΡΩΜΗΣ MERCK SHARP   DOHME ΑΦΒΕΕ (094043896),094043896,MERCK SHARP   DOHME ΑΦΒΕΕ (094043896),12775.0,,
9ΔΡΙ4690ΒΧ-ΩΧΔ,2023-05-17,ΕΝΤΑΛΜΑ ΠΛΗΡΩΜΗΣ MERCK SHARP   DOHME ΑΦΒΕΕ (094043896),094043896,MERCK SHARP   DOHME ΑΦΒΕΕ (094043896),14052.5,,
96Ο54690ΒΧ-0ΤΞ,2023-05-18,ΕΝΤΑΛΜΑ ΠΛΗΡΩΜΗΣ DEMO A.Β.Ε.E. (094041553),094041553,DEMO A.Β.Ε.E. (094041553),12089.6,,
ΨΥ784690ΒΧ-2ΩΥ,2023-05-25,ΕΝΤΑΛΜΑ ΠΛΗΡΩΜΗΣ Bros ΕΠΕ (095044497),095044497,Bros ΕΠΕ (095044497),280.33,,
9ΓΤΜ4690ΒΧ-ΠΘΧ,2023-05-18,ΕΝΤΑΛΜΑ ΠΛΗΡΩΜΗΣ BAYER ΕΛΛΑΣ ΑΒΕΕ (094056437),094056437,BAYER ΕΛΛΑΣ ΑΒΕΕ (094056437),11981.2,,
Ψ6ΧΔ4690ΒΧ-ΕΩ9,2023-05-16,ΕΝΤΑΛΜΑ ΠΛΗΡΩΜΗΣ B.G.P (800606012),800606012,B.G.P (800606012),4977.55,,
Ψ7Ξ34690ΒΧ-ΣΛ7,2023-05-29,ΕΝΤΑΛΜΑ ΠΛΗΡΩΜΗΣ ΕΛΛΗΝ.ΕΠΙΤΡ.ΑΤΟΜΙΚΗΣ ΕΝΕΡΓΕΙΑΣ (090085792),090085792,ΕΛΛΗΝ.ΕΠΙΤΡ.ΑΤΟΜΙΚΗΣ ΕΝΕΡΓΕΙΑΣ (090085792),257.92,,
9ΠΨΧ4690ΒΧ-6Δ8,2023-05-29,ΕΝΤΑΛΜΑ ΠΛΗΡΩΜΗΣ VETERY SERVICE HELLAS ΝΑΚΑΣ ΣΠΥΡΙΔΩΝ (061755570),061755570,VETERY SERVICE HELLAS ΝΑΚΑΣ ΣΠΥΡΙΔΩΝ (061755570),148.8,,
62ΧΠ4690ΒΧ-13Χ,2023-05-29,ΕΝΤΑΛΜΑ ΠΛΗΡΩΜΗΣ SIEMENS HEALTHCARE ABEE (094456875),094456875,SIEMENS HEALTHCARE ABEE (094456875),3642.51,,
ΨΜΖΠ4690ΒΧ-ΚΔΣ,2023-05-29,ΕΝΤΑΛΜΑ ΠΛΗΡΩΜΗΣ ΒΕΡΟΝΙΚΑ ΜΟΥΚΑ τ. ΚΩΝ/ΝΟΥ (136677323),136677323,ΒΕΡΟΝΙΚΑ ΜΟΥΚΑ τ. ΚΩΝ/ΝΟΥ (136677323),1240.89,,
6ΛΕΑ4690ΒΧ-2ΝΦ,2023-05-29,ΕΝΤΑΛΜΑ ΠΛΗΡΩΜΗΣ ΒΕΡΟΝΙΚΑ ΜΟΥΚΑ τ. ΚΩΝ/ΝΟΥ (136677323),136677323,ΒΕΡΟΝΙΚΑ ΜΟΥΚΑ τ. ΚΩΝ/ΝΟΥ (136677323),1195.17,,
Ψ5ΕΩ4690ΒΧ-ΚΧ5,2023-05-05,ΕΝΤΑΛΜΑ ΠΛΗΡΩΜΗΣ ΑΝΤΙ-ΣΕΛ ΑΦΟΙ Α. ΣΕΛΙΔΗ ΑΕ (091569759),091569759,ΑΝΤΙ-ΣΕΛ ΑΦΟΙ Α. ΣΕΛΙΔΗ ΑΕ (091569759),2976.0,,
ΨΓΙ94690ΒΧ-ΧΩΗ,2023-05-05,ΕΝΤΑΛΜΑ ΠΛΗΡΩΜΗΣ SIEMENS HEALTHCARE ABEE (094456875),094456875,SIEMENS HEALTHCARE ABEE (094456875),18877.45,,
6ΤΘ44690ΒΧ-Β53,2023-05-10,ΕΝΤΑΛΜΑ ΠΛΗΡΩΜΗΣ ELFAMED AE (800378686),800378686,ELFAMED AE (800378686),1816.42,,
6ΞΗΨ4690ΒΧ-ΗΒ0,2023-05-29,ΕΝΤΑΛΜΑ ΠΛΗΡΩΜΗΣ ΜΠΑΛΑΣΚΑΣ ΓΕΩΡΓΙΟΣ (073571028),073571028,ΜΠΑΛΑΣΚΑΣ ΓΕΩΡΓΙΟΣ (073571028),599.0,,
Ψ39Θ4690ΒΧ-9ΜΩ,2023-05-22,ΕΝΤΑΛΜΑ ΠΛΗΡΩΜΗΣ ΜΠΑΛΑΣΚΑΣ ΓΕΩΡΓΙΟΣ (073571028),073571028,ΜΠΑΛΑΣΚΑΣ ΓΕΩΡΓΙΟΣ (073571028),1243.44,,
671Γ4690ΒΧ-ΞΔΕ,2023-05-29,ΕΝΤΑΛΜΑ ΠΛΗΡΩΜΗΣ ΚΟΝΤΟΓΙΑΝΝΗ ΟΥΡΑΝΙΑ (301366552),301366552,ΚΟΝΤΟΓΙΑΝΝΗ ΟΥΡΑΝΙΑ (301366552),1252.31,,
67064690ΒΧ-ΤΓΚ,2023-05-29,ΕΝΤΑΛΜΑ ΠΛΗΡΩΜΗΣ ΚΑΚΑΒΟΣ Ι.ΔΗΜΗΤΡΙΟΣ (119540879),119540879,ΚΑΚΑΒΟΣ Ι.ΔΗΜΗΤΡΙΟΣ (119540879),756.25,,
Ψ42Ζ4690ΒΧ-ΘΨ0,2023-05-29,ΕΝΤΑΛΜΑ ΠΛΗΡΩΜΗΣ ΄΄ΦΑΡΜΑ ΚΙΡΚΗ΄΄ ΕΙΡΗΝΗ ΦΕΡΕΝΤΙΝΟΥ ΜΟΝ/ΠΗ ΙΚΕ (800908604),800908604,΄΄ΦΑΡΜΑ ΚΙΡΚΗ΄΄ ΕΙΡΗΝΗ ΦΕΡΕΝΤΙΝΟΥ ΜΟΝ/ΠΗ ΙΚΕ (800908604),3904.63,,
6ΛΕΩ4690ΒΧ-Θ4Μ,2023-05-22,ΕΝΤΑΛΜΑ ΠΛΗΡΩΜΗΣ ΄΄ΦΑΡΜΑ ΚΙΡΚΗ΄΄ ΕΙΡΗΝΗ ΦΕΡΕΝΤΙΝΟΥ ΜΟΝ/ΠΗ ΙΚΕ (800908604),800908604,΄΄ΦΑΡΜΑ ΚΙΡΚΗ΄΄ ΕΙΡΗΝΗ ΦΕΡΕΝΤΙΝΟΥ ΜΟΝ/ΠΗ ΙΚΕ (800908604),4330.47,,
ΨΝΡΚ4690ΒΧ-9Ρ8,2023-05-29,ΕΝΤΑΛΜΑ ΠΛΗΡΩΜΗΣ INTERLIFE ΑΣΦΑΛΙΣΤΙΚΗ (094342626),094342626,INTERLIFE ΑΣΦΑΛΙΣΤΙΚΗ (094342626),291.59,,
9ΙΘ44690ΒΧ-ΞΦ4,2023-05-22,ΕΝΤΑΛΜΑ ΠΛΗΡΩΜΗΣ ΚΟΝΤΟΓΙΑΝΝΗ ΟΥΡΑΝΙΑ (301366552),301366552,ΚΟΝΤΟΓΙΑΝΝΗ ΟΥΡΑΝΙΑ (301366552),1321.37,,
ΨΠΣ04690ΒΧ-ΦΟ6,2023-05-22,ΕΝΤΑΛΜΑ ΠΛΗΡΩΜΗΣ ΚΑΚΑΒΟΣ Ι.ΔΗΜΗΤΡΙΟΣ (119540879),119540879,ΚΑΚΑΒΟΣ Ι.ΔΗΜΗΤΡΙΟΣ (119540879),3392.96,,
661Φ4690ΒΧ-ΠΨΟ,2023-05-22,ΕΝΤΑΛΜΑ ΠΛΗΡΩΜΗΣ ΕΥΣΤΑΘΙΟΣ Γ.ΤΣΙΓΚΡΗΣ Ε.Π.Ε. (999893375),999893375,ΕΥΣΤΑΘΙΟΣ Γ.ΤΣΙΓΚΡΗΣ Ε.Π.Ε. (999893375),3793.66,,
ΨΨΩΑ4690ΒΧ-ΑΨΞ,2023-05-22,ΕΝΤΑΛΜΑ ΠΛΗΡΩΜΗΣ '' C   P MEDICALS O.E'' (800392564),800392564,'' C   P MEDICALS O.E'' (800392564),232.78,,
ΨΩΤΨ4690ΒΧ-Κ9Γ,2023-05-22,ΕΝΤΑΛΜΑ ΠΛΗΡΩΜΗΣ '' C   P MEDICALS O.E'' (800392564),800392564,'' C   P MEDICALS O.E'' (800392564),1688.45,,
979Λ4690ΒΧ-Π8Ε,2023-05-22,ΕΝΤΑΛΜΑ ΠΛΗΡΩΜΗΣ ΓΕΩΡΓΙΟΣ ΨΟΧΙΟΣ   ΥΙΟΣ Ο.Ε (997861308),997861308,ΓΕΩΡΓΙΟΣ ΨΟΧΙΟΣ   ΥΙΟΣ Ο.Ε (997861308),156.24,,
Ψ83Ι4690ΒΧ-46Α,2023-05-22,ΕΝΤΑΛΜΑ ΠΛΗΡΩΜΗΣ ΓΕΩΡΓΙΟΣ ΨΟΧΙΟΣ   ΥΙΟΣ Ο.Ε (997861308),997861308,ΓΕΩΡΓΙΟΣ ΨΟΧΙΟΣ   ΥΙΟΣ Ο.Ε (997861308),1148.49,,
ΨΒΨΩ4690ΒΧ-Σ2Π,2023-05-24,ΕΝΤΑΛΜΑ ΠΛΗΡΩΜΗΣ ΒΛΑΧΟΣ Κ. ΙΩΑΝΝΗΣ (128484691),128484691,ΒΛΑΧΟΣ Κ. ΙΩΑΝΝΗΣ (128484691),400.0,,
9Χ4Γ4690ΒΧ-01Ι,2023-05-25,ΕΝΤΑΛΜΑ ΠΛΗΡΩΜΗΣ ''BIOSENSE'' ΑΝΔΡΙΩΤΗ Ε   ΣΙΑ Ε.Ε. (800366706),800366706,''BIOSENSE'' ΑΝΔΡΙΩΤΗ Ε   ΣΙΑ Ε.Ε. (800366706),818.4,,
ΨΕΦΙ4690ΒΧ-Β6Κ,2023-05-05,ΕΝΤΑΛΜΑ ΠΛΗΡΩΜΗΣ MEDIC PLAN HEALTH PROJECT IKE (999961120),999961120,MEDIC PLAN HEALTH PROJECT IKE (999961120),1627.5,,
6ΦΕ04690ΒΧ-ΙΟΚ,2023-05-10,ΕΝΤΑΛΜΑ ΠΛΗΡΩΜΗΣ ΒΕΡΜΑ ΝΤΡΑΓΚΣ ΑΒΕΕ (099363426),099363426,ΒΕΡΜΑ ΝΤΡΑΓΚΣ ΑΒΕΕ (099363426),3196.54,,
9ΩΛΜ4690ΒΧ-Ι11,2023-05-10,ΕΝΤΑΛΜΑ ΠΛΗΡΩΜΗΣ ΑΣΤΡΙΣ ΑΝΑΠΤΥΞΗ ΜΟΝΑΔΩΝ ΥΓΕΙΑΣ ΕΠΕ (999056180),999056180,ΑΣΤΡΙΣ ΑΝΑΠΤΥΞΗ ΜΟΝΑΔΩΝ ΥΓΕΙΑΣ ΕΠΕ (999056180),2072.09,,
62ΤΑ4690ΒΧ-Ξ0Ω,2023-05-10,ΕΝΤΑΛΜΑ ΠΛΗΡΩΜΗΣ EpiMed ΝΕΑ ΕΠΙΜΕΝΤ ΜΕΠΕ (999723663),999723663,EpiMed ΝΕΑ ΕΠΙΜΕΝΤ ΜΕΠΕ (999723663),1860.0,,
93ΞΧ4690ΒΧ-Φ9Μ,2023-05-05,ΕΝΤΑΛΜΑ ΠΛΗΡΩΜΗΣ ΑΙΚΑΤΕΡΙΝΗ ΓΚΟΥΤΣΗ-ΤΡΙΑΝΤΗ (100378128),100378128,ΑΙΚΑΤΕΡΙΝΗ ΓΚΟΥΤΣΗ-ΤΡΙΑΝΤΗ (100378128),525.0,,
ΨΛ674690ΒΧ-41Ζ,2023-05-05,ΕΝΤΑΛΜΑ ΠΛΗΡΩΜΗΣ ΦΙΛΙΠΣ ΕΛΛΑΣ ΜΟΝΟΠΡΟΣΩΠΗ Α.ΕΒ.Ε (PHILIPS) (094014759),094014759,ΦΙΛΙΠΣ ΕΛΛΑΣ ΜΟΝΟΠΡΟΣΩΠΗ Α.ΕΒ.Ε (PHILIPS) (094014759),98332.0,,
ΨΕ1Χ4690ΒΧ-ΑΤΓ,2023-04-07,ΕΝΤΑΛΜΑ ΠΛΗΡΩΜΗΣ ΝΙΚΟΛΑΟΣ ΚΟΥΡΤΗΣ   ΣΙΑ Ε.Ε (997915143),997915143,ΝΙΚΟΛΑΟΣ ΚΟΥΡΤΗΣ   ΣΙΑ Ε.Ε (997915143),3236.39,,
ΨΩ3Π4690ΒΧ-ΧΕΗ,2023-05-05,ΕΝΤΑΛΜΑ ΠΛΗΡΩΜΗΣ ΚΑΙΝΟΤΟΜΙΑ Α.Ε. (999399139),999399139,ΚΑΙΝΟΤΟΜΙΑ Α.Ε. (999399139),11160.0,,
6Υ6Υ4690ΒΧ-Η9Ο,2023-05-05,ΕΝΤΑΛΜΑ ΠΛΗΡΩΜΗΣ ΑΠ.Γ.ΠΑΠΟΥΔΗΣ   ΥΙΟΣ Α.Ε (094512503),094512503,ΑΠ.Γ.ΠΑΠΟΥΔΗΣ   ΥΙΟΣ Α.Ε (094512503),2480.0,,
Ψ5ΙΞ4690ΒΧ-ΖΨΟ,2023-05-05,ΕΝΤΑΛΜΑ ΠΛΗΡΩΜΗΣ ΄΄ ΜΟΥΡΟΠΟΥΛΟΣ΄΄ ΒΙΟ/ΝΙΑ ΠΛΑΣΤΙΚΩΝ (081857450),081857450,΄΄ ΜΟΥΡΟΠΟΥΛΟΣ΄΄ ΒΙΟ/ΝΙΑ ΠΛΑΣΤΙΚΩΝ (081857450),1612.0,,
Ψ2ΜΣ4690ΒΧ-2Γ2,2023-04-11,ΕΝΤΑΛΜΑ ΠΛΗΡΩΜΗΣ ELPEN  Α.Ε  ΦΑΡΜ/ΚΗ ΒΙΟΜ/ΝΙΑ (094025043),094025043,ELPEN  Α.Ε  ΦΑΡΜ/ΚΗ ΒΙΟΜ/ΝΙΑ (094025043),140.09,,
ΨΤΘ64690ΒΧ-ΘΙΓ,2023-05-05,ΕΝΤΑΛΜΑ ΠΛΗΡΩΜΗΣ Σ.ΧΑΣΚΟΣ -Χ.ΤΣΙΚΟΥΔΗΣ Ο.Ε (084157763),084157763,Σ.ΧΑΣΚΟΣ -Χ.ΤΣΙΚΟΥΔΗΣ Ο.Ε (084157763),124.0,,
ΨΥ924690ΒΧ-030,2023-05-05,ΕΝΤΑΛΜΑ ΠΛΗΡΩΜΗΣ Σ.ΧΑΣΚΟΣ -Χ.ΤΣΙΚΟΥΔΗΣ Ο.Ε (084157763),084157763,Σ.ΧΑΣΚΟΣ -Χ.ΤΣΙΚΟΥΔΗΣ Ο.Ε (084157763),267.84,,
97ΖΔ4690ΒΧ-5ΨΣ,2023-05-05,ΕΝΤΑΛΜΑ ΠΛΗΡΩΜΗΣ ΠΕΤΡΟΣ ΧΑΡ.ΚΟΣΜΙΔΗΣ   ΣΙΑ Ε.Ε. (999685389),999685389,ΠΕΤΡΟΣ ΧΑΡ.ΚΟΣΜΙΔΗΣ   ΣΙΑ Ε.Ε. (999685389),2343.88,,
ΨΥΟ64690ΒΧ-ΠΕ0,2023-05-05,ΕΝΤΑΛΜΑ ΠΛΗΡΩΜΗΣ ΠΕΤΡΟΣ ΧΑΡ.ΚΟΣΜΙΔΗΣ   ΣΙΑ Ε.Ε. (999685389),999685389,ΠΕΤΡΟΣ ΧΑΡ.ΚΟΣΜΙΔΗΣ   ΣΙΑ Ε.Ε. (999685389),531.96,,
6ΙΙΨ4690ΒΧ-Β7Θ,2023-05-10,ΕΝΤΑΛΜΑ ΠΛΗΡΩΜΗΣ ΕΛΛΕΝΚΟ Α.Ε. (094074824),094074824,ΕΛΛΕΝΚΟ Α.Ε. (094074824),2480.42,,
6ΘΝΠ4690ΒΧ-8ΙΣ,2023-05-10,ΕΝΤΑΛΜΑ ΠΛΗΡΩΜΗΣ ΕΛΛΕΝΚΟ Α.Ε. (094074824),094074824,ΕΛΛΕΝΚΟ Α.Ε. (094074824),303.05,,
ΨΝ8Π4690ΒΧ-595,2023-05-10,ΕΝΤΑΛΜΑ ΠΛΗΡΩΜΗΣ ΕΛΛΕΝΚΟ Α.Ε. (094074824),094074824,ΕΛΛΕΝΚΟ Α.Ε. (094074824),377.87,,
ΨΜΧ14690ΒΧ-Γ5Φ,2023-05-10,ΕΝΤΑΛΜΑ ΠΛΗΡΩΜΗΣ ΔΙΑSYS A.E (998936634),998936634,ΔΙΑSYS A.E (998936634),803.52,,
ΩΝΔΞ4690ΒΧ-ΜΚΥ,2023-05-10,ΕΝΤΑΛΜΑ ΠΛΗΡΩΜΗΣ ΔΕΡΚΑ ΙΑΤΡΙΚΑ ΕΠΕ (999687125),999687125,ΔΕΡΚΑ ΙΑΤΡΙΚΑ ΕΠΕ (999687125),279.0,,
9Ω3Ψ4690ΒΧ-2ΤΚ,2023-05-10,ΕΝΤΑΛΜΑ ΠΛΗΡΩΜΗΣ ΔΕΡΚΑ ΙΑΤΡΙΚΑ ΕΠΕ (999687125),999687125,ΔΕΡΚΑ ΙΑΤΡΙΚΑ ΕΠΕ (999687125),41.54,,
6Σ694690ΒΧ-ΓΛΜ,2023-05-05,ΕΝΤΑΛΜΑ ΠΛΗΡΩΜΗΣ ΑΝΑΣΤΑΣΙΟΣ ΔΙΓΚΑΣ Ι.Κ.Ε. (997826122),997826122,ΑΝΑΣΤΑΣΙΟΣ ΔΙΓΚΑΣ Ι.Κ.Ε. (997826122),153.6,,
ΨΤΔΠ4690ΒΧ-ΟΜΥ,2023-05-05,ΕΝΤΑΛΜΑ ΠΛΗΡΩΜΗΣ ΑΝΑΣΤΑΣΙΟΣ ΔΙΓΚΑΣ Ι.Κ.Ε. (997826122),997826122,ΑΝΑΣΤΑΣΙΟΣ ΔΙΓΚΑΣ Ι.Κ.Ε. (997826122),796.04,,
64ΘΛ4690ΒΧ-ΘΝΗ,2023-05-10,ΕΝΤΑΛΜΑ ΠΛΗΡΩΜΗΣ Α.Δέρβος-Γ.Δημητρακόπουλος   ΣΙΑ Α.Ε (099518023),099518023,Α.Δέρβος-Γ.Δημητρακόπουλος   ΣΙΑ Α.Ε (099518023),68.2,,
Ψ9ΦΖ4690ΒΧ-ΖΧΑ,2023-05-10,ΕΝΤΑΛΜΑ ΠΛΗΡΩΜΗΣ Α.Δέρβος-Γ.Δημητρακόπουλος   ΣΙΑ Α.Ε (099518023),099518023,Α.Δέρβος-Γ.Δημητρακόπουλος   ΣΙΑ Α.Ε (099518023),71.92,,
ΩΧΖΗ4690ΒΧ-ΟΔΑ,2023-05-10,ΕΝΤΑΛΜΑ ΠΛΗΡΩΜΗΣ Α. ΤΡΙΑΝΤΑΦΥΛΛΟΠΟΥΛΟΣ Ε.Ε (800896490),800896490,Α. ΤΡΙΑΝΤΑΦΥΛΛΟΠΟΥΛΟΣ Ε.Ε (800896490),48.61,,
6ΟΡΚ4690ΒΧ-ΙΘ9,2023-05-05,ΕΝΤΑΛΜΑ ΠΛΗΡΩΜΗΣ Rethink ΑΕΒΕ (999125269),999125269,Rethink ΑΕΒΕ (999125269),302.56,,
6ΚΖ24690ΒΧ-Ψ8Ψ,2023-05-05,ΕΝΤΑΛΜΑ ΠΛΗΡΩΜΗΣ Rethink ΑΕΒΕ (999125269),999125269,Rethink ΑΕΒΕ (999125269),2892.54,,
Ψ09Μ4690ΒΧ-ΖΩΨ,2023-05-05,ΕΝΤΑΛΜΑ ΠΛΗΡΩΜΗΣ Rethink ΑΕΒΕ (999125269),999125269,Rethink ΑΕΒΕ (999125269),3992.8,,
6ΒΒ14690ΒΧ-Ε0Ρ,2023-05-05,ΕΝΤΑΛΜΑ ΠΛΗΡΩΜΗΣ Rethink ΑΕΒΕ (999125269),999125269,Rethink ΑΕΒΕ (999125269),2044.14,,
ΨΗΔ74690ΒΧ-Ω1Ζ,2023-05-10,ΕΝΤΑΛΜΑ ΠΛΗΡΩΜΗΣ MEDICARE HELLAS A.E (095367968),095367968,MEDICARE HELLAS A.E (095367968),90.4,,
6ΣΡΛ4690ΒΧ-ΔΝΠ,2023-05-10,ΕΝΤΑΛΜΑ ΠΛΗΡΩΜΗΣ DEMO A.Β.Ε.E. (094041553),094041553,DEMO A.Β.Ε.E. (094041553),1567.1,,
6Ξ1Ρ4690ΒΧ-ΙΕΠ,2023-05-10,ΕΝΤΑΛΜΑ ΠΛΗΡΩΜΗΣ BIOKON ΙΑΤΡΙΚΑ   ΒΙΟΤΕΧΝΟΛΟΓΙΚΑ ΠΡΟΙΟΝΤΑ Ε.Π.Ε (999656321),999656321,BIOKON ΙΑΤΡΙΚΑ   ΒΙΟΤΕΧΝΟΛΟΓΙΚΑ ΠΡΟΙΟΝΤΑ Ε.Π.Ε (999656321),1093.84,,
6ΒΩΟ4690ΒΧ-ΥΝΤ,2023-04-24,ΕΝΤΑΛΜΑ ΠΛΗΡΩΜΗΣ ABBOTT LABORATORIES(ΕΛΛΑΣ)ABEE (094027257),094027257,ABBOTT LABORATORIES(ΕΛΛΑΣ)ABEE (094027257),3349.6,,
6Δ154690ΒΧ-Ο3Ι,2023-04-24,ΕΝΤΑΛΜΑ ΠΛΗΡΩΜΗΣ ABBOTT LABORATORIES(ΕΛΛΑΣ)ABEE (094027257),094027257,ABBOTT LABORATORIES(ΕΛΛΑΣ)ABEE (094027257),4537.4,,
ΨΨΡΤ4690ΒΧ-2ΗΨ,2023-04-24,ΕΝΤΑΛΜΑ ΠΛΗΡΩΜΗΣ ABBOTT LABORATORIES(ΕΛΛΑΣ)ABEE (094027257),094027257,ABBOTT LABORATORIES(ΕΛΛΑΣ)ABEE (094027257),4393.7,,
6ΗΗΛ4690ΒΧ-6ΩΡ,2023-05-05,ΕΝΤΑΛΜΑ ΠΛΗΡΩΜΗΣ ΣΤΕΛΛΑΚΟΣ ΓΕΩΡΓΙΟΣ (045778720),045778720,ΣΤΕΛΛΑΚΟΣ ΓΕΩΡΓΙΟΣ (045778720),94.04,,
67ΡΕ4690ΒΧ-ΗΥ1,2023-05-05,ΕΝΤΑΛΜΑ ΠΛΗΡΩΜΗΣ Σ.ΣΟΛΔΑΤΟΣ Ε.Π.Ε. (095451970),095451970,Σ.ΣΟΛΔΑΤΟΣ Ε.Π.Ε. (095451970),215.76,,
ΨΦΒΘ4690ΒΧ-ΖΩΛ,2023-05-05,ΕΝΤΑΛΜΑ ΠΛΗΡΩΜΗΣ ΠΑΠΠΑΣ Ε   ΣΙΑ Ο.Ε (997565095),997565095,ΠΑΠΠΑΣ Ε   ΣΙΑ Ο.Ε (997565095),688.2,,
ΨΞΤΦ4690ΒΧ-Φ6Ψ,2023-05-05,ΕΝΤΑΛΜΑ ΠΛΗΡΩΜΗΣ ΞΑΓΟΡΑΡΗΣ ΠΑΝΑΓΙΩΤΗΣ (053311461),053311461,ΞΑΓΟΡΑΡΗΣ ΠΑΝΑΓΙΩΤΗΣ (053311461),525.76,,
ΨΑ0Ψ4690ΒΧ-ΚΘΟ,2023-05-05,ΕΝΤΑΛΜΑ ΠΛΗΡΩΜΗΣ Λεωνίδας Ψωμόπουλος   ΣΙΑ Ε.Ε. (998810619),998810619,Λεωνίδας Ψωμόπουλος   ΣΙΑ Ε.Ε. (998810619),182.62,,
Ψ8ΓΗ4690ΒΧ-7ΩΗ,2023-05-05,ΕΝΤΑΛΜΑ ΠΛΗΡΩΜΗΣ ΛΕΠΤΟΚΑΡΟΠΟΥΛΟΣ Π. ΚΩΝ/ΝΟΣ (057082952),057082952,ΛΕΠΤΟΚΑΡΟΠΟΥΛΟΣ Π. ΚΩΝ/ΝΟΣ (057082952),62.0,,
Ψ5ΞΟ4690ΒΧ-7ΨΗ,2023-05-05,ΕΝΤΑΛΜΑ ΠΛΗΡΩΜΗΣ ΔΙΑΤΡΑΠΕΖΙΚΑ ΣΥΣΤΗΜΑΤΑ Α.Ε (094281390),094281390,ΔΙΑΤΡΑΠΕΖΙΚΑ ΣΥΣΤΗΜΑΤΑ Α.Ε (094281390),119.78,,
Ψ6Λ24690ΒΧ-9ΟΖ,2023-05-05,ΕΝΤΑΛΜΑ ΠΛΗΡΩΜΗΣ ΔΕΣΜΟΣ ΑΕ (081081899),081081899,ΔΕΣΜΟΣ ΑΕ (081081899),148.8,,
9Ε4Λ4690ΒΧ-ΧΔΚ,2023-04-24,ΕΝΤΑΛΜΑ ΠΛΗΡΩΜΗΣ SANTAIR Α.Ε. (094497279),094497279,SANTAIR Α.Ε. (094497279),2165.78,,
Ψ7ΩΣ4690ΒΧ-ΛΤ5,2023-04-24,ΕΝΤΑΛΜΑ ΠΛΗΡΩΜΗΣ SANTAIR Α.Ε. (094497279),094497279,SANTAIR Α.Ε. (094497279),1426.0,,
ΨΗΒΞ4690ΒΧ-43Ρ,2023-05-05,ΕΝΤΑΛΜΑ ΠΛΗΡΩΜΗΣ HEALTHCARE EXPERIENCE A.E ΟΛΟΚΛ.ΛΥΣ.ΙΑΤΡ. ΠΛ.ΙΑΤΡ.ΕΞ.-ΛΟΓ.  ΥΠΗΡ. (997800874),997800874,HEALTHCARE EXPERIENCE A.E ΟΛΟΚΛ.ΛΥΣ.ΙΑΤΡ. ΠΛ.ΙΑΤΡ.ΕΞ.-ΛΟΓ.  ΥΠΗΡ. (997800874),1023.0,,
ΨΡ6Ν4690ΒΧ-ΑΒΣ,2023-05-05,ΕΝΤΑΛΜΑ ΠΛΗΡΩΜΗΣ C.Ι.T.Y CARS Ε.Π.Ε ΝΙΚ.ΠΑΠΑΝΤΩΝΙΟΥ ΙΩΑΝ.ΠΑΠΑΝΙΚΟΛΑΟΥ Ε.Π.Ε (998166696),998166696,C.Ι.T.Y CARS Ε.Π.Ε ΝΙΚ.ΠΑΠΑΝΤΩΝΙΟΥ ΙΩΑΝ.ΠΑΠΑΝΙΚΟΛΑΟΥ Ε.Π.Ε (998166696),297.18,,
9ΣΩΙ4690ΒΧ-Ι10,2023-04-24,ΕΝΤΑΛΜΑ ΠΛΗΡΩΜΗΣ ABBOTT LABORATORIES(ΕΛΛΑΣ)ABEE (094027257),094027257,ABBOTT LABORATORIES(ΕΛΛΑΣ)ABEE (094027257),4303.8,,
66ΘΛ4690ΒΧ-ΘΑ8,2023-04-24,ΕΝΤΑΛΜΑ ΠΛΗΡΩΜΗΣ ABBOTT LABORATORIES(ΕΛΛΑΣ)ABEE (094027257),094027257,ABBOTT LABORATORIES(ΕΛΛΑΣ)ABEE (094027257),254.4,,
Ψ0Π44690ΒΧ-Η1Ι,2023-04-24,ΕΝΤΑΛΜΑ ΠΛΗΡΩΜΗΣ ABBOTT LABORATORIES(ΕΛΛΑΣ)ABEE (094027257),094027257,ABBOTT LABORATORIES(ΕΛΛΑΣ)ABEE (094027257),19673.6,,
9ΛΟΩ4690ΒΧ-1ΦΞ,2023-04-11,ΕΝΤΑΛΜΑ ΠΛΗΡΩΜΗΣ ELPEN  Α.Ε  ΦΑΡΜ/ΚΗ ΒΙΟΜ/ΝΙΑ (094025043),094025043,ELPEN  Α.Ε  ΦΑΡΜ/ΚΗ ΒΙΟΜ/ΝΙΑ (094025043),990.89,,
ΩΝΕΩ4690ΒΧ-ΘΛΓ,2023-04-11,ΕΝΤΑΛΜΑ ΠΛΗΡΩΜΗΣ ELPEN  Α.Ε  ΦΑΡΜ/ΚΗ ΒΙΟΜ/ΝΙΑ (094025043),094025043,ELPEN  Α.Ε  ΦΑΡΜ/ΚΗ ΒΙΟΜ/ΝΙΑ (094025043),1229.51,,
6ΓΤΓ4690ΒΧ-ΥΨΚ,2023-04-11,ΕΝΤΑΛΜΑ ΠΛΗΡΩΜΗΣ ΦΑΜΑΡ Α.Β.Ε.Φ.Κ. (099877228),099877228,ΦΑΜΑΡ Α.Β.Ε.Φ.Κ. (099877228),44.8,,
68ΓΓ4690ΒΧ-ΩΧ5,2023-04-11,ΕΝΤΑΛΜΑ ΠΛΗΡΩΜΗΣ RAFARM A.E.B.E (094053527),094053527,RAFARM A.E.B.E (094053527),943.97,,
ΨΙΞΛ4690ΒΧ-63Ι,2023-04-11,ΕΝΤΑΛΜΑ ΠΛΗΡΩΜΗΣ LEO   ΦΑΡΜ/ΚΑ ΠΡ/ΝΤΑ ΕΛΛΑΣ ΕΠΕ (095003061),095003061,LEO   ΦΑΡΜ/ΚΑ ΠΡ/ΝΤΑ ΕΛΛΑΣ ΕΠΕ (095003061),3364.09,,
ΨΔΟ24690ΒΧ-ΘΞ7,2023-04-11,ΕΝΤΑΛΜΑ ΠΛΗΡΩΜΗΣ LEO   ΦΑΡΜ/ΚΑ ΠΡ/ΝΤΑ ΕΛΛΑΣ ΕΠΕ (095003061),095003061,LEO   ΦΑΡΜ/ΚΑ ΠΡ/ΝΤΑ ΕΛΛΑΣ ΕΠΕ (095003061),3024.24,,
6Ρ9Γ4690ΒΧ-470,2023-04-11,ΕΝΤΑΛΜΑ ΠΛΗΡΩΜΗΣ LEO   ΦΑΡΜ/ΚΑ ΠΡ/ΝΤΑ ΕΛΛΑΣ ΕΠΕ (095003061),095003061,LEO   ΦΑΡΜ/ΚΑ ΠΡ/ΝΤΑ ΕΛΛΑΣ ΕΠΕ (095003061),5663.28,,
Ψ2ΣΔ4690ΒΧ-ΧΘ1,2023-04-11,ΕΝΤΑΛΜΑ ΠΛΗΡΩΜΗΣ VERISFIELD (UK)LTD (999636520),999636520,VERISFIELD (UK)LTD (999636520),760.08,,
ΨΨΕΩ4690ΒΧ-80Ο,2023-04-11,ΕΝΤΑΛΜΑ ΠΛΗΡΩΜΗΣ OPELLA HEALTHCARE GREECE ΜΟΝΟΠΡΟΣΩΠΗ Ε.Π.Ε (801417087),801417087,OPELLA HEALTHCARE GREECE ΜΟΝΟΠΡΟΣΩΠΗ Ε.Π.Ε (801417087),153.63,,
9ΕΠΨ4690ΒΧ-Φ3Β,2023-04-11,ΕΝΤΑΛΜΑ ΠΛΗΡΩΜΗΣ Ε.Ι.ΖΑΡΜΠΗ ΚΑΙ ΣΙΑ Ε.Ε (092446512),092446512,Ε.Ι.ΖΑΡΜΠΗ ΚΑΙ ΣΙΑ Ε.Ε (092446512),38.27,,
97ΔΕ4690ΒΧ-8Χ4,2023-04-11,ΕΝΤΑΛΜΑ ΠΛΗΡΩΜΗΣ Johnson   Johnson Α.Ε.Ε (800363581),800363581,Johnson   Johnson Α.Ε.Ε (800363581),197.68,,
ΨΛΠ94690ΒΧ-ΖΧΑ,2023-04-11,ΕΝΤΑΛΜΑ ΠΛΗΡΩΜΗΣ GLAXOSMITHKLINE ΜΟΝΟΠΡΟΣΩΠΗ  AEBE (094071809),094071809,GLAXOSMITHKLINE ΜΟΝΟΠΡΟΣΩΠΗ  AEBE (094071809),326.59,,
65874690ΒΧ-99Β,2023-04-11,ΕΝΤΑΛΜΑ ΠΛΗΡΩΜΗΣ ANGELINI PHARMA HELLAS ABEE (094456967),094456967,ANGELINI PHARMA HELLAS ABEE (094456967),4088.44,,
6ΞΖΟ4690ΒΧ-7Ρ5,2023-04-11,ΕΝΤΑΛΜΑ ΠΛΗΡΩΜΗΣ ΝΟΒΟ ΝΟΡΝΤΙΣΚ ΕΛΛΑΣ ΕΠΕ (095164409),095164409,ΝΟΒΟ ΝΟΡΝΤΙΣΚ ΕΛΛΑΣ ΕΠΕ (095164409),382.66,,
6Σ8Ν4690ΒΧ-5ΛΚ,2023-04-11,ΕΝΤΑΛΜΑ ΠΛΗΡΩΜΗΣ ΦΑΡΜΕΞ ΑΕ (094106680),094106680,ΦΑΡΜΕΞ ΑΕ (094106680),6830.71,,
9ΚΓΨ4690ΒΧ-ΣΔ5,2023-04-11,ΕΝΤΑΛΜΑ ΠΛΗΡΩΜΗΣ MEDOCHEMIE HELLAS A.E (094505179),094505179,MEDOCHEMIE HELLAS A.E (094505179),1988.7,,
9Ε724690ΒΧ-ΨΧ0,2023-04-11,ΕΝΤΑΛΜΑ ΠΛΗΡΩΜΗΣ ΑΛΚΟΝ ΛΑΜΠΟΡΑΤΟΡΙΣ ΕΛΛΑΣ ΑΕΒΕ (094450895),094450895,ΑΛΚΟΝ ΛΑΜΠΟΡΑΤΟΡΙΣ ΕΛΛΑΣ ΑΕΒΕ (094450895),55.98,,
ΨΠΙΚ4690ΒΧ-ΡΓΓ,2023-04-11,ΕΝΤΑΛΜΑ ΠΛΗΡΩΜΗΣ CANA  A.E (094007210),094007210,CANA  A.E (094007210),119.88,,
68ΜΜ4690ΒΧ-ΡΡ3,2023-04-11,ΕΝΤΑΛΜΑ ΠΛΗΡΩΜΗΣ CHIESI ΕΛΛΑΣ Α.Ε.Β.Ε. (094499967),094499967,CHIESI ΕΛΛΑΣ Α.Ε.Β.Ε. (094499967),293.45,,
615Κ4690ΒΧ-Ψ77,2023-04-11,ΕΝΤΑΛΜΑ ΠΛΗΡΩΜΗΣ CHIESI ΕΛΛΑΣ Α.Ε.Β.Ε. (094499967),094499967,CHIESI ΕΛΛΑΣ Α.Ε.Β.Ε. (094499967),275.91,,
67ΡΠ4690ΒΧ-ΒΞΨ,2023-04-11,ΕΝΤΑΛΜΑ ΠΛΗΡΩΜΗΣ ΦΑΡΜΑΚΑΠΟΘΗΚΗ ΑΛΦΑ ΩΜΕΓΑ Α.Ε. (998103396),998103396,ΦΑΡΜΑΚΑΠΟΘΗΚΗ ΑΛΦΑ ΩΜΕΓΑ Α.Ε. (998103396),56.29,,
6Ω954690ΒΧ-3Μ5,2023-04-11,ΕΝΤΑΛΜΑ ΠΛΗΡΩΜΗΣ ΣΕΡΒΙΕ ΕΛΛΑΣ ΦΑΡΜ/ΚΗ ΕΠΕ (095031152),095031152,ΣΕΡΒΙΕ ΕΛΛΑΣ ΦΑΡΜ/ΚΗ ΕΠΕ (095031152),0.37,,
6Υ794690ΒΧ-ΖΓ9,2023-04-03,ΕΝΤΑΛΜΑ ΠΛΗΡΩΜΗΣ ΑΡΡΙΑΝΙ ΦΑΡΜΑΚΕΥΤΙΚΗ (094493453),094493453,ΑΡΡΙΑΝΙ ΦΑΡΜΑΚΕΥΤΙΚΗ (094493453),104.68,,
ΨΑ6Λ4690ΒΧ-Ο1Π,2023-04-11,ΕΝΤΑΛΜΑ ΠΛΗΡΩΜΗΣ adelco AE (094121817),094121817,adelco AE (094121817),98.81,,
ΨΦΡΚ4690ΒΧ-ΒΩΥ,2023-04-11,ΕΝΤΑΛΜΑ ΠΛΗΡΩΜΗΣ LEO   ΦΑΡΜ/ΚΑ ΠΡ/ΝΤΑ ΕΛΛΑΣ ΕΠΕ (095003061),095003061,LEO   ΦΑΡΜ/ΚΑ ΠΡ/ΝΤΑ ΕΛΛΑΣ ΕΠΕ (095003061),55.27,,
6ΦΕ94690ΒΧ-ΜΣΥ,2023-04-11,ΕΝΤΑΛΜΑ ΠΛΗΡΩΜΗΣ GLAXOSMITHKLINE ΜΟΝΟΠΡΟΣΩΠΗ  AEBE (094071809),094071809,GLAXOSMITHKLINE ΜΟΝΟΠΡΟΣΩΠΗ  AEBE (094071809),854.03,,
6ΖΓ64690ΒΧ-ΕΥΨ,2023-04-03,ΕΝΤΑΛΜΑ ΠΛΗΡΩΜΗΣ ΟΛΒΟΣ ΣΑΊ’ΝΣ ΑΕ (094352644),094352644,ΟΛΒΟΣ ΣΑΊ’ΝΣ ΑΕ (094352644),379.22,,
6Κ234690ΒΧ-Μ70,2023-04-03,ΕΝΤΑΛΜΑ ΠΛΗΡΩΜΗΣ ΝΟΡΜΑ ΕΛΛΑΣ ΑΕ (094030004),094030004,ΝΟΡΜΑ ΕΛΛΑΣ ΑΕ (094030004),3101.56,,
696Ι4690ΒΧ-3ΞΠ,2023-04-03,ΕΝΤΑΛΜΑ ΠΛΗΡΩΜΗΣ ΝΟΡΜΑ ΕΛΛΑΣ ΑΕ (094030004),094030004,ΝΟΡΜΑ ΕΛΛΑΣ ΑΕ (094030004),3323.1,,
ΨΦΤ74690ΒΧ-ΙΕΞ,2023-04-03,ΕΝΤΑΛΜΑ ΠΛΗΡΩΜΗΣ ΑΡΡΙΑΝΙ ΦΑΡΜΑΚΕΥΤΙΚΗ (094493453),094493453,ΑΡΡΙΑΝΙ ΦΑΡΜΑΚΕΥΤΙΚΗ (094493453),3722.56,,
ΨΥΟ14690ΒΧ-ΞΧΟ,2023-04-03,ΕΝΤΑΛΜΑ ΠΛΗΡΩΜΗΣ ΑΡΡΙΑΝΙ ΦΑΡΜΑΚΕΥΤΙΚΗ (094493453),094493453,ΑΡΡΙΑΝΙ ΦΑΡΜΑΚΕΥΤΙΚΗ (094493453),1065.06,,
6ΠΕΛ4690ΒΧ-Ε15,2023-04-03,ΕΝΤΑΛΜΑ ΠΛΗΡΩΜΗΣ IPSEN  Ε.Π.Ε (095000439),095000439,IPSEN  Ε.Π.Ε (095000439),2663.8,,
Ω87Α4690ΒΧ-5ΗΑ,2023-04-03,ΕΝΤΑΛΜΑ ΠΛΗΡΩΜΗΣ Bradex ΑΕΒΕ (999872539),999872539,Bradex ΑΕΒΕ (999872539),2505.41,,
6Γ8Ε4690ΒΧ-ΝΧΥ,2023-04-03,ΕΝΤΑΛΜΑ ΠΛΗΡΩΜΗΣ Bradex ΑΕΒΕ (999872539),999872539,Bradex ΑΕΒΕ (999872539),1280.9,,
9ΣΞ04690ΒΧ-ΖΡΛ,2023-04-19,ΕΝΤΑΛΜΑ ΠΛΗΡΩΜΗΣ ΔΗΜΟΣ ΛΕΥΚΑΔΑΣ (997916281),997916281,ΔΗΜΟΣ ΛΕΥΚΑΔΑΣ (997916281),32.27,,
9Δ114690ΒΧ-5ΒΞ,2023-04-19,ΕΝΤΑΛΜΑ ΠΛΗΡΩΜΗΣ ΔΗΜΟΣ ΛΕΥΚΑΔΑΣ (997916281),997916281,ΔΗΜΟΣ ΛΕΥΚΑΔΑΣ (997916281),10692.85,,
ΨΨΚΝ4690ΒΧ-ΦΣΩ,2023-04-04,ΕΝΤΑΛΜΑ ΠΛΗΡΩΜΗΣ ΛΑΥΡΑΝΟΣ ΟΜΗΡΟΣ (102561232),102561232,ΛΑΥΡΑΝΟΣ ΟΜΗΡΟΣ (102561232),74.4,,
Ψ2ΑΙ4690ΒΧ-ΨΞΛ,2023-04-04,ΕΝΤΑΛΜΑ ΠΛΗΡΩΜΗΣ ΛΑΥΡΑΝΟΣ ΟΜΗΡΟΣ (102561232),102561232,ΛΑΥΡΑΝΟΣ ΟΜΗΡΟΣ (102561232),591.8,,
ΨΦ2Ο4690ΒΧ-ΟΞΘ,2023-04-04,ΕΝΤΑΛΜΑ ΠΛΗΡΩΜΗΣ ΚΑΤΩΠΟΔΗΣ Μ.-ΚΑΒΒΑΔΑ Ε.Ε.Π.Ε. (997917019),997917019,ΚΑΤΩΠΟΔΗΣ Μ.-ΚΑΒΒΑΔΑ Ε.Ε.Π.Ε. (997917019),97.22,,
ΨΤΞΖ4690ΒΧ-ΒΗ2,2023-04-04,"ΕΝΤΑΛΜΑ ΠΛΗΡΩΜΗΣ Α,ΜΗΤΣΟΥΡΑ - Ε.ΣΤΑΥΡΑΚΑ   ΣΙΑ Ο.Ε (092052246)",092052246,"Α,ΜΗΤΣΟΥΡΑ - Ε.ΣΤΑΥΡΑΚΑ   ΣΙΑ Ο.Ε (092052246)",233.92,,
ΨΣ7Ν4690ΒΧ-2Υ7,2023-04-10,ΕΝΤΑΛΜΑ ΠΛΗΡΩΜΗΣ Β.ΣΟΡΒΑΚΟΠΟΥΛΟΣ   ΣΙΑ Ο.Ε (099999219),099999219,Β.ΣΟΡΒΑΚΟΠΟΥΛΟΣ   ΣΙΑ Ο.Ε (099999219),1709.96,,
Ψ0ΔΓ4690ΒΧ-3ΞΚ,2023-04-10,ΕΝΤΑΛΜΑ ΠΛΗΡΩΜΗΣ Β.ΣΟΡΒΑΚΟΠΟΥΛΟΣ   ΣΙΑ Ο.Ε (099999219),099999219,Β.ΣΟΡΒΑΚΟΠΟΥΛΟΣ   ΣΙΑ Ο.Ε (099999219),360.84,,
Ρ92Δ4690ΒΧ-ΙΑΩ,2023-04-10,ΕΝΤΑΛΜΑ ΠΛΗΡΩΜΗΣ Β.ΣΟΡΒΑΚΟΠΟΥΛΟΣ   ΣΙΑ Ο.Ε (099999219),099999219,Β.ΣΟΡΒΑΚΟΠΟΥΛΟΣ   ΣΙΑ Ο.Ε (099999219),331.28,,
94444690ΒΧ-Τ9Μ,2023-04-05,ΕΝΤΑΛΜΑ ΠΛΗΡΩΜΗΣ ΘΕΟΧΑΡΗΣ ΚΩΝΣΤΑΝΤΙΝΟΣ (074168641),074168641,ΘΕΟΧΑΡΗΣ ΚΩΝΣΤΑΝΤΙΝΟΣ (074168641),2590.61,,
ΨΓ0Ζ4690ΒΧ-ΒΡ6,2023-04-05,ΕΝΤΑΛΜΑ ΠΛΗΡΩΜΗΣ ΘΕΟΧΑΡΗΣ ΚΩΝΣΤΑΝΤΙΝΟΣ (074168641),074168641,ΘΕΟΧΑΡΗΣ ΚΩΝΣΤΑΝΤΙΝΟΣ (074168641),52.58,,
91ΗΕ4690ΒΧ-Ω52,2023-04-04,ΕΝΤΑΛΜΑ ΠΛΗΡΩΜΗΣ ΘΕΟΧΑΡΗΣ ΚΩΝΣΤΑΝΤΙΝΟΣ (074168641),074168641,ΘΕΟΧΑΡΗΣ ΚΩΝΣΤΑΝΤΙΝΟΣ (074168641),472.81,,
914Β4690ΒΧ-7ΣΕ,2023-04-18,ΕΝΤΑΛΜΑ ΠΛΗΡΩΜΗΣ INTER MEDICA ΕΜΜ.Τ.ΤΖΑΝΙΔΑΚΗΣ (011651035),011651035,INTER MEDICA ΕΜΜ.Τ.ΤΖΑΝΙΔΑΚΗΣ (011651035),1674.0,,
Ψ4544690ΒΧ-ΕΞΛ,2023-04-18,ΕΝΤΑΛΜΑ ΠΛΗΡΩΜΗΣ INTER MEDICA ΕΜΜ.Τ.ΤΖΑΝΙΔΑΚΗΣ (011651035),011651035,INTER MEDICA ΕΜΜ.Τ.ΤΖΑΝΙΔΑΚΗΣ (011651035),2565.31,,
9ΥΜ44690ΒΧ-Τ8Ο,2023-04-18,ΕΝΤΑΛΜΑ ΠΛΗΡΩΜΗΣ INTER MEDICA ΕΜΜ.Τ.ΤΖΑΝΙΔΑΚΗΣ (011651035),011651035,INTER MEDICA ΕΜΜ.Τ.ΤΖΑΝΙΔΑΚΗΣ (011651035),2442.8,,
6ΑΤΖ4690ΒΧ-ΣΕ5,2023-04-21,ΕΝΤΑΛΜΑ ΠΛΗΡΩΜΗΣ VAKTRO SCIENTIFIC ΣΤΑΥΡΟΣ ΑΓΓΕΛΟΠΟΥΛΟΣ   ΣΙΑ Ο.Ε (084221869),084221869,VAKTRO SCIENTIFIC ΣΤΑΥΡΟΣ ΑΓΓΕΛΟΠΟΥΛΟΣ   ΣΙΑ Ο.Ε (084221869),20450.6,,
66ΡΘ4690ΒΧ-ΝΡΩ,2023-04-21,ΕΝΤΑΛΜΑ ΠΛΗΡΩΜΗΣ VAKTRO SCIENTIFIC ΣΤΑΥΡΟΣ ΑΓΓΕΛΟΠΟΥΛΟΣ   ΣΙΑ Ο.Ε (084221869),084221869,VAKTRO SCIENTIFIC ΣΤΑΥΡΟΣ ΑΓΓΕΛΟΠΟΥΛΟΣ   ΣΙΑ Ο.Ε (084221869),109.37,,
ΨΞΡΞ4690ΒΧ-ΖΓ6,2023-04-21,ΕΝΤΑΛΜΑ ΠΛΗΡΩΜΗΣ V   L VIOLAK INTERNATIONAL A.E (099370337),099370337,V   L VIOLAK INTERNATIONAL A.E (099370337),977.23,,
ΨΘΣΔ4690ΒΧ-ΖΙΣ,2023-04-21,ΕΝΤΑΛΜΑ ΠΛΗΡΩΜΗΣ V   L VIOLAK INTERNATIONAL A.E (099370337),099370337,V   L VIOLAK INTERNATIONAL A.E (099370337),703.59,,
9ΕΦ64690ΒΧ-ΜΘ1,2023-04-21,ΕΝΤΑΛΜΑ ΠΛΗΡΩΜΗΣ V   L VIOLAK INTERNATIONAL A.E (099370337),099370337,V   L VIOLAK INTERNATIONAL A.E (099370337),632.47,,
Ψ99Ξ4690ΒΧ-Ο4Θ,2023-04-21,ΕΝΤΑΛΜΑ ΠΛΗΡΩΜΗΣ V   L VIOLAK INTERNATIONAL A.E (099370337),099370337,V   L VIOLAK INTERNATIONAL A.E (099370337),1552.86,,
60Λ34690ΒΧ-ΞΗΕ,2023-04-21,ΕΝΤΑΛΜΑ ΠΛΗΡΩΜΗΣ V   L VIOLAK INTERNATIONAL A.E (099370337),099370337,V   L VIOLAK INTERNATIONAL A.E (099370337),2715.43,,
ΨΔΣΦ4690ΒΧ-ΜΤΨ,2023-04-19,ΕΝΤΑΛΜΑ ΠΛΗΡΩΜΗΣ MEDICON HELLAS A.E. (094240321),094240321,MEDICON HELLAS A.E. (094240321),381.6,,
9ΗΥΗ4690ΒΧ-ΩΥ5,2023-04-19,ΕΝΤΑΛΜΑ ΠΛΗΡΩΜΗΣ MEDICON HELLAS A.E. (094240321),094240321,MEDICON HELLAS A.E. (094240321),4604.16,,
6Ρ1Ξ4690ΒΧ-ΖΤΙ,2023-04-19,ΕΝΤΑΛΜΑ ΠΛΗΡΩΜΗΣ MEDICON HELLAS A.E. (094240321),094240321,MEDICON HELLAS A.E. (094240321),4899.6,,
9ΠΓΥ4690ΒΧ-1ΟΕ,2023-04-19,ΕΝΤΑΛΜΑ ΠΛΗΡΩΜΗΣ MEDICON HELLAS A.E. (094240321),094240321,MEDICON HELLAS A.E. (094240321),4876.4,,
90ΤΩ4690ΒΧ-ΓΓΞ,2023-04-21,ΕΝΤΑΛΜΑ ΠΛΗΡΩΜΗΣ INSIDE ΙΑΤΡΙΚΕΣ ΤΕΧΝΟΛΟΓΙΕΣ ΜΟΝΟΠΡΟΣΩΠΗ Ι.Κ.Ε. (800777790),800777790,INSIDE ΙΑΤΡΙΚΕΣ ΤΕΧΝΟΛΟΓΙΕΣ ΜΟΝΟΠΡΟΣΩΠΗ Ι.Κ.Ε. (800777790),269.7,,
ΨΥ6Ι4690ΒΧ-Α3Θ,2023-04-21,ΕΝΤΑΛΜΑ ΠΛΗΡΩΜΗΣ INSIDE ΙΑΤΡΙΚΕΣ ΤΕΧΝΟΛΟΓΙΕΣ ΜΟΝΟΠΡΟΣΩΠΗ Ι.Κ.Ε. (800777790),800777790,INSIDE ΙΑΤΡΙΚΕΣ ΤΕΧΝΟΛΟΓΙΕΣ ΜΟΝΟΠΡΟΣΩΠΗ Ι.Κ.Ε. (800777790),239.58,,
6ΧΘ14690ΒΧ-6Υ4,2023-04-21,ΕΝΤΑΛΜΑ ΠΛΗΡΩΜΗΣ INSIDE ΙΑΤΡΙΚΕΣ ΤΕΧΝΟΛΟΓΙΕΣ ΜΟΝΟΠΡΟΣΩΠΗ Ι.Κ.Ε. (800777790),800777790,INSIDE ΙΑΤΡΙΚΕΣ ΤΕΧΝΟΛΟΓΙΕΣ ΜΟΝΟΠΡΟΣΩΠΗ Ι.Κ.Ε. (800777790),87.69,,
ΨΕΠΜ4690ΒΧ-2ΛΖ,2023-04-21,ΕΝΤΑΛΜΑ ΠΛΗΡΩΜΗΣ INSIDE ΙΑΤΡΙΚΕΣ ΤΕΧΝΟΛΟΓΙΕΣ ΜΟΝΟΠΡΟΣΩΠΗ Ι.Κ.Ε. (800777790),800777790,INSIDE ΙΑΤΡΙΚΕΣ ΤΕΧΝΟΛΟΓΙΕΣ ΜΟΝΟΠΡΟΣΩΠΗ Ι.Κ.Ε. (800777790),5468.09,,
ΨΚΖ54690ΒΧ-35Θ,2023-04-20,ΕΝΤΑΛΜΑ ΠΛΗΡΩΜΗΣ ΠΑΥΛΟΣ ΑΡΝΑΟΥΤΗΣ Α.Ε. (094178060),094178060,ΠΑΥΛΟΣ ΑΡΝΑΟΥΤΗΣ Α.Ε. (094178060),1333.5,,
6ΨΠ94690ΒΧ-ΨΕΥ,2023-04-20,ΕΝΤΑΛΜΑ ΠΛΗΡΩΜΗΣ ΠΑΥΛΟΣ ΑΡΝΑΟΥΤΗΣ Α.Ε. (094178060),094178060,ΠΑΥΛΟΣ ΑΡΝΑΟΥΤΗΣ Α.Ε. (094178060),252.96,,
ΨΞΣΙ4690ΒΧ-Ι2Κ,2023-04-20,ΕΝΤΑΛΜΑ ΠΛΗΡΩΜΗΣ ΠΑΥΛΟΣ ΑΡΝΑΟΥΤΗΣ Α.Ε. (094178060),094178060,ΠΑΥΛΟΣ ΑΡΝΑΟΥΤΗΣ Α.Ε. (094178060),181.4,,
9ΘΙΟ4690ΒΧ-Ε9Η,2023-04-20,ΕΝΤΑΛΜΑ ΠΛΗΡΩΜΗΣ ΝΤΙΑΜΕΝΤ ΕΛΛΑΣ Α.Ε.Ε. (095259724),095259724,ΝΤΙΑΜΕΝΤ ΕΛΛΑΣ Α.Ε.Ε. (095259724),127.2,,
6ΥΒΩ4690ΒΧ-ΓΕΚ,2023-04-20,ΕΝΤΑΛΜΑ ΠΛΗΡΩΜΗΣ ΝΤΙΑΜΕΝΤ ΕΛΛΑΣ Α.Ε.Ε. (095259724),095259724,ΝΤΙΑΜΕΝΤ ΕΛΛΑΣ Α.Ε.Ε. (095259724),2859.46,,
9ΡΝΘ4690ΒΧ-ΛΗΥ,2023-04-21,ΕΝΤΑΛΜΑ ΠΛΗΡΩΜΗΣ ΝΙΚ.Ι.ΛΑΊΝΙΩΤΗΣ Α.Ε.Β.Ε (093628458),093628458,ΝΙΚ.Ι.ΛΑΊΝΙΩΤΗΣ Α.Ε.Β.Ε (093628458),1478.04,,
9Υ9Τ4690ΒΧ-Β0Δ,2023-04-21,ΕΝΤΑΛΜΑ ΠΛΗΡΩΜΗΣ ΝΙΚ.Ι.ΛΑΊΝΙΩΤΗΣ Α.Ε.Β.Ε (093628458),093628458,ΝΙΚ.Ι.ΛΑΊΝΙΩΤΗΣ Α.Ε.Β.Ε (093628458),1073.95,,
681Μ4690ΒΧ-8ΝΧ,2023-04-21,ΕΝΤΑΛΜΑ ΠΛΗΡΩΜΗΣ ΝΙΚ.Ι.ΛΑΊΝΙΩΤΗΣ Α.Ε.Β.Ε (093628458),093628458,ΝΙΚ.Ι.ΛΑΊΝΙΩΤΗΣ Α.Ε.Β.Ε (093628458),1648.25,,
ΨΗΠΜ4690ΒΧ-Μ96,2023-04-21,ΕΝΤΑΛΜΑ ΠΛΗΡΩΜΗΣ ΝΙΚ.Ι.ΛΑΊΝΙΩΤΗΣ Α.Ε.Β.Ε (093628458),093628458,ΝΙΚ.Ι.ΛΑΊΝΙΩΤΗΣ Α.Ε.Β.Ε (093628458),930.52,,
9Κ644690ΒΧ-ΜΕ1,2023-04-21,ΕΝΤΑΛΜΑ ΠΛΗΡΩΜΗΣ ΝΙΚ.Ι.ΛΑΊΝΙΩΤΗΣ Α.Ε.Β.Ε (093628458),093628458,ΝΙΚ.Ι.ΛΑΊΝΙΩΤΗΣ Α.Ε.Β.Ε (093628458),3354.27,,
ΨΖ7Ι4690ΒΧ-2ΒΡ,2023-04-21,ΕΝΤΑΛΜΑ ΠΛΗΡΩΜΗΣ ΝΙΚ.Ι.ΛΑΊΝΙΩΤΗΣ Α.Ε.Β.Ε (093628458),093628458,ΝΙΚ.Ι.ΛΑΊΝΙΩΤΗΣ Α.Ε.Β.Ε (093628458),261.55,,
6Σ004690ΒΧ-ΛΓ2,2023-04-20,ΕΝΤΑΛΜΑ ΠΛΗΡΩΜΗΣ ΜΑΓΕΙΡΑΣ ΔΙΑΓΝ.ΜΗΧΑΝΗΜΑΤΑ Α.Ε. (095444407),095444407,ΜΑΓΕΙΡΑΣ ΔΙΑΓΝ.ΜΗΧΑΝΗΜΑΤΑ Α.Ε. (095444407),298.84,,
Ψ5304690ΒΧ-Ξ1Α,2023-04-20,ΕΝΤΑΛΜΑ ΠΛΗΡΩΜΗΣ ΜΑΓΕΙΡΑΣ ΔΙΑΓΝ.ΜΗΧΑΝΗΜΑΤΑ Α.Ε. (095444407),095444407,ΜΑΓΕΙΡΑΣ ΔΙΑΓΝ.ΜΗΧΑΝΗΜΑΤΑ Α.Ε. (095444407),4610.2,,
Ψ2ΝΣ4690ΒΧ-ΙΔ1,2023-04-20,ΕΝΤΑΛΜΑ ΠΛΗΡΩΜΗΣ ΜΑΓΕΙΡΑΣ ΔΙΑΓΝ.ΜΗΧΑΝΗΜΑΤΑ Α.Ε. (095444407),095444407,ΜΑΓΕΙΡΑΣ ΔΙΑΓΝ.ΜΗΧΑΝΗΜΑΤΑ Α.Ε. (095444407),548.05,,
Ω8984690ΒΧ-ΩΓ6,2023-04-20,ΕΝΤΑΛΜΑ ΠΛΗΡΩΜΗΣ ΚΛΕΟΠΑΤΡΑ ΓΚΟΥΒΑ (041699970),041699970,ΚΛΕΟΠΑΤΡΑ ΓΚΟΥΒΑ (041699970),682.0,,
9Γ1Α4690ΒΧ-95Χ,2023-04-20,ΕΝΤΑΛΜΑ ΠΛΗΡΩΜΗΣ ΙΑΤΡΙΚΑ ΒΟΗΘΗΜΑΤΑ Ι.Κ.Ε (999815729),999815729,ΙΑΤΡΙΚΑ ΒΟΗΘΗΜΑΤΑ Ι.Κ.Ε (999815729),22.32,,
ΨΗ0Ν4690ΒΧ-ΚΚΡ,2023-04-20,ΕΝΤΑΛΜΑ ΠΛΗΡΩΜΗΣ ΙΑΤΡΙΚΑ ΒΟΗΘΗΜΑΤΑ Ι.Κ.Ε (999815729),999815729,ΙΑΤΡΙΚΑ ΒΟΗΘΗΜΑΤΑ Ι.Κ.Ε (999815729),1496.03,,
ΨΠΕ44690ΒΧ-ΞΟ9,2023-04-20,ΕΝΤΑΛΜΑ ΠΛΗΡΩΜΗΣ ΙΑΤΡΙΚΑ ΒΟΗΘΗΜΑΤΑ Ι.Κ.Ε (999815729),999815729,ΙΑΤΡΙΚΑ ΒΟΗΘΗΜΑΤΑ Ι.Κ.Ε (999815729),870.48,,
6ΘΙ54690ΒΧ-Π6Μ,2023-04-19,ΕΝΤΑΛΜΑ ΠΛΗΡΩΜΗΣ ΑΡΗΤΗ Α.Ε. (094251753),094251753,ΑΡΗΤΗ Α.Ε. (094251753),353.4,,
9ΗΝΚ4690ΒΧ-ΙΟΞ,2023-04-20,ΕΝΤΑΛΜΑ ΠΛΗΡΩΜΗΣ ΠΗΓΑΣΟΣ ΑΕ (800738217),800738217,ΠΗΓΑΣΟΣ ΑΕ (800738217),1696.0,,
9ΒΛΤ4690ΒΧ-Λ5Γ,2023-04-19,ΕΝΤΑΛΜΑ ΠΛΗΡΩΜΗΣ ΑΡΗΤΗ Α.Ε. (094251753),094251753,ΑΡΗΤΗ Α.Ε. (094251753),5244.46,,
667Η4690ΒΧ-Δ6Α,2023-04-19,ΕΝΤΑΛΜΑ ΠΛΗΡΩΜΗΣ ΑΡΗΤΗ Α.Ε. (094251753),094251753,ΑΡΗΤΗ Α.Ε. (094251753),6870.4,,
Ψ5ΠΓ4690ΒΧ-6ΦΔ,2023-04-19,ΕΝΤΑΛΜΑ ΠΛΗΡΩΜΗΣ ΑΡΗΤΗ Α.Ε. (094251753),094251753,ΑΡΗΤΗ Α.Ε. (094251753),421.6,,
6ΦΣ64690ΒΧ-Δ4Ι,2023-04-19,ΕΝΤΑΛΜΑ ΠΛΗΡΩΜΗΣ SCITEC ΙΑΤΡΙΚΑ ΣΥΣΤΗΜΑΤΑ Ε.Ε (094457478),094457478,SCITEC ΙΑΤΡΙΚΑ ΣΥΣΤΗΜΑΤΑ Ε.Ε (094457478),225.06,,
Ρ7ΖΝ4690ΒΧ-ΗΨΨ,2023-04-19,ΕΝΤΑΛΜΑ ΠΛΗΡΩΜΗΣ SCITEC ΙΑΤΡΙΚΑ ΣΥΣΤΗΜΑΤΑ Ε.Ε (094457478),094457478,SCITEC ΙΑΤΡΙΚΑ ΣΥΣΤΗΜΑΤΑ Ε.Ε (094457478),198.4,,
ΨΣΥΡ4690ΒΧ-Τ52,2023-04-19,ΕΝΤΑΛΜΑ ΠΛΗΡΩΜΗΣ SCITEC ΙΑΤΡΙΚΑ ΣΥΣΤΗΜΑΤΑ Ε.Ε (094457478),094457478,SCITEC ΙΑΤΡΙΚΑ ΣΥΣΤΗΜΑΤΑ Ε.Ε (094457478),976.0,,
69ΥΩ4690ΒΧ-8Ψ9,2023-04-20,ΕΝΤΑΛΜΑ ΠΛΗΡΩΜΗΣ PROGNOSIS BIOTECH Α.Ε. (997845150),997845150,PROGNOSIS BIOTECH Α.Ε. (997845150),321.18,,
Ω82Β4690ΒΧ-ΟΧΜ,2023-04-20,ΕΝΤΑΛΜΑ ΠΛΗΡΩΜΗΣ MILONAS HEALTH A.E. (998179225),998179225,MILONAS HEALTH A.E. (998179225),975.7,,
9Γ4Η4690ΒΧ-3ΦΒ,2023-04-20,ΕΝΤΑΛΜΑ ΠΛΗΡΩΜΗΣ MILONAS HEALTH A.E. (998179225),998179225,MILONAS HEALTH A.E. (998179225),1261.12,,
Ψ0Μ34690ΒΧ-0ΟΓ,2023-04-19,ΕΝΤΑΛΜΑ ΠΛΗΡΩΜΗΣ MEDICON HELLAS A.E. (094240321),094240321,MEDICON HELLAS A.E. (094240321),5226.88,,
ΡΩ5Φ4690ΒΧ-1ΘΝ,2023-04-19,ΕΝΤΑΛΜΑ ΠΛΗΡΩΜΗΣ MEDICON HELLAS A.E. (094240321),094240321,MEDICON HELLAS A.E. (094240321),1081.2,,
Ρ6ΑΥ4690ΒΧ-ΖΚ7,2023-04-19,ΕΝΤΑΛΜΑ ΠΛΗΡΩΜΗΣ MEDICON HELLAS A.E. (094240321),094240321,MEDICON HELLAS A.E. (094240321),4555.24,,
ΨΤΛ74690ΒΧ-ΒΗΝ,2023-04-19,ΕΝΤΑΛΜΑ ΠΛΗΡΩΜΗΣ MEDICON HELLAS A.E. (094240321),094240321,MEDICON HELLAS A.E. (094240321),4652.16,,
984Ε4690ΒΧ-5ΧΝ,2023-04-19,ΕΝΤΑΛΜΑ ΠΛΗΡΩΜΗΣ MEDICON HELLAS A.E. (094240321),094240321,MEDICON HELLAS A.E. (094240321),4564.36,,
ΡΡΛ04690ΒΧ-ΙΕΛ,2023-04-19,ΕΝΤΑΛΜΑ ΠΛΗΡΩΜΗΣ MEDICON HELLAS A.E. (094240321),094240321,MEDICON HELLAS A.E. (094240321),4391.6,,
Ρ7Φ84690ΒΧ-0Υ5,2023-04-19,ΕΝΤΑΛΜΑ ΠΛΗΡΩΜΗΣ MEDICON HELLAS A.E. (094240321),094240321,MEDICON HELLAS A.E. (094240321),7762.76,,
Ψ6ΑΔ4690ΒΧ-Κ2Ι,2023-04-20,ΕΝΤΑΛΜΑ ΠΛΗΡΩΜΗΣ DIACHEL ΔΙΑΓΝ.-ΧΗΜ.ΟΡΓ.Ε.Π.Ε. (095341314),095341314,DIACHEL ΔΙΑΓΝ.-ΧΗΜ.ΟΡΓ.Ε.Π.Ε. (095341314),514.21,,
ΨΧΡ84690ΒΧ-Ε0Ψ,2023-04-20,ΕΝΤΑΛΜΑ ΠΛΗΡΩΜΗΣ DIACHEL ΔΙΑΓΝ.-ΧΗΜ.ΟΡΓ.Ε.Π.Ε. (095341314),095341314,DIACHEL ΔΙΑΓΝ.-ΧΗΜ.ΟΡΓ.Ε.Π.Ε. (095341314),678.4,,
9ΓΜΚ4690ΒΧ-ΥΙ4,2023-04-20,ΕΝΤΑΛΜΑ ΠΛΗΡΩΜΗΣ DIACHEL ΔΙΑΓΝ.-ΧΗΜ.ΟΡΓ.Ε.Π.Ε. (095341314),095341314,DIACHEL ΔΙΑΓΝ.-ΧΗΜ.ΟΡΓ.Ε.Π.Ε. (095341314),133.92,,
684Δ4690ΒΧ-3ΛΧ,2023-04-20,ΕΝΤΑΛΜΑ ΠΛΗΡΩΜΗΣ BIO-G ΑΘΗΝΑ ΓΚΟΥΛΙΑΜΗ ΚΑΙ ΣΙΑ Ε.Ε (997743250),997743250,BIO-G ΑΘΗΝΑ ΓΚΟΥΛΙΑΜΗ ΚΑΙ ΣΙΑ Ε.Ε (997743250),1104.84,,
ΨΣΖ54690ΒΧ-340,2023-03-31,ΕΝΤΑΛΜΑ ΠΛΗΡΩΜΗΣ ΑΓΚΦΑ - ΓΚΕΒΕΡΤ ΑΕΒΕ (094025805),094025805,ΑΓΚΦΑ - ΓΚΕΒΕΡΤ ΑΕΒΕ (094025805),9733.96,,
93ΧΘ4690ΒΧ-ΙΧΞ,2023-03-31,ΕΝΤΑΛΜΑ ΠΛΗΡΩΜΗΣ Rethink ΑΕΒΕ (999125269),999125269,Rethink ΑΕΒΕ (999125269),3059.45,,
ΨΣ0Υ4690ΒΧ-4ΓΓ,2023-03-31,ΕΝΤΑΛΜΑ ΠΛΗΡΩΜΗΣ Rethink ΑΕΒΕ (999125269),999125269,Rethink ΑΕΒΕ (999125269),525.76,,
9Β734690ΒΧ-0Ξ7,2023-03-31,ΕΝΤΑΛΜΑ ΠΛΗΡΩΜΗΣ Rethink ΑΕΒΕ (999125269),999125269,Rethink ΑΕΒΕ (999125269),2994.6,,
Ρ67Τ4690ΒΧ-ΤΣΛ,2023-03-27,ΕΝΤΑΛΜΑ ΠΛΗΡΩΜΗΣ GE HEALTHCARE (094472918),094472918,GE HEALTHCARE (094472918),20782.4,,
6ΠΞ54690ΒΧ-ΠΓΝ,2023-03-27,ΕΝΤΑΛΜΑ ΠΛΗΡΩΜΗΣ COMPUTER SOLUTIONS ΑΝΩΝΥΜΗ (095403136),095403136,COMPUTER SOLUTIONS ΑΝΩΝΥΜΗ (095403136),3100.0,,
6ΑΨΚ4690ΒΧ-Η73,2023-03-27,ΕΝΤΑΛΜΑ ΠΛΗΡΩΜΗΣ COMPUTER SOLUTIONS ΑΝΩΝΥΜΗ (095403136),095403136,COMPUTER SOLUTIONS ΑΝΩΝΥΜΗ (095403136),9506.66,,
ΨΤΘΔ4690ΒΧ-ΓΧΩ,2023-03-31,ΕΝΤΑΛΜΑ ΠΛΗΡΩΜΗΣ <<ΠΕΙΡΑΪΚΗ ΕΦΟΔΙΑΣΤΙΚΗ>> Σ.ΚΑΤΕΧΗΣ   ΣΙΑ Ο.Ε (999234290),999234290,<<ΠΕΙΡΑΪΚΗ ΕΦΟΔΙΑΣΤΙΚΗ>> Σ.ΚΑΤΕΧΗΣ   ΣΙΑ Ο.Ε (999234290),3137.08,,
ΨΔ0Δ4690ΒΧ-6Ψ7,2023-04-24,ΕΝΤΑΛΜΑ ΠΛΗΡΩΜΗΣ ΒΕΡΟΝΙΚΑ ΜΟΥΚΑ τ. ΚΩΝ/ΝΟΥ (136677323),136677323,ΒΕΡΟΝΙΚΑ ΜΟΥΚΑ τ. ΚΩΝ/ΝΟΥ (136677323),1233.67,,
9ΡΥΑ4690ΒΧ-2ΛΥ,2023-04-19,ΕΝΤΑΛΜΑ ΠΛΗΡΩΜΗΣ ΚΑΡΑΛΗ Ε.ΧΡΙΣΤΙΝΑ (148570209),148570209,ΚΑΡΑΛΗ Ε.ΧΡΙΣΤΙΝΑ (148570209),1364.0,,
618Β4690ΒΧ-ΝΑ6,2023-04-19,ΕΝΤΑΛΜΑ ΠΛΗΡΩΜΗΣ ΧΑΒΑΛΕΣ Α.-ΧΑΤΖΗΣΥΜΕΩΝ Κ.Ο.Ε. (999895147),999895147,ΧΑΒΑΛΕΣ Α.-ΧΑΤΖΗΣΥΜΕΩΝ Κ.Ο.Ε. (999895147),1959.99,,
97ΦΠ4690ΒΧ-3ΟΝ,2023-04-18,ΕΝΤΑΛΜΑ ΠΛΗΡΩΜΗΣ ΠΕΤΡΟΣ ΧΑΡ.ΚΟΣΜΙΔΗΣ   ΣΙΑ Ε.Ε. (999685389),999685389,ΠΕΤΡΟΣ ΧΑΡ.ΚΟΣΜΙΔΗΣ   ΣΙΑ Ε.Ε. (999685389),557.14,,
Ψ8ΥΤ4690ΒΧ-ΙΒΚ,2023-04-21,ΕΝΤΑΛΜΑ ΠΛΗΡΩΜΗΣ ΝΙΚ.Ι.ΛΑΊΝΙΩΤΗΣ Α.Ε.Β.Ε (093628458),093628458,ΝΙΚ.Ι.ΛΑΊΝΙΩΤΗΣ Α.Ε.Β.Ε (093628458),3766.47,,
ΨΗΒΨ4690ΒΧ-Ι6Π,2023-04-21,ΕΝΤΑΛΜΑ ΠΛΗΡΩΜΗΣ ΝΙΚ.Ι.ΛΑΊΝΙΩΤΗΣ Α.Ε.Β.Ε (093628458),093628458,ΝΙΚ.Ι.ΛΑΊΝΙΩΤΗΣ Α.Ε.Β.Ε (093628458),3277.7,,
9ΛΔ04690ΒΧ-ΥΡΧ,2023-04-21,ΕΝΤΑΛΜΑ ΠΛΗΡΩΜΗΣ ΝΙΚ.Ι.ΛΑΊΝΙΩΤΗΣ Α.Ε.Β.Ε (093628458),093628458,ΝΙΚ.Ι.ΛΑΊΝΙΩΤΗΣ Α.Ε.Β.Ε (093628458),119.04,,
9ΚΔΔ4690ΒΧ-8ΦΤ,2023-04-20,ΕΝΤΑΛΜΑ ΠΛΗΡΩΜΗΣ Ι.Μ.ΚΥΡΙΑΚΙΔΗΣ Α.Ε (094128820),094128820,Ι.Μ.ΚΥΡΙΑΚΙΔΗΣ Α.Ε (094128820),18480.0,,
9ΩΕ44690ΒΧ-8ΞΦ,2023-04-20,ΕΝΤΑΛΜΑ ΠΛΗΡΩΜΗΣ Ι.Μ.ΚΥΡΙΑΚΙΔΗΣ Α.Ε (094128820),094128820,Ι.Μ.ΚΥΡΙΑΚΙΔΗΣ Α.Ε (094128820),24024.0,,
Ψ6ΒΖ4690ΒΧ-4Ψ7,2023-04-21,ΕΝΤΑΛΜΑ ΠΛΗΡΩΜΗΣ VAKTRO SCIENTIFIC ΣΤΑΥΡΟΣ ΑΓΓΕΛΟΠΟΥΛΟΣ   ΣΙΑ Ο.Ε (084221869),084221869,VAKTRO SCIENTIFIC ΣΤΑΥΡΟΣ ΑΓΓΕΛΟΠΟΥΛΟΣ   ΣΙΑ Ο.Ε (084221869),7200.0,,
Ψ5ΧΧ4690ΒΧ-ΕΗΗ,2023-04-21,ΕΝΤΑΛΜΑ ΠΛΗΡΩΜΗΣ V   L VIOLAK INTERNATIONAL A.E (099370337),099370337,V   L VIOLAK INTERNATIONAL A.E (099370337),418.17,,
ΨΜΗΟ4690ΒΧ-Κ8Π,2023-04-20,ΕΝΤΑΛΜΑ ΠΛΗΡΩΜΗΣ PROGNOSIS BIOTECH Α.Ε. (997845150),997845150,PROGNOSIS BIOTECH Α.Ε. (997845150),3900.0,,
Ψ1ΩΠ4690ΒΧ-ΖΝ2,2023-04-18,ΕΝΤΑΛΜΑ ΠΛΗΡΩΜΗΣ Ν.ΠΡΟΚΟΣ   ΣΙΑ Ο.Ε. (999426109),999426109,Ν.ΠΡΟΚΟΣ   ΣΙΑ Ο.Ε. (999426109),214.95,,
ΨΘ1Ζ4690ΒΧ-3Κ2,2023-04-18,ΕΝΤΑΛΜΑ ΠΛΗΡΩΜΗΣ ΓΕΛΑΔΑΚΗΣ ΔΗΜ.   ΣΙΑ ΕΕ (800378754),800378754,ΓΕΛΑΔΑΚΗΣ ΔΗΜ.   ΣΙΑ ΕΕ (800378754),347.2,,
ΨΡΟΕ4690ΒΧ-Ν5Τ,2023-04-18,ΕΝΤΑΛΜΑ ΠΛΗΡΩΜΗΣ ΓΕΛΑΔΑΚΗΣ ΔΗΜ.   ΣΙΑ ΕΕ (800378754),800378754,ΓΕΛΑΔΑΚΗΣ ΔΗΜ.   ΣΙΑ ΕΕ (800378754),171.12,,
ΨΧΝΗ4690ΒΧ-ΩΨ9,2023-04-24,ΕΝΤΑΛΜΑ ΠΛΗΡΩΜΗΣ ΒΕΡΟΝΙΚΑ ΜΟΥΚΑ τ. ΚΩΝ/ΝΟΥ (136677323),136677323,ΒΕΡΟΝΙΚΑ ΜΟΥΚΑ τ. ΚΩΝ/ΝΟΥ (136677323),1210.67,,
ΩΖ5Γ4690ΒΧ-ΖΑ2,2023-04-24,ΕΝΤΑΛΜΑ ΠΛΗΡΩΜΗΣ ΒΕΡΟΝΙΚΑ ΜΟΥΚΑ τ. ΚΩΝ/ΝΟΥ (136677323),136677323,ΒΕΡΟΝΙΚΑ ΜΟΥΚΑ τ. ΚΩΝ/ΝΟΥ (136677323),1314.95,,
ΨΛΣΝ4690ΒΧ-Β01,2023-04-18,ΕΝΤΑΛΜΑ ΠΛΗΡΩΜΗΣ ΒΑΚΕΝΤΗΣ ΕΜΜ. Ο.Ε. (800151001),800151001,ΒΑΚΕΝΤΗΣ ΕΜΜ. Ο.Ε. (800151001),1359.55,,
ΨΧ704690ΒΧ-ΧΛ8,2023-04-18,ΕΝΤΑΛΜΑ ΠΛΗΡΩΜΗΣ ΒΑΚΕΝΤΗΣ ΕΜΜ. Ο.Ε. (800151001),800151001,ΒΑΚΕΝΤΗΣ ΕΜΜ. Ο.Ε. (800151001),507.66,,
6Ζ624690ΒΧ-6ΒΠ,2023-04-18,ΕΝΤΑΛΜΑ ΠΛΗΡΩΜΗΣ ΒΑΚΕΝΤΗΣ ΕΜΜ. Ο.Ε. (800151001),800151001,ΒΑΚΕΝΤΗΣ ΕΜΜ. Ο.Ε. (800151001),366.29,,
Ψ1904690ΒΧ-5ΟΙ,2023-04-24,ΕΝΤΑΛΜΑ ΠΛΗΡΩΜΗΣ ELINCO A.E.ΣΥΣΤΗΜΑΤΑ ΕΛΕΓΧΟΥ ΠΥΡΟΠΡΟΣΤΑΣΙΑΣ-ΑΣΦΑΛΕΙΑΣ (094475496),094475496,ELINCO A.E.ΣΥΣΤΗΜΑΤΑ ΕΛΕΓΧΟΥ ΠΥΡΟΠΡΟΣΤΑΣΙΑΣ-ΑΣΦΑΛΕΙΑΣ (094475496),3658.0,,
9ΠΡΠ4690ΒΧ-Τ9Α,2023-04-24,ΕΝΤΑΛΜΑ ΠΛΗΡΩΜΗΣ ELINCO A.E.ΣΥΣΤΗΜΑΤΑ ΕΛΕΓΧΟΥ ΠΥΡΟΠΡΟΣΤΑΣΙΑΣ-ΑΣΦΑΛΕΙΑΣ (094475496),094475496,ELINCO A.E.ΣΥΣΤΗΜΑΤΑ ΕΛΕΓΧΟΥ ΠΥΡΟΠΡΟΣΤΑΣΙΑΣ-ΑΣΦΑΛΕΙΑΣ (094475496),80.6,,
9Κ984690ΒΧ-ΟΛΨ,2023-04-18,ΕΝΤΑΛΜΑ ΠΛΗΡΩΜΗΣ Drager Hellas S.A. (997799268),997799268,Drager Hellas S.A. (997799268),700.1,,
ΩΜΙΞ4690ΒΧ-ΦΑΖ,2023-04-18,ΕΝΤΑΛΜΑ ΠΛΗΡΩΜΗΣ Drager Hellas S.A. (997799268),997799268,Drager Hellas S.A. (997799268),94.24,,
93Η84690ΒΧ-6Α0,2023-04-04,ΕΝΤΑΛΜΑ ΠΛΗΡΩΜΗΣ ΑΤΟΜΙΚΗ ΦΡΟΝΤΙΔΑ ΑΒΕΕ (998476060),998476060,ΑΤΟΜΙΚΗ ΦΡΟΝΤΙΔΑ ΑΒΕΕ (998476060),1144.46,,
ΨΘΖΘ4690ΒΧ-Θ6Ρ,2023-03-31,ΕΝΤΑΛΜΑ ΠΛΗΡΩΜΗΣ ΑΤΟΜΙΚΗ ΦΡΟΝΤΙΔΑ ΑΒΕΕ (998476060),998476060,ΑΤΟΜΙΚΗ ΦΡΟΝΤΙΔΑ ΑΒΕΕ (998476060),499.97,,
6Ρ2Ψ4690ΒΧ-4Ε7,2023-03-30,ΕΝΤΑΛΜΑ ΠΛΗΡΩΜΗΣ atc ΟΡΚΩΤΟΙ ΕΛΕΓΚΤΕΣ ΛΟΓΙΣΤΕΣ Ε.Π.Ε. (800390012),800390012,atc ΟΡΚΩΤΟΙ ΕΛΕΓΚΤΕΣ ΛΟΓΙΣΤΕΣ Ε.Π.Ε. (800390012),4141.6,,
ΨΩΥΩ4690ΒΧ-Χ2Φ,2023-03-31,ΕΝΤΑΛΜΑ ΠΛΗΡΩΜΗΣ ΝΟΣΟΚΟΜΕΙΑΚΗ ΓΡΑΜΜΗ Α.Ε (094396063),094396063,ΝΟΣΟΚΟΜΕΙΑΚΗ ΓΡΑΜΜΗ Α.Ε (094396063),1892.12,,
93ΕΠ4690ΒΧ-ΘΡ8,2023-03-31,ΕΝΤΑΛΜΑ ΠΛΗΡΩΜΗΣ ΝΟΣΟΚΟΜΕΙΑΚΗ ΓΡΑΜΜΗ Α.Ε (094396063),094396063,ΝΟΣΟΚΟΜΕΙΑΚΗ ΓΡΑΜΜΗ Α.Ε (094396063),1613.8,,
68Ε24690ΒΧ-Ε22,2023-03-31,ΕΝΤΑΛΜΑ ΠΛΗΡΩΜΗΣ ΝΟΣΟΚΟΜΕΙΑΚΗ ΓΡΑΜΜΗ Α.Ε (094396063),094396063,ΝΟΣΟΚΟΜΕΙΑΚΗ ΓΡΑΜΜΗ Α.Ε (094396063),1291.17,,
94ΠΓ4690ΒΧ-Σ79,2023-04-05,ΕΝΤΑΛΜΑ ΠΛΗΡΩΜΗΣ ΣΤΡΑΤΗΣ ΝΙΚ.ΑΡΑΒΑΝΗΣ ΣΙΑ Ο.Ε (092053060),092053060,ΣΤΡΑΤΗΣ ΝΙΚ.ΑΡΑΒΑΝΗΣ ΣΙΑ Ο.Ε (092053060),102.0,,
Ψ48Φ4690ΒΧ-ΘΗΠ,2023-04-05,ΕΝΤΑΛΜΑ ΠΛΗΡΩΜΗΣ ΠΗΝΕΛΟΠΗ Δ.ΚΥΡΚΟΥ (066483339),066483339,ΠΗΝΕΛΟΠΗ Δ.ΚΥΡΚΟΥ (066483339),496.0,,
9Χ534690ΒΧ-70Τ,2023-04-05,ΕΝΤΑΛΜΑ ΠΛΗΡΩΜΗΣ ΛΑΖΑΡΗΣ ΠΕΤΡΟΣ (024859321),024859321,ΛΑΖΑΡΗΣ ΠΕΤΡΟΣ (024859321),1488.0,,
6Π1Σ4690ΒΧ-ΑΧΡ,2023-04-05,ΕΝΤΑΛΜΑ ΠΛΗΡΩΜΗΣ ΚΑΤΩΠΟΔΗ ΣΟΦΙΑ (301361974),301361974,ΚΑΤΩΠΟΔΗ ΣΟΦΙΑ (301361974),210.8,,
ΨΑΡ24690ΒΧ-ΝΒΒ,2023-04-10,ΕΝΤΑΛΜΑ ΠΛΗΡΩΜΗΣ A SECURITY ΑΥΓΕΡΙΝΟΣ ΙΩΑΝΝΗΣ (106923693),106923693,A SECURITY ΑΥΓΕΡΙΝΟΣ ΙΩΑΝΝΗΣ (106923693),564.2,,
6Σ8Β4690ΒΧ-Ε3Β,2023-03-31,ΕΝΤΑΛΜΑ ΠΛΗΡΩΜΗΣ ΣΚΛΗΡΗΣ Κ. ΜΠΑΡΔΟΥΤΣΟΣ Γ. Ο.Ε. (998218661),998218661,ΣΚΛΗΡΗΣ Κ. ΜΠΑΡΔΟΥΤΣΟΣ Γ. Ο.Ε. (998218661),395.0,,
ΨΩ744690ΒΧ-0Υ6,2023-03-31,ΕΝΤΑΛΜΑ ΠΛΗΡΩΜΗΣ ΠΕΤΡΟΣ ΧΑΡ.ΚΟΣΜΙΔΗΣ   ΣΙΑ Ε.Ε. (999685389),999685389,ΠΕΤΡΟΣ ΧΑΡ.ΚΟΣΜΙΔΗΣ   ΣΙΑ Ε.Ε. (999685389),841.03,,
65804690ΒΧ-ΙΔ0,2023-03-31,ΕΝΤΑΛΜΑ ΠΛΗΡΩΜΗΣ ΠΕΤΡΟΣ ΧΑΡ.ΚΟΣΜΙΔΗΣ   ΣΙΑ Ε.Ε. (999685389),999685389,ΠΕΤΡΟΣ ΧΑΡ.ΚΟΣΜΙΔΗΣ   ΣΙΑ Ε.Ε. (999685389),746.4,,
63Η54690ΒΧ-00Ζ,2023-03-31,ΕΝΤΑΛΜΑ ΠΛΗΡΩΜΗΣ ΠΕΤΡΟΣ ΧΑΡ.ΚΟΣΜΙΔΗΣ   ΣΙΑ Ε.Ε. (999685389),999685389,ΠΕΤΡΟΣ ΧΑΡ.ΚΟΣΜΙΔΗΣ   ΣΙΑ Ε.Ε. (999685389),118.72,,
64ΕΤ4690ΒΧ-ΛΑΓ,2023-04-07,ΕΝΤΑΛΜΑ ΠΛΗΡΩΜΗΣ ΝΙΚΟΛΑΟΣ ΚΟΥΡΤΗΣ   ΣΙΑ Ε.Ε (997915143),997915143,ΝΙΚΟΛΑΟΣ ΚΟΥΡΤΗΣ   ΣΙΑ Ε.Ε (997915143),1495.35,,
ΨΨΕ44690ΒΧ-ΙΞΕ,2023-04-07,ΕΝΤΑΛΜΑ ΠΛΗΡΩΜΗΣ ΕΞΟΠΛΙΣΤΙΚΗ ΛΕΥΚΑΔΑΣ (801720654),801720654,ΕΞΟΠΛΙΣΤΙΚΗ ΛΕΥΚΑΔΑΣ (801720654),947.36,,
ΨΦ1Ψ4690ΒΧ-ΠΘΟ,2023-03-31,ΕΝΤΑΛΜΑ ΠΛΗΡΩΜΗΣ ΑΠ.ΘΩΜΑΔΑΚΗΣ   ΣΙΑ ΕΕ (998210454),998210454,ΑΠ.ΘΩΜΑΔΑΚΗΣ   ΣΙΑ ΕΕ (998210454),158.47,,
68Τ64690ΒΧ-ΗΡΨ,2023-04-07,ΕΝΤΑΛΜΑ ΠΛΗΡΩΜΗΣ TYPO-CENTER ΓΕΡ.ΒΕΡΓΙΝΗΣ (028558054),028558054,TYPO-CENTER ΓΕΡ.ΒΕΡΓΙΝΗΣ (028558054),270.39,,
61Π54690ΒΧ-67Κ,2023-03-24,ΕΝΤΑΛΜΑ ΠΛΗΡΩΜΗΣ ΚΟΝΤΟΓΙΑΝΝΗ ΟΥΡΑΝΙΑ (301366552),301366552,ΚΟΝΤΟΓΙΑΝΝΗ ΟΥΡΑΝΙΑ (301366552),4337.14,,
9ΚΞ44690ΒΧ-4ΣΒ,2023-03-31,ΕΝΤΑΛΜΑ ΠΛΗΡΩΜΗΣ ΕΛΛΗΝΙΚΑ ΚΑΥΣΙΜΑ ΟΡΥΚΤΕΛΑΙΑ ΜΟΝΟΠΡ.ΑΝΩΝ.ΒΙΟΜΗΧ.  ΕΜΠΟΡ.ΕΤΑΙΡΕΙΑ (094010146),094010146,ΕΛΛΗΝΙΚΑ ΚΑΥΣΙΜΑ ΟΡΥΚΤΕΛΑΙΑ ΜΟΝΟΠΡ.ΑΝΩΝ.ΒΙΟΜΗΧ.  ΕΜΠΟΡ.ΕΤΑΙΡΕΙΑ (094010146),41083.33,,
9Ε444690ΒΧ-ΞΨΘ,2023-03-31,ΕΝΤΑΛΜΑ ΠΛΗΡΩΜΗΣ ΨΗΛΙΑΚΟΣ ΛΕΩΝΙΔΑΣ   ΣΙΑ (999495127),999495127,ΨΗΛΙΑΚΟΣ ΛΕΩΝΙΔΑΣ   ΣΙΑ (999495127),359.6,,
9ΕΑ54690ΒΧ-6ΛΣ,2023-03-31,ΕΝΤΑΛΜΑ ΠΛΗΡΩΜΗΣ ΚΟΠΕΡ ΑΕ (094007897),094007897,ΚΟΠΕΡ ΑΕ (094007897),4345.98,,
ΨΛΩΚ4690ΒΧ-ΡΨΝ,2023-03-31,ΕΝΤΑΛΜΑ ΠΛΗΡΩΜΗΣ ΚΟΠΕΡ ΑΕ (094007897),094007897,ΚΟΠΕΡ ΑΕ (094007897),1452.28,,
Ψ3ΘΜ4690ΒΧ-Θ3Ε,2023-03-31,ΕΝΤΑΛΜΑ ΠΛΗΡΩΜΗΣ ΑΓΚΦΑ - ΓΚΕΒΕΡΤ ΑΕΒΕ (094025805),094025805,ΑΓΚΦΑ - ΓΚΕΒΕΡΤ ΑΕΒΕ (094025805),9734.0,,
Ψ0ΥΗ4690ΒΧ-ΛΝΩ,2023-03-30,ΕΝΤΑΛΜΑ ΠΛΗΡΩΜΗΣ Α.Μ.ΒΙΔΑΛΗΣ INTERNATIONAL ΜΟΝΟΠΡΟΣΩΠΗ ΕΠΕ (095185177),095185177,Α.Μ.ΒΙΔΑΛΗΣ INTERNATIONAL ΜΟΝΟΠΡΟΣΩΠΗ ΕΠΕ (095185177),3286.0,,
ΨΦΛ64690ΒΧ-ΘΞΝ,2023-03-31,ΕΝΤΑΛΜΑ ΠΛΗΡΩΜΗΣ PublicSoft Ι.Κ.Ε. (800837416),800837416,PublicSoft Ι.Κ.Ε. (800837416),8456.8,,
6Ζ4Υ4690ΒΧ-ΑΒ2,2023-03-31,ΕΝΤΑΛΜΑ ΠΛΗΡΩΜΗΣ KARL STORZ-ΕΝΔΟΣΚΟΠΙΑ ΕΛΛΑΔΟΣ Ε.Π.Ε (998361490),998361490,KARL STORZ-ΕΝΔΟΣΚΟΠΙΑ ΕΛΛΑΔΟΣ Ε.Π.Ε (998361490),3844.0,,
6ΠΕΔ4690ΒΧ-ΡΛ1,2023-03-31,ΕΝΤΑΛΜΑ ΠΛΗΡΩΜΗΣ KARL STORZ-ΕΝΔΟΣΚΟΠΙΑ ΕΛΛΑΔΟΣ Ε.Π.Ε (998361490),998361490,KARL STORZ-ΕΝΔΟΣΚΟΠΙΑ ΕΛΛΑΔΟΣ Ε.Π.Ε (998361490),1221.9,,
ΨΚΗ24690ΒΧ-ΟΡ5,2023-03-31,ΕΝΤΑΛΜΑ ΠΛΗΡΩΜΗΣ KARL STORZ-ΕΝΔΟΣΚΟΠΙΑ ΕΛΛΑΔΟΣ Ε.Π.Ε (998361490),998361490,KARL STORZ-ΕΝΔΟΣΚΟΠΙΑ ΕΛΛΑΔΟΣ Ε.Π.Ε (998361490),1388.8,,
6Ο4Β4690ΒΧ-ΑΜΝ,2023-03-31,ΕΝΤΑΛΜΑ ΠΛΗΡΩΜΗΣ HOSPITECNICA ΕΠΕ (095526068),095526068,HOSPITECNICA ΕΠΕ (095526068),3188.39,,
ΨΘΨ04690ΒΧ-ΗΘΗ,2023-03-31,ΕΝΤΑΛΜΑ ΠΛΗΡΩΜΗΣ HOSPITECNICA ΕΠΕ (095526068),095526068,HOSPITECNICA ΕΠΕ (095526068),7092.8,,
63ΧΚ4690ΒΧ-9ΦΙ,2023-03-31,ΕΝΤΑΛΜΑ ΠΛΗΡΩΜΗΣ BUSE GAS A.E (997598041),997598041,BUSE GAS A.E (997598041),1419.8,,
9Π0Β4690ΒΧ-ΞΧ8,2023-03-31,ΕΝΤΑΛΜΑ ΠΛΗΡΩΜΗΣ BUSE GAS A.E (997598041),997598041,BUSE GAS A.E (997598041),905.57,,
6Φ5Ψ4690ΒΧ-68Π,2023-03-30,ΕΝΤΑΛΜΑ ΠΛΗΡΩΜΗΣ ΤΕΜΑΚ (094279934),094279934,ΤΕΜΑΚ (094279934),992.0,,
Ψ5024690ΒΧ-ΙΧΠ,2023-03-30,ΕΝΤΑΛΜΑ ΠΛΗΡΩΜΗΣ Α.ΤΟΥΜΠΑΣ ΑΒΕΕ-NEODENT (094371474),094371474,Α.ΤΟΥΜΠΑΣ ΑΒΕΕ-NEODENT (094371474),13301.11,,
ΨΦΕ24690ΒΧ-ΔΞΚ,2023-03-30,ΕΝΤΑΛΜΑ ΠΛΗΡΩΜΗΣ Α.ΤΟΥΜΠΑΣ ΑΒΕΕ-NEODENT (094371474),094371474,Α.ΤΟΥΜΠΑΣ ΑΒΕΕ-NEODENT (094371474),600.41,,
Ψ7Μ84690ΒΧ-ΒΧΥ,2023-03-30,ΕΝΤΑΛΜΑ ΠΛΗΡΩΜΗΣ Clini Care M.Ε.Π.Ε. (999287719),999287719,Clini Care M.Ε.Π.Ε. (999287719),245.05,,
ΩΖΥΔ4690ΒΧ-ΨΜΙ,2023-03-27,ΕΝΤΑΛΜΑ ΠΛΗΡΩΜΗΣ COMPUTER SOLUTIONS ΑΝΩΝΥΜΗ (095403136),095403136,COMPUTER SOLUTIONS ΑΝΩΝΥΜΗ (095403136),3100.0,,
6Ψ0Λ4690ΒΧ-987,2023-03-27,ΕΝΤΑΛΜΑ ΠΛΗΡΩΜΗΣ COMPUTER SOLUTIONS ΑΝΩΝΥΜΗ (095403136),095403136,COMPUTER SOLUTIONS ΑΝΩΝΥΜΗ (095403136),14260.0,,
6ΒΟΠ4690ΒΧ-ΦΨΥ,2023-03-30,ΕΝΤΑΛΜΑ ΠΛΗΡΩΜΗΣ BON STUDIO Α.Ε.Β.Ε-ΜΑΝΩΛΗΣ Ν.ΜΠΟΦΙΛΙΑΚΗΣ (094143232),094143232,BON STUDIO Α.Ε.Β.Ε-ΜΑΝΩΛΗΣ Ν.ΜΠΟΦΙΛΙΑΚΗΣ (094143232),372.0,,
69ΗΞ4690ΒΧ-ΞΟ8,2023-03-30,ΕΝΤΑΛΜΑ ΠΛΗΡΩΜΗΣ '' C   P MEDICALS O.E'' (800392564),800392564,'' C   P MEDICALS O.E'' (800392564),790.1,,
Ψ6Ε64690ΒΧ-Υ76,2023-03-30,ΕΝΤΑΛΜΑ ΠΛΗΡΩΜΗΣ Γ.ΣΑΜΑΡΑΣ ΑΒΕΕ (094373861),094373861,Γ.ΣΑΜΑΡΑΣ ΑΒΕΕ (094373861),7161.0,,
6ΔΦ34690ΒΧ-ΦΤΛ,2023-03-30,ΕΝΤΑΛΜΑ ΠΛΗΡΩΜΗΣ Γ.ΣΑΜΑΡΑΣ ΑΒΕΕ (094373861),094373861,Γ.ΣΑΜΑΡΑΣ ΑΒΕΕ (094373861),3534.0,,
ΨΞ4Ξ4690ΒΧ-62Α,2023-03-30,ΕΝΤΑΛΜΑ ΠΛΗΡΩΜΗΣ Γ.ΣΑΜΑΡΑΣ ΑΒΕΕ (094373861),094373861,Γ.ΣΑΜΑΡΑΣ ΑΒΕΕ (094373861),3000.8,,
ΨΒΗ54690ΒΧ-3Χ0,2023-03-30,ΕΝΤΑΛΜΑ ΠΛΗΡΩΜΗΣ ΤΕΜΑΚ (094279934),094279934,ΤΕΜΑΚ (094279934),7029.19,,
97Γ24690ΒΧ-ΦΨΥ,2023-03-30,ΕΝΤΑΛΜΑ ΠΛΗΡΩΜΗΣ ΤΕΜΑΚ (094279934),094279934,ΤΕΜΑΚ (094279934),3100.0,,
6Ζ544690ΒΧ-ΛΕ3,2023-03-30,ΕΝΤΑΛΜΑ ΠΛΗΡΩΜΗΣ ΠΑΝ/ΜΙΟ ΑΘΗΝΩΝ-ΠΑΘ/ΓΙΚΟ ΑΝΑΤΟΜ (090145420),090145420,ΠΑΝ/ΜΙΟ ΑΘΗΝΩΝ-ΠΑΘ/ΓΙΚΟ ΑΝΑΤΟΜ (090145420),4031.56,,
6ΧΞΦ4690ΒΧ-ΕΕΧ,2023-03-30,ΕΝΤΑΛΜΑ ΠΛΗΡΩΜΗΣ ΒΕΡΟΝΙΚΑ ΜΟΥΚΑ τ. ΚΩΝ/ΝΟΥ (136677323),136677323,ΒΕΡΟΝΙΚΑ ΜΟΥΚΑ τ. ΚΩΝ/ΝΟΥ (136677323),1099.77,,
ΨΡΑ44690ΒΧ-91Δ,2023-03-30,ΕΝΤΑΛΜΑ ΠΛΗΡΩΜΗΣ ΒΕΡΟΝΙΚΑ ΜΟΥΚΑ τ. ΚΩΝ/ΝΟΥ (136677323),136677323,ΒΕΡΟΝΙΚΑ ΜΟΥΚΑ τ. ΚΩΝ/ΝΟΥ (136677323),1116.81,,
Ω8ΓΣ4690ΒΧ-4ΟΖ,2023-03-30,ΕΝΤΑΛΜΑ ΠΛΗΡΩΜΗΣ ΒΑΓΓΕΛΗΣ ΛΑΜΠΡΟΣ-COMPUTER CENTER (046179559),046179559,ΒΑΓΓΕΛΗΣ ΛΑΜΠΡΟΣ-COMPUTER CENTER (046179559),344.72,,
ΨΟΕΛ4690ΒΧ-ΜΤ1,2023-03-30,ΕΝΤΑΛΜΑ ΠΛΗΡΩΜΗΣ ΒΑΓΓΕΛΗΣ ΛΑΜΠΡΟΣ-COMPUTER CENTER (046179559),046179559,ΒΑΓΓΕΛΗΣ ΛΑΜΠΡΟΣ-COMPUTER CENTER (046179559),2096.22,,
9ΠΚΓ4690ΒΧ-Ψ27,2023-03-30,ΕΝΤΑΛΜΑ ΠΛΗΡΩΜΗΣ ΑΦΟΙ ΖΥΡΙΧΙΔΗ Ο.Ε (091282761),091282761,ΑΦΟΙ ΖΥΡΙΧΙΔΗ Ο.Ε (091282761),2064.6,,
6Μ9Μ4690ΒΧ-Ω9Ο,2023-03-30,ΕΝΤΑΛΜΑ ΠΛΗΡΩΜΗΣ ΙΝΤΕΡΣΑΛΟΝΙΚΑ (094450059),094450059,ΙΝΤΕΡΣΑΛΟΝΙΚΑ (094450059),320.0,,
ΡΗΠ94690ΒΧ-ΜΝ7,2023-03-24,ΕΝΤΑΛΜΑ ΠΛΗΡΩΜΗΣ ΝΙΚΑΙΑ ΤΡΟΦΟΔΟΣΙΕΣ ΜΟΝΟΠΡΟΣΩΠΗ ΙΚΕ (801393800),801393800,ΝΙΚΑΙΑ ΤΡΟΦΟΔΟΣΙΕΣ ΜΟΝΟΠΡΟΣΩΠΗ ΙΚΕ (801393800),2632.23,,
Ψ18Ν4690ΒΧ-ΧΥΥ,2023-03-27,ΕΝΤΑΛΜΑ ΠΛΗΡΩΜΗΣ ΧΟΝΔΡΟΓΙΑΝΝΗΣ Κ.ΠΑΝΑΓΙΩΤΗΣ (061721394),061721394,ΧΟΝΔΡΟΓΙΑΝΝΗΣ Κ.ΠΑΝΑΓΙΩΤΗΣ (061721394),2383.4,,
9Τ8Μ4690ΒΧ-Χ01,2023-03-27,ΕΝΤΑΛΜΑ ΠΛΗΡΩΜΗΣ ΧΟΝΔΡΟΓΙΑΝΝΗΣ Κ.ΠΑΝΑΓΙΩΤΗΣ (061721394),061721394,ΧΟΝΔΡΟΓΙΑΝΝΗΣ Κ.ΠΑΝΑΓΙΩΤΗΣ (061721394),1715.23,,
9Ψ9Ψ4690ΒΧ-6ΒΧ,2023-03-27,ΕΝΤΑΛΜΑ ΠΛΗΡΩΜΗΣ ΧΟΝΔΡΟΓΙΑΝΝΗΣ Κ.ΠΑΝΑΓΙΩΤΗΣ (061721394),061721394,ΧΟΝΔΡΟΓΙΑΝΝΗΣ Κ.ΠΑΝΑΓΙΩΤΗΣ (061721394),4967.74,,
ΨΑΜΡ4690ΒΧ-ΒΑ0,2023-03-30,ΕΝΤΑΛΜΑ ΠΛΗΡΩΜΗΣ ΕΥΣΤΑΘΙΟΣ Γ.ΤΣΙΓΚΡΗΣ Ε.Π.Ε. (999893375),999893375,ΕΥΣΤΑΘΙΟΣ Γ.ΤΣΙΓΚΡΗΣ Ε.Π.Ε. (999893375),8232.58,,
Ψ3ΑΕ4690ΒΧ-0ΗΔ,2023-03-30,ΕΝΤΑΛΜΑ ΠΛΗΡΩΜΗΣ Δ. ΚΟΡΤΕΣΗΣ   ΣΙΑ Ε.Ε. (999658897),999658897,Δ. ΚΟΡΤΕΣΗΣ   ΣΙΑ Ε.Ε. (999658897),154.58,,
6ΒΩ94690ΒΧ-25Λ,2023-03-30,ΕΝΤΑΛΜΑ ΠΛΗΡΩΜΗΣ ΒΕΡΟΝΙΚΑ ΜΟΥΚΑ τ. ΚΩΝ/ΝΟΥ (136677323),136677323,ΒΕΡΟΝΙΚΑ ΜΟΥΚΑ τ. ΚΩΝ/ΝΟΥ (136677323),1317.67,,
6Φ764690ΒΧ-ΨΙ8,2023-03-30,ΕΝΤΑΛΜΑ ΠΛΗΡΩΜΗΣ ΒΕΡΟΝΙΚΑ ΜΟΥΚΑ τ. ΚΩΝ/ΝΟΥ (136677323),136677323,ΒΕΡΟΝΙΚΑ ΜΟΥΚΑ τ. ΚΩΝ/ΝΟΥ (136677323),1428.45,,
9ΥΚ34690ΒΧ-ΛΥΠ,2023-03-30,ΕΝΤΑΛΜΑ ΠΛΗΡΩΜΗΣ ΒΕΡΟΝΙΚΑ ΜΟΥΚΑ τ. ΚΩΝ/ΝΟΥ (136677323),136677323,ΒΕΡΟΝΙΚΑ ΜΟΥΚΑ τ. ΚΩΝ/ΝΟΥ (136677323),1368.71,,
ΨΥΩ24690ΒΧ-ΧΘΛ,2023-03-30,ΕΝΤΑΛΜΑ ΠΛΗΡΩΜΗΣ ΄΄ΕΡΜΗΣ'' ΑΠΟΣΤΟΛΟΥ ΒΑΣΙΛΗΣ (059217883),059217883,΄΄ΕΡΜΗΣ'' ΑΠΟΣΤΟΛΟΥ ΒΑΣΙΛΗΣ (059217883),410.01,,
6ΥΩ04690ΒΧ-Κ6Β,2023-03-30,ΕΝΤΑΛΜΑ ΠΛΗΡΩΜΗΣ iDX P.C (800725375),800725375,iDX P.C (800725375),9114.0,,
9ΗΛΓ4690ΒΧ-ΓΝΚ,2023-03-27,ΕΝΤΑΛΜΑ ΠΛΗΡΩΜΗΣ TRANE HELLAS A.E (098032885),098032885,TRANE HELLAS A.E (098032885),3587.32,,
ΨΛ5Σ4690ΒΧ-8Ξ6,2023-03-27,ΕΝΤΑΛΜΑ ΠΛΗΡΩΜΗΣ TRANE HELLAS A.E (098032885),098032885,TRANE HELLAS A.E (098032885),5555.2,,
94ΣΤ4690ΒΧ-ΟΣΞ,2023-03-27,ΕΝΤΑΛΜΑ ΠΛΗΡΩΜΗΣ OTIS ΕΛΛΑΣ ΜΟΝΟΠΡΟΣΩΠΗ ΑΝΩΝ.ΒΙΟΜ.   ΕΜΠ.ΤΕΧΝ.ΕΤΑΙΡΕΙΑ (094208578),094208578,OTIS ΕΛΛΑΣ ΜΟΝΟΠΡΟΣΩΠΗ ΑΝΩΝ.ΒΙΟΜ.   ΕΜΠ.ΤΕΧΝ.ΕΤΑΙΡΕΙΑ (094208578),4331.8,,
Ψ5Κ74690ΒΧ-ΝΘΩ,2023-03-27,ΕΝΤΑΛΜΑ ΠΛΗΡΩΜΗΣ BIOTRANS A.E (999506681),999506681,BIOTRANS A.E (999506681),1897.2,,
9Σ134690ΒΧ-ΒΣΧ,2023-03-30,ΕΝΤΑΛΜΑ ΠΛΗΡΩΜΗΣ '' C   P MEDICALS O.E'' (800392564),800392564,'' C   P MEDICALS O.E'' (800392564),137.63,,
ΩΝΒ34690ΒΧ-ΦΜ8,2023-03-27,ΕΝΤΑΛΜΑ ΠΛΗΡΩΜΗΣ ΑΡΙΣΤΕΑ Κ.ΔΙΑΜΑΝΤΟΠΟΥΛΟΥ (150601173),150601173,ΑΡΙΣΤΕΑ Κ.ΔΙΑΜΑΝΤΟΠΟΥΛΟΥ (150601173),477.4,,
6ΓΠΣ4690ΒΧ-Τ86,2023-03-27,ΕΝΤΑΛΜΑ ΠΛΗΡΩΜΗΣ ΠΛΗΡΟΦΟΡΙΚΗ ΕΛΛΑΔΟΣ Ε.Π.Ε (095659768),095659768,ΠΛΗΡΟΦΟΡΙΚΗ ΕΛΛΑΔΟΣ Ε.Π.Ε (095659768),1173.35,,
663Φ4690ΒΧ-Ω0Ν,2023-03-27,ΕΝΤΑΛΜΑ ΠΛΗΡΩΜΗΣ ΠΛΗΡΟΦΟΡΙΚΗ ΕΛΛΑΔΟΣ Ε.Π.Ε (095659768),095659768,ΠΛΗΡΟΦΟΡΙΚΗ ΕΛΛΑΔΟΣ Ε.Π.Ε (095659768),1173.35,,
ΨΠΖΝ4690ΒΧ-ΤΤΔ,2023-03-24,ΕΝΤΑΛΜΑ ΠΛΗΡΩΜΗΣ ΚΑΚΑΒΟΣ Ι.ΔΗΜΗΤΡΙΟΣ (119540879),119540879,ΚΑΚΑΒΟΣ Ι.ΔΗΜΗΤΡΙΟΣ (119540879),2987.5,,
ΨΗΟ24690ΒΧ-Ε3Υ,2023-03-24,ΕΝΤΑΛΜΑ ΠΛΗΡΩΜΗΣ ΜΠΑΛΑΣΚΑΣ ΓΕΩΡΓΙΟΣ (073571028),073571028,ΜΠΑΛΑΣΚΑΣ ΓΕΩΡΓΙΟΣ (073571028),40.68,,
6ΦΛΩ4690ΒΧ-ΒΓΚ,2023-03-24,ΕΝΤΑΛΜΑ ΠΛΗΡΩΜΗΣ Αρτοποιείο ΚΑΛΟΣ-ΚΑΛΟΥ ΑΝΘΟΥΛΑ (041436383),041436383,Αρτοποιείο ΚΑΛΟΣ-ΚΑΛΟΥ ΑΝΘΟΥΛΑ (041436383),367.25,,
Ψ4844690ΒΧ-Χ6Σ,2023-03-24,ΕΝΤΑΛΜΑ ΠΛΗΡΩΜΗΣ ΄΄ΦΑΡΜΑ ΚΙΡΚΗ΄΄ ΕΙΡΗΝΗ ΦΕΡΕΝΤΙΝΟΥ ΜΟΝ/ΠΗ ΙΚΕ (800908604),800908604,΄΄ΦΑΡΜΑ ΚΙΡΚΗ΄΄ ΕΙΡΗΝΗ ΦΕΡΕΝΤΙΝΟΥ ΜΟΝ/ΠΗ ΙΚΕ (800908604),9105.45,,
ΩΧ6Δ4690ΒΧ-ΒΥΗ,2023-03-24,ΕΝΤΑΛΜΑ ΠΛΗΡΩΜΗΣ ΜΠΑΛΑΣΚΑΣ ΓΕΩΡΓΙΟΣ (073571028),073571028,ΜΠΑΛΑΣΚΑΣ ΓΕΩΡΓΙΟΣ (073571028),824.17,,
9Ψ9Ω4690ΒΧ-ΡΧΔ,2023-03-24,ΕΝΤΑΛΜΑ ΠΛΗΡΩΜΗΣ ΣΠΥΡΙΔΩΝ ΑΡΓΥΡΗΣ (063165147),063165147,ΣΠΥΡΙΔΩΝ ΑΡΓΥΡΗΣ (063165147),1955.9,,
9Ε654690ΒΧ-Μ2Ρ,2023-11-15,ΕΝΤΑΛΜΑ ΠΛΗΡΩΜΗΣ ΘΕΟΧΑΡΗΣ ΚΩΝΣΤΑΝΤΙΝΟΣ (074168641),074168641,ΘΕΟΧΑΡΗΣ ΚΩΝΣΤΑΝΤΙΝΟΣ (074168641),2850.16,,
ΨΥΙΙ4690ΒΧ-Χ0Σ,2023-12-27,ΕΝΤΑΛΜΑ ΠΛΗΡΩΜΗΣ Project Training   Consulting Ltd (999440430),999440430,Project Training   Consulting Ltd (999440430),190.0,,
ΨΩΙΖ4690ΒΧ-Μ3Ξ,2023-12-20,ΕΝΤΑΛΜΑ ΠΛΗΡΩΜΗΣ ΙΑΤΡΟΙ ΔΙΑΚΟΜΙΔΩΝ (045556789),045556789,ΙΑΤΡΟΙ ΔΙΑΚΟΜΙΔΩΝ (045556789),250.0,,
6Π3Κ4690ΒΧ-ΗΛ1,2023-12-18,ΕΝΤΑΛΜΑ ΠΛΗΡΩΜΗΣ ZIMMER BIOMET ΕΛΛΑΣ ΜΟΝ/ΠΗ Α.Ε (094437885),094437885,ZIMMER BIOMET ΕΛΛΑΣ ΜΟΝ/ΠΗ Α.Ε (094437885),2237.4,,
6ΑΦΘ4690ΒΧ-ΑΒΔ,2023-12-18,ΕΝΤΑΛΜΑ ΠΛΗΡΩΜΗΣ ZIMMER BIOMET ΕΛΛΑΣ ΜΟΝ/ΠΗ Α.Ε (094437885),094437885,ZIMMER BIOMET ΕΛΛΑΣ ΜΟΝ/ΠΗ Α.Ε (094437885),4369.16,,
6Σ6Υ4690ΒΧ-3Χ2,2023-12-18,ΕΝΤΑΛΜΑ ΠΛΗΡΩΜΗΣ ZIMMER BIOMET ΕΛΛΑΣ ΜΟΝ/ΠΗ Α.Ε (094437885),094437885,ZIMMER BIOMET ΕΛΛΑΣ ΜΟΝ/ΠΗ Α.Ε (094437885),308.36,,
ΨΧ524690ΒΧ-ΧΩΘ,2023-12-18,ΕΝΤΑΛΜΑ ΠΛΗΡΩΜΗΣ ZIMMER BIOMET ΕΛΛΑΣ ΜΟΝ/ΠΗ Α.Ε (094437885),094437885,ZIMMER BIOMET ΕΛΛΑΣ ΜΟΝ/ΠΗ Α.Ε (094437885),4815.14,,
6ΩΨΨ4690ΒΧ-5Η5,2023-12-18,ΕΝΤΑΛΜΑ ΠΛΗΡΩΜΗΣ ZIMMER BIOMET ΕΛΛΑΣ ΜΟΝ/ΠΗ Α.Ε (094437885),094437885,ZIMMER BIOMET ΕΛΛΑΣ ΜΟΝ/ΠΗ Α.Ε (094437885),4423.29,,
64ΣΠ4690ΒΧ-ΙΣ0,2023-11-10,ΕΝΤΑΛΜΑ ΠΛΗΡΩΜΗΣ DEMO A.Β.Ε.E. (094041553),094041553,DEMO A.Β.Ε.E. (094041553),4236.65,,
6ΥΟΟ4690ΒΧ-ΨΑ3,2023-11-10,ΕΝΤΑΛΜΑ ΠΛΗΡΩΜΗΣ DEMO A.Β.Ε.E. (094041553),094041553,DEMO A.Β.Ε.E. (094041553),3149.46,,
9ΨΤΥ4690ΒΧ-1ΣΑ,2023-11-02,ΕΝΤΑΛΜΑ ΠΛΗΡΩΜΗΣ ΔΗΜ.ΕΠΙΧ/ΣΗ ΗΛΕΚΤΡΙΣΜΟΥ ΑΕ (090000045),090000045,ΔΗΜ.ΕΠΙΧ/ΣΗ ΗΛΕΚΤΡΙΣΜΟΥ ΑΕ (090000045),27026.04,,
60ΥΩ4690ΒΧ-1ΚΙ,2023-11-02,ΕΝΤΑΛΜΑ ΠΛΗΡΩΜΗΣ ΔΗΜ.ΕΠΙΧ/ΣΗ ΗΛΕΚΤΡΙΣΜΟΥ ΑΕ (090000045),090000045,ΔΗΜ.ΕΠΙΧ/ΣΗ ΗΛΕΚΤΡΙΣΜΟΥ ΑΕ (090000045),35771.82,,
9ΖΧΥ4690ΒΧ-Ε3Φ,2023-12-14,ΕΝΤΑΛΜΑ ΠΛΗΡΩΜΗΣ ΔΗΜΟΣ ΛΕΥΚΑΔΑΣ (997916281),997916281,ΔΗΜΟΣ ΛΕΥΚΑΔΑΣ (997916281),42.0,,
Ρ9Ο24690ΒΧ-Ρ3Θ,2023-12-14,ΕΝΤΑΛΜΑ ΠΛΗΡΩΜΗΣ ΔΗΜΟΣ ΛΕΥΚΑΔΑΣ (997916281),997916281,ΔΗΜΟΣ ΛΕΥΚΑΔΑΣ (997916281),11917.0,,
6ΘΦΚ4690ΒΧ-ΠΤΣ,2023-11-30,ΕΝΤΑΛΜΑ ΠΛΗΡΩΜΗΣ Drager Hellas S.A. (997799268),997799268,Drager Hellas S.A. (997799268),9895.2,,
Ψ1Φ84690ΒΧ-9ΥΦ,2023-11-30,ΕΝΤΑΛΜΑ ΠΛΗΡΩΜΗΣ iDX P.C (800725375),800725375,iDX P.C (800725375),508.8,,
6ΦΑΘ4690ΒΧ-ΓΔ7,2023-11-30,ΕΝΤΑΛΜΑ ΠΛΗΡΩΜΗΣ iDX P.C (800725375),800725375,iDX P.C (800725375),2035.2,,
909Υ4690ΒΧ-ΖΞΚ,2023-11-30,ΕΝΤΑΛΜΑ ΠΛΗΡΩΜΗΣ iDX P.C (800725375),800725375,iDX P.C (800725375),5329.8,,
6ΘΒ24690ΒΧ-ΤΥΦ,2023-12-18,ΕΝΤΑΛΜΑ ΠΛΗΡΩΜΗΣ ΠΛΗΡΟΦΟΡΙΚΗ ΕΛΛΑΔΟΣ Ε.Π.Ε (095659768),095659768,ΠΛΗΡΟΦΟΡΙΚΗ ΕΛΛΑΔΟΣ Ε.Π.Ε (095659768),1173.35,,
ΨΣΚΠ4690ΒΧ-Σ2Δ,2023-12-18,ΕΝΤΑΛΜΑ ΠΛΗΡΩΜΗΣ ΕΥΣΤΑΘΙΟΣ Γ.ΤΣΙΓΚΡΗΣ Ε.Π.Ε. (999893375),999893375,ΕΥΣΤΑΘΙΟΣ Γ.ΤΣΙΓΚΡΗΣ Ε.Π.Ε. (999893375),5713.18,,
92Φ34690ΒΧ-Ρ4Ζ,2023-12-18,ΕΝΤΑΛΜΑ ΠΛΗΡΩΜΗΣ Γ.ΣΑΜΑΡΑΣ ΑΒΕΕ (094373861),094373861,Γ.ΣΑΜΑΡΑΣ ΑΒΕΕ (094373861),3534.0,,
61ΟΩ4690ΒΧ-ΡΨΛ,2023-12-18,ΕΝΤΑΛΜΑ ΠΛΗΡΩΜΗΣ Γ.ΣΑΜΑΡΑΣ ΑΒΕΕ (094373861),094373861,Γ.ΣΑΜΑΡΑΣ ΑΒΕΕ (094373861),124.0,,
67ΧΡ4690ΒΧ-ΗΜΣ,2023-12-18,ΕΝΤΑΛΜΑ ΠΛΗΡΩΜΗΣ Γ.ΣΑΜΑΡΑΣ ΑΒΕΕ (094373861),094373861,Γ.ΣΑΜΑΡΑΣ ΑΒΕΕ (094373861),849.4,,
9Μ6Χ4690ΒΧ-Ω6Ψ,2023-12-15,ΕΝΤΑΛΜΑ ΠΛΗΡΩΜΗΣ ΒΕΡΟΝΙΚΑ ΜΟΥΚΑ τ. ΚΩΝ/ΝΟΥ (136677323),136677323,ΒΕΡΟΝΙΚΑ ΜΟΥΚΑ τ. ΚΩΝ/ΝΟΥ (136677323),1375.87,,
6Κ4Χ4690ΒΧ-ΚΑ8,2023-12-15,ΕΝΤΑΛΜΑ ΠΛΗΡΩΜΗΣ ΒΕΡΟΝΙΚΑ ΜΟΥΚΑ τ. ΚΩΝ/ΝΟΥ (136677323),136677323,ΒΕΡΟΝΙΚΑ ΜΟΥΚΑ τ. ΚΩΝ/ΝΟΥ (136677323),1440.82,,
6Γ674690ΒΧ-ΥΨΜ,2023-12-18,ΕΝΤΑΛΜΑ ΠΛΗΡΩΜΗΣ ΑΝΑΣΤΑΣΙΟΣ ΔΙΓΚΑΣ Ι.Κ.Ε. (997826122),997826122,ΑΝΑΣΤΑΣΙΟΣ ΔΙΓΚΑΣ Ι.Κ.Ε. (997826122),124.0,,
911Δ4690ΒΧ-ΔΨ7,2023-12-18,ΕΝΤΑΛΜΑ ΠΛΗΡΩΜΗΣ ΑΝΑΣΤΑΣΙΟΣ ΔΙΓΚΑΣ Ι.Κ.Ε. (997826122),997826122,ΑΝΑΣΤΑΣΙΟΣ ΔΙΓΚΑΣ Ι.Κ.Ε. (997826122),1507.84,,
ΨΣΑΑ4690ΒΧ-ΖΙ7,2023-12-18,ΕΝΤΑΛΜΑ ΠΛΗΡΩΜΗΣ ΑΝΑΣΤΑΣΙΟΣ ΔΙΓΚΑΣ Ι.Κ.Ε. (997826122),997826122,ΑΝΑΣΤΑΣΙΟΣ ΔΙΓΚΑΣ Ι.Κ.Ε. (997826122),221.6,,
91Χ84690ΒΧ-7ΩΛ,2023-12-18,ΕΝΤΑΛΜΑ ΠΛΗΡΩΜΗΣ MEDINOR ΕΕ (082802380),082802380,MEDINOR ΕΕ (082802380),1632.34,,
9ΟΞΝ4690ΒΧ-ΤΔΛ,2023-12-18,ΕΝΤΑΛΜΑ ΠΛΗΡΩΜΗΣ MEDINOR ΕΕ (082802380),082802380,MEDINOR ΕΕ (082802380),1981.07,,
9Θ0Θ4690ΒΧ-ΘΓΛ,2023-12-18,ΕΝΤΑΛΜΑ ΠΛΗΡΩΜΗΣ ELFAMED AE (800378686),800378686,ELFAMED AE (800378686),1210.94,,
9Α3Ζ4690ΒΧ-1ΤΧ,2023-12-18,ΕΝΤΑΛΜΑ ΠΛΗΡΩΜΗΣ COOLPRO O.E (801336029),801336029,COOLPRO O.E (801336029),396.8,,
ΡΟΨΒ4690ΒΧ-Φ6Λ,2023-12-18,ΕΝΤΑΛΜΑ ΠΛΗΡΩΜΗΣ BIOKON ΙΑΤΡΙΚΑ   ΒΙΟΤΕΧΝΟΛΟΓΙΚΑ ΠΡΟΙΟΝΤΑ Ε.Π.Ε (999656321),999656321,BIOKON ΙΑΤΡΙΚΑ   ΒΙΟΤΕΧΝΟΛΟΓΙΚΑ ΠΡΟΙΟΝΤΑ Ε.Π.Ε (999656321),1093.84,,
ΨΦ9Γ4690ΒΧ-63Φ,2023-12-15,ΕΝΤΑΛΜΑ ΠΛΗΡΩΜΗΣ ΝΙΚΑΙΑ ΤΡΟΦΟΔΟΣΙΕΣ ΜΟΝΟΠΡΟΣΩΠΗ ΙΚΕ (801393800),801393800,ΝΙΚΑΙΑ ΤΡΟΦΟΔΟΣΙΕΣ ΜΟΝΟΠΡΟΣΩΠΗ ΙΚΕ (801393800),319.16,,
9ΞΚΘ4690ΒΧ-6ΡΖ,2023-12-15,ΕΝΤΑΛΜΑ ΠΛΗΡΩΜΗΣ ΜΠΑΛΑΣΚΑΣ ΓΕΩΡΓΙΟΣ (073571028),073571028,ΜΠΑΛΑΣΚΑΣ ΓΕΩΡΓΙΟΣ (073571028),713.96,,
9ΖΛ24690ΒΧ-ΔΓΤ,2023-12-15,ΕΝΤΑΛΜΑ ΠΛΗΡΩΜΗΣ ΚΟΝΤΟΓΙΑΝΝΗ ΟΥΡΑΝΙΑ (301366552),301366552,ΚΟΝΤΟΓΙΑΝΝΗ ΟΥΡΑΝΙΑ (301366552),2227.41,,
96Μ04690ΒΧ-ΣΗΘ,2023-12-15,ΕΝΤΑΛΜΑ ΠΛΗΡΩΜΗΣ ΚΑΚΑΒΟΣ Ι.ΔΗΜΗΤΡΙΟΣ (119540879),119540879,ΚΑΚΑΒΟΣ Ι.ΔΗΜΗΤΡΙΟΣ (119540879),2960.67,,
Ψ5Ο84690ΒΧ-6ΨΦ,2023-12-15,ΕΝΤΑΛΜΑ ΠΛΗΡΩΜΗΣ ΒΕΡΟΝΙΚΑ ΜΟΥΚΑ τ. ΚΩΝ/ΝΟΥ (136677323),136677323,ΒΕΡΟΝΙΚΑ ΜΟΥΚΑ τ. ΚΩΝ/ΝΟΥ (136677323),1374.21,,
97ΔΩ4690ΒΧ-5ΕΡ,2023-12-15,ΕΝΤΑΛΜΑ ΠΛΗΡΩΜΗΣ ΒΕΡΟΝΙΚΑ ΜΟΥΚΑ τ. ΚΩΝ/ΝΟΥ (136677323),136677323,ΒΕΡΟΝΙΚΑ ΜΟΥΚΑ τ. ΚΩΝ/ΝΟΥ (136677323),1224.68,,
9ΒΗΕ4690ΒΧ-Λ0Ρ,2023-12-15,ΕΝΤΑΛΜΑ ΠΛΗΡΩΜΗΣ ΒΕΡΟΝΙΚΑ ΜΟΥΚΑ τ. ΚΩΝ/ΝΟΥ (136677323),136677323,ΒΕΡΟΝΙΚΑ ΜΟΥΚΑ τ. ΚΩΝ/ΝΟΥ (136677323),1324.86,,
ΨΑ6Ξ4690ΒΧ-ΝΑΑ,2023-12-15,ΕΝΤΑΛΜΑ ΠΛΗΡΩΜΗΣ Rain bow waters (099328240),099328240,Rain bow waters (099328240),96.02,,
9Ε304690ΒΧ-0Ο8,2023-12-15,ΕΝΤΑΛΜΑ ΠΛΗΡΩΜΗΣ BIOTRANS A.E (999506681),999506681,BIOTRANS A.E (999506681),446.4,,
99Ξ04690ΒΧ-0ΨΑ,2023-12-20,ΕΝΤΑΛΜΑ ΠΛΗΡΩΜΗΣ ΠΗΝΕΛΟΠΗ Δ.ΚΥΡΚΟΥ (066483339),066483339,ΠΗΝΕΛΟΠΗ Δ.ΚΥΡΚΟΥ (066483339),3100.0,,
Ψ0ΓΠ4690ΒΧ-ΖΥΧ,2023-12-20,ΕΝΤΑΛΜΑ ΠΛΗΡΩΜΗΣ ΠΗΝΕΛΟΠΗ Δ.ΚΥΡΚΟΥ (066483339),066483339,ΠΗΝΕΛΟΠΗ Δ.ΚΥΡΚΟΥ (066483339),3566.34,,
ΨΔΤ34690ΒΧ-ΛΞ0,2023-12-21,ΕΝΤΑΛΜΑ ΠΛΗΡΩΜΗΣ ENERGY VOLT ΜΟΝΟΠΡΟΣΩΠΗ ΙΚΕ (802229467),802229467,ENERGY VOLT ΜΟΝΟΠΡΟΣΩΠΗ ΙΚΕ (802229467),2976.0,,
6ΝΣ64690ΒΧ-546,2023-12-21,ΕΝΤΑΛΜΑ ΠΛΗΡΩΜΗΣ ΣΤΕΛΛΑΚΟΣ ΓΕΩΡΓΙΟΣ (045778720),045778720,ΣΤΕΛΛΑΚΟΣ ΓΕΩΡΓΙΟΣ (045778720),45.63,,
9Ο614690ΒΧ-ΟΤΑ,2023-12-20,ΕΝΤΑΛΜΑ ΠΛΗΡΩΜΗΣ ΣΑΚΚΑΣ ΛΑΜΠΡΟΣ (018713420),018713420,ΣΑΚΚΑΣ ΛΑΜΠΡΟΣ (018713420),1475.46,,
ΨΗΘΡ4690ΒΧ-ΕΨ9,2023-12-20,ΕΝΤΑΛΜΑ ΠΛΗΡΩΜΗΣ ΣΑΚΚΑΣ ΛΑΜΠΡΟΣ (018713420),018713420,ΣΑΚΚΑΣ ΛΑΜΠΡΟΣ (018713420),2271.73,,
6ΡΨΕ4690ΒΧ-Ν1Π,2023-12-21,ΕΝΤΑΛΜΑ ΠΛΗΡΩΜΗΣ Λεωνίδας Ψωμόπουλος   ΣΙΑ Ε.Ε. (998810619),998810619,Λεωνίδας Ψωμόπουλος   ΣΙΑ Ε.Ε. (998810619),22.5,,
ΨΟΣΑ4690ΒΧ-ΚΙΔ,2023-12-20,ΕΝΤΑΛΜΑ ΠΛΗΡΩΜΗΣ ΚΗΡΟΛΙΒΑΝΟΥ ΙΩΑΝΝΑ ΠΑΝΤΑΖΗΣ (156368357),156368357,ΚΗΡΟΛΙΒΑΝΟΥ ΙΩΑΝΝΑ ΠΑΝΤΑΖΗΣ (156368357),74.4,,
6ΨΞΓ4690ΒΧ-25Β,2023-12-20,ΕΝΤΑΛΜΑ ΠΛΗΡΩΜΗΣ ΓΕΩΡΓΙΟΣ ΜΑΡΚΟΥΙΖΟΣ (022050942),022050942,ΓΕΩΡΓΙΟΣ ΜΑΡΚΟΥΙΖΟΣ (022050942),2434.0,,
9ΨΩ44690ΒΧ-5ΤΟ,2023-12-20,ΕΝΤΑΛΜΑ ΠΛΗΡΩΜΗΣ ΖΑΒΙΤΣΑΝΟΣ ΙΩΑΝΝΗΣ ΑΠΟΣΤ. (010138137),010138137,ΖΑΒΙΤΣΑΝΟΣ ΙΩΑΝΝΗΣ ΑΠΟΣΤ. (010138137),3600.0,,
6ΘΣ44690ΒΧ-3ΞΟ,2023-12-15,ΕΝΤΑΛΜΑ ΠΛΗΡΩΜΗΣ ΄΄ΦΑΡΜΑ ΚΙΡΚΗ΄΄ ΕΙΡΗΝΗ ΦΕΡΕΝΤΙΝΟΥ ΜΟΝ/ΠΗ ΙΚΕ (800908604),800908604,΄΄ΦΑΡΜΑ ΚΙΡΚΗ΄΄ ΕΙΡΗΝΗ ΦΕΡΕΝΤΙΝΟΥ ΜΟΝ/ΠΗ ΙΚΕ (800908604),4796.78,,
Ψ0604690ΒΧ-8ΘΛ,2023-12-27,ΕΝΤΑΛΜΑ ΠΛΗΡΩΜΗΣ ΔΗΜ.ΕΠΙΧ/ΣΗ ΗΛΕΚΤΡΙΣΜΟΥ ΑΕ (090000045),090000045,ΔΗΜ.ΕΠΙΧ/ΣΗ ΗΛΕΚΤΡΙΣΜΟΥ ΑΕ (090000045),55950.98,,
6ΚΟΞ4690ΒΧ-ΗΥΥ,2023-12-21,ΕΝΤΑΛΜΑ ΠΛΗΡΩΜΗΣ Χριστοφίδης Σεβαστός (301814513),301814513,Χριστοφίδης Σεβαστός (301814513),120.0,,
ΡΒΛΨ4690ΒΧ-50Σ,2023-12-28,ΕΝΤΑΛΜΑ ΠΛΗΡΩΜΗΣ ΑΘΗΝΑΙΚΗ ΕΚΠΑΙΔΕΥΤΙΚΗ ΜΟΝ/ΠΗ ΕΠΕ (099289326),099289326,ΑΘΗΝΑΙΚΗ ΕΚΠΑΙΔΕΥΤΙΚΗ ΜΟΝ/ΠΗ ΕΠΕ (099289326),80.0,,
6ΛΑΟ4690ΒΧ-ΙΛ7,2023-12-20,ΕΝΤΑΛΜΑ ΠΛΗΡΩΜΗΣ ΓΕΩΡΓΙΟΣ ΜΑΡΚΟΥΙΖΟΣ (022050942),022050942,ΓΕΩΡΓΙΟΣ ΜΑΡΚΟΥΙΖΟΣ (022050942),1256.13,,
9Ρ2Τ4690ΒΧ-ΥΜ6,2023-12-21,ΕΝΤΑΛΜΑ ΠΛΗΡΩΜΗΣ MEDICIAL I.K.E. (802016290),802016290,MEDICIAL I.K.E. (802016290),1488.0,,
928Λ4690ΒΧ-5Ι3,2023-12-21,ΕΝΤΑΛΜΑ ΠΛΗΡΩΜΗΣ MEDICIAL I.K.E. (802016290),802016290,MEDICIAL I.K.E. (802016290),7189.64,,
ΨΦΑΞ4690ΒΧ-ΣΑ5,2023-10-19,ΕΝΤΑΛΜΑ ΠΛΗΡΩΜΗΣ INTER MEDICA ΕΜΜ.Τ.ΤΖΑΝΙΔΑΚΗΣ (011651035),011651035,INTER MEDICA ΕΜΜ.Τ.ΤΖΑΝΙΔΑΚΗΣ (011651035),372.0,,
6Α2Ε4690ΒΧ-ΦΔ5,2023-12-21,ΕΝΤΑΛΜΑ ΠΛΗΡΩΜΗΣ ENERGY VOLT ΜΟΝΟΠΡΟΣΩΠΗ ΙΚΕ (802229467),802229467,ENERGY VOLT ΜΟΝΟΠΡΟΣΩΠΗ ΙΚΕ (802229467),2734.2,,
6ΡΒΥ4690ΒΧ-ΡΦ7,2023-12-21,ΕΝΤΑΛΜΑ ΠΛΗΡΩΜΗΣ ENERGY VOLT ΜΟΝΟΠΡΟΣΩΠΗ ΙΚΕ (802229467),802229467,ENERGY VOLT ΜΟΝΟΠΡΟΣΩΠΗ ΙΚΕ (802229467),2976.0,,
Ψ7ΓΟ4690ΒΧ-Ι7Ω,2023-12-21,ΕΝΤΑΛΜΑ ΠΛΗΡΩΜΗΣ ENERGY VOLT ΜΟΝΟΠΡΟΣΩΠΗ ΙΚΕ (802229467),802229467,ENERGY VOLT ΜΟΝΟΠΡΟΣΩΠΗ ΙΚΕ (802229467),3035.52,,
ΨΑΓΑ4690ΒΧ-Ν39,2023-12-14,ΕΝΤΑΛΜΑ ΠΛΗΡΩΜΗΣ ΕΛΛΗΝΙΚΑ ΚΑΥΣΙΜΑ ΟΡΥΚΤΕΛΑΙΑ ΜΟΝΟΠΡ.ΑΝΩΝ.ΒΙΟΜΗΧ.  ΕΜΠΟΡ.ΕΤΑΙΡΕΙΑ (094010146),094010146,ΕΛΛΗΝΙΚΑ ΚΑΥΣΙΜΑ ΟΡΥΚΤΕΛΑΙΑ ΜΟΝΟΠΡ.ΑΝΩΝ.ΒΙΟΜΗΧ.  ΕΜΠΟΡ.ΕΤΑΙΡΕΙΑ (094010146),57962.44,,
ΨΙΑΠ4690ΒΧ-ΖΙΓ,2023-10-19,ΕΝΤΑΛΜΑ ΠΛΗΡΩΜΗΣ INTER MEDICA ΕΜΜ.Τ.ΤΖΑΝΙΔΑΚΗΣ (011651035),011651035,INTER MEDICA ΕΜΜ.Τ.ΤΖΑΝΙΔΑΚΗΣ (011651035),6162.8,,
Ψ7ΙΣ4690ΒΧ-Υ1Ξ,2023-10-19,ΕΝΤΑΛΜΑ ΠΛΗΡΩΜΗΣ INTER MEDICA ΕΜΜ.Τ.ΤΖΑΝΙΔΑΚΗΣ (011651035),011651035,INTER MEDICA ΕΜΜ.Τ.ΤΖΑΝΙΔΑΚΗΣ (011651035),7000.0,,
93Η84690ΒΧ-Τ77,2023-10-19,ΕΝΤΑΛΜΑ ΠΛΗΡΩΜΗΣ ΦΡΟΝΕΙΝ ΙΚΕ (800870900),800870900,ΦΡΟΝΕΙΝ ΙΚΕ (800870900),3720.0,,
9Ζ754690ΒΧ-69Θ,2023-11-15,ΕΝΤΑΛΜΑ ΠΛΗΡΩΜΗΣ ELINCO A.E.ΣΥΣΤΗΜΑΤΑ ΕΛΕΓΧΟΥ ΠΥΡΟΠΡΟΣΤΑΣΙΑΣ-ΑΣΦΑΛΕΙΑΣ (094475496),094475496,ELINCO A.E.ΣΥΣΤΗΜΑΤΑ ΕΛΕΓΧΟΥ ΠΥΡΟΠΡΟΣΤΑΣΙΑΣ-ΑΣΦΑΛΕΙΑΣ (094475496),3658.0,,
99Ζ14690ΒΧ-ΛΨΑ,2023-11-10,ΕΝΤΑΛΜΑ ΠΛΗΡΩΜΗΣ DEMO A.Β.Ε.E. (094041553),094041553,DEMO A.Β.Ε.E. (094041553),4261.75,,
ΨΘΝ84690ΒΧ-50Ω,2023-11-15,ΕΝΤΑΛΜΑ ΠΛΗΡΩΜΗΣ ΣΥΜΕΩΝΙΔΗΣ ΒΑΣ. ΧΑΡΑΛΑΜΠΟΣ (125190308),125190308,ΣΥΜΕΩΝΙΔΗΣ ΒΑΣ. ΧΑΡΑΛΑΜΠΟΣ (125190308),695.52,,
Ρ1ΡΑ4690ΒΧ-ΜΨ4,2023-11-15,ΕΝΤΑΛΜΑ ΠΛΗΡΩΜΗΣ ΝΙΚΟΛΑΟΣ ΚΟΥΡΤΗΣ   ΣΙΑ Ε.Ε (997915143),997915143,ΝΙΚΟΛΑΟΣ ΚΟΥΡΤΗΣ   ΣΙΑ Ε.Ε (997915143),471.29,,
99Ρ34690ΒΧ-ΕΤΡ,2023-11-15,ΕΝΤΑΛΜΑ ΠΛΗΡΩΜΗΣ ΜΙΧΑΗΛ ΣΚΑΜΑΓΚΑΣ ΑΒΕΕ (999717761),999717761,ΜΙΧΑΗΛ ΣΚΑΜΑΓΚΑΣ ΑΒΕΕ (999717761),258.54,,
6Α9Ε4690ΒΧ-ΗΥΔ,2023-11-15,ΕΝΤΑΛΜΑ ΠΛΗΡΩΜΗΣ ΚΑΤΩΠΟΔΗΣ Μ.-ΚΑΒΒΑΔΑ Ε.Ε.Π.Ε. (997917019),997917019,ΚΑΤΩΠΟΔΗΣ Μ.-ΚΑΒΒΑΔΑ Ε.Ε.Π.Ε. (997917019),810.71,,
6Υ8Ι4690ΒΧ-0ΚΛ,2023-11-15,ΕΝΤΑΛΜΑ ΠΛΗΡΩΜΗΣ ΚΑΤΩΠΟΔΗΣ Μ.-ΚΑΒΒΑΔΑ Ε.Ε.Π.Ε. (997917019),997917019,ΚΑΤΩΠΟΔΗΣ Μ.-ΚΑΒΒΑΔΑ Ε.Ε.Π.Ε. (997917019),1012.21,,
ΨΩΝ14690ΒΧ-46Τ,2023-11-15,ΕΝΤΑΛΜΑ ΠΛΗΡΩΜΗΣ ΚΑΤΩΠΟΔΗΣ Μ.-ΚΑΒΒΑΔΑ Ε.Ε.Π.Ε. (997917019),997917019,ΚΑΤΩΠΟΔΗΣ Μ.-ΚΑΒΒΑΔΑ Ε.Ε.Π.Ε. (997917019),131.71,,
Ψ3ΞΠ4690ΒΧ-ΧΟ8,2023-11-15,ΕΝΤΑΛΜΑ ΠΛΗΡΩΜΗΣ ΓΕΛΑΔΑΚΗΣ ΔΗΜ.   ΣΙΑ ΕΕ (800378754),800378754,ΓΕΛΑΔΑΚΗΣ ΔΗΜ.   ΣΙΑ ΕΕ (800378754),499.72,,
6ΓΣΙ4690ΒΧ-4ΑΗ,2023-11-15,ΕΝΤΑΛΜΑ ΠΛΗΡΩΜΗΣ ΒΑΚΕΝΤΗΣ ΕΜΜ. Ο.Ε. (800151001),800151001,ΒΑΚΕΝΤΗΣ ΕΜΜ. Ο.Ε. (800151001),608.89,,
9Μ314690ΒΧ-Φ7Γ,2023-11-15,ΕΝΤΑΛΜΑ ΠΛΗΡΩΜΗΣ ΑΦΟΙ ΠΑΠΑΝΑΣΤΑΣΙΟΥ Ο.Ε. (081308853),081308853,ΑΦΟΙ ΠΑΠΑΝΑΣΤΑΣΙΟΥ Ο.Ε. (081308853),1066.73,,
98Χ34690ΒΧ-ΖΙΜ,2023-11-15,ΕΝΤΑΛΜΑ ΠΛΗΡΩΜΗΣ ΑΦΟΙ ΠΑΠΑΝΑΣΤΑΣΙΟΥ Ο.Ε. (081308853),081308853,ΑΦΟΙ ΠΑΠΑΝΑΣΤΑΣΙΟΥ Ο.Ε. (081308853),348.93,,
Ρ42Α4690ΒΧ-Π16,2023-11-15,ΕΝΤΑΛΜΑ ΠΛΗΡΩΜΗΣ ΑΦΟΙ ΖΥΡΙΧΙΔΗ Ο.Ε (091282761),091282761,ΑΦΟΙ ΖΥΡΙΧΙΔΗ Ο.Ε (091282761),375.77,,
Ρ6ΚΩ4690ΒΧ-ΡΘ7,2023-11-15,ΕΝΤΑΛΜΑ ΠΛΗΡΩΜΗΣ ΑΤΟΜΙΚΗ ΦΡΟΝΤΙΔΑ ΑΒΕΕ (998476060),998476060,ΑΤΟΜΙΚΗ ΦΡΟΝΤΙΔΑ ΑΒΕΕ (998476060),441.59,,
ΡΨΜΙ4690ΒΧ-ΞΛΑ,2023-11-15,ΕΝΤΑΛΜΑ ΠΛΗΡΩΜΗΣ ΄΄ ΜΟΥΡΟΠΟΥΛΟΣ΄΄ ΒΙΟ/ΝΙΑ ΠΛΑΣΤΙΚΩΝ (081857450),081857450,΄΄ ΜΟΥΡΟΠΟΥΛΟΣ΄΄ ΒΙΟ/ΝΙΑ ΠΛΑΣΤΙΚΩΝ (081857450),1162.5,,
9Α634690ΒΧ-ΖΑΤ,2023-11-15,ΕΝΤΑΛΜΑ ΠΛΗΡΩΜΗΣ TYPO-CENTER ΓΕΡ.ΒΕΡΓΙΝΗΣ (028558054),028558054,TYPO-CENTER ΓΕΡ.ΒΕΡΓΙΝΗΣ (028558054),97.5,,
64Λ74690ΒΧ-Φ59,2023-11-15,ΕΝΤΑΛΜΑ ΠΛΗΡΩΜΗΣ Rain bow waters (099328240),099328240,Rain bow waters (099328240),68.28,,
9ΞΡΓ4690ΒΧ-ΚΝ3,2023-11-15,ΕΝΤΑΛΜΑ ΠΛΗΡΩΜΗΣ PROFI ΤΕΧΝΙΚΟ SUPER MARKET (800326038),800326038,PROFI ΤΕΧΝΙΚΟ SUPER MARKET (800326038),273.97,,
66ΖΘ4690ΒΧ-ΤΛΥ,2023-11-15,ΕΝΤΑΛΜΑ ΠΛΗΡΩΜΗΣ PROFI ΤΕΧΝΙΚΟ SUPER MARKET (800326038),800326038,PROFI ΤΕΧΝΙΚΟ SUPER MARKET (800326038),79.5,,
6ΠΠ64690ΒΧ-ΜΑΜ,2023-11-15,ΕΝΤΑΛΜΑ ΠΛΗΡΩΜΗΣ ECOLIGHT ΜΑΦΡΕΔΟΣ Δ   ΣΙΑ Ε.Ε. (998414961),998414961,ECOLIGHT ΜΑΦΡΕΔΟΣ Δ   ΣΙΑ Ε.Ε. (998414961),74.4,,
945Φ4690ΒΧ-74Π,2023-11-15,ΕΝΤΑΛΜΑ ΠΛΗΡΩΜΗΣ A SECURITY ΑΥΓΕΡΙΝΟΣ ΙΩΑΝΝΗΣ (106923693),106923693,A SECURITY ΑΥΓΕΡΙΝΟΣ ΙΩΑΝΝΗΣ (106923693),403.0,,
6ΨΞΞ4690ΒΧ-ΠΞ8,2023-11-15,ΕΝΤΑΛΜΑ ΠΛΗΡΩΜΗΣ A SECURITY ΑΥΓΕΡΙΝΟΣ ΙΩΑΝΝΗΣ (106923693),106923693,A SECURITY ΑΥΓΕΡΙΝΟΣ ΙΩΑΝΝΗΣ (106923693),161.2,,
63ΣΤ4690ΒΧ-Σ2Ε,2023-11-15,ΕΝΤΑΛΜΑ ΠΛΗΡΩΜΗΣ <<ΠΕΙΡΑΪΚΗ ΕΦΟΔΙΑΣΤΙΚΗ>> Σ.ΚΑΤΕΧΗΣ   ΣΙΑ Ο.Ε (999234290),999234290,<<ΠΕΙΡΑΪΚΗ ΕΦΟΔΙΑΣΤΙΚΗ>> Σ.ΚΑΤΕΧΗΣ   ΣΙΑ Ο.Ε (999234290),1130.95,,
6Ε244690ΒΧ-0Δ5,2023-09-20,ΕΝΤΑΛΜΑ ΠΛΗΡΩΜΗΣ INTER MEDICA ΕΜΜ.Τ.ΤΖΑΝΙΔΑΚΗΣ (011651035),011651035,INTER MEDICA ΕΜΜ.Τ.ΤΖΑΝΙΔΑΚΗΣ (011651035),2604.0,,
ΡΠ7Α4690ΒΧ-8ΣΟ,2023-09-20,ΕΝΤΑΛΜΑ ΠΛΗΡΩΜΗΣ INTER MEDICA ΕΜΜ.Τ.ΤΖΑΝΙΔΑΚΗΣ (011651035),011651035,INTER MEDICA ΕΜΜ.Τ.ΤΖΑΝΙΔΑΚΗΣ (011651035),2480.0,,
97ΟΠ4690ΒΧ-ΧΡΞ,2023-09-20,ΕΝΤΑΛΜΑ ΠΛΗΡΩΜΗΣ INTER MEDICA ΕΜΜ.Τ.ΤΖΑΝΙΔΑΚΗΣ (011651035),011651035,INTER MEDICA ΕΜΜ.Τ.ΤΖΑΝΙΔΑΚΗΣ (011651035),195.92,,
ΨΝΖΑ4690ΒΧ-ΜΥΠ,2023-11-02,ΕΝΤΑΛΜΑ ΠΛΗΡΩΜΗΣ ΟΡΓ/ΣΜΟΣ ΤΗΛΕΠ/ΝΙΩΝ ΕΛΛΑΔΟΣ ΑΕ (094019245),094019245,ΟΡΓ/ΣΜΟΣ ΤΗΛΕΠ/ΝΙΩΝ ΕΛΛΑΔΟΣ ΑΕ (094019245),1370.99,,
9ΕΡΝ4690ΒΧ-Α7Ν,2023-11-02,ΕΝΤΑΛΜΑ ΠΛΗΡΩΜΗΣ ΟΡΓ/ΣΜΟΣ ΤΗΛΕΠ/ΝΙΩΝ ΕΛΛΑΔΟΣ ΑΕ (094019245),094019245,ΟΡΓ/ΣΜΟΣ ΤΗΛΕΠ/ΝΙΩΝ ΕΛΛΑΔΟΣ ΑΕ (094019245),361.69,,
6ΙΨΧ4690ΒΧ-ΧΧΦ,2023-11-02,ΕΝΤΑΛΜΑ ΠΛΗΡΩΜΗΣ ΟΡΓ/ΣΜΟΣ ΤΗΛΕΠ/ΝΙΩΝ ΕΛΛΑΔΟΣ ΑΕ (094019245),094019245,ΟΡΓ/ΣΜΟΣ ΤΗΛΕΠ/ΝΙΩΝ ΕΛΛΑΔΟΣ ΑΕ (094019245),220.73,,
Ψ25Ζ4690ΒΧ-ΘΨΟ,2023-11-02,ΕΝΤΑΛΜΑ ΠΛΗΡΩΜΗΣ COSMOTE-ΚΙΝΗΤΕΣ ΤΗΛΕΠΙΚΟΙΝΩΝΙΕΣ Α.Ε (094493766),094493766,COSMOTE-ΚΙΝΗΤΕΣ ΤΗΛΕΠΙΚΟΙΝΩΝΙΕΣ Α.Ε (094493766),198.57,,
ΨΛ0Μ4690ΒΧ-ΖΤΝ,2023-11-27,ΕΝΤΑΛΜΑ ΠΛΗΡΩΜΗΣ ΨΗΛΙΑΚΟΣ ΛΕΩΝΙΔΑΣ   ΣΙΑ (999495127),999495127,ΨΗΛΙΑΚΟΣ ΛΕΩΝΙΔΑΣ   ΣΙΑ (999495127),7390.4,,
ΨΗ884690ΒΧ-ΚΙΛ,2023-11-14,ΕΝΤΑΛΜΑ ΠΛΗΡΩΜΗΣ ΄΄ΦΑΡΜΑ ΚΙΡΚΗ΄΄ ΕΙΡΗΝΗ ΦΕΡΕΝΤΙΝΟΥ ΜΟΝ/ΠΗ ΙΚΕ (800908604),800908604,΄΄ΦΑΡΜΑ ΚΙΡΚΗ΄΄ ΕΙΡΗΝΗ ΦΕΡΕΝΤΙΝΟΥ ΜΟΝ/ΠΗ ΙΚΕ (800908604),9870.42,,
61ΖΤ4690ΒΧ-53Β,2023-11-15,ΕΝΤΑΛΜΑ ΠΛΗΡΩΜΗΣ ΝΙΚΑΙΑ ΤΡΟΦΟΔΟΣΙΕΣ ΜΟΝΟΠΡΟΣΩΠΗ ΙΚΕ (801393800),801393800,ΝΙΚΑΙΑ ΤΡΟΦΟΔΟΣΙΕΣ ΜΟΝΟΠΡΟΣΩΠΗ ΙΚΕ (801393800),105.67,,
9Χ3Λ4690ΒΧ-ΓΨΑ,2023-11-15,ΕΝΤΑΛΜΑ ΠΛΗΡΩΜΗΣ ΝΙΚΑΙΑ ΤΡΟΦΟΔΟΣΙΕΣ ΜΟΝΟΠΡΟΣΩΠΗ ΙΚΕ (801393800),801393800,ΝΙΚΑΙΑ ΤΡΟΦΟΔΟΣΙΕΣ ΜΟΝΟΠΡΟΣΩΠΗ ΙΚΕ (801393800),1792.47,,
6ΣΟΧ4690ΒΧ-Χ0Σ,2023-11-15,ΕΝΤΑΛΜΑ ΠΛΗΡΩΜΗΣ ΝΙΚΑΙΑ ΤΡΟΦΟΔΟΣΙΕΣ ΜΟΝΟΠΡΟΣΩΠΗ ΙΚΕ (801393800),801393800,ΝΙΚΑΙΑ ΤΡΟΦΟΔΟΣΙΕΣ ΜΟΝΟΠΡΟΣΩΠΗ ΙΚΕ (801393800),816.76,,
9ΞΡ34690ΒΧ-ΠΔΚ,2023-11-15,ΕΝΤΑΛΜΑ ΠΛΗΡΩΜΗΣ ΛΑΥΡΑΝΟΣ ΟΜΗΡΟΣ (102561232),102561232,ΛΑΥΡΑΝΟΣ ΟΜΗΡΟΣ (102561232),74.4,,
9Μ654690ΒΧ-Τ9Ο,2023-11-14,ΕΝΤΑΛΜΑ ΠΛΗΡΩΜΗΣ ΚΟΝΤΟΓΙΑΝΝΗ ΟΥΡΑΝΙΑ (301366552),301366552,ΚΟΝΤΟΓΙΑΝΝΗ ΟΥΡΑΝΙΑ (301366552),1209.12,,
Ψ26Λ4690ΒΧ-6ΛΜ,2023-11-14,ΕΝΤΑΛΜΑ ΠΛΗΡΩΜΗΣ ΚΟΝΤΟΓΙΑΝΝΗ ΟΥΡΑΝΙΑ (301366552),301366552,ΚΟΝΤΟΓΙΑΝΝΗ ΟΥΡΑΝΙΑ (301366552),6361.56,,
ΨΜ6Β4690ΒΧ-ΖΦΛ,2023-11-14,ΕΝΤΑΛΜΑ ΠΛΗΡΩΜΗΣ ΚΑΚΑΒΟΣ Ι.ΔΗΜΗΤΡΙΟΣ (119540879),119540879,ΚΑΚΑΒΟΣ Ι.ΔΗΜΗΤΡΙΟΣ (119540879),6619.71,,
68ΖΚ4690ΒΧ-0ΟΙ,2023-11-15,ΕΝΤΑΛΜΑ ΠΛΗΡΩΜΗΣ ΘΕΟΧΑΡΗΣ ΚΩΝΣΤΑΝΤΙΝΟΣ (074168641),074168641,ΘΕΟΧΑΡΗΣ ΚΩΝΣΤΑΝΤΙΝΟΣ (074168641),785.23,,
Ψ5Ο34690ΒΧ-ΛΨ4,2023-11-15,ΕΝΤΑΛΜΑ ΠΛΗΡΩΜΗΣ ΔΟΥΚΑΣ ΝΙΚΟΛΑΟΣ (049685100),049685100,ΔΟΥΚΑΣ ΝΙΚΟΛΑΟΣ (049685100),102.0,,
936Π4690ΒΧ-ΙΙ6,2023-11-15,ΕΝΤΑΛΜΑ ΠΛΗΡΩΜΗΣ ΒΕΝΤΟΥΡΗΣ ΙΩΑΝΝΗΣ (059723640),059723640,ΒΕΝΤΟΥΡΗΣ ΙΩΑΝΝΗΣ (059723640),161.2,,
62Λ74690ΒΧ-ΒΥΘ,2023-11-15,ΕΝΤΑΛΜΑ ΠΛΗΡΩΜΗΣ ΄΄ΕΡΜΗΣ'' ΑΠΟΣΤΟΛΟΥ ΒΑΣΙΛΗΣ (059217883),059217883,΄΄ΕΡΜΗΣ'' ΑΠΟΣΤΟΛΟΥ ΒΑΣΙΛΗΣ (059217883),258.0,,
9ΡΘΦ4690ΒΧ-ΔΧ7,2023-11-15,ΕΝΤΑΛΜΑ ΠΛΗΡΩΜΗΣ Areteion Medicals Α.Ε. (998283495),998283495,Areteion Medicals Α.Ε. (998283495),1329.78,,
6ΠΟ54690ΒΧ-5ΧΕ,2023-11-09,ΕΝΤΑΛΜΑ ΠΛΗΡΩΜΗΣ AMISTIM Α.Ε (800332832),800332832,AMISTIM Α.Ε (800332832),9585.2,,
9ΜΝΧ4690ΒΧ-8Τ1,2023-11-27,ΕΝΤΑΛΜΑ ΠΛΗΡΩΜΗΣ ΚΑΧΙΩΝΗΣ Α.Π.ΙΩΑΚΕΙΜΙΔΟΥ Ο.Ε KI-Constructions (998170464),998170464,ΚΑΧΙΩΝΗΣ Α.Π.ΙΩΑΚΕΙΜΙΔΟΥ Ο.Ε KI-Constructions (998170464),3087.6,,
66ΚΟ4690ΒΧ-ΩΩ6,2023-11-27,ΕΝΤΑΛΜΑ ΠΛΗΡΩΜΗΣ VAKTRO SCIENTIFIC ΣΤΑΥΡΟΣ ΑΓΓΕΛΟΠΟΥΛΟΣ   ΣΙΑ Ο.Ε (084221869),084221869,VAKTRO SCIENTIFIC ΣΤΑΥΡΟΣ ΑΓΓΕΛΟΠΟΥΛΟΣ   ΣΙΑ Ο.Ε (084221869),37076.0,,
ΨΥΙΚ4690ΒΧ-6ΝΙ,2023-11-27,ΕΝΤΑΛΜΑ ΠΛΗΡΩΜΗΣ klinikum plus Μονοπρόσωπη Ι.Κ.Ε (800888293),800888293,klinikum plus Μονοπρόσωπη Ι.Κ.Ε (800888293),11036.0,,
6ΓΦΛ4690ΒΧ-ΡΥΕ,2023-11-27,ΕΝΤΑΛΜΑ ΠΛΗΡΩΜΗΣ KARL STORZ-ΕΝΔΟΣΚΟΠΙΑ ΕΛΛΑΔΟΣ Ε.Π.Ε (998361490),998361490,KARL STORZ-ΕΝΔΟΣΚΟΠΙΑ ΕΛΛΑΔΟΣ Ε.Π.Ε (998361490),22339.84,,
60ΝΓ4690ΒΧ-ΓΔΔ,2023-11-27,ΕΝΤΑΛΜΑ ΠΛΗΡΩΜΗΣ ICON DYNAMICS (998860010),998860010,ICON DYNAMICS (998860010),7936.0,,
ΩΧΥΠ4690ΒΧ-2ΝΞ,2023-11-27,ΕΝΤΑΛΜΑ ΠΛΗΡΩΜΗΣ ICON DYNAMICS (998860010),998860010,ICON DYNAMICS (998860010),35960.0,,
ΨΑΟ34690ΒΧ-Γ5Μ,2023-11-14,ΕΝΤΑΛΜΑ ΠΛΗΡΩΜΗΣ ΒΕΡΟΝΙΚΑ ΜΟΥΚΑ τ. ΚΩΝ/ΝΟΥ (136677323),136677323,ΒΕΡΟΝΙΚΑ ΜΟΥΚΑ τ. ΚΩΝ/ΝΟΥ (136677323),1355.32,,
6Σ1Ζ4690ΒΧ-ΨΚΤ,2023-11-14,ΕΝΤΑΛΜΑ ΠΛΗΡΩΜΗΣ ΒΕΡΟΝΙΚΑ ΜΟΥΚΑ τ. ΚΩΝ/ΝΟΥ (136677323),136677323,ΒΕΡΟΝΙΚΑ ΜΟΥΚΑ τ. ΚΩΝ/ΝΟΥ (136677323),1450.44,,
6ΗΗ14690ΒΧ-7ΡΦ,2023-11-14,ΕΝΤΑΛΜΑ ΠΛΗΡΩΜΗΣ ΒΕΡΟΝΙΚΑ ΜΟΥΚΑ τ. ΚΩΝ/ΝΟΥ (136677323),136677323,ΒΕΡΟΝΙΚΑ ΜΟΥΚΑ τ. ΚΩΝ/ΝΟΥ (136677323),1364.28,,
64ΞΥ4690ΒΧ-ΑΓΕ,2023-11-24,ΕΝΤΑΛΜΑ ΠΛΗΡΩΜΗΣ iDX P.C (800725375),800725375,iDX P.C (800725375),6510.0,,
67Ξ74690ΒΧ-ΒΡΖ,2023-10-19,ΕΝΤΑΛΜΑ ΠΛΗΡΩΜΗΣ Payroll Software   Services Real Solutions Ι.Κ.Ε (800498280),800498280,Payroll Software   Services Real Solutions Ι.Κ.Ε (800498280),2873.7,,
ΩΧΡ94690ΒΧ-84Ζ,2023-11-14,ΕΝΤΑΛΜΑ ΠΛΗΡΩΜΗΣ ΜΠΑΛΑΣΚΑΣ ΓΕΩΡΓΙΟΣ (073571028),073571028,ΜΠΑΛΑΣΚΑΣ ΓΕΩΡΓΙΟΣ (073571028),1099.88,,
998Σ4690ΒΧ-Ρ38,2023-11-14,ΕΝΤΑΛΜΑ ΠΛΗΡΩΜΗΣ ΜΠΑΛΑΣΚΑΣ ΓΕΩΡΓΙΟΣ (073571028),073571028,ΜΠΑΛΑΣΚΑΣ ΓΕΩΡΓΙΟΣ (073571028),164.95,,
6ΧΜΤ4690ΒΧ-ΒΞΓ,2023-11-14,ΕΝΤΑΛΜΑ ΠΛΗΡΩΜΗΣ ΜΠΑΛΑΣΚΑΣ ΓΕΩΡΓΙΟΣ (073571028),073571028,ΜΠΑΛΑΣΚΑΣ ΓΕΩΡΓΙΟΣ (073571028),53.0,,
Ψ9ΝΛ4690ΒΧ-Τ3Ψ,2023-11-14,ΕΝΤΑΛΜΑ ΠΛΗΡΩΜΗΣ ΒΕΡΟΝΙΚΑ ΜΟΥΚΑ τ. ΚΩΝ/ΝΟΥ (136677323),136677323,ΒΕΡΟΝΙΚΑ ΜΟΥΚΑ τ. ΚΩΝ/ΝΟΥ (136677323),1348.61,,
ΨΥ6Δ4690ΒΧ-694,2023-11-14,ΕΝΤΑΛΜΑ ΠΛΗΡΩΜΗΣ ΒΕΡΟΝΙΚΑ ΜΟΥΚΑ τ. ΚΩΝ/ΝΟΥ (136677323),136677323,ΒΕΡΟΝΙΚΑ ΜΟΥΚΑ τ. ΚΩΝ/ΝΟΥ (136677323),1405.46,,
62Ρ04690ΒΧ-ΨΗ4,2023-11-14,ΕΝΤΑΛΜΑ ΠΛΗΡΩΜΗΣ ΒΕΡΟΝΙΚΑ ΜΟΥΚΑ τ. ΚΩΝ/ΝΟΥ (136677323),136677323,ΒΕΡΟΝΙΚΑ ΜΟΥΚΑ τ. ΚΩΝ/ΝΟΥ (136677323),1439.93,,
ΨΑΖΜ4690ΒΧ-3ΧΘ,2023-11-14,ΕΝΤΑΛΜΑ ΠΛΗΡΩΜΗΣ ΒΕΡΟΝΙΚΑ ΜΟΥΚΑ τ. ΚΩΝ/ΝΟΥ (136677323),136677323,ΒΕΡΟΝΙΚΑ ΜΟΥΚΑ τ. ΚΩΝ/ΝΟΥ (136677323),1306.5,,
638Σ4690ΒΧ-ΓΑ7,2023-10-19,ΕΝΤΑΛΜΑ ΠΛΗΡΩΜΗΣ BUSE GAS A.E (997598041),997598041,BUSE GAS A.E (997598041),767.98,,
6Π874690ΒΧ-ΒΗΓ,2023-10-19,ΕΝΤΑΛΜΑ ΠΛΗΡΩΜΗΣ BUSE GAS A.E (997598041),997598041,BUSE GAS A.E (997598041),1419.8,,
6Σ0Δ4690ΒΧ-ΦΣΖ,2023-10-19,ΕΝΤΑΛΜΑ ΠΛΗΡΩΜΗΣ ΤΕΜΑΚ (094279934),094279934,ΤΕΜΑΚ (094279934),3100.0,,
ΨΥΚΒ4690ΒΧ-Λ2Η,2023-10-19,ΕΝΤΑΛΜΑ ΠΛΗΡΩΜΗΣ ΕΥΣΤΑΘΙΟΣ Γ.ΤΣΙΓΚΡΗΣ Ε.Π.Ε. (999893375),999893375,ΕΥΣΤΑΘΙΟΣ Γ.ΤΣΙΓΚΡΗΣ Ε.Π.Ε. (999893375),2596.41,,
ΨΡ7Β4690ΒΧ-6Ρ4,2023-11-09,ΕΝΤΑΛΜΑ ΠΛΗΡΩΜΗΣ ΒΙΟΣΕΡ ΑΕ (094035927),094035927,ΒΙΟΣΕΡ ΑΕ (094035927),4425.52,,
97ΝΛ4690ΒΧ-Ι5Ζ,2023-10-19,ΕΝΤΑΛΜΑ ΠΛΗΡΩΜΗΣ ΑΓΚΦΑ - ΓΚΕΒΕΡΤ ΑΕΒΕ (094025805),094025805,ΑΓΚΦΑ - ΓΚΕΒΕΡΤ ΑΕΒΕ (094025805),9734.0,,
62ΔΙ4690ΒΧ-ΦΗΕ,2023-10-19,ΕΝΤΑΛΜΑ ΠΛΗΡΩΜΗΣ VETERY SERVICE HELLAS ΝΑΚΑΣ ΣΠΥΡΙΔΩΝ (061755570),061755570,VETERY SERVICE HELLAS ΝΑΚΑΣ ΣΠΥΡΙΔΩΝ (061755570),124.0,,
65ΗΡ4690ΒΧ-ΣΞ2,2023-10-19,ΕΝΤΑΛΜΑ ΠΛΗΡΩΜΗΣ PublicSoft Ι.Κ.Ε. (800837416),800837416,PublicSoft Ι.Κ.Ε. (800837416),8473.33,,
Ψ2324690ΒΧ-5ΜΔ,2023-10-19,ΕΝΤΑΛΜΑ ΠΛΗΡΩΜΗΣ OTIS ΕΛΛΑΣ ΜΟΝΟΠΡΟΣΩΠΗ ΑΝΩΝ.ΒΙΟΜ.   ΕΜΠ.ΤΕΧΝ.ΕΤΑΙΡΕΙΑ (094208578),094208578,OTIS ΕΛΛΑΣ ΜΟΝΟΠΡΟΣΩΠΗ ΑΝΩΝ.ΒΙΟΜ.   ΕΜΠ.ΤΕΧΝ.ΕΤΑΙΡΕΙΑ (094208578),1082.95,,
9ΘΠΑ4690ΒΧ-Δ9Ρ,2023-10-19,ΕΝΤΑΛΜΑ ΠΛΗΡΩΜΗΣ COMPUTER SOLUTIONS ΑΝΩΝΥΜΗ (095403136),095403136,COMPUTER SOLUTIONS ΑΝΩΝΥΜΗ (095403136),3100.0,,
91ΧΦ4690ΒΧ-3ΦΡ,2023-10-19,ΕΝΤΑΛΜΑ ΠΛΗΡΩΜΗΣ COMPUTER SOLUTIONS ΑΝΩΝΥΜΗ (095403136),095403136,COMPUTER SOLUTIONS ΑΝΩΝΥΜΗ (095403136),4753.33,,
ΨΨΒ54690ΒΧ-ΘΙ5,2023-10-18,ΕΝΤΑΛΜΑ ΠΛΗΡΩΜΗΣ ΜΙΧΑΗΛ ΣΚΑΜΑΓΚΑΣ ΑΒΕΕ (999717761),999717761,ΜΙΧΑΗΛ ΣΚΑΜΑΓΚΑΣ ΑΒΕΕ (999717761),395.77,,
Ψ2ΚΜ4690ΒΧ-ΖΕΘ,2023-10-18,ΕΝΤΑΛΜΑ ΠΛΗΡΩΜΗΣ Σ.ΧΑΣΚΟΣ -Χ.ΤΣΙΚΟΥΔΗΣ Ο.Ε (084157763),084157763,Σ.ΧΑΣΚΟΣ -Χ.ΤΣΙΚΟΥΔΗΣ Ο.Ε (084157763),638.6,,
97Φ54690ΒΧ-ΓΦ1,2023-10-18,ΕΝΤΑΛΜΑ ΠΛΗΡΩΜΗΣ Σ.ΧΑΣΚΟΣ -Χ.ΤΣΙΚΟΥΔΗΣ Ο.Ε (084157763),084157763,Σ.ΧΑΣΚΟΣ -Χ.ΤΣΙΚΟΥΔΗΣ Ο.Ε (084157763),186.0,,
61414690ΒΧ-ΕΕΧ,2023-11-09,ΕΝΤΑΛΜΑ ΠΛΗΡΩΜΗΣ ΦΙΛΙΠΣ ΕΛΛΑΣ ΜΟΝΟΠΡΟΣΩΠΗ Α.ΕΒ.Ε (PHILIPS) (094014759),094014759,ΦΙΛΙΠΣ ΕΛΛΑΣ ΜΟΝΟΠΡΟΣΩΠΗ Α.ΕΒ.Ε (PHILIPS) (094014759),24924.0,,
9ΥΞΩ4690ΒΧ-0Υ5,2023-11-10,ΕΝΤΑΛΜΑ ΠΛΗΡΩΜΗΣ DEMO A.Β.Ε.E. (094041553),094041553,DEMO A.Β.Ε.E. (094041553),3410.66,,
ΨΨΠ64690ΒΧ-5ΣΤ,2023-11-10,ΕΝΤΑΛΜΑ ΠΛΗΡΩΜΗΣ BOEHRINGER INGELHEIM ΕΛΛΑΣ ΑΕ (094140021),094140021,BOEHRINGER INGELHEIM ΕΛΛΑΣ ΑΕ (094140021),600.39,,
6Κ0Κ4690ΒΧ-Σ4Π,2023-11-10,ΕΝΤΑΛΜΑ ΠΛΗΡΩΜΗΣ BOEHRINGER INGELHEIM ΕΛΛΑΣ ΑΕ (094140021),094140021,BOEHRINGER INGELHEIM ΕΛΛΑΣ ΑΕ (094140021),2425.62,,
6ΠΨ24690ΒΧ-Β75,2023-11-09,ΕΝΤΑΛΜΑ ΠΛΗΡΩΜΗΣ ΒΙΟΣΕΡ ΑΕ (094035927),094035927,ΒΙΟΣΕΡ ΑΕ (094035927),1908.27,,
ΨΠΧ34690ΒΧ-ΔΩΧ,2023-10-10,ΕΝΤΑΛΜΑ ΠΛΗΡΩΜΗΣ YΓΕΙΟΔΥΝΑΜΙΚΗ Α.Ε (997672386),997672386,YΓΕΙΟΔΥΝΑΜΙΚΗ Α.Ε (997672386),122.76,,
9ΥΙΚ4690ΒΧ-Ν7Ρ,2023-10-10,ΕΝΤΑΛΜΑ ΠΛΗΡΩΜΗΣ ELFAMED AE (800378686),800378686,ELFAMED AE (800378686),2976.9,,
ΨΜΕΗ4690ΒΧ-Υ0Ν,2023-11-09,ΕΝΤΑΛΜΑ ΠΛΗΡΩΜΗΣ ΒΙΟΣΕΡ ΑΕ (094035927),094035927,ΒΙΟΣΕΡ ΑΕ (094035927),4684.56,,
ΨΟ8Γ4690ΒΧ-4ΨΨ,2023-11-09,ΕΝΤΑΛΜΑ ΠΛΗΡΩΜΗΣ ΒΙΟΣΕΡ ΑΕ (094035927),094035927,ΒΙΟΣΕΡ ΑΕ (094035927),4287.16,,
ΩΝΘΡ4690ΒΧ-342,2023-11-09,ΕΝΤΑΛΜΑ ΠΛΗΡΩΜΗΣ ΒΙΟΣΕΡ ΑΕ (094035927),094035927,ΒΙΟΣΕΡ ΑΕ (094035927),4030.01,,
67ΑΙ4690ΒΧ-ΗΟΩ,2023-11-09,ΕΝΤΑΛΜΑ ΠΛΗΡΩΜΗΣ ΒΙΟΣΕΡ ΑΕ (094035927),094035927,ΒΙΟΣΕΡ ΑΕ (094035927),4527.1,,
69Μ24690ΒΧ-ΧΘΩ,2023-11-09,ΕΝΤΑΛΜΑ ΠΛΗΡΩΜΗΣ ΒΙΟΣΕΡ ΑΕ (094035927),094035927,ΒΙΟΣΕΡ ΑΕ (094035927),4853.53,,
9ΨΔΜ4690ΒΧ-ΙΕ9,2023-10-10,ΕΝΤΑΛΜΑ ΠΛΗΡΩΜΗΣ ΑΡΗΤΗ Α.Ε. (094251753),094251753,ΑΡΗΤΗ Α.Ε. (094251753),5781.66,,
9ΡΡΖ4690ΒΧ-ΦΓ4,2023-10-09,ΕΝΤΑΛΜΑ ΠΛΗΡΩΜΗΣ WiLO HELLAS ΜΟΝΟΠΡΟΣΩΠΗ Α.Β.Ε.Ε (094061750),094061750,WiLO HELLAS ΜΟΝΟΠΡΟΣΩΠΗ Α.Β.Ε.Ε (094061750),3968.0,,
ΨΟΛ74690ΒΧ-ΞΧ0,2023-11-09,ΕΝΤΑΛΜΑ ΠΛΗΡΩΜΗΣ DIACHEL ΔΙΑΓΝ.-ΧΗΜ.ΟΡΓ.Ε.Π.Ε. (095341314),095341314,DIACHEL ΔΙΑΓΝ.-ΧΗΜ.ΟΡΓ.Ε.Π.Ε. (095341314),641.28,,
Ψ5ΥΤ4690ΒΧ-ΗΚ3,2023-11-09,ΕΝΤΑΛΜΑ ΠΛΗΡΩΜΗΣ DIACHEL ΔΙΑΓΝ.-ΧΗΜ.ΟΡΓ.Ε.Π.Ε. (095341314),095341314,DIACHEL ΔΙΑΓΝ.-ΧΗΜ.ΟΡΓ.Ε.Π.Ε. (095341314),254.4,,
9ΑΓΠ4690ΒΧ-ΠΛΡ,2023-11-09,ΕΝΤΑΛΜΑ ΠΛΗΡΩΜΗΣ DIACHEL ΔΙΑΓΝ.-ΧΗΜ.ΟΡΓ.Ε.Π.Ε. (095341314),095341314,DIACHEL ΔΙΑΓΝ.-ΧΗΜ.ΟΡΓ.Ε.Π.Ε. (095341314),329.76,,
9ΨΦ84690ΒΧ-ΤΦ0,2023-11-10,ΕΝΤΑΛΜΑ ΠΛΗΡΩΜΗΣ DEMO A.Β.Ε.E. (094041553),094041553,DEMO A.Β.Ε.E. (094041553),2664.52,,
Ψ57Α4690ΒΧ-ΒΣ7,2023-11-10,ΕΝΤΑΛΜΑ ΠΛΗΡΩΜΗΣ DEMO A.Β.Ε.E. (094041553),094041553,DEMO A.Β.Ε.E. (094041553),4472.19,,
67ΔΜ4690ΒΧ-ΒΛ7,2023-11-10,ΕΝΤΑΛΜΑ ΠΛΗΡΩΜΗΣ DEMO A.Β.Ε.E. (094041553),094041553,DEMO A.Β.Ε.E. (094041553),4113.32,,
9Φ9Α4690ΒΧ-ΡΘ2,2023-11-10,ΕΝΤΑΛΜΑ ΠΛΗΡΩΜΗΣ DEMO A.Β.Ε.E. (094041553),094041553,DEMO A.Β.Ε.E. (094041553),3287.78,,
6ΧΚΕ4690ΒΧ-155,2023-11-10,ΕΝΤΑΛΜΑ ΠΛΗΡΩΜΗΣ DEMO A.Β.Ε.E. (094041553),094041553,DEMO A.Β.Ε.E. (094041553),3609.08,,
Ψ0ΦΤ4690ΒΧ-ΠΗΕ,2023-11-10,ΕΝΤΑΛΜΑ ΠΛΗΡΩΜΗΣ DEMO A.Β.Ε.E. (094041553),094041553,DEMO A.Β.Ε.E. (094041553),482.1,,
ΨΛΤΞ4690ΒΧ-ΤΔ6,2023-11-10,ΕΝΤΑΛΜΑ ΠΛΗΡΩΜΗΣ DEMO A.Β.Ε.E. (094041553),094041553,DEMO A.Β.Ε.E. (094041553),3267.52,,
Ρ6ΑΘ4690ΒΧ-Δ94,2023-11-09,ΕΝΤΑΛΜΑ ΠΛΗΡΩΜΗΣ KARL STORZ-ΕΝΔΟΣΚΟΠΙΑ ΕΛΛΑΔΟΣ Ε.Π.Ε (998361490),998361490,KARL STORZ-ΕΝΔΟΣΚΟΠΙΑ ΕΛΛΑΔΟΣ Ε.Π.Ε (998361490),27329.6,,
9ΒΡΕ4690ΒΧ-ΛΡΡ,2023-11-09,ΕΝΤΑΛΜΑ ΠΛΗΡΩΜΗΣ KARL STORZ-ΕΝΔΟΣΚΟΠΙΑ ΕΛΛΑΔΟΣ Ε.Π.Ε (998361490),998361490,KARL STORZ-ΕΝΔΟΣΚΟΠΙΑ ΕΛΛΑΔΟΣ Ε.Π.Ε (998361490),22121.6,,
ΨΩΘΣ4690ΒΧ-ΨΕ9,2023-11-09,ΕΝΤΑΛΜΑ ΠΛΗΡΩΜΗΣ SERINTH ΕΠΕ (998395573),998395573,SERINTH ΕΠΕ (998395573),6076.0,,
9ΦΦΨ4690ΒΧ-ΡΣΡ,2023-10-11,ΕΝΤΑΛΜΑ ΠΛΗΡΩΜΗΣ ΠΑΥΛΟΣ ΑΡΝΑΟΥΤΗΣ Α.Ε. (094178060),094178060,ΠΑΥΛΟΣ ΑΡΝΑΟΥΤΗΣ Α.Ε. (094178060),424.08,,
ΡΕΙΘ4690ΒΧ-ΙΨΘ,2023-10-18,ΕΝΤΑΛΜΑ ΠΛΗΡΩΜΗΣ Δ. ΚΟΡΤΕΣΗΣ   ΣΙΑ Ε.Ε. (999658897),999658897,Δ. ΚΟΡΤΕΣΗΣ   ΣΙΑ Ε.Ε. (999658897),524.76,,
ΡΨΚΟ4690ΒΧ-ΦΙ1,2023-10-18,ΕΝΤΑΛΜΑ ΠΛΗΡΩΜΗΣ ΑΤΟΜΙΚΗ ΦΡΟΝΤΙΔΑ ΑΒΕΕ (998476060),998476060,ΑΤΟΜΙΚΗ ΦΡΟΝΤΙΔΑ ΑΒΕΕ (998476060),841.12,,
9Ψ9Ρ4690ΒΧ-2Γ4,2023-10-10,ΕΝΤΑΛΜΑ ΠΛΗΡΩΜΗΣ ΑΣΤΡΙΣ ΑΝΑΠΤΥΞΗ ΜΟΝΑΔΩΝ ΥΓΕΙΑΣ ΕΠΕ (999056180),999056180,ΑΣΤΡΙΣ ΑΝΑΠΤΥΞΗ ΜΟΝΑΔΩΝ ΥΓΕΙΑΣ ΕΠΕ (999056180),1295.05,,
ΨΦΚΘ4690ΒΧ-Ρ3Σ,2023-10-10,ΕΝΤΑΛΜΑ ΠΛΗΡΩΜΗΣ ΑΝΑΣΤΑΣΙΟΣ ΜΑΥΡΟΓΕΝΗΣ Α.Ε. (082525697),082525697,ΑΝΑΣΤΑΣΙΟΣ ΜΑΥΡΟΓΕΝΗΣ Α.Ε. (082525697),1413.6,,
66ΣΣ4690ΒΧ-Σ6Ι,2023-10-19,ΕΝΤΑΛΜΑ ΠΛΗΡΩΜΗΣ WiLO HELLAS ΜΟΝΟΠΡΟΣΩΠΗ Α.Β.Ε.Ε (094061750),094061750,WiLO HELLAS ΜΟΝΟΠΡΟΣΩΠΗ Α.Β.Ε.Ε (094061750),171.12,,
ΨΠ6Ε4690ΒΧ-ΞΟΓ,2023-10-09,ΕΝΤΑΛΜΑ ΠΛΗΡΩΜΗΣ WiLO HELLAS ΜΟΝΟΠΡΟΣΩΠΗ Α.Β.Ε.Ε (094061750),094061750,WiLO HELLAS ΜΟΝΟΠΡΟΣΩΠΗ Α.Β.Ε.Ε (094061750),905.2,,
6Η5Σ4690ΒΧ-ΖΙ4,2023-10-11,ΕΝΤΑΛΜΑ ΠΛΗΡΩΜΗΣ VAKTRO SCIENTIFIC ΣΤΑΥΡΟΣ ΑΓΓΕΛΟΠΟΥΛΟΣ   ΣΙΑ Ο.Ε (084221869),084221869,VAKTRO SCIENTIFIC ΣΤΑΥΡΟΣ ΑΓΓΕΛΟΠΟΥΛΟΣ   ΣΙΑ Ο.Ε (084221869),6607.2,,
6ΧΔ34690ΒΧ-ΚΜΠ,2023-10-11,ΕΝΤΑΛΜΑ ΠΛΗΡΩΜΗΣ VAKTRO SCIENTIFIC ΣΤΑΥΡΟΣ ΑΓΓΕΛΟΠΟΥΛΟΣ   ΣΙΑ Ο.Ε (084221869),084221869,VAKTRO SCIENTIFIC ΣΤΑΥΡΟΣ ΑΓΓΕΛΟΠΟΥΛΟΣ   ΣΙΑ Ο.Ε (084221869),331.46,,
6Ξ8Ζ4690ΒΧ-1ΘΟ,2023-10-11,ΕΝΤΑΛΜΑ ΠΛΗΡΩΜΗΣ VAKTRO SCIENTIFIC ΣΤΑΥΡΟΣ ΑΓΓΕΛΟΠΟΥΛΟΣ   ΣΙΑ Ο.Ε (084221869),084221869,VAKTRO SCIENTIFIC ΣΤΑΥΡΟΣ ΑΓΓΕΛΟΠΟΥΛΟΣ   ΣΙΑ Ο.Ε (084221869),15264.0,,
ΨΨ7Ρ4690ΒΧ-7ΙΜ,2023-10-10,ΕΝΤΑΛΜΑ ΠΛΗΡΩΜΗΣ V   L VIOLAK INTERNATIONAL A.E (099370337),099370337,V   L VIOLAK INTERNATIONAL A.E (099370337),200.24,,
9ΥΠ84690ΒΧ-ΦΔΚ,2023-10-10,ΕΝΤΑΛΜΑ ΠΛΗΡΩΜΗΣ V   L VIOLAK INTERNATIONAL A.E (099370337),099370337,V   L VIOLAK INTERNATIONAL A.E (099370337),328.83,,
6ΧΖ04690ΒΧ-8ΗΜ,2023-10-10,ΕΝΤΑΛΜΑ ΠΛΗΡΩΜΗΣ V   L VIOLAK INTERNATIONAL A.E (099370337),099370337,V   L VIOLAK INTERNATIONAL A.E (099370337),712.47,,
ΨΣΛΒ4690ΒΧ-ΘΓΖ,2023-10-10,ΕΝΤΑΛΜΑ ΠΛΗΡΩΜΗΣ V   L VIOLAK INTERNATIONAL A.E (099370337),099370337,V   L VIOLAK INTERNATIONAL A.E (099370337),711.19,,
96Χ04690ΒΧ-0ΘΦ,2023-10-10,ΕΝΤΑΛΜΑ ΠΛΗΡΩΜΗΣ TELEFLEX MEDICAL ΕΛΛΑΣ ΑΕΕ (094429990),094429990,TELEFLEX MEDICAL ΕΛΛΑΣ ΑΕΕ (094429990),282.5,,
6ΗΜ04690ΒΧ-ΙΑΘ,2023-10-11,ΕΝΤΑΛΜΑ ΠΛΗΡΩΜΗΣ SCITEC ΙΑΤΡΙΚΑ ΣΥΣΤΗΜΑΤΑ Ε.Ε (094457478),094457478,SCITEC ΙΑΤΡΙΚΑ ΣΥΣΤΗΜΑΤΑ Ε.Ε (094457478),583.11,,
67ΧΒ4690ΒΧ-ΤΤΒ,2023-10-11,ΕΝΤΑΛΜΑ ΠΛΗΡΩΜΗΣ MEDICON HELLAS A.E. (094240321),094240321,MEDICON HELLAS A.E. (094240321),1836.8,,
9Ν7Ι4690ΒΧ-8ΒΞ,2023-10-18,ΕΝΤΑΛΜΑ ΠΛΗΡΩΜΗΣ KARL STORZ-ΕΝΔΟΣΚΟΠΙΑ ΕΛΛΑΔΟΣ Ε.Π.Ε (998361490),998361490,KARL STORZ-ΕΝΔΟΣΚΟΠΙΑ ΕΛΛΑΔΟΣ Ε.Π.Ε (998361490),1797.99,,
9ΧΒΑ4690ΒΧ-ΗΒΨ,2023-10-18,ΕΝΤΑΛΜΑ ΠΛΗΡΩΜΗΣ KARL STORZ-ΕΝΔΟΣΚΟΠΙΑ ΕΛΛΑΔΟΣ Ε.Π.Ε (998361490),998361490,KARL STORZ-ΕΝΔΟΣΚΟΠΙΑ ΕΛΛΑΔΟΣ Ε.Π.Ε (998361490),2081.72,,
9ΞΑΞ4690ΒΧ-ΒΣΗ,2023-10-10,ΕΝΤΑΛΜΑ ΠΛΗΡΩΜΗΣ KARL STORZ-ΕΝΔΟΣΚΟΠΙΑ ΕΛΛΑΔΟΣ Ε.Π.Ε (998361490),998361490,KARL STORZ-ΕΝΔΟΣΚΟΠΙΑ ΕΛΛΑΔΟΣ Ε.Π.Ε (998361490),1388.8,,
91ΨΦ4690ΒΧ-ΔΒΑ,2023-10-10,ΕΝΤΑΛΜΑ ΠΛΗΡΩΜΗΣ Johnson   Johnson Medical Greece Μονοπρόσωπη Α.Ε. (801858262),801858262,Johnson   Johnson Medical Greece Μονοπρόσωπη Α.Ε. (801858262),1661.6,,
9Ζ1Υ4690ΒΧ-ΝΤ8,2023-10-10,ΕΝΤΑΛΜΑ ΠΛΗΡΩΜΗΣ EUROSUP ΜΟΝ. ΙΚΕ (800715333),800715333,EUROSUP ΜΟΝ. ΙΚΕ (800715333),1545.29,,
9ΕΓΙ4690ΒΧ-ΨΞΦ,2023-10-19,ΕΝΤΑΛΜΑ ΠΛΗΡΩΜΗΣ BIOTRANS A.E (999506681),999506681,BIOTRANS A.E (999506681),446.4,,
Ω8ΗΙ4690ΒΧ-ΑΘΞ,2023-10-10,ΕΝΤΑΛΜΑ ΠΛΗΡΩΜΗΣ BIOKON ΙΑΤΡΙΚΑ   ΒΙΟΤΕΧΝΟΛΟΓΙΚΑ ΠΡΟΙΟΝΤΑ Ε.Π.Ε (999656321),999656321,BIOKON ΙΑΤΡΙΚΑ   ΒΙΟΤΕΧΝΟΛΟΓΙΚΑ ΠΡΟΙΟΝΤΑ Ε.Π.Ε (999656321),1093.84,,
67Υ34690ΒΧ-ΝΧ5,2023-10-11,ΕΝΤΑΛΜΑ ΠΛΗΡΩΜΗΣ ABBOTT LABORATORIES(ΕΛΛΑΣ)ABEE (094027257),094027257,ABBOTT LABORATORIES(ΕΛΛΑΣ)ABEE (094027257),10197.2,,
Ψ71Φ4690ΒΧ-137,2023-11-02,ΕΝΤΑΛΜΑ ΠΛΗΡΩΜΗΣ ΔΗΜ.ΕΠΙΧ/ΣΗ ΗΛΕΚΤΡΙΣΜΟΥ ΑΕ (090000045),090000045,ΔΗΜ.ΕΠΙΧ/ΣΗ ΗΛΕΚΤΡΙΣΜΟΥ ΑΕ (090000045),1664.0,,
6ΚΠ44690ΒΧ-ΑΒΦ,2023-11-02,ΕΝΤΑΛΜΑ ΠΛΗΡΩΜΗΣ ΔΗΜ.ΕΠΙΧ/ΣΗ ΗΛΕΚΤΡΙΣΜΟΥ ΑΕ (090000045),090000045,ΔΗΜ.ΕΠΙΧ/ΣΗ ΗΛΕΚΤΡΙΣΜΟΥ ΑΕ (090000045),274.0,,
9ΜΙ74690ΒΧ-Ε74,2023-11-02,ΕΝΤΑΛΜΑ ΠΛΗΡΩΜΗΣ ΔΗΜ.ΕΠΙΧ/ΣΗ ΗΛΕΚΤΡΙΣΜΟΥ ΑΕ (090000045),090000045,ΔΗΜ.ΕΠΙΧ/ΣΗ ΗΛΕΚΤΡΙΣΜΟΥ ΑΕ (090000045),18.0,,
9ΤΤΚ4690ΒΧ-ΗΕΛ,2023-11-02,ΕΝΤΑΛΜΑ ΠΛΗΡΩΜΗΣ ΔΗΜΟΣ ΛΕΥΚΑΔΑΣ (997916281),997916281,ΔΗΜΟΣ ΛΕΥΚΑΔΑΣ (997916281),8.57,,
Ρ1Μ14690ΒΧ-ΙΒ5,2023-11-02,ΕΝΤΑΛΜΑ ΠΛΗΡΩΜΗΣ ΔΗΜΟΣ ΛΕΥΚΑΔΑΣ (997916281),997916281,ΔΗΜΟΣ ΛΕΥΚΑΔΑΣ (997916281),13.0,,
6ΩΜ74690ΒΧ-ΕΓΥ,2023-11-08,ΕΝΤΑΛΜΑ ΠΛΗΡΩΜΗΣ ΙΑΤΡΙΚΗ ΜΕΡΙΜΝΑ   ΥΓΕΙΑ Α.Ε. (094349547),094349547,ΙΑΤΡΙΚΗ ΜΕΡΙΜΝΑ   ΥΓΕΙΑ Α.Ε. (094349547),102.92,,
6ΦΦΔ4690ΒΧ-9ΧΓ,2023-10-09,ΕΝΤΑΛΜΑ ΠΛΗΡΩΜΗΣ ΒΙΒΛΙΟΧΑΡΤΟΠΩΛΕΙΟ ''Η ΕΣΤΙΑ''ΕΥΑΓΓΕΛΟΣ ΔΑΝΙΗΛ   ΣΙΑ Ο.Ε (800187440),800187440,ΒΙΒΛΙΟΧΑΡΤΟΠΩΛΕΙΟ ''Η ΕΣΤΙΑ''ΕΥΑΓΓΕΛΟΣ ΔΑΝΙΗΛ   ΣΙΑ Ο.Ε (800187440),3040.76,,
9ΩΕΘ4690ΒΧ-Σ5Δ,2023-11-08,ΕΝΤΑΛΜΑ ΠΛΗΡΩΜΗΣ SANTAIR Α.Ε. (094497279),094497279,SANTAIR Α.Ε. (094497279),5567.6,,
6ΝΣΔ4690ΒΧ-Ξ9Ι,2023-11-08,ΕΝΤΑΛΜΑ ΠΛΗΡΩΜΗΣ ELFAMED AE (800378686),800378686,ELFAMED AE (800378686),2119.16,,
9ΙΧ04690ΒΧ-4ΓΟ,2023-11-08,ΕΝΤΑΛΜΑ ΠΛΗΡΩΜΗΣ BIOTRANS A.E (999506681),999506681,BIOTRANS A.E (999506681),1004.4,,
ΨΧΣΣ4690ΒΧ-ΞΚ1,2023-11-08,ΕΝΤΑΛΜΑ ΠΛΗΡΩΜΗΣ ZIMMER BIOMET ΕΛΛΑΣ ΜΟΝ/ΠΗ Α.Ε (094437885),094437885,ZIMMER BIOMET ΕΛΛΑΣ ΜΟΝ/ΠΗ Α.Ε (094437885),3614.87,,
9ΟΞΔ4690ΒΧ-ΩΜ0,2023-11-08,ΕΝΤΑΛΜΑ ΠΛΗΡΩΜΗΣ ZIMMER BIOMET ΕΛΛΑΣ ΜΟΝ/ΠΗ Α.Ε (094437885),094437885,ZIMMER BIOMET ΕΛΛΑΣ ΜΟΝ/ΠΗ Α.Ε (094437885),4900.36,,
62ΨΖ4690ΒΧ-3ΚΡ,2023-11-08,ΕΝΤΑΛΜΑ ΠΛΗΡΩΜΗΣ ZIMMER BIOMET ΕΛΛΑΣ ΜΟΝ/ΠΗ Α.Ε (094437885),094437885,ZIMMER BIOMET ΕΛΛΑΣ ΜΟΝ/ΠΗ Α.Ε (094437885),2985.46,,
9ΗΜ04690ΒΧ-ΡΙΟ,2023-11-08,ΕΝΤΑΛΜΑ ΠΛΗΡΩΜΗΣ ZIMMER BIOMET ΕΛΛΑΣ ΜΟΝ/ΠΗ Α.Ε (094437885),094437885,ZIMMER BIOMET ΕΛΛΑΣ ΜΟΝ/ΠΗ Α.Ε (094437885),3785.5,,
63ΡΠ4690ΒΧ-ΓΘΟ,2023-11-08,ΕΝΤΑΛΜΑ ΠΛΗΡΩΜΗΣ ZIMMER BIOMET ΕΛΛΑΣ ΜΟΝ/ΠΗ Α.Ε (094437885),094437885,ZIMMER BIOMET ΕΛΛΑΣ ΜΟΝ/ΠΗ Α.Ε (094437885),3180.95,,
ΨΓΝ74690ΒΧ-ΔΦΞ,2023-11-08,ΕΝΤΑΛΜΑ ΠΛΗΡΩΜΗΣ ZIMMER BIOMET ΕΛΛΑΣ ΜΟΝ/ΠΗ Α.Ε (094437885),094437885,ZIMMER BIOMET ΕΛΛΑΣ ΜΟΝ/ΠΗ Α.Ε (094437885),3794.09,,
9ΗΔΚ4690ΒΧ-3Α6,2023-11-08,ΕΝΤΑΛΜΑ ΠΛΗΡΩΜΗΣ ZIMMER BIOMET ΕΛΛΑΣ ΜΟΝ/ΠΗ Α.Ε (094437885),094437885,ZIMMER BIOMET ΕΛΛΑΣ ΜΟΝ/ΠΗ Α.Ε (094437885),4776.75,,
6ΠΧ74690ΒΧ-31Η,2023-11-08,ΕΝΤΑΛΜΑ ΠΛΗΡΩΜΗΣ ZIMMER BIOMET ΕΛΛΑΣ ΜΟΝ/ΠΗ Α.Ε (094437885),094437885,ZIMMER BIOMET ΕΛΛΑΣ ΜΟΝ/ΠΗ Α.Ε (094437885),1376.34,,
ΨΞ514690ΒΧ-3ΑΞ,2023-11-08,ΕΝΤΑΛΜΑ ΠΛΗΡΩΜΗΣ ZIMMER BIOMET ΕΛΛΑΣ ΜΟΝ/ΠΗ Α.Ε (094437885),094437885,ZIMMER BIOMET ΕΛΛΑΣ ΜΟΝ/ΠΗ Α.Ε (094437885),3123.32,,
ΨΑΚ74690ΒΧ-ΗΘΖ,2023-11-08,ΕΝΤΑΛΜΑ ΠΛΗΡΩΜΗΣ ZIMMER BIOMET ΕΛΛΑΣ ΜΟΝ/ΠΗ Α.Ε (094437885),094437885,ZIMMER BIOMET ΕΛΛΑΣ ΜΟΝ/ΠΗ Α.Ε (094437885),3966.3,,
ΨΥΧΡ4690ΒΧ-ΡΓ8,2023-11-08,ΕΝΤΑΛΜΑ ΠΛΗΡΩΜΗΣ ZIMMER BIOMET ΕΛΛΑΣ ΜΟΝ/ΠΗ Α.Ε (094437885),094437885,ZIMMER BIOMET ΕΛΛΑΣ ΜΟΝ/ΠΗ Α.Ε (094437885),4878.53,,
6ΡΔΤ4690ΒΧ-ΓΑ2,2023-11-08,ΕΝΤΑΛΜΑ ΠΛΗΡΩΜΗΣ ZIMMER BIOMET ΕΛΛΑΣ ΜΟΝ/ΠΗ Α.Ε (094437885),094437885,ZIMMER BIOMET ΕΛΛΑΣ ΜΟΝ/ΠΗ Α.Ε (094437885),4894.82,,
6ΟΛΩ4690ΒΧ-8ΤΟ,2023-11-08,ΕΝΤΑΛΜΑ ΠΛΗΡΩΜΗΣ ZIMMER BIOMET ΕΛΛΑΣ ΜΟΝ/ΠΗ Α.Ε (094437885),094437885,ZIMMER BIOMET ΕΛΛΑΣ ΜΟΝ/ΠΗ Α.Ε (094437885),504.8,,
9ΔΞ34690ΒΧ-5ΒΩ,2023-11-08,ΕΝΤΑΛΜΑ ΠΛΗΡΩΜΗΣ ZIMMER BIOMET ΕΛΛΑΣ ΜΟΝ/ΠΗ Α.Ε (094437885),094437885,ZIMMER BIOMET ΕΛΛΑΣ ΜΟΝ/ΠΗ Α.Ε (094437885),4475.93,,
6ΧΤΖ4690ΒΧ-ΦΔΖ,2023-11-08,ΕΝΤΑΛΜΑ ΠΛΗΡΩΜΗΣ RONTIS HELLAS AEBE (095335610),095335610,RONTIS HELLAS AEBE (095335610),2037.72,,
9ΣΩ24690ΒΧ-ΝΗΞ,2023-11-08,ΕΝΤΑΛΜΑ ΠΛΗΡΩΜΗΣ MEDINOR ΕΕ (082802380),082802380,MEDINOR ΕΕ (082802380),1035.49,,
60ΦΥ4690ΒΧ-ΠΝ4,2023-11-08,ΕΝΤΑΛΜΑ ΠΛΗΡΩΜΗΣ MEDINOR ΕΕ (082802380),082802380,MEDINOR ΕΕ (082802380),1992.22,,
ΨΤΨΝ4690ΒΧ-ΛΗ0,2023-09-25,ΕΝΤΑΛΜΑ ΠΛΗΡΩΜΗΣ DMPS LTD (998333221),998333221,DMPS LTD (998333221),535.62,,
ΨΨ794690ΒΧ-3Σ7,2023-09-25,ΕΝΤΑΛΜΑ ΠΛΗΡΩΜΗΣ DMPS LTD (998333221),998333221,DMPS LTD (998333221),3666.06,,
685Ε4690ΒΧ-ΡΑ1,2023-11-02,ΕΝΤΑΛΜΑ ΠΛΗΡΩΜΗΣ ΔΗΜ.ΕΠΙΧ/ΣΗ ΗΛΕΚΤΡΙΣΜΟΥ ΑΕ (090000045),090000045,ΔΗΜ.ΕΠΙΧ/ΣΗ ΗΛΕΚΤΡΙΣΜΟΥ ΑΕ (090000045),33283.24,,
6ΘΓΛ4690ΒΧ-ΞΛΖ,2023-11-02,ΕΝΤΑΛΜΑ ΠΛΗΡΩΜΗΣ ΠΗΝΕΛΟΠΗ Δ.ΚΥΡΚΟΥ (066483339),066483339,ΠΗΝΕΛΟΠΗ Δ.ΚΥΡΚΟΥ (066483339),2963.85,,
6ΘΓΙ4690ΒΧ-ΟΧΨ,2023-11-02,ΕΝΤΑΛΜΑ ΠΛΗΡΩΜΗΣ ΓΕΩΡΓΙΟΣ ΜΑΡΚΟΥΙΖΟΣ (022050942),022050942,ΓΕΩΡΓΙΟΣ ΜΑΡΚΟΥΙΖΟΣ (022050942),1298.13,,
6ΦΥΗ4690ΒΧ-ΜΦΨ,2023-11-02,ΕΝΤΑΛΜΑ ΠΛΗΡΩΜΗΣ ΓΕΩΡΓΙΟΣ ΜΑΡΚΟΥΙΖΟΣ (022050942),022050942,ΓΕΩΡΓΙΟΣ ΜΑΡΚΟΥΙΖΟΣ (022050942),1416.24,,
ΨΛΙΙ4690ΒΧ-11Ο,2023-09-20,ΕΝΤΑΛΜΑ ΠΛΗΡΩΜΗΣ ΛΟΥΛΟΥΔΗΣ ΛΕΩΝΙΔΑΣ ΜΟΝ. ΙΚΕ (801458499),801458499,ΛΟΥΛΟΥΔΗΣ ΛΕΩΝΙΔΑΣ ΜΟΝ. ΙΚΕ (801458499),2232.0,,
9ΓΩΠ4690ΒΧ-5ΓΡ,2023-09-27,ΕΝΤΑΛΜΑ ΠΛΗΡΩΜΗΣ Σ.ΣΟΛΔΑΤΟΣ Ε.Π.Ε. (095451970),095451970,Σ.ΣΟΛΔΑΤΟΣ Ε.Π.Ε. (095451970),229.25,,
Ω8Θ44690ΒΧ-ΚΞ7,2023-09-27,ΕΝΤΑΛΜΑ ΠΛΗΡΩΜΗΣ ΝΤΙΑΜΕΝΤ ΕΛΛΑΣ Α.Ε.Ε. (095259724),095259724,ΝΤΙΑΜΕΝΤ ΕΛΛΑΣ Α.Ε.Ε. (095259724),207.02,,
9Α5Ν4690ΒΧ-ΙΙ9,2023-09-27,ΕΝΤΑΛΜΑ ΠΛΗΡΩΜΗΣ ΝΤΙΑΜΕΝΤ ΕΛΛΑΣ Α.Ε.Ε. (095259724),095259724,ΝΤΙΑΜΕΝΤ ΕΛΛΑΣ Α.Ε.Ε. (095259724),1799.88,,
66ΤΤ4690ΒΧ-ΓΕ4,2023-10-19,ΕΝΤΑΛΜΑ ΠΛΗΡΩΜΗΣ ΜΗΧΑΝΟΛΟΓΙΚΕΣ ΕΦΑΡΜΟΓΕΣ Ε.Π.Ε. (099078941),099078941,ΜΗΧΑΝΟΛΟΓΙΚΕΣ ΕΦΑΡΜΟΓΕΣ Ε.Π.Ε. (099078941),5505.6,,
6Ρ8Ν4690ΒΧ-Ξ5Θ,2023-09-27,ΕΝΤΑΛΜΑ ΠΛΗΡΩΜΗΣ ΜΑΓΕΙΡΑΣ ΔΙΑΓΝ.ΜΗΧΑΝΗΜΑΤΑ Α.Ε. (095444407),095444407,ΜΑΓΕΙΡΑΣ ΔΙΑΓΝ.ΜΗΧΑΝΗΜΑΤΑ Α.Ε. (095444407),2377.94,,
ΨΞΕ74690ΒΧ-8ΦΑ,2023-10-19,ΕΝΤΑΛΜΑ ΠΛΗΡΩΜΗΣ Γ.ΣΑΜΑΡΑΣ ΑΒΕΕ (094373861),094373861,Γ.ΣΑΜΑΡΑΣ ΑΒΕΕ (094373861),1996.4,,
Ψ41Δ4690ΒΧ-Υ54,2023-10-19,ΕΝΤΑΛΜΑ ΠΛΗΡΩΜΗΣ Γ.ΣΑΜΑΡΑΣ ΑΒΕΕ (094373861),094373861,Γ.ΣΑΜΑΡΑΣ ΑΒΕΕ (094373861),217.0,,
69ΕΨ4690ΒΧ-ΞΩΣ,2023-10-09,ΕΝΤΑΛΜΑ ΠΛΗΡΩΜΗΣ ΒΕΡΜΑ ΝΤΡΑΓΚΣ ΑΒΕΕ (099363426),099363426,ΒΕΡΜΑ ΝΤΡΑΓΚΣ ΑΒΕΕ (099363426),4231.62,,
9ΝΒΖ4690ΒΧ-427,2023-10-09,ΕΝΤΑΛΜΑ ΠΛΗΡΩΜΗΣ Payroll Software   Services Real Solutions Ι.Κ.Ε (800498280),800498280,Payroll Software   Services Real Solutions Ι.Κ.Ε (800498280),2873.7,,
6ΚΣΚ4690ΒΧ-ΖΛΤ,2023-10-19,ΕΝΤΑΛΜΑ ΠΛΗΡΩΜΗΣ HOSPITECNICA ΕΠΕ (095526068),095526068,HOSPITECNICA ΕΠΕ (095526068),652.95,,
9ΡΣΒ4690ΒΧ-3ΤΤ,2023-10-09,ΕΝΤΑΛΜΑ ΠΛΗΡΩΜΗΣ DEMO A.Β.Ε.E. (094041553),094041553,DEMO A.Β.Ε.E. (094041553),5565.0,,
Ω8ΧΨ4690ΒΧ-ΡΔΨ,2023-10-09,ΕΝΤΑΛΜΑ ΠΛΗΡΩΜΗΣ BAYER ΕΛΛΑΣ ΑΒΕΕ (094056437),094056437,BAYER ΕΛΛΑΣ ΑΒΕΕ (094056437),4278.0,,
ΨΥ1Ο4690ΒΧ-ΜΧ2,2023-09-27,ΕΝΤΑΛΜΑ ΠΛΗΡΩΜΗΣ ΠΗΓΑΣΟΣ ΑΕ (800738217),800738217,ΠΗΓΑΣΟΣ ΑΕ (800738217),699.6,,
ΩΧΜΜ4690ΒΧ-ΖΕΡ,2023-10-19,ΕΝΤΑΛΜΑ ΠΛΗΡΩΜΗΣ ΠΕΤΡΟΣ ΧΑΡ.ΚΟΣΜΙΔΗΣ   ΣΙΑ Ε.Ε. (999685389),999685389,ΠΕΤΡΟΣ ΧΑΡ.ΚΟΣΜΙΔΗΣ   ΣΙΑ Ε.Ε. (999685389),1465.24,,
ΨΞΡΘ4690ΒΧ-ΗΕΓ,2023-10-09,ΕΝΤΑΛΜΑ ΠΛΗΡΩΜΗΣ ΞΕΝΟΦΩΝ ΓΕΡΜΑΝΟΣ Α.Ε.Ε. (094326835),094326835,ΞΕΝΟΦΩΝ ΓΕΡΜΑΝΟΣ Α.Ε.Ε. (094326835),277.98,,
6Κ2Β4690ΒΧ-546,2023-10-09,ΕΝΤΑΛΜΑ ΠΛΗΡΩΜΗΣ ΝΟΣΟΚΟΜΕΙΑΚΗ ΓΡΑΜΜΗ Α.Ε (094396063),094396063,ΝΟΣΟΚΟΜΕΙΑΚΗ ΓΡΑΜΜΗ Α.Ε (094396063),8034.3,,
6ΥΨΞ4690ΒΧ-ΕΦ2,2023-10-09,ΕΝΤΑΛΜΑ ΠΛΗΡΩΜΗΣ ΝΟΣΟΚΟΜΕΙΑΚΗ ΓΡΑΜΜΗ Α.Ε (094396063),094396063,ΝΟΣΟΚΟΜΕΙΑΚΗ ΓΡΑΜΜΗ Α.Ε (094396063),153.68,,
Ψ7Κ84690ΒΧ-Κ3Κ,2023-10-19,ΕΝΤΑΛΜΑ ΠΛΗΡΩΜΗΣ Ν.ΠΡΟΚΟΣ   ΣΙΑ Ο.Ε. (999426109),999426109,Ν.ΠΡΟΚΟΣ   ΣΙΑ Ο.Ε. (999426109),99.99,,
ΨΙΝ54690ΒΧ-Χ74,2023-10-19,ΕΝΤΑΛΜΑ ΠΛΗΡΩΜΗΣ ΛΑΠΠΑΣ ΑΕ (998165036),998165036,ΛΑΠΠΑΣ ΑΕ (998165036),660.1,,
6Σ8Θ4690ΒΧ-ΔΥΙ,2023-09-27,ΕΝΤΑΛΜΑ ΠΛΗΡΩΜΗΣ ΚΛΕΟΠΑΤΡΑ ΓΚΟΥΒΑ (041699970),041699970,ΚΛΕΟΠΑΤΡΑ ΓΚΟΥΒΑ (041699970),411.68,,
6ΟΕΒ4690ΒΧ-5ΒΜ,2023-10-09,ΕΝΤΑΛΜΑ ΠΛΗΡΩΜΗΣ ΙΝΕΞ ΙΑΤΡΙΚΑ Α.Ε (094356041),094356041,ΙΝΕΞ ΙΑΤΡΙΚΑ Α.Ε (094356041),1014.52,,
Ψ7ΖΣ4690ΒΧ-Β6Ξ,2023-10-09,ΕΝΤΑΛΜΑ ΠΛΗΡΩΜΗΣ ΙΝΕΞ ΙΑΤΡΙΚΑ Α.Ε (094356041),094356041,ΙΝΕΞ ΙΑΤΡΙΚΑ Α.Ε (094356041),1012.48,,
ΨΝΡΙ4690ΒΧ-ΘΞΥ,2023-10-09,ΕΝΤΑΛΜΑ ΠΛΗΡΩΜΗΣ ΒΑΚΕΝΤΗΣ ΕΜΜ. Ο.Ε. (800151001),800151001,ΒΑΚΕΝΤΗΣ ΕΜΜ. Ο.Ε. (800151001),456.32,,
6Ι204690ΒΧ-80Ζ,2023-10-09,ΕΝΤΑΛΜΑ ΠΛΗΡΩΜΗΣ Α.Μ.ΒΙΔΑΛΗΣ INTERNATIONAL ΜΟΝΟΠΡΟΣΩΠΗ ΕΠΕ (095185177),095185177,Α.Μ.ΒΙΔΑΛΗΣ INTERNATIONAL ΜΟΝΟΠΡΟΣΩΠΗ ΕΠΕ (095185177),2529.6,,
Ψ0Δ64690ΒΧ-ΧΓ3,2023-10-19,ΕΝΤΑΛΜΑ ΠΛΗΡΩΜΗΣ ΄΄ ΜΟΥΡΟΠΟΥΛΟΣ΄΄ ΒΙΟ/ΝΙΑ ΠΛΑΣΤΙΚΩΝ (081857450),081857450,΄΄ ΜΟΥΡΟΠΟΥΛΟΣ΄΄ ΒΙΟ/ΝΙΑ ΠΛΑΣΤΙΚΩΝ (081857450),1550.0,,
6ΥΒ84690ΒΧ-0ΗΚ,2023-10-09,ΕΝΤΑΛΜΑ ΠΛΗΡΩΜΗΣ ΄΄ ΜΟΥΡΟΠΟΥΛΟΣ΄΄ ΒΙΟ/ΝΙΑ ΠΛΑΣΤΙΚΩΝ (081857450),081857450,΄΄ ΜΟΥΡΟΠΟΥΛΟΣ΄΄ ΒΙΟ/ΝΙΑ ΠΛΑΣΤΙΚΩΝ (081857450),1550.0,,
ΩΧΧΙ4690ΒΧ-Β8Π,2023-10-19,ΕΝΤΑΛΜΑ ΠΛΗΡΩΜΗΣ TRANE HELLAS A.E (098032885),098032885,TRANE HELLAS A.E (098032885),1264.8,,
6Ο7Π4690ΒΧ-ΒΑΧ,2023-10-19,ΕΝΤΑΛΜΑ ΠΛΗΡΩΜΗΣ TRANE HELLAS A.E (098032885),098032885,TRANE HELLAS A.E (098032885),2141.48,,
6Ρ944690ΒΧ-Φ7Ο,2023-10-09,ΕΝΤΑΛΜΑ ΠΛΗΡΩΜΗΣ Rethink ΑΕΒΕ (999125269),999125269,Rethink ΑΕΒΕ (999125269),3137.2,,
ΨΛΠΙ4690ΒΧ-ΗΗΔ,2023-10-19,ΕΝΤΑΛΜΑ ΠΛΗΡΩΜΗΣ Rethink ΑΕΒΕ (999125269),999125269,Rethink ΑΕΒΕ (999125269),744.0,,
Ψ5ΛΛ4690ΒΧ-ΠΦΙ,2023-09-27,ΕΝΤΑΛΜΑ ΠΛΗΡΩΜΗΣ PROGNOSIS BIOTECH Α.Ε. (997845150),997845150,PROGNOSIS BIOTECH Α.Ε. (997845150),416.58,,
ΨΑ5Β4690ΒΧ-ΜΝΘ,2023-09-27,ΕΝΤΑΛΜΑ ΠΛΗΡΩΜΗΣ MEDICON HELLAS A.E. (094240321),094240321,MEDICON HELLAS A.E. (094240321),3777.36,,
Ψ4ΓΔ4690ΒΧ-ΖΧΔ,2023-09-27,ΕΝΤΑΛΜΑ ΠΛΗΡΩΜΗΣ MEDICON HELLAS A.E. (094240321),094240321,MEDICON HELLAS A.E. (094240321),4136.4,,
6ΑΞ24690ΒΧ-ΧΛΚ,2023-09-27,ΕΝΤΑΛΜΑ ΠΛΗΡΩΜΗΣ MEDICON HELLAS A.E. (094240321),094240321,MEDICON HELLAS A.E. (094240321),4556.16,,
6Ω8Σ4690ΒΧ-Γ5Ω,2023-09-27,ΕΝΤΑΛΜΑ ΠΛΗΡΩΜΗΣ MEDICON HELLAS A.E. (094240321),094240321,MEDICON HELLAS A.E. (094240321),4349.0,,
Ψ2Χ54690ΒΧ-ΕΩΞ,2023-09-27,ΕΝΤΑΛΜΑ ΠΛΗΡΩΜΗΣ MEDICON HELLAS A.E. (094240321),094240321,MEDICON HELLAS A.E. (094240321),4480.76,,
ΨΗ454690ΒΧ-Ν55,2023-09-27,ΕΝΤΑΛΜΑ ΠΛΗΡΩΜΗΣ MEDICON HELLAS A.E. (094240321),094240321,MEDICON HELLAS A.E. (094240321),4461.96,,
6ΔΒΚ4690ΒΧ-ΙΩ4,2023-10-09,ΕΝΤΑΛΜΑ ΠΛΗΡΩΜΗΣ MEDIC PLAN HEALTH PROJECT IKE (999961120),999961120,MEDIC PLAN HEALTH PROJECT IKE (999961120),1627.5,,
Ψ5Ε94690ΒΧ-ΧΡΔ,2023-09-25,ΕΝΤΑΛΜΑ ΠΛΗΡΩΜΗΣ ΚΟΠΕΡ ΑΕ (094007897),094007897,ΚΟΠΕΡ ΑΕ (094007897),3487.18,,
9ΑΠΕ4690ΒΧ-ΟΓ7,2023-09-25,ΕΝΤΑΛΜΑ ΠΛΗΡΩΜΗΣ ΚΟΠΕΡ ΑΕ (094007897),094007897,ΚΟΠΕΡ ΑΕ (094007897),3487.18,,
9ΒΗΔ4690ΒΧ-ΣΡ1,2023-09-25,ΕΝΤΑΛΜΑ ΠΛΗΡΩΜΗΣ ΙΑΤΡΙΚΑ ΒΟΗΘΗΜΑΤΑ Ι.Κ.Ε (999815729),999815729,ΙΑΤΡΙΚΑ ΒΟΗΘΗΜΑΤΑ Ι.Κ.Ε (999815729),514.85,,
9ΓΒ44690ΒΧ-ΤΘΠ,2023-09-25,ΕΝΤΑΛΜΑ ΠΛΗΡΩΜΗΣ ΔΕΡΚΑ ΙΑΤΡΙΚΑ ΕΠΕ (999687125),999687125,ΔΕΡΚΑ ΙΑΤΡΙΚΑ ΕΠΕ (999687125),739.04,,
654Ν4690ΒΧ-Τ2Θ,2023-09-25,ΕΝΤΑΛΜΑ ΠΛΗΡΩΜΗΣ ΔΕΡΚΑ ΙΑΤΡΙΚΑ ΕΠΕ (999687125),999687125,ΔΕΡΚΑ ΙΑΤΡΙΚΑ ΕΠΕ (999687125),58.9,,
Ψ1ΒΡ4690ΒΧ-ΡΨΗ,2023-09-25,ΕΝΤΑΛΜΑ ΠΛΗΡΩΜΗΣ ΓΕΝΙΚΗ ΧΗΜΙΚΩΝ ΠΡΟΙΟΝΤΩΝ Α.Ε (094133588),094133588,ΓΕΝΙΚΗ ΧΗΜΙΚΩΝ ΠΡΟΙΟΝΤΩΝ Α.Ε (094133588),38.98,,
63ΠΗ4690ΒΧ-ΖΩΝ,2023-09-25,ΕΝΤΑΛΜΑ ΠΛΗΡΩΜΗΣ ΓΕΝΙΚΗ ΧΗΜΙΚΩΝ ΠΡΟΙΟΝΤΩΝ Α.Ε (094133588),094133588,ΓΕΝΙΚΗ ΧΗΜΙΚΩΝ ΠΡΟΙΟΝΤΩΝ Α.Ε (094133588),3492.95,,
9ΛΓΜ4690ΒΧ-Δ2Κ,2023-09-27,ΕΝΤΑΛΜΑ ΠΛΗΡΩΜΗΣ ΒΙΟΠΡΟΜΗΘΕΥΤΙΚΗ ΜΟΝ/ΠΗ ΕΠΕ (099007886),099007886,ΒΙΟΠΡΟΜΗΘΕΥΤΙΚΗ ΜΟΝ/ΠΗ ΕΠΕ (099007886),183.52,,
6ΝΖΠ4690ΒΧ-Ψ98,2023-09-27,ΕΝΤΑΛΜΑ ΠΛΗΡΩΜΗΣ ΒΙΟΠΡΟΜΗΘΕΥΤΙΚΗ ΜΟΝ/ΠΗ ΕΠΕ (099007886),099007886,ΒΙΟΠΡΟΜΗΘΕΥΤΙΚΗ ΜΟΝ/ΠΗ ΕΠΕ (099007886),504.68,,
Ψ4ΞΕ4690ΒΧ-ΩΟΦ,2023-09-27,ΕΝΤΑΛΜΑ ΠΛΗΡΩΜΗΣ ΑΤΛΑΣ ΜΕΝΤΙΚΑΛ ΕΠΕ (998413964),998413964,ΑΤΛΑΣ ΜΕΝΤΙΚΑΛ ΕΠΕ (998413964),144.64,,
9Σ7Χ4690ΒΧ-ΨΦΜ,2023-09-27,ΕΝΤΑΛΜΑ ΠΛΗΡΩΜΗΣ ΑΠΟΣΤΟΛΟΣ ΧΡ.ΜΕΛΕΤΗΣ (112179905),112179905,ΑΠΟΣΤΟΛΟΣ ΧΡ.ΜΕΛΕΤΗΣ (112179905),26.56,,
6Π2Η4690ΒΧ-Ρ1Σ,2023-09-27,ΕΝΤΑΛΜΑ ΠΛΗΡΩΜΗΣ VAKTRO SCIENTIFIC ΣΤΑΥΡΟΣ ΑΓΓΕΛΟΠΟΥΛΟΣ   ΣΙΑ Ο.Ε (084221869),084221869,VAKTRO SCIENTIFIC ΣΤΑΥΡΟΣ ΑΓΓΕΛΟΠΟΥΛΟΣ   ΣΙΑ Ο.Ε (084221869),1444.4,,
ΡΡ1Ε4690ΒΧ-Ε5Α,2023-09-25,ΕΝΤΑΛΜΑ ΠΛΗΡΩΜΗΣ Trauma Care Μονοπρόσωπη ΕΠΕ (800811818),800811818,Trauma Care Μονοπρόσωπη ΕΠΕ (800811818),2676.36,,
9ΑΩΟ4690ΒΧ-ΘΧΣ,2023-09-25,ΕΝΤΑΛΜΑ ΠΛΗΡΩΜΗΣ Trauma Care Μονοπρόσωπη ΕΠΕ (800811818),800811818,Trauma Care Μονοπρόσωπη ΕΠΕ (800811818),4967.77,,
66ΧΖ4690ΒΧ-ΡΦ0,2023-09-25,ΕΝΤΑΛΜΑ ΠΛΗΡΩΜΗΣ Trauma Care Μονοπρόσωπη ΕΠΕ (800811818),800811818,Trauma Care Μονοπρόσωπη ΕΠΕ (800811818),4851.59,,
95Ψ64690ΒΧ-Ε7Ψ,2023-09-25,ΕΝΤΑΛΜΑ ΠΛΗΡΩΜΗΣ Trauma Care Μονοπρόσωπη ΕΠΕ (800811818),800811818,Trauma Care Μονοπρόσωπη ΕΠΕ (800811818),4452.49,,
9ΖΨ64690ΒΧ-Ξ0Λ,2023-09-27,ΕΝΤΑΛΜΑ ΠΛΗΡΩΜΗΣ Spine Action ΕΠΕ (998413534),998413534,Spine Action ΕΠΕ (998413534),457.65,,
ΨΥΒΧ4690ΒΧ-7ΣΛ,2023-09-25,ΕΝΤΑΛΜΑ ΠΛΗΡΩΜΗΣ SCITEC ΙΑΤΡΙΚΑ ΣΥΣΤΗΜΑΤΑ Ε.Ε (094457478),094457478,SCITEC ΙΑΤΡΙΚΑ ΣΥΣΤΗΜΑΤΑ Ε.Ε (094457478),85.82,,
9ΖΖΨ4690ΒΧ-ΕΒΔ,2023-09-27,ΕΝΤΑΛΜΑ ΠΛΗΡΩΜΗΣ SANImed (999324154),999324154,SANImed (999324154),47.46,,
9ΓΥΖ4690ΒΧ-002,2023-09-27,ΕΝΤΑΛΜΑ ΠΛΗΡΩΜΗΣ SANImed (999324154),999324154,SANImed (999324154),342.24,,
ΨΜ0Ι4690ΒΧ-Σ1Τ,2023-09-25,ΕΝΤΑΛΜΑ ΠΛΗΡΩΜΗΣ MedCon Medical (146567129),146567129,MedCon Medical (146567129),93.97,,
9ΩΝΕ4690ΒΧ-8ΣΝ,2023-09-25,ΕΝΤΑΛΜΑ ΠΛΗΡΩΜΗΣ MEDI SUP AE (094447320),094447320,MEDI SUP AE (094447320),233.74,,
67ΑΦ4690ΒΧ-ΤΞΚ,2023-09-25,ΕΝΤΑΛΜΑ ΠΛΗΡΩΜΗΣ Johnson   Johnson Medical Greece Μονοπρόσωπη Α.Ε. (801858262),801858262,Johnson   Johnson Medical Greece Μονοπρόσωπη Α.Ε. (801858262),2926.98,,
ΡΨΛΥ4690ΒΧ-1Ω3,2023-09-27,ΕΝΤΑΛΜΑ ΠΛΗΡΩΜΗΣ EUROSUP ΜΟΝ. ΙΚΕ (800715333),800715333,EUROSUP ΜΟΝ. ΙΚΕ (800715333),40.68,,
6ΠΥΗ4690ΒΧ-ΙΡ3,2023-09-27,ΕΝΤΑΛΜΑ ΠΛΗΡΩΜΗΣ DIACHEL ΔΙΑΓΝ.-ΧΗΜ.ΟΡΓ.Ε.Π.Ε. (095341314),095341314,DIACHEL ΔΙΑΓΝ.-ΧΗΜ.ΟΡΓ.Ε.Π.Ε. (095341314),357.12,,
Ρ99Ι4690ΒΧ-ΒΦΔ,2023-09-25,ΕΝΤΑΛΜΑ ΠΛΗΡΩΜΗΣ BIOGENESYS IKE (099805952),099805952,BIOGENESYS IKE (099805952),1206.84,,
6ΑΗΣ4690ΒΧ-ΕΦ0,2023-10-17,ΕΝΤΑΛΜΑ ΠΛΗΡΩΜΗΣ ΣΚΛΗΡΗΣ Κ. ΜΠΑΡΔΟΥΤΣΟΣ Γ. Ο.Ε. (998218661),998218661,ΣΚΛΗΡΗΣ Κ. ΜΠΑΡΔΟΥΤΣΟΣ Γ. Ο.Ε. (998218661),535.68,,
6Σ064690ΒΧ-ΩΘΘ,2023-10-17,ΕΝΤΑΛΜΑ ΠΛΗΡΩΜΗΣ ΣΚΛΗΡΗΣ Κ. ΜΠΑΡΔΟΥΤΣΟΣ Γ. Ο.Ε. (998218661),998218661,ΣΚΛΗΡΗΣ Κ. ΜΠΑΡΔΟΥΤΣΟΣ Γ. Ο.Ε. (998218661),233.24,,
652Χ4690ΒΧ-ΖΦΖ,2023-10-09,ΕΝΤΑΛΜΑ ΠΛΗΡΩΜΗΣ ΠΛΗΡΟΦΟΡΙΚΗ ΕΛΛΑΔΟΣ Ε.Π.Ε (095659768),095659768,ΠΛΗΡΟΦΟΡΙΚΗ ΕΛΛΑΔΟΣ Ε.Π.Ε (095659768),1173.35,,
Ρ7ΑΧ4690ΒΧ-3ΙΜ,2023-10-09,ΕΝΤΑΛΜΑ ΠΛΗΡΩΜΗΣ ΠΑΝ/ΜΙΟ ΑΘΗΝΩΝ-ΠΑΘ/ΓΙΚΟ ΑΝΑΤΟΜ (090145420),090145420,ΠΑΝ/ΜΙΟ ΑΘΗΝΩΝ-ΠΑΘ/ΓΙΚΟ ΑΝΑΤΟΜ (090145420),1264.04,,
ΨΞ1Ο4690ΒΧ-4ΦΧ,2023-09-27,ΕΝΤΑΛΜΑ ΠΛΗΡΩΜΗΣ ΓΕΡΟΛΥΜΑΤΟΣ INTERNATIONAL Α.Ε.Β.Ε. (094105111),094105111,ΓΕΡΟΛΥΜΑΤΟΣ INTERNATIONAL Α.Ε.Β.Ε. (094105111),81.13,,
ΡΟΔ44690ΒΧ-4ΞΦ,2023-09-25,ΕΝΤΑΛΜΑ ΠΛΗΡΩΜΗΣ Β.ΑΣΛΑΝΟΓΛΟΥ -Κ.ΡΑΥΤΟΠΟΥΛΟΣ Ο.Ε ΄΄OXYGENIUM'' (999118506),999118506,Β.ΑΣΛΑΝΟΓΛΟΥ -Κ.ΡΑΥΤΟΠΟΥΛΟΣ Ο.Ε ΄΄OXYGENIUM'' (999118506),744.0,,
6ΓΧΓ4690ΒΧ-ΑΑΓ,2023-09-25,ΕΝΤΑΛΜΑ ΠΛΗΡΩΜΗΣ ROI MEDICALS (049567181),049567181,ROI MEDICALS (049567181),525.08,,
ΨΘΒΜ4690ΒΧ-Τ73,2023-09-25,ΕΝΤΑΛΜΑ ΠΛΗΡΩΜΗΣ PULP MEDICAL-KOSTARAS ARISTIDIS (115106562),115106562,PULP MEDICAL-KOSTARAS ARISTIDIS (115106562),448.01,,
60ΨΙ4690ΒΧ-ΜΘΤ,2023-09-27,ΕΝΤΑΛΜΑ ΠΛΗΡΩΜΗΣ C.Ι.T.Y CARS Ε.Π.Ε ΝΙΚ.ΠΑΠΑΝΤΩΝΙΟΥ ΙΩΑΝ.ΠΑΠΑΝΙΚΟΛΑΟΥ Ε.Π.Ε (998166696),998166696,C.Ι.T.Y CARS Ε.Π.Ε ΝΙΚ.ΠΑΠΑΝΤΩΝΙΟΥ ΙΩΑΝ.ΠΑΠΑΝΙΚΟΛΑΟΥ Ε.Π.Ε (998166696),2283.03,,
ΨΙ8Π4690ΒΧ-ΙΗΔ,2023-09-27,ΕΝΤΑΛΜΑ ΠΛΗΡΩΜΗΣ BUSE GAS A.E (997598041),997598041,BUSE GAS A.E (997598041),857.58,,
61ΟΓ4690ΒΧ-335,2023-09-13,ΕΝΤΑΛΜΑ ΠΛΗΡΩΜΗΣ ΄΄ΦΑΡΜΑ ΚΙΡΚΗ΄΄ ΕΙΡΗΝΗ ΦΕΡΕΝΤΙΝΟΥ ΜΟΝ/ΠΗ ΙΚΕ (800908604),800908604,΄΄ΦΑΡΜΑ ΚΙΡΚΗ΄΄ ΕΙΡΗΝΗ ΦΕΡΕΝΤΙΝΟΥ ΜΟΝ/ΠΗ ΙΚΕ (800908604),8213.23,,
Ψ3714690ΒΧ-5Α2,2023-09-14,ΕΝΤΑΛΜΑ ΠΛΗΡΩΜΗΣ ΛΟΥΛΟΥΔΗΣ ΛΕΩΝΙΔΑΣ ΜΟΝ. ΙΚΕ (801458499),801458499,ΛΟΥΛΟΥΔΗΣ ΛΕΩΝΙΔΑΣ ΜΟΝ. ΙΚΕ (801458499),15648.8,,
ΨΛΤ94690ΒΧ-ΛΒ5,2023-09-25,ΕΝΤΑΛΜΑ ΠΛΗΡΩΜΗΣ ΟΔΟΝΤΟΠΡΟΜΗΘΕΥΤΙΚΗ ΓΕΩΡΓΑΚΑΣ ΚΩΝΣΤΑΝΤΙΝΟΣ (062216690),062216690,ΟΔΟΝΤΟΠΡΟΜΗΘΕΥΤΙΚΗ ΓΕΩΡΓΑΚΑΣ ΚΩΝΣΤΑΝΤΙΝΟΣ (062216690),773.76,,
6ΨΩ14690ΒΧ-ΤΙ0,2023-09-25,ΕΝΤΑΛΜΑ ΠΛΗΡΩΜΗΣ klinikum plus Μονοπρόσωπη Ι.Κ.Ε (800888293),800888293,klinikum plus Μονοπρόσωπη Ι.Κ.Ε (800888293),267.84,,
9ΡΚΗ4690ΒΧ-5ΙΞ,2023-09-25,ΕΝΤΑΛΜΑ ΠΛΗΡΩΜΗΣ YΓΕΙΟΔΥΝΑΜΙΚΗ Α.Ε (997672386),997672386,YΓΕΙΟΔΥΝΑΜΙΚΗ Α.Ε (997672386),595.2,,
6ΞΒΡ4690ΒΧ-ΛΦ9,2023-09-25,ΕΝΤΑΛΜΑ ΠΛΗΡΩΜΗΣ OPTIMUM ORTHOPEDICS Α.Ε (998280573),998280573,OPTIMUM ORTHOPEDICS Α.Ε (998280573),53.2,,
Ψ7ΥΟ4690ΒΧ-3Ν3,2023-09-25,ΕΝΤΑΛΜΑ ΠΛΗΡΩΜΗΣ OPTIMUM ORTHOPEDICS Α.Ε (998280573),998280573,OPTIMUM ORTHOPEDICS Α.Ε (998280573),293.8,,
ΡΒΟΑ4690ΒΧ-84Ω,2023-09-25,ΕΝΤΑΛΜΑ ΠΛΗΡΩΜΗΣ INSIDE ΙΑΤΡΙΚΕΣ ΤΕΧΝΟΛΟΓΙΕΣ ΜΟΝΟΠΡΟΣΩΠΗ Ι.Κ.Ε. (800777790),800777790,INSIDE ΙΑΤΡΙΚΕΣ ΤΕΧΝΟΛΟΓΙΕΣ ΜΟΝΟΠΡΟΣΩΠΗ Ι.Κ.Ε. (800777790),4872.25,,
6ΚΝΩ4690ΒΧ-ΠΦΒ,2023-09-25,ΕΝΤΑΛΜΑ ΠΛΗΡΩΜΗΣ INSIDE ΙΑΤΡΙΚΕΣ ΤΕΧΝΟΛΟΓΙΕΣ ΜΟΝΟΠΡΟΣΩΠΗ Ι.Κ.Ε. (800777790),800777790,INSIDE ΙΑΤΡΙΚΕΣ ΤΕΧΝΟΛΟΓΙΕΣ ΜΟΝΟΠΡΟΣΩΠΗ Ι.Κ.Ε. (800777790),4826.36,,
93ΖΒ4690ΒΧ-ΕΙΒ,2023-09-25,ΕΝΤΑΛΜΑ ΠΛΗΡΩΜΗΣ INSIDE ΙΑΤΡΙΚΕΣ ΤΕΧΝΟΛΟΓΙΕΣ ΜΟΝΟΠΡΟΣΩΠΗ Ι.Κ.Ε. (800777790),800777790,INSIDE ΙΑΤΡΙΚΕΣ ΤΕΧΝΟΛΟΓΙΕΣ ΜΟΝΟΠΡΟΣΩΠΗ Ι.Κ.Ε. (800777790),964.66,,
6Ο524690ΒΧ-ΖΝΨ,2023-09-25,ΕΝΤΑΛΜΑ ΠΛΗΡΩΜΗΣ ΑΝΑΣΤΑΣΙΟΣ ΜΑΥΡΟΓΕΝΗΣ Α.Ε. (082525697),082525697,ΑΝΑΣΤΑΣΙΟΣ ΜΑΥΡΟΓΕΝΗΣ Α.Ε. (082525697),2542.5,,
6Γ414690ΒΧ-ΞΞΕ,2023-09-25,ΕΝΤΑΛΜΑ ΠΛΗΡΩΜΗΣ ΑΝΑΣΤΑΣΙΟΣ ΜΑΥΡΟΓΕΝΗΣ Α.Ε. (082525697),082525697,ΑΝΑΣΤΑΣΙΟΣ ΜΑΥΡΟΓΕΝΗΣ Α.Ε. (082525697),4456.9,,
Ψ4904690ΒΧ-Χ04,2023-09-25,ΕΝΤΑΛΜΑ ΠΛΗΡΩΜΗΣ ΑΝΑΣΤΑΣΙΟΣ ΜΑΥΡΟΓΕΝΗΣ Α.Ε. (082525697),082525697,ΑΝΑΣΤΑΣΙΟΣ ΜΑΥΡΟΓΕΝΗΣ Α.Ε. (082525697),4161.45,,
ΨΧΤ84690ΒΧ-57Γ,2023-09-25,ΕΝΤΑΛΜΑ ΠΛΗΡΩΜΗΣ TELEFLEX MEDICAL ΕΛΛΑΣ ΑΕΕ (094429990),094429990,TELEFLEX MEDICAL ΕΛΛΑΣ ΑΕΕ (094429990),1381.61,,
ΨΕΥ54690ΒΧ-ΤΦ0,2023-09-25,ΕΝΤΑΛΜΑ ΠΛΗΡΩΜΗΣ TELEFLEX MEDICAL ΕΛΛΑΣ ΑΕΕ (094429990),094429990,TELEFLEX MEDICAL ΕΛΛΑΣ ΑΕΕ (094429990),559.33,,
9ΑΛΖ4690ΒΧ-ΥΤΨ,2023-09-25,ΕΝΤΑΛΜΑ ΠΛΗΡΩΜΗΣ ΠΕΤΡΟΣ ΧΑΡ.ΚΟΣΜΙΔΗΣ   ΣΙΑ Ε.Ε. (999685389),999685389,ΠΕΤΡΟΣ ΧΑΡ.ΚΟΣΜΙΔΗΣ   ΣΙΑ Ε.Ε. (999685389),633.46,,
Ψ0ΘΞ4690ΒΧ-ΓΡΨ,2023-09-25,ΕΝΤΑΛΜΑ ΠΛΗΡΩΜΗΣ ΙΝΕΞ ΙΑΤΡΙΚΑ Α.Ε (094356041),094356041,ΙΝΕΞ ΙΑΤΡΙΚΑ Α.Ε (094356041),3247.06,,
62ΕΟ4690ΒΧ-ΩΔΙ,2023-09-25,ΕΝΤΑΛΜΑ ΠΛΗΡΩΜΗΣ ΙΝΕΞ ΙΑΤΡΙΚΑ Α.Ε (094356041),094356041,ΙΝΕΞ ΙΑΤΡΙΚΑ Α.Ε (094356041),257.64,,
97ΓΩ4690ΒΧ-2ΗΠ,2023-09-25,ΕΝΤΑΛΜΑ ΠΛΗΡΩΜΗΣ ΑΡΘΡΩΣΙΣ ΙΑΤΡΙΚΑ ΕΙΔΗ Α.Ε. (082899566),082899566,ΑΡΘΡΩΣΙΣ ΙΑΤΡΙΚΑ ΕΙΔΗ Α.Ε. (082899566),1657.71,,
9Χ8Ν4690ΒΧ-ΕΤΗ,2023-09-25,ΕΝΤΑΛΜΑ ΠΛΗΡΩΜΗΣ ΑΡΗΤΗ Α.Ε. (094251753),094251753,ΑΡΗΤΗ Α.Ε. (094251753),132.5,,
99ΡΧ4690ΒΧ-81Λ,2023-09-25,ΕΝΤΑΛΜΑ ΠΛΗΡΩΜΗΣ ΑΡΗΤΗ Α.Ε. (094251753),094251753,ΑΡΗΤΗ Α.Ε. (094251753),421.6,,
ΨΗΝ64690ΒΧ-Ζ5Κ,2023-09-25,ΕΝΤΑΛΜΑ ΠΛΗΡΩΜΗΣ ΑΝΑΣΤΑΣΙΟΣ ΜΑΥΡΟΓΕΝΗΣ Α.Ε. (082525697),082525697,ΑΝΑΣΤΑΣΙΟΣ ΜΑΥΡΟΓΕΝΗΣ Α.Ε. (082525697),3199.59,,
ΨΥΨΟ4690ΒΧ-ΜΛ0,2023-09-25,ΕΝΤΑΛΜΑ ΠΛΗΡΩΜΗΣ V   L VIOLAK INTERNATIONAL A.E (099370337),099370337,V   L VIOLAK INTERNATIONAL A.E (099370337),1715.95,,
Ψ66Λ4690ΒΧ-ΥΔ4,2023-09-25,ΕΝΤΑΛΜΑ ΠΛΗΡΩΜΗΣ V   L VIOLAK INTERNATIONAL A.E (099370337),099370337,V   L VIOLAK INTERNATIONAL A.E (099370337),1496.27,,
ΨΣ204690ΒΧ-ΞΣΓ,2023-09-25,ΕΝΤΑΛΜΑ ΠΛΗΡΩΜΗΣ ORTHOMEDICAL (094498485),094498485,ORTHOMEDICAL (094498485),95.23,,
6ΣΥΘ4690ΒΧ-ΣΦ0,2023-09-25,ΕΝΤΑΛΜΑ ΠΛΗΡΩΜΗΣ ORTHOMEDICAL (094498485),094498485,ORTHOMEDICAL (094498485),3078.5,,
ΨΓΞΤ4690ΒΧ-ΚΤ3,2023-09-25,ΕΝΤΑΛΜΑ ΠΛΗΡΩΜΗΣ ORTHOMEDICAL (094498485),094498485,ORTHOMEDICAL (094498485),1570.49,,
Ψ3Ξ24690ΒΧ-3ΔΝ,2023-10-17,ΕΝΤΑΛΜΑ ΠΛΗΡΩΜΗΣ SMART TECHNICAL SOLUTIONS M.IKE (800743866),800743866,SMART TECHNICAL SOLUTIONS M.IKE (800743866),1860.0,,
6ΩΠΑ4690ΒΧ-ΨΤΧ,2023-10-17,ΕΝΤΑΛΜΑ ΠΛΗΡΩΜΗΣ SMART TECHNICAL SOLUTIONS M.IKE (800743866),800743866,SMART TECHNICAL SOLUTIONS M.IKE (800743866),620.0,,
6Ρ2Σ4690ΒΧ-ΟΧΡ,2023-10-18,ΕΝΤΑΛΜΑ ΠΛΗΡΩΜΗΣ ΑΝΤΙ-ΣΕΛ ΑΦΟΙ Α. ΣΕΛΙΔΗ ΑΕ (091569759),091569759,ΑΝΤΙ-ΣΕΛ ΑΦΟΙ Α. ΣΕΛΙΔΗ ΑΕ (091569759),1299.52,,
Ψ2Γ34690ΒΧ-7ΙΤ,2023-10-18,ΕΝΤΑΛΜΑ ΠΛΗΡΩΜΗΣ ΑΝΤΙ-ΣΕΛ ΑΦΟΙ Α. ΣΕΛΙΔΗ ΑΕ (091569759),091569759,ΑΝΤΙ-ΣΕΛ ΑΦΟΙ Α. ΣΕΛΙΔΗ ΑΕ (091569759),173.6,,
6ΕΨ04690ΒΧ-Ο7Υ,2023-10-09,ΕΝΤΑΛΜΑ ΠΛΗΡΩΜΗΣ MILONAS HEALTH A.E. (998179225),998179225,MILONAS HEALTH A.E. (998179225),526.88,,
9ΥΛΝ4690ΒΧ-ΝΦΛ,2023-10-09,ΕΝΤΑΛΜΑ ΠΛΗΡΩΜΗΣ MILONAS HEALTH A.E. (998179225),998179225,MILONAS HEALTH A.E. (998179225),77.13,,
Ψ0ΖΨ4690ΒΧ-ΕΝ8,2023-10-18,ΕΝΤΑΛΜΑ ΠΛΗΡΩΜΗΣ Drager Hellas S.A. (997799268),997799268,Drager Hellas S.A. (997799268),1407.28,,
9Κ1Γ4690ΒΧ-ΓΝΕ,2023-10-18,ΕΝΤΑΛΜΑ ΠΛΗΡΩΜΗΣ Drager Hellas S.A. (997799268),997799268,Drager Hellas S.A. (997799268),1609.35,,
95ΩΜ4690ΒΧ-ΒΘ4,2023-10-18,ΕΝΤΑΛΜΑ ΠΛΗΡΩΜΗΣ Drager Hellas S.A. (997799268),997799268,Drager Hellas S.A. (997799268),200.88,,
6ΕΝΑ4690ΒΧ-ΒΕΓ,2023-10-09,ΕΝΤΑΛΜΑ ΠΛΗΡΩΜΗΣ ΝΙΚ.Ι.ΛΑΊΝΙΩΤΗΣ Α.Ε.Β.Ε (093628458),093628458,ΝΙΚ.Ι.ΛΑΊΝΙΩΤΗΣ Α.Ε.Β.Ε (093628458),1003.51,,
6Β2Ω4690ΒΧ-15Ψ,2023-10-09,ΕΝΤΑΛΜΑ ΠΛΗΡΩΜΗΣ ΝΙΚ.Ι.ΛΑΊΝΙΩΤΗΣ Α.Ε.Β.Ε (093628458),093628458,ΝΙΚ.Ι.ΛΑΊΝΙΩΤΗΣ Α.Ε.Β.Ε (093628458),1258.82,,
956Φ4690ΒΧ-ΒΞΗ,2023-09-20,ΕΝΤΑΛΜΑ ΠΛΗΡΩΜΗΣ ΜΠΕΜΠΕΚΟΣ ΓΕΩΡΓΙΟΣ ΚΑΙ ΣΙΑ Ε.Ε (082802380),082802380,ΜΠΕΜΠΕΚΟΣ ΓΕΩΡΓΙΟΣ ΚΑΙ ΣΙΑ Ε.Ε (082802380),1660.61,,
9ΛΔ74690ΒΧ-ΧΗΚ,2023-09-20,ΕΝΤΑΛΜΑ ΠΛΗΡΩΜΗΣ ΜΠΕΜΠΕΚΟΣ ΓΕΩΡΓΙΟΣ ΚΑΙ ΣΙΑ Ε.Ε (082802380),082802380,ΜΠΕΜΠΕΚΟΣ ΓΕΩΡΓΙΟΣ ΚΑΙ ΣΙΑ Ε.Ε (082802380),2366.41,,
ΨΖΗ74690ΒΧ-ΜΚΕ,2023-09-22,ΕΝΤΑΛΜΑ ΠΛΗΡΩΜΗΣ ΑΝΤΙ-ΣΕΛ ΑΦΟΙ Α. ΣΕΛΙΔΗ ΑΕ (091569759),091569759,ΑΝΤΙ-ΣΕΛ ΑΦΟΙ Α. ΣΕΛΙΔΗ ΑΕ (091569759),69.44,,
9ΔΝ54690ΒΧ-Μ1Β,2023-09-22,ΕΝΤΑΛΜΑ ΠΛΗΡΩΜΗΣ ΑΛΦΑ ΜΕΝΤ ΕΠΕ (095502323),095502323,ΑΛΦΑ ΜΕΝΤ ΕΠΕ (095502323),468.72,,
ΨΩ4Ν4690ΒΧ-ΓΦΙ,2023-09-22,ΕΝΤΑΛΜΑ ΠΛΗΡΩΜΗΣ MILONAS HEALTH A.E. (998179225),998179225,MILONAS HEALTH A.E. (998179225),104.15,,
6ΕΖΖ4690ΒΧ-ΦΣ0,2023-09-22,ΕΝΤΑΛΜΑ ΠΛΗΡΩΜΗΣ MILONAS HEALTH A.E. (998179225),998179225,MILONAS HEALTH A.E. (998179225),725.63,,
ΨΔ874690ΒΧ-9ΙΔ,2023-09-22,ΕΝΤΑΛΜΑ ΠΛΗΡΩΜΗΣ Drager Hellas S.A. (997799268),997799268,Drager Hellas S.A. (997799268),295.12,,
Ψ3ΥΡ4690ΒΧ-ΝΣ3,2023-09-22,ΕΝΤΑΛΜΑ ΠΛΗΡΩΜΗΣ ΕΝΟΡΑΣΙΣ Α.Ε. (094503580),094503580,ΕΝΟΡΑΣΙΣ Α.Ε. (094503580),427.8,,
ΨΟΦΚ4690ΒΧ-73Μ,2023-09-22,ΕΝΤΑΛΜΑ ΠΛΗΡΩΜΗΣ PAUL HARTMANN Hellas A.E. (999862491),999862491,PAUL HARTMANN Hellas A.E. (999862491),146.9,,
6ΣΔΨ4690ΒΧ-00Κ,2023-09-22,ΕΝΤΑΛΜΑ ΠΛΗΡΩΜΗΣ ΕΛΛΕΝΚΟ Α.Ε. (094074824),094074824,ΕΛΛΕΝΚΟ Α.Ε. (094074824),195.72,,
6ΜΚΑ4690ΒΧ-ΟΥΤ,2023-09-22,ΕΝΤΑΛΜΑ ΠΛΗΡΩΜΗΣ ΕΛΛΕΝΚΟ Α.Ε. (094074824),094074824,ΕΛΛΕΝΚΟ Α.Ε. (094074824),59.33,,
6Η134690ΒΧ-2ΥΙ,2023-09-22,ΕΝΤΑΛΜΑ ΠΛΗΡΩΜΗΣ ΝΙΚ.Ι.ΛΑΊΝΙΩΤΗΣ Α.Ε.Β.Ε (093628458),093628458,ΝΙΚ.Ι.ΛΑΊΝΙΩΤΗΣ Α.Ε.Β.Ε (093628458),141.36,,
ΨΖΠΨ4690ΒΧ-Θ69,2023-09-22,ΕΝΤΑΛΜΑ ΠΛΗΡΩΜΗΣ ΝΙΚ.Ι.ΛΑΊΝΙΩΤΗΣ Α.Ε.Β.Ε (093628458),093628458,ΝΙΚ.Ι.ΛΑΊΝΙΩΤΗΣ Α.Ε.Β.Ε (093628458),3649.65,,
93ΙΑ4690ΒΧ-7ΕΠ,2023-09-22,ΕΝΤΑΛΜΑ ΠΛΗΡΩΜΗΣ ΝΙΚ.Ι.ΛΑΊΝΙΩΤΗΣ Α.Ε.Β.Ε (093628458),093628458,ΝΙΚ.Ι.ΛΑΊΝΙΩΤΗΣ Α.Ε.Β.Ε (093628458),3459.48,,
ΨΤ854690ΒΧ-Τ3Ζ,2023-09-22,ΕΝΤΑΛΜΑ ΠΛΗΡΩΜΗΣ ΕΥΡΟΜΑΡΤ Α.Ε. (094284004),094284004,ΕΥΡΟΜΑΡΤ Α.Ε. (094284004),165.97,,
9Ω7Γ4690ΒΧ-Κ18,2023-09-22,ΕΝΤΑΛΜΑ ΠΛΗΡΩΜΗΣ ΕΥΡΟΜΑΡΤ Α.Ε. (094284004),094284004,ΕΥΡΟΜΑΡΤ Α.Ε. (094284004),1470.57,,
9Ε434690ΒΧ-ΕΘΥ,2023-09-22,ΕΝΤΑΛΜΑ ΠΛΗΡΩΜΗΣ DUCASCO-ΔΟΥΡΜΟΥΣΟΓΛΟΥ ΑΕΒΕ (999640490),999640490,DUCASCO-ΔΟΥΡΜΟΥΣΟΓΛΟΥ ΑΕΒΕ (999640490),794.59,,
6Ν594690ΒΧ-ΧΚΘ,2023-09-22,ΕΝΤΑΛΜΑ ΠΛΗΡΩΜΗΣ Health and Iasis Medical Products (800572342),800572342,Health and Iasis Medical Products (800572342),3295.84,,
ΩΖΞΓ4690ΒΧ-ΜΡ1,2023-09-22,ΕΝΤΑΛΜΑ ΠΛΗΡΩΜΗΣ  EPIRUS GAS ΓΕΩΡΓΙΟΣ ΨΟΧΙΟΣ   ΥΙΟΣ Ο.Ε (997861308),997861308,EPIRUS GAS ΓΕΩΡΓΙΟΣ ΨΟΧΙΟΣ   ΥΙΟΣ Ο.Ε (997861308),179.8,,
9ΔΦ34690ΒΧ-ΤΒΣ,2023-09-22,ΕΝΤΑΛΜΑ ΠΛΗΡΩΜΗΣ  EPIRUS GAS ΓΕΩΡΓΙΟΣ ΨΟΧΙΟΣ   ΥΙΟΣ Ο.Ε (997861308),997861308,EPIRUS GAS ΓΕΩΡΓΙΟΣ ΨΟΧΙΟΣ   ΥΙΟΣ Ο.Ε (997861308),1991.58,,
666Ι4690ΒΧ-Ε47,2023-09-22,ΕΝΤΑΛΜΑ ΠΛΗΡΩΜΗΣ  EPIRUS GAS ΓΕΩΡΓΙΟΣ ΨΟΧΙΟΣ   ΥΙΟΣ Ο.Ε (997861308),997861308,EPIRUS GAS ΓΕΩΡΓΙΟΣ ΨΟΧΙΟΣ   ΥΙΟΣ Ο.Ε (997861308),2418.0,,
6Ω554690ΒΧ-ΧΒΓ,2023-09-22,ΕΝΤΑΛΜΑ ΠΛΗΡΩΜΗΣ ZIMMER BIOMET ΕΛΛΑΣ ΜΟΝ/ΠΗ Α.Ε (094437885),094437885,ZIMMER BIOMET ΕΛΛΑΣ ΜΟΝ/ΠΗ Α.Ε (094437885),4452.2,,
6ΧΞΤ4690ΒΧ-95Τ,2023-09-22,ΕΝΤΑΛΜΑ ΠΛΗΡΩΜΗΣ ZIMMER BIOMET ΕΛΛΑΣ ΜΟΝ/ΠΗ Α.Ε (094437885),094437885,ZIMMER BIOMET ΕΛΛΑΣ ΜΟΝ/ΠΗ Α.Ε (094437885),2627.83,,
6ΙΝ44690ΒΧ-4ΤΣ,2023-09-22,ΕΝΤΑΛΜΑ ΠΛΗΡΩΜΗΣ ZIMMER BIOMET ΕΛΛΑΣ ΜΟΝ/ΠΗ Α.Ε (094437885),094437885,ZIMMER BIOMET ΕΛΛΑΣ ΜΟΝ/ΠΗ Α.Ε (094437885),3116.91,,
ΨΣΖΗ4690ΒΧ-1ΔΥ,2023-09-22,ΕΝΤΑΛΜΑ ΠΛΗΡΩΜΗΣ ZIMMER BIOMET ΕΛΛΑΣ ΜΟΝ/ΠΗ Α.Ε (094437885),094437885,ZIMMER BIOMET ΕΛΛΑΣ ΜΟΝ/ΠΗ Α.Ε (094437885),4326.77,,
62954690ΒΧ-9ΞΦ,2023-09-22,ΕΝΤΑΛΜΑ ΠΛΗΡΩΜΗΣ ZIMMER BIOMET ΕΛΛΑΣ ΜΟΝ/ΠΗ Α.Ε (094437885),094437885,ZIMMER BIOMET ΕΛΛΑΣ ΜΟΝ/ΠΗ Α.Ε (094437885),4851.12,,
ΨΓΧΑ4690ΒΧ-ΧΧΣ,2023-09-22,ΕΝΤΑΛΜΑ ΠΛΗΡΩΜΗΣ ZIMMER BIOMET ΕΛΛΑΣ ΜΟΝ/ΠΗ Α.Ε (094437885),094437885,ZIMMER BIOMET ΕΛΛΑΣ ΜΟΝ/ΠΗ Α.Ε (094437885),2982.84,,
97ΒΒ4690ΒΧ-7Θ5,2023-09-22,ΕΝΤΑΛΜΑ ΠΛΗΡΩΜΗΣ ZIMMER BIOMET ΕΛΛΑΣ ΜΟΝ/ΠΗ Α.Ε (094437885),094437885,ZIMMER BIOMET ΕΛΛΑΣ ΜΟΝ/ΠΗ Α.Ε (094437885),3949.82,,
ΨΗΧ44690ΒΧ-14Ο,2023-09-22,ΕΝΤΑΛΜΑ ΠΛΗΡΩΜΗΣ ZIMMER BIOMET ΕΛΛΑΣ ΜΟΝ/ΠΗ Α.Ε (094437885),094437885,ZIMMER BIOMET ΕΛΛΑΣ ΜΟΝ/ΠΗ Α.Ε (094437885),4129.02,,
6Κ9Υ4690ΒΧ-Ν5Ι,2023-09-22,ΕΝΤΑΛΜΑ ΠΛΗΡΩΜΗΣ ZIMMER BIOMET ΕΛΛΑΣ ΜΟΝ/ΠΗ Α.Ε (094437885),094437885,ZIMMER BIOMET ΕΛΛΑΣ ΜΟΝ/ΠΗ Α.Ε (094437885),4449.04,,
9ΚΔ44690ΒΧ-5ΙΩ,2023-09-22,ΕΝΤΑΛΜΑ ΠΛΗΡΩΜΗΣ ZIMMER BIOMET ΕΛΛΑΣ ΜΟΝ/ΠΗ Α.Ε (094437885),094437885,ZIMMER BIOMET ΕΛΛΑΣ ΜΟΝ/ΠΗ Α.Ε (094437885),4990.76,,
ΨΜΜ44690ΒΧ-Η91,2023-09-22,ΕΝΤΑΛΜΑ ΠΛΗΡΩΜΗΣ ZIMMER BIOMET ΕΛΛΑΣ ΜΟΝ/ΠΗ Α.Ε (094437885),094437885,ZIMMER BIOMET ΕΛΛΑΣ ΜΟΝ/ΠΗ Α.Ε (094437885),4597.52,,
9ΔΗΧ4690ΒΧ-ΘΧ7,2023-09-22,ΕΝΤΑΛΜΑ ΠΛΗΡΩΜΗΣ ZIMMER BIOMET ΕΛΛΑΣ ΜΟΝ/ΠΗ Α.Ε (094437885),094437885,ZIMMER BIOMET ΕΛΛΑΣ ΜΟΝ/ΠΗ Α.Ε (094437885),459.22,,
92ΓΞ4690ΒΧ-2ΚΔ,2023-09-22,ΕΝΤΑΛΜΑ ΠΛΗΡΩΜΗΣ ZIMMER BIOMET ΕΛΛΑΣ ΜΟΝ/ΠΗ Α.Ε (094437885),094437885,ZIMMER BIOMET ΕΛΛΑΣ ΜΟΝ/ΠΗ Α.Ε (094437885),4819.45,,
6ΧΔ34690ΒΧ-Ψ26,2023-09-22,ΕΝΤΑΛΜΑ ΠΛΗΡΩΜΗΣ ZIMMER BIOMET ΕΛΛΑΣ ΜΟΝ/ΠΗ Α.Ε (094437885),094437885,ZIMMER BIOMET ΕΛΛΑΣ ΜΟΝ/ΠΗ Α.Ε (094437885),4719.11,,
6ΙΙΟ4690ΒΧ-636,2023-09-20,ΕΝΤΑΛΜΑ ΠΛΗΡΩΜΗΣ ΝΟΣΟΚΟΜΕΙΑΚΗ ΓΡΑΜΜΗ Α.Ε (094396063),094396063,ΝΟΣΟΚΟΜΕΙΑΚΗ ΓΡΑΜΜΗ Α.Ε (094396063),81.84,,
9ΨΣΔ4690ΒΧ-ΓΝΠ,2023-09-20,ΕΝΤΑΛΜΑ ΠΛΗΡΩΜΗΣ ΝΟΣΟΚΟΜΕΙΑΚΗ ΓΡΑΜΜΗ Α.Ε (094396063),094396063,ΝΟΣΟΚΟΜΕΙΑΚΗ ΓΡΑΜΜΗ Α.Ε (094396063),3466.72,,
9ΡΘΘ4690ΒΧ-01Β,2023-09-20,ΕΝΤΑΛΜΑ ΠΛΗΡΩΜΗΣ ΝΟΣΟΚΟΜΕΙΑΚΗ ΓΡΑΜΜΗ Α.Ε (094396063),094396063,ΝΟΣΟΚΟΜΕΙΑΚΗ ΓΡΑΜΜΗ Α.Ε (094396063),3088.92,,
6ΞΜΛ4690ΒΧ-ΤΣΜ,2023-09-07,ΕΝΤΑΛΜΑ ΠΛΗΡΩΜΗΣ ΝΟΣΟΚΟΜΕΙΑΚΗ ΓΡΑΜΜΗ Α.Ε (094396063),094396063,ΝΟΣΟΚΟΜΕΙΑΚΗ ΓΡΑΜΜΗ Α.Ε (094396063),12201.4,,
6ΚΕΩ4690ΒΧ-6ΛΑ,2023-09-14,ΕΝΤΑΛΜΑ ΠΛΗΡΩΜΗΣ ΔΕΛΤΑ ΙΑΤΡΙΚΗ Α.Ε. (094437130),094437130,ΔΕΛΤΑ ΙΑΤΡΙΚΗ Α.Ε. (094437130),8060.0,,
ΨΥΝ54690ΒΧ-ΠΛΥ,2023-09-14,ΕΝΤΑΛΜΑ ΠΛΗΡΩΜΗΣ Γ.ΣΑΜΑΡΑΣ ΑΒΕΕ (094373861),094373861,Γ.ΣΑΜΑΡΑΣ ΑΒΕΕ (094373861),8203.84,,
6ΒΣΩ4690ΒΧ-ΨΘΗ,2023-09-13,ΕΝΤΑΛΜΑ ΠΛΗΡΩΜΗΣ ΑΡΗΤΗ Α.Ε. (094251753),094251753,ΑΡΗΤΗ Α.Ε. (094251753),3644.25,,
Ψ1Τ54690ΒΧ-4ΩΚ,2023-08-24,ΕΝΤΑΛΜΑ ΠΛΗΡΩΜΗΣ VAKTRO SCIENTIFIC ΣΤΑΥΡΟΣ ΑΓΓΕΛΟΠΟΥΛΟΣ   ΣΙΑ Ο.Ε (084221869),084221869,VAKTRO SCIENTIFIC ΣΤΑΥΡΟΣ ΑΓΓΕΛΟΠΟΥΛΟΣ   ΣΙΑ Ο.Ε (084221869),13640.0,,
ΨΡΟΕ4690ΒΧ-ΓΦΣ,2023-09-14,ΕΝΤΑΛΜΑ ΠΛΗΡΩΜΗΣ VAKTRO SCIENTIFIC ΣΤΑΥΡΟΣ ΑΓΓΕΛΟΠΟΥΛΟΣ   ΣΙΑ Ο.Ε (084221869),084221869,VAKTRO SCIENTIFIC ΣΤΑΥΡΟΣ ΑΓΓΕΛΟΠΟΥΛΟΣ   ΣΙΑ Ο.Ε (084221869),4579.2,,
65Θ94690ΒΧ-5Λ5,2023-09-13,ΕΝΤΑΛΜΑ ΠΛΗΡΩΜΗΣ TELEFLEX MEDICAL ΕΛΛΑΣ ΑΕΕ (094429990),094429990,TELEFLEX MEDICAL ΕΛΛΑΣ ΑΕΕ (094429990),2628.05,,
6Ο5Α4690ΒΧ-Ν7Α,2023-09-14,ΕΝΤΑΛΜΑ ΠΛΗΡΩΜΗΣ MEDICON HELLAS A.E. (094240321),094240321,MEDICON HELLAS A.E. (094240321),2239.8,,
6ΤΜ34690ΒΧ-ΨΗΓ,2023-09-13,ΕΝΤΑΛΜΑ ΠΛΗΡΩΜΗΣ LERIVA Α.Ε. (997985840),997985840,LERIVA Α.Ε. (997985840),2551.92,,
ΩΝΑΒ4690ΒΧ-ΠΧΞ,2023-09-14,ΕΝΤΑΛΜΑ ΠΛΗΡΩΜΗΣ KARL STORZ-ΕΝΔΟΣΚΟΠΙΑ ΕΛΛΑΔΟΣ Ε.Π.Ε (998361490),998361490,KARL STORZ-ΕΝΔΟΣΚΟΠΙΑ ΕΛΛΑΔΟΣ Ε.Π.Ε (998361490),15657.48,,
ΩΧ2Ρ4690ΒΧ-ΖΤΦ,2023-09-14,ΕΝΤΑΛΜΑ ΠΛΗΡΩΜΗΣ Johnson   Johnson Medical Greece Μονοπρόσωπη Α.Ε. (801858262),801858262,Johnson   Johnson Medical Greece Μονοπρόσωπη Α.Ε. (801858262),3854.3,,
90674690ΒΧ-0Σ3,2023-09-06,ΕΝΤΑΛΜΑ ΠΛΗΡΩΜΗΣ GE HEALTHCARE (094472918),094472918,GE HEALTHCARE (094472918),10540.0,,
9ΗΨ54690ΒΧ-ΗΑΦ,2023-09-14,ΕΝΤΑΛΜΑ ΠΛΗΡΩΜΗΣ EBROSOFT ΞΙΩΤΙΔΗΣ ΒΑΣΙΛΕΙΟΣ   ΣΙΑ Ε.Ε (999748725),999748725,EBROSOFT ΞΙΩΤΙΔΗΣ ΒΑΣΙΛΕΙΟΣ   ΣΙΑ Ε.Ε (999748725),3307.82,,
ΨΙΠΠ4690ΒΧ-ΓΙΛ,2023-09-07,ΕΝΤΑΛΜΑ ΠΛΗΡΩΜΗΣ DUCASCO-ΔΟΥΡΜΟΥΣΟΓΛΟΥ ΑΕΒΕ (999640490),999640490,DUCASCO-ΔΟΥΡΜΟΥΣΟΓΛΟΥ ΑΕΒΕ (999640490),5306.89,,
96ΤΡ4690ΒΧ-ΣΧΗ,2023-09-06,ΕΝΤΑΛΜΑ ΠΛΗΡΩΜΗΣ COMPUTER SOLUTIONS ΑΝΩΝΥΜΗ (095403136),095403136,COMPUTER SOLUTIONS ΑΝΩΝΥΜΗ (095403136),4464.0,,
ΨΒΖ94690ΒΧ-ΖΩΩ,2023-09-14,ΕΝΤΑΛΜΑ ΠΛΗΡΩΜΗΣ ABBOTT LABORATORIES(ΕΛΛΑΣ)ABEE (094027257),094027257,ABBOTT LABORATORIES(ΕΛΛΑΣ)ABEE (094027257),9243.2,,
Ψ8ΝΤ4690ΒΧ-0ΣΛ,2023-09-13,ΕΝΤΑΛΜΑ ΠΛΗΡΩΜΗΣ DOCTUM ΦΑΡΜΑΚΕΥΤΙΚΗ ΑΕ (094070315),094070315,DOCTUM ΦΑΡΜΑΚΕΥΤΙΚΗ ΑΕ (094070315),3889.31,,
ΨΓΓΚ4690ΒΧ-Ζ9Ρ,2023-09-07,ΕΝΤΑΛΜΑ ΠΛΗΡΩΜΗΣ ΝΟΣΟΚΟΜΕΙΑΚΗ ΓΡΑΜΜΗ Α.Ε (094396063),094396063,ΝΟΣΟΚΟΜΕΙΑΚΗ ΓΡΑΜΜΗ Α.Ε (094396063),1706.3,,
9Δ364690ΒΧ-ΝΡΤ,2023-09-13,ΕΝΤΑΛΜΑ ΠΛΗΡΩΜΗΣ ΝΙΚΑΙΑ ΤΡΟΦΟΔΟΣΙΕΣ ΜΟΝΟΠΡΟΣΩΠΗ ΙΚΕ (801393800),801393800,ΝΙΚΑΙΑ ΤΡΟΦΟΔΟΣΙΕΣ ΜΟΝΟΠΡΟΣΩΠΗ ΙΚΕ (801393800),7249.91,,
ΨΠ1Φ4690ΒΧ-Ω7Γ,2023-09-07,ΕΝΤΑΛΜΑ ΠΛΗΡΩΜΗΣ ΝΙΚ.Ι.ΛΑΊΝΙΩΤΗΣ Α.Ε.Β.Ε (093628458),093628458,ΝΙΚ.Ι.ΛΑΊΝΙΩΤΗΣ Α.Ε.Β.Ε (093628458),3014.19,,
6ΓΞ24690ΒΧ-ΒΕΞ,2023-09-07,ΕΝΤΑΛΜΑ ΠΛΗΡΩΜΗΣ ΙΝΕΞ ΙΑΤΡΙΚΑ Α.Ε (094356041),094356041,ΙΝΕΞ ΙΑΤΡΙΚΑ Α.Ε (094356041),3345.93,,
685Ε4690ΒΧ-ΖΑ8,2023-09-07,ΕΝΤΑΛΜΑ ΠΛΗΡΩΜΗΣ ΕΛΛΕΝΚΟ Α.Ε. (094074824),094074824,ΕΛΛΕΝΚΟ Α.Ε. (094074824),2973.13,,
ΨΝ714690ΒΧ-ΣΤΦ,2023-09-06,ΕΝΤΑΛΜΑ ΠΛΗΡΩΜΗΣ HOSPITECNICA ΕΠΕ (095526068),095526068,HOSPITECNICA ΕΠΕ (095526068),5319.6,,
ΨΜΨΓ4690ΒΧ-2ΥΜ,2023-09-06,ΕΝΤΑΛΜΑ ΠΛΗΡΩΜΗΣ COMPUTER SOLUTIONS ΑΝΩΝΥΜΗ (095403136),095403136,COMPUTER SOLUTIONS ΑΝΩΝΥΜΗ (095403136),5580.0,,
9ΠΚΠ4690ΒΧ-Α3Θ,2023-09-20,ΕΝΤΑΛΜΑ ΠΛΗΡΩΜΗΣ '' C   P MEDICALS O.E'' (800392564),800392564,'' C   P MEDICALS O.E'' (800392564),842.53,,
91ΨΝ4690ΒΧ-ΧΙΑ,2023-09-20,ΕΝΤΑΛΜΑ ΠΛΗΡΩΜΗΣ ΧΑΒΑΛΕΣ Α.-ΧΑΤΖΗΣΥΜΕΩΝ Κ.Ο.Ε. (999895147),999895147,ΧΑΒΑΛΕΣ Α.-ΧΑΤΖΗΣΥΜΕΩΝ Κ.Ο.Ε. (999895147),1060.0,,
ΨΙΠΒ4690ΒΧ-Β2Ι,2023-09-20,ΕΝΤΑΛΜΑ ΠΛΗΡΩΜΗΣ ΥΙΟΙ ΧΡΙΣΤΑΚΟΥ ΣΕΒΑΣΛΙΑΝ Ο.Ε (081570019),081570019,ΥΙΟΙ ΧΡΙΣΤΑΚΟΥ ΣΕΒΑΣΛΙΑΝ Ο.Ε (081570019),37.2,,
6Ι0Ν4690ΒΧ-ΦΝΜ,2023-09-20,ΕΝΤΑΛΜΑ ΠΛΗΡΩΜΗΣ ΤΕΜΑΚ (094279934),094279934,ΤΕΜΑΚ (094279934),176.64,,
636Γ4690ΒΧ-ΕΘΞ,2023-09-20,ΕΝΤΑΛΜΑ ΠΛΗΡΩΜΗΣ ΣΥΜΕΩΝΙΔΗΣ ΒΑΣ. ΧΑΡΑΛΑΜΠΟΣ (125190308),125190308,ΣΥΜΕΩΝΙΔΗΣ ΒΑΣ. ΧΑΡΑΛΑΜΠΟΣ (125190308),282.6,,
9ΖΗΙ4690ΒΧ-9ΥΦ,2023-09-20,ΕΝΤΑΛΜΑ ΠΛΗΡΩΜΗΣ ΠΝΟΗ Α.Ε. (095632467),095632467,ΠΝΟΗ Α.Ε. (095632467),694.4,,
ΨΘ3Γ4690ΒΧ-6ΦΙ,2023-09-20,ΕΝΤΑΛΜΑ ΠΛΗΡΩΜΗΣ Ν.ΠΡΟΚΟΣ   ΣΙΑ Ο.Ε. (999426109),999426109,Ν.ΠΡΟΚΟΣ   ΣΙΑ Ο.Ε. (999426109),251.92,,
61ΞΞ4690ΒΧ-1ΙΦ,2023-09-20,ΕΝΤΑΛΜΑ ΠΛΗΡΩΜΗΣ ΜΑΥΡΟΥΔΗΣ Α.Ε (997998085),997998085,ΜΑΥΡΟΥΔΗΣ Α.Ε (997998085),148.8,,
6Ι2Ξ4690ΒΧ-ΟΔΑ,2023-09-20,ΕΝΤΑΛΜΑ ΠΛΗΡΩΜΗΣ ΜΑΥΡΟΥΔΗΣ Α.Ε (997998085),997998085,ΜΑΥΡΟΥΔΗΣ Α.Ε (997998085),258.42,,
62Φ14690ΒΧ-ΜΘ1,2023-09-20,ΕΝΤΑΛΜΑ ΠΛΗΡΩΜΗΣ ΛΕΠΤΟΚΑΡΟΠΟΥΛΟΣ Π. ΚΩΝ/ΝΟΣ (057082952),057082952,ΛΕΠΤΟΚΑΡΟΠΟΥΛΟΣ Π. ΚΩΝ/ΝΟΣ (057082952),189.6,,
62ΓΜ4690ΒΧ-ΩΕ2,2023-09-20,ΕΝΤΑΛΜΑ ΠΛΗΡΩΜΗΣ ΛΕΠΤΟΚΑΡΟΠΟΥΛΟΣ Π. ΚΩΝ/ΝΟΣ (057082952),057082952,ΛΕΠΤΟΚΑΡΟΠΟΥΛΟΣ Π. ΚΩΝ/ΝΟΣ (057082952),342.24,,
6Ζ264690ΒΧ-Ψ1Α,2023-09-20,ΕΝΤΑΛΜΑ ΠΛΗΡΩΜΗΣ ΘΕΣΣΑΛΟΙΑΤΡΙΚΗ ΕΠΕ (095488987),095488987,ΘΕΣΣΑΛΟΙΑΤΡΙΚΗ ΕΠΕ (095488987),347.99,,
ΩΖΖΞ4690ΒΧ-47Ο,2023-09-20,ΕΝΤΑΛΜΑ ΠΛΗΡΩΜΗΣ ΕΛΛΕΝΙΚ ΛΑΜΠΓΟΥΕΡ ΑΕ (094212309),094212309,ΕΛΛΕΝΙΚ ΛΑΜΠΓΟΥΕΡ ΑΕ (094212309),1054.0,,
ΨΤΩΗ4690ΒΧ-Η4Τ,2023-09-20,ΕΝΤΑΛΜΑ ΠΛΗΡΩΜΗΣ Δ. ΚΟΡΤΕΣΗΣ   ΣΙΑ Ε.Ε. (999658897),999658897,Δ. ΚΟΡΤΕΣΗΣ   ΣΙΑ Ε.Ε. (999658897),524.76,,
9ΥΧΟ4690ΒΧ-ΑΣ2,2023-09-20,ΕΝΤΑΛΜΑ ΠΛΗΡΩΜΗΣ Γ.ΣΑΜΑΡΑΣ ΑΒΕΕ (094373861),094373861,Γ.ΣΑΜΑΡΑΣ ΑΒΕΕ (094373861),310.62,,
ΨΥ8Τ4690ΒΧ-8ΛΙ,2023-09-20,ΕΝΤΑΛΜΑ ΠΛΗΡΩΜΗΣ Γ.ΣΑΜΑΡΑΣ ΑΒΕΕ (094373861),094373861,Γ.ΣΑΜΑΡΑΣ ΑΒΕΕ (094373861),66.96,,
Ψ8Β64690ΒΧ-3ΓΑ,2023-09-20,ΕΝΤΑΛΜΑ ΠΛΗΡΩΜΗΣ Β.ΣΟΡΒΑΚΟΠΟΥΛΟΣ   ΣΙΑ Ο.Ε (099999219),099999219,Β.ΣΟΡΒΑΚΟΠΟΥΛΟΣ   ΣΙΑ Ο.Ε (099999219),221.96,,
67Ι14690ΒΧ-701,2023-09-20,ΕΝΤΑΛΜΑ ΠΛΗΡΩΜΗΣ ΑΝΑΣΤΑΣΙΟΣ ΔΙΓΚΑΣ Ι.Κ.Ε. (997826122),997826122,ΑΝΑΣΤΑΣΙΟΣ ΔΙΓΚΑΣ Ι.Κ.Ε. (997826122),67.01,,
ΨΠ8Χ4690ΒΧ-ΧΗΕ,2023-09-20,ΕΝΤΑΛΜΑ ΠΛΗΡΩΜΗΣ ΑΝΑΣΤΑΣΙΟΣ ΔΙΓΚΑΣ Ι.Κ.Ε. (997826122),997826122,ΑΝΑΣΤΑΣΙΟΣ ΔΙΓΚΑΣ Ι.Κ.Ε. (997826122),272.01,,
9ΙΞΜ4690ΒΧ-ΒΨΗ,2023-09-20,ΕΝΤΑΛΜΑ ΠΛΗΡΩΜΗΣ Rethink ΑΕΒΕ (999125269),999125269,Rethink ΑΕΒΕ (999125269),245.52,,
9Κ664690ΒΧ-ΤΤΕ,2023-09-20,ΕΝΤΑΛΜΑ ΠΛΗΡΩΜΗΣ PROFFICE Ε.ΖΩΗΣ-Σ.ΒΡΑΝΟΣ Ο.Ε. (800555505),800555505,PROFFICE Ε.ΖΩΗΣ-Σ.ΒΡΑΝΟΣ Ο.Ε. (800555505),1674.0,,
6ΡΦ84690ΒΧ-89Υ,2023-09-20,ΕΝΤΑΛΜΑ ΠΛΗΡΩΜΗΣ Optis A.E (998935430),998935430,Optis A.E (998935430),89.99,,
ΨΟ214690ΒΧ-ΚΘΤ,2023-09-20,ΕΝΤΑΛΜΑ ΠΛΗΡΩΜΗΣ MEDINOR ΕΕ (082802380),082802380,MEDINOR ΕΕ (082802380),827.58,,
9ΨΝΡ4690ΒΧ-ΡΙΛ,2023-09-20,ΕΝΤΑΛΜΑ ΠΛΗΡΩΜΗΣ KARL STORZ-ΕΝΔΟΣΚΟΠΙΑ ΕΛΛΑΔΟΣ Ε.Π.Ε (998361490),998361490,KARL STORZ-ΕΝΔΟΣΚΟΠΙΑ ΕΛΛΑΔΟΣ Ε.Π.Ε (998361490),1494.2,,
9ΔΓΝ4690ΒΧ-ΘΗΦ,2023-09-20,ΕΝΤΑΛΜΑ ΠΛΗΡΩΜΗΣ HOSPITECNICA ΕΠΕ (095526068),095526068,HOSPITECNICA ΕΠΕ (095526068),1653.93,,
ΨΕ294690ΒΧ-ΞΩΟ,2023-09-20,ΕΝΤΑΛΜΑ ΠΛΗΡΩΜΗΣ HAMED-ΧΑΛΑΜΠΑΛΑΚΗΣ Α.Ε (094313759),094313759,HAMED-ΧΑΛΑΜΠΑΛΑΚΗΣ Α.Ε (094313759),1810.4,,
9ΗΝ14690ΒΧ-1Ξ4,2023-09-20,ΕΝΤΑΛΜΑ ΠΛΗΡΩΜΗΣ HAMED-ΧΑΛΑΜΠΑΛΑΚΗΣ Α.Ε (094313759),094313759,HAMED-ΧΑΛΑΜΠΑΛΑΚΗΣ Α.Ε (094313759),595.2,,
6ΧΒΕ4690ΒΧ-ΘΒΚ,2023-09-20,ΕΝΤΑΛΜΑ ΠΛΗΡΩΜΗΣ HAMED-ΧΑΛΑΜΠΑΛΑΚΗΣ Α.Ε (094313759),094313759,HAMED-ΧΑΛΑΜΠΑΛΑΚΗΣ Α.Ε (094313759),130.2,,
ΨΜΤ74690ΒΧ-ΕΘΙ,2023-09-13,ΕΝΤΑΛΜΑ ΠΛΗΡΩΜΗΣ ΠΕΤΡΟΣ ΧΑΡ.ΚΟΣΜΙΔΗΣ   ΣΙΑ Ε.Ε. (999685389),999685389,ΠΕΤΡΟΣ ΧΑΡ.ΚΟΣΜΙΔΗΣ   ΣΙΑ Ε.Ε. (999685389),380.28,,
6Ζ7Υ4690ΒΧ-Ε9Ρ,2023-09-08,ΕΝΤΑΛΜΑ ΠΛΗΡΩΜΗΣ ΓΚΑΤΕΞ Α.Ε MEDICAL SUPLIES (093573836),093573836,ΓΚΑΤΕΞ Α.Ε MEDICAL SUPLIES (093573836),178.08,,
ΩΖ764690ΒΧ-Ω93,2023-09-08,ΕΝΤΑΛΜΑ ΠΛΗΡΩΜΗΣ ΓΕΝΙΚΗ ΧΗΜΙΚΩΝ ΠΡΟΙΟΝΤΩΝ Α.Ε (094133588),094133588,ΓΕΝΙΚΗ ΧΗΜΙΚΩΝ ΠΡΟΙΟΝΤΩΝ Α.Ε (094133588),501.38,,
654Κ4690ΒΧ-25Μ,2023-09-14,ΕΝΤΑΛΜΑ ΠΛΗΡΩΜΗΣ ΒΙΟΠΡΟΜΗΘΕΥΤΙΚΗ ΜΟΝ/ΠΗ ΕΠΕ (099007886),099007886,ΒΙΟΠΡΟΜΗΘΕΥΤΙΚΗ ΜΟΝ/ΠΗ ΕΠΕ (099007886),477.4,,
6ΝΦ34690ΒΧ-91Ξ,2023-09-14,ΕΝΤΑΛΜΑ ΠΛΗΡΩΜΗΣ ΑΤΟΜΙΚΗ ΦΡΟΝΤΙΔΑ ΑΒΕΕ (998476060),998476060,ΑΤΟΜΙΚΗ ΦΡΟΝΤΙΔΑ ΑΒΕΕ (998476060),986.05,,
9ΡΦΩ4690ΒΧ-ΤΛ8,2023-09-08,ΕΝΤΑΛΜΑ ΠΛΗΡΩΜΗΣ ΑΡΗΤΗ Α.Ε. (094251753),094251753,ΑΡΗΤΗ Α.Ε. (094251753),353.4,,
Ψ5Η64690ΒΧ-6Ν5,2023-09-08,ΕΝΤΑΛΜΑ ΠΛΗΡΩΜΗΣ ΑΝΑΣΤΑΣΙΟΣ ΜΑΥΡΟΓΕΝΗΣ Α.Ε. (082525697),082525697,ΑΝΑΣΤΑΣΙΟΣ ΜΑΥΡΟΓΕΝΗΣ Α.Ε. (082525697),613.59,,
6Λ834690ΒΧ-2ΑΩ,2023-09-08,ΕΝΤΑΛΜΑ ΠΛΗΡΩΜΗΣ ΑΝΑΣΤΑΣΙΟΣ ΜΑΥΡΟΓΕΝΗΣ Α.Ε. (082525697),082525697,ΑΝΑΣΤΑΣΙΟΣ ΜΑΥΡΟΓΕΝΗΣ Α.Ε. (082525697),485.9,,
ΨΠΠΠ4690ΒΧ-ΟΣ5,2023-09-08,ΕΝΤΑΛΜΑ ΠΛΗΡΩΜΗΣ ΑΝΑΣΤΑΣΙΟΣ ΜΑΥΡΟΓΕΝΗΣ Α.Ε. (082525697),082525697,ΑΝΑΣΤΑΣΙΟΣ ΜΑΥΡΟΓΕΝΗΣ Α.Ε. (082525697),638.6,,
ΩΧ5Α4690ΒΧ-ΓΣΥ,2023-09-14,ΕΝΤΑΛΜΑ ΠΛΗΡΩΜΗΣ Y-LOGIMED  Μ.Α.Ε (094446034),094446034,Y-LOGIMED  Μ.Α.Ε (094446034),590.24,,
9ΒΖ14690ΒΧ-Χ9Υ,2023-09-14,ΕΝΤΑΛΜΑ ΠΛΗΡΩΜΗΣ VAKTRO SCIENTIFIC ΣΤΑΥΡΟΣ ΑΓΓΕΛΟΠΟΥΛΟΣ   ΣΙΑ Ο.Ε (084221869),084221869,VAKTRO SCIENTIFIC ΣΤΑΥΡΟΣ ΑΓΓΕΛΟΠΟΥΛΟΣ   ΣΙΑ Ο.Ε (084221869),1628.0,,
ΨΦ5Α4690ΒΧ-ΤΕ1,2023-09-14,ΕΝΤΑΛΜΑ ΠΛΗΡΩΜΗΣ VAKTRO SCIENTIFIC ΣΤΑΥΡΟΣ ΑΓΓΕΛΟΠΟΥΛΟΣ   ΣΙΑ Ο.Ε (084221869),084221869,VAKTRO SCIENTIFIC ΣΤΑΥΡΟΣ ΑΓΓΕΛΟΠΟΥΛΟΣ   ΣΙΑ Ο.Ε (084221869),145.02,,
6Χ904690ΒΧ-ΑΑ1,2023-09-08,ΕΝΤΑΛΜΑ ΠΛΗΡΩΜΗΣ V   L VIOLAK INTERNATIONAL A.E (099370337),099370337,V   L VIOLAK INTERNATIONAL A.E (099370337),553.88,,
6ΟΤΘ4690ΒΧ-Υ3Π,2023-09-08,ΕΝΤΑΛΜΑ ΠΛΗΡΩΜΗΣ V   L VIOLAK INTERNATIONAL A.E (099370337),099370337,V   L VIOLAK INTERNATIONAL A.E (099370337),361.53,,
ΩΝΖΦ4690ΒΧ-Η2Ρ,2023-09-08,ΕΝΤΑΛΜΑ ΠΛΗΡΩΜΗΣ V   L VIOLAK INTERNATIONAL A.E (099370337),099370337,V   L VIOLAK INTERNATIONAL A.E (099370337),151.42,,
63ΥΩ4690ΒΧ-2ΞΖ,2023-09-20,ΕΝΤΑΛΜΑ ΠΛΗΡΩΜΗΣ TRANE HELLAS A.E (098032885),098032885,TRANE HELLAS A.E (098032885),334.8,,
ΨΥΓΦ4690ΒΧ-Ω2Θ,2023-09-08,ΕΝΤΑΛΜΑ ΠΛΗΡΩΜΗΣ MILONAS HEALTH A.E. (998179225),998179225,MILONAS HEALTH A.E. (998179225),1398.54,,
6ΒΥΣ4690ΒΧ-ΟΓ8,2023-09-13,ΕΝΤΑΛΜΑ ΠΛΗΡΩΜΗΣ MEDI SUP AE (094447320),094447320,MEDI SUP AE (094447320),1631.84,,
ΨΒ4Α4690ΒΧ-ΙΚ5,2023-09-13,ΕΝΤΑΛΜΑ ΠΛΗΡΩΜΗΣ MEDI SUP AE (094447320),094447320,MEDI SUP AE (094447320),587.6,,
6ΥΖΛ4690ΒΧ-1ΕΞ,2023-09-14,ΕΝΤΑΛΜΑ ΠΛΗΡΩΜΗΣ INSIDE ΙΑΤΡΙΚΕΣ ΤΕΧΝΟΛΟΓΙΕΣ ΜΟΝΟΠΡΟΣΩΠΗ Ι.Κ.Ε. (800777790),800777790,INSIDE ΙΑΤΡΙΚΕΣ ΤΕΧΝΟΛΟΓΙΕΣ ΜΟΝΟΠΡΟΣΩΠΗ Ι.Κ.Ε. (800777790),175.38,,
ΨΣΠΤ4690ΒΧ-2Χ1,2023-09-08,ΕΝΤΑΛΜΑ ΠΛΗΡΩΜΗΣ <<ΠΕΙΡΑΪΚΗ ΕΦΟΔΙΑΣΤΙΚΗ>> Σ.ΚΑΤΕΧΗΣ   ΣΙΑ Ο.Ε (999234290),999234290,<<ΠΕΙΡΑΪΚΗ ΕΦΟΔΙΑΣΤΙΚΗ>> Σ.ΚΑΤΕΧΗΣ   ΣΙΑ Ο.Ε (999234290),522.29,,
6Δ4Χ4690ΒΧ-ΨΒ6,2023-09-20,ΕΝΤΑΛΜΑ ΠΛΗΡΩΜΗΣ WiLO HELLAS ΜΟΝΟΠΡΟΣΩΠΗ Α.Β.Ε.Ε (094061750),094061750,WiLO HELLAS ΜΟΝΟΠΡΟΣΩΠΗ Α.Β.Ε.Ε (094061750),537.42,,
ΨΙΓ04690ΒΧ-1ΓΨ,2023-09-19,ΕΝΤΑΛΜΑ ΠΛΗΡΩΜΗΣ ΡΟΝΤΟΓΙΑΝΝΗΣ ΝΙΚΟΛΑΟΣ (301370400),301370400,ΡΟΝΤΟΓΙΑΝΝΗΣ ΝΙΚΟΛΑΟΣ (301370400),2945.0,,
ΡΨ7Δ4690ΒΧ-ΛΘΡ,2023-09-19,ΕΝΤΑΛΜΑ ΠΛΗΡΩΜΗΣ ΠΝΟΗ Α.Ε. (095632467),095632467,ΠΝΟΗ Α.Ε. (095632467),198.4,,
ΡΟΒ94690ΒΧ-2ΜΙ,2023-09-07,ΕΝΤΑΛΜΑ ΠΛΗΡΩΜΗΣ ΞΕΝΟΦΩΝ ΓΕΡΜΑΝΟΣ Α.Ε.Ε. (094326835),094326835,ΞΕΝΟΦΩΝ ΓΕΡΜΑΝΟΣ Α.Ε.Ε. (094326835),529.97,,
6ΜΒ84690ΒΧ-9Γ1,2023-09-19,ΕΝΤΑΛΜΑ ΠΛΗΡΩΜΗΣ ΛΕΦΑΣ ΑΛ.ΓΕΩΡΓΙΟΣ (102354427),102354427,ΛΕΦΑΣ ΑΛ.ΓΕΩΡΓΙΟΣ (102354427),600.0,,
9Ψ2Τ4690ΒΧ-ΚΧΒ,2023-09-19,ΕΝΤΑΛΜΑ ΠΛΗΡΩΜΗΣ ΙΩΑΝ.ΧΡ.ΒΑΜΒΑΣ ΑΕBE (094033749),094033749,ΙΩΑΝ.ΧΡ.ΒΑΜΒΑΣ ΑΕBE (094033749),682.0,,
9ΓΗ34690ΒΧ-ΒΦΚ,2023-09-07,ΕΝΤΑΛΜΑ ΠΛΗΡΩΜΗΣ ΙΝΕΞ ΙΑΤΡΙΚΑ Α.Ε (094356041),094356041,ΙΝΕΞ ΙΑΤΡΙΚΑ Α.Ε (094356041),407.96,,
ΨΝΟ84690ΒΧ-ΓΩΚ,2023-09-07,ΕΝΤΑΛΜΑ ΠΛΗΡΩΜΗΣ ΕΝΟΡΑΣΙΣ Α.Ε. (094503580),094503580,ΕΝΟΡΑΣΙΣ Α.Ε. (094503580),1338.21,,
Ψ1ΤΑ4690ΒΧ-ΗΙΒ,2023-09-19,ΕΝΤΑΛΜΑ ΠΛΗΡΩΜΗΣ ΕΛΛΗΝ.ΕΠΙΤΡ.ΑΤΟΜΙΚΗΣ ΕΝΕΡΓΕΙΑΣ (090085792),090085792,ΕΛΛΗΝ.ΕΠΙΤΡ.ΑΤΟΜΙΚΗΣ ΕΝΕΡΓΕΙΑΣ (090085792),257.92,,
6ΛΚΒ4690ΒΧ-Τ6Ξ,2023-09-19,ΕΝΤΑΛΜΑ ΠΛΗΡΩΜΗΣ ΓΡΑΨΑΣ ΑΘΑΝΑΣΙΟΣ (053715965),053715965,ΓΡΑΨΑΣ ΑΘΑΝΑΣΙΟΣ (053715965),595.35,,
9ΚΠΒ4690ΒΧ-ΗΒ5,2023-09-07,ΕΝΤΑΛΜΑ ΠΛΗΡΩΜΗΣ ΑΦΟΙ ΖΥΡΙΧΙΔΗ Ο.Ε (091282761),091282761,ΑΦΟΙ ΖΥΡΙΧΙΔΗ Ο.Ε (091282761),333.18,,
90Ψ74690ΒΧ-Θ7Η,2023-09-19,ΕΝΤΑΛΜΑ ΠΛΗΡΩΜΗΣ WiLO HELLAS ΜΟΝΟΠΡΟΣΩΠΗ Α.Β.Ε.Ε (094061750),094061750,WiLO HELLAS ΜΟΝΟΠΡΟΣΩΠΗ Α.Β.Ε.Ε (094061750),185.93,,
Ρ6Ρ14690ΒΧ-Ν00,2023-09-19,ΕΝΤΑΛΜΑ ΠΛΗΡΩΜΗΣ TRANE HELLAS A.E (098032885),098032885,TRANE HELLAS A.E (098032885),2752.8,,
6ΤΔ44690ΒΧ-ΤΒΖ,2023-09-07,ΕΝΤΑΛΜΑ ΠΛΗΡΩΜΗΣ PAUL HARTMANN Hellas A.E. (999862491),999862491,PAUL HARTMANN Hellas A.E. (999862491),483.12,,
97994690ΒΧ-ΩΨΝ,2023-09-19,ΕΝΤΑΛΜΑ ΠΛΗΡΩΜΗΣ KARL STORZ-ΕΝΔΟΣΚΟΠΙΑ ΕΛΛΑΔΟΣ Ε.Π.Ε (998361490),998361490,KARL STORZ-ΕΝΔΟΣΚΟΠΙΑ ΕΛΛΑΔΟΣ Ε.Π.Ε (998361490),2852.0,,
ΨΡΠ14690ΒΧ-1Γ0,2023-09-19,ΕΝΤΑΛΜΑ ΠΛΗΡΩΜΗΣ INTER MEDICA ΕΜΜ.Τ.ΤΖΑΝΙΔΑΚΗΣ (011651035),011651035,INTER MEDICA ΕΜΜ.Τ.ΤΖΑΝΙΔΑΚΗΣ (011651035),111.6,,
ΨΝ2Κ4690ΒΧ-ΕΩΙ,2023-09-19,ΕΝΤΑΛΜΑ ΠΛΗΡΩΜΗΣ INTER MEDICA ΕΜΜ.Τ.ΤΖΑΝΙΔΑΚΗΣ (011651035),011651035,INTER MEDICA ΕΜΜ.Τ.ΤΖΑΝΙΔΑΚΗΣ (011651035),310.0,,
6ΝΕΦ4690ΒΧ-ΜΥΚ,2023-09-13,ΕΝΤΑΛΜΑ ΠΛΗΡΩΜΗΣ HAMED-ΧΑΛΑΜΠΑΛΑΚΗΣ Α.Ε (094313759),094313759,HAMED-ΧΑΛΑΜΠΑΛΑΚΗΣ Α.Ε (094313759),2604.0,,
ΨΝΑ24690ΒΧ-ΣΕΠ,2023-09-19,ΕΝΤΑΛΜΑ ΠΛΗΡΩΜΗΣ BUSE GAS A.E (997598041),997598041,BUSE GAS A.E (997598041),1419.8,,
94Ν14690ΒΧ-Ν6Τ,2023-09-13,ΕΝΤΑΛΜΑ ΠΛΗΡΩΜΗΣ ΣΤΡΑΤΗΣ ΝΙΚ.ΑΡΑΒΑΝΗΣ ΣΙΑ Ο.Ε (092053060),092053060,ΣΤΡΑΤΗΣ ΝΙΚ.ΑΡΑΒΑΝΗΣ ΣΙΑ Ο.Ε (092053060),161.82,,
9Ψ1Τ4690ΒΧ-9ΥΧ,2023-09-13,ΕΝΤΑΛΜΑ ΠΛΗΡΩΜΗΣ ΝΙΚΟΛΑΟΣ ΚΟΥΡΤΗΣ   ΣΙΑ Ε.Ε (997915143),997915143,ΝΙΚΟΛΑΟΣ ΚΟΥΡΤΗΣ   ΣΙΑ Ε.Ε (997915143),762.75,,
9ΚΖΒ4690ΒΧ-ΜΒΣ,2023-09-13,ΕΝΤΑΛΜΑ ΠΛΗΡΩΜΗΣ ΜΠΑΛΑΣΚΑΣ ΓΕΩΡΓΙΟΣ (073571028),073571028,ΜΠΑΛΑΣΚΑΣ ΓΕΩΡΓΙΟΣ (073571028),679.38,,
6Σ8Ρ4690ΒΧ-ΟΟΜ,2023-09-13,ΕΝΤΑΛΜΑ ΠΛΗΡΩΜΗΣ ΜΠΑΛΑΣΚΑΣ ΓΕΩΡΓΙΟΣ (073571028),073571028,ΜΠΑΛΑΣΚΑΣ ΓΕΩΡΓΙΟΣ (073571028),588.52,,
ΨΨ0Ξ4690ΒΧ-ΚΗΑ,2023-09-13,ΕΝΤΑΛΜΑ ΠΛΗΡΩΜΗΣ ΚΟΝΤΟΓΙΑΝΝΗ ΟΥΡΑΝΙΑ (301366552),301366552,ΚΟΝΤΟΓΙΑΝΝΗ ΟΥΡΑΝΙΑ (301366552),3151.06,,
ΩΜΣΔ4690ΒΧ-6ΛΑ,2023-09-13,ΕΝΤΑΛΜΑ ΠΛΗΡΩΜΗΣ ΚΑΚΑΒΟΣ Ι.ΔΗΜΗΤΡΙΟΣ (119540879),119540879,ΚΑΚΑΒΟΣ Ι.ΔΗΜΗΤΡΙΟΣ (119540879),4874.63,,
ΩΧΥΞ4690ΒΧ-ΕΜΤ,2023-09-06,ΕΝΤΑΛΜΑ ΠΛΗΡΩΜΗΣ ΕΥΣΤΑΘΙΟΣ Γ.ΤΣΙΓΚΡΗΣ Ε.Π.Ε. (999893375),999893375,ΕΥΣΤΑΘΙΟΣ Γ.ΤΣΙΓΚΡΗΣ Ε.Π.Ε. (999893375),5941.51,,
69ΩΕ4690ΒΧ-ΧΧ5,2023-09-13,ΕΝΤΑΛΜΑ ΠΛΗΡΩΜΗΣ ΕΞΟΠΛΙΣΤΙΚΗ ΛΕΥΚΑΔΑΣ (801720654),801720654,ΕΞΟΠΛΙΣΤΙΚΗ ΛΕΥΚΑΔΑΣ (801720654),1581.25,,
9Ξ1Ξ4690ΒΧ-ΑΡΑ,2023-09-13,ΕΝΤΑΛΜΑ ΠΛΗΡΩΜΗΣ ΔΟΥΚΑΣ ΝΙΚΟΛΑΟΣ (049685100),049685100,ΔΟΥΚΑΣ ΝΙΚΟΛΑΟΣ (049685100),139.5,,
6ΣΠ74690ΒΧ-ΒΘ8,2023-09-13,ΕΝΤΑΛΜΑ ΠΛΗΡΩΜΗΣ ΓΡΑΨΑΣ Κ. ΤΗΛΕΜΑΧΟΣ (045165582),045165582,ΓΡΑΨΑΣ Κ. ΤΗΛΕΜΑΧΟΣ (045165582),60.0,,
9ΩΖΟ4690ΒΧ-9ΩΗ,2023-09-13,ΕΝΤΑΛΜΑ ΠΛΗΡΩΜΗΣ Α.ΜΗΤΣΟΥΡΑ - Ε.ΣΤΑΥΡΑΚΑΣ   ΣΙΑ Ο.Ε (092052246),092052246,Α.ΜΗΤΣΟΥΡΑ - Ε.ΣΤΑΥΡΑΚΑΣ   ΣΙΑ Ο.Ε (092052246),407.1,,
ΩΝΩ04690ΒΧ-4Θ7,2023-09-13,ΕΝΤΑΛΜΑ ΠΛΗΡΩΜΗΣ Α.ΜΗΤΣΟΥΡΑ - Ε.ΣΤΑΥΡΑΚΑΣ   ΣΙΑ Ο.Ε (092052246),092052246,Α.ΜΗΤΣΟΥΡΑ - Ε.ΣΤΑΥΡΑΚΑΣ   ΣΙΑ Ο.Ε (092052246),88.04,,
64ΘΟ4690ΒΧ-ΦΔΞ,2023-09-13,ΕΝΤΑΛΜΑ ΠΛΗΡΩΜΗΣ TYPO-CENTER ΓΕΡ.ΒΕΡΓΙΝΗΣ (028558054),028558054,TYPO-CENTER ΓΕΡ.ΒΕΡΓΙΝΗΣ (028558054),115.23,,
9ΣΟ14690ΒΧ-ΟΟ2,2023-09-13,ΕΝΤΑΛΜΑ ΠΛΗΡΩΜΗΣ Rain bow waters (099328240),099328240,Rain bow waters (099328240),48.01,,
9ΔΔΥ4690ΒΧ-Α47,2023-09-13,ΕΝΤΑΛΜΑ ΠΛΗΡΩΜΗΣ PROFI ΤΕΧΝΙΚΟ SUPER MARKET (800326038),800326038,PROFI ΤΕΧΝΙΚΟ SUPER MARKET (800326038),150.26,,
6ΞΚΠ4690ΒΧ-Ψ0Ζ,2023-09-06,ΕΝΤΑΛΜΑ ΠΛΗΡΩΜΗΣ OTIS ΕΛΛΑΣ ΜΟΝΟΠΡΟΣΩΠΗ ΑΝΩΝ.ΒΙΟΜ.   ΕΜΠ.ΤΕΧΝ.ΕΤΑΙΡΕΙΑ (094208578),094208578,OTIS ΕΛΛΑΣ ΜΟΝΟΠΡΟΣΩΠΗ ΑΝΩΝ.ΒΙΟΜ.   ΕΜΠ.ΤΕΧΝ.ΕΤΑΙΡΕΙΑ (094208578),2165.9,,
6ΔΟΝ4690ΒΧ-ΩΨΚ,2023-09-06,ΕΝΤΑΛΜΑ ΠΛΗΡΩΜΗΣ COMPUTER SOLUTIONS ΑΝΩΝΥΜΗ (095403136),095403136,COMPUTER SOLUTIONS ΑΝΩΝΥΜΗ (095403136),9506.66,,
6ΒΘΥ4690ΒΧ-ΕΤΜ,2023-09-08,ΕΝΤΑΛΜΑ ΠΛΗΡΩΜΗΣ iDX P.C (800725375),800725375,iDX P.C (800725375),2857.92,,
6ΨΥΓ4690ΒΧ-ΖΕΛ,2023-09-08,ΕΝΤΑΛΜΑ ΠΛΗΡΩΜΗΣ iDX P.C (800725375),800725375,iDX P.C (800725375),2544.0,,
ΨΟΤΧ4690ΒΧ-ΝΣΗ,2023-09-08,ΕΝΤΑΛΜΑ ΠΛΗΡΩΜΗΣ ΒΕΡΟΝΙΚΑ ΜΟΥΚΑ τ. ΚΩΝ/ΝΟΥ (136677323),136677323,ΒΕΡΟΝΙΚΑ ΜΟΥΚΑ τ. ΚΩΝ/ΝΟΥ (136677323),1144.67,,
6ΤΔΙ4690ΒΧ-ΤΙΑ,2023-09-08,ΕΝΤΑΛΜΑ ΠΛΗΡΩΜΗΣ ΒΕΡΟΝΙΚΑ ΜΟΥΚΑ τ. ΚΩΝ/ΝΟΥ (136677323),136677323,ΒΕΡΟΝΙΚΑ ΜΟΥΚΑ τ. ΚΩΝ/ΝΟΥ (136677323),1266.18,,
ΨΞ5Ι4690ΒΧ-Θ7Κ,2023-09-08,ΕΝΤΑΛΜΑ ΠΛΗΡΩΜΗΣ ΒΕΡΟΝΙΚΑ ΜΟΥΚΑ τ. ΚΩΝ/ΝΟΥ (136677323),136677323,ΒΕΡΟΝΙΚΑ ΜΟΥΚΑ τ. ΚΩΝ/ΝΟΥ (136677323),1147.63,,
Ψ1Ξ94690ΒΧ-5ΕΤ,2023-09-08,ΕΝΤΑΛΜΑ ΠΛΗΡΩΜΗΣ ΒΕΡΟΝΙΚΑ ΜΟΥΚΑ τ. ΚΩΝ/ΝΟΥ (136677323),136677323,ΒΕΡΟΝΙΚΑ ΜΟΥΚΑ τ. ΚΩΝ/ΝΟΥ (136677323),1421.77,,
61Β04690ΒΧ-ΜΙΟ,2023-09-08,ΕΝΤΑΛΜΑ ΠΛΗΡΩΜΗΣ ΒΕΡΟΝΙΚΑ ΜΟΥΚΑ τ. ΚΩΝ/ΝΟΥ (136677323),136677323,ΒΕΡΟΝΙΚΑ ΜΟΥΚΑ τ. ΚΩΝ/ΝΟΥ (136677323),1026.16,,
ΨΜΧ94690ΒΧ-ΛΒ1,2023-09-08,ΕΝΤΑΛΜΑ ΠΛΗΡΩΜΗΣ ΒΕΡΟΝΙΚΑ ΜΟΥΚΑ τ. ΚΩΝ/ΝΟΥ (136677323),136677323,ΒΕΡΟΝΙΚΑ ΜΟΥΚΑ τ. ΚΩΝ/ΝΟΥ (136677323),1041.23,,
6ΔΛ64690ΒΧ-8Ν9,2023-09-08,ΕΝΤΑΛΜΑ ΠΛΗΡΩΜΗΣ ΒΕΡΟΝΙΚΑ ΜΟΥΚΑ τ. ΚΩΝ/ΝΟΥ (136677323),136677323,ΒΕΡΟΝΙΚΑ ΜΟΥΚΑ τ. ΚΩΝ/ΝΟΥ (136677323),1354.77,,
674Λ4690ΒΧ-0ΣΙ,2023-09-08,ΕΝΤΑΛΜΑ ΠΛΗΡΩΜΗΣ ΒΕΡΟΝΙΚΑ ΜΟΥΚΑ τ. ΚΩΝ/ΝΟΥ (136677323),136677323,ΒΕΡΟΝΙΚΑ ΜΟΥΚΑ τ. ΚΩΝ/ΝΟΥ (136677323),1246.74,,
6ΡΧΦ4690ΒΧ-84Η,2023-09-06,ΕΝΤΑΛΜΑ ΠΛΗΡΩΜΗΣ BIOTRANS A.E (999506681),999506681,BIOTRANS A.E (999506681),1004.4,,
ΨΤΒΓ4690ΒΧ-Ψ9Ω,2023-09-06,ΕΝΤΑΛΜΑ ΠΛΗΡΩΜΗΣ HEALTHCARE EXPERIENCE A.E ΟΛΟΚΛ.ΛΥΣ.ΙΑΤΡ. ΠΛ.ΙΑΤΡ.ΕΞ.-ΛΟΓ.  ΥΠΗΡ. (997800874),997800874,HEALTHCARE EXPERIENCE A.E ΟΛΟΚΛ.ΛΥΣ.ΙΑΤΡ. ΠΛ.ΙΑΤΡ.ΕΞ.-ΛΟΓ.  ΥΠΗΡ. (997800874),1023.0,,
ΨΙ044690ΒΧ-ΨΣΟ,2023-09-06,ΕΝΤΑΛΜΑ ΠΛΗΡΩΜΗΣ ΑΠ.Γ.ΠΑΠΟΥΔΗΣ   ΥΙΟΣ Α.Ε (094512503),094512503,ΑΠ.Γ.ΠΑΠΟΥΔΗΣ   ΥΙΟΣ Α.Ε (094512503),2480.0,,
9ΒΒΟ4690ΒΧ-ΡΘ9,2023-09-06,ΕΝΤΑΛΜΑ ΠΛΗΡΩΜΗΣ ΤΕΜΑΚ (094279934),094279934,ΤΕΜΑΚ (094279934),3100.0,,
6ΠΣΗ4690ΒΧ-Δ4Χ,2023-08-24,ΕΝΤΑΛΜΑ ΠΛΗΡΩΜΗΣ SCITEC ΙΑΤΡΙΚΑ ΣΥΣΤΗΜΑΤΑ Ε.Ε (094457478),094457478,SCITEC ΙΑΤΡΙΚΑ ΣΥΣΤΗΜΑΤΑ Ε.Ε (094457478),106.02,,
9ΧΙΗ4690ΒΧ-ΗΜΤ,2023-08-24,ΕΝΤΑΛΜΑ ΠΛΗΡΩΜΗΣ VAKTRO SCIENTIFIC ΣΤΑΥΡΟΣ ΑΓΓΕΛΟΠΟΥΛΟΣ   ΣΙΑ Ο.Ε (084221869),084221869,VAKTRO SCIENTIFIC ΣΤΑΥΡΟΣ ΑΓΓΕΛΟΠΟΥΛΟΣ   ΣΙΑ Ο.Ε (084221869),4579.2,,
ΨΦΞΞ4690ΒΧ-106,2023-08-24,ΕΝΤΑΛΜΑ ΠΛΗΡΩΜΗΣ VAKTRO SCIENTIFIC ΣΤΑΥΡΟΣ ΑΓΓΕΛΟΠΟΥΛΟΣ   ΣΙΑ Ο.Ε (084221869),084221869,VAKTRO SCIENTIFIC ΣΤΑΥΡΟΣ ΑΓΓΕΛΟΠΟΥΛΟΣ   ΣΙΑ Ο.Ε (084221869),1542.4,,
6ΣΧΖ4690ΒΧ-Π6Ο,2023-08-24,ΕΝΤΑΛΜΑ ΠΛΗΡΩΜΗΣ VAKTRO SCIENTIFIC ΣΤΑΥΡΟΣ ΑΓΓΕΛΟΠΟΥΛΟΣ   ΣΙΑ Ο.Ε (084221869),084221869,VAKTRO SCIENTIFIC ΣΤΑΥΡΟΣ ΑΓΓΕΛΟΠΟΥΛΟΣ   ΣΙΑ Ο.Ε (084221869),3052.8,,
6Ν1Ω4690ΒΧ-9Ψ2,2023-08-24,ΕΝΤΑΛΜΑ ΠΛΗΡΩΜΗΣ ΠΑΥΛΟΣ ΑΡΝΑΟΥΤΗΣ Α.Ε. (094178060),094178060,ΠΑΥΛΟΣ ΑΡΝΑΟΥΤΗΣ Α.Ε. (094178060),925.5,,
Ψ2974690ΒΧ-Α1Ρ,2023-08-24,ΕΝΤΑΛΜΑ ΠΛΗΡΩΜΗΣ MEDICON HELLAS A.E. (094240321),094240321,MEDICON HELLAS A.E. (094240321),2222.0,,
9ΘΨΘ4690ΒΧ-Η86,2023-08-24,ΕΝΤΑΛΜΑ ΠΛΗΡΩΜΗΣ ABBOTT LABORATORIES(ΕΛΛΑΣ)ABEE (094027257),094027257,ABBOTT LABORATORIES(ΕΛΛΑΣ)ABEE (094027257),9752.0,,
ΩΖ024690ΒΧ-5ΘΙ,2023-08-25,ΕΝΤΑΛΜΑ ΠΛΗΡΩΜΗΣ Clini Care M.Ε.Π.Ε. (999287719),999287719,Clini Care M.Ε.Π.Ε. (999287719),73.42,,
6Μ9Η4690ΒΧ-ΓΣΨ,2023-08-25,ΕΝΤΑΛΜΑ ΠΛΗΡΩΜΗΣ ΟΡΑΚΕΛ ΕΛΛΑΣ ΜΟΝ.ΕΠΕ (999466722),999466722,ΟΡΑΚΕΛ ΕΛΛΑΣ ΜΟΝ.ΕΠΕ (999466722),235.6,,
ΨΝ604690ΒΧ-ΩΜΕ,2023-08-24,ΕΝΤΑΛΜΑ ΠΛΗΡΩΜΗΣ Y-LOGIMED  Μ.Α.Ε (094446034),094446034,Y-LOGIMED  Μ.Α.Ε (094446034),744.0,,
6ΒΓ34690ΒΧ-3ΑΗ,2023-08-24,ΕΝΤΑΛΜΑ ΠΛΗΡΩΜΗΣ ΧΑΤΖΗΑΝΑΣΤΑΣΙΟΥ Χ.  ΣΙΑ Ο.Ε (999735059),999735059,ΧΑΤΖΗΑΝΑΣΤΑΣΙΟΥ Χ.  ΣΙΑ Ο.Ε (999735059),3958.1,,
Ψ58Κ4690ΒΧ-ΞΧΡ,2023-08-24,ΕΝΤΑΛΜΑ ΠΛΗΡΩΜΗΣ ΠΑΝ/ΜΙΟ ΑΘΗΝΩΝ-ΠΑΘ/ΓΙΚΟ ΑΝΑΤΟΜ (090145420),090145420,ΠΑΝ/ΜΙΟ ΑΘΗΝΩΝ-ΠΑΘ/ΓΙΚΟ ΑΝΑΤΟΜ (090145420),1114.91,,
6ΖΤΔ4690ΒΧ-ΙΩΒ,2023-08-24,ΕΝΤΑΛΜΑ ΠΛΗΡΩΜΗΣ ΞΕΝΟΦΩΝ ΓΕΡΜΑΝΟΣ Α.Ε.Ε. (094326835),094326835,ΞΕΝΟΦΩΝ ΓΕΡΜΑΝΟΣ Α.Ε.Ε. (094326835),148.14,,
ΨΨΡΤ4690ΒΧ-4ΑΛ,2023-08-24,ΕΝΤΑΛΜΑ ΠΛΗΡΩΜΗΣ ΝΟΣΟΚΟΜΕΙΑΚΗ ΓΡΑΜΜΗ Α.Ε (094396063),094396063,ΝΟΣΟΚΟΜΕΙΑΚΗ ΓΡΑΜΜΗ Α.Ε (094396063),2678.1,,
Ψ6ΒΜ4690ΒΧ-ΘΒΥ,2023-08-24,ΕΝΤΑΛΜΑ ΠΛΗΡΩΜΗΣ ΝΙΚ.Ι.ΛΑΊΝΙΩΤΗΣ Α.Ε.Β.Ε (093628458),093628458,ΝΙΚ.Ι.ΛΑΊΝΙΩΤΗΣ Α.Ε.Β.Ε (093628458),337.87,,
Ψ9ΜΤ4690ΒΧ-Υ1Π,2023-08-24,ΕΝΤΑΛΜΑ ΠΛΗΡΩΜΗΣ ΝΙΚ.Ι.ΛΑΊΝΙΩΤΗΣ Α.Ε.Β.Ε (093628458),093628458,ΝΙΚ.Ι.ΛΑΊΝΙΩΤΗΣ Α.Ε.Β.Ε (093628458),1349.58,,
6ΟΞΥ4690ΒΧ-5ΡΝ,2023-08-24,ΕΝΤΑΛΜΑ ΠΛΗΡΩΜΗΣ ΜΑΓΕΙΡΑΣ ΔΙΑΓΝ.ΜΗΧΑΝΗΜΑΤΑ Α.Ε. (095444407),095444407,ΜΑΓΕΙΡΑΣ ΔΙΑΓΝ.ΜΗΧΑΝΗΜΑΤΑ Α.Ε. (095444407),62.0,,
9ΤΗΟ4690ΒΧ-ΘΧΩ,2023-08-24,ΕΝΤΑΛΜΑ ΠΛΗΡΩΜΗΣ ΒΕΡΜΑ ΝΤΡΑΓΚΣ ΑΒΕΕ (099363426),099363426,ΒΕΡΜΑ ΝΤΡΑΓΚΣ ΑΒΕΕ (099363426),2350.67,,
6ΨΨ94690ΒΧ-Φ09,2023-08-24,ΕΝΤΑΛΜΑ ΠΛΗΡΩΜΗΣ ΑΣΤΡΙΣ ΑΝΑΠΤΥΞΗ ΜΟΝΑΔΩΝ ΥΓΕΙΑΣ ΕΠΕ (999056180),999056180,ΑΣΤΡΙΣ ΑΝΑΠΤΥΞΗ ΜΟΝΑΔΩΝ ΥΓΕΙΑΣ ΕΠΕ (999056180),414.42,,
9Μ234690ΒΧ-ΑΧΘ,2023-08-24,ΕΝΤΑΛΜΑ ΠΛΗΡΩΜΗΣ MILONAS HEALTH A.E. (998179225),998179225,MILONAS HEALTH A.E. (998179225),477.93,,
ΨΩΗΝ4690ΒΧ-30Φ,2023-08-24,ΕΝΤΑΛΜΑ ΠΛΗΡΩΜΗΣ Johnson   Johnson Medical Greece Μονοπρόσωπη Α.Ε. (801858262),801858262,Johnson   Johnson Medical Greece Μονοπρόσωπη Α.Ε. (801858262),2566.8,,
61ΦΖ4690ΒΧ-3ΚΟ,2023-08-24,ΕΝΤΑΛΜΑ ΠΛΗΡΩΜΗΣ INSIDE ΙΑΤΡΙΚΕΣ ΤΕΧΝΟΛΟΓΙΕΣ ΜΟΝΟΠΡΟΣΩΠΗ Ι.Κ.Ε. (800777790),800777790,INSIDE ΙΑΤΡΙΚΕΣ ΤΕΧΝΟΛΟΓΙΕΣ ΜΟΝΟΠΡΟΣΩΠΗ Ι.Κ.Ε. (800777790),175.38,,
6ΛΒΠ4690ΒΧ-19Υ,2023-08-24,ΕΝΤΑΛΜΑ ΠΛΗΡΩΜΗΣ ECOLIGHT ΜΑΦΡΕΔΟΣ Δ   ΣΙΑ Ε.Ε. (998414961),998414961,ECOLIGHT ΜΑΦΡΕΔΟΣ Δ   ΣΙΑ Ε.Ε. (998414961),119.04,,
ΨΨΦΛ4690ΒΧ-ΥΟΣ,2023-08-24,ΕΝΤΑΛΜΑ ΠΛΗΡΩΜΗΣ DEMO A.Β.Ε.E. (094041553),094041553,DEMO A.Β.Ε.E. (094041553),1210.94,,
6ΣΨ64690ΒΧ-3ΦΠ,2023-08-24,ΕΝΤΑΛΜΑ ΠΛΗΡΩΜΗΣ ΑΡΗΤΗ Α.Ε. (094251753),094251753,ΑΡΗΤΗ Α.Ε. (094251753),3730.78,,
6ΧΦΛ4690ΒΧ-ΚΣΠ,2023-08-24,ΕΝΤΑΛΜΑ ΠΛΗΡΩΜΗΣ V   L VIOLAK INTERNATIONAL A.E (099370337),099370337,V   L VIOLAK INTERNATIONAL A.E (099370337),55.43,,
ΡΩΟΟ4690ΒΧ-4ΔΟ,2023-08-24,ΕΝΤΑΛΜΑ ΠΛΗΡΩΜΗΣ V   L VIOLAK INTERNATIONAL A.E (099370337),099370337,V   L VIOLAK INTERNATIONAL A.E (099370337),264.19,,
ΩΖΚ54690ΒΧ-ΖΡΨ,2023-08-24,ΕΝΤΑΛΜΑ ΠΛΗΡΩΜΗΣ KARL STORZ-ΕΝΔΟΣΚΟΠΙΑ ΕΛΛΑΔΟΣ Ε.Π.Ε (998361490),998361490,KARL STORZ-ΕΝΔΟΣΚΟΠΙΑ ΕΛΛΑΔΟΣ Ε.Π.Ε (998361490),1388.8,,
68Ι24690ΒΧ-ΡΦΜ,2024-06-05,ΕΝΤΑΛΜΑ ΠΛΗΡΩΜΗΣ '' C   P MEDICALS O.E'' (800392564),800392564,'' C   P MEDICALS O.E'' (800392564),2260.0,,
ΡΘΠΖ4690ΒΧ-1ΞΠ,2024-06-11,ΕΝΤΑΛΜΑ ΠΛΗΡΩΜΗΣ ΚΑΙΝΟΤΟΜΙΑ Α.Ε. (999399139),999399139,ΚΑΙΝΟΤΟΜΙΑ Α.Ε. (999399139),11160.0,,
6ΓΥΚ4690ΒΧ-54Π,2024-06-05,ΕΝΤΑΛΜΑ ΠΛΗΡΩΜΗΣ ZIMMER BIOMET ΕΛΛΑΣ ΜΟΝ/ΠΗ Α.Ε (094437885),094437885,ZIMMER BIOMET ΕΛΛΑΣ ΜΟΝ/ΠΗ Α.Ε (094437885),2233.8,,
ΨΒ2Χ4690ΒΧ-ΨΓΩ,2024-06-05,ΕΝΤΑΛΜΑ ΠΛΗΡΩΜΗΣ ZIMMER BIOMET ΕΛΛΑΣ ΜΟΝ/ΠΗ Α.Ε (094437885),094437885,ZIMMER BIOMET ΕΛΛΑΣ ΜΟΝ/ΠΗ Α.Ε (094437885),3796.8,,
ΡΟ384690ΒΧ-81Φ,2024-06-12,ΕΝΤΑΛΜΑ ΠΛΗΡΩΜΗΣ SIEMENS HEALTHINEERS A.E. (094456875),094456875,SIEMENS HEALTHINEERS A.E. (094456875),3824.62,,
Ψ77Κ4690ΒΧ-ΝΤΞ,2024-06-12,ΕΝΤΑΛΜΑ ΠΛΗΡΩΜΗΣ SIEMENS HEALTHINEERS A.E. (094456875),094456875,SIEMENS HEALTHINEERS A.E. (094456875),3824.62,,
9ΧΩΔ4690ΒΧ-51Α,2024-06-12,ΕΝΤΑΛΜΑ ΠΛΗΡΩΜΗΣ OTIS ΕΛΛΑΣ ΜΟΝΟΠΡΟΣΩΠΗ ΑΝΩΝ.ΒΙΟΜ.   ΕΜΠ.ΤΕΧΝ.ΕΤΑΙΡΕΙΑ (094208578),094208578,OTIS ΕΛΛΑΣ ΜΟΝΟΠΡΟΣΩΠΗ ΑΝΩΝ.ΒΙΟΜ.   ΕΜΠ.ΤΕΧΝ.ΕΤΑΙΡΕΙΑ (094208578),2279.0,,
9ΛΞ54690ΒΧ-Π0Λ,2024-06-11,ΕΝΤΑΛΜΑ ΠΛΗΡΩΜΗΣ HOSPITECNICA ΕΠΕ (095526068),095526068,HOSPITECNICA ΕΠΕ (095526068),12009.41,,
Ρ9ΖΕ4690ΒΧ-Ω01,2024-06-11,ΕΝΤΑΛΜΑ ΠΛΗΡΩΜΗΣ HOSPITECNICA ΕΠΕ (095526068),095526068,HOSPITECNICA ΕΠΕ (095526068),3688.59,,
Ρ4ΞΩ4690ΒΧ-ΜΘΨ,2024-06-11,ΕΝΤΑΛΜΑ ΠΛΗΡΩΜΗΣ GE HEALTHCARE (094472918),094472918,GE HEALTHCARE (094472918),10540.0,,
ΨΤΦΘ4690ΒΧ-ΥΩΒ,2024-06-11,ΕΝΤΑΛΜΑ ΠΛΗΡΩΜΗΣ COMPUTER SOLUTIONS ΑΝΩΝΥΜΗ (095403136),095403136,COMPUTER SOLUTIONS ΑΝΩΝΥΜΗ (095403136),9506.66,,
6ΑΠΡ4690ΒΧ-ΚΜΩ,2024-06-12,ΕΝΤΑΛΜΑ ΠΛΗΡΩΜΗΣ C.Ι.T.Y CARS Ε.Π.Ε ΝΙΚ.ΠΑΠΑΝΤΩΝΙΟΥ ΙΩΑΝ.ΠΑΠΑΝΙΚΟΛΑΟΥ Ε.Π.Ε (998166696),998166696,C.Ι.T.Y CARS Ε.Π.Ε ΝΙΚ.ΠΑΠΑΝΤΩΝΙΟΥ ΙΩΑΝ.ΠΑΠΑΝΙΚΟΛΑΟΥ Ε.Π.Ε (998166696),101.64,,
90ΩΞ4690ΒΧ-ΦΣ3,2024-06-12,ΕΝΤΑΛΜΑ ΠΛΗΡΩΜΗΣ C.Ι.T.Y CARS Ε.Π.Ε ΝΙΚ.ΠΑΠΑΝΤΩΝΙΟΥ ΙΩΑΝ.ΠΑΠΑΝΙΚΟΛΑΟΥ Ε.Π.Ε (998166696),998166696,C.Ι.T.Y CARS Ε.Π.Ε ΝΙΚ.ΠΑΠΑΝΤΩΝΙΟΥ ΙΩΑΝ.ΠΑΠΑΝΙΚΟΛΑΟΥ Ε.Π.Ε (998166696),845.47,,
6ΛΕΔ4690ΒΧ-Ρ9Ε,2024-06-12,ΕΝΤΑΛΜΑ ΠΛΗΡΩΜΗΣ BUSE GAS A.E (997598041),997598041,BUSE GAS A.E (997598041),2687.94,,
9ΣΩΔ4690ΒΧ-ΤΕΚ,2024-06-12,ΕΝΤΑΛΜΑ ΠΛΗΡΩΜΗΣ BUSE GAS A.E (997598041),997598041,BUSE GAS A.E (997598041),2163.16,,
9ΨΔΗ4690ΒΧ-Φ5Κ,2024-06-12,ΕΝΤΑΛΜΑ ΠΛΗΡΩΜΗΣ BUSE GAS A.E (997598041),997598041,BUSE GAS A.E (997598041),2839.6,,
6ΜΦΟ4690ΒΧ-ΦΨΨ,2024-06-12,ΕΝΤΑΛΜΑ ΠΛΗΡΩΜΗΣ BUSE GAS A.E (997598041),997598041,BUSE GAS A.E (997598041),2839.6,,
9Ι3Κ4690ΒΧ-Ι73,2024-06-07,ΕΝΤΑΛΜΑ ΠΛΗΡΩΜΗΣ ΚΩΣΤΑΣ Ν. ΚΑΤΗΦΟΡΗΣ (029541936),029541936,ΚΩΣΤΑΣ Ν. ΚΑΤΗΦΟΡΗΣ (029541936),372.0,,
Ρ42Ε4690ΒΧ-Χ5Υ,2024-06-12,ΕΝΤΑΛΜΑ ΠΛΗΡΩΜΗΣ ΠΑΝ/ΜΙΟ ΑΘΗΝΩΝ-ΠΑΘ/ΓΙΚΟ ΑΝΑΤΟΜ (090145420),090145420,ΠΑΝ/ΜΙΟ ΑΘΗΝΩΝ-ΠΑΘ/ΓΙΚΟ ΑΝΑΤΟΜ (090145420),1463.08,,
9ΟΝΟ4690ΒΧ-7ΘΗ,2024-06-12,ΕΝΤΑΛΜΑ ΠΛΗΡΩΜΗΣ ΛΟΥΛΟΥΔΗΣ ΛΕΩΝΙΔΑΣ ΜΟΝ. ΙΚΕ (801458499),801458499,ΛΟΥΛΟΥΔΗΣ ΛΕΩΝΙΔΑΣ ΜΟΝ. ΙΚΕ (801458499),1012.66,,
9Χ814690ΒΧ-2ΗΛ,2024-06-05,ΕΝΤΑΛΜΑ ΠΛΗΡΩΜΗΣ ZIMMER BIOMET ΕΛΛΑΣ ΜΟΝ/ΠΗ Α.Ε (094437885),094437885,ZIMMER BIOMET ΕΛΛΑΣ ΜΟΝ/ΠΗ Α.Ε (094437885),3604.28,,
6ΥΑΒ4690ΒΧ-80Ψ,2024-06-05,ΕΝΤΑΛΜΑ ΠΛΗΡΩΜΗΣ ZIMMER BIOMET ΕΛΛΑΣ ΜΟΝ/ΠΗ Α.Ε (094437885),094437885,ZIMMER BIOMET ΕΛΛΑΣ ΜΟΝ/ΠΗ Α.Ε (094437885),2950.22,,
ΨΖΙΓ4690ΒΧ-59Σ,2024-06-12,ΕΝΤΑΛΜΑ ΠΛΗΡΩΜΗΣ VETERY SERVICE HELLAS ΝΑΚΑΣ ΣΠΥΡΙΔΩΝ (061755570),061755570,VETERY SERVICE HELLAS ΝΑΚΑΣ ΣΠΥΡΙΔΩΝ (061755570),1625.0,,
94Η24690ΒΧ-ΨΘΗ,2024-06-12,ΕΝΤΑΛΜΑ ΠΛΗΡΩΜΗΣ HEALTHCARE EXPERIENCE A.E ΟΛΟΚΛ.ΛΥΣ.ΙΑΤΡ. ΠΛ.ΙΑΤΡ.ΕΞ.-ΛΟΓ.  ΥΠΗΡ. (997800874),997800874,HEALTHCARE EXPERIENCE A.E ΟΛΟΚΛ.ΛΥΣ.ΙΑΤΡ. ΠΛ.ΙΑΤΡ.ΕΞ.-ΛΟΓ.  ΥΠΗΡ. (997800874),1023.0,,
6Ζ514690ΒΧ-ΚΧ3,2024-04-25,ΕΝΤΑΛΜΑ ΠΛΗΡΩΜΗΣ DOLD FRACO Hellas Distribution (802113274),802113274,DOLD FRACO Hellas Distribution (802113274),8676.53,,
60Ο24690ΒΧ-Ψ6Δ,2024-06-05,ΕΝΤΑΛΜΑ ΠΛΗΡΩΜΗΣ ZIMMER BIOMET ΕΛΛΑΣ ΜΟΝ/ΠΗ Α.Ε (094437885),094437885,ZIMMER BIOMET ΕΛΛΑΣ ΜΟΝ/ΠΗ Α.Ε (094437885),4474.8,,
6ΔΘΟ4690ΒΧ-ΚΝ4,2024-06-05,ΕΝΤΑΛΜΑ ΠΛΗΡΩΜΗΣ ZIMMER BIOMET ΕΛΛΑΣ ΜΟΝ/ΠΗ Α.Ε (094437885),094437885,ZIMMER BIOMET ΕΛΛΑΣ ΜΟΝ/ΠΗ Α.Ε (094437885),4786.26,,
9ΕΟΚ4690ΒΧ-ΓΛΨ,2024-06-11,ΕΝΤΑΛΜΑ ΠΛΗΡΩΜΗΣ PublicSoft Ι.Κ.Ε. (800837416),800837416,PublicSoft Ι.Κ.Ε. (800837416),7853.34,,
6ΦΠΩ4690ΒΧ-ΨΝΠ,2024-06-11,ΕΝΤΑΛΜΑ ΠΛΗΡΩΜΗΣ COMPUTER SOLUTIONS ΑΝΩΝΥΜΗ (095403136),095403136,COMPUTER SOLUTIONS ΑΝΩΝΥΜΗ (095403136),3100.0,,
6ΔΙΚ4690ΒΧ-ΤΞΗ,2024-06-11,ΕΝΤΑΛΜΑ ΠΛΗΡΩΜΗΣ ΤΕΜΑΚ (094279934),094279934,ΤΕΜΑΚ (094279934),3664.2,,
6Ω314690ΒΧ-7Δ0,2024-06-11,ΕΝΤΑΛΜΑ ΠΛΗΡΩΜΗΣ ΤΕΜΑΚ (094279934),094279934,ΤΕΜΑΚ (094279934),3664.2,,
ΡΦΕΥ4690ΒΧ-Γ2Υ,2024-06-11,ΕΝΤΑΛΜΑ ΠΛΗΡΩΜΗΣ ΕΥΣΤΑΘΙΟΣ Γ.ΤΣΙΓΚΡΗΣ Ε.Π.Ε. (999893375),999893375,ΕΥΣΤΑΘΙΟΣ Γ.ΤΣΙΓΚΡΗΣ Ε.Π.Ε. (999893375),6722.56,,
94ΓΩ4690ΒΧ-37Φ,2024-06-11,ΕΝΤΑΛΜΑ ΠΛΗΡΩΜΗΣ ΕΛΛΗΝ.ΕΠΙΤΡ.ΑΤΟΜΙΚΗΣ ΕΝΕΡΓΕΙΑΣ (090085792),090085792,ΕΛΛΗΝ.ΕΠΙΤΡ.ΑΤΟΜΙΚΗΣ ΕΝΕΡΓΕΙΑΣ (090085792),248.0,,
9ΓΝΞ4690ΒΧ-ΞΟ9,2024-06-11,ΕΝΤΑΛΜΑ ΠΛΗΡΩΜΗΣ ΑΓΚΦΑ - ΓΚΕΒΕΡΤ ΑΕΒΕ (094025805),094025805,ΑΓΚΦΑ - ΓΚΕΒΕΡΤ ΑΕΒΕ (094025805),3504.24,,
ΨΝΣΞ4690ΒΧ-Η10,2024-06-11,ΕΝΤΑΛΜΑ ΠΛΗΡΩΜΗΣ WiLO HELLAS ΜΟΝΟΠΡΟΣΩΠΗ Α.Β.Ε.Ε (094061750),094061750,WiLO HELLAS ΜΟΝΟΠΡΟΣΩΠΗ Α.Β.Ε.Ε (094061750),740.4,,
685Ι4690ΒΧ-ΘΞΗ,2024-06-11,ΕΝΤΑΛΜΑ ΠΛΗΡΩΜΗΣ WiLO HELLAS ΜΟΝΟΠΡΟΣΩΠΗ Α.Β.Ε.Ε (094061750),094061750,WiLO HELLAS ΜΟΝΟΠΡΟΣΩΠΗ Α.Β.Ε.Ε (094061750),4966.2,,
6ΝΧΡ4690ΒΧ-8Α5,2024-06-11,ΕΝΤΑΛΜΑ ΠΛΗΡΩΜΗΣ HOSPITECNICA ΕΠΕ (095526068),095526068,HOSPITECNICA ΕΠΕ (095526068),3906.29,,
Ψ49Ι4690ΒΧ-ΦΘΘ,2024-06-07,ΕΝΤΑΛΜΑ ΠΛΗΡΩΜΗΣ ΒΕΡΟΝΙΚΑ ΜΟΥΚΑ τ. ΚΩΝ/ΝΟΥ (136677323),136677323,ΒΕΡΟΝΙΚΑ ΜΟΥΚΑ τ. ΚΩΝ/ΝΟΥ (136677323),1438.97,,
6ΗΕΚ4690ΒΧ-520,2024-06-07,ΕΝΤΑΛΜΑ ΠΛΗΡΩΜΗΣ ΒΕΡΟΝΙΚΑ ΜΟΥΚΑ τ. ΚΩΝ/ΝΟΥ (136677323),136677323,ΒΕΡΟΝΙΚΑ ΜΟΥΚΑ τ. ΚΩΝ/ΝΟΥ (136677323),1192.67,,
9ΥΘΧ4690ΒΧ-7ΞΤ,2024-06-07,ΕΝΤΑΛΜΑ ΠΛΗΡΩΜΗΣ ΒΕΡΟΝΙΚΑ ΜΟΥΚΑ τ. ΚΩΝ/ΝΟΥ (136677323),136677323,ΒΕΡΟΝΙΚΑ ΜΟΥΚΑ τ. ΚΩΝ/ΝΟΥ (136677323),25.3,,
936Π4690ΒΧ-ΝΜΑ,2024-06-07,ΕΝΤΑΛΜΑ ΠΛΗΡΩΜΗΣ ΒΕΡΟΝΙΚΑ ΜΟΥΚΑ τ. ΚΩΝ/ΝΟΥ (136677323),136677323,ΒΕΡΟΝΙΚΑ ΜΟΥΚΑ τ. ΚΩΝ/ΝΟΥ (136677323),1201.76,,
6Δ9Ν4690ΒΧ-ΣΨΔ,2024-06-07,ΕΝΤΑΛΜΑ ΠΛΗΡΩΜΗΣ ΒΕΡΟΝΙΚΑ ΜΟΥΚΑ τ. ΚΩΝ/ΝΟΥ (136677323),136677323,ΒΕΡΟΝΙΚΑ ΜΟΥΚΑ τ. ΚΩΝ/ΝΟΥ (136677323),818.21,,
ΨΖΦΒ4690ΒΧ-ΙΝΟ,2024-06-07,ΕΝΤΑΛΜΑ ΠΛΗΡΩΜΗΣ ΒΕΡΟΝΙΚΑ ΜΟΥΚΑ τ. ΚΩΝ/ΝΟΥ (136677323),136677323,ΒΕΡΟΝΙΚΑ ΜΟΥΚΑ τ. ΚΩΝ/ΝΟΥ (136677323),1256.12,,
Ψ9ΩΡ4690ΒΧ-8ΚΥ,2024-06-07,ΕΝΤΑΛΜΑ ΠΛΗΡΩΜΗΣ ΒΕΡΟΝΙΚΑ ΜΟΥΚΑ τ. ΚΩΝ/ΝΟΥ (136677323),136677323,ΒΕΡΟΝΙΚΑ ΜΟΥΚΑ τ. ΚΩΝ/ΝΟΥ (136677323),1290.61,,
62ΤΥ4690ΒΧ-ΗΟ8,2024-06-07,ΕΝΤΑΛΜΑ ΠΛΗΡΩΜΗΣ ΒΕΡΟΝΙΚΑ ΜΟΥΚΑ τ. ΚΩΝ/ΝΟΥ (136677323),136677323,ΒΕΡΟΝΙΚΑ ΜΟΥΚΑ τ. ΚΩΝ/ΝΟΥ (136677323),1158.91,,
65ΤΥ4690ΒΧ-ΘΓ5,2024-06-07,ΕΝΤΑΛΜΑ ΠΛΗΡΩΜΗΣ ΒΕΡΟΝΙΚΑ ΜΟΥΚΑ τ. ΚΩΝ/ΝΟΥ (136677323),136677323,ΒΕΡΟΝΙΚΑ ΜΟΥΚΑ τ. ΚΩΝ/ΝΟΥ (136677323),1227.2,,
Ψ2ΘΓ4690ΒΧ-ΡΦΚ,2024-06-07,ΕΝΤΑΛΜΑ ΠΛΗΡΩΜΗΣ ΒΕΡΟΝΙΚΑ ΜΟΥΚΑ τ. ΚΩΝ/ΝΟΥ (136677323),136677323,ΒΕΡΟΝΙΚΑ ΜΟΥΚΑ τ. ΚΩΝ/ΝΟΥ (136677323),1153.06,,
ΨΒ7Π4690ΒΧ-09Υ,2024-06-05,ΕΝΤΑΛΜΑ ΠΛΗΡΩΜΗΣ mediplat (800500360),800500360,mediplat (800500360),1397.93,,
69ΛΩ4690ΒΧ-344,2024-06-05,ΕΝΤΑΛΜΑ ΠΛΗΡΩΜΗΣ ZIMMER BIOMET ΕΛΛΑΣ ΜΟΝ/ΠΗ Α.Ε (094437885),094437885,ZIMMER BIOMET ΕΛΛΑΣ ΜΟΝ/ΠΗ Α.Ε (094437885),4924.54,,
ΨΧΘΓ4690ΒΧ-Ε7Δ,2024-06-05,ΕΝΤΑΛΜΑ ΠΛΗΡΩΜΗΣ ZIMMER BIOMET ΕΛΛΑΣ ΜΟΝ/ΠΗ Α.Ε (094437885),094437885,ZIMMER BIOMET ΕΛΛΑΣ ΜΟΝ/ΠΗ Α.Ε (094437885),4474.8,,
6ΦΟΣ4690ΒΧ-9ΑΛ,2024-06-05,ΕΝΤΑΛΜΑ ΠΛΗΡΩΜΗΣ ZIMMER BIOMET ΕΛΛΑΣ ΜΟΝ/ΠΗ Α.Ε (094437885),094437885,ZIMMER BIOMET ΕΛΛΑΣ ΜΟΝ/ΠΗ Α.Ε (094437885),4302.62,,
9Ο4Φ4690ΒΧ-24Ι,2024-06-05,ΕΝΤΑΛΜΑ ΠΛΗΡΩΜΗΣ ZIMMER BIOMET ΕΛΛΑΣ ΜΟΝ/ΠΗ Α.Ε (094437885),094437885,ZIMMER BIOMET ΕΛΛΑΣ ΜΟΝ/ΠΗ Α.Ε (094437885),4474.8,,
ΨΗ8Φ4690ΒΧ-ΨΔΛ,2024-06-05,ΕΝΤΑΛΜΑ ΠΛΗΡΩΜΗΣ ZIMMER BIOMET ΕΛΛΑΣ ΜΟΝ/ΠΗ Α.Ε (094437885),094437885,ZIMMER BIOMET ΕΛΛΑΣ ΜΟΝ/ΠΗ Α.Ε (094437885),1027.84,,
Ψ2ΡΗ4690ΒΧ-4ΨΙ,2024-06-05,ΕΝΤΑΛΜΑ ΠΛΗΡΩΜΗΣ ZIMMER BIOMET ΕΛΛΑΣ ΜΟΝ/ΠΗ Α.Ε (094437885),094437885,ZIMMER BIOMET ΕΛΛΑΣ ΜΟΝ/ΠΗ Α.Ε (094437885),4666.14,,
Ρ9ΔΝ4690ΒΧ-ΝΞΠ,2024-06-05,ΕΝΤΑΛΜΑ ΠΛΗΡΩΜΗΣ SANTAIR Α.Ε. (094497279),094497279,SANTAIR Α.Ε. (094497279),2533.81,,
6ΡΙ04690ΒΧ-Λ9Β,2024-06-05,ΕΝΤΑΛΜΑ ΠΛΗΡΩΜΗΣ RONTIS HELLAS AEBE (095335610),095335610,RONTIS HELLAS AEBE (095335610),1708.79,,
ΡΕΛΓ4690ΒΧ-ΘΘ3,2024-06-05,ΕΝΤΑΛΜΑ ΠΛΗΡΩΜΗΣ RONTIS HELLAS AEBE (095335610),095335610,RONTIS HELLAS AEBE (095335610),1367.44,,
6Χ844690ΒΧ-ΧΝ2,2024-06-05,ΕΝΤΑΛΜΑ ΠΛΗΡΩΜΗΣ Milimed Α.Ε (997802230),997802230,Milimed Α.Ε (997802230),88.14,,
6Σ7Φ4690ΒΧ-1ΟΛ,2024-06-05,ΕΝΤΑΛΜΑ ΠΛΗΡΩΜΗΣ MEDINOR ΕΕ (082802380),082802380,MEDINOR ΕΕ (082802380),3627.74,,
6ΓΟΟ4690ΒΧ-ΓΦΝ,2024-06-05,ΕΝΤΑΛΜΑ ΠΛΗΡΩΜΗΣ ELFAMED AE (800378686),800378686,ELFAMED AE (800378686),2724.62,,
ΨΩΝΨ4690ΒΧ-Σ63,2024-06-05,ΕΝΤΑΛΜΑ ΠΛΗΡΩΜΗΣ BIOTRANS A.E (999506681),999506681,BIOTRANS A.E (999506681),1020.02,,
6ΥΧΑ4690ΒΧ-ΓΜ2,2024-06-07,ΕΝΤΑΛΜΑ ΠΛΗΡΩΜΗΣ ΕΘΝΙΚΗ ΑΣΦ/ΣΤΙΚΗ (094003849),094003849,ΕΘΝΙΚΗ ΑΣΦ/ΣΤΙΚΗ (094003849),40.39,,
ΡΕΒΥ4690ΒΧ-2Υ0,2024-06-07,ΕΝΤΑΛΜΑ ΠΛΗΡΩΜΗΣ ΜΠΕΝΕΖΗ ΣΟΦΙΑ ΗΛΙΑΣ (105805168),105805168,ΜΠΕΝΕΖΗ ΣΟΦΙΑ ΗΛΙΑΣ (105805168),579.26,,
ΡΒΗ14690ΒΧ-Θ29,2024-06-07,ΕΝΤΑΛΜΑ ΠΛΗΡΩΜΗΣ ΔΙΣΝΙΤΣΑΣ ΛΕΩΝΙΔΑΣ (029818051),029818051,ΔΙΣΝΙΤΣΑΣ ΛΕΩΝΙΔΑΣ (029818051),3587.17,,
Ψ4ΝΩ4690ΒΧ-ΘΛΤ,2024-06-05,ΕΝΤΑΛΜΑ ΠΛΗΡΩΜΗΣ ΣΤΡΑΤΗΣ ΝΙΚ.ΑΡΑΒΑΝΗΣ ΣΙΑ Ο.Ε (092053060),092053060,ΣΤΡΑΤΗΣ ΝΙΚ.ΑΡΑΒΑΝΗΣ ΣΙΑ Ο.Ε (092053060),1064.35,,
Ψ6Ι94690ΒΧ-Ε3Γ,2024-06-05,ΕΝΤΑΛΜΑ ΠΛΗΡΩΜΗΣ ΣΤΡΑΤΗΣ ΝΙΚ.ΑΡΑΒΑΝΗΣ ΣΙΑ Ο.Ε (092053060),092053060,ΣΤΡΑΤΗΣ ΝΙΚ.ΑΡΑΒΑΝΗΣ ΣΙΑ Ο.Ε (092053060),248.02,,
ΨΒΜΞ4690ΒΧ-ΓΑΔ,2024-06-05,ΕΝΤΑΛΜΑ ΠΛΗΡΩΜΗΣ ΚΑΤΩΠΟΔΗΣ Μ.-ΚΑΒΒΑΔΑ Ε.Ε.Π.Ε. (997917019),997917019,ΚΑΤΩΠΟΔΗΣ Μ.-ΚΑΒΒΑΔΑ Ε.Ε.Π.Ε. (997917019),3100.0,,
92ΑΞ4690ΒΧ-667,2024-06-05,ΕΝΤΑΛΜΑ ΠΛΗΡΩΜΗΣ ΚΑΤΩΠΟΔΗΣ Μ.-ΚΑΒΒΑΔΑ Ε.Ε.Π.Ε. (997917019),997917019,ΚΑΤΩΠΟΔΗΣ Μ.-ΚΑΒΒΑΔΑ Ε.Ε.Π.Ε. (997917019),1832.64,,
ΨΛ9Φ4690ΒΧ-Μ7Λ,2024-06-05,ΕΝΤΑΛΜΑ ΠΛΗΡΩΜΗΣ ΚΑΤΩΠΟΔΗΣ Μ.-ΚΑΒΒΑΔΑ Ε.Ε.Π.Ε. (997917019),997917019,ΚΑΤΩΠΟΔΗΣ Μ.-ΚΑΒΒΑΔΑ Ε.Ε.Π.Ε. (997917019),1021.57,,
9ΥΛΝ4690ΒΧ-ΝΡΦ,2024-06-05,ΕΝΤΑΛΜΑ ΠΛΗΡΩΜΗΣ ΚΑΤΩΠΟΔΗΣ Μ.-ΚΑΒΒΑΔΑ Ε.Ε.Π.Ε. (997917019),997917019,ΚΑΤΩΠΟΔΗΣ Μ.-ΚΑΒΒΑΔΑ Ε.Ε.Π.Ε. (997917019),198.4,,
ΨΦΚ84690ΒΧ-Ι3Μ,2024-06-05,ΕΝΤΑΛΜΑ ΠΛΗΡΩΜΗΣ ΚΑΤΩΠΟΔΗΣ Μ.-ΚΑΒΒΑΔΑ Ε.Ε.Π.Ε. (997917019),997917019,ΚΑΤΩΠΟΔΗΣ Μ.-ΚΑΒΒΑΔΑ Ε.Ε.Π.Ε. (997917019),156.24,,
Ψ3554690ΒΧ-2Ε3,2024-06-05,ΕΝΤΑΛΜΑ ΠΛΗΡΩΜΗΣ Α.ΜΗΤΣΟΥΡΑ - Ε.ΣΤΑΥΡΑΚΑΣ   ΣΙΑ Ο.Ε (092052246),092052246,Α.ΜΗΤΣΟΥΡΑ - Ε.ΣΤΑΥΡΑΚΑΣ   ΣΙΑ Ο.Ε (092052246),26.04,,
ΨΦΕΣ4690ΒΧ-0Β2,2024-06-05,ΕΝΤΑΛΜΑ ΠΛΗΡΩΜΗΣ Α.ΜΗΤΣΟΥΡΑ - Ε.ΣΤΑΥΡΑΚΑΣ   ΣΙΑ Ο.Ε (092052246),092052246,Α.ΜΗΤΣΟΥΡΑ - Ε.ΣΤΑΥΡΑΚΑΣ   ΣΙΑ Ο.Ε (092052246),1148.47,,
ΨΧΟΖ4690ΒΧ-Σ2Θ,2024-06-05,ΕΝΤΑΛΜΑ ΠΛΗΡΩΜΗΣ Α.ΜΗΤΣΟΥΡΑ - Ε.ΣΤΑΥΡΑΚΑΣ   ΣΙΑ Ο.Ε (092052246),092052246,Α.ΜΗΤΣΟΥΡΑ - Ε.ΣΤΑΥΡΑΚΑΣ   ΣΙΑ Ο.Ε (092052246),877.15,,
6ΙΧ64690ΒΧ-Ν7Ω,2024-06-05,ΕΝΤΑΛΜΑ ΠΛΗΡΩΜΗΣ TYPO-CENTER ΓΕΡ.ΒΕΡΓΙΝΗΣ (028558054),028558054,TYPO-CENTER ΓΕΡ.ΒΕΡΓΙΝΗΣ (028558054),119.57,,
ΨΚΔΩ4690ΒΧ-Φ3Χ,2024-06-05,ΕΝΤΑΛΜΑ ΠΛΗΡΩΜΗΣ PYROLEFKAS IKE (802407080),802407080,PYROLEFKAS IKE (802407080),414.16,,
ΨΩ034690ΒΧ-ΗΓΒ,2024-06-05,ΕΝΤΑΛΜΑ ΠΛΗΡΩΜΗΣ PROFI ΤΕΧΝΙΚΟ SUPER MARKET (800326038),800326038,PROFI ΤΕΧΝΙΚΟ SUPER MARKET (800326038),44.45,,
9Θ0Θ4690ΒΧ-ΞΛ8,2024-06-05,ΕΝΤΑΛΜΑ ΠΛΗΡΩΜΗΣ PROFI ΤΕΧΝΙΚΟ SUPER MARKET (800326038),800326038,PROFI ΤΕΧΝΙΚΟ SUPER MARKET (800326038),1212.72,,
Ψ2ΙΚ4690ΒΧ-Ε7Α,2024-06-04,ΕΝΤΑΛΜΑ ΠΛΗΡΩΜΗΣ ΣΤΑΥΡΑΚΑΣ Α.Ε. (081585045),081585045,ΣΤΑΥΡΑΚΑΣ Α.Ε. (081585045),80.0,,
ΡΕ0Σ4690ΒΧ-Ξ9Μ,2024-06-04,ΕΝΤΑΛΜΑ ΠΛΗΡΩΜΗΣ Σ.ΣΟΛΔΑΤΟΣ Ε.Π.Ε. (095451970),095451970,Σ.ΣΟΛΔΑΤΟΣ Ε.Π.Ε. (095451970),102.03,,
9ΦΣ84690ΒΧ-Ξ0Γ,2024-06-04,ΕΝΤΑΛΜΑ ΠΛΗΡΩΜΗΣ ΝΙΚΟΛΑΟΣ ΚΟΥΡΤΗΣ   ΣΙΑ Ε.Ε (997915143),997915143,ΝΙΚΟΛΑΟΣ ΚΟΥΡΤΗΣ   ΣΙΑ Ε.Ε (997915143),135.35,,
ΨΘΤΚ4690ΒΧ-71Ο,2024-06-04,ΕΝΤΑΛΜΑ ΠΛΗΡΩΜΗΣ ΜΠΟΥΡΣΙΝΟΣ ΠΟΛΥΧΡΟΝΗΣ (156369796),156369796,ΜΠΟΥΡΣΙΝΟΣ ΠΟΛΥΧΡΟΝΗΣ (156369796),1360.28,,
9ΨΦΝ4690ΒΧ-Υ60,2024-06-04,ΕΝΤΑΛΜΑ ΠΛΗΡΩΜΗΣ ΜΠΑΛΑΣΚΑΣ ΓΕΩΡΓΙΟΣ (073571028),073571028,ΜΠΑΛΑΣΚΑΣ ΓΕΩΡΓΙΟΣ (073571028),1229.18,,
6Φ2Τ4690ΒΧ-ΠΧΖ,2024-06-04,ΕΝΤΑΛΜΑ ΠΛΗΡΩΜΗΣ ΛΑΖΑΡΗΣ ΠΕΤΡΟΣ (024859321),024859321,ΛΑΖΑΡΗΣ ΠΕΤΡΟΣ (024859321),694.95,,
Ψ1ΕΘ4690ΒΧ-9Ξ9,2024-06-04,ΕΝΤΑΛΜΑ ΠΛΗΡΩΜΗΣ ΚΟΝΤΟΓΙΑΝΝΗ ΟΥΡΑΝΙΑ (301366552),301366552,ΚΟΝΤΟΓΙΑΝΝΗ ΟΥΡΑΝΙΑ (301366552),3134.71,,
ΨΓΘ14690ΒΧ-7ΑΘ,2024-06-04,ΕΝΤΑΛΜΑ ΠΛΗΡΩΜΗΣ ΚΑΚΑΒΟΣ Ι.ΔΗΜΗΤΡΙΟΣ (119540879),119540879,ΚΑΚΑΒΟΣ Ι.ΔΗΜΗΤΡΙΟΣ (119540879),8291.36,,
6ΜΔΞ4690ΒΧ-ΔΗΥ,2024-05-27,ΕΝΤΑΛΜΑ ΠΛΗΡΩΜΗΣ Ι.Φ.Ε.Τ. Α.Ε. (090064864),090064864,Ι.Φ.Ε.Τ. Α.Ε. (090064864),2098.8,,
ΨΠΞΧ4690ΒΧ-ΣΔΘ,2024-05-27,ΕΝΤΑΛΜΑ ΠΛΗΡΩΜΗΣ Ι.Φ.Ε.Τ. Α.Ε. (090064864),090064864,Ι.Φ.Ε.Τ. Α.Ε. (090064864),238.47,,
606Ρ4690ΒΧ-ΚΧΩ,2024-05-27,ΕΝΤΑΛΜΑ ΠΛΗΡΩΜΗΣ Ι.Φ.Ε.Τ. Α.Ε. (090064864),090064864,Ι.Φ.Ε.Τ. Α.Ε. (090064864),44.53,,
6ΚΟΓ4690ΒΧ-Σ63,2024-06-04,ΕΝΤΑΛΜΑ ΠΛΗΡΩΜΗΣ ΘΕΟΧΑΡΗΣ ΚΩΝΣΤΑΝΤΙΝΟΣ (074168641),074168641,ΘΕΟΧΑΡΗΣ ΚΩΝΣΤΑΝΤΙΝΟΣ (074168641),215.39,,
ΨΖΟΦ4690ΒΧ-ΚΓΒ,2024-06-04,ΕΝΤΑΛΜΑ ΠΛΗΡΩΜΗΣ ΕΞΟΠΛΙΣΤΙΚΗ ΛΕΥΚΑΔΑΣ (801720654),801720654,ΕΞΟΠΛΙΣΤΙΚΗ ΛΕΥΚΑΔΑΣ (801720654),121.52,,
9ΜΓΞ4690ΒΧ-Ψ1Γ,2024-06-04,ΕΝΤΑΛΜΑ ΠΛΗΡΩΜΗΣ ΑΧΟΡΤΑΓΟΣ express -ΦΙΛΙΠΠΑΣ Δ. ΜΙΧΑΗΛ (301392557),301392557,ΑΧΟΡΤΑΓΟΣ express -ΦΙΛΙΠΠΑΣ Δ. ΜΙΧΑΗΛ (301392557),297.6,,
9ΧΑΟ4690ΒΧ-ΥΨΜ,2024-06-04,ΕΝΤΑΛΜΑ ΠΛΗΡΩΜΗΣ ΑΧΟΡΤΑΓΟΣ express -ΦΙΛΙΠΠΑΣ Δ. ΜΙΧΑΗΛ (301392557),301392557,ΑΧΟΡΤΑΓΟΣ express -ΦΙΛΙΠΠΑΣ Δ. ΜΙΧΑΗΛ (301392557),136.4,,
9ΠΣΜ4690ΒΧ-ΝΣΕ,2024-06-04,ΕΝΤΑΛΜΑ ΠΛΗΡΩΜΗΣ Rain bow waters (099328240),099328240,Rain bow waters (099328240),68.28,,
6ΥΕΓ4690ΒΧ-3ΘΨ,2024-05-24,ΕΝΤΑΛΜΑ ΠΛΗΡΩΜΗΣ GILEAD SCIENCES ΕΛΛΑΣ (099989853),099989853,GILEAD SCIENCES ΕΛΛΑΣ (099989853),3980.45,,
6Σ5Τ4690ΒΧ-Κ09,2024-05-24,ΕΝΤΑΛΜΑ ΠΛΗΡΩΜΗΣ LAVIPHARM HELLAS Α.Ε.Ε. (094355289),094355289,LAVIPHARM HELLAS Α.Ε.Ε. (094355289),1621.35,,
9ΠΨΑ4690ΒΧ-ΩΥ4,2024-05-24,ΕΝΤΑΛΜΑ ΠΛΗΡΩΜΗΣ ΦΑΡΜΕΞ ΑΕ (094106680),094106680,ΦΑΡΜΕΞ ΑΕ (094106680),887.13,,
ΡΡ1Ο4690ΒΧ-ΣΥ9,2024-05-24,ΕΝΤΑΛΜΑ ΠΛΗΡΩΜΗΣ ΦΑΡΜΕΞ ΑΕ (094106680),094106680,ΦΑΡΜΕΞ ΑΕ (094106680),3890.71,,
ΡΨΓΓ4690ΒΧ-43Υ,2024-05-24,ΕΝΤΑΛΜΑ ΠΛΗΡΩΜΗΣ ΓΕΝΕΣΙΣ ΦΑΡΜΑ Α.Ε. (094495317),094495317,ΓΕΝΕΣΙΣ ΦΑΡΜΑ Α.Ε. (094495317),12405.1,,
Ρ62Κ4690ΒΧ-ΓΡ5,2024-05-28,ΕΝΤΑΛΜΑ ΠΛΗΡΩΜΗΣ ΠΦΑΙΖΕΡ ΕΛΛΑΣ ΑΕ600/01/B86/601 (094012336),094012336,ΠΦΑΙΖΕΡ ΕΛΛΑΣ ΑΕ600/01/B86/601 (094012336),3549.36,,
ΨΨ584690ΒΧ-ΡΘ1,2024-05-28,ΕΝΤΑΛΜΑ ΠΛΗΡΩΜΗΣ ΠΦΑΙΖΕΡ ΕΛΛΑΣ ΑΕ600/01/B86/601 (094012336),094012336,ΠΦΑΙΖΕΡ ΕΛΛΑΣ ΑΕ600/01/B86/601 (094012336),3758.16,,
Ψ80Μ4690ΒΧ-ΒΛΡ,2024-05-28,ΕΝΤΑΛΜΑ ΠΛΗΡΩΜΗΣ ΠΦΑΙΖΕΡ ΕΛΛΑΣ ΑΕ600/01/B86/601 (094012336),094012336,ΠΦΑΙΖΕΡ ΕΛΛΑΣ ΑΕ600/01/B86/601 (094012336),4585.93,,
6Ρ6Η4690ΒΧ-ΑΧΥ,2024-05-28,ΕΝΤΑΛΜΑ ΠΛΗΡΩΜΗΣ ΠΦΑΙΖΕΡ ΕΛΛΑΣ ΑΕ600/01/B86/601 (094012336),094012336,ΠΦΑΙΖΕΡ ΕΛΛΑΣ ΑΕ600/01/B86/601 (094012336),1834.37,,
Ψ26Ε4690ΒΧ-ΟΞΩ,2024-05-28,ΕΝΤΑΛΜΑ ΠΛΗΡΩΜΗΣ ΠΦΑΙΖΕΡ ΕΛΛΑΣ ΑΕ600/01/B86/601 (094012336),094012336,ΠΦΑΙΖΕΡ ΕΛΛΑΣ ΑΕ600/01/B86/601 (094012336),1032.99,,
9Ι2Χ4690ΒΧ-ΓΨΩ,2024-05-28,ΕΝΤΑΛΜΑ ΠΛΗΡΩΜΗΣ ΠΦΑΙΖΕΡ ΕΛΛΑΣ ΑΕ600/01/B86/601 (094012336),094012336,ΠΦΑΙΖΕΡ ΕΛΛΑΣ ΑΕ600/01/B86/601 (094012336),49.52,,
9Κ2Η4690ΒΧ-Ψ2Ζ,2024-05-28,ΕΝΤΑΛΜΑ ΠΛΗΡΩΜΗΣ ΠΦΑΙΖΕΡ ΕΛΛΑΣ ΑΕ600/01/B86/601 (094012336),094012336,ΠΦΑΙΖΕΡ ΕΛΛΑΣ ΑΕ600/01/B86/601 (094012336),4585.93,,
69714690ΒΧ-4ΗΜ,2024-05-28,ΕΝΤΑΛΜΑ ΠΛΗΡΩΜΗΣ ΠΦΑΙΖΕΡ ΕΛΛΑΣ ΑΕ600/01/B86/601 (094012336),094012336,ΠΦΑΙΖΕΡ ΕΛΛΑΣ ΑΕ600/01/B86/601 (094012336),3376.82,,
94Ε64690ΒΧ-ΡΨΛ,2024-05-28,ΕΝΤΑΛΜΑ ΠΛΗΡΩΜΗΣ ΠΦΑΙΖΕΡ ΕΛΛΑΣ ΑΕ600/01/B86/601 (094012336),094012336,ΠΦΑΙΖΕΡ ΕΛΛΑΣ ΑΕ600/01/B86/601 (094012336),3340.58,,
68ΦΡ4690ΒΧ-8ΥΞ,2024-05-27,ΕΝΤΑΛΜΑ ΠΛΗΡΩΜΗΣ ΛΑΥΡΑΝΟΣ ΟΜΗΡΟΣ (102561232),102561232,ΛΑΥΡΑΝΟΣ ΟΜΗΡΟΣ (102561232),2360.96,,
9ΩΖΧ4690ΒΧ-Χ77,2024-05-27,ΕΝΤΑΛΜΑ ΠΛΗΡΩΜΗΣ ΑΝΦΑΡΜ - ΕΛΛΑΣ ΑΕ (094036383),094036383,ΑΝΦΑΡΜ - ΕΛΛΑΣ ΑΕ (094036383),4547.34,,
9Υ014690ΒΧ-ΙΛΟ,2024-05-27,ΕΝΤΑΛΜΑ ΠΛΗΡΩΜΗΣ ΑΝΦΑΡΜ - ΕΛΛΑΣ ΑΕ (094036383),094036383,ΑΝΦΑΡΜ - ΕΛΛΑΣ ΑΕ (094036383),4133.95,,
960Μ4690ΒΧ-ΘΟ2,2024-05-27,ΕΝΤΑΛΜΑ ΠΛΗΡΩΜΗΣ ΑΝΦΑΡΜ - ΕΛΛΑΣ ΑΕ (094036383),094036383,ΑΝΦΑΡΜ - ΕΛΛΑΣ ΑΕ (094036383),4657.06,,
ΡΩΑ44690ΒΧ-ΡΡ6,2024-05-27,ΕΝΤΑΛΜΑ ΠΛΗΡΩΜΗΣ ΑΝΦΑΡΜ - ΕΛΛΑΣ ΑΕ (094036383),094036383,ΑΝΦΑΡΜ - ΕΛΛΑΣ ΑΕ (094036383),3055.06,,
92ΒΙ4690ΒΧ-ΛΩ8,2024-05-27,ΕΝΤΑΛΜΑ ΠΛΗΡΩΜΗΣ ΑΝΦΑΡΜ - ΕΛΛΑΣ ΑΕ (094036383),094036383,ΑΝΦΑΡΜ - ΕΛΛΑΣ ΑΕ (094036383),1807.52,,
ΡΓ8Ν4690ΒΧ-ΗΜΣ,2024-05-27,ΕΝΤΑΛΜΑ ΠΛΗΡΩΜΗΣ ΑΝΦΑΡΜ - ΕΛΛΑΣ ΑΕ (094036383),094036383,ΑΝΦΑΡΜ - ΕΛΛΑΣ ΑΕ (094036383),4662.17,,
ΡΥΒ34690ΒΧ-6Κ1,2024-05-27,ΕΝΤΑΛΜΑ ΠΛΗΡΩΜΗΣ ΑΝΦΑΡΜ - ΕΛΛΑΣ ΑΕ (094036383),094036383,ΑΝΦΑΡΜ - ΕΛΛΑΣ ΑΕ (094036383),2163.65,,
9ΡΘΔ4690ΒΧ-121,2024-05-27,ΕΝΤΑΛΜΑ ΠΛΗΡΩΜΗΣ ΑΝΦΑΡΜ - ΕΛΛΑΣ ΑΕ (094036383),094036383,ΑΝΦΑΡΜ - ΕΛΛΑΣ ΑΕ (094036383),4547.34,,
6Γ6Ι4690ΒΧ-ΝΒΔ,2024-05-27,ΕΝΤΑΛΜΑ ΠΛΗΡΩΜΗΣ ΑΝΦΑΡΜ - ΕΛΛΑΣ ΑΕ (094036383),094036383,ΑΝΦΑΡΜ - ΕΛΛΑΣ ΑΕ (094036383),4662.17,,
Ψ2ΞΙ4690ΒΧ-Τ2Φ,2024-05-27,ΕΝΤΑΛΜΑ ΠΛΗΡΩΜΗΣ DEMO A.Β.Ε.E. (094041553),094041553,DEMO A.Β.Ε.E. (094041553),3220.27,,
92ΣΨ4690ΒΧ-ΟΣΝ,2024-05-27,ΕΝΤΑΛΜΑ ΠΛΗΡΩΜΗΣ DEMO A.Β.Ε.E. (094041553),094041553,DEMO A.Β.Ε.E. (094041553),1219.03,,
9ΠΔΣ4690ΒΧ-Ρ9Γ,2024-05-27,ΕΝΤΑΛΜΑ ΠΛΗΡΩΜΗΣ DEMO A.Β.Ε.E. (094041553),094041553,DEMO A.Β.Ε.E. (094041553),2780.94,,
ΨΛ9Ρ4690ΒΧ-Φ1Υ,2024-05-27,ΕΝΤΑΛΜΑ ΠΛΗΡΩΜΗΣ DEMO A.Β.Ε.E. (094041553),094041553,DEMO A.Β.Ε.E. (094041553),2705.32,,
9ΣΧΠ4690ΒΧ-ΙΝΣ,2024-05-27,ΕΝΤΑΛΜΑ ΠΛΗΡΩΜΗΣ DEMO A.Β.Ε.E. (094041553),094041553,DEMO A.Β.Ε.E. (094041553),3748.21,,
6ΓΟΩ4690ΒΧ-7ΣΨ,2024-05-27,ΕΝΤΑΛΜΑ ΠΛΗΡΩΜΗΣ DEMO A.Β.Ε.E. (094041553),094041553,DEMO A.Β.Ε.E. (094041553),322.79,,
ΡΒΔΤ4690ΒΧ-630,2024-05-27,ΕΝΤΑΛΜΑ ΠΛΗΡΩΜΗΣ DEMO A.Β.Ε.E. (094041553),094041553,DEMO A.Β.Ε.E. (094041553),4275.72,,
Ψ9204690ΒΧ-ΓΧ1,2024-05-27,ΕΝΤΑΛΜΑ ΠΛΗΡΩΜΗΣ DEMO A.Β.Ε.E. (094041553),094041553,DEMO A.Β.Ε.E. (094041553),3854.2,,
9Σ594690ΒΧ-ΡΧΕ,2024-05-24,ΕΝΤΑΛΜΑ ΠΛΗΡΩΜΗΣ ΒΙΟΣΕΡ ΑΕ (094035927),094035927,ΒΙΟΣΕΡ ΑΕ (094035927),4361.9,,
Ψ2Π24690ΒΧ-Π4Ξ,2024-05-24,ΕΝΤΑΛΜΑ ΠΛΗΡΩΜΗΣ ΒΙΟΣΕΡ ΑΕ (094035927),094035927,ΒΙΟΣΕΡ ΑΕ (094035927),2922.31,,
ΨΑΞΝ4690ΒΧ-ΒΕΣ,2024-05-24,ΕΝΤΑΛΜΑ ΠΛΗΡΩΜΗΣ ΑΡΡΙΑΝΙ ΦΑΡΜΑΚΕΥΤΙΚΗ (094493453),094493453,ΑΡΡΙΑΝΙ ΦΑΡΜΑΚΕΥΤΙΚΗ (094493453),22.79,,
6Ψ3Ξ4690ΒΧ-5ΙΩ,2024-05-24,ΕΝΤΑΛΜΑ ΠΛΗΡΩΜΗΣ ΦΑΡΜΑΣΥΝ Α.Ε. (094429246),094429246,ΦΑΡΜΑΣΥΝ Α.Ε. (094429246),22.21,,
9ΘΔΟ4690ΒΧ-ΦΞΥ,2024-05-24,ΕΝΤΑΛΜΑ ΠΛΗΡΩΜΗΣ ΑΡΡΙΑΝΙ ΦΑΡΜΑΚΕΥΤΙΚΗ (094493453),094493453,ΑΡΡΙΑΝΙ ΦΑΡΜΑΚΕΥΤΙΚΗ (094493453),1202.06,,
6ΓΟΦ4690ΒΧ-Ρ8Ρ,2024-05-24,ΕΝΤΑΛΜΑ ΠΛΗΡΩΜΗΣ adelco AE (094121817),094121817,adelco AE (094121817),250.04,,
6ΑΝΛ4690ΒΧ-ΞΥ0,2024-05-24,ΕΝΤΑΛΜΑ ΠΛΗΡΩΜΗΣ VERISFIELD (UK)LTD (999636520),999636520,VERISFIELD (UK)LTD (999636520),760.08,,
9ΩΠ64690ΒΧ-ΛΟ4,2024-05-24,ΕΝΤΑΛΜΑ ΠΛΗΡΩΜΗΣ Target Pharma (099081435),099081435,Target Pharma (099081435),502.6,,
943Υ4690ΒΧ-ΩΝ0,2024-05-24,ΕΝΤΑΛΜΑ ΠΛΗΡΩΜΗΣ PHARMAZAC A.E (094465442),094465442,PHARMAZAC A.E (094465442),913.03,,
6ΩΒΜ4690ΒΧ-0Τ8,2024-05-24,ΕΝΤΑΛΜΑ ΠΛΗΡΩΜΗΣ MEDICUS A.E. (094359610),094359610,MEDICUS A.E. (094359610),128.7,,
63204690ΒΧ-0Ω3,2024-05-24,ΕΝΤΑΛΜΑ ΠΛΗΡΩΜΗΣ Johnson   Johnson Α.Ε.Ε (800363581),800363581,Johnson   Johnson Α.Ε.Ε (800363581),29.52,,
91ΟΓ4690ΒΧ-9ΙΦ,2024-05-24,ΕΝΤΑΛΜΑ ΠΛΗΡΩΜΗΣ INTERMED. S.A (094420381),094420381,INTERMED. S.A (094420381),346.81,,
67ΜΨ4690ΒΧ-ΧΚΖ,2024-05-24,ΕΝΤΑΛΜΑ ΠΛΗΡΩΜΗΣ INNOVIS PHARMA AEBE (998381010),998381010,INNOVIS PHARMA AEBE (998381010),165.48,,
9Υ574690ΒΧ-ΞΝΓ,2024-05-24,ΕΝΤΑΛΜΑ ΠΛΗΡΩΜΗΣ IASIS Pharmaceut.HELLAS ABEE (094141552),094141552,IASIS Pharmaceut.HELLAS ABEE (094141552),38.66,,
6ΤΑΓ4690ΒΧ-ΙΣ0,2024-05-24,ΕΝΤΑΛΜΑ ΠΛΗΡΩΜΗΣ GLAXOSMITHKLINE ΜΟΝΟΠΡΟΣΩΠΗ  AEBE (094071809),094071809,GLAXOSMITHKLINE ΜΟΝΟΠΡΟΣΩΠΗ  AEBE (094071809),189.69,,
6ΖΒΕ4690ΒΧ-Ζ7Τ,2024-05-24,ΕΝΤΑΛΜΑ ΠΛΗΡΩΜΗΣ G a l e n i c a  α.ε (094063416),094063416,G a l e n i c a  α.ε (094063416),964.52,,
9ΟΟΚ4690ΒΧ-ΥΙΘ,2024-05-13,ΕΝΤΑΛΜΑ ΠΛΗΡΩΜΗΣ ΖΕΡΒΑΣ ΑΘΑΝΑΣΙΟΣ ΓΕΩ. (134251920),134251920,ΖΕΡΒΑΣ ΑΘΑΝΑΣΙΟΣ ΓΕΩ. (134251920),1612.0,,
61ΓΚ4690ΒΧ-ΓΨΕ,2024-05-13,ΕΝΤΑΛΜΑ ΠΛΗΡΩΜΗΣ ΕΛΛΗΝΙΚΑ ΚΑΥΣΙΜΑ ΟΡΥΚΤΕΛΑΙΑ ΜΟΝΟΠΡ.ΑΝΩΝ.ΒΙΟΜΗΧ.  ΕΜΠΟΡ.ΕΤΑΙΡΕΙΑ (094010146),094010146,ΕΛΛΗΝΙΚΑ ΚΑΥΣΙΜΑ ΟΡΥΚΤΕΛΑΙΑ ΜΟΝΟΠΡ.ΑΝΩΝ.ΒΙΟΜΗΧ.  ΕΜΠΟΡ.ΕΤΑΙΡΕΙΑ (094010146),56008.51,,
6ΘΩ24690ΒΧ-Ρ1Λ,2024-04-25,ΕΝΤΑΛΜΑ ΠΛΗΡΩΜΗΣ ΝΙΚΟΛΑΟΣ ΚΟΥΡΤΗΣ   ΣΙΑ Ε.Ε (997915143),997915143,ΝΙΚΟΛΑΟΣ ΚΟΥΡΤΗΣ   ΣΙΑ Ε.Ε (997915143),1650.26,,
9ΠΦΨ4690ΒΧ-ΖΦΛ,2024-04-29,ΕΝΤΑΛΜΑ ΠΛΗΡΩΜΗΣ ΝΙΚ.Ι.ΛΑΊΝΙΩΤΗΣ Α.Ε.Β.Ε (093628458),093628458,ΝΙΚ.Ι.ΛΑΊΝΙΩΤΗΣ Α.Ε.Β.Ε (093628458),1627.2,,
Ψ0ΗΞ4690ΒΧ-Α38,2024-04-29,ΕΝΤΑΛΜΑ ΠΛΗΡΩΜΗΣ ΝΙΚ.Ι.ΛΑΊΝΙΩΤΗΣ Α.Ε.Β.Ε (093628458),093628458,ΝΙΚ.Ι.ΛΑΊΝΙΩΤΗΣ Α.Ε.Β.Ε (093628458),2914.75,,
6ΕΜ74690ΒΧ-ΡΑ9,2024-04-29,ΕΝΤΑΛΜΑ ΠΛΗΡΩΜΗΣ ΝΙΚ.Ι.ΛΑΊΝΙΩΤΗΣ Α.Ε.Β.Ε (093628458),093628458,ΝΙΚ.Ι.ΛΑΊΝΙΩΤΗΣ Α.Ε.Β.Ε (093628458),43.9,,
ΨΖ4Π4690ΒΧ-ΧΚ9,2024-04-29,ΕΝΤΑΛΜΑ ΠΛΗΡΩΜΗΣ ΠΑΥΛΟΣ ΑΡΝΑΟΥΤΗΣ Α.Ε. (094178060),094178060,ΠΑΥΛΟΣ ΑΡΝΑΟΥΤΗΣ Α.Ε. (094178060),938.1,,
6Α524690ΒΧ-6ΙΔ,2024-04-29,ΕΝΤΑΛΜΑ ΠΛΗΡΩΜΗΣ ΠΑΥΛΟΣ ΑΡΝΑΟΥΤΗΣ Α.Ε. (094178060),094178060,ΠΑΥΛΟΣ ΑΡΝΑΟΥΤΗΣ Α.Ε. (094178060),575.36,,
99ΡΑ4690ΒΧ-ΘΣΨ,2024-04-29,ΕΝΤΑΛΜΑ ΠΛΗΡΩΜΗΣ ΝΤΙΑΜΕΝΤ ΕΛΛΑΣ Α.Ε.Ε. (095259724),095259724,ΝΤΙΑΜΕΝΤ ΕΛΛΑΣ Α.Ε.Ε. (095259724),2500.34,,
6ΨΦΡ4690ΒΧ-ΗΔΒ,2024-04-29,ΕΝΤΑΛΜΑ ΠΛΗΡΩΜΗΣ ΝΤΙΑΜΕΝΤ ΕΛΛΑΣ Α.Ε.Ε. (095259724),095259724,ΝΤΙΑΜΕΝΤ ΕΛΛΑΣ Α.Ε.Ε. (095259724),286.84,,
9Λ7Θ4690ΒΧ-ΟΒΘ,2024-04-29,ΕΝΤΑΛΜΑ ΠΛΗΡΩΜΗΣ ABBOTT LABORATORIES(ΕΛΛΑΣ)ABEE (094027257),094027257,ABBOTT LABORATORIES(ΕΛΛΑΣ)ABEE (094027257),3731.2,,
9ΔΡΜ4690ΒΧ-4ΛΘ,2024-04-29,ΕΝΤΑΛΜΑ ΠΛΗΡΩΜΗΣ ABBOTT LABORATORIES(ΕΛΛΑΣ)ABEE (094027257),094027257,ABBOTT LABORATORIES(ΕΛΛΑΣ)ABEE (094027257),2872.6,,
90Ν44690ΒΧ-ΔΛΛ,2024-04-29,ΕΝΤΑΛΜΑ ΠΛΗΡΩΜΗΣ ABBOTT LABORATORIES(ΕΛΛΑΣ)ABEE (094027257),094027257,ABBOTT LABORATORIES(ΕΛΛΑΣ)ABEE (094027257),2883.2,,
6ΣΣΩ4690ΒΧ-ΕΡΘ,2024-04-29,ΕΝΤΑΛΜΑ ΠΛΗΡΩΜΗΣ ABBOTT LABORATORIES(ΕΛΛΑΣ)ABEE (094027257),094027257,ABBOTT LABORATORIES(ΕΛΛΑΣ)ABEE (094027257),3222.4,,
6Ξ614690ΒΧ-ΕΞΠ,2024-04-29,ΕΝΤΑΛΜΑ ΠΛΗΡΩΜΗΣ MEDICON HELLAS A.E. (094240321),094240321,MEDICON HELLAS A.E. (094240321),4089.8,,
Ψ0ΞΩ4690ΒΧ-ΜΙΤ,2024-04-29,ΕΝΤΑΛΜΑ ΠΛΗΡΩΜΗΣ MEDICON HELLAS A.E. (094240321),094240321,MEDICON HELLAS A.E. (094240321),3363.8,,
ΨΖΟ04690ΒΧ-Φ4Ε,2024-04-29,ΕΝΤΑΛΜΑ ΠΛΗΡΩΜΗΣ MEDICON HELLAS A.E. (094240321),094240321,MEDICON HELLAS A.E. (094240321),74.4,,
9ΙΗΔ4690ΒΧ-ΠΨ6,2024-04-29,ΕΝΤΑΛΜΑ ΠΛΗΡΩΜΗΣ MEDICON HELLAS A.E. (094240321),094240321,MEDICON HELLAS A.E. (094240321),4786.96,,
6Φ924690ΒΧ-25Ν,2024-04-29,ΕΝΤΑΛΜΑ ΠΛΗΡΩΜΗΣ MEDICON HELLAS A.E. (094240321),094240321,MEDICON HELLAS A.E. (094240321),4759.96,,
9ΨΧΒ4690ΒΧ-ΜΨΩ,2024-04-29,ΕΝΤΑΛΜΑ ΠΛΗΡΩΜΗΣ MEDICON HELLAS A.E. (094240321),094240321,MEDICON HELLAS A.E. (094240321),4231.6,,
ΨΠ744690ΒΧ-ΟΥΘ,2024-04-29,ΕΝΤΑΛΜΑ ΠΛΗΡΩΜΗΣ MEDICON HELLAS A.E. (094240321),094240321,MEDICON HELLAS A.E. (094240321),3454.12,,
9ΔΑ04690ΒΧ-39Ψ,2024-04-29,ΕΝΤΑΛΜΑ ΠΛΗΡΩΜΗΣ MEDICON HELLAS A.E. (094240321),094240321,MEDICON HELLAS A.E. (094240321),3586.56,,
Ψ1ΟΑ4690ΒΧ-ΘΕΛ,2024-05-13,ΕΝΤΑΛΜΑ ΠΛΗΡΩΜΗΣ ΣΤΕΡΓΙΟΥ ΘΕΟΔΩΡΟΣ (120955806),120955806,ΣΤΕΡΓΙΟΥ ΘΕΟΔΩΡΟΣ (120955806),130.2,,
6Ρ6Π4690ΒΧ-9ΥΔ,2024-05-13,ΕΝΤΑΛΜΑ ΠΛΗΡΩΜΗΣ ΜΠΟΓΟΡΔΟΣ ΘΕΟΦΑΝΗΣ (059669236),059669236,ΜΠΟΓΟΡΔΟΣ ΘΕΟΦΑΝΗΣ (059669236),891.56,,
9Σ3Ψ4690ΒΧ-Ε2Ο,2024-05-13,ΕΝΤΑΛΜΑ ΠΛΗΡΩΜΗΣ ΝΙΚΟΛΑΟΣ ΚΟΥΡΤΗΣ   ΣΙΑ Ε.Ε (997915143),997915143,ΝΙΚΟΛΑΟΣ ΚΟΥΡΤΗΣ   ΣΙΑ Ε.Ε (997915143),1097.57,,
660Γ4690ΒΧ-73Λ,2024-04-30,ΕΝΤΑΛΜΑ ΠΛΗΡΩΜΗΣ ΖΑΒΙΤΣΑΝΟΣ ΙΩΑΝΝΗΣ ΑΠΟΣΤ. (010138137),010138137,ΖΑΒΙΤΣΑΝΟΣ ΙΩΑΝΝΗΣ ΑΠΟΣΤ. (010138137),2700.0,,
9ΚΡΚ4690ΒΧ-ΡΣΗ,2024-04-26,ΕΝΤΑΛΜΑ ΠΛΗΡΩΜΗΣ AAF-ΕΛΕΓΧΟΥ ΠΕΡΙΒΑΛ.ΜΟΝ/ΠΗ ΕΠΕ (095076540),095076540,AAF-ΕΛΕΓΧΟΥ ΠΕΡΙΒΑΛ.ΜΟΝ/ΠΗ ΕΠΕ (095076540),1867.56,,
65ΘΕ4690ΒΧ-ΡΦΕ,2024-04-30,ΕΝΤΑΛΜΑ ΠΛΗΡΩΜΗΣ ΣΚΕΠΕΤΑΡΗΣ ΚΩΝΣΤΑΝΤΙΝΟΣ-CONMED LIFE (120155145),120155145,ΣΚΕΠΕΤΑΡΗΣ ΚΩΝΣΤΑΝΤΙΝΟΣ-CONMED LIFE (120155145),3199.2,,
ΨΛΒΑ4690ΒΧ-ΜΜΔ,2024-04-30,ΕΝΤΑΛΜΑ ΠΛΗΡΩΜΗΣ implantcast HELLAS AE (800449038),800449038,implantcast HELLAS AE (800449038),1985.2,,
9ΙΓΚ4690ΒΧ-514,2024-04-30,ΕΝΤΑΛΜΑ ΠΛΗΡΩΜΗΣ ΔΙΑΓΝΩΣΤΙΚΗ - ΑΝΑΛΥΤΙΚΗ ΕΠΕ (099109774),099109774,ΔΙΑΓΝΩΣΤΙΚΗ - ΑΝΑΛΥΤΙΚΗ ΕΠΕ (099109774),79.5,,
ΨΨ5Α4690ΒΧ-5ΙΩ,2024-04-30,ΕΝΤΑΛΜΑ ΠΛΗΡΩΜΗΣ ΔΙΑΓΝΩΣΤΙΚΗ - ΑΝΑΛΥΤΙΚΗ ΕΠΕ (099109774),099109774,ΔΙΑΓΝΩΣΤΙΚΗ - ΑΝΑΛΥΤΙΚΗ ΕΠΕ (099109774),2832.32,,
9ΤΩ04690ΒΧ-252,2024-05-13,ΕΝΤΑΛΜΑ ΠΛΗΡΩΜΗΣ ΓΕΡΟΛΥΜΑΤΟΣ INTERNATIONAL Α.Ε.Β.Ε. (094105111),094105111,ΓΕΡΟΛΥΜΑΤΟΣ INTERNATIONAL Α.Ε.Β.Ε. (094105111),56.17,,
Ψ9ΩΟ4690ΒΧ-ΤΦΛ,2024-04-30,ΕΝΤΑΛΜΑ ΠΛΗΡΩΜΗΣ Johnson   Johnson Medical Greece Μονοπρόσωπη Α.Ε. (801858262),801858262,Johnson   Johnson Medical Greece Μονοπρόσωπη Α.Ε. (801858262),16327.26,,
9ΒΞΩ4690ΒΧ-ΨΔΖ,2024-04-30,ΕΝΤΑΛΜΑ ΠΛΗΡΩΜΗΣ Johnson   Johnson Medical Greece Μονοπρόσωπη Α.Ε. (801858262),801858262,Johnson   Johnson Medical Greece Μονοπρόσωπη Α.Ε. (801858262),759.36,,
6ΣΠ64690ΒΧ-3ΩΡ,2024-04-30,ΕΝΤΑΛΜΑ ΠΛΗΡΩΜΗΣ DMPS LTD (998333221),998333221,DMPS LTD (998333221),542.4,,
ΨΟΒΠ4690ΒΧ-5Ω7,2024-04-30,ΕΝΤΑΛΜΑ ΠΛΗΡΩΜΗΣ DMPS LTD (998333221),998333221,DMPS LTD (998333221),4124.5,,
ΨΙ204690ΒΧ-Δ27,2024-04-26,ΕΝΤΑΛΜΑ ΠΛΗΡΩΜΗΣ ΑΤΟΜΙΚΗ ΦΡΟΝΤΙΔΑ ΑΒΕΕ (998476060),998476060,ΑΤΟΜΙΚΗ ΦΡΟΝΤΙΔΑ ΑΒΕΕ (998476060),2046.0,,
Ψ41Ζ4690ΒΧ-20Η,2024-04-25,ΕΝΤΑΛΜΑ ΠΛΗΡΩΜΗΣ ΘΕΟΧΑΡΗΣ ΚΩΝΣΤΑΝΤΙΝΟΣ (074168641),074168641,ΘΕΟΧΑΡΗΣ ΚΩΝΣΤΑΝΤΙΝΟΣ (074168641),258.29,,
636Ω4690ΒΧ-ΞΨΘ,2024-04-25,ΕΝΤΑΛΜΑ ΠΛΗΡΩΜΗΣ ΘΕΟΧΑΡΗΣ ΚΩΝΣΤΑΝΤΙΝΟΣ (074168641),074168641,ΘΕΟΧΑΡΗΣ ΚΩΝΣΤΑΝΤΙΝΟΣ (074168641),2726.76,,
ΨΑΑΥ4690ΒΧ-ΡΟ9,2024-04-30,ΕΝΤΑΛΜΑ ΠΛΗΡΩΜΗΣ ΙΝΕΞ ΙΑΤΡΙΚΑ Α.Ε (094356041),094356041,ΙΝΕΞ ΙΑΤΡΙΚΑ Α.Ε (094356041),398.33,,
6ΕΞΘ4690ΒΧ-Ε7Ψ,2024-04-30,ΕΝΤΑΛΜΑ ΠΛΗΡΩΜΗΣ ΙΝΕΞ ΙΑΤΡΙΚΑ Α.Ε (094356041),094356041,ΙΝΕΞ ΙΑΤΡΙΚΑ Α.Ε (094356041),1178.49,,
ΨΧΨΨ4690ΒΧ-ΣΕΜ,2024-04-30,ΕΝΤΑΛΜΑ ΠΛΗΡΩΜΗΣ ΙΝΕΞ ΙΑΤΡΙΚΑ Α.Ε (094356041),094356041,ΙΝΕΞ ΙΑΤΡΙΚΑ Α.Ε (094356041),2046.0,,
94ΙΛ4690ΒΧ-Ξ25,2024-04-30,ΕΝΤΑΛΜΑ ΠΛΗΡΩΜΗΣ ΝΟΣΟΚΟΜΕΙΑΚΗ ΓΡΑΜΜΗ Α.Ε (094396063),094396063,ΝΟΣΟΚΟΜΕΙΑΚΗ ΓΡΑΜΜΗ Α.Ε (094396063),111.6,,
61Θ24690ΒΧ-8ΝΡ,2024-04-30,ΕΝΤΑΛΜΑ ΠΛΗΡΩΜΗΣ ΝΟΣΟΚΟΜΕΙΑΚΗ ΓΡΑΜΜΗ Α.Ε (094396063),094396063,ΝΟΣΟΚΟΜΕΙΑΚΗ ΓΡΑΜΜΗ Α.Ε (094396063),1612.82,,
66ΕΤ4690ΒΧ-84Ν,2024-04-29,ΕΝΤΑΛΜΑ ΠΛΗΡΩΜΗΣ Trauma Care Μονοπρόσωπη ΕΠΕ (800811818),800811818,Trauma Care Μονοπρόσωπη ΕΠΕ (800811818),2503.19,,
69ΤΨ4690ΒΧ-ΓΔ8,2024-04-29,ΕΝΤΑΛΜΑ ΠΛΗΡΩΜΗΣ Trauma Care Μονοπρόσωπη ΕΠΕ (800811818),800811818,Trauma Care Μονοπρόσωπη ΕΠΕ (800811818),4457.88,,
Ψ8804690ΒΧ-Θ5Π,2024-04-29,ΕΝΤΑΛΜΑ ΠΛΗΡΩΜΗΣ Trauma Care Μονοπρόσωπη ΕΠΕ (800811818),800811818,Trauma Care Μονοπρόσωπη ΕΠΕ (800811818),4014.68,,
9ΗΔΜ4690ΒΧ-7ΔΡ,2024-04-29,ΕΝΤΑΛΜΑ ΠΛΗΡΩΜΗΣ Trauma Care Μονοπρόσωπη ΕΠΕ (800811818),800811818,Trauma Care Μονοπρόσωπη ΕΠΕ (800811818),3830.52,,
6Ζ9Θ4690ΒΧ-82Ε,2024-04-29,ΕΝΤΑΛΜΑ ΠΛΗΡΩΜΗΣ Trauma Care Μονοπρόσωπη ΕΠΕ (800811818),800811818,Trauma Care Μονοπρόσωπη ΕΠΕ (800811818),2618.32,,
ΨΞ6Χ4690ΒΧ-ΝΞΩ,2024-04-29,ΕΝΤΑΛΜΑ ΠΛΗΡΩΜΗΣ Trauma Care Μονοπρόσωπη ΕΠΕ (800811818),800811818,Trauma Care Μονοπρόσωπη ΕΠΕ (800811818),41.0,,
6ΗΨΓ4690ΒΧ-ΛΘΙ,2024-04-29,ΕΝΤΑΛΜΑ ΠΛΗΡΩΜΗΣ Trauma Care Μονοπρόσωπη ΕΠΕ (800811818),800811818,Trauma Care Μονοπρόσωπη ΕΠΕ (800811818),3718.99,,
6ΖΔΨ4690ΒΧ-2ΥΙ,2024-04-29,ΕΝΤΑΛΜΑ ΠΛΗΡΩΜΗΣ Health and Iasis Medical Products (800572342),800572342,Health and Iasis Medical Products (800572342),3739.51,,
96394690ΒΧ-ΔΕΝ,2024-04-29,ΕΝΤΑΛΜΑ ΠΛΗΡΩΜΗΣ Health and Iasis Medical Products (800572342),800572342,Health and Iasis Medical Products (800572342),3273.5,,
99ΛΡ4690ΒΧ-Ι2Τ,2024-04-29,ΕΝΤΑΛΜΑ ΠΛΗΡΩΜΗΣ Health and Iasis Medical Products (800572342),800572342,Health and Iasis Medical Products (800572342),4198.7,,
6Ω9Φ4690ΒΧ-02Μ,2024-04-29,ΕΝΤΑΛΜΑ ΠΛΗΡΩΜΗΣ Health and Iasis Medical Products (800572342),800572342,Health and Iasis Medical Products (800572342),3521.42,,
60ΦΓ4690ΒΧ-ΦΦΩ,2024-04-29,ΕΝΤΑΛΜΑ ΠΛΗΡΩΜΗΣ Health and Iasis Medical Products (800572342),800572342,Health and Iasis Medical Products (800572342),4894.36,,
ΨΛΘΝ4690ΒΧ-3Γ7,2024-04-29,ΕΝΤΑΛΜΑ ΠΛΗΡΩΜΗΣ LS.MED M. Ε.Π.Ε (800862068),800862068,LS.MED M. Ε.Π.Ε (800862068),3351.58,,
6ΥΝΝ4690ΒΧ-ΗΡΓ,2024-04-29,ΕΝΤΑΛΜΑ ΠΛΗΡΩΜΗΣ LS.MED M. Ε.Π.Ε (800862068),800862068,LS.MED M. Ε.Π.Ε (800862068),3313.16,,
6Δ2Δ4690ΒΧ-ΘΘ0,2024-04-29,ΕΝΤΑΛΜΑ ΠΛΗΡΩΜΗΣ LS.MED M. Ε.Π.Ε (800862068),800862068,LS.MED M. Ε.Π.Ε (800862068),1098.47,,
9ΛΦΤ4690ΒΧ-Υ9Ε,2024-04-29,ΕΝΤΑΛΜΑ ΠΛΗΡΩΜΗΣ LS.MED M. Ε.Π.Ε (800862068),800862068,LS.MED M. Ε.Π.Ε (800862068),4565.2,,
Ψ94Α4690ΒΧ-0ΛΥ,2024-04-29,ΕΝΤΑΛΜΑ ΠΛΗΡΩΜΗΣ ΔΙΑSYS A.E (998936634),998936634,ΔΙΑSYS A.E (998936634),744.0,,
9ΞΤΩ4690ΒΧ-ΛΥΛ,2024-04-30,ΕΝΤΑΛΜΑ ΠΛΗΡΩΜΗΣ ΚΑΛΤΕΚ ΜΟΝΟΠΡΟΣΩΠΗ Α.Ε. (999307110),999307110,ΚΑΛΤΕΚ ΜΟΝΟΠΡΟΣΩΠΗ Α.Ε. (999307110),197.75,,
ΨΩ5Μ4690ΒΧ-2ΟΕ,2024-04-30,ΕΝΤΑΛΜΑ ΠΛΗΡΩΜΗΣ ΚΑΛΤΕΚ ΜΟΝΟΠΡΟΣΩΠΗ Α.Ε. (999307110),999307110,ΚΑΛΤΕΚ ΜΟΝΟΠΡΟΣΩΠΗ Α.Ε. (999307110),4314.22,,
6ΥΖΓ4690ΒΧ-ΒΕΟ,2024-04-29,ΕΝΤΑΛΜΑ ΠΛΗΡΩΜΗΣ ΓΕΝΙΚΗ ΧΗΜΙΚΩΝ ΠΡΟΙΟΝΤΩΝ Α.Ε (094133588),094133588,ΓΕΝΙΚΗ ΧΗΜΙΚΩΝ ΠΡΟΙΟΝΤΩΝ Α.Ε (094133588),1243.0,,
Ψ9ΓΙ4690ΒΧ-ΟΞ1,2024-04-29,ΕΝΤΑΛΜΑ ΠΛΗΡΩΜΗΣ ΓΕΝΙΚΗ ΧΗΜΙΚΩΝ ΠΡΟΙΟΝΤΩΝ Α.Ε (094133588),094133588,ΓΕΝΙΚΗ ΧΗΜΙΚΩΝ ΠΡΟΙΟΝΤΩΝ Α.Ε (094133588),3573.22,,
93ΛΞ4690ΒΧ-4Φ3,2024-04-29,ΕΝΤΑΛΜΑ ΠΛΗΡΩΜΗΣ ΓΕΝΙΚΗ ΧΗΜΙΚΩΝ ΠΡΟΙΟΝΤΩΝ Α.Ε (094133588),094133588,ΓΕΝΙΚΗ ΧΗΜΙΚΩΝ ΠΡΟΙΟΝΤΩΝ Α.Ε (094133588),2742.6,,
605Τ4690ΒΧ-4ΨΚ,2024-04-29,ΕΝΤΑΛΜΑ ΠΛΗΡΩΜΗΣ ΒΙΟΣΕΡ ΑΕ (094035927),094035927,ΒΙΟΣΕΡ ΑΕ (094035927),508.5,,
9ΠΖΡ4690ΒΧ-ΙΩΠ,2024-04-29,ΕΝΤΑΛΜΑ ΠΛΗΡΩΜΗΣ ΒΙΟΣΕΡ ΑΕ (094035927),094035927,ΒΙΟΣΕΡ ΑΕ (094035927),2034.0,,
9ΥΚΜ4690ΒΧ-ΨΒ6,2024-04-29,ΕΝΤΑΛΜΑ ΠΛΗΡΩΜΗΣ ΑΝΑΣΤΑΣΙΟΣ ΜΑΥΡΟΓΕΝΗΣ Α.Ε. (082525697),082525697,ΑΝΑΣΤΑΣΙΟΣ ΜΑΥΡΟΓΕΝΗΣ Α.Ε. (082525697),3708.0,,
9Ξ514690ΒΧ-70Π,2024-04-29,ΕΝΤΑΛΜΑ ΠΛΗΡΩΜΗΣ ΑΝΑΣΤΑΣΙΟΣ ΜΑΥΡΟΓΕΝΗΣ Α.Ε. (082525697),082525697,ΑΝΑΣΤΑΣΙΟΣ ΜΑΥΡΟΓΕΝΗΣ Α.Ε. (082525697),3075.2,,
6Μ844690ΒΧ-03Η,2024-04-29,ΕΝΤΑΛΜΑ ΠΛΗΡΩΜΗΣ ΑΝΑΣΤΑΣΙΟΣ ΜΑΥΡΟΓΕΝΗΣ Α.Ε. (082525697),082525697,ΑΝΑΣΤΑΣΙΟΣ ΜΑΥΡΟΓΕΝΗΣ Α.Ε. (082525697),3197.9,,
Ψ2274690ΒΧ-ΣΕ3,2024-04-29,ΕΝΤΑΛΜΑ ΠΛΗΡΩΜΗΣ ΑΝΑΣΤΑΣΙΟΣ ΜΑΥΡΟΓΕΝΗΣ Α.Ε. (082525697),082525697,ΑΝΑΣΤΑΣΙΟΣ ΜΑΥΡΟΓΕΝΗΣ Α.Ε. (082525697),4239.5,,
6ΕΠΛ4690ΒΧ-7Α5,2024-04-30,ΕΝΤΑΛΜΑ ΠΛΗΡΩΜΗΣ V   L VIOLAK INTERNATIONAL A.E (099370337),099370337,V   L VIOLAK INTERNATIONAL A.E (099370337),300.6,,
68894690ΒΧ-ΦΚΑ,2024-04-30,ΕΝΤΑΛΜΑ ΠΛΗΡΩΜΗΣ V   L VIOLAK INTERNATIONAL A.E (099370337),099370337,V   L VIOLAK INTERNATIONAL A.E (099370337),638.69,,
91Π44690ΒΧ-5Κ3,2024-04-29,ΕΝΤΑΛΜΑ ΠΛΗΡΩΜΗΣ INSIDE ΙΑΤΡΙΚΕΣ ΤΕΧΝΟΛΟΓΙΕΣ ΜΟΝΟΠΡΟΣΩΠΗ Ι.Κ.Ε. (800777790),800777790,INSIDE ΙΑΤΡΙΚΕΣ ΤΕΧΝΟΛΟΓΙΕΣ ΜΟΝΟΠΡΟΣΩΠΗ Ι.Κ.Ε. (800777790),260.4,,
6ΕΠΣ4690ΒΧ-Α5Υ,2024-04-29,ΕΝΤΑΛΜΑ ΠΛΗΡΩΜΗΣ INSIDE ΙΑΤΡΙΚΕΣ ΤΕΧΝΟΛΟΓΙΕΣ ΜΟΝΟΠΡΟΣΩΠΗ Ι.Κ.Ε. (800777790),800777790,INSIDE ΙΑΤΡΙΚΕΣ ΤΕΧΝΟΛΟΓΙΕΣ ΜΟΝΟΠΡΟΣΩΠΗ Ι.Κ.Ε. (800777790),2861.96,,
91ΓΦ4690ΒΧ-ΦΡ7,2024-04-29,ΕΝΤΑΛΜΑ ΠΛΗΡΩΜΗΣ INSIDE ΙΑΤΡΙΚΕΣ ΤΕΧΝΟΛΟΓΙΕΣ ΜΟΝΟΠΡΟΣΩΠΗ Ι.Κ.Ε. (800777790),800777790,INSIDE ΙΑΤΡΙΚΕΣ ΤΕΧΝΟΛΟΓΙΕΣ ΜΟΝΟΠΡΟΣΩΠΗ Ι.Κ.Ε. (800777790),4682.41,,
Ψ92Ζ4690ΒΧ-ΕΕΔ,2024-04-29,ΕΝΤΑΛΜΑ ΠΛΗΡΩΜΗΣ INSIDE ΙΑΤΡΙΚΕΣ ΤΕΧΝΟΛΟΓΙΕΣ ΜΟΝΟΠΡΟΣΩΠΗ Ι.Κ.Ε. (800777790),800777790,INSIDE ΙΑΤΡΙΚΕΣ ΤΕΧΝΟΛΟΓΙΕΣ ΜΟΝΟΠΡΟΣΩΠΗ Ι.Κ.Ε. (800777790),4937.29,,
6Ι2Π4690ΒΧ-Ν2Δ,2024-04-29,ΕΝΤΑΛΜΑ ΠΛΗΡΩΜΗΣ INSIDE ΙΑΤΡΙΚΕΣ ΤΕΧΝΟΛΟΓΙΕΣ ΜΟΝΟΠΡΟΣΩΠΗ Ι.Κ.Ε. (800777790),800777790,INSIDE ΙΑΤΡΙΚΕΣ ΤΕΧΝΟΛΟΓΙΕΣ ΜΟΝΟΠΡΟΣΩΠΗ Ι.Κ.Ε. (800777790),549.68,,
ΨΑΑΞ4690ΒΧ-Γ6Λ,2024-04-29,ΕΝΤΑΛΜΑ ΠΛΗΡΩΜΗΣ INSIDE ΙΑΤΡΙΚΕΣ ΤΕΧΝΟΛΟΓΙΕΣ ΜΟΝΟΠΡΟΣΩΠΗ Ι.Κ.Ε. (800777790),800777790,INSIDE ΙΑΤΡΙΚΕΣ ΤΕΧΝΟΛΟΓΙΕΣ ΜΟΝΟΠΡΟΣΩΠΗ Ι.Κ.Ε. (800777790),4316.64,,
6ΤΗΡ4690ΒΧ-94Γ,2024-04-29,ΕΝΤΑΛΜΑ ΠΛΗΡΩΜΗΣ BIOGENESYS IKE (099805952),099805952,BIOGENESYS IKE (099805952),3251.01,,
9ΟΒΟ4690ΒΧ-0Η8,2024-04-30,ΕΝΤΑΛΜΑ ΠΛΗΡΩΜΗΣ ΟΡΘΟΠΕΔΙΚΟΣ ΚΟΣΜΟΣ ΚΥΦΙΔΗΣ (999986592),999986592,ΟΡΘΟΠΕΔΙΚΟΣ ΚΟΣΜΟΣ ΚΥΦΙΔΗΣ (999986592),116.96,,
ΨΚΣ24690ΒΧ-603,2024-04-30,ΕΝΤΑΛΜΑ ΠΛΗΡΩΜΗΣ ΜΑΓΕΙΡΑΣ ΔΙΑΓΝ.ΜΗΧΑΝΗΜΑΤΑ Α.Ε. (095444407),095444407,ΜΑΓΕΙΡΑΣ ΔΙΑΓΝ.ΜΗΧΑΝΗΜΑΤΑ Α.Ε. (095444407),262.88,,
ΨΚΡΜ4690ΒΧ-3ΤΡ,2024-04-30,ΕΝΤΑΛΜΑ ΠΛΗΡΩΜΗΣ ΕΝΔΟΣΚΟΠΙΚΗ ΑΕ (094504367),094504367,ΕΝΔΟΣΚΟΠΙΚΗ ΑΕ (094504367),840.72,,
ΨΨΥΗ4690ΒΧ-ΥΗ2,2024-04-30,ΕΝΤΑΛΜΑ ΠΛΗΡΩΜΗΣ ΓΚΑΤΕΞ Α.Ε MEDICAL SUPLIES (093573836),093573836,ΓΚΑΤΕΞ Α.Ε MEDICAL SUPLIES (093573836),191.24,,
68ΕΩ4690ΒΧ-ΛΤΧ,2024-04-30,ΕΝΤΑΛΜΑ ΠΛΗΡΩΜΗΣ ΑΡΘΡΩΣΙΣ ΙΑΤΡΙΚΑ ΕΙΔΗ Α.Ε. (082899566),082899566,ΑΡΘΡΩΣΙΣ ΙΑΤΡΙΚΑ ΕΙΔΗ Α.Ε. (082899566),467.82,,
6Λ054690ΒΧ-Κ3Γ,2024-04-30,ΕΝΤΑΛΜΑ ΠΛΗΡΩΜΗΣ YΓΕΙΟΔΥΝΑΜΙΚΗ Α.Ε (997672386),997672386,YΓΕΙΟΔΥΝΑΜΙΚΗ Α.Ε (997672386),297.6,,
97ΞΑ4690ΒΧ-ΡΗΔ,2024-04-30,ΕΝΤΑΛΜΑ ΠΛΗΡΩΜΗΣ SCITEC ΙΑΤΡΙΚΑ ΣΥΣΤΗΜΑΤΑ Ε.Ε (094457478),094457478,SCITEC ΙΑΤΡΙΚΑ ΣΥΣΤΗΜΑΤΑ Ε.Ε (094457478),21.08,,
6ΦΗΣ4690ΒΧ-ΘΚ0,2024-04-30,ΕΝΤΑΛΜΑ ΠΛΗΡΩΜΗΣ PROGNOSIS BIOTECH Α.Ε. (997845150),997845150,PROGNOSIS BIOTECH Α.Ε. (997845150),691.12,,
ΨΖ704690ΒΧ-Ο3Κ,2024-04-30,ΕΝΤΑΛΜΑ ΠΛΗΡΩΜΗΣ PROGNOSIS BIOTECH Α.Ε. (997845150),997845150,PROGNOSIS BIOTECH Α.Ε. (997845150),72.08,,
Ψ7Α94690ΒΧ-2ΦΧ,2024-04-30,ΕΝΤΑΛΜΑ ΠΛΗΡΩΜΗΣ PAUL HARTMANN Hellas A.E. (999862491),999862491,PAUL HARTMANN Hellas A.E. (999862491),75.6,,
9ΩΡΒ4690ΒΧ-Χ21,2024-04-30,ΕΝΤΑΛΜΑ ΠΛΗΡΩΜΗΣ EUROSUP ΜΟΝ. ΙΚΕ (800715333),800715333,EUROSUP ΜΟΝ. ΙΚΕ (800715333),595.72,,
ΨΦ7Γ4690ΒΧ-ΖΩΒ,2024-04-29,ΕΝΤΑΛΜΑ ΠΛΗΡΩΜΗΣ ΧΑΡΙΤΟΣ   ΣΙΑ Ε.Ε. (800385628),800385628,ΧΑΡΙΤΟΣ   ΣΙΑ Ε.Ε. (800385628),372.0,,
Ψ15Υ4690ΒΧ-ΙΒΧ,2024-04-30,ΕΝΤΑΛΜΑ ΠΛΗΡΩΜΗΣ ΛΕΠΤΟΚΑΡΟΠΟΥΛΟΣ Π. ΚΩΝ/ΝΟΣ (057082952),057082952,ΛΕΠΤΟΚΑΡΟΠΟΥΛΟΣ Π. ΚΩΝ/ΝΟΣ (057082952),89.28,,
ΨΝ2Δ4690ΒΧ-ΞΜΓ,2024-04-30,ΕΝΤΑΛΜΑ ΠΛΗΡΩΜΗΣ ΚΛΕΟΠΑΤΡΑ ΓΚΟΥΒΑ (041699970),041699970,ΚΛΕΟΠΑΤΡΑ ΓΚΟΥΒΑ (041699970),892.3,,
69ΘΕ4690ΒΧ-ΔΛΔ,2024-04-30,ΕΝΤΑΛΜΑ ΠΛΗΡΩΜΗΣ ΕΝΟΡΑΣΙΣ Α.Ε. (094503580),094503580,ΕΝΟΡΑΣΙΣ Α.Ε. (094503580),427.8,,
ΨΘΜ34690ΒΧ-ΨΣ4,2024-04-30,ΕΝΤΑΛΜΑ ΠΛΗΡΩΜΗΣ ΔΕΡΚΑ ΙΑΤΡΙΚΑ ΕΠΕ (999687125),999687125,ΔΕΡΚΑ ΙΑΤΡΙΚΑ ΕΠΕ (999687125),279.0,,
ΨΜΠΣ4690ΒΧ-0Ω8,2024-04-29,ΕΝΤΑΛΜΑ ΠΛΗΡΩΜΗΣ ΒΙΟΠΡΟΜΗΘΕΥΤΙΚΗ ΜΟΝ/ΠΗ ΕΠΕ (099007886),099007886,ΒΙΟΠΡΟΜΗΘΕΥΤΙΚΗ ΜΟΝ/ΠΗ ΕΠΕ (099007886),55.94,,
9ΒΝΟ4690ΒΧ-ΗΞ5,2024-04-30,ΕΝΤΑΛΜΑ ΠΛΗΡΩΜΗΣ ΑΝΑΓΝΩΣΤΟΥ ΧΡΙΣΤΟΔΟΥΛΟΣ   ΣΙΑ Ε.Ε (800324752),800324752,ΑΝΑΓΝΩΣΤΟΥ ΧΡΙΣΤΟΔΟΥΛΟΣ   ΣΙΑ Ε.Ε (800324752),70.06,,
ΨΝΔ64690ΒΧ-Ζ04,2024-04-30,ΕΝΤΑΛΜΑ ΠΛΗΡΩΜΗΣ PRIME BIOSENSES IKE (801230512),801230512,PRIME BIOSENSES IKE (801230512),810.9,,
978Ε4690ΒΧ-6ΦΜ,2024-04-30,ΕΝΤΑΛΜΑ ΠΛΗΡΩΜΗΣ Medical Point .ΧΡ.ΜΟΥΤΑΦΗΣ Ε.Ε (998630320),998630320,Medical Point .ΧΡ.ΜΟΥΤΑΦΗΣ Ε.Ε (998630320),538.41,,
67ΙΟ4690ΒΧ-Ζ1Ν,2024-04-29,ΕΝΤΑΛΜΑ ΠΛΗΡΩΜΗΣ MEDISTEM Ι.Κ.Ε (801324725),801324725,MEDISTEM Ι.Κ.Ε (801324725),1466.74,,
6ΤΞ74690ΒΧ-ΒΩΔ,2024-04-30,ΕΝΤΑΛΜΑ ΠΛΗΡΩΜΗΣ MEDI SUP AE (094447320),094447320,MEDI SUP AE (094447320),672.35,,
Ψ9Λ84690ΒΧ-ΝΚ7,2024-04-30,ΕΝΤΑΛΜΑ ΠΛΗΡΩΜΗΣ Drager Hellas S.A. (997799268),997799268,Drager Hellas S.A. (997799268),210.8,,
6ΚΠΩ4690ΒΧ-ΖΟΝ,2024-04-30,ΕΝΤΑΛΜΑ ΠΛΗΡΩΜΗΣ DIACHEL ΔΙΑΓΝ.-ΧΗΜ.ΟΡΓ.Ε.Π.Ε. (095341314),095341314,DIACHEL ΔΙΑΓΝ.-ΧΗΜ.ΟΡΓ.Ε.Π.Ε. (095341314),29.68,,
ΨΓΩ14690ΒΧ-ΖΣ0,2024-04-25,ΕΝΤΑΛΜΑ ΠΛΗΡΩΜΗΣ ΄΄ΦΑΡΜΑ ΚΙΡΚΗ΄΄ ΕΙΡΗΝΗ ΦΕΡΕΝΤΙΝΟΥ ΜΟΝ/ΠΗ ΙΚΕ (800908604),800908604,΄΄ΦΑΡΜΑ ΚΙΡΚΗ΄΄ ΕΙΡΗΝΗ ΦΕΡΕΝΤΙΝΟΥ ΜΟΝ/ΠΗ ΙΚΕ (800908604),9163.17,,
ΨΕ4Α4690ΒΧ-ΨΜΑ,2024-04-29,ΕΝΤΑΛΜΑ ΠΛΗΡΩΜΗΣ Κωστας Α.Παπαέλληνας(ΕλλάςΑΕΒΕ) (094075360),094075360,Κωστας Α.Παπαέλληνας(ΕλλάςΑΕΒΕ) (094075360),2936.74,,
ΨΠΝΓ4690ΒΧ-ΤΙΤ,2024-04-29,ΕΝΤΑΛΜΑ ΠΛΗΡΩΜΗΣ Κωστας Α.Παπαέλληνας(ΕλλάςΑΕΒΕ) (094075360),094075360,Κωστας Α.Παπαέλληνας(ΕλλάςΑΕΒΕ) (094075360),233.0,,
6Ι2Ν4690ΒΧ-Θ1Ν,2024-04-29,ΕΝΤΑΛΜΑ ΠΛΗΡΩΜΗΣ ΕΥΡΟΜΑΡΤ Α.Ε. (094284004),094284004,ΕΥΡΟΜΑΡΤ Α.Ε. (094284004),986.9,,
6ΔΙΓ4690ΒΧ-ΥΟΙ,2024-04-29,ΕΝΤΑΛΜΑ ΠΛΗΡΩΜΗΣ ΕΥΡΟΜΑΡΤ Α.Ε. (094284004),094284004,ΕΥΡΟΜΑΡΤ Α.Ε. (094284004),403.55,,
ΨΒΟΞ4690ΒΧ-Β0Κ,2024-04-29,ΕΝΤΑΛΜΑ ΠΛΗΡΩΜΗΣ ΕΥΡΟΜΑΡΤ Α.Ε. (094284004),094284004,ΕΥΡΟΜΑΡΤ Α.Ε. (094284004),1141.47,,
9ΒΧΤ4690ΒΧ-Ρ2Τ,2024-04-29,ΕΝΤΑΛΜΑ ΠΛΗΡΩΜΗΣ ΕΛΛΕΝΚΟ Α.Ε. (094074824),094074824,ΕΛΛΕΝΚΟ Α.Ε. (094074824),43.23,,
6ΞΥΥ4690ΒΧ-77Χ,2024-04-29,ΕΝΤΑΛΜΑ ΠΛΗΡΩΜΗΣ ΕΛΛΕΝΚΟ Α.Ε. (094074824),094074824,ΕΛΛΕΝΚΟ Α.Ε. (094074824),485.9,,
6ΧΚΨ4690ΒΧ-ΔΘΒ,2024-04-29,ΕΝΤΑΛΜΑ ΠΛΗΡΩΜΗΣ ΓΕΡΟΛΥΜΑΤΟΣ INTERNATIONAL Α.Ε.Β.Ε. (094105111),094105111,ΓΕΡΟΛΥΜΑΤΟΣ INTERNATIONAL Α.Ε.Β.Ε. (094105111),66.83,,
9ΘΜΜ4690ΒΧ-2Ω5,2024-04-29,ΕΝΤΑΛΜΑ ΠΛΗΡΩΜΗΣ Γ.ΚΑΛΟΥΣΟΣ   ΣΙΑ Ο.Ε (999331551),999331551,Γ.ΚΑΛΟΥΣΟΣ   ΣΙΑ Ο.Ε (999331551),435.71,,
ΨΒΥΗ4690ΒΧ-ΟΛΕ,2024-04-29,ΕΝΤΑΛΜΑ ΠΛΗΡΩΜΗΣ ΑΠ.ΘΩΜΑΔΑΚΗΣ   ΣΙΑ ΕΕ (998210454),998210454,ΑΠ.ΘΩΜΑΔΑΚΗΣ   ΣΙΑ ΕΕ (998210454),477.28,,
90Ψ94690ΒΧ-Ν2Η,2024-04-29,ΕΝΤΑΛΜΑ ΠΛΗΡΩΜΗΣ TELEFLEX MEDICAL ΕΛΛΑΣ ΑΕΕ (094429990),094429990,TELEFLEX MEDICAL ΕΛΛΑΣ ΑΕΕ (094429990),595.2,,
9ΠΡΤ4690ΒΧ-ΨΚΤ,2024-04-29,ΕΝΤΑΛΜΑ ΠΛΗΡΩΜΗΣ TELEFLEX MEDICAL ΕΛΛΑΣ ΑΕΕ (094429990),094429990,TELEFLEX MEDICAL ΕΛΛΑΣ ΑΕΕ (094429990),257.64,,
9ΡΖ54690ΒΧ-Ζ2Γ,2024-04-29,ΕΝΤΑΛΜΑ ΠΛΗΡΩΜΗΣ TELEFLEX MEDICAL ΕΛΛΑΣ ΑΕΕ (094429990),094429990,TELEFLEX MEDICAL ΕΛΛΑΣ ΑΕΕ (094429990),179.36,,
6Μ074690ΒΧ-ΒΩ6,2024-04-29,ΕΝΤΑΛΜΑ ΠΛΗΡΩΜΗΣ TELEFLEX MEDICAL ΕΛΛΑΣ ΑΕΕ (094429990),094429990,TELEFLEX MEDICAL ΕΛΛΑΣ ΑΕΕ (094429990),144.64,,
6ΣΟΚ4690ΒΧ-7ΟΚ,2024-04-29,ΕΝΤΑΛΜΑ ΠΛΗΡΩΜΗΣ Medtronic Hellas Ιατρικά Μηχανήματα Μονοπρόσωπη Α.Ε.Ε. (094498111),094498111,Medtronic Hellas Ιατρικά Μηχανήματα Μονοπρόσωπη Α.Ε.Ε. (094498111),1527.68,,
Ψ6ΓΥ4690ΒΧ-Ε5Τ,2024-04-29,ΕΝΤΑΛΜΑ ΠΛΗΡΩΜΗΣ Medtronic Hellas Ιατρικά Μηχανήματα Μονοπρόσωπη Α.Ε.Ε. (094498111),094498111,Medtronic Hellas Ιατρικά Μηχανήματα Μονοπρόσωπη Α.Ε.Ε. (094498111),81.84,,
Ψ0ΠΘ4690ΒΧ-Ξ1Α,2024-04-29,ΕΝΤΑΛΜΑ ΠΛΗΡΩΜΗΣ '' MART HELLAS S.A'' (999401508),999401508,'' MART HELLAS S.A'' (999401508),824.6,,
675Δ4690ΒΧ-ΘΒ1,2024-04-29,ΕΝΤΑΛΜΑ ΠΛΗΡΩΜΗΣ  EPIRUS GAS ΓΕΩΡΓΙΟΣ ΨΟΧΙΟΣ   ΥΙΟΣ Ο.Ε (997861308),997861308,EPIRUS GAS ΓΕΩΡΓΙΟΣ ΨΟΧΙΟΣ   ΥΙΟΣ Ο.Ε (997861308),753.07,,
ΨΑΡΛ4690ΒΧ-8ΗΠ,2024-04-29,ΕΝΤΑΛΜΑ ΠΛΗΡΩΜΗΣ BIOGENESYS IKE (099805952),099805952,BIOGENESYS IKE (099805952),2825.0,,
ΨΔΡΥ4690ΒΧ-ΑΑ9,2024-04-29,ΕΝΤΑΛΜΑ ΠΛΗΡΩΜΗΣ BIOGENESYS IKE (099805952),099805952,BIOGENESYS IKE (099805952),5150.54,,
6ΣΥΛ4690ΒΧ-ΒΝΖ,2024-04-29,ΕΝΤΑΛΜΑ ΠΛΗΡΩΜΗΣ BIOGENESYS IKE (099805952),099805952,BIOGENESYS IKE (099805952),2575.27,,
92Ο14690ΒΧ-ΙΒΩ,2024-04-29,ΕΝΤΑΛΜΑ ΠΛΗΡΩΜΗΣ BIOGENESYS IKE (099805952),099805952,BIOGENESYS IKE (099805952),2825.0,,
Ρ3124690ΒΧ-0ΙΔ,2024-04-29,ΕΝΤΑΛΜΑ ΠΛΗΡΩΜΗΣ BIOGENESYS IKE (099805952),099805952,BIOGENESYS IKE (099805952),1952.64,,
ΡΨΨΠ4690ΒΧ-Τ2Β,2024-04-29,ΕΝΤΑΛΜΑ ΠΛΗΡΩΜΗΣ BIOGENESYS IKE (099805952),099805952,BIOGENESYS IKE (099805952),2575.27,,
9ΦΗΩ4690ΒΧ-4ΣΘ,2024-04-29,ΕΝΤΑΛΜΑ ΠΛΗΡΩΜΗΣ BIOGENESYS IKE (099805952),099805952,BIOGENESYS IKE (099805952),2823.87,,
ΡΕΒ64690ΒΧ-ΗΛΩ,2024-04-29,ΕΝΤΑΛΜΑ ΠΛΗΡΩΜΗΣ ALLMED EE (997564511),997564511,ALLMED EE (997564511),2081.02,,
9Λ1Α4690ΒΧ-ΦΧ0,2024-04-26,ΕΝΤΑΛΜΑ ΠΛΗΡΩΜΗΣ VAKTRO SCIENTIFIC ΣΤΑΥΡΟΣ ΑΓΓΕΛΟΠΟΥΛΟΣ   ΣΙΑ Ο.Ε (084221869),084221869,VAKTRO SCIENTIFIC ΣΤΑΥΡΟΣ ΑΓΓΕΛΟΠΟΥΛΟΣ   ΣΙΑ Ο.Ε (084221869),29760.0,,
9Χ7Ε4690ΒΧ-ΞΥ5,2024-04-26,ΕΝΤΑΛΜΑ ΠΛΗΡΩΜΗΣ VAKTRO SCIENTIFIC ΣΤΑΥΡΟΣ ΑΓΓΕΛΟΠΟΥΛΟΣ   ΣΙΑ Ο.Ε (084221869),084221869,VAKTRO SCIENTIFIC ΣΤΑΥΡΟΣ ΑΓΓΕΛΟΠΟΥΛΟΣ   ΣΙΑ Ο.Ε (084221869),159.0,,
93ΙΑ4690ΒΧ-ΜΩΧ,2024-04-26,ΕΝΤΑΛΜΑ ΠΛΗΡΩΜΗΣ VAKTRO SCIENTIFIC ΣΤΑΥΡΟΣ ΑΓΓΕΛΟΠΟΥΛΟΣ   ΣΙΑ Ο.Ε (084221869),084221869,VAKTRO SCIENTIFIC ΣΤΑΥΡΟΣ ΑΓΓΕΛΟΠΟΥΛΟΣ   ΣΙΑ Ο.Ε (084221869),3286.0,,
9ΕΣΡ4690ΒΧ-7ΜΗ,2024-04-26,ΕΝΤΑΛΜΑ ΠΛΗΡΩΜΗΣ VAKTRO SCIENTIFIC ΣΤΑΥΡΟΣ ΑΓΓΕΛΟΠΟΥΛΟΣ   ΣΙΑ Ο.Ε (084221869),084221869,VAKTRO SCIENTIFIC ΣΤΑΥΡΟΣ ΑΓΓΕΛΟΠΟΥΛΟΣ   ΣΙΑ Ο.Ε (084221869),4426.0,,
6ΓΗΘ4690ΒΧ-14Φ,2024-04-26,ΕΝΤΑΛΜΑ ΠΛΗΡΩΜΗΣ VAKTRO SCIENTIFIC ΣΤΑΥΡΟΣ ΑΓΓΕΛΟΠΟΥΛΟΣ   ΣΙΑ Ο.Ε (084221869),084221869,VAKTRO SCIENTIFIC ΣΤΑΥΡΟΣ ΑΓΓΕΛΟΠΟΥΛΟΣ   ΣΙΑ Ο.Ε (084221869),2431.2,,
9ΗΖΨ4690ΒΧ-62Ρ,2024-04-26,ΕΝΤΑΛΜΑ ΠΛΗΡΩΜΗΣ VAKTRO SCIENTIFIC ΣΤΑΥΡΟΣ ΑΓΓΕΛΟΠΟΥΛΟΣ   ΣΙΑ Ο.Ε (084221869),084221869,VAKTRO SCIENTIFIC ΣΤΑΥΡΟΣ ΑΓΓΕΛΟΠΟΥΛΟΣ   ΣΙΑ Ο.Ε (084221869),424.0,,
9ΠΒΛ4690ΒΧ-2ΔΝ,2024-04-26,ΕΝΤΑΛΜΑ ΠΛΗΡΩΜΗΣ ΚΑΧΙΩΝΗΣ Α.Π.ΙΩΑΚΕΙΜΙΔΟΥ Ο.Ε KI-Constructions (998170464),998170464,ΚΑΧΙΩΝΗΣ Α.Π.ΙΩΑΚΕΙΜΙΔΟΥ Ο.Ε KI-Constructions (998170464),3255.0,,
ΨΣΒΛ4690ΒΧ-Α78,2024-04-26,ΕΝΤΑΛΜΑ ΠΛΗΡΩΜΗΣ ΚΑΧΙΩΝΗΣ Α.Π.ΙΩΑΚΕΙΜΙΔΟΥ Ο.Ε KI-Constructions (998170464),998170464,ΚΑΧΙΩΝΗΣ Α.Π.ΙΩΑΚΕΙΜΙΔΟΥ Ο.Ε KI-Constructions (998170464),3087.6,,
ΨΔ3Δ4690ΒΧ-623,2024-04-26,ΕΝΤΑΛΜΑ ΠΛΗΡΩΜΗΣ ΚΑΧΙΩΝΗΣ Α.Π.ΙΩΑΚΕΙΜΙΔΟΥ Ο.Ε KI-Constructions (998170464),998170464,ΚΑΧΙΩΝΗΣ Α.Π.ΙΩΑΚΕΙΜΙΔΟΥ Ο.Ε KI-Constructions (998170464),2544.48,,
Ψ8Μ44690ΒΧ-ΜΙΝ,2024-04-26,ΕΝΤΑΛΜΑ ΠΛΗΡΩΜΗΣ ΑΝΑΣΤΑΣΙΟΣ ΔΙΓΚΑΣ Ι.Κ.Ε. (997826122),997826122,ΑΝΑΣΤΑΣΙΟΣ ΔΙΓΚΑΣ Ι.Κ.Ε. (997826122),2165.02,,
ΨΛΔΨ4690ΒΧ-ΤΧΣ,2024-04-25,ΕΝΤΑΛΜΑ ΠΛΗΡΩΜΗΣ ΓΕΩΡΓΙΟΣ ΚΕΦΑΛΑΣ ΣΙΑ Ε.Ε (801925973),801925973,ΓΕΩΡΓΙΟΣ ΚΕΦΑΛΑΣ ΣΙΑ Ε.Ε (801925973),1972.11,,
ΨΖ5Δ4690ΒΧ-Ξ3Β,2024-04-25,ΕΝΤΑΛΜΑ ΠΛΗΡΩΜΗΣ ΓΕΩΡΓΙΟΣ ΚΕΦΑΛΑΣ ΣΙΑ Ε.Ε (801925973),801925973,ΓΕΩΡΓΙΟΣ ΚΕΦΑΛΑΣ ΣΙΑ Ε.Ε (801925973),1666.06,,
ΨΠΑ14690ΒΧ-ΘΛ7,2024-04-26,ΕΝΤΑΛΜΑ ΠΛΗΡΩΜΗΣ THERMOGRAFICA HELLAS ΕΠΕ (095083787),095083787,THERMOGRAFICA HELLAS ΕΠΕ (095083787),111.6,,
6ΣΜ04690ΒΧ-ΘΤΜ,2024-04-26,ΕΝΤΑΛΜΑ ΠΛΗΡΩΜΗΣ THERMOGRAFICA HELLAS ΕΠΕ (095083787),095083787,THERMOGRAFICA HELLAS ΕΠΕ (095083787),618.76,,
Ψ0ΤΨ4690ΒΧ-ΟΗ7,2024-04-26,ΕΝΤΑΛΜΑ ΠΛΗΡΩΜΗΣ THERMOGRAFICA HELLAS ΕΠΕ (095083787),095083787,THERMOGRAFICA HELLAS ΕΠΕ (095083787),2604.0,,
6ΡΗ44690ΒΧ-ΩΞΔ,2024-04-25,ΕΝΤΑΛΜΑ ΠΛΗΡΩΜΗΣ LIFE SCIENCE CHEMΙLAB A.E (997982917),997982917,LIFE SCIENCE CHEMΙLAB A.E (997982917),2484.79,,
63Α14690ΒΧ-Γ4Δ,2024-04-25,ΕΝΤΑΛΜΑ ΠΛΗΡΩΜΗΣ LIFE SCIENCE CHEMΙLAB A.E (997982917),997982917,LIFE SCIENCE CHEMΙLAB A.E (997982917),277.26,,
ΨΕΒ14690ΒΧ-ΣΩΓ,2024-04-25,ΕΝΤΑΛΜΑ ΠΛΗΡΩΜΗΣ ΛΑΥΡΑΝΟΣ ΟΜΗΡΟΣ (102561232),102561232,ΛΑΥΡΑΝΟΣ ΟΜΗΡΟΣ (102561232),1851.02,,
6Σ9Ρ4690ΒΧ-ΒΚΑ,2024-04-30,ΕΝΤΑΛΜΑ ΠΛΗΡΩΜΗΣ ΜΠΕΝΕΖΗ ΣΟΦΙΑ ΗΛΙΑΣ (105805168),105805168,ΜΠΕΝΕΖΗ ΣΟΦΙΑ ΗΛΙΑΣ (105805168),289.63,,
62894690ΒΧ-ΘΙΘ,2024-04-30,ΕΝΤΑΛΜΑ ΠΛΗΡΩΜΗΣ ΜΠΕΝΕΖΗ ΣΟΦΙΑ ΗΛΙΑΣ (105805168),105805168,ΜΠΕΝΕΖΗ ΣΟΦΙΑ ΗΛΙΑΣ (105805168),1351.6,,
6Ψ914690ΒΧ-0Β3,2024-04-30,ΕΝΤΑΛΜΑ ΠΛΗΡΩΜΗΣ ΣΑΚΚΑΣ ΛΑΜΠΡΟΣ (018713420),018713420,ΣΑΚΚΑΣ ΛΑΜΠΡΟΣ (018713420),1162.36,,
Ψ2ΒΧ4690ΒΧ-ΤΓΩ,2024-04-30,ΕΝΤΑΛΜΑ ΠΛΗΡΩΜΗΣ ΣΑΚΚΑΣ ΛΑΜΠΡΟΣ (018713420),018713420,ΣΑΚΚΑΣ ΛΑΜΠΡΟΣ (018713420),918.13,,
6ΥΔΖ4690ΒΧ-Π4Π,2024-04-30,ΕΝΤΑΛΜΑ ΠΛΗΡΩΜΗΣ ΣΑΚΚΑΣ ΛΑΜΠΡΟΣ (018713420),018713420,ΣΑΚΚΑΣ ΛΑΜΠΡΟΣ (018713420),1258.17,,
6Ξ974690ΒΧ-Ψ4Α,2024-04-30,ΕΝΤΑΛΜΑ ΠΛΗΡΩΜΗΣ ΣΑΚΚΑΣ ΛΑΜΠΡΟΣ (018713420),018713420,ΣΑΚΚΑΣ ΛΑΜΠΡΟΣ (018713420),1622.66,,
Ψ5194690ΒΧ-ΑΗΜ,2024-04-30,ΕΝΤΑΛΜΑ ΠΛΗΡΩΜΗΣ ΔΙΣΝΙΤΣΑΣ ΛΕΩΝΙΔΑΣ (029818051),029818051,ΔΙΣΝΙΤΣΑΣ ΛΕΩΝΙΔΑΣ (029818051),3682.48,,
ΨΓ484690ΒΧ-ΚΜΖ,2024-04-30,ΕΝΤΑΛΜΑ ΠΛΗΡΩΜΗΣ ΓΕΩΡΓΙΟΣ ΜΑΡΚΟΥΙΖΟΣ (022050942),022050942,ΓΕΩΡΓΙΟΣ ΜΑΡΚΟΥΙΖΟΣ (022050942),6706.94,,
6ΙΧ54690ΒΧ-ΙΘ9,2024-04-30,ΕΝΤΑΛΜΑ ΠΛΗΡΩΜΗΣ ΓΕΩΡΓΙΟΣ ΜΑΡΚΟΥΙΖΟΣ (022050942),022050942,ΓΕΩΡΓΙΟΣ ΜΑΡΚΟΥΙΖΟΣ (022050942),292.67,,
Ψ16Χ4690ΒΧ-59Η,2024-04-25,ΕΝΤΑΛΜΑ ΠΛΗΡΩΜΗΣ ΦΡΟΝΕΙΝ ΙΚΕ (800870900),800870900,ΦΡΟΝΕΙΝ ΙΚΕ (800870900),3720.0,,
937Γ4690ΒΧ-Δ61,2024-04-26,ΕΝΤΑΛΜΑ ΠΛΗΡΩΜΗΣ ΠΕΤΡΟΣ ΧΑΡ.ΚΟΣΜΙΔΗΣ   ΣΙΑ Ε.Ε. (999685389),999685389,ΠΕΤΡΟΣ ΧΑΡ.ΚΟΣΜΙΔΗΣ   ΣΙΑ Ε.Ε. (999685389),322.4,,
6Η2Ψ4690ΒΧ-ΔΘΔ,2024-04-26,ΕΝΤΑΛΜΑ ΠΛΗΡΩΜΗΣ ΠΕΤΡΟΣ ΧΑΡ.ΚΟΣΜΙΔΗΣ   ΣΙΑ Ε.Ε. (999685389),999685389,ΠΕΤΡΟΣ ΧΑΡ.ΚΟΣΜΙΔΗΣ   ΣΙΑ Ε.Ε. (999685389),1078.8,,
Ψ9ΡΙ4690ΒΧ-Σ5Ε,2024-04-25,ΕΝΤΑΛΜΑ ΠΛΗΡΩΜΗΣ ΠΑΝΕΠΙΣΤΗΜΙΟ ΠΑΤΡΩΝ ΕΛΚΕ (998219694),998219694,ΠΑΝΕΠΙΣΤΗΜΙΟ ΠΑΤΡΩΝ ΕΛΚΕ (998219694),3685.28,,
Ψ5ΞΛ4690ΒΧ-ΘΚΓ,2024-04-26,ΕΝΤΑΛΜΑ ΠΛΗΡΩΜΗΣ Ν.ΠΡΟΚΟΣ   ΣΙΑ Ο.Ε. (999426109),999426109,Ν.ΠΡΟΚΟΣ   ΣΙΑ Ο.Ε. (999426109),239.38,,
Ρ6ΞΤ4690ΒΧ-ΘΚΝ,2024-04-26,ΕΝΤΑΛΜΑ ΠΛΗΡΩΜΗΣ ΙΑΤΡΙΚΑ ΒΟΗΘΗΜΑΤΑ Ι.Κ.Ε (999815729),999815729,ΙΑΤΡΙΚΑ ΒΟΗΘΗΜΑΤΑ Ι.Κ.Ε (999815729),367.8,,
92ΤΚ4690ΒΧ-ΙΕΩ,2024-04-25,ΕΝΤΑΛΜΑ ΠΛΗΡΩΜΗΣ ΕΥΣΤΑΘΙΟΣ Γ.ΤΣΙΓΚΡΗΣ Ε.Π.Ε. (999893375),999893375,ΕΥΣΤΑΘΙΟΣ Γ.ΤΣΙΓΚΡΗΣ Ε.Π.Ε. (999893375),3276.24,,
6Ψ874690ΒΧ-Ο3Χ,2024-04-26,ΕΝΤΑΛΜΑ ΠΛΗΡΩΜΗΣ ΑΝΤΙ-ΣΕΛ ΑΦΟΙ Α. ΣΕΛΙΔΗ ΑΕ (091569759),091569759,ΑΝΤΙ-ΣΕΛ ΑΦΟΙ Α. ΣΕΛΙΔΗ ΑΕ (091569759),124.0,,
653Ν4690ΒΧ-ΨΜΑ,2024-04-26,ΕΝΤΑΛΜΑ ΠΛΗΡΩΜΗΣ ΑΝΤΙ-ΣΕΛ ΑΦΟΙ Α. ΣΕΛΙΔΗ ΑΕ (091569759),091569759,ΑΝΤΙ-ΣΕΛ ΑΦΟΙ Α. ΣΕΛΙΔΗ ΑΕ (091569759),756.4,,
6Ω4Δ4690ΒΧ-77Γ,2024-04-25,ΕΝΤΑΛΜΑ ΠΛΗΡΩΜΗΣ Α.Μ.ΒΙΔΑΛΗΣ INTERNATIONAL ΙΚΕ (095185177),095185177,Α.Μ.ΒΙΔΑΛΗΣ INTERNATIONAL ΙΚΕ (095185177),2529.6,,
9ΚΒ24690ΒΧ-ΕΦΑ,2024-04-25,ΕΝΤΑΛΜΑ ΠΛΗΡΩΜΗΣ SIEMENS HEALTHINERS A.E. (094456875),094456875,SIEMENS HEALTHINERS A.E. (094456875),3642.51,,
6Ω8Σ4690ΒΧ-0ΒΤ,2024-04-25,ΕΝΤΑΛΜΑ ΠΛΗΡΩΜΗΣ SIEMENS HEALTHINERS A.E. (094456875),094456875,SIEMENS HEALTHINERS A.E. (094456875),3642.51,,
94ΖΛ4690ΒΧ-Α87,2024-04-25,ΕΝΤΑΛΜΑ ΠΛΗΡΩΜΗΣ SIEMENS HEALTHINERS A.E. (094456875),094456875,SIEMENS HEALTHINERS A.E. (094456875),3642.51,,
6ΧΤΡ4690ΒΧ-ΚΩ4,2024-04-25,ΕΝΤΑΛΜΑ ΠΛΗΡΩΜΗΣ Payroll Software   Services Real Solutions Ι.Κ.Ε (800498280),800498280,Payroll Software   Services Real Solutions Ι.Κ.Ε (800498280),2873.7,,
96ΧΕ4690ΒΧ-ΟΔ7,2024-04-26,ΕΝΤΑΛΜΑ ΠΛΗΡΩΜΗΣ MILONAS HEALTH A.E. (998179225),998179225,MILONAS HEALTH A.E. (998179225),1280.67,,
6ΦΟ34690ΒΧ-Ν3Ε,2024-04-26,ΕΝΤΑΛΜΑ ΠΛΗΡΩΜΗΣ MILONAS HEALTH A.E. (998179225),998179225,MILONAS HEALTH A.E. (998179225),101.62,,
6Ζ9Ρ4690ΒΧ-263,2024-04-25,ΕΝΤΑΛΜΑ ΠΛΗΡΩΜΗΣ KARL STORZ-ΕΝΔΟΣΚΟΠΙΑ ΕΛΛΑΔΟΣ Ε.Π.Ε (998361490),998361490,KARL STORZ-ΕΝΔΟΣΚΟΠΙΑ ΕΛΛΑΔΟΣ Ε.Π.Ε (998361490),10298.2,,
ΨΨ444690ΒΧ-ΨΚΨ,2024-04-25,ΕΝΤΑΛΜΑ ΠΛΗΡΩΜΗΣ KARL STORZ-ΕΝΔΟΣΚΟΠΙΑ ΕΛΛΑΔΟΣ Ε.Π.Ε (998361490),998361490,KARL STORZ-ΕΝΔΟΣΚΟΠΙΑ ΕΛΛΑΔΟΣ Ε.Π.Ε (998361490),2480.0,,
ΨΝ024690ΒΧ-ΚΩΜ,2024-04-25,ΕΝΤΑΛΜΑ ΠΛΗΡΩΜΗΣ KARL STORZ-ΕΝΔΟΣΚΟΠΙΑ ΕΛΛΑΔΟΣ Ε.Π.Ε (998361490),998361490,KARL STORZ-ΕΝΔΟΣΚΟΠΙΑ ΕΛΛΑΔΟΣ Ε.Π.Ε (998361490),6386.0,,
ΨΡΝΚ4690ΒΧ-ΟΘ8,2024-04-25,ΕΝΤΑΛΜΑ ΠΛΗΡΩΜΗΣ KARL STORZ-ΕΝΔΟΣΚΟΠΙΑ ΕΛΛΑΔΟΣ Ε.Π.Ε (998361490),998361490,KARL STORZ-ΕΝΔΟΣΚΟΠΙΑ ΕΛΛΑΔΟΣ Ε.Π.Ε (998361490),682.0,,
9ΞΕΟ4690ΒΧ-Λ1Ο,2024-04-25,ΕΝΤΑΛΜΑ ΠΛΗΡΩΜΗΣ KARL STORZ-ΕΝΔΟΣΚΟΠΙΑ ΕΛΛΑΔΟΣ Ε.Π.Ε (998361490),998361490,KARL STORZ-ΕΝΔΟΣΚΟΠΙΑ ΕΛΛΑΔΟΣ Ε.Π.Ε (998361490),2604.0,,
6ΝΜΙ4690ΒΧ-ΧΑΑ,2024-04-26,ΕΝΤΑΛΜΑ ΠΛΗΡΩΜΗΣ COOLPRO O.E (801336029),801336029,COOLPRO O.E (801336029),582.8,,
91Α64690ΒΧ-1ΘΖ,2024-04-09,ΕΝΤΑΛΜΑ ΠΛΗΡΩΜΗΣ ΔΗΜ.ΕΠΙΧ/ΣΗ ΗΛΕΚΤΡΙΣΜΟΥ ΑΕ (090000045),090000045,ΔΗΜ.ΕΠΙΧ/ΣΗ ΗΛΕΚΤΡΙΣΜΟΥ ΑΕ (090000045),93047.39,,
ΡΠ8Ζ4690ΒΧ-ΘΒΙ,2024-04-24,ΕΝΤΑΛΜΑ ΠΛΗΡΩΜΗΣ INTER MEDICA ΕΜΜ.Τ.ΤΖΑΝΙΔΑΚΗΣ (011651035),011651035,INTER MEDICA ΕΜΜ.Τ.ΤΖΑΝΙΔΑΚΗΣ (011651035),2167.52,,
ΡΡΨ54690ΒΧ-9Δ4,2024-04-24,ΕΝΤΑΛΜΑ ΠΛΗΡΩΜΗΣ INTER MEDICA ΕΜΜ.Τ.ΤΖΑΝΙΔΑΚΗΣ (011651035),011651035,INTER MEDICA ΕΜΜ.Τ.ΤΖΑΝΙΔΑΚΗΣ (011651035),4108.52,,
ΡΟΡΘ4690ΒΧ-ΥΦΚ,2024-04-26,ΕΝΤΑΛΜΑ ΠΛΗΡΩΜΗΣ ΣΥΜΕΩΝΙΔΗΣ ΒΑΣ. ΧΑΡΑΛΑΜΠΟΣ (125190308),125190308,ΣΥΜΕΩΝΙΔΗΣ ΒΑΣ. ΧΑΡΑΛΑΜΠΟΣ (125190308),79.36,,
69Ρ74690ΒΧ-ΞΘ7,2024-04-26,ΕΝΤΑΛΜΑ ΠΛΗΡΩΜΗΣ ΣΚΟΥΡΤΗΣ Αγγ.ΧΑΡΑΛΑΜΠΟΣ (046496934),046496934,ΣΚΟΥΡΤΗΣ Αγγ.ΧΑΡΑΛΑΜΠΟΣ (046496934),892.8,,
95ΕΦ4690ΒΧ-Α7Η,2024-04-26,ΕΝΤΑΛΜΑ ΠΛΗΡΩΜΗΣ ΠΑΡΙΜΕΝΤ ΙΑΤΡΙΚΟΣ ΕΞΟΠΛΙΣΜΟΣ ΑΕ (094508502),094508502,ΠΑΡΙΜΕΝΤ ΙΑΤΡΙΚΟΣ ΕΞΟΠΛΙΣΜΟΣ ΑΕ (094508502),294.13,,
Ρ6Π34690ΒΧ-Ο8Ω,2024-04-26,ΕΝΤΑΛΜΑ ΠΛΗΡΩΜΗΣ ΠΑΠΑΠΟΣΤΟΛΟΥ Ν-Α.Ε (095029193),095029193,ΠΑΠΑΠΟΣΤΟΛΟΥ Ν-Α.Ε (095029193),49.6,,
6ΖΑ94690ΒΧ-ΦΝΤ,2024-04-25,ΕΝΤΑΛΜΑ ΠΛΗΡΩΜΗΣ ΝΙΚΟΛΑΟΣ ΚΟΥΡΤΗΣ   ΣΙΑ Ε.Ε (997915143),997915143,ΝΙΚΟΛΑΟΣ ΚΟΥΡΤΗΣ   ΣΙΑ Ε.Ε (997915143),907.57,,
95ΣΑ4690ΒΧ-ΡΧΜ,2024-04-25,ΕΝΤΑΛΜΑ ΠΛΗΡΩΜΗΣ ΜΠΑΛΑΣΚΑΣ ΓΕΩΡΓΙΟΣ (073571028),073571028,ΜΠΑΛΑΣΚΑΣ ΓΕΩΡΓΙΟΣ (073571028),883.95,,
9ΝΡΠ4690ΒΧ-5Μ3,2024-04-26,ΕΝΤΑΛΜΑ ΠΛΗΡΩΜΗΣ ΜΗΧΑΝΟΛΟΓΙΚΕΣ ΕΦΑΡΜΟΓΕΣ Ε.Π.Ε. (099078941),099078941,ΜΗΧΑΝΟΛΟΓΙΚΕΣ ΕΦΑΡΜΟΓΕΣ Ε.Π.Ε. (099078941),384.4,,
6ΨΥ34690ΒΧ-4Μ1,2024-04-25,ΕΝΤΑΛΜΑ ΠΛΗΡΩΜΗΣ ΛΟΥΛΟΥΔΗΣ ΛΕΩΝΙΔΑΣ ΜΟΝ. ΙΚΕ (801458499),801458499,ΛΟΥΛΟΥΔΗΣ ΛΕΩΝΙΔΑΣ ΜΟΝ. ΙΚΕ (801458499),1012.66,,
98Σ64690ΒΧ-639,2024-04-25,ΕΝΤΑΛΜΑ ΠΛΗΡΩΜΗΣ ΚΟΝΤΟΓΙΑΝΝΗ ΟΥΡΑΝΙΑ (301366552),301366552,ΚΟΝΤΟΓΙΑΝΝΗ ΟΥΡΑΝΙΑ (301366552),1512.83,,
9ΤΝΓ4690ΒΧ-ΧΤ5,2024-04-26,ΕΝΤΑΛΜΑ ΠΛΗΡΩΜΗΣ ΚΟΛΥΤΟΣ Ν   θ ΚΑΙ ΣΙΑ ΟΕ (082325792),082325792,ΚΟΛΥΤΟΣ Ν   θ ΚΑΙ ΣΙΑ ΟΕ (082325792),582.8,,
9ΕΠ24690ΒΧ-ΙΞ5,2024-04-25,ΕΝΤΑΛΜΑ ΠΛΗΡΩΜΗΣ ΚΑΤΩΠΟΔΗΣ Μ.-ΚΑΒΒΑΔΑ Ε.Ε.Π.Ε. (997917019),997917019,ΚΑΤΩΠΟΔΗΣ Μ.-ΚΑΒΒΑΔΑ Ε.Ε.Π.Ε. (997917019),705.56,,
6Ω0Γ4690ΒΧ-2Λ7,2024-04-25,ΕΝΤΑΛΜΑ ΠΛΗΡΩΜΗΣ ΚΑΚΑΒΟΣ Ι.ΔΗΜΗΤΡΙΟΣ (119540879),119540879,ΚΑΚΑΒΟΣ Ι.ΔΗΜΗΤΡΙΟΣ (119540879),2926.6,,
94ΦΔ4690ΒΧ-6ΣΣ,2024-04-26,ΕΝΤΑΛΜΑ ΠΛΗΡΩΜΗΣ Κ.ΓΕΡΜΑΝΟΣ ΙΑΤΡΙΚΑ Α.Ε. (081734344),081734344,Κ.ΓΕΡΜΑΝΟΣ ΙΑΤΡΙΚΑ Α.Ε. (081734344),124.0,,
Ρ7ΣΚ4690ΒΧ-ΚΗΝ,2024-04-25,ΕΝΤΑΛΜΑ ΠΛΗΡΩΜΗΣ Γ.ΣΑΜΑΡΑΣ ΑΒΕΕ (094373861),094373861,Γ.ΣΑΜΑΡΑΣ ΑΒΕΕ (094373861),1426.0,,
9ΤΛΖ4690ΒΧ-0ΞΠ,2024-04-25,ΕΝΤΑΛΜΑ ΠΛΗΡΩΜΗΣ Γ.ΣΑΜΑΡΑΣ ΑΒΕΕ (094373861),094373861,Γ.ΣΑΜΑΡΑΣ ΑΒΕΕ (094373861),434.0,,
9ΛΗΩ4690ΒΧ-Φ2Ε,2024-04-25,ΕΝΤΑΛΜΑ ΠΛΗΡΩΜΗΣ ΒΕΝΤΟΥΡΗΣ ΙΩΑΝΝΗΣ (059723640),059723640,ΒΕΝΤΟΥΡΗΣ ΙΩΑΝΝΗΣ (059723640),110.0,,
9ΤΘΘ4690ΒΧ-ΟΒΠ,2024-04-26,ΕΝΤΑΛΜΑ ΠΛΗΡΩΜΗΣ ΑΦΟΙ ΠΑΠΑΝΑΣΤΑΣΙΟΥ Ο.Ε. (081308853),081308853,ΑΦΟΙ ΠΑΠΑΝΑΣΤΑΣΙΟΥ Ο.Ε. (081308853),264.12,,
9ΙΧ64690ΒΧ-ΔΥΒ,2024-04-26,ΕΝΤΑΛΜΑ ΠΛΗΡΩΜΗΣ ΑΦΟΙ ΖΥΡΙΧΙΔΗ Ο.Ε (091282761),091282761,ΑΦΟΙ ΖΥΡΙΧΙΔΗ Ο.Ε (091282761),159.96,,
941Ε4690ΒΧ-ΖΡ2,2024-04-25,ΕΝΤΑΛΜΑ ΠΛΗΡΩΜΗΣ ΑΦΟΙ ΖΑΒΙΤΣΑΝΟΥ Ο.Ε (800387683),800387683,ΑΦΟΙ ΖΑΒΙΤΣΑΝΟΥ Ο.Ε (800387683),890.0,,
6Ψ9Ν4690ΒΧ-Ο3Φ,2024-04-26,ΕΝΤΑΛΜΑ ΠΛΗΡΩΜΗΣ ΑΝΑΣΤΑΣΙΟΣ ΔΙΓΚΑΣ Ι.Κ.Ε. (997826122),997826122,ΑΝΑΣΤΑΣΙΟΣ ΔΙΓΚΑΣ Ι.Κ.Ε. (997826122),229.44,,
ΨΑ2Μ4690ΒΧ-ΣΩ3,2024-04-26,ΕΝΤΑΛΜΑ ΠΛΗΡΩΜΗΣ Α.ΛΑΣΚΑΡΙΔΟΥ ΣΙΑ ΟΕ (084028812),084028812,Α.ΛΑΣΚΑΡΙΔΟΥ ΣΙΑ ΟΕ (084028812),632.4,,
9ΩΔΩ4690ΒΧ-ΖΛΚ,2024-04-26,ΕΝΤΑΛΜΑ ΠΛΗΡΩΜΗΣ SERINTH ΕΠΕ (998395573),998395573,SERINTH ΕΠΕ (998395573),176.28,,
ΨΩΟΖ4690ΒΧ-ΜΚΗ,2024-04-26,ΕΝΤΑΛΜΑ ΠΛΗΡΩΜΗΣ Rethink ΑΕΒΕ (999125269),999125269,Rethink ΑΕΒΕ (999125269),30.38,,
6ΝΗΑ4690ΒΧ-1Λ6,2024-04-25,ΕΝΤΑΛΜΑ ΠΛΗΡΩΜΗΣ Rain bow waters (099328240),099328240,Rain bow waters (099328240),48.01,,
9Α0Ε4690ΒΧ-Τ6Η,2024-04-25,ΕΝΤΑΛΜΑ ΠΛΗΡΩΜΗΣ PROFI ΤΕΧΝΙΚΟ SUPER MARKET (800326038),800326038,PROFI ΤΕΧΝΙΚΟ SUPER MARKET (800326038),899.18,,
ΨΠΚΠ4690ΒΧ-6Β4,2024-04-24,ΕΝΤΑΛΜΑ ΠΛΗΡΩΜΗΣ SMART TECHNICAL SOLUTIONS M.IKE (800743866),800743866,SMART TECHNICAL SOLUTIONS M.IKE (800743866),1798.0,,
9ΝΨΙ4690ΒΧ-3ΨΔ,2024-04-24,ΕΝΤΑΛΜΑ ΠΛΗΡΩΜΗΣ ΑΠ.Γ.ΠΑΠΟΥΔΗΣ   ΥΙΟΣ Α.Ε (094512503),094512503,ΑΠ.Γ.ΠΑΠΟΥΔΗΣ   ΥΙΟΣ Α.Ε (094512503),2604.0,,
ΨΗ3Φ4690ΒΧ-ΦΨΓ,2024-04-24,ΕΝΤΑΛΜΑ ΠΛΗΡΩΜΗΣ ΑΓΚΦΑ - ΓΚΕΒΕΡΤ ΑΕΒΕ (094025805),094025805,ΑΓΚΦΑ - ΓΚΕΒΕΡΤ ΑΕΒΕ (094025805),744.0,,
9ΤΨΣ4690ΒΧ-Β78,2024-04-24,ΕΝΤΑΛΜΑ ΠΛΗΡΩΜΗΣ ΑΓΚΦΑ - ΓΚΕΒΕΡΤ ΑΕΒΕ (094025805),094025805,ΑΓΚΦΑ - ΓΚΕΒΕΡΤ ΑΕΒΕ (094025805),7008.48,,
690Ι4690ΒΧ-5ΘΧ,2024-04-24,ΕΝΤΑΛΜΑ ΠΛΗΡΩΜΗΣ OTIS ΕΛΛΑΣ ΜΟΝΟΠΡΟΣΩΠΗ ΑΝΩΝ.ΒΙΟΜ.   ΕΜΠ.ΤΕΧΝ.ΕΤΑΙΡΕΙΑ (094208578),094208578,OTIS ΕΛΛΑΣ ΜΟΝΟΠΡΟΣΩΠΗ ΑΝΩΝ.ΒΙΟΜ.   ΕΜΠ.ΤΕΧΝ.ΕΤΑΙΡΕΙΑ (094208578),2264.24,,
9Ρ8Μ4690ΒΧ-ΑΜΗ,2024-04-24,ΕΝΤΑΛΜΑ ΠΛΗΡΩΜΗΣ OTIS ΕΛΛΑΣ ΜΟΝΟΠΡΟΣΩΠΗ ΑΝΩΝ.ΒΙΟΜ.   ΕΜΠ.ΤΕΧΝ.ΕΤΑΙΡΕΙΑ (094208578),094208578,OTIS ΕΛΛΑΣ ΜΟΝΟΠΡΟΣΩΠΗ ΑΝΩΝ.ΒΙΟΜ.   ΕΜΠ.ΤΕΧΝ.ΕΤΑΙΡΕΙΑ (094208578),744.0,,
68Π44690ΒΧ-5ΛΟ,2024-04-24,ΕΝΤΑΛΜΑ ΠΛΗΡΩΜΗΣ OTIS ΕΛΛΑΣ ΜΟΝΟΠΡΟΣΩΠΗ ΑΝΩΝ.ΒΙΟΜ.   ΕΜΠ.ΤΕΧΝ.ΕΤΑΙΡΕΙΑ (094208578),094208578,OTIS ΕΛΛΑΣ ΜΟΝΟΠΡΟΣΩΠΗ ΑΝΩΝ.ΒΙΟΜ.   ΕΜΠ.ΤΕΧΝ.ΕΤΑΙΡΕΙΑ (094208578),2279.0,,
6ΙΣ74690ΒΧ-ΖΕ1,2024-04-24,ΕΝΤΑΛΜΑ ΠΛΗΡΩΜΗΣ HOSPITECNICA ΕΠΕ (095526068),095526068,HOSPITECNICA ΕΠΕ (095526068),1844.29,,
ΨΓΥΜ4690ΒΧ-Τ4Ε,2024-04-24,ΕΝΤΑΛΜΑ ΠΛΗΡΩΜΗΣ GE HEALTHCARE (094472918),094472918,GE HEALTHCARE (094472918),10540.0,,
9ΗΚΟ4690ΒΧ-Θ0Β,2024-04-24,ΕΝΤΑΛΜΑ ΠΛΗΡΩΜΗΣ COMPUTER SOLUTIONS ΑΝΩΝΥΜΗ (095403136),095403136,COMPUTER SOLUTIONS ΑΝΩΝΥΜΗ (095403136),9506.66,,
Ψ38Λ4690ΒΧ-Ζ3Κ,2024-04-24,ΕΝΤΑΛΜΑ ΠΛΗΡΩΜΗΣ BUSE GAS A.E (997598041),997598041,BUSE GAS A.E (997598041),2839.6,,
685Τ4690ΒΧ-ΗΩΕ,2024-04-24,ΕΝΤΑΛΜΑ ΠΛΗΡΩΜΗΣ BUSE GAS A.E (997598041),997598041,BUSE GAS A.E (997598041),4259.4,,
9ΞΛΔ4690ΒΧ-Χ03,2024-04-09,ΕΝΤΑΛΜΑ ΠΛΗΡΩΜΗΣ ΟΡΓ/ΣΜΟΣ ΤΗΛΕΠ/ΝΙΩΝ ΕΛΛΑΔΟΣ ΑΕ (094019245),094019245,ΟΡΓ/ΣΜΟΣ ΤΗΛΕΠ/ΝΙΩΝ ΕΛΛΑΔΟΣ ΑΕ (094019245),136.4,,
ΨΝΤ34690ΒΧ-8Α8,2024-04-24,ΕΝΤΑΛΜΑ ΠΛΗΡΩΜΗΣ ΠΑΝ/ΜΙΟ ΑΘΗΝΩΝ-ΠΑΘ/ΓΙΚΟ ΑΝΑΤΟΜ (090145420),090145420,ΠΑΝ/ΜΙΟ ΑΘΗΝΩΝ-ΠΑΘ/ΓΙΚΟ ΑΝΑΤΟΜ (090145420),561.78,,
Ψ7ΦΚ4690ΒΧ-Τ0Θ,2024-04-24,ΕΝΤΑΛΜΑ ΠΛΗΡΩΜΗΣ ΕΛΛΗΝΙΚΗ ΑΙΜΑΤΟΛΟΓΙΚΗ ΕΤΑΙΡΕΙΑ (090280536),090280536,ΕΛΛΗΝΙΚΗ ΑΙΜΑΤΟΛΟΓΙΚΗ ΕΤΑΙΡΕΙΑ (090280536),400.0,,
6ΔΒΤ4690ΒΧ-ΛΥΨ,2024-04-24,ΕΝΤΑΛΜΑ ΠΛΗΡΩΜΗΣ ΕΛΛΗΝ.ΕΠΙΤΡ.ΑΤΟΜΙΚΗΣ ΕΝΕΡΓΕΙΑΣ (090085792),090085792,ΕΛΛΗΝ.ΕΠΙΤΡ.ΑΤΟΜΙΚΗΣ ΕΝΕΡΓΕΙΑΣ (090085792),1240.0,,
ΨΜΔ74690ΒΧ-7ΨΘ,2024-04-24,ΕΝΤΑΛΜΑ ΠΛΗΡΩΜΗΣ VETERY SERVICE HELLAS ΝΑΚΑΣ ΣΠΥΡΙΔΩΝ (061755570),061755570,VETERY SERVICE HELLAS ΝΑΚΑΣ ΣΠΥΡΙΔΩΝ (061755570),124.0,,
Ρ0Ο04690ΒΧ-073,2024-04-24,ΕΝΤΑΛΜΑ ΠΛΗΡΩΜΗΣ EUROMEDICAL Ε.Π.Ε (997958677),997958677,EUROMEDICAL Ε.Π.Ε (997958677),1638.5,,
6ΝΠΕ4690ΒΧ-ΩΜΡ,2024-04-24,ΕΝΤΑΛΜΑ ΠΛΗΡΩΜΗΣ BUSE GAS A.E (997598041),997598041,BUSE GAS A.E (997598041),4169.5,,
ΨΟΤΕ4690ΒΧ-ΛΕΖ,2024-04-24,ΕΝΤΑΛΜΑ ΠΛΗΡΩΜΗΣ BUSE GAS A.E (997598041),997598041,BUSE GAS A.E (997598041),4169.5,,
Ψ2ΜΧ4690ΒΧ-66Χ,2024-04-09,ΕΝΤΑΛΜΑ ΠΛΗΡΩΜΗΣ ΟΡΓ/ΣΜΟΣ ΤΗΛΕΠ/ΝΙΩΝ ΕΛΛΑΔΟΣ ΑΕ (094019245),094019245,ΟΡΓ/ΣΜΟΣ ΤΗΛΕΠ/ΝΙΩΝ ΕΛΛΑΔΟΣ ΑΕ (094019245),136.4,,
91ΜΛ4690ΒΧ-7Ι5,2024-04-09,ΕΝΤΑΛΜΑ ΠΛΗΡΩΜΗΣ ΟΡΓ/ΣΜΟΣ ΤΗΛΕΠ/ΝΙΩΝ ΕΛΛΑΔΟΣ ΑΕ (094019245),094019245,ΟΡΓ/ΣΜΟΣ ΤΗΛΕΠ/ΝΙΩΝ ΕΛΛΑΔΟΣ ΑΕ (094019245),136.4,,
ΨΟΠΙ4690ΒΧ-Γ5Ν,2024-04-09,ΕΝΤΑΛΜΑ ΠΛΗΡΩΜΗΣ ΟΡΓ/ΣΜΟΣ ΤΗΛΕΠ/ΝΙΩΝ ΕΛΛΑΔΟΣ ΑΕ (094019245),094019245,ΟΡΓ/ΣΜΟΣ ΤΗΛΕΠ/ΝΙΩΝ ΕΛΛΑΔΟΣ ΑΕ (094019245),136.4,,
ΨΣΒΝ4690ΒΧ-ΚΘΘ,2024-04-24,ΕΝΤΑΛΜΑ ΠΛΗΡΩΜΗΣ ΥΙΟΙ ΧΡΙΣΤΑΚΟΥ ΣΕΒΑΣΛΙΑΝ Ο.Ε (081570019),081570019,ΥΙΟΙ ΧΡΙΣΤΑΚΟΥ ΣΕΒΑΣΛΙΑΝ Ο.Ε (081570019),111.6,,
6ΘΓ84690ΒΧ-Ψ2Ω,2024-04-24,ΕΝΤΑΛΜΑ ΠΛΗΡΩΜΗΣ ΤΕΜΑΚ (094279934),094279934,ΤΕΜΑΚ (094279934),1934.5,,
6Α8Τ4690ΒΧ-ΤΝΣ,2024-04-24,ΕΝΤΑΛΜΑ ΠΛΗΡΩΜΗΣ ΤΕΜΑΚ (094279934),094279934,ΤΕΜΑΚ (094279934),5559.99,,
6Θ7Ο4690ΒΧ-ΖΘΟ,2024-04-24,ΕΝΤΑΛΜΑ ΠΛΗΡΩΜΗΣ Σ.ΜΠΟΝΑΝΟΣ Ε.Ε (999333279),999333279,Σ.ΜΠΟΝΑΝΟΣ Ε.Ε (999333279),477.03,,
Ψ0ΨΕ4690ΒΧ-ΩΘ6,2024-04-24,ΕΝΤΑΛΜΑ ΠΛΗΡΩΜΗΣ ΡΟΝΤΟΓΙΑΝΝΗΣ ΝΙΚΟΛΑΟΣ (301370400),301370400,ΡΟΝΤΟΓΙΑΝΝΗΣ ΝΙΚΟΛΑΟΣ (301370400),1472.5,,
66ΨΛ4690ΒΧ-ΣΨΔ,2024-04-24,ΕΝΤΑΛΜΑ ΠΛΗΡΩΜΗΣ ΠΛΗΡΟΦΟΡΙΚΗ ΕΛΛΑΔΟΣ Ε.Π.Ε (095659768),095659768,ΠΛΗΡΟΦΟΡΙΚΗ ΕΛΛΑΔΟΣ Ε.Π.Ε (095659768),1173.35,,
Ψ3ΠΞ4690ΒΧ-Ν06,2024-04-24,ΕΝΤΑΛΜΑ ΠΛΗΡΩΜΗΣ ΔΗΜΟΥΛΙΑΣ Ι.ΧΡΗΣΤΟΣ (076509828),076509828,ΔΗΜΟΥΛΙΑΣ Ι.ΧΡΗΣΤΟΣ (076509828),650.0,,
6ΧΣΡ4690ΒΧ-ΘΝΥ,2024-04-24,ΕΝΤΑΛΜΑ ΠΛΗΡΩΜΗΣ ΒΕΡΟΝΙΚΑ ΜΟΥΚΑ τ. ΚΩΝ/ΝΟΥ (136677323),136677323,ΒΕΡΟΝΙΚΑ ΜΟΥΚΑ τ. ΚΩΝ/ΝΟΥ (136677323),900.82,,
602Η4690ΒΧ-6ΟΖ,2024-04-24,ΕΝΤΑΛΜΑ ΠΛΗΡΩΜΗΣ ΒΕΡΟΝΙΚΑ ΜΟΥΚΑ τ. ΚΩΝ/ΝΟΥ (136677323),136677323,ΒΕΡΟΝΙΚΑ ΜΟΥΚΑ τ. ΚΩΝ/ΝΟΥ (136677323),1361.12,,
ΨΥΗΜ4690ΒΧ-ΓΟ7,2024-04-24,ΕΝΤΑΛΜΑ ΠΛΗΡΩΜΗΣ ΒΕΡΟΝΙΚΑ ΜΟΥΚΑ τ. ΚΩΝ/ΝΟΥ (136677323),136677323,ΒΕΡΟΝΙΚΑ ΜΟΥΚΑ τ. ΚΩΝ/ΝΟΥ (136677323),1163.97,,
69Μ24690ΒΧ-ΗΔΡ,2024-04-24,ΕΝΤΑΛΜΑ ΠΛΗΡΩΜΗΣ ΒΕΡΟΝΙΚΑ ΜΟΥΚΑ τ. ΚΩΝ/ΝΟΥ (136677323),136677323,ΒΕΡΟΝΙΚΑ ΜΟΥΚΑ τ. ΚΩΝ/ΝΟΥ (136677323),1280.76,,
60ΘΣ4690ΒΧ-ΠΓΚ,2024-04-24,ΕΝΤΑΛΜΑ ΠΛΗΡΩΜΗΣ ΒΕΡΟΝΙΚΑ ΜΟΥΚΑ τ. ΚΩΝ/ΝΟΥ (136677323),136677323,ΒΕΡΟΝΙΚΑ ΜΟΥΚΑ τ. ΚΩΝ/ΝΟΥ (136677323),1440.64,,
6ΖΘΥ4690ΒΧ-Ω0Σ,2024-04-24,ΕΝΤΑΛΜΑ ΠΛΗΡΩΜΗΣ ΒΕΡΟΝΙΚΑ ΜΟΥΚΑ τ. ΚΩΝ/ΝΟΥ (136677323),136677323,ΒΕΡΟΝΙΚΑ ΜΟΥΚΑ τ. ΚΩΝ/ΝΟΥ (136677323),345.84,,
908Σ4690ΒΧ-ΧΚ8,2024-04-24,ΕΝΤΑΛΜΑ ΠΛΗΡΩΜΗΣ Α.ΚΑΡΥΠΙΔΗΣ Α.Β.Ε.Ε (094098300),094098300,Α.ΚΑΡΥΠΙΔΗΣ Α.Β.Ε.Ε (094098300),2131.19,,
97ΑΧ4690ΒΧ-ΟΛΟ,2024-04-24,ΕΝΤΑΛΜΑ ΠΛΗΡΩΜΗΣ iDX P.C (800725375),800725375,iDX P.C (800725375),119.04,,
6ΙΙΗ4690ΒΧ-ΜΚΓ,2024-04-24,ΕΝΤΑΛΜΑ ΠΛΗΡΩΜΗΣ iDX P.C (800725375),800725375,iDX P.C (800725375),2544.0,,
ΨΜΚΝ4690ΒΧ-6ΦΣ,2024-04-24,ΕΝΤΑΛΜΑ ΠΛΗΡΩΜΗΣ iDX P.C (800725375),800725375,iDX P.C (800725375),3307.2,,
ΨΔΟΖ4690ΒΧ-5Σ9,2024-04-24,ΕΝΤΑΛΜΑ ΠΛΗΡΩΜΗΣ ΑΡΙΣΤΗ ΣΥΜΒΟΥΛΕΥΤΙΚΗ Ε.Ε. (999112526),999112526,ΑΡΙΣΤΗ ΣΥΜΒΟΥΛΕΥΤΙΚΗ Ε.Ε. (999112526),5952.0,,
69ΔΕ4690ΒΧ-Γ1Γ,2024-04-24,ΕΝΤΑΛΜΑ ΠΛΗΡΩΜΗΣ SGL ΙΚΕ (801823458),801823458,SGL ΙΚΕ (801823458),37063.6,,
94ΔΡ4690ΒΧ-82Ε,2024-04-24,ΕΝΤΑΛΜΑ ΠΛΗΡΩΜΗΣ ΕΛΛΗΝΙΚΑ ΚΑΥΣΙΜΑ ΟΡΥΚΤΕΛΑΙΑ ΜΟΝΟΠΡ.ΑΝΩΝ.ΒΙΟΜΗΧ.  ΕΜΠΟΡ.ΕΤΑΙΡΕΙΑ (094010146),094010146,ΕΛΛΗΝΙΚΑ ΚΑΥΣΙΜΑ ΟΡΥΚΤΕΛΑΙΑ ΜΟΝΟΠΡ.ΑΝΩΝ.ΒΙΟΜΗΧ.  ΕΜΠΟΡ.ΕΤΑΙΡΕΙΑ (094010146),41613.54,,
6ΔΛΑ4690ΒΧ-03Ξ,2024-04-09,ΕΝΤΑΛΜΑ ΠΛΗΡΩΜΗΣ ΔΗΜΟΣ ΛΕΥΚΑΔΑΣ (997916281),997916281,ΔΗΜΟΣ ΛΕΥΚΑΔΑΣ (997916281),9490.0,,
Ψ3ΛΛ4690ΒΧ-Θ6Π,2024-03-05,ΕΝΤΑΛΜΑ ΠΛΗΡΩΜΗΣ ΛΑΖΑΡΗΣ ΠΕΤΡΟΣ (024859321),024859321,ΛΑΖΑΡΗΣ ΠΕΤΡΟΣ (024859321),2084.85,,
6ΝΤΟ4690ΒΧ-ΟΛΦ,2024-04-15,ΕΝΤΑΛΜΑ ΠΛΗΡΩΜΗΣ ΕΥΣΤΑΘΙΟΣ Γ.ΤΣΙΓΚΡΗΣ Ε.Π.Ε. (999893375),999893375,ΕΥΣΤΑΘΙΟΣ Γ.ΤΣΙΓΚΡΗΣ Ε.Π.Ε. (999893375),2223.0,,
Ψ5ΨΙ4690ΒΧ-ΞΨΔ,2024-04-15,ΕΝΤΑΛΜΑ ΠΛΗΡΩΜΗΣ Γ.ΣΑΜΑΡΑΣ ΑΒΕΕ (094373861),094373861,Γ.ΣΑΜΑΡΑΣ ΑΒΕΕ (094373861),446.4,,
ΨΓΞ34690ΒΧ-662,2024-04-15,ΕΝΤΑΛΜΑ ΠΛΗΡΩΜΗΣ Γ.ΣΑΜΑΡΑΣ ΑΒΕΕ (094373861),094373861,Γ.ΣΑΜΑΡΑΣ ΑΒΕΕ (094373861),260.4,,
68Σ84690ΒΧ-ΧΙΣ,2024-04-15,ΕΝΤΑΛΜΑ ΠΛΗΡΩΜΗΣ PROFFICE Ε.ΖΩΗΣ-Σ.ΒΡΑΝΟΣ Ο.Ε. (800555505),800555505,PROFFICE Ε.ΖΩΗΣ-Σ.ΒΡΑΝΟΣ Ο.Ε. (800555505),248.0,,
6ΕΕ94690ΒΧ-54Μ,2024-04-15,ΕΝΤΑΛΜΑ ΠΛΗΡΩΜΗΣ Medtronic Hellas Ιατρικά Μηχανήματα Μονοπρόσωπη Α.Ε.Ε. (094498111),094498111,Medtronic Hellas Ιατρικά Μηχανήματα Μονοπρόσωπη Α.Ε.Ε. (094498111),1900.92,,
6Μ3Α4690ΒΧ-Θ7Κ,2024-04-15,ΕΝΤΑΛΜΑ ΠΛΗΡΩΜΗΣ MEDICIAL I.K.E. (802016290),802016290,MEDICIAL I.K.E. (802016290),124.0,,
6ΡΚΟ4690ΒΧ-ΟΛ3,2024-04-15,ΕΝΤΑΛΜΑ ΠΛΗΡΩΜΗΣ ELINCO A.E.ΣΥΣΤΗΜΑΤΑ ΕΛΕΓΧΟΥ ΠΥΡΟΠΡΟΣΤΑΣΙΑΣ-ΑΣΦΑΛΕΙΑΣ (094475496),094475496,ELINCO A.E.ΣΥΣΤΗΜΑΤΑ ΕΛΕΓΧΟΥ ΠΥΡΟΠΡΟΣΤΑΣΙΑΣ-ΑΣΦΑΛΕΙΑΣ (094475496),3143.4,,
6Ξ3Η4690ΒΧ-Χ9Κ,2024-04-15,ΕΝΤΑΛΜΑ ΠΛΗΡΩΜΗΣ BUSE GAS A.E (997598041),997598041,BUSE GAS A.E (997598041),4479.94,,
65ΣΣ4690ΒΧ-ΑΜΖ,2024-04-15,ΕΝΤΑΛΜΑ ΠΛΗΡΩΜΗΣ BUSE GAS A.E (997598041),997598041,BUSE GAS A.E (997598041),2719.95,,
Ψ0524690ΒΧ-ΗΕΥ,2024-04-15,ΕΝΤΑΛΜΑ ΠΛΗΡΩΜΗΣ BUSE GAS A.E (997598041),997598041,BUSE GAS A.E (997598041),4259.4,,
ΨΕΠΠ4690ΒΧ-ΚΩΑ,2024-03-22,ΕΝΤΑΛΜΑ ΠΛΗΡΩΜΗΣ Y-LOGIMED  Μ.Α.Ε (094446034),094446034,Y-LOGIMED  Μ.Α.Ε (094446034),744.0,,
Ρ6ΥΒ4690ΒΧ-ΛΧΙ,2024-03-21,ΕΝΤΑΛΜΑ ΠΛΗΡΩΜΗΣ VAKTRO SCIENTIFIC ΣΤΑΥΡΟΣ ΑΓΓΕΛΟΠΟΥΛΟΣ   ΣΙΑ Ο.Ε (084221869),084221869,VAKTRO SCIENTIFIC ΣΤΑΥΡΟΣ ΑΓΓΕΛΟΠΟΥΛΟΣ   ΣΙΑ Ο.Ε (084221869),4386.0,,
62Μ94690ΒΧ-7ΣΨ,2024-03-21,ΕΝΤΑΛΜΑ ΠΛΗΡΩΜΗΣ VAKTRO SCIENTIFIC ΣΤΑΥΡΟΣ ΑΓΓΕΛΟΠΟΥΛΟΣ   ΣΙΑ Ο.Ε (084221869),084221869,VAKTRO SCIENTIFIC ΣΤΑΥΡΟΣ ΑΓΓΕΛΟΠΟΥΛΟΣ   ΣΙΑ Ο.Ε (084221869),372.62,,
6ΛΖ04690ΒΧ-ΧΛ9,2024-03-21,ΕΝΤΑΛΜΑ ΠΛΗΡΩΜΗΣ V   L VIOLAK INTERNATIONAL A.E (099370337),099370337,V   L VIOLAK INTERNATIONAL A.E (099370337),1394.6,,
69Χ44690ΒΧ-ΛΔΟ,2024-03-21,ΕΝΤΑΛΜΑ ΠΛΗΡΩΜΗΣ V   L VIOLAK INTERNATIONAL A.E (099370337),099370337,V   L VIOLAK INTERNATIONAL A.E (099370337),839.59,,
6ΚΩ44690ΒΧ-ΡΗ0,2024-03-21,ΕΝΤΑΛΜΑ ΠΛΗΡΩΜΗΣ V   L VIOLAK INTERNATIONAL A.E (099370337),099370337,V   L VIOLAK INTERNATIONAL A.E (099370337),151.42,,
9Ξ5Π4690ΒΧ-2Ο5,2024-03-22,ΕΝΤΑΛΜΑ ΠΛΗΡΩΜΗΣ SCITEC ΙΑΤΡΙΚΑ ΣΥΣΤΗΜΑΤΑ Ε.Ε (094457478),094457478,SCITEC ΙΑΤΡΙΚΑ ΣΥΣΤΗΜΑΤΑ Ε.Ε (094457478),443.87,,
ΨΓΑ64690ΒΧ-Μ7Μ,2024-03-22,ΕΝΤΑΛΜΑ ΠΛΗΡΩΜΗΣ Medical Point .ΧΡ.ΜΟΥΤΑΦΗΣ Ε.Ε (998630320),998630320,Medical Point .ΧΡ.ΜΟΥΤΑΦΗΣ Ε.Ε (998630320),396.8,,
6ΑΛΗ4690ΒΧ-ΟΡ3,2024-03-22,ΕΝΤΑΛΜΑ ΠΛΗΡΩΜΗΣ KARL STORZ-ΕΝΔΟΣΚΟΠΙΑ ΕΛΛΑΔΟΣ Ε.Π.Ε (998361490),998361490,KARL STORZ-ΕΝΔΟΣΚΟΠΙΑ ΕΛΛΑΔΟΣ Ε.Π.Ε (998361490),1388.8,,
6ΜΒΩ4690ΒΧ-ΝΗΕ,2024-03-22,ΕΝΤΑΛΜΑ ΠΛΗΡΩΜΗΣ KARL STORZ-ΕΝΔΟΣΚΟΠΙΑ ΕΛΛΑΔΟΣ Ε.Π.Ε (998361490),998361490,KARL STORZ-ΕΝΔΟΣΚΟΠΙΑ ΕΛΛΑΔΟΣ Ε.Π.Ε (998361490),694.4,,
6Ρ264690ΒΧ-ΞΦΝ,2024-03-22,ΕΝΤΑΛΜΑ ΠΛΗΡΩΜΗΣ Johnson   Johnson Medical Greece Μονοπρόσωπη Α.Ε. (801858262),801858262,Johnson   Johnson Medical Greece Μονοπρόσωπη Α.Ε. (801858262),235.6,,
9ΒΕ34690ΒΧ-5ΦΧ,2024-03-22,ΕΝΤΑΛΜΑ ΠΛΗΡΩΜΗΣ HEALTHCARE EXPERIENCE A.E ΟΛΟΚΛ.ΛΥΣ.ΙΑΤΡ. ΠΛ.ΙΑΤΡ.ΕΞ.-ΛΟΓ.  ΥΠΗΡ. (997800874),997800874,HEALTHCARE EXPERIENCE A.E ΟΛΟΚΛ.ΛΥΣ.ΙΑΤΡ. ΠΛ.ΙΑΤΡ.ΕΞ.-ΛΟΓ.  ΥΠΗΡ. (997800874),1023.0,,
6Φ4Σ4690ΒΧ-ΟΟΥ,2024-03-22,ΕΝΤΑΛΜΑ ΠΛΗΡΩΜΗΣ EUROSUP ΜΟΝ. ΙΚΕ (800715333),800715333,EUROSUP ΜΟΝ. ΙΚΕ (800715333),126.71,,
Ρ1ΜΘ4690ΒΧ-ΤΣ0,2024-03-21,ΕΝΤΑΛΜΑ ΠΛΗΡΩΜΗΣ DIACHEL ΔΙΑΓΝ.-ΧΗΜ.ΟΡΓ.Ε.Π.Ε. (095341314),095341314,DIACHEL ΔΙΑΓΝ.-ΧΗΜ.ΟΡΓ.Ε.Π.Ε. (095341314),742.1,,
9Κ054690ΒΧ-ΑΤΤ,2024-03-21,ΕΝΤΑΛΜΑ ΠΛΗΡΩΜΗΣ ΠΑΥΛΟΣ ΑΡΝΑΟΥΤΗΣ Α.Ε. (094178060),094178060,ΠΑΥΛΟΣ ΑΡΝΑΟΥΤΗΣ Α.Ε. (094178060),391.0,,
Ψ4Ζ64690ΒΧ-8Ρ9,2024-03-21,ΕΝΤΑΛΜΑ ΠΛΗΡΩΜΗΣ ΠΑΠΑΠΟΣΤΟΛΟΥ Ν-Α.Ε (095029193),095029193,ΠΑΠΑΠΟΣΤΟΛΟΥ Ν-Α.Ε (095029193),10626.8,,
ΨΗΖ94690ΒΧ-ΩΤ9,2024-04-08,ΕΝΤΑΛΜΑ ΠΛΗΡΩΜΗΣ ΚΑΚΑΒΟΣ Ι.ΔΗΜΗΤΡΙΟΣ (119540879),119540879,ΚΑΚΑΒΟΣ Ι.ΔΗΜΗΤΡΙΟΣ (119540879),4386.57,,
9ΡΙΤ4690ΒΧ-ΛΒ4,2024-03-22,ΕΝΤΑΛΜΑ ΠΛΗΡΩΜΗΣ ΓΚΑΤΕΞ Α.Ε MEDICAL SUPLIES (093573836),093573836,ΓΚΑΤΕΞ Α.Ε MEDICAL SUPLIES (093573836),437.78,,
9ΑΣΟ4690ΒΧ-4ΤΖ,2024-03-21,ΕΝΤΑΛΜΑ ΠΛΗΡΩΜΗΣ ΓΕΝΙΚΗ ΧΗΜΙΚΩΝ ΠΡΟΙΟΝΤΩΝ Α.Ε (094133588),094133588,ΓΕΝΙΚΗ ΧΗΜΙΚΩΝ ΠΡΟΙΟΝΤΩΝ Α.Ε (094133588),927.73,,
ΡΩΞΟ4690ΒΧ-Ι2Λ,2024-03-21,ΕΝΤΑΛΜΑ ΠΛΗΡΩΜΗΣ ΓΕΝΙΚΗ ΧΗΜΙΚΩΝ ΠΡΟΙΟΝΤΩΝ Α.Ε (094133588),094133588,ΓΕΝΙΚΗ ΧΗΜΙΚΩΝ ΠΡΟΙΟΝΤΩΝ Α.Ε (094133588),847.5,,
9ΣΝ24690ΒΧ-ΥΘΣ,2024-03-22,ΕΝΤΑΛΜΑ ΠΛΗΡΩΜΗΣ Γ.ΣΑΜΑΡΑΣ ΑΒΕΕ (094373861),094373861,Γ.ΣΑΜΑΡΑΣ ΑΒΕΕ (094373861),3402.56,,
Ψ8374690ΒΧ-ΚΧ7,2024-03-22,ΕΝΤΑΛΜΑ ΠΛΗΡΩΜΗΣ ΒΙΟΠΡΟΜΗΘΕΥΤΙΚΗ ΜΟΝ/ΠΗ ΕΠΕ (099007886),099007886,ΒΙΟΠΡΟΜΗΘΕΥΤΙΚΗ ΜΟΝ/ΠΗ ΕΠΕ (099007886),477.4,,
Ψ1Λ24690ΒΧ-Υ3Μ,2024-03-20,ΕΝΤΑΛΜΑ ΠΛΗΡΩΜΗΣ ΒΕΡΜΑ ΝΤΡΑΓΚΣ ΑΒΕΕ (099363426),099363426,ΒΕΡΜΑ ΝΤΡΑΓΚΣ ΑΒΕΕ (099363426),2288.33,,
95ΜΥ4690ΒΧ-ΗΦΚ,2024-03-20,ΕΝΤΑΛΜΑ ΠΛΗΡΩΜΗΣ ΒΕΡΜΑ ΝΤΡΑΓΚΣ ΑΒΕΕ (099363426),099363426,ΒΕΡΜΑ ΝΤΡΑΓΚΣ ΑΒΕΕ (099363426),2384.61,,
99ΣΚ4690ΒΧ-Ω0Γ,2024-03-22,ΕΝΤΑΛΜΑ ΠΛΗΡΩΜΗΣ ΑΣΤΡΙΣ ΑΝΑΠΤΥΞΗ ΜΟΝΑΔΩΝ ΥΓΕΙΑΣ ΕΠΕ (999056180),999056180,ΑΣΤΡΙΣ ΑΝΑΠΤΥΞΗ ΜΟΝΑΔΩΝ ΥΓΕΙΑΣ ΕΠΕ (999056180),805.94,,
Ψ3ΙΒ4690ΒΧ-ΝΕΔ,2024-03-21,ΕΝΤΑΛΜΑ ΠΛΗΡΩΜΗΣ ΑΡΗΤΗ Α.Ε. (094251753),094251753,ΑΡΗΤΗ Α.Ε. (094251753),3616.81,,
9ΠΛΛ4690ΒΧ-ΦΔΛ,2024-03-21,ΕΝΤΑΛΜΑ ΠΛΗΡΩΜΗΣ ΑΡΗΤΗ Α.Ε. (094251753),094251753,ΑΡΗΤΗ Α.Ε. (094251753),3436.94,,
91Δ24690ΒΧ-ΝΡΘ,2024-03-21,ΕΝΤΑΛΜΑ ΠΛΗΡΩΜΗΣ ΑΝΑΣΤΑΣΙΟΣ ΜΑΥΡΟΓΕΝΗΣ Α.Ε. (082525697),082525697,ΑΝΑΣΤΑΣΙΟΣ ΜΑΥΡΟΓΕΝΗΣ Α.Ε. (082525697),531.1,,
ΨΗΦΣ4690ΒΧ-ΣΑΘ,2024-03-21,ΕΝΤΑΛΜΑ ΠΛΗΡΩΜΗΣ ΑΝΑΣΤΑΣΙΟΣ ΜΑΥΡΟΓΕΝΗΣ Α.Ε. (082525697),082525697,ΑΝΑΣΤΑΣΙΟΣ ΜΑΥΡΟΓΕΝΗΣ Α.Ε. (082525697),3034.05,,
91ΨΚ4690ΒΧ-Ι0Ε,2024-03-21,ΕΝΤΑΛΜΑ ΠΛΗΡΩΜΗΣ ΑΝΑΣΤΑΣΙΟΣ ΜΑΥΡΟΓΕΝΗΣ Α.Ε. (082525697),082525697,ΑΝΑΣΤΑΣΙΟΣ ΜΑΥΡΟΓΕΝΗΣ Α.Ε. (082525697),1532.28,,
9ΨΚΗ4690ΒΧ-Τ3Λ,2024-03-21,ΕΝΤΑΛΜΑ ΠΛΗΡΩΜΗΣ ΑΝΑΣΤΑΣΙΟΣ ΜΑΥΡΟΓΕΝΗΣ Α.Ε. (082525697),082525697,ΑΝΑΣΤΑΣΙΟΣ ΜΑΥΡΟΓΕΝΗΣ Α.Ε. (082525697),1822.8,,
6Ρ0Φ4690ΒΧ-ΕΒΔ,2024-03-22,ΕΝΤΑΛΜΑ ΠΛΗΡΩΜΗΣ Α.Μ.ΒΙΔΑΛΗΣ INTERNATIONAL ΙΚΕ (095185177),095185177,Α.Μ.ΒΙΔΑΛΗΣ INTERNATIONAL ΙΚΕ (095185177),2529.6,,
6ΤΒΙ4690ΒΧ-ΓΔΓ,2024-03-22,ΕΝΤΑΛΜΑ ΠΛΗΡΩΜΗΣ Α.Δέρβος-Γ.Δημητρακόπουλος   ΣΙΑ Α.Ε (099518023),099518023,Α.Δέρβος-Γ.Δημητρακόπουλος   ΣΙΑ Α.Ε (099518023),4975.2,,
ΨΠΨ94690ΒΧ-ΠΗ2,2024-04-09,ΕΝΤΑΛΜΑ ΠΛΗΡΩΜΗΣ ZIMMER BIOMET ΕΛΛΑΣ ΜΟΝ/ΠΗ Α.Ε (094437885),094437885,ZIMMER BIOMET ΕΛΛΑΣ ΜΟΝ/ΠΗ Α.Ε (094437885),3647.09,,
6ΖΡΧ4690ΒΧ-0ΩΖ,2024-04-09,ΕΝΤΑΛΜΑ ΠΛΗΡΩΜΗΣ ZIMMER BIOMET ΕΛΛΑΣ ΜΟΝ/ΠΗ Α.Ε (094437885),094437885,ZIMMER BIOMET ΕΛΛΑΣ ΜΟΝ/ΠΗ Α.Ε (094437885),4474.8,,
ΨΤΑΒ4690ΒΧ-ΣΧΣ,2024-04-09,ΕΝΤΑΛΜΑ ΠΛΗΡΩΜΗΣ ZIMMER BIOMET ΕΛΛΑΣ ΜΟΝ/ΠΗ Α.Ε (094437885),094437885,ZIMMER BIOMET ΕΛΛΑΣ ΜΟΝ/ΠΗ Α.Ε (094437885),4758.01,,
9Β2Λ4690ΒΧ-5Θ2,2024-04-09,ΕΝΤΑΛΜΑ ΠΛΗΡΩΜΗΣ ZIMMER BIOMET ΕΛΛΑΣ ΜΟΝ/ΠΗ Α.Ε (094437885),094437885,ZIMMER BIOMET ΕΛΛΑΣ ΜΟΝ/ΠΗ Α.Ε (094437885),2275.35,,
965Φ4690ΒΧ-Κ6Σ,2024-04-09,ΕΝΤΑΛΜΑ ΠΛΗΡΩΜΗΣ ZIMMER BIOMET ΕΛΛΑΣ ΜΟΝ/ΠΗ Α.Ε (094437885),094437885,ZIMMER BIOMET ΕΛΛΑΣ ΜΟΝ/ΠΗ Α.Ε (094437885),4474.8,,
Ψ7ΚΙ4690ΒΧ-ΨΡΝ,2024-04-09,ΕΝΤΑΛΜΑ ΠΛΗΡΩΜΗΣ ZIMMER BIOMET ΕΛΛΑΣ ΜΟΝ/ΠΗ Α.Ε (094437885),094437885,ZIMMER BIOMET ΕΛΛΑΣ ΜΟΝ/ΠΗ Α.Ε (094437885),4907.61,,
65ΜΤ4690ΒΧ-ΖΣΖ,2024-04-09,ΕΝΤΑΛΜΑ ΠΛΗΡΩΜΗΣ ZIMMER BIOMET ΕΛΛΑΣ ΜΟΝ/ΠΗ Α.Ε (094437885),094437885,ZIMMER BIOMET ΕΛΛΑΣ ΜΟΝ/ΠΗ Α.Ε (094437885),4407.68,,
9ΞΦΗ4690ΒΧ-70Σ,2024-04-09,ΕΝΤΑΛΜΑ ΠΛΗΡΩΜΗΣ ZIMMER BIOMET ΕΛΛΑΣ ΜΟΝ/ΠΗ Α.Ε (094437885),094437885,ZIMMER BIOMET ΕΛΛΑΣ ΜΟΝ/ΠΗ Α.Ε (094437885),4028.24,,
9ΔΔΧ4690ΒΧ-ΟΑ1,2024-04-09,ΕΝΤΑΛΜΑ ΠΛΗΡΩΜΗΣ ZIMMER BIOMET ΕΛΛΑΣ ΜΟΝ/ΠΗ Α.Ε (094437885),094437885,ZIMMER BIOMET ΕΛΛΑΣ ΜΟΝ/ΠΗ Α.Ε (094437885),4536.9,,
6ΥΞΙ4690ΒΧ-0Χ0,2024-04-09,ΕΝΤΑΛΜΑ ΠΛΗΡΩΜΗΣ ZIMMER BIOMET ΕΛΛΑΣ ΜΟΝ/ΠΗ Α.Ε (094437885),094437885,ZIMMER BIOMET ΕΛΛΑΣ ΜΟΝ/ΠΗ Α.Ε (094437885),827.85,,
99314690ΒΧ-4Σ2,2024-04-09,ΕΝΤΑΛΜΑ ΠΛΗΡΩΜΗΣ ZIMMER BIOMET ΕΛΛΑΣ ΜΟΝ/ΠΗ Α.Ε (094437885),094437885,ZIMMER BIOMET ΕΛΛΑΣ ΜΟΝ/ΠΗ Α.Ε (094437885),4252.97,,
9ΔΡΛ4690ΒΧ-80Τ,2024-04-09,ΕΝΤΑΛΜΑ ΠΛΗΡΩΜΗΣ MEDINOR ΕΕ (082802380),082802380,MEDINOR ΕΕ (082802380),3485.49,,
6ΥΜΓ4690ΒΧ-3ΩΣ,2024-04-09,ΕΝΤΑΛΜΑ ΠΛΗΡΩΜΗΣ ELFAMED AE (800378686),800378686,ELFAMED AE (800378686),1816.42,,
6ΕΔΗ4690ΒΧ-ΝΛΘ,2024-04-09,ΕΝΤΑΛΜΑ ΠΛΗΡΩΜΗΣ BIOTRANS A.E (999506681),999506681,BIOTRANS A.E (999506681),669.6,,
6ΖΩΞ4690ΒΧ-Χ2Μ,2024-04-09,ΕΝΤΑΛΜΑ ΠΛΗΡΩΜΗΣ '' C   P MEDICALS O.E'' (800392564),800392564,'' C   P MEDICALS O.E'' (800392564),2260.0,,
ΨΑΗΤ4690ΒΧ-Σ6Θ,2024-03-20,ΕΝΤΑΛΜΑ ΠΛΗΡΩΜΗΣ ΤΗΛ.Κ.ΓΙΟΚΑΡΗΣ   ΣΙΑ ΟΕ DOCTOF (081564690),081564690,ΤΗΛ.Κ.ΓΙΟΚΑΡΗΣ   ΣΙΑ ΟΕ DOCTOF (081564690),1810.48,,
Ψ3ΩΩ4690ΒΧ-Ο57,2024-03-20,ΕΝΤΑΛΜΑ ΠΛΗΡΩΜΗΣ ΤΕΜΑΚ (094279934),094279934,ΤΕΜΑΚ (094279934),3664.2,,
96ΖΟ4690ΒΧ-ΓΟΘ,2024-03-20,ΕΝΤΑΛΜΑ ΠΛΗΡΩΜΗΣ ΝΟΣΟΚΟΜΕΙΑΚΗ ΓΡΑΜΜΗ Α.Ε (094396063),094396063,ΝΟΣΟΚΟΜΕΙΑΚΗ ΓΡΑΜΜΗ Α.Ε (094396063),7141.6,,
ΨΘΡ74690ΒΧ-ΚΦΛ,2024-03-20,ΕΝΤΑΛΜΑ ΠΛΗΡΩΜΗΣ ΞΕΝΟΦΩΝ ΓΕΡΜΑΝΟΣ Α.Ε.Ε. (094326835),094326835,ΞΕΝΟΦΩΝ ΓΕΡΜΑΝΟΣ Α.Ε.Ε. (094326835),619.81,,
6ΩΖΙ4690ΒΧ-ΩΧ3,2024-03-20,ΕΝΤΑΛΜΑ ΠΛΗΡΩΜΗΣ ΞΕΝΟΦΩΝ ΓΕΡΜΑΝΟΣ Α.Ε.Ε. (094326835),094326835,ΞΕΝΟΦΩΝ ΓΕΡΜΑΝΟΣ Α.Ε.Ε. (094326835),1440.38,,
9ΨΖΧ4690ΒΧ-ΖΧ5,2024-03-20,ΕΝΤΑΛΜΑ ΠΛΗΡΩΜΗΣ ΞΕΝΟΦΩΝ ΓΕΡΜΑΝΟΣ Α.Ε.Ε. (094326835),094326835,ΞΕΝΟΦΩΝ ΓΕΡΜΑΝΟΣ Α.Ε.Ε. (094326835),1227.48,,
6Ν4Δ4690ΒΧ-ΓΧ6,2024-03-20,ΕΝΤΑΛΜΑ ΠΛΗΡΩΜΗΣ ΝΙΚ.Ι.ΛΑΊΝΙΩΤΗΣ Α.Ε.Β.Ε (093628458),093628458,ΝΙΚ.Ι.ΛΑΊΝΙΩΤΗΣ Α.Ε.Β.Ε (093628458),1238.75,,
6Υ2Θ4690ΒΧ-5ΤΗ,2024-03-20,ΕΝΤΑΛΜΑ ΠΛΗΡΩΜΗΣ ΝΙΚ.Ι.ΛΑΊΝΙΩΤΗΣ Α.Ε.Β.Ε (093628458),093628458,ΝΙΚ.Ι.ΛΑΊΝΙΩΤΗΣ Α.Ε.Β.Ε (093628458),2505.21,,
922Ι4690ΒΧ-ΔΦΩ,2024-03-20,ΕΝΤΑΛΜΑ ΠΛΗΡΩΜΗΣ ΝΙΚ.Ι.ΛΑΊΝΙΩΤΗΣ Α.Ε.Β.Ε (093628458),093628458,ΝΙΚ.Ι.ΛΑΊΝΙΩΤΗΣ Α.Ε.Β.Ε (093628458),916.07,,
6ΦΕ14690ΒΧ-ΦΑ6,2024-03-20,ΕΝΤΑΛΜΑ ΠΛΗΡΩΜΗΣ ΝΙΚ.Ι.ΛΑΊΝΙΩΤΗΣ Α.Ε.Β.Ε (093628458),093628458,ΝΙΚ.Ι.ΛΑΊΝΙΩΤΗΣ Α.Ε.Β.Ε (093628458),2248.06,,
68ΞΦ4690ΒΧ-ΛΘ8,2024-03-20,ΕΝΤΑΛΜΑ ΠΛΗΡΩΜΗΣ ΜΑΓΕΙΡΑΣ ΔΙΑΓΝ.ΜΗΧΑΝΗΜΑΤΑ Α.Ε. (095444407),095444407,ΜΑΓΕΙΡΑΣ ΔΙΑΓΝ.ΜΗΧΑΝΗΜΑΤΑ Α.Ε. (095444407),11681.4,,
91394690ΒΧ-ΟΥΔ,2024-03-20,ΕΝΤΑΛΜΑ ΠΛΗΡΩΜΗΣ ΕΥΡΟΜΑΡΤ Α.Ε. (094284004),094284004,ΕΥΡΟΜΑΡΤ Α.Ε. (094284004),110.24,,
910Κ4690ΒΧ-Ξ86,2024-03-20,ΕΝΤΑΛΜΑ ΠΛΗΡΩΜΗΣ ΕΝΟΡΑΣΙΣ Α.Ε. (094503580),094503580,ΕΝΟΡΑΣΙΣ Α.Ε. (094503580),669.1,,
9ΕΡΥ4690ΒΧ-ΥΦ0,2024-03-20,ΕΝΤΑΛΜΑ ΠΛΗΡΩΜΗΣ ΕΛΛΕΝΚΟ Α.Ε. (094074824),094074824,ΕΛΛΕΝΚΟ Α.Ε. (094074824),325.92,,
6Φ004690ΒΧ-Π9Ο,2024-03-20,ΕΝΤΑΛΜΑ ΠΛΗΡΩΜΗΣ ΕΛΛΕΝΚΟ Α.Ε. (094074824),094074824,ΕΛΛΕΝΚΟ Α.Ε. (094074824),1033.95,,
68ΖΓ4690ΒΧ-ΩΥΘ,2024-03-20,ΕΝΤΑΛΜΑ ΠΛΗΡΩΜΗΣ ΓΕΤΡΙΜΕΝΤ Ε.Π.Ε. (095279575),095279575,ΓΕΤΡΙΜΕΝΤ Ε.Π.Ε. (095279575),2372.66,,
63ΦΞ4690ΒΧ-ΝΣ4,2024-03-20,ΕΝΤΑΛΜΑ ΠΛΗΡΩΜΗΣ MILONAS HEALTH A.E. (998179225),998179225,MILONAS HEALTH A.E. (998179225),843.81,,
9Κ2Σ4690ΒΧ-ΑΧΦ,2024-03-20,ΕΝΤΑΛΜΑ ΠΛΗΡΩΜΗΣ MILONAS HEALTH A.E. (998179225),998179225,MILONAS HEALTH A.E. (998179225),2262.99,,
ΨΔ2Θ4690ΒΧ-ΤΩΚ,2024-03-20,ΕΝΤΑΛΜΑ ΠΛΗΡΩΜΗΣ MEDICON HELLAS A.E. (094240321),094240321,MEDICON HELLAS A.E. (094240321),471.2,,
6ΜΖΜ4690ΒΧ-ΚΔΓ,2024-03-20,ΕΝΤΑΛΜΑ ΠΛΗΡΩΜΗΣ DOCTUM ΦΑΡΜΑΚΕΥΤΙΚΗ ΑΕ (094070315),094070315,DOCTUM ΦΑΡΜΑΚΕΥΤΙΚΗ ΑΕ (094070315),2251.9,,
9Φ8Ι4690ΒΧ-Λ30,2024-03-20,ΕΝΤΑΛΜΑ ΠΛΗΡΩΜΗΣ DEMO A.Β.Ε.E. (094041553),094041553,DEMO A.Β.Ε.E. (094041553),1086.29,,
6ΔΡΨ4690ΒΧ-Ψ9Κ,2024-03-20,ΕΝΤΑΛΜΑ ΠΛΗΡΩΜΗΣ COMPUTER SOLUTIONS ΑΝΩΝΥΜΗ (095403136),095403136,COMPUTER SOLUTIONS ΑΝΩΝΥΜΗ (095403136),9920.0,,
9Γ8Ι4690ΒΧ-ΑΦΔ,2024-03-20,ΕΝΤΑΛΜΑ ΠΛΗΡΩΜΗΣ BAYER ΕΛΛΑΣ ΑΒΕΕ (094056437),094056437,BAYER ΕΛΛΑΣ ΑΒΕΕ (094056437),4278.0,,
9Λ7Η4690ΒΧ-Ξ9Ω,2024-03-20,ΕΝΤΑΛΜΑ ΠΛΗΡΩΜΗΣ ABBOTT LABORATORIES(ΕΛΛΑΣ)ABEE (094027257),094027257,ABBOTT LABORATORIES(ΕΛΛΑΣ)ABEE (094027257),11638.8,,
6ΝΩΩ4690ΒΧ-Γ7Κ,2024-04-15,ΕΝΤΑΛΜΑ ΠΛΗΡΩΜΗΣ iDX P.C (800725375),800725375,iDX P.C (800725375),2289.6,,
69ΚΠ4690ΒΧ-7Ξ8,2024-04-15,ΕΝΤΑΛΜΑ ΠΛΗΡΩΜΗΣ iDX P.C (800725375),800725375,iDX P.C (800725375),1259.4,,
970Η4690ΒΧ-3ΛΝ,2024-04-15,ΕΝΤΑΛΜΑ ΠΛΗΡΩΜΗΣ BUSE GAS A.E (997598041),997598041,BUSE GAS A.E (997598041),4259.4,,
9ΡΠΙ4690ΒΧ-ΛΗΗ,2024-04-09,ΕΝΤΑΛΜΑ ΠΛΗΡΩΜΗΣ ΔΗΜΟΣ ΛΕΥΚΑΔΑΣ (997916281),997916281,ΔΗΜΟΣ ΛΕΥΚΑΔΑΣ (997916281),13.0,,
63Ω84690ΒΧ-Τ3Ψ,2024-04-09,ΕΝΤΑΛΜΑ ΠΛΗΡΩΜΗΣ ΔΗΜΟΣ ΛΕΥΚΑΔΑΣ (997916281),997916281,ΔΗΜΟΣ ΛΕΥΚΑΔΑΣ (997916281),24.0,,
9Μ5Υ4690ΒΧ-ΣΥΓ,2024-04-10,ΕΝΤΑΛΜΑ ΠΛΗΡΩΜΗΣ ΜΙΧΑΗΛ ΣΚΑΜΑΓΚΑΣ ΑΒΕΕ (999717761),999717761,ΜΙΧΑΗΛ ΣΚΑΜΑΓΚΑΣ ΑΒΕΕ (999717761),421.09,,
ΨΕΔ64690ΒΧ-19Κ,2024-03-22,ΕΝΤΑΛΜΑ ΠΛΗΡΩΜΗΣ MEDI SUP AE (094447320),094447320,MEDI SUP AE (094447320),311.65,,
ΨΒΛΩ4690ΒΧ-Β6Λ,2024-04-09,ΕΝΤΑΛΜΑ ΠΛΗΡΩΜΗΣ atc ΟΡΚΩΤΟΙ ΕΛΕΓΚΤΕΣ ΛΟΓΙΣΤΕΣ Ε.Π.Ε. (800390012),800390012,atc ΟΡΚΩΤΟΙ ΕΛΕΓΚΤΕΣ ΛΟΓΙΣΤΕΣ Ε.Π.Ε. (800390012),3645.6,,
Ψ39Κ4690ΒΧ-1ΑΒ,2024-04-08,ΕΝΤΑΛΜΑ ΠΛΗΡΩΜΗΣ ΒΕΡΟΝΙΚΑ ΜΟΥΚΑ τ. ΚΩΝ/ΝΟΥ (136677323),136677323,ΒΕΡΟΝΙΚΑ ΜΟΥΚΑ τ. ΚΩΝ/ΝΟΥ (136677323),708.37,,
ΡΠ4Κ4690ΒΧ-ΕΡΘ,2024-04-08,ΕΝΤΑΛΜΑ ΠΛΗΡΩΜΗΣ ΒΕΡΟΝΙΚΑ ΜΟΥΚΑ τ. ΚΩΝ/ΝΟΥ (136677323),136677323,ΒΕΡΟΝΙΚΑ ΜΟΥΚΑ τ. ΚΩΝ/ΝΟΥ (136677323),848.9,,
9ΓΦ04690ΒΧ-6ΟΛ,2024-04-08,ΕΝΤΑΛΜΑ ΠΛΗΡΩΜΗΣ ΒΕΡΟΝΙΚΑ ΜΟΥΚΑ τ. ΚΩΝ/ΝΟΥ (136677323),136677323,ΒΕΡΟΝΙΚΑ ΜΟΥΚΑ τ. ΚΩΝ/ΝΟΥ (136677323),1361.85,,
6ΘΚΔ4690ΒΧ-85Ν,2024-04-08,ΕΝΤΑΛΜΑ ΠΛΗΡΩΜΗΣ ΚΑΚΑΒΟΣ Ι.ΔΗΜΗΤΡΙΟΣ (119540879),119540879,ΚΑΚΑΒΟΣ Ι.ΔΗΜΗΤΡΙΟΣ (119540879),4048.71,,
6ΤΖΔ4690ΒΧ-ΡΡΥ,2024-04-09,ΕΝΤΑΛΜΑ ΠΛΗΡΩΜΗΣ ΟΡΓ/ΣΜΟΣ ΤΗΛΕΠ/ΝΙΩΝ ΕΛΛΑΔΟΣ ΑΕ (094019245),094019245,ΟΡΓ/ΣΜΟΣ ΤΗΛΕΠ/ΝΙΩΝ ΕΛΛΑΔΟΣ ΑΕ (094019245),109.8,,
9ΝΣ84690ΒΧ-6ΦΨ,2024-04-09,ΕΝΤΑΛΜΑ ΠΛΗΡΩΜΗΣ ΟΡΓ/ΣΜΟΣ ΤΗΛΕΠ/ΝΙΩΝ ΕΛΛΑΔΟΣ ΑΕ (094019245),094019245,ΟΡΓ/ΣΜΟΣ ΤΗΛΕΠ/ΝΙΩΝ ΕΛΛΑΔΟΣ ΑΕ (094019245),1420.28,,
6Η644690ΒΧ-Θ4Ο,2024-04-09,ΕΝΤΑΛΜΑ ΠΛΗΡΩΜΗΣ ΟΡΓ/ΣΜΟΣ ΤΗΛΕΠ/ΝΙΩΝ ΕΛΛΑΔΟΣ ΑΕ (094019245),094019245,ΟΡΓ/ΣΜΟΣ ΤΗΛΕΠ/ΝΙΩΝ ΕΛΛΑΔΟΣ ΑΕ (094019245),458.35,,
66ΕΔ4690ΒΧ-26Ψ,2024-04-09,ΕΝΤΑΛΜΑ ΠΛΗΡΩΜΗΣ ΟΡΓ/ΣΜΟΣ ΤΗΛΕΠ/ΝΙΩΝ ΕΛΛΑΔΟΣ ΑΕ (094019245),094019245,ΟΡΓ/ΣΜΟΣ ΤΗΛΕΠ/ΝΙΩΝ ΕΛΛΑΔΟΣ ΑΕ (094019245),235.56,,
6ΕΙ04690ΒΧ-Σ94,2024-04-09,ΕΝΤΑΛΜΑ ΠΛΗΡΩΜΗΣ ΟΡΓ/ΣΜΟΣ ΤΗΛΕΠ/ΝΙΩΝ ΕΛΛΑΔΟΣ ΑΕ (094019245),094019245,ΟΡΓ/ΣΜΟΣ ΤΗΛΕΠ/ΝΙΩΝ ΕΛΛΑΔΟΣ ΑΕ (094019245),10.0,,
61ΜΞ4690ΒΧ-Λ1Β,2024-04-09,ΕΝΤΑΛΜΑ ΠΛΗΡΩΜΗΣ ΔΗΜ.ΕΠΙΧ/ΣΗ ΗΛΕΚΤΡΙΣΜΟΥ ΑΕ (090000045),090000045,ΔΗΜ.ΕΠΙΧ/ΣΗ ΗΛΕΚΤΡΙΣΜΟΥ ΑΕ (090000045),525.0,,
6Δ834690ΒΧ-ΤΦ1,2024-04-09,ΕΝΤΑΛΜΑ ΠΛΗΡΩΜΗΣ ΔΗΜ.ΕΠΙΧ/ΣΗ ΗΛΕΚΤΡΙΣΜΟΥ ΑΕ (090000045),090000045,ΔΗΜ.ΕΠΙΧ/ΣΗ ΗΛΕΚΤΡΙΣΜΟΥ ΑΕ (090000045),2424.0,,
6ΦΩ44690ΒΧ-ΧΣΔ,2024-04-09,ΕΝΤΑΛΜΑ ΠΛΗΡΩΜΗΣ COSMOTE-ΚΙΝΗΤΕΣ ΤΗΛΕΠΙΚΟΙΝΩΝΙΕΣ Α.Ε (094493766),094493766,COSMOTE-ΚΙΝΗΤΕΣ ΤΗΛΕΠΙΚΟΙΝΩΝΙΕΣ Α.Ε (094493766),5.0,,
Ψ5ΩΗ4690ΒΧ-Β16,2024-04-08,ΕΝΤΑΛΜΑ ΠΛΗΡΩΜΗΣ ΜΠΑΛΑΣΚΑΣ ΓΕΩΡΓΙΟΣ (073571028),073571028,ΜΠΑΛΑΣΚΑΣ ΓΕΩΡΓΙΟΣ (073571028),604.04,,
6ΖΚΙ4690ΒΧ-ΤΣΦ,2024-04-08,ΕΝΤΑΛΜΑ ΠΛΗΡΩΜΗΣ ΜΠΑΛΑΣΚΑΣ ΓΕΩΡΓΙΟΣ (073571028),073571028,ΜΠΑΛΑΣΚΑΣ ΓΕΩΡΓΙΟΣ (073571028),998.58,,
Ψ2ΑΗ4690ΒΧ-ΟΒΓ,2024-04-08,ΕΝΤΑΛΜΑ ΠΛΗΡΩΜΗΣ ΚΟΝΤΟΓΙΑΝΝΗ ΟΥΡΑΝΙΑ (301366552),301366552,ΚΟΝΤΟΓΙΑΝΝΗ ΟΥΡΑΝΙΑ (301366552),1394.59,,
ΨΩΩΒ4690ΒΧ-0Φ1,2024-04-08,ΕΝΤΑΛΜΑ ΠΛΗΡΩΜΗΣ ΓΕΩΡΓΙΟΣ ΜΑΡΚΟΥΙΖΟΣ (022050942),022050942,ΓΕΩΡΓΙΟΣ ΜΑΡΚΟΥΙΖΟΣ (022050942),3509.44,,
99ΗΧ4690ΒΧ-ΩΒΠ,2024-04-08,ΕΝΤΑΛΜΑ ΠΛΗΡΩΜΗΣ ΓΕΩΡΓΙΟΣ ΜΑΡΚΟΥΙΖΟΣ (022050942),022050942,ΓΕΩΡΓΙΟΣ ΜΑΡΚΟΥΙΖΟΣ (022050942),1265.13,,
6ΙΦΝ4690ΒΧ-ΥΜΜ,2024-04-08,ΕΝΤΑΛΜΑ ΠΛΗΡΩΜΗΣ ΓΕΩΡΓΙΟΣ ΜΑΡΚΟΥΙΖΟΣ (022050942),022050942,ΓΕΩΡΓΙΟΣ ΜΑΡΚΟΥΙΖΟΣ (022050942),1703.8,,
Ψ3Ε04690ΒΧ-7Ι7,2024-04-08,ΕΝΤΑΛΜΑ ΠΛΗΡΩΜΗΣ ΒΕΡΟΝΙΚΑ ΜΟΥΚΑ τ. ΚΩΝ/ΝΟΥ (136677323),136677323,ΒΕΡΟΝΙΚΑ ΜΟΥΚΑ τ. ΚΩΝ/ΝΟΥ (136677323),1385.98,,
6ΧΔ44690ΒΧ-ΣΗΙ,2024-04-08,ΕΝΤΑΛΜΑ ΠΛΗΡΩΜΗΣ ΒΕΡΟΝΙΚΑ ΜΟΥΚΑ τ. ΚΩΝ/ΝΟΥ (136677323),136677323,ΒΕΡΟΝΙΚΑ ΜΟΥΚΑ τ. ΚΩΝ/ΝΟΥ (136677323),1439.44,,
6Θ154690ΒΧ-ΧΛΞ,2024-04-03,ΕΝΤΑΛΜΑ ΠΛΗΡΩΜΗΣ ΔΙΣΝΙΤΣΑΣ ΛΕΩΝΙΔΑΣ (029818051),029818051,ΔΙΣΝΙΤΣΑΣ ΛΕΩΝΙΔΑΣ (029818051),3511.86,,
Ψ6ΕΩ4690ΒΧ-5ΔΥ,2024-04-03,ΕΝΤΑΛΜΑ ΠΛΗΡΩΜΗΣ iDX P.C (800725375),800725375,iDX P.C (800725375),1302.0,,
ΨΑ4Σ4690ΒΧ-ΞΨ4,2024-04-02,ΕΝΤΑΛΜΑ ΠΛΗΡΩΜΗΣ ΙΝΤΕΡΣΑΛΟΝΙΚΑ (094450059),094450059,ΙΝΤΕΡΣΑΛΟΝΙΚΑ (094450059),336.0,,
6ΞΛ14690ΒΧ-ΚΓΔ,2024-03-22,ΕΝΤΑΛΜΑ ΠΛΗΡΩΜΗΣ iDX P.C (800725375),800725375,iDX P.C (800725375),2604.0,,
Ψ1ΩΖ4690ΒΧ-ΒΚΨ,2024-02-29,ΕΝΤΑΛΜΑ ΠΛΗΡΩΜΗΣ Johnson   Johnson Medical Greece Μονοπρόσωπη Α.Ε. (801858262),801858262,Johnson   Johnson Medical Greece Μονοπρόσωπη Α.Ε. (801858262),14304.4,,
6ΑΩ84690ΒΧ-Δ5Η,2024-02-20,ΕΝΤΑΛΜΑ ΠΛΗΡΩΜΗΣ ΠΦΑΙΖΕΡ ΕΛΛΑΣ ΑΕ600/01/B86/601 (094012336),094012336,ΠΦΑΙΖΕΡ ΕΛΛΑΣ ΑΕ600/01/B86/601 (094012336),396.65,,
9ΗΑΓ4690ΒΧ-5ΘΤ,2024-02-16,ΕΝΤΑΛΜΑ ΠΛΗΡΩΜΗΣ ΄΄ΦΑΡΜΑ ΚΙΡΚΗ΄΄ ΕΙΡΗΝΗ ΦΕΡΕΝΤΙΝΟΥ ΜΟΝ/ΠΗ ΙΚΕ (800908604),800908604,΄΄ΦΑΡΜΑ ΚΙΡΚΗ΄΄ ΕΙΡΗΝΗ ΦΕΡΕΝΤΙΝΟΥ ΜΟΝ/ΠΗ ΙΚΕ (800908604),4719.32,,
Ψ0ΟΓ4690ΒΧ-Ω6Ο,2024-02-15,ΕΝΤΑΛΜΑ ΠΛΗΡΩΜΗΣ ΕΛΛΕΝΚΟ Α.Ε. (094074824),094074824,ΕΛΛΕΝΚΟ Α.Ε. (094074824),676.19,,
ΨΤ3Ι4690ΒΧ-ΙΓΥ,2024-02-15,ΕΝΤΑΛΜΑ ΠΛΗΡΩΜΗΣ ΕΛΛΕΝΚΟ Α.Ε. (094074824),094074824,ΕΛΛΕΝΚΟ Α.Ε. (094074824),258.09,,
Ψ95Υ4690ΒΧ-9ΑΡ,2024-02-26,ΕΝΤΑΛΜΑ ΠΛΗΡΩΜΗΣ ΣΑΚΚΑΣ ΛΑΜΠΡΟΣ (018713420),018713420,ΣΑΚΚΑΣ ΛΑΜΠΡΟΣ (018713420),1551.6,,
6ΡΕΦ4690ΒΧ-76Π,2024-02-26,ΕΝΤΑΛΜΑ ΠΛΗΡΩΜΗΣ ΣΑΚΚΑΣ ΛΑΜΠΡΟΣ (018713420),018713420,ΣΑΚΚΑΣ ΛΑΜΠΡΟΣ (018713420),2434.0,,
69Χ34690ΒΧ-8Ι9,2024-02-23,ΕΝΤΑΛΜΑ ΠΛΗΡΩΜΗΣ ORTHOMEDICAL (094498485),094498485,ORTHOMEDICAL (094498485),3962.6,,
6ΘΑΖ4690ΒΧ-Μ9Ξ,2024-02-23,ΕΝΤΑΛΜΑ ΠΛΗΡΩΜΗΣ ORTHOMEDICAL (094498485),094498485,ORTHOMEDICAL (094498485),1677.59,,
9ΕΕΘ4690ΒΧ-ΡΗΡ,2024-03-20,ΕΝΤΑΛΜΑ ΠΛΗΡΩΜΗΣ ΒΕΡΟΝΙΚΑ ΜΟΥΚΑ τ. ΚΩΝ/ΝΟΥ (136677323),136677323,ΒΕΡΟΝΙΚΑ ΜΟΥΚΑ τ. ΚΩΝ/ΝΟΥ (136677323),1185.66,,
ΨΟΠ24690ΒΧ-Α1Π,2024-03-20,ΕΝΤΑΛΜΑ ΠΛΗΡΩΜΗΣ ΒΕΡΟΝΙΚΑ ΜΟΥΚΑ τ. ΚΩΝ/ΝΟΥ (136677323),136677323,ΒΕΡΟΝΙΚΑ ΜΟΥΚΑ τ. ΚΩΝ/ΝΟΥ (136677323),1181.8,,
6Α3Η4690ΒΧ-ΑΙΟ,2024-03-20,ΕΝΤΑΛΜΑ ΠΛΗΡΩΜΗΣ ΒΕΡΟΝΙΚΑ ΜΟΥΚΑ τ. ΚΩΝ/ΝΟΥ (136677323),136677323,ΒΕΡΟΝΙΚΑ ΜΟΥΚΑ τ. ΚΩΝ/ΝΟΥ (136677323),1167.54,,
99ΘΤ4690ΒΧ-ΛΒΒ,2024-03-20,ΕΝΤΑΛΜΑ ΠΛΗΡΩΜΗΣ ΒΕΡΟΝΙΚΑ ΜΟΥΚΑ τ. ΚΩΝ/ΝΟΥ (136677323),136677323,ΒΕΡΟΝΙΚΑ ΜΟΥΚΑ τ. ΚΩΝ/ΝΟΥ (136677323),2048.41,,
6Ν5Η4690ΒΧ-ΛΜΧ,2024-02-16,ΕΝΤΑΛΜΑ ΠΛΗΡΩΜΗΣ ΔΗΜ.ΕΠΙΧ/ΣΗ ΗΛΕΚΤΡΙΣΜΟΥ ΑΕ (090000045),090000045,ΔΗΜ.ΕΠΙΧ/ΣΗ ΗΛΕΚΤΡΙΣΜΟΥ ΑΕ (090000045),353.0,,
ΨΔΙΗ4690ΒΧ-7Β5,2024-02-20,ΕΝΤΑΛΜΑ ΠΛΗΡΩΜΗΣ ΑΝΦΑΡΜ - ΕΛΛΑΣ ΑΕ (094036383),094036383,ΑΝΦΑΡΜ - ΕΛΛΑΣ ΑΕ (094036383),3504.59,,
6ΙΓ84690ΒΧ-ΧΙΡ,2024-02-20,ΕΝΤΑΛΜΑ ΠΛΗΡΩΜΗΣ ΑΝΦΑΡΜ - ΕΛΛΑΣ ΑΕ (094036383),094036383,ΑΝΦΑΡΜ - ΕΛΛΑΣ ΑΕ (094036383),4414.07,,
ΨΣ3Χ4690ΒΧ-ΖΒΠ,2024-03-05,ΕΝΤΑΛΜΑ ΠΛΗΡΩΜΗΣ SIEMENS HEALTHCARE ABEE (094456875),094456875,SIEMENS HEALTHCARE ABEE (094456875),3642.51,,
ΨΕ9Ω4690ΒΧ-3ΘΞ,2024-03-05,ΕΝΤΑΛΜΑ ΠΛΗΡΩΜΗΣ SIEMENS HEALTHCARE ABEE (094456875),094456875,SIEMENS HEALTHCARE ABEE (094456875),3642.51,,
6ΦΘΖ4690ΒΧ-64Α,2024-03-05,ΕΝΤΑΛΜΑ ΠΛΗΡΩΜΗΣ SIEMENS HEALTHCARE ABEE (094456875),094456875,SIEMENS HEALTHCARE ABEE (094456875),3642.51,,
65Η04690ΒΧ-Κ1Π,2024-03-05,ΕΝΤΑΛΜΑ ΠΛΗΡΩΜΗΣ SIEMENS HEALTHCARE ABEE (094456875),094456875,SIEMENS HEALTHCARE ABEE (094456875),3642.51,,
Ψ0ΓΩ4690ΒΧ-ΚΚ8,2024-03-05,ΕΝΤΑΛΜΑ ΠΛΗΡΩΜΗΣ SIEMENS HEALTHCARE ABEE (094456875),094456875,SIEMENS HEALTHCARE ABEE (094456875),3642.51,,
ΨΧΠ44690ΒΧ-0Ψ4,2024-03-04,ΕΝΤΑΛΜΑ ΠΛΗΡΩΜΗΣ Payroll Software   Services Real Solutions Ι.Κ.Ε (800498280),800498280,Payroll Software   Services Real Solutions Ι.Κ.Ε (800498280),2873.7,,
9ΗΥ64690ΒΧ-ΔΟΞ,2024-03-05,ΕΝΤΑΛΜΑ ΠΛΗΡΩΜΗΣ PublicSoft Ι.Κ.Ε. (800837416),800837416,PublicSoft Ι.Κ.Ε. (800837416),9341.33,,
ΨΖ6Ρ4690ΒΧ-ΨΚΞ,2024-03-04,ΕΝΤΑΛΜΑ ΠΛΗΡΩΜΗΣ OTIS ΕΛΛΑΣ ΜΟΝΟΠΡΟΣΩΠΗ ΑΝΩΝ.ΒΙΟΜ.   ΕΜΠ.ΤΕΧΝ.ΕΤΑΙΡΕΙΑ (094208578),094208578,OTIS ΕΛΛΑΣ ΜΟΝΟΠΡΟΣΩΠΗ ΑΝΩΝ.ΒΙΟΜ.   ΕΜΠ.ΤΕΧΝ.ΕΤΑΙΡΕΙΑ (094208578),2279.0,,
622Μ4690ΒΧ-ΤΗΚ,2024-03-04,ΕΝΤΑΛΜΑ ΠΛΗΡΩΜΗΣ OTIS ΕΛΛΑΣ ΜΟΝΟΠΡΟΣΩΠΗ ΑΝΩΝ.ΒΙΟΜ.   ΕΜΠ.ΤΕΧΝ.ΕΤΑΙΡΕΙΑ (094208578),094208578,OTIS ΕΛΛΑΣ ΜΟΝΟΠΡΟΣΩΠΗ ΑΝΩΝ.ΒΙΟΜ.   ΕΜΠ.ΤΕΧΝ.ΕΤΑΙΡΕΙΑ (094208578),1082.95,,
Ψ34Ι4690ΒΧ-Θ26,2024-02-29,ΕΝΤΑΛΜΑ ΠΛΗΡΩΜΗΣ MILONAS HEALTH A.E. (998179225),998179225,MILONAS HEALTH A.E. (998179225),1852.93,,
9ΠΟΠ4690ΒΧ-ΟΥ9,2024-03-04,ΕΝΤΑΛΜΑ ΠΛΗΡΩΜΗΣ INTER MEDICA ΕΜΜ.Τ.ΤΖΑΝΙΔΑΚΗΣ (011651035),011651035,INTER MEDICA ΕΜΜ.Τ.ΤΖΑΝΙΔΑΚΗΣ (011651035),517.08,,
9Π294690ΒΧ-93Β,2024-03-04,ΕΝΤΑΛΜΑ ΠΛΗΡΩΜΗΣ INTER MEDICA ΕΜΜ.Τ.ΤΖΑΝΙΔΑΚΗΣ (011651035),011651035,INTER MEDICA ΕΜΜ.Τ.ΤΖΑΝΙΔΑΚΗΣ (011651035),334.8,,
6Θ4Ψ4690ΒΧ-ΔΚΨ,2024-03-04,ΕΝΤΑΛΜΑ ΠΛΗΡΩΜΗΣ HEALTHCARE EXPERIENCE A.E ΟΛΟΚΛ.ΛΥΣ.ΙΑΤΡ. ΠΛ.ΙΑΤΡ.ΕΞ.-ΛΟΓ.  ΥΠΗΡ. (997800874),997800874,HEALTHCARE EXPERIENCE A.E ΟΛΟΚΛ.ΛΥΣ.ΙΑΤΡ. ΠΛ.ΙΑΤΡ.ΕΞ.-ΛΟΓ.  ΥΠΗΡ. (997800874),1023.0,,
Ψ4ΞΣ4690ΒΧ-ΜΨΟ,2024-03-04,ΕΝΤΑΛΜΑ ΠΛΗΡΩΜΗΣ GE HEALTHCARE (094472918),094472918,GE HEALTHCARE (094472918),10540.0,,
9ΩΧ24690ΒΧ-ΚΞΝ,2024-03-14,ΕΝΤΑΛΜΑ ΠΛΗΡΩΜΗΣ ΕΛΛΗΝΙΚΑ ΚΑΥΣΙΜΑ ΟΡΥΚΤΕΛΑΙΑ ΜΟΝΟΠΡ.ΑΝΩΝ.ΒΙΟΜΗΧ.  ΕΜΠΟΡ.ΕΤΑΙΡΕΙΑ (094010146),094010146,ΕΛΛΗΝΙΚΑ ΚΑΥΣΙΜΑ ΟΡΥΚΤΕΛΑΙΑ ΜΟΝΟΠΡ.ΑΝΩΝ.ΒΙΟΜΗΧ.  ΕΜΠΟΡ.ΕΤΑΙΡΕΙΑ (094010146),41293.76,,
60ΞΑ4690ΒΧ-Β6Θ,2024-03-14,ΕΝΤΑΛΜΑ ΠΛΗΡΩΜΗΣ Σ.ΣΟΛΔΑΤΟΣ Ε.Π.Ε. (095451970),095451970,Σ.ΣΟΛΔΑΤΟΣ Ε.Π.Ε. (095451970),290.72,,
6Ρ4Ψ4690ΒΧ-ΥΓΛ,2024-03-14,ΕΝΤΑΛΜΑ ΠΛΗΡΩΜΗΣ ΠΗΝΕΛΟΠΗ Δ.ΚΥΡΚΟΥ (066483339),066483339,ΠΗΝΕΛΟΠΗ Δ.ΚΥΡΚΟΥ (066483339),1488.0,,
ΨΘ964690ΒΧ-1ΧΝ,2024-02-26,ΕΝΤΑΛΜΑ ΠΛΗΡΩΜΗΣ ΓΕΩΡΓΙΟΣ ΜΑΡΚΟΥΙΖΟΣ (022050942),022050942,ΓΕΩΡΓΙΟΣ ΜΑΡΚΟΥΙΖΟΣ (022050942),1340.1,,
ΨΡΠ84690ΒΧ-2Β0,2024-02-26,ΕΝΤΑΛΜΑ ΠΛΗΡΩΜΗΣ ΓΕΩΡΓΙΟΣ ΜΑΡΚΟΥΙΖΟΣ (022050942),022050942,ΓΕΩΡΓΙΟΣ ΜΑΡΚΟΥΙΖΟΣ (022050942),1784.93,,
Ψ5ΘΠ4690ΒΧ-ΩΩΩ,2024-02-29,ΕΝΤΑΛΜΑ ΠΛΗΡΩΜΗΣ Johnson   Johnson Medical Greece Μονοπρόσωπη Α.Ε. (801858262),801858262,Johnson   Johnson Medical Greece Μονοπρόσωπη Α.Ε. (801858262),83.26,,
Ψ2Υ94690ΒΧ-ΑΩΣ,2024-02-29,ΕΝΤΑΛΜΑ ΠΛΗΡΩΜΗΣ Johnson   Johnson Medical Greece Μονοπρόσωπη Α.Ε. (801858262),801858262,Johnson   Johnson Medical Greece Μονοπρόσωπη Α.Ε. (801858262),1590.16,,
ΡΒΜΔ4690ΒΧ-Ψ7Ξ,2024-02-16,ΕΝΤΑΛΜΑ ΠΛΗΡΩΜΗΣ ΟΡΓ/ΣΜΟΣ ΤΗΛΕΠ/ΝΙΩΝ ΕΛΛΑΔΟΣ ΑΕ (094019245),094019245,ΟΡΓ/ΣΜΟΣ ΤΗΛΕΠ/ΝΙΩΝ ΕΛΛΑΔΟΣ ΑΕ (094019245),942.24,,
6Τ0Φ4690ΒΧ-839,2024-02-16,ΕΝΤΑΛΜΑ ΠΛΗΡΩΜΗΣ ΟΡΓ/ΣΜΟΣ ΤΗΛΕΠ/ΝΙΩΝ ΕΛΛΑΔΟΣ ΑΕ (094019245),094019245,ΟΡΓ/ΣΜΟΣ ΤΗΛΕΠ/ΝΙΩΝ ΕΛΛΑΔΟΣ ΑΕ (094019245),450.28,,
ΡΟΞΦ4690ΒΧ-662,2024-03-05,ΕΝΤΑΛΜΑ ΠΛΗΡΩΜΗΣ VAKTRO SCIENTIFIC ΣΤΑΥΡΟΣ ΑΓΓΕΛΟΠΟΥΛΟΣ   ΣΙΑ Ο.Ε (084221869),084221869,VAKTRO SCIENTIFIC ΣΤΑΥΡΟΣ ΑΓΓΕΛΟΠΟΥΛΟΣ   ΣΙΑ Ο.Ε (084221869),1016.8,,
66ΕΡ4690ΒΧ-3Θ3,2024-03-05,ΕΝΤΑΛΜΑ ΠΛΗΡΩΜΗΣ TYPO-CENTER ΓΕΡ.ΒΕΡΓΙΝΗΣ (028558054),028558054,TYPO-CENTER ΓΕΡ.ΒΕΡΓΙΝΗΣ (028558054),124.0,,
ΨΡ0Ρ4690ΒΧ-ΖΝΦ,2024-03-05,ΕΝΤΑΛΜΑ ΠΛΗΡΩΜΗΣ PROFI ΤΕΧΝΙΚΟ SUPER MARKET (800326038),800326038,PROFI ΤΕΧΝΙΚΟ SUPER MARKET (800326038),1395.0,,
ΡΒΑΓ4690ΒΧ-Η8Ρ,2024-03-05,ΕΝΤΑΛΜΑ ΠΛΗΡΩΜΗΣ PROFI ΤΕΧΝΙΚΟ SUPER MARKET (800326038),800326038,PROFI ΤΕΧΝΙΚΟ SUPER MARKET (800326038),189.84,,
Ρ2Ι84690ΒΧ-ΖΡΛ,2024-03-05,ΕΝΤΑΛΜΑ ΠΛΗΡΩΜΗΣ PROFFICE Ε.ΖΩΗΣ-Σ.ΒΡΑΝΟΣ Ο.Ε. (800555505),800555505,PROFFICE Ε.ΖΩΗΣ-Σ.ΒΡΑΝΟΣ Ο.Ε. (800555505),1142.0,,
ΡΦΣΒ4690ΒΧ-ΣΤ2,2024-03-05,ΕΝΤΑΛΜΑ ΠΛΗΡΩΜΗΣ ONCORAD MON.IKE (801361978),801361978,ONCORAD MON.IKE (801361978),198.4,,
ΡΦ0Σ4690ΒΧ-076,2024-03-05,ΕΝΤΑΛΜΑ ΠΛΗΡΩΜΗΣ Nivaco (099603280),099603280,Nivaco (099603280),664.64,,
61ΛΥ4690ΒΧ-ΑΚ9,2024-03-05,ΕΝΤΑΛΜΑ ΠΛΗΡΩΜΗΣ MILONAS HEALTH A.E. (998179225),998179225,MILONAS HEALTH A.E. (998179225),1510.32,,
ΡΟ034690ΒΧ-ΝΘΛ,2024-03-05,ΕΝΤΑΛΜΑ ΠΛΗΡΩΜΗΣ INSIDE ΙΑΤΡΙΚΕΣ ΤΕΧΝΟΛΟΓΙΕΣ ΜΟΝΟΠΡΟΣΩΠΗ Ι.Κ.Ε. (800777790),800777790,INSIDE ΙΑΤΡΙΚΕΣ ΤΕΧΝΟΛΟΓΙΕΣ ΜΟΝΟΠΡΟΣΩΠΗ Ι.Κ.Ε. (800777790),1339.2,,
96ΘΨ4690ΒΧ-0ΘΡ,2024-03-05,ΕΝΤΑΛΜΑ ΠΛΗΡΩΜΗΣ ECOLIGHT ΜΑΦΡΕΔΟΣ Δ   ΣΙΑ Ε.Ε. (998414961),998414961,ECOLIGHT ΜΑΦΡΕΔΟΣ Δ   ΣΙΑ Ε.Ε. (998414961),148.8,,
ΨΧΓΕ4690ΒΧ-07Ω,2024-03-05,ΕΝΤΑΛΜΑ ΠΛΗΡΩΜΗΣ ''BIOSENSE'' ΑΝΔΡΙΩΤΗ Ε   ΣΙΑ Ε.Ε. (800366706),800366706,''BIOSENSE'' ΑΝΔΡΙΩΤΗ Ε   ΣΙΑ Ε.Ε. (800366706),818.4,,
ΨΘΘΙ4690ΒΧ-ΗΝΔ,2024-03-05,ΕΝΤΑΛΜΑ ΠΛΗΡΩΜΗΣ ΜΠΟΥΡΣΙΝΟΣ ΠΟΛΥΧΡΟΝΗΣ (156369796),156369796,ΜΠΟΥΡΣΙΝΟΣ ΠΟΛΥΧΡΟΝΗΣ (156369796),225.68,,
ΨΚΦ94690ΒΧ-Ι5Η,2024-03-05,ΕΝΤΑΛΜΑ ΠΛΗΡΩΜΗΣ ΜΠΟΥΡΣΙΝΟΣ ΠΟΛΥΧΡΟΝΗΣ (156369796),156369796,ΜΠΟΥΡΣΙΝΟΣ ΠΟΛΥΧΡΟΝΗΣ (156369796),3022.5,,
Ψ2Ρ04690ΒΧ-ΛΩΥ,2024-03-04,ΕΝΤΑΛΜΑ ΠΛΗΡΩΜΗΣ MEDIC PLAN HEALTH PROJECT IKE (999961120),999961120,MEDIC PLAN HEALTH PROJECT IKE (999961120),1627.5,,
6Κ574690ΒΧ-ΤΜ5,2024-02-29,ΕΝΤΑΛΜΑ ΠΛΗΡΩΜΗΣ TAKEDA ΕΛΛΑΣ Α.Ε (094326651),094326651,TAKEDA ΕΛΛΑΣ Α.Ε (094326651),4731.52,,
659Λ4690ΒΧ-Δ1Σ,2024-02-29,ΕΝΤΑΛΜΑ ΠΛΗΡΩΜΗΣ TAKEDA ΕΛΛΑΣ Α.Ε (094326651),094326651,TAKEDA ΕΛΛΑΣ Α.Ε (094326651),4731.52,,
9Σ6Π4690ΒΧ-ΖΓΦ,2024-02-29,ΕΝΤΑΛΜΑ ΠΛΗΡΩΜΗΣ TAKEDA ΕΛΛΑΣ Α.Ε (094326651),094326651,TAKEDA ΕΛΛΑΣ Α.Ε (094326651),4731.52,,
ΡΣΠ54690ΒΧ-74Μ,2024-02-29,ΕΝΤΑΛΜΑ ΠΛΗΡΩΜΗΣ TAKEDA ΕΛΛΑΣ Α.Ε (094326651),094326651,TAKEDA ΕΛΛΑΣ Α.Ε (094326651),3809.88,,
6ΑΓ84690ΒΧ-9ΙΛ,2024-02-29,ΕΝΤΑΛΜΑ ΠΛΗΡΩΜΗΣ TAKEDA ΕΛΛΑΣ Α.Ε (094326651),094326651,TAKEDA ΕΛΛΑΣ Α.Ε (094326651),3809.88,,
ΨΒ034690ΒΧ-ΦΣΨ,2024-02-29,ΕΝΤΑΛΜΑ ΠΛΗΡΩΜΗΣ TAKEDA ΕΛΛΑΣ Α.Ε (094326651),094326651,TAKEDA ΕΛΛΑΣ Α.Ε (094326651),3809.88,,
9Ι1Λ4690ΒΧ-Υ18,2024-02-29,ΕΝΤΑΛΜΑ ΠΛΗΡΩΜΗΣ TAKEDA ΕΛΛΑΣ Α.Ε (094326651),094326651,TAKEDA ΕΛΛΑΣ Α.Ε (094326651),3809.88,,
6ΞΨ84690ΒΧ-ΖΗΒ,2024-02-29,ΕΝΤΑΛΜΑ ΠΛΗΡΩΜΗΣ TAKEDA ΕΛΛΑΣ Α.Ε (094326651),094326651,TAKEDA ΕΛΛΑΣ Α.Ε (094326651),3809.88,,
6ΧΗ94690ΒΧ-Θ2Α,2024-02-29,ΕΝΤΑΛΜΑ ΠΛΗΡΩΜΗΣ TAKEDA ΕΛΛΑΣ Α.Ε (094326651),094326651,TAKEDA ΕΛΛΑΣ Α.Ε (094326651),3809.88,,
Ψ2ΕΥ4690ΒΧ-ΖΣΛ,2024-02-29,ΕΝΤΑΛΜΑ ΠΛΗΡΩΜΗΣ TAKEDA ΕΛΛΑΣ Α.Ε (094326651),094326651,TAKEDA ΕΛΛΑΣ Α.Ε (094326651),4731.52,,
9ΓΟ74690ΒΧ-ΘΜΕ,2024-02-29,ΕΝΤΑΛΜΑ ΠΛΗΡΩΜΗΣ TAKEDA ΕΛΛΑΣ Α.Ε (094326651),094326651,TAKEDA ΕΛΛΑΣ Α.Ε (094326651),4731.52,,
Ρ3Γ24690ΒΧ-Δ0Ζ,2024-02-29,ΕΝΤΑΛΜΑ ΠΛΗΡΩΜΗΣ TAKEDA ΕΛΛΑΣ Α.Ε (094326651),094326651,TAKEDA ΕΛΛΑΣ Α.Ε (094326651),4731.52,,
9ΔΘ14690ΒΧ-505,2024-02-29,ΕΝΤΑΛΜΑ ΠΛΗΡΩΜΗΣ TAKEDA ΕΛΛΑΣ Α.Ε (094326651),094326651,TAKEDA ΕΛΛΑΣ Α.Ε (094326651),4731.52,,
6ΙΩ94690ΒΧ-ΒΣΕ,2024-02-29,ΕΝΤΑΛΜΑ ΠΛΗΡΩΜΗΣ TAKEDA ΕΛΛΑΣ Α.Ε (094326651),094326651,TAKEDA ΕΛΛΑΣ Α.Ε (094326651),3809.88,,
6Γ694690ΒΧ-1ΧΕ,2024-02-29,ΕΝΤΑΛΜΑ ΠΛΗΡΩΜΗΣ TAKEDA ΕΛΛΑΣ Α.Ε (094326651),094326651,TAKEDA ΕΛΛΑΣ Α.Ε (094326651),3809.88,,
ΨΝΘΜ4690ΒΧ-Ζ0Θ,2024-02-29,ΕΝΤΑΛΜΑ ΠΛΗΡΩΜΗΣ TAKEDA ΕΛΛΑΣ Α.Ε (094326651),094326651,TAKEDA ΕΛΛΑΣ Α.Ε (094326651),3809.88,,
99Κ74690ΒΧ-ΡΨ5,2024-02-29,ΕΝΤΑΛΜΑ ΠΛΗΡΩΜΗΣ TAKEDA ΕΛΛΑΣ Α.Ε (094326651),094326651,TAKEDA ΕΛΛΑΣ Α.Ε (094326651),3809.88,,
Ψ9ΙΛ4690ΒΧ-Κ54,2024-02-29,ΕΝΤΑΛΜΑ ΠΛΗΡΩΜΗΣ TAKEDA ΕΛΛΑΣ Α.Ε (094326651),094326651,TAKEDA ΕΛΛΑΣ Α.Ε (094326651),3809.88,,
ΨΤΨ04690ΒΧ-5ΗΣ,2024-02-29,ΕΝΤΑΛΜΑ ΠΛΗΡΩΜΗΣ TAKEDA ΕΛΛΑΣ Α.Ε (094326651),094326651,TAKEDA ΕΛΛΑΣ Α.Ε (094326651),3809.88,,
6ΦΟΣ4690ΒΧ-5ΝΠ,2024-02-29,ΕΝΤΑΛΜΑ ΠΛΗΡΩΜΗΣ TAKEDA ΕΛΛΑΣ Α.Ε (094326651),094326651,TAKEDA ΕΛΛΑΣ Α.Ε (094326651),3809.88,,
9ΗΘ04690ΒΧ-ΠΛΒ,2024-03-05,ΕΝΤΑΛΜΑ ΠΛΗΡΩΜΗΣ ΣΥΜΕΩΝΙΔΗΣ ΒΑΣ. ΧΑΡΑΛΑΜΠΟΣ (125190308),125190308,ΣΥΜΕΩΝΙΔΗΣ ΒΑΣ. ΧΑΡΑΛΑΜΠΟΣ (125190308),166.16,,
66Φ94690ΒΧ-02Γ,2024-03-05,ΕΝΤΑΛΜΑ ΠΛΗΡΩΜΗΣ ΣΤΕΦΑΝΟΣ ΚΑΤΗΦΟΡΗΣ (043875990),043875990,ΣΤΕΦΑΝΟΣ ΚΑΤΗΦΟΡΗΣ (043875990),37.2,,
99ΗΜ4690ΒΧ-ΤΞΞ,2024-03-05,ΕΝΤΑΛΜΑ ΠΛΗΡΩΜΗΣ ΣΤΡΑΤΗΣ ΝΙΚ.ΑΡΑΒΑΝΗΣ ΣΙΑ Ο.Ε (092053060),092053060,ΣΤΡΑΤΗΣ ΝΙΚ.ΑΡΑΒΑΝΗΣ ΣΙΑ Ο.Ε (092053060),1273.1,,
6ΤΗΨ4690ΒΧ-ΖΕΡ,2024-03-05,ΕΝΤΑΛΜΑ ΠΛΗΡΩΜΗΣ ΝΙΚΟΛΑΟΣ ΚΟΥΡΤΗΣ   ΣΙΑ Ε.Ε (997915143),997915143,ΝΙΚΟΛΑΟΣ ΚΟΥΡΤΗΣ   ΣΙΑ Ε.Ε (997915143),1185.66,,
6Φ9Τ4690ΒΧ-ΤΔ3,2024-03-05,ΕΝΤΑΛΜΑ ΠΛΗΡΩΜΗΣ ΛΑΥΡΑΝΟΣ ΟΜΗΡΟΣ (102561232),102561232,ΛΑΥΡΑΝΟΣ ΟΜΗΡΟΣ (102561232),287.43,,
9Ο8Η4690ΒΧ-ΜΜ2,2024-03-05,ΕΝΤΑΛΜΑ ΠΛΗΡΩΜΗΣ ΚΑΤΩΠΟΔΗΣ Μ.-ΚΑΒΒΑΔΑ Ε.Ε.Π.Ε. (997917019),997917019,ΚΑΤΩΠΟΔΗΣ Μ.-ΚΑΒΒΑΔΑ Ε.Ε.Π.Ε. (997917019),120.28,,
95ΨΡ4690ΒΧ-7Α0,2024-03-05,ΕΝΤΑΛΜΑ ΠΛΗΡΩΜΗΣ ΚΑΤΩΠΟΔΗΣ Μ.-ΚΑΒΒΑΔΑ Ε.Ε.Π.Ε. (997917019),997917019,ΚΑΤΩΠΟΔΗΣ Μ.-ΚΑΒΒΑΔΑ Ε.Ε.Π.Ε. (997917019),215.95,,
ΨΤ654690ΒΧ-989,2024-03-05,ΕΝΤΑΛΜΑ ΠΛΗΡΩΜΗΣ ΘΕΟΧΑΡΗΣ ΚΩΝΣΤΑΝΤΙΝΟΣ (074168641),074168641,ΘΕΟΧΑΡΗΣ ΚΩΝΣΤΑΝΤΙΝΟΣ (074168641),328.35,,
6ΧΛΧ4690ΒΧ-7Η6,2024-03-05,ΕΝΤΑΛΜΑ ΠΛΗΡΩΜΗΣ ΕΞΟΠΛΙΣΤΙΚΗ ΛΕΥΚΑΔΑΣ (801720654),801720654,ΕΞΟΠΛΙΣΤΙΚΗ ΛΕΥΚΑΔΑΣ (801720654),190.21,,
ΡΦΨΤ4690ΒΧ-Η5Θ,2024-03-05,ΕΝΤΑΛΜΑ ΠΛΗΡΩΜΗΣ ΕΝΟΡΑΣΙΣ Α.Ε. (094503580),094503580,ΕΝΟΡΑΣΙΣ Α.Ε. (094503580),1999.97,,
9Λ5Κ4690ΒΧ-7ΡΗ,2024-03-05,ΕΝΤΑΛΜΑ ΠΛΗΡΩΜΗΣ ΔΟΥΚΑΣ ΝΙΚΟΛΑΟΣ (049685100),049685100,ΔΟΥΚΑΣ ΝΙΚΟΛΑΟΣ (049685100),188.69,,
63ΓΙ4690ΒΧ-ΗΦΟ,2024-03-05,ΕΝΤΑΛΜΑ ΠΛΗΡΩΜΗΣ ΔΕΜΕΡΤΖΗ Μ   ΣΙΑ Ε.Ε (998618379),998618379,ΔΕΜΕΡΤΖΗ Μ   ΣΙΑ Ε.Ε (998618379),954.8,,
9ΗΓΟ4690ΒΧ-ΦΣ7,2024-03-05,ΕΝΤΑΛΜΑ ΠΛΗΡΩΜΗΣ ΒΕΡΥΚΙΟΣ ΑΝΑΣΤΑΣΙΟΣ    ΣΙΑ ΟΕ (997915376),997915376,ΒΕΡΥΚΙΟΣ ΑΝΑΣΤΑΣΙΟΣ    ΣΙΑ ΟΕ (997915376),30.75,,
9Υ3Ψ4690ΒΧ-Φ3Μ,2024-03-05,ΕΝΤΑΛΜΑ ΠΛΗΡΩΜΗΣ ΒΕΝΤΟΥΡΗΣ ΙΩΑΝΝΗΣ (059723640),059723640,ΒΕΝΤΟΥΡΗΣ ΙΩΑΝΝΗΣ (059723640),550.0,,
ΨΛΕΚ4690ΒΧ-ΗΡ7,2024-03-05,ΕΝΤΑΛΜΑ ΠΛΗΡΩΜΗΣ Α.ΜΗΤΣΟΥΡΑ - Ε.ΣΤΑΥΡΑΚΑΣ   ΣΙΑ Ο.Ε (092052246),092052246,Α.ΜΗΤΣΟΥΡΑ - Ε.ΣΤΑΥΡΑΚΑΣ   ΣΙΑ Ο.Ε (092052246),722.06,,
9Ρ5Φ4690ΒΧ-ΗΟΙ,2024-03-05,ΕΝΤΑΛΜΑ ΠΛΗΡΩΜΗΣ ΄΄ΕΡΜΗΣ'' ΑΠΟΣΤΟΛΟΥ ΒΑΣΙΛΗΣ (059217883),059217883,΄΄ΕΡΜΗΣ'' ΑΠΟΣΤΟΛΟΥ ΒΑΣΙΛΗΣ (059217883),761.77,,
Ψ2ΤΩ4690ΒΧ-ΩΣ8,2024-02-29,ΕΝΤΑΛΜΑ ΠΛΗΡΩΜΗΣ ΒΕΡΜΑ ΝΤΡΑΓΚΣ ΑΒΕΕ (099363426),099363426,ΒΕΡΜΑ ΝΤΡΑΓΚΣ ΑΒΕΕ (099363426),743.43,,
ΨΧΙ54690ΒΧ-4ΔΙ,2024-02-29,ΕΝΤΑΛΜΑ ΠΛΗΡΩΜΗΣ ΒΕΡΜΑ ΝΤΡΑΓΚΣ ΑΒΕΕ (099363426),099363426,ΒΕΡΜΑ ΝΤΡΑΓΚΣ ΑΒΕΕ (099363426),3134.2,,
9Λ7Κ4690ΒΧ-4ΛΔ,2024-02-23,ΕΝΤΑΛΜΑ ΠΛΗΡΩΜΗΣ DMPS LTD (998333221),998333221,DMPS LTD (998333221),4804.65,,
ΨΗΣΤ4690ΒΧ-ΖΣΞ,2024-02-23,ΕΝΤΑΛΜΑ ΠΛΗΡΩΜΗΣ DMPS LTD (998333221),998333221,DMPS LTD (998333221),4121.45,,
ΨΜΡΛ4690ΒΧ-ΜΛΟ,2024-02-23,ΕΝΤΑΛΜΑ ΠΛΗΡΩΜΗΣ DMPS LTD (998333221),998333221,DMPS LTD (998333221),4024.16,,
6ΡΚ94690ΒΧ-9Ψ1,2024-02-23,ΕΝΤΑΛΜΑ ΠΛΗΡΩΜΗΣ DMPS LTD (998333221),998333221,DMPS LTD (998333221),4999.8,,
ΨΘΙ44690ΒΧ-Ρ72,2024-02-20,ΕΝΤΑΛΜΑ ΠΛΗΡΩΜΗΣ ΒΙΟΣΕΡ ΑΕ (094035927),094035927,ΒΙΟΣΕΡ ΑΕ (094035927),4626.52,,
ΡΛ0Τ4690ΒΧ-ΑΦΟ,2024-02-20,ΕΝΤΑΛΜΑ ΠΛΗΡΩΜΗΣ LEO   ΦΑΡΜ/ΚΑ ΠΡ/ΝΤΑ ΕΛΛΑΣ ΕΠΕ (095003061),095003061,LEO   ΦΑΡΜ/ΚΑ ΠΡ/ΝΤΑ ΕΛΛΑΣ ΕΠΕ (095003061),2587.79,,
9ΝΞΘ4690ΒΧ-262,2024-02-23,ΕΝΤΑΛΜΑ ΠΛΗΡΩΜΗΣ LS.MED M. Ε.Π.Ε (800862068),800862068,LS.MED M. Ε.Π.Ε (800862068),2167.34,,
6ΛΨΦ4690ΒΧ-85Τ,2024-02-23,ΕΝΤΑΛΜΑ ΠΛΗΡΩΜΗΣ LS.MED M. Ε.Π.Ε (800862068),800862068,LS.MED M. Ε.Π.Ε (800862068),4411.52,,
ΨΘΡΥ4690ΒΧ-ΡΞΨ,2024-02-23,ΕΝΤΑΛΜΑ ΠΛΗΡΩΜΗΣ LS.MED M. Ε.Π.Ε (800862068),800862068,LS.MED M. Ε.Π.Ε (800862068),2180.44,,
9ΣΔ94690ΒΧ-ΕΗ4,2024-02-23,ΕΝΤΑΛΜΑ ΠΛΗΡΩΜΗΣ LS.MED M. Ε.Π.Ε (800862068),800862068,LS.MED M. Ε.Π.Ε (800862068),4495.14,,
6Η184690ΒΧ-ΞΙΥ,2024-03-05,ΕΝΤΑΛΜΑ ΠΛΗΡΩΜΗΣ ΛΟΥΛΟΥΔΗΣ ΛΕΩΝΙΔΑΣ ΜΟΝ. ΙΚΕ (801458499),801458499,ΛΟΥΛΟΥΔΗΣ ΛΕΩΝΙΔΑΣ ΜΟΝ. ΙΚΕ (801458499),2418.0,,
692Ο4690ΒΧ-9ΝΘ,2024-02-28,ΕΝΤΑΛΜΑ ΠΛΗΡΩΜΗΣ ΓΕΝΙΚΗ ΧΗΜΙΚΩΝ ΠΡΟΙΟΝΤΩΝ Α.Ε (094133588),094133588,ΓΕΝΙΚΗ ΧΗΜΙΚΩΝ ΠΡΟΙΟΝΤΩΝ Α.Ε (094133588),1841.92,,
6ΜΨΓ4690ΒΧ-ΡΤ2,2024-02-28,ΕΝΤΑΛΜΑ ΠΛΗΡΩΜΗΣ ΓΕΝΙΚΗ ΧΗΜΙΚΩΝ ΠΡΟΙΟΝΤΩΝ Α.Ε (094133588),094133588,ΓΕΝΙΚΗ ΧΗΜΙΚΩΝ ΠΡΟΙΟΝΤΩΝ Α.Ε (094133588),3114.61,,
9ΒΕΒ4690ΒΧ-3ΟΘ,2024-02-28,ΕΝΤΑΛΜΑ ΠΛΗΡΩΜΗΣ ΓΕΝΙΚΗ ΧΗΜΙΚΩΝ ΠΡΟΙΟΝΤΩΝ Α.Ε (094133588),094133588,ΓΕΝΙΚΗ ΧΗΜΙΚΩΝ ΠΡΟΙΟΝΤΩΝ Α.Ε (094133588),116.96,,
6ΓΘΥ4690ΒΧ-ΖΓΧ,2024-02-28,ΕΝΤΑΛΜΑ ΠΛΗΡΩΜΗΣ ΓΕΝΙΚΗ ΧΗΜΙΚΩΝ ΠΡΟΙΟΝΤΩΝ Α.Ε (094133588),094133588,ΓΕΝΙΚΗ ΧΗΜΙΚΩΝ ΠΡΟΙΟΝΤΩΝ Α.Ε (094133588),4747.31,,
ΨΜ4Ε4690ΒΧ-ΜΗΚ,2024-02-23,ΕΝΤΑΛΜΑ ΠΛΗΡΩΜΗΣ MEDICON HELLAS A.E. (094240321),094240321,MEDICON HELLAS A.E. (094240321),2836.6,,
6Α6Κ4690ΒΧ-Π0Β,2024-02-23,ΕΝΤΑΛΜΑ ΠΛΗΡΩΜΗΣ MEDICON HELLAS A.E. (094240321),094240321,MEDICON HELLAS A.E. (094240321),2586.4,,
ΨΒΥ34690ΒΧ-ΡΧΧ,2024-02-23,ΕΝΤΑΛΜΑ ΠΛΗΡΩΜΗΣ MEDICON HELLAS A.E. (094240321),094240321,MEDICON HELLAS A.E. (094240321),3439.36,,
Ψ64Θ4690ΒΧ-ΩΥΠ,2024-02-23,ΕΝΤΑΛΜΑ ΠΛΗΡΩΜΗΣ MEDICON HELLAS A.E. (094240321),094240321,MEDICON HELLAS A.E. (094240321),4486.8,,
9ΨΙΜ4690ΒΧ-ΩΑ0,2024-02-23,ΕΝΤΑΛΜΑ ΠΛΗΡΩΜΗΣ MEDICON HELLAS A.E. (094240321),094240321,MEDICON HELLAS A.E. (094240321),2343.08,,
ΨΩΖΤ4690ΒΧ-ΘΛΩ,2024-02-23,ΕΝΤΑΛΜΑ ΠΛΗΡΩΜΗΣ MEDICON HELLAS A.E. (094240321),094240321,MEDICON HELLAS A.E. (094240321),4588.72,,
6ΧΠ74690ΒΧ-ΨΧΠ,2024-02-23,ΕΝΤΑΛΜΑ ΠΛΗΡΩΜΗΣ MEDICON HELLAS A.E. (094240321),094240321,MEDICON HELLAS A.E. (094240321),4639.6,,
6ΤΓΔ4690ΒΧ-05Α,2024-02-23,ΕΝΤΑΛΜΑ ΠΛΗΡΩΜΗΣ MEDICON HELLAS A.E. (094240321),094240321,MEDICON HELLAS A.E. (094240321),4680.16,,
ΨΤΦΦ4690ΒΧ-Α5Λ,2024-02-23,ΕΝΤΑΛΜΑ ΠΛΗΡΩΜΗΣ MEDICON HELLAS A.E. (094240321),094240321,MEDICON HELLAS A.E. (094240321),4733.8,,
6ΛΟΡ4690ΒΧ-2ΧΛ,2024-02-23,ΕΝΤΑΛΜΑ ΠΛΗΡΩΜΗΣ MEDICON HELLAS A.E. (094240321),094240321,MEDICON HELLAS A.E. (094240321),811.96,,
ΨΧ2Ρ4690ΒΧ-ΥΙΔ,2024-02-23,ΕΝΤΑΛΜΑ ΠΛΗΡΩΜΗΣ MEDICON HELLAS A.E. (094240321),094240321,MEDICON HELLAS A.E. (094240321),3972.88,,
60ΞΝ4690ΒΧ-ΝΧΡ,2024-02-23,ΕΝΤΑΛΜΑ ΠΛΗΡΩΜΗΣ Filippos Healthcare (800527309),800527309,Filippos Healthcare (800527309),3037.44,,
620Ξ4690ΒΧ-8ΩΖ,2024-02-23,ΕΝΤΑΛΜΑ ΠΛΗΡΩΜΗΣ ABBOTT LABORATORIES(ΕΛΛΑΣ)ABEE (094027257),094027257,ABBOTT LABORATORIES(ΕΛΛΑΣ)ABEE (094027257),23892.4,,
6ΕΣΜ4690ΒΧ-ΡΦΑ,2024-02-23,ΕΝΤΑΛΜΑ ΠΛΗΡΩΜΗΣ ALLMED EE (997564511),997564511,ALLMED EE (997564511),1223.23,,
Ψ56Ρ4690ΒΧ-ΔΧΛ,2024-03-04,ΕΝΤΑΛΜΑ ΠΛΗΡΩΜΗΣ COMPUTER SOLUTIONS ΑΝΩΝΥΜΗ (095403136),095403136,COMPUTER SOLUTIONS ΑΝΩΝΥΜΗ (095403136),12400.0,,
ΨΡΒ84690ΒΧ-6ΑΟ,2024-03-04,ΕΝΤΑΛΜΑ ΠΛΗΡΩΜΗΣ COMPUTER SOLUTIONS ΑΝΩΝΥΜΗ (095403136),095403136,COMPUTER SOLUTIONS ΑΝΩΝΥΜΗ (095403136),3100.0,,
66ΟΟ4690ΒΧ-ΑΥ0,2024-03-04,ΕΝΤΑΛΜΑ ΠΛΗΡΩΜΗΣ COMPUTER SOLUTIONS ΑΝΩΝΥΜΗ (095403136),095403136,COMPUTER SOLUTIONS ΑΝΩΝΥΜΗ (095403136),14260.05,,
ΡΚΜΧ4690ΒΧ-ΝΤΟ,2024-03-04,ΕΝΤΑΛΜΑ ΠΛΗΡΩΜΗΣ AIMED ΙΑΤΡΙΚΟΣ ΕΞΟΠΛΙΣΜΟΣ (801420577),801420577,AIMED ΙΑΤΡΙΚΟΣ ΕΞΟΠΛΙΣΜΟΣ (801420577),111.6,,
99ΒΙ4690ΒΧ-ΘΧΧ,2024-03-04,ΕΝΤΑΛΜΑ ΠΛΗΡΩΜΗΣ AIMED ΙΑΤΡΙΚΟΣ ΕΞΟΠΛΙΣΜΟΣ (801420577),801420577,AIMED ΙΑΤΡΙΚΟΣ ΕΞΟΠΛΙΣΜΟΣ (801420577),99.2,,
9ΠΘΧ4690ΒΧ-Χ6Λ,2024-03-04,ΕΝΤΑΛΜΑ ΠΛΗΡΩΜΗΣ ΤΕΜΑΚ (094279934),094279934,ΤΕΜΑΚ (094279934),746.28,,
9Θ4Π4690ΒΧ-Λ2Χ,2024-03-04,ΕΝΤΑΛΜΑ ΠΛΗΡΩΜΗΣ ΤΕΜΑΚ (094279934),094279934,ΤΕΜΑΚ (094279934),1562.4,,
Ρ0124690ΒΧ-9ΘΝ,2024-03-05,ΕΝΤΑΛΜΑ ΠΛΗΡΩΜΗΣ ΠΑΝ/ΜΙΟ ΑΘΗΝΩΝ-ΠΑΘ/ΓΙΚΟ ΑΝΑΤΟΜ (090145420),090145420,ΠΑΝ/ΜΙΟ ΑΘΗΝΩΝ-ΠΑΘ/ΓΙΚΟ ΑΝΑΤΟΜ (090145420),1319.21,,
ΨΤΣΠ4690ΒΧ-2ΙΠ,2024-03-04,ΕΝΤΑΛΜΑ ΠΛΗΡΩΜΗΣ ΚΑΙΝΟΤΟΜΙΑ Α.Ε. (999399139),999399139,ΚΑΙΝΟΤΟΜΙΑ Α.Ε. (999399139),11160.0,,
9ΓΣΩ4690ΒΧ-Ε7Ξ,2024-03-05,ΕΝΤΑΛΜΑ ΠΛΗΡΩΜΗΣ ΕΥΣΤΑΘΙΟΣ Γ.ΤΣΙΓΚΡΗΣ Ε.Π.Ε. (999893375),999893375,ΕΥΣΤΑΘΙΟΣ Γ.ΤΣΙΓΚΡΗΣ Ε.Π.Ε. (999893375),3407.82,,
6ΘΨΡ4690ΒΧ-Τ90,2024-03-04,ΕΝΤΑΛΜΑ ΠΛΗΡΩΜΗΣ ΕΛΛΗΝ.ΕΠΙΤΡ.ΑΤΟΜΙΚΗΣ ΕΝΕΡΓΕΙΑΣ (090085792),090085792,ΕΛΛΗΝ.ΕΠΙΤΡ.ΑΤΟΜΙΚΗΣ ΕΝΕΡΓΕΙΑΣ (090085792),193.44,,
Ρ1Τ84690ΒΧ-ΗΝΙ,2024-03-05,ΕΝΤΑΛΜΑ ΠΛΗΡΩΜΗΣ ΑΝΤΙ-ΣΕΛ ΑΦΟΙ Α. ΣΕΛΙΔΗ ΑΕ (091569759),091569759,ΑΝΤΙ-ΣΕΛ ΑΦΟΙ Α. ΣΕΛΙΔΗ ΑΕ (091569759),198.4,,
9ΗΓΑ4690ΒΧ-ΚΤ7,2024-03-05,ΕΝΤΑΛΜΑ ΠΛΗΡΩΜΗΣ ΑΓΚΦΑ - ΓΚΕΒΕΡΤ ΑΕΒΕ (094025805),094025805,ΑΓΚΦΑ - ΓΚΕΒΕΡΤ ΑΕΒΕ (094025805),9734.0,,
65ΜΡ4690ΒΧ-031,2024-02-20,ΕΝΤΑΛΜΑ ΠΛΗΡΩΜΗΣ ΠΦΑΙΖΕΡ ΕΛΛΑΣ ΑΕ600/01/B86/601 (094012336),094012336,ΠΦΑΙΖΕΡ ΕΛΛΑΣ ΑΕ600/01/B86/601 (094012336),11386.46,,
9ΙΨΗ4690ΒΧ-ΒΗΦ,2024-02-20,ΕΝΤΑΛΜΑ ΠΛΗΡΩΜΗΣ ΝΟΡΜΑ ΕΛΛΑΣ ΑΕ (094030004),094030004,ΝΟΡΜΑ ΕΛΛΑΣ ΑΕ (094030004),7656.42,,
63ΦΠ4690ΒΧ-ΦΙΓ,2024-02-20,ΕΝΤΑΛΜΑ ΠΛΗΡΩΜΗΣ ΚΟΠΕΡ ΑΕ (094007897),094007897,ΚΟΠΕΡ ΑΕ (094007897),167.57,,
9ΕΣΔ4690ΒΧ-ΑΘΤ,2024-02-20,ΕΝΤΑΛΜΑ ΠΛΗΡΩΜΗΣ ΓΚΑΠ ΑΕ (094024009),094024009,ΓΚΑΠ ΑΕ (094024009),602.19,,
ΨΦΩ24690ΒΧ-7Γ9,2024-02-20,ΕΝΤΑΛΜΑ ΠΛΗΡΩΜΗΣ ΒΙΑΝΕΞ ΑΕ (094031965),094031965,ΒΙΑΝΕΞ ΑΕ (094031965),3138.82,,
9Φ9Τ4690ΒΧ-Σ65,2024-02-20,ΕΝΤΑΛΜΑ ΠΛΗΡΩΜΗΣ ΑΝΦΑΡΜ - ΕΛΛΑΣ ΑΕ (094036383),094036383,ΑΝΦΑΡΜ - ΕΛΛΑΣ ΑΕ (094036383),3833.45,,
Ρ6ΑΒ4690ΒΧ-Υ9Τ,2024-02-20,ΕΝΤΑΛΜΑ ΠΛΗΡΩΜΗΣ Α. ΝΙΚΟΛΑΚΟΠΟΥΛΟΣ Α.Ε (094476512),094476512,Α. ΝΙΚΟΛΑΚΟΠΟΥΛΟΣ Α.Ε (094476512),285.89,,
9ΞΘΒ4690ΒΧ-ΥΦ6,2024-02-20,ΕΝΤΑΛΜΑ ΠΛΗΡΩΜΗΣ UNI-PHARMA ΚΛΕΩΝ ΤΣΕΤΗΣ ΑΒΕΕ (094320634),094320634,UNI-PHARMA ΚΛΕΩΝ ΤΣΕΤΗΣ ΑΒΕΕ (094320634),1413.07,,
6ΧΨΞ4690ΒΧ-ΞΦ7,2024-02-20,ΕΝΤΑΛΜΑ ΠΛΗΡΩΜΗΣ TAKEDA ΕΛΛΑΣ Α.Ε (094326651),094326651,TAKEDA ΕΛΛΑΣ Α.Ε (094326651),4731.52,,
6ΥΓΒ4690ΒΧ-9ΒΡ,2024-02-20,ΕΝΤΑΛΜΑ ΠΛΗΡΩΜΗΣ SANOFI AVENTIS A.E.B.E. (094076485),094076485,SANOFI AVENTIS A.E.B.E. (094076485),3487.27,,
6ΕΗΕ4690ΒΧ-ΩΒΖ,2024-02-20,ΕΝΤΑΛΜΑ ΠΛΗΡΩΜΗΣ ROCHE (HELLAS) A.E. (094159555),094159555,ROCHE (HELLAS) A.E. (094159555),1427.32,,
9Φ3Ζ4690ΒΧ-ΚΑ3,2024-02-20,ΕΝΤΑΛΜΑ ΠΛΗΡΩΜΗΣ ROCHE (HELLAS) A.E. (094159555),094159555,ROCHE (HELLAS) A.E. (094159555),5496.76,,
ΨΜΕΩ4690ΒΧ-Θ9Δ,2024-02-20,ΕΝΤΑΛΜΑ ΠΛΗΡΩΜΗΣ NOVARTIS (HELLAS) AEBE (094021290),094021290,NOVARTIS (HELLAS) AEBE (094021290),7619.39,,
6ΞΩΛ4690ΒΧ-ΩΤΟ,2024-02-20,ΕΝΤΑΛΜΑ ΠΛΗΡΩΜΗΣ MERCK ΕΜΠΟΡΙΚΗ ΒΙΟΜΗΧΑΝΙΚΗ ΦΑΡΜΑΚΕΥΤΙΚΗ ΧΗΜΙΚΗ ΜΟΝΟΠΡΟΣΩΠΗ Α.Ε. (095052971),095052971,MERCK ΕΜΠΟΡΙΚΗ ΒΙΟΜΗΧΑΝΙΚΗ ΦΑΡΜΑΚΕΥΤΙΚΗ ΧΗΜΙΚΗ ΜΟΝΟΠΡΟΣΩΠΗ Α.Ε. (095052971),3839.49,,
9Η3Η4690ΒΧ-ΦΟΤ,2024-02-20,ΕΝΤΑΛΜΑ ΠΛΗΡΩΜΗΣ MENARINI HELLAS A.E. (094141331),094141331,MENARINI HELLAS A.E. (094141331),1569.39,,
6ΒΖ54690ΒΧ-ΦΞΠ,2024-02-20,ΕΝΤΑΛΜΑ ΠΛΗΡΩΜΗΣ MERCK SHARP   DOHME ΑΦΒΕΕ (094043896),094043896,MERCK SHARP   DOHME ΑΦΒΕΕ (094043896),16607.5,,
9ΜΔΟ4690ΒΧ-ΘΚΩ,2024-02-20,ΕΝΤΑΛΜΑ ΠΛΗΡΩΜΗΣ MEDOCHEMIE HELLAS A.E (094505179),094505179,MEDOCHEMIE HELLAS A.E (094505179),1257.45,,
63ΗΡ4690ΒΧ-6ΙΤ,2024-02-20,ΕΝΤΑΛΜΑ ΠΛΗΡΩΜΗΣ JANSSEN-CILAG ΦΑΡΜΑΚ/ΤΙΚΗ ΑΕΒΕ (094070303),094070303,JANSSEN-CILAG ΦΑΡΜΑΚ/ΤΙΚΗ ΑΕΒΕ (094070303),9.96,,
ΨΞ6Ξ4690ΒΧ-ΘΞΠ,2024-02-20,ΕΝΤΑΛΜΑ ΠΛΗΡΩΜΗΣ G a l e n i c a  α.ε (094063416),094063416,G a l e n i c a  α.ε (094063416),1195.82,,
Ψ0ΟΟ4690ΒΧ-Τ3Ζ,2024-02-20,ΕΝΤΑΛΜΑ ΠΛΗΡΩΜΗΣ ELPEN  Α.Ε  ΦΑΡΜ/ΚΗ ΒΙΟΜ/ΝΙΑ (094025043),094025043,ELPEN  Α.Ε  ΦΑΡΜ/ΚΗ ΒΙΟΜ/ΝΙΑ (094025043),153.26,,
ΡΦ8Ι4690ΒΧ-ΔΒΔ,2024-02-20,ΕΝΤΑΛΜΑ ΠΛΗΡΩΜΗΣ DEMO A.Β.Ε.E. (094041553),094041553,DEMO A.Β.Ε.E. (094041553),4421.89,,
94ΗΥ4690ΒΧ-ΞΤ7,2024-02-20,ΕΝΤΑΛΜΑ ΠΛΗΡΩΜΗΣ CSL Behring Ελλάς ΜΕΠΕ (999600478),999600478,CSL Behring Ελλάς ΜΕΠΕ (999600478),641.2,,
906Ο4690ΒΧ-ΕΗΠ,2024-02-20,ΕΝΤΑΛΜΑ ΠΛΗΡΩΜΗΣ BOEHRINGER INGELHEIM ΕΛΛΑΣ ΑΕ (094140021),094140021,BOEHRINGER INGELHEIM ΕΛΛΑΣ ΑΕ (094140021),1212.8,,
9ΑΟΠ4690ΒΧ-ΚΑ3,2024-02-20,ΕΝΤΑΛΜΑ ΠΛΗΡΩΜΗΣ BAYER ΕΛΛΑΣ ΑΒΕΕ (094056437),094056437,BAYER ΕΛΛΑΣ ΑΒΕΕ (094056437),738.33,,
693Η4690ΒΧ-ΑΕΖ,2024-02-20,ΕΝΤΑΛΜΑ ΠΛΗΡΩΜΗΣ ANGELINI PHARMA HELLAS ABEE (094456967),094456967,ANGELINI PHARMA HELLAS ABEE (094456967),4088.44,,
6ΜΜ34690ΒΧ-3Γ4,2024-02-23,ΕΝΤΑΛΜΑ ΠΛΗΡΩΜΗΣ ΠΑΥΛΟΣ ΑΡΝΑΟΥΤΗΣ Α.Ε. (094178060),094178060,ΠΑΥΛΟΣ ΑΡΝΑΟΥΤΗΣ Α.Ε. (094178060),979.44,,
6ΙΓΙ4690ΒΧ-2ΞΘ,2024-02-23,ΕΝΤΑΛΜΑ ΠΛΗΡΩΜΗΣ ΠΑΥΛΟΣ ΑΡΝΑΟΥΤΗΣ Α.Ε. (094178060),094178060,ΠΑΥΛΟΣ ΑΡΝΑΟΥΤΗΣ Α.Ε. (094178060),1757.13,,
Ψ8ΗΘ4690ΒΧ-8Α2,2024-02-16,ΕΝΤΑΛΜΑ ΠΛΗΡΩΜΗΣ COSMOTE-ΚΙΝΗΤΕΣ ΤΗΛΕΠΙΚΟΙΝΩΝΙΕΣ Α.Ε (094493766),094493766,COSMOTE-ΚΙΝΗΤΕΣ ΤΗΛΕΠΙΚΟΙΝΩΝΙΕΣ Α.Ε (094493766),10.0,,
6Φ8Γ4690ΒΧ-ΣΧ8,2024-02-29,ΕΝΤΑΛΜΑ ΠΛΗΡΩΜΗΣ Y-LOGIMED  Μ.Α.Ε (094446034),094446034,Y-LOGIMED  Μ.Α.Ε (094446034),744.0,,
ΨΒΓ24690ΒΧ-5ΜΟ,2024-02-29,ΕΝΤΑΛΜΑ ΠΛΗΡΩΜΗΣ Y-LOGIMED  Μ.Α.Ε (094446034),094446034,Y-LOGIMED  Μ.Α.Ε (094446034),1245.4,,
9ΡΞ04690ΒΧ-Π4Ξ,2024-02-29,ΕΝΤΑΛΜΑ ΠΛΗΡΩΜΗΣ HAMED-ΧΑΛΑΜΠΑΛΑΚΗΣ Α.Ε (094313759),094313759,HAMED-ΧΑΛΑΜΠΑΛΑΚΗΣ Α.Ε (094313759),2287.8,,
ΨΨΣΚ4690ΒΧ-Ρ0Π,2024-02-29,ΕΝΤΑΛΜΑ ΠΛΗΡΩΜΗΣ Medical Point .ΧΡ.ΜΟΥΤΑΦΗΣ Ε.Ε (998630320),998630320,Medical Point .ΧΡ.ΜΟΥΤΑΦΗΣ Ε.Ε (998630320),500.71,,
ΨΕΘ54690ΒΧ-ΒΨ9,2024-02-29,ΕΝΤΑΛΜΑ ΠΛΗΡΩΜΗΣ KARL STORZ-ΕΝΔΟΣΚΟΠΙΑ ΕΛΛΑΔΟΣ Ε.Π.Ε (998361490),998361490,KARL STORZ-ΕΝΔΟΣΚΟΠΙΑ ΕΛΛΑΔΟΣ Ε.Π.Ε (998361490),111.6,,
ΨΟΣΣ4690ΒΧ-ΧΚ7,2024-02-29,ΕΝΤΑΛΜΑ ΠΛΗΡΩΜΗΣ KARL STORZ-ΕΝΔΟΣΚΟΠΙΑ ΕΛΛΑΔΟΣ Ε.Π.Ε (998361490),998361490,KARL STORZ-ΕΝΔΟΣΚΟΠΙΑ ΕΛΛΑΔΟΣ Ε.Π.Ε (998361490),2777.6,,
6ΗΞΜ4690ΒΧ-ΤΨΠ,2024-02-29,ΕΝΤΑΛΜΑ ΠΛΗΡΩΜΗΣ LERIVA Α.Ε. (997985840),997985840,LERIVA Α.Ε. (997985840),850.64,,
9Φ7Ω4690ΒΧ-ΔΗ0,2024-02-29,ΕΝΤΑΛΜΑ ΠΛΗΡΩΜΗΣ MEDI SUP AE (094447320),094447320,MEDI SUP AE (094447320),763.84,,
ΨΥ1Ρ4690ΒΧ-3ΚΠ,2024-02-29,ΕΝΤΑΛΜΑ ΠΛΗΡΩΜΗΣ V   L VIOLAK INTERNATIONAL A.E (099370337),099370337,V   L VIOLAK INTERNATIONAL A.E (099370337),937.9,,
6Χ8Ι4690ΒΧ-5Τ7,2024-02-29,ΕΝΤΑΛΜΑ ΠΛΗΡΩΜΗΣ V   L VIOLAK INTERNATIONAL A.E (099370337),099370337,V   L VIOLAK INTERNATIONAL A.E (099370337),801.74,,
97Π94690ΒΧ-Ρ9Υ,2024-02-29,ΕΝΤΑΛΜΑ ΠΛΗΡΩΜΗΣ V   L VIOLAK INTERNATIONAL A.E (099370337),099370337,V   L VIOLAK INTERNATIONAL A.E (099370337),156.37,,
ΨΞ024690ΒΧ-98Ε,2024-02-29,ΕΝΤΑΛΜΑ ΠΛΗΡΩΜΗΣ V   L VIOLAK INTERNATIONAL A.E (099370337),099370337,V   L VIOLAK INTERNATIONAL A.E (099370337),292.45,,
ΨΝΨ84690ΒΧ-ΑΙΛ,2024-02-29,ΕΝΤΑΛΜΑ ΠΛΗΡΩΜΗΣ DOCTUM ΦΑΡΜΑΚΕΥΤΙΚΗ ΑΕ (094070315),094070315,DOCTUM ΦΑΡΜΑΚΕΥΤΙΚΗ ΑΕ (094070315),2418.84,,
9ΡΕΓ4690ΒΧ-ΚΨΞ,2024-02-29,ΕΝΤΑΛΜΑ ΠΛΗΡΩΜΗΣ DEMO A.Β.Ε.E. (094041553),094041553,DEMO A.Β.Ε.E. (094041553),3134.21,,
61Π14690ΒΧ-ΙΡΥ,2024-02-29,ΕΝΤΑΛΜΑ ΠΛΗΡΩΜΗΣ ΤΗΛ.Κ.ΓΙΟΚΑΡΗΣ   ΣΙΑ ΟΕ DOCTOF (081564690),081564690,ΤΗΛ.Κ.ΓΙΟΚΑΡΗΣ   ΣΙΑ ΟΕ DOCTOF (081564690),2611.84,,
ΨΜΣΗ4690ΒΧ-ΗΤΠ,2024-02-29,ΕΝΤΑΛΜΑ ΠΛΗΡΩΜΗΣ ΠΕΤΡΟΣ ΧΑΡ.ΚΟΣΜΙΔΗΣ   ΣΙΑ Ε.Ε. (999685389),999685389,ΠΕΤΡΟΣ ΧΑΡ.ΚΟΣΜΙΔΗΣ   ΣΙΑ Ε.Ε. (999685389),212.0,,
9Ε7Λ4690ΒΧ-376,2024-02-29,ΕΝΤΑΛΜΑ ΠΛΗΡΩΜΗΣ ΝΙΚ.Ι.ΛΑΊΝΙΩΤΗΣ Α.Ε.Β.Ε (093628458),093628458,ΝΙΚ.Ι.ΛΑΊΝΙΩΤΗΣ Α.Ε.Β.Ε (093628458),901.08,,
6ΦΚΡ4690ΒΧ-Ν3Ζ,2024-02-29,ΕΝΤΑΛΜΑ ΠΛΗΡΩΜΗΣ ΝΙΚ.Ι.ΛΑΊΝΙΩΤΗΣ Α.Ε.Β.Ε (093628458),093628458,ΝΙΚ.Ι.ΛΑΊΝΙΩΤΗΣ Α.Ε.Β.Ε (093628458),2753.23,,
ΨΩ8Ψ4690ΒΧ-Ρ1Κ,2024-02-29,ΕΝΤΑΛΜΑ ΠΛΗΡΩΜΗΣ ΜΑΓΕΙΡΑΣ ΔΙΑΓΝ.ΜΗΧΑΝΗΜΑΤΑ Α.Ε. (095444407),095444407,ΜΑΓΕΙΡΑΣ ΔΙΑΓΝ.ΜΗΧΑΝΗΜΑΤΑ Α.Ε. (095444407),3854.9,,
Ψ2ΡΑ4690ΒΧ-Ψ6Κ,2024-02-29,ΕΝΤΑΛΜΑ ΠΛΗΡΩΜΗΣ ΓΚΑΤΕΞ Α.Ε MEDICAL SUPLIES (093573836),093573836,ΓΚΑΤΕΞ Α.Ε MEDICAL SUPLIES (093573836),148.4,,
ΨΟΧΖ4690ΒΧ-ΑΚ4,2024-02-29,ΕΝΤΑΛΜΑ ΠΛΗΡΩΜΗΣ ΓΕΝΙΚΗ ΧΗΜΙΚΩΝ ΠΡΟΙΟΝΤΩΝ Α.Ε (094133588),094133588,ΓΕΝΙΚΗ ΧΗΜΙΚΩΝ ΠΡΟΙΟΝΤΩΝ Α.Ε (094133588),339.0,,
6ΚΥ64690ΒΧ-ΙΡΒ,2024-02-29,ΕΝΤΑΛΜΑ ΠΛΗΡΩΜΗΣ ΓΕΝΙΚΗ ΧΗΜΙΚΩΝ ΠΡΟΙΟΝΤΩΝ Α.Ε (094133588),094133588,ΓΕΝΙΚΗ ΧΗΜΙΚΩΝ ΠΡΟΙΟΝΤΩΝ Α.Ε (094133588),748.06,,
Ψ51Υ4690ΒΧ-7Β6,2024-02-29,ΕΝΤΑΛΜΑ ΠΛΗΡΩΜΗΣ ΒΙΟΠΡΟΜΗΘΕΥΤΙΚΗ ΜΟΝ/ΠΗ ΕΠΕ (099007886),099007886,ΒΙΟΠΡΟΜΗΘΕΥΤΙΚΗ ΜΟΝ/ΠΗ ΕΠΕ (099007886),238.7,,
Ψ73Α4690ΒΧ-ΦΗΚ,2024-02-29,ΕΝΤΑΛΜΑ ΠΛΗΡΩΜΗΣ ΑΣΤΡΙΣ ΑΝΑΠΤΥΞΗ ΜΟΝΑΔΩΝ ΥΓΕΙΑΣ ΕΠΕ (999056180),999056180,ΑΣΤΡΙΣ ΑΝΑΠΤΥΞΗ ΜΟΝΑΔΩΝ ΥΓΕΙΑΣ ΕΠΕ (999056180),1611.88,,
ΨΓΞΩ4690ΒΧ-1Υ9,2024-02-29,ΕΝΤΑΛΜΑ ΠΛΗΡΩΜΗΣ ΑΡΗΤΗ Α.Ε. (094251753),094251753,ΑΡΗΤΗ Α.Ε. (094251753),4647.88,,
6ΩΖΚ4690ΒΧ-2ΜΦ,2024-02-29,ΕΝΤΑΛΜΑ ΠΛΗΡΩΜΗΣ ΑΝΑΣΤΑΣΙΟΣ ΜΑΥΡΟΓΕΝΗΣ Α.Ε. (082525697),082525697,ΑΝΑΣΤΑΣΙΟΣ ΜΑΥΡΟΓΕΝΗΣ Α.Ε. (082525697),8868.48,,
6ΦΥΡ4690ΒΧ-8ΦΣ,2024-02-29,ΕΝΤΑΛΜΑ ΠΛΗΡΩΜΗΣ Α.Δέρβος-Γ.Δημητρακόπουλος   ΣΙΑ Α.Ε (099518023),099518023,Α.Δέρβος-Γ.Δημητρακόπουλος   ΣΙΑ Α.Ε (099518023),2261.02,,
ΨΕ5Τ4690ΒΧ-ΛΤΙ,2024-02-29,ΕΝΤΑΛΜΑ ΠΛΗΡΩΜΗΣ YΓΕΙΟΔΥΝΑΜΙΚΗ Α.Ε (997672386),997672386,YΓΕΙΟΔΥΝΑΜΙΚΗ Α.Ε (997672386),1264.44,,
ΨΨΖΡ4690ΒΧ-ΠΩ4,2024-02-29,ΕΝΤΑΛΜΑ ΠΛΗΡΩΜΗΣ YΓΕΙΟΔΥΝΑΜΙΚΗ Α.Ε (997672386),997672386,YΓΕΙΟΔΥΝΑΜΙΚΗ Α.Ε (997672386),2579.2,,
Ψ5Γ84690ΒΧ-5ΚΜ,2024-02-23,ΕΝΤΑΛΜΑ ΠΛΗΡΩΜΗΣ VAKTRO SCIENTIFIC ΣΤΑΥΡΟΣ ΑΓΓΕΛΟΠΟΥΛΟΣ   ΣΙΑ Ο.Ε (084221869),084221869,VAKTRO SCIENTIFIC ΣΤΑΥΡΟΣ ΑΓΓΕΛΟΠΟΥΛΟΣ   ΣΙΑ Ο.Ε (084221869),2715.2,,
ΨΖΛΛ4690ΒΧ-Π9Β,2024-02-23,ΕΝΤΑΛΜΑ ΠΛΗΡΩΜΗΣ VAKTRO SCIENTIFIC ΣΤΑΥΡΟΣ ΑΓΓΕΛΟΠΟΥΛΟΣ   ΣΙΑ Ο.Ε (084221869),084221869,VAKTRO SCIENTIFIC ΣΤΑΥΡΟΣ ΑΓΓΕΛΟΠΟΥΛΟΣ   ΣΙΑ Ο.Ε (084221869),4579.2,,
ΨΓΟ84690ΒΧ-7ΕΠ,2024-02-23,ΕΝΤΑΛΜΑ ΠΛΗΡΩΜΗΣ VAKTRO SCIENTIFIC ΣΤΑΥΡΟΣ ΑΓΓΕΛΟΠΟΥΛΟΣ   ΣΙΑ Ο.Ε (084221869),084221869,VAKTRO SCIENTIFIC ΣΤΑΥΡΟΣ ΑΓΓΕΛΟΠΟΥΛΟΣ   ΣΙΑ Ο.Ε (084221869),1329.77,,
6Φ8Λ4690ΒΧ-74Σ,2024-02-23,ΕΝΤΑΛΜΑ ΠΛΗΡΩΜΗΣ VAKTRO SCIENTIFIC ΣΤΑΥΡΟΣ ΑΓΓΕΛΟΠΟΥΛΟΣ   ΣΙΑ Ο.Ε (084221869),084221869,VAKTRO SCIENTIFIC ΣΤΑΥΡΟΣ ΑΓΓΕΛΟΠΟΥΛΟΣ   ΣΙΑ Ο.Ε (084221869),7492.8,,
Ψ2Β94690ΒΧ-60Φ,2024-02-28,ΕΝΤΑΛΜΑ ΠΛΗΡΩΜΗΣ TELEFLEX MEDICAL ΕΛΛΑΣ ΑΕΕ (094429990),094429990,TELEFLEX MEDICAL ΕΛΛΑΣ ΑΕΕ (094429990),595.2,,
ΨΓΙ64690ΒΧ-ΩΝΚ,2024-02-28,ΕΝΤΑΛΜΑ ΠΛΗΡΩΜΗΣ TELEFLEX MEDICAL ΕΛΛΑΣ ΑΕΕ (094429990),094429990,TELEFLEX MEDICAL ΕΛΛΑΣ ΑΕΕ (094429990),228.83,,
688Ω4690ΒΧ-Π7Ζ,2024-02-28,ΕΝΤΑΛΜΑ ΠΛΗΡΩΜΗΣ TELEFLEX MEDICAL ΕΛΛΑΣ ΑΕΕ (094429990),094429990,TELEFLEX MEDICAL ΕΛΛΑΣ ΑΕΕ (094429990),56.5,,
62ΡΧ4690ΒΧ-7Ε2,2024-02-28,ΕΝΤΑΛΜΑ ΠΛΗΡΩΜΗΣ TELEFLEX MEDICAL ΕΛΛΑΣ ΑΕΕ (094429990),094429990,TELEFLEX MEDICAL ΕΛΛΑΣ ΑΕΕ (094429990),405.57,,
ΨΦΜΙ4690ΒΧ-ΨΧΨ,2024-02-23,ΕΝΤΑΛΜΑ ΠΛΗΡΩΜΗΣ PROGNOSIS BIOTECH Α.Ε. (997845150),997845150,PROGNOSIS BIOTECH Α.Ε. (997845150),100.7,,
639Ν4690ΒΧ-ΞΧ3,2024-02-23,ΕΝΤΑΛΜΑ ΠΛΗΡΩΜΗΣ OPTIMUM ORTHOPEDICS Α.Ε (998280573),998280573,OPTIMUM ORTHOPEDICS Α.Ε (998280573),656.09,,
63534690ΒΧ-ΕΦ4,2024-02-28,ΕΝΤΑΛΜΑ ΠΛΗΡΩΜΗΣ MEDLINE MEDICAL PRODUCTS O.E. (082384884),082384884,MEDLINE MEDICAL PRODUCTS O.E. (082384884),1140.8,,
6Κ7Ξ4690ΒΧ-Ξ98,2024-02-28,ΕΝΤΑΛΜΑ ΠΛΗΡΩΜΗΣ INSIDE ΙΑΤΡΙΚΕΣ ΤΕΧΝΟΛΟΓΙΕΣ ΜΟΝΟΠΡΟΣΩΠΗ Ι.Κ.Ε. (800777790),800777790,INSIDE ΙΑΤΡΙΚΕΣ ΤΕΧΝΟΛΟΓΙΕΣ ΜΟΝΟΠΡΟΣΩΠΗ Ι.Κ.Ε. (800777790),520.8,,
6ΩΘΩ4690ΒΧ-ΜΓΤ,2024-02-28,ΕΝΤΑΛΜΑ ΠΛΗΡΩΜΗΣ INSIDE ΙΑΤΡΙΚΕΣ ΤΕΧΝΟΛΟΓΙΕΣ ΜΟΝΟΠΡΟΣΩΠΗ Ι.Κ.Ε. (800777790),800777790,INSIDE ΙΑΤΡΙΚΕΣ ΤΕΧΝΟΛΟΓΙΕΣ ΜΟΝΟΠΡΟΣΩΠΗ Ι.Κ.Ε. (800777790),438.44,,
ΨΛΓΤ4690ΒΧ-ΣΛΚ,2024-02-28,ΕΝΤΑΛΜΑ ΠΛΗΡΩΜΗΣ INSIDE ΙΑΤΡΙΚΕΣ ΤΕΧΝΟΛΟΓΙΕΣ ΜΟΝΟΠΡΟΣΩΠΗ Ι.Κ.Ε. (800777790),800777790,INSIDE ΙΑΤΡΙΚΕΣ ΤΕΧΝΟΛΟΓΙΕΣ ΜΟΝΟΠΡΟΣΩΠΗ Ι.Κ.Ε. (800777790),2508.01,,
6ΤΜΔ4690ΒΧ-ΒΝ2,2024-02-28,ΕΝΤΑΛΜΑ ΠΛΗΡΩΜΗΣ INSIDE ΙΑΤΡΙΚΕΣ ΤΕΧΝΟΛΟΓΙΕΣ ΜΟΝΟΠΡΟΣΩΠΗ Ι.Κ.Ε. (800777790),800777790,INSIDE ΙΑΤΡΙΚΕΣ ΤΕΧΝΟΛΟΓΙΕΣ ΜΟΝΟΠΡΟΣΩΠΗ Ι.Κ.Ε. (800777790),4947.16,,
Ψ7ΖΚ4690ΒΧ-ΣΧ4,2024-02-28,ΕΝΤΑΛΜΑ ΠΛΗΡΩΜΗΣ INSIDE ΙΑΤΡΙΚΕΣ ΤΕΧΝΟΛΟΓΙΕΣ ΜΟΝΟΠΡΟΣΩΠΗ Ι.Κ.Ε. (800777790),800777790,INSIDE ΙΑΤΡΙΚΕΣ ΤΕΧΝΟΛΟΓΙΕΣ ΜΟΝΟΠΡΟΣΩΠΗ Ι.Κ.Ε. (800777790),1548.93,,
9Β1Λ4690ΒΧ-ΖΧΞ,2024-02-28,ΕΝΤΑΛΜΑ ΠΛΗΡΩΜΗΣ INSIDE ΙΑΤΡΙΚΕΣ ΤΕΧΝΟΛΟΓΙΕΣ ΜΟΝΟΠΡΟΣΩΠΗ Ι.Κ.Ε. (800777790),800777790,INSIDE ΙΑΤΡΙΚΕΣ ΤΕΧΝΟΛΟΓΙΕΣ ΜΟΝΟΠΡΟΣΩΠΗ Ι.Κ.Ε. (800777790),4906.12,,
9ΒΞΤ4690ΒΧ-4ΟΣ,2024-02-23,ΕΝΤΑΛΜΑ ΠΛΗΡΩΜΗΣ Health and Iasis Medical Products (800572342),800572342,Health and Iasis Medical Products (800572342),3904.36,,
6ΣΖΝ4690ΒΧ-Ω8Ο,2024-02-23,ΕΝΤΑΛΜΑ ΠΛΗΡΩΜΗΣ Health and Iasis Medical Products (800572342),800572342,Health and Iasis Medical Products (800572342),3701.51,,
Ψ38Θ4690ΒΧ-Σ0Κ,2024-02-23,ΕΝΤΑΛΜΑ ΠΛΗΡΩΜΗΣ Health and Iasis Medical Products (800572342),800572342,Health and Iasis Medical Products (800572342),2495.49,,
9ΩΕΚ4690ΒΧ-ΜΤΥ,2024-02-23,ΕΝΤΑΛΜΑ ΠΛΗΡΩΜΗΣ Health and Iasis Medical Products (800572342),800572342,Health and Iasis Medical Products (800572342),4970.36,,
Ψ73Τ4690ΒΧ-3Β7,2024-02-23,ΕΝΤΑΛΜΑ ΠΛΗΡΩΜΗΣ DIACHEL ΔΙΑΓΝ.-ΧΗΜ.ΟΡΓ.Ε.Π.Ε. (095341314),095341314,DIACHEL ΔΙΑΓΝ.-ΧΗΜ.ΟΡΓ.Ε.Π.Ε. (095341314),114.08,,
ΨΝΧΛ4690ΒΧ-3ΕΤ,2024-02-23,ΕΝΤΑΛΜΑ ΠΛΗΡΩΜΗΣ Clini Care M.Ε.Π.Ε. (999287719),999287719,Clini Care M.Ε.Π.Ε. (999287719),41.85,,
97ΓΦ4690ΒΧ-77Ε,2024-02-23,ΕΝΤΑΛΜΑ ΠΛΗΡΩΜΗΣ '' MART HELLAS S.A'' (999401508),999401508,'' MART HELLAS S.A'' (999401508),824.6,,
6ΕΖ24690ΒΧ-3ΚΠ,2024-02-23,ΕΝΤΑΛΜΑ ΠΛΗΡΩΜΗΣ ΜΑΓΕΙΡΑΣ ΔΙΑΓΝ.ΜΗΧΑΝΗΜΑΤΑ Α.Ε. (095444407),095444407,ΜΑΓΕΙΡΑΣ ΔΙΑΓΝ.ΜΗΧΑΝΗΜΑΤΑ Α.Ε. (095444407),2996.3,,
6ΔΔΗ4690ΒΧ-134,2024-02-23,ΕΝΤΑΛΜΑ ΠΛΗΡΩΜΗΣ ΜΑΓΕΙΡΑΣ ΔΙΑΓΝ.ΜΗΧΑΝΗΜΑΤΑ Α.Ε. (095444407),095444407,ΜΑΓΕΙΡΑΣ ΔΙΑΓΝ.ΜΗΧΑΝΗΜΑΤΑ Α.Ε. (095444407),1448.7,,
Ψ2ΠΙ4690ΒΧ-6ΟΜ,2024-02-23,ΕΝΤΑΛΜΑ ΠΛΗΡΩΜΗΣ ΜΑΓΕΙΡΑΣ ΔΙΑΓΝ.ΜΗΧΑΝΗΜΑΤΑ Α.Ε. (095444407),095444407,ΜΑΓΕΙΡΑΣ ΔΙΑΓΝ.ΜΗΧΑΝΗΜΑΤΑ Α.Ε. (095444407),4240.0,,
ΨΗΤ44690ΒΧ-06Φ,2024-02-23,ΕΝΤΑΛΜΑ ΠΛΗΡΩΜΗΣ ΚΛΕΟΠΑΤΡΑ ΓΚΟΥΒΑ (041699970),041699970,ΚΛΕΟΠΑΤΡΑ ΓΚΟΥΒΑ (041699970),584.04,,
6ΥΓΥ4690ΒΧ-ΠΩ2,2024-02-23,ΕΝΤΑΛΜΑ ΠΛΗΡΩΜΗΣ ΔΙΑΓΝΩΣΤΙΚΗ - ΑΝΑΛΥΤΙΚΗ ΕΠΕ (099109774),099109774,ΔΙΑΓΝΩΣΤΙΚΗ - ΑΝΑΛΥΤΙΚΗ ΕΠΕ (099109774),103.88,,
97ΜΔ4690ΒΧ-1ΨΠ,2024-02-23,ΕΝΤΑΛΜΑ ΠΛΗΡΩΜΗΣ ΔΙΑΓΝΩΣΤΙΚΗ - ΑΝΑΛΥΤΙΚΗ ΕΠΕ (099109774),099109774,ΔΙΑΓΝΩΣΤΙΚΗ - ΑΝΑΛΥΤΙΚΗ ΕΠΕ (099109774),1334.54,,
6Χ6Σ4690ΒΧ-Π4Β,2024-02-23,ΕΝΤΑΛΜΑ ΠΛΗΡΩΜΗΣ ΔΙΑΓΝΩΣΤΙΚΗ - ΑΝΑΛΥΤΙΚΗ ΕΠΕ (099109774),099109774,ΔΙΑΓΝΩΣΤΙΚΗ - ΑΝΑΛΥΤΙΚΗ ΕΠΕ (099109774),840.58,,
9ΠΖ94690ΒΧ-Ψ5Κ,2024-02-23,ΕΝΤΑΛΜΑ ΠΛΗΡΩΜΗΣ ΝΤΙΑΜΕΝΤ ΕΛΛΑΣ Α.Ε.Ε. (095259724),095259724,ΝΤΙΑΜΕΝΤ ΕΛΛΑΣ Α.Ε.Ε. (095259724),334.22,,
Ψ0ΨΤ4690ΒΧ-Η9Ο,2024-02-23,ΕΝΤΑΛΜΑ ΠΛΗΡΩΜΗΣ ΝΤΙΑΜΕΝΤ ΕΛΛΑΣ Α.Ε.Ε. (095259724),095259724,ΝΤΙΑΜΕΝΤ ΕΛΛΑΣ Α.Ε.Ε. (095259724),4424.15,,
6ΗΡΞ4690ΒΧ-Ω7Κ,2024-02-28,ΕΝΤΑΛΜΑ ΠΛΗΡΩΜΗΣ ΓΚΑΤΕΞ Α.Ε MEDICAL SUPLIES (093573836),093573836,ΓΚΑΤΕΞ Α.Ε MEDICAL SUPLIES (093573836),132.06,,
6ΝΟΔ4690ΒΧ-6ΨΠ,2024-02-28,ΕΝΤΑΛΜΑ ΠΛΗΡΩΜΗΣ ΓΚΑΤΕΞ Α.Ε MEDICAL SUPLIES (093573836),093573836,ΓΚΑΤΕΞ Α.Ε MEDICAL SUPLIES (093573836),119.78,,
Ψ6ΦΛ4690ΒΧ-2Ψ0,2024-02-28,ΕΝΤΑΛΜΑ ΠΛΗΡΩΜΗΣ ΑΝΑΣΤΑΣΙΟΣ ΜΑΥΡΟΓΕΝΗΣ Α.Ε. (082525697),082525697,ΑΝΑΣΤΑΣΙΟΣ ΜΑΥΡΟΓΕΝΗΣ Α.Ε. (082525697),3944.39,,
65Ψ54690ΒΧ-ΞΥΨ,2024-02-28,ΕΝΤΑΛΜΑ ΠΛΗΡΩΜΗΣ ΑΝΑΣΤΑΣΙΟΣ ΜΑΥΡΟΓΕΝΗΣ Α.Ε. (082525697),082525697,ΑΝΑΣΤΑΣΙΟΣ ΜΑΥΡΟΓΕΝΗΣ Α.Ε. (082525697),4171.14,,
ΨΖΠΙ4690ΒΧ-3ΜΟ,2024-02-28,ΕΝΤΑΛΜΑ ΠΛΗΡΩΜΗΣ ΑΝΑΣΤΑΣΙΟΣ ΜΑΥΡΟΓΕΝΗΣ Α.Ε. (082525697),082525697,ΑΝΑΣΤΑΣΙΟΣ ΜΑΥΡΟΓΕΝΗΣ Α.Ε. (082525697),4447.96,,
6ΜΡ64690ΒΧ-474,2024-02-28,ΕΝΤΑΛΜΑ ΠΛΗΡΩΜΗΣ ΑΝΑΣΤΑΣΙΟΣ ΜΑΥΡΟΓΕΝΗΣ Α.Ε. (082525697),082525697,ΑΝΑΣΤΑΣΙΟΣ ΜΑΥΡΟΓΕΝΗΣ Α.Ε. (082525697),6269.2,,
6ΙΑ74690ΒΧ-ΘΑΝ,2024-02-28,ΕΝΤΑΛΜΑ ΠΛΗΡΩΜΗΣ ΑΝΑΣΤΑΣΙΟΣ ΜΑΥΡΟΓΕΝΗΣ Α.Ε. (082525697),082525697,ΑΝΑΣΤΑΣΙΟΣ ΜΑΥΡΟΓΕΝΗΣ Α.Ε. (082525697),4891.28,,
ΨΧΥΝ4690ΒΧ-Φ0Τ,2024-02-16,ΕΝΤΑΛΜΑ ΠΛΗΡΩΜΗΣ ΔΗΜ.ΕΠΙΧ/ΣΗ ΗΛΕΚΤΡΙΣΜΟΥ ΑΕ (090000045),090000045,ΔΗΜ.ΕΠΙΧ/ΣΗ ΗΛΕΚΤΡΙΣΜΟΥ ΑΕ (090000045),113308.16,,
689Ν4690ΒΧ-ΑΧ6,2024-02-23,ΕΝΤΑΛΜΑ ΠΛΗΡΩΜΗΣ ZIMMER BIOMET ΕΛΛΑΣ ΜΟΝ/ΠΗ Α.Ε (094437885),094437885,ZIMMER BIOMET ΕΛΛΑΣ ΜΟΝ/ΠΗ Α.Ε (094437885),4562.7,,
9ΛΓΟ4690ΒΧ-6ΓΑ,2024-02-23,ΕΝΤΑΛΜΑ ΠΛΗΡΩΜΗΣ ZIMMER BIOMET ΕΛΛΑΣ ΜΟΝ/ΠΗ Α.Ε (094437885),094437885,ZIMMER BIOMET ΕΛΛΑΣ ΜΟΝ/ΠΗ Α.Ε (094437885),2884.44,,
6Ε0Ι4690ΒΧ-Κ4Ω,2024-02-23,ΕΝΤΑΛΜΑ ΠΛΗΡΩΜΗΣ ZIMMER BIOMET ΕΛΛΑΣ ΜΟΝ/ΠΗ Α.Ε (094437885),094437885,ZIMMER BIOMET ΕΛΛΑΣ ΜΟΝ/ΠΗ Α.Ε (094437885),3454.99,,
ΡΒΘΖ4690ΒΧ-ΗΤΝ,2024-02-23,ΕΝΤΑΛΜΑ ΠΛΗΡΩΜΗΣ ZIMMER BIOMET ΕΛΛΑΣ ΜΟΝ/ΠΗ Α.Ε (094437885),094437885,ZIMMER BIOMET ΕΛΛΑΣ ΜΟΝ/ΠΗ Α.Ε (094437885),4474.8,,
ΨΟΟΠ4690ΒΧ-ΝΒ7,2024-02-23,ΕΝΤΑΛΜΑ ΠΛΗΡΩΜΗΣ ZIMMER BIOMET ΕΛΛΑΣ ΜΟΝ/ΠΗ Α.Ε (094437885),094437885,ZIMMER BIOMET ΕΛΛΑΣ ΜΟΝ/ΠΗ Α.Ε (094437885),4800.26,,
ΡΓΖΤ4690ΒΧ-ΘΜΔ,2024-02-23,ΕΝΤΑΛΜΑ ΠΛΗΡΩΜΗΣ ZIMMER BIOMET ΕΛΛΑΣ ΜΟΝ/ΠΗ Α.Ε (094437885),094437885,ZIMMER BIOMET ΕΛΛΑΣ ΜΟΝ/ΠΗ Α.Ε (094437885),2980.15,,
ΨΛ7Ω4690ΒΧ-Ι39,2024-02-23,ΕΝΤΑΛΜΑ ΠΛΗΡΩΜΗΣ ZIMMER BIOMET ΕΛΛΑΣ ΜΟΝ/ΠΗ Α.Ε (094437885),094437885,ZIMMER BIOMET ΕΛΛΑΣ ΜΟΝ/ΠΗ Α.Ε (094437885),4457.4,,
Ρ00Ζ4690ΒΧ-ΞΧ4,2024-02-23,ΕΝΤΑΛΜΑ ΠΛΗΡΩΜΗΣ ZIMMER BIOMET ΕΛΛΑΣ ΜΟΝ/ΠΗ Α.Ε (094437885),094437885,ZIMMER BIOMET ΕΛΛΑΣ ΜΟΝ/ΠΗ Α.Ε (094437885),4392.78,,
6ΔΡΗ4690ΒΧ-ΡΗΧ,2024-02-23,ΕΝΤΑΛΜΑ ΠΛΗΡΩΜΗΣ ZIMMER BIOMET ΕΛΛΑΣ ΜΟΝ/ΠΗ Α.Ε (094437885),094437885,ZIMMER BIOMET ΕΛΛΑΣ ΜΟΝ/ΠΗ Α.Ε (094437885),3012.58,,
9Β9Η4690ΒΧ-92Θ,2024-02-23,ΕΝΤΑΛΜΑ ΠΛΗΡΩΜΗΣ ZIMMER BIOMET ΕΛΛΑΣ ΜΟΝ/ΠΗ Α.Ε (094437885),094437885,ZIMMER BIOMET ΕΛΛΑΣ ΜΟΝ/ΠΗ Α.Ε (094437885),2896.42,,
6ΧΡΟ4690ΒΧ-ΟΧ4,2024-02-23,ΕΝΤΑΛΜΑ ΠΛΗΡΩΜΗΣ ZIMMER BIOMET ΕΛΛΑΣ ΜΟΝ/ΠΗ Α.Ε (094437885),094437885,ZIMMER BIOMET ΕΛΛΑΣ ΜΟΝ/ΠΗ Α.Ε (094437885),4696.96,,
ΨΖ0Ζ4690ΒΧ-Ψ7Ξ,2024-02-23,ΕΝΤΑΛΜΑ ΠΛΗΡΩΜΗΣ ZIMMER BIOMET ΕΛΛΑΣ ΜΟΝ/ΠΗ Α.Ε (094437885),094437885,ZIMMER BIOMET ΕΛΛΑΣ ΜΟΝ/ΠΗ Α.Ε (094437885),2908.62,,
6Θ744690ΒΧ-619,2024-02-23,ΕΝΤΑΛΜΑ ΠΛΗΡΩΜΗΣ ZIMMER BIOMET ΕΛΛΑΣ ΜΟΝ/ΠΗ Α.Ε (094437885),094437885,ZIMMER BIOMET ΕΛΛΑΣ ΜΟΝ/ΠΗ Α.Ε (094437885),3603.36,,
6ΦΩΥ4690ΒΧ-ΗΒΣ,2024-02-23,ΕΝΤΑΛΜΑ ΠΛΗΡΩΜΗΣ ZIMMER BIOMET ΕΛΛΑΣ ΜΟΝ/ΠΗ Α.Ε (094437885),094437885,ZIMMER BIOMET ΕΛΛΑΣ ΜΟΝ/ΠΗ Α.Ε (094437885),4678.88,,
91ΟΡ4690ΒΧ-964,2024-02-23,ΕΝΤΑΛΜΑ ΠΛΗΡΩΜΗΣ ZIMMER BIOMET ΕΛΛΑΣ ΜΟΝ/ΠΗ Α.Ε (094437885),094437885,ZIMMER BIOMET ΕΛΛΑΣ ΜΟΝ/ΠΗ Α.Ε (094437885),4265.78,,
6ΑΕ84690ΒΧ-8ΟΒ,2024-02-23,ΕΝΤΑΛΜΑ ΠΛΗΡΩΜΗΣ ZIMMER BIOMET ΕΛΛΑΣ ΜΟΝ/ΠΗ Α.Ε (094437885),094437885,ZIMMER BIOMET ΕΛΛΑΣ ΜΟΝ/ΠΗ Α.Ε (094437885),730.04,,
60ΔΑ4690ΒΧ-0Α6,2024-02-23,ΕΝΤΑΛΜΑ ΠΛΗΡΩΜΗΣ ZIMMER BIOMET ΕΛΛΑΣ ΜΟΝ/ΠΗ Α.Ε (094437885),094437885,ZIMMER BIOMET ΕΛΛΑΣ ΜΟΝ/ΠΗ Α.Ε (094437885),4628.4,,
ΨΓΜΙ4690ΒΧ-ΥΨΩ,2024-02-16,ΕΝΤΑΛΜΑ ΠΛΗΡΩΜΗΣ ΚΑΚΑΒΟΣ Ι.ΔΗΜΗΤΡΙΟΣ (119540879),119540879,ΚΑΚΑΒΟΣ Ι.ΔΗΜΗΤΡΙΟΣ (119540879),4589.49,,
Ρ1ΑΙ4690ΒΧ-ΦΩΒ,2024-02-23,ΕΝΤΑΛΜΑ ΠΛΗΡΩΜΗΣ MEDISTEM Ι.Κ.Ε (801324725),801324725,MEDISTEM Ι.Κ.Ε (801324725),1466.74,,
9ΡΝΩ4690ΒΧ-ΩΜ1,2024-02-23,ΕΝΤΑΛΜΑ ΠΛΗΡΩΜΗΣ BIOGENESYS IKE (099805952),099805952,BIOGENESYS IKE (099805952),2575.27,,
Ψ0Ψ84690ΒΧ-ΥΘ5,2024-02-23,ΕΝΤΑΛΜΑ ΠΛΗΡΩΜΗΣ BIOGENESYS IKE (099805952),099805952,BIOGENESYS IKE (099805952),4942.62,,
ΨΒΟΧ4690ΒΧ-ΣΧ3,2024-02-23,ΕΝΤΑΛΜΑ ΠΛΗΡΩΜΗΣ BIOGENESYS IKE (099805952),099805952,BIOGENESYS IKE (099805952),2825.0,,
ΡΡΤΞ4690ΒΧ-59Ψ,2024-02-23,ΕΝΤΑΛΜΑ ΠΛΗΡΩΜΗΣ BIOGENESYS IKE (099805952),099805952,BIOGENESYS IKE (099805952),4270.27,,
ΡΠΥ74690ΒΧ-ΥΧΕ,2024-02-23,ΕΝΤΑΛΜΑ ΠΛΗΡΩΜΗΣ BIOGENESYS IKE (099805952),099805952,BIOGENESYS IKE (099805952),4270.27,,
ΨΒΕΓ4690ΒΧ-ΩΨΣ,2024-02-23,ΕΝΤΑΛΜΑ ΠΛΗΡΩΜΗΣ BIOGENESYS IKE (099805952),099805952,BIOGENESYS IKE (099805952),4496.27,,
9ΑΜΑ4690ΒΧ-2ΘΠ,2024-02-23,ΕΝΤΑΛΜΑ ΠΛΗΡΩΜΗΣ BIOGENESYS IKE (099805952),099805952,BIOGENESYS IKE (099805952),3251.01,,
ΨΚΡΡ4690ΒΧ-Φ6Κ,2024-02-23,ΕΝΤΑΛΜΑ ΠΛΗΡΩΜΗΣ BIOGENESYS IKE (099805952),099805952,BIOGENESYS IKE (099805952),675.74,,
ΡΚΑΟ4690ΒΧ-2Ε1,2024-02-23,ΕΝΤΑΛΜΑ ΠΛΗΡΩΜΗΣ BIOGENESYS IKE (099805952),099805952,BIOGENESYS IKE (099805952),4068.0,,
99ΤΠ4690ΒΧ-74Γ,2024-02-23,ΕΝΤΑΛΜΑ ΠΛΗΡΩΜΗΣ BIOGENESYS IKE (099805952),099805952,BIOGENESYS IKE (099805952),4722.27,,
940Χ4690ΒΧ-Ρ1Σ,2024-02-23,ΕΝΤΑΛΜΑ ΠΛΗΡΩΜΗΣ BIOGENESYS IKE (099805952),099805952,BIOGENESYS IKE (099805952),4722.27,,
9ΡΨ94690ΒΧ-ΡΦ1,2024-02-23,ΕΝΤΑΛΜΑ ΠΛΗΡΩΜΗΣ BIOGENESYS IKE (099805952),099805952,BIOGENESYS IKE (099805952),3123.32,,
9Γ9Λ4690ΒΧ-ΟΗΗ,2024-02-23,ΕΝΤΑΛΜΑ ΠΛΗΡΩΜΗΣ BIOGENESYS IKE (099805952),099805952,BIOGENESYS IKE (099805952),6215.0,,
6ΥΑΛ4690ΒΧ-ΒΨΞ,2024-02-23,ΕΝΤΑΛΜΑ ΠΛΗΡΩΜΗΣ ALLMED EE (997564511),997564511,ALLMED EE (997564511),1037.88,,
ΨΝΒΤ4690ΒΧ-Ο6Τ,2024-02-23,ΕΝΤΑΛΜΑ ΠΛΗΡΩΜΗΣ Trauma Care Μονοπρόσωπη ΕΠΕ (800811818),800811818,Trauma Care Μονοπρόσωπη ΕΠΕ (800811818),2034.0,,
9ΣΓΕ4690ΒΧ-Τ1Β,2024-02-23,ΕΝΤΑΛΜΑ ΠΛΗΡΩΜΗΣ Trauma Care Μονοπρόσωπη ΕΠΕ (800811818),800811818,Trauma Care Μονοπρόσωπη ΕΠΕ (800811818),2568.95,,
67Φ04690ΒΧ-ΔΒΟ,2024-02-23,ΕΝΤΑΛΜΑ ΠΛΗΡΩΜΗΣ Trauma Care Μονοπρόσωπη ΕΠΕ (800811818),800811818,Trauma Care Μονοπρόσωπη ΕΠΕ (800811818),4098.82,,
6Η3Π4690ΒΧ-3ΕΔ,2024-02-23,ΕΝΤΑΛΜΑ ΠΛΗΡΩΜΗΣ Trauma Care Μονοπρόσωπη ΕΠΕ (800811818),800811818,Trauma Care Μονοπρόσωπη ΕΠΕ (800811818),4263.6,,
Ρ6084690ΒΧ-ΝΨΟ,2024-02-23,ΕΝΤΑΛΜΑ ΠΛΗΡΩΜΗΣ Trauma Care Μονοπρόσωπη ΕΠΕ (800811818),800811818,Trauma Care Μονοπρόσωπη ΕΠΕ (800811818),3841.05,,
ΨΓΑΑ4690ΒΧ-ΙΧ8,2024-02-23,ΕΝΤΑΛΜΑ ΠΛΗΡΩΜΗΣ Trauma Care Μονοπρόσωπη ΕΠΕ (800811818),800811818,Trauma Care Μονοπρόσωπη ΕΠΕ (800811818),4998.76,,
9ΣΕΚ4690ΒΧ-ΓΨΜ,2024-02-23,ΕΝΤΑΛΜΑ ΠΛΗΡΩΜΗΣ Κωστας Α.Παπαέλληνας(ΕλλάςΑΕΒΕ) (094075360),094075360,Κωστας Α.Παπαέλληνας(ΕλλάςΑΕΒΕ) (094075360),186.45,,
6ΛΠΚ4690ΒΧ-ΑΔΥ,2024-02-23,ΕΝΤΑΛΜΑ ΠΛΗΡΩΜΗΣ Κωστας Α.Παπαέλληνας(ΕλλάςΑΕΒΕ) (094075360),094075360,Κωστας Α.Παπαέλληνας(ΕλλάςΑΕΒΕ) (094075360),2861.9,,
Ρ7ΧΞ4690ΒΧ-Φ50,2024-02-16,ΕΝΤΑΛΜΑ ΠΛΗΡΩΜΗΣ ΔΗΜ.ΕΠΙΧ/ΣΗ ΗΛΕΚΤΡΙΣΜΟΥ ΑΕ (090000045),090000045,ΔΗΜ.ΕΠΙΧ/ΣΗ ΗΛΕΚΤΡΙΣΜΟΥ ΑΕ (090000045),277010.37,,
9ΣΝ94690ΒΧ-2Ο2,2024-02-16,ΕΝΤΑΛΜΑ ΠΛΗΡΩΜΗΣ ΔΗΜ.ΕΠΙΧ/ΣΗ ΗΛΕΚΤΡΙΣΜΟΥ ΑΕ (090000045),090000045,ΔΗΜ.ΕΠΙΧ/ΣΗ ΗΛΕΚΤΡΙΣΜΟΥ ΑΕ (090000045),740.0,,
6ΣΛΟ4690ΒΧ-Ξ37,2024-02-26,ΕΝΤΑΛΜΑ ΠΛΗΡΩΜΗΣ ΑΧΟΡΤΑΓΟΣ express -ΦΙΛΙΠΠΑΣ Δ. ΜΙΧΑΗΛ (301392557),301392557,ΑΧΟΡΤΑΓΟΣ express -ΦΙΛΙΠΠΑΣ Δ. ΜΙΧΑΗΛ (301392557),400.0,,
956Μ4690ΒΧ-89Η,2024-02-26,ΕΝΤΑΛΜΑ ΠΛΗΡΩΜΗΣ ΒΛΑΧΟΣ Κ. ΙΩΑΝΝΗΣ (128484691),128484691,ΒΛΑΧΟΣ Κ. ΙΩΑΝΝΗΣ (128484691),1488.0,,
ΨΦ834690ΒΧ-ΜΓ5,2024-02-26,ΕΝΤΑΛΜΑ ΠΛΗΡΩΜΗΣ ΡΟΝΤΟΓΙΑΝΝΗΣ ΝΙΚΟΛΑΟΣ (301370400),301370400,ΡΟΝΤΟΓΙΑΝΝΗΣ ΝΙΚΟΛΑΟΣ (301370400),731.6,,
98124690ΒΧ-4Φ3,2024-02-23,ΕΝΤΑΛΜΑ ΠΛΗΡΩΜΗΣ Milimed Α.Ε (997802230),997802230,Milimed Α.Ε (997802230),440.7,,
ΨΓΞΗ4690ΒΧ-3ΓΧ,2024-02-23,ΕΝΤΑΛΜΑ ΠΛΗΡΩΜΗΣ MEDINOR ΕΕ (082802380),082802380,MEDINOR ΕΕ (082802380),3070.73,,
Ψ53Μ4690ΒΧ-1ΕΜ,2024-02-23,ΕΝΤΑΛΜΑ ΠΛΗΡΩΜΗΣ MEDINOR ΕΕ (082802380),082802380,MEDINOR ΕΕ (082802380),3616.77,,
ΡΩ5Θ4690ΒΧ-Ε7Ρ,2024-02-23,ΕΝΤΑΛΜΑ ΠΛΗΡΩΜΗΣ ELFAMED AE (800378686),800378686,ELFAMED AE (800378686),3935.57,,
Ψ62Λ4690ΒΧ-ΨΙΙ,2024-02-23,ΕΝΤΑΛΜΑ ΠΛΗΡΩΜΗΣ BIOTRANS A.E (999506681),999506681,BIOTRANS A.E (999506681),1562.4,,
97ΜΣ4690ΒΧ-Π4Ε,2024-02-23,ΕΝΤΑΛΜΑ ΠΛΗΡΩΜΗΣ '' C   P MEDICALS O.E'' (800392564),800392564,'' C   P MEDICALS O.E'' (800392564),2260.0,,
9ΥΑΠ4690ΒΧ-ΒΙ9,2024-02-15,ΕΝΤΑΛΜΑ ΠΛΗΡΩΜΗΣ INTER MEDICA ΕΜΜ.Τ.ΤΖΑΝΙΔΑΚΗΣ (011651035),011651035,INTER MEDICA ΕΜΜ.Τ.ΤΖΑΝΙΔΑΚΗΣ (011651035),2095.6,,
9ΒΦΠ4690ΒΧ-Σ96,2024-02-16,ΕΝΤΑΛΜΑ ΠΛΗΡΩΜΗΣ ΝΙΚΑΙΑ ΤΡΟΦΟΔΟΣΙΕΣ ΜΟΝΟΠΡΟΣΩΠΗ ΙΚΕ (801393800),801393800,ΝΙΚΑΙΑ ΤΡΟΦΟΔΟΣΙΕΣ ΜΟΝΟΠΡΟΣΩΠΗ ΙΚΕ (801393800),1192.45,,
ΨΥΛΞ4690ΒΧ-1ΞΒ,2024-02-16,ΕΝΤΑΛΜΑ ΠΛΗΡΩΜΗΣ Ν.ΠΡΟΚΟΣ   ΣΙΑ Ο.Ε. (999426109),999426109,Ν.ΠΡΟΚΟΣ   ΣΙΑ Ο.Ε. (999426109),1435.92,,
60Χ14690ΒΧ-ΟΥ5,2024-02-16,ΕΝΤΑΛΜΑ ΠΛΗΡΩΜΗΣ ΜΠΑΛΑΣΚΑΣ ΓΕΩΡΓΙΟΣ (073571028),073571028,ΜΠΑΛΑΣΚΑΣ ΓΕΩΡΓΙΟΣ (073571028),625.08,,
ΨΠΠΚ4690ΒΧ-ΩΚΙ,2024-02-16,ΕΝΤΑΛΜΑ ΠΛΗΡΩΜΗΣ ΚΟΝΤΟΓΙΑΝΝΗ ΟΥΡΑΝΙΑ (301366552),301366552,ΚΟΝΤΟΓΙΑΝΝΗ ΟΥΡΑΝΙΑ (301366552),3611.23,,
ΨΨ5Λ4690ΒΧ-Δ1Ρ,2024-02-19,ΕΝΤΑΛΜΑ ΠΛΗΡΩΜΗΣ ΚΛΕΟΠΑΤΡΑ ΓΚΟΥΒΑ (041699970),041699970,ΚΛΕΟΠΑΤΡΑ ΓΚΟΥΒΑ (041699970),501.7,,
9ΩΣΩ4690ΒΧ-ΥΡΠ,2024-02-16,ΕΝΤΑΛΜΑ ΠΛΗΡΩΜΗΣ ΚΑΤΩΠΟΔΗΣ Μ.-ΚΑΒΒΑΔΑ Ε.Ε.Π.Ε. (997917019),997917019,ΚΑΤΩΠΟΔΗΣ Μ.-ΚΑΒΒΑΔΑ Ε.Ε.Π.Ε. (997917019),102.43,,
6Μ0Η4690ΒΧ-Ξ57,2024-02-19,ΕΝΤΑΛΜΑ ΠΛΗΡΩΜΗΣ ΙΝΕΞ ΙΑΤΡΙΚΑ Α.Ε (094356041),094356041,ΙΝΕΞ ΙΑΤΡΙΚΑ Α.Ε (094356041),3774.65,,
ΨΓΓ54690ΒΧ-Τ72,2024-02-19,ΕΝΤΑΛΜΑ ΠΛΗΡΩΜΗΣ ΙΝΕΞ ΙΑΤΡΙΚΑ Α.Ε (094356041),094356041,ΙΝΕΞ ΙΑΤΡΙΚΑ Α.Ε (094356041),2120.4,,
ΨΕ9Η4690ΒΧ-3ΘΜ,2024-02-19,ΕΝΤΑΛΜΑ ΠΛΗΡΩΜΗΣ ΙΝΕΞ ΙΑΤΡΙΚΑ Α.Ε (094356041),094356041,ΙΝΕΞ ΙΑΤΡΙΚΑ Α.Ε (094356041),832.54,,
6ΛΚΧ4690ΒΧ-Υ6Υ,2024-02-19,ΕΝΤΑΛΜΑ ΠΛΗΡΩΜΗΣ ΙΝΕΞ ΙΑΤΡΙΚΑ Α.Ε (094356041),094356041,ΙΝΕΞ ΙΑΤΡΙΚΑ Α.Ε (094356041),129.58,,
6ΑΜ24690ΒΧ-ΩΦΝ,2024-02-16,ΕΝΤΑΛΜΑ ΠΛΗΡΩΜΗΣ ΙΑΤΡΙΚΗ ΜΕΡΙΜΝΑ   ΥΓΕΙΑ Α.Ε. (094349547),094349547,ΙΑΤΡΙΚΗ ΜΕΡΙΜΝΑ   ΥΓΕΙΑ Α.Ε. (094349547),33.48,,
ΨΖΤΣ4690ΒΧ-Μ19,2024-02-15,ΕΝΤΑΛΜΑ ΠΛΗΡΩΜΗΣ ΕΝΟΡΑΣΙΣ Α.Ε. (094503580),094503580,ΕΝΟΡΑΣΙΣ Α.Ε. (094503580),2341.87,,
Ψ88Ι4690ΒΧ-Κ42,2024-02-15,ΕΝΤΑΛΜΑ ΠΛΗΡΩΜΗΣ ΕΛΛΕΝΚΟ Α.Ε. (094074824),094074824,ΕΛΛΕΝΚΟ Α.Ε. (094074824),623.6,,
6Σ8Λ4690ΒΧ-ΤΞΧ,2024-02-19,ΕΝΤΑΛΜΑ ΠΛΗΡΩΜΗΣ ΓΕΤΡΙΜΕΝΤ Ε.Π.Ε. (095279575),095279575,ΓΕΤΡΙΜΕΝΤ Ε.Π.Ε. (095279575),3163.55,,
6Θ3Τ4690ΒΧ-80Δ,2024-02-16,ΕΝΤΑΛΜΑ ΠΛΗΡΩΜΗΣ ΒΙΒΛΙΟΧΑΡΤΟΠΩΛΕΙΟ ''Η ΕΣΤΙΑ''ΕΥΑΓΓΕΛΟΣ ΔΑΝΙΗΛ   ΣΙΑ Ο.Ε (800187440),800187440,ΒΙΒΛΙΟΧΑΡΤΟΠΩΛΕΙΟ ''Η ΕΣΤΙΑ''ΕΥΑΓΓΕΛΟΣ ΔΑΝΙΗΛ   ΣΙΑ Ο.Ε (800187440),5688.5,,
ΨΜΕΝ4690ΒΧ-ΞΒΩ,2024-02-15,ΕΝΤΑΛΜΑ ΠΛΗΡΩΜΗΣ ΒΕΡΜΑ ΝΤΡΑΓΚΣ ΑΒΕΕ (099363426),099363426,ΒΕΡΜΑ ΝΤΡΑΓΚΣ ΑΒΕΕ (099363426),5422.53,,
ΨΔ2Ε4690ΒΧ-74Ν,2024-02-15,ΕΝΤΑΛΜΑ ΠΛΗΡΩΜΗΣ ΒΕΡΜΑ ΝΤΡΑΓΚΣ ΑΒΕΕ (099363426),099363426,ΒΕΡΜΑ ΝΤΡΑΓΚΣ ΑΒΕΕ (099363426),2431.35,,
ΨΡΟ14690ΒΧ-6ΞΨ,2024-02-19,ΕΝΤΑΛΜΑ ΠΛΗΡΩΜΗΣ ΒΑΣΙΛΙΚΗ ΤΣΙΜΠΡΗ   ΣΙΑ Ε.Ε (999333810),999333810,ΒΑΣΙΛΙΚΗ ΤΣΙΜΠΡΗ   ΣΙΑ Ε.Ε (999333810),874.93,,
6Μ5Θ4690ΒΧ-ΦΓΑ,2024-02-16,ΕΝΤΑΛΜΑ ΠΛΗΡΩΜΗΣ ΒΑΚΕΝΤΗΣ ΕΜΜ. Ο.Ε. (800151001),800151001,ΒΑΚΕΝΤΗΣ ΕΜΜ. Ο.Ε. (800151001),1198.14,,
97ΚΠ4690ΒΧ-ΣΒΝ,2024-02-16,ΕΝΤΑΛΜΑ ΠΛΗΡΩΜΗΣ ΑΦΟΙ ΠΑΠΑΝΑΣΤΑΣΙΟΥ Ο.Ε. (081308853),081308853,ΑΦΟΙ ΠΑΠΑΝΑΣΤΑΣΙΟΥ Ο.Ε. (081308853),255.69,,
6ΥΑΞ4690ΒΧ-3ΨΡ,2024-02-16,ΕΝΤΑΛΜΑ ΠΛΗΡΩΜΗΣ ΑΦΟΙ ΖΥΡΙΧΙΔΗ Ο.Ε (091282761),091282761,ΑΦΟΙ ΖΥΡΙΧΙΔΗ Ο.Ε (091282761),699.78,,
67Ν84690ΒΧ-ΗΣΞ,2024-02-19,ΕΝΤΑΛΜΑ ΠΛΗΡΩΜΗΣ ΑΝΤΙ-ΣΕΛ ΑΦΟΙ Α. ΣΕΛΙΔΗ ΑΕ (091569759),091569759,ΑΝΤΙ-ΣΕΛ ΑΦΟΙ Α. ΣΕΛΙΔΗ ΑΕ (091569759),980.1,,
ΨΘΡΦ4690ΒΧ-ΝΓΛ,2024-02-16,ΕΝΤΑΛΜΑ ΠΛΗΡΩΜΗΣ ΄΄ ΜΟΥΡΟΠΟΥΛΟΣ΄΄ ΒΙΟ/ΝΙΑ ΠΛΑΣΤΙΚΩΝ (081857450),081857450,΄΄ ΜΟΥΡΟΠΟΥΛΟΣ΄΄ ΒΙΟ/ΝΙΑ ΠΛΑΣΤΙΚΩΝ (081857450),3174.4,,
6ΦΟΡ4690ΒΧ-2ΚΨ,2024-02-15,ΕΝΤΑΛΜΑ ΠΛΗΡΩΜΗΣ PAUL HARTMANN Hellas A.E. (999862491),999862491,PAUL HARTMANN Hellas A.E. (999862491),440.7,,
6ΦΤΟ4690ΒΧ-ΨΨΞ,2024-02-15,ΕΝΤΑΛΜΑ ΠΛΗΡΩΜΗΣ PAUL HARTMANN Hellas A.E. (999862491),999862491,PAUL HARTMANN Hellas A.E. (999862491),214.67,,
6ΝΣΨ4690ΒΧ-ΥΦΙ,2024-02-15,ΕΝΤΑΛΜΑ ΠΛΗΡΩΜΗΣ MILONAS HEALTH A.E. (998179225),998179225,MILONAS HEALTH A.E. (998179225),2079.72,,
ΨΟ354690ΒΧ-1ΟΧ,2024-02-15,ΕΝΤΑΛΜΑ ΠΛΗΡΩΜΗΣ MILONAS HEALTH A.E. (998179225),998179225,MILONAS HEALTH A.E. (998179225),3472.68,,
65ΦΩ4690ΒΧ-460,2024-02-15,ΕΝΤΑΛΜΑ ΠΛΗΡΩΜΗΣ MILONAS HEALTH A.E. (998179225),998179225,MILONAS HEALTH A.E. (998179225),327.41,,
Ψ3024690ΒΧ-Λ1Μ,2024-02-15,ΕΝΤΑΛΜΑ ΠΛΗΡΩΜΗΣ MILONAS HEALTH A.E. (998179225),998179225,MILONAS HEALTH A.E. (998179225),2225.8,,
6ΣΣΔ4690ΒΧ-ΦΤ3,2024-02-16,ΕΝΤΑΛΜΑ ΠΛΗΡΩΜΗΣ MEDI SUP AE (094447320),094447320,MEDI SUP AE (094447320),381.92,,
6Η484690ΒΧ-ΒΟΦ,2024-02-16,ΕΝΤΑΛΜΑ ΠΛΗΡΩΜΗΣ MEDI SUP AE (094447320),094447320,MEDI SUP AE (094447320),1469.0,,
63Τ04690ΒΧ-33Α,2024-02-16,ΕΝΤΑΛΜΑ ΠΛΗΡΩΜΗΣ MEDI SUP AE (094447320),094447320,MEDI SUP AE (094447320),253.1,,
6ΔΣ94690ΒΧ-ΝΙ4,2024-02-20,ΕΝΤΑΛΜΑ ΠΛΗΡΩΜΗΣ ΠΦΑΙΖΕΡ ΕΛΛΑΣ ΑΕ600/01/B86/601 (094012336),094012336,ΠΦΑΙΖΕΡ ΕΛΛΑΣ ΑΕ600/01/B86/601 (094012336),4585.93,,
9Μ824690ΒΧ-ΔΡΙ,2024-02-20,ΕΝΤΑΛΜΑ ΠΛΗΡΩΜΗΣ ΝΟΡΜΑ ΕΛΛΑΣ ΑΕ (094030004),094030004,ΝΟΡΜΑ ΕΛΛΑΣ ΑΕ (094030004),2552.14,,
9Υ1Β4690ΒΧ-ΥΘΣ,2024-02-20,ΕΝΤΑΛΜΑ ΠΛΗΡΩΜΗΣ ΜΠΑΞΤΕΡ ΕΛΛΑΣ ΕΠΕ (095530045),095530045,ΜΠΑΞΤΕΡ ΕΛΛΑΣ ΕΠΕ (095530045),189.82,,
ΨΒΒΣ4690ΒΧ-Λ07,2024-02-20,ΕΝΤΑΛΜΑ ΠΛΗΡΩΜΗΣ ΚΟΠΕΡ ΑΕ (094007897),094007897,ΚΟΠΕΡ ΑΕ (094007897),1341.32,,
9Η634690ΒΧ-Ω1Β,2024-02-20,ΕΝΤΑΛΜΑ ΠΛΗΡΩΜΗΣ ΚΟΠΕΡ ΑΕ (094007897),094007897,ΚΟΠΕΡ ΑΕ (094007897),552.84,,
928Θ4690ΒΧ-1ΥΜ,2024-02-20,ΕΝΤΑΛΜΑ ΠΛΗΡΩΜΗΣ ΒΙΟΣΕΡ ΑΕ (094035927),094035927,ΒΙΟΣΕΡ ΑΕ (094035927),4225.37,,
6Ζ214690ΒΧ-ΙΒΓ,2024-02-20,ΕΝΤΑΛΜΑ ΠΛΗΡΩΜΗΣ ΒΙΟΣΕΡ ΑΕ (094035927),094035927,ΒΙΟΣΕΡ ΑΕ (094035927),3651.86,,
9ΡΠ64690ΒΧ-2Ο9,2024-02-20,ΕΝΤΑΛΜΑ ΠΛΗΡΩΜΗΣ ΒΙΟΣΕΡ ΑΕ (094035927),094035927,ΒΙΟΣΕΡ ΑΕ (094035927),1949.69,,
96ΛΔ4690ΒΧ-ΑΓΕ,2024-02-20,ΕΝΤΑΛΜΑ ΠΛΗΡΩΜΗΣ ΒΙΑΝΕΞ ΑΕ (094031965),094031965,ΒΙΑΝΕΞ ΑΕ (094031965),3427.88,,
9Θ6Τ4690ΒΧ-ΖΩΚ,2024-02-20,ΕΝΤΑΛΜΑ ΠΛΗΡΩΜΗΣ ΒΙΑΝΕΞ ΑΕ (094031965),094031965,ΒΙΑΝΕΞ ΑΕ (094031965),2513.23,,
95Ε84690ΒΧ-ΦΞ3,2024-02-20,ΕΝΤΑΛΜΑ ΠΛΗΡΩΜΗΣ ΒΙΑΝΕΞ ΑΕ (094031965),094031965,ΒΙΑΝΕΞ ΑΕ (094031965),4457.07,,
ΨΜΝΞ4690ΒΧ-28Ω,2024-02-20,ΕΝΤΑΛΜΑ ΠΛΗΡΩΜΗΣ ΒΙΑΝΕΞ ΑΕ (094031965),094031965,ΒΙΑΝΕΞ ΑΕ (094031965),1293.76,,
6ΤΟ44690ΒΧ-Β0Ν,2024-02-20,ΕΝΤΑΛΜΑ ΠΛΗΡΩΜΗΣ ΒΙΑΝΕΞ ΑΕ (094031965),094031965,ΒΙΑΝΕΞ ΑΕ (094031965),258.14,,
6ΑΑΝ4690ΒΧ-04Ζ,2024-02-20,ΕΝΤΑΛΜΑ ΠΛΗΡΩΜΗΣ ΑΝΦΑΡΜ - ΕΛΛΑΣ ΑΕ (094036383),094036383,ΑΝΦΑΡΜ - ΕΛΛΑΣ ΑΕ (094036383),4567.04,,
ΡΡΒ54690ΒΧ-ΟΑΒ,2024-02-20,ΕΝΤΑΛΜΑ ΠΛΗΡΩΜΗΣ TAKEDA ΕΛΛΑΣ Α.Ε (094326651),094326651,TAKEDA ΕΛΛΑΣ Α.Ε (094326651),4731.52,,
9ΔΠΥ4690ΒΧ-ΝΘΥ,2024-02-20,ΕΝΤΑΛΜΑ ΠΛΗΡΩΜΗΣ TAKEDA ΕΛΛΑΣ Α.Ε (094326651),094326651,TAKEDA ΕΛΛΑΣ Α.Ε (094326651),4731.52,,
9ΩΩΔ4690ΒΧ-Ξ53,2024-02-20,ΕΝΤΑΛΜΑ ΠΛΗΡΩΜΗΣ TAKEDA ΕΛΛΑΣ Α.Ε (094326651),094326651,TAKEDA ΕΛΛΑΣ Α.Ε (094326651),4731.52,,
9ΤΩΞ4690ΒΧ-ΖΝΗ,2024-02-20,ΕΝΤΑΛΜΑ ΠΛΗΡΩΜΗΣ TAKEDA ΕΛΛΑΣ Α.Ε (094326651),094326651,TAKEDA ΕΛΛΑΣ Α.Ε (094326651),3809.88,,
9ΠΒΧ4690ΒΧ-ΟΛΙ,2024-02-20,ΕΝΤΑΛΜΑ ΠΛΗΡΩΜΗΣ TAKEDA ΕΛΛΑΣ Α.Ε (094326651),094326651,TAKEDA ΕΛΛΑΣ Α.Ε (094326651),3809.88,,
ΨΕΡΩ4690ΒΧ-5Ω3,2024-02-20,ΕΝΤΑΛΜΑ ΠΛΗΡΩΜΗΣ TAKEDA ΕΛΛΑΣ Α.Ε (094326651),094326651,TAKEDA ΕΛΛΑΣ Α.Ε (094326651),3809.88,,
Ψ7ΔΕ4690ΒΧ-362,2024-02-20,ΕΝΤΑΛΜΑ ΠΛΗΡΩΜΗΣ TAKEDA ΕΛΛΑΣ Α.Ε (094326651),094326651,TAKEDA ΕΛΛΑΣ Α.Ε (094326651),3809.88,,
6ΥΙΗ4690ΒΧ-ΘΝ0,2024-02-20,ΕΝΤΑΛΜΑ ΠΛΗΡΩΜΗΣ TAKEDA ΕΛΛΑΣ Α.Ε (094326651),094326651,TAKEDA ΕΛΛΑΣ Α.Ε (094326651),4731.52,,
9Θ234690ΒΧ-ΝΤΩ,2024-02-20,ΕΝΤΑΛΜΑ ΠΛΗΡΩΜΗΣ TAKEDA ΕΛΛΑΣ Α.Ε (094326651),094326651,TAKEDA ΕΛΛΑΣ Α.Ε (094326651),4731.52,,
ΨΒ134690ΒΧ-ΑΑΜ,2024-02-20,ΕΝΤΑΛΜΑ ΠΛΗΡΩΜΗΣ TAKEDA ΕΛΛΑΣ Α.Ε (094326651),094326651,TAKEDA ΕΛΛΑΣ Α.Ε (094326651),4731.52,,
9ΕΙΘ4690ΒΧ-Δ87,2024-02-20,ΕΝΤΑΛΜΑ ΠΛΗΡΩΜΗΣ SANOFI AVENTIS A.E.B.E. (094076485),094076485,SANOFI AVENTIS A.E.B.E. (094076485),2557.33,,
66ΓΠ4690ΒΧ-54Ξ,2024-02-20,ΕΝΤΑΛΜΑ ΠΛΗΡΩΜΗΣ SANOFI AVENTIS A.E.B.E. (094076485),094076485,SANOFI AVENTIS A.E.B.E. (094076485),100.53,,
9ΡΟΨ4690ΒΧ-ΕΗΩ,2024-02-20,ΕΝΤΑΛΜΑ ΠΛΗΡΩΜΗΣ NOVARTIS (HELLAS) AEBE (094021290),094021290,NOVARTIS (HELLAS) AEBE (094021290),163.11,,
Ψ83Κ4690ΒΧ-Ρ4Δ,2024-02-20,ΕΝΤΑΛΜΑ ΠΛΗΡΩΜΗΣ LEO   ΦΑΡΜ/ΚΑ ΠΡ/ΝΤΑ ΕΛΛΑΣ ΕΠΕ (095003061),095003061,LEO   ΦΑΡΜ/ΚΑ ΠΡ/ΝΤΑ ΕΛΛΑΣ ΕΠΕ (095003061),4710.65,,
ΨΓΠΕ4690ΒΧ-8ΗΩ,2024-02-20,ΕΝΤΑΛΜΑ ΠΛΗΡΩΜΗΣ LEO   ΦΑΡΜ/ΚΑ ΠΡ/ΝΤΑ ΕΛΛΑΣ ΕΠΕ (095003061),095003061,LEO   ΦΑΡΜ/ΚΑ ΠΡ/ΝΤΑ ΕΛΛΑΣ ΕΠΕ (095003061),724.2,,
ΡΒΣ84690ΒΧ-1ΛΖ,2024-02-20,ΕΝΤΑΛΜΑ ΠΛΗΡΩΜΗΣ LEO   ΦΑΡΜ/ΚΑ ΠΡ/ΝΤΑ ΕΛΛΑΣ ΕΠΕ (095003061),095003061,LEO   ΦΑΡΜ/ΚΑ ΠΡ/ΝΤΑ ΕΛΛΑΣ ΕΠΕ (095003061),2753.58,,
Ψ3ΖΒ4690ΒΧ-ΩΜΝ,2024-02-20,ΕΝΤΑΛΜΑ ΠΛΗΡΩΜΗΣ JANSSEN-CILAG ΦΑΡΜΑΚ/ΤΙΚΗ ΑΕΒΕ (094070303),094070303,JANSSEN-CILAG ΦΑΡΜΑΚ/ΤΙΚΗ ΑΕΒΕ (094070303),170.18,,
ΨΚΥΨ4690ΒΧ-Δ2Α,2024-02-20,ΕΝΤΑΛΜΑ ΠΛΗΡΩΜΗΣ G a l e n i c a  α.ε (094063416),094063416,G a l e n i c a  α.ε (094063416),145.27,,
ΡΠΞΛ4690ΒΧ-Μ7Μ,2024-02-20,ΕΝΤΑΛΜΑ ΠΛΗΡΩΜΗΣ ELPEN  Α.Ε  ΦΑΡΜ/ΚΗ ΒΙΟΜ/ΝΙΑ (094025043),094025043,ELPEN  Α.Ε  ΦΑΡΜ/ΚΗ ΒΙΟΜ/ΝΙΑ (094025043),1621.83,,
ΨΖΗ74690ΒΧ-ΙΔ3,2024-02-20,ΕΝΤΑΛΜΑ ΠΛΗΡΩΜΗΣ DEMO A.Β.Ε.E. (094041553),094041553,DEMO A.Β.Ε.E. (094041553),4565.47,,
Ρ7ΨΤ4690ΒΧ-ΧΘΤ,2024-02-20,ΕΝΤΑΛΜΑ ΠΛΗΡΩΜΗΣ BOEHRINGER INGELHEIM ΕΛΛΑΣ ΑΕ (094140021),094140021,BOEHRINGER INGELHEIM ΕΛΛΑΣ ΑΕ (094140021),2425.62,,
91Ζ84690ΒΧ-5Ν8,2024-02-20,ΕΝΤΑΛΜΑ ΠΛΗΡΩΜΗΣ BAYER ΕΛΛΑΣ ΑΒΕΕ (094056437),094056437,BAYER ΕΛΛΑΣ ΑΒΕΕ (094056437),2805.66,,
9ΤΩΙ4690ΒΧ-Ζ2Ο,2024-02-20,ΕΝΤΑΛΜΑ ΠΛΗΡΩΜΗΣ BAYER ΕΛΛΑΣ ΑΒΕΕ (094056437),094056437,BAYER ΕΛΛΑΣ ΑΒΕΕ (094056437),1756.05,,
929Π4690ΒΧ-5ΛΖ,2024-02-19,ΕΝΤΑΛΜΑ ΠΛΗΡΩΜΗΣ ΔΙΑSYS A.E (998936634),998936634,ΔΙΑSYS A.E (998936634),1086.24,,
96ΩΘ4690ΒΧ-ΛΜ1,2024-02-19,ΕΝΤΑΛΜΑ ΠΛΗΡΩΜΗΣ a V.I.PHARMA INTERNATIONAL Α.Ε (999076399),999076399,a V.I.PHARMA INTERNATIONAL Α.Ε (999076399),478.43,,
ΡΕΦ14690ΒΧ-1ΧΡ,2024-02-19,ΕΝΤΑΛΜΑ ΠΛΗΡΩΜΗΣ Y-LOGIMED  Μ.Α.Ε (094446034),094446034,Y-LOGIMED  Μ.Α.Ε (094446034),1208.67,,
9ΩΣΖ4690ΒΧ-ΟΤΣ,2024-02-19,ΕΝΤΑΛΜΑ ΠΛΗΡΩΜΗΣ Y-LOGIMED  Μ.Α.Ε (094446034),094446034,Y-LOGIMED  Μ.Α.Ε (094446034),796.08,,
Ρ6534690ΒΧ-5ΚΒ,2024-02-19,ΕΝΤΑΛΜΑ ΠΛΗΡΩΜΗΣ VAKTRO SCIENTIFIC ΣΤΑΥΡΟΣ ΑΓΓΕΛΟΠΟΥΛΟΣ   ΣΙΑ Ο.Ε (084221869),084221869,VAKTRO SCIENTIFIC ΣΤΑΥΡΟΣ ΑΓΓΕΛΟΠΟΥΛΟΣ   ΣΙΑ Ο.Ε (084221869),406.8,,
9Ψ5Φ4690ΒΧ-3ΦΔ,2024-02-19,ΕΝΤΑΛΜΑ ΠΛΗΡΩΜΗΣ V   L VIOLAK INTERNATIONAL A.E (099370337),099370337,V   L VIOLAK INTERNATIONAL A.E (099370337),1056.23,,
Ρ7Η24690ΒΧ-0ΧΒ,2024-02-19,ΕΝΤΑΛΜΑ ΠΛΗΡΩΜΗΣ V   L VIOLAK INTERNATIONAL A.E (099370337),099370337,V   L VIOLAK INTERNATIONAL A.E (099370337),418.67,,
65ΗΩ4690ΒΧ-ΣΦ0,2024-02-19,ΕΝΤΑΛΜΑ ΠΛΗΡΩΜΗΣ V   L VIOLAK INTERNATIONAL A.E (099370337),099370337,V   L VIOLAK INTERNATIONAL A.E (099370337),1039.24,,
ΨΜΜ54690ΒΧ-ΓΟ3,2024-02-19,ΕΝΤΑΛΜΑ ΠΛΗΡΩΜΗΣ V   L VIOLAK INTERNATIONAL A.E (099370337),099370337,V   L VIOLAK INTERNATIONAL A.E (099370337),1359.36,,
9Λ6Χ4690ΒΧ-ΡΧΗ,2024-02-19,ΕΝΤΑΛΜΑ ΠΛΗΡΩΜΗΣ V   L VIOLAK INTERNATIONAL A.E (099370337),099370337,V   L VIOLAK INTERNATIONAL A.E (099370337),848.18,,
ΡΡ1Ι4690ΒΧ-1ΦΧ,2024-02-19,ΕΝΤΑΛΜΑ ΠΛΗΡΩΜΗΣ V   L VIOLAK INTERNATIONAL A.E (099370337),099370337,V   L VIOLAK INTERNATIONAL A.E (099370337),2894.89,,
9ΖΠΖ4690ΒΧ-4ΝΧ,2024-02-19,ΕΝΤΑΛΜΑ ΠΛΗΡΩΜΗΣ SCITEC ΙΑΤΡΙΚΑ ΣΥΣΤΗΜΑΤΑ Ε.Ε (094457478),094457478,SCITEC ΙΑΤΡΙΚΑ ΣΥΣΤΗΜΑΤΑ Ε.Ε (094457478),293.88,,
65Σ14690ΒΧ-ΓΔΚ,2024-02-19,ΕΝΤΑΛΜΑ ΠΛΗΡΩΜΗΣ SCITEC ΙΑΤΡΙΚΑ ΣΥΣΤΗΜΑΤΑ Ε.Ε (094457478),094457478,SCITEC ΙΑΤΡΙΚΑ ΣΥΣΤΗΜΑΤΑ Ε.Ε (094457478),248.04,,
Ψ5794690ΒΧ-Ξ46,2024-02-19,ΕΝΤΑΛΜΑ ΠΛΗΡΩΜΗΣ SANImed (999324154),999324154,SANImed (999324154),63.05,,
9ΑΣΙ4690ΒΧ-ΠΙΧ,2024-02-19,ΕΝΤΑΛΜΑ ΠΛΗΡΩΜΗΣ REVIVAL Α.Ε (999079132),999079132,REVIVAL Α.Ε (999079132),295.12,,
9ΦΚ84690ΒΧ-35Γ,2024-02-19,ΕΝΤΑΛΜΑ ΠΛΗΡΩΜΗΣ OPELLA HEALTHCARE GREECE ΜΟΝΟΠΡΟΣΩΠΗ Ε.Π.Ε (801417087),801417087,OPELLA HEALTHCARE GREECE ΜΟΝΟΠΡΟΣΩΠΗ Ε.Π.Ε (801417087),115.92,,
Ψ5ΕΖ4690ΒΧ-Φ6Χ,2024-02-19,ΕΝΤΑΛΜΑ ΠΛΗΡΩΜΗΣ NEXTGEN MEDICALS Ε.Ε. (801437479),801437479,NEXTGEN MEDICALS Ε.Ε. (801437479),581.95,,
92ΤΗ4690ΒΧ-Ζ5Β,2024-02-19,ΕΝΤΑΛΜΑ ΠΛΗΡΩΜΗΣ NEW DIAGNOSTIC DIMENSION LTD (095618368),095618368,NEW DIAGNOSTIC DIMENSION LTD (095618368),1060.0,,
9Ι1Ψ4690ΒΧ-ΨΧΡ,2024-02-19,ΕΝΤΑΛΜΑ ΠΛΗΡΩΜΗΣ Medical Point .ΧΡ.ΜΟΥΤΑΦΗΣ Ε.Ε (998630320),998630320,Medical Point .ΧΡ.ΜΟΥΤΑΦΗΣ Ε.Ε (998630320),1913.32,,
6ΝΓΑ4690ΒΧ-ΝΗ9,2024-02-19,ΕΝΤΑΛΜΑ ΠΛΗΡΩΜΗΣ HAMED-ΧΑΛΑΜΠΑΛΑΚΗΣ Α.Ε (094313759),094313759,HAMED-ΧΑΛΑΜΠΑΛΑΚΗΣ Α.Ε (094313759),14.76,,
9ΒΗΔ4690ΒΧ-ΟΝ4,2024-02-19,ΕΝΤΑΛΜΑ ΠΛΗΡΩΜΗΣ EpiMed ΝΕΑ ΕΠΙΜΕΝΤ ΜΕΠΕ (999723663),999723663,EpiMed ΝΕΑ ΕΠΙΜΕΝΤ ΜΕΠΕ (999723663),1860.0,,
6ΓΝΝ4690ΒΧ-ΙΘΞ,2024-02-19,ΕΝΤΑΛΜΑ ΠΛΗΡΩΜΗΣ EUROSUP ΜΟΝ. ΙΚΕ (800715333),800715333,EUROSUP ΜΟΝ. ΙΚΕ (800715333),1915.29,,
99ΚΓ4690ΒΧ-ΖΒ4,2024-02-19,ΕΝΤΑΛΜΑ ΠΛΗΡΩΜΗΣ EUROSUP ΜΟΝ. ΙΚΕ (800715333),800715333,EUROSUP ΜΟΝ. ΙΚΕ (800715333),62.37,,
6ΧΥΔ4690ΒΧ-ΙΨΥ,2024-02-19,ΕΝΤΑΛΜΑ ΠΛΗΡΩΜΗΣ DIACHEL ΔΙΑΓΝ.-ΧΗΜ.ΟΡΓ.Ε.Π.Ε. (095341314),095341314,DIACHEL ΔΙΑΓΝ.-ΧΗΜ.ΟΡΓ.Ε.Π.Ε. (095341314),254.4,,
Ψ5ΚΨ4690ΒΧ-ΘΦ3,2024-02-19,ΕΝΤΑΛΜΑ ΠΛΗΡΩΜΗΣ ΠΕΤΡΟΣ ΧΑΡ.ΚΟΣΜΙΔΗΣ   ΣΙΑ Ε.Ε. (999685389),999685389,ΠΕΤΡΟΣ ΧΑΡ.ΚΟΣΜΙΔΗΣ   ΣΙΑ Ε.Ε. (999685389),212.0,,
9ΦΕΔ4690ΒΧ-5ΣΕ,2024-02-19,ΕΝΤΑΛΜΑ ΠΛΗΡΩΜΗΣ ΠΕΤΡΟΣ ΧΑΡ.ΚΟΣΜΙΔΗΣ   ΣΙΑ Ε.Ε. (999685389),999685389,ΠΕΤΡΟΣ ΧΑΡ.ΚΟΣΜΙΔΗΣ   ΣΙΑ Ε.Ε. (999685389),322.4,,
6ΘΛΘ4690ΒΧ-31Φ,2024-02-19,ΕΝΤΑΛΜΑ ΠΛΗΡΩΜΗΣ ΠΑΠΑΠΟΣΤΟΛΟΥ Ν-Α.Ε (095029193),095029193,ΠΑΠΑΠΟΣΤΟΛΟΥ Ν-Α.Ε (095029193),186.0,,
98664690ΒΧ-1ΨΛ,2024-02-19,ΕΝΤΑΛΜΑ ΠΛΗΡΩΜΗΣ ΠΑΛΜΟΣ Α.Ε. (094156252),094156252,ΠΑΛΜΟΣ Α.Ε. (094156252),60.76,,
6ΥΛΦ4690ΒΧ-ΔΕ3,2024-02-19,ΕΝΤΑΛΜΑ ΠΛΗΡΩΜΗΣ ΟΡΑΚΕΛ ΕΛΛΑΣ ΜΟΝ.ΕΠΕ (999466722),999466722,ΟΡΑΚΕΛ ΕΛΛΑΣ ΜΟΝ.ΕΠΕ (999466722),248.0,,
ΨΓ764690ΒΧ-6ΕΝ,2024-02-19,ΕΝΤΑΛΜΑ ΠΛΗΡΩΜΗΣ ΟΔΟΝΤΟΠΡΟΜΗΘΕΥΤΙΚΗ ΓΕΩΡΓΑΚΑΣ ΚΩΝΣΤΑΝΤΙΝΟΣ (062216690),062216690,ΟΔΟΝΤΟΠΡΟΜΗΘΕΥΤΙΚΗ ΓΕΩΡΓΑΚΑΣ ΚΩΝΣΤΑΝΤΙΝΟΣ (062216690),198.2,,
670Μ4690ΒΧ-Ε6Υ,2024-02-19,ΕΝΤΑΛΜΑ ΠΛΗΡΩΜΗΣ ΜΠΑΞΤΕΡ ΕΛΛΑΣ ΕΠΕ (095530045),095530045,ΜΠΑΞΤΕΡ ΕΛΛΑΣ ΕΠΕ (095530045),908.52,,
90ΚΒ4690ΒΧ-ΓΣ3,2024-02-19,ΕΝΤΑΛΜΑ ΠΛΗΡΩΜΗΣ ΛΕΩΝΙΔΑΣ ΚΑΝΕΛΛΟΣ   ΣΙΑ Ε.Ε (093401589),093401589,ΛΕΩΝΙΔΑΣ ΚΑΝΕΛΛΟΣ   ΣΙΑ Ε.Ε (093401589),48.21,,
9ΨΑΝ4690ΒΧ-0ΩΖ,2024-02-19,ΕΝΤΑΛΜΑ ΠΛΗΡΩΜΗΣ ΔΕΡΚΑ ΙΑΤΡΙΚΑ ΕΠΕ (999687125),999687125,ΔΕΡΚΑ ΙΑΤΡΙΚΑ ΕΠΕ (999687125),429.78,,
ΨΖΠ74690ΒΧ-ΡΟ1,2024-02-19,ΕΝΤΑΛΜΑ ΠΛΗΡΩΜΗΣ Γ.ΑΝΑΝΙΑΔΗΣΕ.ΕΕ (093635530),093635530,Γ.ΑΝΑΝΙΑΔΗΣΕ.ΕΕ (093635530),744.0,,
Ψ51Γ4690ΒΧ-4ΦΜ,2024-02-19,ΕΝΤΑΛΜΑ ΠΛΗΡΩΜΗΣ ΒΙΟΠΡΟΜΗΘΕΥΤΙΚΗ ΜΟΝ/ΠΗ ΕΠΕ (099007886),099007886,ΒΙΟΠΡΟΜΗΘΕΥΤΙΚΗ ΜΟΝ/ΠΗ ΕΠΕ (099007886),238.7,,
ΡΩ384690ΒΧ-ΓΗΦ,2024-02-19,ΕΝΤΑΛΜΑ ΠΛΗΡΩΜΗΣ ΒΙΟΠΡΟΜΗΘΕΥΤΙΚΗ ΜΟΝ/ΠΗ ΕΠΕ (099007886),099007886,ΒΙΟΠΡΟΜΗΘΕΥΤΙΚΗ ΜΟΝ/ΠΗ ΕΠΕ (099007886),526.38,,
68Χ54690ΒΧ-Χ07,2024-02-19,ΕΝΤΑΛΜΑ ΠΛΗΡΩΜΗΣ ΒΙΟΠΡΟΜΗΘΕΥΤΙΚΗ ΜΟΝ/ΠΗ ΕΠΕ (099007886),099007886,ΒΙΟΠΡΟΜΗΘΕΥΤΙΚΗ ΜΟΝ/ΠΗ ΕΠΕ (099007886),37.29,,
ΨΨ4Ψ4690ΒΧ-ΩΦ1,2024-02-19,ΕΝΤΑΛΜΑ ΠΛΗΡΩΜΗΣ ΑΤΛΑΣ ΜΕΝΤΙΚΑΛ ΕΠΕ (998413964),998413964,ΑΤΛΑΣ ΜΕΝΤΙΚΑΛ ΕΠΕ (998413964),75.94,,
Ρ6ΠΟ4690ΒΧ-ΛΛΓ,2024-02-19,ΕΝΤΑΛΜΑ ΠΛΗΡΩΜΗΣ ΑΡΗΤΗ Α.Ε. (094251753),094251753,ΑΡΗΤΗ Α.Ε. (094251753),7844.42,,
98ΗΗ4690ΒΧ-Ο1Ε,2024-02-19,ΕΝΤΑΛΜΑ ΠΛΗΡΩΜΗΣ ΑΡΗΤΗ Α.Ε. (094251753),094251753,ΑΡΗΤΗ Α.Ε. (094251753),4427.79,,
Ψ5ΜΚ4690ΒΧ-Μ7Ο,2024-02-19,ΕΝΤΑΛΜΑ ΠΛΗΡΩΜΗΣ ΑΡΗΤΗ Α.Ε. (094251753),094251753,ΑΡΗΤΗ Α.Ε. (094251753),434.2,,
9ΧΞ84690ΒΧ-Ξ0Ρ,2024-02-19,ΕΝΤΑΛΜΑ ΠΛΗΡΩΜΗΣ Α.ΤΟΥΜΠΑΣ ΑΒΕΕ-NEODENT (094371474),094371474,Α.ΤΟΥΜΠΑΣ ΑΒΕΕ-NEODENT (094371474),120.46,,
6ΤΤΚ4690ΒΧ-ΤΕΞ,2024-02-19,ΕΝΤΑΛΜΑ ΠΛΗΡΩΜΗΣ Α. ΤΡΙΑΝΤΑΦΥΛΛΟΠΟΥΛΟΣ Ε.Ε (800896490),800896490,Α. ΤΡΙΑΝΤΑΦΥΛΛΟΠΟΥΛΟΣ Ε.Ε (800896490),179.8,,
6Ζ6Θ4690ΒΧ-8Ω0,2024-02-19,ΕΝΤΑΛΜΑ ΠΛΗΡΩΜΗΣ ΄΄ ΝΑΡΘΗΚΑΣ΄΄-ΙΩΑΝΝΟΥ Γ.-ΚΩΣΤΗΣ Γ. Ο.Ε (800415385),800415385,΄΄ ΝΑΡΘΗΚΑΣ΄΄-ΙΩΑΝΝΟΥ Γ.-ΚΩΣΤΗΣ Γ. Ο.Ε (800415385),440.7,,
Ψ3ΩΗ4690ΒΧ-6ΓΩ,2024-02-15,ΕΝΤΑΛΜΑ ΠΛΗΡΩΜΗΣ Drager Hellas S.A. (997799268),997799268,Drager Hellas S.A. (997799268),632.4,,
6ΚΒΛ4690ΒΧ-4Μ8,2024-02-15,ΕΝΤΑΛΜΑ ΠΛΗΡΩΜΗΣ ΤΗΛ.Κ.ΓΙΟΚΑΡΗΣ   ΣΙΑ ΟΕ DOCTOF (081564690),081564690,ΤΗΛ.Κ.ΓΙΟΚΑΡΗΣ   ΣΙΑ ΟΕ DOCTOF (081564690),3433.97,,
ΨΠ3Ν4690ΒΧ-Μ2Ξ,2024-02-15,ΕΝΤΑΛΜΑ ΠΛΗΡΩΜΗΣ ΞΕΝΟΦΩΝ ΓΕΡΜΑΝΟΣ Α.Ε.Ε. (094326835),094326835,ΞΕΝΟΦΩΝ ΓΕΡΜΑΝΟΣ Α.Ε.Ε. (094326835),2659.54,,
Ψ58Λ4690ΒΧ-7ΩΒ,2024-02-15,ΕΝΤΑΛΜΑ ΠΛΗΡΩΜΗΣ ΞΕΝΟΦΩΝ ΓΕΡΜΑΝΟΣ Α.Ε.Ε. (094326835),094326835,ΞΕΝΟΦΩΝ ΓΕΡΜΑΝΟΣ Α.Ε.Ε. (094326835),900.73,,
ΨΜΒΡ4690ΒΧ-ΓΩΤ,2024-02-15,ΕΝΤΑΛΜΑ ΠΛΗΡΩΜΗΣ ΞΕΝΟΦΩΝ ΓΕΡΜΑΝΟΣ Α.Ε.Ε. (094326835),094326835,ΞΕΝΟΦΩΝ ΓΕΡΜΑΝΟΣ Α.Ε.Ε. (094326835),442.06,,
96ΝΑ4690ΒΧ-ΕΑΣ,2024-02-15,ΕΝΤΑΛΜΑ ΠΛΗΡΩΜΗΣ ΞΕΝΟΦΩΝ ΓΕΡΜΑΝΟΣ Α.Ε.Ε. (094326835),094326835,ΞΕΝΟΦΩΝ ΓΕΡΜΑΝΟΣ Α.Ε.Ε. (094326835),2169.48,,
Ψ1ΥΤ4690ΒΧ-Θ3Υ,2024-02-15,ΕΝΤΑΛΜΑ ΠΛΗΡΩΜΗΣ ΝΟΣΟΚΟΜΕΙΑΚΗ ΓΡΑΜΜΗ Α.Ε (094396063),094396063,ΝΟΣΟΚΟΜΕΙΑΚΗ ΓΡΑΜΜΗ Α.Ε (094396063),55.8,,
6ΘΦΑ4690ΒΧ-ΓΝΘ,2024-02-15,ΕΝΤΑΛΜΑ ΠΛΗΡΩΜΗΣ ΝΟΣΟΚΟΜΕΙΑΚΗ ΓΡΑΜΜΗ Α.Ε (094396063),094396063,ΝΟΣΟΚΟΜΕΙΑΚΗ ΓΡΑΜΜΗ Α.Ε (094396063),5678.8,,
65ΧΠ4690ΒΧ-499,2024-02-15,ΕΝΤΑΛΜΑ ΠΛΗΡΩΜΗΣ ΝΟΣΟΚΟΜΕΙΑΚΗ ΓΡΑΜΜΗ Α.Ε (094396063),094396063,ΝΟΣΟΚΟΜΕΙΑΚΗ ΓΡΑΜΜΗ Α.Ε (094396063),1164.4,,
6ΖΞΓ4690ΒΧ-ΜΥΦ,2024-02-15,ΕΝΤΑΛΜΑ ΠΛΗΡΩΜΗΣ ΝΟΣΟΚΟΜΕΙΑΚΗ ΓΡΑΜΜΗ Α.Ε (094396063),094396063,ΝΟΣΟΚΟΜΕΙΑΚΗ ΓΡΑΜΜΗ Α.Ε (094396063),2666.8,,
6ΘΘΖ4690ΒΧ-60Θ,2024-02-14,ΕΝΤΑΛΜΑ ΠΛΗΡΩΜΗΣ ΝΙΚ.Ι.ΛΑΊΝΙΩΤΗΣ Α.Ε.Β.Ε (093628458),093628458,ΝΙΚ.Ι.ΛΑΊΝΙΩΤΗΣ Α.Ε.Β.Ε (093628458),835.07,,
ΨΠ4Ι4690ΒΧ-Ξ9Ν,2024-02-14,ΕΝΤΑΛΜΑ ΠΛΗΡΩΜΗΣ ΝΙΚ.Ι.ΛΑΊΝΙΩΤΗΣ Α.Ε.Β.Ε (093628458),093628458,ΝΙΚ.Ι.ΛΑΊΝΙΩΤΗΣ Α.Ε.Β.Ε (093628458),715.97,,
6Ψ4Ξ4690ΒΧ-3ΟΚ,2024-02-14,ΕΝΤΑΛΜΑ ΠΛΗΡΩΜΗΣ ΝΙΚ.Ι.ΛΑΊΝΙΩΤΗΣ Α.Ε.Β.Ε (093628458),093628458,ΝΙΚ.Ι.ΛΑΊΝΙΩΤΗΣ Α.Ε.Β.Ε (093628458),1572.32,,
6ΡΠΙ4690ΒΧ-633,2024-02-14,ΕΝΤΑΛΜΑ ΠΛΗΡΩΜΗΣ ΝΙΚ.Ι.ΛΑΊΝΙΩΤΗΣ Α.Ε.Β.Ε (093628458),093628458,ΝΙΚ.Ι.ΛΑΊΝΙΩΤΗΣ Α.Ε.Β.Ε (093628458),3414.32,,
Ψ2ΡΡ4690ΒΧ-ΝΒΔ,2024-02-14,ΕΝΤΑΛΜΑ ΠΛΗΡΩΜΗΣ ΝΙΚ.Ι.ΛΑΊΝΙΩΤΗΣ Α.Ε.Β.Ε (093628458),093628458,ΝΙΚ.Ι.ΛΑΊΝΙΩΤΗΣ Α.Ε.Β.Ε (093628458),3491.33,,
6ΣΤΡ4690ΒΧ-ΖΕΔ,2024-02-14,ΕΝΤΑΛΜΑ ΠΛΗΡΩΜΗΣ ΝΙΚ.Ι.ΛΑΊΝΙΩΤΗΣ Α.Ε.Β.Ε (093628458),093628458,ΝΙΚ.Ι.ΛΑΊΝΙΩΤΗΣ Α.Ε.Β.Ε (093628458),4138.76,,
62ΥΧ4690ΒΧ-0ΨΖ,2024-02-14,ΕΝΤΑΛΜΑ ΠΛΗΡΩΜΗΣ ΝΙΚ.Ι.ΛΑΊΝΙΩΤΗΣ Α.Ε.Β.Ε (093628458),093628458,ΝΙΚ.Ι.ΛΑΊΝΙΩΤΗΣ Α.Ε.Β.Ε (093628458),281.52,,
6ΙΧΔ4690ΒΧ-Ψ14,2024-02-15,ΕΝΤΑΛΜΑ ΠΛΗΡΩΜΗΣ ΜΙΧΑΗΛ ΣΚΑΜΑΓΚΑΣ ΑΒΕΕ (999717761),999717761,ΜΙΧΑΗΛ ΣΚΑΜΑΓΚΑΣ ΑΒΕΕ (999717761),130.18,,
ΨΨΦΠ4690ΒΧ-Ι8Ο,2024-02-15,ΕΝΤΑΛΜΑ ΠΛΗΡΩΜΗΣ ΜΙΧΑΗΛ ΣΚΑΜΑΓΚΑΣ ΑΒΕΕ (999717761),999717761,ΜΙΧΑΗΛ ΣΚΑΜΑΓΚΑΣ ΑΒΕΕ (999717761),430.9,,
Ψ3ΛΜ4690ΒΧ-5ΙΩ,2024-02-14,ΕΝΤΑΛΜΑ ΠΛΗΡΩΜΗΣ ΜΑΓΕΙΡΑΣ ΔΙΑΓΝ.ΜΗΧΑΝΗΜΑΤΑ Α.Ε. (095444407),095444407,ΜΑΓΕΙΡΑΣ ΔΙΑΓΝ.ΜΗΧΑΝΗΜΑΤΑ Α.Ε. (095444407),124.0,,
ΨΛΒ64690ΒΧ-078,2024-02-13,ΕΝΤΑΛΜΑ ΠΛΗΡΩΜΗΣ Κωστας Α.Παπαέλληνας(ΕλλάςΑΕΒΕ) (094075360),094075360,Κωστας Α.Παπαέλληνας(ΕλλάςΑΕΒΕ) (094075360),1590.55,,
ΨΩΙ84690ΒΧ-Ω7Σ,2024-02-13,ΕΝΤΑΛΜΑ ΠΛΗΡΩΜΗΣ Κωστας Α.Παπαέλληνας(ΕλλάςΑΕΒΕ) (094075360),094075360,Κωστας Α.Παπαέλληνας(ΕλλάςΑΕΒΕ) (094075360),120.4,,
9ΒΞΩ4690ΒΧ-ΗΟΥ,2024-02-15,ΕΝΤΑΛΜΑ ΠΛΗΡΩΜΗΣ Ι.Φ.Ε.Τ. Α.Ε. (090064864),090064864,Ι.Φ.Ε.Τ. Α.Ε. (090064864),30.91,,
ΨΞ334690ΒΧ-ΛΜΓ,2024-02-15,ΕΝΤΑΛΜΑ ΠΛΗΡΩΜΗΣ Ι.Φ.Ε.Τ. Α.Ε. (090064864),090064864,Ι.Φ.Ε.Τ. Α.Ε. (090064864),2724.81,,
6ΗΥΧ4690ΒΧ-ΦΒΝ,2024-02-15,ΕΝΤΑΛΜΑ ΠΛΗΡΩΜΗΣ Ι.Φ.Ε.Τ. Α.Ε. (090064864),090064864,Ι.Φ.Ε.Τ. Α.Ε. (090064864),2326.88,,
6Τ3Ο4690ΒΧ-24Ξ,2024-02-15,ΕΝΤΑΛΜΑ ΠΛΗΡΩΜΗΣ Ι.Φ.Ε.Τ. Α.Ε. (090064864),090064864,Ι.Φ.Ε.Τ. Α.Ε. (090064864),3090.69,,
Ψ3ΙΞ4690ΒΧ-ΥΨ4,2024-02-13,ΕΝΤΑΛΜΑ ΠΛΗΡΩΜΗΣ ΕΥΡΟΜΑΡΤ Α.Ε. (094284004),094284004,ΕΥΡΟΜΑΡΤ Α.Ε. (094284004),1219.99,,
96294690ΒΧ-ΚΛΓ,2024-02-13,ΕΝΤΑΛΜΑ ΠΛΗΡΩΜΗΣ ΕΥΡΟΜΑΡΤ Α.Ε. (094284004),094284004,ΕΥΡΟΜΑΡΤ Α.Ε. (094284004),1435.17,,
Ψ6ΧΕ4690ΒΧ-Λ62,2024-02-14,ΕΝΤΑΛΜΑ ΠΛΗΡΩΜΗΣ ΑΝΑΛΥΤΙΚΕΣ ΣΥΣΚΕΥΕΣ Α.Ε. (094143441),094143441,ΑΝΑΛΥΤΙΚΕΣ ΣΥΣΚΕΥΕΣ Α.Ε. (094143441),855.6,,
Ψ7Λ84690ΒΧ-ΠΡΖ,2024-02-13,ΕΝΤΑΛΜΑ ΠΛΗΡΩΜΗΣ DUCASCO-ΔΟΥΡΜΟΥΣΟΓΛΟΥ ΑΕΒΕ (999640490),999640490,DUCASCO-ΔΟΥΡΜΟΥΣΟΓΛΟΥ ΑΕΒΕ (999640490),599.07,,
Ψ3474690ΒΧ-2ΩΗ,2024-02-13,ΕΝΤΑΛΜΑ ΠΛΗΡΩΜΗΣ DUCASCO-ΔΟΥΡΜΟΥΣΟΓΛΟΥ ΑΕΒΕ (999640490),999640490,DUCASCO-ΔΟΥΡΜΟΥΣΟΓΛΟΥ ΑΕΒΕ (999640490),124.3,,
6ΦΑΞ4690ΒΧ-94Ε,2024-02-15,ΕΝΤΑΛΜΑ ΠΛΗΡΩΜΗΣ DOCTUM ΦΑΡΜΑΚΕΥΤΙΚΗ ΑΕ (094070315),094070315,DOCTUM ΦΑΡΜΑΚΕΥΤΙΚΗ ΑΕ (094070315),1624.99,,
9Β834690ΒΧ-ΟΕ7,2024-02-15,ΕΝΤΑΛΜΑ ΠΛΗΡΩΜΗΣ DOCTUM ΦΑΡΜΑΚΕΥΤΙΚΗ ΑΕ (094070315),094070315,DOCTUM ΦΑΡΜΑΚΕΥΤΙΚΗ ΑΕ (094070315),3387.51,,
9ΠΠ64690ΒΧ-ΘΗΟ,2024-02-13,ΕΝΤΑΛΜΑ ΠΛΗΡΩΜΗΣ DEMO A.Β.Ε.E. (094041553),094041553,DEMO A.Β.Ε.E. (094041553),3971.18,,
9ΒΖΟ4690ΒΧ-Ι4Ο,2024-02-13,ΕΝΤΑΛΜΑ ΠΛΗΡΩΜΗΣ BAYER ΕΛΛΑΣ ΑΒΕΕ (094056437),094056437,BAYER ΕΛΛΑΣ ΑΒΕΕ (094056437),8556.0,,
ΨΨΔ64690ΒΧ-Α2Β,2024-02-13,ΕΝΤΑΛΜΑ ΠΛΗΡΩΜΗΣ  EPIRUS GAS ΓΕΩΡΓΙΟΣ ΨΟΧΙΟΣ   ΥΙΟΣ Ο.Ε (997861308),997861308,EPIRUS GAS ΓΕΩΡΓΙΟΣ ΨΟΧΙΟΣ   ΥΙΟΣ Ο.Ε (997861308),154.97,,
6Χ474690ΒΧ-ΥΟΚ,2024-02-13,ΕΝΤΑΛΜΑ ΠΛΗΡΩΜΗΣ  EPIRUS GAS ΓΕΩΡΓΙΟΣ ΨΟΧΙΟΣ   ΥΙΟΣ Ο.Ε (997861308),997861308,EPIRUS GAS ΓΕΩΡΓΙΟΣ ΨΟΧΙΟΣ   ΥΙΟΣ Ο.Ε (997861308),3285.76,,
Ψ7ΥΩ4690ΒΧ-ΙΧΩ,2024-02-13,ΕΝΤΑΛΜΑ ΠΛΗΡΩΜΗΣ ΣΚΟΥΡΤΗΣ Αγγ.ΧΑΡΑΛΑΜΠΟΣ (046496934),046496934,ΣΚΟΥΡΤΗΣ Αγγ.ΧΑΡΑΛΑΜΠΟΣ (046496934),3100.0,,
ΨΞΧΕ4690ΒΧ-8ΤΙ,2024-02-13,ΕΝΤΑΛΜΑ ΠΛΗΡΩΜΗΣ ΚΑΤΩΧΙΑΝΟΣ ΔΗΜΗΤΡΙΟΣ (052925669),052925669,ΚΑΤΩΧΙΑΝΟΣ ΔΗΜΗΤΡΙΟΣ (052925669),526.85,,
6ΧΙ74690ΒΧ-8ΘΚ,2024-02-13,ΕΝΤΑΛΜΑ ΠΛΗΡΩΜΗΣ ΒΕΡΟΝΙΚΑ ΜΟΥΚΑ τ. ΚΩΝ/ΝΟΥ (136677323),136677323,ΒΕΡΟΝΙΚΑ ΜΟΥΚΑ τ. ΚΩΝ/ΝΟΥ (136677323),1343.85,,
ΨΒ6Ο4690ΒΧ-Ι30,2024-02-13,ΕΝΤΑΛΜΑ ΠΛΗΡΩΜΗΣ ΒΕΡΟΝΙΚΑ ΜΟΥΚΑ τ. ΚΩΝ/ΝΟΥ (136677323),136677323,ΒΕΡΟΝΙΚΑ ΜΟΥΚΑ τ. ΚΩΝ/ΝΟΥ (136677323),1227.83,,
ΨΧΡΝ4690ΒΧ-ΛΙΩ,2024-02-13,ΕΝΤΑΛΜΑ ΠΛΗΡΩΜΗΣ ΒΕΡΟΝΙΚΑ ΜΟΥΚΑ τ. ΚΩΝ/ΝΟΥ (136677323),136677323,ΒΕΡΟΝΙΚΑ ΜΟΥΚΑ τ. ΚΩΝ/ΝΟΥ (136677323),1422.8,,
6ΘΔ74690ΒΧ-74Π,2024-02-13,ΕΝΤΑΛΜΑ ΠΛΗΡΩΜΗΣ ΑΤΟΜΙΚΗ ΦΡΟΝΤΙΔΑ ΑΒΕΕ (998476060),998476060,ΑΤΟΜΙΚΗ ΦΡΟΝΤΙΔΑ ΑΒΕΕ (998476060),770.79,,
62Σ04690ΒΧ-Χ97,2024-02-13,ΕΝΤΑΛΜΑ ΠΛΗΡΩΜΗΣ iDX P.C (800725375),800725375,iDX P.C (800725375),2604.0,,
Ψ6Η54690ΒΧ-9ΘΧ,2024-02-13,ΕΝΤΑΛΜΑ ΠΛΗΡΩΜΗΣ iDX P.C (800725375),800725375,iDX P.C (800725375),3052.8,,
9Ψ5Σ4690ΒΧ-ΩΓΧ,2024-02-13,ΕΝΤΑΛΜΑ ΠΛΗΡΩΜΗΣ VETERY SERVICE HELLAS ΝΑΚΑΣ ΣΠΥΡΙΔΩΝ (061755570),061755570,VETERY SERVICE HELLAS ΝΑΚΑΣ ΣΠΥΡΙΔΩΝ (061755570),1625.0,,
65ΝΘ4690ΒΧ-99Φ,2024-02-13,ΕΝΤΑΛΜΑ ΠΛΗΡΩΜΗΣ VETERY SERVICE HELLAS ΝΑΚΑΣ ΣΠΥΡΙΔΩΝ (061755570),061755570,VETERY SERVICE HELLAS ΝΑΚΑΣ ΣΠΥΡΙΔΩΝ (061755570),1625.0,,
Ψ2ΥΛ4690ΒΧ-68Ω,2024-02-13,ΕΝΤΑΛΜΑ ΠΛΗΡΩΜΗΣ VETERY SERVICE HELLAS ΝΑΚΑΣ ΣΠΥΡΙΔΩΝ (061755570),061755570,VETERY SERVICE HELLAS ΝΑΚΑΣ ΣΠΥΡΙΔΩΝ (061755570),124.0,,
9ΡΕΚ4690ΒΧ-ΜΞΛ,2024-02-13,ΕΝΤΑΛΜΑ ΠΛΗΡΩΜΗΣ HOSPITECNICA ΕΠΕ (095526068),095526068,HOSPITECNICA ΕΠΕ (095526068),5532.88,,
ΨΖ1Ε4690ΒΧ-Δ1Θ,2024-02-13,ΕΝΤΑΛΜΑ ΠΛΗΡΩΜΗΣ HOSPITECNICA ΕΠΕ (095526068),095526068,HOSPITECNICA ΕΠΕ (095526068),6385.77,,
Ψ3ΔΤ4690ΒΧ-ΜΚΛ,2024-02-13,ΕΝΤΑΛΜΑ ΠΛΗΡΩΜΗΣ HOSPITECNICA ΕΠΕ (095526068),095526068,HOSPITECNICA ΕΠΕ (095526068),5319.6,,
ΨΜ424690ΒΧ-Η7Μ,2024-02-13,ΕΝΤΑΛΜΑ ΠΛΗΡΩΜΗΣ ELINCO A.E.ΣΥΣΤΗΜΑΤΑ ΕΛΕΓΧΟΥ ΠΥΡΟΠΡΟΣΤΑΣΙΑΣ-ΑΣΦΑΛΕΙΑΣ (094475496),094475496,ELINCO A.E.ΣΥΣΤΗΜΑΤΑ ΕΛΕΓΧΟΥ ΠΥΡΟΠΡΟΣΤΑΣΙΑΣ-ΑΣΦΑΛΕΙΑΣ (094475496),2058.4,,
Ψ2ΝΡ4690ΒΧ-0ΒΣ,2024-02-13,ΕΝΤΑΛΜΑ ΠΛΗΡΩΜΗΣ ELINCO A.E.ΣΥΣΤΗΜΑΤΑ ΕΛΕΓΧΟΥ ΠΥΡΟΠΡΟΣΤΑΣΙΑΣ-ΑΣΦΑΛΕΙΑΣ (094475496),094475496,ELINCO A.E.ΣΥΣΤΗΜΑΤΑ ΕΛΕΓΧΟΥ ΠΥΡΟΠΡΟΣΤΑΣΙΑΣ-ΑΣΦΑΛΕΙΑΣ (094475496),62.0,,
6ΖΘΕ4690ΒΧ-Ξ72,2024-02-13,ΕΝΤΑΛΜΑ ΠΛΗΡΩΜΗΣ BUSE GAS A.E (997598041),997598041,BUSE GAS A.E (997598041),2839.6,,
Ψ3ΘΠ4690ΒΧ-9ΜΖ,2024-02-13,ΕΝΤΑΛΜΑ ΠΛΗΡΩΜΗΣ BUSE GAS A.E (997598041),997598041,BUSE GAS A.E (997598041),2839.6,,
Ψ9Η84690ΒΧ-ΩΛΓ,2024-02-13,ΕΝΤΑΛΜΑ ΠΛΗΡΩΜΗΣ BUSE GAS A.E (997598041),997598041,BUSE GAS A.E (997598041),2911.27,,
Ψ34Ρ4690ΒΧ-ΥΟ5,2024-10-16,ΕΝΤΑΛΜΑ ΠΛΗΡΩΜΗΣ ΛΟΥΛΟΥΔΗΣ ΛΕΩΝΙΔΑΣ ΜΟΝ. ΙΚΕ (801458499),801458499,ΛΟΥΛΟΥΔΗΣ ΛΕΩΝΙΔΑΣ ΜΟΝ. ΙΚΕ (801458499),6696.0,,
ΨΘΧΙ4690ΒΧ-3ΦΟ,2024-10-16,ΕΝΤΑΛΜΑ ΠΛΗΡΩΜΗΣ ΛΟΥΛΟΥΔΗΣ ΛΕΩΝΙΔΑΣ ΜΟΝ. ΙΚΕ (801458499),801458499,ΛΟΥΛΟΥΔΗΣ ΛΕΩΝΙΔΑΣ ΜΟΝ. ΙΚΕ (801458499),1012.66,,
9ΝΕΥ4690ΒΧ-ΧΓΙ,2024-11-11,ΕΝΤΑΛΜΑ ΠΛΗΡΩΜΗΣ ΣΚΟΥΡΤΗΣ Αγγ.ΧΑΡΑΛΑΜΠΟΣ (046496934),046496934,ΣΚΟΥΡΤΗΣ Αγγ.ΧΑΡΑΛΑΜΠΟΣ (046496934),3596.0,,
6ΕΨΠ4690ΒΧ-8Ν5,2024-11-11,ΕΝΤΑΛΜΑ ΠΛΗΡΩΜΗΣ ΣΚΟΥΡΤΗΣ Αγγ.ΧΑΡΑΛΑΜΠΟΣ (046496934),046496934,ΣΚΟΥΡΤΗΣ Αγγ.ΧΑΡΑΛΑΜΠΟΣ (046496934),16120.0,,
9ΩΞ04690ΒΧ-4ΞΩ,2024-11-11,ΕΝΤΑΛΜΑ ΠΛΗΡΩΜΗΣ ΄΄ΦΑΡΜΑ ΚΙΡΚΗ΄΄ ΕΙΡΗΝΗ ΦΕΡΕΝΤΙΝΟΥ ΜΟΝ/ΠΗ ΙΚΕ (800908604),800908604,΄΄ΦΑΡΜΑ ΚΙΡΚΗ΄΄ ΕΙΡΗΝΗ ΦΕΡΕΝΤΙΝΟΥ ΜΟΝ/ΠΗ ΙΚΕ (800908604),10230.04,,
9ΘΩΑ4690ΒΧ-63Ρ,2024-11-11,ΕΝΤΑΛΜΑ ΠΛΗΡΩΜΗΣ ΕΥΣΤΑΘΙΟΣ Γ.ΤΣΙΓΚΡΗΣ Ε.Π.Ε. (999893375),999893375,ΕΥΣΤΑΘΙΟΣ Γ.ΤΣΙΓΚΡΗΣ Ε.Π.Ε. (999893375),3182.27,,
ΨΡ3Χ4690ΒΧ-ΗΞΒ,2024-11-05,ΕΝΤΑΛΜΑ ΠΛΗΡΩΜΗΣ ΕΥΣΤΑΘΙΟΣ Γ.ΤΣΙΓΚΡΗΣ Ε.Π.Ε. (999893375),999893375,ΕΥΣΤΑΘΙΟΣ Γ.ΤΣΙΓΚΡΗΣ Ε.Π.Ε. (999893375),6038.04,,
6Φ4Κ4690ΒΧ-5Φ5,2024-11-11,ΕΝΤΑΛΜΑ ΠΛΗΡΩΜΗΣ ΑΓΚΦΑ - ΓΚΕΒΕΡΤ ΑΕΒΕ (094025805),094025805,ΑΓΚΦΑ - ΓΚΕΒΕΡΤ ΑΕΒΕ (094025805),10512.72,,
6ΩΘΔ4690ΒΧ-ΜΝΙ,2024-11-11,ΕΝΤΑΛΜΑ ΠΛΗΡΩΜΗΣ SIEMENS HEALTHINEERS A.E. (094456875),094456875,SIEMENS HEALTHINEERS A.E. (094456875),3824.62,,
ΨΒ8Γ4690ΒΧ-Δ6Χ,2024-11-05,ΕΝΤΑΛΜΑ ΠΛΗΡΩΜΗΣ GE HEALTHCARE (094472918),094472918,GE HEALTHCARE (094472918),10540.0,,
9ΕΘΧ4690ΒΧ-Β7Χ,2024-11-11,ΕΝΤΑΛΜΑ ΠΛΗΡΩΜΗΣ COMPUTER SOLUTIONS ΑΝΩΝΥΜΗ (095403136),095403136,COMPUTER SOLUTIONS ΑΝΩΝΥΜΗ (095403136),11160.0,,
6ΞΜΡ4690ΒΧ-ΦΒΤ,2024-11-11,ΕΝΤΑΛΜΑ ΠΛΗΡΩΜΗΣ COMPUTER SOLUTIONS ΑΝΩΝΥΜΗ (095403136),095403136,COMPUTER SOLUTIONS ΑΝΩΝΥΜΗ (095403136),3100.0,,
ΨΑΖ04690ΒΧ-ΚΘΙ,2024-11-11,ΕΝΤΑΛΜΑ ΠΛΗΡΩΜΗΣ COMPUTER SOLUTIONS ΑΝΩΝΥΜΗ (095403136),095403136,COMPUTER SOLUTIONS ΑΝΩΝΥΜΗ (095403136),4753.33,,
6Ρ4Μ4690ΒΧ-ΞΡΥ,2024-11-05,ΕΝΤΑΛΜΑ ΠΛΗΡΩΜΗΣ Rain bow waters (099328240),099328240,Rain bow waters (099328240),48.01,,
Ψ45Ε4690ΒΧ-5ΗΧ,2024-11-05,ΕΝΤΑΛΜΑ ΠΛΗΡΩΜΗΣ ΠΗΝΕΛΟΠΗ Δ.ΚΥΡΚΟΥ (066483339),066483339,ΠΗΝΕΛΟΠΗ Δ.ΚΥΡΚΟΥ (066483339),434.0,,
ΨΒΜΝ4690ΒΧ-ΗΒΚ,2024-11-05,ΕΝΤΑΛΜΑ ΠΛΗΡΩΜΗΣ ΠΗΝΕΛΟΠΗ Δ.ΚΥΡΚΟΥ (066483339),066483339,ΠΗΝΕΛΟΠΗ Δ.ΚΥΡΚΟΥ (066483339),1426.0,,
6Ζ2Ψ4690ΒΧ-ΣΔ8,2024-11-05,ΕΝΤΑΛΜΑ ΠΛΗΡΩΜΗΣ ΝΙΚΟΛΑΟΣ ΚΟΥΡΤΗΣ   ΣΙΑ Ε.Ε (997915143),997915143,ΝΙΚΟΛΑΟΣ ΚΟΥΡΤΗΣ   ΣΙΑ Ε.Ε (997915143),969.7,,
9ΙΕ64690ΒΧ-61Μ,2024-11-05,ΕΝΤΑΛΜΑ ΠΛΗΡΩΜΗΣ ΕΛΛΗΝ.ΕΠΙΤΡ.ΑΤΟΜΙΚΗΣ ΕΝΕΡΓΕΙΑΣ (090085792),090085792,ΕΛΛΗΝ.ΕΠΙΤΡ.ΑΤΟΜΙΚΗΣ ΕΝΕΡΓΕΙΑΣ (090085792),280.24,,
9ΓΜΣ4690ΒΧ-ΚΡΒ,2024-11-05,ΕΝΤΑΛΜΑ ΠΛΗΡΩΜΗΣ ΔΙΣΝΙΤΣΑΣ ΛΕΩΝΙΔΑΣ (029818051),029818051,ΔΙΣΝΙΤΣΑΣ ΛΕΩΝΙΔΑΣ (029818051),3826.64,,
ΨΠΝΨ4690ΒΧ-ΠΥΒ,2024-11-05,ΕΝΤΑΛΜΑ ΠΛΗΡΩΜΗΣ CHEVAL HELLAS O.E (801383798),801383798,CHEVAL HELLAS O.E (801383798),1743.56,,
ΨΟ9Τ4690ΒΧ-0Δ6,2024-11-05,ΕΝΤΑΛΜΑ ΠΛΗΡΩΜΗΣ AIMED ΙΑΤΡΙΚΟΣ ΕΞΟΠΛΙΣΜΟΣ (801420577),801420577,AIMED ΙΑΤΡΙΚΟΣ ΕΞΟΠΛΙΣΜΟΣ (801420577),235.6,,
6ΗΡΟ4690ΒΧ-ΨΨΒ,2024-11-05,ΕΝΤΑΛΜΑ ΠΛΗΡΩΜΗΣ AIMED ΙΑΤΡΙΚΟΣ ΕΞΟΠΛΙΣΜΟΣ (801420577),801420577,AIMED ΙΑΤΡΙΚΟΣ ΕΞΟΠΛΙΣΜΟΣ (801420577),99.2,,
6Ι8Β4690ΒΧ-Ο7Ι,2024-10-24,ΕΝΤΑΛΜΑ ΠΛΗΡΩΜΗΣ SMART TECHNICAL SOLUTIONS M.IKE (800743866),800743866,SMART TECHNICAL SOLUTIONS M.IKE (800743866),2232.0,,
9Ζ0Τ4690ΒΧ-Ζ1Υ,2024-10-24,ΕΝΤΑΛΜΑ ΠΛΗΡΩΜΗΣ ΟΡΘΟΠΕΔΙΚΟΣ ΚΟΣΜΟΣ ΚΥΦΙΔΗΣ (999986592),999986592,ΟΡΘΟΠΕΔΙΚΟΣ ΚΟΣΜΟΣ ΚΥΦΙΔΗΣ (999986592),35.26,,
6ΨΝ34690ΒΧ-Π58,2024-10-24,ΕΝΤΑΛΜΑ ΠΛΗΡΩΜΗΣ ΜΑΓΕΙΡΑΣ ΔΙΑΓΝ.ΜΗΧΑΝΗΜΑΤΑ Α.Ε. (095444407),095444407,ΜΑΓΕΙΡΑΣ ΔΙΑΓΝ.ΜΗΧΑΝΗΜΑΤΑ Α.Ε. (095444407),559.35,,
9Α154690ΒΧ-ΔΥΨ,2024-10-22,ΕΝΤΑΛΜΑ ΠΛΗΡΩΜΗΣ ΚΑΡΥΔΗΣ Γ   ΤΤΑΑΠΠΟΥΣ Α ΙΚΕ-MEDBOX CORP (801244424),801244424,ΚΑΡΥΔΗΣ Γ   ΤΤΑΑΠΠΟΥΣ Α ΙΚΕ-MEDBOX CORP (801244424),945.38,,
Ψ03Μ4690ΒΧ-ΨΥ4,2024-10-24,ΕΝΤΑΛΜΑ ΠΛΗΡΩΜΗΣ ΑΝΑΣΤΑΣΙΟΣ ΜΑΥΡΟΓΕΝΗΣ Α.Ε. (082525697),082525697,ΑΝΑΣΤΑΣΙΟΣ ΜΑΥΡΟΓΕΝΗΣ Α.Ε. (082525697),1243.0,,
92Φ54690ΒΧ-ΖΚ5,2024-10-24,ΕΝΤΑΛΜΑ ΠΛΗΡΩΜΗΣ ΑΝΑΣΤΑΣΙΟΣ ΜΑΥΡΟΓΕΝΗΣ Α.Ε. (082525697),082525697,ΑΝΑΣΤΑΣΙΟΣ ΜΑΥΡΟΓΕΝΗΣ Α.Ε. (082525697),362.46,,
6ΝΡΤ4690ΒΧ-ΑΧΠ,2024-10-24,ΕΝΤΑΛΜΑ ΠΛΗΡΩΜΗΣ ΑΡΘΡΩΣΙΣ ΙΑΤΡΙΚΑ ΕΙΔΗ Α.Ε. (082899566),082899566,ΑΡΘΡΩΣΙΣ ΙΑΤΡΙΚΑ ΕΙΔΗ Α.Ε. (082899566),3390.0,,
Ψ0ΣΓ4690ΒΧ-Κ9Τ,2024-10-24,ΕΝΤΑΛΜΑ ΠΛΗΡΩΜΗΣ ΑΡΘΡΩΣΙΣ ΙΑΤΡΙΚΑ ΕΙΔΗ Α.Ε. (082899566),082899566,ΑΡΘΡΩΣΙΣ ΙΑΤΡΙΚΑ ΕΙΔΗ Α.Ε. (082899566),701.73,,
ΨΚ6Γ4690ΒΧ-Κ01,2024-10-24,ΕΝΤΑΛΜΑ ΠΛΗΡΩΜΗΣ ΑΕΤΟΣ SERVICE- ΓΕΩΡΓΑΚΟΠΟΥΛΟΣ ΣΠΥΡΙΔΩΝ (029032400),029032400,ΑΕΤΟΣ SERVICE- ΓΕΩΡΓΑΚΟΠΟΥΛΟΣ ΣΠΥΡΙΔΩΝ (029032400),3968.0,,
6ΧΒΠ4690ΒΧ-ΨΙΚ,2024-10-24,ΕΝΤΑΛΜΑ ΠΛΗΡΩΜΗΣ mediVa (054410866),054410866,mediVa (054410866),1306.96,,
950Ξ4690ΒΧ-ΩΜ8,2024-10-24,ΕΝΤΑΛΜΑ ΠΛΗΡΩΜΗΣ TRANE HELLAS A.E (098032885),098032885,TRANE HELLAS A.E (098032885),2790.0,,
ΡΚ934690ΒΧ-Φ98,2024-10-22,ΕΝΤΑΛΜΑ ΠΛΗΡΩΜΗΣ DMPS LTD (998333221),998333221,DMPS LTD (998333221),535.62,,
95ΑΒ4690ΒΧ-ΒΔ0,2024-10-22,ΕΝΤΑΛΜΑ ΠΛΗΡΩΜΗΣ DMPS LTD (998333221),998333221,DMPS LTD (998333221),5409.88,,
9ΜΕΚ4690ΒΧ-5ΘΙ,2024-10-24,ΕΝΤΑΛΜΑ ΠΛΗΡΩΜΗΣ Σ.ΜΠΟΝΑΝΟΣ Ε.Ε (999333279),999333279,Σ.ΜΠΟΝΑΝΟΣ Ε.Ε (999333279),1401.2,,
99Χ94690ΒΧ-ΗΔ6,2024-10-24,ΕΝΤΑΛΜΑ ΠΛΗΡΩΜΗΣ ΙΑΤΡΙΚΑ ΒΟΗΘΗΜΑΤΑ Ι.Κ.Ε (999815729),999815729,ΙΑΤΡΙΚΑ ΒΟΗΘΗΜΑΤΑ Ι.Κ.Ε (999815729),1442.0,,
ΨΞ7Ζ4690ΒΧ-Π2Α,2024-10-24,ΕΝΤΑΛΜΑ ΠΛΗΡΩΜΗΣ Trauma Care Μονοπρόσωπη ΕΠΕ (800811818),800811818,Trauma Care Μονοπρόσωπη ΕΠΕ (800811818),823.96,,
9ΟΙ24690ΒΧ-ΙΝ9,2024-10-24,ΕΝΤΑΛΜΑ ΠΛΗΡΩΜΗΣ Trauma Care Μονοπρόσωπη ΕΠΕ (800811818),800811818,Trauma Care Μονοπρόσωπη ΕΠΕ (800811818),1167.7,,
9ΙΓΖ4690ΒΧ-ΙΘΞ,2024-10-24,ΕΝΤΑΛΜΑ ΠΛΗΡΩΜΗΣ ΓΕΝΙΚΗ ΧΗΜΙΚΩΝ ΠΡΟΙΟΝΤΩΝ Α.Ε (094133588),094133588,ΓΕΝΙΚΗ ΧΗΜΙΚΩΝ ΠΡΟΙΟΝΤΩΝ Α.Ε (094133588),3547.55,,
69ΧΛ4690ΒΧ-ΠΣΚ,2024-10-24,ΕΝΤΑΛΜΑ ΠΛΗΡΩΜΗΣ Α.Μ.ΒΙΔΑΛΗΣ INTERNATIONAL ΙΚΕ (095185177),095185177,Α.Μ.ΒΙΔΑΛΗΣ INTERNATIONAL ΙΚΕ (095185177),2529.6,,
9Χ1Φ4690ΒΧ-Ζ11,2024-10-24,ΕΝΤΑΛΜΑ ΠΛΗΡΩΜΗΣ iDX P.C (800725375),800725375,iDX P.C (800725375),7791.0,,
91Σ04690ΒΧ-ΕΕΥ,2024-10-22,ΕΝΤΑΛΜΑ ΠΛΗΡΩΜΗΣ SANImed (999324154),999324154,SANImed (999324154),316.51,,
9ΝΑ64690ΒΧ-ΓΡ0,2024-10-24,ΕΝΤΑΛΜΑ ΠΛΗΡΩΜΗΣ MILONAS HEALTH A.E. (998179225),998179225,MILONAS HEALTH A.E. (998179225),269.22,,
6Δ9Δ4690ΒΧ-693,2024-10-22,ΕΝΤΑΛΜΑ ΠΛΗΡΩΜΗΣ JTI DYNAMIC E.E (801354822),801354822,JTI DYNAMIC E.E (801354822),1980.53,,
6Μ6Κ4690ΒΧ-Ψ3Π,2024-10-22,ΕΝΤΑΛΜΑ ΠΛΗΡΩΜΗΣ DMPS LTD (998333221),998333221,DMPS LTD (998333221),4446.78,,
66ΑΜ4690ΒΧ-7ΓΝ,2024-10-24,ΕΝΤΑΛΜΑ ΠΛΗΡΩΜΗΣ DAMPLAID (999397435),999397435,DAMPLAID (999397435),694.4,,
ΡΨΡΦ4690ΒΧ-ΗΞΛ,2024-10-24,ΕΝΤΑΛΜΑ ΠΛΗΡΩΜΗΣ BUSE GAS A.E (997598041),997598041,BUSE GAS A.E (997598041),1343.97,,
9ΤΔ44690ΒΧ-3ΞΦ,2024-10-24,ΕΝΤΑΛΜΑ ΠΛΗΡΩΜΗΣ BUSE GAS A.E (997598041),997598041,BUSE GAS A.E (997598041),2839.6,,
9ΑΚΡ4690ΒΧ-1Ο2,2024-10-24,ΕΝΤΑΛΜΑ ΠΛΗΡΩΜΗΣ BUSE GAS A.E (997598041),997598041,BUSE GAS A.E (997598041),1087.98,,
ΨΨΛΗ4690ΒΧ-Ε8Ρ,2024-10-22,ΕΝΤΑΛΜΑ ΠΛΗΡΩΜΗΣ '' C   P MEDICALS O.E'' (800392564),800392564,'' C   P MEDICALS O.E'' (800392564),1808.0,,
6ΕΩΟ4690ΒΧ-5Χ5,2024-10-22,ΕΝΤΑΛΜΑ ΠΛΗΡΩΜΗΣ '' C   P MEDICALS O.E'' (800392564),800392564,'' C   P MEDICALS O.E'' (800392564),621.5,,
ΨΒΩΠ4690ΒΧ-ΚΣ0,2024-10-22,ΕΝΤΑΛΜΑ ΠΛΗΡΩΜΗΣ ΣΚΟΥΡΤΗΣ Αγγ.ΧΑΡΑΛΑΜΠΟΣ (046496934),046496934,ΣΚΟΥΡΤΗΣ Αγγ.ΧΑΡΑΛΑΜΠΟΣ (046496934),1884.8,,
6ΛΙ64690ΒΧ-ΙΜ8,2024-10-14,ΕΝΤΑΛΜΑ ΠΛΗΡΩΜΗΣ ΡΟΝΤΟΓΙΑΝΝΗΣ ΝΙΚΟΛΑΟΣ (301370400),301370400,ΡΟΝΤΟΓΙΑΝΝΗΣ ΝΙΚΟΛΑΟΣ (301370400),2945.0,,
ΨΛ6Η4690ΒΧ-ΠΤΚ,2024-10-22,ΕΝΤΑΛΜΑ ΠΛΗΡΩΜΗΣ ΜΠΑΞΤΕΡ ΕΛΛΑΣ ΕΠΕ (095530045),095530045,ΜΠΑΞΤΕΡ ΕΛΛΑΣ ΕΠΕ (095530045),203.4,,
9ΦΧ34690ΒΧ-ΚΟΝ,2024-10-24,ΕΝΤΑΛΜΑ ΠΛΗΡΩΜΗΣ ΛΟΥΛΟΥΔΗΣ ΛΕΩΝΙΔΑΣ ΜΟΝ. ΙΚΕ (801458499),801458499,ΛΟΥΛΟΥΔΗΣ ΛΕΩΝΙΔΑΣ ΜΟΝ. ΙΚΕ (801458499),1012.66,,
ΨΝΜΙ4690ΒΧ-ΝΕΓ,2024-10-22,ΕΝΤΑΛΜΑ ΠΛΗΡΩΜΗΣ ΛΕΩΝΙΔΑΣ ΚΑΝΕΛΛΟΣ   ΣΙΑ Ε.Ε (093401589),093401589,ΛΕΩΝΙΔΑΣ ΚΑΝΕΛΛΟΣ   ΣΙΑ Ε.Ε (093401589),445.41,,
9ΛΚ44690ΒΧ-Ε7Λ,2024-10-24,ΕΝΤΑΛΜΑ ΠΛΗΡΩΜΗΣ ΕΡΓΟΣΥΣΤΕΜΣ ΕΠΕ (095457728),095457728,ΕΡΓΟΣΥΣΤΕΜΣ ΕΠΕ (095457728),222.33,,
Ψ16Χ4690ΒΧ-ΩΒ6,2024-10-22,ΕΝΤΑΛΜΑ ΠΛΗΡΩΜΗΣ ΓΚΑΤΕΞ Α.Ε MEDICAL SUPLIES (093573836),093573836,ΓΚΑΤΕΞ Α.Ε MEDICAL SUPLIES (093573836),868.14,,
ΨΚ2Ν4690ΒΧ-ΖΟ1,2024-10-22,ΕΝΤΑΛΜΑ ΠΛΗΡΩΜΗΣ ΓΚΑΤΕΞ Α.Ε MEDICAL SUPLIES (093573836),093573836,ΓΚΑΤΕΞ Α.Ε MEDICAL SUPLIES (093573836),74.4,,
6ΛΟ54690ΒΧ-ΞΨΟ,2024-10-22,ΕΝΤΑΛΜΑ ΠΛΗΡΩΜΗΣ ΒΙΟΠΡΟΜΗΘΕΥΤΙΚΗ ΜΟΝ/ΠΗ ΕΠΕ (099007886),099007886,ΒΙΟΠΡΟΜΗΘΕΥΤΙΚΗ ΜΟΝ/ΠΗ ΕΠΕ (099007886),1050.28,,
ΨΜΖ54690ΒΧ-2ΑΓ,2024-10-22,ΕΝΤΑΛΜΑ ΠΛΗΡΩΜΗΣ Α ΒΛΑΧΟΥ  ΣΙΑ ΟΕ (081940778),081940778,Α ΒΛΑΧΟΥ  ΣΙΑ ΟΕ (081940778),245.52,,
ΨΞ3Θ4690ΒΧ-ΦΟΟ,2024-10-24,ΕΝΤΑΛΜΑ ΠΛΗΡΩΜΗΣ OTIS ΕΛΛΑΣ ΜΟΝΟΠΡΟΣΩΠΗ ΑΝΩΝ.ΒΙΟΜ.   ΕΜΠ.ΤΕΧΝ.ΕΤΑΙΡΕΙΑ (094208578),094208578,OTIS ΕΛΛΑΣ ΜΟΝΟΠΡΟΣΩΠΗ ΑΝΩΝ.ΒΙΟΜ.   ΕΜΠ.ΤΕΧΝ.ΕΤΑΙΡΕΙΑ (094208578),1139.5,,
Ψ3Ρ64690ΒΧ-Ε2Α,2024-10-24,ΕΝΤΑΛΜΑ ΠΛΗΡΩΜΗΣ <<ΠΕΙΡΑΪΚΗ ΕΦΟΔΙΑΣΤΙΚΗ>> Σ.ΚΑΤΕΧΗΣ   ΣΙΑ Ο.Ε (999234290),999234290,<<ΠΕΙΡΑΪΚΗ ΕΦΟΔΙΑΣΤΙΚΗ>> Σ.ΚΑΤΕΧΗΣ   ΣΙΑ Ο.Ε (999234290),508.4,,
ΡΗ354690ΒΧ-700,2024-10-22,ΕΝΤΑΛΜΑ ΠΛΗΡΩΜΗΣ ΦΡΟΝΕΙΝ ΙΚΕ (800870900),800870900,ΦΡΟΝΕΙΝ ΙΚΕ (800870900),4340.0,,
63Ξ34690ΒΧ-5ΝΗ,2024-10-22,ΕΝΤΑΛΜΑ ΠΛΗΡΩΜΗΣ ΠΑΠΑΠΟΣΤΟΛΟΥ Ν-Α.Ε (095029193),095029193,ΠΑΠΑΠΟΣΤΟΛΟΥ Ν-Α.Ε (095029193),235.6,,
ΨΝΗΒ4690ΒΧ-3ΓΕ,2024-10-22,ΕΝΤΑΛΜΑ ΠΛΗΡΩΜΗΣ ΘΕΡΜΟΣΩΛ ΑΤΜΟΛΕΒΗΤΕΣ  Α.Ε. (094422651),094422651,ΘΕΡΜΟΣΩΛ ΑΤΜΟΛΕΒΗΤΕΣ  Α.Ε. (094422651),2678.4,,
Ρ0Μ84690ΒΧ-ΛΨ2,2024-10-22,ΕΝΤΑΛΜΑ ΠΛΗΡΩΜΗΣ ΔΕΛΤΑ ΙΑΤΡΙΚΗ Α.Ε. (094437130),094437130,ΔΕΛΤΑ ΙΑΤΡΙΚΗ Α.Ε. (094437130),1114.76,,
9ΗΥΜ4690ΒΧ-47Ζ,2024-10-22,ΕΝΤΑΛΜΑ ΠΛΗΡΩΜΗΣ Δ. ΛΑΣΚΑΡΙΔΗΣ   ΣΙΑ ΟΕ (081795386),081795386,Δ. ΛΑΣΚΑΡΙΔΗΣ   ΣΙΑ ΟΕ (081795386),742.76,,
6ΩΙΞ4690ΒΧ-95Ι,2024-10-22,ΕΝΤΑΛΜΑ ΠΛΗΡΩΜΗΣ Δ. ΛΑΣΚΑΡΙΔΗΣ   ΣΙΑ ΟΕ (081795386),081795386,Δ. ΛΑΣΚΑΡΙΔΗΣ   ΣΙΑ ΟΕ (081795386),55.8,,
ΡΕΞΠ4690ΒΧ-ΞΝΖ,2024-10-22,ΕΝΤΑΛΜΑ ΠΛΗΡΩΜΗΣ ΒΙΟΣΕΡ ΑΕ (094035927),094035927,ΒΙΟΣΕΡ ΑΕ (094035927),4271.4,,
651Χ4690ΒΧ-ΝΧΛ,2024-10-22,ΕΝΤΑΛΜΑ ΠΛΗΡΩΜΗΣ ΑΘΗΝΑ ΑΝΑΡ.ΒΕΡΡΟΙΟΠΟΥΛΟΥ (036144160),036144160,ΑΘΗΝΑ ΑΝΑΡ.ΒΕΡΡΟΙΟΠΟΥΛΟΥ (036144160),79.86,,
9Φ104690ΒΧ-9ΚΧ,2024-10-22,ΕΝΤΑΛΜΑ ΠΛΗΡΩΜΗΣ Α.ΛΑΣΚΑΡΙΔΟΥ ΣΙΑ ΟΕ (084028812),084028812,Α.ΛΑΣΚΑΡΙΔΟΥ ΣΙΑ ΟΕ (084028812),119.04,,
Ψ2Β14690ΒΧ-ΧΑ7,2024-10-22,ΕΝΤΑΛΜΑ ΠΛΗΡΩΜΗΣ Α.ΛΑΣΚΑΡΙΔΟΥ ΣΙΑ ΟΕ (084028812),084028812,Α.ΛΑΣΚΑΡΙΔΟΥ ΣΙΑ ΟΕ (084028812),390.6,,
ΨΙΝΝ4690ΒΧ-Ζ1Σ,2024-10-22,ΕΝΤΑΛΜΑ ΠΛΗΡΩΜΗΣ ICON DYNAMICS (998860010),998860010,ICON DYNAMICS (998860010),565.44,,
9Β2Υ4690ΒΧ-Ι60,2024-10-22,ΕΝΤΑΛΜΑ ΠΛΗΡΩΜΗΣ AAF-ΕΛΕΓΧΟΥ ΠΕΡΙΒΑΛ.ΜΟΝ/ΠΗ ΕΠΕ (095076540),095076540,AAF-ΕΛΕΓΧΟΥ ΠΕΡΙΒΑΛ.ΜΟΝ/ΠΗ ΕΠΕ (095076540),6802.64,,
Ψ0274690ΒΧ-ΜΥΞ,2024-10-11,ΕΝΤΑΛΜΑ ΠΛΗΡΩΜΗΣ ΔΗΜ.ΕΠΙΧ/ΣΗ ΗΛΕΚΤΡΙΣΜΟΥ ΑΕ (090000045),090000045,ΔΗΜ.ΕΠΙΧ/ΣΗ ΗΛΕΚΤΡΙΣΜΟΥ ΑΕ (090000045),22.0,,
9ΚΦΨ4690ΒΧ-ΘΙΩ,2024-10-11,ΕΝΤΑΛΜΑ ΠΛΗΡΩΜΗΣ ΔΗΜ.ΕΠΙΧ/ΣΗ ΗΛΕΚΤΡΙΣΜΟΥ ΑΕ (090000045),090000045,ΔΗΜ.ΕΠΙΧ/ΣΗ ΗΛΕΚΤΡΙΣΜΟΥ ΑΕ (090000045),230.0,,
Ψ32Ζ4690ΒΧ-ΔΒ6,2024-10-11,ΕΝΤΑΛΜΑ ΠΛΗΡΩΜΗΣ ΔΗΜ.ΕΠΙΧ/ΣΗ ΗΛΕΚΤΡΙΣΜΟΥ ΑΕ (090000045),090000045,ΔΗΜ.ΕΠΙΧ/ΣΗ ΗΛΕΚΤΡΙΣΜΟΥ ΑΕ (090000045),898.0,,
9ΒΒΗ4690ΒΧ-Χ4Γ,2024-10-11,ΕΝΤΑΛΜΑ ΠΛΗΡΩΜΗΣ ΔΗΜ.ΕΠΙΧ/ΣΗ ΗΛΕΚΤΡΙΣΜΟΥ ΑΕ (090000045),090000045,ΔΗΜ.ΕΠΙΧ/ΣΗ ΗΛΕΚΤΡΙΣΜΟΥ ΑΕ (090000045),89827.94,,
ΨΞΨ44690ΒΧ-ΑΤΗ,2024-10-16,ΕΝΤΑΛΜΑ ΠΛΗΡΩΜΗΣ ΣΤΑΥΡΟΥ ΑΝΔΡΕΑΣ (069950462),069950462,ΣΤΑΥΡΟΥ ΑΝΔΡΕΑΣ (069950462),225.68,,
ΨΟ334690ΒΧ-ΗΘ8,2024-10-16,ΕΝΤΑΛΜΑ ΠΛΗΡΩΜΗΣ ΣΚΟΥΡΤΗΣ Αγγ.ΧΑΡΑΛΑΜΠΟΣ (046496934),046496934,ΣΚΟΥΡΤΗΣ Αγγ.ΧΑΡΑΛΑΜΠΟΣ (046496934),694.4,,
ΨΘΙΛ4690ΒΧ-ΥΘΙ,2024-10-16,ΕΝΤΑΛΜΑ ΠΛΗΡΩΜΗΣ ΠΛΗΡΟΦΟΡΙΚΗ ΕΛΛΑΔΟΣ Ε.Π.Ε (095659768),095659768,ΠΛΗΡΟΦΟΡΙΚΗ ΕΛΛΑΔΟΣ Ε.Π.Ε (095659768),1173.35,,
61Ξ84690ΒΧ-Β2Ι,2024-10-16,ΕΝΤΑΛΜΑ ΠΛΗΡΩΜΗΣ ΚΟΝΤΟΓΙΑΝΝΗ ΟΥΡΑΝΙΑ (301366552),301366552,ΚΟΝΤΟΓΙΑΝΝΗ ΟΥΡΑΝΙΑ (301366552),4020.84,,
ΨΦΒ94690ΒΧ-01Ο,2024-10-16,ΕΝΤΑΛΜΑ ΠΛΗΡΩΜΗΣ ΚΑΚΑΒΟΣ Ι.ΔΗΜΗΤΡΙΟΣ (119540879),119540879,ΚΑΚΑΒΟΣ Ι.ΔΗΜΗΤΡΙΟΣ (119540879),524.32,,
ΨΗΦΡ4690ΒΧ-ΕΓΗ,2024-10-16,ΕΝΤΑΛΜΑ ΠΛΗΡΩΜΗΣ ΚΑΚΑΒΟΣ Ι.ΔΗΜΗΤΡΙΟΣ (119540879),119540879,ΚΑΚΑΒΟΣ Ι.ΔΗΜΗΤΡΙΟΣ (119540879),5913.23,,
99ΦΡ4690ΒΧ-1ΚΔ,2024-10-16,ΕΝΤΑΛΜΑ ΠΛΗΡΩΜΗΣ SIEMENS HEALTHINEERS A.E. (094456875),094456875,SIEMENS HEALTHINEERS A.E. (094456875),3824.62,,
ΨΓ0Β4690ΒΧ-ΦΓΖ,2024-10-16,ΕΝΤΑΛΜΑ ΠΛΗΡΩΜΗΣ OTIS ΕΛΛΑΣ ΜΟΝΟΠΡΟΣΩΠΗ ΑΝΩΝ.ΒΙΟΜ.   ΕΜΠ.ΤΕΧΝ.ΕΤΑΙΡΕΙΑ (094208578),094208578,OTIS ΕΛΛΑΣ ΜΟΝΟΠΡΟΣΩΠΗ ΑΝΩΝ.ΒΙΟΜ.   ΕΜΠ.ΤΕΧΝ.ΕΤΑΙΡΕΙΑ (094208578),1139.5,,
ΨΞΞ34690ΒΧ-Κ5Ζ,2024-10-16,ΕΝΤΑΛΜΑ ΠΛΗΡΩΜΗΣ MERCK SHARP   DOHME ΑΦΒΕΕ (094043896),094043896,MERCK SHARP   DOHME ΑΦΒΕΕ (094043896),99.54,,
ΨΕΦ44690ΒΧ-Ν38,2024-10-16,ΕΝΤΑΛΜΑ ΠΛΗΡΩΜΗΣ COMPUTER SOLUTIONS ΑΝΩΝΥΜΗ (095403136),095403136,COMPUTER SOLUTIONS ΑΝΩΝΥΜΗ (095403136),4753.33,,
9ΨΦΑ4690ΒΧ-6ΞΞ,2024-10-16,ΕΝΤΑΛΜΑ ΠΛΗΡΩΜΗΣ ΕΥΣΤΑΘΙΟΣ Γ.ΤΣΙΓΚΡΗΣ Ε.Π.Ε. (999893375),999893375,ΕΥΣΤΑΘΙΟΣ Γ.ΤΣΙΓΚΡΗΣ Ε.Π.Ε. (999893375),4822.05,,
Ψ96Τ4690ΒΧ-ΒΨΑ,2024-10-16,ΕΝΤΑΛΜΑ ΠΛΗΡΩΜΗΣ ''BIOSENSE'' ΑΝΔΡΙΩΤΗ Ε   ΣΙΑ Ε.Ε. (800366706),800366706,''BIOSENSE'' ΑΝΔΡΙΩΤΗ Ε   ΣΙΑ Ε.Ε. (800366706),2604.0,,
9ΒΙΠ4690ΒΧ-Λ5Ω,2024-10-16,ΕΝΤΑΛΜΑ ΠΛΗΡΩΜΗΣ MEDIC PLAN HEALTH PROJECT IKE (999961120),999961120,MEDIC PLAN HEALTH PROJECT IKE (999961120),1627.5,,
6ΕΣΖ4690ΒΧ-ΡΜΟ,2024-10-14,ΕΝΤΑΛΜΑ ΠΛΗΡΩΜΗΣ ΣΤΡΑΤΗΣ ΝΙΚ.ΑΡΑΒΑΝΗΣ ΣΙΑ Ο.Ε (092053060),092053060,ΣΤΡΑΤΗΣ ΝΙΚ.ΑΡΑΒΑΝΗΣ ΣΙΑ Ο.Ε (092053060),1313.82,,
ΨΨ9Ψ4690ΒΧ-3ΓΔ,2024-10-14,ΕΝΤΑΛΜΑ ΠΛΗΡΩΜΗΣ Σ.ΣΟΛΔΑΤΟΣ Ε.Π.Ε. (095451970),095451970,Σ.ΣΟΛΔΑΤΟΣ Ε.Π.Ε. (095451970),312.48,,
Ψ6ΖΩ4690ΒΧ-13Κ,2024-10-16,ΕΝΤΑΛΜΑ ΠΛΗΡΩΜΗΣ ΝΙΚΑΙΑ ΤΡΟΦΟΔΟΣΙΕΣ ΜΟΝΟΠΡΟΣΩΠΗ ΙΚΕ (801393800),801393800,ΝΙΚΑΙΑ ΤΡΟΦΟΔΟΣΙΕΣ ΜΟΝΟΠΡΟΣΩΠΗ ΙΚΕ (801393800),734.25,,
ΨΥ1Γ4690ΒΧ-ΦΒΤ,2024-10-16,ΕΝΤΑΛΜΑ ΠΛΗΡΩΜΗΣ ΜΠΑΛΑΣΚΑΣ ΓΕΩΡΓΙΟΣ (073571028),073571028,ΜΠΑΛΑΣΚΑΣ ΓΕΩΡΓΙΟΣ (073571028),638.94,,
6Δ6Υ4690ΒΧ-ΚΤΑ,2024-10-14,ΕΝΤΑΛΜΑ ΠΛΗΡΩΜΗΣ ΜΠΟΓΟΡΔΟΣ ΘΕΟΦΑΝΗΣ (059669236),059669236,ΜΠΟΓΟΡΔΟΣ ΘΕΟΦΑΝΗΣ (059669236),184.76,,
61934690ΒΧ-8ΦΕ,2024-10-14,ΕΝΤΑΛΜΑ ΠΛΗΡΩΜΗΣ ΚΑΤΩΠΟΔΗΣ Μ.-ΚΑΒΒΑΔΑ Ε.Ε.Π.Ε. (997917019),997917019,ΚΑΤΩΠΟΔΗΣ Μ.-ΚΑΒΒΑΔΑ Ε.Ε.Π.Ε. (997917019),467.48,,
6ΤΠ14690ΒΧ-7ΨΗ,2024-10-14,ΕΝΤΑΛΜΑ ΠΛΗΡΩΜΗΣ ΚΑΤΩΠΟΔΗΣ Μ.-ΚΑΒΒΑΔΑ Ε.Ε.Π.Ε. (997917019),997917019,ΚΑΤΩΠΟΔΗΣ Μ.-ΚΑΒΒΑΔΑ Ε.Ε.Π.Ε. (997917019),947.5,,
9ΞΥ94690ΒΧ-2Σ1,2024-10-14,ΕΝΤΑΛΜΑ ΠΛΗΡΩΜΗΣ ΚΑΤΩΠΟΔΗ ΣΟΦΙΑ (301361974),301361974,ΚΑΤΩΠΟΔΗ ΣΟΦΙΑ (301361974),55.8,,
ΨΤΠ94690ΒΧ-Θ2Κ,2024-10-14,ΕΝΤΑΛΜΑ ΠΛΗΡΩΜΗΣ ΘΕΟΧΑΡΗΣ ΚΩΝΣΤΑΝΤΙΝΟΣ (074168641),074168641,ΘΕΟΧΑΡΗΣ ΚΩΝΣΤΑΝΤΙΝΟΣ (074168641),505.92,,
Ψ0ΠΡ4690ΒΧ-391,2024-10-14,ΕΝΤΑΛΜΑ ΠΛΗΡΩΜΗΣ ΘΕΟΧΑΡΗΣ ΚΩΝΣΤΑΝΤΙΝΟΣ (074168641),074168641,ΘΕΟΧΑΡΗΣ ΚΩΝΣΤΑΝΤΙΝΟΣ (074168641),139.28,,
ΡΨ5Π4690ΒΧ-ΜΗ3,2024-10-14,ΕΝΤΑΛΜΑ ΠΛΗΡΩΜΗΣ ΕΞΟΠΛΙΣΤΙΚΗ ΛΕΥΚΑΔΑΣ (801720654),801720654,ΕΞΟΠΛΙΣΤΙΚΗ ΛΕΥΚΑΔΑΣ (801720654),190.96,,
97ΣΩ4690ΒΧ-Τ7Ω,2024-10-14,ΕΝΤΑΛΜΑ ΠΛΗΡΩΜΗΣ ΒΕΡΥΚΙΟΣ ΑΝΑΣΤΑΣΙΟΣ    ΣΙΑ ΟΕ (997915376),997915376,ΒΕΡΥΚΙΟΣ ΑΝΑΣΤΑΣΙΟΣ    ΣΙΑ ΟΕ (997915376),30.75,,
96ΚΣ4690ΒΧ-ΑΥΞ,2024-10-14,ΕΝΤΑΛΜΑ ΠΛΗΡΩΜΗΣ ΑΦΟΙ ΖΑΒΙΤΣΑΝΟΥ Ο.Ε (800387683),800387683,ΑΦΟΙ ΖΑΒΙΤΣΑΝΟΥ Ο.Ε (800387683),625.01,,
9Κ314690ΒΧ-ΖΞ0,2024-10-14,ΕΝΤΑΛΜΑ ΠΛΗΡΩΜΗΣ TYPO-CENTER ΓΕΡ.ΒΕΡΓΙΝΗΣ (028558054),028558054,TYPO-CENTER ΓΕΡ.ΒΕΡΓΙΝΗΣ (028558054),125.82,,
ΨΕΨ34690ΒΧ-Ξ94,2024-10-16,ΕΝΤΑΛΜΑ ΠΛΗΡΩΜΗΣ Rain bow waters (099328240),099328240,Rain bow waters (099328240),116.6,,
6ΧΠΒ4690ΒΧ-7Κ2,2024-10-14,ΕΝΤΑΛΜΑ ΠΛΗΡΩΜΗΣ PYROLEFKAS IKE (802407080),802407080,PYROLEFKAS IKE (802407080),1785.6,,
98ΘΜ4690ΒΧ-ΒΓΨ,2024-10-14,ΕΝΤΑΛΜΑ ΠΛΗΡΩΜΗΣ PYROLEFKAS IKE (802407080),802407080,PYROLEFKAS IKE (802407080),892.8,,
6Ω3Ρ4690ΒΧ-ΚΝ1,2024-10-14,ΕΝΤΑΛΜΑ ΠΛΗΡΩΜΗΣ PROFI ΤΕΧΝΙΚΟ SUPER MARKET (800326038),800326038,PROFI ΤΕΧΝΙΚΟ SUPER MARKET (800326038),279.0,,
9ΧΗ24690ΒΧ-ΠΨΣ,2024-10-14,ΕΝΤΑΛΜΑ ΠΛΗΡΩΜΗΣ PROFI ΤΕΧΝΙΚΟ SUPER MARKET (800326038),800326038,PROFI ΤΕΧΝΙΚΟ SUPER MARKET (800326038),93.0,,
ΨΟ3Α4690ΒΧ-273,2024-10-11,ΕΝΤΑΛΜΑ ΠΛΗΡΩΜΗΣ ΟΡΓ/ΣΜΟΣ ΤΗΛΕΠ/ΝΙΩΝ ΕΛΛΑΔΟΣ ΑΕ (094019245),094019245,ΟΡΓ/ΣΜΟΣ ΤΗΛΕΠ/ΝΙΩΝ ΕΛΛΑΔΟΣ ΑΕ (094019245),69.94,,
ΨΞΕ04690ΒΧ-ΠΔΦ,2024-10-11,ΕΝΤΑΛΜΑ ΠΛΗΡΩΜΗΣ ΟΡΓ/ΣΜΟΣ ΤΗΛΕΠ/ΝΙΩΝ ΕΛΛΑΔΟΣ ΑΕ (094019245),094019245,ΟΡΓ/ΣΜΟΣ ΤΗΛΕΠ/ΝΙΩΝ ΕΛΛΑΔΟΣ ΑΕ (094019245),123.8,,
6ΦΒΟ4690ΒΧ-Β9Δ,2024-10-11,ΕΝΤΑΛΜΑ ΠΛΗΡΩΜΗΣ ΟΡΓ/ΣΜΟΣ ΤΗΛΕΠ/ΝΙΩΝ ΕΛΛΑΔΟΣ ΑΕ (094019245),094019245,ΟΡΓ/ΣΜΟΣ ΤΗΛΕΠ/ΝΙΩΝ ΕΛΛΑΔΟΣ ΑΕ (094019245),34.8,,
Ψ71Γ4690ΒΧ-ΙΣ8,2024-10-11,ΕΝΤΑΛΜΑ ΠΛΗΡΩΜΗΣ ΟΡΓ/ΣΜΟΣ ΤΗΛΕΠ/ΝΙΩΝ ΕΛΛΑΔΟΣ ΑΕ (094019245),094019245,ΟΡΓ/ΣΜΟΣ ΤΗΛΕΠ/ΝΙΩΝ ΕΛΛΑΔΟΣ ΑΕ (094019245),17.98,,
Ψ6Κ54690ΒΧ-Ε1Κ,2024-10-11,ΕΝΤΑΛΜΑ ΠΛΗΡΩΜΗΣ ΟΡΓ/ΣΜΟΣ ΤΗΛΕΠ/ΝΙΩΝ ΕΛΛΑΔΟΣ ΑΕ (094019245),094019245,ΟΡΓ/ΣΜΟΣ ΤΗΛΕΠ/ΝΙΩΝ ΕΛΛΑΔΟΣ ΑΕ (094019245),109.8,,
ΨΠΝ24690ΒΧ-977,2024-10-11,ΕΝΤΑΛΜΑ ΠΛΗΡΩΜΗΣ ΟΡΓ/ΣΜΟΣ ΤΗΛΕΠ/ΝΙΩΝ ΕΛΛΑΔΟΣ ΑΕ (094019245),094019245,ΟΡΓ/ΣΜΟΣ ΤΗΛΕΠ/ΝΙΩΝ ΕΛΛΑΔΟΣ ΑΕ (094019245),109.8,,
6Φ4Σ4690ΒΧ-ΗΑΖ,2024-10-11,ΕΝΤΑΛΜΑ ΠΛΗΡΩΜΗΣ ΟΡΓ/ΣΜΟΣ ΤΗΛΕΠ/ΝΙΩΝ ΕΛΛΑΔΟΣ ΑΕ (094019245),094019245,ΟΡΓ/ΣΜΟΣ ΤΗΛΕΠ/ΝΙΩΝ ΕΛΛΑΔΟΣ ΑΕ (094019245),10.0,,
9ΟΩ44690ΒΧ-ΡΧ8,2024-10-11,ΕΝΤΑΛΜΑ ΠΛΗΡΩΜΗΣ ΟΡΓ/ΣΜΟΣ ΤΗΛΕΠ/ΝΙΩΝ ΕΛΛΑΔΟΣ ΑΕ (094019245),094019245,ΟΡΓ/ΣΜΟΣ ΤΗΛΕΠ/ΝΙΩΝ ΕΛΛΑΔΟΣ ΑΕ (094019245),1234.02,,
ΨΣΤ84690ΒΧ-7Θ8,2024-10-11,ΕΝΤΑΛΜΑ ΠΛΗΡΩΜΗΣ ΔΗΜ.ΕΠΙΧ/ΣΗ ΗΛΕΚΤΡΙΣΜΟΥ ΑΕ (090000045),090000045,ΔΗΜ.ΕΠΙΧ/ΣΗ ΗΛΕΚΤΡΙΣΜΟΥ ΑΕ (090000045),63212.98,,
ΨΗΓΧ4690ΒΧ-Γ4Ζ,2024-10-10,ΕΝΤΑΛΜΑ ΠΛΗΡΩΜΗΣ ΒΕΡΟΝΙΚΑ ΜΟΥΚΑ τ. ΚΩΝ/ΝΟΥ (136677323),136677323,ΒΕΡΟΝΙΚΑ ΜΟΥΚΑ τ. ΚΩΝ/ΝΟΥ (136677323),979.77,,
6ΧΞ04690ΒΧ-Ψ7Η,2024-10-10,ΕΝΤΑΛΜΑ ΠΛΗΡΩΜΗΣ ΒΕΡΟΝΙΚΑ ΜΟΥΚΑ τ. ΚΩΝ/ΝΟΥ (136677323),136677323,ΒΕΡΟΝΙΚΑ ΜΟΥΚΑ τ. ΚΩΝ/ΝΟΥ (136677323),950.33,,
9Ο754690ΒΧ-85Φ,2024-10-10,ΕΝΤΑΛΜΑ ΠΛΗΡΩΜΗΣ ΒΕΡΟΝΙΚΑ ΜΟΥΚΑ τ. ΚΩΝ/ΝΟΥ (136677323),136677323,ΒΕΡΟΝΙΚΑ ΜΟΥΚΑ τ. ΚΩΝ/ΝΟΥ (136677323),1056.52,,
6ΤΝ14690ΒΧ-Ω2Κ,2024-10-10,ΕΝΤΑΛΜΑ ΠΛΗΡΩΜΗΣ ΒΕΡΟΝΙΚΑ ΜΟΥΚΑ τ. ΚΩΝ/ΝΟΥ (136677323),136677323,ΒΕΡΟΝΙΚΑ ΜΟΥΚΑ τ. ΚΩΝ/ΝΟΥ (136677323),1188.55,,
66ΜΑ4690ΒΧ-ΚΚ7,2024-10-09,ΕΝΤΑΛΜΑ ΠΛΗΡΩΜΗΣ ZIMMER BIOMET ΕΛΛΑΣ ΜΟΝ/ΠΗ Α.Ε (094437885),094437885,ZIMMER BIOMET ΕΛΛΑΣ ΜΟΝ/ΠΗ Α.Ε (094437885),3885.86,,
ΨΗΚ94690ΒΧ-ΜΙΛ,2024-10-09,ΕΝΤΑΛΜΑ ΠΛΗΡΩΜΗΣ ZIMMER BIOMET ΕΛΛΑΣ ΜΟΝ/ΠΗ Α.Ε (094437885),094437885,ZIMMER BIOMET ΕΛΛΑΣ ΜΟΝ/ΠΗ Α.Ε (094437885),2755.86,,
6Σ074690ΒΧ-4Ν8,2024-10-09,ΕΝΤΑΛΜΑ ΠΛΗΡΩΜΗΣ ZIMMER BIOMET ΕΛΛΑΣ ΜΟΝ/ΠΗ Α.Ε (094437885),094437885,ZIMMER BIOMET ΕΛΛΑΣ ΜΟΝ/ΠΗ Α.Ε (094437885),4279.98,,
66Σ64690ΒΧ-ΝΞΥ,2024-10-09,ΕΝΤΑΛΜΑ ΠΛΗΡΩΜΗΣ ZIMMER BIOMET ΕΛΛΑΣ ΜΟΝ/ΠΗ Α.Ε (094437885),094437885,ZIMMER BIOMET ΕΛΛΑΣ ΜΟΝ/ΠΗ Α.Ε (094437885),2893.93,,
ΨΖΝΕ4690ΒΧ-ΑΓΝ,2024-10-09,ΕΝΤΑΛΜΑ ΠΛΗΡΩΜΗΣ ZIMMER BIOMET ΕΛΛΑΣ ΜΟΝ/ΠΗ Α.Ε (094437885),094437885,ZIMMER BIOMET ΕΛΛΑΣ ΜΟΝ/ΠΗ Α.Ε (094437885),4967.48,,
6Κ3Υ4690ΒΧ-279,2024-10-09,ΕΝΤΑΛΜΑ ΠΛΗΡΩΜΗΣ ZIMMER BIOMET ΕΛΛΑΣ ΜΟΝ/ΠΗ Α.Ε (094437885),094437885,ZIMMER BIOMET ΕΛΛΑΣ ΜΟΝ/ΠΗ Α.Ε (094437885),4945.34,,
65ΚΩ4690ΒΧ-ΠΘΥ,2024-10-09,ΕΝΤΑΛΜΑ ΠΛΗΡΩΜΗΣ ZIMMER BIOMET ΕΛΛΑΣ ΜΟΝ/ΠΗ Α.Ε (094437885),094437885,ZIMMER BIOMET ΕΛΛΑΣ ΜΟΝ/ΠΗ Α.Ε (094437885),3972.7,,
994Λ4690ΒΧ-4Κ1,2024-10-09,ΕΝΤΑΛΜΑ ΠΛΗΡΩΜΗΣ ZIMMER BIOMET ΕΛΛΑΣ ΜΟΝ/ΠΗ Α.Ε (094437885),094437885,ZIMMER BIOMET ΕΛΛΑΣ ΜΟΝ/ΠΗ Α.Ε (094437885),3623.91,,
Ψ1Ρ14690ΒΧ-ΕΥΒ,2024-10-09,ΕΝΤΑΛΜΑ ΠΛΗΡΩΜΗΣ ZIMMER BIOMET ΕΛΛΑΣ ΜΟΝ/ΠΗ Α.Ε (094437885),094437885,ZIMMER BIOMET ΕΛΛΑΣ ΜΟΝ/ΠΗ Α.Ε (094437885),4604.33,,
6ΛΞΜ4690ΒΧ-1ΙΗ,2024-10-09,ΕΝΤΑΛΜΑ ΠΛΗΡΩΜΗΣ ZIMMER BIOMET ΕΛΛΑΣ ΜΟΝ/ΠΗ Α.Ε (094437885),094437885,ZIMMER BIOMET ΕΛΛΑΣ ΜΟΝ/ΠΗ Α.Ε (094437885),2943.65,,
63Ξ74690ΒΧ-ΙΤΧ,2024-10-09,ΕΝΤΑΛΜΑ ΠΛΗΡΩΜΗΣ ZIMMER BIOMET ΕΛΛΑΣ ΜΟΝ/ΠΗ Α.Ε (094437885),094437885,ZIMMER BIOMET ΕΛΛΑΣ ΜΟΝ/ΠΗ Α.Ε (094437885),3752.28,,
9ΩΒ64690ΒΧ-ΩΑ9,2024-10-09,ΕΝΤΑΛΜΑ ΠΛΗΡΩΜΗΣ ZIMMER BIOMET ΕΛΛΑΣ ΜΟΝ/ΠΗ Α.Ε (094437885),094437885,ZIMMER BIOMET ΕΛΛΑΣ ΜΟΝ/ΠΗ Α.Ε (094437885),4359.47,,
Ψ0Π34690ΒΧ-ΧΨΤ,2024-10-10,ΕΝΤΑΛΜΑ ΠΛΗΡΩΜΗΣ YΓΕΙΟΔΥΝΑΜΙΚΗ Α.Ε (997672386),997672386,YΓΕΙΟΔΥΝΑΜΙΚΗ Α.Ε (997672386),436.48,,
ΨΕΔ44690ΒΧ-Ω08,2024-10-10,ΕΝΤΑΛΜΑ ΠΛΗΡΩΜΗΣ YΓΕΙΟΔΥΝΑΜΙΚΗ Α.Ε (997672386),997672386,YΓΕΙΟΔΥΝΑΜΙΚΗ Α.Ε (997672386),817.16,,
6ΛΚΟ4690ΒΧ-ΚΩ5,2024-10-10,ΕΝΤΑΛΜΑ ΠΛΗΡΩΜΗΣ YΓΕΙΟΔΥΝΑΜΙΚΗ Α.Ε (997672386),997672386,YΓΕΙΟΔΥΝΑΜΙΚΗ Α.Ε (997672386),298.79,,
ΨΛ5Λ4690ΒΧ-ΨΣΥ,2024-10-10,ΕΝΤΑΛΜΑ ΠΛΗΡΩΜΗΣ Y-LOGIMED  Μ.Α.Ε (094446034),094446034,Y-LOGIMED  Μ.Α.Ε (094446034),1162.08,,
61Α44690ΒΧ-466,2024-10-10,ΕΝΤΑΛΜΑ ΠΛΗΡΩΜΗΣ Y-LOGIMED  Μ.Α.Ε (094446034),094446034,Y-LOGIMED  Μ.Α.Ε (094446034),468.72,,
ΨΨ694690ΒΧ-ΝΚ6,2024-10-09,ΕΝΤΑΛΜΑ ΠΛΗΡΩΜΗΣ ZIMMER BIOMET ΕΛΛΑΣ ΜΟΝ/ΠΗ Α.Ε (094437885),094437885,ZIMMER BIOMET ΕΛΛΑΣ ΜΟΝ/ΠΗ Α.Ε (094437885),688.75,,
6ΙΙ04690ΒΧ-ΓΟΛ,2024-10-09,ΕΝΤΑΛΜΑ ΠΛΗΡΩΜΗΣ MEDINOR ΕΕ (082802380),082802380,MEDINOR ΕΕ (082802380),2813.51,,
ΨΚΛΘ4690ΒΧ-ΝΚΠ,2024-10-09,ΕΝΤΑΛΜΑ ΠΛΗΡΩΜΗΣ MEDINOR ΕΕ (082802380),082802380,MEDINOR ΕΕ (082802380),2299.55,,
6ΖΖ74690ΒΧ-ΙΚΡ,2024-10-09,ΕΝΤΑΛΜΑ ΠΛΗΡΩΜΗΣ MEDINOR ΕΕ (082802380),082802380,MEDINOR ΕΕ (082802380),146.9,,
6ΔΖΡ4690ΒΧ-ΧΘΟ,2024-10-09,ΕΝΤΑΛΜΑ ΠΛΗΡΩΜΗΣ MEDINOR ΕΕ (082802380),082802380,MEDINOR ΕΕ (082802380),4431.1,,
ΨΨ314690ΒΧ-ΒΧ6,2024-10-10,ΕΝΤΑΛΜΑ ΠΛΗΡΩΜΗΣ Johnson   Johnson Medical Greece Μονοπρόσωπη Α.Ε. (801858262),801858262,Johnson   Johnson Medical Greece Μονοπρόσωπη Α.Ε. (801858262),9229.84,,
ΨΓ7Ξ4690ΒΧ-ΞΧ5,2024-10-10,ΕΝΤΑΛΜΑ ΠΛΗΡΩΜΗΣ Johnson   Johnson Medical Greece Μονοπρόσωπη Α.Ε. (801858262),801858262,Johnson   Johnson Medical Greece Μονοπρόσωπη Α.Ε. (801858262),759.36,,
633Υ4690ΒΧ-4Λ4,2024-10-10,ΕΝΤΑΛΜΑ ΠΛΗΡΩΜΗΣ EUROSUP ΜΟΝ. ΙΚΕ (800715333),800715333,EUROSUP ΜΟΝ. ΙΚΕ (800715333),401.76,,
ΡΚ6Ρ4690ΒΧ-ΧΦ0,2024-10-10,ΕΝΤΑΛΜΑ ΠΛΗΡΩΜΗΣ '' MART HELLAS S.A'' (999401508),999401508,'' MART HELLAS S.A'' (999401508),4829.8,,
ΨΩΗ64690ΒΧ-ΚΚΘ,2024-10-10,ΕΝΤΑΛΜΑ ΠΛΗΡΩΜΗΣ '' MART HELLAS S.A'' (999401508),999401508,'' MART HELLAS S.A'' (999401508),1649.2,,
6Ω2Σ4690ΒΧ-ΦΡ3,2024-10-10,ΕΝΤΑΛΜΑ ΠΛΗΡΩΜΗΣ '' MART HELLAS S.A'' (999401508),999401508,'' MART HELLAS S.A'' (999401508),4829.8,,
ΡΟΨΡ4690ΒΧ-Ο6Π,2024-10-10,ΕΝΤΑΛΜΑ ΠΛΗΡΩΜΗΣ  EPIRUS GAS ΓΕΩΡΓΙΟΣ ΨΟΧΙΟΣ   ΥΙΟΣ Ο.Ε (997861308),997861308,EPIRUS GAS ΓΕΩΡΓΙΟΣ ΨΟΧΙΟΣ   ΥΙΟΣ Ο.Ε (997861308),1178.76,,
6ΗΛΥ4690ΒΧ-ΣΨ0,2024-09-27,ΕΝΤΑΛΜΑ ΠΛΗΡΩΜΗΣ ΠΕΤΡΟΣ ΧΑΡ.ΚΟΣΜΙΔΗΣ   ΣΙΑ Ε.Ε. (999685389),999685389,ΠΕΤΡΟΣ ΧΑΡ.ΚΟΣΜΙΔΗΣ   ΣΙΑ Ε.Ε. (999685389),106.0,,
65ΤΟ4690ΒΧ-ΞΡΒ,2024-09-27,ΕΝΤΑΛΜΑ ΠΛΗΡΩΜΗΣ ΠΕΤΡΟΣ ΧΑΡ.ΚΟΣΜΙΔΗΣ   ΣΙΑ Ε.Ε. (999685389),999685389,ΠΕΤΡΟΣ ΧΑΡ.ΚΟΣΜΙΔΗΣ   ΣΙΑ Ε.Ε. (999685389),809.1,,
ΨΜΔΧ4690ΒΧ-Χ2Λ,2024-09-27,ΕΝΤΑΛΜΑ ΠΛΗΡΩΜΗΣ ΠΑΥΛΟΣ ΑΡΝΑΟΥΤΗΣ Α.Ε. (094178060),094178060,ΠΑΥΛΟΣ ΑΡΝΑΟΥΤΗΣ Α.Ε. (094178060),162.62,,
Ψ1Μ54690ΒΧ-Ο24,2024-09-27,ΕΝΤΑΛΜΑ ΠΛΗΡΩΜΗΣ ΚΛΕΟΠΑΤΡΑ ΓΚΟΥΒΑ (041699970),041699970,ΚΛΕΟΠΑΤΡΑ ΓΚΟΥΒΑ (041699970),972.16,,
ΡΒΞΔ4690ΒΧ-ΒΕΙ,2024-09-27,ΕΝΤΑΛΜΑ ΠΛΗΡΩΜΗΣ ΑΣΤΡΙΣ ΑΝΑΠΤΥΞΗ ΜΟΝΑΔΩΝ ΥΓΕΙΑΣ ΕΠΕ (999056180),999056180,ΑΣΤΡΙΣ ΑΝΑΠΤΥΞΗ ΜΟΝΑΔΩΝ ΥΓΕΙΑΣ ΕΠΕ (999056180),1007.42,,
9ΠΒΚ4690ΒΧ-ΦΙΗ,2024-09-27,ΕΝΤΑΛΜΑ ΠΛΗΡΩΜΗΣ ΑΡΗΤΗ Α.Ε. (094251753),094251753,ΑΡΗΤΗ Α.Ε. (094251753),2239.11,,
Ψ2Ξ54690ΒΧ-ΑΗ9,2024-09-27,ΕΝΤΑΛΜΑ ΠΛΗΡΩΜΗΣ ΑΡΗΤΗ Α.Ε. (094251753),094251753,ΑΡΗΤΗ Α.Ε. (094251753),7176.62,,
ΨΧ7Π4690ΒΧ-Γ0Σ,2024-09-27,ΕΝΤΑΛΜΑ ΠΛΗΡΩΜΗΣ VAKTRO SCIENTIFIC ΣΤΑΥΡΟΣ ΑΓΓΕΛΟΠΟΥΛΟΣ   ΣΙΑ Ο.Ε (084221869),084221869,VAKTRO SCIENTIFIC ΣΤΑΥΡΟΣ ΑΓΓΕΛΟΠΟΥΛΟΣ   ΣΙΑ Ο.Ε (084221869),78.37,,
ΡΟ6Ι4690ΒΧ-ΨΣ9,2024-09-27,ΕΝΤΑΛΜΑ ΠΛΗΡΩΜΗΣ VAKTRO SCIENTIFIC ΣΤΑΥΡΟΣ ΑΓΓΕΛΟΠΟΥΛΟΣ   ΣΙΑ Ο.Ε (084221869),084221869,VAKTRO SCIENTIFIC ΣΤΑΥΡΟΣ ΑΓΓΕΛΟΠΟΥΛΟΣ   ΣΙΑ Ο.Ε (084221869),5244.8,,
949Ρ4690ΒΧ-ΒΙΔ,2024-09-27,ΕΝΤΑΛΜΑ ΠΛΗΡΩΜΗΣ VAKTRO SCIENTIFIC ΣΤΑΥΡΟΣ ΑΓΓΕΛΟΠΟΥΛΟΣ   ΣΙΑ Ο.Ε (084221869),084221869,VAKTRO SCIENTIFIC ΣΤΑΥΡΟΣ ΑΓΓΕΛΟΠΟΥΛΟΣ   ΣΙΑ Ο.Ε (084221869),5912.2,,
ΡΗΩΖ4690ΒΧ-ΟΥ3,2024-09-27,ΕΝΤΑΛΜΑ ΠΛΗΡΩΜΗΣ VAKTRO SCIENTIFIC ΣΤΑΥΡΟΣ ΑΓΓΕΛΟΠΟΥΛΟΣ   ΣΙΑ Ο.Ε (084221869),084221869,VAKTRO SCIENTIFIC ΣΤΑΥΡΟΣ ΑΓΓΕΛΟΠΟΥΛΟΣ   ΣΙΑ Ο.Ε (084221869),694.15,,
Ψ1ΛΦ4690ΒΧ-Π9Η,2024-09-27,ΕΝΤΑΛΜΑ ΠΛΗΡΩΜΗΣ VAKTRO SCIENTIFIC ΣΤΑΥΡΟΣ ΑΓΓΕΛΟΠΟΥΛΟΣ   ΣΙΑ Ο.Ε (084221869),084221869,VAKTRO SCIENTIFIC ΣΤΑΥΡΟΣ ΑΓΓΕΛΟΠΟΥΛΟΣ   ΣΙΑ Ο.Ε (084221869),728.4,,
ΡΡΒΥ4690ΒΧ-ΖΡ4,2024-09-27,ΕΝΤΑΛΜΑ ΠΛΗΡΩΜΗΣ NEW DIAGNOSTIC DIMENSION LTD (095618368),095618368,NEW DIAGNOSTIC DIMENSION LTD (095618368),127.2,,
93ΦΟ4690ΒΧ-ΩΥΩ,2024-09-27,ΕΝΤΑΛΜΑ ΠΛΗΡΩΜΗΣ LERIVA Α.Ε. (997985840),997985840,LERIVA Α.Ε. (997985840),2722.05,,
6ΦΑΚ4690ΒΧ-8Ξ9,2024-09-27,ΕΝΤΑΛΜΑ ΠΛΗΡΩΜΗΣ LERIVA Α.Ε. (997985840),997985840,LERIVA Α.Ε. (997985840),248.0,,
Ψ4874690ΒΧ-7Η7,2024-09-27,ΕΝΤΑΛΜΑ ΠΛΗΡΩΜΗΣ LERIVA Α.Ε. (997985840),997985840,LERIVA Α.Ε. (997985840),327.36,,
66874690ΒΧ-Κ8Π,2024-09-27,ΕΝΤΑΛΜΑ ΠΛΗΡΩΜΗΣ KARL STORZ-ΕΝΔΟΣΚΟΠΙΑ ΕΛΛΑΔΟΣ Ε.Π.Ε (998361490),998361490,KARL STORZ-ΕΝΔΟΣΚΟΠΙΑ ΕΛΛΑΔΟΣ Ε.Π.Ε (998361490),1785.6,,
Ψ1ΙΝ4690ΒΧ-9ΑΣ,2024-09-27,ΕΝΤΑΛΜΑ ΠΛΗΡΩΜΗΣ KARL STORZ-ΕΝΔΟΣΚΟΠΙΑ ΕΛΛΑΔΟΣ Ε.Π.Ε (998361490),998361490,KARL STORZ-ΕΝΔΟΣΚΟΠΙΑ ΕΛΛΑΔΟΣ Ε.Π.Ε (998361490),2005.08,,
9ΒΡ04690ΒΧ-ΔΘΨ,2024-09-27,ΕΝΤΑΛΜΑ ΠΛΗΡΩΜΗΣ KARL STORZ-ΕΝΔΟΣΚΟΠΙΑ ΕΛΛΑΔΟΣ Ε.Π.Ε (998361490),998361490,KARL STORZ-ΕΝΔΟΣΚΟΠΙΑ ΕΛΛΑΔΟΣ Ε.Π.Ε (998361490),1953.0,,
6Χ3Κ4690ΒΧ-ΑΦ7,2024-09-27,ΕΝΤΑΛΜΑ ΠΛΗΡΩΜΗΣ KARL STORZ-ΕΝΔΟΣΚΟΠΙΑ ΕΛΛΑΔΟΣ Ε.Π.Ε (998361490),998361490,KARL STORZ-ΕΝΔΟΣΚΟΠΙΑ ΕΛΛΑΔΟΣ Ε.Π.Ε (998361490),868.0,,
97Ω04690ΒΧ-Μ28,2024-09-27,ΕΝΤΑΛΜΑ ΠΛΗΡΩΜΗΣ KARL STORZ-ΕΝΔΟΣΚΟΠΙΑ ΕΛΛΑΔΟΣ Ε.Π.Ε (998361490),998361490,KARL STORZ-ΕΝΔΟΣΚΟΠΙΑ ΕΛΛΑΔΟΣ Ε.Π.Ε (998361490),3769.6,,
ΨΜ0Ξ4690ΒΧ-ΡΚΤ,2024-09-27,ΕΝΤΑΛΜΑ ΠΛΗΡΩΜΗΣ KARL STORZ-ΕΝΔΟΣΚΟΠΙΑ ΕΛΛΑΔΟΣ Ε.Π.Ε (998361490),998361490,KARL STORZ-ΕΝΔΟΣΚΟΠΙΑ ΕΛΛΑΔΟΣ Ε.Π.Ε (998361490),2083.2,,
61Λ14690ΒΧ-2ΧΚ,2024-09-27,ΕΝΤΑΛΜΑ ΠΛΗΡΩΜΗΣ Drager Hellas S.A. (997799268),997799268,Drager Hellas S.A. (997799268),210.8,,
689Γ4690ΒΧ-ΦΗΙ,2024-09-27,ΕΝΤΑΛΜΑ ΠΛΗΡΩΜΗΣ DIACHEL ΔΙΑΓΝ.-ΧΗΜ.ΟΡΓ.Ε.Π.Ε. (095341314),095341314,DIACHEL ΔΙΑΓΝ.-ΧΗΜ.ΟΡΓ.Ε.Π.Ε. (095341314),220.12,,
Ψ92Κ4690ΒΧ-4ΙΚ,2024-09-27,ΕΝΤΑΛΜΑ ΠΛΗΡΩΜΗΣ  ΟΔΟΝΤΟΠΡΟΜΗΘΕΥΤΙΚΗ Μ.ΓΕΩΡΓΑΚΑ-Κ..ΓΕΩΡΓΑΚΑΣ Ο.Ε (082994490),082994490,ΟΔΟΝΤΟΠΡΟΜΗΘΕΥΤΙΚΗ Μ.ΓΕΩΡΓΑΚΑ-Κ..ΓΕΩΡΓΑΚΑΣ Ο.Ε (082994490),62.15,,
ΨΨΚ64690ΒΧ-3Ρ1,2024-09-23,ΕΝΤΑΛΜΑ ΠΛΗΡΩΜΗΣ ΦΑΡΜΑΚΑΠΟΘΗΚΗ ΑΛΦΑ ΩΜΕΓΑ Α.Ε. (998103396),998103396,ΦΑΡΜΑΚΑΠΟΘΗΚΗ ΑΛΦΑ ΩΜΕΓΑ Α.Ε. (998103396),1104.0,,
Ψ2Χ34690ΒΧ-Α44,2024-09-23,ΕΝΤΑΛΜΑ ΠΛΗΡΩΜΗΣ ΝΟΡΜΑ ΕΛΛΑΣ ΑΕ (094030004),094030004,ΝΟΡΜΑ ΕΛΛΑΣ ΑΕ (094030004),2279.49,,
63ΡΥ4690ΒΧ-ΖΩΠ,2024-09-23,ΕΝΤΑΛΜΑ ΠΛΗΡΩΜΗΣ ΝΟΡΜΑ ΕΛΛΑΣ ΑΕ (094030004),094030004,ΝΟΡΜΑ ΕΛΛΑΣ ΑΕ (094030004),3828.21,,
9Τ654690ΒΧ-998,2024-09-23,ΕΝΤΑΛΜΑ ΠΛΗΡΩΜΗΣ ΝΟΡΜΑ ΕΛΛΑΣ ΑΕ (094030004),094030004,ΝΟΡΜΑ ΕΛΛΑΣ ΑΕ (094030004),3753.4,,
ΨΣΔΗ4690ΒΧ-6ΤΚ,2024-09-23,ΕΝΤΑΛΜΑ ΠΛΗΡΩΜΗΣ ΜΠΑΞΤΕΡ ΕΛΛΑΣ ΕΠΕ (095530045),095530045,ΜΠΑΞΤΕΡ ΕΛΛΑΣ ΕΠΕ (095530045),2216.95,,
9Ε6Ρ4690ΒΧ-ΓΤΜ,2024-09-23,ΕΝΤΑΛΜΑ ΠΛΗΡΩΜΗΣ ΜΠΑΞΤΕΡ ΕΛΛΑΣ ΕΠΕ (095530045),095530045,ΜΠΑΞΤΕΡ ΕΛΛΑΣ ΕΠΕ (095530045),2629.23,,
633Τ4690ΒΧ-3ΑΗ,2024-09-23,ΕΝΤΑΛΜΑ ΠΛΗΡΩΜΗΣ ΜΠΑΞΤΕΡ ΕΛΛΑΣ ΕΠΕ (095530045),095530045,ΜΠΑΞΤΕΡ ΕΛΛΑΣ ΕΠΕ (095530045),3759.94,,
ΨΘΥΩ4690ΒΧ-Τ27,2024-09-23,ΕΝΤΑΛΜΑ ΠΛΗΡΩΜΗΣ ΚΟΠΕΡ ΑΕ (094007897),094007897,ΚΟΠΕΡ ΑΕ (094007897),1341.32,,
ΨΔΝ24690ΒΧ-ΖΒΙ,2024-09-23,ΕΝΤΑΛΜΑ ΠΛΗΡΩΜΗΣ ΚΟΠΕΡ ΑΕ (094007897),094007897,ΚΟΠΕΡ ΑΕ (094007897),1671.69,,
96954690ΒΧ-ΗΓΦ,2024-09-27,ΕΝΤΑΛΜΑ ΠΛΗΡΩΜΗΣ ΕΥΡΟΜΑΡΤ Α.Ε. (094284004),094284004,ΕΥΡΟΜΑΡΤ Α.Ε. (094284004),56.95,,
9ΟΦΘ4690ΒΧ-ΦΑΘ,2024-09-27,ΕΝΤΑΛΜΑ ΠΛΗΡΩΜΗΣ ΕΥΡΟΜΑΡΤ Α.Ε. (094284004),094284004,ΕΥΡΟΜΑΡΤ Α.Ε. (094284004),1675.59,,
Ψ3ΕΖ4690ΒΧ-8ΟΨ,2024-09-23,ΕΝΤΑΛΜΑ ΠΛΗΡΩΜΗΣ Ε.Ι.ΖΑΡΜΠΗ ΚΑΙ ΣΙΑ Ε.Ε (092446512),092446512,Ε.Ι.ΖΑΡΜΠΗ ΚΑΙ ΣΙΑ Ε.Ε (092446512),92.96,,
9ΩΜΛ4690ΒΧ-3ΟΓ,2024-09-23,ΕΝΤΑΛΜΑ ΠΛΗΡΩΜΗΣ ΓΚΑΠ ΑΕ (094024009),094024009,ΓΚΑΠ ΑΕ (094024009),170.67,,
ΨΜΟΣ4690ΒΧ-ΓΕ4,2024-09-23,ΕΝΤΑΛΜΑ ΠΛΗΡΩΜΗΣ ΒΙΑΝΕΞ ΑΕ (094031965),094031965,ΒΙΑΝΕΞ ΑΕ (094031965),4523.37,,
61ΡΚ4690ΒΧ-ΧΑ1,2024-09-23,ΕΝΤΑΛΜΑ ΠΛΗΡΩΜΗΣ ΒΙΑΝΕΞ ΑΕ (094031965),094031965,ΒΙΑΝΕΞ ΑΕ (094031965),1386.48,,
9Π6Ω4690ΒΧ-Τ63,2024-09-23,ΕΝΤΑΛΜΑ ΠΛΗΡΩΜΗΣ ΒΙΑΝΕΞ ΑΕ (094031965),094031965,ΒΙΑΝΕΞ ΑΕ (094031965),1930.71,,
9ΨΞΓ4690ΒΧ-ΕΚ8,2024-09-23,ΕΝΤΑΛΜΑ ΠΛΗΡΩΜΗΣ ΒΙΑΝ  Α.Ε. (094420252),094420252,ΒΙΑΝ  Α.Ε. (094420252),10.27,,
Ψ9ΡΠ4690ΒΧ-ΑΑΓ,2024-09-23,ΕΝΤΑΛΜΑ ΠΛΗΡΩΜΗΣ TAKEDA ΕΛΛΑΣ Α.Ε (094326651),094326651,TAKEDA ΕΛΛΑΣ Α.Ε (094326651),3809.88,,
6ΤΛΡ4690ΒΧ-6ΝΦ,2024-09-23,ΕΝΤΑΛΜΑ ΠΛΗΡΩΜΗΣ TAKEDA ΕΛΛΑΣ Α.Ε (094326651),094326651,TAKEDA ΕΛΛΑΣ Α.Ε (094326651),3809.88,,
ΨΧΝ44690ΒΧ-ΓΟ5,2024-09-23,ΕΝΤΑΛΜΑ ΠΛΗΡΩΜΗΣ TAKEDA ΕΛΛΑΣ Α.Ε (094326651),094326651,TAKEDA ΕΛΛΑΣ Α.Ε (094326651),3809.88,,
6ΩΛΒ4690ΒΧ-3ΨΘ,2024-09-23,ΕΝΤΑΛΜΑ ΠΛΗΡΩΜΗΣ TAKEDA ΕΛΛΑΣ Α.Ε (094326651),094326651,TAKEDA ΕΛΛΑΣ Α.Ε (094326651),3809.88,,
ΨΔ2Ν4690ΒΧ-ΖΣΛ,2024-09-23,ΕΝΤΑΛΜΑ ΠΛΗΡΩΜΗΣ TAKEDA ΕΛΛΑΣ Α.Ε (094326651),094326651,TAKEDA ΕΛΛΑΣ Α.Ε (094326651),3809.88,,
63ΥΗ4690ΒΧ-Λ5Φ,2024-09-23,ΕΝΤΑΛΜΑ ΠΛΗΡΩΜΗΣ TAKEDA ΕΛΛΑΣ Α.Ε (094326651),094326651,TAKEDA ΕΛΛΑΣ Α.Ε (094326651),3809.88,,
9ΠΛ04690ΒΧ-ΥΛΣ,2024-09-23,ΕΝΤΑΛΜΑ ΠΛΗΡΩΜΗΣ TAKEDA ΕΛΛΑΣ Α.Ε (094326651),094326651,TAKEDA ΕΛΛΑΣ Α.Ε (094326651),3809.88,,
ΨΩΨ54690ΒΧ-ΟΒ6,2024-09-23,ΕΝΤΑΛΜΑ ΠΛΗΡΩΜΗΣ WIN MEDICA FARMAKEYTIKH AE (998764807),998764807,WIN MEDICA FARMAKEYTIKH AE (998764807),117.95,,
ΡΓΕΖ4690ΒΧ-Θ4Υ,2024-09-23,ΕΝΤΑΛΜΑ ΠΛΗΡΩΜΗΣ SANOFI AVENTIS A.E.B.E. (094076485),094076485,SANOFI AVENTIS A.E.B.E. (094076485),2414.39,,
6ΧΘΗ4690ΒΧ-Μ99,2024-09-23,ΕΝΤΑΛΜΑ ΠΛΗΡΩΜΗΣ SANOFI AVENTIS A.E.B.E. (094076485),094076485,SANOFI AVENTIS A.E.B.E. (094076485),61.14,,
6ΩΗΣ4690ΒΧ-3ΑΗ,2024-09-23,ΕΝΤΑΛΜΑ ΠΛΗΡΩΜΗΣ SANOFI AVENTIS A.E.B.E. (094076485),094076485,SANOFI AVENTIS A.E.B.E. (094076485),3991.0,,
Ψ0Ε34690ΒΧ-ΒΥΧ,2024-09-23,ΕΝΤΑΛΜΑ ΠΛΗΡΩΜΗΣ SANOFI AVENTIS A.E.B.E. (094076485),094076485,SANOFI AVENTIS A.E.B.E. (094076485),2751.37,,
6Μ2Ν4690ΒΧ-54Α,2024-09-23,ΕΝΤΑΛΜΑ ΠΛΗΡΩΜΗΣ CSL Behring Ελλάς ΜΕΠΕ (999600478),999600478,CSL Behring Ελλάς ΜΕΠΕ (999600478),585.18,,
ΨΟ234690ΒΧ-ΕΝΩ,2024-09-23,ΕΝΤΑΛΜΑ ΠΛΗΡΩΜΗΣ LEO   ΦΑΡΜ/ΚΑ ΠΡ/ΝΤΑ ΕΛΛΑΣ ΕΠΕ (095003061),095003061,LEO   ΦΑΡΜ/ΚΑ ΠΡ/ΝΤΑ ΕΛΛΑΣ ΕΠΕ (095003061),3881.68,,
Ρ66Τ4690ΒΧ-9Λ9,2024-09-23,ΕΝΤΑΛΜΑ ΠΛΗΡΩΜΗΣ LEO   ΦΑΡΜ/ΚΑ ΠΡ/ΝΤΑ ΕΛΛΑΣ ΕΠΕ (095003061),095003061,LEO   ΦΑΡΜ/ΚΑ ΠΡ/ΝΤΑ ΕΛΛΑΣ ΕΠΕ (095003061),2845.92,,
927Π4690ΒΧ-ΚΙΔ,2024-09-23,ΕΝΤΑΛΜΑ ΠΛΗΡΩΜΗΣ LEO   ΦΑΡΜ/ΚΑ ΠΡ/ΝΤΑ ΕΛΛΑΣ ΕΠΕ (095003061),095003061,LEO   ΦΑΡΜ/ΚΑ ΠΡ/ΝΤΑ ΕΛΛΑΣ ΕΠΕ (095003061),3753.04,,
ΨΛ6Α4690ΒΧ-Ξ2Ν,2024-09-23,ΕΝΤΑΛΜΑ ΠΛΗΡΩΜΗΣ LEO   ΦΑΡΜ/ΚΑ ΠΡ/ΝΤΑ ΕΛΛΑΣ ΕΠΕ (095003061),095003061,LEO   ΦΑΡΜ/ΚΑ ΠΡ/ΝΤΑ ΕΛΛΑΣ ΕΠΕ (095003061),4649.53,,
66ΚΔ4690ΒΧ-Σ93,2024-09-23,ΕΝΤΑΛΜΑ ΠΛΗΡΩΜΗΣ UNI-PHARMA ΚΛΕΩΝ ΤΣΕΤΗΣ ΑΒΕΕ (094320634),094320634,UNI-PHARMA ΚΛΕΩΝ ΤΣΕΤΗΣ ΑΒΕΕ (094320634),947.72,,
9Γ9Β4690ΒΧ-Τ4Ξ,2024-09-23,ΕΝΤΑΛΜΑ ΠΛΗΡΩΜΗΣ ROCHE (HELLAS) A.E. (094159555),094159555,ROCHE (HELLAS) A.E. (094159555),513.64,,
Ψ7Μ44690ΒΧ-ΑΦΩ,2024-09-23,ΕΝΤΑΛΜΑ ΠΛΗΡΩΜΗΣ NOVARTIS (HELLAS) AEBE (094021290),094021290,NOVARTIS (HELLAS) AEBE (094021290),620.3,,
9ΟΩΛ4690ΒΧ-ΚΒΡ,2024-09-23,ΕΝΤΑΛΜΑ ΠΛΗΡΩΜΗΣ NOVARTIS (HELLAS) AEBE (094021290),094021290,NOVARTIS (HELLAS) AEBE (094021290),1154.12,,
62ΣΑ4690ΒΧ-2ΩΓ,2024-09-23,ΕΝΤΑΛΜΑ ΠΛΗΡΩΜΗΣ ELPEN  Α.Ε  ΦΑΡΜ/ΚΗ ΒΙΟΜ/ΝΙΑ (094025043),094025043,ELPEN  Α.Ε  ΦΑΡΜ/ΚΗ ΒΙΟΜ/ΝΙΑ (094025043),904.55,,
ΨΦΕ24690ΒΧ-ΚΜΗ,2024-09-23,ΕΝΤΑΛΜΑ ΠΛΗΡΩΜΗΣ ELPEN  Α.Ε  ΦΑΡΜ/ΚΗ ΒΙΟΜ/ΝΙΑ (094025043),094025043,ELPEN  Α.Ε  ΦΑΡΜ/ΚΗ ΒΙΟΜ/ΝΙΑ (094025043),156.29,,
ΡΗΡΜ4690ΒΧ-Ψ3Θ,2024-09-23,ΕΝΤΑΛΜΑ ΠΛΗΡΩΜΗΣ BOEHRINGER INGELHEIM ΕΛΛΑΣ ΑΕ (094140021),094140021,BOEHRINGER INGELHEIM ΕΛΛΑΣ ΑΕ (094140021),2016.97,,
ΡΚΝ54690ΒΧ-ΜΘΟ,2024-09-23,ΕΝΤΑΛΜΑ ΠΛΗΡΩΜΗΣ BOEHRINGER INGELHEIM ΕΛΛΑΣ ΑΕ (094140021),094140021,BOEHRINGER INGELHEIM ΕΛΛΑΣ ΑΕ (094140021),17.82,,
9ΖΛΛ4690ΒΧ-Σ7Μ,2024-09-23,ΕΝΤΑΛΜΑ ΠΛΗΡΩΜΗΣ BOEHRINGER INGELHEIM ΕΛΛΑΣ ΑΕ (094140021),094140021,BOEHRINGER INGELHEIM ΕΛΛΑΣ ΑΕ (094140021),4276.62,,
9ΨΣ74690ΒΧ-484,2024-09-23,ΕΝΤΑΛΜΑ ΠΛΗΡΩΜΗΣ BAYER ΕΛΛΑΣ ΑΒΕΕ (094056437),094056437,BAYER ΕΛΛΑΣ ΑΒΕΕ (094056437),3650.26,,
ΨΔ044690ΒΧ-21Θ,2024-09-05,ΕΝΤΑΛΜΑ ΠΛΗΡΩΜΗΣ ΤΕΜΑΚ (094279934),094279934,ΤΕΜΑΚ (094279934),323.09,,
ΡΒ2Ε4690ΒΧ-ΙΔ3,2024-09-05,ΕΝΤΑΛΜΑ ΠΛΗΡΩΜΗΣ ΤΕΜΑΚ (094279934),094279934,ΤΕΜΑΚ (094279934),3664.2,,
6ΕΑΠ4690ΒΧ-855,2024-09-05,ΕΝΤΑΛΜΑ ΠΛΗΡΩΜΗΣ ΤΕΜΑΚ (094279934),094279934,ΤΕΜΑΚ (094279934),1240.0,,
ΡΟΟΑ4690ΒΧ-61Ρ,2024-09-04,ΕΝΤΑΛΜΑ ΠΛΗΡΩΜΗΣ ΝΟΣΟΚΟΜΕΙΑΚΗ ΓΡΑΜΜΗ Α.Ε (094396063),094396063,ΝΟΣΟΚΟΜΕΙΑΚΗ ΓΡΑΜΜΗ Α.Ε (094396063),1661.1,,
6Λ7Χ4690ΒΧ-Ο34,2024-09-04,ΕΝΤΑΛΜΑ ΠΛΗΡΩΜΗΣ ΝΟΣΟΚΟΜΕΙΑΚΗ ΓΡΑΜΜΗ Α.Ε (094396063),094396063,ΝΟΣΟΚΟΜΕΙΑΚΗ ΓΡΑΜΜΗ Α.Ε (094396063),6944.0,,
ΨΝ1Α4690ΒΧ-Ε3Α,2024-10-02,ΕΝΤΑΛΜΑ ΠΛΗΡΩΜΗΣ ΄΄ΦΑΡΜΑ ΚΙΡΚΗ΄΄ ΕΙΡΗΝΗ ΦΕΡΕΝΤΙΝΟΥ ΜΟΝ/ΠΗ ΙΚΕ (800908604),800908604,΄΄ΦΑΡΜΑ ΚΙΡΚΗ΄΄ ΕΙΡΗΝΗ ΦΕΡΕΝΤΙΝΟΥ ΜΟΝ/ΠΗ ΙΚΕ (800908604),13174.55,,
63Υ34690ΒΧ-03Γ,2024-09-23,ΕΝΤΑΛΜΑ ΠΛΗΡΩΜΗΣ MEDOCHEMIE HELLAS A.E (094505179),094505179,MEDOCHEMIE HELLAS A.E (094505179),1646.98,,
ΨΘ354690ΒΧ-ΟΦΟ,2024-08-12,ΕΝΤΑΛΜΑ ΠΛΗΡΩΜΗΣ ΚΑΛΤΕΚ ΜΟΝΟΠΡΟΣΩΠΗ Α.Ε. (999307110),999307110,ΚΑΛΤΕΚ ΜΟΝΟΠΡΟΣΩΠΗ Α.Ε. (999307110),4034.78,,
9ΘΦ44690ΒΧ-ΣΩΝ,2024-08-12,ΕΝΤΑΛΜΑ ΠΛΗΡΩΜΗΣ ΚΑΛΤΕΚ ΜΟΝΟΠΡΟΣΩΠΗ Α.Ε. (999307110),999307110,ΚΑΛΤΕΚ ΜΟΝΟΠΡΟΣΩΠΗ Α.Ε. (999307110),4102.58,,
9ΗΓΜ4690ΒΧ-Σ04,2024-08-12,ΕΝΤΑΛΜΑ ΠΛΗΡΩΜΗΣ ΚΑΛΤΕΚ ΜΟΝΟΠΡΟΣΩΠΗ Α.Ε. (999307110),999307110,ΚΑΛΤΕΚ ΜΟΝΟΠΡΟΣΩΠΗ Α.Ε. (999307110),4034.78,,
9ΗΛ94690ΒΧ-89Η,2024-09-05,ΕΝΤΑΛΜΑ ΠΛΗΡΩΜΗΣ ΙΝΕΞ ΙΑΤΡΙΚΑ Α.Ε (094356041),094356041,ΙΝΕΞ ΙΑΤΡΙΚΑ Α.Ε (094356041),2091.18,,
6ΡΩΗ4690ΒΧ-ΨΝΣ,2024-09-05,ΕΝΤΑΛΜΑ ΠΛΗΡΩΜΗΣ ΙΝΕΞ ΙΑΤΡΙΚΑ Α.Ε (094356041),094356041,ΙΝΕΞ ΙΑΤΡΙΚΑ Α.Ε (094356041),165.55,,
9ΟΣ24690ΒΧ-ΜΧΞ,2024-09-05,ΕΝΤΑΛΜΑ ΠΛΗΡΩΜΗΣ ΙΝΕΞ ΙΑΤΡΙΚΑ Α.Ε (094356041),094356041,ΙΝΕΞ ΙΑΤΡΙΚΑ Α.Ε (094356041),4476.72,,
9ΛΣΝ4690ΒΧ-830,2024-08-09,ΕΝΤΑΛΜΑ ΠΛΗΡΩΜΗΣ ΓΕΝΙΚΗ ΧΗΜΙΚΩΝ ΠΡΟΙΟΝΤΩΝ Α.Ε (094133588),094133588,ΓΕΝΙΚΗ ΧΗΜΙΚΩΝ ΠΡΟΙΟΝΤΩΝ Α.Ε (094133588),2999.19,,
ΨΠ7Ν4690ΒΧ-1ΩΒ,2024-09-05,ΕΝΤΑΛΜΑ ΠΛΗΡΩΜΗΣ ΄΄ ΜΟΥΡΟΠΟΥΛΟΣ΄΄ ΒΙΟ/ΝΙΑ ΠΛΑΣΤΙΚΩΝ (081857450),081857450,΄΄ ΜΟΥΡΟΠΟΥΛΟΣ΄΄ ΒΙΟ/ΝΙΑ ΠΛΑΣΤΙΚΩΝ (081857450),2653.6,,
9ΟΙΘ4690ΒΧ-ΛΨΘ,2024-09-04,ΕΝΤΑΛΜΑ ΠΛΗΡΩΜΗΣ MEDI SUP AE (094447320),094447320,MEDI SUP AE (094447320),1688.76,,
ΨΗΡΛ4690ΒΧ-1Ο3,2024-09-04,ΕΝΤΑΛΜΑ ΠΛΗΡΩΜΗΣ MEDI SUP AE (094447320),094447320,MEDI SUP AE (094447320),4494.6,,
96ΙΥ4690ΒΧ-03Ν,2024-09-04,ΕΝΤΑΛΜΑ ΠΛΗΡΩΜΗΣ HOSPITECNICA ΕΠΕ (095526068),095526068,HOSPITECNICA ΕΠΕ (095526068),4640.38,,
9ΡΕΜ4690ΒΧ-ΙΚΙ,2024-09-05,ΕΝΤΑΛΜΑ ΠΛΗΡΩΜΗΣ DOCTUM ΦΑΡΜΑΚΕΥΤΙΚΗ ΑΕ (094070315),094070315,DOCTUM ΦΑΡΜΑΚΕΥΤΙΚΗ ΑΕ (094070315),6190.3,,
ΨΚ9Ε4690ΒΧ-ΕΕΙ,2024-08-12,ΕΝΤΑΛΜΑ ΠΛΗΡΩΜΗΣ BIOGENESYS IKE (099805952),099805952,BIOGENESYS IKE (099805952),4226.2,,
9ΔΝ74690ΒΧ-14Υ,2024-08-12,ΕΝΤΑΛΜΑ ΠΛΗΡΩΜΗΣ BIOGENESYS IKE (099805952),099805952,BIOGENESYS IKE (099805952),3952.74,,
ΨΥ0Χ4690ΒΧ-ΟΔΦ,2024-08-12,ΕΝΤΑΛΜΑ ΠΛΗΡΩΜΗΣ BIOGENESYS IKE (099805952),099805952,BIOGENESYS IKE (099805952),2823.87,,
9ΖΑ64690ΒΧ-Σ54,2024-08-19,ΕΝΤΑΛΜΑ ΠΛΗΡΩΜΗΣ ΔΗΜ.ΕΠΙΧ/ΣΗ ΗΛΕΚΤΡΙΣΜΟΥ ΑΕ (090000045),090000045,ΔΗΜ.ΕΠΙΧ/ΣΗ ΗΛΕΚΤΡΙΣΜΟΥ ΑΕ (090000045),72761.37,,
9ΦΙΕ4690ΒΧ-5Ο7,2024-10-10,ΕΝΤΑΛΜΑ ΠΛΗΡΩΜΗΣ ΒΕΡΟΝΙΚΑ ΜΟΥΚΑ τ. ΚΩΝ/ΝΟΥ (136677323),136677323,ΒΕΡΟΝΙΚΑ ΜΟΥΚΑ τ. ΚΩΝ/ΝΟΥ (136677323),1394.98,,
Ρ6ΨΧ4690ΒΧ-ΞΨΩ,2024-10-10,ΕΝΤΑΛΜΑ ΠΛΗΡΩΜΗΣ ΒΕΡΟΝΙΚΑ ΜΟΥΚΑ τ. ΚΩΝ/ΝΟΥ (136677323),136677323,ΒΕΡΟΝΙΚΑ ΜΟΥΚΑ τ. ΚΩΝ/ΝΟΥ (136677323),1135.33,,
6ΚΘ94690ΒΧ-ΟΟΡ,2024-10-10,ΕΝΤΑΛΜΑ ΠΛΗΡΩΜΗΣ ΒΕΡΟΝΙΚΑ ΜΟΥΚΑ τ. ΚΩΝ/ΝΟΥ (136677323),136677323,ΒΕΡΟΝΙΚΑ ΜΟΥΚΑ τ. ΚΩΝ/ΝΟΥ (136677323),1440.36,,
ΡΩΝΥ4690ΒΧ-Ξ8Ο,2024-10-10,ΕΝΤΑΛΜΑ ΠΛΗΡΩΜΗΣ ΒΕΡΟΝΙΚΑ ΜΟΥΚΑ τ. ΚΩΝ/ΝΟΥ (136677323),136677323,ΒΕΡΟΝΙΚΑ ΜΟΥΚΑ τ. ΚΩΝ/ΝΟΥ (136677323),1444.58,,
ΨΕ174690ΒΧ-8ΡΛ,2024-10-10,ΕΝΤΑΛΜΑ ΠΛΗΡΩΜΗΣ ΒΕΡΟΝΙΚΑ ΜΟΥΚΑ τ. ΚΩΝ/ΝΟΥ (136677323),136677323,ΒΕΡΟΝΙΚΑ ΜΟΥΚΑ τ. ΚΩΝ/ΝΟΥ (136677323),1350.83,,
63ΤΘ4690ΒΧ-17Π,2024-10-10,ΕΝΤΑΛΜΑ ΠΛΗΡΩΜΗΣ RONTIS HELLAS AEBE (095335610),095335610,RONTIS HELLAS AEBE (095335610),2054.0,,
Ρ4Τ04690ΒΧ-1Λ7,2024-10-10,ΕΝΤΑΛΜΑ ΠΛΗΡΩΜΗΣ ELFAMED AE (800378686),800378686,ELFAMED AE (800378686),1614.59,,
9ΧΠΝ4690ΒΧ-ΦΧ2,2024-10-10,ΕΝΤΑΛΜΑ ΠΛΗΡΩΜΗΣ BIOTRANS A.E (999506681),999506681,BIOTRANS A.E (999506681),1134.6,,
ΨΖ2Υ4690ΒΧ-ΖΦΝ,2024-10-02,ΕΝΤΑΛΜΑ ΠΛΗΡΩΜΗΣ ΔΙΣΝΙΤΣΑΣ ΛΕΩΝΙΔΑΣ (029818051),029818051,ΔΙΣΝΙΤΣΑΣ ΛΕΩΝΙΔΑΣ (029818051),3389.0,,
9ΦΓΘ4690ΒΧ-ΖΥ7,2024-10-02,ΕΝΤΑΛΜΑ ΠΛΗΡΩΜΗΣ iDX P.C (800725375),800725375,iDX P.C (800725375),4999.76,,
9Θ1Π4690ΒΧ-1ΛΜ,2024-09-23,ΕΝΤΑΛΜΑ ΠΛΗΡΩΜΗΣ ΜΠΕΝΕΖΗ ΣΟΦΙΑ ΗΛΙΑΣ (105805168),105805168,ΜΠΕΝΕΖΗ ΣΟΦΙΑ ΗΛΙΑΣ (105805168),434.44,,
9ΡΡΦ4690ΒΧ-Π0Ρ,2024-09-23,ΕΝΤΑΛΜΑ ΠΛΗΡΩΜΗΣ ΓΕΩΡΓΙΟΣ ΜΑΡΚΟΥΙΖΟΣ ΓΕΝΙΚΟΣ ΧΕΙΡΟΥΡΓΟΣ (022050942),022050942,ΓΕΩΡΓΙΟΣ ΜΑΡΚΟΥΙΖΟΣ ΓΕΝΙΚΟΣ ΧΕΙΡΟΥΡΓΟΣ (022050942),3317.93,,
6ΝΜ84690ΒΧ-8Σ0,2024-09-23,ΕΝΤΑΛΜΑ ΠΛΗΡΩΜΗΣ ΓΕΩΡΓΙΟΣ ΜΑΡΚΟΥΙΖΟΣ ΓΕΝΙΚΟΣ ΧΕΙΡΟΥΡΓΟΣ (022050942),022050942,ΓΕΩΡΓΙΟΣ ΜΑΡΚΟΥΙΖΟΣ ΓΕΝΙΚΟΣ ΧΕΙΡΟΥΡΓΟΣ (022050942),3504.62,,
ΨΜΕΝ4690ΒΧ-703,2024-09-23,ΕΝΤΑΛΜΑ ΠΛΗΡΩΜΗΣ ΓΕΩΡΓΙΟΣ ΜΑΡΚΟΥΙΖΟΣ ΓΕΝΙΚΟΣ ΧΕΙΡΟΥΡΓΟΣ (022050942),022050942,ΓΕΩΡΓΙΟΣ ΜΑΡΚΟΥΙΖΟΣ ΓΕΝΙΚΟΣ ΧΕΙΡΟΥΡΓΟΣ (022050942),3504.62,,
6ΜΝΙ4690ΒΧ-ΑΦ3,2024-09-23,ΕΝΤΑΛΜΑ ΠΛΗΡΩΜΗΣ ΓΕΩΡΓΙΟΣ ΜΑΡΚΟΥΙΖΟΣ ΓΕΝΙΚΟΣ ΧΕΙΡΟΥΡΓΟΣ (022050942),022050942,ΓΕΩΡΓΙΟΣ ΜΑΡΚΟΥΙΖΟΣ ΓΕΝΙΚΟΣ ΧΕΙΡΟΥΡΓΟΣ (022050942),3484.87,,
9ΞΑ14690ΒΧ-ΕΤΓ,2024-08-09,ΕΝΤΑΛΜΑ ΠΛΗΡΩΜΗΣ ΓΕΝΙΚΗ ΧΗΜΙΚΩΝ ΠΡΟΙΟΝΤΩΝ Α.Ε (094133588),094133588,ΓΕΝΙΚΗ ΧΗΜΙΚΩΝ ΠΡΟΙΟΝΤΩΝ Α.Ε (094133588),11391.42,,
9ΨΝΙ4690ΒΧ-ΟΗ1,2024-09-05,ΕΝΤΑΛΜΑ ΠΛΗΡΩΜΗΣ ΑΤΟΜΙΚΗ ΦΡΟΝΤΙΔΑ ΑΒΕΕ (998476060),998476060,ΑΤΟΜΙΚΗ ΦΡΟΝΤΙΔΑ ΑΒΕΕ (998476060),1753.04,,
ΨΓΖ34690ΒΧ-09Δ,2024-09-04,ΕΝΤΑΛΜΑ ΠΛΗΡΩΜΗΣ INTER MEDICA ΕΜΜ.Τ.ΤΖΑΝΙΔΑΚΗΣ (011651035),011651035,INTER MEDICA ΕΜΜ.Τ.ΤΖΑΝΙΔΑΚΗΣ (011651035),1779.4,,
ΨΑΑΠ4690ΒΧ-ΕΜΑ,2024-09-04,ΕΝΤΑΛΜΑ ΠΛΗΡΩΜΗΣ ΕΙΡΗΝΗ ΙΩΑΚΕΙΜ   ΣΙΑ Ε.Ε (998696382),998696382,ΕΙΡΗΝΗ ΙΩΑΚΕΙΜ   ΣΙΑ Ε.Ε (998696382),1243.0,,
620Ξ4690ΒΧ-3ΨΖ,2024-09-04,ΕΝΤΑΛΜΑ ΠΛΗΡΩΜΗΣ Α.ΚΑΡΥΠΙΔΗΣ Α.Β.Ε.Ε (094098300),094098300,Α.ΚΑΡΥΠΙΔΗΣ Α.Β.Ε.Ε (094098300),1420.79,,
6Λ0Ξ4690ΒΧ-851,2024-08-12,ΕΝΤΑΛΜΑ ΠΛΗΡΩΜΗΣ Health and Iasis Medical Products (800572342),800572342,Health and Iasis Medical Products (800572342),2750.48,,
ΨΙΖΘ4690ΒΧ-ΑΘΗ,2024-09-05,ΕΝΤΑΛΜΑ ΠΛΗΡΩΜΗΣ ΚΑΧΙΩΝΗΣ Α.Π.ΙΩΑΚΕΙΜΙΔΟΥ Ο.Ε KI-Constructions (998170464),998170464,ΚΑΧΙΩΝΗΣ Α.Π.ΙΩΑΚΕΙΜΙΔΟΥ Ο.Ε KI-Constructions (998170464),347.2,,
9Ζ3Ω4690ΒΧ-ΧΨ7,2024-09-05,ΕΝΤΑΛΜΑ ΠΛΗΡΩΜΗΣ ΚΑΧΙΩΝΗΣ Α.Π.ΙΩΑΚΕΙΜΙΔΟΥ Ο.Ε KI-Constructions (998170464),998170464,ΚΑΧΙΩΝΗΣ Α.Π.ΙΩΑΚΕΙΜΙΔΟΥ Ο.Ε KI-Constructions (998170464),183.52,,
604Θ4690ΒΧ-ΤΦ8,2024-09-04,ΕΝΤΑΛΜΑ ΠΛΗΡΩΜΗΣ MEDI SUP AE (094447320),094447320,MEDI SUP AE (094447320),195.89,,
ΨΠΩ84690ΒΧ-ΟΣ1,2024-09-04,ΕΝΤΑΛΜΑ ΠΛΗΡΩΜΗΣ MEDI SUP AE (094447320),094447320,MEDI SUP AE (094447320),710.02,,
Ψ7294690ΒΧ-ΧΡΒ,2024-09-04,ΕΝΤΑΛΜΑ ΠΛΗΡΩΜΗΣ SCITEC ΙΑΤΡΙΚΑ ΣΥΣΤΗΜΑΤΑ Ε.Ε (094457478),094457478,SCITEC ΙΑΤΡΙΚΑ ΣΥΣΤΗΜΑΤΑ Ε.Ε (094457478),31.62,,
ΨΑ4Ζ4690ΒΧ-7ΟΔ,2024-09-04,ΕΝΤΑΛΜΑ ΠΛΗΡΩΜΗΣ Γ.ΣΑΜΑΡΑΣ ΑΒΕΕ (094373861),094373861,Γ.ΣΑΜΑΡΑΣ ΑΒΕΕ (094373861),290.16,,
6ΛΧΩ4690ΒΧ-ΨΗΡ,2024-09-04,ΕΝΤΑΛΜΑ ΠΛΗΡΩΜΗΣ Rethink ΑΕΒΕ (999125269),999125269,Rethink ΑΕΒΕ (999125269),781.2,,
658Ι4690ΒΧ-ΤΚΛ,2024-09-04,ΕΝΤΑΛΜΑ ΠΛΗΡΩΜΗΣ ΜΙΧΑΗΛ ΣΚΑΜΑΓΚΑΣ ΑΒΕΕ (999717761),999717761,ΜΙΧΑΗΛ ΣΚΑΜΑΓΚΑΣ ΑΒΕΕ (999717761),36.2,,
ΡΨ584690ΒΧ-ΟΧΛ,2024-09-04,ΕΝΤΑΛΜΑ ΠΛΗΡΩΜΗΣ ΜΙΧΑΗΛ ΣΚΑΜΑΓΚΑΣ ΑΒΕΕ (999717761),999717761,ΜΙΧΑΗΛ ΣΚΑΜΑΓΚΑΣ ΑΒΕΕ (999717761),455.52,,
6ΘΑΛ4690ΒΧ-ΟΜ2,2024-09-04,ΕΝΤΑΛΜΑ ΠΛΗΡΩΜΗΣ VETERY SERVICE HELLAS ΝΑΚΑΣ ΣΠΥΡΙΔΩΝ (061755570),061755570,VETERY SERVICE HELLAS ΝΑΚΑΣ ΣΠΥΡΙΔΩΝ (061755570),124.0,,
6Ξ7Ο4690ΒΧ-3ΒΨ,2024-09-04,ΕΝΤΑΛΜΑ ΠΛΗΡΩΜΗΣ ΕΜ.Γ.ΛΑΒΔΑΚΗΣ Ο.Ε (081576638),081576638,ΕΜ.Γ.ΛΑΒΔΑΚΗΣ Ο.Ε (081576638),551.8,,
6ΩΝΚ4690ΒΧ-ΨΩΝ,2024-09-04,ΕΝΤΑΛΜΑ ΠΛΗΡΩΜΗΣ ΥΙΟΙ ΧΡΙΣΤΑΚΟΥ ΣΕΒΑΣΛΙΑΝ Ο.Ε (081570019),081570019,ΥΙΟΙ ΧΡΙΣΤΑΚΟΥ ΣΕΒΑΣΛΙΑΝ Ο.Ε (081570019),86.8,,
ΡΟΞΚ4690ΒΧ-7ΤΔ,2024-09-04,ΕΝΤΑΛΜΑ ΠΛΗΡΩΜΗΣ ΑΦΟΙ ΠΑΠΑΝΑΣΤΑΣΙΟΥ Ο.Ε. (081308853),081308853,ΑΦΟΙ ΠΑΠΑΝΑΣΤΑΣΙΟΥ Ο.Ε. (081308853),451.36,,
6ΞΣ14690ΒΧ-ΥΝΗ,2024-08-06,ΕΝΤΑΛΜΑ ΠΛΗΡΩΜΗΣ ΒΑΣΙΛΟΠΟΥΛΟΣ ΓΕΩΡΓΙΟΣ (022403592),022403592,ΒΑΣΙΛΟΠΟΥΛΟΣ ΓΕΩΡΓΙΟΣ (022403592),6095.66,,
93ΤΙ4690ΒΧ-ΓΨΥ,2024-08-19,ΕΝΤΑΛΜΑ ΠΛΗΡΩΜΗΣ ΔΗΜΟΣ ΛΕΥΚΑΔΑΣ (997916281),997916281,ΔΗΜΟΣ ΛΕΥΚΑΔΑΣ (997916281),11196.0,,
ΨΝ3Ω4690ΒΧ-ΤΦΞ,2024-08-19,ΕΝΤΑΛΜΑ ΠΛΗΡΩΜΗΣ ΟΡΓ/ΣΜΟΣ ΤΗΛΕΠ/ΝΙΩΝ ΕΛΛΑΔΟΣ ΑΕ (094019245),094019245,ΟΡΓ/ΣΜΟΣ ΤΗΛΕΠ/ΝΙΩΝ ΕΛΛΑΔΟΣ ΑΕ (094019245),123.8,,
96ΞΤ4690ΒΧ-Ψ1Φ,2024-08-19,ΕΝΤΑΛΜΑ ΠΛΗΡΩΜΗΣ ΟΡΓ/ΣΜΟΣ ΤΗΛΕΠ/ΝΙΩΝ ΕΛΛΑΔΟΣ ΑΕ (094019245),094019245,ΟΡΓ/ΣΜΟΣ ΤΗΛΕΠ/ΝΙΩΝ ΕΛΛΑΔΟΣ ΑΕ (094019245),17.98,,
9ΚΗ14690ΒΧ-8Ψ5,2024-08-19,ΕΝΤΑΛΜΑ ΠΛΗΡΩΜΗΣ ΟΡΓ/ΣΜΟΣ ΤΗΛΕΠ/ΝΙΩΝ ΕΛΛΑΔΟΣ ΑΕ (094019245),094019245,ΟΡΓ/ΣΜΟΣ ΤΗΛΕΠ/ΝΙΩΝ ΕΛΛΑΔΟΣ ΑΕ (094019245),35.52,,
ΨΠΠΟ4690ΒΧ-ΚΔΜ,2024-08-19,ΕΝΤΑΛΜΑ ΠΛΗΡΩΜΗΣ ΟΡΓ/ΣΜΟΣ ΤΗΛΕΠ/ΝΙΩΝ ΕΛΛΑΔΟΣ ΑΕ (094019245),094019245,ΟΡΓ/ΣΜΟΣ ΤΗΛΕΠ/ΝΙΩΝ ΕΛΛΑΔΟΣ ΑΕ (094019245),109.8,,
6Α2Φ4690ΒΧ-ΕΦΖ,2024-08-19,ΕΝΤΑΛΜΑ ΠΛΗΡΩΜΗΣ ΟΡΓ/ΣΜΟΣ ΤΗΛΕΠ/ΝΙΩΝ ΕΛΛΑΔΟΣ ΑΕ (094019245),094019245,ΟΡΓ/ΣΜΟΣ ΤΗΛΕΠ/ΝΙΩΝ ΕΛΛΑΔΟΣ ΑΕ (094019245),119.26,,
6ΜΝ04690ΒΧ-2ΛΛ,2024-08-19,ΕΝΤΑΛΜΑ ΠΛΗΡΩΜΗΣ ΟΡΓ/ΣΜΟΣ ΤΗΛΕΠ/ΝΙΩΝ ΕΛΛΑΔΟΣ ΑΕ (094019245),094019245,ΟΡΓ/ΣΜΟΣ ΤΗΛΕΠ/ΝΙΩΝ ΕΛΛΑΔΟΣ ΑΕ (094019245),69.93,,
9ΒΣΖ4690ΒΧ-ΠΤΠ,2024-08-19,ΕΝΤΑΛΜΑ ΠΛΗΡΩΜΗΣ ΟΡΓ/ΣΜΟΣ ΤΗΛΕΠ/ΝΙΩΝ ΕΛΛΑΔΟΣ ΑΕ (094019245),094019245,ΟΡΓ/ΣΜΟΣ ΤΗΛΕΠ/ΝΙΩΝ ΕΛΛΑΔΟΣ ΑΕ (094019245),922.85,,
6ΝΓ64690ΒΧ-ΖΧΒ,2024-08-19,ΕΝΤΑΛΜΑ ΠΛΗΡΩΜΗΣ ΟΡΓ/ΣΜΟΣ ΤΗΛΕΠ/ΝΙΩΝ ΕΛΛΑΔΟΣ ΑΕ (094019245),094019245,ΟΡΓ/ΣΜΟΣ ΤΗΛΕΠ/ΝΙΩΝ ΕΛΛΑΔΟΣ ΑΕ (094019245),10.0,,
ΨΘΚΘ4690ΒΧ-ΙΔΘ,2024-08-12,ΕΝΤΑΛΜΑ ΠΛΗΡΩΜΗΣ ΚΑΛΤΕΚ ΜΟΝΟΠΡΟΣΩΠΗ Α.Ε. (999307110),999307110,ΚΑΛΤΕΚ ΜΟΝΟΠΡΟΣΩΠΗ Α.Ε. (999307110),4067.2,,
Ψ4ΛΞ4690ΒΧ-ΞΗΠ,2024-08-09,ΕΝΤΑΛΜΑ ΠΛΗΡΩΜΗΣ ΓΕΝΙΚΗ ΧΗΜΙΚΩΝ ΠΡΟΙΟΝΤΩΝ Α.Ε (094133588),094133588,ΓΕΝΙΚΗ ΧΗΜΙΚΩΝ ΠΡΟΙΟΝΤΩΝ Α.Ε (094133588),1585.3,,
ΨΥΕ44690ΒΧ-8ΥΘ,2024-08-09,ΕΝΤΑΛΜΑ ΠΛΗΡΩΜΗΣ ΓΕΝΙΚΗ ΧΗΜΙΚΩΝ ΠΡΟΙΟΝΤΩΝ Α.Ε (094133588),094133588,ΓΕΝΙΚΗ ΧΗΜΙΚΩΝ ΠΡΟΙΟΝΤΩΝ Α.Ε (094133588),1157.12,,
60224690ΒΧ-Ρ7Γ,2024-08-09,ΕΝΤΑΛΜΑ ΠΛΗΡΩΜΗΣ ΓΕΝΙΚΗ ΧΗΜΙΚΩΝ ΠΡΟΙΟΝΤΩΝ Α.Ε (094133588),094133588,ΓΕΝΙΚΗ ΧΗΜΙΚΩΝ ΠΡΟΙΟΝΤΩΝ Α.Ε (094133588),3042.14,,
9ΒΨΠ4690ΒΧ-ΕΣ9,2024-08-09,ΕΝΤΑΛΜΑ ΠΛΗΡΩΜΗΣ ΒΕΡΜΑ ΝΤΡΑΓΚΣ ΑΒΕΕ (099363426),099363426,ΒΕΡΜΑ ΝΤΡΑΓΚΣ ΑΒΕΕ (099363426),2221.47,,
ΨΝ3Σ4690ΒΧ-Τ63,2024-08-09,ΕΝΤΑΛΜΑ ΠΛΗΡΩΜΗΣ ΒΕΡΜΑ ΝΤΡΑΓΚΣ ΑΒΕΕ (099363426),099363426,ΒΕΡΜΑ ΝΤΡΑΓΚΣ ΑΒΕΕ (099363426),3374.63,,
ΨΜ9Γ4690ΒΧ-Ο6Π,2024-08-19,ΕΝΤΑΛΜΑ ΠΛΗΡΩΜΗΣ ΔΗΜΟΣ ΛΕΥΚΑΔΑΣ (997916281),997916281,ΔΗΜΟΣ ΛΕΥΚΑΔΑΣ (997916281),21.0,,
ΨΠ104690ΒΧ-Σ8Β,2024-08-19,ΕΝΤΑΛΜΑ ΠΛΗΡΩΜΗΣ ΔΗΜΟΣ ΛΕΥΚΑΔΑΣ (997916281),997916281,ΔΗΜΟΣ ΛΕΥΚΑΔΑΣ (997916281),13.18,,
9Μ714690ΒΧ-0ΨΣ,2024-08-19,ΕΝΤΑΛΜΑ ΠΛΗΡΩΜΗΣ ΔΗΜΟΣ ΛΕΥΚΑΔΑΣ (997916281),997916281,ΔΗΜΟΣ ΛΕΥΚΑΔΑΣ (997916281),39.1,,
ΨΝ7Φ4690ΒΧ-Ψ5Ω,2024-08-19,ΕΝΤΑΛΜΑ ΠΛΗΡΩΜΗΣ ΔΗΜ.ΕΠΙΧ/ΣΗ ΗΛΕΚΤΡΙΣΜΟΥ ΑΕ (090000045),090000045,ΔΗΜ.ΕΠΙΧ/ΣΗ ΗΛΕΚΤΡΙΣΜΟΥ ΑΕ (090000045),184.0,,
ΨΙΖΕ4690ΒΧ-ΚΛΒ,2024-08-19,ΕΝΤΑΛΜΑ ΠΛΗΡΩΜΗΣ ΔΗΜ.ΕΠΙΧ/ΣΗ ΗΛΕΚΤΡΙΣΜΟΥ ΑΕ (090000045),090000045,ΔΗΜ.ΕΠΙΧ/ΣΗ ΗΛΕΚΤΡΙΣΜΟΥ ΑΕ (090000045),28.0,,
9ΟΨ54690ΒΧ-ΝΚΛ,2024-08-19,ΕΝΤΑΛΜΑ ΠΛΗΡΩΜΗΣ ΔΗΜ.ΕΠΙΧ/ΣΗ ΗΛΕΚΤΡΙΣΜΟΥ ΑΕ (090000045),090000045,ΔΗΜ.ΕΠΙΧ/ΣΗ ΗΛΕΚΤΡΙΣΜΟΥ ΑΕ (090000045),660.0,,
63ΥΥ4690ΒΧ-5ΟΒ,2024-08-13,ΕΝΤΑΛΜΑ ΠΛΗΡΩΜΗΣ ΖΑΒΙΤΣΑΝΟΣ ΙΩΑΝΝΗΣ ΑΠΟΣΤ. (010138137),010138137,ΖΑΒΙΤΣΑΝΟΣ ΙΩΑΝΝΗΣ ΑΠΟΣΤ. (010138137),4500.0,,
6Λ9Τ4690ΒΧ-ΡΛΙ,2024-08-22,ΕΝΤΑΛΜΑ ΠΛΗΡΩΜΗΣ ΒΕΡΟΝΙΚΑ ΜΟΥΚΑ τ. ΚΩΝ/ΝΟΥ (136677323),136677323,ΒΕΡΟΝΙΚΑ ΜΟΥΚΑ τ. ΚΩΝ/ΝΟΥ (136677323),1426.11,,
94804690ΒΧ-ΤΝΖ,2024-08-22,ΕΝΤΑΛΜΑ ΠΛΗΡΩΜΗΣ ΒΕΡΟΝΙΚΑ ΜΟΥΚΑ τ. ΚΩΝ/ΝΟΥ (136677323),136677323,ΒΕΡΟΝΙΚΑ ΜΟΥΚΑ τ. ΚΩΝ/ΝΟΥ (136677323),1226.77,,
Ψ9Ε94690ΒΧ-ΠΡ6,2024-08-22,ΕΝΤΑΛΜΑ ΠΛΗΡΩΜΗΣ ΒΕΡΟΝΙΚΑ ΜΟΥΚΑ τ. ΚΩΝ/ΝΟΥ (136677323),136677323,ΒΕΡΟΝΙΚΑ ΜΟΥΚΑ τ. ΚΩΝ/ΝΟΥ (136677323),813.23,,
6ΙΥΣ4690ΒΧ-ΩΣ8,2024-08-22,ΕΝΤΑΛΜΑ ΠΛΗΡΩΜΗΣ ΒΕΡΟΝΙΚΑ ΜΟΥΚΑ τ. ΚΩΝ/ΝΟΥ (136677323),136677323,ΒΕΡΟΝΙΚΑ ΜΟΥΚΑ τ. ΚΩΝ/ΝΟΥ (136677323),1394.55,,
ΨΙΡΛ4690ΒΧ-Β2Ξ,2024-08-22,ΕΝΤΑΛΜΑ ΠΛΗΡΩΜΗΣ ΜΠΕΚΙΑΡΗΣ ΔΗΜΗΤΡΙΟΣ (042627775),042627775,ΜΠΕΚΙΑΡΗΣ ΔΗΜΗΤΡΙΟΣ (042627775),533.2,,
ΨΓ4Π4690ΒΧ-ΛΔΣ,2024-08-22,ΕΝΤΑΛΜΑ ΠΛΗΡΩΜΗΣ iDX P.C (800725375),800725375,iDX P.C (800725375),1526.4,,
6Υ9Η4690ΒΧ-ΤΦΘ,2024-08-22,ΕΝΤΑΛΜΑ ΠΛΗΡΩΜΗΣ iDX P.C (800725375),800725375,iDX P.C (800725375),2226.0,,
6ΥΛΧ4690ΒΧ-ΒΧΛ,2024-08-13,ΕΝΤΑΛΜΑ ΠΛΗΡΩΜΗΣ Λεωνίδας Ψωμόπουλος   ΣΙΑ Ε.Ε. (998810619),998810619,Λεωνίδας Ψωμόπουλος   ΣΙΑ Ε.Ε. (998810619),117.94,,
9ΛΘΓ4690ΒΧ-3ΗΟ,2024-08-13,ΕΝΤΑΛΜΑ ΠΛΗΡΩΜΗΣ ΚΟΝΤΟΓΙΑΝΝΗ ΟΥΡΑΝΙΑ (301366552),301366552,ΚΟΝΤΟΓΙΑΝΝΗ ΟΥΡΑΝΙΑ (301366552),3160.68,,
97ΕΣ4690ΒΧ-5ΩΛ,2024-08-12,ΕΝΤΑΛΜΑ ΠΛΗΡΩΜΗΣ ΚΑΛΤΕΚ ΜΟΝΟΠΡΟΣΩΠΗ Α.Ε. (999307110),999307110,ΚΑΛΤΕΚ ΜΟΝΟΠΡΟΣΩΠΗ Α.Ε. (999307110),4067.2,,
9ΒΣ04690ΒΧ-ΡΞΗ,2024-08-12,ΕΝΤΑΛΜΑ ΠΛΗΡΩΜΗΣ ΚΑΛΤΕΚ ΜΟΝΟΠΡΟΣΩΠΗ Α.Ε. (999307110),999307110,ΚΑΛΤΕΚ ΜΟΝΟΠΡΟΣΩΠΗ Α.Ε. (999307110),4067.2,,
ΨΜ4Η4690ΒΧ-Λ1Θ,2024-08-12,ΕΝΤΑΛΜΑ ΠΛΗΡΩΜΗΣ ΚΑΛΤΕΚ ΜΟΝΟΠΡΟΣΩΠΗ Α.Ε. (999307110),999307110,ΚΑΛΤΕΚ ΜΟΝΟΠΡΟΣΩΠΗ Α.Ε. (999307110),4178.62,,
9ΖΘ34690ΒΧ-Θ05,2024-08-12,ΕΝΤΑΛΜΑ ΠΛΗΡΩΜΗΣ Health and Iasis Medical Products (800572342),800572342,Health and Iasis Medical Products (800572342),3295.84,,
983Τ4690ΒΧ-ΙΧΝ,2024-08-12,ΕΝΤΑΛΜΑ ΠΛΗΡΩΜΗΣ Health and Iasis Medical Products (800572342),800572342,Health and Iasis Medical Products (800572342),3099.68,,
9ΖΩ74690ΒΧ-67Σ,2024-08-12,ΕΝΤΑΛΜΑ ΠΛΗΡΩΜΗΣ BIOGENESYS IKE (099805952),099805952,BIOGENESYS IKE (099805952),2575.27,,
984Ι4690ΒΧ-6ΦΙ,2024-08-12,ΕΝΤΑΛΜΑ ΠΛΗΡΩΜΗΣ BIOGENESYS IKE (099805952),099805952,BIOGENESYS IKE (099805952),2575.27,,
95ΟΖ4690ΒΧ-Ξ9Λ,2024-08-12,ΕΝΤΑΛΜΑ ΠΛΗΡΩΜΗΣ ALLMED E.E. (997564511),997564511,ALLMED E.E. (997564511),6454.6,,
Ψ73Ψ4690ΒΧ-ΧΙ5,2024-08-12,ΕΝΤΑΛΜΑ ΠΛΗΡΩΜΗΣ ALLMED E.E. (997564511),997564511,ALLMED E.E. (997564511),1159.38,,
61004690ΒΧ-Ν32,2024-08-12,ΕΝΤΑΛΜΑ ΠΛΗΡΩΜΗΣ ALLMED E.E. (997564511),997564511,ALLMED E.E. (997564511),3864.6,,
6ΥΞ64690ΒΧ-ΗΝΞ,2024-08-12,ΕΝΤΑΛΜΑ ΠΛΗΡΩΜΗΣ BIOGENESYS IKE (099805952),099805952,BIOGENESYS IKE (099805952),2575.27,,
Ρ7ΑΒ4690ΒΧ-Χ51,2024-08-13,ΕΝΤΑΛΜΑ ΠΛΗΡΩΜΗΣ ΧΑΡΑΛΑΜΠΟΣ Σ.ΛΙΒΙΤΣΑΝΟΣ (049209027),049209027,ΧΑΡΑΛΑΜΠΟΣ Σ.ΛΙΒΙΤΣΑΝΟΣ (049209027),450.0,,
96Ψ84690ΒΧ-ΑΟΘ,2024-08-13,ΕΝΤΑΛΜΑ ΠΛΗΡΩΜΗΣ Χ.   Β. ΠΑΠΑΧΡΗΣΤΟΣ Ο.Ε./COPY HOUSE (801675377),801675377,Χ.   Β. ΠΑΠΑΧΡΗΣΤΟΣ Ο.Ε./COPY HOUSE (801675377),84.94,,
9Λ8Β4690ΒΧ-6Θ1,2024-08-13,ΕΝΤΑΛΜΑ ΠΛΗΡΩΜΗΣ ΣΤΡΑΤΗΣ ΝΙΚ.ΑΡΑΒΑΝΗΣ ΣΙΑ Ο.Ε (092053060),092053060,ΣΤΡΑΤΗΣ ΝΙΚ.ΑΡΑΒΑΝΗΣ ΣΙΑ Ο.Ε (092053060),910.96,,
6ΓΧΤ4690ΒΧ-Ο35,2024-08-13,ΕΝΤΑΛΜΑ ΠΛΗΡΩΜΗΣ ΣΟΦΙΑ   ΕΥΑΓΓΕΛΙΑ ΓΡΑΨΑ Ο.Ε (082251958),082251958,ΣΟΦΙΑ   ΕΥΑΓΓΕΛΙΑ ΓΡΑΨΑ Ο.Ε (082251958),70.0,,
63ΖΘ4690ΒΧ-ΛΛ7,2024-08-13,ΕΝΤΑΛΜΑ ΠΛΗΡΩΜΗΣ ΝΙΚΑΙΑ ΤΡΟΦΟΔΟΣΙΕΣ ΜΟΝΟΠΡΟΣΩΠΗ ΙΚΕ (801393800),801393800,ΝΙΚΑΙΑ ΤΡΟΦΟΔΟΣΙΕΣ ΜΟΝΟΠΡΟΣΩΠΗ ΙΚΕ (801393800),1184.51,,
ΨΓΔ84690ΒΧ-9ΚΘ,2024-08-13,ΕΝΤΑΛΜΑ ΠΛΗΡΩΜΗΣ ΜΠΑΛΑΣΚΑΣ ΓΕΩΡΓΙΟΣ (073571028),073571028,ΜΠΑΛΑΣΚΑΣ ΓΕΩΡΓΙΟΣ (073571028),1448.18,,
9ΛΟΞ4690ΒΧ-ΞΤΣ,2024-08-13,ΕΝΤΑΛΜΑ ΠΛΗΡΩΜΗΣ ΛΑΖΑΡΗΣ ΠΕΤΡΟΣ (024859321),024859321,ΛΑΖΑΡΗΣ ΠΕΤΡΟΣ (024859321),694.95,,
ΨΣΦΔ4690ΒΧ-1ΝΓ,2024-08-13,ΕΝΤΑΛΜΑ ΠΛΗΡΩΜΗΣ ΛΑΖΑΡΗΣ ΠΕΤΡΟΣ (024859321),024859321,ΛΑΖΑΡΗΣ ΠΕΤΡΟΣ (024859321),1158.25,,
6ΜΕΒ4690ΒΧ-ΚΕ0,2024-08-13,ΕΝΤΑΛΜΑ ΠΛΗΡΩΜΗΣ ΚΗΡΟΛΙΒΑΝΟΥ ΙΩΑΝΝΑ ΠΑΝΤΑΖΗΣ (156368357),156368357,ΚΗΡΟΛΙΒΑΝΟΥ ΙΩΑΝΝΑ ΠΑΝΤΑΖΗΣ (156368357),40.0,,
ΨΡ7Ρ4690ΒΧ-Β4Κ,2024-08-13,ΕΝΤΑΛΜΑ ΠΛΗΡΩΜΗΣ ΚΑΤΩΠΟΔΗΣ Μ.-ΚΑΒΒΑΔΑ Ε.Ε.Π.Ε. (997917019),997917019,ΚΑΤΩΠΟΔΗΣ Μ.-ΚΑΒΒΑΔΑ Ε.Ε.Π.Ε. (997917019),1674.62,,
9Δ0Ξ4690ΒΧ-73Μ,2024-08-13,ΕΝΤΑΛΜΑ ΠΛΗΡΩΜΗΣ ΚΑΚΑΒΟΣ Ι.ΔΗΜΗΤΡΙΟΣ (119540879),119540879,ΚΑΚΑΒΟΣ Ι.ΔΗΜΗΤΡΙΟΣ (119540879),262.16,,
Ψ0Ζ34690ΒΧ-Κ30,2024-08-13,ΕΝΤΑΛΜΑ ΠΛΗΡΩΜΗΣ ΚΑΚΑΒΟΣ Ι.ΔΗΜΗΤΡΙΟΣ (119540879),119540879,ΚΑΚΑΒΟΣ Ι.ΔΗΜΗΤΡΙΟΣ (119540879),11654.33,,
9Υ8Μ4690ΒΧ-61Λ,2024-08-13,ΕΝΤΑΛΜΑ ΠΛΗΡΩΜΗΣ ΕΞΟΠΛΙΣΤΙΚΗ ΛΕΥΚΑΔΑΣ (801720654),801720654,ΕΞΟΠΛΙΣΤΙΚΗ ΛΕΥΚΑΔΑΣ (801720654),109.61,,
ΨΚΘΖ4690ΒΧ-ΙΨΒ,2024-08-13,ΕΝΤΑΛΜΑ ΠΛΗΡΩΜΗΣ ΕΞΟΠΛΙΣΤΙΚΗ ΛΕΥΚΑΔΑΣ (801720654),801720654,ΕΞΟΠΛΙΣΤΙΚΗ ΛΕΥΚΑΔΑΣ (801720654),186.77,,
9ΣΑΥ4690ΒΧ-Λ7Δ,2024-08-13,ΕΝΤΑΛΜΑ ΠΛΗΡΩΜΗΣ ΔΟΥΚΑΣ ΝΙΚΟΛΑΟΣ (049685100),049685100,ΔΟΥΚΑΣ ΝΙΚΟΛΑΟΣ (049685100),105.3,,
955Χ4690ΒΧ-24Κ,2024-08-13,ΕΝΤΑΛΜΑ ΠΛΗΡΩΜΗΣ TYPO-CENTER ΓΕΡ.ΒΕΡΓΙΝΗΣ (028558054),028558054,TYPO-CENTER ΓΕΡ.ΒΕΡΓΙΝΗΣ (028558054),19.5,,
6ΩΟ54690ΒΧ-ΣΝΧ,2024-08-13,ΕΝΤΑΛΜΑ ΠΛΗΡΩΜΗΣ Rain bow waters (099328240),099328240,Rain bow waters (099328240),48.01,,
ΨΘ004690ΒΧ-ΣΘ2,2024-08-13,ΕΝΤΑΛΜΑ ΠΛΗΡΩΜΗΣ PROFI ΤΕΧΝΙΚΟ SUPER MARKET (800326038),800326038,PROFI ΤΕΧΝΙΚΟ SUPER MARKET (800326038),155.13,,
Ψ5Ο64690ΒΧ-3ΨΗ,2024-08-12,ΕΝΤΑΛΜΑ ΠΛΗΡΩΜΗΣ ΑΝΑΣΤΑΣΙΟΣ ΜΑΥΡΟΓΕΝΗΣ Α.Ε. (082525697),082525697,ΑΝΑΣΤΑΣΙΟΣ ΜΑΥΡΟΓΕΝΗΣ Α.Ε. (082525697),778.11,,
ΨΧΣΤ4690ΒΧ-4ΛΩ,2024-08-12,ΕΝΤΑΛΜΑ ΠΛΗΡΩΜΗΣ ΑΝΑΣΤΑΣΙΟΣ ΜΑΥΡΟΓΕΝΗΣ Α.Ε. (082525697),082525697,ΑΝΑΣΤΑΣΙΟΣ ΜΑΥΡΟΓΕΝΗΣ Α.Ε. (082525697),1896.05,,
9ΥΡΙ4690ΒΧ-ΣΒΗ,2024-08-12,ΕΝΤΑΛΜΑ ΠΛΗΡΩΜΗΣ ΑΝΑΣΤΑΣΙΟΣ ΜΑΥΡΟΓΕΝΗΣ Α.Ε. (082525697),082525697,ΑΝΑΣΤΑΣΙΟΣ ΜΑΥΡΟΓΕΝΗΣ Α.Ε. (082525697),1488.0,,
6ΤΑΛ4690ΒΧ-ΘΕ4,2024-08-12,ΕΝΤΑΛΜΑ ΠΛΗΡΩΜΗΣ ΑΝΑΣΤΑΣΙΟΣ ΜΑΥΡΟΓΕΝΗΣ Α.Ε. (082525697),082525697,ΑΝΑΣΤΑΣΙΟΣ ΜΑΥΡΟΓΕΝΗΣ Α.Ε. (082525697),8456.8,,
90Φ44690ΒΧ-Μ0Π,2024-08-12,ΕΝΤΑΛΜΑ ΠΛΗΡΩΜΗΣ ΑΝΑΣΤΑΣΙΟΣ ΜΑΥΡΟΓΕΝΗΣ Α.Ε. (082525697),082525697,ΑΝΑΣΤΑΣΙΟΣ ΜΑΥΡΟΓΕΝΗΣ Α.Ε. (082525697),1995.73,,
9ΦΥ24690ΒΧ-0ΑΛ,2024-08-12,ΕΝΤΑΛΜΑ ΠΛΗΡΩΜΗΣ ΑΝΑΣΤΑΣΙΟΣ ΜΑΥΡΟΓΕΝΗΣ Α.Ε. (082525697),082525697,ΑΝΑΣΤΑΣΙΟΣ ΜΑΥΡΟΓΕΝΗΣ Α.Ε. (082525697),122.04,,
ΨΦ1Ζ4690ΒΧ-ΓΔΩ,2024-08-12,ΕΝΤΑΛΜΑ ΠΛΗΡΩΜΗΣ ΑΝΑΣΤΑΣΙΟΣ ΜΑΥΡΟΓΕΝΗΣ Α.Ε. (082525697),082525697,ΑΝΑΣΤΑΣΙΟΣ ΜΑΥΡΟΓΕΝΗΣ Α.Ε. (082525697),2902.47,,
ΨΒΓ34690ΒΧ-Γ99,2024-08-12,ΕΝΤΑΛΜΑ ΠΛΗΡΩΜΗΣ ΑΝΑΣΤΑΣΙΟΣ ΜΑΥΡΟΓΕΝΗΣ Α.Ε. (082525697),082525697,ΑΝΑΣΤΑΣΙΟΣ ΜΑΥΡΟΓΕΝΗΣ Α.Ε. (082525697),4560.68,,
6ΗΒΖ4690ΒΧ-Φ9Μ,2024-08-12,ΕΝΤΑΛΜΑ ΠΛΗΡΩΜΗΣ ΑΝΑΣΤΑΣΙΟΣ ΔΙΓΚΑΣ Ι.Κ.Ε. (997826122),997826122,ΑΝΑΣΤΑΣΙΟΣ ΔΙΓΚΑΣ Ι.Κ.Ε. (997826122),1752.91,,
9ΟΛΖ4690ΒΧ-ΔΘΚ,2024-08-12,ΕΝΤΑΛΜΑ ΠΛΗΡΩΜΗΣ ΑΝΑΣΤΑΣΙΟΣ ΔΙΓΚΑΣ Ι.Κ.Ε. (997826122),997826122,ΑΝΑΣΤΑΣΙΟΣ ΔΙΓΚΑΣ Ι.Κ.Ε. (997826122),1283.05,,
Ψ9ΓΨ4690ΒΧ-ΘΘΜ,2024-08-12,ΕΝΤΑΛΜΑ ΠΛΗΡΩΜΗΣ Trauma Care Μονοπρόσωπη ΕΠΕ (800811818),800811818,Trauma Care Μονοπρόσωπη ΕΠΕ (800811818),1255.11,,
63ΦΕ4690ΒΧ-ΧΨΠ,2024-08-12,ΕΝΤΑΛΜΑ ΠΛΗΡΩΜΗΣ Trauma Care Μονοπρόσωπη ΕΠΕ (800811818),800811818,Trauma Care Μονοπρόσωπη ΕΠΕ (800811818),4519.0,,
Ψ30Ρ4690ΒΧ-Ω6Γ,2024-08-12,ΕΝΤΑΛΜΑ ΠΛΗΡΩΜΗΣ Trauma Care Μονοπρόσωπη ΕΠΕ (800811818),800811818,Trauma Care Μονοπρόσωπη ΕΠΕ (800811818),4127.95,,
90ΑΗ4690ΒΧ-ΒΒ3,2024-08-12,ΕΝΤΑΛΜΑ ΠΛΗΡΩΜΗΣ Trauma Care Μονοπρόσωπη ΕΠΕ (800811818),800811818,Trauma Care Μονοπρόσωπη ΕΠΕ (800811818),4920.84,,
6Ι4Α4690ΒΧ-ΚΩ0,2024-08-12,ΕΝΤΑΛΜΑ ΠΛΗΡΩΜΗΣ Trauma Care Μονοπρόσωπη ΕΠΕ (800811818),800811818,Trauma Care Μονοπρόσωπη ΕΠΕ (800811818),4189.16,,
ΨΘ5Σ4690ΒΧ-3Ι3,2024-08-09,ΕΝΤΑΛΜΑ ΠΛΗΡΩΜΗΣ TELEFLEX MEDICAL ΕΛΛΑΣ ΑΕΕ (094429990),094429990,TELEFLEX MEDICAL ΕΛΛΑΣ ΑΕΕ (094429990),14.46,,
61ΑΓ4690ΒΧ-1ΡΑ,2024-08-09,ΕΝΤΑΛΜΑ ΠΛΗΡΩΜΗΣ TELEFLEX MEDICAL ΕΛΛΑΣ ΑΕΕ (094429990),094429990,TELEFLEX MEDICAL ΕΛΛΑΣ ΑΕΕ (094429990),66.46,,
6ΙΘΜ4690ΒΧ-7ΦΜ,2024-08-12,ΕΝΤΑΛΜΑ ΠΛΗΡΩΜΗΣ INSIDE ΙΑΤΡΙΚΕΣ ΤΕΧΝΟΛΟΓΙΕΣ ΜΟΝΟΠΡΟΣΩΠΗ Ι.Κ.Ε. (800777790),800777790,INSIDE ΙΑΤΡΙΚΕΣ ΤΕΧΝΟΛΟΓΙΕΣ ΜΟΝΟΠΡΟΣΩΠΗ Ι.Κ.Ε. (800777790),249.98,,
Ψ4ΔΓ4690ΒΧ-ΔΥΚ,2024-08-12,ΕΝΤΑΛΜΑ ΠΛΗΡΩΜΗΣ INSIDE ΙΑΤΡΙΚΕΣ ΤΕΧΝΟΛΟΓΙΕΣ ΜΟΝΟΠΡΟΣΩΠΗ Ι.Κ.Ε. (800777790),800777790,INSIDE ΙΑΤΡΙΚΕΣ ΤΕΧΝΟΛΟΓΙΕΣ ΜΟΝΟΠΡΟΣΩΠΗ Ι.Κ.Ε. (800777790),415.77,,
ΨΙΚ94690ΒΧ-ΡΕΛ,2024-08-12,ΕΝΤΑΛΜΑ ΠΛΗΡΩΜΗΣ INSIDE ΙΑΤΡΙΚΕΣ ΤΕΧΝΟΛΟΓΙΕΣ ΜΟΝΟΠΡΟΣΩΠΗ Ι.Κ.Ε. (800777790),800777790,INSIDE ΙΑΤΡΙΚΕΣ ΤΕΧΝΟΛΟΓΙΕΣ ΜΟΝΟΠΡΟΣΩΠΗ Ι.Κ.Ε. (800777790),243.04,,
9ΘΛΙ4690ΒΧ-21Ι,2024-08-12,ΕΝΤΑΛΜΑ ΠΛΗΡΩΜΗΣ INSIDE ΙΑΤΡΙΚΕΣ ΤΕΧΝΟΛΟΓΙΕΣ ΜΟΝΟΠΡΟΣΩΠΗ Ι.Κ.Ε. (800777790),800777790,INSIDE ΙΑΤΡΙΚΕΣ ΤΕΧΝΟΛΟΓΙΕΣ ΜΟΝΟΠΡΟΣΩΠΗ Ι.Κ.Ε. (800777790),747.46,,
ΨΕ3Ξ4690ΒΧ-20Ω,2024-08-09,ΕΝΤΑΛΜΑ ΠΛΗΡΩΜΗΣ ΤΗΛ.Κ.ΓΙΟΚΑΡΗΣ   ΣΙΑ ΟΕ DOCTOF (081564690),081564690,ΤΗΛ.Κ.ΓΙΟΚΑΡΗΣ   ΣΙΑ ΟΕ DOCTOF (081564690),905.24,,
662Σ4690ΒΧ-4ΩΑ,2024-08-09,ΕΝΤΑΛΜΑ ΠΛΗΡΩΜΗΣ ΞΕΝΟΦΩΝ ΓΕΡΜΑΝΟΣ Α.Ε.Ε. (094326835),094326835,ΞΕΝΟΦΩΝ ΓΕΡΜΑΝΟΣ Α.Ε.Ε. (094326835),475.42,,
Ψ4ΘΙ4690ΒΧ-ΛΩΩ,2024-08-09,ΕΝΤΑΛΜΑ ΠΛΗΡΩΜΗΣ ΞΕΝΟΦΩΝ ΓΕΡΜΑΝΟΣ Α.Ε.Ε. (094326835),094326835,ΞΕΝΟΦΩΝ ΓΕΡΜΑΝΟΣ Α.Ε.Ε. (094326835),69.5,,
6ΩΦΥ4690ΒΧ-Ω54,2024-08-09,ΕΝΤΑΛΜΑ ΠΛΗΡΩΜΗΣ ΞΕΝΟΦΩΝ ΓΕΡΜΑΝΟΣ Α.Ε.Ε. (094326835),094326835,ΞΕΝΟΦΩΝ ΓΕΡΜΑΝΟΣ Α.Ε.Ε. (094326835),84.8,,
9ΚΛΒ4690ΒΧ-ΕΟ5,2024-08-09,ΕΝΤΑΛΜΑ ΠΛΗΡΩΜΗΣ ΞΕΝΟΦΩΝ ΓΕΡΜΑΝΟΣ Α.Ε.Ε. (094326835),094326835,ΞΕΝΟΦΩΝ ΓΕΡΜΑΝΟΣ Α.Ε.Ε. (094326835),3007.33,,
Ψ8ΔΩ4690ΒΧ-15Φ,2024-08-12,ΕΝΤΑΛΜΑ ΠΛΗΡΩΜΗΣ ΝΤΙΑΜΕΝΤ ΕΛΛΑΣ Α.Ε.Ε. (095259724),095259724,ΝΤΙΑΜΕΝΤ ΕΛΛΑΣ Α.Ε.Ε. (095259724),127.2,,
6ΙΕΑ4690ΒΧ-ΙΚ2,2024-08-12,ΕΝΤΑΛΜΑ ΠΛΗΡΩΜΗΣ ΝΤΙΑΜΕΝΤ ΕΛΛΑΣ Α.Ε.Ε. (095259724),095259724,ΝΤΙΑΜΕΝΤ ΕΛΛΑΣ Α.Ε.Ε. (095259724),2011.15,,
9ΩΤ14690ΒΧ-ΔΨ1,2024-08-12,ΕΝΤΑΛΜΑ ΠΛΗΡΩΜΗΣ ΜΑΓΕΙΡΑΣ ΔΙΑΓΝ.ΜΗΧΑΝΗΜΑΤΑ Α.Ε. (095444407),095444407,ΜΑΓΕΙΡΑΣ ΔΙΑΓΝ.ΜΗΧΑΝΗΜΑΤΑ Α.Ε. (095444407),2120.0,,
Ψ77Ω4690ΒΧ-Ι3Κ,2024-08-12,ΕΝΤΑΛΜΑ ΠΛΗΡΩΜΗΣ ΜΑΓΕΙΡΑΣ ΔΙΑΓΝ.ΜΗΧΑΝΗΜΑΤΑ Α.Ε. (095444407),095444407,ΜΑΓΕΙΡΑΣ ΔΙΑΓΝ.ΜΗΧΑΝΗΜΑΤΑ Α.Ε. (095444407),93.0,,
65ΘΓ4690ΒΧ-ΒΛΙ,2024-08-12,ΕΝΤΑΛΜΑ ΠΛΗΡΩΜΗΣ ΜΑΓΕΙΡΑΣ ΔΙΑΓΝ.ΜΗΧΑΝΗΜΑΤΑ Α.Ε. (095444407),095444407,ΜΑΓΕΙΡΑΣ ΔΙΑΓΝ.ΜΗΧΑΝΗΜΑΤΑ Α.Ε. (095444407),1416.9,,
ΨΙ0Ν4690ΒΧ-7Λ5,2024-08-12,ΕΝΤΑΛΜΑ ΠΛΗΡΩΜΗΣ ΜΑΓΕΙΡΑΣ ΔΙΑΓΝ.ΜΗΧΑΝΗΜΑΤΑ Α.Ε. (095444407),095444407,ΜΑΓΕΙΡΑΣ ΔΙΑΓΝ.ΜΗΧΑΝΗΜΑΤΑ Α.Ε. (095444407),1323.3,,
Ψ2234690ΒΧ-ΠΘΡ,2024-08-12,ΕΝΤΑΛΜΑ ΠΛΗΡΩΜΗΣ ΜΑΓΕΙΡΑΣ ΔΙΑΓΝ.ΜΗΧΑΝΗΜΑΤΑ Α.Ε. (095444407),095444407,ΜΑΓΕΙΡΑΣ ΔΙΑΓΝ.ΜΗΧΑΝΗΜΑΤΑ Α.Ε. (095444407),4240.0,,
9Ω9Ρ4690ΒΧ-138,2024-08-12,ΕΝΤΑΛΜΑ ΠΛΗΡΩΜΗΣ Κωστας Α.Παπαέλληνας(ΕλλάςΑΕΒΕ) (094075360),094075360,Κωστας Α.Παπαέλληνας(ΕλλάςΑΕΒΕ) (094075360),1453.17,,
9ΝΨΕ4690ΒΧ-ΡΓΩ,2024-08-12,ΕΝΤΑΛΜΑ ΠΛΗΡΩΜΗΣ Κωστας Α.Παπαέλληνας(ΕλλάςΑΕΒΕ) (094075360),094075360,Κωστας Α.Παπαέλληνας(ΕλλάςΑΕΒΕ) (094075360),79.03,,
9ΒΟΧ4690ΒΧ-ΩΨΚ,2024-08-12,ΕΝΤΑΛΜΑ ΠΛΗΡΩΜΗΣ Κωστας Α.Παπαέλληνας(ΕλλάςΑΕΒΕ) (094075360),094075360,Κωστας Α.Παπαέλληνας(ΕλλάςΑΕΒΕ) (094075360),45.2,,
9ΞΔ44690ΒΧ-15Ο,2024-08-12,ΕΝΤΑΛΜΑ ΠΛΗΡΩΜΗΣ Κωστας Α.Παπαέλληνας(ΕλλάςΑΕΒΕ) (094075360),094075360,Κωστας Α.Παπαέλληνας(ΕλλάςΑΕΒΕ) (094075360),625.74,,
9ΛΘΚ4690ΒΧ-ΘΤΑ,2024-08-09,ΕΝΤΑΛΜΑ ΠΛΗΡΩΜΗΣ ΕΛΛΕΝΚΟ Α.Ε. (094074824),094074824,ΕΛΛΕΝΚΟ Α.Ε. (094074824),120.35,,
Ψ8Λ14690ΒΧ-26Υ,2024-08-09,ΕΝΤΑΛΜΑ ΠΛΗΡΩΜΗΣ ΕΛΛΕΝΚΟ Α.Ε. (094074824),094074824,ΕΛΛΕΝΚΟ Α.Ε. (094074824),38.65,,
6ΦΚΜ4690ΒΧ-Ι8Ε,2024-08-12,ΕΝΤΑΛΜΑ ΠΛΗΡΩΜΗΣ ΔΙΑΓΝΩΣΤΙΚΗ - ΑΝΑΛΥΤΙΚΗ ΕΠΕ (099109774),099109774,ΔΙΑΓΝΩΣΤΙΚΗ - ΑΝΑΛΥΤΙΚΗ ΕΠΕ (099109774),471.7,,
6Ε5Ε4690ΒΧ-ΘΘΓ,2024-08-12,ΕΝΤΑΛΜΑ ΠΛΗΡΩΜΗΣ ΒΑΣΙΛΙΚΗ ΤΣΙΜΠΡΗ   ΣΙΑ Ε.Ε (999333810),999333810,ΒΑΣΙΛΙΚΗ ΤΣΙΜΠΡΗ   ΣΙΑ Ε.Ε (999333810),45.63,,
6ΝΤΜ4690ΒΧ-ΞΨ1,2024-08-12,ΕΝΤΑΛΜΑ ΠΛΗΡΩΜΗΣ ΒΑΣΙΛΙΚΗ ΤΣΙΜΠΡΗ   ΣΙΑ Ε.Ε (999333810),999333810,ΒΑΣΙΛΙΚΗ ΤΣΙΜΠΡΗ   ΣΙΑ Ε.Ε (999333810),286.05,,
6ΖΕΟ4690ΒΧ-Σ14,2024-08-12,ΕΝΤΑΛΜΑ ΠΛΗΡΩΜΗΣ ΑΡΘΡΩΣΙΣ ΙΑΤΡΙΚΑ ΕΙΔΗ Α.Ε. (082899566),082899566,ΑΡΘΡΩΣΙΣ ΙΑΤΡΙΚΑ ΕΙΔΗ Α.Ε. (082899566),701.73,,
6ΔΖΜ4690ΒΧ-Ν2Ν,2024-08-12,ΕΝΤΑΛΜΑ ΠΛΗΡΩΜΗΣ SPETMEDICAL I.K.E. (800820495),800820495,SPETMEDICAL I.K.E. (800820495),2736.85,,
Ψ7Φ84690ΒΧ-ΘΘ2,2024-08-09,ΕΝΤΑΛΜΑ ΠΛΗΡΩΜΗΣ MILONAS HEALTH A.E. (998179225),998179225,MILONAS HEALTH A.E. (998179225),2263.82,,
ΨΖΥΚ4690ΒΧ-Γ98,2024-08-09,ΕΝΤΑΛΜΑ ΠΛΗΡΩΜΗΣ MILONAS HEALTH A.E. (998179225),998179225,MILONAS HEALTH A.E. (998179225),67.31,,
9ΨΜ24690ΒΧ-ΔΚΖ,2024-08-09,ΕΝΤΑΛΜΑ ΠΛΗΡΩΜΗΣ MILONAS HEALTH A.E. (998179225),998179225,MILONAS HEALTH A.E. (998179225),723.41,,
9Ξ594690ΒΧ-ΑΦΤ,2024-08-09,ΕΝΤΑΛΜΑ ΠΛΗΡΩΜΗΣ MILONAS HEALTH A.E. (998179225),998179225,MILONAS HEALTH A.E. (998179225),1232.55,,
6Γ4Λ4690ΒΧ-Ζ0Ρ,2024-08-09,ΕΝΤΑΛΜΑ ΠΛΗΡΩΜΗΣ MEDICON HELLAS A.E. (094240321),094240321,MEDICON HELLAS A.E. (094240321),3331.36,,
ΨΖΑ84690ΒΧ-8Χ2,2024-08-09,ΕΝΤΑΛΜΑ ΠΛΗΡΩΜΗΣ MEDICON HELLAS A.E. (094240321),094240321,MEDICON HELLAS A.E. (094240321),858.6,,
6ΡΠΜ4690ΒΧ-ΧΤΖ,2024-08-09,ΕΝΤΑΛΜΑ ΠΛΗΡΩΜΗΣ MEDICON HELLAS A.E. (094240321),094240321,MEDICON HELLAS A.E. (094240321),49.6,,
62674690ΒΧ-Ν69,2024-08-09,ΕΝΤΑΛΜΑ ΠΛΗΡΩΜΗΣ MEDICON HELLAS A.E. (094240321),094240321,MEDICON HELLAS A.E. (094240321),3743.4,,
6ΔΚΕ4690ΒΧ-ΡΨΡ,2024-08-09,ΕΝΤΑΛΜΑ ΠΛΗΡΩΜΗΣ MEDICON HELLAS A.E. (094240321),094240321,MEDICON HELLAS A.E. (094240321),3389.72,,
6ΨΤ64690ΒΧ-1Ι6,2024-08-09,ΕΝΤΑΛΜΑ ΠΛΗΡΩΜΗΣ MEDICON HELLAS A.E. (094240321),094240321,MEDICON HELLAS A.E. (094240321),4958.2,,
ΨΒΣΛ4690ΒΧ-ΘΘΦ,2024-08-09,ΕΝΤΑΛΜΑ ΠΛΗΡΩΜΗΣ MEDICON HELLAS A.E. (094240321),094240321,MEDICON HELLAS A.E. (094240321),4111.4,,
6ΤΟ34690ΒΧ-ΞΟΩ,2024-08-12,ΕΝΤΑΛΜΑ ΠΛΗΡΩΜΗΣ Medical Point .ΧΡ.ΜΟΥΤΑΦΗΣ Ε.Ε (998630320),998630320,Medical Point .ΧΡ.ΜΟΥΤΑΦΗΣ Ε.Ε (998630320),281.85,,
66374690ΒΧ-ΝΡΥ,2024-08-12,ΕΝΤΑΛΜΑ ΠΛΗΡΩΜΗΣ Medical Point .ΧΡ.ΜΟΥΤΑΦΗΣ Ε.Ε (998630320),998630320,Medical Point .ΧΡ.ΜΟΥΤΑΦΗΣ Ε.Ε (998630320),92.89,,
6ΛΨΤ4690ΒΧ-ΘΩΥ,2024-08-12,ΕΝΤΑΛΜΑ ΠΛΗΡΩΜΗΣ Medical Point .ΧΡ.ΜΟΥΤΑΦΗΣ Ε.Ε (998630320),998630320,Medical Point .ΧΡ.ΜΟΥΤΑΦΗΣ Ε.Ε (998630320),193.44,,
ΨΨ9Η4690ΒΧ-ΚΣ7,2024-08-12,ΕΝΤΑΛΜΑ ΠΛΗΡΩΜΗΣ implantcast HELLAS AE (800449038),800449038,implantcast HELLAS AE (800449038),1716.35,,
6ΞΥ04690ΒΧ-ΔΩΦ,2024-08-12,ΕΝΤΑΛΜΑ ΠΛΗΡΩΜΗΣ Heraeus Hellas Μ. ΕΠΕ (998858098),998858098,Heraeus Hellas Μ. ΕΠΕ (998858098),901.74,,
ΨΙΥΡ4690ΒΧ-765,2024-08-09,ΕΝΤΑΛΜΑ ΠΛΗΡΩΜΗΣ BIOKON ΙΑΤΡΙΚΑ   ΒΙΟΤΕΧΝΟΛΟΓΙΚΑ ΠΡΟΙΟΝΤΑ Ε.Π.Ε (999656321),999656321,BIOKON ΙΑΤΡΙΚΑ   ΒΙΟΤΕΧΝΟΛΟΓΙΚΑ ΠΡΟΙΟΝΤΑ Ε.Π.Ε (999656321),140.69,,
Ψ0ΟΝ4690ΒΧ-ΕΕΡ,2024-08-09,ΕΝΤΑΛΜΑ ΠΛΗΡΩΜΗΣ ABBOTT LABORATORIES(ΕΛΛΑΣ)ABEE (094027257),094027257,ABBOTT LABORATORIES(ΕΛΛΑΣ)ABEE (094027257),6688.6,,
68Ρ44690ΒΧ-ΣΕ7,2024-08-09,ΕΝΤΑΛΜΑ ΠΛΗΡΩΜΗΣ ABBOTT LABORATORIES(ΕΛΛΑΣ)ABEE (094027257),094027257,ABBOTT LABORATORIES(ΕΛΛΑΣ)ABEE (094027257),3264.8,,
6Ι8Ν4690ΒΧ-ΨΗΩ,2024-08-09,ΕΝΤΑΛΜΑ ΠΛΗΡΩΜΗΣ ABBOTT LABORATORIES(ΕΛΛΑΣ)ABEE (094027257),094027257,ABBOTT LABORATORIES(ΕΛΛΑΣ)ABEE (094027257),3158.8,,
Ψ21Γ4690ΒΧ-Τ7Π,2024-08-09,ΕΝΤΑΛΜΑ ΠΛΗΡΩΜΗΣ ABBOTT LABORATORIES(ΕΛΛΑΣ)ABEE (094027257),094027257,ABBOTT LABORATORIES(ΕΛΛΑΣ)ABEE (094027257),2819.6,,
ΨΥΝΚ4690ΒΧ-ΟΨΨ,2024-08-09,ΕΝΤΑΛΜΑ ΠΛΗΡΩΜΗΣ ABBOTT LABORATORIES(ΕΛΛΑΣ)ABEE (094027257),094027257,ABBOTT LABORATORIES(ΕΛΛΑΣ)ABEE (094027257),4261.2,,
ΨΝΞΔ4690ΒΧ-ΣΧΛ,2024-08-09,ΕΝΤΑΛΜΑ ΠΛΗΡΩΜΗΣ ABBOTT LABORATORIES(ΕΛΛΑΣ)ABEE (094027257),094027257,ABBOTT LABORATORIES(ΕΛΛΑΣ)ABEE (094027257),4770.0,,
9ΓΧΥ4690ΒΧ-Φ35,2024-08-09,ΕΝΤΑΛΜΑ ΠΛΗΡΩΜΗΣ ABBOTT LABORATORIES(ΕΛΛΑΣ)ABEE (094027257),094027257,ABBOTT LABORATORIES(ΕΛΛΑΣ)ABEE (094027257),1876.2,,
67ΗΟ4690ΒΧ-ΩΓΔ,2024-08-09,ΕΝΤΑΛΜΑ ΠΛΗΡΩΜΗΣ ABBOTT LABORATORIES(ΕΛΛΑΣ)ABEE (094027257),094027257,ABBOTT LABORATORIES(ΕΛΛΑΣ)ABEE (094027257),4187.0,,
ΨΧ9Ε4690ΒΧ-4ΓΑ,2024-07-25,ΕΝΤΑΛΜΑ ΠΛΗΡΩΜΗΣ ΕΘΝΙΚΗ ΑΣΦΑΛΙΣΤΙΚΗ (094003849),094003849,ΕΘΝΙΚΗ ΑΣΦΑΛΙΣΤΙΚΗ (094003849),27.73,,
6ΙΘΓ4690ΒΧ-5ΘΗ,2024-07-02,ΕΝΤΑΛΜΑ ΠΛΗΡΩΜΗΣ ΄΄ΦΑΡΜΑ ΚΙΡΚΗ΄΄ ΕΙΡΗΝΗ ΦΕΡΕΝΤΙΝΟΥ ΜΟΝ/ΠΗ ΙΚΕ (800908604),800908604,΄΄ΦΑΡΜΑ ΚΙΡΚΗ΄΄ ΕΙΡΗΝΗ ΦΕΡΕΝΤΙΝΟΥ ΜΟΝ/ΠΗ ΙΚΕ (800908604),13071.61,,
9ΥΝΗ4690ΒΧ-Χ5Π,2024-06-25,ΕΝΤΑΛΜΑ ΠΛΗΡΩΜΗΣ ΔΗΜΟΣ ΛΕΥΚΑΔΑΣ (997916281),997916281,ΔΗΜΟΣ ΛΕΥΚΑΔΑΣ (997916281),7.0,,
9ΦΖΚ4690ΒΧ-ΟΩΔ,2024-06-25,ΕΝΤΑΛΜΑ ΠΛΗΡΩΜΗΣ ΔΗΜ.ΕΠΙΧ/ΣΗ ΗΛΕΚΤΡΙΣΜΟΥ ΑΕ (090000045),090000045,ΔΗΜ.ΕΠΙΧ/ΣΗ ΗΛΕΚΤΡΙΣΜΟΥ ΑΕ (090000045),581.0,,
9ΚΘΩ4690ΒΧ-ΜΔΗ,2024-06-25,ΕΝΤΑΛΜΑ ΠΛΗΡΩΜΗΣ ΔΗΜ.ΕΠΙΧ/ΣΗ ΗΛΕΚΤΡΙΣΜΟΥ ΑΕ (090000045),090000045,ΔΗΜ.ΕΠΙΧ/ΣΗ ΗΛΕΚΤΡΙΣΜΟΥ ΑΕ (090000045),455.0,,
6ΜΙ04690ΒΧ-ΔΙΗ,2024-06-25,ΕΝΤΑΛΜΑ ΠΛΗΡΩΜΗΣ ΔΗΜ.ΕΠΙΧ/ΣΗ ΗΛΕΚΤΡΙΣΜΟΥ ΑΕ (090000045),090000045,ΔΗΜ.ΕΠΙΧ/ΣΗ ΗΛΕΚΤΡΙΣΜΟΥ ΑΕ (090000045),30.0,,
Ψ77Ψ4690ΒΧ-ΟΩ7,2024-06-25,ΕΝΤΑΛΜΑ ΠΛΗΡΩΜΗΣ ΔΗΜ.ΕΠΙΧ/ΣΗ ΗΛΕΚΤΡΙΣΜΟΥ ΑΕ (090000045),090000045,ΔΗΜ.ΕΠΙΧ/ΣΗ ΗΛΕΚΤΡΙΣΜΟΥ ΑΕ (090000045),28180.94,,
ΡΨΣΙ4690ΒΧ-9Κ2,2024-08-08,ΕΝΤΑΛΜΑ ΠΛΗΡΩΜΗΣ ΝΙΚ.Ι.ΛΑΊΝΙΩΤΗΣ Α.Ε.Β.Ε (093628458),093628458,ΝΙΚ.Ι.ΛΑΊΝΙΩΤΗΣ Α.Ε.Β.Ε (093628458),1670.14,,
936Ο4690ΒΧ-ΟΑΦ,2024-08-08,ΕΝΤΑΛΜΑ ΠΛΗΡΩΜΗΣ ΝΙΚ.Ι.ΛΑΊΝΙΩΤΗΣ Α.Ε.Β.Ε (093628458),093628458,ΝΙΚ.Ι.ΛΑΊΝΙΩΤΗΣ Α.Ε.Β.Ε (093628458),1572.32,,
95ΒΗ4690ΒΧ-4ΣΘ,2024-08-08,ΕΝΤΑΛΜΑ ΠΛΗΡΩΜΗΣ ΝΙΚ.Ι.ΛΑΊΝΙΩΤΗΣ Α.Ε.Β.Ε (093628458),093628458,ΝΙΚ.Ι.ΛΑΊΝΙΩΤΗΣ Α.Ε.Β.Ε (093628458),3591.03,,
ΨΤ9Ι4690ΒΧ-ΑΧΥ,2024-08-08,ΕΝΤΑΛΜΑ ΠΛΗΡΩΜΗΣ ΝΙΚ.Ι.ΛΑΊΝΙΩΤΗΣ Α.Ε.Β.Ε (093628458),093628458,ΝΙΚ.Ι.ΛΑΊΝΙΩΤΗΣ Α.Ε.Β.Ε (093628458),245.96,,
Ψ18Ν4690ΒΧ-8ΞΠ,2024-08-08,ΕΝΤΑΛΜΑ ΠΛΗΡΩΜΗΣ ΝΙΚ.Ι.ΛΑΊΝΙΩΤΗΣ Α.Ε.Β.Ε (093628458),093628458,ΝΙΚ.Ι.ΛΑΊΝΙΩΤΗΣ Α.Ε.Β.Ε (093628458),2973.25,,
6ΑΩΠ4690ΒΧ-60Μ,2024-08-08,ΕΝΤΑΛΜΑ ΠΛΗΡΩΜΗΣ ΝΙΚ.Ι.ΛΑΊΝΙΩΤΗΣ Α.Ε.Β.Ε (093628458),093628458,ΝΙΚ.Ι.ΛΑΊΝΙΩΤΗΣ Α.Ε.Β.Ε (093628458),1418.39,,
98Μ24690ΒΧ-ΛΔΣ,2024-08-08,ΕΝΤΑΛΜΑ ΠΛΗΡΩΜΗΣ ΝΙΚ.Ι.ΛΑΊΝΙΩΤΗΣ Α.Ε.Β.Ε (093628458),093628458,ΝΙΚ.Ι.ΛΑΊΝΙΩΤΗΣ Α.Ε.Β.Ε (093628458),1799.57,,
ΡΗΙ94690ΒΧ-19Ο,2024-08-08,ΕΝΤΑΛΜΑ ΠΛΗΡΩΜΗΣ ΝΙΚ.Ι.ΛΑΊΝΙΩΤΗΣ Α.Ε.Β.Ε (093628458),093628458,ΝΙΚ.Ι.ΛΑΊΝΙΩΤΗΣ Α.Ε.Β.Ε (093628458),2036.92,,
ΡΞΖΞ4690ΒΧ-ΔΗ5,2024-08-08,ΕΝΤΑΛΜΑ ΠΛΗΡΩΜΗΣ ΝΙΚ.Ι.ΛΑΊΝΙΩΤΗΣ Α.Ε.Β.Ε (093628458),093628458,ΝΙΚ.Ι.ΛΑΊΝΙΩΤΗΣ Α.Ε.Β.Ε (093628458),3253.37,,
9Δ8Ε4690ΒΧ-0ΩΑ,2024-08-06,ΕΝΤΑΛΜΑ ΠΛΗΡΩΜΗΣ ZIMMER BIOMET ΕΛΛΑΣ ΜΟΝ/ΠΗ Α.Ε (094437885),094437885,ZIMMER BIOMET ΕΛΛΑΣ ΜΟΝ/ΠΗ Α.Ε (094437885),3627.09,,
Ρ1ΛΣ4690ΒΧ-ΗΓΑ,2024-08-06,ΕΝΤΑΛΜΑ ΠΛΗΡΩΜΗΣ ZIMMER BIOMET ΕΛΛΑΣ ΜΟΝ/ΠΗ Α.Ε (094437885),094437885,ZIMMER BIOMET ΕΛΛΑΣ ΜΟΝ/ΠΗ Α.Ε (094437885),4032.97,,
ΨΑ9Ν4690ΒΧ-ΨΒΞ,2024-08-06,ΕΝΤΑΛΜΑ ΠΛΗΡΩΜΗΣ ZIMMER BIOMET ΕΛΛΑΣ ΜΟΝ/ΠΗ Α.Ε (094437885),094437885,ZIMMER BIOMET ΕΛΛΑΣ ΜΟΝ/ΠΗ Α.Ε (094437885),2884.44,,
9ΟΖΗ4690ΒΧ-43Χ,2024-08-06,ΕΝΤΑΛΜΑ ΠΛΗΡΩΜΗΣ ZIMMER BIOMET ΕΛΛΑΣ ΜΟΝ/ΠΗ Α.Ε (094437885),094437885,ZIMMER BIOMET ΕΛΛΑΣ ΜΟΝ/ΠΗ Α.Ε (094437885),4305.97,,
9ΕΙΚ4690ΒΧ-1ΡΧ,2024-08-06,ΕΝΤΑΛΜΑ ΠΛΗΡΩΜΗΣ ZIMMER BIOMET ΕΛΛΑΣ ΜΟΝ/ΠΗ Α.Ε (094437885),094437885,ZIMMER BIOMET ΕΛΛΑΣ ΜΟΝ/ΠΗ Α.Ε (094437885),4994.18,,
99ΖΛ4690ΒΧ-8ΙΜ,2024-08-06,ΕΝΤΑΛΜΑ ΠΛΗΡΩΜΗΣ ZIMMER BIOMET ΕΛΛΑΣ ΜΟΝ/ΠΗ Α.Ε (094437885),094437885,ZIMMER BIOMET ΕΛΛΑΣ ΜΟΝ/ΠΗ Α.Ε (094437885),4342.13,,
Ψ14Ο4690ΒΧ-ΡΡΚ,2024-08-06,ΕΝΤΑΛΜΑ ΠΛΗΡΩΜΗΣ ZIMMER BIOMET ΕΛΛΑΣ ΜΟΝ/ΠΗ Α.Ε (094437885),094437885,ZIMMER BIOMET ΕΛΛΑΣ ΜΟΝ/ΠΗ Α.Ε (094437885),5773.17,,
9Υ9Ω4690ΒΧ-2ΞΠ,2024-08-06,ΕΝΤΑΛΜΑ ΠΛΗΡΩΜΗΣ ZIMMER BIOMET ΕΛΛΑΣ ΜΟΝ/ΠΗ Α.Ε (094437885),094437885,ZIMMER BIOMET ΕΛΛΑΣ ΜΟΝ/ΠΗ Α.Ε (094437885),1048.07,,
6Χ2Ν4690ΒΧ-Δ91,2024-08-08,ΕΝΤΑΛΜΑ ΠΛΗΡΩΜΗΣ DEMO A.Β.Ε.E. (094041553),094041553,DEMO A.Β.Ε.E. (094041553),3739.68,,
6ΡΟΨ4690ΒΧ-ΗΝΚ,2024-08-08,ΕΝΤΑΛΜΑ ΠΛΗΡΩΜΗΣ BAYER ΕΛΛΑΣ ΑΒΕΕ (094056437),094056437,BAYER ΕΛΛΑΣ ΑΒΕΕ (094056437),2232.0,,
62ΒΟ4690ΒΧ-ΠΩΠ,2024-08-08,ΕΝΤΑΛΜΑ ΠΛΗΡΩΜΗΣ BAYER ΕΛΛΑΣ ΑΒΕΕ (094056437),094056437,BAYER ΕΛΛΑΣ ΑΒΕΕ (094056437),702.19,,
9Σ944690ΒΧ-ΚΛΓ,2024-08-08,ΕΝΤΑΛΜΑ ΠΛΗΡΩΜΗΣ BAYER ΕΛΛΑΣ ΑΒΕΕ (094056437),094056437,BAYER ΕΛΛΑΣ ΑΒΕΕ (094056437),5989.2,,
ΨΜΜ14690ΒΧ-ΜΟΨ,2024-08-06,ΕΝΤΑΛΜΑ ΠΛΗΡΩΜΗΣ ZIMMER BIOMET ΕΛΛΑΣ ΜΟΝ/ΠΗ Α.Ε (094437885),094437885,ZIMMER BIOMET ΕΛΛΑΣ ΜΟΝ/ΠΗ Α.Ε (094437885),4474.8,,
ΨΑΧΑ4690ΒΧ-55Ι,2024-08-06,ΕΝΤΑΛΜΑ ΠΛΗΡΩΜΗΣ ZIMMER BIOMET ΕΛΛΑΣ ΜΟΝ/ΠΗ Α.Ε (094437885),094437885,ZIMMER BIOMET ΕΛΛΑΣ ΜΟΝ/ΠΗ Α.Ε (094437885),3769.47,,
Ρ7Θ74690ΒΧ-97Γ,2024-08-06,ΕΝΤΑΛΜΑ ΠΛΗΡΩΜΗΣ ZIMMER BIOMET ΕΛΛΑΣ ΜΟΝ/ΠΗ Α.Ε (094437885),094437885,ZIMMER BIOMET ΕΛΛΑΣ ΜΟΝ/ΠΗ Α.Ε (094437885),4745.58,,
ΨΞΟΔ4690ΒΧ-ΞΡ0,2024-08-06,ΕΝΤΑΛΜΑ ΠΛΗΡΩΜΗΣ ZIMMER BIOMET ΕΛΛΑΣ ΜΟΝ/ΠΗ Α.Ε (094437885),094437885,ZIMMER BIOMET ΕΛΛΑΣ ΜΟΝ/ΠΗ Α.Ε (094437885),4950.11,,
Ψ44Ε4690ΒΧ-ΡΛ3,2024-08-06,ΕΝΤΑΛΜΑ ΠΛΗΡΩΜΗΣ WiLO HELLAS ΜΟΝΟΠΡΟΣΩΠΗ Α.Β.Ε.Ε (094061750),094061750,WiLO HELLAS ΜΟΝΟΠΡΟΣΩΠΗ Α.Β.Ε.Ε (094061750),248.1,,
9ΙΖ34690ΒΧ-ΤΤ3,2024-08-06,ΕΝΤΑΛΜΑ ΠΛΗΡΩΜΗΣ WiLO HELLAS ΜΟΝΟΠΡΟΣΩΠΗ Α.Β.Ε.Ε (094061750),094061750,WiLO HELLAS ΜΟΝΟΠΡΟΣΩΠΗ Α.Β.Ε.Ε (094061750),1748.4,,
6ΕΘΠ4690ΒΧ-0ΒΤ,2024-08-06,ΕΝΤΑΛΜΑ ΠΛΗΡΩΜΗΣ WiLO HELLAS ΜΟΝΟΠΡΟΣΩΠΗ Α.Β.Ε.Ε (094061750),094061750,WiLO HELLAS ΜΟΝΟΠΡΟΣΩΠΗ Α.Β.Ε.Ε (094061750),1562.4,,
9ΙΦΓ4690ΒΧ-ΖΩΚ,2024-08-06,ΕΝΤΑΛΜΑ ΠΛΗΡΩΜΗΣ SANTAIR Α.Ε. (094497279),094497279,SANTAIR Α.Ε. (094497279),2790.0,,
ΨΤΖ04690ΒΧ-39Β,2024-08-06,ΕΝΤΑΛΜΑ ΠΛΗΡΩΜΗΣ RONTIS HELLAS AEBE (095335610),095335610,RONTIS HELLAS AEBE (095335610),4442.72,,
Ψ92Φ4690ΒΧ-ΘΚΖ,2024-08-06,ΕΝΤΑΛΜΑ ΠΛΗΡΩΜΗΣ MEDINOR ΕΕ (082802380),082802380,MEDINOR ΕΕ (082802380),1503.37,,
ΡΦΚ64690ΒΧ-ΦΑΣ,2024-08-06,ΕΝΤΑΛΜΑ ΠΛΗΡΩΜΗΣ ELFAMED AE (800378686),800378686,ELFAMED AE (800378686),2724.62,,
ΨΓΗΨ4690ΒΧ-ΕΑΕ,2024-08-06,ΕΝΤΑΛΜΑ ΠΛΗΡΩΜΗΣ ELECTROSTORM   ΣΙΑ  Ε.Ε. (802163799),802163799,ELECTROSTORM   ΣΙΑ  Ε.Ε. (802163799),308.26,,
9ΖΧΛ4690ΒΧ-528,2024-08-06,ΕΝΤΑΛΜΑ ΠΛΗΡΩΜΗΣ ELECTROSTORM   ΣΙΑ  Ε.Ε. (802163799),802163799,ELECTROSTORM   ΣΙΑ  Ε.Ε. (802163799),75.33,,
Ρ1Ρ54690ΒΧ-ΥΗΑ,2024-08-06,ΕΝΤΑΛΜΑ ΠΛΗΡΩΜΗΣ ΜΠΕΝΕΖΗ ΣΟΦΙΑ ΗΛΙΑΣ (105805168),105805168,ΜΠΕΝΕΖΗ ΣΟΦΙΑ ΗΛΙΑΣ (105805168),724.07,,
68ΔΟ4690ΒΧ-45Γ,2024-08-08,ΕΝΤΑΛΜΑ ΠΛΗΡΩΜΗΣ ΔΙΣΝΙΤΣΑΣ ΛΕΩΝΙΔΑΣ (029818051),029818051,ΔΙΣΝΙΤΣΑΣ ΛΕΩΝΙΔΑΣ (029818051),4004.5,,
61ΘΝ4690ΒΧ-75Α,2024-08-06,ΕΝΤΑΛΜΑ ΠΛΗΡΩΜΗΣ ΤΡΙΑΝΤΑΦΥΛΛΟΥ Κ ΣΙΑ Ε.Ε. (092526470),092526470,ΤΡΙΑΝΤΑΦΥΛΛΟΥ Κ ΣΙΑ Ε.Ε. (092526470),175.21,,
6Λ0Π4690ΒΧ-ΚΚΠ,2024-08-06,ΕΝΤΑΛΜΑ ΠΛΗΡΩΜΗΣ ΣΩΤΗΡΟΠΟΥΛΟΣ Π   ΣΙΑ Ε.Ε. (094450625),094450625,ΣΩΤΗΡΟΠΟΥΛΟΣ Π   ΣΙΑ Ε.Ε. (094450625),3873.26,,
ΨΥΦΗ4690ΒΧ-Τ02,2024-08-06,ΕΝΤΑΛΜΑ ΠΛΗΡΩΜΗΣ Σ.ΧΑΣΚΟΣ -Χ.ΤΣΙΚΟΥΔΗΣ Ο.Ε (084157763),084157763,Σ.ΧΑΣΚΟΣ -Χ.ΤΣΙΚΟΥΔΗΣ Ο.Ε (084157763),2232.0,,
ΨΚΛΛ4690ΒΧ-Ρ6Ν,2024-08-06,ΕΝΤΑΛΜΑ ΠΛΗΡΩΜΗΣ ΠΗΝΕΛΟΠΗ Δ.ΚΥΡΚΟΥ (066483339),066483339,ΠΗΝΕΛΟΠΗ Δ.ΚΥΡΚΟΥ (066483339),1488.0,,
ΨΖΟΥ4690ΒΧ-243,2024-08-06,ΕΝΤΑΛΜΑ ΠΛΗΡΩΜΗΣ ΠΗΝΕΛΟΠΗ Δ.ΚΥΡΚΟΥ (066483339),066483339,ΠΗΝΕΛΟΠΗ Δ.ΚΥΡΚΟΥ (066483339),1488.0,,
ΨΖΠ84690ΒΧ-ΑΟΝ,2024-08-06,ΕΝΤΑΛΜΑ ΠΛΗΡΩΜΗΣ ΜΑΥΡΟΥΔΗΣ Α.Ε (997998085),997998085,ΜΑΥΡΟΥΔΗΣ Α.Ε (997998085),168.64,,
91ΒΔ4690ΒΧ-ΥΨΛ,2024-08-06,ΕΝΤΑΛΜΑ ΠΛΗΡΩΜΗΣ ΙΑΤΡΙΚΗ ΜΕΡΙΜΝΑ   ΥΓΕΙΑ Α.Ε. (094349547),094349547,ΙΑΤΡΙΚΗ ΜΕΡΙΜΝΑ   ΥΓΕΙΑ Α.Ε. (094349547),698.12,,
ΨΣ8Ε4690ΒΧ-Ξ51,2024-08-06,ΕΝΤΑΛΜΑ ΠΛΗΡΩΜΗΣ ΙΑΤΡΙΚΑ ΒΟΗΘΗΜΑΤΑ Ι.Κ.Ε (999815729),999815729,ΙΑΤΡΙΚΑ ΒΟΗΘΗΜΑΤΑ Ι.Κ.Ε (999815729),93.0,,
ΨΖΧΚ4690ΒΧ-ΕΑΨ,2024-08-06,ΕΝΤΑΛΜΑ ΠΛΗΡΩΜΗΣ ΙΑΤΡΙΚΑ ΒΟΗΘΗΜΑΤΑ Ι.Κ.Ε (999815729),999815729,ΙΑΤΡΙΚΑ ΒΟΗΘΗΜΑΤΑ Ι.Κ.Ε (999815729),1345.16,,
ΨΞ1Ξ4690ΒΧ-ΞΟΒ,2024-08-06,ΕΝΤΑΛΜΑ ΠΛΗΡΩΜΗΣ ΕΣΕΑΠ (998886571),998886571,ΕΣΕΑΠ (998886571),452.6,,
90ΦΡ4690ΒΧ-4ΘΑ,2024-08-06,ΕΝΤΑΛΜΑ ΠΛΗΡΩΜΗΣ ΕΡΓΟΣΥΣΤΕΜΣ ΕΠΕ (095457728),095457728,ΕΡΓΟΣΥΣΤΕΜΣ ΕΠΕ (095457728),376.32,,
62ΦΕ4690ΒΧ-ΘΛΕ,2024-08-06,ΕΝΤΑΛΜΑ ΠΛΗΡΩΜΗΣ ΒΙΟΗΛΕΚΤΡΟΝΙΚΗ  Ι.Κ.Ε. <<BIOELECTRONICA>> (800780179),800780179,ΒΙΟΗΛΕΚΤΡΟΝΙΚΗ  Ι.Κ.Ε. <<BIOELECTRONICA>> (800780179),93.0,,
ΨΛΘΛ4690ΒΧ-ΑΓΟ,2024-08-06,ΕΝΤΑΛΜΑ ΠΛΗΡΩΜΗΣ ΒΙΟΗΛΕΚΤΡΟΝΙΚΗ  Ι.Κ.Ε. <<BIOELECTRONICA>> (800780179),800780179,ΒΙΟΗΛΕΚΤΡΟΝΙΚΗ  Ι.Κ.Ε. <<BIOELECTRONICA>> (800780179),1347.88,,
62ΓΡ4690ΒΧ-ΔΩ5,2024-08-06,ΕΝΤΑΛΜΑ ΠΛΗΡΩΜΗΣ ΑΦΟΙ ΑΛΤΑΝΗ ΟΕ (081682275),081682275,ΑΦΟΙ ΑΛΤΑΝΗ ΟΕ (081682275),248.0,,
ΨΕΠΠ4690ΒΧ-Ν5Μ,2024-08-06,ΕΝΤΑΛΜΑ ΠΛΗΡΩΜΗΣ ΑΦΟΙ ΑΛΤΑΝΗ ΟΕ (081682275),081682275,ΑΦΟΙ ΑΛΤΑΝΗ ΟΕ (081682275),1469.4,,
6Υ4Κ4690ΒΧ-2Θ9,2024-08-06,ΕΝΤΑΛΜΑ ΠΛΗΡΩΜΗΣ Α. ΜΕΛΕΤΗΣ   ΣΙΑ Ε.Ε. (802259160),802259160,Α. ΜΕΛΕΤΗΣ   ΣΙΑ Ε.Ε. (802259160),153.09,,
ΨΦΤΜ4690ΒΧ-ΧΙ4,2024-08-06,ΕΝΤΑΛΜΑ ΠΛΗΡΩΜΗΣ TRANE HELLAS A.E (098032885),098032885,TRANE HELLAS A.E (098032885),2108.0,,
94Ρ54690ΒΧ-9ΦΜ,2024-08-06,ΕΝΤΑΛΜΑ ΠΛΗΡΩΜΗΣ BIOTRANS A.E (999506681),999506681,BIOTRANS A.E (999506681),446.4,,
6ΘΒΦ4690ΒΧ-Λ1Β,2024-07-25,ΕΝΤΑΛΜΑ ΠΛΗΡΩΜΗΣ ΑΓΚΦΑ - ΓΚΕΒΕΡΤ ΑΕΒΕ (094025805),094025805,ΑΓΚΦΑ - ΓΚΕΒΕΡΤ ΑΕΒΕ (094025805),10512.72,,
Ψ0Ξ24690ΒΧ-Ζ9Χ,2024-07-23,ΕΝΤΑΛΜΑ ΠΛΗΡΩΜΗΣ SIEMENS HEALTHINEERS A.E. (094456875),094456875,SIEMENS HEALTHINEERS A.E. (094456875),3824.62,,
9ΡΞΧ4690ΒΧ-ΤΥΔ,2024-07-23,ΕΝΤΑΛΜΑ ΠΛΗΡΩΜΗΣ SIEMENS HEALTHINEERS A.E. (094456875),094456875,SIEMENS HEALTHINEERS A.E. (094456875),3824.62,,
ΨΚΞΩ4690ΒΧ-Θ90,2024-07-25,ΕΝΤΑΛΜΑ ΠΛΗΡΩΜΗΣ COVAX Ε.Π.Ε (999778188),999778188,COVAX Ε.Π.Ε (999778188),8060.0,,
67ΡΨ4690ΒΧ-670,2024-07-23,ΕΝΤΑΛΜΑ ΠΛΗΡΩΜΗΣ COMPUTER SOLUTIONS ΑΝΩΝΥΜΗ (095403136),095403136,COMPUTER SOLUTIONS ΑΝΩΝΥΜΗ (095403136),4960.0,,
ΨΟΑΡ4690ΒΧ-0ΕΚ,2024-07-23,ΕΝΤΑΛΜΑ ΠΛΗΡΩΜΗΣ COMPUTER SOLUTIONS ΑΝΩΝΥΜΗ (095403136),095403136,COMPUTER SOLUTIONS ΑΝΩΝΥΜΗ (095403136),3100.0,,
ΨΒ914690ΒΧ-Ω1Β,2024-07-23,ΕΝΤΑΛΜΑ ΠΛΗΡΩΜΗΣ MEDIC PLAN HEALTH PROJECT IKE (999961120),999961120,MEDIC PLAN HEALTH PROJECT IKE (999961120),1627.5,,
6ΡΔ84690ΒΧ-57Ν,2024-07-15,ΕΝΤΑΛΜΑ ΠΛΗΡΩΜΗΣ INTER MEDICA ΕΜΜ.Τ.ΤΖΑΝΙΔΑΚΗΣ (011651035),011651035,INTER MEDICA ΕΜΜ.Τ.ΤΖΑΝΙΔΑΚΗΣ (011651035),2560.6,,
92ΨΗ4690ΒΧ-8ΘΥ,2024-07-15,ΕΝΤΑΛΜΑ ΠΛΗΡΩΜΗΣ INTER MEDICA ΕΜΜ.Τ.ΤΖΑΝΙΔΑΚΗΣ (011651035),011651035,INTER MEDICA ΕΜΜ.Τ.ΤΖΑΝΙΔΑΚΗΣ (011651035),1760.8,,
60554690ΒΧ-Γ0Υ,2024-07-23,ΕΝΤΑΛΜΑ ΠΛΗΡΩΜΗΣ ΠΑΝ/ΜΙΟ ΑΘΗΝΩΝ-ΠΑΘ/ΓΙΚΟ ΑΝΑΤΟΜ (090145420),090145420,ΠΑΝ/ΜΙΟ ΑΘΗΝΩΝ-ΠΑΘ/ΓΙΚΟ ΑΝΑΤΟΜ (090145420),2611.89,,
ΨΒΨΚ4690ΒΧ-ΛΗ1,2024-07-25,ΕΝΤΑΛΜΑ ΠΛΗΡΩΜΗΣ ΛΟΥΛΟΥΔΗΣ ΛΕΩΝΙΔΑΣ ΜΟΝ. ΙΚΕ (801458499),801458499,ΛΟΥΛΟΥΔΗΣ ΛΕΩΝΙΔΑΣ ΜΟΝ. ΙΚΕ (801458499),1012.66,,
654Ψ4690ΒΧ-ΒΛΠ,2024-07-23,ΕΝΤΑΛΜΑ ΠΛΗΡΩΜΗΣ ΕΥΣΤΑΘΙΟΣ Γ.ΤΣΙΓΚΡΗΣ Ε.Π.Ε. (999893375),999893375,ΕΥΣΤΑΘΙΟΣ Γ.ΤΣΙΓΚΡΗΣ Ε.Π.Ε. (999893375),7592.71,,
ΨΣΙΩ4690ΒΧ-5ΩΨ,2024-07-25,ΕΝΤΑΛΜΑ ΠΛΗΡΩΜΗΣ ΑΡΙΣΤΗ ΣΥΜΒΟΥΛΕΥΤΙΚΗ Ε.Ε. (999112526),999112526,ΑΡΙΣΤΗ ΣΥΜΒΟΥΛΕΥΤΙΚΗ Ε.Ε. (999112526),9300.0,,
ΨΘΓΣ4690ΒΧ-ΘΧΧ,2024-07-25,ΕΝΤΑΛΜΑ ΠΛΗΡΩΜΗΣ ΑΠ.Γ.ΠΑΠΟΥΔΗΣ   ΥΙΟΣ Α.Ε (094512503),094512503,ΑΠ.Γ.ΠΑΠΟΥΔΗΣ   ΥΙΟΣ Α.Ε (094512503),2604.0,,
ΨΘ8Β4690ΒΧ-176,2024-07-23,ΕΝΤΑΛΜΑ ΠΛΗΡΩΜΗΣ Α.Μ.ΒΙΔΑΛΗΣ INTERNATIONAL ΙΚΕ (095185177),095185177,Α.Μ.ΒΙΔΑΛΗΣ INTERNATIONAL ΙΚΕ (095185177),2529.6,,
6ΦΤ54690ΒΧ-ΕΕΠ,2024-07-25,ΕΝΤΑΛΜΑ ΠΛΗΡΩΜΗΣ VETERY SERVICE HELLAS ΝΑΚΑΣ ΣΠΥΡΙΔΩΝ (061755570),061755570,VETERY SERVICE HELLAS ΝΑΚΑΣ ΣΠΥΡΙΔΩΝ (061755570),1625.0,,
9ΟΠΑ4690ΒΧ-ΙΝΠ,2024-07-25,ΕΝΤΑΛΜΑ ΠΛΗΡΩΜΗΣ Payroll Software   Services Real Solutions Ι.Κ.Ε (800498280),800498280,Payroll Software   Services Real Solutions Ι.Κ.Ε (800498280),2873.7,,
ΨΨ3Λ4690ΒΧ-ΛΓΥ,2024-07-23,ΕΝΤΑΛΜΑ ΠΛΗΡΩΜΗΣ OTIS ΕΛΛΑΣ ΜΟΝΟΠΡΟΣΩΠΗ ΑΝΩΝ.ΒΙΟΜ.   ΕΜΠ.ΤΕΧΝ.ΕΤΑΙΡΕΙΑ (094208578),094208578,OTIS ΕΛΛΑΣ ΜΟΝΟΠΡΟΣΩΠΗ ΑΝΩΝ.ΒΙΟΜ.   ΕΜΠ.ΤΕΧΝ.ΕΤΑΙΡΕΙΑ (094208578),3418.5,,
9ΕΚ14690ΒΧ-58Ρ,2024-07-22,ΕΝΤΑΛΜΑ ΠΛΗΡΩΜΗΣ ICON DYNAMICS (998860010),998860010,ICON DYNAMICS (998860010),2108.0,,
ΡΔ2Τ4690ΒΧ-4ΔΜ,2024-07-22,ΕΝΤΑΛΜΑ ΠΛΗΡΩΜΗΣ ICON DYNAMICS (998860010),998860010,ICON DYNAMICS (998860010),595.2,,
9Η0Τ4690ΒΧ-4ΒΕ,2024-07-25,ΕΝΤΑΛΜΑ ΠΛΗΡΩΜΗΣ HOSPITECNICA ΕΠΕ (095526068),095526068,HOSPITECNICA ΕΠΕ (095526068),5532.88,,
ΡΡΨΘ4690ΒΧ-ΥΓΛ,2024-07-25,ΕΝΤΑΛΜΑ ΠΛΗΡΩΜΗΣ HEALTHCARE EXPERIENCE A.E ΟΛΟΚΛ.ΛΥΣ.ΙΑΤΡ. ΠΛ.ΙΑΤΡ.ΕΞ.-ΛΟΓ.  ΥΠΗΡ. (997800874),997800874,HEALTHCARE EXPERIENCE A.E ΟΛΟΚΛ.ΛΥΣ.ΙΑΤΡ. ΠΛ.ΙΑΤΡ.ΕΞ.-ΛΟΓ.  ΥΠΗΡ. (997800874),1023.0,,
6ΧΒΥ4690ΒΧ-Ω62,2024-07-25,ΕΝΤΑΛΜΑ ΠΛΗΡΩΜΗΣ ELINCO A.E.ΣΥΣΤΗΜΑΤΑ ΕΛΕΓΧΟΥ ΠΥΡΟΠΡΟΣΤΑΣΙΑΣ-ΑΣΦΑΛΕΙΑΣ (094475496),094475496,ELINCO A.E.ΣΥΣΤΗΜΑΤΑ ΕΛΕΓΧΟΥ ΠΥΡΟΠΡΟΣΤΑΣΙΑΣ-ΑΣΦΑΛΕΙΑΣ (094475496),3658.0,,
94ΟΘ4690ΒΧ-0ΦΠ,2024-07-22,ΕΝΤΑΛΜΑ ΠΛΗΡΩΜΗΣ DIACHEL ΔΙΑΓΝ.-ΧΗΜ.ΟΡΓ.Ε.Π.Ε. (095341314),095341314,DIACHEL ΔΙΑΓΝ.-ΧΗΜ.ΟΡΓ.Ε.Π.Ε. (095341314),322.24,,
ΡΩΜ24690ΒΧ-9ΡΨ,2024-07-23,ΕΝΤΑΛΜΑ ΠΛΗΡΩΜΗΣ COMPUTER SOLUTIONS ΑΝΩΝΥΜΗ (095403136),095403136,COMPUTER SOLUTIONS ΑΝΩΝΥΜΗ (095403136),14259.99,,
ΨΣ6Ι4690ΒΧ-ΠΚΕ,2024-07-25,ΕΝΤΑΛΜΑ ΠΛΗΡΩΜΗΣ BIOTRANS A.E (999506681),999506681,BIOTRANS A.E (999506681),542.38,,
9Ζ634690ΒΧ-3ΑΖ,2024-07-22,ΕΝΤΑΛΜΑ ΠΛΗΡΩΜΗΣ MEDICIAL I.K.E. (802016290),802016290,MEDICIAL I.K.E. (802016290),559.24,,
93Τ64690ΒΧ-ΑΛΖ,2024-07-22,ΕΝΤΑΛΜΑ ΠΛΗΡΩΜΗΣ MAZ MEDICAL ΣΠΥΡΟΣ ΜΑΖΙΑΝΗΣ   ΣΙΑ ΕΕ (998547179),998547179,MAZ MEDICAL ΣΠΥΡΟΣ ΜΑΖΙΑΝΗΣ   ΣΙΑ ΕΕ (998547179),4186.24,,
ΡΩΑΗ4690ΒΧ-ΞΗΩ,2024-07-22,ΕΝΤΑΛΜΑ ΠΛΗΡΩΜΗΣ Heraeus Hellas Μ. ΕΠΕ (998858098),998858098,Heraeus Hellas Μ. ΕΠΕ (998858098),257.64,,
6Κ5Λ4690ΒΧ-ΩΓΞ,2024-07-22,ΕΝΤΑΛΜΑ ΠΛΗΡΩΜΗΣ ETIROLLB.ΠΑΡΑΣΧΟΣ   ΣΙΑ Ε.Ε. (099905778),099905778,ETIROLLB.ΠΑΡΑΣΧΟΣ   ΣΙΑ Ε.Ε. (099905778),105.4,,
ΡΛΑΛ4690ΒΧ-82Ψ,2024-07-22,ΕΝΤΑΛΜΑ ΠΛΗΡΩΜΗΣ DIACHEL ΔΙΑΓΝ.-ΧΗΜ.ΟΡΓ.Ε.Π.Ε. (095341314),095341314,DIACHEL ΔΙΑΓΝ.-ΧΗΜ.ΟΡΓ.Ε.Π.Ε. (095341314),57.04,,
6Η454690ΒΧ-Χ5Ξ,2024-07-22,ΕΝΤΑΛΜΑ ΠΛΗΡΩΜΗΣ ALLMED E.E. (997564511),997564511,ALLMED E.E. (997564511),1032.03,,
95ΕΤ4690ΒΧ-ΨΞΛ,2024-07-22,ΕΝΤΑΛΜΑ ΠΛΗΡΩΜΗΣ ALLMED E.E. (997564511),997564511,ALLMED E.E. (997564511),5998.26,,
ΡΡΒΒ4690ΒΧ-ΔΓΩ,2024-07-22,ΕΝΤΑΛΜΑ ΠΛΗΡΩΜΗΣ ALLMED E.E. (997564511),997564511,ALLMED E.E. (997564511),4493.1,,
6Ε534690ΒΧ-ΥΘΕ,2024-07-22,ΕΝΤΑΛΜΑ ΠΛΗΡΩΜΗΣ ΤΕΜΑΚ (094279934),094279934,ΤΕΜΑΚ (094279934),3664.2,,
ΨΣ0Β4690ΒΧ-ΜΒ5,2024-07-22,ΕΝΤΑΛΜΑ ΠΛΗΡΩΜΗΣ ΤΕΜΑΚ (094279934),094279934,ΤΕΜΑΚ (094279934),137.24,,
ΡΡΙΚ4690ΒΧ-614,2024-07-22,ΕΝΤΑΛΜΑ ΠΛΗΡΩΜΗΣ ΟΔΟΝΤΟΠΡΟΜΗΘΕΥΤΙΚΗ ΓΕΩΡΓΑΚΑΣ ΚΩΝΣΤΑΝΤΙΝΟΣ (062216690),062216690,ΟΔΟΝΤΟΠΡΟΜΗΘΕΥΤΙΚΗ ΓΕΩΡΓΑΚΑΣ ΚΩΝΣΤΑΝΤΙΝΟΣ (062216690),16.12,,
ΨΜΓΛ4690ΒΧ-Ε7Ι,2024-07-22,ΕΝΤΑΛΜΑ ΠΛΗΡΩΜΗΣ ΚΟΛΥΤΟΣ Ν   θ ΚΑΙ ΣΙΑ ΟΕ (082325792),082325792,ΚΟΛΥΤΟΣ Ν   θ ΚΑΙ ΣΙΑ ΟΕ (082325792),761.36,,
ΡΦΥΖ4690ΒΧ-ΟΙΩ,2024-07-22,ΕΝΤΑΛΜΑ ΠΛΗΡΩΜΗΣ ΚΟΛΥΤΟΣ Ν   θ ΚΑΙ ΣΙΑ ΟΕ (082325792),082325792,ΚΟΛΥΤΟΣ Ν   θ ΚΑΙ ΣΙΑ ΟΕ (082325792),86.8,,
65ΛΤ4690ΒΧ-ΥΛΜ,2024-07-22,ΕΝΤΑΛΜΑ ΠΛΗΡΩΜΗΣ ΙΑΤΡΙΚΑ ΒΟΗΘΗΜΑΤΑ Ι.Κ.Ε (999815729),999815729,ΙΑΤΡΙΚΑ ΒΟΗΘΗΜΑΤΑ Ι.Κ.Ε (999815729),247.38,,
ΨΘΜΑ4690ΒΧ-ΑΑΥ,2024-07-22,ΕΝΤΑΛΜΑ ΠΛΗΡΩΜΗΣ ΙΑΤΡΙΚΑ ΒΟΗΘΗΜΑΤΑ Ι.Κ.Ε (999815729),999815729,ΙΑΤΡΙΚΑ ΒΟΗΘΗΜΑΤΑ Ι.Κ.Ε (999815729),185.01,,
Ρ0ΟΖ4690ΒΧ-ΛΩΚ,2024-07-22,ΕΝΤΑΛΜΑ ΠΛΗΡΩΜΗΣ ΔΙΑΓΝΩΣΤΙΚΗ - ΑΝΑΛΥΤΙΚΗ ΕΠΕ (099109774),099109774,ΔΙΑΓΝΩΣΤΙΚΗ - ΑΝΑΛΥΤΙΚΗ ΕΠΕ (099109774),408.1,,
ΨΗΚ94690ΒΧ-ΦΡ5,2024-07-22,ΕΝΤΑΛΜΑ ΠΛΗΡΩΜΗΣ ΔΙΑΓΝΩΣΤΙΚΗ - ΑΝΑΛΥΤΙΚΗ ΕΠΕ (099109774),099109774,ΔΙΑΓΝΩΣΤΙΚΗ - ΑΝΑΛΥΤΙΚΗ ΕΠΕ (099109774),2647.35,,
996Ι4690ΒΧ-Χ4Χ,2024-07-22,ΕΝΤΑΛΜΑ ΠΛΗΡΩΜΗΣ ΓΚΑΤΕΞ Α.Ε MEDICAL SUPLIES (093573836),093573836,ΓΚΑΤΕΞ Α.Ε MEDICAL SUPLIES (093573836),92.75,,
9ΕΞ64690ΒΧ-Φ1Τ,2024-07-22,ΕΝΤΑΛΜΑ ΠΛΗΡΩΜΗΣ ΓΚΑΤΕΞ Α.Ε MEDICAL SUPLIES (093573836),093573836,ΓΚΑΤΕΞ Α.Ε MEDICAL SUPLIES (093573836),185.5,,
6ΚΚ84690ΒΧ-Ν5Ψ,2024-07-22,ΕΝΤΑΛΜΑ ΠΛΗΡΩΜΗΣ ΓΚΑΤΕΞ Α.Ε MEDICAL SUPLIES (093573836),093573836,ΓΚΑΤΕΞ Α.Ε MEDICAL SUPLIES (093573836),671.62,,
61ΕΣ4690ΒΧ-Ο2Ο,2024-07-22,ΕΝΤΑΛΜΑ ΠΛΗΡΩΜΗΣ ΒΙΟΠΡΟΜΗΘΕΥΤΙΚΗ ΜΟΝ/ΠΗ ΕΠΕ (099007886),099007886,ΒΙΟΠΡΟΜΗΘΕΥΤΙΚΗ ΜΟΝ/ΠΗ ΕΠΕ (099007886),477.4,,
97ΓΣ4690ΒΧ-Υ2Ψ,2024-07-22,ΕΝΤΑΛΜΑ ΠΛΗΡΩΜΗΣ ΒΙΟΗΛΕΚΤΡΟΝΙΚΗ  Ι.Κ.Ε. <<BIOELECTRONICA>> (800780179),800780179,ΒΙΟΗΛΕΚΤΡΟΝΙΚΗ  Ι.Κ.Ε. <<BIOELECTRONICA>> (800780179),334.8,,
6ΔΒΨ4690ΒΧ-ΞΓΗ,2024-07-22,ΕΝΤΑΛΜΑ ΠΛΗΡΩΜΗΣ ΒΙΟΗΛΕΚΤΡΟΝΙΚΗ  Ι.Κ.Ε. <<BIOELECTRONICA>> (800780179),800780179,ΒΙΟΗΛΕΚΤΡΟΝΙΚΗ  Ι.Κ.Ε. <<BIOELECTRONICA>> (800780179),93.0,,
ΡΩΘ74690ΒΧ-ΟΙΠ,2024-07-22,ΕΝΤΑΛΜΑ ΠΛΗΡΩΜΗΣ ΑΠ.ΘΩΜΑΔΑΚΗΣ   ΣΙΑ ΕΕ (998210454),998210454,ΑΠ.ΘΩΜΑΔΑΚΗΣ   ΣΙΑ ΕΕ (998210454),441.35,,
ΨΦΣΓ4690ΒΧ-ΩΚ1,2024-07-22,ΕΝΤΑΛΜΑ ΠΛΗΡΩΜΗΣ ΑΝΤΙ-ΣΕΛ ΑΦΟΙ Α. ΣΕΛΙΔΗ ΑΕ (091569759),091569759,ΑΝΤΙ-ΣΕΛ ΑΦΟΙ Α. ΣΕΛΙΔΗ ΑΕ (091569759),595.2,,
ΡΥΕ34690ΒΧ-94Σ,2024-07-16,ΕΝΤΑΛΜΑ ΠΛΗΡΩΜΗΣ implantcast HELLAS AE (800449038),800449038,implantcast HELLAS AE (800449038),3186.6,,
ΨΠ0Υ4690ΒΧ-ΧΥΤ,2024-07-16,ΕΝΤΑΛΜΑ ΠΛΗΡΩΜΗΣ SARSTEDT ΜΕΠΕ (095591419),095591419,SARSTEDT ΜΕΠΕ (095591419),309.56,,
ΡΦΦΙ4690ΒΧ-Θ15,2024-07-16,ΕΝΤΑΛΜΑ ΠΛΗΡΩΜΗΣ PULP MEDICAL-KOSTARAS ARISTIDIS (115106562),115106562,PULP MEDICAL-KOSTARAS ARISTIDIS (115106562),440.21,,
6ΔΡ64690ΒΧ-Ο2Ε,2024-07-15,ΕΝΤΑΛΜΑ ΠΛΗΡΩΜΗΣ DMPS LTD (998333221),998333221,DMPS LTD (998333221),1709.24,,
ΨΗΠΦ4690ΒΧ-3ΥΘ,2024-07-16,ΕΝΤΑΛΜΑ ΠΛΗΡΩΜΗΣ BUSE GAS A.E (997598041),997598041,BUSE GAS A.E (997598041),1419.8,,
6Α4Φ4690ΒΧ-Φ3Δ,2024-07-16,ΕΝΤΑΛΜΑ ΠΛΗΡΩΜΗΣ BUSE GAS A.E (997598041),997598041,BUSE GAS A.E (997598041),1311.98,,
9Β5Ν4690ΒΧ-3ΧΚ,2024-07-09,ΕΝΤΑΛΜΑ ΠΛΗΡΩΜΗΣ ABBOTT LABORATORIES(ΕΛΛΑΣ)ABEE (094027257),094027257,ABBOTT LABORATORIES(ΕΛΛΑΣ)ABEE (094027257),4664.0,,
6ΩΘΛ4690ΒΧ-ΡΒΣ,2024-07-09,ΕΝΤΑΛΜΑ ΠΛΗΡΩΜΗΣ ABBOTT LABORATORIES(ΕΛΛΑΣ)ABEE (094027257),094027257,ABBOTT LABORATORIES(ΕΛΛΑΣ)ABEE (094027257),2925.6,,
61ΛΥ4690ΒΧ-ΧΥΤ,2024-07-09,ΕΝΤΑΛΜΑ ΠΛΗΡΩΜΗΣ ABBOTT LABORATORIES(ΕΛΛΑΣ)ABEE (094027257),094027257,ABBOTT LABORATORIES(ΕΛΛΑΣ)ABEE (094027257),2713.6,,
ΡΛΚ74690ΒΧ-ΦΦΠ,2024-07-09,ΕΝΤΑΛΜΑ ΠΛΗΡΩΜΗΣ ABBOTT LABORATORIES(ΕΛΛΑΣ)ABEE (094027257),094027257,ABBOTT LABORATORIES(ΕΛΛΑΣ)ABEE (094027257),4685.2,,
981Ξ4690ΒΧ-Ε4Φ,2024-07-09,ΕΝΤΑΛΜΑ ΠΛΗΡΩΜΗΣ ABBOTT LABORATORIES(ΕΛΛΑΣ)ABEE (094027257),094027257,ABBOTT LABORATORIES(ΕΛΛΑΣ)ABEE (094027257),4854.8,,
9Ω6Λ4690ΒΧ-Ν0Γ,2024-07-16,ΕΝΤΑΛΜΑ ΠΛΗΡΩΜΗΣ  EPIRUS GAS ΓΕΩΡΓΙΟΣ ΨΟΧΙΟΣ   ΥΙΟΣ Ο.Ε (997861308),997861308,EPIRUS GAS ΓΕΩΡΓΙΟΣ ΨΟΧΙΟΣ   ΥΙΟΣ Ο.Ε (997861308),315.79,,
ΨΝΩ54690ΒΧ-947,2024-07-16,ΕΝΤΑΛΜΑ ΠΛΗΡΩΜΗΣ  EPIRUS GAS ΓΕΩΡΓΙΟΣ ΨΟΧΙΟΣ   ΥΙΟΣ Ο.Ε (997861308),997861308,EPIRUS GAS ΓΕΩΡΓΙΟΣ ΨΟΧΙΟΣ   ΥΙΟΣ Ο.Ε (997861308),2002.09,,
93ΖΕ4690ΒΧ-24Τ,2024-07-22,ΕΝΤΑΛΜΑ ΠΛΗΡΩΜΗΣ Ι.Φ.Ε.Τ. Α.Ε. (090064864),090064864,Ι.Φ.Ε.Τ. Α.Ε. (090064864),892.54,,
9Π154690ΒΧ-Ψ2Δ,2024-07-22,ΕΝΤΑΛΜΑ ΠΛΗΡΩΜΗΣ Ι.Φ.Ε.Τ. Α.Ε. (090064864),090064864,Ι.Φ.Ε.Τ. Α.Ε. (090064864),131.63,,
9ΓΙΜ4690ΒΧ-5ΤΔ,2024-07-22,ΕΝΤΑΛΜΑ ΠΛΗΡΩΜΗΣ ΒΙΟΣΕΡ ΑΕ (094035927),094035927,ΒΙΟΣΕΡ ΑΕ (094035927),1017.0,,
ΡΔΞΤ4690ΒΧ-ΗΗ7,2024-07-16,ΕΝΤΑΛΜΑ ΠΛΗΡΩΜΗΣ ΟΛΟΚΛΗΡΩΜΕΝΑ ΣΥΣΤΗΜΑΤΑ ΚΑΘΑΡΙΣΜΟΥ Α.Β.Ε.Ε. (094343647),094343647,ΟΛΟΚΛΗΡΩΜΕΝΑ ΣΥΣΤΗΜΑΤΑ ΚΑΘΑΡΙΣΜΟΥ Α.Β.Ε.Ε. (094343647),186.0,,
9ΘΠΒ4690ΒΧ-Ρ27,2024-07-16,ΕΝΤΑΛΜΑ ΠΛΗΡΩΜΗΣ ΣΚΛΗΡΗΣ Κ. ΜΠΑΡΔΟΥΤΣΟΣ Γ. Ο.Ε. (998218661),998218661,ΣΚΛΗΡΗΣ Κ. ΜΠΑΡΔΟΥΤΣΟΣ Γ. Ο.Ε. (998218661),1075.02,,
ΡΨΤ84690ΒΧ-0ΦΤ,2024-07-16,ΕΝΤΑΛΜΑ ΠΛΗΡΩΜΗΣ ΚΛΕΟΠΑΤΡΑ ΓΚΟΥΒΑ (041699970),041699970,ΚΛΕΟΠΑΤΡΑ ΓΚΟΥΒΑ (041699970),73.16,,
ΡΓΟΟ4690ΒΧ-Θ4Ο,2024-07-16,ΕΝΤΑΛΜΑ ΠΛΗΡΩΜΗΣ ΚΛΕΟΠΑΤΡΑ ΓΚΟΥΒΑ (041699970),041699970,ΚΛΕΟΠΑΤΡΑ ΓΚΟΥΒΑ (041699970),892.8,,
Ψ20Χ4690ΒΧ-ΘΓ4,2024-07-16,ΕΝΤΑΛΜΑ ΠΛΗΡΩΜΗΣ ΚΑΧΙΩΝΗΣ Α.Π.ΙΩΑΚΕΙΜΙΔΟΥ Ο.Ε KI-Constructions (998170464),998170464,ΚΑΧΙΩΝΗΣ Α.Π.ΙΩΑΚΕΙΜΙΔΟΥ Ο.Ε KI-Constructions (998170464),768.8,,
9ΜΖΡ4690ΒΧ-65Θ,2024-07-16,ΕΝΤΑΛΜΑ ΠΛΗΡΩΜΗΣ ΚΑΧΙΩΝΗΣ Α.Π.ΙΩΑΚΕΙΜΙΔΟΥ Ο.Ε KI-Constructions (998170464),998170464,ΚΑΧΙΩΝΗΣ Α.Π.ΙΩΑΚΕΙΜΙΔΟΥ Ο.Ε KI-Constructions (998170464),625.22,,
ΨΕ9Ξ4690ΒΧ-ΓΩΤ,2024-07-16,ΕΝΤΑΛΜΑ ΠΛΗΡΩΜΗΣ ΚΑΛΤΕΚ ΜΟΝΟΠΡΟΣΩΠΗ Α.Ε. (999307110),999307110,ΚΑΛΤΕΚ ΜΟΝΟΠΡΟΣΩΠΗ Α.Ε. (999307110),4034.78,,
69ΦΟ4690ΒΧ-Μ7Ψ,2024-07-16,ΕΝΤΑΛΜΑ ΠΛΗΡΩΜΗΣ ΚΑΛΤΕΚ ΜΟΝΟΠΡΟΣΩΠΗ Α.Ε. (999307110),999307110,ΚΑΛΤΕΚ ΜΟΝΟΠΡΟΣΩΠΗ Α.Ε. (999307110),4034.78,,
6ΞΖΙ4690ΒΧ-ΕΟΖ,2024-07-16,ΕΝΤΑΛΜΑ ΠΛΗΡΩΜΗΣ ΚΑΛΤΕΚ ΜΟΝΟΠΡΟΣΩΠΗ Α.Ε. (999307110),999307110,ΚΑΛΤΕΚ ΜΟΝΟΠΡΟΣΩΠΗ Α.Ε. (999307110),4034.78,,
ΡΠ0Ο4690ΒΧ-Ν3Ξ,2024-07-16,ΕΝΤΑΛΜΑ ΠΛΗΡΩΜΗΣ ΚΑΛΤΕΚ ΜΟΝΟΠΡΟΣΩΠΗ Α.Ε. (999307110),999307110,ΚΑΛΤΕΚ ΜΟΝΟΠΡΟΣΩΠΗ Α.Ε. (999307110),2033.6,,
6ΘΚΩ4690ΒΧ-ΛΑΥ,2024-07-16,ΕΝΤΑΛΜΑ ΠΛΗΡΩΜΗΣ ΚΑΛΤΕΚ ΜΟΝΟΠΡΟΣΩΠΗ Α.Ε. (999307110),999307110,ΚΑΛΤΕΚ ΜΟΝΟΠΡΟΣΩΠΗ Α.Ε. (999307110),4439.02,,
ΨΦΧ14690ΒΧ-4Χ2,2024-07-15,ΕΝΤΑΛΜΑ ΠΛΗΡΩΜΗΣ ΕΥΡΟΜΑΡΤ Α.Ε. (094284004),094284004,ΕΥΡΟΜΑΡΤ Α.Ε. (094284004),61.02,,
Ψ30Λ4690ΒΧ-5ΔΚ,2024-07-15,ΕΝΤΑΛΜΑ ΠΛΗΡΩΜΗΣ ΕΥΡΟΜΑΡΤ Α.Ε. (094284004),094284004,ΕΥΡΟΜΑΡΤ Α.Ε. (094284004),2457.72,,
9ΦΟΝ4690ΒΧ-7ΡΟ,2024-07-16,ΕΝΤΑΛΜΑ ΠΛΗΡΩΜΗΣ ΕΛΛΗΝΙΚΑ ΚΑΥΣΙΜΑ ΟΡΥΚΤΕΛΑΙΑ ΜΟΝΟΠΡ.ΑΝΩΝ.ΒΙΟΜΗΧ.  ΕΜΠΟΡ.ΕΤΑΙΡΕΙΑ (094010146),094010146,ΕΛΛΗΝΙΚΑ ΚΑΥΣΙΜΑ ΟΡΥΚΤΕΛΑΙΑ ΜΟΝΟΠΡ.ΑΝΩΝ.ΒΙΟΜΗΧ.  ΕΜΠΟΡ.ΕΤΑΙΡΕΙΑ (094010146),12954.83,,
ΡΡΑΣ4690ΒΧ-0ΥΨ,2024-07-15,ΕΝΤΑΛΜΑ ΠΛΗΡΩΜΗΣ ΠΑΠΠΑΣ Ε   ΣΙΑ Ο.Ε (997565095),997565095,ΠΑΠΠΑΣ Ε   ΣΙΑ Ο.Ε (997565095),799.8,,
ΨΞ4Ο4690ΒΧ-71Α,2024-07-15,ΕΝΤΑΛΜΑ ΠΛΗΡΩΜΗΣ ΑΛΚΟΝ ΛΑΜΠΟΡΑΤΟΡΙΣ ΕΛΛΑΣ ΑΕΒΕ (094450895),094450895,ΑΛΚΟΝ ΛΑΜΠΟΡΑΤΟΡΙΣ ΕΛΛΑΣ ΑΕΒΕ (094450895),1449.54,,
9ΙΓ14690ΒΧ-Ζ4Ψ,2024-07-15,ΕΝΤΑΛΜΑ ΠΛΗΡΩΜΗΣ ΑΛΚΟΝ ΛΑΜΠΟΡΑΤΟΡΙΣ ΕΛΛΑΣ ΑΕΒΕ (094450895),094450895,ΑΛΚΟΝ ΛΑΜΠΟΡΑΤΟΡΙΣ ΕΛΛΑΣ ΑΕΒΕ (094450895),2083.2,,
ΨΚΠΕ4690ΒΧ-17Ι,2024-07-15,ΕΝΤΑΛΜΑ ΠΛΗΡΩΜΗΣ ΠΡΩΤΟΝ Α.Ε. (094442268),094442268,ΠΡΩΤΟΝ Α.Ε. (094442268),1130.0,,
ΨΡ504690ΒΧ-ΜΒΓ,2024-07-15,ΕΝΤΑΛΜΑ ΠΛΗΡΩΜΗΣ ΓΕΛΑΔΑΚΗΣ ΔΗΜ.   ΣΙΑ ΕΕ (800378754),800378754,ΓΕΛΑΔΑΚΗΣ ΔΗΜ.   ΣΙΑ ΕΕ (800378754),396.8,,
9ΒΖΣ4690ΒΧ-ΡΤ9,2024-07-15,ΕΝΤΑΛΜΑ ΠΛΗΡΩΜΗΣ ΓΕΛΑΔΑΚΗΣ ΔΗΜ.   ΣΙΑ ΕΕ (800378754),800378754,ΓΕΛΑΔΑΚΗΣ ΔΗΜ.   ΣΙΑ ΕΕ (800378754),1443.48,,
693Ω4690ΒΧ-ΛΕΞ,2024-07-15,ΕΝΤΑΛΜΑ ΠΛΗΡΩΜΗΣ Α. ΤΡΙΑΝΤΑΦΥΛΛΟΠΟΥΛΟΣ Ε.Ε (800896490),800896490,Α. ΤΡΙΑΝΤΑΦΥΛΛΟΠΟΥΛΟΣ Ε.Ε (800896490),215.76,,
6ΤΙΥ4690ΒΧ-Ν58,2024-07-15,ΕΝΤΑΛΜΑ ΠΛΗΡΩΜΗΣ MEDIPLAN  LTD (095617490),095617490,MEDIPLAN  LTD (095617490),310.93,,
ΨΣΡΞ4690ΒΧ-Χ26,2024-07-09,ΕΝΤΑΛΜΑ ΠΛΗΡΩΜΗΣ Health and Iasis Medical Products (800572342),800572342,Health and Iasis Medical Products (800572342),5721.22,,
ΨΥΔ84690ΒΧ-Κ7Ζ,2024-07-15,ΕΝΤΑΛΜΑ ΠΛΗΡΩΜΗΣ DUCASCO-ΔΟΥΡΜΟΥΣΟΓΛΟΥ ΑΕΒΕ (999640490),999640490,DUCASCO-ΔΟΥΡΜΟΥΣΟΓΛΟΥ ΑΕΒΕ (999640490),204.3,,
9ΤΥ34690ΒΧ-ΕΟΣ,2024-07-15,ΕΝΤΑΛΜΑ ΠΛΗΡΩΜΗΣ DUCASCO-ΔΟΥΡΜΟΥΣΟΓΛΟΥ ΑΕΒΕ (999640490),999640490,DUCASCO-ΔΟΥΡΜΟΥΣΟΓΛΟΥ ΑΕΒΕ (999640490),686.88,,
Ψ8ΞΦ4690ΒΧ-2ΜΘ,2024-07-15,ΕΝΤΑΛΜΑ ΠΛΗΡΩΜΗΣ DUCASCO-ΔΟΥΡΜΟΥΣΟΓΛΟΥ ΑΕΒΕ (999640490),999640490,DUCASCO-ΔΟΥΡΜΟΥΣΟΓΛΟΥ ΑΕΒΕ (999640490),486.08,,
9ΚΚ44690ΒΧ-ΧΜΚ,2024-07-15,ΕΝΤΑΛΜΑ ΠΛΗΡΩΜΗΣ DUCASCO-ΔΟΥΡΜΟΥΣΟΓΛΟΥ ΑΕΒΕ (999640490),999640490,DUCASCO-ΔΟΥΡΜΟΥΣΟΓΛΟΥ ΑΕΒΕ (999640490),224.58,,
ΨΘΗΠ4690ΒΧ-Ε90,2024-07-15,ΕΝΤΑΛΜΑ ΠΛΗΡΩΜΗΣ Areteion Medicals Α.Ε. (998283495),998283495,Areteion Medicals Α.Ε. (998283495),1374.91,,
9ΥΠ44690ΒΧ-86Φ,2024-07-15,ΕΝΤΑΛΜΑ ΠΛΗΡΩΜΗΣ Areteion Medicals Α.Ε. (998283495),998283495,Areteion Medicals Α.Ε. (998283495),687.46,,
ΨΙΦΕ4690ΒΧ-Β54,2024-07-15,ΕΝΤΑΛΜΑ ΠΛΗΡΩΜΗΣ ARTLINE A.B.E.E. (999009989),999009989,ARTLINE A.B.E.E. (999009989),377.26,,
6ΕΕ54690ΒΧ-9Μ5,2024-07-09,ΕΝΤΑΛΜΑ ΠΛΗΡΩΜΗΣ SCITEC ΙΑΤΡΙΚΑ ΣΥΣΤΗΜΑΤΑ Ε.Ε (094457478),094457478,SCITEC ΙΑΤΡΙΚΑ ΣΥΣΤΗΜΑΤΑ Ε.Ε (094457478),130.2,,
62Ι84690ΒΧ-ΕΟΜ,2024-07-08,ΕΝΤΑΛΜΑ ΠΛΗΡΩΜΗΣ ΣΚΟΥΡΤΗΣ Αγγ.ΧΑΡΑΛΑΜΠΟΣ (046496934),046496934,ΣΚΟΥΡΤΗΣ Αγγ.ΧΑΡΑΛΑΜΠΟΣ (046496934),235.85,,
Ψ72Φ4690ΒΧ-ΞΨΚ,2024-07-08,ΕΝΤΑΛΜΑ ΠΛΗΡΩΜΗΣ ΣΚΟΥΡΤΗΣ Αγγ.ΧΑΡΑΛΑΜΠΟΣ (046496934),046496934,ΣΚΟΥΡΤΗΣ Αγγ.ΧΑΡΑΛΑΜΠΟΣ (046496934),781.2,,
ΨΣΧΒ4690ΒΧ-Σ50,2024-07-08,ΕΝΤΑΛΜΑ ΠΛΗΡΩΜΗΣ Γ.ΡΟΥΣΣΑΣ   ΣΙΑ Ο.Ε (081448991),081448991,Γ.ΡΟΥΣΣΑΣ   ΣΙΑ Ο.Ε (081448991),99.2,,
6ΘΣΣ4690ΒΧ-6ΨΡ,2024-07-08,ΕΝΤΑΛΜΑ ΠΛΗΡΩΜΗΣ SCITEC ΙΑΤΡΙΚΑ ΣΥΣΤΗΜΑΤΑ Ε.Ε (094457478),094457478,SCITEC ΙΑΤΡΙΚΑ ΣΥΣΤΗΜΑΤΑ Ε.Ε (094457478),34.47,,
6ΩΒ84690ΒΧ-Θ7Ο,2024-07-08,ΕΝΤΑΛΜΑ ΠΛΗΡΩΜΗΣ PROGNOSIS BIOTECH Α.Ε. (997845150),997845150,PROGNOSIS BIOTECH Α.Ε. (997845150),426.12,,
6ΗΨΚ4690ΒΧ-8Ο0,2024-07-08,ΕΝΤΑΛΜΑ ΠΛΗΡΩΜΗΣ PAUL HARTMANN Hellas A.E. (999862491),999862491,PAUL HARTMANN Hellas A.E. (999862491),866.26,,
6ΨΣ34690ΒΧ-ΘΚΣ,2024-07-08,ΕΝΤΑΛΜΑ ΠΛΗΡΩΜΗΣ PAUL HARTMANN Hellas A.E. (999862491),999862491,PAUL HARTMANN Hellas A.E. (999862491),491.04,,
92Α84690ΒΧ-5ΒΨ,2024-07-09,ΕΝΤΑΛΜΑ ΠΛΗΡΩΜΗΣ ΝΤΙΑΜΕΝΤ ΕΛΛΑΣ Α.Ε.Ε. (095259724),095259724,ΝΤΙΑΜΕΝΤ ΕΛΛΑΣ Α.Ε.Ε. (095259724),2278.78,,
63ΩΛ4690ΒΧ-ΡΧ0,2024-07-09,ΕΝΤΑΛΜΑ ΠΛΗΡΩΜΗΣ ΝΤΙΑΜΕΝΤ ΕΛΛΑΣ Α.Ε.Ε. (095259724),095259724,ΝΤΙΑΜΕΝΤ ΕΛΛΑΣ Α.Ε.Ε. (095259724),207.02,,
6ΩΤΗ4690ΒΧ-ΔΥ2,2024-07-08,ΕΝΤΑΛΜΑ ΠΛΗΡΩΜΗΣ Γ.ΣΑΜΑΡΑΣ ΑΒΕΕ (094373861),094373861,Γ.ΣΑΜΑΡΑΣ ΑΒΕΕ (094373861),2331.2,,
Ψ0Β34690ΒΧ-ΗΧΒ,2024-07-08,ΕΝΤΑΛΜΑ ΠΛΗΡΩΜΗΣ Γ.ΣΑΜΑΡΑΣ ΑΒΕΕ (094373861),094373861,Γ.ΣΑΜΑΡΑΣ ΑΒΕΕ (094373861),10657.8,,
Ψ7ΣΓ4690ΒΧ-7Χ6,2024-07-08,ΕΝΤΑΛΜΑ ΠΛΗΡΩΜΗΣ Γ.ΣΑΜΑΡΑΣ ΑΒΕΕ (094373861),094373861,Γ.ΣΑΜΑΡΑΣ ΑΒΕΕ (094373861),31.0,,
92464690ΒΧ-52Υ,2024-07-09,ΕΝΤΑΛΜΑ ΠΛΗΡΩΜΗΣ ΑΤΛΑΣ ΜΕΝΤΙΚΑΛ ΕΠΕ (998413964),998413964,ΑΤΛΑΣ ΜΕΝΤΙΚΑΛ ΕΠΕ (998413964),112.68,,
95ΘΑ4690ΒΧ-ΣΙΜ,2024-07-09,ΕΝΤΑΛΜΑ ΠΛΗΡΩΜΗΣ ΑΠΟΣΤΟΛΟΣ ΧΡ.ΜΕΛΕΤΗΣ (112179905),112179905,ΑΠΟΣΤΟΛΟΣ ΧΡ.ΜΕΛΕΤΗΣ (112179905),151.87,,
6ΥΡ74690ΒΧ-ΩΥ2,2024-07-09,ΕΝΤΑΛΜΑ ΠΛΗΡΩΜΗΣ Health and Iasis Medical Products (800572342),800572342,Health and Iasis Medical Products (800572342),1406.06,,
92Ξ04690ΒΧ-ΛΧ6,2024-07-09,ΕΝΤΑΛΜΑ ΠΛΗΡΩΜΗΣ Health and Iasis Medical Products (800572342),800572342,Health and Iasis Medical Products (800572342),4390.57,,
ΡΨΠΛ4690ΒΧ-ΙΛΔ,2024-07-09,ΕΝΤΑΛΜΑ ΠΛΗΡΩΜΗΣ Drager Hellas S.A. (997799268),997799268,Drager Hellas S.A. (997799268),1128.4,,
ΨΕΠ64690ΒΧ-ΓΟΨ,2024-07-09,ΕΝΤΑΛΜΑ ΠΛΗΡΩΜΗΣ ALCOVIN ABEE (094417524),094417524,ALCOVIN ABEE (094417524),2003.84,,
9ΚΝΦ4690ΒΧ-Α49,2024-07-09,ΕΝΤΑΛΜΑ ΠΛΗΡΩΜΗΣ EUROSUPPLIES IKE (997776974),997776974,EUROSUPPLIES IKE (997776974),745.02,,
6ΗΦ04690ΒΧ-ΚΔΕ,2024-07-08,ΕΝΤΑΛΜΑ ΠΛΗΡΩΜΗΣ Α ΒΛΑΧΟΥ  ΣΙΑ ΟΕ (081940778),081940778,Α ΒΛΑΧΟΥ  ΣΙΑ ΟΕ (081940778),714.24,,
ΨΛ6Τ4690ΒΧ-Χ6Φ,2024-07-08,ΕΝΤΑΛΜΑ ΠΛΗΡΩΜΗΣ ΑΝΑΣΤΑΣΙΟΣ ΔΙΓΚΑΣ Ι.Κ.Ε. (997826122),997826122,ΑΝΑΣΤΑΣΙΟΣ ΔΙΓΚΑΣ Ι.Κ.Ε. (997826122),476.16,,
6ΕΤΟ4690ΒΧ-5ΝΔ,2024-07-08,ΕΝΤΑΛΜΑ ΠΛΗΡΩΜΗΣ ΑΝΑΣΤΑΣΙΟΣ ΔΙΓΚΑΣ Ι.Κ.Ε. (997826122),997826122,ΑΝΑΣΤΑΣΙΟΣ ΔΙΓΚΑΣ Ι.Κ.Ε. (997826122),398.06,,
9ΣΩΠ4690ΒΧ-ΤΣΡ,2024-07-08,ΕΝΤΑΛΜΑ ΠΛΗΡΩΜΗΣ ΔΕΡΚΑ ΙΑΤΡΙΚΑ ΕΠΕ (999687125),999687125,ΔΕΡΚΑ ΙΑΤΡΙΚΑ ΕΠΕ (999687125),69.44,,
Ρ7ΞΓ4690ΒΧ-ΙΒΞ,2024-07-08,ΕΝΤΑΛΜΑ ΠΛΗΡΩΜΗΣ ΛΕΩΝΙΔΑΣ ΚΑΝΕΛΛΟΣ   ΣΙΑ Ε.Ε (093401589),093401589,ΛΕΩΝΙΔΑΣ ΚΑΝΕΛΛΟΣ   ΣΙΑ Ε.Ε (093401589),190.46,,
ΨΠΕΦ4690ΒΧ-Κ4Α,2024-07-08,ΕΝΤΑΛΜΑ ΠΛΗΡΩΜΗΣ ΓΕΤΡΙΜΕΝΤ Ε.Π.Ε. (095279575),095279575,ΓΕΤΡΙΜΕΝΤ Ε.Π.Ε. (095279575),359.34,,
ΨΦΗΜ4690ΒΧ-2ΒΜ,2024-07-08,ΕΝΤΑΛΜΑ ΠΛΗΡΩΜΗΣ ΔΙΑSYS A.E (998936634),998936634,ΔΙΑSYS A.E (998936634),3348.0,,
Ψ93Ω4690ΒΧ-0ΙΖ,2024-07-08,ΕΝΤΑΛΜΑ ΠΛΗΡΩΜΗΣ Trauma Care Μονοπρόσωπη ΕΠΕ (800811818),800811818,Trauma Care Μονοπρόσωπη ΕΠΕ (800811818),3937.51,,
687Σ4690ΒΧ-ΠΘΖ,2024-07-08,ΕΝΤΑΛΜΑ ΠΛΗΡΩΜΗΣ Trauma Care Μονοπρόσωπη ΕΠΕ (800811818),800811818,Trauma Care Μονοπρόσωπη ΕΠΕ (800811818),4439.85,,
ΨΩΞΔ4690ΒΧ-3Χ8,2024-07-08,ΕΝΤΑΛΜΑ ΠΛΗΡΩΜΗΣ Trauma Care Μονοπρόσωπη ΕΠΕ (800811818),800811818,Trauma Care Μονοπρόσωπη ΕΠΕ (800811818),1891.09,,
ΡΠ9Μ4690ΒΧ-ΔΞΣ,2024-07-08,ΕΝΤΑΛΜΑ ΠΛΗΡΩΜΗΣ Trauma Care Μονοπρόσωπη ΕΠΕ (800811818),800811818,Trauma Care Μονοπρόσωπη ΕΠΕ (800811818),4110.37,,
9ΟΞΓ4690ΒΧ-ΡΟΥ,2024-07-08,ΕΝΤΑΛΜΑ ΠΛΗΡΩΜΗΣ NEW DIAGNOSTIC DIMENSION LTD (095618368),095618368,NEW DIAGNOSTIC DIMENSION LTD (095618368),5522.6,,
Ψ9ΠΝ4690ΒΧ-ΥΔΑ,2024-07-08,ΕΝΤΑΛΜΑ ΠΛΗΡΩΜΗΣ NEW DIAGNOSTIC DIMENSION LTD (095618368),095618368,NEW DIAGNOSTIC DIMENSION LTD (095618368),1060.0,,
6Ρ0Λ4690ΒΧ-ΚΟ2,2024-07-08,ΕΝΤΑΛΜΑ ΠΛΗΡΩΜΗΣ MEDLINE MEDICAL PRODUCTS O.E. (082384884),082384884,MEDLINE MEDICAL PRODUCTS O.E. (082384884),3422.4,,
6ΞΩΞ4690ΒΧ-ΙΚΥ,2024-07-08,ΕΝΤΑΛΜΑ ΠΛΗΡΩΜΗΣ MEDLINE MEDICAL PRODUCTS O.E. (082384884),082384884,MEDLINE MEDICAL PRODUCTS O.E. (082384884),1140.8,,
97ΒΣ4690ΒΧ-Φ06,2024-07-09,ΕΝΤΑΛΜΑ ΠΛΗΡΩΜΗΣ MEDICARE HELLAS A.E (095367968),095367968,MEDICARE HELLAS A.E (095367968),180.8,,
ΡΨ9Δ4690ΒΧ-8Δ8,2024-07-08,ΕΝΤΑΛΜΑ ΠΛΗΡΩΜΗΣ LS.MED M. Ε.Π.Ε (800862068),800862068,LS.MED M. Ε.Π.Ε (800862068),1090.22,,
9ΙΟΣ4690ΒΧ-Χ08,2024-07-08,ΕΝΤΑΛΜΑ ΠΛΗΡΩΜΗΣ LS.MED M. Ε.Π.Ε (800862068),800862068,LS.MED M. Ε.Π.Ε (800862068),5570.9,,
6ΦΩΞ4690ΒΧ-ΞΑ1,2024-07-09,ΕΝΤΑΛΜΑ ΠΛΗΡΩΜΗΣ INSIDE ΙΑΤΡΙΚΕΣ ΤΕΧΝΟΛΟΓΙΕΣ ΜΟΝΟΠΡΟΣΩΠΗ Ι.Κ.Ε. (800777790),800777790,INSIDE ΙΑΤΡΙΚΕΣ ΤΕΧΝΟΛΟΓΙΕΣ ΜΟΝΟΠΡΟΣΩΠΗ Ι.Κ.Ε. (800777790),353.4,,
Ρ6Λ84690ΒΧ-ΩΡΚ,2024-07-09,ΕΝΤΑΛΜΑ ΠΛΗΡΩΜΗΣ INSIDE ΙΑΤΡΙΚΕΣ ΤΕΧΝΟΛΟΓΙΕΣ ΜΟΝΟΠΡΟΣΩΠΗ Ι.Κ.Ε. (800777790),800777790,INSIDE ΙΑΤΡΙΚΕΣ ΤΕΧΝΟΛΟΓΙΕΣ ΜΟΝΟΠΡΟΣΩΠΗ Ι.Κ.Ε. (800777790),534.45,,
Ρ1ΣΑ4690ΒΧ-ΚΩΡ,2024-07-09,ΕΝΤΑΛΜΑ ΠΛΗΡΩΜΗΣ INSIDE ΙΑΤΡΙΚΕΣ ΤΕΧΝΟΛΟΓΙΕΣ ΜΟΝΟΠΡΟΣΩΠΗ Ι.Κ.Ε. (800777790),800777790,INSIDE ΙΑΤΡΙΚΕΣ ΤΕΧΝΟΛΟΓΙΕΣ ΜΟΝΟΠΡΟΣΩΠΗ Ι.Κ.Ε. (800777790),4744.21,,
9ΝΦ34690ΒΧ-ΝΝ7,2024-07-09,ΕΝΤΑΛΜΑ ΠΛΗΡΩΜΗΣ INSIDE ΙΑΤΡΙΚΕΣ ΤΕΧΝΟΛΟΓΙΕΣ ΜΟΝΟΠΡΟΣΩΠΗ Ι.Κ.Ε. (800777790),800777790,INSIDE ΙΑΤΡΙΚΕΣ ΤΕΧΝΟΛΟΓΙΕΣ ΜΟΝΟΠΡΟΣΩΠΗ Ι.Κ.Ε. (800777790),175.6,,
9ΘΔΒ4690ΒΧ-ΟΓΝ,2024-07-09,ΕΝΤΑΛΜΑ ΠΛΗΡΩΜΗΣ INSIDE ΙΑΤΡΙΚΕΣ ΤΕΧΝΟΛΟΓΙΕΣ ΜΟΝΟΠΡΟΣΩΠΗ Ι.Κ.Ε. (800777790),800777790,INSIDE ΙΑΤΡΙΚΕΣ ΤΕΧΝΟΛΟΓΙΕΣ ΜΟΝΟΠΡΟΣΩΠΗ Ι.Κ.Ε. (800777790),746.48,,
ΡΞ0Ω4690ΒΧ-ΧΨΝ,2024-07-09,ΕΝΤΑΛΜΑ ΠΛΗΡΩΜΗΣ INSIDE ΙΑΤΡΙΚΕΣ ΤΕΧΝΟΛΟΓΙΕΣ ΜΟΝΟΠΡΟΣΩΠΗ Ι.Κ.Ε. (800777790),800777790,INSIDE ΙΑΤΡΙΚΕΣ ΤΕΧΝΟΛΟΓΙΕΣ ΜΟΝΟΠΡΟΣΩΠΗ Ι.Κ.Ε. (800777790),4877.66,,
ΡΞΛ44690ΒΧ-ΡΘΕ,2024-07-08,ΕΝΤΑΛΜΑ ΠΛΗΡΩΜΗΣ BIOGENESYS IKE (099805952),099805952,BIOGENESYS IKE (099805952),4496.27,,
9Δ8Ε4690ΒΧ-4ΛΤ,2024-07-08,ΕΝΤΑΛΜΑ ΠΛΗΡΩΜΗΣ BIOGENESYS IKE (099805952),099805952,BIOGENESYS IKE (099805952),2575.27,,
Ψ1ΠΓ4690ΒΧ-7ΙΒ,2024-07-08,ΕΝΤΑΛΜΑ ΠΛΗΡΩΜΗΣ BIOGENESYS IKE (099805952),099805952,BIOGENESYS IKE (099805952),2575.27,,
6Ψ3Κ4690ΒΧ-Α3Τ,2024-07-09,ΕΝΤΑΛΜΑ ΠΛΗΡΩΜΗΣ ABBOTT LABORATORIES(ΕΛΛΑΣ)ABEE (094027257),094027257,ABBOTT LABORATORIES(ΕΛΛΑΣ)ABEE (094027257),4112.8,,
9ΙΑΖ4690ΒΧ-ΔΓ4,2024-07-09,ΕΝΤΑΛΜΑ ΠΛΗΡΩΜΗΣ ABBOTT LABORATORIES(ΕΛΛΑΣ)ABEE (094027257),094027257,ABBOTT LABORATORIES(ΕΛΛΑΣ)ABEE (094027257),4844.2,,
6ΕΩΤ4690ΒΧ-Ρ2Ξ,2024-07-09,ΕΝΤΑΛΜΑ ΠΛΗΡΩΜΗΣ ABBOTT LABORATORIES(ΕΛΛΑΣ)ABEE (094027257),094027257,ABBOTT LABORATORIES(ΕΛΛΑΣ)ABEE (094027257),4770.0,,
6Κ0Ζ4690ΒΧ-66Β,2024-07-08,ΕΝΤΑΛΜΑ ΠΛΗΡΩΜΗΣ ΑΡΘΡΩΣΙΣ ΙΑΤΡΙΚΑ ΕΙΔΗ Α.Ε. (082899566),082899566,ΑΡΘΡΩΣΙΣ ΙΑΤΡΙΚΑ ΕΙΔΗ Α.Ε. (082899566),3390.0,,
60ΔΔ4690ΒΧ-ΗΗΩ,2024-07-08,ΕΝΤΑΛΜΑ ΠΛΗΡΩΜΗΣ ΑΡΘΡΩΣΙΣ ΙΑΤΡΙΚΑ ΕΙΔΗ Α.Ε. (082899566),082899566,ΑΡΘΡΩΣΙΣ ΙΑΤΡΙΚΑ ΕΙΔΗ Α.Ε. (082899566),779.7,,
ΡΨΗΔ4690ΒΧ-ΤΡΥ,2024-07-08,ΕΝΤΑΛΜΑ ΠΛΗΡΩΜΗΣ ΑΡΘΡΩΣΙΣ ΙΑΤΡΙΚΑ ΕΙΔΗ Α.Ε. (082899566),082899566,ΑΡΘΡΩΣΙΣ ΙΑΤΡΙΚΑ ΕΙΔΗ Α.Ε. (082899566),3390.0,,
6ΗΒΧ4690ΒΧ-4Ν7,2024-07-08,ΕΝΤΑΛΜΑ ΠΛΗΡΩΜΗΣ Κ.ΓΕΡΜΑΝΟΣ ΙΑΤΡΙΚΑ Α.Ε. (081734344),081734344,Κ.ΓΕΡΜΑΝΟΣ ΙΑΤΡΙΚΑ Α.Ε. (081734344),92.5,,
ΨΞΓΙ4690ΒΧ-Ι00,2024-07-08,ΕΝΤΑΛΜΑ ΠΛΗΡΩΜΗΣ Δ. ΛΑΣΚΑΡΙΔΗΣ   ΣΙΑ ΟΕ (081795386),081795386,Δ. ΛΑΣΚΑΡΙΔΗΣ   ΣΙΑ ΟΕ (081795386),63.24,,
68ΕΟ4690ΒΧ-ΙΙΧ,2024-07-08,ΕΝΤΑΛΜΑ ΠΛΗΡΩΜΗΣ ΒΑΚΕΝΤΗΣ ΕΜΜ. Ο.Ε. (800151001),800151001,ΒΑΚΕΝΤΗΣ ΕΜΜ. Ο.Ε. (800151001),538.51,,
Ψ2564690ΒΧ-Α0Λ,2024-07-08,ΕΝΤΑΛΜΑ ΠΛΗΡΩΜΗΣ ΒΙΒΛΙΟΧΑΡΤΟΠΩΛΕΙΟ ''Η ΕΣΤΙΑ''ΕΥΑΓΓΕΛΟΣ ΔΑΝΙΗΛ   ΣΙΑ Ο.Ε (800187440),800187440,ΒΙΒΛΙΟΧΑΡΤΟΠΩΛΕΙΟ ''Η ΕΣΤΙΑ''ΕΥΑΓΓΕΛΟΣ ΔΑΝΙΗΛ   ΣΙΑ Ο.Ε (800187440),757.02,,
91Δ04690ΒΧ-Ρ77,2024-07-08,ΕΝΤΑΛΜΑ ΠΛΗΡΩΜΗΣ ΒΙΒΛΙΟΧΑΡΤΟΠΩΛΕΙΟ ''Η ΕΣΤΙΑ''ΕΥΑΓΓΕΛΟΣ ΔΑΝΙΗΛ   ΣΙΑ Ο.Ε (800187440),800187440,ΒΙΒΛΙΟΧΑΡΤΟΠΩΛΕΙΟ ''Η ΕΣΤΙΑ''ΕΥΑΓΓΕΛΟΣ ΔΑΝΙΗΛ   ΣΙΑ Ο.Ε (800187440),1625.64,,
Ρ9ΣΒ4690ΒΧ-5ΑΔ,2024-07-08,ΕΝΤΑΛΜΑ ΠΛΗΡΩΜΗΣ ΒΙΒΛΙΟΧΑΡΤΟΠΩΛΕΙΟ ''Η ΕΣΤΙΑ''ΕΥΑΓΓΕΛΟΣ ΔΑΝΙΗΛ   ΣΙΑ Ο.Ε (800187440),800187440,ΒΙΒΛΙΟΧΑΡΤΟΠΩΛΕΙΟ ''Η ΕΣΤΙΑ''ΕΥΑΓΓΕΛΟΣ ΔΑΝΙΗΛ   ΣΙΑ Ο.Ε (800187440),1291.12,,
Ρ71Ω4690ΒΧ-Π04,2024-07-03,ΕΝΤΑΛΜΑ ΠΛΗΡΩΜΗΣ ΑΝΑΣΤΑΣΙΟΣ ΜΑΥΡΟΓΕΝΗΣ Α.Ε. (082525697),082525697,ΑΝΑΣΤΑΣΙΟΣ ΜΑΥΡΟΓΕΝΗΣ Α.Ε. (082525697),4471.87,,
6ΨΚ84690ΒΧ-ΑΚΝ,2024-07-03,ΕΝΤΑΛΜΑ ΠΛΗΡΩΜΗΣ ΑΝΑΣΤΑΣΙΟΣ ΜΑΥΡΟΓΕΝΗΣ Α.Ε. (082525697),082525697,ΑΝΑΣΤΑΣΙΟΣ ΜΑΥΡΟΓΕΝΗΣ Α.Ε. (082525697),3735.53,,
6Δ6Φ4690ΒΧ-ΨΤΗ,2024-07-03,ΕΝΤΑΛΜΑ ΠΛΗΡΩΜΗΣ ΑΝΑΣΤΑΣΙΟΣ ΜΑΥΡΟΓΕΝΗΣ Α.Ε. (082525697),082525697,ΑΝΑΣΤΑΣΙΟΣ ΜΑΥΡΟΓΕΝΗΣ Α.Ε. (082525697),6150.4,,
94ΒΨ4690ΒΧ-Π10,2024-07-03,ΕΝΤΑΛΜΑ ΠΛΗΡΩΜΗΣ ΑΝΑΣΤΑΣΙΟΣ ΜΑΥΡΟΓΕΝΗΣ Α.Ε. (082525697),082525697,ΑΝΑΣΤΑΣΙΟΣ ΜΑΥΡΟΓΕΝΗΣ Α.Ε. (082525697),2423.85,,
Ψ3ΣΖ4690ΒΧ-ΙΩΑ,2024-07-03,ΕΝΤΑΛΜΑ ΠΛΗΡΩΜΗΣ ΑΝΑΣΤΑΣΙΟΣ ΜΑΥΡΟΓΕΝΗΣ Α.Ε. (082525697),082525697,ΑΝΑΣΤΑΣΙΟΣ ΜΑΥΡΟΓΕΝΗΣ Α.Ε. (082525697),3788.51,,
62Θ64690ΒΧ-Τ7Υ,2024-07-03,ΕΝΤΑΛΜΑ ΠΛΗΡΩΜΗΣ ΑΝΑΣΤΑΣΙΟΣ ΜΑΥΡΟΓΕΝΗΣ Α.Ε. (082525697),082525697,ΑΝΑΣΤΑΣΙΟΣ ΜΑΥΡΟΓΕΝΗΣ Α.Ε. (082525697),678.0,,
6ΗΨ94690ΒΧ-ΒΜΞ,2024-07-03,ΕΝΤΑΛΜΑ ΠΛΗΡΩΜΗΣ ΑΝΑΣΤΑΣΙΟΣ ΜΑΥΡΟΓΕΝΗΣ Α.Ε. (082525697),082525697,ΑΝΑΣΤΑΣΙΟΣ ΜΑΥΡΟΓΕΝΗΣ Α.Ε. (082525697),4564.8,,
ΨΥΤΟ4690ΒΧ-ΘΡΡ,2024-07-03,ΕΝΤΑΛΜΑ ΠΛΗΡΩΜΗΣ ΑΝΑΣΤΑΣΙΟΣ ΜΑΥΡΟΓΕΝΗΣ Α.Ε. (082525697),082525697,ΑΝΑΣΤΑΣΙΟΣ ΜΑΥΡΟΓΕΝΗΣ Α.Ε. (082525697),7510.68,,
63ΑΧ4690ΒΧ-0ΕΥ,2024-07-03,ΕΝΤΑΛΜΑ ΠΛΗΡΩΜΗΣ ΑΝΑΣΤΑΣΙΟΣ ΜΑΥΡΟΓΕΝΗΣ Α.Ε. (082525697),082525697,ΑΝΑΣΤΑΣΙΟΣ ΜΑΥΡΟΓΕΝΗΣ Α.Ε. (082525697),2966.39,,
ΡΩΛΡ4690ΒΧ-ΜΥΕ,2024-07-03,ΕΝΤΑΛΜΑ ΠΛΗΡΩΜΗΣ VAKTRO SCIENTIFIC ΣΤΑΥΡΟΣ ΑΓΓΕΛΟΠΟΥΛΟΣ   ΣΙΑ Ο.Ε (084221869),084221869,VAKTRO SCIENTIFIC ΣΤΑΥΡΟΣ ΑΓΓΕΛΟΠΟΥΛΟΣ   ΣΙΑ Ο.Ε (084221869),80.23,,
ΨΗ884690ΒΧ-ΛΔ8,2024-07-03,ΕΝΤΑΛΜΑ ΠΛΗΡΩΜΗΣ VAKTRO SCIENTIFIC ΣΤΑΥΡΟΣ ΑΓΓΕΛΟΠΟΥΛΟΣ   ΣΙΑ Ο.Ε (084221869),084221869,VAKTRO SCIENTIFIC ΣΤΑΥΡΟΣ ΑΓΓΕΛΟΠΟΥΛΟΣ   ΣΙΑ Ο.Ε (084221869),1530.54,,
Ψ7Ζ04690ΒΧ-ΘΛ9,2024-07-03,ΕΝΤΑΛΜΑ ΠΛΗΡΩΜΗΣ VAKTRO SCIENTIFIC ΣΤΑΥΡΟΣ ΑΓΓΕΛΟΠΟΥΛΟΣ   ΣΙΑ Ο.Ε (084221869),084221869,VAKTRO SCIENTIFIC ΣΤΑΥΡΟΣ ΑΓΓΕΛΟΠΟΥΛΟΣ   ΣΙΑ Ο.Ε (084221869),8357.2,,
9ΑΕΞ4690ΒΧ-ΞΑΖ,2024-07-03,ΕΝΤΑΛΜΑ ΠΛΗΡΩΜΗΣ VAKTRO SCIENTIFIC ΣΤΑΥΡΟΣ ΑΓΓΕΛΟΠΟΥΛΟΣ   ΣΙΑ Ο.Ε (084221869),084221869,VAKTRO SCIENTIFIC ΣΤΑΥΡΟΣ ΑΓΓΕΛΟΠΟΥΛΟΣ   ΣΙΑ Ο.Ε (084221869),1991.95,,
Ρ7ΜΥ4690ΒΧ-ΥΡ9,2024-07-03,ΕΝΤΑΛΜΑ ΠΛΗΡΩΜΗΣ VAKTRO SCIENTIFIC ΣΤΑΥΡΟΣ ΑΓΓΕΛΟΠΟΥΛΟΣ   ΣΙΑ Ο.Ε (084221869),084221869,VAKTRO SCIENTIFIC ΣΤΑΥΡΟΣ ΑΓΓΕΛΟΠΟΥΛΟΣ   ΣΙΑ Ο.Ε (084221869),308.76,,
6Ν3Φ4690ΒΧ-7Γ4,2024-07-08,ΕΝΤΑΛΜΑ ΠΛΗΡΩΜΗΣ THERMOGRAFICA HELLAS ΕΠΕ (095083787),095083787,THERMOGRAFICA HELLAS ΕΠΕ (095083787),241.8,,
9ΜΔ64690ΒΧ-Ω6Μ,2024-07-03,ΕΝΤΑΛΜΑ ΠΛΗΡΩΜΗΣ VAKTRO SCIENTIFIC ΣΤΑΥΡΟΣ ΑΓΓΕΛΟΠΟΥΛΟΣ   ΣΙΑ Ο.Ε (084221869),084221869,VAKTRO SCIENTIFIC ΣΤΑΥΡΟΣ ΑΓΓΕΛΟΠΟΥΛΟΣ   ΣΙΑ Ο.Ε (084221869),1526.4,,
ΨΡΖΠ4690ΒΧ-Π3Σ,2024-07-03,ΕΝΤΑΛΜΑ ΠΛΗΡΩΜΗΣ TELEFLEX MEDICAL ΕΛΛΑΣ ΑΕΕ (094429990),094429990,TELEFLEX MEDICAL ΕΛΛΑΣ ΑΕΕ (094429990),203.4,,
ΨΠΞΥ4690ΒΧ-3ΘΡ,2024-07-08,ΕΝΤΑΛΜΑ ΠΛΗΡΩΜΗΣ Rethink ΑΕΒΕ (999125269),999125269,Rethink ΑΕΒΕ (999125269),341.0,,
6Ν4Χ4690ΒΧ-ΚΑΗ,2024-07-08,ΕΝΤΑΛΜΑ ΠΛΗΡΩΜΗΣ Rethink ΑΕΒΕ (999125269),999125269,Rethink ΑΕΒΕ (999125269),235.6,,
6ΛΘΒ4690ΒΧ-Ω4Ε,2024-07-08,ΕΝΤΑΛΜΑ ΠΛΗΡΩΜΗΣ Rethink ΑΕΒΕ (999125269),999125269,Rethink ΑΕΒΕ (999125269),575.36,,
ΨΖΜΥ4690ΒΧ-89Ρ,2024-07-08,ΕΝΤΑΛΜΑ ΠΛΗΡΩΜΗΣ Rethink ΑΕΒΕ (999125269),999125269,Rethink ΑΕΒΕ (999125269),440.2,,
6Η7Ι4690ΒΧ-ΝΞΞ,2024-06-25,ΕΝΤΑΛΜΑ ΠΛΗΡΩΜΗΣ ΟΡΓ/ΣΜΟΣ ΤΗΛΕΠ/ΝΙΩΝ ΕΛΛΑΔΟΣ ΑΕ (094019245),094019245,ΟΡΓ/ΣΜΟΣ ΤΗΛΕΠ/ΝΙΩΝ ΕΛΛΑΔΟΣ ΑΕ (094019245),69.94,,
6Φ4Γ4690ΒΧ-ΖΩΦ,2024-06-25,ΕΝΤΑΛΜΑ ΠΛΗΡΩΜΗΣ ΟΡΓ/ΣΜΟΣ ΤΗΛΕΠ/ΝΙΩΝ ΕΛΛΑΔΟΣ ΑΕ (094019245),094019245,ΟΡΓ/ΣΜΟΣ ΤΗΛΕΠ/ΝΙΩΝ ΕΛΛΑΔΟΣ ΑΕ (094019245),17.98,,
ΨΣ7Υ4690ΒΧ-1ΙΩ,2024-06-25,ΕΝΤΑΛΜΑ ΠΛΗΡΩΜΗΣ ΟΡΓ/ΣΜΟΣ ΤΗΛΕΠ/ΝΙΩΝ ΕΛΛΑΔΟΣ ΑΕ (094019245),094019245,ΟΡΓ/ΣΜΟΣ ΤΗΛΕΠ/ΝΙΩΝ ΕΛΛΑΔΟΣ ΑΕ (094019245),123.8,,
9ΗΗΤ4690ΒΧ-ΩΧ6,2024-06-25,ΕΝΤΑΛΜΑ ΠΛΗΡΩΜΗΣ ΟΡΓ/ΣΜΟΣ ΤΗΛΕΠ/ΝΙΩΝ ΕΛΛΑΔΟΣ ΑΕ (094019245),094019245,ΟΡΓ/ΣΜΟΣ ΤΗΛΕΠ/ΝΙΩΝ ΕΛΛΑΔΟΣ ΑΕ (094019245),35.16,,
Ρ9Λ74690ΒΧ-ΟΨ6,2024-06-25,ΕΝΤΑΛΜΑ ΠΛΗΡΩΜΗΣ ΟΡΓ/ΣΜΟΣ ΤΗΛΕΠ/ΝΙΩΝ ΕΛΛΑΔΟΣ ΑΕ (094019245),094019245,ΟΡΓ/ΣΜΟΣ ΤΗΛΕΠ/ΝΙΩΝ ΕΛΛΑΔΟΣ ΑΕ (094019245),458.94,,
ΡΡ7Ο4690ΒΧ-ΘΜΔ,2024-06-25,ΕΝΤΑΛΜΑ ΠΛΗΡΩΜΗΣ ΟΡΓ/ΣΜΟΣ ΤΗΛΕΠ/ΝΙΩΝ ΕΛΛΑΔΟΣ ΑΕ (094019245),094019245,ΟΡΓ/ΣΜΟΣ ΤΗΛΕΠ/ΝΙΩΝ ΕΛΛΑΔΟΣ ΑΕ (094019245),109.8,,
9ΑΖΕ4690ΒΧ-ΖΗ7,2024-06-25,ΕΝΤΑΛΜΑ ΠΛΗΡΩΜΗΣ ΟΡΓ/ΣΜΟΣ ΤΗΛΕΠ/ΝΙΩΝ ΕΛΛΑΔΟΣ ΑΕ (094019245),094019245,ΟΡΓ/ΣΜΟΣ ΤΗΛΕΠ/ΝΙΩΝ ΕΛΛΑΔΟΣ ΑΕ (094019245),5.0,,
9ΤΘΣ4690ΒΧ-ΛΡΖ,2024-06-25,ΕΝΤΑΛΜΑ ΠΛΗΡΩΜΗΣ ΟΡΓ/ΣΜΟΣ ΤΗΛΕΠ/ΝΙΩΝ ΕΛΛΑΔΟΣ ΑΕ (094019245),094019245,ΟΡΓ/ΣΜΟΣ ΤΗΛΕΠ/ΝΙΩΝ ΕΛΛΑΔΟΣ ΑΕ (094019245),99.8,,
9ΞΡΟ4690ΒΧ-0ΥΗ,2024-07-11,ΕΝΤΑΛΜΑ ΠΛΗΡΩΜΗΣ ΙΝΤΕΡΣΑΛΟΝΙΚΑ (094450059),094450059,ΙΝΤΕΡΣΑΛΟΝΙΚΑ (094450059),382.0,,
6ΙΓΙ4690ΒΧ-Λ9Υ,2024-07-04,ΕΝΤΑΛΜΑ ΠΛΗΡΩΜΗΣ Χριστοφίδης Σεβαστός (301814513),301814513,Χριστοφίδης Σεβαστός (301814513),459.73,,
68ΖΟ4690ΒΧ-Ζ2Ρ,2024-07-04,ΕΝΤΑΛΜΑ ΠΛΗΡΩΜΗΣ ΜΠΟΓΟΡΔΟΣ ΘΕΟΦΑΝΗΣ (059669236),059669236,ΜΠΟΓΟΡΔΟΣ ΘΕΟΦΑΝΗΣ (059669236),1268.52,,
9ΚΦΓ4690ΒΧ-ΧΦ0,2024-07-02,ΕΝΤΑΛΜΑ ΠΛΗΡΩΜΗΣ ΑΦΟΙ ΠΑΠΑΝΑΣΤΑΣΙΟΥ Ο.Ε. (081308853),081308853,ΑΦΟΙ ΠΑΠΑΝΑΣΤΑΣΙΟΥ Ο.Ε. (081308853),232.63,,
9ΓΙΛ4690ΒΧ-29Θ,2024-07-02,ΕΝΤΑΛΜΑ ΠΛΗΡΩΜΗΣ ΑΦΟΙ ΠΑΠΑΝΑΣΤΑΣΙΟΥ Ο.Ε. (081308853),081308853,ΑΦΟΙ ΠΑΠΑΝΑΣΤΑΣΙΟΥ Ο.Ε. (081308853),1183.7,,
92Ι84690ΒΧ-ΒΨ6,2024-07-02,ΕΝΤΑΛΜΑ ΠΛΗΡΩΜΗΣ YΓΕΙΟΔΥΝΑΜΙΚΗ Α.Ε (997672386),997672386,YΓΕΙΟΔΥΝΑΜΙΚΗ Α.Ε (997672386),1364.0,,
Ψ51Ρ4690ΒΧ-ΞΞΒ,2024-07-02,ΕΝΤΑΛΜΑ ΠΛΗΡΩΜΗΣ YΓΕΙΟΔΥΝΑΜΙΚΗ Α.Ε (997672386),997672386,YΓΕΙΟΔΥΝΑΜΙΚΗ Α.Ε (997672386),994.48,,
Ψ0Μ24690ΒΧ-Ν22,2024-07-02,ΕΝΤΑΛΜΑ ΠΛΗΡΩΜΗΣ YΓΕΙΟΔΥΝΑΜΙΚΗ Α.Ε (997672386),997672386,YΓΕΙΟΔΥΝΑΜΙΚΗ Α.Ε (997672386),887.23,,
ΨΤ524690ΒΧ-Ψ1Ν,2024-07-02,ΕΝΤΑΛΜΑ ΠΛΗΡΩΜΗΣ YΓΕΙΟΔΥΝΑΜΙΚΗ Α.Ε (997672386),997672386,YΓΕΙΟΔΥΝΑΜΙΚΗ Α.Ε (997672386),1674.0,,
ΡΗ934690ΒΧ-ΚΒ7,2024-07-02,ΕΝΤΑΛΜΑ ΠΛΗΡΩΜΗΣ MEDI SUP AE (094447320),094447320,MEDI SUP AE (094447320),184.8,,
6ΑΟΦ4690ΒΧ-ΑΚΩ,2024-07-02,ΕΝΤΑΛΜΑ ΠΛΗΡΩΜΗΣ MEDI SUP AE (094447320),094447320,MEDI SUP AE (094447320),293.8,,
97ΧΚ4690ΒΧ-9Μ3,2024-07-02,ΕΝΤΑΛΜΑ ΠΛΗΡΩΜΗΣ MEDI SUP AE (094447320),094447320,MEDI SUP AE (094447320),1111.04,,
6Χ4Δ4690ΒΧ-7ΧΥ,2024-07-02,ΕΝΤΑΛΜΑ ΠΛΗΡΩΜΗΣ MEDI SUP AE (094447320),094447320,MEDI SUP AE (094447320),234.41,,
9ΦΖ44690ΒΧ-ΖΜ9,2024-07-02,ΕΝΤΑΛΜΑ ΠΛΗΡΩΜΗΣ KARL STORZ-ΕΝΔΟΣΚΟΠΙΑ ΕΛΛΑΔΟΣ Ε.Π.Ε (998361490),998361490,KARL STORZ-ΕΝΔΟΣΚΟΠΙΑ ΕΛΛΑΔΟΣ Ε.Π.Ε (998361490),1884.8,,
9ΔΕ04690ΒΧ-Β45,2024-07-02,ΕΝΤΑΛΜΑ ΠΛΗΡΩΜΗΣ KARL STORZ-ΕΝΔΟΣΚΟΠΙΑ ΕΛΛΑΔΟΣ Ε.Π.Ε (998361490),998361490,KARL STORZ-ΕΝΔΟΣΚΟΠΙΑ ΕΛΛΑΔΟΣ Ε.Π.Ε (998361490),17384.8,,
9Υ364690ΒΧ-6Χ7,2024-07-02,ΕΝΤΑΛΜΑ ΠΛΗΡΩΜΗΣ KARL STORZ-ΕΝΔΟΣΚΟΠΙΑ ΕΛΛΑΔΟΣ Ε.Π.Ε (998361490),998361490,KARL STORZ-ΕΝΔΟΣΚΟΠΙΑ ΕΛΛΑΔΟΣ Ε.Π.Ε (998361490),4718.2,,
ΨΓ334690ΒΧ-Κ5Θ,2024-07-02,ΕΝΤΑΛΜΑ ΠΛΗΡΩΜΗΣ KARL STORZ-ΕΝΔΟΣΚΟΠΙΑ ΕΛΛΑΔΟΣ Ε.Π.Ε (998361490),998361490,KARL STORZ-ΕΝΔΟΣΚΟΠΙΑ ΕΛΛΑΔΟΣ Ε.Π.Ε (998361490),1822.8,,
9ΜΟΞ4690ΒΧ-Ο74,2024-07-02,ΕΝΤΑΛΜΑ ΠΛΗΡΩΜΗΣ KARL STORZ-ΕΝΔΟΣΚΟΠΙΑ ΕΛΛΑΔΟΣ Ε.Π.Ε (998361490),998361490,KARL STORZ-ΕΝΔΟΣΚΟΠΙΑ ΕΛΛΑΔΟΣ Ε.Π.Ε (998361490),558.0,,
6ΓΠ74690ΒΧ-ΑΔΗ,2024-07-02,ΕΝΤΑΛΜΑ ΠΛΗΡΩΜΗΣ KARL STORZ-ΕΝΔΟΣΚΟΠΙΑ ΕΛΛΑΔΟΣ Ε.Π.Ε (998361490),998361490,KARL STORZ-ΕΝΔΟΣΚΟΠΙΑ ΕΛΛΑΔΟΣ Ε.Π.Ε (998361490),4563.2,,
Ψ9ΤΤ4690ΒΧ-ΟΨΠ,2024-07-02,ΕΝΤΑΛΜΑ ΠΛΗΡΩΜΗΣ Johnson   Johnson Medical Greece Μονοπρόσωπη Α.Ε. (801858262),801858262,Johnson   Johnson Medical Greece Μονοπρόσωπη Α.Ε. (801858262),1139.04,,
ΨΟΠΞ4690ΒΧ-5ΓΔ,2024-07-02,ΕΝΤΑΛΜΑ ΠΛΗΡΩΜΗΣ Johnson   Johnson Medical Greece Μονοπρόσωπη Α.Ε. (801858262),801858262,Johnson   Johnson Medical Greece Μονοπρόσωπη Α.Ε. (801858262),2505.75,,
Ρ4ΧΕ4690ΒΧ-ΘΟΞ,2024-07-02,ΕΝΤΑΛΜΑ ΠΛΗΡΩΜΗΣ Johnson   Johnson Medical Greece Μονοπρόσωπη Α.Ε. (801858262),801858262,Johnson   Johnson Medical Greece Μονοπρόσωπη Α.Ε. (801858262),12435.91,,
ΨΚ6Ω4690ΒΧ-ΩΓΩ,2024-07-04,ΕΝΤΑΛΜΑ ΠΛΗΡΩΜΗΣ ΠΗΝΕΛΟΠΗ Δ.ΚΥΡΚΟΥ (066483339),066483339,ΠΗΝΕΛΟΠΗ Δ.ΚΥΡΚΟΥ (066483339),1364.0,,
9Κ3Ψ4690ΒΧ-Τ8Ο,2024-07-04,ΕΝΤΑΛΜΑ ΠΛΗΡΩΜΗΣ ΜΠΕΝΕΖΗ ΣΟΦΙΑ ΗΛΙΑΣ (105805168),105805168,ΜΠΕΝΕΖΗ ΣΟΦΙΑ ΗΛΙΑΣ (105805168),627.52,,
9Κ2Ρ4690ΒΧ-ΘΔ0,2024-07-04,ΕΝΤΑΛΜΑ ΠΛΗΡΩΜΗΣ ΔΙΣΝΙΤΣΑΣ ΛΕΩΝΙΔΑΣ (029818051),029818051,ΔΙΣΝΙΤΣΑΣ ΛΕΩΝΙΔΑΣ (029818051),4273.74,,
6ΔΝΥ4690ΒΧ-ΨΗ9,2024-07-04,ΕΝΤΑΛΜΑ ΠΛΗΡΩΜΗΣ ΔΙΣΝΙΤΣΑΣ ΛΕΩΝΙΔΑΣ (029818051),029818051,ΔΙΣΝΙΤΣΑΣ ΛΕΩΝΙΔΑΣ (029818051),4282.55,,
ΨΔΧ44690ΒΧ-Χ0Θ,2024-07-04,ΕΝΤΑΛΜΑ ΠΛΗΡΩΜΗΣ ΔΙΣΝΙΤΣΑΣ ΛΕΩΝΙΔΑΣ (029818051),029818051,ΔΙΣΝΙΤΣΑΣ ΛΕΩΝΙΔΑΣ (029818051),584.26,,
ΨΥΛ54690ΒΧ-Δ5Ζ,2024-07-02,ΕΝΤΑΛΜΑ ΠΛΗΡΩΜΗΣ ΑΤΟΜΙΚΗ ΦΡΟΝΤΙΔΑ ΑΒΕΕ (998476060),998476060,ΑΤΟΜΙΚΗ ΦΡΟΝΤΙΔΑ ΑΒΕΕ (998476060),352.36,,
94Δ14690ΒΧ-ΑΧ0,2024-07-02,ΕΝΤΑΛΜΑ ΠΛΗΡΩΜΗΣ ΑΤΟΜΙΚΗ ΦΡΟΝΤΙΔΑ ΑΒΕΕ (998476060),998476060,ΑΤΟΜΙΚΗ ΦΡΟΝΤΙΔΑ ΑΒΕΕ (998476060),440.45,,
6ΥΞΟ4690ΒΧ-ΗΩΗ,2024-07-02,ΕΝΤΑΛΜΑ ΠΛΗΡΩΜΗΣ ΑΣΤΡΙΣ ΑΝΑΠΤΥΞΗ ΜΟΝΑΔΩΝ ΥΓΕΙΑΣ ΕΠΕ (999056180),999056180,ΑΣΤΡΙΣ ΑΝΑΠΤΥΞΗ ΜΟΝΑΔΩΝ ΥΓΕΙΑΣ ΕΠΕ (999056180),1611.88,,
98ΒΣ4690ΒΧ-8Ο8,2024-07-02,ΕΝΤΑΛΜΑ ΠΛΗΡΩΜΗΣ ΄΄ ΜΟΥΡΟΠΟΥΛΟΣ΄΄ ΒΙΟ/ΝΙΑ ΠΛΑΣΤΙΚΩΝ (081857450),081857450,΄΄ ΜΟΥΡΟΠΟΥΛΟΣ΄΄ ΒΙΟ/ΝΙΑ ΠΛΑΣΤΙΚΩΝ (081857450),1393.76,,
918Ω4690ΒΧ-43Ο,2024-07-02,ΕΝΤΑΛΜΑ ΠΛΗΡΩΜΗΣ ΄΄ ΜΟΥΡΟΠΟΥΛΟΣ΄΄ ΒΙΟ/ΝΙΑ ΠΛΑΣΤΙΚΩΝ (081857450),081857450,΄΄ ΜΟΥΡΟΠΟΥΛΟΣ΄΄ ΒΙΟ/ΝΙΑ ΠΛΑΣΤΙΚΩΝ (081857450),1550.0,,
6Υ5Ο4690ΒΧ-24Ο,2024-07-02,ΕΝΤΑΛΜΑ ΠΛΗΡΩΜΗΣ ΄΄ ΜΟΥΡΟΠΟΥΛΟΣ΄΄ ΒΙΟ/ΝΙΑ ΠΛΑΣΤΙΚΩΝ (081857450),081857450,΄΄ ΜΟΥΡΟΠΟΥΛΟΣ΄΄ ΒΙΟ/ΝΙΑ ΠΛΑΣΤΙΚΩΝ (081857450),1385.7,,
6ΕΤΨ4690ΒΧ-7ΑΡ,2024-07-02,ΕΝΤΑΛΜΑ ΠΛΗΡΩΜΗΣ Y-LOGIMED  Μ.Α.Ε (094446034),094446034,Y-LOGIMED  Μ.Α.Ε (094446034),187.92,,
ΡΦ7Δ4690ΒΧ-Ε1Η,2024-07-02,ΕΝΤΑΛΜΑ ΠΛΗΡΩΜΗΣ Y-LOGIMED  Μ.Α.Ε (094446034),094446034,Y-LOGIMED  Μ.Α.Ε (094446034),806.0,,
680Μ4690ΒΧ-ΙΗ3,2024-07-02,ΕΝΤΑΛΜΑ ΠΛΗΡΩΜΗΣ Y-LOGIMED  Μ.Α.Ε (094446034),094446034,Y-LOGIMED  Μ.Α.Ε (094446034),234.36,,
6Δ834690ΒΧ-ΛΟΤ,2024-07-02,ΕΝΤΑΛΜΑ ΠΛΗΡΩΜΗΣ Y-LOGIMED  Μ.Α.Ε (094446034),094446034,Y-LOGIMED  Μ.Α.Ε (094446034),24.86,,
Ρ4ΡΨ4690ΒΧ-Ν9Κ,2024-07-02,ΕΝΤΑΛΜΑ ΠΛΗΡΩΜΗΣ Y-LOGIMED  Μ.Α.Ε (094446034),094446034,Y-LOGIMED  Μ.Α.Ε (094446034),1226.44,,
ΡΞΑΜ4690ΒΧ-7ΒΦ,2024-07-02,ΕΝΤΑΛΜΑ ΠΛΗΡΩΜΗΣ Medical Point .ΧΡ.ΜΟΥΤΑΦΗΣ Ε.Ε (998630320),998630320,Medical Point .ΧΡ.ΜΟΥΤΑΦΗΣ Ε.Ε (998630320),340.75,,
9ΞΠΕ4690ΒΧ-ΖΝΦ,2024-07-02,ΕΝΤΑΛΜΑ ΠΛΗΡΩΜΗΣ Medical Point .ΧΡ.ΜΟΥΤΑΦΗΣ Ε.Ε (998630320),998630320,Medical Point .ΧΡ.ΜΟΥΤΑΦΗΣ Ε.Ε (998630320),1028.83,,
9ΛΜΕ4690ΒΧ-ΝΞΣ,2024-07-02,ΕΝΤΑΛΜΑ ΠΛΗΡΩΜΗΣ LERIVA Α.Ε. (997985840),997985840,LERIVA Α.Ε. (997985840),3742.82,,
ΡΕΟΙ4690ΒΧ-ΨΛΓ,2024-07-02,ΕΝΤΑΛΜΑ ΠΛΗΡΩΜΗΣ EUROSUP ΜΟΝ. ΙΚΕ (800715333),800715333,EUROSUP ΜΟΝ. ΙΚΕ (800715333),40.68,,
ΡΛΦΠ4690ΒΧ-Ν7Τ,2024-07-02,ΕΝΤΑΛΜΑ ΠΛΗΡΩΜΗΣ EUROSUP ΜΟΝ. ΙΚΕ (800715333),800715333,EUROSUP ΜΟΝ. ΙΚΕ (800715333),289.13,,
ΡΨΒΦ4690ΒΧ-Β6Ψ,2024-07-02,ΕΝΤΑΛΜΑ ΠΛΗΡΩΜΗΣ <<ΠΕΙΡΑΪΚΗ ΕΦΟΔΙΑΣΤΙΚΗ>> Σ.ΚΑΤΕΧΗΣ   ΣΙΑ Ο.Ε (999234290),999234290,<<ΠΕΙΡΑΪΚΗ ΕΦΟΔΙΑΣΤΙΚΗ>> Σ.ΚΑΤΕΧΗΣ   ΣΙΑ Ο.Ε (999234290),1283.16,,
ΨΓ7Φ4690ΒΧ-ΗΧΕ,2024-06-27,ΕΝΤΑΛΜΑ ΠΛΗΡΩΜΗΣ TELEFLEX MEDICAL ΕΛΛΑΣ ΑΕΕ (094429990),094429990,TELEFLEX MEDICAL ΕΛΛΑΣ ΑΕΕ (094429990),457.65,,
Ψ6164690ΒΧ-2Υ8,2024-06-27,ΕΝΤΑΛΜΑ ΠΛΗΡΩΜΗΣ TELEFLEX MEDICAL ΕΛΛΑΣ ΑΕΕ (094429990),094429990,TELEFLEX MEDICAL ΕΛΛΑΣ ΑΕΕ (094429990),595.2,,
6ΖΘΗ4690ΒΧ-8ΩΤ,2024-06-27,ΕΝΤΑΛΜΑ ΠΛΗΡΩΜΗΣ TELEFLEX MEDICAL ΕΛΛΑΣ ΑΕΕ (094429990),094429990,TELEFLEX MEDICAL ΕΛΛΑΣ ΑΕΕ (094429990),367.2,,
9ΣΦΒ4690ΒΧ-Θ3Ξ,2024-06-27,ΕΝΤΑΛΜΑ ΠΛΗΡΩΜΗΣ ΓΕΝΙΚΗ ΧΗΜΙΚΩΝ ΠΡΟΙΟΝΤΩΝ Α.Ε (094133588),094133588,ΓΕΝΙΚΗ ΧΗΜΙΚΩΝ ΠΡΟΙΟΝΤΩΝ Α.Ε (094133588),4082.95,,
974Σ4690ΒΧ-ΞΣΙ,2024-06-27,ΕΝΤΑΛΜΑ ΠΛΗΡΩΜΗΣ ΓΕΝΙΚΗ ΧΗΜΙΚΩΝ ΠΡΟΙΟΝΤΩΝ Α.Ε (094133588),094133588,ΓΕΝΙΚΗ ΧΗΜΙΚΩΝ ΠΡΟΙΟΝΤΩΝ Α.Ε (094133588),4194.35,,
Ψ0ΨΣ4690ΒΧ-ΥΣΞ,2024-06-27,ΕΝΤΑΛΜΑ ΠΛΗΡΩΜΗΣ ΓΕΝΙΚΗ ΧΗΜΙΚΩΝ ΠΡΟΙΟΝΤΩΝ Α.Ε (094133588),094133588,ΓΕΝΙΚΗ ΧΗΜΙΚΩΝ ΠΡΟΙΟΝΤΩΝ Α.Ε (094133588),15340.71,,
9ΓΧ64690ΒΧ-9Υ0,2024-06-27,ΕΝΤΑΛΜΑ ΠΛΗΡΩΜΗΣ ΓΕΝΙΚΗ ΧΗΜΙΚΩΝ ΠΡΟΙΟΝΤΩΝ Α.Ε (094133588),094133588,ΓΕΝΙΚΗ ΧΗΜΙΚΩΝ ΠΡΟΙΟΝΤΩΝ Α.Ε (094133588),1776.74,,
ΨΙ224690ΒΧ-192,2024-06-27,ΕΝΤΑΛΜΑ ΠΛΗΡΩΜΗΣ ΓΕΝΙΚΗ ΧΗΜΙΚΩΝ ΠΡΟΙΟΝΤΩΝ Α.Ε (094133588),094133588,ΓΕΝΙΚΗ ΧΗΜΙΚΩΝ ΠΡΟΙΟΝΤΩΝ Α.Ε (094133588),381.93,,
9Δ1Ω4690ΒΧ-Τ05,2024-06-27,ΕΝΤΑΛΜΑ ΠΛΗΡΩΜΗΣ V   L VIOLAK INTERNATIONAL A.E (099370337),099370337,V   L VIOLAK INTERNATIONAL A.E (099370337),1196.49,,
922Ι4690ΒΧ-Π9Φ,2024-06-27,ΕΝΤΑΛΜΑ ΠΛΗΡΩΜΗΣ V   L VIOLAK INTERNATIONAL A.E (099370337),099370337,V   L VIOLAK INTERNATIONAL A.E (099370337),1072.92,,
Ψ3ΓΠ4690ΒΧ-ΑΗ6,2024-06-27,ΕΝΤΑΛΜΑ ΠΛΗΡΩΜΗΣ V   L VIOLAK INTERNATIONAL A.E (099370337),099370337,V   L VIOLAK INTERNATIONAL A.E (099370337),165.18,,
ΨΠ5Μ4690ΒΧ-Ψ2Β,2024-06-27,ΕΝΤΑΛΜΑ ΠΛΗΡΩΜΗΣ V   L VIOLAK INTERNATIONAL A.E (099370337),099370337,V   L VIOLAK INTERNATIONAL A.E (099370337),969.71,,
97Ψ74690ΒΧ-17Θ,2024-06-27,ΕΝΤΑΛΜΑ ΠΛΗΡΩΜΗΣ V   L VIOLAK INTERNATIONAL A.E (099370337),099370337,V   L VIOLAK INTERNATIONAL A.E (099370337),137.38,,
ΨΞΝΔ4690ΒΧ-ΝΒΒ,2024-06-27,ΕΝΤΑΛΜΑ ΠΛΗΡΩΜΗΣ V   L VIOLAK INTERNATIONAL A.E (099370337),099370337,V   L VIOLAK INTERNATIONAL A.E (099370337),379.23,,
ΨΜ374690ΒΧ-Ξ27,2024-06-27,ΕΝΤΑΛΜΑ ΠΛΗΡΩΜΗΣ V   L VIOLAK INTERNATIONAL A.E (099370337),099370337,V   L VIOLAK INTERNATIONAL A.E (099370337),894.96,,
9Ε9Β4690ΒΧ-Ι1Ζ,2024-06-27,ΕΝΤΑΛΜΑ ΠΛΗΡΩΜΗΣ V   L VIOLAK INTERNATIONAL A.E (099370337),099370337,V   L VIOLAK INTERNATIONAL A.E (099370337),970.56,,
ΨΦΒ94690ΒΧ-ΟΦΡ,2024-06-27,ΕΝΤΑΛΜΑ ΠΛΗΡΩΜΗΣ V   L VIOLAK INTERNATIONAL A.E (099370337),099370337,V   L VIOLAK INTERNATIONAL A.E (099370337),1154.49,,
Ρ6ΟΙ4690ΒΧ-ΖΝΗ,2024-06-25,ΕΝΤΑΛΜΑ ΠΛΗΡΩΜΗΣ MILONAS HEALTH A.E. (998179225),998179225,MILONAS HEALTH A.E. (998179225),177.82,,
ΡΛΓΑ4690ΒΧ-ΑΟ0,2024-06-25,ΕΝΤΑΛΜΑ ΠΛΗΡΩΜΗΣ MILONAS HEALTH A.E. (998179225),998179225,MILONAS HEALTH A.E. (998179225),1188.64,,
9Ψ9Τ4690ΒΧ-ΣΧΛ,2024-06-25,ΕΝΤΑΛΜΑ ΠΛΗΡΩΜΗΣ MILONAS HEALTH A.E. (998179225),998179225,MILONAS HEALTH A.E. (998179225),1065.35,,
ΡΦΚΤ4690ΒΧ-Λ9Β,2024-06-25,ΕΝΤΑΛΜΑ ΠΛΗΡΩΜΗΣ MILONAS HEALTH A.E. (998179225),998179225,MILONAS HEALTH A.E. (998179225),3016.65,,
ΨΣΜΩ4690ΒΧ-ΒΔΙ,2024-06-25,ΕΝΤΑΛΜΑ ΠΛΗΡΩΜΗΣ MILONAS HEALTH A.E. (998179225),998179225,MILONAS HEALTH A.E. (998179225),4852.68,,
65ΤΟ4690ΒΧ-ΦΥ9,2024-06-18,ΕΝΤΑΛΜΑ ΠΛΗΡΩΜΗΣ DOCTUM ΦΑΡΜΑΚΕΥΤΙΚΗ ΑΕ (094070315),094070315,DOCTUM ΦΑΡΜΑΚΕΥΤΙΚΗ ΑΕ (094070315),7661.31,,
62ΖΡ4690ΒΧ-ΚΡ8,2024-06-18,ΕΝΤΑΛΜΑ ΠΛΗΡΩΜΗΣ ΤΗΛ.Κ.ΓΙΟΚΑΡΗΣ   ΣΙΑ ΟΕ DOCTOF (081564690),081564690,ΤΗΛ.Κ.ΓΙΟΚΑΡΗΣ   ΣΙΑ ΟΕ DOCTOF (081564690),5832.12,,
99ΡΔ4690ΒΧ-ΜΨΝ,2024-06-19,ΕΝΤΑΛΜΑ ΠΛΗΡΩΜΗΣ ΠΕΤΡΟΣ ΧΑΡ.ΚΟΣΜΙΔΗΣ   ΣΙΑ Ε.Ε. (999685389),999685389,ΠΕΤΡΟΣ ΧΑΡ.ΚΟΣΜΙΔΗΣ   ΣΙΑ Ε.Ε. (999685389),434.0,,
ΨΨΦΦ4690ΒΧ-742,2024-06-19,ΕΝΤΑΛΜΑ ΠΛΗΡΩΜΗΣ ΠΕΤΡΟΣ ΧΑΡ.ΚΟΣΜΙΔΗΣ   ΣΙΑ Ε.Ε. (999685389),999685389,ΠΕΤΡΟΣ ΧΑΡ.ΚΟΣΜΙΔΗΣ   ΣΙΑ Ε.Ε. (999685389),174.24,,
9Δ464690ΒΧ-ΚΥΒ,2024-06-19,ΕΝΤΑΛΜΑ ΠΛΗΡΩΜΗΣ ΠΕΤΡΟΣ ΧΑΡ.ΚΟΣΜΙΔΗΣ   ΣΙΑ Ε.Ε. (999685389),999685389,ΠΕΤΡΟΣ ΧΑΡ.ΚΟΣΜΙΔΗΣ   ΣΙΑ Ε.Ε. (999685389),848.0,,
Ψ6ΑΠ4690ΒΧ-Σ87,2024-06-19,ΕΝΤΑΛΜΑ ΠΛΗΡΩΜΗΣ ΠΑΥΛΟΣ ΑΡΝΑΟΥΤΗΣ Α.Ε. (094178060),094178060,ΠΑΥΛΟΣ ΑΡΝΑΟΥΤΗΣ Α.Ε. (094178060),362.24,,
9Κ014690ΒΧ-Δ5Ο,2024-06-19,ΕΝΤΑΛΜΑ ΠΛΗΡΩΜΗΣ ΠΑΥΛΟΣ ΑΡΝΑΟΥΤΗΣ Α.Ε. (094178060),094178060,ΠΑΥΛΟΣ ΑΡΝΑΟΥΤΗΣ Α.Ε. (094178060),360.4,,
Ψ4664690ΒΧ-ΜΞΟ,2024-06-18,ΕΝΤΑΛΜΑ ΠΛΗΡΩΜΗΣ ΞΕΝΟΦΩΝ ΓΕΡΜΑΝΟΣ Α.Ε.Ε. (094326835),094326835,ΞΕΝΟΦΩΝ ΓΕΡΜΑΝΟΣ Α.Ε.Ε. (094326835),1200.32,,
6ΝΚΔ4690ΒΧ-ΣΨΡ,2024-06-18,ΕΝΤΑΛΜΑ ΠΛΗΡΩΜΗΣ ΞΕΝΟΦΩΝ ΓΕΡΜΑΝΟΣ Α.Ε.Ε. (094326835),094326835,ΞΕΝΟΦΩΝ ΓΕΡΜΑΝΟΣ Α.Ε.Ε. (094326835),4313.56,,
93ΥΜ4690ΒΧ-51Φ,2024-06-19,ΕΝΤΑΛΜΑ ΠΛΗΡΩΜΗΣ HAMED-ΧΑΛΑΜΠΑΛΑΚΗΣ Α.Ε (094313759),094313759,HAMED-ΧΑΛΑΜΠΑΛΑΚΗΣ Α.Ε (094313759),3501.51,,
6ΥΡΑ4690ΒΧ-Ρ67,2024-06-18,ΕΝΤΑΛΜΑ ΠΛΗΡΩΜΗΣ ΞΕΝΟΦΩΝ ΓΕΡΜΑΝΟΣ Α.Ε.Ε. (094326835),094326835,ΞΕΝΟΦΩΝ ΓΕΡΜΑΝΟΣ Α.Ε.Ε. (094326835),4664.42,,
93ΞΞ4690ΒΧ-ΝΒ3,2024-06-25,ΕΝΤΑΛΜΑ ΠΛΗΡΩΜΗΣ ΝΟΣΟΚΟΜΕΙΑΚΗ ΓΡΑΜΜΗ Α.Ε (094396063),094396063,ΝΟΣΟΚΟΜΕΙΑΚΗ ΓΡΑΜΜΗ Α.Ε (094396063),553.7,,
969Θ4690ΒΧ-ΜΕΠ,2024-06-25,ΕΝΤΑΛΜΑ ΠΛΗΡΩΜΗΣ ΝΟΣΟΚΟΜΕΙΑΚΗ ΓΡΑΜΜΗ Α.Ε (094396063),094396063,ΝΟΣΟΚΟΜΕΙΑΚΗ ΓΡΑΜΜΗ Α.Ε (094396063),17122.6,,
990Β4690ΒΧ-Ρ2Ν,2024-06-25,ΕΝΤΑΛΜΑ ΠΛΗΡΩΜΗΣ ΝΟΣΟΚΟΜΕΙΑΚΗ ΓΡΑΜΜΗ Α.Ε (094396063),094396063,ΝΟΣΟΚΟΜΕΙΑΚΗ ΓΡΑΜΜΗ Α.Ε (094396063),2237.4,,
67ΔΗ4690ΒΧ-Π76,2024-06-25,ΕΝΤΑΛΜΑ ΠΛΗΡΩΜΗΣ ΝΟΣΟΚΟΜΕΙΑΚΗ ΓΡΑΜΜΗ Α.Ε (094396063),094396063,ΝΟΣΟΚΟΜΕΙΑΚΗ ΓΡΑΜΜΗ Α.Ε (094396063),705.72,,
ΨΩΒΛ4690ΒΧ-34Ν,2024-06-25,ΕΝΤΑΛΜΑ ΠΛΗΡΩΜΗΣ ΝΟΣΟΚΟΜΕΙΑΚΗ ΓΡΑΜΜΗ Α.Ε (094396063),094396063,ΝΟΣΟΚΟΜΕΙΑΚΗ ΓΡΑΜΜΗ Α.Ε (094396063),223.2,,
63Ρ14690ΒΧ-Ρ6Φ,2024-06-25,ΕΝΤΑΛΜΑ ΠΛΗΡΩΜΗΣ ΝΙΚ.Ι.ΛΑΊΝΙΩΤΗΣ Α.Ε.Β.Ε (093628458),093628458,ΝΙΚ.Ι.ΛΑΊΝΙΩΤΗΣ Α.Ε.Β.Ε (093628458),1627.2,,
ΨΡΚΦ4690ΒΧ-ΛΒΡ,2024-06-25,ΕΝΤΑΛΜΑ ΠΛΗΡΩΜΗΣ ΝΙΚ.Ι.ΛΑΊΝΙΩΤΗΣ Α.Ε.Β.Ε (093628458),093628458,ΝΙΚ.Ι.ΛΑΊΝΙΩΤΗΣ Α.Ε.Β.Ε (093628458),534.44,,
63ΡΟ4690ΒΧ-Φ9Κ,2024-06-25,ΕΝΤΑΛΜΑ ΠΛΗΡΩΜΗΣ ΝΙΚ.Ι.ΛΑΊΝΙΩΤΗΣ Α.Ε.Β.Ε (093628458),093628458,ΝΙΚ.Ι.ΛΑΊΝΙΩΤΗΣ Α.Ε.Β.Ε (093628458),4625.23,,
Ψ4Δ24690ΒΧ-7ΑΑ,2024-06-25,ΕΝΤΑΛΜΑ ΠΛΗΡΩΜΗΣ ΝΙΚ.Ι.ΛΑΊΝΙΩΤΗΣ Α.Ε.Β.Ε (093628458),093628458,ΝΙΚ.Ι.ΛΑΊΝΙΩΤΗΣ Α.Ε.Β.Ε (093628458),832.91,,
61Ξ24690ΒΧ-ΙΞΣ,2024-06-25,ΕΝΤΑΛΜΑ ΠΛΗΡΩΜΗΣ ΝΙΚ.Ι.ΛΑΊΝΙΩΤΗΣ Α.Ε.Β.Ε (093628458),093628458,ΝΙΚ.Ι.ΛΑΊΝΙΩΤΗΣ Α.Ε.Β.Ε (093628458),715.97,,
ΨΩΤΑ4690ΒΧ-ΗΗΝ,2024-06-25,ΕΝΤΑΛΜΑ ΠΛΗΡΩΜΗΣ ΝΙΚ.Ι.ΛΑΊΝΙΩΤΗΣ Α.Ε.Β.Ε (093628458),093628458,ΝΙΚ.Ι.ΛΑΊΝΙΩΤΗΣ Α.Ε.Β.Ε (093628458),2087.68,,
9Υ004690ΒΧ-ΨΥΓ,2024-06-25,ΕΝΤΑΛΜΑ ΠΛΗΡΩΜΗΣ ΝΙΚ.Ι.ΛΑΊΝΙΩΤΗΣ Α.Ε.Β.Ε (093628458),093628458,ΝΙΚ.Ι.ΛΑΊΝΙΩΤΗΣ Α.Ε.Β.Ε (093628458),2165.49,,
93Θ84690ΒΧ-ΞΕΥ,2024-06-25,ΕΝΤΑΛΜΑ ΠΛΗΡΩΜΗΣ ΝΙΚ.Ι.ΛΑΊΝΙΩΤΗΣ Α.Ε.Β.Ε (093628458),093628458,ΝΙΚ.Ι.ΛΑΊΝΙΩΤΗΣ Α.Ε.Β.Ε (093628458),4298.83,,
ΨΤΛΩ4690ΒΧ-ΛΜΛ,2024-06-25,ΕΝΤΑΛΜΑ ΠΛΗΡΩΜΗΣ ΝΙΚ.Ι.ΛΑΊΝΙΩΤΗΣ Α.Ε.Β.Ε (093628458),093628458,ΝΙΚ.Ι.ΛΑΊΝΙΩΤΗΣ Α.Ε.Β.Ε (093628458),7153.28,,
670Ψ4690ΒΧ-Ω8Ε,2024-06-19,ΕΝΤΑΛΜΑ ΠΛΗΡΩΜΗΣ Ν.ΠΡΟΚΟΣ   ΣΙΑ Ο.Ε. (999426109),999426109,Ν.ΠΡΟΚΟΣ   ΣΙΑ Ο.Ε. (999426109),1804.2,,
6ΩΛ34690ΒΧ-Β06,2024-06-19,ΕΝΤΑΛΜΑ ΠΛΗΡΩΜΗΣ Ν.ΠΡΟΚΟΣ   ΣΙΑ Ο.Ε. (999426109),999426109,Ν.ΠΡΟΚΟΣ   ΣΙΑ Ο.Ε. (999426109),1247.44,,
96414690ΒΧ-Ω3Τ,2024-06-18,ΕΝΤΑΛΜΑ ΠΛΗΡΩΜΗΣ ΜΑΓΕΙΡΑΣ ΔΙΑΓΝ.ΜΗΧΑΝΗΜΑΤΑ Α.Ε. (095444407),095444407,ΜΑΓΕΙΡΑΣ ΔΙΑΓΝ.ΜΗΧΑΝΗΜΑΤΑ Α.Ε. (095444407),4240.0,,
ΨΜ774690ΒΧ-4Θ0,2024-06-18,ΕΝΤΑΛΜΑ ΠΛΗΡΩΜΗΣ ΜΑΓΕΙΡΑΣ ΔΙΑΓΝ.ΜΗΧΑΝΗΜΑΤΑ Α.Ε. (095444407),095444407,ΜΑΓΕΙΡΑΣ ΔΙΑΓΝ.ΜΗΧΑΝΗΜΑΤΑ Α.Ε. (095444407),359.6,,
Ψ9Ν34690ΒΧ-Χ3Β,2024-06-18,ΕΝΤΑΛΜΑ ΠΛΗΡΩΜΗΣ ΜΑΓΕΙΡΑΣ ΔΙΑΓΝ.ΜΗΧΑΝΗΜΑΤΑ Α.Ε. (095444407),095444407,ΜΑΓΕΙΡΑΣ ΔΙΑΓΝ.ΜΗΧΑΝΗΜΑΤΑ Α.Ε. (095444407),11485.16,,
Ψ0Τ24690ΒΧ-Ν1Α,2024-06-18,ΕΝΤΑΛΜΑ ΠΛΗΡΩΜΗΣ Κωστας Α.Παπαέλληνας(ΕλλάςΑΕΒΕ) (094075360),094075360,Κωστας Α.Παπαέλληνας(ΕλλάςΑΕΒΕ) (094075360),135.6,,
6Τ824690ΒΧ-874,2024-06-18,ΕΝΤΑΛΜΑ ΠΛΗΡΩΜΗΣ Κωστας Α.Παπαέλληνας(ΕλλάςΑΕΒΕ) (094075360),094075360,Κωστας Α.Παπαέλληνας(ΕλλάςΑΕΒΕ) (094075360),2912.63,,
Ψ1ΧΙ4690ΒΧ-0Σ4,2024-06-18,ΕΝΤΑΛΜΑ ΠΛΗΡΩΜΗΣ Κωστας Α.Παπαέλληνας(ΕλλάςΑΕΒΕ) (094075360),094075360,Κωστας Α.Παπαέλληνας(ΕλλάςΑΕΒΕ) (094075360),12774.32,,
ΨΞΡΦ4690ΒΧ-7ΒΚ,2024-06-18,ΕΝΤΑΛΜΑ ΠΛΗΡΩΜΗΣ Κωστας Α.Παπαέλληνας(ΕλλάςΑΕΒΕ) (094075360),094075360,Κωστας Α.Παπαέλληνας(ΕλλάςΑΕΒΕ) (094075360),3030.23,,
9ΥΔ14690ΒΧ-ΧΚΗ,2024-06-19,ΕΝΤΑΛΜΑ ΠΛΗΡΩΜΗΣ ΙΝΕΞ ΙΑΤΡΙΚΑ Α.Ε (094356041),094356041,ΙΝΕΞ ΙΑΤΡΙΚΑ Α.Ε (094356041),125.43,,
6Ζ1Ζ4690ΒΧ-ΝΣ9,2024-06-19,ΕΝΤΑΛΜΑ ΠΛΗΡΩΜΗΣ ΙΝΕΞ ΙΑΤΡΙΚΑ Α.Ε (094356041),094356041,ΙΝΕΞ ΙΑΤΡΙΚΑ Α.Ε (094356041),519.24,,
Ψ2ΛΔ4690ΒΧ-5ΣΠ,2024-06-19,ΕΝΤΑΛΜΑ ΠΛΗΡΩΜΗΣ ΙΝΕΞ ΙΑΤΡΙΚΑ Α.Ε (094356041),094356041,ΙΝΕΞ ΙΑΤΡΙΚΑ Α.Ε (094356041),1812.88,,
90ΛΞ4690ΒΧ-ΨΣΓ,2024-06-25,ΕΝΤΑΛΜΑ ΠΛΗΡΩΜΗΣ ΕΝΟΡΑΣΙΣ Α.Ε. (094503580),094503580,ΕΝΟΡΑΣΙΣ Α.Ε. (094503580),4014.63,,
96Ξ94690ΒΧ-Ν24,2024-06-18,ΕΝΤΑΛΜΑ ΠΛΗΡΩΜΗΣ ΕΛΛΕΝΚΟ Α.Ε. (094074824),094074824,ΕΛΛΕΝΚΟ Α.Ε. (094074824),1204.69,,
Ψ0ΥΔ4690ΒΧ-ΕΝΦ,2024-06-18,ΕΝΤΑΛΜΑ ΠΛΗΡΩΜΗΣ ΕΛΛΕΝΚΟ Α.Ε. (094074824),094074824,ΕΛΛΕΝΚΟ Α.Ε. (094074824),4962.06,,
Ψ3ΜΥ4690ΒΧ-ΚΓΡ,2024-06-18,ΕΝΤΑΛΜΑ ΠΛΗΡΩΜΗΣ ΕΛΛΕΝΚΟ Α.Ε. (094074824),094074824,ΕΛΛΕΝΚΟ Α.Ε. (094074824),429.29,,
698Η4690ΒΧ-ΞΦΡ,2024-06-18,ΕΝΤΑΛΜΑ ΠΛΗΡΩΜΗΣ ΕΛΛΕΝΚΟ Α.Ε. (094074824),094074824,ΕΛΛΕΝΚΟ Α.Ε. (094074824),130.52,,
6ΛΠΥ4690ΒΧ-6ΧΕ,2024-06-18,ΕΝΤΑΛΜΑ ΠΛΗΡΩΜΗΣ ΒΕΡΜΑ ΝΤΡΑΓΚΣ ΑΒΕΕ (099363426),099363426,ΒΕΡΜΑ ΝΤΡΑΓΚΣ ΑΒΕΕ (099363426),5352.3,,
9ΦΞΧ4690ΒΧ-ΛΕΥ,2024-06-18,ΕΝΤΑΛΜΑ ΠΛΗΡΩΜΗΣ ΒΕΡΜΑ ΝΤΡΑΓΚΣ ΑΒΕΕ (099363426),099363426,ΒΕΡΜΑ ΝΤΡΑΓΚΣ ΑΒΕΕ (099363426),8912.92,,
ΨΟΝ44690ΒΧ-ΣΟ4,2024-06-19,ΕΝΤΑΛΜΑ ΠΛΗΡΩΜΗΣ ΑΦΟΙ ΖΥΡΙΧΙΔΗ Ο.Ε (091282761),091282761,ΑΦΟΙ ΖΥΡΙΧΙΔΗ Ο.Ε (091282761),76.92,,
69ΥΤ4690ΒΧ-Τ4Λ,2024-06-19,ΕΝΤΑΛΜΑ ΠΛΗΡΩΜΗΣ ΑΡΗΤΗ Α.Ε. (094251753),094251753,ΑΡΗΤΗ Α.Ε. (094251753),6790.3,,
Ψ6ΧΕ4690ΒΧ-ΟΜΜ,2024-06-19,ΕΝΤΑΛΜΑ ΠΛΗΡΩΜΗΣ ΑΡΗΤΗ Α.Ε. (094251753),094251753,ΑΡΗΤΗ Α.Ε. (094251753),15012.14,,
ΨΙ7Η4690ΒΧ-ΒΕΠ,2024-06-19,ΕΝΤΑΛΜΑ ΠΛΗΡΩΜΗΣ Α.ΚΑΡΥΠΙΔΗΣ Α.Β.Ε.Ε (094098300),094098300,Α.ΚΑΡΥΠΙΔΗΣ Α.Β.Ε.Ε (094098300),2131.19,,
954Ξ4690ΒΧ-Ρ48,2024-06-19,ΕΝΤΑΛΜΑ ΠΛΗΡΩΜΗΣ ΠΛΗΡΟΦΟΡΙΚΗ ΕΛΛΑΔΟΣ Ε.Π.Ε (095659768),095659768,ΠΛΗΡΟΦΟΡΙΚΗ ΕΛΛΑΔΟΣ Ε.Π.Ε (095659768),1173.35,,
9ΙΓΞ4690ΒΧ-ΘΕ1,2024-06-19,ΕΝΤΑΛΜΑ ΠΛΗΡΩΜΗΣ iDX P.C (800725375),800725375,iDX P.C (800725375),2226.0,,
ΨΠΘ84690ΒΧ-1ΓΓ,2024-06-19,ΕΝΤΑΛΜΑ ΠΛΗΡΩΜΗΣ iDX P.C (800725375),800725375,iDX P.C (800725375),7909.76,,
9Τ2Ρ4690ΒΧ-ΟΡΣ,2024-06-19,ΕΝΤΑΛΜΑ ΠΛΗΡΩΜΗΣ iDX P.C (800725375),800725375,iDX P.C (800725375),1272.0,,
902Ο4690ΒΧ-ΠΨΓ,2024-06-19,ΕΝΤΑΛΜΑ ΠΛΗΡΩΜΗΣ iDX P.C (800725375),800725375,iDX P.C (800725375),508.8,,
63Τ94690ΒΧ-Θ3Ν,2024-06-18,ΕΝΤΑΛΜΑ ΠΛΗΡΩΜΗΣ MEDICON HELLAS A.E. (094240321),094240321,MEDICON HELLAS A.E. (094240321),3615.32,,
9Ω484690ΒΧ-Η61,2024-06-18,ΕΝΤΑΛΜΑ ΠΛΗΡΩΜΗΣ MEDICON HELLAS A.E. (094240321),094240321,MEDICON HELLAS A.E. (094240321),3529.8,,
9Ι3Η4690ΒΧ-Π2Υ,2024-06-18,ΕΝΤΑΛΜΑ ΠΛΗΡΩΜΗΣ MEDICON HELLAS A.E. (094240321),094240321,MEDICON HELLAS A.E. (094240321),3763.6,,
ΡΠΦΩ4690ΒΧ-ΥΝΕ,2024-06-18,ΕΝΤΑΛΜΑ ΠΛΗΡΩΜΗΣ MEDICON HELLAS A.E. (094240321),094240321,MEDICON HELLAS A.E. (094240321),4743.76,,
6ΨΙ24690ΒΧ-Τ1Γ,2024-06-18,ΕΝΤΑΛΜΑ ΠΛΗΡΩΜΗΣ MEDICON HELLAS A.E. (094240321),094240321,MEDICON HELLAS A.E. (094240321),10054.4,,
6ΧΞΚ4690ΒΧ-Ζ43,2024-06-18,ΕΝΤΑΛΜΑ ΠΛΗΡΩΜΗΣ MEDICON HELLAS A.E. (094240321),094240321,MEDICON HELLAS A.E. (094240321),3259.44,,
928Ο4690ΒΧ-3Δ4,2024-06-18,ΕΝΤΑΛΜΑ ΠΛΗΡΩΜΗΣ MEDICON HELLAS A.E. (094240321),094240321,MEDICON HELLAS A.E. (094240321),1844.4,,
Ρ93Λ4690ΒΧ-509,2024-06-18,ΕΝΤΑΛΜΑ ΠΛΗΡΩΜΗΣ MEDICON HELLAS A.E. (094240321),094240321,MEDICON HELLAS A.E. (094240321),4748.76,,
95Θ74690ΒΧ-0ΒΝ,2024-06-18,ΕΝΤΑΛΜΑ ΠΛΗΡΩΜΗΣ MEDICON HELLAS A.E. (094240321),094240321,MEDICON HELLAS A.E. (094240321),4336.72,,
657Θ4690ΒΧ-1ΑΔ,2024-06-18,ΕΝΤΑΛΜΑ ΠΛΗΡΩΜΗΣ DEMO A.Β.Ε.E. (094041553),094041553,DEMO A.Β.Ε.E. (094041553),6268.41,,
9Ε4Ζ4690ΒΧ-ΒΓ0,2025-03-10,ΕΝΤΑΛΜΑ ΠΛΗΡΩΜΗΣ ΓΡΑΨΑΣ Δ. ΞΕΝΟΦΩΝ (048114330),048114330,ΓΡΑΨΑΣ Δ. ΞΕΝΟΦΩΝ (048114330),1860.0,,
91ΠΓ4690ΒΧ-4ΘΖ,2025-03-10,ΕΝΤΑΛΜΑ ΠΛΗΡΩΜΗΣ ΓΡΑΨΑΣ Δ. ΞΕΝΟΦΩΝ (048114330),048114330,ΓΡΑΨΑΣ Δ. ΞΕΝΟΦΩΝ (048114330),2480.0,,
6ΝΑΨ4690ΒΧ-4Ν9,2025-03-07,ΕΝΤΑΛΜΑ ΠΛΗΡΩΜΗΣ Y-LOGIMED  Μ.Α.Ε (094446034),094446034,Y-LOGIMED  Μ.Α.Ε (094446034),2515.92,,
6ΓΛΘ4690ΒΧ-ΕΣΒ,2025-04-08,ΕΝΤΑΛΜΑ ΠΛΗΡΩΜΗΣ GE HEALTHCARE (094472918),094472918,GE HEALTHCARE (094472918),21079.99,,
6ΧΕΣ4690ΒΧ-ΡΘΑ,2025-04-11,ΕΝΤΑΛΜΑ ΠΛΗΡΩΜΗΣ ΔΗΜ.ΕΠΙΧ/ΣΗ ΗΛΕΚΤΡΙΣΜΟΥ ΑΕ (090000045),090000045,ΔΗΜ.ΕΠΙΧ/ΣΗ ΗΛΕΚΤΡΙΣΜΟΥ ΑΕ (090000045),68915.11,,
Ψ5ΙΗ4690ΒΧ-9ΝΤ,2025-04-08,ΕΝΤΑΛΜΑ ΠΛΗΡΩΜΗΣ SIEMENS HEALTHINEERS A.E. (094456875),094456875,SIEMENS HEALTHINEERS A.E. (094456875),11473.86,,
96ΒΞ4690ΒΧ-ΗΡΞ,2025-04-08,ΕΝΤΑΛΜΑ ΠΛΗΡΩΜΗΣ SIEMENS HEALTHINEERS A.E. (094456875),094456875,SIEMENS HEALTHINEERS A.E. (094456875),11473.86,,
9ΗΘ14690ΒΧ-56Τ,2025-04-11,ΕΝΤΑΛΜΑ ΠΛΗΡΩΜΗΣ ΟΡΓ/ΣΜΟΣ ΤΗΛΕΠ/ΝΙΩΝ ΕΛΛΑΔΟΣ ΑΕ (094019245),094019245,ΟΡΓ/ΣΜΟΣ ΤΗΛΕΠ/ΝΙΩΝ ΕΛΛΑΔΟΣ ΑΕ (094019245),15.0,,
ΨΕ2Ζ4690ΒΧ-ΦΒΣ,2025-04-11,ΕΝΤΑΛΜΑ ΠΛΗΡΩΜΗΣ ΔΗΜΟΣ ΛΕΥΚΑΔΑΣ (997916281),997916281,ΔΗΜΟΣ ΛΕΥΚΑΔΑΣ (997916281),9503.0,,
6Μ404690ΒΧ-ΒΓΘ,2025-04-11,ΕΝΤΑΛΜΑ ΠΛΗΡΩΜΗΣ ΟΡΓ/ΣΜΟΣ ΤΗΛΕΠ/ΝΙΩΝ ΕΛΛΑΔΟΣ ΑΕ (094019245),094019245,ΟΡΓ/ΣΜΟΣ ΤΗΛΕΠ/ΝΙΩΝ ΕΛΛΑΔΟΣ ΑΕ (094019245),1257.88,,
Ρ1ΕΧ4690ΒΧ-ΘΓΞ,2025-04-11,ΕΝΤΑΛΜΑ ΠΛΗΡΩΜΗΣ ΔΗΜΟΣ ΛΕΥΚΑΔΑΣ (997916281),997916281,ΔΗΜΟΣ ΛΕΥΚΑΔΑΣ (997916281),29.0,,
ΡΛΗΟ4690ΒΧ-70Ρ,2025-04-11,ΕΝΤΑΛΜΑ ΠΛΗΡΩΜΗΣ ΔΗΜΟΣ ΛΕΥΚΑΔΑΣ (997916281),997916281,ΔΗΜΟΣ ΛΕΥΚΑΔΑΣ (997916281),13.18,,
ΡΨΛΓ4690ΒΧ-ΤΔ8,2025-04-11,ΕΝΤΑΛΜΑ ΠΛΗΡΩΜΗΣ ΔΗΜΟΣ ΛΕΥΚΑΔΑΣ (997916281),997916281,ΔΗΜΟΣ ΛΕΥΚΑΔΑΣ (997916281),8.09,,
ΡΨ3Υ4690ΒΧ-ΖΔΩ,2025-04-11,ΕΝΤΑΛΜΑ ΠΛΗΡΩΜΗΣ ΟΡΓ/ΣΜΟΣ ΤΗΛΕΠ/ΝΙΩΝ ΕΛΛΑΔΟΣ ΑΕ (094019245),094019245,ΟΡΓ/ΣΜΟΣ ΤΗΛΕΠ/ΝΙΩΝ ΕΛΛΑΔΟΣ ΑΕ (094019245),39.96,,
9ΡΔΣ4690ΒΧ-ΓΑΛ,2025-04-11,ΕΝΤΑΛΜΑ ΠΛΗΡΩΜΗΣ ΟΡΓ/ΣΜΟΣ ΤΗΛΕΠ/ΝΙΩΝ ΕΛΛΑΔΟΣ ΑΕ (094019245),094019245,ΟΡΓ/ΣΜΟΣ ΤΗΛΕΠ/ΝΙΩΝ ΕΛΛΑΔΟΣ ΑΕ (094019245),247.6,,
Ψ4ΦΚ4690ΒΧ-ΧΔΔ,2025-04-11,ΕΝΤΑΛΜΑ ΠΛΗΡΩΜΗΣ ΟΡΓ/ΣΜΟΣ ΤΗΛΕΠ/ΝΙΩΝ ΕΛΛΑΔΟΣ ΑΕ (094019245),094019245,ΟΡΓ/ΣΜΟΣ ΤΗΛΕΠ/ΝΙΩΝ ΕΛΛΑΔΟΣ ΑΕ (094019245),219.6,,
94ΩΠ4690ΒΧ-7Υ5,2025-04-11,ΕΝΤΑΛΜΑ ΠΛΗΡΩΜΗΣ ΟΡΓ/ΣΜΟΣ ΤΗΛΕΠ/ΝΙΩΝ ΕΛΛΑΔΟΣ ΑΕ (094019245),094019245,ΟΡΓ/ΣΜΟΣ ΤΗΛΕΠ/ΝΙΩΝ ΕΛΛΑΔΟΣ ΑΕ (094019245),139.88,,
ΨΔΘΦ4690ΒΧ-Ε45,2025-04-11,ΕΝΤΑΛΜΑ ΠΛΗΡΩΜΗΣ ΟΡΓ/ΣΜΟΣ ΤΗΛΕΠ/ΝΙΩΝ ΕΛΛΑΔΟΣ ΑΕ (094019245),094019245,ΟΡΓ/ΣΜΟΣ ΤΗΛΕΠ/ΝΙΩΝ ΕΛΛΑΔΟΣ ΑΕ (094019245),116.16,,
ΨΔΤΥ4690ΒΧ-Λ6Χ,2025-04-11,ΕΝΤΑΛΜΑ ΠΛΗΡΩΜΗΣ ΟΡΓ/ΣΜΟΣ ΤΗΛΕΠ/ΝΙΩΝ ΕΛΛΑΔΟΣ ΑΕ (094019245),094019245,ΟΡΓ/ΣΜΟΣ ΤΗΛΕΠ/ΝΙΩΝ ΕΛΛΑΔΟΣ ΑΕ (094019245),69.8,,
ΨΡ034690ΒΧ-90Λ,2025-04-11,ΕΝΤΑΛΜΑ ΠΛΗΡΩΜΗΣ ΚΑΙΝΟΤΟΜΙΑ Α.Ε. (999399139),999399139,ΚΑΙΝΟΤΟΜΙΑ Α.Ε. (999399139),11160.0,,
ΡΨΝ74690ΒΧ-2ΗΥ,2025-04-11,ΕΝΤΑΛΜΑ ΠΛΗΡΩΜΗΣ ΘΕΡΜΟΣΩΛ ΑΤΜΟΛΕΒΗΤΕΣ  Α.Ε. (094422651),094422651,ΘΕΡΜΟΣΩΛ ΑΤΜΟΛΕΒΗΤΕΣ  Α.Ε. (094422651),3100.0,,
ΨΝ0Ζ4690ΒΧ-ΨΡΡ,2025-04-11,ΕΝΤΑΛΜΑ ΠΛΗΡΩΜΗΣ ΔΙΣΝΙΤΣΑΣ ΛΕΩΝΙΔΑΣ (029818051),029818051,ΔΙΣΝΙΤΣΑΣ ΛΕΩΝΙΔΑΣ (029818051),538.47,,
9Γ7Τ4690ΒΧ-4Ξ3,2025-04-11,ΕΝΤΑΛΜΑ ΠΛΗΡΩΜΗΣ ΔΙΣΝΙΤΣΑΣ ΛΕΩΝΙΔΑΣ (029818051),029818051,ΔΙΣΝΙΤΣΑΣ ΛΕΩΝΙΔΑΣ (029818051),3163.4,,
ΡΟΠΙ4690ΒΧ-Λ9Σ,2025-04-11,ΕΝΤΑΛΜΑ ΠΛΗΡΩΜΗΣ ΓΕΩΡΓΙΟΣ ΜΑΡΚΟΥΙΖΟΣ ΓΕΝΙΚΟΣ ΧΕΙΡΟΥΡΓΟΣ (022050942),022050942,ΓΕΩΡΓΙΟΣ ΜΑΡΚΟΥΙΖΟΣ ΓΕΝΙΚΟΣ ΧΕΙΡΟΥΡΓΟΣ (022050942),3215.63,,
6Ν6Μ4690ΒΧ-Π5Η,2025-04-08,ΕΝΤΑΛΜΑ ΠΛΗΡΩΜΗΣ Α.Μ.ΒΙΔΑΛΗΣ INTERNATIONAL ΙΚΕ (095185177),095185177,Α.Μ.ΒΙΔΑΛΗΣ INTERNATIONAL ΙΚΕ (095185177),5059.2,,
94ΩΙ4690ΒΧ-ΓΘ7,2025-04-11,ΕΝΤΑΛΜΑ ΠΛΗΡΩΜΗΣ TRANE HELLAS A.E (098032885),098032885,TRANE HELLAS A.E (098032885),1004.4,,
Ρ6ΟΛ4690ΒΧ-3Θ8,2025-04-11,ΕΝΤΑΛΜΑ ΠΛΗΡΩΜΗΣ TRANE HELLAS A.E (098032885),098032885,TRANE HELLAS A.E (098032885),6510.0,,
6ΘΑΖ4690ΒΧ-Β86,2025-04-11,ΕΝΤΑΛΜΑ ΠΛΗΡΩΜΗΣ TRANE HELLAS A.E (098032885),098032885,TRANE HELLAS A.E (098032885),4340.0,,
ΨΚΚΦ4690ΒΧ-ΘΝ6,2025-04-11,ΕΝΤΑΛΜΑ ΠΛΗΡΩΜΗΣ TRANE HELLAS A.E (098032885),098032885,TRANE HELLAS A.E (098032885),6762.96,,
9ΟΦΡ4690ΒΧ-Ε26,2025-04-11,ΕΝΤΑΛΜΑ ΠΛΗΡΩΜΗΣ ΔΗΜ.ΕΠΙΧ/ΣΗ ΗΛΕΚΤΡΙΣΜΟΥ ΑΕ (090000045),090000045,ΔΗΜ.ΕΠΙΧ/ΣΗ ΗΛΕΚΤΡΙΣΜΟΥ ΑΕ (090000045),51.0,,
9ΜΩΣ4690ΒΧ-ΤΜΑ,2025-04-11,ΕΝΤΑΛΜΑ ΠΛΗΡΩΜΗΣ ΔΗΜ.ΕΠΙΧ/ΣΗ ΗΛΕΚΤΡΙΣΜΟΥ ΑΕ (090000045),090000045,ΔΗΜ.ΕΠΙΧ/ΣΗ ΗΛΕΚΤΡΙΣΜΟΥ ΑΕ (090000045),1034.0,,
Ψ3ΔΡ4690ΒΧ-Φ6Τ,2025-04-11,ΕΝΤΑΛΜΑ ΠΛΗΡΩΜΗΣ ΔΗΜ.ΕΠΙΧ/ΣΗ ΗΛΕΚΤΡΙΣΜΟΥ ΑΕ (090000045),090000045,ΔΗΜ.ΕΠΙΧ/ΣΗ ΗΛΕΚΤΡΙΣΜΟΥ ΑΕ (090000045),3570.0,,
9ΞΔΞ4690ΒΧ-ΨΔ4,2025-04-08,ΕΝΤΑΛΜΑ ΠΛΗΡΩΜΗΣ ΛΟΥΛΟΥΔΗΣ ΛΕΩΝΙΔΑΣ ΜΟΝ. ΙΚΕ (801458499),801458499,ΛΟΥΛΟΥΔΗΣ ΛΕΩΝΙΔΑΣ ΜΟΝ. ΙΚΕ (801458499),1012.7,,
Ψ7Π44690ΒΧ-Γ1Π,2025-04-08,ΕΝΤΑΛΜΑ ΠΛΗΡΩΜΗΣ ΛΟΥΛΟΥΔΗΣ ΛΕΩΝΙΔΑΣ ΜΟΝ. ΙΚΕ (801458499),801458499,ΛΟΥΛΟΥΔΗΣ ΛΕΩΝΙΔΑΣ ΜΟΝ. ΙΚΕ (801458499),2108.0,,
Ρ98Η4690ΒΧ-ΒΗΧ,2025-04-01,ΕΝΤΑΛΜΑ ΠΛΗΡΩΜΗΣ ΑΤΟΜΙΚΗ ΦΡΟΝΤΙΔΑ ΑΒΕΕ (998476060),998476060,ΑΤΟΜΙΚΗ ΦΡΟΝΤΙΔΑ ΑΒΕΕ (998476060),1754.2,,
61824690ΒΧ-72Ζ,2025-04-02,ΕΝΤΑΛΜΑ ΠΛΗΡΩΜΗΣ ΒΙΟΣΕΡ ΑΕ (094035927),094035927,ΒΙΟΣΕΡ ΑΕ (094035927),3593.98,,
Ρ3Ρ24690ΒΧ-2ΨΜ,2025-04-02,ΕΝΤΑΛΜΑ ΠΛΗΡΩΜΗΣ ΒΙΟΣΕΡ ΑΕ (094035927),094035927,ΒΙΟΣΕΡ ΑΕ (094035927),3094.11,,
9Ω374690ΒΧ-4ΝΖ,2025-04-02,ΕΝΤΑΛΜΑ ΠΛΗΡΩΜΗΣ ΒΙΟΣΕΡ ΑΕ (094035927),094035927,ΒΙΟΣΕΡ ΑΕ (094035927),3583.91,,
ΨΠ3Φ4690ΒΧ-ΓΨΥ,2025-04-02,ΕΝΤΑΛΜΑ ΠΛΗΡΩΜΗΣ ΒΙΟΣΕΡ ΑΕ (094035927),094035927,ΒΙΟΣΕΡ ΑΕ (094035927),4227.08,,
9Κ3Ρ4690ΒΧ-6Ξ8,2025-04-02,ΕΝΤΑΛΜΑ ΠΛΗΡΩΜΗΣ ΒΙΟΣΕΡ ΑΕ (094035927),094035927,ΒΙΟΣΕΡ ΑΕ (094035927),3100.9,,
ΡΩΒ04690ΒΧ-ΧΔ9,2025-04-02,ΕΝΤΑΛΜΑ ΠΛΗΡΩΜΗΣ ΒΙΟΣΕΡ ΑΕ (094035927),094035927,ΒΙΟΣΕΡ ΑΕ (094035927),4264.65,,
6ΗΦΥ4690ΒΧ-6ΘΚ,2025-04-02,ΕΝΤΑΛΜΑ ΠΛΗΡΩΜΗΣ ΒΙΟΣΕΡ ΑΕ (094035927),094035927,ΒΙΟΣΕΡ ΑΕ (094035927),3685.62,,
9Τ5Ψ4690ΒΧ-ΚΘΧ,2025-04-02,ΕΝΤΑΛΜΑ ΠΛΗΡΩΜΗΣ ΒΙΟΣΕΡ ΑΕ (094035927),094035927,ΒΙΟΣΕΡ ΑΕ (094035927),4400.85,,
ΡΠΚΩ4690ΒΧ-Κ1Τ,2025-04-02,ΕΝΤΑΛΜΑ ΠΛΗΡΩΜΗΣ GENESING TREATMENT IKE (801408748),801408748,GENESING TREATMENT IKE (801408748),1875.8,,
ΨΜΠΟ4690ΒΧ-ΛΔ9,2025-04-01,ΕΝΤΑΛΜΑ ΠΛΗΡΩΜΗΣ MEDIC PLAN HEALTH PROJECT IKE (999961120),999961120,MEDIC PLAN HEALTH PROJECT IKE (999961120),3255.0,,
ΨΥΨΟ4690ΒΧ-Χ52,2025-04-07,ΕΝΤΑΛΜΑ ΠΛΗΡΩΜΗΣ COMPUTER SOLUTIONS ΑΝΩΝΥΜΗ (095403136),095403136,COMPUTER SOLUTIONS ΑΝΩΝΥΜΗ (095403136),3100.0,,
9ΚΞ64690ΒΧ-1ΕΚ,2025-04-07,ΕΝΤΑΛΜΑ ΠΛΗΡΩΜΗΣ COMPUTER SOLUTIONS ΑΝΩΝΥΜΗ (095403136),095403136,COMPUTER SOLUTIONS ΑΝΩΝΥΜΗ (095403136),14259.99,,
9ΕΗΨ4690ΒΧ-Χ62,2025-04-07,ΕΝΤΑΛΜΑ ΠΛΗΡΩΜΗΣ CLEAN WASH EXPRESS ΜΟΝΟΠΡΟΣΩΠΗ Ι.Κ.Ε. (802560756),802560756,CLEAN WASH EXPRESS ΜΟΝΟΠΡΟΣΩΠΗ Ι.Κ.Ε. (802560756),4771.74,,
621Η4690ΒΧ-ΨΥ6,2025-04-07,ΕΝΤΑΛΜΑ ΠΛΗΡΩΜΗΣ CLEAN WASH EXPRESS ΜΟΝΟΠΡΟΣΩΠΗ Ι.Κ.Ε. (802560756),802560756,CLEAN WASH EXPRESS ΜΟΝΟΠΡΟΣΩΠΗ Ι.Κ.Ε. (802560756),4794.72,,
Ψ8Γ54690ΒΧ-ΕΒΩ,2025-04-08,ΕΝΤΑΛΜΑ ΠΛΗΡΩΜΗΣ ΠΑΝ/ΜΙΟ ΑΘΗΝΩΝ-ΠΑΘ/ΓΙΚΟ ΑΝΑΤΟΜ (090145420),090145420,ΠΑΝ/ΜΙΟ ΑΘΗΝΩΝ-ΠΑΘ/ΓΙΚΟ ΑΝΑΤΟΜ (090145420),3477.38,,
ΨΨΚΤ4690ΒΧ-ΘΑ7,2025-04-08,ΕΝΤΑΛΜΑ ΠΛΗΡΩΜΗΣ ΠΑΝ/ΜΙΟ ΑΘΗΝΩΝ-ΠΑΘ/ΓΙΚΟ ΑΝΑΤΟΜ (090145420),090145420,ΠΑΝ/ΜΙΟ ΑΘΗΝΩΝ-ΠΑΘ/ΓΙΚΟ ΑΝΑΤΟΜ (090145420),3931.16,,
Ρ4ΠΨ4690ΒΧ-85Α,2025-04-08,ΕΝΤΑΛΜΑ ΠΛΗΡΩΜΗΣ ΠΑΝ/ΜΙΟ ΑΘΗΝΩΝ-ΠΑΘ/ΓΙΚΟ ΑΝΑΤΟΜ (090145420),090145420,ΠΑΝ/ΜΙΟ ΑΘΗΝΩΝ-ΠΑΘ/ΓΙΚΟ ΑΝΑΤΟΜ (090145420),4813.76,,
ΡΦΥ34690ΒΧ-ΧΜ1,2025-04-08,ΕΝΤΑΛΜΑ ΠΛΗΡΩΜΗΣ ΕΘΝΙΚΟ ΜΕΤΣΟΒΕΙΟ ΠΟΛΥΤΕΧΝΕΙΟ (ΝΕΟ ΑΦΜ) (090162593),090162593,ΕΘΝΙΚΟ ΜΕΤΣΟΒΕΙΟ ΠΟΛΥΤΕΧΝΕΙΟ (ΝΕΟ ΑΦΜ) (090162593),2294.0,,
9Ι544690ΒΧ-Γ0Ψ,2025-04-08,ΕΝΤΑΛΜΑ ΠΛΗΡΩΜΗΣ ΕΛΛΗΝ.ΕΠΙΤΡ.ΑΤΟΜΙΚΗΣ ΕΝΕΡΓΕΙΑΣ (090085792),090085792,ΕΛΛΗΝ.ΕΠΙΤΡ.ΑΤΟΜΙΚΗΣ ΕΝΕΡΓΕΙΑΣ (090085792),163.68,,
9ΟΗΗ4690ΒΧ-ΚΝ7,2025-04-08,ΕΝΤΑΛΜΑ ΠΛΗΡΩΜΗΣ ΒΙΟΗΛΕΚΤΡΟΝΙΚΗ  Ι.Κ.Ε. <<BIOELECTRONICA>> (800780179),800780179,ΒΙΟΗΛΕΚΤΡΟΝΙΚΗ  Ι.Κ.Ε. <<BIOELECTRONICA>> (800780179),223.2,,
Ψ0ΕΖ4690ΒΧ-ΖΝΝ,2025-04-08,ΕΝΤΑΛΜΑ ΠΛΗΡΩΜΗΣ ΑΠ.Γ.ΠΑΠΟΥΔΗΣ   ΥΙΟΣ Α.Ε (094512503),094512503,ΑΠ.Γ.ΠΑΠΟΥΔΗΣ   ΥΙΟΣ Α.Ε (094512503),2604.0,,
6Ξ214690ΒΧ-Θ5Ι,2025-04-08,ΕΝΤΑΛΜΑ ΠΛΗΡΩΜΗΣ VETERY SERVICE HELLAS ΝΑΚΑΣ ΣΠΥΡΙΔΩΝ (061755570),061755570,VETERY SERVICE HELLAS ΝΑΚΑΣ ΣΠΥΡΙΔΩΝ (061755570),1625.0,,
ΡΗΤΥ4690ΒΧ-439,2025-04-08,ΕΝΤΑΛΜΑ ΠΛΗΡΩΜΗΣ VETERY SERVICE HELLAS ΝΑΚΑΣ ΣΠΥΡΙΔΩΝ (061755570),061755570,VETERY SERVICE HELLAS ΝΑΚΑΣ ΣΠΥΡΙΔΩΝ (061755570),198.4,,
652Δ4690ΒΧ-ΕΞΓ,2025-04-08,ΕΝΤΑΛΜΑ ΠΛΗΡΩΜΗΣ VETERY SERVICE HELLAS ΝΑΚΑΣ ΣΠΥΡΙΔΩΝ (061755570),061755570,VETERY SERVICE HELLAS ΝΑΚΑΣ ΣΠΥΡΙΔΩΝ (061755570),1625.0,,
ΨΠΖΑ4690ΒΧ-16Γ,2025-04-08,ΕΝΤΑΛΜΑ ΠΛΗΡΩΜΗΣ ΕΥΣΤΑΘΙΟΣ Γ.ΤΣΙΓΚΡΗΣ Ε.Π.Ε. (999893375),999893375,ΕΥΣΤΑΘΙΟΣ Γ.ΤΣΙΓΚΡΗΣ Ε.Π.Ε. (999893375),3466.41,,
9ΘΗΨ4690ΒΧ-ΚΚΩ,2025-04-08,ΕΝΤΑΛΜΑ ΠΛΗΡΩΜΗΣ ΕΥΣΤΑΘΙΟΣ Γ.ΤΣΙΓΚΡΗΣ Ε.Π.Ε. (999893375),999893375,ΕΥΣΤΑΘΙΟΣ Γ.ΤΣΙΓΚΡΗΣ Ε.Π.Ε. (999893375),9054.82,,
6ΤΩ74690ΒΧ-6ΟΛ,2025-04-08,ΕΝΤΑΛΜΑ ΠΛΗΡΩΜΗΣ Payroll Software   Services Real Solutions Ι.Κ.Ε (800498280),800498280,Payroll Software   Services Real Solutions Ι.Κ.Ε (800498280),522.86,,
9ΞΛ44690ΒΧ-Η7Δ,2025-04-08,ΕΝΤΑΛΜΑ ΠΛΗΡΩΜΗΣ Payroll Software   Services Real Solutions Ι.Κ.Ε (800498280),800498280,Payroll Software   Services Real Solutions Ι.Κ.Ε (800498280),1021.76,,
9ΘΓΒ4690ΒΧ-7ΦΒ,2025-04-08,ΕΝΤΑΛΜΑ ΠΛΗΡΩΜΗΣ Payroll Software   Services Real Solutions Ι.Κ.Ε (800498280),800498280,Payroll Software   Services Real Solutions Ι.Κ.Ε (800498280),6801.4,,
60ΛΠ4690ΒΧ-Σ74,2025-04-07,ΕΝΤΑΛΜΑ ΠΛΗΡΩΜΗΣ COMPUTER SOLUTIONS ΑΝΩΝΥΜΗ (095403136),095403136,COMPUTER SOLUTIONS ΑΝΩΝΥΜΗ (095403136),2728.0,,
ΨΥΘ24690ΒΧ-0Ω1,2025-04-07,ΕΝΤΑΛΜΑ ΠΛΗΡΩΜΗΣ COMPUTER SOLUTIONS ΑΝΩΝΥΜΗ (095403136),095403136,COMPUTER SOLUTIONS ΑΝΩΝΥΜΗ (095403136),4960.0,,
9ΠΘΣ4690ΒΧ-1ΡΔ,2025-04-07,ΕΝΤΑΛΜΑ ΠΛΗΡΩΜΗΣ COMPUTER SOLUTIONS ΑΝΩΝΥΜΗ (095403136),095403136,COMPUTER SOLUTIONS ΑΝΩΝΥΜΗ (095403136),5228.66,,
9Τ1Ο4690ΒΧ-Η4Δ,2025-04-07,ΕΝΤΑΛΜΑ ΠΛΗΡΩΜΗΣ COMPUTER SOLUTIONS ΑΝΩΝΥΜΗ (095403136),095403136,COMPUTER SOLUTIONS ΑΝΩΝΥΜΗ (095403136),12276.0,,
ΨΖΠΔ4690ΒΧ-ΥΟΒ,2025-04-02,ΕΝΤΑΛΜΑ ΠΛΗΡΩΜΗΣ SPETMEDICAL I.K.E. (800820495),800820495,SPETMEDICAL I.K.E. (800820495),2137.96,,
ΡΥΗ74690ΒΧ-ΝΝΩ,2025-04-02,ΕΝΤΑΛΜΑ ΠΛΗΡΩΜΗΣ SPETMEDICAL I.K.E. (800820495),800820495,SPETMEDICAL I.K.E. (800820495),5781.66,,
ΨΒΙΠ4690ΒΧ-Ψ6Ν,2025-04-04,ΕΝΤΑΛΜΑ ΠΛΗΡΩΜΗΣ WiLO HELLAS ΜΟΝΟΠΡΟΣΩΠΗ Α.Β.Ε.Ε (094061750),094061750,WiLO HELLAS ΜΟΝΟΠΡΟΣΩΠΗ Α.Β.Ε.Ε (094061750),7812.0,,
65ΘΦ4690ΒΧ-2ΟΤ,2025-04-04,ΕΝΤΑΛΜΑ ΠΛΗΡΩΜΗΣ WiLO HELLAS ΜΟΝΟΠΡΟΣΩΠΗ Α.Β.Ε.Ε (094061750),094061750,WiLO HELLAS ΜΟΝΟΠΡΟΣΩΠΗ Α.Β.Ε.Ε (094061750),1142.03,,
6ΦΨΛ4690ΒΧ-2Η8,2025-04-04,ΕΝΤΑΛΜΑ ΠΛΗΡΩΜΗΣ OTIS ΕΛΛΑΣ ΜΟΝΟΠΡΟΣΩΠΗ ΑΝΩΝ.ΒΙΟΜ.   ΕΜΠ.ΤΕΧΝ.ΕΤΑΙΡΕΙΑ (094208578),094208578,OTIS ΕΛΛΑΣ ΜΟΝΟΠΡΟΣΩΠΗ ΑΝΩΝ.ΒΙΟΜ.   ΕΜΠ.ΤΕΧΝ.ΕΤΑΙΡΕΙΑ (094208578),3496.8,,
920Σ4690ΒΧ-3ΟΑ,2025-04-04,ΕΝΤΑΛΜΑ ΠΛΗΡΩΜΗΣ OTIS ΕΛΛΑΣ ΜΟΝΟΠΡΟΣΩΠΗ ΑΝΩΝ.ΒΙΟΜ.   ΕΜΠ.ΤΕΧΝ.ΕΤΑΙΡΕΙΑ (094208578),094208578,OTIS ΕΛΛΑΣ ΜΟΝΟΠΡΟΣΩΠΗ ΑΝΩΝ.ΒΙΟΜ.   ΕΜΠ.ΤΕΧΝ.ΕΤΑΙΡΕΙΑ (094208578),4670.65,,
6Ν7Υ4690ΒΧ-3Λ6,2025-04-04,ΕΝΤΑΛΜΑ ΠΛΗΡΩΜΗΣ OTIS ΕΛΛΑΣ ΜΟΝΟΠΡΟΣΩΠΗ ΑΝΩΝ.ΒΙΟΜ.   ΕΜΠ.ΤΕΧΝ.ΕΤΑΙΡΕΙΑ (094208578),094208578,OTIS ΕΛΛΑΣ ΜΟΝΟΠΡΟΣΩΠΗ ΑΝΩΝ.ΒΙΟΜ.   ΕΜΠ.ΤΕΧΝ.ΕΤΑΙΡΕΙΑ (094208578),1139.5,,
9ΩΤ74690ΒΧ-Ζ4Π,2025-04-04,ΕΝΤΑΛΜΑ ΠΛΗΡΩΜΗΣ AAF-ΕΛΕΓΧΟΥ ΠΕΡΙΒΑΛ.ΜΟΝ/ΠΗ ΕΠΕ (095076540),095076540,AAF-ΕΛΕΓΧΟΥ ΠΕΡΙΒΑΛ.ΜΟΝ/ΠΗ ΕΠΕ (095076540),52.08,,
ΨΒΙΕ4690ΒΧ-Ψ1Ω,2025-04-04,ΕΝΤΑΛΜΑ ΠΛΗΡΩΜΗΣ ΚΑΤΩΠΟΔΗΣ Μ.-ΚΑΒΒΑΔΑ Ε.Ε.Π.Ε. (997917019),997917019,ΚΑΤΩΠΟΔΗΣ Μ.-ΚΑΒΒΑΔΑ Ε.Ε.Π.Ε. (997917019),810.8,,
9Ξ9Π4690ΒΧ-59Ζ,2025-04-04,ΕΝΤΑΛΜΑ ΠΛΗΡΩΜΗΣ ΚΑΤΩΠΟΔΗΣ Μ.-ΚΑΒΒΑΔΑ Ε.Ε.Π.Ε. (997917019),997917019,ΚΑΤΩΠΟΔΗΣ Μ.-ΚΑΒΒΑΔΑ Ε.Ε.Π.Ε. (997917019),682.84,,
ΨΖΓΒ4690ΒΧ-8ΡΑ,2025-04-04,ΕΝΤΑΛΜΑ ΠΛΗΡΩΜΗΣ ΚΑΤΩΠΟΔΗΣ Μ.-ΚΑΒΒΑΔΑ Ε.Ε.Π.Ε. (997917019),997917019,ΚΑΤΩΠΟΔΗΣ Μ.-ΚΑΒΒΑΔΑ Ε.Ε.Π.Ε. (997917019),1164.91,,
ΨΑΑ34690ΒΧ-2Κ7,2025-04-04,ΕΝΤΑΛΜΑ ΠΛΗΡΩΜΗΣ ΕΡΓΟΣΥΣΤΕΜΣ ΕΠΕ (095457728),095457728,ΕΡΓΟΣΥΣΤΕΜΣ ΕΠΕ (095457728),1466.1,,
ΨΛΔΙ4690ΒΧ-3ΥΓ,2025-04-04,ΕΝΤΑΛΜΑ ΠΛΗΡΩΜΗΣ ETIROLLB.ΠΑΡΑΣΧΟΣ   ΣΙΑ Ε.Ε. (099905778),099905778,ETIROLLB.ΠΑΡΑΣΧΟΣ   ΣΙΑ Ε.Ε. (099905778),146.64,,
ΨΜΘ24690ΒΧ-ΜΛ7,2025-04-04,ΕΝΤΑΛΜΑ ΠΛΗΡΩΜΗΣ ΣΥΜΕΩΝΙΔΗΣ ΒΑΣ. ΧΑΡΑΛΑΜΠΟΣ (125190308),125190308,ΣΥΜΕΩΝΙΔΗΣ ΒΑΣ. ΧΑΡΑΛΑΜΠΟΣ (125190308),121.52,,
9ΕΒ14690ΒΧ-2Θ7,2025-04-04,ΕΝΤΑΛΜΑ ΠΛΗΡΩΜΗΣ ΣΥΜΕΩΝΙΔΗΣ ΒΑΣ. ΧΑΡΑΛΑΜΠΟΣ (125190308),125190308,ΣΥΜΕΩΝΙΔΗΣ ΒΑΣ. ΧΑΡΑΛΑΜΠΟΣ (125190308),384.4,,
6ΦΖΑ4690ΒΧ-7ΕΘ,2025-04-04,ΕΝΤΑΛΜΑ ΠΛΗΡΩΜΗΣ PROFI ΤΕΧΝΙΚΟ SUPER MARKET (800326038),800326038,PROFI ΤΕΧΝΙΚΟ SUPER MARKET (800326038),155.22,,
Ψ9ΜΦ4690ΒΧ-ΓΟΞ,2025-04-04,ΕΝΤΑΛΜΑ ΠΛΗΡΩΜΗΣ Α.ΜΗΤΣΟΥΡΑ - Ε.ΣΤΑΥΡΑΚΑΣ   ΣΙΑ Ο.Ε (092052246),092052246,Α.ΜΗΤΣΟΥΡΑ - Ε.ΣΤΑΥΡΑΚΑΣ   ΣΙΑ Ο.Ε (092052246),61.01,,
ΨΡΥΖ4690ΒΧ-Ε25,2025-04-04,ΕΝΤΑΛΜΑ ΠΛΗΡΩΜΗΣ AquaMart  ΚΑΤΣΑΝΗΣ ΑΛΕΞΑΝΔΡΟΣ (066932463),066932463,AquaMart  ΚΑΤΣΑΝΗΣ ΑΛΕΞΑΝΔΡΟΣ (066932463),632.4,,
Ψ32Ρ4690ΒΧ-ΟΗ0,2025-04-04,ΕΝΤΑΛΜΑ ΠΛΗΡΩΜΗΣ ΣΤΡΑΤΗΣ ΝΙΚ.ΑΡΑΒΑΝΗΣ ΣΙΑ Ο.Ε (092053060),092053060,ΣΤΡΑΤΗΣ ΝΙΚ.ΑΡΑΒΑΝΗΣ ΣΙΑ Ο.Ε (092053060),1350.36,,
99ΤΗ4690ΒΧ-2Θ6,2025-04-04,ΕΝΤΑΛΜΑ ΠΛΗΡΩΜΗΣ ΕΞΟΠΛΙΣΤΙΚΗ ΛΕΥΚΑΔΑΣ (801720654),801720654,ΕΞΟΠΛΙΣΤΙΚΗ ΛΕΥΚΑΔΑΣ (801720654),74.4,,
ΨΣ4Δ4690ΒΧ-0Α9,2025-04-04,ΕΝΤΑΛΜΑ ΠΛΗΡΩΜΗΣ ΧΑΡΑΛΑΜΠΟΣ Σ.ΛΙΒΙΤΣΑΝΟΣ (049209027),049209027,ΧΑΡΑΛΑΜΠΟΣ Σ.ΛΙΒΙΤΣΑΝΟΣ (049209027),230.0,,
Ψ3ΨΤ4690ΒΧ-Ξ0Φ,2025-04-04,ΕΝΤΑΛΜΑ ΠΛΗΡΩΜΗΣ TYPO-CENTER ΓΕΡ.ΒΕΡΓΙΝΗΣ (028558054),028558054,TYPO-CENTER ΓΕΡ.ΒΕΡΓΙΝΗΣ (028558054),101.88,,
9ΤΟ44690ΒΧ-ΧΗ2,2025-04-01,ΕΝΤΑΛΜΑ ΠΛΗΡΩΜΗΣ Ν.ΠΡΟΚΟΣ   ΣΙΑ Ο.Ε. (999426109),999426109,Ν.ΠΡΟΚΟΣ   ΣΙΑ Ο.Ε. (999426109),3827.2,,
9ΓΙΔ4690ΒΧ-ΞΑΝ,2025-04-01,ΕΝΤΑΛΜΑ ΠΛΗΡΩΜΗΣ Ν.ΠΡΟΚΟΣ   ΣΙΑ Ο.Ε. (999426109),999426109,Ν.ΠΡΟΚΟΣ   ΣΙΑ Ο.Ε. (999426109),58.53,,
Ψ70Ω4690ΒΧ-ΡΣΙ,2025-04-01,ΕΝΤΑΛΜΑ ΠΛΗΡΩΜΗΣ Ν.ΠΡΟΚΟΣ   ΣΙΑ Ο.Ε. (999426109),999426109,Ν.ΠΡΟΚΟΣ   ΣΙΑ Ο.Ε. (999426109),89.66,,
65ΞΖ4690ΒΧ-ΦΣ9,2025-04-02,ΕΝΤΑΛΜΑ ΠΛΗΡΩΜΗΣ ΑΡΘΡΩΣΙΣ ΙΑΤΡΙΚΑ ΕΙΔΗ Α.Ε. (082899566),082899566,ΑΡΘΡΩΣΙΣ ΙΑΤΡΙΚΑ ΕΙΔΗ Α.Ε. (082899566),1325.49,,
Ψ4ΒΧ4690ΒΧ-Π73,2025-04-02,ΕΝΤΑΛΜΑ ΠΛΗΡΩΜΗΣ ΑΡΘΡΩΣΙΣ ΙΑΤΡΙΚΑ ΕΙΔΗ Α.Ε. (082899566),082899566,ΑΡΘΡΩΣΙΣ ΙΑΤΡΙΚΑ ΕΙΔΗ Α.Ε. (082899566),3390.0,,
965Ξ4690ΒΧ-Β2Α,2025-04-02,ΕΝΤΑΛΜΑ ΠΛΗΡΩΜΗΣ ΑΡΘΡΩΣΙΣ ΙΑΤΡΙΚΑ ΕΙΔΗ Α.Ε. (082899566),082899566,ΑΡΘΡΩΣΙΣ ΙΑΤΡΙΚΑ ΕΙΔΗ Α.Ε. (082899566),1403.46,,
93ΚΥ4690ΒΧ-7Κ4,2025-04-01,ΕΝΤΑΛΜΑ ΠΛΗΡΩΜΗΣ HEALTHCARE EXPERIENCE A.E ΟΛΟΚΛ.ΛΥΣ.ΙΑΤΡ. ΠΛ.ΙΑΤΡ.ΕΞ.-ΛΟΓ.  ΥΠΗΡ. (997800874),997800874,HEALTHCARE EXPERIENCE A.E ΟΛΟΚΛ.ΛΥΣ.ΙΑΤΡ. ΠΛ.ΙΑΤΡ.ΕΞ.-ΛΟΓ.  ΥΠΗΡ. (997800874),2046.0,,
612Γ4690ΒΧ-Ζ7Τ,2025-04-02,ΕΝΤΑΛΜΑ ΠΛΗΡΩΜΗΣ ΚΟΝΤΟΓΙΑΝΝΗ ΟΥΡΑΝΙΑ (301366552),301366552,ΚΟΝΤΟΓΙΑΝΝΗ ΟΥΡΑΝΙΑ (301366552),67.19,,
ΨΦ5Β4690ΒΧ-ΕΨ7,2025-04-02,ΕΝΤΑΛΜΑ ΠΛΗΡΩΜΗΣ ΚΟΝΤΟΓΙΑΝΝΗ ΟΥΡΑΝΙΑ (301366552),301366552,ΚΟΝΤΟΓΙΑΝΝΗ ΟΥΡΑΝΙΑ (301366552),4404.77,,
ΨΛΛΛ4690ΒΧ-Κ58,2025-04-02,ΕΝΤΑΛΜΑ ΠΛΗΡΩΜΗΣ ΜΠΕΝΕΖΗ ΣΟΦΙΑ ΗΛΙΑΣ (105805168),105805168,ΜΠΕΝΕΖΗ ΣΟΦΙΑ ΗΛΙΑΣ (105805168),255.03,,
ΡΡ6Β4690ΒΧ-Ψ60,2025-04-02,ΕΝΤΑΛΜΑ ΠΛΗΡΩΜΗΣ ΣΟΛ Α.Ε ΟΡΚΩΤΟΙ ΕΛΕΚΓΤΕΣ ΛΟΓΙΣ (094394659),094394659,ΣΟΛ Α.Ε ΟΡΚΩΤΟΙ ΕΛΕΚΓΤΕΣ ΛΟΓΙΣ (094394659),3596.0,,
9ΜΨΡ4690ΒΧ-Β0Ω,2025-04-02,ΕΝΤΑΛΜΑ ΠΛΗΡΩΜΗΣ SMART TECHNICAL SOLUTIONS M.IKE (800743866),800743866,SMART TECHNICAL SOLUTIONS M.IKE (800743866),1116.0,,
6ΘΨΦ4690ΒΧ-Κ66,2025-04-02,ΕΝΤΑΛΜΑ ΠΛΗΡΩΜΗΣ SMART TECHNICAL SOLUTIONS M.IKE (800743866),800743866,SMART TECHNICAL SOLUTIONS M.IKE (800743866),585.9,,
Ψ6ΒΝ4690ΒΧ-ΖΚΩ,2025-04-02,ΕΝΤΑΛΜΑ ΠΛΗΡΩΜΗΣ ΙΝΤΕΡΣΑΛΟΝΙΚΑ (094450059),094450059,ΙΝΤΕΡΣΑΛΟΝΙΚΑ (094450059),337.0,,
91Ε94690ΒΧ-Ω3Υ,2025-04-01,ΕΝΤΑΛΜΑ ΠΛΗΡΩΜΗΣ ΠΗΝΕΛΟΠΗ Δ.ΚΥΡΚΟΥ (066483339),066483339,ΠΗΝΕΛΟΠΗ Δ.ΚΥΡΚΟΥ (066483339),1899.8,,
62Ξ54690ΒΧ-Ι1Κ,2025-04-01,ΕΝΤΑΛΜΑ ΠΛΗΡΩΜΗΣ ΠΑΝΕΠΙΣΤΗΜΙΟ ΠΑΤΡΩΝ ΕΛΚΕ (998219694),998219694,ΠΑΝΕΠΙΣΤΗΜΙΟ ΠΑΤΡΩΝ ΕΛΚΕ (998219694),3685.28,,
9ΨΞ54690ΒΧ-ΑΑ8,2025-04-01,ΕΝΤΑΛΜΑ ΠΛΗΡΩΜΗΣ ΡΟΝΤΟΓΙΑΝΝΗΣ ΝΙΚΟΛΑΟΣ (301370400),301370400,ΡΟΝΤΟΓΙΑΝΝΗΣ ΝΙΚΟΛΑΟΣ (301370400),1091.2,,
ΨΕΚΧ4690ΒΧ-ΚΓΟ,2025-04-01,ΕΝΤΑΛΜΑ ΠΛΗΡΩΜΗΣ PYROLEFKAS IKE (802407080),802407080,PYROLEFKAS IKE (802407080),3022.5,,
9ΔΒΔ4690ΒΧ-ΧΚΜ,2025-04-01,ΕΝΤΑΛΜΑ ΠΛΗΡΩΜΗΣ Γ.ΣΑΜΑΡΑΣ ΑΒΕΕ (094373861),094373861,Γ.ΣΑΜΑΡΑΣ ΑΒΕΕ (094373861),446.4,,
ΨΚΜ24690ΒΧ-ΞΕΜ,2025-04-01,ΕΝΤΑΛΜΑ ΠΛΗΡΩΜΗΣ Γ.ΣΑΜΑΡΑΣ ΑΒΕΕ (094373861),094373861,Γ.ΣΑΜΑΡΑΣ ΑΒΕΕ (094373861),62.0,,
945Υ4690ΒΧ-Χ7Δ,2025-04-01,ΕΝΤΑΛΜΑ ΠΛΗΡΩΜΗΣ Γ.ΣΑΜΑΡΑΣ ΑΒΕΕ (094373861),094373861,Γ.ΣΑΜΑΡΑΣ ΑΒΕΕ (094373861),1054.0,,
94ΨΞ4690ΒΧ-ΟΛ6,2025-04-01,ΕΝΤΑΛΜΑ ΠΛΗΡΩΜΗΣ Γ.ΣΑΜΑΡΑΣ ΑΒΕΕ (094373861),094373861,Γ.ΣΑΜΑΡΑΣ ΑΒΕΕ (094373861),5642.0,,
9Α9Μ4690ΒΧ-ΓΟΘ,2025-04-01,ΕΝΤΑΛΜΑ ΠΛΗΡΩΜΗΣ  EPIRUS GAS ΓΕΩΡΓΙΟΣ ΨΟΧΙΟΣ   ΥΙΟΣ Ο.Ε (997861308),997861308,EPIRUS GAS ΓΕΩΡΓΙΟΣ ΨΟΧΙΟΣ   ΥΙΟΣ Ο.Ε (997861308),1417.32,,
ΨΥΙΥ4690ΒΧ-ΘΔΞ,2025-04-01,ΕΝΤΑΛΜΑ ΠΛΗΡΩΜΗΣ ΘΕΟΧΑΡΗΣ ΚΩΝΣΤΑΝΤΙΝΟΣ (074168641),074168641,ΘΕΟΧΑΡΗΣ ΚΩΝΣΤΑΝΤΙΝΟΣ (074168641),90.52,,
ΨΟΛΔ4690ΒΧ-ΧΥ0,2025-04-01,ΕΝΤΑΛΜΑ ΠΛΗΡΩΜΗΣ ΘΕΟΧΑΡΗΣ ΚΩΝΣΤΑΝΤΙΝΟΣ (074168641),074168641,ΘΕΟΧΑΡΗΣ ΚΩΝΣΤΑΝΤΙΝΟΣ (074168641),1334.08,,
63ΦΚ4690ΒΧ-ΘΨΥ,2025-04-01,ΕΝΤΑΛΜΑ ΠΛΗΡΩΜΗΣ Αρτοποιείο ΚΑΛΟΣ-ΚΑΛΟΥ ΑΝΘΟΥΛΑ (041436383),041436383,Αρτοποιείο ΚΑΛΟΣ-ΚΑΛΟΥ ΑΝΘΟΥΛΑ (041436383),124.3,,
681Υ4690ΒΧ-8Ξ0,2025-04-01,ΕΝΤΑΛΜΑ ΠΛΗΡΩΜΗΣ Rain bow waters (099328240),099328240,Rain bow waters (099328240),68.59,,
ΨΤ3Δ4690ΒΧ-ΡΨΧ,2025-04-01,ΕΝΤΑΛΜΑ ΠΛΗΡΩΜΗΣ ΓΕΡΟΛΥΜΑΤΟΣ INTERNATIONAL Α.Ε.Β.Ε. (094105111),094105111,ΓΕΡΟΛΥΜΑΤΟΣ INTERNATIONAL Α.Ε.Β.Ε. (094105111),140.42,,
60ΓΠ4690ΒΧ-2ΒΤ,2025-04-01,ΕΝΤΑΛΜΑ ΠΛΗΡΩΜΗΣ ELEKTRA HELLAS A.E. (094055164),094055164,ELEKTRA HELLAS A.E. (094055164),1736.0,,
ΨΝΩΤ4690ΒΧ-ΨΙΛ,2025-04-01,ΕΝΤΑΛΜΑ ΠΛΗΡΩΜΗΣ Α. ΝΙΚΟΛΑΚΟΠΟΥΛΟΣ Α.Ε (094476512),094476512,Α. ΝΙΚΟΛΑΚΟΠΟΥΛΟΣ Α.Ε (094476512),201.8,,
ΨΩΣΟ4690ΒΧ-Χ5Θ,2025-03-10,ΕΝΤΑΛΜΑ ΠΛΗΡΩΜΗΣ ΕΛΛΗΝΙΚΑ ΚΑΥΣΙΜΑ ΟΡΥΚΤΕΛΑΙΑ ΜΟΝΟΠΡ.ΑΝΩΝ.ΒΙΟΜΗΧ.  ΕΜΠΟΡ.ΕΤΑΙΡΕΙΑ (094010146),094010146,ΕΛΛΗΝΙΚΑ ΚΑΥΣΙΜΑ ΟΡΥΚΤΕΛΑΙΑ ΜΟΝΟΠΡ.ΑΝΩΝ.ΒΙΟΜΗΧ.  ΕΜΠΟΡ.ΕΤΑΙΡΕΙΑ (094010146),47447.97,,
6ΣΕΞ4690ΒΧ-9Ξ7,2025-03-10,ΕΝΤΑΛΜΑ ΠΛΗΡΩΜΗΣ ΓΡΑΨΑΣ Δ. ΞΕΝΟΦΩΝ (048114330),048114330,ΓΡΑΨΑΣ Δ. ΞΕΝΟΦΩΝ (048114330),1240.0,,
98Ν84690ΒΧ-Φ7Β,2025-03-10,ΕΝΤΑΛΜΑ ΠΛΗΡΩΜΗΣ ALLMED E.E. (997564511),997564511,ALLMED E.E. (997564511),8995.54,,
ΨΦ5Ν4690ΒΧ-Τ5Λ,2025-03-10,ΕΝΤΑΛΜΑ ΠΛΗΡΩΜΗΣ ALLMED E.E. (997564511),997564511,ALLMED E.E. (997564511),6204.3,,
9ΠΘΧ4690ΒΧ-ΝΞΜ,2025-03-10,ΕΝΤΑΛΜΑ ΠΛΗΡΩΜΗΣ ALLMED E.E. (997564511),997564511,ALLMED E.E. (997564511),2021.51,,
ΨΦΣΦ4690ΒΧ-ΜΟ6,2025-03-10,ΕΝΤΑΛΜΑ ΠΛΗΡΩΜΗΣ ALLMED E.E. (997564511),997564511,ALLMED E.E. (997564511),3604.3,,
6ΧΕΞ4690ΒΧ-6ΑΗ,2025-03-10,ΕΝΤΑΛΜΑ ΠΛΗΡΩΜΗΣ ΚΑΡΒΕΛΗ Β. ΚΑΤΕΡΙΝΑ (078484849),078484849,ΚΑΡΒΕΛΗ Β. ΚΑΤΕΡΙΝΑ (078484849),3720.0,,
ΨΥ454690ΒΧ-1ΓΛ,2025-03-07,ΕΝΤΑΛΜΑ ΠΛΗΡΩΜΗΣ ΔΙΑSYS A.E (998936634),998936634,ΔΙΑSYS A.E (998936634),1860.0,,
Ψ4ΛΙ4690ΒΧ-Ο2Υ,2025-03-07,ΕΝΤΑΛΜΑ ΠΛΗΡΩΜΗΣ ΔΙΑSYS A.E (998936634),998936634,ΔΙΑSYS A.E (998936634),1488.0,,
9ΘΦΩ4690ΒΧ-1Ν9,2025-03-07,ΕΝΤΑΛΜΑ ΠΛΗΡΩΜΗΣ ΟΔΟΝΤΟΠΡΟΜΗΘΕΥΤΙΚΗ ΓΕΩΡΓΑΚΑΣ ΚΩΝΣΤΑΝΤΙΝΟΣ (062216690),062216690,ΟΔΟΝΤΟΠΡΟΜΗΘΕΥΤΙΚΗ ΓΕΩΡΓΑΚΑΣ ΚΩΝΣΤΑΝΤΙΝΟΣ (062216690),297.6,,
ΨΕΗΦ4690ΒΧ-3ΗΥ,2025-03-07,ΕΝΤΑΛΜΑ ΠΛΗΡΩΜΗΣ ΚΑΛΤΕΚ ΜΟΝΟΠΡΟΣΩΠΗ Α.Ε. (999307110),999307110,ΚΑΛΤΕΚ ΜΟΝΟΠΡΟΣΩΠΗ Α.Ε. (999307110),440.7,,
9ΞΔΕ4690ΒΧ-8ΟΓ,2025-03-07,ΕΝΤΑΛΜΑ ΠΛΗΡΩΜΗΣ ΚΑΛΤΕΚ ΜΟΝΟΠΡΟΣΩΠΗ Α.Ε. (999307110),999307110,ΚΑΛΤΕΚ ΜΟΝΟΠΡΟΣΩΠΗ Α.Ε. (999307110),4102.58,,
ΨΕ0Λ4690ΒΧ-5ΗΔ,2025-03-07,ΕΝΤΑΛΜΑ ΠΛΗΡΩΜΗΣ ΚΑΛΤΕΚ ΜΟΝΟΠΡΟΣΩΠΗ Α.Ε. (999307110),999307110,ΚΑΛΤΕΚ ΜΟΝΟΠΡΟΣΩΠΗ Α.Ε. (999307110),4034.78,,
9ΥΥΥ4690ΒΧ-Ι5Σ,2025-03-07,ΕΝΤΑΛΜΑ ΠΛΗΡΩΜΗΣ ΚΑΛΤΕΚ ΜΟΝΟΠΡΟΣΩΠΗ Α.Ε. (999307110),999307110,ΚΑΛΤΕΚ ΜΟΝΟΠΡΟΣΩΠΗ Α.Ε. (999307110),4102.58,,
9Κ5Γ4690ΒΧ-ΖΣΔ,2025-03-07,ΕΝΤΑΛΜΑ ΠΛΗΡΩΜΗΣ ΚΑΛΤΕΚ ΜΟΝΟΠΡΟΣΩΠΗ Α.Ε. (999307110),999307110,ΚΑΛΤΕΚ ΜΟΝΟΠΡΟΣΩΠΗ Α.Ε. (999307110),4295.18,,
ΡΤΘΛ4690ΒΧ-ΩΨΩ,2025-03-07,ΕΝΤΑΛΜΑ ΠΛΗΡΩΜΗΣ ΚΑΛΤΕΚ ΜΟΝΟΠΡΟΣΩΠΗ Α.Ε. (999307110),999307110,ΚΑΛΤΕΚ ΜΟΝΟΠΡΟΣΩΠΗ Α.Ε. (999307110),3445.31,,
ΡΞ604690ΒΧ-Β3Ψ,2025-03-07,ΕΝΤΑΛΜΑ ΠΛΗΡΩΜΗΣ ΚΑΛΤΕΚ ΜΟΝΟΠΡΟΣΩΠΗ Α.Ε. (999307110),999307110,ΚΑΛΤΕΚ ΜΟΝΟΠΡΟΣΩΠΗ Α.Ε. (999307110),4067.2,,
6Γ324690ΒΧ-ΕΨΕ,2025-03-07,ΕΝΤΑΛΜΑ ΠΛΗΡΩΜΗΣ ΚΑΛΤΕΚ ΜΟΝΟΠΡΟΣΩΠΗ Α.Ε. (999307110),999307110,ΚΑΛΤΕΚ ΜΟΝΟΠΡΟΣΩΠΗ Α.Ε. (999307110),4067.2,,
9ΡΟΨ4690ΒΧ-ΥΨΑ,2025-03-07,ΕΝΤΑΛΜΑ ΠΛΗΡΩΜΗΣ ΚΑΛΤΕΚ ΜΟΝΟΠΡΟΣΩΠΗ Α.Ε. (999307110),999307110,ΚΑΛΤΕΚ ΜΟΝΟΠΡΟΣΩΠΗ Α.Ε. (999307110),725.4,,
ΡΠΩΡ4690ΒΧ-ΓΒΑ,2025-03-07,ΕΝΤΑΛΜΑ ΠΛΗΡΩΜΗΣ ΚΑΛΤΕΚ ΜΟΝΟΠΡΟΣΩΠΗ Α.Ε. (999307110),999307110,ΚΑΛΤΕΚ ΜΟΝΟΠΡΟΣΩΠΗ Α.Ε. (999307110),1468.52,,
6Μ7Ξ4690ΒΧ-Η4Τ,2025-03-07,ΕΝΤΑΛΜΑ ΠΛΗΡΩΜΗΣ LS.MED M. Ε.Π.Ε (800862068),800862068,LS.MED M. Ε.Π.Ε (800862068),1090.22,,
92Μ14690ΒΧ-Ψ77,2025-03-07,ΕΝΤΑΛΜΑ ΠΛΗΡΩΜΗΣ LS.MED M. Ε.Π.Ε (800862068),800862068,LS.MED M. Ε.Π.Ε (800862068),3313.17,,
Ρ4Μ74690ΒΧ-Ι47,2025-03-07,ΕΝΤΑΛΜΑ ΠΛΗΡΩΜΗΣ LS.MED M. Ε.Π.Ε (800862068),800862068,LS.MED M. Ε.Π.Ε (800862068),2410.96,,
60ΨΒ4690ΒΧ-ΝΘ0,2025-03-10,ΕΝΤΑΛΜΑ ΠΛΗΡΩΜΗΣ ΟΡΑΜΑ Α.Ε. (999873782),999873782,ΟΡΑΜΑ Α.Ε. (999873782),440.7,,
9ΚΤΒ4690ΒΧ-Ι6Θ,2025-03-10,ΕΝΤΑΛΜΑ ΠΛΗΡΩΜΗΣ ΟΡΑΜΑ Α.Ε. (999873782),999873782,ΟΡΑΜΑ Α.Ε. (999873782),1175.2,,
9ΥΙΛ4690ΒΧ-ΔΝ6,2025-03-10,ΕΝΤΑΛΜΑ ΠΛΗΡΩΜΗΣ MAZ MEDICAL ΣΠΥΡΟΣ ΜΑΖΙΑΝΗΣ   ΣΙΑ ΕΕ (998547179),998547179,MAZ MEDICAL ΣΠΥΡΟΣ ΜΑΖΙΑΝΗΣ   ΣΙΑ ΕΕ (998547179),496.0,,
6ΜΓ74690ΒΧ-ΗΥΘ,2025-03-10,ΕΝΤΑΛΜΑ ΠΛΗΡΩΜΗΣ MAZ MEDICAL ΣΠΥΡΟΣ ΜΑΖΙΑΝΗΣ   ΣΙΑ ΕΕ (998547179),998547179,MAZ MEDICAL ΣΠΥΡΟΣ ΜΑΖΙΑΝΗΣ   ΣΙΑ ΕΕ (998547179),4846.54,,
ΨΩ524690ΒΧ-Φ12,2025-03-10,ΕΝΤΑΛΜΑ ΠΛΗΡΩΜΗΣ MAZ MEDICAL ΣΠΥΡΟΣ ΜΑΖΙΑΝΗΣ   ΣΙΑ ΕΕ (998547179),998547179,MAZ MEDICAL ΣΠΥΡΟΣ ΜΑΖΙΑΝΗΣ   ΣΙΑ ΕΕ (998547179),3571.2,,
ΨΥΞΑ4690ΒΧ-Ψ6Φ,2025-03-10,ΕΝΤΑΛΜΑ ΠΛΗΡΩΜΗΣ Κωστας Α.Παπαέλληνας(ΕλλάςΑΕΒΕ) (094075360),094075360,Κωστας Α.Παπαέλληνας(ΕλλάςΑΕΒΕ) (094075360),1387.55,,
9Δ9Η4690ΒΧ-ΓΝ8,2025-03-10,ΕΝΤΑΛΜΑ ΠΛΗΡΩΜΗΣ Κωστας Α.Παπαέλληνας(ΕλλάςΑΕΒΕ) (094075360),094075360,Κωστας Α.Παπαέλληνας(ΕλλάςΑΕΒΕ) (094075360),1507.97,,
96ΣΙ4690ΒΧ-ΦΟΟ,2025-03-10,ΕΝΤΑΛΜΑ ΠΛΗΡΩΜΗΣ Κωστας Α.Παπαέλληνας(ΕλλάςΑΕΒΕ) (094075360),094075360,Κωστας Α.Παπαέλληνας(ΕλλάςΑΕΒΕ) (094075360),322.05,,
6ΖΞ84690ΒΧ-ΑΔΝ,2025-03-10,ΕΝΤΑΛΜΑ ΠΛΗΡΩΜΗΣ Κωστας Α.Παπαέλληνας(ΕλλάςΑΕΒΕ) (094075360),094075360,Κωστας Α.Παπαέλληνας(ΕλλάςΑΕΒΕ) (094075360),187.43,,
ΨΖΥ14690ΒΧ-ΕΚΗ,2025-03-07,ΕΝΤΑΛΜΑ ΠΛΗΡΩΜΗΣ Y-LOGIMED  Μ.Α.Ε (094446034),094446034,Y-LOGIMED  Μ.Α.Ε (094446034),427.8,,
9ΝΟ74690ΒΧ-ΔΚΞ,2025-03-07,ΕΝΤΑΛΜΑ ΠΛΗΡΩΜΗΣ Y-LOGIMED  Μ.Α.Ε (094446034),094446034,Y-LOGIMED  Μ.Α.Ε (094446034),1171.8,,
Ρ4ΞΜ4690ΒΧ-ΚΔ3,2025-03-10,ΕΝΤΑΛΜΑ ΠΛΗΡΩΜΗΣ SYN INN LAB (800537801),800537801,SYN INN LAB (800537801),439.69,,
9Σ6Π4690ΒΧ-ΜΜΥ,2025-03-10,ΕΝΤΑΛΜΑ ΠΛΗΡΩΜΗΣ NOVALIS VITA E.E. (800951169),800951169,NOVALIS VITA E.E. (800951169),169.5,,
9ΗΕΧ4690ΒΧ-ΞΨΦ,2025-03-10,ΕΝΤΑΛΜΑ ΠΛΗΡΩΜΗΣ NOVALIS VITA E.E. (800951169),800951169,NOVALIS VITA E.E. (800951169),113.0,,
ΨΒΝΘ4690ΒΧ-ΨΞΕ,2025-03-10,ΕΝΤΑΛΜΑ ΠΛΗΡΩΜΗΣ ALLMED E.E. (997564511),997564511,ALLMED E.E. (997564511),5584.3,,
6ΑΘΒ4690ΒΧ-ΞΚΞ,2025-03-10,ΕΝΤΑΛΜΑ ΠΛΗΡΩΜΗΣ ALLMED E.E. (997564511),997564511,ALLMED E.E. (997564511),1159.38,,
Ψ4Χ64690ΒΧ-43Ο,2025-03-10,ΕΝΤΑΛΜΑ ΠΛΗΡΩΜΗΣ ALLMED E.E. (997564511),997564511,ALLMED E.E. (997564511),6590.76,,
92Χ54690ΒΧ-0ΑΜ,2025-03-10,ΕΝΤΑΛΜΑ ΠΛΗΡΩΜΗΣ ALLMED E.E. (997564511),997564511,ALLMED E.E. (997564511),3501.5,,
6Α3Μ4690ΒΧ-ΡΛΖ,2025-03-10,ΕΝΤΑΛΜΑ ΠΛΗΡΩΜΗΣ ALLMED E.E. (997564511),997564511,ALLMED E.E. (997564511),5431.97,,
61ΛΞ4690ΒΧ-9ΧΟ,2025-03-07,ΕΝΤΑΛΜΑ ΠΛΗΡΩΜΗΣ Johnson   Johnson Medical Greece Μονοπρόσωπη Α.Ε. (801858262),801858262,Johnson   Johnson Medical Greece Μονοπρόσωπη Α.Ε. (801858262),3385.2,,
ΨΚΒ04690ΒΧ-Μ4Λ,2025-03-07,ΕΝΤΑΛΜΑ ΠΛΗΡΩΜΗΣ Johnson   Johnson Medical Greece Μονοπρόσωπη Α.Ε. (801858262),801858262,Johnson   Johnson Medical Greece Μονοπρόσωπη Α.Ε. (801858262),3164.7,,
ΨΘΠΦ4690ΒΧ-ΝΕΓ,2025-03-07,ΕΝΤΑΛΜΑ ΠΛΗΡΩΜΗΣ Johnson   Johnson Medical Greece Μονοπρόσωπη Α.Ε. (801858262),801858262,Johnson   Johnson Medical Greece Μονοπρόσωπη Α.Ε. (801858262),1339.2,,
9ΜΟ14690ΒΧ-9ΞΠ,2025-03-07,ΕΝΤΑΛΜΑ ΠΛΗΡΩΜΗΣ Johnson   Johnson Medical Greece Μονοπρόσωπη Α.Ε. (801858262),801858262,Johnson   Johnson Medical Greece Μονοπρόσωπη Α.Ε. (801858262),3620.8,,
9ΚΟΤ4690ΒΧ-6ΤΗ,2025-03-07,ΕΝΤΑΛΜΑ ΠΛΗΡΩΜΗΣ Johnson   Johnson Medical Greece Μονοπρόσωπη Α.Ε. (801858262),801858262,Johnson   Johnson Medical Greece Μονοπρόσωπη Α.Ε. (801858262),8148.06,,
Ψ87Ζ4690ΒΧ-ΠΩΘ,2025-03-07,ΕΝΤΑΛΜΑ ΠΛΗΡΩΜΗΣ Johnson   Johnson Medical Greece Μονοπρόσωπη Α.Ε. (801858262),801858262,Johnson   Johnson Medical Greece Μονοπρόσωπη Α.Ε. (801858262),5654.4,,
ΨΓΠΥ4690ΒΧ-4ΙΜ,2025-03-07,ΕΝΤΑΛΜΑ ΠΛΗΡΩΜΗΣ ΙΑΤΡΙΚΑ ΒΟΗΘΗΜΑΤΑ Ι.Κ.Ε (999815729),999815729,ΙΑΤΡΙΚΑ ΒΟΗΘΗΜΑΤΑ Ι.Κ.Ε (999815729),855.6,,
9ΣΘΤ4690ΒΧ-ΓΦ7,2025-03-07,ΕΝΤΑΛΜΑ ΠΛΗΡΩΜΗΣ ΙΑΤΡΙΚΑ ΒΟΗΘΗΜΑΤΑ Ι.Κ.Ε (999815729),999815729,ΙΑΤΡΙΚΑ ΒΟΗΘΗΜΑΤΑ Ι.Κ.Ε (999815729),213.07,,
6ΑΨΕ4690ΒΧ-ΨΗΜ,2025-03-07,ΕΝΤΑΛΜΑ ΠΛΗΡΩΜΗΣ ΑΝΑΣΤΑΣΙΟΣ ΔΙΓΚΑΣ Ι.Κ.Ε. (997826122),997826122,ΑΝΑΣΤΑΣΙΟΣ ΔΙΓΚΑΣ Ι.Κ.Ε. (997826122),575.73,,
ΨΠΧΓ4690ΒΧ-Ψ1Β,2025-03-07,ΕΝΤΑΛΜΑ ΠΛΗΡΩΜΗΣ ΑΝΑΣΤΑΣΙΟΣ ΔΙΓΚΑΣ Ι.Κ.Ε. (997826122),997826122,ΑΝΑΣΤΑΣΙΟΣ ΔΙΓΚΑΣ Ι.Κ.Ε. (997826122),838.6,,
9ΒΔ14690ΒΧ-3Β2,2025-03-07,ΕΝΤΑΛΜΑ ΠΛΗΡΩΜΗΣ Health and Iasis Medical Products (800572342),800572342,Health and Iasis Medical Products (800572342),3858.71,,
6ΣΘΥ4690ΒΧ-ΑΙ0,2025-03-07,ΕΝΤΑΛΜΑ ΠΛΗΡΩΜΗΣ Health and Iasis Medical Products (800572342),800572342,Health and Iasis Medical Products (800572342),2606.68,,
Ψ3ΑΦ4690ΒΧ-85Π,2025-03-07,ΕΝΤΑΛΜΑ ΠΛΗΡΩΜΗΣ Health and Iasis Medical Products (800572342),800572342,Health and Iasis Medical Products (800572342),4509.37,,
ΨΚΛΦ4690ΒΧ-Β4Ψ,2025-03-07,ΕΝΤΑΛΜΑ ΠΛΗΡΩΜΗΣ Health and Iasis Medical Products (800572342),800572342,Health and Iasis Medical Products (800572342),3579.07,,
90ΑΘ4690ΒΧ-ΖΑΛ,2025-03-07,ΕΝΤΑΛΜΑ ΠΛΗΡΩΜΗΣ BIOGENESYS IKE (099805952),099805952,BIOGENESYS IKE (099805952),2575.27,,
Ρ1ΠΑ4690ΒΧ-ΥΦΞ,2025-03-07,ΕΝΤΑΛΜΑ ΠΛΗΡΩΜΗΣ BIOGENESYS IKE (099805952),099805952,BIOGENESYS IKE (099805952),2575.27,,
ΡΩΗΝ4690ΒΧ-ΨΔΘ,2025-03-07,ΕΝΤΑΛΜΑ ΠΛΗΡΩΜΗΣ BIOGENESYS IKE (099805952),099805952,BIOGENESYS IKE (099805952),2575.27,,
ΨΟΑ14690ΒΧ-ΧΘΑ,2025-03-07,ΕΝΤΑΛΜΑ ΠΛΗΡΩΜΗΣ BIOGENESYS IKE (099805952),099805952,BIOGENESYS IKE (099805952),2575.27,,
9ΛΥ14690ΒΧ-34Μ,2025-03-07,ΕΝΤΑΛΜΑ ΠΛΗΡΩΜΗΣ BIOGENESYS IKE (099805952),099805952,BIOGENESYS IKE (099805952),2575.27,,
ΨΨΞΧ4690ΒΧ-0ΛΩ,2025-03-07,ΕΝΤΑΛΜΑ ΠΛΗΡΩΜΗΣ BIOGENESYS IKE (099805952),099805952,BIOGENESYS IKE (099805952),2575.27,,
9ΚΟ14690ΒΧ-ΚΘΜ,2025-03-07,ΕΝΤΑΛΜΑ ΠΛΗΡΩΜΗΣ BIOGENESYS IKE (099805952),099805952,BIOGENESYS IKE (099805952),2575.27,,
Ψ4ΞΔ4690ΒΧ-1ΦΕ,2025-03-07,ΕΝΤΑΛΜΑ ΠΛΗΡΩΜΗΣ BIOGENESYS IKE (099805952),099805952,BIOGENESYS IKE (099805952),2575.27,,
6ΚΖΩ4690ΒΧ-Σ6Η,2025-03-07,ΕΝΤΑΛΜΑ ΠΛΗΡΩΜΗΣ BIOGENESYS IKE (099805952),099805952,BIOGENESYS IKE (099805952),4135.8,,
9ΘΧΘ4690ΒΧ-ΑΦΗ,2025-03-10,ΕΝΤΑΛΜΑ ΠΛΗΡΩΜΗΣ ΕΛΛΗΝΙΚΑ ΚΑΥΣΙΜΑ ΟΡΥΚΤΕΛΑΙΑ ΜΟΝΟΠΡ.ΑΝΩΝ.ΒΙΟΜΗΧ.  ΕΜΠΟΡ.ΕΤΑΙΡΕΙΑ (094010146),094010146,ΕΛΛΗΝΙΚΑ ΚΑΥΣΙΜΑ ΟΡΥΚΤΕΛΑΙΑ ΜΟΝΟΠΡ.ΑΝΩΝ.ΒΙΟΜΗΧ.  ΕΜΠΟΡ.ΕΤΑΙΡΕΙΑ (094010146),42172.19,,
ΡΕΠΚ4690ΒΧ-ΡΛ9,2025-03-10,ΕΝΤΑΛΜΑ ΠΛΗΡΩΜΗΣ ΕΛΛΗΝΙΚΟΣ ΧΑΛΚΟΣ ΙΚΕ (801396200),801396200,ΕΛΛΗΝΙΚΟΣ ΧΑΛΚΟΣ ΙΚΕ (801396200),1991.95,,
ΡΨ264690ΒΧ-Ν5Λ,2025-03-10,ΕΝΤΑΛΜΑ ΠΛΗΡΩΜΗΣ ΣΕΪΤΗΣ ΘΕΟΔΩΡΟΣ ΚΩΣΝΤΑΝΤΙΝΟΣ (145631367),145631367,ΣΕΪΤΗΣ ΘΕΟΔΩΡΟΣ ΚΩΣΝΤΑΝΤΙΝΟΣ (145631367),1700.0,,
91Ψ94690ΒΧ-Ο19,2025-03-10,ΕΝΤΑΛΜΑ ΠΛΗΡΩΜΗΣ ΚΟΨΙΔΑΣ ΒΑΣΙΛΕΙΟΣ (049322976),049322976,ΚΟΨΙΔΑΣ ΒΑΣΙΛΕΙΟΣ (049322976),992.0,,
Ψ2ΛΘ4690ΒΧ-ΚΟΩ,2025-03-06,ΕΝΤΑΛΜΑ ΠΛΗΡΩΜΗΣ Trauma Care Μονοπρόσωπη ΕΠΕ (800811818),800811818,Trauma Care Μονοπρόσωπη ΕΠΕ (800811818),1958.63,,
9ΟΚΔ4690ΒΧ-Ο3Θ,2025-03-06,ΕΝΤΑΛΜΑ ΠΛΗΡΩΜΗΣ Trauma Care Μονοπρόσωπη ΕΠΕ (800811818),800811818,Trauma Care Μονοπρόσωπη ΕΠΕ (800811818),3622.53,,
ΡΨΞΟ4690ΒΧ-ΘΔ7,2025-03-06,ΕΝΤΑΛΜΑ ΠΛΗΡΩΜΗΣ Trauma Care Μονοπρόσωπη ΕΠΕ (800811818),800811818,Trauma Care Μονοπρόσωπη ΕΠΕ (800811818),4998.12,,
Ρ6ΝΔ4690ΒΧ-ΧΗ5,2025-03-06,ΕΝΤΑΛΜΑ ΠΛΗΡΩΜΗΣ Trauma Care Μονοπρόσωπη ΕΠΕ (800811818),800811818,Trauma Care Μονοπρόσωπη ΕΠΕ (800811818),4293.92,,
ΨΨΡΥ4690ΒΧ-62Θ,2025-03-06,ΕΝΤΑΛΜΑ ΠΛΗΡΩΜΗΣ Trauma Care Μονοπρόσωπη ΕΠΕ (800811818),800811818,Trauma Care Μονοπρόσωπη ΕΠΕ (800811818),4908.17,,
9ΗΓ14690ΒΧ-ΧΚΤ,2025-03-06,ΕΝΤΑΛΜΑ ΠΛΗΡΩΜΗΣ Trauma Care Μονοπρόσωπη ΕΠΕ (800811818),800811818,Trauma Care Μονοπρόσωπη ΕΠΕ (800811818),3821.44,,
6ΚΤΥ4690ΒΧ-ΙΩ1,2025-03-06,ΕΝΤΑΛΜΑ ΠΛΗΡΩΜΗΣ Trauma Care Μονοπρόσωπη ΕΠΕ (800811818),800811818,Trauma Care Μονοπρόσωπη ΕΠΕ (800811818),111.09,,
ΨΔΗ84690ΒΧ-ΥΕΨ,2025-03-06,ΕΝΤΑΛΜΑ ΠΛΗΡΩΜΗΣ Trauma Care Μονοπρόσωπη ΕΠΕ (800811818),800811818,Trauma Care Μονοπρόσωπη ΕΠΕ (800811818),4108.83,,
ΨΟ994690ΒΧ-ΕΕΜ,2025-03-06,ΕΝΤΑΛΜΑ ΠΛΗΡΩΜΗΣ Trauma Care Μονοπρόσωπη ΕΠΕ (800811818),800811818,Trauma Care Μονοπρόσωπη ΕΠΕ (800811818),4790.76,,
9ΓΧ94690ΒΧ-Ο94,2025-03-06,ΕΝΤΑΛΜΑ ΠΛΗΡΩΜΗΣ INSIDE ΙΑΤΡΙΚΕΣ ΤΕΧΝΟΛΟΓΙΕΣ ΜΟΝΟΠΡΟΣΩΠΗ Ι.Κ.Ε. (800777790),800777790,INSIDE ΙΑΤΡΙΚΕΣ ΤΕΧΝΟΛΟΓΙΕΣ ΜΟΝΟΠΡΟΣΩΠΗ Ι.Κ.Ε. (800777790),1232.56,,
ΨΖΞ74690ΒΧ-Α5Ω,2025-03-06,ΕΝΤΑΛΜΑ ΠΛΗΡΩΜΗΣ INSIDE ΙΑΤΡΙΚΕΣ ΤΕΧΝΟΛΟΓΙΕΣ ΜΟΝΟΠΡΟΣΩΠΗ Ι.Κ.Ε. (800777790),800777790,INSIDE ΙΑΤΡΙΚΕΣ ΤΕΧΝΟΛΟΓΙΕΣ ΜΟΝΟΠΡΟΣΩΠΗ Ι.Κ.Ε. (800777790),1598.83,,
Ρ41Η4690ΒΧ-Ω2Φ,2025-03-06,ΕΝΤΑΛΜΑ ΠΛΗΡΩΜΗΣ INSIDE ΙΑΤΡΙΚΕΣ ΤΕΧΝΟΛΟΓΙΕΣ ΜΟΝΟΠΡΟΣΩΠΗ Ι.Κ.Ε. (800777790),800777790,INSIDE ΙΑΤΡΙΚΕΣ ΤΕΧΝΟΛΟΓΙΕΣ ΜΟΝΟΠΡΟΣΩΠΗ Ι.Κ.Ε. (800777790),593.09,,
9ΔΠΚ4690ΒΧ-Τ5Α,2025-03-06,ΕΝΤΑΛΜΑ ΠΛΗΡΩΜΗΣ INSIDE ΙΑΤΡΙΚΕΣ ΤΕΧΝΟΛΟΓΙΕΣ ΜΟΝΟΠΡΟΣΩΠΗ Ι.Κ.Ε. (800777790),800777790,INSIDE ΙΑΤΡΙΚΕΣ ΤΕΧΝΟΛΟΓΙΕΣ ΜΟΝΟΠΡΟΣΩΠΗ Ι.Κ.Ε. (800777790),874.93,,
9ΥΔΝ4690ΒΧ-ΨΡ3,2025-03-06,ΕΝΤΑΛΜΑ ΠΛΗΡΩΜΗΣ INSIDE ΙΑΤΡΙΚΕΣ ΤΕΧΝΟΛΟΓΙΕΣ ΜΟΝΟΠΡΟΣΩΠΗ Ι.Κ.Ε. (800777790),800777790,INSIDE ΙΑΤΡΙΚΕΣ ΤΕΧΝΟΛΟΓΙΕΣ ΜΟΝΟΠΡΟΣΩΠΗ Ι.Κ.Ε. (800777790),1518.37,,
6Φ6Η4690ΒΧ-ΗΨΣ,2025-03-06,ΕΝΤΑΛΜΑ ΠΛΗΡΩΜΗΣ BUSE GAS A.E (997598041),997598041,BUSE GAS A.E (997598041),4259.4,,
Ρ79Σ4690ΒΧ-Ψ4Γ,2025-02-27,ΕΝΤΑΛΜΑ ΠΛΗΡΩΜΗΣ ΕΛΛΗΝΙΚΟΣ ΧΑΛΚΟΣ ΙΚΕ (801396200),801396200,ΕΛΛΗΝΙΚΟΣ ΧΑΛΚΟΣ ΙΚΕ (801396200),55676.0,,
96ΒΙ4690ΒΧ-Θ64,2025-02-26,ΕΝΤΑΛΜΑ ΠΛΗΡΩΜΗΣ ΥΙΟΙ ΧΡΙΣΤΑΚΟΥ ΣΕΒΑΣΛΙΑΝ Ο.Ε (081570019),081570019,ΥΙΟΙ ΧΡΙΣΤΑΚΟΥ ΣΕΒΑΣΛΙΑΝ Ο.Ε (081570019),104.16,,
99254690ΒΧ-Σ9Θ,2025-02-27,ΕΝΤΑΛΜΑ ΠΛΗΡΩΜΗΣ ΤΣΙΛΙΓΙΑΝΝΗΣ Γ.ΙΩΑΝΝΗΣ (122826912),122826912,ΤΣΙΛΙΓΙΑΝΝΗΣ Γ.ΙΩΑΝΝΗΣ (122826912),203.93,,
9Ε2Δ4690ΒΧ-ΥΡ2,2025-02-26,ΕΝΤΑΛΜΑ ΠΛΗΡΩΜΗΣ ΠΛΗΡΟΦΟΡΙΚΗ ΕΛΛΑΔΟΣ Ε.Π.Ε (095659768),095659768,ΠΛΗΡΟΦΟΡΙΚΗ ΕΛΛΑΔΟΣ Ε.Π.Ε (095659768),1173.35,,
9ΩΠ44690ΒΧ-4ΑΖ,2025-02-27,ΕΝΤΑΛΜΑ ΠΛΗΡΩΜΗΣ ΜΠΕΝΕΖΗ ΣΟΦΙΑ ΗΛΙΑΣ (105805168),105805168,ΜΠΕΝΕΖΗ ΣΟΦΙΑ ΗΛΙΑΣ (105805168),218.6,,
Ρ7Ω84690ΒΧ-Ε57,2025-02-27,ΕΝΤΑΛΜΑ ΠΛΗΡΩΜΗΣ ΜΠΕΝΕΖΗ ΣΟΦΙΑ ΗΛΙΑΣ (105805168),105805168,ΜΠΕΝΕΖΗ ΣΟΦΙΑ ΗΛΙΑΣ (105805168),327.9,,
ΡΨΡΠ4690ΒΧ-ΜΜ4,2025-02-26,ΕΝΤΑΛΜΑ ΠΛΗΡΩΜΗΣ ΚΟΣΜΟΝΤΑΤΑ ΕΠΕ (095506764),095506764,ΚΟΣΜΟΝΤΑΤΑ ΕΠΕ (095506764),496.0,,
63ΔΥ4690ΒΧ-Π9Χ,2025-02-26,ΕΝΤΑΛΜΑ ΠΛΗΡΩΜΗΣ Κ.ΓΕΡΜΑΝΟΣ ΙΑΤΡΙΚΑ Α.Ε. (081734344),081734344,Κ.ΓΕΡΜΑΝΟΣ ΙΑΤΡΙΚΑ Α.Ε. (081734344),305.1,,
9Ο614690ΒΧ-ΗΘ2,2025-02-27,ΕΝΤΑΛΜΑ ΠΛΗΡΩΜΗΣ ΔΙΣΝΙΤΣΑΣ ΛΕΩΝΙΔΑΣ (029818051),029818051,ΔΙΣΝΙΤΣΑΣ ΛΕΩΝΙΔΑΣ (029818051),4199.08,,
ΡΒΚ44690ΒΧ-ΦΤΔ,2025-02-26,ΕΝΤΑΛΜΑ ΠΛΗΡΩΜΗΣ ΔΗΜΟΥΛΙΑΣ Ι.ΧΡΗΣΤΟΣ (076509828),076509828,ΔΗΜΟΥΛΙΑΣ Ι.ΧΡΗΣΤΟΣ (076509828),1200.0,,
9ΓΘΑ4690ΒΧ-ΣΒΒ,2025-02-26,ΕΝΤΑΛΜΑ ΠΛΗΡΩΜΗΣ ΓΕΛΑΔΑΚΗΣ ΔΗΜ.   ΣΙΑ ΕΕ (800378754),800378754,ΓΕΛΑΔΑΚΗΣ ΔΗΜ.   ΣΙΑ ΕΕ (800378754),1543.49,,
9Α574690ΒΧ-ΗΤΕ,2025-02-26,ΕΝΤΑΛΜΑ ΠΛΗΡΩΜΗΣ Α.ΚΑΡΥΠΙΔΗΣ Α.Β.Ε.Ε (094098300),094098300,Α.ΚΑΡΥΠΙΔΗΣ Α.Β.Ε.Ε (094098300),1634.41,,
ΡΒ9Β4690ΒΧ-ΥΙΚ,2025-02-26,ΕΝΤΑΛΜΑ ΠΛΗΡΩΜΗΣ ELINCO A.E.ΣΥΣΤΗΜΑΤΑ ΕΛΕΓΧΟΥ ΠΥΡΟΠΡΟΣΤΑΣΙΑΣ-ΑΣΦΑΛΕΙΑΣ (094475496),094475496,ELINCO A.E.ΣΥΣΤΗΜΑΤΑ ΕΛΕΓΧΟΥ ΠΥΡΟΠΡΟΣΤΑΣΙΑΣ-ΑΣΦΑΛΕΙΑΣ (094475496),3658.0,,
65ΒΓ4690ΒΧ-ΙΒΟ,2025-02-26,ΕΝΤΑΛΜΑ ΠΛΗΡΩΜΗΣ CQS A.E. Υπηρεσίες Διακριβώσεων   Ποιότητας Α.Ε. (999715546),999715546,CQS A.E. Υπηρεσίες Διακριβώσεων   Ποιότητας Α.Ε. (999715546),204.6,,
ΨΥΚΒ4690ΒΧ-ΗΑΘ,2025-02-26,ΕΝΤΑΛΜΑ ΠΛΗΡΩΜΗΣ BUSE GAS A.E (997598041),997598041,BUSE GAS A.E (997598041),1410.0,,
6Ζ0Τ4690ΒΧ-ΜΑΦ,2025-02-26,ΕΝΤΑΛΜΑ ΠΛΗΡΩΜΗΣ BUSE GAS A.E (997598041),997598041,BUSE GAS A.E (997598041),3405.38,,
97Γ44690ΒΧ-ΧΕΞ,2025-02-20,ΕΝΤΑΛΜΑ ΠΛΗΡΩΜΗΣ ΙΑΤΡΙΚΗ ΜΕΡΙΜΝΑ   ΥΓΕΙΑ Α.Ε. (094349547),094349547,ΙΑΤΡΙΚΗ ΜΕΡΙΜΝΑ   ΥΓΕΙΑ Α.Ε. (094349547),688.45,,
909Ψ4690ΒΧ-ΑΗΝ,2025-02-20,ΕΝΤΑΛΜΑ ΠΛΗΡΩΜΗΣ mediplat (800500360),800500360,mediplat (800500360),271.2,,
60ΩΓ4690ΒΧ-Ζ4Ι,2025-02-19,ΕΝΤΑΛΜΑ ΠΛΗΡΩΜΗΣ ZIMMER BIOMET ΕΛΛΑΣ ΜΟΝ/ΠΗ Α.Ε (094437885),094437885,ZIMMER BIOMET ΕΛΛΑΣ ΜΟΝ/ΠΗ Α.Ε (094437885),4894.28,,
ΡΡΣ34690ΒΧ-ΞΧ4,2025-02-19,ΕΝΤΑΛΜΑ ΠΛΗΡΩΜΗΣ ZIMMER BIOMET ΕΛΛΑΣ ΜΟΝ/ΠΗ Α.Ε (094437885),094437885,ZIMMER BIOMET ΕΛΛΑΣ ΜΟΝ/ΠΗ Α.Ε (094437885),3894.98,,
9Κ614690ΒΧ-ΕΨ7,2025-02-19,ΕΝΤΑΛΜΑ ΠΛΗΡΩΜΗΣ ZIMMER BIOMET ΕΛΛΑΣ ΜΟΝ/ΠΗ Α.Ε (094437885),094437885,ZIMMER BIOMET ΕΛΛΑΣ ΜΟΝ/ΠΗ Α.Ε (094437885),4456.96,,
655Λ4690ΒΧ-ΝΚ3,2025-02-19,ΕΝΤΑΛΜΑ ΠΛΗΡΩΜΗΣ ZIMMER BIOMET ΕΛΛΑΣ ΜΟΝ/ΠΗ Α.Ε (094437885),094437885,ZIMMER BIOMET ΕΛΛΑΣ ΜΟΝ/ΠΗ Α.Ε (094437885),4640.7,,
Ψ61Ε4690ΒΧ-ΨΒΔ,2025-02-19,ΕΝΤΑΛΜΑ ΠΛΗΡΩΜΗΣ ZIMMER BIOMET ΕΛΛΑΣ ΜΟΝ/ΠΗ Α.Ε (094437885),094437885,ZIMMER BIOMET ΕΛΛΑΣ ΜΟΝ/ΠΗ Α.Ε (094437885),3515.43,,
ΨΙΠΣ4690ΒΧ-ΕΦΘ,2025-02-20,ΕΝΤΑΛΜΑ ΠΛΗΡΩΜΗΣ RONTIS HELLAS AEBE (095335610),095335610,RONTIS HELLAS AEBE (095335610),2632.3,,
6ΗΖΩ4690ΒΧ-ΖΟΖ,2025-02-20,ΕΝΤΑΛΜΑ ΠΛΗΡΩΜΗΣ NEW DIAGNOSTIC DIMENSION LTD (095618368),095618368,NEW DIAGNOSTIC DIMENSION LTD (095618368),1033.5,,
9ΛΑΨ4690ΒΧ-Γ7Κ,2025-02-20,ΕΝΤΑΛΜΑ ΠΛΗΡΩΜΗΣ NEW DIAGNOSTIC DIMENSION LTD (095618368),095618368,NEW DIAGNOSTIC DIMENSION LTD (095618368),1332.21,,
ΡΓΑ34690ΒΧ-ΞΩΤ,2025-02-20,ΕΝΤΑΛΜΑ ΠΛΗΡΩΜΗΣ Milimed Α.Ε (997802230),997802230,Milimed Α.Ε (997802230),1421.54,,
Ρ5734690ΒΧ-7Ψ9,2025-02-20,ΕΝΤΑΛΜΑ ΠΛΗΡΩΜΗΣ MEDINOR ΕΕ (082802380),082802380,MEDINOR ΕΕ (082802380),2924.48,,
6ΧΘΘ4690ΒΧ-Σ1Ρ,2025-02-20,ΕΝΤΑΛΜΑ ΠΛΗΡΩΜΗΣ MEDINOR ΕΕ (082802380),082802380,MEDINOR ΕΕ (082802380),4749.81,,
ΡΒΚ24690ΒΧ-ΩΗΕ,2025-02-20,ΕΝΤΑΛΜΑ ΠΛΗΡΩΜΗΣ MEDINOR ΕΕ (082802380),082802380,MEDINOR ΕΕ (082802380),324.35,,
9ΖΘΜ4690ΒΧ-Ξ24,2025-02-20,ΕΝΤΑΛΜΑ ΠΛΗΡΩΜΗΣ MEDINOR ΕΕ (082802380),082802380,MEDINOR ΕΕ (082802380),2508.76,,
ΨΨΕΣ4690ΒΧ-4ΚΛ,2025-02-25,ΕΝΤΑΛΜΑ ΠΛΗΡΩΜΗΣ ΠΗΝΕΛΟΠΗ Δ.ΚΥΡΚΟΥ (066483339),066483339,ΠΗΝΕΛΟΠΗ Δ.ΚΥΡΚΟΥ (066483339),2929.75,,
Ψ5ΟΓ4690ΒΧ-ΕΥΣ,2025-02-25,ΕΝΤΑΛΜΑ ΠΛΗΡΩΜΗΣ ΤΕΜΑΚ (094279934),094279934,ΤΕΜΑΚ (094279934),520.8,,
6ΥΣΗ4690ΒΧ-ΤΔΩ,2025-02-25,ΕΝΤΑΛΜΑ ΠΛΗΡΩΜΗΣ ΤΕΜΑΚ (094279934),094279934,ΤΕΜΑΚ (094279934),2639.81,,
ΨΔ894690ΒΧ-ΡΗΕ,2025-02-25,ΕΝΤΑΛΜΑ ΠΛΗΡΩΜΗΣ ΤΕΜΑΚ (094279934),094279934,ΤΕΜΑΚ (094279934),3850.2,,
Ψ00Ψ4690ΒΧ-0ΓΥ,2025-02-25,ΕΝΤΑΛΜΑ ΠΛΗΡΩΜΗΣ ΑΝΔΡΕΑΣ ΚΟΥΤΟΥΠΗΣ ΚΑΙ ΣΥΝΕΡΓΑΤΕΣ Ι.Κ.Ε.- KPS (801025172),801025172,ΑΝΔΡΕΑΣ ΚΟΥΤΟΥΠΗΣ ΚΑΙ ΣΥΝΕΡΓΑΤΕΣ Ι.Κ.Ε.- KPS (801025172),4712.0,,
ΨΨΡΒ4690ΒΧ-ΑΚΠ,2025-02-25,ΕΝΤΑΛΜΑ ΠΛΗΡΩΜΗΣ ΄΄ΦΑΡΜΑ ΚΙΡΚΗ΄΄ ΕΙΡΗΝΗ ΦΕΡΕΝΤΙΝΟΥ ΜΟΝ/ΠΗ ΙΚΕ (800908604),800908604,΄΄ΦΑΡΜΑ ΚΙΡΚΗ΄΄ ΕΙΡΗΝΗ ΦΕΡΕΝΤΙΝΟΥ ΜΟΝ/ΠΗ ΙΚΕ (800908604),373.64,,
90ΞΓ4690ΒΧ-ΥΔ0,2025-02-25,ΕΝΤΑΛΜΑ ΠΛΗΡΩΜΗΣ ΄΄ΦΑΡΜΑ ΚΙΡΚΗ΄΄ ΕΙΡΗΝΗ ΦΕΡΕΝΤΙΝΟΥ ΜΟΝ/ΠΗ ΙΚΕ (800908604),800908604,΄΄ΦΑΡΜΑ ΚΙΡΚΗ΄΄ ΕΙΡΗΝΗ ΦΕΡΕΝΤΙΝΟΥ ΜΟΝ/ΠΗ ΙΚΕ (800908604),17487.89,,
6ΤΙΝ4690ΒΧ-ΓΒΦ,2025-02-25,ΕΝΤΑΛΜΑ ΠΛΗΡΩΜΗΣ iDX P.C (800725375),800725375,iDX P.C (800725375),3339.0,,
9ΗΣΞ4690ΒΧ-ΔΦ2,2025-02-25,ΕΝΤΑΛΜΑ ΠΛΗΡΩΜΗΣ iDX P.C (800725375),800725375,iDX P.C (800725375),8032.27,,
ΨΛΜ74690ΒΧ-Τ99,2025-02-25,ΕΝΤΑΛΜΑ ΠΛΗΡΩΜΗΣ SALUS MED ΙΚΕ (801431402),801431402,SALUS MED ΙΚΕ (801431402),1808.0,,
90ΣΖ4690ΒΧ-ΞΑ2,2025-02-25,ΕΝΤΑΛΜΑ ΠΛΗΡΩΜΗΣ PublicSoft Ι.Κ.Ε. (800837416),800837416,PublicSoft Ι.Κ.Ε. (800837416),13554.44,,
ΨΞ224690ΒΧ-Υ2Ρ,2025-02-25,ΕΝΤΑΛΜΑ ΠΛΗΡΩΜΗΣ CLEAN WASH EXPRESS ΜΟΝΟΠΡΟΣΩΠΗ Ι.Κ.Ε. (802560756),802560756,CLEAN WASH EXPRESS ΜΟΝΟΠΡΟΣΩΠΗ Ι.Κ.Ε. (802560756),2565.79,,
ΨΖ3Δ4690ΒΧ-ΑΦ3,2025-02-25,ΕΝΤΑΛΜΑ ΠΛΗΡΩΜΗΣ CLEAN WASH EXPRESS ΜΟΝΟΠΡΟΣΩΠΗ Ι.Κ.Ε. (802560756),802560756,CLEAN WASH EXPRESS ΜΟΝΟΠΡΟΣΩΠΗ Ι.Κ.Ε. (802560756),2574.78,,
Ψ3Λ04690ΒΧ-Κ2Α,2025-02-25,ΕΝΤΑΛΜΑ ΠΛΗΡΩΜΗΣ CLEAN WASH EXPRESS ΜΟΝΟΠΡΟΣΩΠΗ Ι.Κ.Ε. (802560756),802560756,CLEAN WASH EXPRESS ΜΟΝΟΠΡΟΣΩΠΗ Ι.Κ.Ε. (802560756),2805.59,,
9ΥΙΛ4690ΒΧ-ΕΟΞ,2025-02-25,ΕΝΤΑΛΜΑ ΠΛΗΡΩΜΗΣ CLEAN WASH EXPRESS ΜΟΝΟΠΡΟΣΩΠΗ Ι.Κ.Ε. (802560756),802560756,CLEAN WASH EXPRESS ΜΟΝΟΠΡΟΣΩΠΗ Ι.Κ.Ε. (802560756),2496.03,,
ΨΚΝΕ4690ΒΧ-699,2025-02-19,ΕΝΤΑΛΜΑ ΠΛΗΡΩΜΗΣ ZIMMER BIOMET ΕΛΛΑΣ ΜΟΝ/ΠΗ Α.Ε (094437885),094437885,ZIMMER BIOMET ΕΛΛΑΣ ΜΟΝ/ΠΗ Α.Ε (094437885),3569.67,,
ΨΞ984690ΒΧ-ΑΛΨ,2025-02-19,ΕΝΤΑΛΜΑ ΠΛΗΡΩΜΗΣ ZIMMER BIOMET ΕΛΛΑΣ ΜΟΝ/ΠΗ Α.Ε (094437885),094437885,ZIMMER BIOMET ΕΛΛΑΣ ΜΟΝ/ΠΗ Α.Ε (094437885),3911.17,,
6ΞΚΧ4690ΒΧ-Ο3Σ,2025-02-19,ΕΝΤΑΛΜΑ ΠΛΗΡΩΜΗΣ ZIMMER BIOMET ΕΛΛΑΣ ΜΟΝ/ΠΗ Α.Ε (094437885),094437885,ZIMMER BIOMET ΕΛΛΑΣ ΜΟΝ/ΠΗ Α.Ε (094437885),3503.0,,
9Η8Ξ4690ΒΧ-ΣΦΓ,2025-02-19,ΕΝΤΑΛΜΑ ΠΛΗΡΩΜΗΣ ZIMMER BIOMET ΕΛΛΑΣ ΜΟΝ/ΠΗ Α.Ε (094437885),094437885,ZIMMER BIOMET ΕΛΛΑΣ ΜΟΝ/ΠΗ Α.Ε (094437885),3976.93,,
ΨΤΘΧ4690ΒΧ-Υ1Λ,2025-02-19,ΕΝΤΑΛΜΑ ΠΛΗΡΩΜΗΣ ZIMMER BIOMET ΕΛΛΑΣ ΜΟΝ/ΠΗ Α.Ε (094437885),094437885,ZIMMER BIOMET ΕΛΛΑΣ ΜΟΝ/ΠΗ Α.Ε (094437885),4615.8,,
ΨΟΧ44690ΒΧ-Ξ2Ν,2025-02-19,ΕΝΤΑΛΜΑ ΠΛΗΡΩΜΗΣ ZIMMER BIOMET ΕΛΛΑΣ ΜΟΝ/ΠΗ Α.Ε (094437885),094437885,ZIMMER BIOMET ΕΛΛΑΣ ΜΟΝ/ΠΗ Α.Ε (094437885),4597.74,,
9Ο5Ω4690ΒΧ-ΧΙΟ,2025-02-19,ΕΝΤΑΛΜΑ ΠΛΗΡΩΜΗΣ ZIMMER BIOMET ΕΛΛΑΣ ΜΟΝ/ΠΗ Α.Ε (094437885),094437885,ZIMMER BIOMET ΕΛΛΑΣ ΜΟΝ/ΠΗ Α.Ε (094437885),4597.74,,
ΨΛΧΤ4690ΒΧ-ΑΙΨ,2025-02-19,ΕΝΤΑΛΜΑ ΠΛΗΡΩΜΗΣ ZIMMER BIOMET ΕΛΛΑΣ ΜΟΝ/ΠΗ Α.Ε (094437885),094437885,ZIMMER BIOMET ΕΛΛΑΣ ΜΟΝ/ΠΗ Α.Ε (094437885),4360.44,,
6Μ294690ΒΧ-Θ75,2025-02-19,ΕΝΤΑΛΜΑ ΠΛΗΡΩΜΗΣ ZIMMER BIOMET ΕΛΛΑΣ ΜΟΝ/ΠΗ Α.Ε (094437885),094437885,ZIMMER BIOMET ΕΛΛΑΣ ΜΟΝ/ΠΗ Α.Ε (094437885),2884.44,,
68ΑΔ4690ΒΧ-3Υ1,2025-02-18,ΕΝΤΑΛΜΑ ΠΛΗΡΩΜΗΣ BIOTRANS A.E (999506681),999506681,BIOTRANS A.E (999506681),781.2,,
6ΥΡ64690ΒΧ-ΒΚΓ,2025-02-18,ΕΝΤΑΛΜΑ ΠΛΗΡΩΜΗΣ ZIMMER BIOMET ΕΛΛΑΣ ΜΟΝ/ΠΗ Α.Ε (094437885),094437885,ZIMMER BIOMET ΕΛΛΑΣ ΜΟΝ/ΠΗ Α.Ε (094437885),3767.19,,
6ΣΗΧ4690ΒΧ-ΥΒ1,2025-02-18,ΕΝΤΑΛΜΑ ΠΛΗΡΩΜΗΣ ZIMMER BIOMET ΕΛΛΑΣ ΜΟΝ/ΠΗ Α.Ε (094437885),094437885,ZIMMER BIOMET ΕΛΛΑΣ ΜΟΝ/ΠΗ Α.Ε (094437885),4358.86,,
9ΒΣΘ4690ΒΧ-ΡΗΦ,2025-02-18,ΕΝΤΑΛΜΑ ΠΛΗΡΩΜΗΣ ZIMMER BIOMET ΕΛΛΑΣ ΜΟΝ/ΠΗ Α.Ε (094437885),094437885,ZIMMER BIOMET ΕΛΛΑΣ ΜΟΝ/ΠΗ Α.Ε (094437885),4416.54,,
9ΤΓ14690ΒΧ-ΚΕ7,2025-02-18,ΕΝΤΑΛΜΑ ΠΛΗΡΩΜΗΣ ZIMMER BIOMET ΕΛΛΑΣ ΜΟΝ/ΠΗ Α.Ε (094437885),094437885,ZIMMER BIOMET ΕΛΛΑΣ ΜΟΝ/ΠΗ Α.Ε (094437885),962.8,,
ΨΝΓ74690ΒΧ-ΓΔΝ,2025-02-18,ΕΝΤΑΛΜΑ ΠΛΗΡΩΜΗΣ ZIMMER BIOMET ΕΛΛΑΣ ΜΟΝ/ΠΗ Α.Ε (094437885),094437885,ZIMMER BIOMET ΕΛΛΑΣ ΜΟΝ/ΠΗ Α.Ε (094437885),3627.09,,
9ΞΡΩ4690ΒΧ-ΘΒ4,2025-02-18,ΕΝΤΑΛΜΑ ΠΛΗΡΩΜΗΣ ZIMMER BIOMET ΕΛΛΑΣ ΜΟΝ/ΠΗ Α.Ε (094437885),094437885,ZIMMER BIOMET ΕΛΛΑΣ ΜΟΝ/ΠΗ Α.Ε (094437885),4438.3,,
9ΓΤ34690ΒΧ-ΛΘΓ,2025-02-18,ΕΝΤΑΛΜΑ ΠΛΗΡΩΜΗΣ ZIMMER BIOMET ΕΛΛΑΣ ΜΟΝ/ΠΗ Α.Ε (094437885),094437885,ZIMMER BIOMET ΕΛΛΑΣ ΜΟΝ/ΠΗ Α.Ε (094437885),4330.48,,
6Ν7Υ4690ΒΧ-8ΝΧ,2025-02-18,ΕΝΤΑΛΜΑ ΠΛΗΡΩΜΗΣ ZIMMER BIOMET ΕΛΛΑΣ ΜΟΝ/ΠΗ Α.Ε (094437885),094437885,ZIMMER BIOMET ΕΛΛΑΣ ΜΟΝ/ΠΗ Α.Ε (094437885),4474.8,,
92214690ΒΧ-74Ξ,2025-02-18,ΕΝΤΑΛΜΑ ΠΛΗΡΩΜΗΣ ZIMMER BIOMET ΕΛΛΑΣ ΜΟΝ/ΠΗ Α.Ε (094437885),094437885,ZIMMER BIOMET ΕΛΛΑΣ ΜΟΝ/ΠΗ Α.Ε (094437885),4474.8,,
ΨΨΛ84690ΒΧ-7ΗΨ,2025-02-18,ΕΝΤΑΛΜΑ ΠΛΗΡΩΜΗΣ ZIMMER BIOMET ΕΛΛΑΣ ΜΟΝ/ΠΗ Α.Ε (094437885),094437885,ZIMMER BIOMET ΕΛΛΑΣ ΜΟΝ/ΠΗ Α.Ε (094437885),4474.8,,
60ΥΤ4690ΒΧ-ΣΧΞ,2025-02-18,ΕΝΤΑΛΜΑ ΠΛΗΡΩΜΗΣ ZIMMER BIOMET ΕΛΛΑΣ ΜΟΝ/ΠΗ Α.Ε (094437885),094437885,ZIMMER BIOMET ΕΛΛΑΣ ΜΟΝ/ΠΗ Α.Ε (094437885),2884.44,,
ΨΑ7Η4690ΒΧ-Γ0Μ,2025-02-18,ΕΝΤΑΛΜΑ ΠΛΗΡΩΜΗΣ ELFAMED AE (800378686),800378686,ELFAMED AE (800378686),3935.57,,
ΨΒΝΑ4690ΒΧ-ΤΒΔ,2025-02-18,ΕΝΤΑΛΜΑ ΠΛΗΡΩΜΗΣ ELFAMED AE (800378686),800378686,ELFAMED AE (800378686),1513.68,,
9ΩΓ54690ΒΧ-ΚΜΓ,2025-02-18,ΕΝΤΑΛΜΑ ΠΛΗΡΩΜΗΣ BIOTRANS A.E (999506681),999506681,BIOTRANS A.E (999506681),1342.42,,
9ΣΓΠ4690ΒΧ-Μ9Ο,2025-02-18,ΕΝΤΑΛΜΑ ΠΛΗΡΩΜΗΣ BIOTRANS A.E (999506681),999506681,BIOTRANS A.E (999506681),781.2,,
ΨΚΑ74690ΒΧ-ΗΓΝ,2025-02-18,ΕΝΤΑΛΜΑ ΠΛΗΡΩΜΗΣ '' C   P MEDICALS O.E'' (800392564),800392564,'' C   P MEDICALS O.E'' (800392564),802.3,,
ΨΒΙΓ4690ΒΧ-ΤΑ3,2025-01-21,ΕΝΤΑΛΜΑ ΠΛΗΡΩΜΗΣ ΕΘΝΙΚΗ ΑΣΦΑΛΙΣΤΙΚΗ (094003849),094003849,ΕΘΝΙΚΗ ΑΣΦΑΛΙΣΤΙΚΗ (094003849),62.1,,
6ΓΧΜ4690ΒΧ-ΘΒΦ,2024-12-18,ΕΝΤΑΛΜΑ ΠΛΗΡΩΜΗΣ ΑΝΑΣΤΑΣΙΟΣ ΔΙΓΚΑΣ Ι.Κ.Ε. (997826122),997826122,ΑΝΑΣΤΑΣΙΟΣ ΔΙΓΚΑΣ Ι.Κ.Ε. (997826122),3599.99,,
6Δ284690ΒΧ-ΛΘΜ,2024-12-06,ΕΝΤΑΛΜΑ ΠΛΗΡΩΜΗΣ ΝΙΚΑΙΑ ΤΡΟΦΟΔΟΣΙΕΣ ΜΟΝΟΠΡΟΣΩΠΗ ΙΚΕ (801393800),801393800,ΝΙΚΑΙΑ ΤΡΟΦΟΔΟΣΙΕΣ ΜΟΝΟΠΡΟΣΩΠΗ ΙΚΕ (801393800),1160.65,,
6ΑΕ94690ΒΧ-ΛΤΛ,2024-12-19,ΕΝΤΑΛΜΑ ΠΛΗΡΩΜΗΣ ΟΡΓ/ΣΜΟΣ ΤΗΛΕΠ/ΝΙΩΝ ΕΛΛΑΔΟΣ ΑΕ (094019245),094019245,ΟΡΓ/ΣΜΟΣ ΤΗΛΕΠ/ΝΙΩΝ ΕΛΛΑΔΟΣ ΑΕ (094019245),69.94,,
6ΔΙΕ4690ΒΧ-ΖΚ7,2024-12-19,ΕΝΤΑΛΜΑ ΠΛΗΡΩΜΗΣ ΟΡΓ/ΣΜΟΣ ΤΗΛΕΠ/ΝΙΩΝ ΕΛΛΑΔΟΣ ΑΕ (094019245),094019245,ΟΡΓ/ΣΜΟΣ ΤΗΛΕΠ/ΝΙΩΝ ΕΛΛΑΔΟΣ ΑΕ (094019245),21.37,,
ΨΚΧ24690ΒΧ-Ζ27,2024-12-19,ΕΝΤΑΛΜΑ ΠΛΗΡΩΜΗΣ ΟΡΓ/ΣΜΟΣ ΤΗΛΕΠ/ΝΙΩΝ ΕΛΛΑΔΟΣ ΑΕ (094019245),094019245,ΟΡΓ/ΣΜΟΣ ΤΗΛΕΠ/ΝΙΩΝ ΕΛΛΑΔΟΣ ΑΕ (094019245),123.8,,
ΡΒΝΤ4690ΒΧ-ΦΒΕ,2024-12-19,ΕΝΤΑΛΜΑ ΠΛΗΡΩΜΗΣ ΟΡΓ/ΣΜΟΣ ΤΗΛΕΠ/ΝΙΩΝ ΕΛΛΑΔΟΣ ΑΕ (094019245),094019245,ΟΡΓ/ΣΜΟΣ ΤΗΛΕΠ/ΝΙΩΝ ΕΛΛΑΔΟΣ ΑΕ (094019245),34.44,,
6ΗΛΧ4690ΒΧ-ΙΧΝ,2024-12-19,ΕΝΤΑΛΜΑ ΠΛΗΡΩΜΗΣ ΟΡΓ/ΣΜΟΣ ΤΗΛΕΠ/ΝΙΩΝ ΕΛΛΑΔΟΣ ΑΕ (094019245),094019245,ΟΡΓ/ΣΜΟΣ ΤΗΛΕΠ/ΝΙΩΝ ΕΛΛΑΔΟΣ ΑΕ (094019245),109.8,,
9ΤΠΔ4690ΒΧ-ΕΤΞ,2024-12-19,ΕΝΤΑΛΜΑ ΠΛΗΡΩΜΗΣ ΟΡΓ/ΣΜΟΣ ΤΗΛΕΠ/ΝΙΩΝ ΕΛΛΑΔΟΣ ΑΕ (094019245),094019245,ΟΡΓ/ΣΜΟΣ ΤΗΛΕΠ/ΝΙΩΝ ΕΛΛΑΔΟΣ ΑΕ (094019245),227.14,,
9ΕΡΧ4690ΒΧ-3ΤΣ,2024-12-19,ΕΝΤΑΛΜΑ ΠΛΗΡΩΜΗΣ ΟΡΓ/ΣΜΟΣ ΤΗΛΕΠ/ΝΙΩΝ ΕΛΛΑΔΟΣ ΑΕ (094019245),094019245,ΟΡΓ/ΣΜΟΣ ΤΗΛΕΠ/ΝΙΩΝ ΕΛΛΑΔΟΣ ΑΕ (094019245),1498.39,,
90Ο14690ΒΧ-ΨΗ7,2024-12-19,ΕΝΤΑΛΜΑ ΠΛΗΡΩΜΗΣ ΟΡΓ/ΣΜΟΣ ΤΗΛΕΠ/ΝΙΩΝ ΕΛΛΑΔΟΣ ΑΕ (094019245),094019245,ΟΡΓ/ΣΜΟΣ ΤΗΛΕΠ/ΝΙΩΝ ΕΛΛΑΔΟΣ ΑΕ (094019245),15.0,,
ΨΨΙ14690ΒΧ-2Θ9,2024-12-19,ΕΝΤΑΛΜΑ ΠΛΗΡΩΜΗΣ ΝΙΚΑΙΑ ΤΡΟΦΟΔΟΣΙΕΣ ΜΟΝΟΠΡΟΣΩΠΗ ΙΚΕ (801393800),801393800,ΝΙΚΑΙΑ ΤΡΟΦΟΔΟΣΙΕΣ ΜΟΝΟΠΡΟΣΩΠΗ ΙΚΕ (801393800),1312.04,,
9ΠΗΨ4690ΒΧ-ΥΕΕ,2024-12-19,ΕΝΤΑΛΜΑ ΠΛΗΡΩΜΗΣ ΜΠΕΝΕΖΗ ΣΟΦΙΑ ΗΛΙΑΣ (105805168),105805168,ΜΠΕΝΕΖΗ ΣΟΦΙΑ ΗΛΙΑΣ (105805168),546.5,,
6ΚΛ54690ΒΧ-2ΡΘ,2024-12-19,ΕΝΤΑΛΜΑ ΠΛΗΡΩΜΗΣ ΜΠΕΝΕΖΗ ΣΟΦΙΑ ΗΛΙΑΣ (105805168),105805168,ΜΠΕΝΕΖΗ ΣΟΦΙΑ ΗΛΙΑΣ (105805168),36.43,,
6Σ1Ψ4690ΒΧ-0ΨΘ,2024-12-19,ΕΝΤΑΛΜΑ ΠΛΗΡΩΜΗΣ ΔΟΥΚΑΣ ΝΙΚΟΛΑΟΣ (049685100),049685100,ΔΟΥΚΑΣ ΝΙΚΟΛΑΟΣ (049685100),69.4,,
6ΤΓ94690ΒΧ-6ΦΚ,2024-12-19,ΕΝΤΑΛΜΑ ΠΛΗΡΩΜΗΣ ΔΙΣΝΙΤΣΑΣ ΛΕΩΝΙΔΑΣ (029818051),029818051,ΔΙΣΝΙΤΣΑΣ ΛΕΩΝΙΔΑΣ (029818051),4087.97,,
6Ω8Μ4690ΒΧ-ΔΗ3,2024-12-19,ΕΝΤΑΛΜΑ ΠΛΗΡΩΜΗΣ ΓΕΩΡΓΙΟΣ ΜΑΡΚΟΥΙΖΟΣ ΓΕΝΙΚΟΣ ΧΕΙΡΟΥΡΓΟΣ (022050942),022050942,ΓΕΩΡΓΙΟΣ ΜΑΡΚΟΥΙΖΟΣ ΓΕΝΙΚΟΣ ΧΕΙΡΟΥΡΓΟΣ (022050942),2958.79,,
9Τ1Λ4690ΒΧ-ΞΨΔ,2024-12-19,ΕΝΤΑΛΜΑ ΠΛΗΡΩΜΗΣ Rain bow waters (099328240),099328240,Rain bow waters (099328240),88.86,,
6ΖΜΕ4690ΒΧ-ΖΥΠ,2024-12-18,ΕΝΤΑΛΜΑ ΠΛΗΡΩΜΗΣ KARL STORZ-ΕΝΔΟΣΚΟΠΙΑ ΕΛΛΑΔΟΣ Ε.Π.Ε (998361490),998361490,KARL STORZ-ΕΝΔΟΣΚΟΠΙΑ ΕΛΛΑΔΟΣ Ε.Π.Ε (998361490),69764.81,,
6Χ2Λ4690ΒΧ-ΛΚΔ,2024-12-18,ΕΝΤΑΛΜΑ ΠΛΗΡΩΜΗΣ ΦΙΛΙΠΣ ΕΛΛΑΣ ΜΟΝΟΠΡΟΣΩΠΗ Α.ΕΒ.Ε (PHILIPS) (094014759),094014759,ΦΙΛΙΠΣ ΕΛΛΑΣ ΜΟΝΟΠΡΟΣΩΠΗ Α.ΕΒ.Ε (PHILIPS) (094014759),7812.0,,
ΨΦΤΥ4690ΒΧ-ΡΥΝ,2024-12-18,ΕΝΤΑΛΜΑ ΠΛΗΡΩΜΗΣ ΠΛΗΡΟΦΟΡΙΚΗ ΕΛΛΑΔΟΣ Ε.Π.Ε (095659768),095659768,ΠΛΗΡΟΦΟΡΙΚΗ ΕΛΛΑΔΟΣ Ε.Π.Ε (095659768),1173.35,,
ΡΩΦ94690ΒΧ-ΔΧΜ,2024-12-18,ΕΝΤΑΛΜΑ ΠΛΗΡΩΜΗΣ ΙΑΤΡΙΚΗ ΜΕΡΙΜΝΑ   ΥΓΕΙΑ Α.Ε. (094349547),094349547,ΙΑΤΡΙΚΗ ΜΕΡΙΜΝΑ   ΥΓΕΙΑ Α.Ε. (094349547),1118.48,,
6Η8Ω4690ΒΧ-1ΒΥ,2024-12-18,ΕΝΤΑΛΜΑ ΠΛΗΡΩΜΗΣ ΑΦΟΙ ΖΥΡΙΧΙΔΗ Ο.Ε (091282761),091282761,ΑΦΟΙ ΖΥΡΙΧΙΔΗ Ο.Ε (091282761),219.67,,
9Χ9Ζ4690ΒΧ-ΘΙΔ,2024-12-18,ΕΝΤΑΛΜΑ ΠΛΗΡΩΜΗΣ ΑΣΤΡΙΣ ΑΝΑΠΤΥΞΗ ΜΟΝΑΔΩΝ ΥΓΕΙΑΣ ΕΠΕ (999056180),999056180,ΑΣΤΡΙΣ ΑΝΑΠΤΥΞΗ ΜΟΝΑΔΩΝ ΥΓΕΙΑΣ ΕΠΕ (999056180),503.71,,
6ΖΨ44690ΒΧ-3Ο7,2024-12-18,ΕΝΤΑΛΜΑ ΠΛΗΡΩΜΗΣ GE HEALTHCARE (094472918),094472918,GE HEALTHCARE (094472918),6820.0,,
ΨΧΝΕ4690ΒΧ-ΧΚ7,2024-12-10,ΕΝΤΑΛΜΑ ΠΛΗΡΩΜΗΣ ΒΕΡΟΝΙΚΑ ΜΟΥΚΑ τ. ΚΩΝ/ΝΟΥ (136677323),136677323,ΒΕΡΟΝΙΚΑ ΜΟΥΚΑ τ. ΚΩΝ/ΝΟΥ (136677323),794.51,,
6ΡΗΙ4690ΒΧ-4ΙΡ,2024-12-10,ΕΝΤΑΛΜΑ ΠΛΗΡΩΜΗΣ ΒΕΡΟΝΙΚΑ ΜΟΥΚΑ τ. ΚΩΝ/ΝΟΥ (136677323),136677323,ΒΕΡΟΝΙΚΑ ΜΟΥΚΑ τ. ΚΩΝ/ΝΟΥ (136677323),1231.51,,
Ψ9Κ24690ΒΧ-Ε3Ω,2024-12-10,ΕΝΤΑΛΜΑ ΠΛΗΡΩΜΗΣ ΒΕΡΟΝΙΚΑ ΜΟΥΚΑ τ. ΚΩΝ/ΝΟΥ (136677323),136677323,ΒΕΡΟΝΙΚΑ ΜΟΥΚΑ τ. ΚΩΝ/ΝΟΥ (136677323),1076.56,,
934Π4690ΒΧ-Σ8Ψ,2024-12-10,ΕΝΤΑΛΜΑ ΠΛΗΡΩΜΗΣ ΒΕΡΟΝΙΚΑ ΜΟΥΚΑ τ. ΚΩΝ/ΝΟΥ (136677323),136677323,ΒΕΡΟΝΙΚΑ ΜΟΥΚΑ τ. ΚΩΝ/ΝΟΥ (136677323),1195.69,,
657Δ4690ΒΧ-3Δ6,2024-12-10,ΕΝΤΑΛΜΑ ΠΛΗΡΩΜΗΣ ΒΕΡΟΝΙΚΑ ΜΟΥΚΑ τ. ΚΩΝ/ΝΟΥ (136677323),136677323,ΒΕΡΟΝΙΚΑ ΜΟΥΚΑ τ. ΚΩΝ/ΝΟΥ (136677323),1148.26,,
ΨΖΓ34690ΒΧ-ΓΟΜ,2024-11-13,ΕΝΤΑΛΜΑ ΠΛΗΡΩΜΗΣ ΙΑΤΡΟΙ ΔΙΑΚΟΜΙΔΩΝ (045556789),045556789,ΙΑΤΡΟΙ ΔΙΑΚΟΜΙΔΩΝ (045556789),300.0,,
9ΗΨΞ4690ΒΧ-8Ο8,2024-12-05,ΕΝΤΑΛΜΑ ΠΛΗΡΩΜΗΣ ΘΕΟΧΑΡΗΣ ΚΩΝΣΤΑΝΤΙΝΟΣ (074168641),074168641,ΘΕΟΧΑΡΗΣ ΚΩΝΣΤΑΝΤΙΝΟΣ (074168641),2860.3,,
ΡΠΨΧ4690ΒΧ-ΣΤΑ,2024-12-05,ΕΝΤΑΛΜΑ ΠΛΗΡΩΜΗΣ ΚΑΒΒΑΔΑ ΧΡΙΣΤΙΝΑ (074749632),074749632,ΚΑΒΒΑΔΑ ΧΡΙΣΤΙΝΑ (074749632),3098.0,,
69Ε64690ΒΧ-Ι3Μ,2024-12-05,ΕΝΤΑΛΜΑ ΠΛΗΡΩΜΗΣ SPETMEDICAL I.K.E. (800820495),800820495,SPETMEDICAL I.K.E. (800820495),3134.21,,
6ΙΖΛ4690ΒΧ-6ΦΕ,2024-12-09,ΕΝΤΑΛΜΑ ΠΛΗΡΩΜΗΣ ΔΙΣΝΙΤΣΑΣ ΛΕΩΝΙΔΑΣ (029818051),029818051,ΔΙΣΝΙΤΣΑΣ ΛΕΩΝΙΔΑΣ (029818051),3181.68,,
97ΨΗ4690ΒΧ-2ΝΟ,2024-12-09,ΕΝΤΑΛΜΑ ΠΛΗΡΩΜΗΣ ΓΕΩΡΓΙΟΣ ΜΑΡΚΟΥΙΖΟΣ ΓΕΝΙΚΟΣ ΧΕΙΡΟΥΡΓΟΣ (022050942),022050942,ΓΕΩΡΓΙΟΣ ΜΑΡΚΟΥΙΖΟΣ ΓΕΝΙΚΟΣ ΧΕΙΡΟΥΡΓΟΣ (022050942),3401.4,,
97ΛΦ4690ΒΧ-ΧΞΞ,2024-12-10,ΕΝΤΑΛΜΑ ΠΛΗΡΩΜΗΣ ΒΕΡΟΝΙΚΑ ΜΟΥΚΑ τ. ΚΩΝ/ΝΟΥ (136677323),136677323,ΒΕΡΟΝΙΚΑ ΜΟΥΚΑ τ. ΚΩΝ/ΝΟΥ (136677323),1314.77,,
99ΣΕ4690ΒΧ-ΟΕ2,2024-12-10,ΕΝΤΑΛΜΑ ΠΛΗΡΩΜΗΣ ΒΕΡΟΝΙΚΑ ΜΟΥΚΑ τ. ΚΩΝ/ΝΟΥ (136677323),136677323,ΒΕΡΟΝΙΚΑ ΜΟΥΚΑ τ. ΚΩΝ/ΝΟΥ (136677323),1250.16,,
6ΓΙΖ4690ΒΧ-Ν45,2024-12-10,ΕΝΤΑΛΜΑ ΠΛΗΡΩΜΗΣ ΒΕΡΟΝΙΚΑ ΜΟΥΚΑ τ. ΚΩΝ/ΝΟΥ (136677323),136677323,ΒΕΡΟΝΙΚΑ ΜΟΥΚΑ τ. ΚΩΝ/ΝΟΥ (136677323),1264.78,,
ΨΟ0Υ4690ΒΧ-ΗΑΖ,2024-12-10,ΕΝΤΑΛΜΑ ΠΛΗΡΩΜΗΣ ΒΕΡΟΝΙΚΑ ΜΟΥΚΑ τ. ΚΩΝ/ΝΟΥ (136677323),136677323,ΒΕΡΟΝΙΚΑ ΜΟΥΚΑ τ. ΚΩΝ/ΝΟΥ (136677323),1299.48,,
6ΦΒΥ4690ΒΧ-Τ3Ξ,2024-12-09,ΕΝΤΑΛΜΑ ΠΛΗΡΩΜΗΣ ΒΑΣΙΛΟΠΟΥΛΟΣ ΓΕΩΡΓΙΟΣ (022403592),022403592,ΒΑΣΙΛΟΠΟΥΛΟΣ ΓΕΩΡΓΙΟΣ (022403592),6964.97,,
6Ι5Ι4690ΒΧ-Λ15,2024-12-06,ΕΝΤΑΛΜΑ ΠΛΗΡΩΜΗΣ ΜΠΑΛΑΣΚΑΣ ΓΕΩΡΓΙΟΣ (073571028),073571028,ΜΠΑΛΑΣΚΑΣ ΓΕΩΡΓΙΟΣ (073571028),1086.62,,
9Φ0Ψ4690ΒΧ-13Δ,2024-12-06,ΕΝΤΑΛΜΑ ΠΛΗΡΩΜΗΣ ΜΠΑΛΑΣΚΑΣ ΓΕΩΡΓΙΟΣ (073571028),073571028,ΜΠΑΛΑΣΚΑΣ ΓΕΩΡΓΙΟΣ (073571028),719.17,,
Ψ8ΗΜ4690ΒΧ-1Ε5,2024-12-06,ΕΝΤΑΛΜΑ ΠΛΗΡΩΜΗΣ ΚΟΝΤΟΓΙΑΝΝΗ ΟΥΡΑΝΙΑ (301366552),301366552,ΚΟΝΤΟΓΙΑΝΝΗ ΟΥΡΑΝΙΑ (301366552),4269.56,,
Ψ2ΗΩ4690ΒΧ-ΛΙ3,2024-12-06,ΕΝΤΑΛΜΑ ΠΛΗΡΩΜΗΣ ΚΑΚΑΒΟΣ Ι.ΔΗΜΗΤΡΙΟΣ (119540879),119540879,ΚΑΚΑΒΟΣ Ι.ΔΗΜΗΤΡΙΟΣ (119540879),6785.31,,
ΨΦ344690ΒΧ-Σ8Ω,2024-12-06,ΕΝΤΑΛΜΑ ΠΛΗΡΩΜΗΣ ΚΑΚΑΒΟΣ Ι.ΔΗΜΗΤΡΙΟΣ (119540879),119540879,ΚΑΚΑΒΟΣ Ι.ΔΗΜΗΤΡΙΟΣ (119540879),524.32,,
91ΟΝ4690ΒΧ-Ξ6Ρ,2024-12-05,ΕΝΤΑΛΜΑ ΠΛΗΡΩΜΗΣ ΧΑΡΑΛΑΜΠΟΣ Σ.ΛΙΒΙΤΣΑΝΟΣ (049209027),049209027,ΧΑΡΑΛΑΜΠΟΣ Σ.ΛΙΒΙΤΣΑΝΟΣ (049209027),270.0,,
9ΕΞΡ4690ΒΧ-ΦΦΘ,2024-12-05,ΕΝΤΑΛΜΑ ΠΛΗΡΩΜΗΣ ΣΤΡΑΤΗΣ ΝΙΚ.ΑΡΑΒΑΝΗΣ ΣΙΑ Ο.Ε (092053060),092053060,ΣΤΡΑΤΗΣ ΝΙΚ.ΑΡΑΒΑΝΗΣ ΣΙΑ Ο.Ε (092053060),646.3,,
65ΒΟ4690ΒΧ-ΜΧ7,2024-12-05,ΕΝΤΑΛΜΑ ΠΛΗΡΩΜΗΣ ΡΟΝΤΟΓΙΑΝΝΗΣ ΝΙΚΟΛΑΟΣ (301370400),301370400,ΡΟΝΤΟΓΙΑΝΝΗΣ ΝΙΚΟΛΑΟΣ (301370400),1472.5,,
ΨΧ5Λ4690ΒΧ-ΔΤΣ,2024-12-05,ΕΝΤΑΛΜΑ ΠΛΗΡΩΜΗΣ ΡΟΝΤΟΓΙΑΝΝΗΣ ΝΙΚΟΛΑΟΣ (301370400),301370400,ΡΟΝΤΟΓΙΑΝΝΗΣ ΝΙΚΟΛΑΟΣ (301370400),124.0,,
9ΛΦΕ4690ΒΧ-ΘΔΦ,2024-12-05,ΕΝΤΑΛΜΑ ΠΛΗΡΩΜΗΣ ΡΟΝΤΟΓΙΑΝΝΗΣ ΝΙΚΟΛΑΟΣ (301370400),301370400,ΡΟΝΤΟΓΙΑΝΝΗΣ ΝΙΚΟΛΑΟΣ (301370400),396.0,,
6ΩΒΣ4690ΒΧ-ΡΣ5,2024-12-05,ΕΝΤΑΛΜΑ ΠΛΗΡΩΜΗΣ ΝΙΚΟΛΑΟΣ ΚΟΥΡΤΗΣ   ΣΙΑ Ε.Ε (997915143),997915143,ΝΙΚΟΛΑΟΣ ΚΟΥΡΤΗΣ   ΣΙΑ Ε.Ε (997915143),80.27,,
ΨΤΠΡ4690ΒΧ-ΕΒ5,2024-12-05,ΕΝΤΑΛΜΑ ΠΛΗΡΩΜΗΣ ΚΑΤΩΠΟΔΗΣ Μ.-ΚΑΒΒΑΔΑ Ε.Ε.Π.Ε. (997917019),997917019,ΚΑΤΩΠΟΔΗΣ Μ.-ΚΑΒΒΑΔΑ Ε.Ε.Π.Ε. (997917019),1086.74,,
Ρ1714690ΒΧ-7ΞΠ,2024-12-05,ΕΝΤΑΛΜΑ ΠΛΗΡΩΜΗΣ ΘΕΟΧΑΡΗΣ ΚΩΝΣΤΑΝΤΙΝΟΣ (074168641),074168641,ΘΕΟΧΑΡΗΣ ΚΩΝΣΤΑΝΤΙΝΟΣ (074168641),1350.36,,
Ψ6ΨΛ4690ΒΧ-Ψ4Κ,2024-12-05,ΕΝΤΑΛΜΑ ΠΛΗΡΩΜΗΣ ΘΕΟΧΑΡΗΣ ΚΩΝΣΤΑΝΤΙΝΟΣ (074168641),074168641,ΘΕΟΧΑΡΗΣ ΚΩΝΣΤΑΝΤΙΝΟΣ (074168641),802.28,,
Ψ55Λ4690ΒΧ-ΗΧ5,2024-12-05,ΕΝΤΑΛΜΑ ΠΛΗΡΩΜΗΣ ΕΞΟΠΛΙΣΤΙΚΗ ΛΕΥΚΑΔΑΣ (801720654),801720654,ΕΞΟΠΛΙΣΤΙΚΗ ΛΕΥΚΑΔΑΣ (801720654),95.48,,
9Π3Υ4690ΒΧ-0Ο9,2024-12-05,ΕΝΤΑΛΜΑ ΠΛΗΡΩΜΗΣ ΕΛΛΗΝΙΚΑ ΚΑΥΣΙΜΑ ΟΡΥΚΤΕΛΑΙΑ ΜΟΝΟΠΡ.ΑΝΩΝ.ΒΙΟΜΗΧ.  ΕΜΠΟΡ.ΕΤΑΙΡΕΙΑ (094010146),094010146,ΕΛΛΗΝΙΚΑ ΚΑΥΣΙΜΑ ΟΡΥΚΤΕΛΑΙΑ ΜΟΝΟΠΡ.ΑΝΩΝ.ΒΙΟΜΗΧ.  ΕΜΠΟΡ.ΕΤΑΙΡΕΙΑ (094010146),34505.36,,
ΨΣ324690ΒΧ-ΔΦΜ,2024-12-05,ΕΝΤΑΛΜΑ ΠΛΗΡΩΜΗΣ ΔΟΥΚΑΣ ΝΙΚΟΛΑΟΣ (049685100),049685100,ΔΟΥΚΑΣ ΝΙΚΟΛΑΟΣ (049685100),240.0,,
ΡΚΦΖ4690ΒΧ-Υ5Ξ,2024-12-05,ΕΝΤΑΛΜΑ ΠΛΗΡΩΜΗΣ ΓΑΝΤΖΙΑΣ ΠΑΝΑΓΙΩΤΗΣ (048114422),048114422,ΓΑΝΤΖΙΑΣ ΠΑΝΑΓΙΩΤΗΣ (048114422),6548.7,,
6Δ8Β4690ΒΧ-ΝΚΜ,2024-12-05,ΕΝΤΑΛΜΑ ΠΛΗΡΩΜΗΣ TYPO-CENTER ΓΕΡ.ΒΕΡΓΙΝΗΣ (028558054),028558054,TYPO-CENTER ΓΕΡ.ΒΕΡΓΙΝΗΣ (028558054),124.17,,
ΡΓΚΔ4690ΒΧ-8ΦΗ,2024-12-05,ΕΝΤΑΛΜΑ ΠΛΗΡΩΜΗΣ SPETMEDICAL I.K.E. (800820495),800820495,SPETMEDICAL I.K.E. (800820495),485.9,,
ΨΞΚΠ4690ΒΧ-ΔΩΒ,2024-12-05,ΕΝΤΑΛΜΑ ΠΛΗΡΩΜΗΣ A SECURITY ΑΥΓΕΡΙΝΟΣ ΙΩΑΝΝΗΣ (106923693),106923693,A SECURITY ΑΥΓΕΡΙΝΟΣ ΙΩΑΝΝΗΣ (106923693),483.6,,
6ΡΑΑ4690ΒΧ-Υ5Κ,2024-12-04,ΕΝΤΑΛΜΑ ΠΛΗΡΩΜΗΣ ΖΑΒΙΤΣΑΝΟΣ ΙΩΑΝΝΗΣ ΑΠΟΣΤ. (010138137),010138137,ΖΑΒΙΤΣΑΝΟΣ ΙΩΑΝΝΗΣ ΑΠΟΣΤ. (010138137),5400.0,,
6ΜΖΟ4690ΒΧ-1ΙΟ,2024-12-04,ΕΝΤΑΛΜΑ ΠΛΗΡΩΜΗΣ ΓΕΩΡΓΙΟΣ ΜΑΡΚΟΥΙΖΟΣ ΓΕΝΙΚΟΣ ΧΕΙΡΟΥΡΓΟΣ (022050942),022050942,ΓΕΩΡΓΙΟΣ ΜΑΡΚΟΥΙΖΟΣ ΓΕΝΙΚΟΣ ΧΕΙΡΟΥΡΓΟΣ (022050942),6533.56,,
9ΓΨ84690ΒΧ-ΦΟ1,2024-11-25,ΕΝΤΑΛΜΑ ΠΛΗΡΩΜΗΣ ΓΕΝΙΚΗ ΧΗΜΙΚΩΝ ΠΡΟΙΟΝΤΩΝ Α.Ε (094133588),094133588,ΓΕΝΙΚΗ ΧΗΜΙΚΩΝ ΠΡΟΙΟΝΤΩΝ Α.Ε (094133588),12800.52,,
6Τ3Ζ4690ΒΧ-ΔΩΨ,2024-11-25,ΕΝΤΑΛΜΑ ΠΛΗΡΩΜΗΣ V   L VIOLAK INTERNATIONAL A.E (099370337),099370337,V   L VIOLAK INTERNATIONAL A.E (099370337),1012.36,,
ΨΨΧΛ4690ΒΧ-20Θ,2024-11-25,ΕΝΤΑΛΜΑ ΠΛΗΡΩΜΗΣ V   L VIOLAK INTERNATIONAL A.E (099370337),099370337,V   L VIOLAK INTERNATIONAL A.E (099370337),1389.78,,
6ΤΝΩ4690ΒΧ-5ΧΗ,2024-11-25,ΕΝΤΑΛΜΑ ΠΛΗΡΩΜΗΣ V   L VIOLAK INTERNATIONAL A.E (099370337),099370337,V   L VIOLAK INTERNATIONAL A.E (099370337),3430.23,,
9Λ4Ο4690ΒΧ-ΧΘΚ,2024-11-25,ΕΝΤΑΛΜΑ ΠΛΗΡΩΜΗΣ V   L VIOLAK INTERNATIONAL A.E (099370337),099370337,V   L VIOLAK INTERNATIONAL A.E (099370337),2236.89,,
9ΥΞΚ4690ΒΧ-Π1Υ,2024-11-25,ΕΝΤΑΛΜΑ ΠΛΗΡΩΜΗΣ V   L VIOLAK INTERNATIONAL A.E (099370337),099370337,V   L VIOLAK INTERNATIONAL A.E (099370337),2990.77,,
ΨΕ034690ΒΧ-Χ29,2024-11-25,ΕΝΤΑΛΜΑ ΠΛΗΡΩΜΗΣ V   L VIOLAK INTERNATIONAL A.E (099370337),099370337,V   L VIOLAK INTERNATIONAL A.E (099370337),1515.5,,
6ΘΠΜ4690ΒΧ-2Ξ1,2024-11-27,ΕΝΤΑΛΜΑ ΠΛΗΡΩΜΗΣ KARL STORZ-ΕΝΔΟΣΚΟΠΙΑ ΕΛΛΑΔΟΣ Ε.Π.Ε (998361490),998361490,KARL STORZ-ΕΝΔΟΣΚΟΠΙΑ ΕΛΛΑΔΟΣ Ε.Π.Ε (998361490),2356.0,,
9ΒΘ74690ΒΧ-3ΣΖ,2024-11-27,ΕΝΤΑΛΜΑ ΠΛΗΡΩΜΗΣ KARL STORZ-ΕΝΔΟΣΚΟΠΙΑ ΕΛΛΑΔΟΣ Ε.Π.Ε (998361490),998361490,KARL STORZ-ΕΝΔΟΣΚΟΠΙΑ ΕΛΛΑΔΟΣ Ε.Π.Ε (998361490),892.8,,
6Η6Κ4690ΒΧ-ΥΙΟ,2024-11-27,ΕΝΤΑΛΜΑ ΠΛΗΡΩΜΗΣ KARL STORZ-ΕΝΔΟΣΚΟΠΙΑ ΕΛΛΑΔΟΣ Ε.Π.Ε (998361490),998361490,KARL STORZ-ΕΝΔΟΣΚΟΠΙΑ ΕΛΛΑΔΟΣ Ε.Π.Ε (998361490),1190.4,,
6ΔΙΖ4690ΒΧ-ΧΒ3,2024-11-27,ΕΝΤΑΛΜΑ ΠΛΗΡΩΜΗΣ KARL STORZ-ΕΝΔΟΣΚΟΠΙΑ ΕΛΛΑΔΟΣ Ε.Π.Ε (998361490),998361490,KARL STORZ-ΕΝΔΟΣΚΟΠΙΑ ΕΛΛΑΔΟΣ Ε.Π.Ε (998361490),3216.56,,
609Λ4690ΒΧ-ΡΩΥ,2024-11-27,ΕΝΤΑΛΜΑ ΠΛΗΡΩΜΗΣ KARL STORZ-ΕΝΔΟΣΚΟΠΙΑ ΕΛΛΑΔΟΣ Ε.Π.Ε (998361490),998361490,KARL STORZ-ΕΝΔΟΣΚΟΠΙΑ ΕΛΛΑΔΟΣ Ε.Π.Ε (998361490),3392.64,,
9ΠΓΔ4690ΒΧ-Φ6Π,2024-12-04,ΕΝΤΑΛΜΑ ΠΛΗΡΩΜΗΣ ΔΗΜ.ΕΠΙΧ/ΣΗ ΗΛΕΚΤΡΙΣΜΟΥ ΑΕ (090000045),090000045,ΔΗΜ.ΕΠΙΧ/ΣΗ ΗΛΕΚΤΡΙΣΜΟΥ ΑΕ (090000045),42593.23,,
6ΖΝΘ4690ΒΧ-Ρ16,2024-12-04,ΕΝΤΑΛΜΑ ΠΛΗΡΩΜΗΣ ΔΗΜΟΣ ΛΕΥΚΑΔΑΣ (997916281),997916281,ΔΗΜΟΣ ΛΕΥΚΑΔΑΣ (997916281),7.0,,
9ΒΔΤ4690ΒΧ-414,2024-12-04,ΕΝΤΑΛΜΑ ΠΛΗΡΩΜΗΣ ΔΗΜΟΣ ΛΕΥΚΑΔΑΣ (997916281),997916281,ΔΗΜΟΣ ΛΕΥΚΑΔΑΣ (997916281),13.09,,
9Υ594690ΒΧ-8Ρ7,2024-12-04,ΕΝΤΑΛΜΑ ΠΛΗΡΩΜΗΣ ΔΗΜΟΣ ΛΕΥΚΑΔΑΣ (997916281),997916281,ΔΗΜΟΣ ΛΕΥΚΑΔΑΣ (997916281),66.0,,
63Κ74690ΒΧ-ΙΙΦ,2024-12-04,ΕΝΤΑΛΜΑ ΠΛΗΡΩΜΗΣ ΔΗΜΟΣ ΛΕΥΚΑΔΑΣ (997916281),997916281,ΔΗΜΟΣ ΛΕΥΚΑΔΑΣ (997916281),12892.0,,
ΨΕΞΤ4690ΒΧ-Γ9Σ,2024-11-21,ΕΝΤΑΛΜΑ ΠΛΗΡΩΜΗΣ INTER MEDICA ΕΜΜ.Τ.ΤΖΑΝΙΔΑΚΗΣ (011651035),011651035,INTER MEDICA ΕΜΜ.Τ.ΤΖΑΝΙΔΑΚΗΣ (011651035),1116.0,,
9ΥΠΠ4690ΒΧ-ΣΚΜ,2024-11-21,ΕΝΤΑΛΜΑ ΠΛΗΡΩΜΗΣ INTER MEDICA ΕΜΜ.Τ.ΤΖΑΝΙΔΑΚΗΣ (011651035),011651035,INTER MEDICA ΕΜΜ.Τ.ΤΖΑΝΙΔΑΚΗΣ (011651035),2129.08,,
9Σ7Η4690ΒΧ-ΛΤΘ,2024-11-25,ΕΝΤΑΛΜΑ ΠΛΗΡΩΜΗΣ MILONAS HEALTH A.E. (998179225),998179225,MILONAS HEALTH A.E. (998179225),1467.64,,
ΡΛΠΡ4690ΒΧ-ΛΝΛ,2024-11-25,ΕΝΤΑΛΜΑ ΠΛΗΡΩΜΗΣ MILONAS HEALTH A.E. (998179225),998179225,MILONAS HEALTH A.E. (998179225),304.78,,
68ΜΧ4690ΒΧ-ΔΘΙ,2024-11-27,ΕΝΤΑΛΜΑ ΠΛΗΡΩΜΗΣ TELEFLEX MEDICAL ΕΛΛΑΣ ΑΕΕ (094429990),094429990,TELEFLEX MEDICAL ΕΛΛΑΣ ΑΕΕ (094429990),2356.0,,
6ΩΡ64690ΒΧ-ΚΩ2,2024-11-27,ΕΝΤΑΛΜΑ ΠΛΗΡΩΜΗΣ TELEFLEX MEDICAL ΕΛΛΑΣ ΑΕΕ (094429990),094429990,TELEFLEX MEDICAL ΕΛΛΑΣ ΑΕΕ (094429990),201.24,,
98Θ64690ΒΧ-238,2024-11-27,ΕΝΤΑΛΜΑ ΠΛΗΡΩΜΗΣ TELEFLEX MEDICAL ΕΛΛΑΣ ΑΕΕ (094429990),094429990,TELEFLEX MEDICAL ΕΛΛΑΣ ΑΕΕ (094429990),595.2,,
9ΦΒ64690ΒΧ-Δ3Ξ,2024-11-27,ΕΝΤΑΛΜΑ ΠΛΗΡΩΜΗΣ TELEFLEX MEDICAL ΕΛΛΑΣ ΑΕΕ (094429990),094429990,TELEFLEX MEDICAL ΕΛΛΑΣ ΑΕΕ (094429990),5.09,,
6ΨΔΘ4690ΒΧ-ΝΣ9,2024-11-25,ΕΝΤΑΛΜΑ ΠΛΗΡΩΜΗΣ PAUL HARTMANN Hellas A.E. (999862491),999862491,PAUL HARTMANN Hellas A.E. (999862491),342.24,,
ΡΩ0Σ4690ΒΧ-39Ε,2024-11-25,ΕΝΤΑΛΜΑ ΠΛΗΡΩΜΗΣ PAUL HARTMANN Hellas A.E. (999862491),999862491,PAUL HARTMANN Hellas A.E. (999862491),1978.72,,
61ΒΞ4690ΒΧ-4ΒΓ,2024-11-27,ΕΝΤΑΛΜΑ ΠΛΗΡΩΜΗΣ Medical Point .ΧΡ.ΜΟΥΤΑΦΗΣ Ε.Ε (998630320),998630320,Medical Point .ΧΡ.ΜΟΥΤΑΦΗΣ Ε.Ε (998630320),241.18,,
ΨΦΩΩ4690ΒΧ-Τ5Δ,2024-11-27,ΕΝΤΑΛΜΑ ΠΛΗΡΩΜΗΣ Medical Point .ΧΡ.ΜΟΥΤΑΦΗΣ Ε.Ε (998630320),998630320,Medical Point .ΧΡ.ΜΟΥΤΑΦΗΣ Ε.Ε (998630320),208.63,,
Ρ4Ι34690ΒΧ-0Β4,2024-11-27,ΕΝΤΑΛΜΑ ΠΛΗΡΩΜΗΣ Medical Point .ΧΡ.ΜΟΥΤΑΦΗΣ Ε.Ε (998630320),998630320,Medical Point .ΧΡ.ΜΟΥΤΑΦΗΣ Ε.Ε (998630320),101.3,,
ΨΧΖΛ4690ΒΧ-8ΓΘ,2024-11-27,ΕΝΤΑΛΜΑ ΠΛΗΡΩΜΗΣ MEDI SUP AE (094447320),094447320,MEDI SUP AE (094447320),534.26,,
Ψ8ΩΞ4690ΒΧ-ΧΑΡ,2024-11-27,ΕΝΤΑΛΜΑ ΠΛΗΡΩΜΗΣ MEDI SUP AE (094447320),094447320,MEDI SUP AE (094447320),1543.4,,
ΨΣ504690ΒΧ-Ν5Θ,2024-11-26,ΕΝΤΑΛΜΑ ΠΛΗΡΩΜΗΣ ΓΕΝΙΚΗ ΧΗΜΙΚΩΝ ΠΡΟΙΟΝΤΩΝ Α.Ε (094133588),094133588,ΓΕΝΙΚΗ ΧΗΜΙΚΩΝ ΠΡΟΙΟΝΤΩΝ Α.Ε (094133588),3453.53,,
6ΞΩΠ4690ΒΧ-ΞΨ7,2024-11-26,ΕΝΤΑΛΜΑ ΠΛΗΡΩΜΗΣ ΓΕΝΙΚΗ ΧΗΜΙΚΩΝ ΠΡΟΙΟΝΤΩΝ Α.Ε (094133588),094133588,ΓΕΝΙΚΗ ΧΗΜΙΚΩΝ ΠΡΟΙΟΝΤΩΝ Α.Ε (094133588),1360.41,,
6Ρ9Λ4690ΒΧ-3ΑΥ,2024-11-26,ΕΝΤΑΛΜΑ ΠΛΗΡΩΜΗΣ ΓΕΝΙΚΗ ΧΗΜΙΚΩΝ ΠΡΟΙΟΝΤΩΝ Α.Ε (094133588),094133588,ΓΕΝΙΚΗ ΧΗΜΙΚΩΝ ΠΡΟΙΟΝΤΩΝ Α.Ε (094133588),255.94,,
ΨΣΟΕ4690ΒΧ-Δ7Ι,2024-11-26,ΕΝΤΑΛΜΑ ΠΛΗΡΩΜΗΣ ΓΕΝΙΚΗ ΧΗΜΙΚΩΝ ΠΡΟΙΟΝΤΩΝ Α.Ε (094133588),094133588,ΓΕΝΙΚΗ ΧΗΜΙΚΩΝ ΠΡΟΙΟΝΤΩΝ Α.Ε (094133588),406.8,,
9Ω6Ρ4690ΒΧ-8Β0,2024-11-27,ΕΝΤΑΛΜΑ ΠΛΗΡΩΜΗΣ ΑΝΑΣΤΑΣΙΟΣ ΜΑΥΡΟΓΕΝΗΣ Α.Ε. (082525697),082525697,ΑΝΑΣΤΑΣΙΟΣ ΜΑΥΡΟΓΕΝΗΣ Α.Ε. (082525697),4959.53,,
6Ψ424690ΒΧ-Χ3Λ,2024-11-27,ΕΝΤΑΛΜΑ ΠΛΗΡΩΜΗΣ ΑΝΑΣΤΑΣΙΟΣ ΜΑΥΡΟΓΕΝΗΣ Α.Ε. (082525697),082525697,ΑΝΑΣΤΑΣΙΟΣ ΜΑΥΡΟΓΕΝΗΣ Α.Ε. (082525697),390.39,,
Ψ2ΒΘ4690ΒΧ-ΑΤΜ,2024-11-27,ΕΝΤΑΛΜΑ ΠΛΗΡΩΜΗΣ ΑΝΑΣΤΑΣΙΟΣ ΜΑΥΡΟΓΕΝΗΣ Α.Ε. (082525697),082525697,ΑΝΑΣΤΑΣΙΟΣ ΜΑΥΡΟΓΕΝΗΣ Α.Ε. (082525697),2847.6,,
62ΝΠ4690ΒΧ-83Ω,2024-11-27,ΕΝΤΑΛΜΑ ΠΛΗΡΩΜΗΣ ΑΝΑΣΤΑΣΙΟΣ ΜΑΥΡΟΓΕΝΗΣ Α.Ε. (082525697),082525697,ΑΝΑΣΤΑΣΙΟΣ ΜΑΥΡΟΓΕΝΗΣ Α.Ε. (082525697),2258.4,,
6ΙΛ94690ΒΧ-ΕΥΚ,2024-11-27,ΕΝΤΑΛΜΑ ΠΛΗΡΩΜΗΣ ΑΝΑΣΤΑΣΙΟΣ ΜΑΥΡΟΓΕΝΗΣ Α.Ε. (082525697),082525697,ΑΝΑΣΤΑΣΙΟΣ ΜΑΥΡΟΓΕΝΗΣ Α.Ε. (082525697),2436.6,,
Ψ7Ν74690ΒΧ-75Τ,2024-11-27,ΕΝΤΑΛΜΑ ΠΛΗΡΩΜΗΣ ΑΝΑΣΤΑΣΙΟΣ ΜΑΥΡΟΓΕΝΗΣ Α.Ε. (082525697),082525697,ΑΝΑΣΤΑΣΙΟΣ ΜΑΥΡΟΓΕΝΗΣ Α.Ε. (082525697),3849.16,,
69Ρ84690ΒΧ-8Ι1,2024-11-27,ΕΝΤΑΛΜΑ ΠΛΗΡΩΜΗΣ ΑΝΑΣΤΑΣΙΟΣ ΜΑΥΡΟΓΕΝΗΣ Α.Ε. (082525697),082525697,ΑΝΑΣΤΑΣΙΟΣ ΜΑΥΡΟΓΕΝΗΣ Α.Ε. (082525697),4492.95,,
Ψ63Β4690ΒΧ-ΕΞΜ,2024-11-27,ΕΝΤΑΛΜΑ ΠΛΗΡΩΜΗΣ ΑΝΑΣΤΑΣΙΟΣ ΜΑΥΡΟΓΕΝΗΣ Α.Ε. (082525697),082525697,ΑΝΑΣΤΑΣΙΟΣ ΜΑΥΡΟΓΕΝΗΣ Α.Ε. (082525697),11532.0,,
9Ι5Σ4690ΒΧ-ΑΟΨ,2024-11-27,ΕΝΤΑΛΜΑ ΠΛΗΡΩΜΗΣ Α. ΤΡΙΑΝΤΑΦΥΛΛΟΠΟΥΛΟΣ Ε.Ε (800896490),800896490,Α. ΤΡΙΑΝΤΑΦΥΛΛΟΠΟΥΛΟΣ Ε.Ε (800896490),29.68,,
ΨΜΘΩ4690ΒΧ-ΛΜ6,2024-11-27,ΕΝΤΑΛΜΑ ΠΛΗΡΩΜΗΣ Α. ΤΡΙΑΝΤΑΦΥΛΛΟΠΟΥΛΟΣ Ε.Ε (800896490),800896490,Α. ΤΡΙΑΝΤΑΦΥΛΛΟΠΟΥΛΟΣ Ε.Ε (800896490),135.04,,
ΨΧΠΑ4690ΒΧ-ΕΞΘ,2024-11-27,ΕΝΤΑΛΜΑ ΠΛΗΡΩΜΗΣ Α. ΤΡΙΑΝΤΑΦΥΛΛΟΠΟΥΛΟΣ Ε.Ε (800896490),800896490,Α. ΤΡΙΑΝΤΑΦΥΛΛΟΠΟΥΛΟΣ Ε.Ε (800896490),383.72,,
9Γ0Χ4690ΒΧ-ΕΨ7,2024-11-25,ΕΝΤΑΛΜΑ ΠΛΗΡΩΜΗΣ ΠΕΤΡΟΣ ΧΑΡ.ΚΟΣΜΙΔΗΣ   ΣΙΑ Ε.Ε. (999685389),999685389,ΠΕΤΡΟΣ ΧΑΡ.ΚΟΣΜΙΔΗΣ   ΣΙΑ Ε.Ε. (999685389),539.4,,
6Ν934690ΒΧ-ΤΟΙ,2024-11-25,ΕΝΤΑΛΜΑ ΠΛΗΡΩΜΗΣ ΠΕΤΡΟΣ ΧΑΡ.ΚΟΣΜΙΔΗΣ   ΣΙΑ Ε.Ε. (999685389),999685389,ΠΕΤΡΟΣ ΧΑΡ.ΚΟΣΜΙΔΗΣ   ΣΙΑ Ε.Ε. (999685389),74.4,,
ΨΩΖΙ4690ΒΧ-Δ3Ο,2024-11-25,ΕΝΤΑΛΜΑ ΠΛΗΡΩΜΗΣ ΠΕΤΡΟΣ ΧΑΡ.ΚΟΣΜΙΔΗΣ   ΣΙΑ Ε.Ε. (999685389),999685389,ΠΕΤΡΟΣ ΧΑΡ.ΚΟΣΜΙΔΗΣ   ΣΙΑ Ε.Ε. (999685389),322.4,,
6ΦΑ74690ΒΧ-ΗΤΗ,2024-11-25,ΕΝΤΑΛΜΑ ΠΛΗΡΩΜΗΣ ΠΕΤΡΟΣ ΧΑΡ.ΚΟΣΜΙΔΗΣ   ΣΙΑ Ε.Ε. (999685389),999685389,ΠΕΤΡΟΣ ΧΑΡ.ΚΟΣΜΙΔΗΣ   ΣΙΑ Ε.Ε. (999685389),1823.2,,
Ψ81Ψ4690ΒΧ-ΤΚΠ,2024-11-25,ΕΝΤΑΛΜΑ ΠΛΗΡΩΜΗΣ ΠΑΥΛΟΣ ΑΡΝΑΟΥΤΗΣ Α.Ε. (094178060),094178060,ΠΑΥΛΟΣ ΑΡΝΑΟΥΤΗΣ Α.Ε. (094178060),1843.25,,
9ΕΛ94690ΒΧ-2Ο5,2024-11-25,ΕΝΤΑΛΜΑ ΠΛΗΡΩΜΗΣ ΕΝΟΡΑΣΙΣ Α.Ε. (094503580),094503580,ΕΝΟΡΑΣΙΣ Α.Ε. (094503580),2676.42,,
96ΑΡ4690ΒΧ-Ι11,2024-11-25,ΕΝΤΑΛΜΑ ΠΛΗΡΩΜΗΣ ΕΛΛΕΝΚΟ Α.Ε. (094074824),094074824,ΕΛΛΕΝΚΟ Α.Ε. (094074824),613.8,,
ΨΔΣΦ4690ΒΧ-043,2024-11-25,ΕΝΤΑΛΜΑ ΠΛΗΡΩΜΗΣ ΕΛΛΕΝΚΟ Α.Ε. (094074824),094074824,ΕΛΛΕΝΚΟ Α.Ε. (094074824),1091.98,,
ΨΣΖΦ4690ΒΧ-6ΒΧ,2024-11-25,ΕΝΤΑΛΜΑ ΠΛΗΡΩΜΗΣ ΕΛΛΕΝΚΟ Α.Ε. (094074824),094074824,ΕΛΛΕΝΚΟ Α.Ε. (094074824),315.8,,
6ΤΓΓ4690ΒΧ-2Ε2,2024-11-25,ΕΝΤΑΛΜΑ ΠΛΗΡΩΜΗΣ ΕΛΛΕΝΚΟ Α.Ε. (094074824),094074824,ΕΛΛΕΝΚΟ Α.Ε. (094074824),2190.12,,
ΨΩΝ84690ΒΧ-Ρ55,2024-11-25,ΕΝΤΑΛΜΑ ΠΛΗΡΩΜΗΣ ΑΡΗΤΗ Α.Ε. (094251753),094251753,ΑΡΗΤΗ Α.Ε. (094251753),12634.78,,
92Ν24690ΒΧ-Η2Ι,2024-11-25,ΕΝΤΑΛΜΑ ΠΛΗΡΩΜΗΣ ΑΡΗΤΗ Α.Ε. (094251753),094251753,ΑΡΗΤΗ Α.Ε. (094251753),7578.58,,
6ΣΠ24690ΒΧ-0Η1,2024-11-26,ΕΝΤΑΛΜΑ ΠΛΗΡΩΜΗΣ VAKTRO SCIENTIFIC ΣΤΑΥΡΟΣ ΑΓΓΕΛΟΠΟΥΛΟΣ   ΣΙΑ Ο.Ε (084221869),084221869,VAKTRO SCIENTIFIC ΣΤΑΥΡΟΣ ΑΓΓΕΛΟΠΟΥΛΟΣ   ΣΙΑ Ο.Ε (084221869),6501.4,,
ΨΜΘΝ4690ΒΧ-Γ1Δ,2024-11-26,ΕΝΤΑΛΜΑ ΠΛΗΡΩΜΗΣ VAKTRO SCIENTIFIC ΣΤΑΥΡΟΣ ΑΓΓΕΛΟΠΟΥΛΟΣ   ΣΙΑ Ο.Ε (084221869),084221869,VAKTRO SCIENTIFIC ΣΤΑΥΡΟΣ ΑΓΓΕΛΟΠΟΥΛΟΣ   ΣΙΑ Ο.Ε (084221869),4460.0,,
65ΣΦ4690ΒΧ-ΝΚΣ,2024-11-26,ΕΝΤΑΛΜΑ ΠΛΗΡΩΜΗΣ VAKTRO SCIENTIFIC ΣΤΑΥΡΟΣ ΑΓΓΕΛΟΠΟΥΛΟΣ   ΣΙΑ Ο.Ε (084221869),084221869,VAKTRO SCIENTIFIC ΣΤΑΥΡΟΣ ΑΓΓΕΛΟΠΟΥΛΟΣ   ΣΙΑ Ο.Ε (084221869),3409.38,,
Ψ29Ι4690ΒΧ-ΚΣΑ,2024-11-26,ΕΝΤΑΛΜΑ ΠΛΗΡΩΜΗΣ PROGNOSIS BIOTECH Α.Ε. (997845150),997845150,PROGNOSIS BIOTECH Α.Ε. (997845150),4706.4,,
6ΙΚΤ4690ΒΧ-ΔΧΔ,2024-11-26,ΕΝΤΑΛΜΑ ΠΛΗΡΩΜΗΣ NEW DIAGNOSTIC DIMENSION LTD (095618368),095618368,NEW DIAGNOSTIC DIMENSION LTD (095618368),279.84,,
9ΧΩΗ4690ΒΧ-Χ7Ε,2024-11-25,ΕΝΤΑΛΜΑ ΠΛΗΡΩΜΗΣ MILONAS HEALTH A.E. (998179225),998179225,MILONAS HEALTH A.E. (998179225),316.95,,
6ΥΡΑ4690ΒΧ-ΛΩΣ,2024-11-25,ΕΝΤΑΛΜΑ ΠΛΗΡΩΜΗΣ MILONAS HEALTH A.E. (998179225),998179225,MILONAS HEALTH A.E. (998179225),724.25,,
6ΞΣΞ4690ΒΧ-2ΝΘ,2024-11-25,ΕΝΤΑΛΜΑ ΠΛΗΡΩΜΗΣ MILONAS HEALTH A.E. (998179225),998179225,MILONAS HEALTH A.E. (998179225),4655.41,,
ΡΛΘΔ4690ΒΧ-ΨΘΤ,2024-11-22,ΕΝΤΑΛΜΑ ΠΛΗΡΩΜΗΣ ΤΗΛ.Κ.ΓΙΟΚΑΡΗΣ   ΣΙΑ ΟΕ DOCTOF (081564690),081564690,ΤΗΛ.Κ.ΓΙΟΚΑΡΗΣ   ΣΙΑ ΟΕ DOCTOF (081564690),2494.6,,
6ΙΔΑ4690ΒΧ-624,2024-11-22,ΕΝΤΑΛΜΑ ΠΛΗΡΩΜΗΣ ΞΕΝΟΦΩΝ ΓΕΡΜΑΝΟΣ Α.Ε.Ε. (094326835),094326835,ΞΕΝΟΦΩΝ ΓΕΡΜΑΝΟΣ Α.Ε.Ε. (094326835),145.97,,
9ΔΓΘ4690ΒΧ-Ο71,2024-11-22,ΕΝΤΑΛΜΑ ΠΛΗΡΩΜΗΣ ΞΕΝΟΦΩΝ ΓΕΡΜΑΝΟΣ Α.Ε.Ε. (094326835),094326835,ΞΕΝΟΦΩΝ ΓΕΡΜΑΝΟΣ Α.Ε.Ε. (094326835),1200.32,,
ΨΣΜΤ4690ΒΧ-ΥΛΞ,2024-11-22,ΕΝΤΑΛΜΑ ΠΛΗΡΩΜΗΣ ΞΕΝΟΦΩΝ ΓΕΡΜΑΝΟΣ Α.Ε.Ε. (094326835),094326835,ΞΕΝΟΦΩΝ ΓΕΡΜΑΝΟΣ Α.Ε.Ε. (094326835),1329.77,,
Ψ4ΟΚ4690ΒΧ-ΣΕΥ,2024-11-22,ΕΝΤΑΛΜΑ ΠΛΗΡΩΜΗΣ ΞΕΝΟΦΩΝ ΓΕΡΜΑΝΟΣ Α.Ε.Ε. (094326835),094326835,ΞΕΝΟΦΩΝ ΓΕΡΜΑΝΟΣ Α.Ε.Ε. (094326835),1980.09,,
ΡΗΞΝ4690ΒΧ-ΚΩΤ,2024-11-22,ΕΝΤΑΛΜΑ ΠΛΗΡΩΜΗΣ ΞΕΝΟΦΩΝ ΓΕΡΜΑΝΟΣ Α.Ε.Ε. (094326835),094326835,ΞΕΝΟΦΩΝ ΓΕΡΜΑΝΟΣ Α.Ε.Ε. (094326835),1653.04,,
98Ξ44690ΒΧ-ΞΟΜ,2024-11-22,ΕΝΤΑΛΜΑ ΠΛΗΡΩΜΗΣ ΝΟΣΟΚΟΜΕΙΑΚΗ ΓΡΑΜΜΗ Α.Ε (094396063),094396063,ΝΟΣΟΚΟΜΕΙΑΚΗ ΓΡΑΜΜΗ Α.Ε (094396063),551.94,,
Ψ49Β4690ΒΧ-64Θ,2024-11-22,ΕΝΤΑΛΜΑ ΠΛΗΡΩΜΗΣ ΝΟΣΟΚΟΜΕΙΑΚΗ ΓΡΑΜΜΗ Α.Ε (094396063),094396063,ΝΟΣΟΚΟΜΕΙΑΚΗ ΓΡΑΜΜΗ Α.Ε (094396063),7440.0,,
Ψ7ΙΛ4690ΒΧ-ΠΜΚ,2024-11-22,ΕΝΤΑΛΜΑ ΠΛΗΡΩΜΗΣ ΝΟΣΟΚΟΜΕΙΑΚΗ ΓΡΑΜΜΗ Α.Ε (094396063),094396063,ΝΟΣΟΚΟΜΕΙΑΚΗ ΓΡΑΜΜΗ Α.Ε (094396063),1932.3,,
6ΙΘ14690ΒΧ-ΑΜ1,2024-11-21,ΕΝΤΑΛΜΑ ΠΛΗΡΩΜΗΣ INTER MEDICA ΕΜΜ.Τ.ΤΖΑΝΙΔΑΚΗΣ (011651035),011651035,INTER MEDICA ΕΜΜ.Τ.ΤΖΑΝΙΔΑΚΗΣ (011651035),111.6,,
6ΧΦΟ4690ΒΧ-6ΝΟ,2024-11-21,ΕΝΤΑΛΜΑ ΠΛΗΡΩΜΗΣ INTER MEDICA ΕΜΜ.Τ.ΤΖΑΝΙΔΑΚΗΣ (011651035),011651035,INTER MEDICA ΕΜΜ.Τ.ΤΖΑΝΙΔΑΚΗΣ (011651035),114.08,,
9ΡΜ34690ΒΧ-ΟΛΟ,2024-11-21,ΕΝΤΑΛΜΑ ΠΛΗΡΩΜΗΣ INTER MEDICA ΕΜΜ.Τ.ΤΖΑΝΙΔΑΚΗΣ (011651035),011651035,INTER MEDICA ΕΜΜ.Τ.ΤΖΑΝΙΔΑΚΗΣ (011651035),477.4,,
9ΝΧΧ4690ΒΧ-Ν9Κ,2024-11-21,ΕΝΤΑΛΜΑ ΠΛΗΡΩΜΗΣ HOSPITECNICA ΕΠΕ (095526068),095526068,HOSPITECNICA ΕΠΕ (095526068),5532.88,,
ΨΒ7Ψ4690ΒΧ-Θ7Ι,2024-11-21,ΕΝΤΑΛΜΑ ΠΛΗΡΩΜΗΣ HOSPITECNICA ΕΠΕ (095526068),095526068,HOSPITECNICA ΕΠΕ (095526068),6348.78,,
Ψ1ΑΤ4690ΒΧ-Φ63,2024-11-21,ΕΝΤΑΛΜΑ ΠΛΗΡΩΜΗΣ Γ.ΣΑΜΑΡΑΣ ΑΒΕΕ (094373861),094373861,Γ.ΣΑΜΑΡΑΣ ΑΒΕΕ (094373861),282.72,,
9Α9Μ4690ΒΧ-Τ7Β,2024-11-21,ΕΝΤΑΛΜΑ ΠΛΗΡΩΜΗΣ klinikum plus Μονοπρόσωπη Ι.Κ.Ε (800888293),800888293,klinikum plus Μονοπρόσωπη Ι.Κ.Ε (800888293),334.8,,
6ΖΩΞ4690ΒΧ-ΨΣΨ,2024-11-21,ΕΝΤΑΛΜΑ ΠΛΗΡΩΜΗΣ klinikum plus Μονοπρόσωπη Ι.Κ.Ε (800888293),800888293,klinikum plus Μονοπρόσωπη Ι.Κ.Ε (800888293),1450.8,,
65ΓΘ4690ΒΧ-ΗΛ0,2024-11-21,ΕΝΤΑΛΜΑ ΠΛΗΡΩΜΗΣ klinikum plus Μονοπρόσωπη Ι.Κ.Ε (800888293),800888293,klinikum plus Μονοπρόσωπη Ι.Κ.Ε (800888293),1004.4,,
97ΔΔ4690ΒΧ-ΤΤΙ,2024-11-21,ΕΝΤΑΛΜΑ ΠΛΗΡΩΜΗΣ ΘΕΡΜΟΣΩΛ ΑΤΜΟΛΕΒΗΤΕΣ  Α.Ε. (094422651),094422651,ΘΕΡΜΟΣΩΛ ΑΤΜΟΛΕΒΗΤΕΣ  Α.Ε. (094422651),3583.6,,
6ΦΩ84690ΒΧ-Ν7Ν,2024-11-21,ΕΝΤΑΛΜΑ ΠΛΗΡΩΜΗΣ ΘΕΡΜΟΣΩΛ ΑΤΜΟΛΕΒΗΤΕΣ  Α.Ε. (094422651),094422651,ΘΕΡΜΟΣΩΛ ΑΤΜΟΛΕΒΗΤΕΣ  Α.Ε. (094422651),159.59,,
Ρ90Ι4690ΒΧ-3ΕΘ,2024-11-21,ΕΝΤΑΛΜΑ ΠΛΗΡΩΜΗΣ Rethink ΑΕΒΕ (999125269),999125269,Rethink ΑΕΒΕ (999125269),4778.96,,
ΨΘΥΤ4690ΒΧ-ΠΚ0,2024-11-21,ΕΝΤΑΛΜΑ ΠΛΗΡΩΜΗΣ ΑΝΤΙ-ΣΕΛ ΑΦΟΙ Α. ΣΕΛΙΔΗ ΑΕ (091569759),091569759,ΑΝΤΙ-ΣΕΛ ΑΦΟΙ Α. ΣΕΛΙΔΗ ΑΕ (091569759),148.8,,
93ΟΙ4690ΒΧ-ΧΗΣ,2024-11-21,ΕΝΤΑΛΜΑ ΠΛΗΡΩΜΗΣ ΑΝΤΙ-ΣΕΛ ΑΦΟΙ Α. ΣΕΛΙΔΗ ΑΕ (091569759),091569759,ΑΝΤΙ-ΣΕΛ ΑΦΟΙ Α. ΣΕΛΙΔΗ ΑΕ (091569759),1233.8,,
ΨΔ5Ι4690ΒΧ-ΩΕΥ,2024-11-21,ΕΝΤΑΛΜΑ ΠΛΗΡΩΜΗΣ ΑΝΤΙ-ΣΕΛ ΑΦΟΙ Α. ΣΕΛΙΔΗ ΑΕ (091569759),091569759,ΑΝΤΙ-ΣΕΛ ΑΦΟΙ Α. ΣΕΛΙΔΗ ΑΕ (091569759),1464.19,,
9ΗΥΒ4690ΒΧ-ΞΜΗ,2024-11-21,ΕΝΤΑΛΜΑ ΠΛΗΡΩΜΗΣ ΕΜ.Γ.ΛΑΒΔΑΚΗΣ Ο.Ε (081576638),081576638,ΕΜ.Γ.ΛΑΒΔΑΚΗΣ Ο.Ε (081576638),93.0,,
9ΓΘ24690ΒΧ-ΨΓΨ,2024-11-21,ΕΝΤΑΛΜΑ ΠΛΗΡΩΜΗΣ ΕΜ.Γ.ΛΑΒΔΑΚΗΣ Ο.Ε (081576638),081576638,ΕΜ.Γ.ΛΑΒΔΑΚΗΣ Ο.Ε (081576638),178.93,,
9ΩΒΣ4690ΒΧ-2ΡΖ,2024-11-21,ΕΝΤΑΛΜΑ ΠΛΗΡΩΜΗΣ ΑΦΟΙ ΠΑΠΑΝΑΣΤΑΣΙΟΥ Ο.Ε. (081308853),081308853,ΑΦΟΙ ΠΑΠΑΝΑΣΤΑΣΙΟΥ Ο.Ε. (081308853),584.86,,
9Θ9Π4690ΒΧ-Δ4Γ,2024-11-21,ΕΝΤΑΛΜΑ ΠΛΗΡΩΜΗΣ ΜΙΧΑΗΛ ΣΚΑΜΑΓΚΑΣ ΑΒΕΕ (999717761),999717761,ΜΙΧΑΗΛ ΣΚΑΜΑΓΚΑΣ ΑΒΕΕ (999717761),242.54,,
Ψ7ΟΘ4690ΒΧ-3ΚΒ,2024-11-21,ΕΝΤΑΛΜΑ ΠΛΗΡΩΜΗΣ ΜΙΧΑΗΛ ΣΚΑΜΑΓΚΑΣ ΑΒΕΕ (999717761),999717761,ΜΙΧΑΗΛ ΣΚΑΜΑΓΚΑΣ ΑΒΕΕ (999717761),20.21,,
ΨΠ5Ρ4690ΒΧ-ΔΙΩ,2024-11-21,ΕΝΤΑΛΜΑ ΠΛΗΡΩΜΗΣ ΄΄ ΜΟΥΡΟΠΟΥΛΟΣ΄΄ ΒΙΟ/ΝΙΑ ΠΛΑΣΤΙΚΩΝ (081857450),081857450,΄΄ ΜΟΥΡΟΠΟΥΛΟΣ΄΄ ΒΙΟ/ΝΙΑ ΠΛΑΣΤΙΚΩΝ (081857450),2024.92,,
ΨΜ3Υ4690ΒΧ-ΟΕΖ,2024-11-21,ΕΝΤΑΛΜΑ ΠΛΗΡΩΜΗΣ ΥΙΟΙ ΧΡΙΣΤΑΚΟΥ ΣΕΒΑΣΛΙΑΝ Ο.Ε (081570019),081570019,ΥΙΟΙ ΧΡΙΣΤΑΚΟΥ ΣΕΒΑΣΛΙΑΝ Ο.Ε (081570019),102.92,,
9ΛΞΝ4690ΒΧ-ΖΔ5,2024-11-21,ΕΝΤΑΛΜΑ ΠΛΗΡΩΜΗΣ EUROSUPPLIES IKE (997776974),997776974,EUROSUPPLIES IKE (997776974),334.16,,
9ΟΘ24690ΒΧ-2ΛΟ,2024-11-21,ΕΝΤΑΛΜΑ ΠΛΗΡΩΜΗΣ ΝΤΙΑΜΕΝΤ ΕΛΛΑΣ Α.Ε.Ε. (095259724),095259724,ΝΤΙΑΜΕΝΤ ΕΛΛΑΣ Α.Ε.Ε. (095259724),2426.34,,
96Ω74690ΒΧ-ΟΙΒ,2024-11-21,ΕΝΤΑΛΜΑ ΠΛΗΡΩΜΗΣ ΝΙΚ.Ι.ΛΑΊΝΙΩΤΗΣ Α.Ε.Β.Ε (093628458),093628458,ΝΙΚ.Ι.ΛΑΊΝΙΩΤΗΣ Α.Ε.Β.Ε (093628458),591.11,,
ΨΟΙ84690ΒΧ-97Ρ,2024-11-21,ΕΝΤΑΛΜΑ ΠΛΗΡΩΜΗΣ ΝΙΚ.Ι.ΛΑΊΝΙΩΤΗΣ Α.Ε.Β.Ε (093628458),093628458,ΝΙΚ.Ι.ΛΑΊΝΙΩΤΗΣ Α.Ε.Β.Ε (093628458),1067.76,,
6Θ8Γ4690ΒΧ-Τ9Ν,2024-11-21,ΕΝΤΑΛΜΑ ΠΛΗΡΩΜΗΣ ΝΙΚ.Ι.ΛΑΊΝΙΩΤΗΣ Α.Ε.Β.Ε (093628458),093628458,ΝΙΚ.Ι.ΛΑΊΝΙΩΤΗΣ Α.Ε.Β.Ε (093628458),431.55,,
Ψ3ΣΨ4690ΒΧ-9ΟΗ,2024-11-21,ΕΝΤΑΛΜΑ ΠΛΗΡΩΜΗΣ ΝΙΚ.Ι.ΛΑΊΝΙΩΤΗΣ Α.Ε.Β.Ε (093628458),093628458,ΝΙΚ.Ι.ΛΑΊΝΙΩΤΗΣ Α.Ε.Β.Ε (093628458),130.85,,
ΨΦ8Δ4690ΒΧ-ΖΒΤ,2024-11-21,ΕΝΤΑΛΜΑ ΠΛΗΡΩΜΗΣ ΝΙΚ.Ι.ΛΑΊΝΙΩΤΗΣ Α.Ε.Β.Ε (093628458),093628458,ΝΙΚ.Ι.ΛΑΊΝΙΩΤΗΣ Α.Ε.Β.Ε (093628458),50.78,,
68934690ΒΧ-91Ζ,2024-11-21,ΕΝΤΑΛΜΑ ΠΛΗΡΩΜΗΣ ΝΙΚ.Ι.ΛΑΊΝΙΩΤΗΣ Α.Ε.Β.Ε (093628458),093628458,ΝΙΚ.Ι.ΛΑΊΝΙΩΤΗΣ Α.Ε.Β.Ε (093628458),481.12,,
9ΟΛ64690ΒΧ-Ζ75,2024-11-21,ΕΝΤΑΛΜΑ ΠΛΗΡΩΜΗΣ ΝΙΚ.Ι.ΛΑΊΝΙΩΤΗΣ Α.Ε.Β.Ε (093628458),093628458,ΝΙΚ.Ι.ΛΑΊΝΙΩΤΗΣ Α.Ε.Β.Ε (093628458),1627.2,,
6ΗΖΒ4690ΒΧ-5ΘΝ,2024-11-21,ΕΝΤΑΛΜΑ ΠΛΗΡΩΜΗΣ ΜΑΓΕΙΡΑΣ ΔΙΑΓΝ.ΜΗΧΑΝΗΜΑΤΑ Α.Ε. (095444407),095444407,ΜΑΓΕΙΡΑΣ ΔΙΑΓΝ.ΜΗΧΑΝΗΜΑΤΑ Α.Ε. (095444407),651.0,,
ΨΜΕΨ4690ΒΧ-ΘΝΓ,2024-11-21,ΕΝΤΑΛΜΑ ΠΛΗΡΩΜΗΣ ΜΑΓΕΙΡΑΣ ΔΙΑΓΝ.ΜΗΧΑΝΗΜΑΤΑ Α.Ε. (095444407),095444407,ΜΑΓΕΙΡΑΣ ΔΙΑΓΝ.ΜΗΧΑΝΗΜΑΤΑ Α.Ε. (095444407),1060.0,,
ΨΑΙΗ4690ΒΧ-ΨΗΣ,2024-11-21,ΕΝΤΑΛΜΑ ΠΛΗΡΩΜΗΣ ΜΑΓΕΙΡΑΣ ΔΙΑΓΝ.ΜΗΧΑΝΗΜΑΤΑ Α.Ε. (095444407),095444407,ΜΑΓΕΙΡΑΣ ΔΙΑΓΝ.ΜΗΧΑΝΗΜΑΤΑ Α.Ε. (095444407),4017.4,,
6ΧΛΟ4690ΒΧ-Χ95,2024-11-21,ΕΝΤΑΛΜΑ ΠΛΗΡΩΜΗΣ ΜΑΓΕΙΡΑΣ ΔΙΑΓΝ.ΜΗΧΑΝΗΜΑΤΑ Α.Ε. (095444407),095444407,ΜΑΓΕΙΡΑΣ ΔΙΑΓΝ.ΜΗΧΑΝΗΜΑΤΑ Α.Ε. (095444407),4332.0,,
6Μ344690ΒΧ-Ο6Φ,2024-11-21,ΕΝΤΑΛΜΑ ΠΛΗΡΩΜΗΣ Κ.ΓΕΡΜΑΝΟΣ ΙΑΤΡΙΚΑ Α.Ε. (081734344),081734344,Κ.ΓΕΡΜΑΝΟΣ ΙΑΤΡΙΚΑ Α.Ε. (081734344),122.04,,
Ψ0Γ14690ΒΧ-Ι4Γ,2024-11-21,ΕΝΤΑΛΜΑ ΠΛΗΡΩΜΗΣ ΕΥΡΟΜΑΡΤ Α.Ε. (094284004),094284004,ΕΥΡΟΜΑΡΤ Α.Ε. (094284004),393.79,,
ΨΓΖΕ4690ΒΧ-ΛΓΜ,2024-11-21,ΕΝΤΑΛΜΑ ΠΛΗΡΩΜΗΣ ΒΕΡΜΑ ΝΤΡΑΓΚΣ ΑΒΕΕ (099363426),099363426,ΒΕΡΜΑ ΝΤΡΑΓΚΣ ΑΒΕΕ (099363426),860.04,,
ΨΙΑΣ4690ΒΧ-ΓΕ2,2024-11-21,ΕΝΤΑΛΜΑ ΠΛΗΡΩΜΗΣ ΒΕΡΜΑ ΝΤΡΑΓΚΣ ΑΒΕΕ (099363426),099363426,ΒΕΡΜΑ ΝΤΡΑΓΚΣ ΑΒΕΕ (099363426),4232.38,,
6ΓΡ04690ΒΧ-4ΦΞ,2024-11-21,ΕΝΤΑΛΜΑ ΠΛΗΡΩΜΗΣ MEDICON HELLAS A.E. (094240321),094240321,MEDICON HELLAS A.E. (094240321),4489.88,,
Ψ3ΣΚ4690ΒΧ-64Δ,2024-11-21,ΕΝΤΑΛΜΑ ΠΛΗΡΩΜΗΣ MEDICON HELLAS A.E. (094240321),094240321,MEDICON HELLAS A.E. (094240321),28000.0,,
6ΛΡΖ4690ΒΧ-Ε0Π,2024-11-21,ΕΝΤΑΛΜΑ ΠΛΗΡΩΜΗΣ DOCTUM ΦΑΡΜΑΚΕΥΤΙΚΗ ΑΕ (094070315),094070315,DOCTUM ΦΑΡΜΑΚΕΥΤΙΚΗ ΑΕ (094070315),2746.1,,
ΨΥΙ74690ΒΧ-3ΞΗ,2024-11-21,ΕΝΤΑΛΜΑ ΠΛΗΡΩΜΗΣ DUCASCO-ΔΟΥΡΜΟΥΣΟΓΛΟΥ ΑΕΒΕ (999640490),999640490,DUCASCO-ΔΟΥΡΜΟΥΣΟΓΛΟΥ ΑΕΒΕ (999640490),1428.71,,
Ψ7ΨΡ4690ΒΧ-4ΓΠ,2024-11-21,ΕΝΤΑΛΜΑ ΠΛΗΡΩΜΗΣ DUCASCO-ΔΟΥΡΜΟΥΣΟΓΛΟΥ ΑΕΒΕ (999640490),999640490,DUCASCO-ΔΟΥΡΜΟΥΣΟΓΛΟΥ ΑΕΒΕ (999640490),470.65,,
9ΙΔΠ4690ΒΧ-ΦΨ2,2024-11-21,ΕΝΤΑΛΜΑ ΠΛΗΡΩΜΗΣ DEMO A.Β.Ε.E. (094041553),094041553,DEMO A.Β.Ε.E. (094041553),3704.07,,
63ΤΓ4690ΒΧ-889,2024-11-21,ΕΝΤΑΛΜΑ ΠΛΗΡΩΜΗΣ DUCASCO-ΔΟΥΡΜΟΥΣΟΓΛΟΥ ΑΕΒΕ (999640490),999640490,DUCASCO-ΔΟΥΡΜΟΥΣΟΓΛΟΥ ΑΕΒΕ (999640490),83.06,,
Ρ7924690ΒΧ-ΘΜ8,2024-11-21,ΕΝΤΑΛΜΑ ΠΛΗΡΩΜΗΣ BAYER ΕΛΛΑΣ ΑΒΕΕ (094056437),094056437,BAYER ΕΛΛΑΣ ΑΒΕΕ (094056437),2232.0,,
6ΧΓ84690ΒΧ-ΛΘΜ,2024-11-21,ΕΝΤΑΛΜΑ ΠΛΗΡΩΜΗΣ BAYER ΕΛΛΑΣ ΑΒΕΕ (094056437),094056437,BAYER ΕΛΛΑΣ ΑΒΕΕ (094056437),4278.0,,
6ΝΗΦ4690ΒΧ-ΑΒΓ,2024-11-21,ΕΝΤΑΛΜΑ ΠΛΗΡΩΜΗΣ ABBOTT LABORATORIES(ΕΛΛΑΣ)ABEE (094027257),094027257,ABBOTT LABORATORIES(ΕΛΛΑΣ)ABEE (094027257),14384.2,,
ΨΤΗΞ4690ΒΧ-Β9Β,2025-09-03,ΕΝΤΑΛΜΑ ΠΛΗΡΩΜΗΣ ΔΙΑΓΝΩΣΤΙΚΗ - ΑΝΑΛΥΤΙΚΗ ΕΠΕ (099109774),099109774,ΔΙΑΓΝΩΣΤΙΚΗ - ΑΝΑΛΥΤΙΚΗ ΕΠΕ (099109774),244.07,,
ΨΤΖΙ4690ΒΧ-ΟΑ9,2025-09-03,ΕΝΤΑΛΜΑ ΠΛΗΡΩΜΗΣ ΔΙΑΓΝΩΣΤΙΚΗ - ΑΝΑΛΥΤΙΚΗ ΕΠΕ (099109774),099109774,ΔΙΑΓΝΩΣΤΙΚΗ - ΑΝΑΛΥΤΙΚΗ ΕΠΕ (099109774),422.94,,
ΡΣ654690ΒΧ-ΤΜΙ,2025-09-03,ΕΝΤΑΛΜΑ ΠΛΗΡΩΜΗΣ ΒΕΡΜΑ ΝΤΡΑΓΚΣ ΑΒΕΕ (099363426),099363426,ΒΕΡΜΑ ΝΤΡΑΓΚΣ ΑΒΕΕ (099363426),2862.29,,
ΡΠΤΙ4690ΒΧ-ΟΡΥ,2025-09-03,ΕΝΤΑΛΜΑ ΠΛΗΡΩΜΗΣ ΒΕΡΜΑ ΝΤΡΑΓΚΣ ΑΒΕΕ (099363426),099363426,ΒΕΡΜΑ ΝΤΡΑΓΚΣ ΑΒΕΕ (099363426),4772.55,,
9ΚΦ04690ΒΧ-9ΩΡ,2025-09-03,ΕΝΤΑΛΜΑ ΠΛΗΡΩΜΗΣ ΑΘΗΝΑ ΑΝΑΡ.ΒΕΡΡΟΙΟΠΟΥΛΟΥ (036144160),036144160,ΑΘΗΝΑ ΑΝΑΡ.ΒΕΡΡΟΙΟΠΟΥΛΟΥ (036144160),78.47,,
ΨΧΝΤ4690ΒΧ-ΡΜ2,2025-09-03,ΕΝΤΑΛΜΑ ΠΛΗΡΩΜΗΣ VAKTRO SCIENTIFIC ΣΤΑΥΡΟΣ ΑΓΓΕΛΟΠΟΥΛΟΣ   ΣΙΑ Ο.Ε (084221869),084221869,VAKTRO SCIENTIFIC ΣΤΑΥΡΟΣ ΑΓΓΕΛΟΠΟΥΛΟΣ   ΣΙΑ Ο.Ε (084221869),2480.0,,
ΡΦΜΦ4690ΒΧ-Χ94,2025-09-03,ΕΝΤΑΛΜΑ ΠΛΗΡΩΜΗΣ VAKTRO SCIENTIFIC ΣΤΑΥΡΟΣ ΑΓΓΕΛΟΠΟΥΛΟΣ   ΣΙΑ Ο.Ε (084221869),084221869,VAKTRO SCIENTIFIC ΣΤΑΥΡΟΣ ΑΓΓΕΛΟΠΟΥΛΟΣ   ΣΙΑ Ο.Ε (084221869),310.26,,
6ΜΡΕ4690ΒΧ-1ΘΡ,2025-09-03,ΕΝΤΑΛΜΑ ΠΛΗΡΩΜΗΣ VAKTRO SCIENTIFIC ΣΤΑΥΡΟΣ ΑΓΓΕΛΟΠΟΥΛΟΣ   ΣΙΑ Ο.Ε (084221869),084221869,VAKTRO SCIENTIFIC ΣΤΑΥΡΟΣ ΑΓΓΕΛΟΠΟΥΛΟΣ   ΣΙΑ Ο.Ε (084221869),2288.02,,
9ΛΠΗ4690ΒΧ-5Κ9,2025-09-03,ΕΝΤΑΛΜΑ ΠΛΗΡΩΜΗΣ VAKTRO SCIENTIFIC ΣΤΑΥΡΟΣ ΑΓΓΕΛΟΠΟΥΛΟΣ   ΣΙΑ Ο.Ε (084221869),084221869,VAKTRO SCIENTIFIC ΣΤΑΥΡΟΣ ΑΓΓΕΛΟΠΟΥΛΟΣ   ΣΙΑ Ο.Ε (084221869),3673.6,,
93ΜΔ4690ΒΧ-1ΦΨ,2025-09-03,ΕΝΤΑΛΜΑ ΠΛΗΡΩΜΗΣ VAKTRO SCIENTIFIC ΣΤΑΥΡΟΣ ΑΓΓΕΛΟΠΟΥΛΟΣ   ΣΙΑ Ο.Ε (084221869),084221869,VAKTRO SCIENTIFIC ΣΤΑΥΡΟΣ ΑΓΓΕΛΟΠΟΥΛΟΣ   ΣΙΑ Ο.Ε (084221869),11068.7,,
950Σ4690ΒΧ-ΞΥΟ,2025-09-03,ΕΝΤΑΛΜΑ ΠΛΗΡΩΜΗΣ DIACHEL ΔΙΑΓΝ.-ΧΗΜ.ΟΡΓ.Ε.Π.Ε. (095341314),095341314,DIACHEL ΔΙΑΓΝ.-ΧΗΜ.ΟΡΓ.Ε.Π.Ε. (095341314),129.32,,
ΨΡΞΘ4690ΒΧ-3Ο9,2025-09-03,ΕΝΤΑΛΜΑ ΠΛΗΡΩΜΗΣ DIACHEL ΔΙΑΓΝ.-ΧΗΜ.ΟΡΓ.Ε.Π.Ε. (095341314),095341314,DIACHEL ΔΙΑΓΝ.-ΧΗΜ.ΟΡΓ.Ε.Π.Ε. (095341314),63.6,,
95ΞΚ4690ΒΧ-ΕΗΙ,2025-09-03,ΕΝΤΑΛΜΑ ΠΛΗΡΩΜΗΣ DIACHEL ΔΙΑΓΝ.-ΧΗΜ.ΟΡΓ.Ε.Π.Ε. (095341314),095341314,DIACHEL ΔΙΑΓΝ.-ΧΗΜ.ΟΡΓ.Ε.Π.Ε. (095341314),216.24,,
ΡΛΙ64690ΒΧ-ΕΔΓ,2025-09-03,ΕΝΤΑΛΜΑ ΠΛΗΡΩΜΗΣ C.Ι.T.Y CARS Ε.Π.Ε ΝΙΚ.ΠΑΠΑΝΤΩΝΙΟΥ ΙΩΑΝ.ΠΑΠΑΝΙΚΟΛΑΟΥ Ε.Π.Ε (998166696),998166696,C.Ι.T.Y CARS Ε.Π.Ε ΝΙΚ.ΠΑΠΑΝΤΩΝΙΟΥ ΙΩΑΝ.ΠΑΠΑΝΙΚΟΛΑΟΥ Ε.Π.Ε (998166696),689.13,,
9ΧΟ44690ΒΧ-Θ9Λ,2025-09-03,ΕΝΤΑΛΜΑ ΠΛΗΡΩΜΗΣ C.Ι.T.Y CARS Ε.Π.Ε ΝΙΚ.ΠΑΠΑΝΤΩΝΙΟΥ ΙΩΑΝ.ΠΑΠΑΝΙΚΟΛΑΟΥ Ε.Π.Ε (998166696),998166696,C.Ι.T.Y CARS Ε.Π.Ε ΝΙΚ.ΠΑΠΑΝΤΩΝΙΟΥ ΙΩΑΝ.ΠΑΠΑΝΙΚΟΛΑΟΥ Ε.Π.Ε (998166696),123.69,,
9ΥΗΝ4690ΒΧ-ΜΥΒ,2025-09-08,ΕΝΤΑΛΜΑ ΠΛΗΡΩΜΗΣ ZIMMER BIOMET ΕΛΛΑΣ ΜΟΝ/ΠΗ Α.Ε (094437885),094437885,ZIMMER BIOMET ΕΛΛΑΣ ΜΟΝ/ΠΗ Α.Ε (094437885),4684.54,,
ΨΗ194690ΒΧ-ΩΚΟ,2025-09-08,ΕΝΤΑΛΜΑ ΠΛΗΡΩΜΗΣ ZIMMER BIOMET ΕΛΛΑΣ ΜΟΝ/ΠΗ Α.Ε (094437885),094437885,ZIMMER BIOMET ΕΛΛΑΣ ΜΟΝ/ΠΗ Α.Ε (094437885),4943.71,,
9ΦΥΔ4690ΒΧ-6Μ9,2025-09-08,ΕΝΤΑΛΜΑ ΠΛΗΡΩΜΗΣ ZIMMER BIOMET ΕΛΛΑΣ ΜΟΝ/ΠΗ Α.Ε (094437885),094437885,ZIMMER BIOMET ΕΛΛΑΣ ΜΟΝ/ΠΗ Α.Ε (094437885),4614.92,,
9ΕΓ24690ΒΧ-5ΡΔ,2025-09-08,ΕΝΤΑΛΜΑ ΠΛΗΡΩΜΗΣ ZIMMER BIOMET ΕΛΛΑΣ ΜΟΝ/ΠΗ Α.Ε (094437885),094437885,ZIMMER BIOMET ΕΛΛΑΣ ΜΟΝ/ΠΗ Α.Ε (094437885),4802.96,,
Ψ8ΤΕ4690ΒΧ-1ΣΠ,2025-09-08,ΕΝΤΑΛΜΑ ΠΛΗΡΩΜΗΣ ZIMMER BIOMET ΕΛΛΑΣ ΜΟΝ/ΠΗ Α.Ε (094437885),094437885,ZIMMER BIOMET ΕΛΛΑΣ ΜΟΝ/ΠΗ Α.Ε (094437885),546.1,,
9ΔΝΤ4690ΒΧ-0ΩΖ,2025-09-08,ΕΝΤΑΛΜΑ ΠΛΗΡΩΜΗΣ ZIMMER BIOMET ΕΛΛΑΣ ΜΟΝ/ΠΗ Α.Ε (094437885),094437885,ZIMMER BIOMET ΕΛΛΑΣ ΜΟΝ/ΠΗ Α.Ε (094437885),4894.28,,
ΨΘ5Β4690ΒΧ-ΑΚΡ,2025-09-08,ΕΝΤΑΛΜΑ ΠΛΗΡΩΜΗΣ ZIMMER BIOMET ΕΛΛΑΣ ΜΟΝ/ΠΗ Α.Ε (094437885),094437885,ZIMMER BIOMET ΕΛΛΑΣ ΜΟΝ/ΠΗ Α.Ε (094437885),4900.36,,
ΡΛΠ84690ΒΧ-ΨΓ3,2025-09-08,ΕΝΤΑΛΜΑ ΠΛΗΡΩΜΗΣ ZIMMER BIOMET ΕΛΛΑΣ ΜΟΝ/ΠΗ Α.Ε (094437885),094437885,ZIMMER BIOMET ΕΛΛΑΣ ΜΟΝ/ΠΗ Α.Ε (094437885),4792.8,,
65ΥΨ4690ΒΧ-186,2025-09-08,ΕΝΤΑΛΜΑ ΠΛΗΡΩΜΗΣ ZIMMER BIOMET ΕΛΛΑΣ ΜΟΝ/ΠΗ Α.Ε (094437885),094437885,ZIMMER BIOMET ΕΛΛΑΣ ΜΟΝ/ΠΗ Α.Ε (094437885),4019.89,,
ΨΝ6Τ4690ΒΧ-ΧΟΕ,2025-09-08,ΕΝΤΑΛΜΑ ΠΛΗΡΩΜΗΣ ΙΑΤΡΙΚΗ ΜΕΡΙΜΝΑ   ΥΓΕΙΑ Α.Ε. (094349547),094349547,ΙΑΤΡΙΚΗ ΜΕΡΙΜΝΑ   ΥΓΕΙΑ Α.Ε. (094349547),260.4,,
90Ξ54690ΒΧ-ΑΕΜ,2025-09-08,ΕΝΤΑΛΜΑ ΠΛΗΡΩΜΗΣ ΙΑΤΡΙΚΗ ΜΕΡΙΜΝΑ   ΥΓΕΙΑ Α.Ε. (094349547),094349547,ΙΑΤΡΙΚΗ ΜΕΡΙΜΝΑ   ΥΓΕΙΑ Α.Ε. (094349547),745.24,,
9ΕΤΝ4690ΒΧ-52Χ,2025-09-08,ΕΝΤΑΛΜΑ ΠΛΗΡΩΜΗΣ ΙΑΤΡΙΚΗ ΜΕΡΙΜΝΑ   ΥΓΕΙΑ Α.Ε. (094349547),094349547,ΙΑΤΡΙΚΗ ΜΕΡΙΜΝΑ   ΥΓΕΙΑ Α.Ε. (094349547),1564.87,,
ΡΣ2Ρ4690ΒΧ-5Υ2,2025-09-08,ΕΝΤΑΛΜΑ ΠΛΗΡΩΜΗΣ SANTAIR Α.Ε. (094497279),094497279,SANTAIR Α.Ε. (094497279),1568.6,,
Ρ2644690ΒΧ-ΒΣΥ,2025-09-08,ΕΝΤΑΛΜΑ ΠΛΗΡΩΜΗΣ SANTAIR Α.Ε. (094497279),094497279,SANTAIR Α.Ε. (094497279),1690.11,,
9Ω8Ε4690ΒΧ-Χ6Γ,2025-09-08,ΕΝΤΑΛΜΑ ΠΛΗΡΩΜΗΣ RONTIS HELLAS AEBE (095335610),095335610,RONTIS HELLAS AEBE (095335610),248.0,,
9ΡΟΩ4690ΒΧ-ΚΔΤ,2025-09-08,ΕΝΤΑΛΜΑ ΠΛΗΡΩΜΗΣ RONTIS HELLAS AEBE (095335610),095335610,RONTIS HELLAS AEBE (095335610),2852.0,,
Ρ01Κ4690ΒΧ-ΒΡ9,2025-09-08,ΕΝΤΑΛΜΑ ΠΛΗΡΩΜΗΣ RONTIS HELLAS AEBE (095335610),095335610,RONTIS HELLAS AEBE (095335610),4449.66,,
Ψ5Ε74690ΒΧ-Κ6Ψ,2025-09-08,ΕΝΤΑΛΜΑ ΠΛΗΡΩΜΗΣ NEW DIAGNOSTIC DIMENSION LTD (095618368),095618368,NEW DIAGNOSTIC DIMENSION LTD (095618368),1268.29,,
9ΧΛΔ4690ΒΧ-8ΜΕ,2025-09-08,ΕΝΤΑΛΜΑ ΠΛΗΡΩΜΗΣ NEW DIAGNOSTIC DIMENSION LTD (095618368),095618368,NEW DIAGNOSTIC DIMENSION LTD (095618368),652.96,,
ΡΞΥ94690ΒΧ-041,2025-09-08,ΕΝΤΑΛΜΑ ΠΛΗΡΩΜΗΣ MEDINOR ΕΕ (082802380),082802380,MEDINOR ΕΕ (082802380),1384.26,,
ΡΣΝΟ4690ΒΧ-7Μ5,2025-09-08,ΕΝΤΑΛΜΑ ΠΛΗΡΩΜΗΣ MEDINOR ΕΕ (082802380),082802380,MEDINOR ΕΕ (082802380),2408.45,,
65ΡΛ4690ΒΧ-ΗΜΜ,2025-09-08,ΕΝΤΑΛΜΑ ΠΛΗΡΩΜΗΣ MEDINOR ΕΕ (082802380),082802380,MEDINOR ΕΕ (082802380),4430.85,,
9ΜΩΨ4690ΒΧ-ΨΧ4,2025-09-08,ΕΝΤΑΛΜΑ ΠΛΗΡΩΜΗΣ ELFAMED AE (800378686),800378686,ELFAMED AE (800378686),3330.09,,
ΨΜΙ24690ΒΧ-ΚΘΘ,2025-09-08,ΕΝΤΑΛΜΑ ΠΛΗΡΩΜΗΣ BOSTON SCIENTIFIC ΕΛΛΑΣ ΜΟΝ.Α.Ε. - ΕΙΣΑΓΩΓΗ-ΔΙΑΘΕΣΗ-ΕΜΠΟΡΙΑ ΙΑΤΡΙΚΩΝ ΕΙΔΩΝ (094474807),094474807,BOSTON SCIENTIFIC ΕΛΛΑΣ ΜΟΝ.Α.Ε. - ΕΙΣΑΓΩΓΗ-ΔΙΑΘΕΣΗ-ΕΜΠΟΡΙΑ ΙΑΤΡΙΚΩΝ ΕΙΔΩΝ (094474807),487.13,,
Ψ3ΔΕ4690ΒΧ-ΗΜΚ,2025-09-08,ΕΝΤΑΛΜΑ ΠΛΗΡΩΜΗΣ BOSTON SCIENTIFIC ΕΛΛΑΣ ΜΟΝ.Α.Ε. - ΕΙΣΑΓΩΓΗ-ΔΙΑΘΕΣΗ-ΕΜΠΟΡΙΑ ΙΑΤΡΙΚΩΝ ΕΙΔΩΝ (094474807),094474807,BOSTON SCIENTIFIC ΕΛΛΑΣ ΜΟΝ.Α.Ε. - ΕΙΣΑΓΩΓΗ-ΔΙΑΘΕΣΗ-ΕΜΠΟΡΙΑ ΙΑΤΡΙΚΩΝ ΕΙΔΩΝ (094474807),1972.15,,
9ΑΓΓ4690ΒΧ-0ΩΖ,2025-09-08,ΕΝΤΑΛΜΑ ΠΛΗΡΩΜΗΣ BIOTRANS A.E (999506681),999506681,BIOTRANS A.E (999506681),1562.4,,
Ρ0054690ΒΧ-24Ω,2025-09-08,ΕΝΤΑΛΜΑ ΠΛΗΡΩΜΗΣ ALLMED E.E. (997564511),997564511,ALLMED E.E. (997564511),11788.68,,
9ΒΗ54690ΒΧ-2ΝΕ,2025-09-08,ΕΝΤΑΛΜΑ ΠΛΗΡΩΜΗΣ ALLMED E.E. (997564511),997564511,ALLMED E.E. (997564511),4666.7,,
ΨΧΟΞ4690ΒΧ-5ΙΨ,2025-09-08,ΕΝΤΑΛΜΑ ΠΛΗΡΩΜΗΣ ALLMED E.E. (997564511),997564511,ALLMED E.E. (997564511),7195.2,,
ΡΙΤΣ4690ΒΧ-57Π,2025-09-08,ΕΝΤΑΛΜΑ ΠΛΗΡΩΜΗΣ ALLMED E.E. (997564511),997564511,ALLMED E.E. (997564511),1159.38,,
ΨΜΝΨ4690ΒΧ-ΨΘ4,2025-09-08,ΕΝΤΑΛΜΑ ΠΛΗΡΩΜΗΣ ALLMED E.E. (997564511),997564511,ALLMED E.E. (997564511),3508.58,,
6Θ5Β4690ΒΧ-ΦΕΠ,2025-08-28,ΕΝΤΑΛΜΑ ΠΛΗΡΩΜΗΣ ΤΗΛ.Κ.ΓΙΟΚΑΡΗΣ   ΣΙΑ ΟΕ DOCTOF (081564690),081564690,ΤΗΛ.Κ.ΓΙΟΚΑΡΗΣ   ΣΙΑ ΟΕ DOCTOF (081564690),7835.52,,
9Κ9Ε4690ΒΧ-ΠΜ4,2025-08-28,ΕΝΤΑΛΜΑ ΠΛΗΡΩΜΗΣ ΝΟΣΟΚΟΜΕΙΑΚΗ ΓΡΑΜΜΗ Α.Ε (094396063),094396063,ΝΟΣΟΚΟΜΕΙΑΚΗ ΓΡΑΜΜΗ Α.Ε (094396063),1785.4,,
9ΙΞ64690ΒΧ-ΟΩ9,2025-08-28,ΕΝΤΑΛΜΑ ΠΛΗΡΩΜΗΣ ΝΟΣΟΚΟΜΕΙΑΚΗ ΓΡΑΜΜΗ Α.Ε (094396063),094396063,ΝΟΣΟΚΟΜΕΙΑΚΗ ΓΡΑΜΜΗ Α.Ε (094396063),4167.2,,
ΨΦ794690ΒΧ-ΙΟ7,2025-09-02,ΕΝΤΑΛΜΑ ΠΛΗΡΩΜΗΣ ΒΙΟΠΡΟΜΗΘΕΥΤΙΚΗ ΜΟΝ/ΠΗ ΕΠΕ (099007886),099007886,ΒΙΟΠΡΟΜΗΘΕΥΤΙΚΗ ΜΟΝ/ΠΗ ΕΠΕ (099007886),65.54,,
Ρ7Π84690ΒΧ-ΗΔ6,2025-09-02,ΕΝΤΑΛΜΑ ΠΛΗΡΩΜΗΣ ΒΙΟΠΡΟΜΗΘΕΥΤΙΚΗ ΜΟΝ/ΠΗ ΕΠΕ (099007886),099007886,ΒΙΟΠΡΟΜΗΘΕΥΤΙΚΗ ΜΟΝ/ΠΗ ΕΠΕ (099007886),936.94,,
Ψ48Θ4690ΒΧ-ΕΞΥ,2025-08-28,ΕΝΤΑΛΜΑ ΠΛΗΡΩΜΗΣ ΑΡΘΡΩΣΙΣ ΙΑΤΡΙΚΑ ΕΙΔΗ Α.Ε. (082899566),082899566,ΑΡΘΡΩΣΙΣ ΙΑΤΡΙΚΑ ΕΙΔΗ Α.Ε. (082899566),3390.0,,
95ΩΠ4690ΒΧ-6Μ0,2025-08-28,ΕΝΤΑΛΜΑ ΠΛΗΡΩΜΗΣ ΑΡΘΡΩΣΙΣ ΙΑΤΡΙΚΑ ΕΙΔΗ Α.Ε. (082899566),082899566,ΑΡΘΡΩΣΙΣ ΙΑΤΡΙΚΑ ΕΙΔΗ Α.Ε. (082899566),2027.22,,
61Λ44690ΒΧ-Σ0Τ,2025-09-03,ΕΝΤΑΛΜΑ ΠΛΗΡΩΜΗΣ ΑΡΗΤΗ Α.Ε. (094251753),094251753,ΑΡΗΤΗ Α.Ε. (094251753),10132.75,,
ΡΩ6Φ4690ΒΧ-ΘΝΖ,2025-09-03,ΕΝΤΑΛΜΑ ΠΛΗΡΩΜΗΣ ΑΡΗΤΗ Α.Ε. (094251753),094251753,ΑΡΗΤΗ Α.Ε. (094251753),7841.33,,
ΨΝΦ44690ΒΧ-ΔΞΒ,2025-08-29,ΕΝΤΑΛΜΑ ΠΛΗΡΩΜΗΣ YΓΕΙΟΔΥΝΑΜΙΚΗ Α.Ε (997672386),997672386,YΓΕΙΟΔΥΝΑΜΙΚΗ Α.Ε (997672386),4092.0,,
6Σ644690ΒΧ-4ΧΓ,2025-08-29,ΕΝΤΑΛΜΑ ΠΛΗΡΩΜΗΣ YΓΕΙΟΔΥΝΑΜΙΚΗ Α.Ε (997672386),997672386,YΓΕΙΟΔΥΝΑΜΙΚΗ Α.Ε (997672386),6312.84,,
9ΙΓ34690ΒΧ-ΒΘΨ,2025-08-29,ΕΝΤΑΛΜΑ ΠΛΗΡΩΜΗΣ YΓΕΙΟΔΥΝΑΜΙΚΗ Α.Ε (997672386),997672386,YΓΕΙΟΔΥΝΑΜΙΚΗ Α.Ε (997672386),2008.8,,
ΨΥΨΑ4690ΒΧ-ΔΝ9,2025-09-02,ΕΝΤΑΛΜΑ ΠΛΗΡΩΜΗΣ ORTHOSTEP ΙΚΕ (997907432),997907432,ORTHOSTEP ΙΚΕ (997907432),1316.45,,
ΡΡΤΥ4690ΒΧ-2ΙΙ,2025-08-29,ΕΝΤΑΛΜΑ ΠΛΗΡΩΜΗΣ MILONAS HEALTH A.E. (998179225),998179225,MILONAS HEALTH A.E. (998179225),643.87,,
ΨΗΓΜ4690ΒΧ-3ΨΒ,2025-08-29,ΕΝΤΑΛΜΑ ΠΛΗΡΩΜΗΣ MILONAS HEALTH A.E. (998179225),998179225,MILONAS HEALTH A.E. (998179225),1325.73,,
65ΒΒ4690ΒΧ-ΘΩΣ,2025-08-29,ΕΝΤΑΛΜΑ ΠΛΗΡΩΜΗΣ MILONAS HEALTH A.E. (998179225),998179225,MILONAS HEALTH A.E. (998179225),2507.11,,
92ΙΠ4690ΒΧ-5Υ3,2025-08-29,ΕΝΤΑΛΜΑ ΠΛΗΡΩΜΗΣ MILONAS HEALTH A.E. (998179225),998179225,MILONAS HEALTH A.E. (998179225),1867.66,,
ΨΜ5Σ4690ΒΧ-ΛΕΚ,2025-08-29,ΕΝΤΑΛΜΑ ΠΛΗΡΩΜΗΣ MILONAS HEALTH A.E. (998179225),998179225,MILONAS HEALTH A.E. (998179225),100.96,,
ΨΛΟΣ4690ΒΧ-Α26,2025-09-02,ΕΝΤΑΛΜΑ ΠΛΗΡΩΜΗΣ MEDI SUP AE (094447320),094447320,MEDI SUP AE (094447320),33.44,,
ΡΨΛΞ4690ΒΧ-8ΗΝ,2025-09-02,ΕΝΤΑΛΜΑ ΠΛΗΡΩΜΗΣ MEDI SUP AE (094447320),094447320,MEDI SUP AE (094447320),1175.2,,
ΨΣ2Λ4690ΒΧ-9ΦΓ,2025-09-02,ΕΝΤΑΛΜΑ ΠΛΗΡΩΜΗΣ MEDI SUP AE (094447320),094447320,MEDI SUP AE (094447320),1160.64,,
ΨΑΨΙ4690ΒΧ-ΤΓΚ,2025-09-02,ΕΝΤΑΛΜΑ ΠΛΗΡΩΜΗΣ MEDI SUP AE (094447320),094447320,MEDI SUP AE (094447320),190.12,,
Ψ65Φ4690ΒΧ-ΣΜΖ,2025-09-02,ΕΝΤΑΛΜΑ ΠΛΗΡΩΜΗΣ MEDI SUP AE (094447320),094447320,MEDI SUP AE (094447320),1766.6,,
ΨΥΜ84690ΒΧ-ΠΚΓ,2025-09-02,ΕΝΤΑΛΜΑ ΠΛΗΡΩΜΗΣ KARL STORZ-ΕΝΔΟΣΚΟΠΙΑ ΕΛΛΑΔΟΣ Ε.Π.Ε (998361490),998361490,KARL STORZ-ΕΝΔΟΣΚΟΠΙΑ ΕΛΛΑΔΟΣ Ε.Π.Ε (998361490),4072.16,,
9ΚΕΜ4690ΒΧ-Ξ1Α,2025-09-02,ΕΝΤΑΛΜΑ ΠΛΗΡΩΜΗΣ KARL STORZ-ΕΝΔΟΣΚΟΠΙΑ ΕΛΛΑΔΟΣ Ε.Π.Ε (998361490),998361490,KARL STORZ-ΕΝΔΟΣΚΟΠΙΑ ΕΛΛΑΔΟΣ Ε.Π.Ε (998361490),5208.0,,
9Λ7Θ4690ΒΧ-ΘΧΞ,2025-09-02,ΕΝΤΑΛΜΑ ΠΛΗΡΩΜΗΣ KARL STORZ-ΕΝΔΟΣΚΟΠΙΑ ΕΛΛΑΔΟΣ Ε.Π.Ε (998361490),998361490,KARL STORZ-ΕΝΔΟΣΚΟΠΙΑ ΕΛΛΑΔΟΣ Ε.Π.Ε (998361490),8084.8,,
9ΘΝΓ4690ΒΧ-ΔΜΟ,2025-09-02,ΕΝΤΑΛΜΑ ΠΛΗΡΩΜΗΣ KARL STORZ-ΕΝΔΟΣΚΟΠΙΑ ΕΛΛΑΔΟΣ Ε.Π.Ε (998361490),998361490,KARL STORZ-ΕΝΔΟΣΚΟΠΙΑ ΕΛΛΑΔΟΣ Ε.Π.Ε (998361490),3407.52,,
ΨΒΣΖ4690ΒΧ-8ΝΨ,2025-09-02,ΕΝΤΑΛΜΑ ΠΛΗΡΩΜΗΣ KARL STORZ-ΕΝΔΟΣΚΟΠΙΑ ΕΛΛΑΔΟΣ Ε.Π.Ε (998361490),998361490,KARL STORZ-ΕΝΔΟΣΚΟΠΙΑ ΕΛΛΑΔΟΣ Ε.Π.Ε (998361490),446.4,,
91Ε14690ΒΧ-ΥΟΔ,2025-09-02,ΕΝΤΑΛΜΑ ΠΛΗΡΩΜΗΣ KARL STORZ-ΕΝΔΟΣΚΟΠΙΑ ΕΛΛΑΔΟΣ Ε.Π.Ε (998361490),998361490,KARL STORZ-ΕΝΔΟΣΚΟΠΙΑ ΕΛΛΑΔΟΣ Ε.Π.Ε (998361490),2455.2,,
6ΜΙΧ4690ΒΧ-35Χ,2025-08-28,ΕΝΤΑΛΜΑ ΠΛΗΡΩΜΗΣ DOCTUM ΦΑΡΜΑΚΕΥΤΙΚΗ ΑΕ (094070315),094070315,DOCTUM ΦΑΡΜΑΚΕΥΤΙΚΗ ΑΕ (094070315),8164.81,,
6Τ1Ξ4690ΒΧ-7Χ0,2025-08-28,ΕΝΤΑΛΜΑ ΠΛΗΡΩΜΗΣ INTER MEDICA ΕΜΜ.Τ.ΤΖΑΝΙΔΑΚΗΣ (011651035),011651035,INTER MEDICA ΕΜΜ.Τ.ΤΖΑΝΙΔΑΚΗΣ (011651035),1847.6,,
ΨΡΡΨ4690ΒΧ-ΞΕΒ,2025-08-28,ΕΝΤΑΛΜΑ ΠΛΗΡΩΜΗΣ ΠΕΤΡΟΣ ΧΑΡ.ΚΟΣΜΙΔΗΣ   ΣΙΑ Ε.Ε. (999685389),999685389,ΠΕΤΡΟΣ ΧΑΡ.ΚΟΣΜΙΔΗΣ   ΣΙΑ Ε.Ε. (999685389),74.4,,
6ΓΘΘ4690ΒΧ-Υ6Υ,2025-08-28,ΕΝΤΑΛΜΑ ΠΛΗΡΩΜΗΣ ΠΕΤΡΟΣ ΧΑΡ.ΚΟΣΜΙΔΗΣ   ΣΙΑ Ε.Ε. (999685389),999685389,ΠΕΤΡΟΣ ΧΑΡ.ΚΟΣΜΙΔΗΣ   ΣΙΑ Ε.Ε. (999685389),1676.05,,
90Θ54690ΒΧ-Φ3Σ,2025-08-28,ΕΝΤΑΛΜΑ ΠΛΗΡΩΜΗΣ ΠΕΤΡΟΣ ΧΑΡ.ΚΟΣΜΙΔΗΣ   ΣΙΑ Ε.Ε. (999685389),999685389,ΠΕΤΡΟΣ ΧΑΡ.ΚΟΣΜΙΔΗΣ   ΣΙΑ Ε.Ε. (999685389),1973.8,,
ΨΕΥ64690ΒΧ-304,2025-09-02,ΕΝΤΑΛΜΑ ΠΛΗΡΩΜΗΣ ΟΡΑΜΑ Α.Ε. (999873782),999873782,ΟΡΑΜΑ Α.Ε. (999873782),1322.1,,
ΨΑΡΑ4690ΒΧ-ΘΥΗ,2025-09-02,ΕΝΤΑΛΜΑ ΠΛΗΡΩΜΗΣ ΟΔΟΝΤΟΠΡΟΜΗΘΕΥΤΙΚΗ ΓΕΩΡΓΑΚΑΣ ΚΩΝΣΤΑΝΤΙΝΟΣ (062216690),062216690,ΟΔΟΝΤΟΠΡΟΜΗΘΕΥΤΙΚΗ ΓΕΩΡΓΑΚΑΣ ΚΩΝΣΤΑΝΤΙΝΟΣ (062216690),186.0,,
ΨΤΦΑ4690ΒΧ-ΔΔ5,2025-09-02,ΕΝΤΑΛΜΑ ΠΛΗΡΩΜΗΣ ΓΕΡΟΛΥΜΑΤΟΣ INTERNATIONAL Α.Ε.Β.Ε. (094105111),094105111,ΓΕΡΟΛΥΜΑΤΟΣ INTERNATIONAL Α.Ε.Β.Ε. (094105111),147.45,,
ΡΕΘ14690ΒΧ-ΔΩΝ,2025-09-02,ΕΝΤΑΛΜΑ ΠΛΗΡΩΜΗΣ Medical Point .ΧΡ.ΜΟΥΤΑΦΗΣ Ε.Ε (998630320),998630320,Medical Point .ΧΡ.ΜΟΥΤΑΦΗΣ Ε.Ε (998630320),89.28,,
6Ξ984690ΒΧ-ΘΚΟ,2025-09-02,ΕΝΤΑΛΜΑ ΠΛΗΡΩΜΗΣ Medical Point .ΧΡ.ΜΟΥΤΑΦΗΣ Ε.Ε (998630320),998630320,Medical Point .ΧΡ.ΜΟΥΤΑΦΗΣ Ε.Ε (998630320),394.94,,
9ΟΔ84690ΒΧ-Ξ42,2025-09-02,ΕΝΤΑΛΜΑ ΠΛΗΡΩΜΗΣ LS.MED M. Ε.Π.Ε (800862068),800862068,LS.MED M. Ε.Π.Ε (800862068),666.7,,
Ρ4ΔΚ4690ΒΧ-ΖΜΡ,2025-09-02,ΕΝΤΑΛΜΑ ΠΛΗΡΩΜΗΣ LS.MED M. Ε.Π.Ε (800862068),800862068,LS.MED M. Ε.Π.Ε (800862068),1205.48,,
Ψ5Φ14690ΒΧ-7ΦΔ,2025-09-02,ΕΝΤΑΛΜΑ ΠΛΗΡΩΜΗΣ LS.MED M. Ε.Π.Ε (800862068),800862068,LS.MED M. Ε.Π.Ε (800862068),5724.58,,
6Τ194690ΒΧ-Γ31,2025-09-02,ΕΝΤΑΛΜΑ ΠΛΗΡΩΜΗΣ INSIDE ΙΑΤΡΙΚΕΣ ΤΕΧΝΟΛΟΓΙΕΣ ΜΟΝΟΠΡΟΣΩΠΗ Ι.Κ.Ε. (800777790),800777790,INSIDE ΙΑΤΡΙΚΕΣ ΤΕΧΝΟΛΟΓΙΕΣ ΜΟΝΟΠΡΟΣΩΠΗ Ι.Κ.Ε. (800777790),371.38,,
Ψ7234690ΒΧ-17Ε,2025-09-02,ΕΝΤΑΛΜΑ ΠΛΗΡΩΜΗΣ INSIDE ΙΑΤΡΙΚΕΣ ΤΕΧΝΟΛΟΓΙΕΣ ΜΟΝΟΠΡΟΣΩΠΗ Ι.Κ.Ε. (800777790),800777790,INSIDE ΙΑΤΡΙΚΕΣ ΤΕΧΝΟΛΟΓΙΕΣ ΜΟΝΟΠΡΟΣΩΠΗ Ι.Κ.Ε. (800777790),245.02,,
6ΙΣΨ4690ΒΧ-ΟΙ2,2025-09-02,ΕΝΤΑΛΜΑ ΠΛΗΡΩΜΗΣ INSIDE ΙΑΤΡΙΚΕΣ ΤΕΧΝΟΛΟΓΙΕΣ ΜΟΝΟΠΡΟΣΩΠΗ Ι.Κ.Ε. (800777790),800777790,INSIDE ΙΑΤΡΙΚΕΣ ΤΕΧΝΟΛΟΓΙΕΣ ΜΟΝΟΠΡΟΣΩΠΗ Ι.Κ.Ε. (800777790),1148.98,,
97384690ΒΧ-ΡΤΦ,2025-09-02,ΕΝΤΑΛΜΑ ΠΛΗΡΩΜΗΣ INSIDE ΙΑΤΡΙΚΕΣ ΤΕΧΝΟΛΟΓΙΕΣ ΜΟΝΟΠΡΟΣΩΠΗ Ι.Κ.Ε. (800777790),800777790,INSIDE ΙΑΤΡΙΚΕΣ ΤΕΧΝΟΛΟΓΙΕΣ ΜΟΝΟΠΡΟΣΩΠΗ Ι.Κ.Ε. (800777790),880.4,,
ΡΒ0Μ4690ΒΧ-ΓΦΤ,2025-09-02,ΕΝΤΑΛΜΑ ΠΛΗΡΩΜΗΣ INSIDE ΙΑΤΡΙΚΕΣ ΤΕΧΝΟΛΟΓΙΕΣ ΜΟΝΟΠΡΟΣΩΠΗ Ι.Κ.Ε. (800777790),800777790,INSIDE ΙΑΤΡΙΚΕΣ ΤΕΧΝΟΛΟΓΙΕΣ ΜΟΝΟΠΡΟΣΩΠΗ Ι.Κ.Ε. (800777790),772.02,,
ΨΖΙΥ4690ΒΧ-99Τ,2025-08-28,ΕΝΤΑΛΜΑ ΠΛΗΡΩΜΗΣ ΙΝΕΞ ΙΑΤΡΙΚΑ Α.Ε (094356041),094356041,ΙΝΕΞ ΙΑΤΡΙΚΑ Α.Ε (094356041),2397.17,,
93Δ84690ΒΧ-Ε5Ν,2025-08-28,ΕΝΤΑΛΜΑ ΠΛΗΡΩΜΗΣ ΙΝΕΞ ΙΑΤΡΙΚΑ Α.Ε (094356041),094356041,ΙΝΕΞ ΙΑΤΡΙΚΑ Α.Ε (094356041),284.76,,
ΨΡ394690ΒΧ-ΕΓΝ,2025-08-28,ΕΝΤΑΛΜΑ ΠΛΗΡΩΜΗΣ ΙΝΕΞ ΙΑΤΡΙΚΑ Α.Ε (094356041),094356041,ΙΝΕΞ ΙΑΤΡΙΚΑ Α.Ε (094356041),518.17,,
65Ε74690ΒΧ-9Κ6,2025-08-28,ΕΝΤΑΛΜΑ ΠΛΗΡΩΜΗΣ ΕΛΛΕΝΚΟ Α.Ε. (094074824),094074824,ΕΛΛΕΝΚΟ Α.Ε. (094074824),347.2,,
6ΞΧΩ4690ΒΧ-ΒΔΠ,2025-08-28,ΕΝΤΑΛΜΑ ΠΛΗΡΩΜΗΣ ΕΛΛΕΝΚΟ Α.Ε. (094074824),094074824,ΕΛΛΕΝΚΟ Α.Ε. (094074824),248.0,,
6ΣΗ94690ΒΧ-8ΡΧ,2025-08-28,ΕΝΤΑΛΜΑ ΠΛΗΡΩΜΗΣ ΕΛΛΕΝΚΟ Α.Ε. (094074824),094074824,ΕΛΛΕΝΚΟ Α.Ε. (094074824),162.16,,
ΨΡ4Ν4690ΒΧ-ΡΗΗ,2025-08-28,ΕΝΤΑΛΜΑ ΠΛΗΡΩΜΗΣ ΕΛΛΕΝΚΟ Α.Ε. (094074824),094074824,ΕΛΛΕΝΚΟ Α.Ε. (094074824),944.96,,
Ψ83Ψ4690ΒΧ-ΟΕΝ,2025-08-28,ΕΝΤΑΛΜΑ ΠΛΗΡΩΜΗΣ ΕΛΛΕΝΚΟ Α.Ε. (094074824),094074824,ΕΛΛΕΝΚΟ Α.Ε. (094074824),220.35,,
Ψ6ΜΠ4690ΒΧ-ΨΚΤ,2025-08-28,ΕΝΤΑΛΜΑ ΠΛΗΡΩΜΗΣ ΔΕΛΤΑ ΙΑΤΡΙΚΗ Α.Ε. (094437130),094437130,ΔΕΛΤΑ ΙΑΤΡΙΚΗ Α.Ε. (094437130),128.96,,
9ΥΩΕ4690ΒΧ-40Δ,2025-08-28,ΕΝΤΑΛΜΑ ΠΛΗΡΩΜΗΣ PAUL HARTMANN Hellas A.E. (999862491),999862491,PAUL HARTMANN Hellas A.E. (999862491),593.25,,
9ΜΕΟ4690ΒΧ-4ΔΔ,2025-08-28,ΕΝΤΑΛΜΑ ΠΛΗΡΩΜΗΣ PAUL HARTMANN Hellas A.E. (999862491),999862491,PAUL HARTMANN Hellas A.E. (999862491),505.92,,
6ΥΙΗ4690ΒΧ-4ΛΑ,2025-08-28,ΕΝΤΑΛΜΑ ΠΛΗΡΩΜΗΣ ΝΤΙΑΜΕΝΤ ΕΛΛΑΣ Α.Ε.Ε. (095259724),095259724,ΝΤΙΑΜΕΝΤ ΕΛΛΑΣ Α.Ε.Ε. (095259724),2982.84,,
ΡΨΓΒ4690ΒΧ-46Τ,2025-08-27,ΕΝΤΑΛΜΑ ΠΛΗΡΩΜΗΣ ΝΙΚ.Ι.ΛΑΊΝΙΩΤΗΣ Α.Ε.Β.Ε (093628458),093628458,ΝΙΚ.Ι.ΛΑΊΝΙΩΤΗΣ Α.Ε.Β.Ε (093628458),575.4,,
Ψ7ΓΙ4690ΒΧ-Κ1Ο,2025-08-27,ΕΝΤΑΛΜΑ ΠΛΗΡΩΜΗΣ ΝΙΚ.Ι.ΛΑΊΝΙΩΤΗΣ Α.Ε.Β.Ε (093628458),093628458,ΝΙΚ.Ι.ΛΑΊΝΙΩΤΗΣ Α.Ε.Β.Ε (093628458),85.19,,
9ΕΑ54690ΒΧ-79Ι,2025-08-27,ΕΝΤΑΛΜΑ ΠΛΗΡΩΜΗΣ ΝΙΚ.Ι.ΛΑΊΝΙΩΤΗΣ Α.Ε.Β.Ε (093628458),093628458,ΝΙΚ.Ι.ΛΑΊΝΙΩΤΗΣ Α.Ε.Β.Ε (093628458),123.13,,
9Ρ254690ΒΧ-ΑΛ5,2025-08-27,ΕΝΤΑΛΜΑ ΠΛΗΡΩΜΗΣ ΝΙΚ.Ι.ΛΑΊΝΙΩΤΗΣ Α.Ε.Β.Ε (093628458),093628458,ΝΙΚ.Ι.ΛΑΊΝΙΩΤΗΣ Α.Ε.Β.Ε (093628458),2505.02,,
99Η74690ΒΧ-7ΒΗ,2025-08-27,ΕΝΤΑΛΜΑ ΠΛΗΡΩΜΗΣ ΝΙΚ.Ι.ΛΑΊΝΙΩΤΗΣ Α.Ε.Β.Ε (093628458),093628458,ΝΙΚ.Ι.ΛΑΊΝΙΩΤΗΣ Α.Ε.Β.Ε (093628458),8416.57,,
ΨΡΑΠ4690ΒΧ-Γ7Υ,2025-08-27,ΕΝΤΑΛΜΑ ΠΛΗΡΩΜΗΣ ΝΙΚ.Ι.ΛΑΊΝΙΩΤΗΣ Α.Ε.Β.Ε (093628458),093628458,ΝΙΚ.Ι.ΛΑΊΝΙΩΤΗΣ Α.Ε.Β.Ε (093628458),3142.31,,
6ΚΖ54690ΒΧ-ΦΟ7,2025-08-27,ΕΝΤΑΛΜΑ ΠΛΗΡΩΜΗΣ ΝΙΚ.Ι.ΛΑΊΝΙΩΤΗΣ Α.Ε.Β.Ε (093628458),093628458,ΝΙΚ.Ι.ΛΑΊΝΙΩΤΗΣ Α.Ε.Β.Ε (093628458),4122.24,,
ΡΗΞΘ4690ΒΧ-2ΔΦ,2025-08-27,ΕΝΤΑΛΜΑ ΠΛΗΡΩΜΗΣ ΝΙΚ.Ι.ΛΑΊΝΙΩΤΗΣ Α.Ε.Β.Ε (093628458),093628458,ΝΙΚ.Ι.ΛΑΊΝΙΩΤΗΣ Α.Ε.Β.Ε (093628458),499.74,,
9ΛΨ34690ΒΧ-5ΣΒ,2025-08-27,ΕΝΤΑΛΜΑ ΠΛΗΡΩΜΗΣ ΜΑΓΕΙΡΑΣ ΔΙΑΓΝ.ΜΗΧΑΝΗΜΑΤΑ Α.Ε. (095444407),095444407,ΜΑΓΕΙΡΑΣ ΔΙΑΓΝ.ΜΗΧΑΝΗΜΑΤΑ Α.Ε. (095444407),2174.56,,
9ΘΞΝ4690ΒΧ-Η3Γ,2025-08-27,ΕΝΤΑΛΜΑ ΠΛΗΡΩΜΗΣ ΜΑΓΕΙΡΑΣ ΔΙΑΓΝ.ΜΗΧΑΝΗΜΑΤΑ Α.Ε. (095444407),095444407,ΜΑΓΕΙΡΑΣ ΔΙΑΓΝ.ΜΗΧΑΝΗΜΑΤΑ Α.Ε. (095444407),223.2,,
ΨΟ4Κ4690ΒΧ-365,2025-08-27,ΕΝΤΑΛΜΑ ΠΛΗΡΩΜΗΣ ΜΑΓΕΙΡΑΣ ΔΙΑΓΝ.ΜΗΧΑΝΗΜΑΤΑ Α.Ε. (095444407),095444407,ΜΑΓΕΙΡΑΣ ΔΙΑΓΝ.ΜΗΧΑΝΗΜΑΤΑ Α.Ε. (095444407),2185.4,,
9ΔΘΠ4690ΒΧ-ΑΨΒ,2025-08-27,ΕΝΤΑΛΜΑ ΠΛΗΡΩΜΗΣ ΜΑΓΕΙΡΑΣ ΔΙΑΓΝ.ΜΗΧΑΝΗΜΑΤΑ Α.Ε. (095444407),095444407,ΜΑΓΕΙΡΑΣ ΔΙΑΓΝ.ΜΗΧΑΝΗΜΑΤΑ Α.Ε. (095444407),4240.0,,
ΨΔ5Α4690ΒΧ-ΜΡΦ,2025-08-27,ΕΝΤΑΛΜΑ ΠΛΗΡΩΜΗΣ ΜΑΓΕΙΡΑΣ ΔΙΑΓΝ.ΜΗΧΑΝΗΜΑΤΑ Α.Ε. (095444407),095444407,ΜΑΓΕΙΡΑΣ ΔΙΑΓΝ.ΜΗΧΑΝΗΜΑΤΑ Α.Ε. (095444407),3243.6,,
9Ν0Ν4690ΒΧ-Ο5Ξ,2025-08-27,ΕΝΤΑΛΜΑ ΠΛΗΡΩΜΗΣ ΜΑΓΕΙΡΑΣ ΔΙΑΓΝ.ΜΗΧΑΝΗΜΑΤΑ Α.Ε. (095444407),095444407,ΜΑΓΕΙΡΑΣ ΔΙΑΓΝ.ΜΗΧΑΝΗΜΑΤΑ Α.Ε. (095444407),1096.1,,
ΨΘΠ84690ΒΧ-Ν2Ε,2025-08-27,ΕΝΤΑΛΜΑ ΠΛΗΡΩΜΗΣ ΜΑΓΕΙΡΑΣ ΔΙΑΓΝ.ΜΗΧΑΝΗΜΑΤΑ Α.Ε. (095444407),095444407,ΜΑΓΕΙΡΑΣ ΔΙΑΓΝ.ΜΗΧΑΝΗΜΑΤΑ Α.Ε. (095444407),3019.4,,
998Τ4690ΒΧ-4ΧΗ,2025-08-20,ΕΝΤΑΛΜΑ ΠΛΗΡΩΜΗΣ ΠΦΑΙΖΕΡ ΕΛΛΑΣ ΑΕ600/01/B86/601 (094012336),094012336,ΠΦΑΙΖΕΡ ΕΛΛΑΣ ΑΕ600/01/B86/601 (094012336),1994.94,,
ΨΠ014690ΒΧ-2ΞΟ,2025-08-20,ΕΝΤΑΛΜΑ ΠΛΗΡΩΜΗΣ ΠΦΑΙΖΕΡ ΕΛΛΑΣ ΑΕ600/01/B86/601 (094012336),094012336,ΠΦΑΙΖΕΡ ΕΛΛΑΣ ΑΕ600/01/B86/601 (094012336),5583.73,,
68Κ24690ΒΧ-ΒΚΝ,2025-08-20,ΕΝΤΑΛΜΑ ΠΛΗΡΩΜΗΣ ΒΙΟΣΕΡ ΑΕ (094035927),094035927,ΒΙΟΣΕΡ ΑΕ (094035927),5375.13,,
Ρ6Υ04690ΒΧ-ΑΔ2,2025-08-21,ΕΝΤΑΛΜΑ ΠΛΗΡΩΜΗΣ TAKEDA ΕΛΛΑΣ Α.Ε (094326651),094326651,TAKEDA ΕΛΛΑΣ Α.Ε (094326651),8440.91,,
ΡΠ5Ο4690ΒΧ-ΒΨΗ,2025-08-20,ΕΝΤΑΛΜΑ ΠΛΗΡΩΜΗΣ NOVARTIS (HELLAS) AEBE (094021290),094021290,NOVARTIS (HELLAS) AEBE (094021290),1831.65,,
9Ξ0Υ4690ΒΧ-Κ59,2025-08-20,ΕΝΤΑΛΜΑ ΠΛΗΡΩΜΗΣ NOVARTIS (HELLAS) AEBE (094021290),094021290,NOVARTIS (HELLAS) AEBE (094021290),3988.76,,
6Τ9Ν4690ΒΧ-ΦΨΡ,2025-08-22,ΕΝΤΑΛΜΑ ΠΛΗΡΩΜΗΣ MENARINI HELLAS A.E. (094141331),094141331,MENARINI HELLAS A.E. (094141331),425.6,,
ΨΦΗ04690ΒΧ-ΚΦΜ,2025-08-26,ΕΝΤΑΛΜΑ ΠΛΗΡΩΜΗΣ Κωστας Α.Παπαέλληνας(ΕλλάςΑΕΒΕ) (094075360),094075360,Κωστας Α.Παπαέλληνας(ΕλλάςΑΕΒΕ) (094075360),2600.64,,
9ΔΕΝ4690ΒΧ-6Ο0,2025-08-26,ΕΝΤΑΛΜΑ ΠΛΗΡΩΜΗΣ Κωστας Α.Παπαέλληνας(ΕλλάςΑΕΒΕ) (094075360),094075360,Κωστας Α.Παπαέλληνας(ΕλλάςΑΕΒΕ) (094075360),180.8,,
ΡΓΑΧ4690ΒΧ-3ΦΙ,2025-08-26,ΕΝΤΑΛΜΑ ΠΛΗΡΩΜΗΣ ΕΥΡΟΜΑΡΤ Α.Ε. (094284004),094284004,ΕΥΡΟΜΑΡΤ Α.Ε. (094284004),358.79,,
ΨΜΣΧ4690ΒΧ-ΕΡΠ,2025-08-26,ΕΝΤΑΛΜΑ ΠΛΗΡΩΜΗΣ ΕΥΡΟΜΑΡΤ Α.Ε. (094284004),094284004,ΕΥΡΟΜΑΡΤ Α.Ε. (094284004),217.64,,
ΡΘ3Β4690ΒΧ-3Μ7,2025-08-26,ΕΝΤΑΛΜΑ ΠΛΗΡΩΜΗΣ ΑΛΚΟΝ ΛΑΜΠΟΡΑΤΟΡΙΣ ΕΛΛΑΣ ΑΕΒΕ (094450895),094450895,ΑΛΚΟΝ ΛΑΜΠΟΡΑΤΟΡΙΣ ΕΛΛΑΣ ΑΕΒΕ (094450895),157.13,,
ΡΗ1Δ4690ΒΧ-ΔΘΧ,2025-08-26,ΕΝΤΑΛΜΑ ΠΛΗΡΩΜΗΣ ΑΛΚΟΝ ΛΑΜΠΟΡΑΤΟΡΙΣ ΕΛΛΑΣ ΑΕΒΕ (094450895),094450895,ΑΛΚΟΝ ΛΑΜΠΟΡΑΤΟΡΙΣ ΕΛΛΑΣ ΑΕΒΕ (094450895),594.7,,
9Ψ7Π4690ΒΧ-Η7Θ,2025-08-26,ΕΝΤΑΛΜΑ ΠΛΗΡΩΜΗΣ ΑΛΚΟΝ ΛΑΜΠΟΡΑΤΟΡΙΣ ΕΛΛΑΣ ΑΕΒΕ (094450895),094450895,ΑΛΚΟΝ ΛΑΜΠΟΡΑΤΟΡΙΣ ΕΛΛΑΣ ΑΕΒΕ (094450895),1670.28,,
Ψ75Π4690ΒΧ-ΩΨΗ,2025-08-26,ΕΝΤΑΛΜΑ ΠΛΗΡΩΜΗΣ MEDICON HELLAS A.E. (094240321),094240321,MEDICON HELLAS A.E. (094240321),2744.04,,
Ψ8Υ54690ΒΧ-ΞΓΥ,2025-08-26,ΕΝΤΑΛΜΑ ΠΛΗΡΩΜΗΣ MEDICON HELLAS A.E. (094240321),094240321,MEDICON HELLAS A.E. (094240321),4572.88,,
ΨΤΩΟ4690ΒΧ-5ΘΑ,2025-08-26,ΕΝΤΑΛΜΑ ΠΛΗΡΩΜΗΣ MEDICON HELLAS A.E. (094240321),094240321,MEDICON HELLAS A.E. (094240321),307.4,,
9ΡΑ94690ΒΧ-61Ο,2025-08-26,ΕΝΤΑΛΜΑ ΠΛΗΡΩΜΗΣ MEDICON HELLAS A.E. (094240321),094240321,MEDICON HELLAS A.E. (094240321),4415.96,,
ΨΠΕΚ4690ΒΧ-ΖΚΑ,2025-08-26,ΕΝΤΑΛΜΑ ΠΛΗΡΩΜΗΣ MEDICON HELLAS A.E. (094240321),094240321,MEDICON HELLAS A.E. (094240321),4797.96,,
ΨΣΘΜ4690ΒΧ-ΞΘΝ,2025-08-26,ΕΝΤΑΛΜΑ ΠΛΗΡΩΜΗΣ MEDICON HELLAS A.E. (094240321),094240321,MEDICON HELLAS A.E. (094240321),1272.0,,
9Α5Υ4690ΒΧ-1Κ2,2025-08-26,ΕΝΤΑΛΜΑ ΠΛΗΡΩΜΗΣ MEDICON HELLAS A.E. (094240321),094240321,MEDICON HELLAS A.E. (094240321),4332.0,,
ΨΟΤ14690ΒΧ-Λ51,2025-08-26,ΕΝΤΑΛΜΑ ΠΛΗΡΩΜΗΣ DUCASCO-ΔΟΥΡΜΟΥΣΟΓΛΟΥ ΑΕΒΕ (999640490),999640490,DUCASCO-ΔΟΥΡΜΟΥΣΟΓΛΟΥ ΑΕΒΕ (999640490),258.91,,
ΨΨΥΙ4690ΒΧ-ΑΦΘ,2025-08-26,ΕΝΤΑΛΜΑ ΠΛΗΡΩΜΗΣ BAYER ΕΛΛΑΣ ΑΒΕΕ (094056437),094056437,BAYER ΕΛΛΑΣ ΑΒΕΕ (094056437),15400.8,,
ΡΡΓ94690ΒΧ-7ΟΖ,2025-08-26,ΕΝΤΑΛΜΑ ΠΛΗΡΩΜΗΣ BAYER ΕΛΛΑΣ ΑΒΕΕ (094056437),094056437,BAYER ΕΛΛΑΣ ΑΒΕΕ (094056437),3906.0,,
99804690ΒΧ-Η4Η,2025-08-26,ΕΝΤΑΛΜΑ ΠΛΗΡΩΜΗΣ ABBOTT LABORATORIES(ΕΛΛΑΣ)ABEE (094027257),094027257,ABBOTT LABORATORIES(ΕΛΛΑΣ)ABEE (094027257),2798.4,,
ΡΞΡΓ4690ΒΧ-0Υ2,2025-08-26,ΕΝΤΑΛΜΑ ΠΛΗΡΩΜΗΣ ABBOTT LABORATORIES(ΕΛΛΑΣ)ABEE (094027257),094027257,ABBOTT LABORATORIES(ΕΛΛΑΣ)ABEE (094027257),1331.12,,
ΨΥΕΒ4690ΒΧ-Ζ2Φ,2025-08-26,ΕΝΤΑΛΜΑ ΠΛΗΡΩΜΗΣ ABBOTT LABORATORIES(ΕΛΛΑΣ)ABEE (094027257),094027257,ABBOTT LABORATORIES(ΕΛΛΑΣ)ABEE (094027257),23320.0,,
Ψ8ΛΘ4690ΒΧ-ΑΛ3,2025-07-30,ΕΝΤΑΛΜΑ ΠΛΗΡΩΜΗΣ ΔΗΜ.ΕΠΙΧ/ΣΗ ΗΛΕΚΤΡΙΣΜΟΥ ΑΕ (090000045),090000045,ΔΗΜ.ΕΠΙΧ/ΣΗ ΗΛΕΚΤΡΙΣΜΟΥ ΑΕ (090000045),29016.15,,
6ΝΖ04690ΒΧ-ΞΥΜ,2025-08-22,ΕΝΤΑΛΜΑ ΠΛΗΡΩΜΗΣ ΕΛΛΗΝΙΚ.ΙΝΣΤΙΤΟΥΤΟ ΠΑΣΤΕΡ (090030420),090030420,ΕΛΛΗΝΙΚ.ΙΝΣΤΙΤΟΥΤΟ ΠΑΣΤΕΡ (090030420),1853.09,,
62ΕΔ4690ΒΧ-ΡΡ2,2025-08-20,ΕΝΤΑΛΜΑ ΠΛΗΡΩΜΗΣ ΒΙΟΣΕΡ ΑΕ (094035927),094035927,ΒΙΟΣΕΡ ΑΕ (094035927),3126.74,,
9ΙΙΟ4690ΒΧ-ΝΥ9,2025-08-20,ΕΝΤΑΛΜΑ ΠΛΗΡΩΜΗΣ ΒΙΟΣΕΡ ΑΕ (094035927),094035927,ΒΙΟΣΕΡ ΑΕ (094035927),4994.72,,
6ΖΦΨ4690ΒΧ-ΗΣ0,2025-08-20,ΕΝΤΑΛΜΑ ΠΛΗΡΩΜΗΣ ΒΙΟΣΕΡ ΑΕ (094035927),094035927,ΒΙΟΣΕΡ ΑΕ (094035927),4506.62,,
9Ρ6Ι4690ΒΧ-ΜΦΑ,2025-08-20,ΕΝΤΑΛΜΑ ΠΛΗΡΩΜΗΣ ΒΙΟΣΕΡ ΑΕ (094035927),094035927,ΒΙΟΣΕΡ ΑΕ (094035927),3192.19,,
96Ι34690ΒΧ-Μ64,2025-08-20,ΕΝΤΑΛΜΑ ΠΛΗΡΩΜΗΣ ΒΙΟΣΕΡ ΑΕ (094035927),094035927,ΒΙΟΣΕΡ ΑΕ (094035927),4611.75,,
ΨΝΕ84690ΒΧ-0ΩΡ,2025-08-20,ΕΝΤΑΛΜΑ ΠΛΗΡΩΜΗΣ ΒΙΟΣΕΡ ΑΕ (094035927),094035927,ΒΙΟΣΕΡ ΑΕ (094035927),5185.04,,
9ΔΕΓ4690ΒΧ-ΡΙ3,2025-08-20,ΕΝΤΑΛΜΑ ΠΛΗΡΩΜΗΣ ΒΙΟΣΕΡ ΑΕ (094035927),094035927,ΒΙΟΣΕΡ ΑΕ (094035927),2592.02,,
6ΘΣΝ4690ΒΧ-ΣΚΠ,2025-08-20,ΕΝΤΑΛΜΑ ΠΛΗΡΩΜΗΣ ΒΙΟΣΕΡ ΑΕ (094035927),094035927,ΒΙΟΣΕΡ ΑΕ (094035927),135.95,,
ΡΠΣ84690ΒΧ-Δ8Π,2025-08-20,ΕΝΤΑΛΜΑ ΠΛΗΡΩΜΗΣ ΒΙΟΣΕΡ ΑΕ (094035927),094035927,ΒΙΟΣΕΡ ΑΕ (094035927),3471.13,,
9Ν0Ψ4690ΒΧ-Π17,2025-08-20,ΕΝΤΑΛΜΑ ΠΛΗΡΩΜΗΣ ΒΙΟΣΕΡ ΑΕ (094035927),094035927,ΒΙΟΣΕΡ ΑΕ (094035927),4703.5,,
6ΝΩ34690ΒΧ-ΣΙΘ,2025-08-20,ΕΝΤΑΛΜΑ ΠΛΗΡΩΜΗΣ ΒΙΟΣΕΡ ΑΕ (094035927),094035927,ΒΙΟΣΕΡ ΑΕ (094035927),4743.36,,
ΨΑΧΘ4690ΒΧ-9ΧΛ,2025-08-20,ΕΝΤΑΛΜΑ ΠΛΗΡΩΜΗΣ ΒΙΟΣΕΡ ΑΕ (094035927),094035927,ΒΙΟΣΕΡ ΑΕ (094035927),4849.5,,
ΡΠΩ74690ΒΧ-2ΑΓ,2025-08-20,ΕΝΤΑΛΜΑ ΠΛΗΡΩΜΗΣ ΒΙΟΣΕΡ ΑΕ (094035927),094035927,ΒΙΟΣΕΡ ΑΕ (094035927),4063.04,,
ΨΑΠΞ4690ΒΧ-3ΥΦ,2025-08-21,ΕΝΤΑΛΜΑ ΠΛΗΡΩΜΗΣ ΒΙΑΝΕΞ ΑΕ (094031965),094031965,ΒΙΑΝΕΞ ΑΕ (094031965),2499.27,,
ΡΩΒΣ4690ΒΧ-ΩΝΕ,2025-08-21,ΕΝΤΑΛΜΑ ΠΛΗΡΩΜΗΣ ΒΙΑΝΕΞ ΑΕ (094031965),094031965,ΒΙΑΝΕΞ ΑΕ (094031965),4787.8,,
9ΕΨ64690ΒΧ-ΕΧΟ,2025-08-21,ΕΝΤΑΛΜΑ ΠΛΗΡΩΜΗΣ ΒΙΑΝΕΞ ΑΕ (094031965),094031965,ΒΙΑΝΕΞ ΑΕ (094031965),69.78,,
6Ι5Ξ4690ΒΧ-ΓΟ1,2025-08-21,ΕΝΤΑΛΜΑ ΠΛΗΡΩΜΗΣ ΒΙΑΝΕΞ ΑΕ (094031965),094031965,ΒΙΑΝΕΞ ΑΕ (094031965),3080.28,,
9ΜΓΧ4690ΒΧ-Ν0Υ,2025-08-21,ΕΝΤΑΛΜΑ ΠΛΗΡΩΜΗΣ ΒΙΑΝΕΞ ΑΕ (094031965),094031965,ΒΙΑΝΕΞ ΑΕ (094031965),4641.85,,
ΨΓΚΒ4690ΒΧ-ΘΒ7,2025-08-21,ΕΝΤΑΛΜΑ ΠΛΗΡΩΜΗΣ ΒΙΑΝΕΞ ΑΕ (094031965),094031965,ΒΙΑΝΕΞ ΑΕ (094031965),4776.81,,
ΨΧ984690ΒΧ-ΚΓΛ,2025-08-21,ΕΝΤΑΛΜΑ ΠΛΗΡΩΜΗΣ ΑΝΦΑΡΜ - ΕΛΛΑΣ ΑΕ (094036383),094036383,ΑΝΦΑΡΜ - ΕΛΛΑΣ ΑΕ (094036383),1096.62,,
9ΓΙΚ4690ΒΧ-ΕΑΨ,2025-08-21,ΕΝΤΑΛΜΑ ΠΛΗΡΩΜΗΣ ΑΝΦΑΡΜ - ΕΛΛΑΣ ΑΕ (094036383),094036383,ΑΝΦΑΡΜ - ΕΛΛΑΣ ΑΕ (094036383),153.7,,
6Ξ9Ο4690ΒΧ-Ν2Α,2025-08-21,ΕΝΤΑΛΜΑ ΠΛΗΡΩΜΗΣ ΑΝΦΑΡΜ - ΕΛΛΑΣ ΑΕ (094036383),094036383,ΑΝΦΑΡΜ - ΕΛΛΑΣ ΑΕ (094036383),3444.95,,
6ΓΥΖ4690ΒΧ-ΡΡΡ,2025-08-21,ΕΝΤΑΛΜΑ ΠΛΗΡΩΜΗΣ ΑΝΦΑΡΜ - ΕΛΛΑΣ ΑΕ (094036383),094036383,ΑΝΦΑΡΜ - ΕΛΛΑΣ ΑΕ (094036383),3444.95,,
6ΘΜ44690ΒΧ-430,2025-08-21,ΕΝΤΑΛΜΑ ΠΛΗΡΩΜΗΣ ΑΝΦΑΡΜ - ΕΛΛΑΣ ΑΕ (094036383),094036383,ΑΝΦΑΡΜ - ΕΛΛΑΣ ΑΕ (094036383),953.62,,
9ΣΧΝ4690ΒΧ-ΕΛΨ,2025-08-22,ΕΝΤΑΛΜΑ ΠΛΗΡΩΜΗΣ UNI-PHARMA ΚΛΕΩΝ ΤΣΕΤΗΣ ΑΒΕΕ (094320634),094320634,UNI-PHARMA ΚΛΕΩΝ ΤΣΕΤΗΣ ΑΒΕΕ (094320634),1034.58,,
ΨΘΖ24690ΒΧ-ΩΡΧ,2025-08-21,ΕΝΤΑΛΜΑ ΠΛΗΡΩΜΗΣ TAKEDA ΕΛΛΑΣ Α.Ε (094326651),094326651,TAKEDA ΕΛΛΑΣ Α.Ε (094326651),2230.87,,
9ΒΦ64690ΒΧ-8Ν3,2025-08-21,ΕΝΤΑΛΜΑ ΠΛΗΡΩΜΗΣ TAKEDA ΕΛΛΑΣ Α.Ε (094326651),094326651,TAKEDA ΕΛΛΑΣ Α.Ε (094326651),3807.81,,
6Μ4Δ4690ΒΧ-ΘΤΨ,2025-08-21,ΕΝΤΑΛΜΑ ΠΛΗΡΩΜΗΣ TAKEDA ΕΛΛΑΣ Α.Ε (094326651),094326651,TAKEDA ΕΛΛΑΣ Α.Ε (094326651),3807.81,,
9ΩΒΓ4690ΒΧ-ΛΩΛ,2025-08-21,ΕΝΤΑΛΜΑ ΠΛΗΡΩΜΗΣ TAKEDA ΕΛΛΑΣ Α.Ε (094326651),094326651,TAKEDA ΕΛΛΑΣ Α.Ε (094326651),3807.81,,
ΡΠΠ44690ΒΧ-ΜΒ9,2025-08-21,ΕΝΤΑΛΜΑ ΠΛΗΡΩΜΗΣ TAKEDA ΕΛΛΑΣ Α.Ε (094326651),094326651,TAKEDA ΕΛΛΑΣ Α.Ε (094326651),3807.81,,
ΨΡΑΝ4690ΒΧ-3ΜΦ,2025-08-21,ΕΝΤΑΛΜΑ ΠΛΗΡΩΜΗΣ TAKEDA ΕΛΛΑΣ Α.Ε (094326651),094326651,TAKEDA ΕΛΛΑΣ Α.Ε (094326651),3807.81,,
9ΜΔΖ4690ΒΧ-Ψ4Φ,2025-08-21,ΕΝΤΑΛΜΑ ΠΛΗΡΩΜΗΣ TAKEDA ΕΛΛΑΣ Α.Ε (094326651),094326651,TAKEDA ΕΛΛΑΣ Α.Ε (094326651),3807.81,,
9ΛΛ84690ΒΧ-87Ω,2025-08-21,ΕΝΤΑΛΜΑ ΠΛΗΡΩΜΗΣ TAKEDA ΕΛΛΑΣ Α.Ε (094326651),094326651,TAKEDA ΕΛΛΑΣ Α.Ε (094326651),3807.81,,
ΨΣ6Ι4690ΒΧ-4Φ3,2025-08-22,ΕΝΤΑΛΜΑ ΠΛΗΡΩΜΗΣ SANDOZ HELLAS ΜΟΝΟΠΡΟΣΩΠΗ ΑΝΩΝΥΜΗ ΕΤΑΙΡΕΙΑ (801946213),801946213,SANDOZ HELLAS ΜΟΝΟΠΡΟΣΩΠΗ ΑΝΩΝΥΜΗ ΕΤΑΙΡΕΙΑ (801946213),692.48,,
6Σ9Ζ4690ΒΧ-815,2025-08-22,ΕΝΤΑΛΜΑ ΠΛΗΡΩΜΗΣ SANDOZ HELLAS ΜΟΝΟΠΡΟΣΩΠΗ ΑΝΩΝΥΜΗ ΕΤΑΙΡΕΙΑ (801946213),801946213,SANDOZ HELLAS ΜΟΝΟΠΡΟΣΩΠΗ ΑΝΩΝΥΜΗ ΕΤΑΙΡΕΙΑ (801946213),3116.12,,
ΨΖΤΜ4690ΒΧ-8ΟΕ,2025-08-22,ΕΝΤΑΛΜΑ ΠΛΗΡΩΜΗΣ PAUL HARTMANN Hellas A.E. (999862491),999862491,PAUL HARTMANN Hellas A.E. (999862491),1555.98,,
980Σ4690ΒΧ-ΠΓ8,2025-07-30,ΕΝΤΑΛΜΑ ΠΛΗΡΩΜΗΣ ΔΗΜ.ΕΠΙΧ/ΣΗ ΗΛΕΚΤΡΙΣΜΟΥ ΑΕ (090000045),090000045,ΔΗΜ.ΕΠΙΧ/ΣΗ ΗΛΕΚΤΡΙΣΜΟΥ ΑΕ (090000045),26787.94,,
9Π954690ΒΧ-ΓΩΕ,2025-07-31,ΕΝΤΑΛΜΑ ΠΛΗΡΩΜΗΣ ΓΕΩΡΓΙΟΣ ΚΕΦΑΛΑΣ ΣΙΑ Ε.Ε (801925973),801925973,ΓΕΩΡΓΙΟΣ ΚΕΦΑΛΑΣ ΣΙΑ Ε.Ε (801925973),173.6,,
6ΧΖΣ4690ΒΧ-ΔΓΧ,2025-07-31,ΕΝΤΑΛΜΑ ΠΛΗΡΩΜΗΣ ΓΕΩΡΓΙΟΣ ΚΕΦΑΛΑΣ ΣΙΑ Ε.Ε (801925973),801925973,ΓΕΩΡΓΙΟΣ ΚΕΦΑΛΑΣ ΣΙΑ Ε.Ε (801925973),221.96,,
9ΠΚ54690ΒΧ-6ΚΒ,2025-07-31,ΕΝΤΑΛΜΑ ΠΛΗΡΩΜΗΣ ΓΕΩΡΓΙΟΣ ΚΕΦΑΛΑΣ ΣΙΑ Ε.Ε (801925973),801925973,ΓΕΩΡΓΙΟΣ ΚΕΦΑΛΑΣ ΣΙΑ Ε.Ε (801925973),3062.3,,
ΨΩΙΔ4690ΒΧ-ΠΛ8,2025-07-25,ΕΝΤΑΛΜΑ ΠΛΗΡΩΜΗΣ Σ.ΣΟΛΔΑΤΟΣ Ε.Π.Ε. (095451970),095451970,Σ.ΣΟΛΔΑΤΟΣ Ε.Π.Ε. (095451970),1686.05,,
6ΝΦΖ4690ΒΧ-1Σ8,2025-07-23,ΕΝΤΑΛΜΑ ΠΛΗΡΩΜΗΣ BOEHRINGER INGELHEIM ΕΛΛΑΣ ΑΕ (094140021),094140021,BOEHRINGER INGELHEIM ΕΛΛΑΣ ΑΕ (094140021),2131.85,,
ΨΘΖ84690ΒΧ-ΦΛΡ,2025-07-31,ΕΝΤΑΛΜΑ ΠΛΗΡΩΜΗΣ WiLO HELLAS ΜΟΝΟΠΡΟΣΩΠΗ Α.Β.Ε.Ε (094061750),094061750,WiLO HELLAS ΜΟΝΟΠΡΟΣΩΠΗ Α.Β.Ε.Ε (094061750),774.78,,
9ΦΘ24690ΒΧ-Γ4Η,2025-07-31,ΕΝΤΑΛΜΑ ΠΛΗΡΩΜΗΣ TUVAUSTRIA HELLAS ΜΕΠΕ (095574110),095574110,TUVAUSTRIA HELLAS ΜΕΠΕ (095574110),2170.0,,
ΨΕ9Ψ4690ΒΧ-ΞΣ2,2025-07-31,ΕΝΤΑΛΜΑ ΠΛΗΡΩΜΗΣ SIEMENS HEALTHINEERS A.E. (094456875),094456875,SIEMENS HEALTHINEERS A.E. (094456875),12391.83,,
9ΥΩΞ4690ΒΧ-ΛΧΦ,2025-07-31,ΕΝΤΑΛΜΑ ΠΛΗΡΩΜΗΣ Rethink ΑΕΒΕ (999125269),999125269,Rethink ΑΕΒΕ (999125269),39.31,,
6ΑΕΥ4690ΒΧ-1ΘΥ,2025-07-31,ΕΝΤΑΛΜΑ ΠΛΗΡΩΜΗΣ Rethink ΑΕΒΕ (999125269),999125269,Rethink ΑΕΒΕ (999125269),259.31,,
ΨΒΣΤ4690ΒΧ-1ΧΦ,2025-07-31,ΕΝΤΑΛΜΑ ΠΛΗΡΩΜΗΣ PUBLIC AUDIT SERVICES E.E. (802035894),802035894,PUBLIC AUDIT SERVICES E.E. (802035894),2976.0,,
ΨΒΥ44690ΒΧ-1Γ2,2025-07-31,ΕΝΤΑΛΜΑ ΠΛΗΡΩΜΗΣ GE HEALTHCARE (094472918),094472918,GE HEALTHCARE (094472918),10539.99,,
Ψ2Δ14690ΒΧ-Η7Ν,2025-07-31,ΕΝΤΑΛΜΑ ΠΛΗΡΩΜΗΣ ETIROLLB.ΠΑΡΑΣΧΟΣ   ΣΙΑ Ε.Ε. (099905778),099905778,ETIROLLB.ΠΑΡΑΣΧΟΣ   ΣΙΑ Ε.Ε. (099905778),977.17,,
ΨΤΔ04690ΒΧ-Κ5Λ,2025-07-31,ΕΝΤΑΛΜΑ ΠΛΗΡΩΜΗΣ COMPUTER SOLUTIONS ΑΝΩΝΥΜΗ (095403136),095403136,COMPUTER SOLUTIONS ΑΝΩΝΥΜΗ (095403136),3720.0,,
90Σ64690ΒΧ-Δ68,2025-07-31,ΕΝΤΑΛΜΑ ΠΛΗΡΩΜΗΣ COMPUTER SOLUTIONS ΑΝΩΝΥΜΗ (095403136),095403136,COMPUTER SOLUTIONS ΑΝΩΝΥΜΗ (095403136),2852.0,,
6ΣΛ34690ΒΧ-ΜΚΕ,2025-07-31,ΕΝΤΑΛΜΑ ΠΛΗΡΩΜΗΣ COMPUTER SOLUTIONS ΑΝΩΝΥΜΗ (095403136),095403136,COMPUTER SOLUTIONS ΑΝΩΝΥΜΗ (095403136),15685.98,,
ΨΞ7Ν4690ΒΧ-Ε1Ν,2025-07-31,ΕΝΤΑΛΜΑ ΠΛΗΡΩΜΗΣ <<ΠΕΙΡΑΪΚΗ ΕΦΟΔΙΑΣΤΙΚΗ>> Σ.ΚΑΤΕΧΗΣ   ΣΙΑ Ο.Ε (999234290),999234290,<<ΠΕΙΡΑΪΚΗ ΕΦΟΔΙΑΣΤΙΚΗ>> Σ.ΚΑΤΕΧΗΣ   ΣΙΑ Ο.Ε (999234290),3216.56,,
Ψ5ΠΙ4690ΒΧ-ΧΨ9,2025-07-29,ΕΝΤΑΛΜΑ ΠΛΗΡΩΜΗΣ ΚΟΝΤΟΓΙΑΝΝΗ ΟΥΡΑΝΙΑ (301366552),301366552,ΚΟΝΤΟΓΙΑΝΝΗ ΟΥΡΑΝΙΑ (301366552),1106.88,,
6ΞΚΟ4690ΒΧ-ΝΜΡ,2025-07-29,ΕΝΤΑΛΜΑ ΠΛΗΡΩΜΗΣ ΚΟΝΤΟΓΙΑΝΝΗ ΟΥΡΑΝΙΑ (301366552),301366552,ΚΟΝΤΟΓΙΑΝΝΗ ΟΥΡΑΝΙΑ (301366552),1177.77,,
ΡΣ2Ι4690ΒΧ-ΔΨΛ,2025-07-31,ΕΝΤΑΛΜΑ ΠΛΗΡΩΜΗΣ ΔΙΣΝΙΤΣΑΣ ΛΕΩΝΙΔΑΣ (029818051),029818051,ΔΙΣΝΙΤΣΑΣ ΛΕΩΝΙΔΑΣ (029818051),4309.81,,
ΡΩΝ24690ΒΧ-Ι53,2025-07-30,ΕΝΤΑΛΜΑ ΠΛΗΡΩΜΗΣ ΔΗΜ.ΕΠΙΧ/ΣΗ ΗΛΕΚΤΡΙΣΜΟΥ ΑΕ (090000045),090000045,ΔΗΜ.ΕΠΙΧ/ΣΗ ΗΛΕΚΤΡΙΣΜΟΥ ΑΕ (090000045),1906.0,,
96Ω24690ΒΧ-1ΟΒ,2025-07-30,ΕΝΤΑΛΜΑ ΠΛΗΡΩΜΗΣ ΔΗΜ.ΕΠΙΧ/ΣΗ ΗΛΕΚΤΡΙΣΜΟΥ ΑΕ (090000045),090000045,ΔΗΜ.ΕΠΙΧ/ΣΗ ΗΛΕΚΤΡΙΣΜΟΥ ΑΕ (090000045),699.0,,
ΡΣΜΥ4690ΒΧ-ΥΓΤ,2025-07-30,ΕΝΤΑΛΜΑ ΠΛΗΡΩΜΗΣ ΔΗΜ.ΕΠΙΧ/ΣΗ ΗΛΕΚΤΡΙΣΜΟΥ ΑΕ (090000045),090000045,ΔΗΜ.ΕΠΙΧ/ΣΗ ΗΛΕΚΤΡΙΣΜΟΥ ΑΕ (090000045),47.0,,
Ρ8464690ΒΧ-66Η,2025-07-31,ΕΝΤΑΛΜΑ ΠΛΗΡΩΜΗΣ ΑΤΟΜΙΚΗ ΦΡΟΝΤΙΔΑ ΑΒΕΕ (998476060),998476060,ΑΤΟΜΙΚΗ ΦΡΟΝΤΙΔΑ ΑΒΕΕ (998476060),2455.34,,
Ψ9Σ74690ΒΧ-ΞΛΕ,2025-07-29,ΕΝΤΑΛΜΑ ΠΛΗΡΩΜΗΣ ΚΑΚΑΒΟΣ Ι.ΔΗΜΗΤΡΙΟΣ (119540879),119540879,ΚΑΚΑΒΟΣ Ι.ΔΗΜΗΤΡΙΟΣ (119540879),524.32,,
9ΖΦ34690ΒΧ-Ε40,2025-07-29,ΕΝΤΑΛΜΑ ΠΛΗΡΩΜΗΣ ΚΑΚΑΒΟΣ Ι.ΔΗΜΗΤΡΙΟΣ (119540879),119540879,ΚΑΚΑΒΟΣ Ι.ΔΗΜΗΤΡΙΟΣ (119540879),10975.13,,
Ρ2ΑΧ4690ΒΧ-454,2025-07-29,ΕΝΤΑΛΜΑ ΠΛΗΡΩΜΗΣ ΚΑΚΑΒΟΣ Ι.ΔΗΜΗΤΡΙΟΣ (119540879),119540879,ΚΑΚΑΒΟΣ Ι.ΔΗΜΗΤΡΙΟΣ (119540879),111.73,,
ΨΚΧ74690ΒΧ-5ΘΥ,2025-07-29,ΕΝΤΑΛΜΑ ΠΛΗΡΩΜΗΣ ΚΑΚΑΒΟΣ Ι.ΔΗΜΗΤΡΙΟΣ (119540879),119540879,ΚΑΚΑΒΟΣ Ι.ΔΗΜΗΤΡΙΟΣ (119540879),1046.13,,
ΡΟΧΗ4690ΒΧ-37Η,2025-07-29,ΕΝΤΑΛΜΑ ΠΛΗΡΩΜΗΣ ΚΑΚΑΒΟΣ Ι.ΔΗΜΗΤΡΙΟΣ (119540879),119540879,ΚΑΚΑΒΟΣ Ι.ΔΗΜΗΤΡΙΟΣ (119540879),3431.17,,
Ρ4ΗΕ4690ΒΧ-ΠΩΕ,2025-07-29,ΕΝΤΑΛΜΑ ΠΛΗΡΩΜΗΣ ΑΙΑΝΤΑΣ ΤΡΟΦΟΔΟΣΙΕΣ-ΕΙΣΑΓΩΓΙΚΗ   ΕΞΑΓΩΓΙΚΗ ΑΕ (081808560),081808560,ΑΙΑΝΤΑΣ ΤΡΟΦΟΔΟΣΙΕΣ-ΕΙΣΑΓΩΓΙΚΗ   ΕΞΑΓΩΓΙΚΗ ΑΕ (081808560),3560.61,,
ΨΑ3Τ4690ΒΧ-ΓΒΤ,2025-07-30,ΕΝΤΑΛΜΑ ΠΛΗΡΩΜΗΣ ΟΡΓ/ΣΜΟΣ ΤΗΛΕΠ/ΝΙΩΝ ΕΛΛΑΔΟΣ ΑΕ (094019245),094019245,ΟΡΓ/ΣΜΟΣ ΤΗΛΕΠ/ΝΙΩΝ ΕΛΛΑΔΟΣ ΑΕ (094019245),126.24,,
ΨΣΥ34690ΒΧ-Ε4Θ,2025-07-30,ΕΝΤΑΛΜΑ ΠΛΗΡΩΜΗΣ ΟΡΓ/ΣΜΟΣ ΤΗΛΕΠ/ΝΙΩΝ ΕΛΛΑΔΟΣ ΑΕ (094019245),094019245,ΟΡΓ/ΣΜΟΣ ΤΗΛΕΠ/ΝΙΩΝ ΕΛΛΑΔΟΣ ΑΕ (094019245),39.96,,
ΨΜΨΖ4690ΒΧ-3ΗΑ,2025-07-30,ΕΝΤΑΛΜΑ ΠΛΗΡΩΜΗΣ ΟΡΓ/ΣΜΟΣ ΤΗΛΕΠ/ΝΙΩΝ ΕΛΛΑΔΟΣ ΑΕ (094019245),094019245,ΟΡΓ/ΣΜΟΣ ΤΗΛΕΠ/ΝΙΩΝ ΕΛΛΑΔΟΣ ΑΕ (094019245),219.6,,
60ΗΠ4690ΒΧ-9Ε0,2025-07-30,ΕΝΤΑΛΜΑ ΠΛΗΡΩΜΗΣ ΟΡΓ/ΣΜΟΣ ΤΗΛΕΠ/ΝΙΩΝ ΕΛΛΑΔΟΣ ΑΕ (094019245),094019245,ΟΡΓ/ΣΜΟΣ ΤΗΛΕΠ/ΝΙΩΝ ΕΛΛΑΔΟΣ ΑΕ (094019245),300.32,,
9Θ4Ξ4690ΒΧ-ΟΧ0,2025-07-30,ΕΝΤΑΛΜΑ ΠΛΗΡΩΜΗΣ ΟΡΓ/ΣΜΟΣ ΤΗΛΕΠ/ΝΙΩΝ ΕΛΛΑΔΟΣ ΑΕ (094019245),094019245,ΟΡΓ/ΣΜΟΣ ΤΗΛΕΠ/ΝΙΩΝ ΕΛΛΑΔΟΣ ΑΕ (094019245),1643.47,,
ΨΣΡΡ4690ΒΧ-ΙΦ3,2025-07-30,ΕΝΤΑΛΜΑ ΠΛΗΡΩΜΗΣ ΟΡΓ/ΣΜΟΣ ΤΗΛΕΠ/ΝΙΩΝ ΕΛΛΑΔΟΣ ΑΕ (094019245),094019245,ΟΡΓ/ΣΜΟΣ ΤΗΛΕΠ/ΝΙΩΝ ΕΛΛΑΔΟΣ ΑΕ (094019245),20.0,,
ΨΒΚΙ4690ΒΧ-Π2Ζ,2025-07-29,ΕΝΤΑΛΜΑ ΠΛΗΡΩΜΗΣ ΟΥΡΑΝΙΑ ΚΟΝΤΟΓΙΑΝΝΗ   ΣΙΑ Ε.Ε. (802824232),802824232,ΟΥΡΑΝΙΑ ΚΟΝΤΟΓΙΑΝΝΗ   ΣΙΑ Ε.Ε. (802824232),196.86,,
ΨΞΦΠ4690ΒΧ-ΖΒ4,2025-07-29,ΕΝΤΑΛΜΑ ΠΛΗΡΩΜΗΣ ΟΥΡΑΝΙΑ ΚΟΝΤΟΓΙΑΝΝΗ   ΣΙΑ Ε.Ε. (802824232),802824232,ΟΥΡΑΝΙΑ ΚΟΝΤΟΓΙΑΝΝΗ   ΣΙΑ Ε.Ε. (802824232),460.0,,
ΨΗ2Ζ4690ΒΧ-462,2025-07-29,ΕΝΤΑΛΜΑ ΠΛΗΡΩΜΗΣ ΟΥΡΑΝΙΑ ΚΟΝΤΟΓΙΑΝΝΗ   ΣΙΑ Ε.Ε. (802824232),802824232,ΟΥΡΑΝΙΑ ΚΟΝΤΟΓΙΑΝΝΗ   ΣΙΑ Ε.Ε. (802824232),2299.52,,
9ΣΛ14690ΒΧ-ΨΓΜ,2025-07-31,ΕΝΤΑΛΜΑ ΠΛΗΡΩΜΗΣ PublicSoft Ι.Κ.Ε. (800837416),800837416,PublicSoft Ι.Κ.Ε. (800837416),3348.0,,
Ψ15Ψ4690ΒΧ-22Μ,2025-07-31,ΕΝΤΑΛΜΑ ΠΛΗΡΩΜΗΣ OTIS ΕΛΛΑΣ ΜΟΝΟΠΡΟΣΩΠΗ ΑΝΩΝ.ΒΙΟΜ.   ΕΜΠ.ΤΕΧΝ.ΕΤΑΙΡΕΙΑ (094208578),094208578,OTIS ΕΛΛΑΣ ΜΟΝΟΠΡΟΣΩΠΗ ΑΝΩΝ.ΒΙΟΜ.   ΕΜΠ.ΤΕΧΝ.ΕΤΑΙΡΕΙΑ (094208578),3503.01,,
6ΤΝΠ4690ΒΧ-ΝΞ4,2025-07-23,ΕΝΤΑΛΜΑ ΠΛΗΡΩΜΗΣ DEMO A.Β.Ε.E. (094041553),094041553,DEMO A.Β.Ε.E. (094041553),3317.87,,
ΡΒΑΒ4690ΒΧ-Ψ57,2025-07-23,ΕΝΤΑΛΜΑ ΠΛΗΡΩΜΗΣ ΜΠΑΞΤΕΡ ΕΛΛΑΣ ΕΠΕ (095530045),095530045,ΜΠΑΞΤΕΡ ΕΛΛΑΣ ΕΠΕ (095530045),4655.58,,
ΨΜ5Δ4690ΒΧ-ΥΝΚ,2025-07-21,ΕΝΤΑΛΜΑ ΠΛΗΡΩΜΗΣ ΚΟΠΕΡ ΑΕ (094007897),094007897,ΚΟΠΕΡ ΑΕ (094007897),1553.25,,
97ΒΙ4690ΒΧ-Γ2Ν,2025-07-21,ΕΝΤΑΛΜΑ ΠΛΗΡΩΜΗΣ INNOVIS PHARMA AEBE (998381010),998381010,INNOVIS PHARMA AEBE (998381010),467.58,,
9ΗΠΨ4690ΒΧ-8ΞΘ,2025-07-21,ΕΝΤΑΛΜΑ ΠΛΗΡΩΜΗΣ ΑΡΡΙΑΝΙ ΦΑΡΜΑΚΕΥΤΙΚΗ (094493453),094493453,ΑΡΡΙΑΝΙ ΦΑΡΜΑΚΕΥΤΙΚΗ (094493453),1736.96,,
6Γ374690ΒΧ-8Χ9,2025-07-21,ΕΝΤΑΛΜΑ ΠΛΗΡΩΜΗΣ LAVIPHARM HELLAS Α.Ε.Ε. (094355289),094355289,LAVIPHARM HELLAS Α.Ε.Ε. (094355289),1786.69,,
ΨΧΗΓ4690ΒΧ-3ΛΤ,2025-07-21,ΕΝΤΑΛΜΑ ΠΛΗΡΩΜΗΣ CSL Behring Ελλάς ΜΕΠΕ (999600478),999600478,CSL Behring Ελλάς ΜΕΠΕ (999600478),1685.02,,
ΨΛΤΔ4690ΒΧ-6Φ1,2025-07-21,ΕΝΤΑΛΜΑ ΠΛΗΡΩΜΗΣ ΓΕΝΕΣΙΣ ΦΑΡΜΑ Α.Ε. (094495317),094495317,ΓΕΝΕΣΙΣ ΦΑΡΜΑ Α.Ε. (094495317),12404.46,,
9Η2Ε4690ΒΧ-Ο39,2025-07-21,ΕΝΤΑΛΜΑ ΠΛΗΡΩΜΗΣ ΦΑΡΜΕΞ ΑΕ (094106680),094106680,ΦΑΡΜΕΞ ΑΕ (094106680),1571.53,,
9ΕΙΘ4690ΒΧ-Ζ2Ζ,2025-07-21,ΕΝΤΑΛΜΑ ΠΛΗΡΩΜΗΣ ΝΟΡΜΑ ΕΛΛΑΣ ΑΕ (094030004),094030004,ΝΟΡΜΑ ΕΛΛΑΣ ΑΕ (094030004),8912.95,,
9ΦΡ74690ΒΧ-Τ7Φ,2025-07-21,ΕΝΤΑΛΜΑ ΠΛΗΡΩΜΗΣ SANOFI AVENTIS A.E.B.E. (094076485),094076485,SANOFI AVENTIS A.E.B.E. (094076485),4637.05,,
Ρ4ΝΕ4690ΒΧ-54Π,2025-07-31,ΕΝΤΑΛΜΑ ΠΛΗΡΩΜΗΣ Ν.ΠΡΟΚΟΣ   ΣΙΑ Ο.Ε. (999426109),999426109,Ν.ΠΡΟΚΟΣ   ΣΙΑ Ο.Ε. (999426109),36.33,,
ΨΚΗΑ4690ΒΧ-ΥΛΑ,2025-07-31,ΕΝΤΑΛΜΑ ΠΛΗΡΩΜΗΣ Ν.ΠΡΟΚΟΣ   ΣΙΑ Ο.Ε. (999426109),999426109,Ν.ΠΡΟΚΟΣ   ΣΙΑ Ο.Ε. (999426109),196.6,,
91ΖΚ4690ΒΧ-7Υ1,2025-07-30,ΕΝΤΑΛΜΑ ΠΛΗΡΩΜΗΣ ΜΙΧΑΗΛ ΣΚΑΜΑΓΚΑΣ ΑΒΕΕ (999717761),999717761,ΜΙΧΑΗΛ ΣΚΑΜΑΓΚΑΣ ΑΒΕΕ (999717761),387.12,,
ΨΔ4Ω4690ΒΧ-ΓΘΤ,2025-07-31,ΕΝΤΑΛΜΑ ΠΛΗΡΩΜΗΣ ΚΑΙΝΟΤΟΜΙΑ Α.Ε. (999399139),999399139,ΚΑΙΝΟΤΟΜΙΑ Α.Ε. (999399139),11160.0,,
ΨΒΘΚ4690ΒΧ-Γ20,2025-07-31,ΕΝΤΑΛΜΑ ΠΛΗΡΩΜΗΣ ΘΕΡΜΟΣΩΛ ΑΤΜΟΛΕΒΗΤΕΣ  Α.Ε. (094422651),094422651,ΘΕΡΜΟΣΩΛ ΑΤΜΟΛΕΒΗΤΕΣ  Α.Ε. (094422651),4786.4,,
63ΘΥ4690ΒΧ-ΦΘ1,2025-07-31,ΕΝΤΑΛΜΑ ΠΛΗΡΩΜΗΣ ΕΡΓΟΣΥΣΤΕΜΣ ΕΠΕ (095457728),095457728,ΕΡΓΟΣΥΣΤΕΜΣ ΕΠΕ (095457728),597.72,,
6ΓΠΩ4690ΒΧ-84Ζ,2025-07-31,ΕΝΤΑΛΜΑ ΠΛΗΡΩΜΗΣ Δ. ΚΟΡΤΕΣΗΣ   ΣΙΑ Ε.Ε. (999658897),999658897,Δ. ΚΟΡΤΕΣΗΣ   ΣΙΑ Ε.Ε. (999658897),111.6,,
9ΟΣΟ4690ΒΧ-ΗΕΓ,2025-07-31,ΕΝΤΑΛΜΑ ΠΛΗΡΩΜΗΣ Δ. ΚΟΡΤΕΣΗΣ   ΣΙΑ Ε.Ε. (999658897),999658897,Δ. ΚΟΡΤΕΣΗΣ   ΣΙΑ Ε.Ε. (999658897),2565.35,,
ΨΞΝΤ4690ΒΧ-02Ε,2025-07-31,ΕΝΤΑΛΜΑ ΠΛΗΡΩΜΗΣ ΓΕΛΑΔΑΚΗΣ ΔΗΜ.   ΣΙΑ ΕΕ (800378754),800378754,ΓΕΛΑΔΑΚΗΣ ΔΗΜ.   ΣΙΑ ΕΕ (800378754),2625.7,,
9ΞΞ04690ΒΧ-ΩΤΑ,2025-07-31,ΕΝΤΑΛΜΑ ΠΛΗΡΩΜΗΣ Γ.ΣΑΜΑΡΑΣ ΑΒΕΕ (094373861),094373861,Γ.ΣΑΜΑΡΑΣ ΑΒΕΕ (094373861),235.6,,
ΨΠΙ14690ΒΧ-ΖΕ7,2025-07-31,ΕΝΤΑΛΜΑ ΠΛΗΡΩΜΗΣ Γ.ΣΑΜΑΡΑΣ ΑΒΕΕ (094373861),094373861,Γ.ΣΑΜΑΡΑΣ ΑΒΕΕ (094373861),16373.89,,
9ΩΖ44690ΒΧ-ΔΕΡ,2025-07-31,ΕΝΤΑΛΜΑ ΠΛΗΡΩΜΗΣ Γ.ΣΑΜΑΡΑΣ ΑΒΕΕ (094373861),094373861,Γ.ΣΑΜΑΡΑΣ ΑΒΕΕ (094373861),3916.42,,
6ΘΒ94690ΒΧ-ΜΘ4,2025-07-31,ΕΝΤΑΛΜΑ ΠΛΗΡΩΜΗΣ ΄΄ ΜΟΥΡΟΠΟΥΛΟΣ΄΄ ΒΙΟ/ΝΙΑ ΠΛΑΣΤΙΚΩΝ (081857450),081857450,΄΄ ΜΟΥΡΟΠΟΥΛΟΣ΄΄ ΒΙΟ/ΝΙΑ ΠΛΑΣΤΙΚΩΝ (081857450),3723.72,,
ΨΓΜ14690ΒΧ-74Χ,2025-07-30,ΕΝΤΑΛΜΑ ΠΛΗΡΩΜΗΣ ΔΗΜ.ΕΠΙΧ/ΣΗ ΗΛΕΚΤΡΙΣΜΟΥ ΑΕ (090000045),090000045,ΔΗΜ.ΕΠΙΧ/ΣΗ ΗΛΕΚΤΡΙΣΜΟΥ ΑΕ (090000045),30710.24,,
9ΙΔΗ4690ΒΧ-ΑΦ0,2025-07-30,ΕΝΤΑΛΜΑ ΠΛΗΡΩΜΗΣ ΕΛΛΗΝΙΚΑ ΚΑΥΣΙΜΑ ΟΡΥΚΤΕΛΑΙΑ ΜΟΝΟΠΡ.ΑΝΩΝ.ΒΙΟΜΗΧ.  ΕΜΠΟΡ.ΕΤΑΙΡΕΙΑ (094010146),094010146,ΕΛΛΗΝΙΚΑ ΚΑΥΣΙΜΑ ΟΡΥΚΤΕΛΑΙΑ ΜΟΝΟΠΡ.ΑΝΩΝ.ΒΙΟΜΗΧ.  ΕΜΠΟΡ.ΕΤΑΙΡΕΙΑ (094010146),36608.94,,
ΨΓ5Μ4690ΒΧ-ΝΒΖ,2025-07-30,ΕΝΤΑΛΜΑ ΠΛΗΡΩΜΗΣ Rain bow waters (099328240),099328240,Rain bow waters (099328240),20.27,,
60ΝΙ4690ΒΧ-ΜΜΖ,2025-07-29,ΕΝΤΑΛΜΑ ΠΛΗΡΩΜΗΣ Rain bow waters (099328240),099328240,Rain bow waters (099328240),109.74,,
61ΡΝ4690ΒΧ-ΧΑΖ,2025-07-30,ΕΝΤΑΛΜΑ ΠΛΗΡΩΜΗΣ ΔΗΜΟΣ ΛΕΥΚΑΔΑΣ (997916281),997916281,ΔΗΜΟΣ ΛΕΥΚΑΔΑΣ (997916281),18.19,,
ΨΠΨΗ4690ΒΧ-ΩΝ9,2025-07-30,ΕΝΤΑΛΜΑ ΠΛΗΡΩΜΗΣ ΔΗΜΟΣ ΛΕΥΚΑΔΑΣ (997916281),997916281,ΔΗΜΟΣ ΛΕΥΚΑΔΑΣ (997916281),10.1,,
Ρ7ΞΔ4690ΒΧ-405,2025-07-29,ΕΝΤΑΛΜΑ ΠΛΗΡΩΜΗΣ ΜΠΑΛΑΣΚΑΣ ΓΕΩΡΓΙΟΣ (073571028),073571028,ΜΠΑΛΑΣΚΑΣ ΓΕΩΡΓΙΟΣ (073571028),578.09,,
ΡΗΨΦ4690ΒΧ-ΓΩΝ,2025-07-29,ΕΝΤΑΛΜΑ ΠΛΗΡΩΜΗΣ ΜΠΑΛΑΣΚΑΣ ΓΕΩΡΓΙΟΣ (073571028),073571028,ΜΠΑΛΑΣΚΑΣ ΓΕΩΡΓΙΟΣ (073571028),922.1,,
9ΕΗΗ4690ΒΧ-ΖΩ8,2025-07-29,ΕΝΤΑΛΜΑ ΠΛΗΡΩΜΗΣ ΜΠΑΛΑΣΚΑΣ ΓΕΩΡΓΙΟΣ (073571028),073571028,ΜΠΑΛΑΣΚΑΣ ΓΕΩΡΓΙΟΣ (073571028),923.18,,
ΡΣ854690ΒΧ-ΝΛ8,2025-07-29,ΕΝΤΑΛΜΑ ΠΛΗΡΩΜΗΣ ΜΠΑΛΑΣΚΑΣ ΓΕΩΡΓΙΟΣ (073571028),073571028,ΜΠΑΛΑΣΚΑΣ ΓΕΩΡΓΙΟΣ (073571028),31.64,,
Ψ7664690ΒΧ-Β1Ο,2025-07-25,ΕΝΤΑΛΜΑ ΠΛΗΡΩΜΗΣ ΚΑΤΩΠΟΔΗΣ Μ.-ΚΑΒΒΑΔΑ Ε.Ε.Π.Ε. (997917019),997917019,ΚΑΤΩΠΟΔΗΣ Μ.-ΚΑΒΒΑΔΑ Ε.Ε.Π.Ε. (997917019),511.87,,
9ΖΝ54690ΒΧ-ΠΑΠ,2025-07-25,ΕΝΤΑΛΜΑ ΠΛΗΡΩΜΗΣ ΚΑΤΩΠΟΔΗΣ Μ.-ΚΑΒΒΑΔΑ Ε.Ε.Π.Ε. (997917019),997917019,ΚΑΤΩΠΟΔΗΣ Μ.-ΚΑΒΒΑΔΑ Ε.Ε.Π.Ε. (997917019),26.04,,
Ρ9ΔΚ4690ΒΧ-8ΒΙ,2025-07-25,ΕΝΤΑΛΜΑ ΠΛΗΡΩΜΗΣ ΚΑΤΩΠΟΔΗΣ Μ.-ΚΑΒΒΑΔΑ Ε.Ε.Π.Ε. (997917019),997917019,ΚΑΤΩΠΟΔΗΣ Μ.-ΚΑΒΒΑΔΑ Ε.Ε.Π.Ε. (997917019),2474.73,,
ΨΖ8Ω4690ΒΧ-ΝΗΖ,2025-07-25,ΕΝΤΑΛΜΑ ΠΛΗΡΩΜΗΣ ΚΑΤΩΠΟΔΗΣ Μ.-ΚΑΒΒΑΔΑ Ε.Ε.Π.Ε. (997917019),997917019,ΚΑΤΩΠΟΔΗΣ Μ.-ΚΑΒΒΑΔΑ Ε.Ε.Π.Ε. (997917019),167.89,,
ΡΓΙ34690ΒΧ-ΟΡ3,2025-07-25,ΕΝΤΑΛΜΑ ΠΛΗΡΩΜΗΣ ΚΑΤΩΠΟΔΗΣ Μ.-ΚΑΒΒΑΔΑ Ε.Ε.Π.Ε. (997917019),997917019,ΚΑΤΩΠΟΔΗΣ Μ.-ΚΑΒΒΑΔΑ Ε.Ε.Π.Ε. (997917019),279.0,,
9Θ174690ΒΧ-ΛΦΦ,2025-07-29,ΕΝΤΑΛΜΑ ΠΛΗΡΩΜΗΣ Α.ΚΑΡΥΠΙΔΗΣ Α.Β.Ε.Ε (094098300),094098300,Α.ΚΑΡΥΠΙΔΗΣ Α.Β.Ε.Ε (094098300),1527.1,,
ΡΗ5Λ4690ΒΧ-0ΞΚ,2025-07-23,ΕΝΤΑΛΜΑ ΠΛΗΡΩΜΗΣ ΜΠΑΞΤΕΡ ΕΛΛΑΣ ΕΠΕ (095530045),095530045,ΜΠΑΞΤΕΡ ΕΛΛΑΣ ΕΠΕ (095530045),3944.22,,
ΡΡΖΡ4690ΒΧ-96Υ,2025-07-23,ΕΝΤΑΛΜΑ ΠΛΗΡΩΜΗΣ ΜΠΑΞΤΕΡ ΕΛΛΑΣ ΕΠΕ (095530045),095530045,ΜΠΑΞΤΕΡ ΕΛΛΑΣ ΕΠΕ (095530045),3209.5,,
ΡΚ854690ΒΧ-ΞΨΑ,2025-07-23,ΕΝΤΑΛΜΑ ΠΛΗΡΩΜΗΣ ΜΠΑΞΤΕΡ ΕΛΛΑΣ ΕΠΕ (095530045),095530045,ΜΠΑΞΤΕΡ ΕΛΛΑΣ ΕΠΕ (095530045),2216.94,,
948Φ4690ΒΧ-Ω02,2025-07-21,ΕΝΤΑΛΜΑ ΠΛΗΡΩΜΗΣ ΚΟΠΕΡ ΑΕ (094007897),094007897,ΚΟΠΕΡ ΑΕ (094007897),72.91,,
ΡΞΧ24690ΒΧ-ΥΩΛ,2025-07-21,ΕΝΤΑΛΜΑ ΠΛΗΡΩΜΗΣ ΚΟΠΕΡ ΑΕ (094007897),094007897,ΚΟΠΕΡ ΑΕ (094007897),2484.75,,
ΡΞ6Μ4690ΒΧ-Μ0Η,2025-07-21,ΕΝΤΑΛΜΑ ΠΛΗΡΩΜΗΣ SANOFI AVENTIS A.E.B.E. (094076485),094076485,SANOFI AVENTIS A.E.B.E. (094076485),1411.64,,
6ΗΝΞ4690ΒΧ-ΧΙΡ,2025-07-21,ΕΝΤΑΛΜΑ ΠΛΗΡΩΜΗΣ INNOVIS PHARMA AEBE (998381010),998381010,INNOVIS PHARMA AEBE (998381010),182.77,,
ΡΚΖΗ4690ΒΧ-1Ο0,2025-07-23,ΕΝΤΑΛΜΑ ΠΛΗΡΩΜΗΣ DEMO A.Β.Ε.E. (094041553),094041553,DEMO A.Β.Ε.E. (094041553),2114.53,,
ΨΛΑΠ4690ΒΧ-8ΡΒ,2025-07-23,ΕΝΤΑΛΜΑ ΠΛΗΡΩΜΗΣ DEMO A.Β.Ε.E. (094041553),094041553,DEMO A.Β.Ε.E. (094041553),151.85,,
6ΓΠΜ4690ΒΧ-Σ0Ι,2025-07-23,ΕΝΤΑΛΜΑ ΠΛΗΡΩΜΗΣ DEMO A.Β.Ε.E. (094041553),094041553,DEMO A.Β.Ε.E. (094041553),2907.1,,
Ρ4ΜΓ4690ΒΧ-34Μ,2025-07-23,ΕΝΤΑΛΜΑ ΠΛΗΡΩΜΗΣ DEMO A.Β.Ε.E. (094041553),094041553,DEMO A.Β.Ε.E. (094041553),2656.87,,
ΨΡΟ84690ΒΧ-ΠΥΜ,2025-07-23,ΕΝΤΑΛΜΑ ΠΛΗΡΩΜΗΣ DEMO A.Β.Ε.E. (094041553),094041553,DEMO A.Β.Ε.E. (094041553),4071.5,,
ΨΚΡ54690ΒΧ-ΧΕΩ,2025-07-25,ΕΝΤΑΛΜΑ ΠΛΗΡΩΜΗΣ ΄΄ΦΑΡΜΑ ΚΙΡΚΗ΄΄ ΕΙΡΗΝΗ ΦΕΡΕΝΤΙΝΟΥ ΜΟΝ/ΠΗ ΙΚΕ (800908604),800908604,΄΄ΦΑΡΜΑ ΚΙΡΚΗ΄΄ ΕΙΡΗΝΗ ΦΕΡΕΝΤΙΝΟΥ ΜΟΝ/ΠΗ ΙΚΕ (800908604),3699.47,,
ΨΛ9Ν4690ΒΧ-57Ψ,2025-07-25,ΕΝΤΑΛΜΑ ΠΛΗΡΩΜΗΣ ΄΄ΦΑΡΜΑ ΚΙΡΚΗ΄΄ ΕΙΡΗΝΗ ΦΕΡΕΝΤΙΝΟΥ ΜΟΝ/ΠΗ ΙΚΕ (800908604),800908604,΄΄ΦΑΡΜΑ ΚΙΡΚΗ΄΄ ΕΙΡΗΝΗ ΦΕΡΕΝΤΙΝΟΥ ΜΟΝ/ΠΗ ΙΚΕ (800908604),1196.76,,
6ΣΠΖ4690ΒΧ-ΕΣΒ,2025-07-25,ΕΝΤΑΛΜΑ ΠΛΗΡΩΜΗΣ ΄΄ΦΑΡΜΑ ΚΙΡΚΗ΄΄ ΕΙΡΗΝΗ ΦΕΡΕΝΤΙΝΟΥ ΜΟΝ/ΠΗ ΙΚΕ (800908604),800908604,΄΄ΦΑΡΜΑ ΚΙΡΚΗ΄΄ ΕΙΡΗΝΗ ΦΕΡΕΝΤΙΝΟΥ ΜΟΝ/ΠΗ ΙΚΕ (800908604),343.02,,
6ΓΗΩ4690ΒΧ-Υ6Ζ,2025-07-25,ΕΝΤΑΛΜΑ ΠΛΗΡΩΜΗΣ ΄΄ΦΑΡΜΑ ΚΙΡΚΗ΄΄ ΕΙΡΗΝΗ ΦΕΡΕΝΤΙΝΟΥ ΜΟΝ/ΠΗ ΙΚΕ (800908604),800908604,΄΄ΦΑΡΜΑ ΚΙΡΚΗ΄΄ ΕΙΡΗΝΗ ΦΕΡΕΝΤΙΝΟΥ ΜΟΝ/ΠΗ ΙΚΕ (800908604),17975.8,,
61Ρ54690ΒΧ-ΤΚ8,2025-07-25,ΕΝΤΑΛΜΑ ΠΛΗΡΩΜΗΣ ΣΤΡΑΤΗΣ ΝΙΚ.ΑΡΑΒΑΝΗΣ ΣΙΑ Ο.Ε (092053060),092053060,ΣΤΡΑΤΗΣ ΝΙΚ.ΑΡΑΒΑΝΗΣ ΣΙΑ Ο.Ε (092053060),231.97,,
9Ζ1Τ4690ΒΧ-ΦΘΠ,2025-07-25,ΕΝΤΑΛΜΑ ΠΛΗΡΩΜΗΣ ΘΩΜΑΣ ΚΡΗΤΙΚΟΣ (044166913),044166913,ΘΩΜΑΣ ΚΡΗΤΙΚΟΣ (044166913),163.49,,
ΡΨ8Ε4690ΒΧ-ΘΚ6,2025-07-25,ΕΝΤΑΛΜΑ ΠΛΗΡΩΜΗΣ ΘΕΟΧΑΡΗΣ ΚΩΝΣΤΑΝΤΙΝΟΣ (074168641),074168641,ΘΕΟΧΑΡΗΣ ΚΩΝΣΤΑΝΤΙΝΟΣ (074168641),81.84,,
68ΨΧ4690ΒΧ-Α3Ι,2025-07-25,ΕΝΤΑΛΜΑ ΠΛΗΡΩΜΗΣ ΘΕΟΧΑΡΗΣ ΚΩΝΣΤΑΝΤΙΝΟΣ (074168641),074168641,ΘΕΟΧΑΡΗΣ ΚΩΝΣΤΑΝΤΙΝΟΣ (074168641),890.94,,
ΨΘΡΟ4690ΒΧ-66Ζ,2025-07-25,ΕΝΤΑΛΜΑ ΠΛΗΡΩΜΗΣ ΕΞΟΠΛΙΣΤΙΚΗ ΛΕΥΚΑΔΑΣ (801720654),801720654,ΕΞΟΠΛΙΣΤΙΚΗ ΛΕΥΚΑΔΑΣ (801720654),372.87,,
Ψ9ΛΗ4690ΒΧ-ΤΞΣ,2025-07-25,ΕΝΤΑΛΜΑ ΠΛΗΡΩΜΗΣ ΑΧΟΡΤΑΓΟΣ express -ΦΙΛΙΠΠΑΣ Δ. ΜΙΧΑΗΛ (301392557),301392557,ΑΧΟΡΤΑΓΟΣ express -ΦΙΛΙΠΠΑΣ Δ. ΜΙΧΑΗΛ (301392557),334.8,,
9Π874690ΒΧ-ΖΛΘ,2025-07-25,ΕΝΤΑΛΜΑ ΠΛΗΡΩΜΗΣ ΑΦΟΙ ΖΥΡΙΧΙΔΗ Ο.Ε (091282761),091282761,ΑΦΟΙ ΖΥΡΙΧΙΔΗ Ο.Ε (091282761),1229.78,,
9Α8Λ4690ΒΧ-ΙΒ0,2025-07-25,ΕΝΤΑΛΜΑ ΠΛΗΡΩΜΗΣ Α.ΜΗΤΣΟΥΡΑ - Ε.ΣΤΑΥΡΑΚΑΣ   ΣΙΑ Ο.Ε (092052246),092052246,Α.ΜΗΤΣΟΥΡΑ - Ε.ΣΤΑΥΡΑΚΑΣ   ΣΙΑ Ο.Ε (092052246),187.61,,
Ψ6924690ΒΧ-ΕΤ2,2025-07-25,ΕΝΤΑΛΜΑ ΠΛΗΡΩΜΗΣ TYPO-CENTER ΓΕΡ.ΒΕΡΓΙΝΗΣ (028558054),028558054,TYPO-CENTER ΓΕΡ.ΒΕΡΓΙΝΗΣ (028558054),222.74,,
Ψ7ΡΟ4690ΒΧ-Φ58,2025-07-25,ΕΝΤΑΛΜΑ ΠΛΗΡΩΜΗΣ TRANE HELLAS A.E (098032885),098032885,TRANE HELLAS A.E (098032885),2480.0,,
6ΧΕΕ4690ΒΧ-ΑΔΑ,2025-07-25,ΕΝΤΑΛΜΑ ΠΛΗΡΩΜΗΣ TRANE HELLAS A.E (098032885),098032885,TRANE HELLAS A.E (098032885),3323.2,,
Ρ9ΦΤ4690ΒΧ-ΛΘΜ,2025-07-25,ΕΝΤΑΛΜΑ ΠΛΗΡΩΜΗΣ TRANE HELLAS A.E (098032885),098032885,TRANE HELLAS A.E (098032885),6510.0,,
Ψ3184690ΒΧ-1ΨΠ,2025-07-25,ΕΝΤΑΛΜΑ ΠΛΗΡΩΜΗΣ ΕΞΟΠΛΙΣΤΙΚΗ ΛΕΥΚΑΔΑΣ (801720654),801720654,ΕΞΟΠΛΙΣΤΙΚΗ ΛΕΥΚΑΔΑΣ (801720654),151.78,,
ΨΝ2Δ4690ΒΧ-ΜΗΜ,2025-07-25,ΕΝΤΑΛΜΑ ΠΛΗΡΩΜΗΣ PROFI ΤΕΧΝΙΚΟ SUPER MARKET (800326038),800326038,PROFI ΤΕΧΝΙΚΟ SUPER MARKET (800326038),307.58,,
60ΝΤ4690ΒΧ-Ψ0Ζ,2025-07-23,ΕΝΤΑΛΜΑ ΠΛΗΡΩΜΗΣ ΛΑΜΠΑΔΑΡΙΟΣ   ΣΥΝΕΡΓΑΤΕΣ (999821183),999821183,ΛΑΜΠΑΔΑΡΙΟΣ   ΣΥΝΕΡΓΑΤΕΣ (999821183),4960.0,,
Ψ7ΡΔ4690ΒΧ-ΤΕΖ,2025-07-23,ΕΝΤΑΛΜΑ ΠΛΗΡΩΜΗΣ ΠΑΝ/ΜΙΟ ΑΘΗΝΩΝ-ΠΑΘ/ΓΙΚΟ ΑΝΑΤΟΜ (090145420),090145420,ΠΑΝ/ΜΙΟ ΑΘΗΝΩΝ-ΠΑΘ/ΓΙΚΟ ΑΝΑΤΟΜ (090145420),276.0,,
6Τ384690ΒΧ-ΤΤΕ,2025-07-23,ΕΝΤΑΛΜΑ ΠΛΗΡΩΜΗΣ ΦΡΑΓΚΟΥΛΗΣ ΚΩΝΣΤΑΝΤΙΝΟΣ ΗΛΙΑΣ (061736727),061736727,ΦΡΑΓΚΟΥΛΗΣ ΚΩΝΣΤΑΝΤΙΝΟΣ ΗΛΙΑΣ (061736727),372.0,,
Ρ0ΓΑ4690ΒΧ-ΘΡ1,2025-07-23,ΕΝΤΑΛΜΑ ΠΛΗΡΩΜΗΣ ΠΛΗΡΟΦΟΡΙΚΗ ΕΛΛΑΔΟΣ Ε.Π.Ε (095659768),095659768,ΠΛΗΡΟΦΟΡΙΚΗ ΕΛΛΑΔΟΣ Ε.Π.Ε (095659768),2346.7,,
6ΑΟΖ4690ΒΧ-ΖΔΞ,2025-07-23,ΕΝΤΑΛΜΑ ΠΛΗΡΩΜΗΣ ΠΗΝΕΛΟΠΗ Δ.ΚΥΡΚΟΥ (066483339),066483339,ΠΗΝΕΛΟΠΗ Δ.ΚΥΡΚΟΥ (066483339),1116.0,,
ΨΜΕ34690ΒΧ-719,2025-07-23,ΕΝΤΑΛΜΑ ΠΛΗΡΩΜΗΣ CLEAN WASH EXPRESS ΜΟΝΟΠΡΟΣΩΠΗ Ι.Κ.Ε. (802560756),802560756,CLEAN WASH EXPRESS ΜΟΝΟΠΡΟΣΩΠΗ Ι.Κ.Ε. (802560756),4369.2,,
Ρ3ΨΘ4690ΒΧ-4Θ5,2025-07-23,ΕΝΤΑΛΜΑ ΠΛΗΡΩΜΗΣ CLEAN WASH EXPRESS ΜΟΝΟΠΡΟΣΩΠΗ Ι.Κ.Ε. (802560756),802560756,CLEAN WASH EXPRESS ΜΟΝΟΠΡΟΣΩΠΗ Ι.Κ.Ε. (802560756),4687.25,,
ΨΘΕ44690ΒΧ-2ΨΝ,2025-07-10,ΕΝΤΑΛΜΑ ΠΛΗΡΩΜΗΣ Johnson   Johnson Medical Greece Μονοπρόσωπη Α.Ε. (801858262),801858262,Johnson   Johnson Medical Greece Μονοπρόσωπη Α.Ε. (801858262),4379.47,,
6ΤΗ94690ΒΧ-ΟΦΠ,2025-07-10,ΕΝΤΑΛΜΑ ΠΛΗΡΩΜΗΣ Johnson   Johnson Medical Greece Μονοπρόσωπη Α.Ε. (801858262),801858262,Johnson   Johnson Medical Greece Μονοπρόσωπη Α.Ε. (801858262),2451.3,,
9ΦΡΚ4690ΒΧ-ΝΜ1,2025-07-10,ΕΝΤΑΛΜΑ ΠΛΗΡΩΜΗΣ Johnson   Johnson Medical Greece Μονοπρόσωπη Α.Ε. (801858262),801858262,Johnson   Johnson Medical Greece Μονοπρόσωπη Α.Ε. (801858262),5647.74,,
9Ε614690ΒΧ-55Γ,2025-07-10,ΕΝΤΑΛΜΑ ΠΛΗΡΩΜΗΣ Johnson   Johnson Medical Greece Μονοπρόσωπη Α.Ε. (801858262),801858262,Johnson   Johnson Medical Greece Μονοπρόσωπη Α.Ε. (801858262),4380.16,,
Ψ38Υ4690ΒΧ-997,2025-07-17,ΕΝΤΑΛΜΑ ΠΛΗΡΩΜΗΣ ΜΑΥΡΟΥΔΗΣ Α.Ε (997998085),997998085,ΜΑΥΡΟΥΔΗΣ Α.Ε (997998085),113.19,,
9ΜΔΘ4690ΒΧ-ΓΛ2,2025-07-17,ΕΝΤΑΛΜΑ ΠΛΗΡΩΜΗΣ ΜΑΥΡΟΥΔΗΣ Α.Ε (997998085),997998085,ΜΑΥΡΟΥΔΗΣ Α.Ε (997998085),535.68,,
90Ι94690ΒΧ-2ΦΦ,2025-07-17,ΕΝΤΑΛΜΑ ΠΛΗΡΩΜΗΣ ΜΑΥΡΟΥΔΗΣ Α.Ε (997998085),997998085,ΜΑΥΡΟΥΔΗΣ Α.Ε (997998085),1989.7,,
ΡΟΠΑ4690ΒΧ-4ΒΧ,2025-07-10,ΕΝΤΑΛΜΑ ΠΛΗΡΩΜΗΣ ΚΑΛΤΕΚ ΜΟΝΟΠΡΟΣΩΠΗ Α.Ε. (999307110),999307110,ΚΑΛΤΕΚ ΜΟΝΟΠΡΟΣΩΠΗ Α.Ε. (999307110),483.6,,
ΨΡ1Τ4690ΒΧ-Φ4Μ,2025-07-10,ΕΝΤΑΛΜΑ ΠΛΗΡΩΜΗΣ ΚΑΛΤΕΚ ΜΟΝΟΠΡΟΣΩΠΗ Α.Ε. (999307110),999307110,ΚΑΛΤΕΚ ΜΟΝΟΠΡΟΣΩΠΗ Α.Ε. (999307110),1799.98,,
ΨΡΧ54690ΒΧ-2Σ0,2025-07-10,ΕΝΤΑΛΜΑ ΠΛΗΡΩΜΗΣ ΚΑΛΤΕΚ ΜΟΝΟΠΡΟΣΩΠΗ Α.Ε. (999307110),999307110,ΚΑΛΤΕΚ ΜΟΝΟΠΡΟΣΩΠΗ Α.Ε. (999307110),3923.19,,
6Ξ5Ζ4690ΒΧ-ΗΒ6,2025-07-10,ΕΝΤΑΛΜΑ ΠΛΗΡΩΜΗΣ ΚΑΛΤΕΚ ΜΟΝΟΠΡΟΣΩΠΗ Α.Ε. (999307110),999307110,ΚΑΛΤΕΚ ΜΟΝΟΠΡΟΣΩΠΗ Α.Ε. (999307110),3923.21,,
9ΞΕΞ4690ΒΧ-8ΩΘ,2025-07-17,ΕΝΤΑΛΜΑ ΠΛΗΡΩΜΗΣ ΦΟΙΝΙΞ ΑΝΑΛΥΤΙΚΕΣ ΣΥΣΚΕΥΕΣ - Χ.ΜΠΑΡΜΠΑΣ   ΣΙΑ Ε.Ε. (800344879),800344879,ΦΟΙΝΙΞ ΑΝΑΛΥΤΙΚΕΣ ΣΥΣΚΕΥΕΣ - Χ.ΜΠΑΡΜΠΑΣ   ΣΙΑ Ε.Ε. (800344879),1060.2,,
Ψ55Θ4690ΒΧ-ΡΛΖ,2025-07-17,ΕΝΤΑΛΜΑ ΠΛΗΡΩΜΗΣ ΜΕDIWAY MEDICAL SUPPLIES ΜΟΝ.Ε.Π.Ε. (800514603),800514603,ΜΕDIWAY MEDICAL SUPPLIES ΜΟΝ.Ε.Π.Ε. (800514603),1365.04,,
ΡΨΦΑ4690ΒΧ-Φ0Κ,2025-07-17,ΕΝΤΑΛΜΑ ΠΛΗΡΩΜΗΣ ΙΑΤΡΙΚΑ ΒΟΗΘΗΜΑΤΑ Ι.Κ.Ε (999815729),999815729,ΙΑΤΡΙΚΑ ΒΟΗΘΗΜΑΤΑ Ι.Κ.Ε (999815729),106.34,,
ΨΙΓ04690ΒΧ-ΕΤΟ,2025-07-17,ΕΝΤΑΛΜΑ ΠΛΗΡΩΜΗΣ Δ.ΤΣΙΜΠΙΔΑΡΟΣ   ΣΙΑ Ε.Ε- ΕΙΣΑΓΩΓΗ-ΕΜΠΟΡΙΑ ΙΑΤΡΙΚΩΝ ΕΙΔΩΝ (084175074),084175074,Δ.ΤΣΙΜΠΙΔΑΡΟΣ   ΣΙΑ Ε.Ε- ΕΙΣΑΓΩΓΗ-ΕΜΠΟΡΙΑ ΙΑΤΡΙΚΩΝ ΕΙΔΩΝ (084175074),1351.6,,
Ψ9Π74690ΒΧ-4ΕΛ,2025-07-17,ΕΝΤΑΛΜΑ ΠΛΗΡΩΜΗΣ Α ΒΛΑΧΟΥ  ΣΙΑ ΟΕ (081940778),081940778,Α ΒΛΑΧΟΥ  ΣΙΑ ΟΕ (081940778),245.52,,
ΨΡΦΙ4690ΒΧ-Β5Ο,2025-07-17,ΕΝΤΑΛΜΑ ΠΛΗΡΩΜΗΣ HEMOGLOBE HELLAS OE - ΙΑΤΡΟΤΕΧΝΟΛΟΓΙΚΑ ΕΙΔΗ (800504020),800504020,HEMOGLOBE HELLAS OE - ΙΑΤΡΟΤΕΧΝΟΛΟΓΙΚΑ ΕΙΔΗ (800504020),588.14,,
65ΨΑ4690ΒΧ-ΥΗ0,2025-07-10,ΕΝΤΑΛΜΑ ΠΛΗΡΩΜΗΣ MAZ MEDICAL ΣΠΥΡΟΣ ΜΑΖΙΑΝΗΣ   ΣΙΑ ΕΕ (998547179),998547179,MAZ MEDICAL ΣΠΥΡΟΣ ΜΑΖΙΑΝΗΣ   ΣΙΑ ΕΕ (998547179),1190.4,,
Ψ6ΩΦ4690ΒΧ-Η0Θ,2025-07-10,ΕΝΤΑΛΜΑ ΠΛΗΡΩΜΗΣ MAZ MEDICAL ΣΠΥΡΟΣ ΜΑΖΙΑΝΗΣ   ΣΙΑ ΕΕ (998547179),998547179,MAZ MEDICAL ΣΠΥΡΟΣ ΜΑΖΙΑΝΗΣ   ΣΙΑ ΕΕ (998547179),4290.4,,
9ΨΒΥ4690ΒΧ-Θ20,2025-07-10,ΕΝΤΑΛΜΑ ΠΛΗΡΩΜΗΣ MAZ MEDICAL ΣΠΥΡΟΣ ΜΑΖΙΑΝΗΣ   ΣΙΑ ΕΕ (998547179),998547179,MAZ MEDICAL ΣΠΥΡΟΣ ΜΑΖΙΑΝΗΣ   ΣΙΑ ΕΕ (998547179),595.2,,
Ψ96Γ4690ΒΧ-ΘΘΠ,2025-07-10,ΕΝΤΑΛΜΑ ΠΛΗΡΩΜΗΣ ΚΑΛΤΕΚ ΜΟΝΟΠΡΟΣΩΠΗ Α.Ε. (999307110),999307110,ΚΑΛΤΕΚ ΜΟΝΟΠΡΟΣΩΠΗ Α.Ε. (999307110),998.2,,
6ΔΧΩ4690ΒΧ-ΥΣΔ,2025-07-10,ΕΝΤΑΛΜΑ ΠΛΗΡΩΜΗΣ ΚΑΛΤΕΚ ΜΟΝΟΠΡΟΣΩΠΗ Α.Ε. (999307110),999307110,ΚΑΛΤΕΚ ΜΟΝΟΠΡΟΣΩΠΗ Α.Ε. (999307110),3833.6,,
9ΩΜ84690ΒΧ-ΩΥΚ,2025-07-10,ΕΝΤΑΛΜΑ ΠΛΗΡΩΜΗΣ ΚΑΛΤΕΚ ΜΟΝΟΠΡΟΣΩΠΗ Α.Ε. (999307110),999307110,ΚΑΛΤΕΚ ΜΟΝΟΠΡΟΣΩΠΗ Α.Ε. (999307110),4156.81,,
91Β24690ΒΧ-Η41,2025-07-10,ΕΝΤΑΛΜΑ ΠΛΗΡΩΜΗΣ ΚΑΛΤΕΚ ΜΟΝΟΠΡΟΣΩΠΗ Α.Ε. (999307110),999307110,ΚΑΛΤΕΚ ΜΟΝΟΠΡΟΣΩΠΗ Α.Ε. (999307110),4034.78,,
6ΓΝΒ4690ΒΧ-Ψ7Ω,2025-07-10,ΕΝΤΑΛΜΑ ΠΛΗΡΩΜΗΣ Trauma Care Μονοπρόσωπη ΕΠΕ (800811818),800811818,Trauma Care Μονοπρόσωπη ΕΠΕ (800811818),3079.11,,
9ΡΧ34690ΒΧ-ΞΛΘ,2025-07-10,ΕΝΤΑΛΜΑ ΠΛΗΡΩΜΗΣ Trauma Care Μονοπρόσωπη ΕΠΕ (800811818),800811818,Trauma Care Μονοπρόσωπη ΕΠΕ (800811818),1761.69,,
ΨΥΚ44690ΒΧ-ΖΜΔ,2025-07-10,ΕΝΤΑΛΜΑ ΠΛΗΡΩΜΗΣ Trauma Care Μονοπρόσωπη ΕΠΕ (800811818),800811818,Trauma Care Μονοπρόσωπη ΕΠΕ (800811818),4121.66,,
Ψ7154690ΒΧ-5ΝΙ,2025-07-10,ΕΝΤΑΛΜΑ ΠΛΗΡΩΜΗΣ Trauma Care Μονοπρόσωπη ΕΠΕ (800811818),800811818,Trauma Care Μονοπρόσωπη ΕΠΕ (800811818),3633.29,,
6ΤΤΦ4690ΒΧ-ΘΗ2,2025-07-10,ΕΝΤΑΛΜΑ ΠΛΗΡΩΜΗΣ Trauma Care Μονοπρόσωπη ΕΠΕ (800811818),800811818,Trauma Care Μονοπρόσωπη ΕΠΕ (800811818),4257.78,,
6ΘΓΠ4690ΒΧ-ΧΦΟ,2025-07-10,ΕΝΤΑΛΜΑ ΠΛΗΡΩΜΗΣ DMPS LTD (998333221),998333221,DMPS LTD (998333221),3138.01,,
ΡΚΞΛ4690ΒΧ-ΚΝ9,2025-07-10,ΕΝΤΑΛΜΑ ΠΛΗΡΩΜΗΣ DMPS LTD (998333221),998333221,DMPS LTD (998333221),535.62,,
ΡΩ9Ε4690ΒΧ-Δ41,2025-07-10,ΕΝΤΑΛΜΑ ΠΛΗΡΩΜΗΣ DMPS LTD (998333221),998333221,DMPS LTD (998333221),3074.28,,
6ΥΧΞ4690ΒΧ-Λ55,2025-07-10,ΕΝΤΑΛΜΑ ΠΛΗΡΩΜΗΣ BIOGENESYS IKE (099805952),099805952,BIOGENESYS IKE (099805952),3390.0,,
ΡΦ6Θ4690ΒΧ-ΜΔΚ,2025-07-10,ΕΝΤΑΛΜΑ ΠΛΗΡΩΜΗΣ BIOGENESYS IKE (099805952),099805952,BIOGENESYS IKE (099805952),1751.5,,
ΨΤ7Ι4690ΒΧ-Α9Θ,2025-07-10,ΕΝΤΑΛΜΑ ΠΛΗΡΩΜΗΣ BIOGENESYS IKE (099805952),099805952,BIOGENESYS IKE (099805952),4326.77,,
ΨΔ2Π4690ΒΧ-Ο5Ν,2025-07-10,ΕΝΤΑΛΜΑ ΠΛΗΡΩΜΗΣ BIOGENESYS IKE (099805952),099805952,BIOGENESYS IKE (099805952),4326.77,,
6ΘΠΛ4690ΒΧ-ΑΞΤ,2025-07-10,ΕΝΤΑΛΜΑ ΠΛΗΡΩΜΗΣ BIOGENESYS IKE (099805952),099805952,BIOGENESYS IKE (099805952),4326.77,,
Ρ2ΔΞ4690ΒΧ-ΖΥΑ,2025-07-10,ΕΝΤΑΛΜΑ ΠΛΗΡΩΜΗΣ BIOGENESYS IKE (099805952),099805952,BIOGENESYS IKE (099805952),4135.8,,
Ψ9ΠΜ4690ΒΧ-0ΧΞ,2025-07-08,ΕΝΤΑΛΜΑ ΠΛΗΡΩΜΗΣ ΑΝΑΣΤΑΣΙΟΣ ΜΑΥΡΟΓΕΝΗΣ Α.Ε. (082525697),082525697,ΑΝΑΣΤΑΣΙΟΣ ΜΑΥΡΟΓΕΝΗΣ Α.Ε. (082525697),764.78,,
6ΑΙ54690ΒΧ-ΡΨ2,2025-07-08,ΕΝΤΑΛΜΑ ΠΛΗΡΩΜΗΣ ΑΝΑΣΤΑΣΙΟΣ ΜΑΥΡΟΓΕΝΗΣ Α.Ε. (082525697),082525697,ΑΝΑΣΤΑΣΙΟΣ ΜΑΥΡΟΓΕΝΗΣ Α.Ε. (082525697),463.07,,
6ΜΤ84690ΒΧ-ΘΘΣ,2025-07-08,ΕΝΤΑΛΜΑ ΠΛΗΡΩΜΗΣ ΑΝΑΣΤΑΣΙΟΣ ΜΑΥΡΟΓΕΝΗΣ Α.Ε. (082525697),082525697,ΑΝΑΣΤΑΣΙΟΣ ΜΑΥΡΟΓΕΝΗΣ Α.Ε. (082525697),4778.9,,
ΨΙΨ94690ΒΧ-061,2025-07-08,ΕΝΤΑΛΜΑ ΠΛΗΡΩΜΗΣ ΑΝΑΣΤΑΣΙΟΣ ΜΑΥΡΟΓΕΝΗΣ Α.Ε. (082525697),082525697,ΑΝΑΣΤΑΣΙΟΣ ΜΑΥΡΟΓΕΝΗΣ Α.Ε. (082525697),2575.9,,
6ΝΧΟ4690ΒΧ-ΕΘΜ,2025-07-08,ΕΝΤΑΛΜΑ ΠΛΗΡΩΜΗΣ ΑΝΑΣΤΑΣΙΟΣ ΜΑΥΡΟΓΕΝΗΣ Α.Ε. (082525697),082525697,ΑΝΑΣΤΑΣΙΟΣ ΜΑΥΡΟΓΕΝΗΣ Α.Ε. (082525697),79.1,,
ΨΖΕΔ4690ΒΧ-8ΧΕ,2025-07-08,ΕΝΤΑΛΜΑ ΠΛΗΡΩΜΗΣ ΑΝΑΣΤΑΣΙΟΣ ΜΑΥΡΟΓΕΝΗΣ Α.Ε. (082525697),082525697,ΑΝΑΣΤΑΣΙΟΣ ΜΑΥΡΟΓΕΝΗΣ Α.Ε. (082525697),4972.0,,
9ΕΓΝ4690ΒΧ-ΖΣΟ,2025-07-08,ΕΝΤΑΛΜΑ ΠΛΗΡΩΜΗΣ ΑΝΑΣΤΑΣΙΟΣ ΜΑΥΡΟΓΕΝΗΣ Α.Ε. (082525697),082525697,ΑΝΑΣΤΑΣΙΟΣ ΜΑΥΡΟΓΕΝΗΣ Α.Ε. (082525697),2683.41,,
ΨΥΣΒ4690ΒΧ-ΝΔΗ,2025-07-08,ΕΝΤΑΛΜΑ ΠΛΗΡΩΜΗΣ ΑΝΑΣΤΑΣΙΟΣ ΜΑΥΡΟΓΕΝΗΣ Α.Ε. (082525697),082525697,ΑΝΑΣΤΑΣΙΟΣ ΜΑΥΡΟΓΕΝΗΣ Α.Ε. (082525697),4857.59,,
ΨΚΠ84690ΒΧ-ΧΔ1,2025-07-10,ΕΝΤΑΛΜΑ ΠΛΗΡΩΜΗΣ ΑΝΑΣΤΑΣΙΟΣ ΔΙΓΚΑΣ Ι.Κ.Ε. (997826122),997826122,ΑΝΑΣΤΑΣΙΟΣ ΔΙΓΚΑΣ Ι.Κ.Ε. (997826122),590.8,,
6ΣΑ34690ΒΧ-0Γ3,2025-07-10,ΕΝΤΑΛΜΑ ΠΛΗΡΩΜΗΣ ΑΝΑΣΤΑΣΙΟΣ ΔΙΓΚΑΣ Ι.Κ.Ε. (997826122),997826122,ΑΝΑΣΤΑΣΙΟΣ ΔΙΓΚΑΣ Ι.Κ.Ε. (997826122),392.8,,
91ΖΧ4690ΒΧ-Σ5Φ,2025-07-10,ΕΝΤΑΛΜΑ ΠΛΗΡΩΜΗΣ ΑΝΑΣΤΑΣΙΟΣ ΔΙΓΚΑΣ Ι.Κ.Ε. (997826122),997826122,ΑΝΑΣΤΑΣΙΟΣ ΔΙΓΚΑΣ Ι.Κ.Ε. (997826122),1395.57,,
ΨΣ9Ω4690ΒΧ-ΘΟ1,2025-07-10,ΕΝΤΑΛΜΑ ΠΛΗΡΩΜΗΣ Y-LOGIMED  Μ.Α.Ε (094446034),094446034,Y-LOGIMED  Μ.Α.Ε (094446034),298.32,,
ΨΩΜΓ4690ΒΧ-86Ε,2025-07-10,ΕΝΤΑΛΜΑ ΠΛΗΡΩΜΗΣ Y-LOGIMED  Μ.Α.Ε (094446034),094446034,Y-LOGIMED  Μ.Α.Ε (094446034),2083.92,,
9ΝΜΔ4690ΒΧ-9ΑΛ,2025-07-10,ΕΝΤΑΛΜΑ ΠΛΗΡΩΜΗΣ Y-LOGIMED  Μ.Α.Ε (094446034),094446034,Y-LOGIMED  Μ.Α.Ε (094446034),1283.4,,
Ρ9654690ΒΧ-ΗΦΝ,2025-07-10,ΕΝΤΑΛΜΑ ΠΛΗΡΩΜΗΣ Y-LOGIMED  Μ.Α.Ε (094446034),094446034,Y-LOGIMED  Μ.Α.Ε (094446034),176.28,,
ΨΤΨΦ4690ΒΧ-ΟΓΗ,2025-07-15,ΕΝΤΑΛΜΑ ΠΛΗΡΩΜΗΣ Medical Dynamics A.E. (801725809),801725809,Medical Dynamics A.E. (801725809),3977.6,,
6ΣΞΓ4690ΒΧ-ΑΩ0,2025-07-15,ΕΝΤΑΛΜΑ ΠΛΗΡΩΜΗΣ Medical Dynamics A.E. (801725809),801725809,Medical Dynamics A.E. (801725809),4716.8,,
9ΤΣ24690ΒΧ-ΙΑΦ,2025-07-15,ΕΝΤΑΛΜΑ ΠΛΗΡΩΜΗΣ Medical Dynamics A.E. (801725809),801725809,Medical Dynamics A.E. (801725809),4716.8,,
ΨΓ7Ι4690ΒΧ-ΚΓΡ,2025-07-15,ΕΝΤΑΛΜΑ ΠΛΗΡΩΜΗΣ GENESING TREATMENT IKE (801408748),801408748,GENESING TREATMENT IKE (801408748),4000.2,,
9ΕΒ34690ΒΧ-2ΗΒ,2025-07-15,ΕΝΤΑΛΜΑ ΠΛΗΡΩΜΗΣ ΠΑΝΤΕΛΑΚΗ ΕΛΠΙΔΑSMED (047855029),047855029,ΠΑΝΤΕΛΑΚΗ ΕΛΠΙΔΑSMED (047855029),890.89,,
6Ζ194690ΒΧ-2ΔΚ,2025-07-15,ΕΝΤΑΛΜΑ ΠΛΗΡΩΜΗΣ ΝΚ ΤΕΧΝΙΚΗ ΕΝΕΡΓΕΙΑΚΗ Ε.Ε. (997915143),997915143,ΝΚ ΤΕΧΝΙΚΗ ΕΝΕΡΓΕΙΑΚΗ Ε.Ε. (997915143),859.08,,
ΨΘΞΣ4690ΒΧ-4Υ3,2025-07-10,ΕΝΤΑΛΜΑ ΠΛΗΡΩΜΗΣ  EPIRUS GAS ΓΕΩΡΓΙΟΣ ΨΟΧΙΟΣ   ΥΙΟΣ Ο.Ε (997861308),997861308,EPIRUS GAS ΓΕΩΡΓΙΟΣ ΨΟΧΙΟΣ   ΥΙΟΣ Ο.Ε (997861308),1030.33,,
ΨΚΝΣ4690ΒΧ-ΧΤΩ,2025-07-04,ΕΝΤΑΛΜΑ ΠΛΗΡΩΜΗΣ SPETMEDICAL I.K.E. (800820495),800820495,SPETMEDICAL I.K.E. (800820495),2915.4,,
6ΝΦΩ4690ΒΧ-6ΝΒ,2025-07-04,ΕΝΤΑΛΜΑ ΠΛΗΡΩΜΗΣ SPETMEDICAL I.K.E. (800820495),800820495,SPETMEDICAL I.K.E. (800820495),10244.05,,
9ΡΨ04690ΒΧ-ΘΘΚ,2025-07-04,ΕΝΤΑΛΜΑ ΠΛΗΡΩΜΗΣ SMART TECHNICAL SOLUTIONS M.IKE (800743866),800743866,SMART TECHNICAL SOLUTIONS M.IKE (800743866),2232.0,,
6ΤΧΜ4690ΒΧ-Μ3Ω,2025-07-04,ΕΝΤΑΛΜΑ ΠΛΗΡΩΜΗΣ SMART TECHNICAL SOLUTIONS M.IKE (800743866),800743866,SMART TECHNICAL SOLUTIONS M.IKE (800743866),585.9,,
6ΙΣΡ4690ΒΧ-ΦΨΣ,2025-07-04,ΕΝΤΑΛΜΑ ΠΛΗΡΩΜΗΣ Ζ.ΜΑΝΤΟΣ ΑΕΒΕ (094248590),094248590,Ζ.ΜΑΝΤΟΣ ΑΕΒΕ (094248590),359.6,,
97ΕΤ4690ΒΧ-ΕΞ2,2025-07-04,ΕΝΤΑΛΜΑ ΠΛΗΡΩΜΗΣ Ζ.ΜΑΝΤΟΣ ΑΕΒΕ (094248590),094248590,Ζ.ΜΑΝΤΟΣ ΑΕΒΕ (094248590),434.0,,
ΨΠΨ84690ΒΧ-ΕΕΠ,2025-07-04,ΕΝΤΑΛΜΑ ΠΛΗΡΩΜΗΣ Ζ.ΜΑΝΤΟΣ ΑΕΒΕ (094248590),094248590,Ζ.ΜΑΝΤΟΣ ΑΕΒΕ (094248590),1928.2,,
Ψ7234690ΒΧ-ΙΔ8,2025-07-04,ΕΝΤΑΛΜΑ ΠΛΗΡΩΜΗΣ Ζ.ΜΑΝΤΟΣ ΑΕΒΕ (094248590),094248590,Ζ.ΜΑΝΤΟΣ ΑΕΒΕ (094248590),12287.44,,
91ΞΜ4690ΒΧ-7ΥΚ,2025-07-08,ΕΝΤΑΛΜΑ ΠΛΗΡΩΜΗΣ ΓΕΝΙΚΗ ΧΗΜΙΚΩΝ ΠΡΟΙΟΝΤΩΝ Α.Ε (094133588),094133588,ΓΕΝΙΚΗ ΧΗΜΙΚΩΝ ΠΡΟΙΟΝΤΩΝ Α.Ε (094133588),2917.44,,
ΡΔΒΓ4690ΒΧ-0Ν4,2025-07-08,ΕΝΤΑΛΜΑ ΠΛΗΡΩΜΗΣ ΓΕΝΙΚΗ ΧΗΜΙΚΩΝ ΠΡΟΙΟΝΤΩΝ Α.Ε (094133588),094133588,ΓΕΝΙΚΗ ΧΗΜΙΚΩΝ ΠΡΟΙΟΝΤΩΝ Α.Ε (094133588),322.04,,
95Η84690ΒΧ-Γ0Β,2025-07-08,ΕΝΤΑΛΜΑ ΠΛΗΡΩΜΗΣ ΓΕΝΙΚΗ ΧΗΜΙΚΩΝ ΠΡΟΙΟΝΤΩΝ Α.Ε (094133588),094133588,ΓΕΝΙΚΗ ΧΗΜΙΚΩΝ ΠΡΟΙΟΝΤΩΝ Α.Ε (094133588),2470.49,,
Ρ2Ο04690ΒΧ-15Μ,2025-07-08,ΕΝΤΑΛΜΑ ΠΛΗΡΩΜΗΣ ΓΕΝΙΚΗ ΧΗΜΙΚΩΝ ΠΡΟΙΟΝΤΩΝ Α.Ε (094133588),094133588,ΓΕΝΙΚΗ ΧΗΜΙΚΩΝ ΠΡΟΙΟΝΤΩΝ Α.Ε (094133588),1311.46,,
Ρ1Κ54690ΒΧ-9Ρ0,2025-07-08,ΕΝΤΑΛΜΑ ΠΛΗΡΩΜΗΣ ΓΕΝΙΚΗ ΧΗΜΙΚΩΝ ΠΡΟΙΟΝΤΩΝ Α.Ε (094133588),094133588,ΓΕΝΙΚΗ ΧΗΜΙΚΩΝ ΠΡΟΙΟΝΤΩΝ Α.Ε (094133588),4763.59,,
9ΠΩΡ4690ΒΧ-ΙΛ7,2025-07-08,ΕΝΤΑΛΜΑ ΠΛΗΡΩΜΗΣ ΓΕΝΙΚΗ ΧΗΜΙΚΩΝ ΠΡΟΙΟΝΤΩΝ Α.Ε (094133588),094133588,ΓΕΝΙΚΗ ΧΗΜΙΚΩΝ ΠΡΟΙΟΝΤΩΝ Α.Ε (094133588),1426.06,,
Ρ0784690ΒΧ-ΕΕΩ,2025-07-08,ΕΝΤΑΛΜΑ ΠΛΗΡΩΜΗΣ ΓΕΝΙΚΗ ΧΗΜΙΚΩΝ ΠΡΟΙΟΝΤΩΝ Α.Ε (094133588),094133588,ΓΕΝΙΚΗ ΧΗΜΙΚΩΝ ΠΡΟΙΟΝΤΩΝ Α.Ε (094133588),4766.73,,
ΡΡΑΧ4690ΒΧ-ΗΛΒ,2025-07-08,ΕΝΤΑΛΜΑ ΠΛΗΡΩΜΗΣ ΓΕΝΙΚΗ ΧΗΜΙΚΩΝ ΠΡΟΙΟΝΤΩΝ Α.Ε (094133588),094133588,ΓΕΝΙΚΗ ΧΗΜΙΚΩΝ ΠΡΟΙΟΝΤΩΝ Α.Ε (094133588),533.31,,
ΡΤ6Τ4690ΒΧ-ΜΝ5,2025-07-08,ΕΝΤΑΛΜΑ ΠΛΗΡΩΜΗΣ ΓΕΝΙΚΗ ΧΗΜΙΚΩΝ ΠΡΟΙΟΝΤΩΝ Α.Ε (094133588),094133588,ΓΕΝΙΚΗ ΧΗΜΙΚΩΝ ΠΡΟΙΟΝΤΩΝ Α.Ε (094133588),9283.3,,
ΨΓΣ64690ΒΧ-ΓΜΧ,2025-07-08,ΕΝΤΑΛΜΑ ΠΛΗΡΩΜΗΣ ΓΕΝΙΚΗ ΧΗΜΙΚΩΝ ΠΡΟΙΟΝΤΩΝ Α.Ε (094133588),094133588,ΓΕΝΙΚΗ ΧΗΜΙΚΩΝ ΠΡΟΙΟΝΤΩΝ Α.Ε (094133588),4839.23,,
ΡΒΣ54690ΒΧ-20Υ,2025-07-04,ΕΝΤΑΛΜΑ ΠΛΗΡΩΜΗΣ ΑΡΙΣΤΗ ΣΥΜΒΟΥΛΕΥΤΙΚΗ Ε.Ε. (999112526),999112526,ΑΡΙΣΤΗ ΣΥΜΒΟΥΛΕΥΤΙΚΗ Ε.Ε. (999112526),9300.0,,
ΨΝ7Υ4690ΒΧ-ΖΚΚ,2025-07-08,ΕΝΤΑΛΜΑ ΠΛΗΡΩΜΗΣ ΑΝΑΣΤΑΣΙΟΣ ΜΑΥΡΟΓΕΝΗΣ Α.Ε. (082525697),082525697,ΑΝΑΣΤΑΣΙΟΣ ΜΑΥΡΟΓΕΝΗΣ Α.Ε. (082525697),1348.32,,
ΨΩΞΞ4690ΒΧ-ΨΥΠ,2025-07-08,ΕΝΤΑΛΜΑ ΠΛΗΡΩΜΗΣ ΑΝΑΣΤΑΣΙΟΣ ΜΑΥΡΟΓΕΝΗΣ Α.Ε. (082525697),082525697,ΑΝΑΣΤΑΣΙΟΣ ΜΑΥΡΟΓΕΝΗΣ Α.Ε. (082525697),2400.13,,
6ΥΚΑ4690ΒΧ-729,2025-07-08,ΕΝΤΑΛΜΑ ΠΛΗΡΩΜΗΣ ΑΝΑΣΤΑΣΙΟΣ ΜΑΥΡΟΓΕΝΗΣ Α.Ε. (082525697),082525697,ΑΝΑΣΤΑΣΙΟΣ ΜΑΥΡΟΓΕΝΗΣ Α.Ε. (082525697),3579.95,,
ΡΒΝ34690ΒΧ-ΛΒ3,2025-07-08,ΕΝΤΑΛΜΑ ΠΛΗΡΩΜΗΣ ΑΝΑΣΤΑΣΙΟΣ ΜΑΥΡΟΓΕΝΗΣ Α.Ε. (082525697),082525697,ΑΝΑΣΤΑΣΙΟΣ ΜΑΥΡΟΓΕΝΗΣ Α.Ε. (082525697),9994.4,,
Ψ59Ω4690ΒΧ-ΩΤΛ,2025-07-08,ΕΝΤΑΛΜΑ ΠΛΗΡΩΜΗΣ ΑΝΑΣΤΑΣΙΟΣ ΜΑΥΡΟΓΕΝΗΣ Α.Ε. (082525697),082525697,ΑΝΑΣΤΑΣΙΟΣ ΜΑΥΡΟΓΕΝΗΣ Α.Ε. (082525697),14291.11,,
Ψ37Μ4690ΒΧ-ΕΡΖ,2025-07-04,ΕΝΤΑΛΜΑ ΠΛΗΡΩΜΗΣ iDX P.C (800725375),800725375,iDX P.C (800725375),1113.0,,
9ΣΤΖ4690ΒΧ-ΝΝΟ,2025-07-04,ΕΝΤΑΛΜΑ ΠΛΗΡΩΜΗΣ iDX P.C (800725375),800725375,iDX P.C (800725375),4070.4,,
ΡΥΤΘ4690ΒΧ-ΑΟ5,2025-07-07,ΕΝΤΑΛΜΑ ΠΛΗΡΩΜΗΣ V   L VIOLAK INTERNATIONAL A.E (099370337),099370337,V   L VIOLAK INTERNATIONAL A.E (099370337),744.68,,
ΨΝ254690ΒΧ-ΓΙΚ,2025-07-04,ΕΝΤΑΛΜΑ ΠΛΗΡΩΜΗΣ ΑΝΑΓΝΩΣΤΟΥ ΧΡΙΣΤΟΔΟΥΛΟΣ   ΣΙΑ Ε.Ε (800324752),800324752,ΑΝΑΓΝΩΣΤΟΥ ΧΡΙΣΤΟΔΟΥΛΟΣ   ΣΙΑ Ε.Ε (800324752),606.47,,
6Η1Ρ4690ΒΧ-69Τ,2025-07-04,ΕΝΤΑΛΜΑ ΠΛΗΡΩΜΗΣ ΑΛΦΑ ΜΕΝΤΙΚΑΛ ΑΕΒΕ (095580571),095580571,ΑΛΦΑ ΜΕΝΤΙΚΑΛ ΑΕΒΕ (095580571),1097.1,,
90Ω14690ΒΧ-ΒΛΑ,2025-07-04,ΕΝΤΑΛΜΑ ΠΛΗΡΩΜΗΣ ΑΛΦΑ ΜΕΝΤΙΚΑΛ ΑΕΒΕ (095580571),095580571,ΑΛΦΑ ΜΕΝΤΙΚΑΛ ΑΕΒΕ (095580571),2851.4,,
92ΑΧ4690ΒΧ-0ΧΖ,2025-07-04,ΕΝΤΑΛΜΑ ΠΛΗΡΩΜΗΣ SALUS MED ΙΚΕ (801431402),801431402,SALUS MED ΙΚΕ (801431402),2260.0,,
ΡΜΛΤ4690ΒΧ-ΩΑΛ,2025-07-04,ΕΝΤΑΛΜΑ ΠΛΗΡΩΜΗΣ PROGNOSIS BIOTECH Α.Ε. (997845150),997845150,PROGNOSIS BIOTECH Α.Ε. (997845150),3251.48,,
9ΒΙΓ4690ΒΧ-ΔΟ7,2025-07-04,ΕΝΤΑΛΜΑ ΠΛΗΡΩΜΗΣ PROGNOSIS BIOTECH Α.Ε. (997845150),997845150,PROGNOSIS BIOTECH Α.Ε. (997845150),395.17,,
Ρ5ΥΝ4690ΒΧ-ΟΑ4,2025-07-04,ΕΝΤΑΛΜΑ ΠΛΗΡΩΜΗΣ Health and Iasis Medical Products (800572342),800572342,Health and Iasis Medical Products (800572342),2905.17,,
93ΝΩ4690ΒΧ-ΡΞΡ,2025-07-04,ΕΝΤΑΛΜΑ ΠΛΗΡΩΜΗΣ Health and Iasis Medical Products (800572342),800572342,Health and Iasis Medical Products (800572342),4099.26,,
ΨΦΓΗ4690ΒΧ-9Υ1,2025-07-04,ΕΝΤΑΛΜΑ ΠΛΗΡΩΜΗΣ Health and Iasis Medical Products (800572342),800572342,Health and Iasis Medical Products (800572342),3461.15,,
Ψ7ΑΘ4690ΒΧ-ΟΧΦ,2025-07-07,ΕΝΤΑΛΜΑ ΠΛΗΡΩΜΗΣ V   L VIOLAK INTERNATIONAL A.E (099370337),099370337,V   L VIOLAK INTERNATIONAL A.E (099370337),93.25,,
ΡΨΑΒ4690ΒΧ-01Ω,2025-07-07,ΕΝΤΑΛΜΑ ΠΛΗΡΩΜΗΣ V   L VIOLAK INTERNATIONAL A.E (099370337),099370337,V   L VIOLAK INTERNATIONAL A.E (099370337),874.2,,
ΡΟ834690ΒΧ-0ΧΤ,2025-07-07,ΕΝΤΑΛΜΑ ΠΛΗΡΩΜΗΣ V   L VIOLAK INTERNATIONAL A.E (099370337),099370337,V   L VIOLAK INTERNATIONAL A.E (099370337),1842.47,,
6Η8Ψ4690ΒΧ-ΥΛ1,2025-07-07,ΕΝΤΑΛΜΑ ΠΛΗΡΩΜΗΣ V   L VIOLAK INTERNATIONAL A.E (099370337),099370337,V   L VIOLAK INTERNATIONAL A.E (099370337),699.61,,
9Χ524690ΒΧ-ΔΚΕ,2025-07-07,ΕΝΤΑΛΜΑ ΠΛΗΡΩΜΗΣ V   L VIOLAK INTERNATIONAL A.E (099370337),099370337,V   L VIOLAK INTERNATIONAL A.E (099370337),1689.01,,
617Α4690ΒΧ-61Λ,2025-07-07,ΕΝΤΑΛΜΑ ΠΛΗΡΩΜΗΣ V   L VIOLAK INTERNATIONAL A.E (099370337),099370337,V   L VIOLAK INTERNATIONAL A.E (099370337),3339.54,,
Ψ0Α24690ΒΧ-37Π,2025-07-07,ΕΝΤΑΛΜΑ ΠΛΗΡΩΜΗΣ '' MART HELLAS S.A'' (999401508),999401508,'' MART HELLAS S.A'' (999401508),3298.4,,
ΨΤ1Κ4690ΒΧ-1Φ0,2025-07-07,ΕΝΤΑΛΜΑ ΠΛΗΡΩΜΗΣ '' MART HELLAS S.A'' (999401508),999401508,'' MART HELLAS S.A'' (999401508),2591.6,,
ΨΧΛΕ4690ΒΧ-ΣΒΗ,2025-07-03,ΕΝΤΑΛΜΑ ΠΛΗΡΩΜΗΣ ΕΙΡΗΝΗ ΙΩΑΚΕΙΜ   ΣΙΑ Ε.Ε (998696382),998696382,ΕΙΡΗΝΗ ΙΩΑΚΕΙΜ   ΣΙΑ Ε.Ε (998696382),1740.2,,
6ΝΡΒ4690ΒΧ-7ΓΦ,2025-07-03,ΕΝΤΑΛΜΑ ΠΛΗΡΩΜΗΣ Α. ΤΡΙΑΝΤΑΦΥΛΛΟΠΟΥΛΟΣ Ε.Ε (800896490),800896490,Α. ΤΡΙΑΝΤΑΦΥΛΛΟΠΟΥΛΟΣ Ε.Ε (800896490),258.54,,
Ψ4254690ΒΧ-1ΥΛ,2025-07-03,ΕΝΤΑΛΜΑ ΠΛΗΡΩΜΗΣ ΑΤΛΑΣ ΜΕΝΤΙΚΑΛ ΕΠΕ (998413964),998413964,ΑΤΛΑΣ ΜΕΝΤΙΚΑΛ ΕΠΕ (998413964),224.56,,
9Φ404690ΒΧ-9Α9,2025-07-03,ΕΝΤΑΛΜΑ ΠΛΗΡΩΜΗΣ ΓΚΑΤΕΞ Α.Ε MEDICAL SUPLIES (093573836),093573836,ΓΚΑΤΕΞ Α.Ε MEDICAL SUPLIES (093573836),37.1,,
ΡΡΖΚ4690ΒΧ-ΞΓΡ,2025-07-03,ΕΝΤΑΛΜΑ ΠΛΗΡΩΜΗΣ ΔΙΑΓΝΩΣΤΙΚΗ - ΑΝΑΛΥΤΙΚΗ ΕΠΕ (099109774),099109774,ΔΙΑΓΝΩΣΤΙΚΗ - ΑΝΑΛΥΤΙΚΗ ΕΠΕ (099109774),171.72,,
ΨΑΝΟ4690ΒΧ-626,2025-07-03,ΕΝΤΑΛΜΑ ΠΛΗΡΩΜΗΣ ΔΙΑΓΝΩΣΤΙΚΗ - ΑΝΑΛΥΤΙΚΗ ΕΠΕ (099109774),099109774,ΔΙΑΓΝΩΣΤΙΚΗ - ΑΝΑΛΥΤΙΚΗ ΕΠΕ (099109774),8.48,,
6Φ8Η4690ΒΧ-ΨΔ7,2025-07-03,ΕΝΤΑΛΜΑ ΠΛΗΡΩΜΗΣ ΑΡΗΤΗ Α.Ε. (094251753),094251753,ΑΡΗΤΗ Α.Ε. (094251753),4941.72,,
9Ε614690ΒΧ-ΚΝΠ,2025-07-03,ΕΝΤΑΛΜΑ ΠΛΗΡΩΜΗΣ ΑΡΗΤΗ Α.Ε. (094251753),094251753,ΑΡΗΤΗ Α.Ε. (094251753),2679.23,,
ΨΨΕΨ4690ΒΧ-ΝΘ3,2025-07-03,ΕΝΤΑΛΜΑ ΠΛΗΡΩΜΗΣ ΠΑΥΛΟΣ ΑΡΝΑΟΥΤΗΣ Α.Ε. (094178060),094178060,ΠΑΥΛΟΣ ΑΡΝΑΟΥΤΗΣ Α.Ε. (094178060),86.8,,
ΡΡ6Ρ4690ΒΧ-Β68,2025-07-03,ΕΝΤΑΛΜΑ ΠΛΗΡΩΜΗΣ ΠΑΥΛΟΣ ΑΡΝΑΟΥΤΗΣ Α.Ε. (094178060),094178060,ΠΑΥΛΟΣ ΑΡΝΑΟΥΤΗΣ Α.Ε. (094178060),2528.92,,
ΨΥΡΔ4690ΒΧ-Α2Υ,2025-07-03,ΕΝΤΑΛΜΑ ΠΛΗΡΩΜΗΣ LS.MED M. Ε.Π.Ε (800862068),800862068,LS.MED M. Ε.Π.Ε (800862068),3698.26,,
9ΠΥΣ4690ΒΧ-Γ0Β,2025-07-03,ΕΝΤΑΛΜΑ ΠΛΗΡΩΜΗΣ LS.MED M. Ε.Π.Ε (800862068),800862068,LS.MED M. Ε.Π.Ε (800862068),2372.54,,
Ρ4ΚΦ4690ΒΧ-56Λ,2025-07-03,ΕΝΤΑΛΜΑ ΠΛΗΡΩΜΗΣ LS.MED M. Ε.Π.Ε (800862068),800862068,LS.MED M. Ε.Π.Ε (800862068),1090.22,,
68Ρ44690ΒΧ-ΗΗΟ,2025-07-03,ΕΝΤΑΛΜΑ ΠΛΗΡΩΜΗΣ ΔΙΑSYS A.E (998936634),998936634,ΔΙΑSYS A.E (998936634),744.0,,
ΡΨΗ14690ΒΧ-3ΤΩ,2025-07-03,ΕΝΤΑΛΜΑ ΠΛΗΡΩΜΗΣ HAMED-ΧΑΛΑΜΠΑΛΑΚΗΣ Α.Ε (094313759),094313759,HAMED-ΧΑΛΑΜΠΑΛΑΚΗΣ Α.Ε (094313759),124.0,,
9ΘΘΟ4690ΒΧ-ΟΒΖ,2025-07-03,ΕΝΤΑΛΜΑ ΠΛΗΡΩΜΗΣ EUROSUP ΜΟΝ. ΙΚΕ (800715333),800715333,EUROSUP ΜΟΝ. ΙΚΕ (800715333),91.43,,
99Π14690ΒΧ-ΣΚ2,2025-07-03,ΕΝΤΑΛΜΑ ΠΛΗΡΩΜΗΣ SCITEC ΙΑΤΡΙΚΑ ΣΥΣΤΗΜΑΤΑ Ε.Ε (094457478),094457478,SCITEC ΙΑΤΡΙΚΑ ΣΥΣΤΗΜΑΤΑ Ε.Ε (094457478),29.68,,
65Μ84690ΒΧ-3ΗΘ,2025-07-03,ΕΝΤΑΛΜΑ ΠΛΗΡΩΜΗΣ INSIDE ΙΑΤΡΙΚΕΣ ΤΕΧΝΟΛΟΓΙΕΣ ΜΟΝΟΠΡΟΣΩΠΗ Ι.Κ.Ε. (800777790),800777790,INSIDE ΙΑΤΡΙΚΕΣ ΤΕΧΝΟΛΟΓΙΕΣ ΜΟΝΟΠΡΟΣΩΠΗ Ι.Κ.Ε. (800777790),245.02,,
ΨΗ8Υ4690ΒΧ-Θ5Φ,2025-07-03,ΕΝΤΑΛΜΑ ΠΛΗΡΩΜΗΣ INSIDE ΙΑΤΡΙΚΕΣ ΤΕΧΝΟΛΟΓΙΕΣ ΜΟΝΟΠΡΟΣΩΠΗ Ι.Κ.Ε. (800777790),800777790,INSIDE ΙΑΤΡΙΚΕΣ ΤΕΧΝΟΛΟΓΙΕΣ ΜΟΝΟΠΡΟΣΩΠΗ Ι.Κ.Ε. (800777790),275.72,,
ΡΒ4Κ4690ΒΧ-ΓΦΚ,2025-07-03,ΕΝΤΑΛΜΑ ΠΛΗΡΩΜΗΣ INSIDE ΙΑΤΡΙΚΕΣ ΤΕΧΝΟΛΟΓΙΕΣ ΜΟΝΟΠΡΟΣΩΠΗ Ι.Κ.Ε. (800777790),800777790,INSIDE ΙΑΤΡΙΚΕΣ ΤΕΧΝΟΛΟΓΙΕΣ ΜΟΝΟΠΡΟΣΩΠΗ Ι.Κ.Ε. (800777790),742.76,,
ΨΧΒΝ4690ΒΧ-ΟΗΙ,2025-07-03,ΕΝΤΑΛΜΑ ΠΛΗΡΩΜΗΣ Medical Point .ΧΡ.ΜΟΥΤΑΦΗΣ Ε.Ε (998630320),998630320,Medical Point .ΧΡ.ΜΟΥΤΑΦΗΣ Ε.Ε (998630320),287.06,,
6ΘΛΠ4690ΒΧ-ΝΝΠ,2025-07-03,ΕΝΤΑΛΜΑ ΠΛΗΡΩΜΗΣ Medical Point .ΧΡ.ΜΟΥΤΑΦΗΣ Ε.Ε (998630320),998630320,Medical Point .ΧΡ.ΜΟΥΤΑΦΗΣ Ε.Ε (998630320),317.44,,
9Φ6Ω4690ΒΧ-ΡΤΜ,2025-07-03,ΕΝΤΑΛΜΑ ΠΛΗΡΩΜΗΣ Medical Point .ΧΡ.ΜΟΥΤΑΦΗΣ Ε.Ε (998630320),998630320,Medical Point .ΧΡ.ΜΟΥΤΑΦΗΣ Ε.Ε (998630320),483.6,,
9ΞΙΟ4690ΒΧ-ΛΡΨ,2025-07-03,ΕΝΤΑΛΜΑ ΠΛΗΡΩΜΗΣ LERIVA Α.Ε. (997985840),997985840,LERIVA Α.Ε. (997985840),1701.28,,
ΨΙΖΣ4690ΒΧ-6Σ6,2025-07-03,ΕΝΤΑΛΜΑ ΠΛΗΡΩΜΗΣ MEDI SUP AE (094447320),094447320,MEDI SUP AE (094447320),145.7,,
9ΝΔΛ4690ΒΧ-ΗΦ5,2025-07-03,ΕΝΤΑΛΜΑ ΠΛΗΡΩΜΗΣ MEDI SUP AE (094447320),094447320,MEDI SUP AE (094447320),163.68,,
9ΨΡ74690ΒΧ-Υ48,2025-07-03,ΕΝΤΑΛΜΑ ΠΛΗΡΩΜΗΣ ALCOVIN ABEE (094417524),094417524,ALCOVIN ABEE (094417524),2001.86,,
Ρ4ΒΑ4690ΒΧ-2ΒΑ,2025-07-03,ΕΝΤΑΛΜΑ ΠΛΗΡΩΜΗΣ VAKTRO SCIENTIFIC ΣΤΑΥΡΟΣ ΑΓΓΕΛΟΠΟΥΛΟΣ   ΣΙΑ Ο.Ε (084221869),084221869,VAKTRO SCIENTIFIC ΣΤΑΥΡΟΣ ΑΓΓΕΛΟΠΟΥΛΟΣ   ΣΙΑ Ο.Ε (084221869),52.82,,
ΨΠΡ14690ΒΧ-0ΘΜ,2025-07-03,ΕΝΤΑΛΜΑ ΠΛΗΡΩΜΗΣ VAKTRO SCIENTIFIC ΣΤΑΥΡΟΣ ΑΓΓΕΛΟΠΟΥΛΟΣ   ΣΙΑ Ο.Ε (084221869),084221869,VAKTRO SCIENTIFIC ΣΤΑΥΡΟΣ ΑΓΓΕΛΟΠΟΥΛΟΣ   ΣΙΑ Ο.Ε (084221869),562.6,,
6Η454690ΒΧ-ΡΞΟ,2025-07-03,ΕΝΤΑΛΜΑ ΠΛΗΡΩΜΗΣ VAKTRO SCIENTIFIC ΣΤΑΥΡΟΣ ΑΓΓΕΛΟΠΟΥΛΟΣ   ΣΙΑ Ο.Ε (084221869),084221869,VAKTRO SCIENTIFIC ΣΤΑΥΡΟΣ ΑΓΓΕΛΟΠΟΥΛΟΣ   ΣΙΑ Ο.Ε (084221869),2147.74,,
Ψ5Α94690ΒΧ-ΕΓΔ,2025-07-03,ΕΝΤΑΛΜΑ ΠΛΗΡΩΜΗΣ VAKTRO SCIENTIFIC ΣΤΑΥΡΟΣ ΑΓΓΕΛΟΠΟΥΛΟΣ   ΣΙΑ Ο.Ε (084221869),084221869,VAKTRO SCIENTIFIC ΣΤΑΥΡΟΣ ΑΓΓΕΛΟΠΟΥΛΟΣ   ΣΙΑ Ο.Ε (084221869),159.22,,
Ρ7Η54690ΒΧ-ΗΤΕ,2025-07-03,ΕΝΤΑΛΜΑ ΠΛΗΡΩΜΗΣ VAKTRO SCIENTIFIC ΣΤΑΥΡΟΣ ΑΓΓΕΛΟΠΟΥΛΟΣ   ΣΙΑ Ο.Ε (084221869),084221869,VAKTRO SCIENTIFIC ΣΤΑΥΡΟΣ ΑΓΓΕΛΟΠΟΥΛΟΣ   ΣΙΑ Ο.Ε (084221869),7271.6,,
ΨΥΘΟ4690ΒΧ-Β0Δ,2025-07-03,ΕΝΤΑΛΜΑ ΠΛΗΡΩΜΗΣ DIACHEL ΔΙΑΓΝ.-ΧΗΜ.ΟΡΓ.Ε.Π.Ε. (095341314),095341314,DIACHEL ΔΙΑΓΝ.-ΧΗΜ.ΟΡΓ.Ε.Π.Ε. (095341314),98.21,,
ΨΠΟΚ4690ΒΧ-ΝΞΛ,2025-07-03,ΕΝΤΑΛΜΑ ΠΛΗΡΩΜΗΣ DIACHEL ΔΙΑΓΝ.-ΧΗΜ.ΟΡΓ.Ε.Π.Ε. (095341314),095341314,DIACHEL ΔΙΑΓΝ.-ΧΗΜ.ΟΡΓ.Ε.Π.Ε. (095341314),405.82,,
6ΦΨ84690ΒΧ-Τ3Ρ,2025-07-01,ΕΝΤΑΛΜΑ ΠΛΗΡΩΜΗΣ ΤΗΛ.Κ.ΓΙΟΚΑΡΗΣ   ΣΙΑ ΟΕ DOCTOF (081564690),081564690,ΤΗΛ.Κ.ΓΙΟΚΑΡΗΣ   ΣΙΑ ΟΕ DOCTOF (081564690),4719.12,,
9Κ294690ΒΧ-Τ73,2025-07-01,ΕΝΤΑΛΜΑ ΠΛΗΡΩΜΗΣ ΞΕΝΟΦΩΝ ΓΕΡΜΑΝΟΣ Α.Ε.Ε. (094326835),094326835,ΞΕΝΟΦΩΝ ΓΕΡΜΑΝΟΣ Α.Ε.Ε. (094326835),880.5,,
ΨΞΞΩ4690ΒΧ-8Ψ0,2025-07-01,ΕΝΤΑΛΜΑ ΠΛΗΡΩΜΗΣ ΞΕΝΟΦΩΝ ΓΕΡΜΑΝΟΣ Α.Ε.Ε. (094326835),094326835,ΞΕΝΟΦΩΝ ΓΕΡΜΑΝΟΣ Α.Ε.Ε. (094326835),1520.04,,
ΨΥΞΙ4690ΒΧ-ΗΡΕ,2025-07-01,ΕΝΤΑΛΜΑ ΠΛΗΡΩΜΗΣ ΝΤΙΑΜΕΝΤ ΕΛΛΑΣ Α.Ε.Ε. (095259724),095259724,ΝΤΙΑΜΕΝΤ ΕΛΛΑΣ Α.Ε.Ε. (095259724),620.1,,
9ΠΟ84690ΒΧ-6Σ4,2025-07-02,ΕΝΤΑΛΜΑ ΠΛΗΡΩΜΗΣ ΙΝΕΞ ΙΑΤΡΙΚΑ Α.Ε (094356041),094356041,ΙΝΕΞ ΙΑΤΡΙΚΑ Α.Ε (094356041),569.52,,
97ΙΗ4690ΒΧ-ΖΩ7,2025-07-02,ΕΝΤΑΛΜΑ ΠΛΗΡΩΜΗΣ ΙΝΕΞ ΙΑΤΡΙΚΑ Α.Ε (094356041),094356041,ΙΝΕΞ ΙΑΤΡΙΚΑ Α.Ε (094356041),417.88,,
6ΦΓΜ4690ΒΧ-275,2025-07-02,ΕΝΤΑΛΜΑ ΠΛΗΡΩΜΗΣ ΙΝΕΞ ΙΑΤΡΙΚΑ Α.Ε (094356041),094356041,ΙΝΕΞ ΙΑΤΡΙΚΑ Α.Ε (094356041),2175.25,,
ΨΨ8Μ4690ΒΧ-ΣΙΗ,2025-07-02,ΕΝΤΑΛΜΑ ΠΛΗΡΩΜΗΣ ΙΝΕΞ ΙΑΤΡΙΚΑ Α.Ε (094356041),094356041,ΙΝΕΞ ΙΑΤΡΙΚΑ Α.Ε (094356041),112.9,,
ΨΤΧ64690ΒΧ-5ΡΡ,2025-07-02,ΕΝΤΑΛΜΑ ΠΛΗΡΩΜΗΣ ΕΝΟΡΑΣΙΣ Α.Ε. (094503580),094503580,ΕΝΟΡΑΣΙΣ Α.Ε. (094503580),1338.21,,
9ΑΕΨ4690ΒΧ-Ω8Λ,2025-07-01,ΕΝΤΑΛΜΑ ΠΛΗΡΩΜΗΣ ΕΛΛΕΝΚΟ Α.Ε. (094074824),094074824,ΕΛΛΕΝΚΟ Α.Ε. (094074824),350.87,,
99Ζ64690ΒΧ-ΚΚ7,2025-07-02,ΕΝΤΑΛΜΑ ΠΛΗΡΩΜΗΣ ΓΕΤΡΙΜΕΝΤ Ε.Π.Ε. (095279575),095279575,ΓΕΤΡΙΜΕΝΤ Ε.Π.Ε. (095279575),1581.77,,
9ΜΥΕ4690ΒΧ-ΡΔΔ,2025-07-01,ΕΝΤΑΛΜΑ ΠΛΗΡΩΜΗΣ ΒΕΡΜΑ ΝΤΡΑΓΚΣ ΑΒΕΕ (099363426),099363426,ΒΕΡΜΑ ΝΤΡΑΓΚΣ ΑΒΕΕ (099363426),1852.07,,
ΨΥΧΗ4690ΒΧ-5Α5,2025-07-01,ΕΝΤΑΛΜΑ ΠΛΗΡΩΜΗΣ ΒΕΡΜΑ ΝΤΡΑΓΚΣ ΑΒΕΕ (099363426),099363426,ΒΕΡΜΑ ΝΤΡΑΓΚΣ ΑΒΕΕ (099363426),1807.53,,
ΨΧ4Μ4690ΒΧ-ΛΞ5,2025-07-02,ΕΝΤΑΛΜΑ ΠΛΗΡΩΜΗΣ PAUL HARTMANN Hellas A.E. (999862491),999862491,PAUL HARTMANN Hellas A.E. (999862491),180.8,,
9ΩΠ54690ΒΧ-ΞΘΓ,2025-07-02,ΕΝΤΑΛΜΑ ΠΛΗΡΩΜΗΣ PAUL HARTMANN Hellas A.E. (999862491),999862491,PAUL HARTMANN Hellas A.E. (999862491),223.2,,
6ΑΔ14690ΒΧ-Χ6Ι,2025-07-02,ΕΝΤΑΛΜΑ ΠΛΗΡΩΜΗΣ MILONAS HEALTH A.E. (998179225),998179225,MILONAS HEALTH A.E. (998179225),618.14,,
ΨΠΖΔ4690ΒΧ-ΜΟΑ,2025-07-02,ΕΝΤΑΛΜΑ ΠΛΗΡΩΜΗΣ MILONAS HEALTH A.E. (998179225),998179225,MILONAS HEALTH A.E. (998179225),67.31,,
94Χ44690ΒΧ-Δ4Φ,2025-07-02,ΕΝΤΑΛΜΑ ΠΛΗΡΩΜΗΣ MILONAS HEALTH A.E. (998179225),998179225,MILONAS HEALTH A.E. (998179225),554.65,,
63ΞΦ4690ΒΧ-ΨΘΤ,2025-07-02,ΕΝΤΑΛΜΑ ΠΛΗΡΩΜΗΣ MILONAS HEALTH A.E. (998179225),998179225,MILONAS HEALTH A.E. (998179225),2089.26,,
65ΜΟ4690ΒΧ-Τ5Β,2025-07-02,ΕΝΤΑΛΜΑ ΠΛΗΡΩΜΗΣ MILONAS HEALTH A.E. (998179225),998179225,MILONAS HEALTH A.E. (998179225),176.04,,
ΨΞΤΗ4690ΒΧ-6Ρ6,2025-07-02,ΕΝΤΑΛΜΑ ΠΛΗΡΩΜΗΣ MILONAS HEALTH A.E. (998179225),998179225,MILONAS HEALTH A.E. (998179225),4829.91,,
ΨΦ084690ΒΧ-Ν0Μ,2025-07-01,ΕΝΤΑΛΜΑ ΠΛΗΡΩΜΗΣ DOCTUM ΦΑΡΜΑΚΕΥΤΙΚΗ ΑΕ (094070315),094070315,DOCTUM ΦΑΡΜΑΚΕΥΤΙΚΗ ΑΕ (094070315),5419.79,,
9ΥΖΧ4690ΒΧ-ΡΧΕ,2025-06-30,ΕΝΤΑΛΜΑ ΠΛΗΡΩΜΗΣ ΚΟΠΕΡ ΑΕ (094007897),094007897,ΚΟΠΕΡ ΑΕ (094007897),664.67,,
Ψ9Τ64690ΒΧ-ΕΧΗ,2025-06-30,ΕΝΤΑΛΜΑ ΠΛΗΡΩΜΗΣ ΝΙΚ.Ι.ΛΑΊΝΙΩΤΗΣ Α.Ε.Β.Ε (093628458),093628458,ΝΙΚ.Ι.ΛΑΊΝΙΩΤΗΣ Α.Ε.Β.Ε (093628458),575.4,,
ΡΡΕΖ4690ΒΧ-ΩΜΛ,2025-06-30,ΕΝΤΑΛΜΑ ΠΛΗΡΩΜΗΣ ΝΙΚ.Ι.ΛΑΊΝΙΩΤΗΣ Α.Ε.Β.Ε (093628458),093628458,ΝΙΚ.Ι.ΛΑΊΝΙΩΤΗΣ Α.Ε.Β.Ε (093628458),3143.14,,
ΨΥΖΖ4690ΒΧ-1Χ6,2025-06-30,ΕΝΤΑΛΜΑ ΠΛΗΡΩΜΗΣ ΝΙΚ.Ι.ΛΑΊΝΙΩΤΗΣ Α.Ε.Β.Ε (093628458),093628458,ΝΙΚ.Ι.ΛΑΊΝΙΩΤΗΣ Α.Ε.Β.Ε (093628458),150.82,,
651Φ4690ΒΧ-5ΚΘ,2025-06-30,ΕΝΤΑΛΜΑ ΠΛΗΡΩΜΗΣ ΝΙΚ.Ι.ΛΑΊΝΙΩΤΗΣ Α.Ε.Β.Ε (093628458),093628458,ΝΙΚ.Ι.ΛΑΊΝΙΩΤΗΣ Α.Ε.Β.Ε (093628458),918.58,,
ΨΧ0Π4690ΒΧ-ΟΒΙ,2025-06-30,ΕΝΤΑΛΜΑ ΠΛΗΡΩΜΗΣ ΝΙΚ.Ι.ΛΑΊΝΙΩΤΗΣ Α.Ε.Β.Ε (093628458),093628458,ΝΙΚ.Ι.ΛΑΊΝΙΩΤΗΣ Α.Ε.Β.Ε (093628458),901.24,,
ΨΗΜΖ4690ΒΧ-ΖΝΗ,2025-06-30,ΕΝΤΑΛΜΑ ΠΛΗΡΩΜΗΣ MEDICON HELLAS A.E. (094240321),094240321,MEDICON HELLAS A.E. (094240321),3226.76,,
9ΔΖ54690ΒΧ-ΔΔΦ,2025-06-30,ΕΝΤΑΛΜΑ ΠΛΗΡΩΜΗΣ MEDICON HELLAS A.E. (094240321),094240321,MEDICON HELLAS A.E. (094240321),1632.4,,
6ΙΑΠ4690ΒΧ-ΗΣ9,2025-06-30,ΕΝΤΑΛΜΑ ΠΛΗΡΩΜΗΣ MEDICON HELLAS A.E. (094240321),094240321,MEDICON HELLAS A.E. (094240321),5452.28,,
ΨΣΘΙ4690ΒΧ-4Ι1,2025-06-30,ΕΝΤΑΛΜΑ ΠΛΗΡΩΜΗΣ MEDICON HELLAS A.E. (094240321),094240321,MEDICON HELLAS A.E. (094240321),17541.24,,
9ΟΝΦ4690ΒΧ-ΞΜΕ,2025-06-30,ΕΝΤΑΛΜΑ ΠΛΗΡΩΜΗΣ ABBOTT LABORATORIES(ΕΛΛΑΣ)ABEE (094027257),094027257,ABBOTT LABORATORIES(ΕΛΛΑΣ)ABEE (094027257),24115.0,,
9ΨΡ74690ΒΧ-71Α,2025-06-30,ΕΝΤΑΛΜΑ ΠΛΗΡΩΜΗΣ ABBOTT LABORATORIES(ΕΛΛΑΣ)ABEE (094027257),094027257,ABBOTT LABORATORIES(ΕΛΛΑΣ)ABEE (094027257),981.32,,
6Ξ124690ΒΧ-0ΚΝ,2025-06-30,ΕΝΤΑΛΜΑ ΠΛΗΡΩΜΗΣ ΝΙΚ.Ι.ΛΑΊΝΙΩΤΗΣ Α.Ε.Β.Ε (093628458),093628458,ΝΙΚ.Ι.ΛΑΊΝΙΩΤΗΣ Α.Ε.Β.Ε (093628458),2623.04,,
ΡΓ6Β4690ΒΧ-ΞΥΙ,2025-06-30,ΕΝΤΑΛΜΑ ΠΛΗΡΩΜΗΣ ΝΙΚ.Ι.ΛΑΊΝΙΩΤΗΣ Α.Ε.Β.Ε (093628458),093628458,ΝΙΚ.Ι.ΛΑΊΝΙΩΤΗΣ Α.Ε.Β.Ε (093628458),1000.91,,
ΨΞ3Χ4690ΒΧ-Ν8Ω,2025-06-30,ΕΝΤΑΛΜΑ ΠΛΗΡΩΜΗΣ ΜΑΓΕΙΡΑΣ ΔΙΑΓΝ.ΜΗΧΑΝΗΜΑΤΑ Α.Ε. (095444407),095444407,ΜΑΓΕΙΡΑΣ ΔΙΑΓΝ.ΜΗΧΑΝΗΜΑΤΑ Α.Ε. (095444407),2936.3,,
6ΜΣΦ4690ΒΧ-ΘΓ7,2025-06-30,ΕΝΤΑΛΜΑ ΠΛΗΡΩΜΗΣ ΜΑΓΕΙΡΑΣ ΔΙΑΓΝ.ΜΗΧΑΝΗΜΑΤΑ Α.Ε. (095444407),095444407,ΜΑΓΕΙΡΑΣ ΔΙΑΓΝ.ΜΗΧΑΝΗΜΑΤΑ Α.Ε. (095444407),2363.8,,
ΨΘΛ44690ΒΧ-ΣΟΗ,2025-06-30,ΕΝΤΑΛΜΑ ΠΛΗΡΩΜΗΣ ΜΑΓΕΙΡΑΣ ΔΙΑΓΝ.ΜΗΧΑΝΗΜΑΤΑ Α.Ε. (095444407),095444407,ΜΑΓΕΙΡΑΣ ΔΙΑΓΝ.ΜΗΧΑΝΗΜΑΤΑ Α.Ε. (095444407),4303.6,,
Ψ32Μ4690ΒΧ-ΠΞΡ,2025-06-30,ΕΝΤΑΛΜΑ ΠΛΗΡΩΜΗΣ Κωστας Α.Παπαέλληνας(ΕλλάςΑΕΒΕ) (094075360),094075360,Κωστας Α.Παπαέλληνας(ΕλλάςΑΕΒΕ) (094075360),45.2,,
982Η4690ΒΧ-Ι96,2025-06-30,ΕΝΤΑΛΜΑ ΠΛΗΡΩΜΗΣ Κωστας Α.Παπαέλληνας(ΕλλάςΑΕΒΕ) (094075360),094075360,Κωστας Α.Παπαέλληνας(ΕλλάςΑΕΒΕ) (094075360),1443.58,,
ΨΖΠΞ4690ΒΧ-ΝΦΠ,2025-06-30,ΕΝΤΑΛΜΑ ΠΛΗΡΩΜΗΣ ΕΥΡΟΜΑΡΤ Α.Ε. (094284004),094284004,ΕΥΡΟΜΑΡΤ Α.Ε. (094284004),48.82,,
68ΓΓ4690ΒΧ-ΡΞ7,2025-06-30,ΕΝΤΑΛΜΑ ΠΛΗΡΩΜΗΣ ΕΥΡΟΜΑΡΤ Α.Ε. (094284004),094284004,ΕΥΡΟΜΑΡΤ Α.Ε. (094284004),334.38,,
ΨΜ1Ψ4690ΒΧ-0Δ1,2025-06-30,ΕΝΤΑΛΜΑ ΠΛΗΡΩΜΗΣ ΒΙΟΣΕΡ ΑΕ (094035927),094035927,ΒΙΟΣΕΡ ΑΕ (094035927),1017.0,,
9Κ3Β4690ΒΧ-ΗΩΛ,2025-06-30,ΕΝΤΑΛΜΑ ΠΛΗΡΩΜΗΣ DUCASCO-ΔΟΥΡΜΟΥΣΟΓΛΟΥ ΑΕΒΕ (999640490),999640490,DUCASCO-ΔΟΥΡΜΟΥΣΟΓΛΟΥ ΑΕΒΕ (999640490),215.76,,
61ΓΩ4690ΒΧ-ΔΘΛ,2025-06-30,ΕΝΤΑΛΜΑ ΠΛΗΡΩΜΗΣ DUCASCO-ΔΟΥΡΜΟΥΣΟΓΛΟΥ ΑΕΒΕ (999640490),999640490,DUCASCO-ΔΟΥΡΜΟΥΣΟΓΛΟΥ ΑΕΒΕ (999640490),92.43,,
95Ψ54690ΒΧ-05Π,2025-06-30,ΕΝΤΑΛΜΑ ΠΛΗΡΩΜΗΣ BAYER ΕΛΛΑΣ ΑΒΕΕ (094056437),094056437,BAYER ΕΛΛΑΣ ΑΒΕΕ (094056437),4278.0,,
9ΜΧ54690ΒΧ-6Ι3,2025-06-30,ΕΝΤΑΛΜΑ ΠΛΗΡΩΜΗΣ ΣΚΕΠΕΤΑΡΗΣ ΚΩΝΣΤΑΝΤΙΝΟΣ-CONMED LIFE (120155145),120155145,ΣΚΕΠΕΤΑΡΗΣ ΚΩΝΣΤΑΝΤΙΝΟΣ-CONMED LIFE (120155145),3707.6,,
6Υ5Η4690ΒΧ-Ρ3Α,2025-06-27,ΕΝΤΑΛΜΑ ΠΛΗΡΩΜΗΣ ΙΝΤΕΡΣΑΛΟΝΙΚΑ (094450059),094450059,ΙΝΤΕΡΣΑΛΟΝΙΚΑ (094450059),331.0,,
6Μ4Π4690ΒΧ-ΗΤΤ,2025-05-14,ΕΝΤΑΛΜΑ ΠΛΗΡΩΜΗΣ ΙΑΤΡΟΙ ΔΙΑΚΟΜΙΔΩΝ (045556789),045556789,ΙΑΤΡΟΙ ΔΙΑΚΟΜΙΔΩΝ (045556789),100.0,,
92ΦΜ4690ΒΧ-3ΧΠ,2025-06-04,ΕΝΤΑΛΜΑ ΠΛΗΡΩΜΗΣ ZIMMER BIOMET ΕΛΛΑΣ ΜΟΝ/ΠΗ Α.Ε (094437885),094437885,ZIMMER BIOMET ΕΛΛΑΣ ΜΟΝ/ΠΗ Α.Ε (094437885),4832.55,,
9Ο0Χ4690ΒΧ-ΛΩ3,2025-06-04,ΕΝΤΑΛΜΑ ΠΛΗΡΩΜΗΣ ZIMMER BIOMET ΕΛΛΑΣ ΜΟΝ/ΠΗ Α.Ε (094437885),094437885,ZIMMER BIOMET ΕΛΛΑΣ ΜΟΝ/ΠΗ Α.Ε (094437885),3358.58,,
ΨΜ244690ΒΧ-31Λ,2025-06-04,ΕΝΤΑΛΜΑ ΠΛΗΡΩΜΗΣ ZIMMER BIOMET ΕΛΛΑΣ ΜΟΝ/ΠΗ Α.Ε (094437885),094437885,ZIMMER BIOMET ΕΛΛΑΣ ΜΟΝ/ΠΗ Α.Ε (094437885),4894.28,,
9ΔΦ34690ΒΧ-ΛΔ0,2025-06-04,ΕΝΤΑΛΜΑ ΠΛΗΡΩΜΗΣ ZIMMER BIOMET ΕΛΛΑΣ ΜΟΝ/ΠΗ Α.Ε (094437885),094437885,ZIMMER BIOMET ΕΛΛΑΣ ΜΟΝ/ΠΗ Α.Ε (094437885),4496.72,,
6ΔΩΘ4690ΒΧ-ΤΓΚ,2025-06-04,ΕΝΤΑΛΜΑ ΠΛΗΡΩΜΗΣ ZIMMER BIOMET ΕΛΛΑΣ ΜΟΝ/ΠΗ Α.Ε (094437885),094437885,ZIMMER BIOMET ΕΛΛΑΣ ΜΟΝ/ΠΗ Α.Ε (094437885),4917.11,,
ΨΠ6Χ4690ΒΧ-ΟΗΥ,2025-06-05,ΕΝΤΑΛΜΑ ΠΛΗΡΩΜΗΣ ALLMED E.E. (997564511),997564511,ALLMED E.E. (997564511),5299.74,,
ΨΨ6Ο4690ΒΧ-94Λ,2025-06-05,ΕΝΤΑΛΜΑ ΠΛΗΡΩΜΗΣ ALLMED E.E. (997564511),997564511,ALLMED E.E. (997564511),5299.74,,
ΨΘΑΞ4690ΒΧ-35Ο,2025-06-05,ΕΝΤΑΛΜΑ ΠΛΗΡΩΜΗΣ ALLMED E.E. (997564511),997564511,ALLMED E.E. (997564511),4340.18,,
ΨΓΦΗ4690ΒΧ-Β9Ζ,2025-06-05,ΕΝΤΑΛΜΑ ΠΛΗΡΩΜΗΣ ALLMED E.E. (997564511),997564511,ALLMED E.E. (997564511),5299.74,,
ΨΑΔΖ4690ΒΧ-5Θ4,2025-06-05,ΕΝΤΑΛΜΑ ΠΛΗΡΩΜΗΣ ΦΕΤΕΙΝΙΔΟΥ ΑΙΚΑΤΕΡΙΝΗ (044958989),044958989,ΦΕΤΕΙΝΙΔΟΥ ΑΙΚΑΤΕΡΙΝΗ (044958989),275.28,,
9Π1Ο4690ΒΧ-86Ε,2025-06-05,ΕΝΤΑΛΜΑ ΠΛΗΡΩΜΗΣ ΣΤΑΥΡΑΚΑΣ Α.Ε. (081585045),081585045,ΣΤΑΥΡΑΚΑΣ Α.Ε. (081585045),102.13,,
9ΕΗΗ4690ΒΧ-ΕΒΒ,2025-06-05,ΕΝΤΑΛΜΑ ΠΛΗΡΩΜΗΣ Ν.ΠΡΟΚΟΣ   ΣΙΑ Ο.Ε. (999426109),999426109,Ν.ΠΡΟΚΟΣ   ΣΙΑ Ο.Ε. (999426109),3610.88,,
62ΘΥ4690ΒΧ-ΨΗΨ,2025-06-05,ΕΝΤΑΛΜΑ ΠΛΗΡΩΜΗΣ ΚΑΧΙΩΝΗΣ Α.Π.ΙΩΑΚΕΙΜΙΔΟΥ Ο.Ε KI-Constructions (998170464),998170464,ΚΑΧΙΩΝΗΣ Α.Π.ΙΩΑΚΕΙΜΙΔΟΥ Ο.Ε KI-Constructions (998170464),130.2,,
Ψ8624690ΒΧ-0ΙΗ,2025-06-05,ΕΝΤΑΛΜΑ ΠΛΗΡΩΜΗΣ Ι.Φ.Ε.Τ. Α.Ε. (090064864),090064864,Ι.Φ.Ε.Τ. Α.Ε. (090064864),761.1,,
ΨΡ3Σ4690ΒΧ-256,2025-06-05,ΕΝΤΑΛΜΑ ΠΛΗΡΩΜΗΣ Ι.Φ.Ε.Τ. Α.Ε. (090064864),090064864,Ι.Φ.Ε.Τ. Α.Ε. (090064864),630.47,,
9ΓΠ94690ΒΧ-ΖΥΓ,2025-06-05,ΕΝΤΑΛΜΑ ΠΛΗΡΩΜΗΣ Ι.Φ.Ε.Τ. Α.Ε. (090064864),090064864,Ι.Φ.Ε.Τ. Α.Ε. (090064864),24.42,,
ΨΔΨ64690ΒΧ-ΣΝΓ,2025-06-05,ΕΝΤΑΛΜΑ ΠΛΗΡΩΜΗΣ ΘΕΟΧΑΡΗΣ ΚΩΝΣΤΑΝΤΙΝΟΣ (074168641),074168641,ΘΕΟΧΑΡΗΣ ΚΩΝΣΤΑΝΤΙΝΟΣ (074168641),632.4,,
ΨΣΜΟ4690ΒΧ-ΚΧ5,2025-06-05,ΕΝΤΑΛΜΑ ΠΛΗΡΩΜΗΣ ΘΕΟΧΑΡΗΣ ΚΩΝΣΤΑΝΤΙΝΟΣ (074168641),074168641,ΘΕΟΧΑΡΗΣ ΚΩΝΣΤΑΝΤΙΝΟΣ (074168641),121.27,,
ΨΩΑΥ4690ΒΧ-Ν5Μ,2025-06-05,ΕΝΤΑΛΜΑ ΠΛΗΡΩΜΗΣ ΓΕΩΡΓΙΟΣ ΚΕΦΑΛΑΣ ΣΙΑ Ε.Ε (801925973),801925973,ΓΕΩΡΓΙΟΣ ΚΕΦΑΛΑΣ ΣΙΑ Ε.Ε (801925973),1469.09,,
9ΓΗ94690ΒΧ-5ΥΛ,2025-06-05,ΕΝΤΑΛΜΑ ΠΛΗΡΩΜΗΣ ΑΡΘΡΩΣΙΣ ΙΑΤΡΙΚΑ ΕΙΔΗ Α.Ε. (082899566),082899566,ΑΡΘΡΩΣΙΣ ΙΑΤΡΙΚΑ ΕΙΔΗ Α.Ε. (082899566),701.73,,
6ΜΖ14690ΒΧ-ΞΞΜ,2025-06-05,ΕΝΤΑΛΜΑ ΠΛΗΡΩΜΗΣ Α.ΜΗΤΣΟΥΡΑ - Ε.ΣΤΑΥΡΑΚΑΣ   ΣΙΑ Ο.Ε (092052246),092052246,Α.ΜΗΤΣΟΥΡΑ - Ε.ΣΤΑΥΡΑΚΑΣ   ΣΙΑ Ο.Ε (092052246),111.6,,
6ΤΗΕ4690ΒΧ-ΤΨΣ,2025-06-05,ΕΝΤΑΛΜΑ ΠΛΗΡΩΜΗΣ Α.ΜΗΤΣΟΥΡΑ - Ε.ΣΤΑΥΡΑΚΑΣ   ΣΙΑ Ο.Ε (092052246),092052246,Α.ΜΗΤΣΟΥΡΑ - Ε.ΣΤΑΥΡΑΚΑΣ   ΣΙΑ Ο.Ε (092052246),444.54,,
ΨΤΗ14690ΒΧ-Τ2Κ,2025-06-05,ΕΝΤΑΛΜΑ ΠΛΗΡΩΜΗΣ Rethink ΑΕΒΕ (999125269),999125269,Rethink ΑΕΒΕ (999125269),157.48,,
ΨΛΣΣ4690ΒΧ-ΕΥΣ,2025-06-05,ΕΝΤΑΛΜΑ ΠΛΗΡΩΜΗΣ PROFI ΤΕΧΝΙΚΟ SUPER MARKET (800326038),800326038,PROFI ΤΕΧΝΙΚΟ SUPER MARKET (800326038),184.74,,
Ψ2ΜΒ4690ΒΧ-ΛΓΟ,2025-06-05,ΕΝΤΑΛΜΑ ΠΛΗΡΩΜΗΣ ICON DYNAMICS (998860010),998860010,ICON DYNAMICS (998860010),565.44,,
65ΔΥ4690ΒΧ-1Μ9,2025-06-05,ΕΝΤΑΛΜΑ ΠΛΗΡΩΜΗΣ ELECTROSTORM   ΣΙΑ  Ε.Ε. (802163799),802163799,ELECTROSTORM   ΣΙΑ  Ε.Ε. (802163799),75.83,,
9ΛΘΘ4690ΒΧ-4ΕΗ,2025-06-05,ΕΝΤΑΛΜΑ ΠΛΗΡΩΜΗΣ <<ΠΕΙΡΑΪΚΗ ΕΦΟΔΙΑΣΤΙΚΗ>> Σ.ΚΑΤΕΧΗΣ   ΣΙΑ Ο.Ε (999234290),999234290,<<ΠΕΙΡΑΪΚΗ ΕΦΟΔΙΑΣΤΙΚΗ>> Σ.ΚΑΤΕΧΗΣ   ΣΙΑ Ο.Ε (999234290),931.24,,
Ψ6ΩΑ4690ΒΧ-ΓΤΔ,2025-06-05,ΕΝΤΑΛΜΑ ΠΛΗΡΩΜΗΣ MEDINOR ΕΕ (082802380),082802380,MEDINOR ΕΕ (082802380),1741.38,,
9ΒΦΑ4690ΒΧ-ΛΟΘ,2025-06-05,ΕΝΤΑΛΜΑ ΠΛΗΡΩΜΗΣ MEDINOR ΕΕ (082802380),082802380,MEDINOR ΕΕ (082802380),3816.42,,
6ΞΞ54690ΒΧ-ΒΧΔ,2025-06-05,ΕΝΤΑΛΜΑ ΠΛΗΡΩΜΗΣ MEDINOR ΕΕ (082802380),082802380,MEDINOR ΕΕ (082802380),2002.8,,
6ΜΙΧ4690ΒΧ-Ψ5Α,2025-06-05,ΕΝΤΑΛΜΑ ΠΛΗΡΩΜΗΣ MEDINOR ΕΕ (082802380),082802380,MEDINOR ΕΕ (082802380),78.31,,
6ΘΕΦ4690ΒΧ-Α2Ξ,2025-06-05,ΕΝΤΑΛΜΑ ΠΛΗΡΩΜΗΣ MEDINOR ΕΕ (082802380),082802380,MEDINOR ΕΕ (082802380),4562.89,,
6ΤΧ64690ΒΧ-ΧΒΨ,2025-06-05,ΕΝΤΑΛΜΑ ΠΛΗΡΩΜΗΣ ELFAMED AE (800378686),800378686,ELFAMED AE (800378686),5146.51,,
9ΡΗΘ4690ΒΧ-ΩΛΜ,2025-06-05,ΕΝΤΑΛΜΑ ΠΛΗΡΩΜΗΣ ALLMED E.E. (997564511),997564511,ALLMED E.E. (997564511),3317.14,,
Ρ1ΡΒ4690ΒΧ-ΑΘΥ,2025-06-05,ΕΝΤΑΛΜΑ ΠΛΗΡΩΜΗΣ ALLMED E.E. (997564511),997564511,ALLMED E.E. (997564511),7545.8,,
9ΠΗ64690ΒΧ-ΧΝΞ,2025-06-05,ΕΝΤΑΛΜΑ ΠΛΗΡΩΜΗΣ ALLMED E.E. (997564511),997564511,ALLMED E.E. (997564511),5495.04,,
9ΥΛΒ4690ΒΧ-ΝΓΥ,2025-06-05,ΕΝΤΑΛΜΑ ΠΛΗΡΩΜΗΣ ALLMED E.E. (997564511),997564511,ALLMED E.E. (997564511),3137.58,,
9ΟΘΠ4690ΒΧ-768,2025-06-05,ΕΝΤΑΛΜΑ ΠΛΗΡΩΜΗΣ ALLMED E.E. (997564511),997564511,ALLMED E.E. (997564511),4625.41,,
ΨΠΤΝ4690ΒΧ-ΤΛΡ,2025-06-04,ΕΝΤΑΛΜΑ ΠΛΗΡΩΜΗΣ ZIMMER BIOMET ΕΛΛΑΣ ΜΟΝ/ΠΗ Α.Ε (094437885),094437885,ZIMMER BIOMET ΕΛΛΑΣ ΜΟΝ/ΠΗ Α.Ε (094437885),4850.44,,
61ΝΑ4690ΒΧ-Ζ79,2025-06-04,ΕΝΤΑΛΜΑ ΠΛΗΡΩΜΗΣ ZIMMER BIOMET ΕΛΛΑΣ ΜΟΝ/ΠΗ Α.Ε (094437885),094437885,ZIMMER BIOMET ΕΛΛΑΣ ΜΟΝ/ΠΗ Α.Ε (094437885),4894.28,,
9ΜΡΟ4690ΒΧ-Μ60,2025-06-04,ΕΝΤΑΛΜΑ ΠΛΗΡΩΜΗΣ ZIMMER BIOMET ΕΛΛΑΣ ΜΟΝ/ΠΗ Α.Ε (094437885),094437885,ZIMMER BIOMET ΕΛΛΑΣ ΜΟΝ/ΠΗ Α.Ε (094437885),4076.67,,
9Δ114690ΒΧ-5ΓΩ,2025-06-04,ΕΝΤΑΛΜΑ ΠΛΗΡΩΜΗΣ ZIMMER BIOMET ΕΛΛΑΣ ΜΟΝ/ΠΗ Α.Ε (094437885),094437885,ZIMMER BIOMET ΕΛΛΑΣ ΜΟΝ/ΠΗ Α.Ε (094437885),4967.04,,
6ΣΖ54690ΒΧ-Ξ9Δ,2025-06-04,ΕΝΤΑΛΜΑ ΠΛΗΡΩΜΗΣ ZIMMER BIOMET ΕΛΛΑΣ ΜΟΝ/ΠΗ Α.Ε (094437885),094437885,ZIMMER BIOMET ΕΛΛΑΣ ΜΟΝ/ΠΗ Α.Ε (094437885),4632.79,,
Ψ1ΥΘ4690ΒΧ-ΞΞΛ,2025-06-04,ΕΝΤΑΛΜΑ ΠΛΗΡΩΜΗΣ ZIMMER BIOMET ΕΛΛΑΣ ΜΟΝ/ΠΗ Α.Ε (094437885),094437885,ZIMMER BIOMET ΕΛΛΑΣ ΜΟΝ/ΠΗ Α.Ε (094437885),4536.0,,
9ΚΙΤ4690ΒΧ-ΙΕ8,2025-06-04,ΕΝΤΑΛΜΑ ΠΛΗΡΩΜΗΣ ZIMMER BIOMET ΕΛΛΑΣ ΜΟΝ/ΠΗ Α.Ε (094437885),094437885,ZIMMER BIOMET ΕΛΛΑΣ ΜΟΝ/ΠΗ Α.Ε (094437885),4894.28,,
ΨΓΙΔ4690ΒΧ-ΦΒ7,2025-06-04,ΕΝΤΑΛΜΑ ΠΛΗΡΩΜΗΣ ZIMMER BIOMET ΕΛΛΑΣ ΜΟΝ/ΠΗ Α.Ε (094437885),094437885,ZIMMER BIOMET ΕΛΛΑΣ ΜΟΝ/ΠΗ Α.Ε (094437885),4474.8,,
933Ζ4690ΒΧ-Ψ3Τ,2025-06-04,ΕΝΤΑΛΜΑ ΠΛΗΡΩΜΗΣ ZIMMER BIOMET ΕΛΛΑΣ ΜΟΝ/ΠΗ Α.Ε (094437885),094437885,ZIMMER BIOMET ΕΛΛΑΣ ΜΟΝ/ΠΗ Α.Ε (094437885),4771.31,,
9ΟΦΑ4690ΒΧ-6Ν0,2025-06-04,ΕΝΤΑΛΜΑ ΠΛΗΡΩΜΗΣ ZIMMER BIOMET ΕΛΛΑΣ ΜΟΝ/ΠΗ Α.Ε (094437885),094437885,ZIMMER BIOMET ΕΛΛΑΣ ΜΟΝ/ΠΗ Α.Ε (094437885),4063.73,,
9ΤΕΜ4690ΒΧ-3ΝΙ,2025-06-04,ΕΝΤΑΛΜΑ ΠΛΗΡΩΜΗΣ ZIMMER BIOMET ΕΛΛΑΣ ΜΟΝ/ΠΗ Α.Ε (094437885),094437885,ZIMMER BIOMET ΕΛΛΑΣ ΜΟΝ/ΠΗ Α.Ε (094437885),4684.84,,
9ΝΦΨ4690ΒΧ-4ΡΛ,2025-06-04,ΕΝΤΑΛΜΑ ΠΛΗΡΩΜΗΣ ZIMMER BIOMET ΕΛΛΑΣ ΜΟΝ/ΠΗ Α.Ε (094437885),094437885,ZIMMER BIOMET ΕΛΛΑΣ ΜΟΝ/ΠΗ Α.Ε (094437885),4553.9,,
Ρ1464690ΒΧ-Ρ51,2025-06-04,ΕΝΤΑΛΜΑ ΠΛΗΡΩΜΗΣ ZIMMER BIOMET ΕΛΛΑΣ ΜΟΝ/ΠΗ Α.Ε (094437885),094437885,ZIMMER BIOMET ΕΛΛΑΣ ΜΟΝ/ΠΗ Α.Ε (094437885),4605.65,,
9Ι0Ρ4690ΒΧ-ΞΧΟ,2025-06-04,ΕΝΤΑΛΜΑ ΠΛΗΡΩΜΗΣ ZIMMER BIOMET ΕΛΛΑΣ ΜΟΝ/ΠΗ Α.Ε (094437885),094437885,ZIMMER BIOMET ΕΛΛΑΣ ΜΟΝ/ΠΗ Α.Ε (094437885),4553.9,,
ΡΛ9Ω4690ΒΧ-ΛΓ6,2025-06-04,ΕΝΤΑΛΜΑ ΠΛΗΡΩΜΗΣ ZIMMER BIOMET ΕΛΛΑΣ ΜΟΝ/ΠΗ Α.Ε (094437885),094437885,ZIMMER BIOMET ΕΛΛΑΣ ΜΟΝ/ΠΗ Α.Ε (094437885),4553.9,,
ΡΛΛΖ4690ΒΧ-Η9Κ,2025-06-04,ΕΝΤΑΛΜΑ ΠΛΗΡΩΜΗΣ ZIMMER BIOMET ΕΛΛΑΣ ΜΟΝ/ΠΗ Α.Ε (094437885),094437885,ZIMMER BIOMET ΕΛΛΑΣ ΜΟΝ/ΠΗ Α.Ε (094437885),4599.1,,
Ψ7ΗΙ4690ΒΧ-ΕΘΙ,2025-06-04,ΕΝΤΑΛΜΑ ΠΛΗΡΩΜΗΣ ZIMMER BIOMET ΕΛΛΑΣ ΜΟΝ/ΠΗ Α.Ε (094437885),094437885,ZIMMER BIOMET ΕΛΛΑΣ ΜΟΝ/ΠΗ Α.Ε (094437885),3440.4,,
ΨΤΝΧ4690ΒΧ-4ΕΑ,2025-06-04,ΕΝΤΑΛΜΑ ΠΛΗΡΩΜΗΣ ZIMMER BIOMET ΕΛΛΑΣ ΜΟΝ/ΠΗ Α.Ε (094437885),094437885,ZIMMER BIOMET ΕΛΛΑΣ ΜΟΝ/ΠΗ Α.Ε (094437885),4309.82,,
ΨΦ3Ε4690ΒΧ-ΤΛ6,2025-06-04,ΕΝΤΑΛΜΑ ΠΛΗΡΩΜΗΣ ZIMMER BIOMET ΕΛΛΑΣ ΜΟΝ/ΠΗ Α.Ε (094437885),094437885,ZIMMER BIOMET ΕΛΛΑΣ ΜΟΝ/ΠΗ Α.Ε (094437885),959.2,,
9ΕΛΖ4690ΒΧ-Α6Ρ,2025-06-04,ΕΝΤΑΛΜΑ ΠΛΗΡΩΜΗΣ ZIMMER BIOMET ΕΛΛΑΣ ΜΟΝ/ΠΗ Α.Ε (094437885),094437885,ZIMMER BIOMET ΕΛΛΑΣ ΜΟΝ/ΠΗ Α.Ε (094437885),4652.97,,
ΨΟ8Μ4690ΒΧ-ΕΔΔ,2025-06-04,ΕΝΤΑΛΜΑ ΠΛΗΡΩΜΗΣ ZIMMER BIOMET ΕΛΛΑΣ ΜΟΝ/ΠΗ Α.Ε (094437885),094437885,ZIMMER BIOMET ΕΛΛΑΣ ΜΟΝ/ΠΗ Α.Ε (094437885),3145.5,,
9Γ2Ι4690ΒΧ-Τ5Δ,2025-06-04,ΕΝΤΑΛΜΑ ΠΛΗΡΩΜΗΣ mediplat (800500360),800500360,mediplat (800500360),106.67,,
ΨΞ2Ξ4690ΒΧ-ΖΥ4,2025-06-04,ΕΝΤΑΛΜΑ ΠΛΗΡΩΜΗΣ NEW DIAGNOSTIC DIMENSION LTD (095618368),095618368,NEW DIAGNOSTIC DIMENSION LTD (095618368),397.5,,
9ΔΗΞ4690ΒΧ-Δ6Δ,2025-06-04,ΕΝΤΑΛΜΑ ΠΛΗΡΩΜΗΣ RONTIS HELLAS AEBE (095335610),095335610,RONTIS HELLAS AEBE (095335610),7554.59,,
Ψ2Θ14690ΒΧ-ΤΤΠ,2025-06-04,ΕΝΤΑΛΜΑ ΠΛΗΡΩΜΗΣ BIOTRANS A.E (999506681),999506681,BIOTRANS A.E (999506681),1562.4,,
9ΙΗ04690ΒΧ-2ΧΛ,2025-06-04,ΕΝΤΑΛΜΑ ΠΛΗΡΩΜΗΣ ΙΑΤΡΙΚΗ ΜΕΡΙΜΝΑ   ΥΓΕΙΑ Α.Ε. (094349547),094349547,ΙΑΤΡΙΚΗ ΜΕΡΙΜΝΑ   ΥΓΕΙΑ Α.Ε. (094349547),278.5,,
ΨΟΠ44690ΒΧ-894,2025-06-04,ΕΝΤΑΛΜΑ ΠΛΗΡΩΜΗΣ SANTAIR Α.Ε. (094497279),094497279,SANTAIR Α.Ε. (094497279),1568.6,,
9ΨΓΤ4690ΒΧ-ΑΥΓ,2025-06-04,ΕΝΤΑΛΜΑ ΠΛΗΡΩΜΗΣ SANTAIR Α.Ε. (094497279),094497279,SANTAIR Α.Ε. (094497279),4786.89,,
9ΡΡΕ4690ΒΧ-ΛΒΛ,2025-05-13,ΕΝΤΑΛΜΑ ΠΛΗΡΩΜΗΣ ΚΑΚΑΒΟΣ Ι.ΔΗΜΗΤΡΙΟΣ (119540879),119540879,ΚΑΚΑΒΟΣ Ι.ΔΗΜΗΤΡΙΟΣ (119540879),524.32,,
629Ν4690ΒΧ-ΚΘΞ,2025-05-13,ΕΝΤΑΛΜΑ ΠΛΗΡΩΜΗΣ ΚΑΚΑΒΟΣ Ι.ΔΗΜΗΤΡΙΟΣ (119540879),119540879,ΚΑΚΑΒΟΣ Ι.ΔΗΜΗΤΡΙΟΣ (119540879),2580.93,,
9ΓΧ14690ΒΧ-ΗΩΧ,2025-05-13,ΕΝΤΑΛΜΑ ΠΛΗΡΩΜΗΣ ΚΑΚΑΒΟΣ Ι.ΔΗΜΗΤΡΙΟΣ (119540879),119540879,ΚΑΚΑΒΟΣ Ι.ΔΗΜΗΤΡΙΟΣ (119540879),5111.47,,
60ΗΒ4690ΒΧ-ΑΛ8,2025-05-13,ΕΝΤΑΛΜΑ ΠΛΗΡΩΜΗΣ ΚΑΚΑΒΟΣ Ι.ΔΗΜΗΤΡΙΟΣ (119540879),119540879,ΚΑΚΑΒΟΣ Ι.ΔΗΜΗΤΡΙΟΣ (119540879),142.55,,
ΨΒΟ34690ΒΧ-1ΣΒ,2025-05-13,ΕΝΤΑΛΜΑ ΠΛΗΡΩΜΗΣ ΚΑΚΑΒΟΣ Ι.ΔΗΜΗΤΡΙΟΣ (119540879),119540879,ΚΑΚΑΒΟΣ Ι.ΔΗΜΗΤΡΙΟΣ (119540879),6470.22,,
6ΦΩΞ4690ΒΧ-Α5Γ,2025-06-03,ΕΝΤΑΛΜΑ ΠΛΗΡΩΜΗΣ ΜΠΕΝΕΖΗ ΣΟΦΙΑ ΗΛΙΑΣ (105805168),105805168,ΜΠΕΝΕΖΗ ΣΟΦΙΑ ΗΛΙΑΣ (105805168),717.97,,
ΨΒ7Κ4690ΒΧ-1ΑΒ,2025-06-03,ΕΝΤΑΛΜΑ ΠΛΗΡΩΜΗΣ ΜΠΕΝΕΖΗ ΣΟΦΙΑ ΗΛΙΑΣ (105805168),105805168,ΜΠΕΝΕΖΗ ΣΟΦΙΑ ΗΛΙΑΣ (105805168),125.85,,
ΨΙΨΡ4690ΒΧ-1ΟΝ,2025-06-03,ΕΝΤΑΛΜΑ ΠΛΗΡΩΜΗΣ ΕΛΛΗΝΙΚΑ ΚΑΥΣΙΜΑ ΟΡΥΚΤΕΛΑΙΑ ΜΟΝΟΠΡ.ΑΝΩΝ.ΒΙΟΜΗΧ.  ΕΜΠΟΡ.ΕΤΑΙΡΕΙΑ (094010146),094010146,ΕΛΛΗΝΙΚΑ ΚΑΥΣΙΜΑ ΟΡΥΚΤΕΛΑΙΑ ΜΟΝΟΠΡ.ΑΝΩΝ.ΒΙΟΜΗΧ.  ΕΜΠΟΡ.ΕΤΑΙΡΕΙΑ (094010146),40009.49,,
6ΣΧ24690ΒΧ-ΓΘΝ,2025-06-03,ΕΝΤΑΛΜΑ ΠΛΗΡΩΜΗΣ ΔΙΣΝΙΤΣΑΣ ΛΕΩΝΙΔΑΣ (029818051),029818051,ΔΙΣΝΙΤΣΑΣ ΛΕΩΝΙΔΑΣ (029818051),7910.11,,
ΨΤΝΧ4690ΒΧ-4Λ9,2025-06-03,ΕΝΤΑΛΜΑ ΠΛΗΡΩΜΗΣ ΔΗΜ.ΕΠΙΧ/ΣΗ ΗΛΕΚΤΡΙΣΜΟΥ ΑΕ (090000045),090000045,ΔΗΜ.ΕΠΙΧ/ΣΗ ΗΛΕΚΤΡΙΣΜΟΥ ΑΕ (090000045),188051.02,,
ΨΦΤ24690ΒΧ-ΛΧ3,2025-05-30,ΕΝΤΑΛΜΑ ΠΛΗΡΩΜΗΣ PUBLIC AUDIT SERVICES E.E. (802035894),802035894,PUBLIC AUDIT SERVICES E.E. (802035894),2604.0,,
9ΠΠΞ4690ΒΧ-ΜΚΦ,2025-05-30,ΕΝΤΑΛΜΑ ΠΛΗΡΩΜΗΣ HOSPITECNICA ΕΠΕ (095526068),095526068,HOSPITECNICA ΕΠΕ (095526068),5532.88,,
63ΖΖ4690ΒΧ-6Ε7,2025-05-30,ΕΝΤΑΛΜΑ ΠΛΗΡΩΜΗΣ BUSE GAS A.E (997598041),997598041,BUSE GAS A.E (997598041),1419.8,,
ΨΔΩΠ4690ΒΧ-9ΝΒ,2025-05-30,ΕΝΤΑΛΜΑ ΠΛΗΡΩΜΗΣ BUSE GAS A.E (997598041),997598041,BUSE GAS A.E (997598041),895.99,,
ΡΞΙΝ4690ΒΧ-Δ5Λ,2025-05-30,ΕΝΤΑΛΜΑ ΠΛΗΡΩΜΗΣ VETERY SERVICE HELLAS ΝΑΚΑΣ ΣΠΥΡΙΔΩΝ (061755570),061755570,VETERY SERVICE HELLAS ΝΑΚΑΣ ΣΠΥΡΙΔΩΝ (061755570),1625.0,,
ΡΨΕΒ4690ΒΧ-Φ8Π,2025-05-30,ΕΝΤΑΛΜΑ ΠΛΗΡΩΜΗΣ Payroll Software   Services Real Solutions Ι.Κ.Ε (800498280),800498280,Payroll Software   Services Real Solutions Ι.Κ.Ε (800498280),2873.7,,
ΨΤΙΨ4690ΒΧ-6ΓΖ,2025-05-30,ΕΝΤΑΛΜΑ ΠΛΗΡΩΜΗΣ Medtronic Hellas Ιατρικά Μηχανήματα Μονοπρόσωπη Α.Ε.Ε. (094498111),094498111,Medtronic Hellas Ιατρικά Μηχανήματα Μονοπρόσωπη Α.Ε.Ε. (094498111),1860.0,,
ΨΡΘ54690ΒΧ-ΜΘΣ,2025-05-30,ΕΝΤΑΛΜΑ ΠΛΗΡΩΜΗΣ KARL STORZ-ΕΝΔΟΣΚΟΠΙΑ ΕΛΛΑΔΟΣ Ε.Π.Ε (998361490),998361490,KARL STORZ-ΕΝΔΟΣΚΟΠΙΑ ΕΛΛΑΔΟΣ Ε.Π.Ε (998361490),2310.12,,
95ΓΚ4690ΒΧ-Π4Κ,2025-05-30,ΕΝΤΑΛΜΑ ΠΛΗΡΩΜΗΣ KARL STORZ-ΕΝΔΟΣΚΟΠΙΑ ΕΛΛΑΔΟΣ Ε.Π.Ε (998361490),998361490,KARL STORZ-ΕΝΔΟΣΚΟΠΙΑ ΕΛΛΑΔΟΣ Ε.Π.Ε (998361490),3868.8,,
9Ψ6Φ4690ΒΧ-97Ρ,2025-05-30,ΕΝΤΑΛΜΑ ΠΛΗΡΩΜΗΣ KARL STORZ-ΕΝΔΟΣΚΟΠΙΑ ΕΛΛΑΔΟΣ Ε.Π.Ε (998361490),998361490,KARL STORZ-ΕΝΔΟΣΚΟΠΙΑ ΕΛΛΑΔΟΣ Ε.Π.Ε (998361490),892.8,,
61ΒΓ4690ΒΧ-7ΦΝ,2025-05-30,ΕΝΤΑΛΜΑ ΠΛΗΡΩΜΗΣ KARL STORZ-ΕΝΔΟΣΚΟΠΙΑ ΕΛΛΑΔΟΣ Ε.Π.Ε (998361490),998361490,KARL STORZ-ΕΝΔΟΣΚΟΠΙΑ ΕΛΛΑΔΟΣ Ε.Π.Ε (998361490),1798.25,,
95ΙΞ4690ΒΧ-0ΣΞ,2025-05-30,ΕΝΤΑΛΜΑ ΠΛΗΡΩΜΗΣ INTER MEDICA ΕΜΜ.Τ.ΤΖΑΝΙΔΑΚΗΣ (011651035),011651035,INTER MEDICA ΕΜΜ.Τ.ΤΖΑΝΙΔΑΚΗΣ (011651035),124.0,,
ΡΓΘΔ4690ΒΧ-Ρ6Φ,2025-05-30,ΕΝΤΑΛΜΑ ΠΛΗΡΩΜΗΣ INTER MEDICA ΕΜΜ.Τ.ΤΖΑΝΙΔΑΚΗΣ (011651035),011651035,INTER MEDICA ΕΜΜ.Τ.ΤΖΑΝΙΔΑΚΗΣ (011651035),1442.12,,
ΡΞ1Μ4690ΒΧ-ΒΛΥ,2025-05-30,ΕΝΤΑΛΜΑ ΠΛΗΡΩΜΗΣ TYPO-CENTER ΓΕΡ.ΒΕΡΓΙΝΗΣ (028558054),028558054,TYPO-CENTER ΓΕΡ.ΒΕΡΓΙΝΗΣ (028558054),214.58,,
93ΛΗ4690ΒΧ-ΝΡΞ,2025-05-30,ΕΝΤΑΛΜΑ ΠΛΗΡΩΜΗΣ ΨΗΛΙΑΚΟΣ ΛΕΩΝΙΔΑΣ   ΣΙΑ (999495127),999495127,ΨΗΛΙΑΚΟΣ ΛΕΩΝΙΔΑΣ   ΣΙΑ (999495127),2083.2,,
9ΠΔΨ4690ΒΧ-ΝΧΝ,2025-05-30,ΕΝΤΑΛΜΑ ΠΛΗΡΩΜΗΣ ΕΛΕΝΗ ΠΑΠΑΕΥΑΓΓΕΛΟΥ (043698540),043698540,ΕΛΕΝΗ ΠΑΠΑΕΥΑΓΓΕΛΟΥ (043698540),5123.68,,
9ΓΥΨ4690ΒΧ-ΖΞΝ,2025-05-30,ΕΝΤΑΛΜΑ ΠΛΗΡΩΜΗΣ ΕΤΑΙΡΕΙΑ ΔΙΚΑΣΤΙΚΩΝ ΕΠΙΜΕΛΗΤΩΝ-ΕΥΔΟΚΙΑ ΜΑΣΟΥΡΑ-ΡΕΚΑΤΣΙΝΑ ΣΤΑΥΡΟΥΛΑ-ΤΖΕΦΡΙΟΣ ΓΕΩΡΓΙΟΣ (997917370),997917370,ΕΤΑΙΡΕΙΑ ΔΙΚΑΣΤΙΚΩΝ ΕΠΙΜΕΛΗΤΩΝ-ΕΥΔΟΚΙΑ ΜΑΣΟΥΡΑ-ΡΕΚΑΤΣΙΝΑ ΣΤΑΥΡΟΥΛΑ-ΤΖΕΦΡΙΟΣ ΓΕΩΡΓΙΟΣ (997917370),130.2,,
ΡΞΕ04690ΒΧ-4ΙΣ,2025-05-30,ΕΝΤΑΛΜΑ ΠΛΗΡΩΜΗΣ ΦΡΟΝΕΙΝ ΙΚΕ (800870900),800870900,ΦΡΟΝΕΙΝ ΙΚΕ (800870900),4340.0,,
99Ε74690ΒΧ-ΧΙΧ,2025-05-30,ΕΝΤΑΛΜΑ ΠΛΗΡΩΜΗΣ ΕΛΛΗΝ.ΕΠΙΤΡ.ΑΤΟΜΙΚΗΣ ΕΝΕΡΓΕΙΑΣ (090085792),090085792,ΕΛΛΗΝ.ΕΠΙΤΡ.ΑΤΟΜΙΚΗΣ ΕΝΕΡΓΕΙΑΣ (090085792),218.24,,
62Δ84690ΒΧ-ΚΒ5,2025-05-30,ΕΝΤΑΛΜΑ ΠΛΗΡΩΜΗΣ ΤΕΜΑΚ (094279934),094279934,ΤΕΜΑΚ (094279934),545.6,,
9ΙΓΘ4690ΒΧ-ΓΞΒ,2025-05-30,ΕΝΤΑΛΜΑ ΠΛΗΡΩΜΗΣ ΤΕΜΑΚ (094279934),094279934,ΤΕΜΑΚ (094279934),3850.2,,
ΨΤ9Δ4690ΒΧ-6ΗΧ,2025-05-30,ΕΝΤΑΛΜΑ ΠΛΗΡΩΜΗΣ ΤΕΜΑΚ (094279934),094279934,ΤΕΜΑΚ (094279934),5285.17,,
9ΣΤΔ4690ΒΧ-6ΔΝ,2025-05-30,ΕΝΤΑΛΜΑ ΠΛΗΡΩΜΗΣ ΑΓΚΦΑ - ΓΚΕΒΕΡΤ ΑΕΒΕ (094025805),094025805,ΑΓΚΦΑ - ΓΚΕΒΕΡΤ ΑΕΒΕ (094025805),1438.4,,
9ΩΖΝ4690ΒΧ-ΩΘΝ,2025-05-30,ΕΝΤΑΛΜΑ ΠΛΗΡΩΜΗΣ ΑΓΚΦΑ - ΓΚΕΒΕΡΤ ΑΕΒΕ (094025805),094025805,ΑΓΚΦΑ - ΓΚΕΒΕΡΤ ΑΕΒΕ (094025805),11353.74,,
ΡΒΔΥ4690ΒΧ-Ν95,2025-05-30,ΕΝΤΑΛΜΑ ΠΛΗΡΩΜΗΣ YΓΕΙΟΔΥΝΑΜΙΚΗ Α.Ε (997672386),997672386,YΓΕΙΟΔΥΝΑΜΙΚΗ Α.Ε (997672386),1500.65,,
Ψ3ΧΩ4690ΒΧ-ΡΟ6,2025-05-30,ΕΝΤΑΛΜΑ ΠΛΗΡΩΜΗΣ Δ. ΛΑΣΚΑΡΙΔΗΣ   ΣΙΑ ΟΕ (081795386),081795386,Δ. ΛΑΣΚΑΡΙΔΗΣ   ΣΙΑ ΟΕ (081795386),344.72,,
6ΣΧ54690ΒΧ-ΛΩ2,2025-05-30,ΕΝΤΑΛΜΑ ΠΛΗΡΩΜΗΣ Α.Μ.ΒΙΔΑΛΗΣ INTERNATIONAL ΙΚΕ (095185177),095185177,Α.Μ.ΒΙΔΑΛΗΣ INTERNATIONAL ΙΚΕ (095185177),226.82,,
9ΩΟΡ4690ΒΧ-ΜΦΖ,2025-05-30,ΕΝΤΑΛΜΑ ΠΛΗΡΩΜΗΣ ΟΔΟΝΤΟΠΡΟΜΗΘΕΥΤΙΚΗ ΓΕΩΡΓΑΚΑΣ ΚΩΝΣΤΑΝΤΙΝΟΣ (062216690),062216690,ΟΔΟΝΤΟΠΡΟΜΗΘΕΥΤΙΚΗ ΓΕΩΡΓΑΚΑΣ ΚΩΝΣΤΑΝΤΙΝΟΣ (062216690),210.8,,
Ψ04Ψ4690ΒΧ-ΠΤΚ,2025-05-30,ΕΝΤΑΛΜΑ ΠΛΗΡΩΜΗΣ ΟΔΟΝΤΟΠΡΟΜΗΘΕΥΤΙΚΗ ΓΕΩΡΓΑΚΑΣ ΚΩΝΣΤΑΝΤΙΝΟΣ (062216690),062216690,ΟΔΟΝΤΟΠΡΟΜΗΘΕΥΤΙΚΗ ΓΕΩΡΓΑΚΑΣ ΚΩΝΣΤΑΝΤΙΝΟΣ (062216690),74.4,,
9ΔΓΣ4690ΒΧ-ΤΩ7,2025-05-30,ΕΝΤΑΛΜΑ ΠΛΗΡΩΜΗΣ ΔΟΥΚΑΣ ΝΙΚΟΛΑΟΣ (049685100),049685100,ΔΟΥΚΑΣ ΝΙΚΟΛΑΟΣ (049685100),107.1,,
981Ω4690ΒΧ-ΘΤΦ,2025-05-30,ΕΝΤΑΛΜΑ ΠΛΗΡΩΜΗΣ ΝΟΣΟΚΟΜΕΙΑΚΗ ΓΡΑΜΜΗ Α.Ε (094396063),094396063,ΝΟΣΟΚΟΜΕΙΑΚΗ ΓΡΑΜΜΗ Α.Ε (094396063),10090.9,,
6ΗΞ04690ΒΧ-3ΒΝ,2025-05-30,ΕΝΤΑΛΜΑ ΠΛΗΡΩΜΗΣ ΝΟΣΟΚΟΜΕΙΑΚΗ ΓΡΑΜΜΗ Α.Ε (094396063),094396063,ΝΟΣΟΚΟΜΕΙΑΚΗ ΓΡΑΜΜΗ Α.Ε (094396063),7440.0,,
ΨΑΝΩ4690ΒΧ-Ν73,2025-05-30,ΕΝΤΑΛΜΑ ΠΛΗΡΩΜΗΣ ΝΟΣΟΚΟΜΕΙΑΚΗ ΓΡΑΜΜΗ Α.Ε (094396063),094396063,ΝΟΣΟΚΟΜΕΙΑΚΗ ΓΡΑΜΜΗ Α.Ε (094396063),74.4,,
65ΒΓ4690ΒΧ-Χ7Ψ,2025-05-30,ΕΝΤΑΛΜΑ ΠΛΗΡΩΜΗΣ ΑΤΟΜΙΚΗ ΦΡΟΝΤΙΔΑ ΑΒΕΕ (998476060),998476060,ΑΤΟΜΙΚΗ ΦΡΟΝΤΙΔΑ ΑΒΕΕ (998476060),885.48,,
Ρ1Κ94690ΒΧ-ΣΦΩ,2025-05-30,ΕΝΤΑΛΜΑ ΠΛΗΡΩΜΗΣ ΄΄ ΜΟΥΡΟΠΟΥΛΟΣ΄΄ ΒΙΟ/ΝΙΑ ΠΛΑΣΤΙΚΩΝ (081857450),081857450,΄΄ ΜΟΥΡΟΠΟΥΛΟΣ΄΄ ΒΙΟ/ΝΙΑ ΠΛΑΣΤΙΚΩΝ (081857450),1326.8,,
9ΑΨΟ4690ΒΧ-Μ07,2025-05-30,ΕΝΤΑΛΜΑ ΠΛΗΡΩΜΗΣ ΚΑΤΩΠΟΔΗΣ Μ.-ΚΑΒΒΑΔΑ Ε.Ε.Π.Ε. (997917019),997917019,ΚΑΤΩΠΟΔΗΣ Μ.-ΚΑΒΒΑΔΑ Ε.Ε.Π.Ε. (997917019),1594.54,,
Ρ61Ζ4690ΒΧ-ΔΤΑ,2025-05-30,ΕΝΤΑΛΜΑ ΠΛΗΡΩΜΗΣ ΚΑΤΩΠΟΔΗΣ Μ.-ΚΑΒΒΑΔΑ Ε.Ε.Π.Ε. (997917019),997917019,ΚΑΤΩΠΟΔΗΣ Μ.-ΚΑΒΒΑΔΑ Ε.Ε.Π.Ε. (997917019),1161.51,,
ΨΦΗΥ4690ΒΧ-0ΤΓ,2025-05-30,ΕΝΤΑΛΜΑ ΠΛΗΡΩΜΗΣ ΠΕΤΡΟΣ ΧΑΡ.ΚΟΣΜΙΔΗΣ   ΣΙΑ Ε.Ε. (999685389),999685389,ΠΕΤΡΟΣ ΧΑΡ.ΚΟΣΜΙΔΗΣ   ΣΙΑ Ε.Ε. (999685389),1337.87,,
65ΠΦ4690ΒΧ-Ω67,2025-05-30,ΕΝΤΑΛΜΑ ΠΛΗΡΩΜΗΣ ΠΕΤΡΟΣ ΧΑΡ.ΚΟΣΜΙΔΗΣ   ΣΙΑ Ε.Ε. (999685389),999685389,ΠΕΤΡΟΣ ΧΑΡ.ΚΟΣΜΙΔΗΣ   ΣΙΑ Ε.Ε. (999685389),943.61,,
ΨΩ7Γ4690ΒΧ-59Η,2025-05-30,ΕΝΤΑΛΜΑ ΠΛΗΡΩΜΗΣ ΠΕΤΡΟΣ ΧΑΡ.ΚΟΣΜΙΔΗΣ   ΣΙΑ Ε.Ε. (999685389),999685389,ΠΕΤΡΟΣ ΧΑΡ.ΚΟΣΜΙΔΗΣ   ΣΙΑ Ε.Ε. (999685389),86.8,,
6ΣΓΟ4690ΒΧ-80Σ,2025-06-03,ΕΝΤΑΛΜΑ ΠΛΗΡΩΜΗΣ CLEAN WASH EXPRESS ΜΟΝΟΠΡΟΣΩΠΗ Ι.Κ.Ε. (802560756),802560756,CLEAN WASH EXPRESS ΜΟΝΟΠΡΟΣΩΠΗ Ι.Κ.Ε. (802560756),1002.76,,
90Μ04690ΒΧ-Σ3Τ,2025-06-03,ΕΝΤΑΛΜΑ ΠΛΗΡΩΜΗΣ CLEAN WASH EXPRESS ΜΟΝΟΠΡΟΣΩΠΗ Ι.Κ.Ε. (802560756),802560756,CLEAN WASH EXPRESS ΜΟΝΟΠΡΟΣΩΠΗ Ι.Κ.Ε. (802560756),3412.31,,
Ρ05Γ4690ΒΧ-ΧΚ1,2025-06-03,ΕΝΤΑΛΜΑ ΠΛΗΡΩΜΗΣ CLEAN WASH EXPRESS ΜΟΝΟΠΡΟΣΩΠΗ Ι.Κ.Ε. (802560756),802560756,CLEAN WASH EXPRESS ΜΟΝΟΠΡΟΣΩΠΗ Ι.Κ.Ε. (802560756),4861.98,,
Ψ5ΝΙ4690ΒΧ-ΝΒΣ,2025-05-29,ΕΝΤΑΛΜΑ ΠΛΗΡΩΜΗΣ ΛΟΥΛΟΥΔΗΣ ΛΕΩΝΙΔΑΣ ΜΟΝ. ΙΚΕ (801458499),801458499,ΛΟΥΛΟΥΔΗΣ ΛΕΩΝΙΔΑΣ ΜΟΝ. ΙΚΕ (801458499),1488.0,,
98ΗΨ4690ΒΧ-ΤΜΞ,2025-05-29,ΕΝΤΑΛΜΑ ΠΛΗΡΩΜΗΣ SIEMENS HEALTHINEERS A.E. (094456875),094456875,SIEMENS HEALTHINEERS A.E. (094456875),8261.22,,
9Β7Ρ4690ΒΧ-ΒΦ3,2025-05-29,ΕΝΤΑΛΜΑ ΠΛΗΡΩΜΗΣ OTIS ΕΛΛΑΣ ΜΟΝΟΠΡΟΣΩΠΗ ΑΝΩΝ.ΒΙΟΜ.   ΕΜΠ.ΤΕΧΝ.ΕΤΑΙΡΕΙΑ (094208578),094208578,OTIS ΕΛΛΑΣ ΜΟΝΟΠΡΟΣΩΠΗ ΑΝΩΝ.ΒΙΟΜ.   ΕΜΠ.ΤΕΧΝ.ΕΤΑΙΡΕΙΑ (094208578),2335.34,,
6ΗΧΙ4690ΒΧ-1Υ5,2025-05-29,ΕΝΤΑΛΜΑ ΠΛΗΡΩΜΗΣ HEALTHCARE EXPERIENCE A.E ΟΛΟΚΛ.ΛΥΣ.ΙΑΤΡ. ΠΛ.ΙΑΤΡ.ΕΞ.-ΛΟΓ.  ΥΠΗΡ. (997800874),997800874,HEALTHCARE EXPERIENCE A.E ΟΛΟΚΛ.ΛΥΣ.ΙΑΤΡ. ΠΛ.ΙΑΤΡ.ΕΞ.-ΛΟΓ.  ΥΠΗΡ. (997800874),1023.0,,
6ΔΡΗ4690ΒΧ-ΗΤΔ,2025-05-29,ΕΝΤΑΛΜΑ ΠΛΗΡΩΜΗΣ COMPUTER SOLUTIONS ΑΝΩΝΥΜΗ (095403136),095403136,COMPUTER SOLUTIONS ΑΝΩΝΥΜΗ (095403136),3720.0,,
9ΒΗ34690ΒΧ-Α3Φ,2025-05-29,ΕΝΤΑΛΜΑ ΠΛΗΡΩΜΗΣ COMPUTER SOLUTIONS ΑΝΩΝΥΜΗ (095403136),095403136,COMPUTER SOLUTIONS ΑΝΩΝΥΜΗ (095403136),10457.32,,
ΨΚ9Β4690ΒΧ-ΡΨΒ,2025-05-29,ΕΝΤΑΛΜΑ ΠΛΗΡΩΜΗΣ AIMED ΙΑΤΡΙΚΟΣ ΕΞΟΠΛΙΣΜΟΣ (801420577),801420577,AIMED ΙΑΤΡΙΚΟΣ ΕΞΟΠΛΙΣΜΟΣ (801420577),297.6,,
9ΗΑΓ4690ΒΧ-ΣΟΞ,2025-05-09,ΕΝΤΑΛΜΑ ΠΛΗΡΩΜΗΣ ΚΑΛΤΕΚ ΜΟΝΟΠΡΟΣΩΠΗ Α.Ε. (999307110),999307110,ΚΑΛΤΕΚ ΜΟΝΟΠΡΟΣΩΠΗ Α.Ε. (999307110),4034.78,,
9ΣΤ54690ΒΧ-6Δ6,2025-05-09,ΕΝΤΑΛΜΑ ΠΛΗΡΩΜΗΣ ΚΑΛΤΕΚ ΜΟΝΟΠΡΟΣΩΠΗ Α.Ε. (999307110),999307110,ΚΑΛΤΕΚ ΜΟΝΟΠΡΟΣΩΠΗ Α.Ε. (999307110),4034.78,,
9ΜΥΓ4690ΒΧ-ΖΒ0,2025-05-09,ΕΝΤΑΛΜΑ ΠΛΗΡΩΜΗΣ ΚΑΛΤΕΚ ΜΟΝΟΠΡΟΣΩΠΗ Α.Ε. (999307110),999307110,ΚΑΛΤΕΚ ΜΟΝΟΠΡΟΣΩΠΗ Α.Ε. (999307110),2777.6,,
6ΖΙ94690ΒΧ-9ΩΡ,2025-05-09,ΕΝΤΑΛΜΑ ΠΛΗΡΩΜΗΣ ΚΑΛΤΕΚ ΜΟΝΟΠΡΟΣΩΠΗ Α.Ε. (999307110),999307110,ΚΑΛΤΕΚ ΜΟΝΟΠΡΟΣΩΠΗ Α.Ε. (999307110),667.12,,
9ΤΩ24690ΒΧ-ΕΚΙ,2025-05-09,ΕΝΤΑΛΜΑ ΠΛΗΡΩΜΗΣ ΚΑΛΤΕΚ ΜΟΝΟΠΡΟΣΩΠΗ Α.Ε. (999307110),999307110,ΚΑΛΤΕΚ ΜΟΝΟΠΡΟΣΩΠΗ Α.Ε. (999307110),1041.6,,
9ΓΔ94690ΒΧ-ΥΤΣ,2025-05-05,ΕΝΤΑΛΜΑ ΠΛΗΡΩΜΗΣ ΒΙΟΣΕΡ ΑΕ (094035927),094035927,ΒΙΟΣΕΡ ΑΕ (094035927),4814.46,,
Ψ5Υ34690ΒΧ-6Ψ6,2025-05-09,ΕΝΤΑΛΜΑ ΠΛΗΡΩΜΗΣ ΚΑΛΤΕΚ ΜΟΝΟΠΡΟΣΩΠΗ Α.Ε. (999307110),999307110,ΚΑΛΤΕΚ ΜΟΝΟΠΡΟΣΩΠΗ Α.Ε. (999307110),4067.2,,
9ΦΧΝ4690ΒΧ-6ΨΙ,2025-04-30,ΕΝΤΑΛΜΑ ΠΛΗΡΩΜΗΣ ΑΝΑΣΤΑΣΙΟΣ ΜΑΥΡΟΓΕΝΗΣ Α.Ε. (082525697),082525697,ΑΝΑΣΤΑΣΙΟΣ ΜΑΥΡΟΓΕΝΗΣ Α.Ε. (082525697),273.46,,
627Γ4690ΒΧ-Ρ99,2025-04-30,ΕΝΤΑΛΜΑ ΠΛΗΡΩΜΗΣ ΑΝΑΣΤΑΣΙΟΣ ΜΑΥΡΟΓΕΝΗΣ Α.Ε. (082525697),082525697,ΑΝΑΣΤΑΣΙΟΣ ΜΑΥΡΟΓΕΝΗΣ Α.Ε. (082525697),4223.02,,
935Ρ4690ΒΧ-ΠΚΤ,2025-04-30,ΕΝΤΑΛΜΑ ΠΛΗΡΩΜΗΣ ΑΝΑΣΤΑΣΙΟΣ ΜΑΥΡΟΓΕΝΗΣ Α.Ε. (082525697),082525697,ΑΝΑΣΤΑΣΙΟΣ ΜΑΥΡΟΓΕΝΗΣ Α.Ε. (082525697),3550.43,,
9ΡΘ64690ΒΧ-Δ6Δ,2025-04-30,ΕΝΤΑΛΜΑ ΠΛΗΡΩΜΗΣ ΑΝΑΣΤΑΣΙΟΣ ΜΑΥΡΟΓΕΝΗΣ Α.Ε. (082525697),082525697,ΑΝΑΣΤΑΣΙΟΣ ΜΑΥΡΟΓΕΝΗΣ Α.Ε. (082525697),3320.9,,
91ΚΛ4690ΒΧ-ΠΣ6,2025-04-30,ΕΝΤΑΛΜΑ ΠΛΗΡΩΜΗΣ ΑΝΑΣΤΑΣΙΟΣ ΜΑΥΡΟΓΕΝΗΣ Α.Ε. (082525697),082525697,ΑΝΑΣΤΑΣΙΟΣ ΜΑΥΡΟΓΕΝΗΣ Α.Ε. (082525697),67.35,,
6ΙΧΞ4690ΒΧ-1ΟΞ,2025-04-30,ΕΝΤΑΛΜΑ ΠΛΗΡΩΜΗΣ ΑΝΑΣΤΑΣΙΟΣ ΜΑΥΡΟΓΕΝΗΣ Α.Ε. (082525697),082525697,ΑΝΑΣΤΑΣΙΟΣ ΜΑΥΡΟΓΕΝΗΣ Α.Ε. (082525697),4873.74,,
9ΦΘΟ4690ΒΧ-Θ5Λ,2025-04-30,ΕΝΤΑΛΜΑ ΠΛΗΡΩΜΗΣ ΑΝΑΣΤΑΣΙΟΣ ΜΑΥΡΟΓΕΝΗΣ Α.Ε. (082525697),082525697,ΑΝΑΣΤΑΣΙΟΣ ΜΑΥΡΟΓΕΝΗΣ Α.Ε. (082525697),7085.36,,
ΨΤΒ44690ΒΧ-ΖΩΩ,2025-04-30,ΕΝΤΑΛΜΑ ΠΛΗΡΩΜΗΣ ΑΝΑΣΤΑΣΙΟΣ ΜΑΥΡΟΓΕΝΗΣ Α.Ε. (082525697),082525697,ΑΝΑΣΤΑΣΙΟΣ ΜΑΥΡΟΓΕΝΗΣ Α.Ε. (082525697),1284.25,,
6ΖΖΠ4690ΒΧ-706,2025-04-30,ΕΝΤΑΛΜΑ ΠΛΗΡΩΜΗΣ ΑΝΑΣΤΑΣΙΟΣ ΜΑΥΡΟΓΕΝΗΣ Α.Ε. (082525697),082525697,ΑΝΑΣΤΑΣΙΟΣ ΜΑΥΡΟΓΕΝΗΣ Α.Ε. (082525697),6150.4,,
9ΕΒΕ4690ΒΧ-ΠΚΝ,2025-05-09,ΕΝΤΑΛΜΑ ΠΛΗΡΩΜΗΣ Trauma Care Μονοπρόσωπη ΕΠΕ (800811818),800811818,Trauma Care Μονοπρόσωπη ΕΠΕ (800811818),4417.22,,
97ΩΔ4690ΒΧ-ΠΜΕ,2025-05-09,ΕΝΤΑΛΜΑ ΠΛΗΡΩΜΗΣ Trauma Care Μονοπρόσωπη ΕΠΕ (800811818),800811818,Trauma Care Μονοπρόσωπη ΕΠΕ (800811818),2354.28,,
9ΘΝΔ4690ΒΧ-ΘΛΡ,2025-05-09,ΕΝΤΑΛΜΑ ΠΛΗΡΩΜΗΣ Trauma Care Μονοπρόσωπη ΕΠΕ (800811818),800811818,Trauma Care Μονοπρόσωπη ΕΠΕ (800811818),3230.96,,
ΨΚΨΙ4690ΒΧ-ΩΕ4,2025-05-07,ΕΝΤΑΛΜΑ ΠΛΗΡΩΜΗΣ MILONAS HEALTH A.E. (998179225),998179225,MILONAS HEALTH A.E. (998179225),263.44,,
ΨΛΚ94690ΒΧ-Φ7Ω,2025-05-07,ΕΝΤΑΛΜΑ ΠΛΗΡΩΜΗΣ MILONAS HEALTH A.E. (998179225),998179225,MILONAS HEALTH A.E. (998179225),723.1,,
6Θ104690ΒΧ-Ξ67,2025-05-07,ΕΝΤΑΛΜΑ ΠΛΗΡΩΜΗΣ MILONAS HEALTH A.E. (998179225),998179225,MILONAS HEALTH A.E. (998179225),2321.4,,
6ΥΦ04690ΒΧ-7ΒΞ,2025-05-07,ΕΝΤΑΛΜΑ ΠΛΗΡΩΜΗΣ MILONAS HEALTH A.E. (998179225),998179225,MILONAS HEALTH A.E. (998179225),358.98,,
9ΗΟΟ4690ΒΧ-Φ54,2025-05-07,ΕΝΤΑΛΜΑ ΠΛΗΡΩΜΗΣ MILONAS HEALTH A.E. (998179225),998179225,MILONAS HEALTH A.E. (998179225),3004.04,,
Ψ1ΗΤ4690ΒΧ-ΔΝΑ,2025-05-07,ΕΝΤΑΛΜΑ ΠΛΗΡΩΜΗΣ MILONAS HEALTH A.E. (998179225),998179225,MILONAS HEALTH A.E. (998179225),1838.75,,
61ΣΓ4690ΒΧ-ΨΟΒ,2025-05-09,ΕΝΤΑΛΜΑ ΠΛΗΡΩΜΗΣ LS.MED M. Ε.Π.Ε (800862068),800862068,LS.MED M. Ε.Π.Ε (800862068),2090.5,,
ΨΓ9Ω4690ΒΧ-ΧΩΒ,2025-05-09,ΕΝΤΑΛΜΑ ΠΛΗΡΩΜΗΣ LS.MED M. Ε.Π.Ε (800862068),800862068,LS.MED M. Ε.Π.Ε (800862068),76.84,,
Ψ12Ψ4690ΒΧ-Α71,2025-05-09,ΕΝΤΑΛΜΑ ΠΛΗΡΩΜΗΣ LS.MED M. Ε.Π.Ε (800862068),800862068,LS.MED M. Ε.Π.Ε (800862068),4896.29,,
ΨΤΟΝ4690ΒΧ-Γ4Σ,2025-05-12,ΕΝΤΑΛΜΑ ΠΛΗΡΩΜΗΣ Health and Iasis Medical Products (800572342),800572342,Health and Iasis Medical Products (800572342),2768.54,,
6ΙΝΕ4690ΒΧ-ΕΜΝ,2025-05-12,ΕΝΤΑΛΜΑ ΠΛΗΡΩΜΗΣ Health and Iasis Medical Products (800572342),800572342,Health and Iasis Medical Products (800572342),4465.65,,
9ΗΣ44690ΒΧ-ΤΧΣ,2025-05-07,ΕΝΤΑΛΜΑ ΠΛΗΡΩΜΗΣ Drager Hellas S.A. (997799268),997799268,Drager Hellas S.A. (997799268),5828.0,,
9ΛΦΑ4690ΒΧ-ΣΟΒ,2025-05-09,ΕΝΤΑΛΜΑ ΠΛΗΡΩΜΗΣ DMPS LTD (998333221),998333221,DMPS LTD (998333221),2003.04,,
ΨΙ2Ζ4690ΒΧ-4Θ8,2025-05-09,ΕΝΤΑΛΜΑ ΠΛΗΡΩΜΗΣ DMPS LTD (998333221),998333221,DMPS LTD (998333221),2864.76,,
Ψ9ΜΖ4690ΒΧ-ΘΕΨ,2025-05-09,ΕΝΤΑΛΜΑ ΠΛΗΡΩΜΗΣ DMPS LTD (998333221),998333221,DMPS LTD (998333221),1071.24,,
62ΤΞ4690ΒΧ-ΠΜΧ,2025-05-09,ΕΝΤΑΛΜΑ ΠΛΗΡΩΜΗΣ BIOGENESYS IKE (099805952),099805952,BIOGENESYS IKE (099805952),2575.27,,
68ΘΞ4690ΒΧ-ΛΙΓ,2025-05-09,ΕΝΤΑΛΜΑ ΠΛΗΡΩΜΗΣ BIOGENESYS IKE (099805952),099805952,BIOGENESYS IKE (099805952),2661.15,,
ΨΗΛΔ4690ΒΧ-8ΛΙ,2025-05-09,ΕΝΤΑΛΜΑ ΠΛΗΡΩΜΗΣ BIOGENESYS IKE (099805952),099805952,BIOGENESYS IKE (099805952),4135.8,,
Ψ8504690ΒΧ-ΩΓΩ,2025-05-09,ΕΝΤΑΛΜΑ ΠΛΗΡΩΜΗΣ BIOGENESYS IKE (099805952),099805952,BIOGENESYS IKE (099805952),4776.51,,
ΨΚΣΥ4690ΒΧ-ΖΙΟ,2025-05-09,ΕΝΤΑΛΜΑ ΠΛΗΡΩΜΗΣ BIOGENESYS IKE (099805952),099805952,BIOGENESYS IKE (099805952),7655.75,,
ΡΨ4Ι4690ΒΧ-ΒΘΟ,2025-05-14,ΕΝΤΑΛΜΑ ΠΛΗΡΩΜΗΣ Λεωνίδας Ψωμόπουλος   ΣΙΑ Ε.Ε. (998810619),998810619,Λεωνίδας Ψωμόπουλος   ΣΙΑ Ε.Ε. (998810619),15.61,,
ΨΧΟΞ4690ΒΧ-ΡΦΚ,2025-05-14,ΕΝΤΑΛΜΑ ΠΛΗΡΩΜΗΣ ΖΑΒΙΤΣΑΝΟΣ ΙΩΑΝΝΗΣ ΑΠΟΣΤ. (010138137),010138137,ΖΑΒΙΤΣΑΝΟΣ ΙΩΑΝΝΗΣ ΑΠΟΣΤ. (010138137),1800.0,,
6ΘΜ04690ΒΧ-ΡΚΓ,2025-05-27,ΕΝΤΑΛΜΑ ΠΛΗΡΩΜΗΣ ΑΝΤΩΝΙΟΥ ΑΝΑΣΤΑΣΙΟΣ. (037804789),037804789,ΑΝΤΩΝΙΟΥ ΑΝΑΣΤΑΣΙΟΣ. (037804789),483.39,,
9ΠΓ74690ΒΧ-2ΗΛ,2025-05-27,ΕΝΤΑΛΜΑ ΠΛΗΡΩΜΗΣ INTERLIFE ΑΣΦΑΛΙΣΤΙΚΗ (094342626),094342626,INTERLIFE ΑΣΦΑΛΙΣΤΙΚΗ (094342626),334.98,,
ΨΔΩΒ4690ΒΧ-Γ0Ν,2025-05-12,ΕΝΤΑΛΜΑ ΠΛΗΡΩΜΗΣ ALLMED E.E. (997564511),997564511,ALLMED E.E. (997564511),3478.14,,
ΨΓΚΞ4690ΒΧ-5ΒΘ,2025-05-12,ΕΝΤΑΛΜΑ ΠΛΗΡΩΜΗΣ ALLMED E.E. (997564511),997564511,ALLMED E.E. (997564511),1159.38,,
93Π74690ΒΧ-Υ2Θ,2025-05-13,ΕΝΤΑΛΜΑ ΠΛΗΡΩΜΗΣ ΜΠΑΛΑΣΚΑΣ ΓΕΩΡΓΙΟΣ (073571028),073571028,ΜΠΑΛΑΣΚΑΣ ΓΕΩΡΓΙΟΣ (073571028),1385.46,,
Ψ8ΕΥ4690ΒΧ-Ρ3Φ,2025-05-07,ΕΝΤΑΛΜΑ ΠΛΗΡΩΜΗΣ ΕΙΡΗΝΗ ΙΩΑΚΕΙΜ   ΣΙΑ Ε.Ε (998696382),998696382,ΕΙΡΗΝΗ ΙΩΑΚΕΙΜ   ΣΙΑ Ε.Ε (998696382),2486.0,,
ΨΡΘΨ4690ΒΧ-ΔΧΞ,2025-05-09,ΕΝΤΑΛΜΑ ΠΛΗΡΩΜΗΣ Medical Dynamics A.E. (801725809),801725809,Medical Dynamics A.E. (801725809),1988.8,,
6Ζ244690ΒΧ-ΗΜ7,2025-05-13,ΕΝΤΑΛΜΑ ΠΛΗΡΩΜΗΣ ΝΙΚΑΙΑ ΤΡΟΦΟΔΟΣΙΕΣ ΜΟΝΟΠΡΟΣΩΠΗ ΙΚΕ (801393800),801393800,ΝΙΚΑΙΑ ΤΡΟΦΟΔΟΣΙΕΣ ΜΟΝΟΠΡΟΣΩΠΗ ΙΚΕ (801393800),1246.32,,
9Υ0Ν4690ΒΧ-ΚΨΥ,2025-05-13,ΕΝΤΑΛΜΑ ΠΛΗΡΩΜΗΣ ΚΟΝΤΟΓΙΑΝΝΗ ΟΥΡΑΝΙΑ (301366552),301366552,ΚΟΝΤΟΓΙΑΝΝΗ ΟΥΡΑΝΙΑ (301366552),293.49,,
930Δ4690ΒΧ-3ΨΔ,2025-05-13,ΕΝΤΑΛΜΑ ΠΛΗΡΩΜΗΣ ΚΟΝΤΟΓΙΑΝΝΗ ΟΥΡΑΝΙΑ (301366552),301366552,ΚΟΝΤΟΓΙΑΝΝΗ ΟΥΡΑΝΙΑ (301366552),1166.01,,
6Γ0Α4690ΒΧ-ΥΧΔ,2025-05-13,ΕΝΤΑΛΜΑ ΠΛΗΡΩΜΗΣ ΜΠΑΛΑΣΚΑΣ ΓΕΩΡΓΙΟΣ (073571028),073571028,ΜΠΑΛΑΣΚΑΣ ΓΕΩΡΓΙΟΣ (073571028),1355.87,,
Ψ71Π4690ΒΧ-ΔΡΨ,2025-05-12,ΕΝΤΑΛΜΑ ΠΛΗΡΩΜΗΣ ΝΚ ΤΕΧΝΙΚΗ ΕΝΕΡΓΕΙΑΚΗ Ε.Ε. (997915143),997915143,ΝΚ ΤΕΧΝΙΚΗ ΕΝΕΡΓΕΙΑΚΗ Ε.Ε. (997915143),1068.58,,
9ΨΛΩ4690ΒΧ-3ΤΚ,2025-05-12,ΕΝΤΑΛΜΑ ΠΛΗΡΩΜΗΣ ΝΚ ΤΕΧΝΙΚΗ ΕΝΕΡΓΕΙΑΚΗ Ε.Ε. (997915143),997915143,ΝΚ ΤΕΧΝΙΚΗ ΕΝΕΡΓΕΙΑΚΗ Ε.Ε. (997915143),354.81,,
6ΞΤ94690ΒΧ-5ΗΡ,2025-05-12,ΕΝΤΑΛΜΑ ΠΛΗΡΩΜΗΣ SALUS MED ΙΚΕ (801431402),801431402,SALUS MED ΙΚΕ (801431402),904.0,,
90Η14690ΒΧ-ΞΥΔ,2025-05-09,ΕΝΤΑΛΜΑ ΠΛΗΡΩΜΗΣ ΙΑΤΡΙΚΑ ΒΟΗΘΗΜΑΤΑ Ι.Κ.Ε (999815729),999815729,ΙΑΤΡΙΚΑ ΒΟΗΘΗΜΑΤΑ Ι.Κ.Ε (999815729),52.2,,
9ΛΚΞ4690ΒΧ-ΕΝΦ,2025-05-09,ΕΝΤΑΛΜΑ ΠΛΗΡΩΜΗΣ ΟΡΑΜΑ Α.Ε. (999873782),999873782,ΟΡΑΜΑ Α.Ε. (999873782),440.7,,
6ΔΚΠ4690ΒΧ-8ΧΤ,2025-04-30,ΕΝΤΑΛΜΑ ΠΛΗΡΩΜΗΣ ΑΝΑΣΤΑΣΙΟΣ ΜΑΥΡΟΓΕΝΗΣ Α.Ε. (082525697),082525697,ΑΝΑΣΤΑΣΙΟΣ ΜΑΥΡΟΓΕΝΗΣ Α.Ε. (082525697),3318.4,,
ΨΙΟΨ4690ΒΧ-ΛΦΙ,2025-04-30,ΕΝΤΑΛΜΑ ΠΛΗΡΩΜΗΣ ΑΝΑΣΤΑΣΙΟΣ ΜΑΥΡΟΓΕΝΗΣ Α.Ε. (082525697),082525697,ΑΝΑΣΤΑΣΙΟΣ ΜΑΥΡΟΓΕΝΗΣ Α.Ε. (082525697),2068.32,,
ΨΞΩΣ4690ΒΧ-Σ6Δ,2025-05-07,ΕΝΤΑΛΜΑ ΠΛΗΡΩΜΗΣ YΓΕΙΟΔΥΝΑΜΙΚΗ Α.Ε (997672386),997672386,YΓΕΙΟΔΥΝΑΜΙΚΗ Α.Ε (997672386),520.8,,
95574690ΒΧ-ΝΣΖ,2025-05-07,ΕΝΤΑΛΜΑ ΠΛΗΡΩΜΗΣ YΓΕΙΟΔΥΝΑΜΙΚΗ Α.Ε (997672386),997672386,YΓΕΙΟΔΥΝΑΜΙΚΗ Α.Ε (997672386),47.12,,
9Χ4Ζ4690ΒΧ-Θ49,2025-05-07,ΕΝΤΑΛΜΑ ΠΛΗΡΩΜΗΣ YΓΕΙΟΔΥΝΑΜΙΚΗ Α.Ε (997672386),997672386,YΓΕΙΟΔΥΝΑΜΙΚΗ Α.Ε (997672386),1923.24,,
9ΥΤΗ4690ΒΧ-7ΙΧ,2025-05-06,ΕΝΤΑΛΜΑ ΠΛΗΡΩΜΗΣ MEDLINE MEDICAL PRODUCTS O.E. (082384884),082384884,MEDLINE MEDICAL PRODUCTS O.E. (082384884),1711.2,,
9ΙΦΣ4690ΒΧ-ΟΗΞ,2025-05-06,ΕΝΤΑΛΜΑ ΠΛΗΡΩΜΗΣ Medical Point .ΧΡ.ΜΟΥΤΑΦΗΣ Ε.Ε (998630320),998630320,Medical Point .ΧΡ.ΜΟΥΤΑΦΗΣ Ε.Ε (998630320),1789.28,,
9ΝΕΟ4690ΒΧ-Ι7Ζ,2025-05-06,ΕΝΤΑΛΜΑ ΠΛΗΡΩΜΗΣ Medical Point .ΧΡ.ΜΟΥΤΑΦΗΣ Ε.Ε (998630320),998630320,Medical Point .ΧΡ.ΜΟΥΤΑΦΗΣ Ε.Ε (998630320),341.25,,
92ΟΜ4690ΒΧ-1Η7,2025-05-06,ΕΝΤΑΛΜΑ ΠΛΗΡΩΜΗΣ Medical Point .ΧΡ.ΜΟΥΤΑΦΗΣ Ε.Ε (998630320),998630320,Medical Point .ΧΡ.ΜΟΥΤΑΦΗΣ Ε.Ε (998630320),358.53,,
6ΥΗΜ4690ΒΧ-ΛΑΦ,2025-05-06,ΕΝΤΑΛΜΑ ΠΛΗΡΩΜΗΣ LERIVA Α.Ε. (997985840),997985840,LERIVA Α.Ε. (997985840),2892.18,,
ΨΓ674690ΒΧ-ΒΜΛ,2025-05-07,ΕΝΤΑΛΜΑ ΠΛΗΡΩΜΗΣ ΄΄ ΜΟΥΡΟΠΟΥΛΟΣ΄΄ ΒΙΟ/ΝΙΑ ΠΛΑΣΤΙΚΩΝ (081857450),081857450,΄΄ ΜΟΥΡΟΠΟΥΛΟΣ΄΄ ΒΙΟ/ΝΙΑ ΠΛΑΣΤΙΚΩΝ (081857450),2653.6,,
97ΜΕ4690ΒΧ-Ψ24,2025-05-07,ΕΝΤΑΛΜΑ ΠΛΗΡΩΜΗΣ a V.I.PHARMA INTERNATIONAL Α.Ε (999076399),999076399,a V.I.PHARMA INTERNATIONAL Α.Ε (999076399),339.2,,
ΡΕΖΘ4690ΒΧ-ΧΒΨ,2025-05-06,ΕΝΤΑΛΜΑ ΠΛΗΡΩΜΗΣ TELEFLEX MEDICAL ΕΛΛΑΣ ΑΕΕ (094429990),094429990,TELEFLEX MEDICAL ΕΛΛΑΣ ΑΕΕ (094429990),169.5,,
ΡΔΨΦ4690ΒΧ-ΣΞΓ,2025-05-07,ΕΝΤΑΛΜΑ ΠΛΗΡΩΜΗΣ Johnson   Johnson Medical Greece Μονοπρόσωπη Α.Ε. (801858262),801858262,Johnson   Johnson Medical Greece Μονοπρόσωπη Α.Ε. (801858262),1043.6,,
9ΒΖΛ4690ΒΧ-Ζ1Ξ,2025-05-07,ΕΝΤΑΛΜΑ ΠΛΗΡΩΜΗΣ Johnson   Johnson Medical Greece Μονοπρόσωπη Α.Ε. (801858262),801858262,Johnson   Johnson Medical Greece Μονοπρόσωπη Α.Ε. (801858262),284.76,,
94Υ14690ΒΧ-ΩΗΖ,2025-05-07,ΕΝΤΑΛΜΑ ΠΛΗΡΩΜΗΣ INSIDE ΙΑΤΡΙΚΕΣ ΤΕΧΝΟΛΟΓΙΕΣ ΜΟΝΟΠΡΟΣΩΠΗ Ι.Κ.Ε. (800777790),800777790,INSIDE ΙΑΤΡΙΚΕΣ ΤΕΧΝΟΛΟΓΙΕΣ ΜΟΝΟΠΡΟΣΩΠΗ Ι.Κ.Ε. (800777790),1023.24,,
Ψ67Σ4690ΒΧ-1ΔΧ,2025-05-07,ΕΝΤΑΛΜΑ ΠΛΗΡΩΜΗΣ INSIDE ΙΑΤΡΙΚΕΣ ΤΕΧΝΟΛΟΓΙΕΣ ΜΟΝΟΠΡΟΣΩΠΗ Ι.Κ.Ε. (800777790),800777790,INSIDE ΙΑΤΡΙΚΕΣ ΤΕΧΝΟΛΟΓΙΕΣ ΜΟΝΟΠΡΟΣΩΠΗ Ι.Κ.Ε. (800777790),330.86,,
ΡΘΡΑ4690ΒΧ-ΒΛΕ,2025-05-07,ΕΝΤΑΛΜΑ ΠΛΗΡΩΜΗΣ Heraeus Hellas Μ. ΕΠΕ (998858098),998858098,Heraeus Hellas Μ. ΕΠΕ (998858098),515.28,,
6ΓΑΘ4690ΒΧ-Ν3Μ,2025-05-07,ΕΝΤΑΛΜΑ ΠΛΗΡΩΜΗΣ ''BIOSENSE'' ΑΝΔΡΙΩΤΗ Ε   ΣΙΑ Ε.Ε. (800366706),800366706,''BIOSENSE'' ΑΝΔΡΙΩΤΗ Ε   ΣΙΑ Ε.Ε. (800366706),818.4,,
6ΓΓ34690ΒΧ-Α33,2025-05-07,ΕΝΤΑΛΜΑ ΠΛΗΡΩΜΗΣ ΨΗΛΙΑΚΟΣ ΛΕΩΝΙΔΑΣ   ΣΙΑ (999495127),999495127,ΨΗΛΙΑΚΟΣ ΛΕΩΝΙΔΑΣ   ΣΙΑ (999495127),372.0,,
ΡΘΠΦ4690ΒΧ-Ι23,2025-05-07,ΕΝΤΑΛΜΑ ΠΛΗΡΩΜΗΣ ΧΑΤΖΗΑΝΑΣΤΑΣΙΟΥ Χ.  ΣΙΑ Ο.Ε (999735059),999735059,ΧΑΤΖΗΑΝΑΣΤΑΣΙΟΥ Χ.  ΣΙΑ Ο.Ε (999735059),120.44,,
ΡΣΞΔ4690ΒΧ-58Ε,2025-05-07,ΕΝΤΑΛΜΑ ΠΛΗΡΩΜΗΣ Κωστας Α.Παπαέλληνας(ΕλλάςΑΕΒΕ) (094075360),094075360,Κωστας Α.Παπαέλληνας(ΕλλάςΑΕΒΕ) (094075360),758.22,,
ΡΠΧΕ4690ΒΧ-ΗΛ7,2025-05-07,ΕΝΤΑΛΜΑ ΠΛΗΡΩΜΗΣ Κωστας Α.Παπαέλληνας(ΕλλάςΑΕΒΕ) (094075360),094075360,Κωστας Α.Παπαέλληνας(ΕλλάςΑΕΒΕ) (094075360),90.4,,
9ΝΦ24690ΒΧ-964,2025-05-06,ΕΝΤΑΛΜΑ ΠΛΗΡΩΜΗΣ ΕΝΟΡΑΣΙΣ Α.Ε. (094503580),094503580,ΕΝΟΡΑΣΙΣ Α.Ε. (094503580),669.1,,
6ΓΔΣ4690ΒΧ-1ΗΧ,2025-05-06,ΕΝΤΑΛΜΑ ΠΛΗΡΩΜΗΣ ΕΝΟΡΑΣΙΣ Α.Ε. (094503580),094503580,ΕΝΟΡΑΣΙΣ Α.Ε. (094503580),33.9,,
ΨΤΦΟ4690ΒΧ-91Θ,2025-05-06,ΕΝΤΑΛΜΑ ΠΛΗΡΩΜΗΣ ΕΝΟΡΑΣΙΣ Α.Ε. (094503580),094503580,ΕΝΟΡΑΣΙΣ Α.Ε. (094503580),1003.66,,
ΡΤΒΟ4690ΒΧ-ΒΗ8,2025-05-06,ΕΝΤΑΛΜΑ ΠΛΗΡΩΜΗΣ ΕΛΛΕΝΚΟ Α.Ε. (094074824),094074824,ΕΛΛΕΝΚΟ Α.Ε. (094074824),17.97,,
ΡΣ3Υ4690ΒΧ-ΝΚΒ,2025-05-06,ΕΝΤΑΛΜΑ ΠΛΗΡΩΜΗΣ ΕΛΛΕΝΚΟ Α.Ε. (094074824),094074824,ΕΛΛΕΝΚΟ Α.Ε. (094074824),162.76,,
954Θ4690ΒΧ-4ΝΙ,2025-05-06,ΕΝΤΑΛΜΑ ΠΛΗΡΩΜΗΣ ΕΛΛΕΝΚΟ Α.Ε. (094074824),094074824,ΕΛΛΕΝΚΟ Α.Ε. (094074824),177.91,,
ΡΓΧΦ4690ΒΧ-ΓΔΒ,2025-05-06,ΕΝΤΑΛΜΑ ΠΛΗΡΩΜΗΣ ΕΛΛΕΝΚΟ Α.Ε. (094074824),094074824,ΕΛΛΕΝΚΟ Α.Ε. (094074824),61.38,,
ΨΒΚΚ4690ΒΧ-Ε3Ζ,2025-05-06,ΕΝΤΑΛΜΑ ΠΛΗΡΩΜΗΣ ΕΛΛΕΝΚΟ Α.Ε. (094074824),094074824,ΕΛΛΕΝΚΟ Α.Ε. (094074824),167.25,,
9Χ3Ω4690ΒΧ-Υ9Ρ,2025-05-06,ΕΝΤΑΛΜΑ ΠΛΗΡΩΜΗΣ ΓΚΑΤΕΞ Α.Ε MEDICAL SUPLIES (093573836),093573836,ΓΚΑΤΕΞ Α.Ε MEDICAL SUPLIES (093573836),37.1,,
ΨΦ3Γ4690ΒΧ-ΧΗΦ,2025-05-07,ΕΝΤΑΛΜΑ ΠΛΗΡΩΜΗΣ ΒΙΟΔΥΝΑΜΙΚΗ ΑΕ (094138676),094138676,ΒΙΟΔΥΝΑΜΙΚΗ ΑΕ (094138676),652.24,,
Ψ94Ι4690ΒΧ-0Δ5,2025-05-07,ΕΝΤΑΛΜΑ ΠΛΗΡΩΜΗΣ ΒΑΣΙΛΙΚΗ ΤΣΙΜΠΡΗ   ΣΙΑ Ε.Ε (999333810),999333810,ΒΑΣΙΛΙΚΗ ΤΣΙΜΠΡΗ   ΣΙΑ Ε.Ε (999333810),124.32,,
9ΑΚ94690ΒΧ-8Ο5,2025-05-07,ΕΝΤΑΛΜΑ ΠΛΗΡΩΜΗΣ ΑΠ.ΘΩΜΑΔΑΚΗΣ   ΣΙΑ ΕΕ (998210454),998210454,ΑΠ.ΘΩΜΑΔΑΚΗΣ   ΣΙΑ ΕΕ (998210454),266.54,,
ΡΚΒ34690ΒΧ-ΩΡΣ,2025-05-07,ΕΝΤΑΛΜΑ ΠΛΗΡΩΜΗΣ ΑΝΑΣΤΑΣΙΟΣ ΔΙΓΚΑΣ Ι.Κ.Ε. (997826122),997826122,ΑΝΑΣΤΑΣΙΟΣ ΔΙΓΚΑΣ Ι.Κ.Ε. (997826122),10.01,,
ΡΒΧΖ4690ΒΧ-ΖΝΣ,2025-05-07,ΕΝΤΑΛΜΑ ΠΛΗΡΩΜΗΣ ΑΝΑΣΤΑΣΙΟΣ ΔΙΓΚΑΣ Ι.Κ.Ε. (997826122),997826122,ΑΝΑΣΤΑΣΙΟΣ ΔΙΓΚΑΣ Ι.Κ.Ε. (997826122),398.04,,
ΨΨΙΘ4690ΒΧ-ΦΞ1,2025-05-07,ΕΝΤΑΛΜΑ ΠΛΗΡΩΜΗΣ Α. ΤΡΙΑΝΤΑΦΥΛΛΟΠΟΥΛΟΣ Ε.Ε (800896490),800896490,Α. ΤΡΙΑΝΤΑΦΥΛΛΟΠΟΥΛΟΣ Ε.Ε (800896490),47.99,,
9ΜΔΔ4690ΒΧ-90Β,2025-05-02,ΕΝΤΑΛΜΑ ΠΛΗΡΩΜΗΣ ΓΕΝΙΚΗ ΧΗΜΙΚΩΝ ΠΡΟΙΟΝΤΩΝ Α.Ε (094133588),094133588,ΓΕΝΙΚΗ ΧΗΜΙΚΩΝ ΠΡΟΙΟΝΤΩΝ Α.Ε (094133588),3375.56,,
6ΖΒΘ4690ΒΧ-ΠΑΩ,2025-05-05,ΕΝΤΑΛΜΑ ΠΛΗΡΩΜΗΣ Σ.ΣΟΛΔΑΤΟΣ Ε.Π.Ε. (095451970),095451970,Σ.ΣΟΛΔΑΤΟΣ Ε.Π.Ε. (095451970),506.97,,
9ΗΡΞ4690ΒΧ-4ΧΨ,2025-05-05,ΕΝΤΑΛΜΑ ΠΛΗΡΩΜΗΣ Σ.ΣΟΛΔΑΤΟΣ Ε.Π.Ε. (095451970),095451970,Σ.ΣΟΛΔΑΤΟΣ Ε.Π.Ε. (095451970),1660.36,,
6ΜΡΞ4690ΒΧ-7ΟΕ,2025-05-05,ΕΝΤΑΛΜΑ ΠΛΗΡΩΜΗΣ ΜΑΥΡΟΥΔΗΣ Α.Ε (997998085),997998085,ΜΑΥΡΟΥΔΗΣ Α.Ε (997998085),168.64,,
ΨΟΔ24690ΒΧ-Ι86,2025-05-05,ΕΝΤΑΛΜΑ ΠΛΗΡΩΜΗΣ ΚΑΧΙΩΝΗΣ Α.Π.ΙΩΑΚΕΙΜΙΔΟΥ Ο.Ε KI-Constructions (998170464),998170464,ΚΑΧΙΩΝΗΣ Α.Π.ΙΩΑΚΕΙΜΙΔΟΥ Ο.Ε KI-Constructions (998170464),99.2,,
9ΡΒΜ4690ΒΧ-ΖΘ2,2025-05-05,ΕΝΤΑΛΜΑ ΠΛΗΡΩΜΗΣ ΔΕΛΤΑ ΙΑΤΡΙΚΗ Α.Ε. (094437130),094437130,ΔΕΛΤΑ ΙΑΤΡΙΚΗ Α.Ε. (094437130),409.2,,
9ΛΚΝ4690ΒΧ-ΨΒΠ,2025-05-05,ΕΝΤΑΛΜΑ ΠΛΗΡΩΜΗΣ ΑΦΟΙ ΠΑΠΑΝΑΣΤΑΣΙΟΥ Ο.Ε. (081308853),081308853,ΑΦΟΙ ΠΑΠΑΝΑΣΤΑΣΙΟΥ Ο.Ε. (081308853),264.12,,
65ΕΛ4690ΒΧ-3ΛΗ,2025-05-05,ΕΝΤΑΛΜΑ ΠΛΗΡΩΜΗΣ ΑΦΟΙ ΠΑΠΑΝΑΣΤΑΣΙΟΥ Ο.Ε. (081308853),081308853,ΑΦΟΙ ΠΑΠΑΝΑΣΤΑΣΙΟΥ Ο.Ε. (081308853),370.76,,
ΨΨΔ04690ΒΧ-3ΘΖ,2025-05-05,ΕΝΤΑΛΜΑ ΠΛΗΡΩΜΗΣ ΑΘΗΝΑ ΑΝΑΡ.ΒΕΡΡΟΙΟΠΟΥΛΟΥ (036144160),036144160,ΑΘΗΝΑ ΑΝΑΡ.ΒΕΡΡΟΙΟΠΟΥΛΟΥ (036144160),159.72,,
ΨΥ3Χ4690ΒΧ-ΙΛΨ,2025-05-05,ΕΝΤΑΛΜΑ ΠΛΗΡΩΜΗΣ klinikum plus Μονοπρόσωπη Ι.Κ.Ε (800888293),800888293,klinikum plus Μονοπρόσωπη Ι.Κ.Ε (800888293),1085.0,,
Ρ9ΟΤ4690ΒΧ-035,2025-05-05,ΕΝΤΑΛΜΑ ΠΛΗΡΩΜΗΣ THERMOGRAFICA HELLAS ΕΠΕ (095083787),095083787,THERMOGRAFICA HELLAS ΕΠΕ (095083787),93.0,,
93ΑΤ4690ΒΧ-79Π,2025-05-05,ΕΝΤΑΛΜΑ ΠΛΗΡΩΜΗΣ SIDAPHARM IKE (997296038),997296038,SIDAPHARM IKE (997296038),166.68,,
6ΣΝΝ4690ΒΧ-ΨΓΚ,2025-05-05,ΕΝΤΑΛΜΑ ΠΛΗΡΩΜΗΣ Rethink ΑΕΒΕ (999125269),999125269,Rethink ΑΕΒΕ (999125269),2525.88,,
6Θ6Ο4690ΒΧ-Ξ9Γ,2025-05-05,ΕΝΤΑΛΜΑ ΠΛΗΡΩΜΗΣ Rethink ΑΕΒΕ (999125269),999125269,Rethink ΑΕΒΕ (999125269),93.0,,
9ΤΑΗ4690ΒΧ-8ΓΞ,2025-05-05,ΕΝΤΑΛΜΑ ΠΛΗΡΩΜΗΣ Medtronic Hellas Ιατρικά Μηχανήματα Μονοπρόσωπη Α.Ε.Ε. (094498111),094498111,Medtronic Hellas Ιατρικά Μηχανήματα Μονοπρόσωπη Α.Ε.Ε. (094498111),1223.88,,
9Β2Γ4690ΒΧ-3ΗΙ,2025-05-05,ΕΝΤΑΛΜΑ ΠΛΗΡΩΜΗΣ ELECTROSTORM   ΣΙΑ  Ε.Ε. (802163799),802163799,ELECTROSTORM   ΣΙΑ  Ε.Ε. (802163799),35.34,,
ΨΚΝΦ4690ΒΧ-ΩΔ0,2025-05-05,ΕΝΤΑΛΜΑ ΠΛΗΡΩΜΗΣ ELECTROSTORM   ΣΙΑ  Ε.Ε. (802163799),802163799,ELECTROSTORM   ΣΙΑ  Ε.Ε. (802163799),158.41,,
ΨΘΧΜ4690ΒΧ-ΡΚΧ,2025-04-30,ΕΝΤΑΛΜΑ ΠΛΗΡΩΜΗΣ ΓΕΝΙΚΗ ΧΗΜΙΚΩΝ ΠΡΟΙΟΝΤΩΝ Α.Ε (094133588),094133588,ΓΕΝΙΚΗ ΧΗΜΙΚΩΝ ΠΡΟΙΟΝΤΩΝ Α.Ε (094133588),498.33,,
ΨΑΕΓ4690ΒΧ-ΜΞΞ,2025-04-30,ΕΝΤΑΛΜΑ ΠΛΗΡΩΜΗΣ ΓΕΝΙΚΗ ΧΗΜΙΚΩΝ ΠΡΟΙΟΝΤΩΝ Α.Ε (094133588),094133588,ΓΕΝΙΚΗ ΧΗΜΙΚΩΝ ΠΡΟΙΟΝΤΩΝ Α.Ε (094133588),9700.55,,
Ψ8Ο64690ΒΧ-ΡΒΟ,2025-04-30,ΕΝΤΑΛΜΑ ΠΛΗΡΩΜΗΣ ΓΕΝΙΚΗ ΧΗΜΙΚΩΝ ΠΡΟΙΟΝΤΩΝ Α.Ε (094133588),094133588,ΓΕΝΙΚΗ ΧΗΜΙΚΩΝ ΠΡΟΙΟΝΤΩΝ Α.Ε (094133588),7318.74,,
91834690ΒΧ-Χ5Γ,2025-04-30,ΕΝΤΑΛΜΑ ΠΛΗΡΩΜΗΣ V   L VIOLAK INTERNATIONAL A.E (099370337),099370337,V   L VIOLAK INTERNATIONAL A.E (099370337),78.65,,
991Τ4690ΒΧ-950,2025-04-30,ΕΝΤΑΛΜΑ ΠΛΗΡΩΜΗΣ V   L VIOLAK INTERNATIONAL A.E (099370337),099370337,V   L VIOLAK INTERNATIONAL A.E (099370337),225.02,,
92ΧΓ4690ΒΧ-ΖΝΣ,2025-04-30,ΕΝΤΑΛΜΑ ΠΛΗΡΩΜΗΣ V   L VIOLAK INTERNATIONAL A.E (099370337),099370337,V   L VIOLAK INTERNATIONAL A.E (099370337),1346.31,,
9ΜΔΒ4690ΒΧ-ΤΥΒ,2025-04-30,ΕΝΤΑΛΜΑ ΠΛΗΡΩΜΗΣ V   L VIOLAK INTERNATIONAL A.E (099370337),099370337,V   L VIOLAK INTERNATIONAL A.E (099370337),676.44,,
Ρ7Χ44690ΒΧ-67Δ,2025-04-30,ΕΝΤΑΛΜΑ ΠΛΗΡΩΜΗΣ V   L VIOLAK INTERNATIONAL A.E (099370337),099370337,V   L VIOLAK INTERNATIONAL A.E (099370337),1161.51,,
ΨΩΓΗ4690ΒΧ-ΚΘΟ,2025-04-30,ΕΝΤΑΛΜΑ ΠΛΗΡΩΜΗΣ V   L VIOLAK INTERNATIONAL A.E (099370337),099370337,V   L VIOLAK INTERNATIONAL A.E (099370337),415.0,,
ΨΓΙ14690ΒΧ-ΕΣΠ,2025-04-30,ΕΝΤΑΛΜΑ ΠΛΗΡΩΜΗΣ V   L VIOLAK INTERNATIONAL A.E (099370337),099370337,V   L VIOLAK INTERNATIONAL A.E (099370337),121.34,,
ΨΠΧ94690ΒΧ-ΕΟ0,2025-04-30,ΕΝΤΑΛΜΑ ΠΛΗΡΩΜΗΣ V   L VIOLAK INTERNATIONAL A.E (099370337),099370337,V   L VIOLAK INTERNATIONAL A.E (099370337),1384.09,,
ΡΑ3Θ4690ΒΧ-Φ48,2025-05-06,ΕΝΤΑΛΜΑ ΠΛΗΡΩΜΗΣ ΕΘΝΙΚΗ ΑΣΦΑΛΙΣΤΙΚΗ (094003849),094003849,ΕΘΝΙΚΗ ΑΣΦΑΛΙΣΤΙΚΗ (094003849),63.2,,
ΨΤ7Ξ4690ΒΧ-ΛΞ2,2025-04-29,ΕΝΤΑΛΜΑ ΠΛΗΡΩΜΗΣ ΓΕΩΡΓΙΟΣ ΚΕΦΑΛΑΣ ΣΙΑ Ε.Ε (801925973),801925973,ΓΕΩΡΓΙΟΣ ΚΕΦΑΛΑΣ ΣΙΑ Ε.Ε (801925973),538.09,,
ΡΟΘ84690ΒΧ-ΤΩΒ,2025-05-02,ΕΝΤΑΛΜΑ ΠΛΗΡΩΜΗΣ ΓΕΝΙΚΗ ΧΗΜΙΚΩΝ ΠΡΟΙΟΝΤΩΝ Α.Ε (094133588),094133588,ΓΕΝΙΚΗ ΧΗΜΙΚΩΝ ΠΡΟΙΟΝΤΩΝ Α.Ε (094133588),4760.06,,
6Ι9Σ4690ΒΧ-Ρ79,2025-05-02,ΕΝΤΑΛΜΑ ΠΛΗΡΩΜΗΣ ΓΕΝΙΚΗ ΧΗΜΙΚΩΝ ΠΡΟΙΟΝΤΩΝ Α.Ε (094133588),094133588,ΓΕΝΙΚΗ ΧΗΜΙΚΩΝ ΠΡΟΙΟΝΤΩΝ Α.Ε (094133588),4601.98,,
9ΤΓ74690ΒΧ-ΞΕΣ,2025-05-02,ΕΝΤΑΛΜΑ ΠΛΗΡΩΜΗΣ ΓΕΝΙΚΗ ΧΗΜΙΚΩΝ ΠΡΟΙΟΝΤΩΝ Α.Ε (094133588),094133588,ΓΕΝΙΚΗ ΧΗΜΙΚΩΝ ΠΡΟΙΟΝΤΩΝ Α.Ε (094133588),4868.36,,
Ρ7ΡΚ4690ΒΧ-1ΑΛ,2025-05-02,ΕΝΤΑΛΜΑ ΠΛΗΡΩΜΗΣ ΓΕΝΙΚΗ ΧΗΜΙΚΩΝ ΠΡΟΙΟΝΤΩΝ Α.Ε (094133588),094133588,ΓΕΝΙΚΗ ΧΗΜΙΚΩΝ ΠΡΟΙΟΝΤΩΝ Α.Ε (094133588),601.4,,
Ρ7Ω44690ΒΧ-ΩΗΤ,2025-05-02,ΕΝΤΑΛΜΑ ΠΛΗΡΩΜΗΣ ΓΕΝΙΚΗ ΧΗΜΙΚΩΝ ΠΡΟΙΟΝΤΩΝ Α.Ε (094133588),094133588,ΓΕΝΙΚΗ ΧΗΜΙΚΩΝ ΠΡΟΙΟΝΤΩΝ Α.Ε (094133588),4871.25,,
Ψ43Ρ4690ΒΧ-Ε6Π,2025-05-05,ΕΝΤΑΛΜΑ ΠΛΗΡΩΜΗΣ ΒΙΟΣΕΡ ΑΕ (094035927),094035927,ΒΙΟΣΕΡ ΑΕ (094035927),762.75,,
9ΝΙ04690ΒΧ-ΧΘ9,2025-05-05,ΕΝΤΑΛΜΑ ΠΛΗΡΩΜΗΣ ΒΙΟΣΕΡ ΑΕ (094035927),094035927,ΒΙΟΣΕΡ ΑΕ (094035927),4554.66,,
ΨΞΠ74690ΒΧ-3ΜΑ,2025-05-05,ΕΝΤΑΛΜΑ ΠΛΗΡΩΜΗΣ ΒΙΟΣΕΡ ΑΕ (094035927),094035927,ΒΙΟΣΕΡ ΑΕ (094035927),67.97,,
Ψ87Ο4690ΒΧ-ΝΓΣ,2025-05-05,ΕΝΤΑΛΜΑ ΠΛΗΡΩΜΗΣ ΒΙΟΣΕΡ ΑΕ (094035927),094035927,ΒΙΟΣΕΡ ΑΕ (094035927),3145.96,,
ΨΘΧΑ4690ΒΧ-ΤΡΜ,2025-05-05,ΕΝΤΑΛΜΑ ΠΛΗΡΩΜΗΣ ΒΙΟΣΕΡ ΑΕ (094035927),094035927,ΒΙΟΣΕΡ ΑΕ (094035927),4806.92,,
ΨΒΔΓ4690ΒΧ-2ΛΙ,2025-05-05,ΕΝΤΑΛΜΑ ΠΛΗΡΩΜΗΣ ΒΙΟΣΕΡ ΑΕ (094035927),094035927,ΒΙΟΣΕΡ ΑΕ (094035927),3919.45,,
ΨΓΡΡ4690ΒΧ-ΟΙΡ,2025-05-05,ΕΝΤΑΛΜΑ ΠΛΗΡΩΜΗΣ ΒΙΟΣΕΡ ΑΕ (094035927),094035927,ΒΙΟΣΕΡ ΑΕ (094035927),4806.41,,
ΨΔ4Ψ4690ΒΧ-Η2Δ,2025-05-05,ΕΝΤΑΛΜΑ ΠΛΗΡΩΜΗΣ ΒΙΟΣΕΡ ΑΕ (094035927),094035927,ΒΙΟΣΕΡ ΑΕ (094035927),3974.57,,
9ΛΤΛ4690ΒΧ-ΤΨΒ,2025-05-05,ΕΝΤΑΛΜΑ ΠΛΗΡΩΜΗΣ ΒΙΟΣΕΡ ΑΕ (094035927),094035927,ΒΙΟΣΕΡ ΑΕ (094035927),4378.43,,
Ρ7ΙΝ4690ΒΧ-ΡΞΗ,2025-05-05,ΕΝΤΑΛΜΑ ΠΛΗΡΩΜΗΣ ΒΙΟΣΕΡ ΑΕ (094035927),094035927,ΒΙΟΣΕΡ ΑΕ (094035927),2952.52,,
6ΙΩΥ4690ΒΧ-ΝΘΠ,2025-04-29,ΕΝΤΑΛΜΑ ΠΛΗΡΩΜΗΣ ΑΡΗΤΗ Α.Ε. (094251753),094251753,ΑΡΗΤΗ Α.Ε. (094251753),1424.93,,
9ΓΘΜ4690ΒΧ-34Τ,2025-04-29,ΕΝΤΑΛΜΑ ΠΛΗΡΩΜΗΣ ΑΡΗΤΗ Α.Ε. (094251753),094251753,ΑΡΗΤΗ Α.Ε. (094251753),7470.45,,
9ΞΖΑ4690ΒΧ-ΦΤΑ,2025-04-29,ΕΝΤΑΛΜΑ ΠΛΗΡΩΜΗΣ SARSTEDT ΜΕΠΕ (095591419),095591419,SARSTEDT ΜΕΠΕ (095591419),32.19,,
Ψ9ΘΖ4690ΒΧ-6Α7,2025-04-29,ΕΝΤΑΛΜΑ ΠΛΗΡΩΜΗΣ MEDI SUP AE (094447320),094447320,MEDI SUP AE (094447320),319.3,,
68514690ΒΧ-9Ω3,2025-04-29,ΕΝΤΑΛΜΑ ΠΛΗΡΩΜΗΣ MEDI SUP AE (094447320),094447320,MEDI SUP AE (094447320),636.36,,
ΡΒΚΛ4690ΒΧ-ΔΦΜ,2025-04-29,ΕΝΤΑΛΜΑ ΠΛΗΡΩΜΗΣ MEDI SUP AE (094447320),094447320,MEDI SUP AE (094447320),163.68,,
61ΚΩ4690ΒΧ-ΝΒΙ,2025-04-29,ΕΝΤΑΛΜΑ ΠΛΗΡΩΜΗΣ MEDI SUP AE (094447320),094447320,MEDI SUP AE (094447320),1975.08,,
ΨΩ3Α4690ΒΧ-ΞΣΝ,2025-04-29,ΕΝΤΑΛΜΑ ΠΛΗΡΩΜΗΣ EUROSUP ΜΟΝ. ΙΚΕ (800715333),800715333,EUROSUP ΜΟΝ. ΙΚΕ (800715333),586.88,,
98Η14690ΒΧ-6ΦΝ,2025-04-29,ΕΝΤΑΛΜΑ ΠΛΗΡΩΜΗΣ CPI ΑΝΩΝΥΜΟΣ ΕΤΑΙΡΕΙΑ Η/Υ   ΠΕΡΙΦΕΡΕΙΑΚΩΝ (094432029),094432029,CPI ΑΝΩΝΥΜΟΣ ΕΤΑΙΡΕΙΑ Η/Υ   ΠΕΡΙΦΕΡΕΙΑΚΩΝ (094432029),1154.44,,
9ΞΓ24690ΒΧ-ΦΚΜ,2025-04-29,ΕΝΤΑΛΜΑ ΠΛΗΡΩΜΗΣ '' MART HELLAS S.A'' (999401508),999401508,'' MART HELLAS S.A'' (999401508),824.6,,
Ψ5ΓΑ4690ΒΧ-Τ6Θ,2025-04-29,ΕΝΤΑΛΜΑ ΠΛΗΡΩΜΗΣ '' MART HELLAS S.A'' (999401508),999401508,'' MART HELLAS S.A'' (999401508),3534.0,,
6ΔΙΛ4690ΒΧ-3ΞΧ,2025-04-29,ΕΝΤΑΛΜΑ ΠΛΗΡΩΜΗΣ '' MART HELLAS S.A'' (999401508),999401508,'' MART HELLAS S.A'' (999401508),3062.8,,
ΡΩΨ84690ΒΧ-ΧΣΔ,2025-04-28,ΕΝΤΑΛΜΑ ΠΛΗΡΩΜΗΣ ΤΗΛ.Κ.ΓΙΟΚΑΡΗΣ   ΣΙΑ ΟΕ DOCTOF (081564690),081564690,ΤΗΛ.Κ.ΓΙΟΚΑΡΗΣ   ΣΙΑ ΟΕ DOCTOF (081564690),9646.0,,
Ψ0Σ44690ΒΧ-ΜΣΡ,2025-04-28,ΕΝΤΑΛΜΑ ΠΛΗΡΩΜΗΣ ΞΕΝΟΦΩΝ ΓΕΡΜΑΝΟΣ Α.Ε.Ε. (094326835),094326835,ΞΕΝΟΦΩΝ ΓΕΡΜΑΝΟΣ Α.Ε.Ε. (094326835),625.79,,
9ΗΕΔ4690ΒΧ-3Δ6,2025-04-28,ΕΝΤΑΛΜΑ ΠΛΗΡΩΜΗΣ ΞΕΝΟΦΩΝ ΓΕΡΜΑΝΟΣ Α.Ε.Ε. (094326835),094326835,ΞΕΝΟΦΩΝ ΓΕΡΜΑΝΟΣ Α.Ε.Ε. (094326835),1200.32,,
ΨΗ6Υ4690ΒΧ-ΩΥΙ,2025-04-28,ΕΝΤΑΛΜΑ ΠΛΗΡΩΜΗΣ ΞΕΝΟΦΩΝ ΓΕΡΜΑΝΟΣ Α.Ε.Ε. (094326835),094326835,ΞΕΝΟΦΩΝ ΓΕΡΜΑΝΟΣ Α.Ε.Ε. (094326835),1063.82,,
9Κ1Ν4690ΒΧ-ΛΟΝ,2025-04-28,ΕΝΤΑΛΜΑ ΠΛΗΡΩΜΗΣ ΕΥΡΟΜΑΡΤ Α.Ε. (094284004),094284004,ΕΥΡΟΜΑΡΤ Α.Ε. (094284004),1487.52,,
ΨΧΜΙ4690ΒΧ-66Θ,2025-04-28,ΕΝΤΑΛΜΑ ΠΛΗΡΩΜΗΣ ΕΥΡΟΜΑΡΤ Α.Ε. (094284004),094284004,ΕΥΡΟΜΑΡΤ Α.Ε. (094284004),244.08,,
ΨΤΓΩ4690ΒΧ-ΓΩΓ,2025-04-28,ΕΝΤΑΛΜΑ ΠΛΗΡΩΜΗΣ ΕΥΡΟΜΑΡΤ Α.Ε. (094284004),094284004,ΕΥΡΟΜΑΡΤ Α.Ε. (094284004),887.75,,
Ψ1Β64690ΒΧ-Ο1Γ,2025-04-28,ΕΝΤΑΛΜΑ ΠΛΗΡΩΜΗΣ ΔΙΑΓΝΩΣΤΙΚΗ - ΑΝΑΛΥΤΙΚΗ ΕΠΕ (099109774),099109774,ΔΙΑΓΝΩΣΤΙΚΗ - ΑΝΑΛΥΤΙΚΗ ΕΠΕ (099109774),284.61,,
90ΤΟ4690ΒΧ-4ΥΔ,2025-04-28,ΕΝΤΑΛΜΑ ΠΛΗΡΩΜΗΣ ΒΕΡΜΑ ΝΤΡΑΓΚΣ ΑΒΕΕ (099363426),099363426,ΒΕΡΜΑ ΝΤΡΑΓΚΣ ΑΒΕΕ (099363426),2956.13,,
ΨΘΛΡ4690ΒΧ-ΓΝΙ,2025-04-28,ΕΝΤΑΛΜΑ ΠΛΗΡΩΜΗΣ ΒΕΡΜΑ ΝΤΡΑΓΚΣ ΑΒΕΕ (099363426),099363426,ΒΕΡΜΑ ΝΤΡΑΓΚΣ ΑΒΕΕ (099363426),3030.66,,
ΨΚΟ44690ΒΧ-853,2025-04-28,ΕΝΤΑΛΜΑ ΠΛΗΡΩΜΗΣ ΑΦΟΙ ΑΛΤΑΝΗ ΟΕ (081682275),081682275,ΑΦΟΙ ΑΛΤΑΝΗ ΟΕ (081682275),744.0,,
9Ε8Ξ4690ΒΧ-Υ94,2025-04-28,ΕΝΤΑΛΜΑ ΠΛΗΡΩΜΗΣ VAKTRO SCIENTIFIC ΣΤΑΥΡΟΣ ΑΓΓΕΛΟΠΟΥΛΟΣ   ΣΙΑ Ο.Ε (084221869),084221869,VAKTRO SCIENTIFIC ΣΤΑΥΡΟΣ ΑΓΓΕΛΟΠΟΥΛΟΣ   ΣΙΑ Ο.Ε (084221869),743.2,,
60ΓΨ4690ΒΧ-92Γ,2025-04-28,ΕΝΤΑΛΜΑ ΠΛΗΡΩΜΗΣ VAKTRO SCIENTIFIC ΣΤΑΥΡΟΣ ΑΓΓΕΛΟΠΟΥΛΟΣ   ΣΙΑ Ο.Ε (084221869),084221869,VAKTRO SCIENTIFIC ΣΤΑΥΡΟΣ ΑΓΓΕΛΟΠΟΥΛΟΣ   ΣΙΑ Ο.Ε (084221869),143.84,,
ΨΙΚΩ4690ΒΧ-ΟΣΘ,2025-04-28,ΕΝΤΑΛΜΑ ΠΛΗΡΩΜΗΣ VAKTRO SCIENTIFIC ΣΤΑΥΡΟΣ ΑΓΓΕΛΟΠΟΥΛΟΣ   ΣΙΑ Ο.Ε (084221869),084221869,VAKTRO SCIENTIFIC ΣΤΑΥΡΟΣ ΑΓΓΕΛΟΠΟΥΛΟΣ   ΣΙΑ Ο.Ε (084221869),9675.6,,
94ΘΚ4690ΒΧ-8Λ4,2025-04-28,ΕΝΤΑΛΜΑ ΠΛΗΡΩΜΗΣ VAKTRO SCIENTIFIC ΣΤΑΥΡΟΣ ΑΓΓΕΛΟΠΟΥΛΟΣ   ΣΙΑ Ο.Ε (084221869),084221869,VAKTRO SCIENTIFIC ΣΤΑΥΡΟΣ ΑΓΓΕΛΟΠΟΥΛΟΣ   ΣΙΑ Ο.Ε (084221869),118.18,,
9ΒΧΤ4690ΒΧ-95Λ,2025-04-28,ΕΝΤΑΛΜΑ ΠΛΗΡΩΜΗΣ VAKTRO SCIENTIFIC ΣΤΑΥΡΟΣ ΑΓΓΕΛΟΠΟΥΛΟΣ   ΣΙΑ Ο.Ε (084221869),084221869,VAKTRO SCIENTIFIC ΣΤΑΥΡΟΣ ΑΓΓΕΛΟΠΟΥΛΟΣ   ΣΙΑ Ο.Ε (084221869),4579.2,,
9ΗΨΨ4690ΒΧ-0ΔΟ,2025-04-28,ΕΝΤΑΛΜΑ ΠΛΗΡΩΜΗΣ VAKTRO SCIENTIFIC ΣΤΑΥΡΟΣ ΑΓΓΕΛΟΠΟΥΛΟΣ   ΣΙΑ Ο.Ε (084221869),084221869,VAKTRO SCIENTIFIC ΣΤΑΥΡΟΣ ΑΓΓΕΛΟΠΟΥΛΟΣ   ΣΙΑ Ο.Ε (084221869),2085.32,,
ΨΒΘΞ4690ΒΧ-Ξ3Σ,2025-04-28,ΕΝΤΑΛΜΑ ΠΛΗΡΩΜΗΣ VAKTRO SCIENTIFIC ΣΤΑΥΡΟΣ ΑΓΓΕΛΟΠΟΥΛΟΣ   ΣΙΑ Ο.Ε (084221869),084221869,VAKTRO SCIENTIFIC ΣΤΑΥΡΟΣ ΑΓΓΕΛΟΠΟΥΛΟΣ   ΣΙΑ Ο.Ε (084221869),31.69,,
9ΝΛ14690ΒΧ-6ΓΖ,2025-04-28,ΕΝΤΑΛΜΑ ΠΛΗΡΩΜΗΣ VAKTRO SCIENTIFIC ΣΤΑΥΡΟΣ ΑΓΓΕΛΟΠΟΥΛΟΣ   ΣΙΑ Ο.Ε (084221869),084221869,VAKTRO SCIENTIFIC ΣΤΑΥΡΟΣ ΑΓΓΕΛΟΠΟΥΛΟΣ   ΣΙΑ Ο.Ε (084221869),1258.4,,
Ψ6ΕΩ4690ΒΧ-ΓΧΓ,2025-04-28,ΕΝΤΑΛΜΑ ΠΛΗΡΩΜΗΣ PROGNOSIS BIOTECH Α.Ε. (997845150),997845150,PROGNOSIS BIOTECH Α.Ε. (997845150),84.8,,
6ΑΜΡ4690ΒΧ-22Ο,2025-04-28,ΕΝΤΑΛΜΑ ΠΛΗΡΩΜΗΣ PROGNOSIS BIOTECH Α.Ε. (997845150),997845150,PROGNOSIS BIOTECH Α.Ε. (997845150),470.64,,
6ΙΖΝ4690ΒΧ-2ΤΜ,2025-04-29,ΕΝΤΑΛΜΑ ΠΛΗΡΩΜΗΣ PAUL HARTMANN Hellas A.E. (999862491),999862491,PAUL HARTMANN Hellas A.E. (999862491),178.56,,
Ψ40Ξ4690ΒΧ-4ΟΡ,2025-04-29,ΕΝΤΑΛΜΑ ΠΛΗΡΩΜΗΣ PAUL HARTMANN Hellas A.E. (999862491),999862491,PAUL HARTMANN Hellas A.E. (999862491),141.25,,
ΨΞΡ74690ΒΧ-Α4Γ,2025-04-28,ΕΝΤΑΛΜΑ ΠΛΗΡΩΜΗΣ MEDICON HELLAS A.E. (094240321),094240321,MEDICON HELLAS A.E. (094240321),13709.56,,
ΡΒΝΕ4690ΒΧ-5ΘΛ,2025-04-28,ΕΝΤΑΛΜΑ ΠΛΗΡΩΜΗΣ MEDICON HELLAS A.E. (094240321),094240321,MEDICON HELLAS A.E. (094240321),25842.12,,
ΨΑΗΥ4690ΒΧ-Υ9Ι,2025-04-28,ΕΝΤΑΛΜΑ ΠΛΗΡΩΜΗΣ DOCTUM ΦΑΡΜΑΚΕΥΤΙΚΗ ΑΕ (094070315),094070315,DOCTUM ΦΑΡΜΑΚΕΥΤΙΚΗ ΑΕ (094070315),7251.35,,
94ΘΓ4690ΒΧ-ΕΥΠ,2025-04-25,ΕΝΤΑΛΜΑ ΠΛΗΡΩΜΗΣ ΠΑΥΛΟΣ ΑΡΝΑΟΥΤΗΣ Α.Ε. (094178060),094178060,ΠΑΥΛΟΣ ΑΡΝΑΟΥΤΗΣ Α.Ε. (094178060),142.75,,
ΨΒΚ54690ΒΧ-ΞΡΒ,2025-04-25,ΕΝΤΑΛΜΑ ΠΛΗΡΩΜΗΣ ΠΑΥΛΟΣ ΑΡΝΑΟΥΤΗΣ Α.Ε. (094178060),094178060,ΠΑΥΛΟΣ ΑΡΝΑΟΥΤΗΣ Α.Ε. (094178060),531.06,,
9Ο1Τ4690ΒΧ-3ΨΩ,2025-04-25,ΕΝΤΑΛΜΑ ΠΛΗΡΩΜΗΣ ΝΤΙΑΜΕΝΤ ΕΛΛΑΣ Α.Ε.Ε. (095259724),095259724,ΝΤΙΑΜΕΝΤ ΕΛΛΑΣ Α.Ε.Ε. (095259724),4104.32,,
6ΑΤΖ4690ΒΧ-91Δ,2025-04-25,ΕΝΤΑΛΜΑ ΠΛΗΡΩΜΗΣ ΝΙΚ.Ι.ΛΑΊΝΙΩΤΗΣ Α.Ε.Β.Ε (093628458),093628458,ΝΙΚ.Ι.ΛΑΊΝΙΩΤΗΣ Α.Ε.Β.Ε (093628458),30.69,,
9ΙΡΡ4690ΒΧ-34Κ,2025-04-25,ΕΝΤΑΛΜΑ ΠΛΗΡΩΜΗΣ ΝΙΚ.Ι.ΛΑΊΝΙΩΤΗΣ Α.Ε.Β.Ε (093628458),093628458,ΝΙΚ.Ι.ΛΑΊΝΙΩΤΗΣ Α.Ε.Β.Ε (093628458),2917.96,,
93ΡΙ4690ΒΧ-ΖΝΦ,2025-04-25,ΕΝΤΑΛΜΑ ΠΛΗΡΩΜΗΣ ΝΙΚ.Ι.ΛΑΊΝΙΩΤΗΣ Α.Ε.Β.Ε (093628458),093628458,ΝΙΚ.Ι.ΛΑΊΝΙΩΤΗΣ Α.Ε.Β.Ε (093628458),3537.97,,
ΨΔΠΔ4690ΒΧ-ΣΑ5,2025-04-14,ΕΝΤΑΛΜΑ ΠΛΗΡΩΜΗΣ G.F.N. ΦΥΣΙΟ-ΙΑΤΡΙΚΗ Ε.Π.Ε. ΙΑΤΡΙΚΑ ΕΙΔΗ   ΜΗΧΑΝΗΜΑΤΑ (998093792),998093792,G.F.N. ΦΥΣΙΟ-ΙΑΤΡΙΚΗ Ε.Π.Ε. ΙΑΤΡΙΚΑ ΕΙΔΗ   ΜΗΧΑΝΗΜΑΤΑ (998093792),99.2,,
93Λ74690ΒΧ-878,2025-04-14,ΕΝΤΑΛΜΑ ΠΛΗΡΩΜΗΣ G.F.N. ΦΥΣΙΟ-ΙΑΤΡΙΚΗ Ε.Π.Ε. ΙΑΤΡΙΚΑ ΕΙΔΗ   ΜΗΧΑΝΗΜΑΤΑ (998093792),998093792,G.F.N. ΦΥΣΙΟ-ΙΑΤΡΙΚΗ Ε.Π.Ε. ΙΑΤΡΙΚΑ ΕΙΔΗ   ΜΗΧΑΝΗΜΑΤΑ (998093792),1698.8,,
9ΦΠΖ4690ΒΧ-ΗΑΛ,2025-04-14,ΕΝΤΑΛΜΑ ΠΛΗΡΩΜΗΣ ΜΗΧΑΝΟΛΟΓΙΚΕΣ ΕΦΑΡΜΟΓΕΣ Ε.Π.Ε. (099078941),099078941,ΜΗΧΑΝΟΛΟΓΙΚΕΣ ΕΦΑΡΜΟΓΕΣ Ε.Π.Ε. (099078941),644.8,,
9ΟΑ34690ΒΧ-ΝΗΩ,2025-04-24,ΕΝΤΑΛΜΑ ΠΛΗΡΩΜΗΣ ABBOTT LABORATORIES(ΕΛΛΑΣ)ABEE (094027257),094027257,ABBOTT LABORATORIES(ΕΛΛΑΣ)ABEE (094027257),461.31,,
9Κ974690ΒΧ-Τ1Μ,2025-04-24,ΕΝΤΑΛΜΑ ΠΛΗΡΩΜΗΣ ABBOTT LABORATORIES(ΕΛΛΑΣ)ABEE (094027257),094027257,ABBOTT LABORATORIES(ΕΛΛΑΣ)ABEE (094027257),25010.7,,
62054690ΒΧ-ΜΞΟ,2025-04-24,ΕΝΤΑΛΜΑ ΠΛΗΡΩΜΗΣ ABBOTT LABORATORIES(ΕΛΛΑΣ)ABEE (094027257),094027257,ABBOTT LABORATORIES(ΕΛΛΑΣ)ABEE (094027257),22837.7,,
6ΚΜ24690ΒΧ-ΠΞ8,2025-04-25,ΕΝΤΑΛΜΑ ΠΛΗΡΩΜΗΣ ΝΙΚ.Ι.ΛΑΊΝΙΩΤΗΣ Α.Ε.Β.Ε (093628458),093628458,ΝΙΚ.Ι.ΛΑΊΝΙΩΤΗΣ Α.Ε.Β.Ε (093628458),206.83,,
9ΛΓΡ4690ΒΧ-6ΑΝ,2025-04-25,ΕΝΤΑΛΜΑ ΠΛΗΡΩΜΗΣ ΝΙΚ.Ι.ΛΑΊΝΙΩΤΗΣ Α.Ε.Β.Ε (093628458),093628458,ΝΙΚ.Ι.ΛΑΊΝΙΩΤΗΣ Α.Ε.Β.Ε (093628458),1907.05,,
ΨΓΦ54690ΒΧ-ΒΗΞ,2025-04-25,ΕΝΤΑΛΜΑ ΠΛΗΡΩΜΗΣ ΝΙΚ.Ι.ΛΑΊΝΙΩΤΗΣ Α.Ε.Β.Ε (093628458),093628458,ΝΙΚ.Ι.ΛΑΊΝΙΩΤΗΣ Α.Ε.Β.Ε (093628458),3671.69,,
ΡΥΨΠ4690ΒΧ-ΣΓΒ,2025-04-25,ΕΝΤΑΛΜΑ ΠΛΗΡΩΜΗΣ ΝΙΚ.Ι.ΛΑΊΝΙΩΤΗΣ Α.Ε.Β.Ε (093628458),093628458,ΝΙΚ.Ι.ΛΑΊΝΙΩΤΗΣ Α.Ε.Β.Ε (093628458),3726.74,,
ΨΑΗ64690ΒΧ-6Γ1,2025-04-25,ΕΝΤΑΛΜΑ ΠΛΗΡΩΜΗΣ ΝΙΚ.Ι.ΛΑΊΝΙΩΤΗΣ Α.Ε.Β.Ε (093628458),093628458,ΝΙΚ.Ι.ΛΑΊΝΙΩΤΗΣ Α.Ε.Β.Ε (093628458),1864.92,,
6ΑΡ44690ΒΧ-4Χ0,2025-04-25,ΕΝΤΑΛΜΑ ΠΛΗΡΩΜΗΣ ΝΙΚ.Ι.ΛΑΊΝΙΩΤΗΣ Α.Ε.Β.Ε (093628458),093628458,ΝΙΚ.Ι.ΛΑΊΝΙΩΤΗΣ Α.Ε.Β.Ε (093628458),4319.69,,
Ψ26Σ4690ΒΧ-20Ζ,2025-04-25,ΕΝΤΑΛΜΑ ΠΛΗΡΩΜΗΣ ΜΙΧΑΗΛ ΣΚΑΜΑΓΚΑΣ ΑΒΕΕ (999717761),999717761,ΜΙΧΑΗΛ ΣΚΑΜΑΓΚΑΣ ΑΒΕΕ (999717761),639.1,,
ΨΖ2Υ4690ΒΧ-Π1Υ,2025-04-25,ΕΝΤΑΛΜΑ ΠΛΗΡΩΜΗΣ ΜΙΧΑΗΛ ΣΚΑΜΑΓΚΑΣ ΑΒΕΕ (999717761),999717761,ΜΙΧΑΗΛ ΣΚΑΜΑΓΚΑΣ ΑΒΕΕ (999717761),202.12,,
Ψ21Τ4690ΒΧ-3ΘΘ,2025-04-24,ΕΝΤΑΛΜΑ ΠΛΗΡΩΜΗΣ ΜΑΓΕΙΡΑΣ ΔΙΑΓΝ.ΜΗΧΑΝΗΜΑΤΑ Α.Ε. (095444407),095444407,ΜΑΓΕΙΡΑΣ ΔΙΑΓΝ.ΜΗΧΑΝΗΜΑΤΑ Α.Ε. (095444407),4240.0,,
Ψ86Ε4690ΒΧ-ΩΕΟ,2025-04-24,ΕΝΤΑΛΜΑ ΠΛΗΡΩΜΗΣ ΜΑΓΕΙΡΑΣ ΔΙΑΓΝ.ΜΗΧΑΝΗΜΑΤΑ Α.Ε. (095444407),095444407,ΜΑΓΕΙΡΑΣ ΔΙΑΓΝ.ΜΗΧΑΝΗΜΑΤΑ Α.Ε. (095444407),2358.2,,
9ΣΒ94690ΒΧ-Η30,2025-04-24,ΕΝΤΑΛΜΑ ΠΛΗΡΩΜΗΣ ΜΑΓΕΙΡΑΣ ΔΙΑΓΝ.ΜΗΧΑΝΗΜΑΤΑ Α.Ε. (095444407),095444407,ΜΑΓΕΙΡΑΣ ΔΙΑΓΝ.ΜΗΧΑΝΗΜΑΤΑ Α.Ε. (095444407),3821.4,,
97ΜΥ4690ΒΧ-ΥΚΞ,2025-04-24,ΕΝΤΑΛΜΑ ΠΛΗΡΩΜΗΣ ΜΑΓΕΙΡΑΣ ΔΙΑΓΝ.ΜΗΧΑΝΗΜΑΤΑ Α.Ε. (095444407),095444407,ΜΑΓΕΙΡΑΣ ΔΙΑΓΝ.ΜΗΧΑΝΗΜΑΤΑ Α.Ε. (095444407),4022.7,,
ΡΚΦΚ4690ΒΧ-304,2025-04-25,ΕΝΤΑΛΜΑ ΠΛΗΡΩΜΗΣ ΑΛΦΑ ΜΕΝΤΙΚΑΛ ΑΕΒΕ (095580571),095580571,ΑΛΦΑ ΜΕΝΤΙΚΑΛ ΑΕΒΕ (095580571),12983.94,,
98ΘΛ4690ΒΧ-ΛΥΓ,2025-04-25,ΕΝΤΑΛΜΑ ΠΛΗΡΩΜΗΣ DIACHEL ΔΙΑΓΝ.-ΧΗΜ.ΟΡΓ.Ε.Π.Ε. (095341314),095341314,DIACHEL ΔΙΑΓΝ.-ΧΗΜ.ΟΡΓ.Ε.Π.Ε. (095341314),288.42,,
Ρ4694690ΒΧ-ΑΘ8,2025-04-24,ΕΝΤΑΛΜΑ ΠΛΗΡΩΜΗΣ ΜΑΓΕΙΡΑΣ ΔΙΑΓΝ.ΜΗΧΑΝΗΜΑΤΑ Α.Ε. (095444407),095444407,ΜΑΓΕΙΡΑΣ ΔΙΑΓΝ.ΜΗΧΑΝΗΜΑΤΑ Α.Ε. (095444407),4884.9,,
ΨΞΩΤ4690ΒΧ-1Β4,2025-04-24,ΕΝΤΑΛΜΑ ΠΛΗΡΩΜΗΣ ΜΑΓΕΙΡΑΣ ΔΙΑΓΝ.ΜΗΧΑΝΗΜΑΤΑ Α.Ε. (095444407),095444407,ΜΑΓΕΙΡΑΣ ΔΙΑΓΝ.ΜΗΧΑΝΗΜΑΤΑ Α.Ε. (095444407),3051.1,,
9ΑΨΡ4690ΒΧ-Μ17,2025-04-24,ΕΝΤΑΛΜΑ ΠΛΗΡΩΜΗΣ ΜΑΓΕΙΡΑΣ ΔΙΑΓΝ.ΜΗΧΑΝΗΜΑΤΑ Α.Ε. (095444407),095444407,ΜΑΓΕΙΡΑΣ ΔΙΑΓΝ.ΜΗΧΑΝΗΜΑΤΑ Α.Ε. (095444407),3991.0,,
912Η4690ΒΧ-ΓΚΠ,2025-04-24,ΕΝΤΑΛΜΑ ΠΛΗΡΩΜΗΣ ΜΑΓΕΙΡΑΣ ΔΙΑΓΝ.ΜΗΧΑΝΗΜΑΤΑ Α.Ε. (095444407),095444407,ΜΑΓΕΙΡΑΣ ΔΙΑΓΝ.ΜΗΧΑΝΗΜΑΤΑ Α.Ε. (095444407),141.98,,
94ΕΩ4690ΒΧ-ΝΞΕ,2025-04-25,ΕΝΤΑΛΜΑ ΠΛΗΡΩΜΗΣ ΚΛΕΟΠΑΤΡΑ ΓΚΟΥΒΑ (041699970),041699970,ΚΛΕΟΠΑΤΡΑ ΓΚΟΥΒΑ (041699970),1785.6,,
94ΨΓ4690ΒΧ-Χ0Δ,2025-04-25,ΕΝΤΑΛΜΑ ΠΛΗΡΩΜΗΣ ΚΛΕΟΠΑΤΡΑ ΓΚΟΥΒΑ (041699970),041699970,ΚΛΕΟΠΑΤΡΑ ΓΚΟΥΒΑ (041699970),212.04,,
97ΧΗ4690ΒΧ-22Υ,2025-04-25,ΕΝΤΑΛΜΑ ΠΛΗΡΩΜΗΣ ΚΛΕΟΠΑΤΡΑ ΓΚΟΥΒΑ (041699970),041699970,ΚΛΕΟΠΑΤΡΑ ΓΚΟΥΒΑ (041699970),79.36,,
9ΣΗΜ4690ΒΧ-ΛΔ9,2025-04-25,ΕΝΤΑΛΜΑ ΠΛΗΡΩΜΗΣ EpiMed ΝΕΑ ΕΠΙΜΕΝΤ ΜΕΠΕ (999723663),999723663,EpiMed ΝΕΑ ΕΠΙΜΕΝΤ ΜΕΠΕ (999723663),1178.0,,
ΡΙ7Ν4690ΒΧ-308,2025-04-17,ΕΝΤΑΛΜΑ ΠΛΗΡΩΜΗΣ INTER MEDICA ΕΜΜ.Τ.ΤΖΑΝΙΔΑΚΗΣ (011651035),011651035,INTER MEDICA ΕΜΜ.Τ.ΤΖΑΝΙΔΑΚΗΣ (011651035),372.0,,
6ΔΜ54690ΒΧ-ΖΝΞ,2025-04-17,ΕΝΤΑΛΜΑ ΠΛΗΡΩΜΗΣ INTER MEDICA ΕΜΜ.Τ.ΤΖΑΝΙΔΑΚΗΣ (011651035),011651035,INTER MEDICA ΕΜΜ.Τ.ΤΖΑΝΙΔΑΚΗΣ (011651035),297.6,,
953Η4690ΒΧ-ΨΜ0,2025-04-17,ΕΝΤΑΛΜΑ ΠΛΗΡΩΜΗΣ INTER MEDICA ΕΜΜ.Τ.ΤΖΑΝΙΔΑΚΗΣ (011651035),011651035,INTER MEDICA ΕΜΜ.Τ.ΤΖΑΝΙΔΑΚΗΣ (011651035),637.36,,
9ΣΨΠ4690ΒΧ-3ΜΣ,2025-04-17,ΕΝΤΑΛΜΑ ΠΛΗΡΩΜΗΣ INTER MEDICA ΕΜΜ.Τ.ΤΖΑΝΙΔΑΚΗΣ (011651035),011651035,INTER MEDICA ΕΜΜ.Τ.ΤΖΑΝΙΔΑΚΗΣ (011651035),8217.08,,
9Λ644690ΒΧ-5Ε4,2025-04-17,ΕΝΤΑΛΜΑ ΠΛΗΡΩΜΗΣ INTER MEDICA ΕΜΜ.Τ.ΤΖΑΝΙΔΑΚΗΣ (011651035),011651035,INTER MEDICA ΕΜΜ.Τ.ΤΖΑΝΙΔΑΚΗΣ (011651035),3124.8,,
93ΥΕ4690ΒΧ-ΚΗΕ,2025-04-17,ΕΝΤΑΛΜΑ ΠΛΗΡΩΜΗΣ INTER MEDICA ΕΜΜ.Τ.ΤΖΑΝΙΔΑΚΗΣ (011651035),011651035,INTER MEDICA ΕΜΜ.Τ.ΤΖΑΝΙΔΑΚΗΣ (011651035),1674.0,,
9ΩΣΝ4690ΒΧ-ΣΛ6,2025-04-23,ΕΝΤΑΛΜΑ ΠΛΗΡΩΜΗΣ ΝΟΣΟΚΟΜΕΙΑΚΗ ΓΡΑΜΜΗ Α.Ε (094396063),094396063,ΝΟΣΟΚΟΜΕΙΑΚΗ ΓΡΑΜΜΗ Α.Ε (094396063),3837.48,,
94ΖΒ4690ΒΧ-ΕΨΩ,2025-04-23,ΕΝΤΑΛΜΑ ΠΛΗΡΩΜΗΣ ΝΟΣΟΚΟΜΕΙΑΚΗ ΓΡΑΜΜΗ Α.Ε (094396063),094396063,ΝΟΣΟΚΟΜΕΙΑΚΗ ΓΡΑΜΜΗ Α.Ε (094396063),3570.8,,
ΡΗ124690ΒΧ-Γ1Γ,2025-04-23,ΕΝΤΑΛΜΑ ΠΛΗΡΩΜΗΣ ΝΟΣΟΚΟΜΕΙΑΚΗ ΓΡΑΜΜΗ Α.Ε (094396063),094396063,ΝΟΣΟΚΟΜΕΙΑΚΗ ΓΡΑΜΜΗ Α.Ε (094396063),7440.0,,
9ΟΧΨ4690ΒΧ-ΒΝΝ,2025-04-23,ΕΝΤΑΛΜΑ ΠΛΗΡΩΜΗΣ ΝΟΣΟΚΟΜΕΙΑΚΗ ΓΡΑΜΜΗ Α.Ε (094396063),094396063,ΝΟΣΟΚΟΜΕΙΑΚΗ ΓΡΑΜΜΗ Α.Ε (094396063),17290.7,,
Ρ3ΙΓ4690ΒΧ-6Κ3,2025-04-23,ΕΝΤΑΛΜΑ ΠΛΗΡΩΜΗΣ ΝΟΣΟΚΟΜΕΙΑΚΗ ΓΡΑΜΜΗ Α.Ε (094396063),094396063,ΝΟΣΟΚΟΜΕΙΑΚΗ ΓΡΑΜΜΗ Α.Ε (094396063),1710.94,,
ΨΖΒ14690ΒΧ-Ψ16,2025-04-23,ΕΝΤΑΛΜΑ ΠΛΗΡΩΜΗΣ ΝΟΣΟΚΟΜΕΙΑΚΗ ΓΡΑΜΜΗ Α.Ε (094396063),094396063,ΝΟΣΟΚΟΜΕΙΑΚΗ ΓΡΑΜΜΗ Α.Ε (094396063),4481.58,,
6ΞΔ44690ΒΧ-5ΙΘ,2025-04-23,ΕΝΤΑΛΜΑ ΠΛΗΡΩΜΗΣ ΙΝΕΞ ΙΑΤΡΙΚΑ Α.Ε (094356041),094356041,ΙΝΕΞ ΙΑΤΡΙΚΑ Α.Ε (094356041),1128.28,,
ΨΝΥΒ4690ΒΧ-Μ3Σ,2025-04-23,ΕΝΤΑΛΜΑ ΠΛΗΡΩΜΗΣ ΙΝΕΞ ΙΑΤΡΙΚΑ Α.Ε (094356041),094356041,ΙΝΕΞ ΙΑΤΡΙΚΑ Α.Ε (094356041),1711.45,,
ΡΨΗ34690ΒΧ-ΩΝΧ,2025-04-23,ΕΝΤΑΛΜΑ ΠΛΗΡΩΜΗΣ ΙΝΕΞ ΙΑΤΡΙΚΑ Α.Ε (094356041),094356041,ΙΝΕΞ ΙΑΤΡΙΚΑ Α.Ε (094356041),509.63,,
90024690ΒΧ-Ν38,2025-04-23,ΕΝΤΑΛΜΑ ΠΛΗΡΩΜΗΣ ΙΝΕΞ ΙΑΤΡΙΚΑ Α.Ε (094356041),094356041,ΙΝΕΞ ΙΑΤΡΙΚΑ Α.Ε (094356041),285.57,,
95ΓΠ4690ΒΧ-ΕΨΑ,2025-04-23,ΕΝΤΑΛΜΑ ΠΛΗΡΩΜΗΣ ΙΝΕΞ ΙΑΤΡΙΚΑ Α.Ε (094356041),094356041,ΙΝΕΞ ΙΑΤΡΙΚΑ Α.Ε (094356041),4191.78,,
Ψ2Κ44690ΒΧ-Μ00,2025-04-23,ΕΝΤΑΛΜΑ ΠΛΗΡΩΜΗΣ ΒΙΟΠΡΟΜΗΘΕΥΤΙΚΗ ΜΟΝ/ΠΗ ΕΠΕ (099007886),099007886,ΒΙΟΠΡΟΜΗΘΕΥΤΙΚΗ ΜΟΝ/ΠΗ ΕΠΕ (099007886),190.96,,
98ΙΒ4690ΒΧ-Κ95,2025-04-23,ΕΝΤΑΛΜΑ ΠΛΗΡΩΜΗΣ ΒΙΟΠΡΟΜΗΘΕΥΤΙΚΗ ΜΟΝ/ΠΗ ΕΠΕ (099007886),099007886,ΒΙΟΠΡΟΜΗΘΕΥΤΙΚΗ ΜΟΝ/ΠΗ ΕΠΕ (099007886),65.54,,
Ψ0ΙΙ4690ΒΧ-3Ο7,2025-04-23,ΕΝΤΑΛΜΑ ΠΛΗΡΩΜΗΣ ΒΙΟΠΡΟΜΗΘΕΥΤΙΚΗ ΜΟΝ/ΠΗ ΕΠΕ (099007886),099007886,ΒΙΟΠΡΟΜΗΘΕΥΤΙΚΗ ΜΟΝ/ΠΗ ΕΠΕ (099007886),765.7,,
6Τ374690ΒΧ-ΨΘ6,2025-04-23,ΕΝΤΑΛΜΑ ΠΛΗΡΩΜΗΣ ΒΙΟΠΡΟΜΗΘΕΥΤΙΚΗ ΜΟΝ/ΠΗ ΕΠΕ (099007886),099007886,ΒΙΟΠΡΟΜΗΘΕΥΤΙΚΗ ΜΟΝ/ΠΗ ΕΠΕ (099007886),2188.23,,
9ΔΟΖ4690ΒΧ-ΥΜ7,2025-04-17,ΕΝΤΑΛΜΑ ΠΛΗΡΩΜΗΣ KARL STORZ-ΕΝΔΟΣΚΟΠΙΑ ΕΛΛΑΔΟΣ Ε.Π.Ε (998361490),998361490,KARL STORZ-ΕΝΔΟΣΚΟΠΙΑ ΕΛΛΑΔΟΣ Ε.Π.Ε (998361490),3769.6,,
Ψ8ΞΘ4690ΒΧ-Ω3Ξ,2025-04-17,ΕΝΤΑΛΜΑ ΠΛΗΡΩΜΗΣ KARL STORZ-ΕΝΔΟΣΚΟΠΙΑ ΕΛΛΑΔΟΣ Ε.Π.Ε (998361490),998361490,KARL STORZ-ΕΝΔΟΣΚΟΠΙΑ ΕΛΛΑΔΟΣ Ε.Π.Ε (998361490),1736.0,,
6ΣΜΡ4690ΒΧ-Χ6Δ,2025-04-17,ΕΝΤΑΛΜΑ ΠΛΗΡΩΜΗΣ KARL STORZ-ΕΝΔΟΣΚΟΠΙΑ ΕΛΛΑΔΟΣ Ε.Π.Ε (998361490),998361490,KARL STORZ-ΕΝΔΟΣΚΟΠΙΑ ΕΛΛΑΔΟΣ Ε.Π.Ε (998361490),1612.0,,
Ψ1ΤΚ4690ΒΧ-ΒΩΘ,2025-04-17,ΕΝΤΑΛΜΑ ΠΛΗΡΩΜΗΣ KARL STORZ-ΕΝΔΟΣΚΟΠΙΑ ΕΛΛΑΔΟΣ Ε.Π.Ε (998361490),998361490,KARL STORZ-ΕΝΔΟΣΚΟΠΙΑ ΕΛΛΑΔΟΣ Ε.Π.Ε (998361490),1934.4,,
ΨΜ214690ΒΧ-38Β,2025-04-17,ΕΝΤΑΛΜΑ ΠΛΗΡΩΜΗΣ KARL STORZ-ΕΝΔΟΣΚΟΠΙΑ ΕΛΛΑΔΟΣ Ε.Π.Ε (998361490),998361490,KARL STORZ-ΕΝΔΟΣΚΟΠΙΑ ΕΛΛΑΔΟΣ Ε.Π.Ε (998361490),1785.6,,
95Ζ24690ΒΧ-ΗΚΘ,2025-04-17,ΕΝΤΑΛΜΑ ΠΛΗΡΩΜΗΣ KARL STORZ-ΕΝΔΟΣΚΟΠΙΑ ΕΛΛΑΔΟΣ Ε.Π.Ε (998361490),998361490,KARL STORZ-ΕΝΔΟΣΚΟΠΙΑ ΕΛΛΑΔΟΣ Ε.Π.Ε (998361490),4253.2,,
ΡΚ5Λ4690ΒΧ-ΝΨΦ,2025-04-17,ΕΝΤΑΛΜΑ ΠΛΗΡΩΜΗΣ KARL STORZ-ΕΝΔΟΣΚΟΠΙΑ ΕΛΛΑΔΟΣ Ε.Π.Ε (998361490),998361490,KARL STORZ-ΕΝΔΟΣΚΟΠΙΑ ΕΛΛΑΔΟΣ Ε.Π.Ε (998361490),2083.2,,
615Ω4690ΒΧ-ΛΜΣ,2025-04-17,ΕΝΤΑΛΜΑ ΠΛΗΡΩΜΗΣ KARL STORZ-ΕΝΔΟΣΚΟΠΙΑ ΕΛΛΑΔΟΣ Ε.Π.Ε (998361490),998361490,KARL STORZ-ΕΝΔΟΣΚΟΠΙΑ ΕΛΛΑΔΟΣ Ε.Π.Ε (998361490),12555.0,,
9ΩΤΩ4690ΒΧ-Σ1Γ,2025-04-14,ΕΝΤΑΛΜΑ ΠΛΗΡΩΜΗΣ HOSPITECNICA ΕΠΕ (095526068),095526068,HOSPITECNICA ΕΠΕ (095526068),3714.23,,
97ΣΥ4690ΒΧ-43Ψ,2025-04-14,ΕΝΤΑΛΜΑ ΠΛΗΡΩΜΗΣ HOSPITECNICA ΕΠΕ (095526068),095526068,HOSPITECNICA ΕΠΕ (095526068),5532.88,,
68ΟΛ4690ΒΧ-ΧΟΤ,2025-04-14,ΕΝΤΑΛΜΑ ΠΛΗΡΩΜΗΣ ΑΝΑΛΥΤΙΚΕΣ ΣΥΣΚΕΥΕΣ Α.Ε. (094143441),094143441,ΑΝΑΛΥΤΙΚΕΣ ΣΥΣΚΕΥΕΣ Α.Ε. (094143441),1791.8,,
61ΥΡ4690ΒΧ-ΛΙΑ,2025-04-14,ΕΝΤΑΛΜΑ ΠΛΗΡΩΜΗΣ ΑΝΑΛΥΤΙΚΕΣ ΣΥΣΚΕΥΕΣ Α.Ε. (094143441),094143441,ΑΝΑΛΥΤΙΚΕΣ ΣΥΣΚΕΥΕΣ Α.Ε. (094143441),205.84,,
6ΜΠ44690ΒΧ-ΚΣΒ,2025-04-14,ΕΝΤΑΛΜΑ ΠΛΗΡΩΜΗΣ ΜΗΧΑΝΟΛΟΓΙΚΕΣ ΕΦΑΡΜΟΓΕΣ Ε.Π.Ε. (099078941),099078941,ΜΗΧΑΝΟΛΟΓΙΚΕΣ ΕΦΑΡΜΟΓΕΣ Ε.Π.Ε. (099078941),2647.4,,
Ρ4ΖΝ4690ΒΧ-ΧΛ7,2025-04-14,ΕΝΤΑΛΜΑ ΠΛΗΡΩΜΗΣ ΑΓΚΦΑ - ΓΚΕΒΕΡΤ ΑΕΒΕ (094025805),094025805,ΑΓΚΦΑ - ΓΚΕΒΕΡΤ ΑΕΒΕ (094025805),10512.72,,
6Κ8Γ4690ΒΧ-Θ5Θ,2025-04-23,ΕΝΤΑΛΜΑ ΠΛΗΡΩΜΗΣ ΠΕΤΡΟΣ ΧΑΡ.ΚΟΣΜΙΔΗΣ   ΣΙΑ Ε.Ε. (999685389),999685389,ΠΕΤΡΟΣ ΧΑΡ.ΚΟΣΜΙΔΗΣ   ΣΙΑ Ε.Ε. (999685389),1557.92,,
9ΔΚΜ4690ΒΧ-Ψ90,2025-04-23,ΕΝΤΑΛΜΑ ΠΛΗΡΩΜΗΣ ΛΕΠΤΟΚΑΡΟΠΟΥΛΟΣ Π. ΚΩΝ/ΝΟΣ (057082952),057082952,ΛΕΠΤΟΚΑΡΟΠΟΥΛΟΣ Π. ΚΩΝ/ΝΟΣ (057082952),252.96,,
6ΔΝ04690ΒΧ-ΑΧΜ,2025-04-23,ΕΝΤΑΛΜΑ ΠΛΗΡΩΜΗΣ ΚΟΠΕΡ ΑΕ (094007897),094007897,ΚΟΠΕΡ ΑΕ (094007897),848.0,,
9ΒΝΝ4690ΒΧ-ΗΣ9,2025-04-23,ΕΝΤΑΛΜΑ ΠΛΗΡΩΜΗΣ ΚΟΠΕΡ ΑΕ (094007897),094007897,ΚΟΠΕΡ ΑΕ (094007897),419.45,,
ΨΓΙΩ4690ΒΧ-ΚΞΦ,2025-04-23,ΕΝΤΑΛΜΑ ΠΛΗΡΩΜΗΣ ΑΤΛΑΣ ΜΕΝΤΙΚΑΛ ΕΠΕ (998413964),998413964,ΑΤΛΑΣ ΜΕΝΤΙΚΑΛ ΕΠΕ (998413964),117.97,,
Ψ0ΔΛ4690ΒΧ-ΧΟΝ,2025-04-23,ΕΝΤΑΛΜΑ ΠΛΗΡΩΜΗΣ ΑΤΛΑΣ ΜΕΝΤΙΚΑΛ ΕΠΕ (998413964),998413964,ΑΤΛΑΣ ΜΕΝΤΙΚΑΛ ΕΠΕ (998413964),19.66,,
Ψ4Γ64690ΒΧ-ΓΔ8,2025-04-23,ΕΝΤΑΛΜΑ ΠΛΗΡΩΜΗΣ ΑΤΛΑΣ ΜΕΝΤΙΚΑΛ ΕΠΕ (998413964),998413964,ΑΤΛΑΣ ΜΕΝΤΙΚΑΛ ΕΠΕ (998413964),227.81,,
ΨΡΗ14690ΒΧ-32Ν,2025-04-23,ΕΝΤΑΛΜΑ ΠΛΗΡΩΜΗΣ DUCASCO-ΔΟΥΡΜΟΥΣΟΓΛΟΥ ΑΕΒΕ (999640490),999640490,DUCASCO-ΔΟΥΡΜΟΥΣΟΓΛΟΥ ΑΕΒΕ (999640490),150.18,,
9ΚΧΚ4690ΒΧ-1Σ7,2025-04-23,ΕΝΤΑΛΜΑ ΠΛΗΡΩΜΗΣ DUCASCO-ΔΟΥΡΜΟΥΣΟΓΛΟΥ ΑΕΒΕ (999640490),999640490,DUCASCO-ΔΟΥΡΜΟΥΣΟΓΛΟΥ ΑΕΒΕ (999640490),2376.94,,
9Η4Φ4690ΒΧ-ΠΘ3,2025-04-23,ΕΝΤΑΛΜΑ ΠΛΗΡΩΜΗΣ BAYER ΕΛΛΑΣ ΑΒΕΕ (094056437),094056437,BAYER ΕΛΛΑΣ ΑΒΕΕ (094056437),5989.2,,
ΨΒ6Φ4690ΒΧ-ΩΓΠ,2025-04-23,ΕΝΤΑΛΜΑ ΠΛΗΡΩΜΗΣ BAYER ΕΛΛΑΣ ΑΒΕΕ (094056437),094056437,BAYER ΕΛΛΑΣ ΑΒΕΕ (094056437),2232.0,,
Ρ3Η74690ΒΧ-Ξ31,2025-04-14,ΕΝΤΑΛΜΑ ΠΛΗΡΩΜΗΣ ΟΡΘΟΠΕΔΙΚΟΣ ΚΟΣΜΟΣ ΚΥΦΙΔΗΣ (999986592),999986592,ΟΡΘΟΠΕΔΙΚΟΣ ΚΟΣΜΟΣ ΚΥΦΙΔΗΣ (999986592),179.94,,
9Π6Μ4690ΒΧ-ΡΥ5,2025-04-14,ΕΝΤΑΛΜΑ ΠΛΗΡΩΜΗΣ HOSPITECNICA ΕΠΕ (095526068),095526068,HOSPITECNICA ΕΠΕ (095526068),1635.27,,
62ΜΔ4690ΒΧ-ΨΥΜ,2025-04-14,ΕΝΤΑΛΜΑ ΠΛΗΡΩΜΗΣ HOSPITECNICA ΕΠΕ (095526068),095526068,HOSPITECNICA ΕΠΕ (095526068),1202.73,,
ΨΤ4Α4690ΒΧ-Ζ7Τ,2025-04-14,ΕΝΤΑΛΜΑ ΠΛΗΡΩΜΗΣ ΠΝΟΗ Α.Ε. (095632467),095632467,ΠΝΟΗ Α.Ε. (095632467),627.44,,
96Κ54690ΒΧ-Ψ2Χ,2025-04-14,ΕΝΤΑΛΜΑ ΠΛΗΡΩΜΗΣ ΠΝΟΗ Α.Ε. (095632467),095632467,ΠΝΟΗ Α.Ε. (095632467),446.4,,
6ΧΑ84690ΒΧ-7ΡΑ,2025-04-14,ΕΝΤΑΛΜΑ ΠΛΗΡΩΜΗΣ ΑΝΤΙ-ΣΕΛ ΑΦΟΙ Α. ΣΕΛΙΔΗ ΑΕ (091569759),091569759,ΑΝΤΙ-ΣΕΛ ΑΦΟΙ Α. ΣΕΛΙΔΗ ΑΕ (091569759),198.4,,
ΡΟΞΙ4690ΒΧ-ΟΕ4,2025-04-14,ΕΝΤΑΛΜΑ ΠΛΗΡΩΜΗΣ ΑΝΤΙ-ΣΕΛ ΑΦΟΙ Α. ΣΕΛΙΔΗ ΑΕ (091569759),091569759,ΑΝΤΙ-ΣΕΛ ΑΦΟΙ Α. ΣΕΛΙΔΗ ΑΕ (091569759),1178.0,,
ΨΙ2Γ4690ΒΧ-Α9Μ,2025-04-14,ΕΝΤΑΛΜΑ ΠΛΗΡΩΜΗΣ ΕΛΛΕΝΙΚ ΛΑΜΠΓΟΥΕΡ ΑΕ (094212309),094212309,ΕΛΛΕΝΙΚ ΛΑΜΠΓΟΥΕΡ ΑΕ (094212309),744.0,,
ΨΔΧΖ4690ΒΧ-ΟΥΝ,2025-04-14,ΕΝΤΑΛΜΑ ΠΛΗΡΩΜΗΣ EUROSUPPLIES IKE (997776974),997776974,EUROSUPPLIES IKE (997776974),993.79,,
Ρ19Ζ4690ΒΧ-ΣΜ5,2025-12-19,ΕΝΤΑΛΜΑ ΠΛΗΡΩΜΗΣ ΣΤΡΑΤΗΣ ΝΙΚ.ΑΡΑΒΑΝΗΣ ΣΙΑ Ο.Ε (092053060),092053060,ΣΤΡΑΤΗΣ ΝΙΚ.ΑΡΑΒΑΝΗΣ ΣΙΑ Ο.Ε (092053060),300.0,,
Ψ3084690ΒΧ-ΒΓ7,2025-12-19,ΕΝΤΑΛΜΑ ΠΛΗΡΩΜΗΣ ΣΤΡΑΤΗΣ ΝΙΚ.ΑΡΑΒΑΝΗΣ ΣΙΑ Ο.Ε (092053060),092053060,ΣΤΡΑΤΗΣ ΝΙΚ.ΑΡΑΒΑΝΗΣ ΣΙΑ Ο.Ε (092053060),558.58,,
68ΛΜ4690ΒΧ-Γ0Δ,2025-12-19,ΕΝΤΑΛΜΑ ΠΛΗΡΩΜΗΣ ΣΚΙΑΔΑΡΕΣΗΣ ΒΑΣΙΛΕΙΟΣ - ΥΠ/ΣΙΕΣ ΣΥΝΤΗΡΗΣΗΣ   ΕΠΙΣΚΕΥΗΣ ΕΠΙΒΑΤΗΓΩΝ ΟΧΗΜΑΤΩΝ (301390238),301390238,ΣΚΙΑΔΑΡΕΣΗΣ ΒΑΣΙΛΕΙΟΣ - ΥΠ/ΣΙΕΣ ΣΥΝΤΗΡΗΣΗΣ   ΕΠΙΣΚΕΥΗΣ ΕΠΙΒΑΤΗΓΩΝ ΟΧΗΜΑΤΩΝ (301390238),1479.0,,
60Α74690ΒΧ-ΧΝΝ,2025-12-19,ΕΝΤΑΛΜΑ ΠΛΗΡΩΜΗΣ Σ.ΣΟΛΔΑΤΟΣ Ε.Π.Ε. (095451970),095451970,Σ.ΣΟΛΔΑΤΟΣ Ε.Π.Ε. (095451970),554.28,,
9ΗΛΖ4690ΒΧ-ΔΣΒ,2025-12-19,ΕΝΤΑΛΜΑ ΠΛΗΡΩΜΗΣ ΛΑΖΑΡΗΣ ΠΑΝΟΣ (301372510),301372510,ΛΑΖΑΡΗΣ ΠΑΝΟΣ (301372510),62.0,,
ΨΔ7Ν4690ΒΧ-Α4Ψ,2025-12-19,ΕΝΤΑΛΜΑ ΠΛΗΡΩΜΗΣ ΛΑΖΑΡΗΣ ΠΑΝΟΣ (301372510),301372510,ΛΑΖΑΡΗΣ ΠΑΝΟΣ (301372510),297.6,,
6ΝΦΣ4690ΒΧ-ΛΦΣ,2025-12-19,ΕΝΤΑΛΜΑ ΠΛΗΡΩΜΗΣ ΚΟΝΤΟΓΕΩΡΓΗΣ Π.  ΣΙΑ Ο.Ε. (800182757),800182757,ΚΟΝΤΟΓΕΩΡΓΗΣ Π.  ΣΙΑ Ο.Ε. (800182757),73.98,,
9ΣΖ34690ΒΧ-ΙΙ9,2025-12-19,ΕΝΤΑΛΜΑ ΠΛΗΡΩΜΗΣ ΖΑΒΙΤΣΑΝΟΣ ΙΩΑΝΝΗΣ ΑΠΟΣΤ. (010138137),010138137,ΖΑΒΙΤΣΑΝΟΣ ΙΩΑΝΝΗΣ ΑΠΟΣΤ. (010138137),5400.0,,
ΨΠ654690ΒΧ-ΤΓΙ,2025-12-19,ΕΝΤΑΛΜΑ ΠΛΗΡΩΜΗΣ ΔΟΥΚΑΣ ΝΙΚΟΛΑΟΣ (049685100),049685100,ΔΟΥΚΑΣ ΝΙΚΟΛΑΟΣ (049685100),36.9,,
ΡΚΣ44690ΒΧ-7Γ9,2025-12-19,ΕΝΤΑΛΜΑ ΠΛΗΡΩΜΗΣ ΑΧΟΡΤΑΓΟΣ express -ΦΙΛΙΠΠΑΣ Δ. ΜΙΧΑΗΛ (301392557),301392557,ΑΧΟΡΤΑΓΟΣ express -ΦΙΛΙΠΠΑΣ Δ. ΜΙΧΑΗΛ (301392557),150.0,,
9Λ8Ξ4690ΒΧ-4ΧΥ,2025-12-19,ΕΝΤΑΛΜΑ ΠΛΗΡΩΜΗΣ Α.ΜΗΤΣΟΥΡΑ - Ε.ΣΤΑΥΡΑΚΑΣ   ΣΙΑ Ο.Ε (092052246),092052246,Α.ΜΗΤΣΟΥΡΑ - Ε.ΣΤΑΥΡΑΚΑΣ   ΣΙΑ Ο.Ε (092052246),691.18,,
6Γ3Ξ4690ΒΧ-ΞΛΛ,2025-12-19,ΕΝΤΑΛΜΑ ΠΛΗΡΩΜΗΣ TYPO-CENTER ΓΕΡ.ΒΕΡΓΙΝΗΣ (028558054),028558054,TYPO-CENTER ΓΕΡ.ΒΕΡΓΙΝΗΣ (028558054),343.16,,
ΡΗΡΟ4690ΒΧ-Β7Σ,2025-12-19,ΕΝΤΑΛΜΑ ΠΛΗΡΩΜΗΣ PROFI ΤΕΧΝΙΚΟ SUPER MARKET (800326038),800326038,PROFI ΤΕΧΝΙΚΟ SUPER MARKET (800326038),189.99,,
6Ξ524690ΒΧ-ΖΘΔ,2025-12-19,ΕΝΤΑΛΜΑ ΠΛΗΡΩΜΗΣ PROFI ΤΕΧΝΙΚΟ SUPER MARKET (800326038),800326038,PROFI ΤΕΧΝΙΚΟ SUPER MARKET (800326038),227.9,,
Ρ9ΜΔ4690ΒΧ-ΒΥΞ,2025-12-19,ΕΝΤΑΛΜΑ ΠΛΗΡΩΜΗΣ PYROLEFKAS IKE (802407080),802407080,PYROLEFKAS IKE (802407080),2222.08,,
96Κ24690ΒΧ-ΨΤΔ,2025-12-19,ΕΝΤΑΛΜΑ ΠΛΗΡΩΜΗΣ PYROLEFKAS IKE (802407080),802407080,PYROLEFKAS IKE (802407080),52.08,,
ΨΚΟΙ4690ΒΧ-2Φ5,2025-12-19,ΕΝΤΑΛΜΑ ΠΛΗΡΩΜΗΣ CLEAN WASH EXPRESS ΜΟΝΟΠΡΟΣΩΠΗ Ι.Κ.Ε. (802560756),802560756,CLEAN WASH EXPRESS ΜΟΝΟΠΡΟΣΩΠΗ Ι.Κ.Ε. (802560756),6465.58,,
6ΧΛΤ4690ΒΧ-6Α3,2025-12-19,ΕΝΤΑΛΜΑ ΠΛΗΡΩΜΗΣ ΔΗΜΟΣ ΛΕΥΚΑΔΑΣ (997916281),997916281,ΔΗΜΟΣ ΛΕΥΚΑΔΑΣ (997916281),81.0,,
9ΟΠΦ4690ΒΧ-ΤΦ4,2025-12-19,ΕΝΤΑΛΜΑ ΠΛΗΡΩΜΗΣ ΔΗΜΟΣ ΛΕΥΚΑΔΑΣ (997916281),997916281,ΔΗΜΟΣ ΛΕΥΚΑΔΑΣ (997916281),9.0,,
ΨΦΜΤ4690ΒΧ-ΓΘ6,2025-12-19,ΕΝΤΑΛΜΑ ΠΛΗΡΩΜΗΣ ΔΗΜΟΣ ΛΕΥΚΑΔΑΣ (997916281),997916281,ΔΗΜΟΣ ΛΕΥΚΑΔΑΣ (997916281),17.01,,
9Γ254690ΒΧ-ΠΓ8,2025-12-19,ΕΝΤΑΛΜΑ ΠΛΗΡΩΜΗΣ ΔΗΜΟΣ ΛΕΥΚΑΔΑΣ (997916281),997916281,ΔΗΜΟΣ ΛΕΥΚΑΔΑΣ (997916281),18580.0,,
6Η3Τ4690ΒΧ-ΚΗΠ,2025-12-23,ΕΝΤΑΛΜΑ ΠΛΗΡΩΜΗΣ ΜΠΑΛΑΣΚΑΣ ΓΕΩΡΓΙΟΣ (073571028),073571028,ΜΠΑΛΑΣΚΑΣ ΓΕΩΡΓΙΟΣ (073571028),822.88,,
ΡΨΑΒ4690ΒΧ-ΧΗ4,2025-12-23,ΕΝΤΑΛΜΑ ΠΛΗΡΩΜΗΣ ΜΠΑΛΑΣΚΑΣ ΓΕΩΡΓΙΟΣ (073571028),073571028,ΜΠΑΛΑΣΚΑΣ ΓΕΩΡΓΙΟΣ (073571028),1231.3,,
ΨΒΑΗ4690ΒΧ-Ψ1Α,2025-12-19,ΕΝΤΑΛΜΑ ΠΛΗΡΩΜΗΣ ΚΑΤΩΠΟΔΗΣ Μ.-ΚΑΒΒΑΔΑ Ε.Ε.Π.Ε. (997917019),997917019,ΚΑΤΩΠΟΔΗΣ Μ.-ΚΑΒΒΑΔΑ Ε.Ε.Π.Ε. (997917019),26.99,,
94ΞΒ4690ΒΧ-ΕΜΟ,2025-12-19,ΕΝΤΑΛΜΑ ΠΛΗΡΩΜΗΣ ΚΑΤΩΠΟΔΗΣ Μ.-ΚΑΒΒΑΔΑ Ε.Ε.Π.Ε. (997917019),997917019,ΚΑΤΩΠΟΔΗΣ Μ.-ΚΑΒΒΑΔΑ Ε.Ε.Π.Ε. (997917019),2334.74,,
6ΣΤ44690ΒΧ-ΡΝ7,2025-12-19,ΕΝΤΑΛΜΑ ΠΛΗΡΩΜΗΣ ΚΑΤΩΠΟΔΗΣ Μ.-ΚΑΒΒΑΔΑ Ε.Ε.Π.Ε. (997917019),997917019,ΚΑΤΩΠΟΔΗΣ Μ.-ΚΑΒΒΑΔΑ Ε.Ε.Π.Ε. (997917019),138.88,,
Ρ7ΑΙ4690ΒΧ-ΖΝ3,2025-12-19,ΕΝΤΑΛΜΑ ΠΛΗΡΩΜΗΣ ΚΑΤΩΠΟΔΗΣ Μ.-ΚΑΒΒΑΔΑ Ε.Ε.Π.Ε. (997917019),997917019,ΚΑΤΩΠΟΔΗΣ Μ.-ΚΑΒΒΑΔΑ Ε.Ε.Π.Ε. (997917019),4093.88,,
9Η044690ΒΧ-ΕΛΝ,2025-12-19,ΕΝΤΑΛΜΑ ΠΛΗΡΩΜΗΣ ΚΑΚΑΒΟΣ Ι.ΔΗΜΗΤΡΙΟΣ (119540879),119540879,ΚΑΚΑΒΟΣ Ι.ΔΗΜΗΤΡΙΟΣ (119540879),11069.17,,
Ρ7ΞΛ4690ΒΧ-ΗΧΘ,2025-12-19,ΕΝΤΑΛΜΑ ΠΛΗΡΩΜΗΣ ΚΑΚΑΒΟΣ Ι.ΔΗΜΗΤΡΙΟΣ (119540879),119540879,ΚΑΚΑΒΟΣ Ι.ΔΗΜΗΤΡΙΟΣ (119540879),786.48,,
ΡΟΒΒ4690ΒΧ-ΚΗ9,2025-12-19,ΕΝΤΑΛΜΑ ΠΛΗΡΩΜΗΣ ΘΕΟΧΑΡΗΣ ΚΩΝΣΤΑΝΤΙΝΟΣ (074168641),074168641,ΘΕΟΧΑΡΗΣ ΚΩΝΣΤΑΝΤΙΝΟΣ (074168641),762.91,,
ΨΒ874690ΒΧ-68Λ,2025-12-19,ΕΝΤΑΛΜΑ ΠΛΗΡΩΜΗΣ ΘΕΟΧΑΡΗΣ ΚΩΝΣΤΑΝΤΙΝΟΣ (074168641),074168641,ΘΕΟΧΑΡΗΣ ΚΩΝΣΤΑΝΤΙΝΟΣ (074168641),58.9,,
91ΞΦ4690ΒΧ-3Δ4,2025-12-19,ΕΝΤΑΛΜΑ ΠΛΗΡΩΜΗΣ ΘΕΟΧΑΡΗΣ ΚΩΝΣΤΑΝΤΙΝΟΣ (074168641),074168641,ΘΕΟΧΑΡΗΣ ΚΩΝΣΤΑΝΤΙΝΟΣ (074168641),3717.83,,
9ΖΑ14690ΒΧ-919,2025-12-23,ΕΝΤΑΛΜΑ ΠΛΗΡΩΜΗΣ ΑΙΑΝΤΑΣ ΤΡΟΦΟΔΟΣΙΕΣ-ΕΙΣΑΓΩΓΙΚΗ   ΕΞΑΓΩΓΙΚΗ ΑΕ (081808560),081808560,ΑΙΑΝΤΑΣ ΤΡΟΦΟΔΟΣΙΕΣ-ΕΙΣΑΓΩΓΙΚΗ   ΕΞΑΓΩΓΙΚΗ ΑΕ (081808560),4389.64,,
Ψ9ΑΘ4690ΒΧ-ΡΩΩ,2025-12-23,ΕΝΤΑΛΜΑ ΠΛΗΡΩΜΗΣ ΄΄ΦΑΡΜΑ ΚΙΡΚΗ΄΄ ΕΙΡΗΝΗ ΦΕΡΕΝΤΙΝΟΥ ΜΟΝ/ΠΗ ΙΚΕ (800908604),800908604,΄΄ΦΑΡΜΑ ΚΙΡΚΗ΄΄ ΕΙΡΗΝΗ ΦΕΡΕΝΤΙΝΟΥ ΜΟΝ/ΠΗ ΙΚΕ (800908604),1378.74,,
Ρ1ΞΖ4690ΒΧ-316,2025-12-23,ΕΝΤΑΛΜΑ ΠΛΗΡΩΜΗΣ ΟΥΡΑΝΙΑ ΚΟΝΤΟΓΙΑΝΝΗ   ΣΙΑ Ε.Ε. (802824232),802824232,ΟΥΡΑΝΙΑ ΚΟΝΤΟΓΙΑΝΝΗ   ΣΙΑ Ε.Ε. (802824232),6265.8,,
6ΖΧ84690ΒΧ-Β9Τ,2025-12-23,ΕΝΤΑΛΜΑ ΠΛΗΡΩΜΗΣ ΚΑΡΑΤΖΑ ΕΛΛΗ ΣΤΥΛΙΑΝΟΣ (132588267),132588267,ΚΑΡΑΤΖΑ ΕΛΛΗ ΣΤΥΛΙΑΝΟΣ (132588267),4681.2,,
9Υ4Ν4690ΒΧ-ΜΙΕ,2025-12-23,ΕΝΤΑΛΜΑ ΠΛΗΡΩΜΗΣ ΔΙΣΝΙΤΣΑΣ ΛΕΩΝΙΔΑΣ (029818051),029818051,ΔΙΣΝΙΤΣΑΣ ΛΕΩΝΙΔΑΣ (029818051),1199.37,,
9ΜΣ54690ΒΧ-ΒΚ4,2025-12-23,ΕΝΤΑΛΜΑ ΠΛΗΡΩΜΗΣ ΔΙΣΝΙΤΣΑΣ ΛΕΩΝΙΔΑΣ (029818051),029818051,ΔΙΣΝΙΤΣΑΣ ΛΕΩΝΙΔΑΣ (029818051),4199.44,,
9ΚΓΔ4690ΒΧ-ΑΕ4,2025-12-18,ΕΝΤΑΛΜΑ ΠΛΗΡΩΜΗΣ ΟΡΑΜΑ Α.Ε. (999873782),999873782,ΟΡΑΜΑ Α.Ε. (999873782),881.4,,
Ψ5ΧΛ4690ΒΧ-Κ7Β,2025-12-16,ΕΝΤΑΛΜΑ ΠΛΗΡΩΜΗΣ ΙΝΕΞ ΙΑΤΡΙΚΑ Α.Ε (094356041),094356041,ΙΝΕΞ ΙΑΤΡΙΚΑ Α.Ε (094356041),1737.94,,
9ΞΥΧ4690ΒΧ-ΞΔ7,2025-12-16,ΕΝΤΑΛΜΑ ΠΛΗΡΩΜΗΣ ΙΝΕΞ ΙΑΤΡΙΚΑ Α.Ε (094356041),094356041,ΙΝΕΞ ΙΑΤΡΙΚΑ Α.Ε (094356041),819.05,,
6ΓΙΤ4690ΒΧ-Τ0Ν,2025-12-18,ΕΝΤΑΛΜΑ ΠΛΗΡΩΜΗΣ ΙΑΤΡΙΚΑ ΒΟΗΘΗΜΑΤΑ Ι.Κ.Ε (999815729),999815729,ΙΑΤΡΙΚΑ ΒΟΗΘΗΜΑΤΑ Ι.Κ.Ε (999815729),669.6,,
ΨΥΡΗ4690ΒΧ-93Θ,2025-12-18,ΕΝΤΑΛΜΑ ΠΛΗΡΩΜΗΣ ΙΑΤΡΙΚΑ ΒΟΗΘΗΜΑΤΑ Ι.Κ.Ε (999815729),999815729,ΙΑΤΡΙΚΑ ΒΟΗΘΗΜΑΤΑ Ι.Κ.Ε (999815729),37.82,,
97ΚΤ4690ΒΧ-ΑΧ4,2025-12-18,ΕΝΤΑΛΜΑ ΠΛΗΡΩΜΗΣ ΔΕΡΚΑ ΙΑΤΡΙΚΑ ΕΠΕ (999687125),999687125,ΔΕΡΚΑ ΙΑΤΡΙΚΑ ΕΠΕ (999687125),53.32,,
621Η4690ΒΧ-ΟΒΒ,2025-12-18,ΕΝΤΑΛΜΑ ΠΛΗΡΩΜΗΣ ΑΡΗΤΗ Α.Ε. (094251753),094251753,ΑΡΗΤΗ Α.Ε. (094251753),1424.93,,
90Η94690ΒΧ-Μ76,2025-12-18,ΕΝΤΑΛΜΑ ΠΛΗΡΩΜΗΣ ΑΡΗΤΗ Α.Ε. (094251753),094251753,ΑΡΗΤΗ Α.Ε. (094251753),5849.92,,
9ΗΟΩ4690ΒΧ-ΘΔΗ,2025-12-18,ΕΝΤΑΛΜΑ ΠΛΗΡΩΜΗΣ ΑΠ.ΘΩΜΑΔΑΚΗΣ   ΣΙΑ ΕΕ (998210454),998210454,ΑΠ.ΘΩΜΑΔΑΚΗΣ   ΣΙΑ ΕΕ (998210454),229.34,,
68ΡΡ4690ΒΧ-ΕΔΔ,2025-12-18,ΕΝΤΑΛΜΑ ΠΛΗΡΩΜΗΣ Α ΒΛΑΧΟΥ  ΣΙΑ ΟΕ (081940778),081940778,Α ΒΛΑΧΟΥ  ΣΙΑ ΟΕ (081940778),245.52,,
9ΟΧΑ4690ΒΧ-4ΨΩ,2025-12-18,ΕΝΤΑΛΜΑ ΠΛΗΡΩΜΗΣ YΓΕΙΟΔΥΝΑΜΙΚΗ Α.Ε (997672386),997672386,YΓΕΙΟΔΥΝΑΜΙΚΗ Α.Ε (997672386),2662.9,,
6ΙΙΩ4690ΒΧ-ΕΛ1,2025-12-16,ΕΝΤΑΛΜΑ ΠΛΗΡΩΜΗΣ THERMOGRAFICA HELLAS ΕΠΕ (095083787),095083787,THERMOGRAFICA HELLAS ΕΠΕ (095083787),951.08,,
91Ι84690ΒΧ-Ρ6Λ,2025-12-18,ΕΝΤΑΛΜΑ ΠΛΗΡΩΜΗΣ TELEFLEX MEDICAL ΕΛΛΑΣ ΑΕΕ (094429990),094429990,TELEFLEX MEDICAL ΕΛΛΑΣ ΑΕΕ (094429990),263.86,,
6ΔΟ14690ΒΧ-ΑΕΖ,2025-12-18,ΕΝΤΑΛΜΑ ΠΛΗΡΩΜΗΣ Medical Dynamics A.E. (801725809),801725809,Medical Dynamics A.E. (801725809),1988.8,,
Ψ0ΝΕ4690ΒΧ-ΒΗΓ,2025-12-16,ΕΝΤΑΛΜΑ ΠΛΗΡΩΜΗΣ MILONAS HEALTH A.E. (998179225),998179225,MILONAS HEALTH A.E. (998179225),220.08,,
ΨΙΘΦ4690ΒΧ-Υ48,2025-12-16,ΕΝΤΑΛΜΑ ΠΛΗΡΩΜΗΣ MILONAS HEALTH A.E. (998179225),998179225,MILONAS HEALTH A.E. (998179225),1207.13,,
Ψ1984690ΒΧ-3Δ8,2025-12-16,ΕΝΤΑΛΜΑ ΠΛΗΡΩΜΗΣ MILONAS HEALTH A.E. (998179225),998179225,MILONAS HEALTH A.E. (998179225),144.58,,
9ΚΣΛ4690ΒΧ-0ΚΤ,2025-12-16,ΕΝΤΑΛΜΑ ΠΛΗΡΩΜΗΣ MILONAS HEALTH A.E. (998179225),998179225,MILONAS HEALTH A.E. (998179225),356.16,,
ΨΒΥΙ4690ΒΧ-ΔΙ6,2025-12-16,ΕΝΤΑΛΜΑ ΠΛΗΡΩΜΗΣ MILONAS HEALTH A.E. (998179225),998179225,MILONAS HEALTH A.E. (998179225),2300.26,,
9ΨΕΜ4690ΒΧ-ΖΥΠ,2025-12-18,ΕΝΤΑΛΜΑ ΠΛΗΡΩΜΗΣ MEDI SUP AE (094447320),094447320,MEDI SUP AE (094447320),881.4,,
ΨΖ924690ΒΧ-4Η9,2025-12-18,ΕΝΤΑΛΜΑ ΠΛΗΡΩΜΗΣ MEDI SUP AE (094447320),094447320,MEDI SUP AE (094447320),672.35,,
ΨΣ064690ΒΧ-ΟΜ3,2025-12-18,ΕΝΤΑΛΜΑ ΠΛΗΡΩΜΗΣ MAZ MEDICAL ΣΠΥΡΟΣ ΜΑΖΙΑΝΗΣ   ΣΙΑ ΕΕ (998547179),998547179,MAZ MEDICAL ΣΠΥΡΟΣ ΜΑΖΙΑΝΗΣ   ΣΙΑ ΕΕ (998547179),426.56,,
ΨΓΧΘ4690ΒΧ-ΛΩΖ,2025-12-18,ΕΝΤΑΛΜΑ ΠΛΗΡΩΜΗΣ BLUEMED ΝΙΚΟΣ ΜΙΓΚΟΣ   ΣΙΑ ΕΕ (998829681),998829681,BLUEMED ΝΙΚΟΣ ΜΙΓΚΟΣ   ΣΙΑ ΕΕ (998829681),310.75,,
Ψ2ΧΡ4690ΒΧ-Η5Ο,2025-12-18,ΕΝΤΑΛΜΑ ΠΛΗΡΩΜΗΣ AXION HEALTH (800384318),800384318,AXION HEALTH (800384318),1405.16,,
9Π344690ΒΧ-ΨΟ9,2025-12-18,ΕΝΤΑΛΜΑ ΠΛΗΡΩΜΗΣ AXION HEALTH (800384318),800384318,AXION HEALTH (800384318),1080.28,,
ΨΛΒΝ4690ΒΧ-ΨΒ9,2025-12-15,ΕΝΤΑΛΜΑ ΠΛΗΡΩΜΗΣ ΡΟΝΤΟΓΙΑΝΝΗΣ ΝΙΚΟΛΑΟΣ (301370400),301370400,ΡΟΝΤΟΓΙΑΝΝΗΣ ΝΙΚΟΛΑΟΣ (301370400),496.0,,
ΨΨΘ64690ΒΧ-69Σ,2025-12-15,ΕΝΤΑΛΜΑ ΠΛΗΡΩΜΗΣ ΠΗΝΕΛΟΠΗ Δ.ΚΥΡΚΟΥ (066483339),066483339,ΠΗΝΕΛΟΠΗ Δ.ΚΥΡΚΟΥ (066483339),186.0,,
6ΜΛ54690ΒΧ-Μ49,2025-12-16,ΕΝΤΑΛΜΑ ΠΛΗΡΩΜΗΣ ΞΕΝΟΦΩΝ ΓΕΡΜΑΝΟΣ Α.Ε.Ε. (094326835),094326835,ΞΕΝΟΦΩΝ ΓΕΡΜΑΝΟΣ Α.Ε.Ε. (094326835),240.06,,
ΨΜΜΜ4690ΒΧ-Ζ5Κ,2025-12-16,ΕΝΤΑΛΜΑ ΠΛΗΡΩΜΗΣ ΜΠΟΓΟΡΔΟΣ ΘΕΟΦΑΝΗΣ (059669236),059669236,ΜΠΟΓΟΡΔΟΣ ΘΕΟΦΑΝΗΣ (059669236),422.84,,
ΡΨΣ04690ΒΧ-Η4Θ,2025-12-15,ΕΝΤΑΛΜΑ ΠΛΗΡΩΜΗΣ ΘΩΜΑΣ ΚΡΗΤΙΚΟΣ (044166913),044166913,ΘΩΜΑΣ ΚΡΗΤΙΚΟΣ (044166913),38.57,,
ΕΠΚΟ4690ΒΧ-Η0Ζ,2025-12-15,ΕΝΤΑΛΜΑ ΠΛΗΡΩΜΗΣ ΕΥΡΟΜΑΡΤ Α.Ε. (094284004),094284004,ΕΥΡΟΜΑΡΤ Α.Ε. (094284004),35.39,,
Ψ6Ο14690ΒΧ-ΦΙ6,2025-12-15,ΕΝΤΑΛΜΑ ΠΛΗΡΩΜΗΣ ΕΥΡΟΜΑΡΤ Α.Ε. (094284004),094284004,ΕΥΡΟΜΑΡΤ Α.Ε. (094284004),179.4,,
9Π114690ΒΧ-Ρ7Ω,2025-12-15,ΕΝΤΑΛΜΑ ΠΛΗΡΩΜΗΣ ΕΥΡΟΜΑΡΤ Α.Ε. (094284004),094284004,ΕΥΡΟΜΑΡΤ Α.Ε. (094284004),136.68,,
ΡΓΔΧ4690ΒΧ-ΙΩΠ,2025-12-15,ΕΝΤΑΛΜΑ ΠΛΗΡΩΜΗΣ ΕΞΟΠΛΙΣΤΙΚΗ ΛΕΥΚΑΔΑΣ (801720654),801720654,ΕΞΟΠΛΙΣΤΙΚΗ ΛΕΥΚΑΔΑΣ (801720654),1069.87,,
ΨΙ2Σ4690ΒΧ-ΣΧ8,2025-12-15,ΕΝΤΑΛΜΑ ΠΛΗΡΩΜΗΣ ΕΛΛΗΝΙΚΑ ΚΑΥΣΙΜΑ ΟΡΥΚΤΕΛΑΙΑ ΜΟΝΟΠΡ.ΑΝΩΝ.ΒΙΟΜΗΧ.  ΕΜΠΟΡ.ΕΤΑΙΡΕΙΑ (094010146),094010146,ΕΛΛΗΝΙΚΑ ΚΑΥΣΙΜΑ ΟΡΥΚΤΕΛΑΙΑ ΜΟΝΟΠΡ.ΑΝΩΝ.ΒΙΟΜΗΧ.  ΕΜΠΟΡ.ΕΤΑΙΡΕΙΑ (094010146),34364.16,,
Ψ46Ω4690ΒΧ-ΔΒΜ,2025-12-15,ΕΝΤΑΛΜΑ ΠΛΗΡΩΜΗΣ ΕΛΛΕΝΚΟ Α.Ε. (094074824),094074824,ΕΛΛΕΝΚΟ Α.Ε. (094074824),237.3,,
ΡΟ6Ω4690ΒΧ-0Ρ8,2025-12-15,ΕΝΤΑΛΜΑ ΠΛΗΡΩΜΗΣ ΕΛΛΕΝΚΟ Α.Ε. (094074824),094074824,ΕΛΛΕΝΚΟ Α.Ε. (094074824),341.91,,
ΡΦΣ34690ΒΧ-Ζ2Ν,2025-12-08,ΕΝΤΑΛΜΑ ΠΛΗΡΩΜΗΣ ΓΕΩΡΓΙΟΣ ΚΕΦΑΛΑΣ ΣΙΑ Ε.Ε (801925973),801925973,ΓΕΩΡΓΙΟΣ ΚΕΦΑΛΑΣ ΣΙΑ Ε.Ε (801925973),1819.18,,
ΨΥΦΒ4690ΒΧ-6ΣΩ,2025-12-15,ΕΝΤΑΛΜΑ ΠΛΗΡΩΜΗΣ Rain bow waters (099328240),099328240,Rain bow waters (099328240),92.02,,
Ψ4ΡΓ4690ΒΧ-2ΩΑ,2025-12-16,ΕΝΤΑΛΜΑ ΠΛΗΡΩΜΗΣ PAUL HARTMANN Hellas A.E. (999862491),999862491,PAUL HARTMANN Hellas A.E. (999862491),446.4,,
Ψ9ΑΤ4690ΒΧ-ΖΒΡ,2025-12-08,ΕΝΤΑΛΜΑ ΠΛΗΡΩΜΗΣ KARL STORZ-ΕΝΔΟΣΚΟΠΙΑ ΕΛΛΑΔΟΣ Ε.Π.Ε (998361490),998361490,KARL STORZ-ΕΝΔΟΣΚΟΠΙΑ ΕΛΛΑΔΟΣ Ε.Π.Ε (998361490),3864.83,,
Ρ9ΤΤ4690ΒΧ-ΘΜΑ,2025-12-08,ΕΝΤΑΛΜΑ ΠΛΗΡΩΜΗΣ KARL STORZ-ΕΝΔΟΣΚΟΠΙΑ ΕΛΛΑΔΟΣ Ε.Π.Ε (998361490),998361490,KARL STORZ-ΕΝΔΟΣΚΟΠΙΑ ΕΛΛΑΔΟΣ Ε.Π.Ε (998361490),3484.4,,
ΨΠΞΙ4690ΒΧ-ΠΔ7,2025-12-16,ΕΝΤΑΛΜΑ ΠΛΗΡΩΜΗΣ INTER MEDICA ΕΜΜ.Τ.ΤΖΑΝΙΔΑΚΗΣ (011651035),011651035,INTER MEDICA ΕΜΜ.Τ.ΤΖΑΝΙΔΑΚΗΣ (011651035),694.4,,
99ΟΖ4690ΒΧ-7Ω6,2025-12-16,ΕΝΤΑΛΜΑ ΠΛΗΡΩΜΗΣ Drager Hellas S.A. (997799268),997799268,Drager Hellas S.A. (997799268),1267.9,,
Ρ7Σ14690ΒΧ-ΤΜ2,2025-12-15,ΕΝΤΑΛΜΑ ΠΛΗΡΩΜΗΣ DUCASCO-ΔΟΥΡΜΟΥΣΟΓΛΟΥ ΑΕΒΕ (999640490),999640490,DUCASCO-ΔΟΥΡΜΟΥΣΟΓΛΟΥ ΑΕΒΕ (999640490),209.96,,
ΡΡΗΔ4690ΒΧ-3ΘΩ,2025-12-15,ΕΝΤΑΛΜΑ ΠΛΗΡΩΜΗΣ ΤΗΛ.Κ.ΓΙΟΚΑΡΗΣ   ΣΙΑ ΟΕ DOCTOF (081564690),081564690,ΤΗΛ.Κ.ΓΙΟΚΑΡΗΣ   ΣΙΑ ΟΕ DOCTOF (081564690),4719.12,,
ΨΟΜΒ4690ΒΧ-Η0Ο,2025-12-15,ΕΝΤΑΛΜΑ ΠΛΗΡΩΜΗΣ ΒΕΡΜΑ ΝΤΡΑΓΚΣ ΑΒΕΕ (099363426),099363426,ΒΕΡΜΑ ΝΤΡΑΓΚΣ ΑΒΕΕ (099363426),1010.22,,
ΨΧΑΜ4690ΒΧ-Β43,2025-12-15,ΕΝΤΑΛΜΑ ΠΛΗΡΩΜΗΣ ΝΚ ΤΕΧΝΙΚΗ ΕΝΕΡΓΕΙΑΚΗ Ε.Ε. (997915143),997915143,ΝΚ ΤΕΧΝΙΚΗ ΕΝΕΡΓΕΙΑΚΗ Ε.Ε. (997915143),2642.17,,
9ΣΖΟ4690ΒΧ-7Χ7,2025-12-15,ΕΝΤΑΛΜΑ ΠΛΗΡΩΜΗΣ ΒΕΡΜΑ ΝΤΡΑΓΚΣ ΑΒΕΕ (099363426),099363426,ΒΕΡΜΑ ΝΤΡΑΓΚΣ ΑΒΕΕ (099363426),2831.48,,
6ΓΙΦ4690ΒΧ-ΙΜ6,2025-12-15,ΕΝΤΑΛΜΑ ΠΛΗΡΩΜΗΣ DOCTUM ΦΑΡΜΑΚΕΥΤΙΚΗ ΑΕ (094070315),094070315,DOCTUM ΦΑΡΜΑΚΕΥΤΙΚΗ ΑΕ (094070315),2338.26,,
9Μ1Φ4690ΒΧ-ΝΘ0,2025-12-10,ΕΝΤΑΛΜΑ ΠΛΗΡΩΜΗΣ DEMO A.Β.Ε.E. (094041553),094041553,DEMO A.Β.Ε.E. (094041553),2388.33,,
94ΝΟ4690ΒΧ-40Μ,2025-12-10,ΕΝΤΑΛΜΑ ΠΛΗΡΩΜΗΣ Ν.Πετσιάβας α.ε (094011782),094011782,Ν.Πετσιάβας α.ε (094011782),518.72,,
ΡΚΘΓ4690ΒΧ-ΩΕ5,2025-12-10,ΕΝΤΑΛΜΑ ΠΛΗΡΩΜΗΣ pharmalux ΑΙΜ-Ν.ΜΑΥΡΙΤΣΑΚΗΣ ΕΠ (095557229),095557229,pharmalux ΑΙΜ-Ν.ΜΑΥΡΙΤΣΑΚΗΣ ΕΠ (095557229),4.41,,
6Θ764690ΒΧ-1Φ1,2025-12-10,ΕΝΤΑΛΜΑ ΠΛΗΡΩΜΗΣ ΑΛΚΟΝ ΛΑΜΠΟΡΑΤΟΡΙΣ ΕΛΛΑΣ ΑΕΒΕ (094450895),094450895,ΑΛΚΟΝ ΛΑΜΠΟΡΑΤΟΡΙΣ ΕΛΛΑΣ ΑΕΒΕ (094450895),3.99,,
ΡΟΟΝ4690ΒΧ-ΟΦΤ,2025-12-10,ΕΝΤΑΛΜΑ ΠΛΗΡΩΜΗΣ ΝΟΒΟ ΝΟΡΝΤΙΣΚ ΕΛΛΑΣ ΕΠΕ (095164409),095164409,ΝΟΒΟ ΝΟΡΝΤΙΣΚ ΕΛΛΑΣ ΕΠΕ (095164409),218.72,,
ΨΗΕΖ4690ΒΧ-ΒΗ8,2025-12-10,ΕΝΤΑΛΜΑ ΠΛΗΡΩΜΗΣ ΝΟΒΟ ΝΟΡΝΤΙΣΚ ΕΛΛΑΣ ΕΠΕ (095164409),095164409,ΝΟΒΟ ΝΟΡΝΤΙΣΚ ΕΛΛΑΣ ΕΠΕ (095164409),16.99,,
9ΤΑΘ4690ΒΧ-Ζ47,2025-12-10,ΕΝΤΑΛΜΑ ΠΛΗΡΩΜΗΣ ΦΑΡΜΑΚΑΠΟΘΗΚΗ ΑΛΦΑ ΩΜΕΓΑ Α.Ε. (998103396),998103396,ΦΑΡΜΑΚΑΠΟΘΗΚΗ ΑΛΦΑ ΩΜΕΓΑ Α.Ε. (998103396),147.78,,
Ρ9ΟΘ4690ΒΧ-Δ3Ρ,2025-12-08,ΕΝΤΑΛΜΑ ΠΛΗΡΩΜΗΣ ΝΙΚ.Ι.ΛΑΊΝΙΩΤΗΣ Α.Ε.Β.Ε (093628458),093628458,ΝΙΚ.Ι.ΛΑΊΝΙΩΤΗΣ Α.Ε.Β.Ε (093628458),436.78,,
9ΞΖΜ4690ΒΧ-ΑΕ4,2025-12-08,ΕΝΤΑΛΜΑ ΠΛΗΡΩΜΗΣ ΝΙΚ.Ι.ΛΑΊΝΙΩΤΗΣ Α.Ε.Β.Ε (093628458),093628458,ΝΙΚ.Ι.ΛΑΊΝΙΩΤΗΣ Α.Ε.Β.Ε (093628458),835.07,,
Ψ4ΤΡ4690ΒΧ-1Σ9,2025-12-08,ΕΝΤΑΛΜΑ ΠΛΗΡΩΜΗΣ ΝΙΚ.Ι.ΛΑΊΝΙΩΤΗΣ Α.Ε.Β.Ε (093628458),093628458,ΝΙΚ.Ι.ΛΑΊΝΙΩΤΗΣ Α.Ε.Β.Ε (093628458),891.52,,
9ΛΕ54690ΒΧ-3ΕΠ,2025-12-08,ΕΝΤΑΛΜΑ ΠΛΗΡΩΜΗΣ ΝΙΚ.Ι.ΛΑΊΝΙΩΤΗΣ Α.Ε.Β.Ε (093628458),093628458,ΝΙΚ.Ι.ΛΑΊΝΙΩΤΗΣ Α.Ε.Β.Ε (093628458),147.53,,
ΡΒΔ14690ΒΧ-ΕΜΧ,2025-12-08,ΕΝΤΑΛΜΑ ΠΛΗΡΩΜΗΣ ΝΙΚ.Ι.ΛΑΊΝΙΩΤΗΣ Α.Ε.Β.Ε (093628458),093628458,ΝΙΚ.Ι.ΛΑΊΝΙΩΤΗΣ Α.Ε.Β.Ε (093628458),2082.71,,
Ψ0Ρ44690ΒΧ-2ΦΙ,2025-12-08,ΕΝΤΑΛΜΑ ΠΛΗΡΩΜΗΣ ΝΙΚ.Ι.ΛΑΊΝΙΩΤΗΣ Α.Ε.Β.Ε (093628458),093628458,ΝΙΚ.Ι.ΛΑΊΝΙΩΤΗΣ Α.Ε.Β.Ε (093628458),640.03,,
ΨΛ2Θ4690ΒΧ-ΝΚΣ,2025-12-08,ΕΝΤΑΛΜΑ ΠΛΗΡΩΜΗΣ Ν.ΠΡΟΚΟΣ   ΣΙΑ Ο.Ε. (999426109),999426109,Ν.ΠΡΟΚΟΣ   ΣΙΑ Ο.Ε. (999426109),28.72,,
9Ξ514690ΒΧ-92Υ,2025-12-08,ΕΝΤΑΛΜΑ ΠΛΗΡΩΜΗΣ ΛΑΠΠΑΣ ΑΕ (998165036),998165036,ΛΑΠΠΑΣ ΑΕ (998165036),329.84,,
9Θ5Ξ4690ΒΧ-Τ08,2025-12-08,ΕΝΤΑΛΜΑ ΠΛΗΡΩΜΗΣ Κωστας Α.Παπαέλληνας(ΕλλάςΑΕΒΕ) (094075360),094075360,Κωστας Α.Παπαέλληνας(ΕλλάςΑΕΒΕ) (094075360),96.05,,
ΨΛΚ24690ΒΧ-ΚΩΔ,2025-12-08,ΕΝΤΑΛΜΑ ΠΛΗΡΩΜΗΣ ΕΜ.Γ.ΛΑΒΔΑΚΗΣ Ο.Ε (081576638),081576638,ΕΜ.Γ.ΛΑΒΔΑΚΗΣ Ο.Ε (081576638),309.94,,
61ΚΠ4690ΒΧ-ΜΟΜ,2025-12-08,ΕΝΤΑΛΜΑ ΠΛΗΡΩΜΗΣ VAKTRO SCIENTIFIC ΣΤΑΥΡΟΣ ΑΓΓΕΛΟΠΟΥΛΟΣ   ΣΙΑ Ο.Ε (084221869),084221869,VAKTRO SCIENTIFIC ΣΤΑΥΡΟΣ ΑΓΓΕΛΟΠΟΥΛΟΣ   ΣΙΑ Ο.Ε (084221869),43400.0,,
Ρ9Β74690ΒΧ-35Β,2025-12-08,ΕΝΤΑΛΜΑ ΠΛΗΡΩΜΗΣ VAKTRO SCIENTIFIC ΣΤΑΥΡΟΣ ΑΓΓΕΛΟΠΟΥΛΟΣ   ΣΙΑ Ο.Ε (084221869),084221869,VAKTRO SCIENTIFIC ΣΤΑΥΡΟΣ ΑΓΓΕΛΟΠΟΥΛΟΣ   ΣΙΑ Ο.Ε (084221869),3571.2,,
ΨΚ8Ξ4690ΒΧ-4ΤΑ,2025-12-08,ΕΝΤΑΛΜΑ ΠΛΗΡΩΜΗΣ VAKTRO SCIENTIFIC ΣΤΑΥΡΟΣ ΑΓΓΕΛΟΠΟΥΛΟΣ   ΣΙΑ Ο.Ε (084221869),084221869,VAKTRO SCIENTIFIC ΣΤΑΥΡΟΣ ΑΓΓΕΛΟΠΟΥΛΟΣ   ΣΙΑ Ο.Ε (084221869),2856.32,,
ΨΠΑΣ4690ΒΧ-ΙΜΩ,2025-12-08,ΕΝΤΑΛΜΑ ΠΛΗΡΩΜΗΣ VAKTRO SCIENTIFIC ΣΤΑΥΡΟΣ ΑΓΓΕΛΟΠΟΥΛΟΣ   ΣΙΑ Ο.Ε (084221869),084221869,VAKTRO SCIENTIFIC ΣΤΑΥΡΟΣ ΑΓΓΕΛΟΠΟΥΛΟΣ   ΣΙΑ Ο.Ε (084221869),6239.8,,
ΨΡΣΞ4690ΒΧ-ΩΟΕ,2025-12-08,ΕΝΤΑΛΜΑ ΠΛΗΡΩΜΗΣ SMART TECHNICAL SOLUTIONS M.IKE (800743866),800743866,SMART TECHNICAL SOLUTIONS M.IKE (800743866),1267.9,,
ΨΑΓ54690ΒΧ-5ΘΘ,2025-12-08,ΕΝΤΑΛΜΑ ΠΛΗΡΩΜΗΣ Rethink ΑΕΒΕ (999125269),999125269,Rethink ΑΕΒΕ (999125269),884.0,,
ΨΨΚΘ4690ΒΧ-933,2025-12-08,ΕΝΤΑΛΜΑ ΠΛΗΡΩΜΗΣ OTIS ΕΛΛΑΣ ΜΟΝΟΠΡΟΣΩΠΗ ΑΝΩΝ.ΒΙΟΜ.   ΕΜΠ.ΤΕΧΝ.ΕΤΑΙΡΕΙΑ (094208578),094208578,OTIS ΕΛΛΑΣ ΜΟΝΟΠΡΟΣΩΠΗ ΑΝΩΝ.ΒΙΟΜ.   ΕΜΠ.ΤΕΧΝ.ΕΤΑΙΡΕΙΑ (094208578),1165.6,,
ΨΗΕ94690ΒΧ-ΖΜ4,2025-12-08,ΕΝΤΑΛΜΑ ΠΛΗΡΩΜΗΣ INSIDE ΙΑΤΡΙΚΕΣ ΤΕΧΝΟΛΟΓΙΕΣ ΜΟΝΟΠΡΟΣΩΠΗ Ι.Κ.Ε. (800777790),800777790,INSIDE ΙΑΤΡΙΚΕΣ ΤΕΧΝΟΛΟΓΙΕΣ ΜΟΝΟΠΡΟΣΩΠΗ Ι.Κ.Ε. (800777790),528.24,,
ΨΟΑ94690ΒΧ-Υ1Δ,2025-12-08,ΕΝΤΑΛΜΑ ΠΛΗΡΩΜΗΣ INSIDE ΙΑΤΡΙΚΕΣ ΤΕΧΝΟΛΟΓΙΕΣ ΜΟΝΟΠΡΟΣΩΠΗ Ι.Κ.Ε. (800777790),800777790,INSIDE ΙΑΤΡΙΚΕΣ ΤΕΧΝΟΛΟΓΙΕΣ ΜΟΝΟΠΡΟΣΩΠΗ Ι.Κ.Ε. (800777790),154.38,,
Ψ6ΗΝ4690ΒΧ-60Λ,2025-12-08,ΕΝΤΑΛΜΑ ΠΛΗΡΩΜΗΣ INSIDE ΙΑΤΡΙΚΕΣ ΤΕΧΝΟΛΟΓΙΕΣ ΜΟΝΟΠΡΟΣΩΠΗ Ι.Κ.Ε. (800777790),800777790,INSIDE ΙΑΤΡΙΚΕΣ ΤΕΧΝΟΛΟΓΙΕΣ ΜΟΝΟΠΡΟΣΩΠΗ Ι.Κ.Ε. (800777790),2916.72,,
ΡΨΑΚ4690ΒΧ-4ΤΙ,2025-11-21,ΕΝΤΑΛΜΑ ΠΛΗΡΩΜΗΣ ZIMMER BIOMET ΕΛΛΑΣ ΜΟΝ/ΠΗ Α.Ε (094437885),094437885,ZIMMER BIOMET ΕΛΛΑΣ ΜΟΝ/ΠΗ Α.Ε (094437885),2836.3,,
ΨΗΕΗ4690ΒΧ-ΠΘΖ,2025-11-21,ΕΝΤΑΛΜΑ ΠΛΗΡΩΜΗΣ ZIMMER BIOMET ΕΛΛΑΣ ΜΟΝ/ΠΗ Α.Ε (094437885),094437885,ZIMMER BIOMET ΕΛΛΑΣ ΜΟΝ/ΠΗ Α.Ε (094437885),4684.54,,
9ΤΚΠ4690ΒΧ-ΔΚΥ,2025-11-21,ΕΝΤΑΛΜΑ ΠΛΗΡΩΜΗΣ ZIMMER BIOMET ΕΛΛΑΣ ΜΟΝ/ΠΗ Α.Ε (094437885),094437885,ZIMMER BIOMET ΕΛΛΑΣ ΜΟΝ/ΠΗ Α.Ε (094437885),3674.55,,
ΨΥΖΠ4690ΒΧ-ΞΨ8,2025-11-21,ΕΝΤΑΛΜΑ ΠΛΗΡΩΜΗΣ ZIMMER BIOMET ΕΛΛΑΣ ΜΟΝ/ΠΗ Α.Ε (094437885),094437885,ZIMMER BIOMET ΕΛΛΑΣ ΜΟΝ/ΠΗ Α.Ε (094437885),4635.05,,
99344690ΒΧ-ΣΞΜ,2025-11-21,ΕΝΤΑΛΜΑ ΠΛΗΡΩΜΗΣ NEW DIAGNOSTIC DIMENSION LTD (095618368),095618368,NEW DIAGNOSTIC DIMENSION LTD (095618368),1705.54,,
6ΜΖΡ4690ΒΧ-1Δ2,2025-11-21,ΕΝΤΑΛΜΑ ΠΛΗΡΩΜΗΣ MEDINOR ΕΕ (082802380),082802380,MEDINOR ΕΕ (082802380),657.0,,
6ΘΟΝ4690ΒΧ-3ΔΡ,2025-11-21,ΕΝΤΑΛΜΑ ΠΛΗΡΩΜΗΣ MEDINOR ΕΕ (082802380),082802380,MEDINOR ΕΕ (082802380),2648.24,,
ΨΔΨΜ4690ΒΧ-7ΒΚ,2025-11-21,ΕΝΤΑΛΜΑ ΠΛΗΡΩΜΗΣ MEDINOR ΕΕ (082802380),082802380,MEDINOR ΕΕ (082802380),1243.52,,
ΨΨΜΧ4690ΒΧ-ΟΦΔ,2025-11-21,ΕΝΤΑΛΜΑ ΠΛΗΡΩΜΗΣ ELFAMED AE (800378686),800378686,ELFAMED AE (800378686),2119.15,,
ΨΕ704690ΒΧ-Φ86,2025-11-21,ΕΝΤΑΛΜΑ ΠΛΗΡΩΜΗΣ SANTAIR Α.Ε. (094497279),094497279,SANTAIR Α.Ε. (094497279),631.78,,
ΨΦΕΡ4690ΒΧ-5Η3,2025-11-21,ΕΝΤΑΛΜΑ ΠΛΗΡΩΜΗΣ RONTIS HELLAS AEBE (095335610),095335610,RONTIS HELLAS AEBE (095335610),1335.74,,
Ψ4ΚΧ4690ΒΧ-Ω3Ζ,2025-11-21,ΕΝΤΑΛΜΑ ΠΛΗΡΩΜΗΣ RONTIS HELLAS AEBE (095335610),095335610,RONTIS HELLAS AEBE (095335610),854.43,,
Ψ12Κ4690ΒΧ-ΧΟΚ,2025-11-21,ΕΝΤΑΛΜΑ ΠΛΗΡΩΜΗΣ BIOTRANS A.E (999506681),999506681,BIOTRANS A.E (999506681),1342.42,,
ΡΡΟΕ4690ΒΧ-Κ5Γ,2025-11-21,ΕΝΤΑΛΜΑ ΠΛΗΡΩΜΗΣ ALLMED E.E. (997564511),997564511,ALLMED E.E. (997564511),1502.1,,
9ΝΣΤ4690ΒΧ-ΔΙ5,2025-11-21,ΕΝΤΑΛΜΑ ΠΛΗΡΩΜΗΣ ALLMED E.E. (997564511),997564511,ALLMED E.E. (997564511),71.92,,
9ΠΕΑ4690ΒΧ-ΑΜ0,2025-11-21,ΕΝΤΑΛΜΑ ΠΛΗΡΩΜΗΣ ALLMED E.E. (997564511),997564511,ALLMED E.E. (997564511),1429.38,,
ΡΨΓΩ4690ΒΧ-ΕΟΑ,2025-11-21,ΕΝΤΑΛΜΑ ΠΛΗΡΩΜΗΣ SANTAIR Α.Ε. (094497279),094497279,SANTAIR Α.Ε. (094497279),855.6,,
9Ο3Ψ4690ΒΧ-ΙΓΩ,2025-11-24,ΕΝΤΑΛΜΑ ΠΛΗΡΩΜΗΣ ΕΚΤΗ ΥΠΕ (999100797),999100797,ΕΚΤΗ ΥΠΕ (999100797),221.82,,
Ψ9ΡΠ4690ΒΧ-ΞΜΚ,2025-11-11,ΕΝΤΑΛΜΑ ΠΛΗΡΩΜΗΣ ΦΡΟΝΕΙΝ ΙΚΕ (800870900),800870900,ΦΡΟΝΕΙΝ ΙΚΕ (800870900),4650.0,,
Ψ8Ω04690ΒΧ-3ΜΔ,2025-11-11,ΕΝΤΑΛΜΑ ΠΛΗΡΩΜΗΣ ΕΛΛΗΝ.ΕΠΙΤΡ.ΑΤΟΜΙΚΗΣ ΕΝΕΡΓΕΙΑΣ (090085792),090085792,ΕΛΛΗΝ.ΕΠΙΤΡ.ΑΤΟΜΙΚΗΣ ΕΝΕΡΓΕΙΑΣ (090085792),54.56,,
6Γ0Π4690ΒΧ-57Ξ,2025-11-11,ΕΝΤΑΛΜΑ ΠΛΗΡΩΜΗΣ ΑΡΘΡΩΣΙΣ ΙΑΤΡΙΚΑ ΕΙΔΗ Α.Ε. (082899566),082899566,ΑΡΘΡΩΣΙΣ ΙΑΤΡΙΚΑ ΕΙΔΗ Α.Ε. (082899566),1657.71,,
97ΖΧ4690ΒΧ-ΙΛΩ,2025-11-11,ΕΝΤΑΛΜΑ ΠΛΗΡΩΜΗΣ ΑΡΘΡΩΣΙΣ ΙΑΤΡΙΚΑ ΕΙΔΗ Α.Ε. (082899566),082899566,ΑΡΘΡΩΣΙΣ ΙΑΤΡΙΚΑ ΕΙΔΗ Α.Ε. (082899566),779.7,,
6Ζ2Χ4690ΒΧ-ΗΩΛ,2025-11-11,ΕΝΤΑΛΜΑ ΠΛΗΡΩΜΗΣ SIEMENS HEALTHINEERS A.E. (094456875),094456875,SIEMENS HEALTHINEERS A.E. (094456875),8261.22,,
9ΥΖ14690ΒΧ-2ΑΒ,2025-11-11,ΕΝΤΑΛΜΑ ΠΛΗΡΩΜΗΣ ''BIOSENSE'' ΑΝΔΡΙΩΤΗ Ε   ΣΙΑ Ε.Ε. (800366706),800366706,''BIOSENSE'' ΑΝΔΡΙΩΤΗ Ε   ΣΙΑ Ε.Ε. (800366706),818.4,,
ΨΦΓ14690ΒΧ-Δ6Ω,2025-11-11,ΕΝΤΑΛΜΑ ΠΛΗΡΩΜΗΣ ''BIOSENSE'' ΑΝΔΡΙΩΤΗ Ε   ΣΙΑ Ε.Ε. (800366706),800366706,''BIOSENSE'' ΑΝΔΡΙΩΤΗ Ε   ΣΙΑ Ε.Ε. (800366706),3100.0,,
ΡΒΚΦ4690ΒΧ-ΟΛΙ,2025-11-06,ΕΝΤΑΛΜΑ ΠΛΗΡΩΜΗΣ ΚΑΡΒΕΛΗ Β. ΚΑΤΕΡΙΝΑ (078484849),078484849,ΚΑΡΒΕΛΗ Β. ΚΑΤΕΡΙΝΑ (078484849),7440.0,,
91ΚΙ4690ΒΧ-Θ06,2025-11-06,ΕΝΤΑΛΜΑ ΠΛΗΡΩΜΗΣ SALUS MED ΙΚΕ (801431402),801431402,SALUS MED ΙΚΕ (801431402),678.0,,
6ΦΒΙ4690ΒΧ-ΝΡΛ,2025-11-06,ΕΝΤΑΛΜΑ ΠΛΗΡΩΜΗΣ CLEAN WASH EXPRESS ΜΟΝΟΠΡΟΣΩΠΗ Ι.Κ.Ε. (802560756),802560756,CLEAN WASH EXPRESS ΜΟΝΟΠΡΟΣΩΠΗ Ι.Κ.Ε. (802560756),4681.28,,
Ρ03Χ4690ΒΧ-ΡΩΝ,2025-11-07,ΕΝΤΑΛΜΑ ΠΛΗΡΩΜΗΣ ΟΡΓ/ΣΜΟΣ ΤΗΛΕΠ/ΝΙΩΝ ΕΛΛΑΔΟΣ ΑΕ (094019245),094019245,ΟΡΓ/ΣΜΟΣ ΤΗΛΕΠ/ΝΙΩΝ ΕΛΛΑΔΟΣ ΑΕ (094019245),109.8,,
Ρ9854690ΒΧ-Ξ9Δ,2025-11-07,ΕΝΤΑΛΜΑ ΠΛΗΡΩΜΗΣ ΟΡΓ/ΣΜΟΣ ΤΗΛΕΠ/ΝΙΩΝ ΕΛΛΑΔΟΣ ΑΕ (094019245),094019245,ΟΡΓ/ΣΜΟΣ ΤΗΛΕΠ/ΝΙΩΝ ΕΛΛΑΔΟΣ ΑΕ (094019245),19.98,,
6ΑΒΔ4690ΒΧ-7ΗΒ,2025-11-07,ΕΝΤΑΛΜΑ ΠΛΗΡΩΜΗΣ ΟΡΓ/ΣΜΟΣ ΤΗΛΕΠ/ΝΙΩΝ ΕΛΛΑΔΟΣ ΑΕ (094019245),094019245,ΟΡΓ/ΣΜΟΣ ΤΗΛΕΠ/ΝΙΩΝ ΕΛΛΑΔΟΣ ΑΕ (094019245),130.2,,
9ΒΛΠ4690ΒΧ-ΦΥΟ,2025-11-07,ΕΝΤΑΛΜΑ ΠΛΗΡΩΜΗΣ ΟΡΓ/ΣΜΟΣ ΤΗΛΕΠ/ΝΙΩΝ ΕΛΛΑΔΟΣ ΑΕ (094019245),094019245,ΟΡΓ/ΣΜΟΣ ΤΗΛΕΠ/ΝΙΩΝ ΕΛΛΑΔΟΣ ΑΕ (094019245),906.37,,
Ψ3ΟΜ4690ΒΧ-Τ7Μ,2025-11-07,ΕΝΤΑΛΜΑ ΠΛΗΡΩΜΗΣ ΔΗΜ.ΕΠΙΧ/ΣΗ ΗΛΕΚΤΡΙΣΜΟΥ ΑΕ (090000045),090000045,ΔΗΜ.ΕΠΙΧ/ΣΗ ΗΛΕΚΤΡΙΣΜΟΥ ΑΕ (090000045),21.0,,
9ΖΖΗ4690ΒΧ-ΞΣΨ,2025-11-07,ΕΝΤΑΛΜΑ ΠΛΗΡΩΜΗΣ ΔΗΜ.ΕΠΙΧ/ΣΗ ΗΛΕΚΤΡΙΣΜΟΥ ΑΕ (090000045),090000045,ΔΗΜ.ΕΠΙΧ/ΣΗ ΗΛΕΚΤΡΙΣΜΟΥ ΑΕ (090000045),839.0,,
ΨΥΛΞ4690ΒΧ-ΜΦΜ,2025-11-07,ΕΝΤΑΛΜΑ ΠΛΗΡΩΜΗΣ ΔΗΜ.ΕΠΙΧ/ΣΗ ΗΛΕΚΤΡΙΣΜΟΥ ΑΕ (090000045),090000045,ΔΗΜ.ΕΠΙΧ/ΣΗ ΗΛΕΚΤΡΙΣΜΟΥ ΑΕ (090000045),370.0,,
9Δ2Ρ4690ΒΧ-5ΣΥ,2025-11-06,ΕΝΤΑΛΜΑ ΠΛΗΡΩΜΗΣ ΚΑΡΑΤΖΑ ΕΛΛΗ ΣΤΥΛΙΑΝΟΣ (132588267),132588267,ΚΑΡΑΤΖΑ ΕΛΛΗ ΣΤΥΛΙΑΝΟΣ (132588267),10336.67,,
6ΞΗΥ4690ΒΧ-Ο3Ω,2025-11-06,ΕΝΤΑΛΜΑ ΠΛΗΡΩΜΗΣ ΖΑΒΙΤΣΑΝΟΣ ΙΩΑΝΝΗΣ ΑΠΟΣΤ. (010138137),010138137,ΖΑΒΙΤΣΑΝΟΣ ΙΩΑΝΝΗΣ ΑΠΟΣΤ. (010138137),3600.0,,
Ψ1ΑΥ4690ΒΧ-ΡΟ9,2025-11-06,ΕΝΤΑΛΜΑ ΠΛΗΡΩΜΗΣ ΔΙΣΝΙΤΣΑΣ ΛΕΩΝΙΔΑΣ (029818051),029818051,ΔΙΣΝΙΤΣΑΣ ΛΕΩΝΙΔΑΣ (029818051),7898.97,,
9ΧΑΖ4690ΒΧ-63Ε,2025-10-21,ΕΝΤΑΛΜΑ ΠΛΗΡΩΜΗΣ ΣΤΡΑΤΗΣ ΝΙΚ.ΑΡΑΒΑΝΗΣ ΣΙΑ Ο.Ε (092053060),092053060,ΣΤΡΑΤΗΣ ΝΙΚ.ΑΡΑΒΑΝΗΣ ΣΙΑ Ο.Ε (092053060),704.07,,
603Ω4690ΒΧ-ΣΗ5,2025-10-21,ΕΝΤΑΛΜΑ ΠΛΗΡΩΜΗΣ ΡΟΝΤΟΓΙΑΝΝΗΣ ΝΙΚΟΛΑΟΣ (301370400),301370400,ΡΟΝΤΟΓΙΑΝΝΗΣ ΝΙΚΟΛΑΟΣ (301370400),1050.28,,
97Τ84690ΒΧ-ΙΗΗ,2025-10-21,ΕΝΤΑΛΜΑ ΠΛΗΡΩΜΗΣ ΡΟΝΤΟΓΙΑΝΝΗΣ ΝΙΚΟΛΑΟΣ (301370400),301370400,ΡΟΝΤΟΓΙΑΝΝΗΣ ΝΙΚΟΛΑΟΣ (301370400),3750.0,,
ΨΕΞ44690ΒΧ-32Τ,2025-10-17,ΕΝΤΑΛΜΑ ΠΛΗΡΩΜΗΣ ΟΥΡΑΝΙΑ ΚΟΝΤΟΓΙΑΝΝΗ   ΣΙΑ Ε.Ε. (802824232),802824232,ΟΥΡΑΝΙΑ ΚΟΝΤΟΓΙΑΝΝΗ   ΣΙΑ Ε.Ε. (802824232),3685.6,,
Ψ1Μ24690ΒΧ-ΙΡ1,2025-10-17,ΕΝΤΑΛΜΑ ΠΛΗΡΩΜΗΣ ΜΠΑΛΑΣΚΑΣ ΓΕΩΡΓΙΟΣ (073571028),073571028,ΜΠΑΛΑΣΚΑΣ ΓΕΩΡΓΙΟΣ (073571028),931.21,,
9Ρ934690ΒΧ-ΦΧΥ,2025-10-17,ΕΝΤΑΛΜΑ ΠΛΗΡΩΜΗΣ ΜΠΑΛΑΣΚΑΣ ΓΕΩΡΓΙΟΣ (073571028),073571028,ΜΠΑΛΑΣΚΑΣ ΓΕΩΡΓΙΟΣ (073571028),879.38,,
93ΑΨ4690ΒΧ-ΨΣΕ,2025-10-16,ΕΝΤΑΛΜΑ ΠΛΗΡΩΜΗΣ ΛΕΠΤΟΚΑΡΟΠΟΥΛΟΣ Π. ΚΩΝ/ΝΟΣ (057082952),057082952,ΛΕΠΤΟΚΑΡΟΠΟΥΛΟΣ Π. ΚΩΝ/ΝΟΣ (057082952),63.24,,
Ρ6Δ74690ΒΧ-ΦΑΕ,2025-10-16,ΕΝΤΑΛΜΑ ΠΛΗΡΩΜΗΣ ΙΑΜΕΞ - ΙΑΤΡΙΚΑ ΕΙΔΗ Α.Ε (999212027),999212027,ΙΑΜΕΞ - ΙΑΤΡΙΚΑ ΕΙΔΗ Α.Ε (999212027),741.52,,
ΡΩΤΣ4690ΒΧ-ΗΕΔ,2025-10-16,ΕΝΤΑΛΜΑ ΠΛΗΡΩΜΗΣ ΘΕΟΧΑΡΗΣ ΚΩΝΣΤΑΝΤΙΝΟΣ (074168641),074168641,ΘΕΟΧΑΡΗΣ ΚΩΝΣΤΑΝΤΙΝΟΣ (074168641),1484.9,,
ΨΓΠΧ4690ΒΧ-473,2025-10-21,ΕΝΤΑΛΜΑ ΠΛΗΡΩΜΗΣ ΕΞΟΠΛΙΣΤΙΚΗ ΛΕΥΚΑΔΑΣ (801720654),801720654,ΕΞΟΠΛΙΣΤΙΚΗ ΛΕΥΚΑΔΑΣ (801720654),534.19,,
9ΩΑ44690ΒΧ-Μ0Ν,2025-10-21,ΕΝΤΑΛΜΑ ΠΛΗΡΩΜΗΣ ΕΞΟΠΛΙΣΤΙΚΗ ΛΕΥΚΑΔΑΣ (801720654),801720654,ΕΞΟΠΛΙΣΤΙΚΗ ΛΕΥΚΑΔΑΣ (801720654),137.39,,
ΨΜΚΞ4690ΒΧ-ΖΜΚ,2025-10-21,ΕΝΤΑΛΜΑ ΠΛΗΡΩΜΗΣ ΑΝΔΡΕΑΣ ΝΙΚΟΛΑΪΔΗΣ - ARRAY SAFETY (129604144),129604144,ΑΝΔΡΕΑΣ ΝΙΚΟΛΑΪΔΗΣ - ARRAY SAFETY (129604144),527.0,,
ΨΧΠΙ4690ΒΧ-59Ξ,2025-10-17,ΕΝΤΑΛΜΑ ΠΛΗΡΩΜΗΣ ΑΙΑΝΤΑΣ ΤΡΟΦΟΔΟΣΙΕΣ-ΕΙΣΑΓΩΓΙΚΗ   ΕΞΑΓΩΓΙΚΗ ΑΕ (081808560),081808560,ΑΙΑΝΤΑΣ ΤΡΟΦΟΔΟΣΙΕΣ-ΕΙΣΑΓΩΓΙΚΗ   ΕΞΑΓΩΓΙΚΗ ΑΕ (081808560),1913.94,,
ΨΩΖΣ4690ΒΧ-ΝΥΖ,2025-10-21,ΕΝΤΑΛΜΑ ΠΛΗΡΩΜΗΣ TYPO-CENTER ΓΕΡ.ΒΕΡΓΙΝΗΣ (028558054),028558054,TYPO-CENTER ΓΕΡ.ΒΕΡΓΙΝΗΣ (028558054),201.93,,
Ψ0084690ΒΧ-ΟΘ3,2025-10-17,ΕΝΤΑΛΜΑ ΠΛΗΡΩΜΗΣ Rain bow waters (099328240),099328240,Rain bow waters (099328240),57.95,,
ΨΒΚ74690ΒΧ-ΝΒ0,2025-10-21,ΕΝΤΑΛΜΑ ΠΛΗΡΩΜΗΣ PROFI ΤΕΧΝΙΚΟ SUPER MARKET (800326038),800326038,PROFI ΤΕΧΝΙΚΟ SUPER MARKET (800326038),135.27,,
ΨΛΚ64690ΒΧ-ΝΕΙ,2025-10-16,ΕΝΤΑΛΜΑ ΠΛΗΡΩΜΗΣ Medical Dynamics A.E. (801725809),801725809,Medical Dynamics A.E. (801725809),3977.6,,
ΨΜΡΔ4690ΒΧ-ΑΧΦ,2025-10-16,ΕΝΤΑΛΜΑ ΠΛΗΡΩΜΗΣ Heraeus Hellas Μ. ΕΠΕ (998858098),998858098,Heraeus Hellas Μ. ΕΠΕ (998858098),515.28,,
9ΙΤΙ4690ΒΧ-Δ1Θ,2025-10-21,ΕΝΤΑΛΜΑ ΠΛΗΡΩΜΗΣ A SECURITY ΑΥΓΕΡΙΝΟΣ ΙΩΑΝΝΗΣ (106923693),106923693,A SECURITY ΑΥΓΕΡΙΝΟΣ ΙΩΑΝΝΗΣ (106923693),403.0,,
9Ω334690ΒΧ-ΞΔ5,2025-10-16,ΕΝΤΑΛΜΑ ΠΛΗΡΩΜΗΣ '' MART HELLAS S.A'' (999401508),999401508,'' MART HELLAS S.A'' (999401508),2779.2,,
ΨΝΙΓ4690ΒΧ-ΟΙΞ,2025-10-15,ΕΝΤΑΛΜΑ ΠΛΗΡΩΜΗΣ ΜΕDIWAY MEDICAL SUPPLIES ΜΟΝ.Ε.Π.Ε. (800514603),800514603,ΜΕDIWAY MEDICAL SUPPLIES ΜΟΝ.Ε.Π.Ε. (800514603),2047.56,,
ΨΠΞΝ4690ΒΧ-ΠΗΟ,2025-10-17,ΕΝΤΑΛΜΑ ΠΛΗΡΩΜΗΣ ΚΑΚΑΒΟΣ Ι.ΔΗΜΗΤΡΙΟΣ (119540879),119540879,ΚΑΚΑΒΟΣ Ι.ΔΗΜΗΤΡΙΟΣ (119540879),524.32,,
Ψ0ΗΚ4690ΒΧ-ΑΡΟ,2025-10-17,ΕΝΤΑΛΜΑ ΠΛΗΡΩΜΗΣ ΚΑΚΑΒΟΣ Ι.ΔΗΜΗΤΡΙΟΣ (119540879),119540879,ΚΑΚΑΒΟΣ Ι.ΔΗΜΗΤΡΙΟΣ (119540879),6897.75,,
6ΣΨΡ4690ΒΧ-04Ι,2025-10-13,ΕΝΤΑΛΜΑ ΠΛΗΡΩΜΗΣ Γ.ΣΑΜΑΡΑΣ ΑΒΕΕ (094373861),094373861,Γ.ΣΑΜΑΡΑΣ ΑΒΕΕ (094373861),1054.0,,
Ψ4ΠΠ4690ΒΧ-ΙΤΞ,2025-10-13,ΕΝΤΑΛΜΑ ΠΛΗΡΩΜΗΣ Γ.ΣΑΜΑΡΑΣ ΑΒΕΕ (094373861),094373861,Γ.ΣΑΜΑΡΑΣ ΑΒΕΕ (094373861),3534.0,,
9Ψ824690ΒΧ-4Ν3,2025-10-15,ΕΝΤΑΛΜΑ ΠΛΗΡΩΜΗΣ SPETMEDICAL I.K.E. (800820495),800820495,SPETMEDICAL I.K.E. (800820495),5223.67,,
9Θ6Ψ4690ΒΧ-ΑΕΣ,2025-10-21,ΕΝΤΑΛΜΑ ΠΛΗΡΩΜΗΣ ΚΑΤΩΠΟΔΗΣ Μ.-ΚΑΒΒΑΔΑ Ε.Ε.Π.Ε. (997917019),997917019,ΚΑΤΩΠΟΔΗΣ Μ.-ΚΑΒΒΑΔΑ Ε.Ε.Π.Ε. (997917019),1588.44,,
Ψ3ΩΔ4690ΒΧ-92Ω,2025-10-21,ΕΝΤΑΛΜΑ ΠΛΗΡΩΜΗΣ ΚΑΤΩΠΟΔΗΣ Μ.-ΚΑΒΒΑΔΑ Ε.Ε.Π.Ε. (997917019),997917019,ΚΑΤΩΠΟΔΗΣ Μ.-ΚΑΒΒΑΔΑ Ε.Ε.Π.Ε. (997917019),995.98,,
6ΞΧΓ4690ΒΧ-51Ο,2025-10-13,ΕΝΤΑΛΜΑ ΠΛΗΡΩΜΗΣ Γ.ΣΑΜΑΡΑΣ ΑΒΕΕ (094373861),094373861,Γ.ΣΑΜΑΡΑΣ ΑΒΕΕ (094373861),468.22,,
Ρ5ΥΒ4690ΒΧ-Υ84,2025-10-15,ΕΝΤΑΛΜΑ ΠΛΗΡΩΜΗΣ SPETMEDICAL I.K.E. (800820495),800820495,SPETMEDICAL I.K.E. (800820495),971.8,,
Ρ3ΟΒ4690ΒΧ-ΦΡΥ,2025-10-15,ΕΝΤΑΛΜΑ ΠΛΗΡΩΜΗΣ SIEMENS HEALTHINEERS A.E. (094456875),094456875,SIEMENS HEALTHINEERS A.E. (094456875),4130.61,,
ΨΑΔΚ4690ΒΧ-Κ6Η,2025-10-13,ΕΝΤΑΛΜΑ ΠΛΗΡΩΜΗΣ PublicSoft Ι.Κ.Ε. (800837416),800837416,PublicSoft Ι.Κ.Ε. (800837416),9796.0,,
63ΨΤ4690ΒΧ-491,2025-10-13,ΕΝΤΑΛΜΑ ΠΛΗΡΩΜΗΣ OTIS ΕΛΛΑΣ ΜΟΝΟΠΡΟΣΩΠΗ ΑΝΩΝ.ΒΙΟΜ.   ΕΜΠ.ΤΕΧΝ.ΕΤΑΙΡΕΙΑ (094208578),094208578,OTIS ΕΛΛΑΣ ΜΟΝΟΠΡΟΣΩΠΗ ΑΝΩΝ.ΒΙΟΜ.   ΕΜΠ.ΤΕΧΝ.ΕΤΑΙΡΕΙΑ (094208578),2335.34,,
6ΣΣΤ4690ΒΧ-5ΘΑ,2025-10-15,ΕΝΤΑΛΜΑ ΠΛΗΡΩΜΗΣ MEDICON HELLAS A.E. (094240321),094240321,MEDICON HELLAS A.E. (094240321),4631.68,,
60ΗΔ4690ΒΧ-ΘΤΗ,2025-10-15,ΕΝΤΑΛΜΑ ΠΛΗΡΩΜΗΣ MEDICON HELLAS A.E. (094240321),094240321,MEDICON HELLAS A.E. (094240321),4616.56,,
ΡΚΧΣ4690ΒΧ-ΩΓΟ,2025-10-15,ΕΝΤΑΛΜΑ ΠΛΗΡΩΜΗΣ MEDICON HELLAS A.E. (094240321),094240321,MEDICON HELLAS A.E. (094240321),242.4,,
Ρ20Ξ4690ΒΧ-ΑΓΖ,2025-10-15,ΕΝΤΑΛΜΑ ΠΛΗΡΩΜΗΣ MEDICON HELLAS A.E. (094240321),094240321,MEDICON HELLAS A.E. (094240321),3658.8,,
9ΡΝΔ4690ΒΧ-7ΒΚ,2025-10-15,ΕΝΤΑΛΜΑ ΠΛΗΡΩΜΗΣ MEDICON HELLAS A.E. (094240321),094240321,MEDICON HELLAS A.E. (094240321),4656.72,,
ΡΒΣΔ4690ΒΧ-1Θ3,2025-10-15,ΕΝΤΑΛΜΑ ΠΛΗΡΩΜΗΣ MEDICON HELLAS A.E. (094240321),094240321,MEDICON HELLAS A.E. (094240321),965.32,,
9ΞΝΤ4690ΒΧ-ΨΛ9,2025-10-15,ΕΝΤΑΛΜΑ ΠΛΗΡΩΜΗΣ MEDICON HELLAS A.E. (094240321),094240321,MEDICON HELLAS A.E. (094240321),1337.0,,
6ΙΨΘ4690ΒΧ-ΗΥΜ,2025-10-13,ΕΝΤΑΛΜΑ ΠΛΗΡΩΜΗΣ GE HEALTHCARE (094472918),094472918,GE HEALTHCARE (094472918),10539.85,,
ΨΧ294690ΒΧ-ΞΨΟ,2025-10-15,ΕΝΤΑΛΜΑ ΠΛΗΡΩΜΗΣ Drager Hellas S.A. (997799268),997799268,Drager Hellas S.A. (997799268),1798.0,,
Ψ1ΜΦ4690ΒΧ-Χ3Θ,2025-10-15,ΕΝΤΑΛΜΑ ΠΛΗΡΩΜΗΣ COMPUTER SOLUTIONS ΑΝΩΝΥΜΗ (095403136),095403136,COMPUTER SOLUTIONS ΑΝΩΝΥΜΗ (095403136),10457.32,,
6ΓΘΜ4690ΒΧ-ΝΝΛ,2025-10-17,ΕΝΤΑΛΜΑ ΠΛΗΡΩΜΗΣ ΄΄ΦΑΡΜΑ ΚΙΡΚΗ΄΄ ΕΙΡΗΝΗ ΦΕΡΕΝΤΙΝΟΥ ΜΟΝ/ΠΗ ΙΚΕ (800908604),800908604,΄΄ΦΑΡΜΑ ΚΙΡΚΗ΄΄ ΕΙΡΗΝΗ ΦΕΡΕΝΤΙΝΟΥ ΜΟΝ/ΠΗ ΙΚΕ (800908604),4816.0,,
94Ψ54690ΒΧ-ΛΓΛ,2025-10-17,ΕΝΤΑΛΜΑ ΠΛΗΡΩΜΗΣ ΄΄ΦΑΡΜΑ ΚΙΡΚΗ΄΄ ΕΙΡΗΝΗ ΦΕΡΕΝΤΙΝΟΥ ΜΟΝ/ΠΗ ΙΚΕ (800908604),800908604,΄΄ΦΑΡΜΑ ΚΙΡΚΗ΄΄ ΕΙΡΗΝΗ ΦΕΡΕΝΤΙΝΟΥ ΜΟΝ/ΠΗ ΙΚΕ (800908604),4107.72,,
ΨΦ354690ΒΧ-ΜΧ0,2025-10-17,ΕΝΤΑΛΜΑ ΠΛΗΡΩΜΗΣ ΄΄ΦΑΡΜΑ ΚΙΡΚΗ΄΄ ΕΙΡΗΝΗ ΦΕΡΕΝΤΙΝΟΥ ΜΟΝ/ΠΗ ΙΚΕ (800908604),800908604,΄΄ΦΑΡΜΑ ΚΙΡΚΗ΄΄ ΕΙΡΗΝΗ ΦΕΡΕΝΤΙΝΟΥ ΜΟΝ/ΠΗ ΙΚΕ (800908604),707.55,,
Ψ5Φ54690ΒΧ-Α5Α,2025-10-13,ΕΝΤΑΛΜΑ ΠΛΗΡΩΜΗΣ MEDIC PLAN HEALTH PROJECT IKE (999961120),999961120,MEDIC PLAN HEALTH PROJECT IKE (999961120),1708.88,,
ΨΔΜΠ4690ΒΧ-ΧΚΗ,2025-10-15,ΕΝΤΑΛΜΑ ΠΛΗΡΩΜΗΣ ΕΛΛΗΝΙΚΑ ΚΑΥΣΙΜΑ ΟΡΥΚΤΕΛΑΙΑ ΜΟΝΟΠΡ.ΑΝΩΝ.ΒΙΟΜΗΧ.  ΕΜΠΟΡ.ΕΤΑΙΡΕΙΑ (094010146),094010146,ΕΛΛΗΝΙΚΑ ΚΑΥΣΙΜΑ ΟΡΥΚΤΕΛΑΙΑ ΜΟΝΟΠΡ.ΑΝΩΝ.ΒΙΟΜΗΧ.  ΕΜΠΟΡ.ΕΤΑΙΡΕΙΑ (094010146),747.12,,
ΨΗΠΨ4690ΒΧ-9Β4,2025-10-15,ΕΝΤΑΛΜΑ ΠΛΗΡΩΜΗΣ ΠΗΝΕΛΟΠΗ Δ.ΚΥΡΚΟΥ (066483339),066483339,ΠΗΝΕΛΟΠΗ Δ.ΚΥΡΚΟΥ (066483339),744.0,,
ΨΣΓ84690ΒΧ-Λ0Μ,2025-10-15,ΕΝΤΑΛΜΑ ΠΛΗΡΩΜΗΣ ΜΙΧΑΗΛ ΣΚΑΜΑΓΚΑΣ ΑΒΕΕ (999717761),999717761,ΜΙΧΑΗΛ ΣΚΑΜΑΓΚΑΣ ΑΒΕΕ (999717761),474.3,,
Ψ8ΥΟ4690ΒΧ-Ι50,2025-10-15,ΕΝΤΑΛΜΑ ΠΛΗΡΩΜΗΣ ΑΘΑΝΑΣΙΟΣ ΚΑΖΑΝΑΣ ΜΟΝΟΠΡΟΣΩΠΗ ΕΠΕ (998632706),998632706,ΑΘΑΝΑΣΙΟΣ ΚΑΖΑΝΑΣ ΜΟΝΟΠΡΟΣΩΠΗ ΕΠΕ (998632706),902.72,,
ΨΟΗΤ4690ΒΧ-0Υ5,2025-10-15,ΕΝΤΑΛΜΑ ΠΛΗΡΩΜΗΣ ΑΤΛΑΣ ΜΕΝΤΙΚΑΛ ΕΠΕ (998413964),998413964,ΑΤΛΑΣ ΜΕΝΤΙΚΑΛ ΕΠΕ (998413964),35.8,,
623Τ4690ΒΧ-ΑΓΘ,2025-10-15,ΕΝΤΑΛΜΑ ΠΛΗΡΩΜΗΣ ΑΤΛΑΣ ΜΕΝΤΙΚΑΛ ΕΠΕ (998413964),998413964,ΑΤΛΑΣ ΜΕΝΤΙΚΑΛ ΕΠΕ (998413964),328.56,,
9Ξ9Ξ4690ΒΧ-ΑΡΣ,2025-10-15,ΕΝΤΑΛΜΑ ΠΛΗΡΩΜΗΣ BIOKON ΙΑΤΡΙΚΑ   ΒΙΟΤΕΧΝΟΛΟΓΙΚΑ ΠΡΟΙΟΝΤΑ Ε.Π.Ε (999656321),999656321,BIOKON ΙΑΤΡΙΚΑ   ΒΙΟΤΕΧΝΟΛΟΓΙΚΑ ΠΡΟΙΟΝΤΑ Ε.Π.Ε (999656321),126.48,,
94614690ΒΧ-47Ψ,2025-10-15,ΕΝΤΑΛΜΑ ΠΛΗΡΩΜΗΣ CLEAN WASH EXPRESS ΜΟΝΟΠΡΟΣΩΠΗ Ι.Κ.Ε. (802560756),802560756,CLEAN WASH EXPRESS ΜΟΝΟΠΡΟΣΩΠΗ Ι.Κ.Ε. (802560756),4752.68,,
ΨΟΕ54690ΒΧ-ΚΜΓ,2025-09-22,ΕΝΤΑΛΜΑ ΠΛΗΡΩΜΗΣ ΙΑΤΡΟΙ ΔΙΑΚΟΜΙΔΩΝ (045556789),045556789,ΙΑΤΡΟΙ ΔΙΑΚΟΜΙΔΩΝ (045556789),250.0,,
6ΙΕΦ4690ΒΧ-Η38,2025-10-13,ΕΝΤΑΛΜΑ ΠΛΗΡΩΜΗΣ ΜΑΤΣΑΣ ΕΥ.ΠΑΥΛΟΣ - ΕΞΟΠΛΙΣΜΟΙ ΚΑΤΑΣΤΗΜΑΤΩΝ (075275966),075275966,ΜΑΤΣΑΣ ΕΥ.ΠΑΥΛΟΣ - ΕΞΟΠΛΙΣΜΟΙ ΚΑΤΑΣΤΗΜΑΤΩΝ (075275966),94.0,,
9ΔΜ84690ΒΧ-ΑΑΜ,2025-10-13,ΕΝΤΑΛΜΑ ΠΛΗΡΩΜΗΣ ΓΕΛΑΔΑΚΗΣ ΔΗΜ.   ΣΙΑ ΕΕ (800378754),800378754,ΓΕΛΑΔΑΚΗΣ ΔΗΜ.   ΣΙΑ ΕΕ (800378754),1138.38,,
ΨΞΗΝ4690ΒΧ-4ΗΨ,2025-10-13,ΕΝΤΑΛΜΑ ΠΛΗΡΩΜΗΣ Γ.ΡΟΥΣΣΑΣ   ΣΙΑ Ο.Ε (081448991),081448991,Γ.ΡΟΥΣΣΑΣ   ΣΙΑ Ο.Ε (081448991),173.6,,
9ΗΒΙ4690ΒΧ-ΘΡΓ,2025-10-13,ΕΝΤΑΛΜΑ ΠΛΗΡΩΜΗΣ ΑΠ.Γ.ΠΑΠΟΥΔΗΣ   ΥΙΟΣ Α.Ε (094512503),094512503,ΑΠ.Γ.ΠΑΠΟΥΔΗΣ   ΥΙΟΣ Α.Ε (094512503),2604.0,,
ΨΦΒΛ4690ΒΧ-4Δ6,2025-10-16,ΕΝΤΑΛΜΑ ΠΛΗΡΩΜΗΣ ΑΝΑΠΤΥΞΗ ΚΤΗΜΑΤΟΜΕΣΙΤΙΚΟ ΓΡΑΦΕΙΟ ΜΟΝΟΠΡΟΣΩΠΗ Ι.Κ.Ε. (801779639),801779639,ΑΝΑΠΤΥΞΗ ΚΤΗΜΑΤΟΜΕΣΙΤΙΚΟ ΓΡΑΦΕΙΟ ΜΟΝΟΠΡΟΣΩΠΗ Ι.Κ.Ε. (801779639),1240.0,,
98ΛΣ4690ΒΧ-Ο1Α,2025-10-13,ΕΝΤΑΛΜΑ ΠΛΗΡΩΜΗΣ WiLO HELLAS ΜΟΝΟΠΡΟΣΩΠΗ Α.Β.Ε.Ε (094061750),094061750,WiLO HELLAS ΜΟΝΟΠΡΟΣΩΠΗ Α.Β.Ε.Ε (094061750),1234.42,,
Ψ0Ε04690ΒΧ-Η64,2025-10-13,ΕΝΤΑΛΜΑ ΠΛΗΡΩΜΗΣ TRANE HELLAS A.E (098032885),098032885,TRANE HELLAS A.E (098032885),2666.0,,
ΨΘΚΤ4690ΒΧ-ΡΚΦ,2025-10-13,ΕΝΤΑΛΜΑ ΠΛΗΡΩΜΗΣ SALUS MED ΙΚΕ (801431402),801431402,SALUS MED ΙΚΕ (801431402),1808.0,,
9ΕΝΩ4690ΒΧ-4ΦΧ,2025-10-13,ΕΝΤΑΛΜΑ ΠΛΗΡΩΜΗΣ ELECTROSTORM   ΣΙΑ  Ε.Ε. (802163799),802163799,ELECTROSTORM   ΣΙΑ  Ε.Ε. (802163799),186.0,,
9Π9Π4690ΒΧ-0ΞΘ,2025-10-13,ΕΝΤΑΛΜΑ ΠΛΗΡΩΜΗΣ ΜΑΥΡΟΥΔΗΣ Α.Ε (997998085),997998085,ΜΑΥΡΟΥΔΗΣ Α.Ε (997998085),267.84,,
ΨΥΝΥ4690ΒΧ-4ΦΟ,2025-10-13,ΕΝΤΑΛΜΑ ΠΛΗΡΩΜΗΣ ΜΑΥΡΟΥΔΗΣ Α.Ε (997998085),997998085,ΜΑΥΡΟΥΔΗΣ Α.Ε (997998085),508.65,,
ΨΝ0Ζ4690ΒΧ-Ε1Ζ,2025-10-13,ΕΝΤΑΛΜΑ ΠΛΗΡΩΜΗΣ HAMED-ΧΑΛΑΜΠΑΛΑΚΗΣ Α.Ε (094313759),094313759,HAMED-ΧΑΛΑΜΠΑΛΑΚΗΣ Α.Ε (094313759),148.8,,
Ψ08Δ4690ΒΧ-ΧΘΠ,2025-10-13,ΕΝΤΑΛΜΑ ΠΛΗΡΩΜΗΣ HAMED-ΧΑΛΑΜΠΑΛΑΚΗΣ Α.Ε (094313759),094313759,HAMED-ΧΑΛΑΜΠΑΛΑΚΗΣ Α.Ε (094313759),17.36,,
91ΕΣ4690ΒΧ-ΔΝΒ,2025-10-13,ΕΝΤΑΛΜΑ ΠΛΗΡΩΜΗΣ HAMED-ΧΑΛΑΜΠΑΛΑΚΗΣ Α.Ε (094313759),094313759,HAMED-ΧΑΛΑΜΠΑΛΑΚΗΣ Α.Ε (094313759),1054.02,,
6ΥΖΚ4690ΒΧ-056,2025-10-13,ΕΝΤΑΛΜΑ ΠΛΗΡΩΜΗΣ EUROSUPPLIES IKE (997776974),997776974,EUROSUPPLIES IKE (997776974),885.36,,
6ΤΓΕ4690ΒΧ-ΩΨ7,2025-10-13,ΕΝΤΑΛΜΑ ΠΛΗΡΩΜΗΣ EUROSUPPLIES IKE (997776974),997776974,EUROSUPPLIES IKE (997776974),111.6,,
6ΖΨΒ4690ΒΧ-0ΓΞ,2025-10-13,ΕΝΤΑΛΜΑ ΠΛΗΡΩΜΗΣ BUSE GAS A.E (997598041),997598041,BUSE GAS A.E (997598041),671.99,,
9Κ744690ΒΧ-Θ16,2025-10-13,ΕΝΤΑΛΜΑ ΠΛΗΡΩΜΗΣ BUSE GAS A.E (997598041),997598041,BUSE GAS A.E (997598041),1419.8,,
6ΝΨΣ4690ΒΧ-ΝΙ6,2025-10-06,ΕΝΤΑΛΜΑ ΠΛΗΡΩΜΗΣ ΑΝΑΣΤΑΣΙΟΣ ΜΑΥΡΟΓΕΝΗΣ Α.Ε. (082525697),082525697,ΑΝΑΣΤΑΣΙΟΣ ΜΑΥΡΟΓΕΝΗΣ Α.Ε. (082525697),409.05,,
ΡΩΕΚ4690ΒΧ-ΣΔΦ,2025-10-06,ΕΝΤΑΛΜΑ ΠΛΗΡΩΜΗΣ ΑΝΑΣΤΑΣΙΟΣ ΜΑΥΡΟΓΕΝΗΣ Α.Ε. (082525697),082525697,ΑΝΑΣΤΑΣΙΟΣ ΜΑΥΡΟΓΕΝΗΣ Α.Ε. (082525697),3941.91,,
ΡΨ0Θ4690ΒΧ-ΣΧ4,2025-10-06,ΕΝΤΑΛΜΑ ΠΛΗΡΩΜΗΣ ΑΝΑΣΤΑΣΙΟΣ ΜΑΥΡΟΓΕΝΗΣ Α.Ε. (082525697),082525697,ΑΝΑΣΤΑΣΙΟΣ ΜΑΥΡΟΓΕΝΗΣ Α.Ε. (082525697),361.6,,
96Θ94690ΒΧ-6ΟΞ,2025-10-06,ΕΝΤΑΛΜΑ ΠΛΗΡΩΜΗΣ ΑΝΑΣΤΑΣΙΟΣ ΜΑΥΡΟΓΕΝΗΣ Α.Ε. (082525697),082525697,ΑΝΑΣΤΑΣΙΟΣ ΜΑΥΡΟΓΕΝΗΣ Α.Ε. (082525697),1796.02,,
ΨΨ714690ΒΧ-ΚΛΛ,2025-10-06,ΕΝΤΑΛΜΑ ΠΛΗΡΩΜΗΣ ΑΝΑΣΤΑΣΙΟΣ ΜΑΥΡΟΓΕΝΗΣ Α.Ε. (082525697),082525697,ΑΝΑΣΤΑΣΙΟΣ ΜΑΥΡΟΓΕΝΗΣ Α.Ε. (082525697),1582.91,,
ΨΠΙΡ4690ΒΧ-ΜΨΔ,2025-10-06,ΕΝΤΑΛΜΑ ΠΛΗΡΩΜΗΣ ΑΝΑΣΤΑΣΙΟΣ ΜΑΥΡΟΓΕΝΗΣ Α.Ε. (082525697),082525697,ΑΝΑΣΤΑΣΙΟΣ ΜΑΥΡΟΓΕΝΗΣ Α.Ε. (082525697),4407.82,,
9ΞΖΑ4690ΒΧ-Χ5Ψ,2025-10-07,ΕΝΤΑΛΜΑ ΠΛΗΡΩΜΗΣ ΚΑΛΤΕΚ ΜΟΝΟΠΡΟΣΩΠΗ Α.Ε. (999307110),999307110,ΚΑΛΤΕΚ ΜΟΝΟΠΡΟΣΩΠΗ Α.Ε. (999307110),725.4,,
ΨΚΕΟ4690ΒΧ-ΓΒ4,2025-10-07,ΕΝΤΑΛΜΑ ΠΛΗΡΩΜΗΣ ΚΑΛΤΕΚ ΜΟΝΟΠΡΟΣΩΠΗ Α.Ε. (999307110),999307110,ΚΑΛΤΕΚ ΜΟΝΟΠΡΟΣΩΠΗ Α.Ε. (999307110),6225.79,,
9Χ2Σ4690ΒΧ-ΠΡ7,2025-10-07,ΕΝΤΑΛΜΑ ΠΛΗΡΩΜΗΣ Trauma Care Μονοπρόσωπη ΕΠΕ (800811818),800811818,Trauma Care Μονοπρόσωπη ΕΠΕ (800811818),4024.02,,
9ΔΜΦ4690ΒΧ-ΒΥΩ,2025-10-07,ΕΝΤΑΛΜΑ ΠΛΗΡΩΜΗΣ BIOGENESYS IKE (099805952),099805952,BIOGENESYS IKE (099805952),2575.27,,
ΨΑΦΟ4690ΒΧ-2Ε4,2025-10-07,ΕΝΤΑΛΜΑ ΠΛΗΡΩΜΗΣ BIOGENESYS IKE (099805952),099805952,BIOGENESYS IKE (099805952),2575.27,,
94ΣΤ4690ΒΧ-ΥΟ4,2025-09-29,ΕΝΤΑΛΜΑ ΠΛΗΡΩΜΗΣ ΑΛΦΑ ΜΕΝΤΙΚΑΛ ΑΕΒΕ (095580571),095580571,ΑΛΦΑ ΜΕΝΤΙΚΑΛ ΑΕΒΕ (095580571),1097.1,,
Ψ1Α14690ΒΧ-55Λ,2025-09-29,ΕΝΤΑΛΜΑ ΠΛΗΡΩΜΗΣ ΑΛΦΑ ΜΕΝΤΙΚΑΛ ΑΕΒΕ (095580571),095580571,ΑΛΦΑ ΜΕΝΤΙΚΑΛ ΑΕΒΕ (095580571),2162.4,,
Ψ96Β4690ΒΧ-ΤΓ2,2025-10-07,ΕΝΤΑΛΜΑ ΠΛΗΡΩΜΗΣ ΚΑΛΤΕΚ ΜΟΝΟΠΡΟΣΩΠΗ Α.Ε. (999307110),999307110,ΚΑΛΤΕΚ ΜΟΝΟΠΡΟΣΩΠΗ Α.Ε. (999307110),2123.21,,
6ΖΘΓ4690ΒΧ-ΜΡΛ,2025-10-07,ΕΝΤΑΛΜΑ ΠΛΗΡΩΜΗΣ ΚΑΛΤΕΚ ΜΟΝΟΠΡΟΣΩΠΗ Α.Ε. (999307110),999307110,ΚΑΛΤΕΚ ΜΟΝΟΠΡΟΣΩΠΗ Α.Ε. (999307110),667.12,,
ΨΞΓΕ4690ΒΧ-Ψ23,2025-10-07,ΕΝΤΑΛΜΑ ΠΛΗΡΩΜΗΣ ΚΑΛΤΕΚ ΜΟΝΟΠΡΟΣΩΠΗ Α.Ε. (999307110),999307110,ΚΑΛΤΕΚ ΜΟΝΟΠΡΟΣΩΠΗ Α.Ε. (999307110),4178.62,,
ΡΛΦ84690ΒΧ-ΧΥ9,2025-10-07,ΕΝΤΑΛΜΑ ΠΛΗΡΩΜΗΣ ΕΠΕΞ-ΕΤΑΙΡΕΙΑ ΕΞΥΠΗΡΕΤΗΣΗΣ ΠΟΛΥΚΑΤΟΙΚΙΩΝ (068685800),068685800,ΕΠΕΞ-ΕΤΑΙΡΕΙΑ ΕΞΥΠΗΡΕΤΗΣΗΣ ΠΟΛΥΚΑΤΟΙΚΙΩΝ (068685800),303.5,,
ΨΣΥΓ4690ΒΧ-3ΡΕ,2025-10-07,ΕΝΤΑΛΜΑ ΠΛΗΡΩΜΗΣ ΕΙΡΗΝΗ ΙΩΑΚΕΙΜ   ΣΙΑ Ε.Ε (998696382),998696382,ΕΙΡΗΝΗ ΙΩΑΚΕΙΜ   ΣΙΑ Ε.Ε (998696382),3729.0,,
9ΜΣΤ4690ΒΧ-ΣΥ1,2025-10-07,ΕΝΤΑΛΜΑ ΠΛΗΡΩΜΗΣ ΓΕΩΡΓΙΟΣ ΜΑΡΚΟΥΙΖΟΣ ΓΕΝΙΚΟΣ ΧΕΙΡΟΥΡΓΟΣ (022050942),022050942,ΓΕΩΡΓΙΟΣ ΜΑΡΚΟΥΙΖΟΣ ΓΕΝΙΚΟΣ ΧΕΙΡΟΥΡΓΟΣ (022050942),1503.09,,
ΡΘΜ14690ΒΧ-ΦΕΚ,2025-10-06,ΕΝΤΑΛΜΑ ΠΛΗΡΩΜΗΣ ΑΝΑΣΤΑΣΙΟΣ ΜΑΥΡΟΓΕΝΗΣ Α.Ε. (082525697),082525697,ΑΝΑΣΤΑΣΙΟΣ ΜΑΥΡΟΓΕΝΗΣ Α.Ε. (082525697),4517.51,,
6Φ1Τ4690ΒΧ-3ΚΚ,2025-10-06,ΕΝΤΑΛΜΑ ΠΛΗΡΩΜΗΣ ΑΝΑΣΤΑΣΙΟΣ ΜΑΥΡΟΓΕΝΗΣ Α.Ε. (082525697),082525697,ΑΝΑΣΤΑΣΙΟΣ ΜΑΥΡΟΓΕΝΗΣ Α.Ε. (082525697),3911.96,,
ΡΞ4Μ4690ΒΧ-ΞΗΘ,2025-10-06,ΕΝΤΑΛΜΑ ΠΛΗΡΩΜΗΣ ΑΝΑΣΤΑΣΙΟΣ ΜΑΥΡΟΓΕΝΗΣ Α.Ε. (082525697),082525697,ΑΝΑΣΤΑΣΙΟΣ ΜΑΥΡΟΓΕΝΗΣ Α.Ε. (082525697),961.13,,
93ΔΥ4690ΒΧ-Ω35,2025-10-06,ΕΝΤΑΛΜΑ ΠΛΗΡΩΜΗΣ ΑΝΑΣΤΑΣΙΟΣ ΜΑΥΡΟΓΕΝΗΣ Α.Ε. (082525697),082525697,ΑΝΑΣΤΑΣΙΟΣ ΜΑΥΡΟΓΕΝΗΣ Α.Ε. (082525697),4973.55,,
9ΧΖΥ4690ΒΧ-ΠΗΤ,2025-10-06,ΕΝΤΑΛΜΑ ΠΛΗΡΩΜΗΣ ΑΝΑΣΤΑΣΙΟΣ ΜΑΥΡΟΓΕΝΗΣ Α.Ε. (082525697),082525697,ΑΝΑΣΤΑΣΙΟΣ ΜΑΥΡΟΓΕΝΗΣ Α.Ε. (082525697),4292.51,,
ΨΑ334690ΒΧ-30Η,2025-10-07,ΕΝΤΑΛΜΑ ΠΛΗΡΩΜΗΣ Y-LOGIMED  Μ.Α.Ε (094446034),094446034,Y-LOGIMED  Μ.Α.Ε (094446034),892.8,,
ΨΒΘΕ4690ΒΧ-ΔΩΔ,2025-10-07,ΕΝΤΑΛΜΑ ΠΛΗΡΩΜΗΣ Y-LOGIMED  Μ.Α.Ε (094446034),094446034,Y-LOGIMED  Μ.Α.Ε (094446034),284.76,,
ΡΨΖ24690ΒΧ-ΕΜ7,2025-09-15,ΕΝΤΑΛΜΑ ΠΛΗΡΩΜΗΣ ΦΕΤΕΙΝΙΔΟΥ ΑΙΚΑΤΕΡΙΝΗ (044958989),044958989,ΦΕΤΕΙΝΙΔΟΥ ΑΙΚΑΤΕΡΙΝΗ (044958989),214.52,,
9ΟΤΒ4690ΒΧ-Η1Σ,2025-09-15,ΕΝΤΑΛΜΑ ΠΛΗΡΩΜΗΣ ΠΑΓΟΥΝΑΣ ΕΛΕΥΘΕΡΙΟΣ - COOLPRO Service (142637004),142637004,ΠΑΓΟΥΝΑΣ ΕΛΕΥΘΕΡΙΟΣ - COOLPRO Service (142637004),595.2,,
Ρ9ΠΙ4690ΒΧ-ΛΙΛ,2025-09-17,ΕΝΤΑΛΜΑ ΠΛΗΡΩΜΗΣ ΟΜΜΑ LITE (094264251),094264251,ΟΜΜΑ LITE (094264251),105.4,,
61Υ54690ΒΧ-ΩΨ0,2025-09-17,ΕΝΤΑΛΜΑ ΠΛΗΡΩΜΗΣ ΞΕΝΟΦΩΝ ΓΕΡΜΑΝΟΣ Α.Ε.Ε. (094326835),094326835,ΞΕΝΟΦΩΝ ΓΕΡΜΑΝΟΣ Α.Ε.Ε. (094326835),189.22,,
ΨΞ6Ξ4690ΒΧ-Ε0Σ,2025-09-17,ΕΝΤΑΛΜΑ ΠΛΗΡΩΜΗΣ ΞΕΝΟΦΩΝ ΓΕΡΜΑΝΟΣ Α.Ε.Ε. (094326835),094326835,ΞΕΝΟΦΩΝ ΓΕΡΜΑΝΟΣ Α.Ε.Ε. (094326835),909.41,,
9ΘΓ54690ΒΧ-6ΟΙ,2025-09-17,ΕΝΤΑΛΜΑ ΠΛΗΡΩΜΗΣ ΞΕΝΟΦΩΝ ΓΕΡΜΑΝΟΣ Α.Ε.Ε. (094326835),094326835,ΞΕΝΟΦΩΝ ΓΕΡΜΑΝΟΣ Α.Ε.Ε. (094326835),2305.39,,
ΨΞ5Φ4690ΒΧ-ΔΒΖ,2025-10-07,ΕΝΤΑΛΜΑ ΠΛΗΡΩΜΗΣ Trauma Care Μονοπρόσωπη ΕΠΕ (800811818),800811818,Trauma Care Μονοπρόσωπη ΕΠΕ (800811818),4106.01,,
6ΝΛΔ4690ΒΧ-2Ψ5,2025-10-07,ΕΝΤΑΛΜΑ ΠΛΗΡΩΜΗΣ Trauma Care Μονοπρόσωπη ΕΠΕ (800811818),800811818,Trauma Care Μονοπρόσωπη ΕΠΕ (800811818),3541.57,,
ΨΡ0Κ4690ΒΧ-Η9Α,2025-10-07,ΕΝΤΑΛΜΑ ΠΛΗΡΩΜΗΣ Trauma Care Μονοπρόσωπη ΕΠΕ (800811818),800811818,Trauma Care Μονοπρόσωπη ΕΠΕ (800811818),1676.32,,
992Β4690ΒΧ-Ο41,2025-10-07,ΕΝΤΑΛΜΑ ΠΛΗΡΩΜΗΣ MEDLINE MEDICAL PRODUCTS O.E. (082384884),082384884,MEDLINE MEDICAL PRODUCTS O.E. (082384884),1711.2,,
6ΗΓΩ4690ΒΧ-ΝΣ9,2025-10-07,ΕΝΤΑΛΜΑ ΠΛΗΡΩΜΗΣ Johnson   Johnson Medical Greece Μονοπρόσωπη Α.Ε. (801858262),801858262,Johnson   Johnson Medical Greece Μονοπρόσωπη Α.Ε. (801858262),1139.04,,
9Τ8Ρ4690ΒΧ-ΧΚ1,2025-10-07,ΕΝΤΑΛΜΑ ΠΛΗΡΩΜΗΣ Johnson   Johnson Medical Greece Μονοπρόσωπη Α.Ε. (801858262),801858262,Johnson   Johnson Medical Greece Μονοπρόσωπη Α.Ε. (801858262),2278.08,,
9Ζ414690ΒΧ-37Ο,2025-10-07,ΕΝΤΑΛΜΑ ΠΛΗΡΩΜΗΣ Johnson   Johnson Medical Greece Μονοπρόσωπη Α.Ε. (801858262),801858262,Johnson   Johnson Medical Greece Μονοπρόσωπη Α.Ε. (801858262),2482.7,,
ΡΚΛ34690ΒΧ-627,2025-10-07,ΕΝΤΑΛΜΑ ΠΛΗΡΩΜΗΣ Health and Iasis Medical Products (800572342),800572342,Health and Iasis Medical Products (800572342),3032.59,,
Ψ9ΘΓ4690ΒΧ-7ΟΥ,2025-10-07,ΕΝΤΑΛΜΑ ΠΛΗΡΩΜΗΣ Health and Iasis Medical Products (800572342),800572342,Health and Iasis Medical Products (800572342),3416.44,,
6ΤΚΤ4690ΒΧ-ΘΓΕ,2025-10-07,ΕΝΤΑΛΜΑ ΠΛΗΡΩΜΗΣ Health and Iasis Medical Products (800572342),800572342,Health and Iasis Medical Products (800572342),3185.66,,
943Ψ4690ΒΧ-ΓΒΓ,2025-10-07,ΕΝΤΑΛΜΑ ΠΛΗΡΩΜΗΣ BIOGENESYS IKE (099805952),099805952,BIOGENESYS IKE (099805952),2823.87,,
Ρ35Τ4690ΒΧ-2ΘΡ,2025-10-07,ΕΝΤΑΛΜΑ ΠΛΗΡΩΜΗΣ BIOGENESYS IKE (099805952),099805952,BIOGENESYS IKE (099805952),976.32,,
ΨΟΨΞ4690ΒΧ-Υ5Γ,2025-10-07,ΕΝΤΑΛΜΑ ΠΛΗΡΩΜΗΣ BIOGENESYS IKE (099805952),099805952,BIOGENESYS IKE (099805952),4469.15,,
ΡΓ664690ΒΧ-Τ2Ω,2025-10-07,ΕΝΤΑΛΜΑ ΠΛΗΡΩΜΗΣ BIOGENESYS IKE (099805952),099805952,BIOGENESYS IKE (099805952),3616.0,,
9Χ7Α4690ΒΧ-ΩΓΔ,2025-10-07,ΕΝΤΑΛΜΑ ΠΛΗΡΩΜΗΣ  EPIRUS GAS ΓΕΩΡΓΙΟΣ ΨΟΧΙΟΣ   ΥΙΟΣ Ο.Ε (997861308),997861308,EPIRUS GAS ΓΕΩΡΓΙΟΣ ΨΟΧΙΟΣ   ΥΙΟΣ Ο.Ε (997861308),852.95,,
Ψ75Ρ4690ΒΧ-ΧΞ2,2025-09-29,ΕΝΤΑΛΜΑ ΠΛΗΡΩΜΗΣ ΠΑΥΛΟΣ ΑΡΝΑΟΥΤΗΣ Α.Ε. (094178060),094178060,ΠΑΥΛΟΣ ΑΡΝΑΟΥΤΗΣ Α.Ε. (094178060),1062.12,,
9ΥΤ54690ΒΧ-ΦΗΞ,2025-10-06,ΕΝΤΑΛΜΑ ΠΛΗΡΩΜΗΣ ΓΕΝΙΚΗ ΧΗΜΙΚΩΝ ΠΡΟΙΟΝΤΩΝ Α.Ε (094133588),094133588,ΓΕΝΙΚΗ ΧΗΜΙΚΩΝ ΠΡΟΙΟΝΤΩΝ Α.Ε (094133588),4195.22,,
68Χ14690ΒΧ-ΞΛΣ,2025-10-06,ΕΝΤΑΛΜΑ ΠΛΗΡΩΜΗΣ ΓΕΝΙΚΗ ΧΗΜΙΚΩΝ ΠΡΟΙΟΝΤΩΝ Α.Ε (094133588),094133588,ΓΕΝΙΚΗ ΧΗΜΙΚΩΝ ΠΡΟΙΟΝΤΩΝ Α.Ε (094133588),4220.86,,
96ΑΕ4690ΒΧ-ΓΝΝ,2025-10-06,ΕΝΤΑΛΜΑ ΠΛΗΡΩΜΗΣ ΓΕΝΙΚΗ ΧΗΜΙΚΩΝ ΠΡΟΙΟΝΤΩΝ Α.Ε (094133588),094133588,ΓΕΝΙΚΗ ΧΗΜΙΚΩΝ ΠΡΟΙΟΝΤΩΝ Α.Ε (094133588),339.0,,
ΡΦ0Π4690ΒΧ-ΟΗ7,2025-10-06,ΕΝΤΑΛΜΑ ΠΛΗΡΩΜΗΣ ΓΕΝΙΚΗ ΧΗΜΙΚΩΝ ΠΡΟΙΟΝΤΩΝ Α.Ε (094133588),094133588,ΓΕΝΙΚΗ ΧΗΜΙΚΩΝ ΠΡΟΙΟΝΤΩΝ Α.Ε (094133588),935.64,,
Ψ51Μ4690ΒΧ-0ΗΔ,2025-10-06,ΕΝΤΑΛΜΑ ΠΛΗΡΩΜΗΣ ΓΕΝΙΚΗ ΧΗΜΙΚΩΝ ΠΡΟΙΟΝΤΩΝ Α.Ε (094133588),094133588,ΓΕΝΙΚΗ ΧΗΜΙΚΩΝ ΠΡΟΙΟΝΤΩΝ Α.Ε (094133588),4890.15,,
9ΠΗΚ4690ΒΧ-57Φ,2025-10-06,ΕΝΤΑΛΜΑ ΠΛΗΡΩΜΗΣ ΓΕΝΙΚΗ ΧΗΜΙΚΩΝ ΠΡΟΙΟΝΤΩΝ Α.Ε (094133588),094133588,ΓΕΝΙΚΗ ΧΗΜΙΚΩΝ ΠΡΟΙΟΝΤΩΝ Α.Ε (094133588),198.4,,
ΡΡΧ94690ΒΧ-Θ91,2025-10-06,ΕΝΤΑΛΜΑ ΠΛΗΡΩΜΗΣ ΓΕΝΙΚΗ ΧΗΜΙΚΩΝ ΠΡΟΙΟΝΤΩΝ Α.Ε (094133588),094133588,ΓΕΝΙΚΗ ΧΗΜΙΚΩΝ ΠΡΟΙΟΝΤΩΝ Α.Ε (094133588),265.36,,
ΨΒΗ14690ΒΧ-Τ2Β,2025-10-06,ΕΝΤΑΛΜΑ ΠΛΗΡΩΜΗΣ ΓΕΝΙΚΗ ΧΗΜΙΚΩΝ ΠΡΟΙΟΝΤΩΝ Α.Ε (094133588),094133588,ΓΕΝΙΚΗ ΧΗΜΙΚΩΝ ΠΡΟΙΟΝΤΩΝ Α.Ε (094133588),4963.11,,
6ΜΡΠ4690ΒΧ-Θ0Κ,2025-10-06,ΕΝΤΑΛΜΑ ΠΛΗΡΩΜΗΣ ΓΕΝΙΚΗ ΧΗΜΙΚΩΝ ΠΡΟΙΟΝΤΩΝ Α.Ε (094133588),094133588,ΓΕΝΙΚΗ ΧΗΜΙΚΩΝ ΠΡΟΙΟΝΤΩΝ Α.Ε (094133588),3711.16,,
Ψ3ΩΘ4690ΒΧ-ΤΓΙ,2025-10-06,ΕΝΤΑΛΜΑ ΠΛΗΡΩΜΗΣ ΓΕΝΙΚΗ ΧΗΜΙΚΩΝ ΠΡΟΙΟΝΤΩΝ Α.Ε (094133588),094133588,ΓΕΝΙΚΗ ΧΗΜΙΚΩΝ ΠΡΟΙΟΝΤΩΝ Α.Ε (094133588),4216.22,,
91ΝΒ4690ΒΧ-ΕΡΩ,2025-09-22,ΕΝΤΑΛΜΑ ΠΛΗΡΩΜΗΣ ΔΗΜ.ΕΠΙΧ/ΣΗ ΗΛΕΚΤΡΙΣΜΟΥ ΑΕ (090000045),090000045,ΔΗΜ.ΕΠΙΧ/ΣΗ ΗΛΕΚΤΡΙΣΜΟΥ ΑΕ (090000045),35276.96,,
9ΑΝΑ4690ΒΧ-3Λ6,2025-09-24,ΕΝΤΑΛΜΑ ΠΛΗΡΩΜΗΣ ΦΙΛΙΠΣ ΕΛΛΑΣ ΜΟΝΟΠΡΟΣΩΠΗ Α.ΕΒ.Ε (PHILIPS) (094014759),094014759,ΦΙΛΙΠΣ ΕΛΛΑΣ ΜΟΝΟΠΡΟΣΩΠΗ Α.ΕΒ.Ε (PHILIPS) (094014759),3999.0,,
ΡΒΠΟ4690ΒΧ-ΚΗΑ,2025-09-29,ΕΝΤΑΛΜΑ ΠΛΗΡΩΜΗΣ ΣΚΕΠΕΤΑΡΗΣ ΚΩΝΣΤΑΝΤΙΝΟΣ-CONMED LIFE (120155145),120155145,ΣΚΕΠΕΤΑΡΗΣ ΚΩΝΣΤΑΝΤΙΝΟΣ-CONMED LIFE (120155145),7415.2,,
9ΥΚΡ4690ΒΧ-0Ψ6,2025-09-17,ΕΝΤΑΛΜΑ ΠΛΗΡΩΜΗΣ Π.ΚΑΛΑΘΙΑΝΑΚΗΣ ΕΠΕ (099999477),099999477,Π.ΚΑΛΑΘΙΑΝΑΚΗΣ ΕΠΕ (099999477),198.4,,
6Ζ9Λ4690ΒΧ-2ΩΟ,2025-09-22,ΕΝΤΑΛΜΑ ΠΛΗΡΩΜΗΣ Λεωνίδας Ψωμόπουλος   ΣΙΑ Ε.Ε. (998810619),998810619,Λεωνίδας Ψωμόπουλος   ΣΙΑ Ε.Ε. (998810619),25.33,,
94ΜΩ4690ΒΧ-ΖΦΘ,2025-09-29,ΕΝΤΑΛΜΑ ΠΛΗΡΩΜΗΣ ΚΛΕΟΠΑΤΡΑ ΓΚΟΥΒΑ (041699970),041699970,ΚΛΕΟΠΑΤΡΑ ΓΚΟΥΒΑ (041699970),1092.44,,
9ΧΠ84690ΒΧ-Η47,2025-09-24,ΕΝΤΑΛΜΑ ΠΛΗΡΩΜΗΣ ΕΣΕΑΠ (998886571),998886571,ΕΣΕΑΠ (998886571),452.6,,
6ΙΤΩ4690ΒΧ-Ρ3Φ,2025-09-24,ΕΝΤΑΛΜΑ ΠΛΗΡΩΜΗΣ ΒΙΒΛΙΟΧΑΡΤΟΠΩΛΕΙΟ ''Η ΕΣΤΙΑ''ΕΥΑΓΓΕΛΟΣ ΔΑΝΙΗΛ   ΣΙΑ Ο.Ε (800187440),800187440,ΒΙΒΛΙΟΧΑΡΤΟΠΩΛΕΙΟ ''Η ΕΣΤΙΑ''ΕΥΑΓΓΕΛΟΣ ΔΑΝΙΗΛ   ΣΙΑ Ο.Ε (800187440),272.8,,
9ΜΣ64690ΒΧ-4ΥΗ,2025-09-24,ΕΝΤΑΛΜΑ ΠΛΗΡΩΜΗΣ ΒΙΒΛΙΟΧΑΡΤΟΠΩΛΕΙΟ ''Η ΕΣΤΙΑ''ΕΥΑΓΓΕΛΟΣ ΔΑΝΙΗΛ   ΣΙΑ Ο.Ε (800187440),800187440,ΒΙΒΛΙΟΧΑΡΤΟΠΩΛΕΙΟ ''Η ΕΣΤΙΑ''ΕΥΑΓΓΕΛΟΣ ΔΑΝΙΗΛ   ΣΙΑ Ο.Ε (800187440),148.3,,
9Β6Ο4690ΒΧ-Δ95,2025-09-17,ΕΝΤΑΛΜΑ ΠΛΗΡΩΜΗΣ Β.ΑΣΛΑΝΟΓΛΟΥ -Κ.ΡΑΥΤΟΠΟΥΛΟΣ Ο.Ε ΄΄OXYGENIUM'' (999118506),999118506,Β.ΑΣΛΑΝΟΓΛΟΥ -Κ.ΡΑΥΤΟΠΟΥΛΟΣ Ο.Ε ΄΄OXYGENIUM'' (999118506),744.0,,
96Δ44690ΒΧ-ΟΚΑ,2025-09-24,ΕΝΤΑΛΜΑ ΠΛΗΡΩΜΗΣ ΑΦΟΙ ΠΑΠΑΝΑΣΤΑΣΙΟΥ Ο.Ε. (081308853),081308853,ΑΦΟΙ ΠΑΠΑΝΑΣΤΑΣΙΟΥ Ο.Ε. (081308853),803.52,,
9Ν5Τ4690ΒΧ-ΞΘΧ,2025-09-24,ΕΝΤΑΛΜΑ ΠΛΗΡΩΜΗΣ ΑΦΟΙ ΠΑΠΑΝΑΣΤΑΣΙΟΥ Ο.Ε. (081308853),081308853,ΑΦΟΙ ΠΑΠΑΝΑΣΤΑΣΙΟΥ Ο.Ε. (081308853),497.49,,
ΡΟ3Ο4690ΒΧ-ΧΛΩ,2025-09-24,ΕΝΤΑΛΜΑ ΠΛΗΡΩΜΗΣ ΑΝΤΙΓ. ΠΕΤΡΟΠΟΥΛΟΥ   ΣΙΑ Ο.Ε (082091043),082091043,ΑΝΤΙΓ. ΠΕΤΡΟΠΟΥΛΟΥ   ΣΙΑ Ο.Ε (082091043),4151.27,,
ΨΜΕΨ4690ΒΧ-0Ο9,2025-09-24,ΕΝΤΑΛΜΑ ΠΛΗΡΩΜΗΣ ΑΝΤΙ-ΣΕΛ ΑΦΟΙ Α. ΣΕΛΙΔΗ ΑΕ (091569759),091569759,ΑΝΤΙ-ΣΕΛ ΑΦΟΙ Α. ΣΕΛΙΔΗ ΑΕ (091569759),502.2,,
Ψ0ΜΑ4690ΒΧ-Ε6Ε,2025-09-24,ΕΝΤΑΛΜΑ ΠΛΗΡΩΜΗΣ ΑΝΑΣΤΑΣΙΟΣ ΔΙΓΚΑΣ Ι.Κ.Ε. (997826122),997826122,ΑΝΑΣΤΑΣΙΟΣ ΔΙΓΚΑΣ Ι.Κ.Ε. (997826122),1447.47,,
ΨΑ274690ΒΧ-4ΓΡ,2025-09-24,ΕΝΤΑΛΜΑ ΠΛΗΡΩΜΗΣ ΑΝΑΣΤΑΣΙΟΣ ΔΙΓΚΑΣ Ι.Κ.Ε. (997826122),997826122,ΑΝΑΣΤΑΣΙΟΣ ΔΙΓΚΑΣ Ι.Κ.Ε. (997826122),284.73,,
ΨΡΕΔ4690ΒΧ-ΧΕ9,2025-09-29,ΕΝΤΑΛΜΑ ΠΛΗΡΩΜΗΣ ΑΝΑΛΥΤΙΚΕΣ ΣΥΣΚΕΥΕΣ Α.Ε. (094143441),094143441,ΑΝΑΛΥΤΙΚΕΣ ΣΥΣΚΕΥΕΣ Α.Ε. (094143441),570.4,,
Ψ0ΙΨ4690ΒΧ-ΙΓΩ,2025-09-24,ΕΝΤΑΛΜΑ ΠΛΗΡΩΜΗΣ ΑΓΚΦΑ - ΓΚΕΒΕΡΤ ΑΕΒΕ (094025805),094025805,ΑΓΚΦΑ - ΓΚΕΒΕΡΤ ΑΕΒΕ (094025805),11353.74,,
9ΒΟΝ4690ΒΧ-ΖΑ7,2025-09-15,ΕΝΤΑΛΜΑ ΠΛΗΡΩΜΗΣ Α.Μ.ΒΙΔΑΛΗΣ INTERNATIONAL ΙΚΕ (095185177),095185177,Α.Μ.ΒΙΔΑΛΗΣ INTERNATIONAL ΙΚΕ (095185177),2529.6,,
9Τ7Β4690ΒΧ-ΩΛ8,2025-09-24,ΕΝΤΑΛΜΑ ΠΛΗΡΩΜΗΣ ΒΙΟΗΛΕΚΤΡΟΝΙΚΗ  Ι.Κ.Ε. <<BIOELECTRONICA>> (800780179),800780179,ΒΙΟΗΛΕΚΤΡΟΝΙΚΗ  Ι.Κ.Ε. <<BIOELECTRONICA>> (800780179),198.4,,
94ΜΝ4690ΒΧ-ΗΦ3,2025-09-30,ΕΝΤΑΛΜΑ ΠΛΗΡΩΜΗΣ ΝΤΙΑΜΕΝΤ ΕΛΛΑΣ Α.Ε.Ε. (095259724),095259724,ΝΤΙΑΜΕΝΤ ΕΛΛΑΣ Α.Ε.Ε. (095259724),2373.34,,
9ΘΑ54690ΒΧ-8ΧΖ,2025-09-29,ΕΝΤΑΛΜΑ ΠΛΗΡΩΜΗΣ ΜΑΓΕΙΡΑΣ ΔΙΑΓΝ.ΜΗΧΑΝΗΜΑΤΑ Α.Ε. (095444407),095444407,ΜΑΓΕΙΡΑΣ ΔΙΑΓΝ.ΜΗΧΑΝΗΜΑΤΑ Α.Ε. (095444407),14509.1,,
9ΔΚ44690ΒΧ-ΟΣΡ,2025-09-29,ΕΝΤΑΛΜΑ ΠΛΗΡΩΜΗΣ ΠΑΥΛΟΣ ΑΡΝΑΟΥΤΗΣ Α.Ε. (094178060),094178060,ΠΑΥΛΟΣ ΑΡΝΑΟΥΤΗΣ Α.Ε. (094178060),626.08,,
9ΕΔ24690ΒΧ-ΗΑ3,2025-09-29,ΕΝΤΑΛΜΑ ΠΛΗΡΩΜΗΣ iDX P.C (800725375),800725375,iDX P.C (800725375),5596.8,,
6ΓΑΕ4690ΒΧ-ΜΤ8,2025-09-29,ΕΝΤΑΛΜΑ ΠΛΗΡΩΜΗΣ iDX P.C (800725375),800725375,iDX P.C (800725375),5565.0,,
99564690ΒΧ-ΔΙΜ,2025-09-29,ΕΝΤΑΛΜΑ ΠΛΗΡΩΜΗΣ iDX P.C (800725375),800725375,iDX P.C (800725375),1272.0,,
ΨΞ8Η4690ΒΧ-53Χ,2025-09-30,ΕΝΤΑΛΜΑ ΠΛΗΡΩΜΗΣ V   L VIOLAK INTERNATIONAL A.E (099370337),099370337,V   L VIOLAK INTERNATIONAL A.E (099370337),104.86,,
6ΖΘΣ4690ΒΧ-ΗΣ6,2025-09-30,ΕΝΤΑΛΜΑ ΠΛΗΡΩΜΗΣ V   L VIOLAK INTERNATIONAL A.E (099370337),099370337,V   L VIOLAK INTERNATIONAL A.E (099370337),580.32,,
Ψ1ΕΧ4690ΒΧ-ΥΙ8,2025-09-30,ΕΝΤΑΛΜΑ ΠΛΗΡΩΜΗΣ V   L VIOLAK INTERNATIONAL A.E (099370337),099370337,V   L VIOLAK INTERNATIONAL A.E (099370337),39.68,,
61Λ84690ΒΧ-ΧΥΙ,2025-09-30,ΕΝΤΑΛΜΑ ΠΛΗΡΩΜΗΣ V   L VIOLAK INTERNATIONAL A.E (099370337),099370337,V   L VIOLAK INTERNATIONAL A.E (099370337),19.07,,
6ΜΚΥ4690ΒΧ-Μ53,2025-09-30,ΕΝΤΑΛΜΑ ΠΛΗΡΩΜΗΣ V   L VIOLAK INTERNATIONAL A.E (099370337),099370337,V   L VIOLAK INTERNATIONAL A.E (099370337),3029.49,,
Ψ2ΘΓ4690ΒΧ-5Γ7,2025-09-30,ΕΝΤΑΛΜΑ ΠΛΗΡΩΜΗΣ V   L VIOLAK INTERNATIONAL A.E (099370337),099370337,V   L VIOLAK INTERNATIONAL A.E (099370337),820.81,,
ΨΒΣΑ4690ΒΧ-ΔΔ9,2025-09-30,ΕΝΤΑΛΜΑ ΠΛΗΡΩΜΗΣ V   L VIOLAK INTERNATIONAL A.E (099370337),099370337,V   L VIOLAK INTERNATIONAL A.E (099370337),2146.97,,
9Β274690ΒΧ-Σ17,2025-09-30,ΕΝΤΑΛΜΑ ΠΛΗΡΩΜΗΣ V   L VIOLAK INTERNATIONAL A.E (099370337),099370337,V   L VIOLAK INTERNATIONAL A.E (099370337),413.55,,
6ΖΙ34690ΒΧ-35Κ,2025-09-29,ΕΝΤΑΛΜΑ ΠΛΗΡΩΜΗΣ ABBOTT LABORATORIES(ΕΛΛΑΣ)ABEE (094027257),094027257,ABBOTT LABORATORIES(ΕΛΛΑΣ)ABEE (094027257),2501.6,,
99ΖΒ4690ΒΧ-ΗΓΝ,2025-09-29,ΕΝΤΑΛΜΑ ΠΛΗΡΩΜΗΣ ABBOTT LABORATORIES(ΕΛΛΑΣ)ABEE (094027257),094027257,ABBOTT LABORATORIES(ΕΛΛΑΣ)ABEE (094027257),4812.4,,
9ΞΘ54690ΒΧ-ΛΟΓ,2025-09-29,ΕΝΤΑΛΜΑ ΠΛΗΡΩΜΗΣ ABBOTT LABORATORIES(ΕΛΛΑΣ)ABEE (094027257),094027257,ABBOTT LABORATORIES(ΕΛΛΑΣ)ABEE (094027257),4367.2,,
Ψ6ΥΩ4690ΒΧ-ΗΧΚ,2025-09-29,ΕΝΤΑΛΜΑ ΠΛΗΡΩΜΗΣ ABBOTT LABORATORIES(ΕΛΛΑΣ)ABEE (094027257),094027257,ABBOTT LABORATORIES(ΕΛΛΑΣ)ABEE (094027257),3826.6,,
9Δ004690ΒΧ-ΙΙΥ,2025-09-29,ΕΝΤΑΛΜΑ ΠΛΗΡΩΜΗΣ ABBOTT LABORATORIES(ΕΛΛΑΣ)ABEE (094027257),094027257,ABBOTT LABORATORIES(ΕΛΛΑΣ)ABEE (094027257),4759.4,,
60ΣΖ4690ΒΧ-ΗΤΙ,2025-09-29,ΕΝΤΑΛΜΑ ΠΛΗΡΩΜΗΣ ABBOTT LABORATORIES(ΕΛΛΑΣ)ABEE (094027257),094027257,ABBOTT LABORATORIES(ΕΛΛΑΣ)ABEE (094027257),4187.0,,
ΨΗΣΠ4690ΒΧ-Φ50,2025-09-15,ΕΝΤΑΛΜΑ ΠΛΗΡΩΜΗΣ Α.Μ.ΒΙΔΑΛΗΣ INTERNATIONAL ΙΚΕ (095185177),095185177,Α.Μ.ΒΙΔΑΛΗΣ INTERNATIONAL ΙΚΕ (095185177),2529.6,,
9ΣΡΠ4690ΒΧ-ΞΜ0,2025-09-24,ΕΝΤΑΛΜΑ ΠΛΗΡΩΜΗΣ ΒΙΟΗΛΕΚΤΡΟΝΙΚΗ  Ι.Κ.Ε. <<BIOELECTRONICA>> (800780179),800780179,ΒΙΟΗΛΕΚΤΡΟΝΙΚΗ  Ι.Κ.Ε. <<BIOELECTRONICA>> (800780179),136.4,,
6ΑΠ04690ΒΧ-ΟΙΗ,2025-09-09,ΕΝΤΑΛΜΑ ΠΛΗΡΩΜΗΣ ZIMMER BIOMET ΕΛΛΑΣ ΜΟΝ/ΠΗ Α.Ε (094437885),094437885,ZIMMER BIOMET ΕΛΛΑΣ ΜΟΝ/ΠΗ Α.Ε (094437885),3774.99,,
Ψ8Λ34690ΒΧ-1ΨΤ,2025-09-09,ΕΝΤΑΛΜΑ ΠΛΗΡΩΜΗΣ ZIMMER BIOMET ΕΛΛΑΣ ΜΟΝ/ΠΗ Α.Ε (094437885),094437885,ZIMMER BIOMET ΕΛΛΑΣ ΜΟΝ/ΠΗ Α.Ε (094437885),3734.68,,
ΨΥ0Σ4690ΒΧ-ΓΛ5,2025-09-09,ΕΝΤΑΛΜΑ ΠΛΗΡΩΜΗΣ ZIMMER BIOMET ΕΛΛΑΣ ΜΟΝ/ΠΗ Α.Ε (094437885),094437885,ZIMMER BIOMET ΕΛΛΑΣ ΜΟΝ/ΠΗ Α.Ε (094437885),2670.19,,
65Λ54690ΒΧ-ΝΥ6,2025-09-09,ΕΝΤΑΛΜΑ ΠΛΗΡΩΜΗΣ ZIMMER BIOMET ΕΛΛΑΣ ΜΟΝ/ΠΗ Α.Ε (094437885),094437885,ZIMMER BIOMET ΕΛΛΑΣ ΜΟΝ/ΠΗ Α.Ε (094437885),4023.17,,
Ψ4ΑΛ4690ΒΧ-4Φ4,2025-09-09,ΕΝΤΑΛΜΑ ΠΛΗΡΩΜΗΣ ZIMMER BIOMET ΕΛΛΑΣ ΜΟΝ/ΠΗ Α.Ε (094437885),094437885,ZIMMER BIOMET ΕΛΛΑΣ ΜΟΝ/ΠΗ Α.Ε (094437885),2819.22,,
ΨΩΕ94690ΒΧ-ΛΣΞ,2025-09-24,ΕΝΤΑΛΜΑ ΠΛΗΡΩΜΗΣ VETERY SERVICE HELLAS ΝΑΚΑΣ ΣΠΥΡΙΔΩΝ (061755570),061755570,VETERY SERVICE HELLAS ΝΑΚΑΣ ΣΠΥΡΙΔΩΝ (061755570),1625.0,,
ΨΞΕ74690ΒΧ-82Ξ,2025-09-17,ΕΝΤΑΛΜΑ ΠΛΗΡΩΜΗΣ PROGNOSIS BIOTECH Α.Ε. (997845150),997845150,PROGNOSIS BIOTECH Α.Ε. (997845150),240.74,,
ΨΖΛΔ4690ΒΧ-ΣΞΝ,2025-09-17,ΕΝΤΑΛΜΑ ΠΛΗΡΩΜΗΣ PROGNOSIS BIOTECH Α.Ε. (997845150),997845150,PROGNOSIS BIOTECH Α.Ε. (997845150),2609.56,,
Ρ3Ν24690ΒΧ-Θ4Η,2025-09-24,ΕΝΤΑΛΜΑ ΠΛΗΡΩΜΗΣ Medtronic Hellas Ιατρικά Μηχανήματα Μονοπρόσωπη Α.Ε.Ε. (094498111),094498111,Medtronic Hellas Ιατρικά Μηχανήματα Μονοπρόσωπη Α.Ε.Ε. (094498111),81.84,,
ΡΓΗΒ4690ΒΧ-ΣΑΑ,2025-09-17,ΕΝΤΑΛΜΑ ΠΛΗΡΩΜΗΣ JTI DYNAMIC E.E (801354822),801354822,JTI DYNAMIC E.E (801354822),1485.4,,
ΨΖ6Ο4690ΒΧ-Κ60,2025-09-22,ΕΝΤΑΛΜΑ ΠΛΗΡΩΜΗΣ ΔΗΜ.ΕΠΙΧ/ΣΗ ΗΛΕΚΤΡΙΣΜΟΥ ΑΕ (090000045),090000045,ΔΗΜ.ΕΠΙΧ/ΣΗ ΗΛΕΚΤΡΙΣΜΟΥ ΑΕ (090000045),10.0,,
Ρ9ΖΡ4690ΒΧ-ΨΡ5,2025-09-22,ΕΝΤΑΛΜΑ ΠΛΗΡΩΜΗΣ ΔΗΜ.ΕΠΙΧ/ΣΗ ΗΛΕΚΤΡΙΣΜΟΥ ΑΕ (090000045),090000045,ΔΗΜ.ΕΠΙΧ/ΣΗ ΗΛΕΚΤΡΙΣΜΟΥ ΑΕ (090000045),381.0,,
ΨΚ054690ΒΧ-Ο2Ν,2025-09-22,ΕΝΤΑΛΜΑ ΠΛΗΡΩΜΗΣ ΔΗΜ.ΕΠΙΧ/ΣΗ ΗΛΕΚΤΡΙΣΜΟΥ ΑΕ (090000045),090000045,ΔΗΜ.ΕΠΙΧ/ΣΗ ΗΛΕΚΤΡΙΣΜΟΥ ΑΕ (090000045),132.0,,
9ΓΚΛ4690ΒΧ-ΓΤ9,2025-09-22,ΕΝΤΑΛΜΑ ΠΛΗΡΩΜΗΣ ΟΡΓ/ΣΜΟΣ ΤΗΛΕΠ/ΝΙΩΝ ΕΛΛΑΔΟΣ ΑΕ (094019245),094019245,ΟΡΓ/ΣΜΟΣ ΤΗΛΕΠ/ΝΙΩΝ ΕΛΛΑΔΟΣ ΑΕ (094019245),109.8,,
ΡΓ3Δ4690ΒΧ-ΒΔΟ,2025-09-22,ΕΝΤΑΛΜΑ ΠΛΗΡΩΜΗΣ ΟΡΓ/ΣΜΟΣ ΤΗΛΕΠ/ΝΙΩΝ ΕΛΛΑΔΟΣ ΑΕ (094019245),094019245,ΟΡΓ/ΣΜΟΣ ΤΗΛΕΠ/ΝΙΩΝ ΕΛΛΑΔΟΣ ΑΕ (094019245),536.13,,
9ΚΟ04690ΒΧ-ΡΟΗ,2025-09-22,ΕΝΤΑΛΜΑ ΠΛΗΡΩΜΗΣ ΔΗΜΟΣ ΛΕΥΚΑΔΑΣ (997916281),997916281,ΔΗΜΟΣ ΛΕΥΚΑΔΑΣ (997916281),16294.0,,
6ΑΚΦ4690ΒΧ-9ΧΗ,2025-09-22,ΕΝΤΑΛΜΑ ΠΛΗΡΩΜΗΣ ΔΗΜΟΣ ΛΕΥΚΑΔΑΣ (997916281),997916281,ΔΗΜΟΣ ΛΕΥΚΑΔΑΣ (997916281),22.0,,
6ΝΕΝ4690ΒΧ-50Β,2025-09-15,ΕΝΤΑΛΜΑ ΠΛΗΡΩΜΗΣ ΚΟΠΕΡ ΑΕ (094007897),094007897,ΚΟΠΕΡ ΑΕ (094007897),84.75,,
ΡΕΖΘ4690ΒΧ-0ΩΑ,2025-09-15,ΕΝΤΑΛΜΑ ΠΛΗΡΩΜΗΣ ΚΟΠΕΡ ΑΕ (094007897),094007897,ΚΟΠΕΡ ΑΕ (094007897),809.98,,
Ψ2ΤΖ4690ΒΧ-Δ4Ξ,2025-09-17,ΕΝΤΑΛΜΑ ΠΛΗΡΩΜΗΣ ΚΑΧΙΩΝΗΣ Α.Π.ΙΩΑΚΕΙΜΙΔΟΥ Ο.Ε KI-Constructions (998170464),998170464,ΚΑΧΙΩΝΗΣ Α.Π.ΙΩΑΚΕΙΜΙΔΟΥ Ο.Ε KI-Constructions (998170464),178.56,,
Ψ3ΤΤ4690ΒΧ-ΓΙΘ,2025-09-17,ΕΝΤΑΛΜΑ ΠΛΗΡΩΜΗΣ ΚΑΧΙΩΝΗΣ Α.Π.ΙΩΑΚΕΙΜΙΔΟΥ Ο.Ε KI-Constructions (998170464),998170464,ΚΑΧΙΩΝΗΣ Α.Π.ΙΩΑΚΕΙΜΙΔΟΥ Ο.Ε KI-Constructions (998170464),419.12,,
Ψ7Ξ84690ΒΧ-ΧΟΖ,2025-09-17,ΕΝΤΑΛΜΑ ΠΛΗΡΩΜΗΣ ΕΝΟΡΑΣΙΣ Α.Ε. (094503580),094503580,ΕΝΟΡΑΣΙΣ Α.Ε. (094503580),1116.0,,
6ΘΣ14690ΒΧ-ΡΣΗ,2025-09-17,ΕΝΤΑΛΜΑ ΠΛΗΡΩΜΗΣ ΕΝΟΡΑΣΙΣ Α.Ε. (094503580),094503580,ΕΝΟΡΑΣΙΣ Α.Ε. (094503580),446.4,,
65ΧΚ4690ΒΧ-ΨΚΖ,2025-09-17,ΕΝΤΑΛΜΑ ΠΛΗΡΩΜΗΣ ΕΝΟΡΑΣΙΣ Α.Ε. (094503580),094503580,ΕΝΟΡΑΣΙΣ Α.Ε. (094503580),3429.16,,
ΨΨΞΔ4690ΒΧ-ΚΥ1,2025-09-17,ΕΝΤΑΛΜΑ ΠΛΗΡΩΜΗΣ ΓΚΑΤΕΞ Α.Ε MEDICAL SUPLIES (093573836),093573836,ΓΚΑΤΕΞ Α.Ε MEDICAL SUPLIES (093573836),89.04,,
65Π34690ΒΧ-ΖΚΚ,2025-09-17,ΕΝΤΑΛΜΑ ΠΛΗΡΩΜΗΣ ΓΚΑΤΕΞ Α.Ε MEDICAL SUPLIES (093573836),093573836,ΓΚΑΤΕΞ Α.Ε MEDICAL SUPLIES (093573836),254.4,,
ΨΒ494690ΒΧ-Π9Μ,2025-09-09,ΕΝΤΑΛΜΑ ΠΛΗΡΩΜΗΣ ΠΑΝ/ΜΙΟ ΑΘΗΝΩΝ-ΠΑΘ/ΓΙΚΟ ΑΝΑΤΟΜ (090145420),090145420,ΠΑΝ/ΜΙΟ ΑΘΗΝΩΝ-ΠΑΘ/ΓΙΚΟ ΑΝΑΤΟΜ (090145420),5719.58,,
6ΜΠΥ4690ΒΧ-8ΧΠ,2025-09-09,ΕΝΤΑΛΜΑ ΠΛΗΡΩΜΗΣ ΛΟΥΛΟΥΔΗΣ ΛΕΩΝΙΔΑΣ ΜΟΝ. ΙΚΕ (801458499),801458499,ΛΟΥΛΟΥΔΗΣ ΛΕΩΝΙΔΑΣ ΜΟΝ. ΙΚΕ (801458499),36937.12,,
96ΨΗ4690ΒΧ-8ΟΣ,2025-09-09,ΕΝΤΑΛΜΑ ΠΛΗΡΩΜΗΣ ΛΟΥΛΟΥΔΗΣ ΛΕΩΝΙΔΑΣ ΜΟΝ. ΙΚΕ (801458499),801458499,ΛΟΥΛΟΥΔΗΣ ΛΕΩΝΙΔΑΣ ΜΟΝ. ΙΚΕ (801458499),2976.0,,
ΨΓΖΠ4690ΒΧ-8Λ6,2025-09-09,ΕΝΤΑΛΜΑ ΠΛΗΡΩΜΗΣ ELINCO A.E.ΣΥΣΤΗΜΑΤΑ ΕΛΕΓΧΟΥ ΠΥΡΟΠΡΟΣΤΑΣΙΑΣ-ΑΣΦΑΛΕΙΑΣ (094475496),094475496,ELINCO A.E.ΣΥΣΤΗΜΑΤΑ ΕΛΕΓΧΟΥ ΠΥΡΟΠΡΟΣΤΑΣΙΑΣ-ΑΣΦΑΛΕΙΑΣ (094475496),3658.0,,
ΡΓΞΗ4690ΒΧ-Σ1Ε,2025-09-09,ΕΝΤΑΛΜΑ ΠΛΗΡΩΜΗΣ ELINCO A.E.ΣΥΣΤΗΜΑΤΑ ΕΛΕΓΧΟΥ ΠΥΡΟΠΡΟΣΤΑΣΙΑΣ-ΑΣΦΑΛΕΙΑΣ (094475496),094475496,ELINCO A.E.ΣΥΣΤΗΜΑΤΑ ΕΛΕΓΧΟΥ ΠΥΡΟΠΡΟΣΤΑΣΙΑΣ-ΑΣΦΑΛΕΙΑΣ (094475496),3782.0,,
ΨΔ0Δ4690ΒΧ-12Σ,2025-09-15,ΕΝΤΑΛΜΑ ΠΛΗΡΩΜΗΣ ΒΙΟΣΕΡ ΑΕ (094035927),094035927,ΒΙΟΣΕΡ ΑΕ (094035927),4373.1,,
ΨΜΠΡ4690ΒΧ-Ψ5Χ,2025-09-15,ΕΝΤΑΛΜΑ ΠΛΗΡΩΜΗΣ ΑΦΟΙ ΑΛΤΑΝΗ ΟΕ (081682275),081682275,ΑΦΟΙ ΑΛΤΑΝΗ ΟΕ (081682275),1736.0,,
9ΘΗ24690ΒΧ-ΙΦΤ,2025-09-15,ΕΝΤΑΛΜΑ ΠΛΗΡΩΜΗΣ ΑΦΟΙ ΑΛΤΑΝΗ ΟΕ (081682275),081682275,ΑΦΟΙ ΑΛΤΑΝΗ ΟΕ (081682275),992.0,,
ΡΙ864690ΒΧ-ΥΘΙ,2025-09-17,ΕΝΤΑΛΜΑ ΠΛΗΡΩΜΗΣ klinikum plus Μονοπρόσωπη Ι.Κ.Ε (800888293),800888293,klinikum plus Μονοπρόσωπη Ι.Κ.Ε (800888293),1264.8,,
ΡΓ6Μ4690ΒΧ-3ΚΜ,2025-09-09,ΕΝΤΑΛΜΑ ΠΛΗΡΩΜΗΣ ZIMMER BIOMET ΕΛΛΑΣ ΜΟΝ/ΠΗ Α.Ε (094437885),094437885,ZIMMER BIOMET ΕΛΛΑΣ ΜΟΝ/ΠΗ Α.Ε (094437885),4952.14,,
9Α774690ΒΧ-0ΞΣ,2025-09-09,ΕΝΤΑΛΜΑ ΠΛΗΡΩΜΗΣ ZIMMER BIOMET ΕΛΛΑΣ ΜΟΝ/ΠΗ Α.Ε (094437885),094437885,ZIMMER BIOMET ΕΛΛΑΣ ΜΟΝ/ΠΗ Α.Ε (094437885),4684.54,,
Ψ4ΧΝ4690ΒΧ-ΔΟΞ,2025-09-09,ΕΝΤΑΛΜΑ ΠΛΗΡΩΜΗΣ ZIMMER BIOMET ΕΛΛΑΣ ΜΟΝ/ΠΗ Α.Ε (094437885),094437885,ZIMMER BIOMET ΕΛΛΑΣ ΜΟΝ/ΠΗ Α.Ε (094437885),4591.67,,
ΡΠ134690ΒΧ-ΦΓΩ,2025-09-09,ΕΝΤΑΛΜΑ ΠΛΗΡΩΜΗΣ ZIMMER BIOMET ΕΛΛΑΣ ΜΟΝ/ΠΗ Α.Ε (094437885),094437885,ZIMMER BIOMET ΕΛΛΑΣ ΜΟΝ/ΠΗ Α.Ε (094437885),3494.04,,
ΡΒΥ84690ΒΧ-6ΨΘ,2025-09-09,ΕΝΤΑΛΜΑ ΠΛΗΡΩΜΗΣ ZIMMER BIOMET ΕΛΛΑΣ ΜΟΝ/ΠΗ Α.Ε (094437885),094437885,ZIMMER BIOMET ΕΛΛΑΣ ΜΟΝ/ΠΗ Α.Ε (094437885),4894.28,,
ΡΓΙ34690ΒΧ-3ΓΩ,2025-09-09,ΕΝΤΑΛΜΑ ΠΛΗΡΩΜΗΣ ZIMMER BIOMET ΕΛΛΑΣ ΜΟΝ/ΠΗ Α.Ε (094437885),094437885,ZIMMER BIOMET ΕΛΛΑΣ ΜΟΝ/ΠΗ Α.Ε (094437885),4640.7,,
9ΚΩ04690ΒΧ-ΝΦΑ,2025-09-17,ΕΝΤΑΛΜΑ ΠΛΗΡΩΜΗΣ SCITEC ΙΑΤΡΙΚΑ ΣΥΣΤΗΜΑΤΑ Ε.Ε (094457478),094457478,SCITEC ΙΑΤΡΙΚΑ ΣΥΣΤΗΜΑΤΑ Ε.Ε (094457478),917.6,,
94ΣΝ4690ΒΧ-5ΤΠ,2025-09-17,ΕΝΤΑΛΜΑ ΠΛΗΡΩΜΗΣ SCITEC ΙΑΤΡΙΚΑ ΣΥΣΤΗΜΑΤΑ Ε.Ε (094457478),094457478,SCITEC ΙΑΤΡΙΚΑ ΣΥΣΤΗΜΑΤΑ Ε.Ε (094457478),2461.9,,
ΨΜ3Χ4690ΒΧ-ΚΓΘ,2025-09-17,ΕΝΤΑΛΜΑ ΠΛΗΡΩΜΗΣ SCITEC ΙΑΤΡΙΚΑ ΣΥΣΤΗΜΑΤΑ Ε.Ε (094457478),094457478,SCITEC ΙΑΤΡΙΚΑ ΣΥΣΤΗΜΑΤΑ Ε.Ε (094457478),31.62,,
Ρ3Ι44690ΒΧ-ΡΝΜ,2025-09-17,ΕΝΤΑΛΜΑ ΠΛΗΡΩΜΗΣ SARSTEDT ΜΕΠΕ (095591419),095591419,SARSTEDT ΜΕΠΕ (095591419),194.37,,
ΡΥΕΗ4690ΒΧ-Ν3Β,2025-09-17,ΕΝΤΑΛΜΑ ΠΛΗΡΩΜΗΣ LERIVA Α.Ε. (997985840),997985840,LERIVA Α.Ε. (997985840),2333.18,,
ΨΣ1Δ4690ΒΧ-ΒΑ4,2025-09-17,ΕΝΤΑΛΜΑ ΠΛΗΡΩΜΗΣ LERIVA Α.Ε. (997985840),997985840,LERIVA Α.Ε. (997985840),248.0,,
6ΘΗΘ4690ΒΧ-Φ7Υ,2025-09-17,ΕΝΤΑΛΜΑ ΠΛΗΡΩΜΗΣ LERIVA Α.Ε. (997985840),997985840,LERIVA Α.Ε. (997985840),1190.9,,
Ψ36Ω4690ΒΧ-ΩΓΗ,2025-09-17,ΕΝΤΑΛΜΑ ΠΛΗΡΩΜΗΣ LERIVA Α.Ε. (997985840),997985840,LERIVA Α.Ε. (997985840),1361.02,,
6ΣΥ64690ΒΧ-ΥΣΣ,2025-09-15,ΕΝΤΑΛΜΑ ΠΛΗΡΩΜΗΣ HOSPITECNICA ΕΠΕ (095526068),095526068,HOSPITECNICA ΕΠΕ (095526068),5532.88,,
9ΔΕΧ4690ΒΧ-7ΛΥ,2025-09-15,ΕΝΤΑΛΜΑ ΠΛΗΡΩΜΗΣ HOSPITECNICA ΕΠΕ (095526068),095526068,HOSPITECNICA ΕΠΕ (095526068),1785.6,,
9ΕΚ74690ΒΧ-4Δ8,2025-09-15,ΕΝΤΑΛΜΑ ΠΛΗΡΩΜΗΣ HOSPITECNICA ΕΠΕ (095526068),095526068,HOSPITECNICA ΕΠΕ (095526068),8406.41,,
6Ξ9Σ4690ΒΧ-ΡΝΩ,2025-09-15,ΕΝΤΑΛΜΑ ΠΛΗΡΩΜΗΣ HOSPITECNICA ΕΠΕ (095526068),095526068,HOSPITECNICA ΕΠΕ (095526068),1006.88,,
ΨΒ9Υ4690ΒΧ-3Κ4,2025-09-15,ΕΝΤΑΛΜΑ ΠΛΗΡΩΜΗΣ HEALTHCARE EXPERIENCE A.E ΟΛΟΚΛ.ΛΥΣ.ΙΑΤΡ. ΠΛ.ΙΑΤΡ.ΕΞ.-ΛΟΓ.  ΥΠΗΡ. (997800874),997800874,HEALTHCARE EXPERIENCE A.E ΟΛΟΚΛ.ΛΥΣ.ΙΑΤΡ. ΠΛ.ΙΑΤΡ.ΕΞ.-ΛΟΓ.  ΥΠΗΡ. (997800874),2046.0,,
9ΕΦΤ4690ΒΧ-Λ0Γ,2025-09-15,ΕΝΤΑΛΜΑ ΠΛΗΡΩΜΗΣ EpiMed ΝΕΑ ΕΠΙΜΕΝΤ ΜΕΠΕ (999723663),999723663,EpiMed ΝΕΑ ΕΠΙΜΕΝΤ ΜΕΠΕ (999723663),2728.0,,
ΡΤΠ24690ΒΧ-ΔΙΥ,2025-09-09,ΕΝΤΑΛΜΑ ΠΛΗΡΩΜΗΣ ΚΑΡΑΤΖΑ ΕΛΛΗ ΣΤΥΛΙΑΝΟΣ (132588267),132588267,ΚΑΡΑΤΖΑ ΕΛΛΗ ΣΤΥΛΙΑΝΟΣ (132588267),5512.12,,
6ΝΘ54690ΒΧ-ΤΙ3,2025-09-09,ΕΝΤΑΛΜΑ ΠΛΗΡΩΜΗΣ ΠΑΝ/ΜΙΟ ΑΘΗΝΩΝ-ΠΑΘ/ΓΙΚΟ ΑΝΑΤΟΜ (090145420),090145420,ΠΑΝ/ΜΙΟ ΑΘΗΝΩΝ-ΠΑΘ/ΓΙΚΟ ΑΝΑΤΟΜ (090145420),3522.21,,
Ρ4ΓΑ4690ΒΧ-ΜΦ3,2025-09-09,ΕΝΤΑΛΜΑ ΠΛΗΡΩΜΗΣ CLEAN WASH EXPRESS ΜΟΝΟΠΡΟΣΩΠΗ Ι.Κ.Ε. (802560756),802560756,CLEAN WASH EXPRESS ΜΟΝΟΠΡΟΣΩΠΗ Ι.Κ.Ε. (802560756),4503.14,,
9ΩΠ44690ΒΧ-5ΕΤ,2025-09-09,ΕΝΤΑΛΜΑ ΠΛΗΡΩΜΗΣ ΤΕΜΑΚ (094279934),094279934,ΤΕΜΑΚ (094279934),2468.94,,
9Δ5Ι4690ΒΧ-Λ19,2025-09-09,ΕΝΤΑΛΜΑ ΠΛΗΡΩΜΗΣ ΤΕΜΑΚ (094279934),094279934,ΤΕΜΑΚ (094279934),2306.4,,
ΨΝ264690ΒΧ-ΕΔΟ,2025-09-09,ΕΝΤΑΛΜΑ ΠΛΗΡΩΜΗΣ ΤΕΜΑΚ (094279934),094279934,ΤΕΜΑΚ (094279934),7700.4,,
Ψ7Τ94690ΒΧ-5ΡΚ,2025-09-09,ΕΝΤΑΛΜΑ ΠΛΗΡΩΜΗΣ ΦΡΑΝΤΖΙΔΗΣ ΠΑΡΑΣΧΟΣ - ΔΙΠΛ.ΗΛΕΚΤΡΟΛΟΓΟΣ ΜΗΧΑΝΙΚΟΣ (124998822),124998822,ΦΡΑΝΤΖΙΔΗΣ ΠΑΡΑΣΧΟΣ - ΔΙΠΛ.ΗΛΕΚΤΡΟΛΟΓΟΣ ΜΗΧΑΝΙΚΟΣ (124998822),3100.0,,
ΡΦΝΜ4690ΒΧ-ΡΨΙ,2025-09-09,ΕΝΤΑΛΜΑ ΠΛΗΡΩΜΗΣ ΠΑΝΕΠΙΣΤΗΜΙΟ ΠΑΤΡΩΝ ΕΛΚΕ (998219694),998219694,ΠΑΝΕΠΙΣΤΗΜΙΟ ΠΑΤΡΩΝ ΕΛΚΕ (998219694),2734.2,,
6ΧΕ24690ΒΧ-Π2Ρ,2025-09-09,ΕΝΤΑΛΜΑ ΠΛΗΡΩΜΗΣ ΔΙΣΝΙΤΣΑΣ ΛΕΩΝΙΔΑΣ (029818051),029818051,ΔΙΣΝΙΤΣΑΣ ΛΕΩΝΙΔΑΣ (029818051),7722.87,,
ΨΜ034690ΒΧ-7Μ0,2025-09-09,ΕΝΤΑΛΜΑ ΠΛΗΡΩΜΗΣ ΔΗΜΟΥΛΙΑΣ Ι.ΧΡΗΣΤΟΣ (076509828),076509828,ΔΗΜΟΥΛΙΑΣ Ι.ΧΡΗΣΤΟΣ (076509828),1200.0,,
94Π84690ΒΧ-ΟΩΝ,2025-09-09,ΕΝΤΑΛΜΑ ΠΛΗΡΩΜΗΣ CHEVAL HELLAS O.E (801383798),801383798,CHEVAL HELLAS O.E (801383798),3282.75,,
65ΙΘ4690ΒΧ-ΣΕ5,2026-05-05,ΕΝΤΑΛΜΑ ΠΛΗΡΩΜΗΣ ΟΥΡΑΝΙΑ ΚΟΝΤΟΓΙΑΝΝΗ   ΣΙΑ Ε.Ε. (802824232),802824232,ΟΥΡΑΝΙΑ ΚΟΝΤΟΓΙΑΝΝΗ   ΣΙΑ Ε.Ε. (802824232),857.69,,
9ΚΦΔ4690ΒΧ-2ΞΚ,2026-06-30,ΕΝΤΑΛΜΑ ΠΛΗΡΩΜΗΣ ΄΄ΦΑΡΜΑ ΚΙΡΚΗ΄΄ ΕΙΡΗΝΗ ΦΕΡΕΝΤΙΝΟΥ ΜΟΝ/ΠΗ ΙΚΕ (800908604),800908604,΄΄ΦΑΡΜΑ ΚΙΡΚΗ΄΄ ΕΙΡΗΝΗ ΦΕΡΕΝΤΙΝΟΥ ΜΟΝ/ΠΗ ΙΚΕ (800908604),5851.32,,
Ψ2ΖΠ4690ΒΧ-ΜΑ2,2026-06-30,ΕΝΤΑΛΜΑ ΠΛΗΡΩΜΗΣ ΄΄ΦΑΡΜΑ ΚΙΡΚΗ΄΄ ΕΙΡΗΝΗ ΦΕΡΕΝΤΙΝΟΥ ΜΟΝ/ΠΗ ΙΚΕ (800908604),800908604,΄΄ΦΑΡΜΑ ΚΙΡΚΗ΄΄ ΕΙΡΗΝΗ ΦΕΡΕΝΤΙΝΟΥ ΜΟΝ/ΠΗ ΙΚΕ (800908604),4637.51,,
929Ν4690ΒΧ-ΜΤΖ,2026-06-30,ΕΝΤΑΛΜΑ ΠΛΗΡΩΜΗΣ ΄΄ΦΑΡΜΑ ΚΙΡΚΗ΄΄ ΕΙΡΗΝΗ ΦΕΡΕΝΤΙΝΟΥ ΜΟΝ/ΠΗ ΙΚΕ (800908604),800908604,΄΄ΦΑΡΜΑ ΚΙΡΚΗ΄΄ ΕΙΡΗΝΗ ΦΕΡΕΝΤΙΝΟΥ ΜΟΝ/ΠΗ ΙΚΕ (800908604),53.42,,
9Π4Θ4690ΒΧ-Κ00,2026-06-26,ΕΝΤΑΛΜΑ ΠΛΗΡΩΜΗΣ SALUS MED ΙΚΕ (801431402),801431402,SALUS MED ΙΚΕ (801431402),2090.5,,
Ψ53Β4690ΒΧ-ΒΜΨ,2026-06-30,ΕΝΤΑΛΜΑ ΠΛΗΡΩΜΗΣ ΔΗΜ.ΕΠΙΧ/ΣΗ ΗΛΕΚΤΡΙΣΜΟΥ ΑΕ (090000045),090000045,ΔΗΜ.ΕΠΙΧ/ΣΗ ΗΛΕΚΤΡΙΣΜΟΥ ΑΕ (090000045),70576.76,,
6Σ504690ΒΧ-ΠΘΨ,2026-06-30,ΕΝΤΑΛΜΑ ΠΛΗΡΩΜΗΣ ΟΡΓ/ΣΜΟΣ ΤΗΛΕΠ/ΝΙΩΝ ΕΛΛΑΔΟΣ ΑΕ (094019245),094019245,ΟΡΓ/ΣΜΟΣ ΤΗΛΕΠ/ΝΙΩΝ ΕΛΛΑΔΟΣ ΑΕ (094019245),125.61,,
95Ξ14690ΒΧ-ΗΜ4,2026-06-30,ΕΝΤΑΛΜΑ ΠΛΗΡΩΜΗΣ ΟΡΓ/ΣΜΟΣ ΤΗΛΕΠ/ΝΙΩΝ ΕΛΛΑΔΟΣ ΑΕ (094019245),094019245,ΟΡΓ/ΣΜΟΣ ΤΗΛΕΠ/ΝΙΩΝ ΕΛΛΑΔΟΣ ΑΕ (094019245),158.06,,
68ΩΦ4690ΒΧ-83Θ,2026-06-30,ΕΝΤΑΛΜΑ ΠΛΗΡΩΜΗΣ ΟΡΓ/ΣΜΟΣ ΤΗΛΕΠ/ΝΙΩΝ ΕΛΛΑΔΟΣ ΑΕ (094019245),094019245,ΟΡΓ/ΣΜΟΣ ΤΗΛΕΠ/ΝΙΩΝ ΕΛΛΑΔΟΣ ΑΕ (094019245),19.98,,
9ΗΣΣ4690ΒΧ-9ΙΞ,2026-06-30,ΕΝΤΑΛΜΑ ΠΛΗΡΩΜΗΣ ΟΡΓ/ΣΜΟΣ ΤΗΛΕΠ/ΝΙΩΝ ΕΛΛΑΔΟΣ ΑΕ (094019245),094019245,ΟΡΓ/ΣΜΟΣ ΤΗΛΕΠ/ΝΙΩΝ ΕΛΛΑΔΟΣ ΑΕ (094019245),776.98,,
ΨΨΛΑ4690ΒΧ-ΗΒΡ,2026-06-30,ΕΝΤΑΛΜΑ ΠΛΗΡΩΜΗΣ ΟΡΓ/ΣΜΟΣ ΤΗΛΕΠ/ΝΙΩΝ ΕΛΛΑΔΟΣ ΑΕ (094019245),094019245,ΟΡΓ/ΣΜΟΣ ΤΗΛΕΠ/ΝΙΩΝ ΕΛΛΑΔΟΣ ΑΕ (094019245),121.8,,
9ΟΡΨ4690ΒΧ-ΥΚ5,2026-06-30,ΕΝΤΑΛΜΑ ΠΛΗΡΩΜΗΣ ΔΗΜ.ΕΠΙΧ/ΣΗ ΗΛΕΚΤΡΙΣΜΟΥ ΑΕ (090000045),090000045,ΔΗΜ.ΕΠΙΧ/ΣΗ ΗΛΕΚΤΡΙΣΜΟΥ ΑΕ (090000045),205.18,,
6ΑΗΟ4690ΒΧ-ΥΙΧ,2026-06-30,ΕΝΤΑΛΜΑ ΠΛΗΡΩΜΗΣ ΔΗΜ.ΕΠΙΧ/ΣΗ ΗΛΕΚΤΡΙΣΜΟΥ ΑΕ (090000045),090000045,ΔΗΜ.ΕΠΙΧ/ΣΗ ΗΛΕΚΤΡΙΣΜΟΥ ΑΕ (090000045),9.15,,
63ΙΠ4690ΒΧ-Ρ2Α,2026-06-30,ΕΝΤΑΛΜΑ ΠΛΗΡΩΜΗΣ ΔΗΜ.ΕΠΙΧ/ΣΗ ΗΛΕΚΤΡΙΣΜΟΥ ΑΕ (090000045),090000045,ΔΗΜ.ΕΠΙΧ/ΣΗ ΗΛΕΚΤΡΙΣΜΟΥ ΑΕ (090000045),868.89,,
Ψ3Υ64690ΒΧ-1ΛΖ,2026-06-30,ΕΝΤΑΛΜΑ ΠΛΗΡΩΜΗΣ ΔΗΜΟΣ ΛΕΥΚΑΔΑΣ (997916281),997916281,ΔΗΜΟΣ ΛΕΥΚΑΔΑΣ (997916281),10.0,,
ΨΓΥΥ4690ΒΧ-ΝΒΩ,2026-06-30,ΕΝΤΑΛΜΑ ΠΛΗΡΩΜΗΣ ΔΗΜΟΣ ΛΕΥΚΑΔΑΣ (997916281),997916281,ΔΗΜΟΣ ΛΕΥΚΑΔΑΣ (997916281),18.0,,
ΨΟΑΨ4690ΒΧ-ΚΒΝ,2026-06-30,ΕΝΤΑΛΜΑ ΠΛΗΡΩΜΗΣ ZIMMER BIOMET ΕΛΛΑΣ ΜΟΝ/ΠΗ Α.Ε (094437885),094437885,ZIMMER BIOMET ΕΛΛΑΣ ΜΟΝ/ΠΗ Α.Ε (094437885),4907.04,,
9ΥΞΦ4690ΒΧ-ΗΜΤ,2026-06-29,ΕΝΤΑΛΜΑ ΠΛΗΡΩΜΗΣ ALLMED E.E. (997564511),997564511,ALLMED E.E. (997564511),2772.22,,
9ΞΝΚ4690ΒΧ-Π59,2026-06-30,ΕΝΤΑΛΜΑ ΠΛΗΡΩΜΗΣ ΜΠΑΛΑΣΚΑΣ ΓΕΩΡΓΙΟΣ (073571028),073571028,ΜΠΑΛΑΣΚΑΣ ΓΕΩΡΓΙΟΣ (073571028),1484.41,,
63ΥΙ4690ΒΧ-ΓΦΑ,2026-06-30,ΕΝΤΑΛΜΑ ΠΛΗΡΩΜΗΣ Λεωνίδας Ψωμόπουλος   ΣΙΑ Ε.Ε. (998810619),998810619,Λεωνίδας Ψωμόπουλος   ΣΙΑ Ε.Ε. (998810619),13.92,,
ΨΔΘΟ4690ΒΧ-ΩΨ2,2026-06-30,ΕΝΤΑΛΜΑ ΠΛΗΡΩΜΗΣ ΚΑΚΑΒΟΣ Ι.ΔΗΜΗΤΡΙΟΣ (119540879),119540879,ΚΑΚΑΒΟΣ Ι.ΔΗΜΗΤΡΙΟΣ (119540879),3964.37,,
9ΠΨΨ4690ΒΧ-77Α,2026-06-30,ΕΝΤΑΛΜΑ ΠΛΗΡΩΜΗΣ ΚΑΚΑΒΟΣ Ι.ΔΗΜΗΤΡΙΟΣ (119540879),119540879,ΚΑΚΑΒΟΣ Ι.ΔΗΜΗΤΡΙΟΣ (119540879),1572.96,,
Ψ01Ρ4690ΒΧ-Κ5Α,2026-06-30,ΕΝΤΑΛΜΑ ΠΛΗΡΩΜΗΣ ΕΠΕΞ-ΕΤΑΙΡΕΙΑ ΕΞΥΠΗΡΕΤΗΣΗΣ ΠΟΛΥΚΑΤΟΙΚΙΩΝ (068685800),068685800,ΕΠΕΞ-ΕΤΑΙΡΕΙΑ ΕΞΥΠΗΡΕΤΗΣΗΣ ΠΟΛΥΚΑΤΟΙΚΙΩΝ (068685800),26.96,,
632Η4690ΒΧ-ΔΛ9,2026-06-30,ΕΝΤΑΛΜΑ ΠΛΗΡΩΜΗΣ ΑΙΑΝΤΑΣ ΤΡΟΦΟΔΟΣΙΕΣ-ΕΙΣΑΓΩΓΙΚΗ   ΕΞΑΓΩΓΙΚΗ ΑΕ (081808560),081808560,ΑΙΑΝΤΑΣ ΤΡΟΦΟΔΟΣΙΕΣ-ΕΙΣΑΓΩΓΙΚΗ   ΕΞΑΓΩΓΙΚΗ ΑΕ (081808560),3409.43,,
9ΨΝΠ4690ΒΧ-Σ2Σ,2026-06-30,ΕΝΤΑΛΜΑ ΠΛΗΡΩΜΗΣ ZIMMER BIOMET ΕΛΛΑΣ ΜΟΝ/ΠΗ Α.Ε (094437885),094437885,ZIMMER BIOMET ΕΛΛΑΣ ΜΟΝ/ΠΗ Α.Ε (094437885),4640.7,,
6ΔΤ54690ΒΧ-ΨΝΖ,2026-06-30,ΕΝΤΑΛΜΑ ΠΛΗΡΩΜΗΣ ZIMMER BIOMET ΕΛΛΑΣ ΜΟΝ/ΠΗ Α.Ε (094437885),094437885,ZIMMER BIOMET ΕΛΛΑΣ ΜΟΝ/ΠΗ Α.Ε (094437885),4474.8,,
9ΘΠΤ4690ΒΧ-ΞΙ2,2026-06-30,ΕΝΤΑΛΜΑ ΠΛΗΡΩΜΗΣ ZIMMER BIOMET ΕΛΛΑΣ ΜΟΝ/ΠΗ Α.Ε (094437885),094437885,ZIMMER BIOMET ΕΛΛΑΣ ΜΟΝ/ΠΗ Α.Ε (094437885),3811.36,,
ΨΣ5Ο4690ΒΧ-35Φ,2026-06-30,ΕΝΤΑΛΜΑ ΠΛΗΡΩΜΗΣ ZIMMER BIOMET ΕΛΛΑΣ ΜΟΝ/ΠΗ Α.Ε (094437885),094437885,ZIMMER BIOMET ΕΛΛΑΣ ΜΟΝ/ΠΗ Α.Ε (094437885),4806.6,,
9ΓΘΜ4690ΒΧ-Γ6Υ,2026-06-30,ΕΝΤΑΛΜΑ ΠΛΗΡΩΜΗΣ ZIMMER BIOMET ΕΛΛΑΣ ΜΟΝ/ΠΗ Α.Ε (094437885),094437885,ZIMMER BIOMET ΕΛΛΑΣ ΜΟΝ/ΠΗ Α.Ε (094437885),2884.44,,
ΨΝ0Τ4690ΒΧ-Ο9Υ,2026-06-30,ΕΝΤΑΛΜΑ ΠΛΗΡΩΜΗΣ ZIMMER BIOMET ΕΛΛΑΣ ΜΟΝ/ΠΗ Α.Ε (094437885),094437885,ZIMMER BIOMET ΕΛΛΑΣ ΜΟΝ/ΠΗ Α.Ε (094437885),4640.7,,
6ΤΤ34690ΒΧ-5ΛΞ,2026-06-30,ΕΝΤΑΛΜΑ ΠΛΗΡΩΜΗΣ ZIMMER BIOMET ΕΛΛΑΣ ΜΟΝ/ΠΗ Α.Ε (094437885),094437885,ZIMMER BIOMET ΕΛΛΑΣ ΜΟΝ/ΠΗ Α.Ε (094437885),4640.7,,
9Δ4Π4690ΒΧ-ΘΕΝ,2026-06-30,ΕΝΤΑΛΜΑ ΠΛΗΡΩΜΗΣ ZIMMER BIOMET ΕΛΛΑΣ ΜΟΝ/ΠΗ Α.Ε (094437885),094437885,ZIMMER BIOMET ΕΛΛΑΣ ΜΟΝ/ΠΗ Α.Ε (094437885),4907.04,,
ΡΙΞΩ4690ΒΧ-Ξ3Ζ,2026-06-29,ΕΝΤΑΛΜΑ ΠΛΗΡΩΜΗΣ ALLMED E.E. (997564511),997564511,ALLMED E.E. (997564511),2772.22,,
ΨΥΥΨ4690ΒΧ-4ΗΚ,2026-06-30,ΕΝΤΑΛΜΑ ΠΛΗΡΩΜΗΣ EUROBANK ΥΠΟΚΑΤΑΣΤΗΜΑ ΛΕΥΚΑΔΑΣ (996866969),996866969,EUROBANK ΥΠΟΚΑΤΑΣΤΗΜΑ ΛΕΥΚΑΔΑΣ (996866969),76.01,,
930Ο4690ΒΧ-2Β0,2026-06-25,ΕΝΤΑΛΜΑ ΠΛΗΡΩΜΗΣ V   L VIOLAK INTERNATIONAL A.E (099370337),099370337,V   L VIOLAK INTERNATIONAL A.E (099370337),2472.04,,
6Ν374690ΒΧ-ΩΨΚ,2026-06-30,ΕΝΤΑΛΜΑ ΠΛΗΡΩΜΗΣ ZIMMER BIOMET ΕΛΛΑΣ ΜΟΝ/ΠΗ Α.Ε (094437885),094437885,ZIMMER BIOMET ΕΛΛΑΣ ΜΟΝ/ΠΗ Α.Ε (094437885),4806.6,,
9ΗΤΥ4690ΒΧ-ΠΙΔ,2026-06-30,ΕΝΤΑΛΜΑ ΠΛΗΡΩΜΗΣ ZIMMER BIOMET ΕΛΛΑΣ ΜΟΝ/ΠΗ Α.Ε (094437885),094437885,ZIMMER BIOMET ΕΛΛΑΣ ΜΟΝ/ΠΗ Α.Ε (094437885),4640.7,,
6ΜΖ84690ΒΧ-ΚΙΛ,2026-06-30,ΕΝΤΑΛΜΑ ΠΛΗΡΩΜΗΣ ZIMMER BIOMET ΕΛΛΑΣ ΜΟΝ/ΠΗ Α.Ε (094437885),094437885,ZIMMER BIOMET ΕΛΛΑΣ ΜΟΝ/ΠΗ Α.Ε (094437885),4553.9,,
6ΜΞ14690ΒΧ-163,2026-06-30,ΕΝΤΑΛΜΑ ΠΛΗΡΩΜΗΣ ZIMMER BIOMET ΕΛΛΑΣ ΜΟΝ/ΠΗ Α.Ε (094437885),094437885,ZIMMER BIOMET ΕΛΛΑΣ ΜΟΝ/ΠΗ Α.Ε (094437885),4343.36,,
9ΒΒΞ4690ΒΧ-Π14,2026-06-30,ΕΝΤΑΛΜΑ ΠΛΗΡΩΜΗΣ ZIMMER BIOMET ΕΛΛΑΣ ΜΟΝ/ΠΗ Α.Ε (094437885),094437885,ZIMMER BIOMET ΕΛΛΑΣ ΜΟΝ/ΠΗ Α.Ε (094437885),4474.8,,
ΨΔΞΓ4690ΒΧ-ΛΥ5,2026-06-30,ΕΝΤΑΛΜΑ ΠΛΗΡΩΜΗΣ ZIMMER BIOMET ΕΛΛΑΣ ΜΟΝ/ΠΗ Α.Ε (094437885),094437885,ZIMMER BIOMET ΕΛΛΑΣ ΜΟΝ/ΠΗ Α.Ε (094437885),4378.48,,
6Δ334690ΒΧ-ΩΝΘ,2026-06-30,ΕΝΤΑΛΜΑ ΠΛΗΡΩΜΗΣ ZIMMER BIOMET ΕΛΛΑΣ ΜΟΝ/ΠΗ Α.Ε (094437885),094437885,ZIMMER BIOMET ΕΛΛΑΣ ΜΟΝ/ΠΗ Α.Ε (094437885),3478.14,,
Ψ3ΜΓ4690ΒΧ-ΞΝΕ,2026-06-30,ΕΝΤΑΛΜΑ ΠΛΗΡΩΜΗΣ ZIMMER BIOMET ΕΛΛΑΣ ΜΟΝ/ΠΗ Α.Ε (094437885),094437885,ZIMMER BIOMET ΕΛΛΑΣ ΜΟΝ/ΠΗ Α.Ε (094437885),4358.2,,
ΨΠΠΣ4690ΒΧ-Δ63,2026-06-30,ΕΝΤΑΛΜΑ ΠΛΗΡΩΜΗΣ ZIMMER BIOMET ΕΛΛΑΣ ΜΟΝ/ΠΗ Α.Ε (094437885),094437885,ZIMMER BIOMET ΕΛΛΑΣ ΜΟΝ/ΠΗ Α.Ε (094437885),4601.02,,
9ΩΕΛ4690ΒΧ-Ζ39,2026-06-30,ΕΝΤΑΛΜΑ ΠΛΗΡΩΜΗΣ ZIMMER BIOMET ΕΛΛΑΣ ΜΟΝ/ΠΗ Α.Ε (094437885),094437885,ZIMMER BIOMET ΕΛΛΑΣ ΜΟΝ/ΠΗ Α.Ε (094437885),4759.56,,
ΨΥΜΘ4690ΒΧ-Ω52,2026-06-30,ΕΝΤΑΛΜΑ ΠΛΗΡΩΜΗΣ ZIMMER BIOMET ΕΛΛΑΣ ΜΟΝ/ΠΗ Α.Ε (094437885),094437885,ZIMMER BIOMET ΕΛΛΑΣ ΜΟΝ/ΠΗ Α.Ε (094437885),4678.88,,
ΨΩΖΝ4690ΒΧ-21Τ,2026-06-25,ΕΝΤΑΛΜΑ ΠΛΗΡΩΜΗΣ VAKTRO SCIENTIFIC ΣΤΑΥΡΟΣ ΑΓΓΕΛΟΠΟΥΛΟΣ   ΣΙΑ Ο.Ε (084221869),084221869,VAKTRO SCIENTIFIC ΣΤΑΥΡΟΣ ΑΓΓΕΛΟΠΟΥΛΟΣ   ΣΙΑ Ο.Ε (084221869),3612.0,,
97Λ04690ΒΧ-0ΚΖ,2026-06-25,ΕΝΤΑΛΜΑ ΠΛΗΡΩΜΗΣ VAKTRO SCIENTIFIC ΣΤΑΥΡΟΣ ΑΓΓΕΛΟΠΟΥΛΟΣ   ΣΙΑ Ο.Ε (084221869),084221869,VAKTRO SCIENTIFIC ΣΤΑΥΡΟΣ ΑΓΓΕΛΟΠΟΥΛΟΣ   ΣΙΑ Ο.Ε (084221869),2648.0,,
91ΩΒ4690ΒΧ-ΝΦΜ,2026-06-25,ΕΝΤΑΛΜΑ ΠΛΗΡΩΜΗΣ VAKTRO SCIENTIFIC ΣΤΑΥΡΟΣ ΑΓΓΕΛΟΠΟΥΛΟΣ   ΣΙΑ Ο.Ε (084221869),084221869,VAKTRO SCIENTIFIC ΣΤΑΥΡΟΣ ΑΓΓΕΛΟΠΟΥΛΟΣ   ΣΙΑ Ο.Ε (084221869),474.38,,
ΨΝ4Χ4690ΒΧ-4Μ6,2026-06-25,ΕΝΤΑΛΜΑ ΠΛΗΡΩΜΗΣ VAKTRO SCIENTIFIC ΣΤΑΥΡΟΣ ΑΓΓΕΛΟΠΟΥΛΟΣ   ΣΙΑ Ο.Ε (084221869),084221869,VAKTRO SCIENTIFIC ΣΤΑΥΡΟΣ ΑΓΓΕΛΟΠΟΥΛΟΣ   ΣΙΑ Ο.Ε (084221869),4493.8,,
ΨΘΗΕ4690ΒΧ-7ΚΦ,2026-06-29,ΕΝΤΑΛΜΑ ΠΛΗΡΩΜΗΣ SANTAIR Α.Ε. (094497279),094497279,SANTAIR Α.Ε. (094497279),2170.0,,
ΨΕΞ14690ΒΧ-ΔΚΝ,2026-06-29,ΕΝΤΑΛΜΑ ΠΛΗΡΩΜΗΣ RONTIS HELLAS AEBE (095335610),095335610,RONTIS HELLAS AEBE (095335610),3017.1,,
6ΣΕ64690ΒΧ-4Δ9,2026-06-29,ΕΝΤΑΛΜΑ ΠΛΗΡΩΜΗΣ RONTIS HELLAS AEBE (095335610),095335610,RONTIS HELLAS AEBE (095335610),3496.22,,
ΨΥΚ84690ΒΧ-Ξ1Ι,2026-06-29,ΕΝΤΑΛΜΑ ΠΛΗΡΩΜΗΣ RONTIS HELLAS AEBE (095335610),095335610,RONTIS HELLAS AEBE (095335610),823.96,,
93ΙΞ4690ΒΧ-ΤΜΘ,2026-06-29,ΕΝΤΑΛΜΑ ΠΛΗΡΩΜΗΣ MEDINOR ΕΕ (082802380),082802380,MEDINOR ΕΕ (082802380),4984.47,,
6Ν484690ΒΧ-Ρ9Ξ,2026-06-26,ΕΝΤΑΛΜΑ ΠΛΗΡΩΜΗΣ ELFAMED AE (800378686),800378686,ELFAMED AE (800378686),3330.09,,
ΨΟΑ64690ΒΧ-3ΧΥ,2026-06-29,ΕΝΤΑΛΜΑ ΠΛΗΡΩΜΗΣ BIOTRANS A.E (999506681),999506681,BIOTRANS A.E (999506681),1330.27,,
ΨΥΔ44690ΒΧ-ΝΩΤ,2026-06-29,ΕΝΤΑΛΜΑ ΠΛΗΡΩΜΗΣ ALLMED E.E. (997564511),997564511,ALLMED E.E. (997564511),4754.14,,
62Η24690ΒΧ-555,2026-06-26,ΕΝΤΑΛΜΑ ΠΛΗΡΩΜΗΣ ΤΗΛ.Κ.ΓΙΟΚΑΡΗΣ   ΣΙΑ ΟΕ DOCTOF (081564690),081564690,ΤΗΛ.Κ.ΓΙΟΚΑΡΗΣ   ΣΙΑ ΟΕ DOCTOF (081564690),4214.56,,
ΡΤ1Υ4690ΒΧ-ΟΨΩ,2026-06-23,ΕΝΤΑΛΜΑ ΠΛΗΡΩΜΗΣ ΠΑΥΛΟΣ ΑΡΝΑΟΥΤΗΣ Α.Ε. (094178060),094178060,ΠΑΥΛΟΣ ΑΡΝΑΟΥΤΗΣ Α.Ε. (094178060),726.1,,
ΡΩΠ44690ΒΧ-7ΦΣ,2026-06-23,ΕΝΤΑΛΜΑ ΠΛΗΡΩΜΗΣ ΠΑΥΛΟΣ ΑΡΝΑΟΥΤΗΣ Α.Ε. (094178060),094178060,ΠΑΥΛΟΣ ΑΡΝΑΟΥΤΗΣ Α.Ε. (094178060),1485.31,,
ΡΤΩΠ4690ΒΧ-ΖΑ4,2026-06-26,ΕΝΤΑΛΜΑ ΠΛΗΡΩΜΗΣ ΙΝΕΞ ΙΑΤΡΙΚΑ Α.Ε (094356041),094356041,ΙΝΕΞ ΙΑΤΡΙΚΑ Α.Ε (094356041),2032.61,,
Ρ2ΜΓ4690ΒΧ-ΤΒΣ,2026-06-26,ΕΝΤΑΛΜΑ ΠΛΗΡΩΜΗΣ ΙΝΕΞ ΙΑΤΡΙΚΑ Α.Ε (094356041),094356041,ΙΝΕΞ ΙΑΤΡΙΚΑ Α.Ε (094356041),501.46,,
Ε9ΡΑ4690ΒΧ-ΒΛ6,2026-06-26,ΕΝΤΑΛΜΑ ΠΛΗΡΩΜΗΣ ΙΝΕΞ ΙΑΤΡΙΚΑ Α.Ε (094356041),094356041,ΙΝΕΞ ΙΑΤΡΙΚΑ Α.Ε (094356041),541.49,,
ΨΡ954690ΒΧ-63Ι,2026-06-23,ΕΝΤΑΛΜΑ ΠΛΗΡΩΜΗΣ ΑΛΦΑ ΜΕΝΤΙΚΑΛ ΑΕΒΕ (095580571),095580571,ΑΛΦΑ ΜΕΝΤΙΚΑΛ ΑΕΒΕ (095580571),1097.1,,
9ΧΜΙ4690ΒΧ-7Φ0,2026-06-23,ΕΝΤΑΛΜΑ ΠΛΗΡΩΜΗΣ ΑΛΦΑ ΜΕΝΤΙΚΑΛ ΑΕΒΕ (095580571),095580571,ΑΛΦΑ ΜΕΝΤΙΚΑΛ ΑΕΒΕ (095580571),5682.13,,
ΡΘΣΔ4690ΒΧ-24Θ,2026-06-26,ΕΝΤΑΛΜΑ ΠΛΗΡΩΜΗΣ Y-LOGIMED  Μ.Α.Ε (094446034),094446034,Y-LOGIMED  Μ.Α.Ε (094446034),1127.74,,
Ψ4ΩΞ4690ΒΧ-Ζ0Θ,2026-06-26,ΕΝΤΑΛΜΑ ΠΛΗΡΩΜΗΣ Y-LOGIMED  Μ.Α.Ε (094446034),094446034,Y-LOGIMED  Μ.Α.Ε (094446034),868.9,,
Ε42Ε4690ΒΧ-ΑΣΙ,2026-06-26,ΕΝΤΑΛΜΑ ΠΛΗΡΩΜΗΣ Y-LOGIMED  Μ.Α.Ε (094446034),094446034,Y-LOGIMED  Μ.Α.Ε (094446034),1059.05,,
ΨΑΥΩ4690ΒΧ-3ΙΒ,2026-06-25,ΕΝΤΑΛΜΑ ΠΛΗΡΩΜΗΣ VAKTRO SCIENTIFIC ΣΤΑΥΡΟΣ ΑΓΓΕΛΟΠΟΥΛΟΣ   ΣΙΑ Ο.Ε (084221869),084221869,VAKTRO SCIENTIFIC ΣΤΑΥΡΟΣ ΑΓΓΕΛΟΠΟΥΛΟΣ   ΣΙΑ Ο.Ε (084221869),590.99,,
Ψ5ΜΒ4690ΒΧ-44Τ,2026-06-25,ΕΝΤΑΛΜΑ ΠΛΗΡΩΜΗΣ V   L VIOLAK INTERNATIONAL A.E (099370337),099370337,V   L VIOLAK INTERNATIONAL A.E (099370337),4224.14,,
6ΝΘΞ4690ΒΧ-ΤΗΘ,2026-06-25,ΕΝΤΑΛΜΑ ΠΛΗΡΩΜΗΣ V   L VIOLAK INTERNATIONAL A.E (099370337),099370337,V   L VIOLAK INTERNATIONAL A.E (099370337),923.8,,
ΨΔΦΑ4690ΒΧ-ΥΘΦ,2026-06-25,ΕΝΤΑΛΜΑ ΠΛΗΡΩΜΗΣ V   L VIOLAK INTERNATIONAL A.E (099370337),099370337,V   L VIOLAK INTERNATIONAL A.E (099370337),34.22,,
Ψ7264690ΒΧ-Ο3Ρ,2026-06-25,ΕΝΤΑΛΜΑ ΠΛΗΡΩΜΗΣ V   L VIOLAK INTERNATIONAL A.E (099370337),099370337,V   L VIOLAK INTERNATIONAL A.E (099370337),653.52,,
Ψ5ΥΑ4690ΒΧ-ΖΘ3,2026-06-25,ΕΝΤΑΛΜΑ ΠΛΗΡΩΜΗΣ V   L VIOLAK INTERNATIONAL A.E (099370337),099370337,V   L VIOLAK INTERNATIONAL A.E (099370337),1000.55,,
Ρ2ΔΔ4690ΒΧ-ΨΑΖ,2026-06-25,ΕΝΤΑΛΜΑ ΠΛΗΡΩΜΗΣ V   L VIOLAK INTERNATIONAL A.E (099370337),099370337,V   L VIOLAK INTERNATIONAL A.E (099370337),345.78,,
ΕΒΡ24690ΒΧ-Α59,2026-06-25,ΕΝΤΑΛΜΑ ΠΛΗΡΩΜΗΣ V   L VIOLAK INTERNATIONAL A.E (099370337),099370337,V   L VIOLAK INTERNATIONAL A.E (099370337),757.62,,
6ΑΒΜ4690ΒΧ-2Γ7,2026-06-26,ΕΝΤΑΛΜΑ ΠΛΗΡΩΜΗΣ SCITEC ΙΑΤΡΙΚΑ ΣΥΣΤΗΜΑΤΑ Ε.Ε (094457478),094457478,SCITEC ΙΑΤΡΙΚΑ ΣΥΣΤΗΜΑΤΑ Ε.Ε (094457478),121.52,,
Ρ9944690ΒΧ-6ΧΖ,2026-06-26,ΕΝΤΑΛΜΑ ΠΛΗΡΩΜΗΣ SCITEC ΙΑΤΡΙΚΑ ΣΥΣΤΗΜΑΤΑ Ε.Ε (094457478),094457478,SCITEC ΙΑΤΡΙΚΑ ΣΥΣΤΗΜΑΤΑ Ε.Ε (094457478),1781.59,,
9Ξ554690ΒΧ-ΕΨ0,2026-06-26,ΕΝΤΑΛΜΑ ΠΛΗΡΩΜΗΣ PROGNOSIS BIOTECH Α.Ε. (997845150),997845150,PROGNOSIS BIOTECH Α.Ε. (997845150),782.42,,
9ΡΚ04690ΒΧ-ΩΘΑ,2026-06-26,ΕΝΤΑΛΜΑ ΠΛΗΡΩΜΗΣ JTI DYNAMIC E.E (801354822),801354822,JTI DYNAMIC E.E (801354822),1980.53,,
ΡΜΓΘ4690ΒΧ-ΧΣΝ,2026-06-23,ΕΝΤΑΛΜΑ ΠΛΗΡΩΜΗΣ INSIDE ΙΑΤΡΙΚΕΣ ΤΕΧΝΟΛΟΓΙΕΣ ΜΟΝΟΠΡΟΣΩΠΗ Ι.Κ.Ε. (800777790),800777790,INSIDE ΙΑΤΡΙΚΕΣ ΤΕΧΝΟΛΟΓΙΕΣ ΜΟΝΟΠΡΟΣΩΠΗ Ι.Κ.Ε. (800777790),257.3,,
92Ψ44690ΒΧ-7Κ0,2026-06-23,ΕΝΤΑΛΜΑ ΠΛΗΡΩΜΗΣ INSIDE ΙΑΤΡΙΚΕΣ ΤΕΧΝΟΛΟΓΙΕΣ ΜΟΝΟΠΡΟΣΩΠΗ Ι.Κ.Ε. (800777790),800777790,INSIDE ΙΑΤΡΙΚΕΣ ΤΕΧΝΟΛΟΓΙΕΣ ΜΟΝΟΠΡΟΣΩΠΗ Ι.Κ.Ε. (800777790),153.76,,
9ΔΗ44690ΒΧ-55Τ,2026-06-23,ΕΝΤΑΛΜΑ ΠΛΗΡΩΜΗΣ INSIDE ΙΑΤΡΙΚΕΣ ΤΕΧΝΟΛΟΓΙΕΣ ΜΟΝΟΠΡΟΣΩΠΗ Ι.Κ.Ε. (800777790),800777790,INSIDE ΙΑΤΡΙΚΕΣ ΤΕΧΝΟΛΟΓΙΕΣ ΜΟΝΟΠΡΟΣΩΠΗ Ι.Κ.Ε. (800777790),4803.32,,
9ΛΤΨ4690ΒΧ-ΓΘΜ,2026-06-26,ΕΝΤΑΛΜΑ ΠΛΗΡΩΜΗΣ  EPIRUS GAS ΓΕΩΡΓΙΟΣ ΨΟΧΙΟΣ   ΥΙΟΣ Ο.Ε (997861308),997861308,EPIRUS GAS ΓΕΩΡΓΙΟΣ ΨΟΧΙΟΣ   ΥΙΟΣ Ο.Ε (997861308),1596.57,,
Ψ7Ι44690ΒΧ-ΞΩΤ,2026-06-26,ΕΝΤΑΛΜΑ ΠΛΗΡΩΜΗΣ  EPIRUS GAS ΓΕΩΡΓΙΟΣ ΨΟΧΙΟΣ   ΥΙΟΣ Ο.Ε (997861308),997861308,EPIRUS GAS ΓΕΩΡΓΙΟΣ ΨΟΧΙΟΣ   ΥΙΟΣ Ο.Ε (997861308),169.96,,
961Β4690ΒΧ-ΞΙΟ,2026-06-26,ΕΝΤΑΛΜΑ ΠΛΗΡΩΜΗΣ  EPIRUS GAS ΓΕΩΡΓΙΟΣ ΨΟΧΙΟΣ   ΥΙΟΣ Ο.Ε (997861308),997861308,EPIRUS GAS ΓΕΩΡΓΙΟΣ ΨΟΧΙΟΣ   ΥΙΟΣ Ο.Ε (997861308),223.31,,
ΨΥΑ94690ΒΧ-87Ξ,2026-06-26,ΕΝΤΑΛΜΑ ΠΛΗΡΩΜΗΣ ΙΝΤΕΡΣΑΛΟΝΙΚΑ (094450059),094450059,ΙΝΤΕΡΣΑΛΟΝΙΚΑ (094450059),346.0,,
ΨΚΞΦ4690ΒΧ-ΝΒ5,2026-06-23,ΕΝΤΑΛΜΑ ΠΛΗΡΩΜΗΣ ΠΕΤΡΟΣ ΧΑΡ.ΚΟΣΜΙΔΗΣ   ΣΙΑ Ε.Ε. (999685389),999685389,ΠΕΤΡΟΣ ΧΑΡ.ΚΟΣΜΙΔΗΣ   ΣΙΑ Ε.Ε. (999685389),279.84,,
Ψ4ΡΘ4690ΒΧ-2ΕΕ,2026-06-23,ΕΝΤΑΛΜΑ ΠΛΗΡΩΜΗΣ ΠΕΤΡΟΣ ΧΑΡ.ΚΟΣΜΙΔΗΣ   ΣΙΑ Ε.Ε. (999685389),999685389,ΠΕΤΡΟΣ ΧΑΡ.ΚΟΣΜΙΔΗΣ   ΣΙΑ Ε.Ε. (999685389),775.31,,
ΡΗΙΖ4690ΒΧ-Ζ70,2026-06-23,ΕΝΤΑΛΜΑ ΠΛΗΡΩΜΗΣ ΠΕΤΡΟΣ ΧΑΡ.ΚΟΣΜΙΔΗΣ   ΣΙΑ Ε.Ε. (999685389),999685389,ΠΕΤΡΟΣ ΧΑΡ.ΚΟΣΜΙΔΗΣ   ΣΙΑ Ε.Ε. (999685389),2229.7,,
ΨΖ8Δ4690ΒΧ-ΠΚΩ,2026-06-23,ΕΝΤΑΛΜΑ ΠΛΗΡΩΜΗΣ ΠΑΠΑΠΟΣΤΟΛΟΥ Ν-Α.Ε (095029193),095029193,ΠΑΠΑΠΟΣΤΟΛΟΥ Ν-Α.Ε (095029193),1559.42,,
ΨΩ784690ΒΧ-ΛΤΘ,2026-06-23,ΕΝΤΑΛΜΑ ΠΛΗΡΩΜΗΣ ΠΑΠΑΠΟΣΤΟΛΟΥ Ν-Α.Ε (095029193),095029193,ΠΑΠΑΠΟΣΤΟΛΟΥ Ν-Α.Ε (095029193),558.0,,
Ψ3Ξ44690ΒΧ-Η10,2026-06-23,ΕΝΤΑΛΜΑ ΠΛΗΡΩΜΗΣ ΔΙΑΓΝΩΣΤΙΚΗ - ΑΝΑΛΥΤΙΚΗ ΕΠΕ (099109774),099109774,ΔΙΑΓΝΩΣΤΙΚΗ - ΑΝΑΛΥΤΙΚΗ ΕΠΕ (099109774),56.6,,
Ρ6Ζ74690ΒΧ-655,2026-06-23,ΕΝΤΑΛΜΑ ΠΛΗΡΩΜΗΣ ΔΙΑΓΝΩΣΤΙΚΗ - ΑΝΑΛΥΤΙΚΗ ΕΠΕ (099109774),099109774,ΔΙΑΓΝΩΣΤΙΚΗ - ΑΝΑΛΥΤΙΚΗ ΕΠΕ (099109774),79.03,,
Ρ8Θ34690ΒΧ-ΣΛ3,2026-06-23,ΕΝΤΑΛΜΑ ΠΛΗΡΩΜΗΣ a V.I.PHARMA INTERNATIONAL Α.Ε (999076399),999076399,a V.I.PHARMA INTERNATIONAL Α.Ε (999076399),2067.0,,
9ΓΝΑ4690ΒΧ-ΕΕΓ,2026-06-23,ΕΝΤΑΛΜΑ ΠΛΗΡΩΜΗΣ YΓΕΙΟΔΥΝΑΜΙΚΗ Α.Ε (997672386),997672386,YΓΕΙΟΔΥΝΑΜΙΚΗ Α.Ε (997672386),93.0,,
ΡΒΖΞ4690ΒΧ-2ΘΡ,2026-06-23,ΕΝΤΑΛΜΑ ΠΛΗΡΩΜΗΣ YΓΕΙΟΔΥΝΑΜΙΚΗ Α.Ε (997672386),997672386,YΓΕΙΟΔΥΝΑΜΙΚΗ Α.Ε (997672386),3565.15,,
Ψ37Ζ4690ΒΧ-4Φ5,2026-06-23,ΕΝΤΑΛΜΑ ΠΛΗΡΩΜΗΣ YΓΕΙΟΔΥΝΑΜΙΚΗ Α.Ε (997672386),997672386,YΓΕΙΟΔΥΝΑΜΙΚΗ Α.Ε (997672386),818.4,,
ΨΦΛΡ4690ΒΧ-3ΤΥ,2026-06-23,ΕΝΤΑΛΜΑ ΠΛΗΡΩΜΗΣ YΓΕΙΟΔΥΝΑΜΙΚΗ Α.Ε (997672386),997672386,YΓΕΙΟΔΥΝΑΜΙΚΗ Α.Ε (997672386),3828.13,,
98514690ΒΧ-ΜΧ5,2026-06-23,ΕΝΤΑΛΜΑ ΠΛΗΡΩΜΗΣ MEDI SUP AE (094447320),094447320,MEDI SUP AE (094447320),3035.2,,
ΡΟ164690ΒΧ-Σ29,2026-06-23,ΕΝΤΑΛΜΑ ΠΛΗΡΩΜΗΣ MEDI SUP AE (094447320),094447320,MEDI SUP AE (094447320),967.2,,
6ΥΓΧ4690ΒΧ-23Τ,2026-06-23,ΕΝΤΑΛΜΑ ΠΛΗΡΩΜΗΣ LERIVA Α.Ε. (997985840),997985840,LERIVA Α.Ε. (997985840),1555.46,,
Ρ1ΗΞ4690ΒΧ-ΥΞΞ,2026-06-23,ΕΝΤΑΛΜΑ ΠΛΗΡΩΜΗΣ DIACHEL ΔΙΑΓΝ.-ΧΗΜ.ΟΡΓ.Ε.Π.Ε. (095341314),095341314,DIACHEL ΔΙΑΓΝ.-ΧΗΜ.ΟΡΓ.Ε.Π.Ε. (095341314),253.32,,
Ψ66Τ4690ΒΧ-Ι52,2026-06-23,ΕΝΤΑΛΜΑ ΠΛΗΡΩΜΗΣ DIACHEL ΔΙΑΓΝ.-ΧΗΜ.ΟΡΓ.Ε.Π.Ε. (095341314),095341314,DIACHEL ΔΙΑΓΝ.-ΧΗΜ.ΟΡΓ.Ε.Π.Ε. (095341314),1958.88,,
ΡΓ7Γ4690ΒΧ-ΦΦΡ,2026-06-22,ΕΝΤΑΛΜΑ ΠΛΗΡΩΜΗΣ ΦΡΟΝΕΙΝ ΙΚΕ (800870900),800870900,ΦΡΟΝΕΙΝ ΙΚΕ (800870900),4650.0,,
ΡΥΥΔ4690ΒΧ-9ΓΦ,2026-06-22,ΕΝΤΑΛΜΑ ΠΛΗΡΩΜΗΣ ΦΟΙΝΙΞ ΑΝΑΛΥΤΙΚΕΣ ΣΥΣΚΕΥΕΣ - Χ.ΜΠΑΡΜΠΑΣ   ΣΙΑ Ε.Ε. (800344879),800344879,ΦΟΙΝΙΞ ΑΝΑΛΥΤΙΚΕΣ ΣΥΣΚΕΥΕΣ - Χ.ΜΠΑΡΜΠΑΣ   ΣΙΑ Ε.Ε. (800344879),2046.0,,
9ΥΨΔ4690ΒΧ-Δ7Α,2026-06-22,ΕΝΤΑΛΜΑ ΠΛΗΡΩΜΗΣ ΠΑΝ/ΜΙΟ ΑΘΗΝΩΝ-ΠΑΘ/ΓΙΚΟ ΑΝΑΤΟΜ (090145420),090145420,ΠΑΝ/ΜΙΟ ΑΘΗΝΩΝ-ΠΑΘ/ΓΙΚΟ ΑΝΑΤΟΜ (090145420),2289.35,,
6ΤΡΙ4690ΒΧ-ΣΡ0,2026-06-22,ΕΝΤΑΛΜΑ ΠΛΗΡΩΜΗΣ ΠΑΝ/ΜΙΟ ΑΘΗΝΩΝ-ΠΑΘ/ΓΙΚΟ ΑΝΑΤΟΜ (090145420),090145420,ΠΑΝ/ΜΙΟ ΑΘΗΝΩΝ-ΠΑΘ/ΓΙΚΟ ΑΝΑΤΟΜ (090145420),5517.22,,
ΡΝΓΛ4690ΒΧ-ΗΤΘ,2026-06-22,ΕΝΤΑΛΜΑ ΠΛΗΡΩΜΗΣ ΟΜΜΑ LITE (094264251),094264251,ΟΜΜΑ LITE (094264251),545.6,,
9ΛΡΔ4690ΒΧ-ΩΩΡ,2026-06-22,ΕΝΤΑΛΜΑ ΠΛΗΡΩΜΗΣ ΝΤΙΑΜΕΝΤ ΕΛΛΑΣ Α.Ε.Ε. (095259724),095259724,ΝΤΙΑΜΕΝΤ ΕΛΛΑΣ Α.Ε.Ε. (095259724),4625.29,,
Ρ4ΧΒ4690ΒΧ-ΗΜΘ,2026-06-22,ΕΝΤΑΛΜΑ ΠΛΗΡΩΜΗΣ ΜΑΥΡΟΥΔΗΣ Α.Ε (997998085),997998085,ΜΑΥΡΟΥΔΗΣ Α.Ε (997998085),1285.86,,
ΨΥΜΦ4690ΒΧ-75Ζ,2026-06-22,ΕΝΤΑΛΜΑ ΠΛΗΡΩΜΗΣ ΚΛΕΟΠΑΤΡΑ ΓΚΟΥΒΑ (041699970),041699970,ΚΛΕΟΠΑΤΡΑ ΓΚΟΥΒΑ (041699970),401.76,,
ΡΥΠ54690ΒΧ-ΠΙΚ,2026-06-22,ΕΝΤΑΛΜΑ ΠΛΗΡΩΜΗΣ ΚΛΕΟΠΑΤΡΑ ΓΚΟΥΒΑ (041699970),041699970,ΚΛΕΟΠΑΤΡΑ ΓΚΟΥΒΑ (041699970),1723.6,,
ΡΛΑΥ4690ΒΧ-Ε11,2026-06-22,ΕΝΤΑΛΜΑ ΠΛΗΡΩΜΗΣ ΚΑΙΝΟΤΟΜΙΑ Α.Ε. (999399139),999399139,ΚΑΙΝΟΤΟΜΙΑ Α.Ε. (999399139),9713.33,,
ΨΟΓΩ4690ΒΧ-ΖΧΜ,2026-06-22,ΕΝΤΑΛΜΑ ΠΛΗΡΩΜΗΣ ΕΝΟΡΑΣΙΣ Α.Ε. (094503580),094503580,ΕΝΟΡΑΣΙΣ Α.Ε. (094503580),1505.48,,
90Χ44690ΒΧ-9ΚΜ,2026-06-22,ΕΝΤΑΛΜΑ ΠΛΗΡΩΜΗΣ ΕΝΟΡΑΣΙΣ Α.Ε. (094503580),094503580,ΕΝΟΡΑΣΙΣ Α.Ε. (094503580),959.76,,
9ΑΟ84690ΒΧ-ΧΡΖ,2026-06-22,ΕΝΤΑΛΜΑ ΠΛΗΡΩΜΗΣ ΔΕΛΤΑ ΙΑΤΡΙΚΗ Α.Ε. (094437130),094437130,ΔΕΛΤΑ ΙΑΤΡΙΚΗ Α.Ε. (094437130),421.6,,
9ΡΠ14690ΒΧ-ΞΣΡ,2026-06-22,ΕΝΤΑΛΜΑ ΠΛΗΡΩΜΗΣ ΓΕΛΑΔΑΚΗΣ ΔΗΜ.   ΣΙΑ ΕΕ (800378754),800378754,ΓΕΛΑΔΑΚΗΣ ΔΗΜ.   ΣΙΑ ΕΕ (800378754),1010.85,,
91ΞΕ4690ΒΧ-Ξ0Ψ,2026-06-22,ΕΝΤΑΛΜΑ ΠΛΗΡΩΜΗΣ ΒΙΟΠΡΟΜΗΘΕΥΤΙΚΗ ΜΟΝ/ΠΗ ΕΠΕ (099007886),099007886,ΒΙΟΠΡΟΜΗΘΕΥΤΙΚΗ ΜΟΝ/ΠΗ ΕΠΕ (099007886),2861.92,,
Ψ1Ν44690ΒΧ-879,2026-06-22,ΕΝΤΑΛΜΑ ΠΛΗΡΩΜΗΣ ΒΙΟΠΡΟΜΗΘΕΥΤΙΚΗ ΜΟΝ/ΠΗ ΕΠΕ (099007886),099007886,ΒΙΟΠΡΟΜΗΘΕΥΤΙΚΗ ΜΟΝ/ΠΗ ΕΠΕ (099007886),6692.28,,
9ΠΓΛ4690ΒΧ-ΚΟΩ,2026-06-22,ΕΝΤΑΛΜΑ ΠΛΗΡΩΜΗΣ ΒΙΟΠΡΟΜΗΘΕΥΤΙΚΗ ΜΟΝ/ΠΗ ΕΠΕ (099007886),099007886,ΒΙΟΠΡΟΜΗΘΕΥΤΙΚΗ ΜΟΝ/ΠΗ ΕΠΕ (099007886),443.92,,
9ΨΠΗ4690ΒΧ-ΙΩ1,2026-06-22,ΕΝΤΑΛΜΑ ΠΛΗΡΩΜΗΣ ΑΛΚΟΝ ΛΑΜΠΟΡΑΤΟΡΙΣ ΕΛΛΑΣ ΑΕΒΕ (094450895),094450895,ΑΛΚΟΝ ΛΑΜΠΟΡΑΤΟΡΙΣ ΕΛΛΑΣ ΑΕΒΕ (094450895),208.32,,
ΨΓΖΟ4690ΒΧ-753,2026-06-22,ΕΝΤΑΛΜΑ ΠΛΗΡΩΜΗΣ VAL ELECTRONIC E.E. - Εργαστηριακός Εξοπλισμός Διακριβώσεις (802162404),802162404,VAL ELECTRONIC E.E. - Εργαστηριακός Εξοπλισμός Διακριβώσεις (802162404),55.8,,
Ρ1Γ44690ΒΧ-ΚΟ6,2026-06-22,ΕΝΤΑΛΜΑ ΠΛΗΡΩΜΗΣ TRANE HELLAS A.E (098032885),098032885,TRANE HELLAS A.E (098032885),11321.2,,
ΨΟΠΧ4690ΒΧ-06Δ,2026-06-22,ΕΝΤΑΛΜΑ ΠΛΗΡΩΜΗΣ TRANE HELLAS A.E (098032885),098032885,TRANE HELLAS A.E (098032885),6820.0,,
91Δ54690ΒΧ-115,2026-06-22,ΕΝΤΑΛΜΑ ΠΛΗΡΩΜΗΣ SARSTEDT ΜΕΠΕ (095591419),095591419,SARSTEDT ΜΕΠΕ (095591419),194.37,,
9ΚΝ24690ΒΧ-ΠΕΟ,2026-06-22,ΕΝΤΑΛΜΑ ΠΛΗΡΩΜΗΣ Rethink ΑΕΒΕ (999125269),999125269,Rethink ΑΕΒΕ (999125269),28.52,,
63ΛΞ4690ΒΧ-ΙΙ2,2026-06-22,ΕΝΤΑΛΜΑ ΠΛΗΡΩΜΗΣ Rethink ΑΕΒΕ (999125269),999125269,Rethink ΑΕΒΕ (999125269),310.0,,
ΡΡΛ44690ΒΧ-4ΕΚ,2026-06-22,ΕΝΤΑΛΜΑ ΠΛΗΡΩΜΗΣ OTIS ΕΛΛΑΣ ΜΟΝΟΠΡΟΣΩΠΗ ΑΝΩΝ.ΒΙΟΜ.   ΕΜΠ.ΤΕΧΝ.ΕΤΑΙΡΕΙΑ (094208578),094208578,OTIS ΕΛΛΑΣ ΜΟΝΟΠΡΟΣΩΠΗ ΑΝΩΝ.ΒΙΟΜ.   ΕΜΠ.ΤΕΧΝ.ΕΤΑΙΡΕΙΑ (094208578),4933.2,,
9ΝΧΛ4690ΒΧ-ΨΙΧ,2026-06-19,ΕΝΤΑΛΜΑ ΠΛΗΡΩΜΗΣ ΚΑΤΩΠΟΔΗΣ Μ.-ΚΑΒΒΑΔΑ Ε.Ε.Π.Ε. (997917019),997917019,ΚΑΤΩΠΟΔΗΣ Μ.-ΚΑΒΒΑΔΑ Ε.Ε.Π.Ε. (997917019),865.02,,
Ψ9ΦΠ4690ΒΧ-1ΘΧ,2026-06-19,ΕΝΤΑΛΜΑ ΠΛΗΡΩΜΗΣ ΚΑΤΩΠΟΔΗΣ Μ.-ΚΑΒΒΑΔΑ Ε.Ε.Π.Ε. (997917019),997917019,ΚΑΤΩΠΟΔΗΣ Μ.-ΚΑΒΒΑΔΑ Ε.Ε.Π.Ε. (997917019),2296.48,,
9Ο554690ΒΧ-713,2026-06-19,ΕΝΤΑΛΜΑ ΠΛΗΡΩΜΗΣ PROFI ΤΕΧΝΙΚΟ SUPER MARKET (800326038),800326038,PROFI ΤΕΧΝΙΚΟ SUPER MARKET (800326038),2355.03,,
68ΝΩ4690ΒΧ-Χ0Δ,2026-06-19,ΕΝΤΑΛΜΑ ΠΛΗΡΩΜΗΣ ΚΑΡΑΓΙΑΝΝΗΣ ΝΙΚΟΛΑΟΣ - ΥΠΗΡΕΣΙΕΣ ΚΑΘΑΡΙΣΜΟΥ ΚΤΙΡΙΩΝ (056249156),056249156,ΚΑΡΑΓΙΑΝΝΗΣ ΝΙΚΟΛΑΟΣ - ΥΠΗΡΕΣΙΕΣ ΚΑΘΑΡΙΣΜΟΥ ΚΤΙΡΙΩΝ (056249156),4858.32,,
Ψ70Λ4690ΒΧ-ΤΧΨ,2026-06-19,ΕΝΤΑΛΜΑ ΠΛΗΡΩΜΗΣ ΣΤΡΑΤΗΣ ΝΙΚ.ΑΡΑΒΑΝΗΣ   ΣΙΑ Ο.Ε (092053060),092053060,ΣΤΡΑΤΗΣ ΝΙΚ.ΑΡΑΒΑΝΗΣ   ΣΙΑ Ο.Ε (092053060),448.46,,
62ΛΗ4690ΒΧ-2Μ8,2026-06-19,ΕΝΤΑΛΜΑ ΠΛΗΡΩΜΗΣ ΡΟΝΤΟΓΙΑΝΝΗΣ ΝΙΚΟΛΑΟΣ (301370400),301370400,ΡΟΝΤΟΓΙΑΝΝΗΣ ΝΙΚΟΛΑΟΣ (301370400),3750.0,,
967Φ4690ΒΧ-229,2026-06-19,ΕΝΤΑΛΜΑ ΠΛΗΡΩΜΗΣ ΚΑΤΩΠΟΔΗΣ Μ.-ΚΑΒΒΑΔΑ Ε.Ε.Π.Ε. (997917019),997917019,ΚΑΤΩΠΟΔΗΣ Μ.-ΚΑΒΒΑΔΑ Ε.Ε.Π.Ε. (997917019),166.66,,
ΡΚ0Μ4690ΒΧ-ΞΦΝ,2026-06-19,ΕΝΤΑΛΜΑ ΠΛΗΡΩΜΗΣ ΘΕΟΧΑΡΗΣ ΚΩΝΣΤΑΝΤΙΝΟΣ (074168641),074168641,ΘΕΟΧΑΡΗΣ ΚΩΝΣΤΑΝΤΙΝΟΣ (074168641),1884.18,,
6ΑΞΣ4690ΒΧ-Ο7Θ,2026-06-19,ΕΝΤΑΛΜΑ ΠΛΗΡΩΜΗΣ ΘΕΟΧΑΡΗΣ ΚΩΝΣΤΑΝΤΙΝΟΣ (074168641),074168641,ΘΕΟΧΑΡΗΣ ΚΩΝΣΤΑΝΤΙΝΟΣ (074168641),185.38,,
ΡΚΦ94690ΒΧ-0ΚΤ,2026-06-19,ΕΝΤΑΛΜΑ ΠΛΗΡΩΜΗΣ ΘΕΟΧΑΡΗΣ ΚΩΝΣΤΑΝΤΙΝΟΣ (074168641),074168641,ΘΕΟΧΑΡΗΣ ΚΩΝΣΤΑΝΤΙΝΟΣ (074168641),187.74,,
9ΩΡ34690ΒΧ-ΖΔΡ,2026-06-19,ΕΝΤΑΛΜΑ ΠΛΗΡΩΜΗΣ ΗΛΙΟΣ ΕΝΕΡΓΕΙΑΚΗ ΑΝΑΠΤΥΞΙΑΚΗ ΙΚΕ (801362115),801362115,ΗΛΙΟΣ ΕΝΕΡΓΕΙΑΚΗ ΑΝΑΠΤΥΞΙΑΚΗ ΙΚΕ (801362115),51187.2,,
ΨΡΚΑ4690ΒΧ-ΩΤ7,2026-06-19,ΕΝΤΑΛΜΑ ΠΛΗΡΩΜΗΣ ΔΙΣΝΙΤΣΑΣ ΛΕΩΝΙΔΑΣ (029818051),029818051,ΔΙΣΝΙΤΣΑΣ ΛΕΩΝΙΔΑΣ (029818051),4003.06,,
9Υ834690ΒΧ-ΥΡΩ,2026-06-19,ΕΝΤΑΛΜΑ ΠΛΗΡΩΜΗΣ ΑΝΑΓΝΩΣΤΟΥ ΧΡΙΣΤΟΔΟΥΛΟΣ   ΣΙΑ Ε.Ε (800324752),800324752,ΑΝΑΓΝΩΣΤΟΥ ΧΡΙΣΤΟΔΟΥΛΟΣ   ΣΙΑ Ε.Ε (800324752),647.94,,
ΨΒ2Β4690ΒΧ-ΗΧΩ,2026-06-19,ΕΝΤΑΛΜΑ ΠΛΗΡΩΜΗΣ Α.ΜΗΤΣΟΥΡΑ - Ε.ΣΤΑΥΡΑΚΑΣ   ΣΙΑ Ο.Ε (092052246),092052246,Α.ΜΗΤΣΟΥΡΑ - Ε.ΣΤΑΥΡΑΚΑΣ   ΣΙΑ Ο.Ε (092052246),1570.96,,
ΨΡ4Ξ4690ΒΧ-ΞΡΠ,2026-06-19,ΕΝΤΑΛΜΑ ΠΛΗΡΩΜΗΣ TYPO-CENTER ΓΕΡ.ΒΕΡΓΙΝΗΣ (028558054),028558054,TYPO-CENTER ΓΕΡ.ΒΕΡΓΙΝΗΣ (028558054),78.04,,
ΡΑΑΩ4690ΒΧ-ΨΛΙ,2026-06-16,ΕΝΤΑΛΜΑ ΠΛΗΡΩΜΗΣ PAUL HARTMANN Hellas A.E. (999862491),999862491,PAUL HARTMANN Hellas A.E. (999862491),967.2,,
ΡΨΜΣ4690ΒΧ-Π84,2026-06-16,ΕΝΤΑΛΜΑ ΠΛΗΡΩΜΗΣ PAUL HARTMANN Hellas A.E. (999862491),999862491,PAUL HARTMANN Hellas A.E. (999862491),610.2,,
ΡΕ7Ρ4690ΒΧ-Ψ75,2026-06-16,ΕΝΤΑΛΜΑ ΠΛΗΡΩΜΗΣ PAUL HARTMANN Hellas A.E. (999862491),999862491,PAUL HARTMANN Hellas A.E. (999862491),203.4,,
9ΨΞ24690ΒΧ-ΡΚΕ,2026-06-16,ΕΝΤΑΛΜΑ ΠΛΗΡΩΜΗΣ NEW DIAGNOSTIC DIMENSION LTD (095618368),095618368,NEW DIAGNOSTIC DIMENSION LTD (095618368),656.14,,
ΨΑΛΘ4690ΒΧ-ΕΝ3,2026-06-16,ΕΝΤΑΛΜΑ ΠΛΗΡΩΜΗΣ NEW DIAGNOSTIC DIMENSION LTD (095618368),095618368,NEW DIAGNOSTIC DIMENSION LTD (095618368),315.88,,
9ΑΨΓ4690ΒΧ-ΝΝ3,2026-06-16,ΕΝΤΑΛΜΑ ΠΛΗΡΩΜΗΣ NEW DIAGNOSTIC DIMENSION LTD (095618368),095618368,NEW DIAGNOSTIC DIMENSION LTD (095618368),645.54,,
9Υ1Π4690ΒΧ-ΗΘ0,2026-06-19,ΕΝΤΑΛΜΑ ΠΛΗΡΩΜΗΣ CLEAN WASH EXPRESS ΜΟΝΟΠΡΟΣΩΠΗ Ι.Κ.Ε. (802560756),802560756,CLEAN WASH EXPRESS ΜΟΝΟΠΡΟΣΩΠΗ Ι.Κ.Ε. (802560756),9701.44,,
9Τ2Κ4690ΒΧ-8Ο5,2026-06-19,ΕΝΤΑΛΜΑ ΠΛΗΡΩΜΗΣ KLEENWAY ΜΟΝΟΠΡΟΣΩΠΗ ΙΚΕ (800918820),800918820,KLEENWAY ΜΟΝΟΠΡΟΣΩΠΗ ΙΚΕ (800918820),14072.19,,
ΡΕ1Ν4690ΒΧ-ΜΑΩ,2026-06-16,ΕΝΤΑΛΜΑ ΠΛΗΡΩΜΗΣ BIOGENESYS IKE (099805952),099805952,BIOGENESYS IKE (099805952),4496.27,,
Ψ0574690ΒΧ-438,2026-06-16,ΕΝΤΑΛΜΑ ΠΛΗΡΩΜΗΣ BIOGENESYS IKE (099805952),099805952,BIOGENESYS IKE (099805952),4153.88,,
Ρ1ΑΠ4690ΒΧ-ΛΡ7,2026-06-19,ΕΝΤΑΛΜΑ ΠΛΗΡΩΜΗΣ ALLURE CENTRAL BOUTIQUE Δ. ΑΓΓΕΛΟΠΟΥΛΟΣ-Α. ΠΟΛΙΤΟΥ Ε.Ε (997235150),997235150,ALLURE CENTRAL BOUTIQUE Δ. ΑΓΓΕΛΟΠΟΥΛΟΣ-Α. ΠΟΛΙΤΟΥ Ε.Ε (997235150),223.5,,
6ΜΕΩ4690ΒΧ-ΗΓ7,2026-06-19,ΕΝΤΑΛΜΑ ΠΛΗΡΩΜΗΣ A SECURITY ΑΥΓΕΡΙΝΟΣ ΙΩΑΝΝΗΣ (106923693),106923693,A SECURITY ΑΥΓΕΡΙΝΟΣ ΙΩΑΝΝΗΣ (106923693),241.8,,
ΨΑΠΡ4690ΒΧ-Ν2Μ,2026-06-15,ΕΝΤΑΛΜΑ ΠΛΗΡΩΜΗΣ ΝΟΣΟΚΟΜΕΙΑΚΗ ΓΡΑΜΜΗ Α.Ε (094396063),094396063,ΝΟΣΟΚΟΜΕΙΑΚΗ ΓΡΑΜΜΗ Α.Ε (094396063),946.26,,
9ΡΑΩ4690ΒΧ-ΡΣΟ,2026-06-15,ΕΝΤΑΛΜΑ ΠΛΗΡΩΜΗΣ ΝΟΣΟΚΟΜΕΙΑΚΗ ΓΡΑΜΜΗ Α.Ε (094396063),094396063,ΝΟΣΟΚΟΜΕΙΑΚΗ ΓΡΑΜΜΗ Α.Ε (094396063),7440.0,,
ΨΑΗΕ4690ΒΧ-4ΡΖ,2026-06-15,ΕΝΤΑΛΜΑ ΠΛΗΡΩΜΗΣ ΝΟΣΟΚΟΜΕΙΑΚΗ ΓΡΑΜΜΗ Α.Ε (094396063),094396063,ΝΟΣΟΚΟΜΕΙΑΚΗ ΓΡΑΜΜΗ Α.Ε (094396063),983.1,,
9ΟΖ34690ΒΧ-2ΗΜ,2026-06-15,ΕΝΤΑΛΜΑ ΠΛΗΡΩΜΗΣ ΝΟΣΟΚΟΜΕΙΑΚΗ ΓΡΑΜΜΗ Α.Ε (094396063),094396063,ΝΟΣΟΚΟΜΕΙΑΚΗ ΓΡΑΜΜΗ Α.Ε (094396063),2356.0,,
95ΔΚ4690ΒΧ-9ΩΠ,2026-06-15,ΕΝΤΑΛΜΑ ΠΛΗΡΩΜΗΣ ΜΑΓΕΙΡΑΣ ΔΙΑΓΝ.ΜΗΧΑΝΗΜΑΤΑ Α.Ε. (095444407),095444407,ΜΑΓΕΙΡΑΣ ΔΙΑΓΝ.ΜΗΧΑΝΗΜΑΤΑ Α.Ε. (095444407),446.4,,
9ΛΣ34690ΒΧ-72Ε,2026-06-15,ΕΝΤΑΛΜΑ ΠΛΗΡΩΜΗΣ ΜΑΓΕΙΡΑΣ ΔΙΑΓΝ.ΜΗΧΑΝΗΜΑΤΑ Α.Ε. (095444407),095444407,ΜΑΓΕΙΡΑΣ ΔΙΑΓΝ.ΜΗΧΑΝΗΜΑΤΑ Α.Ε. (095444407),4144.18,,
9ΤΥΚ4690ΒΧ-9Η2,2026-06-15,ΕΝΤΑΛΜΑ ΠΛΗΡΩΜΗΣ ΜΑΓΕΙΡΑΣ ΔΙΑΓΝ.ΜΗΧΑΝΗΜΑΤΑ Α.Ε. (095444407),095444407,ΜΑΓΕΙΡΑΣ ΔΙΑΓΝ.ΜΗΧΑΝΗΜΑΤΑ Α.Ε. (095444407),1370.13,,
Ψ5ΟΧ4690ΒΧ-37Χ,2026-06-15,ΕΝΤΑΛΜΑ ΠΛΗΡΩΜΗΣ ΜΑΓΕΙΡΑΣ ΔΙΑΓΝ.ΜΗΧΑΝΗΜΑΤΑ Α.Ε. (095444407),095444407,ΜΑΓΕΙΡΑΣ ΔΙΑΓΝ.ΜΗΧΑΝΗΜΑΤΑ Α.Ε. (095444407),16316.98,,
6ΧΝ44690ΒΧ-Ξ98,2026-06-15,ΕΝΤΑΛΜΑ ΠΛΗΡΩΜΗΣ ΓΕΝΙΚΗ ΧΗΜΙΚΩΝ ΠΡΟΙΟΝΤΩΝ Α.Ε (094133588),094133588,ΓΕΝΙΚΗ ΧΗΜΙΚΩΝ ΠΡΟΙΟΝΤΩΝ Α.Ε (094133588),2732.19,,
91434690ΒΧ-13Λ,2026-06-15,ΕΝΤΑΛΜΑ ΠΛΗΡΩΜΗΣ ΓΕΝΙΚΗ ΧΗΜΙΚΩΝ ΠΡΟΙΟΝΤΩΝ Α.Ε (094133588),094133588,ΓΕΝΙΚΗ ΧΗΜΙΚΩΝ ΠΡΟΙΟΝΤΩΝ Α.Ε (094133588),3109.2,,
97Ν14690ΒΧ-ΠΩ5,2026-06-15,ΕΝΤΑΛΜΑ ΠΛΗΡΩΜΗΣ ΓΕΝΙΚΗ ΧΗΜΙΚΩΝ ΠΡΟΙΟΝΤΩΝ Α.Ε (094133588),094133588,ΓΕΝΙΚΗ ΧΗΜΙΚΩΝ ΠΡΟΙΟΝΤΩΝ Α.Ε (094133588),1517.01,,
631Ο4690ΒΧ-96Ο,2026-06-15,ΕΝΤΑΛΜΑ ΠΛΗΡΩΜΗΣ ΓΕΝΙΚΗ ΧΗΜΙΚΩΝ ΠΡΟΙΟΝΤΩΝ Α.Ε (094133588),094133588,ΓΕΝΙΚΗ ΧΗΜΙΚΩΝ ΠΡΟΙΟΝΤΩΝ Α.Ε (094133588),2482.11,,
ΨΟΡΥ4690ΒΧ-6Θ8,2026-06-15,ΕΝΤΑΛΜΑ ΠΛΗΡΩΜΗΣ ΓΕΝΙΚΗ ΧΗΜΙΚΩΝ ΠΡΟΙΟΝΤΩΝ Α.Ε (094133588),094133588,ΓΕΝΙΚΗ ΧΗΜΙΚΩΝ ΠΡΟΙΟΝΤΩΝ Α.Ε (094133588),1695.0,,
99Γ04690ΒΧ-02Ρ,2026-06-15,ΕΝΤΑΛΜΑ ΠΛΗΡΩΜΗΣ ΓΕΝΙΚΗ ΧΗΜΙΚΩΝ ΠΡΟΙΟΝΤΩΝ Α.Ε (094133588),094133588,ΓΕΝΙΚΗ ΧΗΜΙΚΩΝ ΠΡΟΙΟΝΤΩΝ Α.Ε (094133588),4769.48,,
9ΘΨ54690ΒΧ-Υ57,2026-06-15,ΕΝΤΑΛΜΑ ΠΛΗΡΩΜΗΣ ΓΕΝΙΚΗ ΧΗΜΙΚΩΝ ΠΡΟΙΟΝΤΩΝ Α.Ε (094133588),094133588,ΓΕΝΙΚΗ ΧΗΜΙΚΩΝ ΠΡΟΙΟΝΤΩΝ Α.Ε (094133588),3092.0,,
94ΧΞ4690ΒΧ-Ι13,2026-06-15,ΕΝΤΑΛΜΑ ΠΛΗΡΩΜΗΣ ΓΕΝΙΚΗ ΧΗΜΙΚΩΝ ΠΡΟΙΟΝΤΩΝ Α.Ε (094133588),094133588,ΓΕΝΙΚΗ ΧΗΜΙΚΩΝ ΠΡΟΙΟΝΤΩΝ Α.Ε (094133588),1333.0,,
9ΣΛΒ4690ΒΧ-ΜΧΩ,2026-06-15,ΕΝΤΑΛΜΑ ΠΛΗΡΩΜΗΣ ΓΕΝΙΚΗ ΧΗΜΙΚΩΝ ΠΡΟΙΟΝΤΩΝ Α.Ε (094133588),094133588,ΓΕΝΙΚΗ ΧΗΜΙΚΩΝ ΠΡΟΙΟΝΤΩΝ Α.Ε (094133588),4877.32,,
ΨΛΗΑ4690ΒΧ-2ΡΥ,2026-06-15,ΕΝΤΑΛΜΑ ΠΛΗΡΩΜΗΣ ΓΕΝΙΚΗ ΧΗΜΙΚΩΝ ΠΡΟΙΟΝΤΩΝ Α.Ε (094133588),094133588,ΓΕΝΙΚΗ ΧΗΜΙΚΩΝ ΠΡΟΙΟΝΤΩΝ Α.Ε (094133588),4677.35,,
Ψ1ΦΔ4690ΒΧ-Λ42,2026-06-16,ΕΝΤΑΛΜΑ ΠΛΗΡΩΜΗΣ ΑΝΑΣΤΑΣΙΟΣ ΜΑΥΡΟΓΕΝΗΣ Α.Ε. (082525697),082525697,ΑΝΑΣΤΑΣΙΟΣ ΜΑΥΡΟΓΕΝΗΣ Α.Ε. (082525697),3299.22,,
9ΦΥ74690ΒΧ-24Ν,2026-06-16,ΕΝΤΑΛΜΑ ΠΛΗΡΩΜΗΣ ΑΝΑΣΤΑΣΙΟΣ ΜΑΥΡΟΓΕΝΗΣ Α.Ε. (082525697),082525697,ΑΝΑΣΤΑΣΙΟΣ ΜΑΥΡΟΓΕΝΗΣ Α.Ε. (082525697),3450.4,,
ΨΛΖΟ4690ΒΧ-Ι07,2026-06-16,ΕΝΤΑΛΜΑ ΠΛΗΡΩΜΗΣ ΑΝΑΣΤΑΣΙΟΣ ΜΑΥΡΟΓΕΝΗΣ Α.Ε. (082525697),082525697,ΑΝΑΣΤΑΣΙΟΣ ΜΑΥΡΟΓΕΝΗΣ Α.Ε. (082525697),2772.66,,
6ΣΔΔ4690ΒΧ-ΒΝΤ,2026-06-16,ΕΝΤΑΛΜΑ ΠΛΗΡΩΜΗΣ ΑΝΑΣΤΑΣΙΟΣ ΜΑΥΡΟΓΕΝΗΣ Α.Ε. (082525697),082525697,ΑΝΑΣΤΑΣΙΟΣ ΜΑΥΡΟΓΕΝΗΣ Α.Ε. (082525697),5833.06,,
ΨΥ4Χ4690ΒΧ-ΓΞΨ,2026-06-16,ΕΝΤΑΛΜΑ ΠΛΗΡΩΜΗΣ ΑΝΑΣΤΑΣΙΟΣ ΜΑΥΡΟΓΕΝΗΣ Α.Ε. (082525697),082525697,ΑΝΑΣΤΑΣΙΟΣ ΜΑΥΡΟΓΕΝΗΣ Α.Ε. (082525697),2478.05,,
ΨΧ2Ζ4690ΒΧ-ΒΩ6,2026-06-16,ΕΝΤΑΛΜΑ ΠΛΗΡΩΜΗΣ ΑΝΑΣΤΑΣΙΟΣ ΜΑΥΡΟΓΕΝΗΣ Α.Ε. (082525697),082525697,ΑΝΑΣΤΑΣΙΟΣ ΜΑΥΡΟΓΕΝΗΣ Α.Ε. (082525697),613.68,,
9Τ0Γ4690ΒΧ-2Η8,2026-06-16,ΕΝΤΑΛΜΑ ΠΛΗΡΩΜΗΣ ΑΝΑΣΤΑΣΙΟΣ ΜΑΥΡΟΓΕΝΗΣ Α.Ε. (082525697),082525697,ΑΝΑΣΤΑΣΙΟΣ ΜΑΥΡΟΓΕΝΗΣ Α.Ε. (082525697),1644.31,,
ΨΜΔΜ4690ΒΧ-ΔΥ2,2026-06-16,ΕΝΤΑΛΜΑ ΠΛΗΡΩΜΗΣ ΑΝΑΣΤΑΣΙΟΣ ΜΑΥΡΟΓΕΝΗΣ Α.Ε. (082525697),082525697,ΑΝΑΣΤΑΣΙΟΣ ΜΑΥΡΟΓΕΝΗΣ Α.Ε. (082525697),703.03,,
911Γ4690ΒΧ-789,2026-06-16,ΕΝΤΑΛΜΑ ΠΛΗΡΩΜΗΣ ΑΝΑΣΤΑΣΙΟΣ ΜΑΥΡΟΓΕΝΗΣ Α.Ε. (082525697),082525697,ΑΝΑΣΤΑΣΙΟΣ ΜΑΥΡΟΓΕΝΗΣ Α.Ε. (082525697),3992.85,,
9ΓΗΓ4690ΒΧ-ΗΟΞ,2026-06-16,ΕΝΤΑΛΜΑ ΠΛΗΡΩΜΗΣ ΑΝΑΣΤΑΣΙΟΣ ΜΑΥΡΟΓΕΝΗΣ Α.Ε. (082525697),082525697,ΑΝΑΣΤΑΣΙΟΣ ΜΑΥΡΟΓΕΝΗΣ Α.Ε. (082525697),4908.91,,
ΨΡ1Ω4690ΒΧ-0Α7,2026-06-16,ΕΝΤΑΛΜΑ ΠΛΗΡΩΜΗΣ ΑΝΑΣΤΑΣΙΟΣ ΜΑΥΡΟΓΕΝΗΣ Α.Ε. (082525697),082525697,ΑΝΑΣΤΑΣΙΟΣ ΜΑΥΡΟΓΕΝΗΣ Α.Ε. (082525697),3435.8,,
9ΔΨΤ4690ΒΧ-ΜΦΝ,2026-06-16,ΕΝΤΑΛΜΑ ΠΛΗΡΩΜΗΣ ΑΝΑΣΤΑΣΙΟΣ ΜΑΥΡΟΓΕΝΗΣ Α.Ε. (082525697),082525697,ΑΝΑΣΤΑΣΙΟΣ ΜΑΥΡΟΓΕΝΗΣ Α.Ε. (082525697),778.21,,
6ΧΗΨ4690ΒΧ-ΦΔΠ,2026-06-16,ΕΝΤΑΛΜΑ ΠΛΗΡΩΜΗΣ ΑΝΑΣΤΑΣΙΟΣ ΜΑΥΡΟΓΕΝΗΣ Α.Ε. (082525697),082525697,ΑΝΑΣΤΑΣΙΟΣ ΜΑΥΡΟΓΕΝΗΣ Α.Ε. (082525697),4956.35,,
Ψ6ΚΜ4690ΒΧ-Σ4Ι,2026-06-16,ΕΝΤΑΛΜΑ ΠΛΗΡΩΜΗΣ ΚΛΗΡΟΔΟΤΗΜΑ ΔΗΜΗΤΡΙΟΥ ΚΑΙ ΜΑΡΙΝΑΣ ΚΑΒΒΑΔΙΑ (800182978),800182978,ΚΛΗΡΟΔΟΤΗΜΑ ΔΗΜΗΤΡΙΟΥ ΚΑΙ ΜΑΡΙΝΑΣ ΚΑΒΒΑΔΙΑ (800182978),59544.97,,
6ΔΦΨ4690ΒΧ-151,2026-06-16,ΕΝΤΑΛΜΑ ΠΛΗΡΩΜΗΣ ΕΛΛΗΝΙΚΟ ΚΤΗΜΑΤΟΛΟΓΙΟ (997003848),997003848,ΕΛΛΗΝΙΚΟ ΚΤΗΜΑΤΟΛΟΓΙΟ (997003848),34.0,,
9ΞΠΘ4690ΒΧ-Φ4Μ,2026-06-11,ΕΝΤΑΛΜΑ ΠΛΗΡΩΜΗΣ MEDICON HELLAS A.E. (094240321),094240321,MEDICON HELLAS A.E. (094240321),4063.2,,
ΨΛΚΕ4690ΒΧ-4ΦΧ,2026-06-11,ΕΝΤΑΛΜΑ ΠΛΗΡΩΜΗΣ MEDICON HELLAS A.E. (094240321),094240321,MEDICON HELLAS A.E. (094240321),159.0,,
ΨΕΟΙ4690ΒΧ-Υ08,2026-06-11,ΕΝΤΑΛΜΑ ΠΛΗΡΩΜΗΣ MEDICON HELLAS A.E. (094240321),094240321,MEDICON HELLAS A.E. (094240321),4963.8,,
9ΤΠ24690ΒΧ-Λ4Φ,2026-06-11,ΕΝΤΑΛΜΑ ΠΛΗΡΩΜΗΣ MEDICON HELLAS A.E. (094240321),094240321,MEDICON HELLAS A.E. (094240321),4890.52,,
97Κ94690ΒΧ-ΥΥ6,2026-06-11,ΕΝΤΑΛΜΑ ΠΛΗΡΩΜΗΣ MEDICON HELLAS A.E. (094240321),094240321,MEDICON HELLAS A.E. (094240321),4434.56,,
ΡΟΙΜ4690ΒΧ-1ΘΣ,2026-06-11,ΕΝΤΑΛΜΑ ΠΛΗΡΩΜΗΣ MEDICON HELLAS A.E. (094240321),094240321,MEDICON HELLAS A.E. (094240321),12973.28,,
ΨΡΣ44690ΒΧ-ΙΡ7,2026-06-11,ΕΝΤΑΛΜΑ ΠΛΗΡΩΜΗΣ MEDICON HELLAS A.E. (094240321),094240321,MEDICON HELLAS A.E. (094240321),3491.16,,
ΨΞΕΦ4690ΒΧ-5ΞΗ,2026-06-11,ΕΝΤΑΛΜΑ ΠΛΗΡΩΜΗΣ MEDICON HELLAS A.E. (094240321),094240321,MEDICON HELLAS A.E. (094240321),4192.0,,
9ΦΛ24690ΒΧ-22Α,2026-06-11,ΕΝΤΑΛΜΑ ΠΛΗΡΩΜΗΣ ABBOTT LABORATORIES(ΕΛΛΑΣ)ABEE (094027257),094027257,ABBOTT LABORATORIES(ΕΛΛΑΣ)ABEE (094027257),46057.0,,
ΨΨΑΟ4690ΒΧ-Ζ0Ψ,2026-06-11,ΕΝΤΑΛΜΑ ΠΛΗΡΩΜΗΣ ABBOTT LABORATORIES(ΕΛΛΑΣ)ABEE (094027257),094027257,ABBOTT LABORATORIES(ΕΛΛΑΣ)ABEE (094027257),1203.92,,
9ΩΨΒ4690ΒΧ-Τ9Ι,2026-06-11,ΕΝΤΑΛΜΑ ΠΛΗΡΩΜΗΣ ABBOTT LABORATORIES(ΕΛΛΑΣ)ABEE (094027257),094027257,ABBOTT LABORATORIES(ΕΛΛΑΣ)ABEE (094027257),1982.2,,
Ψ06Υ4690ΒΧ-5ΘΕ,2026-06-11,ΕΝΤΑΛΜΑ ΠΛΗΡΩΜΗΣ ABBOTT LABORATORIES(ΕΛΛΑΣ)ABEE (094027257),094027257,ABBOTT LABORATORIES(ΕΛΛΑΣ)ABEE (094027257),4897.2,,
967Ε4690ΒΧ-ΥΡΕ,2026-06-11,ΕΝΤΑΛΜΑ ΠΛΗΡΩΜΗΣ Johnson   Johnson Medical Greece Μονοπρόσωπη Α.Ε. (801858262),801858262,Johnson   Johnson Medical Greece Μονοπρόσωπη Α.Ε. (801858262),2046.0,,
9Θ284690ΒΧ-8ΝΩ,2026-06-11,ΕΝΤΑΛΜΑ ΠΛΗΡΩΜΗΣ Johnson   Johnson Medical Greece Μονοπρόσωπη Α.Ε. (801858262),801858262,Johnson   Johnson Medical Greece Μονοπρόσωπη Α.Ε. (801858262),97.63,,
62ΧΘ4690ΒΧ-4Ε3,2026-06-11,ΕΝΤΑΛΜΑ ΠΛΗΡΩΜΗΣ Johnson   Johnson Medical Greece Μονοπρόσωπη Α.Ε. (801858262),801858262,Johnson   Johnson Medical Greece Μονοπρόσωπη Α.Ε. (801858262),3185.04,,
ΨΕ5Υ4690ΒΧ-0ΨΧ,2026-06-11,ΕΝΤΑΛΜΑ ΠΛΗΡΩΜΗΣ Johnson   Johnson Medical Greece Μονοπρόσωπη Α.Ε. (801858262),801858262,Johnson   Johnson Medical Greece Μονοπρόσωπη Α.Ε. (801858262),97.63,,
ΨΘΖΤ4690ΒΧ-ΓΕΥ,2026-06-11,ΕΝΤΑΛΜΑ ΠΛΗΡΩΜΗΣ Johnson   Johnson Medical Greece Μονοπρόσωπη Α.Ε. (801858262),801858262,Johnson   Johnson Medical Greece Μονοπρόσωπη Α.Ε. (801858262),1177.12,,
ΨΗΞΝ4690ΒΧ-0ΕΞ,2026-06-08,ΕΝΤΑΛΜΑ ΠΛΗΡΩΜΗΣ INTER MEDICA ΕΜΜ.Τ.ΤΖΑΝΙΔΑΚΗΣ (011651035),011651035,INTER MEDICA ΕΜΜ.Τ.ΤΖΑΝΙΔΑΚΗΣ (011651035),8680.0,,
ΨΞ9Ω4690ΒΧ-ΞΗΚ,2026-06-08,ΕΝΤΑΛΜΑ ΠΛΗΡΩΜΗΣ INTER MEDICA ΕΜΜ.Τ.ΤΖΑΝΙΔΑΚΗΣ (011651035),011651035,INTER MEDICA ΕΜΜ.Τ.ΤΖΑΝΙΔΑΚΗΣ (011651035),334.8,,
ΨΨΠΘ4690ΒΧ-4ΑΩ,2026-06-08,ΕΝΤΑΛΜΑ ΠΛΗΡΩΜΗΣ INTER MEDICA ΕΜΜ.Τ.ΤΖΑΝΙΔΑΚΗΣ (011651035),011651035,INTER MEDICA ΕΜΜ.Τ.ΤΖΑΝΙΔΑΚΗΣ (011651035),1463.2,,
Ψ2084690ΒΧ-6ΡΥ,2026-06-08,ΕΝΤΑΛΜΑ ΠΛΗΡΩΜΗΣ INTER MEDICA ΕΜΜ.Τ.ΤΖΑΝΙΔΑΚΗΣ (011651035),011651035,INTER MEDICA ΕΜΜ.Τ.ΤΖΑΝΙΔΑΚΗΣ (011651035),111.6,,
94Ο64690ΒΧ-5ΗΦ,2026-06-08,ΕΝΤΑΛΜΑ ΠΛΗΡΩΜΗΣ INTER MEDICA ΕΜΜ.Τ.ΤΖΑΝΙΔΑΚΗΣ (011651035),011651035,INTER MEDICA ΕΜΜ.Τ.ΤΖΑΝΙΔΑΚΗΣ (011651035),138.88,,
Ψ1ΘΠ4690ΒΧ-ΥΗΙ,2026-06-08,ΕΝΤΑΛΜΑ ΠΛΗΡΩΜΗΣ INTER MEDICA ΕΜΜ.Τ.ΤΖΑΝΙΔΑΚΗΣ (011651035),011651035,INTER MEDICA ΕΜΜ.Τ.ΤΖΑΝΙΔΑΚΗΣ (011651035),3416.2,,
ΡΟΒΠ4690ΒΧ-ΚΨΩ,2026-06-08,ΕΝΤΑΛΜΑ ΠΛΗΡΩΜΗΣ ΦΙΛΙΠΣ ΕΛΛΑΣ ΜΟΝΟΠΡΟΣΩΠΗ Α.ΕΒ.Ε (PHILIPS) (094014759),094014759,ΦΙΛΙΠΣ ΕΛΛΑΣ ΜΟΝΟΠΡΟΣΩΠΗ Α.ΕΒ.Ε (PHILIPS) (094014759),3999.0,,
9ΣΘ64690ΒΧ-5Φ0,2026-06-08,ΕΝΤΑΛΜΑ ΠΛΗΡΩΜΗΣ ΠΡΟΚΟΣ Α.Ε.Β.Ε. (094111812),094111812,ΠΡΟΚΟΣ Α.Ε.Β.Ε. (094111812),1550.0,,
Ψ5ΟΞ4690ΒΧ-Δ5Λ,2026-06-08,ΕΝΤΑΛΜΑ ΠΛΗΡΩΜΗΣ ΠΡΟΚΟΣ Α.Ε.Β.Ε. (094111812),094111812,ΠΡΟΚΟΣ Α.Ε.Β.Ε. (094111812),1190.89,,
91Η14690ΒΧ-90Θ,2026-06-08,ΕΝΤΑΛΜΑ ΠΛΗΡΩΜΗΣ ΝΚ ΤΕΧΝΙΚΗ ΕΝΕΡΓΕΙΑΚΗ Ε.Ε. (997915143),997915143,ΝΚ ΤΕΧΝΙΚΗ ΕΝΕΡΓΕΙΑΚΗ Ε.Ε. (997915143),2817.37,,
9Ε544690ΒΧ-Ο50,2026-06-08,ΕΝΤΑΛΜΑ ΠΛΗΡΩΜΗΣ ΝΚ ΤΕΧΝΙΚΗ ΕΝΕΡΓΕΙΑΚΗ Ε.Ε. (997915143),997915143,ΝΚ ΤΕΧΝΙΚΗ ΕΝΕΡΓΕΙΑΚΗ Ε.Ε. (997915143),1191.0,,
975Υ4690ΒΧ-8ΙΠ,2026-06-08,ΕΝΤΑΛΜΑ ΠΛΗΡΩΜΗΣ ΝΚ ΤΕΧΝΙΚΗ ΕΝΕΡΓΕΙΑΚΗ Ε.Ε. (997915143),997915143,ΝΚ ΤΕΧΝΙΚΗ ΕΝΕΡΓΕΙΑΚΗ Ε.Ε. (997915143),4762.49,,
ΡΟ7Θ4690ΒΧ-ΒΥ6,2026-06-08,ΕΝΤΑΛΜΑ ΠΛΗΡΩΜΗΣ ΝΚ ΤΕΧΝΙΚΗ ΕΝΕΡΓΕΙΑΚΗ Ε.Ε. (997915143),997915143,ΝΚ ΤΕΧΝΙΚΗ ΕΝΕΡΓΕΙΑΚΗ Ε.Ε. (997915143),1106.42,,
ΨΟΙΗ4690ΒΧ-23Κ,2026-06-08,ΕΝΤΑΛΜΑ ΠΛΗΡΩΜΗΣ ΙΩΝΙΚΗ ΑΒΕΕ (094102483),094102483,ΙΩΝΙΚΗ ΑΒΕΕ (094102483),981.23,,
ΨΓ494690ΒΧ-Α32,2026-06-08,ΕΝΤΑΛΜΑ ΠΛΗΡΩΜΗΣ ΙΩΝΙΚΗ ΑΒΕΕ (094102483),094102483,ΙΩΝΙΚΗ ΑΒΕΕ (094102483),603.26,,
68ΤΟ4690ΒΧ-ΩΧΣ,2026-06-08,ΕΝΤΑΛΜΑ ΠΛΗΡΩΜΗΣ ΑΓΚΦΑ - ΓΚΕΒΕΡΤ ΑΕΒΕ (094025805),094025805,ΑΓΚΦΑ - ΓΚΕΒΕΡΤ ΑΕΒΕ (094025805),12262.04,,
ΨΥΛΑ4690ΒΧ-ΓΡ5,2026-06-08,ΕΝΤΑΛΜΑ ΠΛΗΡΩΜΗΣ Payroll Software   Services Real Solutions Ι.Κ.Ε (800498280),800498280,Payroll Software   Services Real Solutions Ι.Κ.Ε (800498280),3286.0,,
ΨΨΞΝ4690ΒΧ-ΖΩΨ,2026-06-08,ΕΝΤΑΛΜΑ ΠΛΗΡΩΜΗΣ PUBLIC AUDIT SERVICES E.E. (802035894),802035894,PUBLIC AUDIT SERVICES E.E. (802035894),1240.0,,
6ΔΒΔ4690ΒΧ-8ΘΡ,2026-06-08,ΕΝΤΑΛΜΑ ΠΛΗΡΩΜΗΣ Heraeus Hellas Μ. ΕΠΕ (998858098),998858098,Heraeus Hellas Μ. ΕΠΕ (998858098),515.28,,
ΨΒΠΓ4690ΒΧ-5Τ4,2026-06-08,ΕΝΤΑΛΜΑ ΠΛΗΡΩΜΗΣ HEALTHCARE EXPERIENCE A.E ΟΛΟΚΛ.ΛΥΣ.ΙΑΤΡ. ΠΛ.ΙΑΤΡ.ΕΞ.-ΛΟΓ.  ΥΠΗΡ. (997800874),997800874,HEALTHCARE EXPERIENCE A.E ΟΛΟΚΛ.ΛΥΣ.ΙΑΤΡ. ΠΛ.ΙΑΤΡ.ΕΞ.-ΛΟΓ.  ΥΠΗΡ. (997800874),2046.0,,
6ΖΑΝ4690ΒΧ-ΖΕΗ,2026-06-08,ΕΝΤΑΛΜΑ ΠΛΗΡΩΜΗΣ HAMED-ΧΑΛΑΜΠΑΛΑΚΗΣ Α.Ε (094313759),094313759,HAMED-ΧΑΛΑΜΠΑΛΑΚΗΣ Α.Ε (094313759),183.52,,
ΨΚ5Κ4690ΒΧ-Χ1Χ,2026-06-08,ΕΝΤΑΛΜΑ ΠΛΗΡΩΜΗΣ HAMED-ΧΑΛΑΜΠΑΛΑΚΗΣ Α.Ε (094313759),094313759,HAMED-ΧΑΛΑΜΠΑΛΑΚΗΣ Α.Ε (094313759),1977.8,,
6ΧΚ64690ΒΧ-4ΙΛ,2026-06-08,ΕΝΤΑΛΜΑ ΠΛΗΡΩΜΗΣ Drager Hellas S.A. (997799268),997799268,Drager Hellas S.A. (997799268),310.0,,
6ΔΔ64690ΒΧ-Μ0Η,2026-06-08,ΕΝΤΑΛΜΑ ΠΛΗΡΩΜΗΣ Drager Hellas S.A. (997799268),997799268,Drager Hellas S.A. (997799268),1736.0,,
ΨΑΥΖ4690ΒΧ-235,2026-06-08,ΕΝΤΑΛΜΑ ΠΛΗΡΩΜΗΣ CQS A.E. Υπηρεσίες Διακριβώσεων   Ποιότητας Α.Ε. (999715546),999715546,CQS A.E. Υπηρεσίες Διακριβώσεων   Ποιότητας Α.Ε. (999715546),210.8,,
ΨΟΒ94690ΒΧ-ΚΥΩ,2026-06-08,ΕΝΤΑΛΜΑ ΠΛΗΡΩΜΗΣ ALCOVIN ABEE (094417524),094417524,ALCOVIN ABEE (094417524),1876.74,,
ΨΤΛ84690ΒΧ-ΧΞΜ,2026-06-08,ΕΝΤΑΛΜΑ ΠΛΗΡΩΜΗΣ ΤΕΜΑΚ (094279934),094279934,ΤΕΜΑΚ (094279934),3850.2,,
9ΔΒΒ4690ΒΧ-2ΡΩ,2026-06-08,ΕΝΤΑΛΜΑ ΠΛΗΡΩΜΗΣ ΣΚΕΠΕΤΑΡΗΣ ΚΩΝΣΤΑΝΤΙΝΟΣ-CONMED LIFE Ε.Ε. (120155145),120155145,ΣΚΕΠΕΤΑΡΗΣ ΚΩΝΣΤΑΝΤΙΝΟΣ-CONMED LIFE Ε.Ε. (120155145),7415.2,,
ΨΜΔ04690ΒΧ-ΕΜ9,2026-06-08,ΕΝΤΑΛΜΑ ΠΛΗΡΩΜΗΣ ΕΛΛΗΝΙΚΑ ΚΑΥΣΙΜΑ ΟΡΥΚΤΕΛΑΙΑ ΜΟΝΟΠΡ.ΑΝΩΝ.ΒΙΟΜΗΧ.  ΕΜΠΟΡ.ΕΤΑΙΡΕΙΑ (094010146),094010146,ΕΛΛΗΝΙΚΑ ΚΑΥΣΙΜΑ ΟΡΥΚΤΕΛΑΙΑ ΜΟΝΟΠΡ.ΑΝΩΝ.ΒΙΟΜΗΧ.  ΕΜΠΟΡ.ΕΤΑΙΡΕΙΑ (094010146),15711.99,,
9ΟΡΦ4690ΒΧ-ΝΓΣ,2026-06-08,ΕΝΤΑΛΜΑ ΠΛΗΡΩΜΗΣ ΓΚΑΤΕΞ Α.Ε MEDICAL SUPLIES (093573836),093573836,ΓΚΑΤΕΞ Α.Ε MEDICAL SUPLIES (093573836),178.56,,
ΨΝΡΤ4690ΒΧ-ΗΞ5,2026-05-29,ΕΝΤΑΛΜΑ ΠΛΗΡΩΜΗΣ ΑΝΑΣΤΑΣΙΟΣ ΔΙΓΚΑΣ Ι.Κ.Ε. (997826122),997826122,ΑΝΑΣΤΑΣΙΟΣ ΔΙΓΚΑΣ Ι.Κ.Ε. (997826122),111.6,,
ΨΑ7Χ4690ΒΧ-ΨΙΩ,2026-05-29,ΕΝΤΑΛΜΑ ΠΛΗΡΩΜΗΣ ΑΝΑΣΤΑΣΙΟΣ ΔΙΓΚΑΣ Ι.Κ.Ε. (997826122),997826122,ΑΝΑΣΤΑΣΙΟΣ ΔΙΓΚΑΣ Ι.Κ.Ε. (997826122),4570.11,,
6ΔΛ44690ΒΧ-9ΣΟ,2026-05-29,ΕΝΤΑΛΜΑ ΠΛΗΡΩΜΗΣ ΑΝΑΣΤΑΣΙΟΣ ΔΙΓΚΑΣ Ι.Κ.Ε. (997826122),997826122,ΑΝΑΣΤΑΣΙΟΣ ΔΙΓΚΑΣ Ι.Κ.Ε. (997826122),1101.32,,
6ΧΝΛ4690ΒΧ-ΑΝΔ,2026-06-08,ΕΝΤΑΛΜΑ ΠΛΗΡΩΜΗΣ Α.ΚΑΡΥΠΙΔΗΣ Α.Β.Ε.Ε (094098300),094098300,Α.ΚΑΡΥΠΙΔΗΣ Α.Β.Ε.Ε (094098300),430.48,,
68ΗΩ4690ΒΧ-Ε1Γ,2026-06-08,ΕΝΤΑΛΜΑ ΠΛΗΡΩΜΗΣ VETERY SERVICE HELLAS ΝΑΚΑΣ ΣΠΥΡΙΔΩΝ (061755570),061755570,VETERY SERVICE HELLAS ΝΑΚΑΣ ΣΠΥΡΙΔΩΝ (061755570),1736.0,,
96ΧΗ4690ΒΧ-ΛΥ7,2026-06-08,ΕΝΤΑΛΜΑ ΠΛΗΡΩΜΗΣ VETERY SERVICE HELLAS ΝΑΚΑΣ ΣΠΥΡΙΔΩΝ (061755570),061755570,VETERY SERVICE HELLAS ΝΑΚΑΣ ΣΠΥΡΙΔΩΝ (061755570),248.0,,
9ΤΘ24690ΒΧ-060,2026-06-08,ΕΝΤΑΛΜΑ ΠΛΗΡΩΜΗΣ THERMOGRAFICA HELLAS ΕΠΕ (095083787),095083787,THERMOGRAFICA HELLAS ΕΠΕ (095083787),1237.52,,
ΨΦΨΞ4690ΒΧ-Γ65,2026-06-08,ΕΝΤΑΛΜΑ ΠΛΗΡΩΜΗΣ PublicSoft Ι.Κ.Ε. (800837416),800837416,PublicSoft Ι.Κ.Ε. (800837416),5456.0,,
ΨΞΥΘ4690ΒΧ-69Λ,2026-06-08,ΕΝΤΑΛΜΑ ΠΛΗΡΩΜΗΣ MEDLINE MEDICAL PRODUCTS O.E. (082384884),082384884,MEDLINE MEDICAL PRODUCTS O.E. (082384884),1711.2,,
ΨΑΝ64690ΒΧ-55Ο,2026-06-08,ΕΝΤΑΛΜΑ ΠΛΗΡΩΜΗΣ COMPUTER SOLUTIONS ΑΝΩΝΥΜΗ (095403136),095403136,COMPUTER SOLUTIONS ΑΝΩΝΥΜΗ (095403136),5228.66,,
96Μ24690ΒΧ-Ρ4Η,2026-06-08,ΕΝΤΑΛΜΑ ΠΛΗΡΩΜΗΣ COMPUTER SOLUTIONS ΑΝΩΝΥΜΗ (095403136),095403136,COMPUTER SOLUTIONS ΑΝΩΝΥΜΗ (095403136),3100.0,,
9Ψ5Τ4690ΒΧ-ΕΦ8,2026-05-29,ΕΝΤΑΛΜΑ ΠΛΗΡΩΜΗΣ ΑΡΗΤΗ Α.Ε. (094251753),094251753,ΑΡΗΤΗ Α.Ε. (094251753),9207.0,,
9ΛΗΔ4690ΒΧ-ΒΧ5,2026-05-29,ΕΝΤΑΛΜΑ ΠΛΗΡΩΜΗΣ ΑΡΗΤΗ Α.Ε. (094251753),094251753,ΑΡΗΤΗ Α.Ε. (094251753),5093.02,,
Ψ4ΖΙ4690ΒΧ-864,2026-05-29,ΕΝΤΑΛΜΑ ΠΛΗΡΩΜΗΣ ΑΡΗΤΗ Α.Ε. (094251753),094251753,ΑΡΗΤΗ Α.Ε. (094251753),8565.65,,
9ΟΤΓ4690ΒΧ-ΕΟΚ,2026-05-29,ΕΝΤΑΛΜΑ ΠΛΗΡΩΜΗΣ WiLO HELLAS ΜΟΝΟΠΡΟΣΩΠΗ Α.Β.Ε.Ε (094061750),094061750,WiLO HELLAS ΜΟΝΟΠΡΟΣΩΠΗ Α.Β.Ε.Ε (094061750),2751.21,,
6Σ334690ΒΧ-Ε5Ζ,2026-05-29,ΕΝΤΑΛΜΑ ΠΛΗΡΩΜΗΣ Trauma Care Μονοπρόσωπη ΕΠΕ (800811818),800811818,Trauma Care Μονοπρόσωπη ΕΠΕ (800811818),1313.96,,
6ΧΣ44690ΒΧ-Β49,2026-05-29,ΕΝΤΑΛΜΑ ΠΛΗΡΩΜΗΣ Trauma Care Μονοπρόσωπη ΕΠΕ (800811818),800811818,Trauma Care Μονοπρόσωπη ΕΠΕ (800811818),3783.48,,
ΨΤΠ24690ΒΧ-ΛΧΗ,2026-05-29,ΕΝΤΑΛΜΑ ΠΛΗΡΩΜΗΣ Trauma Care Μονοπρόσωπη ΕΠΕ (800811818),800811818,Trauma Care Μονοπρόσωπη ΕΠΕ (800811818),2890.92,,
ΨΘ1Δ4690ΒΧ-ΥΩΡ,2026-05-29,ΕΝΤΑΛΜΑ ΠΛΗΡΩΜΗΣ Trauma Care Μονοπρόσωπη ΕΠΕ (800811818),800811818,Trauma Care Μονοπρόσωπη ΕΠΕ (800811818),3823.42,,
ΨΕΗ04690ΒΧ-Ν04,2026-05-29,ΕΝΤΑΛΜΑ ΠΛΗΡΩΜΗΣ Trauma Care Μονοπρόσωπη ΕΠΕ (800811818),800811818,Trauma Care Μονοπρόσωπη ΕΠΕ (800811818),4272.26,,
94ΑΛ4690ΒΧ-ΤΕΗ,2026-05-29,ΕΝΤΑΛΜΑ ΠΛΗΡΩΜΗΣ Trauma Care Μονοπρόσωπη ΕΠΕ (800811818),800811818,Trauma Care Μονοπρόσωπη ΕΠΕ (800811818),4003.35,,
96ΨΞ4690ΒΧ-19Φ,2026-05-29,ΕΝΤΑΛΜΑ ΠΛΗΡΩΜΗΣ MEDIPRIME ΙΑΤΡΟΦΑΡΜΑΚΕΥΤΙΚΩΝ ΕΙΔΩΝ Α.Ε.Ε. (998283526),998283526,MEDIPRIME ΙΑΤΡΟΦΑΡΜΑΚΕΥΤΙΚΩΝ ΕΙΔΩΝ Α.Ε.Ε. (998283526),7799.9,,
9ΟΟΛ4690ΒΧ-Σ2Β,2026-05-29,ΕΝΤΑΛΜΑ ΠΛΗΡΩΜΗΣ KARL STORZ-ΕΝΔΟΣΚΟΠΙΑ ΕΛΛΑΔΟΣ Ε.Π.Ε (998361490),998361490,KARL STORZ-ΕΝΔΟΣΚΟΠΙΑ ΕΛΛΑΔΟΣ Ε.Π.Ε (998361490),11631.2,,
Ψ0ΗΕ4690ΒΧ-Α1Ζ,2026-05-29,ΕΝΤΑΛΜΑ ΠΛΗΡΩΜΗΣ Health and Iasis Medical Products (800572342),800572342,Health and Iasis Medical Products (800572342),3356.65,,
6ΥΧΑ4690ΒΧ-ΡΕΤ,2026-05-29,ΕΝΤΑΛΜΑ ΠΛΗΡΩΜΗΣ Health and Iasis Medical Products (800572342),800572342,Health and Iasis Medical Products (800572342),3352.9,,
62ΑΛ4690ΒΧ-ΨΥΧ,2026-05-29,ΕΝΤΑΛΜΑ ΠΛΗΡΩΜΗΣ Health and Iasis Medical Products (800572342),800572342,Health and Iasis Medical Products (800572342),2838.38,,
684Ι4690ΒΧ-ΟΣΒ,2026-05-29,ΕΝΤΑΛΜΑ ΠΛΗΡΩΜΗΣ Health and Iasis Medical Products (800572342),800572342,Health and Iasis Medical Products (800572342),4119.8,,
9Π724690ΒΧ-ΘΑ6,2026-05-29,ΕΝΤΑΛΜΑ ΠΛΗΡΩΜΗΣ EpiMed ΝΕΑ ΕΠΙΜΕΝΤ ΜΕΠΕ (999723663),999723663,EpiMed ΝΕΑ ΕΠΙΜΕΝΤ ΜΕΠΕ (999723663),3224.0,,
9ΘΚ64690ΒΧ-Α0Χ,2026-05-29,ΕΝΤΑΛΜΑ ΠΛΗΡΩΜΗΣ EpiMed ΝΕΑ ΕΠΙΜΕΝΤ ΜΕΠΕ (999723663),999723663,EpiMed ΝΕΑ ΕΠΙΜΕΝΤ ΜΕΠΕ (999723663),1364.0,,
9ΚΖΡ4690ΒΧ-0ΥΕ,2026-05-28,ΕΝΤΑΛΜΑ ΠΛΗΡΩΜΗΣ ΞΕΝΟΦΩΝ ΓΕΡΜΑΝΟΣ Α.Ε.Ε. (094326835),094326835,ΞΕΝΟΦΩΝ ΓΕΡΜΑΝΟΣ Α.Ε.Ε. (094326835),1520.04,,
95ΞΥ4690ΒΧ-1ΧΑ,2026-05-28,ΕΝΤΑΛΜΑ ΠΛΗΡΩΜΗΣ ΞΕΝΟΦΩΝ ΓΕΡΜΑΝΟΣ Α.Ε.Ε. (094326835),094326835,ΞΕΝΟΦΩΝ ΓΕΡΜΑΝΟΣ Α.Ε.Ε. (094326835),608.01,,
9ΧΝΩ4690ΒΧ-ΖΤΓ,2026-05-28,ΕΝΤΑΛΜΑ ΠΛΗΡΩΜΗΣ ΞΕΝΟΦΩΝ ΓΕΡΜΑΝΟΣ Α.Ε.Ε. (094326835),094326835,ΞΕΝΟΦΩΝ ΓΕΡΜΑΝΟΣ Α.Ε.Ε. (094326835),1242.08,,
9ΙΩΗ4690ΒΧ-ΥΜ2,2026-05-28,ΕΝΤΑΛΜΑ ΠΛΗΡΩΜΗΣ ΞΕΝΟΦΩΝ ΓΕΡΜΑΝΟΣ Α.Ε.Ε. (094326835),094326835,ΞΕΝΟΦΩΝ ΓΕΡΜΑΝΟΣ Α.Ε.Ε. (094326835),1902.53,,
ΨΑΦΙ4690ΒΧ-ΘΘΨ,2026-05-28,ΕΝΤΑΛΜΑ ΠΛΗΡΩΜΗΣ ΝΙΚ.Ι.ΛΑΊΝΙΩΤΗΣ Α.Ε.Β.Ε (093628458),093628458,ΝΙΚ.Ι.ΛΑΊΝΙΩΤΗΣ Α.Ε.Β.Ε (093628458),2062.25,,
Ψ9Ψ84690ΒΧ-ΟΥΡ,2026-05-28,ΕΝΤΑΛΜΑ ΠΛΗΡΩΜΗΣ ΝΙΚ.Ι.ΛΑΊΝΙΩΤΗΣ Α.Ε.Β.Ε (093628458),093628458,ΝΙΚ.Ι.ΛΑΊΝΙΩΤΗΣ Α.Ε.Β.Ε (093628458),1863.37,,
63Υ94690ΒΧ-Ζ9Θ,2026-05-28,ΕΝΤΑΛΜΑ ΠΛΗΡΩΜΗΣ ΝΙΚ.Ι.ΛΑΊΝΙΩΤΗΣ Α.Ε.Β.Ε (093628458),093628458,ΝΙΚ.Ι.ΛΑΊΝΙΩΤΗΣ Α.Ε.Β.Ε (093628458),171.06,,
6ΧΕ74690ΒΧ-89Β,2026-05-28,ΕΝΤΑΛΜΑ ΠΛΗΡΩΜΗΣ ΝΙΚ.Ι.ΛΑΊΝΙΩΤΗΣ Α.Ε.Β.Ε (093628458),093628458,ΝΙΚ.Ι.ΛΑΊΝΙΩΤΗΣ Α.Ε.Β.Ε (093628458),216.26,,
6ΣΜΤ4690ΒΧ-7ΟΞ,2026-05-28,ΕΝΤΑΛΜΑ ΠΛΗΡΩΜΗΣ ΝΙΚ.Ι.ΛΑΊΝΙΩΤΗΣ Α.Ε.Β.Ε (093628458),093628458,ΝΙΚ.Ι.ΛΑΊΝΙΩΤΗΣ Α.Ε.Β.Ε (093628458),9786.63,,
9ΤΥΜ4690ΒΧ-15Ο,2026-05-28,ΕΝΤΑΛΜΑ ΠΛΗΡΩΜΗΣ ΝΙΚ.Ι.ΛΑΊΝΙΩΤΗΣ Α.Ε.Β.Ε (093628458),093628458,ΝΙΚ.Ι.ΛΑΊΝΙΩΤΗΣ Α.Ε.Β.Ε (093628458),297.63,,
Ψ2ΥΤ4690ΒΧ-ΞΜ5,2026-05-28,ΕΝΤΑΛΜΑ ΠΛΗΡΩΜΗΣ ΝΙΚ.Ι.ΛΑΊΝΙΩΤΗΣ Α.Ε.Β.Ε (093628458),093628458,ΝΙΚ.Ι.ΛΑΊΝΙΩΤΗΣ Α.Ε.Β.Ε (093628458),117.68,,
9ΞΞ34690ΒΧ-ΗΩΘ,2026-05-28,ΕΝΤΑΛΜΑ ΠΛΗΡΩΜΗΣ ΝΙΚ.Ι.ΛΑΊΝΙΩΤΗΣ Α.Ε.Β.Ε (093628458),093628458,ΝΙΚ.Ι.ΛΑΊΝΙΩΤΗΣ Α.Ε.Β.Ε (093628458),2559.35,,
ΨΧ9Μ4690ΒΧ-Ε97,2026-05-29,ΕΝΤΑΛΜΑ ΠΛΗΡΩΜΗΣ ΣΚΑΝΔΑΛΗΣ ΕΥΑΓΓΕΛΟΣ   ΣΙΑ Ε.Ε. - ΙΑΤΡΙΚΑ ΕΙΔΗ (999040772),999040772,ΣΚΑΝΔΑΛΗΣ ΕΥΑΓΓΕΛΟΣ   ΣΙΑ Ε.Ε. - ΙΑΤΡΙΚΑ ΕΙΔΗ (999040772),488.56,,
68ΠΡ4690ΒΧ-244,2026-05-29,ΕΝΤΑΛΜΑ ΠΛΗΡΩΜΗΣ ΜΕDIWAY MEDICAL SUPPLIES ΜΟΝ.Ε.Π.Ε. (800514603),800514603,ΜΕDIWAY MEDICAL SUPPLIES ΜΟΝ.Ε.Π.Ε. (800514603),870.1,,
ΨΡΗΦ4690ΒΧ-ΙΛΓ,2026-05-28,ΕΝΤΑΛΜΑ ΠΛΗΡΩΜΗΣ ΝΙΚ.Ι.ΛΑΊΝΙΩΤΗΣ Α.Ε.Β.Ε (093628458),093628458,ΝΙΚ.Ι.ΛΑΊΝΙΩΤΗΣ Α.Ε.Β.Ε (093628458),4175.35,,
9ΣΕ24690ΒΧ-ΔΘ3,2026-05-28,ΕΝΤΑΛΜΑ ΠΛΗΡΩΜΗΣ Κωστας Α.Παπαέλληνας(ΕλλάςΑΕΒΕ) (094075360),094075360,Κωστας Α.Παπαέλληνας(ΕλλάςΑΕΒΕ) (094075360),4541.65,,
6ΝΥΤ4690ΒΧ-ΙΒ3,2026-05-28,ΕΝΤΑΛΜΑ ΠΛΗΡΩΜΗΣ ΕΥΡΟΜΑΡΤ Α.Ε. (094284004),094284004,ΕΥΡΟΜΑΡΤ Α.Ε. (094284004),1014.56,,
ΨΗΑΔ4690ΒΧ-ΗΕΑ,2026-05-29,ΕΝΤΑΛΜΑ ΠΛΗΡΩΜΗΣ Δ. ΛΑΣΚΑΡΙΔΗΣ   ΣΙΑ ΟΕ (081795386),081795386,Δ. ΛΑΣΚΑΡΙΔΗΣ   ΣΙΑ ΟΕ (081795386),194.68,,
9Β3Φ4690ΒΧ-1Ι4,2026-05-28,ΕΝΤΑΛΜΑ ΠΛΗΡΩΜΗΣ ΕΥΡΟΜΑΡΤ Α.Ε. (094284004),094284004,ΕΥΡΟΜΑΡΤ Α.Ε. (094284004),404.37,,
6ΑΥΦ4690ΒΧ-0ΣΒ,2026-05-29,ΕΝΤΑΛΜΑ ΠΛΗΡΩΜΗΣ ΒΙΟΗΛΕΚΤΡΟΝΙΚΗ  Ι.Κ.Ε. <<BIOELECTRONICA>> (800780179),800780179,ΒΙΟΗΛΕΚΤΡΟΝΙΚΗ  Ι.Κ.Ε. <<BIOELECTRONICA>> (800780179),399.28,,
91ΨΓ4690ΒΧ-ΚΒΔ,2026-05-28,ΕΝΤΑΛΜΑ ΠΛΗΡΩΜΗΣ ΕΥΡΟΜΑΡΤ Α.Ε. (094284004),094284004,ΕΥΡΟΜΑΡΤ Α.Ε. (094284004),67.11,,
9Κ694690ΒΧ-Ν3Δ,2026-05-29,ΕΝΤΑΛΜΑ ΠΛΗΡΩΜΗΣ ΑΦΟΙ ΠΑΠΑΝΑΣΤΑΣΙΟΥ Ο.Ε. (081308853),081308853,ΑΦΟΙ ΠΑΠΑΝΑΣΤΑΣΙΟΥ Ο.Ε. (081308853),255.94,,
ΨΨ854690ΒΧ-Ψ0Ο,2026-05-28,ΕΝΤΑΛΜΑ ΠΛΗΡΩΜΗΣ ΕΝΟΡΑΣΙΣ Α.Ε. (094503580),094503580,ΕΝΟΡΑΣΙΣ Α.Ε. (094503580),2090.95,,
ΨΘΒΩ4690ΒΧ-Κ7Φ,2026-05-29,ΕΝΤΑΛΜΑ ΠΛΗΡΩΜΗΣ klinikum plus Μονοπρόσωπη Ι.Κ.Ε (800888293),800888293,klinikum plus Μονοπρόσωπη Ι.Κ.Ε (800888293),837.0,,
9Θ0Ζ4690ΒΧ-ΞΦ5,2026-05-28,ΕΝΤΑΛΜΑ ΠΛΗΡΩΜΗΣ ΕΛΛΕΝΚΟ Α.Ε. (094074824),094074824,ΕΛΛΕΝΚΟ Α.Ε. (094074824),372.47,,
9Γ5Θ4690ΒΧ-Β2Φ,2026-05-26,ΕΝΤΑΛΜΑ ΠΛΗΡΩΜΗΣ UCB  Α.Ε (094125994),094125994,UCB  Α.Ε (094125994),347.83,,
ΨΩΠ04690ΒΧ-Θ1Ψ,2026-05-28,ΕΝΤΑΛΜΑ ΠΛΗΡΩΜΗΣ ΓΕΤΡΙΜΕΝΤ Ε.Π.Ε. (095279575),095279575,ΓΕΤΡΙΜΕΝΤ Ε.Π.Ε. (095279575),790.89,,
6ΖΜΣ4690ΒΧ-0ΡΗ,2026-05-29,ΕΝΤΑΛΜΑ ΠΛΗΡΩΜΗΣ KARL STORZ-ΕΝΔΟΣΚΟΠΙΑ ΕΛΛΑΔΟΣ Ε.Π.Ε (998361490),998361490,KARL STORZ-ΕΝΔΟΣΚΟΠΙΑ ΕΛΛΑΔΟΣ Ε.Π.Ε (998361490),651.0,,
9ΗΓΛ4690ΒΧ-ΞΡ8,2026-05-26,ΕΝΤΑΛΜΑ ΠΛΗΡΩΜΗΣ PUBLIC AUDIT SERVICES E.E. (802035894),802035894,PUBLIC AUDIT SERVICES E.E. (802035894),1488.0,,
ΨΛΒΠ4690ΒΧ-ΔΓΜ,2026-05-29,ΕΝΤΑΛΜΑ ΠΛΗΡΩΜΗΣ ELECTROSTORM   ΣΙΑ  Ε.Ε. (802163799),802163799,ELECTROSTORM   ΣΙΑ  Ε.Ε. (802163799),323.02,,
9ΩΞΖ4690ΒΧ-3Ν7,2026-05-28,ΕΝΤΑΛΜΑ ΠΛΗΡΩΜΗΣ MILONAS HEALTH A.E. (998179225),998179225,MILONAS HEALTH A.E. (998179225),143.18,,
ΨΔΓΝ4690ΒΧ-ΤΡΩ,2026-05-28,ΕΝΤΑΛΜΑ ΠΛΗΡΩΜΗΣ MILONAS HEALTH A.E. (998179225),998179225,MILONAS HEALTH A.E. (998179225),2553.54,,
6ΝΑΗ4690ΒΧ-ΓΤΗ,2026-05-28,ΕΝΤΑΛΜΑ ΠΛΗΡΩΜΗΣ MILONAS HEALTH A.E. (998179225),998179225,MILONAS HEALTH A.E. (998179225),473.67,,
9ΕΛΩ4690ΒΧ-Κ2Ν,2026-05-28,ΕΝΤΑΛΜΑ ΠΛΗΡΩΜΗΣ MILONAS HEALTH A.E. (998179225),998179225,MILONAS HEALTH A.E. (998179225),2189.48,,
9ΘΦΞ4690ΒΧ-16Υ,2026-05-28,ΕΝΤΑΛΜΑ ΠΛΗΡΩΜΗΣ MILONAS HEALTH A.E. (998179225),998179225,MILONAS HEALTH A.E. (998179225),494.89,,
62ΓΘ4690ΒΧ-94Μ,2026-05-28,ΕΝΤΑΛΜΑ ΠΛΗΡΩΜΗΣ DOCTUM ΦΑΡΜΑΚΕΥΤΙΚΗ ΑΕ (094070315),094070315,DOCTUM ΦΑΡΜΑΚΕΥΤΙΚΗ ΑΕ (094070315),4749.33,,
6Δ1Θ4690ΒΧ-Κ1Ν,2026-05-29,ΕΝΤΑΛΜΑ ΠΛΗΡΩΜΗΣ EUROBANK ΥΠΟΚΑΤΑΣΤΗΜΑ ΛΕΥΚΑΔΑΣ (996866969),996866969,EUROBANK ΥΠΟΚΑΤΑΣΤΗΜΑ ΛΕΥΚΑΔΑΣ (996866969),8.8,,
9ΝΦΟ4690ΒΧ-ΒΚΥ,2026-05-28,ΕΝΤΑΛΜΑ ΠΛΗΡΩΜΗΣ ΒΙΟΣΕΡ ΑΕ (094035927),094035927,ΒΙΟΣΕΡ ΑΕ (094035927),2034.0,,
Ψ4ΣΘ4690ΒΧ-33Σ,2026-05-28,ΕΝΤΑΛΜΑ ΠΛΗΡΩΜΗΣ DUCASCO-ΔΟΥΡΜΟΥΣΟΓΛΟΥ ΑΕΒΕ (999640490),999640490,DUCASCO-ΔΟΥΡΜΟΥΣΟΓΛΟΥ ΑΕΒΕ (999640490),149.16,,
ΨΤΡ94690ΒΧ-059,2026-05-28,ΕΝΤΑΛΜΑ ΠΛΗΡΩΜΗΣ BAYER ΕΛΛΑΣ ΑΒΕΕ (094056437),094056437,BAYER ΕΛΛΑΣ ΑΒΕΕ (094056437),8962.72,,
ΨΧΛΝ4690ΒΧ-ΑΝΦ,2026-05-28,ΕΝΤΑΛΜΑ ΠΛΗΡΩΜΗΣ BAYER ΕΛΛΑΣ ΑΒΕΕ (094056437),094056437,BAYER ΕΛΛΑΣ ΑΒΕΕ (094056437),558.0,,
ΨΒ0Β4690ΒΧ-ΨΧΟ,2026-05-28,ΕΝΤΑΛΜΑ ΠΛΗΡΩΜΗΣ ΕΡΓΟΣΥΣΤΕΜΣ ΕΠΕ (095457728),095457728,ΕΡΓΟΣΥΣΤΕΜΣ ΕΠΕ (095457728),298.59,,
6Χ924690ΒΧ-ΓΑ7,2026-05-28,ΕΝΤΑΛΜΑ ΠΛΗΡΩΜΗΣ ΕΡΓΟΣΥΣΤΕΜΣ ΕΠΕ (095457728),095457728,ΕΡΓΟΣΥΣΤΕΜΣ ΕΠΕ (095457728),627.44,,
9ΟΑΙ4690ΒΧ-Θ3Γ,2026-05-26,ΕΝΤΑΛΜΑ ΠΛΗΡΩΜΗΣ ΑΝΑΣΤΑΣΙΟΣ ΜΑΥΡΟΓΕΝΗΣ Α.Ε. (082525697),082525697,ΑΝΑΣΤΑΣΙΟΣ ΜΑΥΡΟΓΕΝΗΣ Α.Ε. (082525697),3528.22,,
986Μ4690ΒΧ-Τ5Ω,2026-05-26,ΕΝΤΑΛΜΑ ΠΛΗΡΩΜΗΣ ΑΝΑΣΤΑΣΙΟΣ ΜΑΥΡΟΓΕΝΗΣ Α.Ε. (082525697),082525697,ΑΝΑΣΤΑΣΙΟΣ ΜΑΥΡΟΓΕΝΗΣ Α.Ε. (082525697),1243.0,,
9ΛΟΞ4690ΒΧ-ΘΞΡ,2026-05-26,ΕΝΤΑΛΜΑ ΠΛΗΡΩΜΗΣ ΑΝΑΣΤΑΣΙΟΣ ΜΑΥΡΟΓΕΝΗΣ Α.Ε. (082525697),082525697,ΑΝΑΣΤΑΣΙΟΣ ΜΑΥΡΟΓΕΝΗΣ Α.Ε. (082525697),2314.26,,
6ΖΘ14690ΒΧ-6Ξ9,2026-05-26,ΕΝΤΑΛΜΑ ΠΛΗΡΩΜΗΣ ΑΝΑΣΤΑΣΙΟΣ ΜΑΥΡΟΓΕΝΗΣ Α.Ε. (082525697),082525697,ΑΝΑΣΤΑΣΙΟΣ ΜΑΥΡΟΓΕΝΗΣ Α.Ε. (082525697),3617.62,,
ΨΝΟΟ4690ΒΧ-39Α,2026-05-26,ΕΝΤΑΛΜΑ ΠΛΗΡΩΜΗΣ ΑΝΑΣΤΑΣΙΟΣ ΜΑΥΡΟΓΕΝΗΣ Α.Ε. (082525697),082525697,ΑΝΑΣΤΑΣΙΟΣ ΜΑΥΡΟΓΕΝΗΣ Α.Ε. (082525697),4938.7,,
Ψ7ΘΤ4690ΒΧ-00Ψ,2026-05-26,ΕΝΤΑΛΜΑ ΠΛΗΡΩΜΗΣ ΑΝΑΣΤΑΣΙΟΣ ΜΑΥΡΟΓΕΝΗΣ Α.Ε. (082525697),082525697,ΑΝΑΣΤΑΣΙΟΣ ΜΑΥΡΟΓΕΝΗΣ Α.Ε. (082525697),272.15,,
ΡΒΩΣ4690ΒΧ-ΚΞΣ,2026-05-26,ΕΝΤΑΛΜΑ ΠΛΗΡΩΜΗΣ ΑΝΑΣΤΑΣΙΟΣ ΜΑΥΡΟΓΕΝΗΣ Α.Ε. (082525697),082525697,ΑΝΑΣΤΑΣΙΟΣ ΜΑΥΡΟΓΕΝΗΣ Α.Ε. (082525697),1467.87,,
9Ο8Χ4690ΒΧ-ΘΜΘ,2026-05-26,ΕΝΤΑΛΜΑ ΠΛΗΡΩΜΗΣ ΑΝΑΣΤΑΣΙΟΣ ΜΑΥΡΟΓΕΝΗΣ Α.Ε. (082525697),082525697,ΑΝΑΣΤΑΣΙΟΣ ΜΑΥΡΟΓΕΝΗΣ Α.Ε. (082525697),231.54,,
62ΠΜ4690ΒΧ-ΜΒΙ,2026-05-26,ΕΝΤΑΛΜΑ ΠΛΗΡΩΜΗΣ ΑΝΑΣΤΑΣΙΟΣ ΜΑΥΡΟΓΕΝΗΣ Α.Ε. (082525697),082525697,ΑΝΑΣΤΑΣΙΟΣ ΜΑΥΡΟΓΕΝΗΣ Α.Ε. (082525697),4623.35,,
ΨΖΗΑ4690ΒΧ-ΔΓΗ,2026-05-18,ΕΝΤΑΛΜΑ ΠΛΗΡΩΜΗΣ Α.Μ.ΒΙΔΑΛΗΣ INTERNATIONAL ΙΚΕ (095185177),095185177,Α.Μ.ΒΙΔΑΛΗΣ INTERNATIONAL ΙΚΕ (095185177),2529.6,,
Ρ9Ι44690ΒΧ-ΒΦΚ,2026-05-18,ΕΝΤΑΛΜΑ ΠΛΗΡΩΜΗΣ BIOGENESYS IKE (099805952),099805952,BIOGENESYS IKE (099805952),2575.27,,
Ψ9Η04690ΒΧ-Ρ0Ξ,2026-05-18,ΕΝΤΑΛΜΑ ΠΛΗΡΩΜΗΣ BIOGENESYS IKE (099805952),099805952,BIOGENESYS IKE (099805952),4722.27,,
62294690ΒΧ-Ζ0Π,2026-05-18,ΕΝΤΑΛΜΑ ΠΛΗΡΩΜΗΣ BIOGENESYS IKE (099805952),099805952,BIOGENESYS IKE (099805952),6667.0,,
ΨΘΤ94690ΒΧ-Ξ60,2026-05-18,ΕΝΤΑΛΜΑ ΠΛΗΡΩΜΗΣ BIOGENESYS IKE (099805952),099805952,BIOGENESYS IKE (099805952),4744.87,,
9ΔΨΔ4690ΒΧ-ΔΚΙ,2026-05-18,ΕΝΤΑΛΜΑ ΠΛΗΡΩΜΗΣ BIOGENESYS IKE (099805952),099805952,BIOGENESYS IKE (099805952),4068.0,,
ΡΔ4Λ4690ΒΧ-ΑΓΖ,2026-05-18,ΕΝΤΑΛΜΑ ΠΛΗΡΩΜΗΣ BIOGENESYS IKE (099805952),099805952,BIOGENESYS IKE (099805952),4213.77,,
ΡΨΕΝ4690ΒΧ-5Σ1,2026-05-18,ΕΝΤΑΛΜΑ ΠΛΗΡΩΜΗΣ BIOGENESYS IKE (099805952),099805952,BIOGENESYS IKE (099805952),4213.77,,
ΡΟΩ84690ΒΧ-ΗΝ3,2026-05-18,ΕΝΤΑΛΜΑ ΠΛΗΡΩΜΗΣ BIOGENESYS IKE (099805952),099805952,BIOGENESYS IKE (099805952),4068.0,,
964Γ4690ΒΧ-ΦΛΗ,2026-05-18,ΕΝΤΑΛΜΑ ΠΛΗΡΩΜΗΣ BIOGENESYS IKE (099805952),099805952,BIOGENESYS IKE (099805952),4068.0,,
63ΨΗ4690ΒΧ-ΧΤΘ,2026-05-18,ΕΝΤΑΛΜΑ ΠΛΗΡΩΜΗΣ BIOGENESYS IKE (099805952),099805952,BIOGENESYS IKE (099805952),6780.0,,
ΨΠΛ44690ΒΧ-ΣΤΣ,2026-05-18,ΕΝΤΑΛΜΑ ΠΛΗΡΩΜΗΣ ΠΑΠΑΠΟΣΤΟΛΟΥ Ν-Α.Ε (095029193),095029193,ΠΑΠΑΠΟΣΤΟΛΟΥ Ν-Α.Ε (095029193),10118.4,,
ΨΧΔ24690ΒΧ-ΟΜΤ,2026-05-18,ΕΝΤΑΛΜΑ ΠΛΗΡΩΜΗΣ ΠΑΠΑΠΟΣΤΟΛΟΥ Ν-Α.Ε (095029193),095029193,ΠΑΠΑΠΟΣΤΟΛΟΥ Ν-Α.Ε (095029193),111.6,,
ΡΠΞΑ4690ΒΧ-Α22,2026-05-18,ΕΝΤΑΛΜΑ ΠΛΗΡΩΜΗΣ '' MART HELLAS S.A'' (999401508),999401508,'' MART HELLAS S.A'' (999401508),4123.0,,
ΨΨΩΠ4690ΒΧ-ΥΙΘ,2026-05-18,ΕΝΤΑΛΜΑ ΠΛΗΡΩΜΗΣ '' MART HELLAS S.A'' (999401508),999401508,'' MART HELLAS S.A'' (999401508),2591.6,,
Ρ9ΦΤ4690ΒΧ-63Ξ,2026-05-18,ΕΝΤΑΛΜΑ ΠΛΗΡΩΜΗΣ '' MART HELLAS S.A'' (999401508),999401508,'' MART HELLAS S.A'' (999401508),3887.4,,
92ΦΔ4690ΒΧ-ΖΑΣ,2026-05-18,ΕΝΤΑΛΜΑ ΠΛΗΡΩΜΗΣ '' MART HELLAS S.A'' (999401508),999401508,'' MART HELLAS S.A'' (999401508),2473.8,,
ΡΡΓΛ4690ΒΧ-Λ07,2026-05-18,ΕΝΤΑΛΜΑ ΠΛΗΡΩΜΗΣ ΑΡΗΤΗ Α.Ε. (094251753),094251753,ΑΡΗΤΗ Α.Ε. (094251753),3069.0,,
9ΘΩΤ4690ΒΧ-ΩΣΗ,2026-05-18,ΕΝΤΑΛΜΑ ΠΛΗΡΩΜΗΣ COMPUTER SOLUTIONS ΑΝΩΝΥΜΗ (095403136),095403136,COMPUTER SOLUTIONS ΑΝΩΝΥΜΗ (095403136),15685.98,,
ΡΡΡΚ4690ΒΧ-ΜΥΨ,2026-05-18,ΕΝΤΑΛΜΑ ΠΛΗΡΩΜΗΣ SIEMENS HEALTHINEERS A.E. (094456875),094456875,SIEMENS HEALTHINEERS A.E. (094456875),4130.61,,
Ρ09Ρ4690ΒΧ-36Α,2026-05-18,ΕΝΤΑΛΜΑ ΠΛΗΡΩΜΗΣ SPETMEDICAL I.K.E. (800820495),800820495,SPETMEDICAL I.K.E. (800820495),971.8,,
ΨΣΥ34690ΒΧ-ΓΥΖ,2026-05-18,ΕΝΤΑΛΜΑ ΠΛΗΡΩΜΗΣ SPETMEDICAL I.K.E. (800820495),800820495,SPETMEDICAL I.K.E. (800820495),6755.17,,
Ρ6ΓΝ4690ΒΧ-ΗΔΕ,2026-05-18,ΕΝΤΑΛΜΑ ΠΛΗΡΩΜΗΣ SPETMEDICAL I.K.E. (800820495),800820495,SPETMEDICAL I.K.E. (800820495),1923.26,,
62ΡΨ4690ΒΧ-9Τ1,2026-05-18,ΕΝΤΑΛΜΑ ΠΛΗΡΩΜΗΣ MAZ MEDICAL ΣΠΥΡΟΣ ΜΑΖΙΑΝΗΣ   ΣΙΑ ΕΕ (998547179),998547179,MAZ MEDICAL ΣΠΥΡΟΣ ΜΑΖΙΑΝΗΣ   ΣΙΑ ΕΕ (998547179),4640.7,,
91ΡΘ4690ΒΧ-ΝΝ6,2026-05-18,ΕΝΤΑΛΜΑ ΠΛΗΡΩΜΗΣ MAZ MEDICAL ΣΠΥΡΟΣ ΜΑΖΙΑΝΗΣ   ΣΙΑ ΕΕ (998547179),998547179,MAZ MEDICAL ΣΠΥΡΟΣ ΜΑΖΙΑΝΗΣ   ΣΙΑ ΕΕ (998547179),2636.74,,
9ΙΩΣ4690ΒΧ-ΦΓΙ,2026-05-18,ΕΝΤΑΛΜΑ ΠΛΗΡΩΜΗΣ ΜΠΟΓΟΡΔΟΣ ΘΕΟΦΑΝΗΣ (059669236),059669236,ΜΠΟΓΟΡΔΟΣ ΘΕΟΦΑΝΗΣ (059669236),422.84,,
ΨΧΡΓ4690ΒΧ-6ΨΔ,2026-05-18,ΕΝΤΑΛΜΑ ΠΛΗΡΩΜΗΣ ΛΕΠΤΟΚΑΡΟΠΟΥΛΟΣ Π. ΚΩΝ/ΝΟΣ (057082952),057082952,ΛΕΠΤΟΚΑΡΟΠΟΥΛΟΣ Π. ΚΩΝ/ΝΟΣ (057082952),133.72,,
946Ψ4690ΒΧ-ΙΡΘ,2026-05-18,ΕΝΤΑΛΜΑ ΠΛΗΡΩΜΗΣ ΚΑΧΙΩΝΗΣ Α.Π.ΙΩΑΚΕΙΜΙΔΟΥ Ο.Ε KI-Constructions (998170464),998170464,ΚΑΧΙΩΝΗΣ Α.Π.ΙΩΑΚΕΙΜΙΔΟΥ Ο.Ε KI-Constructions (998170464),961.0,,
ΡΧΙΤ4690ΒΧ-Ν7Τ,2026-05-18,ΕΝΤΑΛΜΑ ΠΛΗΡΩΜΗΣ ΗΛΙΟΣ ΕΝΕΡΓΕΙΑΚΗ ΑΝΑΠΤΥΞΙΑΚΗ ΙΚΕ (801362115),801362115,ΗΛΙΟΣ ΕΝΕΡΓΕΙΑΚΗ ΑΝΑΠΤΥΞΙΑΚΗ ΙΚΕ (801362115),34124.8,,
Ψ29Σ4690ΒΧ-ΠΗΡ,2026-05-18,ΕΝΤΑΛΜΑ ΠΛΗΡΩΜΗΣ Medical Point .ΧΡ.ΜΟΥΤΑΦΗΣ Ε.Ε (998630320),998630320,Medical Point .ΧΡ.ΜΟΥΤΑΦΗΣ Ε.Ε (998630320),417.26,,
9ΡΡ74690ΒΧ-ΙΩ0,2026-05-18,ΕΝΤΑΛΜΑ ΠΛΗΡΩΜΗΣ Medical Point .ΧΡ.ΜΟΥΤΑΦΗΣ Ε.Ε (998630320),998630320,Medical Point .ΧΡ.ΜΟΥΤΑΦΗΣ Ε.Ε (998630320),296.36,,
ΨΖΩΙ4690ΒΧ-Σ2Η,2026-05-18,ΕΝΤΑΛΜΑ ΠΛΗΡΩΜΗΣ BUSE GAS A.E (997598041),997598041,BUSE GAS A.E (997598041),693.74,,
ΡΓΩΥ4690ΒΧ-Ν46,2026-05-18,ΕΝΤΑΛΜΑ ΠΛΗΡΩΜΗΣ BUSE GAS A.E (997598041),997598041,BUSE GAS A.E (997598041),1419.8,,
9ΑΚΩ4690ΒΧ-2Υ8,2026-05-15,ΕΝΤΑΛΜΑ ΠΛΗΡΩΜΗΣ MEDIC PLAN HEALTH PROJECT IKE (999961120),999961120,MEDIC PLAN HEALTH PROJECT IKE (999961120),3417.74,,
Ψ2Ω64690ΒΧ-ΒΧ4,2026-05-15,ΕΝΤΑΛΜΑ ΠΛΗΡΩΜΗΣ ΤΗΛ.Κ.ΓΙΟΚΑΡΗΣ   ΣΙΑ ΟΕ DOCTOF (081564690),081564690,ΤΗΛ.Κ.ΓΙΟΚΑΡΗΣ   ΣΙΑ ΟΕ DOCTOF (081564690),7434.84,,
9Κ7Λ4690ΒΧ-ΗΟΥ,2026-05-15,ΕΝΤΑΛΜΑ ΠΛΗΡΩΜΗΣ ΤΗΛ.Κ.ΓΙΟΚΑΡΗΣ   ΣΙΑ ΟΕ DOCTOF (081564690),081564690,ΤΗΛ.Κ.ΓΙΟΚΑΡΗΣ   ΣΙΑ ΟΕ DOCTOF (081564690),1923.26,,
ΨΖ2Ξ4690ΒΧ-ΩΥΔ,2026-05-15,ΕΝΤΑΛΜΑ ΠΛΗΡΩΜΗΣ ΠΛΗΡΟΦΟΡΙΚΗ ΕΛΛΑΔΟΣ Ε.Π.Ε (095659768),095659768,ΠΛΗΡΟΦΟΡΙΚΗ ΕΛΛΑΔΟΣ Ε.Π.Ε (095659768),2480.0,,
68754690ΒΧ-ΟΑΛ,2026-05-12,ΕΝΤΑΛΜΑ ΠΛΗΡΩΜΗΣ ΙΑΤΡΙΚΑ ΒΟΗΘΗΜΑΤΑ Ι.Κ.Ε (999815729),999815729,ΙΑΤΡΙΚΑ ΒΟΗΘΗΜΑΤΑ Ι.Κ.Ε (999815729),92.66,,
9Ε4Η4690ΒΧ-Τ56,2026-05-12,ΕΝΤΑΛΜΑ ΠΛΗΡΩΜΗΣ ΙΑΤΡΙΚΑ ΒΟΗΘΗΜΑΤΑ Ι.Κ.Ε (999815729),999815729,ΙΑΤΡΙΚΑ ΒΟΗΘΗΜΑΤΑ Ι.Κ.Ε (999815729),1624.4,,
ΡΟΦΦ4690ΒΧ-46Π,2026-05-15,ΕΝΤΑΛΜΑ ΠΛΗΡΩΜΗΣ Γ.ΣΑΜΑΡΑΣ ΑΒΕΕ (094373861),094373861,Γ.ΣΑΜΑΡΑΣ ΑΒΕΕ (094373861),1116.0,,
ΨΑ7Ψ4690ΒΧ-ΝΩ9,2026-05-15,ΕΝΤΑΛΜΑ ΠΛΗΡΩΜΗΣ Γ.ΣΑΜΑΡΑΣ ΑΒΕΕ (094373861),094373861,Γ.ΣΑΜΑΡΑΣ ΑΒΕΕ (094373861),235.6,,
ΡΨ904690ΒΧ-ΝΚΗ,2026-05-15,ΕΝΤΑΛΜΑ ΠΛΗΡΩΜΗΣ Γ.ΣΑΜΑΡΑΣ ΑΒΕΕ (094373861),094373861,Γ.ΣΑΜΑΡΑΣ ΑΒΕΕ (094373861),3534.0,,
ΡΟΙΨ4690ΒΧ-ΣΨΗ,2026-05-15,ΕΝΤΑΛΜΑ ΠΛΗΡΩΜΗΣ ΒΕΡΜΑ ΝΤΡΑΓΚΣ ΑΒΕΕ (099363426),099363426,ΒΕΡΜΑ ΝΤΡΑΓΚΣ ΑΒΕΕ (099363426),1536.8,,
ΨΒ4Μ4690ΒΧ-758,2026-05-15,ΕΝΤΑΛΜΑ ΠΛΗΡΩΜΗΣ ΒΕΡΜΑ ΝΤΡΑΓΚΣ ΑΒΕΕ (099363426),099363426,ΒΕΡΜΑ ΝΤΡΑΓΚΣ ΑΒΕΕ (099363426),2591.07,,
9ΖΗΣ4690ΒΧ-Υ6Ψ,2026-05-15,ΕΝΤΑΛΜΑ ΠΛΗΡΩΜΗΣ ΒΕΡΜΑ ΝΤΡΑΓΚΣ ΑΒΕΕ (099363426),099363426,ΒΕΡΜΑ ΝΤΡΑΓΚΣ ΑΒΕΕ (099363426),1346.96,,
Ψ0ΠΦ4690ΒΧ-Δ4Ι,2026-05-12,ΕΝΤΑΛΜΑ ΠΛΗΡΩΜΗΣ ΑΡΙΣΤΗ ΣΥΜΒΟΥΛΕΥΤΙΚΗ Ε.Ε. (999112526),999112526,ΑΡΙΣΤΗ ΣΥΜΒΟΥΛΕΥΤΙΚΗ Ε.Ε. (999112526),4092.0,,
Ρ69Ο4690ΒΧ-3ΩΨ,2026-05-15,ΕΝΤΑΛΜΑ ΠΛΗΡΩΜΗΣ ΑΠ.Γ.ΠΑΠΟΥΔΗΣ   ΥΙΟΣ Α.Ε (094512503),094512503,ΑΠ.Γ.ΠΑΠΟΥΔΗΣ   ΥΙΟΣ Α.Ε (094512503),2790.0,,
9Ζ2Χ4690ΒΧ-ΨΩ2,2026-05-15,ΕΝΤΑΛΜΑ ΠΛΗΡΩΜΗΣ ΑΝΤΙ-ΣΕΛ ΑΦΟΙ Α. ΣΕΛΙΔΗ ΑΕ (091569759),091569759,ΑΝΤΙ-ΣΕΛ ΑΦΟΙ Α. ΣΕΛΙΔΗ ΑΕ (091569759),1190.4,,
ΨΟΜΠ4690ΒΧ-ΜΩ8,2026-05-15,ΕΝΤΑΛΜΑ ΠΛΗΡΩΜΗΣ PAUL HARTMANN Hellas A.E. (999862491),999862491,PAUL HARTMANN Hellas A.E. (999862491),535.68,,
ΨΠΔ54690ΒΧ-Ρ40,2026-05-15,ΕΝΤΑΛΜΑ ΠΛΗΡΩΜΗΣ GOODWILL AUDIT SERVICES AE (801283310),801283310,GOODWILL AUDIT SERVICES AE (801283310),3100.0,,
9Π3Ε4690ΒΧ-09Δ,2026-05-15,ΕΝΤΑΛΜΑ ΠΛΗΡΩΜΗΣ GE HEALTHCARE (094472918),094472918,GE HEALTHCARE (094472918),21079.68,,
ΡΓ2Η4690ΒΧ-4Ξ6,2026-04-29,ΕΝΤΑΛΜΑ ΠΛΗΡΩΜΗΣ ΔΗΜ.ΕΠΙΧ/ΣΗ ΗΛΕΚΤΡΙΣΜΟΥ ΑΕ (090000045),090000045,ΔΗΜ.ΕΠΙΧ/ΣΗ ΗΛΕΚΤΡΙΣΜΟΥ ΑΕ (090000045),68608.28,,
95ΗΖ4690ΒΧ-ΝΑΧ,2026-05-05,ΕΝΤΑΛΜΑ ΠΛΗΡΩΜΗΣ ΄΄ΦΑΡΜΑ ΚΙΡΚΗ΄΄ ΕΙΡΗΝΗ ΦΕΡΕΝΤΙΝΟΥ ΜΟΝ/ΠΗ ΙΚΕ (800908604),800908604,΄΄ΦΑΡΜΑ ΚΙΡΚΗ΄΄ ΕΙΡΗΝΗ ΦΕΡΕΝΤΙΝΟΥ ΜΟΝ/ΠΗ ΙΚΕ (800908604),5059.49,,
9Σ8Τ4690ΒΧ-4ΞΜ,2026-05-05,ΕΝΤΑΛΜΑ ΠΛΗΡΩΜΗΣ ΄΄ΦΑΡΜΑ ΚΙΡΚΗ΄΄ ΕΙΡΗΝΗ ΦΕΡΕΝΤΙΝΟΥ ΜΟΝ/ΠΗ ΙΚΕ (800908604),800908604,΄΄ΦΑΡΜΑ ΚΙΡΚΗ΄΄ ΕΙΡΗΝΗ ΦΕΡΕΝΤΙΝΟΥ ΜΟΝ/ΠΗ ΙΚΕ (800908604),418.49,,
9ΟΥΞ4690ΒΧ-ΑΝ1,2026-05-05,ΕΝΤΑΛΜΑ ΠΛΗΡΩΜΗΣ ΄΄ΦΑΡΜΑ ΚΙΡΚΗ΄΄ ΕΙΡΗΝΗ ΦΕΡΕΝΤΙΝΟΥ ΜΟΝ/ΠΗ ΙΚΕ (800908604),800908604,΄΄ΦΑΡΜΑ ΚΙΡΚΗ΄΄ ΕΙΡΗΝΗ ΦΕΡΕΝΤΙΝΟΥ ΜΟΝ/ΠΗ ΙΚΕ (800908604),3794.15,,
ΡΝ1Κ4690ΒΧ-Ρ4Υ,2026-05-12,ΕΝΤΑΛΜΑ ΠΛΗΡΩΜΗΣ ΚΑΡΑΓΙΑΝΝΗΣ ΝΙΚΟΛΑΟΣ - ΥΠΗΡΕΣΙΕΣ ΚΑΘΑΡΙΣΜΟΥ ΚΤΙΡΙΩΝ (056249156),056249156,ΚΑΡΑΓΙΑΝΝΗΣ ΝΙΚΟΛΑΟΣ - ΥΠΗΡΕΣΙΕΣ ΚΑΘΑΡΙΣΜΟΥ ΚΤΙΡΙΩΝ (056249156),4858.32,,
ΡΡΦΞ4690ΒΧ-ΡΥ5,2026-05-15,ΕΝΤΑΛΜΑ ΠΛΗΡΩΜΗΣ ΑΛΕΞΟΠΟΥΛΟΣ ΑΓΓΕΛΟΣ (077848166),077848166,ΑΛΕΞΟΠΟΥΛΟΣ ΑΓΓΕΛΟΣ (077848166),2873.7,,
9ΧΦ84690ΒΧ-ΤΒΡ,2026-05-12,ΕΝΤΑΛΜΑ ΠΛΗΡΩΜΗΣ KLEENWAY ΜΟΝΟΠΡΟΣΩΠΗ ΙΚΕ (800918820),800918820,KLEENWAY ΜΟΝΟΠΡΟΣΩΠΗ ΙΚΕ (800918820),13578.0,,
ΨΙΚ14690ΒΧ-43Ο,2026-04-22,ΕΝΤΑΛΜΑ ΠΛΗΡΩΜΗΣ ΓΕΝΙΚΗ ΧΗΜΙΚΩΝ ΠΡΟΙΟΝΤΩΝ Α.Ε (094133588),094133588,ΓΕΝΙΚΗ ΧΗΜΙΚΩΝ ΠΡΟΙΟΝΤΩΝ Α.Ε (094133588),248.0,,
ΨΡ7Ν4690ΒΧ-ΗΑΙ,2026-04-22,ΕΝΤΑΛΜΑ ΠΛΗΡΩΜΗΣ ΓΕΝΙΚΗ ΧΗΜΙΚΩΝ ΠΡΟΙΟΝΤΩΝ Α.Ε (094133588),094133588,ΓΕΝΙΚΗ ΧΗΜΙΚΩΝ ΠΡΟΙΟΝΤΩΝ Α.Ε (094133588),4084.82,,
Ψ3Ι34690ΒΧ-Ψ44,2026-04-22,ΕΝΤΑΛΜΑ ΠΛΗΡΩΜΗΣ ΓΕΝΙΚΗ ΧΗΜΙΚΩΝ ΠΡΟΙΟΝΤΩΝ Α.Ε (094133588),094133588,ΓΕΝΙΚΗ ΧΗΜΙΚΩΝ ΠΡΟΙΟΝΤΩΝ Α.Ε (094133588),623.76,,
9ΔΖΜ4690ΒΧ-ΕΥΙ,2026-04-30,ΕΝΤΑΛΜΑ ΠΛΗΡΩΜΗΣ ΑΡΘΡΩΣΙΣ ΙΑΤΡΙΚΑ ΕΙΔΗ Α.Ε. (082899566),082899566,ΑΡΘΡΩΣΙΣ ΙΑΤΡΙΚΑ ΕΙΔΗ Α.Ε. (082899566),6780.0,,
ΨΘΙΥ4690ΒΧ-Σ5Ι,2026-04-30,ΕΝΤΑΛΜΑ ΠΛΗΡΩΜΗΣ ΑΡΘΡΩΣΙΣ ΙΑΤΡΙΚΑ ΕΙΔΗ Α.Ε. (082899566),082899566,ΑΡΘΡΩΣΙΣ ΙΑΤΡΙΚΑ ΕΙΔΗ Α.Ε. (082899566),1431.71,,
9ΜΑΑ4690ΒΧ-Ν07,2026-04-22,ΕΝΤΑΛΜΑ ΠΛΗΡΩΜΗΣ Trauma Care Μονοπρόσωπη ΕΠΕ (800811818),800811818,Trauma Care Μονοπρόσωπη ΕΠΕ (800811818),4968.26,,
9ΔΥΠ4690ΒΧ-5Β7,2026-04-22,ΕΝΤΑΛΜΑ ΠΛΗΡΩΜΗΣ Trauma Care Μονοπρόσωπη ΕΠΕ (800811818),800811818,Trauma Care Μονοπρόσωπη ΕΠΕ (800811818),2686.74,,
ΡΠΛΒ4690ΒΧ-Δ2Ι,2026-04-22,ΕΝΤΑΛΜΑ ΠΛΗΡΩΜΗΣ Trauma Care Μονοπρόσωπη ΕΠΕ (800811818),800811818,Trauma Care Μονοπρόσωπη ΕΠΕ (800811818),3995.96,,
ΨΜΛΡ4690ΒΧ-Ι97,2026-04-30,ΕΝΤΑΛΜΑ ΠΛΗΡΩΜΗΣ SYN MED ΜΟΝΟΠΡΟΣΩΠΗ ΙΚΕ-ΕΙΣΑΓΩΓΗ ΚΑΙ ΕΜΠΟΡΙΑ ΙΑΤΡΙΚΩΝ ΕΦΟΔΙΩΝ (803001563),803001563,SYN MED ΜΟΝΟΠΡΟΣΩΠΗ ΙΚΕ-ΕΙΣΑΓΩΓΗ ΚΑΙ ΕΜΠΟΡΙΑ ΙΑΤΡΙΚΩΝ ΕΦΟΔΙΩΝ (803001563),307.36,,
9ΗΣΥ4690ΒΧ-0ΩΕ,2026-04-30,ΕΝΤΑΛΜΑ ΠΛΗΡΩΜΗΣ SYN MED ΜΟΝΟΠΡΟΣΩΠΗ ΙΚΕ-ΕΙΣΑΓΩΓΗ ΚΑΙ ΕΜΠΟΡΙΑ ΙΑΤΡΙΚΩΝ ΕΦΟΔΙΩΝ (803001563),803001563,SYN MED ΜΟΝΟΠΡΟΣΩΠΗ ΙΚΕ-ΕΙΣΑΓΩΓΗ ΚΑΙ ΕΜΠΟΡΙΑ ΙΑΤΡΙΚΩΝ ΕΦΟΔΙΩΝ (803001563),3270.66,,
ΡΩΥΨ4690ΒΧ-ΠΥΡ,2026-04-29,ΕΝΤΑΛΜΑ ΠΛΗΡΩΜΗΣ SERINTH Ε. Π.Ε (998395573),998395573,SERINTH Ε. Π.Ε (998395573),5129.88,,
Ρ3ΒΓ4690ΒΧ-86Α,2026-04-24,ΕΝΤΑΛΜΑ ΠΛΗΡΩΜΗΣ Rethink ΑΕΒΕ (999125269),999125269,Rethink ΑΕΒΕ (999125269),67.78,,
Ρ9ΧΔ4690ΒΧ-ΠΤ0,2026-04-24,ΕΝΤΑΛΜΑ ΠΛΗΡΩΜΗΣ Rethink ΑΕΒΕ (999125269),999125269,Rethink ΑΕΒΕ (999125269),5803.2,,
ΨΓ8Ι4690ΒΧ-Ρ0Ν,2026-04-29,ΕΝΤΑΛΜΑ ΠΛΗΡΩΜΗΣ OLITECN LAB EQUIPMENT ΕΤΕΡΡΟΡΥΘΜΗ ΕΤΑΙΡΕΙΑ (095286308),095286308,OLITECN LAB EQUIPMENT ΕΤΕΡΡΟΡΥΘΜΗ ΕΤΑΙΡΕΙΑ (095286308),4712.0,,
98Μ54690ΒΧ-ΦΦΖ,2026-04-30,ΕΝΤΑΛΜΑ ΠΛΗΡΩΜΗΣ MADISON MEDICAL MON. ΕΠΕ (998011508),998011508,MADISON MEDICAL MON. ΕΠΕ (998011508),7537.1,,
ΡΗΩΘ4690ΒΧ-ΚΛΑ,2026-04-30,ΕΝΤΑΛΜΑ ΠΛΗΡΩΜΗΣ MADISON MEDICAL MON. ΕΠΕ (998011508),998011508,MADISON MEDICAL MON. ΕΠΕ (998011508),316.4,,
6ΝΘΣ4690ΒΧ-ΣΩΝ,2026-04-30,ΕΝΤΑΛΜΑ ΠΛΗΡΩΜΗΣ MADISON MEDICAL MON. ΕΠΕ (998011508),998011508,MADISON MEDICAL MON. ΕΠΕ (998011508),3988.9,,
Ψ4ΕΚ4690ΒΧ-3ΚΟ,2026-04-30,ΕΝΤΑΛΜΑ ΠΛΗΡΩΜΗΣ MADISON MEDICAL MON. ΕΠΕ (998011508),998011508,MADISON MEDICAL MON. ΕΠΕ (998011508),1835.12,,
6Α6Ψ4690ΒΧ-Β2Φ,2026-04-30,ΕΝΤΑΛΜΑ ΠΛΗΡΩΜΗΣ MADISON MEDICAL MON. ΕΠΕ (998011508),998011508,MADISON MEDICAL MON. ΕΠΕ (998011508),3988.9,,
6ΝΝ14690ΒΧ-930,2026-04-22,ΕΝΤΑΛΜΑ ΠΛΗΡΩΜΗΣ Health and Iasis Medical Products (800572342),800572342,Health and Iasis Medical Products (800572342),58.99,,
9ΦΠ74690ΒΧ-ΩΦΓ,2026-04-22,ΕΝΤΑΛΜΑ ΠΛΗΡΩΜΗΣ Health and Iasis Medical Products (800572342),800572342,Health and Iasis Medical Products (800572342),4418.1,,
Ρ07Ι4690ΒΧ-ΒΗΧ,2026-04-22,ΕΝΤΑΛΜΑ ΠΛΗΡΩΜΗΣ Health and Iasis Medical Products (800572342),800572342,Health and Iasis Medical Products (800572342),3123.77,,
ΡΡΧΛ4690ΒΧ-2Υ2,2026-04-24,ΕΝΤΑΛΜΑ ΠΛΗΡΩΜΗΣ HOSPITECNICA ΕΠΕ (095526068),095526068,HOSPITECNICA ΕΠΕ (095526068),4137.47,,
6ΧΖ24690ΒΧ-Ο5Τ,2026-04-24,ΕΝΤΑΛΜΑ ΠΛΗΡΩΜΗΣ HOSPITECNICA ΕΠΕ (095526068),095526068,HOSPITECNICA ΕΠΕ (095526068),9087.1,,
9ΙΔΑ4690ΒΧ-ΟΑ8,2026-04-24,ΕΝΤΑΛΜΑ ΠΛΗΡΩΜΗΣ ELINCO A.E.ΣΥΣΤΗΜΑΤΑ ΕΛΕΓΧΟΥ ΠΥΡΟΠΡΟΣΤΑΣΙΑΣ-ΑΣΦΑΛΕΙΑΣ (094475496),094475496,ELINCO A.E.ΣΥΣΤΗΜΑΤΑ ΕΛΕΓΧΟΥ ΠΥΡΟΠΡΟΣΤΑΣΙΑΣ-ΑΣΦΑΛΕΙΑΣ (094475496),3782.0,,
Ψ8ΟΥ4690ΒΧ-Σ7Η,2026-04-24,ΕΝΤΑΛΜΑ ΠΛΗΡΩΜΗΣ ELINCO A.E.ΣΥΣΤΗΜΑΤΑ ΕΛΕΓΧΟΥ ΠΥΡΟΠΡΟΣΤΑΣΙΑΣ-ΑΣΦΑΛΕΙΑΣ (094475496),094475496,ELINCO A.E.ΣΥΣΤΗΜΑΤΑ ΕΛΕΓΧΟΥ ΠΥΡΟΠΡΟΣΤΑΣΙΑΣ-ΑΣΦΑΛΕΙΑΣ (094475496),2083.2,,
9Χ1Ζ4690ΒΧ-ΛΧΕ,2026-04-24,ΕΝΤΑΛΜΑ ΠΛΗΡΩΜΗΣ ELINCO A.E.ΣΥΣΤΗΜΑΤΑ ΕΛΕΓΧΟΥ ΠΥΡΟΠΡΟΣΤΑΣΙΑΣ-ΑΣΦΑΛΕΙΑΣ (094475496),094475496,ELINCO A.E.ΣΥΣΤΗΜΑΤΑ ΕΛΕΓΧΟΥ ΠΥΡΟΠΡΟΣΤΑΣΙΑΣ-ΑΣΦΑΛΕΙΑΣ (094475496),83.08,,
ΡΟ7Β4690ΒΧ-62Τ,2026-04-22,ΕΝΤΑΛΜΑ ΠΛΗΡΩΜΗΣ DMPS LTD (998333221),998333221,DMPS LTD (998333221),3844.94,,
9Τ9Τ4690ΒΧ-Η43,2026-04-22,ΕΝΤΑΛΜΑ ΠΛΗΡΩΜΗΣ DMPS LTD (998333221),998333221,DMPS LTD (998333221),3486.72,,
Ψ1ΡΚ4690ΒΧ-ΚΝΓ,2026-04-24,ΕΝΤΑΛΜΑ ΠΛΗΡΩΜΗΣ ''BIOSENSE'' ΑΝΔΡΙΩΤΗ Ε   ΣΙΑ Ε.Ε. (800366706),800366706,''BIOSENSE'' ΑΝΔΡΙΩΤΗ Ε   ΣΙΑ Ε.Ε. (800366706),818.4,,
ΨΨΔΞ4690ΒΧ-ΟΓ0,2026-05-15,ΕΝΤΑΛΜΑ ΠΛΗΡΩΜΗΣ ΣΤ.ΤΣΙΜΠΟΣ ΕΠΕ (095205457),095205457,ΣΤ.ΤΣΙΜΠΟΣ ΕΠΕ (095205457),322.4,,
Ψ6694690ΒΧ-0Δ4,2026-05-15,ΕΝΤΑΛΜΑ ΠΛΗΡΩΜΗΣ ΣΤ.ΤΣΙΜΠΟΣ ΕΠΕ (095205457),095205457,ΣΤ.ΤΣΙΜΠΟΣ ΕΠΕ (095205457),658.44,,
62ΛΓ4690ΒΧ-ΑΤ2,2026-05-15,ΕΝΤΑΛΜΑ ΠΛΗΡΩΜΗΣ ΣΤ.ΤΣΙΜΠΟΣ ΕΠΕ (095205457),095205457,ΣΤ.ΤΣΙΜΠΟΣ ΕΠΕ (095205457),186.0,,
65504690ΒΧ-ΣΧΕ,2026-05-15,ΕΝΤΑΛΜΑ ΠΛΗΡΩΜΗΣ ΠΑΝΕΠΙΣΤΗΜΙΟ ΠΑΤΡΩΝ ΕΛΚΕ (998219694),998219694,ΠΑΝΕΠΙΣΤΗΜΙΟ ΠΑΤΡΩΝ ΕΛΚΕ (998219694),2734.2,,
9ΘΘΒ4690ΒΧ-Β71,2026-05-15,ΕΝΤΑΛΜΑ ΠΛΗΡΩΜΗΣ ΠΑΝΕΠΙΣΤΗΜΙΑΚΟ ΓΕΝΙΚΟ ΝΟΣΟΚΟΜΕΙΟ ΙΩΑΝΝΙΝΩΝ (999426853),999426853,ΠΑΝΕΠΙΣΤΗΜΙΑΚΟ ΓΕΝΙΚΟ ΝΟΣΟΚΟΜΕΙΟ ΙΩΑΝΝΙΝΩΝ (999426853),615.98,,
9Φ494690ΒΧ-Λ5Μ,2026-05-12,ΕΝΤΑΛΜΑ ΠΛΗΡΩΜΗΣ ΟΙΚΟΝΟΜΟΤΕΧΝΙΚΗ ΑΕ   ΣΙΑ ΕΕ - ΥΠΗΡΕΣΙΕΣ ΔΙΕΞΑΓΩΓΗΣ ΣΕΜΙΝΑΡΙΩΝ ΕΠΙΜΟΡΦΩΣΗΣ ΣΤΕΛΕΧΩΝ ΕΠΙΧΕΙΡΗΣΕΩΝ (999282042),999282042,ΟΙΚΟΝΟΜΟΤΕΧΝΙΚΗ ΑΕ   ΣΙΑ ΕΕ - ΥΠΗΡΕΣΙΕΣ ΔΙΕΞΑΓΩΓΗΣ ΣΕΜΙΝΑΡΙΩΝ ΕΠΙΜΟΡΦΩΣΗΣ ΣΤΕΛΕΧΩΝ ΕΠΙΧΕΙΡΗΣΕΩΝ (999282042),280.0,,
9ΕΦΦ4690ΒΧ-ΠΔΩ,2026-04-29,ΕΝΤΑΛΜΑ ΠΛΗΡΩΜΗΣ ΜΙΧΑΗΛ ΣΚΑΜΑΓΚΑΣ ΑΒΕΕ (999717761),999717761,ΜΙΧΑΗΛ ΣΚΑΜΑΓΚΑΣ ΑΒΕΕ (999717761),1865.64,,
6ΖΞΜ4690ΒΧ-ΘΥΨ,2026-04-24,ΕΝΤΑΛΜΑ ΠΛΗΡΩΜΗΣ ΜΑΥΡΟΥΔΗΣ Α.Ε (997998085),997998085,ΜΑΥΡΟΥΔΗΣ Α.Ε (997998085),721.31,,
9ΙΛΞ4690ΒΧ-04Σ,2026-05-05,ΕΝΤΑΛΜΑ ΠΛΗΡΩΜΗΣ ΛΑΖΑΡΗΣ ΠΑΝΟΣ (301372510),301372510,ΛΑΖΑΡΗΣ ΠΑΝΟΣ (301372510),229.4,,
63364690ΒΧ-ΜΞ7,2026-05-15,ΕΝΤΑΛΜΑ ΠΛΗΡΩΜΗΣ ΚΟΠΕΡ ΑΕ (094007897),094007897,ΚΟΠΕΡ ΑΕ (094007897),341.82,,
Ψ1ΠΛ4690ΒΧ-ΜΩΡ,2026-05-05,ΕΝΤΑΛΜΑ ΠΛΗΡΩΜΗΣ ΚΑΤΩΠΟΔΗΣ Μ.-ΚΑΒΒΑΔΑ Ε.Ε.Π.Ε. (997917019),997917019,ΚΑΤΩΠΟΔΗΣ Μ.-ΚΑΒΒΑΔΑ Ε.Ε.Π.Ε. (997917019),4912.69,,
9ΤΡΦ4690ΒΧ-ΓΓ1,2026-05-05,ΕΝΤΑΛΜΑ ΠΛΗΡΩΜΗΣ ΚΑΤΩΠΟΔΗΣ Μ.-ΚΑΒΒΑΔΑ Ε.Ε.Π.Ε. (997917019),997917019,ΚΑΤΩΠΟΔΗΣ Μ.-ΚΑΒΒΑΔΑ Ε.Ε.Π.Ε. (997917019),1277.25,,
ΨΓΞΤ4690ΒΧ-ΥΗΠ,2026-04-29,ΕΝΤΑΛΜΑ ΠΛΗΡΩΜΗΣ ΘΕΡΜΟΣΩΛ ΑΤΜΟΛΕΒΗΤΕΣ  Α.Ε. (094422651),094422651,ΘΕΡΜΟΣΩΛ ΑΤΜΟΛΕΒΗΤΕΣ  Α.Ε. (094422651),5232.8,,
ΨΒΧ14690ΒΧ-9ΞΞ,2026-04-29,ΕΝΤΑΛΜΑ ΠΛΗΡΩΜΗΣ ΘΕΡΜΟΣΩΛ ΑΤΜΟΛΕΒΗΤΕΣ  Α.Ε. (094422651),094422651,ΘΕΡΜΟΣΩΛ ΑΤΜΟΛΕΒΗΤΕΣ  Α.Ε. (094422651),375.72,,
ΨΘΩΖ4690ΒΧ-8Τ4,2026-05-15,ΕΝΤΑΛΜΑ ΠΛΗΡΩΜΗΣ ΕΛΛΗΝ.ΕΠΙΤΡ.ΑΤΟΜΙΚΗΣ ΕΝΕΡΓΕΙΑΣ (090085792),090085792,ΕΛΛΗΝ.ΕΠΙΤΡ.ΑΤΟΜΙΚΗΣ ΕΝΕΡΓΕΙΑΣ (090085792),659.68,,
97Δ34690ΒΧ-ΠΩΘ,2026-05-15,ΕΝΤΑΛΜΑ ΠΛΗΡΩΜΗΣ Δ. ΚΟΡΤΕΣΗΣ   ΣΙΑ Ε.Ε. (999658897),999658897,Δ. ΚΟΡΤΕΣΗΣ   ΣΙΑ Ε.Ε. (999658897),803.12,,
9ΩΜΠ4690ΒΧ-ΡΒΩ,2026-04-24,ΕΝΤΑΛΜΑ ΠΛΗΡΩΜΗΣ ΑΝΔΡΕΑΣ ΝΙΚΟΛΑΪΔΗΣ - ARRAY SAFETY (129604144),129604144,ΑΝΔΡΕΑΣ ΝΙΚΟΛΑΪΔΗΣ - ARRAY SAFETY (129604144),527.0,,
ΨΔΞ14690ΒΧ-Μ3Κ,2026-04-24,ΕΝΤΑΛΜΑ ΠΛΗΡΩΜΗΣ ΑΝΔΡΕΑΣ ΝΙΚΟΛΑΪΔΗΣ - ARRAY SAFETY (129604144),129604144,ΑΝΔΡΕΑΣ ΝΙΚΟΛΑΪΔΗΣ - ARRAY SAFETY (129604144),372.0,,
9ΓΥ74690ΒΧ-133,2026-05-12,ΕΝΤΑΛΜΑ ΠΛΗΡΩΜΗΣ ATLS ΕΛΛΑΣ Εκπαίδευση στο Τραύμα Π.Π.Γ.Ν. ΠΑΤΡΩΝ (090207923),090207923,ATLS ΕΛΛΑΣ Εκπαίδευση στο Τραύμα Π.Π.Γ.Ν. ΠΑΤΡΩΝ (090207923),1400.0,,
ΡΟΧΑ4690ΒΧ-6ΜΝ,2026-05-05,ΕΝΤΑΛΜΑ ΠΛΗΡΩΜΗΣ ΤΕΧΝΙΚΟ ΓΡΑΦΕΙΟ ΜΕΛΕΤΩΝ-ΚΑΤΑΣΚΕΥΩΝ ΠΑΝΤΑΖΗ Ι.ΚΗΡΟΛΙΒΑΝΟΥ (043161409),043161409,ΤΕΧΝΙΚΟ ΓΡΑΦΕΙΟ ΜΕΛΕΤΩΝ-ΚΑΤΑΣΚΕΥΩΝ ΠΑΝΤΑΖΗ Ι.ΚΗΡΟΛΙΒΑΝΟΥ (043161409),8667.6,,
918Υ4690ΒΧ-ΚΔ4,2026-05-05,ΕΝΤΑΛΜΑ ΠΛΗΡΩΜΗΣ ΚΑΛΟΓΙΑΝΝΗΣ ΕΥΣΤΡΑΤΙΟΣ ΒΙΟΤΕΧΝΙΑ ΕΠΙΠΛΩΝ-ΤΑΠΕΤΣΑΡΙΕΣ ΕΠΙΠΛΩΝ   ΣΚΑΦΩΝ (104376490),104376490,ΚΑΛΟΓΙΑΝΝΗΣ ΕΥΣΤΡΑΤΙΟΣ ΒΙΟΤΕΧΝΙΑ ΕΠΙΠΛΩΝ-ΤΑΠΕΤΣΑΡΙΕΣ ΕΠΙΠΛΩΝ   ΣΚΑΦΩΝ (104376490),1426.0,,
ΨΝΖΤ4690ΒΧ-ΒΘΡ,2026-05-05,ΕΝΤΑΛΜΑ ΠΛΗΡΩΜΗΣ TYPO-CENTER ΓΕΡ.ΒΕΡΓΙΝΗΣ (028558054),028558054,TYPO-CENTER ΓΕΡ.ΒΕΡΓΙΝΗΣ (028558054),36.25,,
ΡΔΘ34690ΒΧ-ΟΝΙ,2026-05-05,ΕΝΤΑΛΜΑ ΠΛΗΡΩΜΗΣ ΜΠΑΛΑΣΚΑΣ ΓΕΩΡΓΙΟΣ (073571028),073571028,ΜΠΑΛΑΣΚΑΣ ΓΕΩΡΓΙΟΣ (073571028),884.85,,
9ΝΓ34690ΒΧ-Α9Α,2026-05-05,ΕΝΤΑΛΜΑ ΠΛΗΡΩΜΗΣ ΜΠΑΛΑΣΚΑΣ ΓΕΩΡΓΙΟΣ (073571028),073571028,ΜΠΑΛΑΣΚΑΣ ΓΕΩΡΓΙΟΣ (073571028),1159.36,,
95Ρ24690ΒΧ-1Τ5,2026-05-05,ΕΝΤΑΛΜΑ ΠΛΗΡΩΜΗΣ ΚΑΚΑΒΟΣ Ι.ΔΗΜΗΤΡΙΟΣ (119540879),119540879,ΚΑΚΑΒΟΣ Ι.ΔΗΜΗΤΡΙΟΣ (119540879),786.48,,
ΨΗΨ84690ΒΧ-40Β,2026-05-05,ΕΝΤΑΛΜΑ ΠΛΗΡΩΜΗΣ ΚΑΚΑΒΟΣ Ι.ΔΗΜΗΤΡΙΟΣ (119540879),119540879,ΚΑΚΑΒΟΣ Ι.ΔΗΜΗΤΡΙΟΣ (119540879),12351.54,,
ΡΖ9Ω4690ΒΧ-2Ψ4,2026-05-05,ΕΝΤΑΛΜΑ ΠΛΗΡΩΜΗΣ ΑΙΑΝΤΑΣ ΤΡΟΦΟΔΟΣΙΕΣ-ΕΙΣΑΓΩΓΙΚΗ   ΕΞΑΓΩΓΙΚΗ ΑΕ (081808560),081808560,ΑΙΑΝΤΑΣ ΤΡΟΦΟΔΟΣΙΕΣ-ΕΙΣΑΓΩΓΙΚΗ   ΕΞΑΓΩΓΙΚΗ ΑΕ (081808560),2478.32,,
63Τ54690ΒΧ-646,2026-05-05,ΕΝΤΑΛΜΑ ΠΛΗΡΩΜΗΣ Rain bow waters (099328240),099328240,Rain bow waters (099328240),95.43,,
9ΠΔΚ4690ΒΧ-Κ6Γ,2026-04-30,ΕΝΤΑΛΜΑ ΠΛΗΡΩΜΗΣ iDX P.C (800725375),800725375,iDX P.C (800725375),1113.0,,
ΨΝΞ34690ΒΧ-ΠΔ5,2026-04-30,ΕΝΤΑΛΜΑ ΠΛΗΡΩΜΗΣ iDX P.C (800725375),800725375,iDX P.C (800725375),8904.0,,
6Ζ2Ι4690ΒΧ-ΧΓ3,2026-04-30,ΕΝΤΑΛΜΑ ΠΛΗΡΩΜΗΣ iDX P.C (800725375),800725375,iDX P.C (800725375),4565.16,,
9ΔΑΒ4690ΒΧ-Ξ5Ρ,2026-04-24,ΕΝΤΑΛΜΑ ΠΛΗΡΩΜΗΣ Γ.ΡΟΥΣΣΑΣ   ΣΙΑ Ο.Ε (081448991),081448991,Γ.ΡΟΥΣΣΑΣ   ΣΙΑ Ο.Ε (081448991),496.0,,
ΡΔΡ04690ΒΧ-56Ζ,2026-04-24,ΕΝΤΑΛΜΑ ΠΛΗΡΩΜΗΣ Γ.  Χ. ΠΑΛΟΥΜΠΑΣ Ο.Ε. (091330530),091330530,Γ.  Χ. ΠΑΛΟΥΜΠΑΣ Ο.Ε. (091330530),1294.11,,
Ψ24Π4690ΒΧ-ΝΛΦ,2026-04-24,ΕΝΤΑΛΜΑ ΠΛΗΡΩΜΗΣ ΠΡΟΚΟΣ Α.Ε.Β.Ε. (094111812),094111812,ΠΡΟΚΟΣ Α.Ε.Β.Ε. (094111812),20043.36,,
ΡΕΗ64690ΒΧ-ΡΡΒ,2026-04-24,ΕΝΤΑΛΜΑ ΠΛΗΡΩΜΗΣ ΠΡΟΚΟΣ Α.Ε.Β.Ε. (094111812),094111812,ΠΡΟΚΟΣ Α.Ε.Β.Ε. (094111812),1550.0,,
6ΣΥ24690ΒΧ-ΥΝΘ,2026-04-24,ΕΝΤΑΛΜΑ ΠΛΗΡΩΜΗΣ ΠΡΟΚΟΣ Α.Ε.Β.Ε. (094111812),094111812,ΠΡΟΚΟΣ Α.Ε.Β.Ε. (094111812),603.63,,
9ΔΖΗ4690ΒΧ-87Π,2026-04-24,ΕΝΤΑΛΜΑ ΠΛΗΡΩΜΗΣ Ν.ΠΡΟΚΟΣ   ΣΙΑ Ο.Ε. (999426109),999426109,Ν.ΠΡΟΚΟΣ   ΣΙΑ Ο.Ε. (999426109),611.38,,
ΨΓ064690ΒΧ-7Υ1,2026-04-24,ΕΝΤΑΛΜΑ ΠΛΗΡΩΜΗΣ ΝΚ ΤΕΧΝΙΚΗ ΕΝΕΡΓΕΙΑΚΗ Ε.Ε. (997915143),997915143,ΝΚ ΤΕΧΝΙΚΗ ΕΝΕΡΓΕΙΑΚΗ Ε.Ε. (997915143),507.22,,
ΨΤ4Ω4690ΒΧ-ΤΙΘ,2026-04-24,ΕΝΤΑΛΜΑ ΠΛΗΡΩΜΗΣ PROFI ΤΕΧΝΙΚΟ SUPER MARKET (800326038),800326038,PROFI ΤΕΧΝΙΚΟ SUPER MARKET (800326038),79.91,,
9Χ2Ρ4690ΒΧ-7Τ4,2026-04-22,ΕΝΤΑΛΜΑ ΠΛΗΡΩΜΗΣ KARL STORZ-ΕΝΔΟΣΚΟΠΙΑ ΕΛΛΑΔΟΣ Ε.Π.Ε (998361490),998361490,KARL STORZ-ΕΝΔΟΣΚΟΠΙΑ ΕΛΛΑΔΟΣ Ε.Π.Ε (998361490),434.0,,
ΡΙΘΩ4690ΒΧ-ΝΓ9,2026-04-22,ΕΝΤΑΛΜΑ ΠΛΗΡΩΜΗΣ ΓΕΝΙΚΗ ΧΗΜΙΚΩΝ ΠΡΟΙΟΝΤΩΝ Α.Ε (094133588),094133588,ΓΕΝΙΚΗ ΧΗΜΙΚΩΝ ΠΡΟΙΟΝΤΩΝ Α.Ε (094133588),4624.29,,
ΡΔ5Γ4690ΒΧ-72Ψ,2026-04-22,ΕΝΤΑΛΜΑ ΠΛΗΡΩΜΗΣ ΓΕΝΙΚΗ ΧΗΜΙΚΩΝ ΠΡΟΙΟΝΤΩΝ Α.Ε (094133588),094133588,ΓΕΝΙΚΗ ΧΗΜΙΚΩΝ ΠΡΟΙΟΝΤΩΝ Α.Ε (094133588),4781.14,,
Ρ05Υ4690ΒΧ-ΩΓΘ,2026-04-22,ΕΝΤΑΛΜΑ ΠΛΗΡΩΜΗΣ ΓΕΝΙΚΗ ΧΗΜΙΚΩΝ ΠΡΟΙΟΝΤΩΝ Α.Ε (094133588),094133588,ΓΕΝΙΚΗ ΧΗΜΙΚΩΝ ΠΡΟΙΟΝΤΩΝ Α.Ε (094133588),678.0,,
Ρ9Ω54690ΒΧ-0ΒΣ,2026-04-16,ΕΝΤΑΛΜΑ ΠΛΗΡΩΜΗΣ ENDOFUSION ΥΠΟΚΑΤΑΣΤΗΜΑ ΕΛΛΑΔΟΣ ΕΠΕ (997521707),997521707,ENDOFUSION ΥΠΟΚΑΤΑΣΤΗΜΑ ΕΛΛΑΔΟΣ ΕΠΕ (997521707),1810.4,,
ΡΨΩΚ4690ΒΧ-ΙΜΕ,2026-05-05,ΕΝΤΑΛΜΑ ΠΛΗΡΩΜΗΣ ΘΕΟΧΑΡΗΣ ΚΩΝΣΤΑΝΤΙΝΟΣ (074168641),074168641,ΘΕΟΧΑΡΗΣ ΚΩΝΣΤΑΝΤΙΝΟΣ (074168641),2895.33,,
94ΝΑ4690ΒΧ-ΨΘ8,2026-04-21,ΕΝΤΑΛΜΑ ΠΛΗΡΩΜΗΣ MEDICON HELLAS A.E. (094240321),094240321,MEDICON HELLAS A.E. (094240321),5130.2,,
Ψ8ΙΔ4690ΒΧ-Τ22,2026-04-21,ΕΝΤΑΛΜΑ ΠΛΗΡΩΜΗΣ MEDICON HELLAS A.E. (094240321),094240321,MEDICON HELLAS A.E. (094240321),4198.32,,
9Η9Ξ4690ΒΧ-ΤΝ3,2026-04-21,ΕΝΤΑΛΜΑ ΠΛΗΡΩΜΗΣ MEDICON HELLAS A.E. (094240321),094240321,MEDICON HELLAS A.E. (094240321),975.2,,
Ψ93Β4690ΒΧ-0ΤΜ,2026-04-21,ΕΝΤΑΛΜΑ ΠΛΗΡΩΜΗΣ ABBOTT LABORATORIES(ΕΛΛΑΣ)ABEE (094027257),094027257,ABBOTT LABORATORIES(ΕΛΛΑΣ)ABEE (094027257),3604.0,,
Ψ5174690ΒΧ-ΑΤ9,2026-04-21,ΕΝΤΑΛΜΑ ΠΛΗΡΩΜΗΣ ABBOTT LABORATORIES(ΕΛΛΑΣ)ABEE (094027257),094027257,ABBOTT LABORATORIES(ΕΛΛΑΣ)ABEE (094027257),4187.0,,
92784690ΒΧ-ΗΔΒ,2026-04-21,ΕΝΤΑΛΜΑ ΠΛΗΡΩΜΗΣ ABBOTT LABORATORIES(ΕΛΛΑΣ)ABEE (094027257),094027257,ABBOTT LABORATORIES(ΕΛΛΑΣ)ABEE (094027257),4483.8,,
6ΖΣΨ4690ΒΧ-26Ψ,2026-04-21,ΕΝΤΑΛΜΑ ΠΛΗΡΩΜΗΣ ABBOTT LABORATORIES(ΕΛΛΑΣ)ABEE (094027257),094027257,ABBOTT LABORATORIES(ΕΛΛΑΣ)ABEE (094027257),3985.6,,
Ρ5ΠΠ4690ΒΧ-ΙΡΑ,2026-04-22,ΕΝΤΑΛΜΑ ΠΛΗΡΩΜΗΣ ΝΟΣΟΚΟΜΕΙΑΚΗ ΓΡΑΜΜΗ Α.Ε (094396063),094396063,ΝΟΣΟΚΟΜΕΙΑΚΗ ΓΡΑΜΜΗ Α.Ε (094396063),3472.0,,
Ψ0ΗΟ4690ΒΧ-8ΤΨ,2026-04-22,ΕΝΤΑΛΜΑ ΠΛΗΡΩΜΗΣ ΜΑΓΕΙΡΑΣ ΔΙΑΓΝ.ΜΗΧΑΝΗΜΑΤΑ Α.Ε. (095444407),095444407,ΜΑΓΕΙΡΑΣ ΔΙΑΓΝ.ΜΗΧΑΝΗΜΑΤΑ Α.Ε. (095444407),8965.68,,
ΨΨΑ24690ΒΧ-0ΜΗ,2026-04-22,ΕΝΤΑΛΜΑ ΠΛΗΡΩΜΗΣ ΓΕΝΙΚΗ ΧΗΜΙΚΩΝ ΠΡΟΙΟΝΤΩΝ Α.Ε (094133588),094133588,ΓΕΝΙΚΗ ΧΗΜΙΚΩΝ ΠΡΟΙΟΝΤΩΝ Α.Ε (094133588),4664.92,,
9ΟΧ54690ΒΧ-Β6Α,2026-04-01,ΕΝΤΑΛΜΑ ΠΛΗΡΩΜΗΣ iDX P.C (800725375),800725375,iDX P.C (800725375),8140.8,,
9Γ8Φ4690ΒΧ-10Ι,2026-04-30,ΕΝΤΑΛΜΑ ΠΛΗΡΩΜΗΣ ZIMMER BIOMET ΕΛΛΑΣ ΜΟΝ/ΠΗ Α.Ε (094437885),094437885,ZIMMER BIOMET ΕΛΛΑΣ ΜΟΝ/ΠΗ Α.Ε (094437885),12516.8,,
ΡΠΕΦ4690ΒΧ-Μ9Υ,2026-04-22,ΕΝΤΑΛΜΑ ΠΛΗΡΩΜΗΣ Trauma Care Μονοπρόσωπη ΕΠΕ (800811818),800811818,Trauma Care Μονοπρόσωπη ΕΠΕ (800811818),3692.2,,
ΨΗΨΝ4690ΒΧ-ΡΛ4,2026-04-21,ΕΝΤΑΛΜΑ ΠΛΗΡΩΜΗΣ MEDICON HELLAS A.E. (094240321),094240321,MEDICON HELLAS A.E. (094240321),7899.8,,
Ψ3ΥΞ4690ΒΧ-ΕΩΦ,2026-04-22,ΕΝΤΑΛΜΑ ΠΛΗΡΩΜΗΣ KARL STORZ-ΕΝΔΟΣΚΟΠΙΑ ΕΛΛΑΔΟΣ Ε.Π.Ε (998361490),998361490,KARL STORZ-ΕΝΔΟΣΚΟΠΙΑ ΕΛΛΑΔΟΣ Ε.Π.Ε (998361490),7588.8,,
ΡΓΔΨ4690ΒΧ-ΧΦΠ,2026-04-22,ΕΝΤΑΛΜΑ ΠΛΗΡΩΜΗΣ Health and Iasis Medical Products (800572342),800572342,Health and Iasis Medical Products (800572342),2878.56,,
9Σ1Τ4690ΒΧ-Γ0Ε,2026-04-22,ΕΝΤΑΛΜΑ ΠΛΗΡΩΜΗΣ DMPS LTD (998333221),998333221,DMPS LTD (998333221),3426.38,,
Ψ6ΑΓ4690ΒΧ-8ΒΝ,2026-04-22,ΕΝΤΑΛΜΑ ΠΛΗΡΩΜΗΣ ALLMED E.E. (997564511),997564511,ALLMED E.E. (997564511),5845.34,,
Ρ1ΓΩ4690ΒΧ-23Α,2026-04-21,ΕΝΤΑΛΜΑ ΠΛΗΡΩΜΗΣ ABBOTT LABORATORIES(ΕΛΛΑΣ)ABEE (094027257),094027257,ABBOTT LABORATORIES(ΕΛΛΑΣ)ABEE (094027257),1515.8,,
ΨΚΘΒ4690ΒΧ-ΕΣΦ,2026-04-30,ΕΝΤΑΛΜΑ ΠΛΗΡΩΜΗΣ ZIMMER BIOMET ΕΛΛΑΣ ΜΟΝ/ΠΗ Α.Ε (094437885),094437885,ZIMMER BIOMET ΕΛΛΑΣ ΜΟΝ/ΠΗ Α.Ε (094437885),2237.4,,
ΨΜ2Ψ4690ΒΧ-ΗΞΨ,2026-04-30,ΕΝΤΑΛΜΑ ΠΛΗΡΩΜΗΣ ZIMMER BIOMET ΕΛΛΑΣ ΜΟΝ/ΠΗ Α.Ε (094437885),094437885,ZIMMER BIOMET ΕΛΛΑΣ ΜΟΝ/ΠΗ Α.Ε (094437885),2962.52,,
9ΘΗΤ4690ΒΧ-ΞΜΔ,2026-04-30,ΕΝΤΑΛΜΑ ΠΛΗΡΩΜΗΣ ZIMMER BIOMET ΕΛΛΑΣ ΜΟΝ/ΠΗ Α.Ε (094437885),094437885,ZIMMER BIOMET ΕΛΛΑΣ ΜΟΝ/ΠΗ Α.Ε (094437885),3923.15,,
6Ζ3Υ4690ΒΧ-Ω53,2026-04-30,ΕΝΤΑΛΜΑ ΠΛΗΡΩΜΗΣ ZIMMER BIOMET ΕΛΛΑΣ ΜΟΝ/ΠΗ Α.Ε (094437885),094437885,ZIMMER BIOMET ΕΛΛΑΣ ΜΟΝ/ΠΗ Α.Ε (094437885),4806.6,,
Ψ2Ξ84690ΒΧ-9Ρ2,2026-04-30,ΕΝΤΑΛΜΑ ΠΛΗΡΩΜΗΣ ZIMMER BIOMET ΕΛΛΑΣ ΜΟΝ/ΠΗ Α.Ε (094437885),094437885,ZIMMER BIOMET ΕΛΛΑΣ ΜΟΝ/ΠΗ Α.Ε (094437885),4745.42,,
62ΥΑ4690ΒΧ-4ΙΨ,2026-04-30,ΕΝΤΑΛΜΑ ΠΛΗΡΩΜΗΣ ZIMMER BIOMET ΕΛΛΑΣ ΜΟΝ/ΠΗ Α.Ε (094437885),094437885,ZIMMER BIOMET ΕΛΛΑΣ ΜΟΝ/ΠΗ Α.Ε (094437885),3252.14,,
ΡΥ3Ο4690ΒΧ-ΠΨ4,2026-04-30,ΕΝΤΑΛΜΑ ΠΛΗΡΩΜΗΣ ZIMMER BIOMET ΕΛΛΑΣ ΜΟΝ/ΠΗ Α.Ε (094437885),094437885,ZIMMER BIOMET ΕΛΛΑΣ ΜΟΝ/ΠΗ Α.Ε (094437885),3774.99,,
ΨΧ3Θ4690ΒΧ-ΦΜΛ,2026-04-30,ΕΝΤΑΛΜΑ ΠΛΗΡΩΜΗΣ ZIMMER BIOMET ΕΛΛΑΣ ΜΟΝ/ΠΗ Α.Ε (094437885),094437885,ZIMMER BIOMET ΕΛΛΑΣ ΜΟΝ/ΠΗ Α.Ε (094437885),100.44,,
ΡΒ284690ΒΧ-Ε02,2026-04-30,ΕΝΤΑΛΜΑ ΠΛΗΡΩΜΗΣ ZIMMER BIOMET ΕΛΛΑΣ ΜΟΝ/ΠΗ Α.Ε (094437885),094437885,ZIMMER BIOMET ΕΛΛΑΣ ΜΟΝ/ΠΗ Α.Ε (094437885),4340.56,,
62ΩΛ4690ΒΧ-ΔΝ0,2026-04-30,ΕΝΤΑΛΜΑ ΠΛΗΡΩΜΗΣ ZIMMER BIOMET ΕΛΛΑΣ ΜΟΝ/ΠΗ Α.Ε (094437885),094437885,ZIMMER BIOMET ΕΛΛΑΣ ΜΟΝ/ΠΗ Α.Ε (094437885),4987.98,,
9ΜΟ94690ΒΧ-ΙΥΡ,2026-04-30,ΕΝΤΑΛΜΑ ΠΛΗΡΩΜΗΣ ZIMMER BIOMET ΕΛΛΑΣ ΜΟΝ/ΠΗ Α.Ε (094437885),094437885,ZIMMER BIOMET ΕΛΛΑΣ ΜΟΝ/ΠΗ Α.Ε (094437885),4806.6,,
Ψ69Δ4690ΒΧ-Ψ4Ι,2026-04-30,ΕΝΤΑΛΜΑ ΠΛΗΡΩΜΗΣ ZIMMER BIOMET ΕΛΛΑΣ ΜΟΝ/ΠΗ Α.Ε (094437885),094437885,ZIMMER BIOMET ΕΛΛΑΣ ΜΟΝ/ΠΗ Α.Ε (094437885),4656.73,,
9Ε464690ΒΧ-2ΣΕ,2026-04-30,ΕΝΤΑΛΜΑ ΠΛΗΡΩΜΗΣ SANTAIR Α.Ε. (094497279),094497279,SANTAIR Α.Ε. (094497279),139.87,,
ΡΠΠΠ4690ΒΧ-ΓΥΚ,2026-04-30,ΕΝΤΑΛΜΑ ΠΛΗΡΩΜΗΣ SANTAIR Α.Ε. (094497279),094497279,SANTAIR Α.Ε. (094497279),855.6,,
9Ξ6Φ4690ΒΧ-556,2026-04-30,ΕΝΤΑΛΜΑ ΠΛΗΡΩΜΗΣ RONTIS HELLAS AEBE (095335610),095335610,RONTIS HELLAS AEBE (095335610),2418.43,,
9ΜΠΥ4690ΒΧ-3ΗΡ,2026-04-30,ΕΝΤΑΛΜΑ ΠΛΗΡΩΜΗΣ RONTIS HELLAS AEBE (095335610),095335610,RONTIS HELLAS AEBE (095335610),3616.68,,
ΨΒΝ84690ΒΧ-ΩΣΑ,2026-04-30,ΕΝΤΑΛΜΑ ΠΛΗΡΩΜΗΣ Milimed Α.Ε (997802230),997802230,Milimed Α.Ε (997802230),1702.91,,
ΡΨΥΗ4690ΒΧ-ΗΞ0,2026-04-30,ΕΝΤΑΛΜΑ ΠΛΗΡΩΜΗΣ MEDINOR ΕΕ (082802380),082802380,MEDINOR ΕΕ (082802380),2934.12,,
ΡΡΚΥ4690ΒΧ-ΙΓΖ,2026-04-30,ΕΝΤΑΛΜΑ ΠΛΗΡΩΜΗΣ MEDINOR ΕΕ (082802380),082802380,MEDINOR ΕΕ (082802380),3067.63,,
9ΦΚΓ4690ΒΧ-2ΜΧ,2026-04-30,ΕΝΤΑΛΜΑ ΠΛΗΡΩΜΗΣ MEDINOR ΕΕ (082802380),082802380,MEDINOR ΕΕ (082802380),2990.48,,
ΡΒ254690ΒΧ-Ο1Ζ,2026-04-30,ΕΝΤΑΛΜΑ ΠΛΗΡΩΜΗΣ ELFAMED AE (800378686),800378686,ELFAMED AE (800378686),1816.41,,
ΡΨΣΧ4690ΒΧ-2Γ8,2026-04-30,ΕΝΤΑΛΜΑ ΠΛΗΡΩΜΗΣ BIOTRANS A.E (999506681),999506681,BIOTRANS A.E (999506681),1780.89,,
ΨΗ9Δ4690ΒΧ-Ω2Β,2026-04-30,ΕΝΤΑΛΜΑ ΠΛΗΡΩΜΗΣ BIOTRANS A.E (999506681),999506681,BIOTRANS A.E (999506681),111.6,,
6ΑΨ84690ΒΧ-6ΧΒ,2026-04-30,ΕΝΤΑΛΜΑ ΠΛΗΡΩΜΗΣ ALLMED E.E. (997564511),997564511,ALLMED E.E. (997564511),6270.6,,
ΡΟΗΤ4690ΒΧ-ΜΓΘ,2026-04-30,ΕΝΤΑΛΜΑ ΠΛΗΡΩΜΗΣ ALLMED E.E. (997564511),997564511,ALLMED E.E. (997564511),5136.08,,
ΨΕΛΦ4690ΒΧ-4Ξ7,2026-04-30,ΕΝΤΑΛΜΑ ΠΛΗΡΩΜΗΣ ALLMED E.E. (997564511),997564511,ALLMED E.E. (997564511),3091.68,,
ΡΞ7Ρ4690ΒΧ-0Υ5,2026-04-30,ΕΝΤΑΛΜΑ ΠΛΗΡΩΜΗΣ ALLMED E.E. (997564511),997564511,ALLMED E.E. (997564511),1932.3,,
ΨΧΜΨ4690ΒΧ-ΘΩΙ,2026-04-22,ΕΝΤΑΛΜΑ ΠΛΗΡΩΜΗΣ ALLMED E.E. (997564511),997564511,ALLMED E.E. (997564511),6227.28,,
ΨΧΘΓ4690ΒΧ-ΣΣΘ,2026-04-22,ΕΝΤΑΛΜΑ ΠΛΗΡΩΜΗΣ ALLMED E.E. (997564511),997564511,ALLMED E.E. (997564511),1159.38,,
ΨΑΟΝ4690ΒΧ-6Υ1,2026-04-29,ΕΝΤΑΛΜΑ ΠΛΗΡΩΜΗΣ ΚΡΥΣΤΑΛ ΚΛΗΝ ΥΠΗΡΕΣΙΕΣ ΚΑΘΑΡΙΣΜΟΥ Ε.Ε. (801655890),801655890,ΚΡΥΣΤΑΛ ΚΛΗΝ ΥΠΗΡΕΣΙΕΣ ΚΑΘΑΡΙΣΜΟΥ Ε.Ε. (801655890),1240.0,,
946Μ4690ΒΧ-ΡΟΒ,2026-04-29,ΕΝΤΑΛΜΑ ΠΛΗΡΩΜΗΣ ΔΗΜΟΥΛΙΑΣ Ι.ΧΡΗΣΤΟΣ (076509828),076509828,ΔΗΜΟΥΛΙΑΣ Ι.ΧΡΗΣΤΟΣ (076509828),558.0,,
637Γ4690ΒΧ-2ΣΤ,2026-04-30,ΕΝΤΑΛΜΑ ΠΛΗΡΩΜΗΣ ΑΙΚΑΤΕΡΙΝΗ Γ.ΦΩΤΙΑΔΟΥ (046619453),046619453,ΑΙΚΑΤΕΡΙΝΗ Γ.ΦΩΤΙΑΔΟΥ (046619453),119.78,,
6ΣΧΡ4690ΒΧ-ΗΥΒ,2026-04-29,ΕΝΤΑΛΜΑ ΠΛΗΡΩΜΗΣ SMART TECHNICAL SOLUTIONS M.IKE (800743866),800743866,SMART TECHNICAL SOLUTIONS M.IKE (800743866),585.9,,
ΨΡΚΙ4690ΒΧ-Ι4Φ,2026-04-29,ΕΝΤΑΛΜΑ ΠΛΗΡΩΜΗΣ SMART TECHNICAL SOLUTIONS M.IKE (800743866),800743866,SMART TECHNICAL SOLUTIONS M.IKE (800743866),1116.0,,
96ΣΟ4690ΒΧ-4ΚΡ,2026-04-16,ΕΝΤΑΛΜΑ ΠΛΗΡΩΜΗΣ ΦΟΙΝΙΞ ΑΝΑΛΥΤΙΚΕΣ ΣΥΣΚΕΥΕΣ - Χ.ΜΠΑΡΜΠΑΣ   ΣΙΑ Ε.Ε. (800344879),800344879,ΦΟΙΝΙΞ ΑΝΑΛΥΤΙΚΕΣ ΣΥΣΚΕΥΕΣ - Χ.ΜΠΑΡΜΠΑΣ   ΣΙΑ Ε.Ε. (800344879),1077.56,,
ΡΞΩΜ4690ΒΧ-ΤΨ8,2026-04-16,ΕΝΤΑΛΜΑ ΠΛΗΡΩΜΗΣ ΠΑΝΤΕΛΑΚΗ ΕΛΠΙΔΑ SMED (047855029),047855029,ΠΑΝΤΕΛΑΚΗ ΕΛΠΙΔΑ SMED (047855029),154.59,,
ΨΡΔΖ4690ΒΧ-ΞΨΗ,2026-04-16,ΕΝΤΑΛΜΑ ΠΛΗΡΩΜΗΣ ΠΑΝΤΕΛΑΚΗ ΕΛΠΙΔΑ SMED (047855029),047855029,ΠΑΝΤΕΛΑΚΗ ΕΛΠΙΔΑ SMED (047855029),237.84,,
Ρ2Μ14690ΒΧ-5Μ0,2026-04-16,ΕΝΤΑΛΜΑ ΠΛΗΡΩΜΗΣ Π.ΚΑΛΑΘΙΑΝΑΚΗΣ ΕΠΕ - ΙΑΤΡΟΚΑΛ (099999477),099999477,Π.ΚΑΛΑΘΙΑΝΑΚΗΣ ΕΠΕ - ΙΑΤΡΟΚΑΛ (099999477),132.68,,
ΡΜΣ44690ΒΧ-25Λ,2026-04-16,ΕΝΤΑΛΜΑ ΠΛΗΡΩΜΗΣ PRIME BIOSCIENSES IKE (801230512),801230512,PRIME BIOSCIENSES IKE (801230512),9540.0,,
9ΠΨΛ4690ΒΧ-Φ59,2026-04-16,ΕΝΤΑΛΜΑ ΠΛΗΡΩΜΗΣ Medical Dynamics A.E. (801725809),801725809,Medical Dynamics A.E. (801725809),3977.6,,
ΕΠΔ64690ΒΧ-118,2026-04-16,ΕΝΤΑΛΜΑ ΠΛΗΡΩΜΗΣ Medical Dynamics A.E. (801725809),801725809,Medical Dynamics A.E. (801725809),3977.6,,
ΨΤΕ54690ΒΧ-ΙΩ7,2026-04-16,ΕΝΤΑΛΜΑ ΠΛΗΡΩΜΗΣ Medical Dynamics A.E. (801725809),801725809,Medical Dynamics A.E. (801725809),3977.6,,
ΡΠ0Ε4690ΒΧ-ΜΥΦ,2026-04-16,ΕΝΤΑΛΜΑ ΠΛΗΡΩΜΗΣ Medical Dynamics A.E. (801725809),801725809,Medical Dynamics A.E. (801725809),3977.6,,
Ψ60Β4690ΒΧ-ΙΕΑ,2026-04-16,ΕΝΤΑΛΜΑ ΠΛΗΡΩΜΗΣ JTI DYNAMIC E.E (801354822),801354822,JTI DYNAMIC E.E (801354822),1237.83,,
Ψ3204690ΒΧ-Λ4Ε,2026-04-16,ΕΝΤΑΛΜΑ ΠΛΗΡΩΜΗΣ JTI DYNAMIC E.E (801354822),801354822,JTI DYNAMIC E.E (801354822),2970.8,,
92ΖΘ4690ΒΧ-ΝΞ7,2026-04-16,ΕΝΤΑΛΜΑ ΠΛΗΡΩΜΗΣ  EPIRUS GAS ΓΕΩΡΓΙΟΣ ΨΟΧΙΟΣ   ΥΙΟΣ Ο.Ε (997861308),997861308,EPIRUS GAS ΓΕΩΡΓΙΟΣ ΨΟΧΙΟΣ   ΥΙΟΣ Ο.Ε (997861308),1006.18,,
ΨΙΠΚ4690ΒΧ-ΗΔ3,2026-04-15,ΕΝΤΑΛΜΑ ΠΛΗΡΩΜΗΣ ΜΠΑΞΤΕΡ ΕΛΛΑΣ ΕΠΕ (095530045),095530045,ΜΠΑΞΤΕΡ ΕΛΛΑΣ ΕΠΕ (095530045),5162.28,,
ΡΗ124690ΒΧ-108,2026-04-15,ΕΝΤΑΛΜΑ ΠΛΗΡΩΜΗΣ ΜΠΑΞΤΕΡ ΕΛΛΑΣ ΕΠΕ (095530045),095530045,ΜΠΑΞΤΕΡ ΕΛΛΑΣ ΕΠΕ (095530045),4253.57,,
ΨΚΣΔ4690ΒΧ-Ε45,2026-04-15,ΕΝΤΑΛΜΑ ΠΛΗΡΩΜΗΣ ΜΠΑΞΤΕΡ ΕΛΛΑΣ ΕΠΕ (095530045),095530045,ΜΠΑΞΤΕΡ ΕΛΛΑΣ ΕΠΕ (095530045),2552.13,,
Ρ4ΧΣ4690ΒΧ-ΦΡΑ,2026-04-15,ΕΝΤΑΛΜΑ ΠΛΗΡΩΜΗΣ ΜΠΑΞΤΕΡ ΕΛΛΑΣ ΕΠΕ (095530045),095530045,ΜΠΑΞΤΕΡ ΕΛΛΑΣ ΕΠΕ (095530045),2552.13,,
Ρ9ΕΠ4690ΒΧ-ΨΝ8,2026-04-15,ΕΝΤΑΛΜΑ ΠΛΗΡΩΜΗΣ ΜΠΑΞΤΕΡ ΕΛΛΑΣ ΕΠΕ (095530045),095530045,ΜΠΑΞΤΕΡ ΕΛΛΑΣ ΕΠΕ (095530045),4253.55,,
92ΗΖ4690ΒΧ-2Χ4,2026-04-15,ΕΝΤΑΛΜΑ ΠΛΗΡΩΜΗΣ ΕΛΛΗΝΙΚ.ΙΝΣΤΙΤΟΥΤΟ ΠΑΣΤΕΡ (090030420),090030420,ΕΛΛΗΝΙΚ.ΙΝΣΤΙΤΟΥΤΟ ΠΑΣΤΕΡ (090030420),696.05,,
Ψ3Θ04690ΒΧ-5ΩΟ,2026-04-15,ΕΝΤΑΛΜΑ ΠΛΗΡΩΜΗΣ ΓΚΑΠ ΑΕ (094024009),094024009,ΓΚΑΠ ΑΕ (094024009),541.96,,
9ΘΖΜ4690ΒΧ-1ΕΔ,2026-04-15,ΕΝΤΑΛΜΑ ΠΛΗΡΩΜΗΣ ΒΙΟΣΕΡ ΑΕ (094035927),094035927,ΒΙΟΣΕΡ ΑΕ (094035927),3531.96,,
ΡΙΝΦ4690ΒΧ-Δ15,2026-04-15,ΕΝΤΑΛΜΑ ΠΛΗΡΩΜΗΣ ΒΙΟΣΕΡ ΑΕ (094035927),094035927,ΒΙΟΣΕΡ ΑΕ (094035927),3243.44,,
6ΜΚΞ4690ΒΧ-5ΓΕ,2026-04-15,ΕΝΤΑΛΜΑ ΠΛΗΡΩΜΗΣ ΒΙΟΣΕΡ ΑΕ (094035927),094035927,ΒΙΟΣΕΡ ΑΕ (094035927),4885.95,,
ΡΡΕ14690ΒΧ-ΒΗ0,2026-04-15,ΕΝΤΑΛΜΑ ΠΛΗΡΩΜΗΣ ΒΙΟΣΕΡ ΑΕ (094035927),094035927,ΒΙΟΣΕΡ ΑΕ (094035927),644.48,,
9Ε5Η4690ΒΧ-ΩΑΒ,2026-04-15,ΕΝΤΑΛΜΑ ΠΛΗΡΩΜΗΣ ΒΙΟΣΕΡ ΑΕ (094035927),094035927,ΒΙΟΣΕΡ ΑΕ (094035927),4069.79,,
9Ζ0Ν4690ΒΧ-ΦΝΠ,2026-04-15,ΕΝΤΑΛΜΑ ΠΛΗΡΩΜΗΣ ΒΙΟΣΕΡ ΑΕ (094035927),094035927,ΒΙΟΣΕΡ ΑΕ (094035927),2903.33,,
ΨΚΧΑ4690ΒΧ-Α21,2026-04-15,ΕΝΤΑΛΜΑ ΠΛΗΡΩΜΗΣ ΒΙΟΣΕΡ ΑΕ (094035927),094035927,ΒΙΟΣΕΡ ΑΕ (094035927),3560.75,,
ΡΖ0Ξ4690ΒΧ-Τ9Φ,2026-04-15,ΕΝΤΑΛΜΑ ΠΛΗΡΩΜΗΣ ΒΙΟΣΕΡ ΑΕ (094035927),094035927,ΒΙΟΣΕΡ ΑΕ (094035927),4535.13,,
9Π864690ΒΧ-Α09,2026-04-15,ΕΝΤΑΛΜΑ ΠΛΗΡΩΜΗΣ ΒΙΟΣΕΡ ΑΕ (094035927),094035927,ΒΙΟΣΕΡ ΑΕ (094035927),3392.58,,
62ΧΜ4690ΒΧ-ΩΦΒ,2026-04-16,ΕΝΤΑΛΜΑ ΠΛΗΡΩΜΗΣ Y-LOGIMED  Μ.Α.Ε (094446034),094446034,Y-LOGIMED  Μ.Α.Ε (094446034),1574.07,,
9ΥΕΓ4690ΒΧ-Κ2Β,2026-04-16,ΕΝΤΑΛΜΑ ΠΛΗΡΩΜΗΣ Y-LOGIMED  Μ.Α.Ε (094446034),094446034,Y-LOGIMED  Μ.Α.Ε (094446034),27.12,,
6Α834690ΒΧ-44Κ,2026-04-15,ΕΝΤΑΛΜΑ ΠΛΗΡΩΜΗΣ VIATRIS HELLAS ΕΠΕ (801071705),801071705,VIATRIS HELLAS ΕΠΕ (801071705),12.11,,
9Π794690ΒΧ-ΚΝΞ,2026-04-15,ΕΝΤΑΛΜΑ ΠΛΗΡΩΜΗΣ SPECIALTY THERAPEUTICS IKE (800466510),800466510,SPECIALTY THERAPEUTICS IKE (800466510),99.7,,
Ψ33Η4690ΒΧ-ΦΩΓ,2026-04-16,ΕΝΤΑΛΜΑ ΠΛΗΡΩΜΗΣ PROGNOSIS BIOTECH Α.Ε. (997845150),997845150,PROGNOSIS BIOTECH Α.Ε. (997845150),241.04,,
Ρ2ΛΟ4690ΒΧ-3ΛΣ,2026-04-16,ΕΝΤΑΛΜΑ ΠΛΗΡΩΜΗΣ PROGNOSIS BIOTECH Α.Ε. (997845150),997845150,PROGNOSIS BIOTECH Α.Ε. (997845150),3076.8,,
ΡΨΕΜ4690ΒΧ-ΖΟΖ,2026-04-16,ΕΝΤΑΛΜΑ ΠΛΗΡΩΜΗΣ LS.MED M. Ε.Π.Ε (800862068),800862068,LS.MED M. Ε.Π.Ε (800862068),1128.64,,
9ΧΦΑ4690ΒΧ-ΝΓΣ,2026-04-16,ΕΝΤΑΛΜΑ ΠΛΗΡΩΜΗΣ LS.MED M. Ε.Π.Ε (800862068),800862068,LS.MED M. Ε.Π.Ε (800862068),153.68,,
9Α4Δ4690ΒΧ-9ΛΧ,2026-04-15,ΕΝΤΑΛΜΑ ΠΛΗΡΩΜΗΣ INTERMED. S.A (094420381),094420381,INTERMED. S.A (094420381),173.66,,
Ψ30Χ4690ΒΧ-ΨΕ8,2026-04-15,ΕΝΤΑΛΜΑ ΠΛΗΡΩΜΗΣ DEMO A.Β.Ε.E. (094041553),094041553,DEMO A.Β.Ε.E. (094041553),2669.51,,
6ΧΜΑ4690ΒΧ-90Σ,2026-04-29,ΕΝΤΑΛΜΑ ΠΛΗΡΩΜΗΣ ΔΗΜ.ΕΠΙΧ/ΣΗ ΗΛΕΚΤΡΙΣΜΟΥ ΑΕ (090000045),090000045,ΔΗΜ.ΕΠΙΧ/ΣΗ ΗΛΕΚΤΡΙΣΜΟΥ ΑΕ (090000045),68893.0,,
9Θ4Ο4690ΒΧ-Ι35,2026-03-16,ΕΝΤΑΛΜΑ ΠΛΗΡΩΜΗΣ ΔΗΜ.ΕΠΙΧ/ΣΗ ΗΛΕΚΤΡΙΣΜΟΥ ΑΕ (090000045),090000045,ΔΗΜ.ΕΠΙΧ/ΣΗ ΗΛΕΚΤΡΙΣΜΟΥ ΑΕ (090000045),39307.96,,
Ρ2ΡΘ4690ΒΧ-73Β,2026-04-29,ΕΝΤΑΛΜΑ ΠΛΗΡΩΜΗΣ ΠΗΝΕΛΟΠΗ Δ.ΚΥΡΚΟΥ (066483339),066483339,ΠΗΝΕΛΟΠΗ Δ.ΚΥΡΚΟΥ (066483339),558.0,,
Ψ1ΟΞ4690ΒΧ-16Σ,2026-04-29,ΕΝΤΑΛΜΑ ΠΛΗΡΩΜΗΣ Λεωνίδας Ψωμόπουλος   ΣΙΑ Ε.Ε. (998810619),998810619,Λεωνίδας Ψωμόπουλος   ΣΙΑ Ε.Ε. (998810619),18.62,,
90ΔΕ4690ΒΧ-0Σ3,2026-04-29,ΕΝΤΑΛΜΑ ΠΛΗΡΩΜΗΣ ΚΑΡΒΕΛΗ Β. ΚΑΤΕΡΙΝΑ (078484849),078484849,ΚΑΡΒΕΛΗ Β. ΚΑΤΕΡΙΝΑ (078484849),3720.0,,
ΨΒ5Γ4690ΒΧ-ΙΗΦ,2026-04-29,ΕΝΤΑΛΜΑ ΠΛΗΡΩΜΗΣ ΖΑΒΙΤΣΑΝΟΣ ΙΩΑΝΝΗΣ ΑΠΟΣΤ. (010138137),010138137,ΖΑΒΙΤΣΑΝΟΣ ΙΩΑΝΝΗΣ ΑΠΟΣΤ. (010138137),3600.0,,
9ΗΚΧ4690ΒΧ-ΡΓΔ,2026-04-29,ΕΝΤΑΛΜΑ ΠΛΗΡΩΜΗΣ ΕΠΕΞ-ΕΤΑΙΡΕΙΑ ΕΞΥΠΗΡΕΤΗΣΗΣ ΠΟΛΥΚΑΤΟΙΚΙΩΝ (068685800),068685800,ΕΠΕΞ-ΕΤΑΙΡΕΙΑ ΕΞΥΠΗΡΕΤΗΣΗΣ ΠΟΛΥΚΑΤΟΙΚΙΩΝ (068685800),29.56,,
Ψ6ΖΓ4690ΒΧ-ΧΦ7,2026-04-29,ΕΝΤΑΛΜΑ ΠΛΗΡΩΜΗΣ ΑΧΟΡΤΑΓΟΣ express -ΦΙΛΙΠΠΑΣ Δ. ΜΙΧΑΗΛ (301392557),301392557,ΑΧΟΡΤΑΓΟΣ express -ΦΙΛΙΠΠΑΣ Δ. ΜΙΧΑΗΛ (301392557),150.0,,
Ψ7ΝΠ4690ΒΧ-ΖΤ8,2026-04-29,ΕΝΤΑΛΜΑ ΠΛΗΡΩΜΗΣ ΔΗΜ.ΕΠΙΧ/ΣΗ ΗΛΕΚΤΡΙΣΜΟΥ ΑΕ (090000045),090000045,ΔΗΜ.ΕΠΙΧ/ΣΗ ΗΛΕΚΤΡΙΣΜΟΥ ΑΕ (090000045),2257.0,,
912Ψ4690ΒΧ-2ΥΤ,2026-04-29,ΕΝΤΑΛΜΑ ΠΛΗΡΩΜΗΣ ΔΗΜ.ΕΠΙΧ/ΣΗ ΗΛΕΚΤΡΙΣΜΟΥ ΑΕ (090000045),090000045,ΔΗΜ.ΕΠΙΧ/ΣΗ ΗΛΕΚΤΡΙΣΜΟΥ ΑΕ (090000045),1374.08,,
Ψ4Η44690ΒΧ-ΥΟ1,2026-04-29,ΕΝΤΑΛΜΑ ΠΛΗΡΩΜΗΣ ΔΗΜ.ΕΠΙΧ/ΣΗ ΗΛΕΚΤΡΙΣΜΟΥ ΑΕ (090000045),090000045,ΔΗΜ.ΕΠΙΧ/ΣΗ ΗΛΕΚΤΡΙΣΜΟΥ ΑΕ (090000045),38.67,,
ΨΨΕΑ4690ΒΧ-01Δ,2026-04-29,ΕΝΤΑΛΜΑ ΠΛΗΡΩΜΗΣ ΟΡΓ/ΣΜΟΣ ΤΗΛΕΠ/ΝΙΩΝ ΕΛΛΑΔΟΣ ΑΕ (094019245),094019245,ΟΡΓ/ΣΜΟΣ ΤΗΛΕΠ/ΝΙΩΝ ΕΛΛΑΔΟΣ ΑΕ (094019245),219.6,,
ΡΗ3Ρ4690ΒΧ-ΨΓΤ,2026-04-29,ΕΝΤΑΛΜΑ ΠΛΗΡΩΜΗΣ ΟΡΓ/ΣΜΟΣ ΤΗΛΕΠ/ΝΙΩΝ ΕΛΛΑΔΟΣ ΑΕ (094019245),094019245,ΟΡΓ/ΣΜΟΣ ΤΗΛΕΠ/ΝΙΩΝ ΕΛΛΑΔΟΣ ΑΕ (094019245),316.12,,
ΨΠΦ84690ΒΧ-1ΓΕ,2026-04-29,ΕΝΤΑΛΜΑ ΠΛΗΡΩΜΗΣ ΟΡΓ/ΣΜΟΣ ΤΗΛΕΠ/ΝΙΩΝ ΕΛΛΑΔΟΣ ΑΕ (094019245),094019245,ΟΡΓ/ΣΜΟΣ ΤΗΛΕΠ/ΝΙΩΝ ΕΛΛΑΔΟΣ ΑΕ (094019245),1429.8,,
ΨΒ394690ΒΧ-5Θ4,2026-04-29,ΕΝΤΑΛΜΑ ΠΛΗΡΩΜΗΣ ΟΡΓ/ΣΜΟΣ ΤΗΛΕΠ/ΝΙΩΝ ΕΛΛΑΔΟΣ ΑΕ (094019245),094019245,ΟΡΓ/ΣΜΟΣ ΤΗΛΕΠ/ΝΙΩΝ ΕΛΛΑΔΟΣ ΑΕ (094019245),243.58,,
ΨΓΓΤ4690ΒΧ-ΤΞ1,2026-04-29,ΕΝΤΑΛΜΑ ΠΛΗΡΩΜΗΣ ΟΡΓ/ΣΜΟΣ ΤΗΛΕΠ/ΝΙΩΝ ΕΛΛΑΔΟΣ ΑΕ (094019245),094019245,ΟΡΓ/ΣΜΟΣ ΤΗΛΕΠ/ΝΙΩΝ ΕΛΛΑΔΟΣ ΑΕ (094019245),39.96,,
ΡΛΟΓ4690ΒΧ-Γ7Η,2026-04-29,ΕΝΤΑΛΜΑ ΠΛΗΡΩΜΗΣ ΞΑΓΟΡΑΡΗΣ ΠΑΝΑΓΙΩΤΗΣ (053311461),053311461,ΞΑΓΟΡΑΡΗΣ ΠΑΝΑΓΙΩΤΗΣ (053311461),881.64,,
9ΓΜΕ4690ΒΧ-ΗΦΓ,2026-04-29,ΕΝΤΑΛΜΑ ΠΛΗΡΩΜΗΣ ΔΙΣΝΙΤΣΑΣ ΛΕΩΝΙΔΑΣ (029818051),029818051,ΔΙΣΝΙΤΣΑΣ ΛΕΩΝΙΔΑΣ (029818051),7260.64,,
ΡΡ6Χ4690ΒΧ-ΛΙΩ,2026-04-29,ΕΝΤΑΛΜΑ ΠΛΗΡΩΜΗΣ CLEAN WASH EXPRESS ΜΟΝΟΠΡΟΣΩΠΗ Ι.Κ.Ε. (802560756),802560756,CLEAN WASH EXPRESS ΜΟΝΟΠΡΟΣΩΠΗ Ι.Κ.Ε. (802560756),10258.14,,
ΕΟΡΕ4690ΒΧ-0ΧΡ,2026-03-16,ΕΝΤΑΛΜΑ ΠΛΗΡΩΜΗΣ ΙΑΤΡΟΙ ΔΙΑΚΟΜΙΔΩΝ (045556789),045556789,ΙΑΤΡΟΙ ΔΙΑΚΟΜΙΔΩΝ (045556789),350.0,,
ΡΑΕ44690ΒΧ-Λ34,2026-03-16,ΕΝΤΑΛΜΑ ΠΛΗΡΩΜΗΣ ΙΑΤΡΟΙ ΔΙΑΚΟΜΙΔΩΝ (045556789),045556789,ΙΑΤΡΟΙ ΔΙΑΚΟΜΙΔΩΝ (045556789),700.0,,
Ψ6ΕΕ4690ΒΧ-ΕΗΔ,2026-04-03,ΕΝΤΑΛΜΑ ΠΛΗΡΩΜΗΣ a V.I.PHARMA INTERNATIONAL Α.Ε (999076399),999076399,a V.I.PHARMA INTERNATIONAL Α.Ε (999076399),181.87,,
Ρ3ΕΓ4690ΒΧ-ΟΦ4,2026-03-31,ΕΝΤΑΛΜΑ ΠΛΗΡΩΜΗΣ ΚΟΠΕΡ ΑΕ (094007897),094007897,ΚΟΠΕΡ ΑΕ (094007897),2963.6,,
6Χ7Φ4690ΒΧ-ΖΙ1,2026-04-03,ΕΝΤΑΛΜΑ ΠΛΗΡΩΜΗΣ MEDICUS A.E. (094359610),094359610,MEDICUS A.E. (094359610),72.27,,
Ρ50Χ4690ΒΧ-5ΗΤ,2026-04-03,ΕΝΤΑΛΜΑ ΠΛΗΡΩΜΗΣ ΒΟΚΑΤΕ ΦΑΡΜΑΚΕΥΤΙΚΗ ΑΝΩΝ ΕΤΑΙΡ (095114191),095114191,ΒΟΚΑΤΕ ΦΑΡΜΑΚΕΥΤΙΚΗ ΑΝΩΝ ΕΤΑΙΡ (095114191),168.54,,
9Κ564690ΒΧ-ΕΩΙ,2026-04-03,ΕΝΤΑΛΜΑ ΠΛΗΡΩΜΗΣ ΒΟΚΑΤΕ ΦΑΡΜΑΚΕΥΤΙΚΗ ΑΝΩΝ ΕΤΑΙΡ (095114191),095114191,ΒΟΚΑΤΕ ΦΑΡΜΑΚΕΥΤΙΚΗ ΑΝΩΝ ΕΤΑΙΡ (095114191),2219.86,,
ΡΝΡΦ4690ΒΧ-Φ4Ν,2026-04-01,ΕΝΤΑΛΜΑ ΠΛΗΡΩΜΗΣ BAYER ΕΛΛΑΣ ΑΒΕΕ (094056437),094056437,BAYER ΕΛΛΑΣ ΑΒΕΕ (094056437),43.65,,
9ΖΤΚ4690ΒΧ-ΨΩΗ,2026-03-31,ΕΝΤΑΛΜΑ ΠΛΗΡΩΜΗΣ NOVARTIS (HELLAS) AEBE (094021290),094021290,NOVARTIS (HELLAS) AEBE (094021290),16.31,,
6Σ4Ν4690ΒΧ-ΟΥ4,2026-03-31,ΕΝΤΑΛΜΑ ΠΛΗΡΩΜΗΣ ΚΟΠΕΡ ΑΕ (094007897),094007897,ΚΟΠΕΡ ΑΕ (094007897),1657.98,,
9ΦΙΣ4690ΒΧ-99Ν,2026-04-15,ΕΝΤΑΛΜΑ ΠΛΗΡΩΜΗΣ VIATRIS HELLAS ΕΠΕ (801071705),801071705,VIATRIS HELLAS ΕΠΕ (801071705),622.57,,
9Ε5Φ4690ΒΧ-1ΑΙ,2026-03-31,ΕΝΤΑΛΜΑ ΠΛΗΡΩΜΗΣ LUNDBECK HELLAS S.A. (094434000),094434000,LUNDBECK HELLAS S.A. (094434000),13.5,,
ΨΗΠ74690ΒΧ-ΜΞΗ,2026-03-31,ΕΝΤΑΛΜΑ ΠΛΗΡΩΜΗΣ GLAXOSMITHKLINE ΜΟΝΟΠΡΟΣΩΠΗ  AEBE (094071809),094071809,GLAXOSMITHKLINE ΜΟΝΟΠΡΟΣΩΠΗ  AEBE (094071809),27.63,,
ΡΞΨΛ4690ΒΧ-ΓΦΛ,2026-03-24,ΕΝΤΑΛΜΑ ΠΛΗΡΩΜΗΣ G a l e n i c a  α.ε (094063416),094063416,G a l e n i c a  α.ε (094063416),129.99,,
6ΜΥ84690ΒΧ-ΙΗ8,2026-03-24,ΕΝΤΑΛΜΑ ΠΛΗΡΩΜΗΣ ELPEN  Α.Ε  ΦΑΡΜ/ΚΗ ΒΙΟΜ/ΝΙΑ (094025043),094025043,ELPEN  Α.Ε  ΦΑΡΜ/ΚΗ ΒΙΟΜ/ΝΙΑ (094025043),93.78,,
ΨΞΑ44690ΒΧ-ΤΩΔ,2026-04-15,ΕΝΤΑΛΜΑ ΠΛΗΡΩΜΗΣ DEMO A.Β.Ε.E. (094041553),094041553,DEMO A.Β.Ε.E. (094041553),1715.86,,
9Ω144690ΒΧ-5ΞΜ,2026-04-06,ΕΝΤΑΛΜΑ ΠΛΗΡΩΜΗΣ ΚΑΤΩΠΟΔΗΣ Μ.-ΚΑΒΒΑΔΑ Ε.Ε.Π.Ε. (997917019),997917019,ΚΑΤΩΠΟΔΗΣ Μ.-ΚΑΒΒΑΔΑ Ε.Ε.Π.Ε. (997917019),3791.47,,
9ΤΨΞ4690ΒΧ-Ζ43,2026-04-06,ΕΝΤΑΛΜΑ ΠΛΗΡΩΜΗΣ ΚΑΤΩΠΟΔΗΣ Μ.-ΚΑΒΒΑΔΑ Ε.Ε.Π.Ε. (997917019),997917019,ΚΑΤΩΠΟΔΗΣ Μ.-ΚΑΒΒΑΔΑ Ε.Ε.Π.Ε. (997917019),2070.41,,
ΨΚΠΞ4690ΒΧ-Ρ54,2026-04-06,ΕΝΤΑΛΜΑ ΠΛΗΡΩΜΗΣ ΚΑΤΩΠΟΔΗΣ Μ.-ΚΑΒΒΑΔΑ Ε.Ε.Π.Ε. (997917019),997917019,ΚΑΤΩΠΟΔΗΣ Μ.-ΚΑΒΒΑΔΑ Ε.Ε.Π.Ε. (997917019),172.11,,
ΡΤ9Ν4690ΒΧ-ΨΚΟ,2026-04-07,ΕΝΤΑΛΜΑ ΠΛΗΡΩΜΗΣ VAKTRO SCIENTIFIC ΣΤΑΥΡΟΣ ΑΓΓΕΛΟΠΟΥΛΟΣ   ΣΙΑ Ο.Ε (084221869),084221869,VAKTRO SCIENTIFIC ΣΤΑΥΡΟΣ ΑΓΓΕΛΟΠΟΥΛΟΣ   ΣΙΑ Ο.Ε (084221869),46.5,,
65ΚΘ4690ΒΧ-ΥΓΗ,2026-04-07,ΕΝΤΑΛΜΑ ΠΛΗΡΩΜΗΣ VAKTRO SCIENTIFIC ΣΤΑΥΡΟΣ ΑΓΓΕΛΟΠΟΥΛΟΣ   ΣΙΑ Ο.Ε (084221869),084221869,VAKTRO SCIENTIFIC ΣΤΑΥΡΟΣ ΑΓΓΕΛΟΠΟΥΛΟΣ   ΣΙΑ Ο.Ε (084221869),4352.0,,
Ψ7ΔΙ4690ΒΧ-Ε7Ε,2026-04-07,ΕΝΤΑΛΜΑ ΠΛΗΡΩΜΗΣ VAKTRO SCIENTIFIC ΣΤΑΥΡΟΣ ΑΓΓΕΛΟΠΟΥΛΟΣ   ΣΙΑ Ο.Ε (084221869),084221869,VAKTRO SCIENTIFIC ΣΤΑΥΡΟΣ ΑΓΓΕΛΟΠΟΥΛΟΣ   ΣΙΑ Ο.Ε (084221869),4960.0,,
ΨΞΟΠ4690ΒΧ-ΜΦΚ,2026-04-07,ΕΝΤΑΛΜΑ ΠΛΗΡΩΜΗΣ VAKTRO SCIENTIFIC ΣΤΑΥΡΟΣ ΑΓΓΕΛΟΠΟΥΛΟΣ   ΣΙΑ Ο.Ε (084221869),084221869,VAKTRO SCIENTIFIC ΣΤΑΥΡΟΣ ΑΓΓΕΛΟΠΟΥΛΟΣ   ΣΙΑ Ο.Ε (084221869),7503.4,,
9ΥΠΜ4690ΒΧ-Τ5Σ,2026-04-07,ΕΝΤΑΛΜΑ ΠΛΗΡΩΜΗΣ VAKTRO SCIENTIFIC ΣΤΑΥΡΟΣ ΑΓΓΕΛΟΠΟΥΛΟΣ   ΣΙΑ Ο.Ε (084221869),084221869,VAKTRO SCIENTIFIC ΣΤΑΥΡΟΣ ΑΓΓΕΛΟΠΟΥΛΟΣ   ΣΙΑ Ο.Ε (084221869),1626.4,,
Ρ36Ο4690ΒΧ-16Φ,2026-04-07,ΕΝΤΑΛΜΑ ΠΛΗΡΩΜΗΣ V   L VIOLAK INTERNATIONAL A.E (099370337),099370337,V   L VIOLAK INTERNATIONAL A.E (099370337),1602.86,,
9Τ714690ΒΧ-7ΚΚ,2026-04-07,ΕΝΤΑΛΜΑ ΠΛΗΡΩΜΗΣ V   L VIOLAK INTERNATIONAL A.E (099370337),099370337,V   L VIOLAK INTERNATIONAL A.E (099370337),48.19,,
ΡΘΟΨ4690ΒΧ-21Ω,2026-04-07,ΕΝΤΑΛΜΑ ΠΛΗΡΩΜΗΣ V   L VIOLAK INTERNATIONAL A.E (099370337),099370337,V   L VIOLAK INTERNATIONAL A.E (099370337),173.62,,
9ΗΓ64690ΒΧ-ΖΤΤ,2026-04-07,ΕΝΤΑΛΜΑ ΠΛΗΡΩΜΗΣ V   L VIOLAK INTERNATIONAL A.E (099370337),099370337,V   L VIOLAK INTERNATIONAL A.E (099370337),1658.5,,
6Τ2Κ4690ΒΧ-8ΨΑ,2026-04-07,ΕΝΤΑΛΜΑ ΠΛΗΡΩΜΗΣ V   L VIOLAK INTERNATIONAL A.E (099370337),099370337,V   L VIOLAK INTERNATIONAL A.E (099370337),967.84,,
91ΔΨ4690ΒΧ-Δ9Η,2026-04-07,ΕΝΤΑΛΜΑ ΠΛΗΡΩΜΗΣ V   L VIOLAK INTERNATIONAL A.E (099370337),099370337,V   L VIOLAK INTERNATIONAL A.E (099370337),3947.09,,
91ΑΖ4690ΒΧ-1ΑΞ,2026-04-07,ΕΝΤΑΛΜΑ ΠΛΗΡΩΜΗΣ V   L VIOLAK INTERNATIONAL A.E (099370337),099370337,V   L VIOLAK INTERNATIONAL A.E (099370337),90.15,,
98ΒΖ4690ΒΧ-ΘΓΛ,2026-04-07,ΕΝΤΑΛΜΑ ΠΛΗΡΩΜΗΣ V   L VIOLAK INTERNATIONAL A.E (099370337),099370337,V   L VIOLAK INTERNATIONAL A.E (099370337),1478.65,,
ΡΥΝΟ4690ΒΧ-Δ6Χ,2026-04-08,ΕΝΤΑΛΜΑ ΠΛΗΡΩΜΗΣ ΒΙΟΠΡΟΜΗΘΕΥΤΙΚΗ ΜΟΝ/ΠΗ ΕΠΕ (099007886),099007886,ΒΙΟΠΡΟΜΗΘΕΥΤΙΚΗ ΜΟΝ/ΠΗ ΕΠΕ (099007886),702.71,,
6Ζ724690ΒΧ-Υ1Ζ,2026-04-02,ΕΝΤΑΛΜΑ ΠΛΗΡΩΜΗΣ ΒΑΣΙΛΕΙΟΣ ΠΑΠΑΧΡΗΣΤΟΣ (128457130),128457130,ΒΑΣΙΛΕΙΟΣ ΠΑΠΑΧΡΗΣΤΟΣ (128457130),5332.0,,
ΡΓΛΓ4690ΒΧ-ΝΒΠ,2026-04-08,ΕΝΤΑΛΜΑ ΠΛΗΡΩΜΗΣ YΓΕΙΟΔΥΝΑΜΙΚΗ Α.Ε (997672386),997672386,YΓΕΙΟΔΥΝΑΜΙΚΗ Α.Ε (997672386),418.13,,
ΨΞΨ24690ΒΧ-Α67,2026-04-08,ΕΝΤΑΛΜΑ ΠΛΗΡΩΜΗΣ YΓΕΙΟΔΥΝΑΜΙΚΗ Α.Ε (997672386),997672386,YΓΕΙΟΔΥΝΑΜΙΚΗ Α.Ε (997672386),7837.42,,
Ψ72Σ4690ΒΧ-38Ω,2026-04-08,ΕΝΤΑΛΜΑ ΠΛΗΡΩΜΗΣ SCITEC ΙΑΤΡΙΚΑ ΣΥΣΤΗΜΑΤΑ Ε.Ε (094457478),094457478,SCITEC ΙΑΤΡΙΚΑ ΣΥΣΤΗΜΑΤΑ Ε.Ε (094457478),1054.74,,
6Σ004690ΒΧ-9ΝΠ,2026-04-08,ΕΝΤΑΛΜΑ ΠΛΗΡΩΜΗΣ MEDI SUP AE (094447320),094447320,MEDI SUP AE (094447320),2350.4,,
ΨΦ2Γ4690ΒΧ-7ΒΨ,2026-04-08,ΕΝΤΑΛΜΑ ΠΛΗΡΩΜΗΣ MEDI SUP AE (094447320),094447320,MEDI SUP AE (094447320),841.8,,
97ΥΨ4690ΒΧ-9ΣΕ,2026-04-08,ΕΝΤΑΛΜΑ ΠΛΗΡΩΜΗΣ MEDI SUP AE (094447320),094447320,MEDI SUP AE (094447320),773.76,,
6Α9Ξ4690ΒΧ-ΜΒΞ,2026-04-08,ΕΝΤΑΛΜΑ ΠΛΗΡΩΜΗΣ MEDI SUP AE (094447320),094447320,MEDI SUP AE (094447320),2882.6,,
6Τ614690ΒΧ-ΕΦΕ,2026-04-08,ΕΝΤΑΛΜΑ ΠΛΗΡΩΜΗΣ LERIVA Α.Ε. (997985840),997985840,LERIVA Α.Ε. (997985840),3305.34,,
949Φ4690ΒΧ-ΥΡΗ,2026-04-08,ΕΝΤΑΛΜΑ ΠΛΗΡΩΜΗΣ INSIDE ΙΑΤΡΙΚΕΣ ΤΕΧΝΟΛΟΓΙΕΣ ΜΟΝΟΠΡΟΣΩΠΗ Ι.Κ.Ε. (800777790),800777790,INSIDE ΙΑΤΡΙΚΕΣ ΤΕΧΝΟΛΟΓΙΕΣ ΜΟΝΟΠΡΟΣΩΠΗ Ι.Κ.Ε. (800777790),233.61,,
ΡΩ3Ψ4690ΒΧ-8ΔΩ,2026-04-08,ΕΝΤΑΛΜΑ ΠΛΗΡΩΜΗΣ INSIDE ΙΑΤΡΙΚΕΣ ΤΕΧΝΟΛΟΓΙΕΣ ΜΟΝΟΠΡΟΣΩΠΗ Ι.Κ.Ε. (800777790),800777790,INSIDE ΙΑΤΡΙΚΕΣ ΤΕΧΝΟΛΟΓΙΕΣ ΜΟΝΟΠΡΟΣΩΠΗ Ι.Κ.Ε. (800777790),2771.96,,
ΡΡΓΒ4690ΒΧ-ΞΞΠ,2026-04-06,ΕΝΤΑΛΜΑ ΠΛΗΡΩΜΗΣ Σ.ΣΟΛΔΑΤΟΣ Ε.Π.Ε. (095451970),095451970,Σ.ΣΟΛΔΑΤΟΣ Ε.Π.Ε. (095451970),427.8,,
9ΛΩΟ4690ΒΧ-0Τ3,2026-04-06,ΕΝΤΑΛΜΑ ΠΛΗΡΩΜΗΣ ΛΑΖΑΡΗΣ ΠΑΝΟΣ (301372510),301372510,ΛΑΖΑΡΗΣ ΠΑΝΟΣ (301372510),155.0,,
9Ω834690ΒΧ-2ΛΦ,2026-04-06,ΕΝΤΑΛΜΑ ΠΛΗΡΩΜΗΣ ΚΑΛΟΓΙΑΝΝΗΣ ΕΥΣΤΡΑΤΙΟΣ ΒΙΟΤΕΧΝΙΑ ΕΠΙΠΛΩΝ-ΤΑΠΕΤΣΑΡΙΕΣ ΕΠΙΠΛΩΝ   ΣΚΑΦΩΝ (104376490),104376490,ΚΑΛΟΓΙΑΝΝΗΣ ΕΥΣΤΡΑΤΙΟΣ ΒΙΟΤΕΧΝΙΑ ΕΠΙΠΛΩΝ-ΤΑΠΕΤΣΑΡΙΕΣ ΕΠΙΠΛΩΝ   ΣΚΑΦΩΝ (104376490),1426.0,,
ΨΝ064690ΒΧ-Θ6Φ,2026-04-06,ΕΝΤΑΛΜΑ ΠΛΗΡΩΜΗΣ ΘΩΜΑΣ ΚΡΗΤΙΚΟΣ (044166913),044166913,ΘΩΜΑΣ ΚΡΗΤΙΚΟΣ (044166913),223.59,,
972Β4690ΒΧ-0Δ3,2026-04-06,ΕΝΤΑΛΜΑ ΠΛΗΡΩΜΗΣ ΕΞΟΠΛΙΣΤΙΚΗ ΛΕΥΚΑΔΑΣ (801720654),801720654,ΕΞΟΠΛΙΣΤΙΚΗ ΛΕΥΚΑΔΑΣ (801720654),503.39,,
95ΤΞ4690ΒΧ-ΒΨΧ,2026-04-06,ΕΝΤΑΛΜΑ ΠΛΗΡΩΜΗΣ ΔΟΥΚΑΣ ΝΙΚΟΛΑΟΣ (049685100),049685100,ΔΟΥΚΑΣ ΝΙΚΟΛΑΟΣ (049685100),175.0,,
6Χ3Ν4690ΒΧ-60Α,2026-04-06,ΕΝΤΑΛΜΑ ΠΛΗΡΩΜΗΣ ΔΟΥΚΑΣ ΝΙΚΟΛΑΟΣ (049685100),049685100,ΔΟΥΚΑΣ ΝΙΚΟΛΑΟΣ (049685100),187.19,,
90ΕΩ4690ΒΧ-5ΦΕ,2026-04-06,ΕΝΤΑΛΜΑ ΠΛΗΡΩΜΗΣ TYPO-CENTER ΓΕΡ.ΒΕΡΓΙΝΗΣ (028558054),028558054,TYPO-CENTER ΓΕΡ.ΒΕΡΓΙΝΗΣ (028558054),211.62,,
9ΩΘΣ4690ΒΧ-4ΛΟ,2026-04-06,ΕΝΤΑΛΜΑ ΠΛΗΡΩΜΗΣ PYROLEFKAS IKE (802407080),802407080,PYROLEFKAS IKE (802407080),1372.4,,
ΨΝΟ14690ΒΧ-ΔΗ5,2026-04-06,ΕΝΤΑΛΜΑ ΠΛΗΡΩΜΗΣ PROFI ΤΕΧΝΙΚΟ SUPER MARKET (800326038),800326038,PROFI ΤΕΧΝΙΚΟ SUPER MARKET (800326038),510.01,,
63ΤΘ4690ΒΧ-4ΡΜ,2026-04-06,ΕΝΤΑΛΜΑ ΠΛΗΡΩΜΗΣ PROFI ΤΕΧΝΙΚΟ SUPER MARKET (800326038),800326038,PROFI ΤΕΧΝΙΚΟ SUPER MARKET (800326038),245.14,,
ΨΙ0Α4690ΒΧ-ΚΥΙ,2026-04-06,ΕΝΤΑΛΜΑ ΠΛΗΡΩΜΗΣ A SECURITY ΑΥΓΕΡΙΝΟΣ ΙΩΑΝΝΗΣ (106923693),106923693,A SECURITY ΑΥΓΕΡΙΝΟΣ ΙΩΑΝΝΗΣ (106923693),148.8,,
9Π714690ΒΧ-Ν18,2026-04-06,ΕΝΤΑΛΜΑ ΠΛΗΡΩΜΗΣ ΠΕΤΡΟΣ ΧΑΡ.ΚΟΣΜΙΔΗΣ   ΣΙΑ Ε.Ε. (999685389),999685389,ΠΕΤΡΟΣ ΧΑΡ.ΚΟΣΜΙΔΗΣ   ΣΙΑ Ε.Ε. (999685389),892.8,,
631Ν4690ΒΧ-1ΝΓ,2026-04-06,ΕΝΤΑΛΜΑ ΠΛΗΡΩΜΗΣ ΠΕΤΡΟΣ ΧΑΡ.ΚΟΣΜΙΔΗΣ   ΣΙΑ Ε.Ε. (999685389),999685389,ΠΕΤΡΟΣ ΧΑΡ.ΚΟΣΜΙΔΗΣ   ΣΙΑ Ε.Ε. (999685389),161.2,,
ΨΘΧΠ4690ΒΧ-4ΙΓ,2026-04-06,ΕΝΤΑΛΜΑ ΠΛΗΡΩΜΗΣ ΠΕΤΡΟΣ ΧΑΡ.ΚΟΣΜΙΔΗΣ   ΣΙΑ Ε.Ε. (999685389),999685389,ΠΕΤΡΟΣ ΧΑΡ.ΚΟΣΜΙΔΗΣ   ΣΙΑ Ε.Ε. (999685389),2093.34,,
9ΛΒ04690ΒΧ-ΒΨΝ,2026-04-06,ΕΝΤΑΛΜΑ ΠΛΗΡΩΜΗΣ ΠΑΥΛΟΣ ΑΡΝΑΟΥΤΗΣ Α.Ε. (094178060),094178060,ΠΑΥΛΟΣ ΑΡΝΑΟΥΤΗΣ Α.Ε. (094178060),907.92,,
9ΙΒ44690ΒΧ-2ΒΤ,2026-04-06,ΕΝΤΑΛΜΑ ΠΛΗΡΩΜΗΣ ΝΤΙΑΜΕΝΤ ΕΛΛΑΣ Α.Ε.Ε. (095259724),095259724,ΝΤΙΑΜΕΝΤ ΕΛΛΑΣ Α.Ε.Ε. (095259724),5768.81,,
6ΝΨΝ4690ΒΧ-7Ρ7,2026-04-06,ΕΝΤΑΛΜΑ ΠΛΗΡΩΜΗΣ ΚΛΕΟΠΑΤΡΑ ΓΚΟΥΒΑ (041699970),041699970,ΚΛΕΟΠΑΤΡΑ ΓΚΟΥΒΑ (041699970),1894.72,,
ΨΤΓΞ4690ΒΧ-Ο91,2026-04-06,ΕΝΤΑΛΜΑ ΠΛΗΡΩΜΗΣ ΙΝΕΞ ΙΑΤΡΙΚΑ Α.Ε (094356041),094356041,ΙΝΕΞ ΙΑΤΡΙΚΑ Α.Ε (094356041),216.96,,
ΨΙ294690ΒΧ-4ΒΣ,2026-04-06,ΕΝΤΑΛΜΑ ΠΛΗΡΩΜΗΣ ΙΝΕΞ ΙΑΤΡΙΚΑ Α.Ε (094356041),094356041,ΙΝΕΞ ΙΑΤΡΙΚΑ Α.Ε (094356041),135.37,,
6Α004690ΒΧ-ΡΤΟ,2026-04-06,ΕΝΤΑΛΜΑ ΠΛΗΡΩΜΗΣ ΙΝΕΞ ΙΑΤΡΙΚΑ Α.Ε (094356041),094356041,ΙΝΕΞ ΙΑΤΡΙΚΑ Α.Ε (094356041),2190.34,,
ΨΖ0Ψ4690ΒΧ-ΨΑΧ,2026-04-06,ΕΝΤΑΛΜΑ ΠΛΗΡΩΜΗΣ ΙΝΕΞ ΙΑΤΡΙΚΑ Α.Ε (094356041),094356041,ΙΝΕΞ ΙΑΤΡΙΚΑ Α.Ε (094356041),835.76,,
9Η6Υ4690ΒΧ-ΛΞΥ,2026-04-06,ΕΝΤΑΛΜΑ ΠΛΗΡΩΜΗΣ ΙΑΜΕΞ - ΙΑΤΡΙΚΑ ΕΙΔΗ Α.Ε (999212027),999212027,ΙΑΜΕΞ - ΙΑΤΡΙΚΑ ΕΙΔΗ Α.Ε (999212027),1186.43,,
Ρ6ΛΛ4690ΒΧ-ΔΒΕ,2026-04-06,ΕΝΤΑΛΜΑ ΠΛΗΡΩΜΗΣ ΔΙΑΓΝΩΣΤΙΚΗ - ΑΝΑΛΥΤΙΚΗ ΕΠΕ (099109774),099109774,ΔΙΑΓΝΩΣΤΙΚΗ - ΑΝΑΛΥΤΙΚΗ ΕΠΕ (099109774),287.15,,
9ΜΑΒ4690ΒΧ-9ΑΩ,2026-04-06,ΕΝΤΑΛΜΑ ΠΛΗΡΩΜΗΣ ΔΙΑΓΝΩΣΤΙΚΗ - ΑΝΑΛΥΤΙΚΗ ΕΠΕ (099109774),099109774,ΔΙΑΓΝΩΣΤΙΚΗ - ΑΝΑΛΥΤΙΚΗ ΕΠΕ (099109774),133.24,,
6ΔΧ64690ΒΧ-Ε0Ζ,2026-04-06,ΕΝΤΑΛΜΑ ΠΛΗΡΩΜΗΣ ΔΙΑΓΝΩΣΤΙΚΗ - ΑΝΑΛΥΤΙΚΗ ΕΠΕ (099109774),099109774,ΔΙΑΓΝΩΣΤΙΚΗ - ΑΝΑΛΥΤΙΚΗ ΕΠΕ (099109774),145.01,,
ΨΠ7Υ4690ΒΧ-Φ0Α,2026-04-06,ΕΝΤΑΛΜΑ ΠΛΗΡΩΜΗΣ ΑΛΦΑ ΜΕΝΤΙΚΑΛ ΑΕΒΕ (095580571),095580571,ΑΛΦΑ ΜΕΝΤΙΚΑΛ ΑΕΒΕ (095580571),1473.4,,
91Υ44690ΒΧ-ΗΟΘ,2026-04-06,ΕΝΤΑΛΜΑ ΠΛΗΡΩΜΗΣ ΑΛΦΑ ΜΕΝΤΙΚΑΛ ΑΕΒΕ (095580571),095580571,ΑΛΦΑ ΜΕΝΤΙΚΑΛ ΑΕΒΕ (095580571),14989.46,,
9Λ994690ΒΧ-Υ8Ρ,2026-04-06,ΕΝΤΑΛΜΑ ΠΛΗΡΩΜΗΣ TELEFLEX MEDICAL ΕΛΛΑΣ ΑΕΕ (094429990),094429990,TELEFLEX MEDICAL ΕΛΛΑΣ ΑΕΕ (094429990),3160.7,,
937Χ4690ΒΧ-Υ2Ρ,2026-04-06,ΕΝΤΑΛΜΑ ΠΛΗΡΩΜΗΣ ΕΛΛΗΝΙΚΑ ΚΑΥΣΙΜΑ ΟΡΥΚΤΕΛΑΙΑ ΜΟΝΟΠΡ.ΑΝΩΝ.ΒΙΟΜΗΧ.  ΕΜΠΟΡ.ΕΤΑΙΡΕΙΑ (094010146),094010146,ΕΛΛΗΝΙΚΑ ΚΑΥΣΙΜΑ ΟΡΥΚΤΕΛΑΙΑ ΜΟΝΟΠΡ.ΑΝΩΝ.ΒΙΟΜΗΧ.  ΕΜΠΟΡ.ΕΤΑΙΡΕΙΑ (094010146),43568.08,,
6Μ4Ω4690ΒΧ-Β9Ο,2026-03-31,ΕΝΤΑΛΜΑ ΠΛΗΡΩΜΗΣ ΚΟΠΕΡ ΑΕ (094007897),094007897,ΚΟΠΕΡ ΑΕ (094007897),498.06,,
97ΣΚ4690ΒΧ-ΡΥΤ,2026-03-31,ΕΝΤΑΛΜΑ ΠΛΗΡΩΜΗΣ adelco AE (094121817),094121817,adelco AE (094121817),17.0,,
9ΡΔΦ4690ΒΧ-1Ο0,2026-04-03,ΕΝΤΑΛΜΑ ΠΛΗΡΩΜΗΣ ORION PHARMA HELLAS M.E.Π.Ε. (998092795),998092795,ORION PHARMA HELLAS M.E.Π.Ε. (998092795),18.57,,
ΡΚΕ24690ΒΧ-7ΕΔ,2026-04-03,ΕΝΤΑΛΜΑ ΠΛΗΡΩΜΗΣ Johnson   Johnson Α.Ε.Ε (800363581),800363581,Johnson   Johnson Α.Ε.Ε (800363581),83.29,,
ΨΚΟΕ4690ΒΧ-ΛΡΕ,2026-04-03,ΕΝΤΑΛΜΑ ΠΛΗΡΩΜΗΣ IASIS Pharmaceut.HELLAS ABEE (094141552),094141552,IASIS Pharmaceut.HELLAS ABEE (094141552),58.0,,
ΨΒΕΣ4690ΒΧ-7ΗΦ,2026-03-24,ΕΝΤΑΛΜΑ ΠΛΗΡΩΜΗΣ G a l e n i c a  α.ε (094063416),094063416,G a l e n i c a  α.ε (094063416),80.25,,
9ΞΩΦ4690ΒΧ-67Η,2026-03-16,ΕΝΤΑΛΜΑ ΠΛΗΡΩΜΗΣ ΔΗΜ.ΕΠΙΧ/ΣΗ ΗΛΕΚΤΡΙΣΜΟΥ ΑΕ (090000045),090000045,ΔΗΜ.ΕΠΙΧ/ΣΗ ΗΛΕΚΤΡΙΣΜΟΥ ΑΕ (090000045),56223.0,,
ΨΖΟΡ4690ΒΧ-ΣΚ0,2026-04-03,ΕΝΤΑΛΜΑ ΠΛΗΡΩΜΗΣ ΙΝΤΕΡΣΑΛΟΝΙΚΑ (094450059),094450059,ΙΝΤΕΡΣΑΛΟΝΙΚΑ (094450059),340.0,,
Ψ19Ξ4690ΒΧ-7ΡΩ,2026-04-01,ΕΝΤΑΛΜΑ ΠΛΗΡΩΜΗΣ ΕΛΛΗΝΙΚΑ ΚΑΥΣΙΜΑ ΟΡΥΚΤΕΛΑΙΑ ΜΟΝΟΠΡ.ΑΝΩΝ.ΒΙΟΜΗΧ.  ΕΜΠΟΡ.ΕΤΑΙΡΕΙΑ (094010146),094010146,ΕΛΛΗΝΙΚΑ ΚΑΥΣΙΜΑ ΟΡΥΚΤΕΛΑΙΑ ΜΟΝΟΠΡ.ΑΝΩΝ.ΒΙΟΜΗΧ.  ΕΜΠΟΡ.ΕΤΑΙΡΕΙΑ (094010146),9247.96,,
ΨΠ8Φ4690ΒΧ-ΘΔ8,2026-04-01,ΕΝΤΑΛΜΑ ΠΛΗΡΩΜΗΣ ΑΡΘΡΩΣΙΣ ΙΑΤΡΙΚΑ ΕΙΔΗ Α.Ε. (082899566),082899566,ΑΡΘΡΩΣΙΣ ΙΑΤΡΙΚΑ ΕΙΔΗ Α.Ε. (082899566),935.64,,
990Α4690ΒΧ-ΛΝ0,2026-04-01,ΕΝΤΑΛΜΑ ΠΛΗΡΩΜΗΣ iDX P.C (800725375),800725375,iDX P.C (800725375),5565.0,,
9Τ034690ΒΧ-ΩΑΡ,2026-04-01,ΕΝΤΑΛΜΑ ΠΛΗΡΩΜΗΣ EUROMEDICAL Ε.Π.Ε (997958677),997958677,EUROMEDICAL Ε.Π.Ε (997958677),367.25,,
Ψ9ΦΖ4690ΒΧ-Χ0Γ,2026-03-18,ΕΝΤΑΛΜΑ ΠΛΗΡΩΜΗΣ ΝΙΚ.Ι.ΛΑΊΝΙΩΤΗΣ Α.Ε.Β.Ε (093628458),093628458,ΝΙΚ.Ι.ΛΑΊΝΙΩΤΗΣ Α.Ε.Β.Ε (093628458),162.19,,
Ψ9Φ84690ΒΧ-ΜΚΧ,2026-03-18,ΕΝΤΑΛΜΑ ΠΛΗΡΩΜΗΣ ΝΙΚ.Ι.ΛΑΊΝΙΩΤΗΣ Α.Ε.Β.Ε (093628458),093628458,ΝΙΚ.Ι.ΛΑΊΝΙΩΤΗΣ Α.Ε.Β.Ε (093628458),2258.87,,
906Η4690ΒΧ-ΚΟΘ,2026-03-18,ΕΝΤΑΛΜΑ ΠΛΗΡΩΜΗΣ ΝΙΚ.Ι.ΛΑΊΝΙΩΤΗΣ Α.Ε.Β.Ε (093628458),093628458,ΝΙΚ.Ι.ΛΑΊΝΙΩΤΗΣ Α.Ε.Β.Ε (093628458),1515.82,,
Ψ8ΥΠ4690ΒΧ-ΙΡ0,2026-03-18,ΕΝΤΑΛΜΑ ΠΛΗΡΩΜΗΣ ΝΙΚ.Ι.ΛΑΊΝΙΩΤΗΣ Α.Ε.Β.Ε (093628458),093628458,ΝΙΚ.Ι.ΛΑΊΝΙΩΤΗΣ Α.Ε.Β.Ε (093628458),4924.28,,
ΨΔΙ94690ΒΧ-ΖΣΞ,2026-03-18,ΕΝΤΑΛΜΑ ΠΛΗΡΩΜΗΣ ΝΙΚ.Ι.ΛΑΊΝΙΩΤΗΣ Α.Ε.Β.Ε (093628458),093628458,ΝΙΚ.Ι.ΛΑΊΝΙΩΤΗΣ Α.Ε.Β.Ε (093628458),444.17,,
9ΔΥΡ4690ΒΧ-ΖΒΔ,2026-03-18,ΕΝΤΑΛΜΑ ΠΛΗΡΩΜΗΣ ΝΙΚ.Ι.ΛΑΊΝΙΩΤΗΣ Α.Ε.Β.Ε (093628458),093628458,ΝΙΚ.Ι.ΛΑΊΝΙΩΤΗΣ Α.Ε.Β.Ε (093628458),833.58,,
ΨΙ234690ΒΧ-ΧΝ5,2026-03-18,ΕΝΤΑΛΜΑ ΠΛΗΡΩΜΗΣ MILONAS HEALTH A.E. (998179225),998179225,MILONAS HEALTH A.E. (998179225),1879.58,,
ΨΒ8Ρ4690ΒΧ-Σ9Δ,2026-03-18,ΕΝΤΑΛΜΑ ΠΛΗΡΩΜΗΣ MILONAS HEALTH A.E. (998179225),998179225,MILONAS HEALTH A.E. (998179225),755.84,,
Ψ2ΒΙ4690ΒΧ-1ΝΟ,2026-03-18,ΕΝΤΑΛΜΑ ΠΛΗΡΩΜΗΣ MILONAS HEALTH A.E. (998179225),998179225,MILONAS HEALTH A.E. (998179225),880.58,,
ΨΥ7Χ4690ΒΧ-ΠΔ7,2026-03-18,ΕΝΤΑΛΜΑ ΠΛΗΡΩΜΗΣ MILONAS HEALTH A.E. (998179225),998179225,MILONAS HEALTH A.E. (998179225),4224.95,,
ΨΙ954690ΒΧ-0ΜΠ,2026-03-18,ΕΝΤΑΛΜΑ ΠΛΗΡΩΜΗΣ DOCTUM ΦΑΡΜΑΚΕΥΤΙΚΗ ΑΕ (094070315),094070315,DOCTUM ΦΑΡΜΑΚΕΥΤΙΚΗ ΑΕ (094070315),6881.41,,
6ΧΓΩ4690ΒΧ-Ρ0Ρ,2026-03-12,ΕΝΤΑΛΜΑ ΠΛΗΡΩΜΗΣ ΗΛΙΟΣ ΕΝΕΡΓΕΙΑΚΗ ΑΝΑΠΤΥΞΙΑΚΗ ΙΚΕ (801362115),801362115,ΗΛΙΟΣ ΕΝΕΡΓΕΙΑΚΗ ΑΝΑΠΤΥΞΙΑΚΗ ΙΚΕ (801362115),34124.8,,
ΨΗ7Δ4690ΒΧ-2ΑΚ,2026-04-02,ΕΝΤΑΛΜΑ ΠΛΗΡΩΜΗΣ DIAKATOS GROUP (801123189),801123189,DIAKATOS GROUP (801123189),13528.4,,
62ΒΡ4690ΒΧ-75Ν,2026-03-16,ΕΝΤΑΛΜΑ ΠΛΗΡΩΜΗΣ ΔΗΜ.ΕΠΙΧ/ΣΗ ΗΛΕΚΤΡΙΣΜΟΥ ΑΕ (090000045),090000045,ΔΗΜ.ΕΠΙΧ/ΣΗ ΗΛΕΚΤΡΙΣΜΟΥ ΑΕ (090000045),66504.09,,
ΨΧ824690ΒΧ-ΔΞΣ,2026-03-17,ΕΝΤΑΛΜΑ ΠΛΗΡΩΜΗΣ ΡΟΜΠΟΤΗ ΑΜΑΛΙΑ (301379295),301379295,ΡΟΜΠΟΤΗ ΑΜΑΛΙΑ (301379295),210.8,,
9ΥΦΔ4690ΒΧ-733,2026-03-18,ΕΝΤΑΛΜΑ ΠΛΗΡΩΜΗΣ ΞΕΝΟΦΩΝ ΓΕΡΜΑΝΟΣ Α.Ε.Ε. (094326835),094326835,ΞΕΝΟΦΩΝ ΓΕΡΜΑΝΟΣ Α.Ε.Ε. (094326835),688.18,,
ΨΜΡΣ4690ΒΧ-7ΔΡ,2026-03-18,ΕΝΤΑΛΜΑ ΠΛΗΡΩΜΗΣ ΞΕΝΟΦΩΝ ΓΕΡΜΑΝΟΣ Α.Ε.Ε. (094326835),094326835,ΞΕΝΟΦΩΝ ΓΕΡΜΑΝΟΣ Α.Ε.Ε. (094326835),600.16,,
ΨΨΟΖ4690ΒΧ-ΡΚΕ,2026-03-18,ΕΝΤΑΛΜΑ ΠΛΗΡΩΜΗΣ Κωστας Α.Παπαέλληνας(ΕλλάςΑΕΒΕ) (094075360),094075360,Κωστας Α.Παπαέλληνας(ΕλλάςΑΕΒΕ) (094075360),45.2,,
ΨΑΝΓ4690ΒΧ-ΧΦΤ,2026-03-18,ΕΝΤΑΛΜΑ ΠΛΗΡΩΜΗΣ Κωστας Α.Παπαέλληνας(ΕλλάςΑΕΒΕ) (094075360),094075360,Κωστας Α.Παπαέλληνας(ΕλλάςΑΕΒΕ) (094075360),988.23,,
ΨΣΠ94690ΒΧ-2ΣΓ,2026-03-18,ΕΝΤΑΛΜΑ ΠΛΗΡΩΜΗΣ ΕΥΡΟΜΑΡΤ Α.Ε. (094284004),094284004,ΕΥΡΟΜΑΡΤ Α.Ε. (094284004),408.97,,
9ΘΘΗ4690ΒΧ-0Γ1,2026-03-18,ΕΝΤΑΛΜΑ ΠΛΗΡΩΜΗΣ ΕΥΡΟΜΑΡΤ Α.Ε. (094284004),094284004,ΕΥΡΟΜΑΡΤ Α.Ε. (094284004),253.3,,
9ΛΜΡ4690ΒΧ-0ΕΜ,2026-03-18,ΕΝΤΑΛΜΑ ΠΛΗΡΩΜΗΣ ΕΥΡΟΜΑΡΤ Α.Ε. (094284004),094284004,ΕΥΡΟΜΑΡΤ Α.Ε. (094284004),587.42,,
ΨΨΒ34690ΒΧ-6ΒΞ,2026-03-18,ΕΝΤΑΛΜΑ ΠΛΗΡΩΜΗΣ ΕΝΟΡΑΣΙΣ Α.Ε. (094503580),094503580,ΕΝΟΡΑΣΙΣ Α.Ε. (094503580),1170.93,,
Ψ3ΜΒ4690ΒΧ-ΙΝΛ,2026-03-18,ΕΝΤΑΛΜΑ ΠΛΗΡΩΜΗΣ ΒΙΟΣΕΡ ΑΕ (094035927),094035927,ΒΙΟΣΕΡ ΑΕ (094035927),1194.98,,
97Β44690ΒΧ-ΥΑΘ,2026-03-18,ΕΝΤΑΛΜΑ ΠΛΗΡΩΜΗΣ ΑΛΚΟΝ ΛΑΜΠΟΡΑΤΟΡΙΣ ΕΛΛΑΣ ΑΕΒΕ (094450895),094450895,ΑΛΚΟΝ ΛΑΜΠΟΡΑΤΟΡΙΣ ΕΛΛΑΣ ΑΕΒΕ (094450895),208.32,,
9ΜΛΞ4690ΒΧ-ΕΔ8,2026-03-17,ΕΝΤΑΛΜΑ ΠΛΗΡΩΜΗΣ YOUR PROJECT I.K.E. - ΕΤΑΙΡΕΙΑ ΜΕΛΕΤΩΝ - ΣΥΜΒΟΥΛΟΙ ΜΗΧΑΝΙΚΟΙ (801171661),801171661,YOUR PROJECT I.K.E. - ΕΤΑΙΡΕΙΑ ΜΕΛΕΤΩΝ - ΣΥΜΒΟΥΛΟΙ ΜΗΧΑΝΙΚΟΙ (801171661),6820.0,,
ΨΚ4Δ4690ΒΧ-ΘΗΠ,2026-03-16,ΕΝΤΑΛΜΑ ΠΛΗΡΩΜΗΣ ΔΙΣΝΙΤΣΑΣ ΛΕΩΝΙΔΑΣ (029818051),029818051,ΔΙΣΝΙΤΣΑΣ ΛΕΩΝΙΔΑΣ (029818051),5933.2,,
ΨΒΓΚ4690ΒΧ-ΛΔΙ,2026-03-16,ΕΝΤΑΛΜΑ ΠΛΗΡΩΜΗΣ CLEAN WASH EXPRESS ΜΟΝΟΠΡΟΣΩΠΗ Ι.Κ.Ε. (802560756),802560756,CLEAN WASH EXPRESS ΜΟΝΟΠΡΟΣΩΠΗ Ι.Κ.Ε. (802560756),5183.07,,
Ψ4ΕΦ4690ΒΧ-Ι4Ξ,2026-03-16,ΕΝΤΑΛΜΑ ΠΛΗΡΩΜΗΣ ΕΠΕΞ-ΕΤΑΙΡΕΙΑ ΕΞΥΠΗΡΕΤΗΣΗΣ ΠΟΛΥΚΑΤΟΙΚΙΩΝ (068685800),068685800,ΕΠΕΞ-ΕΤΑΙΡΕΙΑ ΕΞΥΠΗΡΕΤΗΣΗΣ ΠΟΛΥΚΑΤΟΙΚΙΩΝ (068685800),62.39,,
Ψ1ΣΟ4690ΒΧ-Μ0Ι,2026-03-16,ΕΝΤΑΛΜΑ ΠΛΗΡΩΜΗΣ Λεωνίδας Ψωμόπουλος   ΣΙΑ Ε.Ε. (998810619),998810619,Λεωνίδας Ψωμόπουλος   ΣΙΑ Ε.Ε. (998810619),24.4,,
6ΑΨ54690ΒΧ-ΛΟ0,2026-03-16,ΕΝΤΑΛΜΑ ΠΛΗΡΩΜΗΣ ΔΗΜΟΣ ΛΕΥΚΑΔΑΣ (997916281),997916281,ΔΗΜΟΣ ΛΕΥΚΑΔΑΣ (997916281),15879.0,,
9ΟΔΟ4690ΒΧ-0ΕΤ,2026-03-16,ΕΝΤΑΛΜΑ ΠΛΗΡΩΜΗΣ ΔΗΜΟΣ ΛΕΥΚΑΔΑΣ (997916281),997916281,ΔΗΜΟΣ ΛΕΥΚΑΔΑΣ (997916281),25.0,,
Ψ5ΦΠ4690ΒΧ-ΩΡΜ,2026-03-16,ΕΝΤΑΛΜΑ ΠΛΗΡΩΜΗΣ ΔΗΜΟΣ ΛΕΥΚΑΔΑΣ (997916281),997916281,ΔΗΜΟΣ ΛΕΥΚΑΔΑΣ (997916281),17.11,,
ΨΒ2Λ4690ΒΧ-Λ4Ν,2026-03-16,ΕΝΤΑΛΜΑ ΠΛΗΡΩΜΗΣ ΔΗΜΟΣ ΛΕΥΚΑΔΑΣ (997916281),997916281,ΔΗΜΟΣ ΛΕΥΚΑΔΑΣ (997916281),10.05,,
ΡΕΚ54690ΒΧ-ΓΒΜ,2026-03-12,ΕΝΤΑΛΜΑ ΠΛΗΡΩΜΗΣ ΣΕΪΤΗΣ ΘΕΟΔΩΡΟΣ ΚΩΣΝΤΑΝΤΙΝΟΣ (145631367),145631367,ΣΕΪΤΗΣ ΘΕΟΔΩΡΟΣ ΚΩΣΝΤΑΝΤΙΝΟΣ (145631367),2100.0,,
Ψ92Τ4690ΒΧ-ΩΟ1,2026-03-12,ΕΝΤΑΛΜΑ ΠΛΗΡΩΜΗΣ ΑΡΗΤΗ Α.Ε. (094251753),094251753,ΑΡΗΤΗ Α.Ε. (094251753),1923.26,,
ΨΘ7Β4690ΒΧ-ΑΔΝ,2026-03-12,ΕΝΤΑΛΜΑ ΠΛΗΡΩΜΗΣ ΑΡΗΤΗ Α.Ε. (094251753),094251753,ΑΡΗΤΗ Α.Ε. (094251753),6138.0,,
9ΝΖΞ4690ΒΧ-70Τ,2026-03-12,ΕΝΤΑΛΜΑ ΠΛΗΡΩΜΗΣ ΑΡΗΤΗ Α.Ε. (094251753),094251753,ΑΡΗΤΗ Α.Ε. (094251753),2679.23,,
6Υ0Η4690ΒΧ-ΞΟΘ,2026-03-12,ΕΝΤΑΛΜΑ ΠΛΗΡΩΜΗΣ SIEMENS HEALTHINEERS A.E. (094456875),094456875,SIEMENS HEALTHINEERS A.E. (094456875),4130.61,,
ΨΟ654690ΒΧ-ΛΟ0,2026-03-11,ΕΝΤΑΛΜΑ ΠΛΗΡΩΜΗΣ OTIS ΕΛΛΑΣ ΜΟΝΟΠΡΟΣΩΠΗ ΑΝΩΝ.ΒΙΟΜ.   ΕΜΠ.ΤΕΧΝ.ΕΤΑΙΡΕΙΑ (094208578),094208578,OTIS ΕΛΛΑΣ ΜΟΝΟΠΡΟΣΩΠΗ ΑΝΩΝ.ΒΙΟΜ.   ΕΜΠ.ΤΕΧΝ.ΕΤΑΙΡΕΙΑ (094208578),1413.6,,
63ΜΙ4690ΒΧ-ΕΜ2,2026-03-11,ΕΝΤΑΛΜΑ ΠΛΗΡΩΜΗΣ OTIS ΕΛΛΑΣ ΜΟΝΟΠΡΟΣΩΠΗ ΑΝΩΝ.ΒΙΟΜ.   ΕΜΠ.ΤΕΧΝ.ΕΤΑΙΡΕΙΑ (094208578),094208578,OTIS ΕΛΛΑΣ ΜΟΝΟΠΡΟΣΩΠΗ ΑΝΩΝ.ΒΙΟΜ.   ΕΜΠ.ΤΕΧΝ.ΕΤΑΙΡΕΙΑ (094208578),2466.6,,
Ρ4ΙΡ4690ΒΧ-ΔΤΜ,2026-03-11,ΕΝΤΑΛΜΑ ΠΛΗΡΩΜΗΣ LIFE SCIENCE CHEMΙLAB A.E (997982917),997982917,LIFE SCIENCE CHEMΙLAB A.E (997982917),3348.0,,
ΨΥ4Ψ4690ΒΧ-ΙΕΕ,2026-03-11,ΕΝΤΑΛΜΑ ΠΛΗΡΩΜΗΣ HOSPITECNICA ΕΠΕ (095526068),095526068,HOSPITECNICA ΕΠΕ (095526068),8274.93,,
Ρ94Δ4690ΒΧ-2ΗΥ,2026-03-04,ΕΝΤΑΛΜΑ ΠΛΗΡΩΜΗΣ ΒΙΟΣΕΡ ΑΕ (094035927),094035927,ΒΙΟΣΕΡ ΑΕ (094035927),4382.06,,
ΨΟΤΗ4690ΒΧ-ΑΝΟ,2026-03-04,ΕΝΤΑΛΜΑ ΠΛΗΡΩΜΗΣ ΒΙΟΣΕΡ ΑΕ (094035927),094035927,ΒΙΟΣΕΡ ΑΕ (094035927),4591.92,,
9ΔΧΞ4690ΒΧ-ΔΡΦ,2026-03-04,ΕΝΤΑΛΜΑ ΠΛΗΡΩΜΗΣ ΒΙΟΣΕΡ ΑΕ (094035927),094035927,ΒΙΟΣΕΡ ΑΕ (094035927),122.85,,
Ψ4ΧΙ4690ΒΧ-ΟΒΟ,2026-03-04,ΕΝΤΑΛΜΑ ΠΛΗΡΩΜΗΣ ΒΙΟΣΕΡ ΑΕ (094035927),094035927,ΒΙΟΣΕΡ ΑΕ (094035927),3250.6,,
94ΙΟ4690ΒΧ-Ν0Μ,2026-03-04,ΕΝΤΑΛΜΑ ΠΛΗΡΩΜΗΣ ΒΙΟΣΕΡ ΑΕ (094035927),094035927,ΒΙΟΣΕΡ ΑΕ (094035927),1378.58,,
9ΖΒΩ4690ΒΧ-Ε9Ω,2026-03-04,ΕΝΤΑΛΜΑ ΠΛΗΡΩΜΗΣ ΒΙΟΣΕΡ ΑΕ (094035927),094035927,ΒΙΟΣΕΡ ΑΕ (094035927),3803.64,,
97ΠΡ4690ΒΧ-ΛΨΡ,2026-03-04,ΕΝΤΑΛΜΑ ΠΛΗΡΩΜΗΣ ΒΙΟΣΕΡ ΑΕ (094035927),094035927,ΒΙΟΣΕΡ ΑΕ (094035927),3722.88,,
ΨΦΞΟ4690ΒΧ-ΨΣΟ,2026-03-04,ΕΝΤΑΛΜΑ ΠΛΗΡΩΜΗΣ ΒΙΟΣΕΡ ΑΕ (094035927),094035927,ΒΙΟΣΕΡ ΑΕ (094035927),4692.62,,
65804690ΒΧ-6Ξ9,2026-03-04,ΕΝΤΑΛΜΑ ΠΛΗΡΩΜΗΣ ΒΙΟΣΕΡ ΑΕ (094035927),094035927,ΒΙΟΣΕΡ ΑΕ (094035927),2718.91,,
9ΟΙ94690ΒΧ-2ΜΒ,2026-03-04,ΕΝΤΑΛΜΑ ΠΛΗΡΩΜΗΣ ΒΙΟΣΕΡ ΑΕ (094035927),094035927,ΒΙΟΣΕΡ ΑΕ (094035927),2900.16,,
6Α484690ΒΧ-ΒΝ2,2026-03-04,ΕΝΤΑΛΜΑ ΠΛΗΡΩΜΗΣ ΒΙΟΣΕΡ ΑΕ (094035927),094035927,ΒΙΟΣΕΡ ΑΕ (094035927),4631.19,,
ΨΞ1Υ4690ΒΧ-668,2026-03-11,ΕΝΤΑΛΜΑ ΠΛΗΡΩΜΗΣ ΦΙΛΙΠΣ ΕΛΛΑΣ ΜΟΝΟΠΡΟΣΩΠΗ Α.ΕΒ.Ε (PHILIPS) (094014759),094014759,ΦΙΛΙΠΣ ΕΛΛΑΣ ΜΟΝΟΠΡΟΣΩΠΗ Α.ΕΒ.Ε (PHILIPS) (094014759),3999.0,,
ΨΑΤΓ4690ΒΧ-5ΤΜ,2026-03-11,ΕΝΤΑΛΜΑ ΠΛΗΡΩΜΗΣ ΠΑΝ/ΜΙΟ ΑΘΗΝΩΝ-ΠΑΘ/ΓΙΚΟ ΑΝΑΤΟΜ (090145420),090145420,ΠΑΝ/ΜΙΟ ΑΘΗΝΩΝ-ΠΑΘ/ΓΙΚΟ ΑΝΑΤΟΜ (090145420),3113.13,,
9ΔΓ54690ΒΧ-9ΩΘ,2026-03-11,ΕΝΤΑΛΜΑ ΠΛΗΡΩΜΗΣ ΙΛΥΔΑ ΠΛΗΡΟΦΟΡΙΚΗ Α.Ε. (094359854),094359854,ΙΛΥΔΑ ΠΛΗΡΟΦΟΡΙΚΗ Α.Ε. (094359854),1860.0,,
9ΤΒ04690ΒΧ-53Φ,2026-03-11,ΕΝΤΑΛΜΑ ΠΛΗΡΩΜΗΣ ΑΓΚΦΑ - ΓΚΕΒΕΡΤ ΑΕΒΕ (094025805),094025805,ΑΓΚΦΑ - ΓΚΕΒΕΡΤ ΑΕΒΕ (094025805),11353.74,,
ΡΓΟ44690ΒΧ-Θ7Μ,2026-03-11,ΕΝΤΑΛΜΑ ΠΛΗΡΩΜΗΣ VETERY SERVICE HELLAS ΝΑΚΑΣ ΣΠΥΡΙΔΩΝ (061755570),061755570,VETERY SERVICE HELLAS ΝΑΚΑΣ ΣΠΥΡΙΔΩΝ (061755570),1736.0,,
ΨΗ7Ξ4690ΒΧ-ΓΥΤ,2026-03-11,ΕΝΤΑΛΜΑ ΠΛΗΡΩΜΗΣ TRANE HELLAS A.E (098032885),098032885,TRANE HELLAS A.E (098032885),6820.0,,
ΡΕΝΦ4690ΒΧ-ΚΤΣ,2026-03-11,ΕΝΤΑΛΜΑ ΠΛΗΡΩΜΗΣ Payroll Software   Services Real Solutions Ι.Κ.Ε (800498280),800498280,Payroll Software   Services Real Solutions Ι.Κ.Ε (800498280),3927.7,,
ΡΘΥ04690ΒΧ-8Ι5,2026-03-11,ΕΝΤΑΛΜΑ ΠΛΗΡΩΜΗΣ COMPUTER SOLUTIONS ΑΝΩΝΥΜΗ (095403136),095403136,COMPUTER SOLUTIONS ΑΝΩΝΥΜΗ (095403136),5228.66,,
ΨΗΒ94690ΒΧ-Κ59,2026-03-11,ΕΝΤΑΛΜΑ ΠΛΗΡΩΜΗΣ COMPUTER SOLUTIONS ΑΝΩΝΥΜΗ (095403136),095403136,COMPUTER SOLUTIONS ΑΝΩΝΥΜΗ (095403136),3720.0,,
6Υ964690ΒΧ-Φ0Α,2026-03-11,ΕΝΤΑΛΜΑ ΠΛΗΡΩΜΗΣ COMPUTER SOLUTIONS ΑΝΩΝΥΜΗ (095403136),095403136,COMPUTER SOLUTIONS ΑΝΩΝΥΜΗ (095403136),5228.7,,
Ρ2ΞΗ4690ΒΧ-Φ9Ν,2026-03-09,ΕΝΤΑΛΜΑ ΠΛΗΡΩΜΗΣ ΤΕΜΑΚ (094279934),094279934,ΤΕΜΑΚ (094279934),3850.2,,
Ρ06Θ4690ΒΧ-4ΔΞ,2026-03-09,ΕΝΤΑΛΜΑ ΠΛΗΡΩΜΗΣ ΤΕΜΑΚ (094279934),094279934,ΤΕΜΑΚ (094279934),5929.28,,
9ΧΔΘ4690ΒΧ-Α51,2026-03-09,ΕΝΤΑΛΜΑ ΠΛΗΡΩΜΗΣ ΛΟΥΛΟΥΔΗΣ ΛΕΩΝΙΔΑΣ ΜΟΝ. ΙΚΕ (801458499),801458499,ΛΟΥΛΟΥΔΗΣ ΛΕΩΝΙΔΑΣ ΜΟΝ. ΙΚΕ (801458499),235.6,,
6Σ7Ι4690ΒΧ-ΙΒΥ,2026-03-09,ΕΝΤΑΛΜΑ ΠΛΗΡΩΜΗΣ ΚΑΙΝΟΤΟΜΙΑ Α.Ε. (999399139),999399139,ΚΑΙΝΟΤΟΜΙΑ Α.Ε. (999399139),9713.33,,
ΨΞΙΜ4690ΒΧ-ΨΔ3,2026-03-09,ΕΝΤΑΛΜΑ ΠΛΗΡΩΜΗΣ ΗΛΙΑΣ ΑΝ.ΒΛΑΧΟΣ (117805669),117805669,ΗΛΙΑΣ ΑΝ.ΒΛΑΧΟΣ (117805669),160.01,,
9Δ0Γ4690ΒΧ-9ΓΒ,2026-03-09,ΕΝΤΑΛΜΑ ΠΛΗΡΩΜΗΣ ΕΜ.Γ.ΛΑΒΔΑΚΗΣ Ο.Ε (081576638),081576638,ΕΜ.Γ.ΛΑΒΔΑΚΗΣ Ο.Ε (081576638),620.0,,
ΨΔΥ74690ΒΧ-7Β3,2026-03-09,ΕΝΤΑΛΜΑ ΠΛΗΡΩΜΗΣ ΒΙΒΛΙΟΧΑΡΤΟΠΩΛΕΙΟ ''Η ΕΣΤΙΑ''ΕΥΑΓΓΕΛΟΣ ΔΑΝΙΗΛ   ΣΙΑ Ο.Ε (800187440),800187440,ΒΙΒΛΙΟΧΑΡΤΟΠΩΛΕΙΟ ''Η ΕΣΤΙΑ''ΕΥΑΓΓΕΛΟΣ ΔΑΝΙΗΛ   ΣΙΑ Ο.Ε (800187440),179.18,,
9ΞΘΡ4690ΒΧ-ΡΟΤ,2026-03-09,ΕΝΤΑΛΜΑ ΠΛΗΡΩΜΗΣ ΑΝΤΙΓ. ΠΕΤΡΟΠΟΥΛΟΥ   ΣΙΑ Ο.Ε (082091043),082091043,ΑΝΤΙΓ. ΠΕΤΡΟΠΟΥΛΟΥ   ΣΙΑ Ο.Ε (082091043),376.71,,
ΨΑΘΓ4690ΒΧ-ΒΙ4,2026-03-09,ΕΝΤΑΛΜΑ ΠΛΗΡΩΜΗΣ ΑΝΑΣΤΑΣΙΟΣ ΔΙΓΚΑΣ Ι.Κ.Ε. (997826122),997826122,ΑΝΑΣΤΑΣΙΟΣ ΔΙΓΚΑΣ Ι.Κ.Ε. (997826122),84.2,,
ΡΚ3Μ4690ΒΧ-3ΛΤ,2026-03-09,ΕΝΤΑΛΜΑ ΠΛΗΡΩΜΗΣ ΑΝΑΣΤΑΣΙΟΣ ΔΙΓΚΑΣ Ι.Κ.Ε. (997826122),997826122,ΑΝΑΣΤΑΣΙΟΣ ΔΙΓΚΑΣ Ι.Κ.Ε. (997826122),4451.6,,
Ρ9Ν24690ΒΧ-ΦΝΟ,2026-03-09,ΕΝΤΑΛΜΑ ΠΛΗΡΩΜΗΣ Α.Μ.ΒΙΔΑΛΗΣ INTERNATIONAL ΙΚΕ (095185177),095185177,Α.Μ.ΒΙΔΑΛΗΣ INTERNATIONAL ΙΚΕ (095185177),453.64,,
ΡΩΔΟ4690ΒΧ-Μ0Υ,2026-03-09,ΕΝΤΑΛΜΑ ΠΛΗΡΩΜΗΣ WiLO HELLAS ΜΟΝΟΠΡΟΣΩΠΗ Α.Β.Ε.Ε (094061750),094061750,WiLO HELLAS ΜΟΝΟΠΡΟΣΩΠΗ Α.Β.Ε.Ε (094061750),310.0,,
6Σ5Ο4690ΒΧ-Ξ1Ρ,2026-03-09,ΕΝΤΑΛΜΑ ΠΛΗΡΩΜΗΣ Drager Hellas S.A. (997799268),997799268,Drager Hellas S.A. (997799268),187.24,,
Ψ06Ε4690ΒΧ-ΙΒΘ,2026-03-09,ΕΝΤΑΛΜΑ ΠΛΗΡΩΜΗΣ Drager Hellas S.A. (997799268),997799268,Drager Hellas S.A. (997799268),1798.0,,
ΨΟΑ24690ΒΧ-ΤΒΣ,2026-03-09,ΕΝΤΑΛΜΑ ΠΛΗΡΩΜΗΣ INTER MEDICA ΕΜΜ.Τ.ΤΖΑΝΙΔΑΚΗΣ (011651035),011651035,INTER MEDICA ΕΜΜ.Τ.ΤΖΑΝΙΔΑΚΗΣ (011651035),12325.6,,
96Μ14690ΒΧ-ΩΕΔ,2026-03-09,ΕΝΤΑΛΜΑ ΠΛΗΡΩΜΗΣ INTER MEDICA ΕΜΜ.Τ.ΤΖΑΝΙΔΑΚΗΣ (011651035),011651035,INTER MEDICA ΕΜΜ.Τ.ΤΖΑΝΙΔΑΚΗΣ (011651035),260.4,,
ΡΞΓΗ4690ΒΧ-ΨΡΗ,2026-03-09,ΕΝΤΑΛΜΑ ΠΛΗΡΩΜΗΣ INTER MEDICA ΕΜΜ.Τ.ΤΖΑΝΙΔΑΚΗΣ (011651035),011651035,INTER MEDICA ΕΜΜ.Τ.ΤΖΑΝΙΔΑΚΗΣ (011651035),2356.0,,
9ΝΜΛ4690ΒΧ-ΙΝΜ,2026-02-26,ΕΝΤΑΛΜΑ ΠΛΗΡΩΜΗΣ ΝΟΣΟΚΟΜΕΙΑΚΗ ΓΡΑΜΜΗ Α.Ε (094396063),094396063,ΝΟΣΟΚΟΜΕΙΑΚΗ ΓΡΑΜΜΗ Α.Ε (094396063),947.86,,
9Δ014690ΒΧ-ΨΒ0,2026-03-03,ΕΝΤΑΛΜΑ ΠΛΗΡΩΜΗΣ ΄΄ΦΑΡΜΑ ΚΙΡΚΗ΄΄ ΕΙΡΗΝΗ ΦΕΡΕΝΤΙΝΟΥ ΜΟΝ/ΠΗ ΙΚΕ (800908604),800908604,΄΄ΦΑΡΜΑ ΚΙΡΚΗ΄΄ ΕΙΡΗΝΗ ΦΕΡΕΝΤΙΝΟΥ ΜΟΝ/ΠΗ ΙΚΕ (800908604),4685.03,,
9ΞΠΕ4690ΒΧ-Β13,2026-03-03,ΕΝΤΑΛΜΑ ΠΛΗΡΩΜΗΣ ΄΄ΦΑΡΜΑ ΚΙΡΚΗ΄΄ ΕΙΡΗΝΗ ΦΕΡΕΝΤΙΝΟΥ ΜΟΝ/ΠΗ ΙΚΕ (800908604),800908604,΄΄ΦΑΡΜΑ ΚΙΡΚΗ΄΄ ΕΙΡΗΝΗ ΦΕΡΕΝΤΙΝΟΥ ΜΟΝ/ΠΗ ΙΚΕ (800908604),1465.38,,
ΨΨΗ24690ΒΧ-Ψ8Π,2026-03-03,ΕΝΤΑΛΜΑ ΠΛΗΡΩΜΗΣ ΄΄ΦΑΡΜΑ ΚΙΡΚΗ΄΄ ΕΙΡΗΝΗ ΦΕΡΕΝΤΙΝΟΥ ΜΟΝ/ΠΗ ΙΚΕ (800908604),800908604,΄΄ΦΑΡΜΑ ΚΙΡΚΗ΄΄ ΕΙΡΗΝΗ ΦΕΡΕΝΤΙΝΟΥ ΜΟΝ/ΠΗ ΙΚΕ (800908604),3109.98,,
Ψ4Κ34690ΒΧ-Χ4Ζ,2026-03-03,ΕΝΤΑΛΜΑ ΠΛΗΡΩΜΗΣ ΄΄ΦΑΡΜΑ ΚΙΡΚΗ΄΄ ΕΙΡΗΝΗ ΦΕΡΕΝΤΙΝΟΥ ΜΟΝ/ΠΗ ΙΚΕ (800908604),800908604,΄΄ΦΑΡΜΑ ΚΙΡΚΗ΄΄ ΕΙΡΗΝΗ ΦΕΡΕΝΤΙΝΟΥ ΜΟΝ/ΠΗ ΙΚΕ (800908604),4807.4,,
98ΨΗ4690ΒΧ-ΙΞΨ,2026-03-03,ΕΝΤΑΛΜΑ ΠΛΗΡΩΜΗΣ ΄΄ΦΑΡΜΑ ΚΙΡΚΗ΄΄ ΕΙΡΗΝΗ ΦΕΡΕΝΤΙΝΟΥ ΜΟΝ/ΠΗ ΙΚΕ (800908604),800908604,΄΄ΦΑΡΜΑ ΚΙΡΚΗ΄΄ ΕΙΡΗΝΗ ΦΕΡΕΝΤΙΝΟΥ ΜΟΝ/ΠΗ ΙΚΕ (800908604),4904.38,,
6ΣΩ94690ΒΧ-ΕΧΟ,2026-03-03,ΕΝΤΑΛΜΑ ΠΛΗΡΩΜΗΣ ΄΄ΦΑΡΜΑ ΚΙΡΚΗ΄΄ ΕΙΡΗΝΗ ΦΕΡΕΝΤΙΝΟΥ ΜΟΝ/ΠΗ ΙΚΕ (800908604),800908604,΄΄ΦΑΡΜΑ ΚΙΡΚΗ΄΄ ΕΙΡΗΝΗ ΦΕΡΕΝΤΙΝΟΥ ΜΟΝ/ΠΗ ΙΚΕ (800908604),4911.92,,
Ρ6ΡΥ4690ΒΧ-ΚΙ4,2026-03-03,ΕΝΤΑΛΜΑ ΠΛΗΡΩΜΗΣ ΄΄ΦΑΡΜΑ ΚΙΡΚΗ΄΄ ΕΙΡΗΝΗ ΦΕΡΕΝΤΙΝΟΥ ΜΟΝ/ΠΗ ΙΚΕ (800908604),800908604,΄΄ΦΑΡΜΑ ΚΙΡΚΗ΄΄ ΕΙΡΗΝΗ ΦΕΡΕΝΤΙΝΟΥ ΜΟΝ/ΠΗ ΙΚΕ (800908604),561.35,,
96ΖΛ4690ΒΧ-ΞΟ4,2026-03-03,ΕΝΤΑΛΜΑ ΠΛΗΡΩΜΗΣ ΑΙΑΝΤΑΣ ΤΡΟΦΟΔΟΣΙΕΣ-ΕΙΣΑΓΩΓΙΚΗ   ΕΞΑΓΩΓΙΚΗ ΑΕ (081808560),081808560,ΑΙΑΝΤΑΣ ΤΡΟΦΟΔΟΣΙΕΣ-ΕΙΣΑΓΩΓΙΚΗ   ΕΞΑΓΩΓΙΚΗ ΑΕ (081808560),315.46,,
9ΟΞΖ4690ΒΧ-ΔΦ2,2026-02-26,ΕΝΤΑΛΜΑ ΠΛΗΡΩΜΗΣ ΨΗΛΙΑΚΟΣ ΛΕΩΝΙΔΑΣ   ΣΙΑ (999495127),999495127,ΨΗΛΙΑΚΟΣ ΛΕΩΝΙΔΑΣ   ΣΙΑ (999495127),1238.02,,
9Π0Τ4690ΒΧ-8ΞΧ,2026-02-26,ΕΝΤΑΛΜΑ ΠΛΗΡΩΜΗΣ ΣΚΑΝΔΑΛΗΣ ΕΥΑΓΓΕΛΟΣ   ΣΙΑ Ε.Ε. - ΙΑΤΡΙΚΑ ΕΙΔΗ (999040772),999040772,ΣΚΑΝΔΑΛΗΣ ΕΥΑΓΓΕΛΟΣ   ΣΙΑ Ε.Ε. - ΙΑΤΡΙΚΑ ΕΙΔΗ (999040772),344.22,,
9ΟΘΤ4690ΒΧ-ΖΨΗ,2026-02-26,ΕΝΤΑΛΜΑ ΠΛΗΡΩΜΗΣ ΣΚΑΝΔΑΛΗΣ ΕΥΑΓΓΕΛΟΣ   ΣΙΑ Ε.Ε. - ΙΑΤΡΙΚΑ ΕΙΔΗ (999040772),999040772,ΣΚΑΝΔΑΛΗΣ ΕΥΑΓΓΕΛΟΣ   ΣΙΑ Ε.Ε. - ΙΑΤΡΙΚΑ ΕΙΔΗ (999040772),1351.6,,
ΡΦ774690ΒΧ-ΕΩΠ,2026-02-26,ΕΝΤΑΛΜΑ ΠΛΗΡΩΜΗΣ ΝΟΣΟΚΟΜΕΙΑΚΗ ΓΡΑΜΜΗ Α.Ε (094396063),094396063,ΝΟΣΟΚΟΜΕΙΑΚΗ ΓΡΑΜΜΗ Α.Ε (094396063),235.6,,
ΡΣΕΦ4690ΒΧ-Λ28,2026-02-26,ΕΝΤΑΛΜΑ ΠΛΗΡΩΜΗΣ ΝΟΣΟΚΟΜΕΙΑΚΗ ΓΡΑΜΜΗ Α.Ε (094396063),094396063,ΝΟΣΟΚΟΜΕΙΑΚΗ ΓΡΑΜΜΗ Α.Ε (094396063),22320.0,,
9ΟΜ94690ΒΧ-ΞΣΞ,2026-02-26,ΕΝΤΑΛΜΑ ΠΛΗΡΩΜΗΣ ΜΕDIWAY MEDICAL SUPPLIES ΜΟΝ.Ε.Π.Ε. (800514603),800514603,ΜΕDIWAY MEDICAL SUPPLIES ΜΟΝ.Ε.Π.Ε. (800514603),1713.08,,
ΨΑΟ84690ΒΧ-630,2026-02-26,ΕΝΤΑΛΜΑ ΠΛΗΡΩΜΗΣ ΚΑΛΤΕΚ ΜΟΝΟΠΡΟΣΩΠΗ Α.Ε. (999307110),999307110,ΚΑΛΤΕΚ ΜΟΝΟΠΡΟΣΩΠΗ Α.Ε. (999307110),286.44,,
ΡΠΖ94690ΒΧ-Ρ3Δ,2026-02-26,ΕΝΤΑΛΜΑ ΠΛΗΡΩΜΗΣ ΚΑΛΤΕΚ ΜΟΝΟΠΡΟΣΩΠΗ Α.Ε. (999307110),999307110,ΚΑΛΤΕΚ ΜΟΝΟΠΡΟΣΩΠΗ Α.Ε. (999307110),2123.21,,
Ψ2ΓΟ4690ΒΧ-7ΩΟ,2026-02-26,ΕΝΤΑΛΜΑ ΠΛΗΡΩΜΗΣ ΚΑΛΤΕΚ ΜΟΝΟΠΡΟΣΩΠΗ Α.Ε. (999307110),999307110,ΚΑΛΤΕΚ ΜΟΝΟΠΡΟΣΩΠΗ Α.Ε. (999307110),4246.42,,
ΨΘΜΕ4690ΒΧ-ΦΧ6,2026-02-26,ΕΝΤΑΛΜΑ ΠΛΗΡΩΜΗΣ ΚΑΛΤΕΚ ΜΟΝΟΠΡΟΣΩΠΗ Α.Ε. (999307110),999307110,ΚΑΛΤΕΚ ΜΟΝΟΠΡΟΣΩΠΗ Α.Ε. (999307110),4246.42,,
9Β7Κ4690ΒΧ-1ΛΣ,2026-02-26,ΕΝΤΑΛΜΑ ΠΛΗΡΩΜΗΣ ΚΑΛΤΕΚ ΜΟΝΟΠΡΟΣΩΠΗ Α.Ε. (999307110),999307110,ΚΑΛΤΕΚ ΜΟΝΟΠΡΟΣΩΠΗ Α.Ε. (999307110),4246.42,,
9ΙΛΕ4690ΒΧ-ΖΤΞ,2026-02-26,ΕΝΤΑΛΜΑ ΠΛΗΡΩΜΗΣ ΙΩΝΙΚΗ ΑΒΕΕ (094102483),094102483,ΙΩΝΙΚΗ ΑΒΕΕ (094102483),129.58,,
9ΔΨΤ4690ΒΧ-ΝΚΘ,2026-02-26,ΕΝΤΑΛΜΑ ΠΛΗΡΩΜΗΣ ΙΩΝΙΚΗ ΑΒΕΕ (094102483),094102483,ΙΩΝΙΚΗ ΑΒΕΕ (094102483),772.52,,
6ΤΧΦ4690ΒΧ-8ΔΤ,2026-02-20,ΕΝΤΑΛΜΑ ΠΛΗΡΩΜΗΣ ZIMMER BIOMET ΕΛΛΑΣ ΜΟΝ/ΠΗ Α.Ε (094437885),094437885,ZIMMER BIOMET ΕΛΛΑΣ ΜΟΝ/ΠΗ Α.Ε (094437885),86.8,,
62ΒΣ4690ΒΧ-ΘΨΔ,2026-02-20,ΕΝΤΑΛΜΑ ΠΛΗΡΩΜΗΣ ZIMMER BIOMET ΕΛΛΑΣ ΜΟΝ/ΠΗ Α.Ε (094437885),094437885,ZIMMER BIOMET ΕΛΛΑΣ ΜΟΝ/ΠΗ Α.Ε (094437885),2237.4,,
ΡΗ134690ΒΧ-ΕΦ3,2026-02-20,ΕΝΤΑΛΜΑ ΠΛΗΡΩΜΗΣ ZIMMER BIOMET ΕΛΛΑΣ ΜΟΝ/ΠΗ Α.Ε (094437885),094437885,ZIMMER BIOMET ΕΛΛΑΣ ΜΟΝ/ΠΗ Α.Ε (094437885),4640.7,,
6ΔΡΣ4690ΒΧ-ΘΒΧ,2026-02-20,ΕΝΤΑΛΜΑ ΠΛΗΡΩΜΗΣ ZIMMER BIOMET ΕΛΛΑΣ ΜΟΝ/ΠΗ Α.Ε (094437885),094437885,ZIMMER BIOMET ΕΛΛΑΣ ΜΟΝ/ΠΗ Α.Ε (094437885),4314.21,,
ΡΟ0Ω4690ΒΧ-ΩΘΕ,2026-02-20,ΕΝΤΑΛΜΑ ΠΛΗΡΩΜΗΣ ZIMMER BIOMET ΕΛΛΑΣ ΜΟΝ/ΠΗ Α.Ε (094437885),094437885,ZIMMER BIOMET ΕΛΛΑΣ ΜΟΝ/ΠΗ Α.Ε (094437885),4640.7,,
99ΣΥ4690ΒΧ-ΘΧ7,2026-02-20,ΕΝΤΑΛΜΑ ΠΛΗΡΩΜΗΣ ZIMMER BIOMET ΕΛΛΑΣ ΜΟΝ/ΠΗ Α.Ε (094437885),094437885,ZIMMER BIOMET ΕΛΛΑΣ ΜΟΝ/ΠΗ Α.Ε (094437885),3811.26,,
Ρ0864690ΒΧ-Β0Τ,2026-02-26,ΕΝΤΑΛΜΑ ΠΛΗΡΩΜΗΣ Y-LOGIMED ΑΝΩΝΥΜΗ ΕΤΑΙΡΙΑ (094446034),094446034,Y-LOGIMED ΑΝΩΝΥΜΗ ΕΤΑΙΡΙΑ (094446034),347.2,,
Ψ7644690ΒΧ-3Ξ7,2026-02-26,ΕΝΤΑΛΜΑ ΠΛΗΡΩΜΗΣ WiLO HELLAS ΜΟΝΟΠΡΟΣΩΠΗ Α.Β.Ε.Ε (094061750),094061750,WiLO HELLAS ΜΟΝΟΠΡΟΣΩΠΗ Α.Β.Ε.Ε (094061750),148.8,,
9ΞΓΔ4690ΒΧ-3Β2,2026-02-26,ΕΝΤΑΛΜΑ ΠΛΗΡΩΜΗΣ WiLO HELLAS ΜΟΝΟΠΡΟΣΩΠΗ Α.Β.Ε.Ε (094061750),094061750,WiLO HELLAS ΜΟΝΟΠΡΟΣΩΠΗ Α.Β.Ε.Ε (094061750),1197.2,,
Ρ4ΙΥ4690ΒΧ-ΧΩΗ,2026-02-26,ΕΝΤΑΛΜΑ ΠΛΗΡΩΜΗΣ WiLO HELLAS ΜΟΝΟΠΡΟΣΩΠΗ Α.Β.Ε.Ε (094061750),094061750,WiLO HELLAS ΜΟΝΟΠΡΟΣΩΠΗ Α.Β.Ε.Ε (094061750),1860.0,,
6Μ994690ΒΧ-ΑΨΕ,2026-02-26,ΕΝΤΑΛΜΑ ΠΛΗΡΩΜΗΣ SGL ΙΚΕ (801823458),801823458,SGL ΙΚΕ (801823458),334.8,,
ΨΡΛΡ4690ΒΧ-ΑΤΑ,2026-02-26,ΕΝΤΑΛΜΑ ΠΛΗΡΩΜΗΣ Rethink ΑΕΒΕ (999125269),999125269,Rethink ΑΕΒΕ (999125269),1076.32,,
Ρ3Ψ14690ΒΧ-Θ32,2026-02-26,ΕΝΤΑΛΜΑ ΠΛΗΡΩΜΗΣ PROFFICE Ε.ΖΩΗΣ-Σ.ΒΡΑΝΟΣ Ο.Ε. (800555505),800555505,PROFFICE Ε.ΖΩΗΣ-Σ.ΒΡΑΝΟΣ Ο.Ε. (800555505),198.4,,
94ΤΒ4690ΒΧ-ΤΞΩ,2026-02-26,ΕΝΤΑΛΜΑ ΠΛΗΡΩΜΗΣ PROFFICE Ε.ΖΩΗΣ-Σ.ΒΡΑΝΟΣ Ο.Ε. (800555505),800555505,PROFFICE Ε.ΖΩΗΣ-Σ.ΒΡΑΝΟΣ Ο.Ε. (800555505),560.48,,
9ΔΔ14690ΒΧ-8ΟΚ,2026-02-26,ΕΝΤΑΛΜΑ ΠΛΗΡΩΜΗΣ LIFE SCIENCE CHEMΙLAB A.E (997982917),997982917,LIFE SCIENCE CHEMΙLAB A.E (997982917),546.84,,
ΨΘ5Τ4690ΒΧ-ΑΞΒ,2026-02-26,ΕΝΤΑΛΜΑ ΠΛΗΡΩΜΗΣ HEALTHCARE EXPERIENCE A.E ΟΛΟΚΛ.ΛΥΣ.ΙΑΤΡ. ΠΛ.ΙΑΤΡ.ΕΞ.-ΛΟΓ.  ΥΠΗΡ. (997800874),997800874,HEALTHCARE EXPERIENCE A.E ΟΛΟΚΛ.ΛΥΣ.ΙΑΤΡ. ΠΛ.ΙΑΤΡ.ΕΞ.-ΛΟΓ.  ΥΠΗΡ. (997800874),1023.0,,
9Χ8Λ4690ΒΧ-ΠΡΛ,2026-03-03,ΕΝΤΑΛΜΑ ΠΛΗΡΩΜΗΣ ΟΥΡΑΝΙΑ ΚΟΝΤΟΓΙΑΝΝΗ   ΣΙΑ Ε.Ε. (802824232),802824232,ΟΥΡΑΝΙΑ ΚΟΝΤΟΓΙΑΝΝΗ   ΣΙΑ Ε.Ε. (802824232),2846.31,,
ΨΑ6Ψ4690ΒΧ-4ΛΜ,2026-02-25,ΕΝΤΑΛΜΑ ΠΛΗΡΩΜΗΣ ΟΡΑΜΑ Α.Ε. (999873782),999873782,ΟΡΑΜΑ Α.Ε. (999873782),661.05,,
ΨΦ7Χ4690ΒΧ-2Ω3,2026-03-03,ΕΝΤΑΛΜΑ ΠΛΗΡΩΜΗΣ ΜΠΑΛΑΣΚΑΣ ΓΕΩΡΓΙΟΣ (073571028),073571028,ΜΠΑΛΑΣΚΑΣ ΓΕΩΡΓΙΟΣ (073571028),1182.14,,
ΨΚΣΥ4690ΒΧ-Μ7Ω,2026-02-25,ΕΝΤΑΛΜΑ ΠΛΗΡΩΜΗΣ Λεωνίδας Ψωμόπουλος   ΣΙΑ Ε.Ε. (998810619),998810619,Λεωνίδας Ψωμόπουλος   ΣΙΑ Ε.Ε. (998810619),14.94,,
9ΗΜΩ4690ΒΧ-Β05,2026-03-03,ΕΝΤΑΛΜΑ ΠΛΗΡΩΜΗΣ ΚΑΚΑΒΟΣ Ι.ΔΗΜΗΤΡΙΟΣ (119540879),119540879,ΚΑΚΑΒΟΣ Ι.ΔΗΜΗΤΡΙΟΣ (119540879),3012.24,,
Ψ5ΜΤ4690ΒΧ-Θ68,2026-02-26,ΕΝΤΑΛΜΑ ΠΛΗΡΩΜΗΣ ΙΝΕΞ ΙΑΤΡΙΚΑ Α.Ε (094356041),094356041,ΙΝΕΞ ΙΑΤΡΙΚΑ Α.Ε (094356041),204.53,,
ΨΚΛΡ4690ΒΧ-1ΙΖ,2026-02-26,ΕΝΤΑΛΜΑ ΠΛΗΡΩΜΗΣ ΙΝΕΞ ΙΑΤΡΙΚΑ Α.Ε (094356041),094356041,ΙΝΕΞ ΙΑΤΡΙΚΑ Α.Ε (094356041),501.46,,
Ψ8594690ΒΧ-ΡΕΣ,2026-02-26,ΕΝΤΑΛΜΑ ΠΛΗΡΩΜΗΣ ΙΝΕΞ ΙΑΤΡΙΚΑ Α.Ε (094356041),094356041,ΙΝΕΞ ΙΑΤΡΙΚΑ Α.Ε (094356041),1095.17,,
9ΥΓΥ4690ΒΧ-ΓΦ3,2026-02-26,ΕΝΤΑΛΜΑ ΠΛΗΡΩΜΗΣ ΕΥΡΟΜΑΡΤ Α.Ε. (094284004),094284004,ΕΥΡΟΜΑΡΤ Α.Ε. (094284004),56.95,,
62ΒΤ4690ΒΧ-ΦΒ7,2026-02-26,ΕΝΤΑΛΜΑ ΠΛΗΡΩΜΗΣ ΕΥΡΟΜΑΡΤ Α.Ε. (094284004),094284004,ΕΥΡΟΜΑΡΤ Α.Ε. (094284004),164.35,,
9Ψ8Υ4690ΒΧ-07Π,2026-02-25,ΕΝΤΑΛΜΑ ΠΛΗΡΩΜΗΣ ΕΠΕΞ-ΕΤΑΙΡΕΙΑ ΕΞΥΠΗΡΕΤΗΣΗΣ ΠΟΛΥΚΑΤΟΙΚΙΩΝ (068685800),068685800,ΕΠΕΞ-ΕΤΑΙΡΕΙΑ ΕΞΥΠΗΡΕΤΗΣΗΣ ΠΟΛΥΚΑΤΟΙΚΙΩΝ (068685800),41.98,,
ΡΛΛΖ4690ΒΧ-ΕΛΘ,2026-02-26,ΕΝΤΑΛΜΑ ΠΛΗΡΩΜΗΣ ΑΡΘΡΩΣΙΣ ΙΑΤΡΙΚΑ ΕΙΔΗ Α.Ε. (082899566),082899566,ΑΡΘΡΩΣΙΣ ΙΑΤΡΙΚΑ ΕΙΔΗ Α.Ε. (082899566),545.79,,
9ΘΦΤ4690ΒΧ-ΞΧΟ,2026-02-26,ΕΝΤΑΛΜΑ ΠΛΗΡΩΜΗΣ ΑΝΤΙΓ. ΠΕΤΡΟΠΟΥΛΟΥ   ΣΙΑ Ο.Ε (082091043),082091043,ΑΝΤΙΓ. ΠΕΤΡΟΠΟΥΛΟΥ   ΣΙΑ Ο.Ε (082091043),3444.22,,
Ψ46Η4690ΒΧ-5ΗΖ,2026-02-25,ΕΝΤΑΛΜΑ ΠΛΗΡΩΜΗΣ ΑΛΕΞΟΠΟΥΛΟΣ ΑΓΓΕΛΟΣ (077848166),077848166,ΑΛΕΞΟΠΟΥΛΟΣ ΑΓΓΕΛΟΣ (077848166),2873.7,,
9Ξ1Τ4690ΒΧ-Δ4Ε,2026-02-25,ΕΝΤΑΛΜΑ ΠΛΗΡΩΜΗΣ ΑΘΑΝΑΣΙΟΣ ΚΑΖΑΝΑΣ ΜΟΝΟΠΡΟΣΩΠΗ ΕΠΕ (998632706),998632706,ΑΘΑΝΑΣΙΟΣ ΚΑΖΑΝΑΣ ΜΟΝΟΠΡΟΣΩΠΗ ΕΠΕ (998632706),225.68,,
Ψ1ΖΦ4690ΒΧ-ΨΤΨ,2026-02-26,ΕΝΤΑΛΜΑ ΠΛΗΡΩΜΗΣ TELEFLEX MEDICAL ΕΛΛΑΣ ΑΕΕ (094429990),094429990,TELEFLEX MEDICAL ΕΛΛΑΣ ΑΕΕ (094429990),1384.25,,
9Θ9Λ4690ΒΧ-ΚΦΥ,2026-02-25,ΕΝΤΑΛΜΑ ΠΛΗΡΩΜΗΣ PRIME BIOSCIENSES IKE (801230512),801230512,PRIME BIOSCIENSES IKE (801230512),3577.5,,
6Μ464690ΒΧ-7ΕΔ,2026-02-25,ΕΝΤΑΛΜΑ ΠΛΗΡΩΜΗΣ DIMTECH A.E. (998537402),998537402,DIMTECH A.E. (998537402),631.78,,
Ψ9ΤΣ4690ΒΧ-5Φ6,2026-02-25,ΕΝΤΑΛΜΑ ΠΛΗΡΩΜΗΣ BMG EQUIPMENT ΙΚΕ (801938796),801938796,BMG EQUIPMENT ΙΚΕ (801938796),4070.4,,
9ΒΛ54690ΒΧ-ΡΟ1,2026-02-25,ΕΝΤΑΛΜΑ ΠΛΗΡΩΜΗΣ ΜΙΧΑΗΛ ΣΚΑΜΑΓΚΑΣ ΑΒΕΕ (999717761),999717761,ΜΙΧΑΗΛ ΣΚΑΜΑΓΚΑΣ ΑΒΕΕ (999717761),725.4,,
ΨΧ3Λ4690ΒΧ-3ΒΓ,2026-02-25,ΕΝΤΑΛΜΑ ΠΛΗΡΩΜΗΣ ΜΑΥΡΟΥΔΗΣ Α.Ε (997998085),997998085,ΜΑΥΡΟΥΔΗΣ Α.Ε (997998085),957.51,,
ΨΛΦΙ4690ΒΧ-2ΚΗ,2026-02-25,ΕΝΤΑΛΜΑ ΠΛΗΡΩΜΗΣ ΓΕΩΡΓΙΟΣ ΚΕΦΑΛΑΣ ΣΙΑ Ε.Ε (801925973),801925973,ΓΕΩΡΓΙΟΣ ΚΕΦΑΛΑΣ ΣΙΑ Ε.Ε (801925973),1258.5,,
Ψ13Ξ4690ΒΧ-Λ1Γ,2026-02-25,ΕΝΤΑΛΜΑ ΠΛΗΡΩΜΗΣ Γ.ΣΑΜΑΡΑΣ ΑΒΕΕ (094373861),094373861,Γ.ΣΑΜΑΡΑΣ ΑΒΕΕ (094373861),177.07,,
ΨΠΩΡ4690ΒΧ-1Β4,2026-02-25,ΕΝΤΑΛΜΑ ΠΛΗΡΩΜΗΣ Γ.ΣΑΜΑΡΑΣ ΑΒΕΕ (094373861),094373861,Γ.ΣΑΜΑΡΑΣ ΑΒΕΕ (094373861),672.08,,
90Ο54690ΒΧ-193,2026-02-25,ΕΝΤΑΛΜΑ ΠΛΗΡΩΜΗΣ ΒΙΟΠΡΟΜΗΘΕΥΤΙΚΗ ΜΟΝ/ΠΗ ΕΠΕ (099007886),099007886,ΒΙΟΠΡΟΜΗΘΕΥΤΙΚΗ ΜΟΝ/ΠΗ ΕΠΕ (099007886),234.24,,
6ΜΘ94690ΒΧ-ΑΥΥ,2026-02-25,ΕΝΤΑΛΜΑ ΠΛΗΡΩΜΗΣ ΑΦΟΙ ΠΑΠΑΝΑΣΤΑΣΙΟΥ Ο.Ε. (081308853),081308853,ΑΦΟΙ ΠΑΠΑΝΑΣΤΑΣΙΟΥ Ο.Ε. (081308853),127.97,,
91ΜΕ4690ΒΧ-Ζ8Β,2026-02-25,ΕΝΤΑΛΜΑ ΠΛΗΡΩΜΗΣ Α.Μ.ΒΙΔΑΛΗΣ INTERNATIONAL ΙΚΕ (095185177),095185177,Α.Μ.ΒΙΔΑΛΗΣ INTERNATIONAL ΙΚΕ (095185177),2529.6,,
Ψ7ΩΨ4690ΒΧ-ΨΜΕ,2026-02-25,ΕΝΤΑΛΜΑ ΠΛΗΡΩΜΗΣ Α.Μ.ΒΙΔΑΛΗΣ INTERNATIONAL ΙΚΕ (095185177),095185177,Α.Μ.ΒΙΔΑΛΗΣ INTERNATIONAL ΙΚΕ (095185177),226.82,,
ΨΖ6Ι4690ΒΧ-ΞΦ1,2026-02-25,ΕΝΤΑΛΜΑ ΠΛΗΡΩΜΗΣ klinikum plus Μονοπρόσωπη Ι.Κ.Ε (800888293),800888293,klinikum plus Μονοπρόσωπη Ι.Κ.Ε (800888293),279.0,,
9Ο1Σ4690ΒΧ-ΨΜΜ,2026-02-20,ΕΝΤΑΛΜΑ ΠΛΗΡΩΜΗΣ ZIMMER BIOMET ΕΛΛΑΣ ΜΟΝ/ΠΗ Α.Ε (094437885),094437885,ZIMMER BIOMET ΕΛΛΑΣ ΜΟΝ/ΠΗ Α.Ε (094437885),3976.05,,
6ΑΚΘ4690ΒΧ-ΔΔΘ,2026-02-20,ΕΝΤΑΛΜΑ ΠΛΗΡΩΜΗΣ ZIMMER BIOMET ΕΛΛΑΣ ΜΟΝ/ΠΗ Α.Ε (094437885),094437885,ZIMMER BIOMET ΕΛΛΑΣ ΜΟΝ/ΠΗ Α.Ε (094437885),3745.4,,
9ΟΣ14690ΒΧ-ΧΩΙ,2026-02-20,ΕΝΤΑΛΜΑ ΠΛΗΡΩΜΗΣ ZIMMER BIOMET ΕΛΛΑΣ ΜΟΝ/ΠΗ Α.Ε (094437885),094437885,ZIMMER BIOMET ΕΛΛΑΣ ΜΟΝ/ΠΗ Α.Ε (094437885),4267.56,,
ΨΦ5Υ4690ΒΧ-ΖΚ6,2026-02-20,ΕΝΤΑΛΜΑ ΠΛΗΡΩΜΗΣ ZIMMER BIOMET ΕΛΛΑΣ ΜΟΝ/ΠΗ Α.Ε (094437885),094437885,ZIMMER BIOMET ΕΛΛΑΣ ΜΟΝ/ΠΗ Α.Ε (094437885),4893.4,,
Ψ3ΔΝ4690ΒΧ-6ΟΨ,2026-02-25,ΕΝΤΑΛΜΑ ΠΛΗΡΩΜΗΣ SCITEC ΙΑΤΡΙΚΑ ΣΥΣΤΗΜΑΤΑ Ε.Ε (094457478),094457478,SCITEC ΙΑΤΡΙΚΑ ΣΥΣΤΗΜΑΤΑ Ε.Ε (094457478),338.0,,
91Ψ64690ΒΧ-1ΤΧ,2026-02-25,ΕΝΤΑΛΜΑ ΠΛΗΡΩΜΗΣ SCITEC ΙΑΤΡΙΚΑ ΣΥΣΤΗΜΑΤΑ Ε.Ε (094457478),094457478,SCITEC ΙΑΤΡΙΚΑ ΣΥΣΤΗΜΑΤΑ Ε.Ε (094457478),152.2,,
Ψ1ΤΧ4690ΒΧ-5ΜΖ,2026-02-25,ΕΝΤΑΛΜΑ ΠΛΗΡΩΜΗΣ PublicSoft Ι.Κ.Ε. (800837416),800837416,PublicSoft Ι.Κ.Ε. (800837416),4092.0,,
ΨΧΑΝ4690ΒΧ-Δ4Π,2026-02-25,ΕΝΤΑΛΜΑ ΠΛΗΡΩΜΗΣ PublicSoft Ι.Κ.Ε. (800837416),800837416,PublicSoft Ι.Κ.Ε. (800837416),3805.56,,
ΨΥΦΝ4690ΒΧ-ΝΤΕ,2026-02-25,ΕΝΤΑΛΜΑ ΠΛΗΡΩΜΗΣ EUROSUP ΜΟΝ. ΙΚΕ (800715333),800715333,EUROSUP ΜΟΝ. ΙΚΕ (800715333),223.2,,
ΨΝ244690ΒΧ-ΜΜΦ,2026-02-25,ΕΝΤΑΛΜΑ ΠΛΗΡΩΜΗΣ EUROSUP ΜΟΝ. ΙΚΕ (800715333),800715333,EUROSUP ΜΟΝ. ΙΚΕ (800715333),13.39,,
ΨΕΧΘ4690ΒΧ-ΔΩ0,2026-02-25,ΕΝΤΑΛΜΑ ΠΛΗΡΩΜΗΣ COVAX Ε.Π.Ε (999778188),999778188,COVAX Ε.Π.Ε (999778188),8463.0,,
Ψ50Ζ4690ΒΧ-ΚΧΠ,2026-02-25,ΕΝΤΑΛΜΑ ΠΛΗΡΩΜΗΣ BUSE GAS A.E (997598041),997598041,BUSE GAS A.E (997598041),639.99,,
ΨΠ9Β4690ΒΧ-Ο5Ψ,2026-02-25,ΕΝΤΑΛΜΑ ΠΛΗΡΩΜΗΣ BUSE GAS A.E (997598041),997598041,BUSE GAS A.E (997598041),1419.8,,
Ψ8ΣΙ4690ΒΧ-Θ4Η,2026-02-25,ΕΝΤΑΛΜΑ ΠΛΗΡΩΜΗΣ BIOKON ΙΑΤΡΙΚΑ   ΒΙΟΤΕΧΝΟΛΟΓΙΚΑ ΠΡΟΙΟΝΤΑ Ε.Π.Ε (999656321),999656321,BIOKON ΙΑΤΡΙΚΑ   ΒΙΟΤΕΧΝΟΛΟΓΙΚΑ ΠΡΟΙΟΝΤΑ Ε.Π.Ε (999656321),116.39,,
65734690ΒΧ-5Λ2,2026-02-25,ΕΝΤΑΛΜΑ ΠΛΗΡΩΜΗΣ BIOKON ΙΑΤΡΙΚΑ   ΒΙΟΤΕΧΝΟΛΟΓΙΚΑ ΠΡΟΙΟΝΤΑ Ε.Π.Ε (999656321),999656321,BIOKON ΙΑΤΡΙΚΑ   ΒΙΟΤΕΧΝΟΛΟΓΙΚΑ ΠΡΟΙΟΝΤΑ Ε.Π.Ε (999656321),62.22,,
9ΚΩΒ4690ΒΧ-Ι0Σ,2026-02-25,ΕΝΤΑΛΜΑ ΠΛΗΡΩΜΗΣ  EPIRUS GAS ΓΕΩΡΓΙΟΣ ΨΟΧΙΟΣ   ΥΙΟΣ Ο.Ε (997861308),997861308,EPIRUS GAS ΓΕΩΡΓΙΟΣ ΨΟΧΙΟΣ   ΥΙΟΣ Ο.Ε (997861308),247.46,,
ΡΔΧΗ4690ΒΧ-Φ3Π,2026-02-25,ΕΝΤΑΛΜΑ ΠΛΗΡΩΜΗΣ ΛΟΥΛΟΥΔΗΣ ΛΕΩΝΙΔΑΣ ΜΟΝ. ΙΚΕ (801458499),801458499,ΛΟΥΛΟΥΔΗΣ ΛΕΩΝΙΔΑΣ ΜΟΝ. ΙΚΕ (801458499),11780.0,,
ΨΑΑΖ4690ΒΧ-5ΕΒ,2026-02-25,ΕΝΤΑΛΜΑ ΠΛΗΡΩΜΗΣ ΛΟΥΛΟΥΔΗΣ ΛΕΩΝΙΔΑΣ ΜΟΝ. ΙΚΕ (801458499),801458499,ΛΟΥΛΟΥΔΗΣ ΛΕΩΝΙΔΑΣ ΜΟΝ. ΙΚΕ (801458499),2976.0,,
99ΟΒ4690ΒΧ-ΦΑ8,2026-02-25,ΕΝΤΑΛΜΑ ΠΛΗΡΩΜΗΣ ΛΟΥΛΟΥΔΗΣ ΛΕΩΝΙΔΑΣ ΜΟΝ. ΙΚΕ (801458499),801458499,ΛΟΥΛΟΥΔΗΣ ΛΕΩΝΙΔΑΣ ΜΟΝ. ΙΚΕ (801458499),1488.0,,
ΡΨ7Ω4690ΒΧ-ΣΝΕ,2026-02-25,ΕΝΤΑΛΜΑ ΠΛΗΡΩΜΗΣ SPETMEDICAL I.K.E. (800820495),800820495,SPETMEDICAL I.K.E. (800820495),485.9,,
9ΦΕΖ4690ΒΧ-ΦΗΖ,2026-02-25,ΕΝΤΑΛΜΑ ΠΛΗΡΩΜΗΣ SPETMEDICAL I.K.E. (800820495),800820495,SPETMEDICAL I.K.E. (800820495),6958.48,,
9ΔΠ34690ΒΧ-Σ2Σ,2026-02-25,ΕΝΤΑΛΜΑ ΠΛΗΡΩΜΗΣ MEDIC PLAN HEALTH PROJECT IKE (999961120),999961120,MEDIC PLAN HEALTH PROJECT IKE (999961120),1708.88,,
9ΒΕΖ4690ΒΧ-Χ4Ε,2026-02-18,ΕΝΤΑΛΜΑ ΠΛΗΡΩΜΗΣ LS.MED M. Ε.Π.Ε (800862068),800862068,LS.MED M. Ε.Π.Ε (800862068),3621.42,,
ΨΙΓ84690ΒΧ-Μ5Ρ,2026-02-25,ΕΝΤΑΛΜΑ ΠΛΗΡΩΜΗΣ Σ.ΧΑΣΚΟΣ -Χ.ΤΣΙΚΟΥΔΗΣ Ο.Ε (084157763),084157763,Σ.ΧΑΣΚΟΣ -Χ.ΤΣΙΚΟΥΔΗΣ Ο.Ε (084157763),186.0,,
Ψ6ΙΣ4690ΒΧ-9ΨΒ,2026-02-25,ΕΝΤΑΛΜΑ ΠΛΗΡΩΜΗΣ Σ.ΧΑΣΚΟΣ -Χ.ΤΣΙΚΟΥΔΗΣ Ο.Ε (084157763),084157763,Σ.ΧΑΣΚΟΣ -Χ.ΤΣΙΚΟΥΔΗΣ Ο.Ε (084157763),84.11,,
9ΛΣΝ4690ΒΧ-ΑΥ2,2026-02-25,ΕΝΤΑΛΜΑ ΠΛΗΡΩΜΗΣ Medical Point .ΧΡ.ΜΟΥΤΑΦΗΣ Ε.Ε (998630320),998630320,Medical Point .ΧΡ.ΜΟΥΤΑΦΗΣ Ε.Ε (998630320),168.64,,
9ΒΕ04690ΒΧ-16Ν,2026-02-25,ΕΝΤΑΛΜΑ ΠΛΗΡΩΜΗΣ Medical Point .ΧΡ.ΜΟΥΤΑΦΗΣ Ε.Ε (998630320),998630320,Medical Point .ΧΡ.ΜΟΥΤΑΦΗΣ Ε.Ε (998630320),476.16,,
ΨΗΨΖ4690ΒΧ-523,2026-02-20,ΕΝΤΑΛΜΑ ΠΛΗΡΩΜΗΣ ZIMMER BIOMET ΕΛΛΑΣ ΜΟΝ/ΠΗ Α.Ε (094437885),094437885,ZIMMER BIOMET ΕΛΛΑΣ ΜΟΝ/ΠΗ Α.Ε (094437885),4640.7,,
95ΧΜ4690ΒΧ-655,2026-02-20,ΕΝΤΑΛΜΑ ΠΛΗΡΩΜΗΣ ZIMMER BIOMET ΕΛΛΑΣ ΜΟΝ/ΠΗ Α.Ε (094437885),094437885,ZIMMER BIOMET ΕΛΛΑΣ ΜΟΝ/ΠΗ Α.Ε (094437885),4850.44,,
9ΦΝΖ4690ΒΧ-ΗΩ4,2026-02-20,ΕΝΤΑΛΜΑ ΠΛΗΡΩΜΗΣ ZIMMER BIOMET ΕΛΛΑΣ ΜΟΝ/ΠΗ Α.Ε (094437885),094437885,ZIMMER BIOMET ΕΛΛΑΣ ΜΟΝ/ΠΗ Α.Ε (094437885),4591.19,,
6ΑΧΑ4690ΒΧ-4ΕΠ,2026-02-20,ΕΝΤΑΛΜΑ ΠΛΗΡΩΜΗΣ ZIMMER BIOMET ΕΛΛΑΣ ΜΟΝ/ΠΗ Α.Ε (094437885),094437885,ZIMMER BIOMET ΕΛΛΑΣ ΜΟΝ/ΠΗ Α.Ε (094437885),4640.7,,
Ρ6ΥΦ4690ΒΧ-ΠΜ5,2026-02-20,ΕΝΤΑΛΜΑ ΠΛΗΡΩΜΗΣ ZIMMER BIOMET ΕΛΛΑΣ ΜΟΝ/ΠΗ Α.Ε (094437885),094437885,ZIMMER BIOMET ΕΛΛΑΣ ΜΟΝ/ΠΗ Α.Ε (094437885),4684.54,,
ΨΑΕΛ4690ΒΧ-ΧΘΔ,2026-02-20,ΕΝΤΑΛΜΑ ΠΛΗΡΩΜΗΣ ZIMMER BIOMET ΕΛΛΑΣ ΜΟΝ/ΠΗ Α.Ε (094437885),094437885,ZIMMER BIOMET ΕΛΛΑΣ ΜΟΝ/ΠΗ Α.Ε (094437885),4650.71,,
9ΨΕ64690ΒΧ-894,2026-02-20,ΕΝΤΑΛΜΑ ΠΛΗΡΩΜΗΣ ZIMMER BIOMET ΕΛΛΑΣ ΜΟΝ/ΠΗ Α.Ε (094437885),094437885,ZIMMER BIOMET ΕΛΛΑΣ ΜΟΝ/ΠΗ Α.Ε (094437885),4684.54,,
ΡΗ044690ΒΧ-ΗΨΧ,2026-02-20,ΕΝΤΑΛΜΑ ΠΛΗΡΩΜΗΣ ZIMMER BIOMET ΕΛΛΑΣ ΜΟΝ/ΠΗ Α.Ε (094437885),094437885,ZIMMER BIOMET ΕΛΛΑΣ ΜΟΝ/ΠΗ Α.Ε (094437885),4121.8,,
65Ζ04690ΒΧ-ΛΤΗ,2026-02-20,ΕΝΤΑΛΜΑ ΠΛΗΡΩΜΗΣ ZIMMER BIOMET ΕΛΛΑΣ ΜΟΝ/ΠΗ Α.Ε (094437885),094437885,ZIMMER BIOMET ΕΛΛΑΣ ΜΟΝ/ΠΗ Α.Ε (094437885),4903.97,,
9ΓΤΜ4690ΒΧ-ΗΒΚ,2026-02-20,ΕΝΤΑΛΜΑ ΠΛΗΡΩΜΗΣ ZIMMER BIOMET ΕΛΛΑΣ ΜΟΝ/ΠΗ Α.Ε (094437885),094437885,ZIMMER BIOMET ΕΛΛΑΣ ΜΟΝ/ΠΗ Α.Ε (094437885),4684.54,,
ΨΠ144690ΒΧ-ΧΜΞ,2026-02-24,ΕΝΤΑΛΜΑ ΠΛΗΡΩΜΗΣ YΓΕΙΟΔΥΝΑΜΙΚΗ Α.Ε (997672386),997672386,YΓΕΙΟΔΥΝΑΜΙΚΗ Α.Ε (997672386),468.72,,
ΨΟ4Π4690ΒΧ-Υ1Λ,2026-02-24,ΕΝΤΑΛΜΑ ΠΛΗΡΩΜΗΣ SIEMENS HEALTHINEERS A.E. (094456875),094456875,SIEMENS HEALTHINEERS A.E. (094456875),8261.22,,
6Χ904690ΒΧ-ΣΙΣ,2026-02-24,ΕΝΤΑΛΜΑ ΠΛΗΡΩΜΗΣ Payroll Software   Services Real Solutions Ι.Κ.Ε (800498280),800498280,Payroll Software   Services Real Solutions Ι.Κ.Ε (800498280),5747.4,,
9ΤΦΝ4690ΒΧ-ΤΨΔ,2026-02-24,ΕΝΤΑΛΜΑ ΠΛΗΡΩΜΗΣ GE HEALTHCARE (094472918),094472918,GE HEALTHCARE (094472918),10539.85,,
9ΑΞΞ4690ΒΧ-20Θ,2026-02-24,ΕΝΤΑΛΜΑ ΠΛΗΡΩΜΗΣ ΠΝΟΗ Α.Ε. (095632467),095632467,ΠΝΟΗ Α.Ε. (095632467),80.35,,
98Π94690ΒΧ-ΜΗ5,2026-02-24,ΕΝΤΑΛΜΑ ΠΛΗΡΩΜΗΣ ΠΝΟΗ Α.Ε. (095632467),095632467,ΠΝΟΗ Α.Ε. (095632467),248.0,,
ΨΓ7Ξ4690ΒΧ-ΤΥ1,2026-02-24,ΕΝΤΑΛΜΑ ΠΛΗΡΩΜΗΣ ΝΤΙΑΜΕΝΤ ΕΛΛΑΣ Α.Ε.Ε. (095259724),095259724,ΝΤΙΑΜΕΝΤ ΕΛΛΑΣ Α.Ε.Ε. (095259724),1168.64,,
9Φ3Ψ4690ΒΧ-ΡΗΒ,2026-02-24,ΕΝΤΑΛΜΑ ΠΛΗΡΩΜΗΣ ΝΤΙΑΜΕΝΤ ΕΛΛΑΣ Α.Ε.Ε. (095259724),095259724,ΝΤΙΑΜΕΝΤ ΕΛΛΑΣ Α.Ε.Ε. (095259724),1983.26,,
9Π5Α4690ΒΧ-8ΥΡ,2026-02-24,ΕΝΤΑΛΜΑ ΠΛΗΡΩΜΗΣ ΙΔΙΩΤΙΚΟ ΔΙΑΓΝΩΣΤΙΚΟ ΕΡΓΑΣΤΗΡΙΟ - ΙΑΤΡΙΚΗ ΛΕΥΚΑΔΑΣ Ο.Ε. (ΥΓΕΙΑ ΛΕΥΚΑΔΑΣ) (800988821),800988821,ΙΔΙΩΤΙΚΟ ΔΙΑΓΝΩΣΤΙΚΟ ΕΡΓΑΣΤΗΡΙΟ - ΙΑΤΡΙΚΗ ΛΕΥΚΑΔΑΣ Ο.Ε. (ΥΓΕΙΑ ΛΕΥΚΑΔΑΣ) (800988821),1706.88,,
ΨΘΡΝ4690ΒΧ-ΔΘΧ,2026-02-24,ΕΝΤΑΛΜΑ ΠΛΗΡΩΜΗΣ Γ.  Χ. ΠΑΛΟΥΜΠΑΣ Ο.Ε. (091330530),091330530,Γ.  Χ. ΠΑΛΟΥΜΠΑΣ Ο.Ε. (091330530),141.86,,
ΡΦΗΧ4690ΒΧ-ΠΔΤ,2026-02-24,ΕΝΤΑΛΜΑ ΠΛΗΡΩΜΗΣ ΒΕΡΜΑ ΝΤΡΑΓΚΣ ΑΒΕΕ (099363426),099363426,ΒΕΡΜΑ ΝΤΡΑΓΚΣ ΑΒΕΕ (099363426),1683.7,,
9Τ7Ν4690ΒΧ-Γ7Ο,2026-02-24,ΕΝΤΑΛΜΑ ΠΛΗΡΩΜΗΣ ΒΕΡΜΑ ΝΤΡΑΓΚΣ ΑΒΕΕ (099363426),099363426,ΒΕΡΜΑ ΝΤΡΑΓΚΣ ΑΒΕΕ (099363426),2917.57,,
ΡΣ284690ΒΧ-ΞΟΧ,2026-02-24,ΕΝΤΑΛΜΑ ΠΛΗΡΩΜΗΣ ΑΤΛΑΣ ΜΕΝΤΙΚΑΛ ΕΠΕ (998413964),998413964,ΑΤΛΑΣ ΜΕΝΤΙΚΑΛ ΕΠΕ (998413964),56.14,,
ΨΙΨΜ4690ΒΧ-ΤΓΞ,2026-02-24,ΕΝΤΑΛΜΑ ΠΛΗΡΩΜΗΣ PAUL HARTMANN Hellas A.E. (999862491),999862491,PAUL HARTMANN Hellas A.E. (999862491),223.2,,
63ΑΡ4690ΒΧ-ΧΡΥ,2026-02-24,ΕΝΤΑΛΜΑ ΠΛΗΡΩΜΗΣ PAUL HARTMANN Hellas A.E. (999862491),999862491,PAUL HARTMANN Hellas A.E. (999862491),762.75,,
Ρ7Υ84690ΒΧ-2ΙΔ,2026-02-19,ΕΝΤΑΛΜΑ ΠΛΗΡΩΜΗΣ Medical Dynamics A.E. (801725809),801725809,Medical Dynamics A.E. (801725809),1988.8,,
9ΚΘ94690ΒΧ-ΨΔΒ,2026-02-19,ΕΝΤΑΛΜΑ ΠΛΗΡΩΜΗΣ Medical Dynamics A.E. (801725809),801725809,Medical Dynamics A.E. (801725809),994.4,,
9ΦΜΑ4690ΒΧ-Κ36,2026-02-19,ΕΝΤΑΛΜΑ ΠΛΗΡΩΜΗΣ Medical Dynamics A.E. (801725809),801725809,Medical Dynamics A.E. (801725809),3977.6,,
Ψ84Φ4690ΒΧ-9ΨΖ,2026-02-19,ΕΝΤΑΛΜΑ ΠΛΗΡΩΜΗΣ Medical Dynamics A.E. (801725809),801725809,Medical Dynamics A.E. (801725809),3977.6,,
ΡΛΝΣ4690ΒΧ-ΒΙΜ,2026-02-24,ΕΝΤΑΛΜΑ ΠΛΗΡΩΜΗΣ DIACHEL ΔΙΑΓΝ.-ΧΗΜ.ΟΡΓ.Ε.Π.Ε. (095341314),095341314,DIACHEL ΔΙΑΓΝ.-ΧΗΜ.ΟΡΓ.Ε.Π.Ε. (095341314),31.0,,
9ΘΕ74690ΒΧ-ΨΒΩ,2026-02-20,ΕΝΤΑΛΜΑ ΠΛΗΡΩΜΗΣ ΙΑΤΡΙΚΗ ΜΕΡΙΜΝΑ   ΥΓΕΙΑ Α.Ε. (094349547),094349547,ΙΑΤΡΙΚΗ ΜΕΡΙΜΝΑ   ΥΓΕΙΑ Α.Ε. (094349547),882.88,,
956Ν4690ΒΧ-ΜΟΟ,2026-02-20,ΕΝΤΑΛΜΑ ΠΛΗΡΩΜΗΣ ZIMMER BIOMET ΕΛΛΑΣ ΜΟΝ/ΠΗ Α.Ε (094437885),094437885,ZIMMER BIOMET ΕΛΛΑΣ ΜΟΝ/ΠΗ Α.Ε (094437885),4141.66,,
9ΒΥ44690ΒΧ-3ΗΨ,2026-02-20,ΕΝΤΑΛΜΑ ΠΛΗΡΩΜΗΣ ZIMMER BIOMET ΕΛΛΑΣ ΜΟΝ/ΠΗ Α.Ε (094437885),094437885,ZIMMER BIOMET ΕΛΛΑΣ ΜΟΝ/ΠΗ Α.Ε (094437885),4399.77,,
9ΖΓΔ4690ΒΧ-8ΕΣ,2026-02-20,ΕΝΤΑΛΜΑ ΠΛΗΡΩΜΗΣ ZIMMER BIOMET ΕΛΛΑΣ ΜΟΝ/ΠΗ Α.Ε (094437885),094437885,ZIMMER BIOMET ΕΛΛΑΣ ΜΟΝ/ΠΗ Α.Ε (094437885),4597.74,,
ΨΚΜΡ4690ΒΧ-4ΒΩ,2026-02-20,ΕΝΤΑΛΜΑ ΠΛΗΡΩΜΗΣ ZIMMER BIOMET ΕΛΛΑΣ ΜΟΝ/ΠΗ Α.Ε (094437885),094437885,ZIMMER BIOMET ΕΛΛΑΣ ΜΟΝ/ΠΗ Α.Ε (094437885),3853.99,,
ΡΕΩΕ4690ΒΧ-ΑΕΤ,2026-02-20,ΕΝΤΑΛΜΑ ΠΛΗΡΩΜΗΣ ZIMMER BIOMET ΕΛΛΑΣ ΜΟΝ/ΠΗ Α.Ε (094437885),094437885,ZIMMER BIOMET ΕΛΛΑΣ ΜΟΝ/ΠΗ Α.Ε (094437885),4474.8,,
9Ω4Α4690ΒΧ-9Γ8,2026-02-20,ΕΝΤΑΛΜΑ ΠΛΗΡΩΜΗΣ ZIMMER BIOMET ΕΛΛΑΣ ΜΟΝ/ΠΗ Α.Ε (094437885),094437885,ZIMMER BIOMET ΕΛΛΑΣ ΜΟΝ/ΠΗ Α.Ε (094437885),4706.45,,
9ΑΚ44690ΒΧ-ΚΚΟ,2026-02-20,ΕΝΤΑΛΜΑ ΠΛΗΡΩΜΗΣ ZIMMER BIOMET ΕΛΛΑΣ ΜΟΝ/ΠΗ Α.Ε (094437885),094437885,ZIMMER BIOMET ΕΛΛΑΣ ΜΟΝ/ΠΗ Α.Ε (094437885),4496.72,,
Ρ52Φ4690ΒΧ-ΧΔ7,2026-02-20,ΕΝΤΑΛΜΑ ΠΛΗΡΩΜΗΣ ZIMMER BIOMET ΕΛΛΑΣ ΜΟΝ/ΠΗ Α.Ε (094437885),094437885,ZIMMER BIOMET ΕΛΛΑΣ ΜΟΝ/ΠΗ Α.Ε (094437885),4322.91,,
ΨΑΔΥ4690ΒΧ-ΩΗΝ,2026-02-20,ΕΝΤΑΛΜΑ ΠΛΗΡΩΜΗΣ ZIMMER BIOMET ΕΛΛΑΣ ΜΟΝ/ΠΗ Α.Ε (094437885),094437885,ZIMMER BIOMET ΕΛΛΑΣ ΜΟΝ/ΠΗ Α.Ε (094437885),5487.05,,
9ΙΑ84690ΒΧ-ΖΜΣ,2026-02-20,ΕΝΤΑΛΜΑ ΠΛΗΡΩΜΗΣ RONTIS HELLAS AEBE (095335610),095335610,RONTIS HELLAS AEBE (095335610),4927.53,,
ΨΣΚ94690ΒΧ-ΘΑΖ,2026-02-20,ΕΝΤΑΛΜΑ ΠΛΗΡΩΜΗΣ RONTIS HELLAS AEBE (095335610),095335610,RONTIS HELLAS AEBE (095335610),4691.95,,
9Ι714690ΒΧ-ΣΚΝ,2026-02-20,ΕΝΤΑΛΜΑ ΠΛΗΡΩΜΗΣ NEW DIAGNOSTIC DIMENSION LTD (095618368),095618368,NEW DIAGNOSTIC DIMENSION LTD (095618368),315.88,,
9Ν5Ε4690ΒΧ-39Ρ,2026-02-20,ΕΝΤΑΛΜΑ ΠΛΗΡΩΜΗΣ NEW DIAGNOSTIC DIMENSION LTD (095618368),095618368,NEW DIAGNOSTIC DIMENSION LTD (095618368),78.44,,
9ΣΧΓ4690ΒΧ-ΗΒΡ,2026-02-20,ΕΝΤΑΛΜΑ ΠΛΗΡΩΜΗΣ NEW DIAGNOSTIC DIMENSION LTD (095618368),095618368,NEW DIAGNOSTIC DIMENSION LTD (095618368),1094.98,,
ΨΩΤΩ4690ΒΧ-6ΨΒ,2026-02-17,ΕΝΤΑΛΜΑ ΠΛΗΡΩΜΗΣ KARL STORZ-ΕΝΔΟΣΚΟΠΙΑ ΕΛΛΑΔΟΣ Ε.Π.Ε (998361490),998361490,KARL STORZ-ΕΝΔΟΣΚΟΠΙΑ ΕΛΛΑΔΟΣ Ε.Π.Ε (998361490),1401.2,,
ΨΙΙΦ4690ΒΧ-ΔΥΘ,2026-02-17,ΕΝΤΑΛΜΑ ΠΛΗΡΩΜΗΣ KARL STORZ-ΕΝΔΟΣΚΟΠΙΑ ΕΛΛΑΔΟΣ Ε.Π.Ε (998361490),998361490,KARL STORZ-ΕΝΔΟΣΚΟΠΙΑ ΕΛΛΑΔΟΣ Ε.Π.Ε (998361490),3546.4,,
9Σ524690ΒΧ-8ΨΜ,2026-02-17,ΕΝΤΑΛΜΑ ΠΛΗΡΩΜΗΣ KARL STORZ-ΕΝΔΟΣΚΟΠΙΑ ΕΛΛΑΔΟΣ Ε.Π.Ε (998361490),998361490,KARL STORZ-ΕΝΔΟΣΚΟΠΙΑ ΕΛΛΑΔΟΣ Ε.Π.Ε (998361490),4828.06,,
ΨΙΧΝ4690ΒΧ-ΩΙ5,2026-02-17,ΕΝΤΑΛΜΑ ΠΛΗΡΩΜΗΣ KARL STORZ-ΕΝΔΟΣΚΟΠΙΑ ΕΛΛΑΔΟΣ Ε.Π.Ε (998361490),998361490,KARL STORZ-ΕΝΔΟΣΚΟΠΙΑ ΕΛΛΑΔΟΣ Ε.Π.Ε (998361490),930.0,,
ΨΨΥ24690ΒΧ-Λ1Ω,2026-02-19,ΕΝΤΑΛΜΑ ΠΛΗΡΩΜΗΣ DMPS LTD (998333221),998333221,DMPS LTD (998333221),2857.66,,
ΡΘΛ74690ΒΧ-3Α8,2026-02-19,ΕΝΤΑΛΜΑ ΠΛΗΡΩΜΗΣ DMPS LTD (998333221),998333221,DMPS LTD (998333221),2737.54,,
ΡΓΟΧ4690ΒΧ-ΤΧ3,2026-02-19,ΕΝΤΑΛΜΑ ΠΛΗΡΩΜΗΣ DMPS LTD (998333221),998333221,DMPS LTD (998333221),1078.02,,
9ΞΘ74690ΒΧ-Υ03,2026-02-20,ΕΝΤΑΛΜΑ ΠΛΗΡΩΜΗΣ BIOTRANS A.E (999506681),999506681,BIOTRANS A.E (999506681),1585.83,,
ΨΕΡΔ4690ΒΧ-ΗΓΡ,2026-02-19,ΕΝΤΑΛΜΑ ΠΛΗΡΩΜΗΣ ΠΑΝΤΕΛΑΚΗ ΕΛΠΙΔΑ SMED (047855029),047855029,ΠΑΝΤΕΛΑΚΗ ΕΛΠΙΔΑ SMED (047855029),170.86,,
ΨΟΗΑ4690ΒΧ-ΘΛΥ,2026-02-19,ΕΝΤΑΛΜΑ ΠΛΗΡΩΜΗΣ ΙΑΤΡΙΚΑ ΒΟΗΘΗΜΑΤΑ Ι.Κ.Ε (999815729),999815729,ΙΑΤΡΙΚΑ ΒΟΗΘΗΜΑΤΑ Ι.Κ.Ε (999815729),289.91,,
6ΖΣ94690ΒΧ-ΑΒΚ,2026-02-19,ΕΝΤΑΛΜΑ ΠΛΗΡΩΜΗΣ ΙΑΤΡΙΚΑ ΒΟΗΘΗΜΑΤΑ Ι.Κ.Ε (999815729),999815729,ΙΑΤΡΙΚΑ ΒΟΗΘΗΜΑΤΑ Ι.Κ.Ε (999815729),430.48,,
98ΔΙ4690ΒΧ-Ι4Ω,2026-02-19,ΕΝΤΑΛΜΑ ΠΛΗΡΩΜΗΣ ΕΡΓΟΣΥΣΤΕΜΣ ΕΠΕ (095457728),095457728,ΕΡΓΟΣΥΣΤΕΜΣ ΕΠΕ (095457728),524.87,,
6ΣΣΔ4690ΒΧ-97Β,2026-02-19,ΕΝΤΑΛΜΑ ΠΛΗΡΩΜΗΣ Α.ΚΑΡΥΠΙΔΗΣ Α.Β.Ε.Ε (094098300),094098300,Α.ΚΑΡΥΠΙΔΗΣ Α.Β.Ε.Ε (094098300),5360.42,,
Ψ09Θ4690ΒΧ-ΘΑΒ,2026-02-19,ΕΝΤΑΛΜΑ ΠΛΗΡΩΜΗΣ Y-LOGIMED  Μ.Α.Ε (094446034),094446034,Y-LOGIMED  Μ.Α.Ε (094446034),384.4,,
ΨΚΔΦ4690ΒΧ-Α5Κ,2026-02-19,ΕΝΤΑΛΜΑ ΠΛΗΡΩΜΗΣ Y-LOGIMED  Μ.Α.Ε (094446034),094446034,Y-LOGIMED  Μ.Α.Ε (094446034),135.6,,
9ΟΑΛ4690ΒΧ-ΣΙ8,2026-02-19,ΕΝΤΑΛΜΑ ΠΛΗΡΩΜΗΣ Y-LOGIMED  Μ.Α.Ε (094446034),094446034,Y-LOGIMED  Μ.Α.Ε (094446034),427.8,,
9ΨΜΟ4690ΒΧ-Υ70,2026-02-19,ΕΝΤΑΛΜΑ ΠΛΗΡΩΜΗΣ NUVAMED I.K.E. (800838529),800838529,NUVAMED I.K.E. (800838529),1953.58,,
ΨΜΤ04690ΒΧ-ΑΒΦ,2026-02-19,ΕΝΤΑΛΜΑ ΠΛΗΡΩΜΗΣ JTI DYNAMIC E.E (801354822),801354822,JTI DYNAMIC E.E (801354822),742.7,,
Ρ1ΩΔ4690ΒΧ-4Ψ4,2026-02-19,ΕΝΤΑΛΜΑ ΠΛΗΡΩΜΗΣ Health and Iasis Medical Products (800572342),800572342,Health and Iasis Medical Products (800572342),2028.37,,
ΡΕ0Τ4690ΒΧ-ΑΝΘ,2026-02-19,ΕΝΤΑΛΜΑ ΠΛΗΡΩΜΗΣ Health and Iasis Medical Products (800572342),800572342,Health and Iasis Medical Products (800572342),3160.45,,
Ρ7ΗΨ4690ΒΧ-ΕΡΣ,2026-02-19,ΕΝΤΑΛΜΑ ΠΛΗΡΩΜΗΣ Health and Iasis Medical Products (800572342),800572342,Health and Iasis Medical Products (800572342),4179.34,,
ΨΚ6Ι4690ΒΧ-Ι4Ν,2026-02-19,ΕΝΤΑΛΜΑ ΠΛΗΡΩΜΗΣ GENESING TREATMENT IKE (801408748),801408748,GENESING TREATMENT IKE (801408748),1457.7,,
ΨΦΗ44690ΒΧ-ΘΒΓ,2026-02-19,ΕΝΤΑΛΜΑ ΠΛΗΡΩΜΗΣ CLEAN WASH EXPRESS ΜΟΝΟΠΡΟΣΩΠΗ Ι.Κ.Ε. (802560756),802560756,CLEAN WASH EXPRESS ΜΟΝΟΠΡΟΣΩΠΗ Ι.Κ.Ε. (802560756),7115.31,,
9ΣΥΣ4690ΒΧ-ΩΘΦ,2026-02-19,ΕΝΤΑΛΜΑ ΠΛΗΡΩΜΗΣ AXION HEALTH (800384318),800384318,AXION HEALTH (800384318),926.6,,
68ΚΝ4690ΒΧ-3ΒΙ,2026-02-18,ΕΝΤΑΛΜΑ ΠΛΗΡΩΜΗΣ ΚΑΧΙΩΝΗΣ Α.Π.ΙΩΑΚΕΙΜΙΔΟΥ Ο.Ε KI-Constructions (998170464),998170464,ΚΑΧΙΩΝΗΣ Α.Π.ΙΩΑΚΕΙΜΙΔΟΥ Ο.Ε KI-Constructions (998170464),41.17,,
Ε6ΘΜ4690ΒΧ-ΘΨΔ,2026-02-18,ΕΝΤΑΛΜΑ ΠΛΗΡΩΜΗΣ ΚΑΧΙΩΝΗΣ Α.Π.ΙΩΑΚΕΙΜΙΔΟΥ Ο.Ε KI-Constructions (998170464),998170464,ΚΑΧΙΩΝΗΣ Α.Π.ΙΩΑΚΕΙΜΙΔΟΥ Ο.Ε KI-Constructions (998170464),808.48,,
ΡΨΣΛ4690ΒΧ-ΦΤ3,2026-02-18,ΕΝΤΑΛΜΑ ΠΛΗΡΩΜΗΣ ΟΔΟΝΤΟΠΡΟΜΗΘΕΥΤΙΚΗ ΓΕΩΡΓΑΚΑΣ ΚΩΝΣΤΑΝΤΙΝΟΣ (062216690),062216690,ΟΔΟΝΤΟΠΡΟΜΗΘΕΥΤΙΚΗ ΓΕΩΡΓΑΚΑΣ ΚΩΝΣΤΑΝΤΙΝΟΣ (062216690),223.2,,
ΨΤ1Υ4690ΒΧ-Δ7Α,2026-02-18,ΕΝΤΑΛΜΑ ΠΛΗΡΩΜΗΣ Trauma Care Μονοπρόσωπη ΕΠΕ (800811818),800811818,Trauma Care Μονοπρόσωπη ΕΠΕ (800811818),3375.1,,
ΡΠ9Ι4690ΒΧ-ΦΑΙ,2026-02-18,ΕΝΤΑΛΜΑ ΠΛΗΡΩΜΗΣ Trauma Care Μονοπρόσωπη ΕΠΕ (800811818),800811818,Trauma Care Μονοπρόσωπη ΕΠΕ (800811818),3839.3,,
ΨΞΟΧ4690ΒΧ-7Ι8,2026-02-18,ΕΝΤΑΛΜΑ ΠΛΗΡΩΜΗΣ Trauma Care Μονοπρόσωπη ΕΠΕ (800811818),800811818,Trauma Care Μονοπρόσωπη ΕΠΕ (800811818),4944.74,,
9Ζ6Τ4690ΒΧ-ΚΗΛ,2026-02-18,ΕΝΤΑΛΜΑ ΠΛΗΡΩΜΗΣ Trauma Care Μονοπρόσωπη ΕΠΕ (800811818),800811818,Trauma Care Μονοπρόσωπη ΕΠΕ (800811818),4190.88,,
9Χ804690ΒΧ-ΜΚΖ,2026-02-18,ΕΝΤΑΛΜΑ ΠΛΗΡΩΜΗΣ Trauma Care Μονοπρόσωπη ΕΠΕ (800811818),800811818,Trauma Care Μονοπρόσωπη ΕΠΕ (800811818),1253.5,,
9ΗΚ84690ΒΧ-6ΒΙ,2026-02-18,ΕΝΤΑΛΜΑ ΠΛΗΡΩΜΗΣ Trauma Care Μονοπρόσωπη ΕΠΕ (800811818),800811818,Trauma Care Μονοπρόσωπη ΕΠΕ (800811818),4280.78,,
ΡΗΦΣ4690ΒΧ-7ΓΣ,2026-02-18,ΕΝΤΑΛΜΑ ΠΛΗΡΩΜΗΣ Trauma Care Μονοπρόσωπη ΕΠΕ (800811818),800811818,Trauma Care Μονοπρόσωπη ΕΠΕ (800811818),3469.09,,
ΡΠΞ44690ΒΧ-ΞΘ8,2026-02-18,ΕΝΤΑΛΜΑ ΠΛΗΡΩΜΗΣ PROGNOSIS BIOTECH Α.Ε. (997845150),997845150,PROGNOSIS BIOTECH Α.Ε. (997845150),902.8,,
93664690ΒΧ-8ΟΞ,2026-02-18,ΕΝΤΑΛΜΑ ΠΛΗΡΩΜΗΣ EpiMed ΝΕΑ ΕΠΙΜΕΝΤ ΜΕΠΕ (999723663),999723663,EpiMed ΝΕΑ ΕΠΙΜΕΝΤ ΜΕΠΕ (999723663),1612.0,,
Ρ64Ψ4690ΒΧ-ΥΦ8,2026-02-18,ΕΝΤΑΛΜΑ ΠΛΗΡΩΜΗΣ EpiMed ΝΕΑ ΕΠΙΜΕΝΤ ΜΕΠΕ (999723663),999723663,EpiMed ΝΕΑ ΕΠΙΜΕΝΤ ΜΕΠΕ (999723663),18600.0,,
93ΚΚ4690ΒΧ-8ΑΕ,2026-02-18,ΕΝΤΑΛΜΑ ΠΛΗΡΩΜΗΣ BIOGENESYS IKE (099805952),099805952,BIOGENESYS IKE (099805952),2575.27,,
ΡΛΖΧ4690ΒΧ-ΑΥ1,2026-02-18,ΕΝΤΑΛΜΑ ΠΛΗΡΩΜΗΣ BIOGENESYS IKE (099805952),099805952,BIOGENESYS IKE (099805952),1952.64,,
Ψ1Α74690ΒΧ-ΡΑΝ,2026-02-18,ΕΝΤΑΛΜΑ ΠΛΗΡΩΜΗΣ BIOGENESYS IKE (099805952),099805952,BIOGENESYS IKE (099805952),2526.68,,
ΨΔΡ94690ΒΧ-Γ7Ν,2026-02-18,ΕΝΤΑΛΜΑ ΠΛΗΡΩΜΗΣ BIOGENESYS IKE (099805952),099805952,BIOGENESYS IKE (099805952),4135.8,,
ΨΕΓ14690ΒΧ-Χ2Φ,2026-02-18,ΕΝΤΑΛΜΑ ΠΛΗΡΩΜΗΣ BIOGENESYS IKE (099805952),099805952,BIOGENESYS IKE (099805952),4518.87,,
905Α4690ΒΧ-ΗΞ7,2026-02-16,ΕΝΤΑΛΜΑ ΠΛΗΡΩΜΗΣ ΜΑΡΚΟΓΛΟΥ Λ.ΜΑΡΙΟΣ - ΚΕΝΤΡΟ ΑΝΤΛΙΑΣ (059962858),059962858,ΜΑΡΚΟΓΛΟΥ Λ.ΜΑΡΙΟΣ - ΚΕΝΤΡΟ ΑΝΤΛΙΑΣ (059962858),861.9,,
Ψ86Π4690ΒΧ-574,2026-02-16,ΕΝΤΑΛΜΑ ΠΛΗΡΩΜΗΣ ΓΚΑΤΕΞ Α.Ε MEDICAL SUPLIES (093573836),093573836,ΓΚΑΤΕΞ Α.Ε MEDICAL SUPLIES (093573836),207.76,,
ΨΑ4Κ4690ΒΧ-Ν7Α,2026-02-17,ΕΝΤΑΛΜΑ ΠΛΗΡΩΜΗΣ ΑΝΑΣΤΑΣΙΟΣ ΜΑΥΡΟΓΕΝΗΣ Α.Ε. (082525697),082525697,ΑΝΑΣΤΑΣΙΟΣ ΜΑΥΡΟΓΕΝΗΣ Α.Ε. (082525697),4612.8,,
9ΦΥ54690ΒΧ-ΨΧΧ,2026-02-17,ΕΝΤΑΛΜΑ ΠΛΗΡΩΜΗΣ ΑΝΑΣΤΑΣΙΟΣ ΜΑΥΡΟΓΕΝΗΣ Α.Ε. (082525697),082525697,ΑΝΑΣΤΑΣΙΟΣ ΜΑΥΡΟΓΕΝΗΣ Α.Ε. (082525697),231.54,,
6ΖΞΙ4690ΒΧ-3ΡΚ,2026-02-17,ΕΝΤΑΛΜΑ ΠΛΗΡΩΜΗΣ ΑΝΑΣΤΑΣΙΟΣ ΜΑΥΡΟΓΕΝΗΣ Α.Ε. (082525697),082525697,ΑΝΑΣΤΑΣΙΟΣ ΜΑΥΡΟΓΕΝΗΣ Α.Ε. (082525697),3467.9,,
Ψ5Ζ04690ΒΧ-4ΘΙ,2026-02-17,ΕΝΤΑΛΜΑ ΠΛΗΡΩΜΗΣ ΑΝΑΣΤΑΣΙΟΣ ΜΑΥΡΟΓΕΝΗΣ Α.Ε. (082525697),082525697,ΑΝΑΣΤΑΣΙΟΣ ΜΑΥΡΟΓΕΝΗΣ Α.Ε. (082525697),3318.29,,
9ΙΧΓ4690ΒΧ-ΩΙΩ,2026-02-17,ΕΝΤΑΛΜΑ ΠΛΗΡΩΜΗΣ ΑΝΑΣΤΑΣΙΟΣ ΜΑΥΡΟΓΕΝΗΣ Α.Ε. (082525697),082525697,ΑΝΑΣΤΑΣΙΟΣ ΜΑΥΡΟΓΕΝΗΣ Α.Ε. (082525697),449.38,,
92144690ΒΧ-Δ4Γ,2026-02-17,ΕΝΤΑΛΜΑ ΠΛΗΡΩΜΗΣ ΑΝΑΣΤΑΣΙΟΣ ΜΑΥΡΟΓΕΝΗΣ Α.Ε. (082525697),082525697,ΑΝΑΣΤΑΣΙΟΣ ΜΑΥΡΟΓΕΝΗΣ Α.Ε. (082525697),4669.62,,
9ΞΨΙ4690ΒΧ-ΡΒΚ,2026-02-17,ΕΝΤΑΛΜΑ ΠΛΗΡΩΜΗΣ ΑΝΑΣΤΑΣΙΟΣ ΜΑΥΡΟΓΕΝΗΣ Α.Ε. (082525697),082525697,ΑΝΑΣΤΑΣΙΟΣ ΜΑΥΡΟΓΕΝΗΣ Α.Ε. (082525697),2135.7,,
6ΖΙΟ4690ΒΧ-ΚΕ1,2026-02-17,ΕΝΤΑΛΜΑ ΠΛΗΡΩΜΗΣ ΑΝΑΣΤΑΣΙΟΣ ΜΑΥΡΟΓΕΝΗΣ Α.Ε. (082525697),082525697,ΑΝΑΣΤΑΣΙΟΣ ΜΑΥΡΟΓΕΝΗΣ Α.Ε. (082525697),2131.14,,
ΕΠΔΖ4690ΒΧ-ΑΥΓ,2026-02-17,ΕΝΤΑΛΜΑ ΠΛΗΡΩΜΗΣ ΑΝΑΣΤΑΣΙΟΣ ΜΑΥΡΟΓΕΝΗΣ Α.Ε. (082525697),082525697,ΑΝΑΣΤΑΣΙΟΣ ΜΑΥΡΟΓΕΝΗΣ Α.Ε. (082525697),4704.25,,
ΕΩ3Φ4690ΒΧ-ΦΤΥ,2026-02-17,ΕΝΤΑΛΜΑ ΠΛΗΡΩΜΗΣ ΑΝΑΣΤΑΣΙΟΣ ΜΑΥΡΟΓΕΝΗΣ Α.Ε. (082525697),082525697,ΑΝΑΣΤΑΣΙΟΣ ΜΑΥΡΟΓΕΝΗΣ Α.Ε. (082525697),2599.0,,
6Υ804690ΒΧ-Π6Δ,2026-02-17,ΕΝΤΑΛΜΑ ΠΛΗΡΩΜΗΣ ΑΝΑΣΤΑΣΙΟΣ ΜΑΥΡΟΓΕΝΗΣ Α.Ε. (082525697),082525697,ΑΝΑΣΤΑΣΙΟΣ ΜΑΥΡΟΓΕΝΗΣ Α.Ε. (082525697),136.28,,
ΕΩΗΛ4690ΒΧ-Υ2Ι,2026-02-17,ΕΝΤΑΛΜΑ ΠΛΗΡΩΜΗΣ ΑΝΑΣΤΑΣΙΟΣ ΜΑΥΡΟΓΕΝΗΣ Α.Ε. (082525697),082525697,ΑΝΑΣΤΑΣΙΟΣ ΜΑΥΡΟΓΕΝΗΣ Α.Ε. (082525697),4522.69,,
9Ι7Υ4690ΒΧ-7ΓΨ,2026-02-17,ΕΝΤΑΛΜΑ ΠΛΗΡΩΜΗΣ ΑΝΑΣΤΑΣΙΟΣ ΜΑΥΡΟΓΕΝΗΣ Α.Ε. (082525697),082525697,ΑΝΑΣΤΑΣΙΟΣ ΜΑΥΡΟΓΕΝΗΣ Α.Ε. (082525697),4665.06,,
ΨΩ374690ΒΧ-ΠΘΧ,2026-02-17,ΕΝΤΑΛΜΑ ΠΛΗΡΩΜΗΣ ΑΝΑΣΤΑΣΙΟΣ ΜΑΥΡΟΓΕΝΗΣ Α.Ε. (082525697),082525697,ΑΝΑΣΤΑΣΙΟΣ ΜΑΥΡΟΓΕΝΗΣ Α.Ε. (082525697),4832.14,,
9ΚΜ04690ΒΧ-ΘΛ0,2026-02-16,ΕΝΤΑΛΜΑ ΠΛΗΡΩΜΗΣ ΑΝΑΣΤΑΣΙΟΣ ΔΙΓΚΑΣ Ι.Κ.Ε. (997826122),997826122,ΑΝΑΣΤΑΣΙΟΣ ΔΙΓΚΑΣ Ι.Κ.Ε. (997826122),1819.83,,
ΨΨΑΘ4690ΒΧ-ΗΙΕ,2026-02-16,ΕΝΤΑΛΜΑ ΠΛΗΡΩΜΗΣ ΑΝΑΣΤΑΣΙΟΣ ΔΙΓΚΑΣ Ι.Κ.Ε. (997826122),997826122,ΑΝΑΣΤΑΣΙΟΣ ΔΙΓΚΑΣ Ι.Κ.Ε. (997826122),2232.0,,
ΕΨΕ14690ΒΧ-3Δ6,2026-02-16,ΕΝΤΑΛΜΑ ΠΛΗΡΩΜΗΣ ΑΝΑΣΤΑΣΙΟΣ ΔΙΓΚΑΣ Ι.Κ.Ε. (997826122),997826122,ΑΝΑΣΤΑΣΙΟΣ ΔΙΓΚΑΣ Ι.Κ.Ε. (997826122),612.56,,
ΨΕΛΚ4690ΒΧ-98Ο,2026-02-16,ΕΝΤΑΛΜΑ ΠΛΗΡΩΜΗΣ ΑΝΑΓΝΩΣΤΟΥ ΧΡΙΣΤΟΔΟΥΛΟΣ   ΣΙΑ Ε.Ε (800324752),800324752,ΑΝΑΓΝΩΣΤΟΥ ΧΡΙΣΤΟΔΟΥΛΟΣ   ΣΙΑ Ε.Ε (800324752),82.94,,
98Ο44690ΒΧ-ΑΙ1,2026-02-16,ΕΝΤΑΛΜΑ ΠΛΗΡΩΜΗΣ VAKTRO SCIENTIFIC ΣΤΑΥΡΟΣ ΑΓΓΕΛΟΠΟΥΛΟΣ   ΣΙΑ Ο.Ε (084221869),084221869,VAKTRO SCIENTIFIC ΣΤΑΥΡΟΣ ΑΓΓΕΛΟΠΟΥΛΟΣ   ΣΙΑ Ο.Ε (084221869),1751.4,,
Ρ35Β4690ΒΧ-Θ0Φ,2026-02-16,ΕΝΤΑΛΜΑ ΠΛΗΡΩΜΗΣ VAKTRO SCIENTIFIC ΣΤΑΥΡΟΣ ΑΓΓΕΛΟΠΟΥΛΟΣ   ΣΙΑ Ο.Ε (084221869),084221869,VAKTRO SCIENTIFIC ΣΤΑΥΡΟΣ ΑΓΓΕΛΟΠΟΥΛΟΣ   ΣΙΑ Ο.Ε (084221869),4586.2,,
ΨΔΕ84690ΒΧ-2ΡΟ,2026-02-16,ΕΝΤΑΛΜΑ ΠΛΗΡΩΜΗΣ VAKTRO SCIENTIFIC ΣΤΑΥΡΟΣ ΑΓΓΕΛΟΠΟΥΛΟΣ   ΣΙΑ Ο.Ε (084221869),084221869,VAKTRO SCIENTIFIC ΣΤΑΥΡΟΣ ΑΓΓΕΛΟΠΟΥΛΟΣ   ΣΙΑ Ο.Ε (084221869),3123.6,,
6ΤΣΕ4690ΒΧ-ΟΙ3,2026-02-16,ΕΝΤΑΛΜΑ ΠΛΗΡΩΜΗΣ VAKTRO SCIENTIFIC ΣΤΑΥΡΟΣ ΑΓΓΕΛΟΠΟΥΛΟΣ   ΣΙΑ Ο.Ε (084221869),084221869,VAKTRO SCIENTIFIC ΣΤΑΥΡΟΣ ΑΓΓΕΛΟΠΟΥΛΟΣ   ΣΙΑ Ο.Ε (084221869),148.4,,
Ψ5ΖΠ4690ΒΧ-75Β,2026-02-17,ΕΝΤΑΛΜΑ ΠΛΗΡΩΜΗΣ MEDI SUP AE (094447320),094447320,MEDI SUP AE (094447320),773.76,,
Ψ11Ν4690ΒΧ-ΥΜΓ,2026-02-17,ΕΝΤΑΛΜΑ ΠΛΗΡΩΜΗΣ MEDI SUP AE (094447320),094447320,MEDI SUP AE (094447320),711.76,,
9Ο0Τ4690ΒΧ-80Φ,2026-02-17,ΕΝΤΑΛΜΑ ΠΛΗΡΩΜΗΣ LERIVA Α.Ε. (997985840),997985840,LERIVA Α.Ε. (997985840),1166.6,,
ΡΙΜΧ4690ΒΧ-ΞΥΖ,2026-02-18,ΕΝΤΑΛΜΑ ΠΛΗΡΩΜΗΣ INSIDE ΙΑΤΡΙΚΕΣ ΤΕΧΝΟΛΟΓΙΕΣ ΜΟΝΟΠΡΟΣΩΠΗ Ι.Κ.Ε. (800777790),800777790,INSIDE ΙΑΤΡΙΚΕΣ ΤΕΧΝΟΛΟΓΙΕΣ ΜΟΝΟΠΡΟΣΩΠΗ Ι.Κ.Ε. (800777790),132.68,,
ΨΡ1Π4690ΒΧ-ΔΚ9,2026-02-18,ΕΝΤΑΛΜΑ ΠΛΗΡΩΜΗΣ INSIDE ΙΑΤΡΙΚΕΣ ΤΕΧΝΟΛΟΓΙΕΣ ΜΟΝΟΠΡΟΣΩΠΗ Ι.Κ.Ε. (800777790),800777790,INSIDE ΙΑΤΡΙΚΕΣ ΤΕΧΝΟΛΟΓΙΕΣ ΜΟΝΟΠΡΟΣΩΠΗ Ι.Κ.Ε. (800777790),110.29,,
9ΚΜΩ4690ΒΧ-ΙΞΡ,2026-02-18,ΕΝΤΑΛΜΑ ΠΛΗΡΩΜΗΣ INSIDE ΙΑΤΡΙΚΕΣ ΤΕΧΝΟΛΟΓΙΕΣ ΜΟΝΟΠΡΟΣΩΠΗ Ι.Κ.Ε. (800777790),800777790,INSIDE ΙΑΤΡΙΚΕΣ ΤΕΧΝΟΛΟΓΙΕΣ ΜΟΝΟΠΡΟΣΩΠΗ Ι.Κ.Ε. (800777790),1544.4,,
9Γ6Μ4690ΒΧ-ΥΑΜ,2026-02-18,ΕΝΤΑΛΜΑ ΠΛΗΡΩΜΗΣ INSIDE ΙΑΤΡΙΚΕΣ ΤΕΧΝΟΛΟΓΙΕΣ ΜΟΝΟΠΡΟΣΩΠΗ Ι.Κ.Ε. (800777790),800777790,INSIDE ΙΑΤΡΙΚΕΣ ΤΕΧΝΟΛΟΓΙΕΣ ΜΟΝΟΠΡΟΣΩΠΗ Ι.Κ.Ε. (800777790),51.46,,
9Ν7Δ4690ΒΧ-Α2Π,2026-02-16,ΕΝΤΑΛΜΑ ΠΛΗΡΩΜΗΣ EUROSUPPLIES IKE (997776974),997776974,EUROSUPPLIES IKE (997776974),401.76,,
ΨΓΑΣ4690ΒΧ-4Φ2,2026-02-16,ΕΝΤΑΛΜΑ ΠΛΗΡΩΜΗΣ EUROSUPPLIES IKE (997776974),997776974,EUROSUPPLIES IKE (997776974),241.18,,
ΕΟΓ94690ΒΧ-ΔΕΒ,2026-02-16,ΕΝΤΑΛΜΑ ΠΛΗΡΩΜΗΣ C.Ι.T.Y CARS Ε.Π.Ε ΝΙΚ.ΠΑΠΑΝΤΩΝΙΟΥ ΙΩΑΝ.ΠΑΠΑΝΙΚΟΛΑΟΥ Ε.Π.Ε (998166696),998166696,C.Ι.T.Y CARS Ε.Π.Ε ΝΙΚ.ΠΑΠΑΝΤΩΝΙΟΥ ΙΩΑΝ.ΠΑΠΑΝΙΚΟΛΑΟΥ Ε.Π.Ε (998166696),905.83,,
ΡΜΔΤ4690ΒΧ-ΤΨΝ,2026-02-11,ΕΝΤΑΛΜΑ ΠΛΗΡΩΜΗΣ ΔΗΜ.ΕΠΙΧ/ΣΗ ΗΛΕΚΤΡΙΣΜΟΥ ΑΕ (090000045),090000045,ΔΗΜ.ΕΠΙΧ/ΣΗ ΗΛΕΚΤΡΙΣΜΟΥ ΑΕ (090000045),71666.24,,
9Η7Ρ4690ΒΧ-0ΣΠ,2026-02-18,ΕΝΤΑΛΜΑ ΠΛΗΡΩΜΗΣ '' MART HELLAS S.A'' (999401508),999401508,'' MART HELLAS S.A'' (999401508),824.6,,
6ΜΕ14690ΒΧ-ΗΨΥ,2026-02-13,ΕΝΤΑΛΜΑ ΠΛΗΡΩΜΗΣ INTER MEDICA ΕΜΜ.Τ.ΤΖΑΝΙΔΑΚΗΣ (011651035),011651035,INTER MEDICA ΕΜΜ.Τ.ΤΖΑΝΙΔΑΚΗΣ (011651035),793.6,,
ΡΗΤΔ4690ΒΧ-ΓΘΝ,2026-02-12,ΕΝΤΑΛΜΑ ΠΛΗΡΩΜΗΣ ΣΤΑΥΡΟΥ ΑΝΔΡΕΑΣ (069950462),069950462,ΣΤΑΥΡΟΥ ΑΝΔΡΕΑΣ (069950462),254.2,,
9ΡΥ74690ΒΧ-Κ7Θ,2026-02-12,ΕΝΤΑΛΜΑ ΠΛΗΡΩΜΗΣ ΠΑΝ/ΜΙΟ ΑΘΗΝΩΝ-ΠΑΘ/ΓΙΚΟ ΑΝΑΤΟΜ (090145420),090145420,ΠΑΝ/ΜΙΟ ΑΘΗΝΩΝ-ΠΑΘ/ΓΙΚΟ ΑΝΑΤΟΜ (090145420),2273.58,,
93Μ14690ΒΧ-ΥΑΨ,2026-02-12,ΕΝΤΑΛΜΑ ΠΛΗΡΩΜΗΣ ΞΕΝΟΦΩΝ ΓΕΡΜΑΝΟΣ Α.Ε.Ε. (094326835),094326835,ΞΕΝΟΦΩΝ ΓΕΡΜΑΝΟΣ Α.Ε.Ε. (094326835),688.18,,
92ΒΨ4690ΒΧ-672,2026-02-12,ΕΝΤΑΛΜΑ ΠΛΗΡΩΜΗΣ ΞΕΝΟΦΩΝ ΓΕΡΜΑΝΟΣ Α.Ε.Ε. (094326835),094326835,ΞΕΝΟΦΩΝ ΓΕΡΜΑΝΟΣ Α.Ε.Ε. (094326835),2254.73,,
9ΑΤΗ4690ΒΧ-Σ4Π,2026-02-12,ΕΝΤΑΛΜΑ ΠΛΗΡΩΜΗΣ ΞΕΝΟΦΩΝ ΓΕΡΜΑΝΟΣ Α.Ε.Ε. (094326835),094326835,ΞΕΝΟΦΩΝ ΓΕΡΜΑΝΟΣ Α.Ε.Ε. (094326835),1118.21,,
Ψ4ΣΥ4690ΒΧ-Β10,2026-02-12,ΕΝΤΑΛΜΑ ΠΛΗΡΩΜΗΣ ΝΙΚ.Ι.ΛΑΊΝΙΩΤΗΣ Α.Ε.Β.Ε (093628458),093628458,ΝΙΚ.Ι.ΛΑΊΝΙΩΤΗΣ Α.Ε.Β.Ε (093628458),20.83,,
Ψ4ΣΕ4690ΒΧ-ΜΧΔ,2026-02-12,ΕΝΤΑΛΜΑ ΠΛΗΡΩΜΗΣ ΝΙΚ.Ι.ΛΑΊΝΙΩΤΗΣ Α.Ε.Β.Ε (093628458),093628458,ΝΙΚ.Ι.ΛΑΊΝΙΩΤΗΣ Α.Ε.Β.Ε (093628458),162.19,,
9Φ8Κ4690ΒΧ-29Λ,2026-02-12,ΕΝΤΑΛΜΑ ΠΛΗΡΩΜΗΣ ΝΙΚ.Ι.ΛΑΊΝΙΩΤΗΣ Α.Ε.Β.Ε (093628458),093628458,ΝΙΚ.Ι.ΛΑΊΝΙΩΤΗΣ Α.Ε.Β.Ε (093628458),135.9,,
9ΩΦ04690ΒΧ-8ΡΣ,2026-02-12,ΕΝΤΑΛΜΑ ΠΛΗΡΩΜΗΣ ΝΙΚ.Ι.ΛΑΊΝΙΩΤΗΣ Α.Ε.Β.Ε (093628458),093628458,ΝΙΚ.Ι.ΛΑΊΝΙΩΤΗΣ Α.Ε.Β.Ε (093628458),310.75,,
Ψ5ΕΦ4690ΒΧ-Δ0Η,2026-02-12,ΕΝΤΑΛΜΑ ΠΛΗΡΩΜΗΣ ΝΙΚ.Ι.ΛΑΊΝΙΩΤΗΣ Α.Ε.Β.Ε (093628458),093628458,ΝΙΚ.Ι.ΛΑΊΝΙΩΤΗΣ Α.Ε.Β.Ε (093628458),4764.72,,
Ψ2ΤΜ4690ΒΧ-Β3Δ,2026-02-12,ΕΝΤΑΛΜΑ ΠΛΗΡΩΜΗΣ ΝΙΚ.Ι.ΛΑΊΝΙΩΤΗΣ Α.Ε.Β.Ε (093628458),093628458,ΝΙΚ.Ι.ΛΑΊΝΙΩΤΗΣ Α.Ε.Β.Ε (093628458),1515.83,,
ΨΕΠΟ4690ΒΧ-304,2026-02-12,ΕΝΤΑΛΜΑ ΠΛΗΡΩΜΗΣ ΝΙΚ.Ι.ΛΑΊΝΙΩΤΗΣ Α.Ε.Β.Ε (093628458),093628458,ΝΙΚ.Ι.ΛΑΊΝΙΩΤΗΣ Α.Ε.Β.Ε (093628458),1863.37,,
99ΞΠ4690ΒΧ-Η1Β,2026-02-12,ΕΝΤΑΛΜΑ ΠΛΗΡΩΜΗΣ ΝΙΚ.Ι.ΛΑΊΝΙΩΤΗΣ Α.Ε.Β.Ε (093628458),093628458,ΝΙΚ.Ι.ΛΑΊΝΙΩΤΗΣ Α.Ε.Β.Ε (093628458),1878.91,,
93ΩΥ4690ΒΧ-Ψ4Μ,2026-02-12,ΕΝΤΑΛΜΑ ΠΛΗΡΩΜΗΣ ΚΑΙΝΟΤΟΜΙΑ Α.Ε. (999399139),999399139,ΚΑΙΝΟΤΟΜΙΑ Α.Ε. (999399139),9713.33,,
Ρ7894690ΒΧ-ΛΡ7,2026-02-12,ΕΝΤΑΛΜΑ ΠΛΗΡΩΜΗΣ ΕΛΛΕΝΚΟ Α.Ε. (094074824),094074824,ΕΛΛΕΝΚΟ Α.Ε. (094074824),179.38,,
6Ν084690ΒΧ-ΨΘΧ,2026-02-12,ΕΝΤΑΛΜΑ ΠΛΗΡΩΜΗΣ ΑΡΗΤΗ Α.Ε. (094251753),094251753,ΑΡΗΤΗ Α.Ε. (094251753),1424.93,,
9ΙΩΞ4690ΒΧ-Ρ54,2026-02-12,ΕΝΤΑΛΜΑ ΠΛΗΡΩΜΗΣ ΑΡΗΤΗ Α.Ε. (094251753),094251753,ΑΡΗΤΗ Α.Ε. (094251753),4965.46,,
9ΩΦΔ4690ΒΧ-ΙΒΙ,2026-02-12,ΕΝΤΑΛΜΑ ΠΛΗΡΩΜΗΣ ΑΡΗΤΗ Α.Ε. (094251753),094251753,ΑΡΗΤΗ Α.Ε. (094251753),9207.0,,
ΡΒΒΙ4690ΒΧ-Π7Ι,2026-02-12,ΕΝΤΑΛΜΑ ΠΛΗΡΩΜΗΣ ΑΓΚΦΑ - ΓΚΕΒΕΡΤ ΑΕΒΕ (094025805),094025805,ΑΓΚΦΑ - ΓΚΕΒΕΡΤ ΑΕΒΕ (094025805),11353.74,,
6ΧΔΧ4690ΒΧ-1ΜΑ,2026-02-12,ΕΝΤΑΛΜΑ ΠΛΗΡΩΜΗΣ VETERY SERVICE HELLAS ΝΑΚΑΣ ΣΠΥΡΙΔΩΝ (061755570),061755570,VETERY SERVICE HELLAS ΝΑΚΑΣ ΣΠΥΡΙΔΩΝ (061755570),1625.0,,
90ΘΤ4690ΒΧ-ΨΨ6,2026-02-12,ΕΝΤΑΛΜΑ ΠΛΗΡΩΜΗΣ VETERY SERVICE HELLAS ΝΑΚΑΣ ΣΠΥΡΙΔΩΝ (061755570),061755570,VETERY SERVICE HELLAS ΝΑΚΑΣ ΣΠΥΡΙΔΩΝ (061755570),372.0,,
9ΠΤΡ4690ΒΧ-ΘΟ7,2026-02-12,ΕΝΤΑΛΜΑ ΠΛΗΡΩΜΗΣ OTIS ΕΛΛΑΣ ΜΟΝΟΠΡΟΣΩΠΗ ΑΝΩΝ.ΒΙΟΜ.   ΕΜΠ.ΤΕΧΝ.ΕΤΑΙΡΕΙΑ (094208578),094208578,OTIS ΕΛΛΑΣ ΜΟΝΟΠΡΟΣΩΠΗ ΑΝΩΝ.ΒΙΟΜ.   ΕΜΠ.ΤΕΧΝ.ΕΤΑΙΡΕΙΑ (094208578),2466.6,,
98ΑΩ4690ΒΧ-4ΨΔ,2026-02-12,ΕΝΤΑΛΜΑ ΠΛΗΡΩΜΗΣ OTIS ΕΛΛΑΣ ΜΟΝΟΠΡΟΣΩΠΗ ΑΝΩΝ.ΒΙΟΜ.   ΕΜΠ.ΤΕΧΝ.ΕΤΑΙΡΕΙΑ (094208578),094208578,OTIS ΕΛΛΑΣ ΜΟΝΟΠΡΟΣΩΠΗ ΑΝΩΝ.ΒΙΟΜ.   ΕΜΠ.ΤΕΧΝ.ΕΤΑΙΡΕΙΑ (094208578),1167.67,,
Ψ33Δ4690ΒΧ-Η84,2026-02-12,ΕΝΤΑΛΜΑ ΠΛΗΡΩΜΗΣ HOSPITECNICA ΕΠΕ (095526068),095526068,HOSPITECNICA ΕΠΕ (095526068),5532.88,,
ΨΣΝ64690ΒΧ-ΧΞΠ,2026-02-12,ΕΝΤΑΛΜΑ ΠΛΗΡΩΜΗΣ COMPUTER SOLUTIONS ΑΝΩΝΥΜΗ (095403136),095403136,COMPUTER SOLUTIONS ΑΝΩΝΥΜΗ (095403136),4464.0,,
9Δ9Ξ4690ΒΧ-055,2026-02-12,ΕΝΤΑΛΜΑ ΠΛΗΡΩΜΗΣ COMPUTER SOLUTIONS ΑΝΩΝΥΜΗ (095403136),095403136,COMPUTER SOLUTIONS ΑΝΩΝΥΜΗ (095403136),3720.0,,
94ΔΧ4690ΒΧ-Ζ6Ρ,2026-02-12,ΕΝΤΑΛΜΑ ΠΛΗΡΩΜΗΣ COMPUTER SOLUTIONS ΑΝΩΝΥΜΗ (095403136),095403136,COMPUTER SOLUTIONS ΑΝΩΝΥΜΗ (095403136),15685.9,,
9ΘΣ14690ΒΧ-1ΝΛ,2026-02-10,ΕΝΤΑΛΜΑ ΠΛΗΡΩΜΗΣ BAYER ΕΛΛΑΣ ΑΒΕΕ (094056437),094056437,BAYER ΕΛΛΑΣ ΑΒΕΕ (094056437),5301.0,,
9ΝΠΣ4690ΒΧ-ΕΑΕ,2026-02-11,ΕΝΤΑΛΜΑ ΠΛΗΡΩΜΗΣ ΜΑΓΕΙΡΑΣ ΔΙΑΓΝ.ΜΗΧΑΝΗΜΑΤΑ Α.Ε. (095444407),095444407,ΜΑΓΕΙΡΑΣ ΔΙΑΓΝ.ΜΗΧΑΝΗΜΑΤΑ Α.Ε. (095444407),17155.0,,
9ΠΩΖ4690ΒΧ-ΧΕΗ,2026-02-11,ΕΝΤΑΛΜΑ ΠΛΗΡΩΜΗΣ Κωστας Α.Παπαέλληνας(ΕλλάςΑΕΒΕ) (094075360),094075360,Κωστας Α.Παπαέλληνας(ΕλλάςΑΕΒΕ) (094075360),142.6,,
9ΟΛ54690ΒΧ-Φ78,2026-02-11,ΕΝΤΑΛΜΑ ΠΛΗΡΩΜΗΣ Κωστας Α.Παπαέλληνας(ΕλλάςΑΕΒΕ) (094075360),094075360,Κωστας Α.Παπαέλληνας(ΕλλάςΑΕΒΕ) (094075360),1845.29,,
Ψ9ΦΟ4690ΒΧ-ΞΩΘ,2026-02-11,ΕΝΤΑΛΜΑ ΠΛΗΡΩΜΗΣ V   L VIOLAK INTERNATIONAL A.E (099370337),099370337,V   L VIOLAK INTERNATIONAL A.E (099370337),544.98,,
ΨΖΒΘ4690ΒΧ-ΦΣΥ,2026-02-11,ΕΝΤΑΛΜΑ ΠΛΗΡΩΜΗΣ V   L VIOLAK INTERNATIONAL A.E (099370337),099370337,V   L VIOLAK INTERNATIONAL A.E (099370337),22.82,,
ΨΑΘΛ4690ΒΧ-ΖΥΗ,2026-02-11,ΕΝΤΑΛΜΑ ΠΛΗΡΩΜΗΣ V   L VIOLAK INTERNATIONAL A.E (099370337),099370337,V   L VIOLAK INTERNATIONAL A.E (099370337),133.9,,
6ΜΗΙ4690ΒΧ-Ξ4Α,2026-02-10,ΕΝΤΑΛΜΑ ΠΛΗΡΩΜΗΣ Johnson   Johnson Medical Greece Μονοπρόσωπη Α.Ε. (801858262),801858262,Johnson   Johnson Medical Greece Μονοπρόσωπη Α.Ε. (801858262),2644.2,,
Ψ3084690ΒΧ-Α0Φ,2026-02-10,ΕΝΤΑΛΜΑ ΠΛΗΡΩΜΗΣ Johnson   Johnson Medical Greece Μονοπρόσωπη Α.Ε. (801858262),801858262,Johnson   Johnson Medical Greece Μονοπρόσωπη Α.Ε. (801858262),1505.16,,
Ψ54Υ4690ΒΧ-ΖΟΒ,2026-02-10,ΕΝΤΑΛΜΑ ΠΛΗΡΩΜΗΣ Johnson   Johnson Medical Greece Μονοπρόσωπη Α.Ε. (801858262),801858262,Johnson   Johnson Medical Greece Μονοπρόσωπη Α.Ε. (801858262),3794.4,,
ΨΙΧΔ4690ΒΧ-ΕΤ3,2026-02-10,ΕΝΤΑΛΜΑ ΠΛΗΡΩΜΗΣ Johnson   Johnson Medical Greece Μονοπρόσωπη Α.Ε. (801858262),801858262,Johnson   Johnson Medical Greece Μονοπρόσωπη Α.Ε. (801858262),2825.88,,
994Γ4690ΒΧ-Α4Δ,2026-02-10,ΕΝΤΑΛΜΑ ΠΛΗΡΩΜΗΣ Johnson   Johnson Medical Greece Μονοπρόσωπη Α.Ε. (801858262),801858262,Johnson   Johnson Medical Greece Μονοπρόσωπη Α.Ε. (801858262),3237.45,,
68ΟΤ4690ΒΧ-1ΕΩ,2026-02-10,ΕΝΤΑΛΜΑ ΠΛΗΡΩΜΗΣ Johnson   Johnson Medical Greece Μονοπρόσωπη Α.Ε. (801858262),801858262,Johnson   Johnson Medical Greece Μονοπρόσωπη Α.Ε. (801858262),3727.04,,
Ψ8ΓΔ4690ΒΧ-0ΙΠ,2026-02-11,ΕΝΤΑΛΜΑ ΠΛΗΡΩΜΗΣ DOCTUM ΦΑΡΜΑΚΕΥΤΙΚΗ ΑΕ (094070315),094070315,DOCTUM ΦΑΡΜΑΚΕΥΤΙΚΗ ΑΕ (094070315),5744.24,,
6ΤΜΒ4690ΒΧ-ΛΟ6,2026-02-11,ΕΝΤΑΛΜΑ ΠΛΗΡΩΜΗΣ ABBOTT LABORATORIES(ΕΛΛΑΣ)ABEE (094027257),094027257,ABBOTT LABORATORIES(ΕΛΛΑΣ)ABEE (094027257),4823.0,,
ΨΨΣ94690ΒΧ-9Ω6,2026-02-11,ΕΝΤΑΛΜΑ ΠΛΗΡΩΜΗΣ ABBOTT LABORATORIES(ΕΛΛΑΣ)ABEE (094027257),094027257,ABBOTT LABORATORIES(ΕΛΛΑΣ)ABEE (094027257),4134.0,,
9ΦΜΡ4690ΒΧ-0ΡΔ,2026-02-11,ΕΝΤΑΛΜΑ ΠΛΗΡΩΜΗΣ ΔΗΜ.ΕΠΙΧ/ΣΗ ΗΛΕΚΤΡΙΣΜΟΥ ΑΕ (090000045),090000045,ΔΗΜ.ΕΠΙΧ/ΣΗ ΗΛΕΚΤΡΙΣΜΟΥ ΑΕ (090000045),801.0,,
6ΑΓΥ4690ΒΧ-Τ6Β,2026-02-11,ΕΝΤΑΛΜΑ ΠΛΗΡΩΜΗΣ ΔΗΜ.ΕΠΙΧ/ΣΗ ΗΛΕΚΤΡΙΣΜΟΥ ΑΕ (090000045),090000045,ΔΗΜ.ΕΠΙΧ/ΣΗ ΗΛΕΚΤΡΙΣΜΟΥ ΑΕ (090000045),421.0,,
9ΚΙΕ4690ΒΧ-Ω9Θ,2026-02-11,ΕΝΤΑΛΜΑ ΠΛΗΡΩΜΗΣ ΔΗΜ.ΕΠΙΧ/ΣΗ ΗΛΕΚΤΡΙΣΜΟΥ ΑΕ (090000045),090000045,ΔΗΜ.ΕΠΙΧ/ΣΗ ΗΛΕΚΤΡΙΣΜΟΥ ΑΕ (090000045),19.0,,
6Α5Ν4690ΒΧ-Ν6Γ,2026-02-11,ΕΝΤΑΛΜΑ ΠΛΗΡΩΜΗΣ ΟΡΓ/ΣΜΟΣ ΤΗΛΕΠ/ΝΙΩΝ ΕΛΛΑΔΟΣ ΑΕ (094019245),094019245,ΟΡΓ/ΣΜΟΣ ΤΗΛΕΠ/ΝΙΩΝ ΕΛΛΑΔΟΣ ΑΕ (094019245),19.98,,
6ΑΓΥ4690ΒΧ-ΟΘ7,2026-02-11,ΕΝΤΑΛΜΑ ΠΛΗΡΩΜΗΣ ΟΡΓ/ΣΜΟΣ ΤΗΛΕΠ/ΝΙΩΝ ΕΛΛΑΔΟΣ ΑΕ (094019245),094019245,ΟΡΓ/ΣΜΟΣ ΤΗΛΕΠ/ΝΙΩΝ ΕΛΛΑΔΟΣ ΑΕ (094019245),859.27,,
ΨΨΩΕ4690ΒΧ-ΟΡΦ,2026-02-11,ΕΝΤΑΛΜΑ ΠΛΗΡΩΜΗΣ ΟΡΓ/ΣΜΟΣ ΤΗΛΕΠ/ΝΙΩΝ ΕΛΛΑΔΟΣ ΑΕ (094019245),094019245,ΟΡΓ/ΣΜΟΣ ΤΗΛΕΠ/ΝΙΩΝ ΕΛΛΑΔΟΣ ΑΕ (094019245),292.67,,
93ΨΨ4690ΒΧ-0ΧΧ,2026-02-11,ΕΝΤΑΛΜΑ ΠΛΗΡΩΜΗΣ ΟΡΓ/ΣΜΟΣ ΤΗΛΕΠ/ΝΙΩΝ ΕΛΛΑΔΟΣ ΑΕ (094019245),094019245,ΟΡΓ/ΣΜΟΣ ΤΗΛΕΠ/ΝΙΩΝ ΕΛΛΑΔΟΣ ΑΕ (094019245),109.8,,
9ΙΦΞ4690ΒΧ-40Ω,2026-02-11,ΕΝΤΑΛΜΑ ΠΛΗΡΩΜΗΣ ΟΡΓ/ΣΜΟΣ ΤΗΛΕΠ/ΝΙΩΝ ΕΛΛΑΔΟΣ ΑΕ (094019245),094019245,ΟΡΓ/ΣΜΟΣ ΤΗΛΕΠ/ΝΙΩΝ ΕΛΛΑΔΟΣ ΑΕ (094019245),121.8,,
Ψ54Κ4690ΒΧ-ΒΡ0,2026-02-11,ΕΝΤΑΛΜΑ ΠΛΗΡΩΜΗΣ ΔΗΜ.ΕΠΙΧ/ΣΗ ΗΛΕΚΤΡΙΣΜΟΥ ΑΕ (090000045),090000045,ΔΗΜ.ΕΠΙΧ/ΣΗ ΗΛΕΚΤΡΙΣΜΟΥ ΑΕ (090000045),55067.04,,
ΡΞΓΟ4690ΒΧ-ΓΨΚ,2026-02-11,ΕΝΤΑΛΜΑ ΠΛΗΡΩΜΗΣ ABBOTT LABORATORIES(ΕΛΛΑΣ)ABEE (094027257),094027257,ABBOTT LABORATORIES(ΕΛΛΑΣ)ABEE (094027257),4759.4,,
980Ξ4690ΒΧ-4ΣΖ,2026-02-11,ΕΝΤΑΛΜΑ ΠΛΗΡΩΜΗΣ ABBOTT LABORATORIES(ΕΛΛΑΣ)ABEE (094027257),094027257,ABBOTT LABORATORIES(ΕΛΛΑΣ)ABEE (094027257),4187.0,,
ΨΠΑΖ4690ΒΧ-ΡΡ8,2026-02-11,ΕΝΤΑΛΜΑ ΠΛΗΡΩΜΗΣ ABBOTT LABORATORIES(ΕΛΛΑΣ)ABEE (094027257),094027257,ABBOTT LABORATORIES(ΕΛΛΑΣ)ABEE (094027257),4282.4,,
ΡΘΚΧ4690ΒΧ-0ΚΔ,2026-02-11,ΕΝΤΑΛΜΑ ΠΛΗΡΩΜΗΣ ABBOTT LABORATORIES(ΕΛΛΑΣ)ABEE (094027257),094027257,ABBOTT LABORATORIES(ΕΛΛΑΣ)ABEE (094027257),1471.98,,
9ΝΦΚ4690ΒΧ-Χ3Ο,2026-02-11,ΕΝΤΑΛΜΑ ΠΛΗΡΩΜΗΣ ABBOTT LABORATORIES(ΕΛΛΑΣ)ABEE (094027257),094027257,ABBOTT LABORATORIES(ΕΛΛΑΣ)ABEE (094027257),4483.8,,
ΡΦ484690ΒΧ-ΓΧΥ,2026-02-10,ΕΝΤΑΛΜΑ ΠΛΗΡΩΜΗΣ ΕΝΟΡΑΣΙΣ Α.Ε. (094503580),094503580,ΕΝΟΡΑΣΙΣ Α.Ε. (094503580),277.76,,
ΨΗ2Δ4690ΒΧ-ΘΦΩ,2026-02-10,ΕΝΤΑΛΜΑ ΠΛΗΡΩΜΗΣ ΕΝΟΡΑΣΙΣ Α.Ε. (094503580),094503580,ΕΝΟΡΑΣΙΣ Α.Ε. (094503580),501.83,,
ΡΒΣΥ4690ΒΧ-ΟΟ9,2026-02-10,ΕΝΤΑΛΜΑ ΠΛΗΡΩΜΗΣ ΕΝΟΡΑΣΙΣ Α.Ε. (094503580),094503580,ΕΝΟΡΑΣΙΣ Α.Ε. (094503580),277.76,,
ΡΤΑ14690ΒΧ-6ΞΟ,2026-02-10,ΕΝΤΑΛΜΑ ΠΛΗΡΩΜΗΣ ΔΙΑΓΝΩΣΤΙΚΗ - ΑΝΑΛΥΤΙΚΗ ΕΠΕ (099109774),099109774,ΔΙΑΓΝΩΣΤΙΚΗ - ΑΝΑΛΥΤΙΚΗ ΕΠΕ (099109774),557.14,,
9ΟΘΛ4690ΒΧ-ΤΧ6,2026-02-10,ΕΝΤΑΛΜΑ ΠΛΗΡΩΜΗΣ ΔΙΑΓΝΩΣΤΙΚΗ - ΑΝΑΛΥΤΙΚΗ ΕΠΕ (099109774),099109774,ΔΙΑΓΝΩΣΤΙΚΗ - ΑΝΑΛΥΤΙΚΗ ΕΠΕ (099109774),422.94,,
ΨΗΔ04690ΒΧ-ΨΥ2,2026-02-10,ΕΝΤΑΛΜΑ ΠΛΗΡΩΜΗΣ ΒΑΣΙΛΙΚΗ ΤΣΙΜΠΡΗ   ΣΙΑ Ε.Ε (999333810),999333810,ΒΑΣΙΛΙΚΗ ΤΣΙΜΠΡΗ   ΣΙΑ Ε.Ε (999333810),81.36,,
9ΞΣ54690ΒΧ-ΞΝΑ,2026-02-10,ΕΝΤΑΛΜΑ ΠΛΗΡΩΜΗΣ V   L VIOLAK INTERNATIONAL A.E (099370337),099370337,V   L VIOLAK INTERNATIONAL A.E (099370337),676.3,,
ΡΨΞΦ4690ΒΧ-ΛΓ8,2026-02-10,ΕΝΤΑΛΜΑ ΠΛΗΡΩΜΗΣ V   L VIOLAK INTERNATIONAL A.E (099370337),099370337,V   L VIOLAK INTERNATIONAL A.E (099370337),324.19,,
ΡΓΤΠ4690ΒΧ-ΚΗΔ,2026-02-10,ΕΝΤΑΛΜΑ ΠΛΗΡΩΜΗΣ V   L VIOLAK INTERNATIONAL A.E (099370337),099370337,V   L VIOLAK INTERNATIONAL A.E (099370337),1552.62,,
9ΒΔΘ4690ΒΧ-Τ3Ι,2026-02-10,ΕΝΤΑΛΜΑ ΠΛΗΡΩΜΗΣ V   L VIOLAK INTERNATIONAL A.E (099370337),099370337,V   L VIOLAK INTERNATIONAL A.E (099370337),150.02,,
90ΒΔ4690ΒΧ-Ν45,2026-02-10,ΕΝΤΑΛΜΑ ΠΛΗΡΩΜΗΣ V   L VIOLAK INTERNATIONAL A.E (099370337),099370337,V   L VIOLAK INTERNATIONAL A.E (099370337),677.5,,
ΡΡΧΠ4690ΒΧ-ΒΦΩ,2026-02-10,ΕΝΤΑΛΜΑ ΠΛΗΡΩΜΗΣ V   L VIOLAK INTERNATIONAL A.E (099370337),099370337,V   L VIOLAK INTERNATIONAL A.E (099370337),530.08,,
6Σ7Χ4690ΒΧ-ΒΤ6,2026-02-10,ΕΝΤΑΛΜΑ ΠΛΗΡΩΜΗΣ V   L VIOLAK INTERNATIONAL A.E (099370337),099370337,V   L VIOLAK INTERNATIONAL A.E (099370337),683.29,,
ΨΧ294690ΒΧ-ΔΡ7,2026-02-10,ΕΝΤΑΛΜΑ ΠΛΗΡΩΜΗΣ MEDICON HELLAS A.E. (094240321),094240321,MEDICON HELLAS A.E. (094240321),4987.56,,
ΨΑΖΩ4690ΒΧ-ΚΥ1,2026-02-10,ΕΝΤΑΛΜΑ ΠΛΗΡΩΜΗΣ MEDICON HELLAS A.E. (094240321),094240321,MEDICON HELLAS A.E. (094240321),3758.16,,
ΨΛΕΖ4690ΒΧ-7ΣΨ,2026-02-10,ΕΝΤΑΛΜΑ ΠΛΗΡΩΜΗΣ MEDICON HELLAS A.E. (094240321),094240321,MEDICON HELLAS A.E. (094240321),4562.8,,
97ΗΖ4690ΒΧ-ΥΤΓ,2026-02-10,ΕΝΤΑΛΜΑ ΠΛΗΡΩΜΗΣ MEDICON HELLAS A.E. (094240321),094240321,MEDICON HELLAS A.E. (094240321),4834.0,,
Ρ9ΔΡ4690ΒΧ-3ΔΞ,2026-02-10,ΕΝΤΑΛΜΑ ΠΛΗΡΩΜΗΣ MEDICON HELLAS A.E. (094240321),094240321,MEDICON HELLAS A.E. (094240321),4309.36,,
Ρ96Ω4690ΒΧ-7Η4,2026-02-10,ΕΝΤΑΛΜΑ ΠΛΗΡΩΜΗΣ MEDICON HELLAS A.E. (094240321),094240321,MEDICON HELLAS A.E. (094240321),4629.76,,
ΨΥΣΕ4690ΒΧ-Ζ6Μ,2026-02-10,ΕΝΤΑΛΜΑ ΠΛΗΡΩΜΗΣ MEDICON HELLAS A.E. (094240321),094240321,MEDICON HELLAS A.E. (094240321),4422.8,,
ΨΔΕΨ4690ΒΧ-7ΗΣ,2026-02-10,ΕΝΤΑΛΜΑ ΠΛΗΡΩΜΗΣ MEDICON HELLAS A.E. (094240321),094240321,MEDICON HELLAS A.E. (094240321),136.4,,
94ΧΠ4690ΒΧ-ΑΝ2,2026-02-10,ΕΝΤΑΛΜΑ ΠΛΗΡΩΜΗΣ MEDICON HELLAS A.E. (094240321),094240321,MEDICON HELLAS A.E. (094240321),1310.0,,
ΨΒΙΟ4690ΒΧ-ΩΕΩ,2026-07-29,ΕΝΤΑΛΜΑ ΠΛΗΡΩΜΗΣ ΤΕΧΝΙΚΟ ΓΡΑΦΕΙΟ ΜΕΛΕΤΩΝ-ΚΑΤΑΣΚΕΥΩΝ ΠΑΝΤΑΖΗ Ι.ΚΗΡΟΛΙΒΑΝΟΥ (043161409),043161409,ΤΕΧΝΙΚΟ ΓΡΑΦΕΙΟ ΜΕΛΕΤΩΝ-ΚΑΤΑΣΚΕΥΩΝ ΠΑΝΤΑΖΗ Ι.ΚΗΡΟΛΙΒΑΝΟΥ (043161409),11160.0,,
63Λ34690ΒΧ-ΞΦΤ,2026-07-29,ΕΝΤΑΛΜΑ ΠΛΗΡΩΜΗΣ ΜΑΝΩΛΙΤΣΗΣ ΗΛΙΑΣ (118659924),118659924,ΜΑΝΩΛΙΤΣΗΣ ΗΛΙΑΣ (118659924),1190.4,,
98ΥΞ4690ΒΧ-ΦΓ2,2026-07-29,ΕΝΤΑΛΜΑ ΠΛΗΡΩΜΗΣ ΜΑΝΩΛΙΤΣΗΣ ΗΛΙΑΣ (118659924),118659924,ΜΑΝΩΛΙΤΣΗΣ ΗΛΙΑΣ (118659924),4538.4,,
92Ε44690ΒΧ-39Π,2026-07-29,ΕΝΤΑΛΜΑ ΠΛΗΡΩΜΗΣ ΚΑΤΩΠΟΔΗΣ Μ.-ΚΑΒΒΑΔΑ Ε.Ε.Π.Ε. (997917019),997917019,ΚΑΤΩΠΟΔΗΣ Μ.-ΚΑΒΒΑΔΑ Ε.Ε.Π.Ε. (997917019),483.36,,
ΨΨΚΔ4690ΒΧ-22Θ,2026-07-29,ΕΝΤΑΛΜΑ ΠΛΗΡΩΜΗΣ ΚΑΤΩΠΟΔΗΣ Μ.-ΚΑΒΒΑΔΑ Ε.Ε.Π.Ε. (997917019),997917019,ΚΑΤΩΠΟΔΗΣ Μ.-ΚΑΒΒΑΔΑ Ε.Ε.Π.Ε. (997917019),98.7,,
93Ψ14690ΒΧ-Β0Υ,2026-07-29,ΕΝΤΑΛΜΑ ΠΛΗΡΩΜΗΣ ΚΑΤΩΠΟΔΗΣ Μ.-ΚΑΒΒΑΔΑ Ε.Ε.Π.Ε. (997917019),997917019,ΚΑΤΩΠΟΔΗΣ Μ.-ΚΑΒΒΑΔΑ Ε.Ε.Π.Ε. (997917019),2374.14,,
6Δ5Τ4690ΒΧ-3Β6,2026-07-30,ΕΝΤΑΛΜΑ ΠΛΗΡΩΜΗΣ ΚΑΚΑΒΟΣ Ι.ΔΗΜΗΤΡΙΟΣ (119540879),119540879,ΚΑΚΑΒΟΣ Ι.ΔΗΜΗΤΡΙΟΣ (119540879),5249.51,,
ΨΛΜ14690ΒΧ-Ζ1Θ,2026-07-28,ΕΝΤΑΛΜΑ ΠΛΗΡΩΜΗΣ COMPUTER SOLUTIONS ΑΝΩΝΥΜΗ (095403136),095403136,COMPUTER SOLUTIONS ΑΝΩΝΥΜΗ (095403136),13640.0,,
ΨΗΣ74690ΒΧ-ΗΥ6,2026-07-28,ΕΝΤΑΛΜΑ ΠΛΗΡΩΜΗΣ COMPUTER SOLUTIONS ΑΝΩΝΥΜΗ (095403136),095403136,COMPUTER SOLUTIONS ΑΝΩΝΥΜΗ (095403136),2380.8,,
623Ρ4690ΒΧ-ΤΒΦ,2026-07-28,ΕΝΤΑΛΜΑ ΠΛΗΡΩΜΗΣ COMPUTER SOLUTIONS ΑΝΩΝΥΜΗ (095403136),095403136,COMPUTER SOLUTIONS ΑΝΩΝΥΜΗ (095403136),3100.0,,
9ΑΩΡ4690ΒΧ-Ρ6Λ,2026-07-28,ΕΝΤΑΛΜΑ ΠΛΗΡΩΜΗΣ COMPUTER SOLUTIONS ΑΝΩΝΥΜΗ (095403136),095403136,COMPUTER SOLUTIONS ΑΝΩΝΥΜΗ (095403136),10457.32,,
9ΑΧΧ4690ΒΧ-Μ17,2026-07-28,ΕΝΤΑΛΜΑ ΠΛΗΡΩΜΗΣ ΔΗΜ.ΕΠΙΧ/ΣΗ ΗΛΕΚΤΡΙΣΜΟΥ ΑΕ (090000045),090000045,ΔΗΜ.ΕΠΙΧ/ΣΗ ΗΛΕΚΤΡΙΣΜΟΥ ΑΕ (090000045),4.33,,
ΡΕ4Γ4690ΒΧ-ΒΗ4,2026-07-28,ΕΝΤΑΛΜΑ ΠΛΗΡΩΜΗΣ ΔΗΜ.ΕΠΙΧ/ΣΗ ΗΛΕΚΤΡΙΣΜΟΥ ΑΕ (090000045),090000045,ΔΗΜ.ΕΠΙΧ/ΣΗ ΗΛΕΚΤΡΙΣΜΟΥ ΑΕ (090000045),21.3,,
Ψ3074690ΒΧ-01Ω,2026-07-28,ΕΝΤΑΛΜΑ ΠΛΗΡΩΜΗΣ ΤΕΜΑΚ (094279934),094279934,ΤΕΜΑΚ (094279934),3850.2,,
6ΤΤΓ4690ΒΧ-ΥΑΤ,2026-07-29,ΕΝΤΑΛΜΑ ΠΛΗΡΩΜΗΣ ΣΤΡΑΤΗΣ ΝΙΚ.ΑΡΑΒΑΝΗΣ   ΣΙΑ Ο.Ε (092053060),092053060,ΣΤΡΑΤΗΣ ΝΙΚ.ΑΡΑΒΑΝΗΣ   ΣΙΑ Ο.Ε (092053060),145.0,,
ΨΤ3Γ4690ΒΧ-0Ψ2,2026-07-30,ΕΝΤΑΛΜΑ ΠΛΗΡΩΜΗΣ ΟΥΡΑΝΙΑ ΚΟΝΤΟΓΙΑΝΝΗ   ΣΙΑ Ε.Ε. (802824232),802824232,ΟΥΡΑΝΙΑ ΚΟΝΤΟΓΙΑΝΝΗ   ΣΙΑ Ε.Ε. (802824232),1294.52,,
ΨΤ4Ω4690ΒΧ-ΡΞ5,2026-07-28,ΕΝΤΑΛΜΑ ΠΛΗΡΩΜΗΣ ΟΙΚΟΝΟΜΟΤΕΧΝΙΚΗ ΑΕ   ΣΙΑ ΕΕ - ΥΠΗΡΕΣΙΕΣ ΔΙΕΞΑΓΩΓΗΣ ΣΕΜΙΝΑΡΙΩΝ ΕΠΙΜΟΡΦΩΣΗΣ ΣΤΕΛΕΧΩΝ ΕΠΙΧΕΙΡΗΣΕΩΝ (999282042),999282042,ΟΙΚΟΝΟΜΟΤΕΧΝΙΚΗ ΑΕ   ΣΙΑ ΕΕ - ΥΠΗΡΕΣΙΕΣ ΔΙΕΞΑΓΩΓΗΣ ΣΕΜΙΝΑΡΙΩΝ ΕΠΙΜΟΡΦΩΣΗΣ ΣΤΕΛΕΧΩΝ ΕΠΙΧΕΙΡΗΣΕΩΝ (999282042),200.0,,
ΨΚΔΞ4690ΒΧ-ΔΦΨ,2026-07-28,ΕΝΤΑΛΜΑ ΠΛΗΡΩΜΗΣ ΝΙΚΟΛΑΟΣ ΚΑΒΒΑΔΑΣ (128474697),128474697,ΝΙΚΟΛΑΟΣ ΚΑΒΒΑΔΑΣ (128474697),300.0,,
ΨΗΧΜ4690ΒΧ-Η19,2026-07-30,ΕΝΤΑΛΜΑ ΠΛΗΡΩΜΗΣ ΜΠΑΛΑΣΚΑΣ ΓΕΩΡΓΙΟΣ (073571028),073571028,ΜΠΑΛΑΣΚΑΣ ΓΕΩΡΓΙΟΣ (073571028),690.76,,
99ΙΠ4690ΒΧ-ΓΥΧ,2026-07-28,ΕΝΤΑΛΜΑ ΠΛΗΡΩΜΗΣ ΖΑΒΙΤΣΑΝΟΣ ΙΩΑΝΝΗΣ ΑΠΟΣΤ. (010138137),010138137,ΖΑΒΙΤΣΑΝΟΣ ΙΩΑΝΝΗΣ ΑΠΟΣΤ. (010138137),3600.0,,
ΨΝΡΝ4690ΒΧ-ΩΛΨ,2026-07-29,ΕΝΤΑΛΜΑ ΠΛΗΡΩΜΗΣ ΔΟΥΚΑΣ ΝΙΚΟΛΑΟΣ (049685100),049685100,ΔΟΥΚΑΣ ΝΙΚΟΛΑΟΣ (049685100),134.0,,
Ψ7Ψ54690ΒΧ-ΡΥΜ,2026-07-29,ΕΝΤΑΛΜΑ ΠΛΗΡΩΜΗΣ ΔΟΥΚΑΣ ΝΙΚΟΛΑΟΣ (049685100),049685100,ΔΟΥΚΑΣ ΝΙΚΟΛΑΟΣ (049685100),160.0,,
9Φ134690ΒΧ-ΤΩΥ,2026-07-28,ΕΝΤΑΛΜΑ ΠΛΗΡΩΜΗΣ ΔΗΜΟΥΛΙΑΣ Ι.ΧΡΗΣΤΟΣ (076509828),076509828,ΔΗΜΟΥΛΙΑΣ Ι.ΧΡΗΣΤΟΣ (076509828),558.0,,
9ΞΑΦ4690ΒΧ-4Ρ1,2026-07-30,ΕΝΤΑΛΜΑ ΠΛΗΡΩΜΗΣ Rain bow waters (099328240),099328240,Rain bow waters (099328240),72.43,,
62ΤΗ4690ΒΧ-0ΞΙ,2026-07-28,ΕΝΤΑΛΜΑ ΠΛΗΡΩΜΗΣ Payroll Software   Services Real Solutions Ι.Κ.Ε (800498280),800498280,Payroll Software   Services Real Solutions Ι.Κ.Ε (800498280),5146.0,,
ΨΥΠ54690ΒΧ-ΩΗ2,2026-07-28,ΕΝΤΑΛΜΑ ΠΛΗΡΩΜΗΣ PUBLIC AUDIT SERVICES E.E. (802035894),802035894,PUBLIC AUDIT SERVICES E.E. (802035894),4340.0,,
ΨΛ9Ρ4690ΒΧ-ΩΨΗ,2026-07-29,ΕΝΤΑΛΜΑ ΠΛΗΡΩΜΗΣ PROFI ΤΕΧΝΙΚΟ SUPER MARKET (800326038),800326038,PROFI ΤΕΧΝΙΚΟ SUPER MARKET (800326038),540.0,,
ΨΒ9Κ4690ΒΧ-986,2026-07-28,ΕΝΤΑΛΜΑ ΠΛΗΡΩΜΗΣ LIFE SCIENCE CHEMΙLAB A.E (997982917),997982917,LIFE SCIENCE CHEMΙLAB A.E (997982917),1222.64,,
6Α0Ζ4690ΒΧ-ΝΣ5,2026-07-28,ΕΝΤΑΛΜΑ ΠΛΗΡΩΜΗΣ LIFE SCIENCE CHEMΙLAB A.E (997982917),997982917,LIFE SCIENCE CHEMΙLAB A.E (997982917),1158.16,,
ΨΧ2Φ4690ΒΧ-ΗΓΧ,2026-07-28,ΕΝΤΑΛΜΑ ΠΛΗΡΩΜΗΣ LIFE SCIENCE CHEMΙLAB A.E (997982917),997982917,LIFE SCIENCE CHEMΙLAB A.E (997982917),2313.84,,
ΨΒ3Θ4690ΒΧ-ΣΙΜ,2026-07-28,ΕΝΤΑΛΜΑ ΠΛΗΡΩΜΗΣ LIFE SCIENCE CHEMΙLAB A.E (997982917),997982917,LIFE SCIENCE CHEMΙLAB A.E (997982917),1364.0,,
Ψ90Θ4690ΒΧ-ΗΕΓ,2026-07-28,ΕΝΤΑΛΜΑ ΠΛΗΡΩΜΗΣ Drager Hellas S.A. (997799268),997799268,Drager Hellas S.A. (997799268),868.0,,
974Θ4690ΒΧ-ΘΝΨ,2026-07-29,ΕΝΤΑΛΜΑ ΠΛΗΡΩΜΗΣ ALLURE CENTRAL BOUTIQUE Δ. ΑΓΓΕΛΟΠΟΥΛΟΣ-Α. ΠΟΛΙΤΟΥ Ε.Ε (997235150),997235150,ALLURE CENTRAL BOUTIQUE Δ. ΑΓΓΕΛΟΠΟΥΛΟΣ-Α. ΠΟΛΙΤΟΥ Ε.Ε (997235150),164.0,,
ΨΞΡ44690ΒΧ-ΤΜΦ,2026-07-31,ΕΝΤΑΛΜΑ ΠΛΗΡΩΜΗΣ EUROBANK ΥΠΟΚΑΤΑΣΤΗΜΑ ΛΕΥΚΑΔΑΣ (996866969),996866969,EUROBANK ΥΠΟΚΑΤΑΣΤΗΜΑ ΛΕΥΚΑΔΑΣ (996866969),233.88,,
ΨΜΔΒ4690ΒΧ-9ΘΧ,2026-07-28,ΕΝΤΑΛΜΑ ΠΛΗΡΩΜΗΣ ΔΗΜΟΣ ΛΕΥΚΑΔΑΣ (997916281),997916281,ΔΗΜΟΣ ΛΕΥΚΑΔΑΣ (997916281),21.0,,
6ΥΧΖ4690ΒΧ-ΕΦ0,2026-07-28,ΕΝΤΑΛΜΑ ΠΛΗΡΩΜΗΣ ΔΗΜΟΣ ΛΕΥΚΑΔΑΣ (997916281),997916281,ΔΗΜΟΣ ΛΕΥΚΑΔΑΣ (997916281),13954.0,,
9ΘΥΥ4690ΒΧ-ΨΜΑ,2026-07-28,ΕΝΤΑΛΜΑ ΠΛΗΡΩΜΗΣ Λεωνίδας Ψωμόπουλος   ΣΙΑ Ε.Ε. (998810619),998810619,Λεωνίδας Ψωμόπουλος   ΣΙΑ Ε.Ε. (998810619),9.0,,
ΨΧΚΖ4690ΒΧ-2Ω2,2026-07-28,ΕΝΤΑΛΜΑ ΠΛΗΡΩΜΗΣ ΕΠΕΞ-ΕΤΑΙΡΕΙΑ ΕΞΥΠΗΡΕΤΗΣΗΣ ΠΟΛΥΚΑΤΟΙΚΙΩΝ (068685800),068685800,ΕΠΕΞ-ΕΤΑΙΡΕΙΑ ΕΞΥΠΗΡΕΤΗΣΗΣ ΠΟΛΥΚΑΤΟΙΚΙΩΝ (068685800),22.68,,
9ΕΝΒ4690ΒΧ-ΞΓ1,2026-07-28,ΕΝΤΑΛΜΑ ΠΛΗΡΩΜΗΣ ΔΙΣΝΙΤΣΑΣ ΛΕΩΝΙΔΑΣ (029818051),029818051,ΔΙΣΝΙΤΣΑΣ ΛΕΩΝΙΔΑΣ (029818051),4059.04,,
638Π4690ΒΧ-Η0Θ,2026-07-28,ΕΝΤΑΛΜΑ ΠΛΗΡΩΜΗΣ ΑΡΒΑΝΙΤΗ ΕΥΦΡΟΣΥΝΗ ΝΙΚΟΛΑΟΣ (128475762),128475762,ΑΡΒΑΝΙΤΗ ΕΥΦΡΟΣΥΝΗ ΝΙΚΟΛΑΟΣ (128475762),693.33,,
ΨΥΣΨ4690ΒΧ-ΜΑΥ,2026-07-21,ΕΝΤΑΛΜΑ ΠΛΗΡΩΜΗΣ ΙΑΤΡΙΚΑ ΒΟΗΘΗΜΑΤΑ Ι.Κ.Ε (999815729),999815729,ΙΑΤΡΙΚΑ ΒΟΗΘΗΜΑΤΑ Ι.Κ.Ε (999815729),279.0,,
9Ζ844690ΒΧ-6ΜΧ,2026-07-21,ΕΝΤΑΛΜΑ ΠΛΗΡΩΜΗΣ ΑΡΙΣΤΗ ΣΥΜΒΟΥΛΕΥΤΙΚΗ Ε.Ε. (999112526),999112526,ΑΡΙΣΤΗ ΣΥΜΒΟΥΛΕΥΤΙΚΗ Ε.Ε. (999112526),4092.0,,
6ΔΦΚ4690ΒΧ-ΓΜΘ,2026-07-21,ΕΝΤΑΛΜΑ ΠΛΗΡΩΜΗΣ Α.Μ.ΒΙΔΑΛΗΣ INTERNATIONAL ΙΚΕ (095185177),095185177,Α.Μ.ΒΙΔΑΛΗΣ INTERNATIONAL ΙΚΕ (095185177),2529.6,,
Ρ1ΔΝ4690ΒΧ-ΚΘΞ,2026-07-21,ΕΝΤΑΛΜΑ ΠΛΗΡΩΜΗΣ iDX P.C (800725375),800725375,iDX P.C (800725375),3816.0,,
9ΨΞΝ4690ΒΧ-ΑΡΓ,2026-07-21,ΕΝΤΑΛΜΑ ΠΛΗΡΩΜΗΣ SYN MED ΜΟΝΟΠΡΟΣΩΠΗ ΙΚΕ-ΕΙΣΑΓΩΓΗ ΚΑΙ ΕΜΠΟΡΙΑ ΙΑΤΡΙΚΩΝ ΕΦΟΔΙΩΝ (803001563),803001563,SYN MED ΜΟΝΟΠΡΟΣΩΠΗ ΙΚΕ-ΕΙΣΑΓΩΓΗ ΚΑΙ ΕΜΠΟΡΙΑ ΙΑΤΡΙΚΩΝ ΕΦΟΔΙΩΝ (803001563),2479.22,,
6ΜΒΡ4690ΒΧ-1Γ3,2026-07-21,ΕΝΤΑΛΜΑ ΠΛΗΡΩΜΗΣ KARL STORZ-ΕΝΔΟΣΚΟΠΙΑ ΕΛΛΑΔΟΣ Ε.Π.Ε (998361490),998361490,KARL STORZ-ΕΝΔΟΣΚΟΠΙΑ ΕΛΛΑΔΟΣ Ε.Π.Ε (998361490),6063.6,,
Ψ1ΘΔ4690ΒΧ-Κ2Ψ,2026-07-21,ΕΝΤΑΛΜΑ ΠΛΗΡΩΜΗΣ KARL STORZ-ΕΝΔΟΣΚΟΠΙΑ ΕΛΛΑΔΟΣ Ε.Π.Ε (998361490),998361490,KARL STORZ-ΕΝΔΟΣΚΟΠΙΑ ΕΛΛΑΔΟΣ Ε.Π.Ε (998361490),2247.87,,
ΨΑ4Θ4690ΒΧ-ΟΦΑ,2026-07-21,ΕΝΤΑΛΜΑ ΠΛΗΡΩΜΗΣ DMPS LTD (998333221),998333221,DMPS LTD (998333221),510.65,,
9ΞΟ54690ΒΧ-893,2026-07-21,ΕΝΤΑΛΜΑ ΠΛΗΡΩΜΗΣ DMPS LTD (998333221),998333221,DMPS LTD (998333221),4133.29,,
ΡΘ434690ΒΧ-2Μ2,2026-07-21,ΕΝΤΑΛΜΑ ΠΛΗΡΩΜΗΣ MAZ MEDICAL ΣΠΥΡΟΣ ΜΑΖΙΑΝΗΣ   ΣΙΑ ΕΕ (998547179),998547179,MAZ MEDICAL ΣΠΥΡΟΣ ΜΑΖΙΑΝΗΣ   ΣΙΑ ΕΕ (998547179),1488.0,,
ΡΖΣΖ4690ΒΧ-ΙΗΖ,2026-07-21,ΕΝΤΑΛΜΑ ΠΛΗΡΩΜΗΣ ΣΕΪΤΗΣ ΘΕΟΔΩΡΟΣ ΚΩΣΝΤΑΝΤΙΝΟΣ (145631367),145631367,ΣΕΪΤΗΣ ΘΕΟΔΩΡΟΣ ΚΩΣΝΤΑΝΤΙΝΟΣ (145631367),215.0,,
Ψ78Δ4690ΒΧ-ΠΤΗ,2026-07-21,ΕΝΤΑΛΜΑ ΠΛΗΡΩΜΗΣ ΟΡΑΚΕΛ ΕΛΛΑΣ ΜΟΝ.ΕΠΕ (999466722),999466722,ΟΡΑΚΕΛ ΕΛΛΑΣ ΜΟΝ.ΕΠΕ (999466722),390.6,,
ΡΝ8Α4690ΒΧ-ΚΕΥ,2026-07-21,ΕΝΤΑΛΜΑ ΠΛΗΡΩΜΗΣ ΓΕΡΟΛΥΜΑΤΟΣ INTERNATIONAL Α.Ε.Β.Ε. (094105111),094105111,ΓΕΡΟΛΥΜΑΤΟΣ INTERNATIONAL Α.Ε.Β.Ε. (094105111),155.06,,
ΨΦΝΓ4690ΒΧ-ΨΧ0,2026-07-21,ΕΝΤΑΛΜΑ ΠΛΗΡΩΜΗΣ ΑΦΟΙ ΑΛΤΑΝΗ ΟΕ (081682275),081682275,ΑΦΟΙ ΑΛΤΑΝΗ ΟΕ (081682275),992.0,,
9ΑΥΓ4690ΒΧ-4ΛΒ,2026-07-21,ΕΝΤΑΛΜΑ ΠΛΗΡΩΜΗΣ TUVAUSTRIA HELLAS ΜΕΠΕ (095574110),095574110,TUVAUSTRIA HELLAS ΜΕΠΕ (095574110),2170.0,,
98044690ΒΧ-ΙΗΔ,2026-07-21,ΕΝΤΑΛΜΑ ΠΛΗΡΩΜΗΣ ENDOFUSION ΥΠΟΚΑΤΑΣΤΗΜΑ ΕΛΛΑΔΟΣ ΕΠΕ (997521707),997521707,ENDOFUSION ΥΠΟΚΑΤΑΣΤΗΜΑ ΕΛΛΑΔΟΣ ΕΠΕ (997521707),4171.36,,
9ΕΞΖ4690ΒΧ-23Ο,2026-07-21,ΕΝΤΑΛΜΑ ΠΛΗΡΩΜΗΣ ENDOFUSION ΥΠΟΚΑΤΑΣΤΗΜΑ ΕΛΛΑΔΟΣ ΕΠΕ (997521707),997521707,ENDOFUSION ΥΠΟΚΑΤΑΣΤΗΜΑ ΕΛΛΑΔΟΣ ΕΠΕ (997521707),4171.36,,
ΨΕ6Ο4690ΒΧ-ΚΔΞ,2026-07-21,ΕΝΤΑΛΜΑ ΠΛΗΡΩΜΗΣ SPETMEDICAL I.K.E. (800820495),800820495,SPETMEDICAL I.K.E. (800820495),3858.4,,
93ΩΕ4690ΒΧ-Α4Ρ,2026-07-20,ΕΝΤΑΛΜΑ ΠΛΗΡΩΜΗΣ ΨΗΛΙΑΚΟΣ ΛΕΩΝΙΔΑΣ   ΣΙΑ (999495127),999495127,ΨΗΛΙΑΚΟΣ ΛΕΩΝΙΔΑΣ   ΣΙΑ (999495127),476.16,,
9ΝΕ14690ΒΧ-ΜΡΠ,2026-07-20,ΕΝΤΑΛΜΑ ΠΛΗΡΩΜΗΣ ΣΚΟΥΡΤΗΣ Αγγ.ΧΑΡΑΛΑΜΠΟΣ (046496934),046496934,ΣΚΟΥΡΤΗΣ Αγγ.ΧΑΡΑΛΑΜΠΟΣ (046496934),1512.8,,
Ψ9ΒΞ4690ΒΧ-Ζ44,2026-07-20,ΕΝΤΑΛΜΑ ΠΛΗΡΩΜΗΣ ΟΔΟΝΤΟΠΡΟΜΗΘΕΥΤΙΚΗ ΓΕΩΡΓΑΚΑΣ ΚΩΝΣΤΑΝΤΙΝΟΣ (062216690),062216690,ΟΔΟΝΤΟΠΡΟΜΗΘΕΥΤΙΚΗ ΓΕΩΡΓΑΚΑΣ ΚΩΝΣΤΑΝΤΙΝΟΣ (062216690),145.22,,
Ε66Λ4690ΒΧ-52Μ,2026-07-20,ΕΝΤΑΛΜΑ ΠΛΗΡΩΜΗΣ ΟΔΟΝΤΟΠΡΟΜΗΘΕΥΤΙΚΗ ΓΕΩΡΓΑΚΑΣ ΚΩΝΣΤΑΝΤΙΝΟΣ (062216690),062216690,ΟΔΟΝΤΟΠΡΟΜΗΘΕΥΤΙΚΗ ΓΕΩΡΓΑΚΑΣ ΚΩΝΣΤΑΝΤΙΝΟΣ (062216690),193.44,,
ΨΙ9Λ4690ΒΧ-Δ4Ν,2026-07-20,ΕΝΤΑΛΜΑ ΠΛΗΡΩΜΗΣ Γ.ΣΑΜΑΡΑΣ ΑΒΕΕ (094373861),094373861,Γ.ΣΑΜΑΡΑΣ ΑΒΕΕ (094373861),17892.33,,
ΡΑ7Δ4690ΒΧ-ΥΙΛ,2026-07-20,ΕΝΤΑΛΜΑ ΠΛΗΡΩΜΗΣ Γ.ΚΑΛΟΥΣΟΣ   ΣΙΑ Ο.Ε (999331551),999331551,Γ.ΚΑΛΟΥΣΟΣ   ΣΙΑ Ο.Ε (999331551),105.4,,
Ψ5ΛΩ4690ΒΧ-396,2026-07-20,ΕΝΤΑΛΜΑ ΠΛΗΡΩΜΗΣ SANImed (999324154),999324154,SANImed (999324154),471.2,,
ΡΝΑ34690ΒΧ-ΓΦΜ,2026-07-20,ΕΝΤΑΛΜΑ ΠΛΗΡΩΜΗΣ Medical Point .ΧΡ.ΜΟΥΤΑΦΗΣ Ε.Ε (998630320),998630320,Medical Point .ΧΡ.ΜΟΥΤΑΦΗΣ Ε.Ε (998630320),2060.14,,
6ΥΝΞ4690ΒΧ-ΓΜΥ,2026-07-20,ΕΝΤΑΛΜΑ ΠΛΗΡΩΜΗΣ HOSPITECNICA ΕΠΕ (095526068),095526068,HOSPITECNICA ΕΠΕ (095526068),6206.2,,
ΨΕΔΩ4690ΒΧ-01Μ,2026-07-20,ΕΝΤΑΛΜΑ ΠΛΗΡΩΜΗΣ HOSPITECNICA ΕΠΕ (095526068),095526068,HOSPITECNICA ΕΠΕ (095526068),6693.3,,
9Σ4Σ4690ΒΧ-12Π,2026-07-20,ΕΝΤΑΛΜΑ ΠΛΗΡΩΜΗΣ HOSPITECNICA ΕΠΕ (095526068),095526068,HOSPITECNICA ΕΠΕ (095526068),1168.08,,
ΡΘ3Ψ4690ΒΧ-ΩΩΤ,2026-07-20,ΕΝΤΑΛΜΑ ΠΛΗΡΩΜΗΣ ETIROLLB.ΠΑΡΑΣΧΟΣ   ΣΙΑ Ε.Ε. (099905778),099905778,ETIROLLB.ΠΑΡΑΣΧΟΣ   ΣΙΑ Ε.Ε. (099905778),216.62,,
ΡΧΥΘ4690ΒΧ-2ΦΟ,2026-07-20,ΕΝΤΑΛΜΑ ΠΛΗΡΩΜΗΣ C.Ι.T.Y CARS Ε.Π.Ε ΝΙΚ.ΠΑΠΑΝΤΩΝΙΟΥ ΙΩΑΝ.ΠΑΠΑΝΙΚΟΛΑΟΥ Ε.Π.Ε (998166696),998166696,C.Ι.T.Y CARS Ε.Π.Ε ΝΙΚ.ΠΑΠΑΝΤΩΝΙΟΥ ΙΩΑΝ.ΠΑΠΑΝΙΚΟΛΑΟΥ Ε.Π.Ε (998166696),975.71,,
9ΓΓ84690ΒΧ-9ΑΜ,2026-07-16,ΕΝΤΑΛΜΑ ΠΛΗΡΩΜΗΣ ΝΙΚ.Ι.ΛΑΊΝΙΩΤΗΣ Α.Ε.Β.Ε (093628458),093628458,ΝΙΚ.Ι.ΛΑΊΝΙΩΤΗΣ Α.Ε.Β.Ε (093628458),2170.0,,
9ΕΨ94690ΒΧ-ΘΣΙ,2026-07-16,ΕΝΤΑΛΜΑ ΠΛΗΡΩΜΗΣ ΝΙΚ.Ι.ΛΑΊΝΙΩΤΗΣ Α.Ε.Β.Ε (093628458),093628458,ΝΙΚ.Ι.ΛΑΊΝΙΩΤΗΣ Α.Ε.Β.Ε (093628458),270.32,,
ΨΝΜΝ4690ΒΧ-6ΧΞ,2026-07-16,ΕΝΤΑΛΜΑ ΠΛΗΡΩΜΗΣ ΝΙΚ.Ι.ΛΑΊΝΙΩΤΗΣ Α.Ε.Β.Ε (093628458),093628458,ΝΙΚ.Ι.ΛΑΊΝΙΩΤΗΣ Α.Ε.Β.Ε (093628458),719.25,,
Ψ6ΘΤ4690ΒΧ-56Δ,2026-07-16,ΕΝΤΑΛΜΑ ΠΛΗΡΩΜΗΣ ΝΙΚ.Ι.ΛΑΊΝΙΩΤΗΣ Α.Ε.Β.Ε (093628458),093628458,ΝΙΚ.Ι.ΛΑΊΝΙΩΤΗΣ Α.Ε.Β.Ε (093628458),230.45,,
Ψ1ΓΞ4690ΒΧ-ΡΡΨ,2026-07-16,ΕΝΤΑΛΜΑ ΠΛΗΡΩΜΗΣ ΝΙΚ.Ι.ΛΑΊΝΙΩΤΗΣ Α.Ε.Β.Ε (093628458),093628458,ΝΙΚ.Ι.ΛΑΊΝΙΩΤΗΣ Α.Ε.Β.Ε (093628458),902.1,,
9ΘΦΜ4690ΒΧ-ΞΤΠ,2026-07-16,ΕΝΤΑΛΜΑ ΠΛΗΡΩΜΗΣ ΝΙΚ.Ι.ΛΑΊΝΙΩΤΗΣ Α.Ε.Β.Ε (093628458),093628458,ΝΙΚ.Ι.ΛΑΊΝΙΩΤΗΣ Α.Ε.Β.Ε (093628458),63.24,,
6Α9Γ4690ΒΧ-ΕΑ2,2026-07-16,ΕΝΤΑΛΜΑ ΠΛΗΡΩΜΗΣ Κωστας Α.Παπαέλληνας(ΕλλάςΑΕΒΕ) (094075360),094075360,Κωστας Α.Παπαέλληνας(ΕλλάςΑΕΒΕ) (094075360),192.1,,
Ρ9ΣΥ4690ΒΧ-5ΓΩ,2026-07-16,ΕΝΤΑΛΜΑ ΠΛΗΡΩΜΗΣ Κωστας Α.Παπαέλληνας(ΕλλάςΑΕΒΕ) (094075360),094075360,Κωστας Α.Παπαέλληνας(ΕλλάςΑΕΒΕ) (094075360),162.44,,
9Η6Α4690ΒΧ-ΔΩΒ,2026-07-20,ΕΝΤΑΛΜΑ ΠΛΗΡΩΜΗΣ C.Ι.T.Y CARS Ε.Π.Ε ΝΙΚ.ΠΑΠΑΝΤΩΝΙΟΥ ΙΩΑΝ.ΠΑΠΑΝΙΚΟΛΑΟΥ Ε.Π.Ε (998166696),998166696,C.Ι.T.Y CARS Ε.Π.Ε ΝΙΚ.ΠΑΠΑΝΤΩΝΙΟΥ ΙΩΑΝ.ΠΑΠΑΝΙΚΟΛΑΟΥ Ε.Π.Ε (998166696),789.57,,
ΨΡΜΝ4690ΒΧ-ΠΧ6,2026-07-20,ΕΝΤΑΛΜΑ ΠΛΗΡΩΜΗΣ ΕΣΕΑΠ (998886571),998886571,ΕΣΕΑΠ (998886571),452.6,,
ΨΠΚ44690ΒΧ-1ΘΥ,2026-07-16,ΕΝΤΑΛΜΑ ΠΛΗΡΩΜΗΣ ΕΛΛΕΝΚΟ Α.Ε. (094074824),094074824,ΕΛΛΕΝΚΟ Α.Ε. (094074824),591.37,,
9Τ7Ψ4690ΒΧ-ΦΘΕ,2026-07-16,ΕΝΤΑΛΜΑ ΠΛΗΡΩΜΗΣ ΕΛΛΕΝΚΟ Α.Ε. (094074824),094074824,ΕΛΛΕΝΚΟ Α.Ε. (094074824),50.59,,
9Θ7Λ4690ΒΧ-0Ν6,2026-07-16,ΕΝΤΑΛΜΑ ΠΛΗΡΩΜΗΣ ΒΙΟΣΕΡ ΑΕ (094035927),094035927,ΒΙΟΣΕΡ ΑΕ (094035927),992.0,,
ΨΥ5Φ4690ΒΧ-ΠΩΞ,2026-07-16,ΕΝΤΑΛΜΑ ΠΛΗΡΩΜΗΣ ΒΙΟΣΕΡ ΑΕ (094035927),094035927,ΒΙΟΣΕΡ ΑΕ (094035927),1769.95,,
9ΞΝΤ4690ΒΧ-89Υ,2026-07-16,ΕΝΤΑΛΜΑ ΠΛΗΡΩΜΗΣ ΒΙΟΣΕΡ ΑΕ (094035927),094035927,ΒΙΟΣΕΡ ΑΕ (094035927),2819.6,,
9ΥΦΔ4690ΒΧ-4ΤΑ,2026-07-16,ΕΝΤΑΛΜΑ ΠΛΗΡΩΜΗΣ ΒΙΟΣΕΡ ΑΕ (094035927),094035927,ΒΙΟΣΕΡ ΑΕ (094035927),109.76,,
90Λ94690ΒΧ-590,2026-07-16,ΕΝΤΑΛΜΑ ΠΛΗΡΩΜΗΣ ΒΙΟΣΕΡ ΑΕ (094035927),094035927,ΒΙΟΣΕΡ ΑΕ (094035927),759.28,,
9ΓΓΒ4690ΒΧ-Γ9Η,2026-07-16,ΕΝΤΑΛΜΑ ΠΛΗΡΩΜΗΣ ΒΕΡΜΑ ΝΤΡΑΓΚΣ ΑΒΕΕ (099363426),099363426,ΒΕΡΜΑ ΝΤΡΑΓΚΣ ΑΒΕΕ (099363426),1383.12,,
651Ο4690ΒΧ-2ΨΘ,2026-07-16,ΕΝΤΑΛΜΑ ΠΛΗΡΩΜΗΣ ΒΕΡΜΑ ΝΤΡΑΓΚΣ ΑΒΕΕ (099363426),099363426,ΒΕΡΜΑ ΝΤΡΑΓΚΣ ΑΒΕΕ (099363426),1086.29,,
926Ι4690ΒΧ-ΡΓΝ,2026-07-20,ΕΝΤΑΛΜΑ ΠΛΗΡΩΜΗΣ ΑΤΛΑΣ ΜΕΝΤΙΚΑΛ ΕΠΕ (998413964),998413964,ΑΤΛΑΣ ΜΕΝΤΙΚΑΛ ΕΠΕ (998413964),125.29,,
ΨΠΞΝ4690ΒΧ-0Ψ2,2026-07-20,ΕΝΤΑΛΜΑ ΠΛΗΡΩΜΗΣ ΑΤΛΑΣ ΜΕΝΤΙΚΑΛ ΕΠΕ (998413964),998413964,ΑΤΛΑΣ ΜΕΝΤΙΚΑΛ ΕΠΕ (998413964),298.32,,
ΨΨΒ74690ΒΧ-ΨΩΔ,2026-07-20,ΕΝΤΑΛΜΑ ΠΛΗΡΩΜΗΣ ΑΡΘΡΩΣΙΣ ΙΑΤΡΙΚΑ ΕΙΔΗ Α.Ε. (082899566),082899566,ΑΡΘΡΩΣΙΣ ΙΑΤΡΙΚΑ ΕΙΔΗ Α.Ε. (082899566),3390.0,,
ΨΦΧ14690ΒΧ-ΥΑΝ,2026-07-20,ΕΝΤΑΛΜΑ ΠΛΗΡΩΜΗΣ ΑΡΘΡΩΣΙΣ ΙΑΤΡΙΚΑ ΕΙΔΗ Α.Ε. (082899566),082899566,ΑΡΘΡΩΣΙΣ ΙΑΤΡΙΚΑ ΕΙΔΗ Α.Ε. (082899566),1116.44,,
63ΜΣ4690ΒΧ-ΑΡΕ,2026-07-20,ΕΝΤΑΛΜΑ ΠΛΗΡΩΜΗΣ ΑΝΤΙ-ΣΕΛ ΑΦΟΙ Α. ΣΕΛΙΔΗ ΑΕ (091569759),091569759,ΑΝΤΙ-ΣΕΛ ΑΦΟΙ Α. ΣΕΛΙΔΗ ΑΕ (091569759),99.2,,
ΨΦ1Ε4690ΒΧ-6ΞΣ,2026-07-20,ΕΝΤΑΛΜΑ ΠΛΗΡΩΜΗΣ ΑΝΤΙ-ΣΕΛ ΑΦΟΙ Α. ΣΕΛΙΔΗ ΑΕ (091569759),091569759,ΑΝΤΙ-ΣΕΛ ΑΦΟΙ Α. ΣΕΛΙΔΗ ΑΕ (091569759),1351.6,,
ΨΩΖΗ4690ΒΧ-9ΩΝ,2026-07-20,ΕΝΤΑΛΜΑ ΠΛΗΡΩΜΗΣ TELEFLEX MEDICAL ΕΛΛΑΣ ΑΕΕ (094429990),094429990,TELEFLEX MEDICAL ΕΛΛΑΣ ΑΕΕ (094429990),282.5,,
6ΣΚ14690ΒΧ-ΖΜ4,2026-07-16,ΕΝΤΑΛΜΑ ΠΛΗΡΩΜΗΣ MILONAS HEALTH A.E. (998179225),998179225,MILONAS HEALTH A.E. (998179225),100.44,,
ΨΓΩΡ4690ΒΧ-6Ν8,2026-07-16,ΕΝΤΑΛΜΑ ΠΛΗΡΩΜΗΣ MILONAS HEALTH A.E. (998179225),998179225,MILONAS HEALTH A.E. (998179225),983.17,,
658Η4690ΒΧ-Π7Π,2026-07-16,ΕΝΤΑΛΜΑ ΠΛΗΡΩΜΗΣ MILONAS HEALTH A.E. (998179225),998179225,MILONAS HEALTH A.E. (998179225),189.46,,
962Σ4690ΒΧ-0ΩΦ,2026-07-16,ΕΝΤΑΛΜΑ ΠΛΗΡΩΜΗΣ MILONAS HEALTH A.E. (998179225),998179225,MILONAS HEALTH A.E. (998179225),429.13,,
6ΔΡΜ4690ΒΧ-Κ0Π,2026-07-16,ΕΝΤΑΛΜΑ ΠΛΗΡΩΜΗΣ LEO   ΦΑΡΜ/ΚΑ ΠΡ/ΝΤΑ ΕΛΛΑΣ ΕΠΕ (095003061),095003061,LEO   ΦΑΡΜ/ΚΑ ΠΡ/ΝΤΑ ΕΛΛΑΣ ΕΠΕ (095003061),2178.38,,
Ψ4ΞΞ4690ΒΧ-0ΓΓ,2026-07-16,ΕΝΤΑΛΜΑ ΠΛΗΡΩΜΗΣ LEO   ΦΑΡΜ/ΚΑ ΠΡ/ΝΤΑ ΕΛΛΑΣ ΕΠΕ (095003061),095003061,LEO   ΦΑΡΜ/ΚΑ ΠΡ/ΝΤΑ ΕΛΛΑΣ ΕΠΕ (095003061),3022.55,,
ΨΓ174690ΒΧ-ΝΟΖ,2026-07-16,ΕΝΤΑΛΜΑ ΠΛΗΡΩΜΗΣ LEO   ΦΑΡΜ/ΚΑ ΠΡ/ΝΤΑ ΕΛΛΑΣ ΕΠΕ (095003061),095003061,LEO   ΦΑΡΜ/ΚΑ ΠΡ/ΝΤΑ ΕΛΛΑΣ ΕΠΕ (095003061),3509.69,,
6ΣΡ14690ΒΧ-ΠΕΜ,2026-07-16,ΕΝΤΑΛΜΑ ΠΛΗΡΩΜΗΣ LEO   ΦΑΡΜ/ΚΑ ΠΡ/ΝΤΑ ΕΛΛΑΣ ΕΠΕ (095003061),095003061,LEO   ΦΑΡΜ/ΚΑ ΠΡ/ΝΤΑ ΕΛΛΑΣ ΕΠΕ (095003061),4904.94,,
9ΟΛΙ4690ΒΧ-8ΒΖ,2026-07-20,ΕΝΤΑΛΜΑ ΠΛΗΡΩΜΗΣ IMPACKT Ε.Π.Ε (998046649),998046649,IMPACKT Ε.Π.Ε (998046649),2305.2,,
ΨΖΣΣ4690ΒΧ-0Κ4,2026-07-16,ΕΝΤΑΛΜΑ ΠΛΗΡΩΜΗΣ DUCASCO-ΔΟΥΡΜΟΥΣΟΓΛΟΥ ΑΕΒΕ (999640490),999640490,DUCASCO-ΔΟΥΡΜΟΥΣΟΓΛΟΥ ΑΕΒΕ (999640490),203.4,,
ΨΣΨ84690ΒΧ-ΠΓ6,2026-07-16,ΕΝΤΑΛΜΑ ΠΛΗΡΩΜΗΣ BAYER ΕΛΛΑΣ ΑΒΕΕ (094056437),094056437,BAYER ΕΛΛΑΣ ΑΒΕΕ (094056437),2790.0,,
ΨΙΧΧ4690ΒΧ-8Μ7,2026-07-07,ΕΝΤΑΛΜΑ ΠΛΗΡΩΜΗΣ ΔΙΣΝΙΤΣΑΣ ΛΕΩΝΙΔΑΣ (029818051),029818051,ΔΙΣΝΙΤΣΑΣ ΛΕΩΝΙΔΑΣ (029818051),4247.91,,
995Ψ4690ΒΧ-ΨΨΟ,2026-07-07,ΕΝΤΑΛΜΑ ΠΛΗΡΩΜΗΣ BIOGENESYS IKE (099805952),099805952,BIOGENESYS IKE (099805952),3277.0,,
9Ο144690ΒΧ-2ΘΤ,2026-07-07,ΕΝΤΑΛΜΑ ΠΛΗΡΩΜΗΣ BIOGENESYS IKE (099805952),099805952,BIOGENESYS IKE (099805952),2823.87,,
9ΤΩ14690ΒΧ-Ν07,2026-07-07,ΕΝΤΑΛΜΑ ΠΛΗΡΩΜΗΣ BIOGENESYS IKE (099805952),099805952,BIOGENESYS IKE (099805952),3051.0,,
91ΖΗ4690ΒΧ-Ψ2Β,2026-07-07,ΕΝΤΑΛΜΑ ΠΛΗΡΩΜΗΣ BIOGENESYS IKE (099805952),099805952,BIOGENESYS IKE (099805952),3018.23,,
9ΚΟΑ4690ΒΧ-ΞΔΒ,2026-07-07,ΕΝΤΑΛΜΑ ΠΛΗΡΩΜΗΣ BIOGENESYS IKE (099805952),099805952,BIOGENESYS IKE (099805952),5648.87,,
971Υ4690ΒΧ-ΔΥ3,2026-07-07,ΕΝΤΑΛΜΑ ΠΛΗΡΩΜΗΣ BIOGENESYS IKE (099805952),099805952,BIOGENESYS IKE (099805952),4894.03,,
