ada,issue_date,subject,supplier_afm,supplier_name,amount_eur,reason
6ΔΔΚ4690ΒΡ-0ΑΗ,2021-12-27,ΧΕΑ 1852/2021,,,,no sponsor block
ΨΟΑ54690ΒΡ-ΩΚ0,2021-12-27,XEA 1835/2021,,,,no sponsor block
ΨΣΦ14690ΒΡ-Ε7Ε,2021-12-27,XEA 1836/2021,,,,no sponsor block
Ψ5ΩΔ4690ΒΡ-ΧΙΕ,2021-12-27,XEA 1845/2021,,,,no sponsor block
Ω1294690ΒΡ-13Δ,2021-12-27,XEA 1843/2021,,,,no sponsor block
Ψ6ΣΙ4690ΒΡ-4ΚΙ,2021-12-24,"ΧΕΑ 1850,1851/2021",,,,no sponsor block
ΩΥΒ24690ΒΡ-ΛΥ5,2021-12-24,"ΧΕΑ 1848,1849/2021",,,,no sponsor block
Ψ7ΕΙ4690ΒΡ-57Ο,2021-12-24,ΧΕΑ 1846/2021,,,,no sponsor block
ΩΔΜΟ4690ΒΡ-Ζ6Τ,2021-12-24,XEA 1844/2021,,,,no sponsor block
63ΙΝ4690ΒΡ-1ΞΜ,2021-12-23,XEA 1842/2021,,,,no sponsor block
6ΡΜΒ4690ΒΡ-ΝΝ5,2021-12-23,"XEA 1839,1840,1841/2021",,,,no sponsor block
91ΔΝ4690ΒΡ-ΡΤΧ,2021-12-23,"XEA 1837,1838/2021",,,,no sponsor block
9Υ2Ζ4690ΒΡ-ΣΘΒ,2021-12-23,"XEA 1832,1833,1834/2021",,,,no sponsor block
Ω3Υ84690ΒΡ-ΖΗΘ,2021-12-23,"XE:1829,1830,1831/2021",,,,no sponsor block
6ΦΦΔ4690ΒΡ-0ΗΙ,2021-12-22,ΧΕΑ 1822/2021,,,,no sponsor block
6ΘΟΑ4690ΒΡ-ΣΒ2,2021-12-21,ΧΕ:1820/2021,,,,no sponsor block
9Ε2Α4690ΒΡ-ΣΩΤ,2021-12-21,XE:1821/2021,,,,no sponsor block
696Ο4690ΒΡ-Λ7Η,2021-12-21,"XEA 1818,1819/2021",,,,no sponsor block
ΩΑΦΔ4690ΒΡ-ΚΚ3,2021-12-21,"XEA 1814,1815,1816,1817/2021",,,,no sponsor block
6Κ4Γ4690ΒΡ-ΨΦΞ,2021-12-21,ΧΕΑ 1807,,,,no sponsor block
6ΙΛΠ4690ΒΡ-ΩΞΥ,2021-12-21,"ΧΕΑ 1808,1809,1810,1811/2021",,,,no sponsor block
95ΝΥ4690ΒΡ-ΝΣΖ,2021-12-20,ΧΕΑ 1086/2021,,,,no sponsor block
6ΠΕΥ4690ΒΡ-Ρ5Ν,2021-12-20,ΧΕΑ 1805/2021,,,,no sponsor block
6ΨΡ84690ΒΡ-ΨΨ7,2021-12-17,XEA 1800/2021,,,,no sponsor block
ΨΡΒΞ4690ΒΡ-0ΥΧ,2021-12-17,ΧΕ:1796/21,999001304,ΓΕΝΙΚΟ ΝΟΣΟΚΟΜΕΙΟ ΔΡΑΜΑΣ ΕΣΥΚΑ,13117.68,self-referential (payroll/EFKA/FMY remittance)
Ψ7Σ64690ΒΡ-ΜΘΖ,2021-12-17,ΧΕ:1797/21,999001304,ΓΕΝΙΚΟ ΝΟΣΟΚΟΜΕΙΟ ΔΡΑΜΑΣ ΕΣΥΚΑ,10713.69,self-referential (payroll/EFKA/FMY remittance)
ΨΩΩΔ4690ΒΡ-ΡΦ5,2021-12-16,XEA 1794/2021,,,,no sponsor block
6Π2Τ4690ΒΡ-ΕΕ9,2021-12-16,"XEA 1792,1793/2021",,,,no sponsor block
6ΤΩΘ4690ΒΡ-ΝΞΦ,2021-12-16,XEA 1790/2021,,,,no sponsor block
6ΤΡΖ4690ΒΡ-ΥΩΜ,2021-12-16,"XEA 1788,1789/2021",,,,no sponsor block
9ΔΛΣ4690ΒΡ-8ΟΗ,2021-12-14,"ΧΕΑ 1780,1781/2021",,,,no sponsor block
9Μ5Κ4690ΒΡ-6Ε0,2021-12-13,"ΧΕΑ 1778,1779/2021",,,,no sponsor block
ΨΙΠΡ4690ΒΡ-ΗΧΙ,2021-12-13,ΠΛΗΡΩΜΗ ΠΡΟΜΗΘΕΥΤΩΝ ΧΕΑ 1,999001304,ΓΕΝΙΚΟ ΝΟΣΟΚΟΜΕΙΟ ΔΡΑΜΑΣ ΕΣΥΚΑ,12386.98,self-referential (payroll/EFKA/FMY remittance)
ΨΡΜΝ4690ΒΡ-07Φ,2021-12-10,XEA 1775/21,,,,no sponsor block
Ψ51Ξ4690ΒΡ-8ΥΦ,2021-11-30,XEA 1671/2021,,,,no sponsor block
ΩΣΤΟ4690ΒΡ-ΗΝΒ,2021-12-02,XEA  1706/2021,,,,no sponsor block
60ΜΜ4690ΒΡ-ΨΙΗ,2021-12-02,ΧΕΑ 1705/2021,,,,no sponsor block
Ω3Ζ84690ΒΡ-3Κ8,2021-12-02,"ΧΕΑ 1702,1703,1704/2021",,,,no sponsor block
ΩΣΕΩ4690ΒΡ-ΑΣΜ,2021-12-01,ΧΕΑ 1687/2021,,,,no sponsor block
6ΩΟ04690ΒΡ-Ζ6Ζ,2021-12-01,ΧΕΑ 1674/2021,,,,no sponsor block
6Β9Κ4690ΒΡ-6ΟΑ,2021-12-01,ΧΕΑ 1689/2021,,,,no sponsor block
ΨΘΞΩ4690ΒΡ-43Ν,2021-12-01,ΧΕΑ 1688/2021,,,,no sponsor block
ΩΙΘΙ4690ΒΡ-ΙΡ3,2021-12-01,ΧΕΑ 1677/2021,,,,no sponsor block
6ΟΚΠ4690ΒΡ-ΙΙΘ,2021-12-01,ΧΕΑ 1676/2021,,,,no sponsor block
9Η864690ΒΡ-ΤΧ2,2021-11-30,"ΧΕΑ 1699,1700/2021",,,,no sponsor block
ΨΛ594690ΒΡ-Ι16,2021-11-26,"XE:1663,1664/2021",,,,no sponsor block
9ΚΛΗ4690ΒΡ-0Χ6,2021-11-30,"XEA 1697,1698/2021",,,,no sponsor block
ΨΑ494690ΒΡ-ΙΚΥ,2021-11-30,"XEA 1695,1696/2021",,,,no sponsor block
ΩΞΘ14690ΒΡ-Η9Π,2021-11-30,"XEA 1690,1691,1692,1693,1694/2021",,,,no sponsor block
6ΚΗΔ4690ΒΡ-8Ι2,2021-11-30,XEA 1675/2021,,,,no sponsor block
ΨΧΖΨ4690ΒΡ-3ΟΞ,2021-11-30,"XEA 1672,1673/2021",,,,no sponsor block
Ψ7ΝΑ4690ΒΡ-879,2021-11-30,ΧΕ:1679/21,,,,no sponsor block
ΨΒΣΩ4690ΒΡ-7Ρ5,2021-11-26,XEA 1662/2021,,,,no sponsor block
9ΛΒ64690ΒΡ-4ΥΒ,2021-11-16,ΧΕΑ 1524/2021,,,,no sponsor block
6Θ5Ο4690ΒΡ-ΗΣΕ,2021-11-15,ΧΕΑ 1523/2021,,,,no sponsor block
ΨΡΤΑ4690ΒΡ-Ρ04,2021-11-15,ΧΕΑ 1522/2021,,,,no sponsor block
ΨΜΩΔ4690ΒΡ-ΙΒΨ,2021-11-15,ΧΕΑ 1521/2021,,,,no sponsor block
ΩΣΒΛ4690ΒΡ-ΕΑ5,2021-11-15,"ΧΕΑ 1518,1519/2021",,,,no sponsor block
Ω3ΧΗ4690ΒΡ-625,2021-11-10,ΧΕΑ 1517/2021,,,,no sponsor block
ΩΦΣΦ4690ΒΡ-3Ο5,2021-11-05,ΧΕ:1364/2021-2,,,,no sponsor block
ΩΘΕ64690ΒΡ-1ΥΨ,2021-11-04,ΧΕ:1364/2021,,,,no sponsor block
6ΞΝΝ4690ΒΡ-ΑΑΥ,2021-11-04,ΧΕ:1329/2021-2,,,,no sponsor block
ΩΧΛ14690ΒΡ-ΛΘΣ,2021-11-04,ΧΕ:1329/21-1,,,,no sponsor block
Ω8Κ44690ΒΡ-Α5Β,2021-11-04,ΧΕ:1347/2021,,,,no sponsor block
ΨΑΦ74690ΒΡ-ΡΜΗ,2021-11-04,XE:1348/2021,,,,no sponsor block
ΩΜΓ84690ΒΡ-76Ψ,2021-11-03,XEA 1363/2021,,,,no sponsor block
6Γ2Θ4690ΒΡ-ΖΘΛ,2021-11-03,XEA 1362/2021,,,,no sponsor block
6Ο0Ο4690ΒΡ-ΛΝΕ,2021-11-03,XE:1361/2021,,,,no sponsor block
Ψ2ΑΤ4690ΒΡ-9ΛΞ,2021-11-03,"XEA 1359,1360/2021",,,,no sponsor block
ΨΙΘ24690ΒΡ-ΕΘΦ,2021-11-02,"ΧΕ:1347,1348",,,,no sponsor block
68ΛΞ4690ΒΡ-Β1Φ,2021-11-02,ΧΕ:1346,,,,no sponsor block
Ω3ΡΕ4690ΒΡ-ΧΗΟ,2021-11-02,"XE:1343,1344,1345",,,,no sponsor block
9ΙΠΖ4690ΒΡ-8ΚΖ,2021-11-02,"ΧΕΑ:1356,1357/2021",,,,no sponsor block
ΩΣ614690ΒΡ-Χ2Ω,2021-11-02,"ΧΕΑ:1352,1353,1354,1355/2021",,,,no sponsor block
6ΧΠΦ4690ΒΡ-Φ20,2021-11-02,"XEA:1349,1350,1351/2021",,,,no sponsor block
Ω8Γ94690ΒΡ-2ΨΡ,2021-10-26,"ΧΕ 1334,1335/2021",,,,no sponsor block
6Ε1Φ4690ΒΡ-ΔΓΧ,2021-10-25,"ΧΕ 1330,1331/2021",,,,no sponsor block
97ΟΠ4690ΒΡ-81Ζ,2021-10-25,ΧΕ 1329/2021,,,,no sponsor block
ΨΓΦ14690ΒΡ-0ΩΚ,2021-10-25,"ΧΕ 1327,1328/2021",,,,no sponsor block
Ψ09Δ4690ΒΡ-ΛΡΕ,2021-10-25,"ΧΕ 1324,1325,1326/2021",,,,no sponsor block
6ΖΦΙ4690ΒΡ-9ΓΞ,2021-10-22,"ΧΕ 1318,1319,1320,1321,1322,1323/2021",,,,no sponsor block
ΨΜΗΛ4690ΒΡ-Δ0Β,2021-10-18,XE 1306/21,,,,no sponsor block
6Κ9Τ4690ΒΡ-32Ε,2021-10-18,XE 1305/21,,,,no sponsor block
6ΞΦΡ4690ΒΡ-ΟΨΛ,2021-10-14,ΧΕ 1296,,,,no sponsor block
9Ω0Α4690ΒΡ-Ι18,2021-10-11,"XE:1288,1289/2021",,,,no sponsor block
ΨΛΙΑ4690ΒΡ-ΝΛ3,2021-10-07,XE:1282/21,,,,no sponsor block
6Ι7Λ4690ΒΡ-ΤΕΖ,2021-10-07,ΧΕ:1283-1284/21,,,,no sponsor block
ΩΦ604690ΒΡ-ΜΡΤ,2021-10-07,ΧΕ:1282/21,,,,no sponsor block
ΩΧΧ14690ΒΡ-70Β,2021-10-07,ΧΕ:1281/21,,,,no sponsor block
6ΒΝ44690ΒΡ-ΗΑΕ,2021-10-07,ΧΕ:1279-1280/21,,,,no sponsor block
9ΚΓ44690ΒΡ-85Α,2021-10-06,XE:1277/2021,,,,no sponsor block
ΨΗ1Ι4690ΒΡ-ΗΒΟ,2021-10-06,XE:1271/2021,,,,no sponsor block
ΨΥΨΛ4690ΒΡ-ΨΦΚ,2021-10-06,ΧΕ:1278/21,,,,no sponsor block
9ΕΕ34690ΒΡ-35Ρ,2021-10-06,ΧΕ:1277/21,,,,no sponsor block
Ψ7ΑΩ4690ΒΡ-ΤΟΘ,2021-10-06,ΧΕ:1276/21,,,,no sponsor block
Ω1804690ΒΡ-Χ9Β,2021-10-06,ΧΕ/1275/21,,,,no sponsor block
6ΚΒ84690ΒΡ-ΝΜΚ,2021-10-06,ΧΕ 1268/2021,,,,no sponsor block
ΨΨΩ64690ΒΡ-0ΒΘ,2021-10-01,"XE 1257,1258,1259,1260,1261",,,,no sponsor block
9Κ6Γ4690ΒΡ-6ΓΞ,2021-10-04,XE:1271/2021,,,,no sponsor block
ΩΑΛ64690ΒΡ-0ΚΣ,2021-10-04,ΧΕ:1270/2021,,,,no sponsor block
Ψ0ΒΗ4690ΒΡ-ΣΧΤ,2021-10-04,ΧΕ:1269/2021,,,,no sponsor block
62ΤΩ4690ΒΡ-Σ9Υ,2021-10-04,XE:1268/21,,,,no sponsor block
ΨΤΥΠ4690ΒΡ-5Γ4,2021-10-01,XE 1262,,,,no sponsor block
ΨΔΠΔ4690ΒΡ-ΑΡ7,2021-09-29,"ΧΕ:1243,1244/2021",,,,no sponsor block
ΨΙΗΝ4690ΒΡ-Υ11,2021-09-27,ΧΕ:1242/2021,,,,no sponsor block
ΨΡΣ74690ΒΡ-ΕΤΧ,2021-09-16,XE:1235/21 ΧΕ:1236/21,,,,no sponsor block
9ΙΑΟ4690ΒΡ-9Ψ8,2021-09-10,"ΧΕ 1228,1229/2021",,,,no sponsor block
6Υ2Η4690ΒΡ-ΓΟΒ,2021-08-31,XEA 1157/21,,,,no sponsor block
97ΦΓ4690ΒΡ-ΖΩ9,2021-08-31,XEA 1168/21,,,,no sponsor block
ΨΤΡ14690ΒΡ-ΣΔ2,2021-08-31,XEA 1176/21,,,,no sponsor block
ΩΜΞΓ4690ΒΡ-Λ99,2021-08-31,XEA 1156/21,,,,no sponsor block
9ΛΦΒ4690ΒΡ-Τ3Ζ,2021-08-31,"XEA 1177,1178,1179/2021",,,,no sponsor block
ΨΙΜΤ4690ΒΡ-ΗΙΚ,2021-08-30,ΧΕΑ 1175/2021,,,,no sponsor block
6Π9Ψ4690ΒΡ-4ΨΣ,2021-08-30,"XEA 1173,1174/2021",,,,no sponsor block
ΨΩΗΜ4690ΒΡ-ΚΕ7,2021-08-27,ΠΛΗΡΩΜΗ ΠΡΟΜΗΘΕΥΤΗ (ΧΕΑ 1),999001304,ΓΕΝΙΚΟ ΝΟΣΟΚΟΜΕΙΟ ΔΡΑΜΑΣ ΕΣΥΚΑ,13287.57,self-referential (payroll/EFKA/FMY remittance)
ΨΙΩΠ4690ΒΡ-Κ87,2021-08-27,XEA 1167/21,,,,no sponsor block
ΨΨ9Χ4690ΒΡ-ΘΘΒ,2021-08-27,"XEA 1165,1166/2021",,,,no sponsor block
6Ψ4Ι4690ΒΡ-ΕΨΒ,2021-08-27,XEA 1164/21,,,,no sponsor block
66ΧΓ4690ΒΡ-ΧΒΡ,2021-08-25,"ΧΕΑ 1154,1155/2021",,,,no sponsor block
ΨΒ9Η4690ΒΡ-Η61,2021-08-25,"ΧΕΑ 1152,1153/2021",,,,no sponsor block
ΨΟΠ14690ΒΡ-ΨΣΠ,2021-08-25,"XEA 1149,1150,1151/2021",,,,no sponsor block
6Γ8Ξ4690ΒΡ-5ΙΥ,2021-08-23,"ΧΕΑ 1112,1113,1114/2021",,,,no sponsor block
ΨΞΓ24690ΒΡ-9ΓΙ,2021-08-12,ΧΕΑ 1094/2021,,,,no sponsor block
ΨΝΨΣ4690ΒΡ-ΩΙΛ,2021-08-11,"ΧΕΑ 1092,1093/2021",,,,no sponsor block
Ψ7ΦΩ4690ΒΡ-5ΝΜ,2021-08-11,ΧΕΑ 1060/2021,,,,no sponsor block
6ΟΨΑ4690ΒΡ-1Ψ1,2021-08-11,"ΧΕΑ 1058,1059/2021",,,,no sponsor block
Ψ7ΞΨ4690ΒΡ-Ζ40,2021-08-11,ΧΕΑ 1061/21,,,,no sponsor block
ΩΙΥΒ4690ΒΡ-Ω8Β,2021-08-11,ΧΕΑ 1057/21,,,,no sponsor block
96ΩΔ4690ΒΡ-5Φ8,2021-08-03,XEA 1029,,,,no sponsor block
ΨΥΖΓ4690ΒΡ-3Χ3,2021-08-03,XEA 1008,,,,no sponsor block
Ψ5ΒΨ4690ΒΡ-7ΒΖ,2021-08-03,XEA 995,,,,no sponsor block
6ΣΕΖ4690ΒΡ-ΥΙ0,2021-08-03,XEA 936,,,,no sponsor block
ΨΤΗ84690ΒΡ-Ε3Γ,2021-08-02,"XEA 1030,1031/2021",,,,no sponsor block
ΨΩΥΤ4690ΒΡ-Λ95,2022-05-27,XE:626/2022,,,,no sponsor block
6Ψ8Α4690ΒΡ-6Κ3,2022-05-24,"Χ.Ε. 594,595/2022",,,,no sponsor block
ΨΝΖΒ4690ΒΡ-7Α8,2022-05-18,ΧΕ:572-575,,,,no sponsor block
ΨΛΙΘ4690ΒΡ-ΖΒ7,2022-05-17,Χ.Ε. 556/2022,,,,no sponsor block
ΩΣ3Β4690ΒΡ-ΩΨΡ,2022-05-16,ΧΕ:516-517,,,,no sponsor block
9ΟΠΦ4690ΒΡ-ΥΩΘ,2022-05-13,"XE:516,517/2022",,,,no sponsor block
ΨΛ7Λ4690ΒΡ-5ΣΑ,2022-05-10,Χ.Ε. 478/2022,,,,no sponsor block
ΨΡΩ34690ΒΡ-ΕΓΝ,2022-05-05,ΧΕ:401/22,,,,no sponsor block
6ΥΛΔ4690ΒΡ-ΦΒΛ,2022-05-05,ΧΕ:409/22,,,,no sponsor block
6Ε064690ΒΡ-Τ6Γ,2022-05-05,ΧΕ:410/22,,,,no sponsor block
6ΠΞΚ4690ΒΡ-Ο1Κ,2022-05-05,ΧΕ:348/22,,,,no sponsor block
6ΠΚ64690ΒΡ-ΩΤΣ,2022-05-05,XE:398/22,,,,no sponsor block
68ΩΚ4690ΒΡ-ΞΙΧ,2022-05-03,"ΧΕ:409,410",,,,no sponsor block
6ΖΡ44690ΒΡ-6ΩΔ,2022-05-03,"ΧΕ:405,406,407,408",,,,no sponsor block
9Ε2Σ4690ΒΡ-6ΩΧ,2022-05-03,"XE:402,403,404",,,,no sponsor block
Ω3ΤΙ4690ΒΡ-ΙΤ7,2022-05-03,ΧΕ:401,,,,no sponsor block
6ΖΦΖ4690ΒΡ-8ΓΝ,2022-05-03,ΧΕ:400,,,,no sponsor block
606Ν4690ΒΡ-ΜΩΒ,2022-05-03,ΧΕ:399,,,,no sponsor block
9ΠΓ24690ΒΡ-ΔΔΑ,2022-05-03,ΧΕ:398,,,,no sponsor block
6Μ4Θ4690ΒΡ-ΓΑΡ,2022-05-03,ΧΕ:397,,,,no sponsor block
9ΠΤΦ4690ΒΡ-1Γ4,2022-05-03,"ΧΕ:395,396",,,,no sponsor block
ΨΣΚ14690ΒΡ-ΟΦΤ,2022-05-03,"ΧΕ:393,394",,,,no sponsor block
ΩΔΚ74690ΒΡ-ΤΓΕ,2022-04-20,ΧΕ:348/2022,,,,no sponsor block
ΩΧΥ34690ΒΡ-Τ8Ψ,2022-04-20,ΧΕ:347/2022,,,,no sponsor block
ΨΚ9Λ4690ΒΡ-ΟΦ3,2022-04-20,ΧΕ:346/2022,,,,no sponsor block
9ΟΑΚ4690ΒΡ-4ΛΥ,2022-04-20,ΧΕ:345/2022,,,,no sponsor block
6ΨΜΒ4690ΒΡ-ΝΜ8,2022-04-20,ΧΕ:344/2022,,,,no sponsor block
9ΚΛ04690ΒΡ-ΜΣ5,2022-04-15,"XE:327,328/2022",,,,no sponsor block
6ΤΣΤ4690ΒΡ-73Φ,2022-04-15,"Χ.Ε. 325, 326/2022",,,,no sponsor block
6ΦΑΦ4690ΒΡ-Δ4Α,2022-04-15,Χ.Ε. 323/2022,,,,no sponsor block
94094690ΒΡ-2ΙΟ,2022-04-13,XEA/272,999001304,ΓΕΝΙΚΟ ΝΟΣΟΚΟΜΕΙΟ ΔΡΑΜΑΣ ΕΣΥΚΑ,9596.74,self-referential (payroll/EFKA/FMY remittance)
ΨΒΝΟ4690ΒΡ-Κ5Σ,2022-04-13,XEA/271,999001304,ΓΕΝΙΚΟ ΝΟΣΟΚΟΜΕΙΟ ΔΡΑΜΑΣ ΕΣΥΚΑ,10293.77,self-referential (payroll/EFKA/FMY remittance)
ΨΚΔΠ4690ΒΡ-51Ξ,2022-04-08,ΧΕΑ 238,,,,no sponsor block
6ΝΟΚ4690ΒΡ-Ν89,2022-04-08,ΧΕΑ 237,,,,no sponsor block
Ω2804690ΒΡ-ΔΚΨ,2022-04-07,"Χ .Ε. 237, 238/2022",,,,no sponsor block
ΨΔΜΘ4690ΒΡ-Ο5Α,2022-04-07,Χ.Ε.  236/2022,,,,no sponsor block
9Π044690ΒΡ-49Β,2022-04-07,Χ.Ε. 235/2022,,,,no sponsor block
ΩΔΥΚ4690ΒΡ-ΝΛΣ,2022-04-07,"Χ.Ε. 232, 233, 234",,,,no sponsor block
ΩΜΕ14690ΒΡ-1ΝΜ,2022-04-07,ΧΕ:231,,,,no sponsor block
ΩΑΙΨ4690ΒΡ-ΡΓΡ,2022-04-07,"XE:228,229,230",,,,no sponsor block
ΨΕ414690ΒΡ-9Ι8,2022-04-05,"ΧΕ:226,227/2022",,,,no sponsor block
9ΟΔΩ4690ΒΡ-24Κ,2022-04-05,"ΧΕ:223,224,225/2022",,,,no sponsor block
ΨΨΒ34690ΒΡ-ΦΨ1,2022-04-05,ΧΕ:214/2022,,,,no sponsor block
ΨΗ6Ο4690ΒΡ-ΨΚΕ,2022-04-05,ΧΕ:221/2022,,,,no sponsor block
638Φ4690ΒΡ-917,2022-04-05,ΧΕ:210/2022,,,,no sponsor block
Ψ8ΦΥ4690ΒΡ-Ρ5Ψ,2022-04-05,ΧΕ:211/2022,,,,no sponsor block
68ΖΖ4690ΒΡ-Τ4Π,2022-04-05,XE:199/2022,,,,no sponsor block
ΨΣΗ14690ΒΡ-ΗΒΦ,2022-04-04,ΧΕ:212/2022,,,,no sponsor block
9ΕΒ74690ΒΡ-ΩΒΗ,2022-04-04,ΧΕ:213/2022,,,,no sponsor block
Ω81Σ4690ΒΡ-ΕΤΘ,2022-04-04,ΧΕ:214/2022,,,,no sponsor block
63984690ΒΡ-ΦΒΗ,2022-04-04,"ΧΕ:215,216,217,218/2022",,,,no sponsor block
ΨΨΥΣ4690ΒΡ-ΦΣ8,2022-04-04,ΧΕ:219/2022,,,,no sponsor block
9Ο4Λ4690ΒΡ-4ΡΦ,2022-04-04,ΧΕ:220/2022,,,,no sponsor block
ΩΔΠΧ4690ΒΡ-ΑΒΓ,2022-04-04,XE:221/2022,,,,no sponsor block
97ΤΞ4690ΒΡ-ΜΞΜ,2022-04-01,"ΧΕ:210,211/2022",,,,no sponsor block
65ΩΖ4690ΒΡ-ΜΒ3,2022-04-01,"ΧΕ:208,209/2022",,,,no sponsor block
ΨΕΦΩ4690ΒΡ-4Σ4,2022-04-01,"ΧΕ:205,206,207/2022",,,,no sponsor block
ΨΡΧΚ4690ΒΡ-ΘΥΨ,2022-04-01,"XE:203,204/2022",,,,no sponsor block
ΩΤΚΣ4690ΒΡ-ΠΜΙ,2022-03-30,ΧΕ:199/2022,,,,no sponsor block
ΨΛΤΙ4690ΒΡ-0Ν4,2022-03-30,ΧΕ:198/2022,,,,no sponsor block
ΨΡΚ54690ΒΡ-192,2022-03-30,ΧΕ:197/2022,,,,no sponsor block
6ΓΨΘ4690ΒΡ-ΤΒΕ,2022-03-30,ΧΕ:196/2022,,,,no sponsor block
ΨΖ7Ε4690ΒΡ-ΩΤΞ,2022-03-30,XE:195/2022,,,,no sponsor block
ΩΘΥ44690ΒΡ-Ο6Σ,2022-03-18,XEA 183/2022,,,,no sponsor block
ΨΤΟΠ4690ΒΡ-1ΤΤ,2022-03-18,XEA 180/2022,,,,no sponsor block
ΩΣ724690ΒΡ-09Π,2022-03-18,ΧΕ:183,,,,no sponsor block
91ΑΘ4690ΒΡ-ΜΨ3,2022-03-18,ΧΕ:182,,,,no sponsor block
9Ω1Σ4690ΒΡ-Γ6Φ,2022-03-18,ΧΕ:181,,,,no sponsor block
ΨΕΞΣ4690ΒΡ-4ΔΟ,2022-03-18,ΧΕ:180,,,,no sponsor block
ΨΛΘΩ4690ΒΡ-ΗΨΝ,2022-03-18,ΧΕ:179,,,,no sponsor block
6ΘΗΚ4690ΒΡ-0ΙΖ,2022-03-18,"ΧΕ:175,176,177,178",,,,no sponsor block
Ψ8ΑΞ4690ΒΡ-Χ7Ψ,2022-03-14,"ΧΕ:161,162",,,,no sponsor block
ΨΦΘ14690ΒΡ-Ξ04,2022-03-14,"XE:154,155",,,,no sponsor block
6ΙΤΣ4690ΒΡ-Ω7Ι,2022-03-04,ΧΕ:144/2022,,,,no sponsor block
Ψ0Θ44690ΒΡ-ΛΛΖ,2022-03-04,ΧΕ:145/2022,,,,no sponsor block
ΨΡΑ04690ΒΡ-ΔΤΕ,2022-03-04,XE:146/2022,,,,no sponsor block
9ΡΕ14690ΒΡ-ΗΞΝ,2022-03-03,ΧΕ:149,,,,no sponsor block
9ΤΜ24690ΒΡ-ΓΙΥ,2022-03-03,"ΧΕ:147,148",,,,no sponsor block
ΩΥΥΟ4690ΒΡ-Θ63,2022-03-03,"ΧΕ:144,145,146",,,,no sponsor block
ΨΛ074690ΒΡ-97Ζ,2022-03-03,"ΧΕ:142,143",,,,no sponsor block
Ψ3ΑΚ4690ΒΡ-ΙΜΝ,2022-03-03,"ΧΕ:139,140,141",,,,no sponsor block
ΩΝΦ34690ΒΡ-ΙΩ3,2022-03-03,"XE:134,135,136,137,138",,,,no sponsor block
ΨΦ274690ΒΡ-ΒΓΦ,2022-02-24,ΧΕ:122/2022,,,,no sponsor block
ΨΩ5Ν4690ΒΡ-ΑΑΧ,2022-02-18,ΧΕ:112/2022,,,,no sponsor block
6Η7Ζ4690ΒΡ-ΨΤ5,2022-02-18,ΧΕ:111/2022,,,,no sponsor block
60ΒΑ4690ΒΡ-19Π,2022-02-17,"XE:109/2022, ΧΕ:110/2022",,,,no sponsor block
9ΨΖ34690ΒΡ-ΛΗ6,2022-02-17,ΧΕ:106/2022,,,,no sponsor block
ΩΣΠ64690ΒΡ-ΔΦΦ,2022-02-17,ΧΕ:105/2022,,,,no sponsor block
6Μ1Ρ4690ΒΡ-ΞΤΜ,2022-02-17,ΧΕ:104/2022,,,,no sponsor block
Ω5ΠΑ4690ΒΡ-ΡΗΓ,2022-02-17,XE:103/2022,,,,no sponsor block
9Π6Ω4690ΒΡ-ΔΥΒ,2022-02-16,"ΧΕ:103,104,105,106",,,,no sponsor block
9Ρ584690ΒΡ-ΙΘΧ,2022-02-15,"ΧΕ:97/22,ΧΕ:98/22",,,,no sponsor block
6Η7Σ4690ΒΡ-ΘΒΨ,2022-02-15,ΧΕ:96/2022,,,,no sponsor block
6ΞΡΦ4690ΒΡ-ΞΩΩ,2022-02-07,XE:82/2022,,,,no sponsor block
96ΧΧ4690ΒΡ-ΔΑΠ,2022-02-07,XE:84/2022,,,,no sponsor block
ΨΛΘΨ4690ΒΡ-87Ξ,2022-02-07,ΧΕ:79/2022,,,,no sponsor block
90ΒΓ4690ΒΡ-0ΚΝ,2022-02-07,ΧΕ:80/2022,,,,no sponsor block
ΨΤΘΝ4690ΒΡ-ΧΙΛ,2022-02-07,ΧΕ:81/2022,,,,no sponsor block
ΨΙΕΔ4690ΒΡ-Ζ0Λ,2022-02-07,ΧΕ:82/2022,,,,no sponsor block
6ΡΣ94690ΒΡ-ΒΗ0,2022-02-07,XE:83/2022,,,,no sponsor block
6ΘΩΖ4690ΒΡ-Θ0Υ,2022-02-07,ΧΕ:75,,,,no sponsor block
9ΠΤΔ4690ΒΡ-ΜΓΦ,2022-02-07,ΧΕ:76,,,,no sponsor block
6ΓΖΥ4690ΒΡ-ΗΚΟ,2022-02-07,XE:44/22,,,,no sponsor block
Ω8ΕΟ4690ΒΡ-ΡΧΞ,2022-02-04,"ΧΕ/77,78",,,,no sponsor block
ΩΖΓΣ4690ΒΡ-Ρ7Υ,2022-02-04,"ΧΕ/75,76",,,,no sponsor block
6ΩΘΔ4690ΒΡ-Α5Μ,2022-02-04,"ΧΕ/73,74",,,,no sponsor block
6ΧΚΩ4690ΒΡ-ΗΝΦ,2022-02-04,"ΧΕ/70,71,72",,,,no sponsor block
67844690ΒΡ-ΑΘΨ,2022-02-04,ΧΕ/67-68-69,,,,no sponsor block
ΨΠΕΓ4690ΒΡ-2Μ5,2022-01-28,ΧΕ:1,,,,no sponsor block
Ψ5Γ04690ΒΡ-714,2022-01-27,ΧΕ:1,,,,no sponsor block
9ΑΕΟ4690ΒΡ-ΖΓΧ,2022-01-19,"ΧΕ:6/2022, ΧΕ:7/2022",,,,no sponsor block
ΨΤΟΙ4690ΒΡ-ΦΑΙ,2022-01-18,"ΧΕ:4/2022,ΧΕ:5/2022",,,,no sponsor block
6Δ7Ι4690ΒΡ-7ΝΘ,2021-12-29,XEA 1853/2021,,,,no sponsor block
6ΒΔ24690ΒΡ-5Α6,2022-10-24,XE:1466/2022,,,,no sponsor block
67ΓΟ4690ΒΡ-ΚΒΤ,2022-10-19,"X.E. 1454, 1455, 1456, 1457, 1458, 1459, 1460, 1461, 1462, 1463, 1464 / 2022",,,,no sponsor block
6Ο7Β4690ΒΡ-Ε5Ε,2022-10-14,"XE:1408,1409,1410/2022",,,,no sponsor block
6Γ0Κ4690ΒΡ-97Η,2022-10-12,"ΧΕ:1389,1390/2022",,,,no sponsor block
ΨΡ3Δ4690ΒΡ-Α0Φ,2022-10-11,XE:1386/2022,,,,no sponsor block
9ΕΕ44690ΒΡ-ΗΚΓ,2022-10-10,Χ.Ε. 1387/2022,,,,no sponsor block
6Ω1Ε4690ΒΡ-7ΞΞ,2022-10-06,Χ.Ε. 1382/2022,,,,no sponsor block
ΨΠΨΠ4690ΒΡ-ΦΔΗ,2022-10-04,XE:1352/2022,,,,no sponsor block
6Υ9Ζ4690ΒΡ-0ΝΤ,2022-10-04,XE:1347/2022,,,,no sponsor block
61Φ04690ΒΡ-2ΔΖ,2022-10-04,XE:1346/2022,,,,no sponsor block
6ΔΗΚ4690ΒΡ-ΖΤΗ,2022-10-04,Χ.Ε. 1356/2022,,,,no sponsor block
ΨΚΦΓ4690ΒΡ-Α75,2022-09-28,"Χ.Ε. 1335/2022, 1336/2022",,,,no sponsor block
ΨΣΤ04690ΒΡ-ΕΓΒ,2022-09-30,ΧΕ:1353/2022,,,,no sponsor block
66ΑΝ4690ΒΡ-ΓΓΒ,2022-09-30,ΧΕ:1352/2022,,,,no sponsor block
6Σ3Μ4690ΒΡ-ΣΙΥ,2022-09-30,"ΧΕ:1349,1350,1351/2022",,,,no sponsor block
6ΔΘΟ4690ΒΡ-ΓΗΧ,2022-09-30,ΧΕ:1348/2022,,,,no sponsor block
60ΤΡ4690ΒΡ-Ψ78,2022-09-30,"ΧΕ:1346,1347/2022",,,,no sponsor block
657Ζ4690ΒΡ-ΜΑ4,2022-09-30,"ΧΕ:1344,1345/2022",,,,no sponsor block
Ψ98Μ4690ΒΡ-ΟΞ0,2022-09-30,"ΧΕ:1341,1342,1343/2022",,,,no sponsor block
99Λ74690ΒΡ-ΠΚΙ,2022-09-27,XE:1327/2022,,,,no sponsor block
ΩΖΕΚ4690ΒΡ-ΒΓΜ,2022-09-27,ΧΕ:1254/2022,,,,no sponsor block
ΨΥΡ14690ΒΡ-ΩΤΤ,2022-09-27,"ΧΕ:1323,1324,1325,1326/22",,,,no sponsor block
Ω37Λ4690ΒΡ-Ω4Ρ,2022-09-27,XE:1327/22,,,,no sponsor block
Ω8Ψ44690ΒΡ-ΟΔ1,2022-09-26,"Χ.Ε. 1321/2022, Χ.Ε. 1322/2022",,,,no sponsor block
ΨΞΜ94690ΒΡ-198,2022-09-20,"ΧΕ:1247,1248/2022",,,,no sponsor block
6ΨΓ34690ΒΡ-Ρ2Α,2022-09-20,"XE:1249,1250,1251/2022",,,,no sponsor block
ΨΜ5Ι4690ΒΡ-ΗΚΙ,2022-09-09,XE:1181/2022,,,,no sponsor block
9Λ524690ΒΡ-ΚΥ5,2022-09-09,"XE:1197,1198/22",,,,no sponsor block
ΨΩΟΤ4690ΒΡ-Θ0Κ,2022-09-09,Χ.Ε. 1191/2022,,,,no sponsor block
6Κ6Ψ4690ΒΡ-ΙΡΧ,2022-09-07,Χ.Ε. 1185/2022,,,,no sponsor block
Ψ6Η74690ΒΡ-77Ζ,2022-09-06,ΧΕ:1159/22,,,,no sponsor block
ΨΡ034690ΒΡ-Λ5Κ,2022-09-06,ΧΕ:1144/22,,,,no sponsor block
ΨΛΘΗ4690ΒΡ-ΖΧΗ,2022-09-06,ΧΕ:1143/22,,,,no sponsor block
Ψ0ΨΙ4690ΒΡ-ΡΕ7,2022-09-06,"ΧΕ:1177,1178,1179,1180/2022",,,,no sponsor block
9ΨΣ54690ΒΡ-Λ2Η,2022-09-06,ΧΕ:1181/2022,,,,no sponsor block
9Ρ2Δ4690ΒΡ-5ΦΡ,2022-09-06,"XE:1182,1183,1184/2022",,,,no sponsor block
Ψ4ΘΟ4690ΒΡ-ΝΣΦ,2022-09-06,Χ.Ε. 1176/2022,,,,no sponsor block
6ΤΖΛ4690ΒΡ-4ΘΡ,2022-09-05,ΧΕ:1159/2022,,,,no sponsor block
ΨΕΠΗ4690ΒΡ-ΔΣΚ,2022-09-05,"XE:1156,1157,1158/2022",,,,no sponsor block
Ψ7ΠΨ4690ΒΡ-5ΥΤ,2022-09-01,"ΧΕ:1143,1144/2022",,,,no sponsor block
9ΞΡΤ4690ΒΡ-ΠΥ2,2022-09-01,"ΧΕ:1141,1142/2022",,,,no sponsor block
ΨΘΙ64690ΒΡ-ΩΧΧ,2022-09-01,"XE:1138,1139,1140/2022",,,,no sponsor block
6ΣΓΖ4690ΒΡ-ΒΜΥ,2022-08-31,X.E. 1132/2022,,,,no sponsor block
9ΨΖΔ4690ΒΡ-ΒΛΩ,2022-08-29,X.E. 1131/2022,,,,no sponsor block
Ψ7ΝΞ4690ΒΡ-1ΥΔ,2022-08-24,ΧΕ:1122/22,,,,no sponsor block
6Ρ0Π4690ΒΡ-8ΘΗ,2022-08-24,XE:1123/22,,,,no sponsor block
63Μ14690ΒΡ-ΚΜΖ,2022-08-24,XE:1124/22,,,,no sponsor block
9Ρ614690ΒΡ-ΤΔΓ,2022-08-23,"ΧΕ:1122,1123/22",,,,no sponsor block
ΩΧ2Ξ4690ΒΡ-ΙΓΥ,2022-08-23,"XE:1116,1117,1118,1119,1120,1121/22",,,,no sponsor block
68ΨΓ4690ΒΡ-Φ4Ε,2022-08-22,"XE:1100,1101,1102,1103,1104/2022",,,,no sponsor block
ΨΟΜΜ4690ΒΡ-4ΜΦ,2022-08-16,Χ.Ε. 1094/2022,,,,no sponsor block
6ΥΠ54690ΒΡ-Γ0Β,2022-08-08,"XE:1027,1028/2022",,,,no sponsor block
ΨΚΚΦ4690ΒΡ-4ΙΤ,2022-08-04,ΧΕ:976/2022,,,,no sponsor block
6ΚΨΞ4690ΒΡ-4Δ5,2022-08-04,ΧΕ:993/2022,,,,no sponsor block
9ΥΥ24690ΒΡ-Γ35,2022-08-03,ΧΕ:993/2022,,,,no sponsor block
ΨΝ3Ρ4690ΒΡ-ΘΨ6,2022-08-03,"XE:987,988,989,990,991,992/2022",,,,no sponsor block
ΩΣΒΞ4690ΒΡ-9ΙΖ,2022-08-02,ΧΕ:980/2022,,,,no sponsor block
ΨΓΥΠ4690ΒΡ-ΧΞΨ,2022-08-02,"ΧΕ:978,979/2022",,,,no sponsor block
67Χ24690ΒΡ-Τ2Β,2022-08-02,ΧΕ:977/2022,,,,no sponsor block
ΨΑ464690ΒΡ-Δ3Ω,2022-08-02,ΧΕ:976/2022,,,,no sponsor block
9Η3Φ4690ΒΡ-955,2022-08-01,ΧΕ:973/2022,,,,no sponsor block
6ΧΥ24690ΒΡ-ΑΛ3,2022-08-01,ΧΕ:972/2022,,,,no sponsor block
6ΧΩ64690ΒΡ-ΠΩΖ,2022-08-01,ΧΕ:971/2022,,,,no sponsor block
Ψ0Υ64690ΒΡ-ΓΡΩ,2022-08-01,ΧΕ:964/2022,,,,no sponsor block
ΨΠ5Δ4690ΒΡ-ΩΑΝ,2022-07-29,ΧΕ:964/2022,,,,no sponsor block
ΨΘ3Ν4690ΒΡ-Β27,2022-07-27,"XE:940,941/2022",,,,no sponsor block
ΩΑΕΝ4690ΒΡ-Ζ10,2022-07-27,ΧΕ:920/2022,,,,no sponsor block
Ω2Π44690ΒΡ-ΧΗ2,2022-07-27,ΧΕ:918/2022,,,,no sponsor block
ΨΙΥΣ4690ΒΡ-ΤΑΧ,2022-07-27,XE:919/22,,,,no sponsor block
6Γ9Σ4690ΒΡ-ΖΗΜ,2022-07-26,"ΧΕ:919,920/2022",,,,no sponsor block
6ΑΡΓ4690ΒΡ-ΥΟ7,2022-07-26,ΧΕ:918/2022,,,,no sponsor block
6ΘΙΞ4690ΒΡ-2ΗΜ,2022-07-26,"XE:915,916,917/2022",,,,no sponsor block
6ΚΙΣ4690ΒΡ-ΦΘ2,2022-07-26,ΧΕ:893/2022,,,,no sponsor block
94ΔΒ4690ΒΡ-ΓΒ6,2022-07-25,"XE:896,897/2022",,,,no sponsor block
6ΖΩ84690ΒΡ-ΑΟΑ,2022-07-25,ΧΕ:893/2022,,,,no sponsor block
6ΜΝΩ4690ΒΡ-ΖΔΟ,2022-07-25,"XE:889,890,891,892/2022",,,,no sponsor block
6ΜΕΘ4690ΒΡ-ΔΒ9,2022-07-21,"Χ.Ε. 880, 881, 882, 883, 884",,,,no sponsor block
6ΤΗ34690ΒΡ-01Σ,2022-07-21,"Χ.Ε. 875, 876, 877, 878, 879",,,,no sponsor block
6ΒΖ84690ΒΡ-Ε08,2022-07-19,X.E. 874/2022,,,,no sponsor block
ΩΑΓ54690ΒΡ-5ΧΗ,2022-07-07,XE:868/2022,,,,no sponsor block
9ΟΩΕ4690ΒΡ-4Σ7,2022-07-07,ΧΕ:868/2022,,,,no sponsor block
9ΨΡΗ4690ΒΡ-23Γ,2022-07-07,"ΧΕ:864,865,866,867/2022",,,,no sponsor block
ΨΗ634690ΒΡ-0ΧΑ,2022-07-06,"XE:857,858/2022",,,,no sponsor block
ΨΦ3Δ4690ΒΡ-9ΙΗ,2022-07-05,ΧΕ:850/2022,,,,no sponsor block
Ψ5ΑΗ4690ΒΡ-42Ε,2022-07-05,ΧΕ:844/2022,,,,no sponsor block
97Ι04690ΒΡ-Θ2Β,2022-07-05,XE:845/2022,,,,no sponsor block
Ψ6ΘΩ4690ΒΡ-ΖΔΦ,2022-07-04,ΧΕ:850/2022,,,,no sponsor block
6Ω7Ν4690ΒΡ-ΓΑΧ,2022-07-04,"ΧΕ:847,848,849/2022",,,,no sponsor block
61ΓΨ4690ΒΡ-ΦΛΒ,2022-06-30,ΧΕ:838/2022,,,,no sponsor block
Ψ2ΝΝ4690ΒΡ-ΓΡ7,2022-06-30,"ΧΕ:839,840,841/2022",,,,no sponsor block
ΩΧΝ44690ΒΡ-ΝΓΖ,2022-06-30,"ΧΕ:842,843/2022",,,,no sponsor block
ΨΜ6Π4690ΒΡ-ΑΩΟ,2022-06-30,"XE:844,845/2022",,,,no sponsor block
6ΟΩ44690ΒΡ-Ω6Λ,2022-06-22,ΧΕ:791/2022,,,,no sponsor block
66ΥΣ4690ΒΡ-Ε0Υ,2022-06-22,XE:793/2022,,,,no sponsor block
6ΗΗΝ4690ΒΡ-ΒΓ7,2022-06-22,"ΧΕ:783,784,785,786/2022",,,,no sponsor block
ΩΤ404690ΒΡ-Δ93,2022-06-22,"ΧΕ:787,788,789,790/2022",,,,no sponsor block
Ψ0764690ΒΡ-706,2022-06-22,"ΧΕ:791,792/2022",,,,no sponsor block
ΨΒΑ44690ΒΡ-ΕΚ0,2022-06-22,ΧΕ:778/2022,,,,no sponsor block
ΨΘΝΨ4690ΒΡ-Θ09,2022-06-20,"ΧΕ:764,765/2022",,,,no sponsor block
ΩΔΛΖ4690ΒΡ-ΞΣΜ,2022-06-17,Χ.Ε. 319/2022,,,,no sponsor block
60ΣΙ4690ΒΡ-3ΥΖ,2022-06-17,"XE:759/22,760/22",,,,no sponsor block
68Μ24690ΒΡ-Φ6Ε,2022-06-14,Χ.Ε. 736/2022,,,,no sponsor block
Ψ4ΞΤ4690ΒΡ-ΦΒΛ,2022-06-14,ΧΕ:723/2022,,,,no sponsor block
6ΝΟΙ4690ΒΡ-9ΛΞ,2022-06-09,"Χ.Ε. 718, 719, 720/2022",,,,no sponsor block
ΩΤ7Α4690ΒΡ-87Ζ,2022-06-06,X.E. 698/2022,,,,no sponsor block
6ΩΡ74690ΒΡ-ΜΛ5,2022-06-06,ΧΕ:686/2022,,,,no sponsor block
Ω3804690ΒΡ-ΑΕΩ,2022-06-06,ΧΕ:663/2022,,,,no sponsor block
ΨΒ654690ΒΡ-4ΧΞ,2022-06-06,ΧΕ:662/2022,,,,no sponsor block
ΨΘΟΦ4690ΒΡ-ΕΤΒ,2022-06-06,"ΧΕ:683,684,685/2022",,,,no sponsor block
62ΑΕ4690ΒΡ-ΡΝΜ,2022-06-06,XE:635/2022,,,,no sponsor block
92Σ24690ΒΡ-Γ9Ψ,2022-06-02,ΧΕ:666-667,,,,no sponsor block
9ΤΓΥ4690ΒΡ-ΡΦΨ,2022-06-02,ΧΕ:664-665,,,,no sponsor block
9Ψ294690ΒΡ-ΜΝΒ,2022-06-02,ΧΕ:662-663,,,,no sponsor block
ΩΤ674690ΒΡ-ΛΞΔ,2022-06-02,ΧΕ:660-661,,,,no sponsor block
ΩΘΧΛ4690ΒΡ-ΒΘΨ,2022-06-02,ΧΕ:657-659,,,,no sponsor block
6ΑΝ34690ΒΡ-2Γ1,2022-05-31,"Χ.Ε.654, 655/2022",,,,no sponsor block
ΨΥ244690ΒΡ-ΓΦ1,2022-05-31,Χ.Ε. 641/2022,,,,no sponsor block
64ΨΙ4690ΒΡ-Π5Ε,2022-05-30,(ΧΕ:635),,,,no sponsor block
96ΛΜ4690ΒΡ-8ΨΥ,2022-05-30,(ΧΕ:632-634),,,,no sponsor block
ΨΛΟΚ4690ΒΡ-ΑΗΦ,2022-05-30,"Χ.Ε. 628, 629, 630, 631/2022",,,,no sponsor block
9ΨΨΝ4690ΒΡ-ΘΘ7,2023-03-23,Χ.Ε.Α. 380/2023,,,,no sponsor block
ΩΧΝΒ4690ΒΡ-ΓΥΓ,2023-03-21,ΧΕ:377/2023,,,,no sponsor block
ΨΞΨΥ4690ΒΡ-ΦΤΙ,2023-03-16,Χ.Ε. 372/2023,,,,no sponsor block
6ΡΜΨ4690ΒΡ-41Ο,2023-03-16,"Χ.Ε. 354, 355, 356, 357, 358, 359, 360, 361, 362, 363, 364, 365, 366, 367, 368, 369, 370, 371/2023",,,,no sponsor block
ΩΧΦΠ4690ΒΡ-93Φ,2023-03-15,X.E. 353/2023,,,,no sponsor block
ΨΝΦ74690ΒΡ-1ΞΝ,2023-03-14,"ΧΕ:347,348/2023",,,,no sponsor block
ΨΗΨΟ4690ΒΡ-4Α2,2023-03-14,ΧΕ:346/2023,,,,no sponsor block
9ΛΛΣ4690ΒΡ-Γ5Ι,2023-03-14,"ΧΕ:344,345/2023",,,,no sponsor block
6ΙΩ94690ΒΡ-ΠΛΘ,2023-03-09,ΧΕ:342/2023,,,,no sponsor block
65Δ14690ΒΡ-27Ν,2023-03-09,ΧΕ:343/2023,,,,no sponsor block
6ΑΧΠ4690ΒΡ-ΝΥ3,2023-03-07,XE:339/2023,,,,no sponsor block
9ΔΚΜ4690ΒΡ-593,2023-03-06,ΧΕ:331/2023,,,,no sponsor block
65ΗΜ4690ΒΡ-Ω77,2023-03-06,ΧΕ:328/2023,,,,no sponsor block
Ψ0ΞΥ4690ΒΡ-6ΧΙ,2023-03-06,ΧΕ:322/2023,,,,no sponsor block
6ΔΜ74690ΒΡ-ΦΨΙ,2023-03-06,"ΧΕ:332,333,334/2023",,,,no sponsor block
6Π7Ρ4690ΒΡ-8ΚΠ,2023-03-03,ΧΕ:331/2023,,,,no sponsor block
9ΛΣΑ4690ΒΡ-ΠΔ3,2023-03-03,ΧΕ:330/2023,,,,no sponsor block
6ΙΖΞ4690ΒΡ-0ΩΧ,2023-03-03,ΧΕ:329/2023,,,,no sponsor block
99ΤΓ4690ΒΡ-Φ1Ν,2023-03-03,ΧΕ:328/2023,,,,no sponsor block
9ΤΘ34690ΒΡ-6Λ6,2023-03-03,"ΧΕ:325,326,327/2023",,,,no sponsor block
63Χ64690ΒΡ-ΨΦΖ,2023-03-03,ΧΕ:324/2023,,,,no sponsor block
Ω8ΦΟ4690ΒΡ-ΞΘΦ,2023-03-02,ΧΕ:316/2023,,,,no sponsor block
6ΞΘΛ4690ΒΡ-Σ54,2023-03-02,"ΧΕ:317,318/2023",,,,no sponsor block
ΨΛΕΖ4690ΒΡ-815,2023-03-02,"ΧΕ:319,320,321/2023",,,,no sponsor block
ΨΡ6Θ4690ΒΡ-Π62,2023-03-02,ΧΕ:322/2023,,,,no sponsor block
ΩΖΣΗ4690ΒΡ-686,2023-02-15,"ΧΕ:201,202/2023",,,,no sponsor block
99674690ΒΡ-787,2023-02-15,"XE:199,200/2023",,,,no sponsor block
ΨΙΜ14690ΒΡ-825,2023-02-15,Χ.Ε. 203/2023,,,,no sponsor block
6Ν914690ΒΡ-ΕΒΔ,2023-02-10,Χ.Ε. 161/2023,,,,no sponsor block
630Μ4690ΒΡ-316,2023-02-06,ΧΕ:143/2023,,,,no sponsor block
93Ν44690ΒΡ-3ΣΕ,2023-02-06,ΧΕ:142/2023,,,,no sponsor block
Ψ1Γ44690ΒΡ-Κ53,2023-02-06,ΧΕ:138/2023,,,,no sponsor block
ΨΛΩΘ4690ΒΡ-ΦΟ0,2023-02-06,XE:141/2023,,,,no sponsor block
ΨΡ784690ΒΡ-ΝΥ7,2023-02-03,ΧΕ:138/2023,,,,no sponsor block
63ΠΞ4690ΒΡ-Η50,2023-02-03,"XE:136,137/2023",,,,no sponsor block
Ψ5ΙΑ4690ΒΡ-8ΞΞ,2023-02-02,"ΧΕ:97,98/2023",,,,no sponsor block
9Ω064690ΒΡ-ΨΟΙ,2023-02-02,ΧΕ:78/2023,,,,no sponsor block
ΨΘ6Λ4690ΒΡ-ΖΑΕ,2023-01-03,Χ.Ε. 01/2023,,,,no sponsor block
Ψ9ΣΜ4690ΒΡ-Ζ37,2023-02-01,ΧΕ:78/2023,,,,no sponsor block
6Ρ3Α4690ΒΡ-ΣΩ1,2023-02-01,XE:77/2023,,,,no sponsor block
6ΩΟ84690ΒΡ-ΣΣΠ,2023-01-31,XE:75/2023,,,,no sponsor block
6ΘΨΠ4690ΒΡ-Ξ0Ρ,2023-01-31,XE:43/2023,,,,no sponsor block
6ΚΑΠ4690ΒΡ-ΤΧ1,2023-01-31,ΧΕ:48/2023,,,,no sponsor block
96ΓΥ4690ΒΡ-ΑΓΥ,2023-01-27,ΧΕ:39/2023,,,,no sponsor block
63ΓΓ4690ΒΡ-26Β,2023-01-27,"ΧΕ:40,41,42/2023",,,,no sponsor block
ΨΤΡΗ4690ΒΡ-ΣΔΑ,2023-01-27,ΧΕ:43/2023,,,,no sponsor block
6ΜΦΡ4690ΒΡ-Χ5Ι,2023-01-27,"ΧΕ:44,45/2023",,,,no sponsor block
680Χ4690ΒΡ-5Η0,2023-01-27,"ΧΕ:46,47/2023",,,,no sponsor block
6ΦΖΤ4690ΒΡ-Γ4Χ,2023-01-27,ΧΕ:48/2023,,,,no sponsor block
ΨΙΖΕ4690ΒΡ-37Ζ,2023-01-27,"ΧΕ:54,55/2023",,,,no sponsor block
97ΖΓ4690ΒΡ-ΩΒ9,2023-01-27,ΧΕ:31/2023,,,,no sponsor block
96074690ΒΡ-ΤΚΠ,2023-01-27,ΧΕ:14/2023,,,,no sponsor block
9Ρ5Δ4690ΒΡ-ΨΙ4,2023-01-17,Χ.Ε.Α. 6/2023,,,,no sponsor block
9ΛΖΗ4690ΒΡ-ΒΣΗ,2023-01-11,XE:5/2023,,,,no sponsor block
Ψ6Ν64690ΒΡ-Π60,2022-12-28,XE:1809/2022,,,,no sponsor block
6ΝΦΚ4690ΒΡ-ΥΧΖ,2022-12-28,XE:1802/2022,,,,no sponsor block
ΩΔ4Θ4690ΒΡ-ΜΧΗ,2022-12-28,ΧΕ:1809/2022,,,,no sponsor block
ΨΗΛΘ4690ΒΡ-Τ1Κ,2022-12-28,"ΧΕ:1805,1806,1807,1808/2022",,,,no sponsor block
6ΖΖΛ4690ΒΡ-ΥΜΘ,2022-12-23,"ΧΕ:1799,1800/2022",,,,no sponsor block
6ΘΒΘ4690ΒΡ-1Φ0,2022-12-23,ΧΕ:1801/2022,,,,no sponsor block
6ΘΧ04690ΒΡ-4Σ8,2022-12-23,ΧΕ:1802/2022,,,,no sponsor block
614Ψ4690ΒΡ-138,2022-12-23,XE:1803/2022,,,,no sponsor block
9ΓΠ44690ΒΡ-4Ι2,2022-12-21,ΧΕ:1797/2022,,,,no sponsor block
96ΓΗ4690ΒΡ-ΦΙΞ,2022-12-21,ΧΕ:1795/2022,,,,no sponsor block
ΨΒΨΦ4690ΒΡ-8ΥΥ,2022-12-21,ΧΕ:1796/2022,,,,no sponsor block
ΨΡΘ64690ΒΡ-ΧΒΝ,2022-12-21,XE:1797/22,,,,no sponsor block
ΨΘΛΡ4690ΒΡ-4ΝΦ,2022-12-15,"XE:1785,1786,1787/2022",,,,no sponsor block
959Ρ4690ΒΡ-7ΔΗ,2022-12-14,"ΧΕ:1781,1782/22",,,,no sponsor block
ΨΓΔΧ4690ΒΡ-95Ζ,2022-12-14,"XE:1779,1780/22",,,,no sponsor block
64Ι94690ΒΡ-ΚΓΣ,2022-12-14,ΧΕ:1777/22,,,,no sponsor block
9Λ854690ΒΡ-ΖΛΔ,2022-12-14,XE:1767/2022,,,,no sponsor block
Ψ2Χ74690ΒΡ-ΤΤΡ,2022-12-14,ΧΕ:1714/22,,,,no sponsor block
ΨΑ4Σ4690ΒΡ-ΟΓΔ,2022-12-13,ΧΕ:1777/2022,,,,no sponsor block
914Π4690ΒΡ-4Χ0,2022-12-13,"XE:1774,1775,1776/22",,,,no sponsor block
Ψ0Ζ04690ΒΡ-Ν8Π,2022-12-12,"ΧΕ:1768,1769,1770,1771/2022",,,,no sponsor block
66Κ54690ΒΡ-Χ1Τ,2022-12-12,XE:1767/2022,,,,no sponsor block
Ω5Ξ34690ΒΡ-Μ9Ε,2022-12-09,"XE:1749,1750,1751,1752/2022",,,,no sponsor block
6ΓΦ74690ΒΡ-ΣΛ1,2022-12-06,ΧΕ:1714/2022,,,,no sponsor block
Ψ7ΑΤ4690ΒΡ-ΗΞΩ,2022-12-06,"ΧΕ:1711,1712,1713/22",,,,no sponsor block
913Ι4690ΒΡ-ΖΞΓ,2022-12-05,ΧΕ:1701/2022,,,,no sponsor block
ΨΗΥΥ4690ΒΡ-ΣΣ6,2022-12-05,Χ.Ε. 1703/2022,,,,no sponsor block
ΨΔΒ84690ΒΡ-25Π,2022-12-05,XE:1700/22,,,,no sponsor block
ΨΝΟΓ4690ΒΡ-Χ6Υ,2022-12-02,Χ.Ε. 1702/2022,,,,no sponsor block
9ΒΥ04690ΒΡ-71Ζ,2022-12-01,"ΧΕ:1700,1701/2022",,,,no sponsor block
6Ρ8Ω4690ΒΡ-Λ5Λ,2022-12-01,"ΧΕ:1698,1699/2022",,,,no sponsor block
9Ο104690ΒΡ-ΗΜ4,2022-12-01,"XE:1695,1696,1697/2022",,,,no sponsor block
66714690ΒΡ-ΦΧΖ,2022-12-01,XE:1688/22,,,,no sponsor block
9ΛΗΠ4690ΒΡ-Σ9Π,2022-11-29,"ΧΕ:1685,1686,1687/22",,,,no sponsor block
6ΔΛΝ4690ΒΡ-ΕΑ7,2022-11-29,ΧΕ:1688/22,,,,no sponsor block
97Ρ24690ΒΡ-4ΥΤ,2022-11-29,ΧΕ:1689/22,,,,no sponsor block
6ΑΙ84690ΒΡ-ΚΑΟ,2022-11-29,XE:1690/22,,,,no sponsor block
ΨΝ654690ΒΡ-ΘΙΠ,2022-11-25,XE:1684/22,,,,no sponsor block
ΨΑΑ14690ΒΡ-ΙΩΧ,2022-11-23,"Χ.Ε. 1627, 1628/2022",,,,no sponsor block
6Υ0Ε4690ΒΡ-ΑΜΝ,2022-11-18,XE:1569/22,,,,no sponsor block
ΨΥΔΦ4690ΒΡ-0ΣΡ,2022-11-17,"XE:1604,1605,1606/2022",,,,no sponsor block
ΨΓΘΥ4690ΒΡ-ΜΞ4,2022-11-04,"Χ.Ε. 1521, 1522 / 2022",,,,no sponsor block
60ΖΛ4690ΒΡ-ΟΣ5,2022-11-04,Χ.Ε. Α/1517,,,,no sponsor block
ΨΦ2Χ4690ΒΡ-8Ε8,2022-11-04,Χ.Ε. Α/1516,,,,no sponsor block
Ω21Ι4690ΒΡ-ΝΜ5,2022-11-04,"Χ.Ε. 1489, 1490, 1491 / 2022",,,,no sponsor block
Ω2ΤΤ4690ΒΡ-ΤΟ6,2022-11-04,"Χ.Ε. 1487, 1488 / 2022",,,,no sponsor block
ΨΤ384690ΒΡ-72Ψ,2022-11-04,"Χ.Ε. 1484, 1485, 1486 / 2022",,,,no sponsor block
ΩΧ984690ΒΡ-ΥΤ7,2022-11-04,"Χ.Ε. 1481, 1482, 1483 / 2022",,,,no sponsor block
ΩΥΑΟ4690ΒΡ-Τ10,2022-11-03,"Χ.Ε. 1518, 1519/2022",,,,no sponsor block
9Δ4Η4690ΒΡ-ΛΕΔ,2022-11-03,"Χ.Ε. 1516, 1517/2022",,,,no sponsor block
ΩΥΚ14690ΒΡ-8Ε6,2022-11-03,"Χ.Ε. 1513,1514, 1515/2022",,,,no sponsor block
6Ρ2Β4690ΒΡ-ΘΣΞ,2022-11-03,Χ.Ε. 1512/2022,,,,no sponsor block
68ΚΧ4690ΒΡ-Ξ1Χ,2022-11-02,ΧΕ Α/1488,,,,no sponsor block
6ΕΔΗ4690ΒΡ-221,2022-11-02,Χ.Ε. Α/1487,,,,no sponsor block
ΡΠΛΦ4690ΒΡ-349,2022-11-01,"ΧΕ:1478,1479,1480/2022",,,,no sponsor block
68ΦΝ4690ΒΡ-Ρ94,2022-11-01,"ΧΕ:1475,1476,1477/22",,,,no sponsor block
9Γ734690ΒΡ-ΕΨΝ,2022-11-01,"XE:1471,1472,1473,1474/2022",,,,no sponsor block
6Η224690ΒΡ-3Ω0,2022-11-01,XE:1491/22,,,,no sponsor block
6ΥΑΟ4690ΒΡ-8Θ9,2022-11-01,ΧΕ:1490/22,,,,no sponsor block
Ψ6ΞΕ4690ΒΡ-10Μ,2022-11-01,XE:1489/22,,,,no sponsor block
ΨΦΡΔ4690ΒΡ-ΟΛ7,2022-10-25,XE:1467/2022,,,,no sponsor block
Ρ4004690ΒΡ-ΨΜΧ,2023-08-07,"ΥΠΕΡ ΕΦΚΑ ΧΕ:1153,1154/2023",,,,no sponsor block
ΩΝΘ84690ΒΡ-3Θ3,2023-08-18,Χ.Ε.Α. 1171/2023,,,,no sponsor block
9ΖΙΓ4690ΒΡ-Ν04,2023-08-17,Χ.Ε.Α. 1157 - 1170/2023,,,,no sponsor block
6ΛΙ24690ΒΡ-Ξ45,2023-08-11,ΧΕ:1156/23 ΠΡΟΣΩΠΙΚΟ ΟΑΕΔ,,,,no sponsor block
Ψ3ΣΗ4690ΒΡ-ΚΥΙ,2023-08-04,ΧΕ:1135/2023 ΑΠΟΖ/ΣΗ ΚΑΝΟΝ.ΑΔΕΙΑΣ,,,,no sponsor block
Ψ0ΥΒ4690ΒΡ-ΧΣ7,2023-08-02,"ΠΛΗΡΩΜΗ ΜΙΣΘ/ΣΙΑΣ ΣΕ ΕΠΙΚΟΥΡ.ΠΡΟΣ.ΧΕ:1102,1103,1104/2023",,,,no sponsor block
ΨΞΒ34690ΒΡ-ΡΝΚ,2023-08-02,ΠΛΗΡΩΜΗ ΜΙΣΘ/ΣΙΑΣ ΣΕ ΕΠΙΚΟΥΡ.ΠΡΟΣ.ΧΕ:1101/2023,,,,no sponsor block
Ψ5Φ14690ΒΡ-Η54,2023-07-31,"ΠΛΗΡΩΜΗ ΕΦΗΜΕΡΙΩΝ ΧΕ:1094,1095/2023",,,,no sponsor block
ΨΖΧ24690ΒΡ-6ΙΒ,2023-07-31,"ΠΛΗΡΩΜΗ ΤΑΚΤΙΚΩΝ ΕΦΗΜΕΡΙΩΝ ΧΕ:1091,1092,1093/2023",,,,no sponsor block
6Α6Ι4690ΒΡ-ΦΘΜ,2023-07-28,ΧΕ:1090/2023 ΜΙΣΘΟΔΟΣΙΑ ΕΠΙΚΟΥΡΙΚΩΝ ΓΙΑΤΡΩΝ,,,,no sponsor block
9Ω1Ζ4690ΒΡ-ΠΒΞ,2023-07-28,XE:1089/2023 ΜΙΣΘΟΔΟΣΙΑ ΕΠΙΚΟΥΡΙΚΩΝ ΓΙΑΤΡΩΝ,,,,no sponsor block
ΨΝΛΩ4690ΒΡ-0ΝΗ,2023-07-27,"ΠΛΗΡΩΜΗ ΑΠΟΓΕΥΜΑΤΙΝΩΝ ΙΑΤΡΕΙΩΝ ΧΕ:1087,1088/2023",,,,no sponsor block
60ΕΝ4690ΒΡ-6Γ5,2023-07-19,"ΑΠΟΓΕΥΜΑΤΙΝΑ ΙΑΤΡΕΙΑ ΧΕ:1063,1064,1065,1066/2023",,,,no sponsor block
99ΔΓ4690ΒΡ-ΡΤΘ,2023-07-05,ΥΠΕΡ ΕΦΚΑ ΧΕ:961/2023,,,,no sponsor block
6ΘΠΦ4690ΒΡ-9ΑΦ,2023-07-05,ΤΑΚΤΙΚΕΣ ΕΦΗΜΕΡΙΕΣ ΓΙΑΤΡΩΝ ΧΕ:958/2023,,,,no sponsor block
ΨΜΖΜ4690ΒΡ-Β08,2023-07-05,"ΕΦΗΜΕΡΙΕΣ ΓΙΑΤΡΩΝ ΧΕ:959,960/2023",,,,no sponsor block
ΡΠΖΤ4690ΒΡ-ΜΒΥ,2023-07-05,ΑΠΟΖ/ΣΗ ΑΔΕΙΑΣ ΧΕ:957/2023,,,,no sponsor block
Ψ58Υ4690ΒΡ-27Γ,2023-07-05,"ΕΦΗΜΕΡΙΕΣ ΓΙΑΤΡΩΝ ΧΕ:955,956/2023",,,,no sponsor block
ΨΦΓΚ4690ΒΡ-ΗΩ5,2023-07-05,ΑΠΟΖ/ΣΗ ΑΔΕΙΑΣ ΠΟΥ ΔΕΝ ΧΟΡΗΓΗΘΗΚΕ,,,,no sponsor block
619Ξ4690ΒΡ-ΦΥ3,2023-07-03,"ΥΠΕΡΒΑΛΛΟΥΣΕΣ ΕΦΗΜΕΡΙΕΣ ΓΙΑΤΡΩΝ ΧΕ:948,949,950/2023",,,,no sponsor block
ΨΡΙΙ4690ΒΡ-956,2023-07-03,"ΥΠΕΡΩΡΙΕΣ & ΝΥΧΤΕΡΙΝΑ ΠΡΟΣ.ΧΕ:946,947/2023",,,,no sponsor block
6Ρ7Ι4690ΒΡ-ΜΜ5,2023-07-03,"ΥΠΕΡΒΑΛΛΟΥΣΕΣ ΕΦΗΜΕΡΙΕΣ ΓΙΑΤΡΩΝ ΧΕ:943,944,945/2023",,,,no sponsor block
ΩΖ0Μ4690ΒΡ-ΟΛΕ,2023-07-03,"ΜΙΣΘ.ΕΠΙΚΟΥΡΙΚΟΥ ΠΡΟΣ.ΧΕ:941,942/2023",,,,no sponsor block
Ψ69Ρ4690ΒΡ-ΛΔΛ,2023-07-03,ΜΙΣΘ.ΕΠΙΚΟΥΡΙΚΟΥ ΠΡΟΣ.ΧΕ:940/2023,,,,no sponsor block
99ΚΩ4690ΒΡ-ΜΟΜ,2023-06-28,"ΧΕ:933,934/2023 ΥΠΕΡΩΡΙΕΣ & ΝΥΧΤΕΡΙΝΑ ΠΡΟΣ.",,,,no sponsor block
617Χ4690ΒΡ-Γ55,2023-06-28,ΧΕ:932/2023 ΜΙΣΘ.ΓΙΑΤΡΩΝ,,,,no sponsor block
6Α8Υ4690ΒΡ-ΧΤΝ,2023-06-28,ΧΕ:931/2023 ΜΙΣΘ.ΓΙΑΤΡΩΝ,,,,no sponsor block
ΩΖΔΙ4690ΒΡ-ΚΦ4,2023-06-27,ΕΜΜΕΣΕΣ ΔΑΠΑΝΕΣ 15% ΧΕ:919/2023,,,,no sponsor block
ΨΩΡΧ4690ΒΡ-80Ω,2023-06-27,ΕΜΜΕΣΕΣ ΔΑΠΑΝΕΣ 15% ΧΕ:918/2023,,,,no sponsor block
6ΨΔΥ4690ΒΡ-7ΓΓ,2023-06-27,ΕΜΜΕΣΕΣ ΔΑΠΑΝΕΣ 15% ΧΕ:917/2023,,,,no sponsor block
65Ω54690ΒΡ-ΓΒ9,2023-06-27,EMMEΣΕΣ  ΔΑΠΑΝΕΣ 15% ΧΕ:916/2023,,,,no sponsor block
6ΙΒΛ4690ΒΡ-Ι63,2023-06-27,ΧΕ:915/2023,,,,no sponsor block
ΩΧΨ94690ΒΡ-Γ6Ζ,2023-06-21,"X.E.A. 882, 883 / 2023",,,,no sponsor block
ΨΤ1Ε4690ΒΡ-ΙΕΚ,2023-06-20,ΧΕ:879/2023,,,,no sponsor block
ΨΠΩΗ4690ΒΡ-0ΦΧ,2023-06-20,Χ.Ε.Α 873/2023,,,,no sponsor block
941Ψ4690ΒΡ-ΞΕΜ,2023-06-16,Χ.Ε.Α. 831-841/2023,,,,no sponsor block
937Λ4690ΒΡ-ΥΨ0,2023-06-14,"ΧΕ:829,830/2023",,,,no sponsor block
6ΤΛ94690ΒΡ-ΒΑΥ,2023-06-13,ΧΕ:822/2023,,,,no sponsor block
Ψ6ΒΚ4690ΒΡ-Θ4Θ,2023-06-12,Χ.Ε.Α. 818/2023,,,,no sponsor block
6ΛΧΘ4690ΒΡ-Δ0Π,2023-06-12,Χ.Ε.Α. 819/2023,,,,no sponsor block
6ΝΦΕ4690ΒΡ-Ι4Λ,2023-06-12,Χ.Ε.Α. 821/2023,,,,no sponsor block
6ΑΝΜ4690ΒΡ-Α0Ο,2023-06-09,Χ.Ε.Α. 810/2023,,,,no sponsor block
6ΩΠΤ4690ΒΡ-ΡΦΒ,2023-05-31,ΧΕ:785/2023,,,,no sponsor block
65ΚΒ4690ΒΡ-ΓΙ1,2023-05-31,"ΧΕ:781,782,783/2023",,,,no sponsor block
94ΞΥ4690ΒΡ-839,2023-05-31,"ΧΕ:779,780/2023",,,,no sponsor block
ΩΜΔ84690ΒΡ-ΗΙ1,2023-05-31,ΧΕ:700/2023,,,,no sponsor block
911Π4690ΒΡ-Μ2Φ,2023-05-29,XE:741/2023,,,,no sponsor block
Ψ12Μ4690ΒΡ-Φ55,2023-05-29,"ΧΕ:738,739,740/2023",,,,no sponsor block
Ψ9Ι64690ΒΡ-ΥΗΡ,2023-05-29,Χ.Ε.Α. 316/2023,,,,no sponsor block
6ΩΖΔ4690ΒΡ-Λ3Ρ,2023-05-26,"ΧΕ:717,718/2023",,,,no sponsor block
9ΩΨΒ4690ΒΡ-Ω4Ξ,2023-05-25,Χ.Ε.Α. 715/2023,,,,no sponsor block
6ΕΔ64690ΒΡ-2ΣΗ,2023-05-25,Χ.Ε.Α. 716/2023,,,,no sponsor block
68ΗΙ4690ΒΡ-ΕΦΧ,2023-05-23,ΧΕ:711/2023,,,,no sponsor block
6ΩΟΩ4690ΒΡ-ΖΒΦ,2023-05-19,ΧΕ:701/2023,,,,no sponsor block
61374690ΒΡ-1ΞΔ,2023-05-19,ΧΕ:701/2023,,,,no sponsor block
6Ε1Λ4690ΒΡ-ΖΙ6,2023-05-19,ΧΕ:700/2023,,,,no sponsor block
ΨΑΑΟ4690ΒΡ-ΤΤ8,2023-05-19,"XE:697,698,699/2023",,,,no sponsor block
642Θ4690ΒΡ-ΩΑΤ,2023-05-16,"ΧΕ:682,683/2023",,,,no sponsor block
6ΛΑΥ4690ΒΡ-Ι2Ξ,2023-05-11,Χ.Ε.Α. 649/2023,,,,no sponsor block
ΨΙΓΛ4690ΒΡ-1ΞΞ,2023-05-10,Χ.Ε.Α. 648/2023,,,,no sponsor block
ΡΛΓ04690ΒΡ-ΡΩΚ,2023-05-10,Χ.Ε.Α. 647/2023,,,,no sponsor block
62Ο04690ΒΡ-ΡΔΛ,2023-05-09,"ΧΕ:626,627/2023",,,,no sponsor block
96Ε64690ΒΡ-ΡΚΩ,2023-05-08,ΧΕ:601/2023,,,,no sponsor block
Ψ73Χ4690ΒΡ-1ΨΝ,2023-05-08,ΧΕ:600/2023,,,,no sponsor block
ΨΦΣΗ4690ΒΡ-Θ0Η,2023-05-05,"XE:598,599/2023",,,,no sponsor block
6ΘΔΑ4690ΒΡ-ΕΜΚ,2023-05-04,ΧΕ:596/2023,,,,no sponsor block
Ψ4ΙΜ4690ΒΡ-Α6Ξ,2023-05-03,"ΧΕ:592,593/2023",,,,no sponsor block
ΡΛ104690ΒΡ-ΑΝΒ,2023-04-28,ΧΕ:590/2023,,,,no sponsor block
69ΡΝ4690ΒΡ-ΚΥ0,2023-04-28,"ΧΕ:588,589/2023",,,,no sponsor block
ΨΥ2Ο4690ΒΡ-8ΛΙ,2023-04-28,"XE:586,587/2023",,,,no sponsor block
6ΘΠΧ4690ΒΡ-7ΒΔ,2023-04-24,"Χ.Ε.Α. 572, 573 / 2023",,,,no sponsor block
6ΝΓΗ4690ΒΡ-4ΙΙ,2023-04-24,"Χ.Ε.Α. 565, 566, 567, 568, 569/2023",,,,no sponsor block
61ΧΧ4690ΒΡ-ΦΞΑ,2023-04-18,"Χ.Ε.Α. 557, 558, 559, 560, 561, 562/ 2023",,,,no sponsor block
ΨΦ864690ΒΡ-5ΧΟ,2023-04-11,"ΧΕ:547,548/2023",,,,no sponsor block
Ψ4ΞΔ4690ΒΡ-ΙΙ9,2023-04-04,ΧΕ:408/2023,,,,no sponsor block
6Ρ6Ε4690ΒΡ-ΙΛ9,2023-04-04,"ΧΕ:410,411/2023",,,,no sponsor block
ΩΜΛΚ4690ΒΡ-Ν29,2023-04-04,ΧΕ:409/2023,,,,no sponsor block
ΨΘΣ74690ΒΡ-ΗΣΙ,2023-04-04,ΧΕ:408/2023,,,,no sponsor block
62Ι54690ΒΡ-13Η,2023-04-04,"ΧΕ:405,406,407/2023",,,,no sponsor block
ΨΛΟ14690ΒΡ-ΘΞ8,2023-04-04,ΧΕ:403/2023,,,,no sponsor block
95ΜΧ4690ΒΡ-ΙΟΥ,2023-04-03,ΧΕ:403/2023,,,,no sponsor block
ΨΘ9Ρ4690ΒΡ-ΩΦΝ,2023-04-03,ΧΕ:402/2023,,,,no sponsor block
ΨΖΚ94690ΒΡ-610,2023-03-31,ΧΕ:387/2023,,,,no sponsor block
6ΓΧΞ4690ΒΡ-ΟΙΨ,2023-03-31,ΧΕ:397/2023,,,,no sponsor block
6Λ4Θ4690ΒΡ-8ΙΙ,2023-03-31,"XE:398,399/2023",,,,no sponsor block
60ΤΘ4690ΒΡ-Π5Ν,2023-03-31,ΧΕ:390/2023,,,,no sponsor block
ΩΖΓΦ4690ΒΡ-8Ω2,2023-03-30,"ΧΕ:394,395,396/2023",,,,no sponsor block
61ΕΨ4690ΒΡ-Ν1Ρ,2023-03-30,ΧΕ:393/2023,,,,no sponsor block
6ΦΥ34690ΒΡ-2ΦΠ,2023-03-30,ΧΕ:392/2023,,,,no sponsor block
ΨΠΣΥ4690ΒΡ-ΖΘΜ,2023-03-30,ΧΕ:391/2023,,,,no sponsor block
Ψ4ΛΕ4690ΒΡ-Γ01,2023-03-29,ΧΕ:390/2023,,,,no sponsor block
ΨΟΤΧ4690ΒΡ-Χ6Υ,2023-03-29,ΧΕ:389/2023,,,,no sponsor block
ΨΧ7Χ4690ΒΡ-ΣΚΚ,2023-03-29,XE:388/2023,,,,no sponsor block
ΨΡΠ94690ΒΡ-6ΜΦ,2023-03-28,ΧΕ:387/2023,,,,no sponsor block
Ψ2494690ΒΡ-Τ69,2023-03-28,"ΧΕ:385,386/2023",,,,no sponsor block
90ΠΒ4690ΒΡ-971,2024-01-16,X.E.A. 18 - 39/2024,,,,no sponsor block
ΨΣΧ64690ΒΡ-Ξ4Δ,2024-01-08,ΧΕ:7/2024 ΜΙΣΘ.ΤΕΙ,,,,no sponsor block
635Μ4690ΒΡ-03Ψ,2024-01-05,"XE:1,2,3,4,5/2024 ΜΙΣΘ.ΕΠΙΚΟΥΡ.ΠΡΟΣ.ΚΑΙ ΓΙΑΤΡΩΝ",,,,no sponsor block
6ΥΖ94690ΒΡ-ΟΜΩ,2023-12-18,"ΧΕ:1869,1870,1871/2023 ΥΠΕΡΒΑΛΛΟΥΣΕΣ ΕΦΗΜΕΡΙΕΣ ΓΙΑΤΡΩΝ",,,,no sponsor block
97Γ94690ΒΡ-1ΗΔ,2023-12-18,XE:1868/2023 ΠΡΟΣΘΕΤΕΣ ΑΜΟΙΒΕΣ ΠΡΟΣ.,,,,no sponsor block
ΨΚΗΧ4690ΒΡ-ΕΕΘ,2023-12-18,"ΧΕ:1863,1864/2023",,,,no sponsor block
Ψ8ΓΟ4690ΒΡ-Θ2Μ,2023-12-18,"ΧΕ:1860,1861,1862/2023",,,,no sponsor block
60ΜΤ4690ΒΡ-ΩΔ7,2023-12-15,Χ.Ε.Α. 766/2023,,,,no sponsor block
6ΝΞ14690ΒΡ-ΓΛΚ,2023-12-14,"ΧΕ:1849,1850/2023 ΥΠΕΡΩΡΙΕΣ ΕΠΙΣΤΗΜΟΝΙΚΟΥ ΠΡΟΣ.",,,,no sponsor block
6ΣΙΣ4690ΒΡ-2ΑΖ,2023-12-12,"ΧΕ:1846,1847/2023",,,,no sponsor block
6ΧΗΡ4690ΒΡ-7ΜΑ,2023-12-12,ΧΕ:1845/2023 ΠΡΟΣ.ΠΡΟΓΡΑΜΜΑΤΟΣ ΟΑΕΔ,,,,no sponsor block
Ψ08Τ4690ΒΡ-Ξ17,2023-12-12,"ΧΕ:1843,1844/2023",,,,no sponsor block
ΨΘΡΥ4690ΒΡ-Ν95,2023-12-11,"ΧΕ:1839,1840,1841/2023 ΥΠΕΡΒΑΛΛΟΥΣΕΣ ΕΦΗΜΕΡΙΕΣ ΓΙΑΤΡΩΝ",,,,no sponsor block
ΨΟΥ44690ΒΡ-8Μ1,2023-12-06,"ΧΕ:1837,1838/2023 BONUS ΓΙΑΤΡΩΝ",,,,no sponsor block
90Ε54690ΒΡ-ΑΣ2,2023-12-06,"ΧΕ:1834,1835,1836/2023 ΤΑΚΤΙΚΕΣ ΕΦΗΜΕΡΙΕΣ ΓΙΑΤΡΩΝ",,,,no sponsor block
Ρ4ΤΔ4690ΒΡ-ΔΚ8,2023-12-06,ΧΕ:1833/23 ΠΡΟΣΘΕΤΕΣ ΑΜΟΙΒΕΣ ΠΡΟΣΩΠΙΚΟΥ,,,,no sponsor block
64Σ14690ΒΡ-1ΚΡ,2023-12-01,"XE1820,1821,1822/2023 ΥΠΕΡΒΑΛΛΟΥΣΕΣ ΕΦΗΜΕΡΙΕΣ ΓΙΑΤΡΩΝ",,,,no sponsor block
ΨΙ5Η4690ΒΡ-ΧΧ9,2023-12-01,Χ.Ε.Α. 1818/2023,,,,no sponsor block
ΨΓ8Ξ4690ΒΡ-ΛΕΓ,2023-11-30,"ΧΕ:1814,1815,1816/2023 ΜΙΣΘ/ΣΙΑ ΕΠΙΚΟΥΡ.ΠΡΟΣ.",,,,no sponsor block
ΨΒΙΦ4690ΒΡ-2ΓΚ,2023-11-30,ΧΕ:1813/2023 ΜΙΣΘ/ΣΙΑ ΕΠΙΚΟΥΡ.ΠΡΟΣ.,,,,no sponsor block
6ΝΗΙ4690ΒΡ-Μ4Ψ,2023-11-30,Χ.Ε.Α. 1810/2023,,,,no sponsor block
6Ξ154690ΒΡ-Ζ15,2023-11-29,"Χ.Ε.Α. 1808, 1809/2023",,,,no sponsor block
6Δ3Θ4690ΒΡ-ΒΝΖ,2023-11-29,ΧΕ:1806/2023 ΜΙΣΘ.ΕΠΙΚΟΥΡ.ΓΙΑΤΡΩΝ COVID-19,,,,no sponsor block
ΨΖΨΩ4690ΒΡ-ΥΓΟ,2023-11-29,XE:1805/2023 ΜΙΣΘ.ΕΠΙΚΟΥΡ.ΓΙΑΤΡΩΝ,,,,no sponsor block
ΨΛΒ14690ΒΡ-ΡΔΥ,2023-11-29,Χ.Ε.Α. 1807/2023,,,,no sponsor block
ΨΓΕΔ4690ΒΡ-6ΥΥ,2023-11-28,Χ.Ε.Α. 1799/2023,,,,no sponsor block
6Ζ3Ψ4690ΒΡ-ΕΛ6,2023-11-24,ΧΕ:1798/23 ΑΠΟΖ/ΣΗ ΑΔΕΙΑΣ,,,,no sponsor block
65ΤΜ4690ΒΡ-ΣΥΕ,2023-11-23,Χ.Ε.Α. 1793/2023,,,,no sponsor block
65544690ΒΡ-ΘΩΟ,2023-11-22,Χ.Ε.Α. 1791/2023,,,,no sponsor block
6Π3Υ4690ΒΡ-ΚΡΞ,2023-11-22,Χ.Ε.Α. 1779 - 1790 / 2023,,,,no sponsor block
9Φ8Ρ4690ΒΡ-Ν1Μ,2023-11-20,"ΧΕ:1773,1774/2023 ΠΡΟΣΩΠΙΚΟ ΠΡΟΓΡ.ΟΑΕΔ",,,,no sponsor block
ΡΒ654690ΒΡ-ΨΜ2,2023-11-20,"ΧΕ:1775,1776/2023",,,,no sponsor block
ΨΝΧΗ4690ΒΡ-ΥΥΠ,2023-11-17,Χ.Ε.Α. 1771/2023,,,,no sponsor block
ΨΤΚΨ4690ΒΡ-ΜΘ3,2023-11-06,"Χ.Ε.Α. 1738, 1739 / 2023",,,,no sponsor block
67ΕΗ4690ΒΡ-Ψ2Β,2023-11-03,"Χ.Ε.Α. 1736, 1737/2023",,,,no sponsor block
Ψ77Θ4690ΒΡ-ΛΗ5,2023-11-03,"Χ.Ε.Α. 1730, 1731, 1732, 1733/2023",,,,no sponsor block
9ΤΝ64690ΒΡ-ΙΔ7,2023-11-03,"Χ.Ε.Α. 1734, 1735/2023",,,,no sponsor block
ΨΔΓΑ4690ΒΡ-Κ9Ο,2023-11-03,ΧΕ:1727-1728/2023,,,,no sponsor block
6ΛΙ34690ΒΡ-2ΦΝ,2023-11-03,ΧΕ:1723-1726/2023 ΤΑΚΤΙΚΕΣ ΕΦΗΜΕΡΙΕΣ ΓΙΑΤΡΩΝ,,,,no sponsor block
67ΡΟ4690ΒΡ-ΡΥΚ,2023-11-02,Χ.Ε.Α. 1701/2023,,,,no sponsor block
68ΑΗ4690ΒΡ-6Κ7,2023-11-02,Χ.Ε.Α. 1700/2023,,,,no sponsor block
ΨΞ0Υ4690ΒΡ-ΒΘΙ,2023-11-01,ΧΕ:1680-1682 ΜΙΣΘ/ΣΙΑ ΕΠΙΚΟΥΡ.ΠΡΟΣ.,,,,no sponsor block
6ΚΧΟ4690ΒΡ-3Γ2,2023-11-01,XE:1679/23 ΜΙΣΘ/ΣΙΑ ΕΠΙΚΟΥΡ.ΠΡΟΣ.,,,,no sponsor block
Ψ8ΝΒ4690ΒΡ-ΞΞΩ,2023-10-30,XE:1656-1658/2023 ΥΠΕΡΒΑΛΛΟΥΣΕΣ ΕΦΗΜΕΡΙΕΣ ΓΙΑΤΡΩΝ,,,,no sponsor block
9ΘΞ84690ΒΡ-5ΡΦ,2023-10-26,ΧΕ:1654-1655/2023 ΠΡΟΣΘΕΤΕΣ ΑΜΟΙΒΕΣ ΠΡΟΣ.,,,,no sponsor block
6ΨΠΝ4690ΒΡ-Δ5Μ,2023-10-26,ΧΕ:1653/2023 ΜΙΣΘ/ΣΙΑ ΕΠΙΚΟΥΡ.ΓΙΑΤΡΩΝ,,,,no sponsor block
9ΛΛΘ4690ΒΡ-Ο6Κ,2023-10-26,XE:1652/23 ΜΙΣΘ/ΣΙΑ ΕΠΙΚΟΥΡ.ΓΙΑΤΡΩΝ,,,,no sponsor block
9ΠΓ14690ΒΡ-5ΕΙ,2023-10-19,Χ.Ε.Α. 1611/2023,,,,no sponsor block
9Θ6Λ4690ΒΡ-ΨΡΒ,2023-10-19,Χ.Ε.Α 1612/2023,,,,no sponsor block
Ψ7ΖΖ4690ΒΡ-1Ψ1,2023-10-13,ΧΕ:1518-1519/2023 ΠΛΗΡΩΜΗ ΑΠΟΓΕΥΜΑΤΙΝΩΝ ΙΑΤΡΕΙΩΝ,,,,no sponsor block
ΨΩΚΚ4690ΒΡ-94Θ,2023-10-06,ΧΕ:1431/2023,,,,no sponsor block
9Γ1Θ4690ΒΡ-ΙΔΕ,2023-10-06,"ΧΕ:1429,1430/2023 ΕΦΗΜΕΡΙΕΣ ΓΙΑΤΡΩΝ BONUS",,,,no sponsor block
ΨΒΚ14690ΒΡ-ΩΚΩ,2023-10-06,"ΧΕ:1426,1427,1428/2023 ΥΠΕΡΒΑΛΛΟΥΣΕΣ ΕΦΗΜΕΡΙΕΣ ΓΙΑΤΡΩΝ",,,,no sponsor block
9ΠΗΤ4690ΒΡ-Χ1Θ,2023-10-06,"ΧΕ:1422,1423,1424,1425/2023 ΤΑΚΤΙΚΕΣ ΕΦΗΜΕΡΙΕΣ ΓΙΑΤΡΩΝ",,,,no sponsor block
ΩΝΣΣ4690ΒΡ-9ΜΑ,2023-10-05,Χ.Ε.Α. 1419/2023,,,,no sponsor block
ΨΦΦΨ4690ΒΡ-ΘΛΝ,2023-10-04,Χ.Ε.Α. 1403/2023,,,,no sponsor block
9ΠΡ84690ΒΡ-ΜΤΛ,2023-10-03,"Χ.Ε.Α. 1385, 1386 / 2023",,,,no sponsor block
662Ψ4690ΒΡ-3ΚΧ,2023-10-02,"ΧΕ:1381,1382/2023 ΠΡΟΣΘΕΤΕΣ ΑΜΟΙΒΕΣ ΠΡΟΣ.",,,,no sponsor block
694Γ4690ΒΡ-ΞΙ8,2023-09-28,"ΧΕ:1328,1329/2023 ΜΙΣΘ/ΣΙΑ ΕΠΙΚΟΥΡ.ΠΡΟΣ.",,,,no sponsor block
96ΚΟ4690ΒΡ-71Ρ,2023-09-28,ΧΕ:1327/2023 ΜΙΣΘ/ΣΙΑ ΕΠΙΚΟΥΡ.ΠΡΟΣ.,,,,no sponsor block
ΨΦ0Ο4690ΒΡ-ΦΦΖ,2023-09-27,ΧΕ:1273/2023 ΜΙΣΘ/ΣΙΑ ΕΠΙΚΟΥΡ.ΓΙΑΤΡΩΝ COVID,,,,no sponsor block
6Υ614690ΒΡ-ΕΤΧ,2023-09-27,ΧΕ:1272/2023 ΜΙΣΘ/ΣΙΑ ΕΠΙΚΟΥΡΙΚΩΝ ΓΙΑΤΡΩΝ,,,,no sponsor block
ΨΛ814690ΒΡ-5ΟΥ,2023-09-25,ΧΕ:1271/2023 ΠΡΟΣΩΠΙΚΟ ΟΑΕΔ,,,,no sponsor block
9ΧΚΖ4690ΒΡ-ΡΤΠ,2023-09-18,ΧΕ:1264/2023 ΠΛΗΡΩΜΗ ΟΑΕΔ,,,,no sponsor block
687Ζ4690ΒΡ-ΦΗΙ,2023-09-13,"ΕΡΓΟΔΟΤΙΚΕΣ ΕΙΣΦΟΡΕΣ ΧΕ:1258,1259/2023",,,,no sponsor block
ΨΙΠ84690ΒΡ-ΡΡΟ,2023-09-13,"Χ.Ε.Α. 1256, 1257/2023",,,,no sponsor block
6ΚΚΨ4690ΒΡ-ΜΩ9,2023-09-11,"ΧΕ:1254,1255/2023 ΑΠΟΓΕΥΜΑΤΙΝΑ ΙΑΤΡΕΙΑ",,,,no sponsor block
6ΒΗΙ4690ΒΡ-ΘΗ6,2023-09-11,ΧΕ:1253/2023 ΠΡΟΣ.ΠΡΟΓΡ.ΟΑΕΔ,,,,no sponsor block
60ΗΔ4690ΒΡ-ΘΜΦ,2023-09-08,"Χ.Ε.Α. 1249,1250,1251, 1252/2023",,,,no sponsor block
9ΒΟΣ4690ΒΡ-Χ79,2023-09-06,"ΠΛΗΡΩΜΗ ΥΠΕΡΒΑΛΛΟΥΣΩΝ ΕΦΗΜΕΡΙΩΝ ΧΕ:1246,1247,1248/2023",,,,no sponsor block
9ΣΒΥ4690ΒΡ-ΗΟΓ,2023-09-06,"ΠΛΗΡΩΜΗ ΥΠΕΡΒΑΛΛΟΥΣΩΝ ΕΦΗΜΕΡΙΩΝ ΧΕ:1244,1245/2023",,,,no sponsor block
Ψ50Χ4690ΒΡ-4ΧΕ,2023-09-06,"ΠΛΗΡΩΜΗ ΥΠΕΡΒΑΛΛΟΥΣΩΝ ΕΦΗΜΕΡΙΩΝ ΧΕ:1241,1242,1243/2023",,,,no sponsor block
9ΟΑΕ4690ΒΡ-ΡΜΖ,2023-09-04,"ΜΙΣΘ/ΣΙΑ ΕΠΙΚΟΥΡ.ΠΡΟΣ.ΧΕ:1238,1239/2023",,,,no sponsor block
Ψ6164690ΒΡ-ΙΩ3,2023-09-04,ΜΙΣΘ/ΣΙΑ ΕΠΙΚΟΥΡ.ΠΡΟΣ.ΧΕ:1237/2023,,,,no sponsor block
99ΕΧ4690ΒΡ-ΕΚΡ,2023-08-31,ΜΙΣΘ/ΣΙΑ ΕΠΙΚΟΥΡ.ΓΙΑΤΡΩΝ ΧΕ:1234/2023,,,,no sponsor block
ΨΗΦ24690ΒΡ-Γ18,2023-08-31,ΜΙΣΘ/ΣΙΑ ΕΠΙΚΟΥΡΙΚΩΝ ΓΙΑΤΡΩΝ ΧΕ:1233/2023,,,,no sponsor block
9Α8Θ4690ΒΡ-Π03,2023-08-30,"ΠΛΗΡΩΜΗ ΥΠΕΡΒΑΛΛΟΥΣΩΝ ΕΦΗΜΕΡΙΩΝ ΧΕ:1229,1230,1231/2023",,,,no sponsor block
ΩΝΣΕ4690ΒΡ-ΩΣΑ,2023-08-24,"ΧΕ:1215,1216/2023",,,,no sponsor block
ΨΙΦΖ4690ΒΡ-ΩΦΤ,2023-08-24,ΧΕ:1210/2023,,,,no sponsor block
661Σ4690ΒΡ-Α1Τ,2023-08-24,ΧΕ:1209/2023 ΕΜΜΕΣΕΣ ΔΑΠΑΝΕΣ,,,,no sponsor block
9ΗΒΩ4690ΒΡ-19Ξ,2024-06-06,Χ.Ε.Α. 1254/2024,,,,no sponsor block
6Σ7Α4690ΒΡ-2ΦΣ,2024-06-05,ΧΕ:1249-1250/2024 ΕΡΓΟΔΟΤΙΚΕΣ ΕΙΣΦΟΡΕΣ,,,,no sponsor block
9ΤΔΑ4690ΒΡ-ΩΓΝ,2024-06-04,ΧΕ:1243/2024 ΒONUS ΣΕ ΓΙΑΤΡΟΥΣ ΕΣΥ ΣΕ ΕΦΑΡΜΟΓΗ ΤΟΥ Ν.4850 ΑΡΘΡΟ 90,,,,no sponsor block
673Ω4690ΒΡ-ΤΘΩ,2024-06-04,ΧΕ:1242/2024 ΤΑΚΤΙΚΕΣ ΕΦΗΜΕΡΙΕΣ ΓΙΑΤΡΩΝ,,,,no sponsor block
9ΓΗ24690ΒΡ-ΟΕ3,2024-06-04,ΧΕ:1240-1241/2024,,,,no sponsor block
ΡΟΣ34690ΒΡ-0ΟΝ,2024-05-31,ΧΕ:1235/2024 ΠΡΟΣΘΕΤΕΣ ΑΜΟΙΒΕΣ ΠΡΟΣΩΠΙΚΟΥ,,,,no sponsor block
60Υ94690ΒΡ-ΘΑΧ,2024-05-31,Χ.Ε.Α. 366/2024,,,,no sponsor block
912Ι4690ΒΡ-ΑΕΖ,2024-05-30,XE:1229/2024 ΜΙΣΘ/ΣΙΑ ΕΠΙΚΟΥΡ.ΠΡΟΣ.COVID-19,,,,no sponsor block
9ΞΣΠ4690ΒΡ-Ζ9Ι,2024-05-29,ΧΕ:1182/2024 ΜΙΣΘΟΔΟΣΙΑ ΤΕΙ,,,,no sponsor block
69ΣΒ4690ΒΡ-7ΗΜ,2024-05-29,ΧΕ:1181/2024 ΠΡΟΣΘΕΤΕΣ ΑΜΟΙΒΕΣ ΕΠΙΣΤΗΜΟΝΙΚΟΥ ΠΡΟΣ.,,,,no sponsor block
Ψ9Ρ84690ΒΡ-ΦΗ0,2024-05-29,"ΧΕ:1178,1179,1180/2024 ΥΠΕΡΒΑΛΛΟΥΣΕΣ ΕΦΗΜΕΡΙΕΣ ΓΙΑΤΡΩΝ",,,,no sponsor block
63ΙΤ4690ΒΡ-Ρ38,2024-05-29,"ΧΕ:1167,1168,1169,1170/2024 ΜΙΣΘΟΔΟΣΙΑ ΕΠΙΚΟΥΡΙΚΩΝ ΓΙΑΤΡΩΝ ΚΑΙ ΛΟΙΠΟΥ ΠΡΟΣΩΠΙΚΟΥ",,,,no sponsor block
6Ρ8Ε4690ΒΡ-ΣΩΚ,2024-05-24,"Χ.Ε.Α. 1090, 1091 / 2024",,,,no sponsor block
ΨΞ2Ε4690ΒΡ-ΑΡΡ,2024-05-21,ΧΕ:1087-1088/2024 ΑΠΟΓΕΥΜΑΤΙΝΑ ΙΑΤΡΕΙΑ,,,,no sponsor block
9Τ1Ω4690ΒΡ-3ΡΛ,2024-05-20,ΧΕ:1081-1082/2024 ΕΡΓΟΔΟΤΙΚΕΣ ΕΙΣΦΟΡΕΣ ΕΠΑΛ-ΔΙΕΚ,,,,no sponsor block
ΨΖΣΗ4690ΒΡ-Ι4Φ,2024-05-20,ΧΕ:1079-1080/2024 ΠΡΟΣΩΠΙΚΟ ΠΡΟΓΡΑΜΜΑΤΟΣ ΟΑΕΔ,,,,no sponsor block
9ΛΔΗ4690ΒΡ-ΨΒΗ,2024-05-15,Χ.Ε.Α. 1077/2024,,,,no sponsor block
ΡΓΛΚ4690ΒΡ-ΧΩΛ,2024-05-14,Χ.Ε.Α. 1072 - 1076 / 2024,,,,no sponsor block
6ΛΨΔ4690ΒΡ-6ΝΞ,2024-05-01,"ΧΕ:1029,1030/2024 BONUS ΓΙΑΤΡΩΝ",,,,no sponsor block
Ψ0ΒΜ4690ΒΡ-8Υ3,2024-05-01,"ΧΕ:1026,1027,1028/2024 ΤΑΚΤΙΚΕΣ ΕΦΗΜΕΡΙΕΣ ΓΙΑΤΡΩΝ",,,,no sponsor block
9ΛΙΥ4690ΒΡ-2ΑΣ,2024-04-30,ΧΕ:1022/2024 ΜΙΣΘ/ΣΙΑ ΕΠΙΚΟΥΡ.ΠΡΟΣ.COVID-19,,,,no sponsor block
ΨΗΘΥ4690ΒΡ-Ω11,2024-04-29,XE:983/2024 ΠΡΟΣΘΕΤΕΣ ΑΜΟΙΒΕΣ ΕΠΙΣΤΗΜΟΝ.ΠΡΟΣ.,,,,no sponsor block
6Ν0Χ4690ΒΡ-79Υ,2024-04-26,ΧΕ:982/2024 ΜΙΣΘ/ΣΙΑ ΕΠΙΚΟΥΡ.ΠΡΟΣ.,,,,no sponsor block
6Α2Β4690ΒΡ-757,2024-04-24,ΧΕ:960/2024 ΜΙΣΘ/ΣΙΑ ΕΠΙΚΟΥΡ.ΠΡΟΣ.,,,,no sponsor block
Ψ5ΧΖ4690ΒΡ-ΥΑΨ,2024-04-24,XE:959/2024 ΜΙΣΘ/ΣΙΑ ΤΕΙ,,,,no sponsor block
9ΠΛΛ4690ΒΡ-Σ6Χ,2024-04-23,ΧΕ:922-923/2024 ΜΙΣΘ/ΣΙΑ ΕΠΙΚΟΥΡ.ΓΙΑΤΡΩΝ,,,,no sponsor block
9Π014690ΒΡ-Ι6Ν,2024-04-19,ΧΕ:920-921/2024 ΠΡΟΓΡΑΜΜΑ ΜΑΘΗΤΕΙΑΣ,,,,no sponsor block
6ΙΦΝ4690ΒΡ-7Β5,2024-04-17,ΧΕ:853-855/2024 ΥΠΕΡΒΑΛΛΟΥΣΕΣ ΕΦΗΜΕΡΙΕΣ ΓΙΑΤΡΩΝ,,,,no sponsor block
Ψ4ΩΥ4690ΒΡ-ΓΡ1,2024-04-17,Χ.Ε.Α. 844 - 852 / 2024,,,,no sponsor block
6ΣΖΒ4690ΒΡ-Ψ67,2024-04-15,XE:816/2024,,,,no sponsor block
65424690ΒΡ-89Λ,2024-04-10,ΧΕ:758/2024,,,,no sponsor block
60Σ44690ΒΡ-Α5Κ,2024-04-10,ΧΕ:756-757/2024,,,,no sponsor block
ΨΙΚΥ4690ΒΡ-ΦΙΛ,2024-04-08,ΧΕ:746-747/2024 ΑΠΟΓΕΥΜΑΤΙΝΑ ΙΑΤΡΕΙΑ,,,,no sponsor block
96Θ04690ΒΡ-ΩΚΜ,2024-04-04,ΧΕ:736-737/2024 ΒΟNUS ΕΦΗΜΕΡΙΩΝ ΓΙΑΤΡΩΝ,,,,no sponsor block
ΨΙΜΠ4690ΒΡ-ΠΦΧ,2024-04-04,ΧΕ:733-735/2024 ΤΑΚΤΙΚΕΣ ΕΦΗΜΕΡΙΕΣ ΓΙΑΤΡΩΝ,,,,no sponsor block
9ΞΨΩ4690ΒΡ-ΦΝΒ,2024-04-04,"Χ.Ε.Α. 731, 732/2024",,,,no sponsor block
66ΓΤ4690ΒΡ-ΙΧΠ,2024-03-12,ΧΕ:562/2024 ΑΠΑΣΧΟΛΟΥΜΕΝΟΙ ΑΠΟΦ.ΕΠΑΛ ΜΕ ΠΡΟΓΡ.ΜΑΘΗΤΕΙΑΣ,,,,no sponsor block
6ΤΟΘ4690ΒΡ-Ζ6Χ,2024-04-02,XE:717-718-719/2024 ΥΠΕΡΒΑΛΛΟΥΣΕΣ ΕΦΗΜΕΡΙΕΣ ΓΙΑΤΡΩΝ,,,,no sponsor block
ΨΒ0Κ4690ΒΡ-Η35,2024-04-01,XE:713-714/2024 ΜΙΣΘ/ΣΙΑ ΕΠΙΚΟΥΡ.ΓΙΑΤΡΩΝ,,,,no sponsor block
6ΑΛ94690ΒΡ-ΩΤΦ,2024-03-29,ΧΕ:709/2024 ΜΙΣΘ/ΣΙΑ ΕΠΙΚΟΥΡ.ΠΡΟΣ.,,,,no sponsor block
63ΙΩ4690ΒΡ-ΜΚΗ,2024-03-29,XE:710/2024 ΠΡΟΣΘΕΤΕΣ ΑΜΟΙΒΕΣ ΠΡΟΣ.,,,,no sponsor block
Ψ9Μ14690ΒΡ-ΣΚΒ,2024-03-27,ΧΕ:704-705/2024 ΜΙΣΘ/ΣΙΑ ΕΠΙΚΟΥΡ.ΠΡΟΣ.,,,,no sponsor block
66ΑΠ4690ΒΡ-ΞΛΘ,2024-03-27,XE:702-703/2024 ΠΡΟΣΘΕΤΕΣ ΑΜΟΙΒΕΣ ΠΡΟΣΩΠΙΚΟΥ,,,,no sponsor block
ΨΜΓΤ4690ΒΡ-Δ2Ω,2024-03-21,Χ.Ε.Α. 669/2024,,,,no sponsor block
ΨΟΘΚ4690ΒΡ-ΧΗ6,2024-03-21,Χ.Ε.Α. 191/2024,,,,no sponsor block
Ρ75Η4690ΒΡ-ΖΟ7,2024-03-20,ΧΕ:648/2024 ΜΙΣΘ/ΣΙΑ ΤΕΙ,,,,no sponsor block
Ρ7ΦΗ4690ΒΡ-0ΕΡ,2024-03-14,ΧΕ:632/2024,,,,no sponsor block
9Ο7Π4690ΒΡ-7ΩΧ,2024-03-14,Χ.Ε.Α. 621- 631/2024,,,,no sponsor block
9ΛΞ64690ΒΡ-ΑΟΑ,2024-03-14,ΧΕ:616-618/2024 ΤΑΚΤΙΚΕΣ ΕΦΗΜΕΡΙΕΣ ΓΙΑΤΡΩΝ,,,,no sponsor block
ΡΩΩΧ4690ΒΡ-9ΙΜ,2024-03-08,ΧΕ:518-519/2024 ΕΡΓΟΔΟΤΙΚΕΣ ΕΙΣΦΟΡΕΣ,,,,no sponsor block
ΨΒΞΑ4690ΒΡ-6ΣΦ,2024-03-04,ΧΕ:494-495/2024 BONUS ΕΦΗΜΕΡΙΕΣ ΓΙΑΤΡΩΝ,,,,no sponsor block
9ΕΥΖ4690ΒΡ-21Η,2024-03-04,XE:492/2024 ΜΙΣΘ/ΣΙΑ ΕΠΙΚΟΥΡ.ΠΡΟΣ.COVID-19,,,,no sponsor block
ΨΙΨ24690ΒΡ-85Τ,2024-02-27,Χ.Ε.Α. 479-481/2024,,,,no sponsor block
97ΚΤ4690ΒΡ-Τ6Ο,2024-02-27,ΧΕ:472-473/2024,,,,no sponsor block
ΨΚ7Ε4690ΒΡ-ΙΔΟ,2024-02-27,ΧΕ:474-475/2024,,,,no sponsor block
62ΚΦ4690ΒΡ-1Ψ3,2024-02-27,ΧΕ:476/2024 ΜΙΣΘΟΔΟΣΙΑ ΤΕΙ,,,,no sponsor block
66ΧΠ4690ΒΡ-2Η9,2024-02-27,ΧΕ:477/24 ΠΡΟΣΘΕΤΕΣ ΑΜΟΙΒΕΣ ΠΡΟΣΩΠΙΚΟΥ,,,,no sponsor block
6Κ9Φ4690ΒΡ-3ΒΦ,2024-02-22,ΧΕ:388/2024 ΠΡΟΣΘΕΤΕΣ ΑΜΟΙΒΕΣ ΠΡΟΣΩΠΙΚΟΥ,,,,no sponsor block
Ψ00Κ4690ΒΡ-ΤΓΚ,2024-02-16,ΧΕ:355-356/2023 ΑΠΟΓΕΥΜΑΤΙΝΑ ΙΑΤΡΕΙΑ,,,,no sponsor block
66ΓΨ4690ΒΡ-6ΣΞ,2024-02-07,"ΧΕ:237,238,239/2024 ΥΠΕΡΒΑΛΛΟΥΣΕΣ ΕΦΗΜΕΡΙΕΣ ΓΙΑΤΡΩΝ",,,,no sponsor block
61ΓΖ4690ΒΡ-Γ7Γ,2024-02-06,ΧΕ:236/2024 ΕΡΓΟΔΟΤΙΚΕΣ ΕΙΣΦΟΡΕΣ,,,,no sponsor block
ΡΔΣΥ4690ΒΡ-ΨΒ5,2024-02-06,ΧΕ:235/2024 ΕΡΓΟΔΟΤΙΚΕΣ ΕΙΣΦΟΡΕΣ,,,,no sponsor block
9ΛΖΒ4690ΒΡ-ΙΦΝ,2024-02-05,ΧΕ:208/2024 ΜΙΣΘΟΔΟΣΙΑ ΤΕΙ,,,,no sponsor block
90ΗΗ4690ΒΡ-ΕΗΞ,2024-02-02,ΧΕ:198-200/2024 ΤΑΚΤΙΚΕΣ ΕΦΗΜΕΡΙΕΣ ΓΙΑΤΡΩΝ,,,,no sponsor block
9ΠΓΗ4690ΒΡ-ΚΙΠ,2024-02-05,ΧΕ:204-205/2024 ΑΠΟΓΕΥΜΑΤΙΝΑ ΙΑΤΡΕΙΑ,,,,no sponsor block
Ψ0Θ04690ΒΡ-ΦΟΨ,2024-01-30,ΧΕ:126/23 ΤΑΚΤΙΚΕΣ ΕΦΗΜΕΡΙΕΣ ΓΙΑΤΡΩΝ,,,,no sponsor block
6ΧΖ64690ΒΡ-4Α2,2024-01-29,"ΧΕ:103,104,105/2024 ΜΙΣΘ/ΣΙΑ ΕΠΙΚΟΥΡ.ΠΡΟΣ.",,,,no sponsor block
Ψ9614690ΒΡ-ΞΩΟ,2024-01-25,"XE:73,74/2024 ΜΙΣΘΟΔΟΣΙΑ ΕΠΙΚΟΥΡΙΚΩΝ ΓΙΑΤΡΩΝ",,,,no sponsor block
6ΖΒΔ4690ΒΡ-Ζ96,2024-01-24,"ΧΕ:70,71/2024",,,,no sponsor block
ΨΗΩΠ4690ΒΡ-8ΜΔ,2024-01-24,Χ.Ε.Α. 57-69/2024,,,,no sponsor block
6ΣΝ44690ΒΡ-3ΩΠ,2024-01-24,"ΧΕ:55,56/2024 ΠΡΟΣΘΕΤΕΣ ΑΜΟΙΒΕΣ ΠΡΟΣ.",,,,no sponsor block
Ψ9ΤΖ4690ΒΡ-4ΥΖ,2024-01-23,Χ.Ε.Α. 51/2024,,,,no sponsor block
9ΒΩ74690ΒΡ-Ξ9Γ,2024-01-23,"XE:48,49,50/2024 ΕΡΓΟΔ.ΕΙΣΦΟΡΕΣ",,,,no sponsor block
ΨΙΓΚ4690ΒΡ-ΕΚΖ,2024-11-06,XE:1990/2024 ΥΠΕΡ ΕΦΚΑ -ΕΡΓΟΔΟΤΙΚΕΣ ΕΙΣΦΟΡΕΣ ΔΙΕΚ,,,,no sponsor block
601Κ4690ΒΡ-Ω0Φ,2024-11-05,Χ.Ε.Α. 1989/2024,,,,no sponsor block
ΨΙΛΓ4690ΒΡ-ΑΗΣ,2024-11-04,ΧΕ:1964/2024 ΥΠΕΡ ΕΦΚΑ ΕΡΓΟΔΟΤΙΚΕΣ ΕΙΣΦΟΡΕΣ,,,,no sponsor block
6Τ3Ζ4690ΒΡ-ΚΒΕ,2024-11-04,ΧΕ:1959-1960/2024  ΕΦΗΜΕΡΙΕΣ ΓΙΑΤΡΩΝ,,,,no sponsor block
ΨΜ6Ν4690ΒΡ-75Β,2024-11-04,XE:1956-1957-1958/2024 ΤΑΚΤΙΚΕΣ ΕΦΗΜΕΡΙΕΣ ΓΙΑΤΡΩΝ,,,,no sponsor block
9ΟΥΘ4690ΒΡ-ΚΞ2,2024-10-31,Χ.Ε.Α. 1,,,,no sponsor block
9ΓΡΛ4690ΒΡ-ΗΓΧ,2024-10-30,ΧΕ:1949-1950/2024 ΜΙΣΘ/ΣΙΑ ΕΠΙΚΟΥΡ.ΓΙΑΤΡΩΝ,,,,no sponsor block
ΨΙΙ74690ΒΡ-0Ξ6,2024-10-30,XE:1946-1947-1948/2024  ΜΙΣΘ/ΣΙΑ ΕΠΙΚΟΥΡ.ΠΡΟΣ.,,,,no sponsor block
Ρ4194690ΒΡ-ΡΝΩ,2024-10-29,"Χ.Ε.Α. 1942, 1943/2024",,,,no sponsor block
Ψ5ΥΡ4690ΒΡ-Λ7Χ,2024-10-23,ΧΕ:1916-1917/2024 ΠΡΟΣΘΕΤΕΣ ΑΜΟΙΒΕΣ ΠΡΟΣΩΠΙΚΟΥ,,,,no sponsor block
9Κ854690ΒΡ-ΤΣ2,2024-10-18,XE:1866/2024 ΠΡΟΣΩΠΙΚΟ ΠΡΟΓΡΑΜ.ΟΑΕΔ,,,,no sponsor block
9Υ9Σ4690ΒΡ-86Ξ,2024-10-16,ΧΕ:1856/2024 ΑΠΑΣΧΟΛΟΥΜΕΝΟΙ ΑΠΟΦ.ΕΠΑΛ ΜΕ ΠΡΟΓΡΑΜΜΑ ΜΑΘΗΤΕΙΑΣ,,,,no sponsor block
Ψ61Ι4690ΒΡ-ΤΛ7,2024-10-16,XE:1854-1855/2024 ΠΛΗΡΩΜΗ ΠΡΟΜΗΘΕΥΤΩΝ,,,,no sponsor block
ΨΓΝΗ4690ΒΡ-ΘΟΙ,2024-10-07,Χ.Ε.Α. 1810 - 1823/ 2024,,,,no sponsor block
9ΗΒΤ4690ΒΡ-ΗΙΗ,2024-10-01,ΧΕ:1753/2024 ΠΡΟΣΘΕΤΕΣ ΑΜΟΙΒΕΣ ΠΡΟΣΩΠΙΚΟΥ,,,,no sponsor block
ΨΚ0Σ4690ΒΡ-ΨΔ1,2024-10-01,ΧΕ:1750-1751-1752/2024 ΠΡΟΣΘΕΤΕΣ ΑΜΟΙΒΕΣ ΕΠΙΣΤΗΜΟΝΙΚΟΥ ΠΡΟΣΩΠΙΚΟΥ,,,,no sponsor block
ΨΓΣ94690ΒΡ-ΩΣΘ,2024-10-01,ΧΕ:1748-1749/2024 ΕΦΗΜΕΡΙΕΣ ΓΙΑΤΡΩΝ,,,,no sponsor block
Ψ1ΤΔ4690ΒΡ-0ΤΜ,2024-10-01,ΧΕ:1745-1746-1747/2024 ΤΑΚΤΙΚΕΣ ΕΦΗΜΕΡΙΕΣ ΓΙΑΤΡΩΝ,,,,no sponsor block
ΨΤΣΑ4690ΒΡ-6ΩΩ,2024-10-01,ΧΕ:1743-1744/2024  ΜΙΣΘΟΔΟΣΙΑ ΕΠΙΚΟΥΡΙΚΩΝ ΓΙΑΤΡΩΝ,,,,no sponsor block
68Θ14690ΒΡ-7ΙΥ,2024-09-24,ΧΕ:1732/2024 ΜΙΣΘ/ΣΙΑ ΕΠΙΚΟΥΡ. Ι.Δ. COVID-19,,,,no sponsor block
62Κ24690ΒΡ-1ΓΤ,2024-09-20,ΧΕ:1726/2024 ΥΠΕΡ ΕΦΚΑ-ΕΡΓΟΔΟΤΙΚΕΣ ΕΙΣΦΟΡΕΣ,,,,no sponsor block
ΨΩΡΟ4690ΒΡ-33Ε,2024-09-20,ΧΕ:1729-1730/2024 ΜΙΣΘ/ΣΙΑ ΕΠΙΚΟΥΡ.ΠΡΟΣ.,,,,no sponsor block
ΨΓΗΗ4690ΒΡ-67Ε,2024-09-20,ΧΕ:1727-1728/2024 ΑΠΟΓΕΥΜΑΤΙΝΑ ΙΑΤΡΕΙΑ,,,,no sponsor block
ΨΕ5Η4690ΒΡ-7ΡΔ,2024-09-17,XE:1715/2024 ΑΠΑΣΧΟΛΟΥΜΕΝΟΙ ΑΠΟΦ.ΕΠΑΛ.,,,,no sponsor block
ΨΘΠΨ4690ΒΡ-ΟΒ9,2024-09-11,Χ.Ε.Α. 1670/2024,,,,no sponsor block
ΡΥΟΥ4690ΒΡ-ΑΤ4,2024-09-10,ΧΕ:1657/2024 ΠΡΟΣ.ΠΡΟΓΡΑΜΜΑΤΟΣ ΟΑΕΔ,,,,no sponsor block
ΡΠΡΔ4690ΒΡ-ΨΑ1,2024-09-10,ΧΕ:1656/2024 ΕΡΓΟΔΟΤΙΚΕΣ ΕΙΣΦΟΡΕΣ ΕΠΑΛ,,,,no sponsor block
ΨΞΚΘ4690ΒΡ-ΧΡΧ,2024-09-09,Χ.Ε.Α. 1643 - 1653 / 2024,,,,no sponsor block
ΨΥΙ94690ΒΡ-8ΣΤ,2024-09-06,ΧΕ:1640-1641-1642/2024,,,,no sponsor block
632Μ4690ΒΡ-3ΛΤ,2024-09-04,ΧΕ:1638-1639/2024 Ν.4850 ΑΡΘΡΟ 88 & 90,,,,no sponsor block
9Η024690ΒΡ-Ζ3Χ,2024-09-04,ΧΕ:1636/2024 ΠΡΟΓΡΑΜΜΑ ΜΑΘΗΤΕΙΑΣ,,,,no sponsor block
9Υ7Α4690ΒΡ-ΜΛ6,2024-09-04,ΧΕ:1633-1634-1635/2024 ΤΑΚΤΙΚΕΣ ΕΦΗΜΕΡΙΕΣ ΓΙΑΤΡΩΝ,,,,no sponsor block
ΨΔΙΚ4690ΒΡ-ΞΙΚ,2024-09-02,ΧΕ:1631/2024 ΜΙΣΘ/ΣΙΑ ΕΠΙΚΟΥΡ.ΠΡΟΣ.Ι.Δ. COVID-19,,,,no sponsor block
6ΖΙΩ4690ΒΡ-78Π,2024-08-28,ΧΕ:1608/2024 ΕΡΓΟΔΟΤΙΚΕΣ ΕΙΣΦΟΡΕΣ ΕΦΚΑ,,,,no sponsor block
ΨΟΛΚ4690ΒΡ-Ι6Ν,2024-08-27,XE:1597-1598-1599/2024 ΠΡΟΣΘΕΤΕΣ ΕΦΗΜΕΡΙΕΣ ΓΙΑΤΡΩΝ,,,,no sponsor block
61ΥΨ4690ΒΡ-8ΧΑ,2024-08-27,XE:1596/2024 ΜΙΣΘ/ΣΙΑ ΕΠΙΚΟΥΡ.ΠΡΟΣ.,,,,no sponsor block
6ΦΥ64690ΒΡ-3Σ1,2024-08-26,ΧΕ:1593-1594/2024 ΜΙΣΘ/ΣΙΑ ΕΠΙΚΟΥΡ.ΓΙΑΤΡΩΝ,,,,no sponsor block
Ψ3ΧΙ4690ΒΡ-ΓΥΗ,2024-08-26,ΧΕ:1592/2024 ΜΙΣΘ/ΣΙΑ ΕΠΙΚΟΥΡ.ΠΡΟΣ.,,,,no sponsor block
6Κ664690ΒΡ-Α9Ο,2024-08-14,Χ.Ε.Α. 1572 - 1576 / 2024,,,,no sponsor block
6ΞΤ04690ΒΡ-3ΣΔ,2024-08-13,Χ.Ε.Α. 1569/2024,,,,no sponsor block
6ΨΘ74690ΒΡ-ΟΙ4,2024-08-13,Χ.Ε.Α. 1563 - 1568 / 2024,,,,no sponsor block
9ΧΛΜ4690ΒΡ-Θ90,2024-08-07,ΧΕ:1558/2024 ΠΡΟΣΩΠΙΚΟ ΠΡΟΓΡ.ΟΑΕΔ,,,,no sponsor block
694Ρ4690ΒΡ-Χ28,2024-08-05,ΧΕ:1557/2024 ΠΡΟΣΘΕΤΕΣ ΑΜΟΙΒΕΣ ΠΡΟΣ.,,,,no sponsor block
6ΘΛΖ4690ΒΡ-Δ1Υ,2024-08-05,ΧΕ:1555-1556/2024 ΤΑΚΤΙΚΕΣ ΕΦΗΜΕΡΙΕΣ ΓΙΑΤΡΩΝ,,,,no sponsor block
9ΗΘ94690ΒΡ-Μ7Ν,2024-08-05,ΧΕ:1552-1553-1554/2024 ΤΑΚΤΙΚΕΣ ΕΦΗΜΕΡΙΕΣ ΓΙΑΤΡΩΝ,,,,no sponsor block
Ρ9564690ΒΡ-Ο2Ρ,2024-08-01,Χ.Ε.Α. 1549/2024,,,,no sponsor block
98ΨΓ4690ΒΡ-ΙΓΙ,2024-08-01,XE:1546-1548/2024 ΥΠΕΡΒΑΛΛΟΥΣΕΣ ΕΦΗΜΕΡΙΕΣ ΓΙΑΤΡΩΝ,,,,no sponsor block
ΨΛΑ34690ΒΡ-27Η,2024-07-31,ΧΕ:1539/2024 ΑΠΟΦΟΙΤΟΙ ΕΠΑΛ ΜΕ ΠΡΟΓΡΑΜΜΑ ΜΑΘΗΤΕΙΑΣ,,,,no sponsor block
6ΚΞ64690ΒΡ-ΗΩ5,2024-07-31,ΧΕ:1533-1538/2024 ΑΠΟΓΕΥΜΑΤΙΝΑ ΙΑΤΡΕΙΑ,,,,no sponsor block
6Σ944690ΒΡ-511,2024-07-31,Χ.Ε.Α. 1528 - 1532 / 2024,,,,no sponsor block
9ΟΔΟ4690ΒΡ-Υ2Η,2024-07-31,XE:1526/2024 ΜΙΣΘ/ΣΙΑ ΕΠΙΚΟΥΡ.ΠΡΟΣ.,,,,no sponsor block
ΨΖΕ04690ΒΡ-ΚΡΗ,2024-07-30,Χ.Ε.Α. 1524/2024,,,,no sponsor block
6ΨΞΛ4690ΒΡ-ΣΨΞ,2024-07-29,ΧΕ:1522/2024 ΠΡΟΣΘΕΤΕΣ ΑΜΟΙΒΕΣ ΠΡΟΣ.,,,,no sponsor block
90Μ94690ΒΡ-7Ρ0,2024-07-29,XE:1518-1519-1520-1521/2024 ΜΙΣΘ/ΣΙΑ ΕΠΙΚΟΥΡΙΚΟΥ ΠΡΟΣ.,,,,no sponsor block
ΨΙΑΦ4690ΒΡ-470,2024-07-22,"Χ.Ε.Α. 1512, 1513 / 2024",,,,no sponsor block
9Β554690ΒΡ-ΨΦΗ,2024-07-15,"Χ.Ε.Α. 1503, 1504/ 2024",,,,no sponsor block
6ΩΝΗ4690ΒΡ-ΤΑ6,2024-07-15,Χ.Ε.Α. 1499 - 1502/ 2024,,,,no sponsor block
66ΑΤ4690ΒΡ-449,2024-07-10,ΧΕ:1493-1494/2024 ΕΡΓΟΔΟΤΙΚΕΣ ΕΙΣΦΟΡΕΣ ΔΙΕΚ-ΕΠΑΛ,,,,no sponsor block
ΡΚΘΒ4690ΒΡ-Κ2Χ,2024-07-09,Χ.Ε.Α. 458/2024,,,,no sponsor block
9ΞΕΨ4690ΒΡ-ΛΝΘ,2024-07-09,ΧΕ:1468/2024 ΠΡΟΣ.ΠΡΟΓΡΑΜΜΑΤΟΣ ΟΑΕΔ,,,,no sponsor block
6ΩΛ74690ΒΡ-ΑΧΟ,2024-07-08,X.E.A. 1452 - 1466 / 2024,,,,no sponsor block
ΨΙΣΩ4690ΒΡ-ΗΕ6,2024-07-08,ΧΕ:1417-1418/2024 ΕΦΗΜΕΡΙΕΣ ΓΙΑΤΡΩΝ,,,,no sponsor block
ΨΙΠΨ4690ΒΡ-432,2024-07-08,ΧΕ:1414-1415-1416/2024 ΤΑΚΤΙΚΕΣ ΕΦΗΜΕΡΙΕΣ ΓΙΑΤΡΩΝ,,,,no sponsor block
Ρ4ΘΠ4690ΒΡ-Γ53,2024-07-04,ΧΕ:1413/2024 ΑΠΟΦΟΙΤΟΙ ΕΠΑΛ ΜΕ ΠΡΟΓΡ. ΜΑΘΗΤΕΙΑΣ,,,,no sponsor block
ΨΘΩΨ4690ΒΡ-ΣΔ3,2024-07-04,Χ.Ε.Α. 1407 - 1412/ 2024,,,,no sponsor block
ΡΟΠΒ4690ΒΡ-Ρ8Π,2024-06-27,ΧΕ:1393-1394/2024 ΜΙΣΘ/ΣΙΑ ΕΠΙΚΟΥΡ. ΠΡΟΣ.Ι.Δ.,,,,no sponsor block
9ΙΝ74690ΒΡ-ΚΓΥ,2024-06-21,ΧΕ:1368-1369/2024 ΠΡΟΣ.ΠΡΟΓΡΑΜΜΑΤΟΣ ΟΑΕΔ ΚΟΙΝΩΦ.ΧΑΡ.,,,,no sponsor block
687Ι4690ΒΡ-ΜΨ6,2024-06-21,ΧΕ:1366-1367/2024 ΠΡΟΣΘΕΤΕΣ ΑΜΟΙΒΕΣ ΠΡΟΣΩΠΙΚΟΥ,,,,no sponsor block
6ΣΚΤ4690ΒΡ-Μ1Η,2024-06-18,ΧΕ:1323-1324/2024 ΜΙΣΘ/ΣΙΑ ΕΠΙΚΟΥΡΙΚΩΝ ΓΙΑΤΡΩΝ,,,,no sponsor block
ΨΦΗ34690ΒΡ-ΖΞΧ,2024-06-17,Χ.Ε.Α. 1310 - 1316/ 2024,,,,no sponsor block
9ΛΝ24690ΒΡ-ΥΑΗ,2024-06-17,"Χ.Ε.Α. 1317, 1318/2024",,,,no sponsor block
Ψ9ΠΖ4690ΒΡ-Ρ5Φ,2024-06-17,ΧΕ:1307-1308-1309/2024 ΥΠΕΡΒΑΛΛΟΥΣΕΣ ΕΦΗΜΕΡΙΕΣ ΓΙΑΤΡΩΝ,,,,no sponsor block
6Σ614690ΒΡ-Σ55,2024-06-17,XE:1306/2024  ΑΠΑΣΧΟΛΟΥΜΕΝΟΙ ΑΠΟΦ.ΕΠΑΛ ΜΕ ΠΡΟΓΡΑΜΜΑ ΜΑΘΗΤΕΙΑΣ,,,,no sponsor block
Ψ8ΚΙ4690ΒΡ-ΒΦΖ,2024-06-17,ΧΕ:1304-1305/2024 ΑΠΟΓΕΥΜΑΤΙΝΑ ΙΑΤΡΕΙΑ,,,,no sponsor block
Ρ1614690ΒΡ-ΙΘΛ,2025-04-07,ΧΕ:760/2025 ΠΡΟΣΘΕΤΕΣ ΕΦΗΜΕΡΙΕΣ ΓΙΑΤΡΩΝ,,,,no sponsor block
6Θ814690ΒΡ-Ζ1Κ,2025-04-07,ΧΕ:759/2025 ΥΠΕΡΒΑΛΛΟΥΣΕΣ ΕΦΗΜΕΡΙΕΣ ΓΙΑΤΡΩΝ,,,,no sponsor block
ΨΗΟΒ4690ΒΡ-Ψ9Χ,2025-04-07,ΧΕ:755/2025 ΗΜΕΡ.ΑΠΟΖ/ΣΗ ΣΕ ΕΙΔΙΚΕΥΟΜ.ΓΙΑΤΡΟΥΣ,,,,no sponsor block
ΨΦΖ24690ΒΡ-Ζ0Α,2025-04-07,ΧΕ:756/2025 ΗΜΕΡ.ΑΠΟΖ/ΣΗ ΣΕ ΕΙΔΙΚΕΥΟΜ.ΓΙΑΤΡΟΥΣ,,,,no sponsor block
ΨΨΠΚ4690ΒΡ-Σ15,2025-04-07,ΧΕ:755/2025 ΗΜΕΡ.ΑΠΟΖ/ΣΗ ΣΕ ΕΙΔΙΚΕΥΟΜ.ΓΙΑΤΡΟΥΣ,,,,no sponsor block
ΨΙΙ64690ΒΡ-Ρ8Ο,2025-04-07,ΧΕ:754/2025 ΗΜΕΡ.ΑΠΟΖ/ΣΗ ΣΕ ΕΙΔΙΚΕΥΟΜ.ΓΙΑΤΡΟΥΣ,,,,no sponsor block
94Δ04690ΒΡ-ΦΙΩ,2025-04-07,ΧΕ:758/2025 ΕΙΔΙΚΗ ΑΠΟΖ/ΣΗ ΜΕΤΑΚΙΝΟΥΜΕΝΩΝ ΓΙΑΤΡΩΝ,,,,no sponsor block
Ψ8ΛΡ4690ΒΡ-ΖΔΣ,2025-04-02,ΧΕ:739/2025 ΠΡΟΣΘΕΤΕΣ ΑΜΟΙΒΕΣ ΠΡΟΣ.,,,,no sponsor block
Ψ6124690ΒΡ-ΘΕΒ,2025-03-31,ΧΕ:732/2025 ΗΜΕΡ.ΑΠΟΖ/ΣΗ ΕΙΔΙΚΕΥΟΜΕΝ.ΓΙΑΤΡΟΥ,,,,no sponsor block
6ΜΨ84690ΒΡ-1ΒΚ,2025-03-31,ΧΕ:731/2025 ΗΜΕΡ.ΑΠΟΖ/ΣΗ ΕΙΔΙΚΕΥΟΜΕΝ.ΓΙΑΤΡΟΥ,,,,no sponsor block
9Χ6Ψ4690ΒΡ-4ΤΚ,2025-03-31,ΧΕ:729/2025 ΠΡΟΜΗΘΕΙΑ ΤΡΑΠΕΖΑΣ,,,,no sponsor block
9ΜΨΙ4690ΒΡ-07Ι,2025-03-31,ΧΕ:726/2025 ΑΠΑΣΧΟΛΟΥΜΕΝΟΙ ΑΠΟΦΟΙΤΟΙ ΕΠΑΛ ΜΕ ΠΡΟΓΡΑΜΜΑ ΜΑΘΗΤΕΙΑΣ,,,,no sponsor block
6Δ6Γ4690ΒΡ-ΟΤΟ,2025-03-31,ΧΕ:725/2025 ΤΑΚΤΙΚΕΣ ΕΦΗΜΕΡΙΕΣ ΕΠΙΚΟΥΡ. ΓΙΑΤΡΩΝ,,,,no sponsor block
ΨΙΚ54690ΒΡ-7Ρ3,2025-03-31,ΧΕ:724/2025 ΤΑΚΤΙΚΕΣ ΕΦΗΜΕΡΙΕΣ ΓΙΑΤΡΩΝ,,,,no sponsor block
ΨΒΚΙ4690ΒΡ-ΓΓΕ,2025-03-27,ΧΕ:707/2025 ΑΠΟΓΕΥΜΑΤΙΝΑ ΙΑΤΡΕΙΑ,,,,no sponsor block
ΨΣΕΖ4690ΒΡ-57Ξ,2025-03-27,ΧΕ:706/2025 ΑΠΟΓΕΥΜΑΤΙΝΑ ΙΑΤΡΕΙΑ,,,,no sponsor block
9ΡΗ84690ΒΡ-ΘΘΜ,2025-03-24,Χ.Ε.699 ΚΑΤΑΒΟΛΗ ΟΔΟΙΠΟΡΙΚΩΝ ΙΑΤΡΟΥ ΕΣΥ ΓΙΑ ΕΚΠΑΙΔΕΥΣΗ,,,,no sponsor block
Ρ3ΣΟ4690ΒΡ-ΩΜ5,2025-03-24,Χ.Ε. 700 ΜΕΤΑΚΙΝΗΣΗ ΥΠΑΛΛΗΛΟΥ,,,,no sponsor block
Ρ9ΡΚ4690ΒΡ-Ξ4Β,2025-03-24,Χ.Ε. 702 ΜΕΤΑΚΙΝΗΣΗ ΥΠΑΛΛΗΛΟΥ,,,,no sponsor block
9Ξ1Σ4690ΒΡ-5ΣΠ,2025-03-24,Χ.Ε. 701 ΜΕΤΑΚΙΝΗΣΗ ΥΠΑΛΛΗΛΟΥ,,,,no sponsor block
97ΧΖ4690ΒΡ-Κ15,2025-03-27,XE:705/2025 ΜΙΣΘ/ΣΙΑ ΕΠΙΚΟΥΡ.ΠΡΟΣ.,,,,no sponsor block
9ΟΗ14690ΒΡ-7Τ8,2025-03-26,ΧΕ:703/2025 ΠΡΟΣΘΕΤΕΣ ΑΜΟΙΒΕΣ ΠΡΟΣΩΠΙΚΟΥ,,,,no sponsor block
ΨΚ6Λ4690ΒΡ-ΡΘΙ,2025-03-12,ΧΕ:598/25 ΑΠΟΓΕΥΜΑΤΙΝΑ ΙΑΤΡΕΙΑ,,,,no sponsor block
9ΩΧΧ4690ΒΡ-ΠΧΡ,2025-03-24,Χ.Ε.681 ΚΑΤΑΒΟΛΗ ΑΠΟΖΗΜΙΩΣΗΣ ΑΝΤΙΠΡΟΕΔΡΟΥ Δ.Σ.,,,,no sponsor block
6ΣΛΔ4690ΒΡ-22Χ,2025-03-24,ΧΕ:698/2025 ΜΙΣΘ/ΣΙΑ ΕΠΙΚΟΥΡΙΚΟΥ ΠΡΟΣ.,,,,no sponsor block
96ΕΜ4690ΒΡ-ΟΝΝ,2025-03-24,ΧΕ:697/2025 ΜΙΣΘ/ΣΙΑ ΕΠΙΚΟΥΡΙΚΟΥ ΠΡΟΣ.,,,,no sponsor block
ΨΧΥ04690ΒΡ-4Σ3,2025-03-24,ΧΕ:696/2025 ΜΙΣΘ/ΣΙΑ ΕΠΙΚΟΥΡΙΚΩΝ ΓΙΑΤΡΩΝ,,,,no sponsor block
ΨΕ8Ω4690ΒΡ-14Ο,2025-03-20,X.E. 681/2025 ΑΠΟΖΗΜΙΩΣΗ ΑΝΤΙΠΡΟΕΔΡΟΥ Δ.Σ. ΤΟΥ ΝΟΣΟΚΟΜΕΙΟΥ,,,,no sponsor block
6ΑΛΚ4690ΒΡ-ΤΦΠ,2025-03-20,ΑΠΟΖΗΜΙΩΣΗ ΑΝΤΙΠΡΟΕΔΡΟΥ Δ.Σ. ΑΠΟ 06/02/2025 ΕΩΣ 26/02/2025,,,,no sponsor block
60Τ84690ΒΡ-7Ρ2,2025-03-19,ΧΕ:658/2025 ΧΡΗΜΑΤΙΚΟ ΕΝΤΑΛΜΑ ΠΡΟΠΛΗΡΩΜΗΣ,,,,no sponsor block
97ΚΒ4690ΒΡ-Υ9Α,2025-03-19,ΧΕ:657/2025 ΧΡΗΜΑΤΙΚΟ ΕΝΤΑΛΜΑ ΠΡΟΠΛΗΡΩΜΗΣ,,,,no sponsor block
6ΥΒΔ4690ΒΡ-ΞΜ2,2025-03-17,ΧΕ:611/2025 ΠΡΟΣΘΕΤΕΣ ΑΜΟΙΒΕΣ ΕΠΙΣΤΗΜΟΝΙΚΟΥ ΠΡΟΣ.,,,,no sponsor block
Ψ10Ρ4690ΒΡ-ΦΕ3,2025-03-17,ΧΕ:610/2025 ΠΡΟΣΘΕΤΕΣ ΑΜΟΙΒΕΣ ΕΠΙΣΤΗΜΟΝΙΚΟΥ ΠΡΟΣ.,,,,no sponsor block
9ΞΧΙ4690ΒΡ-ΨΓΡ,2025-03-14,ΧΕ:599/2025 ΕΡΓΟΔΟΤΙΚΕΣ ΕΙΣΦΟΡΕΣ ΔΙΕΚ,,,,no sponsor block
94ΕΣ4690ΒΡ-Ζ4Γ,2025-03-14,ΧΕ:600/2025 ΠΡΟΣΩΠΙΚΟ ΠΡΟΓΡΑΜΜΑΤΟΣ ΟΑΕΔ,,,,no sponsor block
6Φ5Λ4690ΒΡ-ΟΒΥ,2025-03-14,ΧΕ:601/2025 ΕΡΓΟΔΟΤΙΚΕΣ ΕΙΣΦΟΡΕΣ,,,,no sponsor block
ΨΞΧ84690ΒΡ-550,2025-03-14,ΧΕ:602/2025 ΥΠΕΡΒΑΛΛΟΥΣΕΣ ΕΦΗΜΕΡΙΕΣ ΓΙΑΤΡΩΝ,,,,no sponsor block
6ΑΚΙ4690ΒΡ-ΤΚΣ,2025-03-14,XE:603/2025 ΠΡΟΣΘΕΤΕΣ ΕΦΗΜΕΡΙΕΣ ΓΙΑΤΡΩΝ,,,,no sponsor block
ΡΓ584690ΒΡ-ΔΜΩ,2025-03-12,ΧΕ:603/2025 ΥΠΕΡΒΑΛΛΟΥΣΕΣ ΕΦΗΜΕΡΙΕΣ ΕΠΙΚΟΥΡ.ΓΙΑΤΡΩΝ,,,,no sponsor block
ΨΘ4Ι4690ΒΡ-3ΟΩ,2025-03-12,ΧΕ:602/2025 ΥΠΕΡΒΑΛΛΟΥΣΕΣ ΕΦΗΜΕΡΙΕΣ ΓΙΑΤΡΩΝ,,,,no sponsor block
9ΨΕΟ4690ΒΡ-ΓΙΗ,2025-03-12,ΧΕ:601/2025 ΕΡΓΟΔΟΤΙΚΕΣ ΕΙΣΦΟΡΕΣ ΕΠΑΛ,,,,no sponsor block
91Β64690ΒΡ-ΒΟΑ,2025-03-12,ΧΕ:600/2025 ΠΡΟΣΩΠΙΚΟ ΠΡΟΓΡΑΜΑΜΤΟΣ ΟΑΕΔ,,,,no sponsor block
Ψ88Κ4690ΒΡ-ΟΔ9,2025-03-12,ΧΕ:599/2025 ΕΡΓΟΔΟΤΙΚΕΣ ΕΙΣΦΟΡΕΣ ΔΙΕΚ,,,,no sponsor block
ΨΧΙΨ4690ΒΡ-ΥΗΝ,2025-03-12,ΧΕ:597/25 ΑΠΟΓΕΥΜΑΤΙΝΑ ΙΑΤΡΕΙΑ,,,,no sponsor block
9ΒΠ34690ΒΡ-ΙΨΣ,2025-03-12,ΧΕ:596/25 ΑΠΟΓΕΥΜΑΤΙΝΑ ΙΑΤΡΕΙΑ,,,,no sponsor block
ΨΡΡ74690ΒΡ-ΤΞΕ,2025-03-12,ΧΕ:595/25 ΑΠΟΓΕΥΜΑΤΙΝΑ ΙΑΤΡΕΙΑ,,,,no sponsor block
ΨΔΞ14690ΒΡ-ΚΔΨ,2025-03-12,ΧΕ:594/25 ΑΠΟΓΕΥΜΑΤΙΝΑ ΙΑΤΡΕΙΑ,,,,no sponsor block
6Σ5Α4690ΒΡ-ΓΓΛ,2025-03-12,ΧΕ:593/25 ΑΠΟΓΕΥΜΑΤΙΝΑ ΙΑΤΡΕΙΑ,,,,no sponsor block
ΨΚΧ64690ΒΡ-4Ψ2,2025-03-07,ΚΑΤΑΒΟΛΗ ΑΠΟΖΗΜΙΩΣΗΣ ΑΝΤΙΠΡΟΕΔΡΟΥ Δ.Σ.,,,,no sponsor block
ΨΖΔΛ4690ΒΡ-144,2025-02-28,ΑΠΟΖΗΜΙΩΣΗ ΜΕΛΟΥΣ Δ.Σ. ΤΟΥ Γ.Ν. ΔΡΑΜΑΣ,,,,no sponsor block
6ΗΠ14690ΒΡ-ΗΡΑ,2025-02-28,ΑΠΟΖΗΜΙΩΣΗ ΜΕΛΟΥΣ Δ.Σ. ΤΟΥ Γ.Ν.ΔΡΑΜΑΣ,,,,no sponsor block
9ΡΒΖ4690ΒΡ-ΨΕ3,2025-02-28,ΧΕ:527/2025 ΤΑΚΤΙΚΕΣ ΕΦΗΜΕΡΙΕΣ ΓΙΑΤΡΩΝ,,,,no sponsor block
9ΦΟΥ4690ΒΡ-ΞΝΥ,2025-02-28,ΧΕ:526/2025 ΤΑΚΤΙΚΕΣ ΕΦΗΜΕΡΙΕΣ ΓΙΑΤΡΩΝ,,,,no sponsor block
6ΜΕΤ4690ΒΡ-ΨΦΒ,2025-02-27,ΠΛΗΡΩΜΗ ΟΔΟΙΠΟΡΙΚΩΝ,,,,no sponsor block
9ΦΞ44690ΒΡ-ΡΞΦ,2025-02-27,ΠΛΗΡΩΜΗ ΟΔΟΙΠΟΡΙΚΩΝ,,,,no sponsor block
9ΥΞ54690ΒΡ-94Ε,2025-02-26,ΠΛΗΡΩΜΗ ΟΔΟΙΠΟΡΙΚΩΝ,,,,no sponsor block
ΨΩΩ94690ΒΡ-ΞΙΕ,2025-02-25,ΧΕ:429/2025 ΠΛΗΡΩΜΗ ΜΙΣΘ/ΣΙΑΣ,,,,no sponsor block
ΨΙΘΔ4690ΒΡ-ΞΥΛ,2025-02-25,XE:412/2025 ΠΛΗΡΩΜΗ ΜΙΣΘ/ΣΙΑΣ,,,,no sponsor block
ΨΣ7Μ4690ΒΡ-ΜΔΜ,2025-02-25,XE:413/2025 ΠΛΗΡΩΜΗ ΜΙΣΘ/ΣΙΑΣ,,,,no sponsor block
ΨΖΞΨ4690ΒΡ-0ΓΜ,2025-02-25,XE:414/2025 ΠΛΗΡΩΜΗ ΜΙΣΘ/ΣΙΑΣ,,,,no sponsor block
ΡΠΡ64690ΒΡ-3ΚΕ,2025-02-17,ΧΕ:396/2025 ΑΠΑΣΧΟΛΟΥΜΕΝΟΙ ΑΠΟΦΟΙΤΟΙ ΕΠΑΛ ΜΕ ΠΡΟΓΡΑΜΜΑ ΜΑΘΗΤΕΙΑΣ,,,,no sponsor block
ΨΩΔΚ4690ΒΡ-Β40,2025-02-17,ΧΕ:387/2025 ΕΡΓΟΔΟΤΙΚΕΣ ΕΙΣΦΟΡΕΣ ΕΠΑΛ,,,,no sponsor block
6Γ0Τ4690ΒΡ-ΕΓΑ,2025-02-17,XE:386/2025 ΕΡΓΟΔΟΤΙΚΕΣ ΕΙΣΦΟΡΕΣ ΔΙΕΚ,,,,no sponsor block
ΨΕΖΥ4690ΒΡ-1Η1,2025-02-10,XE:286/2025 ΕΙΔΙΚΗ ΑΠΟΖ/ΣΗ ΜΕΤΑΚΙΝΟΥΜΕΝΩΝ ΓΙΑΤΡΩΝ,,,,no sponsor block
90ΦΛ4690ΒΡ-5Ξ5,2025-02-04,ΠΛΗΡΩΜΗ ΟΔΟΙΠΟΡΙΚΩΝ,,,,no sponsor block
9Φ5Β4690ΒΡ-Σ1Β,2025-02-04,ΧΕ:253/2025 ΑΠΑΣΧΟΛΟΥΜΕΝΟΙ ΑΠΟΦΟΙΤΟΙ ΕΠΑΛ ΜΕ ΠΡΟΓΡΑΜΜΑ ΜΑΘΗΤΕΙΑΣ,,,,no sponsor block
ΨΥΤ24690ΒΡ-ΙΝΓ,2025-02-03,ΧΕ:206/2025 ΕΦΑΡΜΟΓΗ Ν.4850,,,,no sponsor block
6ΣΝΡ4690ΒΡ-ΥΣ0,2025-02-03,ΧΕ:205/2025 ΕΦΑΡΜΟΓΗ ΤΟΥ Ν.4850,,,,no sponsor block
Ψ31Α4690ΒΡ-Μ3Η,2025-02-03,ΧΕ:199/2025 ΤΑΚΤΙΚΕΣ ΕΦΗΜΕΡΙΕΣ ΕΠΙΚΟΥΡ.ΓΙΑΤΡΩΝ,,,,no sponsor block
Ψ0Θ74690ΒΡ-Δ41,2025-02-03,ΧΕ:198/2025 ΤΑΚΤΙΚΕΣ ΕΦΗΜΕΡΙΕΣ ΓΙΑΤΡΩΝ,,,,no sponsor block
9ΙΠΩ4690ΒΡ-ΧΗΞ,2025-02-03,ΧΕ:196/2025 ΠΡΟΣΘΕΤΕΣ ΑΜΟΙΒΕΣ ΠΡΟΣ.,,,,no sponsor block
68ΤΞ4690ΒΡ-Ν3Β,2025-02-03,ΧΕ:195/2025 ΠΡΟΣΘΕΤΕΣ ΑΜΟΙΒΕΣ ΕΠΙΣΤΗΜΟΝ.ΠΡΟΣ.,,,,no sponsor block
93Φ74690ΒΡ-7ΟΙ,2025-02-03,ΧΕ:166/2025 ΜΙΣΘ/ΣΙΑ ΕΠΙΚΟΥΡΙΚΩΝ ΓΙΑΤΡΩΝ,,,,no sponsor block
6ΘΥΝ4690ΒΡ-ΟΟΚ,2025-02-03,ΧΕ:107/2025 ΜΙΣΘ/ΣΙΑ ΕΠΙΚΟΥΡΙΚΟΥ ΠΡΟΣ.,,,,no sponsor block
ΡΩ824690ΒΡ-ΩΙ3,2025-01-31,ΠΛΗΡΩΜΗ ΟΔΟΙΠΟΡΙΚΩΝ,,,,no sponsor block
ΨΕ6Γ4690ΒΡ-3ΥΦ,2025-01-31,ΠΛΗΡΩΜΗ ΟΔΟΙΠΟΡΙΚΩΝ,,,,no sponsor block
ΨΠΥΚ4690ΒΡ-ΚΣΚ,2025-01-31,ΠΛΗΡΩΜΗ ΟΔΟΙΠΟΡΙΚΩΝ,,,,no sponsor block
9ΑΗΛ4690ΒΡ-Ω5Χ,2025-01-31,ΠΛΗΡΩΜΗ ΟΔΟΙΠΟΡΙΚΩΝ,,,,no sponsor block
9Ν284690ΒΡ-ΡΛΑ,2025-01-31,ΠΛΗΡΩΜΗ ΟΔΟΙΠΟΡΙΚΩΝ,,,,no sponsor block
ΕΕΩΠ4690ΒΡ-ΧΗΑ,2025-01-31,ΠΛΗΡΩΜΗ ΟΔΟΙΠΟΡΙΚΩΝ,,,,no sponsor block
9ΞΠΝ4690ΒΡ-ΗΕ1,2025-01-31,ΠΛΗΡΩΜΗ ΟΔΟΙΠΟΡΙΚΩΝ,,,,no sponsor block
ΡΒΦΝ4690ΒΡ-ΨΨ9,2025-01-31,ΠΛΗΡΩΜΗ ΟΔΟΙΠΟΡΙΚΩΝ,,,,no sponsor block
ΡΣΟΟ4690ΒΡ-9ΒΧ,2025-01-31,ΠΛΗΡΩΜΗ ΟΔΟΙΠΟΡΙΚΩΝ,,,,no sponsor block
ΡΡΤΖ4690ΒΡ-ΜΓΗ,2025-01-31,ΠΛΗΡΩΜΗ ΟΔΟΙΠΟΡΙΚΩΝ,,,,no sponsor block
ΡΨΤ84690ΒΡ-ΜΥΠ,2025-01-31,ΠΛΗΡΩΜΗ ΟΔΟΙΠΟΡΙΚΩΝ,,,,no sponsor block
65ΨΦ4690ΒΡ-ΨΑΧ,2025-01-31,ΠΛΗΡΩΜΗ ΟΔΟΙΠΟΡΙΚΩΝ,,,,no sponsor block
ΨΚΕΛ4690ΒΡ-ΛΓΞ,2025-01-31,ΠΛΗΡΩΜΗ ΟΔΟΙΠΟΡΙΚΩΝ,,,,no sponsor block
Ψ6Ι84690ΒΡ-ΣΒΕ,2025-01-31,ΠΛΗΡΩΜΗ ΟΔΟΙΠΟΡΙΚΩΝ,,,,no sponsor block
Ψ8Ψ94690ΒΡ-Ι1Π,2025-01-31,ΠΛΗΡΩΜΗ ΠΡΟΜΗΘΕΥΤΩΝ,,,,no sponsor block
ΕΒ1Ε4690ΒΡ-ΞΣΝ,2025-01-31,ΠΛΗΡΩΜΗ ΟΔΟΙΠΟΡΙΚΩΝ,,,,no sponsor block
ΡΦ9Ζ4690ΒΡ-ΕΨ0,2025-01-31,ΠΛΗΡΩΜΗ ΟΔΟΙΠΟΡΙΚΩΝ,,,,no sponsor block
6ΝΑΤ4690ΒΡ-Ρ32,2025-01-31,ΠΛΗΡΩΜΗ ΟΔΟΙΠΟΡΙΚΩΝ,,,,no sponsor block
ΕΩΜΗ4690ΒΡ-0ΩΗ,2025-01-31,ΠΛΗΡΩΜΗ ΟΔΟΙΠΟΡΙΚΩΝ,,,,no sponsor block
9ΩΨΦ4690ΒΡ-ΨΚΒ,2025-01-31,ΠΛΗΡΩΜΗ ΟΔΟΙΠΟΡΙΚΩΝ,,,,no sponsor block
9ΧΩΟ4690ΒΡ-ΥΞ7,2025-01-31,ΠΛΗΡΩΜΗ ΟΔΟΙΠΟΡΙΚΩΝ,,,,no sponsor block
9Υ274690ΒΡ-Κ02,2025-01-31,ΠΛΗΡΩΜΗ ΟΔΟΙΠΟΡΙΚΩΝ,,,,no sponsor block
9ΒΦ84690ΒΡ-06Β,2025-01-31,ΠΛΗΡΩΜΗ ΟΔΟΙΠΟΡΙΚΩΝ,,,,no sponsor block
ΡΛΥ64690ΒΡ-3Κ6,2025-01-31,ΠΛΗΡΩΜΗ ΟΔΟΙΠΟΡΙΙΚΩΝ,,,,no sponsor block
ΨΠ564690ΒΡ-ΟΙΗ,2025-01-31,ΠΛΗΡΩΜΗ ΟΔΟΙΠΟΡΙΚΩΝ,,,,no sponsor block
Ψ3Ι04690ΒΡ-Ν71,2025-01-31,ΠΛΗΡΩΜΗ ΟΔΟΙΠΟΡΙΚΩΝ,,,,no sponsor block
9Ε504690ΒΡ-ΣΙΑ,2025-01-31,ΠΛΗΡΩΜΗ ΟΔΟΙΠΟΡΙΚΩΝ,,,,no sponsor block
68ΑΖ4690ΒΡ-9ΚΘ,2025-01-31,ΠΛΗΡΩΜΗ ΟΔΟΙΠΟΡΙΚΩΝ,,,,no sponsor block
ΨΨΣ04690ΒΡ-6ΤΜ,2025-01-31,ΑΠΟΖΗΜΙΩΣΗ ΑΝΤΙΠΡΟΕΔΡΟΥ ΤΟΥ Δ.Σ. (ΟΦΕΙΛΟΥΜΕΝΗ ΔΙΑΦΟΡΑ) ΓΙΑ ΣΥΜΜΕΤΟΧΗ ΤΟΥ ΣΕ ΣΥΝΕΔΡΙΑΣΕΙΣ ΠΟΥ ΑΦΟΡΟΥΝ ΤΑ ΕΤΗ 2023 ΚΑΙ 2024,,,,no sponsor block
ΨΔ1Ξ4690ΒΡ-ΚΛΦ,2025-01-28,ΧΕ:37/2025  ΠΡΟΣΩΠΙΚΟ ΠΡΟΓΡ.ΟΑΕΔ,,,,no sponsor block
9ΒΑΕ4690ΒΡ-Η0Π,2025-01-28,XE:36/2025 ΠΡΟΣΩΠΙΚΟ ΠΡΟΓΡ.ΟΑΕΔ,,,,no sponsor block
ΡΕ6Φ4690ΒΡ-Ν3Ψ,2025-01-24,Χ.Ε.Α. 30/2025 ΟΔΟΙΠΟΡΙΚΑ,,,,no sponsor block
6Μ4Δ4690ΒΡ-Ι6Ξ,2025-01-24,Χ.Ε.Α. 29/2025 ΟΔΟΙΠΟΡΙΚΑ,,,,no sponsor block
ΡΒΤΞ4690ΒΡ-Ρ7Ξ,2025-01-24,Χ.Ε.Α. 28/2025 ΟΔΟΙΠΟΡΙΚΑ,,,,no sponsor block
ΡΖΕΙ4690ΒΡ-Ι8Ε,2025-01-24,Χ.Ε.Α. 27/2025 ΟΔΟΙΠΟΡΙΚΑ,,,,no sponsor block
ΡΓ8Ο4690ΒΡ-ΒΥΡ,2025-01-24,Χ.Ε.Α. 26/2025 ΟΔΟΙΠΟΡΙΚΑ,,,,no sponsor block
65ΚΦ4690ΒΡ-ΓΒΜ,2025-01-24,Χ.Ε.Α. 25/2025 ΟΔΟΙΠΟΡΙΚΑ,,,,no sponsor block
6Ι4Δ4690ΒΡ-7Θ7,2025-01-23,ΧΕ:31/2025 ΥΠΕΡΒΑΛΛΟΥΣΕΣ ΕΦΗΜΕΡΙΕΣ ΙΑΤΡΩΝ,,,,no sponsor block
Ρ9464690ΒΡ-ΟΞΚ,2025-01-23,ΧΕ:32/2025 ΠΡΟΣΘΕΤΕΣ ΕΦΗΜΕΡΙΕΣ ΕΠΙΚΟΥΡΙΚΩΝ ΙΑΤΡΩΝ,,,,no sponsor block
ΡΚΝΔ4690ΒΡ-9ΥΑ,2025-01-23,ΧΕ:33/2025 ΠΡΟΣΘΕΤΕΣ ΕΦΗΜΕΡΙΕΣ ΕΠΙΚΟΥΡΙΚΟΥ ΠΡΟΣΩΠΙΚΟΥ,,,,no sponsor block
ΡΠΖΛ4690ΒΡ-23Ι,2025-01-23,ΧΕ:34/2025 ΜΙΣΘΟΔΟΣΙΑ ΕΠΙΚΟΥΡΙΚΟΥ ΠΡΟΣΩΠΙΚΟΥ,,,,no sponsor block
ΨΛΒΘ4690ΒΡ-Ζ5Α,2025-01-23,ΧΕ:35/2025 ΜΙΣΘΟΔΟΣΙΑ ΕΠΙΚΟΥΡΙΚΟΥ ΠΡΟΣΩΠΙΚΟΥ,,,,no sponsor block
ΡΩΟΖ4690ΒΡ-033,2025-01-21,Χ.Ε.Α. 24/2025 ΟΔΟΙΠΟΡΙΚΑ,,,,no sponsor block
ΨΗΖΘ4690ΒΡ-ΔΣΦ,2025-01-21,Χ.Ε.Α. 23/2025 ΟΔΟΙΠΟΡΙΚΑ,,,,no sponsor block
Ψ58Ω4690ΒΡ-1ΒΥ,2025-01-21,Χ.Ε.Α. 22/2025 ΟΔΟΙΠΟΡΙΚΑ,,,,no sponsor block
9ΕΚ84690ΒΡ-ΥΕΛ,2025-01-21,X.E.A. 21/2025 ΟΔΟΙΠΟΡΙΚΑ,,,,no sponsor block
9ΟΗΣ4690ΒΡ-2ΕΖ,2025-01-21,X.E.A. 20/2025 ΟΔΟΙΠΟΡΙΚΑ,,,,no sponsor block
ΡΡ944690ΒΡ-9Φ6,2025-01-21,X.E.A. 19/2025 ΟΔΟΙΠΟΡΙΚΑ,,,,no sponsor block
9Υ6Ν4690ΒΡ-ΒΞΖ,2025-01-21,X.E.A. 18/2025,,,,no sponsor block
96ΝΖ4690ΒΡ-ΛΟ2,2025-01-21,Χ.Ε.Α. 17/2025 ΟΔΟΙΠΟΡΙΚΑ,,,,no sponsor block
ΨΝΚ34690ΒΡ-ΜΟΑ,2025-01-21,Χ.Ε.Α. 16/2025 ΟΔΟΙΠΟΡΙΚΑ,,,,no sponsor block
9ΓΝΩ4690ΒΡ-ΛΥΔ,2025-01-21,"Χ.Ε.Α. 15/2025, ΠΛΗΡΩΜΗ ΟΔΟΙΠΟΡΙΚΩΝ",,,,no sponsor block
6ΖΑΑ4690ΒΡ-ΔΕ6,2025-01-03,ΧΕ:7/2025 ΥΠΕΡΒΑΛΛΟΥΣΕΣ ΕΦΗΜΕΡΙΕΣ ΓΙΑΤΡΩΝ,,,,no sponsor block
Ψ7ΦΥ4690ΒΡ-ΛΓΡ,2025-01-03,ΧΕ:6/2025 ΥΠΕΡΒΑΛΛΟΥΣΕΣ ΕΦΗΜΕΡΙΕΣ ΓΙΑΤΡΩΝ,,,,no sponsor block
ΨΦ4Τ4690ΒΡ-ΞΩΥ,2025-01-03,ΧΕ:5/2025 ΥΠΕΡΒΑΛΛΟΥΣΕΣ ΕΦΗΜΕΡΙΕΣ ΓΙΑΤΡΩΝ,,,,no sponsor block
ΡΓΛΒ4690ΒΡ-ΛΑ7,2025-01-03,ΧΕ:4/2025 ΜΙΣΘ/ΣΙΑ ΕΠΙΚΟΥΡ.ΠΡΟΣ.,,,,no sponsor block
9ΚΨ34690ΒΡ-ΤΚΖ,2025-01-03,ΧΕ:2/2025 ΜΙΣΘ/ΣΙΑ ΕΠΙΚΟΥΡ.ΠΡΟΣ.,,,,no sponsor block
9Ν514690ΒΡ-ΣΣΘ,2025-01-03,ΧΕ:2/2025 ΜΙΣΘ/ΣΙΑ ΕΠΙΚΟΥΡ.ΠΡΟΣ.,,,,no sponsor block
9ΞΨΡ4690ΒΡ-ΕΓΒ,2025-01-03,ΧΕ:1/2025 ΜΙΣΘ/ΣΙΑ ΕΠΙΚΟΥΡ.ΠΡΟΣ.,,,,no sponsor block
63ΑΒ4690ΒΡ-0ΜΛ,2024-12-17,ΧΕ:2152/2024 ΕΡΓΟΔΟΤΙΚΕΣ ΕΙΣΦΟΡΕΣ ΔΙΕΚ,,,,no sponsor block
ΡΗ0Λ4690ΒΡ-1Χ9,2024-12-16,ΧΕ:2143-2144/2024 ΕΦΗΜΕΡΙΕΣ BONUS ΓΙΑΤΡΩΝ,,,,no sponsor block
6ΔΕΧ4690ΒΡ-ΥΔ8,2024-12-16,ΧΕ:2141-2142/2024 ΤΑΚΤΙΚΕΣ ΕΦΗΜΕΡΙΕΣ ΓΙΑΤΡΩΝ,,,,no sponsor block
6ΛΤ94690ΒΡ-ΗΗΩ,2024-12-16,ΧΕ:2140/2024 ΕΡΓΟΔΟΤΙΚΕΣ ΕΙΣΦΟΡΕΣ ΕΠΑΛ,,,,no sponsor block
903Γ4690ΒΡ-Σ1Δ,2024-12-16,ΧΕ:2137/2024 ΠΡΟΣΘΕΤΕΣ ΑΜΟΙΒΕΣ ΠΡΟΣΩΠΙΚΟΥ,,,,no sponsor block
ΨΛΧΨ4690ΒΡ-ΠΟ6,2024-12-16,Χ.Ε.Α. 2138/2024,,,,no sponsor block
9ΥΖ84690ΒΡ-0ΜΞ,2024-12-13,ΧΕ:2133/2024 ΠΡΟΣΘΕΤΕΣ ΑΜΟΙΒΕΣ ΕΠΙΣΤΗΜΟΝΙΚΟΥ ΠΡΟΣ.,,,,no sponsor block
ΨΠ354690ΒΡ-ΡΣΑ,2024-12-12,ΧΕ:2127-2129/2024 ΥΠΕΡΒΑΛΛΟΥΣΕΣ ΕΦΗΜΕΡΙΕΣ ΓΙΑΤΡΩΝ,,,,no sponsor block
62054690ΒΡ-2ΞΩ,2024-12-12,ΧΕ:2124-2126 ΥΠΕΡΒΑΛΛΟΥΣΕΣ ΕΦΗΜΕΡΙΕΣ ΓΙΑΤΡΩΝ,,,,no sponsor block
ΨΞ2Δ4690ΒΡ-52Λ,2024-12-12,ΧΕ:2121-2123/2024 ΥΠΕΡΒΑΛΛΟΥΣΕΣ ΕΦΗΜΕΡΙΕΣ ΓΙΑΤΡΩΝ,,,,no sponsor block
Ψ1Α54690ΒΡ-ΔΝΒ,2024-12-12,ΧΕ:2097/2024 ΤΑΚΤΙΚΕΣ ΕΦΗΜΕΡΙΕΣ ΓΙΑΤΡΩΝ,,,,no sponsor block
6Υ7Σ4690ΒΡ-ΠΧ6,2024-12-10,Χ.Ε.Α. 2099 - 2116 / 2024,,,,no sponsor block
6ΚΥΗ4690ΒΡ-6Κ4,2024-12-06,Χ.Ε.Α. 2098/ 2024,,,,no sponsor block
6ΓΣΝ4690ΒΡ-7ΛΥ,2024-12-05,Χ.Ε.Α. 2094 - 2096 / 2024,,,,no sponsor block
6ΞΡΩ4690ΒΡ-ΝΡ6,2024-11-22,Χ.Ε.Α. 2031/2024,,,,no sponsor block
9ΑΝΓ4690ΒΡ-ΙΦΗ,2024-12-03,ΧΕ:2087/2024 ΕΦΗΜΕΡΙΕΣ ΓΙΑΤΡΩΝ BONUS,,,,no sponsor block
6ΞΙΘ4690ΒΡ-ΗΥΕ,2024-12-03,ΧΕ:2084-2086/2024 ΤΑΚΤΙΚΕΣ ΕΦΗΜΕΡΙΕΣ ΓΙΑΤΡΩΝ,,,,no sponsor block
6Ζ634690ΒΡ-ΞΚΖ,2024-12-02,ΧΕ:2042-2043/2024 ΑΠΟΓΕΥΜΑΤΙΝΑ ΧΕΙΡΟΥΡΓΕΙΑ,,,,no sponsor block
Ψ9Α14690ΒΡ-ΓΩΡ,2024-12-02,XE:2041/2024 ΜΙΣΘ/ΣΙΑ ΕΠΙΚΟΥΡ.ΠΡΟΣ.,,,,no sponsor block
ΨΥΦΞ4690ΒΡ-Φ9Σ,2024-11-28,ΧΕ:2038/2024 ΠΡΟΣΘΕΤΕΣ ΑΜΟΙΒΕΣ ΕΠΙΣΤ.ΠΡΟΣ.,,,,no sponsor block
6ΔΝΕ4690ΒΡ-ΩΡΒ,2024-11-28,ΧΕ:2036-2037/2024 ΜΙΣΘ/ΣΙΑ ΕΠΙΚΟΥΡ.ΠΡΟΣ.-ΓΙΑΤΡΩΝ,,,,no sponsor block
6ΚΧΑ4690ΒΡ-14Ω,2024-11-28,ΧΕ:2034-2035/2024 ΠΡΟΣΩΠΙΚΟ ΠΡΟΓΡ.ΟΑΕΔ,,,,no sponsor block
6ΚΘ64690ΒΡ-ΖΟΞ,2024-11-25,ΧΕ:2033/2024 ΠΡΟΣΘΕΤΕΣ ΑΜΟΙΒΕΣ ΠΡΟΣΩΠΙΚΟΥ,,,,no sponsor block
Ψ3Ι74690ΒΡ-ΗΛ7,2024-11-21,ΧΕ:2021/2024 ΥΠΕΡ ΕΦΚΑ ΕΡΓΟΔΟΤΙΚΕΣ ΕΙΣΦΟΡΕΣ,,,,no sponsor block
9ΩΖΞ4690ΒΡ-Γ2Ψ,2024-11-21,XE:2020/2024 ΜΙΣΘ/ΣΙΑ ΕΠΙΚΟΥΡ.ΠΡΟΣ.,,,,no sponsor block
ΨΕΝ34690ΒΡ-62Ο,2024-11-18,ΧΕ:2005-2006/2024 ΑΠΟΓΕΥΜΑΤΙΝΑ ΙΑΤΡΕΙΑ,,,,no sponsor block
6ΖΝΛ4690ΒΡ-Ν9Ρ,2024-11-18,ΧΕ:2004/2024 ΥΠΕΡ ΕΦΚΑ ΕΡΓΟΔΟΤΙΚΕΣ ΕΙΣΦΟΡΕΣ ΕΠΑΛ,,,,no sponsor block
ΨΛΗΝ4690ΒΡ-ΩΓΜ,2024-11-14,Χ.Ε.Α. 2003/2024,,,,no sponsor block
ΨΑΟ44690ΒΡ-Σ1Υ,2025-09-05,ΜΕΤΑΚΙΝΗΣΗ ΥΠΑΛΛΗΛΟΥ (ΦΩΤ.ΙΟΡ. ) ΣΤΗΝ ΘΕΣ/ΝΙΚΗ ΓΙΑ ΥΠΗΡΕΣΙΑΚΟΥΣ ΛΟΓΟΥΣ,,,,no sponsor block
6Θ104690ΒΡ-ΒΩ0,2025-09-05,ΜΕΤΑΚΙΝΗΣΗ ΥΠΑΛΛΗΛΟΥ (ΠΕΝ.ΕΛ. ) ΣΤΗΝ ΘΕΣ/ΝΙΚΗ ΓΙΑ ΥΠΗΡΕΣΙΑΚΟΥΣ ΛΟΓΟΥΣ,,,,no sponsor block
ΨΞΟΒ4690ΒΡ-ΜΒ1,2025-09-05,ΜΕΤΑΚΙΝΗΣΗ ΙΑΤΡΟΥ (ΧΑΤΖΗ.ΑΝΕ. ) ΣΤΗΝ ΘΕΣ/ΝΙΚΗ ΓΙΑ ΕΚΠΑΙΔΕΥΤΙΚΟΥΣ ΛΟΓΟΥΣ,,,,no sponsor block
ΨΓ7Μ4690ΒΡ-ΦΚΗ,2025-09-03,ΧΕ:1823/2025 ΤΑΚΤΙΚΕΣ ΕΦΗΜΕΡΙΕΣ ΓΙΑΤΡΩΝ,,,,no sponsor block
6Θ5Φ4690ΒΡ-ΥΓΝ,2025-09-03,ΧΕ:1824/2025 ΤΑΚΤΙΚΕΣ ΕΦΗΜΕΡΙΕΣ ΓΙΑΤΡΩΝ,,,,no sponsor block
ΡΟ994690ΒΡ-ΨΝ1,2025-09-03,ΧΕ 1833/2025 ΑΠΟΖ/ΣΗ ΣΕ ΜΕΤΑΚΙΝΟΥΜΕΝΟ ΠΡΟΣ.ΤΟΥ Ν.5015/23,,,,no sponsor block
Ψ5ΡΑ4690ΒΡ-8Κ2,2025-09-02,ΧΕ:1791/2025 ΜΙΣΘ/ΣΙΑ ΕΠΙΚΟΥΡ. ΠΡΟΣ.COVID-19,,,,no sponsor block
6ΑΩΘ4690ΒΡ-ΕΛ3,2025-09-01,ΟΔΟΙΠΟΡΙΚΑ ΜΕΤΑΚΙΝΗΣΗΣ ΙΑΤΡΟΥ ΕΝΤΟΣ ΕΔΡΑΣ,,,,no sponsor block
ΡΟΒΖ4690ΒΡ-ΘΛΝ,2025-09-01,ΟΔΟΙΠΟΡΙΚΑ ΜΕΤΑΚΙΝΗΣΗΣ ΙΑΤΡΟΥ ΕΝΤΟΣ ΕΔΡΑΣ,,,,no sponsor block
60ΑΕ4690ΒΡ-ΘΑΘ,2025-09-01,ΟΔΟΙΠΟΡΙΚΑ ΜΕΤΑΚΙΝΗΣΗΣ ΙΑΤΡΟΥ ΕΚΤΟΣ ΕΔΡΑΣ,,,,no sponsor block
ΡΒΣΝ4690ΒΡ-ΧΞΡ,2025-09-01,ΟΔΟΙΠΟΡΙΚΑ ΜΕΤΑΚΙΝΗΣΗΣ ΙΑΤΡΟΥ ΕΝΤΟΣ ΕΔΡΑΣ,,,,no sponsor block
62Ζ34690ΒΡ-17Α,2025-09-01,ΟΔΟΙΠΟΡΙΚΑ ΜΕΤΑΚΙΝΗΣΗΣ ΙΑΤΡΟΥ ΕΝΤΟΣ ΕΔΡΑΣ,,,,no sponsor block
Ρ6Ζ54690ΒΡ-79Α,2025-09-01,ΟΔΟΙΠΟΡΙΚΑ ΜΕΤΑΚΙΝΗΣΗΣ ΙΑΤΡΟΥ ΕΝΤΟΣ ΕΔΡΑΣ,,,,no sponsor block
9ΛΤ34690ΒΡ-ΖΔΣ,2025-09-01,ΟΔΟΙΠΟΡΙΚΑ ΜΕΤΑΚΙΝΗΣΗΣ ΙΑΤΡΟΥ ΕΝΤΟΣ ΕΔΡΑΣ,,,,no sponsor block
ΨΙ1Σ4690ΒΡ-ΣΝ2,2025-08-29,ΟΔΟΙΠΟΡΙΚΑ ΜΕΤΑΚΙΝΗΣΗΣ ΥΠΑΛΛΗΛΟΥ ΕΚΤΟΣ ΕΔΡΑΣ,,,,no sponsor block
ΡΧ1Ξ4690ΒΡ-Λ44,2025-08-29,ΟΔΟΙΠΟΡΙΚΑ ΜΕΤΑΚΙΝΗΣΗΣ ΙΑΤΡΟΥ ΕΣΥ ΕΚΤΟΣ ΕΔΡΑΣ,,,,no sponsor block
Ψ67Γ4690ΒΡ-Ε0Μ,2025-08-29,ΟΔΟΙΠΟΡΙΚΑ ΜΕΤΑΚΙΝΗΣΗΣ ΙΑΤΡΟΥ ΕΣΥ ΕΚΤΟΣ ΕΔΡΑΣ,,,,no sponsor block
Ψ0ΔΙ4690ΒΡ-ΗΤΕ,2025-08-29,ΟΔΟΙΠΟΡΙΚΑ ΜΕΤΑΚΙΝΗΣΗΣ ΙΑΤΡΟΥ ΕΣΥ ΕΚΤΟΣ ΕΔΡΑΣ,,,,no sponsor block
ΨΦΦ74690ΒΡ-Α05,2025-08-29,ΟΔΟΙΠΟΡΙΚΑ ΜΕΤΑΚΙΝΗΣΗΣ ΙΑΤΡΟΥ ΕΣΥ ΕΚΤΟΣ ΕΔΡΑΣ,,,,no sponsor block
ΡΘΤΔ4690ΒΡ-ΜΤΕ,2025-08-29,ΟΔΟΙΠΟΡΙΚΑ ΜΕΤΑΚΙΝΗΣΗΣ ΙΑΤΡΟΥ ΕΣΥ ΕΚΤΟΣ ΕΔΡΑΣ,,,,no sponsor block
6Τ7Δ4690ΒΡ-9ΛΘ,2025-08-29,ΟΔΟΙΠΟΡΙΚΑ ΜΕΤΑΚΙΝΗΣΗΣ ΙΑΤΡΟΥ ΕΣΥ ΕΚΤΟΣ ΕΔΡΑΣ,,,,no sponsor block
ΡΑΙΝ4690ΒΡ-ΧΧ9,2025-08-29,ΟΔΟΙΠΟΡΙΚΑ ΜΕΤΑΚΙΝΗΣΗΣ ΙΑΤΡΟΥ ΕΣΥ ΕΚΤΟΣ ΕΔΡΑΣ,,,,no sponsor block
ΨΧΑΑ4690ΒΡ-ΑΩ4,2025-08-29,ΟΔΟΙΠΟΡΙΚΑ ΜΕΤΑΚΙΝΗΣΗΣ ΙΑΤΡΟΥ ΕΣΥ ΕΚΤΟΣ ΕΔΡΑΣ,,,,no sponsor block
Ε7ΜΟ4690ΒΡ-10Μ,2025-08-29,ΟΔΟΙΠΟΡΙΚΑ ΜΕΤΑΚΙΝΗΣΗΣ ΙΑΤΡΟΥ ΕΣΥ ΕΚΤΟΣ ΕΔΡΑΣ,,,,no sponsor block
ΕΒΟΧ4690ΒΡ-ΨΡ1,2025-08-29,ΟΔΟΙΠΟΡΙΚΑ ΜΕΤΑΚΙΝΗΣΗΣ ΙΑΤΡΟΥ ΕΣΥ ΕΚΤΟΣ ΕΔΡΑΣ,,,,no sponsor block
6ΗΛΣ4690ΒΡ-ΦΞΣ,2025-08-29,ΟΔΟΙΠΟΡΙΚΑ ΜΕΤΑΚΙΝΗΣΗΣ ΙΑΤΡΟΥ ΕΣΥ ΕΚΤΟΣ ΕΔΡΑΣ,,,,no sponsor block
ΨΡΒ54690ΒΡ-ΦΙΒ,2025-08-29,ΟΔΟΙΠΟΡΙΚΑ ΜΕΤΑΚΙΝΗΣΗΣ ΙΑΤΡΟΥ ΕΣΥ ΕΚΤΟΣ ΕΔΡΑΣ,,,,no sponsor block
ΡΤΦ24690ΒΡ-ΦΥΥ,2025-08-29,ΟΔΟΙΠΟΡΙΚΑ ΜΕΤΑΚΙΝΗΣΗΣ ΙΑΤΡΟΥ ΕΣΥ ΕΚΤΟΣ ΕΔΡΑΣ,,,,no sponsor block
6ΦΛΔ4690ΒΡ-ΟΤΙ,2025-08-29,ΟΔΟΙΠΟΡΙΚΑ ΜΕΤΑΚΙΝΗΣΗΣ ΙΑΤΡΟΥ ΕΣΥ ΕΚΤΟΣ ΕΔΡΑΣ,,,,no sponsor block
ΡΟ3Ο4690ΒΡ-ΒΒΓ,2025-08-29,ΟΔΟΙΠΟΡΙΚΑ ΜΕΤΑΚΙΝΗΣΗΣ ΙΑΤΡΟΥ ΕΣΥ ΕΚΤΟΣ ΕΔΡΑΣ,,,,no sponsor block
Ρ5ΨΕ4690ΒΡ-ΣΨΚ,2025-08-29,ΟΔΟΙΠΟΡΙΚΑ ΜΕΤΑΚΙΝΗΣΗΣ ΙΑΤΡΟΥ ΕΣΥ ΕΚΤΟΣ ΕΔΡΑΣ,,,,no sponsor block
ΡΚΕΚ4690ΒΡ-2ΔΗ,2025-08-29,ΟΔΟΙΠΟΡΙΚΑ ΜΕΤΑΚΙΝΗΣΗΣ ΙΑΤΡΟΥ ΕΣΥ ΕΚΤΟΣ ΕΔΡΑΣ,,,,no sponsor block
9ΕΕΘ4690ΒΡ-ΣΣ6,2025-08-29,ΟΔΟΙΠΟΡΙΚΑ ΜΕΤΑΚΙΝΗΣΗΣ ΙΑΤΡΟΥ ΕΣΥ ΕΚΤΟΣ ΕΔΡΑΣ,,,,no sponsor block
ΡΦΛΚ4690ΒΡ-ΓΦΑ,2025-08-29,ΧΕ:1773/2025 ΑΠΟΓΕΥΜΑΤΙΝΑ ΙΑΤΡΕΙΑ,,,,no sponsor block
Ψ1ΛΖ4690ΒΡ-9ΦΝ,2025-08-29,ΧΕ:1772/2025 ΑΠΟΓΕΥΜΑΤΙΝΑ ΙΑΤΡΕΙΑ,,,,no sponsor block
6ΞΥΛ4690ΒΡ-ΞΤΜ,2025-08-29,ΧΕ:1771/2025 ΜΙΣΘ/ΣΙΑ ΕΠΙΚΟΥΡ.ΠΡΟΣ.,,,,no sponsor block
ΨΓΝΘ4690ΒΡ-ΠΜ6,2025-08-29,ΧΕ:1770/2025 ΜΙΣΘ/ΣΙΑ ΕΠΙΚΟΥΡ.ΓΙΑΤΡΩΝ,,,,no sponsor block
ΨΕΩΟ4690ΒΡ-ΗΟΞ,2025-08-29,ΧΕ:1769/2025 ΑΠΟΖ/ΣΗ ΚΑΝΟΝΙΚΗΣ ΑΔΕΙΑΣ,,,,no sponsor block
9ΗΠ04690ΒΡ-53Ζ,2025-08-29,ΧΕ 1768/2025 ΑΠΟΖ/ΣΗ ΣΕ ΜΕΤΑΚΙΝ.ΠΡΟΣ.,,,,no sponsor block
925Υ4690ΒΡ-0Ι0,2025-08-27,ΧΕ:1732/2025 ΜΙΣΘ/ΣΙΑ ΕΠΙΚΟΥΡ.ΠΡΟΣ.ΑΝΑΠΛΗΡΩΣΗΣ,,,,no sponsor block
ΨΘΖΔ4690ΒΡ-ΟΑΤ,2025-08-22,ΧΕ:1675/2025 ΜΕΤΑΚΙΝΟΥΜΕΝΟΙ ΣΤΡΑΤΙΩΤΙΚΟΙ ΓΙΑΤΡΟΙ,,,,no sponsor block
Ψ62Σ4690ΒΡ-333,2025-08-22,ΧΕ:1669/2025 ΥΠΕΡΒΑΛΛΟΥΣΕΣ ΕΦΗΜΕΡΙΕΣ ΓΙΑΤΡΩΝ,,,,no sponsor block
ΡΚΛΦ4690ΒΡ-ΟΒ9,2025-08-22,ΧΕ:1670/2025 ΠΡΟΣΘΕΤΕΣ ΕΦΗΜΕΡΙΕΣ ΓΙΑΤΡΩΝ,,,,no sponsor block
9ΡΘ74690ΒΡ-ΡΥΤ,2025-08-14,ΧΕ:1659/2025 ΑΠΟΓΕΥΜΑΤΙΝΑ ΧΕΙΡΟΥΡΓΕΙΑ,,,,no sponsor block
6Υ124690ΒΡ-ΤΑΛ,2025-08-14,ΧΕ:1658/2025 ΑΠΟΓΕΥΜΑΤΙΝΑ ΧΕΙΡΟΥΡΓΕΙΑ,,,,no sponsor block
Ψ67Ο4690ΒΡ-ΧΗΔ,2025-08-14,ΧΕ:1657/2025 ΠΡΟΣΘΕΤΕΣ ΑΜΟΙΒΕΣ ΕΠΙΣΤ.ΠΡΟΣ.,,,,no sponsor block
ΨΛΚΩ4690ΒΡ-ΜΝΠ,2025-08-13,ΧΕ:1656/2025 ΑΠΟΓΕΥΜΑΤΙΝΑ ΧΕΙΡΟΥΡΓΕΙΑ,,,,no sponsor block
Ρ4414690ΒΡ-Υ1Ω,2025-08-13,ΧΕ:1655/2025 ΑΠΟΓΕΥΜΑΤΙΝΑ ΧΕΙΡΟΥΡΓΕΙΑ,,,,no sponsor block
9ΓΩΤ4690ΒΡ-ΝΘ3,2025-08-13,ΧΕ:1654/2025 ΠΡΟΓΡΑΜΜΑ ΑΠΑΣΧΟΛΗΣΗΣ ΟΑΕΔ,,,,no sponsor block
Ψ4ΖΨ4690ΒΡ-8ΦΕ,2025-08-13,ΧΕ:1653/2025 ΠΡΟΓΡΑΜΜΑ ΑΠΑΣΧΟΛΗΣΗΣ ΟΑΕΔ ΤΡΑΥΜΑΤΙΟΦΟΡΕΩΝ,,,,no sponsor block
Ψ6Ε04690ΒΡ-2Μ7,2025-08-13,ΧΕ:1652/2025 ΠΡΟΓΡΑΜΜΑ ΑΠΑΣΧΟΛΗΣΗΣ ΟΑΕΔ ΤΡΑΥΜΑΤΙΟΦΟΡΕΩΝ,,,,no sponsor block
ΨΨΗΨ4690ΒΡ-ΧΧΩ,2025-08-12,ΧΕ:1651/2025 ΥΠΕΡΩΡΙΕΣ & ΝΥΧΤΕΡΙΝΑ ΣΕ ΠΡΟΣ.ΤΟΥ ΝΟΣΟΚ.,,,,no sponsor block
ΨΨΤ14690ΒΡ-ΠΦΩ,2025-08-12,XE:1650/2025 ΕΠΙΣΤΡΟΦΗ ΧΡΗΜΑΤΙΚΗΣ ΔΙΑΦΟΡΑΣ ΣΕ ΑΣΘΕΝΕΙΣ,,,,no sponsor block
9ΘΛΣ4690ΒΡ-1ΛΦ,2025-08-01,ΧΕ:1614/2025 ΕΙΔΙΚΗ ΑΠΟΖ/ΣΗ ΜΕΤΑΚΙΝΟΥΜΕΝΩΝ ΓΙΑΤΡΩΝ,,,,no sponsor block
Ρ13Ψ4690ΒΡ-ΞΧΔ,2025-07-31,ΧΕ:1610/2025 ΑΠΑΣΧΟΛΟΥΜΕΝΟΙ ΑΠΟΦΟΙΤΟΙ ΕΠΑΛ ΜΕ ΠΡΟΓΡΑΜΜΑ ΜΑΘΗΤΕΙΑΣ,,,,no sponsor block
9Κ9Ε4690ΒΡ-Δ0Α,2025-07-30,ΧΕ:1608/2025 Ν.4850 ΑΡΘΡΟ 88,,,,no sponsor block
ΨΙΜ54690ΒΡ-ΚΡΖ,2025-07-30,ΧΕ:1607/2025 Ν.4850 ΑΡΘΡΟ 90,,,,no sponsor block
Ρ4ΘΟ4690ΒΡ-ΘΞΓ,2025-07-30,ΧΕ:1606/2025 ΤΑΚΤΙΚΕΣ ΕΦΗΜΕΡΙΕΣ ΓΙΑΤΡΩΝ,,,,no sponsor block
99ΤΠ4690ΒΡ-9ΩΑ,2025-07-30,ΧΕ:1605/2025 ΤΑΚΤΙΚΕΣ ΕΦΗΜΕΡΙΕΣ ΓΙΑΤΡΩΝ,,,,no sponsor block
Ρ6ΓΩ4690ΒΡ-ΩΣ0,2025-07-30,ΧΕ:1602/2025 ΟΛΟΗΜΕΡΗ ΛΕΙΤΟΥΡΓΙΑ ΙΑΤΡΕΙΩΝ,,,,no sponsor block
9ΛΑΧ4690ΒΡ-868,2025-07-30,ΧΕ:1593/2025 ΟΛΟΗΜΕΡΗ ΛΕΙΤΟΥΡΓΙΑ ΙΑΤΡΕΙΩΝ,,,,no sponsor block
ΨΑΕ14690ΒΡ-ΞΜΔ,2025-07-30,ΧΕ:1592/2025 Ν.4850 ΑΡΘΡΟ 88,,,,no sponsor block
ΨΥ4Χ4690ΒΡ-9ΧΤ,2025-07-30,ΧΕ:1591/2025 Ν.4850 ΑΡΘΡΟ 90,,,,no sponsor block
965Ξ4690ΒΡ-ΔΔΔ,2025-07-30,ΧΕ:1590/2025 Ν.4850 ΑΡΘΡΟ 88,,,,no sponsor block
6ΙΦΙ4690ΒΡ-ΔΚΦ,2025-07-30,ΧΕ:1589/2025 Ν.4850 ΑΡΘΡΟ 90,,,,no sponsor block
9Ω3Φ4690ΒΡ-ΒΛΦ,2025-07-25,ΧΕ:1551/2025 ΥΠΕΡΒΑΛΛΟΥΣΕΣ ΕΦΗΜΕΡΙΕΣ ΓΙΑΤΡΩΝ,,,,no sponsor block
ΨΣ494690ΒΡ-ΘΚ4,2025-07-25,ΧΕ:1550/2025 ΥΠΕΡΒΑΛΛΟΥΣΕΣ ΕΦΗΜΕΡΙΕΣ ΓΙΑΤΡΩΝ,,,,no sponsor block
9ΛΝΞ4690ΒΡ-ΗΒ2,2025-07-25,ΧΕ:1549/2025 ΜΙΣΘ/ΣΙΑ ΕΠΙΚΟΥΡΙΚΩΝ ΓΙΑΤΡΩΝ,,,,no sponsor block
ΨΙΥΛ4690ΒΡ-ΛΞΤ,2025-07-24,ΧΕ:1538/25 ΜΙΣΘ/ΣΙΑ ΕΠΙΚΟΥΡ.ΠΡΟΣ.,,,,no sponsor block
Ψ20Ψ4690ΒΡ-ΣΓ3,2025-07-24,ΧΕ:1536/25 ΜΙΣΘ/ΣΙΑ ΕΠΙΚΟΥΡ.ΠΡΟΣ.,,,,no sponsor block
ΨΧΑΕ4690ΒΡ-Η9Ν,2025-07-24,ΧΕ:1535/25 ΜΙΣΘ/ΣΙΑ ΕΠΙΚΟΥΡ.ΠΡΟΣ.,,,,no sponsor block
ΨΘΟΖ4690ΒΡ-Τ2Β,2025-06-25,ΟΔΟΙΠΟΡΙΚΑ ΜΕΤΑΚΙΝΗΣΗΣ ΙΑΤΡΟΥ ΕΣΥ ΕΝΤΟΣ ΕΔΡΑΣ,,,,no sponsor block
9ΔΘΥ4690ΒΡ-ΞΧΚ,2025-06-25,ΟΔΟΙΠΟΡΙΚΑ ΜΕΤΑΚΙΝΗΣΗΣ ΙΑΤΡΟΥ ΕΣΥ ΕNΤΟΣ ΕΔΡΑΣ,,,,no sponsor block
9ΞΡΕ4690ΒΡ-ΩΚΣ,2025-06-25,ΟΔΟΙΠΟΡΙΚΑ ΜΕΤΑΚΙΝΗΣΗΣ ΙΑΤΡΟΥ ΕΣΥ ΕΝΤΟΣ ΕΔΡΑΣ,,,,no sponsor block
Ψ8Τ14690ΒΡ-ΣΓΖ,2025-06-25,ΟΔΟΙΠΟΡΙΚΑ ΜΕΤΑΚΙΝΗΣΗΣ ΙΑΤΡΟΥ ΕΣΥ ΕΝΤΟΣ ΕΔΡΑΣ,,,,no sponsor block
ΨΖΛΡ4690ΒΡ-072,2025-06-25,ΟΔΟΙΠΟΡΙΚΑ ΜΕΤΑΚΙΝΗΣΗΣ ΙΑΤΡΟΥ ΕΣΥ ΕΝΤΟΣ ΕΔΡΑΣ,,,,no sponsor block
ΨΒ7Λ4690ΒΡ-324,2025-06-25,ΟΔΟΙΠΟΡΙΚΑ ΜΕΤΑΚΙΝΗΣΗΣ ΙΑΤΡΟΥ ΕΣΥ ΕΝΤΟΣ ΕΔΡΑΣ,,,,no sponsor block
ΨΞΑΞ4690ΒΡ-ΨΝ8,2025-06-25,ΟΔΟΙΠΟΡΙΚΑ ΜΕΤΑΚΙΝΗΣΗΣ ΙΑΤΡΟΥ ΕΣΥ ΕΝΤΟΣ ΕΔΡΑΣ,,,,no sponsor block
ΨΓΗ44690ΒΡ-ΒΨ6,2025-06-25,ΟΔΟΙΠΟΡΙΚΑ ΜΕΤΑΚΙΝΗΣΗΣ ΙΑΤΡΟΥ ΕΣΥ ΕΝΤΟΣ ΕΔΡΑΣ,,,,no sponsor block
6ΞΦΗ4690ΒΡ-ΙΣ3,2025-06-25,ΟΔΟΙΠΟΡΙΚΑ ΜΕΤΑΚΙΝΗΣΗΣ ΙΑΤΡΟΥ ΕΣΥ ΕΝΤΟΣ ΕΔΡΑΣ,,,,no sponsor block
9Τ0Ω4690ΒΡ-ΓΝΔ,2025-06-25,ΟΔΟΙΠΟΡΙΚΑ ΜΕΤΑΚΙΝΗΣΗΣ ΙΑΤΡΟΥ ΕΣΥ ΕΝΤΟΣ ΕΔΡΑΣ,,,,no sponsor block
Ψ9ΒΒ4690ΒΡ-9Κ2,2025-06-25,ΟΔΟΙΠΟΡΙΚΑ ΜΕΤΑΚΙΝΗΣΗΣ ΙΑΤΡΟΥ ΕΣΥ ΕΝΤΟΣ ΕΔΡΑΣ,,,,no sponsor block
9Θ8Α4690ΒΡ-ΓΚ2,2025-06-25,ΟΔΟΙΠΟΡΙΚΑ ΜΕΤΑΚΙΝΗΣΗΣ ΙΑΤΡΟΥ ΕΣΥ ΕΝΤΟΣ ΕΔΡΑΣ,,,,no sponsor block
6Δ314690ΒΡ-64Υ,2025-06-23,ΟΔΟΙΠΟΡΙΚΑ ΜΕΤΑΚΙΝΗΣΗΣ ΙΑΤΡΟΥ ΕΣΥ ΕΚΤΟΣ ΕΔΡΑΣ,,,,no sponsor block
ΡΟΑΑ4690ΒΡ-ΕΧ0,2025-06-24,ΟΔΟΙΠΟΡΙΚΑ ΜΕΤΑΚΙΝΗΣΗΣ ΥΠΑΛΛΗΛΟΥ ΚΨΥ (ΚΥΡ.ΕΥΤ. ) ΣΤΑ ΚΟΚΚΙΝΟΓΕΙΑ ΔΡΑΜΑΣ ΓΙΑ ΔΙΚΑΣΤΙΚΗ ΣΥΜΠΑΡΑΣΤΑΣΗ,,,,no sponsor block
96ΧΕ4690ΒΡ-9Α1,2025-07-17,ΧΕ:1497/2025 ΕΡΓΟΔΟΤΙΚΕΣ ΕΙΣΦΟΡΕΣ ΙΚΑ ΔΙΕΚ-ΣΑΕΚ,,,,no sponsor block
Ρ7514690ΒΡ-4ΧΖ,2025-07-17,ΧΕ:1496/2025 ΠΡΟΣΩΠΙΚΟ ΠΡΟΓΡΑΜΜΑΤΟΣ ΟΑΕΔ,,,,no sponsor block
63ΧΒ4690ΒΡ-7ΥΚ,2025-07-16,ΧΕ:1491/2025 ΥΠΕΡΩΡΙΕΣ ΚΑΙ ΝΥΧΤΕΡΙΝΑ ΣΕ ΠΡΟΣ.ΝΟΣΟΚΟΜ.,,,,no sponsor block
9ΕΙ24690ΒΡ-ΨΒ5,2025-07-08,ΧΕ:1449/2025 ΑΠΟΦΟΙΤΟΙ ΕΠΑΛ ΜΕ ΠΡΟΓΡΑΜΜΑ ΜΑΘΗΤΕΙΑΣ,,,,no sponsor block
9ΠΟΘ4690ΒΡ-9ΡΡ,2025-07-07,ΧΕ:1446/2025 ΥΠΕΡΒΑΛΛΟΥΣΕΣ ΕΦΗΜΕΡΙΕΣ ΕΠΙΚΟΥΡ.ΓΙΑΤΡΩΝ,,,,no sponsor block
6Δ5Β4690ΒΡ-Υ3Δ,2025-07-07,ΧΕ:1445/2025 ΥΠΕΡΒΑΛΛΟΥΣΕΣ ΕΦΗΜΕΡΙΕΣ ΓΙΑΤΡΩΝ,,,,no sponsor block
6ΧΡ14690ΒΡ-Τ06,2025-07-04,ΧΕ:1436/2025 ΑΠΟΓΕΥΜΑΤΙΝΑ ΙΑΤΡΕΙΑ,,,,no sponsor block
ΡΡ854690ΒΡ-3Β4,2025-07-04,ΧΕ:1437/2025 ΑΠΟΓΕΥΜΑΤΙΝΑ ΙΑΤΡΕΙΑ,,,,no sponsor block
ΨΦ764690ΒΡ-ΣΑΙ,2025-07-04,ΧΕ:1438/2025 ΠΡΟΣΘΕΤΕΣ ΑΜΟΙΒΕΣ ΕΠΙΣΤΗΜ.ΠΡΟΣ.,,,,no sponsor block
ΨΙ4Β4690ΒΡ-ΘΡ0,2025-07-02,ΧΕ:1428/2025 ΤΑΚΤΙΚΕΣ ΕΦΗΜΕΡΙΕΣ ΓΙΑΤΡΩΝ,,,,no sponsor block
94ΕΝ4690ΒΡ-70Ρ,2025-07-02,ΧΕ:1427/25 ΤΑΚΤΙΚΕΣ ΕΦΗΜΕΡΙΕΣ ΕΠΙΚΟΥΡ. ΓΙΑΤΡΩΝ,,,,no sponsor block
620Α4690ΒΡ-1ΩΔ,2025-06-27,ΧΕ:1423/2025 ΜΙΣΘ/ΣΙΑ ΕΠΙΚΟΥΡ.ΠΡΟΣ.,,,,no sponsor block
6ΝΟ54690ΒΡ-ΣΚΔ,2025-06-27,ΧΕ:1422/2025 ΜΙΣΘ/ΣΙΑ ΕΠΙΚΟΥΡ.ΠΡΟΣ.,,,,no sponsor block
92ΩΩ4690ΒΡ-ΓΣΙ,2025-06-27,ΧΕ:1421/2025 ΜΙΣΘ/ΣΙΑ ΕΠΙΚΟΥΡ.ΠΡΟΣ.,,,,no sponsor block
97Μ64690ΒΡ-Ψ7Α,2025-06-27,ΧΕ:1420/2025 ΜΙΣΘ/ΣΙΑ ΕΠΙΚΟΥΡ.ΓΙΑΤΡΩΝ,,,,no sponsor block
Ψ7ΡΜ4690ΒΡ-ΔΨΤ,2025-06-25,ΜΕΤΑΚΙΝΗΣΗ ΥΠΑΛΛΗΛΟΥ (ΦΩΤ.ΙΟΡ. ) ΣΤΗΝ ΘΕΣ/ΝΙΚΗ ΓΙΑ ΥΠΗΡΕΣΙΑΚΟΥΣ ΛΟΓΟΥΣ,,,,no sponsor block
9ΑΦ94690ΒΡ-490,2025-06-25,Χ.Ε. 1377/2025 ΠΛΗΡΩΜΗ ΠΡΟΜΗΘΕΥΤΗ,,,,no sponsor block
9ΞΦ24690ΒΡ-9ΑΖ,2025-06-25,X.E. 1375/2025 ΠΛΗΡΩΜΗ ΠΡΟΜΗΘΕΥΤΗ,,,,no sponsor block
6ΗΠ44690ΒΡ-44Δ,2025-06-25,Χ.Ε. 1347/2025 ΠΛΗΡΩΜΗ ΠΡΟΜΗΘΕΥΤΗ,,,,no sponsor block
Ψ2ΓΙ4690ΒΡ-7ΨΘ,2025-06-25,Χ.Ε. 1346/2025 ΠΛΗΡΩΜΗ ΠΡΟΜΗΘΕΥΤΗ,,,,no sponsor block
6ΑΔΞ4690ΒΡ-6ΡΕ,2025-06-25,Χ.Ε. 1348/2025 ΠΛΗΡΩΜΗ ΠΡΟΜΗΘΕΥΤΗ,,,,no sponsor block
ΨΡ7Β4690ΒΡ-ΑΑ8,2025-06-25,Χ.Ε. 1351/2025 ΠΛΗΡΩΜΗ ΠΡΟΜΗΘΕΥΤΗ,,,,no sponsor block
ΨΖΗΞ4690ΒΡ-10Ζ,2025-06-25,Χ.Ε. 1352/2025 ΠΛΗΡΩΜΗ ΠΡΟΜΗΘΕΥΤΗ,,,,no sponsor block
925Τ4690ΒΡ-ΨΨ0,2025-06-25,Χ.Ε. 1354/2025 ΠΛΗΡΩΜΗ ΠΡΟΜΗΘΕΥΤΗ,,,,no sponsor block
68ΕΥ4690ΒΡ-45Γ,2025-06-25,Χ.Ε. 1356/2025 ΠΛΗΡΩΜΗ ΠΡΟΜΗΘΕΥΤΗ,,,,no sponsor block
6ΜΟΝ4690ΒΡ-ΡΛΥ,2025-06-25,Χ.Ε. 1310/2025 ΠΛΗΡΩΜΗ ΠΡΟΜΗΘΕΥΤΗ,,,,no sponsor block
ΨΟ4Ν4690ΒΡ-ΒΧΡ,2025-06-25,ΟΔΟΙΠΟΡΙΚΑ ΜΕΤΑΚΙΝΗΣΗΣ ΙΑΤΡΟΥ ΕΣΥ ΕΚΤΟΣ ΕΔΡΑΣ,,,,no sponsor block
60Γ54690ΒΡ-ΒΒ2,2025-06-25,ΟΔΟΙΠΟΡΙΚΑ ΜΕΤΑΚΙΝΗΣΗΣ ΙΑΤΡΟΥ ΕΣΥ ΕΚΤΟΣ ΕΔΡΑΣ,,,,no sponsor block
ΨΜ0Υ4690ΒΡ-3Κ3,2025-06-25,ΟΔΟΙΠΟΡΙΚΑ ΜΕΤΑΚΙΝΗΣΗΣ ΙΑΤΡΟΥ ΕΣΥ ΕΚΤΟΣ ΕΔΡΑΣ,,,,no sponsor block
954Ω4690ΒΡ-7Ψ2,2025-06-23,ΧΕ:1213/2025 ΕΡΓΟΔΟΤΙΚΕΣ ΕΙΣΦΟΡΕΣ  ΔΙΕΚ,,,,no sponsor block
Ψ20Ρ4690ΒΡ-401,2025-06-23,ΟΔΟΙΠΟΡΙΚΑ ΜΕΤΑΚΙΝΗΣΗΣ ΙΑΤΡΟΥ ΕΣΥ ΕΚΤΟΣ ΕΔΡΑΣ,,,,no sponsor block
ΨΡ384690ΒΡ-3ΕΨ,2025-06-23,ΟΔΟΙΠΟΡΙΚΑ ΜΕΤΑΚΙΝΗΣΗΣ ΙΑΤΡΟΥ ΕΣΥ ΕΚΤΟΣ ΕΔΡΑΣ,,,,no sponsor block
ΨΣΩ14690ΒΡ-Π8Ω,2025-06-23,ΟΔΟΙΠΟΡΙΚΑ ΜΕΤΑΚΙΝΗΣΗΣ ΙΑΤΡΟΥ ΕΣΥ ΕΚΤΟΣ ΕΔΡΑΣ,,,,no sponsor block
9ΑΣΖ4690ΒΡ-ΖΦ4,2025-06-23,ΟΔΟΙΠΟΡΙΚΑ ΜΕΤΑΚΙΝΗΣΗΣ ΙΑΤΡΟΥ ΕΣΥ ΕΚΤΟΣ ΕΔΡΑΣ,,,,no sponsor block
6ΧΓ24690ΒΡ-ΧΓΗ,2025-06-23,ΟΔΟΙΠΟΡΙΚΑ ΜΕΤΑΚΙΝΗΣΗΣ ΙΑΤΡΟΥ ΕΣΥ ΕΚΤΟΣ ΕΔΡΑΣ,,,,no sponsor block
6Ζ1Δ4690ΒΡ-ΥΩΥ,2025-06-23,ΟΔΟΙΠΟΡΙΚΑ ΜΕΤΑΚΙΝΗΣΗΣ ΙΑΤΡΟΥ ΕΣΥ ΕΚΤΟΣ ΕΔΡΑΣ,,,,no sponsor block
9ΘΩΩ4690ΒΡ-ΤΤ9,2025-06-23,ΟΔΟΙΠΟΡΙΚΑ ΜΕΤΑΚΙΝΗΣΗΣ ΙΑΤΡΟΥ ΕΣΥ ΕΚΤΟΣ ΕΔΡΑΣ,,,,no sponsor block
6Τ5Ε4690ΒΡ-Υ5Ζ,2025-06-23,ΟΔΟΙΠΟΡΙΚΑ ΜΕΤΑΚΙΝΗΣΗΣ ΙΑΤΡΟΥ ΕΣΥ ΕΚΤΟΣ ΕΔΡΑΣ,,,,no sponsor block
9ΣΩΖ4690ΒΡ-ΕΦ7,2025-06-23,ΧΕ:1340/2025 ΕΡΓΟΔΟΤΙΚΕΣ ΕΙΣΦΟΡΕΣ ΔΙΕΚ,,,,no sponsor block
6ΖΒΡ4690ΒΡ-Κ43,2025-06-18,ΧΕ:1291/2025 ΗΜΕΡ.ΑΠΟΖ/ΣΗ ΣΕ ΓΙΑΤΡΟΥΣ,,,,no sponsor block
ΨΧ144690ΒΡ-948,2025-06-18,ΧΕ:1292/2025 ΗΜΕΡ.ΑΠΟΖ/ΣΗ ΣΕ ΓΙΑΤΡΟΥΣ,,,,no sponsor block
9ΙΩΒ4690ΒΡ-Κ5Ξ,2025-06-18,ΧΕ:1293/2025 ΗΜΕΡ.ΑΠΟΖ/ΣΗ ΣΕ ΓΙΑΤΡΟΥΣ,,,,no sponsor block
ΨΠΟΥ4690ΒΡ-Θ87,2025-06-18,ΧΕ:1294/2025 ΗΜΕΡ.ΑΠΟΖ/ΣΗ ΣΕ ΓΙΑΤΡΟΥΣ,,,,no sponsor block
ΨΣ6Ξ4690ΒΡ-99Ε,2025-06-18,ΧΕ:1295/2025 ΗΜΕΡ.ΑΠΟΖ/ΣΗ ΣΕ ΓΙΑΤΡΟΥΣ,,,,no sponsor block
97Γ24690ΒΡ-ΕΥΑ,2025-06-18,ΧΕ:1296/2025 ΗΜΕΡ.ΑΠΟΖ/ΣΗ ΣΕ ΓΙΑΤΡΟΥΣ,,,,no sponsor block
9Ψ5Υ4690ΒΡ-3Ρ2,2025-06-18,ΧΕ:1297/2025 ΗΜΕΡ.ΑΠΟΖ/ΣΗ ΣΕ ΓΙΑΤΡΟΥΣ,,,,no sponsor block
9ΧΚΚ4690ΒΡ-ΙΞΡ,2025-06-18,ΧΕ:1298/2025 ΗΜΕΡ.ΑΠΟΖ/ΣΗ ΣΕ ΓΙΑΤΡΟΥΣ,,,,no sponsor block
6Ξ4Ρ4690ΒΡ-ΕΓ9,2025-06-18,ΧΕ:1299/2025 ΗΜΕΡ.ΑΠΟΖ/ΣΗ ΣΕ ΓΙΑΤΡΟΥΣ,,,,no sponsor block
9ΧΥΞ4690ΒΡ-5Φ1,2025-06-17,Χ.Ε. 1277/2025 ΠΛΗΡΩΜΗ ΠΡΟΜΗΘΕΥΤΗ,,,,no sponsor block
6Ζ494690ΒΡ-ΨΩΧ,2025-06-17,Χ.Ε.1278/2025 ΠΛΗΡΩΜΗ ΠΡΟΜΗΘΕΥΤΗ,,,,no sponsor block
ΨΨΧΘ4690ΒΡ-Π7Γ,2025-06-17,Χ.Ε.1276/2025 ΠΛΗΡΩΜΗ ΠΡΟΜΗΘΕΥΤΗ,,,,no sponsor block
9ΣΡ84690ΒΡ-3ΦΕ,2025-06-13,ΧΕ:1275/2025 ΥΠΕΡΩΡΙΕΣ & ΝΥΧΤΕΡΙΝΑ ΣΕ ΠΡΟΣ.ΝΟΣ.,,,,no sponsor block
ΨΥΘ64690ΒΡ-ΟΗΓ,2025-06-12,ΧΕ:1252/2025 ΠΡΟΣΩΠΙΚΟ ΠΡΟΓΡΑΜΜΑΤΟΣ ΟΑΕΔ,,,,no sponsor block
91ΟΛ4690ΒΡ-ΩΝΡ,2025-06-12,ΧΕ1253/2025 ΠΡΟΣΘΕΤΕΣ ΑΜΟΙΒΕΣ ΠΡΟΣ.,,,,no sponsor block
ΨΨΖΕ4690ΒΡ-ΙΑΑ,2025-06-12,XE:1250/2025 ΑΠΑΣΧΟΛΟΥΜΕΝΟΙ ΑΠΟΦΟΙΤΟΙ ΕΠΑΛ,,,,no sponsor block
ΨΔ9Β4690ΒΡ-ΨΣΛ,2025-06-06,ΜΕΤΑΚΙΝΗΣΗ ΥΠΑΛΛΗΛΟΥ ΣΤΗΝ ΚΑΒΑΛΑ ΓΙ Α ΕΚΠΑΙΔΕΥΣΗ,,,,no sponsor block
6ΤΓΟ4690ΒΡ-Ψ50,2025-06-06,ΜΕΤΑΚΙΝΗΣΗ ΥΠΑΛΛΗΛΟΥ ΣΤΗΝ ΚΑΒΑΛΑ ΓΙ Α ΕΚΠΑΙΔΕΥΣΗ,,,,no sponsor block
ΨΗΤΔ4690ΒΡ-8Μ9,2025-06-06,ΗΜΕΡΗΣΙΑ ΑΠΟΖΗΜΙΩΣΗ ΑΝΤΙΠΡΟΕΔΡΟΥ Δ.Σ. ΤΟΥ ΝΟΣΟΚΟΜΕΙΟΥ,,,,no sponsor block
6Τ894690ΒΡ-ΕΒΠ,2025-06-06,XE:1209/2025 ΠΡΟΣΘΕΤΕΣ ΑΜΟΙΒΕΣ ΠΡΟΣ.,,,,no sponsor block
9ΟΗ14690ΒΡ-Υ94,2025-06-02,ΧΕ:1166/2025 ΤΑΚΤΙΚΕΣ ΕΦΗΜΕΡΙΕΣ ΓΙΑΤΡΩΝ,,,,no sponsor block
ΡΑΜΙ4690ΒΡ-068,2025-06-02,ΧΕ:1165/2025 ΤΑΚΤΙΚΕΣ ΕΦΗΜΕΡΙΕΣ ΓΙΑΤΡΩΝ,,,,no sponsor block
ΨΡΣ04690ΒΡ-06Χ,2025-06-02,ΧΕ:1164/2025 ΤΑΚΤΙΚΕΣ ΕΦΗΜΕΡΙΕΣ ΓΙΑΤΡΩΝ,,,,no sponsor block
6ΙΛΙ4690ΒΡ-ΡΗΠ,2025-05-30,ΧΕ:1151/2025 ΜΙΣΘ/ΣΙΑ ΕΠΙΚΟΥΡΙΚΟΥ ΠΡΟΣ.,,,,no sponsor block
ΨΟ994690ΒΡ-ΚΦΚ,2025-05-23,ΜΕΤΑΚΙΝΗΣΗ ΥΠΑΛΛΗΛΟΥ ΓΙΑ ΥΠΗΡΕΣΙΑΚΟΥΣ ΛΟΓΟΥΣ,,,,no sponsor block
9ΣΛ54690ΒΡ-ΡΥΡ,2025-05-23,ΜΕΤΑΚΙΝΗΣΗ ΥΠΑΛΛΗΛΟΥ ΓΙΑ ΕΚΠΑΙΔΕΥΣΗ,,,,no sponsor block
ΨΥΓΦ4690ΒΡ-1ΒΓ,2025-05-28,ΧΕ:1122/2025 ΥΠΕΡΒΑΛΛΟΥΣΕΣ ΕΦΗΜΕΡΙΕΣ ΓΙΑΤΡΩΝ,,,,no sponsor block
ΨΧΕΙ4690ΒΡ-ΖΝ5,2025-05-28,ΧΕ:1120/2025 ΥΠΕΡΒΑΛΛΟΥΣΕΣ ΕΦΗΜΕΡΙΕΣ ΓΙΑΤΡΩΝ,,,,no sponsor block
ΨΑΡ14690ΒΡ-66Ψ,2025-05-28,ΧΕ:1105/2025 ΜΙΣΘ/ΣΙΑ ΕΠΙΚΟΥΡ. ΓΙΑΤΡΩΝ,,,,no sponsor block
Ψ16Ψ4690ΒΡ-ΩΣΛ,2025-05-27,ΧΕ:1083/2025 ΜΙΣΘ/ΣΙΑ ΓΙΑΤΡΩΝ,,,,no sponsor block
94ΟΚ4690ΒΡ-Β89,2025-05-27,ΧΕ:1092/2025 ΜΙΣΘ/ΣΙΑ ΓΙΑΤΡΩΝ,,,,no sponsor block
6Μ1Ζ4690ΒΡ-6Μ8,2025-05-27,ΧΕ:1085/2025 ΜΙΣΘ/ΣΙΑ ΓΙΑΤΡΩΝ,,,,no sponsor block
ΨΘ314690ΒΡ-9ΑΑ,2025-05-27,ΧΕ:1084/2025 ΜΙΣΘ/ΣΙΑ ΓΙΑΤΡΩΝ,,,,no sponsor block
ΨΕΣΔ4690ΒΡ-ΨΕΙ,2025-05-27,ΧΕ:1087/2025 ΜΙΣΘ/ΣΙΑ ΓΙΑΤΡΩΝ,,,,no sponsor block
ΡΟΓΖ4690ΒΡ-8ΤΜ,2025-05-27,ΧΕ:1088/2025 ΜΙΣΘ/ΣΙΑ ΓΙΑΤΡΩΝ,,,,no sponsor block
6Σ704690ΒΡ-ΞΜΥ,2025-05-27,ΧΕ:1089/2025 ΜΙΣΘ/ΣΙΑ ΓΙΑΤΡΩΝ,,,,no sponsor block
68ΤΒ4690ΒΡ-ΑΞ7,2025-05-27,ΧΕ:1088/2025 ΜΙΣΘ/ΣΙΑ ΓΙΑΤΡΩΝ,,,,no sponsor block
6ΔΣΧ4690ΒΡ-Β0Ο,2025-05-27,ΜΕΤΑΚΙΝΗΣΗ ΙΑΤΡΟΥ ΕΝΤΟΣ ΕΔΡΑΣ,,,,no sponsor block
9ΓΕ34690ΒΡ-ΡΩ7,2025-05-27,ΜΕΤΑΚΙΝΗΣΗ ΙΑΤΡΟΥ ΕΝΤΟΣ ΕΔΡΑΣ,,,,no sponsor block
91Δ64690ΒΡ-ΚΨΥ,2025-05-27,ΜΕΤΑΚΙΝΗΣΗ ΙΑΤΡΟΥ ΕΝΤΟΣ ΕΔΡΑΣ,,,,no sponsor block
99Η44690ΒΡ-ΙΘΗ,2025-05-27,ΜΕΤΑΚΙΝΗΣΗ ΙΑΤΡΟΥ ΕΝΤΟΣ ΕΔΡΑΣ,,,,no sponsor block
Ψ8ΜΓ4690ΒΡ-Α5Σ,2025-05-27,ΜΕΤΑΚΙΝΗΣΗ ΙΑΤΡΟΥ ΕΝΤΟΣ ΕΔΡΑΣ,,,,no sponsor block
6Ν5Χ4690ΒΡ-ΔΛΚ,2025-05-27,ΜΕΤΑΚΙΝΗΣΗ ΙΑΤΡΟΥ ΕΝΤΟΣ ΕΔΡΑΣ,,,,no sponsor block
Ψ5ΝΒ4690ΒΡ-Ε9Ο,2025-05-27,ΜΕΤΑΚΙΝΗΣΗ ΙΑΤΡΟΥ ΕΝΤΟΣ ΕΔΡΑΣ,,,,no sponsor block
ΨΠ8Γ4690ΒΡ-1ΨΣ,2025-05-27,ΜΕΤΑΚΙΝΗΣΗ ΙΑΤΡΟΥ ΕΝΤΟΣ ΕΔΡΑΣ,,,,no sponsor block
ΨΗΝΜ4690ΒΡ-Λ6Ε,2025-05-27,ΜΕΤΑΚΙΝΗΣΗ ΙΑΤΡΟΥ ΕΝΤΟΣ ΕΔΡΑΣ,,,,no sponsor block
6ΦΔΝ4690ΒΡ-236,2025-05-27,ΜΕΤΑΚΙΝΗΣΗ ΙΑΤΡΟΥ ΕΝΤΟΣ ΕΔΡΑΣ,,,,no sponsor block
ΨΡΝ04690ΒΡ-5ΞΠ,2025-05-27,ΜΕΤΑΚΙΝΗΣΗ ΙΑΤΡΟΥ ΕΝΤΟΣ ΕΔΡΑΣ,,,,no sponsor block
65ΜΘ4690ΒΡ-Π5Λ,2025-05-27,ΜΕΤΑΚΙΝΗΣΗ ΙΑΤΡΟΥ ΕΝΤΟΣ ΕΔΡΑΣ,,,,no sponsor block
9ΖΥΩ4690ΒΡ-ΧΙΑ,2025-05-26,ΧΕ:1066/2025 ΜΙΣΘ/ΣΙΑ ΕΠΙΚΟΥΡ.ΠΡΟΣ.,,,,no sponsor block
91ΞΕ4690ΒΡ-2ΦΓ,2025-05-23,ΟΔΟΙΠΟΡΙΚΑ ΜΕΤΑΚΙΝΗΣΗΣ ΙΑΤΡΟΥ,,,,no sponsor block
6ΔΕΙ4690ΒΡ-Κ0Ν,2025-05-23,ΟΔΟΙΠΟΡΙΚΑ ΜΕΤΑΚΙΝΗΣΗΣ ΙΑΤΡΟΥ,,,,no sponsor block
ΨΕ7Σ4690ΒΡ-ΡΓΚ,2025-05-23,ΟΔΟΙΠΟΡΙΚΑ ΜΕΤΑΚΙΝΗΣΗΣ ΙΑΤΡΟΥ,,,,no sponsor block
9ΞΖΙ4690ΒΡ-ΖΡΖ,2025-05-23,ΟΔΟΙΠΟΡΙΚΑ ΜΕΤΑΚΙΝΗΣΗΣ ΙΑΤΡΟΥ,,,,no sponsor block
ΡΛ154690ΒΡ-Τ5Σ,2025-05-23,ΟΔΟΙΠΟΡΙΚΑ ΜΕΤΑΚΙΝΗΣΗΣ ΙΑΤΡΟΥ,,,,no sponsor block
65104690ΒΡ-ΝΕΩ,2025-05-23,ΟΔΟΙΠΟΡΙΚΑ ΜΕΤΑΚΙΝΗΣΗΣ ΙΑΤΡΟΥ,,,,no sponsor block
6ΝΓΗ4690ΒΡ-92Ω,2025-05-23,ΟΔΟΙΠΟΡΙΚΑ ΜΕΤΑΚΙΝΗΣΗΣ ΙΑΤΡΟΥ,,,,no sponsor block
6Μ7Ψ4690ΒΡ-ΧΒ7,2025-05-23,ΟΔΟΙΠΟΡΙΚΑ ΜΕΤΑΚΙΝΗΣΗΣ ΙΑΤΡΟΥ,,,,no sponsor block
Ρ6Ι94690ΒΡ-ΠΑΨ,2025-05-23,ΟΔΟΙΠΟΡΙΚΑ ΜΕΤΑΚΙΝΗΣΗΣ ΙΑΤΡΟΥ,,,,no sponsor block
Ψ1Δ84690ΒΡ-928,2025-05-23,ΟΔΟΙΠΟΡΙΚΑ ΜΕΤΑΚΙΝΗΣΗΣ ΙΑΤΡΟΥ,,,,no sponsor block
9ΡΖΕ4690ΒΡ-8Β4,2025-05-23,ΟΔΟΙΠΟΡΙΚΑ ΜΕΤΑΚΙΝΗΣΗΣ ΙΑΤΡΟΥ,,,,no sponsor block
ΡΛΗ94690ΒΡ-ΦΣΑ,2025-05-23,ΟΔΟΙΠΟΡΙΚΑ ΜΕΤΑΚΙΝΗΣΗΣ ΙΑΤΡΟΥ,,,,no sponsor block
9ΑΙΤ4690ΒΡ-Θ3Ο,2025-05-23,ΟΔΟΙΠΟΡΙΚΑ ΜΕΤΑΚΙΝΗΣΗΣ ΙΑΤΡΟΥ,,,,no sponsor block
Ρ7ΔΔ4690ΒΡ-ΑΡΞ,2025-05-23,ΟΔΟΙΠΟΡΙΚΑ ΜΕΤΑΚΙΝΗΣΗΣ ΙΑΤΡΟΥ,,,,no sponsor block
ΨΜΡΖ4690ΒΡ-Η87,2025-05-23,ΟΔΟΙΠΟΡΙΚΑ ΜΕΤΑΚΙΝΗΣΗΣ ΙΑΤΡΟΥ,,,,no sponsor block
ΨΙΜΧ4690ΒΡ-443,2025-05-23,ΟΔΟΙΠΟΡΙΚΑ ΜΕΤΑΚΙΝΗΣΗΣ ΙΑΤΡΟΥ,,,,no sponsor block
Ψ1ΦΞ4690ΒΡ-0ΜΥ,2025-05-23,ΟΔΟΙΠΟΡΙΚΑ ΜΕΤΑΚΙΝΗΣΗΣ ΙΑΤΡΟΥ,,,,no sponsor block
6ΖΚΤ4690ΒΡ-Φ39,2025-05-23,ΟΔΟΙΠΟΡΙΚΑ ΜΕΤΑΚΙΝΗΣΗΣ ΙΑΤΡΟΥ,,,,no sponsor block
Ψ9Ε64690ΒΡ-ΓΥΚ,2025-05-23,ΜΕΤΑΚΙΝΗΣΗ ΥΠΑΛΛΗΛΟΥ ΓΙΑ ΕΚΠΑΙΔΕΥΣΗ,,,,no sponsor block
Ρ07Α4690ΒΡ-ΙΦΙ,2025-05-23,ΜΕΤΑΚΙΝΗΣΗ ΙΑΤΡΟΥ ΓΙΑ ΕΚΠΑΙΔΕΥΣΗ,,,,no sponsor block
Ψ2Ψ74690ΒΡ-Η6Η,2025-05-23,ΜΕΤΑΚΙΝΗΣΗ ΥΠΑΛΛΗΛΟΥ ΓΙΑ ΕΚΠΑΙΔΕΥΣΗ,,,,no sponsor block
63Φ74690ΒΡ-ΡΥΔ,2025-05-23,ΜΕΤΑΚΙΝΗΣΗ ΥΠΑΛΛΗΛΟΥ ΓΙΑ ΥΠΗΡΕΣΙΑΚΟΥΣ ΛΟΓΟΥΣ,,,,no sponsor block
ΨΤΦΒ4690ΒΡ-ΞΗΡ,2025-05-23,ΜΕΤΑΚΙΝΗΣΗ ΥΠΑΛΛΗΛΟΥ ΓΙΑ ΕΚΠΑΙΔΕΥΣΗ,,,,no sponsor block
ΡΘΝΒ4690ΒΡ-3ΓΝ,2025-05-23,ΜΕΤΑΚΙΝΗΣΗ ΥΠΑΛΛΗΛΟΥ ΓΙΑ ΕΚΠΑΙΔΕΥΣΗ,,,,no sponsor block
ΡΦΒΨ4690ΒΡ-ΤΝΓ,2025-05-23,ΜΕΤΑΚΙΝΗΣΗ ΥΠΑΛΛΗΛΟΥ ΓΙΑ ΕΚΠΑΙΔΕΥΣΗ,,,,no sponsor block
6ΙΖ84690ΒΡ-1Φ5,2025-05-23,ΜΕΤΑΚΙΝΗΣΗ ΥΠΑΛΛΗΛΟΥ ΓΙΑ ΕΚΠΑΙΔΕΥΣΗ,,,,no sponsor block
ΨΥΑΟ4690ΒΡ-Μ59,2025-05-23,ΜΕΤΑΚΙΝΗΣΗ ΥΠΑΛΛΗΛΟΥ ΓΙΑ ΕΚΠΑΙΔΕΥΣΗ,,,,no sponsor block
6ΘΖΧ4690ΒΡ-2ΡΣ,2025-05-23,ΜΕΤΑΚΙΝΗΣΗ ΥΠΑΛΛΗΛΟΥ ΓΙΑ ΕΚΠΑΙΔΕΥΣΗ,,,,no sponsor block
9ΜΖΗ4690ΒΡ-ΔΜ5,2025-05-23,ΜΕΤΑΚΙΝΗΣΗ ΙΑΤΡΟΥ,,,,no sponsor block
ΡΒΨΖ4690ΒΡ-ΖΙΒ,2025-05-23,ΟΔΟΙΠΟΡΙΚΑ ΜΕΤΑΚΙΝΗΣΗΣ ΙΑΤΡΟΥ,,,,no sponsor block
ΨΘΓΨ4690ΒΡ-ΨΓΟ,2025-05-23,ΟΔΟΙΠΟΡΙΚΑ ΜΕΤΑΚΙΝΗΣΗΣ ΙΑΤΡΟΥ,,,,no sponsor block
ΡΕΧ04690ΒΡ-ΓΛΗ,2025-05-23,ΟΔΟΙΠΟΡΙΚΑ ΜΕΤΑΚΙΝΗΣΗΣ ΙΑΤΡΟΥ,,,,no sponsor block
6Υ414690ΒΡ-Σ23,2025-05-23,ΟΔΟΙΠΟΡΙΚΑ ΜΕΤΑΚΙΝΗΣΗΣ ΙΑΤΡΟΥ,,,,no sponsor block
91Α74690ΒΡ-ΕΤΙ,2025-05-23,ΟΔΟΙΠΟΡΙΚΑ ΜΕΤΑΚΙΝΗΣΗΣ ΙΑΤΡΟΥ,,,,no sponsor block
6ΙΕΓ4690ΒΡ-9ΗΒ,2025-05-23,ΟΔΟΙΠΟΡΙΚΑ ΜΕΤΑΚΙΝΗΣΗΣ ΙΑΤΡΟΥ,,,,no sponsor block
6Σ8Α4690ΒΡ-2ΝΡ,2025-05-23,ΟΔΟΙΠΟΡΙΚΑ ΜΕΤΑΚΙΝΗΣΗΣ ΙΑΤΡΟΥ,,,,no sponsor block
ΡΗ4Η4690ΒΡ-9Ρ9,2025-05-23,ΟΔΟΙΠΟΡΙΚΑ ΜΕΤΑΚΙΝΗΣΗΣ ΙΑΤΡΟΥ,,,,no sponsor block
Ρ7ΟΞ4690ΒΡ-ΕΑ0,2025-05-23,ΟΔΟΙΠΟΡΙΚΑ ΜΕΤΑΚΙΝΗΣΗΣ ΙΑΤΡΟΥ,,,,no sponsor block
ΡΡΚΓ4690ΒΡ-2ΜΗ,2025-05-23,ΟΔΟΙΠΟΡΙΚΑ ΜΕΤΑΚΙΝΗΣΗΣ ΙΑΤΡΟΥ,,,,no sponsor block
6ΖΠΥ4690ΒΡ-6ΝΘ,2025-05-23,ΟΔΟΙΠΟΡΙΚΑ ΜΕΤΑΚΙΝΗΣΗΣ ΙΑΤΡΟΥ,,,,no sponsor block
ΨΜΠΣ4690ΒΡ-ΞΑΔ,2025-05-23,ΟΔΟΙΠΟΡΙΚΑ ΜΕΤΑΚΙΝΗΣΗΣ ΙΑΤΡΟΥ,,,,no sponsor block
6ΔΨΓ4690ΒΡ-Δ6Ξ,2025-05-23,ΟΔΟΙΠΟΡΙΚΑ ΜΕΤΑΚΙΝΗΣΗΣ ΙΑΤΡΟΥ,,,,no sponsor block
ΡΕ9Υ4690ΒΡ-ΩΚΩ,2025-05-23,ΟΔΟΙΠΟΡΙΚΑ ΜΕΤΑΚΙΝΗΣΗΣ ΙΑΤΡΟΥ,,,,no sponsor block
934Ψ4690ΒΡ-ΑΩΞ,2025-05-23,ΧΕ:1020/2025 ΑΠΟΓΕΥΜΑΤΙΝΑ ΙΑΤΡΕΙΑ,,,,no sponsor block
6Τ6Ο4690ΒΡ-Α7Η,2025-05-23,ΧΕ:1024/2025 ΑΠΟΓΕΥΜΑΤΙΝΑ ΙΑΤΡΕΙΑ,,,,no sponsor block
ΨΣΨ04690ΒΡ-Φ6Ο,2025-05-23,ΧΕ:1026/2025 ΑΠΟΓΕΥΜΑΤΙΝΑ ΙΑΤΡΕΙΑ,,,,no sponsor block
9ΕΔ84690ΒΡ-30Γ,2025-05-23,ΧΕ:1041/2025 ΑΠΟΓΕΥΜΑΤΙΝΑ ΙΑΤΡΕΙΑ,,,,no sponsor block
990Ζ4690ΒΡ-Κ3Α,2025-05-23,ΧΕ:1042/2025 ΑΠΟΓΕΥΜΑΤΙΝΑ ΙΑΤΡΕΙΑ,,,,no sponsor block
6ΙΩΞ4690ΒΡ-Λ7Μ,2025-05-23,ΧΕ:1061/2025 ΑΠΟΓΕΥΜΑΤΙΝΑ ΙΑΤΡΕΙΑ,,,,no sponsor block
ΨΒΙ14690ΒΡ-Φ75,2025-05-21,ΧΕ:1019/2025 ΥΠΕΡΩΡΙΕΣ & ΝΥΧΤΕΡΙΝΑ ΣΕ ΠΡΟΣ.ΤΟΥ ΝΟΣ.,,,,no sponsor block
6Γ234690ΒΡ-6ΣΞ,2025-05-21,ΧΕ:1008/2025 ΠΡΟΣΩΠΙΚΟ ΠΡΟΓΡ.ΟΑΕΔ,,,,no sponsor block
97Π14690ΒΡ-ΠΔΔ,2025-05-21,ΧΕ:1016/2025 ΕΡΓΟΔΟΤΙΚΕΣ ΕΙΣΦΟΡΕΣ ΔΙΕΚ,,,,no sponsor block
6ΓΦΚ4690ΒΡ-ΕΒΔ,2025-05-21,ΧΕ:1017/2025 ΕΡΓΟΔΟΤΙΚΕΣ ΕΙΣΦΟΡΕΣ ΕΠΑΛ,,,,no sponsor block
62ΞΩ4690ΒΡ-ΒΞΠ,2025-05-07,ΧΕ:940/2025 ΤΑΚΤΙΚΕΣ ΕΦΗΜΕΡΙΕΣ ΓΙΑΤΡΩΝ,,,,no sponsor block
94Φ64690ΒΡ-6ΗΖ,2025-05-07,ΧΕ:939/2025 ΤΑΚΤΙΚΕΣ ΕΦΗΜΕΡΙΕΣ ΓΙΑΤΡΩΝ,,,,no sponsor block
9ΞΑ94690ΒΡ-Κ4Λ,2025-05-07,ΧΕ:938/2025 ΤΑΚΤΙΚΕΣ ΕΦΗΜΕΡΙΕΣ ΓΙΑΤΡΩΝ,,,,no sponsor block
Ψ61Υ4690ΒΡ-Ο04,2025-05-06,ΧΕ:934/2025 ΑΠΟΓΕΥΜΑΤΙΝΑ ΧΕΙΡΟΥΡΓΕΙΑ,,,,no sponsor block
Ψ0ΒΜ4690ΒΡ-0ΦΗ,2025-05-06,ΧΕ:933/2025 ΑΠΟΓΕΥΜΑΤΙΝΑ ΧΕΙΡΟΥΡΓΕΙΑ,,,,no sponsor block
Ψ92Χ4690ΒΡ-974,2025-05-06,ΧΕ:932/2025 ΑΠΟΓΕΥΜΑΤΙΝΑ ΧΕΙΡΟΥΡΓΕΙΑ,,,,no sponsor block
ΨΚ3Α4690ΒΡ-ΥΞΟ,2025-05-02,XE:925/2025 ΜΙΣΘ/ΣΙΑ ΕΠΙΚΟΥΡ.ΠΡΟΣ.Ι.Δ,,,,no sponsor block
9Κ6Θ4690ΒΡ-ΜΚΥ,2025-04-30,ΧΕ:923/2025 ΠΡΟΣΘΕΤΕΣ ΑΜΟΙΒΕΣ ΕΠΙΣΤΗΜ.ΠΡΟΣ.,,,,no sponsor block
ΨΨΗ84690ΒΡ-Τ2Θ,2025-04-30,XE:922/2025 ΜΙΣΘ/ΣΙΑ ΕΠΙΚΟΥΡ.ΓΙΑΤΡΩΝ,,,,no sponsor block
6Ξ414690ΒΡ-2ΒΦ,2025-04-28,ΧΕ:910/2025 ΑΠΑΣΧΟΛΟΥΜΕΝΟΙ ΑΠΟΦΟΙΤΟΙ ΜΕ ΠΡΟΓΡΑΜΜΑ ΜΑΘΗΤΕΙΑΣ,,,,no sponsor block
6Υ204690ΒΡ-ΣΡΣ,2025-04-28,ΧΕ:909/2025 ΜΙΣΘ/ΣΙΑ ΕΠΙΚΟΥΡ.ΠΡΟΣ.,,,,no sponsor block
9ΗΟΓ4690ΒΡ-8ΗΩ,2025-04-23,ΧΕ:884/2025 ΕΡΓΟΔΟΤΙΚΕΣ ΕΙΣΦΟΡΕΣ ΔΙΕΚ,,,,no sponsor block
ΡΓΓ44690ΒΡ-ΜΒΜ,2025-04-23,ΧΕ:885/2025 ΕΡΓΟΔΟΤΙΚΕΣ ΕΙΣΦΟΡΕΣ ΕΠΑΛ,,,,no sponsor block
Ψ2ΨΖ4690ΒΡ-ΟΔΙ,2025-04-23,ΧΕ:886/2025 ΑΠΑΣΧΟΛΟΥΜΕΝΟΙ ΑΠΟΦΟΙΤΟΙ ΕΠΑΛ ΜΕ ΠΡΟΓΡΑΜΜΑ ΜΑΘΗΤΕΙΑΣ,,,,no sponsor block
9ΜΒΥ4690ΒΡ-Ξ2Β,2025-04-23,ΧΕ:887/2025 ΜΙΣΘ/ΣΙΑ ΕΠΙΚΟΥΡΙΚΟΥ ΠΡΟΣ.,,,,no sponsor block
9Ψ7Ρ4690ΒΡ-Ω18,2025-04-22,ΧΕ:883/2025 ΠΡΟΣΩΠΙΚΟ ΠΡΟΓΡΑΜΜΑΤΟΣ ΟΑΕΔ,,,,no sponsor block
Ρ46Υ4690ΒΡ-Ε7Υ,2026-02-04,ΟΔΟΙΠΟΡΙΚΑ ΜΕΤΑΚΙΝΗΣΗΣ ΙΑΤΡΟΥ (ΚΑΣ.ΔΗΜ) Χ.Ε. 87/2026,,,,no sponsor block
ΡΦΔ24690ΒΡ-1ΚΘ,2026-02-03,ΧΕ:88/2026 ΠΡΟΣΘΕΤΕΣ ΑΜΟΙΒΕΣ ΠΡΟΣ.,,,,no sponsor block
ΨΒΡΤ4690ΒΡ-ΞΞΞ,2026-02-03,XE:86/2026 ΑΠΟΓΕΥΜΑΤΙΝΑ ΙΑΤΡΕΙΑ,,,,no sponsor block
92ΞΝ4690ΒΡ-1ΓΓ,2026-02-03,XE:85/2026 ΑΠΟΓΕΥΜΑΤΙΝΑ ΙΑΤΡΕΙΑ,,,,no sponsor block
ΨΣ7Ν4690ΒΡ-ΧΔΔ,2026-02-03,XE:81/2026 ΑΠΟΓΕΥΜΑΤΙΝΑ ΙΑΤΡΕΙΑ,,,,no sponsor block
9Ρ3Θ4690ΒΡ-ΛΥΚ,2026-02-03,XE:78/2026 ΤΑΚΤΙΚΕΣ ΕΦΗΜΕΡΙΕΣ ΓΙΑΤΡΩΝ,,,,no sponsor block
Ψ9344690ΒΡ-ΞΣΑ,2026-02-03,XE:77/2026 ΜΙΣΘ/ΣΙΑ ΕΠΙΚΟΥΡ.ΠΡΟΣ.,,,,no sponsor block
ΨΚΓΩ4690ΒΡ-ΡΘΚ,2026-02-03,XE:76/2026 ΑΠΟΓΕΥΜΑΤΙΝΑ ΙΑΤΡΕΙΑ,,,,no sponsor block
9ΨΗ34690ΒΡ-ΥΙΝ,2026-02-03,XE:75/2026 ΗΜΕΡ.ΑΠΟΖ.ΣΕ ΓΙΑΤΡΟ,,,,no sponsor block
Ρ7ΓΛ4690ΒΡ-Δ2Γ,2026-02-03,XE:74/2026 ΗΜΕΡ.ΑΠΟΖ.ΣΕ ΓΙΑΤΡΟ,,,,no sponsor block
9Π544690ΒΡ-77Ε,2026-02-03,XE:73/2026 ΗΜΕΡ.ΑΠΟΖ.ΣΕ ΓΙΑΤΡΟ,,,,no sponsor block
62Ρ64690ΒΡ-ΠΜ5,2026-01-30,ΧΕ:45/2026 ΑΠΟΦ.ΕΠΑΛ ΜΕ ΠΡΟΓΡΑΜΜΑ ΜΑΘΗΤΕΙΑΣ,,,,no sponsor block
ΨΡΧΣ4690ΒΡ-ΤΗΝ,2026-01-30,ΜΕΤΑΚΙΝΗΣΗ ΙΑΤΡΟΥ ΕΣΥ (ΜΑΡ.ΚΩΝ.) ΣΤΟ Γ.Ν. ΔΡΑΜΑΣ ΓΙΑ ΥΠΗΡΕΣΙΑΚΟΥΣ ΛΟΓΟΥΣ,,,,no sponsor block
68Δ44690ΒΡ-ΣΣ0,2026-01-30,ΧΕ:67/2026 ΠΡΟΣΘΕΤΕΣ ΑΜΟΙΒΕΣ ΕΠΙΣΤ.ΠΡΟΣ.,,,,no sponsor block
9Θ824690ΒΡ-ΓΔΦ,2026-01-30,ΧΕ:60/2026 ΠΡΟΣΘΕΤΕΣ ΑΜΟΙΒΕΣ ΕΠΙΣΤ.ΠΡΟΣ.,,,,no sponsor block
6ΜΦ94690ΒΡ-66Ζ,2026-01-29,ΧΕ:39/2026 ΤΣΑΝΤ. ΕΥΑΓ. ΓΙΑΤΡΟΣ ΗΜΕΡ. ΑΠΟΖ.,,,,no sponsor block
ΡΜΩΛ4690ΒΡ-ΣΦΥ,2026-01-29,ΧΕ:36/2026 ΣΟΛ. ΚΩΝ. ΓΙΑΤΡΟΣ ΗΜΕΡ. ΑΠΟΖ.,,,,no sponsor block
ΡΩΣΔ4690ΒΡ-ΕΞΚ,2026-01-29,ΧΕ:32/2026 ΣΩΤ. ΕΥΑΓ. ΓΙΑΤΡΟΣ ΗΜΕΡ. ΑΠΟΖ.,,,,no sponsor block
ΡΑΥΑ4690ΒΡ-2ΤΛ,2026-01-29,ΧΕ:31/2026 ΤΣΟΥΚ.ΖΑΧ. ΓΙΑΤΡΟΣ ΗΜΕΡ. ΑΠΟΖ.,,,,no sponsor block
9ΩΤΑ4690ΒΡ-ΘΓΨ,2026-01-29,ΧΕ:30/2026 ΓΚΟΡ. ΧΡΗΣΤ. ΓΙΑΤΡΟΣ ΗΜΕΡ. ΑΠΟΖ.,,,,no sponsor block
96ΔΩ4690ΒΡ-ΩΓ1,2026-01-29,ΧΕ:29/2026 ΒΑΤ.ΔΗΜ. ΓΙΑΤΡΟΣ ΗΜΕΡ. ΑΠΟΖ.,,,,no sponsor block
ΨΩ514690ΒΡ-ΙΟΨ,2026-01-29,ΧΕ:28/2026 ΜΟΣΧ.ΙΩΑΝ. ΓΙΑΤΡΟΣ ΗΜΕΡ. ΑΠΟΖ.,,,,no sponsor block
9ΔΕΜ4690ΒΡ-Ε9Λ,2026-01-29,ΧΕ:27/2026 ΤΣΙΤΣ.ΑΝΝ. ΓΙΑΤΡΟΣ ΗΜΕΡ. ΑΠΟΖ.,,,,no sponsor block
6Α054690ΒΡ-8ΘΒ,2026-01-29,ΧΕ:26/2026 ΒΕ.ΝΙΚΟΛ. ΓΙΑΤΡΟΣ ΗΜΕΡ. ΑΠΟΖ.,,,,no sponsor block
ΡΕΨΘ4690ΒΡ-6ΡΥ,2026-01-29,ΧΕ:25/2026 ΛΙΑΠ.ΙΩΑΝ. ΓΙΑΤΡΟΣ ΗΜΕΡ. ΑΠΟΖ.,,,,no sponsor block
9ΧΖΞ4690ΒΡ-ΝΨΑ,2026-01-29,ΧΕ:24/2026 ΠΑΥΛ.ΧΡΙΣΤ. ΓΙΑΤΡΟΣ ΗΜΕΡ. ΑΠΟΖ.,,,,no sponsor block
ΨΩΧΨ4690ΒΡ-Ρ49,2026-01-29,ΧΕ:23/2026 ΚΙΑΚ.ΕΥΑΓ..ΓΙΑΤΡΟΣ.ΗΜΕΡ.ΑΠΟΖ/ΣΗ,,,,no sponsor block
ΡΥΣΕ4690ΒΡ-ΝΔ8,2026-01-29,ΧΕ:22/2026 ΖΑΠΑΝ.ΓΑΚ..ΓΙΑΤΡΟΣ.ΗΜΕΡ.ΑΠΟΖ/ΣΗ,,,,no sponsor block
Ψ02Υ4690ΒΡ-9ΛΩ,2026-01-29,ΧΕ:21/2026 ΧΑΤΖΗΓ.ΣΠΥΡ..ΓΙΑΤΡΟΣ.ΗΜΕΡ.ΑΠΟΖ/ΣΗ,,,,no sponsor block
97ΛΖ4690ΒΡ-ΩΡ3,2026-01-29,ΧΕ:ΣΑΡ..ΑΝ.ΓΙΑΤΡΟΣ.ΗΜΕΡ.ΑΠΟΖ/ΣΗ,,,,no sponsor block
ΡΡΛ94690ΒΡ-2Ι2,2026-01-29,ΧΕ:44/2026 ΜΙΣΘ/ΣΙΑ ΕΠΙΚΟΥΡ. ΓΙΑΤΡΩΝ.,,,,no sponsor block
ΡΟΑΞ4690ΒΡ-5ΛΨ,2026-01-29,ΧΕ:42/2026 ΜΙΣΘ/ΣΙΑ ΕΠΙΚΟΥΡ.ΠΡΟΣ.,,,,no sponsor block
9ΙΝΡ4690ΒΡ-ΣΔΙ,2026-01-29,ΧΕ:41/2026 ΜΙΣΘ/ΣΙΑ ΕΠΙΚΟΥΡ.ΠΡΟΣ.,,,,no sponsor block
ΡΥΖΖ4690ΒΡ-ΧΣΔ,2026-01-28,ΜΕΤΑΚΙΝΗΣΗ Δ/ΝΤΡΙΑΣ (ΠΕΧΛ.ΜΑΡ. ) ΣΤΗΝ ΘΕΣ/ΝΙΚΗ ΓΙΑ ΥΠΗΡΕΣΙΑΚΟΥΣ ΛΟΓΟΥΣ,,,,no sponsor block
9ΑΕ14690ΒΡ-9Β7,2026-01-28,ΜΕΤΑΚΙΝΗΣΗ ΥΠΑΛΛΗΛΟΥ (ΣΠΥΡ.ΣΠΥΡ. ) ΣΤΗΝ ΘΕΣ/ΝΙΚΗ ΓΙΑ ΥΠΗΡΕΣΙΑΚΟΥΣ ΛΟΓΟΥΣ,,,,no sponsor block
9ΞΗΑ4690ΒΡ-ΘΔΚ,2026-01-28,ΜΕΤΑΚΙΝΗΣΗ Δ/ΝΤΡΙΑΣ (ΑΘΑΝ.ΕΥΑ. ) ΣΤΗΝ ΘΕΣ/ΝΙΚΗ ΓΙΑ ΥΠΗΡΕΣΙΑΚΟΥΣ ΛΟΓΟΥΣ,,,,no sponsor block
62ΟΙ4690ΒΡ-12Ψ,2026-01-28,ΜΕΤΑΚΙΝΗΣΗ ΠΡΟΪΣΤΑΜΕΝΗΣ (ΚΑΛ.ΠΑΡ. ) ΣΤΗΝ ΘΕΣ/ΝΙΚΗ ΓΙΑ ΥΠΗΡΕΣΙΑΚΟΥΣ ΛΟΓΟΥΣ,,,,no sponsor block
Ψ4ΝΞ4690ΒΡ-Ψ33,2026-01-28,ΜΕΤΑΚΙΝΗΣΗ Δ/ΝΤΡΙΑΣ (ΓΡΗΓ.ΜΑΡ. ) ΣΤΗΝ ΘΕΣ/ΝΙΚΗ ΓΙΑ ΥΠΗΡΕΣΙΑΚΟΥΣ ΛΟΓΟΥΣ,,,,no sponsor block
6Μ134690ΒΡ-7ΔΨ,2026-01-28,ΧΕ:17/2026 ΕΡΓΟΔΟΤΙΚΕΣ ΕΙΣΦΟΡΕΣ,,,,no sponsor block
9ΕΝΟ4690ΒΡ-Ω2Ω,2026-01-28,XE:16/2026 ΑΠΟΓΕΥΜ.ΙΑΤΡΕΙΑ,,,,no sponsor block
9Υ8Τ4690ΒΡ-Χ7Ψ,2026-01-28,XE:15/2026 ΑΠΟΓΕΥΜΑΤ.ΙΑΤΡΕΙΑ,,,,no sponsor block
ΨΦΒΜ4690ΒΡ-ΒΒ9,2026-01-28,XE:14/2026 ΑΠΟΓΕΥΜΑΤ.ΙΑΤΡΕΙΑ,,,,no sponsor block
Ρ9034690ΒΡ-9ΦΗ,2026-01-28,XE:13/2026 ΑΠΟΓΕΥΜ.ΙΑΤΡΕΙΑ,,,,no sponsor block
ΨΧΒΔ4690ΒΡ-9ΛΑ,2026-01-28,XE:9/2026 ΠΡΟΣΘΕΤΕΣ ΕΦΗΜΕΡΙΕΣ ΕΠΙΚΟΥΡ.ΓΙΑΤΡΩΝ,,,,no sponsor block
6ΔΒΒ4690ΒΡ-Β73,2026-01-28,XE:8/2026 ΕΡΓΟΔΟΤΙΚΕΣ ΕΙΣΦΟΡΕΣ,,,,no sponsor block
Ψ1ΧΕ4690ΒΡ-ΚΗΨ,2026-01-28,XE:7/2026 ΟΑΕΔ ΤΡΑΥΜΑΤΙΟΦ.,,,,no sponsor block
9ΖΗ64690ΒΡ-732,2026-01-28,XE:6/2026 ΠΡΟΣ.ΠΡΟΓΡΑΜ.ΟΑΕΔ,,,,no sponsor block
ΨΗ294690ΒΡ-ΡΔΓ,2026-01-28,ΧΕ:5/2026 ΕΡΓΟΔΟΤΙΚΕΣ ΕΙΣΦΟΡΕΣ,,,,no sponsor block
Ψ5Β74690ΒΡ-Ρ4Τ,2026-01-22,ΧΕ:4/2026 ΧΡΗΜΑΤΙΚΟ ΕΝΤΑΛΜΑ ΠΡΟΠΛΗΡΩΜΗΣ,,,,no sponsor block
9ΞΕ24690ΒΡ-8Ε7,2026-01-22,ΧΕ:3/2026 ΧΡΗΜΑΤΙΚΟ ΕΝΤΑΛΜΑ ΠΡΟΠΛΗΡΩΜΗΣ,,,,no sponsor block
ΡΞΧ34690ΒΡ-Ζ6Σ,2025-12-23,ΧΕ:2791/2025 ΜΙΣΘ/ΣΙΑ ΕΠΙΚΟΥΡΙΚΩΝ ΓΙΑΤΡΩΝ,,,,no sponsor block
ΨΩΔΖ4690ΒΡ-1ΛΚ,2025-12-19,ΧΕ:2783/2025 ΜΙΣΘ/ΣΙΑ ΕΠΙΚΟΥΡ.ΠΡΟΣ.Ι.Δ.COVID-19,,,,no sponsor block
9ΟΔΖ4690ΒΡ-98Ο,2025-12-18,ΧΕ:2780/2025 ΤΑΚΤΙΚΕΣ ΕΦΗΜΕΡΙΕΣ  ΓΙΑΤΡΩΝ,,,,no sponsor block
ΨΠΑ04690ΒΡ-34Ν,2025-12-18,ΧΕ:2781/2025 ΤΑΚΤΙΚΕΣ ΕΦΗΜΕΡΙΕΣ ΕΠΙΚΟΥΡΙΚΩΝ ΓΙΑΤΡΩΝ,,,,no sponsor block
6Χ6Ψ4690ΒΡ-Ν1Ν,2025-12-18,ΜΕΤΑΚΙΝΗΣΗ ΥΠΑΛΛΗΛΟΥ (ΦΩΤ.ΙΟΡ. ) ΣΤΗΝ ΘΕΣ/ΝΙΚΗ ΓΙΑ ΥΠΗΡΕΣΙΑΚΟΥΣ ΛΟΓΟΥΣ,,,,no sponsor block
6ΞΕΜ4690ΒΡ-ΛΤ5,2025-12-18,ΜΕΤΑΚΙΝΗΣΗ ΥΠΑΛΛΗΛΟΥ (ΦΩΤ.ΙΟΡ. ) ΣΤΗΝ ΘΕΣ/ΝΙΚΗ ΓΙΑ ΥΠΗΡΕΣΙΑΚΟΥΣ ΛΟΓΟΥΣ,,,,no sponsor block
ΨΩΠΔ4690ΒΡ-5Χ9,2025-12-18,ΜΕΤΑΚΙΝΗΣΗ ΥΠΑΛΛΗΛΟΥ (ΦΩΤ.ΙΟΡ. ) ΣΤΗΝ ΘΕΣ/ΝΙΚΗ ΓΙΑ ΥΠΗΡΕΣΙΑΚΟΥΣ ΛΟΓΟΥΣ,,,,no sponsor block
ΨΞΡΞ4690ΒΡ-ΜΓ7,2025-12-17,ΧΕ:2778/2025 ΥΠΕΡΒΑΛΛΟΥΣΕΣ ΕΦΗΜΕΡΙΕΣ ΓΙΑΤΡΩΝ,,,,no sponsor block
ΨΟΑΒ4690ΒΡ-ΡΦΙ,2025-12-17,ΧΕ:2779/2025 ΠΡΟΣΘΕΤΕΣ ΕΦΗΜΕΡΙΕΣ ΕΠΙΚΟΥΡ.ΓΙΑΤΡΩΝ,,,,no sponsor block
ΨΚΥΣ4690ΒΡ-ΘΔΖ,2025-12-17,ΧΕ:2777/2025 ΜΙΣΘ/ΣΙΑ ΕΠΙΚΟΥΡ.ΠΡΟΣ.,,,,no sponsor block
9ΒΞ04690ΒΡ-ΦΑ9,2025-12-17,ΧΕ:2770/2025 ΜΙΣΘ/ΣΙΑ ΕΠΙΚΟΥΡ.ΠΡΟΣ.ΑΝΑΠΛΗΡΩΣΗΣ,,,,no sponsor block
Ψ8Ζ84690ΒΡ-587,2025-12-17,ΧΕ:2771/2025 ΕΙΣΦΟΡΕΣ ΣΤΟΝ ΕΦΚΑ ΑΠΟΦΟΙΤΩΝ ΔΙΕΚ,,,,no sponsor block
9Μ9Ο4690ΒΡ-ΗΤΚ,2025-12-17,ΧΕ:2774/2025 ΕΙΣΦΟΡΕΣ ΣΤΟΝ ΕΦΚΑ ΣΠΟΥΔΑΣΤΩΝ ΑΕΙ,,,,no sponsor block
ΡΧΒ44690ΒΡ-ΔΛ7,2025-12-16,ΧΕ:2768/2025 ΠΡΟΣΘΕΤΕΣ ΑΜΟΙΒΕΣ ΕΠΙΣΤΗΜ.ΠΡΟΣ.,,,,no sponsor block
ΨΤΕΦ4690ΒΡ-1ΞΨ,2025-12-12,ΧΕ:2766/2025 ΠΡΟΣΘΕΤΕΣ ΑΜΟΙΒΕΣ ΠΡΟΣ.,,,,no sponsor block
ΨΝΩΕ4690ΒΡ-ΟΒΜ,2025-12-10,ΧΕ:2749/2025 ΥΠΕΡ ΕΦΚΑ ΕΡΓΟΔΟΤΙΚΕΣ ΕΙΣΦΟΡΕΣ,,,,no sponsor block
6Α3Μ4690ΒΡ-1ΗΦ,2025-12-10,ΧΕ:2744/2025 ΥΠΕΡ ΕΦΚΑ (ΠΑΤ.ΣΤ.ΚΛΠ.1)ΠΡΟΣΩΠΙΚΟ ΠΡΟΓΡ.ΟΑΕΔ ΤΡΑΥΜ.,,,,no sponsor block
Ρ67Θ4690ΒΡ-ΛΤ4,2025-12-10,ΧΕ:2743/2025 ΥΠΕΡ ΕΦΚΑ (ΓΚ.ΔΗΜ.ΚΛΠ.11)ΠΡΟΣΩΠΙΚΟ ΠΡΟΓΡ.ΟΑΕΔ,,,,no sponsor block
ΡΗΝ04690ΒΡ-Υ2Ω,2025-12-03,ΧΕ:2642/2025 ΤΑΚΤΙΚΕΣ ΕΦΗΜΕΡΙΕΣ ΕΠΙΚΟΥΡ.ΓΙΑΤΡΩΝ,,,,no sponsor block
ΡΝΙΚ4690ΒΡ-6Α2,2025-12-03,ΧΕ:2639/2025 ΤΑΚΤΙΚΕΣ ΕΦΗΜΕΡΙΕΣ ΓΙΑΤΡΩΝ,,,,no sponsor block
Ρ4Δ34690ΒΡ-ΣΗΑ,2025-12-03,ΟΔΟΙΠΟΡΙΚΑ ΜΕΤΑΚΙΝΗΣΗΣ ΙΑΤΡΩΝ ΕΣΥ ΕΝΤΟΣ ΚΑΙ ΕΚΤΟΣ ΕΔΡΑΣ ΜΗΝΟΣ ΜΑΙΟΥ,,,,no sponsor block
Ρ6ΙΧ4690ΒΡ-4ΙΗ,2025-12-03,ΟΔΟΙΠΟΡΙΚΑ ΜΕΤΑΚΙΝΗΣΗΣ ΙΑΤΡΩΝ ΕΣΥ ΕΝΤΟΣ ΚΑΙ ΕΚΤΟΣ ΕΔΡΑΣ ΜΗΝΟΣ ΜΑΙΟΥ,,,,no sponsor block
Ρ6Η04690ΒΡ-Τ43,2025-12-03,ΟΔΟΙΠΟΡΙΚΑ ΜΕΤΑΚΙΝΗΣΗΣ ΙΑΤΡΩΝ ΕΣΥ ΕΝΤΟΣ ΚΑΙ ΕΚΤΟΣ ΕΔΡΑΣ ΜΗΝΟΣ ΜΑΙΟΥ,,,,no sponsor block
Ψ8ΠΞ4690ΒΡ-ΞΗΚ,2025-12-03,ΟΔΟΙΠΟΡΙΚΑ ΜΕΤΑΚΙΝΗΣΗΣ ΙΑΤΡΩΝ ΕΣΥ ΕΝΤΟΣ ΚΑΙ ΕΚΤΟΣ ΕΔΡΑΣ ΜΗΝΟΣ ΑΠΡΙΛΙΟΥ.,,,,no sponsor block
Ψ1Ν34690ΒΡ-Ε0Ψ,2025-12-03,ΟΔΟΙΠΟΡΙΚΑ ΜΕΤΑΚΙΝΗΣΗΣ ΙΑΤΡΩΝ ΕΣΥ ΕΝΤΟΣ ΚΑΙ ΕΚΤΟΣ ΕΔΡΑΣ ΜΗΝΟΣ ΑΠΡΙΛΙΟΥ,,,,no sponsor block
9ΝΟ74690ΒΡ-5ΥΒ,2025-12-03,ΟΔΟΙΠΟΡΙΚΑ ΜΕΤΑΚΙΝΗΣΗΣ ΙΑΤΡΩΝ ΕΣΥ ΕΝΤΟΣ ΚΑΙ ΕΚΤΟΣ ΕΔΡΑΣ ΜΗΝΟΣ ΑΠΡΙΛΙΟΥ,,,,no sponsor block
680Ξ4690ΒΡ-ΠΒΡ,2025-12-03,ΟΔΟΙΠΟΡΙΚΑ ΜΕΤΑΚΙΝΗΣΗΣ ΙΑΤΡΩΝ ΕΣΥ ΕΝΤΟΣ ΚΑΙ ΕΚΤΟΣ ΕΔΡΑΣ ΜΗΝΟΣ ΜΑΙΟΥ,,,,no sponsor block
ΨΧΛΧ4690ΒΡ-ΕΚΦ,2025-12-03,ΟΔΟΙΠΟΡΙΚΑ ΜΕΤΑΚΙΝΗΣΗΣ ΙΑΤΡΩΝ ΕΣΥ ΕΝΤΟΣ ΚΑΙ ΕΚΤΟΣ ΕΔΡΑΣ ΜΗΝΟΣ ΜΑΙΟΥ,,,,no sponsor block
9Ξ8Ω4690ΒΡ-5ΚΟ,2025-12-03,ΟΔΟΙΠΟΡΙΚΑ ΜΕΤΑΚΙΝΗΣΗΣ ΙΑΤΡΩΝ ΕΣΥ ΕΝΤΟΣ ΚΑΙ ΕΚΤΟΣ ΕΔΡΑΣ ΜΗΝΟΣ ΜΑΙΟΥ,,,,no sponsor block
Ψ6ΝΥ4690ΒΡ-1ΙΓ,2025-12-03,ΟΔΟΙΠΟΡΙΚΑ ΜΕΤΑΚΙΝΗΣΗΣ ΙΑΤΡΩΝ ΕΣΥ ΕΝΤΟΣ ΚΑΙ ΕΚΤΟΣ ΕΔΡΑΣ ΜΗΝΟΣ ΜΑΙΟΥ,,,,no sponsor block
9ΘΦΡ4690ΒΡ-3ΩΟ,2025-12-03,ΟΔΟΙΠΟΡΙΚΑ ΜΕΤΑΚΙΝΗΣΗΣ ΙΑΤΡΩΝ ΕΣΥ ΕΝΤΟΣ ΚΑΙ ΕΚΤΟΣ ΕΔΡΑΣ ΜΗΝΟΣ ΜΑΙΟΥ,,,,no sponsor block
9ΝΤΔ4690ΒΡ-Α3Μ,2025-12-03,ΟΔΟΙΠΟΡΙΚΑ ΜΕΤΑΚΙΝΗΣΗΣ ΙΑΤΡΩΝ ΕΣΥ ΕΝΤΟΣ ΚΑΙ ΕΚΤΟΣ ΕΔΡΑΣ ΜΗΝΟΣ ΜΑΙΟΥ,,,,no sponsor block
ΨΡΕΜ4690ΒΡ-Ε3Ξ,2025-12-03,ΟΔΟΙΠΟΡΙΚΑ ΜΕΤΑΚΙΝΗΣΗΣ ΙΑΤΡΩΝ ΕΣΥ ΕΝΤΟΣ ΚΑΙ ΕΚΤΟΣ ΕΔΡΑΣ ΜΗΝΟΣ ΜΑΙΟΥ,,,,no sponsor block
63Φ84690ΒΡ-ΩΚ8,2025-12-03,ΟΔΟΙΠΟΡΙΚΑ ΜΕΤΑΚΙΝΗΣΗΣ ΙΑΤΡΩΝ ΕΣΥ ΕΝΤΟΣ ΚΑΙ ΕΚΤΟΣ ΕΔΡΑΣ ΜΗΝΟΣ ΜΑΙΟΥ,,,,no sponsor block
9ΜΔΤ4690ΒΡ-Ε0Ν,2025-12-03,ΟΔΟΙΠΟΡΙΚΑ ΜΕΤΑΚΙΝΗΣΗΣ ΙΑΤΡΩΝ ΕΣΥ ΕΝΤΟΣ ΚΑΙ ΕΚΤΟΣ ΕΔΡΑΣ ΜΗΝΟΣ ΜΑΙΟΥ,,,,no sponsor block
ΨΘΚΩ4690ΒΡ-Η4Ν,2025-12-03,ΟΔΟΙΠΟΡΙΚΑ ΜΕΤΑΚΙΝΗΣΗΣ ΙΑΤΡΩΝ ΕΣΥ ΕΝΤΟΣ ΚΑΙ ΕΚΤΟΣ ΕΔΡΑΣ ΜΗΝΟΣ ΜΑΙΟΥ,,,,no sponsor block
ΨΦ0Ζ4690ΒΡ-ΒΨ2,2025-12-03,ΟΔΟΙΠΟΡΙΚΑ ΜΕΤΑΚΙΝΗΣΗΣ ΙΑΤΡΩΝ ΕΣΥ ΕΝΤΟΣ ΚΑΙ ΕΚΤΟΣ ΕΔΡΑΣ ΜΗΝΟΣ ΜΑΙΟΥ,,,,no sponsor block
6ΞΑΩ4690ΒΡ-ΥΜΖ,2025-12-03,ΟΔΟΙΠΟΡΙΚΑ ΜΕΤΑΚΙΝΗΣΗΣ ΙΑΤΡΩΝ ΕΣΥ ΕΝΤΟΣ ΚΑΙ ΕΚΤΟΣ ΕΔΡΑΣ ΜΗΝΟΣ ΜΑΙΟΥ,,,,no sponsor block
9ΡΟΥ4690ΒΡ-ΩΧΗ,2025-12-03,ΟΔΟΙΠΟΡΙΚΑ ΜΕΤΑΚΙΝΗΣΗΣ ΙΑΤΡΩΝ ΕΣΥ ΕΝΤΟΣ ΚΑΙ ΕΚΤΟΣ ΕΔΡΑΣ ΜΗΝΟΣ ΜΑΙΟΥ,,,,no sponsor block
9ΛΨΖ4690ΒΡ-ΗΝΔ,2025-12-03,ΟΔΟΙΠΟΡΙΚΑ ΜΕΤΑΚΙΝΗΣΗΣ ΙΑΤΡΩΝ ΕΣΥ ΕΝΤΟΣ ΚΑΙ ΕΚΤΟΣ ΕΔΡΑΣ ΜΗΝΟΣ ΜΑΙΟΥ,,,,no sponsor block
6ΦΛΧ4690ΒΡ-ΑΜΣ,2025-12-03,ΟΔΟΙΠΟΡΙΚΑ ΜΕΤΑΚΙΝΗΣΗΣ ΙΑΤΡΩΝ ΕΣΥ ΕΝΤΟΣ ΚΑΙ ΕΚΤΟΣ ΕΔΡΑΣ ΜΗΝΟΣ ΜΑΙΟΥ,,,,no sponsor block
9ΘΥ04690ΒΡ-ΛΧΑ,2025-12-03,ΟΔΟΙΠΟΡΙΚΑ ΜΕΤΑΚΙΝΗΣΗΣ ΙΑΤΡΩΝ ΕΣΥ ΕΝΤΟΣ ΚΑΙ ΕΚΤΟΣ ΕΔΡΑΣ ΜΗΝΟΣ ΜΑΙΟΥ,,,,no sponsor block
ΨΑΜΟ4690ΒΡ-ΜΟΥ,2025-12-03,ΟΔΟΙΠΟΡΙΚΑ ΜΕΤΑΚΙΝΗΣΗΣ ΙΑΤΡΩΝ ΕΣΥ ΕΝΤΟΣ ΚΑΙ ΕΚΤΟΣ ΕΔΡΑΣ ΜΗΝΟΣ ΜΑΙΟΥ,,,,no sponsor block
Ψ9ΨΟ4690ΒΡ-ΘΕ1,2025-12-03,ΟΔΟΙΠΟΡΙΚΑ ΜΕΤΑΚΙΝΗΣΗΣ ΙΑΤΡΩΝ ΕΣΥ ΕΝΤΟΣ ΚΑΙ ΕΚΤΟΣ ΕΔΡΑΣ ΜΗΝΟΣ ΜΑΙΟΥ,,,,no sponsor block
94ΟΞ4690ΒΡ-ΕΚ1,2025-12-03,ΟΔΟΙΠΟΡΙΚΑ ΜΕΤΑΚΙΝΗΣΗΣ ΙΑΤΡΩΝ ΕΣΥ ΕΝΤΟΣ ΚΑΙ ΕΚΤΟΣ ΕΔΡΑΣ ΜΗΝΟΣ ΜΑΙΟΥ,,,,no sponsor block
6ΔΞΖ4690ΒΡ-2ΞΕ,2025-12-03,ΟΔΟΙΠΟΡΙΚΑ ΜΕΤΑΚΙΝΗΣΗΣ ΙΑΤΡΩΝ ΕΣΥ ΕΝΤΟΣ ΚΑΙ ΕΚΤΟΣ ΕΔΡΑΣ ΜΗΝΟΣ ΜΑΙΟΥ,,,,no sponsor block
99ΞΔ4690ΒΡ-Υ5Π,2025-12-03,ΟΔΟΙΠΟΡΙΚΑ ΜΕΤΑΚΙΝΗΣΗΣ ΙΑΤΡΩΝ ΕΣΥ ΕΝΤΟΣ ΚΑΙ ΕΚΤΟΣ ΕΔΡΑΣ ΜΗΝΟΣ ΜΑΙΟΥ,,,,no sponsor block
6ΔΘΒ4690ΒΡ-ΦΒ8,2025-12-03,ΟΔΟΙΠΟΡΙΚΑ ΜΕΤΑΚΙΝΗΣΗΣ ΙΑΤΡΩΝ ΕΣΥ ΕΝΤΟΣ ΚΑΙ ΕΚΤΟΣ ΕΔΡΑΣ ΜΗΝΟΣ ΜΑΙΟΥ,,,,no sponsor block
ΨΞΓΧ4690ΒΡ-4ΗΣ,2025-12-03,ΟΔΟΙΠΟΡΙΚΑ ΜΕΤΑΚΙΝΗΣΗΣ ΙΑΤΡΩΝ ΕΣΥ ΕΝΤΟΣ ΚΑΙ ΕΚΤΟΣ ΕΔΡΑΣ ΜΗΝΟΣ ΜΑΙΟΥ,,,,no sponsor block
6ΘΣΚ4690ΒΡ-ΗΣ8,2025-12-03,ΟΔΟΙΠΟΡΙΚΑ ΜΕΤΑΚΙΝΗΣΗΣ ΙΑΤΡΩΝ ΕΣΥ ΕΝΤΟΣ ΚΑΙ ΕΚΤΟΣ ΕΔΡΑΣ ΜΗΝΟΣ ΜΑΙΟΥ,,,,no sponsor block
9Ε1Ε4690ΒΡ-ΑΜ8,2025-12-03,ΟΔΟΙΠΟΡΙΚΑ ΜΕΤΑΚΙΝΗΣΗΣ ΙΑΤΡΩΝ ΕΣΥ ΕΝΤΟΣ ΚΑΙ ΕΚΤΟΣ ΕΔΡΑΣ ΜΗΝΟΣ ΜΑΙΟΥ,,,,no sponsor block
Ψ3Κ54690ΒΡ-116,2025-12-03,ΟΔΟΙΠΟΡΙΚΑ ΜΕΤΑΚΙΝΗΣΗΣ ΙΑΤΡΩΝ ΕΣΥ ΕΝΤΟΣ ΚΑΙ ΕΚΤΟΣ ΕΔΡΑΣ ΜΗΝΟΣ ΜΑΙΟΥ,,,,no sponsor block
Ψ1Ε04690ΒΡ-6ΙΧ,2025-12-03,ΟΔΟΙΠΟΡΙΚΑ ΜΕΤΑΚΙΝΗΣΗΣ ΙΑΤΡΩΝ ΕΣΥ ΕΝΤΟΣ ΚΑΙ ΕΚΤΟΣ ΕΔΡΑΣ ΜΗΝΟΣ ΜΑΙΟΥ,,,,no sponsor block
ΨΜ184690ΒΡ-Σ3Ν,2025-12-03,ΧΕ:2637/2025 ΑΠΟΖ/ΣΗ ΣΕ ΜΕΤΑΚΙΝΟΥΜ.ΓΙΑΤΡΟ Ν.5015/23,,,,no sponsor block
6ΓΣ24690ΒΡ-ΨΗΣ,2025-12-02,ΧΕ:2635/2025 ΜΙΣΘ/ΣΙΑ ΕΠΙΚΟΥΡ.ΠΡΟΣ.Ι.Δ.COVID,,,,no sponsor block
9ΕΞ54690ΒΡ-2Ω1,2025-12-01,ΧΕ:2636/2025 ΠΡΟΣΘΕΤΕΣ ΑΜΟΙΒΕΣ ΕΠΙΣΤΗΜ.ΠΡΟΣ.,,,,no sponsor block
65ΔΩ4690ΒΡ-ΛΙΒ,2025-11-28,ΗΜΕΡΗΣΙΑ ΑΠΟΖΗΜΙΩΣΗ  ΜΕΤΑΚΙΝΗΣΗΣ ΥΠΑΛΛΗΛΟΥ ΤΟΥ Γ.Ν. ΔΡΑΜΑΣ ΓΙΑ ΥΠΗΡΕΣΙΑΚΟΥΣ ΛΟΓΟΥΣ,,,,no sponsor block
999Α4690ΒΡ-ΧΣΡ,2025-09-11,ΗΜΕΡΗΣΙΑ ΑΠΟΖΗΜΙΩΣΗ ΜΕΤΑΚΙΝΗΣΗΣ ΥΠΑΛΛΗΛΟΥ ΤΟΥ Γ.Ν. ΔΡΑΜΑΣ ΓΙΑ ΥΠΗΡΕΣΙΑΚΟΥΣ ΛΟΓΟΥΣ.,,,,no sponsor block
93ΥΛ4690ΒΡ-ΦΟΥ,2025-11-27,ΧΕ:2596/2025 ΜΙΣΘ/ΣΙΑ ΕΠΙΚΟΥΡΙΚΟΥ ΠΡΟΣ.,,,,no sponsor block
9ΡΞ84690ΒΡ-ΤΛΝ,2025-11-27,ΧΕ:2595/2025 ΜΙΣΘ/ΣΙΑ ΕΠΙΚΟΥΡΙΚΩΝ ΓΙΑΤΡΩΝ,,,,no sponsor block
Ρ8Β14690ΒΡ-33Ξ,2025-11-27,ΧΕ:2594/2025 ΥΠΕΡΒΑΛΛΟΥΣΕΣ ΕΦΗΜΕΡΙΕΣ ΕΠΙΚΟΥΡ. ΓΙΑΤΡΩΝ,,,,no sponsor block
ΨΛ0Κ4690ΒΡ-ΝΣ0,2025-11-27,ΧΕ:2593/2025 ΥΠΕΡΒΑΛΛΟΥΣΕΣ ΕΦΗΜΕΡΙΕΣ ΓΙΑΤΡΩΝ,,,,no sponsor block
Ψ48Ξ4690ΒΡ-ΝΣΣ,2025-11-26,ΧΕ:2592/2025 ΜΙΣΘ/ΣΙΑ ΕΠΙΚΟΥΡ.ΠΡΟΣ.Ι.Δ.,,,,no sponsor block
ΨΝΧΕ4690ΒΡ-Υ1Δ,2025-11-25,ΧΕ:2555/2025 ΕΡΓΟΔΟΤΙΚΕΣ ΕΙΣΦΟΡΕΣ ΙΚΑ ΔΙΕΚ,,,,no sponsor block
Ρ6Χ34690ΒΡ-Ε0Φ,2025-11-25,ΧΕ:2554/2025 ΕΡΓΟΔΟΤΙΚΕΣ ΕΙΣΦΟΡΕΣ ΙΚΑ ΕΠΑΛ,,,,no sponsor block
99ΛΝ4690ΒΡ-ΔΙΣ,2025-11-19,XE:2543/2025 ΠΡΟΓΡΑΜΜΑ ΠΡΟΛΗΨΗΣ ΣΠΥΡΟΣ ΔΟΞΙΑΔΗΣ,,,,no sponsor block
6ΣΖ44690ΒΡ-Ψ0Ψ,2025-11-19,XE:2542/2025 ΠΡΟΓΡΑΜΜΑ ΠΡΟΛΗΨΗΣ ΣΠΥΡΟΣ ΔΟΞΙΑΔΗΣ,,,,no sponsor block
Ψ2Κ44690ΒΡ-ΚΑΑ,2025-11-19,XE:2541/2025 ΠΡΟΓΡΑΜΜΑ ΠΡΟΛΗΨΗΣ ΣΠΥΡΟΣ ΔΟΞΙΑΔΗΣ,,,,no sponsor block
6ΤΝΦ4690ΒΡ-Μ08,2025-11-14,ΧΕ:2536/2025 ΑΜΟΙΒΕΣ ΑΠΟ ΟΛΟΗΜΕΡΗ ΛΕΙΤΟΥΡΓΙΑ ΙΑΤΡΕΙΩΝ,,,,no sponsor block
Ρ7ΜΛ4690ΒΡ-0Τ9,2025-11-14,ΧΕ:2535/2025 ΑΜΟΙΒΕΣ ΑΠΟ ΟΛΟΗΜΕΡΗ ΛΕΙΤΟΥΡΓΙΑ ΙΑΤΡΕΙΩΝ,,,,no sponsor block
Ψ16Λ4690ΒΡ-0ΚΔ,2025-11-11,ΧΕ:2526/2025 ΟΑΕΔ-ΠΡΟΓΡΑΜΜΑ ΑΠΑΣΧΟΛ.ΤΡΑΥΜΑΤΙΟΦΟΡΕΩΝ,,,,no sponsor block
92284690ΒΡ-179,2025-11-11,ΧΕ:2525/2025 ΠΡΟΣΩΠΙΚΟ ΠΡΟΓΡΑΜΜΑΤΟΣ ΟΑΕΔ ΚΟΙΝ.ΧΑΡ.,,,,no sponsor block
9ΟΨΕ4690ΒΡ-ΘΞ8,2025-11-11,ΧΕ:2517/2025 ΣΕ ΕΦΑΡΜΟΓΗ ΤΟΥ Ν.4850 ΑΡΘΡΟ 90,,,,no sponsor block
6ΞΧΥ4690ΒΡ-2Η1,2025-11-11,ΧΕ:2518/2025 ΣΕ ΕΦΑΡΜΟΓΗ ΤΟΥ Ν.4850 ΑΡΘΡΟ 88,,,,no sponsor block
9Α1Ο4690ΒΡ-ΒΚ9,2025-11-11,ΧΕ:2519/2025 ΣΕ ΕΦΑΡΜΟΓΗ ΤΟΥ Ν.4850 ΑΡΘΡΟ 90,,,,no sponsor block
6ΑΡΖ4690ΒΡ-ΣΧΗ,2025-11-11,ΧΕ:2520/2025 ΣΕ ΕΦΑΡΜΟΓΗ ΤΟΥ Ν.4850 ΑΡΘΡΟ 88,,,,no sponsor block
9Φ2Γ4690ΒΡ-ΣΗ5,2025-11-11,ΧΕ:2521/2025 ΣΕ ΕΦΑΡΜΟΓΗ ΤΟΥ Ν.4850 ΑΡΘΡΟ 90,,,,no sponsor block
ΨΛΚΠ4690ΒΡ-Δ27,2025-11-11,ΧΕ:2523/2025 ΣΕ ΕΦΑΡΜΟΓΗ ΤΟΥ Ν.4850 ΑΡΘΡΟ 88,,,,no sponsor block
9ΒΞ74690ΒΡ-Β3Λ,2025-11-04,ΧΕ:2495/2025 ΥΠΕΡΩΡΙΕΣ & ΝΥΧΤΕΡΙΝΑ ΠΡΟΣ.ΤΟΥ ΝΟΣΟΚ.,,,,no sponsor block
6Γ9Π4690ΒΡ-4ΒΦ,2025-11-04,ΧΕ:2492/25 ΕΦΑΡΜΟΓΗ ΤΟΥ Ν.5015/23 ΣΕ ΜΕΤΑΚΙΝ.ΠΡΟΣ.,,,,no sponsor block
ΨΗ5Λ4690ΒΡ-ΥΦ4,2025-11-04,ΧΕ:2491/2025 ΕΦΑΡΜΟΓΗ ΤΟΥ Ν.5015/23 ΣΕ ΣΤΡΑΤ.ΓΙΑΤΡΟΥΣ,,,,no sponsor block
92ΛΤ4690ΒΡ-ΟΥΕ,2025-11-04,ΧΕ:2490/2025 ΑΠΟΖ.ΜΕΤΑΚΙΝ.ΓΙΑΤΡΩΝ ΣΕ ΕΦΑΡΜ.Ν.4850 ΑΡΘΡΟ 88,,,,no sponsor block
9ΖΥΟ4690ΒΡ-6ΥΞ,2025-11-03,XE:2483/2025 ΤΑΚΤΙΚΕΣ ΕΦΗΜΕΡΙΕΣ ΓΙΑΤΡΩΝ,,,,no sponsor block
62ΝΝ4690ΒΡ-ΠΡ1,2025-11-03,XE:2482/2025 ΤΑΚΤΙΚΕΣ ΕΦΗΜΕΡΙΕΣ ΓΙΑΤΡΩΝ,,,,no sponsor block
6ΓΣΖ4690ΒΡ-ΓΧΦ,2025-11-03,ΧΕ:2480/2025 ΤΑΚΤΙΚΕΣ ΕΦΗΜΕΡΙΕΣ ΓΙΑΤΡΩΝ,,,,no sponsor block
ΨΔΖΘ4690ΒΡ-ΛΙ2,2025-11-03,ΧΕ:2486/2025 ΥΠΕΡΒΑΛΛΟΥΣΕΣ ΕΦΗΜΕΡΙΕΣ ΓΙΑΤΡΩΝ,,,,no sponsor block
610Η4690ΒΡ-Φ3Η,2025-11-03,ΧΕ:2487/2025 ΠΡΟΣΘΕΤΕΣ ΕΦΗΜΕΡΙΕΣ ΕΠΙΚΟΥΡΙΚΩΝ ΓΙΑΤΡΩΝ,,,,no sponsor block
9ΡΞΔ4690ΒΡ-ΛΡΨ,2025-10-29,ΧΕ:2418/2025 ΜΙΣΘ/ΣΙΑ ΕΠΙΚΟΥΡ.ΠΡΟΣ.,,,,no sponsor block
ΨΝΓΥ4690ΒΡ-ΙΦΓ,2025-10-23,ΧΕ:2377/2025 ΥΠΕΡΩΡΙΕΣ & ΝΥΧΤΕΡΙΝΑ ΠΡΟΣ.,,,,no sponsor block
6ΣΛ04690ΒΡ-Ζ0Ρ,2025-10-23,ΧΕ:2376/2025 ΜΙΣΘ/ΣΙΑ ΕΠΙΚΟΥΡΙΚΟΥ ΠΡΟΣ.,,,,no sponsor block
ΨΚ234690ΒΡ-ΡΒ8,2025-10-23,ΧΕ:2375/2025 ΜΙΣΘ/ΣΙΑ ΕΠΙΚΟΥΡΙΚΩΝ ΓΙΑΤΡΩΝ,,,,no sponsor block
9ΕΟΚ4690ΒΡ-7ΡΞ,2025-10-22,ΧΕ:2374/2025 ΥΠΕΡ ΕΦΚΑ (ΑΜ.ΔΑΝ.ΚΛΠ.6)ΕΡΓΟΔΟΤΙΚΕΣ ΕΙΣΦΟΡΕΣ ΔΙΕΚ,,,,no sponsor block
9ΖΚ64690ΒΡ-0ΓΠ,2025-10-21,ΧΕ:2325/2025 ΜΙΣΘ/ΣΙΑ ΕΠΙΚΟΥΡ.ΠΡΟΣ.ΑΝΑΠΛΗΡΩΣΗΣ,,,,no sponsor block
ΨΛΟΒ4690ΒΡ-Ν39,2025-10-21,ΧΕ:2324/2025 ΕΡΓΟΔΟΤΙΚΕΣ ΕΙΣΦΟΡΕΣ ΕΠΑΛ,,,,no sponsor block
ΨΠΣΩ4690ΒΡ-ΓΙΝ,2025-10-17,XE:2312/2025 ΠΡΟΣΘΕΤΕΣ ΑΜΟΙΒΕΣ ΕΠΙΣΤΗΜΟΝΙΚΟΥ ΠΡΟΣ.,,,,no sponsor block
9ΗΧΖ4690ΒΡ-Ω69,2025-10-15,ΧΕ:2309/2025 ΑΠΑΣΧΟΛΟΥΜΕΝΟΙ ΑΠΟΦΟΙΤΟΙ ΕΠΑΛ ΜΕ ΠΡΟΓΡΑΜΜΑ ΜΑΘΗΤΕΙΑΣ,,,,no sponsor block
9ΚΗΑ4690ΒΡ-ΙΟΑ,2025-10-13,ΧΕ:2295/2025 ΠΡΟΣ.ΠΡΟΓ.ΟΑΕΔ ΚΟΙΝΩΦ.ΧΑΡ.,,,,no sponsor block
9Κ474690ΒΡ-ΜΦΠ,2025-10-13,ΧΕ:2294/2025 ΠΡΟΣ.ΠΡΟΓΡ.ΟΑΕΔ ΚΟΙΝ.ΧΑΡ.,,,,no sponsor block
6Η4Τ4690ΒΡ-ΠΓ1,2025-10-07,"ΟΔΟΙΠΟΡΙΚΑ ΜΕΤΑΚΙΝΗΣΗΣ ΙΑΤΡΩΝ ΜΗΝΟΣ ΑΠΡΙΛΙΟΥ/2025 , ΓΙΑ ΥΠΗΡΕΣΙΑΚΟΥΣ ΛΟΓΟΥΣ",,,,no sponsor block
9ΧΟΔ4690ΒΡ-8ΩΤ,2025-10-07,"ΟΔΟΙΠΟΡΙΚΑ ΜΕΤΑΚΙΝΗΣΗΣ ΙΑΤΡΩΝ ΜΗΝΟΣ ΑΠΡΙΛΙΟΥ/2025 , ΓΙΑ ΥΠΗΡΕΣΙΑΚΟΥΣ ΛΟΓΟΥΣ",,,,no sponsor block
977Ξ4690ΒΡ-Μ6Ζ,2025-10-07,"ΟΔΟΙΠΟΡΙΚΑ ΜΕΤΑΚΙΝΗΣΗΣ ΙΑΤΡΩΝ ΜΗΝΟΣ ΑΠΡΙΛΙΟΥ/2025 , ΓΙΑ ΥΠΗΡΕΣΙΑΚΟΥΣ ΛΟΓΟΥΣ",,,,no sponsor block
ΨΧΤΛ4690ΒΡ-ΕΙΤ,2025-10-07,"ΟΔΟΙΠΟΡΙΚΑ ΜΕΤΑΚΙΝΗΣΗΣ ΙΑΤΡΩΝ ΜΗΝΟΣ ΑΠΡΙΛΙΟΥ/2025 , ΓΙΑ ΥΠΗΡΕΣΙΑΚΟΥΣ ΛΟΓΟΥΣ",,,,no sponsor block
9ΔΗΨ4690ΒΡ-0ΚΕ,2025-10-07,"ΟΔΟΙΠΟΡΙΚΑ ΜΕΤΑΚΙΝΗΣΗΣ ΙΑΤΡΩΝ ΜΗΝΟΣ ΑΠΡΙΛΙΟΥ/2025 , ΓΙΑ ΥΠΗΡΕΣΙΑΚΟΥΣ ΛΟΓΟΥΣ",,,,no sponsor block
ΨΩΥΖ4690ΒΡ-76Π,2025-10-07,"ΟΔΟΙΠΟΡΙΚΑ ΜΕΤΑΚΙΝΗΣΗΣ ΙΑΤΡΩΝ ΜΗΝΟΣ ΑΠΡΙΛΙΟΥ/2025 , ΓΙΑ ΥΠΗΡΕΣΙΑΚΟΥΣ ΛΟΓΟΥΣ",,,,no sponsor block
ΨΖ6Ε4690ΒΡ-Θ1Σ,2025-10-07,"ΟΔΟΙΠΟΡΙΚΑ ΜΕΤΑΚΙΝΗΣΗΣ ΙΑΤΡΩΝ ΜΗΝΟΣ ΑΠΡΙΛΙΟΥ/2025 , ΓΙΑ ΥΠΗΡΕΣΙΑΚΟΥΣ ΛΟΓΟΥΣ",,,,no sponsor block
6Χ5Γ4690ΒΡ-ΙΜ3,2025-10-07,"ΟΔΟΙΠΟΡΙΚΑ ΜΕΤΑΚΙΝΗΣΗΣ ΙΑΤΡΩΝ ΜΗΝΟΣ ΑΠΡΙΛΙΟΥ/2025 , ΓΙΑ ΥΠΗΡΕΣΙΑΚΟΥΣ ΛΟΓΟΥΣ",,,,no sponsor block
95ΑΟ4690ΒΡ-ΑΟΧ,2025-10-07,"ΟΔΟΙΠΟΡΙΚΑ ΜΕΤΑΚΙΝΗΣΗΣ ΙΑΤΡΩΝ ΜΗΝΟΣ ΑΠΡΙΛΙΟΥ/2025 , ΓΙΑ ΥΠΗΡΕΣΙΑΚΟΥΣ ΛΟΓΟΥΣ",,,,no sponsor block
9ΡΥΚ4690ΒΡ-ΑΞΧ,2025-10-07,"ΟΔΟΙΠΟΡΙΚΑ ΜΕΤΑΚΙΝΗΣΗΣ ΙΑΤΡΩΝ ΜΗΝΟΣ ΑΠΡΙΛΙΟΥ/2025 , ΓΙΑ ΥΠΗΡΕΣΙΑΚΟΥΣ ΛΟΓΟΥΣ",,,,no sponsor block
Ψ07Δ4690ΒΡ-17Σ,2025-10-07,"ΟΔΟΙΠΟΡΙΚΑ ΜΕΤΑΚΙΝΗΣΗΣ ΙΑΤΡΩΝ ΜΗΝΟΣ ΑΠΡΙΛΙΟΥ/2025 , ΓΙΑ ΥΠΗΡΕΣΙΑΚΟΥΣ ΛΟΓΟΥΣ",,,,no sponsor block
Ψ9ΜΡ4690ΒΡ-ΑΚΔ,2025-10-07,"ΟΔΟΙΠΟΡΙΚΑ ΜΕΤΑΚΙΝΗΣΗΣ ΙΑΤΡΩΝ ΜΗΝΟΣ ΑΠΡΙΛΙΟΥ/2025 , ΓΙΑ ΥΠΗΡΕΣΙΑΚΟΥΣ ΛΟΓΟΥΣ",,,,no sponsor block
ΨΙΦ54690ΒΡ-Γ3Φ,2025-10-07,"ΟΔΟΙΠΟΡΙΚΑ ΜΕΤΑΚΙΝΗΣΗΣ ΙΑΤΡΩΝ ΜΗΝΟΣ ΑΠΡΙΛΙΟΥ/2025 , ΓΙΑ ΥΠΗΡΕΣΙΑΚΟΥΣ ΛΟΓΟΥΣ",,,,no sponsor block
Ψ5ΜΘ4690ΒΡ-4ΔΥ,2025-10-07,"ΟΔΟΙΠΟΡΙΚΑ ΜΕΤΑΚΙΝΗΣΗΣ ΙΑΤΡΩΝ ΜΗΝΟΣ ΑΠΡΙΛΙΟΥ/2025 , ΓΙΑ ΥΠΗΡΕΣΙΑΚΟΥΣ ΛΟΓΟΥΣ",,,,no sponsor block
6Η0Π4690ΒΡ-8ΚΔ,2025-10-07,"ΟΔΟΙΠΟΡΙΚΑ ΜΕΤΑΚΙΝΗΣΗΣ ΙΑΤΡΩΝ ΜΗΝΟΣ ΑΠΡΙΛΙΟΥ/2025 , ΓΙΑ ΥΠΗΡΕΣΙΑΚΟΥΣ ΛΟΓΟΥΣ",,,,no sponsor block
9ΑΜΒ4690ΒΡ-ΝΤΨ,2025-10-07,"ΟΔΟΙΠΟΡΙΚΑ ΜΕΤΑΚΙΝΗΣΗΣ ΙΑΤΡΩΝ ΜΗΝΟΣ ΑΠΡΙΛΙΟΥ/2025 , ΓΙΑ ΥΠΗΡΕΣΙΑΚΟΥΣ ΛΟΓΟΥΣ",,,,no sponsor block
91Ο24690ΒΡ-1Ε0,2025-10-07,"ΟΔΟΙΠΟΡΙΚΑ ΜΕΤΑΚΙΝΗΣΗΣ ΙΑΤΡΩΝ ΜΗΝΟΣ ΑΠΡΙΛΙΟΥ/2025 , ΓΙΑ ΥΠΗΡΕΣΙΑΚΟΥΣ ΛΟΓΟΥΣ",,,,no sponsor block
9ΒΖΒ4690ΒΡ-8ΑΧ,2025-10-06,ΟΔΟΙΠΟΡΙΚΑ & ΗΜΕΡΗΣΙΑ ΑΠΟΖΗΜΕΙΩΣΗ ΜΕΤΑΚΙΝΗΣΗΣ ΔΙΟΙΚΗΤΡΙΑΣ ΓΙΑ ΥΠΗΡΕΣΙΑΚΟΥΣ ΛΟΓΟΥΣ.,,,,no sponsor block
Ρ4ΖΚ4690ΒΡ-ΕΛΚ,2025-10-06,ΟΔΟΙΠΟΡΙΚΑ ΜΕΤΑΚΙΝΗΣΗΣ & ΗΜΕΡΗΣΙΑ ΑΠΟΖΗΜΙΩΣΗ ΜΕΤΑΚΙΝΗΣΗΣ ΙΑΤΡΟΥ ΑΚΡ.ΚΥΡ.,,,,no sponsor block
6ΘΘΑ4690ΒΡ-Ο69,2025-10-06,XE:2264/2025 ΕΙΔΙΚΗ ΑΠΟΖ/ΣΗ ΜΕΤΑΚΙΝΟΥΜ.ΓΙΑΤΡΩΝ,,,,no sponsor block
9ΝΔΒ4690ΒΡ-2ΣΦ,2025-10-03,ΧΕ:2230/2025 ΑΠΟΓΕΥΜΑΤΙΝΑ ΧΕΙΡΟΥΡΓΕΙΑ,,,,no sponsor block
Ρ1Ο34690ΒΡ-ΘΔ0,2025-10-02,XE:2208/2025 ΤΑΚΤΙΚΕΣ ΕΦΗΜΕΡΙΕΣ ΓΙΑΤΡΩΝ,,,,no sponsor block
9ΛΖΧ4690ΒΡ-ΜΘΥ,2025-10-02,XE:2207/2025 ΤΑΚΤΙΚΕΣ ΕΦΗΜΕΡΙΕΣ ΓΙΑΤΡΩΝ,,,,no sponsor block
98344690ΒΡ-ΞΩΧ,2025-10-01,"ΧΕ:2203/2025 ΠΡΟΓΡΑΜΜΑ ΠΡΟΛΗΨΗΣ ""ΣΠΥΡΟΣ ΔΟΞΙΑΔΗΣ""",,,,no sponsor block
ΨΛΕΤ4690ΒΡ-ΑΣΡ,2025-10-01,ΧΕ:2180/2025 ΜΙΣΘ/ΣΙΑ ΕΠΙΚΟΥΡΙΚΟΥ ΠΡΟΣ.,,,,no sponsor block
60ΥΡ4690ΒΡ-ΡΧΥ,2025-10-01,ΧΕ:2128/2025 ΜΙΣΘ/ΣΙΑ ΕΠΙΚΟΥΡΙΚΟΥ ΠΡΟΣ.,,,,no sponsor block
ΨΖΠ74690ΒΡ-Π3Ζ,2025-10-01,ΧΕ:2127/2025 ΜΙΣΘ/ΣΙΑ ΕΠΙΚΟΥΡΙΚΟΥ ΠΡΟΣ.,,,,no sponsor block
Ψ8ΖΡ4690ΒΡ-74Η,2025-10-01,ΧΕ:2126/2025 ΜΙΣΘ/ΣΙΑ ΕΠΙΚΟΥΡΙΚΟΥ ΠΡΟΣ.,,,,no sponsor block
9ΞΟΧ4690ΒΡ-3Δ7,2025-10-01,ΧΕ:2119/2025 ΜΙΣΘ/ΣΙΑ ΕΠΙΚΟΥΡΙΚΟΥ ΠΡΟΣ.,,,,no sponsor block
6Μ464690ΒΡ-ΜΙΟ,2025-10-01,ΧΕ:2117/2025 ΜΙΣΘ/ΣΙΑ ΕΠΙΚΟΥΡΙΚΟΥ ΠΡΟΣ.,,,,no sponsor block
Ψ0724690ΒΡ-ΒΑ0,2025-09-19,ΧΕ:2037/2025 ΥΠΕΡ ΕΦΚΑ-ΕΡΓΟΔΟΤΙΚΕΣ ΕΙΣΦΟΡΕΣ,,,,no sponsor block
65Μ44690ΒΡ-07Σ,2025-09-19,ΧΕ:2035/2025 ΥΠΕΡ ΕΦΚΑ-ΕΡΓΟΔΟΤΙΚΕΣ ΕΙΣΦΟΡΕΣ,,,,no sponsor block
ΡΜΖΙ4690ΒΡ-ΟΣΠ,2025-09-18,ΧΕ:2031/2025 ΟΛΟΗΜΕΡΗ ΛΕΙΤΟΥΡΓΙΑ ΙΑΤΡΕΙΩΝ,,,,no sponsor block
94ΣΨ4690ΒΡ-19Ι,2025-09-18,ΧΕ:2030/2025 ΟΛΟΗΜΕΡΗ ΛΕΙΤΟΥΡΓΙΑ ΙΑΤΡΕΙΩΝ,,,,no sponsor block
ΨΞ2Φ4690ΒΡ-87Ψ,2025-09-17,ΧΕ:2020/2025 ΑΠΟΦΟΙΤΟΙ ΕΠΑΛ ΜΕ ΠΡΟΓΡΑΜΜΑ ΜΑΘΗΤΕΙΑΣ,,,,no sponsor block
9ΑΚ14690ΒΡ-Ι87,2025-09-12,ΧΕ:1976/2025  ΠΡΟΣΘΕΤΕΣ ΑΜΟΙΒΕΣ ΕΠΙΣΤ.ΠΡΟΣ.,,,,no sponsor block
Ρ9Φ14690ΒΡ-ΟΧΚ,2025-09-12,ΧΕ:1975/2025 ΠΡΟΣΘΕΤΕΣ ΑΜΟΙΒΕΣ ΠΡΟΣ.,,,,no sponsor block
Ψ4Ι84690ΒΡ-Ι2Υ,2025-09-10,ΧΕ:1890/2025 ΤΣΑΝ.ΕΥΑΓ.ΗΜΕΡ.ΑΠ.,,,,no sponsor block
963Ω4690ΒΡ-ΑΣΙ,2025-09-10,ΧΕ:1889/2025 ΤΣ.ΖΑΧ.ΗΜΕΡ.ΑΠ.,,,,no sponsor block
ΨΝΔΓ4690ΒΡ-ΠΗΙ,2025-09-10,ΧΕ:1888/2025 ΧΡΙΣΤ.ΜΑΡ.ΗΜΕΡ.ΑΠ.,,,,no sponsor block
ΡΒΩ44690ΒΡ-ΝΒΟ,2025-09-10,ΧΕ:1887/2025 ΣΟΛ.ΚΩΝ.ΗΜΕΡ.ΑΠ.,,,,no sponsor block
ΨΘΣΦ4690ΒΡ-0ΛΠ,2025-09-10,ΧΕ:1892/2025 ΠΡΟΣ.ΠΡΟΓΡ.ΟΑΕΔ,,,,no sponsor block
9ΠΤΒ4690ΒΡ-ΞΞ5,2025-09-10,ΧΕ:1891/2025 ΠΡΟΓΡ.ΑΠΑΣΧΟΛ.ΤΡΑΥΜΑΤΙΟΦΟΡΕΩΝ,,,,no sponsor block
ΨΘΑ84690ΒΡ-0Κ2,2026-04-06,X.E.816/2026 ΠΛΗΡΩΜΗ ΜΕΛΟΥΣ Δ.Σ.,,,,no sponsor block
ΕΡΟ74690ΒΡ-ΡΙ2,2026-07-03,ΧΕ:1823/2026 ΠΡΟΣΘΕΤΕΣ ΑΜΟΙΒΕΣ ΕΠΙΣΤΗΜ.ΠΡΟΣ.,,,,no sponsor block
9Β884690ΒΡ-Π5Ε,2026-07-03,X.E.1790/2026 ΠΛΗΡΩΜΗ ΟΔΟΙΠΟΡΙΚΩΝ ΜΕΤΑΚΙΝΗΣΗΣ ΙΑΤΡΩΝ ΜΗΝΟΣ ΦΕΒΡΟΥΑΡΙΟΥ,,,,no sponsor block
ΨΗΠ34690ΒΡ-Ε53,2026-07-03,X.E.1826/2026 ΗΜΕΡΗΣΙΑΣ ΑΠΟΖΗΜΙΩΣΗΣ ΜΕΤΑΚΙΝΗΣΗΣ ΠΡΟΣΩΠΙΚΟΥ 2ος/2026,,,,no sponsor block
ΡΔΗ64690ΒΡ-ΦΦ1,2026-07-03,X.E.1825/2026 ΗΜΕΡΗΣΙΑΣ ΑΠΟΖΗΜΙΩΣΗΣ ΜΕΤΑΚΙΝΗΣΗΣ ΠΡΟΣΩΠΙΚΟΥ 1ος/2026,,,,no sponsor block
Ψ2ΗΗ4690ΒΡ-ΗΡΛ,2026-07-03,ΧΕ:1824/2026 ΠΡΟΣΘΕΤΕΣ ΑΜΟΙΒΕΣ ΠΡΟΣ.,,,,no sponsor block
9ΗΝΖ4690ΒΡ-458,2026-07-03,X.E.1803/2026 ΠΛΗΡΩΜΗ ΟΔΟΙΠΟΡΙΚΩΝ ΜΕΤΑΚΙΝΗΣΗΣ ΙΑΤΡΩΝ ΜΗΝΟΣ ΦΕΒΡΟΥΑΡΙΟΥ,,,,no sponsor block
Ρ9Ζ24690ΒΡ-ΖΘΗ,2026-07-03,X.E.1804/2026 ΠΛΗΡΩΜΗ ΟΔΟΙΠΟΡΙΚΩΝ ΜΕΤΑΚΙΝΗΣΗΣ ΙΑΤΡΩΝ ΜΗΝΟΣ ΜΑΡΤΙΟΥ,,,,no sponsor block
9ΧΦΛ4690ΒΡ-Σ3Κ,2026-07-03,X.E.1780/2026 ΠΛΗΡΩΜΗ ΟΔΟΙΠΟΡΙΚΩΝ ΜΕΤΑΚΙΝΗΣΗΣ ΠΡΟΣΩΠΙΚΟΥ ΚΨΥ,,,,no sponsor block
ΡΤ0Χ4690ΒΡ-Ε7Ι,2026-07-03,X.E.1779/2026 ΠΛΗΡΩΜΗ ΗΜΕΡΗΣΙΑΣ ΑΠΟΖΗΜΙΩΣΗΣ ΜΕΤΑΚΙΝΗΣΗΣ ΠΡΟΣΩΠΙΚΟΥ ΓΙΑ ΥΠΗΡΕΣΙΑΚΟΥΣ ΛΟΓΟΥΣ,,,,no sponsor block
ΡΨ834690ΒΡ-04Η,2026-07-03,X.E.1777/2026 ΠΛΗΡΩΜΗ ΗΜΕΡΗΣΙΑΣ ΑΠΟΖΗΜΙΩΣΗΣ ΜΕΤΑΚΙΝΗΣΗΣ ΠΡΟΣΩΠΙΚΟΥ ΓΙΑ ΥΠΗΡΕΣΙΑΚΟΥΣ ΛΟΓΟΥΣ,,,,no sponsor block
9ΓΡΙ4690ΒΡ-019,2026-07-03,X.E.1800/2026 ΠΛΗΡΩΜΗ ΟΔΟΙΠΟΡΙΚΩΝ ΜΕΤΑΚΙΝΗΣΗΣ ΙΑΤΡΩΝ ΜΗΝΟΣ ΜΑΡΤΙΟΥ,,,,no sponsor block
ΨΘΚ84690ΒΡ-ΘΦΕ,2026-07-03,X.E.1793/2026 ΠΛΗΡΩΜΗ ΟΔΟΙΠΟΡΙΚΩΝ ΜΕΤΑΚΙΝΗΣΗΣ ΙΑΤΡΩΝ ΜΗΝΟΣ ΜΑΡΤΙΟΥ,,,,no sponsor block
Ψ1ΧΙ4690ΒΡ-7ΤΧ,2026-07-03,X.E.1794/2026 ΠΛΗΡΩΜΗ ΟΔΟΙΠΟΡΙΚΩΝ ΜΕΤΑΚΙΝΗΣΗΣ ΙΑΤΡΩΝ ΜΗΝΟΣ ΜΑΡΤΙΟΥ,,,,no sponsor block
93024690ΒΡ-Κ6Υ,2026-07-03,X.E.1795/2026 ΠΛΗΡΩΜΗ ΟΔΟΙΠΟΡΙΚΩΝ ΜΕΤΑΚΙΝΗΣΗΣ ΙΑΤΡΩΝ ΜΗΝΟΣ ΜΑΡΤΙΟΥ,,,,no sponsor block
Ψ2Ψ44690ΒΡ-1ΥΞ,2026-07-03,X.E.1798/2026 ΠΛΗΡΩΜΗ ΟΔΟΙΠΟΡΙΚΩΝ ΜΕΤΑΚΙΝΗΣΗΣ ΙΑΤΡΩΝ ΜΗΝΟΣ ΜΑΡΤΙΟΥ,,,,no sponsor block
68ΝΝ4690ΒΡ-ΛΑΖ,2026-07-03,X.E.1797/2026 ΠΛΗΡΩΜΗ ΟΔΟΙΠΟΡΙΚΩΝ ΜΕΤΑΚΙΝΗΣΗΣ ΙΑΤΡΩΝ ΜΗΝΟΣ ΜΑΡΤΙΟΥ,,,,no sponsor block
ΨΥΨ24690ΒΡ-Π69,2026-07-03,X.E.1796/2026 ΠΛΗΡΩΜΗ ΟΔΟΙΠΟΡΙΚΩΝ ΜΕΤΑΚΙΝΗΣΗΣ ΙΑΤΡΩΝ ΜΗΝΟΣ ΜΑΡΤΙΟΥ,,,,no sponsor block
9ΗΒΤ4690ΒΡ-13Α,2026-07-03,X.E.1799/2026 ΠΛΗΡΩΜΗ ΟΔΟΙΠΟΡΙΚΩΝ ΜΕΤΑΚΙΝΗΣΗΣ ΙΑΤΡΩΝ ΜΗΝΟΣ ΜΑΡΤΙΟΥ,,,,no sponsor block
ΡΩΙΛ4690ΒΡ-414,2026-07-03,X.E.1801/2026 ΠΛΗΡΩΜΗ ΟΔΟΙΠΟΡΙΚΩΝ ΜΕΤΑΚΙΝΗΣΗΣ ΙΑΤΡΩΝ ΜΗΝΟΣ ΜΑΡΤΙΟΥ,,,,no sponsor block
ΨΖ3Θ4690ΒΡ-4ΓΟ,2026-07-03,X.E.1802/2026 ΠΛΗΡΩΜΗ ΟΔΟΙΠΟΡΙΚΩΝ ΜΕΤΑΚΙΝΗΣΗΣ ΙΑΤΡΩΝ ΜΗΝΟΣ ΜΑΡΤΙΟΥ,,,,no sponsor block
91ΨΑ4690ΒΡ-ΞΕΩ,2026-07-03,X.E.1792/2026 ΠΛΗΡΩΜΗ ΟΔΟΙΠΟΡΙΚΩΝ ΜΕΤΑΚΙΝΗΣΗΣ ΙΑΤΡΩΝ ΜΗΝΟΣ ΜΑΡΤΙΟΥ,,,,no sponsor block
9ΩΥΧ4690ΒΡ-ΧΩ1,2026-07-03,X.E.1782/2026 ΠΛΗΡΩΜΗ ΟΔΟΙΠΟΡΙΚΩΝ ΜΕΤΑΚΙΝΗΣΗΣ ΙΑΤΡΩΝ ΜΗΝΟΣ ΦΕΒΡΟΥΑΡΙΟΥ,,,,no sponsor block
9ΚΖΨ4690ΒΡ-0ΗΒ,2026-07-03,X.E.1778/2026 ΠΛΗΡΩΜΗ ΟΔΟΙΠΟΡΙΚΩΝ ΜΕΤΑΚΙΝΗΣΗΣ ΙΑΤΡΩΝ ΜΗΝΟΣ ΦΕΒΡΟΥΑΡΙΟΥ,,,,no sponsor block
ΨΨ9Υ4690ΒΡ-Σ4Ι,2026-07-03,X.E.1781/2026 ΠΛΗΡΩΜΗ ΟΔΟΙΠΟΡΙΚΩΝ ΜΕΤΑΚΙΝΗΣΗΣ ΙΑΤΡΩΝ ΜΗΝΟΣ ΦΕΒΡΟΥΑΡΙΟΥ,,,,no sponsor block
ΡΨΒ34690ΒΡ-3Χ4,2026-07-03,X.E.1787/2026 ΠΛΗΡΩΜΗ ΟΔΟΙΠΟΡΙΚΩΝ ΜΕΤΑΚΙΝΗΣΗΣ ΙΑΤΡΩΝ ΜΗΝΟΣ ΦΕΒΡΟΥΑΡΙΟΥ,,,,no sponsor block
91ΕΣ4690ΒΡ-ΒΑ3,2026-07-03,X.E.1786/2026 ΠΛΗΡΩΜΗ ΟΔΟΙΠΟΡΙΚΩΝ ΜΕΤΑΚΙΝΗΣΗΣ ΙΑΤΡΩΝ ΜΗΝΟΣ ΦΕΒΡΟΥΑΡΙΟΥ,,,,no sponsor block
9ΠΩ84690ΒΡ-5ΓΕ,2026-07-03,X.E.1785/2026 ΠΛΗΡΩΜΗ ΟΔΟΙΠΟΡΙΚΩΝ ΜΕΤΑΚΙΝΗΣΗΣ ΙΑΤΡΩΝ ΜΗΝΟΣ ΦΕΒΡΟΥΑΡΙΟΥ,,,,no sponsor block
9ΚΒ74690ΒΡ-ΒΥΦ,2026-07-03,X.E.1784/2026 ΠΛΗΡΩΜΗ ΟΔΟΙΠΟΡΙΚΩΝ ΜΕΤΑΚΙΝΗΣΗΣ ΙΑΤΡΩΝ ΜΗΝΟΣ ΦΕΒΡΟΥΑΡΙΟΥ,,,,no sponsor block
Ψ0124690ΒΡ-ΤΤΣ,2026-07-03,X.E.1783/2026 ΠΛΗΡΩΜΗ ΟΔΟΙΠΟΡΙΚΩΝ ΜΕΤΑΚΙΝΗΣΗΣ ΙΑΤΡΩΝ ΜΗΝΟΣ ΦΕΒΡΟΥΑΡΙΟΥ,,,,no sponsor block
9ΩΞΞ4690ΒΡ-ΧΟΔ,2026-07-03,X.E.1789/2026 ΠΛΗΡΩΜΗ ΟΔΟΙΠΟΡΙΚΩΝ ΜΕΤΑΚΙΝΗΣΗΣ ΙΑΤΡΩΝ ΜΗΝΟΣ ΦΕΒΡΟΥΑΡΙΟΥ,,,,no sponsor block
ΡΛ2Η4690ΒΡ-Ι9Δ,2026-07-03,X.E.1788/2026 ΠΛΗΡΩΜΗ ΟΔΟΙΠΟΡΙΚΩΝ ΜΕΤΑΚΙΝΗΣΗΣ ΙΑΤΡΩΝ ΜΗΝΟΣ ΦΕΒΡΟΥΑΡΙΟΥ,,,,no sponsor block
ΡΨΨΛ4690ΒΡ-ΓΓΚ,2026-07-03,X.E.1791/2026 ΠΛΗΡΩΜΗ ΟΔΟΙΠΟΡΙΚΩΝ ΜΕΤΑΚΙΝΗΣΗΣ ΙΑΤΡΩΝ ΜΗΝΟΣ ΦΕΒΡΟΥΑΡΙΟΥ,,,,no sponsor block
6ΜΔ94690ΒΡ-ΓΒ9,2026-07-03,XE:1813/2026 ΥΠΕΡΒΑΛΛΟΥΣΕΣ ΕΦΗΜΕΡΙΕΣ ΓΙΑΤΡΩΝ,,,,no sponsor block
ΨΒΡΚ4690ΒΡ-ΘΥ1,2026-07-03,XE:1814/2026 ΥΠΕΡΒΑΛΛΟΥΣΕΣ ΕΦΗΜΕΡΙΕΣ ΓΙΑΤΡΩΝ,,,,no sponsor block
ΨΩ6Θ4690ΒΡ-5Υ3,2026-07-02,ΧΕ:1812/2026 ΑΠΑΣΧΟΛΟΥΜΕΝΟΙ ΑΠΟΦΟΙΤΟΙ ΕΠΑΛ ΜΕ ΠΡΟΓΡΑΜΜΑ ΜΑΘΗΤΕΙΑΣ,,,,no sponsor block
ΨΥ4Κ4690ΒΡ-6ΣΩ,2026-07-02,ΧΕ 1811/2026 ΕΙΣΦΟΡΕΣ ΣΤΟΝ ΕΦΚΑ ΣΕ ΑΠΟΦΟΙΤΟΥΣ ΑΕΙ,,,,no sponsor block
ΨΖΦΣ4690ΒΡ-ΣΦΠ,2026-07-02,ΧΕ:1810/2026 ΠΡΟΓΡΑΜΜΑ ΣΠΥΡΟΣ ΔΟΞΙΑΔΗΣ,,,,no sponsor block
Ψ0ΜΞ4690ΒΡ-ΗΥ4,2026-07-02,ΧΕ:1809/2026 ΠΡΟΓΡΑΜΜΑ ΣΠΥΡΟΣ ΔΟΞΙΑΔΗΣ,,,,no sponsor block
ΨΣΓΦ4690ΒΡ-ΧΞΗ,2026-07-02,ΧΕ:1776/2026 ΜΙΣΘ/ΣΙΑ ΕΠΙΚΟΥΡ.ΠΡΟΣ.,,,,no sponsor block
9ΖΚΞ4690ΒΡ-7ΩΩ,2026-07-02,ΧΕ:1763/2026 ΜΙΣΘ/ΣΙΑ ΕΠΙΚΟΥΡ.ΓΙΑΤΡΩΝ,,,,no sponsor block
680Ψ4690ΒΡ-ΟΘ7,2026-07-02,ΧΕ:1754/2026 ΜΙΣΘ/ΣΙΑ ΕΠΙΚΟΥΡ.ΓΙΑΤΡΩΝ,,,,no sponsor block
93904690ΒΡ-Μ0Ψ,2026-06-23,ΧΕ:1753/2026 ΜΙΣΘ/ΣΙΑ ΕΠΙΚΟΥΡ.ΠΡΟΣ.ΑΝΑΠΛΗΡΩΣΗΣ,,,,no sponsor block
ΨΤ5Α4690ΒΡ-ΚΥΛ,2026-06-23,XE:1742/2026 ΜΙΣΘ/ΣΙΑ ΕΠΙΚΟΥΡ.ΠΡΟΣ.,,,,no sponsor block
6ΖΗΒ4690ΒΡ-5ΔΑ,2026-06-22,ΧΕ:1738/2026 ΕΡΓΟΔΟΤΙΚΕΣ ΕΙΣΦΟΡΕΣ ΣΤΟΝ ΕΦΚΑ ΣΕ ΑΠΟΦΟΙΤΟΥΣ ΔΙΕΚ,,,,no sponsor block
9ΖΜΚ4690ΒΡ-ΤΩΟ,2026-06-22,ΧΕ:1735/2026 ΕΡΓΟΔΟΤΙΚΕΣ ΕΙΣΦΟΡΕΣ ΣΤΟΝ ΕΦΚΑ ΣΕ ΑΠΟΦΟΙΤΟΥΣ ΕΠΑΛ,,,,no sponsor block
9ΟΜ64690ΒΡ-ΓΦΔ,2026-06-19,ΧΕ:1737/2026 ΕΙΔΙΚΗ ΑΠΟΖ/ΣΗ ΜΕΤΑΚΙΝΟΥΜΕΝΩΝ ΓΙΑΤΡΩΝ ΣΕ ΕΦΑΡΜ.ΤΟΥ Ν.4850 ΑΡΘΡΟ 88,,,,no sponsor block
ΡΝΜΗ4690ΒΡ-ΓΜ6,2026-06-19,ΧΕ:1736/2026 ΠΡΟΓΡΑΜΜΑ ΠΡΟΛΗΨΗΣ ΣΠΥΡΟΣ ΔΟΞΙΑΔΗΣ,,,,no sponsor block
981Ε4690ΒΡ-6Ν6,2026-06-19,ΧΕ:1734/2026 ΠΡΟΓΡΑΜΜΑ ΠΡΟΛΗΨΗΣ ΣΠΥΡΟΣ ΔΟΞΙΑΔΗΣ,,,,no sponsor block
ΨΧΒ74690ΒΡ-45Λ,2026-06-18,ΧΕ:1732/2026 ΑΠΟΔΟΣΗ ΕΙΣΦΟΡΩΝ ΕΦΚΑ & ΦΟΡΟΥ ΣΕ ΠΡΟΣ.ΠΡΟΓΡΑΜΜΑΤΟΣ ΟΑΕΔ,,,,no sponsor block
Ψ6154690ΒΡ-ΜΨ0,2026-06-16,ΧΕ:1690/2026 ΠΡΟΓΡΑΜΜΑ ΑΠΑΣΧ.ΤΡΑΥΜΑΤ.ΟΑΕΔ,,,,no sponsor block
Ρ4ΚΠ4690ΒΡ-Χ2Τ,2026-06-04,ΧΕ:1454/2026 ΤΑΚΤΙΚΕΣ ΕΦΗΜΕΡΙΕΣ ΓΙΑΤΡΩΝ,,,,no sponsor block
ΨΟ864690ΒΡ-ΧΤ4,2026-06-04,ΧΕ:1453/2026 ΤΑΚΤΙΚΕΣ ΕΦΗΜΕΡΙΕΣ ΓΙΑΤΡΩΝ,,,,no sponsor block
Ρ1ΠΨ4690ΒΡ-ΓΝ4,2026-06-04,ΧΕ:1439/2026 ΠΡΟΣΘΕΤΕΣ ΑΜΟΙΒΕΣ ΠΡΟΣΩΠΙΚΟΥ,,,,no sponsor block
997Ζ4690ΒΡ-51Α,2026-05-22,ΧΕ:734/2026 ΣΕ ΕΦΑΡΜΟΓΗ ΤΟΥ Ν.4850 ΑΡΘΡΟ 88 & 90,,,,no sponsor block
ΨΔ364690ΒΡ-ΓΜΝ,2026-06-03,X.E.1393/2026 ΠΛΗΡΩΜΗ ΠΡΟΜΗΘΕΥΤΗ,,,,no sponsor block
9ΜΛΕ4690ΒΡ-5ΞΛ,2026-06-03,X.E.1402/2026 ΠΛΗΡΩΜΗ ΠΡΟΜΗΘΕΥΤΗ,,,,no sponsor block
96Μ34690ΒΡ-ΣΕΚ,2026-06-03,X.E.1396/2026 ΠΛΗΡΩΜΗ ΠΡΟΜΗΘΕΥΤΗ,,,,no sponsor block
9Ε9Ζ4690ΒΡ-ΔΜ2,2026-06-03,X.E.1397/2026 ΠΛΗΡΩΜΗ ΠΡΟΜΗΘΕΥΤΗ,,,,no sponsor block
Ρ7ΟΦ4690ΒΡ-6Χ4,2026-06-03,X.E.1398/2026 ΠΛΗΡΩΜΗ ΠΡΟΜΗΘΕΥΤΗ,,,,no sponsor block
ΨΙΗ44690ΒΡ-56Ν,2026-06-03,X.E.1399/2026 ΠΛΗΡΩΜΗ ΠΡΟΜΗΘΕΥΤΗ,,,,no sponsor block
ΨΜΤΒ4690ΒΡ-Α16,2026-06-03,X.E.1400/2026 ΠΛΗΡΩΜΗ ΠΡΟΜΗΘΕΥΤΗ,,,,no sponsor block
9ΚΕΝ4690ΒΡ-4ΦΚ,2026-06-03,X.E.1401/2026 ΠΛΗΡΩΜΗ ΠΡΟΜΗΘΕΥΤΗ,,,,no sponsor block
Ρ63Γ4690ΒΡ-2Φ9,2026-06-03,X.E.1403/2026 ΠΛΗΡΩΜΗ ΠΡΟΜΗΘΕΥΤΗ,,,,no sponsor block
ΨΗ3Σ4690ΒΡ-Γ1Δ,2026-06-03,X.E.1392/2026 ΠΛΗΡΩΜΗ ΠΡΟΜΗΘΕΥΤΗ,,,,no sponsor block
98ΗΧ4690ΒΡ-Γ3Η,2026-06-03,X.E.1404/2026 ΠΛΗΡΩΜΗ ΠΡΟΜΗΘΕΥΤΗ,,,,no sponsor block
ΡΩΦΟ4690ΒΡ-4ΙΖ,2026-06-03,X.E.1406/2026 ΠΛΗΡΩΜΗ ΠΡΟΜΗΘΕΥΤΗ,,,,no sponsor block
96ΡΞ4690ΒΡ-1Υ5,2026-06-03,X.E.1407/2026 ΠΛΗΡΩΜΗ ΠΡΟΜΗΘΕΥΤΗ,,,,no sponsor block
65ΩΔ4690ΒΡ-ΙΤΥ,2026-06-03,X.E.1395/2026 ΠΛΗΡΩΜΗ ΠΡΟΜΗΘΕΥΤΗ,,,,no sponsor block
ΨΖΧ34690ΒΡ-ΔΤΥ,2026-06-03,X.E.1394/2026 ΠΛΗΡΩΜΗ ΠΡΟΜΗΘΕΥΤΗ,,,,no sponsor block
9ΛΟΤ4690ΒΡ-875,2026-06-03,X.E.1386/2026 ΠΛΗΡΩΜΗ ΠΡΟΜΗΘΕΥΤΗ,,,,no sponsor block
6Δ7Κ4690ΒΡ-3ΝΩ,2026-06-03,X.E.1387/2026 ΠΛΗΡΩΜΗ ΠΡΟΜΗΘΕΥΤΗ,,,,no sponsor block
ΨΨΓΔ4690ΒΡ-ΘΑ5,2026-06-03,X.E.1385/2026 ΠΛΗΡΩΜΗ ΠΡΟΜΗΘΕΥΤΗ,,,,no sponsor block
ΡΟΣΤ4690ΒΡ-ΠΝΛ,2026-06-03,X.E.1384/2026 ΠΛΗΡΩΜΗ ΠΡΟΜΗΘΕΥΤΗ,,,,no sponsor block
6ΜΑΑ4690ΒΡ-ΤΒΕ,2026-06-03,X.E.1376/2026 ΠΛΗΡΩΜΗ ΠΡΟΜΗΘΕΥΤΗ,,,,no sponsor block
9ΤΕ24690ΒΡ-ΞΓΥ,2026-06-03,X.E.1377/2026 ΠΛΗΡΩΜΗ ΠΡΟΜΗΘΕΥΤΗ,,,,no sponsor block
ΨΧΓ74690ΒΡ-Α9Δ,2026-06-03,X.E.1378/2026 ΠΛΗΡΩΜΗ ΠΡΟΜΗΘΕΥΤΗ,,,,no sponsor block
9ΡΧΩ4690ΒΡ-2ΦΦ,2026-06-03,X.E.1379/2026 ΠΛΗΡΩΜΗ ΠΡΟΜΗΘΕΥΤΗ,,,,no sponsor block
Ρ6ΛΒ4690ΒΡ-ΗΧ5,2026-06-03,X.E.1383/2026 ΠΛΗΡΩΜΗ ΠΡΟΜΗΘΕΥΤΗ,,,,no sponsor block
9ΚΒ84690ΒΡ-ΓΟ4,2026-06-03,X.E.1382/2026 ΠΛΗΡΩΜΗ ΠΡΟΜΗΘΕΥΤΗ,,,,no sponsor block
9Ε0Κ4690ΒΡ-ΡΣ2,2026-06-03,X.E.1380/2026 ΠΛΗΡΩΜΗ ΠΡΟΜΗΘΕΥΤΗ,,,,no sponsor block
9ΣΣ54690ΒΡ-ΥΝ5,2026-06-03,X.E.1381/2026 ΠΛΗΡΩΜΗ ΠΡΟΜΗΘΕΥΤΗ,,,,no sponsor block
Ρ7Σ44690ΒΡ-Λ78,2026-06-03,X.E.1405/2026 ΠΛΗΡΩΜΗ ΠΡΟΜΗΘΕΥΤΗ,,,,no sponsor block
9ΑΞΗ4690ΒΡ-Β56,2026-06-02,ΧΕ:1408/2026 ΜΙΣΘ/ΣΙΑ ΕΠΙΚΟΥΡ.ΓΙΑΤΡΩΝ,,,,no sponsor block
956Λ4690ΒΡ-ΙΒΠ,2026-05-29,ΧΕ:1389/2026 ΥΠΕΡΒΑΛΛΟΥΣΕΣ ΕΦΗΜΕΡΙΕΣ ΓΙΑΤΡΩΝ,,,,no sponsor block
ΨΜΝ84690ΒΡ-ΖΚΟ,2026-05-29,ΧΕ:13902026 ΥΠΕΡΒΑΛΛΟΥΣΕΣ ΕΦΗΜΕΡΙΕΣ ΓΙΑΤΡΩΝ,,,,no sponsor block
ΨΙ934690ΒΡ-ΓΓΞ,2026-05-27,ΧΕ:1312/2026 ΕΡΓΟΔΟΤΙΚΕΣ ΕΙΣΦΟΡΕΣ ΣΤΟΝ ΕΦΚΑ ΣΕ ΑΠΟΦΟΙΤΟΥΣ ΔΙΕΚ,,,,no sponsor block
ΡΕΟΓ4690ΒΡ-ΝΩΗ,2026-05-27,XE:1310/2026 ΑΠΟΓΕΥΜΑΤΙΝΑ ΙΑΤΡΕΙΑ,,,,no sponsor block
Ρ4Δ74690ΒΡ-9ΘΛ,2026-05-27,XE:1311/2026 ΑΠΟΓΕΥΜΑΤΙΝΑ ΙΑΤΡΕΙΑ,,,,no sponsor block
91ΑΜ4690ΒΡ-ΔΞ7,2026-05-27,ΧΕ:1293/2026 ΜΙΣΘ/ΣΙΑ ΕΠΙΚΟΥΡ. ΠΡΟΣ.,,,,no sponsor block
91ΒΣ4690ΒΡ-ΖΟΕ,2026-05-27,XE:1278/2026 ΠΡΟΣΘΕΤΕΣ ΑΜΟΙΒΕΣ ΠΡΟΣ/ΚΟΥ,,,,no sponsor block
Ψ3ΖΣ4690ΒΡ-Ω67,2026-05-27,XE:1274/2026 ΑΠΟΦΟΙΤΟΙ ΕΠΑΛ ΜΕ ΠΡΟΓΡΑΜΜΑ ΜΑΘΗΤΕΙΑΣ,,,,no sponsor block
969Ν4690ΒΡ-5ΔΠ,2026-05-27,XE:1262/2026 ΜΙΣΘ/ΣΙΑ ΕΠΙΚΟΥΡ.ΠΡΟΣ.,,,,no sponsor block
9ΗΝ14690ΒΡ-Α2Τ,2026-05-27,XE:1265/2026 ΕΙΣΦΟΡΕΣ ΓΙΑ ΠΡΑΚΤΙΚΗ ΑΣΚΗΣΗ ΣΠΟΥΔΑΣΤΩΝ,,,,no sponsor block
951Θ4690ΒΡ-Γ5Ζ,2026-05-26,ΧΕ:1258/2026 ΜΙΣΘ/ΣΙΑ ΕΠΙΚΟΥΡ.ΠΡΟΣ.,,,,no sponsor block
62ΟΤ4690ΒΡ-ΑΣ9,2026-05-26,ΧΕ:1257/2026 ΕΡΓΟΔΟΤΙΚΕΣ ΕΙΣΦΟΡΕΣ ΕΠΑΛ,,,,no sponsor block
ΨΦΚ14690ΒΡ-3ΦΧ,2026-05-22,ΧΕ:735/2026 ΣΕ ΕΦΑΡΜΟΓΗ ΤΟΥ Ν.4850 ΑΡΘΡΟ 88 & 90,,,,no sponsor block
91ΔΡ4690ΒΡ-ΥΞ2,2026-05-22,ΧΕ:733/2026 ΣΕ ΕΦΑΡΜΟΓΗ ΤΟΥ Ν.4850 ΑΡΘΡΟ 88 & 90,,,,no sponsor block
976Ε4690ΒΡ-34Θ,2026-05-22,ΧΕ:732/2026 ΣΕ ΕΦΑΡΜΟΓΗ ΤΟΥ Ν.4850 ΑΡΘΡΟ 88 & 90,,,,no sponsor block
ΨΟΒΒ4690ΒΡ-ΘΧΞ,2026-05-22,ΧΕ:731/2026 ΣΕ ΕΦΑΡΜΟΓΗ ΤΟΥ Ν.4850 ΑΡΘΡΟ 88 & 90,,,,no sponsor block
ΨΡΙΒ4690ΒΡ-ΓΧΞ,2026-05-22,ΧΕ:730/2026 ΣΕ ΕΦΑΡΜΟΓΗ ΤΟΥ Ν.4850 ΑΡΘΡΟ 88 & 90,,,,no sponsor block
9ΛΔ84690ΒΡ-Χ3Υ,2026-05-21,XE:1244/2026 ΤΑΚΤΙΚΕΣ ΕΦΗΜΕΡΙΕΣ ΓΙΑΤΡΩΝ,,,,no sponsor block
ΨΦ1Γ4690ΒΡ-ΙΛΕ,2026-05-21,XE:1245/2026 ΤΑΚΤΙΚΕΣ ΕΦΗΜΕΡΙΕΣ ΓΙΑΤΡΩΝ,,,,no sponsor block
6ΝΚ74690ΒΡ-6ΑΠ,2026-05-12,XE:1144/2026 ΑΠΟΔΟΣΗ ΕΙΣΦΟΡΩΝ ΕΦΚΑ & ΦΟΡΟΥ ΣΕ ΠΡΟΓΡ.ΟΑΕΔ,,,,no sponsor block
9ΗΝΥ4690ΒΡ-Λ4Λ,2026-05-12,XE:1143/2026 ΑΠΟΔΟΣΗ ΕΙΣΦΟΡΩΝ ΕΦΚΑ & ΦΟΡΟΥ ΣΕ ΠΡΟΓΡ.ΟΑΕΔ,,,,no sponsor block
9Ξ5Β4690ΒΡ-9ΔΩ,2026-05-11,Χ.Ε.819/2026 ΠΛΗΡΩΜΗ ΠΡΟΜΗΘΕΥΤΗ,,,,no sponsor block
Ψ4984690ΒΡ-ΟΡΩ,2026-05-11,Χ.Ε.817/2026 ΠΛΗΡΩΜΗ ΠΡΟΜΗΘΕΥΤΗ,,,,no sponsor block
6Δ2Υ4690ΒΡ-ΙΔΖ,2026-05-11,Χ.Ε.813/2026 ΠΛΗΡΩΜΗ ΠΡΟΜΗΘΕΥΤΗ,,,,no sponsor block
ΨΚΙΧ4690ΒΡ-Θ2Μ,2026-05-11,Χ.Ε.815/2026 ΠΛΗΡΩΜΗ ΠΡΟΜΗΘΕΥΤΗ,,,,no sponsor block
90ΦΛ4690ΒΡ-ΩΨ5,2026-05-11,Χ.Ε.820/2026 ΠΛΗΡΩΜΗ ΠΡΟΜΗΘΕΥΤΗ,,,,no sponsor block
Ψ9Υ54690ΒΡ-ΨΙ6,2026-05-11,Χ.Ε.818/2026 ΠΛΗΡΩΜΗ ΠΡΟΜΗΘΕΥΤΗ,,,,no sponsor block
9Β2Χ4690ΒΡ-63Χ,2026-05-11,Χ.Ε.814/2026 ΠΛΗΡΩΜΗ ΠΡΟΜΗΘΕΥΤΗ,,,,no sponsor block
ΨΞΝΙ4690ΒΡ-5ΑΞ,2026-05-05,ΧΕ:1060/2026 ΠΡΟΓΡΑΜΜΑ ΠΡΟΛΗΨΗΣ ΣΠΥΡΟΣ ΔΟΞΙΑΔΗΣ,,,,no sponsor block
ΡΦΝ14690ΒΡ-Ο63,2026-04-29,Χ.Ε. 808/2026 ΗΜΕΡΗΣΙΑ ΑΠΟΖΗΜΙΩΣΗ ΜΕΤΑΚΙΝΗΣΗΣ ΥΠΑΛΛΗΛΟΥ ΕΤΟΥΣ 2025,,,,no sponsor block
ΡΛ8Π4690ΒΡ-ΙΚΦ,2026-04-29,Χ.Ε. 807/2026 ΗΜΕΡΗΣΙΑ ΑΠΟΖΗΜΙΩΣΗ ΜΕΤΑΚΙΝΗΣΗΣ ΥΠΑΛΛΗΛΟΥ ΕΤΟΥΣ 2025,,,,no sponsor block
628Ι4690ΒΡ-ΒΤ2,2026-04-29,Χ.Ε. 768/2026 ΠΛΗΡΩΜΗ ΟΔΟΙΠΟΡΙΚΩΝ ΜΕΤΑΚΙΝΗΣΗΣ ΙΑΤΡΙΚΟΥ ΠΡΟΣΩΠΙΚΟΥ ΕΤΟΥΣ 2025,,,,no sponsor block
Ψ6Μ04690ΒΡ-7ΟΡ,2026-04-29,Χ.Ε. 786/2026 ΠΛΗΡΩΜΗ ΟΔΟΙΠΟΡΙΚΩΝ ΜΕΤΑΚΙΝΗΣΗΣ ΙΑΤΡΙΚΟΥ ΠΡΟΣΩΠΙΚΟΥ ΕΤΟΥΣ 2025,,,,no sponsor block
9ΛΨ94690ΒΡ-24Ι,2026-04-29,Χ.Ε. 798/2026 ΠΛΗΡΩΜΗ ΟΔΟΙΠΟΡΙΚΩΝ ΜΕΤΑΚΙΝΗΣΗΣ ΙΑΤΡΙΚΟΥ ΠΡΟΣΩΠΙΚΟΥ ΕΤΟΥΣ 2025,,,,no sponsor block
9Ι4Χ4690ΒΡ-Ι7Α,2026-04-29,Χ.Ε. 799/2026 ΠΛΗΡΩΜΗ ΟΔΟΙΠΟΡΙΚΩΝ ΜΕΤΑΚΙΝΗΣΗΣ ΙΑΤΡΙΚΟΥ ΠΡΟΣΩΠΙΚΟΥ ΕΤΟΥΣ 2025,,,,no sponsor block
ΨΑΔ44690ΒΡ-ΧΗΛ,2026-04-29,X.E.769/2026 ΠΛΗΡΩΜΗ ΟΔΟΙΠΟΡΙΚΩΝ ΜΕΤΑΚΙΝΗΣΗΣ ΥΠΑΛΛΗΛΩΝ ΕΤΟΥΣ 2025,,,,no sponsor block
ΨΥΜ34690ΒΡ-6ΜΓ,2026-04-29,X.E.770/2026 ΠΛΗΡΩΜΗ ΟΔΟΙΠΟΡΙΚΩΝ ΜΕΤΑΚΙΝΗΣΗΣ ΥΠΑΛΛΗΛΩΝ ΕΤΟΥΣ 2025,,,,no sponsor block
6Ν0Λ4690ΒΡ-7Μ9,2026-04-29,X.E.771/2026 ΠΛΗΡΩΜΗ ΟΔΟΙΠΟΡΙΚΩΝ ΜΕΤΑΚΙΝΗΣΗΣ ΥΠΑΛΛΗΛΩΝ ΕΤΟΥΣ 2025,,,,no sponsor block
ΨΝ104690ΒΡ-5ΣΩ,2026-04-29,X.E.772/2026 ΠΛΗΡΩΜΗ ΟΔΟΙΠΟΡΙΚΩΝ ΜΕΤΑΚΙΝΗΣΗΣ ΥΠΑΛΛΗΛΩΝ ΕΤΟΥΣ 2025,,,,no sponsor block
6ΜΓ44690ΒΡ-Ρ6Α,2026-04-29,X.E.801/2026 ΠΛΗΡΩΜΗ ΟΔΟΙΠΟΡΙΚΩΝ ΜΕΤΑΚΙΝΗΣΗΣ ΥΠΑΛΛΗΛΩΝ ΕΤΟΥΣ 2025,,,,no sponsor block
ΨΥΛΖ4690ΒΡ-ΣΤ2,2026-04-29,X.E.810/2026 ΠΛΗΡΩΜΗ ΟΔΟΙΠΟΡΙΚΩΝ ΜΕΤΑΚΙΝΗΣΗΣ ΥΠΑΛΛΗΛΩΝ ΕΤΟΥΣ 2025,,,,no sponsor block
ΨΚΖΨ4690ΒΡ-ΜΕΟ,2026-04-29,Χ.Ε.802/2026 ΠΛΗΡΩΜΗ ΟΔΟΙΠΟΡΙΚΩΝ ΜΕΤΑΚΙΝΗΣΗΣ ΥΠΑΛΛΗΛΩΝ ΕΤΟΥΣ 2025,,,,no sponsor block
9ΚΘΜ4690ΒΡ-ΛΜΖ,2026-04-29,X.E. 811/2026 ΠΛΗΡΩΜΗ ΟΔΟΙΠΟΡΙΚΩΝ ΜΕΤΑΚΙΝΗΣΗΣ ΥΠΑΛΛΗΛΩΝ ΕΤΟΥΣ 2025,,,,no sponsor block
98ΜΦ4690ΒΡ-74Κ,2026-04-29,X.E.804/2026 ΠΛΗΡΩΜΗ ΟΔΟΙΠΟΡΙΚΩΝ ΙΑΤΡΙΚΟΥ ΠΡΟΣΩΠΙΚΟΥ,,,,no sponsor block
9Α2Ν4690ΒΡ-5ΧΡ,2026-04-29,ΧΕ:1019/2026 ΠΡΟΣΘΕΤΕΣ ΑΜΟΙΒΕΣ ΠΡΟΣ.,,,,no sponsor block
6ΖΙ74690ΒΡ-Η58,2026-04-29,XE:1020/2026 ΜΙΣΘ/ΣΙΑ ΕΠΙΚΟΥΡ.ΓΙΑΤΡΩΝ,,,,no sponsor block
92Β24690ΒΡ-ΗΑΗ,2026-04-28,Χ.Ε. 787/2026 ΠΛΗΡΩΜΗ ΜΕΤΑΚΙΝΗΣΗΣ ΙΑΤΡΙΚΟΥ ΠΡΟΣΩΠΙΚΟΥ,,,,no sponsor block
ΡΦ8Β4690ΒΡ-ΓΚΘ,2026-04-28,Χ.Ε. 788/2026 ΠΛΗΡΩΜΗ ΜΕΤΑΚΙΝΗΣΗΣ ΙΑΤΡΙΚΟΥ ΠΡΟΣΩΠΙΚΟΥ,,,,no sponsor block
ΨΖΓ04690ΒΡ-0ΧΛ,2026-04-28,Χ.Ε. 789/2026 ΠΛΗΡΩΜΗ ΜΕΤΑΚΙΝΗΣΗΣ ΙΑΤΡΙΚΟΥ ΠΡΟΣΩΠΙΚΟΥ,,,,no sponsor block
9ΩΣ14690ΒΡ-ΖΜΨ,2026-04-28,Χ.Ε. 790/2026 ΠΛΗΡΩΜΗ ΜΕΤΑΚΙΝΗΣΗΣ ΙΑΤΡΙΚΟΥ ΠΡΟΣΩΠΙΚΟΥ,,,,no sponsor block
ΨΩ0Δ4690ΒΡ-19Γ,2026-04-28,Χ.Ε. 791/2026 ΠΛΗΡΩΜΗ ΜΕΤΑΚΙΝΗΣΗΣ ΙΑΤΡΙΚΟΥ ΠΡΟΣΩΠΙΚΟΥ,,,,no sponsor block
9ΜΩΚ4690ΒΡ-Γ6Τ,2026-04-28,Χ.Ε. 792/2026 ΠΛΗΡΩΜΗ ΜΕΤΑΚΙΝΗΣΗΣ ΙΑΤΡΙΚΟΥ ΠΡΟΣΩΠΙΚΟΥ,,,,no sponsor block
ΨΩ1Δ4690ΒΡ-ΧΨ5,2026-04-28,Χ.Ε. 793/2026 ΠΛΗΡΩΜΗ ΜΕΤΑΚΙΝΗΣΗΣ ΙΑΤΡΙΚΟΥ ΠΡΟΣΩΠΙΚΟΥ,,,,no sponsor block
9ΛΙΔ4690ΒΡ-ΑΞ4,2026-04-28,Χ.Ε. 794/2026 ΠΛΗΡΩΜΗ ΜΕΤΑΚΙΝΗΣΗΣ ΙΑΤΡΙΚΟΥ ΠΡΟΣΩΠΙΚΟΥ,,,,no sponsor block
ΡΞ8Ε4690ΒΡ-Γ37,2026-04-28,Χ.Ε. 795/2026 ΠΛΗΡΩΜΗ ΜΕΤΑΚΙΝΗΣΗΣ ΙΑΤΡΙΚΟΥ ΠΡΟΣΩΠΙΚΟΥ,,,,no sponsor block
Ρ9ΞΤ4690ΒΡ-Ρ9Ζ,2026-04-28,Χ.Ε. 796/2026 ΠΛΗΡΩΜΗ ΜΕΤΑΚΙΝΗΣΗΣ ΙΑΤΡΙΚΟΥ ΠΡΟΣΩΠΙΚΟΥ,,,,no sponsor block
6ΖΞΘ4690ΒΡ-6ΘΞ,2026-04-28,Χ.Ε. 809/2026 ΠΛΗΡΩΜΗ ΜΕΤΑΚΙΝΗΣΗΣ ΙΑΤΡΙΚΟΥ ΠΡΟΣΩΠΙΚΟΥ,,,,no sponsor block
961Υ4690ΒΡ-ΦΝΧ,2026-04-28,Χ.Ε. 803/2026 ΠΛΗΡΩΜΗ ΜΕΤΑΚΙΝΗΣΗΣ ΙΑΤΡΙΚΟΥ ΠΡΟΣΩΠΙΚΟΥ,,,,no sponsor block
Ψ1ΠΜ4690ΒΡ-ΕΙΤ,2026-04-28,Χ.Ε. 779/2026 ΠΛΗΡΩΜΗ ΜΕΤΑΚΙΝΗΣΗΣ ΙΑΤΡΙΚΟΥ ΠΡΟΣΩΠΙΚΟΥ,,,,no sponsor block
ΨΗΜΤ4690ΒΡ-7ΝΥ,2026-04-28,Χ.Ε. 767/2026 ΠΛΗΡΩΜΗ ΜΕΤΑΚΙΝΗΣΗΣ ΓΙΑ ΥΠΗΡΕΣΙΑΚΟΥΣ ΛΟΓΟΥΣ,,,,no sponsor block
ΨΒΟΤ4690ΒΡ-Γ8Ε,2026-04-28,Χ.Ε. 785/2026 ΠΛΗΡΩΜΗ ΜΕΤΑΚΙΝΗΣΗΣ ΙΑΤΡΙΚΟΥ ΠΡΟΣΩΠΙΚΟΥ,,,,no sponsor block
9ΣΚΙ4690ΒΡ-5ΑΟ,2026-04-28,Χ.Ε. 784/2026 ΠΛΗΡΩΜΗ ΜΕΤΑΚΙΝΗΣΗΣ ΙΑΤΡΙΚΟΥ ΠΡΟΣΩΠΙΚΟΥ,,,,no sponsor block
65ΟΠ4690ΒΡ-800,2026-04-28,Χ.Ε. 783/2026 ΠΛΗΡΩΜΗ ΜΕΤΑΚΙΝΗΣΗΣ ΙΑΤΡΙΚΟΥ ΠΡΟΣΩΠΙΚΟΥ,,,,no sponsor block
6ΜΔ74690ΒΡ-ΘΚ7,2026-04-28,Χ.Ε. 782/2026 ΠΛΗΡΩΜΗ ΜΕΤΑΚΙΝΗΣΗΣ ΙΑΤΡΙΚΟΥ ΠΡΟΣΩΠΙΚΟΥ,,,,no sponsor block
ΨΩ5Η4690ΒΡ-ΜΧΘ,2026-04-28,Χ.Ε. 781/2026 ΠΛΗΡΩΜΗ ΜΕΤΑΚΙΝΗΣΗΣ ΙΑΤΡΙΚΟΥ ΠΡΟΣΩΠΙΚΟΥ,,,,no sponsor block
ΨΨ7Χ4690ΒΡ-Ι84,2026-04-28,Χ.Ε. 780/2026 ΠΛΗΡΩΜΗ ΜΕΤΑΚΙΝΗΣΗΣ ΙΑΤΡΙΚΟΥ ΠΡΟΣΩΠΙΚΟΥ,,,,no sponsor block
9ΥΓΥ4690ΒΡ-ΥΓΙ,2026-04-28,Χ.Ε. 778/2026 ΠΛΗΡΩΜΗ ΜΕΤΑΚΙΝΗΣΗΣ ΙΑΤΡΙΚΟΥ ΠΡΟΣΩΠΙΚΟΥ,,,,no sponsor block
ΨΞ684690ΒΡ-ΚΜΒ,2026-04-28,Χ.Ε. 777/2026 ΠΛΗΡΩΜΗ ΜΕΤΑΚΙΝΗΣΗΣ ΙΑΤΡΙΚΟΥ ΠΡΟΣΩΠΙΚΟΥ,,,,no sponsor block
ΨΕ994690ΒΡ-Κ1Ψ,2026-04-28,Χ.Ε. 776/2026 ΠΛΗΡΩΜΗ ΜΕΤΑΚΙΝΗΣΗΣ ΙΑΤΡΙΚΟΥ ΠΡΟΣΩΠΙΚΟΥ,,,,no sponsor block
ΡΛΦΚ4690ΒΡ-ΠΦΠ,2026-04-28,Χ.Ε. 775/2026 ΠΛΗΡΩΜΗ ΜΕΤΑΚΙΝΗΣΗΣ ΙΑΤΡΙΚΟΥ ΠΡΟΣΩΠΙΚΟΥ,,,,no sponsor block
Ρ4824690ΒΡ-Λ9Ψ,2026-04-28,Χ.Ε. 774/2026 ΠΛΗΡΩΜΗ ΜΕΤΑΚΙΝΗΣΗΣ ΙΑΤΡΙΚΟΥ ΠΡΟΣΩΠΙΚΟΥ,,,,no sponsor block
62ΒΕ4690ΒΡ-4Θ6,2026-04-28,Χ.Ε. 797/2026 ΠΛΗΡΩΜΗ ΜΕΤΑΚΙΝΗΣΗΣ ΙΑΤΡΙΚΟΥ ΠΡΟΣΩΠΙΚΟΥ.,,,,no sponsor block
95ΓΗ4690ΒΡ-ΑΘΝ,2026-04-27,XE:1018/2026 ΜΙΣΘ/ΣΙΑ ΕΠΙΚΟΥΡΙΚΟΥ ΠΡΟΣ.Ι.Δ.,,,,no sponsor block
6ΧΨΚ4690ΒΡ-ΞΡ4,2026-04-27,ΧΕ:1014/2026 ΠΡΟΣΘΕΤΕΣ ΑΜΟΙΒΕΣ ΕΠΙΣΤΗΜΟΝΙΚΟΥ ΠΡΟΣΩΠΙΚΟΥ,,,,no sponsor block
9ΘΘ04690ΒΡ-ΞΝΘ,2026-04-27,ΧΕ:1013/2026 ΥΠΕΡ ΕΦΚΑ ΕΙΣΦΟΡΕΣ ΓΙΑ ΠΡΑΚΤΙΚΗ ΑΣΚΗΣΗ ΣΠΟΥΔΑΣΤΩΝ ΑΕΙ,,,,no sponsor block
99Γ44690ΒΡ-7ΔΣ,2026-04-24,ΧΕ:963/2026 ΠΡΟΣΘ.ΑΜΟΙΒΕΣ ΠΡΟΣΩΠΙΚΟΥ,,,,no sponsor block
9ΝΠΕ4690ΒΡ-59Κ,2026-04-24,ΧΕ:962/2026 ΜΙΣΘ/ΣΙΑ ΕΠΙΚΟΥΡ.ΠΡΟΣ.,,,,no sponsor block
95ΚΣ4690ΒΡ-9Φ9,2026-04-24,ΧΕ:961/2026 ΜΙΣΘ/ΣΙΑ ΕΠΙΚΟΥΡ.ΠΡΟΣ.,,,,no sponsor block
9ΝΝΔ4690ΒΡ-ΨΝΠ,2026-04-22,ΧΕ:899/2026 ΕΡΓΟΔΟΤΙΚΕΣ ΕΙΣΦΟΡΕΣ ΔΙΕΚ,,,,no sponsor block
ΨΕΥΜ4690ΒΡ-75Β,2026-04-22,ΧΕ:898/2026 ΕΡΓΟΔΟΤΙΚΕΣ ΕΙΣΦΟΡΕΣ ΔΙΕΚ,,,,no sponsor block
Ρ7ΛΟ4690ΒΡ-Τ1Ω,2026-04-17,ΧΕ:856/2026 ΥΠΕΡΒΑΛΛΟΥΣΕΣ ΕΦΗΜΕΡΙΕΣ ΓΙΑΤΡΩΝ,,,,no sponsor block
9ΖΩΨ4690ΒΡ-Α53,2026-04-17,ΧΕ:855/2026 ΥΠΕΡΒΑΛΛΟΥΣΕΣ ΕΦΗΜΕΡΙΕΣ ΓΙΑΤΡΩΝ,,,,no sponsor block
6Δ1Ρ4690ΒΡ-0ΙΞ,2026-04-09,ΧΕ:825/2026 ΠΡΟΣ.ΠΡΟΓΡ.ΟΑΕΔ ΚΟΙΝ.ΧΑΡΑΚΤ.,,,,no sponsor block
9Κ6Ν4690ΒΡ-2ΙΚ,2026-04-09,XE:824/2026 ΟΑΕΔ ΠΡΟΓΡΑΜΜΑ ΑΠΑΣΧ.ΤΡΑΥΜΑΤΙΟΦΟΡΕΩΝ,,,,no sponsor block
9ΜΑΠ4690ΒΡ-Γ5Β,2026-04-07,ΧΕ:812/2026 ΠΡΟΣΘΕΤΕΣ ΑΜΟΙΒΕΣ ΠΡΟΣΩΠΙΚΟΥ,,,,no sponsor block
90ΩΟ4690ΒΡ-ΡΕ5,2026-04-01,ΧΕ:762/2026 ΤΑΚΤΙΚΕΣ ΕΦΗΜΕΡΙΕΣ ΓΙΑΤΡΩΝ,,,,no sponsor block
Ψ6ΚΩ4690ΒΡ-ΒΟΕ,2026-04-01,ΧΕ:763/2026 ΤΑΚΤΙΚΕΣ ΕΦΗΜΕΡΙΕΣ ΕΠΙΚΟΥΡ.ΓΙΑΤΡΩΝ,,,,no sponsor block
ΡΑΨΦ4690ΒΡ-3ΕΖ,2026-03-31,Χ.Ε. 743/2026 ΠΛΗΡΩΜΗ ΜΕΤΑΚΙΝΗΣΗΣ (ΚΥΡ.ΕΥΤ.) ΥΠΑΛΛΗΛΟΥ Κ.Ψ.Υ. ΣΤΟ ΣΙΤΑΓΡΟΙ ΔΡΑΜΑΣ ΓΙΑ ΔΙΚΑΣΤΙΚΗ ΣΥΜΠΑΡΑΣΤΑΣΗ.,,,,no sponsor block
Ψ4ΕΥ4690ΒΡ-ΞΥ7,2026-03-30,XE:751/2026 ΠΡΟΣΘΕΤΕΣ ΑΜΟΙΒΕΣ ΕΠΙΣΤΗΜΟΝΙΚΟΥ ΠΡΟΣ.,,,,no sponsor block
9ΣΡΩ4690ΒΡ-ΥΨ6,2026-03-30,XE:750/2026 ΠΡΟΣΘΕΤΕΣ ΑΜΟΙΒΕΣ ΕΠΙΣΤΗΜΟΝΙΚΟΥ ΠΡΟΣ.,,,,no sponsor block
906Ξ4690ΒΡ-Β7Υ,2026-03-30,XE:749/2026 ΤΑΚΤΙΚΕΣ ΕΦΗΜΕΡΙΕΣ ΓΙΑΤΡΩΝ,,,,no sponsor block
9Η4Β4690ΒΡ-Ξ5Γ,2026-03-30,XE:748/2026 ΤΑΚΤΙΚΕΣ ΕΦΗΜΕΡΙΕΣ ΓΙΑΤΡΩΝ,,,,no sponsor block
9ΔΕΒ4690ΒΡ-Σ4Β,2026-03-30,XE:747/2026 ΠΡΟΣΘΕΤΕΣ ΑΜΟΙΒΕΣ ΠΡΟΣ.,,,,no sponsor block
9ΣΡΕ4690ΒΡ-4ΧΛ,2026-03-30,XE:746/2026 ΜΙΣΘ/ΣΙΑ ΕΠΙΚΟΥΡ.ΓΙΑΤΡΩΝ,,,,no sponsor block
906Φ4690ΒΡ-7ΦΨ,2026-03-30,ΧΕ:742/2026 ΜΙΣΘ/ΣΙΑ ΕΠΙΚΟΥΡ.ΠΡΟΣ.Ι.Δ.,,,,no sponsor block
ΨΗΖΣ4690ΒΡ-ΜΨ0,2026-03-27,ΧΕ:737/2026 ΜΙΣΘ/ΣΙΑ ΕΠΙΚΟΥΡ.ΠΡΟΣ.,,,,no sponsor block
Ψ6ΧΘ4690ΒΡ-ΖΟ8,2026-03-27,ΧΕ:738/2026 ΜΙΣΘ/ΣΙΑ ΕΠΙΚΟΥΡ.ΠΡΟΣ.,,,,no sponsor block
ΨΦΜΒ4690ΒΡ-ΣΗΘ,2026-03-27,ΧΕ:728/2026 ΤΑΚΤΙΚΕΣ ΕΦΗΜΕΡΙΕΣ ΕΠΙΚΟΥΡ.ΓΙΑΤΡΩΝ,,,,no sponsor block
9Τ284690ΒΡ-ΞΩ4,2026-03-23,ΧΕ:725/2026  ΔΙΟΙΚΗΤΙΚΟ ΑΠΟΓΕΥΜΑΤΙΝΑ ΙΑΤΡΕΙΑ,,,,no sponsor block
Ψ9ΩΛ4690ΒΡ-ΞΙΙ,2026-03-23,ΧΕ:724/2026 ΙΑΤΡΟΙ ΑΠΟΓΕΥΜΑΤΙΝΑ ΙΑΤΡΕΙΑ,,,,no sponsor block
9ΣΦΦ4690ΒΡ-ΨΔ5,2026-03-19,ΧΕ 723/2026 ΥΠΕΡΒΑΛΛΟΥΣΕΣ ΕΦΗΜΕΡΙΕΣ ΓΙΑΤΡΩΝ,,,,no sponsor block
ΡΓΡΗ4690ΒΡ-ΨΗ0,2026-03-19,ΧΕ 722/2026 ΥΠΕΡΒΑΛΛΟΥΣΕΣ ΕΦΗΜΕΡΙΕΣ ΓΙΑΤΡΩΝ,,,,no sponsor block
ΡΟΖΨ4690ΒΡ-70Ι,2026-03-19,ΧΕ 721/2026 ΥΠΕΡΒΑΛΛΟΥΣΕΣ ΕΦΗΜΕΡΙΕΣ ΓΙΑΤΡΩΝ,,,,no sponsor block
Ρ62Θ4690ΒΡ-ΘΞΩ,2026-03-19,ΧΕ 720/2026 ΥΠΕΡΒΑΛΛΟΥΣΕΣ ΕΦΗΜΕΡΙΕΣ ΓΙΑΤΡΩΝ,,,,no sponsor block
654Ν4690ΒΡ-8Χ2,2026-03-19,ΧΕ 719/2026 ΑΠΟΦΟΙΤΟΙ ΕΠΑΛ ΜΕ ΠΡΟΓΡΑΜΜΑ ΜΑΘΗΤΕΙΑΣ,,,,no sponsor block
6ΥΨΚ4690ΒΡ-ΣΜΣ,2026-03-13,ΧΕ:580/2026 ΕΡΓΟΔΟΤΙΚΕΣ ΕΙΣΦΟΡΕΣ ΣΠΟΥΔΑΣΤΩΝ ΑΕΙ,,,,no sponsor block
ΡΑ174690ΒΡ-Ζ4Υ,2026-03-13,ΧΕ:579/2026 ΕΡΓΟΔΟΤΙΚΕΣ ΕΙΣΦΟΡΕΣ ΔΙΕΚ,,,,no sponsor block
ΨΤΜ34690ΒΡ-ΣΒ6,2026-03-13,ΧΕ:576/2026 ΠΡΟΓΡΑΜΜΑ ΑΠΑΣΧΟΛΗΣΗΣ ΟΑΕΔ,,,,no sponsor block
Ψ75Χ4690ΒΡ-ΖΕΜ,2026-03-13,ΧΕ:575/2026 ΠΡΟΓΡΑΜΜΑ ΑΠΑΣΧΟΛΗΣΗΣ ΤΡΑΥΜΑΤΙΟΦΟΡΕΩΝ ΟΑΕΔ,,,,no sponsor block
93Β64690ΒΡ-ΗΧ0,2026-03-13,ΧΕ:574/2026 ΕΡΓΟΔΟΤΙΚΕΣ ΕΙΣΦΟΡΕΣ ΕΠΑΛ,,,,no sponsor block
Ε42Β4690ΒΡ-Ν10,2026-03-09,Χ.Ε.446/2026 ΠΛΗΡΩΜΗ ΟΔΟΙΠΟΡΙΚΩΝ ΙΑΤΡΩΝ ΕΣΥ ΜΗΝΟΣ ΙΟΥΝΙΟΥ,,,,no sponsor block
6Ν8Υ4690ΒΡ-5Ο9,2026-03-09,Χ.Ε.438/2026 ΠΛΗΡΩΜΗ ΜΕΤΑΚΙΝΗΣΗΣ ΙΑΤΡΙΚΩΝ ΕΣΥ ΜΗΝΟΣ ΣΕΠΤΕΜΒΡΙΟΥ.,,,,no sponsor block
ΡΕ854690ΒΡ-ΧΜ2,2026-03-09,Χ.Ε.437/2026 ΠΛΗΡΩΜΗ ΜΕΤΑΚΙΝΗΣΗΣ ΙΑΤΡΙΚΩΝ ΕΣΥ ΜΗΝΟΣ ΣΕΠΤΕΜΒΡΙΟΥ.,,,,no sponsor block
9ΗΦ64690ΒΡ-ΦΑ3,2026-03-09,Χ.Ε.436/2026 ΠΛΗΡΩΜΗ ΜΕΤΑΚΙΝΗΣΗΣ ΙΑΤΡΙΚΩΝ ΕΣΥ ΜΗΝΟΣ ΣΕΠΤΕΜΒΡΙΟΥ.,,,,no sponsor block
ΨΝΦΟ4690ΒΡ-ΥΥΗ,2026-03-09,Χ.Ε.434/2026 ΠΛΗΡΩΜΗ ΜΕΤΑΚΙΝΗΣΗΣ ΙΑΤΡΙΚΩΝ ΕΣΥ ΜΗΝΟΣ ΣΕΠΤΕΜΒΡΙΟΥ.,,,,no sponsor block
6Μ1Ρ4690ΒΡ-Β2Ρ,2026-03-09,Χ.Ε.433/2026 ΠΛΗΡΩΜΗ ΜΕΤΑΚΙΝΗΣΗΣ ΙΑΤΡΙΚΩΝ ΕΣΥ ΜΗΝΟΣ ΣΕΠΤΕΜΒΡΙΟΥ.,,,,no sponsor block
944Ο4690ΒΡ-2ΓΘ,2026-03-09,Χ.Ε.432/2026 ΠΛΗΡΩΜΗ ΜΕΤΑΚΙΝΗΣΗΣ ΙΑΤΡΙΚΩΝ ΕΣΥ ΜΗΝΟΣ ΣΕΠΤΕΜΒΡΙΟΥ.,,,,no sponsor block
63ΦΥ4690ΒΡ-4Ξ0,2026-03-09,Χ.Ε.431/2026 ΠΛΗΡΩΜΗ ΜΕΤΑΚΙΝΗΣΗΣ ΙΑΤΡΙΚΩΝ ΕΣΥ ΜΗΝΟΣ ΣΕΠΤΕΜΒΡΙΟΥ.,,,,no sponsor block
685Κ4690ΒΡ-ΝΥΜ,2026-03-09,Χ.Ε.430/2026 ΠΛΗΡΩΜΗ ΜΕΤΑΚΙΝΗΣΗΣ ΙΑΤΡΙΚΩΝ ΕΣΥ ΜΗΝΟΣ ΣΕΠΤΕΜΒΡΙΟΥ.,,,,no sponsor block
ΨΒΣΧ4690ΒΡ-ΞΨ6,2026-03-09,Χ.Ε.429/2026 ΠΛΗΡΩΜΗ ΜΕΤΑΚΙΝΗΣΗΣ ΙΑΤΡΙΚΩΝ ΕΣΥ ΜΗΝΟΣ ΣΕΠΤΕΜΒΡΙΟΥ.,,,,no sponsor block
ΡΙΝΦ4690ΒΡ-Υ2Ζ,2026-03-09,Χ.Ε.428/2026 ΠΛΗΡΩΜΗ ΜΕΤΑΚΙΝΗΣΗΣ ΙΑΤΡΙΚΩΝ ΕΣΥ ΜΗΝΟΣ ΣΕΠΤΕΜΒΡΙΟΥ.,,,,no sponsor block
Ψ8ΘΨ4690ΒΡ-6Ν2,2026-03-09,Χ.Ε.427/2026 ΠΛΗΡΩΜΗ ΜΕΤΑΚΙΝΗΣΗΣ ΙΑΤΡΙΚΩΝ ΕΣΥ ΜΗΝΟΣ ΣΕΠΤΕΜΒΡΙΟΥ.,,,,no sponsor block
9ΘΙΙ4690ΒΡ-ΡΘ9,2026-03-09,Χ.Ε.445/2026 ΠΛΗΡΩΜΗ ΜΕΤΑΚΙΝΗΣΗΣ ΙΑΤΡΙΚΩΝ ΕΣΥ ΜΗΝΟΣ ΣΕΠΤΕΜΒΡΙΟΥ.,,,,no sponsor block
ΨΕ4Ζ4690ΒΡ-ΥΚΑ,2026-03-09,Χ.Ε.444/2026 ΠΛΗΡΩΜΗ ΜΕΤΑΚΙΝΗΣΗΣ ΙΑΤΡΙΚΩΝ ΕΣΥ ΜΗΝΟΣ ΣΕΠΤΕΜΒΡΙΟΥ.,,,,no sponsor block
ΕΟ8Ω4690ΒΡ-Λ5Ζ,2026-03-09,Χ.Ε.443/2026 ΠΛΗΡΩΜΗ ΜΕΤΑΚΙΝΗΣΗΣ ΙΑΤΡΙΚΩΝ ΕΣΥ ΜΗΝΟΣ ΣΕΠΤΕΜΒΡΙΟΥ.,,,,no sponsor block
901Ο4690ΒΡ-6ΥΣ,2026-03-09,Χ.Ε.442/2026 ΠΛΗΡΩΜΗ ΜΕΤΑΚΙΝΗΣΗΣ ΙΑΤΡΙΚΩΝ ΕΣΥ ΜΗΝΟΣ ΣΕΠΤΕΜΒΡΙΟΥ.,,,,no sponsor block
Ψ2ΣΤ4690ΒΡ-ΙΡΣ,2026-03-09,Χ.Ε.441/2026 ΠΛΗΡΩΜΗ ΜΕΤΑΚΙΝΗΣΗΣ ΙΑΤΡΙΚΩΝ ΕΣΥ ΜΗΝΟΣ ΣΕΠΤΕΜΒΡΙΟΥ.,,,,no sponsor block
ΕΨΕΕ4690ΒΡ-ΣΣΒ,2026-03-09,Χ.Ε.440/2026 ΠΛΗΡΩΜΗ ΜΕΤΑΚΙΝΗΣΗΣ ΙΑΤΡΙΚΩΝ ΕΣΥ ΜΗΝΟΣ ΣΕΠΤΕΜΒΡΙΟΥ.,,,,no sponsor block
ΡΒ1Χ4690ΒΡ-ΓΜΑ,2026-03-09,Χ.Ε.450/2026 ΠΛΗΡΩΜΗ ΜΕΤΑΚΙΝΗΣΗΣ ΙΑΤΡΙΚΩΝ ΕΣΥ ΜΗΝΟΣ ΟΚΤΩΒΡΙΟΥ.,,,,no sponsor block
95714690ΒΡ-Ο95,2026-03-09,Χ.Ε.451/2026 ΠΛΗΡΩΜΗ ΜΕΤΑΚΙΝΗΣΗΣ ΙΑΤΡΙΚΩΝ ΕΣΥ ΜΗΝΟΣ ΟΚΤΩΒΡΙΟΥ.,,,,no sponsor block
9Η354690ΒΡ-Ν7Γ,2026-03-09,Χ.Ε.452/2026 ΠΛΗΡΩΜΗ ΜΕΤΑΚΙΝΗΣΗΣ ΙΑΤΡΙΚΩΝ ΕΣΥ ΜΗΝΟΣ ΟΚΤΩΒΡΙΟΥ.,,,,no sponsor block
ΨΔ484690ΒΡ-32Ι,2026-03-09,Χ.Ε.453/2026 ΠΛΗΡΩΜΗ ΜΕΤΑΚΙΝΗΣΗΣ ΙΑΤΡΙΚΩΝ ΕΣΥ ΜΗΝΟΣ ΟΚΤΩΒΡΙΟΥ.,,,,no sponsor block
ΡΟΙΛ4690ΒΡ-ΖΔ8,2026-03-09,Χ.Ε.454/2026 ΠΛΗΡΩΜΗ ΜΕΤΑΚΙΝΗΣΗΣ ΙΑΤΡΙΚΩΝ ΕΣΥ ΜΗΝΟΣ ΟΚΤΩΒΡΙΟΥ.,,,,no sponsor block
Ψ98Ο4690ΒΡ-ΧΑΡ,2026-03-09,Χ.Ε.455/2026 ΠΛΗΡΩΜΗ ΜΕΤΑΚΙΝΗΣΗΣ ΙΑΤΡΙΚΩΝ ΕΣΥ ΜΗΝΟΣ ΟΚΤΩΒΡΙΟΥ.,,,,no sponsor block
ΡΓΘΘ4690ΒΡ-3Ν3,2026-03-09,Χ.Ε.457/2026 ΠΛΗΡΩΜΗ ΜΕΤΑΚΙΝΗΣΗΣ ΙΑΤΡΙΚΩΝ ΕΣΥ ΜΗΝΟΣ ΟΚΤΩΒΡΙΟΥ.,,,,no sponsor block
9Ι6Α4690ΒΡ-ΔΝΡ,2026-03-09,Χ.Ε.458/2026 ΠΛΗΡΩΜΗ ΜΕΤΑΚΙΝΗΣΗΣ ΙΑΤΡΙΚΩΝ ΕΣΥ ΜΗΝΟΣ ΟΚΤΩΒΡΙΟΥ.,,,,no sponsor block
ΨΥ404690ΒΡ-ΑΟΙ,2026-03-09,Χ.Ε.460/2026 ΠΛΗΡΩΜΗ ΜΕΤΑΚΙΝΗΣΗΣ ΙΑΤΡΙΚΩΝ ΕΣΥ ΜΗΝΟΣ ΟΚΤΩΒΡΙΟΥ.,,,,no sponsor block
9ΓΘ64690ΒΡ-ΟΥ6,2026-03-09,ΧΕ:502/2026 ΥΠΕΡΒΑΛΛΟΥΣΕΣ ΕΦΗΜΕΡΙΕΣ ΓΙΑΤΡΩΝ,,,,no sponsor block
9ΝΑΔ4690ΒΡ-ΝΙ0,2026-03-09,ΧΕ:501/2026 ΥΠΕΡΒΑΛΛΟΥΣΕΣ ΕΦΗΜΕΡΙΕΣ ΓΙΑΤΡΩΝ,,,,no sponsor block
Ρ3ΦΨ4690ΒΡ-Η7Δ,2026-03-06,ΧΕ:504/2026 ΑΜΟΙΒΕΣ ΑΠΟ ΑΠΟΓΕΥΜΑΤΙΝΑ ΙΑΤΡΕΙΑ,,,,no sponsor block
ΡΑΖΝ4690ΒΡ-6ΘΕ,2026-03-06,ΧΕ:503/2026 ΑΜΟΙΒΕΣ ΑΠΟ ΑΠΟΓΕΥΜΑΤΙΝΑ ΙΑΤΡΕΙΑ,,,,no sponsor block
9Θ5Ρ4690ΒΡ-4ΚΝ,2026-03-05,X.E. 417/2026 ΠΛΗΡΩΜΗ ΜΕΤΑΚΙΝΗΣΗΣ ΙΑΤΡΩΝ ΕΣΥ,,,,no sponsor block
ΨΥΚΖ4690ΒΡ-6ΗΕ,2026-03-04,ΧΕ:498/2026 ΜΙΣΘ/ΣΙΑ ΕΠΙΚΟΥΡ.ΠΡΟΣ.,,,,no sponsor block
ΨΜΑΨ4690ΒΡ-ΔΔΔ,2026-03-02,ΧΕ:467/2026 ΜΙΣΘ/ΣΙΑ ΕΠΙΚΟΥΡ.ΠΡΟΣ.,,,,no sponsor block
ΡΙΒΤ4690ΒΡ-Κ30,2026-03-02,ΧΕ:466/2026 ΜΙΣΘ/ΣΙΑ ΕΠΙΚΟΥΡ.ΠΡΟΣ.,,,,no sponsor block
65ΑΛ4690ΒΡ-Ο2Ζ,2026-03-02,ΧΕ:465/2026 ΜΙΣΘ/ΣΙΑ ΕΠΙΚΟΥΡ.ΠΡΟΣ.,,,,no sponsor block
ΨΓΗΣ4690ΒΡ-9ΞΜ,2026-02-27,ΧΕ:448/2026 ΕΡΓΟΔΟΤΙΚΕΣ ΕΙΣΦΟΡΕΣ ΔΙΕΚ,,,,no sponsor block
9ΨΚΛ4690ΒΡ-ΟΔΖ,2026-02-27,ΧΕ:447/2026 ΕΡΓΟΔΟΤΙΚΕΣ ΕΙΣΦΟΡΕΣ ΕΠΑΛ,,,,no sponsor block
Ρ8ΘΞ4690ΒΡ-ΤΡ3,2026-02-26,XE:439/2026 ΕΙΣΦΟΡΕΣ ΓΙΑ ΠΡΑΚΤΙΚΗ ΑΣΚΗΣΗ ΣΠΟΥΔΑΣΤΩΝ ΑΕΙ,,,,no sponsor block
6ΖΓΞ4690ΒΡ-ΚΞ7,2026-02-26,X.E. 393/2026 ΠΛΗΡΩΜΗ ΟΔΟΙΠΟΡΙΚΩΝ ΜΕΤΑΚΙΝΗΣΗΣ ΙΑΤΡΩΝ ΕΣΥ,,,,no sponsor block
9Η2Ι4690ΒΡ-566,2026-02-26,X.E. 392/2026 ΠΛΗΡΩΜΗ ΟΔΟΙΠΟΡΙΚΩΝ ΜΕΤΑΚΙΝΗΣΗΣ ΙΑΤΡΩΝ ΕΣΥ,,,,no sponsor block
627Ρ4690ΒΡ-ΠΦΑ,2026-02-26,X.E. 391/2026 ΠΛΗΡΩΜΗ ΟΔΟΙΠΟΡΙΚΩΝ ΜΕΤΑΚΙΝΗΣΗΣ ΙΑΤΡΩΝ ΕΣΥ,,,,no sponsor block
Ψ8ΚΔ4690ΒΡ-ΑΚΣ,2026-02-26,X.E. 390/2026 ΠΛΗΡΩΜΗ ΟΔΟΙΠΟΡΙΚΩΝ ΜΕΤΑΚΙΝΗΣΗΣ ΙΑΤΡΩΝ ΕΣΥ,,,,no sponsor block
ΨΚ5Ν4690ΒΡ-Χ7Κ,2026-02-26,X.E. 389/2026 ΠΛΗΡΩΜΗ ΟΔΟΙΠΟΡΙΚΩΝ ΜΕΤΑΚΙΝΗΣΗΣ ΙΑΤΡΩΝ ΕΣΥ,,,,no sponsor block
ΨΓΙΠ4690ΒΡ-Κ2Ω,2026-02-26,X.E. 369/2026 ΠΛΗΡΩΜΗ ΟΔΟΙΠΟΡΙΚΩΝ ΜΕΤΑΚΙΝΗΣΗΣ ΙΑΤΡΩΝ ΕΣΥ,,,,no sponsor block
ΨΚΩΚ4690ΒΡ-Ν7Θ,2026-02-26,X.E. 371/2026 ΠΛΗΡΩΜΗ ΟΔΟΙΠΟΡΙΚΩΝ ΜΕΤΑΚΙΝΗΣΗΣ ΙΑΤΡΩΝ ΕΣΥ,,,,no sponsor block
9Σ084690ΒΡ-95Χ,2026-02-26,X.E. 372/2026 ΠΛΗΡΩΜΗ ΟΔΟΙΠΟΡΙΚΩΝ ΜΕΤΑΚΙΝΗΣΗΣ ΙΑΤΡΩΝ ΕΣΥ,,,,no sponsor block
ΡΚΟΣ4690ΒΡ-ΩΥΒ,2026-02-26,X.E. 373/2026 ΠΛΗΡΩΜΗ ΟΔΟΙΠΟΡΙΚΩΝ ΜΕΤΑΚΙΝΗΣΗΣ ΙΑΤΡΩΝ ΕΣΥ,,,,no sponsor block
Ρ4Ζ94690ΒΡ-ΒΣ1,2026-02-26,X.E. 374/2026 ΠΛΗΡΩΜΗ ΟΔΟΙΠΟΡΙΚΩΝ ΜΕΤΑΚΙΝΗΣΗΣ ΙΑΤΡΩΝ ΕΣΥ,,,,no sponsor block
6ΧΗΤ4690ΒΡ-9ΒΕ,2026-02-26,X.E. 375/2026 ΠΛΗΡΩΜΗ ΟΔΟΙΠΟΡΙΚΩΝ ΜΕΤΑΚΙΝΗΣΗΣ ΙΑΤΡΩΝ ΕΣΥ,,,,no sponsor block
9ΥΜ74690ΒΡ-ΩΓ6,2026-02-26,X.E. 377/2026 ΠΛΗΡΩΜΗ ΟΔΟΙΠΟΡΙΚΩΝ ΜΕΤΑΚΙΝΗΣΗΣ ΙΑΤΡΩΝ ΕΣΥ,,,,no sponsor block
97ΟΚ4690ΒΡ-ΧΓΞ,2026-02-26,X.E. 378/2026 ΠΛΗΡΩΜΗ ΟΔΟΙΠΟΡΙΚΩΝ ΜΕΤΑΚΙΝΗΣΗΣ ΙΑΤΡΩΝ ΕΣΥ,,,,no sponsor block
ΨΧΛ74690ΒΡ-ΑΦΚ,2026-02-26,X.E. 379/2026 ΠΛΗΡΩΜΗ ΟΔΟΙΠΟΡΙΚΩΝ ΜΕΤΑΚΙΝΗΣΗΣ ΙΑΤΡΩΝ ΕΣΥ,,,,no sponsor block
ΨΞ704690ΒΡ-ΘΘΛ,2026-02-26,X.E. 381/2026 ΠΛΗΡΩΜΗ ΟΔΟΙΠΟΡΙΚΩΝ ΜΕΤΑΚΙΝΗΣΗΣ ΙΑΤΡΩΝ ΕΣΥ,,,,no sponsor block
ΡΕ1Ζ4690ΒΡ-ΠΞΣ,2026-02-26,X.E. 382/2026 ΠΛΗΡΩΜΗ ΟΔΟΙΠΟΡΙΚΩΝ ΜΕΤΑΚΙΝΗΣΗΣ ΙΑΤΡΩΝ ΕΣΥ,,,,no sponsor block
9ΛΦΥ4690ΒΡ-ΜΜΥ,2026-02-26,X.E. 384/2026 ΠΛΗΡΩΜΗ ΟΔΟΙΠΟΡΙΚΩΝ ΜΕΤΑΚΙΝΗΣΗΣ ΙΑΤΡΩΝ ΕΣΥ,,,,no sponsor block
9ΣΗΕ4690ΒΡ-Ο3Ρ,2026-02-26,X.E. 385/2026 ΠΛΗΡΩΜΗ ΟΔΟΙΠΟΡΙΚΩΝ ΜΕΤΑΚΙΝΗΣΗΣ ΙΑΤΡΩΝ ΕΣΥ,,,,no sponsor block
Ψ2ΧΙ4690ΒΡ-ΦΣΓ,2026-02-26,X.E. 386/2026 ΠΛΗΡΩΜΗ ΟΔΟΙΠΟΡΙΚΩΝ ΜΕΤΑΚΙΝΗΣΗΣ ΙΑΤΡΩΝ ΕΣΥ,,,,no sponsor block
ΨΞΜ24690ΒΡ-Χ8Ε,2026-02-26,X.E. 387/2026 ΠΛΗΡΩΜΗ ΟΔΟΙΠΟΡΙΚΩΝ ΜΕΤΑΚΙΝΗΣΗΣ ΙΑΤΡΩΝ ΕΣΥ,,,,no sponsor block
ΡΡ5Γ4690ΒΡ-Κ2Ι,2026-02-26,X.E. 380/2026 ΠΛΗΡΩΜΗ ΟΔΟΙΠΟΡΙΚΩΝ ΜΕΤΑΚΙΝΗΣΗΣ ΙΑΤΡΩΝ ΕΣΥ,,,,no sponsor block
9Κ4Ξ4690ΒΡ-Ν1Φ,2026-02-26,X.E. 423/2026 ΠΛΗΡΩΜΗ ΟΔΟΙΠΟΡΙΚΩΝ ΜΕΤΑΚΙΝΗΣΗΣ ΙΑΤΡΩΝ ΕΣΥ,,,,no sponsor block
9Σ2Ζ4690ΒΡ-ΓΒ9,2026-02-26,X.E. 415/2026 ΠΛΗΡΩΜΗ ΟΔΟΙΠΟΡΙΚΩΝ ΜΕΤΑΚΙΝΗΣΗΣ ΙΑΤΡΩΝ ΕΣΥ,,,,no sponsor block
9ΒΩΡ4690ΒΡ-Χ36,2026-02-26,X.E. 416/2026 ΠΛΗΡΩΜΗ ΟΔΟΙΠΟΡΙΚΩΝ ΜΕΤΑΚΙΝΗΣΗΣ ΙΑΤΡΩΝ ΕΣΥ,,,,no sponsor block
Ψ91Ε4690ΒΡ-ΗΑΦ,2026-02-26,X.E. 422/2026 ΠΛΗΡΩΜΗ ΟΔΟΙΠΟΡΙΚΩΝ ΜΕΤΑΚΙΝΗΣΗΣ ΙΑΤΡΩΝ ΕΣΥ,,,,no sponsor block
9ΘΚΚ4690ΒΡ-3ΩΥ,2026-02-26,X.E. 421/2026 ΠΛΗΡΩΜΗ ΟΔΟΙΠΟΡΙΚΩΝ ΜΕΤΑΚΙΝΗΣΗΣ ΙΑΤΡΩΝ ΕΣΥ,,,,no sponsor block
905Σ4690ΒΡ-ΒΧΛ,2026-02-26,X.E. 420/2026 ΠΛΗΡΩΜΗ ΟΔΟΙΠΟΡΙΚΩΝ ΜΕΤΑΚΙΝΗΣΗΣ ΙΑΤΡΩΝ ΕΣΥ,,,,no sponsor block
6ΜΦΗ4690ΒΡ-ΓΒΦ,2026-02-26,X.E. 419/2026 ΠΛΗΡΩΜΗ ΟΔΟΙΠΟΡΙΚΩΝ ΜΕΤΑΚΙΝΗΣΗΣ ΙΑΤΡΩΝ ΕΣΥ,,,,no sponsor block
9ΥΟ44690ΒΡ-Α7Α,2026-02-26,X.E. 418/2026 ΠΛΗΡΩΜΗ ΟΔΟΙΠΟΡΙΚΩΝ ΜΕΤΑΚΙΝΗΣΗΣ ΙΑΤΡΩΝ ΕΣΥ,,,,no sponsor block
ΡΩΑ64690ΒΡ-ΣΒΠ,2026-02-26,X.E. 414/2026 ΠΛΗΡΩΜΗ ΟΔΟΙΠΟΡΙΚΩΝ ΜΕΤΑΚΙΝΗΣΗΣ ΙΑΤΡΩΝ ΕΣΥ,,,,no sponsor block
98434690ΒΡ-Λ7Λ,2026-02-26,X.E. 413/2026 ΠΛΗΡΩΜΗ ΟΔΟΙΠΟΡΙΚΩΝ ΜΕΤΑΚΙΝΗΣΗΣ ΙΑΤΡΩΝ ΕΣΥ,,,,no sponsor block
9ΨΙΗ4690ΒΡ-Τ39,2026-02-26,X.E. 412/2026 ΠΛΗΡΩΜΗ ΟΔΟΙΠΟΡΙΚΩΝ ΜΕΤΑΚΙΝΗΣΗΣ ΙΑΤΡΩΝ ΕΣΥ,,,,no sponsor block
6ΣΞ44690ΒΡ-Ω7Υ,2026-02-26,X.E. 411/2026 ΠΛΗΡΩΜΗ ΟΔΟΙΠΟΡΙΚΩΝ ΜΕΤΑΚΙΝΗΣΗΣ ΙΑΤΡΩΝ ΕΣΥ,,,,no sponsor block
ΨΙΕ84690ΒΡ-Δ9Ο,2026-02-26,X.E. 408/2026 ΠΛΗΡΩΜΗ ΟΔΟΙΠΟΡΙΚΩΝ ΜΕΤΑΚΙΝΗΣΗΣ ΙΑΤΡΩΝ ΕΣΥ,,,,no sponsor block
9Ρ9Γ4690ΒΡ-Ρ64,2026-02-26,X.E. 409/2026 ΠΛΗΡΩΜΗ ΟΔΟΙΠΟΡΙΚΩΝ ΜΕΤΑΚΙΝΗΣΗΣ ΙΑΤΡΩΝ ΕΣΥ,,,,no sponsor block
ΨΤ5Ε4690ΒΡ-ΓΤΦ,2026-02-26,X.E. 407/2026 ΠΛΗΡΩΜΗ ΟΔΟΙΠΟΡΙΚΩΝ ΜΕΤΑΚΙΝΗΣΗΣ ΙΑΤΡΩΝ ΕΣΥ,,,,no sponsor block
925Ω4690ΒΡ-ΜΝΔ,2026-02-26,X.E. 406/2026 ΠΛΗΡΩΜΗ ΟΔΟΙΠΟΡΙΚΩΝ ΜΕΤΑΚΙΝΗΣΗΣ ΙΑΤΡΩΝ ΕΣΥ,,,,no sponsor block
ΨΨΨ74690ΒΡ-Ψ46,2026-02-26,X.E. 405/2026 ΠΛΗΡΩΜΗ ΟΔΟΙΠΟΡΙΚΩΝ ΜΕΤΑΚΙΝΗΣΗΣ ΙΑΤΡΩΝ ΕΣΥ,,,,no sponsor block
Ρ4ΣΒ4690ΒΡ-8ΤΥ,2026-02-26,X.E. 404/2026 ΠΛΗΡΩΜΗ ΟΔΟΙΠΟΡΙΚΩΝ ΜΕΤΑΚΙΝΗΣΗΣ ΙΑΤΡΩΝ ΕΣΥ,,,,no sponsor block
95ΩΥ4690ΒΡ-0Θ0,2026-02-26,X.E. 403/2026 ΠΛΗΡΩΜΗ ΟΔΟΙΠΟΡΙΚΩΝ ΜΕΤΑΚΙΝΗΣΗΣ ΙΑΤΡΩΝ ΕΣΥ,,,,no sponsor block
96ΡΡ4690ΒΡ-ΥΓΡ,2026-02-26,X.E. 402/2026 ΠΛΗΡΩΜΗ ΟΔΟΙΠΟΡΙΚΩΝ ΜΕΤΑΚΙΝΗΣΗΣ ΙΑΤΡΩΝ ΕΣΥ,,,,no sponsor block
92ΒΔ4690ΒΡ-ΨΟΕ,2026-02-26,X.E. 401/2026 ΠΛΗΡΩΜΗ ΟΔΟΙΠΟΡΙΚΩΝ ΜΕΤΑΚΙΝΗΣΗΣ ΙΑΤΡΩΝ ΕΣΥ,,,,no sponsor block
ΨΤ414690ΒΡ-Π58,2026-02-25,X.E.317/2026 ΠΛΗΡΩΜΗ ΠΡΟΜΗΘΕΥΤΗ,,,,no sponsor block
Ψ4Α94690ΒΡ-ΜΚΓ,2026-02-25,X.E.307/2026 ΠΛΗΡΩΜΗ ΠΡΟΜΗΘΕΥΤΗ,,,,no sponsor block
ΨΙΣ44690ΒΡ-ΗΘ8,2026-02-25,X.E.308/2026 ΠΛΗΡΩΜΗ ΠΡΟΜΗΘΕΥΤΗ,,,,no sponsor block
95ΖΠ4690ΒΡ-657,2026-02-25,X.E.309/2026 ΠΛΗΡΩΜΗ ΠΡΟΜΗΘΕΥΤΗ,,,,no sponsor block
Ψ9ΤΝ4690ΒΡ-2ΑΒ,2026-02-25,X.E.310/2026 ΠΛΗΡΩΜΗ ΠΡΟΜΗΘΕΥΤΗ,,,,no sponsor block
969Ε4690ΒΡ-ΥΜΣ,2026-02-25,X.E.312/2026 ΠΛΗΡΩΜΗ ΠΡΟΜΗΘΕΥΤΗ,,,,no sponsor block
9ΞΜΒ4690ΒΡ-ΝΔΞ,2026-02-25,X.E.313/2026 ΠΛΗΡΩΜΗ ΠΡΟΜΗΘΕΥΤΗ,,,,no sponsor block
Ρ51Α4690ΒΡ-ΑΜΥ,2026-02-25,X.E.303/2026 ΠΛΗΡΩΜΗ ΠΡΟΜΗΘΕΥΤΗ,,,,no sponsor block
9ΔΤ84690ΒΡ-ΘΣΝ,2026-02-25,X.E.315/2026 ΠΛΗΡΩΜΗ ΠΡΟΜΗΘΕΥΤΗ,,,,no sponsor block
ΡΚΛΥ4690ΒΡ-1Φ7,2026-02-25,X.E.304/2026 ΠΛΗΡΩΜΗ ΠΡΟΜΗΘΕΥΤΗ,,,,no sponsor block
Ψ5ΠΨ4690ΒΡ-ΑΤΠ,2026-02-25,X.E.316/2026 ΠΛΗΡΩΜΗ ΟΔΟΙΠΟΡΙΚΩΝ ΜΕΤΑΚΙΝΗΣΗΣ ΙΑΤΡΩΝ ΕΣΥ,,,,no sponsor block
6Τ204690ΒΡ-0ΣΟ,2026-02-25,X.E.105/2026 ΠΛΗΡΩΜΗ ΟΔΟΙΠΟΡΙΚΩΝ ΜΕΤΑΚΙΝΗΣΗΣ ΙΑΤΡΩΝ ΕΣΥ,,,,no sponsor block
ΨΦΙΛ4690ΒΡ-ΓΥ2,2026-02-25,X.E.112/2026 ΠΛΗΡΩΜΗ ΟΔΟΙΠΟΡΙΚΩΝ ΜΕΤΑΚΙΝΗΣΗΣ ΙΑΤΡΩΝ ΕΣΥ,,,,no sponsor block
ΨΧ5Ω4690ΒΡ-4ΒΦ,2026-02-25,X.E.120/2026 ΠΛΗΡΩΜΗ ΟΔΟΙΠΟΡΙΚΩΝ ΜΕΤΑΚΙΝΗΣΗΣ ΙΑΤΡΩΝ ΕΣΥ,,,,no sponsor block
90ΥΠ4690ΒΡ-Ζ1Σ,2026-02-25,X.E.121/2026 ΠΛΗΡΩΜΗ ΟΔΟΙΠΟΡΙΚΩΝ ΜΕΤΑΚΙΝΗΣΗΣ ΙΑΤΡΩΝ ΕΣΥ,,,,no sponsor block
998Φ4690ΒΡ-Χ5Τ,2026-02-25,X.E.92/2026 ΠΛΗΡΩΜΗ ΟΔΟΙΠΟΡΙΚΩΝ ΜΕΤΑΚΙΝΗΣΗΣ ΙΑΤΡΩΝ ΕΣΥ,,,,no sponsor block
9ΛΧΠ4690ΒΡ-Ω00,2026-02-25,X.E.118/2026 ΠΛΗΡΩΜΗ ΟΔΟΙΠΟΡΙΚΩΝ ΜΕΤΑΚΙΝΗΣΗΣ ΙΑΤΡΩΝ ΕΣΥ,,,,no sponsor block
ΨΒΔΩ4690ΒΡ-ΦΛ8,2026-02-25,X.E.119/2026 ΠΛΗΡΩΜΗ ΟΔΟΙΠΟΡΙΚΩΝ ΜΕΤΑΚΙΝΗΣΗΣ ΙΑΤΡΩΝ ΕΣΥ,,,,no sponsor block
ΨΣΛΨ4690ΒΡ-Υ6Ω,2026-02-25,X.E.122/2026 ΠΛΗΡΩΜΗ ΟΔΟΙΠΟΡΙΚΩΝ ΜΕΤΑΚΙΝΗΣΗΣ ΙΑΤΡΩΝ ΕΣΥ,,,,no sponsor block
Ψ0ΣΕ4690ΒΡ-24Α,2026-02-25,X.E.123/2026 ΠΛΗΡΩΜΗ ΟΔΟΙΠΟΡΙΚΩΝ ΜΕΤΑΚΙΝΗΣΗΣ ΙΑΤΡΩΝ ΕΣΥ,,,,no sponsor block
9ΩΒΒ4690ΒΡ-ΗΨ9,2026-02-25,X.E.95/2026 ΠΛΗΡΩΜΗ ΟΔΟΙΠΟΡΙΚΩΝ ΜΕΤΑΚΙΝΗΣΗΣ ΙΑΤΡΩΝ ΕΣΥ,,,,no sponsor block
97ΓΥ4690ΒΡ-Μ6Σ,2026-02-25,X.E.94/2026 ΠΛΗΡΩΜΗ ΟΔΟΙΠΟΡΙΚΩΝ ΜΕΤΑΚΙΝΗΣΗΣ ΙΑΤΡΩΝ ΕΣΥ,,,,no sponsor block
9ΞΧΝ4690ΒΡ-Β3Δ,2026-02-25,X.E.103/2026 ΠΛΗΡΩΜΗ ΟΔΟΙΠΟΡΙΚΩΝ ΜΕΤΑΚΙΝΗΣΗΣ ΙΑΤΡΩΝ ΕΣΥ,,,,no sponsor block
Ψ31Γ4690ΒΡ-0Ω2,2026-02-25,X.E.104/2026 ΠΛΗΡΩΜΗ ΟΔΟΙΠΟΡΙΚΩΝ ΜΕΤΑΚΙΝΗΣΗΣ ΙΑΤΡΩΝ ΕΣΥ,,,,no sponsor block
ΨΩΞ64690ΒΡ-ΜΙ9,2026-02-25,X.E.106/2026 ΠΛΗΡΩΜΗ ΟΔΟΙΠΟΡΙΚΩΝ ΜΕΤΑΚΙΝΗΣΗΣ ΙΑΤΡΩΝ ΕΣΥ,,,,no sponsor block
ΨΒ294690ΒΡ-Α63,2026-02-25,X.E.107/2026 ΠΛΗΡΩΜΗ ΟΔΟΙΠΟΡΙΚΩΝ ΜΕΤΑΚΙΝΗΣΗΣ ΙΑΤΡΩΝ ΕΣΥ,,,,no sponsor block
9ΖΚΜ4690ΒΡ-9ΥΥ,2026-02-25,X.E.108/2026 ΠΛΗΡΩΜΗ ΟΔΟΙΠΟΡΙΚΩΝ ΜΕΤΑΚΙΝΗΣΗΣ ΙΑΤΡΩΝ ΕΣΥ,,,,no sponsor block
95Τ34690ΒΡ-ΜΦΛ,2026-02-25,X.E.109/2026 ΠΛΗΡΩΜΗ ΟΔΟΙΠΟΡΙΚΩΝ ΜΕΤΑΚΙΝΗΣΗΣ ΙΑΤΡΩΝ ΕΣΥ,,,,no sponsor block
ΡΡΝΣ4690ΒΡ-ΓΛΙ,2026-02-25,X.E.116/2026 ΠΛΗΡΩΜΗ ΟΔΟΙΠΟΡΙΚΩΝ ΜΕΤΑΚΙΝΗΣΗΣ ΙΑΤΡΩΝ ΕΣΥ,,,,no sponsor block
9Φ4Γ4690ΒΡ-Γ87,2026-02-25,X.E.115/2026 ΠΛΗΡΩΜΗ ΟΔΟΙΠΟΡΙΚΩΝ ΜΕΤΑΚΙΝΗΣΗΣ ΙΑΤΡΩΝ ΕΣΥ,,,,no sponsor block
9Ψ254690ΒΡ-8ΧΓ,2026-02-25,X.E.114/2026 ΠΛΗΡΩΜΗ ΟΔΟΙΠΟΡΙΚΩΝ ΜΕΤΑΚΙΝΗΣΗΣ ΙΑΤΡΩΝ ΕΣΥ,,,,no sponsor block
ΨΤΥΔ4690ΒΡ-ΘΣΨ,2026-02-25,X.E.110/2026 ΠΛΗΡΩΜΗ ΟΔΟΙΠΟΡΙΚΩΝ ΜΕΤΑΚΙΝΗΣΗΣ ΙΑΤΡΩΝ ΕΣΥ,,,,no sponsor block
9ΟΛΟ4690ΒΡ-Τ35,2026-02-25,X.E.113/2026 ΠΛΗΡΩΜΗ ΟΔΟΙΠΟΡΙΚΩΝ ΜΕΤΑΚΙΝΗΣΗΣ ΙΑΤΡΩΝ ΕΣΥ,,,,no sponsor block
ΨΥ9Θ4690ΒΡ-ΛΦΦ,2026-02-24,ΧΕ:342/2026 ΠΡΟΓΡ. ΜΑΘΗΤΕΙΑΣ,,,,no sponsor block
6Υ1Υ4690ΒΡ-87Ι,2026-02-24,XE:341/2026  ΠΡΟΓΡ.ΑΠΑΣΧ.ΟΑΕΔ ΤΡΑΥΜ.,,,,no sponsor block
94ΒΒ4690ΒΡ-6ΜΖ,2026-02-24,ΧΕ:340/2026 ΠΡΟΣ.ΠΡΟΓΡΑΜ.ΟΑΕΔ,,,,no sponsor block
91ΖΦ4690ΒΡ-ΕΨΞ,2026-02-09,ΧΕ:133/2025 ΕΙΔΙΚΗ ΑΠΟΖ/ΣΗ ΜΕΤΑΚΙΝΟΥΜ.ΓΙΑΤΡΩΝ,,,,no sponsor block
9ΘΥ14690ΒΡ-ΛΦ1,2026-08-12,ΑΜΟΙΒΗ ΜΕΛΩΝ Δ.Σ. ΓΙΑ ΤΟΝ ΜΗΝΑ ΜΑΪΟ.,,,,no sponsor block
ΨΦΞΨ4690ΒΡ-Σ29,2026-08-12,ΟΔΟΙΠΟΡΙΚΑ ΜΕΤΑΚΙΝΗΣΗΣ & ΗΜ.ΑΠΟ.ΙΑΤΡΙΚΟΥ ΠΡΟΣΩΠΙΚΟΥ ΓΙΑ ΤΟΥΣ ΜΗΝΕΣ ΑΠΡΙΛΙΟ ΚΑΙ ΜΑΪΟ.,,,,no sponsor block
9ΔΖΩ4690ΒΡ-ΙΞΜ,2026-08-12,ΟΔΟΙΠΟΡΙΚΑ ΜΕΤΑΚΙΝΗΣΗΣ & ΗΜ.ΑΠΟΖ. ΙΑΤΡΙΚΟΥ ΠΡΟΣΩΠΙΚΟΥ ΓΙΑ ΤΟΝ ΜΗΝΑ ΜΑΪΟ.,,,,no sponsor block
ΨΨΑΓ4690ΒΡ-ΚΚΟ,2026-08-12,ΜΕΤΑΚΙΝΗΣΗ  Δ/ΝΤΡΙΑΣ (ΑΒΡ.ΚΥΡ. ) ΣΤΗΝ ΘΕΣ/ΝΙΚΗ ΓΙΑ ΥΠΗΡΕΣΙΑΚΟΥΣ ΛΟΓΟΥΣ,,,,no sponsor block
91ΟΓ4690ΒΡ-Μ52,2026-08-12,ΜΕΤΑΚΙΝΗΣΗ ΥΠΑΛΛΗΛΟΥ (ΣΠΥ.ΣΠΥ.) ΣΤΗΝ ΘΕΣ/ΝΙΚΗ ΓΙΑ ΥΠΗΡΕΣΙΑΚΟΥΣ ΛΟΓΟΥΣ,,,,no sponsor block
9ΚΔΦ4690ΒΡ-Ψ2Π,2026-08-12,ΜΕΤΑΚΙΝΗΣΗ ΥΠΑΛΛΗΛΟΥ Κ.Ψ.Υ (ΚΥΡ.ΕΥΤ. ) ΣΤΗΝ  ΦΤΕΛΙΑ ΓΙΑ ΔΙΕΝΕΡΓΕΙΑ ΚΟΙΝΩΝΙΚΗΣ ΕΡΕΥΝΑΣ,,,,no sponsor block
ΡΒΔ44690ΒΡ-ΒΞΤ,2026-08-12,ΜΕΤΑΚΙΝΗΣΗ ΥΠΑΛΛΗΛΟΥ (ΦΩΤ.ΙΟΡ. ) ΣΤΗΝ ΘΕΣ/ΝΙΚΗ ΓΙΑ ΥΠΗΡΕΣΙΑΚΟΥΣ ΛΟΓΟΥΣ,,,,no sponsor block
ΡΖ434690ΒΡ-ΞΒΑ,2026-08-12,ΟΔΟΙΠΟΡΙΚΑ ΜΕΤΑΚΙΝΗΣΗΣ & ΗΜ.ΑΠΟΖ.ΙΑΤΡΙΚΟΥ ΠΡΟΣΩΠΙΚΟΥ ΓΙΑ ΤΟΝ ΜΗΝΑ ΑΠΡΙΛΙΟ.,,,,no sponsor block
94ΞΞ4690ΒΡ-ΜΥΛ,2026-08-12,ΟΔΟΙΠΟΡΙΚΑ ΜΕΤΑΚΙΝΗΣΗΣ & ΗΜ.ΑΠΟΖ.ΙΑΤΡΙΚΟΥ ΠΡΟΣΩΠΙΚΟΥ ΓΙΑ ΤΟΝ ΜΗΝΑ ΑΠΡΙΛΙΟ.,,,,no sponsor block
9Ν1Η4690ΒΡ-ΗΤΖ,2026-08-12,ΟΔΟΙΠΟΡΙΚΑ ΜΕΤΑΚΙΝΗΣΗΣ & ΗΜ.ΑΠΟΖ.ΙΑΤΡΙΚΟΥ ΠΡΟΣΩΠΙΚΟΥ ΓΙΑ ΤΟΝ ΜΗΝΑ ΑΠΡΙΛΙΟ.,,,,no sponsor block
ΡΥΔΠ4690ΒΡ-Ω65,2026-08-12,ΟΔΟΙΠΟΡΙΚΑ ΜΕΤΑΚΙΝΗΣΗΣ & ΗΜ.ΑΠΟΖ.ΙΑΤΡΙΚΟΥ ΠΡΟΣΩΠΙΚΟΥ ΓΙΑ ΤΟΝ ΜΗΝΑ ΑΠΡΙΛΙΟ .,,,,no sponsor block
ΕΡΣΜ4690ΒΡ-0ΚΚ,2026-08-12,ΟΔΟΙΠΟΡΙΚΑ ΜΕΤΑΚΙΝΗΣΗΣ & ΗΜ.ΑΠΟΖ.ΙΑΤΡΙΚΟΥ ΠΡΟΣΩΠΙΚΟΥ ΓΙΑ ΤΟΝ ΜΗΝΑ ΑΠΡΙΛΙΟ.,,,,no sponsor block
ΡΘ5Λ4690ΒΡ-2Ο7,2026-08-12,ΟΔΟΙΠΟΡΙΚΑ ΜΕΤΑΚΙΝΗΣΗΣ & ΗΜ.ΑΠΟΖ.ΙΑΤΡΙΚΟΥ ΠΡΟΣΩΠΙΚΟΥ ΓΙΑ ΤΟΥΣ ΜΗΝΕΣ ΑΠΡΙΛΙΟ ΚΑΙ ΜΑΪΟ.,,,,no sponsor block
Ρ52Ψ4690ΒΡ-3ΓΧ,2026-08-12,ΟΔΟΙΠΟΡΙΚΑ ΜΕΤΑΚΙΝΗΣΗΣ & ΗΜ.ΑΠΟΖ.ΙΑΤΡΙΚΟΥ ΠΡΟΣΩΠΙΚΟΥ ΓΙΑ ΤΟΥΣ ΜΗΝΕΣ ΑΠΡΙΛΙΟ ΚΑΙ ΜΑΪΟ.,,,,no sponsor block
ΡΡΖΑ4690ΒΡ-16Π,2026-08-12,ΟΔΟΙΠΟΡΙΚΑ ΜΕΤΑΚΙΝΗΣΗΣ & ΗΜ.ΑΠΟΖ.ΙΑΤΡΙΚΟΥ ΠΡΟΣΩΠΙΚΟΥ ΓΙΑ ΤΟΥΣ ΜΗΝΕΣ ΑΠΡΙΛΙΟ ΚΑΙ ΜΑΪΟ.,,,,no sponsor block
6Α804690ΒΡ-ΙΚΞ,2026-08-12,ΟΔΟΙΠΟΡΙΚΑ ΜΕΤΑΚΙΝΗΣΗΣ & ΗΜ.ΑΠΟΖ.ΙΑΤΡΙΚΟΥ ΠΡΟΣΩΠΙΚΟΥ ΓΙΑ ΤΟΥΣ ΜΗΝΕΣ ΑΠΡΙΛΙΟ ΚΑΙ ΜΑΪΟ.,,,,no sponsor block
Ψ3ΙΖ4690ΒΡ-0ΡΣ,2026-08-12,ΟΔΟΙΠΟΡΙΚΑ ΜΕΤΑΚΙΝΗΣΗΣ & ΗΜ.ΑΠΟΖ.ΙΑΤΡΙΚΟΥ ΠΡΟΣΩΠΙΚΟΥ ΓΙΑ ΤΟΥΣ ΜΗΝΕΣ ΑΠΡΙΛΙΟ ΚΑΙ ΜΑΪΟ.,,,,no sponsor block
ΨΖΝΞ4690ΒΡ-ΓΛ0,2026-08-12,ΟΔΟΙΠΟΡΙΚΑ ΜΕΤΑΚΙΝΗΣΗΣ & ΗΜ.ΑΠΟΖ.ΙΑΤΡΙΚΟΥ ΠΡΟΣΩΠΙΚΟΥ ΓΙΑ ΤΟΥΣ ΜΗΝΕΣ ΑΠΡΙΛΙΟ ΚΑΙ ΜΑΪΟ.,,,,no sponsor block
9ΑΕ14690ΒΡ-Ο66,2026-08-12,ΜΕΤΑΚΙΝΗΣΗ ΥΠΑΛΛΗΛΟΥ (ΦΩΤ.ΙΟΡ. ) ΣΤΗΝ ΘΕΣ/ΝΙΚΗ ΓΙΑ ΥΠΗΡΕΣΙΑΚΟΥΣ ΛΟΓΟΥΣ,,,,no sponsor block
Ρ2ΞΦ4690ΒΡ-ΕΥ2,2026-08-12,ΟΔΟΙΠΟΡΙΚΑ ΜΕΤΑΚΙΝΗΣΗΣ & ΑΠΟΖ.  ΥΠΑΛΛΗΛΟΥ ΤΗΣ ΣΧΟΛΗΣ ΓΙΑ ΣΥΜΜΕΤΟΧΗ ΣΕ ΣΥΝΕΔΡΙΟ.,,,,no sponsor block
Ρ8ΧΟ4690ΒΡ-ΖΝΔ,2026-08-12,ΜΕΤΑΚΙΝΗΣΗ ΥΠΑΛΛΗΛΟΥ Κ.Ψ.Υ(ΠΑΡ.ΙΩΑ.)ΣΤΗΝ ΘΕΣ/ΝΙΚΗ ΓΙΑ ΕΚΠΑΙΔΕΥΤΙΚΟΥΣ ΛΟΓΟΥΣ,,,,no sponsor block
9ΨΔΡ4690ΒΡ-ΣΣ9,2026-08-12,ΑΠΟΖΗΜΙΩΣΗ ΜΕΛΩΝ Δ.Σ. ΜΗΝΟΣ ΜΑΙΟΥ 2026,,,,no sponsor block
ΕΒΦΨ4690ΒΡ-65Β,2026-08-12,ΑΠΟΖΗΜΙΩΣΗ ΜΕΛΩΝ Δ.Σ. ΜΗΝΟΣ ΜΑΙΟΥ 2026,,,,no sponsor block
ΕΟΗΧ4690ΒΡ-Ω75,2026-08-12,ΑΠΟΖΗΜΙΩΣΗ ΜΕΛΩΝ Δ.Σ. ΜΗΝΟΣ ΜΑΙΟΥ 2026,,,,no sponsor block
9ΚΑ64690ΒΡ-ΕΙΘ,2026-08-12,ΟΔΟΙΠΟΡΙΚΑ ΜΕΤΑΚΙΝΗΣΗΣ & ΗΜ.ΑΠΟΖΗΜΙΩΣΗ ΙΑΤΡΙΚΟΥ ΠΡΟΣΩΠΙΚΟΥ ΓΙΑ ΤΟ ΜΗΝΑ ΜΑΪΟ.,,,,no sponsor block
9ΠΜΥ4690ΒΡ-Η4Ζ,2026-08-12,ΟΔΟΙΠΟΡΙΚΑ ΜΕΤΑΚΙΝΗΣΗΣ & ΗΜ.ΑΠΟΖΗΜΙΩΣΗ ΙΑΤΡΙΚΟΥ ΠΡΟΣΩΠΙΚΟΥ ΓΙΑ ΤΟ ΜΗΝΑ ΜΑΪΟ.,,,,no sponsor block
Ε7Τ04690ΒΡ-ΩΡ9,2026-08-12,ΟΔΟΙΠΟΡΙΚΑ ΜΕΤΑΚΙΝΗΣΗΣ & ΗΜ.ΑΠΟΖΗΜΙΩΣΗ ΙΑΤΡΙΚΟΥ ΠΡΟΣΩΠΙΚΟΥ ΓΙΑ ΤΟ ΜΗΝΑ ΜΑΪΟ.,,,,no sponsor block
99ΛΜ4690ΒΡ-52Ψ,2026-08-12,ΟΔΟΙΠΟΡΙΚΑ ΜΕΤΑΚΙΝΗΣΗΣ & ΗΜ.ΑΠΟΖΗΜΙΩΣΗ ΙΑΤΡΙΚΟΥ ΠΡΟΣΩΠΙΚΟΥ ΓΙΑ ΤΟ ΜΗΝΑ ΜΑΪΟ.,,,,no sponsor block
ΡΓΛΙ4690ΒΡ-ΒΩ7,2026-08-07,ΧΕ:2296/2026 ΥΠΕΡΩΡΙΕΣ & ΝΥΧΤΕΡΙΝΑ ΣΕ ΠΡΟΣ.ΤΟΥ ΝΟΣΟΚ.,,,,no sponsor block
ΡΒ2Ι4690ΒΡ-ΙΕΜ,2026-08-07,ΧΕ:2295/2026 ΠΡΟΣΘΕΤΕΣ ΑΜΟΙΒΕΣ ΕΠΙΣΤΗΜΟΝ.ΠΡΟΣ.,,,,no sponsor block
ΨΔΤΓ4690ΒΡ-Ξ3Δ,2026-08-03,ΧΕ:2210/2026 ΤΑΚΤΙΚΕΣ ΕΦΗΜΕΡΙΕΣ ΓΙΑΤΡΩΝ,,,,no sponsor block
973Υ4690ΒΡ-6ΙΜ,2026-08-03,ΧΕ:2209/2026 ΤΑΚΤΙΚΕΣ ΕΦΗΜΕΡΙΕΣ ΓΙΑΤΡΩΝ,,,,no sponsor block
96ΙΟ4690ΒΡ-Ω7Ν,2026-08-03,ΧΕ:2179/2026 ΕΙΣΦΟΡΕΣ ΕΦΚΑ & ΦΟΡΟΥ ΣΕ ΑΠΟΦΟΙΤΟΥΣ ΔΙΕΚ,,,,no sponsor block
ΨΧ0Π4690ΒΡ-ΘΔΤ,2026-07-28,ΧΕ:2073/2026 ΕΙΔΙΚΗ ΑΠΟΖΗΜΙΩΣΗ ΓΙΑΤΡΩΝ ΣΕ ΕΦΑΡΜ.ΤΟΥ Ν.4850 ΑΡΘΡΟ 88,,,,no sponsor block
ΨΔ0Ζ4690ΒΡ-ΨΝΑ,2026-07-28,ΧΕ:2082/2026 ΑΠΟΓΕΥΜΑΤΙΝΑ ΙΑΤΡΕΙΑ,,,,no sponsor block
65Π34690ΒΡ-7ΓΩ,2026-07-28,ΧΕ:2079/2026 ΑΠΟΓΕΥΜΑΤΙΝΑ ΙΑΤΡΕΙΑ,,,,no sponsor block
ΨΕΜΩ4690ΒΡ-Υ53,2026-07-28,ΧΕ:2077/2026 ΑΠΟΓΕΥΜΑΤΙΝΑ ΙΑΤΡΕΙΑ,,,,no sponsor block
6ΣΦΒ4690ΒΡ-ΨΞ0,2026-07-28,ΧΕ:2068/2026 ΜΙΣΘ/ΣΙΑ ΕΠΙΚΟΥΡ.ΠΡΟΣ.,,,,no sponsor block
9ΕΣ44690ΒΡ-ΟΣΦ,2026-07-28,ΧΕ:2066/2026 ΜΙΣΘ/ΣΙΑ ΕΠΙΚΟΥΡ.ΠΡΟΣ.,,,,no sponsor block
624Δ4690ΒΡ-ΖΞ0,2026-07-28,ΧΕ:2065/2026 ΜΙΣΘ/ΣΙΑ ΕΠΙΚΟΥΡ.ΠΡΟΣ.,,,,no sponsor block
9Η3Α4690ΒΡ-ΩΛ4,2026-07-28,ΧΕ:2064/2026 ΜΙΣΘ/ΣΙΑ ΕΠΙΚΟΥΡ.ΓΙΑΤΡΩΝ,,,,no sponsor block
ΡΦΞΔ4690ΒΡ-ΙΚ3,2026-07-20,ΧΕ:2057/2026 ΕΙΣΦΟΡΕΣ ΣΤΟΝ ΕΦΚΑ ΣΕ ΑΠΟΦΟΙΤΟΥΣ ΕΠΑΛ,,,,no sponsor block
96ΛΞ4690ΒΡ-9ΓΓ,2026-07-20,ΧΕ:2056/2026 ΕΙΣΦΟΡΕΣ ΣΤΟΝ ΕΦΚΑ ΣΕ ΑΠΟΦΟΙΤΟΥΣ ΑΕΙ,,,,no sponsor block
ΡΖΝΡ4690ΒΡ-1ΜΥ,2026-07-16,ΧΕ:2028/2026 ΥΠΕΡΒΑΛΛΟΥΣΕΣ ΕΦΗΜΕΡΙΕΣ ΓΙΑΤΡΩΝ,,,,no sponsor block
ΨΓΩΖ4690ΒΡ-ΘΓ8,2026-07-16,ΧΕ:2027/2026 ΥΠΕΡΒΑΛΛΟΥΣΕΣ ΕΦΗΜΕΡΙΕΣ ΓΙΑΤΡΩΝ,,,,no sponsor block
ΡΔ724690ΒΡ-Ι0Τ,2026-07-16,ΧΕ:2014/2026 ΣΕ ΕΦΑΡΜΟΓΗ ΤΟΥ Ν.4850 ΑΡΘΡΟ 88 & 90,,,,no sponsor block
ΡΩ6Μ4690ΒΡ-7ΦΕ,2026-07-16,ΧΕ:2013/2026 ΣΕ ΕΦΑΡΜΟΓΗ ΤΟΥ Ν.4850 ΑΡΘΡΟ 88 & 90,,,,no sponsor block
Ψ9Γ84690ΒΡ-ΕΚΞ,2026-07-16,ΧΕ:2012/2026 ΣΕ ΕΦΑΡΜΟΓΗ ΤΟΥ Ν.4850 ΑΡΘΡΟ 88 & 90,,,,no sponsor block
9ΛΞ94690ΒΡ-ΠΩ0,2026-07-16,ΧΕ:2011/2026 ΣΕ ΕΦΑΡΜΟΓΗ ΤΟΥ Ν.4850 ΑΡΘΡΟ 88 & 90,,,,no sponsor block
6Δ1Φ4690ΒΡ-ΔΧΝ,2026-07-16,ΧΕ:2010/2026 ΣΕ ΕΦΑΡΜΟΓΗ ΤΟΥ Ν.4850 ΑΡΘΡΟ 88 & 90,,,,no sponsor block
63ΠΕ4690ΒΡ-ΛΡΛ,2026-07-16,ΧΕ:2007/2026 ΣΕ ΕΦΑΡΜΟΓΗ ΤΟΥ Ν.4850 ΑΡΘΡΟ 88 & 90,,,,no sponsor block
ΨΗΘΕ4690ΒΡ-ΔΩΛ,2026-07-10,XE:1852/2026 AMOIΒΕΣ ΑΠΟ ΟΛΟΗΜΕΡΗ ΛΕΙΤΟΥΡΓΙΑ ΙΑΤΡΕΙΩΝ,,,,no sponsor block
9ΑΙ94690ΒΡ-45Φ,2026-07-10,XE:1853/2026 AMOIΒΕΣ ΑΠΟ ΟΛΟΗΜΕΡΗ ΛΕΙΤΟΥΡΓΙΑ ΙΑΤΡΕΙΩΝ,,,,no sponsor block
ΨΧΟ84690ΒΡ-ΘΡ4,2026-07-10,XE:1854/2026 ΑΜΟΙΒΕΣ ΑΠΟ ΟΛΟΗΜΕΡΗ ΛΕΙΤΟΥΡΓΙΑ ΙΑΤΡΕΙΩΝ,,,,no sponsor block
Ψ5ΚΚ4690ΒΡ-3Ξ9,2026-07-10,XE:1855/2026 ΑΠΟΔΟΣΗ ΕΙΣΦΟΡΩΝ ΕΦΚΑ & ΦΟΡΟΥ ΣΕ ΠΡΟΓΡ.ΚΟΙΝ.ΧΑΡΑΚΤ.ΟΑΕΔ,,,,no sponsor block
6ΝΥΦ4690ΒΡ-2ΘΦ,2026-07-10,XE:1856/2026 ΑΠΟΔΟΣΗ ΕΙΣΦΟΡΩΝ ΕΦΚΑ & ΦΟΡΟΥ ΣΕ ΠΡΟΓΡΑΜ.ΑΠΑΣΧΟΛ.ΤΡΑΥΜ.ΟΑΕΔ,,,,no sponsor block
9Ο264690ΒΡ-ΥΔΤ,2026-07-06,ΧΕ:1840/2026 ΤΑΚΤΙΚΕΣ ΕΦΗΜΕΡΙΕΣ ΓΙΑΤΡΩΝ ΕΠΙΚΟΥΡ.,,,,no sponsor block
ΕΠΓΟ4690ΒΡ-ΚΘΝ,2026-07-06,ΧΕ:1839/2026 ΤΑΚΤΙΚΕΣ ΕΦΗΜΕΡΙΕΣ ΓΙΑΤΡΩΝ,,,,no sponsor block
