ada,issue_date,subject,supplier_afm,supplier_name,amount_eur,reason
ΩΝΠ54690ΒΤ-ΥΩΣ,2021-12-28,Αποζημίωση εφημεριών βάσει Ν.4850/21 Αρθρο 89,,,,no sponsor block
6ΠΞ64690ΒΤ-Τ0Φ,2021-12-22,ΤΑΚΤΙΚΗ ΜΙΣΘΟΔΟΣΙΑ  ΔΕΚΕΜΒΡΙΟΥ /2021  ΣΠΟΥΔΑΣΤΕΣ ΠΟΥ ΑΣΚΟΥΝΤΑΙ ΤΟΥ Γ.Ν.Κ,,,,no sponsor block
9ΟΩΠ4690ΒΤ-Ξ5Ξ,2021-12-22,ΤΑΚΤΙΚΗ ΜΙΣΘΟΔΟΣΙΑ  ΔΕΚΕΜΒΡΙΟΥ /2021 ΕΠΙΣΤΗΜΟΝΙΚΟ  ΠΡΟΣΩΠΙΚΟ ΤΟΥ Γ.Ν.Κ,,,,no sponsor block
ΨΞ4Ξ4690ΒΤ-ΖΚΨ,2021-12-22,ΤΑΚΤΙΚΗ ΜΙΣΘΟΔΟΣΙΑ  ΔΕΚΕΜΒΡΙΟΥ  /2021 ΕΠΙΚΟΥΡΙΚΟΙ Ε.Σ.Υ   ΤΟΥ Γ.Ν.Κ,,,,no sponsor block
6ΙΗΚ4690ΒΤ-65Ζ,2021-12-22,ΜΙΣΘΟΔΟΣΙΑ   ΔΕΚΕΜΒΡΙΟΥ/2021  ΕΠΙΚΟΥΡΙΚΟ ΠΡΟΣΩΠΙΚΟ,,,,no sponsor block
Ω55Τ4690ΒΤ-ΝΥΣ,2021-12-22,ΤΑΚΤΙΚΗ ΜΙΣΘΟΔΟΣΙΑ  ΔΕΚΕΜΒΡΙΟΥ /2021 ΕΠΙΚΟΥΡΙΚΟ  ΠΡΟΣΩΠΙΚΟ ΤΟΥ Γ.Ν.Κ,,,,no sponsor block
609Σ4690ΒΤ-ΙΟ0,2021-12-22,ΤΑΚΤΙΚΗ ΜΙΣΘΟΔΟΣΙΑ  ΔΕΚΕΜΒΡΙΟΥ /2021 ΕΠΙΚΟΥΡΙΚΟ  ΠΡΟΣΩΠΙΚΟ ΤΟΥ Γ.Ν.Κ,,,,no sponsor block
ΨΞΠΚ4690ΒΤ-ΕΓΖ,2021-12-22,ΑΝΑΔΡΟΜΙΚΑ ΚΛΙΜΑΚΙΟΥ ΔΕΚΕΜΒΡΙΟΥ/2021 ΕΠΙΚΟΥΡΙΚΟ ΠΡΟΣΩΠΙΚΟ,,,,no sponsor block
6ΡΛ44690ΒΤ-Φ6Β,2021-12-22,ΤΑΚΤΙΚΗ ΜΙΣΘΟΔΟΣΙΑ ΔΕΚΕΜΒΡΙΟΥ/2021 ΕΠΙΚΟΥΡΙΚΟΙ  Ε.Σ.Υ  ΤΟΥ Γ.Ν.Κ,,,,no sponsor block
ΩΙ324690ΒΤ-ΠΗΕ,2021-12-22,ΑΝΑΔΡΟΜΙΚΑ ΔΕΚΕΜΒΡΙΟΥ/2021  ΠΡΟΣΩΠΙΚΟ ΕΠΙ ΣΧΕΣΕΙ ΕΡΓΑΣΙΑΣ Ι.Δ   ΤΟΥ Ψ/ΤΟΜΕΑ,,,,no sponsor block
Ω1Θ04690ΒΤ-ΜΘΧ,2021-12-22,ΤΑΚΤΙΚΗ ΜΙΣΘΟΔΟΣΙΑ  ΔΕΚΕΜΒΡΙΟΥ/2021 ΠΡΟΣΩΠΙΚΟ ΕΠΙ ΣΧΕΣΕΙ ΕΡΓΑΣΙΑΣ Ι.Δ   ΤΟΥ Ψ/ΤΟΜΕΑ,,,,no sponsor block
9Λ7Ο4690ΒΤ-0Θ8,2021-12-21,ΤΑΚΤΙΚΗ ΜΙΣΘΟΔΟΣΙΑ ΔΕΚΕΜΒΡΙΟΥ  /2021 ΠΔΕ-ΕΣΠΑ ΕΠΙΚΟΥΡΙΚΟ ΠΡΟΣΩΠΙΚΟ ΤΟΥ Γ.Ν.Κ                ΥΠ.11/Ο Π Σ 5070506,,,,no sponsor block
Ψ9Ω94690ΒΤ-0ΦΥ,2021-12-17,ΤΑΚΤΙΚΕΣ ΕΦΗΜΕΡΙΕΣ ΝΟΕΜΒΡΙΟΥ/2021  ΕΠΙΚΟΥΡΙΚΟΙ  Ε.Σ.Υ,,,,no sponsor block
663Φ4690ΒΤ-7ΒΡ,2021-12-17,ΤΑΚΤΙΚΕΣ ΕΦΗΜΕΡΙΕΣ ΝΟΕΜΒΡΙΟΥ/2021  ΕΠΙΚΟΥΡΙΚΟΙ  Ε.Σ.Υ,,,,no sponsor block
6ΡΤΠ4690ΒΤ-9Ν6,2021-12-17,ΤΑΚΤΙΚΕΣ ΕΦΗΜΕΡΙΕΣ ΝΟΕΜΒΡΙΟΥ/2021 ΓΙΑΤΡΟΙ Ε.Σ.Υ   ΕΙΔΙΚ/ΝΟΙ,,,,no sponsor block
ΨΕΝΣ4690ΒΤ-ΡΔΙ,2021-12-17,ΤΑΚΤΙΚΕΣ ΕΦΗΜΕΡΙΕΣ ΝΟΕΜΒΡΙΟΥ/2021 ΑΓΡΟΤΙΚΟΙ  ΙΑΤΡΟΙ,,,,no sponsor block
6ΤΨ94690ΒΤ-40Μ,2021-12-17,ΤΑΚΤΙΚΕΣ ΕΦΗΜΕΡΙΕΣ ΝΟΕΜΒΡΙΟΥ/2021 ΓΙΑΤΡΟΙ Ε.ΣΥ,,,,no sponsor block
640Γ4690ΒΤ-9ΒΜ,2021-12-17,ΑΠΟΖΗΜΙΩΣΗ ΕΦΗΜΕΡΙΩΝ ΕΠΙΣΤΗΜΟΝΙΚΟΥ ΠΡΟΣΩΠΙΚΟΥ ΝΟΕΜΒΡΙΟΥ/2021,,,,no sponsor block
ΩΗ244690ΒΤ-ΛΤ6,2021-12-17,ΑΠΟΖΗΜΙΩΣΗ ΕΦΗΜΕΡΙΩΝ ΕΠΙΣΤΗΜΟΝΙΚΟΥ ΠΡΟΣΩΠΙΚΟΥ ΝΟΕΜΒΡΙΟΥ/2021,,,,no sponsor block
6ΚΘ24690ΒΤ-ΟΛΔ,2021-12-17,ΠΡΟΣΘΕΤΕΣ ΑΜΟΙΒΕΣ ΝΟΕΜΒΡΙΟΥ/2021  ΝΟΣΗΛΕΥΤΙΚΟ  ΠΡΟΣΩΠΙΚΟ,,,,no sponsor block
63Θ54690ΒΤ-Γ3Ψ,2021-12-17,ΠΡΟΣΘΕΤΕΣ ΑΜΟΙΒΕΣ ΝΟΕΜΒΡΙΟΥ/2021  ΑΠΟΣΠΑΣΜΕΝΟΙ,,,,no sponsor block
ΩΣ3Υ4690ΒΤ-ΞΦ7,2021-12-17,ΠΡΟΣΘΕΤΕΣ ΑΜΟΙΒΕΣ ΝΟΕΜΒΡΙΟΥ/2021   ΠΡΟΣΩΠΙΚΟ ΕΠΙ ΣΧΕΣΕΙ ΕΡΓΑΣΙΑΣ Ι.Δ.Α.Χ,,,,no sponsor block
6ΤΔΩ4690ΒΤ-ΥΘΛ,2021-12-17,ΠΡΟΣΘΕΤΕΣ ΑΜΟΙΒΕΣ ΝΟΕΜΒΡΙΟΥ/2021  ΝΟΣΗΛΕΥΤΙΚΟ  ΠΡΟΣΩΠΙΚΟ Ν.Δ 1057/80,,,,no sponsor block
Ω5Κ74690ΒΤ-24Ζ,2021-12-17,ΠΡΟΣΘΕΤΕΣ ΑΜΟΙΒΕΣ ΝΟΕΜΒΡΙΟΥ/2021  ΜΟΝΙΜΟ ΔΟΚΙΜΟ  ΠΡΟΣΩΠΙΚΟ ΕΙΔ. ΘΕΣΕΩΝ,,,,no sponsor block
Ω05Γ4690ΒΤ-ΟΙ6,2021-12-17,ΠΡΟΣΘΕΤΕΣ ΑΜΟΙΒΕΣ ΝΟΕΜΒΡΙΟΥ/2021  ΜΟΝΙΜΟ-ΔΟΚΙΜΟ ΒΟΗΘ. ΠΡΟΣΩΠΙΚΟ,,,,no sponsor block
6Υ354690ΒΤ-73Τ,2021-12-17,ΠΡΟΣΘΕΤΕΣ ΑΜΟΙΒΕΣ ΝΟΕΜΒΡΙΟΥ/2021  ΔΙΟΙΚΗΤΙΚΟ  ΠΡΟΣΩΠΙΚΟ,,,,no sponsor block
Ψ75Ν4690ΒΤ-ΣΓΦ,2021-12-17,ΠΡΟΣΘΕΤΕΣ ΑΜΟΙΒΕΣ ΝΟΕΜΒΡΙΟΥ/2021   ΠΡΟΣΩΠΙΚΟ Ι.Δ    Ν.2470/96,,,,no sponsor block
6Ω3Α4690ΒΤ-Υ78,2021-12-17,ΠΡΟΣΘΕΤΕΣ ΑΜΟΙΒΕΣ ΝΟΕΜΒΡΙΟΥ/2021  ΕΠΙΚΟΥΡΙΚΟ ΠΡΟΣΩΠΙΚΟ,,,,no sponsor block
60ΕΠ4690ΒΤ-ΝΓΞ,2021-12-17,ΠΡΟΣΘΕΤΕΣ ΑΜΟΙΒΕΣ ΝΟΕΜΒΡΙΟΥ/2021  ΕΠΙΚΟΥΡΙΚΟ ΠΡΟΣΩΠΙΚΟ,,,,no sponsor block
Ω2ΖΒ4690ΒΤ-ΕΡΘ,2021-12-20,ΠΡΟΣΘΕΤΕΣ ΑΜΟΙΒΕΣ  ΝΟΕΜΒΡΙΟΥ  /2021 ΕΠΙΚΟΥΡΙΚΟ ΠΡΟΣΩΠΙΚΟ ΠΔΕ-ΕΣΠΑ  Γ.Ν.Κ ΥΠ.11/Ο Π Σ 5070506,,,,no sponsor block
ΩΙΠΣ4690ΒΤ-2ΜΑ,2021-12-17,ΑΠΟΖΗΜΙΩΣΗ ΛΟΓΩ ΣΥΝΤΑΞΙΟΔΟΤΗΣΗΣ ΠΡΟΣΩΠΙΚΟΥ Ι.Δ.Α.Χ  ΑΡΘΡΟ 55 Π.Δ 410/88 & ΑΡΘΡΟ 21 Ν.3144/2003,,,,no sponsor block
6ΟΕΕ4690ΒΤ-654,2021-12-16,Για την αξία οδοιπορικών εξόδων και ημερήσιας αποζημίωσης υπαλλήλων του Γ.Ν.Κατερίνης,,,,no sponsor block
6ΘΓ34690ΒΤ-ΗΑΞ,2021-12-09,ΑΠΟΖΗΜΙΩΣΗ ΕΦΗΜΕΡΙΩΝ ΕΠΙΣΤΗΜΟΝΙΚΟΥ ΠΡΟΣΩΠΙΚΟΥ ΝΟΕΜΒΡΙΟΣ/2021   ΤΟΥ   Κ.Ψ.ΥΓΕΙΑΣ,,,,no sponsor block
68Τ84690ΒΤ-ΩΓΖ,2021-12-09,ΑΠΟΖΗΜΙΩΣΗ ΕΦΗΜΕΡΙΩΝ ΕΠΙΣΤΗΜΟΝΙΚΟΥ ΠΡΟΣΩΠΙΚΟΥ  Ι.Δ   Ν.Δ  1057/80   ΝΟΕΜΒΡΙΟΣ/2021   ΤΟΥ   Ψ/ΤΟΜΕΑ,,,,no sponsor block
6ΥΤΓ4690ΒΤ-8Γ5,2021-12-09,ΑΠΟΖΗΜΙΩΣΗ ΕΦΗΜΕΡΙΩΝ ΕΠΙΣΤΗΜΟΝΙΚΟΥ ΠΡΟΣΩΠΙΚΟΥ ΝΟΕΜΒΡΙΟΣ/2021   ΤΟΥ   Ψ/ΤΟΜΕΑ,,,,no sponsor block
6Θ014690ΒΤ-4Ο4,2021-12-09,ΠΡΟΣΘΕΤΕΣ ΑΜΟΙΒΕΣ ΝΟΕΜΒΡΙΟΥ/2021   ΠΡΟΣΩΠΙΚΟ ΕΠΙ ΣΧΕΣΕΙ ΕΡΓΑΣΙΑΣ Ι.Δ    ΤΟΥ Ψ/ΤΟΜΕΑ,,,,no sponsor block
69Κ44690ΒΤ-ΥΣΦ,2021-12-09,ΠΡΟΣΘΕΤΕΣ ΑΜΟΙΒΕΣ ΝΟΕΜΒΡΙΟΥ/2021  ΕΠΙΚΟΥΡΙΚΟ  ΠΡΟΣΩΠΙΚΟ ΤΟΥ Ψ/ΤΟΜΕΑ,,,,no sponsor block
6ΔΜ44690ΒΤ-5ΔΨ,2021-12-09,ΠΡΟΣΘΕΤΕΣ ΑΜΟΙΒΕΣ ΝΟΕΜΒΡΙΟΥ/2021  ΕΠΙΚΟΥΡΙΚΟ  ΠΡΟΣΩΠΙΚΟ ΤΟΥ Ψ/ΤΟΜΕΑ,,,,no sponsor block
9ΠΞΦ4690ΒΤ-Ι77,2021-12-09,ΠΡΟΣΘΕΤΕΣ ΑΜΟΙΒΕΣ ΝΟΕΜΒΡΙΟΥ/2021  ΠΡΟΣΩΠΙΚΟ  ΕΠΙ ΣΧΕΣΕΙ ΕΡΓΑΣΙΑΣ Ι.Δ.Α.Χ  ΤΟΥ Ψ/ΤΟΜΕΑ,,,,no sponsor block
ΩΗ1Β4690ΒΤ-ΚΑΛ,2021-12-09,ΠΡΟΣΘΕΤΕΣ ΑΜΟΙΒΕΣ ΝΟΕΜΒΡΙΟΥ/2021 ΜΟΝΙΜΟ -ΔΟΚΙΜΟ ΒΟΗΘ.  ΠΡΟΣΩΠΙΚΟ ΤΟΥ Ψ/ΤΟΜΕΑ,,,,no sponsor block
ΨΣ204690ΒΤ-ΤΘ0,2021-12-09,ΠΡΟΣΘΕΤΕΣ ΑΜΟΙΒΕΣ ΝΟΕΜΒΡΙΟΥ/2021  ΤΕΧΝΙΚΟ  ΠΡΟΣΩΠΙΚΟ ΤΟΥ Ψ/ΤΟΜΕΑ,,,,no sponsor block
99974690ΒΤ-9ΥΚ,2021-12-09,ΠΡΟΣΘΕΤΕΣ ΑΜΟΙΒΕΣ ΝΟΕΜΒΡΙΟΥ/2021 ΝΟΣΗΛΕΥΤΙΚΟ ΠΡΟΣΩΠΙΚΟ ΤΟΥ Ψ/ΤΟΜΕΑ,,,,no sponsor block
ΨΠΘΓ4690ΒΤ-8Γ8,2021-12-09,ΤΑΚΤΙΚΕΣ ΕΦΗΜΕΡΙΕΣ ΝΟΕΜΒΡΙΟΥ/2021 ΓΙΑΤΡΟΙ Ε.Σ.Υ  ΕΙΔΙΚ/ΝΟΙ   ΤΟΥ Ψ/ΤΟΜΕΑ,,,,no sponsor block
ΨΡΗΨ4690ΒΤ-ΖΓΔ,2021-12-09,ΤΑΚΤΙΚΕΣ ΕΦΗΜΕΡΙΕΣ ΝΟΕΜΒΡΙΟΥ/2021 ΓΙΑΤΡΟΙ Ε.Σ.Υ   ΤΟΥ Ψ/ΤΟΜΕΑ,,,,no sponsor block
6Υ0Χ4690ΒΤ-ΨΩΕ,2021-12-09,ΤΑΚΤΙΚΕΣ ΕΦΗΜΕΡΙΕΣ ΝΟΕΜΒΡΙΟΥ/2021 ΓΙΑΤΡΟΙ Ε.Σ.Υ   ΤΟΥ Κ.Ψ.ΥΓΕΙΑΣ,,,,no sponsor block
9ΙΙ54690ΒΤ-ΓΑΙ,2021-12-09,ΠΡΟΣΘΕΤΕΣ ΕΦΗΜΕΡΙΕΣ  ΜΑΙΟΥ  /2021   ΓΙΑΤΡΟΙ  Ε.Σ.Υ  ΤΟΥ  Κ.Ψ.ΥΓΕΙΑΣ,,,,no sponsor block
97Μ04690ΒΤ-9ΗΝ,2021-12-09,ΠΡΟΣΘΕΤΕΣ ΕΦΗΜΕΡΙΕΣ  ΜΑΙΟΥ  /2021   ΓΙΑΤΡΟΙ  Ε.Σ.Υ  ΕΙΔΙΚ/ΝΟΙ  ΤΟΥ Ψ/ΤΟΜΕΑ,,,,no sponsor block
ΩΥΓ54690ΒΤ-Μ5Κ,2021-12-09,ΠΡΟΣΘΕΤΕΣ ΕΦΗΜΕΡΙΕΣ  ΜΑΙΟΥ  /2021   ΓΙΑΤΡΟΙ  Ε.Σ.Υ  ΤΟΥ Ψ/ΤΟΜΕΑ,,,,no sponsor block
6ΧΕΙ4690ΒΤ-ΗΝ8,2021-12-09,ΠΡΟΣΘΕΤΕΣ ΕΦΗΜΕΡΙΕΣ  ΑΠΡΙΛΙΟΥ  /2021   ΓΙΑΤΡΟΙ  Ε.Σ.Υ  ΤΟΥ Ψ/ΤΟΜΕΑ,,,,no sponsor block
ΩΘΔ54690ΒΤ-7ΧΓ,2021-12-09,ΠΡΟΣΘΕΤΕΣ ΕΦΗΜΕΡΙΕΣ  ΑΠΡΙΛΙΟΥ  /2021   ΓΙΑΤΡΟΙ  Ε.Σ.Υ ΕΙΔΙΚ/ΝΟΙ ΤΟΥ Ψ/ΤΟΜΕΑ,,,,no sponsor block
6Ξ504690ΒΤ-Χ4Ι,2021-12-09,ΠΡΟΣΘΕΤΕΣ ΕΦΗΜΕΡΙΕΣ  ΜΑΙΟΥ  /2021   ΕΠΙΚΟΥΡΙΚΟΙ   Ε.Σ.Υ,,,,no sponsor block
Ψ25Η4690ΒΤ-Φ3Γ,2021-12-09,ΠΡΟΣΘΕΤΕΣ ΕΦΗΜΕΡΙΕΣ  ΜΑΙΟΥ  /2021   ΑΓΡΟΤΙΚΟΙ   ΙΑΤΡΟΙ,,,,no sponsor block
9ΓΡ54690ΒΤ-06Ε,2021-12-09,ΠΡΟΣΘΕΤΕΣ ΕΦΗΜΕΡΙΕΣ ΜΑΙΟΥ  /2021   ΓΙΑΤΡΟΙ  Ε.Σ.Υ ΕΙΔΙΚ/ΝΟΙ,,,,no sponsor block
99Π84690ΒΤ-4ΣΡ,2021-12-09,ΠΡΟΣΘΕΤΕΣ ΕΦΗΜΕΡΙΕΣ  ΜΑΙΟΥ  /2021   ΓΙΑΤΡΟΙ  Ε.Σ.Υ,,,,no sponsor block
ΨΥΖ54690ΒΤ-ΓΗ5,2021-12-09,ΠΡΟΣΘΕΤΕΣ ΕΦΗΜΕΡΙΕΣ  ΜΑΙΟΥ  /2021  ΕΠΙΚΟΥΡΙΚΟΙ Ε.Σ.Υ,,,,no sponsor block
6Ε9Ω4690ΒΤ-ΡΧΝ,2021-12-09,ΠΡΟΣΘΕΤΕΣ ΕΦΗΜΕΡΙΕΣ ΑΠΡΙΛΙΟΥ /2021  ΓΙΑΤΡΟΙ  Ε.Σ.Υ  ΕΙΔΙΚ/ΝΟΙ,,,,no sponsor block
ΨΨΓΑ4690ΒΤ-1ΤΖ,2021-12-09,ΠΡΟΣΘΕΤΕΣ ΕΦΗΜΕΡΙΕΣ ΑΠΡΙΛΙΟΥ /2021  ΕΠΙΚΟΥΡΙΚΟΙ Ε.Σ.Υ,,,,no sponsor block
ΩΖΕΛ4690ΒΤ-ΡΗΝ,2021-12-09,ΠΡΟΣΘΕΤΕΣ ΕΦΗΜΕΡΙΕΣ ΑΠΡΙΛΙΟΥ /2021  ΑΓΡΟΤΙΚΟΙ ΙΑΤΡΟΙ,,,,no sponsor block
65Ζ54690ΒΤ-ΛΤΗ,2021-12-09,ΠΡΟΣΘΕΤΕΣ ΕΦΗΜΕΡΙΕΣ ΑΠΡΙΛΙΟΥ /2021  ΓΙΑΤΡΟΙ   Ε.Σ.Υ,,,,no sponsor block
ΨΕΑ14690ΒΤ-Ζ91,2021-12-09,ΠΡΟΣΘΕΤΕΣ ΕΦΗΜΕΡΙΕΣ ΑΠΡΙΛΙΟΥ /2021  ΕΠΙΚΟΥΡΙΚΟΙ Ε.Σ.Υ,,,,no sponsor block
Ψ74Ω4690ΒΤ-3ΚΤ,2021-12-08,ΤΑΚΤΙΚΗ ΜΙΣΘΟΔΟΣΙΑ  ΝΟΕΜΒΡΙΟΥ /2021 12 ΜΗΝΑ ΟΑΕΔ   ΔΗΜ.ΠΡΟΣΚΛ. Νο 13/2016,,,,no sponsor block
6ΙΞΨ4690ΒΤ-ΡΞΤ,2021-12-08,ΠΡΟΣΘΕΤΕΣ ΑΜΟΙΒΕΣ ΟΚΤΩΒΡΙΟΥ  /2021  ΔΗΜ.ΠΡΟΣΚΛΗΣΗ   Νο 10/2017    12 ΜΗΝΑ ΟΑΕΔ,,,,no sponsor block
99Λ14690ΒΤ-ΜΨΗ,2021-12-08,ΤΑΚΤΙΚΗ ΜΙΣΘΟΔΟΣΙΑ  ΝΟΕΜΒΡΙΟΥ /2021 12 ΜΗΝΑ ΟΑΕΔ   ΔΗΜ.ΠΡΟΣΚΛ. Νο 10/2017,,,,no sponsor block
66Μ44690ΒΤ-ΒΣ2,2021-12-08,ΤΑΚΤΙΚΗ ΜΙΣΘΟΔΟΣΙΑ  ΝΟΕΜΒΡΙΟΥ  /2021 12 ΜΗΝΑ ΟΑΕΔ   ΔΗΜ.ΠΡΟΣΚΛ. Νο 13/2016,,,,no sponsor block
Ψ26Ν4690ΒΤ-ΗΩ5,2021-12-08,ΓΙΑ ΤΗΝ ΑΞΙΑ ΠΛΗΡΩΜΗΣ ΟΔΟΙΠΟΡΙΚΩΝ ΕΞΟΔΩΝ & ΗΜΕΡΗΣΙΑΣ ΑΠΟΖΗΜΙΩΣΗΣ ΥΠΑΛΛΗΛΩΝ ΤΟΥ Ψ/Τ .ΚΑΤΕΡΙΝΗΣ,,,,no sponsor block
ΩΞ8Ε4690ΒΤ-ΗΟ4,2021-12-02,ΤΑΚΤΙΚΗ ΜΙΣΘΟΔΟΣΙΑ  ΝΟΕΜΒΡΙΟΥ /2021 ΠΡΟΣΩΠΙΚΟ ΕΠΙ ΣΧΕΣΕΙ ΕΡΓΑΣΙΑΣ  ΤΟΥ Ψ/ΤΟΜΕΑ,,,,no sponsor block
6ΟΠΖ4690ΒΤ-349,2021-12-02,ΤΑΚΤΙΚΗ ΜΙΣΘΟΔΟΣΙΑ  ΟΚΤΩΒΡΙΟΥ /2021 ΠΡΟΣΩΠΙΚΟ ΕΠΙ ΣΧΕΣΕΙ ΕΡΓΑΣΙΑΣ  ΤΟΥ Ψ/ΤΟΜΕΑ,,,,no sponsor block
Ψ7Κ34690ΒΤ-ΖΤΖ,2021-12-02,ΤΑΚΤΙΚΗ ΜΙΣΘΟΔΟΣΙΑ ΝΟΕΜΒΡΙΟΥ/2021 ΕΠΙΚΟΥΡΙΚΟΥ ΙΑΤΡΟΥ ΤΟΥ Ψ/ΤΟΜΕΑ,,,,no sponsor block
Ψ62Χ4690ΒΤ-ΧΕΕ,2021-12-02,ΤΑΚΤΙΚΗ ΜΙΣΘΟΔΟΣΙΑ ΝΟΕΜΒΡΙΟΥ/2021 ΠΡΟΣΩΠΙΚΟ ΕΠΙ ΣΧΕΣΕΙ ΕΡΓΑΣΙΑΣ Ι.Δ   ΤΟΥ Ψ/ΤΟΜΕΑ,,,,no sponsor block
64ΟΔ4690ΒΤ-ΡΓ8,2021-12-02,ΤΑΚΤΙΚΗ ΜΙΣΘΟΔΟΣΙΑ ΝΟΕΜΒΡΙΟΥ/2021 ΠΡΟΣΩΠΙΚΟ ΕΠΙ ΣΧΕΣΕΙ ΕΡΓΑΣΙΑΣ Ι.Δ   ΤΟΥ Ψ/ΤΟΜΕΑ,,,,no sponsor block
ΩΗ0Η4690ΒΤ-ΚΜ9,2021-12-01,ΤΑΚΤΙΚΗ ΜΙΣΘΟΔΟΣΙΑ  ΝΟΕΜΒΡΙΟΥ /2021  ΑΜΙΣΘΟΙ ΤΕΕ ( ΔΙΕΚ ),,,,no sponsor block
6Α394690ΒΤ-ΩΚΩ,2021-12-01,ΤΑΚΤΙΚΗ ΜΙΣΘΟΔΟΣΙΑ  ΝΟΕΜΒΡΙΟΥ /2021  ΣΠΟΥΔΑΣΤΕΣ ΠΟΥ ΑΣΚΟΥΝΤΑΙ  ΤΟΥ Γ.Ν.Κ,,,,no sponsor block
ΩΜΕΩ4690ΒΤ-1ΙΒ,2021-12-01,ΤΑΚΤΙΚΗ ΜΙΣΘΟΔΟΣΙΑ  ΟΚΤΩΒΡΙΟΥ /2021  AMIΣΘΟΙ ΤΕΕ ( ΕΠΑΛ ) ΤΟΥ Γ.Ν.Κ,,,,no sponsor block
ΩΧΓ84690ΒΤ-ΚΧΜ,2021-12-01,ΤΑΚΤΙΚΗ ΜΙΣΘΟΔΟΣΙΑ  ΝΟΕΜΒΡΙΟΥ /2021 ΕΠΙΣΤΗΜΟΝΙΚΟ  ΠΡΟΣΩΠΙΚΟ ΤΟΥ Γ.Ν.Κ,,,,no sponsor block
9Λ1Ε4690ΒΤ-5Υ2,2021-12-01,ΤΑΚΤΙΚΗ ΜΙΣΘΟΔΟΣΙΑ  ΝΟΕΜΒΡΙΟΥ /2021 ΕΠΙΚΟΥΡΙΚΟΙ Ε.Σ.Υ  ΤΟΥ Γ.Ν.Κ,,,,no sponsor block
99ΝΘ4690ΒΤ-ΛΘΨ,2021-12-01,ΑΝΑΔΡΟΜΙΚΑ ΝΟΕΜΒΡΙΟΥ/2021 ΕΠΙΚΟΥΡΙΚΟ ΠΡΟΣΩΠΙΚΟ,,,,no sponsor block
605Σ4690ΒΤ-75Υ,2021-12-01,ΤΑΚΤΙΚΗ ΜΙΣΘΟΔΟΣΙΑ  ΝΟΕΜΒΡΙΟΥ /2021 ΕΠΙΚΟΥΡΙΚΟ  ΠΡΟΣΩΠΙΚΟ ΤΟΥ Γ.Ν.Κ,,,,no sponsor block
ΩΘΘΞ4690ΒΤ-7Ξ0,2021-12-01,ΤΑΚΤΙΚΗ ΜΙΣΘΟΔΟΣΙΑ  ΝΟΕΜΒΡΙΟΥ /2021 ΕΠΙΚΟΥΡΙΚΟΙ Ε.Σ.Υ   ΤΟΥ Γ.Ν.Κ,,,,no sponsor block
6ΕΙΞ4690ΒΤ-0Α4,2021-12-01,ΤΑΚΤΙΚΗ ΜΙΣΘΟΔΟΣΙΑ  ΝΟΕΜΒΡΙΟΥ /2021 ΕΠΙΚΟΥΡΙΚΟ  ΠΡΟΣΩΠΙΚΟ ΤΟΥ Γ.Ν.Κ,,,,no sponsor block
606Φ4690ΒΤ-ΠΧ0,2021-12-01,ΤΑΚΤΙΚΗ ΜΙΣΘΟΔΟΣΙΑ ΝΟΕΜΒΡΙΟΥ  /2021 ΠΔΕ-ΕΣΠΑ ΕΠΙΚΟΥΡΙΚΟ ΠΡΟΣΩΠΙΚΟ ΤΟΥ Γ.Ν.Κ,,,,no sponsor block
ΨΔ874690ΒΤ-ΚΡ9,2021-11-26,ΓΙΑ ΤΗΝ ΑΞΙΑ ΠΛΗΡΩΜΗΣ ΟΔΟΙΠΟΡΙΚΩΝ ΕΞΟΔΩΝ & ΗΜΕΡΗΣΙΑΣ ΑΠΟΖΗΜΙΩΣΗΣ ΥΠΑΛΛΗΛΩΝ ΤΟΥ Γ.Ν.Κ,,,,no sponsor block
ΩΞΦ74690ΒΤ-ΛΒ8,2021-11-25,ΠΡΟΣΘΕΤΕΣ ΑΜΟΙΒΕΣ ΟΚΤΩΒΡΙΟΥ /2021 ΕΠΙΚΟΥΡΙΚΟ ΠΡΟΣΩΠΙΚΟ ΠΔΕ-ΕΣΠΑ  Γ.Ν.Κ,,,,no sponsor block
67ΚΩ4690ΒΤ-2ΒΗ,2021-11-25,ΠΡΟΣΘΕΤΕΣ ΑΜΟΙΒΕΣ ΟΚΤΩΒΡΙΟΥ/2021 ΝΟΣΗΛΕΥΤΙΚΟ   ΠΡΟΣΩΠΙΚΟ ΤΟΥ Γ.Ν.Κ,,,,no sponsor block
Ω3Ω24690ΒΤ-540,2021-11-25,ΠΡΟΣΘΕΤΕΣ ΑΜΟΙΒΕΣ ΟΚΤΩΒΡΙΟΥ/2021  ΑΠΟΣΠΑΣΜΕΝΟΙ,,,,no sponsor block
6ΑΠ44690ΒΤ-6ΔΑ,2021-11-25,ΠΡΟΣΘΕΤΕΣ ΑΜΟΙΒΕΣ ΟΚΤΩΒΡΙΟΥ/2021  ΠΡΟΣΩΠΙΚΟ ΕΠΙ ΣΧΕΣΕΙ ΕΡΓΑΣΙΑΣ Ι.Δ.Α.Χ ΤΟΥ Γ.Ν.Κ,,,,no sponsor block
6Α2Γ4690ΒΤ-2ΝΨ,2021-11-25,ΠΡΟΣΘΕΤΕΣ ΑΜΟΙΒΕΣ ΟΚΤΩΒΡΙΟΥ/2021 ΝΟΣΗΛ/ΚΟ  ΠΡΟΣΩΠΙΚΟ  Ν.Δ 1057/80  ΤΟΥ Γ.Ν.Κ,,,,no sponsor block
Ω2ΛΗ4690ΒΤ-ΕΟΥ,2021-11-25,ΠΡΟΣΘΕΤΕΣ ΑΜΟΙΒΕΣ ΟΚΤΩΒΡΙΟΥ/2021 ΜΟΝΙΜΟ-ΔΟΚΙΜΟ   ΠΡΟΣΩΠΙΚΟ  ΕΙΔ. ΘΕΣΕΩΝ  ΤΟΥ Γ.Ν.Κ,,,,no sponsor block
ΨΞΔ44690ΒΤ-3ΞΑ,2021-11-25,ΠΡΟΣΘΕΤΕΣ ΑΜΟΙΒΕΣ ΟΚΤΩΒΡΙΟΥ/2021 ΜΟΝΙΜΟ-ΔΟΚΙΜΟ ΒΟΗΘ.  ΠΡΟΣΩΠΙΚΟ ΤΟΥ Γ.Ν.Κ,,,,no sponsor block
ΨΛΟΦ4690ΒΤ-15Θ,2021-11-25,ΠΡΟΣΘΕΤΕΣ ΑΜΟΙΒΕΣ ΟΚΤΩΒΡΙΟΥ/2021 ΔΙΟΙΚΗΤΙΚΟ  ΠΡΟΣΩΠΙΚΟ ΤΟΥ Γ.Ν.Κ,,,,no sponsor block
6ΑΙ94690ΒΤ-ΗΟΓ,2021-11-25,ΠΡΟΣΘΕΤΕΣ ΑΜΟΙΒΕΣ ΟΚΤΩΒΡΙΟΥ/2021  ΠΡΟΣΩΠΙΚΟ Ι.Δ Ν.2470/96 ΤΟΥ Γ.Ν.Κ,,,,no sponsor block
ΩΦ914690ΒΤ-6Γ9,2021-11-25,ΠΡΟΣΘΕΤΕΣ ΑΜΟΙΒΕΣ ΟΚΤΩΒΡΙΟΥ/2021 ΕΠΙΚΟΥΡΙΚΟ ΠΡΟΣΩΠΙΚΟ ΤΟΥ Γ.Ν.Κ,,,,no sponsor block
Ψ91Β4690ΒΤ-31Ν,2021-11-25,ΠΡΟΣΘΕΤΕΣ ΑΜΟΙΒΕΣ ΟΚΤΩΒΡΙΟΥ/2021 ΕΠΙΚΟΥΡΙΚΟ ΠΡΟΣΩΠΙΚΟ ΤΟΥ Γ.Ν.Κ,,,,no sponsor block
ΩΧΝΨ4690ΒΤ-ΕΓΘ,2021-11-25,ΑΠΟΖΗΜΙΩΣΗ ΕΦΗΜΕΡΙΩΝ ΕΠΙΣΤΗΜΟΝΙΚΟΥ ΠΡΟΣΩΠΙΚΟΥ ΟΚΤΩΒΡΙΟΣ/2021 Γ.Ν.Κ,,,,no sponsor block
ΨΒΑΧ4690ΒΤ-ΣΝΥ,2021-11-25,ΑΠΟΖΗΜΙΩΣΗ ΕΦΗΜΕΡΙΩΝ ΕΠΙΣΤΗΜΟΝΙΚΟΥ ΠΡΟΣΩΠΙΚΟΥ ΟΚΤΩΒΡΙΟΣ/2021 Γ.Ν.Κ,,,,no sponsor block
6ΘΚΕ4690ΒΤ-ΤΩΩ,2021-11-25,ΤΑΚΤΙΚΕΣ ΕΦΗΜΕΡΙΕΣ ΟΚΤΩΒΡΙΟΥ/2021 ΓΙΑΤΡΟΙ Ε.Σ.Υ  ΕΠΙΚΟΥΡΙΚΟΙ ΤΟΥ Γ.Ν.ΚΑΤΕΡ.,,,,no sponsor block
ΩΖΕΥ4690ΒΤ-2ΣΖ,2021-11-25,ΤΑΚΤΙΚΕΣ ΕΦΗΜΕΡΙΕΣ ΟΚΤΩΒΡΙΟΥ/2021 ΓΙΑΤΡΟΙ Ε.Σ.Υ  ΕΠΙΚΟΥΡΙΚΟΙ ΤΟΥ Γ.Ν.ΚΑΤΕΡ.,,,,no sponsor block
6ΜΕΙ4690ΒΤ-52Θ,2021-11-25,ΤΑΚΤΙΚΕΣ ΕΦΗΜΕΡΙΕΣ ΟΚΤΩΒΡΙΟΥ/2021 ΓΙΑΤΡΟΙ Ε.Σ.Υ   ΕΙΔΙΚ/ΝΟΙ  ΤΟΥ Γ.Ν.ΚΑΤΕΡ.,,,,no sponsor block
Ω1044690ΒΤ-Ζ3Ν,2021-11-25,ΤΑΚΤΙΚΕΣ ΕΦΗΜΕΡΙΕΣ ΟΚΤΩΒΡΙΟΥ/2021   ΑΓΡΟΤΙΚΟΙ ΙΑΤΡΟΙ,,,,no sponsor block
Ω1ΟΡ4690ΒΤ-2Α3,2021-11-25,ΤΑΚΤΙΚΕΣ ΕΦΗΜΕΡΙΕΣ ΟΚΤΩΒΡΙΟΥ/2021 ΓΙΑΤΡΟΙ Ε.Σ.Υ ΤΟΥ Γ.Ν.ΚΑΤΕΡ.,,,,no sponsor block
6ΚΨΑ4690ΒΤ-7ΒΑ,2021-11-25,ΑΠΟΖΗΜΙΩΣΗ ΕΦΗΜΕΡΙΩΝ ΕΠΙΣΤΗΜΟΝΙΚΟΥ ΠΡΟΣΩΠΙΚΟΥ ΟΚΤΩΒΡΙΟΣ/2021 ΤΟΥ Κ.Ψ.ΥΓΕΙΑΣ,,,,no sponsor block
6ΒΣΑ4690ΒΤ-Σ4Χ,2021-11-25,ΑΠΟΖΗΜΙΩΣΗ ΕΦΗΜΕΡΙΩΝ ΕΠΙΣΤΗΜΟΝΙΚΟΥ ΠΡΟΣΩΠΙΚΟΥ  Ι.Δ  Ν.Δ. 1057/80   ΟΚΤΩΒΡΙΟΣ/2021 ΤΟΥ Ψ/ΤΟΜΕΑ,,,,no sponsor block
Ω8ΒΠ4690ΒΤ-Ζ4Θ,2021-11-25,ΑΠΟΖΗΜΙΩΣΗ ΕΦΗΜΕΡΙΩΝ ΕΠΙΣΤΗΜΟΝΙΚΟΥ ΠΡΟΣΩΠΙΚΟΥ ΟΚΤΩΒΡΙΟΣ/2021 ΤΟΥ Ψ/ΤΟΜΕΑ,,,,no sponsor block
6ΘΘΨ4690ΒΤ-1Η1,2021-11-25,ΠΡΟΣΘΕΤΕΣ ΑΜΟΙΒΕΣ ΟΚΤΩΒΡΙΟΥ/2021 ΕΠΙΚΟΥΡΙΚΟ   ΠΡΟΣΩΠΙΚΟ   ΤΟΥ Ψ/ΤΟΜΕΑ,,,,no sponsor block
ΩΜΔΗ4690ΒΤ-94Κ,2021-11-24,ΠΡΟΣΘΕΤΕΣ ΑΜΟΙΒΕΣ ΟΚΤΩΒΡΙΟΥ/2021  ΠΡΟΣΩΠΙΚΟ  ΕΠΙ ΣΧΕΣΕΙ ΕΡΓΑΣΙΑΣ Ι.Δ.Α.Χ ΤΟΥ Ψ/ΤΟΜΕΑ,,,,no sponsor block
ΨΒ2Ρ4690ΒΤ-Ρ1Ω,2021-11-24,ΠΡΟΣΘΕΤΕΣ ΑΜΟΙΒΕΣ ΟΚΤΩΒΡΙΟΥ/2021 ΕΠΙΚΟΥΡΙΚΟ   ΠΡΟΣΩΠΙΚΟ  ΤΟΥ Ψ/ΤΟΜΕΑ,,,,no sponsor block
Ψ6244690ΒΤ-ΤΞΤ,2021-11-24,ΠΡΟΣΘΕΤΕΣ ΑΜΟΙΒΕΣ ΟΚΤΩΒΡΙΟΥ/2021 ΜΟΝΙΜΟ-ΔΟΚΙΜΟ  ΠΡΟΣΩΠΙΚΟ  ΤΟΥ Ψ/ΤΟΜΕΑ,,,,no sponsor block
ΨΛ3Ζ4690ΒΤ-ΓΦΤ,2021-11-24,ΠΡΟΣΘΕΤΕΣ ΑΜΟΙΒΕΣ ΟΚΤΩΒΡΙΟΥ/2021 ΤΕΧΝΙΚΟ  ΠΡΟΣΩΠΙΚΟ  ΤΟΥ Ψ/ΤΟΜΕΑ,,,,no sponsor block
ΩΧΞ74690ΒΤ-Σ4Μ,2021-11-24,ΠΡΟΣΘΕΤΕΣ ΑΜΟΙΒΕΣ ΟΚΤΩΒΡΙΟΥ/2021 ΝΟΣΗΛΕΥΤΙΚΟ  ΠΡΟΣΩΠΙΚΟ  ΤΟΥ Ψ/ΤΟΜΕΑ,,,,no sponsor block
6ΞΚ94690ΒΤ-20Ο,2021-11-24,ΠΡΟΣΘΕΤΕΣ ΑΜΟΙΒΕΣ ΟΚΤΩΒΡΙΟΥ/2021 ΠΡΟΣΩΠΙΚΟ ΕΠΙ ΣΧΕΣΕΙ ΕΡΓΑΣΙΑΣ Ι.Δ ΤΟΥ Ψ/ΤΟΜΕΑ,,,,no sponsor block
ΩΜ9Π4690ΒΤ-ΑΘΙ,2021-11-24,ΤΑΚΤΙΚΕΣ ΕΦΗΜΕΡΙΕΣ ΟΚΤΩΒΡΙΟΥ/2021 ΓΙΑΤΡΟΙ ΕΣΥ ΕΙΔΙΚ/ΝΟΙ  ΤΟΥ Κ.Ψ.ΥΓΕΙΑΣ,,,,no sponsor block
Ψ94Γ4690ΒΤ-ΙΕΖ,2021-11-24,ΤΑΚΤΙΚΕΣ ΕΦΗΜΕΡΙΕΣ ΟΚΤΩΒΡΙΟΥ/2021 ΓΙΑΤΡΟΙ ΕΣΥ ΕΙΔΙΚ/ΝΟΙ  ΤΟΥ Ψ/ΤΟΜΕΑ,,,,no sponsor block
68Α24690ΒΤ-ΥΦΕ,2021-11-23,ΤΑΚΤΙΚΕΣ ΕΦΗΜΕΡΙΕΣ ΟΚΤΩΒΡΙΟΥ/2021 ΓΙΑΤΡΟΙ ΕΣΥ ΤΟΥ Ψ/ΤΟΜΕΑ,,,,no sponsor block
ΨΣ9Ψ4690ΒΤ-ΖΩΗ,2021-11-12,ΓΙΑ ΤΗΝ ΑΞΙΑ ΠΛΗΡΩΜΗΣ ΟΔΟΙΠΟΡΙΚΩΝ ΕΞΟΔΩΝ & ΗΜΕΡΗΣΙΑΣ ΑΠΟΖΗΜΙΩΣΗΣ ΥΠΑΛΛΗΛΩΝ ΤΟΥ Γ.Ν.ΚΑΤΕΡΙΝΗΣ,,,,no sponsor block
ΨΓΩΑ4690ΒΤ-ΞΚΠ,2021-11-11,ΠΛΗΡΩΜΗ ΠΡΟΣΩΠΙΚΟΥ ΑΠΟ ΤΗΝ ΟΛΟΗΜΕΡΗ ΛΕΙΤΟΥΡΓΙΑ ΤΟΥ ΝΟΣΟΚΟΜΕΙΟΥ  ΜΗΝΟΣ  ΟΚΤΩΒΡΙΟΥ  /2021,,,,no sponsor block
6ΨΦΧ4690ΒΤ-95Α,2021-11-11,ΠΛΗΡΩΜΗ ΙΑΤΡΩΝ ΑΠΟ ΤΗΝ ΟΛΟΗΜΕΡΗ ΛΕΙΤΟΥΡΓΙΑ ΤΟΥ ΝΟΣΟΚΟΜΕΙΟΥ  ΜΗΝΟΣ  ΟΚΤΩΒΡΙΟΥ  /2021,,,,no sponsor block
ΩΗΤΛ4690ΒΤ-Μ7Π,2021-11-08,ΠΡΟΣΘΕΤΕΣ ΑΜΟΙΒΕΣ ΣΕΠΤΕΜΒΡΙΟΥ  /2021  ΔΗΜ.ΠΡΟΣΚΛΗΣΗ   Νο 13/2016    12 ΜΗΝΑ ΟΑΕΔ,,,,no sponsor block
94ΛΦ4690ΒΤ-ΔΑΕ,2021-11-08,ΠΡΟΣΘΕΤΕΣ ΑΜΟΙΒΕΣ ΣΕΠΤΕΜΒΡΙΟΥ  /2021  ΔΗΜ.ΠΡΟΣΚΛΗΣΗ   Νο 10/2017    12 ΜΗΝΑ ΟΑΕΔ,,,,no sponsor block
Ψ38Ν4690ΒΤ-Χ45,2021-11-08,ΤΑΚΤΙΚΗ ΜΙΣΘΟΔΟΣΙΑ  ΟΚΤΩΒΡΙΟΥ /2021 12 ΜΗΝΑ ΟΑΕΔ   ΔΗΜ.ΠΡΟΣΚΛ. Νο 13/2016,,,,no sponsor block
ΨΘΜΧ4690ΒΤ-0ΞΝ,2021-11-08,ΤΑΚΤΙΚΗ ΜΙΣΘΟΔΟΣΙΑ  ΟΚΤΩΒΡΙΟΥ /2021 12 ΜΗΝΑ ΟΑΕΔ   ΔΗΜ.ΠΡΟΣΚΛ. Νο 10/2017,,,,no sponsor block
Ψ4ΩΒ4690ΒΤ-Ζ6Ε,2021-11-02,ΑΝΑΔΡΟΜΙΚΑ  ΟΚΤΩΒΡΙΟΥ/2021 ΠΡΟΣΩΠΙΚΟ ΕΠΙ ΣΧΕΣΕΙ ΕΡΓΑΣΙΑΣ  Ι.Δ ΤΟΥ Ψ/Τ,,,,no sponsor block
ΨΣΤΕ4690ΒΤ-ΨΥΙ,2021-11-02,ΤΑΚΤΙΚΗ ΜΙΣΘΟΔΟΣΙΑ ΟΚΤΩΒΡΙΟΥ /2021 ΕΠΙΚΟΥΡΙΚΟΙ Ε.Σ.Υ ΤΟΥ Ψ/Τ,,,,no sponsor block
9ΡΟΣ4690ΒΤ-4ΦΝ,2021-11-02,ΤΑΚΤΙΚΗ ΜΙΣΘΟΔΟΣΙΑ  ΟΚΤΩΒΡΙΟΥ /2021 ΠΡΟΣΩΠΙΚΟ ΕΠΙ ΣΧΕΣΕΙ ΕΡΓΑΣΙΑΣ Ι.Δ ΤΟΥ Ψ/Τ,,,,no sponsor block
Ω5Σ84690ΒΤ-ΖΩΡ,2021-11-02,"ΤΑΚΤΙΚΗ ΜΙΣΘΟΔΟΣΙΑ ΟΚΤΩΒΡΙΟΥ  /2021 ΠΔΕ-ΕΣΠΑ ΕΠΙΚΟΥΡΙΚΟ ΠΡΟΣΩΠΙΚΟ ΤΟΥ Γ.Ν.Κ ,ΥΠ.11/Ο Π Σ 5070506",,,,no sponsor block
ΨΓΙΗ4690ΒΤ-ΠΩΠ,2021-11-02,ΤΑΚΤΙΚΗ ΜΙΣΘΟΔΟΣΙΑ ΟΚΤΩΒΡΙΟΥ  /2021  ΑΜΙΣΘΟΙ ΤΕΕ ( ΔΙΕΚ )   ΤΟΥ Γ.Ν.Κ,,,,no sponsor block
ΩΗ7Λ4690ΒΤ-ΙΗ2,2021-11-02,ΤΑΚΤΙΚΗ ΜΙΣΘΟΔΟΣΙΑ  ΣΕΠΤΕΜΒΡΙΟΥ /2021  AMIΣΘΟΙ ΤΕΕ ( ΕΠΑΛ ) ΤΟΥ Γ.Ν.Κ,,,,no sponsor block
ΨΒΜΗ4690ΒΤ-Μ8Π,2021-11-02,ΤΑΚΤΙΚΗ ΜΙΣΘΟΔΟΣΙΑ ΟΚΤΩΒΡΙΟΥ/2021  ΣΠΟΥΔΑΣΤΕΣ ΠΟΥ ΑΣΚΟΥΝΤΑΙ  ΤΟΥ Γ.Ν.ΚΑΤΕΡ.,,,,no sponsor block
6ΧΡΗ4690ΒΤ-ΩΚΤ,2021-11-02,ΤΑΚΤΙΚΗ ΜΙΣΘΟΔΟΣΙΑ ΟΚΤΩΒΡΙΟΥ/2021 ΕΠΙΣΤΗΜΟΝΙΚΟ  ΠΡΟΣΩΠΙΚΟ ΤΟΥ Γ.Ν.ΚΑΤΕΡ.,,,,no sponsor block
ΩΥ7Ρ4690ΒΤ-ΤΣΡ,2021-11-02,ΤΑΚΤΙΚΗ ΜΙΣΘΟΔΟΣΙΑ ΟΚΤΩΒΡΙΟΥ/2021 ΕΠΙΚΟΥΡΙΚΟΙ   Ε.Σ.Υ  ΤΟΥ Γ.Ν.ΚΑΤΕΡ.,,,,no sponsor block
Ω3ΚΙ4690ΒΤ-7ΨΡ,2021-11-01,ΤΑΚΤΙΚΗ ΜΙΣΘΟΔΟΣΙΑ ΟΚΤΩΒΡΙΟΥ/2021 ΕΠΙΚΟΥΡΙΚΟ ΠΡΟΣΩΠΙΚΟ ΤΟΥ Γ.Ν.ΚΑΤΕΡ.,,,,no sponsor block
Ω3ΞΗ4690ΒΤ-4ΦΛ,2021-11-01,ΤΑΚΤΙΚΗ ΜΙΣΘΟΔΟΣΙΑ ΟΚΤΩΒΡΙΟΥ/2021 ΕΠΙΚΟΥΡΙΚΟ ΠΡΟΣΩΠΙΚΟ ΤΟΥ Γ.Ν.ΚΑΤΕΡ.,,,,no sponsor block
Ψ9Η44690ΒΤ-ΖΛΑ,2021-11-01,ΤΑΚΤΙΚΗ ΜΙΣΘΟΔΟΣΙΑ ΟΚΤΩΒΡΙΟΥ/2021 ΕΠΙΚΟΥΡΙΚΟI  E.Σ.Υ  ΤΟΥ Γ.Ν.ΚΑΤΕΡ.,,,,no sponsor block
6Α1Ο4690ΒΤ-ΘΓΠ,2021-11-01,ΤΑΚΤΙΚΗ ΜΙΣΘΟΔΟΣΙΑ ΟΚΤΩΒΡΙΟΥ/2021 ΕΠΙΚΟΥΡΙΚΟ ΠΡΟΣΩΠΙΚΟ ΤΟΥ Γ.Ν.ΚΑΤΕΡ.,,,,no sponsor block
613Φ4690ΒΤ-Μ6Π,2021-10-27,ΤΑΚΤΙΚΕΣ ΕΦΗΜΕΡΙΕΣ ΣΕΠΤΕΜΒΡΙΟΥ/2021 ΓΙΑΤΡΟΙ Ε.Σ.Υ ΕΠΙΚΟΥΡΙΚΟΙ  ΤΟΥ Γ.Ν.ΚΑΤΕΡ,,,,no sponsor block
ΩΦ3Θ4690ΒΤ-ΠΙΒ,2021-10-27,ΤΑΚΤΙΚΕΣ ΕΦΗΜΕΡΙΕΣ ΣΕΠΤΕΜΒΡΙΟΥ/2021 ΓΙΑΤΡΟΙ Ε.Σ.Υ  ΕΙΔ/ΝΟΙ  ΤΟΥ Γ.Ν.ΚΑΤΕΡ,,,,no sponsor block
ΨΕΘ24690ΒΤ-8ΚΙ,2021-10-27,ΤΑΚΤΙΚΕΣ ΕΦΗΜΕΡΙΕΣ ΣΕΠΤΕΜΒΡΙΟΥ/2021 ΑΓΡΟΤΙΚΟΙ ΙΑΤΡΟΙ,,,,no sponsor block
6Ξ4Α4690ΒΤ-71Ρ,2021-10-27,ΤΑΚΤΙΚΕΣ ΕΦΗΜΕΡΙΕΣ ΣΕΠΤΕΜΒΡΙΟΥ/2021 ΓΙΑΤΡΟΙ Ε.Σ.Υ  ΕΠΙΚΟΥΡΙΚΟΙ  ΤΟΥ Γ.Ν.ΚΑΤΕΡ,,,,no sponsor block
62Ν44690ΒΤ-ΣΕΝ,2021-10-27,ΤΑΚΤΙΚΕΣ ΕΦΗΜΕΡΙΕΣ ΣΕΠΤΕΜΒΡΙΟΥ/2021 ΓΙΑΤΡΟΙ Ε.Σ.Υ ΤΟΥ Γ.Ν.ΚΑΤΕΡ,,,,no sponsor block
6ΤΨ64690ΒΤ-ΝΓΕ,2021-10-27,ΠΡΟΣΘΕΤΕΣ ΑΜΟΙΒΕΣ ΣΕΠΤΕΜΒΡΙΟΥ/2021 ΕΠΙΚΟΥΡΙΚΟ ΠΡΟΣΩΠΙΚΟ ΠΔΕ-ΕΣΠΑ  Γ.Ν.Κ,,,,no sponsor block
Ω2ΥΩ4690ΒΤ-ΘΟΚ,2021-10-27,ΑΠΟΖΗΜΙΩΣΗ  ΕΦΗΜΕΡΙΩΝ ΣΕΠΤΕΜΒΡΙΟΥ/2021  ΕΠΙΣΤΗΜΟΝΙΚΟΥ  ΠΡΟΣΩΠΙΚΟΥ ΤΟΥ Γ.Ν.ΚΑΤΕΡ.,,,,no sponsor block
ΨΤ294690ΒΤ-ΥΡ7,2021-10-27,ΑΠΟΖΗΜΙΩΣΗ  ΕΦΗΜΕΡΙΩΝ ΣΕΠΤΕΜΒΡΙΟΥ/2021  ΕΠΙΣΤΗΜΟΝΙΚΟΥ  ΠΡΟΣΩΠΙΚΟΥ ΤΟΥ Γ.Ν.ΚΑΤΕΡ.,,,,no sponsor block
9ΠΨ04690ΒΤ-ΓΘΤ,2021-10-27,ΠΡΟΣΘΕΤΕΣ ΑΜΟΙΒΕΣ ΣΕΠΤΕΜΒΡΙΟΥ/2021 ΑΠΟΣΠΑΣΜΕΝΟΙ,,,,no sponsor block
ΨΨΝ84690ΒΤ-Χ63,2021-10-27,ΠΡΟΣΘΕΤΕΣ ΑΜΟΙΒΕΣ ΣΕΠΤΕΜΒΡΙΟΥ/2021  ΠΡΟΣΩΠΙΚΟ ΕΠΙ ΣΧΕΣΕΙ ΕΡΓΑΣΙΑΣ Ι.Δ.Α.Χ   ΤΟΥ Γ.Ν.ΚΑΤΕΡ.,,,,no sponsor block
6ΥΗΦ4690ΒΤ-ΧΩ9,2021-10-27,ΠΡΟΣΘΕΤΕΣ ΑΜΟΙΒΕΣ ΣΕΠΤΕΜΒΡΙΟΥ/2021 ΝΟΣΗΛΕΥΤΙΚΟ ΠΡΟΣΩΠΙΚΟ  Ν.Δ  1057/80 ΤΟΥ Γ.Ν.ΚΑΤΕΡ.,,,,no sponsor block
Ψ0ΥΒ4690ΒΤ-Ω7Τ,2021-10-27,ΠΡΟΣΘΕΤΕΣ ΑΜΟΙΒΕΣ ΣΕΠΤΕΜΒΡΙΟΥ/2021 ΜΟΝΙΜΟ ΔΟΚΙΜΟ ΒΟΗΘΗΤΙΚΟ  ΠΡΟΣΩΠΙΚΟ ΤΟΥ Γ.Ν.ΚΑΤΕΡ.,,,,no sponsor block
6Ω624690ΒΤ-4ΛΒ,2021-10-27,ΠΡΟΣΘΕΤΕΣ ΑΜΟΙΒΕΣ ΣΕΠΤΕΜΒΡΙΟΥ/2021 ΔΙΟΙΚΗΤΙΚΟ  ΠΡΟΣΩΠΙΚΟ ΤΟΥ Γ.Ν.ΚΑΤΕΡ.,,,,no sponsor block
ΩΧΨ84690ΒΤ-ΥΗΒ,2021-10-27,ΠΡΟΣΘΕΤΕΣ ΑΜΟΙΒΕΣ ΣΕΠΤΕΜΒΡΙΟΥ/2021  ΠΡΟΣΩΠΙΚΟ  Ι.Δ  Ν. 2470/96  ΤΟΥ Γ.Ν.ΚΑΤΕΡ.,,,,no sponsor block
Ψ63Η4690ΒΤ-ΡΙΠ,2021-10-27,ΠΡΟΣΘΕΤΕΣ ΑΜΟΙΒΕΣ ΣΕΠΤΕΜΒΡΙΟΥ/2021 ΜΟΝΙΜΟ-ΔΟΚΙΜΟ ΠΡΟΣΩΠΙΚΟ  ΕΙΔ. ΘΕΣΕΩΝ  ΤΟΥ Γ.Ν.ΚΑΤΕΡ.,,,,no sponsor block
ΩΜ6Τ4690ΒΤ-8Δ8,2021-10-27,ΠΡΟΣΘΕΤΕΣ ΑΜΟΙΒΕΣ ΣΕΠΤΕΜΒΡΙΟΥ/2021  ΕΠΙΚΟΥΡΙΚΟ  ΠΡΟΣΩΠΙΚΟ ΤΟΥ Γ.Ν.ΚΑΤΕΡ.,,,,no sponsor block
ΩΙ2Ο4690ΒΤ-ΕΒ2,2021-10-27,ΠΡΟΣΘΕΤΕΣ ΑΜΟΙΒΕΣ ΣΕΠΤΕΜΒΡΙΟΥ/2021 ΝΟΣΗΛΕΥΤΙΚΟ ΠΡΟΣΩΠΙΚΟ ΤΟΥ Γ.Ν.ΚΑΤΕΡ.,,,,no sponsor block
6Χ164690ΒΤ-Π13,2021-10-25,ΤΑΚΤΙΚΕΣ ΕΦΗΜΕΡΙΕΣ ΣΕΠΤΕΜΒΡΙΟΥ/2021  ΓΙΑΤΡΟΙ Ε.Σ.Υ    ΤΟΥ  Κ.Ψ.ΥΓΕΙΑΣ,,,,no sponsor block
Ω1Ψ74690ΒΤ-615,2021-10-25,ΤΑΚΤΙΚΕΣ ΕΦΗΜΕΡΙΕΣ ΣΕΠΤΕΜΒΡΙΟΥ/2021  ΓΙΑΤΡΟΙ Ε.Σ.Υ  ΕΙΔΙΚ/ΝΟΙ   ΤΟΥ  Ψ/ΤΟΜΕΑ,,,,no sponsor block
Ω86Χ4690ΒΤ-ΤΓΡ,2021-10-25,ΤΑΚΤΙΚΕΣ ΕΦΗΜΕΡΙΕΣ ΣΕΠΤΕΜΒΡΙΟΥ/2021  ΓΙΑΤΡΟΙ Ε.Σ.Υ ΤΟΥ  Ψ/ΤΟΜΕΑ,,,,no sponsor block
6Α8Ζ4690ΒΤ-1Ξ6,2021-10-25,ΑΠΟΖΗΜΙΩΣΗ ΕΦΗΜΕΡΙΩΝ ΣΕΠΤΕΜΒΡΙΟΥ/2021  ΕΠΙΣΤΗΜΟΝΙΚΟΥ ΠΡΟΣΩΠΙΚΟΥ  ΤΟΥ Κ.Ψ.ΥΓΕΙΑΣ,,,,no sponsor block
6ΣΓ34690ΒΤ-1Κ3,2021-10-25,ΑΠΟΖΗΜΙΩΣΗ ΕΦΗΜΕΡΙΩΝ ΣΕΠΤΕΜΒΡΙΟΥ/2021  ΕΠΙΣΤΗΜΟΝΙΚΟΥ ΠΡΟΣΩΠΙΚΟΥ Ψ/ΤΟΜΕΑ ΤΟΥ Γ.Ν.ΚΑΤΕΡ.,,,,no sponsor block
68ΡΟ4690ΒΤ-ΒΕΨ,2021-10-25,ΑΠΟΖΗΜΙΩΣΗ ΕΦΗΜΕΡΙΩΝ ΣΕΠΤΕΜΒΡΙΟΥ/2021  ΕΠΙΣΤΗΜΟΝΙΚΟΥ ΠΡΟΣΩΠΙΚΟΥ Ψ/ΤΟΜΕΑ ΤΟΥ Γ.Ν.ΚΑΤΕΡ.,,,,no sponsor block
6Β9Ψ4690ΒΤ-4ΓΑ,2021-10-25,ΠΡΟΣΘΕΤΕΣ ΑΜΟΙΒΕΣ ΣΕΠΤΕΜΒΡΙΟΥ/2021     ΠΡΟΣΩΠΙΚΟ  ΕΠΙ ΣΧΕΣΕΙ ΕΡΓΑΣΙΑΣ Ι.Δ   Ψ/ΤΟΜΕΑ ΤΟΥ Γ.Ν.ΚΑΤΕΡ.,,,,no sponsor block
6ΩΕΓ4690ΒΤ-ΠΗ1,2021-10-25,ΠΡΟΣΘΕΤΕΣ ΑΜΟΙΒΕΣ ΣΕΠΤΕΜΒΡΙΟΥ/2021 ΕΠΙΚΟΥΡΙΚΟ    ΠΡΟΣΩΠΙΚΟ    Ψ/ΤΟΜΕΑ ΤΟΥ Γ.Ν.ΚΑΤΕΡ.,,,,no sponsor block
6ΛΘ14690ΒΤ-3ΒΥ,2021-10-25,ΠΡΟΣΘΕΤΕΣ ΑΜΟΙΒΕΣ ΣΕΠΤΕΜΒΡΙΟΥ/2021    ΠΡΟΣΩΠΙΚΟ ΕΠΙ ΣΧΕΣΕΙ ΕΡΓΑΣΙΑΣ Ι.Δ.Α.Χ    Ψ/ΤΟΜΕΑ ΤΟΥ Γ.Ν.ΚΑΤΕΡ.,,,,no sponsor block
ΩΦ1Ο4690ΒΤ-Ψ12,2021-10-25,ΠΡΟΣΘΕΤΕΣ ΑΜΟΙΒΕΣ ΣΕΠΤΕΜΒΡΙΟΥ/2021  ΜΟΝΙΜΟ-ΔΟΚΙΜΟ ΒΟΗΘ.   ΠΡΟΣΩΠΙΚΟ ΤΟΥ Ψ/ΤΟΜΕΑ ΤΟΥ Γ.Ν.ΚΑΤΕΡ.,,,,no sponsor block
6Υ5Ρ4690ΒΤ-Φ9Ζ,2021-10-25,ΠΡΟΣΘΕΤΕΣ ΑΜΟΙΒΕΣ ΣΕΠΤΕΜΒΡΙΟΥ/2021  ΤΕΧΝΙΚΟ  ΠΡΟΣΩΠΙΚΟ ΤΟΥ Ψ/ΤΟΜΕΑ ΤΟΥ Γ.Ν.ΚΑΤΕΡ.,,,,no sponsor block
6ΜΥΟ4690ΒΤ-ΚΕΖ,2021-10-25,ΠΡΟΣΘΕΤΕΣ ΑΜΟΙΒΕΣ ΣΕΠΤΕΜΒΡΙΟΥ/2021 ΝΟΣΗΛΕΥΤΙΚΟ ΠΡΟΣΩΠΙΚΟ ΤΟΥ Ψ/ΤΟΜΕΑ ΤΟΥ Γ.Ν.ΚΑΤΕΡ.,,,,no sponsor block
ΨΑΕ84690ΒΤ-ΧΑΧ,2021-10-18,ΠΡΟΣΘΕΤΕΣ ΕΦΗΜΕΡΙΕΣ ΜΑΡΤΙΟΥ/2021 ΓΙΑΤΡΟΙ Ε.Σ.Υ  ΕΠΙΚΟΥΡΙΚΟΙ  ΤΟΥ Γ.Ν.ΚΑΤΕΡ.,,,,no sponsor block
ΩΣ5Ο4690ΒΤ-1ΣΙ,2021-10-18,ΠΡΟΣΘΕΤΕΣ ΕΦΗΜΕΡΙΕΣ ΜΑΡΤΙΟΥ/2021 ΓΙΑΤΡΟΙ Ε.Σ.Υ  ΕΠΙΚΟΥΡΙΚΟΙ  ΤΟΥ Γ.Ν.ΚΑΤΕΡ.,,,,no sponsor block
ΨΝΓ44690ΒΤ-Ω6Σ,2021-10-18,ΠΡΟΣΘΕΤΕΣ ΕΦΗΜΕΡΙΕΣ ΜΑΡΤΙΟΥ/2021 ΑΓΡΟΤΙΚΟΙ ΙΑΤΡΟΙ,,,,no sponsor block
6ΗΛΝ4690ΒΤ-Ξ2Κ,2021-10-18,ΠΡΟΣΘΕΤΕΣ ΕΦΗΜΕΡΙΕΣ ΜΑΡΤΙΟΥ/2021 ΓΙΑΤΡΟΙ Ε.Σ.Υ  ΕΙΔ/ΝΟΙ  ΤΟΥ Γ.Ν.ΚΑΤΕΡ.,,,,no sponsor block
Ω8Χ24690ΒΤ-84Γ,2021-10-18,ΠΡΟΣΘΕΤΕΣ ΕΦΗΜΕΡΙΕΣ ΜΑΡΤΙΟΥ/2021 ΓΙΑΤΡΟΙ Ε.Σ.Υ ΤΟΥ Γ.Ν.ΚΑΤΕΡ.,,,,no sponsor block
6ΙΟΓ4690ΒΤ-5ΤΜ,2021-10-18,ΠΡΟΣΘΕΤΕΣ ΕΦΗΜΕΡΙΕΣ ΜΑΡΤΙΟΥ/2021 ΓΙΑΤΡΟΙ Ε.Σ.Υ ΕΠΙΚΟΥΡΙΚΟΙ  ΤΟΥ Ψ/ΤΟΜΕΑ,,,,no sponsor block
ΨΤΒΞ4690ΒΤ-ΑΦ5,2021-10-18,ΠΡΟΣΘΕΤΕΣ ΕΦΗΜΕΡΙΕΣ ΜΑΡΤΙΟΥ/2021 ΓΙΑΤΡΟΙ Ε.Σ.Υ ΤΟΥ  Κ.Ψ.ΥΓΕΙΑΣ,,,,no sponsor block
ΨΔ324690ΒΤ-Χ5Ο,2021-10-18,ΠΡΟΣΘΕΤΕΣ ΕΦΗΜΕΡΙΕΣ ΜΑΡΤΙΟΥ/2021 ΓΙΑΤΡΟΙ Ε.Σ.Υ  ΕΙΔ/ΝΟΙ   ΤΟΥ Ψ/ΤΟΜΕΑ,,,,no sponsor block
ΨΒΖΤ4690ΒΤ-ΠΡΕ,2021-10-18,ΠΡΟΣΘΕΤΕΣ ΕΦΗΜΕΡΙΕΣ ΜΑΡΤΙΟΥ/2021 ΓΙΑΤΡΟΙ Ε.Σ.Υ ΤΟΥ Ψ/ΤΟΜΕΑ,,,,no sponsor block
ΩΖ5Δ4690ΒΤ-Ο3Η,2021-10-18,ΠΛΗΡΩΜΗ ΠΡΟΣΩΠΙΚΟΥ ΑΠΟ ΤΗΝ ΟΛΟΗΜΕΡΗ ΛΕΙΤΟΥΡΓΙΑ ΤΟΥ ΝΟΣΟΚΟΜΕΙΟΥ  ΜΗΝΟΣ  ΣΕΠΤΕΜΒΡΙΟΥ  /2021,,,,no sponsor block
6ΝΛΧ4690ΒΤ-363,2021-10-18,ΠΛΗΡΩΜΗ ΙΑΤΡΩΝ ΑΠΟ ΤΗΝ ΟΛΟΗΜΕΡΗ ΛΕΙΤΟΥΡΓΙΑ ΤΟΥ ΝΟΣΟΚΟΜΕΙΟΥ  ΜΗΝΟΣ  ΣΕΠΤΕΜΒΡΙΟΥ  /2021,,,,no sponsor block
6Χ2Ο4690ΒΤ-6ΑΣ,2021-10-08,ΠΡΟΣΘΕΤΕΣ ΑΜΟΙΒΕΣ  ΣΕΠΤΕΜΒΡΙΟΥ /2021    12 ΜΗΝΑ ΟΑΕΔ  ΔΗΜ.ΠΡΟΣΚΛ. Νο 13/2016,,,,no sponsor block
ΨΤΨΖ4690ΒΤ-ΓΩΘ,2021-10-08,ΠΡΟΣΘΕΤΕΣ ΑΜΟΙΒΕΣ ΑΥΓΟΥΣΤΟΥ /2021  ΔΗΜ.ΠΡΟΣΚΛΗΣΗ   Νο 10/2017    12 ΜΗΝΑ ΟΑΕΔ,,,,no sponsor block
ΨΟΨΙ4690ΒΤ-ΩΕΑ,2021-10-08,ΤΑΚΤΙΚΗ ΜΙΣΘΟΔΟΣΙΑ  ΣΕΠΤΕΜΒΡΙΟΣ /2021 12 ΜΗΝΑ ΟΑΕΔ  ΔΗΜ.ΠΡΟΣΚΛΗΣΗ       Νο 13/2016,,,,no sponsor block
6ΝΖ34690ΒΤ-ΦΝΩ,2021-10-08,ΤΑΚΤΙΚΗ ΜΙΣΘΟΔΟΣΙΑ  ΣΕΠΤΕΜΒΡΙΟΥ /2021 12 ΜΗΝΑ ΟΑΕΔ   ΔΗΜ.ΠΡΟΣΚΛ. Νο 10/2017,,,,no sponsor block
ΨΝΦ04690ΒΤ-ΟΗ4,2021-10-07,ΓΙΑ ΤΗΝ ΑΞΙΑ ΠΛΗΡΩΜΗΣ ΟΔΟΙΠΟΡΙΚΩΝ ΕΞΟΔΩΝ & ΗΜΕΡΗΣΙΑΣ ΑΠΟΖΗΜΙΩΣΗΣ ΥΠΑΛΛΗΛΩΝ ΤΟΥ Γ.Ν.ΚΑΤΕΡΙΝΗΣ,,,,no sponsor block
6ΦΧ14690ΒΤ-4ΕΚ,2021-09-29,ΤΑΚΤΙΚΗ ΜΙΣΘΟΔΟΣΙΑ ΣΕΠΤΕΜΒΡΙΟΥ/2021 ΕΠΙΚΟΥΡΙΚΟ ΠΡΟΣΩΠΙΚΟ Γ.Ν.Γ,,,,no sponsor block
65274690ΒΤ-ΕΟΡ,2021-10-01,ΠΡΟΣΘΕΤΕΣ ΑΜΟΙΒΕΣ ΑΥΓΟΥΣΤΟΥ/2021  ΠΡΟΣΩΠΙΚΟ ΕΠΙ ΣΧΕΣΕΙ ΕΡΓΑΣΙΑΣ Ι.Δ.Α.Χ  ΤΟΥ Γ.Ν.Κ,,,,no sponsor block
ΩΖΑ74690ΒΤ-8ΓΟ,2021-10-01,ΠΡΟΣΘΕΤΕΣ ΑΜΟΙΒΕΣ ΑΥΓΟΥΣΤΟΥ/2021 ΝΟΣΗΛΕΥΤΙΚΟ ΠΡΟΣΩΠΙΚΟ   Ν.Δ 1057/80    ΤΟΥ Γ.Ν.Κ,,,,no sponsor block
ΩΦΙΤ4690ΒΤ-Γ0Θ,2021-10-01,ΠΡΟΣΘΕΤΕΣ ΑΜΟΙΒΕΣ ΑΥΓΟΥΣΤΟΥ/2021 ΜΟΝΙΜΟ-ΔΟΚΙΜΟ -ΒΟΗΘ. ΠΡΟΣΩΠΙΚΟ   ΤΟΥ Γ.Ν.Κ,,,,no sponsor block
6ΧΧΘ4690ΒΤ-6ΡΕ,2021-09-30,ΠΡΟΣΘΕΤΕΣ ΑΜΟΙΒΕΣ ΑΥΓΟΥΣΤΟΥ/2021  ΔΙΟΙΚΗΤΙΚΟ ΠΡΟΣΩΠΙΚΟ  ΤΟΥ Γ.Ν.Κ,,,,no sponsor block
ΨΛΧ34690ΒΤ-4ΩΘ,2021-09-30,ΠΡΟΣΘΕΤΕΣ ΑΜΟΙΒΕΣ ΑΥΓΟΥΣΤΟΥ/2021  ΠΡΟΣΩΠΙΚΟ Ι.Δ   Ν.2470/96   ΤΟΥ Γ.Ν.Κ,,,,no sponsor block
ΨΔΞΠ4690ΒΤ-Θ2Τ,2021-09-30,ΠΡΟΣΘΕΤΕΣ ΑΜΟΙΒΕΣ ΑΥΓΟΥΣΤΟΥ/2021  ΑΠΟΣΠΑΣΜΕΝΟΙ  ΤΟΥ Γ.Ν.Κ,,,,no sponsor block
Ψ4ΑΒ4690ΒΤ-ΟΝΣ,2021-09-30,ΠΡΟΣΘΕΤΕΣ ΑΜΟΙΒΕΣ ΑΥΓΟΥΣΤΟΥ/2021 ΜΟΝΙΜΟ-ΔΟΚΙΜΟ ΠΡ. ΕΙΔ.ΘΕΣΕΩΝ ΤΟΥ Γ.Ν.Κ,,,,no sponsor block
ΨΙΚΝ4690ΒΤ-Μ0Α,2021-09-30,Πρόσθετες Αμοιβές Αυγούστου/2021  Νοσηλευτικό  Προσωπικό του Γ.Ν.Κ,,,,no sponsor block
6Κ2Λ4690ΒΤ-4ΝΜ,2021-09-30,Πρόσθετες Αμοιβές Αυγούστου/2021  Επικουρικό  Προσωπικό του Γ.Ν.Κ,,,,no sponsor block
ΨΗΦ34690ΒΤ-33Κ,2021-09-30,ΤΑΚΤΙΚΕΣ ΕΦΗΜΕΡΙΕΣ ΑΥΓΟΥΣΤΟΥ/2021 ΓΙΑΤΡΟΙ ΕΣΥ ΕΠΙΚΟΥΡΙΚΟΙ,,,,no sponsor block
ΩΥ3Φ4690ΒΤ-ΚΒΖ,2021-09-30,ΤΑΚΤΙΚΕΣ ΕΦΗΜΕΡΙΕΣ ΑΥΓΟΥΣΤΟΥ/2021  ΕΠΙΚΟΥΡΙΚΟΙ  ΕΣΥ ΤΟΥ Γ.Ν.Κ,,,,no sponsor block
Ψ3944690ΒΤ-Δ05,2021-09-30,ΤΑΚΤΙΚΕΣ ΕΦΗΜΕΡΙΕΣ ΑΥΓΟΥΣΤΟΥ/2021  ΑΓΡΟΤΙΚΟΙ ΙΑΤΡΟΙ,,,,no sponsor block
6Δ9Ρ4690ΒΤ-ΓΑΨ,2021-09-30,ΤΑΚΤΙΚΕΣ ΕΦΗΜΕΡΙΕΣ ΑΥΓΟΥΣΤΟΥ/2021  ΓΙΑΤΡΟΙ ΕΣΥ  ΕΙΔΙΚ/ΝΟΙ  ΤΟΥ Γ.Ν.Κ,,,,no sponsor block
6ΣΖΓ4690ΒΤ-2ΑΧ,2021-09-30,ΤΑΚΤΙΚΕΣ ΕΦΗΜΕΡΙΕΣ ΑΥΓΟΥΣΤΟΥ/2021  ΓΙΑΤΡΟΙ ΕΣΥ ΤΟΥ Γ.Ν.Κ,,,,no sponsor block
ΨΞΙΙ4690ΒΤ-ΒΓΣ,2021-09-30,ΑΠΟΖΗΜΙΩΣΗ ΕΦΗΜΕΡΙΩΝ ΕΠΙΣΤΗΜΟΝΙΚΟΥ ΠΡΟΣΩΠΙΚΟΥ ΑΥΓΟΥΣΤΟΥ/2021 Γ.Ν.Κ,,,,no sponsor block
620Ρ4690ΒΤ-ΞΣΛ,2021-09-30,ΑΠΟΖΗΜΙΩΣΗ ΕΦΗΜΕΡΙΩΝ ΕΠΙΣΤΗΜΟΝΙΚΟΥ ΠΡΟΣΩΠΙΚΟΥ ΑΥΓΟΥΣΤΟΥ/2021 Γ.Ν.Κ,,,,no sponsor block
6ΤΛΩ4690ΒΤ-ΗΩ3,2021-09-30,ΠΡΟΣΘΕΤΕΣ ΑΜΟΙΒΕΣ ΑΥΓΟΥΣΤΟΥ/2021 Π.Δ.Ε- ΕΣΠΑ ΕΠΙΚΟΥΡΙΚΟ ΠΡΟΣΩΠΙΚΟ ΤΟΥ Γ.Ν.ΚΑΤΕΡ                   ΥΠ.11/Ο Π Σ 5070506,,,,no sponsor block
ΨΕ4Ε4690ΒΤ-ΘΗΙ,2021-09-30,ΤΑΚΤΙΚΗ ΜΙΣΘΟΔΟΣΙΑ ΣΕΠΤΕΜΒΡΙΟΥ /2021  ΑΜΙΣΘΟΙ ΤΕΕ  ΤΟΥ Γ.Ν.Κ,,,,no sponsor block
6ΟΝΕ4690ΒΤ-Κ0Ρ,2021-09-30,ΤΑΚΤΙΚΗ ΜΙΣΘΟΔΟΣΙΑ  ΣΕΠΤΕΜΒΡΙΟΥ /2021  ΕΠΙΚΟΥΡΙΚΟΙ Ε.Σ.Υ  ΤΟΥ Γ.Ν.Κ,,,,no sponsor block
Ω84Ε4690ΒΤ-Α3Τ,2021-09-30,ΤΑΚΤΙΚΗ ΜΙΣΘΟΔΟΣΙΑ ΣΕΠΤΕΜΒΡΙΟΥ /2021  ΕΠΙΣΤΗΜΟΝΙΚΟ ΠΡΟΣΩΠΙΚΟ  ΤΟΥ Γ.Ν.Κ,,,,no sponsor block
ΨΛ8Μ4690ΒΤ-Υ0Ι,2021-09-30,ΤΑΚΤΙΚΗ ΜΙΣΘΟΔΟΣΙΑ ΣΕΠΤΕΜΒΡΙΟΥ /2021  ΣΠΟΥΔΑΣΤΕΣ ΠΟΥ ΑΣΚΟΥΝΤΑΙ ΤΟΥ Γ.Ν.Κ,,,,no sponsor block
Ω0674690ΒΤ-4Ε5,2021-09-30,ΤΑΚΤΙΚΗ ΜΙΣΘΟΔΟΣΙΑ ΑΥΓΟΥΣΤΟΥ/2021  AMIΣΘΟΙ ΤΕΕ ( ΕΠΑΛ ) ΤΟΥ Γ.Ν.Κ,,,,no sponsor block
ΨΞΤ94690ΒΤ-Ω4Ν,2021-09-30,ΑΝΑΔΡΟΜΙΚΑ ΣΕΠΤΕΜΒΡΙΟΥ/2021 ΕΠΙΚΟΥΡΙΚΟΥ ΠΡΟΣΩΠΙΚΟΥ Γ.Ν.Κ,,,,no sponsor block
68ΚΘ4690ΒΤ-0ΟΗ,2021-09-30,ΤΑΚΤΙΚΗ ΜΙΣΘΟΔΟΣΙΑ ΣΕΠΤΕΜΒΡΙΟΥ/2021 ΕΠΙΚΟΥΡΙΚΟΙ  Ε.Σ.Υ  ΤΟΥ  Γ.Ν.Γ,,,,no sponsor block
967Ο4690ΒΤ-ΗΡΤ,2021-09-29,ΤΑΚΤΙΚΗ ΜΙΣΘΟΔΟΣΙΑ ΣΕΠΤΕΜΒΡΙΟΥ /2021 ΠΔΕ-ΕΣΠΑ ΕΠΙΚΟΥΡΙΚΟ ΠΡΟΣΩΠΙΚΟ ΤΟΥ Γ.Ν.Κ                   ΥΠ.11/Ο Π Σ 5070506,,,,no sponsor block
9Φ6Α4690ΒΤ-ΚΟΗ,2021-09-29,ΑΝΑΔΡΟΜΙΚΑ ΕΠΙΚΟΥΡΙΚΟΥ ΙΑΤΡΟΥ Ε.Σ.Υ ΤΟΥ Ψ/Τ ΣΕΠΤΕΜΒΡΙΟΣ/2021,,,,no sponsor block
ΩΗ984690ΒΤ-7ΤΒ,2021-09-29,ΤΑΚΤΙΚΗ ΜΙΣΘΟΔΟΣΙΑ ΣΕΠΤΕΜΒΡΙΟΥ/2021 ΕΠΙΚΟΥΡΙΚΟΙ Ε.Σ.Υ ΤΟΥ Ψ/Τ,,,,no sponsor block
ΨΔ9Ν4690ΒΤ-ΤΦΓ,2021-09-29,ΤΑΚΤΙΚΗ ΜΙΣΘΟΔΟΣΙΑ ΣΕΠΤΕΜΒΡΙΟΥ/2021 ΠΡΟΣΩΠΙΚΟ ΕΠΙ ΣΧΕΣΕΙ ΕΡΓΑΣΙΑΣ Ι.Δ ΤΟΥ Ψ/Τ,,,,no sponsor block
ΨΔΣΕ4690ΒΤ-8ΩΤ,2021-09-29,ΤΑΚΤΙΚΕΣ ΕΦΗΜΕΡΙΕΣ ΑΥΓΟΥΣΤΟΥ/2021 ΓΙΑΤΡΟΙ Ε.Σ.Υ  ΕΠΙΚΟΥΡΙΚΟΙ ΤΟΥ Ψ/ΤΟΜΕΑ,,,,no sponsor block
6ΔΓΗ4690ΒΤ-ΡΒΗ,2021-09-29,ΤΑΚΤΙΚΕΣ ΕΦΗΜΕΡΙΕΣ ΑΥΓΟΥΣΤΟΥ/2021 ΓΙΑΤΡΟΙ Ε.Σ.Υ ΤΟΥ Κ.Ψ.ΥΓΕΙΑΣ,,,,no sponsor block
6ΕΓΖ4690ΒΤ-Ω7Ο,2021-09-29,ΤΑΚΤΙΚΕΣ ΕΦΗΜΕΡΙΕΣ ΑΥΓΟΥΣΤΟΥ/2021 ΓΙΑΤΡΟΙ Ε.Σ.Υ  ΕΙΔ/ΝΟΙ  ΤΟΥ Ψ/ΤΟΜΕΑ,,,,no sponsor block
9ΠΘ84690ΒΤ-40Κ,2021-09-29,ΤΑΚΤΙΚΕΣ ΕΦΗΜΕΡΙΕΣ ΑΥΓΟΥΣΤΟΥ/2021 ΓΙΑΤΡΟΙ Ε.Σ.Υ ΤΟΥ Ψ/ΤΟΜΕΑ,,,,no sponsor block
Ψ2ΠΧ4690ΒΤ-ΒΓΞ,2021-09-29,ΑΠΟΖΗΜΙΩΣΗ ΕΦΗΜΕΡΙΩΝ ΕΠΙΣΤΗΜΟΝΙΚΟΥ ΠΡΟΣΩΠΙΚΟΥ ΑΥΓΟΥΣΤΟΥ/2021 ΤΟΥ Κ.Ψ.ΥΓΕΙΑΣ,,,,no sponsor block
ΩΗΡ54690ΒΤ-8Σ4,2021-09-29,ΑΠΟΖΗΜΙΩΣΗ ΕΦΗΜΕΡΙΩΝ ΕΠΙΣΤΗΜΟΝΙΚΟΥ ΠΡΟΣΩΠΙΚΟΥ   Ι.Δ.  Ν.Δ  1057/80  ΑΥΓΟΥΣΤΟΥ/2021 ΤΟΥ Ψ/ΤΟΜΕΑ,,,,no sponsor block
6Υ4Φ4690ΒΤ-Κ03,2021-09-29,ΑΠΟΖΗΜΙΩΣΗ ΕΦΗΜΕΡΙΩΝ ΕΠΙΣΤΗΜΟΝΙΚΟΥ ΠΡΟΣΩΠΙΚΟΥ ΑΥΓΟΥΣΤΟΥ/2021 ΤΟΥ Ψ/ΤΟΜΕΑ,,,,no sponsor block
ΨΨΖΗ4690ΒΤ-Ρ89,2021-09-29,ΠΡΟΣΘΕΤΕΣ ΑΜΟΙΒEΣ ΑΥΓΟΥΣΤΟΥ /2021  ΠΡΟΣΩΠΙΚΟ ΕΠΙ ΣΧΕΣΕΙ ΕΡΓΑΣΙΑΣ Ι.Δ  ΤΟΥ Ψ/ΤΟΜΕΑ,,,,no sponsor block
ΨΡΙΡ4690ΒΤ-ΕΞΒ,2021-09-29,ΠΡΟΣΘΕΤΕΣ ΑΜΟΙΒΕΣ ΑΥΓΟΥΣΤΟΥ /2021  ΕΠΙΚΟΥΡΙΚΟ  ΠΡΟΣΩΠΙΚΟ ΤΟΥ Ψ/ΤΟΜΕΑ,,,,no sponsor block
6Α3Δ4690ΒΤ-Φ9Π,2021-09-29,ΠΡΟΣΘΕΤΕΣ ΑΜΟΙΒΕΣ ΑΥΓΟΥΣΤΟΥ /2021 ΕΠΙΚΟΥΡΙΚΟ  ΠΡΟΣΩΠΙΚΟ ΤΟΥ Ψ/ΤΟΜΕΑ,,,,no sponsor block
ΨΔΨΜ4690ΒΤ-7ΣΑ,2021-09-29,ΠΡΟΣΘΕΤΕΣ ΑΜΟΙΒΕΣ ΑΥΓΟΥΣΤΟΥ /2021  ΠΡΟΣΩΠΙΚΟ ΕΠΙ ΣΧΕΣΕΙ ΕΡΓΑΣΙΑΣ Ι.Δ.Α.Χ ΤΟΥ Ψ/ΤΟΜΕΑ,,,,no sponsor block
972Κ4690ΒΤ-Β84,2021-09-29,ΠΡΟΣΘΕΤΕΣ ΑΜΟΙΒΕΣ ΑΥΓΟΥΣΤΟΥ /2021  ΜΟΝΙΜΟ-ΔΟΚΙΜΟ ΒΟΗΘ.  ΠΡΟΣΩΠΙΚΟ ΤΟΥ Ψ/ΤΟΜΕΑ,,,,no sponsor block
68ΠΔ4690ΒΤ-13Β,2021-09-29,ΠΡΟΣΘΕΤΕΣ ΑΜΟΙΒΕΣ ΑΥΓΟΥΣΤΟΥ /2021 ΤΕΧΝΙΚΟ  ΠΡΟΣΩΠΙΚΟ ΤΟΥ Ψ/ΤΟΜΕΑ,,,,no sponsor block
Ω0ΜΠ4690ΒΤ-9ΓΖ,2021-09-29,ΑΠΟΖΗΜΙΩΣΗ ΕΦΗΜΕΡΙΩΝ ΕΠΙΣΤΗΜΟΝΙΚΟΥ ΠΡΟΣΩΠΙΚΟΥ ΑΥΓΟΥΣΤΟΥ/2021 ΤΟΥ Ψ/ΤΟΜΕΑ,,,,no sponsor block
Ψ6ΦΔ4690ΒΤ-Γ15,2021-09-20,ΓΙΑ ΤΗΝ ΑΞΙΑ ΠΛΗΡΩΜΗΣ ΟΔΟΙΠΟΡΙΚΩΝ ΕΞΟΔΩΝ & ΗΜΕΡΗΣΙΑΣ ΑΠΟΖΗΜΙΩΣΗΣ ΥΠΑΛΛΗΛΩΝ ΤΟΥ Ψ/ΤΟΜΕΑ,,,,no sponsor block
ΩΙΘΓ4690ΒΤ-ΓΞΜ,2021-09-20,ΓΙΑ ΤΗΝ ΑΞΙΑ ΠΛΗΡΩΜΗΣ ΟΔΟΙΠΟΡΙΚΩΝ ΕΞΟΔΩΝ & ΗΜΕΡΗΣΙΑΣ ΑΠΟΖΗΜΙΩΣΗΣ ΥΠΑΛΛΗΛΩΝ ΤΟΥ Γ.Ν.ΚΑΤΕΡΙΝΗΣ,,,,no sponsor block
603Ρ4690ΒΤ-ΣΓΚ,2021-09-20,ΑΠΟΖΗΜΙΩΣΗ ΛΟΓΩ ΣΥΝΤΑΞΙΟΔΟΤΗΣΗΣ ΠΡΟΣΩΠΙΚΟΥ Ι.Δ.Α.Χ  ΑΡΘΡΟ 55 Π.Δ 410/88 & ΑΡΘΡΟ 21 Ν.3144/2003,,,,no sponsor block
ΨΨΨΜ4690ΒΤ-Λ2Β,2021-09-16,1η Παράτ. σύμβασης εργασίας με ιδιώτη γιατρό 9ου/21 για την αντιμετώπιση  αναγκών COVID,,,,no sponsor block
ΨΞΦΥ4690ΒΤ-ΤΜ0,2021-09-15,ΠΛΗΡΩΜΗ ΠΡΟΣΩΠΙΚΟΥ ΑΠΟ ΤΗΝ ΟΛΟΗΜΕΡΗ ΛΕΙΤΟΥΡΓΙΑ ΤΟΥ ΝΟΣΟΚΟΜΕΙΟΥ  ΜΗΝΟΣ  ΑΥΓΟΥΣΤΟΥ  /2021,,,,no sponsor block
69Μ74690ΒΤ-66Β,2021-09-15,ΠΛΗΡΩΜΗ ΙΑΤΡΩΝ ΑΠΟ ΤΗΝ ΟΛΟΗΜΕΡΗ ΛΕΙΤΟΥΡΓΙΑ ΤΟΥ ΝΟΣΟΚΟΜΕΙΟΥ  ΜΗΝΟΣ  ΑΥΓΟΥΣΤΟΥ /2021,,,,no sponsor block
Ω59Α4690ΒΤ-ΓΜΥ,2021-09-15,ΠΛΗΡΩΜΗ ΙΑΤΡΩΝ ΑΠΟ ΤΗΝ ΟΛΟΗΜΕΡΗ ΛΕΙΤΟΥΡΓΙΑ ΤΟΥ ΝΟΣΟΚΟΜΕΙΟΥ  ΜΗΝΟΣ  ΙΟΥΛΙΟΥ /2021,,,,no sponsor block
6ΗΗ94690ΒΤ-Ε5Σ,2021-09-15,ΠΛΗΡΩΜΗ ΠΡΟΣΩΠΙΚΟΥ ΑΠΟ ΤΗΝ ΟΛΟΗΜΕΡΗ ΛΕΙΤΟΥΡΓΙΑ ΤΟΥ ΝΟΣΟΚΟΜΕΙΟΥ  ΜΗΝΟΣ  ΙΟΥΛΙΟΥ  /2021,,,,no sponsor block
Ω2ΨΠ4690ΒΤ-ΧΔΩ,2021-09-10,ΓΙΑ ΤΗΝ ΑΞΙΑ ΠΛΗΡΩΜΗΣ ΟΔΟΙΠΟΡΙΚΩΝ ΕΞΟΔΩΝ & ΗΜΕΡΗΣΙΑΣ ΑΠΟΖΗΜΙΩΣΗΣ ΥΠΑΛΛΗΛΩΝ ΤΟΥ Γ.Ν.ΚΑΤΕΡΙΝΗΣ,,,,no sponsor block
6ΥΜΞ4690ΒΤ-ΥΙΩ,2021-09-10,ΠΡΟΣΘΕΤΕΣ ΑΜΟΙΒΕΣ ΙΟΥΛΙΟΥ  /2021  ΔΗΜ.ΠΡΟΣΚΛΗΣΗ   Νο 13/2016    12 ΜΗΝΑ ΟΑΕΔ,,,,no sponsor block
6ΟΝ94690ΒΤ-4ΨΡ,2021-09-10,ΠΡΟΣΘΕΤΕΣ ΑΜΟΙΒΕΣ ΙΟΥΛΙΟΥ  /2021  ΔΗΜ.ΠΡΟΣΚΛΗΣΗ   Νο 10/2017    12 ΜΗΝΑ ΟΑΕΔ,,,,no sponsor block
62Β84690ΒΤ-ΓΗΝ,2021-09-10,ΣΥΜΠΛΗΡΩΜΑΤΙΚΗ 8ου/2021    12 ΜΗΝΑ ΟΑΕΔ  ΔΗΜ.ΠΡΟΣΚΛΗΣΗ       Νο 13/2016 ΓΙΑ ΕΡΓΟΔΟΤΙΚΗ ΕΙΣΦΟΡΑ ΚΑΤΑΣΚΗΝΩΣΕΩΝ,,,,no sponsor block
6ΔΠΨ4690ΒΤ-ΘΓ9,2021-09-10,ΤΑΚΤΙΚΗ ΜΙΣΘΟΔΟΣΙΑ  ΑΥΓΟΥΣΤΟΥ /2021 12 ΜΗΝΑ ΟΑΕΔ  ΔΗΜ.ΠΡΟΣΚΛΗΣΗ       Νο 13/2016,,,,no sponsor block
6ΙΟΦ4690ΒΤ-ΤΝ9,2021-09-10,ΣΥΜΠΛΗΡΩΜΑΤΙΚΗ ΜΙΣΘ. 8ος /2021 12 ΜΗΝΑ ΟΑΕΔ   ΔΗΜ.ΠΡΟΣΚΛ. Νο 10/2017 ΓΙΑ ΕΡΓΟΔΟΤΙΚΗ ΕΙΣΦΟΡΑ ΚΑΤΑΣΚΗΝΩΣΕΩΝ,,,,no sponsor block
66ΓΖ4690ΒΤ-ΤΟΛ,2021-09-10,ΤΑΚΤΙΚΗ ΜΙΣΘΟΔΟΣΙΑ  ΑΥΓΟΥΣΤΟΥ /2021 12 ΜΗΝΑ ΟΑΕΔ   ΔΗΜ.ΠΡΟΣΚΛ. Νο 10/2017,,,,no sponsor block
62ΡΖ4690ΒΤ-Ι20,2021-08-30,ΤΑΚΤΙΚΗ ΜΙΣΘΟΔΟΣΙΑ ΑΥΓΟΥΣΤΟΥ/2021 ΕΠΙΚΟΥΡΙΚΟΙ ΕΣΥ,,,,no sponsor block
65ΧΤ4690ΒΤ-Ο7Ζ,2021-08-30,ΤΑΚΤΙΚΗ ΜΙΣΘΟΔΟΣΙΑ ΑΥΓΟΥΣΤΟΥ/2021 ΠΔΕ-ΕΣΠΑ ΕΠΙΚΟΥΡΙΚΟ ΠΡΟΣΩΠΙΚΟ ΤΟΥ Γ.Ν.Κ ΥΠ.11/Ο Π Σ 5070506,,,,no sponsor block
Ψ1194690ΒΤ-ΩΘΑ,2021-08-30,ΑΠΟΖΗΜΙΩΣΗ ΕΦΗΜΕΡΙΩΝ ΕΠΙΣΤΗΜΟΝΙΚΟΥ ΠΡΟΣΩΠΙΚΟΥ ΙΟΥΛΙΟΣ/2021 ΤΟΥ Κ.Ψ.ΥΓΕΙΑΣ,,,,no sponsor block
ΨΠ244690ΒΤ-ΛΓΗ,2021-08-30,ΑΠΟΖΗΜΙΩΣΗ ΕΦΗΜΕΡΙΩΝ ΕΠΙΣΤΗΜΟΝΙΚΟΥ ΠΡΟΣΩΠΙΚΟΥ   Ι.Δ    Ν.Δ 1057/80   ΙΟΥΛΙΟΣ/2021 ΤΟΥ Ψ/ΤΟΜΕΑ,,,,no sponsor block
ΩΣΗ04690ΒΤ-Φ84,2021-08-30,ΑΠΟΖΗΜΙΩΣΗ ΕΦΗΜΕΡΙΩΝ ΕΠΙΣΤΗΜΟΝΙΚΟΥ ΠΡΟΣΩΠΙΚΟΥ ΙΟΥΛΙΟΣ/2021 ΤΟΥ Ψ/ΤΟΜΕΑ,,,,no sponsor block
Ψ2ΡΥ4690ΒΤ-2ΝΟ,2021-08-30,ΠΡΟΣΘΕΤΕΣ ΑΜΟΙΒΕΣ ΙΟΥΛΙΟΥ/2021   ΠΡΟΣΩΠΙΚΟ  ΕΠΙ ΣΧΕΣΕΙ ΕΡΓΑΣΙΑΣ Ι.Δ ΤΟΥ Ψ/ΤΟΜΕΑ,,,,no sponsor block
658Ψ4690ΒΤ-Σ79,2021-08-30,ΠΡΟΣΘΕΤΕΣ ΑΜΟΙΒΕΣ ΙΟΥΛΙΟΥ/2021  ΕΠΙΚΟΥΡΙΚΟ  ΠΡΟΣΩΠΙΚΟ ΤΟΥ Ψ/ΤΟΜΕΑ,,,,no sponsor block
6ΙΡ54690ΒΤ-4Ο4,2021-08-30,ΠΡΟΣΘΕΤΕΣ ΑΜΟΙΒΕΣ ΙΟΥΛΙΟΥ/2021  ΕΠΙΚΟΥΡΙΚΟ  ΠΡΟΣΩΠΙΚΟ ΤΟΥ Ψ/ΤΟΜΕΑ,,,,no sponsor block
9ΟΕ74690ΒΤ-ΕΝΨ,2021-08-30,ΠΡΟΣΘΕΤΕΣ ΑΜΟΙΒΕΣ ΙΟΥΛΙΟΥ/2021  ΠΡΟΣΩΠΙΚΟ ΕΠΙ ΣΧΕΣΕΙ ΕΡΓΑΣΙΑΣ Ι.Δ.Α.Χ  ΤΟΥ Ψ/ΤΟΜΕΑ,,,,no sponsor block
ΨΣ9Β4690ΒΤ-4Η3,2021-08-30,ΠΡΟΣΘΕΤΕΣ ΑΜΟΙΒΕΣ ΙΟΥΛΙΟΥ/2021  ΜΟΝΙΜΟ-ΔΟΚΙΜΟ-ΒΟΗΘ. ΠΡΟΣΩΠΙΚΟ ΤΟΥ Ψ/ΤΟΜΕΑ,,,,no sponsor block
6ΚΞΠ4690ΒΤ-ΤΒ7,2021-08-30,ΠΡΟΣΘΕΤΕΣ ΑΜΟΙΒΕΣ ΙΟΥΛΙΟΥ/2021  ΤΕΧΝΙΚΟ  ΠΡΟΣΩΠΙΚΟ ΤΟΥ Ψ/ΤΟΜΕΑ,,,,no sponsor block
6ΟΙ84690ΒΤ-ΤΚ4,2021-08-30,ΠΡΟΣΘΕΤΕΣ ΑΜΟΙΒΕΣ ΙΟΥΛΙΟΥ/2021 ΝΟΣΗΛΕΥΤΙΚΟ ΠΡΟΣΩΠΙΚΟ ΤΟΥ Ψ/ΤΟΜΕΑ,,,,no sponsor block
ΩΧΑΚ4690ΒΤ-Τ2Κ,2021-08-30,ΤΑΚΤΙΚΕΣ ΕΦΗΜΕΡΙΕΣ ΙΟΥΛΙΟΥ/2021 ΓΙΑΤΡΟΙ ΕΣΥ ΕΠΙΚΟΥΡΙΚΟΙ  ΤΟΥ Ψ/ΤΟΜΕΑ,,,,no sponsor block
ΩΝΘΧ4690ΒΤ-ΩΞΚ,2021-08-30,ΤΑΚΤΙΚΕΣ ΕΦΗΜΕΡΙΕΣ ΙΟΥΛΙΟΥ/2021 ΓΙΑΤΡΟΙ ΕΣΥ ΤΟΥ Κ.Ψ.ΥΓΕΙΑΣ,,,,no sponsor block
ΩΧΒΨ4690ΒΤ-0ΣΟ,2021-08-30,ΤΑΚΤΙΚΕΣ ΕΦΗΜΕΡΙΕΣ ΙΟΥΛΙΟΥ/2021 ΓΙΑΤΡΟΙ ΕΣΥ  ΕΙΔ/ΝΟΙ  ΤΟΥ Ψ/ΤΟΜΕΑ,,,,no sponsor block
Ψ18Λ4690ΒΤ-8ΜΜ,2021-08-30,ΤΑΚΤΙΚΕΣ ΕΦΗΜΕΡΙΕΣ ΙΟΥΛΙΟΥ/2021 ΓΙΑΤΡΟΙ ΕΣΥ ΤΟΥ Ψ/ΤΟΜΕΑ,,,,no sponsor block
ΨΜ2Ω4690ΒΤ-ΘΙΧ,2021-08-30,ΤΑΚΤΙΚΗ ΜΙΣΘΟΔΟΣΙΑ ΑΥΓΟΥΣΤΟΥ /2021 ΕΠΙΚΟΥΡΙΚΟΥ ΙΑΤΡΟΥ ΤΟΥ Ψ/ΤΟΜΕΑ,,,,no sponsor block
ΩΓ1Α4690ΒΤ-2ΡΠ,2021-08-30,ΑΝΑΔΡΟΜΙΚΑ ΑΥΓΟΥΣΤΟΥ /2021 ΠΡΟΣΩΠΙΚΟ ΕΠΙ ΣΧΕΣΕΙ ΕΡΓΑΣΙΑΣ Ι.Δ,,,,no sponsor block
Ψ5Α54690ΒΤ-4ΙΒ,2021-08-30,ΤΑΚΤΙΚΗ ΜΙΣΘΟΔΟΣΙΑ ΑΥΓΟΥΣΤΟΥ /2021 ΠΡΟΣΩΠΙΚΟ ΕΠΙ ΣΧΕΣΕΙ ΕΡΓΑΣΙΑΣ Ι.Δ,,,,no sponsor block
ΨΟ5Λ4690ΒΤ-ΙΟ5,2021-08-30,Πρόσθετες Αμοιβές Ιουλίου/2021  ΠΡΟΣ. ΕΠΙ ΣΧΕΣΕΙ ΕΡΓΑΣΙΑΣ Ι.Δ.Α.Χ,,,,no sponsor block
Ψ5Ζ14690ΒΤ-ΣΓ5,2021-08-30,Πρόσθετες Αμοιβές Ιουλίου/2021 Νοσηλευτικό Προσωπικό  Ν.Δ 1057/80,,,,no sponsor block
6Β594690ΒΤ-ΝΓ0,2021-08-30,Πρόσθετες Αμοιβές Ιουλίου/2021 Διοικητικό Προσωπικό,,,,no sponsor block
Ψ3ΩΛ4690ΒΤ-ΡΕ5,2021-08-30,Πρόσθετες Αμοιβές Ιουλίου/2021 Προσωπικό Ι.Δ   Ν.2470/96,,,,no sponsor block
ΩΘΥΘ4690ΒΤ-Φ2Α,2021-08-30,Πρόσθετες Αμοιβές Ιουλίου/2021  Μόνιμο-Δόκιμο-Βοηθ.Προσωπικό του Γ.Ν.Κ,,,,no sponsor block
ΨΑΩ84690ΒΤ-ΩΦ7,2021-08-30,Πρόσθετες Αμοιβές Ιουλίου/2021 Αποσπασμένοι του Γ.Ν.Κ,,,,no sponsor block
6ΧΧΗ4690ΒΤ-ΦΩΞ,2021-08-30,Πρόσθετες Αμοιβές Ιουλίου/2021  Μόνιμο-Δόκιμο Προσωπικό-Ειδ.Θέσεων του Γ.Ν.Κ,,,,no sponsor block
6ΙΙ14690ΒΤ-ΩΙΖ,2021-08-30,Πρόσθετες Αμοιβές Ιουλίου/2021  Επικουρικό  Προσωπικό του Γ.Ν.Κ,,,,no sponsor block
ΨΜΤ24690ΒΤ-1Η2,2021-08-30,Πρόσθετες Αμοιβές Ιουλίου/2021  Νοσηλευτικό  Προσωπικό του Γ.Ν.Κ,,,,no sponsor block
6ΤΤ34690ΒΤ-3ΜΥ,2021-08-30,ΠΡΟΣΘΕΤΕΣ ΑΜΟΙΒΕΣ ΙΟΥΛΙΟΥ/2021 Π.Δ.Ε- ΕΣΠΑ ΕΠΙΚΟΥΡΙΚΟ ΠΡΟΣΩΠΙΚΟ ΤΟΥ Γ.Ν.ΚΑΤΕΡ,,,,no sponsor block
67ΙΖ4690ΒΤ-Θ91,2021-08-30,ΤΑΚΤΙΚΕΣ ΕΦΗΜΕΡΙΕΣ ΙΟΥΛΙΟΥ/2021 ΓΙΑΤΡΟΙ ΕΣΥ ΕΠΙΚΟΥΡΙΚΟΙ,,,,no sponsor block
63ΣΛ4690ΒΤ-Χ0Σ,2021-08-30,ΤΑΚΤΙΚΕΣ ΕΦΗΜΕΡΙΕΣ ΙΟΥΛΙΟΥ/2021 ΓΙΑΤΡΟΙ ΕΣΥ ΕΠΙΚΟΥΡΙΚΟΙ,,,,no sponsor block
6ΙΗ14690ΒΤ-452,2021-08-30,ΤΑΚΤΙΚΕΣ ΕΦΗΜΕΡΙΕΣ ΙΟΥΛΙΟΥ/2021 ΓΙΑΤΡΟΙ ΕΣΥ EIΔ/ΝΟΙ,,,,no sponsor block
6ΒΙ64690ΒΤ-ΡΚΒ,2021-08-30,ΤΑΚΤΙΚΕΣ ΕΦΗΜΕΡΙΕΣ ΙΟΥΛΙΟΥ/2021 ΑΓΡΟΤΙΚΟΙ  ΓΙΑΤΡΟΙ,,,,no sponsor block
Ψ7Ν04690ΒΤ-4ΤΞ,2021-08-30,ΤΑΚΤΙΚΕΣ ΕΦΗΜΕΡΙΕΣ ΙΟΥΛΙΟΥ/2021 ΓΙΑΤΡΟΙ ΕΣΥ,,,,no sponsor block
6ΕΥΤ4690ΒΤ-0ΡΛ,2021-08-30,ΑΠΟΖΗΜΙΩΣΗ ΕΦΗΜΕΡΙΩΝ ΕΠΙΣΤΗΜΟΝΙΚΟΥ ΠΡΟΣΩΠΙΚΟΥ ΙΟΥΛΙΟΥ/2021,,,,no sponsor block
ΨΟΥΒ4690ΒΤ-ΒΗ5,2021-08-30,ΑΠΟΖΗΜΙΩΣΗ ΕΦΗΜΕΡΙΩΝ ΕΠΙΣΤΗΜΟΝΙΚΟΥ ΠΡΟΣΩΠΙΚΟΥ ΙΟΥΛΙΟΥ/2021,,,,no sponsor block
ΩΙΙΧ4690ΒΤ-Λ6Τ,2021-08-30,ΑΠΟΖΗΜΙΩΣΗ ΕΦΗΜΕΡΙΩΝ ΕΠΙΣΤΗΜΟΝΙΚΟΥ ΠΡΟΣΩΠΙΚΟΥ ΙΟΥΛΙΟΥ/2021,,,,no sponsor block
Ψ4Δ14690ΒΤ-ΘΨΟ,2021-08-30,ΤΑΚΤΙΚΗ ΜΙΣΘΟΔΟΣΙΑ ΑΥΓΟΥΣΤΟΥ/2021  ΣΠΟΥΔΑΣΤΕΣ ΠΟΥ ΑΣΚΟΥΝΤΑΙ ΤΟΥ Γ.Ν.Κ,,,,no sponsor block
6ΙΘΦ4690ΒΤ-Π7Ξ,2021-08-30,ΤΑΚΤΙΚΗ ΜΙΣΘΟΔΟΣΙΑ IOYΛΙΟΥ/2021  AMIΣΘΟΙ ΤΕΕ ( ΕΠΑΛ ) ΤΟΥ Γ.Ν.Κ,,,,no sponsor block
6Φ7Ξ4690ΒΤ-ΚΚΘ,2021-08-30,ΤΑΚΤΙΚΗ ΜΙΣΘΟΔΟΣΙΑ ΑΥΓΟΥΣΤΟΥ/2021  ΑΜΙΣΘΟΙ ΤΕΕ ( ΔΙΕΚ ) ΤΟΥ Γ.Ν.Κ,,,,no sponsor block
6ΟΩΞ4690ΒΤ-ΣΘΨ,2021-08-30,ΤΑΚΤΙΚΗ ΜΙΣΘΟΔΟΣΙΑ ΑΥΓΟΥΣΤΟΥ/2021 ΕΠΙΣΤΗΜΟΝΙΚΟ  ΠΡΟΣΩΠΙΚΟ,,,,no sponsor block
ΨΞΛ64690ΒΤ-Ρ8Ε,2021-08-30,ΑΝΑΔΡΟΜΙΚΑ ΚΛΙΜΑΚΙΟΥ ΑΥΓΟΥΣΤΟΥ/2021 ΕΠΙΚΟΥΡΙΚΟΙ ΕΣΥ,,,,no sponsor block
ΩΖΦΓ4690ΒΤ-Ν60,2021-08-30,ΤΑΚΤΙΚΗ ΜΙΣΘΟΔΟΣΙΑ ΑΥΓΟΥΣΤΟΥ/2021 ΕΠΙΚΟΥΡΙΚΟΙ ΕΣΥ,,,,no sponsor block
ΩΞΠ34690ΒΤ-73Ψ,2021-08-30,ΤΑΚΤΙΚΗ ΜΙΣΘΟΔΟΣΙΑ ΑΥΓΟΥΣΤΟΥ/2021 ΕΠΙΚΟΥΡΙΚΟ ΠΡΟΣΩΠΙΚΟ,,,,no sponsor block
6ΘΠ84690ΒΤ-2ΗΞ,2021-08-05,4η παράτ.της σύμβασ.1/20  ιδιώτη ιατρού  μηνός Ιουλίου  λόγου COVID-19 ΦΕΚ 157 Α ΤΕΥΧΟΣ 10-8-2020 ΑΡΘΡΟ 8,,,,no sponsor block
6Β5Χ4690ΒΤ-ΖΤ4,2021-08-03,ΠΡΟΣΘΕΤΕΣ ΑΜΟΙΒΕΣ ΙΟΥΝΙΟΥ  /2021  ΔΗΜ.ΠΡΟΣΚΛΗΣΗ   Νο 13/2016,,,,no sponsor block
6ΠΙ34690ΒΤ-Μ3Τ,2021-08-03,ΤΑΚΤΙΚΗ ΜΙΣΘΟΔΟΣΙΑ  ΙΟΥΛΙΟΥ /2021 12 ΜΗΝΑ ΟΑΕΔ  ΔΗΜ.ΠΡΟΣΚΛΗΣΗ       Νο 13/2016,,,,no sponsor block
6ΓΖ84690ΒΤ-ΔΕ4,2021-08-03,ΤΑΚΤΙΚΗ ΜΙΣΘΟΔΟΣΙΑ  ΙΟΥΛΙΟΥ /2021 12 ΜΗΝΑ ΟΑΕΔ   ΔΗΜ.ΠΡΟΣΚΛ. Νο 10/2017,,,,no sponsor block
6ΝΝ44690ΒΤ-ΦΥΡ,2021-08-03,ΠΡΟΣΘΕΤΕΣ ΑΜΟΙΒΕΣ ΙΟΥΝΙΟΥ  /2021  ΔΗΜ.ΠΡΟΣΚΛΗΣΗ   Νο 10/2017    12 ΜΗΝΑ ΟΑΕΔ,,,,no sponsor block
6ΑΥ44690ΒΤ-ΣΨΔ,2022-05-19,ΠΛΗΡΩΜΗ ΙΑΤΡΩΝ ΑΠΟ ΤΗΝ ΟΛΟΗΜΕΡΗ ΛΕΙΤΟΥΡΓΙΑ ΤΟΥ ΝΟΣΟΚΟΜΕΙΟΥ  ΜΗΝΟΣ  ΑΠΡΙΛΙΟΥ /2022,,,,no sponsor block
ΨΨΕΗ4690ΒΤ-ΜΦ8,2022-05-19,ΠΛΗΡΩΜΗ ΠΡΟΣΩΠΙΚΟΥ ΑΠΟ ΤΗΝ ΟΛΟΗΜΕΡΗ ΛΕΙΤΟΥΡΓΙΑ ΤΟΥ ΝΟΣΟΚΟΜΕΙΟΥ  ΜΗΝΟΣ  ΑΠΡΙΛΙΟΥ /2022,,,,no sponsor block
Ω5ΜΔ4690ΒΤ-ΛΑ3,2022-05-18,ΓΙΑ ΤΗΝ ΑΞΙΑ ΠΛΗΡΩΜΗΣ ΟΔΟΙΠΟΡΙΚΩΝ ΕΞΟΔΩΝ & ΗΜΕΡΗΣΙΑΣ ΑΠΟΖΗΜΙΩΣΗΣ ΥΠΑΛΛΗΛΩΝ ΤΟΥ Γ.Ν .ΚΑΤΕΡΙΝΗΣ,,,,no sponsor block
6ΜΝ54690ΒΤ-6ΓΠ,2022-05-17,Αποζημίωση εφημεριών βάσει Ν.4850/21 Αρθρο 89   Ιανουαρίου-Φεβρουαρίου/2022,,,,no sponsor block
ΨΥΚΕ4690ΒΤ-Ν3Ψ,2022-05-17,ΠΡΟΜΗΘΕΙΑ ΥΓΕΙΟΝΟΜΙΚΟΥ ΥΛΙΚΟΥ/2021,,,,no sponsor block
681Ζ4690ΒΤ-1ΤΩ,2022-05-17,ΠΡΟΣΘΕΤΕΣ ΕΦΗΜΕΡΙΕΣ ΟΚΤΩΒΡΙΟΥ/2021  ΕΠΙΚΟΥΡΙΚΟΙ Ε.Σ.Υ,,,,no sponsor block
ΨΓΡΓ4690ΒΤ-ΤΕΠ,2022-05-17,ΠΡΟΣΘΕΤΕΣ ΕΦΗΜΕΡΙΕΣ ΟΚΤΩΒΡΙΟΥ/2021  ΓΙΑΤΡΟΙ  Ε.Σ.Υ  ΕΙΔΙΚ/ΝΟΙ,,,,no sponsor block
6ΥΣΒ4690ΒΤ-ΦΤ8,2022-05-17,ΠΡΟΣΘΕΤΕΣ ΕΦΗΜΕΡΙΕΣ ΟΚΤΩΒΡΙΟΥ/2021  ΑΓΡΟΤΙΚΟΙ ΙΑΤΡΟΙ,,,,no sponsor block
ΨΜΠΩ4690ΒΤ-7ΟΡ,2022-05-17,ΠΡΟΣΘΕΤΕΣ ΕΦΗΜΕΡΙΕΣ ΟΚΤΩΒΡΙΟΥ/2021 ΓΙΑΤΡΟΙ  Ε.Σ.Υ,,,,no sponsor block
9ΛΘ94690ΒΤ-ΩΡΛ,2022-05-17,ΠΡΟΣΘΕΤΕΣ ΕΦΗΜΕΡΙΕΣ ΟΚΤΩΒΡΙΟΥ/2021  ΕΠΙΚΟΥΡΙΚΟΙ Ε.Σ.Υ,,,,no sponsor block
9ΩΩΥ4690ΒΤ-ΝΙ8,2022-05-10,ΠΡΟΣΘΕΤΕΣ ΑΜΟΙΒΕΣ ΜΑΡΤΙΟΥ  /2021  ΔΗΜ.ΠΡΟΣΚΛΗΣΗ   Νο 13/2016    12 ΜΗΝΑ ΟΑΕΔ,,,,no sponsor block
Ψ6ΛΡ4690ΒΤ-ΕΝΕ,2022-05-10,ΠΡΟΣΘΕΤΕΣ ΑΜΟΙΒΕΣ ΜΑΡΤΙΟΥ /2022     12 ΜΗΝΑ ΟΑΕΔ  ΔΗΜ.ΠΡΟΣΚΛΗΣΗ       Νο 10/2017,,,,no sponsor block
6ΜΚ94690ΒΤ-ΣΑΖ,2022-05-10,ΤΑΚΤΙΚΗ  ΜΙΣΘΟΔΟΣΙΑ  ΑΠΡΙΛΙΟΥ /2022      12 ΜΗΝΑ ΟΑΕΔ  ΔΗΜ.ΠΡΟΣΚΛΗΣΗ       Νο 13/2016,,,,no sponsor block
ΨΧ744690ΒΤ-ΘΙ7,2022-05-10,ΤΑΚΤΙΚΗ ΜΙΣΘΟΔΟΣΙΑ ΑΠΡΙΛΙΟΥ /2022 12 ΜΗΝΑ Ο.Α.Ε.Δ   ΔΗΜ.ΠΡΟΣΚΛΗΣΗ    Νο 10/2017,,,,no sponsor block
6Μ774690ΒΤ-3ΟΒ,2022-05-05,ΑΠΟΖΗΜΙΩΣΗ ΕΦΗΜΕΡΙΩΝ ΜΑΡΤΙΟΥ/2022 ΕΠΙΣΤΗΜΟΝΙΚΟ ΠΡΟΣΩΠΙΚΟ ΤΟΥ Κ.Ψ.ΥΓΕΙΑΣ,,,,no sponsor block
ΩΥΗΓ4690ΒΤ-ΛΘΙ,2022-05-05,ΑΠΟΖΗΜΙΩΣΗ ΕΦΗΜΕΡΙΩΝ ΜΑΡΤΙΟΥ/2022 ΕΠΙΣΤΗΜΟΝΙΚΟ ΠΡΟΣΩΠΙΚΟ  Ι.Δ   Ν.Δ 1057/80  ΤΟΥ Ψ/ΤΟΜΕΑ,,,,no sponsor block
6ΦΚΙ4690ΒΤ-ΠΤΜ,2022-05-05,ΑΠΟΖΗΜΙΩΣΗ ΕΦΗΜΕΡΙΩΝ ΜΑΡΤΙΟΥ/2022 ΕΠΙΣΤΗΜΟΝΙΚΟ ΠΡΟΣΩΠΙΚΟ ΤΟΥ Ψ/ΤΟΜΕΑ,,,,no sponsor block
9ΝΩΗ4690ΒΤ-ΓΜΟ,2022-05-04,ΠΡΟΣΘΕΤΕΣ ΑΜΟΙΒΕΣ ΜΑΡΤΙΟΥ/2022  ΠΡΟΣΩΠΙΚΟ ΕΠΙ ΣΧΕΣΕΙ ΕΡΓΑΣΙΑΣ Ι.Δ  ΤΟΥ Ψ/ΤΟΜΕΑ,,,,no sponsor block
Ψ9ΥΙ4690ΒΤ-ΑΩΩ,2022-05-04,ΠΡΟΣΘΕΤΕΣ ΑΜΟΙΒΕΣ ΜΑΡΤΙΟΥ/2022 ΝΟΣΗΛΕΥΤΙΚΟ  ΠΡΟΣΩΠΙΚΟ ΤΟΥ Ψ/ΤΟΜΕΑ,,,,no sponsor block
ΨΣΝ74690ΒΤ-Κ0Ε,2022-05-04,ΠΡΟΣΘΕΤΕΣ ΑΜΟΙΒΕΣ ΜΑΡΤΙΟΥ/2022  ΠΡΟΣΩΠΙΚΟ ΕΠΙ ΣΧΕΣΕΙ ΕΡΓΑΣΙΑΣ Ι.Δ.Α.Χ  ΤΟΥ Ψ/ΤΟΜΕΑ,,,,no sponsor block
650Ρ4690ΒΤ-97Π,2022-05-04,ΠΡΟΣΘΕΤΕΣ ΑΜΟΙΒΕΣ ΜΑΡΤΙΟΥ/2022 ΝΟΣΗΛ/ΚΟ  ΠΡΟΣΩΠΙΚΟ  Ν.Δ.  1057/80  ΤΟΥ Ψ/ΤΟΜΕΑ,,,,no sponsor block
Ψ18Λ4690ΒΤ-ΟΡΛ,2022-05-04,ΠΡΟΣΘΕΤΕΣ ΑΜΟΙΒΕΣ ΜΑΡΤΙΟΥ/2022 ΜΟΝΙΜΟ ΔΟΚΙΜΟ ΒΟΗΘ.  ΠΡΟΣΩΠΙΚΟ ΤΟΥ Ψ/ΤΟΜΕΑ,,,,no sponsor block
6ΤΣ34690ΒΤ-9Θ7,2022-05-04,ΠΡΟΣΘΕΤΕΣ ΑΜΟΙΒΕΣ ΜΑΡΤΙΟΥ/2022 ΤΕΧΝΙΚΟ  ΠΡΟΣΩΠΙΚΟ ΤΟΥ Ψ/ΤΟΜΕΑ,,,,no sponsor block
67Β34690ΒΤ-6ΛΙ,2022-05-04,ΠΡΟΣΘΕΤΕΣ ΑΜΟΙΒΕΣ ΜΑΡΤΙΟΥ/2022 ΔΙΟΙΚΗΤΙΚΟ ΠΡΟΣΩΠΙΚΟ ΤΟΥ Ψ/ΤΟΜΕΑ,,,,no sponsor block
ΨΦΘ54690ΒΤ-Τ4Κ,2022-05-04,ΠΡΟΣΘΕΤΕΣ ΑΜΟΙΒΕΣ ΜΑΡΤΙΟΥ/2022 ΕΠΙΚΟΥΡΙΚΟ ΠΡΟΣΩΠΙΚΟ ΤΟΥ Ψ/ΤΟΜΕΑ ΤΡΙΜΗΝΑ COVID,,,,no sponsor block
ΨΔΟΟ4690ΒΤ-ΓΚΜ,2022-05-04,ΠΡΟΣΘΕΤΕΣ ΑΜΟΙΒΕΣ ΜΑΡΤΙΟΥ/2022 ΕΠΙΚΟΥΡΙΚΟ ΠΡΟΣΩΠΙΚΟ ΤΟΥ Ψ/ΤΟΜΕΑ,,,,no sponsor block
6Φ1Ν4690ΒΤ-Ψ8Ο,2022-05-04,ΤΑΚΤΙΚΗ ΜΙΣΘΟΔΟΣΙΑ ΑΠΡΙΛΙΟΥ/2022 ΠΡΟΓΡΑΜΜΑΤΟΣ Ο.Α.Ε.Δ   Δ.Π  Νο 11/17,,,,no sponsor block
ΨΛΑΑ4690ΒΤ-13Ε,2022-05-04,ΤΑΚΤΙΚΕΣ ΕΦΗΜΕΡΙΕΣ ΜΑΡΤΙΟΥ/2022 ΓΙΑΤΡΟΙ Ε.Σ.Υ ΤΟΥ Κ.Ψ.ΥΓΕΙΑΣ,,,,no sponsor block
9ΗΒΥ4690ΒΤ-8ΒΒ,2022-05-04,ΤΑΚΤΙΚΕΣ ΕΦΗΜΕΡΙΕΣ ΜΑΡΤΙΟΥ/2022 ΓΙΑΤΡΟΙ Ε.Σ.Υ  ΤΟΥ Ψ/ΤΟΜΕΑ,,,,no sponsor block
ΩΖ0Ξ4690ΒΤ-Φ49,2022-05-04,ΤΑΚΤΙΚΕΣ ΕΦΗΜΕΡΙΕΣ ΜΑΡΤΙΟΥ/2022 ΓΙΑΤΡΟΙ Ε.Σ.Υ ΕΙΔ/ΝΟΙ ΤΟΥ Ψ/ΤΟΜΕΑ,,,,no sponsor block
ΨΒΔΧ4690ΒΤ-ΣΓ7,2022-05-04,ΤΑΚΤΙΚΕΣ ΕΦΗΜΕΡΙΕΣ ΜΑΡΤΙΟΥ/2022 ΓΙΑΤΡΟΙ Ε.Σ.Υ ΕΠΙΚΟΥΡΙΚΟΙ COVID,,,,no sponsor block
6ΖΠ44690ΒΤ-825,2022-05-04,ΤΑΚΤΙΚΕΣ ΕΦΗΜΕΡΙΕΣ ΜΑΡΤΙΟΥ/2022 ΓΙΑΤΡΟΙ Ε.Σ.Υ  ΕΠΙΚΟΥΡΙΚΟΙ,,,,no sponsor block
94ΛΡ4690ΒΤ-7ΗΕ,2022-05-04,ΤΑΚΤΙΚΕΣ ΕΦΗΜΕΡΙΕΣ ΜΑΡΤΙΟΥ/2022 ΓΙΑΤΡΟΙ Ε.Σ.Υ  ΕΙΔ/ΝΟΙ,,,,no sponsor block
ΨΘΕΓ4690ΒΤ-ΠΚΠ,2022-05-04,ΑΠΟΖΗΜΙΩΣΗ ΕΦΗΜΕΡΙΩΝ ΕΠΙΣΤΗΜΟΝΙΚΟΥ ΠΡΟΣΩΠΙΚΟΥ ΜΑΡΤΙΟΣ/2022,,,,no sponsor block
6ΖΜΑ4690ΒΤ-5Γ3,2022-05-04,ΠΡΟΣΘΕΤΕΣ ΑΜΟΙΒΕΣ ΜΑΡΤΙΟΥ /2022  ΑΠΟΣΠΑΣΜΕΝΟΙ,,,,no sponsor block
Ψ1ΝΣ4690ΒΤ-ΔΚΚ,2022-05-04,ΠΡΟΣΘΕΤΕΣ ΑΜΟΙΒΕΣ ΜΑΡΤΙΟΥ /2022   ΠΡΟΣΩΠΙΚΟ ΕΠΙ ΣΧΕΣΕΙ ΕΡΓΑΣΙΑΣ Ι.Δ.Α.Χ,,,,no sponsor block
61ΑΟ4690ΒΤ-ΝΩ2,2022-05-04,ΠΡΟΣΘΕΤΕΣ ΑΜΟΙΒΕΣ ΜΑΡΤΙΟΥ /2022  ΝΟΣΗΛ/ΚΟ ΠΡΟΣΩΠΙΚΟ Ν.Δ 1057/80,,,,no sponsor block
6ΔΠΩ4690ΒΤ-ΔΨΥ,2022-05-04,ΠΡΟΣΘΕΤΕΣ ΑΜΟΙΒΕΣ ΜΑΡΤΙΟΥ /2022  ΜΟΝΙΜΟ-ΔΟΚΙΜΟ  ΠΡΟΣΩΠΙΚΟ ΕΙΔ. ΘΕΣΕΩΝ,,,,no sponsor block
6ΠΩΜ4690ΒΤ-099,2022-05-04,ΠΡΟΣΘΕΤΕΣ ΑΜΟΙΒΕΣ ΜΑΡΤΙΟΥ /2022  ΜΟΝΙΜΟ-ΔΟΚΙΜΟ ΒΟΗΘ. ΠΡΟΣΩΠΙΚΟ,,,,no sponsor block
ΨΟΑΒ4690ΒΤ-ΒΧΣ,2022-05-04,ΠΡΟΣΘΕΤΕΣ ΑΜΟΙΒΕΣ ΜΑΡΤΙΟΥ /2022  ΔΙΟΙΚΗΤΙΚΟ  ΠΡΟΣΩΠΙΚΟ,,,,no sponsor block
6ΣΦ64690ΒΤ-ΧΣΩ,2022-05-04,ΠΡΟΣΘΕΤΕΣ ΑΜΟΙΒΕΣ ΜΑΡΤΙΟΥ /2022    ΠΡΟΣΩΠΙΚΟ Ι.Δ 2470/96,,,,no sponsor block
ΨΒΥΡ4690ΒΤ-ΥΑ2,2022-05-04,ΠΡΟΣΘΕΤΕΣ ΑΜΟΙΒΕΣ ΜΑΡΤΙΟΥ /2022  ΕΠΙΚΟΥΡΙΚΟ  ΠΡΟΣΩΠΙΚΟ  COVID,,,,no sponsor block
6Φ3Ω4690ΒΤ-5Ω1,2022-05-04,ΠΡΟΣΘΕΤΕΣ ΑΜΟΙΒΕΣ ΜΑΡΤΙΟΥ /2022  ΕΠΙΚΟΥΡΙΚΟ  ΠΡΟΣΩΠΙΚΟ,,,,no sponsor block
6ΦΒΤ4690ΒΤ-81Ρ,2022-05-04,ΠΡΟΣΘΕΤΕΣ ΑΜΟΙΒΕΣ ΜΑΡΤΙΟΥ /2022  ΝΟΣΗΛΕΥΤΙΚΟ ΠΡΟΣΩΠΙΚΟ,,,,no sponsor block
ΩΣΘΥ4690ΒΤ-ΨΧΥ,2022-05-04,ΤΑΚΤΙΚΗ ΜΙΣΘΟΔΟΣΙΑ  ΑΠΡΙΛΙΟΥ /2022  ΑΜΙΣΘΟΙ ΤΕΕ,,,,no sponsor block
64ΤΥ4690ΒΤ-Υ79,2022-05-04,ΤΑΚΤΙΚΗ ΜΙΣΘΟΔΟΣΙΑ ΑΠΡΙΛΙΟΥ/2022 ΣΠΟΥΔΑΣΤΕΣ ΠΟΥ ΑΣΚΟΥΝΤΑΙ,,,,no sponsor block
ΩΣΠΦ4690ΒΤ-4ΣΝ,2022-05-04,ΤΑΚΤΙΚΗ ΜΙΣΘΟΔΟΣΙΑ ΑΠΡΙΛΙΟΥ/2022 ΕΠΙΚΟΥΡΙΚΟ  ΠΡΟΣΩΠΙΚΟ,,,,no sponsor block
Ψ0ΤΞ4690ΒΤ-Υ7Τ,2022-05-03,ΤΑΚΤΙΚΗ ΜΙΣΘΟΔΟΣΙΑ ΑΠΡΙΛΙΟΥ/2022 ΕΠΙΚΟΥΡΙΚΟ ΤΡΙΜΗΝΟ ΠΡΟΣΩΠΙΚΟ,,,,no sponsor block
9ΝΗΙ4690ΒΤ-ΤΡΑ,2022-05-03,ΑΝΑΔΡΟΜΙΚΑ ΑΠΡΙΛΙΟΥ/2022  ΕΠΙΚΟΥΡΙΚΟΙ   Ε.Σ.Υ,,,,no sponsor block
ΩΜ4Δ4690ΒΤ-ΕΘ6,2022-05-03,ΤΑΚΤΙΚΗ ΜΙΣΘΟΔΟΣΙΑ ΑΠΡΙΛΙΟΥ/2022 ΕΠΙΚΟΥΡΙΚΟΙ   Ε.Σ.Υ,,,,no sponsor block
9ΙΖ34690ΒΤ-ΥΔ7,2022-05-03,ΤΑΚΤΙΚΗ ΜΙΣΘΟΔΟΣΙΑ ΑΠΡΙΛΙΟΥ/2022 ΕΠΙΣΤΗΜΟΝΙΚΟ   ΠΡΟΣΩΠΙΚΟ,,,,no sponsor block
Ψ1724690ΒΤ-9Μ9,2022-05-03,ΤΑΚΤΙΚΗ ΜΙΣΘΟΔΟΣΙΑ ΑΠΡΙΛΙΟΥ/2022 ΕΠΙΚΟΥΡΙΚΟΙ   Ε.Σ.Υ,,,,no sponsor block
ΨΜΤΧ4690ΒΤ-Γ52,2022-05-03,ΤΑΚΤΙΚΗ ΜΙΣΘΟΔΟΣΙΑ ΑΠΡΙΛΙΟΥ/2022 ΕΠΙΚΟΥΡΙΚΟ  ΠΡΟΣΩΠΙΚΟ,,,,no sponsor block
ΩΣΟΠ4690ΒΤ-ΙΘΛ,2022-05-03,ΠΡΟΣΘΕΤΕΣ ΑΜΟΙΒΕΣ ΜΑΡΤΙΟΥ /2022  ΕΠΙΚΟΥΡΙΚΟ ΠΡΟΣΩΠΙΚΟ ΠΔΕ-ΕΣΠΑ  Γ.Ν.Κ ΥΠ.11/Ο Π Σ 5070506,,,,no sponsor block
Ψ7Π24690ΒΤ-Π1Χ,2022-05-03,ΤΑΚΤΙΚΗ ΜΙΣΘΟΔΟΣΙΑ ΑΠΡΙΛΙΟΥ/2022 ΠΡΟΣΩΠΙΚΟ ΕΠΙ ΣΧΕΣΕΙ ΕΡΓΑΣΙΑΣ Ι.Δ ΤΟΥ Ψ/ΤΟΜΕΑ,,,,no sponsor block
ΨΤΛΤ4690ΒΤ-Τ5Ξ,2022-04-29,ΤΑΚΤΙΚΗ ΜΙΣΘΟΔΟΣΙΑ ΑΠΡΙΛΙΟΥ /2022 ΠΔΕ-ΕΣΠΑ ΕΠΙΚΟΥΡΙΚΟ ΠΡΟΣΩΠΙΚΟ ΤΟΥ Γ.Ν.Κ ΥΠ.11/Ο Π Σ 5070506,,,,no sponsor block
9ΦΙΖ4690ΒΤ-ΒΝΜ,2022-04-29,ΠΡΟΣΘΕΤΕΣ ΕΦΗΜΕΡΙΕΣ ΔΕΚΕΜΒΡΙΟΥ/2021 ΓΙΑΤΡΟΙ ΕΣΥ ΕΠΙΚΟΥΡΙΚΟΙ,,,,no sponsor block
6ΛΣΖ4690ΒΤ-90Υ,2022-04-29,ΠΡΟΣΘΕΤΕΣ ΕΦΗΜΕΡΙΕΣ ΔΕΚΕΜΒΡΙΟΥ/2021 ΓΙΑΤΡΟΙ ΕΣΥ ΕΙΔ/ΝΟΙ,,,,no sponsor block
63ΔΒ4690ΒΤ-1Τ1,2022-04-29,ΠΡΟΣΘΕΤΕΣ ΕΦΗΜΕΡΙΕΣ ΔΕΚΕΜΒΡΙΟΥ/2021 ΓΙΑΤΡΟΙ ΕΣΥ,,,,no sponsor block
ΨΨΖΙ4690ΒΤ-7ΡΘ,2022-04-29,ΠΡΟΣΘΕΤΕΣ ΕΦΗΜΕΡΙΕΣ ΝΟΕΜΒΡΙΟΥ/2021 ΓΙΑΤΡΟΙ ΕΣΥ ΕΠΙΚΟΥΡΙΚΟΙ,,,,no sponsor block
62Λ94690ΒΤ-ΟΦ1,2022-04-29,ΠΡΟΣΘΕΤΕΣ ΕΦΗΜΕΡΙΕΣ ΝΟΕΜΒΡΙΟΥ/2021 ΓΙΑΤΡΟΙ ΕΣΥ ΕΠΙΚΟΥΡΙΚΟΙ,,,,no sponsor block
ΨΚΦΩ4690ΒΤ-002,2022-04-29,ΠΡΟΣΘΕΤΕΣ ΕΦΗΜΕΡΙΕΣ ΝΟΕΜΒΡΙΟΥ/2021  ΕΠΙΚΟΥΡΙΚΟΙ  ΕΣΥ,,,,no sponsor block
6ΔΓ04690ΒΤ-50Ξ,2022-04-29,ΠΡΟΣΘΕΤΕΣ ΕΦΗΜΕΡΙΕΣ ΝΟΕΜΒΡΙΟΥ/2021 ΓΙΑΤΡΟΙ ΕΣΥ  ΕΙΔ/ΝΟΙ,,,,no sponsor block
ΨΥΓΡ4690ΒΤ-Ο7Ω,2022-04-29,ΠΡΟΣΘΕΤΕΣ ΕΦΗΜΕΡΙΕΣ ΝΟΕΜΒΡΙΟΥ/2021 ΓΙΑΤΡΟΙ ΕΣΥ,,,,no sponsor block
Ψ9ΒΘ4690ΒΤ-ΙΣΜ,2022-04-29,ΠΡΟΣΘΕΤΕΣ ΕΦΗΜΕΡΙΕΣ ΝΟΕΜΒΡΙΟΥ/2021 ΑΓΡΟΤΙΚΟΙ  ΓΙΑΤΡΟΙ,,,,no sponsor block
6ΙΗ14690ΒΤ-Ξ79,2022-04-29,ΠΡΟΣΘΕΤΕΣ ΕΦΗΜΕΡΙΕΣ ΔΕΚΕΜΒΡΙΟΥ/2021 ΓΙΑΤΡΟΙ Ε.Σ.Υ  ΕΙΔ/ΝΟΙ   ΤΟΥ Ψ/ΤΟΜΕΑ,,,,no sponsor block
ΩΝΣΝ4690ΒΤ-ΥΡΦ,2022-04-29,ΠΡΟΣΘΕΤΕΣ ΕΦΗΜΕΡΙΕΣ ΔΕΚΕΜΒΡΙΟΥ /2021 ΓΙΑΤΡΟΙ Ε.Σ.Υ  ΤΟΥ Ψ/ΤΟΜΕΑ,,,,no sponsor block
6ΘΛΟ4690ΒΤ-3ΩΩ,2022-04-29,ΠΡΟΣΘΕΤΕΣ ΕΦΗΜΕΡΙΕΣ ΝΟΕΜΒΡΙΟΥ/2021 ΓΙΑΤΡΟΙ Ε.Σ.Υ  ΤΟΥ Ψ/ΤΟΜΕΑ,,,,no sponsor block
ΨΛ464690ΒΤ-Ι2Φ,2022-04-29,ΠΡΟΣΘΕΤΕΣ ΕΦΗΜΕΡΙΕΣ ΟΚΤΩΒΡΙΟΥ/2021 ΓΙΑΤΡΟΙ Ε.Σ.Υ   ΕΙΔ/ΝΟΙ  ΤΟΥ Ψ/ΤΟΜΕΑ,,,,no sponsor block
6ΛΚ04690ΒΤ-ΕΗΦ,2022-04-29,ΠΡΟΣΘΕΤΕΣ ΕΦΗΜΕΡΙΕΣ ΟΚΤΩΒΡΙΟΥ/2021 ΓΙΑΤΡΟΙ Ε.Σ.Υ  ΤΟΥ Ψ/ΤΟΜΕΑ,,,,no sponsor block
6Α3Ι4690ΒΤ-ΤΘΓ,2022-04-13,ΠΛΗΡΩΜΗ ΠΡΟΣΩΠΙΚΟΥ ΑΠΟ ΤΗΝ ΟΛΟΗΜΕΡΗ ΛΕΙΤΟΥΡΓΙΑ ΤΟΥ ΝΟΣΟΚΟΜΕΙΟΥ  ΜΗΝΟΣ  ΜΑΡΤΙΟΥ  /2022,,,,no sponsor block
64454690ΒΤ-Ι0Ι,2022-04-13,ΠΛΗΡΩΜΗ ΙΑΤΡΩΝ ΑΠΟ ΤΗΝ ΟΛΟΗΜΕΡΗ ΛΕΙΤΟΥΡΓΙΑ ΤΟΥ ΝΟΣΟΚΟΜΕΙΟΥ  ΜΗΝΟΣ  ΜΑΡΤΙΟΥ /2022,,,,no sponsor block
642Θ4690ΒΤ-ΩΗΝ,2022-04-13,CLAW BACK B ΕΞΑΜ.2020,999600478,CSL BEHRING ΕΛΛΑΣ ΦΑΡΜΑΚΕΥΤΙΚH ΕΤΑΙΡΕΙΑ ΠΕΡΙΟΡΙΣΜΕΝΗΣ ΕΥΘΥΝΗΣ,-781.15,negative amount
ΩΝ3Δ4690ΒΤ-Β1Τ,2022-04-11,ΠΡΟΜΗΘΕΙΑ ΦΑΡΜΑΚΕΥΤΙΚΟΥ ΥΛΙΚΟΥ/2021,094043896,MERCK SHARP AND DOHME ΦΑΡΜΑΚΕΥΤΙΚΗ ΒΙΟΜΗΧΑΝΙΚΗ ΚΑΙ ΕΜΠΟΡΙΚΗ ΜΟΝΟΠΡΟΣΩΠΗ ΑΝΩΝΥΜΗ ΕΤΑΙΡΙΑ,-20720.82,negative amount
ΩΔ6Π4690ΒΤ-ΠΗΧ,2022-04-07,ΠΡΟΜΗΘΕΙΑ ΦΑΡΜΑΚΕΥΤΙΚΟΥ ΥΛΙΚΟΥ/2021,090064864,ΙΝΣΤΙΤΟΥΤΟ ΦΑΡΜΑΚΕΥΤΙΚΗΣ ΕΡΕΥΝΑΣ ΚΑΙ ΤΕΧΝΟΛΟΓΙΑΣ ΜΟΝΟΠΡΟΣΩΠΗ ΑΝΩΝΥΜΗ ΕΤΑΙΡΕΙΑ,-7781.83,negative amount
ΩΝΨΜ4690ΒΤ-Ψ2Ο,2022-04-06,ΠΡΟΣΘΕΤΕΣ ΑΜΟΙΒΕΣ ΦΕΒΡΟΥΑΡΙΟΥ/2022     12 ΜΗΝΑ ΟΑΕΔ  ΔΗΜ.ΠΡΟΣΚΛΗΣΗ       Νο 10/2017,,,,no sponsor block
6ΥΡ74690ΒΤ-ΑΨΦ,2022-04-06,ΤΑΚΤΙΚΗ  ΜΙΣΘΟΔΟΣΙΑ  ΜΑΡΤΙΟΥ /2022      12 ΜΗΝΑ ΟΑΕΔ  ΔΗΜ.ΠΡΟΣΚΛΗΣΗ       Νο 13/2016,,,,no sponsor block
ΨΤΟΑ4690ΒΤ-Φ3Φ,2022-04-06,ΣΥΜΠΗΡΩΜΑΤΙΚΗ ΜΙΣΘΟΔΟΣΙΑ  ΦΕΒΡΟΥΑΡΙΟΥ/2022      12 ΜΗΝΑ ΟΑΕΔ  ΔΗΜ.ΠΡΟΣΚΛΗΣΗ       Νο 13/2016,,,,no sponsor block
ΨΣΒΔ4690ΒΤ-57Ρ,2022-04-06,ΠΡΟΣΘΕΤΕΣ ΑΜΟΙΒΕΣ ΦΕΒΡΟΥΑΡΙΟΥ /2022  ΔΗΜ.ΠΡΟΣΚΛΗΣΗ   Νο 13/2016    12 ΜΗΝΑ ΟΑΕΔ,,,,no sponsor block
ΨΞΞ04690ΒΤ-ΤΚ4,2022-04-06,ΤΑΚΤΙΚΗ ΜΙΣΘΟΔΟΣΙΑ ΜΑΡΤΙΟΥ /2022 12 ΜΗΝΑ Ο.Α.Ε.Δ,,,,no sponsor block
ΨΝΥΞ4690ΒΤ-4ΦΜ,2022-04-04,ΗΜΕΡΗΣΙΑ ΑΠΟΖΗΜΙΩΣΗ ΙΑΤΡΩΝ ΚΑΙ ΠΡΟΣΩΠΙΚΟΥ/2022,,,,no sponsor block
9ΛΧΛ4690ΒΤ-Φ5Γ,2022-04-01,ΤΑΚΤΙΚΗ ΜΙΣΘΟΔΟΣΙΑ  ΜΑΡΤΙΟΥ /2022  ΠΡΟΣΩΠΙΚΟ ΕΠΙ ΣΧΕΣΕΙ ΕΡΓΑΣΙΑΣ Ι.Δ ΤΟΥ Ψ/Τ,,,,no sponsor block
6ΔΙ04690ΒΤ-ΛΟΘ,2022-04-01,ΤΑΚΤΙΚΗ ΜΙΣΘΟΔΟΣΙΑ ΜΑΡΤΙΟΥ /2022  ΕΠΙΚΟΥΡΙΚΟ ΠΡΟΣΩΠΙΚΟ,,,,no sponsor block
9ΠΖΒ4690ΒΤ-84Τ,2022-04-01,ΤΑΚΤΙΚΗ ΜΙΣΘΟΔΟΣΙΑ  ΜΑΡΤΙΟΥ /2022  ΑΜΙΣΘΟΙ ΤΕΕ ( ΔΙΕΚ ),,,,no sponsor block
630Α4690ΒΤ-Μ50,2022-04-01,ΤΑΚΤΙΚΗ ΜΙΣΘΟΔΟΣΙΑ ΜΑΡΤΙΟΥ /2022  ΕΠΙΚΟΥΡΙΚΟΙ Ε.Σ.Υ,,,,no sponsor block
Ψ9044690ΒΤ-ΝΘ7,2022-04-01,ΤΑΚΤΙΚΗ ΜΙΣΘΟΔΟΣΙΑ ΜΑΡΤΙΟΥ /2022  ΕΠΙΚΟΥΡΙΚΟΙ Ε.Σ.Υ,,,,no sponsor block
ΨΜΧ94690ΒΤ-ΦΓΦ,2022-04-01,ΤΑΚΤΙΚΗ ΜΙΣΘΟΔΟΣΙΑ ΜΑΡΤΙΟΥ /2022  ΕΠΙΚΟΥΡΙΚΟ ΠΡΟΣΩΠΙΚΟ,,,,no sponsor block
ΨΛΣΠ4690ΒΤ-4Ω2,2022-04-01,ΤΑΚΤΙΚΗ ΜΙΣΘΟΔΟΣΙΑ ΜΑΡΤΙΟΥ /2022  ΣΠΟΥΔΑΣΤΕΣ ΠΟΥ ΑΣΚΟΥΝΤΑΙ,,,,no sponsor block
6ΧΣ64690ΒΤ-ΛΙΡ,2022-03-31,ΤΑΚΤΙΚΕΣ ΕΦΗΜΕΡΙΕΣ ΦΕΒΡΟΥΑΡΙΟΥ/2022 ΓΙΑΤΡΟΙ ΕΙΔΙΚ/ΝΟΙ  ΤΟΥ Ψ/Τ,,,,no sponsor block
Ω2ΤΖ4690ΒΤ-ΑΙΣ,2022-03-31,ΤΑΚΤΙΚΕΣ ΕΦΗΜΕΡΙΕΣ ΦΕΒΡΟΥΑΡΙΟΥ/2022 ΓΙΑΤΡΟΙ Ε.Σ.Υ ΤΟΥ Ψ/Τ,,,,no sponsor block
6Γ2Τ4690ΒΤ-ΘΙ4,2022-03-31,ΤΑΚΤΙΚΕΣ ΕΦΗΜΕΡΙΕΣ ΦΕΒΡΟΥΑΡΙΟΥ/2022 ΓΙΑΤΡΟΙ Ε.Σ.Υ ΤΟΥ Κ.Ψ.Υ,,,,no sponsor block
ΩΝΗ14690ΒΤ-3Υ8,2022-03-31,ΠΡΟΣΘΕΤΕΣ ΑΜΟΙΒΕΣ ΦΕΦΡΟΥΑΡΙΟΥ/2022   ΠΡΟΣΩΠΙΚΟ ΕΠΙ ΣΧΕΣΕΙ ΕΡΓΑΣΙΑΣ Ι.Δ  ΤΟΥ Ψ/Τ,,,,no sponsor block
9ΞΗΞ4690ΒΤ-Ψ7Μ,2022-03-30,ΠΡΟΣΘΕΤΕΣ ΑΜΟΙΒΕΣ ΦΕΦΡΟΥΑΡΙΟΥ/2022  ΕΠΙΚΟΥΡΙΚΟ  ΠΡΟΣΩΠΙΚΟ ΤΟΥ Ψ/Τ,,,,no sponsor block
ΨΓ6Ψ4690ΒΤ-ΘΨΣ,2022-03-30,ΠΡΟΣΘΕΤΕΣ ΑΜΟΙΒΕΣ ΦΕΦΡΟΥΑΡΙΟΥ/2022  ΕΠΙΚΟΥΡΙΚΟ  ΠΡΟΣΩΠΙΚΟ ΤΟΥ Ψ/Τ,,,,no sponsor block
ΨΛΛΜ4690ΒΤ-6ΓΦ,2022-03-30,ΠΡΟΣΘΕΤΕΣ ΑΜΟΙΒΕΣ ΦΕΦΡΟΥΑΡΙΟΥ/2022  ΕΠΙΚΟΥΡΙΚΟ  ΠΡΟΣΩΠΙΚΟ ΤΟΥ Ψ/Τ,,,,no sponsor block
6ΔΓ94690ΒΤ-ΞΧ6,2022-03-30,ΠΡΟΣΘΕΤΕΣ ΑΜΟΙΒΕΣ ΦΕΦΡΟΥΑΡΙΟΥ/2022   ΠΡΟΣΩΠΙΚΟ ΕΠΙ ΣΧΕΣΕΙ ΕΡΓΑΣΙΑΣ Ι.Δ.Α.Χ  ΤΟΥ Ψ/Τ,,,,no sponsor block
93ΣΓ4690ΒΤ-ΕΡΖ,2022-03-30,ΤΑΚΤΙΚΗ ΜΙΣΘΟΔΟΣΙΑ ΜΑΡΤΙΟΥ /2022 ΠΔΕ-ΕΣΠΑ ΕΠΙΚΟΥΡΙΚΟ ΠΡΟΣΩΠΙΚΟ ΤΟΥ Γ.Ν.Κ,,,,no sponsor block
65ΒΥ4690ΒΤ-ΒΙ1,2022-03-30,ΠΡΟΣΘΕΤΕΣ ΑΜΟΙΒΕΣ ΦΕΦΡΟΥΑΡΙΟΥ/2022  ΔΙΟΙΚΗΤΙΚΟ  ΠΡΟΣΩΠΙΚΟ ΤΟΥ Ψ/Τ,,,,no sponsor block
Ψ9Α24690ΒΤ-ΞΦ0,2022-03-30,ΠΡΟΣΘΕΤΕΣ ΑΜΟΙΒΕΣ ΦΕΦΡΟΥΑΡΙΟΥ/2022  ΤΕΧΝΙΚΟ  ΠΡΟΣΩΠΙΚΟ ΤΟΥ Ψ/Τ,,,,no sponsor block
97Κ84690ΒΤ-ΣΘΞ,2022-03-30,ΠΡΟΣΘΕΤΕΣ ΑΜΟΙΒΕΣ ΦΕΦΡΟΥΑΡΙΟΥ/2022  ΜΟΝΙΜΟ-ΔΟΚΙΜΟ ΒΟΗΘ.  ΠΡΟΣΩΠΙΚΟ ΤΟΥ Ψ/Τ,,,,no sponsor block
65ΤΣ4690ΒΤ-4Φ7,2022-03-30,ΠΡΟΣΘΕΤΕΣ ΑΜΟΙΒΕΣ ΦΕΦΡΟΥΑΡΙΟΥ/2022  ΝΟΣΗΛΕΥΤΙΚΟ ΠΡΟΣΩΠΙΚΟ ΤΟΥ Ψ/Τ,,,,no sponsor block
ΩΖΖ84690ΒΤ-3ΗΩ,2022-03-30,ΑΠΟΖΗΜΙΩΣΗ ΕΦΗΜΕΡΙΩΝ ΕΠΙΣΤΗΜΟΝΙΚΟΥ ΠΡΟΣΩΠΙΚΟΥ  Ι.Δ  Ν.Δ 1057/80   ΦΕΦΡΟΥΑΡΙΟΣ/2022 ΤΟΥ Ψ/Τ,,,,no sponsor block
Ψ6Ο04690ΒΤ-ΨΣ6,2022-03-30,ΑΠΟΖΗΜΙΩΣΗ ΕΦΗΜΕΡΙΩΝ ΕΠΙΣΤΗΜΟΝΙΚΟΥ ΠΡΟΣΩΠΙΚΟΥ ΦΕΦΡΟΥΑΡΙΟΣ/2022 ΤΟΥ Ψ/Τ,,,,no sponsor block
Ω5Ν54690ΒΤ-ΛΥ5,2022-03-30,ΑΠΟΖΗΜΙΩΣΗ ΕΦΗΜΕΡΙΩΝ ΕΠΙΣΤΗΜΟΝΙΚΟΥ ΠΡΟΣΩΠΙΚΟΥ ΦΕΦΡΟΥΑΡΙΟΣ/2022 ΤΟΥ Κ.Ψ.Υ,,,,no sponsor block
ΨΖΤΕ4690ΒΤ-6ΦΩ,2022-03-30,ΤΑΚΤΙΚΕΣ ΕΦΗΜΕΡΙΕΣ ΦΕΒΡΟΥΑΡΙΟΥ/2022 ΓΙΑΤΡΟΙ Ε.Σ.Υ  ΕΠΙΚΟΥΡΙΚΟΙ,,,,no sponsor block
6ΩΨΞ4690ΒΤ-ΥΗΟ,2022-03-30,ΤΑΚΤΙΚΕΣ ΕΦΗΜΕΡΙΕΣ ΦΕΒΡΟΥΑΡΙΟΥ/2022 ΓΙΑΤΡΟΙ Ε.Σ.Υ ΕΠΙΚΟΥΡΙΚΟΙ,,,,no sponsor block
65ΒΕ4690ΒΤ-2ΨΗ,2022-03-30,ΤΑΚΤΙΚΕΣ ΕΦΗΜΕΡΙΕΣ ΦΕΒΡΟΥΑΡΙΟΥ/2022 ΓΙΑΤΡΟΙ Ε.Σ.Υ   ΕΙΔΙΚ/ΝΟΙ,,,,no sponsor block
Ψ3ΑΑ4690ΒΤ-Ι6Γ,2022-03-30,ΤΑΚΤΙΚΕΣ ΕΦΗΜΕΡΙΕΣ ΦΕΒΡΟΥΑΡΙΟΥ/2022 ΓΙΑΤΡΟΙ Ε.Σ.Υ,,,,no sponsor block
Ψ98Τ4690ΒΤ-Ν72,2022-03-30,ΤΑΚΤΙΚΕΣ ΕΦΗΜΕΡΙΕΣ ΦΕΒΡΟΥΑΡΙΟΥ/2022 ΓΙΑΤΡΟΙ Ε.Σ.Υ,,,,no sponsor block
ΨΔΠΒ4690ΒΤ-2Η8,2022-03-30,ΑΠΟΖΗΜΙΩΣΗ ΕΦΗΜΕΡΙΩΝ ΕΠΙΣΤΗΜΟΝΙΚΟΥ ΠΡΟΣΩΠΙΚΟΥ ΜΗΝΟΣ ΦΕΒΡΟΥΑΡΙΟΥ/2022,,,,no sponsor block
ΩΤΙΩ4690ΒΤ-ΟΣΕ,2022-03-30,ΠΡΟΣΘΕΤΕΣ ΑΜΟΙΒΕΣ ΦΕΒΡΟΥΑΡΙΟΥ/2022  ΑΠΟΣΠΑΣΜΕΝΟ    ΠΡΟΣΩΠΙΚΟ,,,,no sponsor block
ΩΣΙΤ4690ΒΤ-ΨΜ2,2022-03-30,ΠΡΟΣΘΕΤΕΣ ΑΜΟΙΒΕΣ ΦΕΒΡΟΥΑΡΙΟΥ/2022     ΠΡΟΣΩΠΙΚΟ ΕΠΙ ΣΧΕΣΕΙ ΕΡΓΑΣΙΑΣ Ι.Δ.Α.Χ,,,,no sponsor block
6ΟΦ14690ΒΤ-Φ7Υ,2022-03-30,ΠΡΟΣΘΕΤΕΣ ΑΜΟΙΒΕΣ ΦΕΒΡΟΥΑΡΙΟΥ/2022  ΝΟΣΗΛΕΥΤΙΚΟ   ΠΡΟΣΩΠΙΚΟ  Ν.Δ 1057/80,,,,no sponsor block
6ΟΕ34690ΒΤ-Γ14,2022-03-30,ΠΡΟΣΘΕΤΕΣ ΑΜΟΙΒΕΣ ΦΕΒΡΟΥΑΡΙΟΥ/2022  ΜΟΝΙΜΟ-ΔΟΚΙΜΟ   ΠΡΟΣΩΠΙΚΟ ΕΙΔ. ΘΕΣΕΩΝ,,,,no sponsor block
ΨΤ954690ΒΤ-ΨΗ5,2022-03-30,ΠΡΟΣΘΕΤΕΣ ΑΜΟΙΒΕΣ ΦΕΒΡΟΥΑΡΙΟΥ/2022  ΜΟΝΙΜΟ -ΔΟΚΙΜΟ ΒΟΗΘ.  ΠΡΟΣΩΠΙΚΟ,,,,no sponsor block
ΨΩ4Π4690ΒΤ-ΩΞΡ,2022-03-30,ΠΡΟΣΘΕΤΕΣ ΑΜΟΙΒΕΣ ΦΕΒΡΟΥΑΡΙΟΥ/2022  ΔΙΟΙΚΗΤΙΚΟ   ΠΡΟΣΩΠΙΚΟ,,,,no sponsor block
ΨΨΚΑ4690ΒΤ-8Τ7,2022-03-30,ΠΡΟΣΘΕΤΕΣ ΑΜΟΙΒΕΣ ΦΕΒΡΟΥΑΡΙΟΥ/2022    ΠΡΟΣΩΠΙΚΟ Ι.Δ  Ν.2470/96,,,,no sponsor block
ΨΤ2Ο4690ΒΤ-6Δ2,2022-03-30,ΠΡΟΣΘΕΤΕΣ ΑΜΟΙΒΕΣ ΦΕΒΡΟΥΑΡΙΟΥ/2022  ΕΠΙΚΟΥΡΙΚΟ  ΠΡΟΣΩΠΙΚΟ,,,,no sponsor block
ΩΣΘΙ4690ΒΤ-2ΘΖ,2022-03-30,ΠΡΟΣΘΕΤΕΣ ΑΜΟΙΒΕΣ ΦΕΒΡΟΥΑΡΙΟΥ/2022  ΕΠΙΚΟΥΡΙΚΟ  ΠΡΟΣΩΠΙΚΟ,,,,no sponsor block
ΨΤΞ54690ΒΤ-ΥΡ2,2022-03-30,ΠΡΟΣΘΕΤΕΣ ΑΜΟΙΒΕΣ ΦΕΒΡΟΥΑΡΙΟΥ/2022 ΝΟΣΗΛΕΥΤΙΚΟ ΠΡΟΣΩΠΙΚΟ,,,,no sponsor block
66ΠΛ4690ΒΤ-Ω19,2022-03-30,ΠΡΟΣΘΕΤΕΣ ΑΜΟΙΒΕΣ ΦΕΒΡΟΥΑΡΙΟΥ /2022  ΕΠΙΚΟΥΡΙΚΟ ΠΡΟΣΩΠΙΚΟ ΠΔΕ-ΕΣΠΑ  Γ.Ν.Κ,,,,no sponsor block
ΨΠΥ84690ΒΤ-ΚΜ8,2022-03-22,ΠΛΗΡΩΜΗ ΙΑΤΡΩΝ ΑΠΟ ΤΗΝ ΟΛΟΗΜΕΡΗ ΛΕΙΤΟΥΡΓΙΑ ΤΟΥ ΝΟΣΟΚΟΜΕΙΟΥ  ΜΗΝΟΣ  ΦΕΒΡΟΥΑΡΙΟΥ /2022,,,,no sponsor block
6ΧΓ34690ΒΤ-ΥΗΔ,2022-03-17,ΑΠΟΖΗΜΙΩΣΗ ΕΦΗΜΕΡΙΩΝ ΕΠΙΣΤΗΜΟΝΙΚΟΥ ΠΡΟΣΩΠΙΚΟΥ ΜΗΝΟΣ ΙΑΝΟΥΑΡΙΟΥ/2022 ΤΟΥ Κ.Ψ.Υ,,,,no sponsor block
6ΩΝ74690ΒΤ-ΙΟΟ,2022-03-17,ΑΠΟΖΗΜΙΩΣΗ ΕΦΗΜΕΡΙΩΝ ΕΠΙΣΤΗΜΟΝΙΚΟΥ ΠΡΟΣΩΠΙΚΟΥ  Ι.Δ   Ν.Δ 1057/80    ΜΗΝΟΣ ΙΑΝΟΥΑΡΙΟΥ/2022 ΤΟΥ Ψ/Τ,,,,no sponsor block
6Α0Α4690ΒΤ-8ΞΔ,2022-03-17,ΑΠΟΖΗΜΙΩΣΗ ΕΦΗΜΕΡΙΩΝ ΕΠΙΣΤΗΜΟΝΙΚΟΥ ΠΡΟΣΩΠΙΚΟΥ ΜΗΝΟΣ ΙΑΝΟΥΑΡΙΟΥ/2022 ΤΟΥ Ψ/Τ,,,,no sponsor block
ΩΔΥΙ4690ΒΤ-4ΨΦ,2022-03-17,ΤΑΚΤΙΚΕΣ ΕΦΗΜΕΡΙΕΣ ΙΑΝΟΥΑΡΙΟΥ/2022 ΓΙΑΤΡΟΙ Ε.Σ.Υ  ΕΙΔ/ΝΟΙ ΤΟΥ Ψ/Τ,,,,no sponsor block
Ω3ΠΘ4690ΒΤ-Ρ0Γ,2022-03-17,ΤΑΚΤΙΚΕΣ ΕΦΗΜΕΡΙΕΣ ΙΑΝΟΥΑΡΙΟΥ/2022 ΓΙΑΤΡΟΙ Ε.Σ.Υ ΤΟΥ Ψ/Τ,,,,no sponsor block
ΩΤΨΓ4690ΒΤ-ΞΓ9,2022-03-17,ΤΑΚΤΙΚΕΣ ΕΦΗΜΕΡΙΕΣ ΙΑΝΟΥΑΡΙΟΥ/2022 ΓΙΑΤΡΟΙ Ε.Σ.Υ ΤΟΥ Κ.Ψ.Υ,,,,no sponsor block
6ΘΗ24690ΒΤ-6Ω5,2022-03-16,ΠΡΟΣΘΕΤΕΣ ΑΜΟΙΒΕΣ ΙΑΝΟΥΑΡΙΟΥ/2022  ΤΕΧΝΙΚΟ  ΠΡΟΣΩΠΙΚΟ ΤΟΥ Ψ/Τ,,,,no sponsor block
ΨΔΙΧ4690ΒΤ-ΝΘ5,2022-03-16,ΠΡΟΣΘΕΤΕΣ ΑΜΟΙΒΕΣ ΙΑΝΟΥΑΡΙΟΥ/2022  ΜΟΝΙΜΟ ΔΟΚΙΜΟ ΒΟΗΘ.  ΠΡΟΣΩΠΙΚΟ ΤΟΥ Ψ/Τ,,,,no sponsor block
6Ψ9Π4690ΒΤ-ΧΧΒ,2022-03-16,ΠΡΟΣΘΕΤΕΣ ΑΜΟΙΒΕΣ ΙΑΝΟΥΑΡΙΟΥ/2022   ΠΡΟΣΩΠΙΚΟ  ΕΠΙ ΣΧΕΣΕΙ ΕΡΓΑΣΙΑΣ Ι.Δ.Α.Χ   ΤΟΥ Ψ/Τ,,,,no sponsor block
Ω8ΜΟ4690ΒΤ-6ΧΘ,2022-03-16,ΠΡΟΣΘΕΤΕΣ ΑΜΟΙΒΕΣ ΙΑΝΟΥΑΡΙΟΥ/2022  ΕΠΙΚΟΥΡΙΚΟ  ΠΡΟΣΩΠΙΚΟ ΤΟΥ Ψ/Τ,,,,no sponsor block
Ψ8Ξ04690ΒΤ-865,2022-03-16,ΠΡΟΣΘΕΤΕΣ ΑΜΟΙΒΕΣ ΙΑΝΟΥΑΡΙΟΥ/2022  ΕΠΙΚΟΥΡΙΚΟ  ΠΡΟΣΩΠΙΚΟ ΤΟΥ Ψ/Τ,,,,no sponsor block
9Η504690ΒΤ-ΜΚΤ,2022-03-16,ΠΡΟΣΘΕΤΕΣ ΑΜΟΙΒΕΣ ΙΑΝΟΥΑΡΙΟΥ/2022  ΝΟΣΗΛΕΥΤΙΚΟ ΠΡΟΣΩΠΙΚΟ ΤΟΥ Ψ/Τ,,,,no sponsor block
ΨΧΜ74690ΒΤ-Τ0Ψ,2022-03-16,ΑΠΟΖΗΜΙΩΣΗ ΕΦΗΜΕΡΙΩΝ ΕΠΙΣΤΗΜΟΝΙΚΟΥ ΠΡΟΣΩΠΙΚΟΥ ΜΗΝΟΣ ΙΑΝΟΥΑΡΙΟΥ/2022,,,,no sponsor block
6Ψ7Α4690ΒΤ-ΥΕΥ,2022-03-16,ΑΠΟΖΗΜΙΩΣΗ ΕΦΗΜΕΡΙΩΝ ΕΠΙΣΤΗΜΟΝΙΚΟΥ ΠΡΟΣΩΠΙΚΟΥ ΜΗΝΟΣ ΙΑΝΟΥΑΡΙΟΥ/2022,,,,no sponsor block
Ω8ΜΧ4690ΒΤ-ΧΟΙ,2022-03-16,ΤΑΚΤΙΚΕΣ ΕΦΗΜΕΡΙΕΣ ΙΑΝΟΥΑΡΙΟΥ/2022  ΓΙΑΤΡΟΙ  Ε.Σ.Υ ΕΠΙΚΟΥΡΙΚΟΙ,,,,no sponsor block
9Κ7Χ4690ΒΤ-82Κ,2022-03-16,ΤΑΚΤΙΚΕΣ ΕΦΗΜΕΡΙΕΣ ΙΑΝΟΥΑΡΙΟΥ/2022  ΓΙΑΤΡΟΙ  Ε.Σ.Υ ΕΠΙΚΟΥΡΙΚΟΙ,,,,no sponsor block
67Χ94690ΒΤ-4ΝΒ,2022-03-16,ΤΑΚΤΙΚΕΣ ΕΦΗΜΕΡΙΕΣ ΙΑΝΟΥΑΡΙΟΥ/2022  ΓΙΑΤΡΟΙ  Ε.Σ.Υ    ΕΙΔΙΚ/ΝΟΙ,,,,no sponsor block
6ΙΟ04690ΒΤ-Ζ29,2022-03-16,ΤΑΚΤΙΚΕΣ ΕΦΗΜΕΡΙΕΣ ΙΑΝΟΥΑΡΙΟΥ/2022  ΓΙΑΤΡΟΙ  ΑΓΡΟΤΙΚΟΙ,,,,no sponsor block
ΨΦΧΚ4690ΒΤ-Μ2Τ,2022-03-16,ΤΑΚΤΙΚΕΣ ΕΦΗΜΕΡΙΕΣ ΙΑΝΟΥΑΡΙΟΥ/2022  ΓΙΑΤΡΟΙ    Ε.Σ.Υ ΜΕΤΑΚΙΝΗΜΕΝΟΙ,,,,no sponsor block
6Ι1Ο4690ΒΤ-Μ2Ν,2022-03-16,ΤΑΚΤΙΚΕΣ ΕΦΗΜΕΡΙΕΣ ΙΑΝΟΥΑΡΙΟΥ/2022  ΓΙΑΤΡΟΙ  Ε.Σ.Υ,,,,no sponsor block
ΩΧ034690ΒΤ-Ο1Φ,2022-03-16,ΠΡΟΣΘΕΤΕΣ ΑΜΟΙΒΕΣ ΙΑΝΟΥΑΡΙΟΥ/2022    ΑΠΟΣΠΑΣΜΕΝΟΙ,,,,no sponsor block
ΨΥΔΣ4690ΒΤ-ΙΙ3,2022-03-16,ΠΡΟΣΘΕΤΕΣ ΑΜΟΙΒΕΣ ΙΑΝΟΥΑΡΙΟΥ/2022    ΠΡΟΣΩΠΙΚΟ  ΕΠΙ ΣΧΕΣΕΙ ΕΡΓΑΣΙΑΣ Ι.Δ.Α.Χ,,,,no sponsor block
Ω54Υ4690ΒΤ-9ΑΚ,2022-03-16,ΠΡΟΣΘΕΤΕΣ ΑΜΟΙΒΕΣ ΙΑΝΟΥΑΡΙΟΥ/2022  ΝΟΣΗΛΕΥΤΙΚΟ   ΠΡΟΣΩΠΙΚΟ  Ν.Δ 1057/80,,,,no sponsor block
ΨΘΛΣ4690ΒΤ-ΗΝ3,2022-03-16,ΠΡΟΣΘΕΤΕΣ ΑΜΟΙΒΕΣ ΙΑΝΟΥΑΡΙΟΥ/2022  ΜΟΝΙΜΟ-ΔΟΚΙΜΟ    ΠΡΟΣΩΠΙΚΟ  ΕΙΔ.ΘΕΣΕΩΝ,,,,no sponsor block
ΨΤ024690ΒΤ-17Ξ,2022-03-16,ΠΡΟΣΘΕΤΕΣ ΑΜΟΙΒΕΣ ΙΑΝΟΥΑΡΙΟΥ/2022  ΜΟΝΙΜΟ-ΔΟΚΙΜΟ ΒΟΗΘ.   ΠΡΟΣΩΠΙΚΟ,,,,no sponsor block
Ψ2ΨΛ4690ΒΤ-3Η7,2022-03-16,ΠΡΟΣΘΕΤΕΣ ΑΜΟΙΒΕΣ ΙΑΝΟΥΑΡΙΟΥ/2022  ΔΙΟΙΚΗΤΙΚΟ   ΠΡΟΣΩΠΙΚΟ,,,,no sponsor block
Ψ6584690ΒΤ-ΛΩ5,2022-03-16,ΠΡΟΣΘΕΤΕΣ ΑΜΟΙΒΕΣ ΙΑΝΟΥΑΡΙΟΥ/2022    ΠΡΟΣΩΠΙΚΟ Ι.Δ  Ν.2470/96,,,,no sponsor block
ΨΥΛΖ4690ΒΤ-36Ν,2022-03-16,ΠΡΟΣΘΕΤΕΣ ΑΜΟΙΒΕΣ ΙΑΝΟΥΑΡΙΟΥ/2022  ΕΠΙΚΟΥΡΙΚΟ   ΠΡΟΣΩΠΙΚΟ,,,,no sponsor block
69ΨΜ4690ΒΤ-5Φ4,2022-03-16,ΠΡΟΣΘΕΤΕΣ ΑΜΟΙΒΕΣ ΙΑΝΟΥΑΡΙΟΥ/2022  ΝΟΣΗΛΕΥΤΙΚΟ  ΠΡΟΣΩΠΙΚΟ,,,,no sponsor block
ΨΛΑΤ4690ΒΤ-Γ76,2022-03-16,ΠΡΟΣΘΕΤΕΣ ΑΜΟΙΒΕΣ ΙΑΝΟΥΑΡΙΟΥ/2022  ΕΠΙΚΟΥΡΙΚΟ ΠΡΟΣΩΠΙΚΟ,,,,no sponsor block
9ΨΧΡ4690ΒΤ-ΧΔΦ,2022-03-08,ΠΡΟΣΘΕΤΕΣ ΑΜΟΙΒΕΣ ΙΑΝΟΥΑΡΙΟΥ /2021  ΔΗΜ.ΠΡΟΣΚΛΗΣΗ   Νο 10/2017    12 ΜΗΝΑ ΟΑΕΔ,,,,no sponsor block
Ψ3Θ94690ΒΤ-047,2022-03-08,ΠΡΟΣΘΕΤΕΣ ΑΜΟΙΒΕΣ ΙΑΝΟΥΑΡΙΟΥ  /2021  ΔΗΜ.ΠΡΟΣΚΛΗΣΗ   Νο 13/2016    12 ΜΗΝΑ ΟΑΕΔ,,,,no sponsor block
63ΞΔ4690ΒΤ-Ξ28,2022-03-08,ΤΑΚΤΙΚΗ ΜΙΣΘΟΔΟΣΙΑ ΦΕΒΡΟΥΑΡΙΟΥ /2022 12 ΜΗΝΑ Ο.Α.Ε.Δ   ΔΗΜ.ΠΡΟΣΚΛΗΣΗ  13/2016,,,,no sponsor block
ΨΠΛΨ4690ΒΤ-Ζ5Ω,2022-03-08,ΤΑΚΤΙΚΗ ΜΙΣΘΟΔΟΣΙΑ ΦΕΒΡΟΥΑΡΙΟΥ/2022 12 ΜΗΝΑ Ο.Α.Ε.Δ   ΔΗΜ.ΠΡΟΣΚΛΗΣΗ    Νο 10/2017,,,,no sponsor block
6ΝΔΗ4690ΒΤ-ΗΥ1,2022-03-04,ΤΑΚΤΙΚΗ ΜΙΣΘΟΔΟΣΙΑ  ΦΕΒΡΟΥΑΡΙΟΥ /2022  ΑΜΙΣΘΟΙ ΤΕΕ ( ΔΙΕΚ ),,,,no sponsor block
6Η7Ε4690ΒΤ-ΥΤΚ,2022-03-04,ΤΑΚΤΙΚΗ ΜΙΣΘΟΔΟΣΙΑ  ΙΑΝΟΥΑΡΙΟΥ/2022  ΑΜΙΣΘΟΙ ΤΕΕ ( ΕΠΑΛ ),,,,no sponsor block
68Ι94690ΒΤ-ΛΕΛ,2022-03-04,ΤΑΚΤΙΚΗ ΜΙΣΘΟΔΟΣΙΑ ΦΕΒΡΟΥΑΡΙΟΥ /2022  ΣΠΟΥΔΑΣΤΕΣ ΠΟΥ ΑΣΚΟΥΝΤΑΙ,,,,no sponsor block
ΨΓΘΙ4690ΒΤ-ΔΨ5,2022-03-04,ΤΑΚΤΙΚΗ ΜΙΣΘΟΔΟΣΙΑ ΦΕΒΡΟΥΑΡΙΟΥ /2022 ΕΠΙΣΤΗΜΟΝΙΚΟ  ΠΡΟΣΩΠΙΚΟ,,,,no sponsor block
Ψ1274690ΒΤ-ΑΘΝ,2022-03-04,ΤΑΚΤΙΚΗ ΜΙΣΘΟΔΟΣΙΑ ΦΕΒΡΟΥΑΡΙΟΥ /2022 ΕΠΙΚΟΥΡΙΚΟΙ Ε.Σ.Υ,,,,no sponsor block
9ΒΛΖ4690ΒΤ-ΓΜΣ,2022-03-03,ΑΝΑΔΡΟΜΙΚΑ ΦΕΒΡΟΥΑΡΙΟΥ /2022 ΕΠΙΚΟΥΡΙΚΟ ΠΡΟΣΩΠΙΚΟ COVID ( Τρίμηνα ),,,,no sponsor block
ΩΜ894690ΒΤ-0ΝΥ,2022-03-03,ΤΑΚΤΙΚΗ ΜΙΣΘΟΔΟΣΙΑ ΦΕΒΡΟΥΑΡΙΟΥ /2022 ΕΠΙΚΟΥΡΙΚΟ ΠΡΟΣΩΠΙΚΟ,,,,no sponsor block
ΨΣΠΡ4690ΒΤ-ΛΕΑ,2022-03-03,ΑΝΑΔΡΟΜΙΚΑ ΦΕΒΡΟΥΑΡΙΟΥ /2022 ΕΠΙΚΟΥΡΙΚΟ ΠΡΟΣΩΠΙΚΟ  COVID,,,,no sponsor block
ΩΔΡΛ4690ΒΤ-Σ78,2022-03-03,ΤΑΚΤΙΚΗ ΜΙΣΘΟΔΟΣΙΑ ΦΕΒΡΟΥΑΡΙΟΥ /2022 ΕΠΙΚΟΥΡΙΚΟΙ Ε.Σ.Υ,,,,no sponsor block
9Υ834690ΒΤ-ΤΜΜ,2022-03-03,ΤΑΚΤΙΚΗ ΜΙΣΘΟΔΟΣΙΑ ΦΕΒΡΟΥΑΡΙΟΥ /2022 ΕΠΙΚΟΥΡΙΚΟ ΠΡΟΣΩΠΙΚΟ,,,,no sponsor block
6ΘΙΡ4690ΒΤ-ΠΣΙ,2022-03-03,ΑΝΑΔΡΟΜΙΚΑ ΦΕΒΡΟΥΑΡΙΟΥ /2022 ΠΔΕ-ΕΣΠΑ ΕΠΙΚΟΥΡΙΚΟ ΠΡΟΣΩΠΙΚΟ ΤΟΥ Γ.Ν.Κ ΥΠ.11/Ο Π Σ 5070506,,,,no sponsor block
ΨΩΚ14690ΒΤ-Α08,2022-03-03,ΤΑΚΤΙΚΗ ΜΙΣΘΟΔΟΣΙΑ ΦΕΒΡΟΥΑΡΙΟΥ /2022 ΠΔΕ-ΕΣΠΑ ΕΠΙΚΟΥΡΙΚΟ ΠΡΟΣΩΠΙΚΟ ΤΟΥ Γ.Ν.Κ     ΥΠ.11/Ο Π Σ 5070506,,,,no sponsor block
6Β1Ι4690ΒΤ-Σ2Φ,2022-03-03,ΠΡΟΣΘΕΤΕΣ ΑΜΟΙΒΕΣ ΙΑΝΟΥΑΡΙΟΥ /2022  ΕΠΙΚΟΥΡΙΚΟ ΠΡΟΣΩΠΙΚΟ ΠΔΕ-ΕΣΠΑ  Γ.Ν.Κ ΥΠ.11/Ο Π Σ 5070506,,,,no sponsor block
Ω5Ι84690ΒΤ-513,2022-03-03,ΠΡΟΣΘΕΤΕΣ ΑΜΟΙΒΕΣ ΙΑΝΟΥΑΡΙΟΥ/2022 ΠΡΟΣΩΠΙΚΟ ΕΠΙ ΣΧΕΣΕΙ ΕΡΓΑΣΙΑΣ Ι.Δ ΤΟΥ Ψ/Τ,,,,no sponsor block
Ω8ΡΝ4690ΒΤ-35Δ,2022-03-01,ΠΡΟΣΘΕΤΕΣ ΕΦΗΜΕΡΙΕΣ  ΣΕΠΤΕΜΒΡΙΟΥ/2021 ΓΙΑΤΡΟΙ ΕΣΥ ΕΙΔΙΚ/ΝΟΙ     ΤΟΥ Γ.Ν Κατερ.,,,,no sponsor block
6ΛΜΜ4690ΒΤ-55Γ,2022-03-01,ΠΡΟΣΘΕΤΕΣ ΕΦΗΜΕΡΙΕΣ  ΣΕΠΤΕΜΒΡΙΟΥ/2021 ΑΓΡΟΤΙΚΟΙ  ΓΙΑΤΡΟΙ,,,,no sponsor block
Ψ1ΓΑ4690ΒΤ-Ξ5Σ,2022-03-01,ΠΡΟΣΘΕΤΕΣ ΕΦΗΜΕΡΙΕΣ  ΣΕΠΤΕΜΒΡΙΟΥ/2021 ΓΙΑΤΡΟΙ ΕΣΥ    ΤΟΥ Γ.Ν Κατερ.,,,,no sponsor block
6ΓΩ94690ΒΤ-ΘΗ3,2022-03-01,ΠΡΟΣΘΕΤΕΣ ΕΦΗΜΕΡΙΕΣ  ΣΕΠΤΕΜΒΡΙΟΥ/2021 ΓΙΑΤΡΟΙ ΕΣΥ  ΕΠΙΚΟΥΡΙΚΟΙ  ΤΟΥ Γ.Ν Κατερ.,,,,no sponsor block
60Ο14690ΒΤ-ΜΑ1,2022-03-01,ΠΡΟΣΘΕΤΕΣ ΕΦΗΜΕΡΙΕΣ  ΣΕΠΤΕΜΒΡΙΟΥ/2021 ΓΙΑΤΡΟΙ ΕΣΥ  ΕΠΙΚΟΥΡΙΚΟΙ  ΤΟΥ Γ.Ν Κατερ.,,,,no sponsor block
ΨΚΟΔ4690ΒΤ-Β4Ζ,2022-03-01,ΓΙΑ ΤΗΝ ΑΞΙΑ ΠΛΗΡΩΜΗΣ ΟΔΟΙΠΟΡΙΚΩΝ ΕΞΟΔΩΝ & ΗΜΕΡΗΣΙΑΣ ΑΠΟΖΗΜΙΩΣΗΣ ΥΠΑΛΛΗΛΩΝ ΤΟΥ Γ.Ν .ΚΑΤΕΡΙΝΗΣ,,,,no sponsor block
6Υ8Σ4690ΒΤ-ΡΛ2,2022-03-01,ΠΡΟΣΘΕΤΕΣ ΕΦΗΜΕΡΙΕΣ  ΣΕΠΤΕΜΒΡΙΟΥ/2021 ΓΙΑΤΡΟΙ ΕΣΥ  ΕΙΔΙΚ/ΝΟΙ  ΤΟΥ Ψ/ΤΟΜ.,,,,no sponsor block
ΩΔ7Ω4690ΒΤ-50Δ,2022-03-01,ΠΡΟΣΘΕΤΕΣ ΕΦΗΜΕΡΙΕΣ ΣΕΠΤΕΜΒΡΙΟΥ /2021 ΓΙΑΤΡΟΙ ΕΣΥ ΤΟΥ Ψ/ΤΟΜ.,,,,no sponsor block
ΩΔΝ64690ΒΤ-60Ε,2022-03-01,ΤΑΚΤΙΚΗ ΜΙΣΘΟΔΟΣΙΑ  ΦΕΒΡΟΥΑΡΙΟΥ /2022  ΠΡΟΣΩΠΙΚΟ ΕΠΙ ΣΧΕΣΕΙ ΕΡΓΑΣΙΑΣ Ι.Δ   ΤΟΥ Ψ/ΤΟΜΕΑ,,,,no sponsor block
ΨΥ484690ΒΤ-98Ε,2022-02-28,ΠΛΗΡΩΜΗ ΠΡΟΣΩΠΙΚΟΥ ΑΠΟ ΤΗΝ ΟΛΟΗΜΕΡΗ ΛΕΙΤΟΥΡΓΙΑ ΤΟΥ ΝΟΣΟΚΟΜΕΙΟΥ  ΜΗΝΟΣ  ΙΑΝΟΥΑΡΙΟΥ  /2022,,,,no sponsor block
684Σ4690ΒΤ-8Γ1,2022-02-28,ΠΛΗΡΩΜΗ ΠΡΟΣΩΠΙΚΟΥ ΑΠΟ ΤΗΝ ΟΛΟΗΜΕΡΗ ΛΕΙΤΟΥΡΓΙΑ ΤΟΥ ΝΟΣΟΚΟΜΕΙΟΥ  ΜΗΝΟΣ  ΔΕΚΕΜΒΡΙΟΥ  /2021,,,,no sponsor block
6ΙΣ74690ΒΤ-ΨΚΦ,2022-02-28,ΠΛΗΡΩΜΗ ΙΑΤΡΩΝ ΑΠΟ ΤΗΝ ΟΛΟΗΜΕΡΗ ΛΕΙΤΟΥΡΓΙΑ ΤΟΥ ΝΟΣΟΚΟΜΕΙΟΥ  ΜΗΝΟΣ  ΙΑΝΟΥΑΡΙΟΥ  /2022,,,,no sponsor block
9ΟΩΙ4690ΒΤ-81Κ,2022-02-28,ΠΛΗΡΩΜΗ ΙΑΤΡΩΝ ΑΠΟ ΤΗΝ ΟΛΟΗΜΕΡΗ ΛΕΙΤΟΥΡΓΙΑ ΤΟΥ ΝΟΣΟΚΟΜΕΙΟΥ  ΜΗΝΟΣ  ΔΕΚΕΜΒΡΙΟΥ  /2021,,,,no sponsor block
6ΧΧΨ4690ΒΤ-Ψ9Ω,2022-02-25,ΓΙΑ ΤΗΝ ΑΞΙΑ ΠΛΗΡΩΜΗΣ ΟΔΟΙΠΟΡΙΚΩΝ ΕΞΟΔΩΝ & ΗΜΕΡΗΣΙΑΣ ΑΠΟΖΗΜΙΩΣΗΣ ΥΠΑΛΛΗΛΩΝ ΤΟΥ Γ.Ν .ΚΑΤΕΡΙΝΗΣ,,,,no sponsor block
Ψ7ΑΛ4690ΒΤ-ΒΧΔ,2022-02-21,ΠΡΟΜΗΘΕΙΑ ΥΓΕΙΟΝΟΜΙΚΟΥ ΥΛΙΚΟΥ/2021,998632706,ΑΘΑΝΑΣΙΟΣ ΚΑΖΑΝΑΣ ΜΟΝΟΠΡΟΣΩΠΗ ΕΠΕ ΑΝΤΙΠΡΟΣΩΠΕΙΑ ΙΑΤΡΙΚΟΥ ΥΛΙΚΟΥ,-162.72,negative amount
ΨΟΛ14690ΒΤ-ΙΕΖ,2022-02-04,ΤΑΚΤΙΚΗ ΜΙΣΘΟΔΟΣΙΑ ΙΑΝΟΥΑΡΙΟΥ/2022 12 ΜΗΝΑ Ο.Α.Ε.Δ   ΔΗΜ.ΠΡΟΣΚΛΗΣΗ    Νο 10/2017,,,,no sponsor block
6Θ804690ΒΤ-4ΥΔ,2022-02-04,ΤΑΚΤΙΚΗ ΜΙΣΘΟΔΟΣΙΑ ΙΑΝΟΥΑΡΙΟΥ/2022 12 ΜΗΝΑ Ο.Α.Ε.Δ   ΔΗΜ.ΠΡΟΣΚΛΗΣΗ  13/2016,,,,no sponsor block
6Φ7Θ4690ΒΤ-ΨΚΛ,2022-02-04,ΠΡΟΣΘΕΤΕΣ ΑΜΟΙΒΕΣ ΔΕΚΕΜΒΡΙΟΥ  /2021  ΔΗΜ.ΠΡΟΣΚΛΗΣΗ   Νο 13/2016    12 ΜΗΝΑ ΟΑΕΔ,,,,no sponsor block
6ΜΧΝ4690ΒΤ-09Ρ,2022-02-04,ΠΡΟΣΘΕΤΕΣ ΑΜΟΙΒΕΣ ΔΕΚΕΜΒΡΙΟΥ /2021  ΔΗΜ.ΠΡΟΣΚΛΗΣΗ   Νο 10/2017    12 ΜΗΝΑ ΟΑΕΔ,,,,no sponsor block
61ΧΠ4690ΒΤ-ΤΨΤ,2022-02-04,ΤΑΚΤΙΚΗ ΜΙΣΘΟΔΟΣΙΑ ΙΑΝΟΥΑΡΙΟΥ/2022  ΕΠΙΣΤΗΜΟΝΙΚΟ ΠΡΟΣΩΠΙΚΟ,,,,no sponsor block
Ψ6Ο64690ΒΤ-ΞΧ4,2022-02-04,ΤΑΚΤΙΚΗ ΜΙΣΘΟΔΟΣΙΑ  ΔΕΚΕΜΒΡΙΟΥ/2021  ΑΜΙΣΘΟΙ ΤΕΕ ( ΕΠΑΛ ),,,,no sponsor block
ΨΗ1Ν4690ΒΤ-ΔΩΟ,2022-02-04,ΤΑΚΤΙΚΗ ΜΙΣΘΟΔΟΣΙΑ ΙΑΝΟΥΑΡΙΟΥ/2022  ΑΜΙΣΘΟΙ ΤΕΕ ( ΔΙΕΚ),,,,no sponsor block
ΨΒΑΟ4690ΒΤ-ΨΞΑ,2022-02-04,ΤΑΚΤΙΚΗ ΜΙΣΘΟΔΟΣΙΑ ΙΑΝΟΥΑΡΙΟΥ/2022  ΣΠΟΥΔΑΣΤΕΣ ΠΟΥ ΑΣΚΟΥΝΤΑΙ,,,,no sponsor block
ΩΣ0Κ4690ΒΤ-Γ9Θ,2022-02-04,ΤΑΚΤΙΚΗ ΜΙΣΘΟΔΟΣΙΑ ΙΑΝΟΥΑΡΙΟΥ/2022 ΕΠΙΚΟΥΡΙΚΟ ΠΡΟΣΩΠΙΚΟ,,,,no sponsor block
ΨΗΔΘ4690ΒΤ-Φ1Η,2022-02-04,ΤΑΚΤΙΚΗ ΜΙΣΘΟΔΟΣΙΑ ΙΑΝΟΥΑΡΙΟΥ/2022 ΕΠΙΚΟΥΡΙΚΟ ΠΡΟΣΩΠΙΚΟ ΤΡΙΜΗΝΑ,,,,no sponsor block
ΩΖ9Ψ4690ΒΤ-Α1Λ,2022-02-04,ΑΝΑΔΡΟΜΙΚΑ ΙΑΝΟΥΑΡΙΟΥ/2022 ΕΠΙΚΟΥΡΙΚΟΙ ΕΣΥ,,,,no sponsor block
Ω8ΛΘ4690ΒΤ-Κ9Γ,2022-02-04,ΤΑΚΤΙΚΗ ΜΙΣΘΟΔΟΣΙΑ ΙΑΝΟΥΑΡΙΟΥ/2022 ΕΠΙΚΟΥΡΙΚΟΙ Ε.Σ.Υ,,,,no sponsor block
64ΣΓ4690ΒΤ-Ψ06,2022-02-04,ΑΝΑΔΡΟΜΙΚΑ ΙΑΝΟΥΑΡΙΟΥ 2022 ΕΠΙΚΟΥΡΙΚΟΙ  ΕΣΥ,,,,no sponsor block
6ΖΕΗ4690ΒΤ-34Ω,2022-02-04,ΤΑΚΤΙΚΗ ΜΙΣΘΟΔΟΣΙΑ ΙΑΝΟΥΑΡΙΟΥ/2022 ΕΠΙΚΟΥΡΙΚΟΙ Ε.Σ.Υ,,,,no sponsor block
Ρ7Σ04690ΒΤ-Λ24,2022-02-02,ΤΑΚΤΙΚΗ ΜΙΣΘΟΔΟΣΙΑ ΙΑΝΟΥΑΡΙΟΣ /2022 ΠΔΕ-ΕΣΠΑ ΕΠΙΚΟΥΡΙΚΟ ΠΡΟΣΩΠΙΚΟ ΤΟΥ Γ.Ν.Κ  ΥΠ.11/Ο Π Σ 5070506,,,,no sponsor block
Ψ45Θ4690ΒΤ-8ΔΕ,2022-02-02,Εξτρα Εκκαθάριση Πρόσθετων Αμοιβών  Δεκεμβρίου  /2021  Επικουρικού  Προσωπικού    για τα εμβολιαστικά κέντρα,,,,no sponsor block
ΨΘ534690ΒΤ-Λ42,2022-02-02,Εξτρα Εκκαθάριση Πρόσθετων Αμοιβών  Δεκεμβρίου  /2021  Νοσηλευτικού  Προσωπικού    για τα εμβολιαστικά κέντρα,,,,no sponsor block
6ΣΒΤ4690ΒΤ-Τ9Θ,2022-02-02,Εξτρα Εκκαθάριση Πρόσθετων Αμοιβών  Δεκεμβρίου  /2021    Προσωπικού  προγράμματος Ο.Α.Ε.Δ  για τα εμβολιαστικά κέντρα,,,,no sponsor block
Ω2ΜΝ4690ΒΤ-6ΘΖ,2022-02-02,Εξτρα Εκκαθάριση Πρόσθετων Αμοιβών  Νοεμβρίου  /2021    Προσωπικού  προγράμματος Ο.Α.Ε.Δ  για τα εμβολιαστικά κέντρα,,,,no sponsor block
68ΜΒ4690ΒΤ-ΦΚΔ,2022-02-02,Εξτρα Εκκαθάριση Πρόσθετων Αμοιβών  Νοεμβρίου  /2021  Νοσηλευτικού   Προσωπικού    για τα εμβολιαστικά κέντρα,,,,no sponsor block
64ΙΕ4690ΒΤ-Α2Φ,2022-02-02,Εξτρα Εκκαθάριση Πρόσθετων Αμοιβών  Νοεμβρίου  /2021  Νοσηλευτικού   Προσωπικού    για τα εμβολιαστικά κέντρα,,,,no sponsor block
6Ρ754690ΒΤ-26Μ,2022-02-02,ΤΑΚΤΙΚΗ ΜΙΣΘΟΔΟΣΙΑ  ΙΑΝΟΥΑΡΙΟΥ/2022  ΠΡΟΣΩΠΙΚΟ ΕΠΙ ΣΧΕΣΕΙ ΕΡΓΑΣΙΑΣ Ι.Δ   ΤΟΥ Ψ/ΤΟΜΕΑ,,,,no sponsor block
Ω3ΛΓ4690ΒΤ-ΠΟ3,2022-02-02,Εξτρα Εκκαθάριση Πρόσθετων Αμοιβών  Νοεμβρίου  /2021  Επικουρικού   Προσωπικού    για τα εμβολιαστικά κέντρα,,,,no sponsor block
ΩΥΛΔ4690ΒΤ-97Ο,2022-02-02,Εξτρα Εκκαθάριση Πρόσθετων Αμοιβών  Οκτωβρίου  /2021  Επικουρικού   Προσωπικού    για τα εμβολιαστικά κέντρα,,,,no sponsor block
6ΦΗΟ4690ΒΤ-2Ο7,2022-02-02,Εξτρα Εκκαθάριση Πρόσθετων Αμοιβών  Οκτωβρίου  /2021  Νοσηλευτικού   Προσωπικού    για τα εμβολιαστικά κέντρα,,,,no sponsor block
Ψ6964690ΒΤ-ΒΥΟ,2022-02-02,Εξτρα Εκκαθάριση Πρόσθετων Αμοιβών  Οκτωβρίου  /2021    Προσωπικού   Προγράμματος Ο.Α.Ε.Δ  για τα εμβολιαστικά κέντρα,,,,no sponsor block
6ΡΧ64690ΒΤ-ΕΛΗ,2022-02-02,Εξτρα Εκκαθάριση Πρόσθετων Αμοιβών  Σεπτεμβρίου  /2021    Προσωπικού   Προγράμματος Ο.Α.Ε.Δ  για τα εμβολιαστικά κέντρα,,,,no sponsor block
6ΘΣΨ4690ΒΤ-0ΑΒ,2022-02-02,Εξτρα Εκκαθάριση Πρόσθετων Αμοιβών  Σεπτεμβρίου  /2021  Επικουρικού   Προσωπικού    για τα εμβολιαστικά κέντρα,,,,no sponsor block
664Δ4690ΒΤ-Η7Ν,2022-02-02,Εξτρα Εκκαθάριση Πρόσθετων Αμοιβών  Σεπτεμβρίου  /2021  Νοσηλευτικού   Προσωπικού    για τα εμβολιαστικά κέντρα,,,,no sponsor block
6Ο9Γ4690ΒΤ-5ΟΒ,2022-02-02,Εξτρα Εκκαθάριση Πρόσθετων Αμοιβών  Αυγούστου /2021  Αποσπασμένο   Προσωπικό    για τα εμβολιαστικά κέντρα,,,,no sponsor block
648Υ4690ΒΤ-Τ35,2022-02-02,Εξτρα Εκκαθάριση Πρόσθετων Αμοιβών  Αυγούστου /2021  Επικουρικού  Προσωπικού    για τα εμβολιαστικά κέντρα,,,,no sponsor block
640Α4690ΒΤ-Ω3Α,2022-02-02,Εξτρα Εκκαθάριση Πρόσθετων Αμοιβών  Αυγούστου /2021  Νοσηλευτικού  Προσωπικού    για τα εμβολιαστικά κέντρα,,,,no sponsor block
644Ε4690ΒΤ-Κ06,2022-02-02,Εξτρα Εκκαθάριση Πρόσθετων Αμοιβών  Αυγούστου /2021  Νοσηλευτικού  Προσωπικού    για τα εμβολιαστικά κέντρα,,,,no sponsor block
6Ο484690ΒΤ-Π3Τ,2022-02-02,Εξτρα Εκκαθάριση Πρόσθετων Αμοιβών  Ιουλίου /2021  Επικουρικού  Προσωπικού    για τα εμβολιαστικά κέντρα,,,,no sponsor block
6ΞΙΙ4690ΒΤ-ΧΤΨ,2022-02-02,Εξτρα Εκκαθάριση Πρόσθετων Αμοιβών  Ιουλίου /2021  Αποσπασμένο   Προσωπικό    για τα εμβολιαστικά κέντρα,,,,no sponsor block
63164690ΒΤ-Δ2Ρ,2022-02-02,Εξτρα Εκκαθάριση Πρόσθετων Αμοιβών  Ιουλίου /2021 Νοσηλευτικού  Προσωπικού    για τα εμβολιαστικά κέντρα,,,,no sponsor block
ΨΦΜΞ4690ΒΤ-Ι6Ω,2022-02-02,Εξτρα Εκκαθάριση Πρόσθετων Αμοιβών  Ιουλίου /2021 Νοσηλευτικού  Προσωπικού    για τα εμβολιαστικά κέντρα,,,,no sponsor block
ΨΘΝΣ4690ΒΤ-ΔΥΑ,2022-02-01,Εξτρα Εκκαθάριση Πρόσθετων Αμοιβών  Ιουνίου /2021   Προσωπικού  Προγράμματος Ο.Α.Ε.Δ   για τα εμβολιαστικά κέντρα,,,,no sponsor block
6ΒΜΘ4690ΒΤ-5ΛΤ,2022-02-01,Εξτρα Εκκαθάριση Πρόσθετων Αμοιβών  Ιουνίου /2021  Επικουρικού  Προσωπικού    για τα εμβολιαστικά κέντρα,,,,no sponsor block
Ψ6374690ΒΤ-ΖΘΩ,2022-02-01,Εξτρα Εκκαθάριση Πρόσθετων Αμοιβών  Ιουνίου /2021  Διοικητικού  Προσωπικού    για τα εμβολιαστικά κέντρα,,,,no sponsor block
ΨΚΚΒ4690ΒΤ-94Ψ,2022-02-01,Εξτρα Εκκαθάριση Πρόσθετων Αμοιβών  Ιουνίου /2021  Νοσηλευτικού  Προσωπικού    για τα εμβολιαστικά κέντρα,,,,no sponsor block
ΨΓ754690ΒΤ-ΣΞΒ,2022-02-01,Εξτρα Εκκαθάριση Πρόσθετων Αμοιβών  Ιουνίου /2021  Νοσηλευτικού  Προσωπικού    για τα εμβολιαστικά κέντρα,,,,no sponsor block
97ΘΓ4690ΒΤ-ΦΙ9,2022-02-01,Εξτρα Εκκαθάριση Πρόσθετων Αμοιβών  Μαΐου /2021  Διοικητικού  Προσωπικού    για τα εμβολιαστικά κέντρα,,,,no sponsor block
Ψ8Β94690ΒΤ-ΤΟΓ,2022-02-01,Εξτρα Εκκαθάριση Πρόσθετων Αμοιβών  Μαΐου /2021  Νοσηλευτικού  Προσωπικού    για τα εμβολιαστικά κέντρα,,,,no sponsor block
9ΟΘΟ4690ΒΤ-8ΧΘ,2022-02-01,Εξτρα Εκκαθάριση Πρόσθετων Αμοιβών  Μαΐου /2021  Νοσηλευτικού  Προσωπικού    για τα εμβολιαστικά κέντρα,,,,no sponsor block
6Τ524690ΒΤ-8ΥΣ,2022-02-01,Εξτρα Εκκαθάριση Πρόσθετων Αμοιβών Απριλίου/2021  Διοικητικού  Προσωπικού    για τα εμβολιαστικά κέντρα,,,,no sponsor block
ΩΧ6Δ4690ΒΤ-ΛΘΘ,2022-02-01,Εξτρα Εκκαθάριση Πρόσθετων Αμοιβών Απριλίου/2021  Νοσηλευτικού   Προσωπικού    για τα εμβολιαστικά κέντρα,,,,no sponsor block
9Β5Φ4690ΒΤ-ΦΣΖ,2022-02-01,Εξτρα Εκκαθάριση Πρόσθετων Αμοιβών Απριλίου/2021  Νοσηλευτικού   Προσωπικού    για τα εμβολιαστικά κέντρα,,,,no sponsor block
6ΘΟ84690ΒΤ-92Ω,2022-02-01,Εξτρα Εκκαθάριση Πρόσθετων Αμοιβών Μαρτίου/2021   Προσωπικού  προγράμματος Ο.Α.Ε.Δ  για τα εμβολιαστικά κέντρα,,,,no sponsor block
ΨΖΨΔ4690ΒΤ-ΗΤΜ,2022-02-01,Εξτρα Εκκαθάριση Πρόσθετων Αμοιβών Μαρτίου/2021 Διοικητικού  Προσωπικού   για τα εμβολιαστικά κέντρα,,,,no sponsor block
ΨΛΝΣ4690ΒΤ-8Ω7,2022-02-01,Εξτρα Εκκαθάριση Πρόσθετων Αμοιβών Μαρτίου/2021 Νοσηλευτικού  Προσωπικού   για τα εμβολιαστικά κέντρα,,,,no sponsor block
ΨΩΓΟ4690ΒΤ-ΓΡΤ,2022-02-01,Εξτρα Εκκαθάριση Πρόσθετων Αμοιβών Μαρτίου/2021 Νοσηλευτικού  Προσωπικού   για τα εμβολιαστικά κέντρα,,,,no sponsor block
9ΩΕ64690ΒΤ-ΒΙΗ,2022-02-01,Εξτρα Εκκαθάριση Πρόσθετων Αμοιβών Φεβρουαρίου/2021   Προσωπικού προγράμματος Ο.Α.Ε.Δ  για τα εμβολιαστικά κέντρα,,,,no sponsor block
6ΔΑΣ4690ΒΤ-ΨΓΗ,2022-02-01,Εξτρα Εκκαθάριση Πρόσθετων Αμοιβών Φεβρουαρίου/2021 Διοικητικού  Προσωπικού για τα εμβολιαστικά κέντρα,,,,no sponsor block
ΨΜ384690ΒΤ-ΧΚΗ,2022-02-01,Εξτρα Εκκαθάριση Πρόσθετων Αμοιβών Φεβρουαρίου/2021 Νοσηλευτικού  Προσωπικού για τα εμβολιαστικά κέντρα,,,,no sponsor block
9ΟΖ34690ΒΤ-ΓΚ7,2022-02-01,Εξτρα Εκκαθάριση Πρόσθετων Αμοιβών Φεβρουαρίου/2021 Νοσηλευτικού  Προσωπικού για τα εμβολιαστικά κέντρα,,,,no sponsor block
9ΒΘΒ4690ΒΤ-ΩΑ6,2022-02-01,Εξτρα Εκκαθάριση Πρόσθετων Αμοιβών Φεβρουαρίου/2021 Διοικητικού  Προσωπικού για τα εμβολιαστικά κέντρα,,,,no sponsor block
ΨΓΤΚ4690ΒΤ-ΙΓΨ,2022-02-01,ΠΛΗΡΩΜΗ ΙΑΤΡΩΝ ΑΠΟ ΤΗΝ ΟΛΟΗΜΕΡΗ ΛΕΙΤΟΥΡΓΙΑ ΤΟΥ ΝΟΣΟΚΟΜΕΙΟΥ  ΜΗΝΟΣ  ΝΟΕΜΒΡΙΟΥ  /2021,,,,no sponsor block
6ΤΛ54690ΒΤ-ΙΙ9,2022-02-01,Εξτρα Εκκαθάριση Πρόσθετων Αμοιβών Ιανουαρίου/2021 Νοσηλευτικού Προσωπικού για τα εμβολιαστικά κέντρα,,,,no sponsor block
6ΡΘΨ4690ΒΤ-79Θ,2022-02-01,ΠΛΗΡΩΜΗ ΠΡΟΣΩΠΙΚΟΥ ΑΠΟ ΤΗΝ ΟΛΟΗΜΕΡΗ ΛΕΙΤΟΥΡΓΙΑ ΤΟΥ ΝΟΣΟΚΟΜΕΙΟΥ  ΜΗΝΟΣ  ΝΟΕΜΒΡΙΟΥ  /2021,,,,no sponsor block
ΩΥΥΟ4690ΒΤ-ΟΙΝ,2022-02-01,Εξτρα Εκκαθάριση Πρόσθετων Αμοιβών Ιανουαρίου/2021 Διοικητικού Προσωπικού για τα εμβολιαστικά κέντρα,,,,no sponsor block
6ΝΣΘ4690ΒΤ-ΙΩΞ,2022-02-01,Εξτρα Εκκαθάριση Πρόσθετων Αμοιβών Ιανουαρίου/2021   Προσωπικού προγράμματος Ο.Α.Ε.Δ  για τα εμβολιαστικά κέντρα,,,,no sponsor block
Ψ1ΑΟ4690ΒΤ-ΕΚΡ,2022-02-01,Εξτρα Εκκαθάριση Πρόσθετων Αμοιβών Ιανουαρίου/2021 Νοσηλευτικού  Προσωπικού για τα εμβολιαστικά κέντρα,,,,no sponsor block
97ΑΕ4690ΒΤ-6Ξ0,2022-02-01,Εξτρα Εκκαθάριση Πρόσθετων Αμοιβών Ιανουαρίου/2021 Διοικητικού Προσωπικού για τα εμβολιαστικά κέντρα,,,,no sponsor block
6ΥΨΧ4690ΒΤ-5ΤΞ,2022-01-31,ΑΠΟΖΗΜΙΩΣΗ ΕΦΗΜΕΡΙΩΝ ΕΠΙΣΤΗΜΟΝΙΚΟΥ ΠΡΟΣΩΠΙΚΟΥ ΔΕΚΕΜΒΡΙΟΣ/2021,,,,no sponsor block
95784690ΒΤ-ΕΧΟ,2022-01-31,ΑΠΟΖΗΜΙΩΣΗ ΕΦΗΜΕΡΙΩΝ ΕΠΙΣΤΗΜΟΝΙΚΟΥ ΠΡΟΣΩΠΙΚΟΥ ΔΕΚΕΜΒΡΙΟΣ/2021,,,,no sponsor block
61ΜΟ4690ΒΤ-Γ94,2022-01-31,ΠΡΟΣΘΕΤΕΣ ΑΜΟΙΒΕΣ ΔΕΚΕΜΒΡΙΟΥ/2021  ΠΡΟΣ.ΕΠΙ ΣΧΕΣΕΙ ΕΡΓΑΣΙΑΣ Ι.Δ.Α.Χ,,,,no sponsor block
6ΣΣ84690ΒΤ-ΕΣΒ,2022-01-31,ΠΡΟΣΘΕΤΕΣ ΑΜΟΙΒΕΣ ΔΕΚΕΜΒΡΙΟΥ/2021  ΝΟΣΗΛΕΥΤΙΚΟ ΠΡΟΣ/ΚΟ  Ν.Δ  1057/80,,,,no sponsor block
68ΙΩ4690ΒΤ-ΤΑΒ,2022-01-31,ΠΡΟΣΘΕΤΕΣ ΑΜΟΙΒΕΣ ΔΕΚΕΜΒΡΙΟΥ/2021  ΑΠΟΣΠΑΣΜΕΝΟΙ,,,,no sponsor block
ΨΥΤ04690ΒΤ-ΚΓΒ,2022-01-31,ΠΡΟΣΘΕΤΕΣ ΑΜΟΙΒΕΣ ΔΕΚΕΜΒΡΙΟΥ/2021  ΜΟΝΙΜΟ-ΔΟΚΙΜΟ  ΠΡ.ΕΙΔ.ΘΕΣΕΩΝ,,,,no sponsor block
ΨΝ7Ι4690ΒΤ-ΦΧ1,2022-01-31,ΠΡΟΣΘΕΤΕΣ ΑΜΟΙΒΕΣ ΔΕΚΕΜΒΡΙΟΥ/2021  ΜΟΝΙΜΟ-ΔΟΚΙΜΟ ΒΟΗΘ.  ΠΡΟΣΩΠΙΚΟ,,,,no sponsor block
ΨΠ3Φ4690ΒΤ-82Τ,2022-01-31,ΠΡΟΣΘΕΤΕΣ ΑΜΟΙΒΕΣ ΔΕΚΕΜΒΡΙΟΥ/2021  ΔΙΟΙΚΗΤΙΚΟ  ΠΡΟΣΩΠΙΚΟ,,,,no sponsor block
915Τ4690ΒΤ-ΠΦΧ,2022-01-31,ΠΡΟΣΘΕΤΕΣ ΑΜΟΙΒΕΣ ΔΕΚΕΜΒΡΙΟΥ/2021  ΕΠΙΚΟΥΡΙΚΟ  ΠΡΟΣΩΠΙΚΟ,,,,no sponsor block
65724690ΒΤ-ΑΤΛ,2022-01-31,ΠΡΟΣΘΕΤΕΣ ΑΜΟΙΒΕΣ ΔΕΚΕΜΒΡΙΟΥ/2021 ΕΠΙΚΟΥΡΙΚΟ ΠΡΟΣΩΠΙΚΟ,,,,no sponsor block
611Γ4690ΒΤ-Σ6Ξ,2022-01-31,ΠΡΟΣΘΕΤΕΣ ΑΜΟΙΒΕΣ ΔΕΚΕΜΒΡΙΟΥ/2021 ΝΟΣΗΛΕΥΤΙΚΟ ΠΡΟΣΩΠΙΚΟ,,,,no sponsor block
ΨΓΟΛ4690ΒΤ-1ΔΚ,2022-01-31,ΤΑΚΤΙΚΕΣ ΕΦΗΜΕΡΙΕΣ ΔΕΚΕΜΒΡΙΟΥ/2021 ΓΙΑΤΡΟΙ ΕΣΥ ΕΠΙΚΟΥΡΙΚΟΙ,,,,no sponsor block
ΨΖΠΨ4690ΒΤ-6ΑΨ,2022-01-31,ΤΑΚΤΙΚΕΣ ΕΦΗΜΕΡΙΕΣ ΔΕΚΕΜΒΡΙΟΥ/2021 ΓΙΑΤΡΟΙ ΕΣΥ ΕΠΙΚΟΥΡΙΚΟΙ,,,,no sponsor block
ΩΥΘΚ4690ΒΤ-ΠΩΑ,2022-01-31,ΤΑΚΤΙΚΕΣ ΕΦΗΜΕΡΙΕΣ ΔΕΚΕΜΒΡΙΟΥ/2021 ΓΙΑΤΡΟΙ ΕΣΥ EIΔΙΚ/ΝΟΙ,,,,no sponsor block
68ΜΞ4690ΒΤ-ΖΓ1,2022-01-31,ΤΑΚΤΙΚΕΣ ΕΦΗΜΕΡΙΕΣ ΔΕΚΕΜΒΡΙΟΥ/2021 ΑΓΡΟΤΙΚΟΙ ΙΑΤΡΟΙ,,,,no sponsor block
9Ξ434690ΒΤ-ΑΜΝ,2022-01-31,ΤΑΚΤΙΚΕΣ ΕΦΗΜΕΡΙΕΣ ΔΕΚΕΜΒΡΙΟΥ/2021 ΓΙΑΤΡΟΙ ΕΣΥ,,,,no sponsor block
ΨΜΟ44690ΒΤ-3ΔΘ,2022-01-31,ΠΡΟΣΘΕΤΕΣ ΕΦΗΜΕΡΙΕΣ ΑΥΓΟΥΣΤΟΥ/2021 ΓΙΑΤΡΟΙ  ΕΣΥ ΕΠΙΚΟΥΡΙΚΟΙ,,,,no sponsor block
ΨΕ934690ΒΤ-962,2022-01-31,ΠΡΟΣΘΕΤΕΣ ΕΦΗΜΕΡΙΕΣ ΑΥΓΟΥΣΤΟΥ/2021 ΑΓΡΟΤΙΚΟΙ ΙΑΤΡΟΙ,,,,no sponsor block
ΨΖΔΚ4690ΒΤ-ΠΗΒ,2022-01-31,ΠΡΟΣΘΕΤΕΣ ΕΦΗΜΕΡΙΕΣ ΑΥΓΟΥΣΤΟΥ/2021 ΓΙΑΤΡΟΙ  ΕΣΥ ΕΠΙΚΟΥΡΙΚΟΙ,,,,no sponsor block
Ψ8Ψ64690ΒΤ-Ο21,2022-01-31,ΠΡΟΣΘΕΤΕΣ ΕΦΗΜΕΡΙΕΣ ΑΥΓΟΥΣΤΟΥ/2021 ΓΙΑΤΡΟΙ  ΕΣΥ ΕΙΔΙΚ/ΝΟΙ,,,,no sponsor block
ΨΥΠΞ4690ΒΤ-ΘΨΚ,2022-01-31,ΠΡΟΣΘΕΤΕΣ ΕΦΗΜΕΡΙΕΣ ΑΥΓΟΥΣΤΟΥ/2021 ΓΙΑΤΡΟΙ  ΕΣΥ,,,,no sponsor block
Ψ7ΥΥ4690ΒΤ-ΝΧΗ,2022-01-31,ΠΡΟΣΘΕΤΕΣ ΑΜΟΙΒΕΣ ΔΕΚΕΜΒΙΟΥ /2021 ΕΠΙΚΟΥΡΙΚΟ ΠΡΟΣΩΠΙΚΟ ΠΔΕ-ΕΣΠΑ  Γ.Ν.Κ ΥΠ.11/Ο Π Σ 5070506,,,,no sponsor block
ΨΒΟΗ4690ΒΤ-ΗΔΤ,2022-01-31,ΠΡΟΣΘΕΤΕΣ ΕΦΗΜΕΡΙΕΣ ΙΟΥΛΙΟΥ/2021 ΓΙΑΤΡΟΙ  ΕΣΥ ΕΠΙΚΟΥΡΙΚΟΙ,,,,no sponsor block
Ψ9ΗΝ4690ΒΤ-Ι6Ψ,2022-01-31,ΠΡΟΣΘΕΤΕΣ ΕΦΗΜΕΡΙΕΣ ΙΟΥΛΙΟΥ/2021 ΓΙΑΤΡΟΙ  ΕΣΥ ΕΙΔΙΚ/ΝΟΙ,,,,no sponsor block
6ΣΔ64690ΒΤ-ΒΦΣ,2022-01-31,ΠΡΟΣΘΕΤΕΣ ΕΦΗΜΕΡΙΕΣ ΙΟΥΛΙΟΥ/2021 ΓΙΑΤΡΟΙ  ΕΣΥ ΕΠΙΚΟΥΡΙΚΟΙ,,,,no sponsor block
695Ψ4690ΒΤ-ΠΣΣ,2022-01-31,ΠΡΟΣΘΕΤΕΣ ΕΦΗΜΕΡΙΕΣ ΙΟΥΛΙΟΥ/2021 ΑΓΡΟΤΙΚΟΙ ΙΑΤΡΟΙ,,,,no sponsor block
62ΓΠ4690ΒΤ-1ΣΒ,2022-01-31,ΠΡΟΣΘΕΤΕΣ ΕΦΗΜΕΡΙΕΣ ΙΟΥΛΙΟΥ/2021 ΓΙΑΤΡΟΙ  ΕΣΥ,,,,no sponsor block
6ΒΩΠ4690ΒΤ-5Χ8,2022-01-28,ΠΡΟΣΘΕΤΕΣ ΕΦΗΜΕΡΙΕΣ ΙΟΥΝΙΟΥ/2021  ΓΙΑΤΡΟΙ  ΕΣΥ,,,,no sponsor block
ΩΣ8Β4690ΒΤ-ΧΤ6,2022-01-28,ΠΡΟΣΘΕΤΕΣ ΕΦΗΜΕΡΙΕΣ ΙΟΥΝΙΟΥ/2021 ΑΓΡΟΤΙΚΟΙ ΙΑΤΡΟΙ,,,,no sponsor block
6Δ3Υ4690ΒΤ-ΛΝ0,2022-01-28,ΠΡΟΣΘΕΤΕΣ ΕΦΗΜΕΡΙΕΣ ΙΟΥΝΙΟΥ/2021  ΓΙΑΤΡΟΙ  ΕΣΥ ΕΙΔΙΚ/ΝΟΙ,,,,no sponsor block
6Δ2Η4690ΒΤ-Ο26,2022-01-28,ΠΡΟΣΘΕΤΕΣ ΕΦΗΜΕΡΙΕΣ ΙΟΥΝΙΟΥ/2021 ΕΠΙΚΟΥΡΙΚΟΙ ΕΣΥ,,,,no sponsor block
ΨΣΘ34690ΒΤ-ΟΧΖ,2022-01-28,ΠΡΟΣΘΕΤΕΣ ΕΦΗΜΕΡΙΕΣ ΙΟΥΝΙΟΥ/2021 ΕΠΙΚΟΥΡΙΚΟΙ ΕΣΥ,,,,no sponsor block
ΨΞΜ84690ΒΤ-ΦΓΜ,2022-01-28,ΠΡΟΣΘΕΤΕΣ ΑΜΟΙΒΕΣ ΔΕΚΕΜΒΡΙΟΥ/2021 ΠΡΟΣΩΠΙΚΟ  ΕΠΙ ΣΧΕΣΕΙ ΕΡΓΑΣΙΑΣ Ι.Δ ΤΟΥ Ψ/ΤΟΜΕΑ,,,,no sponsor block
ΨΕ3Β4690ΒΤ-ΘΕΤ,2022-01-28,ΠΡΟΣΘΕΤΕΣ ΑΜΟΙΒΕΣ ΔΕΚΕΜΒΡΙΟΥ/2021 ΕΠΙΚΟΥΡΙΚΟ  ΠΡΟΣΩΠΙΚΟ ΤΟΥ Ψ/ΤΟΜΕΑ,,,,no sponsor block
6ΔΙΤ4690ΒΤ-ΓΩ6,2022-01-28,ΠΡΟΣΘΕΤΕΣ ΑΜΟΙΒΕΣ ΔΕΚΕΜΒΡΙΟΥ/2021 ΕΠΙΚΟΥΡΙΚΟ  ΠΡΟΣΩΠΙΚΟ ΤΟΥ Ψ/ΤΟΜΕΑ,,,,no sponsor block
ΩΔ4Ε4690ΒΤ-622,2022-01-28,ΠΡΟΣΘΕΤΕΣ ΑΜΟΙΒΕΣ ΔΕΚΕΜΒΡΙΟΥ/2021  ΠΡΟΣΩΠΙΚΟ ΕΠΙ ΣΧΕΣΕΙ ΕΡΓΑΣΙΑΣ Ι.Δ.Α.Χ ΤΟΥ Ψ/ΤΟΜΕΑ,,,,no sponsor block
6ΗΤΓ4690ΒΤ-ΕΡΨ,2022-01-28,ΠΡΟΣΘΕΤΕΣ ΑΜΟΙΒΕΣ ΔΕΚΕΜΒΡΙΟΥ/2021  ΔΙΟΙΚΗΤΙΚΟ ΠΡΟΣΩΠΙΚΟ ΤΟΥ Ψ/ΤΟΜΕΑ,,,,no sponsor block
ΨΞΡΙ4690ΒΤ-ΥΓΔ,2022-01-28,ΠΡΟΣΘΕΤΕΣ ΑΜΟΙΒΕΣ ΔΕΚΕΜΒΡΙΟΥ/2021 ΤΕΧΝΙΚΟ ΠΡΟΣΩΠΙΚΟ ΤΟΥ Ψ/ΤΟΜΕΑ,,,,no sponsor block
Ω3ΣΒ4690ΒΤ-37Ε,2022-01-28,ΠΡΟΣΘΕΤΕΣ ΑΜΟΙΒΕΣ ΔΕΚΕΜΒΡΙΟΥ/2021 ΝΟΣΗΛΕΥΤΙΚΟ ΠΡΟΣΩΠΙΚΟ ΤΟΥ Ψ/ΤΟΜΕΑ,,,,no sponsor block
689Η4690ΒΤ-Ο56,2022-01-28,ΑΠΟΖΗΜΙΩΣΗ ΕΦΗΜΕΡΙΩΝ ΔΕΚΕΜΒΡΙΟΥ/2021 ΕΠΙΣΤΗΜΟΝΙΚΟΥ ΠΡΟΣΩΠΙΚΟΥ ΤΟΥ Κ.Ψ.ΥΓΕΙΑ,,,,no sponsor block
ΩΔΜΝ4690ΒΤ-7Τ2,2022-01-28,ΑΠΟΖΗΜΙΩΣΗ ΕΦΗΜΕΡΙΩΝ ΔΕΚΕΜΒΡΙΟΥ/2021 ΕΠΙΣΤΗΜΟΝΙΚΟΥ ΠΡΟΣΩΠΙΚΟΥ  Ι.Δ  Ν.Δ 1057/80  ΤΟΥ Ψ/ΤΟΜΕΑ,,,,no sponsor block
69Ο04690ΒΤ-ΨΤΞ,2022-01-28,ΑΠΟΖΗΜΙΩΣΗ ΕΦΗΜΕΡΙΩΝ ΔΕΚΕΜΒΡΙΟΥ/2021 ΕΠΙΣΤΗΜΟΝΙΚΟΥ ΠΡΟΣΩΠΙΚΟΥ ΤΟΥ Ψ/ΤΟΜΕΑ,,,,no sponsor block
ΨΘΨΟ4690ΒΤ-4ΛΙ,2022-01-28,ΤΑΚΤΙΚΕΣ ΕΦΗΜΕΡΙΕΣ ΔΕΚΕΜΒΡΙΟΥ/2021 ΓΙΑΤΡΟΙ ΕΣΥ  ΕΙΔΙΚ/ΝΟΙ  ΤΟΥ Ψ/ΤΟΜΕΑ,,,,no sponsor block
ΨΩ7Σ4690ΒΤ-Υ10,2022-01-28,ΤΑΚΤΙΚΕΣ ΕΦΗΜΕΡΙΕΣ ΔΕΚΕΜΒΡΙΟΥ/2021 ΓΙΑΤΡΟΙ ΕΣΥ ΤΟΥ Κ.Ψ.ΥΓΕΙΑΣ,,,,no sponsor block
ΩΧ6Ω4690ΒΤ-Μ2Κ,2022-01-28,ΤΑΚΤΙΚΕΣ ΕΦΗΜΕΡΙΕΣ ΔΕΚΕΜΒΡΙΟΥ/2021 ΓΙΑΤΡΟΙ ΕΣΥ ΤΟΥ Ψ/ΤΟΜΕΑ,,,,no sponsor block
Ψ4404690ΒΤ-64Θ,2022-01-27,ΠΡΟΣΘΕΤΕΣ ΕΦΗΜΕΡΙΕΣ  ΑΥΓΟΥΣΤΟΥ  /2021   ΓΙΑΤΡΟΙ  Ε.Σ.Υ    ΤΟΥ Κ.Ψ.ΥΓΕΙΑΣ,,,,no sponsor block
950Γ4690ΒΤ-ΨΑΤ,2022-01-27,ΠΡΟΣΘΕΤΕΣ ΕΦΗΜΕΡΙΕΣ  ΑΥΓΟΥΣΤΟΥ  /2021   ΓΙΑΤΡΟΙ  Ε.Σ.Υ   ΕΙΔΙΚ/ΝΟΙ  ΤΟΥ Ψ/ΤΟΜΕΑ,,,,no sponsor block
6ΩΛΟ4690ΒΤ-671,2022-01-27,ΠΡΟΣΘΕΤΕΣ ΕΦΗΜΕΡΙΕΣ  ΑΥΓΟΥΣΤΟΥ  /2021   ΓΙΑΤΡΟΙ  Ε.Σ.Υ   ΤΟΥ Ψ/ΤΟΜΕΑ,,,,no sponsor block
Ψ0Β24690ΒΤ-Τ17,2022-01-27,ΠΡΟΣΘΕΤΕΣ ΕΦΗΜΕΡΙΕΣ  ΙΟΥΛΙΟΥ  /2021   ΓΙΑΤΡΟΙ  Ε.Σ.Υ  ΕΠΙΚΟΥΡΙΚΟΙ ΤΟΥ Ψ/ΤΟΜΕΑ,,,,no sponsor block
Ω2ΦΞ4690ΒΤ-8Χ0,2022-01-27,ΠΡΟΣΘΕΤΕΣ ΕΦΗΜΕΡΙΕΣ  ΙΟΥΛΙΟΥ  /2021   ΓΙΑΤΡΟΙ  Ε.Σ.Υ  ΕΙΔΙΚ/ΝΟΙ  ΤΟΥ Ψ/ΤΟΜΕΑ,,,,no sponsor block
Ψ5ΛΤ4690ΒΤ-8Μ2,2022-01-27,ΠΡΟΣΘΕΤΕΣ ΕΦΗΜΕΡΙΕΣ  ΙΟΥΛΙΟΥ  /2021   ΓΙΑΤΡΟΙ  Ε.Σ.Υ  ΤΟΥ Ψ/ΤΟΜΕΑ,,,,no sponsor block
69ΖΡ4690ΒΤ-9ΦΟ,2022-01-27,ΠΡΟΣΘΕΤΕΣ ΕΦΗΜΕΡΙΕΣ  ΙΟΥΝΙΟΥ  /2021   ΓΙΑΤΡΟΙ  Ε.Σ.Υ  ΕΠΙΚΟΥΡΙΚΟΙ  ΤΟΥ Ψ/ΤΟΜΕΑ,,,,no sponsor block
Ω5ΦΝ4690ΒΤ-Ζ0Τ,2022-01-27,ΠΡΟΣΘΕΤΕΣ ΕΦΗΜΕΡΙΕΣ  ΙΟΥΝΙΟΥ  /2021   ΓΙΑΤΡΟΙ  Ε.Σ.Υ ΕΙΔΙΚ/ΝΟΙ   ΤΟΥ Ψ/ΤΟΜΕΑ,,,,no sponsor block
9Ο4Ξ4690ΒΤ-8ΞΨ,2022-01-27,ΠΡΟΣΘΕΤΕΣ ΕΦΗΜΕΡΙΕΣ  ΙΟΥΝΙΟΥ  /2021   ΓΙΑΤΡΟΙ  Ε.Σ.Υ  ΤΟΥ Ψ/ΤΟΜΕΑ,,,,no sponsor block
ΩΣΖΝ4690ΒΤ-ΗΟΜ,2022-01-26,ΤΑΚΤΙΚΗ ΜΙΣΘΟΔΟΣΙΑ  ΝΟΕΜΒΡΙΟΥ /2021  ΑΜΙΣΘΟΙ ΤΕΕ,,,,no sponsor block
ΩΑΙΙ4690ΒΤ-ΥΥ3,2022-01-26,ΠΡΟΣΘΕΤΕΣ ΑΜΟΙΒΕΣ ΝΟΕΜΒΡΙΟΥ /2021  ΔΗΜ.ΠΡΟΣΚΛΗΣΗ   Νο 10/2017    12 ΜΗΝΑ ΟΑΕΔ,,,,no sponsor block
6Ε1Ξ4690ΒΤ-0Λ4,2022-01-26,ΠΡΟΣΘΕΤΕΣ ΑΜΟΙΒΕΣ ΝΟΕΜΒΡΙΟΥ /2021  ΔΗΜ.ΠΡΟΣΚΛΗΣΗ   Νο 10/2017    12 ΜΗΝΑ ΟΑΕΔ,,,,no sponsor block
Ψ1Τ34690ΒΤ-9ΒΞ,2022-01-26,ΤΑΚΤΙΚΗ ΜΙΣΘΟΔΟΣΙΑ  ΔΕΚΕΜΒΡΙΟΥ /2021 12 ΜΗΝΑ ΟΑΕΔ   ΔΗΜ.ΠΡΟΣΚΛ. Νο 10/2017,,,,no sponsor block
6Λ8Τ4690ΒΤ-Ξ3Ι,2022-01-26,ΤΑΚΤΙΚΗ ΜΙΣΘΟΔΟΣΙΑ  ΔΕΚΕΜΒΡΙΟΥ /2021 12 ΜΗΝΑ ΟΑΕΔ   ΔΗΜ.ΠΡΟΣΚΛ. Νο 13/2016,,,,no sponsor block
6ΝΩΚ4690ΒΤ-05Α,2022-01-26,ΤΑΚΤΙΚΗ ΜΙΣΘΟΔΟΣΙΑ  ΔΕΚΕΜΒΡΙΟΥ /2021  ΑΜΙΣΘΟΙ ΤΕΕ ( ΔΙΕΚ ),,,,no sponsor block
695Η4690ΒΤ-3Μ5,2022-10-24,Είσπραξη ενοικίου μηνός  Οκτωβρίου /2022 του διαμερίσματος  Μελπομένη του  Ψ/Τομέα,,,,no sponsor block
ΩΖΣΣ4690ΒΤ-62Ε,2022-10-24,ΓΙΑ ΤΗΝ ΑΞΙΑ ΠΛΗΡΩΜΗΣ ΟΔΟΙΠΟΡΙΚΩΝ ΕΞΟΔΩΝ & ΗΜΕΡΗΣΙΑΣ ΑΠΟΖΗΜΙΩΣΗΣ ΥΠΑΛΛΗΛΩΝ ΤΟΥ Γ.Ν .ΚΑΤΕΡΙΝΗΣ,,,,no sponsor block
9ΑΧΣ4690ΒΤ-ΛΣ8,2022-10-21,ΠΡΟΣΘΕΤΕΣ ΕΦΗΜΕΡΙΕΣ  ΙΟΥΛΙΟΥ /2022  ΓΙΑΤΡΟΙ  Ε.Σ.Υ   ΕΙΔΙΚ/ΝΟΙ   ΤΟΥ Ψ/Τ,,,,no sponsor block
91Ω54690ΒΤ-ΒΑ4,2022-10-21,ΠΡΟΣΘΕΤΕΣ ΕΦΗΜΕΡΙΕΣ ΙΟΥΛΙΟΥ 2022 ΓΙΑΤΡΟΙ ΕΣΥ Ψ.Τ.,,,,no sponsor block
6Π1Ω4690ΒΤ-4ΛΞ,2022-10-21,ΠΡΟΣΘΕΤΕΣ ΕΦΗΜΕΡΙΕΣ  ΙΟΥΝΙΟΥ /2022  ΓΙΑΤΡΟΙ  Ε.Σ.Υ   ΤΟΥ Ψ/Τ,,,,no sponsor block
932Ν4690ΒΤ-Θ00,2022-10-21,ΠΡΟΣΘΕΤΕΣ ΕΦΗΜΕΡΙΕΣ ΙΟΥΝΙΟΥ 2022 ΓΙΑΤΡΟΙ ΕΣΥ ΕΙΔΙΚ/ΝΟΙ Ψ.Τ.,,,,no sponsor block
613Λ4690ΒΤ-ΤΤΞ,2022-10-21,ΠΡΟΣΘΕΤΕΣ ΕΦΗΜΕΡΙΕΣ ΜΑΙΟΥ 2022 ΓΙΑΤΡΟΙ ΕΣΥ Ψ.Τ.,,,,no sponsor block
9ΨΝΜ4690ΒΤ-ΛΨΘ,2022-10-21,ΠΡΟΣΘΕΤΕΣ ΕΦΗΜΕΡΙΕΣ  ΜΑΙΟΥ /2022  ΓΙΑΤΡΟΙ  Ε.Σ.Υ  ΕΙΔΙΚ/ΝΟΙ Ψ/Τ,,,,no sponsor block
Ψ79Κ4690ΒΤ-ΣΩΤ,2022-10-21,ΠΡΟΣΘΕΤΕΣ ΕΦΗΜΕΡΙΕΣ  ΑΠΡΙΛΙΟΥ /2022  ΓΙΑΤΡΟΙ  Ε.Σ.Υ  ΕΙΔΙΚ/ΝΟΙ  Ψ/Τ,,,,no sponsor block
9Κ594690ΒΤ-Λ6Δ,2022-10-21,ΠΡΟΣΘΕΤΕΣ ΕΦΗΜΕΡΙΕΣ ΑΠΡΙΛΙΟΥ 2022 ΓΙΑΤΡΟΙ ΕΣΥ Ψ.Τ.,,,,no sponsor block
ΨΓΡΒ4690ΒΤ-ΚΧΩ,2022-10-21,ΠΡΟΣΘΕΤΕΣ ΕΦΗΜΕΡΙΕΣ  ΙΟΥΛΙΟΥ /2022  ΓΙΑΤΡΟΙ  Ε.Σ.Υ ΕΠΙΚΟΥΡΙΚΟΙ,,,,no sponsor block
9ΚΞ44690ΒΤ-Ε9Ι,2022-10-21,ΠΡΟΣΘΕΤΕΣ ΕΦΗΜΕΡΙΕΣ ΙΟΥΛΙΟΥ 2022 ΓΙΑΤΡΟΙ ΕΣΥ,,,,no sponsor block
6ΑΓΣ4690ΒΤ-Ι2Π,2022-10-21,ΠΡΟΣΘΕΤΕΣ ΕΦΗΜΕΡΙΕΣ  ΙΟΥΛΙΟΥ /2022  ΓΙΑΤΡΟΙ  Ε.Σ.Υ ΕΙΔΙΚ/ΝΟΙ,,,,no sponsor block
6ΩΣΑ4690ΒΤ-ΛΑΦ,2022-10-21,ΠΡΟΣΘΕΤΕΣ ΕΦΗΜΕΡΙΕΣ ΙΟΥΛΙΟΥ 2022 ΕΠΙΚΟΥΡΙΚΟΙ ΕΣΥ,,,,no sponsor block
6ΤΞ34690ΒΤ-Π2Ε,2022-10-21,ΠΡΟΣΘΕΤΕΣ ΕΦΗΜΕΡΙΕΣ  ΙΟΥΝΙΟΣ /2022  ΓΙΑΤΡΟΙ  Ε.Σ.Υ,,,,no sponsor block
Ω84Χ4690ΒΤ-5Υ1,2022-10-21,ΠΡΟΣΘΕΤΕΣ ΕΦΗΜΕΡΙΕΣ  ΙΟΥΝΙΟΣ /2022  ΕΠΙΚΟΥΡΙΚΟΙ  Ε.Σ.Υ,,,,no sponsor block
64264690ΒΤ-Π1Β,2022-10-21,ΠΡΟΣΘΕΤΕΣ ΕΦΗΜΕΡΙΕΣ ΙΟΥΝΙΟΥ 2022 ΕΠΙΚΟΥΡΙΚΟΙ ΕΣΥ,,,,no sponsor block
ΨΕΡ34690ΒΤ-ΒΣΨ,2022-10-21,ΠΡΟΣΘΕΤΕΣ ΕΦΗΜΕΡΙΕΣ ΙΟΥΝΙΟΥ 2022 ΓΙΑΤΡΟΙ ΕΣΥ ΕΙΔΙΚ/ΝΟΙ,,,,no sponsor block
6ΕΩΓ4690ΒΤ-Κ5Λ,2022-10-21,ΠΡΟΣΘΕΤΕΣ ΕΦΗΜΕΡΙΕΣ MAIOY/2022 ΓΙΑΤΡΟΙ Ε.Σ.Υ ΕΙΔΙΚ/ΝΟΙ,,,,no sponsor block
649Ο4690ΒΤ-1ΩΛ,2022-10-21,ΠΡΟΣΘΕΤΕΣ ΕΦΗΜΕΡΙΕΣ ΜΑΙΟΥ 2022  ΕΠΙΚΟΥΡΙΚΟΙ  ΕΣΥ,,,,no sponsor block
6ΚΧ34690ΒΤ-ΙΓ2,2022-10-21,ΠΡΟΣΘΕΤΕΣ ΕΦΗΜΕΡΙΕΣ ΜΑΙΟΥ /2022 ΓΙΑΤΡΟΙ Ε.Σ.Υ,,,,no sponsor block
ΨΧ2Υ4690ΒΤ-Τ9Λ,2022-10-21,ΠΡΟΣΘΕΤΕΣ ΕΦΗΜΕΡΙΕΣ ΑΠΡΙΛΙΟΥ 2022 ΕΠΙΚΟΥΡΙΚΟΙ ΕΣΥ,,,,no sponsor block
61ΨΣ4690ΒΤ-ΚΙΚ,2022-10-21,ΠΡΟΣΘΕΤΕΣ ΕΦΗΜΕΡΙΕΣ ΑΠΡΙΛΙΟΥ 2022 ΕΠΙΚΟΥΡΙΚΟΙ ΕΣΥ,,,,no sponsor block
6ΡΚΕ4690ΒΤ-ΧΣΚ,2022-10-21,ΠΡΟΣΘΕΤΕΣ ΕΦΗΜΕΡΙΕΣ ΑΠΡΙΛΙΟΥ/2022 ΓΙΑΤΡΟΙ Ε.Σ.Υ ΕΙΔΙΚ/ΝΟΙ,,,,no sponsor block
9ΡΒΕ4690ΒΤ-Κ7Θ,2022-10-21,ΠΡΟΣΘΕΤΕΣ ΕΦΗΜΕΡΙΕΣ ΑΠΡΙΛΙΟΥ 2022 ΓΙΑΤΡΟΙ ΕΣΥ,,,,no sponsor block
Ψ7824690ΒΤ-ΘΙΛ,2022-10-21,ΠΡΟΣΘΕΤΕΣ ΕΦΗΜΕΡΙΕΣ ΑΠΡΙΛΙΟΥ 2022 ΕΠΙΚΟΥΡΙΚΟΙ ΕΣΥ,,,,no sponsor block
6Ο0Χ4690ΒΤ-ΘΤΒ,2022-10-21,ΤΑΚΤΙΚΗ ΜΙΣΘΟΔΟΣΙΑ  ΣΕΠΤΕΜΒΡΙΟΥ /2022  ΑΜΙΣΘΟΙ ΤΕΕ ( ΔΙΕΚ ),,,,no sponsor block
6Δ1Θ4690ΒΤ-ΨΞ9,2022-10-21,ΤΑΚΤΙΚΗ ΜΙΣΘΟΔΟΣΙΑ  ΑΥΓΟΥΣΤΟΥ /2022  ΑΜΙΣΘΟΙ ΤΕΕ ( ΕΠΑΛ ),,,,no sponsor block
6ΡΨΑ4690ΒΤ-ΙΔ0,2022-10-21,ΤΑΚΤΙΚΗ ΜΙΣΘΟΔΟΣΙΑ ΜΕΤΑΠΛΗΡΩΤΕΩΝ ΣΕΠΤΕΜΒΡΙΟΥ/2022  ΣΠΟΥΔΑΣΤΕΣ ΠΟΥ ΑΣΚΟΥΝΤΑΙ,,,,no sponsor block
ΩΜ6Φ4690ΒΤ-ΣΟ0,2022-10-21,ΤΑΚΤΙΚΗ ΜΙΣΘΟΔΟΣΙΑ ΜΕΤΑΠΛΗΡΩΤΕΩΝ ΣΕΠΤΕΜΒΡΙΟΥ/2022  ΝΕΟΠΡΟΣΛΑΜΒΑΝΟΜΕΝΟΙ,,,,no sponsor block
ΩΤΔΥ4690ΒΤ-6Ο5,2022-10-21,ΤΑΚΤΙΚΗ ΜΙΣΘΟΔΟΣΙΑ ΜΕΤΑΠΛΗΡΩΤΕΩΝ ΣΕΠΤΕΜΒΡΙΟΥ/2022 ΕΠΙΚΟΥΡΙΚΟ ΤΡΙΜΗΝΟ ΠΡΟΣΩΠΙΚΟ,,,,no sponsor block
6ΛΣΒ4690ΒΤ-ΨΘΙ,2022-10-21,ΑΝΑΔΡΟΜΙΚΑ ΚΛΙΜΑΚΙΟΥ ΣΕΠΤΕΜΒΡΙΟΥ/2022 ΕΠΙΚΟΥΡΙΚΟ ΠΡΟΣΩΠΙΚΟ,,,,no sponsor block
67ΛΨ4690ΒΤ-3ΑΑ,2022-10-21,ΤΑΚΤΙΚΗ ΜΙΣΘΟΔΟΣΙΑ ΜΕΤΑΠΛΗΡΩΤΕΩΝ ΣΕΠΤΕΜΒΡΙΟΥ /2022 ΕΠΙΚΟΥΡΙΚΟΙ Ε.Σ.Υ,,,,no sponsor block
ΨΑΩ74690ΒΤ-0Ν7,2022-10-21,ΤΑΚΤΙΚΗ ΜΙΣΘΟΔΟΣΙΑ ΜΕΤΑΠΛΗΡΩΤΕΩΝ ΣΕΠΤΕΜΒΡΙΟΥ /2022 ΕΠΙΚΟΥΡΙΚΟΙ Ε.Σ.Υ,,,,no sponsor block
6ΘΟΧ4690ΒΤ-ΑΛΞ,2022-10-21,ΤΑΚΤΙΚΗ ΜΙΣΘΟΔΟΣΙΑ ΜΕΤΑΠΛΗΡΩΤΕΩΝ ΣΕΠΤΕΜΒΡΙΟΥ /2022 ΕΠΙΣΤΗΜΟΝΙΚΟ ΠΡΟΣΩΠΙΚΟ,,,,no sponsor block
ΨΙ444690ΒΤ-ΙΡΕ,2022-10-21,ΤΑΚΤΙΚΗ ΜΙΣΘΟΔΟΣΙΑ ΜΕΤΑΠΛΗΡΩΤΕΩΝ   ΕΠΙΚΟΥΡΙΚΟ  ΠΡΟΣΩΠΙΚΟ  ΣΕΠΤΕΜΒΡΙΟΥ /2022,,,,no sponsor block
ΨΙΘΨ4690ΒΤ-ΠΔΖ,2022-10-21,ΑΝΑΔΡΟΜΙΚΑ ΣΕΠΤΕΜΒΡΙΟΥ /2022 ΠΡΟΣΩΠΙΚΟ ΕΠΙ ΣΧΕΣΕΙ ΕΓΑΣΙΑΣ Ι.Δ ΤΟΥ Ψ/Τ,,,,no sponsor block
ΨΒΔΖ4690ΒΤ-ΜΑΙ,2022-10-21,ΑΝΑΔΡΟΜΙΚΑ ΣΕΠΤΕΜΒΡΙΟΥ /2022 ΕΠΙΚΟΥΡΙΚΟΙ Ε.Σ.Υ ΤΟΥ Ψ/Τ,,,,no sponsor block
ΨΤΦΚ4690ΒΤ-Α8Β,2022-10-21,ΤΑΚΤΙΚΗ ΜΙΣΘΟΔΟΣΙΑ  ΣΕΠΤΕΜΒΡΙΟΥ /2022 ΕΠΙΚΟΥΡΙΚΟΙ Ε.Σ.Υ   ΤΟΥ Ψ/Τ,,,,no sponsor block
6ΓΟ74690ΒΤ-ΝΩΗ,2022-10-21,ΤΑΚΤΙΚΗ ΜΙΣΘΟΔΟΣΙΑ  ΣΕΠΤΕΜΒΡΙΟΥ /2022 ΠΡΟΣΩΠΙΚΟ ΕΠΙ ΣΧΕΣΕΙ ΕΡΓΑΣΙΑΣ Ι.Δ ΤΟΥ Ψ/Τ,,,,no sponsor block
ΨΛ2Χ4690ΒΤ-Π22,2022-10-20,ΤΑΚΤΙΚΕΣ ΕΦΗΜΕΡΙΕΣ ΑΥΓΟΥΣΤΟΥ/2022  ΕΠΙΚΟΥΡΙΚΟΙ  Ε.Σ.Υ,,,,no sponsor block
ΨΠΜΙ4690ΒΤ-ΞΓΗ,2022-10-20,ΤΑΚΤΙΚΕΣ ΕΦΗΜΕΡΙΕΣ ΑΥΓΟΥΣΤΟΥ/2022  ΕΠΙΚΟΥΡΙΚΟΙ  Ε.Σ.Υ,,,,no sponsor block
9Λ1Ρ4690ΒΤ-2Τ2,2022-10-20,ΤΑΚΤΙΚΕΣ ΕΦΗΜΕΡΙΕΣ ΑΥΓΟΥΣΤΟΥ/2022 ΓΙΑΤΡΟΙ Ε.Σ.Υ ΕΙΔΙΚ/ΝΟΙ,,,,no sponsor block
ΩΥΓ54690ΒΤ-ΤΔΘ,2022-10-20,ΤΑΚΤΙΚΕΣ ΕΦΗΜΕΡΙΕΣ ΑΥΓΟΥΣΤΟΥ/2022 ΓΙΑΤΡΟΙ Ε.Σ.Υ,,,,no sponsor block
ΩΑ094690ΒΤ-Ψ1Υ,2022-10-20,ΤΑΚΤΙΚΕΣ ΕΦΗΜΕΡΙΕΣ ΑΥΓΟΥΣΤΟΥ/2022 ΓΙΑΤΡΟΙ Ε.Σ.Υ ΤΟΥ Κ.Ψ.ΥΓΕΙΑΣ,,,,no sponsor block
9ΩΘ04690ΒΤ-30Ψ,2022-10-20,ΤΑΚΤΙΚΕΣ ΕΦΗΜΕΡΙΕΣ ΑΥΓΟΥΣΤΟΥ/2022 ΓΙΑΤΡΟΙ Ε.Σ.Υ ΤΟΥ Κ.Ψ.ΥΓΕΙΑΣ,,,,no sponsor block
Ψ07Χ4690ΒΤ-Ζ1Κ,2022-10-20,ΤΑΚΤΙΚΕΣ ΕΦΗΜΕΡΙΕΣ ΑΥΓΟΥΣΤΟΥ/2022 ΓΙΑΤΡΟΙ Ε.Σ.Υ ΕΙΔΙΚ/ΝΟΙ ΤΟΥ Ψ/Τ,,,,no sponsor block
ΩΧΡΘ4690ΒΤ-8Σ1,2022-10-20,ΤΑΚΤΙΚΕΣ ΕΦΗΜΕΡΙΕΣ ΑΥΓΟΥΣΤΟΥ/2022 ΓΙΑΤΡΟΙ Ε.Σ.Υ ΤΟΥ Ψ/Τ,,,,no sponsor block
68014690ΒΤ-4Β2,2022-10-20,ΠΛΗΡΩΜΗ ΠΡΟΣΩΠΙΚΟΥ ΑΠΟ ΤΗΝ ΟΛΟΗΜΕΡΗ ΛΕΙΤΟΥΡΓΙΑ ΤΟΥ ΝΟΣΟΚΟΜΕΙΟΥ  ΜΗΝΟΣ  ΣΕΠΤΕΜΒΡΙΟΥ /2022,,,,no sponsor block
6Η804690ΒΤ-ΤΧ2,2022-10-20,ΠΛΗΡΩΜΗ ΙΑΤΡΩΝ ΑΠΟ ΤΗΝ ΟΛΟΗΜΕΡΗ ΛΕΙΤΟΥΡΓΙΑ ΤΟΥ ΝΟΣΟΚΟΜΕΙΟΥ  ΜΗΝΟΣ  ΣΕΠΤΕΜΒΡΙΟΥ /2022,,,,no sponsor block
ΩΤΟΗ4690ΒΤ-ΦΥ3,2022-10-20,ΓΙΑ ΤΗΝ ΑΞΙΑ ΠΛΗΡΩΜΗΣ ΟΔΟΙΠΟΡΙΚΩΝ ΕΞΟΔΩΝ & ΗΜΕΡΗΣΙΑΣ ΑΠΟΖΗΜΙΩΣΗΣ ΥΠΑΛΛΗΛΩΝ,,,,no sponsor block
ΩΑΥ74690ΒΤ-ΥΛ2,2022-10-20,ΑΠΟΖΗΜΙΩΣΗ ΕΦΗΜΕΡΙΩΝ ΑΥΓΟΥΣΤΟΥ/2022 ΕΠΙΣΤΗΜΟΝΙΚΟ ΠΡΟΣΩΠΙΚΟ,,,,no sponsor block
ΨΟΧΦ4690ΒΤ-ΛΩΗ,2022-10-20,ΑΠΟΖΗΜΙΩΣΗ ΕΦΗΜΕΡΙΩΝ ΑΥΓΟΥΣΤΟΥ/2022 ΕΠΙΣΤΗΜΟΝΙΚΟ ΠΡΟΣΩΠΙΚΟ,,,,no sponsor block
6Ρ8Ψ4690ΒΤ-3ΜΒ,2022-10-20,ΠΡΟΣΘΕΤΕΣ ΑΜΟΙΒΕΣ ΑΥΓΟΥΣΤΟΥ/2022   ΕΠΙΚΟΥΡΙΚΟ ΠΡΟΣΩΠΙΚΟ,,,,no sponsor block
6ΡΙΤ4690ΒΤ-ΟΗ0,2022-10-20,ΠΡΟΣΘΕΤΕΣ ΑΜΟΙΒΕΣ ΑΥΓΟΥΣΤΟΥ/2022  ΤΡΙΜΗΝΟ ΕΠΙΚΟΥΡΙΚΟ ΠΡΟΣΩΠΙΚΟ,,,,no sponsor block
ΨΞ6Δ4690ΒΤ-Ω6Ρ,2022-10-19,ΠΡΟΣΘΕΤΕΣ ΑΜΟΙΒΕΣ ΑΥΓΟΥΣΤΟΥ/2022   ΠΡΟΣΩΠΙΚΟ Ι.Δ  Ν.2470/96,,,,no sponsor block
6ΓΣΚ4690ΒΤ-ΧΕΠ,2022-10-19,ΠΡΟΣΘΕΤΕΣ ΑΜΟΙΒΕΣ ΑΥΓΟΥΣΤΟΥ/2022  ΜΟΝΙΜΟ-ΔΟΚΙΜΟ ΒΟΗΘ. ΠΡΟΣΩΠΙΚΟ,,,,no sponsor block
6ΚΨΔ4690ΒΤ-Ζ26,2022-10-19,ΠΡΟΣΘΕΤΕΣ ΑΜΟΙΒΕΣ ΑΥΓΟΥΣΤΟΥ/2022  ΝΟΣΗΛΕΥΤΙΚΟ ΠΡΟΣΩΠΙΚΟ Ν.Δ 1057/80,,,,no sponsor block
Ψ9ΜΑ4690ΒΤ-ΔΔΩ,2022-10-19,ΠΡΟΣΘΕΤΕΣ ΑΜΟΙΒΕΣ ΑΥΓΟΥΣΤΟΥ/2022  ΝΕΟΠΡΟΣΛΑΜΒΑΝΟΜΕΝΟΙ,,,,no sponsor block
ΩΧ884690ΒΤ-Σ0Τ,2022-10-19,ΠΡΟΣΘΕΤΕΣ ΑΜΟΙΒΕΣ ΑΥΓΟΥΣΤΟΥ/2022  ΜΟΝΙΜΟ-ΔΟΚΙΜΟ  ΠΡΟΣΩΠΙΚΟ ΕΙΔ. ΘΕΣΕΩΝ,,,,no sponsor block
6Σ544690ΒΤ-6ΜΔ,2022-10-19,ΠΡΟΣΘΕΤΕΣ ΑΜΟΙΒΕΣ ΑΥΓΟΥΣΤΟΥ/2022  ΑΠΟΣΠΑΣΜΕΝΟΙ,,,,no sponsor block
6Σ1Η4690ΒΤ-Θ7Δ,2022-10-19,ΠΡΟΣΘΕΤΕΣ ΑΜΟΙΒΕΣ ΑΥΓΟΥΣΤΟΥ/2022  ΔΙΟΙΚΗΤΙΚΟ  ΠΡΟΣΩΠΙΚΟ,,,,no sponsor block
6ΔΤΕ4690ΒΤ-ΝΧ3,2022-10-19,ΠΡΟΣΘΕΤΕΣ ΑΜΟΙΒΕΣ ΑΥΓΟΥΣΤΟΥ/2022   ΠΡΟΣΩΠΙΚΟ ΕΠΙ ΣΧΕΣΕΙ ΕΡΓΑΣΙΑΣ Ι.Δ.Α.Χ,,,,no sponsor block
ΨΓ954690ΒΤ-Ν7Ο,2022-10-19,ΠΡΟΣΘΕΤΕΣ ΑΜΟΙΒΕΣ ΑΥΓΟΥΣΤΟΥ/2022  ΝΟΣΗΛΕΥΤΙΚΟ ΠΡΟΣΩΠΙΚΟ,,,,no sponsor block
9ΒΛΜ4690ΒΤ-Ρ0Σ,2022-10-18,ΑΠΟΖΗΜΙΩΣΗ ΕΦΗΜΕΡΙΩΝ ΑΥΓΟΥΣΤΟΥ/2022 ΕΠΙΣΤΗΜΟΝΙΚΟ ΠΡΟΣΩΠΙΚΟ ΤΟΥ Ψ/Τ,,,,no sponsor block
6Χ1Γ4690ΒΤ-35Ι,2022-10-18,ΑΠΟΖΗΜΙΩΣΗ ΕΦΗΜΕΡΙΩΝ ΑΥΓΟΥΣΤΟΥ/2022 ΕΠΙΣΤΗΜΟΝΙΚΟ ΠΡΟΣΩΠΙΚΟ Ι.Δ   Ν.Δ 1057/80  ΤΟΥ Ψ/Τ,,,,no sponsor block
6ΡΚΘ4690ΒΤ-525,2022-10-18,ΑΠΟΖΗΜΙΩΣΗ ΕΦΗΜΕΡΙΩΝ ΑΥΓΟΥΣΤΟΥ/2022 ΕΠΙΣΤΗΜΟΝΙΚΟ ΠΡΟΣΩΠΙΚΟ ΤΟΥ Κ.Ψ.ΥΓΕΙΑΣ,,,,no sponsor block
Ψ2ΣΗ4690ΒΤ-Μ2Ζ,2022-10-18,ΠΡΟΣΘΕΤΕΣ ΑΜΟΙΒΕΣ ΑΥΓΟΥΣΤΟΥ/2022  ΝΟΣΗΛΕΥΤΙΚΟ   ΠΡΟΣΩΠΙΚΟ  Ν.Δ 1057/80    ΤΟΥ Ψ/Τ,,,,no sponsor block
ΩΔΡΛ4690ΒΤ-ΘΥΔ,2022-10-18,ΠΡΟΣΘΕΤΕΣ ΑΜΟΙΒΕΣ ΑΥΓΟΥΣΤΟΥ/2022    ΠΡΟΣΩΠΙΚΟ  ΕΠΙ ΣΧΕΣΕΙ ΕΓΑΣΙΑΣ Ι.Δ.Α.Χ ΤΟΥ Ψ/Τ,,,,no sponsor block
ΨΙ0Η4690ΒΤ-4Χ1,2022-10-18,ΠΡΟΣΘΕΤΕΣ ΑΜΟΙΒΕΣ ΑΥΓΟΥΣΤΟΥ/2022 ΤΡΙΜΗΝΟ   ΕΠΙΚΟΥΡΙΚΟ  ΠΡΟΣΩΠΙΚΟ ΤΟΥ Ψ/Τ,,,,no sponsor block
6ΨΣΕ4690ΒΤ-7ΚΑ,2022-10-18,ΠΡΟΣΘΕΤΕΣ ΑΜΟΙΒΕΣ ΑΥΓΟΥΣΤΟΥ/2022  ΕΠΙΚΟΥΡΙΚΟ  ΠΡΟΣΩΠΙΚΟ ΤΟΥ Ψ/Τ  COVID,,,,no sponsor block
6ΛΔ44690ΒΤ-Α5Ζ,2022-10-18,ΠΡΟΣΘΕΤΕΣ ΑΜΟΙΒΕΣ ΑΥΓΟΥΣΤΟΥ/2022  ΜΟΝΙΜΟ -ΔΟΚΙΜΟ -ΒΟΗΘ.  ΠΡΟΣΩΠΙΚΟ ΤΟΥ Ψ/Τ,,,,no sponsor block
6Ο614690ΒΤ-ΓΤΠ,2022-10-18,ΠΡΟΣΘΕΤΕΣ ΑΜΟΙΒΕΣ ΑΥΓΟΥΣΤΟΥ/2022  ΤΕΧΝΙΚΟ  ΠΡΟΣΩΠΙΚΟ ΤΟΥ Ψ/Τ,,,,no sponsor block
ΨΓΡΔ4690ΒΤ-Ν8Ε,2022-10-18,ΠΡΟΣΘΕΤΕΣ ΑΜΟΙΒΕΣ ΑΥΓΟΥΣΤΟΥ/2022   ΠΡΟΣΩΠΙΚΟ ΕΠΙ ΣΧΕΣΕΙ ΕΡΓΑΣΙΑΣ Ι.Δ  ΤΟΥ Ψ/Τ,,,,no sponsor block
Ψ0ΝΘ4690ΒΤ-ΤΟ7,2022-10-18,ΠΡΟΣΘΕΤΕΣ ΑΜΟΙΒΕΣ ΑΥΓΟΥΣΤΟΥ/2022 ΝΟΣΗΛΕΥΤΙΚΟ ΠΡΟΣΩΠΙΚΟ ΤΟΥ Ψ/Τ,,,,no sponsor block
973Κ4690ΒΤ-Ο3Τ,2022-10-18,Εξτρα Εκκαθάριση Πρόσθετων Αμοιβών Μαιος /2022  Νοσηλευτικού   Προσωπικού    για τα εμβολιαστικά κέντρα,,,,no sponsor block
9Ψ864690ΒΤ-1Σ0,2022-10-18,Εξτρα Εκκαθάριση Πρόσθετων Αμοιβών  1ος-2ος-3ος-4ος /2022  Νοσηλευτικού  Προσωπικού    για τα εμβολιαστικά κέντρα  Ν.4798/2021 Αρθρο 266 παρ.6,,,,no sponsor block
ΨΡΝΩ4690ΒΤ-ΤΓΔ,2022-10-18,Εξτρα Εκκαθάριση Πρόσθετων Αμοιβών  1ος-2ος-3ος-4ος/2022   Προσωπικού προγράμματος Ο.Α.Ε.Δ  για τα εμβολιαστικά κέντρα   Ν.4798/2021 Αρθρο 266 παρ.6,,,,no sponsor block
6Σ3Β4690ΒΤ-8ΒΒ,2022-10-18,Εξτρα Εκκαθάριση Πρόσθετων Αμοιβών  Ιανουαρίου-Φεβρουαρίου  /2022  Επικουρικού  Προσωπικού    για τα εμβολιαστικά κέντρα,,,,no sponsor block
ΨΞΕΜ4690ΒΤ-ΠΛ6,2022-10-17,ΓΙΑ ΤΗΝ ΑΞΙΑ ΠΛΗΡΩΜΗΣ ΟΔΟΙΠΟΡΙΚΩΝ ΕΞΟΔΩΝ & ΗΜΕΡΗΣΙΑΣ ΑΠΟΖΗΜΙΩΣΗΣ ΥΠΑΛΛΗΛΩΝ ΤΟΥ Ψ/Τ,,,,no sponsor block
9ΚΧΓ4690ΒΤ-ΠΨΤ,2022-10-17,ΓΙΑ ΤΗΝ ΑΞΙΑ ΠΛΗΡΩΜΗΣ ΟΔΟΙΠΟΡΙΚΩΝ ΕΞΟΔΩΝ & ΗΜΕΡΗΣΙΑΣ ΑΠΟΖΗΜΙΩΣΗΣ ΥΠΑΛΛΗΛΩΝ ΤΟΥ Γ.Ν .ΚΑΤΕΡΙΝΗΣ,,,,no sponsor block
Ψ3ΞΕ4690ΒΤ-071,2022-10-05,ΤΑΚΤΙΚΗ ΜΙΣΘΟΔΟΣΙΑ  ΣΕΠΤΕΜΒΡΙΟΥ /2022 12 ΜΗΝΑ Ο.Α.Ε.Δ   ΔΗΜ.ΠΡΟΣΚΛΗΣΗ    Νο 10/2017,,,,no sponsor block
ΨΓΜΗ4690ΒΤ-ΒΑΩ,2022-10-05,ΤΑΚΤΙΚΗ  ΜΙΣΘΟΔΟΣΙΑ  ΣΕΠΤΕΜΒΡΙΟΥ /2022      12 ΜΗΝΑ ΟΑΕΔ  ΔΗΜ.ΠΡΟΣΚΛΗΣΗ       Νο 13/2016,,,,no sponsor block
ΨΣΘΕ4690ΒΤ-ΜΥΗ,2022-10-05,ΠΡΟΣΘΕΤΕΣ ΑΜΟΙΒΕΣ  ΑΥΓΟΥΣΤΟΥ  /2022     12 ΜΗΝΑ ΟΑΕΔ  ΔΗΜ.ΠΡΟΣΚΛΗΣΗ       Νο 13/2016,,,,no sponsor block
ΨΙΦΣ4690ΒΤ-ΘΔΠ,2022-10-05,ΠΡΟΣΘΕΤΕΣ ΑΜΟΙΒΕΣ  ΑΥΓΟΥΣΤΟΥ /2022     12 ΜΗΝΑ ΟΑΕΔ  ΔΗΜ.ΠΡΟΣΚΛΗΣΗ       Νο 10/2017,,,,no sponsor block
Ω8ΟΑ4690ΒΤ-Μ1Β,2022-10-03,ΠΡΟΣΘΕΤΕΣ ΑΜΟΙΒΕΣ ΑΥΓΟΥΣΤΟΥ  /2022  ΕΠΙΚΟΥΡΙΚΟ ΠΡΟΣΩΠΙΚΟ ΠΔΕ-ΕΣΠΑ  Γ.Ν.Κ ΥΠ.11/Ο Π Σ 5070506,,,,no sponsor block
9Κ7Ρ4690ΒΤ-ΞΣΔ,2022-09-30,ΤΑΚΤΙΚΗ ΜΙΣΘΟΔΟΣΙΑ  ΣΕΠΤΕΜΒΡΙΟΥ /2022 ΠΔΕ-ΕΣΠΑ ΕΠΙΚΟΥΡΙΚΟ ΠΡΟΣΩΠΙΚΟ ΤΟΥ Γ.Ν.Κ ΥΠ.11/Ο Π Σ 5070506,,,,no sponsor block
6ΓΥ74690ΒΤ-ΟΥ9,2022-09-15,ΠΛΗΡΩΜΗ ΠΡΟΣΩΠΙΚΟΥ ΑΠΟ ΤΗΝ ΟΛΟΗΜΕΡΗ ΛΕΙΤΟΥΡΓΙΑ ΤΟΥ ΝΟΣΟΚΟΜΕΙΟΥ  ΜΗΝΟΣ  ΑΥΓΟΥΣΤΟΥ /2022,,,,no sponsor block
6ΓΦΕ4690ΒΤ-5ΑΨ,2022-09-15,ΠΛΗΡΩΜΗ ΙΑΤΡΩΝ ΑΠΟ ΤΗΝ ΟΛΟΗΜΕΡΗ ΛΕΙΤΟΥΡΓΙΑ ΤΟΥ ΝΟΣΟΚΟΜΕΙΟΥ  ΜΗΝΟΣ  ΑΥΓΟΥΣΤΟΥ /2022,,,,no sponsor block
9ΥΠΒ4690ΒΤ-5ΑΜ,2022-09-07,ΣΥΜΠΛΗΡΩΜΑΤΙΚΗ ΜΙΣΘΟΔΟΣΙΑ 8ου/2022 12 μηνα Ο.Α.Ε.Δ ΔΗΜ.ΠΡΟΣΚΛΗΣΗ  Νο 13/2016 για εργοδοτική εισφορά κατασκηνώσεων,,,,no sponsor block
Ψ5534690ΒΤ-ΞΛΕ,2022-09-07,ΣΥΜΠΛΗΡΩΜΑΤΙΚΗ ΜΙΣΘΟΔΟΣΙΑ 8ου/2022 12 μηνα Ο.Α.Ε.Δ ΔΗΜ.ΠΡΟΣΚΛΗΣΗ  Νο 10/2017 για εργοδοτική εισφορά κατασκηνώσεων,,,,no sponsor block
97Υ94690ΒΤ-ΚΔΝ,2022-09-07,ΠΡΟΣΘΕΤΕΣ ΑΜΟΙΒΕΣ  ΙΟΥΛΙΟΥ  /2022     12 ΜΗΝΑ ΟΑΕΔ  ΔΗΜ.ΠΡΟΣΚΛΗΣΗ       Νο 13/2016,,,,no sponsor block
6ΜΑ14690ΒΤ-Σ15,2022-09-07,ΤΑΚΤΙΚΗ  ΜΙΣΘΟΔΟΣΙΑ  ΑΥΓΟΥΣΤΟΥ /2022      12 ΜΗΝΑ ΟΑΕΔ  ΔΗΜ.ΠΡΟΣΚΛΗΣΗ       Νο 13/2016,,,,no sponsor block
63Κ44690ΒΤ-ΛΜ5,2022-09-07,ΤΑΚΤΙΚΗ ΜΙΣΘΟΔΟΣΙΑ  ΑΥΓΟΥΣΤΟΥ /2022 12 ΜΗΝΑ Ο.Α.Ε.Δ   ΔΗΜ.ΠΡΟΣΚΛΗΣΗ    Νο 10/2017,,,,no sponsor block
9ΤΗ54690ΒΤ-9ΝΧ,2022-09-07,ΠΡΟΣΘΕΤΕΣ ΑΜΟΙΒΕΣ  ΙΟΥΛΙΟΥ  /2022     12 ΜΗΝΑ ΟΑΕΔ  ΔΗΜ.ΠΡΟΣΚΛΗΣΗ       Νο 10/2017,,,,no sponsor block
ΩΤΙΩ4690ΒΤ-ΠΡΙ,2022-08-31,ΜΗΝΙΑΙΑ ΑΠΟΖΗΜΙΩΣΗ & ΕΦΗΜΕΡΙΕΣ ΙΑΤΡΩΝ ΣΕ ΕΠΙΤΑΞΗ ΒΑΣΗ ΤΗΣ  Κ.Υ.Α ΑΡΙΘΜΟΣ Γ4Β/Γ.Π ΟΙΚ.22411,,,,no sponsor block
ΨΟΕΚ4690ΒΤ-8ΒΗ,2022-08-31,Εκτέλεση της αρ.Α3658/2021 αποφ. του ΙΓ Μονομ.τμημ.Δ/κου Πρωτ.Θεσ/νικης,,,,no sponsor block
ΨΗΝ54690ΒΤ-545,2022-08-31,Εκτέλεση της αρ.Α3658/2021 αποφ. του ΙΓ Μονομ.τμημ.Δ/κου Πρωτ.Θεσ/νικης,,,,no sponsor block
Ψ8Γ44690ΒΤ-ΗΜΚ,2022-08-31,Εκτέλεση της αρ.Α3658/2021 αποφ. του ΙΓ Μονομ.τμημ.Δ/κου Πρωτ.Θεσ/νικης,,,,no sponsor block
ΨΥΩ14690ΒΤ-ΡΕΓ,2022-08-31,Εκτέλεση της αρ.1585/2021 αποφ. του ΙΒ Μονομ.τμημ.Δ/κου Πρωτ.Θεσ/νικης,,,,no sponsor block
9ΓΦ04690ΒΤ-0ΞΦ,2022-08-30,Εκτέλεση της αρ.1585/2021 αποφ. του ΙΒ Μονομ.τμημ.Δ/κου Πρωτ.Θεσ/νικης,,,,no sponsor block
6ΔΦΚ4690ΒΤ-ΔΓΙ,2022-08-30,Εκτέλεση της αρ.1585/2021 αποφ. του ΙΒ Μονομ.τμημ.Δ/κου Πρωτ.Θεσ/νικης,,,,no sponsor block
ΨΞΚΒ4690ΒΤ-3ΚΥ,2022-08-30,ΤΑΚΤΙΚΕΣ ΕΦΗΜΕΡΙΕΣ ΙΟΥΛΙΟΥ/2022 ΓΙΑΤΡΟΙ ΕΣΥ   ΤΟΥ Ψ/Τ,,,,no sponsor block
ΨΦΡΟ4690ΒΤ-Ξ87,2022-08-30,ΤΑΚΤΙΚΕΣ ΕΦΗΜΕΡΙΕΣ ΙΟΥΛΙΟΥ/2022 ΓΙΑΤΡΟΙ ΕΣΥ  ΕΙΔΙΚ/ΝΟΙ ΤΟΥ Ψ/Τ,,,,no sponsor block
6ΕΤΛ4690ΒΤ-Φ9Ε,2022-08-30,ΤΑΚΤΙΚΕΣ ΕΦΗΜΕΡΙΕΣ ΙΟΥΛΙΟΥ/2022 ΓΙΑΤΡΟΙ ΕΣΥ ΤΟΥ Κ.Ψ.ΥΓΕΙΑΣ,,,,no sponsor block
6ΜΡ44690ΒΤ-ΣΩΗ,2022-08-30,ΑΠΟΖΗΜΙΩΣΗ ΕΦΗΜΕΡΙΩΝ ΕΠΙΣΤΗΜΟΝΙΚΟΥ ΠΡΟΣΩΠΙΚΟΥ    ΙΟΥΛΙΟΥ/2022 ΤΟΥ  Κ.Ψ.ΥΓΕΙΑΣ,,,,no sponsor block
6Θ7Υ4690ΒΤ-12Α,2022-08-30,ΑΠΟΖΗΜΙΩΣΗ ΕΦΗΜΕΡΙΩΝ ΕΠΙΣΤΗΜΟΝΙΚΟΥ ΠΡΟΣΩΠΙΚΟΥ    ΙΟΥΛΙΟΥ/2022 ΤΟΥ Ψ/Τ,,,,no sponsor block
ΨΠΝΤ4690ΒΤ-9ΜΚ,2022-08-30,ΑΠΟΖΗΜΙΩΣΗ ΕΦΗΜΕΡΙΩΝ ΕΠΙΣΤΗΜΟΝΙΚΟΥ ΠΡΟΣΩΠΙΚΟΥ Ι.Δ   Ν.Δ 1057/80   ΙΟΥΛΙΟΥ/2022 ΤΟΥ Ψ/Τ,,,,no sponsor block
6ΥΣΨ4690ΒΤ-ΖΣΜ,2022-08-30,ΠΡΟΣΘΕΤΕΣ ΑΜΟΙΒΕΣ ΙΟΥΛΙΟΥ/2022   ΕΠΙΚΟΥΡΙΚΟ COVID   ΠΡΟΣΩΠΙΚΟ ΤΟΥ Ψ/Τ,,,,no sponsor block
6Ν2Χ4690ΒΤ-ΞΟΜ,2022-08-30,ΠΡΟΣΘΕΤΕΣ ΑΜΟΙΒΕΣ ΙΟΥΛΙΟΥ/2022  ΤΡΙΜΗΝΟ ΕΠΙΚΟΥΡΙΚΟ COVID   ΠΡΟΣΩΠΙΚΟ ΤΟΥ Ψ/Τ,,,,no sponsor block
Ω22Ξ4690ΒΤ-ΗΣΜ,2022-08-30,ΠΡΟΣΘΕΤΕΣ ΑΜΟΙΒΕΣ ΙΟΥΛΙΟΥ/2022  ΠΡΟΣΩΠΙΚΟ ΕΠΙ ΣΧΕΣΕΙ ΕΓΑΣΙΑΣ Ι.Δ.Α.Χ ΤΟΥ Ψ/Τ,,,,no sponsor block
Ψ72Β4690ΒΤ-ΚΗΞ,2022-08-30,ΠΡΟΣΘΕΤΕΣ ΑΜΟΙΒΕΣ ΙΟΥΛΙΟΥ/2022 ΝΟΣΗΛΕΥΤΙΚΟ ΠΡΟΣΩΠΙΚΟ Ν.Δ 1057/80  ΤΟΥ Ψ/Τ,,,,no sponsor block
ΨΥ244690ΒΤ-Ξ6Ε,2022-08-30,ΠΡΟΣΘΕΤΕΣ ΑΜΟΙΒΕΣ ΙΟΥΛΙΟΥ/2022  ΜΟΝΙΜΟ-ΔΟΚΙΜΟ ΒΟΗΘ. ΠΡΟΣΩΠΙΚΟ ΤΟΥ Ψ/Τ,,,,no sponsor block
ΨΗΠΕ4690ΒΤ-ΩΔ2,2022-08-30,ΠΡΟΣΘΕΤΕΣ ΑΜΟΙΒΕΣ ΙΟΥΛΙΟΥ/2022  ΤΕΧΝΙΚΟ  ΠΡΟΣΩΠΙΚΟ ΤΟΥ Ψ/Τ,,,,no sponsor block
6ΣΔΚ4690ΒΤ-Υ14,2022-08-30,ΠΡΟΣΘΕΤΕΣ ΑΜΟΙΒΕΣ ΙΟΥΛΙΟΥ/2022  ΠΡΟΣΩΠΙΚΟ ΕΠΙ ΣΧΕΣΕΙ ΕΡΓΑΣΙΑΣ Ι.Δ   ΤΟΥ Ψ/Τ,,,,no sponsor block
Ψ1Υ74690ΒΤ-ΞΜ7,2022-08-30,ΠΡΟΣΘΕΤΕΣ ΑΜΟΙΒΕΣ ΙΟΥΛΙΟΥ/2022 ΝΟΣΗΛΕΥΤΙΚΟ ΠΡΟΣΩΠΙΚΟ ΤΟΥ Ψ/Τ,,,,no sponsor block
ΨΤ1Τ4690ΒΤ-8Ξ9,2022-08-29,ΑΠΟΖΗΜΙΩΣΗ ΕΦΗΜΕΡΙΩΝ ΕΠΙΣΤΗΜΟΝΙΚΟΥ ΠΡΟΣΩΠΙΚΟΥ ΙΟΥΛΙΟΥ/2022,,,,no sponsor block
ΨΒΑΝ4690ΒΤ-ΞΦ5,2022-08-29,ΑΠΟΖΗΜΙΩΣΗ ΕΦΗΜΕΡΙΩΝ ΕΠΙΣΤΗΜΟΝΙΚΟΥ ΠΡΟΣΩΠΙΚΟΥ ΙΟΥΛΙΟΥ/2022,,,,no sponsor block
6ΝΕ14690ΒΤ-ΖΒ9,2022-08-29,ΠΡΟΣΘΕΤΕΣ ΑΜΟΙΒΕΣ ΙΟΥΛΙΟΥ/2022  ΕΠΙΚΟΥΡΙΚΟ ΤΡΙΜΗΝΟ  COVID  ΠΡΟΣΩΠΙΚΟ,,,,no sponsor block
Ω5ΙΟ4690ΒΤ-ΜΗ0,2022-08-29,ΠΡΟΣΘΕΤΕΣ ΑΜΟΙΒΕΣ ΙΟΥΛΙΟΥ/2022  ΕΠΙΚΟΥΡΙΚΟ COVID ΠΡΟΣΩΠΙΚΟ,,,,no sponsor block
ΩΥ6Η4690ΒΤ-ΒΑΠ,2022-08-29,ΠΡΟΣΘΕΤΕΣ ΑΜΟΙΒΕΣ ΙΟΥΛΙΟΥ/2022 ΝΟΣΗΛΕΥΤΙΚΟ ΠΡΟΣΩΠΙΚΟ Ν.Δ 1057/80,,,,no sponsor block
67ΥΗ4690ΒΤ-ΒΟΤ,2022-08-29,ΠΡΟΣΘΕΤΕΣ ΑΜΟΙΒΕΣ ΙΟΥΛΙΟΥ/2022  ΠΡΟΣΩΠΙΚΟ ΕΠΙ ΣΧΕΣΕΙ ΕΡΑΣΙΑΔ Ι.Δ.Α.Χ,,,,no sponsor block
60Φ04690ΒΤ-Κ0Π,2022-08-29,ΠΡΟΣΘΕΤΕΣ ΑΜΟΙΒΕΣ ΙΟΥΛΙΟΥ/2022  ΜΟΝΙΜΟ-ΔΟΚΙΜΟ ΒΟΗΘ.  ΠΡΟΣΩΠΙΚΟ,,,,no sponsor block
67Η44690ΒΤ-87Α,2022-08-29,ΠΡΟΣΘΕΤΕΣ ΑΜΟΙΒΕΣ ΙΟΥΛΙΟΥ/2022 ΝΕΟΠΡΟΣΛΑΜΒΑΝΟΜΕΝΟΙ  Ο.Α.Ε.Δ,,,,no sponsor block
950Ι4690ΒΤ-ΨΥΕ,2022-08-26,ΠΡΟΣΘΕΤΕΣ ΑΜΟΙΒΕΣ ΙΟΥΛΙΟΥ/2022   ΠΡΟΣΩΠΙΚΟ Ι.Δ  Ν.2470/96,,,,no sponsor block
9ΒΑΖ4690ΒΤ-ΠΨΧ,2022-08-26,ΠΡΟΣΘΕΤΕΣ ΑΜΟΙΒΕΣ ΙΟΥΛΙΟΥ/2022  ΔΙΟΙΚΗΤΙΚΟ  ΠΡΟΣΩΠΙΚΟ,,,,no sponsor block
978Δ4690ΒΤ-ΩΜΨ,2022-08-26,ΠΡΟΣΘΕΤΕΣ ΑΜΟΙΒΕΣ ΙΟΥΛΙΟΥ/2022  ΑΠΟΣΠΑΣΜΕΝΟΙ,,,,no sponsor block
Ψ1Β34690ΒΤ-Φ0Ψ,2022-08-26,ΠΡΟΣΘΕΤΕΣ ΑΜΟΙΒΕΣ ΙΟΥΛΙΟΥ/2022  ΜΟΝΙΜΟ-ΔΟΚΙΜΟ  ΠΡΟΣΩΠΙΚΟ ΕΙΔ. ΘΕΣΕΩΝ,,,,no sponsor block
ΨΟ034690ΒΤ-ΣΤ8,2022-08-26,ΠΡΟΣΘΕΤΕΣ ΑΜΟΙΒΕΣ ΙΟΥΛΙΟΥ/2022 ΝΟΣΗΛΕΥΤΙΚΟ ΠΡΟΣΩΠΙΚΟ,,,,no sponsor block
ΨΙΘΡ4690ΒΤ-Θ03,2022-08-26,ΤΑΚΤΙΚΕΣ  ΕΦΗΜΕΡΙΕΣ ΙΟΥΛΙΟΥ/2022  ΕΠΙΚΟΥΡΙΚΟΙ  Ε.Σ.Υ COVID,,,,no sponsor block
Ω3ΝΙ4690ΒΤ-5ΛΛ,2022-08-26,ΤΑΚΤΙΚΕΣ  ΕΦΗΜΕΡΙΕΣ ΙΟΥΛΙΟΥ/2022  ΕΠΙΚΟΥΡΙΚΟΙ  Ε.Σ.Υ,,,,no sponsor block
9ΒΧ84690ΒΤ-70Ψ,2022-08-26,ΤΑΚΤΙΚΕΣ  ΕΦΗΜΕΡΙΕΣ ΙΟΥΛΙΟΥ/2022 ΓΙΑΤΡΟΙ Ε.Σ.Υ EIΔΙΚ/ΝΟΙ,,,,no sponsor block
Ψ2544690ΒΤ-ΧΤΖ,2022-08-26,ΤΑΚΤΙΚΕΣ  ΕΦΗΜΕΡΙΕΣ ΙΟΥΛΙΟΥ/2022 ΓΙΑΤΡΟΙ Ε.Σ.Υ,,,,no sponsor block
9ΠΧ54690ΒΤ-1Ξ8,2022-08-26,ΤΑΚΤΙΚΗ ΜΙΣΘΟΔΟΣΙΑ ΜΕΤΑΠΛΗΡΩΤΕΩΝ  ΑΥΓΟΥΣΤΟΥ/2022 ΕΠΙΚΟΥΡΙΚΟΙ Ε.Σ.Υ ΤΟΥ Ψ/Τ,,,,no sponsor block
ΨΞΔΝ4690ΒΤ-ΠΛ8,2022-08-26,ΤΑΚΤΙΚΗ ΜΙΣΘΟΔΟΣΙΑ ΜΕΤΑΠΛΗΡΩΤΕΩΝ ΑΥΓΟΥΣΤΟΥ/2022  ΠΡΟΣΩΠΙΚΟ ΕΠΙ ΣΧΕΣΕΙ ΕΡΓΑΣΙΑΣ Ι.Δ ΤΟΥ Ψ/Τ,,,,no sponsor block
97ΞΔ4690ΒΤ-Ε2Α,2022-08-26,ΤΑΚΤΙΚΗ ΜΙΣΘΟΔΟΣΙΑ  ΑΥΓΟΥΣΤΟΥ  /2022  ΑΜΙΣΘΟΙ ΤΕΕ ( ΔΙΕΚ ),,,,no sponsor block
ΨΤΝ44690ΒΤ-0Η0,2022-08-26,ΤΑΚΤΙΚΗ ΜΙΣΘΟΔΟΣΙΑ  ΙΟΥΛΙΟΥ /2022  ΑΜΙΣΘΟΙ ΤΕΕ ( ΕΠΑΛ ),,,,no sponsor block
ΨΝΥ44690ΒΤ-606,2022-08-26,ΤΑΚΤΙΚΗ ΜΙΣΘΟΔΟΣΙΑ ΜΕΤΑΠΛΗΡΩΤΕΩΝ ΑΥΓΟΥΣΤΟΥ/2022  ΣΠΟΥΔΑΣΤΕΣ ΠΟΥ ΑΣΚΟΥΝΤ,,,,no sponsor block
60Φ34690ΒΤ-Ζ66,2022-08-26,ΤΑΚΤΙΚΗ ΜΙΣΘΟΔΟΣΙΑ ΜΕΤΑΠΛΗΡΩΤΕΩΝ ΑΥΓΟΥΣΤΟΥ/2022 ΕΠΙΣΤΗΜΟΝΙΚΟ ΠΡΟΣΩΠΙΚΟ,,,,no sponsor block
Ψ4ΩΩ4690ΒΤ-ΤΙ3,2022-08-26,ΑΝΑΔΡΟΜΙΚΑ ΑΥΓΟΥΣΤΟΥ/2022 ΕΠΙΚΟΥΡΙΚΟΙ Ε.Σ.Υ,,,,no sponsor block
6Ο894690ΒΤ-ΖΟΔ,2022-08-26,ΤΑΚΤΙΚΗ ΜΙΣΘΟΔΟΣΙΑ ΜΕΤΑΠΛΗΡΩΤΕΩΝ ΑΥΓΟΥΣΤΟΥ/2022 ΕΠΟΚΟΥΡΙΚΟΙ Ε.Σ.Υ,,,,no sponsor block
ΨΓΨΚ4690ΒΤ-ΘΡ5,2022-08-26,ΤΑΚΤΙΚΗ ΜΙΣΘΟΔΟΣΙΑ ΜΕΤΑΠΛΗΡΩΤΕΩΝ ΑΥΓΟΥΣΤΟΥ/2022 ΝΕΟΠΡΟΣΛΑΜΒΑΝΟΜΕΝΟΙ  ( Ο.Α.Ε.Δ ),,,,no sponsor block
ΨΟΖΙ4690ΒΤ-83Ν,2022-08-26,ΤΑΚΤΙΚΗ ΜΙΣΘΟΔΟΣΙΑ ΜΕΤΑΠΛΗΡΩΤΕΩΝ ΑΥΓΟΥΣΤΟΥ/2022 ΕΠΟΚΟΥΡΙΚΟΙ Ε.Σ.Υ,,,,no sponsor block
6ΦΒΛ4690ΒΤ-Δ2Δ,2022-08-26,ΑΝΑΔΡΟΜΙΚΑ ΑΥΓΟΥΣΤΟΥ/2022 ΕΠΙΚΟΥΡΙΚΟΙ Ε.Σ.Υ,,,,no sponsor block
ΨΒΨΘ4690ΒΤ-ΣΝΗ,2022-08-26,ΤΑΚΤΙΚΗ ΜΙΣΘΟΔΟΣΙΑ ΜΕΤΑΠΛΗΡΩΤΕΩΝ   ΕΠΙΚΟΥΡΙΚΟ  ΠΡΟΣΩΠΙΚΟ ΑΥΓΟΥΣΤΟΥ/2022,,,,no sponsor block
ΨΚ134690ΒΤ-Τ5Ο,2022-08-26,ΤΑΚΤΙΚΗ ΜΙΣΘΟΔΟΣΙΑ ΜΕΤΑΠΛΗΡΩΤΕΩΝ ΑΥΓΟΥΣΤΟΥ/2022  ΤΡΙΜΗΝΟ ΕΠΙΚΟΥΡΙΚΟ  ΠΡΟΣΩΠΙΚΟ,,,,no sponsor block
Ψ4ΚΜ4690ΒΤ-ΨΡ4,2022-08-26,ΠΛΗΡΩΜΗ ΙΑΤΡΩΝ ΑΠΟ ΤΗΝ ΟΛΟΗΜΕΡΗ ΛΕΙΤΟΥΡΓΙΑ ΤΟΥ ΝΟΣΟΚΟΜΕΙΟΥ  ΜΗΝΟΣ  ΙΟΥΛΙΟΥ /2022,,,,no sponsor block
ΨΨΝ14690ΒΤ-36Ξ,2022-08-26,ΠΛΗΡΩΜΗ ΠΡΟΣΩΠΙΚΟΥ ΑΠΟ ΤΗΝ ΟΛΟΗΜΕΡΗ ΛΕΙΤΟΥΡΓΙΑ ΤΟΥ ΝΟΣΟΚΟΜΕΙΟΥ  ΜΗΝΟΣ  ΙΟΥΛΙΟΥ /2022,,,,no sponsor block
ΩΥΓΜ4690ΒΤ-Ν43,2022-08-24,ΤΑΚΤΙΚΗ ΜΙΣΘΟΔΟΣΙΑ  ΑΥΓΟΥΣΤΟΥ /2022 ΠΔΕ-ΕΣΠΑ ΕΠΙΚΟΥΡΙΚΟ ΠΡΟΣΩΠΙΚΟ ΤΟΥ Γ.Ν.Κ     ΥΠ.11/Ο Π Σ 5070506,,,,no sponsor block
Ψ5ΜΨ4690ΒΤ-Π94,2022-08-24,ΠΡΟΣΘΕΤΕΣ ΑΜΟΙΒΕΣ ΙΟΥΛΙΟΥ /2022  ΕΠΙΚΟΥΡΙΚΟ ΠΡΟΣΩΠΙΚΟ ΠΔΕ-ΕΣΠΑ  Γ.Ν.Κ ΥΠ.11/Ο Π Σ 5070506,,,,no sponsor block
Ω3Π84690ΒΤ-Β7Ξ,2022-08-24,ΠΛΗΡΩΜΗ ΠΡΟΣΩΠΙΚΟΥ ΑΠΟ ΤΗΝ ΟΛΟΗΜΕΡΗ ΛΕΙΤΟΥΡΓΙΑ ΤΟΥ ΝΟΣΟΚΟΜΕΙΟΥ  ΜΗΝΟΣ  ΙΟΥΝΙΟΥ /2022,,,,no sponsor block
6ΦΒ24690ΒΤ-ΩΧΕ,2022-08-24,ΠΛΗΡΩΜΗ ΙΑΤΡΩΝ ΑΠΟ ΤΗΝ ΟΛΟΗΜΕΡΗ ΛΕΙΤΟΥΡΓΙΑ ΤΟΥ ΝΟΣΟΚΟΜΕΙΟΥ  ΜΗΝΟΣ  ΙΟΥΝΙΟΥ /2022,,,,no sponsor block
Ψ4ΘΓ4690ΒΤ-ΟΥΗ,2022-08-18,ΤΑΚΤΙΚΗ ΜΙΣΘΟΔΟΣΙΑ ΙΟΥΛΙΟΥ 2022 12ΜΗΝΑ ΟΑΕΔ ΔΗΜ.ΠΡΟΣΚΛΗΣΗ Ν.13/2016,,,,no sponsor block
6ΒΩΜ4690ΒΤ-ΙΘ9,2022-08-18,ΠΡΟΣΘΕΤΕΣ ΑΜΟΙΒΕΣ ΙΟΥΝΙΟΥ  2022 12ΜΗΝΑ ΟΑΕΔ  ΔΗΜ.ΠΡΟΣΚΛΗΣΗ Ν.13/2016,,,,no sponsor block
Ω5ΡΕ4690ΒΤ-5ΟΡ,2022-08-18,ΠΡΟΣΘΕΤΕΣ ΑΜΟΙΒΕΣ ΙΟΥΝΙΟΥ  2022 12ΜΗΝΑ ΟΑΕΔ ΔΗΜ.ΠΡΟΣΚΛΗΣΗ Ν.10/2017,,,,no sponsor block
667Η4690ΒΤ-75Χ,2022-08-18,ΤΑΚΤΙΚΗ ΜΙΣΘΟΔΟΣΙΑ ΙΟΥΛΙΟΥ  2022 12ΜΗΝΑ ΟΑΕΔ ΔΗΜ.ΠΡΟΣΚΛΗΣΗ Ν.10/2017,,,,no sponsor block
ΩΣ0Υ4690ΒΤ-ΗΡΑ,2022-08-02,ΠΡΟΣΘΕΤΕΣ ΕΦΗΜΕΡΙΕΣ ΜΑΡΤΙΟΥ/2022 ΓΙΑΤΡΟΙ Ε.Σ.Υ,,,,no sponsor block
668Ρ4690ΒΤ-ΕΜΨ,2022-08-02,ΠΡΟΣΘΕΤΕΣ ΕΦΗΜΕΡΙΕΣ ΜΑΡΤΙΟΥ/2022 ΓΙΑΤΡΟΙ Ε.Σ.Υ ΕΙΔΙΚ/ΝΟΙ,,,,no sponsor block
ΨΛΞ94690ΒΤ-Ν33,2022-08-02,ΠΡΟΣΘΕΤΕΣ ΕΦΗΜΕΡΙΕΣ ΜΑΡΤΙΟΥ/2022 ΓΙΑΤΡΟΙ Ε.Σ.Υ ΕΠΙΚΟΥΡΙΚΟΙ,,,,no sponsor block
67Τ84690ΒΤ-9ΜΚ,2022-08-02,ΠΡΟΣΘΕΤΕΣ ΕΦΗΜΕΡΙΕΣ ΜΑΡΤΙΟΥ/2022 ΓΙΑΤΡΟΙ Ε.Σ.Υ ΕΠΙΚΟΥΡΙΚΟΙ COVID,,,,no sponsor block
ΨΠΖΩ4690ΒΤ-ΣΝΓ,2022-08-01,ΠΡΟΣΘΕΤΕΣ ΕΦΗΜΕΡΙΕΣ ΜΑΡΤΙΟΥ/2022 ΓΙΑΤΡΟΙ Ε.Σ.Υ   ΤΟΥ Ψ/Τ,,,,no sponsor block
ΨΥ1Η4690ΒΤ-Δ9Χ,2022-08-01,ΠΡΟΣΘΕΤΕΣ ΕΦΗΜΕΡΙΕΣ ΜΑΡΤΙΟΥ/2022 ΓΙΑΤΡΟΙ Ε.Σ.Υ  ΕΙΔΙΚ/ΝΟΙ ΤΟΥ Ψ/Τ,,,,no sponsor block
6ΕΘΛ4690ΒΤ-40Ν,2022-08-01,ΠΡΟΣΘΕΤΕΣ ΕΦΗΜΕΡΙΕΣ ΜΑΡΤΙΟΥ/2022 ΓΙΑΤΡΟΙ Ε.Σ.Υ  ΤΟΥ Κ.Ψ.ΥΓΕΙΑΣ,,,,no sponsor block
6ΡΑΟ4690ΒΤ-Ω6Κ,2022-08-01,ΤΑΚΤΙΚΗ ΜΙΣΘΟΔΟΣΙΑ ΙΟΥΛΙΟΥ/2022 ΕΠΙΚΟΥΡΙΚΟ ΠΡΟΣΩΠΙΚΟ Γ.Ν.Κ COVID,,,,no sponsor block
ΨΗΛΑ4690ΒΤ-Ζ41,2022-08-01,ΤΑΚΤΙΚΗ ΜΙΣΘΟΔΟΣΙΑ ΙΟΥΛΙΟΥ/2022 ΕΠΙΚΟΥΡΙΚΟΙ Ε.Σ.Υ  Γ.Ν.Κ,,,,no sponsor block
ΩΧΘΣ4690ΒΤ-3Ν5,2022-08-01,ΤΑΚΤΙΚΗ ΜΙΣΘΟΔΟΣΙΑ ΙΟΥΛΙΟΥ/2022 ΕΠΙΣΤΗΜΟΝΙΚΟ  ΠΡΟΣΩΠΙΚΟ Γ.Ν.Κ,,,,no sponsor block
6ΟΓΛ4690ΒΤ-ΞΗΣ,2022-08-01,ΑΝΑΔΡΟΜΙΚΑ ΚΛΙΜΑΚΙΟΥ ΜΗΝΟΣ ΙΟΥΛΙΟΥ/2022 ΕΠΙΣΤΗΜΟΝΙΚΟ ΠΡΟΣΩΠΙΚΟ,,,,no sponsor block
6Υ6Ρ4690ΒΤ-Ν91,2022-08-01,ΤΑΚΤΙΚΗ ΜΙΣΘΟΔΟΣΙΑ ΙΟΥΛΙΟΥ/2022  ΝΕΟΠΡΟΣΛΑΜΒΑΝΟΜΕΝΟΙ Ο.Α.Ε.Δ,,,,no sponsor block
ΨΤΦΤ4690ΒΤ-ΔΞΛ,2022-08-01,ΤΑΚΤΙΚΗ ΜΙΣΘΟΔΟΣΙΑ  ΙΟΥΛΙΟΥ  /2022  ΑΜΙΣΘΟΙ ΤΕΕ ( ΔΙΕΚ ),,,,no sponsor block
99ΖΓ4690ΒΤ-7ΗΧ,2022-08-01,ΤΑΚΤΙΚΗ ΜΙΣΘΟΔΟΣΙΑ  ΙΟΥΝΙΟΥ /2022  ΑΜΙΣΘΟΙ ΤΕΕ ( ΕΠΑΛ ),,,,no sponsor block
6Δ2Τ4690ΒΤ-ΝΩΗ,2022-08-01,ΤΑΚΤΙΚΗ ΜΙΣΘΟΔΟΣΙΑ  ΙΟΥΛΙΟΥ/2022 ΣΠΟΥΔΑΣΤΕΣ ΠΟΥ ΑΣΚΟΥΝΤΑΙ,,,,no sponsor block
9ΩΞΗ4690ΒΤ-ΚΤΤ,2022-08-01,ΤΑΚΤΙΚΗ ΜΙΣΘΟΔΟΣΙΑ ΙΟΥΛΙΟΥ /2022 ΤΡΙΜΗΝΟ ΕΠΙΚΟΥΡΙΚΟ ΠΡΟΣΩΠΙΚΟ,,,,no sponsor block
Ψ90Θ4690ΒΤ-ΙΛΖ,2022-08-01,ΤΑΚΤΙΚΗ ΜΙΣΘΟΔΟΣΙΑ ΙΟΥΛΙΟΥ/2022 ΕΠΙΚΟΥΡΙΚΟΙ  Ε.Σ.Υ   ΤΟΥ Γ.Ν.Κ,,,,no sponsor block
6ΦΛ54690ΒΤ-ΒΨΜ,2022-08-01,ΤΑΚΤΙΚΕΣ ΕΦΗΜΕΡΙΕΣ ΙΟΥΝΙΟΥ/2022  ΕΠΙΚΟΥΡΙΚΟΙ Ε.Σ.Υ,,,,no sponsor block
Ψ3ΒΗ4690ΒΤ-94Ι,2022-08-01,ΤΑΚΤΙΚΕΣ ΕΦΗΜΕΡΙΕΣ ΙΟΥΝΙΟΥ/2022  ΕΠΙΚΟΥΡΙΚΟΙ Ε.Σ.Υ,,,,no sponsor block
6ΕΖ74690ΒΤ-ΔΧΚ,2022-08-01,ΤΑΚΤΙΚΕΣ ΕΦΗΜΕΡΙΕΣ ΙΟΥΝΙΟΥ/2022 ΓΙΑΤΡΟΙ Ε.Σ.Υ ΕΙΔΙΚ/ΝΟΙ,,,,no sponsor block
ΩΔΡΑ4690ΒΤ-ΧΩΤ,2022-08-01,ΤΑΚΤΙΚΕΣ ΕΦΗΜΕΡΙΕΣ ΙΟΥΝΙΟΥ/2022 ΓΙΑΤΡΟΙ Ε.Σ.Υ,,,,no sponsor block
ΨΓΘΘ4690ΒΤ-Α9Α,2022-07-29,ΤΑΚΤΙΚΗ ΜΙΣΘΟΔΟΣΙΑ ΙΟΥΛΙΟΥ/2022 ΠΡΟΣΩΠΙΚΟ  ΕΠΙΣΧΕΣΕΙ ΕΡΓΑΣΙΑΣ Ι.Δ  ΤΟΥ Ψ/Τ,,,,no sponsor block
ΩΖΛΔ4690ΒΤ-ΗΑΧ,2022-07-29,ΓΙΑ ΤΗΝ ΑΞΙΑ ΠΛΗΡΩΜΗΣ ΟΔΟΙΠΟΡΙΚΩΝ ΕΞΟΔΩΝ & ΗΜΕΡΗΣΙΑΣ ΑΠΟΖΗΜΙΩΣΗΣ ΥΠΑΛΛΗΛΩΝ ΤΟΥ Γ.Ν .ΚΑΤΕΡΙΝΗΣ,,,,no sponsor block
ΩΔΒ04690ΒΤ-Σ4Β,2022-07-28,ΤΑΚΤΙΚΗ ΜΙΣΘΟΔΟΣΙΑ  ΙΟΥΛΙΟΥ /2022 ΠΔΕ-ΕΣΠΑ ΕΠΙΚΟΥΡΙΚΟ ΠΡΟΣΩΠΙΚΟ ΤΟΥ Γ.Ν.Κ,,,,no sponsor block
900Χ4690ΒΤ-52Ν,2022-07-28,ΠΡΟΣΘΕΤΕΣ ΑΜΟΙΒΕΣ ΙΟΥΝΙΟΥ /2022  ΕΠΙΚΟΥΡΙΚΟ ΠΡΟΣΩΠΙΚΟ ΠΔΕ-ΕΣΠΑ  Γ.Ν.Κ,,,,no sponsor block
ΨΠΣΚ4690ΒΤ-ΖΛ8,2022-07-28,ΑΠΟΖΗΜΙΩΣΗ ΕΦΗΜΕΡΙΩΝ ΕΠΙΣΤΗΜΟΝΙΚΟΥ ΠΡΟΣΩΠΙΚΟΥ ΙΟΥΝΙΟΥ/2022,,,,no sponsor block
6Π3Ξ4690ΒΤ-ΚΨΔ,2022-07-28,ΑΠΟΖΗΜΙΩΣΗ ΕΦΗΜΕΡΙΩΝ ΕΠΙΣΤΗΜΟΝΙΚΟΥ ΠΡΟΣΩΠΙΚΟΥ ΙΟΥΝΙΟΥ/2022,,,,no sponsor block
ΨΖΧ54690ΒΤ-Φ7Υ,2022-07-28,ΠΡΟΣΘΕΤΕΣ ΑΜΟΙΒΕΣ ΙΟΥΝΙΟΥ/2022     ΑΠΟΣΠΑΣΜΕΝΟΙ,,,,no sponsor block
ΨΣΘΦ4690ΒΤ-ΦΥΓ,2022-07-28,ΠΡΟΣΘΕΤΕΣ ΑΜΟΙΒΕΣ ΙΟΥΝΙΟΥ/2022     ΠΡΟΣΩΠΙΚΟ  ΕΠΙ ΣΧΕΣΕΙ ΕΡΓΑΣΙΑΣ Ι.Δ.Α.Χ,,,,no sponsor block
9ΣΜΕ4690ΒΤ-6ΚΨ,2022-07-28,ΠΡΟΣΘΕΤΕΣ ΑΜΟΙΒΕΣ ΙΟΥΝΙΟΥ/2022  ΝΟΣΗΛΕΥΤΙΚΟ    ΠΡΟΣΩΠΙΚΟ  Ν.Δ 1057/80,,,,no sponsor block
Ψ6ΦΘ4690ΒΤ-ΩΣ6,2022-07-28,ΠΡΟΣΘΕΤΕΣ ΑΜΟΙΒΕΣ ΙΟΥΝΙΟΥ/2022  ΜΟΝΙΜΟ-ΔΟΚΙΜΟ    ΠΡΟΣΩΠΙΚΟ  ΕΙΔ.ΘΕΣΕΩΝ,,,,no sponsor block
ΨΚΔ74690ΒΤ-ΤΒ7,2022-07-28,ΠΡΟΣΘΕΤΕΣ ΑΜΟΙΒΕΣ ΙΟΥΝΙΟΥ/2022  ΜΟΝΙΜΟ-ΔΟΚΙΜΟ ΒΟΗΘ.   ΠΡΟΣΩΠΙΚΟ,,,,no sponsor block
9ΚΙΣ4690ΒΤ-4ΜΜ,2022-07-28,ΠΡΟΣΘΕΤΕΣ ΑΜΟΙΒΕΣ ΙΟΥΝΙΟΥ/2022  ΔΙΟΙΚΗΤΙΚΟ   ΠΡΟΣΩΠΙΚΟ,,,,no sponsor block
ΨΝΓΓ4690ΒΤ-ΛΙ8,2022-07-28,ΠΡΟΣΘΕΤΕΣ ΑΜΟΙΒΕΣ ΙΟΥΝΙΟΥ/2022     ΠΡΟΣΩΠΙΚΟ Ι.Δ    Ν.2470/96,,,,no sponsor block
6Γ464690ΒΤ-ΕΚΖ,2022-07-28,ΠΡΟΣΘΕΤΕΣ ΑΜΟΙΒΕΣ ΙΟΥΝΙΟΥ/2022   ΤΡΙΜΗΝΟ ΕΠΙΚΟΥΡΙΚΟ  ΠΡΟΣΩΠΙΚΟ,,,,no sponsor block
Ω2ΧΩ4690ΒΤ-Π5Γ,2022-07-28,ΠΡΟΣΘΕΤΕΣ ΑΜΟΙΒΕΣ ΙΟΥΝΙΟΥ/2022   ΝΕΟΠΡΟΣΛΑΜΒΑΝΟΜΕΝΟ  ΠΡΟΣΩΠΙΚΟ Ο.Α.Ε.Δ,,,,no sponsor block
6ΡΡΑ4690ΒΤ-Κ13,2022-07-28,ΠΡΟΣΘΕΤΕΣ ΑΜΟΙΒΕΣ ΙΟΥΝΙΟΥ/2022  ΕΠΙΚΟΥΡΙΚΟ ΠΡΟΣΩΠΙΚΟ,,,,no sponsor block
ΨΓΝ54690ΒΤ-Ο64,2022-07-27,ΠΡΟΣΘΕΤΕΣ ΑΜΟΙΒΕΣ ΙΟΥΝΙΟΥ/2022 ΝΟΣΗΛΕΥΤΙΚΟ ΠΡΟΣΩΠΙΚΟ,,,,no sponsor block
ΨΘΓ04690ΒΤ-Ψ3Π,2022-07-27,ΤΑΚΤΙΚΕΣ ΕΦΗΜΕΡΙΕΣ ΙΟΥΝΙΟΥ/2022 ΓΙΑΤΡΟΙ Ε.Σ.Υ  ΕΙΔΙΚ/ΝΟΙ    ΤΟΥ Ψ/Τ,,,,no sponsor block
Ψ3Γ34690ΒΤ-ΛΚ0,2022-07-27,ΤΑΚΤΙΚΕΣ ΕΦΗΜΕΡΙΕΣ ΙΟΥΝΙΟΥ/2022 ΓΙΑΤΡΟΙ Ε.Σ.Υ   ΤΟΥ Ψ/Τ,,,,no sponsor block
ΨΠΚΡ4690ΒΤ-ΓΘΩ,2022-07-27,ΤΑΚΤΙΚΕΣ ΕΦΗΜΕΡΙΕΣ ΙΟΥΝΙΟΥ/2022 ΓΙΑΤΡΟΙ Ε.Σ.Υ   ΤΟΥ Κ.Ψ.ΥΓΕΙΑΣ,,,,no sponsor block
941Δ4690ΒΤ-ΔΘΝ,2022-07-27,ΑΠΟΖΗΜΙΩΣΗ ΕΗΜΕΡΙΩΝ ΕΠΙΣΤΗΜΟΝΙΚΟΥ ΠΡΟΣΩΠΙΚΟΥ    ΙΟΥΝΙΟΣ/2022 ΤΟΥ Κ.Ψ.ΥΓΕΙΑΣ,,,,no sponsor block
ΩΖΘ94690ΒΤ-Ι46,2022-07-27,ΑΠΟΖΗΜΙΩΣΗ ΕΗΜΕΡΙΩΝ ΕΠΙΣΤΗΜΟΝΙΚΟΥ ΠΡΟΣΩΠΙΚΟΥ  Ι.Δ.   Ν.Δ 1057/80  ΙΟΥΝΙΟΣ/2022 ΤΟΥ Ψ/ΤΟΜΕΑ,,,,no sponsor block
607Ι4690ΒΤ-Ψ9Η,2022-07-27,ΑΠΟΖΗΜΙΩΣΗ ΕΗΜΕΡΙΩΝ ΕΠΙΣΤΗΜΟΝΙΚΟΥ ΠΡΟΣΩΠΙΚΟΥ ΙΟΥΝΙΟΣ/2022 ΤΟΥ Ψ/ΤΟΜΕΑ,,,,no sponsor block
ΨΤΙΟ4690ΒΤ-Ο9Χ,2022-07-27,ΠΡΟΣΘΕΤΕΣ ΑΜΟΙΒΕΣ ΙΟΥΝΙΟΥ/2022 ΤΡΙΜΗΝΟ  ΕΠΙΚΟΥΡΙΚΟ  ΠΡΟΣΩΠΙΚΟ    ΤΟΥ Ψ/Τ COVID,,,,no sponsor block
908Μ4690ΒΤ-93Ο,2022-07-27,ΠΡΟΣΘΕΤΕΣ ΑΜΟΙΒΕΣ ΙΟΥΝΙΟΥ/2022 ΕΠΙΚΟΥΡΙΚΟ  ΠΡΟΣΩΠΙΚΟ    ΤΟΥ Ψ/Τ,,,,no sponsor block
9ΗΕΟ4690ΒΤ-Ο20,2022-07-27,ΠΡΟΣΘΕΤΕΣ ΑΜΟΙΒΕΣ ΙΟΥΝΙΟΥ/2022 ΜΟΝΙΜΟ ΔΟΚΙΜΟ ΒΟΗΘ.  ΠΡΟΣΩΠΙΚΟ    ΤΟΥ Ψ/Τ,,,,no sponsor block
Ψ50Τ4690ΒΤ-0ΒΝ,2022-07-27,ΠΡΟΣΘΕΤΕΣ ΑΜΟΙΒΕΣ ΙΟΥΝΙΟΥ/2022   ΠΡΟΣΩΠΙΚΟ  ΕΠΙ ΣΧΕΣΕΙ ΕΡΓΑΣΙΑΣ Ι.Δ.Α.Χ   ΤΟΥ Ψ/Τ,,,,no sponsor block
6ΗΓ34690ΒΤ-ΗΚΑ,2022-07-27,ΠΡΟΣΘΕΤΕΣ ΑΜΟΙΒΕΣ ΙΟΥΝΙΟΥ/2022  ΤΕΧΝΙΚΟ ΠΡΟΣΩΠΙΚΟ   ΤΟΥ Ψ/Τ,,,,no sponsor block
ΨΩΓΓ4690ΒΤ-ΨΕΥ,2022-07-27,ΠΡΟΣΘΕΤΕΣ ΑΜΟΙΒΕΣ ΙΟΥΝΙΟΥ/2022  ΝΟΣΗΛΕΥΤΙΚΟ ΠΡΟΣΩΠΙΚΟ Ν.Δ.1057/80  ΤΟΥ Ψ/Τ,,,,no sponsor block
ΩΤ9Σ4690ΒΤ-Ο2Α,2022-07-27,ΠΡΟΣΘΕΤΕΣ ΑΜΟΙΒΕΣ ΙΟΥΝΙΟΥ/2022  ΠΡΟΣΩΠΙΚΟ ΕΠΙ ΣΧΕΣΕΙ ΕΡΓΑΣΙΑΣ  ΤΟΥ Ψ/Τ,,,,no sponsor block
Ψ8ΚΒ4690ΒΤ-ΤΗΓ,2022-07-27,ΠΡΟΣΘΕΤΕΣ ΑΜΟΙΒΕΣ ΙΟΥΝΙΟΥ/2022 ΝΟΣΗΛΕΥΤΙΚΟ ΠΡΟΣΩΠΙΚΟ ΤΟΥ Ψ/Τ,,,,no sponsor block
Ψ8Ε94690ΒΤ-0ΔΙ,2022-07-14,ΠΡΟΣΘΕΤΕΣ ΕΦΗΜΕΡΙΕΣ ΦΕΒΡΟΥΑΡΙΟΥ/2022 ΓΙΑΤΡΟΙ Ε.Σ.Υ ΕΠΙΚΟΥΡΙΚΟΙ,,,,no sponsor block
ΨΝΔΧ4690ΒΤ-8ΝΩ,2022-07-14,ΠΡΟΣΘΕΤΕΣ ΕΦΗΜΕΡΙΕΣ ΦΕΒΡΟΥΑΡΙΟΥ/2022 ΓΙΑΤΡΟΙ Ε.Σ.Υ ΕΙΔΙΚ/ΝΟΙ,,,,no sponsor block
ΨΤΧ14690ΒΤ-Τ5Ν,2022-07-14,ΠΡΟΣΘΕΤΕΣ ΕΦΗΜΕΡΙΕΣ ΦΕΒΡΟΥΑΡΙΟΥ/2022 ΓΙΑΤΡΟΙ Ε.Σ.Υ,,,,no sponsor block
6Μ8Χ4690ΒΤ-ΖΝΒ,2022-07-14,ΠΡΟΣΘΕΤΕΣ ΕΦΗΜΕΡΙΕΣ  ΦΕΒΡΟΥΑΡΙΟΥ /2022  ΓΙΑΤΡΟΙ Ε.Σ.Υ ΕΠΙΚΟΥΡΙΚΟΙ COVID,,,,no sponsor block
6ΦΞΖ4690ΒΤ-ΙΡΥ,2022-07-14,ΠΡΟΣΘΕΤΕΣ ΕΦΗΜΕΡΙΕΣ ΙΑΝΟΥΑΡΙΟΥ /2022  ΓΙΑΤΡΟΙ Ε.Σ.Υ ΕΠΙΚΟΥΡΙΚΟΙ,,,,no sponsor block
ΨΓΙΣ4690ΒΤ-ΓΤΗ,2022-07-14,ΠΡΟΣΘΕΤΕΣ ΕΦΗΜΕΡΙΕΣ ΙΑΝΟΥΑΡΙΟΥ /2022  ΓΙΑΤΡΟΙ Ε.Σ.Υ ΕΙΔΙΚ/ΝΟΙ,,,,no sponsor block
6Ρ324690ΒΤ-0Γ2,2022-07-14,ΠΡΟΣΘΕΤΕΣ ΕΦΗΜΕΡΙΕΣ ΙΑΝΟΥΑΡΙΟΥ /2022  ΓΙΑΤΡΟΙ Ε.Σ.Υ,,,,no sponsor block
Ω53Υ4690ΒΤ-ΡΣΨ,2022-07-14,ΠΡΟΣΘΕΤΕΣ ΕΦΗΜΕΡΙΕΣ ΙΑΝΟΥΑΡΙΟΥ /2022  ΓΙΑΤΡΟΙ Ε.Σ.Υ ΕΠΙΚΟΥΡΙΚΟΙ,,,,no sponsor block
ΨΚΠΛ4690ΒΤ-8ΗΧ,2022-07-14,ΠΡΟΣΘΕΤΕΣ ΕΦΗΜΕΡΙΕΣ ΙΑΝΟΥΑΡΙΟΥ /2022  ΓΙΑΤΡΟΙ Ε.Σ.Υ ΤΟΥ Ψ/Τ,,,,no sponsor block
66ΑΔ4690ΒΤ-212,2022-07-14,ΠΡΟΣΘΕΤΕΣ ΕΦΗΜΕΡΙΕΣ ΙΑΝΟΥΑΡΙΟΥ /2022  ΓΙΑΤΡΟΙ Ε.Σ.Υ  ΕΙΔΙΚ/ΝΟΙ   ΤΟΥ Ψ/Τ,,,,no sponsor block
ΨΡΟΕ4690ΒΤ-Σ7Π,2022-07-14,ΠΡΟΣΘΕΤΕΣ ΕΦΗΜΕΡΙΕΣ ΙΑΝΟΥΑΡΙΟΥ /2022 ΓΙΑΤΡΟΙ Ε.Σ.Υ ΤΟΥ Κ.Ψ.ΥΓΕΙΑΣ,,,,no sponsor block
ΨΝΕΘ4690ΒΤ-3ΨΦ,2022-07-14,ΠΡΟΣΘΕΤΕΣ ΕΦΗΜΕΡΙΕΣ ΦΕΒΡΟΥΑΡΙΟΥ/2022  ΓΙΑΤΡΟΙ Ε.Σ.Υ ΤΟΥ Ψ/Τ,,,,no sponsor block
66404690ΒΤ-ΜΘ8,2022-07-14,ΠΡΟΣΘΕΤΕΣ ΕΦΗΜΕΡΙΕΣ  ΦΕΒΡΟΥΑΡΙΟΥ/2022  ΓΙΑΤΡΟΙ Ε.Σ.Υ  ΕΙΔΙΚ/ΝΟΙ  ΤΟΥ Ψ/Τ,,,,no sponsor block
6ΙΩΧ4690ΒΤ-Ν6Ξ,2022-07-06,ΜΗΝΙΑΙΑ ΑΠΟΖΗΜΙΩΣΗ & ΕΦΗΜΕΡΙΕΣ ΙΑΤΡΩΝ ΣΕ ΕΠΙΤΑΞΗ ΒΑΣΗ ΤΗΣ  Κ.Υ.Α ΑΡΙΘΜΟΣ Γ4Β/Γ.Π ΟΙΚ.22411,,,,no sponsor block
6ΒΖ24690ΒΤ-Ι0Ρ,2022-07-08,ΠΡΟΣΘΕΤΕΣ ΑΜΟΙΒΕΣ  ΜΑΙΟΥ  /2022     12 ΜΗΝΑ ΟΑΕΔ  ΔΗΜ.ΠΡΟΣΚΛΗΣΗ       Νο 10/2017,,,,no sponsor block
6Γ3Τ4690ΒΤ-ΤΑΔ,2022-07-07,ΠΡΟΣΘΕΤΕΣ ΑΜΟΙΒΕΣ  ΜΑΙΟΥ  /2022     12 ΜΗΝΑ ΟΑΕΔ  ΔΗΜ.ΠΡΟΣΚΛΗΣΗ       Νο 13/2016,,,,no sponsor block
9Ε844690ΒΤ-ΟΔ3,2022-07-07,ΤΑΚΤΙΚΗ  ΜΙΣΘΟΔΟΣΙΑ  ΙΟΥΝΙΟΥ /2022      12 ΜΗΝΑ ΟΑΕΔ  ΔΗΜ.ΠΡΟΣΚΛΗΣΗ       Νο 13/2016,,,,no sponsor block
Ψ7ΥΥ4690ΒΤ-ΓΔΔ,2022-07-07,ΤΑΚΤΙΚΗ ΜΙΣΘΟΔΟΣΙΑ  ΙΟΥΝΙΟΥ /2022 12 ΜΗΝΑ Ο.Α.Ε.Δ   ΔΗΜ.ΠΡΟΣΚΛΗΣΗ    Νο 10/2017,,,,no sponsor block
9ΕΩΩ4690ΒΤ-ΓΧΞ,2022-07-07,ΣΥΜΠλΗΡΩΜΑΤΙΚΗ ΤΑΚΤΙΚΗΣ ΜΙΣΘΟΔΟΣΙΑΣ ΜΑΙΟΥ/2022 12 ΜΗΝΑ Ο.Α.Ε.Δ ΔΗΜ.ΠΡΟΣΚΛΗΣΗ  Νο 13/2016,,,,no sponsor block
ΨΥΩ14690ΒΤ-Θ0Γ,2022-07-07,ΤΑΚΤΙΚΗ ΜΙΣΘΟΔΟΣΙΑ  ΙΟΥΝΙΟΥ  /2022  ΑΜΙΣΘΟΙ ΤΕΕ ( ΔΙΕΚ ),,,,no sponsor block
ΩΧΘ04690ΒΤ-9Δ0,2022-07-07,ΤΑΚΤΙΚΗ ΜΙΣΘΟΔΟΣΙΑ  ΜΑΙΟΥ /2022  ΑΜΙΣΘΟΙ ΤΕΕ ( ΕΠΑΛ ),,,,no sponsor block
99ΣΟ4690ΒΤ-ΜΒ2,2022-07-07,ΤΑΚΤΙΚΗ ΜΙΣΘΟΔΟΣΙΑ  ΙΟΥΝΙΟΥ/2022 ΣΠΟΥΔΑΣΤΕΣ ΠΟΥ ΑΣΚΟΥΝΤΑΙ,,,,no sponsor block
612Ψ4690ΒΤ-Δ26,2022-07-07,ΤΑΚΤΙΚΗ ΜΙΣΘΟΔΟΣΙΑ  ΙΟΥΝΙΟΥ/2022  Ο.Α.Ε.Δ  ( ΝΕΟΠΡΟΣΛΑΜΒΑΝΟΜΕΝΟΙ )  ΤΟΥ Γ.Ν.Κ,,,,no sponsor block
ΨΙΖΞ4690ΒΤ-8ΙΖ,2022-07-07,ΤΑΚΤΙΚΗ ΜΙΣΘΟΔΟΣΙΑ ΙΟΥΝΙΟΥ /2022  ΕΠΙΚΟΥΡΙΚΟΙ  Ε.Σ.Υ,,,,no sponsor block
6ΑΖΑ4690ΒΤ-Ο6Θ,2022-07-07,ΤΑΚΤΙΚΗ ΜΙΣΘΟΔΟΣΙΑ ΙΟΥΝΙΟΥ /2022  ΕΠΙΣΤΗΜΟΝΙΚΟ  ΠΡΟΣΩΠΙΚΟ,,,,no sponsor block
612Θ4690ΒΤ-Ψ2Ξ,2022-07-07,ΤΑΚΤΙΚΗ ΜΙΣΘΟΔΟΣΙΑ ΙΟΥΝΙΟΥ /2022 ΤΡΙΜΗΝΟ ΕΠΙΚΟΥΡΙΚΟ ΠΡΟΣΩΠΙΚΟ COVID,,,,no sponsor block
9Κ7Τ4690ΒΤ-74Δ,2022-07-07,ΑΝΑΔΡΟΜΙΚΑ ΙΟΥΝΙΟΥ/22 ΕΠΙΚΟΥΡΙΚΟ ΠΡΟΣΩΠΙΚΟ,,,,no sponsor block
9ΞΖΕ4690ΒΤ-Φ5Ω,2022-07-07,ΤΑΚΤΙΚΗ ΜΙΣΘΟΔΟΣΙΑ ΙΟΥΝΙΟΥ/2022 ΕΠΙΚΟΥΡΙΚΟΙ  Ε.Σ.Υ   ΤΟΥ Γ.Ν.Κ,,,,no sponsor block
9ΨΛ24690ΒΤ-ΙΔΨ,2022-07-07,ΤΑΚΤΙΚΗ ΜΙΣΘΟΔΟΣΙΑ ΙΟΥΝΙΟΥ/2022 ΕΠΙΚΟΥΡΙΚΟ ΠΡΟΣΩΠΙΚΟ Γ.Ν.Κ,,,,no sponsor block
Ψ0ΝΔ4690ΒΤ-ΝΜΓ,2022-07-07,ΤΑΚΤΙΚΕΣ ΕΦΗΜΕΡΙΕΣ ΜΑΙΟΥ/2022 ΓΙΑΤΡΟΙ ΕΣΥ   ΤΟΥ Κ.Ψ.ΥΓΕΙΑΣ,,,,no sponsor block
ΨΚΝ64690ΒΤ-ΜΤΗ,2022-07-07,ΤΑΚΤΙΚΕΣ ΕΦΗΜΕΡΙΕΣ ΜΑΙΟΥ/2022 ΓΙΑΤΡΟΙ ΕΣΥ ΕΙΔ/ΝΟΙ  ΤΟΥ Ψ/Τ,,,,no sponsor block
ΨΜΣ24690ΒΤ-ΔΒΑ,2022-07-07,ΤΑΚΤΙΚΕΣ ΕΦΗΜΕΡΙΕΣ ΜΑΙΟΥ/2022 ΓΙΑΤΡΟΙ ΕΣΥ ΤΟΥ Ψ/Τ,,,,no sponsor block
ΨΑΛ84690ΒΤ-ΦΨ1,2022-07-07,ΤΑΚΤΙΚΕΣ ΕΦΗΜΕΡΙΕΣ ΜΑΙΟΥ /2022 ΓΙΑΤΡΟΙ  Ε.Σ.Υ  ΕΠΙΚΟΥΡΙΚΟΙ  ΤΟΥ  Γ.Ν.Κ,,,,no sponsor block
9Π0Φ4690ΒΤ-9ΩΙ,2022-07-07,ΤΑΚΤΙΚΕΣ ΕΦΗΜΕΡΙΕΣ ΜΑΙΟΥ /2022 ΓΙΑΤΡΟΙ  Ε.Σ.Υ  ΕΠΙΚΟΥΡΙΚΟΙ  ΤΟΥ  Γ.Ν.Κ,,,,no sponsor block
9ΒΙΕ4690ΒΤ-ΝΣΕ,2022-07-07,ΤΑΚΤΙΚΕΣ ΕΦΗΜΕΡΙΕΣ ΜΑΙΟΥ /2022 ΓΙΑΤΡΟΙ  Ε.Σ.Υ  EIΔΙΚ/ΝΟΙ  ΤΟΥ  Γ.Ν.Κ,,,,no sponsor block
ΨΥΑ64690ΒΤ-ΤΚ3,2022-07-07,ΤΑΚΤΙΚΕΣ ΕΦΗΜΕΡΙΕΣ ΜΑΙΟΥ /2022 ΓΙΑΤΡΟΙ  Ε.Σ.Υ ΤΟΥ  Γ.Ν.Κ,,,,no sponsor block
ΨΣ7Υ4690ΒΤ-Κ2Μ,2022-07-07,ΑΠΟΖΗΜΙΩΣΗ ΕΦΗΜΕΡΙΩΝ ΜΑΙΟΥ/2022 ΕΠΙΣΤΗΜΟΝΙΚΟ ΠΡΟΣΩΠΙΚΟ ΤΟΥ Ψ/Τ,,,,no sponsor block
67804690ΒΤ-ΞΟ4,2022-07-07,ΑΠΟΖΗΜΙΩΣΗ ΕΦΗΜΕΡΙΩΝ ΜΑΙΟΥ/2022 ΕΠΙΣΤΗΜΟΝΙΚΟ ΠΡΟΣΩΠΙΚΟ  Ι.Δ   Ν.Δ 1057/ 80 ΤΟΥ Ψ/Τ,,,,no sponsor block
67ΖΤ4690ΒΤ-9ΛΖ,2022-07-07,ΑΠΟΖΗΜΙΩΣΗ ΕΦΗΜΕΡΙΩΝ ΜΑΙΟΥ/2022 ΕΠΙΣΤΗΜΟΝΙΚΟ ΠΡΟΣΩΠΙΚΟ ΤΟΥ Κ.Ψ.ΥΓΕΙΑΣ,,,,no sponsor block
6ΑΧΕ4690ΒΤ-ΓΤΙ,2022-07-07,ΠΡΟΣΘΕΤΕΣ ΑΜΟΙΒΕΣ ΜΑΙΟΥ/2022 ΝΟΣΗΛΕΥΤΙΚΟ  ΠΡΟΣΩΠΙΚΟ  Ν.Δ. 1057/80   ΤΟΥ Ψ/Τ,,,,no sponsor block
6ΞΗΘ4690ΒΤ-81Β,2022-07-07,ΠΡΟΣΘΕΤΕΣ ΑΜΟΙΒΕΣ ΜΑΙΟΥ/2022  ΜΟΝΙΜΟ ΔΟΚΙΜΟ ΒΟΗΘ.  ΠΡΟΣΩΠΙΚΟ  ΤΟΥ Ψ/Τ,,,,no sponsor block
97Ε54690ΒΤ-1ΦΒ,2022-07-07,ΠΡΟΣΘΕΤΕΣ ΑΜΟΙΒΕΣ ΜΑΙΟΥ/2022  ΤΕΧΝΙΚΟ  ΠΡΟΣΩΠΙΚΟ ΤΟΥ Ψ/Τ,,,,no sponsor block
ΨΨ264690ΒΤ-1ΔΤ,2022-07-07,ΠΡΟΣΘΕΤΕΣ ΑΜΟΙΒΕΣ ΜΑΙΟΥ/2022  ΝΟΣΗΛΕΥΤΙΚΟ  ΠΡΟΣΩΠΙΚΟ  ΤΟΥ Ψ/Τ,,,,no sponsor block
63ΤΓ4690ΒΤ-ΩΧΞ,2022-07-07,ΠΡΟΣΘΕΤΕΣ ΑΜΟΙΒΕΣ ΜΑΙΟΥ/2022  ΔΙΟΙΚΗΤΙΚΟ  ΠΡΟΣΩΠΙΚΟ  ΤΟΥ Ψ/Τ,,,,no sponsor block
ΨΝΠ74690ΒΤ-6ΗΘ,2022-07-07,ΠΡΟΣΘΕΤΕΣ ΑΜΟΙΒΕΣ ΜΑΙΟΥ/2022 ΠΡΟΣΩΠΙΚΟ ΕΠΙ ΣΧΕΣΕΙ ΕΡΓΑΣΙΑΣ Ι.Δ.Α.Χ   ΤΟΥ Ψ/Τ,,,,no sponsor block
6ΞΠΒ4690ΒΤ-Φ1Χ,2022-07-07,ΠΡΟΣΘΕΤΕΣ ΑΜΟΙΒΕΣ ΜΑΙΟΥ/2022  ΤΡΙΜΗΝΟ ΕΠΙΚΟΥΡΙΚΟ ΠΡΟΣΩΠΙΚΟ  ΤΟΥ Ψ/Τ,,,,no sponsor block
ΨΜΨ34690ΒΤ-Γ38,2022-07-06,ΠΡΟΣΘΕΤΕΣ ΑΜΟΙΒΕΣ ΜΑΙΟΥ/2022  ΕΠΙΚΟΥΡΙΚΟ  ΠΡΟΣΩΠΙΚΟ  ΤΟΥ Ψ/Τ COVID,,,,no sponsor block
ΨΤ444690ΒΤ-Λ6Ν,2022-07-06,ΠΡΟΣΘΕΤΕΣ ΑΜΟΙΒΕΣ ΜΑΙΟΥ/2022 ΠΡΟΣΩΠΙΚΟ ΕΠΙ ΣΧΕΣΕΙ ΕΡΓΑΣΙΑΣ Ι.Δ ΤΟΥ Ψ/Τ,,,,no sponsor block
Ψ7ΝΒ4690ΒΤ-Ι60,2022-07-06,ΑΠΟΖΗΜΙΩΣΗ ΕΦΗΜΕΡΙΩΝ ΜΑΙΟΥ/2022 ΕΠΙΣΤΗΜΟΝΙΚΟ ΠΡΟΣΩΠΙΚΟ,,,,no sponsor block
9ΠΘΧ4690ΒΤ-2Γ4,2022-07-06,ΑΠΟΖΗΜΙΩΣΗ ΕΦΗΜΕΡΙΩΝ ΜΑΙΟΥ/2022 ΕΠΙΣΤΗΜΟΝΙΚΟ ΠΡΟΣΩΠΙΚΟ,,,,no sponsor block
ΨΒ3Κ4690ΒΤ-ΞΤΖ,2022-07-06,ΠΡΟΣΘΕΤΕΣ ΑΜΟΙΒΕΣ ΜΑΙΟΥ/2022  ΑΠΟΣΠΑΣΜΕΝΟΙ,,,,no sponsor block
Ψ3344690ΒΤ-9ΜΓ,2022-07-06,ΠΡΟΣΘΕΤΕΣ ΑΜΟΙΒΕΣ ΜΑΙΟΥ/2022   ΠΡΟΣΩΠΙΚΟ  ΕΠΙ ΣΧΕΣΕΙ ΕΡΓΑΣΙΑΣ Ι.Δ.Α.Χ,,,,no sponsor block
66ΗΝ4690ΒΤ-ΔΕΒ,2022-07-06,ΠΡΟΣΘΕΤΕΣ ΑΜΟΙΒΕΣ ΜΑΙΟΥ/2022  ΝΟΣΗΛΕΥΤΙΚΟ ΠΡΟΣΩΠΙΚΟ  Ν.Δ  1057/80,,,,no sponsor block
9ΓΥΚ4690ΒΤ-ΒΣ4,2022-07-06,ΠΡΟΣΘΕΤΕΣ ΑΜΟΙΒΕΣ ΜΑΙΟΥ/2022  ΜΟΝΙΜΟ-ΔΟΚΙΜΟ  ΠΡΟΣΩΠΙΚΟ ΕΙΔ. ΘΕΣΕΩΝ,,,,no sponsor block
ΨΙΛ74690ΒΤ-995,2022-07-06,ΠΡΟΣΘΕΤΕΣ ΑΜΟΙΒΕΣ ΜΑΙΟΥ/2022  ΜΟΝΙΜΟ-ΔΟΚΙΜΟ ΒΟΗΘ. ΠΡΟΣΩΠΙΚΟ,,,,no sponsor block
ΩΤΙΑ4690ΒΤ-3ΜΤ,2022-07-06,ΠΡΟΣΘΕΤΕΣ ΑΜΟΙΒΕΣ ΜΑΙΟΥ/2022  ΔΙΟΙΚΗΤΙΚΟ  ΠΡΟΣΩΠΙΚΟ,,,,no sponsor block
ΨΡ114690ΒΤ-ΡΜ0,2022-07-06,ΠΡΟΣΘΕΤΕΣ ΑΜΟΙΒΕΣ ΜΑΙΟΥ/2022  ΠΡΟΣΩΠΙΚΟ  Ι.Δ  Ν. 2470/96,,,,no sponsor block
6Λ904690ΒΤ-236,2022-07-06,ΠΡΟΣΘΕΤΕΣ ΑΜΟΙΒΕΣ ΜΑΙΟΥ/2022  ΤΡΙΜΗΝΟ ΕΠΙΚΟΥΡΙΚΟ ΠΡΟΣΩΠΙΚΟ  COVID,,,,no sponsor block
ΨΤΔΗ4690ΒΤ-32Ι,2022-07-06,ΠΡΟΣΘΕΤΕΣ ΑΜΟΙΒΕΣ ΜΑΙΟΥ/2022  ΝΕΟΠΡΟΣΛΑΜΒΑΝΟΜΕΝΟΙ,,,,no sponsor block
671Ω4690ΒΤ-Σ1Δ,2022-07-06,ΠΡΟΣΘΕΤΕΣ ΑΜΟΙΒΕΣ ΜΑΙΟΥ/2022  ΝΟΣΗΛΕΥΤΙΚΟ  ΠΡΟΣΩΠΙΚΟ ΤΟΥ Γ.Ν.ΚΑΤΕΡ.,,,,no sponsor block
9ΘΛΡ4690ΒΤ-Μ4Ζ,2022-07-06,ΠΡΟΣΘΕΤΕΣ ΑΜΟΙΒΕΣ ΜΑΙΟΥ/2022 ΕΠΙΚΟΥΡΙΚΟ ΠΡΟΣΩΠΙΚΟ ΤΟΥ Γ.Ν.ΚΑΤΕΡ. COVID,,,,no sponsor block
Ω8Α44690ΒΤ-Ψ7Ω,2022-06-29,ΠΡΟΣΘΕΤΕΣ ΑΜΟΙΒΕΣ ΜΑΙΟΥ /2022  ΕΠΙΚΟΥΡΙΚΟ ΠΡΟΣΩΠΙΚΟ ΠΔΕ-ΕΣΠΑ ΥΠ.11/Ο Π Σ 5070506,,,,no sponsor block
94ΑΠ4690ΒΤ-ΡΓΗ,2022-06-28,ΤΑΚΤΙΚΗ ΜΙΣΘΟΔΟΣΙΑ ΙΟΥΝΙΟΥ/2022  ΠΡΟΣΩΠΙΚΟ ΕΠΙ ΣΧΕΣΕΙ ΕΡΓΑΣΙΑΣ Ι.Δ  ΤΟΥ Ψ/Τ,,,,no sponsor block
686Τ4690ΒΤ-ΥΕ2,2022-06-28,ΤΑΚΤΙΚΗ ΜΙΣΘΟΔΟΣΙΑ  ΙΟΥΝΙΟΥ /2022 ΠΔΕ-ΕΣΠΑ ΕΠΙΚΟΥΡΙΚΟ ΠΡΟΣΩΠΙΚΟ ΤΟΥ Γ.Ν.Κ ΥΠ.11/Ο Π Σ 5070506,,,,no sponsor block
Ψ0ΣΒ4690ΒΤ-ΛΨ8,2022-06-27,ΜΗΝΙΑΙΑ ΑΠΟΖΗΜΙΩΣΗ & ΕΦΗΜΕΡΙΕΣ ΙΑΤΡΩΝ ΣΕ ΕΠΙΤΑΞΗ ΒΑΣΗ ΤΗΣ  Κ.Υ.Α ΑΡΙΘΜΟΣ Γ4Β/Γ.Π ΟΙΚ.22411,,,,no sponsor block
6ΦΜ14690ΒΤ-ΛΡΣ,2022-06-27,Συμπληρωματική χρέωση τιμολογίου Νο 18/1-6-2022 & Χ.Ε 1285/2022,,,,no sponsor block
6ΜΑ54690ΒΤ-ΣΝΙ,2022-06-23,ΠΡΟΣΘΕΤΕΣ ΑΜΟΙΒΕΣ ΑΠΡΙΛΙΟΥ/2022 ΝΟΣΗΛΕΥΤΙΚΟ ΠΡΟΣΩΠΙΚΟ  Ν.Δ  1057/80  ΤΟΥ Ψ/ΤΟΜΕΑ,,,,no sponsor block
ΨΞ1Μ4690ΒΤ-ΓΜΔ,2022-06-21,Αποζημίωση εφημεριών βάσει Ν.4850/21 Αρθρο 89  μηνών 4ου  & 5ου /2022   CPV 851000000-0,,,,no sponsor block
6ΛΧΡ4690ΒΤ-ΧΙ6,2022-06-21,ΓΙΑ ΤΗΝ ΑΞΙΑ ΠΛΗΡΩΜΗΣ ΟΔΟΙΠΟΡΙΚΩΝ ΕΞΟΔΩΝ & ΗΜΕΡΗΣΙΑΣ ΑΠΟΖΗΜΙΩΣΗΣ ΥΠΑΛΛΗΛΩΝ ΤΟΥ Γ.Ν .ΚΑΤΕΡΙΝΗΣ,,,,no sponsor block
ΩΤΑ94690ΒΤ-ΘΣΘ,2022-06-15,ΜΗΝΙΑΙΑ ΑΠΟΖΗΜΙΩΣΗ & ΕΦΗΜΕΡΙΕΣ ΙΑΤΡΩΝ ΣΕ ΕΠΙΤΑΞΗ ΒΑΣΗ ΤΗΣ  Κ.Υ.Α ΑΡΙΘΜΟΣ Γ4Β/Γ.Π ΟΙΚ.22411,,,,no sponsor block
Ω8944690ΒΤ-ΙΕΖ,2022-06-15,ΜΗΝΙΑΙΑ ΑΠΟΖΗΜΙΩΣΗ & ΕΦΗΜΕΡΙΕΣ ΙΑΤΡΩΝ ΣΕ ΕΠΙΤΑΞΗ ΒΑΣΗ ΤΗΣ  Κ.Υ.Α ΑΡΙΘΜΟΣ Γ4Β/Γ.Π ΟΙΚ.22411,,,,no sponsor block
69ΞΙ4690ΒΤ-ΛΗ6,2022-06-15,ΜΗΝΙΑΙΑ ΑΠΟΖΗΜΙΩΣΗ & ΕΦΗΜΕΡΙΕΣ ΙΑΤΡΩΝ ΣΕ ΕΠΙΤΑΞΗ ΒΑΣΗ ΤΗΣ  Κ.Υ.Α ΑΡΙΘΜΟΣ Γ4Β/Γ.Π ΟΙΚ.22411,,,,no sponsor block
Ψ0ΕΗ4690ΒΤ-Ψ5Δ,2022-06-15,ΜΗΝΙΑΙΑ ΑΠΟΖΗΜΙΩΣΗ & ΕΦΗΜΕΡΙΕΣ ΙΑΤΡΩΝ ΣΕ ΕΠΙΤΑΞΗ ΒΑΣΗ ΤΗΣ  Κ.Υ.Α ΑΡΙΘΜΟΣ Γ4Β/Γ.Π ΟΙΚ.22411,,,,no sponsor block
62274690ΒΤ-6ΑΑ,2022-06-15,ΜΗΝΙΑΙΑ ΑΠΟΖΗΜΙΩΣΗ & ΕΦΗΜΕΡΙΕΣ ΙΑΤΡΩΝ ΣΕ ΕΠΙΤΑΞΗ ΒΑΣΗ ΤΗΣ  Κ.Υ.Α ΑΡΙΘΜΟΣ Γ4Β/Γ.Π ΟΙΚ.22411,,,,no sponsor block
6Υ9Ο4690ΒΤ-0ΘΦ,2022-06-15,ΜΗΝΙΑΙΑ ΑΠΟΖΗΜΙΩΣΗ & ΕΦΗΜΕΡΙΕΣ ΙΑΤΡΩΝ ΣΕ ΕΠΙΤΑΞΗ ΒΑΣΗ ΤΗΣ  Κ.Υ.Α ΑΡΙΘΜΟΣ Γ4Β/Γ.Π ΟΙΚ.22411,,,,no sponsor block
61ΕΦ4690ΒΤ-Ε0Φ,2022-06-15,ΜΗΝΙΑΙΑ ΑΠΟΖΗΜΙΩΣΗ & ΕΦΗΜΕΡΙΕΣ ΙΑΤΡΩΝ ΣΕ ΕΠΙΤΑΞΗ ΒΑΣΗ ΤΗΣ  Κ.Υ.Α ΑΡΙΘΜΟΣ Γ4Β/Γ.Π ΟΙΚ.22411,,,,no sponsor block
6ΓΒΧ4690ΒΤ-ΥΓΘ,2022-06-14,ΠΛΗΡΩΜΗ ΠΡΟΣΩΠΙΚΟΥ ΑΠΟ ΤΗΝ ΟΛΟΗΜΕΡΗ ΛΕΙΤΟΥΡΓΙΑ ΤΟΥ ΝΟΣΟΚΟΜΕΙΟΥ  ΜΗΝΟΣ  ΜΑΙΟΥ /2022,,,,no sponsor block
ΩΤ904690ΒΤ-ΒΦΞ,2022-06-14,ΠΛΗΡΩΜΗ ΙΑΤΡΩΝ ΑΠΟ ΤΗΝ ΟΛΟΗΜΕΡΗ ΛΕΙΤΟΥΡΓΙΑ ΤΟΥ ΝΟΣΟΚΟΜΕΙΟΥ  ΜΗΝΟΣ  ΜΑΙΟΥ /2022,,,,no sponsor block
9ΓΤΥ4690ΒΤ-ΤΜΓ,2022-06-08,ΠΡΟΣΘΕΤΕΣ ΑΜΟΙΒΕΣ  ΑΠΡΙΛΙΟΥ  /2022     12 ΜΗΝΑ ΟΑΕΔ  ΔΗΜ.ΠΡΟΣΚΛΗΣΗ       Νο 13/2016,,,,no sponsor block
6ΝΠΗ4690ΒΤ-1Β7,2022-06-08,ΠΡΟΣΘΕΤΕΣ ΑΜΟΙΒΕΣ  ΑΠΡΙΛΙΟΥ  /2022     12 ΜΗΝΑ ΟΑΕΔ  ΔΗΜ.ΠΡΟΣΚΛΗΣΗ       Νο 10/2017,,,,no sponsor block
6ΒΔ64690ΒΤ-87Ζ,2022-06-08,ΤΑΚΤΙΚΗ  ΜΙΣΘΟΔΟΣΙΑ  ΜΑΙΟΥ /2022      12 ΜΗΝΑ ΟΑΕΔ  ΔΗΜ.ΠΡΟΣΚΛΗΣΗ       Νο 13/2016,,,,no sponsor block
ΨΔ224690ΒΤ-ΞΙΣ,2022-06-08,ΤΑΚΤΙΚΗ ΜΙΣΘΟΔΟΣΙΑ ΜΑΙΟΥ /2022 12 ΜΗΝΑ Ο.Α.Ε.Δ   ΔΗΜ.ΠΡΟΣΚΛΗΣΗ    Νο 10/2017,,,,no sponsor block
ΩΤΜΞ4690ΒΤ-ΘΥ1,2022-06-02,ΜΗΝΙΑΙΑ ΑΠΟΖΗΜΙΩΣΗ & ΕΦΗΜΕΡΙΕΣ ΙΑΤΡΩΝ ΣΕ ΕΠΙΤΑΞΗ ΒΑΣΗ ΤΗΣ  Κ.Υ.Α ΑΡΙΘΜΟΣ Γ4Β/Γ.Π ΟΙΚ.22411,,,,no sponsor block
Ψ4604690ΒΤ-Ο14,2022-06-02,ΜΗΝΙΑΙΑ ΑΠΟΖΗΜΙΩΣΗ & ΕΦΗΜΕΡΙΕΣ ΙΑΤΡΩΝ ΣΕ ΕΠΙΤΑΞΗ ΒΑΣΗ ΤΗΣ  Κ.Υ.Α ΑΡΙΘΜΟΣ Γ4Β/Γ.Π ΟΙΚ.22411,,,,no sponsor block
6ΡΙΛ4690ΒΤ-5ΨΞ,2022-06-02,ΜΗΝΙΑΙΑ ΑΠΟΖΗΜΙΩΣΗ & ΕΦΗΜΕΡΙΕΣ ΙΑΤΡΩΝ ΣΕ ΕΠΙΤΑΞΗ ΒΑΣΗ ΤΗΣ  Κ.Υ.Α ΑΡΙΘΜΟΣ Γ4Β/Γ.Π ΟΙΚ.22411,,,,no sponsor block
6ΚΧ24690ΒΤ-ΖΩΜ,2022-06-02,ΜΗΝΙΑΙΑ ΑΠΟΖΗΜΙΩΣΗ & ΕΦΗΜΕΡΙΕΣ ΙΑΤΡΩΝ ΣΕ ΕΠΙΤΑΞΗ ΒΑΣΗ ΤΗΣ  Κ.Υ.Α ΑΡΙΘΜΟΣ Γ4Β/Γ.Π ΟΙΚ.22411,,,,no sponsor block
Ψ3174690ΒΤ-Κ1Α,2022-06-02,ΜΗΝΙΑΙΑ ΑΠΟΖΗΜΙΩΣΗ & ΕΦΗΜΕΡΙΕΣ ΙΑΤΡΩΝ ΣΕ ΕΠΙΤΑΞΗ ΒΑΣΗ ΤΗΣ  Κ.Υ.Α ΑΡΙΘΜΟΣ Γ4Β/Γ.Π ΟΙΚ.22411,,,,no sponsor block
ΨΟΛ74690ΒΤ-8Ο1,2022-06-02,ΤΑΚΤΙΚΗ ΜΙΣΘΟΔΟΣΙΑ  ΜΑΙΟΥ /2022  ΠΡΟΣΩΠΙΚΟ ΕΠΙ ΣΧΕΣΕΙ ΕΡΓΑΣΙΑΣ Ι.Δ,,,,no sponsor block
ΨΡΧ64690ΒΤ-ΡΕΧ,2022-06-01,ΤΑΚΤΙΚΗ ΜΙΣΘΟΔΟΣΙΑ  ΜΑΙΟΥ /2022  ΝΕΟΠΡΟΣΛΑΜΒΑΝΟΜΕΝΟΙ,,,,no sponsor block
946Γ4690ΒΤ-Κ7Λ,2022-06-01,ΤΑΚΤΙΚΗ ΜΙΣΘΟΔΟΣΙΑ  MAIOY  /2022  ΣΠΟΥΔΑΣΤΕΣ ΠΟΥ ΑΣΚΟΥΝΤΑΙ,,,,no sponsor block
ΨΧΜ84690ΒΤ-63Μ,2022-06-01,ΤΑΚΤΙΚΗ ΜΙΣΘΟΔΟΣΙΑ  ΜΑΙΟΥ /2022  ΑΜΙΣΘΟΙ ΤΕΕ ( ΔΙΕΚ ),,,,no sponsor block
94Σ64690ΒΤ-7ΔΣ,2022-06-01,ΤΑΚΤΙΚΗ ΜΙΣΘΟΔΟΣΙΑ  ΑΠΡΙΛΙΟΥ /2022  ΑΜΙΣΘΟΙ ΤΕΕ ( ΕΠΑΛ ),,,,no sponsor block
Ψ73Ρ4690ΒΤ-ΦΜΜ,2022-06-01,ΤΑΚΤΙΚΗ ΜΙΣΘΟΔΟΣΙΑ ΜΑΙΟΥ/2022  ΕΠΙΣΤΗΜΟΝΙΚΟ  ΠΡΟΣΩΠΙΚΟ,,,,no sponsor block
9Δ044690ΒΤ-Ψ60,2022-06-01,ΤΑΚΤΙΚΗ ΜΙΣΘΟΔΟΣΙΑ ΜΑΙΟΥ/2022 ΤΡΙΜΗΝΟ ΕΠΙΚΟΥΡΙΚΟ ΠΡΟΣΩΠΙΚΟ,,,,no sponsor block
9ΒΡ74690ΒΤ-ΖΚΘ,2022-06-01,ΑΝΑΔΡΟΜΙΚΑ ΜΑΙΟΥ/2022  ΕΠΙΚΟΥΡΙΚΟΙ Ε.Σ.Υ COVID,,,,no sponsor block
60ΨΡ4690ΒΤ-6Σ5,2022-06-01,ΑΝΑΔΡΟΜΙΚΑ ΜΑΙΟΥ/2022  ΕΠΙΚΟΥΡΙΚΟΙ Ε.Σ.Υ,,,,no sponsor block
9ΜΙ64690ΒΤ-3ΘΓ,2022-06-01,ΤΑΚΤΙΚΗ ΜΙΣΘΟΔΟΣΙΑ ΜΑΙΟΥ/2022 ΕΠΙΚΟΥΡΙΚΟΙ  Ε.Σ.Υ ΤΟΥ  Γ.Ν.Κ,,,,no sponsor block
6Α7Η4690ΒΤ-ΣΝΠ,2022-06-01,ΑΝΑΔΡΟΜΙΚΑ ΜΑΙΟΥ/2022 ΕΠΙΚΟΥΡΙΚΟΙ Ε.Σ.Υ COVID,,,,no sponsor block
96ΓΨ4690ΒΤ-Χ2Β,2022-06-01,ΤΑΚΤΙΚΗ ΜΙΣΘΟΔΟΣΙΑ ΜΑΙΟΥ/2022 ΕΠΙΚΟΥΡΙΚΟΙ Ε.Σ.Υ  Γ.Ν.Κ,,,,no sponsor block
ΨΥΨ84690ΒΤ-ΦΙ8,2022-06-01,ΤΑΚΤΙΚΗ ΜΙΣΘΟΔΟΣΙΑ ΜΑΙΟΥ/2022 ΕΠΙΚΟΥΡΙΚΟ ΠΡΟΣΩΠΙΚΟ Γ.Ν.Κ COVID,,,,no sponsor block
ΨΑΧ34690ΒΤ-ΗΦΚ,2022-06-01,ΑΝΑΔΡΟΜΙΚΑ  ΜΑΙΟΥ /2022 ΠΔΕ-ΕΣΠΑ ΕΠΙΚΟΥΡΙΚΟ ΠΡΟΣΩΠΙΚΟ ΤΟΥ Γ.Ν.Κ ΥΠ.11/Ο Π Σ 5070506,,,,no sponsor block
ΩΣΓΜ4690ΒΤ-Ξ4Β,2022-06-01,ΤΑΚΤΙΚΗ ΜΙΣΘΟΔΟΣΙΑ ΜΑΙΟΥ /2022 ΠΔΕ-ΕΣΠΑ ΕΠΙΚΟΥΡΙΚΟ ΠΡΟΣΩΠΙΚΟ ΤΟΥ Γ.Ν.Κ ΥΠ.11/Ο Π Σ 5070506,,,,no sponsor block
94ΔΥ4690ΒΤ-ΜΣ0,2022-05-30,ΤΑΚΤΙΚΕΣ ΕΦΗΜΕΡΙΕΣ ΑΠΡΙΛΙΟΥ/2022 ΓΙΑΤΡΟΙ Ε.Σ.Υ   ΕΠΙΚΟΥΡΙΚΟΙ  ΤΟΥ Γ.Ν.Κ COVID,,,,no sponsor block
621Η4690ΒΤ-ΞΦΕ,2022-05-30,ΤΑΚΤΙΚΕΣ ΕΦΗΜΕΡΙΕΣ ΑΠΡΙΛΙΟΥ/2022 ΓΙΑΤΡΟΙ Ε.Σ.Υ  ΕΠΙΚΟΥΡΙΚΟΙ  ΤΟΥ Γ.Ν.Κ,,,,no sponsor block
96ΔΟ4690ΒΤ-ΠΟΓ,2022-05-30,ΤΑΚΤΙΚΕΣ ΕΦΗΜΕΡΙΕΣ ΑΠΡΙΛΙΟΥ/2022 ΓΙΑΤΡΟΙ Ε.Σ.Υ  ΕΙΔ/ΝΟΙ  ΤΟΥ Γ.Ν.Κ,,,,no sponsor block
9ΒΔΔ4690ΒΤ-438,2022-05-30,ΤΑΚΤΙΚΕΣ ΕΦΗΜΕΡΙΕΣ ΑΠΡΙΛΙΟΥ/2022 ΓΙΑΤΡΟΙ Ε.Σ.Υ ΤΟΥ Γ.Ν.Κ,,,,no sponsor block
64ΑΗ4690ΒΤ-ΗΕΒ,2022-05-30,ΑΠΟΖΗΜΙΩΣΗ ΕΦΗΜΕΡΙΩΝ ΑΠΡΙΛΙΟΥ/2022  ΕΠΙΣΤΗΜΟΝΙΚΟ ΠΡΟΣΩΠΙΚΟ ΤΟΥ Γ.Ν.Κ,,,,no sponsor block
6ΤΤΥ4690ΒΤ-Σ5Λ,2022-05-30,ΑΠΟΖΗΜΙΩΣΗ ΕΦΗΜΕΡΙΩΝ ΑΠΡΙΛΙΟΥ/2022  ΕΠΙΣΤΗΜΟΝΙΚΟ ΠΡΟΣΩΠΙΚΟ ΤΟΥ Γ.Ν.Κ,,,,no sponsor block
ΨΧΣΒ4690ΒΤ-ΧΤΑ,2022-05-30,ΠΡΟΣΘΕΤΕΣ ΑΜΟΙΒΕΣ ΑΠΡΙΛΙΟΥ/2022  Ο.Α.Ε.Δ  ( ΝΕΟΠΡΟΣΛΑΜΒΑΝΟΜΕΝΟΙ )  ΤΟΥ Γ.Ν.Κ,,,,no sponsor block
6ΡΔΘ4690ΒΤ-97Φ,2022-05-30,ΠΡΟΣΘΕΤΕΣ ΑΜΟΙΒΕΣ ΑΠΡΙΛΙΟΥ/2022  ΝΟΣΗΛΕΥΤΙΚΟ  ΠΡΟΣΩΠΙΚΟ  Ν.Δ 1057/80   ΤΟΥ Γ.Ν.Κ,,,,no sponsor block
6Ω1Β4690ΒΤ-9Β2,2022-05-30,ΠΡΟΣΘΕΤΕΣ ΑΜΟΙΒΕΣ ΑΠΡΙΛΙΟΥ/2022  ΜΟΝΙΜΟ-ΔΟΚΙΜΟ-ΒΟΗΘ.  ΠΡΟΣΩΠΙΚΟ    ΤΟΥ Γ.Ν.Κ,,,,no sponsor block
6ΤΛΚ4690ΒΤ-ΤΗΒ,2022-05-30,ΠΡΟΣΘΕΤΕΣ ΑΜΟΙΒΕΣ ΑΠΡΙΛΙΟΥ/2022  ΔΙΟΙΚΗΤΙΚΟ  ΠΡΟΣΩΠΙΚΟ    ΤΟΥ Γ.Ν.Κ,,,,no sponsor block
ΩΥΕΠ4690ΒΤ-ΙΚ3,2022-05-30,ΠΡΟΣΘΕΤΕΣ ΑΜΟΙΒΕΣ ΑΠΡΙΛΙΟΥ/2022    ΠΡΟΣΩΠΙΚΟ  Ι.Δ  Ν.2470/96   ΤΟΥ Γ.Ν.Κ,,,,no sponsor block
ΨΧΧ14690ΒΤ-4ΓΔ,2022-05-30,ΠΡΟΣΘΕΤΕΣ ΑΜΟΙΒΕΣ ΑΠΡΙΛΙΟΥ/2022  ΤΡΙΜΗΝΟ  ΕΠΙΚΟΥΡΙΚΟ   ΠΡΟΣΩΠΙΚΟ    ΤΟΥ Γ.Ν.Κ   COVID,,,,no sponsor block
64924690ΒΤ-ΛΓΒ,2022-05-30,ΠΡΟΣΘΕΤΕΣ ΑΜΟΙΒΕΣ ΑΠΡΙΛΙΟΥ/2022    ΠΡΟΣΩΠΙΚΟ  ΕΠΙ ΣΧΕΣΕΙ ΕΡΓΑΣΙΑΣ Ι.Δ.Α.Χ  ΤΟΥ Γ.Ν.Κ,,,,no sponsor block
64Λ44690ΒΤ-Ο2Π,2022-05-30,ΠΡΟΣΘΕΤΕΣ ΑΜΟΙΒΕΣ ΑΠΡΙΛΙΟΥ/2022  ΑΠΟΣΠΑΣΜΕΝΟΙ,,,,no sponsor block
60Ν24690ΒΤ-ΖΗΨ,2022-05-30,ΠΡΟΣΘΕΤΕΣ ΑΜΟΙΒΕΣ ΑΠΡΙΛΙΟΥ/2022  ΜΟΝΙΜΟ-ΔΟΚΙΜΟ  ΠΡΟΣΩΠΙΚΟ  ΕΙΔ. ΘΕΣΕΩΝ   ΤΟΥ Γ.Ν.Κ,,,,no sponsor block
Ω3ΒΕ4690ΒΤ-ΞΘ6,2022-05-30,ΠΡΟΣΘΕΤΕΣ ΑΜΟΙΒΕΣ ΑΠΡΙΛΙΟΥ/2022  ΕΠΙΚΟΥΡΙΚΟ   ΠΡΟΣΩΠΙΚΟ  ΤΟΥ Γ.Ν.Κ COVID,,,,no sponsor block
Ψ88Ζ4690ΒΤ-85Ν,2022-05-30,ΠΡΟΣΘΕΤΕΣ ΑΜΟΙΒΕΣ ΑΠΡΙΛΙΟΥ/2022  ΝΟΣΗΛΕΥΤΙΚΟ   ΠΡΟΣΩΠΙΚΟ  ΤΟΥ Γ.Ν.Κ,,,,no sponsor block
ΨΙ1Η4690ΒΤ-ΝΩ2,2022-05-30,ΑΠΟΖΗΜΙΩΣΗ ΕΦΗΜΕΡΙΩΝ    ΑΠΡΙΛΙΟΥ/2022    ΕΠΙΣΤΗΜΟΝΙΚΟΥ ΠΡΟΣΩΠΙΚΟΥ  ΤΟΥ Κ.Ψ.ΥΓΕΙΑΣ,,,,no sponsor block
ΩΣΦΧ4690ΒΤ-14Ο,2022-05-30,ΑΠΟΖΗΜΙΩΣΗ ΕΦΗΜΕΡΙΩΝ    ΑΠΡΙΛΙΟΥ/2022    ΕΠΙΣΤΗΜΟΝΙΚΟΥ ΠΡΟΣΩΠΙΚΟΥ  ΤΟΥ Ψ/ΤΟΜΕΑ,,,,no sponsor block
91ΝΦ4690ΒΤ-ΔΩ5,2022-05-30,ΑΠΟΖΗΜΙΩΣΗ ΕΦΗΜΕΡΙΩΝ    ΑΠΡΙΛΙΟΥ/2022    ΕΠΙΣΤΗΜΟΝΙΚΟΥ ΠΡΟΣΩΠΙΚΟΥ   Ι.Δ    Ν.Δ 1057/80,,,,no sponsor block
9Ε5Θ4690ΒΤ-4ΤΣ,2022-05-30,ΠΡΟΣΘΕΤΕΣ ΑΜΟΙΒΕΣ ΑΠΡΙΛΙΟΥ/2022  ΤΕΧΝΙΚΟ  ΠΡΟΣΩΠΙΚΟ  ΤΟΥ Ψ/ΤΟΜΕΑ,,,,no sponsor block
69ΥΓ4690ΒΤ-Θ58,2022-05-30,ΠΡΟΣΘΕΤΕΣ ΑΜΟΙΒΕΣ ΑΠΡΙΛΙΟΥ/2022    ΠΡΟΣΩΠΙΚΟ ΕΠΙ ΣΧΕΣΕΙ ΕΡΓΑΣΙΑΣ  Ι.Δ.Α.Χ  ΤΟΥ Ψ/ΤΟΜΕΑ,,,,no sponsor block
ΨΝ5Λ4690ΒΤ-6ΔΗ,2022-05-30,ΠΡΟΣΘΕΤΕΣ ΑΜΟΙΒΕΣ ΑΠΡΙΛΙΟΥ/2022  ΕΠΙΚΟΥΡΙΚΟ  ΠΡΟΣΩΠΙΚΟ  ΤΟΥ Ψ/ΤΟΜΕΑ COVID,,,,no sponsor block
940Η4690ΒΤ-ΞΓΙ,2022-05-30,ΠΡΟΣΘΕΤΕΣ ΑΜΟΙΒΕΣ ΑΠΡΙΛΙΟΥ/2022  ΕΠΙΚΟΥΡΙΚΟ  ΠΡΟΣΩΠΙΚΟ  ΤΟΥ Ψ/ΤΟΜΕΑ ΤΡΙΜΗΝΑ  COVID,,,,no sponsor block
ΨΕ1Ο4690ΒΤ-44Σ,2022-05-30,ΠΡΟΣΘΕΤΕΣ ΑΜΟΙΒΕΣ ΑΠΡΙΛΙΟΥ/2022  ΜΟΝΙΜΟ-ΔΟΚΙΜΟ ΒΟΗΘ. ΠΡΟΣΩΠΙΚΟ  ΤΟΥ Ψ/ΤΟΜΕΑ,,,,no sponsor block
ΨΜ1Χ4690ΒΤ-ΟΔΞ,2022-05-30,ΠΡΟΣΘΕΤΕΣ ΑΜΟΙΒΕΣ ΑΠΡΙΛΙΟΥ /2022  ΠΡΟΣΩΠΙΚΟ ΕΠΙ ΣΧΕΣΕΙ ΕΡΓΑΣΙΑΣ Ι.Δ  ΤΟΥ Ψ/ΤΟΜΕΑ,,,,no sponsor block
62ΛΜ4690ΒΤ-2ΦΩ,2022-05-30,ΠΡΟΣΘΕΤΕΣ ΑΜΟΙΒΕΣ ΑΠΡΙΛΙΟΥ/2022 ΝΟΣΗΛΕΥΤΙΚΟ ΠΡΟΣΩΠΙΚΟ ΤΟΥ Ψ/ΤΟΜΕΑ,,,,no sponsor block
ΩΧΙΔ4690ΒΤ-ΜΥ9,2022-05-30,ΤΑΚΤΙΚΕΣ ΕΦΗΜΕΡΙΕΣ ΑΠΡΙΛΙΟΥ /2022 ΓΙΑΤΡΟΙ Ε.Σ.Υ  ΤΟΥ Κ.Ψ.ΥΓΕΙΑΣ,,,,no sponsor block
6ΘΓΠ4690ΒΤ-ΝΜ8,2022-05-30,ΤΑΚΤΙΚΕΣ ΕΦΗΜΕΡΙΕΣ ΑΠΡΙΛΙΟΥ /2022 ΓΙΑΤΡΟΙ Ε.Σ.Υ  ΕΙΔ/ΝΟΙ  ΤΟΥ Ψ/ΤΟΜΕΑ,,,,no sponsor block
6ΓΗΖ4690ΒΤ-Λ1Α,2022-05-30,ΤΑΚΤΙΚΕΣ ΕΦΗΜΕΡΙΕΣ ΑΠΡΙΛΙΟΥ /2022 ΓΙΑΤΡΟΙ Ε.Σ.Υ  ΤΟΥ Ψ/ΤΟΜΕΑ,,,,no sponsor block
62ΤΛ4690ΒΤ-ΩΚ5,2022-05-30,ΠΡΟΣΘΕΤΕΣ ΑΜΟΙΒΕΣ ΑΠΡΙΛΙΟΥ /2022  ΕΠΙΚΟΥΡΙΚΟ ΠΡΟΣΩΠΙΚΟ ΠΔΕ-ΕΣΠΑ  Γ.Ν.Κ ΥΠ.11/Ο Π Σ 5070506,,,,no sponsor block
6ΥΘΠ4690ΒΤ-ΚΒ3,2023-03-20,ΓΙΑ ΤΗΝ ΑΞΙΑ ΠΛΗΡΩΜΗΣ ΟΔΟΙΠΟΡΙΚΩΝ ΕΞΟΔΩΝ & ΗΜΕΡΗΣΙΑΣ ΑΠΟΖΗΜΙΩΣΗΣ ΥΠΑΛΛΗΛΩΝ ΤΟΥ Γ.Ν .ΚΑΤΕΡΙΝΗΣ,,,,no sponsor block
ΨΗΓ94690ΒΤ-ΖΘΒ,2023-03-17,ΓΙΑ ΤΗΝ ΑΞΙΑ ΠΛΗΡΩΜΗΣ ΟΔΟΙΠΟΡΙΚΩΝ ΕΞΟΔΩΝ & ΗΜΕΡΗΣΙΑΣ ΑΠΟΖΗΜΙΩΣΗΣ ΥΠΑΛΛΗΛΩΝ ΤΟΥ Γ.Ν .ΚΑΤΕΡΙΝΗΣ,,,,no sponsor block
6ΜΜ84690ΒΤ-ΛΥΖ,2023-03-16,ΑΝΑΔΡΟΜΙΚΑ ΝΕΟΥ ΜΙΣΘΟΛΟΓΙΟΥ ΓΙΑΤΡΩΝ ΕΠΙΚΟΥΡΙΚΟΙ Ε.Σ.Υ   Ν.4999/2022 ( Απο 28-6-2022 εως 31-1-2023,,,,no sponsor block
60Η74690ΒΤ-ΠΝΖ,2023-03-16,ΑΝΑΔΡΟΜΙΚΑ ΝΕΟΥ ΜΙΣΘΟΛΟΓΙΟΥ ΓΙΑΤΡΩΝ ΕΠΙΚΟΥΡΙΚΟΙ Ε.Σ.Υ  ΤΟΥ Ψ/Τ   Ν.4999/2022 ( Απο 28-6-2022 εως 31-1-2023,,,,no sponsor block
6ΚΖΚ4690ΒΤ-0ΤΥ,2023-03-16,ΑΝΑΔΡΟΜΙΚΑ ΝΕΟΥ ΜΙΣΘΟΛΟΓΙΟΥ ΓΙΑΤΡΩΝ ΕΠΙΚΟΥΡΙΚΟΙ Ε.Σ.Υ   Ν.4999/2022 ( Απο 28-6-2022 εως 31-1-2023,,,,no sponsor block
9ΠΓΜ4690ΒΤ-ΩΒΟ,2023-03-16,ΠΡΟΣΘΕΤΕΣ ΑΜΟΙΒΕΣ  ΙΑΝΟΥΑΡΙΟΥ /2022     12 ΜΗΝΑ ΟΑΕΔ  ΔΗΜ.ΠΡΟΣΚΛΗΣΗ       Νο 13/2016,,,,no sponsor block
62ΓΝ4690ΒΤ-ΟΞΠ,2023-03-16,ΠΡΟΣΘΕΤΕΣ ΑΜΟΙΒΕΣ  ΙΑΝΟΥΑΡΙΟΥ /2022     12 ΜΗΝΑ ΟΑΕΔ  ΔΗΜ.ΠΡΟΣΚΛΗΣΗ       Νο 10/2017,,,,no sponsor block
6Η6Θ4690ΒΤ-ΓΝΒ,2023-03-16,ΤΑΚΤΙΚΗ ΜΙΣΘΟΔΟΣΙΑ  ΦΕΒΡΟΥΑΡΙΟΥ/2023 12 ΜΗΝΑ Ο.Α.Ε.Δ   ΔΗΜ.ΠΡΟΣΚΛΗΣΗ    Νο 10/2017,,,,no sponsor block
6ΓΓ14690ΒΤ-ΣΧΥ,2023-03-16,ΤΑΚΤΙΚΗ  ΜΙΣΘΟΔΟΣΙΑ  ΦΕΒΡΟΥΑΡΙΟΥ /2023      12 ΜΗΝΑ ΟΑΕΔ  ΔΗΜ.ΠΡΟΣΚΛΗΣΗ       Νο 13/2016,,,,no sponsor block
9ΘΝΕ4690ΒΤ-ΛΝΣ,2023-03-09,ΦΕΚ 67/31-3-22 Α τεύχος 10-8-2020 Αρ. 33 Ν4917/22,,,,no sponsor block
9ΓΙΔ4690ΒΤ-ΑΣΖ,2023-01-31,ΠΡΟΣΘΕΤΕΣ ΑΜΟΙΒΕΣ ΔΕΚΕΜΒΡΙΟΥ /2022  ΕΠΙΚΟΥΡΙΚΟ ΠΡΟΣΩΠΙΚΟ ΠΔΕ-ΕΣΠΑ  Γ.Ν.Κ ΥΠ.11/Ο Π Σ 5070506,,,,no sponsor block
ΩΜ3Ν4690ΒΤ-6ΔΜ,2023-03-08,Εξοδα κηδείας πρώην υπαλλήλου Κοσμίδη Κων/νου,,,,no sponsor block
ΨΦΡ04690ΒΤ-ΔΨΑ,2023-03-02,ΤΑΚΤΙΚΕΣ ΕΦΗΜΕΡΙΕΣ ΙΑΝΟΥΑΡΙΟΥ/2023  ΓΙΑΤΡΟΙ Ε.Σ.Υ,,,,no sponsor block
9Ε5Θ4690ΒΤ-5Β6,2023-03-06,ΑΠΟΖΗΜΙΩΣΗ ΕΦΗΜΕΡΙΩΝ ΙΑΝΟΥΑΡΙΟΥ/2023 ΕΠΙΣΤΗΜΟΝΙΚΟ ΠΡΟΣΩΠΙΚΟ,,,,no sponsor block
99104690ΒΤ-3ΓΛ,2023-03-06,ΑΠΟΖΗΜΙΩΣΗ ΕΦΗΜΕΡΙΩΝ ΙΑΝΟΥΑΡΙΟΥ/2023 ΕΠΙΣΤΗΜΟΝΙΚΟ ΠΡΟΣΩΠΙΚΟ,,,,no sponsor block
93654690ΒΤ-6ΗΓ,2023-03-03,ΠΡΟΣΘΕΤΕΣ ΑΜΟΙΒΕΣ ΙΑΝΟΥΑΡΙΟΥ/2023    ΕΠΙΚΟΥΡΙΚΟ ΠΡΟΣΩΠΙΚΟ,,,,no sponsor block
ΨΧΟΘ4690ΒΤ-5ΙΨ,2023-03-06,ΠΡΟΣΘΕΤΕΣ ΑΜΟΙΒΕΣ ΙΑΝΟΥΑΡΙΟΥ/2023    ΕΠΙΚΟΥΡΙΚΟ ΠΡΟΣΩΠΙΚΟ,,,,no sponsor block
6Π7Θ4690ΒΤ-ΣΞΧ,2023-03-03,ΠΡΟΣΘΕΤΕΣ ΑΜΟΙΒΕΣ ΙΑΝΟΥΑΡΙΟΥ/2023   ΤΡΙΜΗΝΟ ΕΠΙΚΟΥΡΙΚΟ ΠΡΟΣΩΠΙΚΟ,,,,no sponsor block
6ΓΑΦ4690ΒΤ-ΑΡ1,2023-03-06,ΠΡΟΣΘΕΤΕΣ ΑΜΟΙΒΕΣ ΙΑΝΟΥΑΡΙΟΥ/2023   ΝΕΟΠΡΟΣΛΑΜΒΑΝΟΜΕΝΟΙ  Ο.Α.Ε.Δ,,,,no sponsor block
ΨΠ7Ρ4690ΒΤ-ΙΝΕ,2023-03-06,ΠΡΟΣΘΕΤΕΣ ΑΜΟΙΒΕΣ ΙΑΝΟΥΑΡΙΟΥ/2023   ΑΠΟΣΠΑΣΜΕΝΟΙ,,,,no sponsor block
93Υ24690ΒΤ-ΠΒΜ,2023-03-06,ΠΡΟΣΘΕΤΕΣ ΑΜΟΙΒΕΣ ΙΑΝΟΥΑΡΙΟΥ/2023    ΠΡΟΣΩΠΙΚΟ  Ι.Δ  Ν.2470/96,,,,no sponsor block
ΨΩΚΣ4690ΒΤ-7Ξ8,2023-03-06,ΠΡΟΣΘΕΤΕΣ ΑΜΟΙΒΕΣ ΙΑΝΟΥΑΡΙΟΥ/2023    ΠΡΟΣΩΠΙΚΟ  ΕΠΙ ΣΧΕΣΕΙ ΕΡΓΑΣΙΑΣ Ι.Δ.Α.Χ,,,,no sponsor block
6ΜΑ54690ΒΤ-ΞΣΣ,2023-03-06,ΠΡΟΣΘΕΤΕΣ ΑΜΟΙΒΕΣ ΙΑΝΟΥΑΡΙΟΥ/2023  ΝΟΣΗΛΕΥΤΙΚΟ  ΠΡΟΣΩΠΙΚΟ  Ν.Δ  1057/80,,,,no sponsor block
6ΘΒ94690ΒΤ-ΥΔΤ,2023-03-03,ΠΡΟΣΘΕΤΕΣ ΑΜΟΙΒΕΣ ΙΑΝΟΥΑΡΙΟΥ/2023  ΜΟΝΙΜΟ-ΔΟΚΙΜΟ  ΠΡΟΣΩΠΙΚΟ ΕΙΔ.ΘΕΣΕΩΝ,,,,no sponsor block
Ψ8Ι54690ΒΤ-0Α8,2023-03-06,ΠΡΟΣΘΕΤΕΣ ΑΜΟΙΒΕΣ ΙΑΝΟΥΑΡΙΟΥ/2023  ΜΟΝΙΜΟ-ΔΟΚΙΜΟ ΒΟΗΘ. ΠΡΟΣΩΠΙΚΟ,,,,no sponsor block
6ΜΑ44690ΒΤ-3Λ4,2023-03-06,ΠΡΟΣΘΕΤΕΣ ΑΜΟΙΒΕΣ ΙΑΝΟΥΑΡΙΟΥ/2023  ΔΙΟΙΚΗΤΙΚΟ ΠΡΟΣΩΠΙΚΟ,,,,no sponsor block
Ω80Ζ4690ΒΤ-ΚΓ0,2023-03-06,ΠΡΟΣΘΕΤΕΣ ΑΜΟΙΒΕΣ ΙΑΝΟΥΑΡΙΟΥ/2023  ΝΟΣΗΛΕΥΤΙΚΟ ΠΡΟΣΩΠΙΚΟ,,,,no sponsor block
9ΠΥΠ4690ΒΤ-ΜΙΡ,2023-03-06,ΠΡΟΣΘΕΤΕΣ ΑΜΟΙΒΕΣ ΙΑΝΟΥΑΡΙΟΥ/2023  ΤΕΧΝΙΚΟ  ΠΡΟΣΩΠΙΚΟ    ΤΟΥ Ψ/ΤΟΜΕΑ,,,,no sponsor block
680Κ4690ΒΤ-0ΘΚ,2023-03-06,ΠΡΟΣΘΕΤΕΣ ΑΜΟΙΒΕΣ ΙΑΝΟΥΑΡΙΟΥ/2023  ΕΠΙΚΟΥΡΙΚΟ   ΠΡΟΣΩΠΙΚΟ    ΤΟΥ Ψ/ΤΟΜΕΑ,,,,no sponsor block
68Β44690ΒΤ-ΞΝΘ,2023-03-06,ΠΡΟΣΘΕΤΕΣ ΑΜΟΙΒΕΣ ΙΑΝΟΥΑΡΙΟΥ/2023  ΕΠΙΚΟΥΡΙΚΟ ΤΡΙΜΗΝΟ  ΠΡΟΣΩΠΙΚΟ    ΤΟΥ Ψ/ΤΟΜΕΑ,,,,no sponsor block
Ψ13Ε4690ΒΤ-ΣΦΗ,2023-03-06,ΠΡΟΣΘΕΤΕΣ ΑΜΟΙΒΕΣ ΙΑΝΟΥΑΡΙΟΥ/2023   ΠΡΟΣΩΠΙΚΟ  ΕΠΙ  ΣΧΕΣΕΙ ΕΡΓΑΣΙΑΣ  Ι.Δ.  ΤΟΥ Ψ/ΤΟΜΕΑ,,,,no sponsor block
9Π3Δ4690ΒΤ-Λ60,2023-03-06,ΠΡΟΣΘΕΤΕΣ ΑΜΟΙΒΕΣ ΙΑΝΟΥΑΡΙΟΥ/2023   ΠΡΟΣΩΠΙΚΟ  ΕΠΙ ΣΧΕΣΕΙ ΕΡΓΑΣΙΑΣ Ι.Δ.Α.Χ   ΤΟΥ Ψ/ΤΟΜΕΑ,,,,no sponsor block
622Ι4690ΒΤ-ΚΕΘ,2023-03-06,ΠΡΟΣΘΕΤΕΣ ΑΜΟΙΒΕΣ ΙΑΝΟΥΑΡΙΟΥ/2023  ΝΟΣΗΛΕΥΤΙΚΟ ΠΡΟΣΩΠΙΚΟ  Ν.Δ 1057/80   ΤΟΥ Ψ/ΤΟΜΕΑ,,,,no sponsor block
6ΓΡΦ4690ΒΤ-1ΧΖ,2023-03-06,ΠΡΟΣΘΕΤΕΣ ΑΜΟΙΒΕΣ ΙΑΝΟΥΑΡΙΟΥ/2023 ΜΟΝΙΜΟ-ΔΟΚΙΜΟ-ΒΟΗΘ.ΠΡΟΣΩΠΙΚΟ ΤΟΥ Ψ/ΤΟΜΕΑ,,,,no sponsor block
6ΘΞ24690ΒΤ-ΡΑΒ,2023-03-03,ΑΠΟΖΗΜΙΩΣΗ ΕΦΗΜΕΡΙΩΝ  ΙΑΝΟΥΑΡΙΟΥ/2023  ΕΠΙΣΤΗΜΟΝΙΚΟ ΠΡΟΣΩΠΙΚΟ  ΙΔ.   Ν.Δ 1057/80  ΤΟΥ Ψ/ΤΟΜΕΑ,,,,no sponsor block
6ΗΓΡ4690ΒΤ-Ε5Ζ,2023-03-06,ΑΠΟΖΗΜΙΩΣΗ ΕΦΗΜΕΡΙΩΝ  ΙΑΝΟΥΑΡΙΟΥ/2023  ΕΠΙΣΤΗΜΟΝΙΚΟ ΠΡΟΣΩΠΙΚΟ ΤΟΥ Ψ/ΤΟΜΕΑ,,,,no sponsor block
ΩΜΓΣ4690ΒΤ-ΧΦΣ,2023-03-06,ΠΡΟΣΘΕΤΕΣ ΑΜΟΙΒΕΣ ΙΑΝΟΥΑΡΙΟΥ/2023  ΕΠΙΣΤΗΜΟΝΙΚΟ ΠΡΟΣΩΠΙΚΟ ΤΟΥ Κ.Ψ.ΥΓΕΙΑΣ,,,,no sponsor block
6ΡΕ84690ΒΤ-Β0Κ,2023-03-03,ΠΡΟΣΘΕΤΕΣ ΑΜΟΙΒΕΣ ΙΑΝΟΥΑΡΙΟΥ/2023 ΝΟΣΗΛΕΥΤΙΚΟ ΠΡΟΣΩΠΙΚΟ ΤΟΥ Ψ/ΤΟΜΕΑ,,,,no sponsor block
997Ψ4690ΒΤ-ΙΝΓ,2023-03-02,ΤΑΚΤΙΚΕΣ ΕΦΗΜΕΡΙΕΣ ΙΑΝΟΥΑΡΙΟΥ/2023   ΕΠΙΚΟΥΡΙΚΟΙ   Ε.Σ.Υ ΤΟΥ Ψ/ΤΟΜΕΑ,,,,no sponsor block
9ΠΒΗ4690ΒΤ-Ε5Ν,2023-03-02,ΤΑΚΤΙΚΕΣ ΕΦΗΜΕΡΙΕΣ ΙΑΝΟΥΑΡΙΟΥ/2023   ΓΙΑΤΡΟΙ  Ε.Σ.Υ ΤΟΥ Ψ/ΤΟΜΕΑ,,,,no sponsor block
Ψ1Σ64690ΒΤ-Σ0Ρ,2023-03-02,ΤΑΚΤΙΚΕΣ ΕΦΗΜΕΡΙΕΣ ΙΑΝΟΥΑΡΙΟΥ/2023   ΓΙΑΤΡΟΙ  Ε.Σ.Υ ΤΟΥ Ψ/ΤΟΜΕΑ,,,,no sponsor block
9Η2Α4690ΒΤ-ΨΔΦ,2023-03-02,ΤΑΚΤΙΚΕΣ ΕΦΗΜΕΡΙΕΣ ΙΑΝΟΥΑΡΙΟΥ/2023   ΓΙΑΤΡΟΙ  Ε.Σ.Υ ΤΟΥ Κ.Ψ.ΥΓΕΙΑΣ,,,,no sponsor block
94ΘΞ4690ΒΤ-ΔΞΙ,2023-03-02,ΤΑΚΤΙΚΕΣ ΕΦΗΜΕΡΙΕΣ ΙΑΝΟΥΑΡΙΟΥ/2023   ΕΠΙΚΟΥΡΙΚΟΙ  Ε.Σ.Υ,,,,no sponsor block
6ΧΞΩ4690ΒΤ-4ΩΨ,2023-03-02,ΤΑΚΤΙΚΕΣ ΕΦΗΜΕΡΙΕΣ ΙΑΝΟΥΑΡΙΟΥ/2023   ΕΠΙΚΟΥΡΙΚΟΙ  Ε.Σ.Υ,,,,no sponsor block
6Π2Ζ4690ΒΤ-ΙΧΝ,2023-03-02,ΤΑΚΤΙΚΕΣ ΕΦΗΜΕΡΙΕΣ ΙΑΝΟΥΑΡΙΟΥ/2023  ΓΙΑΤΡΟΙ Ε.Σ.Υ ΕΙΔΙΚ/ΝΟΙ,,,,no sponsor block
6ΗΨΓ4690ΒΤ-Ο07,2023-03-02,Ηλεκτρονικός διαγωνισμός προμήθειας ειδών διατροφής,,,,no sponsor block
ΨΓ0Μ4690ΒΤ-3ΞΓ,2023-03-02,ΤΑΚΤΙΚΗ ΜΙΣΘΟΔΟΣΙΑ ΜΕΤΑΠ/ΤΕΩΝ  ΦΕΒΡΟΥΑΡΙΟΥ /2023   ΠΡΟΣΩΠΙΚΟ ΕΠΙ ΣΧΕΣΕΙ ΕΡΓΑΣΙΑΣ  ΤΟΥ Ψ/ΤΟΜΕΑ,,,,no sponsor block
ΨΑ804690ΒΤ-8ΞΡ,2023-03-01,ΤΑΚΤΙΚΗ ΜΙΣΘΟΔΟΣΙΑ ΜΕΤΑΠ/ΤΕΩΝ  ΦΕΒΡΟΥΑΡΙΟΥ /2023  ΕΠΙΚΟΥΡΙΚΟΙ Ε.Σ.Υ ΤΟΥ Ψ/ΤΟΜΕΑ,,,,no sponsor block
9ΦΖ94690ΒΤ-009,2023-03-01,ΤΑΚΤΙΚΗ ΜΙΣΘΟΔΟΣΙΑ ΜΕΤΑΠ/ΤΕΩΝ  ΦΕΒΡΟΥΑΡΙΟΥ /2023  ΑΜΙΣΘΟΙ ΤΕΕ ( ΔΙΕΚ ),,,,no sponsor block
94Λ04690ΒΤ-ΜΥΖ,2023-03-01,ΤΑΚΤΙΚΗ ΜΙΣΘΟΔΟΣΙΑ ΜΕΤΑΠ/ΤΕΩΝ  ΙΑΝΟΥΑΡΙΟΥ/2023   ΑΜΙΣΘΟΙ ΤΕΕ ( ΕΠΑΛ ),,,,no sponsor block
ΨΦ8Χ4690ΒΤ-61Ι,2023-03-01,ΤΑΚΤΙΚΗ ΜΙΣΘΟΔΟΣΙΑ ΜΕΤΑΠ/ΤΕΩΝ  ΦΕΒΡΟΥΑΡΙΟΥ /2023  ΣΠΟΥΔΑΣΤΕΣ ΠΟΥ ΑΣΚΟΥΝΤΑΙ,,,,no sponsor block
9Ξ8Α4690ΒΤ-ΖΥΕ,2023-03-01,ΤΑΚΤΙΚΗ ΜΙΣΘΟΔΟΣΙΑ ΜΕΤΑΠ/ΤΕΩΝ  ΦΕΒΡΟΥΑΡΙΟΥ /2023  ΕΠΙΚΟΥΡΙΚΟ ΠΡΟΣΩΠΙΚΟ ( ΑΝΑΔΡΟΜΙΚΑ ),,,,no sponsor block
94ΩΧ4690ΒΤ-ΖΗΟ,2023-03-01,ΤΑΚΤΙΚΗ ΜΙΣΘΟΔΟΣΙΑ ΜΕΤΑΠ/ΤΕΩΝ  ΦΕΒΡΟΥΑΡΙΟΥ /2023  ΕΠΙΚΟΥΡΙΚΟΙ Ε.Σ.Υ,,,,no sponsor block
6ΡΔΤ4690ΒΤ-ΛΡΦ,2023-03-01,ΤΑΚΤΙΚΗ ΜΙΣΘΟΔΟΣΙΑ ΜΕΤΑΠ/ΤΕΩΝ  ΦΕΒΡΟΥΑΡΙΟΥ /2023  ΕΠΙΚΟΥΡΙΚΟ ΤΡΙΜΗΝΟ  ΠΡΟΣΩΠΙΚΟ,,,,no sponsor block
9ΟΥΧ4690ΒΤ-ΕΔΠ,2023-03-01,ΤΑΚΤΙΚΗ ΜΙΣΘΟΔΟΣΙΑ ΜΕΤΑΠ/ΤΕΩΝ ΦΕΒΡΟΥΑΡΙΟΥ /2023  ΝΕΟΠΡΟΣΛΑΜΒΑΝΟΜΕΝΟΙ Ο.Α.Ε.Δ,,,,no sponsor block
Ψ6Ο54690ΒΤ-84Ρ,2023-03-01,ΤΑΚΤΙΚΗ ΜΙΣΘΟΔΟΣΙΑ ΜΕΤΑΠ/ΤΕΩΝ ΦΕΒΡΟΥΑΡΙΟΥ /2023 ΕΠΙΣΤΗΜΟΝΙΚΟ  ΠΡΟΣΩΠΙΚΟ,,,,no sponsor block
ΨΙ9Δ4690ΒΤ-3ΧΙ,2023-03-01,ΤΑΚΤΙΚΗ ΜΙΣΘΟΔΟΣΙΑ ΜΕΤΑΠ/ΤΕΩΝ ΦΕΒΡΟΥΑΡΙΟΥ /2023 ΕΠΙΚΟΥΡΙΚΟ ΠΡΟΣΩΠΙΚΟ,,,,no sponsor block
ΨΜ054690ΒΤ-ΑΡΤ,2023-03-01,ΤΑΚΤΙΚΗ ΜΙΣΘΟΔΟΣΙΑ ΜΕΤΑΠ/ΤΕΩΝ ΦΕΒΡΟΥΑΡΙΟΥ /2023 ΕΠΙΚΟΥΡΙΚΟΙ  Ε.Σ.Υ,,,,no sponsor block
ΩΖΘΩ4690ΒΤ-ΟΕ4,2023-03-01,ΤΑΚΤΙΚΗ ΜΙΣΘΟΔΟΣΙΑ ΜΕΤΑΠ/ΤΕΩΝ ΙΑΝΟΥΑΡΙΟΥ/2023 ΕΠΙΚΟΥΡΙΚΟ ΠΡΟΣΩΠΙΚΟ,,,,no sponsor block
9Μ6Τ4690ΒΤ-5ΑΜ,2023-02-14,ΠΛΗΡΩΜΗ ΠΡΟΣΩΠΙΚΟΥ ΑΠΟ ΤΗΝ ΟΛΟΗΜΕΡΗ ΛΕΙΤΟΥΡΓΙΑ ΤΟΥ ΝΟΣΟΚΟΜΕΙΟΥ  ΜΗΝΟΣ  ΙΑΝΟΥΑΡΙΟΥ /2023,,,,no sponsor block
63Η74690ΒΤ-ΙΧΤ,2023-02-14,ΠΛΗΡΩΜΗ ΙΑΤΡΩΝ ΑΠΟ ΤΗΝ ΟΛΟΗΜΕΡΗ ΛΕΙΤΟΥΡΓΙΑ ΤΟΥ ΝΟΣΟΚΟΜΕΙΟΥ  ΜΗΝΟΣ  ΙΑΝΟΥΑΡΙΟΥ /2023,,,,no sponsor block
Ψ85Ξ4690ΒΤ-ΒΚΝ,2023-02-08,ΠΛΗΡΩΜΗ ΙΑΤΡΩΝ ΑΠΟ ΤΗΝ ΟΛΟΗΜΕΡΗ ΛΕΙΤΟΥΡΓΙΑ ΤΟΥ ΝΟΣΟΚΟΜΕΙΟΥ  ΜΗΝΟΣ  ΔΕΚΕΜΒΡΙΟΥ /2022,,,,no sponsor block
99ΠΩ4690ΒΤ-ΣΧΥ,2023-02-08,ΠΛΗΡΩΜΗ ΠΡΟΣΩΠΙΚΟΥ ΑΠΟ ΤΗΝ ΟΛΟΗΜΕΡΗ ΛΕΙΤΟΥΡΓΙΑ ΤΟΥ ΝΟΣΟΚΟΜΕΙΟΥ  ΜΗΝΟΣ  ΔΕΚΕΜΒΡΙΟΥ /2022,,,,no sponsor block
64ΨΖ4690ΒΤ-ΛΘΝ,2023-02-08,ΠΛΗΡΩΜΗ ΠΡΟΣΩΠΙΚΟΥ ΑΠΟ ΤΗΝ ΟΛΟΗΜΕΡΗ ΛΕΙΤΟΥΡΓΙΑ ΤΟΥ ΝΟΣΟΚΟΜΕΙΟΥ  ΜΗΝΟΣ  ΝΟΕΜΒΡΙΟΥ /2022,,,,no sponsor block
Ψ7Ν84690ΒΤ-68Ψ,2023-02-08,ΠΛΗΡΩΜΗ ΙΑΤΡΩΝ ΑΠΟ ΤΗΝ ΟΛΟΗΜΕΡΗ ΛΕΙΤΟΥΡΓΙΑ ΤΟΥ ΝΟΣΟΚΟΜΕΙΟΥ  ΜΗΝΟΣ  ΝΟΕΜΒΡΙΟΥ /2022,,,,no sponsor block
6ΛΒΘ4690ΒΤ-ΡΦΠ,2023-02-08,ΠΛΗΡΩΜΗ ΙΑΤΡΩΝ ΑΠΟ ΤΗΝ ΟΛΟΗΜΕΡΗ ΛΕΙΤΟΥΡΓΙΑ ΤΟΥ ΝΟΣΟΚΟΜΕΙΟΥ  ΜΗΝΟΣ  ΔΕΚΕΜΒΡΙΟΥ /2022,,,,no sponsor block
Ψ3Τ24690ΒΤ-Ν21,2023-02-07,ΠΡΟΣΘΕΤΕΣ ΑΜΟΙΒΕΣ  ΔΕΚΕΜΒΡΙΟΥ /2022     12 ΜΗΝΑ ΟΑΕΔ  ΔΗΜ.ΠΡΟΣΚΛΗΣΗ       Νο 13/2016,,,,no sponsor block
ΨΝΑ44690ΒΤ-ΘΔ9,2023-02-07,ΠΡΟΣΘΕΤΕΣ ΑΜΟΙΒΕΣ  ΔΕΚΕΜΒΡΙΟΥ /2022     12 ΜΗΝΑ ΟΑΕΔ  ΔΗΜ.ΠΡΟΣΚΛΗΣΗ       Νο 10/2017,,,,no sponsor block
ΨΑΨΞ4690ΒΤ-ΔΔΓ,2023-02-07,ΤΑΚΤΙΚΗ ΜΙΣΘΟΔΟΣΙΑ  ΙΑΝΟΥΑΡΙΟΥ/2023 12 ΜΗΝΑ Ο.Α.Ε.Δ   ΔΗΜ.ΠΡΟΣΚΛΗΣΗ    Νο 10/2017,,,,no sponsor block
6ΖΜ14690ΒΤ-1Χ8,2023-02-07,ΤΑΚΤΙΚΗ  ΜΙΣΘΟΔΟΣΙΑ  ΙΑΝΟΥΑΡΙΟΥ /2023      12 ΜΗΝΑ ΟΑΕΔ  ΔΗΜ.ΠΡΟΣΚΛΗΣΗ       Νο 13/2016,,,,no sponsor block
ΡΒ9Θ4690ΒΤ-619,2023-02-03,ΠΡΟΣΘΕΤΕΣ ΑΜΟΙΒΕΣ ΔΕΚΕΜΒΡΙΟΥ/2022   ΕΠΙΣΤΗΜΟΝΙΚΟ  ΠΡΟΣΩΠΙΚΟ,,,,no sponsor block
6ΦΒΜ4690ΒΤ-5Ο8,2023-02-03,ΠΡΟΣΘΕΤΕΣ ΑΜΟΙΒΕΣ ΔΕΚΕΜΒΡΙΟΥ/2022   ΕΠΙΣΤΗΜΟΝΙΚΟ  ΠΡΟΣΩΠΙΚΟ,,,,no sponsor block
9ΑΖΡ4690ΒΤ-1ΙΘ,2023-02-03,ΠΡΟΣΘΕΤΕΣ ΑΜΟΙΒΕΣ ΔΕΚΕΜΒΡΙΟΥ/2022  ΑΠΟΣΠΑΣΜΕΝΟΙ,,,,no sponsor block
93ΝΘ4690ΒΤ-ΙΗΥ,2023-02-03,ΠΡΟΣΘΕΤΕΣ ΑΜΟΙΒΕΣ ΔΕΚΕΜΒΡΙΟΥ/2022   ΠΡΟΣΩΠΙΚΟ ΕΠΙ ΣΧΕΣΕΙ ΕΡΓΑΣΙΑΣ Ι.Δ.Α.Χ,,,,no sponsor block
ΩΖ6Ψ4690ΒΤ-9ΕΧ,2023-02-03,ΠΡΟΣΘΕΤΕΣ ΑΜΟΙΒΕΣ ΔΕΚΕΜΒΡΙΟΥ/2022  ΝΟΣΗΛΕΥΤΙΚΟ  ΠΡΟΣΩΠΙΚΟ Ν.Δ 1057/80,,,,no sponsor block
Ω8ΚΠ4690ΒΤ-0Λ8,2023-02-03,ΠΡΟΣΘΕΤΕΣ ΑΜΟΙΒΕΣ ΔΕΚΕΜΒΡΙΟΥ/2022  ΜΟΝΙΜΟ- ΔΟΚΙΜΟ  ΠΡΟΣΩΠΙΚΟ ΕΙΔ.ΘΕΣΕΩΝ,,,,no sponsor block
ΨΨΥΧ4690ΒΤ-40Ι,2023-02-03,ΠΡΟΣΘΕΤΕΣ ΑΜΟΙΒΕΣ ΔΕΚΕΜΒΡΙΟΥ/2022  ΜΟΝΙΜΟ- ΔΟΚΙΜΟ ΒΟΗΘ. ΠΡΟΣΩΠΙΚΟ,,,,no sponsor block
6ΓΝΜ4690ΒΤ-612,2023-02-03,ΠΡΟΣΘΕΤΕΣ ΑΜΟΙΒΕΣ ΔΕΚΕΜΒΡΙΟΥ/2022  ΔΙΟΙΚΗΤΙΚΟ ΠΡΟΣΩΠΙΚΟ,,,,no sponsor block
91ΤΠ4690ΒΤ-ΗΦΘ,2023-02-03,ΠΡΟΣΘΕΤΕΣ ΑΜΟΙΒΕΣ ΔΕΚΕΜΒΡΙΟΥ/2022   ΠΡΟΣΩΠΙΚΟ Ι.Δ. Ν 2470/96,,,,no sponsor block
Ψ9Γ54690ΒΤ-Η1Η,2023-02-03,ΠΡΟΣΘΕΤΕΣ ΑΜΟΙΒΕΣ ΔΕΚΕΜΒΡΙΟΥ/2022  ΝΕΟΠΡΟΣΛΑΜΒΑΝΟΜΕΝΟΙ Ο.Α.Ε.Δ ( 55-67 ),,,,no sponsor block
ΨΛΑ54690ΒΤ-ΦΕΛ,2023-02-03,ΠΡΟΣΘΕΤΕΣ ΑΜΟΙΒΕΣ ΔΕΚΕΜΒΡΙΟΥ/2022  ΤΡΙΜΗΝΟ ΕΠΙΚΟΥΡΙΚΟ  ΠΡΟΣΩΠΙΚΟ,,,,no sponsor block
64Ν04690ΒΤ-246,2023-02-03,ΠΡΟΣΘΕΤΕΣ ΑΜΟΙΒΕΣ ΔΕΚΕΜΒΡΙΟΥ/2022  ΕΠΙΚΟΥΡΙΚΟ  ΠΡΟΣΩΠΙΚΟ,,,,no sponsor block
Ψ0ΣΞ4690ΒΤ-0ΔΑ,2023-02-03,ΠΡΟΣΘΕΤΕΣ ΑΜΟΙΒΕΣ ΔΕΚΕΜΒΡΙΟΥ/2022  ΝΟΣΗΛΕΥΤΙΚΟ ΠΡΟΣΩΠΙΚΟ,,,,no sponsor block
Ψ79Ρ4690ΒΤ-Ο2Ο,2023-02-03,ΠΡΟΣΘΕΤΕΣ ΕΦΗΜΕΡΙΕΣ ΣΕΠΤΕΜΒΡΙΟΥ/2022 ΓΙΑΤΡΟΙ  Ε.Σ.Υ   ΕΙΔΙΚ/ΝΟΙ ΤΟΥ Ψ/ΤΟΜΕΑ,,,,no sponsor block
Ψ6ΑΝ4690ΒΤ-5ΦΝ,2023-02-03,ΠΡΟΣΘΕΤΕΣ ΕΦΗΜΕΡΙΕΣ ΣΕΠΤΕΜΒΡΙΟΥ/2022 ΓΙΑΤΡΟΙ  Ε.Σ.Υ  ΤΟΥ Ψ/ΤΟΜΕΑ,,,,no sponsor block
9ΞΕ04690ΒΤ-12Σ,2023-02-03,ΠΡΟΣΘΕΤΕΣ ΕΦΗΜΕΡΙΕΣ ΣΕΠΤΕΜΒΡΙΟΥ/2022 ΓΙΑΤΡΟΙ ΕΠΙΚΟΥΡΙΚΟΙ Ε.Σ.Υ  ΤΟΥ Ψ/ΤΟΜΕΑ,,,,no sponsor block
Ψ7ΛΘ4690ΒΤ-0ΕΑ,2023-02-03,ΠΡΟΣΘΕΤΕΣ ΕΦΗΜΕΡΙΕΣ ΣΕΠΤΕΜΒΡΙΟΥ/2022 ΓΙΑΤΡΟΙ ΕΠΙΚΟΥΡΙΚΟΙ,,,,no sponsor block
9Δ4Ψ4690ΒΤ-ΥΙΡ,2023-02-03,ΠΡΟΣΘΕΤΕΣ ΕΦΗΜΕΡΙΕΣ ΣΕΠΤΕΜΒΡΙΟΥ/2022 ΓΙΑΤΡΟΙ Ε.Σ.Υ,,,,no sponsor block
6Ο7Χ4690ΒΤ-2ΟΒ,2023-02-03,ΠΡΟΣΘΕΤΕΣ ΕΦΗΜΕΡΙΕΣ ΣΕΠΤΕΜΒΡΙΟΥ/2022 ΓΙΑΤΡΟΙ ΕΠΙΚΟΥΡΙΚΟΙ,,,,no sponsor block
66Η34690ΒΤ-Ρ0Ε,2023-02-03,ΠΡΟΣΘΕΤΕΣ ΕΦΗΜΕΡΙΕΣ ΣΕΠΤΕΜΒΡΙΟΥ/2022 ΓΙΑΤΡΟΙ ΕΙΔΙΚ/ΝΟΙ,,,,no sponsor block
9ΦΕΖ4690ΒΤ-ΧΡΥ,2023-02-02,ΤΑΚΤΙΚΕΣ ΕΦΗΜΕΡΙΕΣ ΔΕΚΕΜΒΡΙΟΥ/2022 ΓΙΑΤΡΟΙ Ε.Σ.Υ  ΕΠΙΚΟΥΡΙΚΟΙ ΤΟΥ Ψ/Τ,,,,no sponsor block
ΡΨ624690ΒΤ-ΡΥ9,2023-02-02,ΤΑΚΤΙΚΕΣ ΕΦΗΜΕΡΙΕΣ ΔΕΚΕΜΒΡΙΟΥ/2022 ΓΙΑΤΡΟΙ Ε.Σ.Υ ΕΙΔΙΚ/ΝΟΙ  ΤΟΥ Ψ/Τ,,,,no sponsor block
9ΑΩ94690ΒΤ-5ΙΟ,2023-02-02,ΤΑΚΤΙΚΕΣ ΕΦΗΜΕΡΙΕΣ ΔΕΚΕΜΒΡΙΟΥ/2022 ΓΙΑΤΡΟΙ Ε.Σ.Υ ΤΟΥ Ψ/Τ,,,,no sponsor block
9Χ124690ΒΤ-Θ04,2023-02-02,ΤΑΚΤΙΚΕΣ ΕΦΗΜΕΡΙΕΣ ΔΕΚΕΜΒΡΙΟΥ/2022 ΓΙΑΤΡΟΙ Ε.Σ.Υ ΤΟΥ Κ.Ψ.ΥΓΕΙΑΣ,,,,no sponsor block
Ρ9ΟΝ4690ΒΤ-7ΙΓ,2023-02-02,ΤΑΚΤΙΚΕΣ ΕΦΗΜΕΡΙΕΣ ΔΕΚΕΜΒΡΙΟΥ/2022 ΓΙΑΤΡΟΙ Ε.Σ.Υ ΕΠΙΚΟΥΡΙΚΟΙ,,,,no sponsor block
ΨΔΙΨ4690ΒΤ-ΝΜΝ,2023-02-02,ΤΑΚΤΙΚΕΣ ΕΦΗΜΕΡΙΕΣ ΔΕΚΕΜΒΡΙΟΥ/2022 ΓΙΑΤΡΟΙ Ε.Σ.Υ ΕΠΙΚΟΥΡΙΚΟΙ,,,,no sponsor block
6Ζ014690ΒΤ-Π37,2023-02-02,ΤΑΚΤΙΚΕΣ ΕΦΗΜΕΡΙΕΣ ΔΕΚΕΜΒΡΙΟΥ/2022 ΓΙΑΤΡΟΙ Ε.Σ.Υ ΕΙΔΙΚ/ΝΟΙ,,,,no sponsor block
66ΡΨ4690ΒΤ-17Υ,2023-02-02,ΤΑΚΤΙΚΕΣ ΕΦΗΜΕΡΙΕΣ ΔΕΚΕΜΒΡΙΟΥ/2022 ΓΙΑΤΡΟΙ Ε.Σ.Υ,,,,no sponsor block
609Φ4690ΒΤ-ΦΨΤ,2023-01-31,ΑΠΟΖΗΜΙΩΣΗ ΕΦΗΜΕΡΙΩΝ  ΔΕΚΕΜΒΡΙΟΥ/2022   ΕΠΙΣΤΗΜΟΝΙΚΟ  ΠΡΟΣΩΠΙΚΟ ΤΟΥ Κ.Ψ.Υ,,,,no sponsor block
9Ω704690ΒΤ-1Α2,2023-01-31,ΑΠΟΖΗΜΙΩΣΗ ΕΦΗΜΕΡΙΩΝ  ΔΕΚΕΜΒΡΙΟΥ/2022   ΕΠΙΣΤΗΜΟΝΙΚΟ  ΠΡΟΣΩΠΙΚΟ Ι.Δ 1057/80  ΤΟΥ Ψ/Τ,,,,no sponsor block
67ΓΟ4690ΒΤ-ΓΣΑ,2023-01-31,ΑΠΟΖΗΜΙΩΣΗ ΕΦΗΜΕΡΙΩΝ  ΔΕΚΕΜΒΡΙΟΥ/2022   ΕΠΙΣΤΗΜΟΝΙΚΟ  ΠΡΟΣΩΠΙΚΟ ΤΟΥ Ψ/Τ,,,,no sponsor block
90ΦΘ4690ΒΤ-7ΚΩ,2023-01-31,ΠΡΟΣΘΕΤΕΣ ΑΜΟΙΒΕΣ ΔΕΚΕΜΒΡΙΟΥ/2022  ΤΡΙΜΗΝΟ   ΕΠΙΚΟΥΡΙΚΟ  ΠΡΟΣΩΠΙΚΟ ΤΟΥ Ψ/Τ,,,,no sponsor block
6Ψ0Θ4690ΒΤ-5Ν7,2023-01-31,ΠΡΟΣΘΕΤΕΣ ΑΜΟΙΒΕΣ ΔΕΚΕΜΒΡΙΟΥ/2022     ΠΡΟΣΩΠΙΚΟ ΕΠΙ ΣΧΕΣΕΙ ΕΡΓΑΣΙΑΣ  ΤΟΥ Ψ/Τ,,,,no sponsor block
65ΞΩ4690ΒΤ-ΩΙΝ,2023-01-31,ΠΡΟΣΘΕΤΕΣ ΑΜΟΙΒΕΣ ΔΕΚΕΜΒΡΙΟΥ/2022   ΝΟΣΗΛΕΥΤΙΚΟ  ΠΡΟΣΩΠΙΚΟ Ν.Δ 1057/80  ΤΟΥ Ψ/Τ,,,,no sponsor block
6Ε0Χ4690ΒΤ-4ΔΕ,2023-01-31,ΠΡΟΣΘΕΤΕΣ ΑΜΟΙΒΕΣ ΔΕΚΕΜΒΡΙΟΥ/2022   ΜΟΝΙΜΟ-ΔΟΚΙΜΟ-ΒΟΗΘ.  ΠΡΟΣΩΠΙΚΟ ΤΟΥ Ψ/Τ,,,,no sponsor block
ΨΦ4Δ4690ΒΤ-4ΧΜ,2023-01-31,ΠΡΟΣΘΕΤΕΣ ΑΜΟΙΒΕΣ ΔΕΚΕΜΒΡΙΟΥ/2022   ΤΕΧΝΙΚΟ  ΠΡΟΣΩΠΙΚΟ ΤΟΥ Ψ/Τ,,,,no sponsor block
9ΞΡΦ4690ΒΤ-ΕΔΖ,2023-01-31,ΠΡΟΣΘΕΤΕΣ ΑΜΟΙΒΕΣ ΔΕΚΕΜΒΡΙΟΥ/2022   ΕΠΙΚΟΥΡΙΚΟ  ΠΡΟΣΩΠΙΚΟ ΤΟΥ Ψ/Τ,,,,no sponsor block
ΨΒΔΛ4690ΒΤ-ΖΗΡ,2023-01-31,ΠΡΟΣΘΕΤΕΣ ΑΜΟΙΒΕΣ ΔΕΚΕΜΒΡΙΟΥ/2022   ΠΡΟΣΩΠΙΚΟ ΕΠΙ ΣΧΕΣΕΙ ΕΡΓΑΣΙΑΣ Ι.Δ  ΤΟΥ Ψ,,,,no sponsor block
9ΞΚ24690ΒΤ-0ΞΜ,2023-01-31,ΠΡΟΣΘΕΤΕΣ ΑΜΟΙΒΕΣ ΔΕΚΕΜΒΡΙΟΥ/2022  ΝΟΣΗΛΕΥΤΙΚΟ  ΠΡΟΣΩΠΙΚΟ ΤΟΥ Ψ/Τ,,,,no sponsor block
65ΕΦ4690ΒΤ-89Μ,2023-01-30,ΠΡΟΣΘΕΤΕΣ ΑΜΟΙΒΕΣ  ΝΟΕΜΒΡΙΟΥ  /2022     12 ΜΗΝΑ ΟΑΕΔ  ΔΗΜ.ΠΡΟΣΚΛΗΣΗ       Νο 13/2016,,,,no sponsor block
90Α54690ΒΤ-Μ2Θ,2023-01-30,ΠΡΟΣΘΕΤΕΣ ΑΜΟΙΒΕΣ  ΝΟΕΜΒΡΙΟΥ /2022     12 ΜΗΝΑ ΟΑΕΔ  ΔΗΜ.ΠΡΟΣΚΛΗΣΗ       Νο 10/2017,,,,no sponsor block
6Υ474690ΒΤ-Ι7Ο,2023-01-30,ΤΑΚΤΙΚΗ ΜΙΣΘΟΔΟΣΙΑ  ΔΕΚΕΜΒΡΙΟΥ/2022 12 ΜΗΝΑ Ο.Α.Ε.Δ   ΔΗΜ.ΠΡΟΣΚΛΗΣΗ    Νο 10/2017,,,,no sponsor block
6ΨΙΛ4690ΒΤ-ΗΚΝ,2023-01-30,ΤΑΚΤΙΚΗ  ΜΙΣΘΟΔΟΣΙΑ  ΔΕΚΕΜΒΡΙΟΥ /2022      12 ΜΗΝΑ ΟΑΕΔ  ΔΗΜ.ΠΡΟΣΚΛΗΣΗ       Νο 13/2016,,,,no sponsor block
695Χ4690ΒΤ-ΖΨ9,2023-01-27,ΤΑΚΤΙΚΗ ΜΙΣΘΟΔΟΣΙΑ ΜΕΤΑΠ/ΤΕΩΝ ΙΑΝΟΥΑΡΙΟΥ/2023   ΕΠΙΚΟΥΡΙΚΟΙ ΕΣΥ  ΤΟΥ Ψ/Τ,,,,no sponsor block
Ω8ΒΚ4690ΒΤ-ΤΥ2,2023-01-27,ΤΑΚΤΙΚΗ ΜΙΣΘΟΔΟΣΙΑ ΜΕΤΑΠ/ΤΕΩΝ ΙΑΝΟΥΑΡΙΟΥ/2023   ΠΡΟΣΩΠΙΚΟ ΕΠΙ ΣΧΕΣΕΙ ΕΡΓΑΣΙΑΣ Ι.Δ ΤΟΥ Ψ/Τ,,,,no sponsor block
64ΖΝ4690ΒΤ-06Ι,2023-01-27,ΤΑΚΤΙΚΗ ΜΙΣΘΟΔΟΣΙΑ ΜΕΤΑΠ/ΤΕΩΝ ΙΑΝΟΥΑΡΙΟΥ/2023  ΕΠΙΚΟΥΡΙΚΟ  ΠΡΟΣΩΠΙΚΟ ( ΑΝΑΔΡΟΜΙΚΑ ),,,,no sponsor block
ΨΩΛ24690ΒΤ-ΖΝ6,2023-01-27,ΤΑΚΤΙΚΗ ΜΙΣΘΟΔΟΣΙΑ ΜΕΤΑΠ/ΤΕΩΝ ΙΑΝΟΥΑΡΙΟΥ/2023  ΕΠΙΚΟΥΡΙΚΟ ΤΡΙΜΗΝΟ  ΠΡΟΣΩΠΙΚΟ,,,,no sponsor block
99ΜΕ4690ΒΤ-ΜΦΔ,2023-01-27,ΤΑΚΤΙΚΗ ΜΙΣΘΟΔΟΣΙΑ ΜΕΤΑΠ/ΤΕΩΝ ΙΑΝΟΥΑΡΙΟΥ/2023  ΕΠΙΚΟΥΡΙΚΟ  ΠΡΟΣΩΠΙΚΟ,,,,no sponsor block
6Υ724690ΒΤ-Ρ2Χ,2023-01-27,ΤΑΚΤΙΚΗ ΜΙΣΘΟΔΟΣΙΑ ΜΕΤΑΠ/ΤΕΩΝ ΙΑΝΟΥΑΡΙΟΥ/2023  ΕΠΙΣΤΗΜΟΝΙΚΟ ΠΡΟΣΩΠΙΚΟ,,,,no sponsor block
6ΩΑ74690ΒΤ-021,2023-01-27,ΤΑΚΤΙΚΗ ΜΙΣΘΟΔΟΣΙΑ ΜΕΤΑΠ/ΤΕΩΝ ΙΑΝΟΥΑΡΙΟΥ/2023  ΕΠΙΚΟΥΡΙΚΟ ΠΡΟΣΩΠΙΚΟ,,,,no sponsor block
9Ψ154690ΒΤ-Β7Ρ,2023-01-27,ΤΑΚΤΙΚΗ ΜΙΣΘΟΔΟΣΙΑ ΜΕΤΑΠ/ΤΕΩΝ ΙΑΝΟΥΑΡΙΟΥ/2023  ΝΕΟΠΡΟΣΛΑΜΒΑΝΟΜΕΝΟΙ Ο.Α.Ε.Δ   ( 55-67 ),,,,no sponsor block
ΨΩΦ24690ΒΤ-ΥΕΟ,2023-01-27,ΤΑΚΤΙΚΗ ΜΙΣΘΟΔΟΣΙΑ ΜΕΤΑΠ/ΤΕΩΝ  ΔΕΚΕΜΒΡΙΟΥ/2022   ΑΜΙΣΘΟΙ ΤΕΕ ( ΕΠΑΛ ),,,,no sponsor block
9Ψ9Θ4690ΒΤ-ΔΡΥ,2023-01-27,ΤΑΚΤΙΚΗ ΜΙΣΘΟΔΟΣΙΑ ΜΕΤΑΠ/ΤΕΩΝ ΙΑΝΟΥΑΡΙΟΥ/2023  ΣΠΟΥΔΑΣΤΕΣ ΠΟΥ ΑΣΚΟΥΝΤΑΙ,,,,no sponsor block
684Κ4690ΒΤ-ΓΩΞ,2023-01-27,ΤΑΚΤΙΚΗ ΜΙΣΘΟΔΟΣΙΑ ΜΕΤΑΠ/ΤΕΩΝ ΙΑΝΟΥΑΡΙΟΥ/2023  ΑΜΙΣΘΟΙ ΤΕΕ ( ΔΙΕΚ ),,,,no sponsor block
94ΟΨ4690ΒΤ-ΤΗ0,2023-01-27,ΤΑΚΤΙΚΗ ΜΙΣΘΟΔΟΣΙΑ ΜΕΤΑΠ/ΤΕΩΝ ΙΑΝΟΥΑΡΙΟΥ/2023 ΕΠΙΚΟΥΡΙΚΟΙ ΕΣΥ,,,,no sponsor block
90ΡΔ4690ΒΤ-ΠΓ1,2023-01-27,ΤΑΚΤΙΚΗ ΜΙΣΘΟΔΟΣΙΑ ΜΕΤΑΠ/ΤΕΩΝ ΙΑΝΟΥΑΡΙΟΥ/2023 ΕΠΙΚΟΥΡΙΚΟΙ ΕΣΥ,,,,no sponsor block
ΩΜ1Ν4690ΒΤ-ΨΜΝ,2023-01-27,ΤΑΚΤΙΚΗ ΜΙΣΘΟΔΟΣΙΑ ΜΕΤΑΠ/ΤΕΩΝ ΙΑΝΟΥΑΡΙΟΥ/2023 ΕΠΙΚΟΥΡΙΚΟ ΠΡΟΣΩΠΙΚΟ,,,,no sponsor block
6Μ3Ο4690ΒΤ-ΦΓ6,2023-01-25,ΓΙΑ ΤΗΝ ΑΞΙΑ ΠΛΗΡΩΜΗΣ ΟΔΟΙΠΟΡΙΚΩΝ ΕΞΟΔΩΝ & ΗΜΕΡΗΣΙΑΣ ΑΠΟΖΗΜΙΩΣΗΣ ΥΠΑΛΛΗΛΩΝ ΤΟΥ Γ.Ν .ΚΑΤΕΡΙΝΗΣ,,,,no sponsor block
6ΒΕΕ4690ΒΤ-0ΕΩ,2023-01-25,ΓΙΑ ΤΗΝ ΑΞΙΑ ΠΛΗΡΩΜΗΣ ΟΔΟΙΠΟΡΙΚΩΝ ΕΞΟΔΩΝ & ΗΜΕΡΗΣΙΑΣ ΑΠΟΖΗΜΙΩΣΗΣ ΥΠΑΛΛΗΛΩΝ ΤΟΥ Γ.Ν .ΚΑΤΕΡΙΝΗΣ,,,,no sponsor block
ΨΡΒ04690ΒΤ-ΟΜΙ,2022-12-21,ΤΑΚΤΙΚΗ ΜΙΣΘΟΔΟΣΙΑ  ΔΕΚΕΜΒΡΙΟΥ /2022 ΕΠΙΚΟΥΡΙΚΟΙ Ε.Σ.Υ ΤΟΥ Ψ/Τ,,,,no sponsor block
ΨΝΧ64690ΒΤ-ΗΘ7,2022-12-21,ΤΑΚΤΙΚΗ ΜΙΣΘΟΔΟΣΙΑ  ΔΕΚΕΜΒΡΙΟΥ/2022 ΠΡΟΣΩΠΙΚΟ ΕΠΙ ΣΧΕΣΕΙ ΕΡΓΑΣΙΑΣ Ι.Δ ΤΟΥ Ψ/Τ,,,,no sponsor block
Ω2274690ΒΤ-ΤΩΦ,2022-12-21,ΤΑΚΤΙΚΗ ΜΙΣΘΟΔΟΣΙΑ  ΔΕΚΕΜΒΡΙΟΥ/2022  ΑΜΙΣΘΟΙ ΤΕΕ ( ΔΙΕΚ ),,,,no sponsor block
6ΩΦ54690ΒΤ-ΖΦΩ,2022-12-21,ΤΑΚΤΙΚΗ ΜΙΣΘΟΔΟΣΙΑ   NOEMBΡΙΟΥ /2022  ΑΜΙΣΘΟΙ ΕΠΑΛ,,,,no sponsor block
ΨΥ984690ΒΤ-ΙΧ1,2022-12-21,ΤΑΚΤΙΚΗ ΜΙΣΘΟΔΟΣΙΑ  ΔΕΚΕΜΒΡΙΟΥ/2022  ΣΠΟΥΔΑΣΤΕΣ ΤΕΙ,,,,no sponsor block
6ΖΚΑ4690ΒΤ-Ψ43,2022-12-21,ΤΑΚΤΙΚΗ ΜΙΣΘΟΔΟΣΙΑ  ΔΕΚΕΜΒΡΙΟΥ/2022  ΕΠΙΚΟΥΡΙΚΟ ΠΡΟΣΩΠΙΚΟ,,,,no sponsor block
6ΘΥΨ4690ΒΤ-Α11,2022-12-21,ΤΑΚΤΙΚΗ ΜΙΣΘΟΔΟΣΙΑ  ΔΕΚΕΜΒΡΙΟΥ/2022  ΕΠΙΚΟΥΡΙΚΟΙ Ε.Σ.Υ,,,,no sponsor block
ΩΣΟΡ4690ΒΤ-ΨΧΧ,2022-12-21,ΤΑΚΤΙΚΗ ΜΙΣΘΟΔΟΣΙΑ  ΔΕΚΕΜΒΡΙΟΥ /2022  ΕΠΙΚΟΥΡΙΚΟ ΠΡΟΣΩΠΙΚΟ  ΤΡΙΝΗΝΟ,,,,no sponsor block
ΨΙ7Ο4690ΒΤ-ΗΝΤ,2022-12-21,ΤΑΚΤΙΚΗ ΜΙΣΘΟΔΟΣΙΑ  ΔΕΚΕΜΒΡΙΟΥ/2022 ΕΠΙΚΟΥΡΙΚΟ ΠΡΟΣΩΠΙΚΟ,,,,no sponsor block
6ΕΟΙ4690ΒΤ-ΤΓ3,2022-12-21,ΤΑΚΤΙΚΗ ΜΙΣΘΟΔΟΣΙΑ  ΔΕΚΕΜΒΡΙΟΥ/2022  ΝΕΟΠΡΟΣΛΑΜΒΑΝΟΜΕΝΟΙ ( ΠΡΟΓΡΑΜΜΑ Ο.Α.Ε.Δ ),,,,no sponsor block
Ω5ΙΣ4690ΒΤ-ΗΑΡ,2022-12-21,ΤΑΚΤΙΚΗ ΜΙΣΘΟΔΟΣΙΑ  ΔΕΚΕΜΒΡΙΟΥ /2022  ΕΠΙΚΟΥΡΙΚΟΙ Ε.Σ.Υ,,,,no sponsor block
6ΥΓ14690ΒΤ-Θ4Ξ,2022-12-21,ΤΑΚΤΙΚΗ ΜΙΣΘΟΔΟΣΙΑ  ΔΕΚΕΜΒΡΙΟΥ /2022  ΕΠΙΣΤΗΜΟΝΙΚΟ  ΠΡΟΣΩΠΙΚΟ,,,,no sponsor block
ΨΦ4Ι4690ΒΤ-Ζ52,2022-12-19,ΓΙΑ ΤΗΝ ΑΞΙΑ ΠΛΗΡΩΜΗΣ ΟΔΟΙΠΟΡΙΚΩΝ ΕΞΟΔΩΝ & ΗΜΕΡΗΣΙΑΣ ΑΠΟΖΗΜΙΩΣΗΣ ΥΠΑΛΛΗΛΩΝ ΤΟΥ Γ.Ν .ΚΑΤΕΡΙΝΗΣ,,,,no sponsor block
Ψ0ΣΓ4690ΒΤ-ΝΥ7,2022-12-16,ΤΑΚΤΙΚΗ ΜΙΣΘΟΔΟΣΙΑ  ΔΕΚΕΜΒΡΙΟΣ /2022 ΠΔΕ-ΕΣΠΑ ΕΠΙΚΟΥΡΙΚΟ ΠΡΟΣΩΠΙΚΟ ΤΟΥ Γ.Ν.Κ  ΥΠ.11/Ο Π Σ 5070506,,,,no sponsor block
6Μ3Θ4690ΒΤ-ΛΚΣ,2022-12-16,ΤΑΚΤΙΚΕΣ ΕΦΗΜΕΡΙΕΣ  ΝΟΕΜΒΡΙΟΥ /2022  ΠΟΥ ΕΚΚΑΘΑΡΙΖΟΝΤΑΙ ΣΥΜΦΩΝΑ ΜΕ ΤΟ ΑΡΘΡΟ 88 & 90 του Ν.4850/21,,,,no sponsor block
9ΒΝ44690ΒΤ-8ΗΤ,2022-12-16,ΤΑΚΤΙΚΕΣ ΕΦΗΜΕΡΙΕΣ  ΟΚΤΩΒΡΙΟΥ/2022  ΠΟΥ ΕΚΚΑΘΑΡΙΖΟΝΤΑΙ ΣΥΜΦΩΝΑ ΜΕ ΤΟ ΑΡΘΡΟ 88 & 90 του Ν.4850/21,,,,no sponsor block
ΨΑΖΟ4690ΒΤ-ΘΡΤ,2022-12-16,ΤΑΚΤΙΚΕΣ ΕΦΗΜΕΡΙΕΣ  ΣΕΠΤΕΜΒΡΙΟΥ /2022  ΠΟΥ ΕΚΚΑΘΑΡΙΖΟΝΤΑΙ ΣΥΜΦΩΝΑ ΜΕ ΤΟ ΑΡΘΡΟ 88 & 90 του Ν.4850/21,,,,no sponsor block
6ΚΥΛ4690ΒΤ-Η4Ξ,2022-12-16,ΤΑΚΤΙΚΕΣ ΕΦΗΜΕΡΙΕΣ  ΑΥΓΟΥΣΤΟΥ/2022  ΠΟΥ ΕΚΚΑΘΑΡΙΖΟΝΤΑΙ ΣΥΜΦΩΝΑ ΜΕ ΤΟ ΑΡΘΡΟ 88 & 90 του Ν.4850/21,,,,no sponsor block
6ΗΒΝ4690ΒΤ-ΠΥ5,2022-12-16,ΤΑΚΤΙΚΕΣ ΕΦΗΜΕΡΙΕΣ ΙΟΥΛΙΟΥ/2022  ΠΟΥ ΕΚΚΑΘΑΡΙΖΟΝΤΑΙ ΣΥΜΦΩΝΑ ΜΕ ΤΟ ΑΡΘΡΟ 88 & 90 του Ν.4850/21,,,,no sponsor block
ΨΠ434690ΒΤ-Χ86,2022-12-16,ΤΑΚΤΙΚΕΣ ΕΦΗΜΕΡΙΕΣ ΙΟΥΝΙΟΥ/2022  ΠΟΥ ΕΚΚΑΘΑΡΙΖΟΝΤΑΙ ΣΥΜΦΩΝΑ ΜΕ ΤΟ ΑΡΘΡΟ 88 & 90 του Ν.4850/21,,,,no sponsor block
ΩΖ1Π4690ΒΤ-Α0Ζ,2022-12-13,ΑΠΟΖΗΜΙΩΣΗ ΕΦΗΜΕΡΙΩΝ ΝΟΕΜΒΡΙΟΣ/2022 ΕΠΙΣΤΗΜΟΝΙΚΟ ΠΡΟΣΩΠΙΚΟ    ΤΟΥ Κ.Ψ.Υ,,,,no sponsor block
ΨΦΣΙ4690ΒΤ-55Ρ,2022-12-13,ΑΠΟΖΗΜΙΩΣΗ ΕΦΗΜΕΡΙΩΝ ΝΟΕΜΒΡΙΟΣ/2022 ΕΠΙΣΤΗΜΟΝΙΚΟ ΠΡΟΣΩΠΙΚΟ    ΤΟΥ Ψ/Τ,,,,no sponsor block
Ω3ΦΒ4690ΒΤ-Μ5Γ,2022-12-13,ΑΠΟΖΗΜΙΩΣΗ ΕΦΗΜΕΡΙΩΝ ΝΟΕΜΒΡΙΟΣ/2022 ΕΠΙΣΤΗΜΟΝΙΚΟ ΠΡΟΣΩΠΙΚΟ  Ν.Δ.1057/80  ΤΟΥ Ψ/Τ,,,,no sponsor block
Ψ8Ω54690ΒΤ-ΜΩ4,2022-12-13,ΠΡΟΣΘΕΤΕΣ ΑΜΟΙΒΕΣ ΝΟΕΜΒΡΙΟΥ  /2022  ΜΟΝΙΜΟ-ΔΟΚΙΜΟ ΒΟΗΘ.  ΠΡΟΣΩΠΙΚΟ ΤΟΥ Ψ/Τ,,,,no sponsor block
ΨΒΜ34690ΒΤ-ΚΡΔ,2022-12-13,ΠΡΟΣΘΕΤΕΣ ΑΜΟΙΒΕΣ ΝΟΕΜΒΡΙΟΥ  /2022  ΤΕΧΝΙΚΟ  ΠΡΟΣΩΠΙΚΟ ΤΟΥ Ψ/Τ,,,,no sponsor block
6ΛΥΗ4690ΒΤ-1Β2,2022-12-13,ΠΡΟΣΘΕΤΕΣ ΑΜΟΙΒΕΣ ΝΟΕΜΒΡΙΟΥ  /2022  ΠΡΟΣΩΠΙΚΟ  ΕΠΙ ΣΧΕΣΕΙ ΕΡΓΑΣΙΑΣ Ι.Δ.Α.Χ   ΤΟΥ Ψ/Τ,,,,no sponsor block
ΨΜΛ54690ΒΤ-436,2022-12-13,ΠΡΟΣΘΕΤΕΣ ΑΜΟΙΒΕΣ ΝΟΕΜΒΡΙΟΥ  /2022  ΤΡΙΜΗΝΟ ΕΠΙΚΟΥΡΙΚΟ  ΠΡΟΣΩΠΙΚΟ ΤΟΥ Ψ/Τ,,,,no sponsor block
Ψ7Π14690ΒΤ-Ψ9Ξ,2022-12-13,ΠΡΟΣΘΕΤΕΣ ΑΜΟΙΒΕΣ ΝΟΕΜΒΡΙΟΥ  /2022  ΕΠΙΚΟΥΡΙΚΟ ΠΡΟΣΩΠΙΚΟ ΤΟΥ Ψ/Τ,,,,no sponsor block
ΩΜΨΝ4690ΒΤ-Χ2Λ,2022-12-13,ΠΡΟΣΘΕΤΕΣ ΑΜΟΙΒΕΣ ΝΟΕΜΒΡΙΟΥ  /2022 ΝΟΣΗΛΕΥΤΙΚΟ ΠΡΟΣΩΠΙΚΟ  Ν.Δ 1057/80  ΤΟΥ Ψ/Τ,,,,no sponsor block
ΨΜΚ44690ΒΤ-5ΗΒ,2022-12-13,ΠΡΟΣΘΕΤΕΣ ΑΜΟΙΒΕΣ ΝΟΕΜΒΡΙΟΥ  /2022  ΠΡΟΣΩΠΙΚΟ ΕΠΙ ΣΧΕΣΕΙ ΕΡΓΑΣΙΑΣ Ι.Δ ΤΟΥ Ψ/Τ,,,,no sponsor block
66ΖΛ4690ΒΤ-6Ρ4,2022-12-13,ΠΡΟΣΘΕΤΕΣ ΑΜΟΙΒΕΣ ΝΟΕΜΒΡΙΟΥ  /2022 ΝΟΣΗΛΕΥΤΙΚΟ ΠΡΟΣΩΠΙΚΟ ΤΟΥ Ψ/Τ,,,,no sponsor block
9ΕΦΤ4690ΒΤ-0ΦΞ,2022-12-12,ΠΡΟΣΘΕΤΕΣ ΑΜΟΙΒΕΣ ΝΟΕΜΒΡΙΟΥ/2022 ΑΠΟΣΠΑΣΜΕΝΟΙ,,,,no sponsor block
97ΤΥ4690ΒΤ-01Θ,2022-12-12,ΑΠΟΖΗΜΙΩΣΗ ΕΦΗΜΕΡΙΩΝ ΝΟΕΜΒΡΙΟΥ/2022 ΕΠΙΣΤΗΜΟΝΙΚΟ ΠΡΟΣΩΠΙΚΟ,,,,no sponsor block
ΩΜ7Χ4690ΒΤ-Ψ77,2022-12-12,ΑΠΟΖΗΜΙΩΣΗ ΕΦΗΜΕΡΙΩΝ ΝΟΕΜΒΡΙΟΥ/2022 ΕΠΙΣΤΗΜΟΝΙΚΟ ΠΡΟΣΩΠΙΚΟ,,,,no sponsor block
9Κ234690ΒΤ-ΘΔΣ,2022-12-12,ΠΡΟΣΘΕΤΕΣ ΑΜΟΙΒΕΣ ΝΟΕΜΒΡΙΟΥ/2022  ΜΟΝΙΜΟ ΔΟΚΙΜΟ  ΠΡΟΣΩΠΙΚΟ ΕΙΔ. ΘΕΣΕΩΝ,,,,no sponsor block
91ΛΣ4690ΒΤ-ΦΕΤ,2022-12-12,ΠΡΟΣΘΕΤΕΣ ΑΜΟΙΒΕΣ ΝΟΕΜΒΡΙΟΥ/2022  ΔΙΟΙΚΗΤΙΚΟ ΠΡΟΣΩΠΙΚΟ,,,,no sponsor block
Ω5ΗΕ4690ΒΤ-1Ε6,2022-12-12,ΠΡΟΣΘΕΤΕΣ ΑΜΟΙΒΕΣ ΝΟΕΜΒΡΙΟΥ/2022 ΝΟΣΗΛΕΥΤΙΚΟ ΠΡΟΣΩΠΙΚΟ Ν.Δ 1057/80,,,,no sponsor block
96514690ΒΤ-Μ0Γ,2022-12-12,ΠΡΟΣΘΕΤΕΣ ΑΜΟΙΒΕΣ ΝΟΕΜΒΡΙΟΥ/2022  ΠΡΟΣΩΠΙΚΟ ΕΠΙ ΣΧΕΣΕΙ ΕΡΓΑΣΙΑΣ Ι.Δ.Α.Χ,,,,no sponsor block
9ΕΝ14690ΒΤ-29Χ,2022-12-12,ΠΡΟΣΘΕΤΕΣ ΑΜΟΙΒΕΣ ΝΟΕΜΒΡΙΟΥ/2022  ΠΡΟΣΩΠΙΚΟ Ι.Δ Ν 2470/96,,,,no sponsor block
ΨΣ204690ΒΤ-ΩΡΜ,2022-12-12,ΠΡΟΣΘΕΤΕΣ ΑΜΟΙΒΕΣ ΝΟΕΜΒΡΙΟΥ/2022  ΜΟΝΙΜΟ-ΔΟΚΙΜΟ ΒΟΗΘ.  ΠΡΟΣΩΠΙΚΟ,,,,no sponsor block
ΨΚΔΚ4690ΒΤ-ΜΡΖ,2022-12-12,ΠΡΟΣΘΕΤΕΣ ΑΜΟΙΒΕΣ ΝΟΕΜΒΡΙΟΥ/2022  ΝΕΟΠΡΟΣΛΑΜΒΑΝΟΜΕΝΟΙ  Ο.Α.Ε.Δ (   55-67 ),,,,no sponsor block
9Ω1Κ4690ΒΤ-7ΔΚ,2022-12-12,ΠΡΟΣΘΕΤΕΣ ΑΜΟΙΒΕΣ ΝΟΕΜΒΡΙΟΥ/2022 ΤΡΙΜΗΝΟ ΕΠΙΚΟΥΡΙΚΟ ΠΡΟΣΩΠΙΚΟ,,,,no sponsor block
9ΙΞΙ4690ΒΤ-ΘΗΧ,2022-12-12,ΠΡΟΣΘΕΤΕΣ ΑΜΟΙΒΕΣ ΝΟΕΜΒΡΙΟΥ/2022  ΕΠΙΚΟΥΡΙΚΟ  ΠΡΟΣΩΠΙΚΟ,,,,no sponsor block
6ΕΟΣ4690ΒΤ-ΝΘ9,2022-12-12,ΠΡΟΣΘΕΤΕΣ ΑΜΟΙΒΕΣ ΝΟΕΜΒΡΙΟΥ/2022 ΝΟΣΗΛΕΥΤΙΚΟ ΠΡΟΣΩΠΙΚΟ,,,,no sponsor block
ΨΕ4Ε4690ΒΤ-ΘΨΛ,2022-12-12,ΠΡΟΣΘΕΤΕΣ ΑΜΟΙΒΕΣ ΝΟΕΜΒΡΙΟΥ  /2022  ΕΠΙΚΟΥΡΙΚΟ ΠΡΟΣΩΠΙΚΟ ΠΔΕ-ΕΣΠΑ  Γ.Ν.Κ ΥΠ.11/Ο Π Σ 5070506,,,,no sponsor block
6ΜΕΞ4690ΒΤ-2ΜΒ,2022-12-09,ΤΑΚΤΙΚΕΣ ΕΦΗΜΕΡΙΕΣ ΝΟΕΜΒΡΙΟΥ/2022  ΓΙΑΤΡΟΙ  Ε.Σ.Υ  ΕΙΔΙΚ/ΝΟΙ ΤΟΥ Ψ/Τ,,,,no sponsor block
ΨΕΔ44690ΒΤ-3ΜΖ,2022-12-09,ΤΑΚΤΙΚΕΣ ΕΦΗΜΕΡΙΕΣ ΝΟΕΜΒΡΙΟΥ/2022  ΓΙΑΤΡΟΙ  Ε.Σ.Υ   ΤΟΥ Ψ/Τ,,,,no sponsor block
ΨΙΨΙ4690ΒΤ-ΘΛΕ,2022-12-09,ΤΑΚΤΙΚΕΣ ΕΦΗΜΕΡΙΕΣ ΝΟΕΜΒΡΙΟΥ/2022  ΓΙΑΤΡΟΙ  Ε.Σ.Υ  ΕΠΙΚΟΥΡΙΚΟΙ  ΤΟΥ Ψ/Τ,,,,no sponsor block
ΨΨΩΔ4690ΒΤ-Θ9Ξ,2022-12-09,ΤΑΚΤΙΚΕΣ ΕΦΗΜΕΡΙΕΣ ΝΟΕΜΒΡΙΟΥ/2022  ΓΙΑΤΡΟΙ  Ε.Σ.Υ   ΤΟΥ Ψ/Τ,,,,no sponsor block
6ΚΙ34690ΒΤ-7ΧΣ,2022-12-09,ΤΑΚΤΙΚΕΣ ΕΦΗΜΕΡΙΕΣ ΝΟΕΜΒΡΙΟΥ/2022  ΕΠΙΚΟΥΡΙΚΟΙ   Ε.Σ.Υ,,,,no sponsor block
Ω8ΙΒ4690ΒΤ-ΛΦΛ,2022-12-09,ΤΑΚΤΙΚΕΣ ΕΦΗΜΕΡΙΕΣ ΝΟΕΜΒΡΙΟΥ/2022  ΓΙΑΤΡΟΙ   Ε.Σ.Υ ΕΙΔΙΚ/ΝΟΙ,,,,no sponsor block
6Υ3Ψ4690ΒΤ-Η9Μ,2022-12-09,ΤΑΚΤΙΚΕΣ ΕΦΗΜΕΡΙΕΣ ΝΟΕΜΒΡΙΟΥ/2022   ΕΠΙΚΟΥΡΙΚΟΙ  Ε.Σ.Υ,,,,no sponsor block
ΨΡΠΒ4690ΒΤ-8ΟΣ,2022-12-09,ΤΑΚΤΙΚΕΣ ΕΦΗΜΕΡΙΕΣ ΝΟΕΜΒΡΙΟΥ/2022  ΓΙΑΤΡΟΙ Ε.Σ.Υ,,,,no sponsor block
6Φ6Λ4690ΒΤ-5ΔΦ,2022-12-08,ΓΙΑ ΤΗΝ ΑΞΙΑ ΠΛΗΡΩΜΗΣ ΟΔΟΙΠΟΡΙΚΩΝ ΕΞΟΔΩΝ & ΗΜΕΡΗΣΙΑΣ ΑΠΟΖΗΜΙΩΣΗΣ ΥΠΑΛΛΗΛΩΝ ΤΟΥ Γ.Ν .ΚΑΤΕΡΙΝΗΣ,,,,no sponsor block
ΨΥ9Α4690ΒΤ-1ΧΚ,2022-12-08,ΓΙΑ ΤΗΝ ΑΞΙΑ ΠΛΗΡΩΜΗΣ ΟΔΟΙΠΟΡΙΚΩΝ ΕΞΟΔΩΝ & ΗΜΕΡΗΣΙΑΣ ΑΠΟΖΗΜΙΩΣΗΣ ΥΠΑΛΛΗΛΩΝ ΤΟΥ Γ.Ν .ΚΑΤΕΡΙΝΗΣ,,,,no sponsor block
6ΒΣ24690ΒΤ-2ΩΥ,2022-12-05,ΠΡΟΣΘΕΤΕΣ ΑΜΟΙΒΕΣ  ΟΚΤΩΒΡΙΟΥ /2022     12 ΜΗΝΑ ΟΑΕΔ  ΔΗΜ.ΠΡΟΣΚΛΗΣΗ       Νο 13/2016,,,,no sponsor block
ΨΜΩΑ4690ΒΤ-2ΨΖ,2022-12-05,ΠΡΟΣΘΕΤΕΣ ΑΜΟΙΒΕΣ  ΟΚΤΩΒΡΙΟΥ /2022     12 ΜΗΝΑ ΟΑΕΔ  ΔΗΜ.ΠΡΟΣΚΛΗΣΗ       Νο 10/2017,,,,no sponsor block
ΨΛΦΥ4690ΒΤ-ΘΕΠ,2022-12-05,ΤΑΚΤΙΚΗ ΜΙΣΘΟΔΟΣΙΑ  ΝΟΕΜΒΡΙΟΥ/2022 12 ΜΗΝΑ Ο.Α.Ε.Δ   ΔΗΜ.ΠΡΟΣΚΛΗΣΗ    Νο 10/2017,,,,no sponsor block
ΩΝ3Ν4690ΒΤ-ΒΣΛ,2022-12-05,ΤΑΚΤΙΚΗ  ΜΙΣΘΟΔΟΣΙΑ  ΝΟΕΜΒΡΙΟΥ /2022      12 ΜΗΝΑ ΟΑΕΔ  ΔΗΜ.ΠΡΟΣΚΛΗΣΗ       Νο 13/2016,,,,no sponsor block
6ΛΙΧ4690ΒΤ-5ΧΔ,2022-11-28,ΤΑΚΤΙΚΗ ΜΙΣΘΟΔΟΣΙΑ ΟΚΤΩΒΡΙΟΥ/2022  ΑΜΙΣΘΟΙ ΤΕΕ ( ΕΠΑΛ ),,,,no sponsor block
6ΔΞ04690ΒΤ-ΒΔ9,2022-12-02,ΑΠΟΖΗΜΙΩΣΗ ΕΦΗΜΕΡΙΩΝ ΟΚΤΩΒΡΙΟΥ  /2022  ΕΠΙΣΤΗΜΟΝΙΚΟ   ΠΡΟΣΩΠΙΚΟ ΤΟΥ Κ.Ψ.Υ,,,,no sponsor block
6ΙΜΙ4690ΒΤ-32Σ,2022-12-02,ΑΠΟΖΗΜΙΩΣΗ ΕΦΗΜΕΡΙΩΝ ΟΚΤΩΒΡΙΟΥ  /2022  ΕΠΙΣΤΗΜΟΝΙΚΟ   ΠΡΟΣΩΠΙΚΟ Ι.Δ  Ν.Δ 1057/80  ΤΟΥ Ψ/Τ,,,,no sponsor block
6ΓΦΡ4690ΒΤ-24Λ,2022-12-02,ΑΠΟΖΗΜΙΩΣΗ ΕΦΗΜΕΡΙΩΝ ΟΚΤΩΒΡΙΟΥ  /2022  ΕΠΙΣΤΗΜΟΝΙΚΟ   ΠΡΟΣΩΠΙΚΟ ΤΟΥ Ψ/Τ,,,,no sponsor block
ΨΚΒΔ4690ΒΤ-ΙΗΓ,2022-12-02,ΠΡΟΣΘΕΤΕΣ ΑΜΟΙΒΕΣ ΟΚΤΩΒΡΙΟΥ  /2022    ΠΡΟΣΩΠΙΚΟ ΕΠΙ ΣΧΕΣΕΙ ΕΓΑΣΙΑΣ Ι.Δ.Α.Χ ΤΟΥ Ψ/Τ,,,,no sponsor block
ΨΡ6Π4690ΒΤ-ΖΤΝ,2022-12-02,ΠΡΟΣΘΕΤΕΣ ΑΜΟΙΒΕΣ ΟΚΤΩΒΡΙΟΥ  /2022  ΝΟΣΗΛΕΥΤΙΚΟ  ΠΡΟΣΩΠΙΚΟ Ν.Δ 1057/80 ΤΟΥ Ψ/Τ,,,,no sponsor block
6ΗΣΜ4690ΒΤ-8Φ9,2022-12-02,ΠΡΟΣΘΕΤΕΣ ΑΜΟΙΒΕΣ ΟΚΤΩΒΡΙΟΥ  /2022  ΜΟΝΙΜΟ-ΔΟΚΙΜΟ ΒΟΗΘ. ΠΡΟΣΩΠΙΚΟ ΤΟΥ Ψ/Τ,,,,no sponsor block
ΨΗΘΥ4690ΒΤ-1ΟΦ,2022-12-02,ΠΡΟΣΘΕΤΕΣ ΑΜΟΙΒΕΣ ΟΚΤΩΒΡΙΟΥ  /2022  ΤΕΧΝΙΚΟ  ΠΡΟΣΩΠΙΚΟ ΤΟΥ Ψ/Τ,,,,no sponsor block
6Ζ3Ρ4690ΒΤ-ΓΩΡ,2022-12-02,ΠΡΟΣΘΕΤΕΣ ΑΜΟΙΒΕΣ ΟΚΤΩΒΡΙΟΥ  /2022  ΕΠΙΚΟΥΡΙΚΟ  ΠΡΟΣΩΠΙΚΟ ΤΟΥ Ψ/Τ,,,,no sponsor block
ΨΨ6Ρ4690ΒΤ-ΤΓΞ,2022-12-02,ΠΡΟΣΘΕΤΕΣ ΑΜΟΙΒΕΣ ΟΚΤΩΒΡΙΟΥ  /2022  ΕΠΙΚΟΥΡΙΚΟ ΠΡΟΣΩΠΙΚΟ ΤΟΥ Ψ/Τ,,,,no sponsor block
Ω3ΝΦ4690ΒΤ-2Α9,2022-12-02,ΠΡΟΣΘΕΤΕΣ ΑΜΟΙΒΕΣ ΟΚΤΩΒΡΙΟΥ  /2022    ΠΡΟΣΩΠΙΚΟ ΕΠΙ ΣΧΕΣΕΙ ΕΓΑΣΙΑΣ Ι.Δ  ΤΟΥ Ψ/Τ,,,,no sponsor block
ΨΒ7Η4690ΒΤ-Μ67,2022-12-02,ΠΡΟΣΘΕΤΕΣ ΑΜΟΙΒΕΣ ΟΚΤΩΒΡΙΟΥ  /2022  ΝΟΣΗΛΕΥΤΙΚΟ  ΠΡΟΣΩΠΙΚΟ ΤΟΥ Ψ/Τ,,,,no sponsor block
Ψ0ΞΛ4690ΒΤ-15Χ,2022-12-01,ΤΑΚΤΙΚΕΣ ΕΦΗΜΕΡΙΕΣ ΟΚΤΩΒΡΙΟΥ/2022 ΓΙΑΤΡΟΙ Ε.Σ.Υ ΕΠΙΚΟΥΡΙΚΟΙ,,,,no sponsor block
62Ξ84690ΒΤ-5Β1,2022-12-01,ΤΑΚΤΙΚΕΣ ΕΦΗΜΕΡΙΕΣ ΟΚΤΩΒΡΙΟΥ/2022 ΓΙΑΤΡΟΙ Ε.Σ.Υ ΕΠΙΚΟΥΡΙΚΟΙ,,,,no sponsor block
ΨΖ6Ν4690ΒΤ-Δ47,2022-12-01,ΤΑΚΤΙΚΕΣ ΕΦΗΜΕΡΙΕΣ ΟΚΤΩΒΡΙΟΥ/2022 ΓΙΑΤΡΟΙ Ε.Σ.Υ ΕΙΔΙΚ/ΝΟΙ,,,,no sponsor block
9ΠΣΚ4690ΒΤ-ΖΡΧ,2022-12-01,ΤΑΚΤΙΚΕΣ ΕΦΗΜΕΡΙΕΣ ΟΚΤΩΒΡΙΟΥ/2022 ΓΙΑΤΡΟΙ Ε.Σ.Υ ΤΟΥ Κ.Ψ.Υ,,,,no sponsor block
6ΨΔΤ4690ΒΤ-ΦΘΤ,2022-12-01,ΤΑΚΤΙΚΕΣ ΕΦΗΜΕΡΙΕΣ ΟΚΤΩΒΡΙΟΥ/2022 ΓΙΑΤΡΟΙ Ε.Σ.Υ  ΕΠΙΚΟΥΡΙΚΟΙ ΤΟΥ Ψ/Τ,,,,no sponsor block
ΨΓΘΛ4690ΒΤ-ΣΤΚ,2022-12-01,ΤΑΚΤΙΚΕΣ ΕΦΗΜΕΡΙΕΣ ΟΚΤΩΒΡΙΟΥ/2022 ΓΙΑΤΡΟΙ Ε.Σ.Υ ΕΙΔΙΚ/ΝΟΙ  ΤΟΥ Ψ/Τ,,,,no sponsor block
6ΝΙΚ4690ΒΤ-26Κ,2022-12-01,ΤΑΚΤΙΚΕΣ ΕΦΗΜΕΡΙΕΣ ΟΚΤΩΒΡΙΟΥ/2022 ΓΙΑΤΡΟΙ Ε.Σ.Υ ΤΟΥ Ψ/Τ,,,,no sponsor block
90Τ24690ΒΤ-0ΔΟ,2022-11-30,ΠΡΟΣΘΕΤΕΣ ΑΜΟΙΒΕΣ ΟΚΤΩΒΡΙΟΥ  /2022    ΠΡΟΣΩΠΙΚΟ ΕΠΙ ΣΧΕΣΕΙ ΕΓΑΣΙΑΣ Ι.Δ  ΤΟΥ Ψ/Τ,,,,no sponsor block
ΨΕΞΒ4690ΒΤ-ΩΤΡ,2022-11-30,ΑΠΟΖΗΜΙΩΣΗ ΕΦΗΜΕΡΙΩΝ  ΟΚΤΩΒΡΙΟΥ  /2022  ΕΠΙΣΤΗΜΟΝΙΚΟ  ΠΡΟΣΩΠΙΚΟ,,,,no sponsor block
9ΩΜΑ4690ΒΤ-4Φ9,2022-11-30,ΑΠΟΖΗΜΙΩΣΗ ΕΦΗΜΕΡΙΩΝ  ΟΚΤΩΒΡΙΟΥ  /2022  ΕΠΙΣΤΗΜΟΝΙΚΟ  ΠΡΟΣΩΠΙΚΟ,,,,no sponsor block
6ΔΝΩ4690ΒΤ-ΞΦΙ,2022-11-30,ΠΡΟΣΘΕΤΕΣ ΑΜΟΙΒΕΣ ΟΚΤΩΒΡΙΟΥ  /2022  ΝΕΟΠΡΟΣΛΑΜΒΑΝΟΜΕΝΟΙ,,,,no sponsor block
9ΔΛΟ4690ΒΤ-ΩΑΑ,2022-11-30,ΠΡΟΣΘΕΤΕΣ ΑΜΟΙΒΕΣ ΟΚΤΩΒΡΙΟΥ  /2022  ΑΠΟΣΠΑΣΜΕΝΟΙ,,,,no sponsor block
9Η3Ξ4690ΒΤ-ΩΣΞ,2022-11-30,ΠΡΟΣΘΕΤΕΣ ΑΜΟΙΒΕΣ ΟΚΤΩΒΡΙΟΥ  /2022    ΠΡΟΣΩΠΙΚΟ ΕΠΙ ΣΧΕΣΕΙ ΕΓΑΣΙΑΣ Ι.Δ.Α.Χ,,,,no sponsor block
ΨΜ5Χ4690ΒΤ-548,2022-11-30,ΠΡΟΣΘΕΤΕΣ ΑΜΟΙΒΕΣ ΟΚΤΩΒΡΙΟΥ  /2022  ΝΟΣΗΛΕΥΤΙΚΟ  ΠΡΟΣΩΠΙΚΟ  Ν.Δ 1057/80,,,,no sponsor block
ΩΤΗΗ4690ΒΤ-2Χ3,2022-11-30,ΠΡΟΣΘΕΤΕΣ ΑΜΟΙΒΕΣ ΟΚΤΩΒΡΙΟΥ  /2022  ΜΟΝΙΜΟ-ΔΟΚΙΜΟ   ΠΡΟΣΩΠΙΚΟ ΕΙΔ.ΘΕΣΕΩΝ,,,,no sponsor block
69Τ44690ΒΤ-ΛΘΙ,2022-11-30,ΠΡΟΣΘΕΤΕΣ ΑΜΟΙΒΕΣ ΟΚΤΩΒΡΙΟΥ  /2022  ΜΟΝΙΜΟ-ΔΟΚΙΜΟ -ΒΟΗΘ.  ΠΡΟΣΩΠΙΚΟ,,,,no sponsor block
66464690ΒΤ-65Τ,2022-11-30,ΠΡΟΣΘΕΤΕΣ ΑΜΟΙΒΕΣ ΟΚΤΩΒΡΙΟΥ  /2022  ΔΙΟΙΚΗΤΙΚΟ  ΠΡΟΣΩΠΙΚΟ,,,,no sponsor block
6ΖΠ44690ΒΤ-Η11,2022-11-30,ΠΡΟΣΘΕΤΕΣ ΑΜΟΙΒΕΣ ΟΚΤΩΒΡΙΟΥ  /2022    ΠΡΟΣΩΠΙΚΟ Ι.Δ  Ν.2470/96,,,,no sponsor block
Ψ0ΒΘ4690ΒΤ-ΛΚΑ,2022-11-30,ΠΡΟΣΘΕΤΕΣ ΑΜΟΙΒΕΣ ΟΚΤΩΒΡΙΟΥ  /2022  ΕΠΙΚΟΥΡΙΚΟ  ΠΡΟΣΩΠΙΚΟ,,,,no sponsor block
Ψ7ΜΛ4690ΒΤ-ΖΘΧ,2022-11-30,ΠΡΟΣΘΕΤΕΣ ΑΜΟΙΒΕΣ ΟΚΤΩΒΡΙΟΥ  /2022  ΤΡΙΜΗΝΟ ΕΠΙΚΟΥΡΙΚΟ  ΠΡΟΣΩΠΙΚΟ,,,,no sponsor block
9ΡΒΛ4690ΒΤ-ΚΝΦ,2022-11-30,ΠΡΟΣΘΕΤΕΣ ΑΜΟΙΒΕΣ ΟΚΤΩΒΡΙΟΥ  /2022  ΝΟΣΗΛΕΥΤΙΚΟ  ΠΡΟΣΩΠΙΚΟ,,,,no sponsor block
ΩΧΑΡ4690ΒΤ-6ΔΦ,2022-11-30,ΠΡΟΣΘΕΤΕΣ ΕΦΗΜΕΡΙΕΣ ΑΥΓΟΥΣΤΟΥ/2022  ΕΠΙΚΟΥΡΙΚΟΙ  Ε.Σ.Υ   ΤΟΥ Ψ/Τ,,,,no sponsor block
6ΤΗ14690ΒΤ-Δ4Ι,2022-11-30,ΠΡΟΣΘΕΤΕΣ ΕΦΗΜΕΡΙΕΣ ΑΥΓΟΥΣΤΟΥ/2022 ΓΙΑΤΡΟΙ Ε.Σ.Υ  ΤΟΥ Κ.Ψ.Υ,,,,no sponsor block
68ΕΡ4690ΒΤ-97Ζ,2022-11-30,ΠΡΟΣΘΕΤΕΣ ΕΦΗΜΕΡΙΕΣ ΑΥΓΟΥΣΤΟΥ/2022 ΓΙΑΤΡΟΙ Ε.Σ.Υ  ΕΙΔΙΚ/ΝΟΙ ΤΟΥ Ψ/Τ,,,,no sponsor block
6ΚΕΧ4690ΒΤ-ΧΨΚ,2022-11-30,ΠΡΟΣΘΕΤΕΣ ΕΦΗΜΕΡΙΕΣ ΑΥΓΟΥΣΤΟΥ/2022 ΓΙΑΤΡΟΙ Ε.Σ.Υ  ΤΟΥ Ψ/Τ,,,,no sponsor block
Ω8Ι64690ΒΤ-ΟΗΜ,2022-11-30,ΠΡΟΣΘΕΤΕΣ ΕΦΗΜΕΡΙΕΣ ΑΥΓΟΥΣΤΟΥ/2022 ΕΠΙΚΟΥΡΙΚΟΙ Ε.Σ.Υ,,,,no sponsor block
9ΠΞΩ4690ΒΤ-ΝΤΑ,2022-11-30,ΠΡΟΣΘΕΤΕΣ ΕΦΗΜΕΡΙΕΣ ΑΥΓΟΥΣΤΟΥ/2022  ΕΠΙΚΟΥΡΙΚΟΙ  Ε.Σ.Υ,,,,no sponsor block
ΩΥΣΒ4690ΒΤ-ΟΞΔ,2022-11-30,ΠΡΟΣΘΕΤΕΣ ΕΦΗΜΕΡΙΕΣ ΑΥΓΟΥΣΤΟΥ/2022 ΓΙΑΤΡΟΙ Ε.Σ.Υ ΕΙΔΙΚ/ΝΟΙ,,,,no sponsor block
6ΘΣΞ4690ΒΤ-ΖΓΔ,2022-11-30,ΠΡΟΣΘΕΤΕΣ ΕΦΗΜΕΡΙΕΣ ΑΥΓΟΥΣΤΟΥ/2022 ΓΙΑΤΡΟΙ Ε.Σ.Υ,,,,no sponsor block
6ΜΡ94690ΒΤ-Δ7Ρ,2022-11-30,ΤΑΚΤΙΚΗ ΜΙΣΘΟΔΟΣΙΑ ΝΟΕΜΒΡΙΟΥ/2022 ΕΠΙΚΟΥΡΙΚΟΙ Ε.Σ.Υ ΤΟΥ Ψ/Τ,,,,no sponsor block
649Φ4690ΒΤ-ΞΧΛ,2022-11-30,ΑΝΑΔΡΟΜΙΚΑ  ΜΕΤΑΤΡΟΠΗΣ 4ΩΡΗΣ ΣΥΜΒΑΣΗΣ ΣΕ 7ΩΡΗ ΑΠΟ 24-10-2022   ΠΡΟΣΩΠΙΚΟ ΕΠΙ ΣΧΕΣΕΙ ΕΡΓΑΣΙΑΣ Ι.Δ ΤΟΥ Ψ/Τ,,,,no sponsor block
ΨΤΕ04690ΒΤ-ΛΞΛ,2022-11-30,ΤΑΚΤΙΚΗ ΜΙΣΘΟΔΟΣΙΑ ΝΟΕΜΒΡΙΟΥ/2022 ΠΡΟΣΩΠΙΚΟ ΕΠΙ ΣΧΕΣΕΙ ΕΡΓΑΣΙΑΣ Ι.Δ ΤΟΥ Ψ/Τ,,,,no sponsor block
ΨΧΨΝ4690ΒΤ-2ΗΙ,2022-11-30,ΤΑΚΤΙΚΗ ΜΙΣΘΟΔΟΣΙΑ ΝΟΕΜΒΡΙΟΥ/2022  ΝΕΟΠΡΟΣΛΑΜΒΑΝΟΜΕΝΟΙ ( ΠΡΟΓΡΑΜΜΑ Ο.Α.Ε.Δ ),,,,no sponsor block
6ΧΦ34690ΒΤ-ΨΦΒ,2022-11-30,ΤΑΚΤΙΚΗ ΜΙΣΘΟΔΟΣΙΑ ΝΟΕΜΒΡΙΟΥ/2022  ΕΠΙΣΤΗΜΟΝΙΚΟ  ΠΡΟΣΩΠΙΚΟ,,,,no sponsor block
6ΘΚ54690ΒΤ-Ω43,2022-11-30,ΤΑΚΤΙΚΗ ΜΙΣΘΟΔΟΣΙΑ ΝΟΕΜΒΡΙΟΥ/2022  ΕΠΙΚΟΥΡΙΚΟΙ  Ε.Σ.Υ,,,,no sponsor block
ΨΑΧ54690ΒΤ-Ι0Ο,2022-11-30,ΤΑΚΤΙΚΗ ΜΙΣΘΟΔΟΣΙΑ ΝΟΕΜΒΡΙΟΥ/2022  ΑΜΙΣΘΟΙ ΤΕΕ ( ΔΙΕΚ ),,,,no sponsor block
6ΥΥΥ4690ΒΤ-Χ42,2022-11-30,ΤΑΚΤΙΚΗ ΜΙΣΘΟΔΟΣΙΑ ΝΟΕΜΒΡΙΟΥ/2022  ΕΠΙΚΟΥΡΙΚΟ ΠΡΟΣΩΠΙΚΟ  ΤΡΙΝΗΝΟ,,,,no sponsor block
ΨΥΕΨ4690ΒΤ-ΓΓ2,2022-11-30,ΤΑΚΤΙΚΗ ΜΙΣΘΟΔΟΣΙΑ ΝΟΕΜΒΡΙΟΥ/2022  ΕΠΙΚΟΥΡΙΚΟΙ  Ε.Σ.Υ,,,,no sponsor block
ΩΤΧΕ4690ΒΤ-4ΓΒ,2022-11-30,ΤΑΚΤΙΚΗ ΜΙΣΘΟΔΟΣΙΑ ΝΟΕΜΒΡΙΟΥ/2022  ΕΠΙΚΟΥΡΙΚΟ ΠΡΟΣΩΠΙΚΟ,,,,no sponsor block
ΨΞ594690ΒΤ-ΔΗΩ,2022-11-29,ΠΛΗΡΩΜΗ ΠΡΟΣΩΠΙΚΟΥ ΑΠΟ ΤΗΝ ΟΛΟΗΜΕΡΗ ΛΕΙΤΟΥΡΓΙΑ ΤΟΥ ΝΟΣΟΚΟΜΕΙΟΥ  ΜΗΝΟΣ  ΟΚΤΩΒΡΙΟΥ /2022,,,,no sponsor block
6ΨΩ64690ΒΤ-ΝΤΚ,2022-11-29,ΠΛΗΡΩΜΗ ΙΑΤΡΩΝ ΑΠΟ ΤΗΝ ΟΛΟΗΜΕΡΗ ΛΕΙΤΟΥΡΓΙΑ ΤΟΥ ΝΟΣΟΚΟΜΕΙΟΥ  ΜΗΝΟΣ  ΟΚΤΩΒΡΙΟΥ /2022,,,,no sponsor block
ΨΖ7Θ4690ΒΤ-ΖΚΝ,2022-11-28,ΠΡΟΣΘΕΤΕΣ ΑΜΟΙΒΕΣ ΟΚΤΩΒΡΙΟΥ  /2022  ΕΠΙΚΟΥΡΙΚΟ ΠΡΟΣΩΠΙΚΟ ΠΔΕ-ΕΣΠΑ  Γ.Ν.Κ ΥΠ.11/Ο Π Σ 5070506,,,,no sponsor block
64ΑΩ4690ΒΤ-Σ6Ν,2022-11-28,ΤΑΚΤΙΚΗ ΜΙΣΘΟΔΟΣΙΑ  ΝΟΕΜΒΡΙΟΥ /2022 ΠΔΕ-ΕΣΠΑ ΕΠΙΚΟΥΡΙΚΟ ΠΡΟΣΩΠΙΚΟ ΤΟΥ Γ.Ν.Κ  ΥΠ.11/Ο Π Σ 5070506,,,,no sponsor block
69Υ04690ΒΤ-5ΥΓ,2022-11-08,Εξοδα κηδείας του αποθανόντος υπαλλήλου του Γ.Ν Κατερίνης Γκέγκα Θεόδωρου,,,,no sponsor block
6ΜΝΛ4690ΒΤ-ΕΝΕ,2022-11-03,ΠΡΟΣΘΕΤΕΣ ΑΜΟΙΒΕΣ  ΣΕΠΤΕΜΒΡΙΟΥ /2022     12 ΜΗΝΑ ΟΑΕΔ  ΔΗΜ.ΠΡΟΣΚΛΗΣΗ       Νο 10/2017,,,,no sponsor block
6ΛΞΛ4690ΒΤ-ΣΩ7,2022-11-03,ΠΡΟΣΘΕΤΕΣ ΑΜΟΙΒΕΣ  ΣΕΠΤΕΜΒΡΙΟΥ  /2022     12 ΜΗΝΑ ΟΑΕΔ  ΔΗΜ.ΠΡΟΣΚΛΗΣΗ       Νο 13/2016,,,,no sponsor block
660Κ4690ΒΤ-ΞΩ1,2022-11-03,ΣΥΜΠΛΗΡΩΜΑΤΙΚΗ ΤΑΚΤΙΚΗ ΜΙΣΘΟΔΟΣΙΑ  ΣΕΠΤΕΜΒΡΙΟΥ /2022 12 ΜΗΝΑ Ο.Α.Ε.Δ   ΔΗΜ.ΠΡΟΣΚΛΗΣΗ    Νο 13/2016,,,,no sponsor block
62Ε74690ΒΤ-Ξ3Κ,2022-11-03,ΤΑΚΤΙΚΗ ΜΙΣΘΟΔΟΣΙΑ  ΟΚΤΩΒΡΙΟΥ /2022 12 ΜΗΝΑ Ο.Α.Ε.Δ   ΔΗΜ.ΠΡΟΣΚΛΗΣΗ    Νο 10/2017,,,,no sponsor block
Ω3Ξ94690ΒΤ-ΨΩΖ,2022-11-03,ΤΑΚΤΙΚΗ  ΜΙΣΘΟΔΟΣΙΑ  ΟΚΤΩΒΡΙΟΥ /2022      12 ΜΗΝΑ ΟΑΕΔ  ΔΗΜ.ΠΡΟΣΚΛΗΣΗ       Νο 13/2016,,,,no sponsor block
6ΩΟΟ4690ΒΤ-9ΜΤ,2022-11-02,ΤΑΚΤΙΚΕΣ ΕΦΗΜΕΡΙΕΣ ΙΑΝΟΥΑΡΙΟΥ/2022 ΓΙΑΤΡΟΙ Ε.Σ.Υ ΜΕΤΑΚΙΝΗΜΕΝΟΙ    ΑΡΘΡΟ 88 ΤΟΥ Ν.4850/2021,,,,no sponsor block
ΨΘ0Δ4690ΒΤ-6Τ8,2022-11-02,ΤΑΚΤΙΚΕΣ ΕΦΗΜΕΡΙΕΣ ΙΑΝΟΥΑΡΙΟΥ/2022 ΓΙΑΤΡΟΙ Ε.Σ.Υ     ΑΡΘΡΟ 90 ΤΟΥ Ν.4850/2021,,,,no sponsor block
ΨΦΥΥ4690ΒΤ-4ΡΕ,2022-11-02,ΤΑΚΤΙΚΕΣ ΕΦΗΜΕΡΙΕΣ  ΦΕΒΡΟΥΑΡΙΟΥ/2022 ΓΙΑΤΡΟΙ Ε.Σ.Υ    ΑΡΘΡΟ 88 & 90  ΤΟΥ Ν.4850/2021,,,,no sponsor block
ΨΘΕ74690ΒΤ-ΥΞΚ,2022-11-02,ΤΑΚΤΙΚΕΣ ΕΦΗΜΕΡΙΕΣ  ΜΑΡΤΙΟΥ/2022 ΓΙΑΤΡΟΙ Ε.Σ.Υ    ΑΡΘΡΟ 88 & 90  ΤΟΥ Ν.4850/2021,,,,no sponsor block
6Φ164690ΒΤ-Ν4Φ,2022-11-02,ΤΑΚΤΙΚΕΣ ΕΦΗΜΕΡΙΕΣ  ΜΑΡΤΙΟΥ/2022  ΕΠΙΚΟΥΡΙΚΟΙ Ε.Σ.Υ     ΑΡΘΡΟ 88 ΤΟΥ Ν.4850/2021,,,,no sponsor block
675Χ4690ΒΤ-Α3Υ,2022-11-02,ΤΑΚΤΙΚΕΣ ΕΦΗΜΕΡΙΕΣ ΑΠΡΙΛΙΟΥ/2022 ΓΙΑΤΡΟΙ Ε.Σ.Υ     ΑΡΘΡΟ 88 & 90  ΤΟΥ Ν.4850/2021,,,,no sponsor block
Ψ11Ο4690ΒΤ-ΧΥΒ,2022-11-02,ΤΑΚΤΙΚΕΣ ΕΦΗΜΕΡΙΕΣ ΜΑΙΟΣ /2022 ΓΙΑΤΡΟΙ Ε.Σ.Υ     ΑΡΘΡΟ 88 & 90  ΤΟΥ Ν.4850/2021,,,,no sponsor block
Ψ1Υ44690ΒΤ-Θ0Θ,2022-11-01,ΑΠΟΖΗΜΙΩΣΗ ΕΦΗΜΕΡΙΩΝ ΣΕΠΤΕΜΒΡΙΟΥ/2022 ΕΠΙΣΤΗΜΟΝΙΚΟ ΠΡΟΣΩΠΙΚΟ,,,,no sponsor block
ΨΕΘΤ4690ΒΤ-ΕΜΒ,2022-11-01,ΑΠΟΖΗΜΙΩΣΗ ΕΦΗΜΕΡΙΩΝ ΣΕΠΤΕΜΒΡΙΟΥ/2022 ΕΠΙΣΤΗΜΟΝΙΚΟ ΠΡΟΣΩΠΙΚΟ,,,,no sponsor block
6ΧΠ34690ΒΤ-1ΟΤ,2022-11-01,ΠΡΟΣΘΕΤΕΣ ΑΜΟΙΒΕΣ ΣΕΠΤΕΜΒΡΙΟΥ/2022 ΕΠΙΚΟΥΡΙΚΟ ΤΡΙΜΗΝΟ  ΠΡΟΣΩΠΙΚΟ,,,,no sponsor block
ΨΕ4Σ4690ΒΤ-ΑΔ7,2022-11-01,ΠΡΟΣΘΕΤΕΣ ΑΜΟΙΒΕΣ ΣΕΠΤΕΜΒΡΙΟΥ/2022  ΔΙΟΙΚΗΤΙΚΟ  ΠΡΟΣΩΠΙΚΟ,,,,no sponsor block
62ΝΣ4690ΒΤ-ΑΡΘ,2022-11-01,ΠΡΟΣΘΕΤΕΣ ΑΜΟΙΒΕΣ ΣΕΠΤΕΜΒΡΙΟΥ/2022 ΑΠΟΣΠΑΣΜΕΝΟΙ,,,,no sponsor block
61ΔΠ4690ΒΤ-ΕΑΟ,2022-11-01,ΠΡΟΣΘΕΤΕΣ ΑΜΟΙΒΕΣ ΣΕΠΤΕΜΒΡΙΟΥ/2022  ΜΟΝΙΜΟ-ΔΟΚΙΜΟ  ΠΡΟΣΩΠΙΚΟ ΕΙΔ.ΘΕΣΕΩΝ,,,,no sponsor block
ΨΠΡΡ4690ΒΤ-Α7Γ,2022-11-01,ΠΡΟΣΘΕΤΕΣ ΑΜΟΙΒΕΣ ΣΕΠΤΕΜΒΡΙΟΥ/2022  ΠΡΟΣΩΠΙΚΟ Ι.Δ 2470/96,,,,no sponsor block
61ΦΑ4690ΒΤ-ΗΜΒ,2022-11-01,ΠΡΟΣΘΕΤΕΣ ΑΜΟΙΒΕΣ ΣΕΠΤΕΜΒΡΙΟΥ/2022  ΜΟΝΙΜΟ ΔΟΚΙΜΟ ΒΟΗΘ.  ΠΡΟΣΩΠΙΚΟ,,,,no sponsor block
6ΥΥΩ4690ΒΤ-ΜΡΠ,2022-11-01,ΠΡΟΣΘΕΤΕΣ ΑΜΟΙΒΕΣ ΣΕΠΤΕΜΒΡΙΟΥ/2022 ΝΟΣΗΛΕΥΤΙΚΟ ΠΡΟΣΩΠΙΚΟ Ν.Δ 1057/80,,,,no sponsor block
ΩΔΛΝ4690ΒΤ-0ΜΜ,2022-11-01,ΠΡΟΣΘΕΤΕΣ ΑΜΟΙΒΕΣ ΣΕΠΤΕΜΒΡΙΟΥ/2022  ΠΡΟΣΩΠΙΚΟ ΕΠΙ ΣΧΕΣΕΙ ΕΡΓΑΣΙΑΣ Ι.Δ.Α.Χ,,,,no sponsor block
6Φ154690ΒΤ-ΠΤΧ,2022-11-01,ΠΡΟΣΘΕΤΕΣ ΑΜΟΙΒΕΣ ΣΕΠΤΕΜΒΡΙΟΥ/2022  ΝΕΟΠΡΟΣΛΑΜΒΑΝΟΜΕΝΟΙ,,,,no sponsor block
ΨΦΔΜ4690ΒΤ-ΚΧΩ,2022-11-01,ΠΡΟΣΘΕΤΕΣ ΑΜΟΙΒΕΣ ΣΕΠΤΕΜΒΡΙΟΥ/2022  ΝΟΣΗΛΕΥΤΙΚΟ  ΠΡΟΣΩΠΙΚΟ,,,,no sponsor block
Ω5Τ54690ΒΤ-4ΞΕ,2022-11-01,ΠΡΟΣΘΕΤΕΣ ΑΜΟΙΒΕΣ ΣΕΠΤΕΜΒΡΙΟΥ/2022 ΕΠΙΚΟΥΡΙΚΟ ΠΡΟΣΩΠΙΚΟ,,,,no sponsor block
9Η6Η4690ΒΤ-Ψ72,2022-10-31,Εξοδα κηδείας του αποθανόντος υπαλλήλου του Γ.Ν Κατερίνης Γκέγκα Θεόδωρου,,,,no sponsor block
6ΦΘΧ4690ΒΤ-7ΣΧ,2022-10-31,ΑΠΟΖΗΜΙΩΣΗ ΕΦΗΜΕΡΙΩΝ ΣΕΠΤΕΜΒΡΙΟΥ/2022 ΕΠΙΣΤΗΜΟΝΙΚΟ ΠΡΟΣΩΠΙΚΟ ΤΟΥ Κ.Ψ.ΥΓΕΙΑΣ,,,,no sponsor block
ΨΥΜΡ4690ΒΤ-ΟΛ3,2022-10-31,ΑΠΟΖΗΜΙΩΣΗ ΕΦΗΜΕΡΙΩΝ ΣΕΠΤΕΜΒΡΙΟΥ/2022 ΕΠΙΣΤΗΜΟΝΙΚΟ ΠΡΟΣΩΠΙΚΟ ΤΟΥ Ψ/Τ,,,,no sponsor block
ΨΟΩ04690ΒΤ-ΙΜΑ,2022-10-31,ΑΠΟΖΗΜΙΩΣΗ ΕΦΗΜΕΡΙΩΝ ΣΕΠΤΕΜΒΡΙΟΥ/2022 ΕΠΙΣΤΗΜΟΝΙΚΟ ΠΡΟΣΩΠΙΚΟ ΤΟΥ Ψ/Τ,,,,no sponsor block
ΩΝΙΡ4690ΒΤ-896,2022-10-31,ΠΡΟΣΘΕΤΕΣ ΑΜΟΙΒΕΣ ΣΕΠΤΕΜΒΡΙΟΥ/2022    ΠΡΟΣΩΠΙΚΟ ΕΠΙ ΣΧΕΣΕΙ ΕΡΓΑΣΙΑΣ ΤΟΥ Ψ/Τ,,,,no sponsor block
99ΟΥ4690ΒΤ-ΓΙΤ,2022-10-31,ΠΡΟΣΘΕΤΕΣ ΑΜΟΙΒΕΣ ΣΕΠΤΕΜΒΡΙΟΥ/2022    ΕΠΙΚΟΥΡΙΚΟ  ΠΡΟΣΩΠΙΚΟ ΤΟΥ Ψ/Τ,,,,no sponsor block
9ΒΒΤ4690ΒΤ-ΞΥΔ,2022-10-31,ΠΡΟΣΘΕΤΕΣ ΑΜΟΙΒΕΣ ΣΕΠΤΕΜΒΡΙΟΥ/2022    ΤΡΙΜΗΝΟ ΕΠΙΚΟΥΡΙΚΟ  ΠΡΟΣΩΠΙΚΟ ΤΟΥ Ψ/Τ,,,,no sponsor block
ΨΟΧΠ4690ΒΤ-ΦΕ7,2022-10-31,ΠΡΟΣΘΕΤΕΣ ΑΜΟΙΒΕΣ ΣΕΠΤΕΜΒΡΙΟΥ/2022    ΠΡΟΣΩΠΙΚΟ ΕΠΙ ΣΧΕΣΕΙ ΕΡΓΑΣΙΑΣ Ι.Δ.Α.Χ  ΤΟΥ Ψ/Τ,,,,no sponsor block
ΩΧ8Ε4690ΒΤ-ΑΡΠ,2022-10-31,ΠΡΟΣΘΕΤΕΣ ΑΜΟΙΒΕΣ ΣΕΠΤΕΜΒΡΙΟΥ/2022   ΝΟΣΗΛΕΥΤΙΚΟ ΠΡΟΣΩΠΙΚΟ  Ν.Δ 1057/80   ΤΟΥ Ψ/Τ,,,,no sponsor block
ΩΑΩΜ4690ΒΤ-ΨΛΝ,2022-10-31,ΠΡΟΣΘΕΤΕΣ ΑΜΟΙΒΕΣ ΣΕΠΤΕΜΒΡΙΟΥ/2022   ΜΟΝΙΜΟ-ΔΟΚΙΜΟ-ΒΟΗΘ.  ΠΡΟΣΩΠΙΚΟ ΤΟΥ Ψ/Τ,,,,no sponsor block
6ΓΒ24690ΒΤ-ΑΚΜ,2022-10-31,ΠΡΟΣΘΕΤΕΣ ΑΜΟΙΒΕΣ ΣΕΠΤΕΜΒΡΙΟΥ/2022   ΤΕΧΝΙΚΟ  ΠΡΟΣΩΠΙΚΟ ΤΟΥ Ψ/Τ,,,,no sponsor block
Ω8ΤΛ4690ΒΤ-5ΟΩ,2022-10-31,ΠΡΟΣΘΕΤΕΣ ΑΜΟΙΒΕΣ ΣΕΠΤΕΜΒΡΙΟΥ/2022   ΝΟΣΗΛΕΥΤΙΚΟ ΠΡΟΣΩΠΙΚΟ ΤΟΥ Ψ/Τ,,,,no sponsor block
90ΚΥ4690ΒΤ-6Ξ3,2022-10-27,ΤΑΚΤΙΚΕΣ ΕΦΗΜΕΡΙΕΣ ΣΕΠΤΕΜΒΡΙΟΥ/2022 ΓΙΑΤΡΟΙ Ε.Σ.Υ  ΤΟΥ Κ.Ψ.ΥΓΕΙΑΣ,,,,no sponsor block
9ΞΨΣ4690ΒΤ-ΖΞΝ,2022-10-27,ΤΑΚΤΙΚΕΣ ΕΦΗΜΕΡΙΕΣ ΣΕΠΤΕΜΒΡΙΟΥ/2022  ΕΠΙΚΟΥΡΙΚΟΙ  Ε.Σ.Υ  ΤΟΥ Ψ/Τ,,,,no sponsor block
6Υ1Μ4690ΒΤ-6ΔΑ,2022-10-27,ΤΑΚΤΙΚΕΣ ΕΦΗΜΕΡΙΕΣ ΣΕΠΤΕΜΒΡΙΟΥ/2022 ΓΙΑΤΡΟΙ Ε.Σ.Υ   ΕΙΔΙΚ/ΝΟΙ  ΤΟΥ Ψ/Τ,,,,no sponsor block
6ΛΣ74690ΒΤ-Ν0Α,2022-10-27,ΤΑΚΤΙΚΕΣ ΕΦΗΜΕΡΙΕΣ ΣΕΠΤΕΜΒΡΙΟΥ/2022 ΓΙΑΤΡΟΙ Ε.Σ.Υ  ΤΟΥ Ψ/Τ,,,,no sponsor block
69ΗΘ4690ΒΤ-48Λ,2022-10-27,ΤΑΚΤΙΚΕΣ ΕΦΗΜΕΡΙΕΣ ΣΕΠΤΕΜΒΡΙΟΥ/2022  ΕΠΙΚΟΥΡΙΚΟΙ  Ε.Σ.Υ,,,,no sponsor block
6ΠΩΘ4690ΒΤ-71Π,2022-10-27,ΤΑΚΤΙΚΕΣ ΕΦΗΜΕΡΙΕΣ ΣΕΠΤΕΜΒΡΙΟΥ/2022  ΕΠΙΚΟΥΡΙΚΟΙ  Ε.Σ.Υ,,,,no sponsor block
ΨΒΗ24690ΒΤ-ΚΟΥ,2022-10-25,ΤΑΚΤΙΚΗ ΜΙΣΘΟΔΟΣΙΑ  ΟΚΤΩΒΡΙΟΥ/2022  ΕΠΙΚΟΥΡΙΚΟΙ Ε.Σ.Υ,,,,no sponsor block
ΨΠΦΕ4690ΒΤ-ΓΧΙ,2022-10-27,ΤΑΚΤΙΚΕΣ ΕΦΗΜΕΡΙΕΣ ΣΕΠΤΕΜΒΡΙΟΥ/2022 ΓΙΑΤΡΟΙ Ε.Σ.Υ  EIΔΙΚ/ΝΟΙ,,,,no sponsor block
9Ω6Α4690ΒΤ-ΕΞΗ,2022-10-27,ΤΑΚΤΙΚΕΣ ΕΦΗΜΕΡΙΕΣ ΣΕΠΤΕΜΒΡΙΟΥ/2022 ΓΙΑΤΡΟΙ Ε.Σ.Υ,,,,no sponsor block
ΨΝ954690ΒΤ-ΦΤΝ,2022-10-27,ΤΑΚΤΙΚΗ ΜΙΣΘΟΔΟΣΙΑ  ΣΕΠΤΕΜΒΡΙΟΥ /2022  ΑΜΙΣΘΟΙ ΤΕΕ ( ΕΠΑΛ ),,,,no sponsor block
ΨΞΛ94690ΒΤ-ΖΞΣ,2022-10-27,ΤΑΚΤΙΚΗ ΜΙΣΘΟΔΟΣΙΑ  ΟΚΤΩΒΡΙΟΥ /2022  ΑΜΙΣΘΟΙ ΤΕΕ ( ΔΙΕΚ ),,,,no sponsor block
ΨΖΨ84690ΒΤ-ΧΩΘ,2022-10-27,ΤΑΚΤΙΚΗ ΜΙΣΘΟΔΟΣΙΑ  ΟΚΤΩΒΡΙΟΥ/2022    ΕΠΙΣΤΗΜΟΝΙΚΟ ΠΡΟΣΩΠΙΚΟ,,,,no sponsor block
69ΔΜ4690ΒΤ-ΠΨΥ,2022-10-27,ΤΑΚΤΙΚΗ ΜΙΣΘΟΔΟΣΙΑ  ΟΚΤΩΒΡΙΟΥ/2022    ΣΠΟΥΔΑΣΤΕΣ ΠΟΥ ΑΣΚΟΥΝΤΑΙ,,,,no sponsor block
6ΩΛΦ4690ΒΤ-0Μ5,2022-10-27,ΤΑΚΤΙΚΗ ΜΙΣΘΟΔΟΣΙΑ  ΟΚΤΩΒΡΙΟΥ/2022    ΕΠΙΚΟΥΡΙΚΟΙ  Ε.Σ.Υ,,,,no sponsor block
68Ο94690ΒΤ-Λ1Ξ,2022-10-26,ΠΡΟΣΘΕΤΕΣ ΑΜΟΙΒΕΣ ΣΕΠΤΕΜΒΡΙΟΥ  /2022  ΕΠΙΚΟΥΡΙΚΟ ΠΡΟΣΩΠΙΚΟ ΠΔΕ-ΕΣΠΑ  Γ.Ν.Κ ΥΠ.11/Ο Π Σ 5070506,,,,no sponsor block
ΨΦΗΣ4690ΒΤ-ΨΧΧ,2022-10-25,ΤΑΚΤΙΚΗ ΜΙΣΘΟΔΟΣΙΑ  ΟΚΤΩΒΡΙΟΥ /2022 ΠΔΕ-ΕΣΠΑ ΕΠΙΚΟΥΡΙΚΟ ΠΡΟΣΩΠΙΚΟ ΤΟΥ Γ.Ν.Κ ΥΠ.11/Ο Π Σ 5070506,,,,no sponsor block
69ΜΛ4690ΒΤ-ΛΘ6,2022-10-25,ΤΑΚΤΙΚΗ ΜΙΣΘΟΔΟΣΙΑ  ΟΚΤΩΒΡΙΟΥ/2022  ΤΡΙΜΗΝΟ   ΕΠΙΚΟΥΡΙΚΟ ΠΡΟΣΩΠΙΚΟ,,,,no sponsor block
Ω3894690ΒΤ-ΔΚΡ,2022-10-25,ΑΝΑΔΡΟΜΙΚΑ ΟΚΤΩΒΡΙΟΥ/2022  ΕΠΙΚΟΥΡΙΚΟ ΠΡΟΣΩΠΙΚΟ,,,,no sponsor block
ΨΠΜΔ4690ΒΤ-ΑΜΧ,2022-10-25,ΤΑΚΤΙΚΗ ΜΙΣΘΟΔΟΣΙΑ ΟΚΤΩΒΡΙΟΥ/2022  ΝΕΟΠΡΟΣΛΑΜΒΑΝΟΜΕΝΟΙ,,,,no sponsor block
6Κ6Ξ4690ΒΤ-9Ι3,2022-10-25,ΤΑΚΤΙΚΗ ΜΙΣΘΟΔΟΣΙΑ ΟΚΤΩΒΡΙΟΥ/2022  ΕΠΙΚΟΥΡΙΚΟ ΠΡΟΣΩΠΙΚΟ,,,,no sponsor block
ΨΙΥ64690ΒΤ-ΩΞΟ,2022-10-25,ΤΑΚΤΙΚΗ ΜΙΣΘΟΔΟΣΙΑ ΟΚΤΩΒΡΙΟΥ/2022  ΕΠΙΚΟΥΡΙΚΟΙ Ε.Σ.Υ   ΤΟΥ Ψ/Τ,,,,no sponsor block
ΨΔΨ64690ΒΤ-ΔΤΓ,2022-10-25,ΤΑΚΤΙΚΗ ΜΙΣΘΟΔΟΣΙΑ ΟΚΤΩΒΡΙΟΥ/2022 ΠΡΟΣΩΠΙΚΟ ΕΠΙ ΣΧΕΣΕΙ ΕΡΓΑΣΙΑΣ Ι.Δ ΤΟΥ Ψ/Τ,,,,no sponsor block
6Κ3Ε4690ΒΤ-Σ7Ξ,2023-08-18,ΠΡΟΣΘΕΤΕΣ ΕΦΗΜΕΡΙΕΣ ΙΑΝΟΥΑΡΙΟΥ/2023  ΓΙΑΤΡΟΙ  Ε.Σ.Υ,,,,no sponsor block
ΨΔΡΖ4690ΒΤ-Π44,2023-08-18,ΠΡΟΣΘΕΤΕΣ ΕΦΗΜΕΡΙΕΣ ΙΑΝΟΥΑΡΙΟΥ/2023  ΕΠΙΚΟΥΡΙΚΟΙ Ε.Σ.Υ,,,,no sponsor block
ΨΙΑΩ4690ΒΤ-Ι7Κ,2023-08-18,ΠΡΟΣΘΕΤΕΣ ΕΦΗΜΕΡΙΕΣ ΙΑΝΟΥΑΡΙΟΥ/2023   ΓΙΑΤΡΟΙ  Ε.Σ.Υ  ΕΙΔ/ΝΟΙ,,,,no sponsor block
9ΧΛΡ4690ΒΤ-ΣΜ9,2023-08-18,ΠΡΟΣΘΕΤΕΣ ΕΦΗΜΕΡΙΕΣ ΙΑΝΟΥΑΡΙΟΥ/2023  ΕΠΙΚΟΥΡΙΚΟΙ Ε.Σ.Υ,,,,no sponsor block
9ΙΒΛ4690ΒΤ-ΖΚ1,2023-08-18,ΠΡΟΣΘΕΤΕΣ ΑΜΟΙΒΕΣ ΙΟΥΝΙΟΥ /2023  ΝΟΣΗΛ/ΚΟ  ΠΡΟΣΩΠΙΚΟ  Ν.Δ 1057/80   ΤΟΥ Ψ/Τ,,,,no sponsor block
6ΕΙΕ4690ΒΤ-ΟΚ1,2023-08-18,ΠΡΟΣΘΕΤΕΣ ΑΜΟΙΒΕΣ ΙΟΥΝΙΟΥ /2023   ΜΟΝΙΜΟ-ΔΟΚΙΜΟ ΒΟΗΘ. ΠΡΟΣΩΠΙΚΟ ΤΟΥ Ψ/Τ,,,,no sponsor block
62ΦΘ4690ΒΤ-9ΩΤ,2023-08-18,ΠΡΟΣΘΕΤΕΣ ΑΜΟΙΒΕΣ ΙΟΥΝΙΟΥ /2023  ΤΕΧΝΙΚΟ  ΠΡΟΣΩΠΙΚΟ ΤΟΥ Ψ/Τ,,,,no sponsor block
6Ω304690ΒΤ-ΕΑΞ,2023-08-18,ΠΡΟΣΘΕΤΕΣ ΑΜΟΙΒΕΣ ΙΟΥΝΙΟΥ /2023   ΠΡΟΣΩΠΙΚΟ ΕΠΙ ΣΧΕΣΕΙ ΕΡΓΑΣΙΑΣ Ι.Δ.Α.Χ  ΤΟΥ Ψ/Τ,,,,no sponsor block
Ψ7ΞΨ4690ΒΤ-ΗΡΓ,2023-08-18,ΠΡΟΣΘΕΤΕΣ ΑΜΟΙΒΕΣ ΙΟΥΝΙΟΥ /2023  ΕΠΙΚΟΥΡΙΚΟ ΠΡΟΣΩΠΙΚΟ ΤΟΥ Ψ/Τ,,,,no sponsor block
6ΚΤΗ4690ΒΤ-ΛΦΚ,2023-08-18,ΠΡΟΣΘΕΤΕΣ ΑΜΟΙΒΕΣ ΙΟΥΝΙΟΥ /2023  ΕΠΙΚΟΥΡΙΚΟ ΠΡΟΣΩΠΙΚΟ ΤΟΥ Ψ/Τ,,,,no sponsor block
ΨΣΠ34690ΒΤ-ΤΧ8,2023-08-18,ΠΡΟΣΘΕΤΕΣ ΑΜΟΙΒΕΣ ΙΟΥΝΙΟΥ /2023   ΝΟΣΗΛΕΥΤΙΚΟ  ΠΡΟΣΩΠΙΚΟ ΤΟΥ Ψ/Τ,,,,no sponsor block
99ΦΣ4690ΒΤ-ΠΥΖ,2023-08-18,ΠΡΟΣΘΕΤΕΣ ΑΜΟΙΒΕΣ ΙΟΥΝΙΟΥ /2023  ΑΠΟΣΠΑΣΜΕΝΟΙ,,,,no sponsor block
ΨΡΑ94690ΒΤ-ΠΔΥ,2023-08-18,ΠΡΟΣΘΕΤΕΣ ΑΜΟΙΒΕΣ ΙΟΥΝΙΟΥ /2023   ΠΡΟΣΩΠΙΚΟ ΕΠΙ ΣΧΕΣΕΙ ΕΡΓΑΣΙΑΣ Ι.Δ.Α.Χ,,,,no sponsor block
6ΠΤΘ4690ΒΤ-ΚΗΦ,2023-08-18,ΠΡΟΣΘΕΤΕΣ ΑΜΟΙΒΕΣ ΙΟΥΝΙΟΥ /2023   ΜΟΝΙΜΟ -ΔΟΚΙΜΟ- ΒΟΗΘ.  ΠΡΟΣΩΠΙΚΟ,,,,no sponsor block
6ΤΑΥ4690ΒΤ-ΓΦ5,2023-08-18,ΠΡΟΣΘΕΤΕΣ ΑΜΟΙΒΕΣ ΙΟΥΝΙΟΥ /2023  ΔΙΟΙΚΗΤΙΚΟ  ΠΡΟΣΩΠΙΚΟ,,,,no sponsor block
Ψ2Π04690ΒΤ-61Ι,2023-08-18,ΠΡΟΣΘΕΤΕΣ ΑΜΟΙΒΕΣ ΙΟΥΝΙΟΥ /2023   ΠΡΟΣΩΠΙΚΟ  Ι.Δ   Ν.2470/96,,,,no sponsor block
6Ο234690ΒΤ-ΜΓΒ,2023-08-18,ΠΡΟΣΘΕΤΕΣ ΑΜΟΙΒΕΣ ΙΟΥΝΙΟΥ /2023  ΕΠΙΚΟΥΡΙΚΟ ΠΡΟΣΩΠΙΚΟ,,,,no sponsor block
9Π744690ΒΤ-8ΛΠ,2023-08-18,ΠΡΟΣΘΕΤΕΣ ΑΜΟΙΒΕΣ ΙΟΥΝΙΟΥ /2023  ΕΠΙΚΟΥΡΙΚΟ ΠΡΟΣΩΠΙΚΟ,,,,no sponsor block
ΨΦ524690ΒΤ-ΝΔ0,2023-08-18,ΠΡΟΣΘΕΤΕΣ ΑΜΟΙΒΕΣ ΙΟΥΝΙΟΥ /2023  ΕΠΙΚΟΥΡΙΚΟ ΠΡΟΣΩΠΙΚΟ,,,,no sponsor block
6ΘΨΒ4690ΒΤ-ΡΚΤ,2023-08-18,ΠΡΟΣΘΕΤΕΣ ΑΜΟΙΒΕΣ ΙΟΥΝΙΟΥ /2023  ΜΟΝΙΜΟ-ΔΟΚΙΜΟ  ΠΡΟΣΩΠΙΚΟ ΕΙΔ.ΘΕΣΕΩΝ,,,,no sponsor block
62ΘΝ4690ΒΤ-28Ε,2023-08-18,ΠΡΟΣΘΕΤΕΣ ΑΜΟΙΒΕΣ ΙΟΥΝΙΟΥ /2023  ΝΟΣΗΛΕΥΤΙΚΟ  ΠΡΟΣΩΠΙΚΟ,,,,no sponsor block
ΩΧΠΝ4690ΒΤ-ΞΜ1,2023-08-18,ΠΡΟΣΘΕΤΕΣ ΑΜΟΙΒΕΣ ΙΟΥΝΙΟΥ /2023  ΕΠΙΚΟΥΡΙΚΟ ΠΡΟΣΩΠΙΚΟ,,,,no sponsor block
ΨΞΞ54690ΒΤ-80Μ,2023-08-18,ΠΡΟΣΘΕΤΕΣ ΑΜΟΙΒΕΣ  ΙΟΥΝΙΟΥ/2023  ΝΕΟΠΡΟΣΛΑΜΒΑΝΟΜΕΝΟΙ Ο.Α.Ε.Δ ( 55-67,,,,no sponsor block
ΨΙΟΜ4690ΒΤ-8ΝΧ,2023-08-04,ΣΥΜΠΛΗΡΩΜΑΤΙΚΗ  ΜΙΣΘΟΛΟΓΙΚΗ ΚΑΤΑΣΤΑΣΗ ΤΕΧΝΟΛΟΓΩΝ ΑΠΕΙΚΟΝΙΣΤΙΚΟΥ ΕΡΓΑΣΤΗΡΙΟΥ ΝΟΕΜΒΡΙΟΣ /2022,,,,no sponsor block
9Γ474690ΒΤ-ΤΧΜ,2023-08-04,ΠΡΟΣΘΕΤΕΣ ΑΜΟΙΒΕΣ  ΙΟΥΝΙΟΥ /2023 12 ΜΗΝΑ Ο.Α.Ε.Δ ΔΗΜ.ΠΡΟΣΚΛΗΣΗ  Νο  10/2017,,,,no sponsor block
69854690ΒΤ-4Ω8,2023-08-04,ΠΡΟΣΘΕΤΕΣ ΑΜΟΙΒΕΣ  ΙΟΥΝΙΟΥ  /2023     12 ΜΗΝΑ ΟΑΕΔ  ΔΗΜ.ΠΡΟΣΚΛΗΣΗ       Νο 13/2016,,,,no sponsor block
99ΙΤ4690ΒΤ-ΤΟΧ,2023-08-04,ΤΑΚΤΙΚΗ  ΜΙΣΘΟΔΟΣΙΑ  ΙΟΥΛΙΟΥ /2023      12 ΜΗΝΑ ΟΑΕΔ  ΔΗΜ.ΠΡΟΣΚΛΗΣΗ       Νο 13/2016,,,,no sponsor block
ΨΠ4Ε4690ΒΤ-8ΙΕ,2023-08-04,ΤΑΚΤΙΚΗ ΜΙΣΘΟΔΟΣΙΑ  ΙΟΥΛΙΟΥ /2023 12 ΜΗΝΑ Ο.Α.Ε.Δ   ΔΗΜ.ΠΡΟΣΚΛΗΣΗ    Νο 10/2017,,,,no sponsor block
ΨΟΔΗ4690ΒΤ-2ΗΣ,2023-07-27,ΤΑΚΤΙΚΕΣ ΕΦΗΜΕΡΙΕΣ ΙΟΥΝΙΟΥ/2023 ΕΠΙΚΟΥΡΙΚΟΙ Ε.Σ.Υ,,,,no sponsor block
9Η604690ΒΤ-Α2Γ,2023-07-27,ΑΠΟΖΗΜΙΩΣΗ ΕΦΗΜΕΡΙΩΝ ΕΠΙΣΤΗΜΟΝΙΚΟΥ ΠΡΟΣΩΠΙΚΟΥ  Ι.Δ  Ν.Δ  1057/80     ΙΟΥΝΙΟΥ/2023,,,,no sponsor block
99ΨΚ4690ΒΤ-ΙΔΣ,2023-07-27,ΑΠΟΖΗΜΙΩΣΗ ΕΦΗΜΕΡΙΩΝ ΕΠΙΣΤΗΜΟΝΙΚΟΥ ΠΡΟΣΩΠΙΚΟΥ ΙΟΥΝΙΟΥ/2023 ΤΟΥ Ψ/Τ,,,,no sponsor block
9Β9Χ4690ΒΤ-ΧΛΦ,2023-07-27,ΑΠΟΖΗΜΙΩΣΗ ΕΦΗΜΕΡΙΩΝ ΕΠΙΣΤΗΜΟΝΙΚΟΥ ΠΡΟΣΩΠΙΚΟΥ ΙΟΥΝΙΟΥ/2023 ΤΟΥ Κ.Ψ.ΥΓΕΙΑΣ,,,,no sponsor block
9ΔΜ44690ΒΤ-ΔΡΜ,2023-07-27,ΑΠΟΖΗΜΙΩΣΗ ΕΦΗΜΕΡΙΩΝ ΕΠΙΣΤΗΜΟΝΙΚΟΥ ΠΡΟΣΩΠΙΚΟΥ ΙΟΥΝΙΟΥ/2023 Γ.Ν.Κ,,,,no sponsor block
ΨΩ5Κ4690ΒΤ-ΕΞΔ,2023-07-27,ΑΠΟΖΗΜΙΩΣΗ ΕΦΗΜΕΡΙΩΝ ΕΠΙΣΤΗΜΟΝΙΚΟΥ ΠΡΟΣΩΠΙΚΟΥ ΙΟΥΝΙΟΥ/2023 Γ.Ν.Κ,,,,no sponsor block
ΡΒ0Λ4690ΒΤ-ΛΤΕ,2023-07-27,ΤΑΚΤΙΚΕΣ ΕΦΗΜΕΡΙΕΣ ΙΟΥΝΙΟΥ/2023 ΕΠΙΚΟΥΡΙΚΟΙ Ε.Σ.Υ ΤΟΥ Ψ/Τ,,,,no sponsor block
ΨΝ2Ν4690ΒΤ-ΞΒΘ,2023-07-27,ΤΑΚΤΙΚΕΣ ΕΦΗΜΕΡΙΕΣ ΙΟΥΝΙΟΥ/2023 ΓΙΑΤΡΟΙ  Ε.Σ.Υ ΕΙΔΙΚ/ΝΟΙ ΤΟΥ Ψ/Τ,,,,no sponsor block
Ψ8Π64690ΒΤ-Ψ73,2023-07-27,ΤΑΚΤΙΚΕΣ ΕΦΗΜΕΡΙΕΣ ΙΟΥΝΙΟΥ/2023  ΓΙΑΤΡΟΙ Ε.Σ.Υ  ΤΟΥ Κ.Ψ.ΥΓΕΙΑΣ,,,,no sponsor block
6Γ494690ΒΤ-ΓΓΗ,2023-07-27,ΤΑΚΤΙΚΕΣ ΕΦΗΜΕΡΙΕΣ ΙΟΥΝΙΟΥ/2023  ΓΙΑΤΡΟΙ  Ε.Σ.Υ  ΕΙΔΙΚ/ΝΟΙ,,,,no sponsor block
ΨΜΟΘ4690ΒΤ-Δ38,2023-07-27,ΤΑΚΤΙΚΕΣ ΕΦΗΜΕΡΙΕΣ ΙΟΥΝΙΟΥ/2023  ΑΓΡΟΤΙΚΟΙ ΙΑΤΡΟΙ,,,,no sponsor block
ΨΣΨ04690ΒΤ-ΚΨ1,2023-07-27,ΤΑΚΤΙΚΕΣ ΕΦΗΜΕΡΙΕΣ ΙΟΥΝΙΟΥ/2023  ΓΙΑΤΡΟΙ  Ε.Σ.Υ,,,,no sponsor block
Ψ9Ω64690ΒΤ-ΕΛΦ,2023-07-27,ΤΑΚΤΙΚΕΣ ΕΦΗΜΕΡΙΕΣ ΙΟΥΝΙΟΥ/2023 ΕΠΙΚΟΥΡΙΚΟΙ Ε.Σ.Υ,,,,no sponsor block
Ψ7ΤΟ4690ΒΤ-ΞΨΥ,2023-07-27,ΤΑΚΤΙΚΗ ΜΙΣΘΟΔΟΣΙΑ ΜΕΤΑΠ/ΤΕΩΝ ΙΟΥΛΙΟΥ/2023  ΕΠΙΣΤΗΜΟΝΙΚΟ  ΠΡΟΣΩΠΙΚΟ,,,,no sponsor block
Ψ06Β4690ΒΤ-ΕΟΜ,2023-07-27,ΑΝΑΔΡΟΜΙΚΑ ΑΝΘΥΓΙΕΙΝΟΥ ΕΠΙΔΟΜΑΤΟΣ ΤΡΙΜΗΝΑ   COVID,,,,no sponsor block
9Ο5Ο4690ΒΤ-Κ8Ο,2023-07-27,ΤΑΚΤΙΚΗ ΜΙΣΘΟΔΟΣΙΑ ΜΕΤΑΠ/ΤΕΩΝ ΙΟΥΛΙΟΥ/2023  ΤΡΙΜΗΝΑ COVID,,,,no sponsor block
9ΞΣ44690ΒΤ-76Ο,2023-07-27,ΑΝΑΔΡΟΜΙΚΑ ΚΛΙΜΑΚΙΟΥ ΙΟΛΙΟΥ/2023,,,,no sponsor block
9Λ4Ο4690ΒΤ-7Ν6,2023-07-27,ΑΝΑΔΡΟΜΙΚΑ ΚΛΙΜΑΚΙΟΥ ΙΟΥΛΙΟΥ/2023,,,,no sponsor block
ΨΦΣ64690ΒΤ-ΠΡΦ,2023-07-27,ΤΑΚΤΙΚΗ ΜΙΣΘΟΔΟΣΙΑ ΜΕΤΑΠ/ΤΕΩΝ ΙΟΥΛΙΟΥ/2023 ΕΠΙΚΟΥΡΙΚΟΙ  Ε.Σ.Υ,,,,no sponsor block
ΨΣΓ34690ΒΤ-Ρ8Ψ,2023-07-27,ΤΑΚΤΙΚΗ ΜΙΣΘΟΔΟΣΙΑ ΜΕΤΑΠ/ΤΕΩΝ ΙΟΥΛΙΟΥ/2023  ΣΠΟΥΔΑΣΤΕΣ ΠΟΥ ΑΣΚΟΥΝΤΑΙ,,,,no sponsor block
92ΩΞ4690ΒΤ-ΨΙΗ,2023-07-27,ΤΑΚΤΙΚΗ ΜΙΣΘΟΔΟΣΙΑ ΜΕΤΑΠ/ΤΕΩΝ ΙΟΥΛΙΟΥ/2023  ΑΜΙΣΘΟΙ ΤΕΕ,,,,no sponsor block
9ΒΣΒ4690ΒΤ-ΔΥΝ,2023-07-27,ΤΑΚΤΙΚΗ ΜΙΣΘΟΔΟΣΙΑ ΜΕΤΑΠ/ΤΕΩΝ ΙΟΥΝΙΟΥ /2023  ΑΜΙΣΘΟΙ ΤΕΕ ( ΕΠΑΛ ),,,,no sponsor block
9Ρ9Ε4690ΒΤ-Π29,2023-07-27,ΤΑΚΤΙΚΗ ΜΙΣΘΟΔΟΣΙΑ ΜΕΤΑΠ/ΤΕΩΝ ΙΟΥΛΙΟΥ/2023  ΝΕΟΠΡΟΣΛΑΜΒΑΝΟΜΕΝΟΙ Ο.Α.Ε.Δ ( 55-67 ),,,,no sponsor block
6Ν814690ΒΤ-ΓΒΚ,2023-07-27,ΤΑΚΤΙΚΗ ΜΙΣΘΟΔΟΣΙΑ ΜΕΤΑΠ/ΤΕΩΝ ΙΟΥΛΙΟΥ/2023 ΕΠΙΚΟΥΡΙΚΟI E.Σ.Υ,,,,no sponsor block
6ΘΛΥ4690ΒΤ-7ΓΥ,2023-07-27,ΤΑΚΤΙΚΗ ΜΙΣΘΟΔΟΣΙΑ ΜΕΤΑΠ/ΤΕΩΝ ΙΟΥΛΙΟΥ/2023 ΕΠΙΚΟΥΡΙΚΟ ΠΡΟΣΩΠΙΚΟ,,,,no sponsor block
ΨΦΕ24690ΒΤ-ΜΣΒ,2023-07-25,ΠΛΗΡΩΜΗ ΙΑΤΡΩΝ ΑΠΟ ΤΗΝ ΟΛΟΗΜΕΡΗ ΛΕΙΤΟΥΡΓΙΑ ΤΟΥ ΝΟΣΟΚΟΜΕΙΟΥ  ΜΗΝΟΣ  ΙΟΥΝΙΟΥ  /2023,,,,no sponsor block
61Φ74690ΒΤ-ΛΒΗ,2023-07-25,ΠΛΗΡΩΜΗ ΠΡΟΣΩΠΙΚΟΥ ΑΠΟ ΤΗΝ ΟΛΟΗΜΕΡΗ ΛΕΙΤΟΥΡΓΙΑ ΤΟΥ ΝΟΣΟΚΟΜΕΙΟΥ  ΜΗΝΟΣ  ΙΟΥΝΙΟΥ  /2023,,,,no sponsor block
ΨΧΖ24690ΒΤ-ΙΚΞ,2023-07-17,ΕΚΤΕΛΕΣΗ ΔΙΚΑΣΤΙΚΗΣ ΑΠΟΦΑΣΗΣ 68/2022 ΤΟΥ ΜΟΝΟΜΕΛΕΣ ΠΡΩΤΟΔΙΚΕΙΟ ΚΑΤΕΡΙΝΗΣ,,,,no sponsor block
Ψ7ΕΡ4690ΒΤ-ΡΛΥ,2023-07-17,ΔΙΚΑΣΤΙΚΑ ΕΞΟΔΑ ΕΚΤΕΛΕΣΗΣ ΔΙΚΑΣΤΙΚΗΣ ΑΠΟΦΑΣΗΣ 68/2022 ΤΟΥ ΜΟΝΟΜΕΛΕΣ ΠΡΩΤΟΔΙΚΕΙΟΥ ΚΑΤΕΡΙΝΗΣ,,,,no sponsor block
6Ν3Σ4690ΒΤ-ΡΒΘ,2023-07-17,ΤΟΚΟΙ ΔΙΚΑΣΤΙΚΩΝ ΑΠΟΦΑΣΕΩΝ 68/2022 ΤΟΥ ΜΟΝΟΜΕΛΕΣ ΠΡΩΤΟΔΙΚΕΙΟ ΚΑΤΕΡΙΝΗΣ,,,,no sponsor block
ΨΘΩ74690ΒΤ-Σ1Φ,2023-07-17,ΔΙΚΑΣΤΙΚΑ ΕΞΟΔΑ ΕΚΤΕΛΕΣΗΣ ΔΙΚΑΣΤΙΚΗΣ ΑΠΟΦΑΣΗΣ 68/2022 ΤΟΥ ΜΟΝΟΜΕΛΕΣ ΠΡΩΤΟΔΙΚΕΙΟ ΚΑΤΕΡΙΝΗΣ,,,,no sponsor block
6Ι604690ΒΤ-ΑΣΧ,2023-07-17,ΤΟΚΟΙ ΔΙΚΑΣΤΙΚΩΝ ΑΠΟΦΑΣΕΩΝ 68/2022 ΤΟΥ ΜΟΝΟΜΕΛΕΣ ΠΡΩΤΟΔΙΚΕΙΟΥ ΚΑΤΕΡΙΝΗΣ,,,,no sponsor block
9ΤΩΟ4690ΒΤ-ΠΔ3,2023-07-17,ΕΚΤΕΛΕΣΗ ΔΙΚΑΣΤΙΚΗΣ ΑΠΟΦΑΣΗΣ 68/2022 ΤΟΥ ΜΟΝΟΜΕΛΕΣ ΠΡΩΤΟΔΙΚΕΙΟΥ ΚΑΤΕΡΙΝΗΣ,,,,no sponsor block
6ΠΨΨ4690ΒΤ-5Λ6,2023-07-17,ΔΙΚΑΣΤΙΚΑ ΕΞΟΔΑ ΕΚΤΕΛΕΣΗ ΔΙΚΑΣΤΙΚΗΣ ΑΠΟΦΑΣΗΣ 68/2022 ΤΟΥ ΜΟΝΟΜΕΛΕ ΠΡΩΤΟΔΙΚΕΙΟ ΚΑΤΕΡΙΝΗΣ,,,,no sponsor block
ΨΣΘΓ4690ΒΤ-Χ4Τ,2023-07-17,ΤΟΚΟΙ ΔΙΚΑΣΤΙΚΩΝ ΑΠΟΦΑΣΕΩΝ 68/2022 ΤΟΥ ΜΟΝΟΜΕΛΕΣ ΠΡΩΤΟΔΙΚΕΙΟ ΚΑΤΕΡΙΝΗΣ,,,,no sponsor block
Ψ5ΡΠ4690ΒΤ-ΘΕΛ,2023-07-17,ΕΚΤΕΛΕΣΗ ΔΙΚΑΣΤΙΚΗΣ ΑΠΟΦΑΣΗΣ 68/2022 ΤΟΥ ΜΟΝΟΜΕΛΕΣ ΠΡΩΤΟΔΙΚΕΙΟ ΚΑΤΕΡΙΝΗΣ,,,,no sponsor block
Ψ5ΙΦ4690ΒΤ-ΨΟ7,2023-07-17,ΔΙΚΑΣΤΙΚΑ ΕΞΟΔΑ ΕΚΤΕΛΕΣΗΣ ΔΙΚΑΣΤΙΚΗΣ ΑΠΟΦΑΣΗΣ 68/2022 ΤΟΥ ΜΟΝΟΜΕΛΕΣ  ΠΡΩΤΟΔΙΚΕΙΟ ΚΑΤΕΡΙΝΗΣ,,,,no sponsor block
Ψ5Γ44690ΒΤ-ΒΘΙ,2023-07-17,ΤΟΚΟΙ ΔΙΚΑΣΤΙΚΩΝ ΑΠΟΦΑΣΕΩΝ 68/2022 ΤΟΥ ΜΟΝΟΜΕΛΕΣ ΠΡΩΤΟΔΙΚΕΙΟΥ ΚΑΤΕΡΙΝΗΣ,,,,no sponsor block
6ΑΜ44690ΒΤ-Η94,2023-07-17,ΕΚΤΕΛΕΣΗ ΔΙΚΑΣΤΙΚΗΣ ΑΠΟΦΑΣΗΣ 68/2022 ΤΟΥ ΜΟΝΟΜΕΛΕΣ ΠΡΩΤΟΔΙΚΕΙΟ ΚΑΤΕΡΙΝΗΣ,,,,no sponsor block
Ψ9ΣΘ4690ΒΤ-Γ1Σ,2023-07-14,"ΠΡΟΜΗΘΕΙΑ ΟΡΘΟΠΕΔΙΚΩΝ/2022, ΣΥΜΦΩΝΗΤΙΚΟ 179 /2022",800500360,ΜΕΝΤΙΠΛΑΤ ΕΜΠΟΡΙΑ ΙΑΤΡΙΚΩΝ ΕΙΔΩΝ ΕΤΑΙΡΕΙΑ ΠΕΡΙΟΡΙΣΜΕΝΗΣ ΕΥΘΥΝΗΣ,-551.80,negative amount
ΨΘΓΡ4690ΒΤ-Γ72,2023-07-14,ΠΡΟΜΗΘΕΙΑ ΟΡΘΟΠΕΔΙΚΩΝ/2022,800500360,ΜΕΝΤΙΠΛΑΤ ΕΜΠΟΡΙΑ ΙΑΤΡΙΚΩΝ ΕΙΔΩΝ ΕΤΑΙΡΕΙΑ ΠΕΡΙΟΡΙΣΜΕΝΗΣ ΕΥΘΥΝΗΣ,-551.80,negative amount
6ΤΑΝ4690ΒΤ-ΧΜΛ,2023-07-06,ΤΑΚΤΙΚΗ  ΜΙΣΘΟΔΟΣΙΑ  ΙΟΥΝΙΟΥ /2023      12 ΜΗΝΑ ΟΑΕΔ  ΔΗΜ.ΠΡΟΣΚΛΗΣΗ       Νο 13/2016,,,,no sponsor block
9ΗΝ34690ΒΤ-ΑΜΩ,2023-07-06,ΠΡΟΣΘΕΤΕΣ ΑΜΟΙΒΕΣ ΜΑΙΟΥ/2023 12 ΜΗΝΑ Ο.Α.Ε.Δ ΔΗΜ.ΠΡΟΣΚΛΗΣΗ  Νο  10/2017,,,,no sponsor block
9Μ0Δ4690ΒΤ-ΗΜΒ,2023-07-06,ΠΡΟΣΘΕΤΕΣ ΑΜΟΙΒΕΣ  ΜΑΙΟΥ  /2023     12 ΜΗΝΑ ΟΑΕΔ  ΔΗΜ.ΠΡΟΣΚΛΗΣΗ       Νο 13/2016,,,,no sponsor block
ΨΞΥ34690ΒΤ-ΑΞ9,2023-07-06,ΤΑΚΤΙΚΗ ΜΙΣΘΟΔΟΣΙΑ  ΙΟΥΝΙΟΥ /2023 12 ΜΗΝΑ Ο.Α.Ε.Δ   ΔΗΜ.ΠΡΟΣΚΛΗΣΗ    Νο 10/2017,,,,no sponsor block
6ΗΦ04690ΒΤ-ΨΤΧ,2023-07-04,ΜΙΣΘΟΛΟΓΙΚΗ ΚΑΤΑΣΤΑΣΗ  ΙΑΤΡΩΝ  ΑΠΕΙΚΟΝΙΣΤΙΚΟΥ ΕΡΓΑΣΤΗΡΙΟΥ ΝΟΕΜΒΡΙΟΣ /2022,,,,no sponsor block
Ψ07Α4690ΒΤ-ΕΗΟ,2023-07-04,ΜΙΣΘΟΛΟΓΙΚΗ ΚΑΤΑΣΤΑΣΗ ΤΕΧΝΟΛΟΓΩΝ ΑΠΕΙΚΟΝΙΣΤΙΚΟΥ ΕΡΓΑΣΤΗΡΙΟΥ ΝΟΕΜΒΡΙΟΣ /2022,,,,no sponsor block
6ΧΑΞ4690ΒΤ-5Θ4,2023-07-03,ΠΛΗΡΩΜΗ ΙΑΤΡΩΝ ΑΠΟ ΤΗΝ ΟΛΟΗΜΕΡΗ ΛΕΙΤΟΥΡΓΙΑ ΤΟΥ ΝΟΣΟΚΟΜΕΙΟΥ  ΜΗΝΟΣ  ΜΑΙΟΥ /2023,,,,no sponsor block
6Λ304690ΒΤ-Ζ2Β,2023-07-03,ΠΛΗΡΩΜΗ ΠΡΟΣΩΠΙΚΟΥ ΑΠΟ ΤΗΝ ΟΛΟΗΜΕΡΗ ΛΕΙΤΟΥΡΓΙΑ ΤΟΥ ΝΟΣΟΚΟΜΕΙΟΥ  ΜΗΝΟΣ  ΜΑΙΟΥ /2023,,,,no sponsor block
ΡΠ644690ΒΤ-ΝΩ7,2023-06-26,ΑΠΟΖΗΜΙΩΣΗ ΕΦΗΜΕΡΙΩΝ ΜΑΙΟΥ/2023 ΕΠΙΣΤΗΜΟΝΙΚΟ ΠΡΟΣΩΠΙΚΟ      ΤΟΥ Ψ/ΤΟΜΕΑ,,,,no sponsor block
9Ψ0Υ4690ΒΤ-2ΛΗ,2023-06-26,ΑΠΟΖΗΜΙΩΣΗ ΕΦΗΜΕΡΙΩΝ ΜΑΙΟΥ/2023 ΕΠΙΣΤΗΜΟΝΙΚΟ ΠΡΟΣΩΠΙΚΟ   Ι.Δ   Ν.Δ 1057/80   ΤΟΥ Ψ/ΤΟΜΕΑ,,,,no sponsor block
ΩΝΗ14690ΒΤ-ΝΚ8,2023-06-26,ΑΠΟΖΗΜΙΩΣΗ ΕΦΗΜΕΡΙΩΝ ΜΑΙΟΥ/2023 ΕΠΙΣΤΗΜΟΝΙΚΟ ΠΡΟΣΩΠΙΚΟ ΤΟΥ Κ.Ψ.ΥΓΕΙΑΣ,,,,no sponsor block
ΨΨ9Ι4690ΒΤ-43Η,2023-06-26,ΠΡΟΣΘΕΤΕΣ ΑΜΟΙΒΕΣ ΜΑΙΟΥ/2023  ΝΟΣΗΛ/ΚΟ   ΜΟΝΙΜΟ ΔΟΚΙΜΟ ΒΟΗΘ.    ΠΡΟΣΩΠΙΚΟ     ΤΟΥ Ψ/Τ,,,,no sponsor block
6Γ234690ΒΤ-ΕΣ7,2023-06-26,ΠΡΟΣΘΕΤΕΣ ΑΜΟΙΒΕΣ ΜΑΙΟΥ/2023  ΝΟΣΗΛ/ΚΟ     ΠΡΟΣΩΠΙΚΟ  Ν.Δ 1057/80    ΤΟΥ Ψ/Τ,,,,no sponsor block
6ΨΘ84690ΒΤ-0Β8,2023-06-26,ΠΡΟΣΘΕΤΕΣ ΑΜΟΙΒΕΣ ΜΑΙΟΥ/2023  ΤΕΧΝΙΚΟ     ΠΡΟΣΩΠΙΚΟ    ΤΟΥ Ψ/Τ,,,,no sponsor block
ΨΣΕΨ4690ΒΤ-Ψ0Υ,2023-06-26,ΠΡΟΣΘΕΤΕΣ ΑΜΟΙΒΕΣ ΜΑΙΟΥ/2023     ΠΡΟΣΩΠΙΚΟ  ΕΠΙ ΣΧΕΣΕΙ ΕΡΓΑΣΙΑΣ Ι.Δ.Α.Χ   ΤΟΥ Ψ/Τ,,,,no sponsor block
9ΟΤΝ4690ΒΤ-Η6Δ,2023-06-26,ΠΡΟΣΘΕΤΕΣ ΑΜΟΙΒΕΣ ΜΑΙΟΥ/2023  ΕΠΙΚΟΥΡΙΚΟ ΤΡΙΜΗΝΟ   ΠΡΟΣΩΠΙΚΟ  ΤΟΥ Ψ/Τ,,,,no sponsor block
6Ι0Θ4690ΒΤ-Ψ3Χ,2023-06-26,ΠΡΟΣΘΕΤΕΣ ΑΜΟΙΒΕΣ ΜΑΙΟΥ/2023  ΕΠΙΚΟΥΡΙΚΟ  ΠΡΟΣΩΠΙΚΟ  ΤΟΥ Ψ/Τ,,,,no sponsor block
ΩΜ8Β4690ΒΤ-9ΟΛ,2023-06-26,ΠΡΟΣΘΕΤΕΣ ΑΜΟΙΒΕΣ ΜΑΙΟΥ/2023  ΝΟΣΗΛΕΥΤΙΚΟ  ΠΡΟΣΩΠΙΚΟ  ΤΟΥ Ψ/Τ,,,,no sponsor block
ΨΣΞΙ4690ΒΤ-03Κ,2023-06-26,ΠΡΟΣΘΕΤΕΣ ΑΜΟΙΒΕΣ ΜΑΙΟΥ/2023  ΠΡΟΣΩΠΙΚΟ  ΕΠΙ ΣΧΕΣΕΙ ΕΡΓΑΣΙΑΣ Ι.Δ ΤΟΥ Ψ/Τ,,,,no sponsor block
ΨΠ1Τ4690ΒΤ-5ΧΒ,2023-06-26,ΠΡΟΣΘΕΤΕΣ ΑΜΟΙΒΕΣ ΜΑΙΟΥ/2023 ΤΡΙΜΗΝΟ ΕΠΙΚΟΥΡΙΚΟ ΠΡΟΣΩΠΙΚΟ,,,,no sponsor block
6ΝΟΖ4690ΒΤ-Α9Ψ,2023-06-26,ΑΠΟΖΗΜΙΩΣΗ ΕΦΗΜΕΡΙΩΝ ΜΑΙΟΥ/2023 ΕΠΙΣΤΗΜΟΝΙΚΟ ΠΡΟΣΩΠΙΚΟ,,,,no sponsor block
64ΩΙ4690ΒΤ-Φ3Θ,2023-06-26,ΑΠΟΖΗΜΙΩΣΗ ΕΦΗΜΕΡΙΩΝ ΜΑΙΟΥ/2023 ΕΠΙΣΤΗΜΟΝΙΚΟ ΠΡΟΣΩΠΙΚΟ,,,,no sponsor block
ΨΒΒ14690ΒΤ-Π36,2023-06-26,ΠΡΟΣΘΕΤΕΣ ΑΜΟΙΒΕΣ ΜΑΙΟΥ/2023 ΑΠΟΣΠΑΣΜΕΝΟΙ,,,,no sponsor block
9ΨΞ04690ΒΤ-ΛΧΠ,2023-06-26,ΠΡΟΣΘΕΤΕΣ ΑΜΟΙΒΕΣ ΜΑΙΟΥ/2023  ΠΡΟΣΘΕΤΕΣ ΑΜΟΙΒΕΣ ΜΑΙΟΥ/2023  Ι.Δ  Ν.2470/96,,,,no sponsor block
6ΔΛΔ4690ΒΤ-0ΡΤ,2023-06-26,ΠΡΟΣΘΕΤΕΣ ΑΜΟΙΒΕΣ ΜΑΙΟΥ/2023  ΝΕΟΠΡΟΣΛΑΜΒΑΝΟΜΕΝΟΙ Ο.Α.Ε.Δ ( 55-67 ),,,,no sponsor block
6ΓΕΜ4690ΒΤ-7Α5,2023-06-26,ΠΡΟΣΘΕΤΕΣ ΑΜΟΙΒΕΣ ΜΑΙΟΥ/2023  ΜΟΝΙΜΟ-ΔΟΚΙΜΟ ΒΟΗΘ.  ΠΡΟΣΩΠΙΚΟ,,,,no sponsor block
ΨΡΚΙ4690ΒΤ-1ΟΑ,2023-06-26,ΠΡΟΣΘΕΤΕΣ ΑΜΟΙΒΕΣ ΜΑΙΟΥ/2023    ΠΡΟΣΩΠΙΚΟ ΕΠΙ ΣΧΕΣΕΙ ΕΡΓΑΣΙΑΣ Ι.Δ.Α.Χ,,,,no sponsor block
6ΣΗΧ4690ΒΤ-9Λ1,2023-06-26,ΠΡΟΣΘΕΤΕΣ ΑΜΟΙΒΕΣ ΜΑΙΟΥ/2023  ΕΠΙΚΟΥΡΙΚΟ  ΠΡΟΣΩΠΙΚΟ,,,,no sponsor block
6Λ8Ρ4690ΒΤ-59Ψ,2023-06-26,ΠΡΟΣΘΕΤΕΣ ΑΜΟΙΒΕΣ ΜΑΙΟΥ/2023  ΔΙΟΙΚΗΤΙΚΟ  ΠΡΟΣΩΠΙΚΟ,,,,no sponsor block
6Π8Φ4690ΒΤ-ΥΗΨ,2023-06-26,ΠΡΟΣΘΕΤΕΣ ΑΜΟΙΒΕΣ ΜΑΙΟΥ/2023  ΜΟΝΙΜΟ-ΔΟΚΙΜΟ  ΠΡΟΣΩΠΙΚΟ ΕΙΔ.ΘΕΣΕΩΝ,,,,no sponsor block
940Γ4690ΒΤ-ΡΩΚ,2023-06-26,ΠΡΟΣΘΕΤΕΣ ΑΜΟΙΒΕΣ ΜΑΙΟΥ/2023  ΝΟΣΗΛΕΥΤΙΚΟ  ΠΡΟΣΩΠΙΚΟ,,,,no sponsor block
941Δ4690ΒΤ-ΑΥΔ,2023-06-26,ΠΡΟΣΘΕΤΕΣ ΑΜΟΙΒΕΣ ΜΑΙΟΥ/2023  ΕΠΙΚΟΥΡΙΚΟ ΠΡΟΣΩΠΙΚΟ,,,,no sponsor block
ΨΝΟ84690ΒΤ-54Θ,2023-06-26,ΤΑΚΤΙΚΕΣ ΕΦΗΜΕΡΙΕΣ ΜΑΙΟΥ/2023 ΓΙΑΤΡΟΙ Ε.Σ.Υ    ΤΟΥ Ψ/Τ,,,,no sponsor block
61ΚΟ4690ΒΤ-Σ5Π,2023-06-26,ΤΑΚΤΙΚΕΣ ΕΦΗΜΕΡΙΕΣ ΜΑΙΟΥ/2023 ΓΙΑΤΡΟΙ Ε.Σ.Υ  ΕΙΔΙΚ/ΝΟΙ  ΤΟΥ Ψ/Τ,,,,no sponsor block
6ΖΒΦ4690ΒΤ-ΗΧΨ,2023-06-23,ΤΑΚΤΙΚΕΣ ΕΦΗΜΕΡΙΕΣ ΜΑΙΟΥ/2023 ΓΙΑΤΡΟΙ Ε.Σ.Υ  ΕΙΔΙΚ/ΝΟΙ  ΤΟΥ Ψ/Τ,,,,no sponsor block
6Μ8Κ4690ΒΤ-5Γ2,2023-06-23,ΤΑΚΤΙΚΕΣ ΕΦΗΜΕΡΙΕΣ ΜΑΙΟΥ/2023 ΓΙΑΤΡΟΙ Ε.Σ.Υ ΤΟΥ Κ.Ψ.ΥΓΕΙΑΣ,,,,no sponsor block
98ΛΞ4690ΒΤ-ΛΔΧ,2023-06-23,ΤΑΚΤΙΚΕΣ ΕΦΗΜΕΡΙΕΣ ΜΑΙΟΥ/2023 ΓΙΑΤΡΟΙ Ε.Σ.Υ ΕΠΙΚΟΥΡΙΚΟΙ,,,,no sponsor block
63ΙΔ4690ΒΤ-Θ55,2023-06-23,ΤΑΚΤΙΚΕΣ ΕΦΗΜΕΡΙΕΣ ΜΑΙΟΥ/2023 ΓΙΑΤΡΟΙ Ε.Σ.Υ ΕΠΙΚΟΥΡΙΚΟΙ,,,,no sponsor block
ΨΟ864690ΒΤ-37Γ,2023-06-23,ΤΑΚΤΙΚΕΣ ΕΦΗΜΕΡΙΕΣ ΜΑΙΟΥ/2023 ΓΙΑΤΡΟΙ Ε.Σ.Υ,,,,no sponsor block
624Ν4690ΒΤ-Γ93,2023-06-23,ΤΑΚΤΙΚΕΣ ΕΦΗΜΕΡΙΕΣ ΜΑΙΟΥ/2023 ΓΙΑΤΡΟΙ Ε.Σ.Υ ΕΙΔΙΚ/ΝΟΙ,,,,no sponsor block
9ΞΕΒ4690ΒΤ-ΔΔΑ,2023-06-23,ΤΑΚΤΙΚΗ ΜΙΣΘΟΔΟΣΙΑ ΜΕΤΑΠ/ΤΕΩΝ  MAIOY /2023 AMIΣΘΟΙ ΤΕΕ (  ΕΠΑΛ ),,,,no sponsor block
ΨΜΜΠ4690ΒΤ-ΛΑΙ,2023-06-23,ΤΑΚΤΙΚΗ ΜΙΣΘΟΔΟΣΙΑ ΜΕΤΑΠ/ΤΕΩΝ  ΙΟΥΝΙΟΥ/2023 ΕΠΙΚΟΥΡΙΚΟΙ Ε.Σ.Υ,,,,no sponsor block
ΨΥΗΚ4690ΒΤ-ΕΘΞ,2023-06-23,ΤΑΚΤΙΚΗ ΜΙΣΘΟΔΟΣΙΑ ΜΕΤΑΠ/ΤΕΩΝ  ΙΟΥΝΙΟΥ/2023 ΕΠΙΚΟΥΡΙΚΟ ΤΡΙΜΗΝΟ ΠΡΟΣΩΠΙΚΟ,,,,no sponsor block
91ΣΔ4690ΒΤ-ΧΒΚ,2023-06-23,ΑΝΑΔΡΟΜΙΚΑ ΙΟΥΝΙΟΥ/2023 ΕΠΙΣΤΗΜΟΝΙΚΟ ΠΡΟΣΩΠΙΚΟ,,,,no sponsor block
ΨΜΛΝ4690ΒΤ-ΕΗ9,2023-06-23,ΤΑΚΤΙΚΗ ΜΙΣΘΟΔΟΣΙΑ ΜΕΤΑΠ/ΤΕΩΝ ΙΟΥΝΙΟΥ/2023 ΕΠΙΣΤΗΜΟΝΙΚΟ ΠΡΟΣΩΠΙΚΟ,,,,no sponsor block
ΨΝ4Ψ4690ΒΤ-ΞΚΔ,2023-06-23,ΑΝΑΔΡΟΜΙΚΑ ΙΟΥΝΙΟΥ/2023 ΕΠΙΚΟΥΡΙΚΟ ΤΡΙΜΗΝΟ ΠΡΟΣΩΠΙΚΟ,,,,no sponsor block
6ΥΘΒ4690ΒΤ-ΟΩΘ,2023-06-23,ΑΝΑΔΡΟΜΙΚΑ ΙΟΥΝΙΟΥ/2023 ΕΠΙΚΟΥΡΙΚΟΙ Ε.Σ.Υ,,,,no sponsor block
6ΨΘΟ4690ΒΤ-Η6Γ,2023-06-23,ΤΑΚΤΙΚΗ ΜΙΣΘΟΔΟΣΙΑ ΜΑΤΑΠ/ΤΕΩΝ ΙΟΥΝΙΟΥ/2023  ΣΠΟΥΔΑΣΤΕΣ ΠΟΥ ΑΣΚΟΥΝΤΑΙ,,,,no sponsor block
6ΖΩΑ4690ΒΤ-6ΘΡ,2023-06-23,ΤΑΚΤΙΚΗ ΜΙΣΘΟΔΟΣΙΑ ΜΑΤΑΠ/ΤΕΩΝ ΙΟΥΝΙΟΥ/2023  ΕΠΙΚΟΥΡΙΚΟΙ Ε.Σ.Υ,,,,no sponsor block
6Ε9Ξ4690ΒΤ-ΤΝΥ,2023-06-23,ΤΑΚΤΙΚΗ ΜΙΣΘΟΔΟΣΙΑ ΜΑΤΑΠ/ΤΕΩΝ ΙΟΥΝΙΟΥ/2023  ΝΕΟΠΡΟΣΛΑΜΒΑΝΟΜΕΝΟΙ Ο.Α.Ε.Δ ( 55-67 ),,,,no sponsor block
6Π6Κ4690ΒΤ-2ΙΥ,2023-06-23,ΑΝΑΔΡΟΜΙΚΑ ΙΟΥΝΙΟΥ/2023 ΝΕΟΠΡΟΣΛΑΜΒΑΝΟΜΕΝΟΙ Ο.Α.Ε.Δ ( 55-67 ),,,,no sponsor block
65ΕΛ4690ΒΤ-ΙΙ2,2023-06-23,ΤΑΚΤΙΚΗ ΜΙΣΘΟΔΟΣΙΑ ΜΕΤΑΠ/ΤΕΩΝ  ΙΟΥΝΙΟΥ   /2023  ΑΜΙΣΘΟΙ ΤΕΕ  ( ΔΙΕΚ ),,,,no sponsor block
ΨΚΕΥ4690ΒΤ-ΟΩ2,2023-06-23,ΤΑΚΤΙΚΗ ΜΙΣΘΟΔΟΣΙΑ ΜΕΤΑΠ/ΤΕΩΝ ΙΟΥΝΙΟΥ/2023 ΕΠΙΚΟΥΡΙΚΟ ΠΡΟΣΩΠΙΚΟ,,,,no sponsor block
6ΞΔΥ4690ΒΤ-ΣΞ6,2023-06-23,ΤΑΚΤΙΚΗ ΜΙΣΘΟΔΟΣΙΑ ΜΕΤΑΠ/ΤΕΩΝ ΙΟΥΝΙΟΥ/2023 ΕΠΙΚΟΥΡΙΚΟ ΠΡΟΣΩΠΙΚΟ,,,,no sponsor block
ΨΘΑΝ4690ΒΤ-ΥΦΧ,2023-06-23,ΑΝΑΔΡΟΜΙΚΑ ΙΟΥΝΙΟΥ/2023 ΕΠΙΚΟΥΡΙΚΟ ΠΡΟΣΩΠΙΚΟ COVID,,,,no sponsor block
6ΥΕ44690ΒΤ-ΙΓΙ,2023-06-20,ΓΙΑ ΤΗΝ ΑΞΙΑ ΠΛΗΡΩΜΗΣ ΟΔΟΙΠΟΡΙΚΩΝ ΕΞΟΔΩΝ & ΗΜΕΡΗΣΙΑΣ ΑΠΟΖΗΜΙΩΣΗΣ ΥΠΑΛΛΗΛΩΝ ΤΟΥ Γ.Ν .ΚΑΤΕΡΙΝΗΣ,,,,no sponsor block
9ΝΤΗ4690ΒΤ-ΒΤΔ,2023-06-16,ΠΡΟΣΘΕΤΕΣ ΑΜΟΙΒΕΣ ΑΠΡΙΛΙΟΥ/2023  ΕΠΙΚΟΥΡΙΚΟ ΤΡΙΜΗΝΟ ΠΡΟΣΩΠΙΚΟ,,,,no sponsor block
9ΞΟΥ4690ΒΤ-Α4Ρ,2023-06-16,ΠΡΟΣΘΕΤΕΣ ΑΜΟΙΒΕΣ ΑΠΡΙΛΙΟΥ/2023 ΝΕΟΠΡΟΣΛΑΜΒΑΝΟΜΕΝΟΙ Ο.Α.Ε.Δ ( 55-67 ),,,,no sponsor block
9ΖΔΨ4690ΒΤ-ΣΔΞ,2023-06-16,ΠΡΟΣΘΕΤΕΣ ΑΜΟΙΒΕΣ ΑΠΡΙΛΙΟΥ/2023  ΔΙΟΙΚΗΤΙΚΟ  ΠΡΟΣΩΠΙΚΟ,,,,no sponsor block
ΡΟ4Χ4690ΒΤ-ΡΓΝ,2023-06-16,ΠΡΟΣΘΕΤΕΣ ΑΜΟΙΒΕΣ ΑΠΡΙΛΙΟΥ/2023  ΜΟΝΙΜΟ-ΔΟΚΙΜΟ  ΒΟΗΘ. ΠΡΟΣΩΠΙΚΟ,,,,no sponsor block
6ΠΠΕ4690ΒΤ-0ΟΩ,2023-06-16,ΠΡΟΣΘΕΤΕΣ ΑΜΟΙΒΕΣ ΑΠΡΙΛΙΟΥ/2023  ΠΡΟΣΩΠΙΚΟ  ΕΠΙ ΣΧΕΣΕΙ ΕΡΓΑΣΙΑΣ Ι.Δ.Α.Χ,,,,no sponsor block
9Θ404690ΒΤ-ΧΡΚ,2023-06-16,ΠΡΟΣΘΕΤΕΣ ΑΜΟΙΒΕΣ ΑΠΡΙΛΙΟΥ/2023  ΑΠΟΣΠΑΣΜΕΝΟΙ,,,,no sponsor block
9Δ4Ξ4690ΒΤ-Α1Β,2023-06-16,ΠΡΟΣΘΕΤΕΣ ΑΜΟΙΒΕΣ ΑΠΡΙΛΙΟΥ/2023  ΠΡΟΣΩΠΙΚΟ Ι.Δ     Ν.2470/96,,,,no sponsor block
Ρ9494690ΒΤ-ΣΩΔ,2023-06-16,ΠΡΟΣΘΕΤΕΣ ΑΜΟΙΒΕΣ ΑΠΡΙΛΙΟΥ/2023  ΜΟΝΙΜΟ-ΔΟΚΙΜΟ  ΠΡΟΣΩΠΙΚΟ ΕΙΔ. ΘΕΣΕΩΝ,,,,no sponsor block
9Ψ8Η4690ΒΤ-Β6Μ,2023-06-16,ΠΡΟΣΘΕΤΕΣ ΑΜΟΙΒΕΣ ΑΠΡΙΛΙΟΥ/2023  ΕΠΙΚΟΥΡΙΚΟ ΠΡΟΣΩΠΙΚΟ,,,,no sponsor block
6ΕΒΔ4690ΒΤ-Λ9Β,2023-06-16,ΠΡΟΣΘΕΤΕΣ ΑΜΟΙΒΕΣ ΑΠΡΙΛΙΟΥ/2023 ΝΟΣΗΛΕΥΤΙΚΟ ΠΡΟΣΩΠΙΚΟ,,,,no sponsor block
ΨΔΞΞ4690ΒΤ-Γ53,2023-06-16,ΑΠΟΖΗΜΙΩΣΗ ΕΦΗΜΕΡΙΩΝ ΕΠΙΣΤΗΜΟΝΙΚΟΥ ΠΡΟΣΩΠΙΚΟΥ ΑΠΡΙΛΙΟΣ /2023,,,,no sponsor block
ΡΩΛ14690ΒΤ-ΘΒ4,2023-06-16,ΑΠΟΖΗΜΙΩΣΗ ΕΦΗΜΕΡΙΩΝ ΕΠΙΣΤΗΜΟΝΙΚΟΥ ΠΡΟΣΩΠΙΚΟΥ ΑΠΡΙΛΙΟΣ /2023,,,,no sponsor block
ΡΠ7Σ4690ΒΤ-ΝΟΜ,2023-06-16,ΤΑΚΤΙΚΕΣ ΕΦΗΜΕΡΙΕΣ ΑΠΡΙΛΙΟΥ/2023  ΕΠΙΚΟΥΡΙΚΟΙ  Ε.Σ.Υ,,,,no sponsor block
ΩΝ6Υ4690ΒΤ-9ΗΗ,2023-06-16,ΤΑΚΤΙΚΕΣ ΕΦΗΜΕΡΙΕΣ ΑΠΡΙΛΙΟΥ/2023 ΓΙΑΤΡΟΙ Ε.Σ.Υ ΕΠΙΚΟΥΡΙΚΟΙ,,,,no sponsor block
9ΚΘΠ4690ΒΤ-0ΟΧ,2023-06-16,ΤΑΚΤΙΚΕΣ ΕΦΗΜΕΡΙΕΣ ΑΠΡΙΛΙΟΥ/2023 ΓΙΑΤΡΟΙ Ε.Σ.Υ ΕΙΔ/ΝΟΙ,,,,no sponsor block
622Τ4690ΒΤ-34Η,2023-06-16,ΤΑΚΤΙΚΕΣ ΕΦΗΜΕΡΙΕΣ ΑΠΡΙΛΙΟΥ/2023 ΓΙΑΤΡΟΙ Ε.Σ.Υ,,,,no sponsor block
ΨΦΝΘ4690ΒΤ-ΟΕΑ,2023-06-12,ΓΙΑ ΤΗΝ ΑΞΙΑ ΠΛΗΡΩΜΗΣ ΟΔΟΙΠΟΡΙΚΩΝ ΕΞΟΔΩΝ & ΗΜΕΡΗΣΙΑΣ ΑΠΟΖΗΜΙΩΣΗΣ ΥΠΑΛΛΗΛΩΝ ΤΟΥ Γ.Ν .ΚΑΤΕΡΙΝΗΣ ΤΟΥ Ψ/Τ,,,,no sponsor block
Ψ1ΛΔ4690ΒΤ-ΓΣΝ,2023-06-13,ΠΡΟΣΘΕΤΕΣ ΑΜΟΙΒΕΣ  ΑΠΡΙΛΙΟΥ  /2023     12 ΜΗΝΑ ΟΑΕΔ  ΔΗΜ.ΠΡΟΣΚΛΗΣΗ       Νο 13/2016,,,,no sponsor block
9ΑΧ44690ΒΤ-ΓΑ5,2023-06-13,ΠΡΟΣΘΕΤΕΣ ΑΜΟΙΒΕΣ  ΑΠΡΙΛΙΟΥ /2023     12 ΜΗΝΑ ΟΑΕΔ  ΔΗΜ.ΠΡΟΣΚΛΗΣΗ       Νο 10/2017,,,,no sponsor block
ΨΝΨΒ4690ΒΤ-ΑΗΗ,2023-06-13,ΤΑΚΤΙΚΗ  ΜΙΣΘΟΔΟΣΙΑ  ΜΑΙΟΥ /2023      12 ΜΗΝΑ ΟΑΕΔ  ΔΗΜ.ΠΡΟΣΚΛΗΣΗ       Νο 13/2016,,,,no sponsor block
9ΙΘ74690ΒΤ-2ΘΚ,2023-06-13,ΤΑΚΤΙΚΗ ΜΙΣΘΟΔΟΣΙΑ  ΜΑΙΟΥ/2023 12 ΜΗΝΑ Ο.Α.Ε.Δ   ΔΗΜ.ΠΡΟΣΚΛΗΣΗ    Νο 10/2017,,,,no sponsor block
67Ι54690ΒΤ-ΤΝΣ,2023-06-12,ΓΙΑ ΤΗΝ ΑΞΙΑ ΠΛΗΡΩΜΗΣ ΟΔΟΙΠΟΡΙΚΩΝ ΕΞΟΔΩΝ & ΗΜΕΡΗΣΙΑΣ ΑΠΟΖΗΜΙΩΣΗΣ ΥΠΑΛΛΗΛΩΝ ΤΟΥ Γ.Ν .ΚΑΤΕΡΙΝΗΣ,,,,no sponsor block
Ψ2ΖΚ4690ΒΤ-2ΛΒ,2023-06-06,ΠΡΟΣΘΕΤΕΣ ΑΜΟΙΒΕΣ ΑΠΡΙΛΙΟΥ/2023  ΕΠΙΚΟΥΡΙΚΟ ΠΡΟΣΩΠΙΚΟ ΤΟΥ Ψ/ΤΟΜΕΑ,,,,no sponsor block
6ΣΝΧ4690ΒΤ-8ΗΟ,2023-06-06,ΠΡΟΣΘΕΤΕΣ ΑΜΟΙΒΕΣ ΑΠΡΙΛΙΟΥ/2023  ΕΠΙΚΟΥΡΙΚΟ  ΠΡΟΣΩΠΙΚΟ ΤΟΥ Ψ/ΤΟΜΕΑ,,,,no sponsor block
97Ζ14690ΒΤ-ΩΑΣ,2023-06-06,ΠΡΟΣΘΕΤΕΣ ΑΜΟΙΒΕΣ ΑΠΡΙΛΙΟΥ/2023   ΠΡΟΣΩΠΙΚΟ  ΕΠΙ ΣΧΕΣΕΙ ΕΡΓΑΣΙΑΣ Ι.Δ.Α.Χ  ΤΟΥ Ψ/ΤΟΜΕΑ,,,,no sponsor block
61ΕΠ4690ΒΤ-Ρ0Ν,2023-06-06,ΠΡΟΣΘΕΤΕΣ ΑΜΟΙΒΕΣ ΑΠΡΙΛΙΟΥ/2023  ΤΕΧΝΙΚΟ  ΠΡΟΣΩΠΙΚΟ ΤΟΥ Ψ/ΤΟΜΕΑ,,,,no sponsor block
6Γ3Ι4690ΒΤ-6ΥΡ,2023-06-06,ΠΡΟΣΘΕΤΕΣ ΑΜΟΙΒΕΣ ΑΠΡΙΛΙΟΥ/2023  ΜΟΝΙΜΟ-ΔΟΚΙΜΟ ΒΟΗΘ.  ΠΡΟΣΩΠΙΚΟ ΤΟΥ Ψ/ΤΟΜΕΑ,,,,no sponsor block
ΩΝΩΓ4690ΒΤ-ΒΛΤ,2023-06-06,ΠΡΟΣΘΕΤΕΣ ΑΜΟΙΒΕΣ ΑΠΡΙΛΙΟΥ/2023  ΝΟΣΗΛΕΥΤΙΚΟ ΠΡΟΣΩΠΙΚΟ  Ν.Δ  1057/80  ΤΟΥ Ψ/ΤΟΜΕΑ,,,,no sponsor block
Ψ8Φ44690ΒΤ-3ΩΒ,2023-06-06,ΠΡΟΣΘΕΤΕΣ ΑΜΟΙΒΕΣ ΑΠΡΙΛΙΟΥ/2023   ΠΡΟΣΩΠΙΚΟ   ΕΠΙ ΣΧΕΣΕΙ ΕΡΓΑΣΙΑΣ Ι.Δ ΤΟΥ Ψ/ΤΟΜΕΑ,,,,no sponsor block
6ΧΙΤ4690ΒΤ-Θ1Α,2023-06-06,ΠΡΟΣΘΕΤΕΣ ΑΜΟΙΒΕΣ ΑΠΡΙΛΙΟΥ/2023  ΝΟΣΗΛΕΥΤΙΚΟ ΠΡΟΣΩΠΙΚΟ ΤΟΥ Ψ/ΤΟΜΕΑ,,,,no sponsor block
Ψ4ΠΘ4690ΒΤ-Π7Α,2023-06-06,ΑΠΟΖΗΜΙΩΣΗ ΕΦΗΜΕΡΙΩΝ ΑΠΡΙΛΙΟΥ/2023 ΕΠΙΣΤΗΜΟΝΙΚΟ ΠΡΟΣΩΠΙΚΟ  ΤΟΥ Ψ/Τ,,,,no sponsor block
ΨΧ604690ΒΤ-121,2023-06-06,ΑΠΟΖΗΜΙΩΣΗ ΕΦΗΜΕΡΙΩΝ ΑΠΡΙΛΙΟΥ/2023 ΕΠΙΣΤΗΜΟΝΙΚΟ ΠΡΟΣΩΠΙΚΟ Ι.Δ   Ν.Δ. 1057/80,,,,no sponsor block
6ΛΡΞ4690ΒΤ-ΖΛΙ,2023-06-06,ΑΠΟΖΗΜΙΩΣΗ ΕΦΗΜΕΡΙΩΝ ΑΠΡΙΛΙΟΥ/2023 ΕΠΙΣΤΗΜΟΝΙΚΟ ΠΡΟΣΩΠΙΚΟ ΤΟΥ Κ.Ψ.ΥΓΕΙΑΣ,,,,no sponsor block
6ΙΥΙ4690ΒΤ-ΣΚ9,2023-06-06,ΤΑΚΤΙΚΕΣ ΕΦΗΜΕΡΙΕΣ ΑΠΡΙΛΙΟΥ/2023 ΓΙΑΤΡΟΙ Ε.Σ.Υ ΤΟΥ  ΕΙΔ/ΝΟΙ   Ψ/Τ,,,,no sponsor block
Ψ3ΡΚ4690ΒΤ-ΚΑΛ,2023-06-06,ΤΑΚΤΙΚΕΣ ΕΦΗΜΕΡΙΕΣ ΑΠΡΙΛΙΟΥ/2023 ΓΙΑΤΡΟΙ Ε.Σ.Υ ΤΟΥ Ψ/Τ,,,,no sponsor block
ΨΤΤΧ4690ΒΤ-ΕΜ0,2023-06-06,ΤΑΚΤΙΚΕΣ ΕΦΗΜΕΡΙΕΣ ΑΠΡΙΛΙΟΥ/2023 ΓΙΑΤΡΟΙ Ε.Σ.Υ  ΤΟΥ Κ.Ψ.ΥΓΕΙΑΣ,,,,no sponsor block
9ΥΜΞ4690ΒΤ-ΟΑ1,2023-05-25,ΤΑΚΤΙΚΗ ΜΙΣΘΟΔΟΣΙΑ ΜΕΤΑΠ/ΤΕΩΝ  ΜΑΙΟΥ  /2023  ΝΕΟΠΡΟΣΛΑΜΒΑΝΟΜΕΝΟΙ      Ο.Α.Ε.Δ ( 55-67 ),,,,no sponsor block
9ΛΣΥ4690ΒΤ-Δ7Ο,2023-05-26,Ανοικτός ηλεκτρονικός διαγωνισμός προμήθειας αντιδραστηρίων σκιαγραφικών ουσιών/2021,094027257,ABBOTT LABORATORIES ΕΛΛΑΣ ABEE,-213.30,negative amount
9ΩΛΖ4690ΒΤ-ΛΝ0,2023-05-25,ΤΑΚΤΙΚΗ ΜΙΣΘΟΔΟΣΙΑ ΜΕΤΑΠ/ΤΕΩΝ  ΜΑΙΟΥ  /2023  ΕΠΙΚΟΥΡΙΚΟΙ Ε.Σ.Υ,,,,no sponsor block
Ω8Υ04690ΒΤ-ΡΟΨ,2023-05-25,ΤΑΚΤΙΚΗ ΜΙΣΘΟΔΟΣΙΑ ΜΕΤΑΠ/ΤΕΩΝ  ΜΑΙΟΥ  /2023  ΕΠΙΚΟΥΡΙΚΟ ΠΡΟΣΩΠΙΚΟ,,,,no sponsor block
ΨΡ4Ζ4690ΒΤ-Ι7Π,2023-05-25,ΤΑΚΤΙΚΗ ΜΙΣΘΟΔΟΣΙΑ ΜΕΤΑΠ/ΤΕΩΝ  ΑΠΡΙΛΙΟΥ  /2023  ΑΜΙΣΘΟΙ ΤΕΕ  ( ΕΠΑΛ ),,,,no sponsor block
6ΚΡΟ4690ΒΤ-ΜΜΤ,2023-05-25,ΤΑΚΤΙΚΗ ΜΙΣΘΟΔΟΣΙΑ ΜΕΤΑΠ/ΤΕΩΝ  ΜΑΙΟΥ   /2023  ΑΜΙΣΘΟΙ ΤΕΕ  ( ΔΙΕΚ ),,,,no sponsor block
ΩΧΓΤ4690ΒΤ-ΟΥ8,2023-05-25,ΤΑΚΤΙΚΗ ΜΙΣΘΟΔΟΣΙΑ ΜΕΤΑΠ/ΤΕΩΝ  ΜΑΙΟΥ  /2023  ΣΠΟΥΔΑΣΤΕΣ ΠΟΥ ΑΣΚΟΥΝΤΑΙ,,,,no sponsor block
Ψ77Ζ4690ΒΤ-ΗΥΥ,2023-05-25,ΤΑΚΤΙΚΗ ΜΙΣΘΟΔΟΣΙΑ ΜΕΤΑΠ/ΤΕΩΝ ΜΑΙΟΥ/2023 ΕΠΙΣΤΗΜΟΝΙΚΟ  ΠΡΟΣΩΠΙΚΟ,,,,no sponsor block
69ΛΕ4690ΒΤ-ΝΘ7,2023-05-25,ΑΝΑΔΡΟΜΙΚΑ ΜΑΙΟΥ/2023  ΕΠΙΣΤΗΜΟΝΙΚΟ ΠΡΟΣΩΠΙΚΟ,,,,no sponsor block
61Χ54690ΒΤ-ΓΞ4,2023-05-25,ΤΑΚΤΙΚΗ ΜΙΣΘΟΔΟΣΙΑ ΜΕΤΑΠ/ΤΕΩΝ ΜΑΙΟΥ/2023 ΕΠΙΚΟΥΡΙΚΟΙ Ε.Σ.Υ,,,,no sponsor block
6ΗΠΦ4690ΒΤ-ΕΓΦ,2023-05-25,ΑΝΑΔΡΟΜΙΚΑ ΜΑΙΟΥ/2023 ΕΠΙΚΟΥΡΙΚΟΙ Ε.Σ.Υ,,,,no sponsor block
6ΗΩ24690ΒΤ-Π3Π,2023-05-25,ΤΑΚΤΙΚΗ ΜΙΣΘΟΔΟΣΙΑ ΜΕΤΑΠ/ΤΕΩΝ ΜΑΙΟΥ/2023 ΕΠΙΚΟΥΡΙΚΟ ΤΡΙΜΗΝΟ  ΠΡΟΣΩΠΙΚΟ,,,,no sponsor block
Ψ1244690ΒΤ-2Σ7,2023-05-25,ΑΝΑΔΡΟΜΙΚΑ ΜΑΙΟΥ/2023 ΕΠΙΚΟΥΡΙΚΟ ΠΡΟΣΩΠΙΚΟ,,,,no sponsor block
6ΜΘ04690ΒΤ-ΘΔΔ,2023-05-25,ΑΝΑΔΡΟΜΙΚΑ  MAIOY /2023 ΕΠΙΚΟΥΡΙΚΟΙ Ε.Σ.Υ,,,,no sponsor block
ΨΦ8Α4690ΒΤ-ΗΛΦ,2023-05-25,ΤΑΚΤΙΚΗ ΜΙΣΘΟΔΟΣΙΑ ΜΕΤΑΠ/ΤΕΩΝ  MAIOY  /2023   ΠΡΟΣΩΠΙΚΟ ΕΠΙ ΣΧΕΣΕΙ ΕΡΓΑΣΙΑΣ Ι.Δ ΤΟΥ Ψ/Τ,,,,no sponsor block
6ΘΨ04690ΒΤ-ΣΞΩ,2023-05-25,ΤΑΚΤΙΚΗ ΜΙΣΘΟΔΟΣΙΑ ΜΕΤΑΠ/ΤΕΩΝ  ΜΑΙΟΥ  /2023  ΕΠΙΚΟΥΡΙΚΟ ΠΡΟΣΩΠΙΚΟ,,,,no sponsor block
ΨΑ3Η4690ΒΤ-ΟΗΗ,2023-05-19,ΤΑΚΤΙΚΕΣ ΕΦΗΜΕΡΙΕΣ ΙΑΝΟΥΑΡΙΟΥ /2023 ΠΟΥ  ΕΚΚΑΘΑΡ.ΣΥΜΦΩΝΑ ΜΕ ΤΟ ΑΡΘΡΟ 88 & 90 ΤΟΥ Ν.4850/2021,,,,no sponsor block
6ΟΩΓ4690ΒΤ-ΕΔ2,2023-05-19,ΤΑΚΤΙΚΕΣ ΕΦΗΜΕΡΙΕΣ  ΔΕΚΕΜΒΡΙΟΥ/2022  ΠΟΥ  ΕΚΚΑΘΑΡ.ΣΥΜΦΩΝΑ ΜΕ ΤΟ ΑΡΘΡΟ 88 & 90 ΤΟΥ Ν.4850/2021,,,,no sponsor block
99ΟΥ4690ΒΤ-ΙΨ6,2023-05-19,ΤΑΚΤΙΚΕΣ ΕΦΗΜΕΡΙΕΣ ΦΕΒΡΟΥΡΙΟΥ /2023 ΠΟΥ  ΕΚΚΑΘΑΡ.ΣΥΜΦΩΝΑ ΜΕ ΤΟ ΑΡΘΡΟ 88 & 90 ΤΟΥ Ν.4850/2021,,,,no sponsor block
ΨΛ0Ω4690ΒΤ-ΔΑ7,2023-05-19,ΤΑΚΤΙΚΕΣ ΕΦΗΜΕΡΙΕΣ ΜΑΡΤΙΟΥ/2023 ΠΟΥ  ΕΚΚΑΘΑΡ.ΣΥΜΦΩΝΑ ΜΕ ΤΟ ΑΡΘΡΟ 88 & 90 ΤΟΥ Ν.4850/2021,,,,no sponsor block
Ψ7Π94690ΒΤ-ΒΦΗ,2023-05-18,ΠΡΟΣΘΕΤΕΣ ΕΦΗΜΕΡΙΕΣ ΔΕΚΕΜΒΡΙΟΥ/2022 ΓΙΑΤΡΟΙ ΕΣΥ  ΤΟΥ Ψ/Τ,,,,no sponsor block
6ΚΛΒ4690ΒΤ-ΧΧΔ,2023-05-18,ΠΡΟΣΘΕΤΕΣ ΕΦΗΜΕΡΙΕΣ ΔΕΚΕΜΒΡΙΟΥ/2022 ΓΙΑΤΡΟΙ ΕΣΥ ΕΠΙΚΟΥΡΙΚΟΙ ΤΟΥ Ψ/Τ,,,,no sponsor block
ΨΧΛΓ4690ΒΤ-ΠΧΧ,2023-05-18,ΠΡΟΣΘΕΤΕΣ ΕΦΗΜΕΡΙΕΣ ΔΕΚΕΜΒΡΙΟΥ/2022 ΓΙΑΤΡΟΙ ΕΣΥ ΕΠΙΚΟΥΡΙΚΟΙ,,,,no sponsor block
Ρ76Υ4690ΒΤ-ΡΘΑ,2023-05-17,ΠΡΟΣΘΕΤΕΣ ΕΦΗΜΕΡΙΕΣ ΔΕΚΕΜΒΡΙΟΥ/2022 ΓΙΑΤΡΟΙ ΕΣΥ,,,,no sponsor block
ΨΟ094690ΒΤ-ΘΒ6,2023-05-17,ΠΡΟΣΘΕΤΕΣ ΕΦΗΜΕΡΙΕΣ ΔΕΚΕΜΒΡΙΟΥ/2022 ΓΙΑΤΡΟΙ ΕΣΥ ΕΠΙΚΟΥΡΙΚΟΙ,,,,no sponsor block
9ΛΔ14690ΒΤ-7ΔΘ,2023-05-17,ΠΡΟΣΘΕΤΕΣ ΕΦΗΜΕΡΙΕΣ ΔΕΚΕΜΒΡΙΟΥ/2022 ΓΙΑΤΡΟΙ ΕΣΥ ΕΙΔ/ΝΟΙ,,,,no sponsor block
9ΩΑ54690ΒΤ-ΘΩΥ,2023-05-16,ΠΛΗΡΩΜΗ ΙΑΤΡΩΝ ΑΠΟ ΤΗΝ ΟΛΟΗΜΕΡΗ ΛΕΙΤΟΥΡΓΙΑ ΤΟΥ ΝΟΣΟΚΟΜΕΙΟΥ  ΜΗΝΟΣ  ΑΠΡΙΛΙΟΥ /2023,,,,no sponsor block
9ΑΤΗ4690ΒΤ-Ψ7Β,2023-05-16,ΠΛΗΡΩΜΗ ΠΡΟΣΩΠΙΚΟΥ ΑΠΟ ΤΗΝ ΟΛΟΗΜΕΡΗ ΛΕΙΤΟΥΡΓΙΑ ΤΟΥ ΝΟΣΟΚΟΜΕΙΟΥ  ΜΗΝΟΣ  ΑΠΡΙΛΙΟΥ /2023,,,,no sponsor block
ΨΤΔ04690ΒΤ-Ε9Υ,2023-05-09,"ΠΡΟΜΗΘΕΙΑ ΦΑΡΜΑΚΕΥΤΙΚΟΥ ΥΛΙΚΟΥ, ΕΝΑΝΤΙ  CLAW BACK Α EΞΑΜΗΝΟΥ /2020",800414432,ABBVIE ΦΑΡΜΑΚΕΥΤΙΚΗ ΑΝΩΝΥΜΗ ΕΤΑΙΡΕΙΑ,-1330.12,negative amount
6ΖΝ44690ΒΤ-3ΤΒ,2023-05-10,ΤΑΚΤΙΚΗ  ΜΙΣΘΟΔΟΣΙΑ  ΑΠΡΙΛΙΟΥ /2023      12 ΜΗΝΑ ΟΑΕΔ  ΔΗΜ.ΠΡΟΣΚΛΗΣΗ       Νο 13/2016,,,,no sponsor block
9Τ844690ΒΤ-Η9Β,2023-05-10,ΤΑΚΤΙΚΗ ΜΙΣΘΟΔΟΣΙΑ  ΑΠΡΙΛΙΟΥ/2023 12 ΜΗΝΑ Ο.Α.Ε.Δ   ΔΗΜ.ΠΡΟΣΚΛΗΣΗ    Νο 10/2017,,,,no sponsor block
9ΛΖΑ4690ΒΤ-ΧΛΡ,2023-05-10,ΠΡΟΣΘΕΤΕΣ ΑΜΟΙΒΕΣ  ΜΑΡΤΙΟΥ  /2023     12 ΜΗΝΑ ΟΑΕΔ  ΔΗΜ.ΠΡΟΣΚΛΗΣΗ       Νο 13/2016,,,,no sponsor block
9ΟΦΑ4690ΒΤ-Σ0Ο,2023-05-10,ΠΡΟΣΘΕΤΕΣ ΑΜΟΙΒΕΣ  ΜΑΡΤΙΟΥ /2023     12 ΜΗΝΑ ΟΑΕΔ  ΔΗΜ.ΠΡΟΣΚΛΗΣΗ       Νο 10/2017,,,,no sponsor block
9Η2Η4690ΒΤ-Η9Θ,2023-05-08,ΣΥΜΠΛΗΡΩΜΑΤΙΚΗ ΜΙΣΘΟΔΟΣΙΑ ΜΑΡΤΙΟΥ/2023     ΑΜΙΣΘΟΙ ΤΕΕ ( ΕΠΑΛ ),,,,no sponsor block
ΨΥ7Ι4690ΒΤ-Ρ1Μ,2023-05-02,ΠΛΗΡΩΜΗ ΠΡΟΣΩΠΙΚΟΥ ΑΠΟ ΤΗΝ ΟΛΟΗΜΕΡΗ ΛΕΙΤΟΥΡΓΙΑ ΤΟΥ ΝΟΣΟΚΟΜΕΙΟΥ  ΜΗΝΟΣ  ΜΑΡΤΙΟΥ /2023,,,,no sponsor block
Ψ73Π4690ΒΤ-ΠΧΕ,2023-05-02,ΠΛΗΡΩΜΗ ΙΑΤΡΩΝ ΑΠΟ ΤΗΝ ΟΛΟΗΜΕΡΗ ΛΕΙΤΟΥΡΓΙΑ ΤΟΥ ΝΟΣΟΚΟΜΕΙΟΥ  ΜΗΝΟΣ  ΜΑΡΤΙΟΥ /2023,,,,no sponsor block
6ΤΒ74690ΒΤ-1Ο8,2023-05-02,ΑΠΟΖΗΜΙΩΣΗ ΕΦΗΜΕΡΙΩΝ ΜΑΡΤΙΟΥ/2023   ΕΠΙΣΤΗΜΟΝΙΚΟ ΠΡΟΣΩΠΙΚΟ,,,,no sponsor block
6ΥΕ94690ΒΤ-Σ0Ω,2023-05-02,ΑΠΟΖΗΜΙΩΣΗ ΕΦΗΜΕΡΙΩΝ ΜΑΡΤΙΟΥ/2023   ΕΠΙΣΤΗΜΟΝΙΚΟ ΠΡΟΣΩΠΙΚΟ,,,,no sponsor block
6ΚΑ34690ΒΤ-Γ2Θ,2023-05-02,ΠΡΟΣΘΕΤΕΣ ΑΜΟΙΒΕΣ ΜΑΡΤΙΟΥ/2023  ΜΟΝΙΜΟ-ΔΟΚΙΜΟ ΒΟΗΘ. ΠΡΟΣΩΠΙΚΟ,,,,no sponsor block
605Ζ4690ΒΤ-6ΡΦ,2023-05-02,ΠΡΟΣΘΕΤΕΣ ΑΜΟΙΒΕΣ ΜΑΡΤΙΟΥ/2023   ΠΡΟΣΩΠΙΚΟ Ι.Δ  Ν.2470/96,,,,no sponsor block
Ψ36Ρ4690ΒΤ-ΩΕ5,2023-05-02,ΠΡΟΣΘΕΤΕΣ ΑΜΟΙΒΕΣ ΜΑΡΤΙΟΥ/2023   ΠΡΟΣΩΠΙΚΟ ΕΠΙ ΣΧΕΣΕΙ ΕΡΓΑΣΙΑΣ Ι.Δ.Α.Χ,,,,no sponsor block
ΨΡΔΘ4690ΒΤ-43Η,2023-05-02,ΠΡΟΣΘΕΤΕΣ ΑΜΟΙΒΕΣ ΜΑΡΤΙΟΥ/2023  ΕΠΙΚΟΥΡΙΚΟ ΤΡΙΜΗΝΟ   ΠΡΟΣΩΠΙΚΟ,,,,no sponsor block
ΨΞΣΣ4690ΒΤ-729,2023-05-02,ΠΡΟΣΘΕΤΕΣ ΑΜΟΙΒΕΣ ΜΑΡΤΙΟΥ/2023  ΔΙΟΙΚΗΤΙΚΟ  ΠΡΟΣΩΠΙΚΟ,,,,no sponsor block
6ΙΔΖ4690ΒΤ-8Κ9,2023-05-02,ΠΡΟΣΘΕΤΕΣ ΑΜΟΙΒΕΣ ΜΑΡΤΙΟΥ/2023  ΝΕΟΠΡΟΣΛΑΜΒΑΝΟΜΕΝΟΙ,,,,no sponsor block
9ΘΞ84690ΒΤ-ΛΜΛ,2023-05-02,ΠΡΟΣΘΕΤΕΣ ΑΜΟΙΒΕΣ ΜΑΡΤΙΟΥ/2023  ΜΟΝΙΜΟ -ΔΟΚΙΜΟ  ΠΡΟΣΩΠΙΚΟ ΕΙΔ.ΘΕΣΕΩΝ,,,,no sponsor block
Ψ8Π24690ΒΤ-ΕΘ2,2023-05-02,ΠΡΟΣΘΕΤΕΣ ΑΜΟΙΒΕΣ ΜΑΡΤΙΟΥ/2023  ΑΠΟΣΠΑΣΜΕΝΟΙ,,,,no sponsor block
ΨΡΥΑ4690ΒΤ-ΤΗΤ,2023-05-02,ΠΡΟΣΘΕΤΕΣ ΑΜΟΙΒΕΣ ΜΑΡΤΙΟΥ/2023  ΕΠΙΚΟΥΡΙΚΟ  ΠΡΟΣΩΠΙΚΟ,,,,no sponsor block
ΩΝΦΕ4690ΒΤ-7ΙΓ,2023-05-02,ΠΡΟΣΘΕΤΕΣ ΑΜΟΙΒΕΣ ΜΑΡΤΙΟΥ/2023  ΝΟΣΗΛΕΥΤΙΚΟ ΠΡΟΣΩΠΙΚΟ,,,,no sponsor block
976Ο4690ΒΤ-7ΗΙ,2023-05-02,ΑΠΟΖΗΜΙΩΣΗ ΕΦΗΜΕΡΙΩΝ ΜΑΡΤΙΟΥ/2023 ΕΠΙΣΤΗΜΟΝΙΚΟ ΠΡΟΣΩΠΙΚΟ ΤΟΥ Κ.Ψ.ΥΓΕΙΑΣ,,,,no sponsor block
9ΠΥΞ4690ΒΤ-ΒΗΜ,2023-05-02,ΑΠΟΖΗΜΙΩΣΗ ΕΦΗΜΕΡΙΩΝ ΜΑΡΤΙΟΥ/2023 ΕΠΙΣΤΗΜΟΝΙΚΟ ΠΡΟΣΩΠΙΚΟ  ΤΟΥ Ψ/Τ,,,,no sponsor block
9Π254690ΒΤ-Τ92,2023-05-02,ΑΠΟΖΗΜΙΩΣΗ ΕΦΗΜΕΡΙΩΝ ΜΑΡΤΙΟΥ/2023 ΕΠΙΣΤΗΜΟΝΙΚΟ ΠΡΟΣΩΠΙΚΟ Ι.Δ Ν.Δ 1057/80,,,,no sponsor block
91ΥΖ4690ΒΤ-ΞΙΞ,2023-05-02,ΠΡΟΣΘΕΤΕΣ ΑΜΟΙΒΕΣ  ΜΑΡΤΙΟΥ  /2023  ΕΠΙΚΟΥΡΙΚΟ   ΠΡΟΣΩΠΙΚΟ  ΤΟΥ Ψ/Τ,,,,no sponsor block
6ΦΧΡ4690ΒΤ-Θ8Π,2023-05-02,ΠΡΟΣΘΕΤΕΣ ΑΜΟΙΒΕΣ  ΜΑΡΤΙΟΥ  /2023  ΕΠΙΚΟΥΡΙΚΟ   ΠΡΟΣΩΠΙΚΟ  ΤΟΥ Ψ/Τ,,,,no sponsor block
6Δ044690ΒΤ-20Χ,2023-05-02,ΠΡΟΣΘΕΤΕΣ ΑΜΟΙΒΕΣ  ΜΑΡΤΙΟΥ  /2023     ΠΡΟΣΩΠΙΚΟ ΕΠΙΣΧΕΣΕΙ ΕΓΑΣΙΑΣ Ι.Δ.Α.Χ   ΤΟΥ Ψ/Τ,,,,no sponsor block
9ΩΗΝ4690ΒΤ-ΛΘΥ,2023-05-02,ΠΡΟΣΘΕΤΕΣ ΑΜΟΙΒΕΣ  ΜΑΡΤΙΟΥ  /2023  ΝΟΣΗΛΕΥΤΙΚΟ   ΠΡΟΣΩΠΙΚΟ  Ν.Δ 1057/80   ΤΟΥ Ψ/Τ,,,,no sponsor block
6Α2Τ4690ΒΤ-ΡΟΨ,2023-05-02,ΠΡΟΣΘΕΤΕΣ ΑΜΟΙΒΕΣ  ΜΑΡΤΙΟΥ  /2023  ΜΟΝΙΜΟ-ΔΟΚΙΜΟ-ΒΟΗΘ.   ΠΡΟΣΩΠΙΚΟ  ΤΟΥ Ψ/Τ,,,,no sponsor block
6Τ6Ζ4690ΒΤ-2Δ1,2023-05-02,ΠΡΟΣΘΕΤΕΣ ΑΜΟΙΒΕΣ  ΜΑΡΤΙΟΥ  /2023  ΤΕΧΝΙΚΟ   ΠΡΟΣΩΠΙΚΟ  ΤΟΥ Ψ/Τ,,,,no sponsor block
ΩΖΓΒ4690ΒΤ-667,2023-05-02,ΠΡΟΣΘΕΤΕΣ ΑΜΟΙΒΕΣ  ΜΑΡΤΙΟΥ  /2023  ΝΟΣΗΛΕΥΤΙΚΟ   ΠΡΟΣΩΠΙΚΟ  ΤΟΥ Ψ/Τ,,,,no sponsor block
9Π1Φ4690ΒΤ-ΘΨΓ,2023-05-02,ΠΡΟΣΘΕΤΕΣ ΑΜΟΙΒΕΣ  ΜΑΡΤΙΟΥ  /2023   ΠΡΟΣΩΠΙΚΟ ΕΠΙ ΣΧΕΣΕΙ ΕΡΓΑΣΙΑΣ Ι.Δ  ΤΟΥ Ψ/Τ,,,,no sponsor block
ΨΛΡΗ4690ΒΤ-Ω9Μ,2023-04-27,ΤΑΚΤΙΚΕΣ ΕΦΗΜΕΡΙΕΣ ΜΑΡΤΙΟΥ/2023 ΓΙΑΤΡΟΙ Ε.Σ.Υ   ΤΟΥ Ψ/Τ,,,,no sponsor block
ΨΓΚΑ4690ΒΤ-ΨΦΖ,2023-04-27,ΤΑΚΤΙΚΕΣ ΕΦΗΜΕΡΙΕΣ ΜΑΡΤΙΟΥ/2023 ΓΙΑΤΡΟΙ Ε.Σ.Υ ΕΠΙΚΟΥΡΙΚΟΙ  ΤΟΥ Ψ/Τ,,,,no sponsor block
6ΤΚ24690ΒΤ-7ΡΒ,2023-04-27,ΤΑΚΤΙΚΕΣ ΕΦΗΜΕΡΙΕΣ ΜΑΡΤΙΟΥ/2023 ΓΙΑΤΡΟΙ Ε.Σ.Υ ΕΙΔ/ΝΟΙ ΤΟΥ Κ.Ψ.Υ,,,,no sponsor block
Ψ6394690ΒΤ-Ξ6Ω,2023-04-27,ΤΑΚΤΙΚΕΣ ΕΦΗΜΕΡΙΕΣ ΜΑΡΤΙΟΥ/2023 ΓΙΑΤΡΟΙ Ε.Σ.Υ ΕΙΔ/ΝΟΙ ΤΟΥ Ψ/Τ,,,,no sponsor block
66ΤΒ4690ΒΤ-70Ψ,2023-04-27,ΤΑΚΤΙΚΕΣ ΕΦΗΜΕΡΙΕΣ ΜΑΡΤΙΟΥ/2023 ΓΙΑΤΡΟΙ Ε.Σ.Υ ΕΠΙΚΟΥΡΙΚΟΙ,,,,no sponsor block
Ω8Ξ94690ΒΤ-ΖΥΔ,2023-04-27,ΤΑΚΤΙΚΕΣ ΕΦΗΜΕΡΙΕΣ ΜΑΡΤΙΟΥ/2023 ΓΙΑΤΡΟΙ Ε.Σ.Υ ΕΠΙΚΟΥΡΙΚΟΙ,,,,no sponsor block
ΨΔΘ64690ΒΤ-4Ψ5,2023-04-27,ΤΑΚΤΙΚΕΣ ΕΦΗΜΕΡΙΕΣ ΜΑΡΤΙΟΥ/2023 ΓΙΑΤΡΟΙ Ε.Σ.Υ,,,,no sponsor block
6Ξ4Ε4690ΒΤ-ΨΡ2,2023-04-27,ΤΑΚΤΙΚΕΣ ΕΦΗΜΕΡΙΕΣ ΜΑΡΤΙΟΥ/2023 ΓΙΑΤΡΟΙ Ε.Σ.Υ  ΕΙΔ/ΝΟΙ,,,,no sponsor block
ΨΑ8Η4690ΒΤ-2ΒΣ,2023-04-27,ΑΝΑΔΡΟΜΙΚΑ Μ.Κ ΑΠΡΙΛΙΟΥ/2023 ΠΡΟΣΩΠΙΚΟ ΕΠΙ ΣΧΕΣΕΙ ΕΡΓΑΣΙΑΣ Ι.Δ,,,,no sponsor block
6ΨΧΒ4690ΒΤ-8ΕΜ,2023-04-27,ΤΑΚΤΙΚΗ ΜΙΣΘΟΔΟΣΙΑ ΜΕΤΑΠ/ΤΕΩΝ  ΑΠΡΙΛΙΟΥ /2023  ΤΡΙΜΗΝΟ ΕΠΙΚΟΥΡΙΚΟ  ΠΡΟΣΩΠΙΚΟ,,,,no sponsor block
67Η54690ΒΤ-ΧΤΤ,2023-04-27,ΑΝΑΔΡΟΜΙΚΑ ΑΠΡΙΛΙΟΥ/2023  ΕΠΙΚΟΥΡΙΚΟ ΠΡΟΣΩΠΙΚΟ,,,,no sponsor block
Ρ7534690ΒΤ-7ΞΝ,2023-04-26,ΤΑΚΤΙΚΗ ΜΙΣΘΟΔΟΣΙΑ ΜΕΤΑΠ/ΤΕΩΝ  ΑΠΡΙΛΙΟΥ  /2023  ΕΠΙΚΟΥΡΙΚΟ ΠΡΟΣΩΠΙΚΟ,,,,no sponsor block
9ΔΧΦ4690ΒΤ-8ΥΚ,2023-04-26,ΤΑΚΤΙΚΗ ΜΙΣΘΟΔΟΣΙΑ ΜΕΤΑΠ/ΤΕΩΝ  ΑΠΡΙΛΙΟΥ  /2023  ΕΠΙΚΟΥΡΙΚΟΙ Ε.Σ.Υ,,,,no sponsor block
643Ρ4690ΒΤ-8Κ0,2023-04-26,ΤΑΚΤΙΚΗ ΜΙΣΘΟΔΟΣΙΑ ΜΕΤΑΠ/ΤΕΩΝ  ΑΠΡΙΛΙΟΥ  /2023  ΕΠΙΣΤΗΜΟΝΙΚΟ ΠΡΟΣΩΠΙΚΟ,,,,no sponsor block
6ΡΟΞ4690ΒΤ-386,2023-04-26,ΤΑΚΤΙΚΗ ΜΙΣΘΟΔΟΣΙΑ ΜΕΤΑΠ/ΤΕΩΝ  ΑΠΡΙΛΙΟΥ  /2023  ΕΠΙΣΤΗΜΟΝΙΚΟ ΠΡΟΣΩΠΙΚΟ,,,,no sponsor block
ΩΖ704690ΒΤ-ΔΨΛ,2023-04-26,ΤΑΚΤΙΚΗ ΜΙΣΘΟΔΟΣΙΑ ΜΕΤΑΠ/ΤΕΩΝ  ΑΠΡΙΛΙΟΥ  /2023  ΝΕΟΠΡΟΣΛΑΜΒΑΝΟΜΕΝΟΙ Ο.Α.Ε.Δ ( 55-67 ),,,,no sponsor block
6Θ9Μ4690ΒΤ-ΤΩ6,2023-04-26,ΤΑΚΤΙΚΗ ΜΙΣΘΟΔΟΣΙΑ ΜΕΤΑΠ/ΤΕΩΝ  ΑΠΡΙΛΙΟΥ  /2023  ΣΠΟΥΔΑΣΤΕΣ ΠΟΥ ΑΣΚΟΥΝΤΑΙ,,,,no sponsor block
6ΦΒΡ4690ΒΤ-0ΧΜ,2023-04-26,ΤΑΚΤΙΚΗ ΜΙΣΘΟΔΟΣΙΑ ΜΕΤΑΠ/ΤΕΩΝ  ΑΠΡΙΛΙΟΥ /2023  ΑΜΙΣΘΟΙ ΤΕΕ  ( ΔΙΕΚ ),,,,no sponsor block
9Β0Λ4690ΒΤ-14Θ,2023-04-26,ΤΑΚΤΙΚΗ ΜΙΣΘΟΔΟΣΙΑ ΜΕΤΑΠ/ΤΕΩΝ  ΜΑΡΤΙΟΥ /2023  ΑΜΙΣΘΟΙ ΤΕΕ ( ΕΠΑΛ ),,,,no sponsor block
6Λ0Γ4690ΒΤ-ΗΛΙ,2023-04-26,ΤΑΚΤΙΚΗ ΜΙΣΘΟΔΟΣΙΑ ΜΕΤΑΠ/ΤΕΩΝ  ΑΠΡΙΛΙΟΥ  /2023   ΕΠΙΚΟΥΡΙΚΟΙ Ε.Σ.Υ,,,,no sponsor block
6Υ2Ρ4690ΒΤ-017,2023-04-26,ΤΑΚΤΙΚΗ ΜΙΣΘΟΔΟΣΙΑ ΜΕΤΑΠ/ΤΕΩΝ  ΑΠΡΙΛΙΟΥ  /2023   ΠΡΟΣΩΠΙΚΟ ΕΠΙ ΣΧΕΣΕΙ ΕΡΓΑΣΙΑΣ Ι.Δ   ΤΟΥ Ψ/ΤΟΜΕΑ,,,,no sponsor block
96ΨΤ4690ΒΤ-ΞΙΩ,2023-04-06,ΠΡΟΣΘΕΤΕΣ ΑΜΟΙΒΕΣ  ΦΕΒΡΟΥΑΡΙΟΥ /2023     12 ΜΗΝΑ ΟΑΕΔ  ΔΗΜ.ΠΡΟΣΚΛΗΣΗ       Νο 10/2017,,,,no sponsor block
68ΩΠ4690ΒΤ-ΙΔ9,2023-04-06,ΠΡΟΣΘΕΤΕΣ ΑΜΟΙΒΕΣ  ΦΕΒΡΟΥΑΡΙΟΥ  /2023     12 ΜΗΝΑ ΟΑΕΔ  ΔΗΜ.ΠΡΟΣΚΛΗΣΗ       Νο 13/2016,,,,no sponsor block
6ΠΟΘ4690ΒΤ-Μ7Μ,2023-04-06,ΤΑΚΤΙΚΗ ΜΙΣΘΟΔΟΣΙΑ  ΜΑΡΤΙΟΥ/2023 12 ΜΗΝΑ Ο.Α.Ε.Δ   ΔΗΜ.ΠΡΟΣΚΛΗΣΗ    Νο 10/2017,,,,no sponsor block
ΨΞΓΙ4690ΒΤ-ΓΟΨ,2023-04-06,ΤΑΚΤΙΚΗ  ΜΙΣΘΟΔΟΣΙΑ  ΜΑΡΤΙΟΥ /2023      12 ΜΗΝΑ ΟΑΕΔ  ΔΗΜ.ΠΡΟΣΚΛΗΣΗ       Νο 13/2016,,,,no sponsor block
ΨΣΕΗ4690ΒΤ-60Ζ,2023-03-28,ΤΑΚΤΙΚΗ ΜΙΣΘΟΔΟΣΙΑ ΜΕΤΑΠ/ΤΕΩΝ  ΦΕΒΡΟΥΑΡΙΟΥ /2023  ΑΜΙΣΘΟΙ ΤΕΕ ( ΕΠΑΛ ),,,,no sponsor block
92724690ΒΤ-Η0Ψ,2023-03-28,ΤΑΚΤΙΚΗ ΜΙΣΘΟΔΟΣΙΑ ΜΕΤΑΠ/ΤΕΩΝ  ΜΑΡΤΙΟΥ /2023  ΑΜΙΣΘΟΙ ΤΕΕ ( ΔΙΕΚ ),,,,no sponsor block
66ΞΗ4690ΒΤ-4ΘΚ,2023-03-28,ΤΑΚΤΙΚΗ ΜΙΣΘΟΔΟΣΙΑ ΜΕΤΑΠ/ΤΕΩΝ  ΜΑΡΤΙΟΥ /2023  ΣΠΟΥΔΑΣΤΕΣ ΠΟΥ ΑΣΚΟΥΝΤΑΙ,,,,no sponsor block
9ΞΡΟ4690ΒΤ-Π3Ψ,2023-03-28,ΤΑΚΤΙΚΗ ΜΙΣΘΟΔΟΣΙΑ ΜΕΤΑΠ/ΤΕΩΝ  ΜΑΡΤΙΟΥ /2023 ΕΠΙΚΟΥΡΙΚΟΙ  ΕΣΥ,,,,no sponsor block
9ΡΞΜ4690ΒΤ-Α7Σ,2023-03-28,ΤΑΚΤΙΚΗ ΜΙΣΘΟΔΟΣΙΑ ΜΕΤΑΠ/ΤΕΩΝ  ΜΑΡΤΙΟΥ /2023 ΕΠΙΚΟΥΡΙΚΟ  ΠΡΟΣΩΠΙΚΟ,,,,no sponsor block
Ω8ΤΗ4690ΒΤ-ΓΦΞ,2023-03-28,ΑΝΑΔΡΟΜΙΚΑ ΚΛΙΜΑΚΙΟΥ  ΜΕΤΑΠ/ΤΕΩΝ  ΜΑΡΤΙΟΥ /2023  ΕΠΙΚΟΥΡΙΚΟ   ΠΡΟΣΩΠΙΚΟ,,,,no sponsor block
9ΙΝ64690ΒΤ-72Β,2023-03-28,ΤΑΚΤΙΚΗ ΜΙΣΘΟΔΟΣΙΑ ΜΕΤΑΠ/ΤΕΩΝ  ΜΑΡΤΙΟΥ /2023  ΝΕΟΠΡΟΣΛΑΜΒΑΝΟΜΕΝΟΙ,,,,no sponsor block
Ψ52Ζ4690ΒΤ-ΨΜΕ,2023-03-28,ΤΑΚΤΙΚΗ ΜΙΣΘΟΔΟΣΙΑ ΜΕΤΑΠ/ΤΕΩΝ  ΜΑΡΤΙΟΥ /2023  ΤΡΙΜΗΝΟ ΕΠΙΚΟΥΡΙΚΟ  ΠΡΟΣΩΠΙΚΟ,,,,no sponsor block
61ΩΩ4690ΒΤ-ΙΦΣ,2023-03-28,ΑΝΑΔΡΟΜΙΚΑ ΚΛΙΜΑΚΙΟΥ ΜΕΤΑΠ/ΤΕΩΝ  ΜΑΡΤΙΟΥ /2023 ΕΠΙΚΟΥΡΙΚΟΙ  Ε.Σ.Υ,,,,no sponsor block
Ψ8764690ΒΤ-ΥΚΙ,2023-03-28,ΤΑΚΤΙΚΗ ΜΙΣΘΟΔΟΣΙΑ ΜΕΤΑΠ/ΤΕΩΝ  ΜΑΡΤΙΟΥ /2023 ΕΠΙΚΟΥΡΙΚΟΙ   ΕΣΥ,,,,no sponsor block
97Η04690ΒΤ-Π61,2023-03-28,ΤΑΚΤΙΚΗ ΜΙΣΘΟΔΟΣΙΑ ΜΕΤΑΠ/ΤΕΩΝ  ΜΑΡΤΙΟΥ /2023 ΕΠΙΣΤΗΜΟΝΙΚΟ  ΠΡΟΣΩΠΙΚΟ,,,,no sponsor block
Ψ0Α94690ΒΤ-Θ37,2023-03-28,ΤΑΚΤΙΚΗ ΜΙΣΘΟΔΟΣΙΑ ΜΕΤΑΠ/ΤΕΩΝ  ΜΑΡΤΙΟΥ /2023 ΕΠΙΚΟΥΡΙΚΟ ΠΡΟΣΩΠΙΚΟ,,,,no sponsor block
6ΗΘΒ4690ΒΤ-ΥΡΓ,2023-03-28,ΠΛΗΡΩΜΗ ΠΡΟΣΩΠΙΚΟΥ ΑΠΟ ΤΗΝ ΟΛΟΗΜΕΡΗ ΛΕΙΤΟΥΡΓΙΑ ΤΟΥ ΝΟΣΟΚΟΜΕΙΟΥ  ΜΗΝΟΣ  ΦΕΒΡΟΥΑΡΙΟΥ /2023,,,,no sponsor block
9ΡΘΠ4690ΒΤ-100,2023-03-28,ΠΛΗΡΩΜΗ ΠΡΟΣΩΠΙΚΟΥ ΑΠΟ ΤΗΝ ΟΛΟΗΜΕΡΗ ΛΕΙΤΟΥΡΓΙΑ ΤΟΥ ΝΟΣΟΚΟΜΕΙΟΥ  ΜΗΝΟΣ  ΦΕΒΡΟΥΑΡΙΟΥ /2023,,,,no sponsor block
9ΔΕΗ4690ΒΤ-Θ39,2023-03-28,ΠΛΗΡΩΜΗ ΙΑΤΡΩΝ ΑΠΟ ΤΗΝ ΟΛΟΗΜΕΡΗ ΛΕΙΤΟΥΡΓΙΑ ΤΟΥ ΝΟΣΟΚΟΜΕΙΟΥ  ΜΗΝΟΣ  ΙΑΝΟΥΑΡΙΟΥ /2023,,,,no sponsor block
Ψ8ΤΡ4690ΒΤ-0Β0,2023-03-28,ΤΑΚΤΙΚΕΣ ΕΦΗΜΕΡΙΕΣ ΦΕΒΡΟΥΑΡΙΟΥ/2023  ΕΠΙΚΟΥΡΙΚΟΙ  ΕΣΥ,,,,no sponsor block
6ΧΛΨ4690ΒΤ-ΨΤΜ,2023-03-28,ΤΑΚΤΙΚΕΣ ΕΦΗΜΕΡΙΕΣ ΦΕΒΡΟΥΑΡΙΟΥ/2023  ΕΠΙΚΟΥΡΙΚΟΙ  ΕΣΥ,,,,no sponsor block
6ΙΨΡ4690ΒΤ-2Ν9,2023-03-28,ΤΑΚΤΙΚΕΣ ΕΦΗΜΕΡΙΕΣ ΦΕΒΡΟΥΑΡΙΟΥ/2023 ΓΙΑΤΡΟΙ ΕΣΥ EIΔΙΚ/ΝΟΙ,,,,no sponsor block
6Μ7Η4690ΒΤ-Σ63,2023-03-28,ΤΑΚΤΙΚΕΣ ΕΦΗΜΕΡΙΕΣ ΦΕΒΡΟΥΑΡΙΟΥ/2023 ΓΙΑΤΡΟΙ ΕΣΥ,,,,no sponsor block
65Β04690ΒΤ-6ΞΔ,2023-03-24,ΤΑΚΤΙΚΗ ΜΙΣΘΟΔΟΣΙΑ ΜΕΤΑΠ/ΤΕΩΝ  ΜΑΡΤΙΟΥ /2023   ΕΠΙΚΟΥΡΙΚΟΙ ΕΣΥ  ΤΟΥ Ψ/Τ,,,,no sponsor block
61ΧΓ4690ΒΤ-841,2023-03-28,ΑΠΟΖΗΜΙΩΣΗ ΕΦΗΜΕΡΙΩΝ ΦΕΒΡΟΥΑΡΙΟΥ/2023  ΕΠΙΣΤΗΜΟΝΙΚΟ ΠΡΟΣΩΠΙΚΟ,,,,no sponsor block
ΩΧ7Ν4690ΒΤ-Ψ7Ν,2023-03-28,ΑΠΟΖΗΜΙΩΣΗ ΕΦΗΜΕΡΙΩΝ ΦΕΒΡΟΥΑΡΙΟΥ/2023  ΕΠΙΣΤΗΜΟΝΙΚΟ ΠΡΟΣΩΠΙΚΟ,,,,no sponsor block
ΨΛΡΗ4690ΒΤ-ΓΥΛ,2023-03-28,ΠΡΟΣΘΕΤΕΣ ΑΜΟΙΒΕΣ ΦΕΒΡΟΥΑΡΙΟΥ/2023  ΑΠΟΣΠΑΣΜΕΝΟΙ,,,,no sponsor block
6ΡΕΠ4690ΒΤ-9Θ5,2023-03-28,ΠΡΟΣΘΕΤΕΣ ΑΜΟΙΒΕΣ ΦΕΒΡΟΥΑΡΙΟΥ/2023    ΠΡΟΣΩΠΙΚΟ ΕΠΙ ΣΧΕΣΕΙ ΕΡΓΑΣΙΑΣ  Ι.Δ.Α.Χ,,,,no sponsor block
66ΟΓ4690ΒΤ-ΑΕΗ,2023-03-28,ΠΡΟΣΘΕΤΕΣ ΑΜΟΙΒΕΣ ΦΕΒΡΟΥΑΡΙΟΥ/2023  ΝΟΣΗΛΕΥΤΙΚΟ  ΠΡΟΣΩΠΙΚΟ Ν.Δ  1057/80,,,,no sponsor block
ΨΑΥΝ4690ΒΤ-Ν2Ρ,2023-03-28,ΠΡΟΣΘΕΤΕΣ ΑΜΟΙΒΕΣ ΦΕΒΡΟΥΑΡΙΟΥ/2023  ΜΟΝΙΜΟ-ΔΟΚΙΜΟ   ΠΡΟΣΩΠΙΚΟ ΕΙΔ. ΘΕΣΕΩΝ,,,,no sponsor block
ΨΖΝ24690ΒΤ-ΧΧ1,2023-03-28,ΠΡΟΣΘΕΤΕΣ ΑΜΟΙΒΕΣ ΦΕΒΡΟΥΑΡΙΟΥ/2023  ΜΟΝΙΜΟ-ΔΟΚΙΜΟ ΒΟΗΘ.  ΠΡΟΣΩΠΙΚΟ,,,,no sponsor block
6Γ8Μ4690ΒΤ-4Θ0,2023-03-28,ΠΡΟΣΘΕΤΕΣ ΑΜΟΙΒΕΣ ΦΕΒΡΟΥΑΡΙΟΥ/2023  ΔΙΟΙΚΗΤΙΚΟ  ΠΡΟΣΩΠΙΚΟ,,,,no sponsor block
Ψ5ΒΘ4690ΒΤ-Τ9Η,2023-03-28,ΠΡΟΣΘΕΤΕΣ ΑΜΟΙΒΕΣ ΦΕΒΡΟΥΑΡΙΟΥ/2023  ΝΕΟΠΡΟΣΛΜΒΑΝΟΜΕΝΟΙ,,,,no sponsor block
ΩΧ8Π4690ΒΤ-Β4Φ,2023-03-28,ΠΡΟΣΘΕΤΕΣ ΑΜΟΙΒΕΣ ΦΕΒΡΟΥΑΡΙΟΥ/2023    ΠΡΟΣΩΠΙΚΟ Ι.Δ   Ν.2470/96,,,,no sponsor block
ΨΓΨΚ4690ΒΤ-ΦΛΥ,2023-03-28,ΠΡΟΣΘΕΤΕΣ ΑΜΟΙΒΕΣ ΦΕΒΡΟΥΑΡΙΟΥ/2023  ΕΠΙΚΟΥΡΙΚΟ  ΠΡΟΣΩΠΙΚΟ,,,,no sponsor block
ΨΙΧΕ4690ΒΤ-ΥΔΚ,2023-03-28,ΠΡΟΣΘΕΤΕΣ ΑΜΟΙΒΕΣ ΦΕΒΡΟΥΑΡΙΟΥ/2023  ΕΠΙΚΟΥΡΙΚΟ  ΠΡΟΣΩΠΙΚΟ,,,,no sponsor block
Ψ6784690ΒΤ-ΕΦΣ,2023-03-28,ΠΡΟΣΘΕΤΕΣ ΑΜΟΙΒΕΣ ΦΕΒΡΟΥΑΡΙΟΥ/2023  ΤΡΙΜΗΝΟ ΕΠΙΚΟΥΡΙΚΟ  ΠΡΟΣΩΠΙΚΟ,,,,no sponsor block
6ΟΟ34690ΒΤ-Κ0Α,2023-03-28,ΠΡΟΣΘΕΤΕΣ ΑΜΟΙΒΕΣ ΦΕΒΡΟΥΑΡΙΟΥ/2023  ΝΟΣΗΛΕΥΤΙΚΟ  ΠΡΟΣΩΠΙΚΟ,,,,no sponsor block
Ψ7ΒΝ4690ΒΤ-ΝΑΧ,2023-03-28,ΠΡΟΣΘΕΤΕΣ ΕΦΗΜΕΡΙΕΣ 11ου/2022   ΕΠΙΚΟΥΡΙΚΟΙ  ΕΣΥ,,,,no sponsor block
ΩΖΤΠ4690ΒΤ-Ο90,2023-03-28,ΠΡΟΣΘΕΤΕΣ ΕΦΗΜΕΡΙΕΣ 11ου/2022  ΕΠΙΚΟΥΡΙΚΟΙ  ΕΣΥ,,,,no sponsor block
ΨΗ994690ΒΤ-ΣΞΑ,2023-03-28,ΠΡΟΣΘΕΤΕΣ ΕΦΗΜΕΡΙΕΣ 11ου/2022  ΓΙΑΤΡΟΙ ΕΣΥ ΕΙΔΙΚ/ΝΟΙ,,,,no sponsor block
ΨΡΜΜ4690ΒΤ-ΦΣΜ,2023-03-28,ΠΡΟΣΘΕΤΕΣ ΕΦΗΜΕΡΙΕΣ 11ου/2022  ΓΙΑΤΡΟΙ ΕΣΥ,,,,no sponsor block
Ψ5264690ΒΤ-3Η2,2023-03-28,ΠΡΟΣΘΕΤΕΣ ΕΦΗΜΕΡΙΕΣ 10ου/2022   ΕΠΙΚΟΥΡΙΚΟΙ  ΕΣΥ,,,,no sponsor block
Ψ3Ξ24690ΒΤ-4Σ7,2023-03-28,ΠΡΟΣΘΕΤΕΣ ΕΦΗΜΕΡΙΕΣ 10ου/2022  ΕΠΙΚΟΥΡΙΚΟΙ  ΕΣΥ,,,,no sponsor block
ΨΟ514690ΒΤ-ΙΞΓ,2023-03-28,ΠΡΟΣΘΕΤΕΣ ΕΦΗΜΕΡΙΕΣ 10ου/2022  ΓΙΑΤΡΟΙ ΕΣΥ ΕΙΔΙΚ/ΝΟΙ,,,,no sponsor block
ΨΞΥΘ4690ΒΤ-Θ5Τ,2023-03-28,ΠΡΟΣΘΕΤΕΣ ΕΦΗΜΕΡΙΕΣ 10ου/2022  ΓΙΑΤΡΟΙ ΕΣΥ,,,,no sponsor block
Ψ8ΙΠ4690ΒΤ-030,2023-03-24,ΤΑΚΤΙΚΗ ΜΙΣΘΟΔΟΣΙΑ ΜΕΤΑΠ/ΤΕΩΝ  ΜΑΡΤΙΟΥ  /2023   ΠΡΟΣΩΠΙΚΟ ΕΠΙ ΣΧΕΣΕΙ ΕΡΓΑΣΙΑΣ  ΤΟΥ Ψ/ΤΟΜΕΑ,,,,no sponsor block
9ΥΦ54690ΒΤ-Ν8Ω,2023-03-24,ΑΠΟΖΗΜΙΩΣΗ ΕΦΗΜΕΡΙΩΝ  ΦΕΒΡΟΥΑΡΙΟΥ/2023  ΕΠΙΣΤΗΜΟΝΙΚΟ ΠΡΟΣΩΠΙΚΟ  ΙΔ.   Ν.Δ 1057/80  ΤΟΥ Ψ/Τ,,,,no sponsor block
ΨΗΜΧ4690ΒΤ-547,2023-03-24,ΑΠΟΖΗΜΙΩΣΗ ΕΦΗΜΕΡΙΩΝ  ΦΕΒΡΟΥΑΡΙΟΥ/2023  ΕΠΙΣΤΗΜΟΝΙΚΟ ΠΡΟΣΩΠΙΚΟ  ΙΔ.   Ν.Δ 1057/80  ΤΟΥ Κ.Ψ.ΥΓΕΙΑΣ,,,,no sponsor block
Ψ0Φ24690ΒΤ-Ξ2Η,2023-03-24,ΑΠΟΖΗΜΙΩΣΗ ΕΦΗΜΕΡΙΩΝ  ΦΕΒΡΟΥΑΡΙΟΥ/2023  ΕΠΙΣΤΗΜΟΝΙΚΟ ΠΡΟΣΩΠΙΚΟ  ΙΔ.   Ν.Δ 1057/80  ΤΟΥ Ψ/ΤΟΜΕΑ,,,,no sponsor block
ΩΧ7Α4690ΒΤ-ΩΓ9,2023-03-24,ΠΡΟΣΘΕΤΕΣ ΑΜΟΙΒΕΣ ΦΕΒΡΟΥΑΡΙΟΥ/2023 ΤΡΙΜΗΝΟ   ΕΠΙΚΟΥΡΙΚΟ  ΠΡΟΣΩΠΙΚΟ ΤΟΥ Ψ/Τ,,,,no sponsor block
6ΑΒΔ4690ΒΤ-Ψ38,2023-03-24,ΠΡΟΣΘΕΤΕΣ ΑΜΟΙΒΕΣ ΦΕΒΡΟΥΑΡΙΟΥ/2023   ΕΠΙΚΟΥΡΙΚΟ  ΠΡΟΣΩΠΙΚΟ ΤΟΥ Ψ/Τ,,,,no sponsor block
9Ξ084690ΒΤ-Β3Κ,2023-03-24,ΠΡΟΣΘΕΤΕΣ ΑΜΟΙΒΕΣ ΦΕΒΡΟΥΑΡΙΟΥ/2023   ΤΕΧΝΙΚΟ  ΠΡΟΣΩΠΙΚΟ ΤΟΥ Ψ/Τ,,,,no sponsor block
ΨΔΕΜ4690ΒΤ-ΟΑ4,2023-03-24,ΠΡΟΣΘΕΤΕΣ ΑΜΟΙΒΕΣ ΦΕΒΡΟΥΑΡΙΟΥ /2023 ΜΟΝΙΜΟ-ΔΟΚΙΜΟ-ΒΟΗΘ.ΠΡΟΣΩΠΙΚΟ ΤΟΥ Ψ/ΤΟΜΕΑ,,,,no sponsor block
9ΡΕΘ4690ΒΤ-ΠΨΤ,2023-03-24,ΠΡΟΣΘΕΤΕΣ ΑΜΟΙΒΕΣ ΦΕΒΡΟΥΑΡΙΟΥ/2023  ΝΟΣΗΛΕΥΤΙΚΟ ΠΡΟΣΩΠΙΚΟ  Ν.Δ 1057/80   ΤΟΥ Ψ/ΤΟΜΕΑ,,,,no sponsor block
Ω8ΗΓ4690ΒΤ-34Π,2023-03-24,ΠΡΟΣΘΕΤΕΣ ΑΜΟΙΒΕΣ  ΦΕΒΡΟΥΑΡΙΟΥ /2023   ΠΡΟΣΩΠΙΚΟ  ΕΠΙ  ΣΧΕΣΕΙ ΕΡΓΑΣΙΑΣ Ι.Δ.Α.Χ   ΤΟΥ Ψ/ΤΟΜΕΑ,,,,no sponsor block
6ΝΣ24690ΒΤ-6ΩΖ,2023-03-24,ΠΡΟΣΘΕΤΕΣ ΑΜΟΙΒΕΣ ΦΕΒΡΟΥΑΡΙΟΥ/2022  ΝΟΣΗΛΕΥΤΙΚΟ  ΠΡΟΣΩΠΙΚΟ ΤΟΥ Ψ/Τ,,,,no sponsor block
94ΝΤ4690ΒΤ-ΕΕΔ,2023-03-24,ΠΡΟΣΘΕΤΕΣ ΑΜΟΙΒΕΣ ΦΕΒΡΟΥΑΡΙΟΥ/2023   ΠΡΟΣΩΠΙΚΟ ΕΠΙ ΣΧΕΣΕΙ ΕΡΓΑΣΙΑΣ Ι.Δ  ΤΟΥ Ψ/Τ,,,,no sponsor block
ΩΧΧΑ4690ΒΤ-ΠΛΗ,2023-03-24,ΤΑΚΤΙΚΕΣ ΕΦΗΜΕΡΙΕΣ  ΦΕΒΡΟΥΑΡΙΟΥ/2023   ΓΙΑΤΡΟΙ   Ε.Σ.Υ ΕΙΔ/ΝΟΙ  ΤΟΥ Ψ/Τ,,,,no sponsor block
ΩΖΞΚ4690ΒΤ-ΥΑΡ,2023-03-24,ΤΑΚΤΙΚΕΣ ΕΦΗΜΕΡΙΕΣ  ΦΕΒΡΟΥΑΡΙΟΥ/2023   ΓΙΑΤΡΟΙ   Ε.Σ.Υ ΤΟΥ Ψ/Τ,,,,no sponsor block
ΨΖΙΒ4690ΒΤ-Μ4Ξ,2023-03-24,ΤΑΚΤΙΚΕΣ ΕΦΗΜΕΡΙΕΣ  ΦΕΒΡΟΥΑΡΙΟΥ/2023   ΕΠΙΚΟΥΡΙΚΟΙ  Ε.Σ.Υ ΤΟΥ Ψ/Τ,,,,no sponsor block
6ΟΕΘ4690ΒΤ-ΚΔΧ,2023-03-24,ΤΑΚΤΙΚΕΣ ΕΦΗΜΕΡΙΕΣ ΦΕΒΡΟΥΑΡΙΟΥ/2023   ΓΙΑΤΡΟΙ  Ε.Σ.Υ ΤΟΥ Κ.Ψ.ΥΓΕΙΑΣ,,,,no sponsor block
Ψ2Ψ74690ΒΤ-11Υ,2023-03-24,ΠΡΟΣΘΕΤΕΣ ΕΦΗΜΕΡΙΕΣ 10ου/2022  ΓΙΑΤΡΟΙ Ε.Σ.Υ ΤΟΥ Ψ/Τ,,,,no sponsor block
ΨΧΑ94690ΒΤ-1ΝΔ,2023-03-24,ΠΡΟΣΘΕΤΕΣ ΕΦΗΜΕΡΙΕΣ 10ου/2022  ΓΙΑΤΡΟΙ Ε.Σ.Υ ΕΙΔΙΚ/ΝΟΙ  ΤΟΥ Ψ/Τ,,,,no sponsor block
ΨΡΥΩ4690ΒΤ-825,2023-03-24,ΠΡΟΣΘΕΤΕΣ ΕΦΗΜΕΡΙΕΣ 10ου/2022  ΕΠΙΚΟΥΡΙΚΟΙ  Ε.Σ.Υ ΤΟΥ Ψ/Τ,,,,no sponsor block
ΨΦΙΙ4690ΒΤ-Ο9Ι,2023-03-24,ΠΡΟΣΘΕΤΕΣ ΕΦΗΜΕΡΙΕΣ 11ου/2022  ΓΙΑΤΡΟΙ Ε.Σ.Υ ΤΟΥ Ψ/Τ,,,,no sponsor block
Ψ4Π14690ΒΤ-5ΨΘ,2023-12-21,"ΕΙΣΠΡΑΞΗ ΕΝΟΙΚΙΟΥ ΜΗΝΟΣ ΔΕΚΕΜΒΡΙΟΥ/2023 ΤΟΥ ΞΕΝΩΝΑ ΒΡΑΧΕΙΑΣ ΠΑΡΑΜΟΝΗΣ ΤΟΥ Ψ/Τ (1ο ΧΕ 682/2021) CPV 70310000-7, Συμφωνητικό μίσθωσης  40/2021 ( Απο 01-04-2021 εως 31-03-2026 ) 21SYMV008346430",999825956,ΓΕΝΙΚΟ ΚΡΑΤΙΚΟ ΝΟΣΟΚΟΜΕΙΟ ΚΑΤΕΡΙΝΗΣ,352.50,self-referential (payroll/EFKA/FMY remittance)
97ΔΞ4690ΒΤ-ΡΓΛ,2023-12-19,ΜΙΣΘΟΛΟΓΙΚΗ ΚΑΤΑΣΤΑΣΗ ΤΕΧΝΟΛΟΓΩΝ ΑΠΕΙΚΟΝΙΣΤΙΚΟΥ ΕΡΓΑΣΤΗΡΙΟΥ  ΟΚΤΩΒΡΙΟΣ  /2023,,,,no sponsor block
ΨΚ154690ΒΤ-ΑΩΤ,2023-12-19,ΠΛΗΡΩΜΗ ΠΡΟΣΩΠΙΚΟΥ ΑΠΟ ΤΗΝ ΟΛΟΗΜΕΡΗ ΛΕΙΤΟΥΡΓΙΑ ΤΟΥ ΝΟΣΟΚΟΜΕΙΟΥ  ΜΗΝΟΣ  ΝΟΕΜΒΡΙΟΥ /2023,,,,no sponsor block
ΩΖΘ24690ΒΤ-ΘΦ6,2023-12-19,ΠΛΗΡΩΜΗ ΙΑΤΡΩΝ ΑΠΟ ΤΗΝ ΟΛΟΗΜΕΡΗ ΛΕΙΤΟΥΡΓΙΑ ΤΟΥ ΝΟΣΟΚΟΜΕΙΟΥ  ΜΗΝΟΣ  ΝΟΕΜΒΡΙΟΥ /2023,,,,no sponsor block
ΨΡ5Γ4690ΒΤ-ΙΞΣ,2023-12-18,ΤΑΚΤΙΚΗ ΜΙΣΘΟΔΟΣΙΑ ΜΕΤΑΠ/ΤΕΩΝ ΝΟΕΜΒΡΙΟΥ/2023 ΑΜΙΣΘΟΙ ΤΕΕ,,,,no sponsor block
ΡΨΥΧ4690ΒΤ-1ΞΡ,2023-12-18,ΤΑΚΤΙΚΗ ΜΙΣΘΟΔΟΣΙΑ ΜΕΤΑΠ/ΤΕΩΝ ΔΕΚΕΜΒΡΙΟΥ/2023 ΑΜΙΣΘΟΙ ΤΕΕ(ΔΙΕΚ) Γ.Ν.Κ.,,,,no sponsor block
Ρ6ΒΤ4690ΒΤ-Μ9Φ,2023-12-18,ΤΑΚΤΙΚΗ ΜΙΣΘΟΔΟΣΙΑ ΝΟΕΜΒΡΙΟΥ/2023 ΑΜΙΣΘΟΙ ΤΕΕ (ΔΙΕΚ) Ψ.Τ.,,,,no sponsor block
ΡΕΒΙ4690ΒΤ-ΤΜΕ,2023-12-18,ΤΑΚΤΙΚΗ ΜΙΣΘΟΔΟΣΙΑ ΜΕΤΑΠΛΗΡΩΤΕΩΝ ΔΕΚΕΜΒΡΙΟΥ/2023 ΕΠΙΚΟΥΡΙΚΟΙ ΕΣΥ,,,,no sponsor block
ΩΝΙ54690ΒΤ-ΟΧΕ,2023-12-18,ΤΑΚΤΙΚΗ ΜΙΣΘΟΔΟΣΙΑ ΜΕΤΑΠΛ/ΤΕΩΝ ΔΕΚΕΜΒΡΙΟΥ/2023 ΝΕΟΠΡΟΣΛΑΜΒΑΝΟΜΕΝΟΙ ΟΑΕΔ(55-67),,,,no sponsor block
Ψ3404690ΒΤ-Χ5Ο,2023-12-18,ΤΑΚΤΙΚΗ ΜΙΣΘΟΔΟΣΙΑ ΜΕΤΑΠ/ΤΕΩΝ ΔΕΚΕΜΒΡΙΟΣ/2023 ΝΕΟΠΡΟΣΛΑΒΑΝΟΜΕΝΟΙ ΟΑΕΔ(55-67),,,,no sponsor block
ΨΕΧΡ4690ΒΤ-8ΡΤ,2023-12-18,ΑΝΑΔΡΟΜΙΚΑ ΤΑΚΤΙΚΗΣ ΜΙΣΘΟΔΟΣΙΑΣ ΜΕΤΑΠΛ/ΤΕΩΝ ΔΕΚΕΜΒΡΙΟΥ /2023 ΕΠΙΚΟΥΡΙΚΟ ΠΡΟΣΩΠΙΚΟ,,,,no sponsor block
9ΣΞΣ4690ΒΤ-2ΞΥ,2023-12-18,ΤΑΚΤΙΚΗ ΜΙΣΘΟΔΟΣΙΑ ΜΕΤ/ΤΕΩΝ ΔΕΚΕΜΒΡΙΟΥ/2023 ΕΠΙΚΟΥΡΙΚΟΥ ΠΡΟΣΩΠΙΚΟΥ,,,,no sponsor block
ΨΔΝΡ4690ΒΤ-ΩΓΥ,2023-12-18,ΤΑΚΤΙΚΗ ΜΙΣΘΟΔΟΣΙΑ ΜΕΤΑΠΛ/ΤΕΩΝ ΔΕΚΕΜΒΡΙΟΥ/2023 ΕΠΙΣΤΗΜΟΝΙΚΟ ΠΡΟΣΩΠΙΚΟ,,,,no sponsor block
ΨΨ0Δ4690ΒΤ-Λ0Π,2023-12-18,ΤΑΚΤΙΚΗ ΜΙΣΘΟΔΟΣΙΑ ΜΕΤΑΠΛ/ΤΕΩΝ ΔΕΚΕΜΒΡΙΟΥ/2023 ΕΠΙΚΟΥΡ.ΠΡΟΣΩΠ.ΤΡΙΜΗΝΑ COVID,,,,no sponsor block
6ΡΧΒ4690ΒΤ-ΑΦΦ,2023-12-18,ΤΑΚΤΙΚΗ ΜΙΣΘΟΔΟΣΙΑ ΜΕΤΑΠ/ΤΕΩΝ ΔΕΚΕΜΒΡΙΟΥ 2023 ΕΠΙΚΟΥΡΙΚΟΥ ΠΡΟΣΩΠΙΚΟΥ  ΠΔΕ-ΕΣΠΑ ΥΠΟΕΡΓΟ 45/Ο.Π.Σ.5211682,,,,no sponsor block
9ΟΚΞ4690ΒΤ-Ω4Γ,2023-12-18,ΑΝΑΔΡΟΜΙΚΑ ΤΑΚΤΙΚΗΣ ΜΙΣΘΟΔΟΣΙΑΣ ΔΕΚΕΜΒΡΙΟΣ/2023 ΜΕΤΑΠΛΗΡΩΤΕΩΝ ΕΠΙΚΟΥΡΙΚΟΙ ΕΣΥ,,,,no sponsor block
68ΡΛ4690ΒΤ-ΕΣΒ,2023-12-18,ΤΑΚΤΙΚΗ ΜΙΣΘΟΔΟΣΙΑ ΜΕΤΑΠΛΗΡΩΤΕΩΝ ΔΕΚΕΜΒΡΙΟΥ/2023 ΕΠΙΚΟΥΡΙΚΟΙ ΕΣΥ,,,,no sponsor block
ΨΔ8Ε4690ΒΤ-Ζ1Θ,2023-12-18,ΤΑΚΤΙΚΗ ΜΙΣΘΟΔΟΣΙΑ ΜΕΤΑΠ/ΤΕΩΝ ΔΕΚΕΜΒΡΙΟΥ 2023 ΕΠΙΚΟΥΡΙΚΟΥ ΠΡΟΣΩΠΙΚΟΥΠΔΕ-ΕΣΠΑ,,,,no sponsor block
Ψ7ΚΙ4690ΒΤ-441,2023-12-15,ΓΙΑ ΤΗΝ ΑΞΙΑ ΠΛΗΡΩΜΗΣ ΟΔΟΙΠΟΡΙΚΩΝ ΕΞΟΔΩΝ ΚΑΙ ΗΜΕΡΗΣΙΑΣ ΑΠΟΖΗΜΙΩΣΗΣ ΥΠΑΛΛΗΛΩΝ Γ.Ν.ΚΑΤΕΡΙΝΗΣ,,,,no sponsor block
Ψ62Η4690ΒΤ-ΡΤ1,2023-12-15,ΓΙΑ ΤΗΝ ΑΞΙΑ ΠΛΗΡΩΜΗΣ ΟΔΟΙΠΟΡΙΚΩΝ ΕΞΟΔΩΝ ΚΑΙ ΗΜΕΡΗΣΙΑΣ ΑΠΟΖΗΜΙΩΣΗΣ ΥΠΑΛΛΗΛΩΝ ΤΟΥ Γ.Ν.ΚΑΤΕΡΙΝΗΣ,,,,no sponsor block
640Τ4690ΒΤ-ΜΓ2,2023-12-15,ΓΙΑ ΤΗΝ ΑΞΙΑ ΠΛΗΡΩΜΗΣ ΟΔΟΙΠΟΡΙΚΩΝ ΕΞΟΔΩΝ & ΗΜΕΡΗΣΙΑΣ ΑΠΟΖΗΜΙΩΣΗΣ ΥΠΑΛΛΗΛΩΝ ΤΟΥ Γ.Ν .ΚΑΤΕΡΙΝΗΣ,,,,no sponsor block
Ψ7ΒΘ4690ΒΤ-31Ρ,2023-12-14,ΑΠΟΖΗΜΙΩΣΗ  ΕΦΗΜΕΡΙΩΝ  ΝΟΕΜΒΡΙΟΥ/2023  ΕΠΙΣΤΗΜΟΝΙΚΟ ΠΡΟΣΩΠΙΚΟ ΤΟΥ Ψ/Τ,,,,no sponsor block
6Λ6Λ4690ΒΤ-4Β7,2023-12-14,ΑΠΟΖΗΜΙΩΣΗ  ΕΦΗΜΕΡΙΩΝ  ΝΟΕΜΒΡΙΟΥ/2023  ΕΠΙΣΤΗΜΟΝΙΚΟ ΠΡΟΣΩΠΙΚΟ ΤΟΥ Ψ/Τ,,,,no sponsor block
ΨΙΥΡ4690ΒΤ-ΝΩΖ,2023-12-14,ΑΠΟΖΗΜΙΩΣΗ  ΕΦΗΜΕΡΙΩΝ  ΝΟΕΜΒΡΙΟΥ/2023  ΕΠΙΣΤΗΜΟΝΙΚΟ ΠΡΟΣΩΠΙΚΟ ΤΟΥ Κ.Ψ.ΥΓΕΙΑΣ,,,,no sponsor block
Ψ3Φ24690ΒΤ-Ρ4Υ,2023-12-14,ΠΡΟΣΘΕΤΕΣ ΑΜΟΙΒΕΣ  ΝΟΕΜΒΡΙΟΥ /2023  ΝΟΣΗΛΕΥΤΙΚΟ    ΠΡΟΣΩΠΙΚΟ Ν.Δ  1057/80   ΤΟΥ Ψ/Τ,,,,no sponsor block
60Σ24690ΒΤ-ΥΘΕ,2023-12-14,ΠΡΟΣΘΕΤΕΣ ΑΜΟΙΒΕΣ  ΝΟΕΜΒΡΙΟΥ /2023  ΜΟΝΙΜΟ -ΔΟΚΙΜΟ ΒΟΗΘ.  ΠΡΟΣΩΠΙΚΟ ΤΟΥ Ψ/Τ,,,,no sponsor block
Ψ6ΙΚ4690ΒΤ-Β6Λ,2023-12-14,ΠΡΟΣΘΕΤΕΣ ΑΜΟΙΒΕΣ  ΝΟΕΜΒΡΙΟΥ /2023  ΤΕΧΝΙΚΟ    ΠΡΟΣΩΠΙΚΟ ΤΟΥ Ψ/Τ,,,,no sponsor block
ΩΧ404690ΒΤ-1Ο3,2023-12-14,ΠΡΟΣΘΕΤΕΣ ΑΜΟΙΒΕΣ  ΝΟΕΜΒΡΙΟΥ /2023     ΠΡΟΣΩΠΙΚΟ  ΕΠΙ ΣΧΕΣΕΙ ΕΡΓΑΣΙΑΣ  Ι.Δ.Α.Χ ΤΟΥ Ψ/Τ,,,,no sponsor block
ΨΛΕΨ4690ΒΤ-90Ζ,2023-12-14,ΠΡΟΣΘΕΤΕΣ ΑΜΟΙΒΕΣ  ΝΟΕΜΒΡΙΟΥ /2023 ΤΡΙΜΗΝΟ   ΕΠΙΚΟΥΡΙΚΟ   ΠΡΟΣΩΠΙΚΟ ΤΟΥ Ψ/Τ,,,,no sponsor block
6ΞΖΒ4690ΒΤ-0ΧΖ,2023-12-14,ΠΡΟΣΘΕΤΕΣ ΑΜΟΙΒΕΣ  ΝΟΕΜΒΡΙΟΥ /2023  ΕΠΙΚΟΥΡΙΚΟ   ΠΡΟΣΩΠΙΚΟ ΤΟΥ Ψ/Τ,,,,no sponsor block
6Σ1Δ4690ΒΤ-ΛΟ7,2023-12-14,ΠΡΟΣΘΕΤΕΣ ΑΜΟΙΒΕΣ  ΝΟΕΜΒΡΙΟΥ  /2023  ΝΟΣΗΛΕΥΤΙΚΟ  ΠΡΟΣΩΠΙΚΟ ΤΟΥ Ψ/Τ,,,,no sponsor block
ΨΒΑ14690ΒΤ-ΠΘ2,2023-12-14,ΤΑΚΤΙΚΕΣ ΕΦΗΜΕΡΙΕΣ  ΝΟΕΜΒΡΙΟΥ    /2023 ΓΙΑΤΡΟΙ Ε.Σ.Υ   ΕΙΔ/ΝΟΙ  ΤΟΥ Ψ/Τ,,,,no sponsor block
6ΥΝΘ4690ΒΤ-7ΟΥ,2023-12-14,ΤΑΚΤΙΚΕΣ ΕΦΗΜΕΡΙΕΣ  ΝΟΕΜΒΡΙΟΥ    /2023 ΓΙΑΤΡΟΙ Ε.Σ.Υ   ΤΟΥ Κ.Ψ.ΥΓΕΙΑΣ,,,,no sponsor block
Ψ1ΗΖ4690ΒΤ-0ΞΠ,2023-12-14,ΤΑΚΤΙΚΕΣ ΕΦΗΜΕΡΙΕΣ  ΝΟΕΜΒΡΙΟΥ    /2023 ΓΙΑΤΡΟΙ Ε.Σ.Υ   ΤΟΥ Ψ/Τ,,,,no sponsor block
96ΖΩ4690ΒΤ-ΠΞΗ,2023-12-13,ΤΑΚΤΙΚΕΣ ΕΦΗΜΕΡΙΕΣ  ΝΟΕΜΒΡΙΟΥ   /2023  ΕΠΙΚΟΥΡΙΚΟΙ  Ε.Σ.Υ,,,,no sponsor block
6ΕΑΙ4690ΒΤ-179,2023-12-13,ΤΑΚΤΙΚΕΣ ΕΦΗΜΕΡΙΕΣ  ΝΟΕΜΒΡΙΟΥ   /2023  ΕΠΙΚΟΥΡΙΚΟΙ  Ε.Σ.Υ,,,,no sponsor block
6ΩΝΑ4690ΒΤ-7ΡΛ,2023-12-13,ΤΑΚΤΙΚΕΣ ΕΦΗΜΕΡΙΕΣ  ΝΟΕΜΒΡΙΟΥ   /2023 ΑΓΡΟΤΙΚΟΙ ΙΑΤΡΟΙ,,,,no sponsor block
Ψ4ΣΚ4690ΒΤ-ΚΜΞ,2023-12-13,ΤΑΚΤΙΚΕΣ ΕΦΗΜΕΡΙΕΣ  ΝΟΕΜΒΡΙΟΥ   /2023 ΓΙΑΤΡΟΙ Ε.Σ.Υ,,,,no sponsor block
6ΤΞΧ4690ΒΤ-Θ5Α,2023-12-13,ΤΑΚΤΙΚΕΣ ΕΦΗΜΕΡΙΕΣ  ΝΟΕΜΒΡΙΟΥ   /2023 ΓΙΑΤΡΟΙ Ε.Σ.Υ  ΕΙΔ/ΝΟΙ,,,,no sponsor block
6ΟΧΓ4690ΒΤ-Β84,2023-12-11,ΑΠΟΖΗΜΙΩΣΗ ΕΦΗΜΕΡΙΩΝ  ΝΟΕΜΒΡΙΟΥ  /2023  ΕΠΙΣΤΗΜΟΝΙΚΟ ΠΡΟΣΩΠΙΚΟ,,,,no sponsor block
Ψ7ΗΞ4690ΒΤ-ΒΣΥ,2023-12-11,ΑΠΟΖΗΜΙΩΣΗ ΕΦΗΜΕΡΙΩΝ  ΝΟΕΜΒΡΙΟΥ  /2023  ΕΠΙΣΤΗΜΟΝΙΚΟ ΠΡΟΣΩΠΙΚΟ,,,,no sponsor block
9Χ6Δ4690ΒΤ-347,2023-12-11,ΠΡΟΣΘΕΤΕΣ  ΑΜΟΙΒΕΣ  ΝΟΕΜΒΡΙΟΥ/2023   ΝΕΟΠΡΟΣΛΑΜΒΑΝΟΜΕΝΟΙ,,,,no sponsor block
Ω8ΘΕ4690ΒΤ-62Γ,2023-12-11,ΠΡΟΣΘΕΤΕΣ  ΑΜΟΙΒΕΣ  ΝΟΕΜΒΡΙΟΥ/2023   ΑΠΟΣΠΑΣΜΕΝΟΙ,,,,no sponsor block
90ΝΝ4690ΒΤ-Χ6Ω,2023-12-11,ΠΡΟΣΘΕΤΕΣ  ΑΜΟΙΒΕΣ  ΝΟΕΜΒΡΙΟΥ/2023   ΝΕΟΠΡΟΣΛΑΜΒΑΝΟΜΕΝΟΙ ( Ο.Α.Ε.Δ  55-67 ),,,,no sponsor block
64ΣΔ4690ΒΤ-Σ2Τ,2023-12-11,ΠΡΟΣΘΕΤΕΣ  ΑΜΟΙΒΕΣ  ΝΟΕΜΒΡΙΟΥ/2023   ΠΡΟΣΩΠΙΚΟ  ΕΠΙ ΣΧΕΣΕΙ ΕΡΓΑΣΙΑΣ Ι.Δ.Α.Χ,,,,no sponsor block
ΨΖΣΜ4690ΒΤ-ΘΚΝ,2023-12-11,ΠΡΟΣΘΕΤΕΣ  ΑΜΟΙΒΕΣ  ΝΟΕΜΒΡΙΟΥ/2023  ΜΟΝΙΜΟ  ΔΟΚΙΜΟ   ΠΡΟΣΩΠΙΚΟ  ΕΙΔ. ΘΕΣΕΩΝ,,,,no sponsor block
6Δ4Θ4690ΒΤ-ΣΣΜ,2023-12-11,ΠΡΟΣΘΕΤΕΣ  ΑΜΟΙΒΕΣ ΝΟΕΜΒΡΙΟΥ /2023  ΜΟΝΙΜΟ -ΔΟΚΙΜΟ-ΒΟΗΘ.   ΠΡΟΣΩΠΙΚΟ,,,,no sponsor block
ΨΧ804690ΒΤ-ΜΧ1,2023-12-11,ΠΡΟΣΘΕΤΕΣ  ΑΜΟΙΒΕΣ  ΝΟΕΜΒΡΙΟΥ/2023   ΔΙΟΙΚΗΤΙΚΟ   ΠΡΟΣΩΠΙΚΟ,,,,no sponsor block
Ψ8ΧΓ4690ΒΤ-1ΜΨ,2023-12-11,ΠΡΟΣΘΕΤΕΣ  ΑΜΟΙΒΕΣ  ΝΟΕΜΒΡΙΟΥ/2023   ΠΡΟΣΩΠΙΚΟ  Ι.Δ.  Ν. 2470/96,,,,no sponsor block
ΨΥ404690ΒΤ-Π3Η,2023-12-11,ΠΡΟΣΘΕΤΕΣ ΑΜΟΙΒΕΣ  ΝΟΕΜΒΡΙΟΥ  /2023  ΕΠΙΚΟΥΡΙΚΟ  COVID  ΠΡΟΣΩΠΙΚΟ,,,,no sponsor block
9ΞΝ84690ΒΤ-3Ε7,2023-12-11,ΑΠΟΖΗΜΙΩΣΗ ΕΦΗΜΕΡΙΩΝ  ΝΟΕΜΒΡΙΟΥ  /2023  ΕΠΙΣΤΗΜΟΝΙΚΟ ΠΡΟΣΩΠΙΚΟ,,,,no sponsor block
63Τ54690ΒΤ-ΝΡΡ,2023-12-11,ΑΠΟΖΗΜΙΩΣΗ ΕΦΗΜΕΡΙΩΝ  ΝΟΕΜΒΡΙΟΥ  /2023  ΕΠΙΣΤΗΜΟΝΙΚΟ ΠΡΟΣΩΠΙΚΟ,,,,no sponsor block
Ψ9ΔΓ4690ΒΤ-ΚΧ0,2023-12-11,ΠΡΟΣΘΕΤΕΣ ΑΜΟΙΒΕΣ  ΝΟΕΜΒΡΙΟΥ  /2023 ΕΠΙΚΟΥΡΙΚΟ ΠΡΟΣΩΠΙΚΟ  ΠΔΕ-ΕΣΠΑ ΥΠΟΕΡΓΟ 45 /Ο.Π.Σ 5211682,,,,no sponsor block
939Υ4690ΒΤ-ΦΘΘ,2023-12-07,ΠΡΟΣΘΕΤΕΣ ΕΦΗΜΕΡΙΕΣ ΣΕΠΤΕΜΒΡΙΟΥ/23 ΓΙΑΤΡΟΙ Ε.Σ.Υ. Ψ.Τ.,,,,no sponsor block
Ω8454690ΒΤ-ΨΙ5,2023-12-07,ΠΡΟΣΘΕΤΕΣ ΕΦΗΜΕΡΙΕΣ ΣΕΠΤΕΜΒΡΙΟΥ/23 ΓΙΑΤΡΟΙ Ε.Σ.Υ. ΕΙΔΙΚ/ΝΟΙ Ψ.Τ..,,,,no sponsor block
6ΣΠ74690ΒΤ-0ΔΓ,2023-12-07,ΠΡΟΣΘΕΤΕΣ ΕΦΗΜΕΡΙΕΣ ΑΥΓΟΥΣΤΟΥ/23 ΓΙΑΤΡΟΙ Ε.Σ.Υ. Ψ.Τ.,,,,no sponsor block
9ΛΛ74690ΒΤ-ΩΧ4,2023-12-07,ΠΡΟΣΘΕΤΕΣ ΕΦΗΜΕΡΙΕς ΑΥΓΟΥΣΤΟΥ/23 ΓΙΑΤΡΟΙ Ε.Σ.Υ. ΕΙΔΙΚ/ΝΟΙ Ψ.Τ.,,,,no sponsor block
65Α34690ΒΤ-Ν2Λ,2023-12-07,ΠΡΟΣΘΕΤΕΣ ΕΦΗΜΕΡΙΕΣ ΙΟΥΛΙΟΥ/2023 ΓΙΑΤΡΟΙ Ε.Σ.Υ. ΕΙΔΙΚ/ΝΟΙ Ψ.Τ.,,,,no sponsor block
9ΗΙΔ4690ΒΤ-ΨΔΝ,2023-12-07,ΠΡΟΣΘΕΤΕΣ ΕΦΗΜΕΡΙΕΣ ΙΟΥΛΙΟΥ/2023 ΓΙΑΤΡΟΙ Ε.Σ.Υ. Ψ.Τ.,,,,no sponsor block
6Μ5Ζ4690ΒΤ-ΞΧ3,2023-12-07,ΠΡΟΣΘΕΤΕΣ ΕΦΗΜΕΡΙΕΣ ΣΕΠΤΕΜΒΡΙΟΥ/2023 ΕΠΙΚΟΥΡΙΚΟΙ Ε.Σ.Υ.,,,,no sponsor block
ΨΛΤ24690ΒΤ-ΦΔΜ,2023-12-07,ΠΡΟΣΘΕΤΕΣ ΕΦΗΜΕΡΙΕΣ ΣΕΠΤΕΜΒΡΙΟΥ/2023 ΓΙΑΤΡΟΙ Ε.Σ.Υ. ΕΙΔ/ΝΟΙ,,,,no sponsor block
ΨΟΦΕ4690ΒΤ-ΗΒ3,2023-12-07,ΠΡΟΣΘΕΤΕΣ ΕΦΗΜΕΡΙΕΣ ΣΕΠΤΕΜΒΡΙΟΥ/2023 ΓΙΑΤΡΟΙ Ε.Σ.Υ.,,,,no sponsor block
62184690ΒΤ-6ΛΧ,2023-12-07,ΠΡΟΣΘΕΤΕΣ ΕΦΗΜΕΡΙΣ ΣΕΠΤΕΜΒΡΙΟΥ/2023 ΕΠΙΚΟΥΡΙΚΟΙ Ε.Σ.Υ.,,,,no sponsor block
ΨΛΔΠ4690ΒΤ-8ΝΨ,2023-12-07,ΠΡΟΣΘΕΤΕΣ ΕΦΗΜΕΡΙΕΣ  ΑΥΓΟΥΣΤΟΥ  /2023  ΕΠΙΚΟΥΡΙΚΟΙ Ε.Σ.Υ,,,,no sponsor block
999Υ4690ΒΤ-ΙΘ7,2023-12-07,ΠΡΟΣΘΕΤΕΣ ΕΦΗΜΕΡΙΕΣ  ΑΥΓΟΥΣΤΟΥ  /2023   ΓΙΑΤΡΟΙ  Ε.Σ.Υ ΕΙΔ/ΝΟΙ,,,,no sponsor block
9ΔΠ54690ΒΤ-ΑΑΒ,2023-12-07,ΠΡΟΣΘΕΤΕΣ ΕΦΗΜΕΡΙΕΣ  ΑΥΓΟΥΣΤΟΥ  /2023  ΓΙΑΤΡΟΙ   Ε.Σ.Υ,,,,no sponsor block
ΨΧΛΥ4690ΒΤ-Τ2Ω,2023-12-07,ΠΡΟΣΘΕΤΕΣ ΑΜΟΙΒΕΣ  ΟΚΤΩΒΡΙΟΥ  /2023 12 ΜΗΝΑ Ο.Α.Ε.Δ ΔΗΜ.ΠΡΟΣΚΛΗΣΗ  Νο  10/2017,,,,no sponsor block
Ψ1ΑΚ4690ΒΤ-ΧΤΘ,2023-12-07,ΠΡΟΣΘΕΤΕΣ ΑΜΟΙΒΕΣ  ΟΚΤΩΒΡΙΟΥ  /2023     12 ΜΗΝΑ ΟΑΕΔ  ΔΗΜ.ΠΡΟΣΚΛΗΣΗ       Νο 13/2016,,,,no sponsor block
6Ε524690ΒΤ-ΒΦΔ,2023-12-07,ΤΑΚΤΙΚΗ ΜΙΣΘΟΔΟΣΙΑ  ΝΟΕΜΒΡΙΟΥ  /2023 12 ΜΗΝΑ Ο.Α.Ε.Δ   ΔΗΜ.ΠΡΟΣΚΛΗΣΗ    Νο 10/2017,,,,no sponsor block
6ΞΤΤ4690ΒΤ-1Δ3,2023-12-07,ΤΑΚΤΙΚΗ  ΜΙΣΘΟΔΟΣΙΑ  ΝΟΕΜΒΡΙΟΥ  /2023      12 ΜΗΝΑ ΟΑΕΔ  ΔΗΜ.ΠΡΟΣΚΛΗΣΗ       Νο 13/2016,,,,no sponsor block
9ΒΗΞ4690ΒΤ-738,2023-12-07,ΠΡΟΣΘΕΤΕΣ ΕΦΗΜΕΡΙΕΣ  ΑΥΓΟΥΣΤΟΥ  /2023  ΕΠΙΚΟΥΡΙΚΟΙ Ε.Σ.Υ,,,,no sponsor block
ΨΜΓ14690ΒΤ-ΟΔ7,2023-12-07,ΠΡΟΣΘΕΤΕΣ ΕΦΗΜΕΡΙΕΣ ΙΟΥΛΙΟΥ/2023  ΕΠΙΚΟΥΡΙΚΟΙ Ε.Σ.Υ,,,,no sponsor block
6Θ0Ι4690ΒΤ-ΘΒΑ,2023-12-07,ΠΡΟΣΘΕΤΕΣ ΕΦΗΜΕΡΙΕΣ ΙΟΥΛΙΟΥ/2023  ΓΙΑΤΡΟΙ  Ε.Σ.Υ   ΕΙΔ/ΝΟΙ,,,,no sponsor block
ΨΕΟ24690ΒΤ-Η4Θ,2023-12-07,ΠΡΟΣΘΕΤΕΣ ΕΦΗΜΕΡΙΕΣ ΙΟΥΛΙΟΥ/2023   ΓΙΑΤΡΟΙ  Ε.Σ.Υ,,,,no sponsor block
Ω8ΙΨ4690ΒΤ-ΔΦΔ,2023-12-07,ΠΡΟΣΘΕΤΕΣ ΕΦΗΜΕΡΙΕΣ ΙΟΥΛΙΟΥ/2023  ΕΠΙΚΟΥΡΙΚΟΙ Ε.Σ.Υ,,,,no sponsor block
9ΓΦΝ4690ΒΤ-Ε1Ρ,2023-12-04,Αποζημίωση σε εκτέλεση της αρ.509/2023 αποφ.του Τριμελους Δ/κου Εφετείου Θεσ/νίκης ( Κεφάλαιο & τόκοι & δικαστικά έξοδα ),,,,no sponsor block
Ψ7Γ34690ΒΤ-Ν9Π,2023-12-04,Αποζημίωση σε εκτέλεση της αρ.509/2023 αποφ.του Τριμελους Δ/κου Εφετείου Θεσ/νίκης ( Κεφάλαιο & τόκοι & δικαστικά έξοδα ),,,,no sponsor block
91Σ64690ΒΤ-ΟΨΕ,2023-12-04,Αποζημίωση κανονικής άδειας προσωπικού επι σχέσει εργασίας  Ι.Δ,,,,no sponsor block
ΨΣ8Ζ4690ΒΤ-5ΦΠ,2023-12-04,Αποζημίωση λογω συνταξιοδότησης προσωπικού Ι.Δ.Α.Χ           ΑΡΘΡΟ 55  Π.Δ  410/88 και αρθρο 21 Ν.3144/2003,,,,no sponsor block
Ψ99Κ4690ΒΤ-3Λ4,2023-11-23,ΤΑΚΤΙΚΗ ΜΙΣΘΟΔΟΣΙΑ ΜΕΤΑΠ/ΤΕΩΝ  ΝΟΕΜΒΡΙΟΥ  /2023 ΕΠΙΚΟΥΡΙΚΟ ΠΡΟΣΩΠΙΚΟ,,,,no sponsor block
Ψ20Ξ4690ΒΤ-ΑΛΟ,2023-11-28,ΑΠΟΖΗΜΙΩΣΗ ΕΦΗΜΕΡΙΩΝ  ΟΚΤΩΒΡΙΟΥ /2023  ΕΠΙΣΤΗΜΟΝΙΚΟ ΠΡΟΣΩΠΙΚΟ ΤΟΥ Κ.Ψ.ΥΓΕΙΑΣ,,,,no sponsor block
6ΟΡΑ4690ΒΤ-9ΥΧ,2023-11-28,ΑΠΟΖΗΜΙΩΣΗ ΕΦΗΜΕΡΙΩΝ  ΟΚΤΩΒΡΙΟΥ /2023  ΕΠΙΣΤΗΜΟΝΙΚΟ ΠΡΟΣΩΠΙΚΟ Ι.Δ  ΝΔ 1057/80  ΤΟΥ Ψ/Τ,,,,no sponsor block
9Δ2Ξ4690ΒΤ-27Ω,2023-11-28,ΑΠΟΖΗΜΙΩΣΗ ΕΦΗΜΕΡΙΩΝ  ΟΚΤΩΒΡΙΟΥ /2023  ΕΠΙΣΤΗΜΟΝΙΚΟ ΠΡΟΣΩΠΙΚΟ ΤΟΥ Ψ/Τ,,,,no sponsor block
ΨΙΔΦ4690ΒΤ-ΓΘΕ,2023-11-28,ΠΡΟΣΘΕΤΕΣ ΑΜΟΙΒΕΣ  ΟΚΤΩΒΡΙΟΥ /2023  ΕΠΙΚΟΥΡΙΚΟ   ΠΡΟΣΩΠΙΚΟ ΤΟΥ Ψ/Τ,,,,no sponsor block
6ΦΩΤ4690ΒΤ-5ΒΩ,2023-11-28,ΠΡΟΣΘΕΤΕΣ ΑΜΟΙΒΕΣ  ΟΚΤΩΒΡΙΟΥ /2023  ΕΠΙΚΟΥΡΙΚΟ ΤΡΙΜΗΝΟ   ΠΡΟΣΩΠΙΚΟ ΤΟΥ Ψ/Τ,,,,no sponsor block
6Κ7Ε4690ΒΤ-Τ1Χ,2023-11-28,ΠΡΟΣΘΕΤΕΣ ΑΜΟΙΒΕΣ  ΟΚΤΩΒΡΙΟΥ  /2023  ΝΟΣΗΛΕΥΤΙΚΟ  ΠΡΟΣΩΠΙΚΟ  Ν.Δ 1057/80   ΤΟΥ Ψ/Τ,,,,no sponsor block
6ΓΚΩ4690ΒΤ-ΓΔΧ,2023-11-28,ΠΡΟΣΘΕΤΕΣ ΑΜΟΙΒΕΣ  ΟΚΤΩΒΡΙΟΥ  /2023  ΝΟΣΗΛΕΥΤΙΚΟ  ΠΡΟΣΩΠΙΚΟ  Ν.Δ 1057/80   ΤΟΥ Ψ/Τ,,,,no sponsor block
9ΩΠΦ4690ΒΤ-Ξ04,2023-11-28,ΠΡΟΣΘΕΤΕΣ ΑΜΟΙΒΕΣ  ΟΚΤΩΒΡΙΟΥ /2023  ΜΟΝΙΜΟ ΔΟΚΙΜΟ ΒΟΗΘ.  ΠΡΟΣΩΠΙΚΟ ΤΟΥ Ψ/Τ,,,,no sponsor block
94ΟΧ4690ΒΤ-Β15,2023-11-28,ΠΡΟΣΘΕΤΕΣ ΑΜΟΙΒΕΣ   ΟΚΤΩΒΡΙΟΥ /2023   ΤΕΧΝΙΚΟ  ΠΡΟΣΩΠΙΚΟ ΤΟΥ Ψ/Τ,,,,no sponsor block
9Λ254690ΒΤ-Η59,2023-11-28,ΠΡΟΣΘΕΤΕΣ ΑΜΟΙΒΕΣ  ΟΚΤΩΒΡΙΟΥ /2023  ΝΟΣΗΛΕΥΤΙΚΟ  ΠΡΟΣΩΠΙΚΟ ΤΟΥ Ψ/Τ,,,,no sponsor block
9ΚΑ74690ΒΤ-Η0Ν,2023-11-28,ΑΠΟΖΗΜΙΩΣΗ ΕΦΗΜΕΡΙΩΝ  ΟΚΤΩΒΡΙΟΥ /2023  ΕΠΙΣΤΗΜΟΝΙΚΟ ΠΡΟΣΩΠΙΚΟ,,,,no sponsor block
ΩΝ5Κ4690ΒΤ-ΔΥΠ,2023-11-28,ΑΠΟΖΗΜΙΩΣΗ ΕΦΗΜΕΡΙΩΝ  ΟΚΤΩΒΡΙΟΥ /2023  ΕΠΙΣΤΗΜΟΝΙΚΟ ΠΡΟΣΩΠΙΚΟ,,,,no sponsor block
ΨΦΙΞ4690ΒΤ-ΤΚΣ,2023-11-28,ΠΡΟΣΘΕΤΕΣ ΑΜΟΙΒΕΣ  ΟΚΤΩΒΡΙΟΥ   /2023 ΝΕΟΠΡΟΣΛΑΜΒΑΝΟΜΕΝΟΙ,,,,no sponsor block
6ΨΟΥ4690ΒΤ-ΓΦΥ,2023-11-28,ΠΡΟΣΘΕΤΕΣ ΑΜΟΙΒΕΣ  ΟΚΤΩΒΡΙΟΥ   /2023  ΑΠΟΣΠΑΣΜΕΝΟΙ,,,,no sponsor block
ΨΥ7Χ4690ΒΤ-ΜΥ3,2023-11-28,ΠΡΟΣΘΕΤΕΣ ΑΜΟΙΒΕΣ  ΟΚΤΩΒΡΙΟΥ   /2023  ΠΡΟΣΩΠΙΚΟ  ΕΠΙ ΣΧΕΣΕΙ ΕΡΓΑΣΙΑΣ Ι.Δ.Α.Χ,,,,no sponsor block
9Ξ6Ο4690ΒΤ-0ΣΦ,2023-11-28,ΠΡΟΣΘΕΤΕΣ ΑΜΟΙΒΕΣ  ΟΚΤΩΒΡΙΟΥ   /2023  ΜΟΝΙΜΟ ΔΟΚΙΜΟ  ΠΡΟΣΩΠΙΚΟ  ΕΙΔ. ΘΕΣΕΩΝ,,,,no sponsor block
63Μ04690ΒΤ-Λ2Η,2023-11-28,ΠΡΟΣΘΕΤΕΣ ΑΜΟΙΒΕΣ  ΟΚΤΩΒΡΙΟΥ   /2023  ΜΟΝΙΜΟ -ΔΟΚΙΜΟ -ΒΟΗΘ.  ΠΡΟΣΩΠΙΚΟ,,,,no sponsor block
Ψ9174690ΒΤ-Σ4Θ,2023-11-28,ΠΡΟΣΘΕΤΕΣ ΑΜΟΙΒΕΣ  ΟΚΤΩΒΡΙΟΥ   /2023  ΔΙΟΙΚΗΤΙΚΟ  ΠΡΟΣΩΠΙΚΟ,,,,no sponsor block
6Λ0Ρ4690ΒΤ-ΕΑΝ,2023-11-28,ΠΡΟΣΘΕΤΕΣ ΑΜΟΙΒΕΣ  ΟΚΤΩΒΡΙΟΥ   /2023  ΠΡΟΣΩΠΙΚΟ  Ι.Δ  Ν΄2470/96,,,,no sponsor block
Ψ1ΘΙ4690ΒΤ-ΘΤΨ,2023-11-28,ΠΡΟΣΘΕΤΕΣ ΑΜΟΙΒΕΣ  ΟΚΤΩΒΡΙΟΥ   /2023  ΠΡΟΣΩΠΙΚΟ  Ι.Δ  Ν΄2470/96,,,,no sponsor block
ΩΧΘΣ4690ΒΤ-ΥΞΦ,2023-11-28,ΠΡΟΣΘΕΤΕΣ ΑΜΟΙΒΕΣ  ΟΚΤΩΒΡΙΟΥ   /2023 ΝΟΣΗΛΕΥΤΙΚΟ ΠΡΟΣΩΠΙΚΟ,,,,no sponsor block
ΨΨΩ64690ΒΤ-7ΣΚ,2023-11-28,ΠΡΟΣΘΕΤΕΣ ΑΜΟΙΒΕΣ  ΟΚΤΩΒΡΙΟΥ   /2023  ΕΠΙΚΟΥΡΙΚΟ  ΤΡΙΜΗΝΟ  ΠΡΟΣΩΠΙΚΟ,,,,no sponsor block
660Δ4690ΒΤ-1ΟΕ,2023-11-28,ΤΑΚΤΙΚΕΣ ΕΦΗΜΕΡΙΕΣ  ΟΚΤΩΒΡΙΟΥ    /2023 ΓΙΑΤΡΟΙ Ε.Σ.Υ  ΕΙΔ/ΝΟΙ ΤΟΥ Κ.Ψ.ΥΓΕΙΑΣ,,,,no sponsor block
ΨΝΔΗ4690ΒΤ-ΔΛΣ,2023-11-28,ΤΑΚΤΙΚΕΣ ΕΦΗΜΕΡΙΕΣ  ΟΚΤΩΒΡΙΟΥ    /2023 ΓΙΑΤΡΟΙ Ε.Σ.Υ   ΤΟΥ Ψ/Τ,,,,no sponsor block
ΨΡ0Β4690ΒΤ-ΦΤΗ,2023-11-28,ΤΑΚΤΙΚΕΣ ΕΦΗΜΕΡΙΕΣ  ΟΚΤΩΒΡΙΟΥ    /2023 ΓΙΑΤΡΟΙ Ε.Σ.Υ  ΕΙΔ/ΝΟΙ ΤΟΥ Ψ/Τ,,,,no sponsor block
9ΩΠΝ4690ΒΤ-Γ0Τ,2023-11-28,ΤΑΚΤΙΚΕΣ ΕΦΗΜΕΡΙΕΣ  ΟΚΤΩΒΡΙΟΥ    /2023  ΕΠΙΚΟΥΡΙΚΟΙ  Ε.Σ.Υ,,,,no sponsor block
66ΩΘ4690ΒΤ-Ε9Π,2023-11-28,ΠΡΟΣΘΕΤΕΣ ΑΜΟΙΒΕΣ  ΟΚΤΩΒΡΙΟΥ  /2023 ΕΠΙΚΟΥΡΙΚΟ ΠΡΟΣΩΠΙΚΟ  ΠΔΕ-ΕΣΠΑ ΥΠΟΕΡΓΟ 45 /Ο.Π.Σ 5211682,,,,no sponsor block
94Μ84690ΒΤ-ΝΒΩ,2023-11-28,ΤΑΚΤΙΚΕΣ ΕΦΗΜΕΡΙΕΣ  ΟΚΤΩΒΡΙΟΥ    /2023  ΕΠΙΚΟΥΡΙΚΟΙ  Ε.Σ.Υ,,,,no sponsor block
Ψ1ΙΤ4690ΒΤ-Σ00,2023-11-28,ΤΑΚΤΙΚΕΣ ΕΦΗΜΕΡΙΕΣ  ΟΚΤΩΒΡΙΟΥ    /2023   ΑΓΡΟΤΙΚΟΙ ΓΙΑΤΡΟΙ,,,,no sponsor block
ΨΛ8Τ4690ΒΤ-ΖΙΤ,2023-11-28,ΤΑΚΤΙΚΕΣ ΕΦΗΜΕΡΙΕΣ  ΟΚΤΩΒΡΙΟΥ    /2023 ΓΙΑΤΡΟΙ Ε.Σ.Υ  ΕΙΔ/ΝΟΙ,,,,no sponsor block
ΨΓΔ34690ΒΤ-ΘΣΔ,2023-11-28,ΤΑΚΤΙΚΕΣ ΕΦΗΜΕΡΙΕΣ  ΟΚΤΩΒΡΙΟΥ    /2023 ΓΙΑΤΡΟΙ Ε.Σ.Υ,,,,no sponsor block
6Ι5Υ4690ΒΤ-ΠΩ0,2023-11-23,ΤΑΚΤΙΚΗ ΜΙΣΘΟΔΟΣΙΑ ΜΕΤΑΠ/ΤΕΩΝ  ΝΟΕΜΒΡΙΟΥ  /2023 ΝΕΟΠΡΟΣΛΑΜΒΑΝΟΜΕΝΟΙ   Ο.Α.Ε.Δ ( 55-67 ),,,,no sponsor block
ΩΖ1Ξ4690ΒΤ-ΗΡ0,2023-11-23,ΤΑΚΤΙΚΗ ΜΙΣΘΟΔΟΣΙΑ ΜΕΤΑΠ/ΤΕΩΝ  ΝΟΕΜΒΡΙΟΥ  /2023 ΝΕΟΠΡΟΣΛΑΜΒΑΝΟΜΕΝΟΙ   Ο.Α.Ε.Δ ( 55-67 ),,,,no sponsor block
6Η5Ω4690ΒΤ-0Γ9,2023-11-23,ΤΑΚΤΙΚΗ ΜΙΣΘΟΔΟΣΙΑ ΜΕΤΑΠ/ΤΕΩΝ  ΝΟΕΜΒΡΙΟΥ  /2023 ΑΜΙΣΘΟΙ ΤΕΕ ΤΟΥ Ψ/Τ,,,,no sponsor block
9ΤΞΨ4690ΒΤ-Σ4Ω,2023-11-23,ΤΑΚΤΙΚΗ ΜΙΣΘΟΔΟΣΙΑ ΜΕΤΑΠ/ΤΕΩΝ  ΝΟΕΜΒΡΙΟΥ  /2023  ΑΜΙΣΘΟΙ ΤΕΕ ( ΔΙΕΚ ),,,,no sponsor block
ΨΟ484690ΒΤ-ΣΛΖ,2023-11-23,ΤΑΚΤΙΚΗ ΜΙΣΘΟΔΟΣΙΑ ΜΕΤΑΠ/ΤΕΩΝ  ΟΚΤΩΒΡΙΟΥ  /2023  ΑΜΙΣΘΟΙ ΤΕΕ ( ΕΠΑΛ ),,,,no sponsor block
65Β44690ΒΤ-8Ω9,2023-11-23,ΤΑΚΤΙΚΗ ΜΙΣΘΟΔΟΣΙΑ ΜΕΤΑΠ/ΤΕΩΝ  ΝΟΕΜΒΡΙΟΥ  /2023 ΕΠΙΚΟΥΡΙΚΟΙ  Ε.Σ.Υ,,,,no sponsor block
694Υ4690ΒΤ-ΖΓΓ,2023-11-23,ΤΑΚΤΙΚΗ ΜΙΣΘΟΔΟΣΙΑ ΜΕΤΑΠ/ΤΕΩΝ  ΝΟΕΜΒΡΙΟΥ  /2023 ΕΠΙΣΤΗΜΟΝΙΚΟ ΠΡΟΣΩΠΙΚΟ,,,,no sponsor block
ΨΦΡ94690ΒΤ-26Ω,2023-11-23,ΤΑΚΤΙΚΗ ΜΙΣΘΟΔΟΣΙΑ ΜΕΤΑΠ/ΤΕΩΝ  ΝΟΕΜΒΡΙΟΥ  /2023 ΕΠΙΚΟΥΡΙΚΟ ΠΡΟΣΩΠΙΚΟ ΑΝΑΔΡΟΜΙΚΑ,,,,no sponsor block
9ΛΦΔ4690ΒΤ-2ΚΦ,2023-11-23,ΤΑΚΤΙΚΗ ΜΙΣΘΟΔΟΣΙΑ ΜΕΤΑΠ/ΤΕΩΝ  ΝΟΕΜΒΡΙΟΥ  /2023 ΕΠΙΚΟΥΡΙΚΟ ΠΡΟΣΩΠΙΚΟ ΤΡΙΜΗΝΑ  COVID,,,,no sponsor block
ΨΨΠΦ4690ΒΤ-Υ4Η,2023-11-23,ΤΑΚΤΙΚΗ ΜΙΣΘΟΔΟΣΙΑ ΜΕΤΑΠ/ΤΕΩΝ  ΝΟΕΜΒΡΙΟΥ  /2023 ΕΠΙΚΟΥΡΙΚΟΙ  Ε.Σ.Υ,,,,no sponsor block
ΨΞ2Β4690ΒΤ-7ΚΟ,2023-11-22,ΤΑΚΤΙΚΗ ΜΙΣΘΟΔΟΣΙΑ ΜΕΤΑΠ/ΤΕΩΝ  ΝΟΕΜΒΡΙΟΥ  /2023 ΕΠΙΚΟΥΡΙΚΟ ΠΡΟΣΩΠΙΚΟ  ΠΔΕ-ΕΣΠΑ                  ΥΠΟΕΡΓΟ 45 /Ο.Π.Σ 5211682,,,,no sponsor block
60134690ΒΤ-ΜΥΒ,2023-11-22,ΜΙΣΘΟΛΟΓΙΚΗ ΚΑΤΑΣΤΑΣΗ  ΙΑΤΡΩΝ  ΑΠΕΙΚΟΝΙΣΤΙΚΟΥ ΕΡΓΑΣΤΗΡΙΟΥ ΟΚΤΩΒΡΙΟΣ /2023,,,,no sponsor block
ΨΘΑΟ4690ΒΤ-ΓΙΖ,2023-11-22,ΜΙΣΘΟΛΟΓΙΚΗ ΚΑΤΑΣΤΑΣΗ  ΙΑΤΡΩΝ  ΑΠΕΙΚΟΝΙΣΤΙΚΟΥ ΕΡΓΑΣΤΗΡΙΟΥ ΟΚΤΩΒΡΙΟΣ /2023,,,,no sponsor block
9ΒΦ44690ΒΤ-ΨΞΘ,2023-11-22,ΠΛΗΡΩΜΗ ΠΡΟΣΩΠΙΚΟΥ ΑΠΟ ΤΗΝ ΟΛΟΗΜΕΡΗ ΛΕΙΤΟΥΡΓΙΑ ΤΟΥ ΝΟΣΟΚΟΜΕΙΟΥ  ΜΗΝΟΣ  ΟΚΤΩΒΡΙΟΥ /2023,,,,no sponsor block
9ΛΠΧ4690ΒΤ-Ρ44,2023-11-22,ΠΛΗΡΩΜΗ ΙΑΤΡΩΝ ΑΠΟ ΤΗΝ ΟΛΟΗΜΕΡΗ ΛΕΙΤΟΥΡΓΙΑ ΤΟΥ ΝΟΣΟΚΟΜΕΙΟΥ  ΜΗΝΟΣ  ΟΚΤΩΒΡΙΟΥ /2023,,,,no sponsor block
Ψ79Τ4690ΒΤ-4Β4,2023-11-15,ΓΙΑ ΤΗΝ ΑΞΙΑ ΠΛΗΡΩΜΗΣ ΟΔΟΙΠΟΡΙΚΩΝ ΕΞΟΔΩΝ & ΗΜΕΡΗΣΙΑΣ ΑΠΟΖΗΜΙΩΣΗΣ ΥΠΑΛΛΗΛΩΝ ΤΟΥ Γ.Ν .ΚΑΤΕΡΙΝΗΣ,,,,no sponsor block
6ΛΚΩ4690ΒΤ-ΗΩΩ,2023-11-15,Είσπραξη ενοικίου  μηνός  Νοεμβρίου /2023  του ξενώνα Δύσκολων Ασθενών του Ψ/Τομέα   ( 1ο Χ.Ε.679/2021 ) CPV 70310000-7,999825956,ΓΕΝΙΚΟ ΚΡΑΤΙΚΟ ΝΟΣΟΚΟΜΕΙΟ ΚΑΤΕΡΙΝΗΣ,705.00,self-referential (payroll/EFKA/FMY remittance)
6ΠΝΖ4690ΒΤ-ΓΒΣ,2023-11-15,ΠΡΟΣΘΕΤΕΣ ΑΜΟΙΒΕΣ  ΣΕΠΤΕΜΒΡΙΟΥ  /2023 12 ΜΗΝΑ Ο.Α.Ε.Δ ΔΗΜ.ΠΡΟΣΚΛΗΣΗ  Νο  10/2017,,,,no sponsor block
6ΟΘΥ4690ΒΤ-Δ3Η,2023-11-15,ΠΡΟΣΘΕΤΕΣ ΑΜΟΙΒΕΣ  ΣΕΠΤΕΜΒΡΙΟΥ  /2023     12 ΜΗΝΑ ΟΑΕΔ  ΔΗΜ.ΠΡΟΣΚΛΗΣΗ       Νο 13/2016,,,,no sponsor block
6ΥΘΧ4690ΒΤ-ΥΛΟ,2023-11-15,ΤΑΚΤΙΚΗ ΜΙΣΘΟΔΟΣΙΑ  ΟΚΤΩΒΡΙΟΥ  /2023 12 ΜΗΝΑ Ο.Α.Ε.Δ   ΔΗΜ.ΠΡΟΣΚΛΗΣΗ    Νο 10/2017,,,,no sponsor block
66ΞΓ4690ΒΤ-ΕΑ5,2023-11-15,ΤΑΚΤΙΚΗ  ΜΙΣΘΟΔΟΣΙΑ  ΟΚΤΩΒΡΙΟΥ  /2023      12 ΜΗΝΑ ΟΑΕΔ  ΔΗΜ.ΠΡΟΣΚΛΗΣΗ       Νο 13/2016,,,,no sponsor block
9Ρ9Λ4690ΒΤ-ΦΧ2,2023-11-15,Υπηρεσίες ασφάλισης δεκαεπτά  μηχανοκίνητων οχημάτων.  cpv 66514110-0,999825956,ΓΕΝΙΚΟ ΚΡΑΤΙΚΟ ΝΟΣΟΚΟΜΕΙΟ ΚΑΤΕΡΙΝΗΣ,2828.00,self-referential (payroll/EFKA/FMY remittance)
651Β4690ΒΤ-626,2023-11-01,ΜΙΣΘΟΛΟΓΙΚΗ ΚΑΤΑΣΤΑΣΗ  ΙΑΤΡΩΝ  ΑΠΕΙΚΟΝΙΣΤΙΚΟΥ ΕΡΓΑΣΤΗΡΙΟΥ ΙΟΥΛΙΟΥ /2023,,,,no sponsor block
ΨΑΣ34690ΒΤ-Χ00,2023-10-19,ΜΙΣΘΟΛΟΓΙΚΗ ΚΑΤΑΣΤΑΣΗ  ΙΑΤΡΩΝ  ΑΠΕΙΚΟΝΙΣΤΙΚΟΥ ΕΡΓΑΣΤΗΡΙΟΥ ΔΕΚΕΜΒΡΙΟΣ /2022 ΕΩΣ ΙΟΥΝΙΟΣ/2023,,,,no sponsor block
9ΣΞΣ4690ΒΤ-8Ν1,2023-10-19,ΜΙΣΘΟΛΟΓΙΚΗ ΚΑΤΑΣΤΑΣΗ ΤΕΧΝΟΛΟΓΩΝ ΑΠΕΙΚΟΝΙΣΤΙΚΟΥ ΕΡΓΑΣΤΗΡΙΟΥ ΔΕΚΕΜΒΡΙΟΣ /2022 ΕΩΣ ΙΟΥΝΙΟΣ/2023 ( ΕΚΤΟΣ ΜΑΙΟΥ ),,,,no sponsor block
ΨΧΘΣ4690ΒΤ-9ΒΦ,2023-10-30,ΠΡΟΣΘΕΤΕΣ ΕΦΗΜΕΡΙΕΣ ΙΟΥΝΙΟΥ/2023   ΓΙΑΤΡΟΙ   Ε.Σ.Υ  ΤΟΥ Κ.Ψ.ΥΓΕΙΑΣ,,,,no sponsor block
ΩΧ6Ψ4690ΒΤ-Λ9Β,2023-10-30,ΠΡΟΣΘΕΤΕΣ ΕΦΗΜΕΡΙΕΣ ΙΟΥΝΙΟΥ/2023   ΓΙΑΤΡΟΙ   Ε.Σ.Υ  ΕΙΔΙΚ/ΝΟΙ  ΤΟΥ Ψ/Τ,,,,no sponsor block
6ΕΡΛ4690ΒΤ-Ψ0Π,2023-10-30,ΠΡΟΣΘΕΤΕΣ ΕΦΗΜΕΡΙΕΣ ΙΟΥΝΙΟΥ/2023   ΓΙΑΤΡΟΙ   Ε.Σ.Υ  ΤΟΥ Ψ/Τ,,,,no sponsor block
9Γ954690ΒΤ-3Σ6,2023-10-30,ΠΡΟΣΘΕΤΕΣ ΕΦΗΜΕΡΙΕΣ ΙΟΥΝΙΟΥ/2023  ΓΙΑΤΡΟΙ  Ε.Σ.Υ,,,,no sponsor block
6ΘΤΒ4690ΒΤ-ΝΨΑ,2023-10-30,ΠΡΟΣΘΕΤΕΣ ΕΦΗΜΕΡΙΕΣ ΙΟΥΝΙΟΥ/2023  ΓΙΑΤΡΟΙ   Ε.Σ.Υ ΕΙΔΙΚ/ΝΟΙ,,,,no sponsor block
Ψ9ΝΠ4690ΒΤ-ΑΑΞ,2023-10-30,ΠΡΟΣΘΕΤΕΣ ΕΦΗΜΕΡΙΕΣ ΙΟΥΝΙΟΥ/2023  ΕΠΙΚΟΥΡΙΚΟΙ  Ε.Σ.Υ,,,,no sponsor block
ΨΩΟΟ4690ΒΤ-Ε06,2023-10-30,ΠΡΟΣΘΕΤΕΣ ΕΦΗΜΕΡΙΕΣ ΙΟΥΝΙΟΥ/2023  ΕΠΙΚΟΥΡΙΚΟΙ  Ε.Σ.Υ,,,,no sponsor block
Ψ8ΣΙ4690ΒΤ-ΔΦΝ,2023-10-30,ΠΛΗΡΩΜΗ ΠΡΟΣΩΠΙΚΟΥ ΑΠΟ ΤΗΝ ΟΛΟΗΜΕΡΗ ΛΕΙΤΟΥΡΓΙΑ ΤΟΥ ΝΟΣΟΚΟΜΕΙΟΥ  ΜΗΝΟΣ ΣΕΠΤΕΜΒΡΙΟΥ/2023,,,,no sponsor block
ΨΑΥΛ4690ΒΤ-5ΨΗ,2023-10-30,ΠΛΗΡΩΜΗ ΙΑΤΡΩΝ ΑΠΟ ΤΗΝ ΟΛΟΗΜΕΡΗ ΛΕΙΤΟΥΡΓΙΑ ΤΟΥ ΝΟΣΟΚΟΜΕΙΟΥ  ΜΗΝΟΣ ΣΕΠΤΕΜΒΡΙΟΥ/2023,,,,no sponsor block
ΨΠΣΘ4690ΒΤ-ΕΘ3,2023-10-30,ΜΙΣΘΟΛΟΓΙΚΗ ΚΑΤΑΣΤΑΣΗ  ΙΑΤΡΩΝ  ΑΠΕΙΚΟΝΙΣΤΙΚΟΥ ΕΡΓΑΣΤΗΡΙΟΥ ΣΕΠΤΕΜΒΡΙΟΣ/2023,,,,no sponsor block
Ψ2Χ24690ΒΤ-64Τ,2023-10-24,ΠΡΟΣΘΕΤΕΣ ΑΜΟΙΒΕΣ  ΣΕΠΤΕΜΒΡΙΟΥ/2023  ΕΠΙΚΟΥΡΙΚΟ  ΠΡΟΣΩΠΙΚΟ ΤΟΥ Κ.Ψ.ΥΓΕΙΑΣ,,,,no sponsor block
6Ι7Χ4690ΒΤ-ΒΝΤ,2023-10-24,ΑΠΟΖΗΜΙΩΣΗ ΕΦΗΜΕΡΙΩΝ ΣΕΠΤΕΜΒΡΙΟΥ/2023  ΕΠΙΣΤΗΜΟΝΙΚΟ ΠΡΟΣΩΠΙΚΟ ΤΟΥ Ψ/Τ  Ι.Δ  Ν.Δ 1057/80,,,,no sponsor block
ΩΝΞ04690ΒΤ-ΥΛΨ,2023-10-24,ΑΠΟΖΗΜΙΩΣΗ ΕΦΗΜΕΡΙΩΝ ΣΕΠΤΕΜΒΡΙΟΥ/2023  ΕΠΙΣΤΗΜΟΝΙΚΟ ΠΡΟΣΩΠΙΚΟ ΤΟΥ Ψ/Τ,,,,no sponsor block
6ΘΟΩ4690ΒΤ-4ΙΔ,2023-10-24,ΑΠΟΖΗΜΙΩΣΗ ΕΦΗΜΕΡΙΩΝ ΣΕΠΤΕΜΒΡΙΟΥ/2023  ΕΠΙΣΤΗΜΟΝΙΚΟ ΠΡΟΣΩΠΙΚΟ ΤΟΥ Κ.Ψ.ΥΓΕΙΑΣ,,,,no sponsor block
Ψ0124690ΒΤ-Ι6Ψ,2023-10-24,ΠΡΟΣΘΕΤΕΣ ΑΜΟΙΒΕΣ  ΣΕΠΤΕΜΒΡΙΟΥ /2023  ΤΕΧΝΙΚΟ  ΠΡΟΣΩΠΙΚΟ ΤΟΥ Ψ/Τ,,,,no sponsor block
ΨΓ324690ΒΤ-ΜΓΘ,2023-10-24,ΠΡΟΣΘΕΤΕΣ ΑΜΟΙΒΕΣ  ΣΕΠΤΕΜΒΡΙΟΥ /2023  ΜΟΝΙΜΟ-ΔΟΚΙΜΟ ΒΟΗΘ.  ΠΡΟΣΩΠΙΚΟ ΤΟΥ Ψ/Τ,,,,no sponsor block
Ψ0ΔΩ4690ΒΤ-ΗΔΩ,2023-10-24,ΠΡΟΣΘΕΤΕΣ ΑΜΟΙΒΕΣ  ΣΕΠΤΕΜΒΡΙΟΥ /2023    ΠΡΟΣΩΠΙΚΟ  ΕΠΙ ΣΧΕΣΕΙ ΕΡΓΑΣΙΑΣ Ι.Δ.Α.Χ ΤΟΥ Ψ/Τ,,,,no sponsor block
6ΝΥΩ4690ΒΤ-Ω2Λ,2023-10-24,ΠΡΟΣΘΕΤΕΣ ΑΜΟΙΒΕΣ  ΣΕΠΤΕΜΒΡΙΟΥ /2023  ΝΟΣΗΛΕΥΤΙΚΟ  ΠΡΟΣΩΠΙΚΟ  Ν.Δ  1057/80   ΤΟΥ Ψ/Τ,,,,no sponsor block
6ΡΓ14690ΒΤ-Ζ9Ω,2023-10-24,ΠΡΟΣΘΕΤΕΣ ΑΜΟΙΒΕΣ  ΣΕΠΤΕΜΒΡΙΟΥ /2023  ΕΠΙΚΟΥΡΙΚΟ   ΠΡΟΣΩΠΙΚΟ ΤΟΥ Ψ/Τ,,,,no sponsor block
6ΑΡ24690ΒΤ-ΡΤ2,2023-10-24,ΠΡΟΣΘΕΤΕΣ ΑΜΟΙΒΕΣ  ΣΕΠΤΕΜΒΡΙΟΥ /2023  ΝΟΣΗΛΕΥΤΙΚΟ  ΠΡΟΣΩΠΙΚΟ ΤΟΥ Ψ/Τ,,,,no sponsor block
66Μ74690ΒΤ-44Ζ,2023-10-24,ΑΠΟΖΗΜΙΩΣΗ ΕΦΗΜΕΡΙΩΝ ΣΕΠΤΕΜΒΡΙΟΥ/2023  ΕΠΙΣΤΗΜΟΝΙΚΟ ΠΡΟΣΩΠΙΚΟ,,,,no sponsor block
6ΠΑΠ4690ΒΤ-ΣΘΟ,2023-10-24,ΑΠΟΖΗΜΙΩΣΗ ΕΦΗΜΕΡΙΩΝ ΣΕΠΤΕΜΒΡΙΟΥ/2023  ΕΠΙΣΤΗΜΟΝΙΚΟ ΠΡΟΣΩΠΙΚΟ,,,,no sponsor block
6ΒΩ44690ΒΤ-ΝΞΟ,2023-10-24,ΠΡΟΣΘΕΤΕΣ ΑΜΟΙΒΕΣ  ΣΕΠΤΕΜΒΡΙΟΥ /2023 ΝΕΟΠΡΟΣΛΑΜΒΑΝΟΜΕΝΟΙ,,,,no sponsor block
Ψ3ΛΓ4690ΒΤ-ΣΟ4,2023-10-24,ΠΡΟΣΘΕΤΕΣ ΑΜΟΙΒΕΣ  ΣΕΠΤΕΜΒΡΙΟΥ /2023  ΑΠΟΣΠΑΣΜΕΝΟΙ,,,,no sponsor block
93ΜΛ4690ΒΤ-ΝΔΣ,2023-10-24,ΠΡΟΣΘΕΤΕΣ ΑΜΟΙΒΕΣ  ΣΕΠΤΕΜΒΡΙΟΥ /2023  ΔΙΟΙΚΗΤΙΚΟ   ΠΡΟΣΩΠΙΚΟ,,,,no sponsor block
6Φ3Β4690ΒΤ-ΖΟΞ,2023-10-24,ΠΡΟΣΘΕΤΕΣ ΑΜΟΙΒΕΣ  ΣΕΠΤΕΜΒΡΙΟΥ /2023   ΠΡΟΣΩΠΙΚΟ  Ι.Δ   Ν.2470/96,,,,no sponsor block
6ΒΙΕ4690ΒΤ-ΙΘ1,2023-10-24,ΠΡΟΣΘΕΤΕΣ ΑΜΟΙΒΕΣ  ΣΕΠΤΕΜΒΡΙΟΥ /2023  ΠΡΟΣΩΠΙΚΟ  ΕΠΙ ΣΧΕΣΕΙ ΕΡΓΑΣΙΑΣ Ι.Δ.Α.Χ,,,,no sponsor block
6ΩΟ94690ΒΤ-Ε3Λ,2023-10-24,ΠΡΟΣΘΕΤΕΣ ΑΜΟΙΒΕΣ  ΣΕΠΤΕΜΒΡΙΟΥ /2023 ΜΟΝΙΜΟ-ΔΟΚΙΜΟ    ΠΡΟΣΩΠΙΚΟ  ΕΙΔ. ΘΕΣΕΩΝ,,,,no sponsor block
68ΓΣ4690ΒΤ-ΖΛ1,2023-10-24,ΠΡΟΣΘΕΤΕΣ ΑΜΟΙΒΕΣ  ΣΕΠΤΕΜΒΡΙΟΥ /2023 ΜΟΝΙΜΟ-ΔΟΚΙΜΟ ΒΟΗΘ.   ΠΡΟΣΩΠΙΚΟ,,,,no sponsor block
90ΣΕ4690ΒΤ-ΩΑΣ,2023-10-24,ΠΡΟΣΘΕΤΕΣ ΑΜΟΙΒΕΣ  ΣΕΠΤΕΜΒΡΙΟΥ   /2023  ΕΠΙΚΟΥΡΙΚΟ  ΠΡΟΣΩΠΙΚΟ ΤΡΙΜΗΝΟ,,,,no sponsor block
ΩΖΡΓ4690ΒΤ-ΝΝΚ,2023-10-24,ΠΡΟΣΘΕΤΕΣ ΑΜΟΙΒΕΣ  ΣΕΠΤΕΜΒΡΙΟΥ /2023 ΕΠΙΚΟΥΡΙΚΟ  ΠΡΟΣΩΠΙΚΟ,,,,no sponsor block
99ΔΣ4690ΒΤ-ΙΥΙ,2023-10-24,ΠΡΟΣΘΕΤΕΣ ΑΜΟΙΒΕΣ  ΣΕΠΤΕΜΒΡΙΟΥ   /2023 ΝΟΣΗΛΕΥΤΙΚΟ ΠΡΟΣΩΠΙΚΟ,,,,no sponsor block
6ΦΞΝ4690ΒΤ-Θ1Ω,2023-10-24,ΤΑΚΤΙΚΕΣ ΕΦΗΜΕΡΙΕΣ  ΣΕΠΤΕΜΒΡΙΟΥ   /2023 ΓΙΑΤΡΟΙ Ε.Σ.Υ  ΤΟΥ Ψ/Τ,,,,no sponsor block
6ΒΕ24690ΒΤ-ΒΗΔ,2023-10-24,ΤΑΚΤΙΚΕΣ ΕΦΗΜΕΡΙΕΣ  ΣΕΠΤΕΜΒΡΙΟΥ   /2023 ΓΙΑΤΡΟΙ Ε.Σ.Υ   ΤΟΥ Κ.Ψ.ΥΓΕΙΑΣ,,,,no sponsor block
ΨΜ8Θ4690ΒΤ-6Α8,2023-10-24,ΤΑΚΤΙΚΕΣ ΕΦΗΜΕΡΙΕΣ  ΣΕΠΤΕΜΒΡΙΟΥ   /2023  ΕΠΙΚΟΥΡΙΚΟΙ  Ε.Σ.Υ,,,,no sponsor block
ΨΘΔΤ4690ΒΤ-7ΜΤ,2023-10-24,ΤΑΚΤΙΚΕΣ ΕΦΗΜΕΡΙΕΣ  ΣΕΠΤΕΜΒΡΙΟΥ   /2023   ΕΠΙΚΟΥΡΙΚΟΙ  Ε.Σ.Υ,,,,no sponsor block
ΨΗΧΑ4690ΒΤ-6Σ0,2023-10-24,ΤΑΚΤΙΚΕΣ ΕΦΗΜΕΡΙΕΣ  ΣΕΠΤΕΜΒΡΙΟΥ   /2023 ΓΙΑΤΡΟΙ Ε.Σ.Υ  ΕΙΔΙΚ/ΝΟΙ,,,,no sponsor block
6ΕΑΜ4690ΒΤ-ΝΓΘ,2023-10-24,ΤΑΚΤΙΚΕΣ ΕΦΗΜΕΡΙΕΣ  ΣΕΠΤΕΜΒΡΙΟΥ   /2023  ΑΓΡΟΤΙΚΟΙ ΓΙΑΤΡΟΙ,,,,no sponsor block
ΨΠΒ94690ΒΤ-2Δ1,2023-10-24,ΤΑΚΤΙΚΕΣ ΕΦΗΜΕΡΙΕΣ  ΣΕΠΤΕΜΒΡΙΟΥ   /2023 ΓΙΑΤΡΟΙ Ε.Σ.Υ,,,,no sponsor block
6ΖΒ64690ΒΤ-723,2023-10-24,ΤΑΚΤΙΚΕΣ ΕΦΗΜΕΡΙΕΣ  ΣΕΠΤΕΜΒΡΙΟΥ   /2023 ΓΙΑΤΡΟΙ Ε.Σ.Υ  ΕΙΔΙΚ/ΝΟΙ ΤΟΥ Ψ/Τ,,,,no sponsor block
9ΒΙΑ4690ΒΤ-4ΨΔ,2023-10-24,ΤΑΚΤΙΚΗ ΜΙΣΘΟΔΟΣΙΑ ΜΕΤΑΠ/ΤΕΩΝ  ΟΚΤΩΒΡΙΟΥ  /2023  ΕΠΙΚΟΥΡΙΚΟΙ Ε.Σ.Υ,,,,no sponsor block
6ΡΥΦ4690ΒΤ-9ΧΚ,2023-10-24,ΤΑΚΤΙΚΗ ΜΙΣΘΟΔΟΣΙΑ ΜΕΤΑΠ/ΤΕΩΝ  ΟΚΤΩΒΡΙΟΥ  /2023  ΝΕΟΠΡΟΣΛΑΜΒΑΝΟΜΕΝΟΙ,,,,no sponsor block
6ΗΥΨ4690ΒΤ-ΨΤΦ,2023-10-24,ΑΝΑΔΡΟΜΙΚΑ ΟΑΕΔ ΝΕΟΠΡΟΣΛΑΜΒΑΝΟΜΕΝΟΙ,,,,no sponsor block
64Κ74690ΒΤ-ΒΥΛ,2023-10-24,ΤΑΚΤΙΚΗ ΜΙΣΘΟΔΟΣΙΑ ΜΕΤΑΠ/ΤΕΩΝ  ΟΚΤΩΒΡΙΟΥ  /2023  ΝΕΟΠΡΟΣΛΑΜΒΑΝΟΜΕΝΟΙ,,,,no sponsor block
Ρ90Τ4690ΒΤ-ΓΡ5,2023-10-24,ΤΑΚΤΙΚΗ ΜΙΣΘΟΔΟΣΙΑ ΜΕΤΑΠ/ΤΕΩΝ  OKTΩΒΡΙΟΥ   /2023  ΑΜΙΣΘΟΙ ΤΕΕ  ( ΔΙΕΚ ),,,,no sponsor block
ΨΟ4Ξ4690ΒΤ-5ΧΗ,2023-10-24,ΤΑΚΤΙΚΗ ΜΙΣΘΟΔΟΣΙΑ ΜΕΤΑΠ/ΤΕΩΝ  ΣΕΠΤΕΜΒΡΙΟΥ  /2023  ΑΜΙΣΘΟΙ ΤΕΕ ( ΕΠΑΛ ),,,,no sponsor block
ΨΦ1Ε4690ΒΤ-ΑΝΑ,2023-10-24,ΤΑΚΤΙΚΗ ΜΙΣΘΟΔΟΣΙΑ ΜΕΤΑΠ/ΤΕΩΝ  ΟΚΤΩΒΡΙΟΥ  /2023 ΣΠΟΥΔΑΣΤΕΣ ΠΟΥ ΑΣΚΟΥΝΤΑΙ,,,,no sponsor block
9ΔΚΠ4690ΒΤ-ΜΔΗ,2023-10-24,ΤΑΚΤΙΚΗ ΜΙΣΘΟΔΟΣΙΑ ΜΕΤΑΠ/ΤΕΩΝ  ΟΚΤΩΒΡΙΟΥ  /2023 ΕΠΙΚΟΥΡΙΚΟΙ   Ε.Σ.Υ,,,,no sponsor block
ΨΟΗ64690ΒΤ-ΚΨ3,2023-10-24,ΤΑΚΤΙΚΗ ΜΙΣΘΟΔΟΣΙΑ ΜΕΤΑΠ/ΤΕΩΝ  ΟΚΤΩΒΡΙΟΥ  /2023 ΕΠΙΚΟΥΡΙΚΟ ΠΡΟΣΩΠΙΚΟ  ΤΡΙΜΗΝΑ COVID,,,,no sponsor block
9ΖΜΓ4690ΒΤ-Δ0Π,2023-10-24,ΤΑΚΤΙΚΗ ΜΙΣΘΟΔΟΣΙΑ ΜΕΤΑΠ/ΤΕΩΝ  ΟΚΤΩΒΡΙΟΥ  /2023 ΕΠΙΣΤΗΜΟΝΙΚΟ  ΠΡΟΣΩΠΙΚΟ,,,,no sponsor block
ΨΧΓ84690ΒΤ-Ν04,2023-10-24,ΤΑΚΤΙΚΗ ΜΙΣΘΟΔΟΣΙΑ ΜΕΤΑΠ/ΤΕΩΝ  ΟΚΤΩΒΡΙΟΥ  /2023 ΕΠΙΚΟΥΡΙΚΟ ΠΡΟΣΩΠΙΚΟ,,,,no sponsor block
ΩΝ5Θ4690ΒΤ-Ζ36,2023-10-26,ΤΑΚΤΙΚΕΣ ΕΦΗΜΕΡΙΕΣ 4ου-5ου-6ου-7ου-8ου-9ου/2023  που εκκαθαρίζονται σύμφωνα με το ΑΡ.90 του Ν.4850/21 ΓΙΑΤΡΟΙ Ε.Σ.Υ,,,,no sponsor block
6Β3Λ4690ΒΤ-ΤΑ5,2023-10-19,ΜΙΣΘΟΛΟΓΙΚΗ ΚΑΤΑΣΤΑΣΗ ΤΕΧΝΟΛΟΓΩΝ ΑΠΕΙΚΟΝΙΣΤΙΚΟΥ ΕΡΓΑΣΤΗΡΙΟΥ ΜΑΙΟΣ /2023,,,,no sponsor block
Ω8Θ24690ΒΤ-ΘΤΑ,2023-10-24,ΠΡΟΣΘΕΤΕΣ ΑΜΟΙΒΕΣ  ΣΕΠΤΕΜΒΡΙΟΥ  /2023 ΕΠΙΚΟΥΡΙΚΟ ΠΡΟΣΩΠΙΚΟ  ΠΔΕ-ΕΣΠΑ ΥΠΟΕΡΓΟ 45 /Ο.Π.Σ 5211682,,,,no sponsor block
ΨΓΝΥ4690ΒΤ-Β1Θ,2023-10-24,ΤΑΚΤΙΚΗ ΜΙΣΘΟΔΟΣΙΑ ΜΕΤΑΠ/ΤΕΩΝ  ΟΚΤΩΒΡΙΟΥ  /2023 ΕΠΙΚΟΥΡΙΚΟ ΠΡΟΣΩΠΙΚΟ  ΠΔΕ-ΕΣΠΑ    ΥΠΟΕΡΓΟ 45 /Ο.Π.Σ 5211682,,,,no sponsor block
68ΜΩ4690ΒΤ-ΒΛ6,2023-10-13,ΓΙΑ ΤΗΝ ΑΞΙΑ ΠΛΗΡΩΜΗΣ ΟΔΟΙΠΟΡΙΚΩΝ ΕΞΟΔΩΝ & ΗΜΕΡΗΣΙΑΣ ΑΠΟΖΗΜΙΩΣΗΣ ΥΠΑΛΛΗΛΩΝ ΤΟΥ Γ.Ν .ΚΑΤΕΡΙΝΗΣ,,,,no sponsor block
Ψ2ΟΘ4690ΒΤ-3ΟΤ,2023-10-17,ΠΡΟΣΘΕΤΕΣ ΑΜΟΙΒΕΣ  ΑΥΓΟΥΣΤΟΥ  /2023 12 ΜΗΝΑ Ο.Α.Ε.Δ ΔΗΜ.ΠΡΟΣΚΛΗΣΗ  Νο  10/2017,,,,no sponsor block
ΨΓΝΑ4690ΒΤ-400,2023-10-17,ΠΡΟΣΘΕΤΕΣ ΑΜΟΙΒΕΣ  ΑΥΓΟΥΣΤΟΥ   /2023     12 ΜΗΝΑ ΟΑΕΔ  ΔΗΜ.ΠΡΟΣΚΛΗΣΗ       Νο 13/2016,,,,no sponsor block
ΩΝ0Ζ4690ΒΤ-ΚΓΛ,2023-10-17,ΤΑΚΤΙΚΗ ΜΙΣΘΟΔΟΣΙΑ  ΣΕΠΤΕΜΒΡΙΟΥ  /2023 12 ΜΗΝΑ Ο.Α.Ε.Δ   ΔΗΜ.ΠΡΟΣΚΛΗΣΗ    Νο 10/2017,,,,no sponsor block
9ΘΗΑ4690ΒΤ-7ΧΦ,2023-10-17,ΤΑΚΤΙΚΗ  ΜΙΣΘΟΔΟΣΙΑ  ΣΕΠΤΡΜΒΡΙΟΥ  /2023      12 ΜΗΝΑ ΟΑΕΔ  ΔΗΜ.ΠΡΟΣΚΛΗΣΗ       Νο 13/2016,,,,no sponsor block
6ΔΙΑ4690ΒΤ-Υ1Ω,2023-10-12,ΓΙΑ ΤΗΝ ΑΞΙΑ ΠΛΗΡΩΜΗΣ ΟΔΟΙΠΟΡΙΚΩΝ ΕΞΟΔΩΝ & ΗΜΕΡΗΣΙΑΣ ΑΠΟΖΗΜΙΩΣΗΣ ΥΠΑΛΛΗΛΩΝ ΤΟΥ Γ.Ν .ΚΑΤΕΡΙΝΗΣ,,,,no sponsor block
92ΠΧ4690ΒΤ-5Ξ0,2023-10-12,ΓΙΑ ΤΗΝ ΑΞΙΑ ΠΛΗΡΩΜΗΣ ΟΔΟΙΠΟΡΙΚΩΝ ΕΞΟΔΩΝ & ΗΜΕΡΗΣΙΑΣ ΑΠΟΖΗΜΙΩΣΗΣ ΥΠΑΛΛΗΛΩΝ ΤΟΥ Γ.Ν .ΚΑΤΕΡΙΝΗΣ,,,,no sponsor block
9Η204690ΒΤ-549,2023-10-03,ΠΡΟΣΘΕΤΕΣ ΕΦΗΜΕΡΙΕΣ ΜΗΝΟΣ ΜΑΪΟΥ/2023 ΓΙΑΤΡΟΙ Ε.Σ.Υ. ΤΟΥ Ψ/Τ,,,,no sponsor block
6ΩΧ94690ΒΤ-ΙΙΨ,2023-10-03,ΠΡΟΣΘΕΤΕΣ ΕΦΗΜΕΡΙΕΣ ΜΗΝΟΣ ΜΑΪΟΥ/2023 ΓΙΑΤΡΟΙ Ε.Σ.Υ. ΕΙΔΙΚ/ΝΟΙ ΤΟΥ Ψ/Τ,,,,no sponsor block
6Η6Ξ4690ΒΤ-ΟΑΣ,2023-10-03,ΠΡΟΣΘΕΤΕΣ ΕΦΗΝΕΡΙΕΣ ΜΗΝΟΣ ΜΑΪΟΥ/2023 ΓΙΑΤΡΟΙ Ε.Σ.Υ. ΕΙΔΙΚ/ΝΟΙ,,,,no sponsor block
ΨΔΨ64690ΒΤ-ΖΕΦ,2023-10-03,ΠΡΟΣΘΕΤΕΣ ΕΦΗΜΕΡΙΕΣ ΜΗΝΟΣ ΜΑΪΟΥ/2023 ΕΠΙΚΟΥΡΙΚΟΙ Ε.Σ.Υ.,,,,no sponsor block
ΨΟΘ24690ΒΤ-ΜΚ2,2023-10-03,ΠΡΟΣΘΕΤΕΣ ΕΦΗΜΕΡΙΕΣ ΜΗΝΟΣ ΜΑΪΟΥ/2023 ΓΙΑΤΡΟΙ Ε.Σ.Υ.,,,,no sponsor block
ΩΧΧ94690ΒΤ-8Τ1,2023-10-03,ΠΡΟΣΘΕΤΕΣ ΕΦΗΜΕΡΙΕΣ ΜΗΝΟΣ ΜΑΪΟΥ/2023 ΕΠΙΚΟΥΡΙΚΟΙ Ε.Σ.Υ.,,,,no sponsor block
6Α894690ΒΤ-6Κ0,2023-10-03,ΠΡΟΣΘΕΤΕΣ ΕΦΗΜΕΡΙΕΣ ΜΗΝΟΣ ΑΠΡΙΛΙΟΥ/2023 ΓΙΑΤΡΟΙ Ε.Σ.Υ. ΤΟΥ Ψ/Τ,,,,no sponsor block
97414690ΒΤ-Σ32,2023-10-03,ΠΡΟΣΘΕΤΕΣ ΕΦΗΜΕΡΙΕΣ ΜΗΝΟΣ ΑΠΡΙΛΙΟΥ /2023 ΓΙΑΤΡΟΙ Ε.Σ.Υ. ΕΙΔΙΚ/ΝΟΙ ΤΟΥ Ψ/Τ,,,,no sponsor block
6ΑΧ44690ΒΤ-ΚΛΦ,2023-10-03,ΠΡΟΣΘΕΤΕΣ ΕΦΗΜΕΡΙΕΣ ΜΗΝΟΣ ΑΠΡΙΛΙΟΥ/2023 ΕΠΙΚΟΥΡΙΚΟΙ Ε.Σ.Υ.,,,,no sponsor block
ΨΨ5Κ4690ΒΤ-ΥΔ5,2023-10-03,ΠΡΟΣΘΕΤΕΣ ΕΦΗΜΕΡΙΕΣ ΜΗΝΟΣ ΑΠΡΙΛΙΟΥ/2023 ΓΙΑΤΡΟΙ Ε.Σ.Υ. ΕΙΔΙΚ/ΝΟΙ,,,,no sponsor block
ΨΛ5Ι4690ΒΤ-0ΗΜ,2023-10-03,ΠΡΟΣΘΕΤΕΣ ΕΦΗΜΕΡΙΕΣ ΜΗΝΟΣ ΑΠΡΙΛΙΟΥ/2023 ΓΙΑΤΡΟΙ .ΕΣ.Υ.,,,,no sponsor block
6ΚΚΓ4690ΒΤ-ΠΝΗ,2023-10-03,ΠΡΟΣΘΕΤΕΣ ΕΦΗΜΕΡΙΕΣ ΜΗΝΟΣ ΑΠΡΙΛΙΟΥ/2023  ΕΠΙΚΟΥΡΙΚΟΙ Ε.Σ.Υ.,,,,no sponsor block
Ψ3Δ44690ΒΤ-ΔΓΝ,2023-10-02,ΑΠΟΖΗΜΙΩΣΗ ΛΟΓΩ ΣΥΤΑΞΙΟΔΟΤΗΣΗΣ ΠΡΟΣΩΠΙΚΟΥ ΙΔΑΧ ΑΡΘΡΟ 55 Π.Δ.410/88 ΚΑΙ ΑΡΘΡΟ 21 Ν.3144/2003,,,,no sponsor block
Ψ42Υ4690ΒΤ-Λ0Ν,2023-10-02,ΑΠΟΖΗΜΙΩΣΗ ΛΟΓΩ ΣΥΝΤΑΞΙΟΔΟΤΗΣΗΣ ΠΡΟΣΩΠΙΚΟΥ ΙΔΑΧ ΑΡΘΡΟ 55 Π.Δ.410/88 ΚΑΙ ΑΡΘΟ 21 Ν.3144/2023,,,,no sponsor block
6ΔΨΟ4690ΒΤ-ΦΙ2,2023-09-27,ΠΡΟΣΘΕΤΕΣ ΑΜΟΙΒΕΣ ΑΥΓΟΥΣΤΟΥ/2023   ΠΡΟΣΩΠΙΚΟ  ΕΠΙ ΣΧΕΣΕΙ ΕΡΓΑΣΙΑΣ Ι.Δ.Α.Χ  ΤΟΥ Ψ/Τ,,,,no sponsor block
9Φ8Α4690ΒΤ-ΩΔ6,2023-09-27,ΠΡΟΣΘΕΤΕΣ ΑΜΟΙΒΕΣ ΑΥΓΟΥΣΤΟΥ/2023  ΝΟΣΗΛΕΥΤΙΚΟ  ΠΡΟΣΩΠΙΚΟ  Ν.Δ 1057/80   ΤΟΥ Ψ/Τ,,,,no sponsor block
67ΜΠ4690ΒΤ-9ΘΛ,2023-09-27,ΠΡΟΣΘΕΤΕΣ ΑΜΟΙΒΕΣ ΑΥΓΟΥΣΤΟΥ/2023  ΜΟΝΙΜΟ-ΔΟΚΙΜΟ ΒΟΗΘ.   ΠΡΟΣΩΠΙΚΟ ΤΟΥ Ψ/Τ,,,,no sponsor block
Ψ18Γ4690ΒΤ-Κ2Κ,2023-09-27,ΠΡΟΣΘΕΤΕΣ ΑΜΟΙΒΕΣ ΑΥΓΟΥΣΤΟΥ/2023  ΤΕΧΝΙΚΟ  ΠΡΟΣΩΠΙΚΟ ΤΟΥ Ψ/Τ,,,,no sponsor block
ΨΚΕΚ4690ΒΤ-0Γ1,2023-09-27,ΠΡΟΣΘΕΤΕΣ ΑΜΟΙΒΕΣ ΑΥΓΟΥΣΤΟΥ/2023  ΕΠΙΣΤΗΜΟΝΙΚΟ  ΠΡΟΣΩΠΙΚΟ ΤΟΥ Κ.Ψ.ΥΓΕΙΑΣ,,,,no sponsor block
9ΓΜΗ4690ΒΤ-Θ4Ε,2023-09-27,ΠΡΟΣΘΕΤΕΣ ΑΜΟΙΒΕΣ ΑΥΓΟΥΣΤΟΥ/2023  ΕΠΙΣΤΗΜΟΝΙΚΟ  ΠΡΟΣΩΠΙΚΟ ΤΟΥ Ψ/Τ,,,,no sponsor block
6ΜΑΞ4690ΒΤ-0ΚΑ,2023-09-27,ΠΡΟΣΘΕΤΕΣ ΑΜΟΙΒΕΣ ΑΥΓΟΥΣΤΟΥ/2023  ΕΠΙΣΤΗΜΟΝΙΚΟ  ΠΡΟΣΩΠΙΚΟ  Ι.Δ  Ν.Δ  1057/80   ΤΟΥ Ψ/Τ,,,,no sponsor block
ΨΓΠ94690ΒΤ-5ΟΘ,2023-09-27,ΠΡΟΣΘΕΤΕΣ ΑΜΟΙΒΕΣ ΑΥΓΟΥΣΤΟΥ/2023  ΕΠΙΚΟΥΡΙΚΟ  ΠΡΟΣΩΠΙΚΟ ΤΟΥ Ψ/Τ,,,,no sponsor block
9ΥΟΤ4690ΒΤ-4ΡΕ,2023-09-27,ΠΡΟΣΘΕΤΕΣ ΑΜΟΙΒΕΣ ΑΥΓΟΥΣΤΟΥ/2023   ΕΠΙΚΟΥΡΙΚΟ  ΠΡΟΣΩΠΙΚΟ ΤΟΥ Ψ/Τ,,,,no sponsor block
ΨΓ8Κ4690ΒΤ-ΡΣΔ,2023-09-27,ΠΡΟΣΘΕΤΕΣ ΑΜΟΙΒΕΣ ΑΥΓΟΥΣΤΟΥ/2023  ΝΟΣΗΛΕΥΤΙΚΟ  ΠΡΟΣΩΠΙΚΟ ΤΟΥ Ψ/Τ,,,,no sponsor block
ΨΖΩ84690ΒΤ-ΟΧΩ,2023-09-27,ΠΡΟΣΘΕΤΕΣ ΑΜΟΙΒΕΣ ΑΥΓΟΥΣΤΟΥ/2023 ΠΡΟΣΩΠΙΚΟ ΕΠΙΚΟΥΡΙΚΟ ΤΡΙΜΗΝΟ,,,,no sponsor block
693Α4690ΒΤ-8ΙΗ,2023-09-27,ΠΡΟΣΘΕΤΕΣ ΑΜΟΙΒΕΣ ΑΥΓΟΥΣΤΟΥ/2023 ΠΡΟΣΩΠΙΚΟ ΕΠΙΣΤΗΜΟΝΙΚΟ,,,,no sponsor block
9Ρ4Σ4690ΒΤ-ΛΛ8,2023-09-27,ΠΡΟΣΘΕΤΕΣ ΑΜΟΙΒΕΣ ΑΥΓΟΥΣΤΟΥ/2023 ΠΡΟΣΩΠΙΚΟ ΕΠΙΣΤΗΜΟΝΙΚΟ,,,,no sponsor block
Ψ59Ω4690ΒΤ-ΗΨΖ,2023-09-27,ΠΡΟΣΘΕΤΕΣ ΑΜΟΙΒΕΣ ΑΥΓΟΥΣΤΟΥ/2023  ΝΕΟΠΡΟΣΛΑΜΒΑΝΟΜΕΝΟΙ,,,,no sponsor block
94ΦΧ4690ΒΤ-Ψ1Ζ,2023-09-27,ΠΡΟΣΘΕΤΕΣ ΑΜΟΙΒΕΣ ΑΥΓΟΥΣΤΟΥ/2023  ΑΠΟΣΠΑΣΜΕΝΟΙ,,,,no sponsor block
973Ξ4690ΒΤ-ΜΓΔ,2023-09-27,ΠΡΟΣΘΕΤΕΣ ΑΜΟΙΒΕΣ ΑΥΓΟΥΣΤΟΥ/2023 ΠΡΟΣΩΠΙΚΟ ΕΠΙ ΣΧΕΣΕΙ ΕΡΓΑΣΙΑΣ Ι.Δ.Α.Χ,,,,no sponsor block
6ΑΔΕ4690ΒΤ-ΗΟ1,2023-09-27,ΠΡΟΣΘΕΤΕΣ ΑΜΟΙΒΕΣ  ΑΥΓΟΥΣΤΟΥ  /2023  ΜΟΝΙΜΟ-ΔΟΚΙΜΟ   ΠΡΟΣΩΠΙΚΟ  ΕΙΔ.ΘΕΣΕΩΝ,,,,no sponsor block
6Σ4Γ4690ΒΤ-13Κ,2023-09-27,ΠΡΟΣΘΕΤΕΣ ΑΜΟΙΒΕΣ  ΑΥΓΟΥΣΤΟΥ  /2023  ΜΟΝΙΜΟ-ΔΟΚΙΜΟ -ΒΟΗΘ.  ΠΡΟΣΩΠΙΚΟ,,,,no sponsor block
67ΚΨ4690ΒΤ-ΗΓΞ,2023-09-27,ΠΡΟΣΘΕΤΕΣ ΑΜΟΙΒΕΣ  ΑΥΓΟΥΣΤΟΥ  /2023  ΔΙΟΙΚΗΤΙΚΟ   ΠΡΟΣΩΠΙΚΟ,,,,no sponsor block
Ψ7ΥΣ4690ΒΤ-ΩΑ6,2023-09-27,ΠΡΟΣΘΕΤΕΣ ΑΜΟΙΒΕΣ  ΑΥΓΟΥΣΤΟΥ  /2023    ΠΡΟΣΩΠΙΚΟ  Ι.Δ.  Ν. 2470/96,,,,no sponsor block
Ψ9Ν14690ΒΤ-Υ0Ι,2023-09-27,ΠΡΟΣΘΕΤΕΣ ΑΜΟΙΒΕΣ  ΑΥΓΟΥΣΤΟΥ  /2023  ΕΠΙΚΟΥΡΙΚΟ  ΠΡΟΣΩΠΙΚΟ,,,,no sponsor block
6ΜΠΨ4690ΒΤ-Υ9Δ,2023-09-27,ΠΡΟΣΘΕΤΕΣ ΑΜΟΙΒΕΣ  ΑΥΓΟΥΣΤΟΥ  /2023 ΝΟΣΗΛΕΥΤΙΚΟ ΠΡΟΣΩΠΙΚΟ,,,,no sponsor block
ΩΝ9Β4690ΒΤ-4ΩΞ,2023-09-27,ΤΑΚΤΙΚΕΣ ΕΦΗΜΕΡΙΕΣ  ΑΥΓΟΥΣΤΟΥ  /2023  ΓΙΑΤΡΟΙ  Ε.Σ.Υ  ΕΙΔΙΚ/ΝΟΙ  ΤΟΥ  Ψ/Τ,,,,no sponsor block
ΨΟΩ44690ΒΤ-9ΥΡ,2023-09-27,ΤΑΚΤΙΚΕΣ ΕΦΗΜΕΡΙΕΣ  ΑΥΓΟΥΣΤΟΥ  /2023  ΓΙΑΤΡΟΙ  Ε.Σ.Υ ΤΟΥ  Κ.Ψ.ΥΓΕΙΑΣ,,,,no sponsor block
6ΙΞΤ4690ΒΤ-ΗΡΠ,2023-09-27,ΤΑΚΤΙΚΕΣ ΕΦΗΜΕΡΙΕΣ  ΑΥΓΟΥΣΤΟΥ  /2023  ΓΙΑΤΡΟΙ  Ε.Σ.Υ ΤΟΥ Ψ/Τ,,,,no sponsor block
6ΟΗ14690ΒΤ-ΑΗΡ,2023-09-27,ΤΑΚΤΙΚΕΣ ΕΦΗΜΕΡΙΕΣ  ΑΥΓΟΥΣΤΟΥ  /2023  ΕΠΙΚΟΥΡΙΚΟΙ Ε.Σ.Υ,,,,no sponsor block
614Γ4690ΒΤ-ΧΚΖ,2023-09-27,ΤΑΚΤΙΚΕΣ ΕΦΗΜΕΡΙΕΣ  ΑΥΓΟΥΣΤΟΥ  /2023  ΕΠΙΚΟΥΡΙΚΟΙ Ε.Σ.Υ,,,,no sponsor block
6ΑΩ64690ΒΤ-933,2023-09-27,ΤΑΚΤΙΚΕΣ ΕΦΗΜΕΡΙΕΣ  ΑΥΓΟΥΣΤΟΥ  /2023  ΑΓΡΟΤΙΚΟΙ  ΓΙΑΤΡΟΙ,,,,no sponsor block
6Β2Ψ4690ΒΤ-ΔΞΥ,2023-09-27,ΤΑΚΤΙΚΕΣ ΕΦΗΜΕΡΙΕΣ  ΑΥΓΟΥΣΤΟΥ  /2023 ΓΙΑΤΡΟΙ Ε.Σ.Υ  ΕΙΔ/ΝΟΙ,,,,no sponsor block
6Ε674690ΒΤ-ΒΨ6,2023-09-27,ΤΑΚΤΙΚΕΣ ΕΦΗΜΕΡΙΕΣ  ΑΥΓΟΥΣΤΟΥ  /2023 ΓΙΑΤΡΟΙ Ε.Σ.Υ,,,,no sponsor block
93ΥΠ4690ΒΤ-144,2023-09-26,ΤΑΚΤΙΚΗ ΜΙΣΘΟΔΟΣΙΑ ΜΕΤΑΠ/ΤΕΩΝ ΑΥΓΟΥΣΤΟΥ  /2023  ΑΜΙΣΘΟΙ ΤΕΕ ( ΕΠΑΛ ),,,,no sponsor block
ΨΥΨΟ4690ΒΤ-ΞΧΙ,2023-09-26,ΤΑΚΤΙΚΗ ΜΙΣΘΟΔΟΣΙΑ ΜΕΤΑΠ/ΤΕΩΝ  ΣΕΠΤΕΜΒΡΙΟΥ  /2023  ΑΜΙΣΘΟΙ ΤΕΕ  ( ΔΙΕΚ ),,,,no sponsor block
9ΕΙΩ4690ΒΤ-ΥΩΩ,2023-09-27,ΤΑΚΤΙΚΗ ΜΙΣΘΟΔΟΣΙΑ ΜΕΤΑΠ/ΤΕΩΝ  ΣΕΠΤΕΜΒΡΙΟΥ  /2023  ΣΠΟΥΔΑΣΤΕΣ ΠΟΥ ΑΣΚΟΥΝΤΑΙ,,,,no sponsor block
ΡΟΨΦ4690ΒΤ-ΝΣΛ,2023-09-27,ΑΝΑΔΡΟΜΙΚΑ Ο.Α.Ε.Δ ( 55-67 ),,,,no sponsor block
90ΙΠ4690ΒΤ-ΕΒΠ,2023-09-27,ΤΑΚΤΙΚΗ ΜΙΣΘΟΔΟΣΙΑ ΜΕΤΑΠ/ΤΕΩΝ  ΣΕΠΤΕΜΒΡΙΟΥ /2023  ΝΕΟΠΡΟΣΛΑΜΒΑΝΟΜΕΝΟΙ Ο.Α.Ε.Δ ( 55-67 ),,,,no sponsor block
9ΡΥΥ4690ΒΤ-896,2023-09-27,ΑΠΟΖΗΜΙΩΣΗ ΜΕΤΑΚΙΝΟΥΜΕΝΟΥ ΝΟΣΗΛΕΥΤΙΚΟΥ ΠΡΟΣΩΠΙΚΟΥ ΣΥΜΦΩΝΑ ΜΕΤΟ ΑΡΘΡΟ 21 ΤΟΥ Ν.5015,,,,no sponsor block
9ΧΜ64690ΒΤ-ΛΔΡ,2023-09-26,ΤΑΚΤΙΚΗ ΜΙΣΘΟΔΟΣΙΑ ΜΕΤΑΠ/ΤΕΩΝ  ΣΕΠΤΕΜΒΡΙΟΥ /2023 ΕΠΙΣΤΗΜΟΝΙΚΟ  ΠΡΟΣΩΠΙΚΟ,,,,no sponsor block
66Μ44690ΒΤ-6ΩΤ,2023-09-26,ΤΑΚΤΙΚΗ ΜΙΣΘΟΔΟΣΙΑ ΜΕΤΑΠ/ΤΕΩΝ  ΣΕΠΤΕΜΒΡΙΟΥ /2023 ΕΠΙΚΟΥΡΙΚΟ ΠΡΟΣΩΠΙΚΟ  ΑΝΑΔΡΟΜΙΚΑ,,,,no sponsor block
ΨΓΑΠ4690ΒΤ-ΖΜΨ,2023-09-27,ΤΑΚΤΙΚΗ ΜΙΣΘΟΔΟΣΙΑ ΜΕΤΑΠ/ΤΕΩΝ  ΣΕΠΤΕΜΒΡΙΟΥ /2023 ΤΡΙΜΗΝΑ COVID  ΕΠΙΚΟΥΡΙΚΟ ΠΡΟΣΩΠΙΚΟ,,,,no sponsor block
ΨΨΣ44690ΒΤ-Χ3Α,2023-09-27,ΤΑΚΤΙΚΗ ΜΙΣΘΟΔΟΣΙΑ ΜΕΤΑΠ/ΤΕΩΝ  ΣΕΠΤΕΜΒΡΙΟΥ /2023 ΕΠΙΚΟΥΡΙΚΟΙ  Ε.Σ.Υ,,,,no sponsor block
ΩΧΨΩ4690ΒΤ-ΡΝ7,2023-09-27,ΤΑΚΤΙΚΗ ΜΙΣΘΟΔΟΣΙΑ ΜΕΤΑΠ/ΤΕΩΝ  ΣΕΠΤΕΜΒΡΙΟΥ /2023 ΕΠΙΚΟΥΡΙΚΟI  E.Σ.Υ,,,,no sponsor block
64ΥΠ4690ΒΤ-ΦΘΥ,2023-09-27,ΠΡΟΣΘΕΤΕΣ ΑΜΟΙΒΕΣ ΑΥΓΟΥΣΤΟΥ /2023 ΕΠΙΚΟΥΡΙΚΟ ΠΡΟΣΩΠΙΚΟ  ΠΔΕ-ΕΣΠΑ ΥΠΟΕΡΓΟ 45 /Ο.Π.Σ 5211682,,,,no sponsor block
ΨΙΣΧ4690ΒΤ-2ΗΣ,2023-09-27,ΤΑΚΤΙΚΗ ΜΙΣΘΟΔΟΣΙΑ ΜΕΤΑΠ/ΤΕΩΝ  ΣΕΠΤΕΜΒΡΙΟΥ /2023 ΕΠΙΚΟΥΡΙΚΟ ΠΡΟΣΩΠΙΚΟ,,,,no sponsor block
ΨΦΧΡ4690ΒΤ-ΦΤ5,2023-09-26,ΤΑΚΤΙΚΗ ΜΙΣΘΟΔΟΣΙΑ ΜΕΤΑΠ/ΤΕΩΝ  ΣΕΠΤΕΜΒΡΙΟΥ /2023 ΕΠΙΚΟΥΡΙΚΟ ΠΡΟΣΩΠΙΚΟ,,,,no sponsor block
Ψ4Κ64690ΒΤ-3ΤΖ,2023-09-27,ΤΑΚΤΙΚΗ ΜΙΣΘΟΔΟΣΙΑ ΜΕΤΑΠ/ΤΕΩΝ  ΣΕΠΤΕΜΒΡΙΟΥ  /2023 ΕΠΙΚΟΥΡΙΚΟ ΠΡΟΣΩΠΙΚΟ  ΠΔΕ-ΕΣΠΑ     ΥΠΟΕΡΓΟ 45 /Ο.Π.Σ 5211682,,,,no sponsor block
Ψ3Σ54690ΒΤ-Κ94,2023-09-14,ΠΛΗΡΩΜΗ ΙΑΤΡΩΝ ΑΠΟ ΤΗΝ ΟΛΟΗΜΕΡΗ ΛΕΙΤΟΥΡΓΙΑ ΤΟΥ ΝΟΣΟΚΟΜΕΙΟΥ  ΜΗΝΟΣ  ΑΥΓΟΥΣΤΟΥ  /2023,,,,no sponsor block
ΨΙΧΧ4690ΒΤ-Μ3Β,2023-09-14,ΠΛΗΡΩΜΗ ΠΡΟΣΩΠΙΚΟΥ ΑΠΟ ΤΗΝ ΟΛΟΗΜΕΡΗ ΛΕΙΤΟΥΡΓΙΑ ΤΟΥ ΝΟΣΟΚΟΜΕΙΟΥ  ΜΗΝΟΣ  ΑΥΓΟΥΣΤΟΥ /2023,,,,no sponsor block
ΨΟΤΒ4690ΒΤ-ΕΙΤ,2023-09-06,ΣΥΜΠΗΡΩΜΑΤΙΚΗ 8ου/2023  12μηνα Ο.Α.Ε.Δ   ΔΗΜ.ΠΡΟΣΚΛΗΣΗ 10/2017  ΓΙΑ ΕΡΓΟΔΟΤΙΚΗ ΕΙΣΦΟΡΑ ΚΑΤΑΣΚΗΝΩΣΕΩΝ,,,,no sponsor block
6Σ4Ε4690ΒΤ-ΛΡΙ,2023-09-06,ΣΥΜΠΗΡΩΜΑΤΙΚΗ 8ου/2023  12μηνα Ο.Α.Ε.Δ   ΔΗΜ.ΠΡΟΣΚΛΗΣΗ 13/2016  ΓΙΑ ΕΡΓΟΔΟΤΙΚΗ ΕΙΣΦΟΡΑ ΚΑΤΑΣΚΗΝΩΣΕΩΝ,,,,no sponsor block
ΨΛ6Φ4690ΒΤ-2Τ3,2023-09-06,ΠΡΟΣΘΕΤΕΣ ΑΜΟΙΒΕΣ  ΙΟΥΛΙΟΥ /2023 12 ΜΗΝΑ Ο.Α.Ε.Δ ΔΗΜ.ΠΡΟΣΚΛΗΣΗ  Νο  10/2017,,,,no sponsor block
6ΜΨΑ4690ΒΤ-ΠΒΟ,2023-09-06,ΠΡΟΣΘΕΤΕΣ ΑΜΟΙΒΕΣ  ΙΟΥΛΙΟΥ  /2023     12 ΜΗΝΑ ΟΑΕΔ  ΔΗΜ.ΠΡΟΣΚΛΗΣΗ       Νο 13/2016,,,,no sponsor block
67ΝΙ4690ΒΤ-8ΛΜ,2023-09-06,ΤΑΚΤΙΚΗ  ΜΙΣΘΟΔΟΣΙΑ  ΑΥΓΟΥΣΤΟΥ  /2023      12 ΜΗΝΑ ΟΑΕΔ  ΔΗΜ.ΠΡΟΣΚΛΗΣΗ       Νο 13/2016,,,,no sponsor block
68ΡΖ4690ΒΤ-Ω6Π,2023-09-06,ΤΑΚΤΙΚΗ ΜΙΣΘΟΔΟΣΙΑ  ΑΥΓΟΥΣΤΟΥ /2023 12 ΜΗΝΑ Ο.Α.Ε.Δ   ΔΗΜ.ΠΡΟΣΚΛΗΣΗ    Νο 10/2017,,,,no sponsor block
ΨΠΗ24690ΒΤ-ΨΟΟ,2023-08-24,ΤΑΚΤΙΚΗ ΜΙΣΘΟΔΟΣΙΑ ΜΕΤΑΠ/ΤΕΩΝ  ΑΥΓΟΥΣΤΟΥ /2023 ΕΠΙΚΟΥΡΙΚΟ ΤΡΙΜΗΝΟ  ΠΡΟΣΩΠΙΚΟ,,,,no sponsor block
6ΨΑ84690ΒΤ-ΕΚΑ,2023-08-29,ΠΛΗΡΩΜΗ ΠΡΟΣΩΠΙΚΟΥ ΑΠΟ ΤΗΝ ΟΛΟΗΜΕΡΗ ΛΕΙΤΟΥΡΓΙΑ ΤΟΥ ΝΟΣΟΚΟΜΕΙΟΥ  ΜΗΝΟΣ  ΙΟΥΛΙΟΥ  /2023,,,,no sponsor block
ΨΘ4Γ4690ΒΤ-ΩΚΟ,2023-08-29,ΠΛΗΡΩΜΗ ΙΑΤΡΩΝ ΑΠΟ ΤΗΝ ΟΛΟΗΜΕΡΗ ΛΕΙΤΟΥΡΓΙΑ ΤΟΥ ΝΟΣΟΚΟΜΕΙΟΥ  ΜΗΝΟΣ  ΙΟΥΛΙΟΥ  /2023,,,,no sponsor block
Ψ75Ξ4690ΒΤ-6Ω6,2023-08-28,ΑΠΟΖΗΜΙΩΣΗ  ΕΦΗΜΕΡΙΩΝ ΙΟΥΛΙΟΥ /2023 ΕΠΙΣΤΗΜΟΝΙΚΟ ΠΡΟΣΩΠΙΚΟ    ΤΟΥ Κ.Ψ.ΥΓΕΙΑΣ,,,,no sponsor block
9Β2Ο4690ΒΤ-7ΣΞ,2023-08-28,ΑΠΟΖΗΜΙΩΣΗ  ΕΦΗΜΕΡΙΩΝ ΙΟΥΛΙΟΥ /2023 ΕΠΙΣΤΗΜΟΝΙΚΟ ΠΡΟΣΩΠΙΚΟ,,,,no sponsor block
ΨΡΛΓ4690ΒΤ-03Λ,2023-08-28,ΑΠΟΖΗΜΙΩΣΗ  ΕΦΗΜΕΡΙΩΝ ΙΟΥΛΙΟΥ /2023 ΕΠΙΣΤΗΜΟΝΙΚΟ ΠΡΟΣΩΠΙΚΟ,,,,no sponsor block
6Μ6Φ4690ΒΤ-ΟΑΦ,2023-08-28,ΠΡΟΣΘΕΤΕΣ  ΑΜΟΙΒΕΣ ΙΟΥΛΙΟΥ /2023    ΠΡΟΣΩΠΙΚΟ  ΕΠΙ ΣΧΕΣΕΙ ΕΡΓΑΣΙΑΣ   Ι.Δ.Α.Χ    ΤΟΥ Ψ/Τ,,,,no sponsor block
94ΕΚ4690ΒΤ-Τ84,2023-08-28,ΠΡΟΣΘΕΤΕΣ  ΑΜΟΙΒΕΣ ΙΟΥΛΙΟΥ /2023  ΝΟΣΗΛΕΥΤΙΚΟ  ΠΡΟΣΩΠΙΚΟ  Ν.Δ  1057/80  ΤΟΥ Ψ/Τ,,,,no sponsor block
9ΕΒΠ4690ΒΤ-Θ7Ι,2023-08-28,ΠΡΟΣΘΕΤΕΣ  ΑΜΟΙΒΕΣ ΙΟΥΛΙΟΥ /2023  ΜΟΝΙΜΟ-ΔΟΚΙΜΟ ΒΟΗΘ.  ΠΡΟΣΩΠΙΚΟ ΤΟΥ Ψ/Τ,,,,no sponsor block
63ΞΘ4690ΒΤ-Ω6Ξ,2023-08-28,ΠΡΟΣΘΕΤΕΣ  ΑΜΟΙΒΕΣ ΙΟΥΛΙΟΥ /2023  ΤΕΧΝΙΚΟ  ΠΡΟΣΩΠΙΚΟ ΤΟΥ Ψ/Τ,,,,no sponsor block
660Χ4690ΒΤ-ΥΒΙ,2023-08-28,ΠΡΟΣΘΕΤΕΣ  ΑΜΟΙΒΕΣ ΙΟΥΛΙΟΥ /2023  ΕΠΙΚΟΥΡΙΚΟ  ΠΡΟΣΩΠΙΚΟ ΤΟΥ Ψ/Τ,,,,no sponsor block
9ΚΡΔ4690ΒΤ-3ΦΡ,2023-08-28,ΠΡΟΣΘΕΤΕΣ  ΑΜΟΙΒΕΣ ΙΟΥΛΙΟΥ /2023  ΕΠΙΚΟΥΡΙΚΟ  ΠΡΟΣΩΠΙΚΟ ΤΟΥ Ψ/Τ,,,,no sponsor block
9ΘΙΔ4690ΒΤ-ΖΙ0,2023-08-28,ΠΡΟΣΘΕΤΕΣ  ΑΜΟΙΒΕΣ ΙΟΥΛΙΟΥ /2023  ΝΟΣΗΛΕΥΤΙΚΟ  ΠΡΟΣΩΠΙΚΟ ΤΟΥ Ψ/Τ,,,,no sponsor block
ΨΠ8Β4690ΒΤ-ΔΟΦ,2023-08-28,ΑΠΟΖΗΜΙΩΣΗ ΕΦΗΜΕΡΙΩΝ ΙΟΥΛΙΟΥ/2023  ΕΠΙΣΤΗΜΟΝΙΚΟ ΠΡΟΣΩΠΙΚΟ,,,,no sponsor block
9Σ2Ο4690ΒΤ-ΞΒ6,2023-08-28,ΑΠΟΖΗΜΙΩΣΗ ΕΦΗΜΕΡΙΩΝ ΙΟΥΛΙΟΥ/2023  ΕΠΙΣΤΗΜΟΝΙΚΟ ΠΡΟΣΩΠΙΚΟ,,,,no sponsor block
9Π9Π4690ΒΤ-ΑΗΚ,2023-08-28,ΠΡΟΣΘΕΤΕΣ ΑΜΟΙΒΕΣ ΙΟΥΛΙΟΥ /2023  ΑΠΟΣΠΑΣΜΕΝΟΙ,,,,no sponsor block
ΨΒΗΜ4690ΒΤ-ΕΧ1,2023-08-28,ΠΡΟΣΘΕΤΕΣ ΑΜΟΙΒΕΣ ΙΟΥΛΙΟΥ /2023   ΠΡΟΣΩΠΙΚΟ  ΕΠΙ ΣΧΕΣΕΙ ΕΡΓΑΣΙΑΣ Ι.Δ.Α.Χ,,,,no sponsor block
9ΒΙΘ4690ΒΤ-Ι0Π,2023-08-28,ΠΡΟΣΘΕΤΕΣ ΑΜΟΙΒΕΣ ΙΟΥΛΙΟΥ /2023  ΜΟΝΙΜΟ-ΔΟΚΙΜΟ ΒΟΗΘ.  ΠΡΟΣΩΠΙΚΟ,,,,no sponsor block
ΨΠ924690ΒΤ-ΖΦΣ,2023-08-28,ΠΡΟΣΘΕΤΕΣ ΑΜΟΙΒΕΣ ΙΟΥΛΙΟΥ /2023  ΔΙΟΙΚΗΤΙΚΟ  ΠΡΟΣΩΠΙΚΟ,,,,no sponsor block
682Λ4690ΒΤ-Ο9Κ,2023-08-28,ΠΡΟΣΘΕΤΕΣ ΑΜΟΙΒΕΣ ΙΟΥΛΙΟΥ /2023  ΔΙΟΙΚΗΤΙΚΟ  ΠΡΟΣΩΠΙΚΟ,,,,no sponsor block
98ΓΩ4690ΒΤ-2ΝΔ,2023-08-28,ΠΡΟΣΘΕΤΕΣ ΑΜΟΙΒΕΣ ΙΟΥΛΙΟΥ /2023  ΠΡΟΣΩΠΙΚΟ  Ι.Δ  Ν.2470/96,,,,no sponsor block
90ΧΦ4690ΒΤ-Ζ2Λ,2023-08-28,ΠΡΟΣΘΕΤΕΣ ΑΜΟΙΒΕΣ ΙΟΥΛΙΟΥ /2023 ΝΕΟΠΡΟΣΛΑΜΒΑΝΟΜΕΝΟΙ,,,,no sponsor block
60ΝΛ4690ΒΤ-ΕΙΖ,2023-08-28,ΠΡΟΣΘΕΤΕΣ ΑΜΟΙΒΕΣ ΙΟΥΛΙΟΥ /2023  ΕΠΙΚΟΥΡΙΚΟ  ΠΡΟΣΩΠΙΚΟ,,,,no sponsor block
9ΒΥΙ4690ΒΤ-Π3Χ,2023-08-28,ΠΡΟΣΘΕΤΕΣ ΑΜΟΙΒΕΣ ΙΟΥΛΙΟΥ /2023  ΜΟΝΙΜΟ-ΔΟΚΙΜΟ  ΠΡΟΣΩΠΙΚΟ ΕΙΔ. ΘΕΣΕΩΝ,,,,no sponsor block
9ΡΡΞ4690ΒΤ-Γ33,2023-08-28,ΠΡΟΣΘΕΤΕΣ ΑΜΟΙΒΕΣ ΙΟΥΛΙΟΥ /2023  ΕΠΙΚΟΥΡΙΚΟ  ΠΡΟΣΩΠΙΚΟ,,,,no sponsor block
9ΥΙΞ4690ΒΤ-2ΗΔ,2023-08-28,ΠΡΟΣΘΕΤΕΣ ΑΜΟΙΒΕΣ ΙΟΥΛΙΟΥ /2023 ΝΟΣΗΛΕΥΤΙΚΟ ΠΡΟΣΩΠΙΚΟ,,,,no sponsor block
6ΠΑΠ4690ΒΤ-ΞΥΠ,2023-08-25,ΤΑΚΤΙΚΕΣ ΕΦΗΜΕΡΙΕΣ ΙΟΥΛΙΟΥ /2023 ΓΙΑΤΡΟΙ Ε.Σ.Υ ΕΙΔ/ΝΟΙ ΤΟΥ Ψ/Τ,,,,no sponsor block
62ΗΔ4690ΒΤ-Θ7Δ,2023-08-25,ΤΑΚΤΙΚΕΣ ΕΦΗΜΕΡΙΕΣ ΙΟΥΛΙΟΥ /2023 ΓΙΑΤΡΟΙ Ε.Σ.Υ ΤΟΥ Ψ/Τ,,,,no sponsor block
9ΞΩΙ4690ΒΤ-Μ08,2023-08-25,ΤΑΚΤΙΚΕΣ ΕΦΗΜΕΡΙΕΣ ΙΟΥΛΙΟΥ /2023 ΓΙΑΤΡΟΙ Ε.Σ.Υ ΤΟΥ Κ.Ψ.ΥΓΕΙΑΣ,,,,no sponsor block
6ΒΗΖ4690ΒΤ-Φ0Ι,2023-08-25,ΤΑΚΤΙΚΕΣ ΕΦΗΜΕΡΙΕΣ ΙΟΥΛΙΟΥ /2023  ΕΠΙΚΟΥΡΙΚΟΙ  Ε.Σ.Υ,,,,no sponsor block
9ΒΔ04690ΒΤ-ΣΙΕ,2023-08-25,ΤΑΚΤΙΚΕΣ ΕΦΗΜΕΡΙΕΣ ΙΟΥΛΙΟΥ /2023 ΑΓΡΟΤΙΚΟΙ ΙΑΤΡΟΙ,,,,no sponsor block
6Χ5Κ4690ΒΤ-Ο4Ζ,2023-08-25,ΤΑΚΤΙΚΕΣ ΕΦΗΜΕΡΙΕΣ ΙΟΥΛΙΟΥ /2023 ΓΙΑΤΡΟΙ Ε.Σ.Υ ΕΠΙΚΟΥΡΙΚΟΙ,,,,no sponsor block
6ΧΟΘ4690ΒΤ-665,2023-08-25,ΤΑΚΤΙΚΕΣ ΕΦΗΜΕΡΙΕΣ ΙΟΥΛΙΟΥ /2023 ΓΙΑΤΡΟΙ Ε.Σ.Υ  ΕΙΔΙΚ/ΝΟΙ,,,,no sponsor block
6ΡΒΑ4690ΒΤ-61Φ,2023-08-25,ΤΑΚΤΙΚΕΣ ΕΦΗΜΕΡΙΕΣ ΙΟΥΛΙΟΥ /2023 ΓΙΑΤΡΟΙ Ε.Σ.Υ,,,,no sponsor block
ΨΔ904690ΒΤ-Α59,2023-08-24,ΤΑΚΤΙΚΗ ΜΙΣΘΟΔΟΣΙΑ ΜΕΤΑΠ/ΤΕΩΝ ΙΟΥΛΙΟΥ  /2023  ΑΜΙΣΘΟΙ ΤΕΕ ( ΕΠΑΛ ),,,,no sponsor block
67Α54690ΒΤ-9ΣΘ,2023-08-24,ΤΑΚΤΙΚΗ ΜΙΣΘΟΔΟΣΙΑ ΜΕΤΑΠ/ΤΕΩΝ  ΑΥΓΟΥΣΤΟΥ /2023  ΑΜΙΣΘΟΙ ΤΕΕ  ( ΔΙΕΚ ),,,,no sponsor block
ΨΧ9Η4690ΒΤ-ΜΓΦ,2023-08-24,ΤΑΚΤΙΚΗ ΜΙΣΘΟΔΟΣΙΑ ΜΕΤΑΠ/ΤΕΩΝ  ΑΥΓΟΥΣΤΟΥ /2023  ΣΠΟΥΔΑΣΤΕΣ ΠΟΥ ΑΣΚΟΥΝΤΑΙ,,,,no sponsor block
9ΒΞΕ4690ΒΤ-857,2023-08-24,ΤΑΚΤΙΚΗ ΜΙΣΘΟΔΟΣΙΑ ΜΕΤΑΠ/ΤΕΩΝ  ΑΥΓΟΥΣΤΟΥ /2023 ΕΠΙΚΟΥΡΙΚΟΙ  Ε.Σ.Υ,,,,no sponsor block
ΨΕ6Ο4690ΒΤ-ΑΕΕ,2023-08-24,ΑΝΑΔΡΟΜΙΚΑ ΑΥΓΟΥΣΤΟΥ /2023 ΕΠΙΚΟΥΡΙΚΟΙ Ε.Σ.Υ,,,,no sponsor block
6Θ1Π4690ΒΤ-ΑΡ9,2023-08-24,ΤΑΚΤΙΚΗ ΜΙΣΘΟΔΟΣΙΑ ΜΕΤΑΠ/ΤΕΩΝ  ΑΥΓΟΥΣΤΟΥ  /2023 ΕΠΙΣΤΗΜΟΝΙΚΟ  ΠΡΟΣΩΠΙΚΟ,,,,no sponsor block
ΨΣΩ84690ΒΤ-ΗΘΧ,2023-08-24,ΤΑΚΤΙΚΗ ΜΙΣΘΟΔΟΣΙΑ ΜΕΤΑΠ/ΤΕΩΝ  ΑΥΓΟΥΣΤΟΥ /2023 ΕΠΙΚΟΥΡΙΚΟΙ   Ε.Σ.Υ,,,,no sponsor block
9ΗΜΨ4690ΒΤ-ΔΑΠ,2023-08-24,ΠΡΟΣΘΕΤΕΣ ΑΜΟΙΒΕΣ ΙΟΥΛΙΟΥ /2023 ΕΠΙΚΟΥΡΙΚΟ ΠΡΟΣΩΠΙΚΟ  ΠΔΕ-ΕΣΠΑ ΥΠΟΕΡΓΟ 45 /Ο.Π.Σ 5211682,,,,no sponsor block
ΨΤΩΙ4690ΒΤ-ΝΒΩ,2023-08-24,ΤΑΚΤΙΚΗ ΜΙΣΘΟΔΟΣΙΑ ΜΕΤΑΠ/ΤΕΩΝ  ΑΥΓΟΥΣΤΟΥ /2023 ΕΠΙΚΟΥΡΙΚΟ ΠΡΟΣΩΠΙΚΟ  ΠΔΕ-ΕΣΠΑ                  ΥΠΟΕΡΓΟ 45 /Ο.Π.Σ 5211682,,,,no sponsor block
692Χ4690ΒΤ-ΕΦΖ,2023-08-24,ΑΝΑΔΡΟΜΙΚΑ ΑΥΓΟΥΣΤΟΥ/2023 ΝΕΟΠΡΟΣΛΑΜΒΑΝΟΜΕΝΟΙ  Ο.Α.Ε.Δ ( 55-67 ),,,,no sponsor block
ΨΝΛ24690ΒΤ-Ι56,2023-08-24,ΤΑΚΤΙΚΗ ΜΙΣΘΟΔΟΣΙΑ ΜΕΤΑΠ/ΤΕΩΝ ΑΥΓΟΥΣΤΟΥ /2023  ΝΕΟΠΡΟΣΛΑΜΒΑΝΟΜΕΝΟΙ Ο.Α.Ε.Δ ( 55-67 ),,,,no sponsor block
ΨΧΙΠ4690ΒΤ-0ΟΤ,2023-08-24,ΤΑΚΤΙΚΗ ΜΙΣΘΟΔΟΣΙΑ ΜΕΤΑΠ/ΤΕΩΝ  ΑΥΓΟΥΣΤΟΥ/2023 ΕΠΙΚΟΥΡΙΚΟ ΠΡΟΣΩΠΙΚΟ,,,,no sponsor block
6ΥΣΙ4690ΒΤ-ΔΟΗ,2023-08-21,ΠΡΟΣΘΕΤΕΣ ΕΦΗΜΕΡΙΕΣ  ΜΑΡΤΙΟΥ /2023  ΓΙΑΤΡΟΙ  Ε.Σ.Υ ΕΙΔ/ΝΟΙ   ΤΟΥ Ψ/Τ,,,,no sponsor block
ΨΘΟΝ4690ΒΤ-ΑΕΦ,2023-08-21,ΠΡΟΣΘΕΤΕΣ ΕΦΗΜΕΡΙΕΣ  ΜΑΡΤΙΟΥ /2023  ΕΠΙΚΟΥΡΙΚΟΙ   Ε.Σ.Υ  ΤΟΥ Ψ/Τ,,,,no sponsor block
Ψ5Ω54690ΒΤ-Θ51,2023-08-21,ΠΡΟΣΘΕΤΕΣ ΕΦΗΜΕΡΙΕΣ  ΜΑΡΤΙΟΥ /2023  ΓΙΑΤΡΟΙ  Ε.Σ.Υ  ΤΟΥ Ψ/Τ,,,,no sponsor block
6ΘΥΕ4690ΒΤ-ΒΝΣ,2023-08-21,ΠΡΟΣΘΕΤΕΣ ΕΦΗΜΕΡΙΕΣ  ΜΑΡΤΙΟΥ /2023  ΓΙΑΤΡΟΙ  Ε.Σ.Υ  ΕΙΔ/ΝΟΙ,,,,no sponsor block
Ψ2Θ44690ΒΤ-ΜΝ0,2023-08-21,ΠΡΟΣΘΕΤΕΣ ΕΦΗΜΕΡΙΕΣ  ΜΑΡΤΙΟΥ /2023   ΕΠΙΚΟΥΡΙΚΟΙ   Ε.Σ.Υ,,,,no sponsor block
63754690ΒΤ-ΩΒΟ,2023-08-21,ΠΡΟΣΘΕΤΕΣ ΕΦΗΜΕΡΙΕΣ  ΜΑΡΤΙΟΥ /2023  ΓΙΑΤΡΟΙ  Ε.Σ.Υ,,,,no sponsor block
Ψ36Ω4690ΒΤ-Χ2Γ,2023-08-21,ΠΡΟΣΘΕΤΕΣ ΕΦΗΜΕΡΙΕΣ  ΜΑΡΤΙΟΥ /2023  ΕΠΙΚΟΥΡΙΚΟΙ Ε.Σ.Υ,,,,no sponsor block
6ΕΦΛ4690ΒΤ-ΨΨΞ,2023-08-21,ΠΡΟΣΘΕΤΕΣ ΕΦΗΜΕΡΙΕΣ  ΦΕΒΡΟΥΑΡΙΟΥ /2023  ΕΠΙΚΟΥΡΙΚΟΙ Ε.Σ.Υ  ΤΟΥ Ψ/Τ,,,,no sponsor block
6Φ4Π4690ΒΤ-6ΧΟ,2023-08-21,ΠΡΟΣΘΕΤΕΣ ΕΦΗΜΕΡΙΕΣ  ΦΕΒΡΟΥΑΡΙΟΥ /2023   ΓΙΑΤΡΟΙ  Ε.Σ.Υ  ΤΟΥ Ψ/Τ,,,,no sponsor block
ΨΝΑΞ4690ΒΤ-657,2023-08-21,ΠΡΟΣΘΕΤΕΣ ΕΦΗΜΕΡΙΕΣ  ΦΕΒΡΟΥΑΡΙΟΥ /2023  ΓΙΑΤΡΟΙ  Ε.Σ.Υ  ΕΙΔ/ΝΟΙ,,,,no sponsor block
6ΘΣ44690ΒΤ-ΩΤΦ,2023-08-21,ΠΡΟΣΘΕΤΕΣ ΕΦΗΜΕΡΙΕΣ  ΦΕΒΡΟΥΑΡΙΟΥ /2023  ΕΠΙΚΟΥΡΙΚΟΙ Ε.Σ.Υ,,,,no sponsor block
6ΔΡ94690ΒΤ-ΡΓΖ,2023-08-21,ΠΡΟΣΘΕΤΕΣ ΕΦΗΜΕΡΙΕΣ  ΦΕΒΡΟΥΑΡΙΟΥ /2023  ΕΠΙΚΟΥΡΙΚΟΙ Ε.Σ.Υ,,,,no sponsor block
6Ι4Υ4690ΒΤ-ΘΘ6,2023-08-21,ΠΡΟΣΘΕΤΕΣ ΕΦΗΜΕΡΙΕΣ  ΦΕΒΡΟΥΑΡΙΟΥ /2023  ΕΠΙΚΟΥΡΙΚΟΙ Ε.Σ.Υ,,,,no sponsor block
Ψ07Δ4690ΒΤ-ΗΡΤ,2023-08-21,ΠΡΟΣΘΕΤΕΣ ΕΦΗΜΕΡΙΕΣ ΙΑΝΟΥΑΡΙΟΥ/2023  ΕΠΙΚΟΥΡΙΚΟΙ Ε.Σ.Υ  ΤΟΥ Ψ/Τ,,,,no sponsor block
Ψ2234690ΒΤ-5ΡΓ,2023-08-21,ΠΡΟΣΘΕΤΕΣ ΕΦΗΜΕΡΙΕΣ ΙΑΝΟΥΑΡΙΟΥ/2023  ΓΙΑΤΡΟΙ  Ε.Σ.Υ ΕΙΔ/ΝΟΙ ΤΟΥ Ψ/Τ,,,,no sponsor block
6ΣΨΩ4690ΒΤ-Λ5Ν,2023-08-21,ΠΡΟΣΘΕΤΕΣ ΕΦΗΜΕΡΙΕΣ ΙΑΝΟΥΑΡΙΟΥ/2023   ΓΙΑΤΡΟΙ  Ε.Σ.Υ  ΤΟΥ Κ.Ψ.Υ,,,,no sponsor block
ΨΩΣΟ4690ΒΤ-2ΙΔ,2023-08-21,ΠΡΟΣΘΕΤΕΣ ΕΦΗΜΕΡΙΕΣ ΙΑΝΟΥΑΡΙΟΥ/2023   ΓΙΑΤΡΟΙ  Ε.Σ.Υ ΤΟΥ Ψ/Τ,,,,no sponsor block
9ΓΙΕ4690ΒΤ-ΡΦΟ,2024-06-13,ΠΡΟΣΘΕΤΕΣ ΕΦΗΜΕΡΙΕΣ  ΦΕΒΡΟΥΑΡΙΟΥ /2024   ΓΙΑΤΡΟΙ   Ε.Σ.Υ   ΤΟΥ Κ.Ψ.ΥΓΕΙΑΣ,,,,no sponsor block
Ψ43Δ4690ΒΤ-ΠΒΩ,2024-06-13,ΠΡΟΣΘΕΤΕΣ ΕΦΗΜΕΡΙΕΣ  ΦΕΒΡΟΥΑΡΙΟΥ /2024   ΓΙΑΤΡΟΙ   Ε.Σ.Υ   ΤΟΥ Ψ/Τ,,,,no sponsor block
6ΥΘΣ4690ΒΤ-ΤΧΗ,2024-06-13,ΠΡΟΣΘΕΤΕΣ ΕΦΗΜΕΡΙΕΣ  ΙΑΝΟΥΑΡΙΟΣ /2024   ΓΙΑΤΡΟΙ   Ε.Σ.Υ   ΤΟΥ Κ.Ψ.ΥΓΕΙΑΣ,,,,no sponsor block
Ψ7ΥΚ4690ΒΤ-Ζ1Κ,2024-06-13,ΠΡΟΣΘΕΤΕΣ ΕΦΗΜΕΡΙΕΣ  ΙΑΝΟΥΑΡΙΟΣ /2024   ΓΙΑΤΡΟΙ   Ε.Σ.Υ   ΤΟΥ Ψ/Τ,,,,no sponsor block
9ΕΙΦ4690ΒΤ-9ΒΞ,2024-06-13,ΠΡΟΣΘΕΤΕΣ ΕΦΗΜΕΡΙΕΣ  ΙΑΝΟΥΑΡΙΟΣ /2024   ΓΙΑΤΡΟΙ   Ε.Σ.Υ ΕΙΔ/ΝΟΙ  ΤΟΥ Ψ/Τ,,,,no sponsor block
9ΗΜ34690ΒΤ-65Ζ,2024-06-13,ΠΡΟΣΘΕΤΕΣ ΕΦΗΜΕΡΙΕΣ  ΦΕΒΡΟΥΑΡΙΟΥ /2024   ΓΙΑΤΡΟΙ   Ε.Σ.Υ,,,,no sponsor block
ΨΛ664690ΒΤ-ΖΨΟ,2024-06-13,ΠΡΟΣΘΕΤΕΣ ΕΦΗΜΕΡΙΕΣ  ΦΕΒΡΟΥΑΡΙΟΥ /2024   ΕΠΙΚΟΥΡΙΚΟΙ    Ε.Σ.Υ,,,,no sponsor block
6Ζ3Δ4690ΒΤ-5ΩΑ,2024-06-13,ΠΡΟΣΘΕΤΕΣ ΕΦΗΜΕΡΙΕΣ  ΦΕΒΡΟΥΑΡΙΟΥ /2024   ΕΠΙΚΟΥΡΙΚΟΙ   Ε.Σ.Υ,,,,no sponsor block
96ΨΓ4690ΒΤ-19Ω,2024-06-13,ΠΡΟΣΘΕΤΕΣ ΕΦΗΜΕΡΙΕΣ  ΦΕΒΡΟΥΑΡΙΟΥ /2024   ΓΙΑΤΡΟΙ   Ε.Σ.Υ  ΕΙΔ/ΝΟΙ,,,,no sponsor block
69ΕΒ4690ΒΤ-ΔΜΛ,2024-06-13,ΠΡΟΣΘΕΤΕΣ ΕΦΗΜΕΡΙΕΣ  ΙΑΝΟΥΑΡΙΟΥ /2024   ΕΠ1ΚΟΥΡΙΚΟΙ   Ε.Σ.Υ,,,,no sponsor block
6Υ374690ΒΤ-8ΟΜ,2024-06-13,ΠΡΟΣΘΕΤΕΣ ΕΦΗΜΕΡΙΕΣ  ΙΑΝΟΥΑΡΙΟΥ /2024   ΕΠ1ΚΟΥΡΙΚΟΙ   Ε.Σ.Υ,,,,no sponsor block
Ψ71Λ4690ΒΤ-ΔΨΨ,2024-06-13,ΠΡΟΣΘΕΤΕΣ ΕΦΗΜΕΡΙΕΣ  ΙΑΝΟΥΑΡΙΟΥ /2024   ΓΙΑΤΡΟΙ  Ε.Σ.Υ ΕΙΔ/ΝΟΙ,,,,no sponsor block
ΨΡ924690ΒΤ-Ρ0Ω,2024-06-13,ΠΡΟΣΘΕΤΕΣ ΕΦΗΜΕΡΙΕΣ  ΙΑΝΟΥΑΡΙΟΥ /2024   ΓΙΑΤΡΟΙ  Ε.Σ.Υ,,,,no sponsor block
ΨΔ8Ε4690ΒΤ-92Ψ,2024-06-07,ΠΡΟΣΘΕΤΕΣ ΑΜΟΙΒΕΣ  ΑΠΡΙΛΙΟΥ  /2024 12 ΜΗΝΑ Ο.Α.Ε.Δ ΔΗΜ.ΠΡΟΣΚΛΗΣΗ  Νο  10/2017,,,,no sponsor block
6Μ4Μ4690ΒΤ-Τ0Υ,2024-06-07,ΠΡΟΣΘΕΤΕΣ ΑΜΟΙΒΕΣ  ΑΠΡΙΛΙΟΥ  /2024     12 ΜΗΝΑ ΟΑΕΔ  ΔΗΜ.ΠΡΟΣΚΛΗΣΗ       Νο 13/2016,,,,no sponsor block
Ψ9Κ34690ΒΤ-ΨΙΡ,2024-06-07,ΤΑΚΤΙΚΗ ΜΙΣΘΟΔΟΣΙΑ  ΜΑΙΟΥ /2024  12 ΜΗΝΑ Ο.Α.Ε.Δ   ΔΗΜ.ΠΡΟΣΚΛΗΣΗ    Νο 10/2017,,,,no sponsor block
Ψ6ΧΣ4690ΒΤ-ΤΒΧ,2024-06-07,ΤΑΚΤΙΚΗ  ΜΙΣΘΟΔΟΣΙΑ  ΜΑΙΟΥ  /2024      12 ΜΗΝΑ ΟΑΕΔ  ΔΗΜ.ΠΡΟΣΚΛΗΣΗ       Νο 13/2016,,,,no sponsor block
ΨΒ104690ΒΤ-ΕΔΗ,2024-06-05,ΜΙΣΘΟΛΟΓΙΚΗ ΚΑΤΑΣΤΑΣΗ ΤΕΧΝΟΛΟΓΩΝ ΑΠΕΙΚΟΝΙΣΤΙΚΟΥ ΕΡΓΑΣΤΗΡΙΟΥ  ΜΑΙΟΥ  /2024,,,,no sponsor block
962Β4690ΒΤ-ΩΦΤ,2024-06-05,ΜΙΣΘΟΛΟΓΙΚΗ ΚΑΤΑΣΤΑΣΗ  ΙΑΤΡΩΝ  ΑΠΕΙΚΟΝΙΣΤΙΚΟΥ  ΕΡΓΑΣΤΗΡΙΟΥ  ΜΑΙΟΥ /2024,,,,no sponsor block
Ψ0Ξ54690ΒΤ-ΚΝΔ,2024-06-05,ΜΙΣΘΟΛΟΓΙΚΗ ΚΑΤΑΣΤΑΣΗ  ΙΑΤΡΩΝ  ΑΠΕΙΚΟΝΙΣΤΙΚΟΥ  ΕΡΓΑΣΤΗΡΙΟΥ  ΜΑΙΟΥ /2024,,,,no sponsor block
Ψ4ΥΠ4690ΒΤ-ΛΚ5,2024-06-05,ΜΙΣΘΟΛΟΓΙΚΗ ΚΑΤΑΣΤΑΣΗ  ΙΑΤΡΩΝ  ΑΠΕΙΚΟΝΙΣΤΙΚΟΥ  ΕΡΓΑΣΤΗΡΙΟΥ  ΜΑΙΟΥ /2024,,,,no sponsor block
68Τ74690ΒΤ-Μ4Κ,2024-05-28,ΑΠΟΖΗΜΙΩΣΗ ΕΦΗΜΕΡΙΩΝ ΑΠΡΙΛΙΟΥ/2024  ΕΠΙΣΤΗΜΟΝΙΚΟ ΠΡΟΣΩΠΙΚΟ ΤΟΥ Κ.Ψ.ΥΓΕΙΑΣ,,,,no sponsor block
91ΩΕ4690ΒΤ-ΔΣ5,2024-05-28,ΑΠΟΖΗΜΙΩΣΗ ΕΦΗΜΕΡΙΩΝ ΑΠΡΙΛΙΟΥ/2024  ΕΠΙΣΤΗΜΟΝΙΚΟ ΠΡΟΣΩΠΙΚΟ ΤΟΥ Ψ/Τ,,,,no sponsor block
90ΥΠ4690ΒΤ-ΘΧΟ,2024-05-28,ΑΠΟΖΗΜΙΩΣΗ ΕΦΗΜΕΡΙΩΝ ΑΠΡΙΛΙΟΥ/2024  ΕΠΙΣΤΗΜΟΝΙΚΟ ΠΡΟΣΩΠΙΚΟ ΤΟΥ Ψ/Τ,,,,no sponsor block
ΨΠ1Ι4690ΒΤ-17Β,2024-05-28,ΠΡΟΣΘΕΤΕΣ ΑΜΟΙΒΕΣ  ΑΠΡΙΛΙΟΥ /2024     ΠΡΟΣΩΠΙΚΟ   ΕΠΙ  ΣΧΕΣΕΙ ΕΡΓΑΣΙΑΣ  Ι.Δ.Α.Χ ΤΟΥ Ψ/Τ,,,,no sponsor block
ΨΚΝΛ4690ΒΤ-6Χ9,2024-05-28,ΠΡΟΣΘΕΤΕΣ ΑΜΟΙΒΕΣ  ΑΠΡΙΛΙΟΥ /2024  ΝΟΣΗΛΕΥΤΙΚΟ    ΠΡΟΣΩΠΙΚΟ  Ν.Δ 1057/80   ΤΟΥ Ψ/Τ,,,,no sponsor block
ΨΕΚ84690ΒΤ-8ΡΡ,2024-05-28,ΠΡΟΣΘΕΤΕΣ ΑΜΟΙΒΕΣ  ΑΠΡΙΛΙΟΥ /2024  ΑΠΟΣΠΑΣΜΕΝΟΙ  ΤΟΥ Ψ/Τ,,,,no sponsor block
ΨΣΗΞ4690ΒΤ-Π4Γ,2024-05-28,ΠΡΟΣΘΕΤΕΣ ΑΜΟΙΒΕΣ  ΑΠΡΙΛΙΟΥ /2024  ΜΟΝΙΜΟ-ΔΟΚΙΜΟ ΒΟΗΘ.   ΠΡΟΣΩΠΙΚΟ  ΤΟΥ Ψ/Τ,,,,no sponsor block
ΨΧΠΞ4690ΒΤ-ΘΕΖ,2024-05-28,ΠΡΟΣΘΕΤΕΣ ΑΜΟΙΒΕΣ  ΑΠΡΙΛΙΟΥ /2024  ΤΕΧΝΙΚΟ    ΠΡΟΣΩΠΙΚΟ  ΤΟΥ Ψ/Τ,,,,no sponsor block
ΨΓΝΨ4690ΒΤ-ΕΝΝ,2024-05-28,ΠΡΟΣΘΕΤΕΣ ΑΜΟΙΒΕΣ  ΑΠΡΙΛΙΟΥ /2024  ΕΠΙΚΟΥΡΙΚΟ    ΠΡΟΣΩΠΙΚΟ  ΤΟΥ Ψ/Τ,,,,no sponsor block
62Α94690ΒΤ-ΤΘΒ,2024-05-28,ΠΡΟΣΘΕΤΕΣ ΑΜΟΙΒΕΣ  ΑΠΡΙΛΙΟΥ /2024  ΕΠΙΚΟΥΡΙΚΟ    ΠΡΟΣΩΠΙΚΟ  ΤΟΥ Ψ/Τ,,,,no sponsor block
94ΒΙ4690ΒΤ-ΘΞ6,2024-05-28,ΠΡΟΣΘΕΤΕΣ ΑΜΟΙΒΕΣ  ΑΠΡΙΛΙΟΥ /2024  ΝΟΣΗΛΕΥΤΙΚΟ    ΠΡΟΣΩΠΙΚΟ  ΤΟΥ Ψ/Τ,,,,no sponsor block
6ΑΗΙ4690ΒΤ-9Ψ9,2024-05-28,ΠΡΟΣΘΕΤΕΣ ΑΜΟΙΒΕΣ  ΑΠΡΙΛΙΟΥ /2024  ΕΠΙΚΟΥΡΙΚΟ   ΠΡΟΣΩΠΙΚΟ,,,,no sponsor block
69ΒΙ4690ΒΤ-ΚΒΔ,2024-05-28,ΠΡΟΣΘΕΤΕΣ ΑΜΟΙΒΕΣ  ΑΠΡΙΛΙΟΥ /2024  ΔΙΟΙΚΗΤΙΚΟ   ΠΡΟΣΩΠΙΚΟ,,,,no sponsor block
970Τ4690ΒΤ-2ΗΧ,2024-05-28,ΑΠΟΖΗΜΙΩΣΗ ΕΦΗΜΕΡΙΩΝ ΑΠΡΙΛΙΟΥ/2024   ΕΠΙΣΤΗΜΟΝΙΚΟ ΠΡΟΣΩΠΙΚΟ,,,,no sponsor block
ΨΦ7Δ4690ΒΤ-ΠΓΥ,2024-05-28,ΑΠΟΖΗΜΙΩΣΗ ΕΦΗΜΕΡΙΩΝ ΑΠΡΙΛΙΟΥ/2024   ΕΠΙΣΤΗΜΟΝΙΚΟ ΠΡΟΣΩΠΙΚΟ,,,,no sponsor block
ΨΝΝΣ4690ΒΤ-ΕΔΕ,2024-05-28,ΠΡΟΣΘΕΤΕΣ ΑΜΟΙΒΕΣ  ΑΠΡΙΛΙΟΥ /2024  ΜΟΝΙΜΟ-ΔΟΚΙΜΟ    ΠΡΟΣΩΠΙΚΟ ΕΙΔ. ΘΕΣΕΩΝ,,,,no sponsor block
ΨΚ0Ζ4690ΒΤ-15Σ,2024-05-28,ΠΡΟΣΘΕΤΕΣ ΑΜΟΙΒΕΣ  ΑΠΡΙΛΙΟΥ /2024   ΑΠΟΣΠΑΣΜΕΝΟΙ,,,,no sponsor block
6Ν5Τ4690ΒΤ-9ΣΗ,2024-05-28,ΠΡΟΣΘΕΤΕΣ ΑΜΟΙΒΕΣ  ΑΠΡΙΛΙΟΥ /2024   ΠΡΟΣΩΠΙΚΟ ΕΠΙ ΣΧΕΣΕΙ ΕΡΓΑΣΙΑΣ Ι.Δ.Α.Χ,,,,no sponsor block
Ψ8ΨΤ4690ΒΤ-7Γ6,2024-05-28,ΠΡΟΣΘΕΤΕΣ ΑΜΟΙΒΕΣ  ΑΠΡΙΛΙΟΥ /2024   ΠΡΟΣΩΠΙΚΟ Ι.Δ  Ν.2470/96,,,,no sponsor block
ΨΟΝ94690ΒΤ-ΗΞ5,2024-05-28,ΠΡΟΣΘΕΤΕΣ ΑΜΟΙΒΕΣ  ΑΠΡΙΛΙΟΥ /2024   ΝΕΟΠΡΟΣΛΑΜΒΑΝΟΜΕΝΟΙ Ο.Α.Ε.Δ ( ΠΑΛΙΟΙ ),,,,no sponsor block
6ΑΤΝ4690ΒΤ-ΞΚΩ,2024-05-28,ΠΡΟΣΘΕΤΕΣ ΑΜΟΙΒΕΣ  ΑΠΡΙΛΙΟΥ /2024   ΝΕΟΠΡΟΣΛΑΜΒΑΝΟΜΕΝΟΙ Ο.Α.Ε.Δ ( ΝΕΟΙ ),,,,no sponsor block
Ψ3Κ64690ΒΤ-6Ο3,2024-05-28,ΠΡΟΣΘΕΤΕΣ ΑΜΟΙΒΕΣ  ΑΠΡΙΛΙΟΥ /2024   ΜΟΝΙΜΟ-ΔΟΚΙΜΟ ΒΟΗΘ.  ΠΡΟΣΩΠΙΚΟ,,,,no sponsor block
ΨΜ5Γ4690ΒΤ-0Λ2,2024-05-28,ΠΡΟΣΘΕΤΕΣ ΑΜΟΙΒΕΣ  ΑΠΡΙΛΙΟΥ /2024   ΕΠΙΚΟΥΡΙΚΟ  ΠΡΟΣΩΠΙΚΟ,,,,no sponsor block
ΨΞΚΟ4690ΒΤ-ΕΡ8,2024-05-28,ΠΡΟΣΘΕΤΕΣ ΑΜΟΙΒΕΣ  ΑΠΡΙΛΙΟΥ /2024  ΝΟΣΗΛΕΥΤΙΚΟ ΠΡΟΣΩΠΙΚΟ,,,,no sponsor block
9ΩΡΒ4690ΒΤ-Ι2Ξ,2024-05-28,ΤΑΚΤΙΚΕΣ ΕΦΗΜΕΡΙΕΣ  ΑΠΡΙΛΙΟΥ /2024 ΓΙΑΤΡΟΙ Ε.Σ.Υ ΤΟΥ Κ.Ψ.ΥΓΕΙΑΣ,,,,no sponsor block
ΨΖΑ54690ΒΤ-Χ36,2024-05-28,ΤΑΚΤΙΚΕΣ ΕΦΗΜΕΡΙΕΣ  ΑΠΡΙΛΙΟΥ /2024 ΓΙΑΤΡΟΙ Ε.Σ.Υ  ΕΙΔΙΚ/ΝΟΙ  ΤΟΥ Ψ/Τ,,,,no sponsor block
ΡΚΠΨ4690ΒΤ-ΨΙΤ,2024-05-28,ΤΑΚΤΙΚΕΣ ΕΦΗΜΕΡΙΕΣ  ΑΠΡΙΛΙΟΥ /2024 ΓΙΑΤΡΟΙ Ε.Σ.Υ ΤΟΥ Ψ/Τ,,,,no sponsor block
9ΤΥΦ4690ΒΤ-Σ3Ρ,2024-05-28,ΤΑΚΤΙΚΕΣ ΕΦΗΜΕΡΙΕΣ  ΑΠΡΙΛΙΟΥ /2024  EΠΙΚΟΥΡΙΚΟΙ  Ε.Σ.Υ,,,,no sponsor block
ΡΡΥΗ4690ΒΤ-ΗΔΝ,2024-05-28,ΤΑΚΤΙΚΗ ΜΙΣΘΟΔΟΣΙΑ ΜΕΤΑΠ/ΤΕΩΝ  ΜΑΙΟΥ  /2024  ΑΜΙΣΘΟΙ ΤΕΕ (ΔΙΕΚ) Ψ.Τ,,,,no sponsor block
693Ο4690ΒΤ-2ΚΖ,2024-05-28,ΤΑΚΤΙΚΗ ΜΙΣΘΟΔΟΣΙΑ ΜΕΤΑΠ/ΤΕΩΝ  ΑΠΡΙΛΙΟΥ  /2024  ΑΜΙΣΘΟΙ ΤΕΕ ( ΕΠΑΛ ) Γ.Ν.Κ.,,,,no sponsor block
9ΕΚΦ4690ΒΤ-ΨΓ6,2024-05-28,ΤΑΚΤΙΚΗ ΜΙΣΘΟΔΟΣΙΑ ΜΕΤΑΠ/ΤΕΩΝ    MAIOY  /2024  ΑΜΙΣΘΟΙ ΤΕΕ (ΔΙΕΚ) Γ.Ν.Κ.,,,,no sponsor block
9Δ1Υ4690ΒΤ-ΛΕΔ,2024-05-28,ΤΑΚΤΙΚΗ ΜΙΣΘΟΔΟΣΙΑ ΜΕΤΑΠ/ΤΕΩΝ  ΜΑΙΟΥ /2024  ΣΠΟΥΔΑΣΤΕΣ ΠΟΥ ΑΣΚΟΥΝΤΑΙ,,,,no sponsor block
9ΡΡΦ4690ΒΤ-ΨΔΑ,2024-05-28,ΤΑΚΤΙΚΕΣ ΕΦΗΜΕΡΙΕΣ  ΑΠΡΙΛΙΟΥ /2024  ΕΠΙΚΟΥΡΙΚΟΙ  Ε.Σ.Υ,,,,no sponsor block
6ΨΨ34690ΒΤ-ΩΦ4,2024-05-28,ΤΑΚΤΙΚΗ ΜΙΣΘΟΔΟΣΙΑ ΜΕΤ/ΤΕΩΝ  ΜΑΙΟΥ /2024  ΕΠΙΣΤΗΜΟΝΙΚΟ  ΠΡΟΣΩΠΙΚΟ,,,,no sponsor block
9ΜΗΓ4690ΒΤ-ΡΣΦ,2024-05-28,ΤΑΚΤΙΚΗ ΜΙΣΘΟΔΟΣΙΑ ΜΕΤ/ΤΕΩΝ  ΜΑΙΟΥ /2024  ΕΠΙΚΟΥΡΙΚΟ ΠΡΟΣΩΠΙΚΟ ΤΡΙΜΗΝΑ COVID,,,,no sponsor block
9ΤΝ34690ΒΤ-ΤΙΕ,2024-05-28,ΤΑΚΤΙΚΕΣ ΕΦΗΜΕΡΙΕΣ  ΑΠΡΙΛΙΟΥ /2024  ΑΓΡΟΤΙΚΟΙ ΙΑΤΡΟΙ,,,,no sponsor block
ΨΚΘΜ4690ΒΤ-ΒΑ6,2024-05-28,ΤΑΚΤΙΚΕΣ ΕΦΗΜΕΡΙΕΣ  ΑΠΡΙΛΙΟΥ /2024 ΓΙΑΤΡΟΙ Ε.Σ.Υ ΕΙΔΙΚ/ΝΟΙ,,,,no sponsor block
6ΗΣ24690ΒΤ-ΥΞΩ,2024-05-28,ΤΑΚΤΙΚΗ ΜΙΣΘΟΔΟΣΙΑ ΜΕΤ/ΤΕΩΝ  ΜΑΙΟΥ /2024  ΕΠΙΚΟΥΡΙΚΟ ΠΡΟΣΩΠΙΚΟ ΑΝΑΔΡΟΜΙΚΑ  ΤΡΙΜΗΝΑ COVID,,,,no sponsor block
6Τ8Λ4690ΒΤ-ΡΘ3,2024-05-28,ΤΑΚΤΙΚΗ ΜΙΣΘΟΔΟΣΙΑ ΜΕΤ/ΤΕΩΝ  ΜΑΙΟΥ /2024  ΝΕΟΠΡΟΣΛΑΜΒΑΝΟΜΕΝΟΙ Ο.Α.Ε.Δ ( 55-67 ) ΠΑΛΙΟΙ,,,,no sponsor block
6ΘΜΜ4690ΒΤ-ΡΜ2,2024-05-28,ΤΑΚΤΙΚΕΣ ΕΦΗΜΕΡΙΕΣ  ΑΠΡΙΛΙΟΥ /2024 ΓΙΑΤΡΟΙ Ε.Σ.Υ,,,,no sponsor block
6Υ0Ε4690ΒΤ-0ΨΜ,2024-05-28,ΤΑΚΤΙΚΗ ΜΙΣΘΟΔΟΣΙΑ ΜΕΤ/ΤΕΩΝ  ΜΑΙΟΥ /2024  ΝΕΟΠΡΟΣΛΑΜΒΑΝΟΜΕΝΟΙ Ο.Α.Ε.Δ ( 55-67 ) ΝΕΟΙ,,,,no sponsor block
ΨΛΦΣ4690ΒΤ-ΧΨ0,2024-05-28,ΤΑΚΤΙΚΗ ΜΙΣΘΟΔΟΣΙΑ ΜΕΤ/ΤΕΩΝ  ΜΑΙΟΥ /2024  ΕΠΙΚΟΥΡΙΚΟΙ Ε.Σ.Υ,,,,no sponsor block
ΨΙΒΒ4690ΒΤ-5ΩΟ,2024-05-28,ΤΑΚΤΙΚΗ ΜΙΣΘΟΔΟΣΙΑ ΜΕΤ/ΤΕΩΝ  ΜΑΙΟΥ /2024  ΕΠΙΚΟΥΡΙΚΟΙ Ε.Σ.Υ,,,,no sponsor block
ΨΡ0Π4690ΒΤ-Θ31,2024-05-28,ΑΝΑΔΡΟΜΙΚΑ   ΜΕΤ/ΤΕΩΝ  ΜΑΙΟΥ /2024  ΕΠΙΚΟΥΡΙΚΟ ΠΡΟΣΩΠΙΚΟ,,,,no sponsor block
96Μ84690ΒΤ-Φ5Ι,2024-05-28,ΠΡΟΜ.ΛΟΙΠΟΥ ΧΗΜΙΚΟΥ ΥΛΙΚΟΥ/2023 ( 23REQ012375468 ) CPV 33696500-0,,,,no sponsor block
65ΣΔ4690ΒΤ-22Ε,2024-05-28,ΓΙΑ ΤΗΝ ΑΞΙΑ ΠΛΗΡΩΜΗΣ ΟΔΟΙΠΟΡΙΚΩΝ ΕΞΟΔΩΝ ΚΑΙ ΗΜΕΡΗΣΙΑΣ ΑΠΟΖΗΜΙΩΣΗΣ ΥΠΑΛΛΗΛΩΝ  Γ.Ν.ΚΑΤΕΡΙΝΗΣ,,,,no sponsor block
99ΓΖ4690ΒΤ-0ΜΩ,2024-05-28,ΓΙΑ ΤΗΝ ΑΞΙΑ ΠΛΗΡΩΜΗΣ ΟΔΟΙΠΟΡΙΚΩΝ ΕΞΟΔΩΝ ΚΑΙ ΗΜΕΡΗΣΙΑΣ ΑΠΟΖΗΜΙΩΣΗΣ ΥΠΑΛΛΗΛΩΝ  Γ.Ν.ΚΑΤΕΡΙΝΗΣ,,,,no sponsor block
ΨΝΛΔ4690ΒΤ-ΦΕΕ,2024-05-28,ΓΙΑ ΤΗΝ ΑΞΙΑ ΠΛΗΡΩΜΗΣ ΟΔΟΙΠΟΡΙΚΩΝ ΕΞΟΔΩΝ ΚΑΙ ΗΜΕΡΗΣΙΑΣ ΑΠΟΖΗΜΙΩΣΗΣ ΥΠΑΛΛΗΛΩΝ ΜΑΡΤΙΟΥ Γ.Ν.ΚΑΤΕΡΙΝΗΣ,,,,no sponsor block
97ΔΡ4690ΒΤ-ΒΦΠ,2024-05-28,ΓΙΑ ΤΗΝ ΑΞΙΑ ΠΛΗΡΩΜΗΣ ΟΔΟΙΠΟΡΙΚΩΝ ΕΞΟΔΩΝ ΚΑΙ ΗΜΕΡΗΣΙΑΣ ΑΠΟΖΗΜΙΩΣΗΣ ΥΠΑΛΛΗΛΩΝ ΑΠΡΙΛΙΟΥ Γ.Ν.ΚΑΤΕΡΙΝΗΣ,,,,no sponsor block
Ψ9Ξ64690ΒΤ-6ΑΒ,2024-05-09,ΣΥΜΠΗΡΩΜΑΤΙΚΑ ΜΙΣΘΟΔΟΣΙΑ ΑΝΑΔΡΟΜΙΚΩΝ ΑΠΡΙΛΙΟΥ/2024 12 ΜΗΝΑ Ο.Α.Ε.Δ ΔΗΜ.ΠΡΟΣΚΛΗΣΗ  Νο 13/2016,,,,no sponsor block
6ΨΙ84690ΒΤ-09Ω,2024-05-09,ΠΡΟΣΘΕΤΕΣ ΑΜΟΙΒΕΣ  ΜΑΡΤΙΟΥ  /2024     12 ΜΗΝΑ ΟΑΕΔ  ΔΗΜ.ΠΡΟΣΚΛΗΣΗ       Νο 13/2016,,,,no sponsor block
6Ξ754690ΒΤ-7ΞΖ,2024-05-09,ΠΡΟΣΘΕΤΕΣ ΑΜΟΙΒΕΣ  ΜΑΡΤΙΟΥ  /2024 12 ΜΗΝΑ Ο.Α.Ε.Δ ΔΗΜ.ΠΡΟΣΚΛΗΣΗ  Νο  10/2017,,,,no sponsor block
9ΛΩΑ4690ΒΤ-479,2024-05-09,ΤΑΚΤΙΚΗ ΜΙΣΘΟΔΟΣΙΑ  ΑΠΡΙΛΙΟΥ /2024  12 ΜΗΝΑ Ο.Α.Ε.Δ   ΔΗΜ.ΠΡΟΣΚΛΗΣΗ    Νο 10/2017,,,,no sponsor block
6Γ7Ψ4690ΒΤ-7Ξ2,2024-05-09,ΤΑΚΤΙΚΗ  ΜΙΣΘΟΔΟΣΙΑ  ΑΠΡΙΛΙΟΥ  /2024      12 ΜΗΝΑ ΟΑΕΔ  ΔΗΜ.ΠΡΟΣΚΛΗΣΗ       Νο 13/2016,,,,no sponsor block
9ΦΚ54690ΒΤ-ΖΥΟ,2024-04-30,Ηλεκτρονικός ανοικτός διαγωνισμός προιόντων διατροφής 1ος/2024  cpv 15800000-6     ( 1o X.E 1819/2023 ),999825956,ΓΕΝΙΚΟ ΚΡΑΤΙΚΟ ΝΟΣΟΚΟΜΕΙΟ ΚΑΤΕΡΙΝΗΣ,511.03,self-referential (payroll/EFKA/FMY remittance)
69ΙΞ4690ΒΤ-86Α,2024-04-30,Ηλεκτρονικός ανοικτός διαγωνισμός προιόντων διατροφής 1ος & 2ος /2024  cpv 15800000-6     ( 1o X.E 1819/2023 ),999825956,ΓΕΝΙΚΟ ΚΡΑΤΙΚΟ ΝΟΣΟΚΟΜΕΙΟ ΚΑΤΕΡΙΝΗΣ,4383.44,self-referential (payroll/EFKA/FMY remittance)
ΨΟΤΞ4690ΒΤ-ΣΗΠ,2024-04-30,ΠΛΗΡΩΜΗ ΠΡΟΣΩΠΙΚΟΥ ΑΠΟ ΤΗΝ ΟΛΟΗΜΕΡΗ ΛΕΙΤΟΥΡΓΙΑ ΤΟΥ ΝΟΣΟΚΟΜΕΙΟΥ  ΜΗΝΟΣ  ΑΠΡΙΛΙΟΥ /2024,,,,no sponsor block
6ΨΡΠ4690ΒΤ-12Τ,2024-04-30,ΠΛΗΡΩΜΗ ΙΑΤΡΩΝ ΑΠΟ ΤΗΝ ΟΛΟΗΜΕΡΗ ΛΕΙΤΟΥΡΓΙΑ ΤΟΥ ΝΟΣΟΚΟΜΕΙΟΥ  ΜΗΝΟΣ   ΑΠΡΙΛΙΟΥ  /2024,,,,no sponsor block
9ΤΚΩ4690ΒΤ-ΥΩ3,2024-04-30,ΜΙΣΘΟΛΟΓΙΚΗ ΚΑΤΑΣΤΑΣΗ  ΙΑΤΡΩΝ  ΑΠΕΙΚΟΝΙΣΤΙΚΟΥ  ΕΡΓΑΣΤΗΡΙΟΥ  ΑΠΡΙΛΙΟΣ /2024,,,,no sponsor block
9ΘΕΗ4690ΒΤ-4ΞΣ,2024-04-30,ΜΙΣΘΟΛΟΓΙΚΗ ΚΑΤΑΣΤΑΣΗ ΤΕΧΝΟΛΟΓΩΝ ΑΠΕΙΚΟΝΙΣΤΙΚΟΥ ΕΡΓΑΣΤΗΡΙΟΥ  ΑΠΡΙΛΙΟΣ  /2024,,,,no sponsor block
9ΗΙ84690ΒΤ-ΕΜ6,2024-04-25,ΑΠΟΖΗΜΙΩΣΗ ΕΦΗΜΕΡΙΩΝ  ΕΠΙΣΤΗΜΟΝΙΚΟΥ  ΠΡΟΣΩΠΙΚΟΥ  ΜΑΡΤΙΟΣ /2024 ΤΟΥ Ψ/Τ,,,,no sponsor block
Ψ2ΚΒ4690ΒΤ-6ΣΛ,2024-04-25,ΑΠΟΖΗΜΙΩΣΗ ΕΦΗΜΕΡΙΩΝ  ΕΠΙΣΤΗΜΟΝΙΚΟΥ  ΠΡΟΣΩΠΙΚΟΥ  ΜΑΡΤΙΟΣ /2024 ΤΟΥ Ψ/Τ,,,,no sponsor block
Ψ4Θ04690ΒΤ-Σ0Ξ,2024-04-25,ΑΠΟΖΗΜΙΩΣΗ ΕΦΗΜΕΡΙΩΝ  ΕΠΙΣΤΗΜΟΝΙΚΟΥ  ΠΡΟΣΩΠΙΚΟΥ  ΜΑΡΤΙΟΣ /2024 ΤΟΥ Κ.Ψ.ΥΓΕΙΑΣ,,,,no sponsor block
9Π0Η4690ΒΤ-ΔΦΣ,2024-04-25,ΠΡΟΣΘΕΤΕΣ ΑΜΟΙΒΕΣ  ΜΑΡΤΙΟΥ /2024   ΝΟΣΗΛΕΥΤΙΚΟ ΠΡΟΣΩΠΙΚΟ  Ν.Δ  1057/80  ΤΟΥ   Ψ/Τ,,,,no sponsor block
Ψ3ΣΡ4690ΒΤ-ΨΛΥ,2024-04-25,ΑΠΟΖΗΜΙΩΣΗ ΕΦΗΜΕΡΙΩΝ ΜΑΡΤΙΟΥ/2024 ΕΠΙΣΤΗΜΟΝΙΚΟ ΠΡΟΣΩΠΙΚΟ,,,,no sponsor block
6ΕΘΔ4690ΒΤ-64Χ,2024-04-25,ΠΡΟΣΘΕΤΕΣ ΑΜΟΙΒΕΣ  ΜΑΡΤΙΟΥ /2024  ΜΟΝΙΜΟ-ΔΟΚΙΜΟ ΒΟΗΘ.  ΠΡΟΣΩΠΙΚΟ ΤΟΥ Ψ/Τ,,,,no sponsor block
Ψ3Ν54690ΒΤ-ΓΒΧ,2024-04-25,ΑΠΟΖΗΜΙΩΣΗ ΕΦΗΜΕΡΙΩΝ ΜΑΡΤΙΟΥ/2024 ΕΠΙΣΤΗΜΟΝΙΚΟ ΠΡΟΣΩΠΙΚΟ,,,,no sponsor block
9ΜΥΓ4690ΒΤ-09Ν,2024-04-25,ΠΡΟΣΘΕΤΕΣ ΑΜΟΙΒΕΣ  ΜΑΡΤΙΟΥ /2024     ΠΡΟΣΩΠΙΚΟ ΕΠΙ ΣΧΕΣΕΙ ΕΡΓΑΣΙΑΣ Ι.Δ.Α.Χ,,,,no sponsor block
9ΛΡ34690ΒΤ-ΕΨΛ,2024-04-25,ΠΡΟΣΘΕΤΕΣ ΑΜΟΙΒΕΣ  ΜΑΡΤΙΟΥ /2024   ΜΟΝΙΜΟ-ΔΟΚΙΜΟ ΒΟΗΘ.  ΠΡΟΣΩΠΙΚΟ,,,,no sponsor block
6ΓΔ74690ΒΤ-ΔΡΜ,2024-04-25,ΠΡΟΣΘΕΤΕΣ ΑΜΟΙΒΕΣ  ΜΑΡΤΙΟΥ /2024   ΔΙΟΚΗΤΙΚΟ   ΠΡΟΣΩΠΙΚΟ,,,,no sponsor block
Ρ4Ψ14690ΒΤ-ΘΟΨ,2024-04-25,ΠΡΟΣΘΕΤΕΣ ΑΜΟΙΒΕΣ  ΜΑΡΤΙΟΥ /2024     ΠΡΟΣΩΠΙΚΟ  Ι.Δ  Ν.2470/96,,,,no sponsor block
6Ω0Ζ4690ΒΤ-8ΘΥ,2024-04-25,ΠΡΟΣΘΕΤΕΣ ΑΜΟΙΒΕΣ  ΜΑΡΤΙΟΥ /2024   ΑΠΟΣΠΑΣΜΕΝΟΙ,,,,no sponsor block
9ΨΗΕ4690ΒΤ-612,2024-04-25,ΠΡΟΣΘΕΤΕΣ ΑΜΟΙΒΕΣ  ΜΑΡΤΙΟΥ /2024  ΝΕΟΠΡΟΣΛΑΜΒΑΝΟΜΕΝΟΙ Ο.Α.Ε.Δ ( 55-67 ) ΠΑΛΙΟΙ,,,,no sponsor block
ΨΟΧΣ4690ΒΤ-Λ3Ν,2024-04-25,ΠΡΟΣΘΕΤΕΣ ΑΜΟΙΒΕΣ  ΜΑΡΤΙΟΥ /2024  ΝΕΟΠΡΟΣΛΑΜΒΑΝΟΜΕΝΟΙ Ο.Α.Ε.Δ ( 55-67 ) ΝΕΟΙ,,,,no sponsor block
ΨΒ4Μ4690ΒΤ-8ΑΨ,2024-04-25,ΠΡΟΣΘΕΤΕΣ ΑΜΟΙΒΕΣ  ΜΑΡΤΙΟΥ /2024   ΤΕΧΝΙΚΟ  ΠΡΟΣΩΠΙΚΟ ΤΟΥ Ψ/Τ,,,,no sponsor block
Ρ6Κ04690ΒΤ-ΚΙΕ,2024-04-25,ΠΡΟΣΘΕΤΕΣ ΑΜΟΙΒΕΣ  ΜΑΡΤΙΟΥ /2024   ΠΡΟΣΩΠΙΚΟ  ΕΠΙ ΣΧΕΣΕΙ ΕΡΓΑΣΙΑΣ Ι.Δ.Α.Χ  ΤΟΥ Ψ/Τ,,,,no sponsor block
ΨΣΦΛ4690ΒΤ-ΔΝ4,2024-04-25,ΠΡΟΣΘΕΤΕΣ ΑΜΟΙΒΕΣ  ΜΑΡΤΙΟΥ /2024  ΕΠΙΚΟΥΡΙΚΟ ΤΡΙΜΗΝΙΝΟ COVID  ΠΡΟΣΩΠΙΚΟ ΤΟΥ Ψ/Τ,,,,no sponsor block
96ΩΖ4690ΒΤ-Ξ3Θ,2024-04-25,ΠΡΟΣΘΕΤΕΣ ΑΜΟΙΒΕΣ  ΜΑΡΤΙΟΥ /2024   ΕΠΙΚΟΥΡΙΚΟ ΤΡΙΜΗΝΟ COVID  ΠΡΟΣΩΠΙΚΟ,,,,no sponsor block
6ΔΔ14690ΒΤ-Χ14,2024-04-25,ΠΡΟΣΘΕΤΕΣ ΑΜΟΙΒΕΣ  ΜΑΡΤΙΟΥ /2024  ΕΠΙΚΟΥΡΙΚΟ ΤΡΙΜΗΝΙΝΟ COVID  ΠΡΟΣΩΠΙΚΟ ΤΟΥ Ψ/Τ,,,,no sponsor block
99ΔΒ4690ΒΤ-ΔΩΠ,2024-04-25,ΠΡΟΣΘΕΤΕΣ ΑΜΟΙΒΕΣ  ΜΑΡΤΙΟΥ /2024   ΜΟΝΙΜΟ-ΔΟΚΙΜΟ ΒΟΗΘ.  ΠΡΟΣΩΠΙΚΟ,,,,no sponsor block
9ΞΛ24690ΒΤ-4Γ8,2024-04-25,ΠΡΟΣΘΕΤΕΣ ΑΜΟΙΒΕΣ  ΜΑΡΤΙΟΥ /2024  ΕΠΙΚΟΥΡΙΚΟ  ΠΡΟΣΩΠΙΚΟ ΤΟΥ Ψ/Τ,,,,no sponsor block
635Π4690ΒΤ-ΚΒΖ,2024-04-25,ΠΡΟΣΘΕΤΕΣ ΑΜΟΙΒΕΣ  ΜΑΡΤΙΟΥ /2024 ΝΟΣΗΛΕΥΤΙΚΟ ΠΡΟΣΩΠΙΚΟ ΤΟΥ Ψ/Τ,,,,no sponsor block
9ΜΕΗ4690ΒΤ-ΥΣΨ,2024-04-25,ΠΡΟΣΘΕΤΕΣ ΑΜΟΙΒΕΣ  ΜΑΡΤΙΟΥ /2024   ΕΠΙΚΟΥΡΙΚΟ  ΠΡΟΣΩΠΙΚΟ,,,,no sponsor block
ΨΣ044690ΒΤ-ΠΘΙ,2024-04-25,ΠΡΟΣΘΕΤΕΣ ΑΜΟΙΒΕΣ  ΜΑΡΤΙΟΥ /2024  ΝΟΣΗΛΕΥΤΙΚΟ ΠΡΟΣΩΠΙΚΟ,,,,no sponsor block
9ΟΜΝ4690ΒΤ-ΤΘΛ,2024-04-25,ΤΑΚΤΙΚΕΣ ΕΦΗΜΕΡΙΕΣ ΜΑΡΤΙΟΥ /2024 ΓΙΑΤΡΟΙ Ε.Σ.Υ   ΕΙΔΙΚ/ΝΟΙ  ΤΟΥ Ψ/Τ,,,,no sponsor block
ΨΒΑΖ4690ΒΤ-40Δ,2024-04-25,ΤΑΚΤΙΚΕΣ ΕΦΗΜΕΡΙΕΣ ΜΑΡΤΙΟΥ /2024 ΓΙΑΤΡΟΙ Ε.Σ.Υ ΤΟΥ Ψ/Τ,,,,no sponsor block
65ΔΞ4690ΒΤ-Θ21,2024-04-25,ΤΑΚΤΙΚΕΣ ΕΦΗΜΕΡΙΕΣ ΜΑΡΤΙΟΥ /2024 ΓΙΑΤΡΟΙ Ε.Σ.Υ ΤΟΥ Κ.Ψ.ΥΓΕΙΑΣ,,,,no sponsor block
9ΝΨΒ4690ΒΤ-ΞΨΧ,2024-04-25,ΤΑΚΤΙΚΕΣ ΕΦΗΜΕΡΙΕΣ ΜΑΡΤΙΟΥ /2024  ΕΠΙΚΟΥΡΙΚΟΙ  Ε.Σ.Υ,,,,no sponsor block
ΨΙ374690ΒΤ-ΨΗ1,2024-04-25,ΤΑΚΤΙΚΕΣ ΕΦΗΜΕΡΙΕΣ ΜΑΡΤΙΟΥ /2024  ΕΠΙΚΟΥΡΙΚΟΙ  Ε.Σ.Υ,,,,no sponsor block
6ΓΒ04690ΒΤ-ΥΨ6,2024-04-25,ΤΑΚΤΙΚΕΣ ΕΦΗΜΕΡΙΕΣ ΜΑΡΤΙΟΥ /2024  ΑΓΡΟΤΙΚΟΙ ΙΑΤΡΟΙ,,,,no sponsor block
6ΨΡΒ4690ΒΤ-ΒΙ4,2024-04-25,ΤΑΚΤΙΚΕΣ ΕΦΗΜΕΡΙΕΣ ΜΑΡΤΙΟΥ /2024 ΓΙΑΤΡΟΙ Ε.Σ.Υ ΕΙΔ/ΝΟΙ,,,,no sponsor block
99ΔΟ4690ΒΤ-ΗΓΧ,2024-04-25,ΤΑΚΤΙΚΕΣ ΕΦΗΜΕΡΙΕΣ ΜΑΡΤΙΟΥ /2024 ΓΙΑΤΡΟΙ Ε.Σ.Υ,,,,no sponsor block
6ΜΩΩ4690ΒΤ-9ΣΒ,2024-04-25,ΤΑΚΤΙΚΗ ΜΙΣΘΟΔΟΣΙΑ ΜΕΤΑΠ/ΤΕΩΝ  ΑΠΡΙΛΙΟΣ /2024  ΣΠΟΥΔΑΣΤΕΣ ΠΟΥ ΑΣΚΟΥΝΤΑΙ,,,,no sponsor block
68ΟΙ4690ΒΤ-ΑΓΝ,2024-04-25,ΤΑΚΤΙΚΗ ΜΙΣΘΟΔΟΣΙΑ ΜΕΤΑΠ/ΤΕΩΝ    ΑΠΡΙΛΙΟΥ /2024  ΑΜΙΣΘΟΙ ΤΕΕ (ΔΙΕΚ) Γ.Ν.Κ.,,,,no sponsor block
65584690ΒΤ-Δ5Η,2024-04-25,ΤΑΚΤΙΚΗ ΜΙΣΘΟΔΟΣΙΑ ΜΕΤΑΠ/ΤΕΩΝ  ΑΠΡΙΛΙΟΥ  /2024  ΑΜΙΣΘΟΙ ΤΕΕ (ΔΙΕΚ) Ψ.Τ,,,,no sponsor block
60524690ΒΤ-ΜΑ4,2024-04-25,ΤΑΚΤΙΚΗ ΜΙΣΘΟΔΟΣΙΑ ΜΕΤΑΠ/ΤΕΩΝ  ΜΑΡΤΙΟΥ  /2024  ΑΜΙΣΘΟΙ ΤΕΕ ( ΕΠΑΛ ) Γ.Ν.Κ.,,,,no sponsor block
ΨΨΣΠ4690ΒΤ-ΩΜ6,2024-04-24,ΤΑΚΤΙΚΗ ΜΙΣΘΟΔΟΣΙΑ ΜΕΤ/ΤΕΩΝ  ΑΠΡΙΛΙΟΥ /2024  ΝΕΟΠΡΟΣΛΑΜΒΑΝΟΜΕΝΟΙ Ο.Α.Ε.Δ ( 55-67 ) ΠΑΛΙΟΙ,,,,no sponsor block
9Ε774690ΒΤ-13Γ,2024-04-24,ΤΑΚΤΙΚΗ ΜΙΣΘΟΔΟΣΙΑ ΜΕΤ/ΤΕΩΝ  ΑΠΡΙΛΙΟΥ /2024  ΝΕΟΠΡΟΣΛΑΜΒΑΝΟΜΕΝΟΙ Ο.Α.Ε.Δ ( 55-67 ) ΝΕΟΙ,,,,no sponsor block
ΨΝΒΗ4690ΒΤ-ΒΔΞ,2024-04-24,ΤΑΚΤΙΚΗ ΜΙΣΘΟΔΟΣΙΑ ΜΕΤ/ΤΕΩΝ  ΑΠΡΙΛΙΟΥ /2024  ΕΠΙΚΟΥΡΙΚΟ ΠΡΟΣΩΠΙΚΟ ΑΝΑΔΡΟΜΙΚΑ ΤΡΙΜΗΝΑ COVID,,,,no sponsor block
9ΤΤ54690ΒΤ-Α2Σ,2024-04-24,ΤΑΚΤΙΚΗ ΜΙΣΘΟΔΟΣΙΑ ΜΕΤ/ΤΕΩΝ  ΑΠΡΙΛΙΟΥ /2024  ΕΠΙΚΟΥΡΙΚΟ ΠΡΟΣΩΠΙΚΟ ΤΡΙΜΗΝΟ COVID,,,,no sponsor block
61ΥΡ4690ΒΤ-ΧΔ1,2024-04-24,ΤΑΚΤΙΚΗ ΜΙΣΘΟΔΟΣΙΑ ΜΕΤ/ΤΕΩΝ  ΑΠΡΙΛΙΟΥ /2024  ΕΠΙΚΟΥΡΙΚΟ ΠΡΟΣΩΠΙΚΟ ΑΝΑΔΡΟΜΙΚΑ COVID,,,,no sponsor block
60Χ04690ΒΤ-ΒΞΘ,2024-04-24,ΤΑΚΤΙΚΗ ΜΙΣΘΟΔΟΣΙΑ ΜΕΤ/ΤΕΩΝ  ΑΠΡΙΛΙΟΥ /2024  ΕΠΙΣΤΗΜΟΝΙΚΟ  ΠΡΟΣΩΠΙΚΟ,,,,no sponsor block
6Ν384690ΒΤ-ΚΞΖ,2024-04-24,ΤΑΚΤΙΚΗ ΜΙΣΘΟΔΟΣΙΑ ΜΕΤ/ΤΕΩΝ  ΑΠΡΙΛΙΟΥ /2024  ΕΠΙΚΟΥΡΙΚΟΙ Ε.Σ.Υ,,,,no sponsor block
99Ω44690ΒΤ-4Κ2,2024-04-24,ΤΑΚΤΙΚΗ ΜΙΣΘΟΔΟΣΙΑ ΜΕΤ/ΤΕΩΝ  ΑΠΡΙΛΙΟΥ /2024  ΕΠΙΚΟΥΡΙΚΟ E.Σ.Υ,,,,no sponsor block
90Β34690ΒΤ-Σ9Β,2024-04-24,ΤΑΚΤΙΚΗ ΜΙΣΘΟΔΟΣΙΑ ΜΕΤ/ΤΕΩΝ  ΑΠΡΙΛΙΟΥ /2024  ΕΠΙΚΟΥΡΙΚΟ ΠΡΟΣΩΠΙΚΟ,,,,no sponsor block
66ΠΗ4690ΒΤ-ΞΤΗ,2024-04-17,ΜΙΣΘΟΛΟΓΙΚΗ ΚΑΤΑΣΤΑΣΗ ΤΕΧΝΟΛΟΓΩΝ ΑΠΕΙΚΟΝΙΣΤΙΚΟΥ ΕΡΓΑΣΤΗΡΙΟΥ  ΙΑΝΟΥΑΡΙΟΣ  /2024,,,,no sponsor block
6ΡΚΝ4690ΒΤ-ΧΔΩ,2024-04-17,ΜΙΣΘΟΛΟΓΙΚΗ ΚΑΤΑΣΤΑΣΗ  ΙΑΤΡΩΝ  ΑΠΕΙΚΟΝΙΣΤΙΚΟΥ ΕΡΓΑΣΤΗΡΙΟΥ  ΙΑΝΟΥΑΡΙΟΣ /2024,,,,no sponsor block
6ΦΨΝ4690ΒΤ-2ΡΖ,2024-04-17,ΠΛΗΡΩΜΗ ΠΡΟΣΩΠΙΚΟΥ ΑΠΟ ΤΗΝ ΟΛΟΗΜΕΡΗ ΛΕΙΤΟΥΡΓΙΑ ΤΟΥ ΝΟΣΟΚΟΜΕΙΟΥ  ΜΗΝΟΣ  ΙΑΝΟΥΑΡΙΟΥ  /2024,,,,no sponsor block
65ΗΘ4690ΒΤ-8Ρ4,2024-04-17,ΠΛΗΡΩΜΗ ΙΑΤΡΩΝ ΑΠΟ ΤΗΝ ΟΛΟΗΜΕΡΗ ΛΕΙΤΟΥΡΓΙΑ ΤΟΥ ΝΟΣΟΚΟΜΕΙΟΥ  ΜΗΝΟΣ   ΙΑΝΟΥΑΡΙΟΥ  /2024,,,,no sponsor block
Ψ1ΤΧ4690ΒΤ-ΝΥΛ,2024-04-17,ΓΙΑ ΤΗΝ ΑΞΙΑ ΠΛΗΡΩΜΗΣ ΟΔΟΙΠΟΡΙΚΩΝ ΕΞΟΔΩΝ ΚΑΙ ΗΜΕΡΗΣΙΑΣ ΑΠΟΖΗΜΙΩΣΗΣ ΥΠΑΛΛΗΛΩΝ Γ.Ν.ΚΑΤΕΡΙΝΗΣ,,,,no sponsor block
9ΚΩΩ4690ΒΤ-ΟΟΚ,2024-04-15,ΠΛΗΡΩΜΗ ΠΡΟΣΩΠΙΚΟΥ ΑΠΟ ΤΗΝ ΟΛΟΗΜΕΡΗ ΛΕΙΤΟΥΡΓΙΑ ΤΟΥ ΝΟΣΟΚΟΜΕΙΟΥ  ΜΗΝΟΣ  ΜΑΡΤΙΟΥ /2024,,,,no sponsor block
ΨΥΜ24690ΒΤ-ΒΩΙ,2024-04-15,ΠΛΗΡΩΜΗ ΙΑΤΡΩΝ ΑΠΟ ΤΗΝ ΟΛΟΗΜΕΡΗ ΛΕΙΤΟΥΡΓΙΑ ΤΟΥ ΝΟΣΟΚΟΜΕΙΟΥ  ΜΗΝΟΣ   ΜΑΡΤΙΟΥ  /2024,,,,no sponsor block
6Φ944690ΒΤ-ΠΟ9,2024-04-15,ΜΙΣΘΟΛΟΓΙΚΗ ΚΑΤΑΣΤΑΣΗ  ΙΑΤΡΩΝ  ΑΠΕΙΚΟΝΙΣΤΙΚΟΥ  ΕΡΓΑΣΤΗΡΙΟΥ  ΜΑΡΤΙΟΣ /2024,,,,no sponsor block
9ΕΤΠ4690ΒΤ-ΧΒΓ,2024-04-15,ΜΙΣΘΟΛΟΓΙΚΗ ΚΑΤΑΣΤΑΣΗ  ΙΑΤΡΩΝ  ΑΠΕΙΚΟΝΙΣΤΙΚΟΥ & ΚΑΡΔΙΟΛΟΓΙΚΟΥ ΕΡΓΑΣΤΗΡΙΟΥ  ΔΕΚΕΜΒΡΙΟΣ /2023,,,,no sponsor block
ΨΨΧ64690ΒΤ-Θ11,2024-04-15,ΜΙΣΘΟΛΟΓΙΚΗ ΚΑΤΑΣΤΑΣΗ ΤΕΧΝΟΛΟΓΩΝ ΑΠΕΙΚΟΝΙΣΤΙΚΟΥ ΕΡΓΑΣΤΗΡΙΟΥ  ΜΑΡΤΙΟΣ  /2024,,,,no sponsor block
Ψ30Η4690ΒΤ-ΜΔΧ,2024-04-15,ΜΙΣΘΟΛΟΓΙΚΗ ΚΑΤΑΣΤΑΣΗ ΤΕΧΝΟΛΟΓΩΝ ΑΠΕΙΚΟΝΙΣΤΙΚΟΥ ΕΡΓΑΣΤΗΡΙΟΥ  ΔΕΚΕΜΒΡΙΟΣ  /2023,,,,no sponsor block
61ΗΚ4690ΒΤ-ΩΝΤ,2024-04-08,ΠΡΟΣΘΕΤΕΣ ΑΜΟΙΒΕΣ  ΦΕΒΡΟΥΑΡΙΟΥ  /2024 12 ΜΗΝΑ Ο.Α.Ε.Δ ΔΗΜ.ΠΡΟΣΚΛΗΣΗ  Νο  10/2017,,,,no sponsor block
9ΠΚ94690ΒΤ-5ΘΔ,2024-04-08,ΠΡΟΣΘΕΤΕΣ ΑΜΟΙΒΕΣ  ΦΕΒΡΟΥΑΡΙΟΥ  /2024     12 ΜΗΝΑ ΟΑΕΔ  ΔΗΜ.ΠΡΟΣΚΛΗΣΗ       Νο 13/2016,,,,no sponsor block
6ΥΔΗ4690ΒΤ-4Τ9,2024-04-08,ΤΑΚΤΙΚΗ ΜΙΣΘΟΔΟΣΙΑ  ΜΑΡΤΙΟΥ /2024  12 ΜΗΝΑ Ο.Α.Ε.Δ   ΔΗΜ.ΠΡΟΣΚΛΗΣΗ    Νο 10/2017,,,,no sponsor block
9ΟΒ54690ΒΤ-Γ4Σ,2024-04-08,ΤΑΚΤΙΚΗ  ΜΙΣΘΟΔΟΣΙΑ  ΜΑΡΤΙΟΥ  /2024      12 ΜΗΝΑ ΟΑΕΔ  ΔΗΜ.ΠΡΟΣΚΛΗΣΗ       Νο 13/2016,,,,no sponsor block
Ψ7814690ΒΤ-ΔΘ2,2024-04-08,ΔΙΑΦΗΜΙΣΕΙΣ ΚΑΙ ΔΗΜΟΣΙΕΥΣΕΙΣ/2023   CPV 79970000-4,046374341,"ΓΙΑΝΝΟΥΛΗ,,ΣΜΑΡΩ,ΑΛΕΞΑΝΔΡΟΣ",-89.28,negative amount
Ρ4764690ΒΤ-Π71,2024-04-03,ΠΛΗΡΩΜΗ ΠΡΟΣΩΠΙΚΟΥ ΑΠΟ ΤΗΝ ΟΛΟΗΜΕΡΗ ΛΕΙΤΟΥΡΓΙΑ ΤΟΥ ΝΟΣΟΚΟΜΕΙΟΥ  ΜΗΝΟΣ  ΦΕΒΡΟΥΑΡΙΟΥ /2024,,,,no sponsor block
96Γ04690ΒΤ-Θ2Α,2024-04-03,ΠΛΗΡΩΜΗ ΙΑΤΡΩΝ ΑΠΟ ΤΗΝ ΟΛΟΗΜΕΡΗ ΛΕΙΤΟΥΡΓΙΑ ΤΟΥ ΝΟΣΟΚΟΜΕΙΟΥ  ΜΗΝΟΣ   ΦΕΒΡΟΥΑΡΙΟΥ  /2024,,,,no sponsor block
ΨΖΥΡ4690ΒΤ-1ΘΡ,2024-04-03,ΜΙΣΘΟΛΟΓΙΚΗ ΚΑΤΑΣΤΑΣΗ  ΙΑΤΡΩΝ  ΑΠΕΙΚΟΝΙΣΤΙΚΟΥ ΕΡΓΑΣΤΗΡΙΟΥ  ΦΕΒΡΟΥΑΡΙΟΣ /2024,,,,no sponsor block
ΨΡ8Γ4690ΒΤ-7ΧΩ,2024-04-03,ΜΙΣΘΟΛΟΓΙΚΗ ΚΑΤΑΣΤΑΣΗ  ΙΑΤΡΩΝ  ΑΠΕΙΚΟΝΙΣΤΙΚΟΥ ΕΡΓΑΣΤΗΡΙΟΥ  ΦΕΒΡΟΥΑΡΙΟΣ /2024,,,,no sponsor block
61ΚΝ4690ΒΤ-ΜΕ8,2024-04-03,ΜΙΣΘΟΛΟΓΙΚΗ ΚΑΤΑΣΤΑΣΗ ΤΕΧΝΟΛΟΓΩΝ ΑΠΕΙΚΟΝΙΣΤΙΚΟΥ ΕΡΓΑΣΤΗΡΙΟΥ  ΦΕΒΡΟΥΑΡΙΟΣ  /2024,,,,no sponsor block
ΨΖΨΗ4690ΒΤ-2ΨΕ,2024-04-02,ΑΠΟΖΗΜΙΩΣΗ ΕΦΗΜΕΡΙΩΝ ΕΠΙΣΤΗΜΟΝΙΚΟΥ ΠΡΟΣΩΠΙΚΟΥ ΦΕΒΡΟΥΑΡΙΟΣ /2024,,,,no sponsor block
Ψ8ΑΚ4690ΒΤ-23Χ,2024-04-02,ΑΠΟΖΗΜΙΩΣΗ ΕΦΗΜΕΡΙΩΝ ΕΠΙΣΤΗΜΟΝΙΚΟΥ ΠΡΟΣΩΠΙΚΟΥ ΦΕΒΡΟΥΑΡΙΟΣ /2024,,,,no sponsor block
ΨΑΩΡ4690ΒΤ-00Ε,2024-04-02,ΠΡΟΣΘΕΤΕΣ ΑΜΟΙΒΕΣ ΦΕΒΡΟΥΑΡΙΟΥ/2024   ΕΠΙΚΟΥΡΙΚΟ ΠΡΟΣΩΠΙΚΟ  ΠΡΩΗΝ  Π.Δ.Ε,,,,no sponsor block
Ψ0ΩΖ4690ΒΤ-Α05,2024-04-02,ΠΡΟΣΘΕΤΕΣ ΑΜΟΙΒΕΣ ΦΕΒΡΟΥΑΡΙΟΥ/2024   ΕΠΙΚΟΥΡΙΚΟ ΠΡΟΣΩΠΙΚΟ ΤΡΙΜΗΝΟ,,,,no sponsor block
ΨΨΒΛ4690ΒΤ-ΧΟΚ,2024-04-02,ΠΡΟΣΘΕΤΕΣ ΑΜΟΙΒΕΣ ΦΕΒΡΟΥΑΡΙΟΥ/2024   ΕΠΙΚΟΥΡΙΚΟ ΠΡΟΣΩΠΙΚΟ,,,,no sponsor block
ΨΚΛΨ4690ΒΤ-Ν6Ι,2024-04-02,ΠΡΟΣΘΕΤΕΣ ΑΜΟΙΒΕΣ ΦΕΒΡΟΥΑΡΙΟΥ/2024   ΝΕΟΠΡΟΣΛΑΜΒΑΝΟΜΕΝΟΙ  Ο.Α.Ε.Δ   ( 55-67 ) ΠΑΛΙΟΙ,,,,no sponsor block
68Π34690ΒΤ-Τ0Φ,2024-04-02,ΠΡΟΣΘΕΤΕΣ ΑΜΟΙΒΕΣ ΦΕΒΡΟΥΑΡΙΟΥ/2024   ΝΕΟΠΡΟΣΛΑΜΒΑΝΟΜΕΝΟΙ  Ο.Α.Ε.Δ   ( 55-67 ),,,,no sponsor block
ΨΚΩ44690ΒΤ-1Τ0,2024-04-02,ΠΡΟΣΘΕΤΕΣ ΑΜΟΙΒΕΣ ΦΕΒΡΟΥΑΡΙΟΥ/2024   ΠΡΟΣΩΠΙΚΟ  Ι.Δ  Ν. 2470/96,,,,no sponsor block
ΨΟΙ44690ΒΤ-Σ8Ω,2024-04-02,ΠΡΟΣΘΕΤΕΣ ΑΜΟΙΒΕΣ ΦΕΒΡΟΥΑΡΙΟΥ/2024   ΔΙΟΙΚΗΤΙΚΟ  ΠΡΟΣΩΠΙΚΟ,,,,no sponsor block
ΨΜΝΡ4690ΒΤ-ΞΒΧ,2024-04-02,ΠΡΟΣΘΕΤΕΣ ΑΜΟΙΒΕΣ ΦΕΒΡΟΥΑΡΙΟΥ/2024   ΜΟΝΙΜΟ  ΔΟΚΙΜΟ ΒΟΗΘ.  ΠΡΟΣΩΠΙΚΟ,,,,no sponsor block
ΨΜΚΣ4690ΒΤ-0ΚΚ,2024-04-02,ΠΡΟΣΘΕΤΕΣ ΑΜΟΙΒΕΣ ΦΕΒΡΟΥΑΡΙΟΥ/2024   ΜΟΝΙΜΟ  ΔΟΚΙΜΟ   ΠΡΟΣΩΠΙΚΟ  ΕΙΔ. ΘΕΣΕΩΝ,,,,no sponsor block
9ΠΤΤ4690ΒΤ-Β7Τ,2024-04-02,ΠΡΟΣΘΕΤΕΣ ΑΜΟΙΒΕΣ ΦΕΒΡΟΥΑΡΙΟΥ/2024   ΠΡΟΣΩΠΙΚΟ  ΕΠΙ ΣΧΕΣΕΙ ΕΡΓΑΣΙΑΣ  Ι.Δ.Α.Χ,,,,no sponsor block
67Ψ24690ΒΤ-60Ι,2024-04-02,ΠΡΟΣΘΕΤΕΣ ΑΜΟΙΒΕΣ ΦΕΒΡΟΥΑΡΙΟΥ/2024  ΑΠΟΣΠΑΣΜΕΝΟΙ,,,,no sponsor block
6ΑΤΚ4690ΒΤ-ΟΥ4,2024-04-02,ΠΡΟΣΘΕΤΕΣ ΑΜΟΙΒΕΣ ΦΕΒΡΟΥΑΡΙΟΥ/2024  ΝΟΣΗΛΕΥΤΙΚΟ ΠΡΟΣΩΠΙΚΟ,,,,no sponsor block
6ΗΞΙ4690ΒΤ-2Χ8,2024-04-02,ΑΠΟΖΗΜΙΩΣΗ ΕΦΗΜΕΡΙΩΝ ΕΠΙΣΤΗΜΟΝΙΚΟΥ ΠΡΟΣΩΠΙΚΟΥ  Ι.Δ   Ν. Δ 1057/80 ΦΕΒΡΟΥΑΡΙΟΣ/2024,,,,no sponsor block
ΨΥΩ04690ΒΤ-Ρ3Φ,2024-04-02,ΑΠΟΖΗΜΙΩΣΗ ΕΦΗΜΕΡΙΩΝ ΕΠΙΣΤΗΜΟΝΙΚΟΥ ΠΡΟΣΩΠΙΚΟΥΦΕΒΡΟΥΑΡΙΟΣ/2024 ΤΟΥ Κ.Ψ.ΥΓΕΙΑΣ,,,,no sponsor block
ΨΣΡΑ4690ΒΤ-ΤΡΝ,2024-04-02,ΑΠΟΖΗΜΙΩΣΗ ΕΦΗΜΕΡΙΩΝ ΕΠΙΣΤΗΜΟΝΙΚΟΥ ΠΡΟΣΩΠΙΚΟΥΦΕΒΡΟΥΑΡΙΟΣ/2024,,,,no sponsor block
ΨΜ3Ο4690ΒΤ-ΚΣΧ,2024-04-02,ΠΡΟΣΘΕΤΕΣ ΑΜΟΙΒΕΣ ΦΕΦΡΟΥΑΡΙΟΥ/2024  ΕΠΙΚΟΥΡΙΚΟ ΠΡΟΣΩΠΙΚΟ ΤΟΥ Ψ/Τ,,,,no sponsor block
9ΦΨΜ4690ΒΤ-7Ρ9,2024-04-02,ΠΡΟΣΘΕΤΕΣ ΑΜΟΙΒΕΣ ΦΕΦΡΟΥΑΡΙΟΥ/2024  ΕΠΙΚΟΥΡΙΚΟ  ΠΡΟΣΩΠΙΚΟ ΤΟΥ Ψ/Τ,,,,no sponsor block
6Ε1Μ4690ΒΤ-ΓΞΣ,2024-04-02,ΠΡΟΣΘΕΤΕΣ ΑΜΟΙΒΕΣ ΦΕΒΡΟΥΑΡΙΟΥ/2024   ΤΕΧΝΙΚΟ  ΠΡΟΣΩΠΙΚΟ ΤΟΥ Ψ/Τ,,,,no sponsor block
9Γ394690ΒΤ-Γ9Μ,2024-04-02,ΠΡΟΣΘΕΤΕΣ ΑΜΟΙΒΕΣ ΦΕΦΡΟΥΑΡΙΟΥ/2024   ΜΟΝΙΜΟ  ΔΟΚΙΜΟ ΒΟΗΘ.  ΠΡΟΣΩΠΙΚΟ ΤΟΥ Ψ/Τ,,,,no sponsor block
6ΞΞ24690ΒΤ-ΟΣ6,2024-04-02,ΠΡΟΣΘΕΤΕΣ ΑΜΟΙΒΕΣ ΦΕΒΡΟΥΑΡΙΟΥ/2024 ΝΟΣΗΛΕΥΤΙΚΟ ΠΡΟΣΩΠΙΚΟ  Ν.Δ  1057/80  ΤΟΥ Ψ/Τ,,,,no sponsor block
6Ι594690ΒΤ-2ΞΤ,2024-04-02,ΠΡΟΣΘΕΤΕΣ ΑΜΟΙΒΕΣ ΦΕΦΡΟΥΑΡΙΟΥ/2024  ΠΡΟΣΩΠΙΚΟ ΕΠΙ ΣΧΕΣΕΙ ΕΓΑΣΙΑΣ Ι.Δ.Α.Χ  ΤΟΥ Ψ/Τ,,,,no sponsor block
60114690ΒΤ-Ε18,2024-04-02,ΠΡΟΣΘΕΤΕΣ ΑΜΟΙΒΕΣ ΦΕΒΡΟΥΑΡΙΟΥ/2024 ΝΟΣΗΛΕΥΤΙΚΟ ΠΡΟΣΩΠΙΚΟ ΤΟΥ Ψ/Τ,,,,no sponsor block
ΡΕΓΡ4690ΒΤ-ΛΨΕ,2024-04-02,ΤΑΚΤΙΚΕΣ ΕΦΗΜΕΡΙΕΣ ΦΕΒΡΟΥΑΡΙΟΥ/2024 ΓΙΑΤΡΟΙ Ε.Σ.Υ ΤΟΥ Κ.Ψ.ΥΓΕΙΑΣ,,,,no sponsor block
ΨΥΗΝ4690ΒΤ-7Σ1,2024-04-02,ΤΑΚΤΙΚΕΣ ΕΦΗΜΕΡΙΕΣ ΦΕΒΡΟΥΑΡΙΟΥ/2024 ΓΙΑΤΡΟΙ Ε.Σ.Υ   ΕΙΔΙΚ/ΝΟΙ  ΤΟΥ Ψ/Τ,,,,no sponsor block
6Υ9Χ4690ΒΤ-20Σ,2024-04-02,ΤΑΚΤΙΚΕΣ ΕΦΗΜΕΡΙΕΣ ΦΕΒΡΟΥΑΡΙΟΥ/2024 ΓΙΑΤΡΟΙ Ε.Σ.Υ ΤΟΥ Ψ/Τ,,,,no sponsor block
9ΗΗ94690ΒΤ-Κ4Ν,2024-04-02,ΤΑΚΤΙΚΕΣ ΕΦΗΜΕΡΙΕΣ ΦΕΒΡΟΥΑΡΙΟΥ/2024 ΓΙΑΤΡΟΙ Ε.Σ.Υ   ΕΠΙΚΟΥΡΙΚΟΙ,,,,no sponsor block
ΨΔΧΕ4690ΒΤ-ΑΤ0,2024-04-02,ΤΑΚΤΙΚΕΣ ΕΦΗΜΕΡΙΕΣ ΦΕΒΡΟΥΑΡΙΟΥ/2024 ΓΙΑΤΡΟΙ Ε.Σ.Υ ΕΠΙΚΟΥΡΙΚΟΙ,,,,no sponsor block
ΡΩΗΖ4690ΒΤ-ΤΝΒ,2024-04-02,ΤΑΚΤΙΚΕΣ ΕΦΗΜΕΡΙΕΣ ΦΕΒΡΟΥΑΡΙΟΥ/2024 ΓΙΑΤΡΟΙ Ε.Σ.Υ,,,,no sponsor block
6Ν1Ρ4690ΒΤ-ΙΘΩ,2024-04-02,ΤΑΚΤΙΚΕΣ ΕΦΗΜΕΡΙΕΣ ΦΕΒΡΟΥΑΡΙΟΥ/2024 ΓΙΑΤΡΟΙ Ε.Σ.Υ ΕΙΔΙΚ/ΝΟΙ,,,,no sponsor block
9ΨΝΑ4690ΒΤ-16Ξ,2024-04-02,ΤΑΚΤΙΚΕΣ ΕΦΗΜΕΡΙΕΣ ΦΕΒΡΟΥΑΡΙΟΥ/2024 ΓΙΑΤΡΟΙ Ε.Σ.Υ,,,,no sponsor block
6Τ724690ΒΤ-ΓΑ1,2024-04-02,ΠΡΟΣΘΕΤΕΣ ΕΦΗΜΕΡΙΕΣ  ΔΕΚΕΜΒΡΙΟΥ /2023   ΕΠΙΚΟΥΡΙΚΟΙ   Ε.Σ.Υ,,,,no sponsor block
ΨΠΓ54690ΒΤ-ΧΜ8,2024-04-02,ΠΡΟΣΘΕΤΕΣ ΕΦΗΜΕΡΙΕΣ  ΔΕΚΕΜΒΡΙΟΥ /2023   ΕΠΙΚΟΥΡΙΚΟΙ   Ε.Σ.Υ,,,,no sponsor block
6ΞΣ04690ΒΤ-ΔΜΜ,2024-04-02,ΠΡΟΣΘΕΤΕΣ ΕΦΗΜΕΡΙΕΣ  ΔΕΚΕΜΒΡΙΟΥ /2023   ΓΙΑΤΡΟΙ  Ε.Σ.Υ ΕΙΔΙΚ/ΝΟΙ,,,,no sponsor block
9ΖΩ74690ΒΤ-ΤΞ9,2024-04-02,ΠΡΟΣΘΕΤΕΣ ΕΦΗΜΕΡΙΕΣ  ΔΕΚΕΜΒΡΙΟΥ /2023   ΓΙΑΤΡΟΙ  Ε.Σ.Υ,,,,no sponsor block
60ΖΛ4690ΒΤ-ΦΗ9,2024-04-02,ΠΡΟΣΘΕΤΕΣ ΕΦΗΜΕΡΙΕΣ  ΔΕΚΕΜΒΡΙΟΥ /2023   ΓΙΑΤΡΟΙ  Ε.Σ.Υ ΕΙΔΙΚ/ΝΟΙ,,,,no sponsor block
6Δ354690ΒΤ-ΥΑΙ,2024-04-02,ΠΡΟΣΘΕΤΕΣ ΕΦΗΜΕΡΙΕΣ  ΔΕΚΕΜΒΡΙΟΥ /2023   ΓΙΑΤΡΟΙ  Ε.Σ.Υ ΤΟΥ Ψ/Τ,,,,no sponsor block
9ΕΛΡ4690ΒΤ-ΙΑΥ,2024-04-02,ΠΡΟΣΘΕΤΕΣ ΕΦΗΜΕΡΙΕΣ ΝΟΕΜΒΡΙΟΥ/2023  ΕΠΙΚΟΥΡΙΚΟΙ  Ε.Σ.Υ,,,,no sponsor block
ΨΖΑΛ4690ΒΤ-97Α,2024-04-02,ΠΡΟΣΘΕΤΕΣ ΕΦΗΜΕΡΙΕΣ ΝΟΕΜΒΡΙΟΥ/2023    ΕΠΙΚΟΥΡΙΚΟΙ   Ε.Σ.Υ,,,,no sponsor block
9ΩΗΤ4690ΒΤ-Μ6Γ,2024-04-02,ΠΡΟΣΘΕΤΕΣ ΕΦΗΜΕΡΙΕΣ ΝΟΕΜΒΡΙΟΥ/2023 ΓΙΑΤΡΟΙ Ε.Σ.Υ ΕΙΔΙΚ/ΝΟΙ,,,,no sponsor block
9Φ3Τ4690ΒΤ-ΥΕΗ,2024-04-02,ΠΡΟΣΘΕΤΕΣ ΕΦΗΜΕΡΙΕΣ ΝΟΕΜΒΡΙΟΥ/2023 ΓΙΑΤΡΟΙ Ε.Σ.Υ,,,,no sponsor block
ΨΤΑΩ4690ΒΤ-Σ3Π,2024-04-02,ΠΡΟΣΘΕΤΕΣ ΕΦΗΜΕΡΙΕΣ ΝΟΕΜΒΡΙΟΥ/2023 ΓΙΑΤΡΟΙ Ε.Σ.Υ ΤΟΥ Ψ/Τ,,,,no sponsor block
ΨΧΛΒ4690ΒΤ-Υ43,2024-03-21,ΤΑΚΤΙΚΗ ΜΙΣΘΟΔΟΣΙΑ ΜΕΤΑΠ/ΤΕΩΝ  ΜΑΡΤΙΟΣ /2024  ΣΠΟΥΔΑΣΤΕΣ ΠΟΥ ΑΣΚΟΥΝΤΑΙ,,,,no sponsor block
ΨΠ1Ε4690ΒΤ-2Ε2,2024-03-21,ΤΑΚΤΙΚΗ ΜΙΣΘΟΔΟΣΙΑ ΜΕΤΑΠ/ΤΕΩΝ  ΜΑΡΤΙΟΣ /2024  ΣΠΟΥΔΑΣΤΕΣ ΠΟΥ ΑΣΚΟΥΝΤΑΙ,,,,no sponsor block
6ΘΜΒ4690ΒΤ-67Π,2024-03-21,ΤΑΚΤΙΚΗ ΜΙΣΘΟΔΟΣΙΑ ΜΕΤΑΠ/ΤΕΩΝ    ΜΑΡΤΙΟΥ /2024  ΑΜΙΣΘΟΙ ΤΕΕ (ΔΙΕΚ) Γ.Ν.Κ.,,,,no sponsor block
Ψ1ΝΙ4690ΒΤ-9ΕΓ,2024-03-21,ΤΑΚΤΙΚΗ ΜΙΣΘΟΔΟΣΙΑ ΜΕΤΑΠ/ΤΕΩΝ  ΦΕΒΡΟΥΑΡΙΟΥ  /2024  ΑΜΙΣΘΟΙ ΤΕΕ ( ΕΠΑΛ ) Γ.Ν.Κ.,,,,no sponsor block
97Θ84690ΒΤ-4Ε9,2024-03-21,ΤΑΚΤΙΚΗ ΜΙΣΘΟΔΟΣΙΑ ΜΕΤΑΠ/ΤΕΩΝ  ΜΑΡΤΙΟΥ  /2024  ΑΜΙΣΘΟΙ ΤΕΕ (ΔΙΕΚ) Ψ.Τ,,,,no sponsor block
ΨΟΝΑ4690ΒΤ-97Ζ,2024-03-21,ΤΑΚΤΙΚΗ ΜΙΣΘΟΔΟΣΙΑ ΜΕΤ/ΤΕΩΝ  ΜΑΡΤΙΟΥ /2024  ΕΠΙΣΤΗΜΟΝΙΚΟ  ΠΡΟΣΩΠΙΚΟ,,,,no sponsor block
6ΖΟΚ4690ΒΤ-ΩΤΝ,2024-03-21,ΤΑΚΤΙΚΗ ΜΙΣΘΟΔΟΣΙΑ ΜΕΤ/ΤΕΩΝ  ΜΑΡΤΙΟΥ /2024  ΝΕΟΠΡΟΣΛΑΜΒΑΝΟΜΕΝΟΙ Ο.Α.Ε.Δ,,,,no sponsor block
970Φ4690ΒΤ-ΖΘΩ,2024-03-28,ΓΙΑ ΤΗΝ ΑΞΙΑ ΠΛΗΡΩΜΗΣ ΟΔΟΙΠΟΡΙΚΩΝ ΕΞΟΔΩΝ ΚΑΙ ΗΜΕΡΗΣΙΑΣ ΑΠΟΖΗΜΙΩΣΗΣ ΥΠΑΛΛΗΛΩΝ Γ.Ν.ΚΑΤΕΡΙΝΗΣ,,,,no sponsor block
9ΒΠ24690ΒΤ-ΦΕΙ,2024-03-28,ΓΙΑ ΤΗΝ ΑΞΙΑ ΠΛΗΡΩΜΗΣ ΟΔΟΙΠΟΡΙΚΩΝ ΕΞΟΔΩΝ ΚΑΙ ΗΜΕΡΗΣΙΑΣ ΑΠΟΖΗΜΙΩΣΗΣ ΥΠΑΛΛΗΛΩΝ Γ.Ν.ΚΑΤΕΡΙΝΗΣ,,,,no sponsor block
97ΒΩ4690ΒΤ-2ΥΡ,2024-03-28,ΓΙΑ ΤΗΝ ΑΞΙΑ ΠΛΗΡΩΜΗΣ ΟΔΟΙΠΟΡΙΚΩΝ ΕΞΟΔΩΝ ΚΑΙ ΗΜΕΡΗΣΙΑΣ ΑΠΟΖΗΜΙΩΣΗΣ ΥΠΑΛΛΗΛΩΝ Γ.Ν.ΚΑΤΕΡΙΝΗΣ,,,,no sponsor block
68Η44690ΒΤ-ΡΞ0,2024-03-27,ΜΙΣΘΟΛΟΓΙΚΗ ΚΑΤΑΣΤΑΣΗ  ΙΑΤΡΩΝ  ΑΠΕΙΚΟΝΙΣΤΙΚΟΥ ΕΡΓΑΣΤΗΡΙΟΥ ΝΟΕΜΒΡΙΟΣ /2023,,,,no sponsor block
ΨΧΒ94690ΒΤ-ΖΘΗ,2024-03-27,ΜΙΣΘΟΛΟΓΙΚΗ ΚΑΤΑΣΤΑΣΗ ΤΕΧΝΟΛΟΓΩΝ ΑΠΕΙΚΟΝΙΣΤΙΚΟΥ ΕΡΓΑΣΤΗΡΙΟΥ  ΝΟΕΜΒΡΙΟΣ  /2023,,,,no sponsor block
68ΝΑ4690ΒΤ-ΕΞΙ,2024-03-21,ΤΑΚΤΙΚΗ ΜΙΣΘΟΔΟΣΙΑ ΜΕΤ/ΤΕΩΝ  ΜΑΡΤΙΟΥ /2024  ΝΕΟΠΡΟΣΛΑΜΒΑΝΟΜΕΝΟΙ  Ο.Α.Ε.Δ,,,,no sponsor block
6ΩΙΨ4690ΒΤ-ΒΚ5,2024-03-21,ΤΑΚΤΙΚΗ ΜΙΣΘΟΔΟΣΙΑ ΜΕΤ/ΤΕΩΝ  ΜΑΡΤΙΟΥ /2024  ΕΠΙΚΟΥΡΙΚΟI  E.Σ.Υ,,,,no sponsor block
ΡΠ7Ψ4690ΒΤ-04Σ,2024-03-21,ΤΑΚΤΙΚΗ ΜΙΣΘΟΔΟΣΙΑ ΜΕΤ/ΤΕΩΝ  ΜΑΡΤΙΟΥ /2024  ΕΠΙΚΟΥΡΙΚΟΙ  Ε.Σ.Υ,,,,no sponsor block
ΨΠΕΡ4690ΒΤ-ΒΣΝ,2024-03-21,ΤΑΚΤΙΚΗ ΜΙΣΘΟΔΟΣΙΑ ΜΕΤ/ΤΕΩΝ  ΜΑΡΤΙΟΥ /2024  ΕΠΙΚΟΥΡΙΚΟ ΠΡΟΣΩΠΙΚΟ,,,,no sponsor block
ΡΚ944690ΒΤ-Ξ3Δ,2024-03-21,ΑΝΑΔΡΟΜΙΚΑ ΚΛΙΜΑΚΙΟΥ ΑΠΟ ( 15-2-2024 ΕΩΣ 31-3-2024 ),,,,no sponsor block
9ΤΙΚ4690ΒΤ-ΒΘ1,2024-03-21,ΤΑΚΤΙΚΗ ΜΙΣΘΟΔΟΣΙΑ ΜΕΤ/ΤΕΩΝ  ΜΑΡΤΙΟΥ /2024  ΕΠΙΚΟΥΡΙΚΟ ΠΡΟΣΩΠΙΚΟ ΤΡΙΜΗΝΟ,,,,no sponsor block
6ΝΦΗ4690ΒΤ-Κ0Α,2024-03-21,ΤΑΚΤΙΚΗ ΜΙΣΘΟΔΟΣΙΑ ΜΕΤ/ΤΕΩΝ  ΜΑΡΤΙΟΥ /2024  ΕΠΙΚΟΥΡΙΚΟ ΠΡΟΣΩΠΙΚΟ,,,,no sponsor block
99ΞΚ4690ΒΤ-ΗΟΓ,2024-03-21,REBATE A ΕΞΑΜ.2020,,,,no sponsor block
ΨΡΝΦ4690ΒΤ-7ΣΒ,2024-03-21,ΠΡΟΣΘΕΤΕΣ ΑΜΟΙΒΕΣ  ΙΑΝΟΥΑΡΙΟΥ  /2024     12 ΜΗΝΑ ΟΑΕΔ  ΔΗΜ.ΠΡΟΣΚΛΗΣΗ       Νο 13/2016,,,,no sponsor block
ΨΘ5Δ4690ΒΤ-4ΡΓ,2024-03-21,ΠΡΟΣΘΕΤΕΣ ΑΜΟΙΒΕΣ  ΙΑΝΟΥΑΡΙΟΥ  /2024 12 ΜΗΝΑ Ο.Α.Ε.Δ ΔΗΜ.ΠΡΟΣΚΛΗΣΗ  Νο  10/2017,,,,no sponsor block
ΨΘΚΑ4690ΒΤ-2ΜΔ,2024-03-21,ΤΑΚΤΙΚΗ ΜΙΣΘΟΔΟΣΙΑ  ΦΕΒΡΟΥΑΡΙΟΥ  /2024  12 ΜΗΝΑ Ο.Α.Ε.Δ   ΔΗΜ.ΠΡΟΣΚΛΗΣΗ    Νο 10/2017,,,,no sponsor block
ΨΣΙΕ4690ΒΤ-26Δ,2024-03-21,ΤΑΚΤΙΚΗ  ΜΙΣΘΟΔΟΣΙΑ  ΦΕΒΡΟΥΑΡΙΟΥ  /2024      12 ΜΗΝΑ ΟΑΕΔ  ΔΗΜ.ΠΡΟΣΚΛΗΣΗ       Νο 13/2016,,,,no sponsor block
Ψ1ΣΙ4690ΒΤ-ΥΝΜ,2024-02-27,ΤΑΚΤΙΚΕΣ ΕΦΗΜΕΡΙΕΣ ΙΑΝΟΥΑΡΙΟΥ/2024 ΓΙΑΤΡΟΙ Ε.Σ.Υ    ΤΟΥ Ψ/Τ,,,,no sponsor block
Ψ60Υ4690ΒΤ-8Ι2,2024-02-27,ΤΑΚΤΙΚΕΣ ΕΦΗΜΕΡΙΕΣ ΙΑΝΟΥΑΡΙΟΥ/2024 ΓΙΑΤΡΟΙ Ε.Σ.Υ  ΕΙΔΙΚ/ΝΟΙ  ΤΟΥ Ψ/Τ,,,,no sponsor block
Ρ7ΑΖ4690ΒΤ-ΞΑ3,2024-02-27,ΤΑΚΤΙΚΕΣ ΕΦΗΜΕΡΙΕΣ ΙΑΝΟΥΑΡΙΟΥ/2024 ΓΙΑΤΡΟΙ Ε.Σ.Υ  ΤΟΥ Κ.Ψ.ΥΓΕΙΑΣ,,,,no sponsor block
ΨΕΨ44690ΒΤ-49Α,2024-02-27,ΤΑΚΤΙΚΕΣ ΕΦΗΜΕΡΙΕΣ ΙΑΝΟΥΑΡΙΟΥ/2024  ΕΠΙΚΟΥΡΙΚΟΙ   Ε.Σ.Υ,,,,no sponsor block
6Δ144690ΒΤ-8Ω0,2024-02-27,ΤΑΚΤΙΚΕΣ ΕΦΗΜΕΡΙΕΣ ΙΑΝΟΥΑΡΙΟΥ/2024  ΕΠΙΚΟΥΡΙΚΟΙ   Ε.Σ.Υ,,,,no sponsor block
ΨΕ9Τ4690ΒΤ-ΧΙΦ,2024-02-27,ΤΑΚΤΙΚΕΣ ΕΦΗΜΕΡΙΕΣ ΙΑΝΟΥΑΡΙΟΥ/2024 ΓΙΑΤΡΟΙ Ε.Σ.Υ,,,,no sponsor block
9ΝΗΡ4690ΒΤ-Ζ4Μ,2024-02-27,ΤΑΚΤΙΚΕΣ ΕΦΗΜΕΡΙΕΣ ΙΑΝΟΥΑΡΙΟΥ/2024  ΑΓΡΟΤΙΚΟΙ ΙΑΤΡΟΙ,,,,no sponsor block
6ΕΟΣ4690ΒΤ-ΡΓΠ,2024-02-27,ΤΑΚΤΙΚΕΣ ΕΦΗΜΕΡΙΕΣ ΙΑΝΟΥΑΡΙΟΥ/2024 ΓΙΑΤΡΟΙ Ε.Σ.Υ  ΕΙΔΙΚ/ΝΟΙ,,,,no sponsor block
9Γ2Ξ4690ΒΤ-ΔΗΤ,2024-03-15,ΤΑΚΤΙΚΕΣ ΕΦΗΜΕΡΙΕΣ ΙΑΝΟΥΑΡΙΟΥ/2024  ΓΙΑΤΡΟΙ Ε.Σ.Υ   ΤΟΥ Ψ/Τ,,,,no sponsor block
ΨΑΧΝ4690ΒΤ-Ω6Ξ,2024-03-15,ΤΑΚΤΙΚΕΣ ΕΦΗΜΕΡΙΕΣ ΙΑΝΟΥΑΡΙΟΥ/2024  ΓΙΑΤΡΟΙ Ε.Σ.Υ ΕΙΔΙΚ/ΝΟΙ  ΤΟΥ Κ.Ψ.ΥΓΕΙΑΣ,,,,no sponsor block
6ΥΤΒ4690ΒΤ-Λ4Κ,2024-03-15,ΤΑΚΤΙΚΕΣ ΕΦΗΜΕΡΙΕΣ ΙΑΝΟΥΑΡΙΟΥ/2024  ΓΙΑΤΡΟΙ Ε.Σ.Υ ΕΙΔΙΚ/ΝΟΙ  ΤΟΥ Ψ/Τ,,,,no sponsor block
ΨΜΡ44690ΒΤ-6ΙΑ,2024-03-15,ΤΑΚΤΙΚΕΣ ΕΦΗΜΕΡΙΕΣ ΙΑΝΟΥΑΡΙΟΥ/2024   ΕΠΙΚΟΥΡΙΚΟΙ  Ε.Σ.Υ,,,,no sponsor block
ΨΤ3Β4690ΒΤ-576,2024-03-15,ΤΑΚΤΙΚΕΣ ΕΦΗΜΕΡΙΕΣ ΙΑΝΟΥΑΡΙΟΥ/2024   ΕΠΙΚΟΥΡΙΚΟΙ   Ε.Σ.Υ,,,,no sponsor block
65Λ24690ΒΤ-ΝΣ9,2024-03-15,ΤΑΚΤΙΚΕΣ ΕΦΗΜΕΡΙΕΣ ΙΑΝΟΥΑΡΙΟΥ/2024  ΑΓΡΟΤΙΚΟΙ  ΓΙΑΤΡΟΙ,,,,no sponsor block
68ΥΣ4690ΒΤ-Ψ18,2024-03-15,ΤΑΚΤΙΚΕΣ ΕΦΗΜΕΡΙΕΣ ΙΑΝΟΥΑΡΙΟΥ/2024  ΓΙΑΤΡΟΙ Ε.Σ.Υ,,,,no sponsor block
ΨΤΒΤ4690ΒΤ-Μ5Α,2024-03-15,ΤΑΚΤΙΚΕΣ ΕΦΗΜΕΡΙΕΣ ΙΑΝΟΥΑΡΙΟΥ/2024  ΓΙΑΤΡΟΙ Ε.Σ.Υ ΕΙΔΙΚ/ΝΟΙ,,,,no sponsor block
6Ε4Τ4690ΒΤ-1ΨΨ,2024-03-15,ΤΑΚΤΙΚΕΣ ΕΦΗΜΕΡΙΕΣ ΙΑΝΟΥΑΡΙΟΥ/2024  ΓΙΑΤΡΟΙ Ε.Σ.Υ ΕΙΔΙΚ/ΝΟΙ,,,,no sponsor block
98ΙΜ4690ΒΤ-371,2024-02-22,ΤΑΚΤΙΚΗ ΜΙΣΘΟΔΟΣΙΑ ΜΕΤΑΠ/ΤΕΩΝ  ΦΕΒΡΟΥΑΡΙΟΥ /2024  ΣΠΟΥΔΑΣΤΕΣ ΠΟΥ ΑΣΚΟΥΝΤΑΙ,,,,no sponsor block
6ΙΡΦ4690ΒΤ-ΛΔ5,2024-02-29,ΓΙΑ ΤΗΝ ΑΞΙΑ ΠΛΗΡΩΜΗΣ ΟΔΟΙΠΟΡΙΚΩΝ ΕΞΟΔΩΝ ΚΑΙ ΗΜΕΡΗΣΙΑΣ ΑΠΟΖΗΜΙΩΣΗΣ ΥΠΑΛΛΗΛΩΝ Γ.Ν.ΚΑΤΕΡΙΝΗΣ,,,,no sponsor block
607Α4690ΒΤ-ΦΒ0,2024-02-29,ΓΙΑ ΤΗΝ ΑΞΙΑ ΠΛΗΡΩΜΗΣ ΟΔΟΙΠΟΡΙΚΩΝ ΕΞΟΔΩΝ ΚΑΙ ΗΜΕΡΗΣΙΑΣ ΑΠΟΖΗΜΙΩΣΗΣ ΥΠΑΛΛΗΛΩΝ Γ.Ν.ΚΑΤΕΡΙΝΗΣ,,,,no sponsor block
9ΧΤ04690ΒΤ-ΛΓΝ,2024-02-22,ΤΑΚΤΙΚΗ ΜΙΣΘΟΔΟΣΙΑ ΜΕΤΑΠ/ΤΕΩΝ  ΦΕΒΡΟΥΑΡΙΟΥ  /2024  ΑΜΙΣΘΟΙ ΤΕΕ (ΔΙΕΚ) Γ.Ν.Κ.,,,,no sponsor block
ΨΑΛΖ4690ΒΤ-0ΞΖ,2024-02-27,ΑΠΟΖΗΜΙΩΣΗ ΕΦΗΜΕΡΙΩΝ ΕΠΙΣΤΗΜΟΝΙΚΟΥ ΠΡΟΣΩΠΙΚΟΥ ΙΑΝΟΥΑΡΙΟΥ/2024  ΤΟΥ Κ.Ψ.ΥΓΕΙΑΣ,,,,no sponsor block
6ΗΖΚ4690ΒΤ-4ΘΒ,2024-02-27,ΑΠΟΖΗΜΙΩΣΗ ΕΦΗΜΕΡΙΩΝ ΕΠΙΣΤΗΜΟΝΙΚΟΥ ΠΡΟΣΩΠΙΚΟΥ ΙΑΝΟΥΑΡΙΟΥ/2024  ΤΟΥ Ψ/Τ,,,,no sponsor block
9Η2Ψ4690ΒΤ-961,2024-02-27,ΑΠΟΖΗΜΙΩΣΗ ΕΦΗΜΕΡΙΩΝ ΕΠΙΣΤΗΜΟΝΙΚΟΥ ΠΡΟΣΩΠΙΚΟΥ ΙΑΝΟΥΑΡΙΟΥ/2024  ΤΟΥ Ψ/Τ,,,,no sponsor block
ΨΖΑΚ4690ΒΤ-ΦΣ2,2024-02-27,ΠΡΟΣΘΕΤΕΣ ΑΜΟΙΒΕΣ  ΙΑΝΟΥΑΡΙΟΥ/2024   ΤΕΧΝΙΚΟ  ΠΡΟΣΩΠΙΚΟ ΤΟΥ Ψ/Τ,,,,no sponsor block
ΨΛΨΣ4690ΒΤ-ΖΤ2,2024-02-27,ΠΡΟΣΘΕΤΕΣ ΑΜΟΙΒΕΣ  ΙΑΝΟΥΑΡΙΟΥ/2024   ΜΟΝΙΜΟ ΔΟΚΙΜΟ ΒΟΗΘ.  ΠΡΟΣΩΠΙΚΟ ΤΟΥ Ψ/Τ,,,,no sponsor block
ΨΤ754690ΒΤ-Σ9Ι,2024-02-27,ΠΡΟΣΘΕΤΕΣ ΑΜΟΙΒΕΣ  ΙΑΝΟΥΑΡΙΟΥ/2024   ΝΟΣΗΛΕΥΤΙΚΟ ΠΡΟΣΩΠΙΚΟ  Ν.Δ  1057/80  ΤΟΥ Ψ/Τ,,,,no sponsor block
9ΞΛΞ4690ΒΤ-2ΡΦ,2024-02-27,ΠΡΟΣΘΕΤΕΣ ΑΜΟΙΒΕΣ  ΙΑΝΟΥΑΡΙΟΥ/2024    ΠΡΟΣΩΠΙΚΟ ΕΠΙ ΣΧΕΣΕΙ ΕΡΓΑΣΙΑΣ  Ι.Δ.Α.Χ   ΤΟΥ Ψ/Τ,,,,no sponsor block
Ψ9ΣΔ4690ΒΤ-Γ73,2024-02-27,ΠΡΟΣΘΕΤΕΣ ΑΜΟΙΒΕΣ  ΙΑΝΟΥΑΡΙΟΥ/2024   ΕΠΙΚΟΥΡΙΚΟ  ΤΡΙΜΗΝΟ  ΠΡΟΣΩΠΙΚΟ ΤΟΥ Ψ/Τ,,,,no sponsor block
9ΣΦ94690ΒΤ-ΟΒ2,2024-02-27,ΠΡΟΣΘΕΤΕΣ ΑΜΟΙΒΕΣ  ΙΑΝΟΥΑΡΙΟΥ/2024   ΕΠΙΚΟΥΡΙΚΟ  ΠΡΟΣΩΠΙΚΟ ΤΟΥ Ψ/Τ,,,,no sponsor block
Ψ0ΦΟ4690ΒΤ-ΠΟ1,2024-02-27,ΠΡΟΣΘΕΤΕΣ ΑΜΟΙΒΕΣ  ΙΑΝΟΥΑΡΙΟΥ/2024   ΝΟΣΗΛΕΥΤΙΚΟ ΠΡΟΣΩΠΙΚΟ ΤΟΥ Ψ/Τ,,,,no sponsor block
Ψ8ΝΟ4690ΒΤ-0ΟΗ,2024-02-27,ΑΠΟΖΗΜΙΩΣΗ ΕΦΗΜΕΡΙΩΝ ΕΠΙΣΤΗΜΟΝΙΚΟΥ ΠΡΟΣΩΠΙΚΟΥ ΙΑΝΟΥΑΡΙΟΣ/2024,,,,no sponsor block
65ΗΨ4690ΒΤ-ΥΩΛ,2024-02-27,ΑΠΟΖΗΜΙΩΣΗ ΕΦΗΜΕΡΙΩΝ ΕΠΙΣΤΗΜΟΝΙΚΟΥ ΠΡΟΣΩΠΙΚΟΥ ΙΑΝΟΥΑΡΙΟΣ/2024,,,,no sponsor block
9Υ3Υ4690ΒΤ-ΣΕ5,2024-02-27,ΠΡΟΣΘΕΤΕΣ ΑΜΟΙΒΕΣ  ΙΑΝΟΥΑΡΙΟΥ/2024   ΑΠΟΣΠΑΣΜΕΝΟΙ,,,,no sponsor block
9ΘΛΣ4690ΒΤ-ΑΓ9,2024-02-27,ΠΡΟΣΘΕΤΕΣ ΑΜΟΙΒΕΣ  ΙΑΝΟΥΑΡΙΟΥ/2024    ΠΡΟΣΩΠΙΚΟ  Ι.Δ  2470/96,,,,no sponsor block
90924690ΒΤ-608,2024-02-27,ΠΡΟΣΘΕΤΕΣ ΑΜΟΙΒΕΣ  ΙΑΝΟΥΑΡΙΟΥ/2024   ΜΟΝΙΜΟ ΔΟΚΙΜΟ ΒΟΗΘ.  ΠΡΟΣΩΠΙΚΟ,,,,no sponsor block
ΨΗΥ34690ΒΤ-3ΥΛ,2024-02-27,ΠΡΟΣΘΕΤΕΣ ΑΜΟΙΒΕΣ  ΙΑΝΟΥΑΡΙΟΥ/2024    ΠΡΟΣΩΠΙΚΟ  ΕΠΙ ΣΧΕΣΕΙ ΕΡΓΑΣΙΑΣ Ι.Δ.Α.Χ,,,,no sponsor block
96ΓΑ4690ΒΤ-94Ο,2024-02-27,ΠΡΟΣΘΕΤΕΣ ΑΜΟΙΒΕΣ  ΙΑΝΟΥΑΡΙΟΥ/2024    ΔΙΟΙΚΗΤΙΚΟ  ΠΡΟΣΩΠΙΚΟ,,,,no sponsor block
9Γ2Ν4690ΒΤ-2ΑΠ,2024-02-27,ΠΡΟΣΘΕΤΕΣ ΑΜΟΙΒΕΣ  ΙΑΝΟΥΑΡΙΟΥ/2024   ΕΠΙΚΟΥΡΙΚΟ ΤΡΙΜΗΝΟ  ΠΡΟΣΩΠΙΚΟ,,,,no sponsor block
ΨΛΠΟ4690ΒΤ-4Ρ0,2024-02-27,ΠΡΟΣΘΕΤΕΣ ΑΜΟΙΒΕΣ  ΙΑΝΟΥΑΡΙΟΥ/2024   ΕΠΙΚΟΥΡΙΚΟ ΠΡΟΣΩΠΙΚΟ,,,,no sponsor block
6ΓΥΔ4690ΒΤ-6ΘΣ,2024-02-27,ΠΡΟΣΘΕΤΕΣ ΑΜΟΙΒΕΣ  ΙΑΝΟΥΑΡΙΟΥ/2024   ΝΕΟΠΡΟΣΛΑΜΒΑΝΟΜΕΝΟΙ  Ο.Α.Ε.Δ ( 55-67 ) ΝΕΟΙ,,,,no sponsor block
6Χ9Ε4690ΒΤ-1Δ3,2024-02-27,ΠΡΟΣΘΕΤΕΣ ΑΜΟΙΒΕΣ  ΙΑΝΟΥΑΡΙΟΥ/2024   ΝΕΟΠΡΟΣΛΑΜΒΑΝΟΜΕΝΟΙ  Ο.Α.Ε.Δ ( 55-67 ) ΠΑΛΙΟΙ,,,,no sponsor block
6Δ4Δ4690ΒΤ-Γ5Τ,2024-02-27,ΠΡΟΣΘΕΤΕΣ ΑΜΟΙΒΕΣ  ΙΑΝΟΥΑΡΙΟΥ/2024   ΜΟΝΙΜΟ-ΔΟΚΙΜΟ ΠΡΟΣΩΠΙΚΟ ΕΙΔ.ΘΕΣΕΩΝ,,,,no sponsor block
60ΜΨ4690ΒΤ-Α6Μ,2024-02-27,ΠΡΟΣΘΕΤΕΣ ΑΜΟΙΒΕΣ  ΙΑΝΟΥΑΡΙΟΥ/2024    ΕΠΙΚΟΥΡΙΚΟ ΠΡΟΣΩΠΙΚΟ,,,,no sponsor block
96ΛΚ4690ΒΤ-ΔΥΤ,2024-02-27,ΠΡΟΣΘΕΤΕΣ ΑΜΟΙΒΕΣ  ΙΑΝΟΥΑΡΙΟΥ/2024   ΝΟΣΗΛΕΥΤΙΚΟ ΠΡΟΣΩΠΙΚΟ,,,,no sponsor block
Ψ3ΣΟ4690ΒΤ-ΝΘ8,2024-02-22,ΤΑΚΤΙΚΗ ΜΙΣΘΟΔΟΣΙΑ  ΜΕΤΑΠ/ΤΕΩΝ    ΦΕΒΡΟΥΑΡΙΟΥ  /2024  ΑΜΙΣΘΟΙ ΤΕΕ  ( Δ.Ι.ΕΚ  )   Ψ.Τ,,,,no sponsor block
6Φ264690ΒΤ-ΙΙΔ,2024-02-22,ΤΑΚΤΙΚΗ ΜΙΣΘΟΔΟΣΙΑ ΜΕΤΑΠ/ΤΕΩΝ  ΙΑΝΟΥΑΡΙΟΣ  /2024  ΑΜΙΣΘΟΙ ΤΕΕ ( ΕΠΑΛ ),,,,no sponsor block
Ρ9ΡΦ4690ΒΤ-ΖΒΓ,2024-02-22,ΤΑΚΤΙΚΗ ΜΙΣΘΟΔΟΣΙΑ ΜΕΤΑΠ/ΤΕΩΝ  ΦΕΒΡΟΥΑΡΙΟΥ /2024   ΕΠΙΣΤΗΜΟΝΙΚΟ ΠΡΟΣΩΠΙΚΟ,,,,no sponsor block
6ΡΨΗ4690ΒΤ-ΝΤΖ,2024-02-22,ΤΑΚΤΙΚΗ ΜΙΣΘΟΔΟΣΙΑ ΜΕΤ/ΤΕΩΝ  ΦΕΒΡΟΥΑΡΙΟΥ /2024    ΕΠΙΚΟΥΡΙΚΟ ΠΡΟΣΩΠΙΚΟ,,,,no sponsor block
Ψ9844690ΒΤ-ΞΑ6,2024-02-22,ΤΑΚΤΙΚΗ ΜΙΣΘΟΔΟΣΙΑ ΜΕΤ/ΤΕΩΝ  ΦΕΒΡΟΥΑΡΙΟΥ /2024  ΤΡΙΜΗΝΟ ΕΠΙΚΟΥΡΙΚΟ ΠΡΟΣΩΠΙΚΟ,,,,no sponsor block
9ΤΝΟ4690ΒΤ-ΡΓΡ,2024-02-22,ΤΑΚΤΙΚΗ ΜΙΣΘΟΔΟΣΙΑ ΜΕΤ/ΤΕΩΝ  ΦΕΒΡΟΥΑΡΙΟΥ /2024  ΝΕΟΠΡΟΣΛΑΜΒΑΝΟΜΕΝΟΙ  Ο.Α.Ε.Δ  55-67    ΑΝΑΔΡΟΝΙΚΑ  ( ΝΕΟΙ ),,,,no sponsor block
9ΘΓΦ4690ΒΤ-ΣΡΗ,2024-02-22,"ΤΑΚΤΙΚΗ ΜΙΣΘΟΔΟΣΙΑ ΜΕΤ/ΤΕΩΝ  ΦΕΒΡΟΥΑΡΙΟΥ /2024  ΝΕΟΠΡΟΣΛΑΜΒΑΝΟΜΕΝΟΙ   Ο,Α.Ε.Δ  (  55-67  )",,,,no sponsor block
Ψ2ΛΩ4690ΒΤ-ΠΞΞ,2024-02-22,ΤΑΚΤΙΚΗ ΜΙΣΘΟΔΟΣΙΑ ΜΕΤ/ΤΕΩΝ  ΦΕΒΡΟΥΑΡΙΟΥ /2024  ΝΕΟΠΡΟΣΛΑΜΒΑΝΟΜΕΝΟΙ  Ο.Α.Ε.Δ  55-67    (  ΠΑΛΙΟΙ ),,,,no sponsor block
6Ζ754690ΒΤ-ΡΨ8,2024-02-22,ΤΑΚΤΙΚΗ ΜΙΣΘΟΔΟΣΙΑ ΜΕΤ/ΤΕΩΝ  ΦΕΒΡΟΥΑΡΙΟΥ /2024  ΕΠΙΚΟΥΡΙΚΟΙ Ε.Σ.Υ,,,,no sponsor block
95ΚΝ4690ΒΤ-Μ2Φ,2024-02-22,ΤΑΚΤΙΚΗ ΜΙΣΘΟΔΟΣΙΑ ΜΕΤ/ΤΕΩΝ  ΦΕΒΡΟΥΑΡΙΟΥ /2024  ΕΠΙΚΟΥΡΙΚΟ  ΠΡΟΣΩΠΙΚΟ   ΑΝΑΔΡΟΜΙΚΑ,,,,no sponsor block
ΡΒΡ04690ΒΤ-ΜΣ5,2024-02-22,ΤΑΚΤΙΚΗ ΜΙΣΘΟΔΟΣΙΑ ΜΕΤ/ΤΕΩΝ  ΦΕΒΡΟΥΑΡΙΟΥ /2024  ΕΠΙΚΟΥΡΙΚΟΙ Ε.Σ.Υ  ΑΝΑΔΡΟΜΙΚΑ,,,,no sponsor block
ΡΨΚΜ4690ΒΤ-ΚΟΖ,2024-02-22,ΤΑΚΤΙΚΗ ΜΙΣΘΟΔΟΣΙΑ ΜΕΤ/ΤΕΩΝ  ΦΕΒΡΟΥΑΡΙΟΥ /2024  ΕΠΙΚΟΥΡΙΚΟΙ Ε.Σ.Υ,,,,no sponsor block
9ΩΛΥ4690ΒΤ-3Σ6,2024-02-22,ΤΑΚΤΙΚΗ ΜΙΣΘΟΔΟΣΙΑ ΜΕΤ/ΤΕΩΝ  ΦΕΒΡΟΥΑΡΙΟΥ /2024  ΕΠΙΚΟΥΡΙΚΟ ΠΡΟΣΩΠΙΚΟ,,,,no sponsor block
ΨΧΤ34690ΒΤ-7ΙΔ,2024-02-15,ΠΡΟΣΘΕΤΕΣ ΑΜΟΙΒΕΣ  ΔΕΚΕΜΒΡΙΟΥ  /2023 12 ΜΗΝΑ Ο.Α.Ε.Δ ΔΗΜ.ΠΡΟΣΚΛΗΣΗ  Νο  10/2017,,,,no sponsor block
90ΣΥ4690ΒΤ-ΠΩΟ,2024-02-15,ΠΡΟΣΘΕΤΕΣ ΑΜΟΙΒΕΣ  ΔΕΚΕΜΒΡΙΟΥ  /2024     12 ΜΗΝΑ ΟΑΕΔ  ΔΗΜ.ΠΡΟΣΚΛΗΣΗ       Νο 13/2016,,,,no sponsor block
6ΖΒΒ4690ΒΤ-35Χ,2024-02-15,ΤΑΚΤΙΚΗ ΜΙΣΘΟΔΟΣΙΑ  ΙΑΝΟΥΑΡΙΟΥ /2024  12 ΜΗΝΑ Ο.Α.Ε.Δ   ΔΗΜ.ΠΡΟΣΚΛΗΣΗ    Νο 10/2017,,,,no sponsor block
9Ω714690ΒΤ-274,2024-02-15,ΤΑΚΤΙΚΗ  ΜΙΣΘΟΔΟΣΙΑ  ΙΑΝΟΥΑΡΙΟΥ  /2024      12 ΜΗΝΑ ΟΑΕΔ  ΔΗΜ.ΠΡΟΣΚΛΗΣΗ       Νο 13/2016,,,,no sponsor block
9ΠΥΥ4690ΒΤ-Λ6Χ,2024-02-05,ΓΙΑ ΤΗΝ ΑΞΙΑ ΠΛΗΡΩΜΗΣ ΟΔΟΙΠΟΡΙΚΩΝ ΕΞΟΔΩΝ ΚΑΙ ΗΜΕΡΗΣΙΑΣ ΑΠΟΖΗΜΙΩΣΗΣ ΥΠΑΛΛΗΛΩΝ Γ.Ν.ΚΑΤΕΡΙΝΗΣ,,,,no sponsor block
ΨΦΥΚ4690ΒΤ-0ΔΛ,2024-02-05,ΠΡΟΣΘΕΤΕΣ ΕΦΗΜΕΡΙΕΣ ΔΕΚΕΜΒΡΙΟΥ/2023 ΓΙΑΤΡΟΙ Ε.Σ.Υ( που εκκαθαρίζονται με το άρθρο 90 του Ν. 4850/2021 ),,,,no sponsor block
6ΚΓΕ4690ΒΤ-Υ5Σ,2024-02-05,ΠΡΟΣΘΕΤΕΣ ΕΦΗΜΕΡΙΕΣ  ΝΟΕΜΒΡΙΟΥ /2023 ΓΙΑΤΡΟΙ Ε.Σ.Υ( που εκκαθαρίζονται με το άρθρο 90 του Ν. 4850/2021 ),,,,no sponsor block
60Φ94690ΒΤ-7ΗΛ,2024-02-05,ΠΡΟΣΘΕΤΕΣ ΕΦΗΜΕΡΙΕΣ  ΟΚΤΩΒΡΙΟΥ  /2023 ΓΙΑΤΡΟΙ Ε.Σ.Υ( που εκκαθαρίζονται με το άρθρο 90 του Ν. 4850/2021 ),,,,no sponsor block
6ΛΜΠ4690ΒΤ-ΜΩΗ,2024-02-05,ΠΛΗΡΩΜΗ ΙΑΤΡΩΝ ΑΠΟ ΤΗΝ ΟΛΟΗΜΕΡΗ ΛΕΙΤΟΥΡΓΙΑ ΤΟΥ ΝΟΣΟΚΟΜΕΙΟΥ  ΜΗΝΟΣ   ΔΕΚΕΜΒΡΙΟΥ  /2023,,,,no sponsor block
ΨΚΧΒ4690ΒΤ-Ν2Ξ,2024-02-05,ΠΛΗΡΩΜΗ ΠΡΟΣΩΠΙΚΟΥ ΑΠΟ ΤΗΝ ΟΛΟΗΜΕΡΗ ΛΕΙΤΟΥΡΓΙΑ ΤΟΥ ΝΟΣΟΚΟΜΕΙΟΥ  ΜΗΝΟΣ  ΔΕΚΕΜΒΡΙΟΥ /2023,,,,no sponsor block
95ΣΝ4690ΒΤ-Ι4Μ,2024-02-05,ΓΙΑ ΤΗΝ ΑΞΙΑ ΠΛΗΡΩΜΗΣ ΟΔΟΙΠΟΡΙΚΩΝ ΕΞΟΔΩΝ ΚΑΙ ΗΜΕΡΗΣΙΑΣ ΑΠΟΖΗΜΙΩΣΗΣ ΥΠΑΛΛΗΛΩΝ Γ.Ν.ΚΑΤΕΡΙΝΗΣ,,,,no sponsor block
66ΖΙ4690ΒΤ-ΞΣ3,2024-02-05,ΓΙΑ ΤΗΝ ΑΞΙΑ ΠΛΗΡΩΜΗΣ ΟΔΟΙΠΟΡΙΚΩΝ ΕΞΟΔΩΝ ΚΑΙ ΗΜΕΡΗΣΙΑΣ ΑΠΟΖΗΜΙΩΣΗΣ ΥΠΑΛΛΗΛΩΝ Γ.Ν.ΚΑΤΕΡΙΝΗΣ,,,,no sponsor block
91094690ΒΤ-15Μ,2024-02-05,ΓΙΑ ΤΗΝ ΑΞΙΑ ΠΛΗΡΩΜΗΣ ΟΔΟΙΠΟΡΙΚΩΝ ΕΞΟΔΩΝ ΚΑΙ ΗΜΕΡΗΣΙΑΣ ΑΠΟΖΗΜΙΩΣΗΣ ΥΠΑΛΛΗΛΩΝ Γ.Ν.ΚΑΤΕΡΙΝΗΣ,,,,no sponsor block
ΨΛ4Ω4690ΒΤ-ΝΝΦ,2024-02-05,ΓΙΑ ΤΗΝ ΑΞΙΑ ΠΛΗΡΩΜΗΣ ΟΔΟΙΠΟΡΙΚΩΝ ΕΞΟΔΩΝ ΚΑΙ ΗΜΕΡΗΣΙΑΣ ΑΠΟΖΗΜΙΩΣΗΣ ΥΠΑΛΛΗΛΩΝ Γ.Ν.ΚΑΤΕΡΙΝΗΣ,,,,no sponsor block
ΨΦΚ54690ΒΤ-5ΜΝ,2024-02-05,ΠΡΟΣΘΕΤΕΣ ΑΜΟΙΒΕΣ ΔΕΚΕΜΒΡΙΟΥ/2023   ΝΟΣΗΛΕΥΤΙΚΟ  ΠΡΟΣΩΠΙΚΟ ΤΟΥ Ψ/Τ,,,,no sponsor block
ΨΤΩΓ4690ΒΤ-5ΦΒ,2024-02-05,ΑΠΟΖΗΜΙΩΣΗ ΕΦΗΜΕΡΙΩΝ  ΔΕΚΕΜΒΡΙΟΥ/2023   ΕΠΙΣΤ/ΚΟ  ΠΡΟΣΩΠΙΚΟ Ι.Δ   Ν.Δ 1057/80  ΤΟΥ Ψ/Τ,,,,no sponsor block
6Β834690ΒΤ-Υ1Μ,2024-02-05,ΑΠΟΖΗΜΙΩΣΗ ΕΦΗΜΕΡΙΩΝ  ΔΕΚΕΜΒΡΙΟΥ/2023   ΕΠΙΣΤ/ΚΟ  ΠΡΟΣΩΠΙΚΟ   ΤΟΥ Ψ/Τ,,,,no sponsor block
9Ω2Ψ4690ΒΤ-Γ37,2024-02-05,ΑΠΟΖΗΜΙΩΣΗ ΕΦΗΜΕΡΙΩΝ  ΔΕΚΕΜΒΡΙΟΥ/2023   ΕΠΙΣΤ/ΚΟ  ΠΡΟΣΩΠΙΚΟ   ΤΟΥ Κ.Ψ.ΥΓΕΙΑΣ,,,,no sponsor block
Ψ4ΓΡ4690ΒΤ-8ΣΝ,2024-02-05,ΠΡΟΣΘΕΤΕΣ ΑΜΟΙΒΕΣ ΔΕΚΕΜΒΡΙΟΥ/2023   ΕΠΙΚΟΥΡΙΚΟ  ΠΡΟΣΩΠΙΚΟ ΤΟΥ Ψ/Τ,,,,no sponsor block
65Ξ14690ΒΤ-ΨΟΣ,2024-02-05,ΠΡΟΣΘΕΤΕΣ ΑΜΟΙΒΕΣ ΔΕΚΕΜΒΡΙΟΥ/2023   ΕΠΙΚΟΥΡΙΚΟ ΤΡΙΜΗΝΟ  ΠΡΟΣΩΠΙΚΟ ΤΟΥ Ψ/Τ,,,,no sponsor block
60ΩΗ4690ΒΤ-ΟΞ1,2024-02-05,ΠΡΟΣΘΕΤΕΣ ΑΜΟΙΒΕΣ ΔΕΚΕΜΒΡΙΟΥ/2023   ΤΕΧΝΙΚΟ  ΠΡΟΣΩΠΙΚΟ ΤΟΥ Ψ/Τ,,,,no sponsor block
6ΓΩΞ4690ΒΤ-ΗΨ5,2024-02-05,ΠΡΟΣΘΕΤΕΣ ΑΜΟΙΒΕΣ ΔΕΚΕΜΒΡΙΟΥ/2023   ΜΟΝΙΜΟ ΔΙΚΟΜΟ ΒΟΗΘ   ΠΡΟΣΩΠΙΚΟ ΤΟΥ Ψ/Τ,,,,no sponsor block
6ΥΨ84690ΒΤ-ΜΝΑ,2024-02-05,ΠΡΟΣΘΕΤΕΣ ΑΜΟΙΒΕΣ ΔΕΚΕΜΒΡΙΟΥ/2023   ΝΟΣΗΛΕΥΤΙΚΟ  ΠΡΟΣΩΠΙΚΟ  Ν.Δ 1057/80   ΤΟΥ Ψ/Τ,,,,no sponsor block
65ΝΨ4690ΒΤ-0ΔΚ,2024-02-05,ΠΡΟΣΘΕΤΕΣ ΑΜΟΙΒΕΣ ΔΕΚΕΜΒΡΙΟΥ/2023     ΠΡΟΣΩΠΙΚΟ  ΕΠΙ ΣΧΕΣΕΙ ΕΡΓΑΣΙΑΣ Ι.Δ.Α.Χ   ΤΟΥ Ψ/Τ,,,,no sponsor block
6ΥΔ84690ΒΤ-ΗΙΨ,2024-02-02,ΠΡΟΣΘΕΤΕΣ ΑΜΟΙΒΕΣ ΔΕΚΕΜΒΡΙΟΥ/2023   ΝΟΣΗΛΕΥΤΙΚΟ ΠΡΟΣΩΠΙΚΟ,,,,no sponsor block
ΨΓΝ24690ΒΤ-ΒΕΞ,2024-02-02,ΠΡΟΣΘΕΤΕΣ ΑΜΟΙΒΕΣ ΔΕΚΕΜΒΡΙΟΥ/2023   ΕΠΙΚΟΥΡΙΚΟ  ΠΡΟΣΩΠΙΚΟ,,,,no sponsor block
Ψ56Ν4690ΒΤ-Φ3Γ,2024-02-02,ΠΡΟΣΘΕΤΕΣ ΑΜΟΙΒΕΣ ΔΕΚΕΜΒΡΙΟΥ/2023   ΜΟΝΙΜΟ ΔΟΚΙΜΟ  ΠΡΟΣΩΠΙΚΟ ΕΙΔ.ΘΕΣΕΩΝ,,,,no sponsor block
6Α404690ΒΤ-ΒΥΝ,2024-02-02,ΠΡΟΣΘΕΤΕΣ ΑΜΟΙΒΕΣ ΔΕΚΕΜΒΡΙΟΥ/2023   ΕΠΙΚΟΥΡΙΚΟ  ΠΡΟΣΩΠΙΚΟ,,,,no sponsor block
9ΖΝΑ4690ΒΤ-ΨΙΖ,2024-02-02,ΠΡΟΣΘΕΤΕΣ ΑΜΟΙΒΕΣ ΔΕΚΕΜΒΡΙΟΥ/2023   ΤΡΙΜΗΝΟ ΕΠΙΚΟΥΡΙΚΟ ΠΡΟΣΩΠΙΚΟ COVID,,,,no sponsor block
98ΦΜ4690ΒΤ-Φ03,2024-02-02,ΠΡΟΣΘΕΤΕΣ ΑΜΟΙΒΕΣ ΔΕΚΕΜΒΡΙΟΥ/2023   ΕΠΙΣΤΗΜΟΝΙΚΟ  ΠΡΟΣΩΠΙΚΟ,,,,no sponsor block
ΨΧΧ34690ΒΤ-Κ0Ρ,2024-02-02,ΠΡΟΣΘΕΤΕΣ ΑΜΟΙΒΕΣ ΔΕΚΕΜΒΡΙΟΥ/2023   ΕΠΙΣΤΗΜΟΝΙΚΟ  ΠΡΟΣΩΠΙΚΟ,,,,no sponsor block
6ΨΠ84690ΒΤ-ΞΑΜ,2024-02-02,ΠΡΟΣΘΕΤΕΣ ΑΜΟΙΒΕΣ ΔΕΚΕΜΒΡΙΟΥ/2023   ΕΠΙΣΤΗΜΟΝΙΚΟ  ΠΡΟΣΩΠΙΚΟ,,,,no sponsor block
ΨΟΓΖ4690ΒΤ-2ΞΞ,2024-02-02,ΠΡΟΣΘΕΤΕΣ ΑΜΟΙΒΕΣ ΔΕΚΕΜΒΡΙΟΥ/2023   ΝΕΟΠΡΟΣΛΑΜΒΑΝΟΜΕΝΟΙ (  Ο.Α.Ε.Δ 55-67 ΝΕΟΙ ),,,,no sponsor block
9ΓΣΠ4690ΒΤ-Τ7Ζ,2024-02-02,ΠΡΟΣΘΕΤΕΣ ΑΜΟΙΒΕΣ ΔΕΚΕΜΒΡΙΟΥ/2023   ΝΕΟΠΡΟΣΛΑΜΒΑΝΟΜΕΝΟΙ  Ο.Α.Ε.Δ ( 55-67 ) ΠΑΛΙΟΙ,,,,no sponsor block
6ΜΕ64690ΒΤ-ΞΘΚ,2024-02-02,ΠΡΟΣΘΕΤΕΣ ΑΜΟΙΒΕΣ ΔΕΚΕΜΒΡΙΟΥ/2023   ΔΙΟΙΚΗΤΙΚΟ ΠΡΟΣΩΠΙΚΟ,,,,no sponsor block
6Χ2Ι4690ΒΤ-ΧΑ5,2024-02-02,ΠΡΟΣΘΕΤΕΣ ΑΜΟΙΒΕΣ ΔΕΚΕΜΒΡΙΟΥ/2023    ΠΡΟΣΩΠΙΚΟ Ι.Δ Ν.2470/96,,,,no sponsor block
ΨΜΗΤ4690ΒΤ-2ΞΗ,2024-02-02,ΠΡΟΣΘΕΤΕΣ ΑΜΟΙΒΕΣ ΔΕΚΕΜΒΡΙΟΥ/2023   ΜΟΝΙΜΟ ΔΟΚΙΜΟ ΒΟΗΘ.  ΠΡΟΣΩΠΙΚΟ,,,,no sponsor block
ΨΨΥΘ4690ΒΤ-0ΔΟ,2024-02-02,ΠΡΟΣΘΕΤΕΣ ΑΜΟΙΒΕΣ ΔΕΚΕΜΒΡΙΟΥ/2023     ΠΡΟΣΩΠΙΚΟ ΕΠΙ ΣΧΕΣΕΙ ΕΡΓΑΣΙΑΣ Ι.Δ.Α.Χ,,,,no sponsor block
92ΕΗ4690ΒΤ-Γ69,2024-02-02,ΠΡΟΣΘΕΤΕΣ ΑΜΟΙΒΕΣ ΔΕΚΕΜΒΡΙΟΥ/2023   ΑΠΟΣΠΑΣΜΕΝΟΙ,,,,no sponsor block
Ψ57Θ4690ΒΤ-Τ4Α,2024-02-02,ΤΑΚΤΙΚΕΣ ΕΦΗΜΕΡΙΕΣ ΔΕΚΕΜΒΡΙΟΥ /2023 ΓΙΑΤΡΟΙ Ε.Σ.Υ ΕΙΔΙΚ/ΝΟΙ ΤΟΥ Ψ/Τ,,,,no sponsor block
6ΨΚΡ4690ΒΤ-ΒΘ2,2024-02-02,ΤΑΚΤΙΚΕΣ ΕΦΗΜΕΡΙΕΣ ΔΕΚΕΜΒΡΙΟΥ /2023 ΓΙΑΤΡΟΙ Ε.Σ.Υ ΤΟΥ Ψ/Τ,,,,no sponsor block
9Ξ684690ΒΤ-Ν3Φ,2024-02-02,ΤΑΚΤΙΚΕΣ ΕΦΗΜΕΡΙΕΣ ΔΕΚΕΜΒΡΙΟΥ /2023 ΓΙΑΤΡΟΙ Ε.Σ.Υ  ΤΟΥ Κ.Ψ.ΥΓΕΙΑΣ,,,,no sponsor block
9Ε484690ΒΤ-ΓΘ6,2024-02-02,ΤΑΚΤΙΚΕΣ ΕΦΗΜΕΡΙΕΣ ΔΕΚΕΜΒΡΙΟΥ /2023 ΓΙΑΤΡΟΙ Ε.Σ.Υ ΕΠΙΚΟΥΡΙΚΟΙ,,,,no sponsor block
6Ε344690ΒΤ-ΟΥΙ,2024-02-02,ΤΑΚΤΙΚΕΣ ΕΦΗΜΕΡΙΕΣ ΔΕΚΕΜΒΡΙΟΥ /2023 ΓΙΑΤΡΟΙ Ε.Σ.Υ ΕΠΙΚΟΥΡΙΚΟΙ,,,,no sponsor block
Ψ9ΧΓ4690ΒΤ-ΧΨΠ,2024-02-02,ΤΑΚΤΙΚΕΣ ΕΦΗΜΕΡΙΕΣ ΔΕΚΕΜΒΡΙΟΥ /2023  ΑΓΡΟΤΙΚΟΙ ΙΑΤΡΟΙ,,,,no sponsor block
ΨΤΗ84690ΒΤ-ΣΝΞ,2024-02-02,ΤΑΚΤΙΚΕΣ ΕΦΗΜΕΡΙΕΣ ΔΕΚΕΜΒΡΙΟΥ /2023 ΓΙΑΤΡΟΙ Ε.Σ.Υ EIΔΙΚ/ΝΟΙ,,,,no sponsor block
6ΗΒΠ4690ΒΤ-Ζ7Π,2024-02-02,ΤΑΚΤΙΚΕΣ ΕΦΗΜΕΡΙΕΣ ΔΕΚΕΜΒΡΙΟΥ /2023 ΓΙΑΤΡΟΙ Ε.Σ.Υ,,,,no sponsor block
9Π4Μ4690ΒΤ-ΩΦΕ,2024-02-02,ΠΡΟΣΘΕΤΕΣ ΕΦΗΜΕΡΙΕΣ ΟΚΤΩΒΡΙΟΥ /2023 ΓΙΑΤΡΟΙ Ε.Σ.Υ   ΕΙΔΙΚ/ΝΟΙ  ΤΟΥ Ψ/Τ,,,,no sponsor block
9ΩΙ14690ΒΤ-Φ42,2024-02-02,ΠΡΟΣΘΕΤΕΣ ΕΦΗΜΕΡΙΕΣ ΟΚΤΩΒΡΙΟΥ /2023 ΓΙΑΤΡΟΙ Ε.Σ.Υ  ΤΟΥ Ψ/Τ,,,,no sponsor block
6ΗΞΦ4690ΒΤ-Ψ3Ι,2024-02-02,ΠΡΟΣΘΕΤΕΣ ΕΦΗΜΕΡΙΕΣ ΟΚΤΩΒΡΙΟΥ /2023 ΓΙΑΤΡΟΙ Ε.Σ.Υ ΤΟΥ Κ.Ψ.Υ,,,,no sponsor block
6ΕΖΕ4690ΒΤ-Η9Β,2024-02-02,ΠΡΟΣΘΕΤΕΣ ΕΦΗΜΕΡΙΕΣ ΟΚΤΩΒΡΙΟΥ /2023 ΓΙΑΤΡΟΙ Ε.Σ.Υ   ΕΠΙΚΟΥΡΙΚΟΙ,,,,no sponsor block
6ΗΓΟ4690ΒΤ-045,2024-02-02,ΠΡΟΣΘΕΤΕΣ ΕΦΗΜΕΡΙΕΣ ΟΚΤΩΒΡΙΟΥ /2023 ΓΙΑΤΡΟΙ Ε.Σ.Υ ΕΠΙΚΟΥΡΙΚΟΙ,,,,no sponsor block
ΨΨ9Β4690ΒΤ-Υ35,2024-02-02,ΠΡΟΣΘΕΤΕΣ ΕΦΗΜΕΡΙΕΣ ΟΚΤΩΒΡΙΟΥ /2023 ΓΙΑΤΡΟΙ Ε.Σ.Υ  ΕΙΔΙΚ/ΝΟΙ,,,,no sponsor block
6ΨΛΕ4690ΒΤ-ΦΜΠ,2024-02-02,ΠΡΟΣΘΕΤΕΣ ΕΦΗΜΕΡΙΕΣ ΟΚΤΩΒΡΙΟΥ /2023 ΓΙΑΤΡΟΙ Ε.Σ.Υ,,,,no sponsor block
93324690ΒΤ-Ρ6Ζ,2024-02-01,ΤΑΚΤΙΚΗ ΜΙΣΘΟΔΟΣΙΑ ΜΕΤΑΠ/ΤΕΩΝ ΙΑΝΟΥΑΡΙΟΥ/2024  ΣΠΟΥΔΑΣΤΕΣ ΠΟΥ ΑΣΚΟΥΝΤΑΙ,,,,no sponsor block
9Ψ0Μ4690ΒΤ-054,2024-02-01,ΤΑΚΤΙΚΗ ΜΙΣΘΟΔΟΣΙΑ  ΙΑΝΟΥΑΡΙΟΥ /2024  ΑΜΙΣΘΟΙ ΤΕΕ   Ψ.Τ,,,,no sponsor block
6Δ8Β4690ΒΤ-ΧΩΓ,2024-02-01,ΤΑΚΤΙΚΗ ΜΙΣΘΟΔΟΣΙΑ ΜΕΤΑΠ/ΤΕΩΝ   IANOYAΡΙΟΣ /2024  ΑΜΙΣΘΟΙ ΤΕΕ (ΔΙΕΚ) Γ.Ν.Κ.,,,,no sponsor block
9ΣΒ84690ΒΤ-2ΚΤ,2024-02-01,ΤΑΚΤΙΚΗ ΜΙΣΘΟΔΟΣΙΑ ΜΕΤΑΠ/ΤΕΩΝ  ΔΕΚΕΜΒΡΙΟΣ  /2023  ΑΜΙΣΘΟΙ ΤΕΕ ( ΕΠΑΛ ),,,,no sponsor block
ΡΡΛΑ4690ΒΤ-Κ9Η,2024-02-01,ΤΑΚΤΙΚΗ ΜΙΣΘΟΔΟΣΙΑ ΜΕΤΑΠ/ΤΕΩΝ ΙΑΝΟΥΑΡΙΟΥ/2024   ΕΠΙΣΤΗΜΟΝΙΚΟ ΠΡΟΣΩΠΙΚΟ,,,,no sponsor block
9Α3Ζ4690ΒΤ-ΕΥΕ,2024-02-01,ΤΑΚΤΙΚΗ ΜΙΣΘΟΔΟΣΙΑ ΜΕΤΑΠ/ΤΕΩΝ ΙΑΝΟΥΑΡΙΟΥ/2024  ΕΠΙΚΟΥΡΙΚΟΙ ΕΣΥ,,,,no sponsor block
9Τ3Σ4690ΒΤ-ΙΒΓ,2024-02-01,ΤΑΚΤΙΚΗ ΜΙΣΘΟΔΟΣΙΑ ΜΕΤΑΠ/ΤΕΩΝ  ΙΑΝΟΥΑΡΙΟΣ /2024  ΝΕΟΠΡΟΣΛΑΒΑΝΟΜΕΝΟΙ ΟΑΕΔ (55-67)    ( ΝΕΟΙ ),,,,no sponsor block
95Λ24690ΒΤ-838,2024-02-01,ΤΑΚΤΙΚΗ ΜΙΣΘΟΔΟΣΙΑ ΜΕΤΑΠ/ΤΕΩΝ ΙΑΝΟΥΑΡΙΟΥ/2024  ΝΕΟΠΡΟΣΛΑΜΒΑΝΟΜΕΝΟΙ Ο.Α.Ε.Δ   ( 55-67 ),,,,no sponsor block
62ΓΒ4690ΒΤ-ΘΗ4,2024-02-01,ΤΑΚΤΙΚΗ ΜΙΣΘΟΔΟΣΙΑ ΜΕΤΑΠ/ΤΕΩΝ   ΙΑΝΟΥΑΡΙΟΥ /2024  ΕΠΙΚΟΥΡΙΚΟΙ  Ε.Σ.Υ,,,,no sponsor block
9ΣΓΝ4690ΒΤ-012,2024-02-01,ΤΑΚΤΙΚΗ ΜΙΣΘΟΔΟΣΙΑ ΜΕΤΑΠ/ΤΕΩΝ ΙΑΝΟΥΑΡΙΟΥ/2024  ΕΠΙΚΟΥΡΙΚΟ   ΠΡΟΣΩΠΙΚΟ,,,,no sponsor block
966Σ4690ΒΤ-ΨΔΗ,2024-02-01,ΤΑΚΤΙΚΗ ΜΙΣΘΟΔΟΣΙΑ ΜΕΤΑΠ/ΤΕΩΝ ΙΑΝΟΥΑΡΙΟΥ/2024  ΕΠΙΚΟΥΡΙΚΟ ΤΡΙΜΗΝΟ  ΠΡΟΣΩΠΙΚΟ,,,,no sponsor block
ΨΞ5Ξ4690ΒΤ-5ΓΨ,2024-02-01,ΤΑΚΤΙΚΗ ΜΙΣΘΟΔΟΣΙΑ ΜΕΤ/ΤΕΩΝ ΙΑΝΟΥΑΡΙΟΥ/2024  ΕΠΙΚΟΥΡΙΚΟ ΠΡΟΣΩΠΙΚΟ,,,,no sponsor block
6Μ4Φ4690ΒΤ-5Φ2,2024-01-30,ΠΡΟΣΘΕΤΕΣ ΑΜΟΙΒΕΣ  ΝΟΕΜΒΡΙΟΥ  /2023 12 ΜΗΝΑ Ο.Α.Ε.Δ ΔΗΜ.ΠΡΟΣΚΛΗΣΗ  Νο  10/2017,,,,no sponsor block
ΨΥΟΑ4690ΒΤ-ΑΘΩ,2024-01-30,ΠΡΟΣΘΕΤΕΣ ΑΜΟΙΒΕΣ  ΝΟΕΜΒΡΙΟΥ  /2023     12 ΜΗΝΑ ΟΑΕΔ  ΔΗΜ.ΠΡΟΣΚΛΗΣΗ       Νο 13/2016,,,,no sponsor block
9ΗΔΝ4690ΒΤ-ΦΨΡ,2024-01-30,ΤΑΚΤΙΚΗ ΜΙΣΘΟΔΟΣΙΑ  ΔΕΚΕΜΒΡΙΟΥ  /2023 12 ΜΗΝΑ Ο.Α.Ε.Δ   ΔΗΜ.ΠΡΟΣΚΛΗΣΗ    Νο 10/2017,,,,no sponsor block
6Ρ964690ΒΤ-ΗΡΓ,2024-01-30,ΤΑΚΤΙΚΗ  ΜΙΣΘΟΔΟΣΙΑ  ΔΕΚΕΜΒΡΙΟΥ  /2023      12 ΜΗΝΑ ΟΑΕΔ  ΔΗΜ.ΠΡΟΣΚΛΗΣΗ       Νο 13/2016,,,,no sponsor block
ΨΞ5Ο4690ΒΤ-ΧΕΖ,2024-11-01,ΠΡΟΣΘΕΤΕΣ ΕΦΗΜΕΡΙΕΣ ΜΗΝΟΣ ΙΟΥΝΙΟΥ 2024 ΕΠΙΚΟΥΡΙΚΟΙ Ε.Σ.Υ. ΤΟΥ Γ.Ν.Κ,,,,no sponsor block
99Ε54690ΒΤ-ΤΒΔ,2024-11-01,ΠΡΟΣΘΕΤΕΣ ΕΦΗΜΕΡΙΕΣ ΜΗΝΟΣ ΙΟΥΝΙΟΥ 2024 ΓΙΑΤΡΟΙ Ε.Σ.Υ. ΕΙΔΙΚ/ΝΟΙ ΤΟΥ Γ.Ν.Κ.,,,,no sponsor block
6ΔΧΚ4690ΒΤ-3Υ1,2024-11-01,ΠΡΟΣΘΕΤΕΣ ΕΦΗΜΕΡΙΕΣ ΜΗΝΟΣ ΙΟΥΝΙΟΥ 2024 ΓΙΑΤΡΟΙ Ε.Σ.Υ. ΤΟΥ Γ.Ν.Κ.,,,,no sponsor block
Ψ6ΠΣ4690ΒΤ-ΘΞΖ,2024-11-01,ΠΡΟΣΘΕΤΕΣ ΕΦΗΜΕΡΙΕΣ ΜΗΝΟΣ ΙΟΥΝΙΟΥ 2024 ΕΠΙΚΟΥΡΙΚΟΙ Ε.Σ.Υ. Γ.Ν.Κ,,,,no sponsor block
6ΥΖΞ4690ΒΤ-Ο64,2024-11-01,ΠΡΟΣΘΕΤΕΣ ΕΦΗΜΕΡΙΕΣ ΜΗΝΟΣ ΙΟΥΝΙΟΥ 2024 ΓΙΑΤΡΟΙ Ε.Σ.Υ. ΤΟΥ Κ.Ψ.ΥΓΕΙΑΣ,,,,no sponsor block
6ΩΟ14690ΒΤ-ΤΡΗ,2024-11-01,ΠΡΟΣΘΕΤΕΣ ΕΦΗΜΕΡΙΕΣ ΜΗΝΟΣ ΙΟΥΝΙΟΥ 2024 ΓΙΑΤΡΩΝ Ε.Σ.Υ. ΤΟΥ Ψ.Τ.,,,,no sponsor block
ΨΔ524690ΒΤ-Ι96,2024-11-01,ΠΡΟΣΘΕΤΕΣ ΕΦΗΜΕΡΙΕΣ ΜΗΝΟΣ ΙΟΥΝΙΟΥ  2024 ΓΙΑΤΡΩΝ Ε.Σ.Υ. ΕΙΣΔ/ΝΟΙ Ψ.Τ.,,,,no sponsor block
ΨΡ2Υ4690ΒΤ-Ψ9Ν,2024-10-29,ΑΠΟΖΗΜΙΩΣΗ  ΗΜΕΡΩΝ  ΕΦΗΜΕΡΙΑΣ   ΣΕΠΤΕΜΒΡΙΟΥ /2024   ΕΠΙΣΤ/ΚΟ  ΠΡΟΣΩΠΙΚΟ   ΤΟΥ Ψ/Τ,,,,no sponsor block
9Θ5Ο4690ΒΤ-38Ω,2024-10-29,ΑΠΟΖΗΜΙΩΣΗ  ΗΜΕΡΩΝ  ΕΦΗΜΕΡΙΑΣ   ΣΕΠΤΕΜΒΡΙΟΥ /2024   ΕΠΙΣΤ/ΚΟ  ΠΡΟΣΩΠΙΚΟ   ΤΟΥ Κ.Ψ.ΥΓΕΙΑΣ,,,,no sponsor block
ΨΗ5Π4690ΒΤ-4ΓΘ,2024-10-29,ΑΠΟΖΗΜΙΩΣΗ ΕΦΗΜΕΡΙΩΝ  ΣΕΠΤΕΜΒΡΙΟΥ /2024   ΕΠΙΣΤ/ΚΟ  ΠΡΟΣΩΠΙΚΟ Ι.Δ   Ν.Δ 1057/80  ΤΟΥ Ψ/Τ,,,,no sponsor block
ΨΘΕ74690ΒΤ-ΘΝΑ,2024-10-29,ΠΡΟΣΘΕΤΕΣ ΑΜΟΙΒΕΣ ΣΕΠΤΕΜΒΡΙΟΥ/2024  ΝΟΣΗΛΕΥΤΙΚΟ ΠΡΟΣΩΠΙΚΟ   Ν.Δ  1057/80  ΤΟΥ Ψ/ΤΟΜΕΑ,,,,no sponsor block
Ψ5ΠΦ4690ΒΤ-Λ7Ψ,2024-10-29,ΠΡΟΣΘΕΤΕΣ ΑΜΟΙΒΕΣ ΣΕΠΤΕΜΒΡΙΟΥ/2024   ΜΟΝΙΜΟ  ΔΟΚΙΜΟ ΒΟΗΘ. ΠΡΟΣΩΠΙΚΟ ΤΟΥ Ψ/ΤΟΜΕΑ,,,,no sponsor block
ΨΦΦΘ4690ΒΤ-2ΘΕ,2024-10-29,ΠΡΟΣΘΕΤΕΣ ΑΜΟΙΒΕΣ ΣΕΠΤΕΜΒΡΙΟΥ/2024  ΤΕΧΝΙΚΟ  ΠΡΟΣΩΠΙΚΟ ΤΟΥ Ψ/ΤΟΜΕΑ,,,,no sponsor block
Ψ2Γ44690ΒΤ-ΡΩ5,2024-10-29,ΠΡΟΣΘΕΤΕΣ ΑΜΟΙΒΕΣ ΣΕΠΤΕΜΒΡΙΟΥ/2024   ΠΡΟΣΩΠΙΚΟ  ΕΠΙ ΣΧΕΣΕΙ ΕΡΓΑΣΙΑΣ Ι.Δ.Α.Χ    ΤΟΥ Ψ/ΤΟΜΕΑ,,,,no sponsor block
9ΠΜΜ4690ΒΤ-ΤΚΠ,2024-10-29,ΠΡΟΣΘΕΤΕΣ ΑΜΟΙΒΕΣ ΣΕΠΤΕΜΒΡΙΟΥ/2024  ΝΕΟΠΡΟΣΛΑΜΒΑΝΟΜΕΝΟΙ  Ο.Α.Ε.Δ  ΤΟΥ Ψ/ΤΟΜΕΑ  ( 55-67  ) ΝΕΟΙ,,,,no sponsor block
9ΚΔ54690ΒΤ-ΠΝ5,2024-10-29,ΠΡΟΣΘΕΤΕΣ ΑΜΟΙΒΕΣ ΣΕΠΤΕΜΒΡΙΟΥ/2024   ΕΠΙΚΟΥΡΙΚΟ   ΠΡΟΣΩΠΙΚΟ ΤΟΥ Ψ/ΤΟΜΕΑ,,,,no sponsor block
ΨΟ084690ΒΤ-ΕΔ7,2024-10-29,ΠΡΟΣΘΕΤΕΣ ΑΜΟΙΒΕΣ ΣΕΠΤΕΜΒΡΙΟΥ/2024  ΕΠΙΚΟΥΡΙΚΟ ΤΡΙΜΗΝΟ  COVID   ΠΡΟΣΩΠΙΚΟ ΤΟΥ Ψ/ΤΟΜΕΑ,,,,no sponsor block
991Φ4690ΒΤ-Ζ1Ρ,2024-10-29,ΠΡΟΣΘΕΤΕΣ ΑΜΟΙΒΕΣ ΣΕΠΤΕΜΒΡΙΟΥ/2024  ΝΟΣΗΛΕΥΤΙΚΟ ΠΡΟΣΩΠΙΚΟ ΤΟΥ Ψ/ΤΟΜΕΑ,,,,no sponsor block
6ΩΛ24690ΒΤ-ΥΡ2,2024-10-29,ΑΠΟΖΗΜΙΩΣΗ ΕΦΗΜΕΡΙΩΝ ΕΠΙΣΤΗΜΟΝΙΚΟΥ ΠΡΟΣΩΠΙΚΟΥ ΣΕΠΤΕΜΒΡΙΟΥ/2024,,,,no sponsor block
6ΦΥ04690ΒΤ-Χ2Δ,2024-10-29,ΑΠΟΖΗΜΙΩΣΗ ΕΦΗΜΕΡΙΩΝ ΕΠΙΣΤΗΜΟΝΙΚΟΥ ΠΡΟΣΩΠΙΚΟΥ ΣΕΠΤΕΜΒΡΙΟΥ/2024,,,,no sponsor block
9ΡΕΘ4690ΒΤ-Ρ1Σ,2024-10-29,ΠΡΟΣΘΕΤΕΣ ΑΜΟΙΒΕΣ  ΣΕΠΤΕΜΒΡΙΟΥ /2024   ΝΕΟΠΡΟΣΛΑΜΒΑΝΟΜΕΝΟΙ  Ο.Α.Ε.Δ ( ΝΕΟΙ   ) 55-67,,,,no sponsor block
6ΖΠΗ4690ΒΤ-23Σ,2024-10-29,ΠΡΟΣΘΕΤΕΣ ΑΜΟΙΒΕΣ  ΣΕΠΤΕΜΒΡΙΟΥ /2024   ΝΕΟΠΡΟΣΛΑΜΒΑΝΟΜΕΝΟΙ  Ο.Α.Ε.Δ ( ΠΑΛΙΟΙ  ) 55-67,,,,no sponsor block
Ψ02Λ4690ΒΤ-ΝΦ1,2024-10-29,ΠΡΟΣΘΕΤΕΣ ΑΜΟΙΒΕΣ  ΣΕΠΤΕΜΒΡΙΟΥ /2024    ΠΡΟΣΩΠΙΚΟ  Ι.Δ   Ν.2470/96,,,,no sponsor block
6ΤΡΘ4690ΒΤ-ΔΛ2,2024-10-29,ΠΡΟΣΘΕΤΕΣ ΑΜΟΙΒΕΣ  ΣΕΠΤΕΜΒΡΙΟΥ /2024   ΕΠΙΚΟΥΡΙΚΟ  COVID  ΠΡΟΣΩΠΙΚΟ,,,,no sponsor block
ΨΑ094690ΒΤ-2ΒΠ,2024-10-29,ΠΡΟΣΘΕΤΕΣ ΑΜΟΙΒΕΣ  ΣΕΠΤΕΜΒΡΙΟΥ /2024   ΤΡΙΜΗΝΑ COVID  ΕΠΙΚΟΥΡΙΚΟ  ΠΡΟΣΩΠΙΚΟ,,,,no sponsor block
68Ζ04690ΒΤ-Σ5Ψ,2024-10-29,ΠΡΟΣΘΕΤΕΣ ΑΜΟΙΒΕΣ  ΣΕΠΤΕΜΒΡΙΟΥ /2024   ΔΙΟΙΚΗΤΙΚΟ  ΠΡΟΣΩΠΙΚΟ,,,,no sponsor block
9ΕΔ94690ΒΤ-ΒΒΘ,2024-10-29,ΠΡΟΣΘΕΤΕΣ ΑΜΟΙΒΕΣ  ΣΕΠΤΕΜΒΡΙΟΥ /2024   ΜΟΝΙΜΟ  ΔΟΚΙΜΟ  ΒΟΗΘ.  ΠΡΟΣΩΠΙΚΟ,,,,no sponsor block
9Ρ9Η4690ΒΤ-Μ7Τ,2024-10-29,ΠΡΟΣΘΕΤΕΣ ΑΜΟΙΒΕΣ  ΣΕΠΤΕΜΒΡΙΟΥ /2024    ΠΡΟΣΩΠΙΚΟ  ΕΠΙ ΣΧΕΣΕΙ ΕΓΑΣΙΑΣ Ι.Δ.Α.Χ,,,,no sponsor block
6ΔΘΚ4690ΒΤ-ΨΘΩ,2024-10-29,ΠΡΟΣΘΕΤΕΣ ΑΜΟΙΒΕΣ  ΣΕΠΤΕΜΒΡΙΟΥ /2024    ΜΟΝΙΜΟ-ΔΟΚΙΜΟ  ΠΡΟΣΩΠΙΚΟ  ΕΙΔ. ΘΕΣΕΩΝ,,,,no sponsor block
612Χ4690ΒΤ-ΛΘΒ,2024-10-29,ΠΡΟΣΘΕΤΕΣ ΑΜΟΙΒΕΣ  ΣΕΠΤΕΜΒΡΙΟΥ /2024   ΑΠΟΣΠΑΣΜΕΝΟΙ,,,,no sponsor block
Ρ7ΘΗ4690ΒΤ-2ΘΘ,2024-10-29,ΠΡΟΣΘΕΤΕΣ ΑΜΟΙΒΕΣ  ΣΕΠΤΕΜΒΡΙΟΥ /2024   ΝΟΣΗΛΕΥΤΙΚΟ ΠΡΟΣΩΠΙΚΟ,,,,no sponsor block
9Σ0Χ4690ΒΤ-ΔΤΤ,2024-10-29,ΤΑΚΤΙΚΕΣ ΕΦΗΜΕΡΙΕΣ   ΣΕΠΤΕΜΒΡΙΟΥ  /2024   ΓΙΑΤΡΟΙ  Ε.Σ.Υ   ΕΙΔΙΚ/ΝΟΙ   ΤΟΥ Ψ/ΤΟΜΕΑ,,,,no sponsor block
9Α4Χ4690ΒΤ-ΤΜΨ,2024-10-29,ΤΑΚΤΙΚΕΣ ΕΦΗΜΕΡΙΕΣ   ΣΕΠΤΕΜΒΡΙΟΥ  /2024   ΓΙΑΤΡΟΙ  Ε.Σ.Υ  ΤΟΥ Ψ/ΤΟΜΕΑ,,,,no sponsor block
ΨΘΙ94690ΒΤ-6ΗΣ,2024-10-29,ΤΑΚΤΙΚΕΣ ΕΦΗΜΕΡΙΕΣ   ΣΕΠΤΕΜΒΡΙΟΥ  /2024   ΓΙΑΤΡΟΙ  Ε.Σ.Υ  ΤΟΥ Κ.Ψ.ΥΓΕΙΑΣ,,,,no sponsor block
6Ω9Η4690ΒΤ-Φ87,2024-10-29,ΤΑΚΤΙΚΕΣ ΕΦΗΜΕΡΙΕΣ   ΣΕΠΤΕΜΒΡΙΟΥ  /2024   ΓΙΑΤΡΟΙ  ΕΙΔΙΚ/ΝΟΙ,,,,no sponsor block
6ΙΝΝ4690ΒΤ-ΣΥΩ,2024-10-29,ΤΑΚΤΙΚΕΣ ΕΦΗΜΕΡΙΕΣ   ΣΕΠΤΕΜΒΡΙΟΥ  /2024   ΕΠΙΚΟΥΡΙΚΟΙ   Ε.Σ.Υ,,,,no sponsor block
63ΨΨ4690ΒΤ-Ξ1Χ,2024-10-29,ΤΑΚΤΙΚΕΣ ΕΦΗΜΕΡΙΕΣ   ΣΕΠΤΕΜΒΡΙΟΥ  /2024   ΕΠΙΚΟΥΡΙΚΟΙ  Ε.Σ.Υ,,,,no sponsor block
9ΗΟΚ4690ΒΤ-5Σ1,2024-10-29,ΤΑΚΤΙΚΕΣ ΕΦΗΜΕΡΙΕΣ   ΣΕΠΤΕΜΒΡΙΟΥ  /2024   ΓΙΑΤΡΟΙ  Ε.Σ.Υ,,,,no sponsor block
68ΓΦ4690ΒΤ-ΗΟ3,2024-10-29,ΤΑΚΤΙΚΗ ΜΙΣΘΟΔΟΣΙΑ ΜΕΤΑΠ/ΤΕΩΝ     OKTΩΒΡΙΟΥ  /2024  ΑΜΙΣΘΟΙ ΤΕΕ (ΔΙΕΚ) Γ.Ν.Κ.,,,,no sponsor block
9Ω224690ΒΤ-ΑΑΚ,2024-10-29,ΤΑΚΤΙΚΗ ΜΙΣΘΟΔΟΣΙΑ ΜΕΤΑΠ/ΤΕΩΝ  ΣΕΠΤΕΜΒΡΙΟΥ  /2024  ΑΜΙΣΘΟΙ ΤΕΕ ( ΕΠΑΛ ) Γ.Ν.Κ.,,,,no sponsor block
6Χ8Ζ4690ΒΤ-1Χ6,2024-10-29,ΤΑΚΤΙΚΗ ΜΙΣΘΟΔΟΣΙΑ ΜΕΤ/ΤΕΩΝ  ΟΚΤΩΒΡΙΟΥ  /2024  ΕΠΙΣΤΗΜΟΝΙΚΟ  ΠΡΟΣΩΠΙΚΟ,,,,no sponsor block
ΨΞΙΞ4690ΒΤ-ΥΧΣ,2024-10-29,ΑΝΑΔΡΟΜΙΚΑ ΟΚΤΩΒΡΙΟΥ /2024 ΕΠΙΚΟΥΡΙΚΟΙ Ε.Σ.Υ,,,,no sponsor block
ΨΙ694690ΒΤ-ΚΤ1,2024-10-29,ΤΑΚΤΙΚΗ ΜΙΣΘΟΔΟΣΙΑ ΜΕΤ/ΤΕΩΝ  ΟΚΤΩΒΡΙΟΥ  /2024  ΕΠΙΚΟΥΡΙΚΟ ΠΡΟΣΩΠΙΚΟ   ΤΡΙΜΗΝΑ   COVID,,,,no sponsor block
969Η4690ΒΤ-0Α0,2024-10-29,ΤΑΚΤΙΚΗ ΜΙΣΘΟΔΟΣΙΑ ΜΕΤ/ΤΕΩΝ  ΟΚΤΩΒΡΙΟΥ  /2024  ΕΠΙΚΟΥΡΙΚΟ Ε.Σ.Υ  COVID,,,,no sponsor block
6ΚΣ64690ΒΤ-ΒΟ7,2024-10-29,ΤΑΚΤΙΚΗ ΜΙΣΘΟΔΟΣΙΑ ΜΕΤ/ΤΕΩΝ  ΟΚΤΩΒΡΙΟΥ  /2024  ΝΕΟΠΡΟΣΛΑΜΒΑΝΟΜΕΝΟΙ  Ο.Α.Ε.Δ  ΝΕΟΙ  ( 55-67  ),,,,no sponsor block
Ψ5Γ74690ΒΤ-ΖΗΕ,2024-10-29,ΤΑΚΤΙΚΗ ΜΙΣΘΟΔΟΣΙΑ ΜΕΤ/ΤΕΩΝ  ΟΚΤΩΒΡΙΟΥ  /2024  ΝΕΟΠΡΟΣΛΑΜΒΑΝΟΜΕΝΟΙ  Ο.Α.Ε.Δ ΠΑΛΙΟΙ  ( 55-67  ),,,,no sponsor block
6ΞΚΒ4690ΒΤ-Ψ0Ι,2024-10-29,ΤΑΚΤΙΚΗ ΜΙΣΘΟΔΟΣΙΑ ΜΕΤ/ΤΕΩΝ  ΟΚΤΩΒΡΙΟΥ  /2024  ΕΠΙΚΟΥΡΙΚΟ Ε.Σ.Υ,,,,no sponsor block
ΨΨΟ74690ΒΤ-8ΓΟ,2024-10-29,ΤΑΚΤΙΚΗ ΜΙΣΘΟΔΟΣΙΑ ΜΕΤ/ΤΕΩΝ  ΟΚΤΩΒΡΙΟΥ  /2024  ΕΠΙΚΟΥΡΙΚΟ ΠΡΟΣΩΠΙΚΟ  COVID,,,,no sponsor block
67ΘΔ4690ΒΤ-ΟΤ6,2024-10-23,ΓΙΑ ΤΗΝ ΑΞΙΑ ΠΛΗΡΩΜΗΣ ΟΔΟΙΠΟΡΙΚΩΝ ΕΞΟΔΩΝ ΚΑΙ ΗΜΕΡΗΣΙΑΣ ΑΠΟΖΗΜΙΩΣΗΣ ΥΠΑΛΛΗΛΩΝ ΣΕΠΤΕΜΒΡΙΟΥ  Γ.Ν.ΚΑΤΕΡΙΝΗΣ,,,,no sponsor block
ΨΧΥΝ4690ΒΤ-Η98,2024-10-23,ΓΙΑ ΤΗΝ ΑΞΙΑ ΠΛΗΡΩΜΗΣ ΟΔΟΙΠΟΡΙΚΩΝ ΕΞΟΔΩΝ ΚΑΙ ΗΜΕΡΗΣΙΑΣ ΑΠΟΖΗΜΙΩΣΗΣ ΥΠΑΛΛΗΛΩΝ ΣΕΠΤΕΜΒΡΙΟΥ  Γ.Ν.ΚΑΤΕΡΙΝΗΣ,,,,no sponsor block
6Χ1Ι4690ΒΤ-ΣΩΝ,2024-10-08,ΑΡ.ΣΥΜΒΑΣΗΣ 198/2023  ( 23SYMV013529939 ) CPV 33100000-1,,,,no sponsor block
ΨΥ104690ΒΤ-ΠΟ8,2024-10-08,ΠΡΟΣΘΕΤΕΣ ΑΜΟΙΒΕΣ  ΑΥΓΟΥΣΤΟΥ  /2024 12 ΜΗΝΑ Ο.Α.Ε.Δ ΔΗΜ.ΠΡΟΣΚΛΗΣΗ  Νο  10/2017,,,,no sponsor block
6ΩΜΛ4690ΒΤ-ΚΟΡ,2024-10-08,ΠΡΟΣΘΕΤΕΣ ΑΜΟΙΒΕΣ  ΑΥΓΟΥΣΤΟΥ  /2024     12 ΜΗΝΑ ΟΑΕΔ  ΔΗΜ.ΠΡΟΣΚΛΗΣΗ       Νο 13/2016,,,,no sponsor block
922Π4690ΒΤ-ΓΑΣ,2024-10-08,ΤΑΚΤΙΚΗ ΜΙΣΘΟΔΟΣΙΑ  ΣΕΠΤΕΜΒΡΙΟΥ /2024  12 ΜΗΝΑ Ο.Α.Ε.Δ   ΔΗΜ.ΠΡΟΣΚΛΗΣΗ    Νο 10/2017,,,,no sponsor block
ΨΑΣΟ4690ΒΤ-ΥΨ0,2024-10-08,ΠΡΟΜ.ΛΟΙΠΟΥ ΧΗΜΙΚΟΥ ΥΛΙΚΟΥ/2023  (  23REQ013800778  ) CPV 33696500-0  ),094456875,SIEMENS HEALTHINEERS ΕΛΛΑΣ ΜΟΝΟΠΡΟΣΩΠΗ ΑΝΩΝΥΜΗ ΕΤΑΙΡΕΙΑ,-1760.01,negative amount
69Ξ04690ΒΤ-971,2024-10-08,ΤΑΚΤΙΚΗ  ΜΙΣΘΟΔΟΣΙΑ  ΣΕΠΤΕΜΒΡΙΟΥ /2024      12 ΜΗΝΑ ΟΑΕΔ  ΔΗΜ.ΠΡΟΣΚΛΗΣΗ       Νο 13/2016,,,,no sponsor block
6ΩΛ84690ΒΤ-ΚΡΞ,2024-10-03,Συντήρηση εξοπλισμού getinge κεντρικής αποστείρωσης απο 23-9-2023 εως 31-12-2023   CPV  50000000-5  ( 1o X.E 1462/2024 ),999825956,ΓΕΝΙΚΟ ΚΡΑΤΙΚΟ ΝΟΣΟΚΟΜΕΙΟ ΚΑΤΕΡΙΝΗΣ,6481.00,self-referential (payroll/EFKA/FMY remittance)
ΨΜΛΦ4690ΒΤ-ΗΝΞ,2024-10-03,Ηλεκτρονικός ανοικτός διαγωνισμός προιόντων διατροφής /2023  cpv 15800000-6     ( 1o X.E 1819/2023 ),999825956,ΓΕΝΙΚΟ ΚΡΑΤΙΚΟ ΝΟΣΟΚΟΜΕΙΟ ΚΑΤΕΡΙΝΗΣ,1047.54,self-referential (payroll/EFKA/FMY remittance)
6ΖΤΝ4690ΒΤ-ΝΑΞ,2024-10-02,ΑΠΟΖΗΜΙΩΣΗ ΕΦΗΜΕΡΙΩΝ ΕΠΙΣΤΗΜΟΝΙΚΟΥ ΠΡΟΣΩΠΙΚΟΥ ΑΥΓΟΥΣΤΟΥ/2024  ΤΟΥ Κ.Ψ.ΥΓΕΙΑΣ,,,,no sponsor block
Ψ8ΘΑ4690ΒΤ-ΩΧΑ,2024-10-02,ΑΠΟΖΗΜΙΩΣΗ ΕΦΗΜΕΡΙΩΝ ΕΠΙΣΤΗΜΟΝΙΚΟΥ ΠΡΟΣΩΠΙΚΟΥ  Ι.Δ  Ν.Δ 1057/80  ΑΥΓΟΥΣΤΟΥ/2024  ΤΟΥ Ψ/Τ,,,,no sponsor block
9ΚΚ84690ΒΤ-3Ω1,2024-10-02,ΑΠΟΖΗΜΙΩΣΗ ΕΦΗΜΕΡΙΩΝ ΕΠΙΣΤΗΜΟΝΙΚΟΥ ΠΡΟΣΩΠΙΚΟΥ ΑΥΓΟΥΣΤΟΥ/2024  ΤΟΥ Ψ/Τ,,,,no sponsor block
ΨΞΥΜ4690ΒΤ-Ι2Β,2024-10-02,ΠΡΟΣΘΕΤΕΣ ΑΜΟΙΒΕΣ  ΑΥΓΟΥΣΤΟΥ  /2024   ΝΕΟΠΡΟΣΛΑΜΒΑΝΟΜΕΝΟ  Ο.Α.Ε.Δ ( 55-67 )  ΠΡΟΣΩΠΙΚΟ  του Ψ/Τ,,,,no sponsor block
Ψ5Ξ54690ΒΤ-Σ7Τ,2024-10-02,ΠΡΟΣΘΕΤΕΣ ΑΜΟΙΒΕΣ  ΑΥΓΟΥΣΤΟΥ  /2024   ΕΠΙΚΟΥΡΙΚΟ ΤΡΙΜΗΝΟ  COVID  ΠΡΟΣΩΠΙΚΟ  του Ψ/Τ,,,,no sponsor block
ΨΒ024690ΒΤ-ΙΛΤ,2024-10-02,ΠΡΟΣΘΕΤΕΣ ΑΜΟΙΒΕΣ  ΑΥΓΟΥΣΤΟΥ  /2024   ΤΕΧΝΙΚΟ  ΠΡΟΣΩΠΙΚΟ  του Ψ/Τ,,,,no sponsor block
62Τ34690ΒΤ-ΠΚ3,2024-10-02,ΠΡΟΣΘΕΤΕΣ ΑΜΟΙΒΕΣ  ΑΥΓΟΥΣΤΟΥ  /2024    ΠΡΟΣΩΠΙΚΟ  ΕΠΙ ΣΧΕΣΕΙ ΕΡΓΑΣΙΑΣ Ι.Δ.Α.Χ   του Ψ/Τ,,,,no sponsor block
94ΙΣ4690ΒΤ-ΘΒ8,2024-10-02,ΠΡΟΣΘΕΤΕΣ ΑΜΟΙΒΕΣ  ΑΥΓΟΥΣΤΟΥ  /2024   ΝΟΣΗΛΕΥΤΙΚΟ ΠΡΟΣΩΠΙΚΟ  Ν.Δ 1057/80  του Ψ/Τ,,,,no sponsor block
ΨΥΤ44690ΒΤ-6ΗΞ,2024-10-02,ΠΡΟΣΘΕΤΕΣ ΑΜΟΙΒΕΣ  ΑΥΓΟΥΣΤΟΥ  /2024   ΜΟΝΙΜΟ-ΔΟΚΙΜΟ-ΒΟΗΘ.  ΠΡΟΣΩΠΙΚΟ  του Ψ/Τ,,,,no sponsor block
6ΔΡΖ4690ΒΤ-ΝΜΘ,2024-10-02,ΠΡΟΣΘΕΤΕΣ ΑΜΟΙΒΕΣ  ΑΥΓΟΥΣΤΟΥ  /2024   ΕΠΙΚΟΥΡΙΚΟ  ΠΡΟΣΩΠΙΚΟ  του Ψ/Τ,,,,no sponsor block
623Γ4690ΒΤ-ΜΙΖ,2024-10-02,ΠΡΟΣΘΕΤΕΣ ΑΜΟΙΒΕΣ  ΑΥΓΟΥΣΤΟΥ  /2024   ΝΟΣΗΛΕΥΤΙΚΟ ΠΡΟΣΩΠΙΚΟ  του Ψ/Τ,,,,no sponsor block
Ψ9ΣΙ4690ΒΤ-Λ7Η,2024-10-01,ΑΠΟΖΗΜΙΩΣΗ ΕΦΗΜΕΡΙΩΝ ΑΥΓΟΥΣΤΟΥ/2024  ΕΠΙΣΤΗΜΟΝΙΚΟ  ΠΡΟΣΩΠΙΚΟ  COVID,,,,no sponsor block
9ΗΞΩ4690ΒΤ-9ΑΒ,2024-10-01,ΑΠΟΖΗΜΙΩΣΗ ΕΦΗΜΕΡΙΩΝ ΑΥΓΟΥΣΤΟΥ/2024  ΕΠΙΣΤΗΜΟΝΙΚΟ  ΠΡΟΣΩΠΙΚΟ,,,,no sponsor block
ΨΝ464690ΒΤ-ΓΩΟ,2024-10-01,ΠΡΟΣΘΕΤΕΣ ΑΜΟΙΒΕΣ  ΑΥΓΟΥΣΤΟΥ  /2024    ΑΠΟΣΠΑΣΜΕΝΟΙ,,,,no sponsor block
ΨΛΩΑ4690ΒΤ-1ΦΖ,2024-10-01,ΠΡΟΣΘΕΤΕΣ ΑΜΟΙΒΕΣ  ΑΥΓΟΥΣΤΟΥ  /2024    ΕΠΙΚΟΥΡΙΚΟ ΤΡΙΜΗΝΟ  COVID  ΠΡΟΣΩΠΙΚΟ,,,,no sponsor block
6ΜΣΨ4690ΒΤ-7ΙΘ,2024-10-01,ΠΡΟΣΘΕΤΕΣ ΑΜΟΙΒΕΣ  ΑΥΓΟΥΣΤΟΥ  /2024    ΠΡΟΣΩΠΙΚΟ Ι.Δ  Ν.2470/96,,,,no sponsor block
9Φ3Ο4690ΒΤ-ΒΥΞ,2024-10-01,ΠΡΟΣΘΕΤΕΣ ΑΜΟΙΒΕΣ  ΑΥΓΟΥΣΤΟΥ  /2024    ΠΡΟΣΩΠΙΚΟ Ι.Δ  Ν.2470/96,,,,no sponsor block
6ΣΟ44690ΒΤ-1ΘΡ,2024-10-01,ΠΡΟΣΘΕΤΕΣ ΑΜΟΙΒΕΣ  ΑΥΓΟΥΣΤΟΥ  /2024    ΝΕΟΠΡΟΣΛΑΜΒΑΝΟΜΕΝΟΙ Ο.Α.Ε.Δ  ( 55-67 ) ΝΕΟΙ,,,,no sponsor block
6Τ6Γ4690ΒΤ-ΝΞ4,2024-10-01,ΠΡΟΣΘΕΤΕΣ ΑΜΟΙΒΕΣ  ΑΥΓΟΥΣΤΟΥ  /2024    ΝΕΟΠΡΟΣΛΑΜΒΑΝΟΜΕΝΟΙ Ο.Α.Ε.Δ  ( 55-67 ) ΠΑΛΙΟΙ,,,,no sponsor block
Ψ1ΑΧ4690ΒΤ-ΟΧΗ,2024-10-01,ΠΡΟΣΘΕΤΕΣ ΑΜΟΙΒΕΣ  ΑΥΓΟΥΣΤΟΥ  /2024      ΠΡΟΣΩΠΙΚΟ ΕΠΙ ΣΧΕΣΕΙ ΕΡΓΑΣΙΑΣ Ι.Δ.Α.Χ,,,,no sponsor block
ΨΑ1Τ4690ΒΤ-ΤΘ7,2024-10-01,ΠΡΟΣΘΕΤΕΣ ΑΜΟΙΒΕΣ  ΑΥΓΟΥΣΤΟΥ  /2024    ΜΟΝΙΜΟ-ΔΟΚΙΜΟ  ΠΡΟΣΩΠΙΚΟ,,,,no sponsor block
6ΧΓ14690ΒΤ-ΥΘΦ,2024-10-01,ΠΡΟΣΘΕΤΕΣ ΑΜΟΙΒΕΣ  ΑΥΓΟΥΣΤΟΥ  /2024    ΜΟΝΙΜΟ-ΔΟΚΙΜΟ  ΠΡΟΣΩΠΙΚΟ  ΕΙΔ. ΘΕΣΕΩΝ,,,,no sponsor block
Ψ9ΥΟ4690ΒΤ-09Π,2024-10-01,ΠΡΟΣΘΕΤΕΣ ΑΜΟΙΒΕΣ  ΑΥΓΟΥΣΤΟΥ  /2024   ΕΠΙΚΟΥΡΙΚΟ  ΠΡΟΣΩΠΙΚΟ,,,,no sponsor block
93Ε84690ΒΤ-ΨΣΥ,2024-10-01,ΠΡΟΣΘΕΤΕΣ ΑΜΟΙΒΕΣ  ΑΥΓΟΥΣΤΟΥ  /2024   ΕΠΙΚΟΥΡΙΚΟ  ΠΡΟΣΩΠΙΚΟ,,,,no sponsor block
66ΑΒ4690ΒΤ-71Γ,2024-10-01,ΠΡΟΣΘΕΤΕΣ ΑΜΟΙΒΕΣ  ΑΥΓΟΥΣΤΟΥ  /2024   ΝΟΣΗΛΕΥΤΙΚΟ ΠΡΟΣΩΠΙΚΟ,,,,no sponsor block
ΨΩΩΧ4690ΒΤ-Μ2Ζ,2024-10-01,ΤΑΚΤΙΚΕΣ ΕΦΗΜΕΡΙΕΣ   ΑΥΓΟΥΣΤΟΥ  /2024   ΓΙΑΤΡΟΙ  Ε.Σ.Υ  ΕΙΔΙΚ/ΝΟΙ   ΤΟΥ Ψ/Τ,,,,no sponsor block
6Γ354690ΒΤ-Τ6Τ,2024-10-01,ΤΑΚΤΙΚΕΣ ΕΦΗΜΕΡΙΕΣ   ΑΥΓΟΥΣΤΟΥ  /2024   ΓΙΑΤΡΟΙ  Ε.Σ.Υ  ΤΟΥ Ψ/Τ,,,,no sponsor block
6ΔΖΜ4690ΒΤ-Χ3Ν,2024-10-01,ΤΑΚΤΙΚΕΣ ΕΦΗΜΕΡΙΕΣ   ΑΥΓΟΥΣΤΟΥ  /2024   ΓΙΑΤΡΟΙ  Ε.Σ.Υ  ΤΟΥ Κ.Ψ.ΥΓΕΙΑΣ,,,,no sponsor block
6Θ3Ζ4690ΒΤ-ΒΔ2,2024-10-01,ΤΑΚΤΙΚΕΣ ΕΦΗΜΕΡΙΕΣ   ΑΥΓΟΥΣΤΟΥ  /2024   ΓΙΑΤΡΟΙ  Ε.Σ.Υ  ΕΠΙΚΟΥΡΙΚΟΙ,,,,no sponsor block
ΨΗΩΣ4690ΒΤ-Σ1Ζ,2024-10-01,ΤΑΚΤΙΚΕΣ ΕΦΗΜΕΡΙΕΣ   ΑΥΓΟΥΣΤΟΥ  /2024   ΓΙΑΤΡΟΙ  Ε.Σ.Υ  ΕΠΙΚΟΥΡΙΚΟΙ,,,,no sponsor block
9Ι0Ρ4690ΒΤ-ΙΤ9,2024-10-01,ΤΑΚΤΙΚΕΣ ΕΦΗΜΕΡΙΕΣ   ΑΥΓΟΥΣΤΟΥ  /2024   ΓΙΑΤΡΟΙ  Ε.Σ.Υ EIDIK/NOI,,,,no sponsor block
9ΗΞΛ4690ΒΤ-ΟΝΚ,2024-10-01,ΤΑΚΤΙΚΕΣ ΕΦΗΜΕΡΙΕΣ   ΑΥΓΟΥΣΤΟΥ  /2024   ΓΙΑΤΡΟΙ  Ε.Σ.Υ,,,,no sponsor block
6ΣΝΑ4690ΒΤ-3ΗΗ,2024-09-30,ΣΥΜΦΩΝΗΤΙΚΟ 158  /2023  (  23SYMV013371534   )  CPV 33141700-7,999825956,ΓΕΝΙΚΟ ΚΡΑΤΙΚΟ ΝΟΣΟΚΟΜΕΙΟ ΚΑΤΕΡΙΝΗΣ,5090.65,self-referential (payroll/EFKA/FMY remittance)
9ΚΘ64690ΒΤ-Δ74,2024-09-27,Εφημερίες  Ιουνίου /2024 που εκκαθαρίζονται σύμφωνα με το άρθρο 90 του Ν. 4850/21,,,,no sponsor block
ΡΠΙΗ4690ΒΤ-ΣΚΒ,2024-09-27,Εφημερίες  Μαιου /2024 που εκκαθαρίζονται σύμφωνα με το άρθρο 90 του Ν. 4850/21,,,,no sponsor block
94ΜΞ4690ΒΤ-ΥΚ7,2024-09-27,Εφημερίες  Απριλίου /2024 που εκκαθαρίζονται σύμφωνα με το άρθρο 90 του Ν. 4850/21,,,,no sponsor block
6ΚΕ74690ΒΤ-Ξ2Δ,2024-09-27,ΤΑΚΤΙΚΗ ΜΙΣΘΟΔΟΣΙΑ ΜΕΤΑΠ/ΤΕΩΝ     ΣΕΠΤΕΜΒΡΙΟΥ  /2024  ΑΜΙΣΘΟΙ ΤΕΕ (ΔΙΕΚ) Γ.Ν.Κ.,,,,no sponsor block
Ψ1ΚΝ4690ΒΤ-Σ58,2024-09-27,ΤΑΚΤΙΚΗ ΜΙΣΘΟΔΟΣΙΑ ΜΕΤΑΠ/ΤΕΩΝ  ΑΥΓΟΥΣΤΟΥ  /2024  ΑΜΙΣΘΟΙ ΤΕΕ ( ΕΠΑΛ ) Γ.Ν.Κ.,,,,no sponsor block
Ψ08Χ4690ΒΤ-9Ξ2,2024-09-27,ΤΑΚΤΙΚΗ ΜΙΣΘΟΔΟΣΙΑ ΜΕΤ/ΤΕΩΝ  ΣΕΠΤΕΜΒΡΙΟΥ  /2024   ΝΕΟΠΡΟΣΛΑΜΒΑΝΟΜΕΝΟ  Ο.Α.Ε.Δ  ΠΡΟΣΩΠΙΚΟ 55-67 ( ΝΕΟΙ ),,,,no sponsor block
ΨΕ3Φ4690ΒΤ-ΙΗ1,2024-09-27,ΤΑΚΤΙΚΗ ΜΙΣΘΟΔΟΣΙΑ ΜΕΤ/ΤΕΩΝ  ΣΕΠΤΕΜΒΡΙΟΥ  /2024   ΝΕΟΠΡΟΣΛΑΜΒΑΝΟΜΕΝΟ  Ο.Α.Ε.Δ  ΠΡΟΣΩΠΙΚΟ 55-67 ( ΠΑΛΙΟΙ ),,,,no sponsor block
9ΘΘΜ4690ΒΤ-ΘΤΨ,2024-09-27,ΤΑΚΤΙΚΗ ΜΙΣΘΟΔΟΣΙΑ ΜΕΤ/ΤΕΩΝ  ΣΕΠΤΕΜΒΡΙΟΥ  /2024  ΕΠΙΚΟΥΡΙΚΟΙ  Ε.Σ.Υ,,,,no sponsor block
ΨΡΜΔ4690ΒΤ-4ΝΘ,2024-09-27,ΤΑΚΤΙΚΗ ΜΙΣΘΟΔΟΣΙΑ ΜΕΤ/ΤΕΩΝ  ΣΕΠΤΕΜΒΡΙΟΥ  /2024  ΕΠΙΚΟΥΡΙΚΟΙ  Ε.Σ.Υ,,,,no sponsor block
95Ω04690ΒΤ-Τ12,2024-09-27,ΤΑΚΤΙΚΗ ΜΙΣΘΟΔΟΣΙΑ ΜΕΤ/ΤΕΩΝ  ΣΕΠΤΕΜΒΡΙΟΥ  /2024  ΕΠΙΚΟΥΡΙΚΟ ΠΡΟΣΩΠΙΚΟ ΤΡΙΜΗΝΟ   COVID,,,,no sponsor block
6ΖΜ44690ΒΤ-ΡΒ3,2024-09-27,ΤΑΚΤΙΚΗ ΜΙΣΘΟΔΟΣΙΑ ΜΕΤ/ΤΕΩΝ  ΣΕΠΤΕΜΒΡΙΟΥ  /2024  ΕΠΙΣΤΗΜΟΝΙΚΟ  ΠΡΟΣΩΠΙΚΟ,,,,no sponsor block
ΨΖΓΟ4690ΒΤ-2Ψ3,2024-09-27,ΤΑΚΤΙΚΗ ΜΙΣΘΟΔΟΣΙΑ ΜΕΤ/ΤΕΩΝ  ΣΕΠΤΕΜΒΡΙΟΥ  /2024  ΕΠΙΚΟΥΡΙΚΟ ΠΡΟΣΩΠΙΚΟ  COVID,,,,no sponsor block
ΡΕ3Ψ4690ΒΤ-ΦΘΚ,2024-09-20,ΓΙΑ ΤΗΝ ΑΞΙΑ ΠΛΗΡΩΜΗΣ ΟΔΟΙΠΟΡΙΚΩΝ ΕΞΟΔΩΝ ΚΑΙ ΗΜΕΡΗΣΙΑΣ ΑΠΟΖΗΜΙΩΣΗΣ ΥΠΑΛΛΗΛΩΝ 6ου-7ου-8ου  Γ.Ν.ΚΑΤΕΡΙΝΗΣ,,,,no sponsor block
6ΙΥΨ4690ΒΤ-5Κ1,2024-09-20,ΓΙΑ ΤΗΝ ΑΞΙΑ ΠΛΗΡΩΜΗΣ ΟΔΟΙΠΟΡΙΚΩΝ ΕΞΟΔΩΝ ΚΑΙ ΗΜΕΡΗΣΙΑΣ ΑΠΟΖΗΜΙΩΣΗΣ ΥΠΑΛΛΗΛΩΝ ΑΥΓΟΥΣΤΟΥ  Γ.Ν.ΚΑΤΕΡΙΝΗΣ,,,,no sponsor block
6ΖΣ14690ΒΤ-ΜΒΑ,2024-09-20,ΓΙΑ ΤΗΝ ΑΞΙΑ ΠΛΗΡΩΜΗΣ ΟΔΟΙΠΟΡΙΚΩΝ ΕΞΟΔΩΝ ΚΑΙ ΗΜΕΡΗΣΙΑΣ ΑΠΟΖΗΜΙΩΣΗΣ ΥΠΑΛΛΗΛΩΝ ΑΥΓΟΥΣΤΟΥ  Γ.Ν.ΚΑΤΕΡΙΝΗΣ,,,,no sponsor block
60ΘΝ4690ΒΤ-5ΝΗ,2024-09-20,ΓΙΑ ΤΗΝ ΑΞΙΑ ΠΛΗΡΩΜΗΣ ΟΔΟΙΠΟΡΙΚΩΝ ΕΞΟΔΩΝ ΚΑΙ ΗΜΕΡΗΣΙΑΣ ΑΠΟΖΗΜΙΩΣΗΣ ΥΠΑΛΛΗΛΩΝ ΙΟΥΛΙΟΥ  Γ.Ν.ΚΑΤΕΡΙΝΗΣ,,,,no sponsor block
600Τ4690ΒΤ-ΧΣΙ,2024-09-17,ΠΛΗΡΩΜΗ ΠΡΟΣΩΠΙΚΟΥ ΑΠΟ ΤΗΝ ΟΛΟΗΜΕΡΗ ΛΕΙΤΟΥΡΓΙΑ ΤΟΥ ΝΟΣΟΚΟΜΕΙΟ ΜΗΝΟΣ ΑΥΓΟΥΣΤΟΥ 2024,,,,no sponsor block
ΨΗΣΓ4690ΒΤ-ΨΚΜ,2024-09-17,ΠΛΗΡΩΜΗ ΙΑΤΡΩΝ ΓΙΑ ΤΗΝ ΟΛΟΗΜΕΡΗ ΛΕΙΤΟΥΡΓΙΑ ΤΟΥ ΝΟΣΟΚΟΜΕΙΟΥ ΜΗΝΟΣ ΑΥΓΟΥΣΤΟΥ  2024,,,,no sponsor block
ΨΘ044690ΒΤ-1Θ2,2024-09-04,ΠΡΟΣΘΕΤΕΣ ΑΜΟΙΒΕΣ  ΙΟΥΛΙΟΥ  /2024 12 ΜΗΝΑ Ο.Α.Ε.Δ ΔΗΜ.ΠΡΟΣΚΛΗΣΗ  Νο  10/2017,,,,no sponsor block
6ΞΕΥ4690ΒΤ-ΞΒΝ,2024-09-04,ΠΡΟΣΘΕΤΕΣ ΑΜΟΙΒΕΣ  ΙΟΥΛΙΟΥ  /2024     12 ΜΗΝΑ ΟΑΕΔ  ΔΗΜ.ΠΡΟΣΚΛΗΣΗ       Νο 13/2016,,,,no sponsor block
6Ρ1Ψ4690ΒΤ-01Ω,2024-09-04,ΣΥΜΠΛΗΡΩΜΑΤΙΚΗ ΜΙΣΘΟΔΟΣΙΑ ΑΥΓΟΥΣΤΟΥ/2024  12 ΜΗΝΑ Ο.Α.Ε.Δ  ΔΗΜ.ΠΡΟΣΚΛΗΣΗ  Νο 10/2017  ΕΡΓΟΔΟΤΙΚΗ ΕΙΣΦΟΡΑ ΚΑΤΑΣΚΗΝΩΤΕΩΝ,,,,no sponsor block
Ψ65Θ4690ΒΤ-ΔΨΛ,2024-09-04,ΣΥΜΠΛΗΡΩΜΑΤΙΚΗ  ΜΙΣΘΟΔΟΣΙΑ  ΑΥΓΟΥΣΤΟΥ /2024  12 ΜΗΝΑ Ο.Α.Ε.Δ   ΔΗΜ.ΠΡΟΣΚΛΗΣΗ    Νο 13/2016    ΕΡΓΟΔΟΤΙΚΗ ΕΙΣΦΟΡΑ ΚΑΤΑΣΚΗΝΩΤΕΩΝ,,,,no sponsor block
6ΖΗΓ4690ΒΤ-ΚΦΖ,2024-09-04,ΤΑΚΤΙΚΗ ΜΙΣΘΟΔΟΣΙΑ  ΑΥΓΟΥΣΤΟΥ /2024  12 ΜΗΝΑ Ο.Α.Ε.Δ   ΔΗΜ.ΠΡΟΣΚΛΗΣΗ    Νο 10/2017,,,,no sponsor block
ΨΑΒΚ4690ΒΤ-7ΤΨ,2024-09-04,ΤΑΚΤΙΚΗ  ΜΙΣΘΟΔΟΣΙΑ  ΑΥΓΟΥΣΤΟΥ  /2024      12 ΜΗΝΑ ΟΑΕΔ  ΔΗΜ.ΠΡΟΣΚΛΗΣΗ       Νο 13/2016,,,,no sponsor block
90ΒΥ4690ΒΤ-Τ3Γ,2024-08-26,ΤΑΚΤΙΚΗ ΜΙΣΘΟΔΟΣΙΑ ΜΕΤ/ΤΕΩΝ  ΑΥΓΟΥΣΤΟΥ  /2024  ΕΠΙΚΟΥΡΙΚΟI Ε.Σ.Υ,,,,no sponsor block
ΨΞΔΤ4690ΒΤ-Μ4Ε,2024-08-30,ΠΡΟΣΘΕΤΕΣ ΕΦΗΜΕΡΙΕΣ  ΜΑΙΟΥ /2024 ΓΙΑΤΡΟΙ Ε.Σ.Υ  ΕΙΔ/ΝΟΙ   ΤΟΥ Ψ/Τ,,,,no sponsor block
ΨΕ634690ΒΤ-ΔΜΘ,2024-08-30,ΠΡΟΣΘΕΤΕΣ ΕΦΗΜΕΡΙΕΣ  ΜΑΙΟΥ /2024 ΓΙΑΤΡΟΙ Ε.Σ.Υ   ΤΟΥ Ψ/Τ,,,,no sponsor block
Ψ4ΥΝ4690ΒΤ-Χ2Β,2024-08-30,ΠΡΟΣΘΕΤΕΣ ΕΦΗΜΕΡΙΕΣ ΑΠΡΙΛΙΟΥ/2024 ΓΙΑΤΡΟΙ Ε.Σ.Υ   ΤΟΥ Ψ/Τ,,,,no sponsor block
9ΙΥΞ4690ΒΤ-ΔΓΝ,2024-08-30,ΠΡΟΣΘΕΤΕΣ ΕΦΗΜΕΡΙΕΣ ΑΠΡΙΛΙΟΥ/2024 ΓΙΑΤΡΟΙ Ε.Σ.Υ  ΕΙΔ/ΝΟΙ ΤΟΥ Ψ/Τ,,,,no sponsor block
6Ρ9Π4690ΒΤ-9ΧΜ,2024-08-30,ΑΠΟΖΗΜΙΩΣΗ ΕΦΗΜΕΡΙΩΝ ΙΟΥΛΙΟΥ/2024 ΕΠΙΣΤΗΜΟΝΙΚΟ ΠΡΟΣΩΠΙΚΟ ΤΟΥ Ψ/ΤΟΜΕΑ,,,,no sponsor block
9ΡΗΨ4690ΒΤ-ΥΟΛ,2024-08-30,ΑΠΟΖΗΜΙΩΣΗ ΕΦΗΜΕΡΙΩΝ ΙΟΥΛΙΟΥ/2024 ΕΠΙΣΤΗΜΟΝΙΚΟ ΠΡΟΣΩΠΙΚΟ  Ι.Δ   Ν.Δ 1057/80  ΤΟΥ Ψ/ΤΟΜΕΑ,,,,no sponsor block
6Θ9Β4690ΒΤ-9ΓΨ,2024-08-30,ΑΠΟΖΗΜΙΩΣΗ ΕΦΗΜΕΡΙΩΝ ΙΟΥΛΙΟΥ/2024 ΕΠΙΣΤΗΜΟΝΙΚΟ ΠΡΟΣΩΠΙΚΟ ΤΟΥ Κ.Ψ. ΥΓΕΙΑΣ,,,,no sponsor block
62694690ΒΤ-ΤΝΣ,2024-08-30,ΠΡΟΣΘΕΤΕΣ ΑΜΟΙΒΕΣ  ΙΟΥΛΙΟΥ  /2024    ΜΟΝΙΜΟ-ΔΟΚΙΜΟ ΒΟΗΘ.  ΠΡΟΣΩΠΙΚΟ ΤΟΥ Ψ/Τ,,,,no sponsor block
6ΤΙΘ4690ΒΤ-2ΧΚ,2024-08-30,ΠΡΟΣΘΕΤΕΣ ΑΜΟΙΒΕΣ  ΙΟΥΛΙΟΥ  /2024    ΤΕΧΝΙΚΟ  ΠΡΟΣΩΠΙΚΟ ΤΟΥ Ψ/Τ,,,,no sponsor block
9ΨΔΦ4690ΒΤ-Κ3Ρ,2024-08-30,ΠΡΟΣΘΕΤΕΣ ΑΜΟΙΒΕΣ  ΙΟΥΛΙΟΥ  /2024    ΠΡΟΣΩΠΙΚΟ  ΕΠΙ ΣΧΕΣΕΙ ΕΡΓΑΣΙΑΣ Ι.Δ.Α.Χ  ΤΟΥ Ψ/Τ,,,,no sponsor block
60Τ84690ΒΤ-ΑΙΥ,2024-08-30,ΠΡΟΣΘΕΤΕΣ ΑΜΟΙΒΕΣ  ΙΟΥΛΙΟΥ  /2024    ΕΠΙΚΟΥΡΙΚΟ ΤΡΙΜΗΝΟ  COVID  ΠΡΟΣΩΠΙΚΟ ΤΟΥ Ψ/Τ,,,,no sponsor block
ΨΖΙΘ4690ΒΤ-ΝΣ8,2024-08-30,ΠΡΟΣΘΕΤΕΣ ΑΜΟΙΒΕΣ  ΙΟΥΛΙΟΥ  /2024    ΕΠΙΚΟΥΡΙΚΟ  ΠΡΟΣΩΠΙΚΟ ΤΟΥ Ψ/Τ,,,,no sponsor block
Ψ8ΩΖ4690ΒΤ-ΙΨΣ,2024-08-30,ΠΡΟΣΘΕΤΕΣ ΑΜΟΙΒΕΣ  ΙΟΥΛΙΟΥ  /2024   ΝΟΣΗΛΕΥΤΙΚΟ ΠΡΟΣΩΠΙΚΟ  Ν.Δ  1057/80  ΤΟΥ Ψ/Τ,,,,no sponsor block
9ΓΦΥ4690ΒΤ-ΡΟΤ,2024-08-30,ΠΡΟΣΘΕΤΕΣ ΑΜΟΙΒΕΣ  ΙΟΥΛΙΟΥ  /2024   ΝΟΣΗΛΕΥΤΙΚΟ ΠΡΟΣΩΠΙΚΟ ΤΟΥ Ψ/Τ,,,,no sponsor block
Ψ2ΗΘ4690ΒΤ-ΤΙΙ,2024-08-29,ΠΡΟΣΘΕΤΕΣ ΕΦΗΜΕΡΙΕΣ  ΜΑΙΟΥ /2024      ΕΠΙΚΟΥΡΙΚΟΙ   Ε.Σ.Υ,,,,no sponsor block
ΡΟ6Β4690ΒΤ-6ΒΖ,2024-08-29,ΠΡΟΣΘΕΤΕΣ ΕΦΗΜΕΡΙΕΣ  ΜΑΙΟΥ /2024      ΕΠΙΚΟΥΡΙΚΟΙ   Ε.Σ.Υ,,,,no sponsor block
66954690ΒΤ-8Ω2,2024-08-29,ΠΡΟΣΘΕΤΕΣ ΕΦΗΜΕΡΙΕΣ  ΜΑΙΟΥ /2024     ΓΙΑΤΡΟΙ  Ε.Σ.Υ  ΕΙΔ/ΝΟΙ,,,,no sponsor block
Ρ1284690ΒΤ-6ΓΦ,2024-08-29,ΠΡΟΣΘΕΤΕΣ ΕΦΗΜΕΡΙΕΣ  ΜΑΙΟΥ /2024     ΓΙΑΤΡΟΙ  Ε.Σ.Υ,,,,no sponsor block
6ΝΦΣ4690ΒΤ-5Σ8,2024-08-29,ΠΡΟΣΘΕΤΕΣ ΕΦΗΜΕΡΙΕΣ  ΑΠΡΙΛΙΟΥ /2024    ΕΠΙΚΟΥΡΙΚΟΙ Ε.Σ.Υ,,,,no sponsor block
ΡΨΦ34690ΒΤ-ΘΣ5,2024-08-29,ΠΡΟΣΘΕΤΕΣ ΕΦΗΜΕΡΙΕΣ  ΑΠΡΙΛΙΟΥ /2024    ΕΠΙΚΟΥΡΙΚΟΙ Ε.Σ.Υ,,,,no sponsor block
9Σ654690ΒΤ-ΠΘ2,2024-08-29,ΠΡΟΣΘΕΤΕΣ ΕΦΗΜΕΡΙΕΣ  ΑΠΡΙΛΙΟΥ /2024 ΓΙΑΤΡΟΙ Ε.Σ.Υ ΕΙΔ/ΝΟΙ,,,,no sponsor block
ΨΒ8Ν4690ΒΤ-ΔΥΣ,2024-08-29,ÐÑÏÓÈÅÔÅÓ ÅÖÇÌÅÑÉÅÓ  ÁÐÑÉËÉÏÕ /2024 ÃÉÁÔÑÏÉ Å.Ó.Õ,,,,no sponsor block
ΨΡ4Ω4690ΒΤ-ΒΜ1,2024-08-27,Εφημερίες  Μαρτίου /2024 που εκκαθαρίζονται σύμφωνα με το άρθρο 90 του Ν. 4850/21,,,,no sponsor block
6ΩΞΡ4690ΒΤ-8ΚΗ,2024-08-27,Εφημερίες  Ιανουαρίου /2024 που εκκαθαρίζονται σύμφωνα με το άρθρο 90 του Ν. 4850/21,,,,no sponsor block
9ΒΖΘ4690ΒΤ-Π17,2024-08-27,Εφημερίες  Φεβρουαρίου /2024 που εκκαθαρίζονται σύμφωνα με το άρθρο 90 του Ν. 4850/21,,,,no sponsor block
Ψ5Γ14690ΒΤ-ΨΟΟ,2024-08-27,ΤΑΚΤΙΚΕΣ ΕΦΗΜΕΡΙΕΣ   ΙΟΥΛΙΟΥ  /2024   ΓΙΑΤΡΟΙ   Ε.Σ.Υ  ΤΟΥ Κ.Ψ.ΥΓΕΙΑΣ,,,,no sponsor block
65ΕΓ4690ΒΤ-ΜΒΞ,2024-08-27,ΤΑΚΤΙΚΕΣ ΕΦΗΜΕΡΙΕΣ   ΙΟΥΛΙΟΥ  /2024   ΓΙΑΤΡΟΙ   Ε.Σ.Υ   ΤΟΥ Ψ/Τ,,,,no sponsor block
91864690ΒΤ-ΕΡΠ,2024-08-27,ΤΑΚΤΙΚΕΣ ΕΦΗΜΕΡΙΕΣ   ΙΟΥΛΙΟΥ  /2024   ΓΙΑΤΡΟΙ   Ε.Σ.Υ  ΕΙΔΙΚ/ΝΟΙ ΤΟΥ Ψ/Τ,,,,no sponsor block
ΨΕΛΤ4690ΒΤ-ΔΒΖ,2024-08-27,ΤΑΚΤΙΚΕΣ ΕΦΗΜΕΡΙΕΣ   ΙΟΥΛΙΟΥ  /2024   ΕΠΙΚΟΥΡΙΚΟΙ   Ε.Σ.Υ,,,,no sponsor block
ΨΑΡΧ4690ΒΤ-Π4Τ,2024-08-27,ΤΑΚΤΙΚΕΣ ΕΦΗΜΕΡΙΕΣ   ΙΟΥΛΙΟΥ  /2024   ΓΙΑΤΡΟΙ  Ε.Σ.Υ,,,,no sponsor block
Ψ1ΧΝ4690ΒΤ-ΕΒ3,2024-08-27,ΤΑΚΤΙΚΕΣ ΕΦΗΜΕΡΙΕΣ   ΙΟΥΛΙΟΥ  /2024   ΓΙΑΤΡΟΙ  Ε.Σ.Υ EΙΔ/ΝΟΙ,,,,no sponsor block
68Θ74690ΒΤ-ΔΔ1,2024-08-27,ΤΑΚΤΙΚΕΣ ΕΦΗΜΕΡΙΕΣ   ΙΟΥΛΙΟΥ  /2024   ΓΙΑΤΡΟΙ  Ε.Σ.Υ,,,,no sponsor block
Ψ5ΝΠ4690ΒΤ-ΠΛ4,2024-08-27,ΑΠΟΖΗΜΙΩΣΗ ΕΦΗΜΕΡΙΩΝ   ΙΟΥΛΙΟΥ  /2024    ΕΠΙΣΤΗΜΟΝΙΚΟ  ΠΡΟΣΩΠΙΚΟ,,,,no sponsor block
99Ξ74690ΒΤ-1ΧΗ,2024-08-27,ΑΠΟΖΗΜΙΩΣΗ ΕΦΗΜΕΡΙΩΝ   ΙΟΥΛΙΟΥ  /2024    ΕΠΙΣΤΗΜΟΝΙΚΟ  ΠΡΟΣΩΠΙΚΟ,,,,no sponsor block
ΨΩΟΕ4690ΒΤ-ΝΝΚ,2024-08-27,ΠΡΟΣΘΕΤΕΣ ΑΜΟΙΒΕΣ  ΙΟΥΛΙΟΥ  /2024   ΝΕΟΠΡΟΣΛΑΜΒΑΝΟΜΕΝΟΙ Ο.Α.Ε.Δ ( ΠΑΛΙΟΙ ),,,,no sponsor block
ΨΚΘΚ4690ΒΤ-ΣΕΧ,2024-08-27,ΠΡΟΣΘΕΤΕΣ ΑΜΟΙΒΕΣ  ΙΟΥΛΙΟΥ  /2024   ΝΕΟΠΡΟΣΛΑΜΒΑΝΟΜΕΝΟΙ Ο.Α.Ε.Δ ( ΝΕΟΙ ),,,,no sponsor block
6ΓΨΒ4690ΒΤ-117,2024-08-27,ΠΡΟΣΘΕΤΕΣ ΑΜΟΙΒΕΣ  ΙΟΥΛΙΟΥ  /2024   ΕΠΙΚΟΥΡΙΚΟ ΤΡΙΜΗΝΟ  ΠΡΟΣΩΠΙΚΟ,,,,no sponsor block
6ΧΕ24690ΒΤ-ΜΓΒ,2024-08-27,ΠΡΟΣΘΕΤΕΣ ΑΜΟΙΒΕΣ  ΙΟΥΛΙΟΥ  /2024    ΠΡΟΣΩΠΙΚΟ  Ι.Δ  Ν.2470/96,,,,no sponsor block
9ΓΦΥ4690ΒΤ-24Φ,2024-08-26,ΠΡΟΣΘΕΤΕΣ ΑΜΟΙΒΕΣ  ΙΟΥΛΙΟΥ  /2024   ΜΟΝΙΜΟ-ΔΟΚΙΜΟ ΒΟΗΘ. ΠΡΟΣΩΠΙΚΟ,,,,no sponsor block
ΨΙΦΑ4690ΒΤ-01Υ,2024-08-26,ΠΡΟΣΘΕΤΕΣ ΑΜΟΙΒΕΣ  ΙΟΥΛΙΟΥ  /2024   ΜΟΝΙΜΟ-ΔΟΚΙΜΟ ΒΟΗΘ. ΠΡΟΣΩΠΙΚΟ,,,,no sponsor block
Ψ2804690ΒΤ-Β2Υ,2024-08-26,ΠΡΟΣΘΕΤΕΣ ΑΜΟΙΒΕΣ  ΙΟΥΛΙΟΥ  /2024   ΜΟΝΙΜΟ ΔΟΚΙΜΟ  ΠΡΟΣΩΠΙΚΟ ΕΙΔ. ΘΕΣΕΩΝ,,,,no sponsor block
6ΧΧ64690ΒΤ-ΨΑ3,2024-08-26,ΠΡΟΣΘΕΤΕΣ ΑΜΟΙΒΕΣ  ΙΟΥΛΙΟΥ  /2024    ΠΡΟΣΩΠΙΚΟ ΕΠΙ ΣΧΕΣΕΙ ΕΡΓΑΣΙΑΣ Ι.Δ.Α.Χ,,,,no sponsor block
9ΠΤΝ4690ΒΤ-39Υ,2024-08-26,ΠΡΟΣΘΕΤΕΣ ΑΜΟΙΒΕΣ  ΙΟΥΛΙΟΥ  /2024   ΑΠΟΣΠΑΣΜΕΝΟΙ,,,,no sponsor block
ΨΕΡΞ4690ΒΤ-ΚΑΜ,2024-08-26,ΠΡΟΣΘΕΤΕΣ ΑΜΟΙΒΕΣ  ΙΟΥΛΙΟΥ  /2024   ΕΠΙΚΟΥΡΙΚΟ  ΠΡΟΣΩΠΙΚΟ,,,,no sponsor block
9Β644690ΒΤ-ΕΡ2,2024-08-26,ΠΡΟΣΘΕΤΕΣ ΑΜΟΙΒΕΣ  ΙΟΥΛΙΟΥ  /2024   ΝΟΣΗΛΕΥΤΙΚΟ ΠΡΟΣΩΠΙΚΟ,,,,no sponsor block
Ψ7ΩΣ4690ΒΤ-Ν94,2024-08-26,ΤΑΚΤΙΚΗ ΜΙΣΘΟΔΟΣΙΑ ΜΕΤΑΠ/ΤΕΩΝ  ΙΟΥΛΙΟΥ  /2024  ΑΜΙΣΘΟΙ ΤΕΕ ( ΕΠΑΛ ) Γ.Ν.Κ.,,,,no sponsor block
63234690ΒΤ-ΦΟΓ,2024-08-26,ΤΑΚΤΙΚΗ ΜΙΣΘΟΔΟΣΙΑ ΜΕΤΑΠ/ΤΕΩΝ     ΑΥΓΟΥΣΤΟΥ  /2024  ΑΜΙΣΘΟΙ ΤΕΕ (ΔΙΕΚ) Γ.Ν.Κ.,,,,no sponsor block
6ΚΤΡ4690ΒΤ-ΛΥΗ,2024-08-26,ΤΑΚΤΙΚΗ ΜΙΣΘΟΔΟΣΙΑ ΜΕΤ/ΤΕΩΝ  ΑΥΓΟΥΣΤΟΥ  /2024  ΕΠΙΣΤΗΜΟΝΙΚΟ  ΠΡΟΣΩΠΙΚΟ,,,,no sponsor block
6ΣΚΜ4690ΒΤ-Α1Κ,2024-08-26,ΤΑΚΤΙΚΗ ΜΙΣΘΟΔΟΣΙΑ ΜΕΤ/ΤΕΩΝ  ΑΥΓΟΥΣΤΟΥ  /2024  ΕΠΙΚΟΥΡΙΚΟ ΠΡΟΣΩΠΙΚΟ,,,,no sponsor block
6Ι7Ι4690ΒΤ-Ι49,2024-08-26,ΤΑΚΤΙΚΗ ΜΙΣΘΟΔΟΣΙΑ ΜΕΤ/ΤΕΩΝ  ΑΥΓΟΥΣΤΟΥ  /2024  ΕΠΙΚΟΥΡΙΚΟΙ  Ε.Σ.Υ  COVID,,,,no sponsor block
99ΩΝ4690ΒΤ-ΗΥΒ,2024-08-26,ΤΑΚΤΙΚΗ ΜΙΣΘΟΔΟΣΙΑ ΜΕΤ/ΤΕΩΝ  ΑΥΓΟΥΣΤΟΥ  /2024  ΝΕΟΠΡΟΣΛΑΜΒΑΝΟΜΕΝΟ Ο.Α.Ε.Δ ( ΝΕΟΙ ),,,,no sponsor block
9Β5Π4690ΒΤ-0ΑΗ,2024-08-26,ΤΑΚΤΙΚΗ ΜΙΣΘΟΔΟΣΙΑ ΜΕΤ/ΤΕΩΝ  ΑΥΓΟΥΣΤΟΥ  /2024   ΝΕΟΠΡΟΣΛΑΜΒΑΝΟΜΕΝΟ  Ο.Α.Ε.Δ  ΠΡΟΣΩΠΙΚΟ ( ΠΑΛΙΟΙ ),,,,no sponsor block
67384690ΒΤ-Ω3Ρ,2024-08-26,ΤΑΚΤΙΚΗ ΜΙΣΘΟΔΟΣΙΑ ΜΕΤ/ΤΕΩΝ  ΑΥΓΟΥΣΤΟΥ  /2024  ΕΠΙΚΟΥΡΙΚΟ ΠΡΟΣΩΠΙΚΟ  COVID,,,,no sponsor block
Ψ4Χ54690ΒΤ-6ΜΕ,2024-08-26,ΤΑΚΤΙΚΗ ΜΙΣΘΟΔΟΣΙΑ ΜΕΤ/ΤΕΩΝ  ΑΥΓΟΥΣΤΟΥ  /2024  ΕΠΙΚΟΥΡΙΚΟ ΠΡΟΣΩΠΙΚΟ ΤΡΙΜΗΝΑ COVID,,,,no sponsor block
ΡΟΘ54690ΒΤ-Ο2Ρ,2024-08-20,Μισθοδοσία ιατρού παθολόγου-ογκολόγου μηνός  Ιουλίου /2024   CPV 85100000-0     (  1o X.E 1682/2024  ),,,,no sponsor block
98ΘΟ4690ΒΤ-ΥΙΧ,2024-08-19,ΠΡΟΣΘΕΤΕΣ ΕΦΗΜΕΡΙΕΣ ΜΑΡΤΙΟΥ/2024 ΓΙΑΤΡΟΙ Ε.Σ.Υ  ΕΙΔΙΚ/ΝΟΙ Ψ/Τ,,,,no sponsor block
6Σ184690ΒΤ-ΚΜΚ,2024-08-19,ΠΡΟΣΘΕΤΕΣ ΕΦΗΜΕΡΙΕΣ ΜΑΡΤΙΟΥ/2024 ΓΙΑΤΡΟΙ Ε.Σ.Υ  Ψ/Τ,,,,no sponsor block
9Α6Φ4690ΒΤ-ΔΙ0,2024-08-19,ΠΡΟΣΘΕΤΕΣ ΕΦΗΜΕΡΙΕΣ ΜΑΡΤΙΟΥ/2024  EΠΙΚΟΥΡΙΚΟΙ Ε.Σ.Υ,,,,no sponsor block
Ψ6ΠΝ4690ΒΤ-7Ι4,2024-08-19,ΠΡΟΣΘΕΤΕΣ ΕΦΗΜΕΡΙΕΣ ΜΑΡΤΙΟΥ/2024 ΓΙΑΤΡΟΙ Ε.Σ.Υ,,,,no sponsor block
Ψ34Π4690ΒΤ-Ε3Η,2024-08-19,ΠΡΟΣΘΕΤΕΣ ΕΦΗΜΕΡΙΕΣ ΜΑΡΤΙΟΥ/2024  ΕΠΙΚΟΥΡΙΚΟΙ Ε.Σ.Υ,,,,no sponsor block
9ΝΗ04690ΒΤ-ΑΔΧ,2024-08-19,ΠΡΟΣΘΕΤΕΣ ΕΦΗΜΕΡΙΕΣ ΜΑΡΤΙΟΥ/2024 ΓΙΑΤΡΟΙ Ε.Σ.Υ  ΕΙΔΙΚ/ΝΟΙ,,,,no sponsor block
6Ν0Ν4690ΒΤ-ΝΛΟ,2024-08-16,ΓΙΑ ΤΗΝ ΑΞΙΑ ΠΛΗΡΩΜΗΣ ΟΔΟΙΠΟΡΙΚΩΝ ΕΞΟΔΩΝ ΚΑΙ ΗΜΕΡΗΣΙΑ ΑΠΟΖΗΜΙΩΣΗ ΥΠΑΛΛΗΛΩΝ ΙΟΥΛΙΟΥ Γ.Ν.ΚΑΤΕΡΙΝΗΣ,,,,no sponsor block
Ψ2ΚΣ4690ΒΤ-043,2024-08-14,ΜΙΣΘΟΛΟΓΙΚΗ ΚΑΤΑΣΤΑΣΗ ΤΕΧΝΟΛΟΓΩΝ ΑΠΕΙΚΟΝΙΣΤΙΚΟΥ ΕΡΓΑΣΤΗΡΙΟΥ ΜΗΝΟΣ ΙΟΥΛΙΟΥ 2024,,,,no sponsor block
6ΧΨΔ4690ΒΤ-10Π,2024-08-14,ΠΛΗΡΩΜΗ ΙΑΤΡΩΝ ΓΙΑ ΤΗΝ ΟΛΟΗΜΕΡΗ ΛΕΙΤΟΥΡΓΙΑ ΤΟΥ ΝΟΣΟΚΟΜΕΙΟΥ ΜΗΝΟΣ ΙΟΥΛΙΟΥ 2024,,,,no sponsor block
ΨΜΟΑ4690ΒΤ-Ι5Π,2024-08-14,ΠΛΗΡΩΜΗ ΠΡΟΣΩΠΙΚΟΥ ΑΠΟ ΤΗΝ ΟΛΟΗΜΕΡΗ ΛΕΙΤΟΥΡΓΙΑ ΤΟΥ ΝΟΣΟΚΟΜΕΙΟ ΜΗΝΟΣ ΙΟΥΛΙΟΥ 2024,,,,no sponsor block
66ΨΡ4690ΒΤ-ΝΝΕ,2024-08-14,ΜΙΣΘΟΛΟΓΙΚΗ ΚΑΤΑΣΤΑΣΗ ΙΑΤΡΩΝ ΑΠΕΙΚΟΝΙΣΤΙΚΟΥ ΕΡΓΑΣΤΗΡΙΟΥ ΜΗΝΟΣ ΙΟΥΛΙΟΥ 2024,,,,no sponsor block
61ΧΜ4690ΒΤ-ΕΤΚ,2024-08-02,ΤΑΚΤΙΚΗ ΜΙΣΘΟΔΟΣΙΑ  ΙΟΥΛΙΟΥ /2024  12 ΜΗΝΑ Ο.Α.Ε.Δ   ΔΗΜ.ΠΡΟΣΚΛΗΣΗ    Νο 10/2017,,,,no sponsor block
Ψ3ΑΑ4690ΒΤ-73Ι,2024-08-02,ΠΡΟΣΘΕΤΕΣ ΑΜΟΙΒΕΣ  ΙΟΥΝΙΟΥ  /2024     12 ΜΗΝΑ ΟΑΕΔ  ΔΗΜ.ΠΡΟΣΚΛΗΣΗ       Νο 13/2016,,,,no sponsor block
6ΙΥΝ4690ΒΤ-Β4Ω,2024-08-02,ΠΡΟΣΘΕΤΕΣ ΑΜΟΙΒΕΣ  ΙΟΥΝΙΟΥ  /2024 12 ΜΗΝΑ Ο.Α.Ε.Δ ΔΗΜ.ΠΡΟΣΚΛΗΣΗ  Νο  10/2017,,,,no sponsor block
9ΘΖΖ4690ΒΤ-ΔΝΛ,2024-08-02,ΤΑΚΤΙΚΗ  ΜΙΣΘΟΔΟΣΙΑ  ΙΟΥΛΙΟΥ  /2024      12 ΜΗΝΑ ΟΑΕΔ  ΔΗΜ.ΠΡΟΣΚΛΗΣΗ       Νο 13/2016,,,,no sponsor block
Ψ2ΥΡ4690ΒΤ-ΓΛΝ,2024-07-26,ΑΠΟΖΗΜΙΩΣΗ ΕΦΗΜΕΡΙΩΝ ΕΠΙΣΤΗΜΟΝΙΚΟΥ ΠΡΟΣΩΠΙΚΟΥ ΙΟΥΝΙΟΥ/2024 ΤΟΥ Ψ/Τ,,,,no sponsor block
ΨΓΝΛ4690ΒΤ-56Π,2024-07-26,ΑΠΟΖΗΜΙΩΣΗ ΕΦΗΜΕΡΙΩΝ ΕΠΙΣΤΗΜΟΝΙΚΟΥ ΠΡΟΣΩΠΙΚΟΥ ΙΟΥΝΙΟΥ/2024 ΤΟΥ  Ψ/Τ,,,,no sponsor block
ΨΗ6Τ4690ΒΤ-ΓΓΚ,2024-07-26,ΑΠΟΖΗΜΙΩΣΗ ΕΦΗΜΕΡΙΩΝ ΕΠΙΣΤΗΜΟΝΙΚΟΥ ΠΡΟΣΩΠΙΚΟΥ ΙΟΥΝΙΟΥ/2024 ΤΟΥ Κ.Ψ.ΥΓΕΙΑΣ,,,,no sponsor block
9ΛΔΝ4690ΒΤ-ΘΣΤ,2024-07-26,ΠΡΟΣΘΕΤΕΣ ΑΜΟΙΒΕΣ  ΙΟΥΝΙΟΥ  /2024   ΝΟΣΗΛΕΥΤΙΚΟ ΠΡΟΣΩΠΙΚΟ Ν.Δ 1057/80 ΤΟΥ Ψ/Τ,,,,no sponsor block
9ΚΗΧ4690ΒΤ-ΣΡ9,2024-07-26,ΠΡΟΣΘΕΤΕΣ ΑΜΟΙΒΕΣ  ΙΟΥΝΙΟΥ  /2024    ΜΟΝΙΜΟ-ΔΟΚΙΜΟ  ΒΟΗΘ. ΠΡΟΣΩΠΙΚΟ ΤΟΥ Ψ/Τ,,,,no sponsor block
Ψ2Ζ64690ΒΤ-ΘΣΥ,2024-07-26,ΠΡΟΣΘΕΤΕΣ ΑΜΟΙΒΕΣ  ΙΟΥΝΙΟΥ  /2024   ΤΕΧΝΙΚΟ  ΠΡΟΣΩΠΙΚΟ ΤΟΥ Ψ/Τ,,,,no sponsor block
68ΒΥ4690ΒΤ-ΦΙΞ,2024-07-26,ΠΡΟΣΘΕΤΕΣ ΑΜΟΙΒΕΣ  ΙΟΥΝΙΟΥ  /2024    ΠΡΟΣΩΠΙΚΟ ΕΠΙ ΣΧΕΣΕΙ  ΕΡΓΑΣΙΑΣ  ΤΟΥ Ψ/Τ,,,,no sponsor block
Ψ16Ε4690ΒΤ-ΨΓΣ,2024-07-26,ΠΡΟΣΘΕΤΕΣ ΑΜΟΙΒΕΣ  ΙΟΥΝΙΟΥ  /2024   ΕΠΙΚΟΥΡΙΚΟ ΤΡΙΜΗΝΟ COVID  ΠΡΟΣΩΠΙΚΟ ΤΟΥ Ψ/Τ,,,,no sponsor block
62ΛΝ4690ΒΤ-ΨΚΝ,2024-07-26,ΠΡΟΣΘΕΤΕΣ ΑΜΟΙΒΕΣ  ΙΟΥΝΙΟΥ  /2024    ΕΠΙΚΟΥΡΙΚΟ  ΠΡΟΣΩΠΙΚΟ ΤΟΥ Ψ/Τ,,,,no sponsor block
9ΒΔΔ4690ΒΤ-8Μ6,2024-07-26,ΠΡΟΣΘΕΤΕΣ ΑΜΟΙΒΕΣ  ΙΟΥΝΙΟΥ  /2024   ΝΟΣΗΛΕΥΤΙΚΟ ΠΡΟΣΩΠΙΚΟ ΤΟΥ Ψ/Τ,,,,no sponsor block
ΨΞΖ24690ΒΤ-Κ6Κ,2024-07-25,ΑΠΟΖΗΜΙΩΣΗ ΕΦΗΜΕΡΙΩΝ ΕΠΙΣΤΗΜΟΝΙΚΟΥ ΠΡΟΣΩΠΙΚΟΥ ΙΟΥΝΙΟΥ/2024,,,,no sponsor block
Ψ60Μ4690ΒΤ-4Ι3,2024-07-25,ΑΠΟΖΗΜΙΩΣΗ ΕΦΗΜΕΡΙΩΝ ΕΠΙΣΤΗΜΟΝΙΚΟΥ ΠΡΟΣΩΠΙΚΟΥ ΙΟΥΝΙΟΥ/2024,,,,no sponsor block
ΨΖΜ04690ΒΤ-1ΛΚ,2024-07-25,ΠΡΟΣΘΕΤΕΣ ΑΜΟΙΒΕΣ  ΙΟΥΝΙΟΥ  /2024   ΑΠΟΣΠΑΣΜΕΝΟΙ,,,,no sponsor block
6Ζ0Σ4690ΒΤ-ΙΟΙ,2024-07-25,ΠΡΟΣΘΕΤΕΣ ΑΜΟΙΒΕΣ  ΙΟΥΝΙΟΥ  /2024   ΜΟΝΙΜΟ-ΔΟΚΙΜΟ   ΠΡΟΣΩΠΙΚΟ ΕΙΔ.ΘΕΣΕΩΝ,,,,no sponsor block
949Η4690ΒΤ-ΒΨΒ,2024-07-25,ΠΡΟΣΘΕΤΕΣ ΑΜΟΙΒΕΣ  ΙΟΥΝΙΟΥ  /2024   ΕΠΙΚΟΥΡΙΚΟ ΤΡΙΜΗΝΟ COVID  ΠΡΟΣΩΠΙΚΟ,,,,no sponsor block
9ΗΦΔ4690ΒΤ-ΡΘ3,2024-07-25,ΠΡΟΣΘΕΤΕΣ ΑΜΟΙΒΕΣ  ΙΟΥΝΙΟΥ  /2024    ΠΡΟΣΩΠΙΚΟ Ι.Δ  Ν.2470/96,,,,no sponsor block
66Ε04690ΒΤ-ΜΑ2,2024-07-25,ΠΡΟΣΘΕΤΕΣ ΑΜΟΙΒΕΣ  ΙΟΥΝΙΟΥ  /2024  ΔΙΟΙΚΗΤΙΚΟ    ΠΡΟΣΩΠΙΚΟ,,,,no sponsor block
ΨΥΑΣ4690ΒΤ-ΒΩΨ,2024-07-25,ΠΡΟΣΘΕΤΕΣ ΑΜΟΙΒΕΣ  ΙΟΥΝΙΟΥ  /2024  ΜΟΝΙΜΟ-ΔΟΚΙΜΟ-ΒΟΗΘ.    ΠΡΟΣΩΠΙΚΟ,,,,no sponsor block
9Υ6Φ4690ΒΤ-ΝΓΣ,2024-07-25,ΠΡΟΣΘΕΤΕΣ ΑΜΟΙΒΕΣ  ΙΟΥΝΙΟΥ  /2024    ΠΡΟΣΩΠΙΚΟ ΕΠΙ ΣΧΕΣΕΙ ΕΡΓΑΣΙΑΣ   Ι.Δ.Α.Χ,,,,no sponsor block
ΨΒ5Ε4690ΒΤ-ΤΚΒ,2024-07-25,ΠΡΟΣΘΕΤΕΣ ΑΜΟΙΒΕΣ  ΙΟΥΝΙΟΥ  /2024    ΝΕΟΠΡΟΣΛΑΜΒΑΝΟΜΕΝΟΙ Ο.Α.Ε.Δ ( 55-67 ) Ν,,,,no sponsor block
ΨΥΟΠ4690ΒΤ-2Χ4,2024-07-25,ΠΡΟΣΘΕΤΕΣ ΑΜΟΙΒΕΣ  ΙΟΥΝΙΟΥ  /2024    ΝΕΟΠΡΟΣΛΑΜΒΑΝΟΜΕΝΟΙ Ο.Α.Ε.Δ ( 55-67 ) Π,,,,no sponsor block
Ψ13Ξ4690ΒΤ-Α92,2024-07-25,ΠΡΟΣΘΕΤΕΣ ΑΜΟΙΒΕΣ  ΙΟΥΝΙΟΥ  /2024    ΕΠΙΚΟΥΡΙΚΟ  ΠΡΟΣΩΠΙΚΟ,,,,no sponsor block
ΨΧΥΤ4690ΒΤ-Α19,2024-07-25,ΠΡΟΣΘΕΤΕΣ ΑΜΟΙΒΕΣ  ΙΟΥΝΙΟΥ  /2024   ΝΟΣΗΛΕΥΤΙΚΟ ΠΡΟΣΩΠΙΚΟ,,,,no sponsor block
ΨΛΞΧ4690ΒΤ-ΓΦ1,2024-07-25,ΓΙΑ ΤΗΝ ΑΞΙΑ ΠΛΗΡΩΜΗΣ ΟΔΟΙΠΟΡΙΚΩΝ ΕΞΟΔΩΝ ΚΑΙ ΗΜΕΡΗΣΙΑΣ ΑΠΟΖΗΜΙΩΣΗΣ ΥΠΑΛΛΗΛΩΝ ΙΟΥΛΙΟΥ  Γ.Ν.ΚΑΤΕΡΙΝΗΣ,,,,no sponsor block
ΡΒ4Β4690ΒΤ-ΥΨΑ,2024-07-25,ΓΙΑ ΤΗΝ ΑΞΙΑ ΠΛΗΡΩΜΗΣ ΟΔΟΙΠΟΡΙΚΩΝ ΕΞΟΔΩΝ ΚΑΙ ΗΜΕΡΗΣΙΑΣ ΑΠΟΖΗΜΙΩΣΗΣ ΥΠΑΛΛΗΛΩΝ ΙΟΥΛΙΟΥ  Γ.Ν.ΚΑΤΕΡΙΝΗΣ,,,,no sponsor block
Ρ7Ζ84690ΒΤ-ΖΨΙ,2024-07-25,ΓΙΑ ΤΗΝ ΑΞΙΑ ΠΛΗΡΩΜΗΣ ΟΔΟΙΠΟΡΙΚΩΝ ΕΞΟΔΩΝ ΚΑΙ ΗΜΕΡΗΣΙΑΣ ΑΠΟΖΗΜΙΩΣΗΣ ΥΠΑΛΛΗΛΩΝ ΙΟΥΛΙΟΥ  Γ.Ν.ΚΑΤΕΡΙΝΗΣ,,,,no sponsor block
6ΨΙΩ4690ΒΤ-72Τ,2024-07-25,ΤΑΚΤΙΚΕΣ ΕΦΗΜΕΡΙΕΣ   ΙΟΥΝΙΟΥ  /2024   ΓΙΑΤΡΟΙ   Ε.Σ.Υ ΤΟΥ Ψ/Τ,,,,no sponsor block
63Θ24690ΒΤ-ΖΟΩ,2024-07-25,ΤΑΚΤΙΚΕΣ ΕΦΗΜΕΡΙΕΣ   ΙΟΥΝΙΟΥ  /2024   ΓΙΑΤΡΟΙ   Ε.Σ.Υ  ΕΙΔΙΚ/ΝΟΙ ΤΟΥ Ψ/Τ,,,,no sponsor block
9ΥΔΣ4690ΒΤ-83Δ,2024-07-25,ΤΑΚΤΙΚΕΣ ΕΦΗΜΕΡΙΕΣ   ΙΟΥΝΙΟΥ  /2024   ΓΙΑΤΡΟΙ   Ε.Σ.Υ  ΤΟΥ Κ.Ψ.ΥΓΕΙΑΣ,,,,no sponsor block
Ψ7ΨΟ4690ΒΤ-Ι3Ζ,2024-07-25,ΤΑΚΤΙΚΕΣ ΕΦΗΜΕΡΙΕΣ   ΙΟΥΝΙΟΥ  /2024   ΓΙΑΤΡΟΙ  Ε.Σ.Υ,,,,no sponsor block
Ψ56Ψ4690ΒΤ-5ΔΥ,2024-07-25,ΤΑΚΤΙΚΕΣ ΕΦΗΜΕΡΙΕΣ   ΙΟΥΝΙΟΥ  /2024  ΓΙΑΤΡΟΙ   Ε.Σ.Υ ΕΙΔΙΚ/ΝΟΙ,,,,no sponsor block
9ΒΟΛ4690ΒΤ-ΙΥΜ,2024-07-25,ΤΑΚΤΙΚΕΣ ΕΦΗΜΕΡΙΕΣ   ΙΟΥΝΙΟΥ  /2024  ΕΠΙΚΟΥΡΙΚΟΙ  Ε.Σ.Υ,,,,no sponsor block
ΨΝΥΧ4690ΒΤ-ΘΟ1,2024-07-25,ΤΑΚΤΙΚΕΣ ΕΦΗΜΕΡΙΕΣ   ΙΟΥΝΙΟΥ  /2024  ΕΠΙΚΟΥΡΙΚΟΙ  Ε.Σ.Υ,,,,no sponsor block
Ψ1ΣΣ4690ΒΤ-ΒΑΟ,2024-07-23,AΠΟΖΗΜΙΩΣΗ ΚΑΝΟΝΙΚΗΣ ΑΔΕΙΑΣ ΠΡΟΣΩΠΙΚΟΥ ΕΠΙ ΣΧΕΣΕΙ ΕΡΓΑΣΙΑΣ Ι.Δ ΙΟΛΙΟΥ/2024 ΤΟΥ Ψ/Τ,,,,no sponsor block
6ΡΩ54690ΒΤ-Θ7Υ,2024-07-23,ΤΑΚΤΙΚΗ ΜΙΣΘΟΔΟΣΙΑ ΜΕΤΑΠ/ΤΕΩΝ  ΙΟΥΝΙΟΥ  /2024  ΑΜΙΣΘΟΙ ΤΕΕ ( ΕΠΑΛ ) Γ.Ν.Κ.,,,,no sponsor block
ΨΙΔΞ4690ΒΤ-ΕΘ5,2024-07-23,ΤΑΚΤΙΚΗ ΜΙΣΘΟΔΟΣΙΑ ΜΕΤΑΠ/ΤΕΩΝ    IOYNIOY  /2024  ΑΜΙΣΘΟΙ ΤΕΕ (ΔΙΕΚ) Γ.Ν.Κ.,,,,no sponsor block
Ψ63Ν4690ΒΤ-ΡΨΒ,2024-07-23,ΤΑΚΤΙΚΗ ΜΙΣΘΟΔΟΣΙΑ ΜΕΤ/ΤΕΩΝ  ΙΟΥΛΙΟΥ /2024  ΕΠΙΣΤΗΜΟΝΙΚΟ  ΠΡΟΣΩΠΙΚΟ  COVID,,,,no sponsor block
6ΗΥ64690ΒΤ-ΜΡΜ,2024-07-23,ΤΑΚΤΙΚΗ ΜΙΣΘΟΔΟΣΙΑ ΜΕΤ/ΤΕΩΝ  ΙΟΥΛΙΟΥ /2024  ΕΠΙΚΟΥΡΙΚΟ ΠΡΟΣΩΠΙΚΟ  COVID,,,,no sponsor block
6ΜΓΠ4690ΒΤ-ΜΦΘ,2024-07-23,ΤΑΚΤΙΚΗ ΜΙΣΘΟΔΟΣΙΑ ΜΕΤ/ΤΕΩΝ  ΙΟΥΛΙΟΥ /2024  ΕΠΙΚΟΥΡΙΚΟΙ Ε.Σ.Υ  COVID,,,,no sponsor block
9ΔΘΦ4690ΒΤ-ΕΚΠ,2024-07-23,ΤΑΚΤΙΚΗ ΜΙΣΘΟΔΟΣΙΑ ΜΕΤ/ΤΕΩΝ  ΙΟΥΛΙΟΥ /2024  ΕΠΙΚΟΥΡΙΚΟΙ Ε.Σ.Υ  COVID,,,,no sponsor block
6ΥΑ04690ΒΤ-Δ0Ω,2024-07-23,ΤΑΚΤΙΚΗ ΜΙΣΘΟΔΟΣΙΑ ΜΕΤ/ΤΕΩΝ  ΙΟΥΛΙΟΥ /2024  ΕΠΙΚΟΥΡΙΚΟ ΠΡΟΣΩΠΙΚΟ ΤΡΙΜΗΝΑ COVID,,,,no sponsor block
62ΛΩ4690ΒΤ-ΛΔΩ,2024-07-23,ΤΑΚΤΙΚΗ ΜΙΣΘΟΔΟΣΙΑ ΜΕΤ/ΤΕΩΝ  ΙΟΥΛΙΟΥ /2024  ΝΕΟΠΡΟΣΛΑΜΒΑΝΟΜΕΝΟΙ Ο.Α.Ε.Δ ( 55-67 ) ΝΕΟΙ,,,,no sponsor block
9Β564690ΒΤ-Ξ6Ε,2024-07-23,ΤΑΚΤΙΚΗ ΜΙΣΘΟΔΟΣΙΑ ΜΕΤ/ΤΕΩΝ  ΙΟΥΛΙΟΥ /2024  ΝΕΟΠΡΟΣΛΑΜΒΑΝΟΜΕΝΟΙ Ο.Α.Ε.Δ ( 55-67 ) ΠΑΛΙΟΙ,,,,no sponsor block
99ΛΑ4690ΒΤ-ΟΣΔ,2024-07-23,ΤΑΚΤΙΚΗ ΜΙΣΘΟΔΟΣΙΑ ΜΕΤ/ΤΕΩΝ  ΙΟΥΛΙΟΥ /2024  ΕΠΙΚΟΥΡΙΚΟI E.Σ.Υ,,,,no sponsor block
ΨΜΩΩ4690ΒΤ-ΩΓ4,2024-07-23,ΑΠΟΖΗΜΙΩΣΗ ΜΕΤΑΚΙΝΟΥΜΕΝΟΥ ΙΑΤΡΙΚΟΥ ΠΡΟΣΩΠΙΚΟΥ ΣΥΜΦΩΝΑ ΜΕ ΤΟ ΑΡΘΡΟ 20 του Ν.5015/2023 ΠΡΟΠΛΗΡΩΤΕΟΙ ΑΥΓΟΥΣ/24,,,,no sponsor block
ΨΗΛΕ4690ΒΤ-Ι49,2024-07-23,ΤΑΚΤΙΚΗ ΜΙΣΘΟΔΟΣΙΑ ΜΕΤ/ΤΕΩΝ  ΙΟΥΛΙΟΥ /2024  ΕΠΙΚΟΥΡΙΚΟ ΠΡΟΣΩΠΙΚΟ,,,,no sponsor block
9ΙΔΝ4690ΒΤ-4ΦΗ,2024-07-18,ΜΙΣΘΟΛΟΓΙΚΗ ΚΑΤΑΣΤΑΣΗ ΙΑΤΡΩΝ ΑΠΟΓΕΥΜΑΤΙΝΩΝ ΧΕΙΡΟΥΡΓΕΙΩΝ ΜΗΝΟΣ ΑΠΡΙΛΙΟΥ/2024  ΦΕΚ 1485 τΒ /05-03-2024,,,,no sponsor block
6ΧΨΛ4690ΒΤ-Β4Ε,2024-07-18,ΜΙΣΘΟΛΟΓΙΚΗ ΚΑΤΑΣΤΑΣΗ ΙΑΤΡΩΝ ΑΠΟΓΕΥΜΑΤΙΝΩΝ ΧΕΙΡΟΥΡΓΕΙΩΝ ΜΗΝΟΣ ΑΠΡΙΛΙΟΥ/2024  ΦΕΚ 1485 τΒ /05-03-2024,,,,no sponsor block
65ΨΟ4690ΒΤ-ΨΜ6,2024-07-18,ΜΙΣΘΟΛΟΓΙΚΗ ΚΑΤΑΣΤΑΣΗ ΙΑΤΡΩΝ ΑΠΟΓΕΥΜΑΤΙΝΩΝ ΧΕΙΡΟΥΡΓΕΙΩΝ ΜΗΝΟΣ ΑΠΡΙΛΙΟΥ/2024  ΦΕΚ 1485 τΒ /05-03-2024,,,,no sponsor block
ΨΛΠ64690ΒΤ-47Ξ,2024-07-18,ΜΙΣΘΟΛΟΓΙΚΗ ΚΑΤΑΣΤΑΣΗ ΙΑΤΡΩΝ ΑΠΟΓΕΥΜΑΤΙΝΩΝ ΧΕΙΡΟΥΡΓΕΙΩΝ  ΜΗΝΟΣ ΑΠΡΙΛΙΟΥ/2024  ΦΕΚ 1485 τΒ/05-03-2024,,,,no sponsor block
9Χ524690ΒΤ-ΒΝΣ,2024-07-18,ΜΙΣΘΟΛΟΓΙΚΗ ΚΑΤΑΣΤΑΣΗ ΙΑΤΡΩΝ ΑΠΟΓΕΥΜΑΤΙΝΩΝ ΧΕΙΡΟΥΡΓΕΙΩΝ  ΜΗΝΟΣ ΑΠΡΙΛΙΟΥ/2024  ΦΕΚ 1485 τΒ/05-03-2024,,,,no sponsor block
Ψ47Ζ4690ΒΤ-ΛΞ7,2024-07-18,ΜΙΣΘΟΛΟΓΙΚΗ ΚΑΤΑΣΤΑΣΗ ΙΑΤΡΩΝ ΑΠΟΓΕΥΜΑΤΙΝΩΝ ΧΕΙΡΟΥΡΓΕΙΩΝ  ΜΗΝΟΣ ΑΠΡΙΛΙΟΥ/2024  ΦΕΚ 1485 τΒ/05-03-2024,,,,no sponsor block
9ΠΞ64690ΒΤ-ΓΞΔ,2024-07-18,ΜΙΣΘΟΛΟΓΙΚΗ ΚΑΤΑΣΤΑΣΗ ΙΑΤΡΩΝ ΑΠΟΓΕΥΜΑΤΙΝΩΝ ΧΕΙΡΟΥΡΓΕΙΩΝ  ΜΗΝΟΣ ΑΠΡΙΛΙΟΥ/2024  ΦΕΚ 1485 τΒ/05-03-2024,,,,no sponsor block
605Δ4690ΒΤ-Ξ3Τ,2024-07-18,ΜΙΣΘΟΛΟΓΙΚΗ ΚΑΤΑΣΤΑΣΗ ΙΑΤΡΩΝ ΑΠΟΓΕΥΜΑΤΙΝΩΝ ΧΕΙΡΟΥΡΓΕΙΩΝ  ΜΗΝΟΣ ΑΠΡΙΛΙΟΥ/2024  ΦΕΚ 1485 τΒ/05-03-2024,,,,no sponsor block
66ΘΝ4690ΒΤ-ΨΣΙ,2024-07-18,ΜΙΣΘΟΛΟΓΙΚΗ ΚΑΤΑΣΤΑΣΗ ΙΑΤΡΩΝ ΑΠΟΓΕΥΜΑΤΙΝΩΝ ΧΕΙΡΟΥΡΓΕΙΩΝ  ΜΗΝΟΣ ΑΠΡΙΛΙΟΥ/2024  ΦΕΚ 1485 τΒ/05-03-2024,,,,no sponsor block
90ΛΕ4690ΒΤ-ΜΔΔ,2024-07-18,ΜΙΣΘΟΛΟΓΙΚΗ ΚΑΤΑΣΤΑΣΗ ΙΑΤΡΩΝ ΑΠΟΓΕΥΜΑΤΙΝΩΝ ΧΕΙΡΟΥΡΓΕΙΩΝ  ΜΗΝΟΣ ΑΠΡΙΛΙΟΥ/2024  ΦΕΚ 1485 τΒ/05-03-2024,,,,no sponsor block
99ΗΕ4690ΒΤ-9ΥΛ,2024-07-18,ΜΙΣΘΟΛΟΓΙΚΗ ΚΑΤΑΣΤΑΣΗ ΙΑΤΡΩΝ ΑΠΟΓΕΥΜΑΤΙΝΩΝ ΧΕΙΡΟΥΡΓΕΙΩΝ  ΜΗΝΟΣ ΑΠΡΙΛΙΟΥ/2024  ΦΕΚ 1485 τΒ/05-03-2024,,,,no sponsor block
6ΔΣΗ4690ΒΤ-ΓΧΞ,2024-07-18,ΜΙΣΘΟΛΟΓΙΚΗ ΚΑΤΑΣΤΑΣΗ ΙΑΤΡΩΝ ΑΠΟΓΕΥΜΑΤΙΝΩΝ ΧΕΙΡΟΥΡΓΕΙΩΝ  ΜΗΝΟΣ ΑΠΡΙΛΙΟΥ/2024  ΦΕΚ 1485 τΒ/05-03-2024,,,,no sponsor block
9ΖΠΑ4690ΒΤ-ΦΓΤ,2024-07-18,ΜΙΣΘΟΛΟΓΙΚΗ ΚΑΤΑΣΤΑΣΗ ΙΑΤΡΩΝ ΑΠΟΓΕΥΜΑΤΙΝΩΝ ΧΕΙΡΟΥΡΓΕΙΩΝ  ΜΗΝΟΣ ΑΠΡΙΛΙΟΥ/2024  ΦΕΚ 1485 τΒ/05-03-2024,,,,no sponsor block
91ΔΩ4690ΒΤ-ΗΝΩ,2024-07-18,ΜΙΣΘΟΛΟΓΙΚΗ ΚΑΤΑΣΤΑΣΗ ΙΑΤΡΩΝ ΑΠΟΓΕΥΜΑΤΙΝΩΝ ΧΕΙΡΟΥΡΓΕΙΩΝ  ΜΗΝΟΣ ΑΠΡΙΛΙΟΥ/2024  ΦΕΚ 1485 τΒ/05-03-2024,,,,no sponsor block
9Ρ0Ξ4690ΒΤ-ΩΕΝ,2024-07-18,ΜΙΣΘΟΛΟΓΙΚΗ ΚΑΤΑΣΤΑΣΗ ΙΑΤΡΩΝ ΑΠΟΓΕΥΜΑΤΙΝΩΝ ΧΕΙΡΟΥΡΓΕΙΩΝ  ΜΗΝΟΣ ΑΠΡΙΛΙΟΥ/2024  ΦΕΚ 1485 τΒ/05-03-2024,,,,no sponsor block
Ψ0394690ΒΤ-ΦΘ2,2024-07-18,ΜΙΣΘΟΛΟΓΙΚΗ ΚΑΤΑΣΤΑΣΗ ΙΑΤΡΩΝ ΑΠΟΓΕΥΜΑΤΙΝΩΝ ΧΕΙΡΟΥΡΓΕΙΩΝ  ΜΗΝΟΣ ΑΠΡΙΛΙΟΥ/2024  ΦΕΚ 1485 τΒ/05-03-2024,,,,no sponsor block
9ΨΘ44690ΒΤ-ΒΟ1,2024-07-18,ΜΙΣΘΟΛΟΓΙΚΗ ΚΑΤΑΣΤΑΣΗ ΙΑΤΡΩΝ ΑΠΟΓΕΥΜΑΤΙΝΩΝ ΧΕΙΡΟΥΡΓΕΙΩΝ  ΜΗΝΟΣ ΑΠΡΙΛΙΟΥ/2024  ΦΕΚ 1485 τΒ/05-03-2024,,,,no sponsor block
Ψ9Ι64690ΒΤ-ΗΑΧ,2024-07-18,ΜΙΣΘΟΛΟΓΙΚΗ ΚΑΤΑΣΤΑΣΗ ΙΑΤΡΩΝ ΑΠΟΓΕΥΜΑΤΙΝΩΝ ΧΕΙΡΟΥΡΓΕΙΩΝ  ΜΗΝΟΣ ΑΠΡΙΛΙΟΥ/2024  ΦΕΚ 1485 τΒ/05-03-2024,,,,no sponsor block
Ψ7ΦΖ4690ΒΤ-ΗΗΟ,2024-07-18,ΜΙΣΘΟΛΟΓΙΚΗ ΚΑΤΑΣΤΑΣΗ ΙΑΤΡΩΝ ΑΠΟΓΕΥΜΑΤΙΝΩΝ ΧΕΙΡΟΥΡΓΕΙΩΝ  ΜΗΝΟΣ ΑΠΡΙΛΙΟΥ/2024  ΦΕΚ 1485 τΒ/05-03-2024,,,,no sponsor block
ΨΥ3Λ4690ΒΤ-ΤΗ7,2024-07-18,ΜΙΣΘΟΛΟΓΙΚΗ ΚΑΤΑΣΤΑΣΗ ΙΑΤΡΩΝ ΑΠΟΓΕΥΜΑΤΙΝΩΝ ΧΕΙΡΟΥΡΓΕΙΩΝ  ΜΗΝΟΣ ΑΠΡΙΛΙΟΥ/2024  ΦΕΚ 1485 τΒ/05-03-2024,,,,no sponsor block
ΨΛΙ84690ΒΤ-Ψ07,2024-07-18,ΜΙΣΘΟΛΟΓΙΚΗ ΚΑΤΑΣΤΑΣΗ ΙΑΤΡΩΝ ΑΠΟΓΕΥΜΑΤΙΝΩΝ ΧΕΙΡΟΥΡΓΕΙΩΝ  ΜΗΝΟΣ ΑΠΡΙΛΙΟΥ/2024  ΦΕΚ 1485 τΒ/05-03-2024,,,,no sponsor block
6Ν7Δ4690ΒΤ-ΥΣΛ,2024-07-18,ΜΙΣΘΟΛΟΓΙΚΗ ΚΑΤΑΣΤΑΣΗ ΙΑΤΡΩΝ ΑΠΟΓΕΥΜΑΤΙΝΩΝ ΧΕΙΡΟΥΡΓΕΙΩΝ  ΜΗΝΟΣ ΑΠΡΙΛΙΟΥ/2024  ΦΕΚ 1485 τΒ/05-03-2024,,,,no sponsor block
6ΛΑΚ4690ΒΤ-Υ9Σ,2024-07-18,ΜΙΣΘΟΛΟΓΙΚΗ ΚΑΤΑΣΤΑΣΗ ΙΑΤΡΩΝ ΑΠΟΓΕΥΜΑΤΙΝΩΝ ΧΕΙΡΟΥΡΓΕΙΩΝ  ΜΗΝΟΣ ΑΠΡΙΛΙΟΥ/2024  ΦΕΚ 1485 τΒ/05-03-2024,,,,no sponsor block
9ΩΙΙ4690ΒΤ-ΨΝΡ,2024-07-18,ΜΙΣΘΟΛΟΓΙΚΗ ΚΑΤΑΣΤΑΣΗ ΙΑΤΡΩΝ ΑΠΟΓΕΥΜΑΤΙΝΩΝ ΧΕΙΡΟΥΡΓΕΙΩΝ  ΜΗΝΟΣ ΑΠΡΙΛΙΟΥ/2024  ΦΕΚ 1485 τΒ/05-03-2024,,,,no sponsor block
ΨΡΞΙ4690ΒΤ-ΓΞ0,2024-07-18,ΜΙΣΘΟΛΟΓΙΚΗ ΚΑΤΑΣΤΑΣΗ ΙΑΤΡΩΝ ΑΠΟΓΕΥΜΑΤΙΝΩΝ ΧΕΙΡΟΥΡΓΕΙΩΝ  ΜΗΝΟΣ ΑΠΡΙΛΙΟΥ/2024  ΦΕΚ 1485 τΒ/05-03-2024,,,,no sponsor block
9ΦΧΔ4690ΒΤ-0ΦΙ,2024-07-18,ΜΙΣΘΟΛΟΓΙΚΗ ΚΑΤΑΣΤΑΣΗ ΙΑΤΡΩΝ ΑΠΟΓΕΥΜΑΤΙΝΩΝ ΧΕΙΡΟΥΡΓΕΙΩΝ  ΜΗΝΟΣ ΑΠΡΙΛΙΟΥ/2024  ΦΕΚ 1485 τΒ/05-03-2024,,,,no sponsor block
ΨΜ124690ΒΤ-5ΣΨ,2024-07-18,ΜΙΣΘΟΛΟΓΙΚΗ ΚΑΤΑΣΤΑΣΗ ΙΑΤΡΩΝ ΑΠΟΓΕΥΜΑΤΙΝΩΝ ΧΕΙΡΟΥΡΓΕΙΩΝ  ΜΗΝΟΣ ΑΠΡΙΛΙΟΥ/2024  ΦΕΚ 1485 τΒ/05-03-2024,,,,no sponsor block
9Κ7Γ4690ΒΤ-ΔΓΣ,2024-07-18,ΜΙΣΘΟΛΟΓΙΚΗ ΚΑΤΑΣΤΑΣΗ ΙΑΤΡΩΝ ΑΠΟΓΕΥΜΑΤΙΝΩΝ ΧΕΙΡΟΥΡΓΕΙΩΝ  ΜΗΝΟΣ ΑΠΡΙΛΙΟΥ/2024  ΦΕΚ 1485 τΒ/05-03-2024,,,,no sponsor block
ΨΛ104690ΒΤ-ΑΚΛ,2024-07-18,ΜΙΣΘΟΛΟΓΙΚΗ ΚΑΤΑΣΤΑΣΗ ΙΑΤΡΩΝ ΑΠΟΓΕΥΜΑΤΙΝΩΝ ΧΕΙΡΟΥΡΓΕΙΩΝ  ΜΗΝΟΣ ΑΠΡΙΛΙΟΥ/2024  ΦΕΚ 1485 τΒ/05-03-2024,,,,no sponsor block
6ΣΞ24690ΒΤ-ΝΤ7,2024-07-18,ΜΙΣΘΟΛΟΓΙΚΗ ΚΑΤΑΣΤΑΣΗ ΙΑΤΡΩΝ ΑΠΟΓΕΥΜΑΤΙΝΩΝ ΧΕΙΡΟΥΡΓΕΙΩΝ  ΜΗΝΟΣ ΑΠΡΙΛΙΟΥ/2024  ΦΕΚ 1485 τΒ/05-03-2024,,,,no sponsor block
ΨΜ3Ε4690ΒΤ-ΒΨΤ,2024-07-18,ΜΙΣΘΟΛΟΓΙΚΗ ΚΑΤΑΣΤΑΣΗ ΙΑΤΡΩΝ ΑΠΟΓΕΥΜΑΤΙΝΩΝ ΧΕΙΡΟΥΡΓΕΙΩΝ  ΜΗΝΟΣ ΑΠΡΙΛΙΟΥ/2024   ΦΕΚ.1485 τΒ/05-03-2024,,,,no sponsor block
ΨΒΨΩ4690ΒΤ-ΧΞ7,2024-07-09,ΠΡΟΣΘΕΤΕΣ ΑΜΟΙΒΕΣ  ΜΑΙΟΥ  /2024 12 ΜΗΝΑ Ο.Α.Ε.Δ ΔΗΜ.ΠΡΟΣΚΛΗΣΗ  Νο  10/2017,,,,no sponsor block
ΨΜ4Ν4690ΒΤ-Υ97,2024-07-09,ΠΡΟΣΘΕΤΕΣ ΑΜΟΙΒΕΣ  ΜΑΙΟΥ  /2024     12 ΜΗΝΑ ΟΑΕΔ  ΔΗΜ.ΠΡΟΣΚΛΗΣΗ       Νο 13/2016,,,,no sponsor block
69Ν74690ΒΤ-7ΝΨ,2024-07-09,ΤΑΚΤΙΚΗ ΜΙΣΘΟΔΟΣΙΑ  ΙΟΥΝΙΟΥ /2024  12 ΜΗΝΑ Ο.Α.Ε.Δ   ΔΗΜ.ΠΡΟΣΚΛΗΣΗ    Νο 10/2017,,,,no sponsor block
68ΠΓ4690ΒΤ-ΞΡΡ,2024-07-09,ΤΑΚΤΙΚΗ  ΜΙΣΘΟΔΟΣΙΑ  ΙΟΥΝΙΟΥ  /2024      12 ΜΗΝΑ ΟΑΕΔ  ΔΗΜ.ΠΡΟΣΚΛΗΣΗ       Νο 13/2016,,,,no sponsor block
ΨΚΙ64690ΒΤ-0Η0,2024-07-04,ΓΙΑ ΤΗΝ ΑΞΙΑ ΠΛΗΡΩΜΗΣ ΟΔΟΙΠΟΡΙΚΩΝ ΕΞΟΔΩΝ ΚΑΙ ΗΜΕΡΗΣΙΑΣ ΑΠΟΖΗΜΙΩΣΗΣ ΥΠΑΛΛΗΛΩΝ ΙΟΥΝΙΟΥ  Γ.Ν.ΚΑΤΕΡΙΝΗΣ,,,,no sponsor block
6ΖΙ04690ΒΤ-1ΡΖ,2024-07-04,ΓΙΑ ΤΗΝ ΑΞΙΑ ΠΛΗΡΩΜΗΣ ΟΔΟΙΠΟΡΙΚΩΝ ΕΞΟΔΩΝ ΚΑΙ ΗΜΕΡΗΣΙΑΣ ΑΠΟΖΗΜΙΩΣΗΣ ΥΠΑΛΛΗΛΩΝ ΙΟΥΝΙΟΥ  Γ.Ν.ΚΑΤΕΡΙΝΗΣ,,,,no sponsor block
ΨΟΞΛ4690ΒΤ-9ΥΡ,2024-07-04,ΓΙΑ ΤΗΝ ΑΞΙΑ ΠΛΗΡΩΜΗΣ ΟΔΟΙΠΟΡΙΚΩΝ ΕΞΟΔΩΝ ΚΑΙ ΗΜΕΡΗΣΙΑΣ ΑΠΟΖΗΜΙΩΣΗΣ ΥΠΑΛΛΗΛΩΝ ΙΟΥΝΙΟΥ  Γ.Ν.ΚΑΤΕΡΙΝΗΣ,,,,no sponsor block
ΨΞΟΕ4690ΒΤ-3ΔΕ,2024-07-05,ΠΡΟΜ.ΛΟΙΠΟΥ ΧΗΜΙΚΟΥ ΥΛΙΚΟΥ ΑΡ.ΑΠ.13/28-06-2024 ΑΙΤΗΜΑ 9253 ΑΝΤΙΔΡΑΣΤΗΡΙΑ ΜΙΚΡΟΒ/ΚΟΥ,,,,no sponsor block
66Ι14690ΒΤ-ΟΣ7,2024-07-05,ΜΙΣΘΟΛΟΓΙΚΗ ΚΑΤΑΣΤΑΣΗ  ΙΑΤΡΩΝ  ΑΠΕΙΚΟΝΙΣΤΙΚΟΥ  ΕΡΓΑΣΤΗΡΙΟΥ  ΙΟΥΝΙΟΥ /2024,,,,no sponsor block
6ΘΦΣ4690ΒΤ-7ΞΡ,2024-07-05,ΠΛΗΡΩΜΗ ΠΡΟΣΩΠΙΚΟΥ ΑΠΟ ΤΗΝ ΟΛΟΗΜΕΡΗ ΛΕΙΤΟΥΡΓΙΑ ΤΟΥ ΝΟΣΟΚΟΜΕΙΟΥ  ΜΗΝΟΣ  ΙΟΥΝΙΟΥ /2024,,,,no sponsor block
6ΩΟΒ4690ΒΤ-5Ι4,2024-07-05,ΠΛΗΡΩΜΗ ΙΑΤΡΩΝ ΑΠΟ ΤΗΝ ΟΛΟΗΜΕΡΗ ΛΕΙΤΟΥΡΓΙΑ ΤΟΥ ΝΟΣΟΚΟΜΕΙΟΥ  ΜΗΝΟΣ   ΙΟΥΝΙΟΥ  /2024,,,,no sponsor block
ΨΙΞΖ4690ΒΤ-76Λ,2024-07-02,ΑΠΟΖΗΜΙΩΣΗ ΕΦΗΜΕΡΙΩΝ ΕΠΙΣΤΗΜΟΝΙΚΟΥ ΠΡΟΣΩΠΙΚΟΥ ΜΑΙΟΥ/2024 ΤΟΥ Ψ/Τ,,,,no sponsor block
ΨΟΦ44690ΒΤ-ΚΥΕ,2024-07-02,ΑΠΟΖΗΜΙΩΣΗ ΕΦΗΜΕΡΙΩΝ ΕΠΙΣΤΗΜΟΝΙΚΟΥ ΠΡΟΣΩΠΙΚΟΥ ΜΑΙΟΥ/2024 ΤΟΥ Ψ/Τ,,,,no sponsor block
ΨΥΨ94690ΒΤ-87Μ,2024-07-02,ΑΠΟΖΗΜΙΩΣΗ ΕΦΗΜΕΡΙΩΝ ΕΠΙΣΤΗΜΟΝΙΚΟΥ ΠΡΟΣΩΠΙΚΟΥ ΜΑΙΟΥ/2024 ΤΟΥ Κ.Ψ.ΥΓΕΙΑΣ,,,,no sponsor block
9ΧΠ24690ΒΤ-ΧΨΖ,2024-07-02,ΠΡΟΣΘΕΤΕΣ ΑΜΟΙΒΕΣ ΜΑΙΟΥ /2024   ΕΠΙΚΟΥΡΙΚΟ  ΠΡΟΣΩΠΙΚΟ   ΤΟΥ Ψ/Τ,,,,no sponsor block
ΨΙ0Ω4690ΒΤ-5ΦΦ,2024-07-02,ΠΡΟΣΘΕΤΕΣ ΑΜΟΙΒΕΣ ΜΑΙΟΥ /2024   ΕΠΙΚΟΥΡΙΚΟ  ΤΡΙΜΗΝΟ  ΠΡΟΣΩΠΙΚΟ   ΤΟΥ Ψ/Τ,,,,no sponsor block
Ψ4ΧΤ4690ΒΤ-3ΜΧ,2024-07-02,ΠΡΟΣΘΕΤΕΣ ΑΜΟΙΒΕΣ ΜΑΙΟΥ /2024     ΠΡΟΣΩΠΙΚΟ    ΕΠΙ ΣΧΕΣΕΙ ΕΡΓΑΣΙΑΣ Ι.Δ.Α.Χ   ΤΟΥ Ψ/Τ,,,,no sponsor block
Ψ4ΘΡ4690ΒΤ-0ΕΖ,2024-07-02,ΠΡΟΣΘΕΤΕΣ ΑΜΟΙΒΕΣ ΜΑΙΟΥ /2024   ΝΟΣΗΛΕΥΤΙΚΟ  ΠΡΟΣΩΠΙΚΟ   Ν.Δ 1057//80,,,,no sponsor block
6ΨΧ94690ΒΤ-2ΝΗ,2024-07-02,ΠΡΟΣΘΕΤΕΣ ΑΜΟΙΒΕΣ ΜΑΙΟΥ /2024   ΜΟΝΙΜΟ-ΔΟΚΙΜΟ ΒΟΗΘ. ΠΡΟΣΩΠΙΚΟ   ΤΟΥ Ψ/Τ,,,,no sponsor block
Ψ0ΟΒ4690ΒΤ-6ΗΜ,2024-07-02,ΠΡΟΣΘΕΤΕΣ ΑΜΟΙΒΕΣ ΜΑΙΟΥ /2024   ΤΕΧΝΙΚΟ  ΠΡΟΣΩΠΙΚΟ   ΤΟΥ Ψ/Τ,,,,no sponsor block
Ψ6ΒΒ4690ΒΤ-4Λ1,2024-07-02,ΑΠΟΖΗΜΙΩΣΗ ΕΦΗΜΕΡΙΩΝ ΕΠΙΣΤΗΜΟΝΙΚΟΥ ΠΡΟΣΩΠΙΚΟΥ ΜΑΙΟΥ/2024 Ι.Δ  Ν.Δ 1057/80,,,,no sponsor block
94Ξ44690ΒΤ-ΓΨΚ,2024-07-01,ΠΡΟΣΘΕΤΕΣ ΑΜΟΙΒΕΣ ΜΑΙΟΥ /2024   ΝΟΣΗΛΕΥΤΙΚΟ  ΠΡΟΣΩΠΙΚΟ  Ν.Δ 1057/80,,,,no sponsor block
6Μ2Ξ4690ΒΤ-4ΞΦ,2024-07-01,ΠΡΟΣΘΕΤΕΣ ΑΜΟΙΒΕΣ ΜΑΙΟΥ /2024   ΠΡΟΣΩΠΙΚΟ ΕΠΙ ΣΧΕΣΕΙ ΕΡΓΑΣΙΑΣ Ι.Δ.Α.Χ,,,,no sponsor block
6ΖΩ54690ΒΤ-Γ4Υ,2024-07-01,ΠΡΟΣΘΕΤΕΣ ΑΜΟΙΒΕΣ ΜΑΙΟΥ /2024   ΜΟΝΙΜΟ-ΔΟΚΙΜΟ ΒΟΗΘ.ΠΡΟΣΩΠΙΚΟ,,,,no sponsor block
6ΤΝΜ4690ΒΤ-ΜΤ2,2024-07-01,ΠΡΟΣΘΕΤΕΣ ΑΜΟΙΒΕΣ ΜΑΙΟΥ /2024   ΑΠΟΣΠΑΣΜΕΝΟΙ,,,,no sponsor block
ΨΞΠΣ4690ΒΤ-ΔΩΓ,2024-07-01,ΠΡΟΣΘΕΤΕΣ ΑΜΟΙΒΕΣ ΜΑΙΟΥ /2024   ΕΠΙΚΟΥΡΙΚΟ ΠΡΟΣΩΠΙΚΟ ΤΡΙΜΗΝΟ,,,,no sponsor block
ΨΒΗΓ4690ΒΤ-Ι0Ι,2024-07-01,ΠΡΟΣΘΕΤΕΣ ΑΜΟΙΒΕΣ ΜΑΙΟΥ /2024   ΠΡΟΣΩΠΙΚΟ Ι.Δ  Ν.2470/96,,,,no sponsor block
6ΘΩΚ4690ΒΤ-ΓΗΡ,2024-07-01,ΠΡΟΣΘΕΤΕΣ ΑΜΟΙΒΕΣ ΜΑΙΟΥ /2024   ΝΕΟΠΡΟΣΛΑΜΒΑΝΟΜΕΝΟΙ   Ο.Α.Ε.Δ ( 55-67 ) ΠΑΛΙΟΙ,,,,no sponsor block
6ΩΝΣ4690ΒΤ-ΙΙ4,2024-07-01,ΠΡΟΣΘΕΤΕΣ ΑΜΟΙΒΕΣ ΜΑΙΟΥ /2024   ΝΕΟΠΡΟΣΛΑΜΒΑΝΟΜΕΝΟΙ   Ο.Α.Ε.Δ ( 55-67 ) ΝΕΟΙ,,,,no sponsor block
6ΘΦ14690ΒΤ-ΒΒ9,2024-07-01,ΠΡΟΣΘΕΤΕΣ ΑΜΟΙΒΕΣ ΜΑΙΟΥ /2024    ΔΙΟΙΚΗΤΙΚΟ  ΠΡΟΣΩΠΙΚΟ,,,,no sponsor block
Ψ5ΟΞ4690ΒΤ-ΜΚΜ,2024-07-01,ΠΡΟΣΘΕΤΕΣ ΑΜΟΙΒΕΣ ΜΑΙΟΥ /2024   ΜΟΝΙΜΟ ΔΟΚΙΜΟ  ΠΡΟΣΩΠΙΚΟ  ΕΙΔ. ΘΕΣΕΩΝ,,,,no sponsor block
621Π4690ΒΤ-ΣΞΜ,2024-07-01,ΠΡΟΣΘΕΤΕΣ ΑΜΟΙΒΕΣ ΜΑΙΟΥ /2024   ΕΠΙΚΟΥΡΙΚΟ ΤΡΙΝΗΝΟ  ΠΡΟΣΩΠΙΚΟ,,,,no sponsor block
ΨΨ3Ε4690ΒΤ-1ΟΕ,2024-07-01,ΠΡΟΣΘΕΤΕΣ ΑΜΟΙΒΕΣ ΜΑΙΟΥ /2024   ΝΟΣΗΛΕΥΤΙΚΟ ΠΡΟΣΩΠΙΚΟ,,,,no sponsor block
93ΤΖ4690ΒΤ-1Σ2,2024-07-01,ΑΠΟΖΗΜΙΩΣΗ ΕΦΗΜΕΡΙΩΝ  ΜΑΙΟΥ/2024   ΕΠΙΣΤΗΜΟΝΙΚΟ ΠΡΟΣΩΠΙΚΟ,,,,no sponsor block
ΨΗΛΛ4690ΒΤ-ΗΥΒ,2024-07-01,ΑΠΟΖΗΜΙΩΣΗ ΕΦΗΜΕΡΙΩΝ  ΜΑΙΟΥ/2024   ΕΠΙΣΤΗΜΟΝΙΚΟ ΠΡΟΣΩΠΙΚΟ,,,,no sponsor block
9Ξ1Κ4690ΒΤ-ΝΘ1,2024-07-01,ΤΑΚΤΙΚΕΣ ΕΦΗΜΕΡΙΕΣ  ΜΑΙΟΥ /2024 ΓΙΑΤΡΟΙ Ε.Σ.Υ ΤΟΥ Κ.Ψ.ΥΓΕΙΑΣ,,,,no sponsor block
ΨΓΚ94690ΒΤ-6ΛΜ,2024-07-01,ΤΑΚΤΙΚΕΣ ΕΦΗΜΕΡΙΕΣ  ΜΑΙΟΥ /2024 ΓΙΑΤΡΟΙ Ε.Σ.Υ  ΕΙΔΙΚ/ΝΟΙ   ΤΟΥ Ψ/Τ,,,,no sponsor block
ΨΤΣΓ4690ΒΤ-ΨΩΨ,2024-07-01,ΤΑΚΤΙΚΕΣ ΕΦΗΜΕΡΙΕΣ  ΜΑΙΟΥ /2024 ΓΙΑΤΡΟΙ Ε.Σ.Υ ΤΟΥ Ψ/Τ,,,,no sponsor block
ΨΤ104690ΒΤ-ΡΞΧ,2024-07-01,ΤΑΚΤΙΚΕΣ ΕΦΗΜΕΡΙΕΣ  ΜΑΙΟΥ /2024 ΓΙΑΤΡΟΙ Ε.Σ.Υ  ΕΙΔΙΚ/ΝΟΙ,,,,no sponsor block
6Χ954690ΒΤ-ΥΧΣ,2024-07-01,ΤΑΚΤΙΚΕΣ ΕΦΗΜΕΡΙΕΣ  ΜΑΙΟΥ /2024  ΕΠΙΚΟΥΡΙΚΟΙ  Ε.Σ.Υ,,,,no sponsor block
ΡΟ7Ζ4690ΒΤ-ΒΑΣ,2024-07-01,ΤΑΚΤΙΚΕΣ ΕΦΗΜΕΡΙΕΣ  ΜΑΙΟΥ /2024   ΕΠΙΚΟΥΡΙΚΟΙ  Ε.Σ.Υ,,,,no sponsor block
9Ζ6Ξ4690ΒΤ-ΩΗΥ,2024-07-01,ΤΑΚΤΙΚΕΣ ΕΦΗΜΕΡΙΕΣ  ΜΑΙΟΥ /2024 ΓΙΑΤΡΟΙ Ε.Σ.Υ,,,,no sponsor block
Ψ6014690ΒΤ-55Κ,2024-06-21,ΤΑΚΤΙΚΗ ΜΙΣΘΟΔΟΣΙΑ ΜΕΤΑΠ/ΤΕΩΝ  ΜΑΙΟΥ  /2024  ΑΜΙΣΘΟΙ ΤΕΕ ( ΕΠΑΛ ) Γ.Ν.Κ.,,,,no sponsor block
6ΞΘ04690ΒΤ-ΖΙ6,2024-06-21,ΤΑΚΤΙΚΗ ΜΙΣΘΟΔΟΣΙΑ ΜΕΤΑΠ/ΤΕΩΝ    IOYNIOY  /2024  ΑΜΙΣΘΟΙ ΤΕΕ (ΔΙΕΚ) Γ.Ν.Κ.,,,,no sponsor block
6ΗΤ54690ΒΤ-ΧΙ0,2024-06-21,ΤΑΚΤΙΚΗ ΜΙΣΘΟΔΟΣΙΑ ΜΕΤ/ΤΕΩΝ  ΙΟΥΝΙΟΥ /2024  ΝΕΟΠΡΟΣΛΑΜΒΑΝΟΜΕΝΟΙ  Ο.Α.Ε.Δ  ( 55-67 ) ΠΑΛΙΟΙ,,,,no sponsor block
9ΩΛΦ4690ΒΤ-ΝΨ8,2024-06-21,ΤΑΚΤΙΚΗ ΜΙΣΘΟΔΟΣΙΑ ΜΕΤ/ΤΕΩΝ  ΙΟΥΝΙΟΥ /2024  ΝΕΟΠΡΟΣΛΑΜΒΑΝΟΜΕΝΟΙ  Ο.Α.Ε.Δ  ( 55-67 ) ΝΕΟΙ,,,,no sponsor block
ΨΔΥΗ4690ΒΤ-1Χ7,2024-06-21,ΤΑΚΤΙΚΗ ΜΙΣΘΟΔΟΣΙΑ ΜΕΤ/ΤΕΩΝ  ΙΟΥΝΙΟΥ /2024  ΕΠΙΚΟΥΡΙΚΟI E.Σ.Υ,,,,no sponsor block
65ΧΗ4690ΒΤ-ΦΔΓ,2024-06-21,ΤΑΚΤΙΚΗ ΜΙΣΘΟΔΟΣΙΑ ΜΕΤ/ΤΕΩΝ  ΙΟΥΝΙΟΥ /2024  ΕΠΙΚΟΥΡΙΚΟΙ Ε.Σ.Υ,,,,no sponsor block
ΨΕ9Λ4690ΒΤ-ΔΤ5,2024-06-21,ΤΑΚΤΙΚΗ ΜΙΣΘΟΔΟΣΙΑ ΜΕΤ/ΤΕΩΝ  ΙΟΥΝΙΟΥ /2024  ΕΠΙΣΤΗΜΟΝΙΚΟ  ΠΡΟΣΩΠΙΚΟ,,,,no sponsor block
ΨΛ7Ζ4690ΒΤ-ΝΡ6,2024-06-21,ΤΑΚΤΙΚΗ ΜΙΣΘΟΔΟΣΙΑ ΜΕΤ/ΤΕΩΝ  ΙΟΥΝΙΟΥ /2024  ΕΠΙΚΟΥΡΙΚΟ ΠΡΟΣΩΠΙΚΟ   ΑΝΑΔΡΟΜΙΚΑ,,,,no sponsor block
ΨΨ6Η4690ΒΤ-ΩΨ5,2024-06-21,ΤΑΚΤΙΚΗ ΜΙΣΘΟΔΟΣΙΑ ΜΕΤ/ΤΕΩΝ  ΙΟΥΝΙΟΥ /2024  ΕΠΙΚΟΥΡΙΚΟ  ΤΡΙΜΗΝΟ  ΠΡΟΣΩΠΙΚΟ,,,,no sponsor block
632Β4690ΒΤ-ΥΜΘ,2024-06-21,ΤΑΚΤΙΚΗ ΜΙΣΘΟΔΟΣΙΑ ΜΕΤ/ΤΕΩΝ  ΙΟΥΝΙΟΥ /2024  ΕΠΙΚΟΥΡΙΚΟ ΠΡΟΣΩΠΙΚΟ,,,,no sponsor block
ΨΗ5Α4690ΒΤ-Φ4Λ,2024-06-21,Προμηθεια ειδων συντήρησης μηχανημάτων/2023,094373941,ΤΕΜΑΚ ΑΝΩΝΥΜΟΣ ΕΜΠΟΡΙΚΗ ΚΑΙ ΤΕΧΝΙΚΗ ΕΤΑΙΡΙΑ,-157.06,negative amount
Ψ0Φ44690ΒΤ-ΕΚ2,2025-04-07,ΠΡΟΣΘΕΤΕΣ ΑΜΟΙΒΕΣ  ΦΕΒΡΟΥΑΡΙΟΥ   /2025   12 ΜΗΝΑ Ο.Α.Ε.Δ ΔΗΜ.ΠΡΟΣΚΛΗΣΗ  Νο  10/2017,,,,no sponsor block
6Ζ1Λ4690ΒΤ-ΤΞΛ,2025-04-07,ΠΡΟΣΘΕΤΕΣ ΑΜΟΙΒΕΣ  ΦΕΒΡΟΥΑΡΙΟΥ  /2025   12 ΜΗΝΑ Ο.Α.Ε.Δ ΔΗΜ.ΠΡΟΣΚΛΗΣΗ  Νο  13/2016,,,,no sponsor block
Ψ5ΩΘ4690ΒΤ-ΞΓΧ,2025-04-07,ΤΑΚΤΙΚΗ ΜΙΣΘΟΔΟΣΙΑ   ΜΑΡΤΙΟΥ /2025  12 ΜΗΝΑ Ο.Α.Ε.Δ   ΔΗΜ.ΠΡΟΣΚΛΗΣΗ    Νο 10/2017,,,,no sponsor block
6ΞΔΠ4690ΒΤ-ΓΑ2,2025-04-07,ΤΑΚΤΙΚΗ ΜΙΣΘΟΔΟΣΙΑ  ΜΑΡΤΙΟΥ /2025  12 ΜΗΝΑ Ο.Α.Ε.Δ   ΔΗΜ.ΠΡΟΣΚΛΗΣΗ    Νο 13/2016,,,,no sponsor block
6ΦΧΣ4690ΒΤ-ΩΔ8,2025-04-04,ΜΙΣΘΟΛΟΓΙΚΗ ΚΑΤΑΣΤΑΣΗ ΤΕΧΝΟΛΟΓΩΝ ΑΠΕΙΚΟΝΙΣΤΙΚΟΥ ΕΡΓΑΣΤΗΡΙΟΥ ΜΗΝΟΣ   ΦΕΒΡΟΥΑΡΙΟΥ  2025,,,,no sponsor block
9ΞΖ34690ΒΤ-ΝΩΔ,2025-04-04,ΜΙΣΘΟΛΟΓΙΚΗ ΚΑΤΑΣΤΑΣΗ ΙΑΤΡΩΝ ΑΠΕΙΚΟΝΙΣΤΙΚΟΥ ΕΡΓΑΣΤΗΡΙΟΥ ΜΗΝΟΣ  ΦΕΒΡΟΥΑΡΙΟΥ 2025,,,,no sponsor block
ΨΚΗΛ4690ΒΤ-ΤΔ4,2025-04-04,ΠΛΗΡΩΜΗ ΙΑΤΡΩΝ ΓΙΑ ΤΗΝ ΟΛΟΗΜΕΡΗ ΛΕΙΤΟΥΡΓΙΑ ΤΟΥ ΝΟΣΟΚΟΜΕΙΟΥ ΜΗΝΟΣ  ΦΕΒΡΟΥΑΡΙΟΥ  2025,,,,no sponsor block
96ΙΞ4690ΒΤ-Ν5Π,2025-04-04,ΠΛΗΡΩΜΗ ΠΡΟΣΩΠΙΚΟΥ ΑΠΟ ΤΗΝ ΟΛΟΗΜΕΡΗ ΛΕΙΤΟΥΡΓΙΑ ΤΟΥ ΝΟΣΟΚΟΜΕΙΟ ΜΗΝΟΣ  ΦΕΒΡΟΥΑΡΙΟΥ   2025,,,,no sponsor block
6ΖΔΧ4690ΒΤ-Φ34,2025-04-04,ΠΛΗΡΩΜΗ ΠΡΟΣΩΠΙΚΟΥ ΑΠΟ ΤΗΝ ΟΛΟΗΜΕΡΗ ΛΕΙΤΟΥΡΓΙΑ ΤΟΥ ΝΟΣΟΚΟΜΕΙΟ ΜΗΝΟΣ  ΙΑΝΟΥΑΡΙΟΥ ΣΥΜΠΗΡΩΜΑΤΙΚΗ  2025,,,,no sponsor block
ΨΘΕΤ4690ΒΤ-Υ7Μ,2025-04-02,ΑΠΟΖΗΜΙΩΣΗ ΕΦΗΜΕΡΙΩΝ   ΦΕΒΡΟΥΑΡΙΟΥ  /2025     ΕΠΙΣΤΗΜΟΝΙΚΟ  ΠΡΟΣΩΠΙΚΟ  ΤΟΥ Ψ/ΤΟΜΕΑ,,,,no sponsor block
90294690ΒΤ-ΘΩΦ,2025-04-02,ΑΠΟΖΗΜΙΩΣΗ ΕΦΗΜΕΡΙΩΝ   ΦΕΒΡΟΥΑΡΙΟΥ  /2025     ΕΠΙΣΤΗΜΟΝΙΚΟ  ΠΡΟΣΩΠΙΚΟ  ΤΟΥ Ψ/ΤΟΜΕΑ,,,,no sponsor block
9ΜΛΤ4690ΒΤ-ΛΥ2,2025-04-02,ΑΠΟΖΗΜΙΩΣΗ ΕΦΗΜΕΡΙΩΝ   ΦΕΒΡΟΥΑΡΙΟΥ  /2025     ΕΠΙΣΤΗΜΟΝΙΚΟ  ΠΡΟΣΩΠΙΚΟ  ΤΟΥ Κ.Ψ.ΥΓΕΙΑΣ,,,,no sponsor block
ΨΚΡΚ4690ΒΤ-Ι1Ε,2025-04-02,ΠΡΟΣΘΕΤΕΣ ΑΜΟΙΒΕΣ   ΦΕΒΡΟΥΑΡΙΟΥ /2025    ΝΟΣΗΛΕΥΤΙΚΟ ΠΡΟΣΩΠΙΚΟ   Ν.Δ. 1057/80    ΤΟΥ Ψ/ΤΟΜΕΑ,,,,no sponsor block
6ΔΣΨ4690ΒΤ-Φ3Ξ,2025-04-02,ΠΡΟΣΘΕΤΕΣ ΑΜΟΙΒΕΣ   ΦΕΒΡΟΥΑΡΙΟΥ /2025    ΜΟΝΙΜΟ ΔΟΚΙΜΟ ΒΟΗΘ. ΠΡΟΣΩΠΙΚΟ  ΤΟΥ Ψ/ΤΟΜΕΑ,,,,no sponsor block
9Η0Σ4690ΒΤ-ΥΩΕ,2025-04-02,ΠΡΟΣΘΕΤΕΣ ΑΜΟΙΒΕΣ   ΦΕΒΡΟΥΑΡΙΟΥ /2025    ΤΕΧΝΙΚΟ  ΠΡΟΣΩΠΙΚΟ  ΤΟΥ Ψ/ΤΟΜΕΑ,,,,no sponsor block
ΨΚΑΜ4690ΒΤ-ΚΝΟ,2025-04-02,ΠΡΟΣΘΕΤΕΣ ΑΜΟΙΒΕΣ   ΦΕΒΡΟΥΑΡΙΟΥ /2025    ΝΕΟΠΡΟΣΛΑΜΒΑΝΟΜΕΝΟΙ  Ο.Α.Ε.Δ   ΤΟΥ Ψ/ΤΟΜΕΑ,,,,no sponsor block
96ΟΟ4690ΒΤ-ΣΨΡ,2025-04-02,ΠΡΟΣΘΕΤΕΣ ΑΜΟΙΒΕΣ   ΦΕΒΡΟΥΑΡΙΟΥ /2025     ΠΡΟΣΩΠΙΚΟ  ΕΠΙ ΣΧΕΣΕΙ ΕΡΓΑΣΙΑΣ Ι.Δ.Α.Χ   ΤΟΥ Ψ/ΤΟΜΕΑ,,,,no sponsor block
6ΧΔΝ4690ΒΤ-ΧΝΧ,2025-04-02,ΠΡΟΣΘΕΤΕΣ ΑΜΟΙΒΕΣ   ΦΕΒΡΟΥΑΡΙΟΥ /2025    ΕΠΙΚΟΥΡΙΚΟ  ΤΡΙΜΗΝΟ  ΠΡΟΣΩΠΙΚΟ  ΤΟΥ Ψ/ΤΟΜΕΑ,,,,no sponsor block
65164690ΒΤ-ΧΟ1,2025-04-02,ΠΡΟΣΘΕΤΕΣ ΑΜΟΙΒΕΣ   ΦΕΒΡΟΥΑΡΙΟΥ /2025    ΕΠΙΚΟΥΡΙΚΟ  ΠΡΟΣΩΠΙΚΟ  ΤΟΥ Ψ/ΤΟΜΕΑ,,,,no sponsor block
Ψ5Λ24690ΒΤ-00Ψ,2025-04-02,ΠΡΟΣΘΕΤΕΣ ΑΜΟΙΒΕΣ   ΦΕΒΡΟΥΑΡΙΟΥ /2025    ΝΟΣΗΛΕΥΤΙΚΟ ΠΡΟΣΩΠΙΚΟ  ΤΟΥ Ψ/ΤΟΜΕΑ,,,,no sponsor block
9ΡΙΑ4690ΒΤ-60Ι,2025-04-02,ΑΠΟΖΗΜΙΩΣΗ ΕΦΗΜΕΡΙΩΝ    ΦΕΒΡΟΥΑΡΙΟΥ  /2025     ΕΠΙΣΤΗΜΟΝΙΚΟ   ΠΡΟΣΩΠΙΚΟ,,,,no sponsor block
93Χ64690ΒΤ-ΦΙ6,2025-04-02,ΑΠΟΖΗΜΙΩΣΗ ΕΦΗΜΕΡΙΩΝ    ΦΕΒΡΟΥΑΡΙΟΥ  /2025     ΕΠΙΣΤΗΜΟΝΙΚΟ   ΠΡΟΣΩΠΙΚΟ,,,,no sponsor block
9Β1Α4690ΒΤ-ΠΩΧ,2025-04-02,ΠΡΟΣΘΕΤΕΣ ΑΜΟΙΒΕΣ   ΦΕΒΡΟΥΑΡΙΟΥ  /2025    ΝΕΟΠΡΟΣΛΑΜΒΑΝΟΜΕΝΟΙ  Ο.Α.Ε.Δ   ΝΕΟΙ,,,,no sponsor block
Ψ6Β04690ΒΤ-ΠΨ2,2025-04-02,ΠΡΟΣΘΕΤΕΣ ΑΜΟΙΒΕΣ   ΦΕΒΡΟΥΑΡΙΟΥ  /2025    ΝΟΣΗΛΕΥΤΙΚΟ ΠΡΟΣΩΠΙΚΟ   Ν.Δ  1057/80,,,,no sponsor block
9ΟΠ84690ΒΤ-9ΒΙ,2025-04-02,ΠΡΟΣΘΕΤΕΣ ΑΜΟΙΒΕΣ   ΦΕΒΡΟΥΑΡΙΟΥ  /2025    ΝΟΣΗΛΕΥΤΙΚΟ ΠΡΟΣΩΠΙΚΟ   Ν.Δ  1057/80,,,,no sponsor block
68ΙΛ4690ΒΤ-7ΡΒ,2025-04-02,ΠΡΟΣΘΕΤΕΣ ΑΜΟΙΒΕΣ   ΦΕΒΡΟΥΑΡΙΟΥ  /2025    ΝΟΣΗΛΕΥΤΙΚΟ ΠΡΟΣΩΠΙΚΟ   Ν.Δ  1057/80,,,,no sponsor block
ΨΨΧΖ4690ΒΤ-6ΣΥ,2025-04-02,ΠΡΟΣΘΕΤΕΣ ΑΜΟΙΒΕΣ   ΦΕΒΡΟΥΑΡΙΟΥ  /2025    ΝΟΣΗΛΕΥΤΙΚΟ ΠΡΟΣΩΠΙΚΟ   Ν.Δ  1057/80,,,,no sponsor block
ΨΣ9Ω4690ΒΤ-24Λ,2025-04-02,ΠΡΟΣΘΕΤΕΣ ΑΜΟΙΒΕΣ   ΦΕΒΡΟΥΑΡΙΟΥ  /2025    ΔΙΟΙΚΗΤΙΚΟ  ΠΡΟΣΩΠΙΚΟ,,,,no sponsor block
Ψ1ΠΟ4690ΒΤ-ΠΦΙ,2025-04-02,ΠΡΟΣΘΕΤΕΣ ΑΜΟΙΒΕΣ   ΦΕΒΡΟΥΑΡΙΟΥ  /2025    ΕΠΙΚΟΥΡΙΚΟ ΤΡΙΜΗΝΟ   ΠΡΟΣΩΠΙΚΟ,,,,no sponsor block
6ΤΛ24690ΒΤ-Ρ2Φ,2025-04-02,ΠΡΟΣΘΕΤΕΣ ΑΜΟΙΒΕΣ   ΦΕΒΡΟΥΑΡΙΟΥ  /2025    ΜΟΝΙΜΟ-ΔΟΚΙΜΟ ΒΟΗΘ.  ΠΡΟΣΩΠΙΚΟ,,,,no sponsor block
6ΓΕ04690ΒΤ-25Π,2025-04-02,ΠΡΟΣΘΕΤΕΣ ΑΜΟΙΒΕΣ   ΦΕΒΡΟΥΑΡΙΟΥ  /2025    ΑΠΟΣΠΑΣΜΕΝΟΙ,,,,no sponsor block
6Ζ9Ι4690ΒΤ-Ε0Β,2025-04-02,ΠΡΟΣΘΕΤΕΣ ΑΜΟΙΒΕΣ   ΦΕΒΡΟΥΑΡΙΟΥ  /2025    ΜΟΝΙΜΟ-ΔΟΚΙΜΟ  ΠΡΟΣΩΠΙΚΟ ΕΙΔ.ΘΕΣΕΩΝ,,,,no sponsor block
9Ψ7Λ4690ΒΤ-Κ2Ν,2025-04-02,ΠΡΟΣΘΕΤΕΣ ΑΜΟΙΒΕΣ   ΦΕΒΡΟΥΑΡΙΟΥ  /2025    ΕΠΙΚΟΥΡΙΚΟ  ΠΡΟΣΩΠΙΚΟ,,,,no sponsor block
ΨΔ664690ΒΤ-ΟΛΗ,2025-04-02,ΠΡΟΣΘΕΤΕΣ ΑΜΟΙΒΕΣ   ΦΕΒΡΟΥΑΡΙΟΥ  /2025    ΝΟΣΗΛΕΥΤΙΚΟ ΠΡΟΣΩΠΙΚΟ,,,,no sponsor block
ΨΕ3Π4690ΒΤ-ΙΧΟ,2025-03-31,ΑΠΟΔΟΣΗ ΚΡΑΤΗΣΕΩΝ ΑΠΟ ΠΛΗΡΩΜΗ ΠΡΟΜΗΘΕΥΤΩΝ ΜΗΝΟΣ ΜΑΡΤΙΟΥ 2025,,,,no sponsor block
ΨΝ914690ΒΤ-ΩΩ7,2025-03-31,ΤΑΚΤΙΚΕΣ ΕΦΗΜΕΡΙΕΣ  ΦΕΒΡΟΥΑΡΙΟΥ  /2025   ΓΙΑΤΡΟΙ Ε.Σ.Υ  ΕΙΔΙΚ/ΝΟΙ   ΤΟΥ Ψ/Τ,,,,no sponsor block
ΡΠΝ64690ΒΤ-6ΚΖ,2025-03-31,ΤΑΚΤΙΚΕΣ ΕΦΗΜΕΡΙΕΣ  ΦΕΒΡΟΥΑΡΙΟΥ  /2025   ΓΙΑΤΡΟΙ Ε.Σ.Υ  ΤΟΥ Ψ/Τ,,,,no sponsor block
ΨΩΦ74690ΒΤ-ΩΦΤ,2025-03-31,ΤΑΚΤΙΚΕΣ ΕΦΗΜΕΡΙΕΣ  ΦΕΒΡΟΥΑΡΙΟΥ  /2025   ΓΙΑΤΡΟΙ Ε.Σ.Υ  ΤΟΥ Ψ/Τ,,,,no sponsor block
6ΤΤΩ4690ΒΤ-ΤΙ6,2025-03-31,ΤΑΚΤΙΚΕΣ ΕΦΗΜΕΡΙΕΣ  ΦΕΒΡΟΥΑΡΙΟΥ  /2025   ΕΠΙΚΟΥΡΙΚΟΙ  Ε.Σ.Υ,,,,no sponsor block
9Λ8Ω4690ΒΤ-ΝΓΨ,2025-03-31,ΤΑΚΤΙΚΕΣ ΕΦΗΜΕΡΙΕΣ  ΦΕΒΡΟΥΑΡΙΟΥ  /2025   ΑΓΡΟΤΙΚΟΙ ΙΑΤΡΟΙ,,,,no sponsor block
Ψ7ΒΕ4690ΒΤ-ΛΥ9,2025-03-31,ΤΑΚΤΙΚΕΣ ΕΦΗΜΕΡΙΕΣ  ΦΕΒΡΟΥΑΡΙΟΥ  /2025   EΠΙΚΟΥΡΙΚΟΙ   Ε.Σ.Υ,,,,no sponsor block
9Ι034690ΒΤ-ΥΛΙ,2025-03-31,ΤΑΚΤΙΚΕΣ ΕΦΗΜΕΡΙΕΣ  ΦΕΒΡΟΥΑΡΙΟΥ  /2025   ΓΙΑΤΡΟΙ Ε.Σ.Υ  ΕΙΔΙΚ/ΝΟΙ,,,,no sponsor block
Ψ1ΨΥ4690ΒΤ-ΚΛΑ,2025-03-31,ΤΑΚΤΙΚΕΣ ΕΦΗΜΕΡΙΕΣ  ΦΕΒΡΟΥΑΡΙΟΥ  /2025   ΓΙΑΤΡΟΙ Ε.Σ.Υ,,,,no sponsor block
6ΔΕΖ4690ΒΤ-Υ0Χ,2025-03-28,ΤΑΚΤΙΚΗ ΜΙΣΘΟΔΟΣΙΑ ΜΕΤΑΠ/ΤΕΩΝ   ΜΑΡΤΙΟΥ   /2025   ΝΕΟΠΡΟΣΛΑΜΒΑΝΟΜΕΝΟΙ Ο.Α.Ε.Δ,,,,no sponsor block
ΨΒΞΥ4690ΒΤ-ΦΡΥ,2025-03-28,ΑΝΑΔΡΟΜΙΚΑ  ΜΑΡΤΙΟΥ/2025 ΕΠΙΚΟΥΡΙΚΟ ΠΡΟΣΩΠΙΚΟ,,,,no sponsor block
9Π4Φ4690ΒΤ-ΖΕ0,2025-03-28,ΤΑΚΤΙΚΗ ΜΙΣΘΟΔΟΣΙΑ ΜΕΤΑΠ/ΤΕΩΝ   ΦΕΒΡΟΥΑΡΙΟΥ  /2025   ΑΜΙΣΘΟΙ ΤΕΕ ( ΕΠΑΛ ) Γ.Ν.Κ.,,,,no sponsor block
ΨΤΒΛ4690ΒΤ-5ΑΨ,2025-03-28,ΤΑΚΤΙΚΗ ΜΙΣΘΟΔΟΣΙΑ  ΦΕΒΡΟΥΑΡΙΟΥ  /2025  ΑΣΚΟΥΜΕΝΟΙ Ο.Α.Ε.Δ  Ψ/Τ,,,,no sponsor block
Ψ1Υ94690ΒΤ-4Φ2,2025-03-28,ΤΑΚΤΙΚΗ ΜΙΣΘΟΔΟΣΙΑ ΜΕΤΑΠ/ΤΕΩΝ     ΜΑΡΤΙΟΥ   /2025   ΑΜΙΣΘΟΙ ΤΕΕ (ΔΙΕΚ) Γ.Ν.Κ.,,,,no sponsor block
Ψ0ΦΞ4690ΒΤ-ΧΓΖ,2025-03-28,ΤΑΚΤΙΚΗ ΜΙΣΘΟΔΟΣΙΑ ΜΕΤΑΠ/ΤΕΩΝ   ΜΑΡΤΙΟΥ /2025  ΣΠΟΥΔΑΣΤΕΣ ΠΟΥ ΑΣΚΟΥΝΤΑΙ Τ.Ε.Ι,,,,no sponsor block
Ψ6Υ64690ΒΤ-ΗΜΔ,2025-03-28,ΤΑΚΤΙΚΗ ΜΙΣΘΟΔΟΣΙΑ ΜΕΤΑΠ/ΤΕΩΝ   ΜΑΡΤΙΟΥ  /2025   ΕΠΙΣΤΗΜΟΝΙΚΟ  ΠΡΟΣΩΠΙΚΟ,,,,no sponsor block
6ΙΓ44690ΒΤ-Ι52,2025-03-28,ΤΑΚΤΙΚΗ ΜΙΣΘΟΔΟΣΙΑ ΜΕΤΑΠ/ΤΕΩΝ   ΜΑΡΤΙΟΥ   /2025   ΝΕΟΠΡΟΣΛΑΜΒΑΝΟΜΕΝΟΙ Ο.Α.Ε.Δ  ( 55 εως 67  )   ( ΝΕΟΙ ),,,,no sponsor block
9ΛΠΑ4690ΒΤ-ΞΒΥ,2025-03-28,ΤΑΚΤΙΚΗ ΜΙΣΘΟΔΟΣΙΑ ΜΕΤΑΠ/ΤΕΩΝ   ΜΑΡΤΙΟΥ  /2025   ΕΠΙΚΟΥΡΙΚΟ ΤΡΙΜΗΝΟ ΠΡΟΣΩΠΙΚΟ,,,,no sponsor block
9ΥΠΗ4690ΒΤ-ΛΟΥ,2025-03-28,ΤΑΚΤΙΚΗ ΜΙΣΘΟΔΟΣΙΑ ΜΕΤΑΠ/ΤΕΩΝ   ΜΑΡΤΙΟΥ  /2025   ΕΠΙΚΟΥΡΙΚΟΙ  Ε.Σ.Υ,,,,no sponsor block
ΨΟΑΟ4690ΒΤ-Ξ69,2025-03-28,ΤΑΚΤΙΚΗ ΜΙΣΘΟΔΟΣΙΑ ΜΕΤΑΠ/ΤΕΩΝ   ΜΑΡΤΙΟΥ   /2025   EΠΙΚΟΥΡΙΚΟΙ Ε.Σ.Υ,,,,no sponsor block
ΨΝ6Β4690ΒΤ-ΓΤΘ,2025-03-28,ÔÁÊÔÉÊÇ ÌÉÓÈÏÄÏÓÉÁ ÌÅÔÁÐ/ÔÅÙÍ   ÌÁÑÔÉÏÕ   /2025   ÅÐÉÊÏÕÑÉÊÏ ÐÑÏÓÙÐÉÊÏ,,,,no sponsor block
6ΖΠ74690ΒΤ-358,2025-03-20,ΠΡΟΣΘΕΤΕΣ ΕΦΗΜΕΡΙΕΣ   ΝΟΕΜΒΡΙΟΥ   /2024    ΓΙΑΤΡΟΙ  Ε.Σ.Υ  EΠΙΚΟΥΡΙΚΟΙ,,,,no sponsor block
9Β264690ΒΤ-39Ο,2025-03-20,ΠΡΟΣΘΕΤΕΣ ΕΦΗΜΕΡΙΕΣ   ΝΟΕΜΒΡΙΟΥ   /2024   ΕΠΙΚΟΥΡΙΚΟΙ    Ε.Σ.Υ,,,,no sponsor block
Ρ6ΨΡ4690ΒΤ-ΖΡΚ,2025-03-20,ΠΡΟΣΘΕΤΕΣ ΕΦΗΜΕΡΙΕΣ   ΝΟΕΜΒΡΙΟΥ   /2024    ΓΙΑΤΡΟΙ  Ε.Σ.Υ  EIΔΙΚ/ΝΟΙ,,,,no sponsor block
ΨΧΣΘ4690ΒΤ-Α2Ε,2025-03-20,ΠΡΟΣΘΕΤΕΣ ΕΦΗΜΕΡΙΕΣ   ΝΟΕΜΒΡΙΟΥ   /2024    ΓΙΑΤΡΟΙ  Ε.Σ.Υ,,,,no sponsor block
9Τ084690ΒΤ-ΣΧ4,2025-03-20,ΠΡΟΣΘΕΤΕΣ ΕΦΗΜΕΡΙΕΣ   ΟΚΤΩΒΡΙΟΥ   /2024    ΓΙΑΤΡΟΙ  Ε.Σ.Υ ΕΙΔΙΚ/ΝΟΙ,,,,no sponsor block
Ψ4634690ΒΤ-ΤΒΠ,2025-03-20,ΠΡΟΣΘΕΤΕΣ ΕΦΗΜΕΡΙΕΣ   ΟΚΤΩΒΡΙΟΥ   /2024   ΓΙΑΤΡΟΙ   Ε.Σ.Υ,,,,no sponsor block
6Θ9Ν4690ΒΤ-4ΤΛ,2025-03-20,ΠΡΟΣΘΕΤΕΣ ΕΦΗΜΕΡΙΕΣ   ΟΚΤΩΒΡΙΟΥ   /2024   ΕΠΙΚΟΥΡΙΚΟΙ  Ε.Σ.Υ,,,,no sponsor block
9ΙΗΜ4690ΒΤ-ΩΤΤ,2025-03-20,ΠΡΟΣΘΕΤΕΣ ΕΦΗΜΕΡΙΕΣ   ΟΚΤΩΒΡΙΟΥ   /2024   ΕΠΙΚΟΥΡΙΚΟΙ  Ε.Σ.Υ,,,,no sponsor block
6Φ4Κ4690ΒΤ-ΑΒΨ,2025-03-20,ΑΠΟΔΟΣΗ ΚΡΑΤΗΣΕΩΝ,,,,no sponsor block
ΨΜΥ94690ΒΤ-71Υ,2025-03-20,ΑΠΟΔΟΣΗ ΚΡΑΤΗΣΕΩΝ,,,,no sponsor block
Ρ1784690ΒΤ-ΛΤΟ,2025-03-19,ΓΙΑ ΤΗΝ ΑΞΙΑ ΠΛΗΡΩΜΗΣ ΟΔΟΙΠΟΡΙΚΩΝ ΕΞΟΔΩΝ ΚΑΙ ΗΜΕΡΗΣΙΑΣ ΑΠΟΖΗΜΙΩΣΗΣ ΥΠΑΛΛΗΛΩΝ Γ.Ν.ΚΑΤΕΡΙΝΗΣ,,,,no sponsor block
6ΦΜ34690ΒΤ-Ψ4Ι,2025-03-19,ΓΙΑ ΤΗΝ ΑΞΙΑ ΠΛΗΡΩΜΗΣ ΟΔΟΙΠΟΡΙΚΩΝ ΕΞΟΔΩΝ ΚΑΙ ΗΜΕΡΗΣΙΑΣ ΑΠΟΖΗΜΙΩΣΗΣ ΥΠΑΛΛΗΛΩΝ Γ.Ν.ΚΑΤΕΡΙΝΗΣ,,,,no sponsor block
6ΔΨΜ4690ΒΤ-Ξ7Κ,2025-03-19,ΠΡΟΣΘΕΤΕΣ ΕΦΗΜΕΡΙΕΣ   ΝΟΕΜΒΡΙΟΥ   /2024    ΓΙΑΤΡΟΙ  Ε.Σ.Υ    ΤΟΥ Ψ/Τ,,,,no sponsor block
9ΗΕ84690ΒΤ-Η2Ξ,2025-03-19,ΠΡΟΣΘΕΤΕΣ ΕΦΗΜΕΡΙΕΣ   ΝΟΕΜΒΡΙΟΥ   /2024    ΓΙΑΤΡΟΙ  Ε.Σ.Υ  EΙΔΙΚ/ΝΟΙ  ΤΟΥ Ψ/Τ,,,,no sponsor block
9ΥΚΔ4690ΒΤ-ΣΦΔ,2025-03-19,ΠΡΟΣΘΕΤΕΣ ΕΦΗΜΕΡΙΕΣ   ΟΚΤΩΒΡΙΟΥ   /2024    ΓΙΑΤΡΟΙ  Ε.Σ.Υ    ΤΟΥ Κ.Ψ.ΥΓΕΙΑΣ,,,,no sponsor block
Ψ3ΟΗ4690ΒΤ-8ΚΤ,2025-03-19,ΠΡΟΣΘΕΤΕΣ ΕΦΗΜΕΡΙΕΣ   ΟΚΤΩΒΡΙΟΥ   /2024    ΓΙΑΤΡΟΙ  Ε.Σ.Υ    ΤΟΥ Ψ/Τ,,,,no sponsor block
6ΙΞΛ4690ΒΤ-ΗΣΤ,2025-03-19,ΠΡΟΣΘΕΤΕΣ ΕΦΗΜΕΡΙΕΣ   ΟΚΤΩΒΡΙΟΥ   /2024    ΓΙΑΤΡΟΙ  Ε.Σ.Υ  EΙΔΙΚ/ΝΟΙ  ΤΟΥ Ψ/Τ,,,,no sponsor block
Ψ5534690ΒΤ-6Υ3,2025-03-19,ΓΙΑ ΤΗΝ ΑΞΙΑ ΠΛΗΡΩΜΗΣ ΟΔΟΙΠΟΡΙΚΩΝ ΕΞΟΔΩΝ ΚΑΙ ΗΜΕΡΗΣΙΑΣ ΑΠΟΖΗΜΙΩΣΗΣ ΥΠΑΛΛΗΛΩΝ Γ.Ν.ΚΑΤΕΡΙΝΗΣ,,,,no sponsor block
ΨΥΝΚ4690ΒΤ-Ψ9Ψ,2025-03-19,Εφαρμ διπλογραφ συστήμ.αναλυτικής λογιστι για το χρονικό διάστημα ( 01-01-25 εως 17-02-25 ) cpv 79200000-6 ( 1ο χ.ε 224/24 ),999825956,ΓΕΝΙΚΟ ΚΡΑΤΙΚΟ ΝΟΣΟΚΟΜΕΙΟ ΚΑΤΕΡΙΝΗΣ,5394.00,self-referential (payroll/EFKA/FMY remittance)
Ψ3ΚΙ4690ΒΤ-ΣΕΗ,2025-03-10,ΑΠΟΚΑΤΑΣΤΑΣΗ ΠΑΓΙΑΣ ΠΡΟΚΑΤΑΒΟΛΗΣ ΜΗΝΟΣ   ΙΑΝΟΥΑΡΙΟΥ /2025  &  ΦΕΒΡΟΥΑΡΙΟΥ /2025,,,,no sponsor block
9ΩΞΗ4690ΒΤ-ΛΛΗ,2025-03-10,ΠΡΟΣΘΕΤΕΣ ΑΜΟΙΒΕΣ  ΙΑΝΟΥΑΡΙΟΥ   /2025   12 ΜΗΝΑ Ο.Α.Ε.Δ ΔΗΜ.ΠΡΟΣΚΛΗΣΗ  Νο  10/2017,,,,no sponsor block
ΨΡΧ14690ΒΤ-ΚΗ7,2025-03-10,ΠΡΟΣΘΕΤΕΣ ΑΜΟΙΒΕΣ  ΙΑΝΟΥΑΡΙΟΥ   /2025   12 ΜΗΝΑ Ο.Α.Ε.Δ ΔΗΜ.ΠΡΟΣΚΛΗΣΗ  Νο  10/2017,,,,no sponsor block
ΨΩΙΡ4690ΒΤ-ΩΘ7,2025-03-10,ΠΡΟΣΘΕΤΕΣ ΑΜΟΙΒΕΣ  ΙΑΝΟΥΑΡΙΟΥ  /2025   12 ΜΗΝΑ Ο.Α.Ε.Δ ΔΗΜ.ΠΡΟΣΚΛΗΣΗ  Νο  13/2016,,,,no sponsor block
ΨΖΕ04690ΒΤ-Α1Ν,2025-03-10,ΤΑΚΤΙΚΗ ΜΙΣΘΟΔΟΣΙΑ   ΦΕΒΡΟΥΑΡΙΟΥ /2025  12 ΜΗΝΑ Ο.Α.Ε.Δ   ΔΗΜ.ΠΡΟΣΚΛΗΣΗ    Νο 10/2017,,,,no sponsor block
Ψ8ΕΕ4690ΒΤ-ΟΤ7,2025-03-10,ΤΑΚΤΙΚΗ ΜΙΣΘΟΔΟΣΙΑ  ΦΕΒΡΟΥΑΡΙΟΥ /2025  12 ΜΗΝΑ Ο.Α.Ε.Δ   ΔΗΜ.ΠΡΟΣΚΛΗΣΗ    Νο 13/2016,,,,no sponsor block
6ΥΔΟ4690ΒΤ-2ΡΞ,2025-03-06,ΑΠΟΖΗΜΙΩΣΗ ΕΦΗΜΕΡΙΩΝ   ΙΑΝΟΥΑΡΙΟΥ /2025     ΕΠΙΣΤΗΜΟΝΙΚΟ  ΠΡΟΣΩΠΙΚΟ  Ι.Δ  Ν.Δ  1057/80  ΤΟΥ  Ψ/ΤΟΜΕΑ,,,,no sponsor block
9Ο134690ΒΤ-Θ84,2025-03-06,ΑΠΟΖΗΜΙΩΣΗ ΕΦΗΜΕΡΙΩΝ   ΙΑΝΟΥΑΡΙΟΥ /2025     ΕΠΙΣΤΗΜΟΝΙΚΟ  ΠΡΟΣΩΠΙΚΟ  ΤΟΥ  Ψ/ΤΟΜΕΑ,,,,no sponsor block
ΨΔ1Δ4690ΒΤ-ΕΜΟ,2025-03-06,ΑΠΟΖΗΜΙΩΣΗ ΕΦΗΜΕΡΙΩΝ   ΙΑΝΟΥΑΡΙΟΥ /2025     ΕΠΙΣΤΗΜΟΝΙΚΟ  ΠΡΟΣΩΠΙΚΟ  ΤΟΥ Κ.Ψ.ΥΓΕΙΑΣ,,,,no sponsor block
ΨΥΕ24690ΒΤ-01Ρ,2025-03-06,ΠΡΟΣΘΕΤΕΣ ΑΜΟΙΒΕΣ   ΙΑΝΟΥΑΡΙΟΥ /2025    ΝΟΣΗΛΕΥΤΙΚΟ ΠΡΟΣΩΠΙΚΟ  Ν.Δ  1057/80   ΤΟΥ Ψ/ΤΟΜΕΑ,,,,no sponsor block
9ΛΙΞ4690ΒΤ-7Μ9,2025-03-06,ΠΡΟΣΘΕΤΕΣ ΑΜΟΙΒΕΣ   ΙΑΝΟΥΑΡΙΟΥ /2025    ΜΟΝΙΜΟ ΔΟΚΙΜΟ  ΒΟΗΘ. ΠΡΟΣΩΠΙΚΟ  ΤΟΥ Ψ/ΤΟΜΕΑ,,,,no sponsor block
Ψ71Κ4690ΒΤ-ΨΓΗ,2025-03-06,ΠΡΟΣΘΕΤΕΣ ΑΜΟΙΒΕΣ   ΙΑΝΟΥΑΡΙΟΥ /2025    ΤΕΧΝΙΚΟ  ΠΡΟΣΩΠΙΚΟ  ΤΟΥ Ψ/ΤΟΜΕΑ,,,,no sponsor block
9ΦΩΚ4690ΒΤ-ΗΤΖ,2025-03-06,ΠΡΟΣΘΕΤΕΣ ΑΜΟΙΒΕΣ   ΙΑΝΟΥΑΡΙΟΥ /2025     ΠΡΟΣΩΠΙΚΟ  ΕΠΙ ΣΧΕΣΕΙ ΕΡΓΑΣΙΑΣ  Ι.Δ.Α.Χ    ΤΟΥ Ψ/ΤΟΜΕΑ,,,,no sponsor block
965Ψ4690ΒΤ-ΙΤΔ,2025-03-06,ΠΡΟΣΘΕΤΕΣ ΑΜΟΙΒΕΣ   ΙΑΝΟΥΑΡΙΟΥ /2025    ΝΕΟΠΡΟΣΛΑΜΒΑΝΟΜΕΝΟΙ Ο.Α.Ε.Δ  ( 55-67 ) ΤΟΥ Ψ/ΤΟΜΕΑ,,,,no sponsor block
9ΠΩΤ4690ΒΤ-ΝΣΓ,2025-03-06,ΠΡΟΣΘΕΤΕΣ ΑΜΟΙΒΕΣ   ΙΑΝΟΥΑΡΙΟΥ /2025    ΕΠΙΚΟΥΡΙΚΟ ΤΡΙΜΗΝΟ COVID   ΠΡΟΣΩΠΙΚΟ  ΤΟΥ Ψ/ΤΟΜΕΑ,,,,no sponsor block
9ΓΒ54690ΒΤ-ΤΙ8,2025-03-06,ΠΡΟΣΘΕΤΕΣ ΑΜΟΙΒΕΣ   ΙΑΝΟΥΑΡΙΟΥ /2025     ΕΠΙΚΟΥΡΙΚΟ  ΠΡΟΣΩΠΙΚΟ  ΤΟΥ Ψ/ΤΟΜΕΑ,,,,no sponsor block
ΨΞΨ24690ΒΤ-ΥΚ2,2025-03-06,ΠΡΟΣΘΕΤΕΣ ΑΜΟΙΒΕΣ   ΙΑΝΟΥΑΡΙΟΥ /2025    ΝΟΣΗΛΕΥΤΙΚΟ ΠΡΟΣΩΠΙΚΟ  ΤΟΥ Ψ/ΤΟΜΕΑ,,,,no sponsor block
ΨΝΛΙ4690ΒΤ-8ΛΣ,2025-03-05,ΑΠΟΖΗΜΙΩΣΗ ΕΦΗΜΕΡΙΩΝ    ΙΑΝΟΥΑΡΙΟΥ /2025     ΕΠΙΣΤΗΜΟΝΙΚΟ   ΠΡΟΣΩΠΙΚΟ,,,,no sponsor block
6Ι994690ΒΤ-ΜΗΛ,2025-03-05,ΑΠΟΖΗΜΙΩΣΗ ΕΦΗΜΕΡΙΩΝ    ΙΑΝΟΥΑΡΙΟΥ /2025     ΕΠΙΣΤΗΜΟΝΙΚΟ   ΠΡΟΣΩΠΙΚΟ,,,,no sponsor block
ΡΙΖΓ4690ΒΤ-ΣΒΑ,2025-03-05,ΠΡΟΣΘΕΤΕΣ ΑΜΟΙΒΕΣ   ΙΑΝΟΥΑΡΙΟΥ /2025       ΠΡΟΣΩΠΙΚΟ  Ι.Δ  Ν.2470/96,,,,no sponsor block
9ΨΙΜ4690ΒΤ-ΑΔΘ,2025-03-05,ΠΡΟΣΘΕΤΕΣ ΑΜΟΙΒΕΣ   ΙΑΝΟΥΑΡΙΟΥ /2025     ΝΟΣΗΛΕΥΤΙΚΟ   ΠΡΟΣΩΠΙΚΟ  Ν.Δ 1057/80,,,,no sponsor block
ΨΨΚΨ4690ΒΤ-ΠΟΞ,2025-03-05,ΠΡΟΣΘΕΤΕΣ ΑΜΟΙΒΕΣ   ΙΑΝΟΥΑΡΙΟΥ /2025       ΠΡΟΣΩΠΙΚΟ  ΕΠΙ ΣΧΕΣΕΙ ΕΡΓΑΣΙΑΣ Ι.Δ.Α.Χ,,,,no sponsor block
Ρ7Ω54690ΒΤ-ΥΙ0,2025-03-05,ΠΡΟΣΘΕΤΕΣ ΑΜΟΙΒΕΣ   ΙΑΝΟΥΑΡΙΟΥ /2025     ΑΠΟΣΠΑΣΜΕΝΟΙ,,,,no sponsor block
ΡΒΨΜ4690ΒΤ-Η14,2025-03-05,ΠΡΟΣΘΕΤΕΣ ΑΜΟΙΒΕΣ   ΙΑΝΟΥΑΡΙΟΥ /2025     ΜΟΝΙΜΟ ΔΟΚΙΜΟ   ΠΡΟΣΩΠΙΚΟ  ΕΙΔ. ΘΕΣΕΩΝ,,,,no sponsor block
ΨΙ834690ΒΤ-Ο2Φ,2025-03-05,ΠΡΟΣΘΕΤΕΣ ΑΜΟΙΒΕΣ   ΙΑΝΟΥΑΡΙΟΥ /2025     ΜΟΝΙΜΟ -ΔΟΚΙΜΟ ΒΟΗΘ.   ΠΡΟΣΩΠΙΚΟ,,,,no sponsor block
ΨΡ8Ξ4690ΒΤ-94Β,2025-03-05,ΠΡΟΣΘΕΤΕΣ ΑΜΟΙΒΕΣ   ΙΑΝΟΥΑΡΙΟΥ /2025     ΔΙΟΙΚΗΤΙΚΟ   ΠΡΟΣΩΠΙΚΟ,,,,no sponsor block
9ΠΞ84690ΒΤ-ΑΤΣ,2025-03-05,ΠΡΟΣΘΕΤΕΣ ΑΜΟΙΒΕΣ   ΙΑΝΟΥΑΡΙΟΥ /2025     ΝΕΟΠΡΟΣΛΑΜΒΑΝΟΜΕΝΟΙ Ο.Α.Ε.Δ  ( 55-67  ),,,,no sponsor block
6Μ9Μ4690ΒΤ-ΞΓΒ,2025-03-05,ΠΡΟΣΘΕΤΕΣ ΑΜΟΙΒΕΣ   ΙΑΝΟΥΑΡΙΟΥ /2025     ΕΠΙΚΟΥΡΙΚΟ  ΤΡΙΜΗΝΟ  COVID   ΠΡΟΣΩΠΙΚΟ,,,,no sponsor block
98ΖΡ4690ΒΤ-5Ξ8,2025-03-05,ΠΡΟΣΘΕΤΕΣ ΑΜΟΙΒΕΣ   ΙΑΝΟΥΑΡΙΟΥ /2025     ΝΕΟΠΡΟΣΛΑΜΒΑΝΟΜΕΝΟΙ  Ο.Α.Ε.Δ  ( 55-67 ),,,,no sponsor block
9ΝΑΡ4690ΒΤ-ΕΚΒ,2025-03-05,ΠΡΟΣΘΕΤΕΣ ΑΜΟΙΒΕΣ   ΙΑΝΟΥΑΡΙΟΥ /2025     ΕΠΙΚΟΥΡΙΚΟ  ΠΡΟΣΩΠΙΚΟ,,,,no sponsor block
ΨΡΖΠ4690ΒΤ-ΘΛΛ,2025-03-05,ΠΡΟΣΘΕΤΕΣ ΑΜΟΙΒΕΣ   ΙΑΝΟΥΑΡΙΟΥ /2025    ΝΟΣΗΛΕΥΤΙΚΟ ΠΡΟΣΩΠΙΚΟ,,,,no sponsor block
ΨΣ0Ο4690ΒΤ-Φ20,2025-03-05,ΓΙΑ ΤΗΝ ΑΞΙΑ ΠΛΗΡΩΜΗΣ ΟΔΟΙΠΟΡΙΚΩΝ ΕΞΟΔΩΝ ΚΑΙ ΗΜΕΡΗΣΙΑΣ ΑΠΟΖΗΜΙΩΣΗΣ ΥΠΑΛΛΗΛΩΝ Γ.Ν.ΚΑΤΕΡΙΝΗΣ,,,,no sponsor block
ΡΨΦ74690ΒΤ-Π05,2025-03-04,ΚΡΑΤΗΣΕΙΣ,,,,no sponsor block
Ρ6ΜΥ4690ΒΤ-7Ι0,2025-02-26,ΠΛΗΡΩΜΗ ΙΑΤΡΩΝ ΓΙΑ ΤΗΝ ΟΛΟΗΜΕΡΗ ΛΕΙΤΟΥΡΓΙΑ ΤΟΥ ΝΟΣΟΚΟΜΕΙΟΥ ΜΗΝΟΣ  ΙΑΝΟΥΑΡΙΟΥ  2025,,,,no sponsor block
ΡΟΔ44690ΒΤ-Π7Ω,2025-02-26,ΠΛΗΡΩΜΗ ΠΡΟΣΩΠΙΚΟΥ ΑΠΟ ΤΗΝ ΟΛΟΗΜΕΡΗ ΛΕΙΤΟΥΡΓΙΑ ΤΟΥ ΝΟΣΟΚΟΜΕΙΟ ΜΗΝΟΣ  ΙΑΝΟΥΑΡΙΟΥ 2025,,,,no sponsor block
9ΔΨΦ4690ΒΤ-Ζ79,2025-02-26,ΤΑΚΤΙΚΕΣ ΕΦΗΜΕΡΙΕΣ  ΙΑΝΟΥΑΡΙΟΥ /2025   ΓΙΑΤΡΟΙ Ε.Σ.Υ    ΤΟΥ Κ.Ψ.ΥΓΕΙΑΣ,,,,no sponsor block
9ΝΩ94690ΒΤ-Β35,2025-02-26,ΤΑΚΤΙΚΕΣ ΕΦΗΜΕΡΙΕΣ  ΙΑΝΟΥΑΡΙΟΥ /2025   ΓΙΑΤΡΟΙ Ε.Σ.Υ    ΤΟΥ Ψ/Τ,,,,no sponsor block
606Ζ4690ΒΤ-ΟΛΨ,2025-02-26,ΤΑΚΤΙΚΕΣ ΕΦΗΜΕΡΙΕΣ  ΙΑΝΟΥΑΡΙΟΥ /2025   ΓΙΑΤΡΟΙ Ε.Σ.Υ  ΕΙΔΙΚ/ΝΟΙ  ΤΟΥ Ψ/Τ,,,,no sponsor block
93ΖΟ4690ΒΤ-ΤΛΓ,2025-02-26,ΤΑΚΤΙΚΕΣ ΕΦΗΜΕΡΙΕΣ  ΙΑΝΟΥΑΡΙΟΥ /2025   ΓΙΑΤΡΟΙ Ε.Σ.Υ  ΕΙΔ/ΝΟΙ,,,,no sponsor block
ΨΥΝΥ4690ΒΤ-ΕΧ2,2025-02-26,ΤΑΚΤΙΚΕΣ ΕΦΗΜΕΡΙΕΣ  ΙΑΝΟΥΑΡΙΟΥ /2025   ΑΓΡΟΤΙΚΟΙ ΙΑΤΡΟΙ,,,,no sponsor block
ΨΜ1Σ4690ΒΤ-73Α,2025-02-26,ΤΑΚΤΙΚΕΣ ΕΦΗΜΕΡΙΕΣ  ΙΑΝΟΥΑΡΙΟΥ /2025   EΠΙΚΟΥΡΙΚΟΙ  Ε.Σ.Υ,,,,no sponsor block
Ψ3ΑΒ4690ΒΤ-ΓΧΙ,2025-02-26,ΤΑΚΤΙΚΕΣ  ΕΦΗΜΕΡΙΕΣ   ΙΑΝΟΥΑΡΙΟΥ   /2025   ΕΠΙΚΟΥΡΙΚΟΙ  Ε.Σ.Υ,,,,no sponsor block
ΨΒΕ04690ΒΤ-ΠΑΡ,2025-02-26,ΤΑΚΤΙΚΕΣ ΕΦΗΜΕΡΙΕΣ  ΙΑΝΟΥΑΡΙΟΥ /2025   ΓΙΑΤΡΟΙ Ε.Σ.Υ,,,,no sponsor block
Ψ6Η64690ΒΤ-ΚΘΕ,2025-02-26,ΤΑΚΤΙΚΗ ΜΙΣΘΟΔΟΣΙΑ ΜΕΤΑΠ/ΤΕΩΝ   ΙΑΝΟΥΑΡΙΟΣ  /2025   ΑΜΙΣΘΟΙ ΤΕΕ ( ΕΠΑΛ ) Γ.Ν.Κ.,,,,no sponsor block
60ΠΝ4690ΒΤ-Ρ2Ψ,2025-02-26,ΤΑΚΤΙΚΗ ΜΙΣΘΟΔΟΣΙΑ  ΙΑΝΟΥΑΡΙΟΥ /2025  ΑΣΚΟΥΜΕΝΟΙ Ο.Α.Ε.Δ,,,,no sponsor block
6ΘΒ64690ΒΤ-152,2025-02-26,ΤΑΚΤΙΚΗ ΜΙΣΘΟΔΟΣΙΑ ΜΕΤΑΠ/ΤΕΩΝ     ΦΕΒΡΟΥΑΡΙΟΥ  /2025   ΑΜΙΣΘΟΙ ΤΕΕ (ΔΙΕΚ) Γ.Ν.Κ.,,,,no sponsor block
9Σ9Ω4690ΒΤ-ΞΤΒ,2025-02-26,ΤΑΚΤΙΚΗ ΜΙΣΘΟΔΟΣΙΑ ΜΕΤΑΠ/ΤΕΩΝ   ΦΕΒΡΟΥΑΡΙΟΥ /2025  ΣΠΟΥΔΑΣΤΕΣ ΠΟΥ ΑΣΚΟΥΝΤΑΙ Τ.Ε.Ι,,,,no sponsor block
6ΣΗ74690ΒΤ-4Δ6,2025-02-26,ΤΑΚΤΙΚΗ ΜΙΣΘΟΔΟΣΙΑ ΜΕΤΑΠ/ΤΕΩΝ   ΦΕΒΡΟΥΑΡΙΟΥ /2025   ΕΠΙΣΤΗΜΟΝΙΚΟ  ΠΡΟΣΩΠΙΚΟ,,,,no sponsor block
Ψ5ΦΕ4690ΒΤ-Χ96,2025-02-26,ΤΑΚΤΙΚΗ ΜΙΣΘΟΔΟΣΙΑ ΜΕΤΑΠ/ΤΕΩΝ   ΦΕΒΡΟΥΑΡΙΟΣ  /2025   ΝΕΟΠΡΟΣΛΑΜΒΑΝΟΜΕΝΟΙ Ο.Α.Ε.Δ ( ΝΕΟΙ ),,,,no sponsor block
96ΧΜ4690ΒΤ-ΓΤΠ,2025-02-26,ΤΑΚΤΙΚΗ ΜΙΣΘΟΔΟΣΙΑ ΜΕΤΑΠ/ΤΕΩΝ   ΦΕΒΡΟΥΑΡΙΟΥ  /2025   ΝΕΟΠΡΟΣΛΑΜΒΑΝΟΜΕΝΟΙ Ο.Α.Ε.Δ ( ΠΑΛΙΟΙ ),,,,no sponsor block
6ΝΞΚ4690ΒΤ-ΗΟ6,2025-02-26,ΤΑΚΤΙΚΗ ΜΙΣΘΟΔΟΣΙΑ ΜΕΤΑΠ/ΤΕΩΝ   ΦΕΒΡΟΥΑΡΙΟΥ  /2025   ΕΠΙΚΟΥΡΙΚΟ ΤΡΙΜΗΝΟ ΠΡΟΣΩΠΙΚΟ,,,,no sponsor block
ΨΜΗΜ4690ΒΤ-Ω9Υ,2025-02-26,ΤΑΚΤΙΚΗ ΜΙΣΘΟΔΟΣΙΑ ΜΕΤΑΠ/ΤΕΩΝ   ΦΕΒΡΟΥΑΡΙΟΥ /2025   ΕΠΙΚΟΥΡΙΚΟΙ  Ε.Σ.Υ,,,,no sponsor block
Ψ6ΚΜ4690ΒΤ-Λ6Φ,2025-02-26,ΤΑΚΤΙΚΗ ΜΙΣΘΟΔΟΣΙΑ ΜΕΤΑΠ/ΤΕΩΝ   ΦΕΒΡΟΥΑΡΙΟΥ  /2025   EΠΙΚΟΥΡΙΚΟΙ Ε.Σ.Υ,,,,no sponsor block
ΨΙΥΤ4690ΒΤ-ΣΛΜ,2025-02-26,ΤΑΚΤΙΚΗ ΜΙΣΘΟΔΟΣΙΑ ΜΕΤΑΠ/ΤΕΩΝ   ΦΕΒΡΟΥΑΡΙΟΥ   /2025   ΕΠΙΚΟΥΡΙΚΟ ΠΡΟΣΩΠΙΚΟ,,,,no sponsor block
6ΖΔΨ4690ΒΤ-Φ4Κ,2025-02-26,ΑΠΟΔΟΣΗ ΚΡΑΤΗΣΕΩΝ ΑΠΟ ΠΛΗΡΩΜΗ ΜΕΣΩ ΕΑΠ ΓΙΑ ΑΠΟΓΕΥΜΑΤΙΝΑ ΙΑΤΡΕΙΑ ΜΗΝΟΣ ΦΕΒΡΟΥΑΡΙΟΥ  2025,,,,no sponsor block
ΨΩ354690ΒΤ-Φ2Μ,2025-02-26,ΑΠΟΔΟΣΗ ΚΡΑΤΗΣΕΩΝ ΑΠΟ ΠΛΗΡΩΜΗ ΜΕΣΩ ΕΑΠ ΜΗΝΟΣ  ΦΕΒΡΟΥΑΡΙΟΥ 2025,,,,no sponsor block
9ΙΒΠ4690ΒΤ-5ΥΓ,2025-02-25,Μισθοδοσία ιατρού παθολόγου-ογκολόγου μηνός  Δεκεμβρίου /2024   CPV 85100000-0     (  1o X.E 1682/2024  ),,,,no sponsor block
95Ε24690ΒΤ-ΔΦΡ,2025-02-24,ΓΙΑ ΤΗΝ ΑΞΙΑ ΠΛΗΡΩΜΗΣ ΟΔΟΙΠΟΡΙΚΩΝ ΕΞΟΔΩΝ ΚΑΙ ΗΜΕΡΗΣΙΑΣ ΑΠΟΖΗΜΙΩΣΗΣ ΥΠΑΛΛΗΛΩΝ Γ.Ν.ΚΑΤΕΡΙΝΗΣ,,,,no sponsor block
ΨΔΨ14690ΒΤ-ΙΡΝ,2025-02-20,ΜΙΣΘΟΛΟΓΙΚΗ ΚΑΤΑΣΤΑΣΗ ΤΕΧΝΟΛΟΓΩΝ ΑΠΕΙΚΟΝΙΣΤΙΚΟΥ ΕΡΓΑΣΤΗΡΙΟΥ ΜΗΝΟΣ   ΔΕΚΕΜΒΡΙΟΥ  2024,,,,no sponsor block
ΨΔΙΖ4690ΒΤ-ΖΕΝ,2025-02-20,ΜΙΣΘΟΛΟΓΙΚΗ ΚΑΤΑΣΤΑΣΗ ΙΑΤΡΩΝ ΑΠΕΙΚΟΝΙΣΤΙΚΟΥ ΕΡΓΑΣΤΗΡΙΟΥ ΜΗΝΟΣ  ΔΕΚΕΜΒΡΙΟΥ 2024,,,,no sponsor block
9ΝΨΔ4690ΒΤ-221,2025-02-20,ΠΛΗΡΩΜΗ ΠΡΟΣΩΠΙΚΟΥ ΑΠΟ ΤΗΝ ΟΛΟΗΜΕΡΗ ΛΕΙΤΟΥΡΓΙΑ ΤΟΥ ΝΟΣΟΚΟΜΕΙΟ ΜΗΝΟΣ  ΔΕΚΕΜΒΡΙΟΥ 2024,,,,no sponsor block
6ΤΝ54690ΒΤ-Θ5Γ,2025-02-20,ΠΛΗΡΩΜΗ ΙΑΤΡΩΝ ΓΙΑ ΤΗΝ ΟΛΟΗΜΕΡΗ ΛΕΙΤΟΥΡΓΙΑ ΤΟΥ ΝΟΣΟΚΟΜΕΙΟΥ ΜΗΝΟΣ  ΔΕΚΕΜΒΡΙΟΥ  2024,,,,no sponsor block
ΨΑ9Ζ4690ΒΤ-979,2025-02-18,ΓΙΑ ΤΗΝ ΑΞΙΑ ΠΛΗΡΩΜΗΣ ΟΔΟΙΠΟΡΙΚΩΝ ΕΞΟΔΩΝ ΚΑΙ ΗΜΕΡΗΣΙΑΣ ΑΠΟΖΗΜΙΩΣΗΣ ΥΠΑΛΛΗΛΩΝ Γ.Ν.ΚΑΤΕΡΙΝΗΣ,,,,no sponsor block
Ψ8Ξ54690ΒΤ-5Μ4,2025-02-07,Ηλεκτρονικός ανοικτός διαγωνισμός προιόντων διατροφής 11ος-12ος /2024  cpv 15800000-6     ( 1o X.E 1819/2023 )ΑΡ. ΑΠΟΦ.20/27-7-,999825956,ΓΕΝΙΚΟ ΚΡΑΤΙΚΟ ΝΟΣΟΚΟΜΕΙΟ ΚΑΤΕΡΙΝΗΣ,6996.42,self-referential (payroll/EFKA/FMY remittance)
9Ξ524690ΒΤ-8Φ0,2025-02-06,ΠΡΟΣΘΕΤΕΣ ΑΜΟΙΒΕΣ  ΔΕΚΕΜΒΡΙΟΥ  /2024   12 ΜΗΝΑ Ο.Α.Ε.Δ ΔΗΜ.ΠΡΟΣΚΛΗΣΗ  Νο  13/2016,,,,no sponsor block
65ΥΗ4690ΒΤ-8ΟΨ,2025-02-06,ΠΡΟΣΘΕΤΕΣ ΑΜΟΙΒΕΣ  ΔΕΚΕΜΒΡΙΟΥ  /2024 12 ΜΗΝΑ Ο.Α.Ε.Δ ΔΗΜ.ΠΡΟΣΚΛΗΣΗ  Νο  10/2017,,,,no sponsor block
9ΓΟ34690ΒΤ-Δ94,2025-02-06,ΤΑΚΤΙΚΗ ΜΙΣΘΟΔΟΣΙΑ  ΙΑΝΟΥΑΡΙΟΥ /2025  12 ΜΗΝΑ Ο.Α.Ε.Δ   ΔΗΜ.ΠΡΟΣΚΛΗΣΗ    Νο 13/2016,,,,no sponsor block
Ψ7Ι24690ΒΤ-ΙΒ1,2025-02-06,ΤΑΚΤΙΚΗ ΜΙΣΘΟΔΟΣΙΑ  ΙΑΝΟΥΑΡΙΟΥ /2025  12 ΜΗΝΑ Ο.Α.Ε.Δ   ΔΗΜ.ΠΡΟΣΚΛΗΣΗ    Νο 13/2016,,,,no sponsor block
9Ψ394690ΒΤ-3Φ2,2025-02-06,ΤΑΚΤΙΚΗ ΜΙΣΘΟΔΟΣΙΑ  ΙΑΝΟΥΑΡΙΟΥ /2025  12 ΜΗΝΑ Ο.Α.Ε.Δ   ΔΗΜ.ΠΡΟΣΚΛΗΣΗ    Νο 10/2017,,,,no sponsor block
6ΓΔΓ4690ΒΤ-5ΞΚ,2025-02-06,Ηλεκτρονικός ανοικτός διαγωνισμός προιόντων διατροφής 12ος/2024  cpv 15800000-6     ( 1o X.E 1819/2023 ) ΠΡΑΚ.23/18-11-24,999825956,ΓΕΝΙΚΟ ΚΡΑΤΙΚΟ ΝΟΣΟΚΟΜΕΙΟ ΚΑΤΕΡΙΝΗΣ,901.99,self-referential (payroll/EFKA/FMY remittance)
ΨΓΕ94690ΒΤ-ΝΡΘ,2025-02-03,ΑΠΟΔΟΣΗ ΚΡΑΤΗΣΕΩΝ ΑΠΟ ΠΛΗΡΩΜΗ ΠΡΟΜΗΘΕΥΤΩΝ ΜΗΝΟΣ ΙΑΝΟΥΑΡΙΟΥ 2025,,,,no sponsor block
6Η7Γ4690ΒΤ-3ΝΩ,2025-01-31,ΑΠΟΖΗΜΙΩΣΗ ΕΦΗΜΕΡΙΩΝ ΔΕΚΕΜΒΡΙΟΥ/2024 ΕΠΙΣΤΗΜΟΝΙΚΟ ΠΡΟΣΩΠΙΚΟ  Ι.Δ  Ν.Δ 1057/80 ΤΟΥ Ψ/ΤΟΜΕΑ,,,,no sponsor block
9ΕΕΨ4690ΒΤ-Ο1Ο,2025-01-31,ΑΠΟΖΗΜΙΩΣΗ ΕΦΗΜΕΡΙΩΝ ΔΕΚΕΜΒΡΙΟΥ/2024 ΕΠΙΣΤΗΜΟΝΙΚΟ ΠΡΟΣΩΠΙΚΟ ΤΟΥ  Ψ/ΤΟΜΕΑ,,,,no sponsor block
9Η9Τ4690ΒΤ-ΓΛ5,2025-01-31,ΠΡΟΣΘΕΤΕΣ ΑΜΟΙΒΕΣ ΔΕΚΕΜΒΡΙΟΥ/2024   ΝΟΣΗΛΕΥΤΙΚΟ ΠΡΟΣΩΠΙΚΟ  Ν.Δ 1057/80 ΤΟΥ Ψ/Τ,,,,no sponsor block
61ΨΛ4690ΒΤ-5ΦΜ,2025-01-31,ΠΡΟΣΘΕΤΕΣ ΑΜΟΙΒΕΣ ΔΕΚΕΜΒΡΙΟΥ/2024   ΝΟΣΗΛΕΥΤΙΚΟ ΠΡΟΣΩΠΙΚΟ  Ν.Δ 1057/80 ΤΟΥ Ψ/Τ,,,,no sponsor block
ΨΚΘΝ4690ΒΤ-ΡΝΚ,2025-01-31,ΠΡΟΣΘΕΤΕΣ ΑΜΟΙΒΕΣ ΔΕΚΕΜΒΡΙΟΥ/2024   ΤΕΧΝΙΚΟ  ΠΡΟΣΩΠΙΚΟ ΤΟΥ Ψ/Τ,,,,no sponsor block
6ΥΘΞ4690ΒΤ-Φ10,2025-01-31,ΠΡΟΣΘΕΤΕΣ ΑΜΟΙΒΕΣ ΔΕΚΕΜΒΡΙΟΥ/2024    ΜΟΝΙΜΟ -ΔΟΚΙΜΟ -ΒΟΗΘ.  ΠΡΟΣΩΠΙΚΟ ΤΟΥ Ψ/Τ,,,,no sponsor block
ΨΡΓΕ4690ΒΤ-6ΧΙ,2025-01-31,ΠΡΟΣΘΕΤΕΣ ΑΜΟΙΒΕΣ ΔΕΚΕΜΒΡΙΟΥ/2024     ΠΡΟΣΩΠΙΚΟ ΕΠΙ ΣΧΕΣΕΙ ΕΡΓΑΣΙΑΣ   Ι.Δ.Α.Χ   ΤΟΥ Ψ/Τ,,,,no sponsor block
9ΥΥΤ4690ΒΤ-ΛΘΝ,2025-01-31,ΠΡΟΣΘΕΤΕΣ ΑΜΟΙΒΕΣ ΔΕΚΕΜΒΡΙΟΥ/2024   ΝΕΟΠΡΟΣΛΑΜΒΑΝΟΜΕΝΟΙ  ΤΟΥ Ψ/Τ,,,,no sponsor block
6ΤΑ34690ΒΤ-ΛΥ3,2025-01-31,ΠΡΟΣΘΕΤΕΣ ΑΜΟΙΒΕΣ ΔΕΚΕΜΒΡΙΟΥ/2024   ΕΠΙΚΟΥΡΙΚΟ  ΠΡΟΣΩΠΙΚΟ ΤΟΥ Ψ/Τ,,,,no sponsor block
ΨΒΚΡ4690ΒΤ-Χ1Λ,2025-01-31,ΠΡΟΣΘΕΤΕΣ ΑΜΟΙΒΕΣ ΔΕΚΕΜΒΡΙΟΥ/2024    ΕΠΙΚΟΥΡΙΚΟ  ΠΡΟΣΩΠΙΚΟ ΤΟΥ Ψ/Τ,,,,no sponsor block
ΨΒΕΧ4690ΒΤ-ΑΩΔ,2025-01-31,ΠΡΟΣΘΕΤΕΣ ΑΜΟΙΒΕΣ ΔΕΚΕΜΒΡΙΟΥ/2024   ΝΟΣΗΛΕΥΤΙΚΟ ΠΡΟΣΩΠΙΚΟ ΤΟΥ Ψ/Τ,,,,no sponsor block
9Β6Η4690ΒΤ-ΩΨΠ,2025-01-31,ΑΠΟΖΗΜΙΩΣΗ ΕΦΗΜΕΡΙΩΝ ΔΕΚΕΜΒΡΙΟΥ/2024   ΕΠΙΣΤΗΜΟΝΙΚΟ  ΠΡΟΣΩΠΙΚΟ,,,,no sponsor block
ΡΩΜΞ4690ΒΤ-ΦΓ2,2025-01-31,ΑΠΟΖΗΜΙΩΣΗ ΕΦΗΜΕΡΙΩΝ ΔΕΚΕΜΒΡΙΟΥ/2024   ΕΠΙΣΤΗΜΟΝΙΚΟ  ΠΡΟΣΩΠΙΚΟ,,,,no sponsor block
93ΝΧ4690ΒΤ-Ψ2Δ,2025-01-31,ΠΡΟΣΘΕΤΕΣ ΑΜΟΙΒΕΣ   ΔΕΚΕΜΒΡΙΟΥ /2024    ΔΙΟΙΚΗΤΙΚΟ  ΠΡΟΣΩΠΙΚΟ,,,,no sponsor block
65424690ΒΤ-9ΘΔ,2025-01-31,ΠΡΟΣΘΕΤΕΣ ΑΜΟΙΒΕΣ   ΔΕΚΕΜΒΡΙΟΥ /2024     ΠΡΟΣΩΠΙΚΟ  Ι.Δ Ν.2470/96,,,,no sponsor block
Ψ4Θ44690ΒΤ-5ΕΗ,2025-01-31,ΠΡΟΣΘΕΤΕΣ ΑΜΟΙΒΕΣ   ΔΕΚΕΜΒΡΙΟΥ /2024    ΠΡΟΣΩΠΙΚΟ  ΕΠΙ ΣΧΕΣΕΙ ΕΡΓΑΣΙΑΣ Ι.Δ.Α.Χ,,,,no sponsor block
6ΣΨ84690ΒΤ-Ρ70,2025-01-31,ΠΡΟΣΘΕΤΕΣ ΑΜΟΙΒΕΣ   ΔΕΚΕΜΒΡΙΟΥ /2024    ΝΟΣΗΛΕΥΤΙΚΟ  ΠΡΟΣΩΠΙΚΟ Ν.Δ 1057/80,,,,no sponsor block
ΨΛΕΩ4690ΒΤ-Α5Χ,2025-01-31,ΠΡΟΣΘΕΤΕΣ ΑΜΟΙΒΕΣ   ΔΕΚΕΜΒΡΙΟΥ /2024    ΜΟΝΙΜΟ-ΔΟΚΙΜΟ -ΒΟΗΘ.  ΠΡΟΣΩΠΙΚΟ,,,,no sponsor block
9ΒΡ04690ΒΤ-ΡΝΧ,2025-01-31,ΠΡΟΣΘΕΤΕΣ ΑΜΟΙΒΕΣ   ΔΕΚΕΜΒΡΙΟΥ /2024   ΕΠΙΚΟΥΡΙΚΟ ΠΡΟΣΩΠΙΚΟ,,,,no sponsor block
9Κ9Φ4690ΒΤ-ΘΒΞ,2025-01-31,ΠΡΟΣΘΕΤΕΣ ΑΜΟΙΒΕΣ   ΔΕΚΕΜΒΡΙΟΥ /2024    ΕΠΙΚΟΥΡΙΚΟ ΤΡΙΜΗΝΟ  ΠΡΟΣΩΠΙΚΟ,,,,no sponsor block
6ΗΦΟ4690ΒΤ-Λ52,2025-01-31,ΠΡΟΣΘΕΤΕΣ ΑΜΟΙΒΕΣ   ΔΕΚΕΜΒΡΙΟΥ /2024   ΝΕΟΠΡΟΣΛΑΜΒΑΝΟΜΕΝΟΙ Ο.Α.Ε.Δ..(55-67  ΝΕΟΙ  ),,,,no sponsor block
Ρ7ΥΓ4690ΒΤ-ΕΣ3,2025-01-31,ΠΡΟΣΘΕΤΕΣ ΑΜΟΙΒΕΣ   ΔΕΚΕΜΒΡΙΟΥ /2024   ΝΕΟΠΡΟΣΛΑΜΒΑΝΟΜΕΝΟΙ Ο.Α.Ε.Δ..(55-67 ΠΑΛΙΟΙ ),,,,no sponsor block
6ΚΘΒ4690ΒΤ-1ΜΔ,2025-01-31,ΠΡΟΣΘΕΤΕΣ ΑΜΟΙΒΕΣ   ΔΕΚΕΜΒΡΙΟΥ /2024   ΑΠΟΣΠΑΣΜΕΝΟΙ,,,,no sponsor block
60ΛΧ4690ΒΤ-Υ0Θ,2025-01-31,ΠΡΟΣΘΕΤΕΣ ΑΜΟΙΒΕΣ   ΔΕΚΕΜΒΡΙΟΥ /2024    ΜΟΝΙΜΟ-ΔΟΚΙΜΟ  ΠΡΟΣΩΠΙΚΟ  ΕΙΔ.ΘΕΣΕΩΝ,,,,no sponsor block
9ΤΜΔ4690ΒΤ-0ΨΓ,2025-01-31,ΠΡΟΣΘΕΤΕΣ ΑΜΟΙΒΕΣ   ΔΕΚΕΜΒΡΙΟΥ /2024   ΝΟΣΗΛΕΥΤΙΚΟ ΠΡΟΣΩΠΙΚΟ,,,,no sponsor block
Ρ7974690ΒΤ-ΕΕΠ,2025-01-31,ΠΡΟΣΘΕΤΕΣ ΕΦΗΜΕΡΙΕΣ   ΣΕΠΤΕΜΒΡΙΟΥ   /2024  ΓΙΑΤΡΟΙ Ε.Σ.Υ  ΤΟΥ Ψ/Τ,,,,no sponsor block
Ψ43Σ4690ΒΤ-ΛΘΖ,2025-01-31,ΠΡΟΣΘΕΤΕΣ ΕΦΗΜΕΡΙΕΣ   ΣΕΠΤΕΜΒΡΙΟΥ   /2024   ΕΠΙΚΟΥΡΙΚΟΙ  Ε.Σ.Υ,,,,no sponsor block
ΨΟΙΝ4690ΒΤ-8Ρ7,2025-01-31,ΠΡΟΣΘΕΤΕΣ ΕΦΗΜΕΡΙΕΣ   ΣΕΠΤΕΜΒΡΙΟΥ   /2024   EΠΙΚΟΥΡΙΚΟΙ   Ε.Σ.Υ,,,,no sponsor block
63ΩΑ4690ΒΤ-9ΛΖ,2025-01-31,ΠΡΟΣΘΕΤΕΣ ΕΦΗΜΕΡΙΕΣ   ΣΕΠΤΕΜΒΡΙΟΥ   /2024  ΓΙΑΤΡΟΙ Ε.Σ.Υ  ΕΙΔ/ΝΟΙ,,,,no sponsor block
9Ζ8Ι4690ΒΤ-1Μ0,2025-01-31,ΠΡΟΣΘΕΤΕΣ ΕΦΗΜΕΡΙΕΣ   ΣΕΠΤΕΜΒΡΙΟΥ   /2024  ΓΙΑΤΡΟΙ Ε.Σ.Υ,,,,no sponsor block
ΨΣΨΞ4690ΒΤ-8ΡΞ,2025-01-31,ΤΑΚΤΙΚΕΣ ΕΦΗΜΕΡΙΕΣ ΔΕΚΕΜΒΡΙΟΥ/2024  ΓΙΑΤΡΟΙ Ε.Σ.Υ ΤΟΥ Κ.Ψ.Υ,,,,no sponsor block
9ΨΑΗ4690ΒΤ-Ν16,2025-01-31,ΤΑΚΤΙΚΕΣ ΕΦΗΜΕΡΙΕΣ ΔΕΚΕΜΒΡΙΟΥ/2024  ΓΙΑΤΡΟΙ Ε.Σ.Υ ΤΟΥ Ψ/Τ,,,,no sponsor block
99Ε94690ΒΤ-ΧΡ8,2025-01-31,ΤΑΚΤΙΚΕΣ ΕΦΗΜΕΡΙΕΣ ΔΕΚΕΜΒΡΙΟΥ/2024  ΓΙΑΤΡΟΙ Ε.Σ.Υ ΕΙΔΙΚ/ΝΟΙ  ΤΟΥ Ψ/Τ,,,,no sponsor block
94ΝΧ4690ΒΤ-ΡΣΠ,2025-01-31,ΤΑΚΤΙΚΕΣ ΕΦΗΜΕΡΙΕΣ ΔΕΚΕΜΒΡΙΟΥ/2024   ΕΠΙΚΟΥΡΙΚΟΙ   Ε.Σ.Υ,,,,no sponsor block
ΨΙ9Λ4690ΒΤ-ΘΧΚ,2025-01-31,ΤΑΚΤΙΚΕΣ ΕΦΗΜΕΡΙΕΣ ΔΕΚΕΜΒΡΙΟΥ/2024  ΓΙΑΤΡΟΙ Ε.Σ.Υ ΕΠΙΚΟΥΡΙΚΟΙ,,,,no sponsor block
61Η24690ΒΤ-ΞΤΞ,2025-01-31,ΤΑΚΤΙΚΕΣ ΕΦΗΜΕΡΙΕΣ ΔΕΚΕΜΒΡΙΟΥ/2024   ΑΓΡΟΤΙΚΟΙ ΙΑΤΡΟΙ,,,,no sponsor block
6ΝΙ84690ΒΤ-ΖΙ2,2025-01-31,ΤΑΚΤΙΚΕΣ ΕΦΗΜΕΡΙΕΣ ΔΕΚΕΜΒΡΙΟΥ/2024  ΓΙΑΤΡΟΙ Ε.Σ.Υ ΕΙΔ/ΝΟΙ,,,,no sponsor block
91ΨΑ4690ΒΤ-Λ5Κ,2025-01-31,ΤΑΚΤΙΚΕΣ ΕΦΗΜΕΡΙΕΣ ΔΕΚΕΜΒΡΙΟΥ/2024  ΓΙΑΤΡΟΙ Ε.Σ.Υ,,,,no sponsor block
9ΗΨΜ4690ΒΤ-1ΡΙ,2025-01-30,ΤΑΚΤΙΚΗ ΜΙΣΘΟΔΟΣΙΑ  ΙΑΝΟΥΑΡΙΟΥ /2025  ΑΣΚΟΥΜΕΝΟΙ Ο.Α.Ε.Δ,,,,no sponsor block
942Ψ4690ΒΤ-ΦΗ2,2025-01-30,ΤΑΚΤΙΚΗ ΜΙΣΘΟΔΟΣΙΑ ΜΕΤΑΠ/ΤΕΩΝ   ΙΑΝΟΥΑΡΙΟΥ /2025  ΣΠΟΥΔΑΣΤΕΣ ΠΟΥ ΑΣΚΟΥΝΤΑΙ Τ.Ε.Ι,,,,no sponsor block
6ΑΗΨ4690ΒΤ-ΓΡΕ,2025-01-30,ΤΑΚΤΙΚΗ ΜΙΣΘΟΔΟΣΙΑ ΜΕΤΑΠ/ΤΕΩΝ   ΙΑΝΟΥΑΡΙΟΣ  /2025   ΑΜΙΣΘΟΙ ΤΕΕ ( ΕΠΑΛ ) Γ.Ν.Κ.,,,,no sponsor block
91Λ64690ΒΤ-ΘΗΡ,2025-01-30,ΤΑΚΤΙΚΗ ΜΙΣΘΟΔΟΣΙΑ ΜΕΤΑΠ/ΤΕΩΝ     IANOYAΡΙΟΥ  /2025   ΑΜΙΣΘΟΙ ΤΕΕ (ΔΙΕΚ) Γ.Ν.Κ.,,,,no sponsor block
6ΤΒΛ4690ΒΤ-ΖΗ9,2025-01-30,ΑΝΑΔΡΟΜΙΚΑ    ΙΑΝΟΥΑΡΙΟΥ  /2025   ΕΠΙΚΟΥΡΙΚΟΙ    Ε.Σ.Υ,,,,no sponsor block
9ΩΧΞ4690ΒΤ-ΣΟΞ,2025-01-30,ΑΝΑΔΡΟΜΙΚΑ    ΙΑΝΟΥΑΡΙΟΥ  /2025   ΕΠΙΚΟΥΡΙΚΟ TΡΙΜΗΝΟ   ΠΡΟΣΩΠΙΚΟ,,,,no sponsor block
ΡΜΚ54690ΒΤ-1ΕΞ,2025-01-30,ΤΑΚΤΙΚΗ ΜΙΣΘΟΔΟΣΙΑ ΜΕΤΑΠ/ΤΕΩΝ   ΙΑΝΟΥΑΡΙΟΥ  /2025   ΕΠΙΣΤΗΜΟΝΙΚΟ  ΠΡΟΣΩΠΙΚΟ,,,,no sponsor block
Ψ0ΧΗ4690ΒΤ-Η5Γ,2025-01-30,ΤΑΚΤΙΚΗ ΜΙΣΘΟΔΟΣΙΑ ΜΕΤΑΠ/ΤΕΩΝ   ΙΑΝΟΥΑΡΙΟΥ  /2025   ΕΠΙΚΟΥΡΙΚΟ ΤΡΙΜΗΝΟ ΠΡΟΣΩΠΙΚΟ,,,,no sponsor block
ΨΖΙΕ4690ΒΤ-64Π,2025-01-30,ΤΑΚΤΙΚΗ ΜΙΣΘΟΔΟΣΙΑ ΜΕΤΑΠ/ΤΕΩΝ   ΙΑΝΟΥΑΡΙΟΥ  /2025   ΕΠΙΚΟΥΡΙΚΟΙ  Ε.Σ.Υ,,,,no sponsor block
633Α4690ΒΤ-ΙΧΥ,2025-01-30,ΤΑΚΤΙΚΗ ΜΙΣΘΟΔΟΣΙΑ ΜΕΤΑΠ/ΤΕΩΝ   ΙΑΝΟΥΑΡΙΟΥ  /2025   EΠΙΚΟΥΡΙΚΟΙ Ε.Σ.Υ,,,,no sponsor block
9ΖΦΑ4690ΒΤ-Ο2Η,2025-01-30,ΑΝΑΔΡΟΜΙΚΑ ΙΑΝΟΥΑΡΙΟΥ/2025     ΝΕΟΠΡΟΣΛΑΜΒΑΝΟΜΕΝΟΙ Ο.Α.Ε.Δ  ( ΠΑΛΙΟΙ ),,,,no sponsor block
ΡΒΞΙ4690ΒΤ-4ΕΥ,2025-01-30,ΤΑΚΤΙΚΗ ΜΙΣΘΟΔΟΣΙΑ ΜΕΤΑΠ/ΤΕΩΝ   ΙΑΝΟΥΑΡΙΟΥ  /2025   ΝΕΟΠΡΟΣΛΑΜΒΑΝΟΜΕΝΟΙ Ο.Α.Ε.Δ ( ΠΑΛΙΟΙ ),,,,no sponsor block
6ΤΥΨ4690ΒΤ-0Ο4,2025-01-30,ΤΑΚΤΙΚΗ ΜΙΣΘΟΔΟΣΙΑ ΜΕΤΑΠ/ΤΕΩΝ   ΙΑΝΟΥΑΡΙΟΥ  /2025   ΝΕΟΠΡΟΣΛΑΜΒΑΝΟΜΕΝΟΙ Ο.Α.Ε.Δ ( ΝΕΟΙ ),,,,no sponsor block
ΨΖΛ84690ΒΤ-ΟΘ3,2025-01-30,ΤΑΚΤΙΚΗ ΜΙΣΘΟΔΟΣΙΑ ΜΕΤΑΠ/ΤΕΩΝ   ΙΑΝΟΥΑΡΙΟΥ   /2025   ΕΠΙΚΟΥΡΙΚΟ ΠΡΟΣΩΠΙΚΟ,,,,no sponsor block
Ψ7Χ24690ΒΤ-ΠΗΩ,2025-01-30,ΠΡΟΣΘΕΤΕΣ ΑΜΟΙΒΕΣ  ΝΟΕΜΒΡΙΟΥ  /2024     12 ΜΗΝΑ ΟΑΕΔ  ΔΗΜ.ΠΡΟΣΚΛΗΣΗ       Νο 13/2016,,,,no sponsor block
ΨΦΒ64690ΒΤ-553,2025-01-30,ΠΡΟΣΘΕΤΕΣ ΑΜΟΙΒΕΣ  ΝΟΕΜΒΡΙΟΥ  /2024     12 ΜΗΝΑ ΟΑΕΔ  ΔΗΜ.ΠΡΟΣΚΛΗΣΗ       Νο 10/2017,,,,no sponsor block
6ΓΧ64690ΒΤ-ΩΜΚ,2025-01-30,ΤΑΚΤΙΚΗ  ΜΙΣΘΟΔΟΣΙΑ  ΔΕΚΕΜΒΡΙΟΥ /2024      12 ΜΗΝΑ ΟΑΕΔ  ΔΗΜ.ΠΡΟΣΚΛΗΣΗ       Νο 13/2016,,,,no sponsor block
9ΙΝΕ4690ΒΤ-04Χ,2025-01-30,ΤΑΚΤΙΚΗ  ΜΙΣΘΟΔΟΣΙΑ  ΔΕΚΕΜΒΡΙΟΥ /2024      12 ΜΗΝΑ ΟΑΕΔ  ΔΗΜ.ΠΡΟΣΚΛΗΣΗ       Νο 13/2016,,,,no sponsor block
Ρ6Σ14690ΒΤ-ΞΚΧ,2024-12-19,ΤΑΚΤΙΚΗ ΜΙΣΘΟΔΟΣΙΑ ΝΟΕΜΒΡΙΟΥ/2024 ΑΣΚΟΥΜΕΝΟΙ Ο.Α.Ε.Δ,,,,no sponsor block
ΡΨΒΨ4690ΒΤ-190,2024-12-19,ΤΑΚΤΙΚΗ ΜΙΣΘΟΔΟΣΙΑ ΜΕΤΑΠ/ΤΕΩΝ  ΔΕΚΕΜΒΡΙΟΥ /2024  ΑΜΙΣΘΟΙ  ΤΕΕ  ΔΙΕΚ  ΤΟΥ Ψ/Τ,,,,no sponsor block
95244690ΒΤ-ΠΥΡ,2024-12-19,ΤΑΚΤΙΚΗ ΜΙΣΘΟΔΟΣΙΑ ΜΕΤΑΠ/ΤΕΩΝ  ΔΕΚΕΜΒΡΙΟΥ /2024   ΕΠΙΣΤΗΜΟΝΙΚΟ ΠΡΟΣΩΠΙΚΟ,,,,no sponsor block
ΡΨΞ34690ΒΤ-Β1Τ,2024-12-19,ΤΑΚΤΙΚΗ ΜΙΣΘΟΔΟΣΙΑ ΜΕΤΑΠ/ΤΕΩΝ   ΔΕΚΕΜΒΡΙΟΥ /2024  ΣΠΟΥΔΑΣΤΕΣ ΠΟΥ ΑΣΚΟΥΝΤΑΙ,,,,no sponsor block
6Ξ3Μ4690ΒΤ-36Β,2024-12-19,ΤΑΚΤΙΚΗ ΜΙΣΘΟΔΟΣΙΑ ΜΕΤΑΠ/ΤΕΩΝ  ΔΕΚΕΜΒΡΙΟΥ /2024  ΝΕΟΠΡΟΣΛΑΜΒΑΝΟΜΕΝΟΙ Ο.Α.Ε.Δ   ( 55-67 )  ΝΕΟΙ,,,,no sponsor block
ΡΡΚ24690ΒΤ-ΡΒΠ,2024-12-19,ΤΑΚΤΙΚΗ ΜΙΣΘΟΔΟΣΙΑ ΜΕΤΑΠ/ΤΕΩΝ  ΔΕΚΕΜΒΡΙΟΥ /2024  ΝΕΟΠΡΟΣΛΑΜΒΑΝΟΜΕΝΟΙ Ο.Α.Ε.Δ   ( 55-67 ),,,,no sponsor block
Ψ0144690ΒΤ-Σ40,2024-12-19,ΤΑΚΤΙΚΗ ΜΙΣΘΟΔΟΣΙΑ ΜΕΤΑΠ/ΤΕΩΝ   ΔΕΚΕΜΒΡΙΟΥ  /2024  ΕΠΙΚΟΥΡΙΚΟ  ΤΡΙΜΗΝΟ  ΠΡΟΣΩΠΙΚΟ,,,,no sponsor block
6ΧΝΥ4690ΒΤ-ΡΞΑ,2024-12-19,ΤΑΚΤΙΚΗ ΜΙΣΘΟΔΟΣΙΑ ΜΕΤΑΠ/ΤΕΩΝ   ΔΕΚΕΜΒΡΙΟΥ  /2024  ΕΠΙΚΟΥΡΙΚΟΙ  Ε.Σ.Υ,,,,no sponsor block
9ΔΨΖ4690ΒΤ-2ΙΕ,2024-12-19,ΤΑΚΤΙΚΗ ΜΙΣΘΟΔΟΣΙΑ ΜΕΤΑΠ/ΤΕΩΝ   ΔΕΚΕΜΒΡΙΟΥ  /2024  ΕΠΙΚΟΥΡΙΚΟ ΠΡΟΣΩΠΙΚΟ,,,,no sponsor block
6Ν8Γ4690ΒΤ-56Π,2024-12-19,ΤΑΚΤΙΚΗ ΜΙΣΘΟΔΟΣΙΑ ΜΕΤΑΠ/ΤΕΩΝ   ΝΟΕΜΒΡΙΟΥ  /2024  ΑΜΙΣΘΟΙ ΤΕΕ ( ΕΠΑΛ ) Γ.Ν.Κ.,,,,no sponsor block
ΨΤ664690ΒΤ-Ω8Ο,2024-12-19,ΤΑΚΤΙΚΗ ΜΙΣΘΟΔΟΣΙΑ ΜΕΤΑΠ/ΤΕΩΝ     ΔΕΚΕΜΒΡΙΟΥ  /2024  ΑΜΙΣΘΟΙ ΤΕΕ (ΔΙΕΚ) Γ.Ν.Κ.,,,,no sponsor block
90ΞΝ4690ΒΤ-ΨΝ1,2024-12-19,ΑΝΑΔΡΟΜΙΚΑ Ο.Α.Ε.Δ,,,,no sponsor block
6ΜΒ64690ΒΤ-61Ι,2024-12-19,ΑΝΑΔΡΟΜΙΚΑ  ΕΠΙΚΟΥΡΙΚΟΙ  Ε.Σ.Υ  /2024,,,,no sponsor block
9ΨΗ44690ΒΤ-ΛΑΤ,2024-12-19,ΑΝΑΔΡΟΜΙΚΑ  ΕΠΙΚΟΥΡΙΚΟΥ ΤΡΙΜΗΝΟΥ  ΠΡΟΣΩΠΙΚΟΥ/2024,,,,no sponsor block
ΨΣΣ64690ΒΤ-Ω20,2024-12-19,ΑΝΑΔΡΟΜΙΚΑ  ΕΠΙΚΟΥΡΙΚΟΥ ΠΡΟΣΩΠΙΚΟΥ/2024,,,,no sponsor block
9Φ1Ζ4690ΒΤ-ΔΚΨ,2024-12-19,ΤΑΚΤΙΚΗ ΜΙΣΘΟΔΟΣΙΑ ΜΕΤ/ΤΕΩΝ    ΔΕΚΕΜΒΡΙΟΥ /2024  ΕΠΙΚΟΥΡΙΚΟΙ  Ε.Σ.Υ,,,,no sponsor block
9Δ234690ΒΤ-ΝΤΣ,2024-12-18,ΓΙΑ ΤΗΝ ΑΞΙΑ ΠΛΗΡΩΜΗΣ ΟΔΟΙΠΟΡΙΚΩΝ ΕΞΟΔΩΝ ΚΑΙ ΗΜΕΡΗΣΙΑΣ ΑΠΟΖΗΜΙΩΣΗΣ ΥΠΑΛΛΗΛΩΝ,,,,no sponsor block
60Φ34690ΒΤ-ΠΩ9,2024-12-18,ΓΙΑ ΤΗΝ ΑΞΙΑ ΠΛΗΡΩΜΗΣ ΟΔΟΙΠΟΡΙΚΩΝ ΕΞΟΔΩΝ ΚΑΙ ΗΜΕΡΗΣΙΑΣ ΑΠΟΖΗΜΙΩΣΗΣ ΥΠΑΛΛΗΛΩΝ  11ος/24  Γ.Ν.ΚΑΤΕΡΙΝΗΣ,,,,no sponsor block
9Δ854690ΒΤ-ΩΟΟ,2024-12-18,ΓΙΑ ΤΗΝ ΑΞΙΑ ΠΛΗΡΩΜΗΣ ΟΔΟΙΠΟΡΙΚΩΝ ΕΞΟΔΩΝ ΚΑΙ ΗΜΕΡΗΣΙΑΣ ΑΠΟΖΗΜΙΩΣΗΣ ΥΠΑΛΛΗΛΩΝ  10ος/24  Γ.Ν.ΚΑΤΕΡΙΝΗΣ,,,,no sponsor block
ΨΝΦ54690ΒΤ-4ΣΧ,2024-12-18,ΜΙΣΘΟΛΟΓΙΚΗ ΚΑΤΑΣΤΑΣΗ ΙΑΤΡΩΝ ΑΠΟΓΕΥΜΑΤΙΝΩΝ ΧΕΙΡΟΥΡΓΕΙΩΝ  22 -8 /2024   ΦΕΚ.1485 τΒ/05-03-2024,,,,no sponsor block
ΨΞΠΧ4690ΒΤ-21Χ,2024-12-18,ΜΙΣΘΟΛΟΓΙΚΗ ΚΑΤΑΣΤΑΣΗ  ΥΠΑΛΛΗΛΩΝ ΣΤΑ ΑΠΟΓΕΥΜΑΤΙΝΑ  ΧΕΙΡΟΥΡΓΕΙΑ   04-11 /2024  ΦΕΚ 1485 τΒ/05-03-2024,,,,no sponsor block
9ΦΚΓ4690ΒΤ-ΣΙΦ,2024-12-18,ΜΙΣΘΟΛΟΓΙΚΗ ΚΑΤΑΣΤΑΣΗ  ΥΠΑΛΛΗΛΩΝ ΣΤΑ ΑΠΟΓΕΥΜΑΤΙΝΑ  ΧΕΙΡΟΥΡΓΕΙΑ   05-11 /2024  ΦΕΚ 1485 τΒ/05-03-2024,,,,no sponsor block
Ρ7ΑΑ4690ΒΤ-Σ55,2024-12-18,ΜΙΣΘΟΛΟΓΙΚΗ ΚΑΤΑΣΤΑΣΗ  ΥΠΑΛΛΗΛΩΝ ΣΤΑ ΑΠΟΓΕΥΜΑΤΙΝΑ  ΧΕΙΡΟΥΡΓΕΙΑ   19-11 /2024  ΦΕΚ 1485 τΒ/05-03-2024,,,,no sponsor block
ΨΔ1Ζ4690ΒΤ-Ο0Ι,2024-12-18,ΜΙΣΘΟΛΟΓΙΚΗ ΚΑΤΑΣΤΑΣΗ  ΥΠΑΛΛΗΛΩΝ ΣΤΑ ΑΠΟΓΕΥΜΑΤΙΝΑ  ΧΕΙΡΟΥΡΓΕΙΑ   22-08 /2024  ΦΕΚ 1485 τΒ/05-03-2024,,,,no sponsor block
ΨΜΝΖ4690ΒΤ-Α28,2024-12-18,ΜΙΣΘΟΛΟΓΙΚΗ ΚΑΤΑΣΤΑΣΗ  ΥΠΑΛΛΗΛΩΝ ΣΤΑ ΑΠΟΓΕΥΜΑΤΙΝΑ  ΧΕΙΡΟΥΡΓΕΙΑ   08-11 /2024  ΦΕΚ 1485 τΒ/05-03-2024,,,,no sponsor block
6Ν7Λ4690ΒΤ-ΣΞΘ,2024-12-18,ΜΙΣΘΟΛΟΓΙΚΗ ΚΑΤΑΣΤΑΣΗ  ΥΠΑΛΛΗΛΩΝ ΣΤΑ ΑΠΟΓΕΥΜΑΤΙΝΑ  ΧΕΙΡΟΥΡΓΕΙΑ   27-11 /2024  ΦΕΚ 1485 τΒ/05-03-2024,,,,no sponsor block
6ΜΒΧ4690ΒΤ-ΛΒ9,2024-12-18,ΜΙΣΘΟΛΟΓΙΚΗ ΚΑΤΑΣΤΑΣΗ  ΥΠΑΛΛΗΛΩΝ ΣΤΑ ΑΠΟΓΕΥΜΑΤΙΝΑ  ΧΕΙΡΟΥΡΓΕΙΑ   11-11 /2024  ΦΕΚ 1485 τΒ/05-03-2024,,,,no sponsor block
9Η2Ξ4690ΒΤ-ΩΨ9,2024-12-18,ΜΙΣΘΟΛΟΓΙΚΗ ΚΑΤΑΣΤΑΣΗ  ΥΠΑΛΛΗΛΩΝ ΣΤΑ ΑΠΟΓΕΥΜΑΤΙΝΑ  ΧΕΙΡΟΥΡΓΕΙΑ   13-11 /2024  ΦΕΚ 1485 τΒ/05-03-2024,,,,no sponsor block
ΨΟΚΜ4690ΒΤ-8ΚΠ,2024-12-18,ΜΙΣΘΟΛΟΓΙΚΗ ΚΑΤΑΣΤΑΣΗ  ΥΠΑΛΛΗΛΩΝ ΣΤΑ ΑΠΟΓΕΥΜΑΤΙΝΑ  ΧΕΙΡΟΥΡΓΕΙΑ   26-11 /2024  ΦΕΚ 1485 τΒ/05-03-2024,,,,no sponsor block
9Μ834690ΒΤ-ΣΘ5,2024-12-18,ΜΙΣΘΟΛΟΓΙΚΗ ΚΑΤΑΣΤΑΣΗ  ΥΠΑΛΛΗΛΩΝ ΣΤΑ ΑΠΟΓΕΥΜΑΤΙΝΑ  ΧΕΙΡΟΥΡΓΕΙΑ   27-11 /2024      ΦΕΚ 1485 τΒ/05-03-2024,,,,no sponsor block
6ΩΓ44690ΒΤ-Λ8Λ,2024-12-18,ΜΙΣΘΟΛΟΓΙΚΗ ΚΑΤΑΣΤΑΣΗ ΙΑΤΡΩΝ ΑΠΟΓΕΥΜΑΤΙΝΩΝ ΧΕΙΡΟΥΡΓΕΙΩΝ  04-11 /2024   ΦΕΚ.1485 τΒ/05-03-2024,,,,no sponsor block
61Γ04690ΒΤ-7Λ3,2024-12-18,ΜΙΣΘΟΛΟΓΙΚΗ ΚΑΤΑΣΤΑΣΗ ΙΑΤΡΩΝ ΑΠΟΓΕΥΜΑΤΙΝΩΝ ΧΕΙΡΟΥΡΓΕΙΩΝ  05-11 /2024   ΦΕΚ.1485 τΒ/05-03-2024,,,,no sponsor block
Ψ5ΠΛ4690ΒΤ-ΦΑΒ,2024-12-18,ΜΙΣΘΟΛΟΓΙΚΗ ΚΑΤΑΣΤΑΣΗ ΙΑΤΡΩΝ ΑΠΟΓΕΥΜΑΤΙΝΩΝ ΧΕΙΡΟΥΡΓΕΙΩΝ  19-11 /2024   ΦΕΚ.1485 τΒ/05-03-2024,,,,no sponsor block
9ΗΞ74690ΒΤ-61Ρ,2024-12-18,ΜΙΣΘΟΛΟΓΙΚΗ ΚΑΤΑΣΤΑΣΗ ΙΑΤΡΩΝ ΑΠΟΓΕΥΜΑΤΙΝΩΝ ΧΕΙΡΟΥΡΓΕΙΩΝ  08-11 /2024   ΦΕΚ.1485 τΒ/05-03-2024,,,,no sponsor block
ΨΟ7Ι4690ΒΤ-Η2Ν,2024-12-18,ΜΙΣΘΟΛΟΓΙΚΗ ΚΑΤΑΣΤΑΣΗ ΙΑΤΡΩΝ ΑΠΟΓΕΥΜΑΤΙΝΩΝ ΧΕΙΡΟΥΡΓΕΙΩΝ  11-11 /2024   ΦΕΚ.1485 τΒ/05-03-2024,,,,no sponsor block
971Υ4690ΒΤ-770,2024-12-18,ΜΙΣΘΟΛΟΓΙΚΗ ΚΑΤΑΣΤΑΣΗ ΙΑΤΡΩΝ ΑΠΟΓΕΥΜΑΤΙΝΩΝ ΧΕΙΡΟΥΡΓΕΙΩΝ  13-11 /2024   ΦΕΚ.1485 τΒ/05-03-2024,,,,no sponsor block
ΨΚΥΟ4690ΒΤ-ΔΘΝ,2024-12-18,ΜΙΣΘΟΛΟΓΙΚΗ ΚΑΤΑΣΤΑΣΗ ΙΑΤΡΩΝ ΑΠΟΓΕΥΜΑΤΙΝΩΝ ΧΕΙΡΟΥΡΓΕΙΩΝ  26-11 /2024   ΦΕΚ.1485 τΒ/05-03-2024,,,,no sponsor block
ΨΩΧΞ4690ΒΤ-ΚΦΠ,2024-12-18,ΜΙΣΘΟΛΟΓΙΚΗ ΚΑΤΑΣΤΑΣΗ ΙΑΤΡΩΝ ΑΠΟΓΕΥΜΑΤΙΝΩΝ ΧΕΙΡΟΥΡΓΕΙΩΝ  27-11 /2024   ΦΕΚ.1485 τΒ/05-03-2024,,,,no sponsor block
9ΙΥΘ4690ΒΤ-ΧΥ9,2024-12-18,ΜΙΣΘΟΛΟΓΙΚΗ ΚΑΤΑΣΤΑΣΗ ΙΑΤΡΩΝ ΑΠΟΓΕΥΜΑΤΙΝΩΝ ΧΕΙΡΟΥΡΓΕΙΩΝ  27-11 /2024   ΦΕΚ.1485 τΒ/05-03-2024,,,,no sponsor block
65ΘΗ4690ΒΤ-8ΟΩ,2024-12-18,ΜΙΣΘΟΛΟΓΙΚΗ ΚΑΤΑΣΤΑΣΗ ΙΑΤΡΩΝ ΑΠΕΙΚΟΝΙΣΤΙΚΟΥ ΕΡΓΑΣΤΗΡΙΟΥ ΜΗΝΟΣ  ΝΟΕΜΒΡΙΟΥ 2024,,,,no sponsor block
Ψ8Ε94690ΒΤ-ΡΑΑ,2024-12-18,ΜΙΣΘΟΛΟΓΙΚΗ ΚΑΤΑΣΤΑΣΗ ΤΕΧΝΟΛΟΓΩΝ ΑΠΕΙΚΟΝΙΣΤΙΚΟΥ ΕΡΓΑΣΤΗΡΙΟΥ ΜΗΝΟΣ   ΝΟΕΜΒΡΙΟΥ  2024,,,,no sponsor block
ΨΠ134690ΒΤ-ΨΘ4,2024-12-18,ΠΛΗΡΩΜΗ ΠΡΟΣΩΠΙΚΟΥ ΑΠΟ ΤΗΝ ΟΛΟΗΜΕΡΗ ΛΕΙΤΟΥΡΓΙΑ ΤΟΥ ΝΟΣΟΚΟΜΕΙΟ ΜΗΝΟΣ  ΝΟΕΜΒΡΙΟΥ  2024,,,,no sponsor block
68894690ΒΤ-Δ4Β,2024-12-18,ΠΛΗΡΩΜΗ ΙΑΤΡΩΝ ΓΙΑ ΤΗΝ ΟΛΟΗΜΕΡΗ ΛΕΙΤΟΥΡΓΙΑ ΤΟΥ ΝΟΣΟΚΟΜΕΙΟΥ ΜΗΝΟΣ  ΝΟΕΜΒΡΙΟΥ   2024,,,,no sponsor block
Ψ0ΩΟ4690ΒΤ-ΒΑΑ,2024-12-18,ΓΙΑ ΤΗΝ ΑΞΙΑ ΠΛΗΡΩΜΗΣ ΟΔΟΙΠΟΡΙΚΩΝ ΕΞΟΔΩΝ ΚΑΙ ΗΜΕΡΗΣΙΑΣ ΑΠΟΖΗΜΙΩΣΗΣ ΥΠΑΛΛΗΛΩΝ Γ.Ν.ΚΑΤΕΡΙΝΗΣ,,,,no sponsor block
6ΡΔΤ4690ΒΤ-743,2024-12-17,ΠΡΟΣΘΕΤΕΣ ΕΦΗΜΕΡΙΕΣ   ΑΥΓΟΥΣΤΟΥ   /2024 ΓΙΑΤΡΟΙ Ε.Σ.Υ   ΕΙΔΙΚ/ΝΟΙ ΤΟΥ Ψ/ΤΟΜΕΑ,,,,no sponsor block
69ΖΠ4690ΒΤ-8ΥΨ,2024-12-17,ΠΡΟΣΘΕΤΕΣ ΕΦΗΜΕΡΙΕΣ   ΑΥΓΟΥΣΤΟΥ   /2024 ΓΙΑΤΡΟΙ Ε.Σ.Υ  ΤΟΥ Ψ/ΤΟΜΕΑ,,,,no sponsor block
ΨΝΗΘ4690ΒΤ-ΟΙ1,2024-12-17,ΠΡΟΣΘΕΤΕΣ ΕΦΗΜΕΡΙΕΣ  ΙΟΥΛΙΟΥ  /2024 ΓΙΑΤΡΟΙ Ε.Σ.Υ  ΤΟΥ Ψ/ΤΟΜΕΑ,,,,no sponsor block
Ψ9ΚΖ4690ΒΤ-ΒΕ0,2024-12-17,ΠΡΟΣΘΕΤΕΣ ΕΦΗΜΕΡΙΕΣ  ΙΟΥΛΙΟΥ  /2024 ΓΙΑΤΡΟΙ Ε.Σ.Υ  EIΔIK/NOI,,,,no sponsor block
ΡΒΟΛ4690ΒΤ-Φ02,2024-12-17,ΠΡΟΣΘΕΤΕΣ ΕΦΗΜΕΡΙΕΣ  ΙΟΥΛΙΟΥ  /2024 ΓΙΑΤΡΟΙ Ε.Σ.Υ  EΠΙΚΟΥΡΙΚΟΙ,,,,no sponsor block
Ψ8ΔΕ4690ΒΤ-ΓΨ3,2024-12-17,ΠΡΟΣΘΕΤΕΣ ΕΦΗΜΕΡΙΕΣ  ΙΟΥΛΙΟΥ  /2024 ΓΙΑΤΡΟΙ Ε.Σ.Υ  ΕΠΙΚΟΥΡΙΚΟΙ,,,,no sponsor block
ΨΨΡ94690ΒΤ-ΕΑΑ,2024-12-17,ΠΡΟΣΘΕΤΕΣ ΕΦΗΜΕΡΙΕΣ  ΙΟΥΛΙΟΥ  /2024 ΓΙΑΤΡΟΙ Ε.Σ.Υ,,,,no sponsor block
6ΦΔΘ4690ΒΤ-ΕΓ4,2024-12-17,ΠΡΟΣΘΕΤΕΣ ΕΦΗΜΕΡΙΕΣ ΑΥΓΟΥΣΤΟΥ/2024 ΓΙΑΤΡΟΙ Ε.Σ.Υ EIΔIK/NOI,,,,no sponsor block
9ΠΕΙ4690ΒΤ-604,2024-12-17,ΠΡΟΣΘΕΤΕΣ ΕΦΗΜΕΡΙΕΣ ΑΥΓΟΥΣΤΟΥ/2024 ΓΙΑΤΡΟΙ Ε.Σ.Υ  ΕΠΙΚΟΥΡΙΚΟΙ,,,,no sponsor block
9ΚΙΚ4690ΒΤ-ΦΓΨ,2024-12-17,ΠΡΟΣΘΕΤΕΣ ΕΦΗΜΕΡΙΕΣ ΑΥΓΟΥΣΤΟΥ/2024 ΓΙΑΤΡΟΙ Ε.Σ.Υ  EΠΙΚΟΥΡΙΚΟΙ,,,,no sponsor block
ΨΘ1Β4690ΒΤ-ΡΔΡ,2024-12-17,ΠΡΟΣΘΕΤΕΣ ΕΦΗΜΕΡΙΕΣ ΑΥΓΟΥΣΤΟΥ/2024 ΓΙΑΤΡΟΙ Ε.Σ.Υ,,,,no sponsor block
6ΩΝΗ4690ΒΤ-84Ω,2024-12-17,ΤΑΚΤΙΚΕΣ ΕΦΗΜΕΡΙΕΣ   ΝΟΕΜΒΡΙΟΥ /2024  ΓΙΑΤΡΟΙ Ε.Σ.Υ  ΤΟΥ Κ.Ψ.ΥΓΕΙΑΣ,,,,no sponsor block
ΨΒΗΤ4690ΒΤ-ΥΦΓ,2024-12-17,ΤΑΚΤΙΚΕΣ ΕΦΗΜΕΡΙΕΣ   ΝΟΕΜΒΡΙΟΥ /2024  ΓΙΑΤΡΟΙ Ε.Σ.Υ   ΕΙΔΙΚ/ΝΟΙ   ΤΟΥ Ψ/ΤΟΜΕΑ,,,,no sponsor block
60ΟΑ4690ΒΤ-ΦΟΩ,2024-12-17,ΤΑΚΤΙΚΕΣ ΕΦΗΜΕΡΙΕΣ   ΝΟΕΜΒΡΙΟΥ /2024  ΓΙΑΤΡΟΙ Ε.Σ.Υ  ΤΟΥ Ψ/ΤΟΜΕΑ,,,,no sponsor block
91ΘΜ4690ΒΤ-ΦΔΘ,2024-12-17,ΤΑΚΤΙΚΕΣ ΕΦΗΜΕΡΙΕΣ   ΝΟΕΜΒΡΙΟΥ /2024   ΕΠΙΚΟΥΡΙΚΟΙ   Ε.Σ.Υ,,,,no sponsor block
9ΙΦ84690ΒΤ-773,2024-12-17,ΤΑΚΤΙΚΕΣ ΕΦΗΜΕΡΙΕΣ   ΝΟΕΜΒΡΙΟΥ /2024  ΓΙΑΤΡΟΙ Ε.Σ.Υ  ΕΙΔΙΚ/ΝΟΙ,,,,no sponsor block
ΨΖΤΟ4690ΒΤ-5ΚΙ,2024-12-17,ΤΑΚΤΙΚΕΣ ΕΦΗΜΕΡΙΕΣ   ΝΟΕΜΒΡΙΟΥ /2024   ΕΠΙΚΟΥΡΙΚΟΙ Ι Ε.Σ.Υ,,,,no sponsor block
Ψ1Β84690ΒΤ-ΗΘΙ,2024-12-17,ΤΑΚΤΙΚΕΣ ΕΦΗΜΕΡΙΕΣ   ΝΟΕΜΒΡΙΟΥ /2024   ΑΓΡΟΤΙΚΟΙ  ΓΙΑΤΡΟΙ,,,,no sponsor block
6ΑΙΑ4690ΒΤ-ΦΕΙ,2024-12-17,ΤΑΚΤΙΚΕΣ ΕΦΗΜΕΡΙΕΣ   ΝΟΕΜΒΡΙΟΥ /2024  ΓΙΑΤΡΟΙ Ε.Σ.Υ,,,,no sponsor block
906Ζ4690ΒΤ-Κ2Φ,2024-12-17,ΑΠΟΖΗΜΙΩΣΗ  ΗΜΕΡΩΝ  ΕΦΗΜΕΡΙΑΣ   ΝΟΕΜΒΡΙΟΥ/2024   ΕΠΙΣΤ/ΚΟ  ΠΡΟΣΩΠΙΚΟ Ι.Δ     ΤΟΥ  Κ.Ψ.ΥΓΕΙΑΣ,,,,no sponsor block
9ΟΡ04690ΒΤ-976,2024-12-17,ΑΠΟΖΗΜΙΩΣΗ  ΗΜΕΡΩΝ  ΕΦΗΜΕΡΙΑΣ   ΝΟΕΜΒΡΙΟΥ/2024   ΕΠΙΣΤ/ΚΟ  ΠΡΟΣΩΠΙΚΟ   ΤΟΥ Ψ/Τ,,,,no sponsor block
6ΖΡΕ4690ΒΤ-Τ5Μ,2024-12-17,ΠΡΟΣΘΕΤΕΣ ΑΜΟΙΒΕΣ  ΝΟΕΜΒΡΙΟΥ/2024   ΝΕΟΠΡΟΣΛΑΜΒΑΝΟΜΕΝΟΙ Ο.Α.Ε.Δ,,,,no sponsor block
6ΕΔ64690ΒΤ-5ΩΓ,2024-12-17,ΠΡΟΣΘΕΤΕΣ ΑΜΟΙΒΕΣ  ΝΟΕΜΒΡΙΟΥ/2024   ΝΕΟΠΡΟΣΛΑΜΒΑΝΟΜΕΝΟΙ Ο.Α.Ε.Δ,,,,no sponsor block
Ψ5Π14690ΒΤ-ΖΣΥ,2024-12-17,ΠΡΟΣΘΕΤΕΣ ΑΜΟΙΒΕΣ  ΝΟΕΜΒΡΙΟΥ/2024  ΤΕΧΝΙΚΟ    ΠΡΟΣΩΠΙΚΟ ΤΟΥ Ψ/Τ,,,,no sponsor block
6Ν0Θ4690ΒΤ-9ΛΧ,2024-12-17,ΠΡΟΣΘΕΤΕΣ ΑΜΟΙΒΕΣ  ΝΟΕΜΒΡΙΟΥ/2024  ΝΟΣΗΛΕΥΤΙΚΟ   ΠΡΟΣΩΠΙΚΟ  Ν.Δ. 1057/80  ΤΟΥ Ψ/Τ,,,,no sponsor block
Ψ81Ζ4690ΒΤ-ΙΨ2,2024-12-17,ΠΡΟΣΘΕΤΕΣ ΑΜΟΙΒΕΣ  ΝΟΕΜΒΡΙΟΥ/2024  ΤΡΙΜΗΝΟ    ΜΟΝΙΜΟ ΔΟΚΙΜΟ ΒΟΗΘ.    ΠΡΟΣΩΠΙΚΟ ΤΟΥ Ψ/Τ,,,,no sponsor block
Ψ8ΗΤ4690ΒΤ-ΟΘΚ,2024-12-17,ΠΡΟΣΘΕΤΕΣ ΑΜΟΙΒΕΣ  ΝΟΕΜΒΡΙΟΥ/2024    ΠΡΟΣΩΠΙΚΟ  ΕΠΙ ΣΧΕΣΕΙ ΕΡΓΑΣΙΑΣ Ι.Δ.Α.Χ      ΤΟΥ Ψ/Τ,,,,no sponsor block
ΨΜΓΥ4690ΒΤ-ΣΗΣ,2024-12-17,ΠΡΟΣΘΕΤΕΣ ΑΜΟΙΒΕΣ  ΝΟΕΜΒΡΙΟΥ/2024  ΤΡΙΜΗΝΟ    ΕΠΙΚΟΥΡΙΚΟ   ΠΡΟΣΩΠΙΚΟ ΤΟΥ Ψ/Τ,,,,no sponsor block
9ΒΘ04690ΒΤ-ΘΣΓ,2024-12-17,ΠΡΟΣΘΕΤΕΣ ΑΜΟΙΒΕΣ  ΝΟΕΜΒΡΙΟΥ/2024   ΕΠΙΚΟΥΡΙΚΟ   ΠΡΟΣΩΠΙΚΟ ΤΟΥ Ψ/Τ,,,,no sponsor block
ΨΜΟΣ4690ΒΤ-ΖΛΚ,2024-12-17,ΠΡΟΣΘΕΤΕΣ ΑΜΟΙΒΕΣ  ΝΟΕΜΒΡΙΟΥ/2024   ΝΟΣΗΛΕΥΤΙΚΟ  ΠΡΟΣΩΠΙΚΟ ΤΟΥ Ψ/Τ,,,,no sponsor block
90ΓΣ4690ΒΤ-Φ28,2024-12-17,ΠΡΟΣΘΤΕΣ ΑΜΟΙΒΕΣ ΝΟΕΜΒΡΙΟΥ/2024   ΝΟΣΗΛΕΥΤΙΚΟ ΠΡΟΣΩΠΙΚΟ  Ν.Δ.  1057/80,,,,no sponsor block
ΨΕΜΙ4690ΒΤ-ΤΡΔ,2024-12-17,ΑΠΟΖΗΜΙΩΣΗ  ΗΜΕΡΩΝ  ΕΦΗΜΕΡΙΑΣ   ΕΠΙΣΤΗΜΟΝΙΚΟΥ ΠΡΟΣΩΠΙΚΟΥ  ΝΟΕΜΒΡΙΟΣ  /2024,,,,no sponsor block
Ψ1ΦΔ4690ΒΤ-ΗΙΑ,2024-12-17,ΑΠΟΖΗΜΙΩΣΗ  ΗΜΕΡΩΝ  ΕΦΗΜΕΡΙΑΣ   ΕΠΙΣΤΗΜΟΝΙΚΟΥ ΠΡΟΣΩΠΙΚΟΥ  ΝΟΕΜΒΡΙΟΣ  /2024,,,,no sponsor block
ΨΞΘΗ4690ΒΤ-43Ζ,2024-12-17,ΠΡΟΣΘΕΤΕΣ ΑΜΟΙΒΕΣ  ΝΟΕΜΒΡΙΟΥ /2024   ΑΠΟΣΠΑΣΜΕΝΟΙ,,,,no sponsor block
ΨΑΘ34690ΒΤ-ΤΜΙ,2024-12-17,ΠΡΟΣΘΕΤΕΣ ΑΜΟΙΒΕΣ  ΝΟΕΜΒΡΙΟΥ /2024      ΠΡΟΣΩΠΙΚΟ ΕΠΙ ΣΧΕΣΕΙ ΕΡΓΑΣΙΑΣ Ι.Δ.Α.Χ,,,,no sponsor block
ΨΤ0Λ4690ΒΤ-ΣΦΨ,2024-12-17,ΠΡΟΣΘΕΤΕΣ ΑΜΟΙΒΕΣ  ΝΟΕΜΒΡΙΟΥ /2024   ΔΙΟΙΚΗΤΙΚΟ   ΠΡΟΣΩΠΙΚΟ,,,,no sponsor block
94464690ΒΤ-Υ0Ξ,2024-12-17,ΠΡΟΣΘΕΤΕΣ ΑΜΟΙΒΕΣ  ΝΟΕΜΒΡΙΟΥ /2024   ΝΕΟΠΡΟΣΛΑΜΒΑΝΟΜΕΝΟ   ΠΡΟΣΩΠΙΚΟ  Ο.Α.Ε.Δ  ΝΕΟΙ,,,,no sponsor block
ΨΣΒΡ4690ΒΤ-ΝΥΑ,2024-12-17,ΠΡΟΣΘΕΤΕΣ ΑΜΟΙΒΕΣ  ΝΟΕΜΒΡΙΟΥ /2024   ΝΕΟΠΡΟΣΛΑΜΒΑΝΟΜΕΝΟ   ΠΡΟΣΩΠΙΚΟ  Ο.Α.Ε.Δ  ΠΑΛΙΟΙ,,,,no sponsor block
9ΟΔΤ4690ΒΤ-ΞΧ3,2024-12-17,ΠΡΟΣΘΕΤΕΣ ΑΜΟΙΒΕΣ  ΝΟΕΜΒΡΙΟΥ /2024    ΠΡΟΣΩΠΙΚΟ  Ι.Δ  Ν.2470/96,,,,no sponsor block
ΨΣ9Κ4690ΒΤ-ΤΒ9,2024-12-17,ΠΡΟΣΘΕΤΕΣ ΑΜΟΙΒΕΣ  ΝΟΕΜΒΡΙΟΥ /2024   ΕΠΙΚΟΥΡΙΚΟ ΤΡΙΜΗΝΟ  ΠΡΟΣΩΠΙΚΟ,,,,no sponsor block
6ΝΓΤ4690ΒΤ-ΒΨ2,2024-12-17,ΠΡΟΣΘΕΤΕΣ ΑΜΟΙΒΕΣ  ΝΟΕΜΒΡΙΟΥ /2024   ΜΟΝΙΜΟ ΔΟΚΙΜΟ  ΒΟΗΘ.  ΠΡΟΣΩΠΙΚΟ,,,,no sponsor block
ΨΚΒΑ4690ΒΤ-ΕΞΓ,2024-12-17,ΠΡΟΣΘΕΤΕΣ ΑΜΟΙΒΕΣ  ΝΟΕΜΒΡΙΟΥ /2024   ΜΟΝΙΜΟ ΔΟΚΙΜΟ  ΠΡΟΣΩΠΙΚΟ  ΕΙΔ ΘΕΣΕΩΝ,,,,no sponsor block
62Ψ74690ΒΤ-ΞΟΒ,2024-12-17,ΠΡΟΣΘΕΤΕΣ ΑΜΟΙΒΕΣ  ΝΟΕΜΒΡΙΟΥ /2024    ΕΠΙΚΟΥΡΙΚΟ  ΠΡΟΣΩΠΙΚΟ,,,,no sponsor block
Ψ2ΜΘ4690ΒΤ-7ΑΨ,2024-12-17,ΠΡΟΣΘΕΤΕΣ ΑΜΟΙΒΕΣ  ΝΟΕΜΒΡΙΟΥ /2024   ΝΟΣΗΛΕΥΤΙΚΟ ΠΡΟΣΩΠΙΚΟ,,,,no sponsor block
Ψ4914690ΒΤ-Ζ6Η,2024-12-16,ΣΥΜΦΩΝΗΤΙΚΟ 217/2024   (  24SYMV015343296  ) CPV 09200000-1,,,,no sponsor block
ΡΩ774690ΒΤ-311,2024-12-05,ΜΙΣΘΟΛΟΓΙΚΗ ΚΑΤΑΣΤΑΣΗ ΙΑΤΡΩΝ ΑΠΟΓΕΥΜΑΤΙΝΩΝ ΧΕΙΡΟΥΡΓΕΙΩΝ  22-10- /2024      ΦΕΚ.1485 τΒ/05-03-2024,,,,no sponsor block
6ΞΤΒ4690ΒΤ-ΨΔΤ,2024-12-05,ΜΙΣΘΟΛΟΓΙΚΗ ΚΑΤΑΣΤΑΣΗ ΙΑΤΡΩΝ ΑΠΟΓΕΥΜΑΤΙΝΩΝ ΧΕΙΡΟΥΡΓΕΙΩΝ  08-10- /2024      ΦΕΚ.1485 τΒ/05-03-2024,,,,no sponsor block
94914690ΒΤ-50Φ,2024-12-05,ΠΛΗΡΩΜΗ ΠΡΟΣΩΠΙΚΟΥ ΑΠΟ ΤΗΝ ΟΛΟΗΜΕΡΗ ΛΕΙΤΟΥΡΓΙΑ ΤΟΥ ΝΟΣΟΚΟΜΕΙΟ ΜΗΝΟΣ  ΟΚΤΩΒΡΙΟΥ  2024,,,,no sponsor block
6Υ7Ε4690ΒΤ-454,2024-12-04,ΠΡΟΣΘΕΤΕΣ ΑΜΟΙΒΕΣ  ΟΚΤΩΒΡΙΟΥ /2024     12 ΜΗΝΑ ΟΑΕΔ  ΔΗΜ.ΠΡΟΣΚΛΗΣΗ       Νο 13/2016,,,,no sponsor block
69ΜΣ4690ΒΤ-ΛΙΛ,2024-12-04,ΠΡΟΣΘΕΤΕΣ ΑΜΟΙΒΕΣ  ΟΚΤΩΒΡΙΟΥ  /2024 12 ΜΗΝΑ Ο.Α.Ε.Δ ΔΗΜ.ΠΡΟΣΚΛΗΣΗ  Νο  10/2017,,,,no sponsor block
Ψ0ΓΟ4690ΒΤ-77Ψ,2024-12-04,ΤΑΚΤΙΚΗ ΜΙΣΘΟΔΟΣΙΑ  ΝΟΕΜΒΡΙΟΥ /2024  12 ΜΗΝΑ Ο.Α.Ε.Δ   ΔΗΜ.ΠΡΟΣΚΛΗΣΗ    Νο 10/2017,,,,no sponsor block
96Ι14690ΒΤ-ΚΗΕ,2024-12-04,ΤΑΚΤΙΚΗ  ΜΙΣΘΟΔΟΣΙΑ  ΝΟΕΜΒΡΙΟΥ /2024      12 ΜΗΝΑ ΟΑΕΔ  ΔΗΜ.ΠΡΟΣΚΛΗΣΗ       Νο 13/2016,,,,no sponsor block
6Σ3Α4690ΒΤ-6ΛΟ,2024-12-04,ΜΙΣΘΟΛΟΓΙΚΗ ΚΑΤΑΣΤΑΣΗ ΤΕΧΝΟΛΟΓΩΝ ΑΠΕΙΚΟΝΙΣΤΙΚΟΥ ΕΡΓΑΣΤΗΡΙΟΥ ΜΗΝΟΣ  ΟΚΤΩΒΡΙΟΥ 2024,,,,no sponsor block
Ψ9844690ΒΤ-ΜΕ1,2024-12-04,ΜΙΣΘΟΛΟΓΙΚΗ ΚΑΤΑΣΤΑΣΗ ΙΑΤΡΩΝ ΑΠΕΙΚΟΝΙΣΤΙΚΟΥ ΕΡΓΑΣΤΗΡΙΟΥ ΜΗΝΟΣ  ΟΚΤΩΒΡΙΟΥ  2024,,,,no sponsor block
6Τ0Ω4690ΒΤ-ΚΒ0,2024-12-04,ΠΛΗΡΩΜΗ ΙΑΤΡΩΝ ΓΙΑ ΤΗΝ ΟΛΟΗΜΕΡΗ ΛΕΙΤΟΥΡΓΙΑ ΤΟΥ ΝΟΣΟΚΟΜΕΙΟΥ ΜΗΝΟΣ ΟΚΤΩΒΡΙΟΥ   2024,,,,no sponsor block
9ΩΔ64690ΒΤ-ΒΣΒ,2024-12-04,ΜΙΣΘΟΛΟΓΙΚΗ ΚΑΤΑΣΤΑΣΗ  ΥΠΑΛΛΗΛΩΝ ΣΤΑ ΑΠΟΓΕΥΜΑΤΙΝΑ  ΧΕΙΡΟΥΡΓΕΙΑ   30-10/2024  ΦΕΚ 1485 τΒ/05-03-2024,,,,no sponsor block
ΨΘ0Ρ4690ΒΤ-29Ζ,2024-12-04,ΜΙΣΘΟΛΟΓΙΚΗ ΚΑΤΑΣΤΑΣΗ ΙΑΤΡΩΝ ΑΠΟΓΕΥΜΑΤΙΝΩΝ ΧΕΙΡΟΥΡΓΕΙΩΝ  30-10/2024   ΦΕΚ.1485 τΒ/05-03-2024,,,,no sponsor block
ΨΤΟΚ4690ΒΤ-ΕΜΞ,2024-12-04,ΜΙΣΘΟΛΟΓΙΚΗ ΚΑΤΑΣΤΑΣΗ  ΥΠΑΛΛΗΛΩΝ ΣΤΑ ΑΠΟΓΕΥΜΑΤΙΝΑ  ΧΕΙΡΟΥΡΓΕΙΑ   29-10/2024  ΦΕΚ 1485 τΒ/05-03-2024,,,,no sponsor block
Ρ73Κ4690ΒΤ-ΣΚΛ,2024-12-03,ΜΙΣΘΟΛΟΓΙΚΗ ΚΑΤΑΣΤΑΣΗ ΙΑΤΡΩΝ ΑΠΟΓΕΥΜΑΤΙΝΩΝ ΧΕΙΡΟΥΡΓΕΙΩΝ  29-10 /2024   ΦΕΚ.1485 τΒ/05-03-2024,,,,no sponsor block
ΨΛΨΠ4690ΒΤ-ΠΤΗ,2024-12-03,ΜΙΣΘΟΛΟΓΙΚΗ ΚΑΤΑΣΤΑΣΗ  ΥΠΑΛΛΗΛΩΝ ΣΤΑ ΑΠΟΓΕΥΜΑΤΙΝΑ  ΧΕΙΡΟΥΡΓΕΙΑ   24-10/2024  ΦΕΚ 1485 τΒ/05-03-2024,,,,no sponsor block
Ρ0ΔΑ4690ΒΤ-Μ3Β,2024-12-03,ΜΙΣΘΟΛΟΓΙΚΗ ΚΑΤΑΣΤΑΣΗ ΙΑΤΡΩΝ ΑΠΟΓΕΥΜΑΤΙΝΩΝ ΧΕΙΡΟΥΡΓΕΙΩΝ  24-10 /2024   ΦΕΚ.1485 τΒ/05-03-2024,,,,no sponsor block
9ΜΓΒ4690ΒΤ-Θ4Δ,2024-12-03,ΜΙΣΘΟΛΟΓΙΚΗ ΚΑΤΑΣΤΑΣΗ  ΥΠΑΛΛΗΛΩΝ ΣΤΑ ΑΠΟΓΕΥΜΑΤΙΝΑ  ΧΕΙΡΟΥΡΓΕΙΑ   22-10/2024  ΦΕΚ 1485 τΒ/05-03-2024,,,,no sponsor block
Ρ9614690ΒΤ-ΔΚ3,2024-12-03,ΜΙΣΘΟΛΟΓΙΚΗ ΚΑΤΑΣΤΑΣΗ  ΥΠΑΛΛΗΛΩΝ ΣΤΑ ΑΠΟΓΕΥΜΑΤΙΝΑ  ΧΕΙΡΟΥΡΓΕΙΑ   14-10/2024  ΦΕΚ 1485 τΒ/05-03-2024,,,,no sponsor block
6ΚΔΓ4690ΒΤ-ΥΔΣ,2024-12-03,ΜΙΣΘΟΛΟΓΙΚΗ ΚΑΤΑΣΤΑΣΗ ΙΑΤΡΩΝ ΑΠΟΓΕΥΜΑΤΙΝΩΝ ΧΕΙΡΟΥΡΓΕΙΩΝ  14-10 /2024   ΦΕΚ.1485 τΒ/05-03-2024,,,,no sponsor block
ΨΗΖ74690ΒΤ-Υ9Ξ,2024-12-03,ΜΙΣΘΟΛΟΓΙΚΗ ΚΑΤΑΣΤΑΣΗ  ΥΠΑΛΛΗΛΩΝ ΣΤΑ ΑΠΟΓΕΥΜΑΤΙΝΑ  ΧΕΙΡΟΥΡΓΕΙΑ   09-10/2024  ΦΕΚ 1485 τΒ/05-03-2024,,,,no sponsor block
61ΝΔ4690ΒΤ-ΓΜ5,2024-12-03,ΜΙΣΘΟΛΟΓΙΚΗ ΚΑΤΑΣΤΑΣΗ ΙΑΤΡΩΝ ΑΠΟΓΕΥΜΑΤΙΝΩΝ ΧΕΙΡΟΥΡΓΕΙΩΝ  09-10/2024   ΦΕΚ.1485 τΒ/05-03-2024,,,,no sponsor block
ΨΒ324690ΒΤ-ΡΓ2,2024-12-03,ΜΙΣΘΟΛΟΓΙΚΗ ΚΑΤΑΣΤΑΣΗ  ΥΠΑΛΛΗΛΩΝ ΣΤΑ ΑΠΟΓΕΥΜΑΤΙΝΑ  ΧΕΙΡΟΥΡΓΕΙΑ  ΜΗΝΟΣ 08-10/2024  ΦΕΚ 1485 τΒ/05-03-2024,,,,no sponsor block
6ΚΗΜ4690ΒΤ-Δ1Σ,2024-12-03,ΜΙΣΘΟΛΟΓΙΚΗ ΚΑΤΑΣΤΑΣΗ  ΥΠΑΛΛΗΛΩΝ ΣΤΑ ΑΠΟΓΕΥΜΑΤΙΝΑ  ΧΕΙΡΟΥΡΓΕΙΑ   07-10/2024  ΦΕΚ 1485 τΒ/05-03-2024,,,,no sponsor block
99ΞΦ4690ΒΤ-Ψ16,2024-12-03,ΜΙΣΘΟΛΟΓΙΚΗ ΚΑΤΑΣΤΑΣΗ ΙΑΤΡΩΝ ΑΠΟΓΕΥΜΑΤΙΝΩΝ ΧΕΙΡΟΥΡΓΕΙΩΝ  07-10 /2024   ΦΕΚ.1485 τΒ/05-03-2024,,,,no sponsor block
Ψ0ΔΠ4690ΒΤ-Ι2Ζ,2024-12-03,ΜΙΣΘΟΛΟΓΙΚΗ ΚΑΤΑΣΤΑΣΗ ΙΑΤΡΩΝ ΑΠΟΓΕΥΜΑΤΙΝΩΝ ΧΕΙΡΟΥΡΓΕΙΩΝ  23-9 /2024   ΦΕΚ.1485 τΒ/05-03-2024,,,,no sponsor block
ΨΥΝΞ4690ΒΤ-ΝΤΘ,2024-12-03,ΜΙΣΘΟΛΟΓΙΚΗ ΚΑΤΑΣΤΑΣΗ  ΥΠΑΛΛΗΛΩΝ ΣΤΑ ΑΠΟΓΕΥΜΑΤΙΝΑ  ΧΕΙΡΟΥΡΓΕΙΑ   23-9/2024  ΦΕΚ 1485 τΒ/05-03-2024,,,,no sponsor block
6Φ0Π4690ΒΤ-ΜΟΔ,2024-12-03,ΜΙΣΘΟΛΟΓΙΚΗ ΚΑΤΑΣΤΑΣΗ ΙΑΤΡΩΝ ΑΠΟΓΕΥΜΑΤΙΝΩΝ ΧΕΙΡΟΥΡΓΕΙΩΝ  29-8 /2024   ΦΕΚ.1485 τΒ/05-03-2024,,,,no sponsor block
987Υ4690ΒΤ-ΩΡ1,2024-12-03,ΜΙΣΘΟΛΟΓΙΚΗ ΚΑΤΑΣΤΑΣΗ  ΥΠΑΛΛΗΛΩΝ ΣΤΑ ΑΠΟΓΕΥΜΑΤΙΝΑ  ΧΕΙΡΟΥΡΓΕΙΑ  ΜΗΝΟΣ 29-8/2024  ΦΕΚ 1485 τΒ/05-03-2024,,,,no sponsor block
6Δ7Π4690ΒΤ-6ΞΚ,2024-12-03,ΓΙΑ ΤΗΝ ΑΞΙΑ ΠΛΗΡΩΜΗΣ ΟΔΟΙΠΟΡΙΚΩΝ ΕΞΟΔΩΝ ΚΑΙ ΗΜΕΡΗΣΙΑΣ ΑΠΟΖΗΜΙΩΣΗΣ ΥΠΑΛΛΗΛΩΝ Γ.Ν.ΚΑΤΕΡΙΝΗΣ,,,,no sponsor block
ΨΝΝ74690ΒΤ-Α98,2024-11-29,ΑΠΟΖΗΜΙΩΣΗ ΗΜΕΡΩΝ ΕΦΗΜΕΡΙΑΣ ΕΠΙΣΤΗΜΟΝΙΚΟΥ ΠΡΟΣΩΠΙΚΟΥ ΟΚΤΩΒΡΙΟΣ/2024  ΤΟΥ Κ.Ψ.ΥΓΕΙΑΣ,,,,no sponsor block
9Φ4Ρ4690ΒΤ-ΡΤ7,2024-11-29,ΑΠΟΖΗΜΙΩΣΗ ΗΜΕΡΩΝ ΕΦΗΜΕΡΙΑΣ ΕΠΙΣΤΗΜΟΝΙΚΟΥ ΠΡΟΣΩΠΙΚΟΥ ΟΚΤΩΒΡΙΟΣ/2024,,,,no sponsor block
ΨΣΤ84690ΒΤ-6Η7,2024-11-29,ΑΠΟΖΗΜΙΩΣΗ ΗΜΕΡΩΝ ΕΦΗΜΕΡΙΑΣ ΕΠΙΣΤΗΜΟΝΙΚΟΥ ΠΡΟΣΩΠΙΚΟΥ ΟΚΤΩΒΡΙΟΣ/2024,,,,no sponsor block
996Ψ4690ΒΤ-ΚΛ4,2024-11-29,ΠΡΟΣΘΕΤΕΣ ΑΜΟΙΒΕΣ  ΟΚΤΩΒΡΙΟΥ /2024  ΝΟΣΗΛΕΥΤΙΚΟ ΠΡΟΣΩΠΙΚΟ  Ν.Δ  1057/80 ΤΟΥ Ψ/ΤΟΜΕΑ,,,,no sponsor block
96ΕΤ4690ΒΤ-ΑΩΟ,2024-11-29,ΠΡΟΣΘΕΤΕΣ ΑΜΟΙΒΕΣ  ΟΚΤΩΒΡΙΟΥ /2024  ΜΟΝΙΜΟ-ΔΟΚΙΜΟ ΒΟΗΘ.  ΠΡΟΣΩΠΙΚΟ ΤΟΥ Ψ/ΤΟΜΕΑ,,,,no sponsor block
Ψ5ΕΓ4690ΒΤ-ΔΤΟ,2024-11-29,ΠΡΟΣΘΕΤΕΣ ΑΜΟΙΒΕΣ  ΟΚΤΩΒΡΙΟΥ /2024   ΤΕΧΝΙΚΟ  ΠΡΟΣΩΠΙΚΟ ΤΟΥ Ψ/ΤΟΜΕΑ,,,,no sponsor block
Ψ1ΩΠ4690ΒΤ-ΦΚΠ,2024-11-29,ΠΡΟΣΘΕΤΕΣ ΑΜΟΙΒΕΣ  ΟΚΤΩΒΡΙΟΥ /2024   ΠΡΟΣΩΠΙΚΟ  ΕΠΙ ΣΧΕΣΕΙ ΕΡΓΑΣΙΑΣ Ι.Δ.Α.Χ  ΤΟΥ Ψ/ΤΟΜΕΑ,,,,no sponsor block
65ΖΜ4690ΒΤ-ΤΡ3,2024-11-29,ΠΡΟΣΘΕΤΕΣ ΑΜΟΙΒΕΣ  ΟΚΤΩΒΡΙΟΥ /2024  ΝΕΟΠΡΟΣΛΑΜΒΑΝΟΜΕΝΟΙ Ο.Α.Ε.Δ ( 55-67 ) ΝΕΟΙ,,,,no sponsor block
69014690ΒΤ-Ρ3Ε,2024-11-29,ΠΡΟΣΘΕΤΕΣ ΑΜΟΙΒΕΣ  ΟΚΤΩΒΡΙΟΥ /2024  ΕΠΙΚΟΥΡΙΚΟ ΤΡΙΜΗΝΟ  ΠΡΟΣΩΠΙΚΟ ΤΟΥ Ψ/ΤΟΜΕΑ,,,,no sponsor block
Ψ96Ι4690ΒΤ-ΨΗ5,2024-11-29,ΠΡΟΣΘΕΤΕΣ ΑΜΟΙΒΕΣ  ΟΚΤΩΒΡΙΟΥ /2024  ΕΠΙΚΟΥΡΙΚΟ  ΠΡΟΣΩΠΙΚΟ ΤΟΥ Ψ/ΤΟΜΕΑ,,,,no sponsor block
9ΩΞΠ4690ΒΤ-ΩΞΔ,2024-11-29,ΠΡΟΣΘΕΤΕΣ ΑΜΟΙΒΕΣ  ΟΚΤΩΒΡΙΟΥ /2024  ΝΟΣΗΛΕΥΤΙΚΟ ΠΡΟΣΩΠΙΚΟ ΤΟΥ Ψ/ΤΟΜΕΑ,,,,no sponsor block
Ρ0ΒΘ4690ΒΤ-2Ρ2,2024-11-28,ΑΠΟΖΗΜΙΩΣΗ ΗΜΕΡΩΝ ΕΦΗΜΕΡΙΑΣ ΕΠΙΣΤΗΜΟΝΙΚΟΥ ΠΡΟΣΩΠΙΚΟΥ ΟΚΤΩΒΡΙΟΣ/2024,,,,no sponsor block
Ρ1ΤΗ4690ΒΤ-0ΘΟ,2024-11-28,ΑΠΟΖΗΜΙΩΣΗ ΗΜΕΡΩΝ ΕΦΗΜΕΡΙΑΣ ΕΠΙΣΤΗΜΟΝΙΚΟΥ ΠΡΟΣΩΠΙΚΟΥ ΟΚΤΩΒΡΙΟΣ/2024,,,,no sponsor block
ΨΧ9Ρ4690ΒΤ-ΡΛ9,2024-11-28,ΠΡΟΣΘΕΤΕΣ ΑΜΟΙΒΕΣ  ΟΚΤΩΒΡΙΟΥ /2024    ΑΠΟΣΠΑΣΜΕΝΟΙ,,,,no sponsor block
Ψ9ΩΩ4690ΒΤ-21Υ,2024-11-28,ΠΡΟΣΘΕΤΕΣ ΑΜΟΙΒΕΣ  ΟΚΤΩΒΡΙΟΥ /2024    ΠΡΟΣΩΠΙΚΟ  ΕΠΙ ΣΧΕΣΕΙ ΕΡΓΑΣΙΑΣ   Ι.Δ.ΑΧ,,,,no sponsor block
9ΡΜΔ4690ΒΤ-ΙΜ9,2024-11-28,ΠΡΟΣΘΕΤΕΣ ΑΜΟΙΒΕΣ  ΟΚΤΩΒΡΙΟΥ /2024  ΜΟΝΙΜΟ ΔΟΚΙΜΟ   ΠΡΟΣΩΠΙΚΟ  ΕΙΔ.ΘΕΣΕΩΝ,,,,no sponsor block
ΨΙ8Θ4690ΒΤ-Ω7Δ,2024-11-28,ΠΡΟΣΘΕΤΕΣ ΑΜΟΙΒΕΣ  ΟΚΤΩΒΡΙΟΥ /2024   ΜΟΝΙΜΟ-ΔΟΚΙΜΟ ΒΟΗΘ.  ΠΡΟΣΩΠΙΚΟ,,,,no sponsor block
9ΛΧΘ4690ΒΤ-4Δ8,2024-11-28,ΠΡΟΣΘΕΤΕΣ ΑΜΟΙΒΕΣ  ΟΚΤΩΒΡΙΟΥ /2024    ΠΡΟΣΩΠΙΚΟ  Ι.Δ Ν. 2470/96,,,,no sponsor block
ΨΜ034690ΒΤ-Ξ79,2024-11-28,ΠΡΟΣΘΕΤΕΣ ΑΜΟΙΒΕΣ  ΟΚΤΩΒΡΙΟΥ /2024    ΠΡΟΣΩΠΙΚΟ  Ι.Δ Ν. 2470/96,,,,no sponsor block
Ψ9ΕΧ4690ΒΤ-ΣΒΜ,2024-11-28,ΠΡΟΣΘΕΤΕΣ ΑΜΟΙΒΕΣ  ΟΚΤΩΒΡΙΟΥ /2024   ΝΕΟΠΡΟΣΛΑΜΒΑΝΟΜΕΝΟΙ  Ο.Α.Ε.Δ  (55-67 ) ΠΑΛΙΟΙ,,,,no sponsor block
6Λ6Ε4690ΒΤ-ΡΜΧ,2024-11-28,ΠΡΟΣΘΕΤΕΣ ΑΜΟΙΒΕΣ  ΟΚΤΩΒΡΙΟΥ /2024   ΝΕΟΠΡΟΣΛΑΜΒΑΝΟΜΕΝΟΙ  Ο.Α.Ε.Δ  (55-67 ) ΝΕΟΙ,,,,no sponsor block
9Δ6Β4690ΒΤ-ΓΘΑ,2024-11-28,ΠΡΟΣΘΕΤΕΣ ΑΜΟΙΒΕΣ  ΟΚΤΩΒΡΙΟΥ /2024   ΕΠΙΚΟΥΡΙΚΟ ΤΡΙΜΗΝΟ ΠΡΟΣΩΠΙΚΟ,,,,no sponsor block
ΨΔΗΡ4690ΒΤ-Ε7Ω,2024-11-28,ΠΡΟΣΘΕΤΕΣ ΑΜΟΙΒΕΣ  ΟΚΤΩΒΡΙΟΥ /2024   ΕΠΙΚΟΥΡΙΚΟ  ΠΡΟΣΩΠΙΚΟ,,,,no sponsor block
6ΞΟΖ4690ΒΤ-ΦΦ4,2024-11-28,ΠΡΟΣΘΕΤΕΣ ΑΜΟΙΒΕΣ  ΟΚΤΩΒΡΙΟΥ /2024   ΝΟΣΗΛΕΥΤΙΚΟ ΠΡΟΣΩΠΙΚΟ,,,,no sponsor block
6ΜΧ04690ΒΤ-Θ2Χ,2024-11-28,Εφημερίες  Ιουλίου /2024 που εκκαθαρίζονται σύμφωνα με το άρθρο 90 του Ν. 4850/21,,,,no sponsor block
ΨΧΤΔ4690ΒΤ-Ω0Δ,2024-11-28,Εφημερίες  Αυγούστου  /2024 που εκκαθαρίζονται σύμφωνα με το άρθρο 90 του Ν. 4850/21,,,,no sponsor block
ΨΘ7Ρ4690ΒΤ-ΠΞΓ,2024-11-28,Εφημερίες  Σεπτεμβρίου  /2024 που εκκαθαρίζονται σύμφωνα με το άρθρο 90 του Ν. 4850/21,,,,no sponsor block
6ΥΛΤ4690ΒΤ-Α0Ε,2024-11-28,ΤΑΚΤΙΚΕΣ ΕΦΗΜΕΡΙΕΣ   ΟΚΤΩΒΡΙΟΥ    /2024   ΓΙΑΤΡΟΙ  Ε.Σ.Υ  ΕΙΔΙΚ/ΝΟΙ ΤΟΥ Ψ/Τ,,,,no sponsor block
6Σ9Λ4690ΒΤ-9ΔΠ,2024-11-28,ΤΑΚΤΙΚΕΣ ΕΦΗΜΕΡΙΕΣ   ΟΚΤΩΒΡΙΟΥ    /2024   ΓΙΑΤΡΟΙ  Ε.Σ.Υ ΤΟΥ Ψ/Τ,,,,no sponsor block
9ΒΒ14690ΒΤ-ΟΓΕ,2024-11-28,ΤΑΚΤΙΚΕΣ ΕΦΗΜΕΡΙΕΣ   ΟΚΤΩΒΡΙΟΥ    /2024   ΓΙΑΤΡΟΙ  Ε.Σ.Υ  ΤΟΥ Κ.Ψ.ΥΓΕΙΑΣ,,,,no sponsor block
6ΨΓΟ4690ΒΤ-Α7Ψ,2024-11-28,ΤΑΚΤΙΚΕΣ ΕΦΗΜΕΡΙΕΣ   ΟΚΤΩΒΡΙΟΥ    /2024   ΕΠΙΚΟΥΡΙΚΟΙ  Ε.Σ.Υ,,,,no sponsor block
ΨΤΞ74690ΒΤ-ΨΑ3,2024-11-28,ΤΑΚΤΙΚΕΣ ΕΦΗΜΕΡΙΕΣ   ΟΚΤΩΒΡΙΟΥ    /2024   ΕΠΙΚΟΥΡΙΚΟΙ  Ε.Σ.Υ,,,,no sponsor block
ΨΝΘΡ4690ΒΤ-817,2024-11-28,ΤΑΚΤΙΚΕΣ ΕΦΗΜΕΡΙΕΣ   ΟΚΤΩΒΡΙΟΥ    /2024   ΓΙΑΤΡΟΙ  Ε.Σ.Υ  ΕΙΔ/ΝΟΙ,,,,no sponsor block
9Β6Χ4690ΒΤ-ΘΔΙ,2024-11-28,ΤΑΚΤΙΚΕΣ ΕΦΗΜΕΡΙΕΣ   ΟΚΤΩΒΡΙΟΥ    /2024   ΓΙΑΤΡΟΙ  Ε.Σ.Υ,,,,no sponsor block
9ΖΖΝ4690ΒΤ-2ΕΚ,2024-11-27,ΤΑΚΤΙΚΗ ΜΙΣΘΟΔΟΣΙΑ ΜΕΤΑΠ/ΤΕΩΝ     ΝΟΕΜΒΡΙΟΥ /2024  ΑΜΙΣΘΟΙ ΤΕΕ (ΔΙΕΚ) Γ.Ν.Κ.,,,,no sponsor block
6ΓΑΧ4690ΒΤ-ΑΣ0,2024-11-27,ΤΑΚΤΙΚΗ ΜΙΣΘΟΔΟΣΙΑ ΜΕΤΑΠ/ΤΕΩΝ  ΟΚΤΩΒΡΙΟΥ  /2024  ΑΜΙΣΘΟΙ ΤΕΕ ( ΕΠΑΛ ) Γ.Ν.Κ.,,,,no sponsor block
ΡΦΠΩ4690ΒΤ-Ε50,2024-11-27,ΤΑΚΤΙΚΗ ΜΙΣΘΟΔΟΣΙΑ ΜΕΤ/ΤΕΩΝ  ΝΟΕΜΒΡΙΟΥ  /2024   ΝΕΟΠΡΟΣΛΑΜΒΑΝΟΜΕΝΟ  Ο.Α.Ε.Δ  ΠΡΟΣΩΠΙΚΟ ( ΝΕΟΙ ) ( 55-67 ),,,,no sponsor block
92ΡΤ4690ΒΤ-ΞΡΨ,2024-11-27,ΤΑΚΤΙΚΗ ΜΙΣΘΟΔΟΣΙΑ ΜΕΤ/ΤΕΩΝ  ΝΟΕΜΒΡΙΟΥ  /2024   ΝΕΟΠΡΟΣΛΑΜΒΑΝΟΜΕΝΟ  Ο.Α.Ε.Δ  ΠΡΟΣΩΠΙΚΟ ( ΠΑΛΙΟΙ ) ( 55-67 ),,,,no sponsor block
9ΓΜΦ4690ΒΤ-7ΥΧ,2024-11-27,ΤΑΚΤΙΚΗ ΜΙΣΘΟΔΟΣΙΑ ΜΕΤ/ΤΕΩΝ  ΝΟΕΜΒΡΙΟΥ /2024  ΕΠΙΚΟΥΡΙΚΟ ΠΡΟΣΩΠΙΚΟ  ΑΝΑΔΡΟΜΙΚΑ COVID,,,,no sponsor block
6Χ964690ΒΤ-2ΟΙ,2024-11-27,ΤΑΚΤΙΚΗ ΜΙΣΘΟΔΟΣΙΑ ΜΕΤ/ΤΕΩΝ  ΝΟΕΜΒΡΙΟΥ /2024  ΕΠΙΚΟΥΡΙΚΟΙ  Ε.Σ.Υ,,,,no sponsor block
ΨΦΙΙ4690ΒΤ-Η3Φ,2024-11-27,ΤΑΚΤΙΚΗ ΜΙΣΘΟΔΟΣΙΑ ΜΕΤ/ΤΕΩΝ  ΝΟΕΜΒΡΙΟΥ /2024  ΕΠΙΚΟΥΡΙΚΟΙ  Ε.Σ.Υ ΑΝΑΔΡΟΜΙΚΑ COVID,,,,no sponsor block
6ΑΥ54690ΒΤ-Σ87,2024-11-27,ΤΑΚΤΙΚΗ ΜΙΣΘΟΔΟΣΙΑ ΜΕΤ/ΤΕΩΝ  ΝΟΕΜΒΡΙΟΥ /2024  ΕΠΙΚΟΥΡΙΚΟΙ  Ε.Σ.Υ,,,,no sponsor block
Ρ1ΚΠ4690ΒΤ-Β3Τ,2024-11-27,ΤΑΚΤΙΚΗ ΜΙΣΘΟΔΟΣΙΑ ΜΕΤ/ΤΕΩΝ  ΝΟΕΜΒΡΙΟΥ /2024 ΑΝΑΔΡΟΜΙΚΑ   ΕΠΙΚΟΥΡΙΚΟ ΠΡΟΣΩΠΙΚΟ ΤΡΙΜΗΝΟ COVID,,,,no sponsor block
ΨΜΜΧ4690ΒΤ-ΣΤΖ,2024-11-27,ΤΑΚΤΙΚΗ ΜΙΣΘΟΔΟΣΙΑ ΜΕΤ/ΤΕΩΝ  ΝΟΕΜΒΡΙΟΥ /2024  ΕΠΙΚΟΥΡΙΚΟ ΠΡΟΣΩΠΙΚΟ  ΤΡΙΜΗΝΟ,,,,no sponsor block
6ΤΩ64690ΒΤ-1ΒΠ,2024-11-27,ΤΑΚΤΙΚΗ ΜΙΣΘΟΔΟΣΙΑ ΜΕΤ/ΤΕΩΝ  ΝΟΕΜΒΡΙΟΥ /2024  ΕΠΙΚΟΥΡΙΚΟ ΠΡΟΣΩΠΙΚΟ,,,,no sponsor block
6ΥΚΦ4690ΒΤ-765,2024-11-26,ΓΙΑ ΤΗΝ ΑΞΙΑ ΠΛΗΡΩΜΗΣ ΟΔΟΙΠΟΡΙΚΩΝ ΕΞΟΔΩΝ ΚΑΙ ΗΜΕΡΗΣΙΑΣ ΑΠΟΖΗΜΙΩΣΗΣ ΥΠΑΛΛΗΛΩΝ Γ.Ν.ΚΑΤΕΡΙΝΗΣ,,,,no sponsor block
Ψ3ΦΒ4690ΒΤ-44Δ,2024-11-26,ΓΙΑ ΤΗΝ ΑΞΙΑ ΠΛΗΡΩΜΗΣ ΟΔΟΙΠΟΡΙΚΩΝ ΕΞΟΔΩΝ ΚΑΙ ΗΜΕΡΗΣΙΑΣ ΑΠΟΖΗΜΙΩΣΗΣ ΥΠΑΛΛΗΛΩΝ Γ.Ν.ΚΑΤΕΡΙΝΗΣ,,,,no sponsor block
66Ξ84690ΒΤ-ΜΡΨ,2024-11-25,Σύμβαση υποστήριξης εφαρμογών λογισμικού για το χρονικό διάστημα (  4-1-2024  εως 3-2-2024 )  cpv 72261000-2 ( 1ο Χ.Ε 1409/24,999825956,ΓΕΝΙΚΟ ΚΡΑΤΙΚΟ ΝΟΣΟΚΟΜΕΙΟ ΚΑΤΕΡΙΝΗΣ,8672.18,self-referential (payroll/EFKA/FMY remittance)
ΨΩΠΟ4690ΒΤ-ΠΛ2,2024-11-22,ΜΙΣΘΟΛΟΓΙΚΗ ΚΑΤΑΣΤΑΣΗ ΙΑΤΡΩΝ ΑΠΕΙΚΟΝΙΣΤΙΚΟΥ ΕΡΓΑΣΤΗΡΙΟΥ ΜΗΝΟΣ ΣΕΠΤΕΜΒΡΙΟΥ 2024,,,,no sponsor block
Ψ8ΘΓ4690ΒΤ-ΟΕ9,2024-11-22,ΜΙΣΘΟΛΟΓΙΚΗ ΚΑΤΑΣΤΑΣΗ ΤΕΧΝΟΛΟΓΩΝ ΑΠΕΙΚΟΝΙΣΤΙΚΟΥ ΕΡΓΑΣΤΗΡΙΟΥ ΜΗΝΟΣ  ΣΕΠΤΕΜΒΡΙΟΥ 2024,,,,no sponsor block
6Θ4Ε4690ΒΤ-ΝΤΕ,2024-11-22,ΠΛΗΡΩΜΗ ΠΡΟΣΩΠΙΚΟΥ ΑΠΟ ΤΗΝ ΟΛΟΗΜΕΡΗ ΛΕΙΤΟΥΡΓΙΑ ΤΟΥ ΝΟΣΟΚΟΜΕΙΟ ΜΗΝΟΣ ΣΕΠΤΕΜΒΡΙΟΥ  2024,,,,no sponsor block
ΨΗΕΣ4690ΒΤ-01Κ,2024-11-22,ΠΛΗΡΩΜΗ ΙΑΤΡΩΝ ΓΙΑ ΤΗΝ ΟΛΟΗΜΕΡΗ ΛΕΙΤΟΥΡΓΙΑ ΤΟΥ ΝΟΣΟΚΟΜΕΙΟΥ ΜΗΝΟΣ ΣΕΠΤΕΜΒΡΙΟΥ  2024,,,,no sponsor block
6Η134690ΒΤ-ΙΤΔ,2024-11-22,ΠΛΗΡΩΜΗ ΙΑΤΡΩΝ ΓΙΑ ΤΗΝ ΟΛΟΗΜΕΡΗ ΛΕΙΤΟΥΡΓΙΑ ΤΟΥ ΝΟΣΟΚΟΜΕΙΟΥ ΜΗΝΟΣ ΣΕΠΤΕΜΒΡΙΟΥ  2024,,,,no sponsor block
ΨΟΟΤ4690ΒΤ-ΛΒ4,2024-11-20,Αποζημίωση μη ληφθείσας κανονικής άδειας σύμφωνα με το πρακτικό 17/29-8-2024 θέμα 11 του Γ.Ν.Κ,,,,no sponsor block
ΨΔ984690ΒΤ-Ν93,2024-11-18,ΠΡΟΣΘΕΤΕΣ ΑΜΟΙΒΕΣ  ΣΕΠΤΕΜΒΡΙΟΥ  /2024     12 ΜΗΝΑ ΟΑΕΔ  ΔΗΜ.ΠΡΟΣΚΛΗΣΗ       Νο 13/2016,,,,no sponsor block
9ΛΝΓ4690ΒΤ-ΑΕΦ,2024-11-18,ΠΡΟΣΘΕΤΕΣ ΑΜΟΙΒΕΣ  ΣΕΠΤΕΜΒΡΙΟΥ  /2024 12 ΜΗΝΑ Ο.Α.Ε.Δ ΔΗΜ.ΠΡΟΣΚΛΗΣΗ  Νο  10/2017,,,,no sponsor block
ΨΣΞ74690ΒΤ-ΕΝΦ,2024-11-18,ΤΑΚΤΙΚΗ ΜΙΣΘΟΔΟΣΙΑ  ΟΚΤΩΒΡΙΟΥ /2024  12 ΜΗΝΑ Ο.Α.Ε.Δ   ΔΗΜ.ΠΡΟΣΚΛΗΣΗ    Νο 10/2017,,,,no sponsor block
6ΓΩ44690ΒΤ-ΣΟ9,2024-11-18,ΤΑΚΤΙΚΗ  ΜΙΣΘΟΔΟΣΙΑ  ΟΚΤΩΒΡΙΟΥ /2024      12 ΜΗΝΑ ΟΑΕΔ  ΔΗΜ.ΠΡΟΣΚΛΗΣΗ       Νο 13/2016,,,,no sponsor block
67204690ΒΤ-ΥΝ5,2024-11-15,"ΠΡΟΜ.ΛΟΙΠΟΥ ΧΗΜΙΚΟΥ ΥΛΙΚΟΥ ΑΡ.ΑΠ.15/30-07-2024 Θ2Ε ΜΑΓΕΙΡΑΣ ΔΙΑΓΝΩΤΙΚΑ ΑΡ.ΣΥΜΒ.222/2024 ΑΠΟ 02-09-2024 ΕΩΣ 01-09-2025 ΣΥΝΟΛΟ 89.663,52",999825956,ΓΕΝΙΚΟ ΚΡΑΤΙΚΟ ΝΟΣΟΚΟΜΕΙΟ ΚΑΤΕΡΙΝΗΣ,20000.00,self-referential (payroll/EFKA/FMY remittance)
ΨΓ8Χ4690ΒΤ-ΖΡΗ,2025-09-02,ΠΡΟΜΗΘΕΙΑ ΥΓΕΙΟΝΟΜΙΚΟΥ ΥΛΙΚΟΥ ΑΡ.ΑΠ.11/21-08-2025 ΑΙΤΗΜΑ 9662 ΥΓΡΑ ΔΙΑΛΥΜΑΤΑ Μ.Τ.Ν.,999825956,ΓΕΝΙΚΟ ΚΡΑΤΙΚΟ ΝΟΣΟΚΟΜΕΙΟ ΚΑΤΕΡΙΝΗΣ,3896.00,self-referential (payroll/EFKA/FMY remittance)
6ΤΤΥ4690ΒΤ-Τ6Η,2025-09-01,ΑΠΟΔΟΣΗ ΚΡΑΤΗΣΕΩΝ ΑΠΟ ΠΛΗΡΩΜΗ ΠΡΟΜΗΘΕΥΤΩΝ ΜΗΝΟΣ  ΑΥΓΟΥΣΤΟΥ 2025,,,,no sponsor block
6ΙΚΠ4690ΒΤ-ΟΘ7,2025-08-28,ΤΑΚΤΙΚΗ ΜΙΣΘΟΔΟΣΙΑ ΜΕΤΑΠ/ΤΕΩΝ   ΑΥΓΟΥΣΤΟΥ    /2025   ΕΠΙΚΟΥΡΙΚΟ ΠΡΟΣΩΠΙΚΟ,,,,no sponsor block
95Β54690ΒΤ-ΛΥΤ,2025-08-29,ΑΠΟΖΗΜΙΩΣΗ ΕΦΗΜΕΡΙΩΝ   ΙΟΥΛΙΟΥ  /2025   ΕΠΙΣΤΗΜΟΝΙΚΟ ΠΡΟΣΩΠΙΚΟ    ΤΟΥ  Κ.Ψ.ΥΓΕΙΑΣ,,,,no sponsor block
9Ξ9Ο4690ΒΤ-Ε1Ε,2025-08-29,ΑΠΟΖΗΜΙΩΣΗ ΕΦΗΜΕΡΙΩΝ   ΙΟΥΛΙΟΥ  /2025   ΕΠΙΣΤΗΜΟΝΙΚΟ ΠΡΟΣΩΠΙΚΟ   Ι.Δ  Ν.Δ 1057/80  ΤΟΥ Ψ.Τ,,,,no sponsor block
ΨΟΧ24690ΒΤ-ΑΨΑ,2025-08-29,ΑΠΟΖΗΜΙΩΣΗ ΕΦΗΜΕΡΙΩΝ   ΙΟΥΛΙΟΥ  /2025   ΕΠΙΣΤΗΜΟΝΙΚΟ ΠΡΟΣΩΠΙΚΟ    ΤΟΥ Ψ.Τ,,,,no sponsor block
Ψ81Π4690ΒΤ-0ΝΤ,2025-08-29,ΠΡΟΣΘΕΤΕΣ ΑΜΟΙΒΕΣ   ΙΟΥΛΙΟΥ  /2025     ΠΡΟΣΩΠΙΚΟ  ΕΠΙ ΣΧΕΣΕΙ  Ι.Δ.Α.Χ  ΤΟΥ Ψ/Τ,,,,no sponsor block
ΨΔ6Ξ4690ΒΤ-5ΧΚ,2025-08-29,ΠΡΟΣΘΕΤΕΣ ΑΜΟΙΒΕΣ   ΙΟΥΛΙΟΥ  /2025    ΝΟΣΗΛΕΥΤΙΚΟ ΠΡΟΣΩΠΙΚΟ  Ν.Δ  1057/80  ΤΟΥ Ψ/Τ,,,,no sponsor block
ΨΤΤ74690ΒΤ-6ΩΩ,2025-08-29,ΠΡΟΣΘΕΤΕΣ ΑΜΟΙΒΕΣ   ΙΟΥΛΙΟΥ  /2025    ΜΟΝΙΜΟ-ΔΟΚΙΜΟ-ΒΟΗΘ. ΠΡΟΣΩΠΙΚΟ  ΤΟΥ Ψ/Τ,,,,no sponsor block
99Π34690ΒΤ-59Τ,2025-08-29,ΠΡΟΣΘΕΤΕΣ ΑΜΟΙΒΕΣ   ΙΟΥΛΙΟΥ  /2025    ΤΕΧΝΙΚΟ  ΠΡΟΣΩΠΙΚΟ  ΤΟΥ Ψ/Τ,,,,no sponsor block
ΨΑΨ64690ΒΤ-3ΡΞ,2025-08-29,ΠΡΟΣΘΕΤΕΣ ΑΜΟΙΒΕΣ   ΙΟΥΛΙΟΥ  /2025    ΝΕΟΠΡΟΣΛΑΜΒΑΝΟΜΕΝΟΙ Ο.Α.Ε.Δ   ΤΟΥ Ψ/Τ,,,,no sponsor block
ΨΡ974690ΒΤ-7Ψ2,2025-08-29,ΠΡΟΣΘΕΤΕΣ ΑΜΟΙΒΕΣ   ΙΟΥΛΙΟΥ  /2025    ΕΠΙΚΟΥΡΙΚΟ  ΠΡΟΣΩΠΙΚΟ  ΤΟΥ Ψ/Τ,,,,no sponsor block
Ψ5ΚΘ4690ΒΤ-ΧΡΤ,2025-08-29,ΠΡΟΣΘΕΤΕΣ ΑΜΟΙΒΕΣ   ΙΟΥΛΙΟΥ  /2025     ΕΠΙΚΟΥΡΙΚΟ  ΠΡΟΣΩΠΙΚΟ ΤΡΙΜΗΝΑ  COVID  ΤΟΥ Ψ/Τ,,,,no sponsor block
6ΝΖΓ4690ΒΤ-ΔΔΖ,2025-08-29,ΠΡΟΣΘΕΤΕΣ ΑΜΟΙΒΕΣ   ΙΟΥΛΙΟΥ  /2025    ΝΟΣΗΛΕΥΤΙΚΟ ΠΡΟΣΩΠΙΚΟ  ΤΟΥ Ψ/Τ,,,,no sponsor block
Ψ8784690ΒΤ-1ΝΥ,2025-08-28,ΑΠΟΖΗΜΙΩΣΗ  ΕΦΗΜΕΡΙΩΝ ΕΠΙΣΤΗΜΟΝΙΚΟΥ ΠΡΟΣΩΠΙΚΟΥ  ΙΟΥΛΙΟΥ /2025,,,,no sponsor block
Ψ3ΚΟ4690ΒΤ-ΝΒ3,2025-08-28,ΑΠΟΖΗΜΙΩΣΗ  ΕΦΗΜΕΡΙΩΝ ΕΠΙΣΤΗΜΟΝΙΚΟΥ ΠΡΟΣΩΠΙΚΟΥ  ΙΟΥΛΙΟΥ /2025,,,,no sponsor block
6ΔΒΓ4690ΒΤ-ΕΒ2,2025-08-28,ΠΡΟΣΘΕΤΕΣ ΑΜΟΙΒΕΣ  ΙΟΥΛΙΟΥ /2025 Ο.Α.Ε.Δ ΚΟΙΝΟΦΕΛΟΥΣ ΕΡΓΑΣΙΑΣ Ι.Δ.Ο.Χ   ΔΗΜΟΣΙΑ ΠΡΟΣΚΛΗΣΗ  Νο 3/2025,,,,no sponsor block
ΡΩ0Σ4690ΒΤ-ΚΝΙ,2025-08-28,ΠΡΟΣΘΕΤΕΣ ΑΜΟΙΒΕΣ   ΙΟΥΛΙΟΥ  /2025    ΝΕΟΠΡΟΣΛΑΜΒΑΝΟΜΕΝΟΙ  Ο.Α.Ε.Δ  ( ΠΑΛΙΟΙ  ),,,,no sponsor block
9ΙΘΥ4690ΒΤ-ΠΗΘ,2025-08-28,ΠΡΟΣΘΕΤΕΣ ΑΜΟΙΒΕΣ   ΙΟΥΛΙΟΥ  /2025    ΝΕΟΠΡΟΣΛΑΜΒΑΝΟΜΕΝΟΙ  Ο.Α.Ε.Δ ( ΝΕΟΙ ),,,,no sponsor block
Ψ1Τ04690ΒΤ-Γ63,2025-08-28,ΠΡΟΣΘΕΤΕΣ ΑΜΟΙΒΕΣ   ΙΟΥΛΙΟΥ  /2025    ΑΠΟΣΠΑΣΜΕΝΟΙ,,,,no sponsor block
93ΔΡ4690ΒΤ-ΩΩΥ,2025-08-28,ΠΡΟΣΘΕΤΕΣ ΑΜΟΙΒΕΣ   ΙΟΥΛΙΟΥ  /2025      ΠΡΟΣΩΠΙΚΟ  ΕΠΙ ΣΧΕΣΕΙ  ΕΡΓΑΣΙΑΣ   Ι.Δ.Α.Χ,,,,no sponsor block
ΡΒΛΛ4690ΒΤ-ΜΧΚ,2025-08-28,ΠΡΟΣΘΕΤΕΣ ΑΜΟΙΒΕΣ   ΙΟΥΛΙΟΥ  /2025    ΝΟΣΗΛ/ΚΟ   ΠΡΟΣΩΠΙΚΟ  Ν.Δ  1057/80,,,,no sponsor block
6ΤΚΗ4690ΒΤ-ΔΝ2,2025-08-28,ΠΡΟΣΘΕΤΕΣ ΑΜΟΙΒΕΣ   ΙΟΥΛΙΟΥ  /2025    ΜΟΝΙΜΟ-ΔΟΚΙΜΟ   ΠΡΟΣΩΠΙΚΟ  ΕΙΔ.ΘΕΣΕΩΝ,,,,no sponsor block
ΡΘ6Γ4690ΒΤ-4Δ9,2025-08-28,ΠΡΟΣΘΕΤΕΣ ΑΜΟΙΒΕΣ   ΙΟΥΛΙΟΥ  /2025    ΜΟΝΙΜΟ-ΔΟΚΙΜΟ ΒΟΗΘ.  ΠΡΟΣΩΠΙΚΟ,,,,no sponsor block
99ΚΑ4690ΒΤ-Δ1Ρ,2025-08-28,ΠΡΟΣΘΕΤΕΣ ΑΜΟΙΒΕΣ   ΙΟΥΛΙΟΥ  /2025    ΔΙΟΙΚΗΤΙΚΟ   ΠΡΟΣΩΠΙΚΟ,,,,no sponsor block
9ΧΝΦ4690ΒΤ-Ζ9Ξ,2025-08-28,ΠΡΟΣΘΕΤΕΣ ΑΜΟΙΒΕΣ   ΙΟΥΛΙΟΥ  /2025     ΠΡΟΣΩΠΙΚΟ  Ι.Δ.  Ν.2470/96,,,,no sponsor block
Ψ7Β54690ΒΤ-ΔΚ5,2025-08-28,ΠΡΟΣΘΕΤΕΣ ΑΜΟΙΒΕΣ   ΙΟΥΛΙΟΥ  /2025    ΕΠΙΚΟΥΡΙΚΟ  ΠΡΟΣΩΠΙΚΟ,,,,no sponsor block
90554690ΒΤ-Α1Υ,2025-08-28,ΠΡΟΣΘΕΤΕΣ ΑΜΟΙΒΕΣ   ΙΟΥΛΙΟΥ  /2025    ΕΠΙΚΟΥΡΙΚΟ  ΠΡΟΣΩΠΙΚΟ  ΤΡΙΜΗΝΑ  COVID,,,,no sponsor block
ΨΩΙΜ4690ΒΤ-2Α6,2025-08-28,ΠΡΟΣΘΕΤΕΣ ΑΜΟΙΒΕΣ   ΙΟΥΛΙΟΥ  /2025    ΝΟΣΗΛΕΥΤΙΚΟ ΠΡΟΣΩΠΙΚΟ,,,,no sponsor block
6ΣΤΜ4690ΒΤ-ΓΦ5,2025-08-28,ΤΑΚΤΙΚΕΣ ΕΦΗΜΕΡΙΕΣ  ΙΟΥΛΙΟΥ  /2025   ΓΙΑΤΡΟΙ Ε.Σ.Υ  ΤΟΥ  Κ.Ψ.ΥΓΕΙΑΣ,,,,no sponsor block
ΨΤΓΑ4690ΒΤ-ΩΓΟ,2025-08-28,ΤΑΚΤΙΚΕΣ ΕΦΗΜΕΡΙΕΣ  ΙΟΥΛΙΟΥ  /2025   ΓΙΑΤΡΟΙ Ε.Σ.Υ  ΕΙΔΙΚ/ΝΟΙ   ΤΟΥ Ψ/Τ,,,,no sponsor block
9Φ084690ΒΤ-9ΒΒ,2025-08-28,ΤΑΚΤΙΚΕΣ ΕΦΗΜΕΡΙΕΣ  ΙΟΥΛΙΟΥ  /2025   ΓΙΑΤΡΟΙ Ε.Σ.Υ  ΤΟΥ Ψ/Τ,,,,no sponsor block
Ψ01Λ4690ΒΤ-ΚΝΕ,2025-08-28,ΤΑΚΤΙΚΕΣ ΕΦΗΜΕΡΙΕΣ  ΙΟΥΛΙΟΥ  /2025   ΕΠΙΚΟΥΡΙΚΟΙ  Ε.Σ.Υ,,,,no sponsor block
6ΥΤ64690ΒΤ-ΕΔ6,2025-08-28,ΤΑΚΤΙΚΕΣ ΕΦΗΜΕΡΙΕΣ  ΙΟΥΛΙΟΥ  /2025    EΠΙΚΟΥΡΙΚΟΙ  Ε.Σ.Υ,,,,no sponsor block
Ψ3ΘΠ4690ΒΤ-ΙΟΝ,2025-08-28,ΤΑΚΤΙΚΕΣ ΕΦΗΜΕΡΙΕΣ  ΙΟΥΛΙΟΥ  /2025   ΓΙΑΤΡΟΙ Ε.Σ.Υ  ΕΙΔΙΚ/ΝΟΙ,,,,no sponsor block
9Ψ774690ΒΤ-11Ι,2025-08-28,ΤΑΚΤΙΚΕΣ ΕΦΗΜΕΡΙΕΣ  ΙΟΥΛΙΟΥ  /2025   ΑΓΡΟΤΙΚΟΙ ΙΑΤΡΟΙ,,,,no sponsor block
ΨΧ724690ΒΤ-ΠΑ3,2025-08-28,ΤΑΚΤΙΚΕΣ ΕΦΗΜΕΡΙΕΣ  ΙΟΥΛΙΟΥ  /2025   ΓΙΑΤΡΟΙ Ε.Σ.Υ,,,,no sponsor block
Ψ39Τ4690ΒΤ-933,2025-08-28,ΑΝΑΔΡΟΜΙΚΑ ΑΠΟΖΗΜΙΩΣΗΣ ΑΔΕΙΑΣ ΙΟΥΛΙΟΥ /2025,,,,no sponsor block
ΨΛΔΞ4690ΒΤ-ΥΗ4,2025-08-28,ΤΑΚΤΙΚΗ ΜΙΣΘΟΔΟΣΙΑ  ΙΟΥΛΙΟΥ  /2025  ΑΣΚΟΥΜΕΝΟΙ Ο.Α.Ε.Δ  Ψ/Τ,,,,no sponsor block
9ΙΧ64690ΒΤ-3ΜΡ,2025-08-28,ΤΑΚΤΙΚΗ ΜΙΣΘΟΔΟΣΙΑ ΜΕΤΑΠ/ΤΕΩΝ   ΑΥΓΟΥΣΤΟΥ /2025  ΣΠΟΥΔΑΣΤΕΣ ΠΟΥ ΑΣΚΟΥΝΤΑΙ Τ.Ε.Ι,,,,no sponsor block
ΨΒ3Φ4690ΒΤ-ΦΜΣ,2025-08-28,ΤΑΚΤΙΚΗ ΜΙΣΘΟΔΟΣΙΑ ΜΕΤΑΠ/ΤΕΩΝ     ΑΥΓΟΥΣΤΟΥ   /2025   ΑΜΙΣΘΟΙ ΤΕΕ (ΔΙΕΚ) Γ.Ν.Κ.,,,,no sponsor block
ΡΟΛ44690ΒΤ-ΚΓΖ,2025-08-28,ΤΑΚΤΙΚΗ ΜΙΣΘΟΔΟΣΙΑ ΜΕΤΑΠ/ΤΕΩΝ   ΙΟΥΛΙΟΥ  /2025   ΑΜΙΣΘΟΙ ΤΕΕ ( ΕΠΑΛ ) Γ.Ν.Κ.,,,,no sponsor block
ΨΟ6Κ4690ΒΤ-ΩΚΘ,2025-08-28,ΤΑΚΤΙΚΗ ΜΙΣΘΟΔΟΣΙΑ ΜΕΤΑΠ/ΤΕΩΝ   ΑΥΓΟΥΣΤΟΥ    /2025   ΕΠΙΣΤΗΜΟΝΙΚΟ ΠΡΟΣΩΠΙΚΟ,,,,no sponsor block
9ΘΜ84690ΒΤ-008,2025-08-28,ΤΑΚΤΙΚΗ ΜΙΣΘΟΔΟΣΙΑ ΜΕΤΑΠ/ΤΕΩΝ   ΑΥΓΟΥΣΤΟΥ    /2025   ΝΕΟΠΡΟΣΛΑΜΒΑΝΟΜΕΝΟΙ  Ο.Α.Ε.Δ  ( ΠΑΛΙΟΙ ),,,,no sponsor block
6ΜΦΤ4690ΒΤ-ΟΩΙ,2025-08-28,ΤΑΚΤΙΚΗ ΜΙΣΘΟΔΟΣΙΑ ΜΕΤΑΠ/ΤΕΩΝ   ΑΥΓΟΥΣΤΟΥ    /2025   ΝΕΟΠΡΟΣΛΑΜΒΑΝΟΜΕΝΟΙ  Ο.Α.Ε.Δ  ( ΝΕΟΙ ),,,,no sponsor block
9Ρ7Λ4690ΒΤ-ΟΙΠ,2025-08-28,ΤΑΚΤΙΚΗ ΜΙΣΘΟΔΟΣΙΑ ΜΕΤΑΠ/ΤΕΩΝ   ΑΥΓΟΥΣΤΟΥ    /2025   ΕΠΙΚΟΥΡΙΚΟΙ Ε.Σ.Υ,,,,no sponsor block
6ΣΙ64690ΒΤ-4Ρ8,2025-08-28,ΤΑΚΤΙΚΗ ΜΙΣΘΟΔΟΣΙΑ ΜΕΤΑΠ/ΤΕΩΝ   ΑΥΓΟΥΣΤΟΥ    /2025   ΕΠΙΚΟΥΡΙΚΟΙ  Ε.Σ.Υ,,,,no sponsor block
95204690ΒΤ-77Α,2025-08-28,ΤΑΚΤΙΚΗ ΜΙΣΘΟΔΟΣΙΑ ΜΕΤΑΠ/ΤΕΩΝ   ΑΥΓΟΥΣΤΟΥ    /2025   ΕΠΙΚΟΥΡΙΚΟ ΠΡΟΣΩΠΙΚΟ   ΤΡΙΜΗΝΑ,,,,no sponsor block
60ΑΜ4690ΒΤ-ΔΑ8,2025-08-21,ΑΠΟΔΟΣΗ ΚΡΑΤΗΣΕΩΝ ΑΠΟ ΠΛΗΡΩΜΗ ΜΕΣΩ ΕΑΠ ΓΙΑ ΑΠΟΓΕΥΜΑΤΙΝΑ ΙΑΤΡΕΙΑ ΜΗΝΟΣ ΑΥΓΟΥΣΤΟΥ  2025,,,,no sponsor block
636Η4690ΒΤ-ΠΩΩ,2025-08-21,ΑΠΟΔΟΣΗ ΚΡΑΤΗΣΕΩΝ ΑΠΟ ΠΛΗΡΩΜΗ ΜΕΣΩ ΕΑΠ ΜΗΝΟΣ  ΑΥΓΟΥΣΤΟΥ 2025,,,,no sponsor block
9ΝΖΝ4690ΒΤ-ΖΩΣ,2025-08-19,Οικονομικό κίνητρο προσέλκυσης ειδικ/νων Ιατρών Γεν./ Οικογ.Ιατρικής  Αρθρο 10 ν.5157/2024 ( ΦΕΚ 187/15-11-2024 τ.Β,,,,no sponsor block
ΨΨΒ24690ΒΤ-Τ7Δ,2025-08-19,Οικονομικό κίνητρο προσέλκυσης ειδικ/νων Ιατρών Γεν./ Οικογ.Ιατρικής  Αρθρο 10 ν.5157/2024 ( ΦΕΚ 187/15-11-2024 τ.Β,,,,no sponsor block
Ψ5ΟΙ4690ΒΤ-6ΨΧ,2025-08-19,Οικονομικό κίνητρο προσέλκυσης ειδικ/νων Ιατρών Γεν./ Οικογ.Ιατρικής  Αρθρο 10 ν.5157/2024 ( ΦΕΚ 187/15-11-2024 τ.Β,,,,no sponsor block
9Θ604690ΒΤ-ΤΡΑ,2025-08-14,ΓΙΑ ΤΗΝ ΑΞΙΑ ΠΛΗΡΩΜΗΣ ΟΔΟΙΠΟΡΙΚΩΝ ΕΞΟΔΩΝ ΚΑΙ ΗΜΕΡΗΣΙΑΣ ΑΠΟΖΗΜΙΩΣΗΣ ΥΠΑΛΛΗΛΩΝ Γ.Ν.ΚΑΤΕΡΙΝΗΣ,,,,no sponsor block
ΨΦΕΛ4690ΒΤ-ΜΒΩ,2025-08-14,ΓΙΑ ΤΗΝ ΑΞΙΑ ΠΛΗΡΩΜΗΣ ΟΔΟΙΠΟΡΙΚΩΝ ΕΞΟΔΩΝ ΚΑΙ ΗΜΕΡΗΣΙΑΣ ΑΠΟΖΗΜΙΩΣΗΣ ΥΠΑΛΛΗΛΩΝ Γ.Ν.ΚΑΤΕΡΙΝΗΣ,,,,no sponsor block
Ψ0ΟΙ4690ΒΤ-ΧΩΜ,2025-08-12,Αποζημίωση λόγω συνταξιοδότησης προσωπικού Ι.Δ.Α.Χ,,,,no sponsor block
Ψ4ΒΕ4690ΒΤ-ΓΥ8,2025-08-12,Αποζημίωση λόγω συνταξιοδότησης προσωπικού Ι.Δ.Α.Χ,,,,no sponsor block
Ρ4Ι04690ΒΤ-ΦΨΞ,2025-08-06,ΤΑΚΤΙΚΗ ΜΙΣΘΟΔΟΣΙΑ   ΙΟΥΛΙΟΥ /2025  12 ΜΗΝΑ Ο.Α.Ε.Δ   ΔΗΜ.ΠΡΟΣΚΛΗΣΗ    Νο 3/2025,,,,no sponsor block
ΡΚΨΞ4690ΒΤ-ΒΓΤ,2025-08-06,ΠΡΟΣΘΕΤΕΣ ΑΜΟΙΒΕΣ  ΙΟΥΝΙΟΥ   /2025   12 ΜΗΝΑ Ο.Α.Ε.Δ ΔΗΜ.ΠΡΟΣΚΛΗΣΗ  Νο  10/2017,,,,no sponsor block
ΡΛΡΖ4690ΒΤ-ΠΗ9,2025-08-06,ΠΡΟΣΘΕΤΕΣ ΑΜΟΙΒΕΣ  ΙΟΥΝΙΟΥ  /2025   12 ΜΗΝΑ Ο.Α.Ε.Δ ΔΗΜ.ΠΡΟΣΚΛΗΣΗ  Νο  13/2016,,,,no sponsor block
9ΙΒΔ4690ΒΤ-ΒΓΖ,2025-08-06,ΤΑΚΤΙΚΗ ΜΙΣΘΟΔΟΣΙΑ   ΙΟΥΛΙΟΥ /2025  12 ΜΗΝΑ Ο.Α.Ε.Δ   ΔΗΜ.ΠΡΟΣΚΛΗΣΗ    Νο 10/2017,,,,no sponsor block
ΨΙ7Ψ4690ΒΤ-71Λ,2025-08-06,ΤΑΚΤΙΚΗ ΜΙΣΘΟΔΟΣΙΑ  ΙΟΥIOY /2025  12 ΜΗΝΑ Ο.Α.Ε.Δ   ΔΗΜ.ΠΡΟΣΚΛΗΣΗ    Νο 13/2016,,,,no sponsor block
ΡΩΙΡ4690ΒΤ-ΙΓ9,2025-08-01,ΑΠΟΔΟΣΗ ΚΡΑΤΗΣΕΩΝ ΑΠΟ ΠΛΗΡΩΜΗ ΠΡΟΜΗΘΕΥΤΩΝ ΜΗΝΟΣ ΙΟΥΛΙΟΥ 2025,,,,no sponsor block
Ψ3Μ74690ΒΤ-ΛΑΛ,2025-07-28,Πληρωμή  νοσηλευτικού &  λοιπού προσωπικού   απογευματινού χειρουργείου ( 27-02-2025   ) VOUCHER    74011Ε67,,,,no sponsor block
ΨΝ1Ρ4690ΒΤ-Τ5Υ,2025-07-28,Πληρωμή ιατρών απογευματινού χειρουργείου ( 27 -02-2025  ) VOUCHER  74011Ε67,,,,no sponsor block
Ψ4ΛΞ4690ΒΤ-Β7Π,2025-07-28,Πληρωμή  νοσηλευτικού &  λοιπού προσωπικού   απογευματινού χειρουργείου ( 24-02-2025   ) VOUCHER 3207Β9Β8,,,,no sponsor block
ΨΣΡΛ4690ΒΤ-Ξ5Κ,2025-07-28,Πληρωμή ιατρών απογευματινού χειρουργείου ( 24 -02-2025  ) VOUCHER  3207Β9Β8,,,,no sponsor block
9ΟΧ44690ΒΤ-82Δ,2025-07-28,Πληρωμή  νοσηλευτικού &  λοιπού προσωπικού   απογευματινού χειρουργείου ( 04-02-2025   ) VOUCHER   5D46CD33,,,,no sponsor block
9ΩΝ34690ΒΤ-ΟΤΚ,2025-07-28,Πληρωμή ιατρών απογευματινού χειρουργείου ( 04 -02-2025  ) VOUCHER  5D46CD33,,,,no sponsor block
ΨΦΕΟ4690ΒΤ-2ΤΑ,2025-07-28,Πληρωμή  νοσηλευτικού &  λοιπού προσωπικού   απογευματινού χειρουργείου ( 18-02-2025   ) VOUCHER    AE4738C5,,,,no sponsor block
9ΓΓΨ4690ΒΤ-Ε4Ω,2025-07-28,Πληρωμή ιατρών απογευματινού χειρουργείου ( 18 -02-2025  ) VOUCHER   AE4738C5,,,,no sponsor block
9ΛΟΩ4690ΒΤ-ΙΓΞ,2025-07-28,Πληρωμή  νοσηλευτικού &  λοιπού προσωπικού   απογευματινού χειρουργείου ( 18-02-2025   ) VOUCHER  3Α737515,,,,no sponsor block
ΨΧ034690ΒΤ-3ΩΠ,2025-07-28,Πληρωμή ιατρών απογευματινού χειρουργείου ( 18 -02-2025  ) VOUCHER  3Α737515,,,,no sponsor block
ΨΓΗ24690ΒΤ-ΜΞΞ,2025-07-28,Πληρωμή  νοσηλευτικού &  λοιπού προσωπικού   απογευματινού χειρουργείου ( 06-02-2025   ) VOUCHER  41606130,,,,no sponsor block
ΨΝΔΦ4690ΒΤ-ΡΙΔ,2025-07-28,Πληρωμή ιατρών απογευματινού χειρουργείου ( 06 -02-2025  ) VOUCHER  41606130,,,,no sponsor block
63ΓΠ4690ΒΤ-02Ρ,2025-07-28,Πληρωμή  νοσηλευτικού &  λοιπού προσωπικού   απογευματινού χειρουργείου ( 21-01-25 ) VOUCHER  476367Β0,,,,no sponsor block
9Π5Π4690ΒΤ-Δ3Δ,2025-07-28,Πληρωμή ιατρών απογευματινού χειρουργείου ( 21 -01-25 ) VOUCHER  476367Β0,,,,no sponsor block
Ψ3ΙΛ4690ΒΤ-8ΧΞ,2025-07-28,Πληρωμή  νοσηλευτικού &  λοιπού προσωπικού   απογευματινού χειρουργείου ( 14-01-25 ),,,,no sponsor block
Ψ40Ν4690ΒΤ-ΝΟΤ,2025-07-28,Πληρωμή ιατρών απογευματινού χειρουργείου ( 14-01-25 ) VOUCHER  B7A8209C,,,,no sponsor block
6ΝΘΩ4690ΒΤ-ΡΨΟ,2025-07-28,ΠΛΗΡΩΜΗ ΠΡΟΣΩΠΙΚΟΥ ΑΠΟ ΤΗΝ ΟΛΟΗΜΕΡΗ ΛΕΙΤΟΥΡΓΙΑ ΤΟΥ ΝΟΣΟΚΟΜΕΙΟ ΜΗΝΟΣ  ΙΟΥΝΙΟΥ   2025,,,,no sponsor block
6ΞΣΕ4690ΒΤ-ΧΟΦ,2025-07-28,ΠΛΗΡΩΜΗ ΙΑΤΡΩΝ ΓΙΑ ΤΗΝ ΟΛΟΗΜΕΡΗ ΛΕΙΤΟΥΡΓΙΑ ΤΟΥ ΝΟΣΟΚΟΜΕΙΟΥ ΜΗΝΟΣ  ΙΟΥΝΙΟΥ  2025,,,,no sponsor block
6ΖΦΧ4690ΒΤ-4Ο0,2025-07-28,ΜΙΣΘΟΛΟΓΙΚΗ ΚΑΤΑΣΤΑΣΗ ΙΑΤΡΩΝ ΑΠΕΙΚΟΝΙΣΤΙΚΟΥ ΕΡΓΑΣΤΗΡΙΟΥ ΜΗΝΟΣ  ΙΟΥΝΙΟΥ 2025,,,,no sponsor block
ΨΛΧ54690ΒΤ-ΧΣΑ,2025-07-28,ΜΙΣΘΟΛΟΓΙΚΗ ΚΑΤΑΣΤΑΣΗ ΤΕΧΝΟΛΟΓΩΝ ΑΠΕΙΚΟΝΙΣΤΙΚΟΥ ΕΡΓΑΣΤΗΡΙΟΥ ΜΗΝΟΣ   ΙΟΥΝΙΟΥ  2025,,,,no sponsor block
6ΘΟΡ4690ΒΤ-2ΧΓ,2025-07-25,ΑΠΟΖΗΜΙΩΣΗ ΕΦΗΜΕΡΙΩΝ   ΙΟΥΝΙΟΥ /2025   ΕΠΙΣΤΗΜΟΝΙΚΟ ΠΡΟΣΩΠΙΚΟ    ΤΟΥ  Κ.Ψ.ΥΓΕΙΑΣ,,,,no sponsor block
Ψ9Β64690ΒΤ-Μ1Θ,2025-07-25,ΑΠΟΖΗΜΙΩΣΗ ΕΦΗΜΕΡΙΩΝ   ΙΟΥΝΙΟΥ /2025   ΕΠΙΣΤΗΜΟΝΙΚΟ ΠΡΟΣΩΠΙΚΟ    ΤΟΥ Ψ.Τ,,,,no sponsor block
ΨΦΦΝ4690ΒΤ-ΡΛ5,2025-07-25,ΑΠΟΖΗΜΙΩΣΗ ΕΦΗΜΕΡΙΩΝ   ΙΟΥΝΙΟΥ /2025   ΕΠΙΣΤΗΜΟΝΙΚΟ ΠΡΟΣΩΠΙΚΟ  Ι.Δ  Ν.Δ  1057/80  ΤΟΥ Ψ.Τ,,,,no sponsor block
6ΜΙΔ4690ΒΤ-ΝΒΖ,2025-07-25,ΠΡΟΣΘΕΤΕΣ ΑΜΟΙΒΕΣ   ΙΟΥΝΙΟΥ  /2025    ΕΠΙΚΟΥΡΙΚΟ  ΠΡΟΣΩΠΙΚΟ  του Ψ/Τ,,,,no sponsor block
Ψ9Ρ24690ΒΤ-ΑΣΣ,2025-07-25,ΠΡΟΣΘΕΤΕΣ ΑΜΟΙΒΕΣ   ΙΟΥΝΙΟΥ  /2025    ΕΠΙΚΟΥΡΙΚΟ   ΠΡΟΣΩΠΙΚΟ  του Ψ/Τ,,,,no sponsor block
ΨΘ9Ο4690ΒΤ-ΦΟ2,2025-07-25,ΠΡΟΣΘΕΤΕΣ ΑΜΟΙΒΕΣ   ΙΟΥΝΙΟΥ  /2025    ΝΕΟΠΡΟΣΛΑΜΒΑΝΟΜΕΝΟΙ Ο.Α.Ε.Δ  του Ψ/Τ,,,,no sponsor block
9ΕΖ34690ΒΤ-8ΡΦ,2025-07-25,ΠΡΟΣΘΕΤΕΣ ΑΜΟΙΒΕΣ   ΙΟΥΝΙΟΥ  /2025    ΤΕΧΝΙΚΟ   ΠΡΟΣΩΠΙΚΟ  του Ψ/Τ,,,,no sponsor block
ΡΡΞΥ4690ΒΤ-Ο0Ρ,2025-07-25,ΠΡΟΣΘΕΤΕΣ ΑΜΟΙΒΕΣ   ΙΟΥΝΙΟΥ  /2025    ΜΟΝΙΜΟ-ΔΟΚΙΜΟ -ΒΟΗΘ.  ΠΡΟΣΩΠΙΚΟ  του Ψ/Τ,,,,no sponsor block
9ΛΜ14690ΒΤ-ΠΗΕ,2025-07-25,ΠΡΟΣΘΕΤΕΣ ΑΜΟΙΒΕΣ   ΙΟΥΝΙΟΥ  /2025    ΝΟΣΗΛΕΥΤΙΚΟ ΠΡΟΣΩΠΙΚΟ   Ν.Δ  1057/80    του Ψ/Τ,,,,no sponsor block
ΨΔ1Ι4690ΒΤ-72Π,2025-07-25,ΠΡΟΣΘΕΤΕΣ ΑΜΟΙΒΕΣ   ΙΟΥΝΙΟΥ  /2025     ΠΡΟΣΩΠΙΚΟ   ΕΠΙ ΣΧΕΣΕΙ  ΕΡΓΑΣΙΑΣ Ι.Δ.Α.Χ,,,,no sponsor block
Ψ01Δ4690ΒΤ-ΞΟΞ,2025-07-25,ΠΡΟΣΘΕΤΕΣ ΑΜΟΙΒΕΣ   ΙΟΥΝΙΟΥ  /2025    ΝΟΣΗΛΕΥΤΙΚΟ ΠΡΟΣΩΠΙΚΟ  του Ψ/Τ,,,,no sponsor block
ΨΣ704690ΒΤ-ΥΘΛ,2025-07-25,ΠΡΟΣΘΕΤΕΣ ΑΜΟΙΒΕΕΣ ΙΟΥΝΙΟΥ/2025 Ο.Α.Ε.Δ ΚΟΙΝΟΦΕΛΟΥΣ ΕΡΓΑΣΙΑΣ Ι.Δ.Ο.Χ   ΔΗΜΟΣΙΑ ΠΡΟΣΚΛΗΣΗ  Νο 3/2025,,,,no sponsor block
9ΦΟΦ4690ΒΤ-1Μ1,2025-07-25,ΑΠΟΖΗΜΙΩΣΗ  ΕΦΗΜΕΡΙΩΝ ΕΠΙΣΤΗΜΟΝΙΚΟΥ ΠΡΟΣΩΠΙΚΟΥ  6ου/2025,,,,no sponsor block
ΨΩΘΛ4690ΒΤ-ΟΤ6,2025-07-25,ΑΠΟΖΗΜΙΩΣΗ  ΕΦΗΜΕΡΙΩΝ ΕΠΙΣΤΗΜΟΝΙΚΟΥ ΠΡΟΣΩΠΙΚΟΥ  6ου/2025,,,,no sponsor block
91ΗΝ4690ΒΤ-Ρ02,2025-07-25,ΠΡΟΣΘΕΤΕΣ ΑΜΟΙΒΕΣ   ΙΟΥΝΙΟΥ  /2025   ΤΡΙΜΗΝΟ ΕΠΙΚΟΥΡΙΚΟ    ΠΡΟΣΩΠΙΚΟ,,,,no sponsor block
6ΜΘ64690ΒΤ-ΩΞΣ,2025-07-25,ΠΡΟΣΘΕΤΕΣ ΑΜΟΙΒΕΣ   ΙΟΥΝΙΟΥ  /2025    ΠΡΟΣΩΠΙΚΟ Ι.Δ  Ν.2470/96,,,,no sponsor block
9ΤΡ14690ΒΤ-ΗΤΗ,2025-07-25,ΠΡΟΣΘΕΤΕΣ ΑΜΟΙΒΕΣ   ΙΟΥΝΙΟΥ  /2025    ΝΕΟΠΡΟΣΛΑΜΒΑΝΟΜΕΝΟΙ  Ο.Α.Ε.Δ,,,,no sponsor block
6ΓΗΦ4690ΒΤ-ΒΡΑ,2025-07-25,ΠΡΟΣΘΕΤΕΣ ΑΜΟΙΒΕΣ   ΙΟΥΝΙΟΥ  /2025    ΝΕΟΠΡΟΣΛΑΜΒΑΝΟΜΕΝΟΙ  Ο.Α.Ε.Δ,,,,no sponsor block
92ΖΠ4690ΒΤ-ΨΨΒ,2025-07-25,ΠΡΟΣΘΕΤΕΣ ΑΜΟΙΒΕΣ   ΙΟΥΝΙΟΥ  /2025    ΔΙΟΙΚΗΤΙΚΟ  ΠΡΟΣΩΠΙΚΟ,,,,no sponsor block
9ΥΔ34690ΒΤ-2ΙΞ,2025-07-25,ΠΡΟΣΘΕΤΕΣ ΑΜΟΙΒΕΣ   ΙΟΥΝΙΟΥ  /2025     ΜΟΝΙΜΟ ΔΟΚΙΜΟ ΒΟΗΘ.ΠΡΟΣΩΠΙΚΟ,,,,no sponsor block
ΨΞΥ24690ΒΤ-Η30,2025-07-25,ΠΡΟΣΘΕΤΕΣ ΑΜΟΙΒΕΣ   ΙΟΥΝΙΟΥ  /2025     ΜΟΝΙΜΟ -ΔΟΚΙΜΟ  ΠΡΟΣΩΠΙΚΟ ΕΙΔ.ΘΕΣΕΩΝ,,,,no sponsor block
6Σ0Φ4690ΒΤ-Ψ7Α,2025-07-25,ΠΡΟΣΘΕΤΕΣ ΑΜΟΙΒΕΣ   ΙΟΥΝΙΟΥ  /2025    ΝΟΣΗΛΕΥΤΙΚΟ ΠΡΟΣΩΠΙΚΟ  Ν.Δ 1057/80,,,,no sponsor block
ΨΡ204690ΒΤ-Π0Γ,2025-07-25,ΠΡΟΣΘΕΤΕΣ ΑΜΟΙΒΕΣ   ΙΟΥΝΙΟΥ  /2025     ΠΡΟΣΩΠΙΚΟ  ΕΠΙ ΣΧΕΣΕΙ ΕΡΓΑΣΙΑΣ Ι.Δ.Α.Χ,,,,no sponsor block
6ΝΖΞ4690ΒΤ-Ζ84,2025-07-25,ΠΡΟΣΘΕΤΕΣ ΑΜΟΙΒΕΣ   ΙΟΥΝΙΟΥ  /2025    ΑΠΟΣΠΑΣΜΕΝΟΙ,,,,no sponsor block
ΨΔΜ04690ΒΤ-ΘΙΣ,2025-07-25,ΠΡΟΣΘΕΤΕΣ ΑΜΟΙΒΕΣ   ΙΟΥΝΙΟΥ  /2025    ΕΠΙΚΟΥΡΙΚΟ  ΠΡΟΣΩΠΙΚΟ,,,,no sponsor block
6Ι974690ΒΤ-ΒΣ8,2025-07-25,ΠΡΟΣΘΕΤΕΣ ΑΜΟΙΒΕΣ   ΙΟΥΝΙΟΥ  /2025    ΝΟΣΗΛΕΥΤΙΚΟ ΠΡΟΣΩΠΙΚΟ,,,,no sponsor block
ΨΗΛΟ4690ΒΤ-ΝΘΡ,2025-07-25,ΤΑΚΤΙΚΕΣ ΕΦΗΜΕΡΙΕΣ  ΙΟΥΝΙΟΥ  /2025   ΓΙΑΤΡΟΙ Ε.Σ.Υ  ΕΙΔΙΚ/ΝΟΙ,,,,no sponsor block
ΨΕΔΙ4690ΒΤ-7ΦΒ,2025-07-25,ΤΑΚΤΙΚΕΣ ΕΦΗΜΕΡΙΕΣ  ΙΟΥΝΙΟΥ  /2025   ΓΙΑΤΡΟΙ Ε.Σ.Υ ΤΟΥ Ψ/Τ,,,,no sponsor block
6ΧΡΥ4690ΒΤ-4Τ8,2025-07-25,ΤΑΚΤΙΚΕΣ ΕΦΗΜΕΡΙΕΣ  ΙΟΥΝΙΟΥ  /2025   ΓΙΑΤΡΟΙ Ε.Σ.Υ   ΤΟΥ Κ.Ψ.ΥΓΕΙΑΣ,,,,no sponsor block
94Γ34690ΒΤ-ΛΤ4,2025-07-25,ΤΑΚΤΙΚΕΣ ΕΦΗΜΕΡΙΕΣ  ΙΟΥΝΙΟΥ  /2025    EΠΙΚΟΥΡΙΚΟΙ  Ε.Σ.Υ,,,,no sponsor block
946Ε4690ΒΤ-ΨΝΧ,2025-07-25,ΤΑΚΤΙΚΕΣ ΕΦΗΜΕΡΙΕΣ  ΙΟΥΝΙΟΥ  /2025    ΕΠΙΚΟΥΡΙΚΟΙ   Ε.Σ.Υ,,,,no sponsor block
62ΠΜ4690ΒΤ-ΓΞΙ,2025-07-25,ΤΑΚΤΙΚΕΣ ΕΦΗΜΕΡΙΕΣ  ΙΟΥΝΙΟΥ  /2025   ΑΓΡΟΤΙΚΟΙ  ΙΑΤΡΟΙ,,,,no sponsor block
6ΞΤΩ4690ΒΤ-ΞΡΡ,2025-07-25,ΤΑΚΤΙΚΕΣ ΕΦΗΜΕΡΙΕΣ  ΙΟΥΝΙΟΥ  /2025   ΓΙΑΤΡΟΙ Ε.Σ.Υ  ΕΙΔΙΚ/ΝΟΙ,,,,no sponsor block
ΨΙΥΥ4690ΒΤ-Α1Ψ,2025-07-25,ΤΑΚΤΙΚΕΣ ΕΦΗΜΕΡΙΕΣ  ΙΟΥΝΙΟΥ  /2025   ΓΙΑΤΡΟΙ Ε.Σ.Υ,,,,no sponsor block
ΨΣ8Γ4690ΒΤ-Λ5Χ,2025-07-24,ΑΝΑΔΡΟΜΙΚΑ ΑΠΟΖΗΜΙΩΣΗΣ ΑΔΕΙΑΣ ΙΟΥΝΙΟΥ/2025,,,,no sponsor block
ΨΑΜΣ4690ΒΤ-0ΧΛ,2025-07-24,ΤΑΚΤΙΚΗ ΜΙΣΘΟΔΟΣΙΑ  ΙΟΥΝΙΟΥ  /2025  ΑΣΚΟΥΜΕΝΟΙ Ο.Α.Ε.Δ  Ψ/Τ,,,,no sponsor block
9ΓΒΛ4690ΒΤ-ΝΞΤ,2025-07-24,ΤΑΚΤΙΚΗ ΜΙΣΘΟΔΟΣΙΑ ΜΕΤΑΠ/ΤΕΩΝ   ΙΟΥΛΙΟΥ  /2025  ΕΠΙΣΤΗΜΟΝΙΚΟ ΠΡΟΣΩΠΙΚΟ,,,,no sponsor block
6ΔΑΕ4690ΒΤ-ΑΧ9,2025-07-24,ΤΑΚΤΙΚΗ ΜΙΣΘΟΔΟΣΙΑ ΜΕΤΑΠ/ΤΕΩΝ   ΙΟΥΛΙΟΥ /2025  ΣΠΟΥΔΑΣΤΕΣ ΠΟΥ ΑΣΚΟΥΝΤΑΙ Τ.Ε.Ι,,,,no sponsor block
6ΤΤΔ4690ΒΤ-ΙΛΟ,2025-07-24,ΤΑΚΤΙΚΗ ΜΙΣΘΟΔΟΣΙΑ ΜΕΤΑΠ/ΤΕΩΝ     ΙΟΥΛΙΟΥ   /2025   ΑΜΙΣΘΟΙ ΤΕΕ (ΔΙΕΚ) Γ.Ν.Κ.,,,,no sponsor block
93Ρ04690ΒΤ-ΗΟΕ,2025-07-24,ΤΑΚΤΙΚΗ ΜΙΣΘΟΔΟΣΙΑ ΜΕΤΑΠ/ΤΕΩΝ   ΙΟΥΝΙΟΥ  /2025   ΑΜΙΣΘΟΙ ΤΕΕ ( ΕΠΑΛ ) Γ.Ν.Κ.,,,,no sponsor block
6Μ3Φ4690ΒΤ-ΠΗΕ,2025-07-24,ΑΝΑΔΡΟΜΙΚΑ ΙΟΥΛΙΟΥ/2025  ΕΠΙΚΟΥΡΙΚΟΙ ΕΣΥ,,,,no sponsor block
ΨΣΔΕ4690ΒΤ-Ι2Η,2025-07-24,ΤΑΚΤΙΚΗ ΜΙΣΘΟΔΟΣΙΑ ΜΕΤΑΠ/ΤΕΩΝ   ΙΟΥΛΙΟΥ   /2025   ΕΠΙΚΟΥΡΙΚΟI E.Σ.Υ,,,,no sponsor block
6ΘΜΠ4690ΒΤ-Κ13,2025-07-24,ΑΝΑΔΡΟΜΙΚΑ ΙΟΥΛΙΟΥ/2025   ΕΠΙΚΟΥΡΙΚΟΙ Ε.Σ.Υ,,,,no sponsor block
9Υ6Ν4690ΒΤ-ΔΘΖ,2025-07-24,ΤΑΚΤΙΚΗ ΜΙΣΘΟΔΟΣΙΑ ΜΕΤΑΠ/ΤΕΩΝ   ΙΟΥΛΙΟΥ /2025  ΕΠΙΚΟΥΡΙΚΟΙ Ε.Σ.Υ,,,,no sponsor block
Ψ6ΙΒ4690ΒΤ-ΞΕΥ,2025-07-24,ΑΝΑΔΡΟΜΙΚΑ ΙΟΥΛΙΟΥ/2025  ΕΠΙΚΟΥΡΙΚΟ ΠΡΟΣΩΠΙΚΟ,,,,no sponsor block
6ΥΤ54690ΒΤ-24Η,2025-07-24,ΤΑΚΤΙΚΗ ΜΙΣΘΟΔΟΣΙΑ ΜΕΤΑΠ/ΤΕΩΝ   ΙΟΥΛΙΟΥ   /2025   ΕΠΙΚΟΥΡΙΚΟ  ΤΡΙΜΗΝΟ   ΠΡΟΣΩΠΙΚΟ,,,,no sponsor block
995Δ4690ΒΤ-ΦΤ8,2025-07-24,ΤΑΚΤΙΚΗ ΜΙΣΘΟΔΟΣΙΑ ΜΕΤΑΠ/ΤΕΩΝ     ΙΟΥΛΙΟΥ   /2025   ΝΕΟΠΡΟΣΛΑΜΒΑΝΟΜΕΝΟΙ  Ο.Α.Ε.Δ   ΝΕΟΙ  ( 55 -67 ),,,,no sponsor block
976Ψ4690ΒΤ-7ΨΘ,2025-07-24,ΤΑΚΤΙΚΗ ΜΙΣΘΟΔΟΣΙΑ ΜΕΤΑΠ/ΤΕΩΝ     ΙΟΥΛΙΟΥ   /2025   ΝΕΟΠΡΟΣΛΑΜΒΑΝΟΜΕΝΟΙ  Ο.Α.Ε.Δ   ΠΑΛΙΟΙ   ( 55 -67 ),,,,no sponsor block
65ΤΝ4690ΒΤ-25Ω,2025-07-24,ΤΑΚΤΙΚΗ ΜΙΣΘΟΔΟΣΙΑ ΜΕΤΑΠ/ΤΕΩΝ   ΙΟΥΛΙΟΥ   /2025   ΕΠΙΚΟΥΡΙΚΟ ΠΡΟΣΩΠΙΚΟ,,,,no sponsor block
616Τ4690ΒΤ-ΦΤΩ,2025-07-24,ΠΡΟΣΘΕΤΕΣ ΕΦΗΜΕΡΙΕΣ  ΜΑΡΤΙΟΥ / 2025   ΓΙΑΤΡΟΙ     ΕΣΥ  ΕΙΔΙΚ/ΝΟΙ,,,,no sponsor block
992Γ4690ΒΤ-1Κ6,2025-07-24,ΠΡΟΣΘΕΤΕΣ ΕΦΗΜΕΡΙΕΣ  ΜΑΡΤΙΟΥ / 2025   ΓΙΑΤΡΟΙ     ΕΣΥ   ΤΟΥ Ψ/Τ,,,,no sponsor block
ΨΡ744690ΒΤ-ΚΛ1,2025-07-24,ΠΡΟΣΘΕΤΕΣ ΕΦΗΜΕΡΙΕΣ  ΜΑΡΤΙΟΥ / 2025   ΕΠΙΚΟΥΡΙΚΟΙ     ΕΣΥ,,,,no sponsor block
99Ζ94690ΒΤ-ΗΗΥ,2025-07-24,ΠΡΟΣΘΕΤΕΣ ΕΦΗΜΕΡΙΕΣ  ΜΑΡΤΙΟΥ / 2025   ΕΠΙΚΟΥΡΙΚΟΙ     ΕΣΥ,,,,no sponsor block
Ψ5Κ94690ΒΤ-1Ε2,2025-07-24,ΠΡΟΣΘΕΤΕΣ ΕΦΗΜΕΡΙΕΣ  ΜΑΡΤΙΟΥ / 2025 ΓΙΑΤΡΟΙ  ΕΣΥ   ΕΙΔΙΚ/ΝΟΙ,,,,no sponsor block
99ΑΗ4690ΒΤ-ΗΙ2,2025-07-24,ΠΡΟΣΘΕΤΕΣ ΕΦΗΜΕΡΙΕΣ  ΜΑΡΤΙΟΥ / 2025 ΓΙΑΤΡΟΙ  ΕΣΥ,,,,no sponsor block
9Ω6Π4690ΒΤ-Ξ86,2025-07-21,ΑΠΟΔΟΣΗ ΚΡΑΤΗΣΕΩΝ ΑΠΟ ΠΛΗΡΩΜΗ ΜΕΣΩ ΕΑΠ ΓΙΑ ΑΠΟΓΕΥΜΑΤΙΝΑ ΙΑΤΡΕΙΑ ΜΗΝΟΣ ΙΟΥΛΙΟΥ 2025,,,,no sponsor block
Ψ6ΓΗ4690ΒΤ-ΠΞ1,2025-07-21,ΑΠΟΔΟΣΗ ΚΡΑΤΗΣΕΩΝ ΑΠΟ ΠΛΗΡΩΜΗ ΜΕΣΩ ΕΑΠ ΜΗΝΟΣ ΙΟΥΛΙΟΥ  2025,,,,no sponsor block
ΨΖΗΠ4690ΒΤ-ΥΩ3,2025-07-09,ΓΙΑ ΤΗΝ ΑΞΙΑ ΠΛΗΡΩΜΗΣ ΟΔΟΙΠΟΡΙΚΩΝ ΕΞΟΔΩΝ ΚΑΙ ΗΜΕΡΗΣΙΑΣ ΑΠΟΖΗΜΙΩΣΗΣ ΥΠΑΛΛΗΛΩΝ Γ.Ν.ΚΑΤΕΡΙΝΗΣ,,,,no sponsor block
ΨΜΧ94690ΒΤ-ΛΞΗ,2025-07-09,ΓΙΑ ΤΗΝ ΑΞΙΑ ΠΛΗΡΩΜΗΣ ΟΔΟΙΠΟΡΙΚΩΝ ΕΞΟΔΩΝ ΚΑΙ ΗΜΕΡΗΣΙΑΣ ΑΠΟΖΗΜΙΩΣΗΣ ΥΠΑΛΛΗΛΩΝ Γ.Ν.ΚΑΤΕΡΙΝΗΣ,,,,no sponsor block
ΨΔΣΝ4690ΒΤ-ΧΝΖ,2025-07-09,ΤΑΚΤΙΚΗ ΜΙΣΘΟΔΟΣΙΑ   ΙΟΥΝΙΟΥ /2025  12 ΜΗΝΑ Ο.Α.Ε.Δ   ΔΗΜ.ΠΡΟΣΚΛΗΣΗ    Νο 3/2025,,,,no sponsor block
ΨΧ1Η4690ΒΤ-ΧΨΥ,2025-07-08,ΠΡΟΣΘΕΤΕΣ ΑΜΟΙΒΕΣ  ΜΑΙΟΥ   /2025   12 ΜΗΝΑ Ο.Α.Ε.Δ ΔΗΜ.ΠΡΟΣΚΛΗΣΗ  Νο  10/2017,,,,no sponsor block
ΡΓ624690ΒΤ-Ι4Ξ,2025-07-08,ΠΡΟΣΘΕΤΕΣ ΑΜΟΙΒΕΣ  ΜΑΙΟΥ  /2025   12 ΜΗΝΑ Ο.Α.Ε.Δ ΔΗΜ.ΠΡΟΣΚΛΗΣΗ  Νο  13/2016,,,,no sponsor block
Ψ5ΛΩ4690ΒΤ-Θ9Ο,2025-07-08,ΤΑΚΤΙΚΗ ΜΙΣΘΟΔΟΣΙΑ   ΙΟΥΝΙΟΥ /2025  12 ΜΗΝΑ Ο.Α.Ε.Δ   ΔΗΜ.ΠΡΟΣΚΛΗΣΗ    Νο 10/2017,,,,no sponsor block
621Υ4690ΒΤ-Ω12,2025-07-08,Είσπραξη ενοικίου Ιουλίου  /2025   ξενώνα Δύσκολων  του Ψ/Τομέα   ( 1ο Χ.Ε.679/2021 )  cpv 70310000-7   ( 1ο Χ.Ε Κατάσχ.1258/24,,,,no sponsor block
ΨΡΛΝ4690ΒΤ-ΛΒΟ,2025-07-07,ΠΛΗΡΩΜΗ ΠΡΟΣΩΠΙΚΟΥ ΑΠΟ ΤΗΝ ΟΛΟΗΜΕΡΗ ΛΕΙΤΟΥΡΓΙΑ ΤΟΥ ΝΟΣΟΚΟΜΕΙΟ ΜΗΝΟΣ  ΜΑΙΟΥ   2025,,,,no sponsor block
9ΜΒΡ4690ΒΤ-ΠΥΑ,2025-07-07,ΠΛΗΡΩΜΗ ΙΑΤΡΩΝ ΓΙΑ ΤΗΝ ΟΛΟΗΜΕΡΗ ΛΕΙΤΟΥΡΓΙΑ ΤΟΥ ΝΟΣΟΚΟΜΕΙΟΥ ΜΗΝΟΣ  ΜΑΙΟΥ  2025,,,,no sponsor block
ΨΥΖ34690ΒΤ-ΗΩΛ,2025-07-07,ΜΙΣΘΟΛΟΓΙΚΗ ΚΑΤΑΣΤΑΣΗ ΙΑΤΡΩΝ ΑΠΕΙΚΟΝΙΣΤΙΚΟΥ ΕΡΓΑΣΤΗΡΙΟΥ ΜΗΝΟΣ  ΜΑΙΟΥ 2025,,,,no sponsor block
Ρ6Λ04690ΒΤ-ΠΗΚ,2025-07-07,ΜΙΣΘΟΛΟΓΙΚΗ ΚΑΤΑΣΤΑΣΗ ΤΕΧΝΟΛΟΓΩΝ ΑΠΕΙΚΟΝΙΣΤΙΚΟΥ ΕΡΓΑΣΤΗΡΙΟΥ ΜΗΝΟΣ   ΜΑΙΟΥ  2025,,,,no sponsor block
ΨΗΗΚ4690ΒΤ-6ΚΕ,2025-07-04,ΠΡΟΣΘΕΤΕΣ ΕΦΗΜΕΡΙΕΣ ΦΕΒΡΟΥΑΡΙΟΥ 2025 ΕΠΙΚΟΥΡΙΚΩΝ ΕΣΥ,,,,no sponsor block
ΡΗΥ94690ΒΤ-ΜΦΣ,2025-07-04,ΠΡΟΣΘΕΤΕΣ ΕΦΗΜΕΡΙΕΣ ΦΕΒΡΟΥΑΡΙΟΥ 2025 ΓΙΑΤΡΟΙ ΕΠΙΚΟΥΡΙΚΟΙ ΕΣΥ,,,,no sponsor block
9Ι1Υ4690ΒΤ-2Ι4,2025-07-04,ΠΡΟΣΘΕΤΕΣ ΕΦΗΜΕΡΙΕΣ ΦΕΒΡΟΥΑΡΙΟΥ 2025 ΓΙΑΤΡΩΝ ΕΣΥ Γ.Ν.Κ.,,,,no sponsor block
ΨΑΞΗ4690ΒΤ-5ΘΠ,2025-07-04,ΠΡΟΣΘΕΤΕΣ ΕΦΗΜΕΡΙΕΣ ΦΕΒΡΟΥΑΡΙΟΥ 2025 ΓΙΑΤΡΟΙ ΕΣΥ ΕΔΙΚ/ΝΟΙ Γ.Ν.Κ.,,,,no sponsor block
96Θ94690ΒΤ-ΔΞΙ,2025-07-04,ΠΡΟΣΘΕΤΕΣ ΕΦΗΜΕΡΙΕΣ ΦΕΒΡΟΥΑΡΙΟΥ 2025 ΓΙΑΤΡΩΝ ΕΣΥ (Ψ.Τ),,,,no sponsor block
9ΤΨΤ4690ΒΤ-4ΜΥ,2025-07-01,ΑΠΟΖΗΜΙΩΣΗ ΕΦΗΜΕΡΙΩΝ  ΜΑΙΟΥ /2025   ΕΠΙΣΤΗΜΟΝΙΚΟ ΠΡΟΣΩΠΙΚΟ  Ι.Δ  Ν.Δ  1057/80  ΤΟΥ Κ.Ψ.ΥΓΕΙΑΣ,,,,no sponsor block
ΡΥΝΦ4690ΒΤ-ΥΩΝ,2025-07-01,ΑΠΟΖΗΜΙΩΣΗ ΕΦΗΜΕΡΙΩΝ  ΜΑΙΟΥ /2025   ΕΠΙΣΤΗΜΟΝΙΚΟ ΠΡΟΣΩΠΙΚΟ  Ι.Δ  Ν.Δ  1057/80  ΤΟΥ Ψ.Τ,,,,no sponsor block
6ΙΝΙ4690ΒΤ-ΑΒΧ,2025-07-01,ΑΠΟΖΗΜΙΩΣΗ ΕΦΗΜΕΡΙΩΝ  ΜΑΙΟΥ /2025   ΕΠΙΣΤΗΜΟΝΙΚΟ ΠΡΟΣΩΠΙΚΟ  Ι.Δ  Ν.Δ  1057/80  ΤΟΥ Ψ.Τ,,,,no sponsor block
68ΧΓ4690ΒΤ-ΔΔΔ,2025-07-01,ΠΡΟΣΘΕΤΕΣ ΑΜΟΙΒΕΣ   ΜΑΙΟΥ   /2025    ΤΕΧΝΙΚΟ  ΠΡΟΣΩΠΙΚΟ  ΤΟΥ Ψ/ΤΟΜΕΑ,,,,no sponsor block
Ρ4ΠΒ4690ΒΤ-55Β,2025-07-01,ΠΡΟΣΘΕΤΕΣ ΑΜΟΙΒΕΣ   ΜΑΙΟΥ   /2025    ΜΟΝΙΜΟ-ΔΟΚΙΜΟ ΒΟΗΘ.  ΠΡΟΣΩΠΙΚΟ  ΤΟΥ Ψ/ΤΟΜΕΑ,,,,no sponsor block
97ΙΣ4690ΒΤ-Ι02,2025-07-01,ΠΡΟΣΘΕΤΕΣ ΑΜΟΙΒΕΣ   ΜΑΙΟΥ   /2025    ΝΟΣΗΛΕΥΤΙΚΟ ΠΡΟΣΩΠΙΚΟ  Ν.Δ  1057/80    ΤΟΥ Ψ/ΤΟΜΕΑ,,,,no sponsor block
9ΗΡΤ4690ΒΤ-ΑΛΑ,2025-07-01,ΠΡΟΣΘΕΤΕΣ ΑΜΟΙΒΕΣ   ΜΑΙΟΥ   /2025     ΠΡΟΣΩΠΙΚΟ  ΕΠΙ ΣΧΕΣΕΙ ΕΡΓΑΣΙΑΣ  ΤΟΥ Ψ/ΤΟΜΕΑ,,,,no sponsor block
9ΑΨ14690ΒΤ-ΦΗΣ,2025-07-01,ΠΡΟΣΘΕΤΕΣ ΑΜΟΙΒΕΣ   ΜΑΙΟΥ   /2025    ΝΕΟΠΡΟΣΛΑΜΒΑΝΟΜΕΝΟΙ  Ο.Α.Ε.Δ  (  55-67  )  ΤΟΥ Ψ/ΤΟΜΕΑ,,,,no sponsor block
ΡΚΜ74690ΒΤ-3ΥΦ,2025-07-01,ΠΡΟΣΘΕΤΕΣ ΑΜΟΙΒΕΣ   ΜΑΙΟΥ   /2025    ΕΠΙΚΟΥΡΙΚΟ ΤΡΙΜΗΝΟ  ΠΡΟΣΩΠΙΚΟ  ΤΟΥ Ψ/ΤΟΜΕΑ,,,,no sponsor block
91Ξ54690ΒΤ-ΑΓΣ,2025-07-01,ΠΡΟΣΘΕΤΕΣ ΑΜΟΙΒΕΣ   ΜΑΙΟΥ   /2025     ΕΠΙΚΟΥΡΙΚΟ  ΠΡΟΣΩΠΙΚΟ  ΤΟΥ Ψ/ΤΟΜΕΑ,,,,no sponsor block
ΡΤ5Θ4690ΒΤ-8Η8,2025-07-01,ΠΡΟΣΘΕΤΕΣ ΑΜΟΙΒΕΣ   ΜΑΙΟΥ   /2025    ΝΟΣΗΛΕΥΤΙΚΟ ΠΡΟΣΩΠΙΚΟ  ΤΟΥ Ψ/ΤΟΜΕΑ,,,,no sponsor block
ΨΥΣΗ4690ΒΤ-ΕΙΖ,2025-07-01,ΚΡΑΤΗΣΕΙΣ,,,,no sponsor block
9Ψ5Χ4690ΒΤ-ΥΟ8,2025-07-01,ΤΑΚΤΙΚΗ ΜΙΣΘΟΔΟΣΙΑ ΜΕΤΑΠ/ΤΕΩΝ   ΙΟΥΝΙΟΥ  /2025  ΣΠΟΥΔΑΣΤΕΣ ΠΟΥ ΑΣΚΟΥΝΤΑΙ Τ.Ε.Ι,,,,no sponsor block
9Κ1Ε4690ΒΤ-5ΣΑ,2025-07-01,ΠΡΟΣΘΕΤΕΣ ΑΜΟΙΒΕΣ   ΜΑΙΟΥ  /2025    ΝΟΣΗΛΕΥΤΙΚΟ ΠΡΟΣΩΠΙΚΟ,,,,no sponsor block
9ΘΓΨ4690ΒΤ-Η73,2025-07-01,ΠΡΟΣΘΕΤΕΣ ΑΜΟΙΒΕΣ   ΜΑΙΟΥ  /2025    ΑΠΟΣΠΑΣΜΕΝΟΙ,,,,no sponsor block
60ΞΤ4690ΒΤ-ΔΩΛ,2025-07-01,ΠΡΟΣΘΕΤΕΣ ΑΜΟΙΒΕΣ   ΜΑΙΟΥ  /2025     ΜΟΝΙΜΟ-ΔΟΚΙΜΟ  ΠΡΟΣΩΠΙΚΟ ΕΙΔ. ΘΕΣΕΩΝ,,,,no sponsor block
ΨΨΥΞ4690ΒΤ-ΓΑ7,2025-07-01,ΑΠΟΖΗΜΙΩΣΗ  ΕΦΗΜΕΡΙΩΝ ΕΠΙΣΤΗΜΟΝΙΚΟΥ ΠΡΟΣΩΠΙΚΟΥ  5ου/2025,,,,no sponsor block
65ΒΩ4690ΒΤ-2Ν4,2025-07-01,ΑΠΟΖΗΜΙΩΣΗ  ΕΦΗΜΕΡΙΩΝ ΕΠΙΣΤΗΜΟΝΙΚΟΥ ΠΡΟΣΩΠΙΚΟΥ  5ου/2025,,,,no sponsor block
Ψ4ΒΧ4690ΒΤ-ΖΟΑ,2025-07-01,ΠΡΟΣΘΕΤΕΣ ΑΜΟΙΒΕΣ   ΜΑΙΟΥ  /2025      ΠΡΟΣΩΠΙΚΟ  ΕΠΙ ΣΧΕΣΕΙ ΕΡΓΑΣΙΑΣ  Ι.Δ.Α.Χ,,,,no sponsor block
ΨΧΕΡ4690ΒΤ-Ο61,2025-07-01,ΠΡΟΣΘΕΤΕΣ ΑΜΟΙΒΕΣ   ΜΑΙΟΥ  /2025    ΝΟΣΗΛΕΥΤΙΚΟ   ΠΡΟΣΩΠΙΚΟ Ν.Δ  1057/80,,,,no sponsor block
ΨΜΨΕ4690ΒΤ-Φ2Κ,2025-07-01,ΠΡΟΣΘΕΤΕΣ ΑΜΟΙΒΕΣ   ΜΑΙΟΥ  /2025    ΔΙΟΙΚΗΤΙΚΟ  ΠΡΟΣΩΠΙΚΟ,,,,no sponsor block
6Ξ2Ε4690ΒΤ-ΧΕ0,2025-07-01,ΠΡΟΣΘΕΤΕΣ ΑΜΟΙΒΕΣ   ΜΑΙΟΥ  /2025    ΠΡΟΣΩΠΙΚΟ  Ι.Δ  Ν.2470/96,,,,no sponsor block
6ΜΓ34690ΒΤ-9Ν9,2025-07-01,ΠΡΟΣΘΕΤΕΣ ΑΜΟΙΒΕΣ   ΜΑΙΟΥ  /2025    ΝΕΟΠΡΟΣΛΑΜΒΑΝΟΜΕΝΟΙ Ο.Α.Ε.Δ ( 55-67 )  ΝΕΟΙ,,,,no sponsor block
9ΑΑ64690ΒΤ-51Ρ,2025-07-01,ΠΡΟΣΘΕΤΕΣ ΑΜΟΙΒΕΣ   ΜΑΙΟΥ  /2025    ΝΕΟΠΡΟΣΛΑΜΒΑΝΟΜΕΝΟΙ Ο.Α.Ε.Δ ( 55-67 ) ΠΑΛΙΟΙ,,,,no sponsor block
9ΩΗΦ4690ΒΤ-ΨΒΩ,2025-07-01,ΠΡΟΣΘΕΤΕΣ ΑΜΟΙΒΕΣ   ΜΑΙΟΥ  /2025     ΕΠΙΚΟΥΡΙΚΟ  ΠΡΟΣΩΠΙΚΟ,,,,no sponsor block
ΨΕ5Ο4690ΒΤ-91Η,2025-07-01,ΠΡΟΣΘΕΤΕΣ ΑΜΟΙΒΕΣ   ΜΑΙΟΥ  /2025    ΕΠΙΚΟΥΡΙΚΟ ΤΡΙΜΗΝΟ  ΠΡΟΣΩΠΙΚΟ,,,,no sponsor block
99Ζ64690ΒΤ-ΟΨΣ,2025-07-01,ΠΡΟΣΘΕΤΕΣ ΑΜΟΙΒΕΣ   ΜΑΙΟΥ  /2025    ΜΟΝΙΜΟ  -ΔΟΚΙΜΟ ΒΟΗΘ . ΠΡΟΣΩΠΙΚΟ,,,,no sponsor block
6ΗΣΓ4690ΒΤ-Υ2Μ,2025-06-30,ΤΑΚΤΙΚΕΣ ΕΦΗΜΕΡΙΕΣ  ΜΑΙΟΥ  /2025   ΓΙΑΤΡΟΙ Ε.Σ.Υ  ΤΟΥ  Κ.Ψ.ΥΓΕΙΑΣ,,,,no sponsor block
60654690ΒΤ-ΜΙΕ,2025-06-30,ΤΑΚΤΙΚΕΣ ΕΦΗΜΕΡΙΕΣ  ΜΑΙΟΥ  /2025   ΓΙΑΤΡΟΙ Ε.Σ.Υ  ΕΙΔΙΚ/ΝΟΙ   ΤΟΥ Ψ/Τ,,,,no sponsor block
ΡΒ8Τ4690ΒΤ-Ο2Δ,2025-06-30,ΤΑΚΤΙΚΕΣ ΕΦΗΜΕΡΙΕΣ  ΜΑΙΟΥ  /2025   ΓΙΑΤΡΟΙ Ε.Σ.Υ  ΤΟΥ Ψ/Τ,,,,no sponsor block
ΡΠΦΔ4690ΒΤ-Σ6Λ,2025-06-30,ΤΑΚΤΙΚΕΣ ΕΦΗΜΕΡΙΕΣ  ΜΑΙΟΥ  /2025    ΕΠΙΚΟΥΡΙΚΟΙ  Ε.Σ.Υ,,,,no sponsor block
Ψ70Λ4690ΒΤ-2ΑΒ,2025-06-30,ΤΑΚΤΙΚΕΣ ΕΦΗΜΕΡΙΕΣ  ΜΑΙΟΥ  /2025   ΑΓΡΟΤΙΚΟΙ ΙΑΤΡΟΙ,,,,no sponsor block
Ρ0ΗΔ4690ΒΤ-Ζ1Τ,2025-06-30,ΤΑΚΤΙΚΕΣ ΕΦΗΜΕΡΙΕΣ  ΜΑΙΟΥ  /2025    EΠΙΚΟΥΡΙΚΟΙ  Ε.Σ.Υ,,,,no sponsor block
ΨΩΞΕ4690ΒΤ-ΙΣΜ,2025-06-30,ΤΑΚΤΙΚΕΣ ΕΦΗΜΕΡΙΕΣ  ΜΑΙΟΥ  /2025   ΓΙΑΤΡΟΙ Ε.Σ.Υ  ΕΙΔΙΚ/ΝΟΙ,,,,no sponsor block
6ΓΣΘ4690ΒΤ-Ο0Τ,2025-06-30,ΤΑΚΤΙΚΕΣ ΕΦΗΜΕΡΙΕΣ  ΜΑΙΟΥ  /2025   ΓΙΑΤΡΟΙ Ε.Σ.Υ,,,,no sponsor block
Ψ79Ξ4690ΒΤ-9ΧΘ,2025-06-30,ΤΑΚΤΙΚΗ ΜΙΣΘΟΔΟΣΙΑ ΜΕΤΑΠ/ΤΕΩΝ   ΜΑΙΟΥ  /2025   ΑΜΙΣΘΟΙ ΤΕΕ ( ΕΠΑΛ ) Γ.Ν.Κ.,,,,no sponsor block
9ΡΖΦ4690ΒΤ-ΜΟΦ,2025-06-30,ΤΑΚΤΙΚΗ ΜΙΣΘΟΔΟΣΙΑ  ΜΑΙΟΥ  /2025  ΑΣΚΟΥΜΕΝΟΙ Ο.Α.Ε.Δ  Ψ/Τ,,,,no sponsor block
Ψ9ΓΩ4690ΒΤ-Φ2Ο,2025-06-30,ΤΑΚΤΙΚΗ ΜΙΣΘΟΔΟΣΙΑ ΜΕΤΑΠ/ΤΕΩΝ   ΙΟΥΝΙΟΥ   /2025   ΕΠΙΚΟΥΡΙΚΟ  ΤΡΙΜΗΝΟ   ΠΡΟΣΩΠΙΚΟ,,,,no sponsor block
92474690ΒΤ-88Λ,2025-06-30,ΤΑΚΤΙΚΗ ΜΙΣΘΟΔΟΣΙΑ ΜΕΤΑΠ/ΤΕΩΝ   ΙΟΥΝΙΟΥ   /2025   ΕΠΙΚΟΥΡΙΚΟ  ΤΡΙΜΗΝΟ   ΠΡΟΣΩΠΙΚΟ,,,,no sponsor block
9Υ894690ΒΤ-Γ2Δ,2025-06-30,ΤΑΚΤΙΚΗ ΜΙΣΘΟΔΟΣΙΑ ΜΕΤΑΠ/ΤΕΩΝ   ΙΟΥΝΙΟΥ  /2025  ΕΠΙΣΤΗΜΟΝΙΚΟ ΠΡΟΣΩΠΙΚΟ,,,,no sponsor block
ΨΗ8Χ4690ΒΤ-ΟΞΓ,2025-06-30,ΤΑΚΤΙΚΗ ΜΙΣΘΟΔΟΣΙΑ ΜΕΤΑΠ/ΤΕΩΝ     ΙΟΥΝΙΟΥ   /2025   ΝΕΟΠΡΟΣΛΑΜΒΑΝΟΜΕΝΟΙ  Ο.Α.Ε.Δ   ΝΕΟΙ  ( 55 -67 ),,,,no sponsor block
97ΩΤ4690ΒΤ-ΝΩΩ,2025-06-30,ΤΑΚΤΙΚΗ ΜΙΣΘΟΔΟΣΙΑ ΜΕΤΑΠ/ΤΕΩΝ     ΙΟΥΝΙΟΥ   /2025   ΝΕΟΠΡΟΣΛΑΜΒΑΝΟΜΕΝΟΙ  Ο.Α.Ε.Δ   ΝΕΟΙ  ( 55 -67 ),,,,no sponsor block
9ΜΞ94690ΒΤ-ΙΤΣ,2025-06-30,ΤΑΚΤΙΚΗ ΜΙΣΘΟΔΟΣΙΑ ΜΕΤΑΠ/ΤΕΩΝ     ΙΟΥΝΙΟΥ   /2025   ΝΕΟΠΡΟΣΛΑΜΒΑΝΟΜΕΝΟΙ  Ο.Α.Ε.Δ   ΠΑΛΙΟΙ   ( 55 -67 ),,,,no sponsor block
968Χ4690ΒΤ-ΨΜΤ,2025-06-30,ΑΝΑΔΡΟΜΙΚΑ ΙΟΥΝΙΟΥ/2025  ΕΠΙΚΟΥΡΙΚΟΙ Ε.Σ.Υ,,,,no sponsor block
9ΦΜΜ4690ΒΤ-Ε74,2025-06-30,ΤΑΚΤΙΚΗ ΜΙΣΘΟΔΟΣΙΑ ΜΕΤΑΠ/ΤΕΩΝ   ΙΟΥΝΙΟΥ /2025  ΕΠΙΚΟΥΡΙΚΟΙ Ε.Σ.Υ,,,,no sponsor block
90Υ14690ΒΤ-ΞΙΠ,2025-06-30,ΤΑΚΤΙΚΗ ΜΙΣΘΟΔΟΣΙΑ ΜΕΤΑΠ/ΤΕΩΝ   ΙΟΥΝΙΟΥ   /2025   ΕΠΙΚΟΥΡΙΚΟI E.Σ.Υ,,,,no sponsor block
ΨΞΟΕ4690ΒΤ-ΔΘΥ,2025-06-30,ΑΝΑΔΡΟΜΙΚΑ ΙΟΥΝΙΟΥ /2025 ΕΠΙΚΟΥΡΙΚΟ ΠΡΟΣΩΠΙΚΟ,,,,no sponsor block
634Κ4690ΒΤ-ΝΟ7,2025-06-30,ΤΑΚΤΙΚΗ ΜΙΣΘΟΔΟΣΙΑ ΜΕΤΑΠ/ΤΕΩΝ   ΙΟΥΝΙΟΥ   /2025   ΕΠΙΚΟΥΡΙΚΟ ΠΡΟΣΩΠΙΚΟ,,,,no sponsor block
ΨΜ4Σ4690ΒΤ-Μ3Γ,2025-06-23,ΑΠΟΔΟΣΗ ΚΡΑΤΗΣΕΩΝ ΑΠΟ ΠΛΗΡΩΜΗ ΜΕΣΩ ΕΑΠ ΓΙΑ ΑΠΟΓΕΥΜΑΤΙΝΑ ΙΑΤΡΕΙΑ ΜΗΝΟΣ ΙΟΥΝΙΟΥ  2025,,,,no sponsor block
6ΦΚΙ4690ΒΤ-ΜΟΕ,2025-06-23,ΑΠΟΔΟΣΗ ΚΡΑΤΗΣΕΩΝ ΑΠΟ ΠΛΗΡΩΜΗ ΜΕΣΩ ΕΑΠ ΜΗΝΟΣ  ΙΟΥΝΙΟΥ 2025,,,,no sponsor block
65ΣΡ4690ΒΤ-ΠΗ1,2025-06-19,ΓΙΑ ΤΗΝ ΠΛΗΡΩΜΗ ΟΔΟΙΠΟΡΙΚΩΝ ΕΞΟΔΩΝ ΚΑ ΗΜΕΡΗΣΙΑΣ ΑΠΟΖΗΜΙΩΣΗΣ ΥΠΑΛΛΗΛΩΝ 3ΗΣ ΥΠΕ ΜΑΪΟΥ /2025,,,,no sponsor block
9ΟΟΚ4690ΒΤ-ΞΦΤ,2025-06-04,ΓΙΑ ΤΗΝ ΑΞΙΑ ΠΛΗΡΩΜΗΣ ΟΔΟΙΠΟΡΙΚΩΝ ΕΞΟΔΩΝ ΚΑΙ ΗΜΕΡΗΣΙΑΣ ΑΠΟΖΗΜΙΩΣΗΣ ΥΠΑΛΛΗΛΩΝ Γ.Ν.ΚΑΤΕΡΙΝΗΣ,,,,no sponsor block
6ΧΣΛ4690ΒΤ-ΦΒ5,2025-06-16,ΓΙΑ ΤΗΝ ΑΞΙΑ ΠΛΗΡΩΜΗΣ ΟΔΟΙΠΟΡΙΚΩΝ ΕΞΟΔΩΝ ΚΑΙ ΗΜΕΡΗΣΙΑΣ ΑΠΟΖΗΜΙΩΣΗΣ ΥΠΑΛΛΗΛΩΝ Γ.Ν.ΚΑΤΕΡΙΝΗΣ,,,,no sponsor block
ΨΙΙΚ4690ΒΤ-ΖΩΖ,2025-06-12,ΠΛΗΡΩΜΗ ΠΡΟΣΩΠΙΚΟΥ ΑΠΟ ΤΗΝ ΟΛΟΗΜΕΡΗ ΛΕΙΤΟΥΡΓΙΑ ΤΟΥ ΝΟΣΟΚΟΜΕΙΟ ΜΗΝΟΣ  ΑΠΡΙΛΙΟΥ   2025,,,,no sponsor block
ΨΘΨΗ4690ΒΤ-ΒΧ6,2025-06-12,ΠΛΗΡΩΜΗ ΙΑΤΡΩΝ ΓΙΑ ΤΗΝ ΟΛΟΗΜΕΡΗ ΛΕΙΤΟΥΡΓΙΑ ΤΟΥ ΝΟΣΟΚΟΜΕΙΟΥ ΜΗΝΟΣ  ΑΠΡΙΛΙΟΥ  2025,,,,no sponsor block
ΨΩΛΥ4690ΒΤ-ΚΡΝ,2025-06-12,Αμοιβή   Προσωπικού 12ος/2024  λόγω συμμετοχής στην ολοήμερη λειτουργία του Νοσοκομείου,,,,no sponsor block
ΨΩΣΛ4690ΒΤ-ΑΞ0,2025-06-12,Αμοιβή Ιατρικού Προσωπικού 12ος/2024  λόγω συμμετοχής στην ολοήμερη λειτουργία του Νοσοκομείου,,,,no sponsor block
65ΩΟ4690ΒΤ-ΙΡΙ,2025-06-12,ΜΙΣΘΟΛΟΓΙΚΗ ΚΑΤΑΣΤΑΣΗ ΙΑΤΡΩΝ ΑΠΕΙΚΟΝΙΣΤΙΚΟΥ ΕΡΓΑΣΤΗΡΙΟΥ ΜΗΝΟΣ  ΑΠΡΙΛΙΟΥ  2025,,,,no sponsor block
6Σ5Ρ4690ΒΤ-0ΞΓ,2025-06-12,ΜΙΣΘΟΛΟΓΙΚΗ ΚΑΤΑΣΤΑΣΗ ΤΕΧΝΟΛΟΓΩΝ ΑΠΕΙΚΟΝΙΣΤΙΚΟΥ ΕΡΓΑΣΤΗΡΙΟΥ ΜΗΝΟΣ   ΑΠΡΙΛΙΟΥ  2025,,,,no sponsor block
61Ψ14690ΒΤ-296,2025-06-11,ΠΡΟΣΘΕΤΕΣ ΑΜΟΙΒΕΣ  ΑΠΡΙΛΙΟΥ  /2025   12 ΜΗΝΑ Ο.Α.Ε.Δ ΔΗΜ.ΠΡΟΣΚΛΗΣΗ  Νο  13/2016,,,,no sponsor block
9Ζ8Η4690ΒΤ-ΗΝΤ,2025-06-11,ΠΡΟΣΘΕΤΕΣ ΑΜΟΙΒΕΣ  ΑΠΡΙΛΙΟΥ  /2025   12 ΜΗΝΑ Ο.Α.Ε.Δ ΔΗΜ.ΠΡΟΣΚΛΗΣΗ  Νο  13/2016,,,,no sponsor block
ΨΨ7Λ4690ΒΤ-9ΗΧ,2025-06-11,ΤΑΚΤΙΚΗ ΜΙΣΘΟΔΟΣΙΑ   ΜΑΙΟΥ /2025  12 ΜΗΝΑ Ο.Α.Ε.Δ   ΔΗΜ.ΠΡΟΣΚΛΗΣΗ    Νο 10/2017,,,,no sponsor block
ΡΒΔ94690ΒΤ-ΜΞΜ,2025-06-11,ΤΑΚΤΙΚΗ ΜΙΣΘΟΔΟΣΙΑ  ΜΑΙΟΥ /2025  12 ΜΗΝΑ Ο.Α.Ε.Δ   ΔΗΜ.ΠΡΟΣΚΛΗΣΗ    Νο 13/2016,,,,no sponsor block
Ψ3ΟΚ4690ΒΤ-ΒΨΣ,2025-06-02,ΕΝΤΑΛΜΑ ΠΛΗΡΩΜΗΣ,,,,no sponsor block
6ΧΝ74690ΒΤ-ΙΘΡ,2025-06-02,ΠΡΟΣΘΕΤΕΣ ΕΦΗΜΕΡΙΕΣ   ΙΑΝΟΥΑΡΙΟΥ  /2025   ΓΙΑΤΡΟΙ Ε.Σ.Υ ΕΙΔ/ΝΟΙ    ΤΟΥ Ψ/Τ,,,,no sponsor block
6ΖΩΒ4690ΒΤ-0ΤΜ,2025-06-02,ΠΡΟΣΘΕΤΕΣ ΕΦΗΜΕΡΙΕΣ   ΙΑΝΟΥΑΡΙΟΥ  /2025   ΓΙΑΤΡΟΙ Ε.Σ.Υ   ΤΟΥ Ψ/Τ,,,,no sponsor block
9Γ0Ρ4690ΒΤ-ΞΞΤ,2025-06-02,ΠΡΟΣΘΕΤΕΣ ΕΦΗΜΕΡΙΕΣ   ΙΑΝΟΥΑΡΙΟΥ  /2025   ΓΙΑΤΡΟΙ Ε.Σ.Υ  ΕΠΙΚΟΥΡΙΚΟΙ,,,,no sponsor block
ΨΛ1Φ4690ΒΤ-Γ9Ω,2025-06-02,ΠΡΟΣΘΕΤΕΣ ΕΦΗΜΕΡΙΕΣ   ΙΑΝΟΥΑΡΙΟΥ  /2025   ΓΙΑΤΡΟΙ Ε.Σ.Υ   ΕΠΙΚΟΥΡΙΚΟΙ,,,,no sponsor block
9ΥΔΖ4690ΒΤ-ΕΑΣ,2025-06-02,ΠΡΟΣΘΕΤΕΣ ΕΦΗΜΕΡΙΕΣ   ΙΑΝΟΥΑΡΙΟΥ  /2025   ΓΙΑΤΡΟΙ Ε.Σ.Υ    ΕΙΔ/ΝΟΙ,,,,no sponsor block
6Η204690ΒΤ-1Δ5,2025-06-02,ΠΡΟΣΘΕΤΕΣ ΕΦΗΜΕΡΙΕΣ   ΙΑΝΟΥΑΡΙΟΥ  /2025   ΓΙΑΤΡΟΙ Ε.Σ.Υ,,,,no sponsor block
Ψ8Β84690ΒΤ-ΟΞ2,2025-05-30,ΣΥΜΦΩΝΗΤΙΚΟ 49  /2025    (  25SYMV016591643  )  CPV 15800000-6,999825956,ΓΕΝΙΚΟ ΚΡΑΤΙΚΟ ΝΟΣΟΚΟΜΕΙΟ ΚΑΤΕΡΙΝΗΣ,578.00,self-referential (payroll/EFKA/FMY remittance)
6Σ534690ΒΤ-ΘΕΕ,2025-05-30,ΑΠΟΖΗΜΙΩΣΗ ΕΦΗΜΕΡΙΩΝ  ΑΠΡΙΛΙΟΥ /2025   ΕΠΙΣΤΗΜΟΝΙΚΟ ΠΡΟΣΩΠΙΚΟ    ΤΟΥ Κ.Ψ. ΥΓΕΙΑΣ,,,,no sponsor block
96Λ94690ΒΤ-ΛΙ7,2025-05-30,ΑΠΟΖΗΜΙΩΣΗ ΕΦΗΜΕΡΙΩΝ  ΑΠΡΙΛΙΟΥ /2025   ΕΠΙΣΤΗΜΟΝΙΚΟ ΠΡΟΣΩΠΙΚΟ  Ι.Δ  Ν.Δ  1057/80  ΤΟΥ Ψ.Τ,,,,no sponsor block
ΨΤΡ74690ΒΤ-85Ι,2025-05-30,ΑΠΟΖΗΜΙΩΣΗ ΕΦΗΜΕΡΙΩΝ  ΑΠΡΙΛΙΟΥ /2025   ΕΠΙΣΤΗΜΟΝΙΚΟ ΠΡΟΣΩΠΙΚΟ  ΤΟΥ Ψ.Τ,,,,no sponsor block
Ψ4ΝΗ4690ΒΤ-636,2025-05-30,ΠΡΟΣΘΕΤΕΣ ΑΜΟΙΒΕΣ   ΑΠΡΙΛΙΟΥ   /2025  ΜΟΝΙΜΟ ΔΟΚΙΜΟ ΒΟΗΘ.    ΠΡΟΣΩΠΙΚΟ     ΤΟΥ Ψ/ΤΟΜΕΑ,,,,no sponsor block
9ΣΜΥ4690ΒΤ-Θ2Ν,2025-05-29,ΠΡΟΣΘΕΤΕΣ ΑΜΟΙΒΕΣ   ΑΠΡΙΛΙΟΥ   /2025  ΜΟΝΙΜΟ ΔΟΚΙΜΟ ΒΟΗΘ.    ΠΡΟΣΩΠΙΚΟ     ΤΟΥ Ψ/ΤΟΜΕΑ,,,,no sponsor block
6ΤΠ94690ΒΤ-ΥΟ4,2025-05-29,ΠΡΟΣΘΕΤΕΣ ΑΜΟΙΒΕΣ   ΑΠΡΙΛΙΟΥ   /2025  ΜΟΝΙΜΟ ΔΟΚΙΜΟ ΒΟΗΘ.    ΠΡΟΣΩΠΙΚΟ     ΤΟΥ Ψ/ΤΟΜΕΑ,,,,no sponsor block
9ΝΠΨ4690ΒΤ-ΣΡ2,2025-05-29,ΠΡΟΣΘΕΤΕΣ ΑΜΟΙΒΕΣ   ΑΠΡΙΛΙΟΥ   /2025  ΤΕΧΝΙΚΟ    ΠΡΟΣΩΠΙΚΟ     ΤΟΥ Ψ/ΤΟΜΕΑ,,,,no sponsor block
ΡΒΝΝ4690ΒΤ-ΨΙΤ,2025-05-29,ΠΡΟΣΘΕΤΕΣ ΑΜΟΙΒΕΣ   ΑΠΡΙΛΙΟΥ   /2025    ΠΡΟΣΩΠΙΚΟ  ΕΠΙ ΣΧΕΣΕΙ ΕΡΓΑΣΙΑΣ  Ι.Δ.Α.Χ    ΤΟΥ Ψ/ΤΟΜΕΑ,,,,no sponsor block
ΨΒ3Α4690ΒΤ-ΝΑ7,2025-05-29,ΠΡΟΣΘΕΤΕΣ ΑΜΟΙΒΕΣ   ΑΠΡΙΛΙΟΥ   /2025     ΕΠΙΚΟΥΡΙΚΟ  ΠΡΟΣΩΠΙΚΟ  ΤΟΥ Ψ/ΤΟΜΕΑ,,,,no sponsor block
90Σ54690ΒΤ-ΣΜΤ,2025-05-29,ΠΡΟΣΘΕΤΕΣ ΑΜΟΙΒΕΣ   ΑΠΡΙΛΙΟΥ   /2025     ΕΠΙΚΟΥΡΙΚΟ  ΠΡΟΣΩΠΙΚΟ  ΤΟΥ Ψ/ΤΟΜΕΑ,,,,no sponsor block
ΨΜ1Γ4690ΒΤ-Φ0Σ,2025-05-29,ΠΡΟΣΘΕΤΕΣ ΑΜΟΙΒΕΣ   ΑΠΡΙΛΙΟΥ   /2025    ΝΟΣΗΛΕΥΤΙΚΟ ΠΡΟΣΩΠΙΚΟ  ΤΟΥ Ψ/ΤΟΜΕΑ,,,,no sponsor block
60Ν94690ΒΤ-ΗΦΓ,2025-05-29,ΠΡΟΣΘΕΤΕΣ ΑΜΟΙΒΕΣ   ΑΠΡΙΛΙΟΥ   /2025    ΝΟΣΗΛΕΥΤΙΚΟ ΠΡΟΣΩΠΙΚΟ  ΤΟΥ Ψ/ΤΟΜΕΑ,,,,no sponsor block
9ΚΜ04690ΒΤ-Ζ4Ω,2025-05-29,ΑΠΟΖΗΜΙΩΣΗ ΕΦΗΜΕΡΙΩΝ    ΑΠΡΙΛΙΟΥ  /2025     ΕΠΙΣΤΗΜΟΝΙΚΟ   ΠΡΟΣΩΠΙΚΟ,,,,no sponsor block
6Ν7Ζ4690ΒΤ-ΝΒ2,2025-05-29,ΑΠΟΖΗΜΙΩΣΗ ΕΦΗΜΕΡΙΩΝ    ΑΠΡΙΛΙΟΥ  /2025     ΕΠΙΣΤΗΜΟΝΙΚΟ   ΠΡΟΣΩΠΙΚΟ,,,,no sponsor block
ΡΨΘΝ4690ΒΤ-ΙΕΦ,2025-05-29,ΠΡΟΣΘΕΤΕΣ ΑΜΟΙΒΕΣ   ΑΠΡΙΛΙΟΥ  /2025     ΕΠΙΚΟΥΡΙΚΟ  ΠΡΟΣΩΠΙΚΟ,,,,no sponsor block
60ΚΧ4690ΒΤ-2ΑΩ,2025-05-29,ΠΡΟΣΘΕΤΕΣ ΑΜΟΙΒΕΣ   ΑΠΡΙΛΙΟΥ  /2025    ΤΡΙΜΗΝΟ ΕΠΙΚΟΥΡΙΚΟ  ΠΡΟΣΩΠΙΚΟ,,,,no sponsor block
9ΤΣΜ4690ΒΤ-ΨΥ6,2025-05-29,ΠΡΟΣΘΕΤΕΣ ΑΜΟΙΒΕΣ   ΑΠΡΙΛΙΟΥ  /2025    ΜΟΝΙΜΟ ΔΟΚΙΜΟ  ΠΡΟΣΩΠΙΚΟ  ΕΙΔ. ΘΕΣΕΩΝ,,,,no sponsor block
9ΘΕ74690ΒΤ-ΕΜΣ,2025-05-29,ΠΡΟΣΘΕΤΕΣ ΑΜΟΙΒΕΣ   ΑΠΡΙΛΙΟΥ  /2025    ΑΠΟΣΠΑΣΜΕΝΟΙ,,,,no sponsor block
6ΧΟΡ4690ΒΤ-Γ5Κ,2025-05-29,ΠΡΟΣΘΕΤΕΣ ΑΜΟΙΒΕΣ   ΑΠΡΙΛΙΟΥ  /2025    ΝΟΣΗΛ/ΚΟ  ΠΡΟΣΩΠΙΚΟ  Ν.Δ  1057/80,,,,no sponsor block
ΡΩΦΧ4690ΒΤ-2ΞΙ,2025-05-29,ΑΠΟΔΟΣΗ ΚΡΑΤΗΣΕΩΝ ΑΠΟ ΠΛΗΡΩΜΗ ΜΕΣΩ ΕΑΠ ΓΙΑ ΑΠΟΓΕΥΜΑΤΙΝΑ ΙΑΤΡΕΙΑ ΜΗΝΟΣ  ΜΑΙΟΥ 2025,,,,no sponsor block
9Μ914690ΒΤ-ΗΒΕ,2025-05-29,ΠΡΟΣΘΕΤΕΣ ΑΜΟΙΒΕΣ   ΑΠΡΙΛΙΟΥ  /2025     ΠΡΟΣΩΠΙΚΟ  ΕΠΙ ΣΧΕΣΕΙ ΕΡΓΑΣΙΑΣ Ι.Δ.Α.Χ,,,,no sponsor block
ΨΣΔ84690ΒΤ-Λ7Σ,2025-05-29,ΠΡΟΣΘΕΤΕΣ ΑΜΟΙΒΕΣ   ΑΠΡΙΛΙΟΥ  /2025    ΜΟΝΙΜΟ  ΔΟΚΙΜΟ ΒΟΗΘ.  ΠΡΟΣΩΠΙΚΟ,,,,no sponsor block
9ΧΘΑ4690ΒΤ-ΦΔΛ,2025-05-29,ΠΡΟΣΘΕΤΕΣ ΑΜΟΙΒΕΣ   ΑΠΡΙΛΙΟΥ  /2025    ΔΙΟΙΚΗΤΙΚΟ ΠΡΟΣΩΠΙΚΟ,,,,no sponsor block
ΡΩΔΧ4690ΒΤ-ΩΥΡ,2025-05-29,ΠΡΟΣΘΕΤΕΣ ΑΜΟΙΒΕΣ   ΑΠΡΙΛΙΟΥ  /2025    ΠΡΟΣΩΠΙΚΟ Ι.Δ  Ν.2470/96,,,,no sponsor block
Ψ3Λ64690ΒΤ-Α2Δ,2025-05-29,ΠΡΟΣΘΕΤΕΣ ΑΜΟΙΒΕΣ   ΑΠΡΙΛΙΟΥ  /2025    ΝΕΟΠΡΟΣΛΑΜΒΑΝΟΜΕΝΟΙ Ο.Α.Ε.Δ  ( 55-67 )  ΝΕΟΙ,,,,no sponsor block
ΨΨΑ64690ΒΤ-Ο5Ι,2025-05-29,ΠΡΟΣΘΕΤΕΣ ΑΜΟΙΒΕΣ   ΑΠΡΙΛΙΟΥ  /2025    ΝΕΟΠΡΟΣΛΑΜΒΑΝΟΜΕΝΟΙ Ο.Α.Ε.Δ  ( 55-67 ) ΠΑΛΙΟΙ,,,,no sponsor block
61ΨΚ4690ΒΤ-1ΛΑ,2025-05-29,ΠΡΟΣΘΕΤΕΣ ΑΜΟΙΒΕΣ   ΑΠΡΙΛΙΟΥ  /2025    ΝΟΣΗΛΕΥΤΙΚΟ ΠΡΟΣΩΠΙΚΟ,,,,no sponsor block
ΨΨΑΩ4690ΒΤ-0ΕΓ,2025-05-29,ΑΠΟΔΟΣΗ ΚΡΑΤΗΣΕΩΝ ΑΠΟ ΠΛΗΡΩΜΗ ΜΕΣΩ ΕΑΠ ΜΗΝΟΣ  ΜΑΙΟΥ 2025,,,,no sponsor block
ΨΖΜΒ4690ΒΤ-1ΦΗ,2025-05-26,ΤΑΚΤΙΚΗ ΜΙΣΘΟΔΟΣΙΑ ΜΕΤΑΠ/ΤΕΩΝ   ΑΠΡΙΛΙΟΥ  /2025   ΑΜΙΣΘΟΙ ΤΕΕ ( ΕΠΑΛ ) Γ.Ν.Κ.,,,,no sponsor block
ΨΩ994690ΒΤ-6ΡΛ,2025-05-27,ΤΑΚΤΙΚΕΣ ΕΦΗΜΕΡΙΕΣ  ΑΠΡΙΛΙΟΥ  /2025   ΓΙΑΤΡΟΙ Ε.Σ.Υ ΤΟΥ    Κ.Ψ.ΥΓΕΙΑς Σ,,,,no sponsor block
6ΙΟ24690ΒΤ-ΦΓ2,2025-05-27,ΤΑΚΤΙΚΕΣ ΕΦΗΜΕΡΙΕΣ  ΑΠΡΙΛΙΟΥ  /2025   ΓΙΑΤΡΟΙ Ε.Σ.Υ ΤΟΥ   ΕΙΔ/ΝΟΙ   Ψ/Τ,,,,no sponsor block
Ψ2Ζ24690ΒΤ-Κ6Υ,2025-05-27,ΤΑΚΤΙΚΕΣ ΕΦΗΜΕΡΙΕΣ  ΑΠΡΙΛΙΟΥ  /2025   ΓΙΑΤΡΟΙ Ε.Σ.Υ ΤΟΥ Ψ/Τ,,,,no sponsor block
9ΡΚΕ4690ΒΤ-429,2025-05-27,ΤΑΚΤΙΚΕΣ ΕΦΗΜΕΡΙΕΣ  ΑΠΡΙΛΙΟΥ  /2025   ΓΙΑΤΡΟΙ Ε.Σ.Υ  ΕΠΙΚΟΥΡΙΚΟΙ,,,,no sponsor block
61084690ΒΤ-ΟΙΒ,2025-05-27,ΤΑΚΤΙΚΕΣ ΕΦΗΜΕΡΙΕΣ  ΑΠΡΙΛΙΟΥ  /2025   ΓΙΑΤΡΟΙ Ε.Σ.Υ  ΕΠΙΚΟΥΡΙΚΟΙ,,,,no sponsor block
65Ω94690ΒΤ-ΒΝΓ,2025-05-27,ΤΑΚΤΙΚΕΣ ΕΦΗΜΕΡΙΕΣ  ΑΠΡΙΛΙΟΥ  /2025   ΑΓΡΟΤΙΚΟΙ  ΙΑΤΡΟΙ,,,,no sponsor block
60ΡΛ4690ΒΤ-Ξ9Μ,2025-05-27,ΤΑΚΤΙΚΕΣ ΕΦΗΜΕΡΙΕΣ  ΑΠΡΙΛΙΟΥ  /2025   ΓΙΑΤΡΟΙ Ε.Σ.Υ  ΕΙΔΙΚ/ΝΟΙ,,,,no sponsor block
9ΒΓΕ4690ΒΤ-Π0Ο,2025-05-27,ΤΑΚΤΙΚΕΣ ΕΦΗΜΕΡΙΕΣ  ΑΠΡΙΛΙΟΥ  /2025   ΓΙΑΤΡΟΙ Ε.Σ.Υ,,,,no sponsor block
9ΖΞΤ4690ΒΤ-Χ5Ω,2025-05-26,ΤΑΚΤΙΚΗ ΜΙΣΘΟΔΟΣΙΑ  ΑΠΡΙΛΙΟΥ  /2025  ΑΣΚΟΥΜΕΝΟΙ Ο.Α.Ε.Δ  Ψ/Τ,,,,no sponsor block
Ψ98Ο4690ΒΤ-1ΜΗ,2025-05-26,ΤΑΚΤΙΚΗ ΜΙΣΘΟΔΟΣΙΑ ΜΕΤΑΠ/ΤΕΩΝ     ΜΑΙΟΥ   /2025   ΑΜΙΣΘΟΙ ΤΕΕ (ΔΙΕΚ) Γ.Ν.Κ.,,,,no sponsor block
91ΕΕ4690ΒΤ-27Θ,2025-05-26,ΤΑΚΤΙΚΗ ΜΙΣΘΟΔΟΣΙΑ ΜΕΤΑΠ/ΤΕΩΝ     ΜΑΙΟΥ   /2025   ΝΕΟΠΡΟΣΛΑΜΒΑΝΟΜΕΝΟΙ  Ο.Α.Ε.Δ   ΠΑΛΙΟΙ   ( 55 -67 ),,,,no sponsor block
9ΗΔ64690ΒΤ-ΘΓΓ,2025-05-26,ΑΝΑΔΡΟΜΙΚΑ ΜΑΙΟΥ /2025  ΕΠΙΚΟΥΡΙΚΟ  ΠΡΟΣΩΠΙΚΟ,,,,no sponsor block
99ΗΚ4690ΒΤ-ΡΧΒ,2025-05-26,ΑΝΑΔΡΟΜΙΚΑ ΜΑΙΟΥ /2025  ΕΠΙΣΤΗΜΟΝΙΚΟ ΠΡΟΣΩΠΙΚΟ,,,,no sponsor block
ΨΞ3Υ4690ΒΤ-ΚΣΝ,2025-05-26,ΑΝΑΔΡΟΜΙΚΑ ΜΑΙΟΥ /2025  ΕΠΙΣΤΗΜΟΝΙΚΟ ΠΡΟΣΩΠΙΚΟ,,,,no sponsor block
ΨΟΞΖ4690ΒΤ-09Ξ,2025-05-26,ΤΑΚΤΙΚΗ ΜΙΣΘΟΔΟΣΙΑ ΜΕΤΑΠ/ΤΕΩΝ   ΜΑΙΟΥ /2025  ΕΠΙΣΤΗΜΟΝΙΚΟ ΠΡΟΣΩΠΙΚΟ,,,,no sponsor block
6Τ5Λ4690ΒΤ-4ΗΜ,2025-05-26,ΤΑΚΤΙΚΗ ΜΙΣΘΟΔΟΣΙΑ ΜΕΤΑΠ/ΤΕΩΝ   ΜΑΙΟΥ /2025  ΣΠΟΥΔΑΣΤΕΣ ΠΟΥ ΑΣΚΟΥΝΤΑΙ Τ.Ε.Ι,,,,no sponsor block
9ΗΗ64690ΒΤ-ΔΜ1,2025-05-26,ΤΑΚΤΙΚΗ ΜΙΣΘΟΔΟΣΙΑ ΜΕΤΑΠ/ΤΕΩΝ   ΜΑΙΟΥ   /2025   ΕΠΙΚΟΥΡΙΚΟ  ΤΡΙΜΗΝΟ   ΠΡΟΣΩΠΙΚΟ,,,,no sponsor block
6Σ504690ΒΤ-Π4Ο,2025-05-26,ΤΑΚΤΙΚΗ ΜΙΣΘΟΔΟΣΙΑ ΜΕΤΑΠ/ΤΕΩΝ   ΜΑΙΟΥ   /2025   ΕΠΙΚΟΥΡΙΚΟΙ  Ε.Σ.Υ,,,,no sponsor block
ΨΛΜΞ4690ΒΤ-30Γ,2025-05-26,ΤΑΚΤΙΚΗ ΜΙΣΘΟΔΟΣΙΑ ΜΕΤΑΠ/ΤΕΩΝ   ΜΑΙΟΥ   /2025   ΕΠΙΚΟΥΡΙΚΟI  E.Σ.Υ,,,,no sponsor block
9ΞΥΒ4690ΒΤ-3Ρ6,2025-05-26,ΤΑΚΤΙΚΗ ΜΙΣΘΟΔΟΣΙΑ ΜΕΤΑΠ/ΤΕΩΝ   ΜΑΙΟΥ   /2025   ΕΠΙΚΟΥΡΙΚΟ ΠΡΟΣΩΠΙΚΟ,,,,no sponsor block
Ρ11Ο4690ΒΤ-8Ν4,2025-05-21,ΑΠΟΔΟΣΗ ΚΡΑΤΗΣΕΩΝ ΑΠΟ ΠΛΗΡΩΜΗ ΠΡΟΜΗΘΕΥΤΩΝ ESPA ΜΗΝΟΣ ΜΑΙΟΥ  2025,,,,no sponsor block
9Ω684690ΒΤ-ΟΟΝ,2025-05-20,ΓΙΑ ΤΗΝ ΑΞΙΑ ΠΛΗΡΩΜΗΣ ΟΔΟΙΠΟΡΙΚΩΝ ΕΞΟΔΩΝ ΚΑΙ ΗΜΕΡΗΣΙΑΣ ΑΠΟΖΗΜΙΩΣΗΣ ΥΠΑΛΛΗΛΩΝ Γ.Ν.ΚΑΤΕΡΙΝΗΣ,,,,no sponsor block
Ψ7ΑΚ4690ΒΤ-ΘΗΒ,2025-05-20,ΓΙΑ ΤΗΝ ΑΞΙΑ ΠΛΗΡΩΜΗΣ ΟΔΟΙΠΟΡΙΚΩΝ ΕΞΟΔΩΝ ΚΑΙ ΗΜΕΡΗΣΙΑΣ ΑΠΟΖΗΜΙΩΣΗΣ ΥΠΑΛΛΗΛΩΝ Γ.Ν.ΚΑΤΕΡΙΝΗΣ,,,,no sponsor block
9ΤΝ84690ΒΤ-9ΥΠ,2025-05-15,ΤΑΚΤΙΚΕΣ ΕΦΗΜΕΡΙΕΣ  3ου /2025    ΠΟΥ ΕΚΚΑΘΑΡΙΖΟΝΤΑΙ ΣΥΜΦΩΝΑ ΜΕ ΤΟ ΑΡΘΡΟ 90  ΤΟΥ  Ν.4850/21,,,,no sponsor block
9ΕΞΡ4690ΒΤ-Ο7Τ,2025-05-15,ΤΑΚΤΙΚΕΣ ΕΦΗΜΕΡΙΕΣ  2ου /2025    ΠΟΥ ΕΚΚΑΘΑΡΙΖΟΝΤΑΙ ΣΥΜΦΩΝΑ ΜΕ ΤΟ ΑΡΘΡΟ 90  ΤΟΥ  Ν.4850/21,,,,no sponsor block
6ΤΥΞ4690ΒΤ-Ι5Λ,2025-05-15,ΤΑΚΤΙΚΕΣ ΕΦΗΜΕΡΙΕΣ  1ου /2025    ΠΟΥ ΕΚΚΑΘΑΡΙΖΟΝΤΑΙ ΣΥΜΦΩΝΑ ΜΕ ΤΟ ΑΡΘΡΟ 90  ΤΟΥ  Ν.4850/21,,,,no sponsor block
93Χ74690ΒΤ-ΓΣΑ,2025-05-15,ΤΑΚΤΙΚΕΣ ΕΦΗΜΕΡΙΕΣ  10ου /2024    ΠΟΥ ΕΚΚΑΘΑΡΙΖΟΝΤΑΙ ΣΥΜΦΩΝΑ ΜΕ ΤΟ ΑΡΘΡΟ 90  ΤΟΥ  Ν.4850/21,,,,no sponsor block
63Π24690ΒΤ-Δ59,2025-05-15,ΤΑΚΤΙΚΕΣ ΕΦΗΜΕΡΙΕΣ  11ου /2024    ΠΟΥ ΕΚΚΑΘΑΡΙΖΟΝΤΑΙ ΣΥΜΦΩΝΑ ΜΕ ΤΟ ΑΡΘΡΟ 90  ΤΟΥ  Ν.4850/21,,,,no sponsor block
ΨΦ5Μ4690ΒΤ-ΚΜΗ,2025-05-15,ΤΑΚΤΙΚΕΣ ΕΦΗΜΕΡΙΕΣ  12ου /2024    ΠΟΥ ΕΚΚΑΘΑΡΙΖΟΝΤΑΙ ΣΥΜΦΩΝΑ ΜΕ ΤΟ ΑΡΘΡΟ 90  ΤΟΥ  Ν.4850/21,,,,no sponsor block
93ΨΜ4690ΒΤ-70Ζ,2025-05-15,ΠΡΟΣΘΕΤΕΣ ΕΦΗΜΕΡΙΕΣ ΔΕΚΕΜΒΡΙΟΥ/2024  ΓΙΑΤΡΟΙ Ε.Σ.Υ    ΤΟΥ Ψ/Τ,,,,no sponsor block
ΨΑΙΗ4690ΒΤ-ΠΣ1,2025-05-15,ΠΡΟΣΘΕΤΕΣ ΕΦΗΜΕΡΙΕΣ ΔΕΚΕΜΒΡΙΟΥ/2024  ΓΙΑΤΡΟΙ Ε.Σ.Υ  ΕΙΔ/ΝΟΙ  ΤΟΥ Ψ/Τ,,,,no sponsor block
9Π9Ο4690ΒΤ-ΟΓΝ,2025-05-15,ΠΡΟΣΘΕΤΕΣ ΕΦΗΜΕΡΙΕΣ ΔΕΚΕΜΒΡΙΟΥ/2024  ΓΙΑΤΡΟΙ Ε.Σ.Υ  ΕΠΙΚΟΥΡΙΚΟΙ,,,,no sponsor block
Ψ6ΙΙ4690ΒΤ-ΡΛ9,2025-05-15,ΠΡΟΣΘΕΤΕΣ ΕΦΗΜΕΡΙΕΣ ΔΕΚΕΜΒΡΙΟΥ/2024  ΓΙΑΤΡΟΙ Ε.Σ.Υ,,,,no sponsor block
ΨΜΦΛ4690ΒΤ-ΕΕΨ,2025-05-15,ΠΡΟΣΘΕΤΕΣ ΕΦΗΜΕΡΙΕΣ ΔΕΚΕΜΒΡΙΟΥ/2024  ΓΙΑΤΡΟΙ Ε.Σ.Υ  ΕΠΙΚΟΥΡΙΚΟΙ,,,,no sponsor block
9Λ934690ΒΤ-ΠΛΙ,2025-05-15,ΠΡΟΣΘΕΤΕΣ ΕΦΗΜΕΡΙΕΣ ΔΕΚΕΜΒΡΙΟΥ/2024  ΓΙΑΤΡΟΙ Ε.Σ.Υ  ΕΙΔ/ΝΟΙ,,,,no sponsor block
ΨΣΓΦ4690ΒΤ-Ε6Ε,2025-05-13,Εκτέλεση της υπ.αριθ.3279/2024 Δικαστικής Αποφ.Δ/κου Πρωτ.Θεσ/νίκης,,,,no sponsor block
62ΓΗ4690ΒΤ-Ω6Ξ,2025-05-13,ΠΡΟΣΘΕΤΕΣ ΑΜΟΙΒΕΣ  ΜΑΡΤΙΟΥ   /2025   12 ΜΗΝΑ Ο.Α.Ε.Δ ΔΗΜ.ΠΡΟΣΚΛΗΣΗ  Νο  10/2017,,,,no sponsor block
Ψ7Ξ44690ΒΤ-Χ5Ψ,2025-05-13,ΠΡΟΣΘΕΤΕΣ ΑΜΟΙΒΕΣ  ΜΑΡΤΙΟΥ  /2025   12 ΜΗΝΑ Ο.Α.Ε.Δ ΔΗΜ.ΠΡΟΣΚΛΗΣΗ  Νο  13/2016,,,,no sponsor block
62ΦΘ4690ΒΤ-0ΔΓ,2025-05-13,ΤΑΚΤΙΚΗ ΜΙΣΘΟΔΟΣΙΑ   ΑΠΡΙΛΙΟΥ /2025  12 ΜΗΝΑ Ο.Α.Ε.Δ   ΔΗΜ.ΠΡΟΣΚΛΗΣΗ    Νο 10/2017,,,,no sponsor block
6Γ6Δ4690ΒΤ-94Ξ,2025-05-13,ΤΑΚΤΙΚΗ ΜΙΣΘΟΔΟΣΙΑ  ΑΠΡΙΛΙΟΥ /2025  12 ΜΗΝΑ Ο.Α.Ε.Δ   ΔΗΜ.ΠΡΟΣΚΛΗΣΗ    Νο 13/2016,,,,no sponsor block
6ΣΧΦ4690ΒΤ-7ΩΣ,2025-05-13,Εκτέλεση της υπ.αριθ.3279/2024 Δικαστικής Αποφ.Δ/κου Πρωτ.Θεσ/νίκης,,,,no sponsor block
Ψ4Ζ54690ΒΤ-ΟΓΙ,2025-05-08,Προμήθεια γαντιών μιας χρήσης/2023     cpv 18424300-0  ( 1o X.E 1068/2024  ),999825956,ΓΕΝΙΚΟ ΚΡΑΤΙΚΟ ΝΟΣΟΚΟΜΕΙΟ ΚΑΤΕΡΙΝΗΣ,4960.80,self-referential (payroll/EFKA/FMY remittance)
9Θ1Ω4690ΒΤ-ΤΘΨ,2025-05-08,ΠΛΗΡΩΜΗ ΙΑΤΡΩΝ ΓΙΑ ΤΗΝ ΟΛΟΗΜΕΡΗ ΛΕΙΤΟΥΡΓΙΑ ΤΟΥ ΝΟΣΟΚΟΜΕΙΟΥ ΜΗΝΟΣ  ΜΑΡΤΙΟΥ  2025,,,,no sponsor block
9Γ8Χ4690ΒΤ-5Β4,2025-05-08,ΠΛΗΡΩΜΗ ΠΡΟΣΩΠΙΚΟΥ ΑΠΟ ΤΗΝ ΟΛΟΗΜΕΡΗ ΛΕΙΤΟΥΡΓΙΑ ΤΟΥ ΝΟΣΟΚΟΜΕΙΟ ΜΗΝΟΣ  ΜΑΡΤΙΟΥ   2025,,,,no sponsor block
Ψ0ΝΩ4690ΒΤ-ΜΨ2,2025-05-08,ΜΙΣΘΟΛΟΓΙΚΗ ΚΑΤΑΣΤΑΣΗ ΙΑΤΡΩΝ ΑΠΕΙΚΟΝΙΣΤΙΚΟΥ ΕΡΓΑΣΤΗΡΙΟΥ ΜΗΝΟΣ  ΜΑΡΤΙΟΥ 2025,,,,no sponsor block
6Μ7Θ4690ΒΤ-ΚΕΒ,2025-05-08,ΜΙΣΘΟΛΟΓΙΚΗ ΚΑΤΑΣΤΑΣΗ ΤΕΧΝΟΛΟΓΩΝ ΑΠΕΙΚΟΝΙΣΤΙΚΟΥ ΕΡΓΑΣΤΗΡΙΟΥ ΜΗΝΟΣ   ΜΑΡΤΙΟΥ  2025,,,,no sponsor block
Ψ5ΗΕ4690ΒΤ-ΦΨ1,2025-05-07,ΑΠΟΖΗΜΙΩΣΗ ΕΦΗΜΕΡΙΩΝ ΜΑΡΤΙΟΥ/2025   ΕΠΙΣΤΗΜΟΝΙΚΟ ΠΡΟΣΩΠΙΚΟ   Ι.Δ  Ν.Δ 1057/80 ΤΟΥ  Ψ/Τ,,,,no sponsor block
6ΔΕ34690ΒΤ-ΨΣΟ,2025-05-07,ΑΠΟΖΗΜΙΩΣΗ ΕΦΗΜΕΡΙΩΝ ΜΑΡΤΙΟΥ/2025   ΕΠΙΣΤΗΜΟΝΙΚΟ ΠΡΟΣΩΠΙΚΟ  ΤΟΥ Ψ.Τ,,,,no sponsor block
ΡΞ284690ΒΤ-2Ι2,2025-05-07,ΑΠΟΖΗΜΙΩΣΗ ΕΦΗΜΕΡΙΩΝ ΜΑΡΤΙΟΥ/2025   ΕΠΙΣΤΗΜΟΝΙΚΟ ΠΡΟΣΩΠΙΚΟ  ΤΟΥ Κ.Ψ.ΥΓΕΙΑΣ,,,,no sponsor block
9ΜΘΣ4690ΒΤ-ΜΝΧ,2025-05-07,ΠΡΟΣΘΕΤΕΣ ΑΜΟΙΒΕΣ   ΜΑΡΤΙΟΥ   /2025    ΝΟΣΗΛΕΥΤΙΚΟ ΠΡΟΣΩΠΙΚΟ  Ν.Δ  1057/80   ΤΟΥ Ψ/ΤΟΜΕΑ,,,,no sponsor block
ΨΦ4Ξ4690ΒΤ-7ΩΕ,2025-05-07,ΠΡΟΣΘΕΤΕΣ ΑΜΟΙΒΕΣ   ΜΑΡΤΙΟΥ   /2025    ΜΟΝΙΜΟ -ΔΟΚΙΜΟ ΒΟΗΘ.  ΠΡΟΣΩΠΙΚΟ  ΤΟΥ Ψ/ΤΟΜΕΑ,,,,no sponsor block
Ψ1Ρ64690ΒΤ-Φ67,2025-05-07,ΠΡΟΣΘΕΤΕΣ ΑΜΟΙΒΕΣ   ΜΑΡΤΙΟΥ   /2025    ΤΕΧΝΙΚΟ  ΠΡΟΣΩΠΙΚΟ  ΤΟΥ Ψ/ΤΟΜΕΑ,,,,no sponsor block
6ΦΞ54690ΒΤ-ΕΥΞ,2025-05-07,ΠΡΟΣΘΕΤΕΣ ΑΜΟΙΒΕΣ   ΜΑΡΤΙΟΥ   /2025    ΝΕΟΠΡΟΣΛΑΜΒΑΝΟΜΕΝΟΙ   ΤΟΥ Ψ/ΤΟΜΕΑ,,,,no sponsor block
ΨΔΤΑ4690ΒΤ-Θ0Α,2025-05-07,ΠΡΟΣΘΕΤΕΣ ΑΜΟΙΒΕΣ   ΜΑΡΤΙΟΥ   /2025     ΠΡΟΣΩΠΙΚΟ   ΕΠΙ ΣΧΕΣΕΙ ΕΡΓΑΣΙΑΣ Ι.Δ.Α.Χ  ΤΟΥ Ψ/ΤΟΜΕΑ,,,,no sponsor block
9Σ0Β4690ΒΤ-ΔΤΞ,2025-05-07,ΠΡΟΣΘΕΤΕΣ ΑΜΟΙΒΕΣ   ΜΑΡΤΙΟΥ   /2025    ΕΠΙΚΟΥΡΙΚΟ ΤΡΙΜΗΝΟ  COVID  ΠΡΟΣΩΠΙΚΟ  ΤΟΥ Ψ/ΤΟΜΕΑ,,,,no sponsor block
ΡΒΡΕ4690ΒΤ-ΨΤΔ,2025-05-07,ΠΡΟΣΘΕΤΕΣ ΑΜΟΙΒΕΣ   ΜΑΡΤΙΟΥ   /2025    ΕΠΙΚΟΥΡΙΚΟ  ΠΡΟΣΩΠΙΚΟ  ΤΟΥ Ψ/ΤΟΜΕΑ,,,,no sponsor block
659Ψ4690ΒΤ-ΓΡΧ,2025-05-07,ΠΡΟΣΘΕΤΕΣ ΑΜΟΙΒΕΣ   ΜΑΡΤΙΟΥ   /2025    ΝΟΣΗΛΕΥΤΙΚΟ ΠΡΟΣΩΠΙΚΟ  ΤΟΥ Ψ/ΤΟΜΕΑ,,,,no sponsor block
ΨΨΞΥ4690ΒΤ-ΚΣ8,2025-05-07,ΤΑΚΤΙΚΕΣ ΕΦΗΜΕΡΙΕΣ  ΜΑΡΤΙΟΥ  /2025   ΓΙΑΤΡΟΙ Ε.Σ.Υ   ΕΙΔ/ΝΟΙ  ΤΟΥ Ψ/Τ,,,,no sponsor block
97ΩΩ4690ΒΤ-ΨΜΗ,2025-05-07,ΤΑΚΤΙΚΕΣ ΕΦΗΜΕΡΙΕΣ  ΜΑΡΤΙΟΥ  /2025   ΓΙΑΤΡΟΙ Ε.Σ.Υ ΤΟΥ Ψ/Τ,,,,no sponsor block
6ΑΓΦ4690ΒΤ-ΥΒΓ,2025-05-07,ΤΑΚΤΙΚΕΣ ΕΦΗΜΕΡΙΕΣ  ΜΑΡΤΙΟΥ  /2025   ΓΙΑΤΡΟΙ Ε.Σ.Υ ΤΟΥ Κ.Ψ.ΥΓΕΙΑΣ,,,,no sponsor block
6ΗΥ44690ΒΤ-3ΘΠ,2025-05-07,ΤΑΚΤΙΚΕΣ ΕΦΗΜΕΡΙΕΣ  ΜΑΡΤΙΟΥ  /2025   ΑΓΡΟΤΙΚΟΙ ΙΑΤΡΟΙ,,,,no sponsor block
9Σ4Ω4690ΒΤ-4Τ6,2025-05-07,ΤΑΚΤΙΚΕΣ ΕΦΗΜΕΡΙΕΣ  ΜΑΡΤΙΟΥ  /2025   ΓΙΑΤΡΟΙ Ε.Σ.Υ  ΕΠΙΚΟΥΡΙΚΟΙ,,,,no sponsor block
91ΡΑ4690ΒΤ-601,2025-05-07,ΤΑΚΤΙΚΕΣ ΕΦΗΜΕΡΙΕΣ  ΜΑΡΤΙΟΥ  /2025    ΕΠΙΚΟΥΡΙΚΟΙ   Ε.Σ.Υ,,,,no sponsor block
9Υ884690ΒΤ-ΜΜΔ,2025-05-07,ΤΑΚΤΙΚΕΣ ΕΦΗΜΕΡΙΕΣ  ΜΑΡΤΙΟΥ  /2025   ΓΙΑΤΡΟΙ Ε.Σ.Υ  EIΔ/ΝΟΙ,,,,no sponsor block
9ΠΙΖ4690ΒΤ-Θ21,2025-05-07,ΤΑΚΤΙΚΕΣ ΕΦΗΜΕΡΙΕΣ  ΜΑΡΤΙΟΥ  /2025   ΓΙΑΤΡΟΙ Ε.Σ.Υ   ΕΙΔ/ΝΟΙ  ΤΟΥ Ψ/Τ,,,,no sponsor block
ΨΜ5Θ4690ΒΤ-23Ν,2025-05-06,ΑΠΟΖΗΜΙΩΣΗ ΕΦΗΜΕΡΙΩΝ    ΜΑΡΤΙΟΥ  /2025     ΕΠΙΣΤΗΜΟΝΙΚΟ   ΠΡΟΣΩΠΙΚΟ,,,,no sponsor block
ΨΩ5Π4690ΒΤ-ΩΘ2,2025-05-06,ΠΡΟΣΘΕΤΕΣ ΑΜΟΙΒΕΣ   ΜΑΡΤΙΟΥ  /2025    ΠΡΟΣΩΠΙΚΟ ΕΠΙ ΣΧΕΣΕΙ ΕΡΓΑΣΙΑΣ  Ι.Δ.Α.Χ,,,,no sponsor block
Ρ0ΩΟ4690ΒΤ-ΖΚΤ,2025-05-06,ΠΡΟΣΘΕΤΕΣ ΑΜΟΙΒΕΣ   ΜΑΡΤΙΟΥ  /2025    ΔΙΟΙΚΗΤΙΚΟ   ΠΡΟΣΩΠΙΚΟ,,,,no sponsor block
6ΔΚΟ4690ΒΤ-864,2025-05-06,ΠΡΟΣΘΕΤΕΣ ΑΜΟΙΒΕΣ   ΜΑΡΤΙΟΥ  /2025  ΝΟΣΗΛ/ΚΟ   ΠΡΟΣΩΠΙΚΟ  Ν.Δ 1057/80,,,,no sponsor block
9ΗΡΨ4690ΒΤ-Σ05,2025-05-06,ΠΡΟΣΘΕΤΕΣ ΑΜΟΙΒΕΣ   ΜΑΡΤΙΟΥ  /2025    ΠΡΟΣΩΠΙΚΟ Ι.Δ.  Ν.2470/96,,,,no sponsor block
9ΖΨΖ4690ΒΤ-57Λ,2025-05-06,ΠΡΟΣΘΕΤΕΣ ΑΜΟΙΒΕΣ   ΜΑΡΤΙΟΥ  /2025    ΝΕΟΠΡΟΣΛΑΜΒΑΝΟΜΕΝΟΙ  Ο.Α.Ε.Δ  ΝΕΟΙ  ( 55-67 ),,,,no sponsor block
ΨΕ2Ι4690ΒΤ-Δ9Ν,2025-05-06,ΠΡΟΣΘΕΤΕΣ ΑΜΟΙΒΕΣ   ΜΑΡΤΙΟΥ  /2025    ΝΕΟΠΡΟΣΛΑΜΒΑΝΟΜΕΝΟΙ  Ο.Α.Ε.Δ  ΠΑΛΙΟΙ  ( 55-67 ),,,,no sponsor block
9ΤΕΣ4690ΒΤ-ΧΣΕ,2025-05-06,ΠΡΟΣΘΕΤΕΣ ΑΜΟΙΒΕΣ   ΜΑΡΤΙΟΥ  /2025    ΕΠΙΚΟΥΡΙΚΟ  ΤΡΙΜΗΝΟ COVID  ΠΡΟΣΩΠΙΚΟ,,,,no sponsor block
Ρ4ΜΗ4690ΒΤ-ΗΤ5,2025-05-06,ΠΡΟΣΘΕΤΕΣ ΑΜΟΙΒΕΣ   ΜΑΡΤΙΟΥ  /2025    ΕΠΙΚΟΥΡΙΚΟ  ΠΡΟΣΩΠΙΚΟ,,,,no sponsor block
6ΥΨ64690ΒΤ-32Κ,2025-05-06,ΠΡΟΣΘΕΤΕΣ ΑΜΟΙΒΕΣ   ΜΑΡΤΙΟΥ  /2025    ΜΟΝΙΜΟ -ΔΟΚΙΜΟ  ΠΡΟΣΩΠΙΚΟ  ΕΙΔ. ΘΕΣΕΩΝ,,,,no sponsor block
ΡΠ1Ο4690ΒΤ-Μ91,2025-05-06,ΠΡΟΣΘΕΤΕΣ ΑΜΟΙΒΕΣ   ΜΑΡΤΙΟΥ  /2025    ΜΟΝΙΜΟ-ΔΟΚΙΜΟ ΒΟΗΘ. ΠΡΟΣΩΠΙΚΟ,,,,no sponsor block
ΨΡΜΦ4690ΒΤ-4ΚΝ,2025-05-06,ΠΡΟΣΘΕΤΕΣ ΑΜΟΙΒΕΣ   ΜΑΡΤΙΟΥ  /2025    ΜΟΝΙΜΟ-ΔΟΚΙΜΟ ΒΟΗΘ. ΠΡΟΣΩΠΙΚΟ,,,,no sponsor block
9ΟΚΤ4690ΒΤ-ΗΤΠ,2025-05-06,ÐÑÏÓÈÅÔÅÓ ÁÌÏÉÂÅÓ   ÌÁÑÔÉÏÕ  /2025    ÍÏÓÇËÅÕÔÉÊÏ ÐÑÏÓÙÐÉÊÏ,,,,no sponsor block
ΡΚΩΡ4690ΒΤ-7ΧΓ,2025-05-05,ΓΙΑ ΤΗΝ ΑΞΙΑ ΠΛΗΡΩΜΗΣ ΟΔΟΙΠΟΡΙΚΩΝ ΕΞΟΔΩΝ ΚΑΙ ΗΜΕΡΗΣΙΑΣ ΑΠΟΖΗΜΙΩΣΗΣ ΥΠΑΛΛΗΛΩΝ Γ.Ν.ΚΑΤΕΡΙΝΗΣ,,,,no sponsor block
6ΣΖΔ4690ΒΤ-ΥΡ1,2025-05-05,ΠΡΟΜ.ΕΙΔΩΝ ΣΥΝΤ.ΜΗΧ.&ΛΟΙΠ.ΕΞΟΠ/2024  CPV 34913000-0,,,,no sponsor block
Ψ8ΝΦ4690ΒΤ-Γ41,2025-05-05,ΣΥΝΟΛΟ ΜΗΧΑΝΟΛΟΓΙΚΩΝ ΕΦΑΡΜΟΓΩΝ/2024   CPV 30192300-4,,,,no sponsor block
ΨΧ4Υ4690ΒΤ-6ΗΦ,2025-05-05,ΑΠΟΔΟΣΗ ΚΡΑΤΗΣΕΩΝ ΑΠΟ ΠΛΗΡΩΜΗ ΠΡΟΜΗΘΕΥΤΩΝ ΜΗΝΟΣ  ΑΠΡΙΛΙΟΥ 2025,,,,no sponsor block
60984690ΒΤ-6Ξ7,2025-05-05,ΤΑΚΤΙΚΗ ΜΙΣΘΟΔΟΣΙΑ  ΜΑΡΤΙΟΥ  /2025  ΑΣΚΟΥΜΕΝΟΙ Ο.Α.Ε.Δ  Ψ/Τ,,,,no sponsor block
96ΘΧ4690ΒΤ-Γ14,2025-05-05,ΤΑΚΤΙΚΗ ΜΙΣΘΟΔΟΣΙΑ  ΙΑΝΟΥΑΡΙΟΥ  /2025  ΑΣΚΟΥΜΕΝΟΙ Ο.Α.Ε.Δ  Ψ/Τ,,,,no sponsor block
9Σ814690ΒΤ-137,2025-05-05,ΤΑΚΤΙΚΗ ΜΙΣΘΟΔΟΣΙΑ ΜΕΤΑΠ/ΤΕΩΝ   ΑΠΡΙΛΙΟΥ /2025  ΕΠΙΣΤΗΜΟΝΙΚΟ ΠΡΟΣΩΠΙΚΟ,,,,no sponsor block
9Ο0Ν4690ΒΤ-ΕΩ3,2025-05-05,ΤΑΚΤΙΚΗ ΜΙΣΘΟΔΟΣΙΑ ΜΕΤΑΠ/ΤΕΩΝ   ΑΠΡΙΛΙΟΥ /2025  ΣΠΟΥΔΑΣΤΕΣ ΠΟΥ ΑΣΚΟΥΝΤΑΙ Τ.Ε.Ι,,,,no sponsor block
ΨΟΞΙ4690ΒΤ-ΓΤΞ,2025-05-05,ΤΑΚΤΙΚΗ ΜΙΣΘΟΔΟΣΙΑ ΜΕΤΑΠ/ΤΕΩΝ     ΑΠΡΙΛΙΟΥ   /2025 ΕΠΙΚΟΥΡΙΚΟI E.Σ.Υ,,,,no sponsor block
94ΦΥ4690ΒΤ-Ι3Β,2025-05-05,ΤΑΚΤΙΚΗ ΜΙΣΘΟΔΟΣΙΑ ΜΕΤΑΠ/ΤΕΩΝ     ΑΠΡΙΛΙΟΥ   /2025 ΕΠΙΚΟΥΡΙΚΟΙ  Ε.Σ.Υ,,,,no sponsor block
6Μ4Ψ4690ΒΤ-ΞΒΨ,2025-05-05,ΤΑΚΤΙΚΗ ΜΙΣΘΟΔΟΣΙΑ ΜΕΤΑΠ/ΤΕΩΝ     ΑΠΡΙΛΙΟΥ   /2025 ΕΠΙΚΟΥΡΙΚΟ ΠΡΟΣΩΠΙΚΟ   ΤΡΙΜΗΝΑ COVID,,,,no sponsor block
9ΓΓΝ4690ΒΤ-ΜΨΕ,2025-05-05,ΤΑΚΤΙΚΗ ΜΙΣΘΟΔΟΣΙΑ ΜΕΤΑΠ/ΤΕΩΝ     ΑΠΡΙΛΙΟΥ   /2025 ΕΠΙΚΟΥΡΙΚΟ ΠΡΟΣΩΠΙΚΟ,,,,no sponsor block
ΨΑ0Τ4690ΒΤ-ΗΘΟ,2025-05-05,ΤΑΚΤΙΚΗ ΜΙΣΘΟΔΟΣΙΑ ΜΕΤΑΠ/ΤΕΩΝ     ΑΠΡΙΛΙΟΥ   /2025   ΝΕΟΠΡΟΣΛΑΜΒΑΝΟΜΕΝΟΙ  Ο.Α.Ε.Δ  ( ΝΕΟΙ  ),,,,no sponsor block
Ψ1ΒΞ4690ΒΤ-ΔΨΓ,2025-05-05,ΤΑΚΤΙΚΗ ΜΙΣΘΟΔΟΣΙΑ ΜΕΤΑΠ/ΤΕΩΝ     ΑΠΡΙΛΙΟΥ   /2025   ΝΕΟΠΡΟΣΛΑΜΒΑΝΟΜΕΝΟΙ  Ο.Α.Ε.Δ  ( ΠΑΛΙΟΙ  ),,,,no sponsor block
Ψ4Α04690ΒΤ-ΠΑΖ,2025-05-05,ΤΑΚΤΙΚΗ ΜΙΣΘΟΔΟΣΙΑ ΜΕΤΑΠ/ΤΕΩΝ     ΑΠΡΙΛΙΟΥ   /2025   ΝΕΟΠΡΟΣΛΑΜΒΑΝΟΜΕΝΟΙ  Ο.Α.Ε.Δ  ( ΠΑΛΙΟΙ  ),,,,no sponsor block
9ΤΓ84690ΒΤ-8Β3,2025-05-05,ΤΑΚΤΙΚΗ ΜΙΣΘΟΔΟΣΙΑ ΜΕΤΑΠ/ΤΕΩΝ     ΑΠΡΙΛΙΟΥ   /2025   ΑΜΙΣΘΟΙ ΤΕΕ (ΔΙΕΚ) Γ.Ν.Κ.,,,,no sponsor block
6ΘΒΡ4690ΒΤ-ΑΞ5,2025-05-05,ΤΑΚΤΙΚΗ ΜΙΣΘΟΔΟΣΙΑ ΜΕΤΑΠ/ΤΕΩΝ   ΜΑΡΤΙΟΥ  /2025   ΑΜΙΣΘΟΙ ΤΕΕ ( ΕΠΑΛ ) Γ.Ν.Κ.,,,,no sponsor block
987Ξ4690ΒΤ-ΔΩΨ,2025-05-05,ΤΑΚΤΙΚΗ ΜΙΣΘΟΔΟΣΙΑ ΜΕΤΑΠ/ΤΕΩΝ   ΑΠΡΙΛΙΟΥ   /2025   ΕΠΙΚΟΥΡΙΚΟI  E.Σ.Υ,,,,no sponsor block
9Χ234690ΒΤ-ΠΘΛ,2025-05-05,ΤΑΚΤΙΚΗ ΜΙΣΘΟΔΟΣΙΑ ΜΕΤΑΠ/ΤΕΩΝ   ΑΠΡΙΛΙΟΥ   /2025   ΕΠΙΚΟΥΡΙΚΟ ΠΡΟΣΩΠΙΚΟ,,,,no sponsor block
6ΦΠ44690ΒΤ-9ΘΣ,2025-04-30,ΠΡΟΜΗΘΕΙΑ ΕΙΔΩΝ ΣΥΝΤΗΡ.ΚΤΙΡΙΩΝ/2024  cpv 44111000-1,999825956,ΓΕΝΙΚΟ ΚΡΑΤΙΚΟ ΝΟΣΟΚΟΜΕΙΟ ΚΑΤΕΡΙΝΗΣ,682.00,self-referential (payroll/EFKA/FMY remittance)
92ΙΜ4690ΒΤ-ΗΔΕ,2025-04-25,ΕΝΟΙΚΙΟ  P.O.S     ΜΑΡΤΙΟΥ  /2025,,,,no sponsor block
ΨΖΒΦ4690ΒΤ-ΔΘΞ,2025-04-24,ΓΙΑ ΤΗΝ ΑΞΙΑ ΠΛΗΡΩΜΗΣ ΟΔΟΙΠΟΡΙΚΩΝ ΕΞΟΔΩΝ ΚΑΙ ΗΜΕΡΗΣΙΑΣ ΑΠΟΖΗΜΙΩΣΗΣ ΥΠΑΛΛΗΛΩΝ Γ.Ν.ΚΑΤΕΡΙΝΗΣ,,,,no sponsor block
ΡΒΗ14690ΒΤ-365,2025-04-17,ΤΑΚΤΙΚΗ ΜΙΣΘΟΔΟΣΙΑ ΜΕΤΑΠ/ΤΕΩΝ   ΑΠΟ 1ος /2024   εως  6  /2024   ΑΜΙΣΘΟΙ ΤΕΕ,,,,no sponsor block
ΨΩΖ54690ΒΤ-8ΑΑ,2026-02-03,ΧΕ-100 ΣΕΙΡΑ Α/2026 Πρόσθετες εφημερίες 9ου/25 ΑΓΡΟΤΙΚΟΙ ΙΑΤΡΟΙ,,,,no sponsor block
ΡΝΠΖ4690ΒΤ-ΖΘΘ,2026-02-03,ΧΕ-97 ΣΕΙΡΑ Α/2026 Πρόσθετες εφημερίες 9ου/25  ΕΠΙΚΟΥΡΙΚΟΙ  Ε.Σ.Υ  COVID,,,,no sponsor block
Ψ50Α4690ΒΤ-97Ξ,2026-02-03,ΧΕ-99 ΣΕΙΡΑ Α/2026 Πρόσθετες εφημερίες 9ου/25  ΓΙΑΤΡΟΙ  Ε.Σ.Υ  ΕΙΔ/ΝΟΙ του Ψ/Τ,,,,no sponsor block
Ψ17Ξ4690ΒΤ-ΗΩ3,2026-02-03,ΧΕ-98 ΣΕΙΡΑ Α/2026 Πρόσθετες εφημερίες 9ου/25  ΓΙΑΤΡΟΙ  Ε.Σ.Υ του Ψ/Τ,,,,no sponsor block
Ρ9654690ΒΤ-9Ο3,2026-02-03,ΧΕ-96 ΣΕΙΡΑ Α/2026 Πρόσθετες εφημερίες 9ου/25  ΓΙΑΤΡΟΙ  Ε.Σ.Υ  ΕΙΔ/ΝΟΙ,,,,no sponsor block
993Θ4690ΒΤ-ΚΥΠ,2026-02-03,ΧΕ-95 ΣΕΙΡΑ Α/2026 Πρόσθετες εφημερίες 9ου/25  EPIKOYΡΙΚΟΙ  Ε.Σ.Υ,,,,no sponsor block
9ΩΝΒ4690ΒΤ-ΧΞΖ,2026-02-03,ΧΕ-94 ΣΕΙΡΑ Α/2026 Πρόσθετες εφημερίες 9ου/25 γιατροί Ε.Σ.Υ,,,,no sponsor block
ΡΟΖΙ4690ΒΤ-ΥΨΑ,2026-02-03,ΧΕ-93 ΣΕΙΡΑ Α/2026 ΑΜΟΙΒΗ ΙΑΤΡΩΝ 12ου/25 ΛΟΓΩ ΣΥΜΜΕΤΟΧΗΣ ΣΤΗΝ ΟΛΟΗΜΕΡΗ ΛΕΙΤΟΥΡΓΙΑ,,,,no sponsor block
9ΗΝ14690ΒΤ-ΜΞ1,2026-02-03,ΧΕ-92 ΣΕΙΡΑ Α/2026 ΑΜΟΙΒΗ ΙΑΤΡΩΝ  12ος/25 ΛΟΓΩ ΣΥΜΜΕΤΟΧΗΣ ΣΤΗΝ ΟΛΟΗΜΕΡΗ ΛΕΙΤΟΥΡΓΙΑ,,,,no sponsor block
6Μ7Ψ4690ΒΤ-2Δ0,2026-02-03,ΧΕ-91 ΣΕΙΡΑ Α/2026 ΑΜΟΙΒΗ ΤΕΧΝΟΛΟΓΩΝ 12ος/25 ΛΟΓΩ ΣΥΜΜΕΤΟΧΗΣ ΣΤΗΝ ΟΛΟΗΜΕΡΗ ΛΕΙΤΟΥΡΓΙΑ,,,,no sponsor block
Ρ98Γ4690ΒΤ-ΨΦΔ,2026-02-03,ΧΕ-90 ΣΕΙΡΑ Α/2026 ΑΜΟΙΒΗ ΛΟΙΠΟΥ ΠΡΟΣΩΠΙΚΟΥ 12ος/25 ΣΤΗΝ ΟΛΟΗΜΕΡΗ ΛΕΙΤΟΥΡΓΙΑ,,,,no sponsor block
ΡΞ7Φ4690ΒΤ-ΕΤΚ,2026-02-03,ΧΕ-89 ΣΕΙΡΑ Α/2026 ΑΠΟΔΟΣΗ ΚΡΑΤΗΣΕΩΝ ΑΠΟ ΠΛΗΡΩΜΗ ΠΡΟΜΗΘΕΥΤΩΝ ΜΗΝΟΣ ΙΑΝΟΥΑΡΙΟΥ 2026,999825956,ΚΡΑΤΗΣΕΙΣ ΥΠΕΡ Δ.Ο.Υ.- ΤΡΑΠΕΖΩΝ,805.64,self-referential (payroll/EFKA/FMY remittance)
6Μ8Ρ4690ΒΤ-ΧΨ9,2026-01-30,ΧΕ-66 ΣΕΙΡΑ Α/2026 ΠΡΟΣΘΕΤΕΣ ΑΜΟΙΒΕΣ 12ου/25  MONIMO ΔΟΚΙΜΟ ΒΟΗΘ.ΠΡΟΣΩΠΙΚΟ,,,,no sponsor block
ΡΗΒΝ4690ΒΤ-9ΩΔ,2026-01-30,ΧΕ-65 ΣΕΙΡΑ Α/2026 ΑΠΟΖΗΜΙΩΣΗ ΕΦΗΜΕΡΙΩΝ 12ος/2025 ΕΠΙΣΤΗΜΟΝΙΚΟ ΠΡΟΣΩΠΙΚΟ  Κ.Ψ.ΥΓΕΙΑΣ,,,,no sponsor block
6ΜΙΦ4690ΒΤ-ΨΥΞ,2026-01-30,ΧΕ-64 ΣΕΙΡΑ Α/2026 ΑΠΟΖΗΜΙΩΣΗ ΕΦΗΜΕΡΙΩΝ 12ος/25 ΕΠΙΣΤ/ΚΟ  ΠΡΟΣΩΠΙΚΟ,,,,no sponsor block
Ψ4ΑΧ4690ΒΤ-ΖΥΓ,2026-01-30,ΧΕ-63 ΣΕΙΡΑ Α/2026 ΑΠΟΖΗΜΙΩΣΗ ΕΦΗΜΕΡΙΩΝ 12ος/25 ΕΠΙΣΤ/ΚΟ  Ι.Δ  Ν.Δ  1057/80,,,,no sponsor block
ΡΗΞ54690ΒΤ-8Β1,2026-01-30,ΧΕ-62 ΣΕΙΡΑ Α/2026 ΠΡΟΣΘΕΤΕΣ ΑΜΟΙΒΕΣ 12ου/25  ΝΟΣΗΛΕΥΤΙΚΟ.ΠΡΟΣΩΠ Ν.Δ 1057/80,,,,no sponsor block
97ΡΑ4690ΒΤ-ΕΩΧ,2026-01-30,ΧΕ-61 ΣΕΙΡΑ Α/2026 ΠΡΟΣΘΕΤΕΣ ΑΜΟΙΒΕΣ 12ου/25   ΤΕΧΝΙΚΟ .ΠΡΟΣΩΠ ΤΟΥ Ψ/Τ,,,,no sponsor block
68ΞΘ4690ΒΤ-8Ρ7,2026-01-30,ΧΕ-60 ΣΕΙΡΑ Α/2026 ΠΡΟΣΘΕΤΕΣ ΑΜΟΙΒΕΣ 12ου/25 .ΠΡΟΣΩΠ  ΕΠΙ ΣΧΕΣΕΙ ΕΓΑΣΙΑΣ Ι.Δ.Α.Χ,,,,no sponsor block
62ΜΒ4690ΒΤ-Ω3Δ,2026-01-30,ΧΕ-59 ΣΕΙΡΑ Α/2026 ΠΡΟΣΘΕΤΕΣ ΑΜΟΙΒΕΣ  12ου/25   ΝΕΟΠΡΟΣΛΑΜΒΑΝ/ΟΙ  Ο.Α.Ε.Δ ΤΟΥ Ψ/Τ,,,,no sponsor block
6ΑΠ84690ΒΤ-ΝΘΘ,2026-01-30,ΧΕ-58 ΣΕΙΡΑ Α/2026 ΠΡΟΣΘΕΤΕΣ ΑΜΟΙΒΕΣ 12ου/25  ΕΠΙΚΟΥΡΙΚΟ ΤΡΙΜΗΝΟ  COVID.ΠΡΟΣΩΠ,,,,no sponsor block
Ρ7ΥΖ4690ΒΤ-Φ5Π,2026-01-30,ΧΕ-57 ΣΕΙΡΑ Α/2026 ΠΡΟΣΘΕΤΕΣ ΑΜΟΙΒΕΣ 12 ου/25  ΕΠΙΚΟΥΡΙΚΟ .ΠΡΟΣΩΠ,,,,no sponsor block
ΨΗ2Φ4690ΒΤ-ΖΔΠ,2026-01-30,ΧΕ-56 ΣΕΙΡΑ Α/2026 ΠΡΟΣΘΕΤΕΣ ΑΜΟΙΒΕΣ 12ου/25   ΝΟΣΗΛΕΥΤΙΚΟ ΠΡΟΣΩΠ ΤΟΥ Ψ/Τ,,,,no sponsor block
ΨΙΧΚ4690ΒΤ-ΔΜΨ,2026-01-30,ΧΕ-55 ΣΕΙΡΑ Α/2026 ΠΡΟΣΘΕΤΕΣ ΑΜΟΙΒΕΣ 12ου/25  ΕΠΙΣΤΗΜΟΝΙΚΟ ΠΡΟΣΩΠ,,,,no sponsor block
ΨΧ244690ΒΤ-ΜΟ4,2026-01-30,ΧΕ-54 ΣΕΙΡΑ Α/2026 ΠΡΟΣΘΕΤΕΣ ΑΜΟΙΒΕΣ 12ου/25   ΕΠΙΣΤΗΜΟΝΙΚΟ ΠΡΟΣΩΠ,,,,no sponsor block
ΡΟΧ84690ΒΤ-ΠΦΗ,2026-01-30,ΧΕ-53 ΣΕΙΡΑ Α/2026 ΠΡΟΣΘΕΤΕΣ ΑΜΟΙΒΕΣ 12ου/25  Ο.Α.Ε.Δ ΚΟΙΝΩΦΕΛΟΥΣ ΕΡΓΑΣΙΑΣ,,,,no sponsor block
9Υ814690ΒΤ-ΨΚΛ,2026-01-30,ΧΕ-52 ΣΕΙΡΑ Α/2026 ΠΡΟΣΘΕΤΕΣ ΑΜΟΙΒΕΣ 12ου/25  ΑΠΟΣΠΑΣΜΕΝΟΙ,,,,no sponsor block
ΨΩΦΟ4690ΒΤ-ΝΒ3,2026-01-30,ΧΕ-51 ΣΕΙΡΑ Α/2026 ΠΡΟΣΘΕΤΕΣ ΑΜΟΙΒΕΣ 12ου/25 ΠΡΟΣΩΠ. ΕΠΙ ΣΧΕΣΕΙ ΕΡΓΑΣΙΑΣ Ι.Δ.Α.Χ,,,,no sponsor block
68ΙΦ4690ΒΤ-ΥΜΥ,2026-01-30,ΧΕ-50 ΣΕΙΡΑ Α/2026 ΠΡΟΣΘΕΤΕΣ ΑΜΟΙΒΕΣ 12ου/25  ΝΟΣΗΛ/ΚΟ .ΠΡΟΣΩΠ  Ν.Δ  1057/80,,,,no sponsor block
99ΩΖ4690ΒΤ-Ν9Υ,2026-01-30,ΧΕ-49 ΣΕΙΡΑ Α/2026 ΠΡΟΣΘΕΤΕΣ ΑΜΟΙΒΕΣ 12 ου/25 ΜΟΝ.ΔΟΚ.ΠΡΟΣΩΠ  ΕΙΔ. ΘΕΣΕΩΝ,,,,no sponsor block
97ΞΓ4690ΒΤ-ΡΨΒ,2026-01-30,ΧΕ-48 ΣΕΙΡΑ Α/2026 ΠΡΟΣΘΕΤΕΣ ΑΜΟΙΒΕΣ 11ου/25 ΜΟΝ.ΔΟΚ  ΒΟΗΘ..ΠΡΟΣΩΠ,,,,no sponsor block
91ΓΥ4690ΒΤ-Φ0Ρ,2026-01-30,ΧΕ-47 ΣΕΙΡΑ Α/2026 ΠΡΟΣΘΕΤΕΣ ΑΜΟΙΒΕΣ 12ου/25  ΔΙΟΙΚΗΤΙΚΟ .ΠΡΟΣΩΠ,,,,no sponsor block
90ΒΕ4690ΒΤ-Χ6Ξ,2026-01-30,ΧΕ-46 ΣΕΙΡΑ Α/2026 ΠΡΟΣΘΕΤΕΣ ΑΜΟΙΒΕΣ 12ου/25 .ΠΡΟΣΩΠΙΚΟ Ι.Δ  Ν.  2470/96,,,,no sponsor block
96ΩΩ4690ΒΤ-Δ16,2026-01-30,ΧΕ-45 ΣΕΙΡΑ Α/2026 ΠΡΟΣΘΕΤΕΣ ΑΜΟΙΒΕΣ 12ου/25  ΝΕΟΠΡΟΣΛΑΜ/ΝΟΙ Ο.Α.Ε.Δ,,,,no sponsor block
9ΕΠΔ4690ΒΤ-ΕΜΠ,2026-01-30,ΧΕ-44 ΣΕΙΡΑ Α/2026 ΠΡΟΣΘΕΤΕΣ ΑΜΟΙΒΕΣ 12ου/25 ΝΕΟΠΡΟΣΛΑΜΒΑΝ/ΝΟΙ  Ο.Α.Ε.Δ,,,,no sponsor block
9Ω2Σ4690ΒΤ-922,2026-01-30,ΧΕ-43 ΣΕΙΡΑ Α/2026 ΠΡΟΣΘΕΤΕΣ ΑΜΟΙΒΕΣ 12ου/25   ΕΠΙΚΟΥΡΙΚΟ ΠΡΟΣΩΠ,,,,no sponsor block
9ΙΑΧ4690ΒΤ-3ΑΕ,2026-01-30,ΧΕ-42 ΣΕΙΡΑ Α/2026 ΠΡΟΣΘΕΤΕΣ ΑΜΟΙΒΕΣ 12ου/25  ΕΠΙΚΟΥΡΙΚΟ.ΠΡΟΣΩΠ. COVID,,,,no sponsor block
65ΝΜ4690ΒΤ-2ΤΖ,2026-01-30,ΧΕ-41 ΣΕΙΡΑ Α/2026 ΠΡΟΣΘΕΤΕΣ ΑΜΟΙΒΕΣ 12ου/25  ΕΠΙΚΟΥΡΙΚΟ .ΠΡΟΣΩΠ ΤΡΙΜΗΝΑ COVID,,,,no sponsor block
ΨΦΨΩ4690ΒΤ-ΥΥΩ,2026-01-30,ΧΕ-40 ΣΕΙΡΑ Α/2026 ΠΡΟΣΘΕΤΕΣ ΑΜΟΙΒΕΣ 12ου/25  ΝΟΣΗΛ/ΚΟ ΠΡΟΣΩΠΙΚΟ,,,,no sponsor block
Ψ1Ε44690ΒΤ-4ΑΒ,2026-01-30,ΧΕ-39 ΣΕΙΡΑ Α/2026 ΤΑΚΤΙΚΕΣ  ΕΦΗΜΕΡΙΕΣ 12ου/2025 ΓΙΑΤΡΟΙ  Ε.Σ.Υ ΕΙΔ/ΝΟΙ ΤΟΥ Ψ/Τ,,,,no sponsor block
ΨΞΖΚ4690ΒΤ-19Θ,2026-01-30,ΧΕ-38 ΣΕΙΡΑ Α/2026 ΤΑΚΤΙΚΕΣ  ΕΦΗΜΕΡΙΕΣ 12ου/2025 ΓΙΑΤΡΟΙ  Ε.Σ.Υ  ΤΟΥ Ψ/Τ,,,,no sponsor block
ΨΟ6Η4690ΒΤ-ΥΡΓ,2026-01-30,ΧΕ-37 ΣΕΙΡΑ Α/2026 ΤΑΚΤΙΚΕΣ  ΕΦΗΜΕΡΙΕΣ 12ου/2025 ΓΙΑΤΡΟΙ  Ε.Σ.Υ  ΤΟΥ Κ.Ψ.ΥΓΕΙΑΣ,,,,no sponsor block
68ΟΧ4690ΒΤ-Τ54,2026-01-30,ΧΕ-36 ΣΕΙΡΑ Α/2026 ΤΑΚΤΙΚΕΣ  ΕΦΗΜΕΡΙΕΣ 12ου/2025 ΓΙΑΤΡΟΙ  Ε.Σ.Υ,,,,no sponsor block
9ΥΝ74690ΒΤ-ΖΦ7,2026-01-30,ΧΕ-35 ΣΕΙΡΑ Α/2026 ΤΑΚΤΙΚΕΣ  ΕΦΗΜΕΡΙΕΣ 12ου/2025 ΕΠΙΚΟΥΡΙΚΟΙ Ε.Σ.Υ,,,,no sponsor block
6Σ4Γ4690ΒΤ-Μ2Γ,2026-01-30,ΧΕ-34 ΣΕΙΡΑ Α/2026 ΤΑΚΤΙΚΕΣ  ΕΦΗΜΕΡΙΕΣ 12ου/2025 ΕΠΙΚΟΥΡΙΚΟΙ  Ε.Σ.Υ,,,,no sponsor block
6Υ724690ΒΤ-ΓΡ9,2026-01-30,ΧΕ-33 ΣΕΙΡΑ Α/2026 ΤΑΚΤΙΚΕΣ  ΕΦΗΜΕΡΙΕΣ 12ου/2025 ΓΙΑΤΡΟΙ  Ε.Σ.Υ ΕΙΔ/ΝΟΙ,,,,no sponsor block
6ΥΧΘ4690ΒΤ-ΨΕΣ,2026-01-29,ΧΕ-32 ΣΕΙΡΑ Α/2026 Πρόσθετες αμοιβές Νοεμβρίου/2025 12 μηνα Ο.Α.Ε.Δ Δημ.Προσκληση 10/2017,,,,no sponsor block
Ρ3ΗΙ4690ΒΤ-Φ2Β,2026-01-29,ΧΕ-31 ΣΕΙΡΑ Α/2026 Πρόσθετες αμοιβές Νοεμβρίου/2025 12 μηνα Ο.Α.Ε.Δ Δημ.Προσκληση 13/2016,,,,no sponsor block
9Ο8Ε4690ΒΤ-ΣΨΟ,2026-01-29,ΧΕ-30 ΣΕΙΡΑ Α/2026 Τακτική μισθοδοσία Δεκεμβρίου/2025 12 μηνα Ο.Α.Ε.Δ  Δημ.Προσκ. 3/2025,,,,no sponsor block
Ψ89Ρ4690ΒΤ-5ΥΟ,2026-01-29,ΧΕ-29 ΣΕΙΡΑ Α/2026 Τακτική μισθοδοσία Δεκεμβρίου/2025 12 μηνα Ο.Α.Ε.Δ  Δημ.Προσκ.13/2016,,,,no sponsor block
ΡΛΛΟ4690ΒΤ-ΚΛ1,2026-01-29,ΧΕ-28 ΣΕΙΡΑ Α/2026 Τακτική μισθοδοσία Δεκεμβρίου/2025 12 μηνα Ο.Α.Ε.Δ  Δημ.Προσκ.10/2017,,,,no sponsor block
9ΝΗΕ4690ΒΤ-ΡΕΒ,2026-01-27,ΧΕ-17 ΣΕΙΡΑ Α/2026 ΤΑΚΤΙΚΗ ΜΙΣΘΟΔΟΣΙΑ ΜΕΤΑΠ/ΤΕΩΝ   12oς /2025   ΑΜΙΣΘΟΙ ΤΕΕ ( ΕΠΑΛ ),,,,no sponsor block
ΨΦ544690ΒΤ-44Η,2026-01-27,ΧΕ-16 ΣΕΙΡΑ Α/2026 ΑΝΑΔΡΟΜΙΚΑ ΜΕΤΑΠ/ΤΕΩΝ  ΔΕΚΕΜΒΡΙΟΥ    /2025  ΑΣΚΟΥΜΕΝΟΙ  Ο.Α.Ε.Δ,,,,no sponsor block
9ΩΡΗ4690ΒΤ-Μ6Μ,2026-01-27,ΧΕ-15 ΣΕΙΡΑ Α/2026 ΤΑΚΤΙΚΗ ΜΙΣΘΟΔΟΣΙΑ ΜΕΤΑΠ/ΤΕΩΝ  ΔΕΚΕΜΒΡΙΟΥ    /2025  ΑΣΚΟΥΜΕΝΟΙ  Ο.Α.Ε.Δ,,,,no sponsor block
Ψ7Τ14690ΒΤ-ΩΧ0,2026-01-27,ΧΕ-14 ΣΕΙΡΑ Α/2026 ΤΑΚΤΙΚΗ ΜΙΣΘΟΔΟΣΙΑ ΜΕΤΑΠ/ΤΕΩΝ  1ος/2026  ΣΠΟΥΔΑΣΤΕΣ ΠΟΥ ΑΣΚΟΥΝΤΑΙ,,,,no sponsor block
96ΙΝ4690ΒΤ-ΙΦΦ,2026-01-27,ΧΕ-13 ΣΕΙΡΑ Α/2026 ΤΑΚΤΙΚΗ ΜΙΣΘΟΔΟΣΙΑ ΜΕΤΑΠ/ΤΕΩΝ  1ος/2026    ΑΜΙΣΘΟΙ ΤΕΕ ΔΙΕΚ,,,,no sponsor block
ΨΦΡΝ4690ΒΤ-ΒΣΖ,2026-01-27,ΧΕ-11 ΣΕΙΡΑ Α/2026 ΤΑΚΤΙΚΗ ΜΙΣΘΟΔΟΣΙΑ ΜΕΤΑΠ/ΤΕΩΝ   1ος /2026  ΝΕΟΠΡΟΣΛΑΜΒΑΝΟΜΕΝΟΙ Ο.Α.Ε.Δ ( Π),,,,no sponsor block
9ΓΛΛ4690ΒΤ-ΒΕΛ,2026-01-27,ΧΕ-8 ΣΕΙΡΑ Α/2026 ΤΑΚΤΙΚΗ ΜΙΣΘΟΔΟΣΙΑ ΜΕΤΑΠ/ΤΕΩΝ   1ος /2026   ΕΠΙΚΟΥΡΙΚΟ  Ε.Σ.Υ,,,,no sponsor block
ΨΟΤ44690ΒΤ-ΕΦΨ,2026-01-27,ΧΕ-12 ΣΕΙΡΑ Α/2026 ΤΑΚΤΙΚΗ ΜΙΣΘΟΔΟΣΙΑ ΜΕΤΑΠ/ΤΕΩΝ   1ος /2026   ΕΠΙΣΤΗΜΟΝΙΚΟ  ΠΡΟΣΩΠΙΚΟ,,,,no sponsor block
Ψ6ΑΡ4690ΒΤ-ΥΟΔ,2026-01-27,ΧΕ-10 ΣΕΙΡΑ Α/2026 ΑΝΑΔΡΟΜΙΚΑ  ΜΕΤΑΠ/ΤΕΩΝ   1ος /2026   ΝΕΟΠΡΟΣΛΑΜΒΑΝΟΜΕΝΟΙ Ο.Α.Ε.Δ,,,,no sponsor block
9ΞΨΤ4690ΒΤ-0ΨΠ,2026-01-27,ΧΕ-9 ΣΕΙΡΑ Α/2026 ΤΑΚΤΙΚΗ ΜΙΣΘΟΔΟΣΙΑ ΜΕΤΑΠ/ΤΕΩΝ   1ος /2026   ΝΕΟΠΡΟΣΛΑΜΒΑΝΟΜΕΝΟΙ Ο.Α.Ε.Δ,,,,no sponsor block
9ΗΥ34690ΒΤ-Τ7Φ,2026-01-27,ΧΕ-7 ΣΕΙΡΑ Α/2026 ΤΑΚΤΙΚΗ ΜΙΣΘΟΔΟΣΙΑ ΜΕΤΑΠ/ΤΕΩΝ   1ος /2026   ΕΠΙΚΟΥΡΙΚΟ  ΠΡΟΣΩΠΙΚΟ,,,,no sponsor block
Ψ7ΜΜ4690ΒΤ-ΜΑΚ,2026-01-27,ΧΕ-6 ΣΕΙΡΑ Α/2026 ΑΝΑΔΡΟΜΙΚΑ ΕΠΙΚΟΥΡ/ΠΡΟΣΩΠ. COVID  1ος/2026,,,,no sponsor block
99ΡΛ4690ΒΤ-149,2026-01-27,ΧΕ-5 ΣΕΙΡΑ Α/2026 ΤΑΚΤΙΚΗ ΜΙΣΘΟΔΟΣΙΑ ΜΕΤΑΠ/ΤΕΩΝ  1ος/2026  ΕΠΙΚΟΥΡΙΚΟ ΤΡΙΜΗΝΟ  ΠΡΟΣΩΠΙΚΟ COVID,,,,no sponsor block
6ΖΠΩ4690ΒΤ-2ΘΓ,2026-01-27,ΧΕ-4 ΣΕΙΡΑ Α/2026 ΤΑΚΤΙΚΗ ΜΙΣΘΟΔΟΣΙΑ ΜΕΤΑΠ/ΤΕΩΝ  1ος/2026  ΕΠΙΚΟΥΡΙΚΟΙ  Ε.Σ.Υ COVID,,,,no sponsor block
9ΛΩ44690ΒΤ-Ο4Ο,2026-01-27,ΧΕ-3 ΣΕΙΡΑ Α/2026 ΤΑΚΤΙΚΗ ΜΙΣΘΟΔΟΣΙΑ ΜΕΤΑΠ/ΤΕΩΝ  1ος/2026  ΕΠΙΚΟΥΡΙΚΟ  ΠΡΟΣΩΠΙΚΟ COVID,,,,no sponsor block
9ΚΛ84690ΒΤ-ΦΔΔ,2025-12-30,ΧΕ-2881 ΣΕΙΡΑ Α/2025 ΑΠΟΔΟΣΗ ΚΡΑΤΗΣΕΩΝ ΑΠΟ ΠΛΗΡΩΜΗ ΠΡΟΜΗΘΕΥΤΩΝ ΜΗΝΟΣ ΔΕΚΕΜΒΡΙΟΥ 2025,999825956,ΚΡΑΤΗΣΕΙΣ ΥΠΕΡ Δ.Ο.Υ.- ΤΡΑΠΕΖΩΝ,106329.09,self-referential (payroll/EFKA/FMY remittance)
9ΚΛ84690ΒΤ-ΦΔΔ,2025-12-30,ΧΕ-2881 ΣΕΙΡΑ Α/2025 ΑΠΟΔΟΣΗ ΚΡΑΤΗΣΕΩΝ ΑΠΟ ΠΛΗΡΩΜΗ ΠΡΟΜΗΘΕΥΤΩΝ ΜΗΝΟΣ ΔΕΚΕΜΒΡΙΟΥ 2025,999825956,ΚΡΑΤΗΣΕΙΣ ΥΠΕΡ Δ.Ο.Υ.- ΤΡΑΠΕΖΩΝ,405.36,self-referential (payroll/EFKA/FMY remittance)
65Μ14690ΒΤ-5ΥΣ,2025-12-22,ΧΕ-2754 ΣΕΙΡΑ Α/2025 ΑΠΟΔΟΣΗ ΚΡΑΤΗΣΕΩΝ ΑΠΟ ΠΛΗΡΩΜΗ ΜΕΣΩ ΕΑΠ ΓΙΑ ΑΠΟΓΕΥΜΑΤΙΝΑ ΙΑΤΡΕΙΑ ΜΗΝΟΣ ΔΕΚΕΜΒΡΙΟΥ 2025,999825956,ΤΣΑΥ ΚΑΙ ΛΟΙΠΑ ΤΑΜΕΙΑ,892.24,self-referential (payroll/EFKA/FMY remittance)
65Μ14690ΒΤ-5ΥΣ,2025-12-22,ΧΕ-2754 ΣΕΙΡΑ Α/2025 ΑΠΟΔΟΣΗ ΚΡΑΤΗΣΕΩΝ ΑΠΟ ΠΛΗΡΩΜΗ ΜΕΣΩ ΕΑΠ ΓΙΑ ΑΠΟΓΕΥΜΑΤΙΝΑ ΙΑΤΡΕΙΑ ΜΗΝΟΣ ΔΕΚΕΜΒΡΙΟΥ 2025,999825956,ΤΣΑΥ ΚΑΙ ΛΟΙΠΑ ΤΑΜΕΙΑ,9304.75,self-referential (payroll/EFKA/FMY remittance)
Ψ7ΤΡ4690ΒΤ-Ρ0Ω,2025-12-22,ΧΕ-2753 ΣΕΙΡΑ Α/2025 ΑΠΟΔΟΣΗ ΚΡΑΤΗΣΕΩΝ ΑΠΟ ΠΛΗΡΩΜΗ ΜΕΣΩ ΕΑΠ ΜΗΝΟΣ ΔΕΚΕΜΒΡΙΟΥ 2025,999825956,ΤΣΑΥ ΚΑΙ ΛΟΙΠΑ ΤΑΜΕΙΑ,255373.24,self-referential (payroll/EFKA/FMY remittance)
Ψ7ΤΡ4690ΒΤ-Ρ0Ω,2025-12-22,ΧΕ-2753 ΣΕΙΡΑ Α/2025 ΑΠΟΔΟΣΗ ΚΡΑΤΗΣΕΩΝ ΑΠΟ ΠΛΗΡΩΜΗ ΜΕΣΩ ΕΑΠ ΜΗΝΟΣ ΔΕΚΕΜΒΡΙΟΥ 2025,999825956,ΤΣΑΥ ΚΑΙ ΛΟΙΠΑ ΤΑΜΕΙΑ,239.92,self-referential (payroll/EFKA/FMY remittance)
Ψ7ΤΡ4690ΒΤ-Ρ0Ω,2025-12-22,ΧΕ-2753 ΣΕΙΡΑ Α/2025 ΑΠΟΔΟΣΗ ΚΡΑΤΗΣΕΩΝ ΑΠΟ ΠΛΗΡΩΜΗ ΜΕΣΩ ΕΑΠ ΜΗΝΟΣ ΔΕΚΕΜΒΡΙΟΥ 2025,999825956,ΤΣΑΥ ΚΑΙ ΛΟΙΠΑ ΤΑΜΕΙΑ,5852.72,self-referential (payroll/EFKA/FMY remittance)
Ψ7ΤΡ4690ΒΤ-Ρ0Ω,2025-12-22,ΧΕ-2753 ΣΕΙΡΑ Α/2025 ΑΠΟΔΟΣΗ ΚΡΑΤΗΣΕΩΝ ΑΠΟ ΠΛΗΡΩΜΗ ΜΕΣΩ ΕΑΠ ΜΗΝΟΣ ΔΕΚΕΜΒΡΙΟΥ 2025,999825956,ΤΣΑΥ ΚΑΙ ΛΟΙΠΑ ΤΑΜΕΙΑ,904.35,self-referential (payroll/EFKA/FMY remittance)
Ρ6ΤΛ4690ΒΤ-Ο04,2025-12-18,ΧΕ-2729 ΣΕΙΡΑ Α/2025 ΤΑΚΤΙΚΗ ΜΙΣΘΟΔΟΣΙΑ ΜΕΤΑΠ/ΤΕΩΝ   ΔΕΚΕΜΒΡΙΟΥ   /2025  ΕΠΙΣΤΗΜΟΝΙΚΟ ΠΡΟΣΩΠΙΚΟ,,,,no sponsor block
ΨΤΠΛ4690ΒΤ-Γ65,2025-12-18,ΧΕ-2728 ΣΕΙΡΑ Α/2025 ΤΑΚΤΙΚΗ ΜΙΣΘΟΔΟΣΙΑ ΜΕΤΑΠ/ΤΕΩΝ   ΔΕΚΕΜΒΡΙΟΥ   /2025  ΣΠΟΥΔΑΣΤΕΣ ΠΟΥ ΑΣΚΟΥΝΤΑΙ,,,,no sponsor block
ΨΔΗ84690ΒΤ-Ι5Β,2025-12-18,ΧΕ-2727 ΣΕΙΡΑ Α/2025 ΤΑΚΤΙΚΗ ΜΙΣΘΟΔΟΣΙΑ ΜΕΤΑΠ/ΤΕΩΝ  ΔΕΚΕΜΒΡΙΟΥ    /2025  ΑΜΙΣΘΟΙ ΤΕΕ,,,,no sponsor block
6Σ2Ν4690ΒΤ-ΟΞΜ,2025-12-18,ΧΕ-2726 ΣΕΙΡΑ Α/2025 ΑΝΑΔΡΟΜΙΚΑ ΜΕΤΑΠ/ΤΕΩΝ  ΔΕΚΕΜΒΡΙΟΥ    /2025  ΑΣΚΟΥΜΕΝΟΙ  Ο.Α.Ε.Δ,,,,no sponsor block
6ΝΕΓ4690ΒΤ-ΛΝ3,2025-12-18,ΧΕ-2725 ΣΕΙΡΑ Α/2025 ΤΑΚΤΙΚΗ ΜΙΣΘΟΔΟΣΙΑ ΜΕΤΑΠ/ΤΕΩΝ  ΔΕΚΕΜΒΡΙΟΥ    /2025  ΑΣΚΟΥΜΕΝΟΙ  Ο.Α.Ε.Δ,,,,no sponsor block
Ψ45Π4690ΒΤ-2Ν7,2025-12-18,ΧΕ-2724 ΣΕΙΡΑ Α/2025 ΤΑΚΤΙΚΗ ΜΙΣΘΟΔΟΣΙΑ ΜΕΤΑΠ/ΤΕΩΝ  ΔΕΚΕΜΒΡΙΟΥ    /2025  ΝΕΟΠΡΟΣ/ΝΟΙ  Ο.Α.Ε.Δ  (Ν ),,,,no sponsor block
94ΠΕ4690ΒΤ-768,2025-12-18,ΧΕ-2723 ΣΕΙΡΑ Α/2025 ΑΝΑΔΡΟΜΙΚΑ  ΜΕΤΑΠ/ΤΕΩΝ  ΔΕΚΕΜΒΡΙΟΥ    /2025  ΝΕΟΠΡΟΣ/ΝΟΙ  Ο.Α.Ε.Δ  (Π),,,,no sponsor block
ΨΑΥΨ4690ΒΤ-Β6Ε,2025-12-18,ΧΕ-2722 ΣΕΙΡΑ Α/2025 ΤΑΚΤΙΚΗ ΜΙΣΘΟΔΟΣΙΑ ΜΕΤΑΠ/ΤΕΩΝ  ΔΕΚΕΜΒΡΙΟΥ    /2025  ΝΕΟΠΡΟΣ/ΝΟΙ  Ο.Α.Ε.Δ  (Π),,,,no sponsor block
6ΝΨΩ4690ΒΤ-ΒΚΑ,2025-12-18,ΧΕ-2721 ΣΕΙΡΑ Α/2025 ΤΑΚΤΙΚΗ ΜΙΣΘΟΔΟΣΙΑ ΜΕΤΑΠ/ΤΕΩΝ  ΔΕΚΕΜΒΡΙΟΥ    /2025   ΕΠΙΚΟΥΡΙΚΟΙ Ε.Σ.Υ,,,,no sponsor block
9ΨΓΑ4690ΒΤ-3ΜΛ,2025-12-18,ΧΕ-2720 ΣΕΙΡΑ Α/2025 ΑΝΑΔΡΟΜΙΚΑ ΕΠΙΚΟΥΡΙΚΟΙ Ε.Σ.Υ COVID,,,,no sponsor block
6Μ144690ΒΤ-4Φ6,2025-12-18,ΧΕ-2719 ΣΕΙΡΑ Α/2025 ΤΑΚΤΙΚΗ ΜΙΣΘΟΔΟΣΙΑ ΜΕΤΑΠ/ΤΕΩΝ  ΔΕΚΕΜΒΡΙΟΥ    /2025   ΕΠΙΚΟΥΡΙΚΟΙ Ε.Σ.Υ COVID,,,,no sponsor block
ΨΒ5Σ4690ΒΤ-Ω5Η,2025-12-17,ΧΕ-2718 ΣΕΙΡΑ Α/2025 ΑΝΑΔΡΟΜΙΚΑ ΜΕΤΑΠ/ΤΕΩΝ  ΔΕΚΕΜΒΡΙΟΥ    /2025   ΕΠΙΚΟΥΡΙΚΟ  ΠΡΟΣΩΠΙΚΟ COVID,,,,no sponsor block
9ΥΧΖ4690ΒΤ-3ΚΦ,2025-12-17,ΧΕ-2717 ΣΕΙΡΑ Α/2025 ΤΑΚΤΙΚΗ ΜΙΣΘΟΔΟΣΙΑ ΜΕΤΑΠ/ΤΕΩΝ  ΔΕΚΕΜΒΡΙΟΥ    /2025   ΕΠΙΚΟΥΡΙΚΟ  ΠΡΟΣΩΠΙΚΟ,,,,no sponsor block
98704690ΒΤ-ΥΙΩ,2025-12-17,ΧΕ-2716 ΣΕΙΡΑ Α/2025 ΤΑΚΤΙΚΗ ΜΙΣΘΟΔΟΣΙΑ ΜΕΤΑΠ/ΤΕΩΝ  ΔΕΚΕΜΒΡΙΟΥ    /2025   ΕΠΙΚΟΥΡΙΚΟ  ΠΡΟΣΩΠΙΚΟ,,,,no sponsor block
9Η6Κ4690ΒΤ-Π7Γ,2025-12-17,ΧΕ-2715 ΣΕΙΡΑ Α/2025 ΤΑΚΤΙΚΗ ΜΙΣΘΟΔΟΣΙΑ ΜΕΤΑΠ/ΤΕΩΝ  ΔΕΚΕΜΒΡΙΟΥ    /2025   ΕΠΙΚΟΥΡΙΚΟ ΤΡΙΜΗΝΟ ΠΡΟΣΩΠΙΚΟ,,,,no sponsor block
9Μ474690ΒΤ-Λ2Γ,2025-12-17,ΧΕ-2711 ΣΕΙΡΑ Α/2025 ΜΙΣΘΟΛ. ΚΑΤΑΣΤΑΣ. ΝΟΣΗΛΕΥΤΙΚΟΥ ΠΡΟΣΩΠΙΚΟΥ  ΑΠΟΓΕΥΜΑΤΙΝΩΝ ΧΕΙΡΟΥΡΓΕΙΩΝ  ΙΟΥΝΙΟΣ/25,,,,no sponsor block
ΨΘΧ84690ΒΤ-ΤΙΧ,2025-12-17,ΧΕ-2710 ΣΕΙΡΑ Α/2025 ΜΙΣΘΟΛ. ΚΑΤΑΣΤΑΣ. ΝΟΣΗΛΕΥΤΙΚΟΥ ΠΡΟΣΩΠΙΚΟΥ  ΑΠΟΓΕΥΜΑΤΙΝΩΝ ΧΕΙΡΟΥΡΓΕΙΩΝ  ΜΑΙΟΣ/25,,,,no sponsor block
9ΥΚΩ4690ΒΤ-ΞΑΦ,2025-12-17,ΧΕ-2709 ΣΕΙΡΑ Α/2025 ΜΙΣΘΟΛΟΓΙΚΗ ΚΑΤΑΣΤΑΣΗ ΙΑΤΡΩΝ ΑΠΟΓΕΥΜΑΤΙΝΩΝ ΧΕΙΡΟΥΡΓΕΙΩΝ  ΙΟΥΝΙΟΣ/25,,,,no sponsor block
ΨΝΞ34690ΒΤ-8ΣΙ,2025-12-17,ΧΕ-2708 ΣΕΙΡΑ Α/2025 ΜΙΣΘΟΛΟΓΙΚΗ ΚΑΤΑΣΤΑΣΗ ΙΑΤΡΩΝ ΑΠΟΓΕΥΜΑΤΙΝΩΝ ΧΕΙΡΟΥΡΓΕΙΩΝ  ΜΑΙΟΣ/25,,,,no sponsor block
9ΤΒ44690ΒΤ-ΚΕΘ,2025-12-17,ΧΕ-2707 ΣΕΙΡΑ Α/2025 ΠΛΗΡΩΜΗ ΠΡΟΣΩΠ. ΑΠΟ ΤΗΝ ΟΛΟΗΜΕΡΗ ΛΕΙΤΟΥΡΓΙΑ ΤΟΥ ΝΟΣΟΚΟΜΕΙΟ   ΝΟΕΜΒΡΙΟΣ   2025,,,,no sponsor block
90ΨΕ4690ΒΤ-0ΙΓ,2025-12-17,ΧΕ-2706 ΣΕΙΡΑ Α/2025 ΜΙΣΘΟΛΟΓ. ΚΑΤΑΣΤΑΣΗ ΤΕΧΝΟΛΟΓΩΝ ΑΠΕΙΚΟΝΙΣΤΙΚΟΥ ΕΡΓΑΣΤΗΡΙΟΥ    ΝΟΕΜΒΡΙΟΣ  2025,,,,no sponsor block
9ΠΣ74690ΒΤ-ΕΧΙ,2025-12-17,ΧΕ-2705 ΣΕΙΡΑ Α/2025 ΜΙΣΘΟΛΟΓ. ΚΑΤΑΣΤΑΣΗ ΙΑΤΡΩΝ ΝΟΕΜΒΡΙΟΥ/25  ΛΟΓΩ ΣΥΜΜΕΤΟΧΗΣ ΣΤΗΝ ΟΛΟΗΜΕΡΗ ΛΕΙΤΟΥΡΓΙΑ ΤΟΥ Ν.,,,,no sponsor block
918Ω4690ΒΤ-ΓΤ9,2025-12-17,ΧΕ-2704 ΣΕΙΡΑ Α/2025 ΜΙΣΘΟΛΟΓΙΚΗ ΚΑΤΑΣΤΑΣΗ ΙΑΤΡΩΝ ΑΠΕΙΚΟΝΙΣΤΙΚΟΥ ΕΡΓΑΣΤΗΡΙΟΥ ΜΗΝΟΣ  ΝΟΕΜΒΡΙΟΥ 2025,,,,no sponsor block
9ΙΑ24690ΒΤ-ΙΒ9,2025-12-16,ΧΕ-2703 ΣΕΙΡΑ Α/2025  ΠΛΗΡΩΜΗ ΟΔΟΙΠΟΡΙΚΩΝ ΕΞΟΔΩΝ ΚΑΙ ΗΜΕΡΗΣΙΑΣ ΑΠΟΖΗΜΙΩΣΗΣ ΥΠΑΛΛΗΛΩΝ Γ.Ν.ΚΑΤΕΡΙΝΗΣ 11ος/25,,,,no sponsor block
60Γ34690ΒΤ-45Ρ,2025-12-15,ΧΕ-2684 ΣΕΙΡΑ Α/2025 ΤΑΚΤΙΚΕΣ ΕΦΗΜΕΡΙΕΣ 11ου/25 ΓΙΑΤΡΟΙ Ε.Σ.Υ ΕΙΔΙΚ/ΝΟΙ ΤΟΥ Ψ/Τ,,,,no sponsor block
6ΗΝΧ4690ΒΤ-9ΡΧ,2025-12-15,ΧΕ-2683 ΣΕΙΡΑ Α/2025 ΤΑΚΤΙΚΕΣ ΕΦΗΜΕΡΙΕΣ 11ου/25 ΓΙΑΤΡΟΙ Ε.Σ.Υ ΤΟΥ Ψ/Τ,,,,no sponsor block
95ΧΔ4690ΒΤ-ΨΙ2,2025-12-15,ΧΕ-2682 ΣΕΙΡΑ Α/2025 ΤΑΚΤΙΚΕΣ ΕΦΗΜΕΡΙΕΣ 11ου/25 ΓΙΑΤΡΟΙ Ε.Σ.Υ ΤΟΥ Κ.Ψ.Υ,,,,no sponsor block
9ΡΤΝ4690ΒΤ-ΧΒΚ,2025-12-15,ΧΕ-2681 ΣΕΙΡΑ Α/2025 ΤΑΚΤΙΚΕΣ ΕΦΗΜΕΡΙΕΣ 11ου/25 ΑΓΡΟΤΙΚΟΙ,,,,no sponsor block
ΨΥΩ54690ΒΤ-Ο95,2025-12-15,ΧΕ-2680 ΣΕΙΡΑ Α/2025 ΤΑΚΤΙΚΕΣ ΕΦΗΜΕΡΙΕΣ 11ου/25 ΓΙΑΤΡΟΙ Ε.Σ.Υ ΕΠΙΚΟΥΡΙΚΟΙ,,,,no sponsor block
ΨΔΔ64690ΒΤ-Ξ5Ω,2025-12-15,ΧΕ-2679 ΣΕΙΡΑ Α/2025 ΤΑΚΤΙΚΕΣ ΕΦΗΜΕΡΙΕΣ 11ου/25 ΕΠΙΚΟΥΡΙΚΟΙ  Ε.Σ.Υ,,,,no sponsor block
6ΔΦΓ4690ΒΤ-2Γ1,2025-12-15,ΧΕ-2678 ΣΕΙΡΑ Α/2025 ΤΑΚΤΙΚΕΣ ΕΦΗΜΕΡΙΕΣ 11ου/25 ΓΙΑΤΡΟΙ Ε.Σ.Υ ΕΙΔ/ΝΟΙ,,,,no sponsor block
9ΩΒ44690ΒΤ-ΣΒΞ,2025-12-15,ΧΕ-2677 ΣΕΙΡΑ Α/2025 ΤΑΚΤΙΚΕΣ ΕΦΗΜΕΡΙΕΣ 11ου/25 ΓΙΑΤΡΟΙ Ε.Σ.Υ,,,,no sponsor block
99Ω04690ΒΤ-4ΙΛ,2025-12-15,ΧΕ-2676 ΣΕΙΡΑ Α/2025 ΑΠΟΖΗΜΙΩΣΗ ΕΦΗΜΕΡΙΩΝ 11ου/25 ΕΠΙΣΤΗΜ. ΠΡΟΣΩΠ,,,,no sponsor block
ΨΤ794690ΒΤ-ΖΨΚ,2025-12-15,ΧΕ-2675 ΣΕΙΡΑ Α/2025 ΑΠΟΖΗΜΙΩΣΗ ΕΦΗΜΕΡΙΩΝ 11ου/25 ΕΠΙΣΤΗΜ. ΠΡΟΣΩΠ ΤΟΥ Κ.Ψ.Υ,,,,no sponsor block
Ψ16Β4690ΒΤ-Χ49,2025-12-15,ΧΕ-2674 ΣΕΙΡΑ Α/2025 ΑΠΟΖΗΜΙΩΣΗ ΕΦΗΜΕΡΙΩΝ 11ου/25 ΕΠΙΣΤΗΜ. ΠΡΟΣΩΠ. Ι.Δ Ν.Δ 1057/80,,,,no sponsor block
ΨΜΔΒ4690ΒΤ-ΒΟΙ,2025-12-15,ΧΕ-2673 ΣΕΙΡΑ Α/2025 ΠΡΟΣΘΕΤΕΣ ΑΜΟΙΒΕΣ 11ου/25 ΕΠΙΚΟΥΡΙΚΟ ΠΡΟΣΩΠΙΚΟ,,,,no sponsor block
ΨΨΚ84690ΒΤ-ΟΑΡ,2025-12-12,ΧΕ-2658 ΣΕΙΡΑ Α/2025 ΠΡΟΣΘΕΤΕΣ ΑΜΟΙΒΕΣ 11ου/25 ΝΕΟΠΡΟΣΛΑΜΒΑΝΟΜΕΝΟΙ Ο.Α.Ε.Δ,,,,no sponsor block
ΨΕΠΛ4690ΒΤ-ΞΗΗ,2025-12-15,ΧΕ-2672 ΣΕΙΡΑ Α/2025 ΠΡΟΣΘΕΤΕΣ ΑΜΟΙΒΕΣ 11ου/25 ΕΠΙΚΟΥΡΙΚΟ ΠΡΟΣΩΠΙΚΟ,,,,no sponsor block
9ΘΦ64690ΒΤ-ΘΔ5,2025-12-15,ΧΕ-2671 ΣΕΙΡΑ Α/2025 ΠΡΟΣΘΕΤΕΣ ΑΜΟΙΒΕΣ 11ου/2025 ΝΕΟΠΡΟΣΛΑΜΒΑΝΟΜΕΝΟΙ  ΤΟΥ Ψ/Τ,,,,no sponsor block
ΨΛΣΩ4690ΒΤ-ΓΒ0,2025-12-15,ΧΕ-2670 ΣΕΙΡΑ Α/2025 ΠΡΟΣΘΕΤΕΣ ΑΜΟΙΒΕΣ 11ου/2025  ΠΡΟΣΩΠΙΚΟ ΕΠΙ ΣΧΕΣΕΙ ΕΓΑΣΙΑΣ Ι.Δ.Α.Χ,,,,no sponsor block
Ψ4ΧΗ4690ΒΤ-Σ0Ρ,2025-12-15,ΧΕ-2669 ΣΕΙΡΑ Α/2025 ΠΡΟΣΘΕΤΕΣ ΑΜΟΙΒΕΣ 11ου/2025 ΤΕΧΝΙΚΟ ΠΡΟΣΩΠΙΚΟ ΤΟΥ Ψ/Τ,,,,no sponsor block
9ΙΚΜ4690ΒΤ-ΨΦ0,2025-12-15,ΧΕ-2668 ΣΕΙΡΑ Α/2025 ΠΡΟΣΘΕΤΕΣ ΑΜΟΙΒΕΣ 11ου/2025 ΜΟΝ.ΔΟΚ.ΒΟΗΘ. ΠΡΟΣΩΠ. ΤΟΥ Ψ/Τ,,,,no sponsor block
9Π5Υ4690ΒΤ-4ΘΤ,2025-12-15,ΧΕ-2667 ΣΕΙΡΑ Α/2025 ΠΡΟΣΘΕΤΕΣ ΑΜΟΙΒΕΣ 11ου/2025 ΝΟΣΗΛΕΥΤΙΚΟ ΠΡΟΣΩΠΙΚΟ Ν.Δ.1057/80  ΤΟΥ Ψ/Τ,,,,no sponsor block
6ΥΔ04690ΒΤ-ΧΒΜ,2025-12-15,ΧΕ-2666 ΣΕΙΡΑ Α/2025 ΠΡΟΣΘΕΤΕΣ ΑΜΟΙΒΕΣ 11ου/2025 ΝΟΣΗΛΕΥΤΙΚΟ ΠΡΟΣΩΠΙΚΟ ΤΟΥ Ψ/Τ,,,,no sponsor block
ΨΚΛΩ4690ΒΤ-Φ4Ζ,2025-12-15,ΧΕ-2665 ΣΕΙΡΑ Α/2025 ΑΠΟΖΗΜΙΩΣΗ ΕΦΗΜΕΡΙΩΝ 11ου/2025 ΕΠΙΣΤΗΜΟΝΙΚΟ ΠΡΟΣΩΠ.,,,,no sponsor block
ΨΟ9Ι4690ΒΤ-ΝΨΕ,2025-12-15,ΧΕ-2664 ΣΕΙΡΑ Α/2025 ΑΠΟΖΗΜΙΩΣΗ ΕΦΗΜΕΡΙΩΝ 11ου/2025 ΕΠΙΣΤΗΜΟΝΙΚΟ ΠΡΟΣΩΠ.,,,,no sponsor block
97ΕΡ4690ΒΤ-048,2025-12-15,ΧΕ-2663 ΣΕΙΡΑ Α/2025 ΠΡΟΣΘΕΤΕΣ ΑΜΟΙΒΕΣ 11ου/25 ΕΠΙΚΟΥΡΙΚΟ.ΠΡΟΣΩΠ,,,,no sponsor block
977Σ4690ΒΤ-ΡΙ7,2025-12-15,ΧΕ-2662 ΣΕΙΡΑ Α/2025 ΠΡΟΣΘΕΤΕΣ ΑΜΟΙΒΕΣ 11ου/25 ΜΟΝ.ΔΟΚ.ΠΡΟΣΩΠ,,,,no sponsor block
920Δ4690ΒΤ-ΒΡΧ,2025-12-12,ΧΕ-2661 ΣΕΙΡΑ Α/2025 ΠΡΟΣΘΕΤΕΣ ΑΜΟΙΒΕΣ 11ου/25 ΕΠΙΚΟΥΡΙΚΟ ΠΡΟΣΩΠΙΚΟ,,,,no sponsor block
Ρ9ΚΩ4690ΒΤ-ΚΣ7,2025-12-12,ΧΕ-2660 ΣΕΙΡΑ Α/2025 ΠΡΟΣΘΕΤΕΣ ΑΜΟΙΒΕΣ 11ου/25  ΠΡΟΣΩΠΙΚΟ Ι.Δ Ν.2470/96,,,,no sponsor block
ΡΠΛΟ4690ΒΤ-ΡΟΣ,2025-12-12,ΧΕ-2659 ΣΕΙΡΑ Α/2025 ΠΡΟΣΘΕΤΕΣ ΑΜΟΙΒΕΣ 11ου/25  Ο.Α.Ε.Δ ΚΟΙΝΟΦΕΛΟΥΣ ΕΡΓΑΣΙΑΣ,,,,no sponsor block
ΡΔΟΦ4690ΒΤ-7ΓΩ,2025-12-12,ΧΕ-2658 ΣΕΙΡΑ Α/2025 ΠΡΟΣΘΕΤΕΣ ΑΜΟΙΒΕΣ 11ου/25 ΝΕΟΠΡΟΣΛΑΜΒΑΝΟΜΕΝΟΙ Ο.Α.Ε.Δ,,,,no sponsor block
6Σ3Π4690ΒΤ-ΑΤΤ,2025-12-12,ΧΕ-2657 ΣΕΙΡΑ Α/2025 ΠΡΟΣΘΕΤΕΣ ΑΜΟΙΒΕΣ 11ου/25 ΝΕΟΠΡΟΣΛΑΜΒΑΝΟΜΕΝΟΙ Ο.Α.Ε.Δ,,,,no sponsor block
Ψ1ΧΟ4690ΒΤ-ΖΨ3,2025-12-12,ΧΕ-2656 ΣΕΙΡΑ Α/2025 ΠΡΟΣΘΕΤΕΣ ΑΜΟΙΒΕΣ 11ου/25 ΔΙΟΙΚΗΤΙΚΟ ΠΡΟΣΩΠΙΚΟ,,,,no sponsor block
ΡΡΓ54690ΒΤ-36Φ,2025-12-12,ΧΕ-2655 ΣΕΙΡΑ Α/2025 Πρόσθετες αμοιβές 11ου/2025  ΜΟΝΙΜΟ-ΔΟΚΙΜΟ ΠΡΟΣΩΠΙΚΟ,,,,no sponsor block
Ρ9ΑΩ4690ΒΤ-ΑΟ0,2025-12-12,ΧΕ-2653 ΣΕΙΡΑ Α/2025 Πρόσθετες αμοιβές 11ου/2025 προσωπ.επι σχέσει εργασίας Ι.Δ.Α.Χ,,,,no sponsor block
60ΣΧ4690ΒΤ-ΓΘ9,2025-12-12,ΧΕ-2654 ΣΕΙΡΑ Α/2025 Πρόσθετες αμοιβές 11ου/2025  Νοσηλ.Προσωπ. Ν.Δ 1057/80,,,,no sponsor block
9ΥΙ94690ΒΤ-Υ0Λ,2025-12-12,ΧΕ-2652 ΣΕΙΡΑ Α/2025 Πρόσθετες  αμοιβές 11ου/25  Αποσπασμένοι  του Γ.Ν.Γ,,,,no sponsor block
Ψ7ΤΙ4690ΒΤ-0ΦΔ,2025-12-12,ΧΕ-2651 ΣΕΙΡΑ Α/2025 Πρόσθετες  αμοιβές 11ου/25 Νοσηλ/κο Προσωπικό του Γ.Ν.Γ,,,,no sponsor block
6ΗΨ04690ΒΤ-6ΛΙ,2025-12-12,ΧΕ-2650 ΣΕΙΡΑ Α/2025 Πρόσθετες εφημερίες 8ου/25  Επικουρικοί  Ε.Σ.Υ του Γ.Ν.Κ covid,,,,no sponsor block
9ΙΞΚ4690ΒΤ-ΟΦΔ,2025-12-12,ΧΕ-2649 ΣΕΙΡΑ Α/2025 Πρόσθετες εφημερίες 8ου/25  Επικουρικοί  Ε.Σ.Υ του Γ.Ν.Κ,,,,no sponsor block
9ΠΘΙ4690ΒΤ-ΗΜ7,2025-12-12,ΧΕ-2647 ΣΕΙΡΑ Α/2025 Πρόσθετες εφημερίες 8ου/25 γιατροί Ε.Σ.Υ του Γ.Ν.Κ,,,,no sponsor block
6Ζ2Μ4690ΒΤ-173,2025-12-12,ΧΕ-2648 ΣΕΙΡΑ Α/2025 Πρόσθετες εφημερίες 8ου/25 γιατροί Ε.Σ.Υ  Εδικ/νοι  του Γ.Ν.Κ,,,,no sponsor block
97ΛΡ4690ΒΤ-6Η9,2025-12-12,ΧΕ-2646 ΣΕΙΡΑ Α/2025 Πρόσθετες εφημερίες 7ου/25 Επικουρ  Ε.Σ.Υ του Γ.Ν.Κ covid,,,,no sponsor block
ΨΙ1Θ4690ΒΤ-Λ2Θ,2025-12-12,ΧΕ-2645 ΣΕΙΡΑ Α/2025 Πρόσθετες εφημερίες 7ου/25 γιατροί Ε.Σ.Υ  Eπικουρικοί του Γ.Ν.Κ,,,,no sponsor block
Ψ12Κ4690ΒΤ-Ω97,2025-12-12,ΧΕ-2644 ΣΕΙΡΑ Α/2025 Πρόσθετες εφημερίες 7ου/25 γιατροί Ε.Σ.Υ  Eδικ/νοι  του Γ.Ν.Κ,,,,no sponsor block
99ΞΗ4690ΒΤ-Λ4Γ,2025-12-12,ΧΕ-2643 ΣΕΙΡΑ Α/2025 Πρόσθετες εφημερίες 7ου/25 γιατροί Ε.Σ.Υ του Γ.Ν.Κ,,,,no sponsor block
ΨΔ6Ν4690ΒΤ-4ΤΩ,2025-12-12,ΧΕ-2642 ΣΕΙΡΑ Α/2025 Πρόσθετες εφημερίες 8ου/25 γιατροί Ε.Σ.Υ του Ψ/Τ,,,,no sponsor block
Ψ8Κ24690ΒΤ-Ε5Ζ,2025-12-12,ΧΕ-2641 ΣΕΙΡΑ Α/2025 Πρόσθετες εφημερίες 8ου/25 γιατροί Ε.Σ.Υ  Ειδικ/νοι  του Ψ/Τ,,,,no sponsor block
6ΤΨΦ4690ΒΤ-28Ω,2025-12-12,ΧΕ-2640 ΣΕΙΡΑ Α/2025 Πρόσθετες εφημερίες 7ου/25 γιατροί Ε.Σ.Υ του Ψ/Τ,,,,no sponsor block
ΨΣΨΓ4690ΒΤ-Ε7Μ,2025-12-11,ΧΕ-2636 ΣΕΙΡΑ Α/2025 ΓΙΑ ΤΗΝ ΑΞΙΑ ΠΛΗΡΩΜΗΣ ΟΔΟΙΠ ΕΞΟΔΩΝ ΚΑΙ ΗΜΕΡΗΣΙΑΣ ΑΠΟΖΗΜΙΩΣΗΣ ΥΠΑΛΛΗΛΩΝ 12ος/25,,,,no sponsor block
6ΜΕ54690ΒΤ-ΜΗΔ,2025-12-09,ΧΕ-2628 ΣΕΙΡΑ Α/2025 CLAW BACK Β EΞΑΜΗΝΟΥ /2023    CPV 33680000-0,094056437,BAYER ΕΛΛΑΣ Α.Β.Ε.Ε.,-139.55,negative amount
ΨΝ7Ψ4690ΒΤ-Ω96,2025-12-09,ΧΕ-2624 ΣΕΙΡΑ Α/2025 ΓΙΑ ΤΗΝ ΑΞΙΑ ΠΛΗΡΩΜΗΣ ΟΔΟΙΠΟΡΙΚΩΝ ΕΞΟΔΩΝ ΚΑΙ ΗΜΕΡΗΣΙΑΣ ΑΠΟΖΗΜΙΩΣΗΣ ΥΠΑΛΛΗΛΩΝ  12ος /25  Γ.Ν.ΚΑΤΕΡΙΝΗΣ,,,,no sponsor block
ΨΡ464690ΒΤ-ΔΩ2,2025-12-09,ΧΕ-2625 ΣΕΙΡΑ Α/2025 ΓΙΑ ΤΗΝ ΑΞΙΑ ΠΛΗΡΩΜΗΣ ΟΔΟΙΠΟΡΙΚΩΝ ΕΞΟΔΩΝ ΚΑΙ ΗΜΕΡΗΣΙΑΣ ΑΠΟΖΗΜΙΩΣΗΣ ΥΠΑΛΛΗΛΩΝ  12ος /25,,,,no sponsor block
ΡΡΤΤ4690ΒΤ-ΔΦ4,2025-11-28,ΧΕ-2552 ΣΕΙΡΑ Α/2025 ΤΑΚΤΙΚΗ ΜΙΣΘΟΔΟΣΙΑ ΜΕΤΑΠ/ΤΕΩΝ   ΝΟΕΜΒΡΙΟΥ   /2025  ΣΠΟΥΔΑΣΤΕΣ ΠΟΥ ΑΣΚΟΥΝΤΑΙ,,,,no sponsor block
9ΥΝΡ4690ΒΤ-ΨΞΣ,2025-11-28,ΧΕ-2551 ΣΕΙΡΑ Α/2025 ΤΑΚΤΙΚΗ ΜΙΣΘΟΔΟΣΙΑ ΜΕΤΑΠ/ΤΕΩΝ     ΝΟΕΜΒΡΙΟΥ    /2025   ΝΕΟΠΡΟΣΛΑΜΒΑΝΟΜΕΝΟ  ΠΡΟΣΩΠΙΚΟ Ο.Α.Ε.Δ,,,,no sponsor block
ΨΗΨ24690ΒΤ-ΞΙΞ,2025-11-28,ΧΕ-2550 ΣΕΙΡΑ Α/2025 ΤΑΚΤΙΚΗ ΜΙΣΘΟΔΟΣΙΑ ΜΕΤΑΠ/ΤΕΩΝ     ΝΟΕΜΒΡΙΟΥ    /2025   ΝΕΟΠΡΟΣΛΑΜΒΑΝΟΜΕΝΟ  ΠΡΟΣΩΠΙΚΟ Ο.Α.Ε.Δ   ( Ν ),,,,no sponsor block
9Ω9Υ4690ΒΤ-Η4Β,2025-11-28,ΧΕ-2549 ΣΕΙΡΑ Α/2025 ΤΑΚΤΙΚΗ ΜΙΣΘΟΔΟΣΙΑ ΜΕΤΑΠ/ΤΕΩΝ     ΝΟΕΜΒΡΙΟΥ    /2025   ΕΠΙΚΟΥΡΙΚΟΙ  Ε.Σ.Υ,,,,no sponsor block
608Π4690ΒΤ-Γ4Τ,2025-11-28,ΧΕ-2548 ΣΕΙΡΑ Α/2025 ΤΑΚΤΙΚΗ ΜΙΣΘΟΔΟΣΙΑ ΜΕΤΑΠ/ΤΕΩΝ     ΝΟΕΜΒΡΙΟΥ    /2025   ΕΠΙΚΟΥΡΙΚΟI  E.Σ.Υ,,,,no sponsor block
9ΕΣΖ4690ΒΤ-ΨΕΖ,2025-11-28,ΧΕ-2547 ΣΕΙΡΑ Α/2025 ΤΑΚΤΙΚΗ ΜΙΣΘΟΔΟΣΙΑ ΜΕΤΑΠ/ΤΕΩΝ     ΝΟΕΜΒΡΙΟΥ    /2025   ΑΝΑΔΡΟΜΙΚΑ  ΕΠΙΚΟΥΡΙΚΟΙ  Ε.Σ.Υ,,,,no sponsor block
6ΦΓ24690ΒΤ-ΡΟΜ,2025-11-28,ΧΕ-2546 ΣΕΙΡΑ Α/2025 ΤΑΚΤΙΚΗ ΜΙΣΘΟΔΟΣΙΑ ΜΕΤΑΠ/ΤΕΩΝ     ΝΟΕΜΒΡΙΟΥ    /2025   ΕΠΙΚΟΥΡΙΚΟΙ  Ε.Σ.Υ,,,,no sponsor block
Ψ0ΩΝ4690ΒΤ-Χ2Χ,2025-11-28,ΧΕ-2545 ΣΕΙΡΑ Α/2025 ΤΑΚΤΙΚΗ ΜΙΣΘΟΔΟΣΙΑ ΜΕΤΑΠ/ΤΕΩΝ     ΝΟΕΜΒΡΙΟΥ    /2025  ΑΝΑΔΡΟΜΙΚΑ    ΕΠΙΚΟΥΡΙΚΟΥ  ΠΡΟΣΩΠΙΚΟΥ,,,,no sponsor block
93ΚΗ4690ΒΤ-Υ66,2025-11-28,ΧΕ-2544 ΣΕΙΡΑ Α/2025 ΤΑΚΤΙΚΗ ΜΙΣΘΟΔΟΣΙΑ ΜΕΤΑΠ/ΤΕΩΝ     ΝΟΕΜΒΡΙΟΥ    /2025   ΕΠΙΣΤΗΜΟΝΙΚΟ  ΠΡΟΣΩΠΙΚΟ,,,,no sponsor block
68ΘΑ4690ΒΤ-1ΩΩ,2025-11-28,ΧΕ-2543 ΣΕΙΡΑ Α/2025 ΤΑΚΤΙΚΗ ΜΙΣΘΟΔΟΣΙΑ  ΝΟΕΜΒΡΙΟΥ /2025  ΑΣΚΟΥΜΕΝΟΙ Ο.Α.Ε.Δ,,,,no sponsor block
6Δ184690ΒΤ-ΨΩ5,2025-11-28,ΧΕ-2542 ΣΕΙΡΑ Α/2025 ΤΑΚΤΙΚΗ ΜΙΣΘΟΔΟΣΙΑ ΜΕΤΑΠ/ΤΕΩΝ     ΝΟΕΜΒΡΙΟΥ    /2025   ΕΠΙΚΟΥΡΙΚΟ ΤΡΙΜΗΝΟ ΠΡΟΣΩΠΙΚΟ,,,,no sponsor block
9ΦΠΠ4690ΒΤ-Κ58,2025-11-28,ΧΕ-2541 ΣΕΙΡΑ Α/2025 ΤΑΚΤΙΚΗ ΜΙΣΘΟΔΟΣΙΑ ΜΕΤΑΠ/ΤΕΩΝ     ΝΟΕΜΒΡΙΟΥ    /2025  ΑΝΑΔΡΟΜΙΚΑ   ΕΠΙΚΟΥΡΙΚΟ ΤΡΙΜΗΝΟ ΠΡΟΣΩΠΙΚΟ,,,,no sponsor block
60Α54690ΒΤ-ΤΙΞ,2025-11-28,ΧΕ-2540 ΣΕΙΡΑ Α/2025 ΤΑΚΤΙΚΗ ΜΙΣΘΟΔΟΣΙΑ ΜΕΤΑΠ/ΤΕΩΝ     ΝΟΕΜΒΡΙΟΥ    /2025   ΑΜΙΣΘΟΙ ΤΕΕ (ΔΙΕΚ) Γ.Ν.Κ.,,,,no sponsor block
ΨΦΛΓ4690ΒΤ-ΒΔΓ,2025-11-28,ΧΕ-2533 ΣΕΙΡΑ Α/2025 ΑΠΟΖΗΜΙΩΣΗ ΕΦΗΜΕΡΙΩΝ  ΕΠΙΣΤΗΜΟΝΙΚΟΥ ΠΡΟΣΩΠΙΚΟΥ ΟΚΤΩΒΡΙΟΣ/2025,,,,no sponsor block
ΨΩ2Ο4690ΒΤ-ΕΞΡ,2025-11-28,ΧΕ-2532 ΣΕΙΡΑ Α/2025 ΑΠΟΖΗΜΙΩΣΗ ΕΦΗΜΕΡΙΩΝ  ΕΠΙΣΤΗΜΟΝΙΚΟΥ ΠΡΟΣΩΠΙΚΟΥ ΟΚΤΩΒΡΙΟΣ/2025,,,,no sponsor block
Ψ8ΖΒ4690ΒΤ-ΣΩΔ,2025-11-28,ΧΕ-2531 ΣΕΙΡΑ Α/2025 ΠΡΟΣΘΕΤΕΣ ΑΜΟΙΒΕΣ  ΟΚΤΩΒΡΙΟΥ    /2025  ΝΟΣΗΛΕΥΤΙΚΟ   ΠΡΟΣΩΠΙΚΟ Ν.Δ  1057/80,,,,no sponsor block
ΨΣΜΗ4690ΒΤ-8ΔΒ,2025-11-28,ΧΕ-2530 ΣΕΙΡΑ Α/2025 ΠΡΟΣΘΕΤΕΣ ΑΜΟΙΒΕΣ  ΟΚΤΩΒΡΙΟΥ    /2025   ΠΡΟΣΩΠΙΚΟ ΕΠΙ ΣΧΕΣΕΙ ΕΓΑΣΙΑΣ Ι.Δ.Α.Χ,,,,no sponsor block
6ΑΩΥ4690ΒΤ-ΙΧΞ,2025-11-28,ΧΕ-2529 ΣΕΙΡΑ Α/2025 ΠΡΟΣΘΕΤΕΣ ΑΜΟΙΒΕΣ  ΟΚΤΩΒΡΙΟΥ   /2025   12 ΜΗΝΑ  Ο.Α.Ε.Δ ΚΟΙΝΟΦΕΛΟΥΣ ΕΡΓΑΣΙΑΣ,,,,no sponsor block
ΨΒΜΠ4690ΒΤ-ΔΗΘ,2025-11-28,ΧΕ-2528 ΣΕΙΡΑ Α/2025 ΠΡΟΣΘΕΤΕΣ ΑΜΟΙΒΕΣ   ΟΚΤΩΒΡΙΟΥ  /2025    ΝΕΟΠΡΟΣΛΑΜΒΑΝΟΜΕΝΟΙ Ο.Α.Ε.Δ/Π,,,,no sponsor block
Ψ9044690ΒΤ-ΩΔΓ,2025-11-28,ΧΕ-2527 ΣΕΙΡΑ Α/2025 ΠΡΟΣΘΕΤΕΣ ΑΜΟΙΒΕΣ   ΟΚΤΩΒΡΙΟΥ  /2025    ΝΕΟΠΡΟΣΛΑΜΒΑΝΟΜΕΝΟΙ Ο.Α.Ε.Δ,,,,no sponsor block
6ΧΘΕ4690ΒΤ-Ρ7Θ,2025-11-28,ΧΕ-2526 ΣΕΙΡΑ Α/2025 ΠΡΟΣΘΕΤΕΣ ΑΜΟΙΒΕΣ   ΟΚΤΩΒΡΙΟΥ  /2025     ΠΡΟΣΩΠΙΚΟ  Ι.Δ  Ν.2470/96,,,,no sponsor block
9ΩΓΞ4690ΒΤ-ΧΔ4,2025-11-28,ΧΕ-2525 ΣΕΙΡΑ Α/2025 ΠΡΟΣΘΕΤΕΣ ΑΜΟΙΒΕΣ   ΟΚΤΩΒΡΙΟΥ  /2025    ΜΟΝΙΜΟΔΟΚΙΜΟ ΒΟΗΘ.  ΠΡΟΣΩΠΙΚΟ,,,,no sponsor block
9ΡΝΓ4690ΒΤ-ΞΤ7,2025-11-28,ΧΕ-2524 ΣΕΙΡΑ Α/2025 ΠΡΟΣΘΕΤΕΣ ΑΜΟΙΒΕΣ   ΟΚΤΩΒΡΙΟΥ  /2025    ΕΠΙΚΟΥΡΙΚΟ  ΤΡΙΜΗΝΟ   ΠΡΟΣΩΠΙΚΟ,,,,no sponsor block
Ψ3154690ΒΤ-Η0Κ,2025-11-28,ΧΕ-2523 ΣΕΙΡΑ Α/2025 ΠΡΟΣΘΕΤΕΣ ΑΜΟΙΒΕΣ   ΟΚΤΩΒΡΙΟΥ  /2025    ΕΠΙΚΟΥΡΙΚΟ  ΠΡΟΣΩΠΙΚΟ,,,,no sponsor block
9ΨΨΑ4690ΒΤ-Μ03,2025-11-28,ΧΕ-2522 ΣΕΙΡΑ Α/2025 ΠΡΟΣΘΕΤΕΣ ΑΜΟΙΒΕΣ   ΟΚΤΩΒΡΙΟΥ  /2025     ΔΙΟΙΚΗΤΙΚΟ  ΠΡΟΣΩΠΙΚΟ,,,,no sponsor block
ΨΟΞΡ4690ΒΤ-ΑΤΤ,2025-11-28,ΧΕ-2521 ΣΕΙΡΑ Α/2025 ΠΡΟΣΘΕΤΕΣ ΑΜΟΙΒΕΣ   ΟΚΤΩΒΡΙΟΥ  /2025    ΑΠΟΣΠΑΣΜΕΝΟΙ,,,,no sponsor block
9ΤΒ64690ΒΤ-1ΒΕ,2025-12-04,ΧΕ-2584 ΣΕΙΡΑ Α/2025 ΠΡΟΣΘΕΤΕΣ ΑΜΟΙΒΕΣ  ΟΚΤΩΒΡΙΟΥ   /2025   12 ΜΗΝΑ Ο.Α.Ε.Δ ΔΗΜ.ΠΡΟΣΚΛΗΣΗ  Νο  10/2017,,,,no sponsor block
9Φ7Α4690ΒΤ-ΧΥΞ,2025-12-04,ΧΕ-2583 ΣΕΙΡΑ Α/2025 ΠΡΟΣΘΕΤΕΣ ΑΜΟΙΒΕΣ  ΟΚΤΩΒΡΙΟΥ  /2025     12 ΜΗΝΑ ΟΑΕΔ  ΔΗΜ.ΠΡΟΣΚΛΗΣΗ       Νο 13/2016,,,,no sponsor block
ΨΦ784690ΒΤ-ΡΑ4,2025-12-04,ΧΕ-2582 ΣΕΙΡΑ Α/2025 ΤΑΚΤΙΚΗ ΜΙΣΘΟΔΟΣΙΑ   ΝΟΕΜΒΡΙΟΥ /2025  12 ΜΗΝΑ Ο.Α.Ε.Δ   ΔΗΜ.ΠΡΟΣΚΛΗΣΗ    Νο 3/2025,,,,no sponsor block
9ΑΘ14690ΒΤ-ΖΘ4,2025-12-04,ΧΕ-2581 ΣΕΙΡΑ Α/2025 ΤΑΚΤΙΚΗ ΜΙΣΘΟΔΟΣΙΑ   ΝΟΕΜΒΡΙΟΥ   /2025  12 ΜΗΝΑ Ο.Α.Ε.Δ   ΔΗΜ.ΠΡΟΣΚΛΗΣΗ    Νο 10/2017,,,,no sponsor block
ΨΓΣ84690ΒΤ-67Χ,2025-12-04,ΧΕ-2580 ΣΕΙΡΑ Α/2025 ΤΑΚΤΙΚΗ ΜΙΣΘΟΔΟΣΙΑ  ΝΟΕΜΒΡΙΟΥ   /2025  12 ΜΗΝΑ Ο.Α.Ε.Δ   ΔΗΜ.ΠΡΟΣΚΛΗΣΗ    Νο 13/2016,,,,no sponsor block
Ψ0654690ΒΤ-8ΓΒ,2025-11-28,ΧΕ-2520 ΣΕΙΡΑ Α/2025 ΠΡΟΣΘΕΤΕΣ ΑΜΟΙΒΕΣ   ΟΚΤΩΒΡΙΟΥ  /2025    ΜΟΝΙΜΟ -ΔΟΚΙΜΟ - ΠΡΟΣΩΠΙΚΟ  ΕΙΔ. ΘΕΣΕΩΝ,,,,no sponsor block
ΨΝΞΙ4690ΒΤ-01Μ,2025-11-28,ΧΕ-2519 ΣΕΙΡΑ Α/2025 ΠΡΟΣΘΕΤΕΣ ΑΜΟΙΒΕΣ   ΟΚΤΩΒΡΙΟΥ  /2025    ΝΟΣΗΛΕΥΤΙΚΟ ΠΡΟΣΩΠΙΚΟ,,,,no sponsor block
9ΞΣΜ4690ΒΤ-11Ψ,2025-12-03,ΧΕ-2579 ΣΕΙΡΑ Α/2025 ΜΕΤΑΠΛΗΡΩΤΕΟΙ ΝΟΕΜΒΡΙΟΥ/2025 ΣΠΟΥΔΑΣΤΕΣ ΠΟΥ ΑΣΚΟΥΝΤΑΙ,,,,no sponsor block
ΨΔ2Ξ4690ΒΤ-Α1Ζ,2025-11-28,ΧΕ-2507 ΣΕΙΡΑ Α/2025 ΤΑΚΤΙΚΕΣ ΕΦΗΜΕΡΙΕΣ ΟΚΤΩΒΡΙΟΥ/2025   ΓΙΑΤΡΟΙ  Ε.Σ.Υ    ΤΟΥ Ψ/Τ,,,,no sponsor block
6ΜΛ84690ΒΤ-Η0Υ,2025-11-28,ΧΕ-2506 ΣΕΙΡΑ Α/2025 ΤΑΚΤΙΚΕΣ ΕΦΗΜΕΡΙΕΣ ΟΚΤΩΒΡΙΟΥ/2025   ΓΙΑΤΡΟΙ  Ε.Σ.Υ    ΤΟΥ  Κ.Ψ.Υ,,,,no sponsor block
ΡΗ7Ο4690ΒΤ-ΙΥΕ,2025-11-28,ΧΕ-2505 ΣΕΙΡΑ Α/2025 ΤΑΚΤΙΚΕΣ ΕΦΗΜΕΡΙΕΣ ΟΚΤΩΒΡΙΟΥ/2025   ΓΙΑΤΡΟΙ  Ε.Σ.Υ  ΕΙΔΙΚ/ΝΟΙ  ΤΟΥ  Ψ/Τ,,,,no sponsor block
ΨΝ0Ζ4690ΒΤ-22Ο,2025-11-28,ΧΕ-2504 ΣΕΙΡΑ Α/2025 ΤΑΚΤΙΚΕΣ ΕΦΗΜΕΡΙΕΣ ΟΚΤΩΒΡΙΟΥ/2025   ΓΙΑΤΡΟΙ  Ε.Σ.Υ  ΕΙΔΙΚ/ΝΟΙ,,,,no sponsor block
6ΣΥΑ4690ΒΤ-ΑΣ3,2025-11-28,ΧΕ-2503 ΣΕΙΡΑ Α/2025 ΤΑΚΤΙΚΕΣ ΕΦΗΜΕΡΙΕΣ ΟΚΤΩΒΡΙΟΥ/2025  ΕΠΙΚΟΥΡΙΚΟΙ Ε.Σ.Υ,,,,no sponsor block
ΨΜ1Δ4690ΒΤ-70Γ,2025-11-28,ΧΕ-2502 ΣΕΙΡΑ Α/2025 ΤΑΚΤΙΚΕΣ ΕΦΗΜΕΡΙΕΣ ΟΚΤΩΒΡΙΟΥ/2025   ΑΓΡΟΤΙΚΟΙ ΙΑΤΡΟΙ,,,,no sponsor block
9Λ8Η4690ΒΤ-ΣΗ0,2025-11-28,ΧΕ-2501 ΣΕΙΡΑ Α/2025 ΤΑΚΤΙΚΕΣ ΕΦΗΜΕΡΙΕΣ ΟΚΤΩΒΡΙΟΥ/2025  ΕΠΙΚΟΥΡΙΚΟΙ Ε.Σ.Υ,,,,no sponsor block
9Η7Ω4690ΒΤ-ΨΟΝ,2025-11-28,ΧΕ-2500 ΣΕΙΡΑ Α/2025 ΤΑΚΤΙΚΕΣ ΕΦΗΜΕΡΙΕΣ ΟΚΤΩΒΡΙΟΥ/2025   ΓΙΑΤΡΟΙ   Ε.Σ.Υ,,,,no sponsor block
63ΥΕ4690ΒΤ-Ω9Ζ,2025-11-28,ΧΕ-2499 ΣΕΙΡΑ Α/2025 ΤΑΚΤΙΚΕΣ ΕΦΗΜΕΡΙΕΣ ΟΚΤΩΒΡΙΟΥ/2025  ΕΠΙΚΟΥΡΙΚΟΙ Ε.Σ.Υ,,,,no sponsor block
ΡΓ6Ε4690ΒΤ-ΠΦΩ,2025-11-28,ΧΕ-2517 ΣΕΙΡΑ Α/2025 ΑΠΟΖΗΜΙΩΣΗ ΕΦΗΜΕΡΙΩΝ ΟΚΤΩΒΡΙΟΥ /2025 ΕΠΙΣΤΗΜΟΝΙΚΟ ΠΡΟΣΩΠΙΚΟ  ΤΟΥ Ψ/Τ,,,,no sponsor block
ΨΦΤ14690ΒΤ-ΛΣΖ,2025-11-28,ΧΕ-2515 ΣΕΙΡΑ Α/2025 ΠΡΟΣΘΕΤΕΣ ΑΜΟΙΒΕΣ   ΟΚΤΩΒΡΙΟΥ    /2025  ΝΟΣΗΛΕΥΤΙΚΟ    ΠΡΟΣΩΠΙΚΟ   Ν.Δ 1057 / 80   ΤΟΥ Ψ/Τ,,,,no sponsor block
62ΨΖ4690ΒΤ-ΑΜΧ,2025-11-28,ΧΕ-2514 ΣΕΙΡΑ Α/2025 ΠΡΟΣΘΕΤΕΣ ΑΜΟΙΒΕΣ   ΟΚΤΩΒΡΙΟΥ    /2025  ΜΟΝΙΜΟ-ΔΟΚΙΜΟ ΒΟΗΘ.    ΠΡΟΣΩΠΙΚΟ   ΤΟΥ Ψ/Τ,,,,no sponsor block
Ψ9ΔΙ4690ΒΤ-Μ45,2025-11-28,ΧΕ-2512 ΣΕΙΡΑ Α/2025 ΠΡΟΣΘΕΤΕΣ ΑΜΟΙΒΕΣ   ΟΚΤΩΒΡΙΟΥ    /2025  ΝΕΟΠΡΟΣΛΑΜΒΑΝΟΜΕΝΟΙ  Ο.Α.Ε.Δ    ΤΟΥ Ψ/Τ,,,,no sponsor block
96Β54690ΒΤ-94Ι,2025-11-28,ΧΕ-2510 ΣΕΙΡΑ Α/2025 ΠΡΟΣΘΕΤΕΣ ΑΜΟΙΒΕΣ   ΟΚΤΩΒΡΙΟΥ    /2025  ΕΠΙΚΟΥΡΙΚΟ    ΠΡΟΣΩΠΙΚΟ   ΤΟΥ Ψ/Τ,,,,no sponsor block
9ΡΖΑ4690ΒΤ-Β5Ο,2025-11-28,ΧΕ-2509 ΣΕΙΡΑ Α/2025 ΠΡΟΣΘΕΤΕΣ ΑΜΟΙΒΕΣ   ΟΚΤΩΒΡΙΟΥ    /2025  ΕΠΙΚΟΥΡΙΚΟ ΤΡΙΜΗΝΟ COVID     ΠΡΟΣΩΠΙΚΟ   ΤΟΥ Ψ/Τ,,,,no sponsor block
9ΘΦΗ4690ΒΤ-7Ε4,2025-11-28,ΧΕ-2537 ΣΕΙΡΑ Α/2025 ΠΛΗΡΩΜΗ ΠΡΟΣΩΠΙΚΟΥ ΑΠΟ ΤΗΝ ΟΛΟΗΜΕΡΗ ΛΕΙΤΟΥΡΓΙΑ ΤΟΥ ΝΟΣΟΚΟΜΕΙΟ ΜΗΝΟΣ  ΟΚΤΩΒΡΙΟΥ   2025,,,,no sponsor block
ΨΘΧΖ4690ΒΤ-ΦΒ3,2025-11-28,ΧΕ-2536 ΣΕΙΡΑ Α/2025 ΜΙΣΘΟΛΟΓΙΚΗ ΚΑΤΑΣΤΑΣΗ ΤΕΧΝΟΛΟΓΩΝ ΑΠΕΙΚΟΝΙΣΤΙΚΟΥ ΕΡΓΑΣΤΗΡΙΟΥ ΜΗΝΟΣ   ΟΚΤΩΒΡΙΟΣ  2025,,,,no sponsor block
96ΙΥ4690ΒΤ-ΙΨ3,2025-11-28,ΧΕ-2535 ΣΕΙΡΑ Α/2025 ΜΙΣΘΟΛΟΓΙΚΗ ΚΑΤΑΣΤΑΣΗ ΙΑΤΡΩΝ  ΜΗΝΟΣ  ΟΚΤΩΒΡΙΟΥ 2025 ΛΟΓΩ ΣΥΜΜΕΤΟΧΗΣ ΣΤΗΝ ΟΛΟΗΜΕΡΗ ΛΕΙΤΟΥΡΓΙΑ ΤΟΥ Ν.,,,,no sponsor block
Ψ0874690ΒΤ-Τ1Π,2025-11-28,ΧΕ-2534 ΣΕΙΡΑ Α/2025 ΜΙΣΘΟΛΟΓΙΚΗ ΚΑΤΑΣΤΑΣΗ ΙΑΤΡΩΝ ΑΠΕΙΚΟΝΙΣΤΙΚΟΥ ΕΡΓΑΣΤΗΡΙΟΥ ΜΗΝΟΣ  ΟΚΤΩΒΡΙΟΥ 2025,,,,no sponsor block
Ψ0Φ64690ΒΤ-ΑΨΚ,2025-12-02,ΧΕ-2567 ΣΕΙΡΑ Α/2025 ΤΑΚΤΙΚΗ ΜΙΣΘΟΔΟΣΙΑ ΜΕΤΑΠ/ΤΕΩΝ   ΑΠΡΙΛΙΟΥ   /2025   ΕΠΙΚΟΥΡΙΚΟ ΠΡΟΣΩΠΙΚΟ,,,,no sponsor block
ΨΠΤΦ4690ΒΤ-ΟΛΤ,2025-12-02,ΧΕ-2563 ΣΕΙΡΑ Α/2025 ΑΠΟΔΟΣΗ ΚΡΑΤΗΣΕΩΝ ΑΠΟ ΠΛΗΡΩΜΗ ΠΡΟΜΗΘΕΥΤΩΝ ΜΗΝΟΣ ΝΟΕΜΒΡΙΟΥ 2025,999825956,ΚΡΑΤΗΣΕΙΣ ΥΠΕΡ Δ.Ο.Υ.- ΤΡΑΠΕΖΩΝ,40141.25,self-referential (payroll/EFKA/FMY remittance)
ΨΠΤΦ4690ΒΤ-ΟΛΤ,2025-12-02,ΧΕ-2563 ΣΕΙΡΑ Α/2025 ΑΠΟΔΟΣΗ ΚΡΑΤΗΣΕΩΝ ΑΠΟ ΠΛΗΡΩΜΗ ΠΡΟΜΗΘΕΥΤΩΝ ΜΗΝΟΣ ΝΟΕΜΒΡΙΟΥ 2025,999825956,ΚΡΑΤΗΣΕΙΣ ΥΠΕΡ Δ.Ο.Υ.- ΤΡΑΠΕΖΩΝ,689.36,self-referential (payroll/EFKA/FMY remittance)
ΨΦΣΕ4690ΒΤ-Θ1Η,2025-11-27,ΑΠΟΔΟΣΗ ΚΡΑΤΗΣΕΩΝ ΑΠΟ ΠΛΗΡΩΜΗ ΜΕΣΩ ΕΑΠ ΓΙΑ ΑΠΟΓΕΥΜΑΤΙΝΑ ΙΑΤΡΕΙΑ ΜΗΝΟΣ ΝΟΕΜΒΡΙΟΥ 2025,,,,no sponsor block
9ΤΤΔ4690ΒΤ-ΞΗΚ,2025-11-27,ΑΠΟΔΟΣΗ ΚΡΑΤΗΣΕΩΝ ΑΠΟ ΠΛΗΡΩΜΗ ΜΕΣΩ ΕΑΠ ΜΗΝΟΣ ΝΟΕΜΒΡΙΟΥ 2025,,,,no sponsor block
ΨΠΘ34690ΒΤ-ΗΝΘ,2025-11-26,ΜΙΣΘΟΛΟΓΙΚΗ ΚΑΤΑΣΤΑΣΗ ΙΑΤΡΩΝ ΑΠΕΙΚΟΝΙΣΤΙΚΟΥ ΕΡΓΑΣΤΗΡΙΟΥ ΜΗΝΟΣ  ΣΕΠΤΕΜΒΡΙΟΥ  2025,,,,no sponsor block
Ψ3ΔΗ4690ΒΤ-33Μ,2025-11-26,ΜΙΣΘΟΛΟΓΙΚΗ ΚΑΤΑΣΤΑΣΗ ΤΕΧΝΟΛΟΓΩΝ ΑΠΕΙΚΟΝΙΣΤΙΚΟΥ ΕΡΓΑΣΤΗΡΙΟΥ ΜΗΝΟΣ   ΣΕΠΤΕΜΒΡΙΟΥ  2025,,,,no sponsor block
ΨΘΔ74690ΒΤ-Ξ44,2025-11-26,ΠΛΗΡΩΜΗ ΠΡΟΣΩΠΙΚΟΥ ΑΠΟ ΤΗΝ ΟΛΟΗΜΕΡΗ ΛΕΙΤΟΥΡΓΙΑ ΤΟΥ ΝΟΣΟΚΟΜΕΙΟ ΜΗΝΟΣ  ΣΕΠΤΕΜΒΡΙΟΥ   2025,,,,no sponsor block
Ψ5ΨΠ4690ΒΤ-7ΣΑ,2025-11-26,ΠΛΗΡΩΜΗ ΙΑΤΡΩΝ ΓΙΑ ΤΗΝ ΟΛΟΗΜΕΡΗ ΛΕΙΤΟΥΡΓΙΑ ΤΟΥ ΝΟΣΟΚΟΜΕΙΟΥ ΜΗΝΟΣ  ΣΕΠΤΕΜΒΡΙΟΥ   2025,,,,no sponsor block
ΨΑΑ04690ΒΤ-Ο3Κ,2025-11-24,ΓΙΑ ΤΗΝ ΑΞΙΑ ΠΛΗΡΩΜΗΣ ΟΔΟΙΠΟΡΙΚΩΝ ΕΞΟΔΩΝ ΚΑΙ ΗΜΕΡΗΣΙΑΣ ΑΠΟΖΗΜΙΩΣΗΣ ΥΠΑΛΛΗΛΩΝ  ΣΕΠΤΕΜΒΡΙΟΣ /25  Γ.Ν.ΚΑΤΕΡΙΝΗΣ,,,,no sponsor block
9ΖΜΨ4690ΒΤ-Ψ3Γ,2025-11-24,TEΛΙΚΟ ΔΙΟΡΘΩΤΙΚΟ Ε.Κ.ΑΠ.Υ.Υ   CLAWBACK   ΕΤΟΥΣ/2023                CPV 33680000-0,094493453,ΑΡΡΙΑΝΙ ΦΑΡΜΑΚΕΥΤΙΚΗ ΑΝΩΝΥΜΗ ΕΤΑΙΡΕΙΑ,-59.46,negative amount
9ΞΒΒ4690ΒΤ-Π6Θ,2025-11-24,ΓΙΑ ΤΗΝ ΑΞΙΑ ΠΛΗΡΩΜΗΣ ΟΔΟΙΠΟΡΙΚΩΝ ΕΞΟΔΩΝ ΚΑΙ ΗΜΕΡΗΣΙΑΣ ΑΠΟΖΗΜΙΩΣΗΣ  ΟΚΤΩΒΡΙΟΣ /2025  ΥΠΑΛΛΗΛΩΝ Γ.Ν.ΚΑΤΕΡΙΝΗΣ,,,,no sponsor block
ΨΓΠΥ4690ΒΤ-Π3Η,2025-11-10,ΠΡΟΣΘΕΤΕΣ ΑΜΟΙΒΕΣ  ΣΕΠΤΕΜΒΡΙΟΥ   /2025   12 ΜΗΝΑ Ο.Α.Ε.Δ ΔΗΜ.ΠΡΟΣΚΛΗΣΗ  Νο  13/2016,,,,no sponsor block
92ΖΝ4690ΒΤ-6Φ2,2025-11-12,ΤΑΚΤΙΚΕΣ  ΕΦΗΜΕΡΙΕΣ   ΣΕΠΤΕΜΒΡΙΟΥ     /2025   ΓΙΑΤΡΟΙ  Ε.Σ.Υ    ΠΟΥ ΕΚΚΑΘΑΡΙΖΟΝΤΑΙ ΣΥΜΦ. ΜΕ ΤΟ ΑΡΘΡΟ 90 ΤΟΥ Ν.4850/21,,,,no sponsor block
97ΞΝ4690ΒΤ-ΜΨΦ,2025-11-12,ΤΑΚΤΙΚΕΣ  ΕΦΗΜΕΡΙΕΣ   ΑΥΓΟΥΣΤΟΥ    /2025 ΓΙΑΤΡΟΙ  Ε.Σ.Υ  ΠΟΥ ΕΚΚΑΘΑΡΙΖΟΝΤΑΙ ΣΥΜΦ. ΜΕ ΤΟ ΑΡΘΡΟ 90 ΤΟΥ Ν.4850/21,,,,no sponsor block
6ΧΥΨ4690ΒΤ-Ω0Π,2025-11-12,ΤΑΚΤΙΚΕΣ ΕΦΗΜΕΡΙΕΣ   ΙΟΥΛΙΟΥ   /2025  ΓΙΑΤΡΟΙ Ε.Σ.Υ   ΠΟΥ ΕΚΚΑΘΑΡΙΖΟΝΤΑΙ ΣΥΜΦ. ΜΕ ΤΟ ΑΡΘΡΟ 90 ΤΟΥ Ν.4850/21,,,,no sponsor block
Ρ0ΛΛ4690ΒΤ-7ΒΨ,2025-11-10,ΠΡΟΜΗΘ.ΕΙΔΩΝ ΣΥΝΤ.ΜΟΝΙΜΩΝ ΕΓΚΑΤ/ 2025  ΠΡΑΚΤΙΚΟ 3/2025  CPV 24327000-2,,,,no sponsor block
ΨΝ594690ΒΤ-ΩΤ7,2025-11-10,ΠΡΟΣΘΕΤΕΣ ΑΜΟΙΒΕΣ  ΣΕΠΤΕΜΒΡΙΟΥ   /2025   12 ΜΗΝΑ Ο.Α.Ε.Δ ΔΗΜ.ΠΡΟΣΚΛΗΣΗ  Νο  13/2016,,,,no sponsor block
9ΗΑ24690ΒΤ-ΒΕΘ,2025-11-10,ΤΑΚΤΙΚΗ ΜΙΣΘΟΔΟΣΙΑ   ΟΚΤΩΒΡΙΟΥ   /2025  12 ΜΗΝΑ Ο.Α.Ε.Δ   ΔΗΜ.ΠΡΟΣΚΛΗΣΗ    Νο 3/2025,,,,no sponsor block
ΨΑΔ14690ΒΤ-ΕΩΒ,2025-11-10,ΤΑΚΤΙΚΗ ΜΙΣΘΟΔΟΣΙΑ  ΟΚΤΩΒΡΙΟΥ   /2025  12 ΜΗΝΑ Ο.Α.Ε.Δ   ΔΗΜ.ΠΡΟΣΚΛΗΣΗ    Νο 13/2016,,,,no sponsor block
6ΤΚ94690ΒΤ-6ΔΟ,2025-11-10,ΤΑΚΤΙΚΗ ΜΙΣΘΟΔΟΣΙΑ   ΟΚΤΩΒΡΙΟΥ   /2025  12 ΜΗΝΑ Ο.Α.Ε.Δ   ΔΗΜ.ΠΡΟΣΚΛΗΣΗ    Νο 10/2017,,,,no sponsor block
ΨΧΠ64690ΒΤ-ΨΗ0,2025-11-10,Επιστροφή ποσού σε ιδιωτική ασφάλεια ασθενούς,,,,no sponsor block
6ΔΡΑ4690ΒΤ-ΟΡ6,2025-11-10,Εφάπαξ   Αποζημίωση προσωπικού Ι.Δ.Α.Χ βάσει του Ν.993/1979 ( ΆΡΘΡΟ 49 ),,,,no sponsor block
ΨΤΞΑ4690ΒΤ-ΜΕΛ,2025-11-10,Πληρωμή  προσωπικού  απογευματινών   χειρουργείων  Απριλίου /2025,,,,no sponsor block
6ΑΤ84690ΒΤ-ΨΞ9,2025-11-10,Πληρωμή ιατρών απογευματινών   χειρουργείων   Απριλίου  /2025,,,,no sponsor block
ΨΨ0Φ4690ΒΤ-ΞΓ9,2025-11-10,Πληρωμή  προσωπικού  απογευματινών   χειρουργείων  Μαρτίου/2025,,,,no sponsor block
60534690ΒΤ-40Υ,2025-11-10,Πληρωμή ιατρών απογευματινών   χειρουργείων  Μαρτίου/2025,,,,no sponsor block
9ΤΓΦ4690ΒΤ-ΤΞΔ,2025-11-04,ΠΡΟΣΘΕΤΕΣ ΑΜΟΙΒΕΣ   ΣΕΠΤΕΜΒΡΙΟΥ    /2025  ΝΟΣΗΛΕΥΤΙΚΟ    ΠΡΟΣΩΠΙΚΟ  Ν.Δ 1057/80,,,,no sponsor block
ΨΘΒ64690ΒΤ-4ΦΚ,2025-11-04,ΠΡΟΣΘΕΤΕΣ ΑΜΟΙΒΕΣ   ΣΕΠΤΕΜΒΡΙΟΥ    /2025     ΠΡΟΣΩΠΙΚΟ  ΕΠΙ ΣΧΕΣΕΙ ΕΡΓΑΣΙΑΣ Ι.Δ.Α.Χ,,,,no sponsor block
9ΤΥΓ4690ΒΤ-ΔΛΦ,2025-11-04,ΑΠΟΖΗΜΙΩΣΗ  ΕΦΗΜΕΡΙΩΝ ΕΠΙΣΤΗΜΟΝΙΚΟΥ ΠΡΟΣΩΠΙΚΟΥ  ΣΕΠΤΕΜΒΡΙΟΥ  /2025,,,,no sponsor block
6ΜΖΧ4690ΒΤ-ΗΣΣ,2025-11-04,ΑΠΟΖΗΜΙΩΣΗ  ΕΦΗΜΕΡΙΩΝ ΕΠΙΣΤΗΜΟΝΙΚΟΥ ΠΡΟΣΩΠΙΚΟΥ  ΣΕΠΤΕΜΒΡΙΟΥ  /2025,,,,no sponsor block
63ΙΘ4690ΒΤ-ΥΧΜ,2025-11-04,ΠΡΟΣΘΕΤΕΣ ΑΜΟΙΒΕΣ  ΣΕΠΤΕΜΒΡΙΟΥ    /2025  ΕΠΙΚΟΥΡΙΚΟ  COVID  ΠΡΟΣΩΠΙΚΟ,,,,no sponsor block
ΨΛΤΣ4690ΒΤ-ΣΧΧ,2025-11-04,ΠΡΟΣΘΕΤΕΣ ΑΜΟΙΒΕΣ  ΣΕΠΤΕΜΒΡΙΟΥ    /2025  ΕΠΙΚΟΥΡΙΚΟ ΤΡΙΜΗΝΟ COVID  ΠΡΟΣΩΠΙΚΟ,,,,no sponsor block
ΨΓΦΙ4690ΒΤ-ΧΨΠ,2025-11-04,ΠΡΟΣΘΕΤΕΣ ΑΜΟΙΒΕΣ  ΣΕΠΤΕΜΒΡΙΟΥ    /2025  ΝΕΟΠΡΟΣΛΑΜΒΑΝΟΜΕΝΟΙ  Ο.Α.Ε.Δ  ( Π ),,,,no sponsor block
ΡΨ0Ο4690ΒΤ-Μ5Υ,2025-11-04,ΠΡΟΣΘΕΤΕΣ ΑΜΟΙΒΕΣ  ΣΕΠΤΕΜΒΡΙΟΥ    /2025  ΝΕΟΠΡΟΣΛΑΜΒΑΝΟΜΕΝΟΙ  Ο.Α.Ε.Δ  ( Κ ),,,,no sponsor block
Ψ3ΘΜ4690ΒΤ-3ΓΤ,2025-11-04,ΠΡΟΣΘΕΤΕΣ ΑΜΟΙΒΕΣ  ΣΕΠΤΕΜΒΡΙΟΥ   /2025   12 ΜΗΝΑ  Ο.Α.Ε.Δ ΚΟΙΝΟΦΕΛΟΥΣ ΕΡΓΑΣΙΑΣ,,,,no sponsor block
Ψ9ΒΡ4690ΒΤ-Π0Η,2025-11-04,ΠΡΟΣΘΕΤΕΣ ΑΜΟΙΒΕΣ   ΣΕΠΤΕΜΒΡΙΟΥ    /2025     ΠΡΟΣΩΠΙΚΟ  Ι.Δ  Ν.2470/96,,,,no sponsor block
Ρ9ΒΜ4690ΒΤ-9ΙΝ,2025-11-04,ΠΡΟΣΘΕΤΕΣ ΑΜΟΙΒΕΣ   ΣΕΠΤΕΜΒΡΙΟΥ    /2025    ΔΙΟΙΚΗΤΙΚΟ  ΠΡΟΣΩΠΙΚΟ,,,,no sponsor block
9ΠΥ94690ΒΤ-ΙΙΖ,2025-11-04,ΠΡΟΣΘΕΤΕΣ ΑΜΟΙΒΕΣ   ΣΕΠΤΕΜΒΡΙΟΥ    /2025    ΜΟΝΙΜΟ  ΔΟΚΙΜΟ  ΠΡΟΣΩΠΙΚΟ,,,,no sponsor block
ΨΗΩΚ4690ΒΤ-23Δ,2025-11-04,ΠΡΟΣΘΕΤΕΣ ΑΜΟΙΒΕΣ   ΣΕΠΤΕΜΒΡΙΟΥ    /2025    ΜΟΝΙΜΟ  ΔΟΚΙΜΟ  ΠΡΟΣΩΠΙΚΟ  ΕΙΔ. ΘΕΣΕΩΝ,,,,no sponsor block
ΨΥΔΡ4690ΒΤ-Ξ7Α,2025-11-04,ΠΡΟΣΘΕΤΕΣ ΑΜΟΙΒΕΣ   ΣΕΠΤΕΜΒΡΙΟΥ    /2025    ΑΠΟΣΠΑΣΜΕΝΟΙ,,,,no sponsor block
6Θ1Π4690ΒΤ-Π5Η,2025-11-04,ΠΡΟΣΘΕΤΕΣ ΑΜΟΙΒΕΣ   ΣΕΠΤΕΜΒΡΙΟΥ    /2025    ΝΟΣΗΛΕΥΤΙΚΟ ΠΡΟΣΩΠΙΚΟ,,,,no sponsor block
Ψ6ΠΠ4690ΒΤ-ΚΩ7,2025-11-04,ΑΠΟΖΗΜΙΩΣΗ ΕΦΗΜΕΡΙΩΝ    ΣΕΠΤΕΜΒΡΙΟΥ    /2025   ΕΠΙΣΤΗΜΟΝΙΚΟ ΠΡΟΣΩΠΙΚΟ   Ι.Δ   Ν.Δ  1057/80   ΤΟΥ Ψ/Τ,,,,no sponsor block
ΨΧΧΧ4690ΒΤ-Α7Σ,2025-11-04,ΑΠΟΖΗΜΙΩΣΗ ΕΦΗΜΕΡΙΩΝ    ΣΕΠΤΕΜΒΡΙΟΥ    /2025   ΕΠΙΣΤΗΜΟΝΙΚΟ ΠΡΟΣΩΠΙΚΟ  ΤΟΥ Ψ/Τ,,,,no sponsor block
9ΙΛ94690ΒΤ-ΖΙΒ,2025-11-04,ΑΠΟΖΗΜΙΩΣΗ ΕΦΗΜΕΡΙΩΝ    ΣΕΠΤΕΜΒΡΙΟΥ    /2025   ΕΠΙΣΤΗΜΟΝΙΚΟ ΠΡΟΣΩΠΙΚΟ  ΤΟΥ Κ.Ψ.ΥΓΕΙΑΣ,,,,no sponsor block
6Δ4Χ4690ΒΤ-6ΘΩ,2025-11-04,ΠΡΟΣΘΕΤΕΣ ΑΜΟΙΒΕΣ   ΣΕΠΤΕΜΒΡΙΟΥ    /2025       ΠΡΟΣΩΠΙΚΟ   ΕΠΙ ΣΧΕΣΕΙ ΕΡΓΑΣΙΑΣ  Ι.Δ.Α.Χ       ΤΟΥ Ψ/Τ,,,,no sponsor block
9ΥΕ44690ΒΤ-Ν4Λ,2025-11-04,ΠΡΟΣΘΕΤΕΣ ΑΜΟΙΒΕΣ   ΣΕΠΤΕΜΒΡΙΟΥ    /2025  ΝΕΟΠΡΟΣΛΑΜΒΑΝΟΜΕΝΟΙ  Ο.Α.Ε.Δ      ΤΟΥ Ψ/Τ,,,,no sponsor block
9ΞΨΘ4690ΒΤ-ΖΘ7,2025-11-04,ΠΡΟΣΘΕΤΕΣ ΑΜΟΙΒΕΣ   ΣΕΠΤΕΜΒΡΙΟΥ    /2025  ΜΟΝΙΜΟ  ΔΟΚΙΜΟ  ΒΟΗΘ.    ΠΡΟΣΩΠΙΚΟ     ΤΟΥ Ψ/Τ,,,,no sponsor block
ΨΜΜΘ4690ΒΤ-ΑΗΜ,2025-11-04,ΠΡΟΣΘΕΤΕΣ ΑΜΟΙΒΕΣ   ΣΕΠΤΕΜΒΡΙΟΥ    /2025  ΝΟΣΗΛΕΥΤΙΚΟ     ΠΡΟΣΩΠΙΚΟ  Ν.Δ  1057/80    ΤΟΥ Ψ/Τ,,,,no sponsor block
ΨΕΟΣ4690ΒΤ-ΜΕΔ,2025-11-04,ΠΡΟΣΘΕΤΕΣ ΑΜΟΙΒΕΣ   ΣΕΠΤΕΜΒΡΙΟΥ    /2025   ΤΕΧΝΙΚΟ     ΠΡΟΣΩΠΙΚΟ   ΤΟΥ Ψ/Τ,,,,no sponsor block
68ΖΤ4690ΒΤ-ΚΛ8,2025-11-04,ΠΡΟΣΘΕΤΕΣ ΑΜΟΙΒΕΣ   ΣΕΠΤΕΜΒΡΙΟΥ    /2025  ΕΠΙΚΟΥΡΙΚΟ ΤΡΙΜΗΝΟ  COVID    ΠΡΟΣΩΠΙΚΟ   ΤΟΥ Ψ/Τ,,,,no sponsor block
9ΕΤΑ4690ΒΤ-ΝΜΜ,2025-11-04,ΠΡΟΣΘΕΤΕΣ ΑΜΟΙΒΕΣ   ΣΕΠΤΕΜΒΡΙΟΥ    /2025  ΕΠΙΚΟΥΡΙΚΟ     ΠΡΟΣΩΠΙΚΟ   ΤΟΥ Ψ/Τ,,,,no sponsor block
915Υ4690ΒΤ-7ΟΩ,2025-11-04,ΠΡΟΣΘΕΤΕΣ ΑΜΟΙΒΕΣ   ΣΕΠΤΕΜΒΡΙΟΥ    /2025  ΝΟΣΗΛΕΥΤΙΚΟ    ΠΡΟΣΩΠΙΚΟ   ΤΟΥ Ψ/Τ,,,,no sponsor block
68ΩΕ4690ΒΤ-ΠΘΙ,2025-11-03,ΑΠΟΔΟΣΗ ΚΡΑΤΗΣΕΩΝ ΑΠΟ ΠΛΗΡΩΜΗ ΠΡΟΜΗΘΕΥΤΩΝ ΜΗΝΟΣ  ΟΚΤΩΒΡΙΟΥ 2025,,,,no sponsor block
921Κ4690ΒΤ-018,2025-10-30,ΤΑΚΤΙΚΕΣ ΕΦΗΜΕΡΙΕΣ ΣΕΠΤΕΜΒΡΙΟΥ /2025  ΓΙΑΤΡΟΙ Ε.Σ.Υ    ΤΟΥ  Κ.Ψ.ΥΓΕΙΑΣ,,,,no sponsor block
91ΝΕ4690ΒΤ-ΔΜΑ,2025-10-30,ΤΑΚΤΙΚΕΣ ΕΦΗΜΕΡΙΕΣ ΣΕΠΤΕΜΒΡΙΟΥ /2025  ΓΙΑΤΡΟΙ Ε.Σ.Υ   ΤΟΥ Ψ/Τ,,,,no sponsor block
ΨΥΞΦ4690ΒΤ-Υ1Θ,2025-10-30,ΤΑΚΤΙΚΕΣ ΕΦΗΜΕΡΙΕΣ ΣΕΠΤΕΜΒΡΙΟΥ /2025  ΓΙΑΤΡΟΙ Ε.Σ.Υ  ΕΙΔΙΚ/ΝΟΙ  ΤΟΥ Ψ/Τ,,,,no sponsor block
9ΙΓΓ4690ΒΤ-ΝΔΔ,2025-10-30,ΤΑΚΤΙΚΕΣ ΕΦΗΜΕΡΙΕΣ ΣΕΠΤΕΜΒΡΙΟΥ /2025   EΠΙΚΟΥΡΙΚΟΙ   Ε.Σ.Υ,,,,no sponsor block
96574690ΒΤ-ΓΓ6,2025-10-30,ΤΑΚΤΙΚΕΣ ΕΦΗΜΕΡΙΕΣ ΣΕΠΤΕΜΒΡΙΟΥ /2025   ΑΓΡΟΤΙΚΟΙ   ΙΑΤΡΟΙ,,,,no sponsor block
Ψ5Ε24690ΒΤ-ΛΥΡ,2025-10-30,ΤΑΚΤΙΚΕΣ ΕΦΗΜΕΡΙΕΣ ΣΕΠΤΕΜΒΡΙΟΥ /2025   ΕΠΙΚΟΥΡΙΚΟΙ    Ε.Σ.Υ,,,,no sponsor block
9ΚΤ24690ΒΤ-ΖΕΞ,2025-10-30,ΤΑΚΤΙΚΕΣ ΕΦΗΜΕΡΙΕΣ ΣΕΠΤΕΜΒΡΙΟΥ /2025  ΓΙΑΤΡΟΙ Ε.Σ.Υ,,,,no sponsor block
6ΦΙ94690ΒΤ-7Μ0,2025-10-30,ΤΑΚΤΙΚΕΣ ΕΦΗΜΕΡΙΕΣ ΣΕΠΤΕΜΒΡΙΟΥ /2025  ΓΙΑΤΡΟΙ Ε.Σ.Υ,,,,no sponsor block
9ΞΩ44690ΒΤ-Δ3Υ,2025-10-29,ΤΑΚΤΙΚΗ ΜΙΣΘΟΔΟΣΙΑ ΜΕΤΑΠ/ΤΕΩΝ   ΟΚΤΩΒΡΙΟΥ   /2025   ΝΕΟΠΡΟΣΛΑΜΒΑΝΟΜΕΝΟΙ Ο.Α.Ε.Δ  ( 55-67 )  Ν.,,,,no sponsor block
ΡΚ4Α4690ΒΤ-1ΞΓ,2025-10-29,ΤΑΚΤΙΚΗ ΜΙΣΘΟΔΟΣΙΑ ΜΕΤΑΠ/ΤΕΩΝ   ΟΚΤΩΒΡΙΟΥ   /2025  ΣΠΟΥΔΑΣΤΕΣ ΠΟΥ ΑΣΚΟΥΝΤΑΙ,,,,no sponsor block
ΨΜ124690ΒΤ-ΜΤΝ,2025-10-29,ΤΑΚΤΙΚΗ ΜΙΣΘΟΔΟΣΙΑ ΜΕΤΑΠ/ΤΕΩΝ     ΟΚΤΩΒΡΙΟΥ    /2025   ΑΜΙΣΘΟΙ ΤΕΕ (ΔΙΕΚ) Γ.Ν.Κ.,,,,no sponsor block
6ΓΘΘ4690ΒΤ-ΒΦΩ,2025-10-29,ΤΑΚΤΙΚΗ ΜΙΣΘΟΔΟΣΙΑ ΜΕΤΑΠ/ΤΕΩΝ   ΟΚΤΩΒΡΙΟΥ   /2025   ΝΕΟΠΡΟΣΛΑΜΒΑΝΟΜΕΝΟΙ Ο.Α.Ε.Δ  ( ΠΑΛΙΟΙ ),,,,no sponsor block
9Β3Ω4690ΒΤ-7ΙΒ,2025-10-29,ΤΑΚΤΙΚΗ ΜΙΣΘΟΔΟΣΙΑ ΜΕΤΑΠ/ΤΕΩΝ   ΟΚΤΩΒΡΙΟΥ   /2025  ΤΡΙΜΗΝΟ   ΕΠΙΚΟΥΡΙΚΟ  ΠΡΟΣΩΠΙΚΟ,,,,no sponsor block
6ΙΨ04690ΒΤ-ΒΩ8,2025-10-29,ΤΑΚΤΙΚΗ ΜΙΣΘΟΔΟΣΙΑ ΜΕΤΑΠ/ΤΕΩΝ   ΟΚΤΩΒΡΙΟΥ   /2025   ΕΠΙΣΤΗΜΟΝΙΚΟ  ΠΡΟΣΩΠΙΚΟ,,,,no sponsor block
9Υ4Ι4690ΒΤ-44Υ,2025-10-29,ΑΝΑΔΡΟΜΙΚΑ   ΟΚΤΩΒΡΙΟΥ   /2025   ΕΠΙΚΟΥΡΙΚΟ  ΠΡΟΣΩΠΙΚΟ,,,,no sponsor block
Ρ9ΙΕ4690ΒΤ-ΦΝΡ,2025-10-29,ΑΝΑΔΡΟΜΙΚΑ     ΟΚΤΩΒΡΙΟΥ   /2025   ΕΠΙΚΟΥΡΙΚΟΙ  Ε.Σ.Υ,,,,no sponsor block
9Ψ1Ω4690ΒΤ-Ν30,2025-10-29,ΤΑΚΤΙΚΗ ΜΙΣΘΟΔΟΣΙΑ ΜΕΤΑΠ/ΤΕΩΝ   ΟΚΤΩΒΡΙΟΥ   /2025   ΕΠΙΚΟΥΡΙΚΟΙ  Ε.Σ.Υ,,,,no sponsor block
9ΚΠΠ4690ΒΤ-8Ξ8,2025-10-29,ΤΑΚΤΙΚΗ ΜΙΣΘΟΔΟΣΙΑ ΜΕΤΑΠ/ΤΕΩΝ   ΟΚΤΩΒΡΙΟΥ   /2025   ΕΠΙΚΟΥΡΙΚΟΙ  Ε.Σ.Υ,,,,no sponsor block
ΨΜΠΤ4690ΒΤ-Φ7Ρ,2025-10-29,ΤΑΚΤΙΚΗ ΜΙΣΘΟΔΟΣΙΑ ΜΕΤΑΠ/ΤΕΩΝ   ΟΚΤΩΒΡΙΟΥ   /2025   ΕΠΙΚΟΥΡΙΚΟΙ  Ε.Σ.Υ,,,,no sponsor block
969Κ4690ΒΤ-ΗΜ0,2025-10-29,ΑΝΑΔΡΟΜΙΚΑ ΜΕΤΑΠΛΗΡ. ΕΠΙΚΟΥΡΙΚΟΙ Ε.Σ.Υ,,,,no sponsor block
Ψ80Φ4690ΒΤ-Φ1Ε,2025-10-29,ΤΑΚΤΙΚΗ ΜΙΣΘΟΔΟΣΙΑ ΜΕΤΑΠ/ΤΕΩΝ   ΟΚΤΩΒΡΙΟΥ  /2025   ΕΠΙΚΟΥΡΙΚΟ ΠΡΟΣΩΠΙΚΟ,,,,no sponsor block
Ψ2Λ74690ΒΤ-Ρ8Ψ,2025-10-24,ΕΝΟΙΚΙΟ POS  ΣΕΠΤΕΜΒΡΙΟΥ /2025,,,,no sponsor block
655Ι4690ΒΤ-Χ4Λ,2025-10-24,ΓΙΑ ΤΗΝ ΑΞΙΑ ΠΛΗΡΩΜΗΣ ΟΔΟΙΠΟΡΙΚΩΝ ΕΞΟΔΩΝ ΚΑΙ ΗΜΕΡΗΣΙΑΣ ΑΠΟΖΗΜΙΩΣΗΣ ΥΠΑΛΛΗΛΩΝ  ΣΕΠΤΕΜΒΡΙΟΣ /25  Γ.Ν.ΚΑΤΕΡΙΝΗΣ,,,,no sponsor block
9Η924690ΒΤ-ΒΩΚ,2025-10-24,ΣΥΜΠΛΗΡΩΜΑΤΙΚΟ  CLAW BACK B ΕΞΑΜΗΝΟΥ 2022                 CPV 33680000-0,095114191,ΒΟΚΑΤΕ ΦΑΡΜΑΚΕΥΤΙΚΗ ΑΝΩΝΥΜΟΣ ΕΤΑΙΡΕΙΑ,-184.42,negative amount
9ΟΝ84690ΒΤ-ΣΜ1,2025-09-29,ΠΡΟΜΗΘΕΙΑ ΦΑΡΜΑΚΕΥΤΙΚΟΥ ΥΛΙΚΟΥ,090064864,ΙΝΣΤΙΤΟΥΤΟ ΦΑΡΜΑΚΕΥΤΙΚΗΣ ΕΡΕΥΝΑΣ ΚΑΙ ΤΕΧΝΟΛΟΓΙΑΣ ΜΟΝΟΠΡΟΣΩΠΗ ΑΝΩΝΥΜΗ ΕΤΑΙΡΕΙΑ,-3681.78,negative amount
93Ο74690ΒΤ-ΙΞΤ,2025-10-21,ΑΠΟΔΟΣΗ ΚΡΑΤΗΣΕΩΝ ΑΠΟ ΠΛΗΡΩΜΗ ΜΕΣΩ ΕΑΠ ΜΗΝΟΣ  ΟΚΤΩΒΡΙΟΥ 2025,,,,no sponsor block
ΡΟΨΖ4690ΒΤ-Μ11,2025-10-14,ΓΙΑ ΤΗΝ ΑΞΙΑ ΠΛΗΡΩΜΗΣ ΟΔΟΙΠΟΡΙΚΩΝ ΕΞΟΔΩΝ ΚΑΙ ΗΜΕΡΗΣΙΑΣ ΑΠΟΖΗΜΙΩΣΗΣ ΥΠΑΛΛΗΛΩΝ  ΣΕΠΤΕΜΒΡΙΟΣ /25  Γ.Ν.ΚΑΤΕΡΙΝΗΣ,,,,no sponsor block
6ΥΤΩ4690ΒΤ-Ρ9Υ,2025-10-14,ΕΦΗΜΕΡΙΕΣ   ΙΟΥΝΙΟΥ  /2025  ΠΟΥ ΕΚΚΑΘΑΡΙΖΟΝΤΑΙ ΣΥΜΦ. ΜΕ ΤΟ ΑΡΘΡΟ 90 ΤΟΥ Ν.4850/21,,,,no sponsor block
9ΞΕΟ4690ΒΤ-Θ5Τ,2025-10-14,ΕΦΗΜΕΡΙΕΣ  ΜΑΙΟΥ /2025  ΠΟΥ ΕΚΚΑΘΑΡΙΖΟΝΤΑΙ ΣΥΜΦ. ΜΕ ΤΟ ΑΡΘΡΟ 90 ΤΟΥ Ν.4850/21,,,,no sponsor block
ΨΘ244690ΒΤ-ΓΤΜ,2025-10-14,ΕΦΗΜΕΡΙΕΣ ΑΠΡΙΛΙΟΥ/2025  ΠΟΥ ΕΚΚΑΘΑΡΙΖΟΝΤΑΙ ΣΥΜΦ. ΜΕ ΤΟ ΑΡΘΡΟ 90 ΤΟΥ Ν.4850/21,,,,no sponsor block
99164690ΒΤ-ΠΡΝ,2025-10-09,ΠΡΟΣΘΕΤΕΣ ΑΜΟΙΒΕΣ   ΑΥΓΟΥΣΤΟΥ   /2025    ΝΕΟΠΡΟΣΛΑΜΒΑΝΟΜΕΝΟΙ Ο.Α.Ε.Δ   ΤΟΥ Ψ/Τ,,,,no sponsor block
9ΕΔ94690ΒΤ-60Η,2025-10-08,ΠΡΟΣΘΕΤΕΣ ΑΜΟΙΒΕΣ  ΑΥΓΟΥΣΤΟΥ    /2025   12 ΜΗΝΑ Ο.Α.Ε.Δ ΔΗΜ.ΠΡΟΣΚΛΗΣΗ  Νο  10/2017,,,,no sponsor block
ΨΩΙ04690ΒΤ-Ι4Ξ,2025-10-08,ΠΡΟΣΘΕΤΕΣ ΑΜΟΙΒΕΣ  ΑΥΓΟΥΣΤΟΥ   /2025   12 ΜΗΝΑ Ο.Α.Ε.Δ ΔΗΜ.ΠΡΟΣΚΛΗΣΗ  Νο  13/2016,,,,no sponsor block
90Δ84690ΒΤ-ΕΜΖ,2025-10-08,ΤΑΚΤΙΚΗ ΜΙΣΘΟΔΟΣΙΑ   ΣΕΠΤΕΜΒΡΙΟΥ   /2025  12 ΜΗΝΑ Ο.Α.Ε.Δ   ΔΗΜ.ΠΡΟΣΚΛΗΣΗ    Νο 3/2025,,,,no sponsor block
9ΘΗ74690ΒΤ-Π7Δ,2025-10-08,ΤΑΚΤΙΚΗ ΜΙΣΘΟΔΟΣΙΑ  ΣΕΠΤΕΜΒΡΙΟΥ   /2025  12 ΜΗΝΑ Ο.Α.Ε.Δ   ΔΗΜ.ΠΡΟΣΚΛΗΣΗ    Νο 13/2016,,,,no sponsor block
6Χ134690ΒΤ-Λ4Ρ,2025-10-08,ΤΑΚΤΙΚΗ ΜΙΣΘΟΔΟΣΙΑ   ΣΕΠΤΕΜΒΡΙΟΥ   /2025  12 ΜΗΝΑ Ο.Α.Ε.Δ   ΔΗΜ.ΠΡΟΣΚΛΗΣΗ    Νο 10/2017,,,,no sponsor block
Ψ2ΩΗ4690ΒΤ-5ΘΟ,2025-10-02,ΠΡΟΣΘΕΤΕΣ ΕΦΗΜΕΡΙΕΣ ΙΟΥΝΙΟΥ 2025 ΓΙΑΤΡΟΙ ΕΣΥ (Ψ.Τ.),,,,no sponsor block
ΨΨ9Χ4690ΒΤ-ΖΡΚ,2025-10-02,ΠΡΟΣΘΕΤΕΣ ΕΦΗΜΕΡΙΕΣ ΙΟΥΝΙΟΥ 2025 ΓΙΑΤΡΟΙ ΕΣΥ ΕΙΔΙΚ/ΝΟΙ (Ψ.Τ),,,,no sponsor block
9ΕΒΚ4690ΒΤ-ΟΑ7,2025-10-02,ΠΡΟΣΘΕΤΕΣ ΕΦΗΜΕΡΙΕΣ ΙΟΥΝΙΟΥ 2025 ΕΠΙΚΟΥΡΙΚΟΙ ΕΣΥ (Γ.Ν.Κ),,,,no sponsor block
Ψ5ΛΙ4690ΒΤ-Ε5Ψ,2025-10-02,ΠΡΟΣΘΕΤΕΣ ΕΦΗΜΕΡΙΕΣ ΙΟΥΝΙΟΥ 2025 ΓΙΑΤΡΙ ΕΣΥ ΕΙΔΙΚ/ΝΟΙ (Γ.Ν.Κ.),,,,no sponsor block
Ψ55Ξ4690ΒΤ-3Χ1,2025-10-02,ΠΡΟΣΘΕΤΕΣ ΕΦΗΜΕΡΙΕΣ ΙΟΥΝΙΟΥ 2025 ΓΙΑΤΡΟΙ ΕΣΥ (Γ.Ν.Κ.),,,,no sponsor block
ΨΑΕΧ4690ΒΤ-ΙΑ8,2025-10-02,ΠΡΟΣΘΕΤΕΣ ΕΦΗΜΕΡΙΕΣ ΙΟΥΝΙΟΥ 2025 ΕΠΙΚΟΥΡΙΚΟΙ ΕΣΥ (Γ.Ν.Κ),,,,no sponsor block
6ΗΨΝ4690ΒΤ-ΔΟΒ,2025-10-02,ΠΡΟΣΘΕΤΕΣ ΕΦΗΜΕΡΙΕΣ ΜΑΪΟΥ 2025 ΓΙΑΤΡΟΙ ΕΣΥ (Γ.Ν.Κ.),,,,no sponsor block
97ΗΕ4690ΒΤ-32Κ,2025-10-02,ΠΡΟΣΘΕΤΕΣ ΕΦΗΜΕΡΙΕΣ ΓΙΑΤΡΟΙ ΕΣΥ ΕΙΔΙΚ/ΝΟΙ (Γ.Ν.Κ.),,,,no sponsor block
9Ε9Λ4690ΒΤ-Γ3Ν,2025-10-02,ΠΡΟΣΘΕΤΕΣ ΕΦΗΜΕΡΙΕΣ ΜΑΪΟΥ 2025 ΕΠΙΚΟΥΡΙΚΟΙ ΕΣΥ (Γ.Ν.Κ),,,,no sponsor block
Ψ05Ρ4690ΒΤ-ΜΘΜ,2025-10-02,ΠΡΟΣΘΕΤΕΣ ΕΦΗΜΕΡΙΕΣ ΜΑΪΟΥ 2025 ΕΠΙΚΟΥΡΙΚΟΙ ΕΣΥ (Γ.Ν.Κ),,,,no sponsor block
ΨΖΞ04690ΒΤ-Σ4Μ,2025-10-02,ΠΡΟΣΘΕΤΕΣ ΕΦΗΜΕΡΙΕΣ ΜΑΪΟΥ 2025 ΓΙΑΤΡΟΙ ΕΙΔΙΚ/ΝΟΙ (Ψ.Τ),,,,no sponsor block
9ΒΤΣ4690ΒΤ-ΗΕΩ,2025-10-02,ΠΡΟΣΘΕΤΕΣ ΕΦΗΜΕΡΙΕΣ ΜΑΪΟΥ 2025 ΓΙΑΤΡΩΝ ΕΣΥ (Ψ.Τ),,,,no sponsor block
6ΖΨ94690ΒΤ-ΣΕ3,2025-09-24,ΤΑΚΤΙΚΗ ΜΙΣΘΟΔΟΣΙΑ ΜΕΤΑΠ/ΤΕΩΝ   ΣΕΠΤΕΜΒΡΙΟΥ   /2025   ΝΕΟΠΡΟΣΛΑΜΒΑΝΟΜΕΝΟΙ Ο.Α.Ε.Δ  ( 55-67 ) Ν.,,,,no sponsor block
Ψ0Ψ84690ΒΤ-604,2025-10-02,ΓΙΑ ΤΗΝ ΑΞΙΑ ΠΛΗΡΩΜΗΣ ΟΔΟΙΠΟΡΙΚΩΝ ΕΞΟΔΩΝ ΚΑΙ ΗΜΕΡΗΣΙΑΣ ΑΠΟΖΗΜΙΩΣΗΣ ΥΠΑΛΛΗΛΩΝ Γ.Ν.ΚΑΤΕΡΙΝΗΣ,,,,no sponsor block
92ΑΗ4690ΒΤ-ΜΡ3,2025-10-01,ΑΠΟΔΟΣΗ ΚΡΑΤΗΣΕΩΝ ΑΠΟ ΠΛΗΡΩΜΗ ΠΡΟΜΗΘΕΥΤΩΝ ΜΗΝΟΣ ΣΕΠΤΕΜΒΡΙΟΥ 2025,,,,no sponsor block
ΨΝ084690ΒΤ-ΓΜΔ,2025-10-01,ΑΠΟΖΗΜΙΩΣΗ ΕΦΗΜΕΡΙΩΝ  ΑΥΓΟΥΣΤΟΥ /2025   ΕΠΙΣΤΗΜΟΝΙΚΟ ΠΡΟΣΩΠΙΚΟ   Ι.Δ  Ν.Δ 1057/80   ΤΟΥ Ψ/Τ,,,,no sponsor block
68ΞΒ4690ΒΤ-ΣΡΡ,2025-10-01,ΑΠΟΖΗΜΙΩΣΗ ΕΦΗΜΕΡΙΩΝ  ΑΥΓΟΥΣΤΟΥ /2025   ΕΠΙΣΤΗΜΟΝΙΚΟ ΠΡΟΣΩΠΙΚΟ ΤΟΥ Ψ/Τ,,,,no sponsor block
6Ι8Ρ4690ΒΤ-999,2025-10-01,ΑΠΟΖΗΜΙΩΣΗ ΕΦΗΜΕΡΙΩΝ  ΑΥΓΟΥΣΤΟΥ /2025   ΕΠΙΣΤΗΜΟΝΙΚΟ ΠΡΟΣΩΠΙΚΟ ΤΟΥ Κ.Ψ.ΥΓΕΙΑΣ,,,,no sponsor block
Ψ8124690ΒΤ-ΜΑ8,2025-10-01,ΠΡΟΣΘΕΤΕΣ ΑΜΟΙΒΕΣ  ΑΥΓΟΥΣΤΟΥ  /2025  ΝΟΣΗΛΕΥΤΙΚΟ    ΠΡΟΣΩΠΙΚΟ   Ν.Δ  1057/80  ΤΟΥ Ψ/Τ,,,,no sponsor block
9Λ344690ΒΤ-ΣΔ0,2025-10-01,ΠΡΟΣΘΕΤΕΣ ΑΜΟΙΒΕΣ  ΑΥΓΟΥΣΤΟΥ  /2025  ΜΟΝΙΜΟ ΔΟΚΙΜΟ ΒΟΗΘ.   ΠΡΟΣΩΠΙΚΟ  ΤΟΥ Ψ/Τ,,,,no sponsor block
90Ψ94690ΒΤ-ΚΓ3,2025-10-01,ΠΡΟΣΘΕΤΕΣ ΑΜΟΙΒΕΣ  ΑΥΓΟΥΣΤΟΥ  /2025   ΤΕΧΝΙΚΟ     ΠΡΟΣΩΠΙΚΟ  ΤΟΥ Ψ/Τ,,,,no sponsor block
9ΕΒ14690ΒΤ-1ΟΑ,2025-10-01,ΠΡΟΣΘΕΤΕΣ ΑΜΟΙΒΕΣ  ΑΥΓΟΥΣΤΟΥ  /2025    ΠΡΟΣΩΠΙΚΟ   ΕΠΙ ΣΧΕΣΕΙ ΕΓΑΣΙΑΣ  Ι.Δ.Α.Χ  ΤΟΥ Ψ/Τ,,,,no sponsor block
6ΦΙΥ4690ΒΤ-ΕΤ8,2025-10-01,ΠΡΟΣΘΕΤΕΣ ΑΜΟΙΒΕΣ  ΑΥΓΟΥΣΤΟΥ  /2025   ΕΠΙΚΟΥΡΙΚΟ ΤΡΙΜΗΝΟ COVID     ΠΡΟΣΩΠΙΚΟ  ΤΟΥ Ψ/Τ,,,,no sponsor block
ΨΑΚΚ4690ΒΤ-Δ1Α,2025-10-01,ΠΡΟΣΘΕΤΕΣ ΑΜΟΙΒΕΣ  ΑΥΓΟΥΣΤΟΥ  /2025      ΕΠΙΚΟΥΡΙΚΟ  ΠΡΟΣΩΠΙΚΟ  ΤΟΥ Ψ/Τ,,,,no sponsor block
9ΓΒ84690ΒΤ-ΞΜ3,2025-09-30,ΠΡΟΣΘΕΤΕΣ ΑΜΟΙΒΕΣ  ΑΥΓΟΥΣΤΟΥ  /2025  ΝΟΣΗΛΕΥΤΙΚΟ    ΠΡΟΣΩΠΙΚΟ  ΤΟΥ Ψ/Τ,,,,no sponsor block
9Υ954690ΒΤ-6ΧΥ,2025-09-30,ΠΡΟΣΘΕΤΕΣ ΑΜΟΙΒΕΣ  ΑΥΓΟΥΣΤΟΥ  /2025 Ο.Α.Ε.Δ ΚΟΙΝΟΦΕΛΟΥΣ ΕΡΓΑΣΙΑΣ Ι.Δ.Ο.Χ   ΔΗΜΟΣΙΑ ΠΡΟΣΚΛΗΣΗ  Νο 3/2025,,,,no sponsor block
Ψ84Μ4690ΒΤ-Σ96,2025-09-30,ΑΠΟΖΗΜΙΩΣΗ  ΕΦΗΜΕΡΙΩΝ ΕΠΙΣΤΗΜΟΝΙΚΟΥ ΠΡΟΣΩΠΙΚΟΥ  ΑΥΓΟΥΣΤΟΥ  /2025,,,,no sponsor block
6ΔΘΟ4690ΒΤ-1Κ1,2025-09-30,ΑΠΟΖΗΜΙΩΣΗ  ΕΦΗΜΕΡΙΩΝ ΕΠΙΣΤΗΜΟΝΙΚΟΥ ΠΡΟΣΩΠΙΚΟΥ  ΑΥΓΟΥΣΤΟΥ  /2025,,,,no sponsor block
Ψ4ΣΚ4690ΒΤ-4Σ0,2025-09-30,ΠΡΟΣΘΕΤΕΣ ΑΜΟΙΒΕΣ   ΑΥΓΟΥΣΤΟΥ   /2025    ΝΕΟΠΡΟΣΛΑΜΒΑΝΟΜΕΝΟΙ  Ο.Α.Ε.Δ  (  55-67  Π  ),,,,no sponsor block
ΨΟΟΦ4690ΒΤ-6ΑΖ,2025-09-30,ΠΡΟΣΘΕΤΕΣ ΑΜΟΙΒΕΣ   ΑΥΓΟΥΣΤΟΥ   /2025    ΝΕΟΠΡΟΣΛΑΜΒΑΝΟΜΕΝΟΙ  Ο.Α.Ε.Δ  (  55-67  Ν ),,,,no sponsor block
9ΙΔ74690ΒΤ-ΗΤΖ,2025-09-30,ΠΡΟΣΘΕΤΕΣ ΑΜΟΙΒΕΣ   ΑΥΓΟΥΣΤΟΥ   /2025     ΜΟΝΙΜΟ  ΔΟΚΙΜΟ   ΠΡΟΣΩΠΙΚΟ  ΕΙΔ. ΘΕΣΕΩΝ,,,,no sponsor block
9ΥΘ44690ΒΤ-ΕΨΡ,2025-09-30,ΠΡΟΣΘΕΤΕΣ ΑΜΟΙΒΕΣ   ΑΥΓΟΥΣΤΟΥ   /2025    ΑΠΟΣΠΑΣΜΕΝΟΙ,,,,no sponsor block
61Τ74690ΒΤ-Κ2Ξ,2025-09-30,ΠΡΟΣΘΕΤΕΣ ΑΜΟΙΒΕΣ   ΑΥΓΟΥΣΤΟΥ   /2025    ΕΠΙΚΟΥΡΙΚΟ ΤΡΙΜΗΝΟ COVID  ΠΡΟΣΩΠΙΚΟ,,,,no sponsor block
ΨΘΠΡ4690ΒΤ-9ΦΠ,2025-09-30,ΠΡΟΣΘΕΤΕΣ ΑΜΟΙΒΕΣ   ΑΥΓΟΥΣΤΟΥ   /2025      ΠΡΟΣΩΠΙΚΟ  Ι.Δ  Ν.2470/96,,,,no sponsor block
ΨΩΜΕ4690ΒΤ-Π68,2025-09-30,ΠΡΟΣΘΕΤΕΣ ΑΜΟΙΒΕΣ   ΑΥΓΟΥΣΤΟΥ   /2025     ΔΙΟΙΚΗΤΙΚΟ  ΠΡΟΣΩΠΙΚΟ,,,,no sponsor block
ΨΠΚΘ4690ΒΤ-ΛΔΤ,2025-09-30,ΠΡΟΣΘΕΤΕΣ ΑΜΟΙΒΕΣ   ΑΥΓΟΥΣΤΟΥ   /2025     ΜΟΝΙΜΟ ΔΟΚΙΜΟ ΒΟΗΘ.  ΠΡΟΣΩΠΙΚΟ,,,,no sponsor block
ΨΖ5Μ4690ΒΤ-ΦΧΣ,2025-09-30,ΠΡΟΣΘΕΤΕΣ ΑΜΟΙΒΕΣ   ΑΥΓΟΥΣΤΟΥ   /2025    ΝΟΣΗΛΕΥΤΙΚΟ ΠΡΟΣΩΠΙΚΟ  Ν.Δ.  1057/80,,,,no sponsor block
ΨΛΚΜ4690ΒΤ-6ΛΛ,2025-09-30,ΠΡΟΣΘΕΤΕΣ ΑΜΟΙΒΕΣ   ΑΥΓΟΥΣΤΟΥ   /2025     ΠΡΟΣΩΠΙΚΟ ΕΠΙ ΣΧΕΣΕΙ ΕΡΓΑΣΙΑΣ Ι.Δ.Α.Χ,,,,no sponsor block
62ΖΧ4690ΒΤ-ΨΩ3,2025-09-30,ΠΡΟΣΘΕΤΕΣ ΑΜΟΙΒΕΣ   ΑΥΓΟΥΣΤΟΥ   /2025    ΕΠΙΚΟΥΡΙΚΟ  ΠΡΟΣΩΠΙΚΟ,,,,no sponsor block
6Υ764690ΒΤ-ΘΗΟ,2025-09-30,ΠΡΟΣΘΕΤΕΣ ΑΜΟΙΒΕΣ   ΑΥΓΟΥΣΤΟΥ   /2025    ΝΟΣΗΛΕΥΤΙΚΟ ΠΡΟΣΩΠΙΚΟ,,,,no sponsor block
6Χ2Β4690ΒΤ-Ε42,2025-09-29,Τακτοπ. κατάσχ.-Απόφαση 486/2014 Διοικητικού Πρωτοδικείου Θεσσαλ/νίκης Τμήμα ΣΤ Τριμελές -ΥΑ 2/84027/ΔΠ ΓΚ/15-11-18,,,,no sponsor block
Ρ2ΟΜ4690ΒΤ-Ω7Ψ,2025-09-26,Τακτοπ. κατάσχ.-Απόφαση 25/2008 Διοικητ. Πρωτοδ. Θεσσ/νίκης ( Μεταβατική εδρα Κατερ.Α Τριμελές ) ΥΑ 2/84027/ΔΠΓΚ 15-11-18,,,,no sponsor block
6ΣΩΖ4690ΒΤ-Δ9Υ,2025-09-26,Τακτοποίηση  κατάσχεσης -Απόφαση 1334/2012 Διοικητικού Εφετείου Θεσ/νίκης Τμήμα Β-ΥΑ2/84027/ΔΠΓΚ/15-11-2018,,,,no sponsor block
ΨΖ8Ο4690ΒΤ-ΩΚΡ,2025-09-26,Τακτοπ. κατάσχ.-Απόφαση 25/2008 Διοικητ. Πρωτοδ. Θεσσ/νίκης ( Μεταβατική εδρα Κατερ.Α Τριμελές ) ΥΑ 2/84027/ΔΠΓΚ 15-11-18,,,,no sponsor block
Ψ76Α4690ΒΤ-ΗΡ5,2025-09-26,Τακτοπ. κατάσχ.-Απόφαση 1086/2005 Ειρηνοδικείου Κατερ.( Εδικής διαδικασίας Εργατικων διαφορών ) ΥΑ 2/84027/ΔΠ ΓΚ/15-11-18,,,,no sponsor block
6Ζ2Ξ4690ΒΤ-ΛΧ9,2025-09-24,ΤΑΚΤΙΚΗ ΜΙΣΘΟΔΟΣΙΑ   ΑΥΓΟΥΣΤΟΥ  /2025  ΑΣΚΟΥΜΕΝΟΙ Ο.Α.Ε.Δ  Ψ/Τ,,,,no sponsor block
92ΧΕ4690ΒΤ-16Τ,2025-09-24,ΑΝΑΔΡΟΜΙΚΑ   ΑΥΓΟΥΣΤΟΥ   /2025  ΑΣΚΟΥΜΕΝΟΙ Ο.Α.Ε.Δ  Ψ/Τ,,,,no sponsor block
ΡΔΒ24690ΒΤ-ΛΛ1,2025-09-24,ΤΑΚΤΙΚΗ ΜΙΣΘΟΔΟΣΙΑ ΜΕΤΑΠ/ΤΕΩΝ   ΣΕΠΤΕΜΒΡΙΟΥ /2025  ΣΠΟΥΔΑΣΤΕΣ ΠΟΥ ΑΣΚΟΥΝΤΑΙ Τ.Ε.Ι,,,,no sponsor block
9ΩΚΔ4690ΒΤ-8ΣΝ,2025-09-24,ΤΑΚΤΙΚΗ ΜΙΣΘΟΔΟΣΙΑ ΜΕΤΑΠ/ΤΕΩΝ     ΣΕΠΤΕΜΒΡΙΟΥ   /2025   ΑΜΙΣΘΟΙ ΤΕΕ (ΔΙΕΚ) Γ.Ν.Κ.,,,,no sponsor block
9Θ0Σ4690ΒΤ-ΠΘΞ,2025-09-24,ΤΑΚΤΙΚΗ ΜΙΣΘΟΔΟΣΙΑ ΜΕΤΑΠ/ΤΕΩΝ   ΣΕΠΤΕΜΒΡΙΟΥ   /2025   ΝΕΟΠΡΟΣΛΑΜΒΑΝΟΜΕΝΟΙ Ο.Α.Ε.Δ  ( 55-67 )  Π.,,,,no sponsor block
95ΥΖ4690ΒΤ-100,2025-09-24,ΑΝΑΔΡΟΜΙΚΑ   ΣΕΠΤΕΜΒΡΙΟΥ   /2025   ΕΠΙΚΟΥΡΙΚΟ  ΠΡΟΣΩΠΙΚΟ,,,,no sponsor block
Ρ7ΗΤ4690ΒΤ-ΙΑΡ,2025-09-24,ΤΑΚΤΙΚΗ ΜΙΣΘΟΔΟΣΙΑ ΜΕΤΑΠ/ΤΕΩΝ   ΣΕΠΤΕΜΒΡΙΟΥ   /2025   ΕΠΙΚΟΥΡΙΚΟ  ΤΡΙΜΗΝΟ  ΠΡΟΣΩΠΙΚΟ  COVID,,,,no sponsor block
98ΟΝ4690ΒΤ-5Ψ3,2025-09-24,ΤΑΚΤΙΚΗ ΜΙΣΘΟΔΟΣΙΑ ΜΕΤΑΠ/ΤΕΩΝ   ΣΕΠΤΕΜΒΡΙΟΥ   /2025   ΕΠΙΣΤΗΜΟΝΙΚΟ ΠΡΟΣΩΠΙΚΟ,,,,no sponsor block
9ΧΛΤ4690ΒΤ-Ω5Γ,2025-09-24,ΤΑΚΤΙΚΗ ΜΙΣΘΟΔΟΣΙΑ ΜΕΤΑΠ/ΤΕΩΝ   ΣΕΠΤΕΜΒΡΙΟΥ   /2025   ΕΠΙΚΟΥΡΙΚΟI E.Σ.Υ,,,,no sponsor block
ΨΧΑΟ4690ΒΤ-303,2025-09-24,ΤΑΚΤΙΚΗ ΜΙΣΘΟΔΟΣΙΑ ΜΕΤΑΠ/ΤΕΩΝ   ΣΕΠΤΕΜΒΡΙΟΥ   /2025   ΕΠΙΚΟΥΡΙΚΟI E.Σ.Υ,,,,no sponsor block
ΨΞ3Ρ4690ΒΤ-7ΒΧ,2025-09-24,ΤΑΚΤΙΚΗ ΜΙΣΘΟΔΟΣΙΑ ΜΕΤΑΠ/ΤΕΩΝ   ΣΕΠΤΕΜΒΡΙΟΥ   /2025   ΕΠΙΚΟΥΡΙΚΟI E.Σ.Υ,,,,no sponsor block
ΡΩΞ34690ΒΤ-ΞΟΦ,2025-09-24,ΤΑΚΤΙΚΗ ΜΙΣΘΟΔΟΣΙΑ ΜΕΤΑΠ/ΤΕΩΝ   ΣΕΠΤΕΜΒΡΙΟΥ   /2025   ΕΠΙΚΟΥΡΙΚΟ ΠΡΟΣΩΠΙΚΟ,,,,no sponsor block
ΨΜ6Δ4690ΒΤ-4ΔΕ,2025-09-24,ΤΑΚΤΙΚΕΣ ΕΦΗΜΕΡΙΕΣ   ΑΥΓΟΥΣΤΟΥ  /2025   ΓΙΑΤΡΟΙ Ε.Σ.Υ  ΤΟΥ  Ψ/ΤΟΜΕΑ,,,,no sponsor block
96Ν94690ΒΤ-Ω25,2025-09-24,ΤΑΚΤΙΚΕΣ ΕΦΗΜΕΡΙΕΣ   ΑΥΓΟΥΣΤΟΥ  /2025   ΓΙΑΤΡΟΙ Ε.Σ.Υ  ΕΙΔΙΚ/ΝΟΙ   ΤΟΥ  Ψ/ΤΟΜΕΑ,,,,no sponsor block
9ΛΘ04690ΒΤ-Ζ7Ν,2025-09-24,ΤΑΚΤΙΚΕΣ ΕΦΗΜΕΡΙΕΣ   ΑΥΓΟΥΣΤΟΥ  /2025   ΓΙΑΤΡΟΙ Ε.Σ.Υ  ΤΟΥ Κ.Ψ.ΥΓΕΙΑΣ,,,,no sponsor block
93ΑΓ4690ΒΤ-ΞΝΗ,2025-09-24,ΤΑΚΤΙΚΕΣ ΕΦΗΜΕΡΙΕΣ   ΑΥΓΟΥΣΤΟΥ  /2025   ΑΓΡΟΤΙΚΟΙ ΙΑΤΡΟΙ,,,,no sponsor block
9ΕΕΖ4690ΒΤ-ΣΚΨ,2025-09-24,ΤΑΚΤΙΚΕΣ ΕΦΗΜΕΡΙΕΣ   ΑΥΓΟΥΣΤΟΥ  /2025    ΕΠΙΚΟΥΡΙΚΟΙ  Ε.Σ.Υ,,,,no sponsor block
9Π7Ζ4690ΒΤ-ΕΙΩ,2025-09-24,ΤΑΚΤΙΚΕΣ ΕΦΗΜΕΡΙΕΣ   ΑΥΓΟΥΣΤΟΥ  /2025   ΓΙΑΤΡΟΙ Ε.Σ.Υ  ΕΙΔΙΚ/ΝΟΙ,,,,no sponsor block
6ΖΟΕ4690ΒΤ-Ν22,2025-09-24,ΤΑΚΤΙΚΕΣ ΕΦΗΜΕΡΙΕΣ   ΑΥΓΟΥΣΤΟΥ  /2025    ΕΠΙΚΟΥΡΙΚΟΙ  Ε.Σ.Υ,,,,no sponsor block
6Ι9Ρ4690ΒΤ-8Ξ6,2025-09-24,ΤΑΚΤΙΚΕΣ ΕΦΗΜΕΡΙΕΣ   ΑΥΓΟΥΣΤΟΥ  /2025   ΓΙΑΤΡΟΙ Ε.Σ.Υ,,,,no sponsor block
9Φ3Μ4690ΒΤ-6ΗΓ,2025-09-23,ΑΠΟΔΟΣΗ ΚΡΑΤΗΣΕΩΝ ΑΠΟ ΠΛΗΡΩΜΗ ΜΕΣΩ ΕΑΠ ΓΙΑ ΑΠΟΓΕΥΜΑΤΙΝΑ ΙΑΤΡΕΙΑ ΜΗΝΟΣ ΣΕΠΤΕΜΒΡΙΟΥ 2025,,,,no sponsor block
ΨΑ2Κ4690ΒΤ-8ΞΣ,2025-09-23,ΑΠΟΔΟΣΗ ΚΡΑΤΗΣΕΩΝ ΑΠΟ ΠΛΗΡΩΜΗ ΜΕΣΩ ΕΑΠ ΜΗΝΟΣ  ΣΕΠΤΕΜΒΡΙΟΥ 2025,,,,no sponsor block
97ΡΙ4690ΒΤ-ΥΕΥ,2025-09-19,ΓΙΑ ΤΗΝ ΑΞΙΑ ΠΛΗΡΩΜΗΣ ΟΔΟΙΠΟΡΙΚΩΝ ΕΞΟΔΩΝ ΚΑΙ ΗΜΕΡΗΣΙΑΣ ΑΠΟΖΗΜΙΩΣΗΣ ΥΠΑΛΛΗΛΩΝ Γ.Ν.ΚΑΤΕΡΙΝΗΣ,,,,no sponsor block
ΨΙΣ74690ΒΤ-Β1Ξ,2025-09-19,ΓΙΑ ΤΗΝ ΑΞΙΑ ΠΛΗΡΩΜΗΣ ΟΔΟΙΠΟΡΙΚΩΝ ΕΞΟΔΩΝ ΚΑΙ ΗΜΕΡΗΣΙΑΣ ΑΠΟΖΗΜΙΩΣΗΣ ΥΠΑΛΛΗΛΩΝ Γ.Ν.ΚΑΤΕΡΙΝΗΣ,,,,no sponsor block
Ρ4ΠΠ4690ΒΤ-ΙΤ0,2025-09-18,ΠΡΟΣΘΕΤΕΣ  ΕΦΗΜΕΡΙΕΣ ΑΠΡΙΛΙΟΥ/2025 ΓΙΑΤΡΟΙ Ε.Σ.Υ   ΤΟΥ Ψ/Τ,,,,no sponsor block
9ΨΑ14690ΒΤ-Ρ1Δ,2025-09-18,ΠΡΟΣΘΕΤΕΣ  ΕΦΗΜΕΡΙΕΣ ΑΠΡΙΛΙΟΥ/2025 ΓΙΑΤΡΟΙ Ε.Σ.Υ  ΕΙΔΙΚ/ΝΟΙ ΤΟΥ Ψ/Τ,,,,no sponsor block
Ψ2ΕΤ4690ΒΤ-4Ψ8,2025-09-18,ΠΡΟΣΘΕΤΕΣ  ΕΦΗΜΕΡΙΕΣ ΑΠΡΙΛΙΟΥ/2025 ΓΙΑΤΡΟΙ Ε.Σ.Υ  ΤΟΥ Κ.Ψ.ΥΓΕΙΑΣ,,,,no sponsor block
9ΤΩΔ4690ΒΤ-ΠΤΗ,2025-09-18,ΠΡΟΣΘΕΤΕΣ  ΕΦΗΜΕΡΙΕΣ ΑΠΡΙΛΙΟΥ/2025 ΓΙΑΤΡΟΙ Ε.Σ.Υ,,,,no sponsor block
9ΛΙ24690ΒΤ-ΦΞ1,2025-09-18,ΠΡΟΣΘΕΤΕΣ  ΕΦΗΜΕΡΙΕΣ ΑΠΡΙΛΙΟΥ/2025  ΕΠΙΚΟΥΡΙΚΟΙ   Ε.Σ.Υ,,,,no sponsor block
ΨΡΠΥ4690ΒΤ-ΓΛΣ,2025-09-18,ΠΡΟΣΘΕΤΕΣ  ΕΦΗΜΕΡΙΕΣ ΑΠΡΙΛΙΟΥ/2025  ΕΠΙΚΟΥΡΙΚΟΙ     Ε.Σ.Υ,,,,no sponsor block
ΨΕΕΖ4690ΒΤ-ΑΡΩ,2025-09-18,ΠΡΟΣΘΕΤΕΣ  ΕΦΗΜΕΡΙΕΣ ΑΠΡΙΛΙΟΥ/2025 ΓΙΑΤΡΟΙ Ε.Σ.Υ   ΕΙΔΙΚ/ΝΟΙ,,,,no sponsor block
ΡΩ144690ΒΤ-ΥΡ5,2025-09-11,ΠΡΟΜΗΘΕΙΑ ΥΓΕΙΟΝΟΜΙΚΟΥ ΥΛΙΚΟΥ/2024   (  24REQ015234345  )  CPV 33140000-3,999640490,ΔΟΥΡΜΟΥΣΟΓΛΟΥ ΑΝΩΝΥΜΗ ΕΜΠΟΡΙΚΗ ΒΙΟΜΗΧΑΝΙΚΗ ΕΤΑΙΡΕΙΑ ΙΑΤΡΙΚΩΝ ΕΙΔΩΝ,-3261.20,negative amount
ΨΧΕ94690ΒΤ-ΝΥΜ,2025-09-09,ΣΥΜΠΛΗΡΩΜΑΤΙΚΗ  8ου/2025  12μηνα  Ο.Α.Ε.Δ ΔΗΜ.ΠΡΟΣΚΛΗΣΗ  3/2025  ΓΙΑ ΕΡΓΟΔΟΤΙΚΗ ΕΙΣΦΟΡΑ ΚΑΤΑΣΚΗΝΩΣΕΩΝ,,,,no sponsor block
93ΩΑ4690ΒΤ-ΘΘΓ,2025-09-09,ΣΥΜΠΛΗΡΩΜΑΤΙΚΗ  8ου/2025  12μηνα  Ο.Α.Ε.Δ ΔΗΜ.ΠΡΟΣΚΛΗΣΗ  10/2017  ΓΙΑ ΕΡΓΟΔΟΤΙΚΗ ΕΙΣΦΟΡΑ ΚΑΤΑΣΚΗΝΩΣΕΩΝ,,,,no sponsor block
9Γ3Μ4690ΒΤ-2ΝΔ,2025-09-09,ΣΥΜΠΛΗΡΩΜΑΤΙΚΗ  8ου/2025  12μηνα  Ο.Α.Ε.Δ ΔΗΜ.ΠΡΟΣΚΛΗΣΗ  13/2016 ΓΙΑ ΕΡΓΟΔΟΤΙΚΗ ΕΙΣΦΟΡΑ ΚΑΤΑΣΚΗΝΩΣΕΩΝ,,,,no sponsor block
990Ο4690ΒΤ-ΔΥΤ,2025-09-09,ΠΡΟΣΘΕΤΕΣ ΑΜΟΙΒΕΣ  ΙΟΥΛΙΟΥ   /2025   12 ΜΗΝΑ Ο.Α.Ε.Δ ΔΗΜ.ΠΡΟΣΚΛΗΣΗ  Νο  10/2017,,,,no sponsor block
Ψ8ΤΨ4690ΒΤ-0Φ6,2025-09-09,ΠΡΟΣΘΕΤΕΣ ΑΜΟΙΒΕΣ  ΙΟΥΛΙΟΥ  /2025   12 ΜΗΝΑ Ο.Α.Ε.Δ ΔΗΜ.ΠΡΟΣΚΛΗΣΗ  Νο  13/2016,,,,no sponsor block
ΨΨΓΧ4690ΒΤ-Ω2Γ,2025-09-09,ΤΑΚΤΙΚΗ ΜΙΣΘΟΔΟΣΙΑ   ΑΥΓΟΥΣΤΟΥ  /2025  12 ΜΗΝΑ Ο.Α.Ε.Δ   ΔΗΜ.ΠΡΟΣΚΛΗΣΗ    Νο 3/2025,,,,no sponsor block
68Κ44690ΒΤ-Η28,2025-09-09,ΤΑΚΤΙΚΗ ΜΙΣΘΟΔΟΣΙΑ   ΑΥΓΟΥΣΤΟΥ  /2025  12 ΜΗΝΑ Ο.Α.Ε.Δ   ΔΗΜ.ΠΡΟΣΚΛΗΣΗ    Νο 10/2017,,,,no sponsor block
6ΣΥΜ4690ΒΤ-ΦΧΧ,2025-09-09,ΤΑΚΤΙΚΗ ΜΙΣΘΟΔΟΣΙΑ  ΑΥΓΟΥΣΤΟΥ  /2025  12 ΜΗΝΑ Ο.Α.Ε.Δ   ΔΗΜ.ΠΡΟΣΚΛΗΣΗ    Νο 13/2016,,,,no sponsor block
Ψ6364690ΒΤ-ΞΧΞ,2025-09-09,ΠΛΗΡΩΜΗ ΠΡΟΣΩΠΙΚΟΥ ΑΠΟ ΤΗΝ ΟΛΟΗΜΕΡΗ ΛΕΙΤΟΥΡΓΙΑ ΤΟΥ ΝΟΣΟΚΟΜΕΙΟ ΜΗΝΟΣ  ΙΟΥΛΙΟΥ   2025,,,,no sponsor block
99Β24690ΒΤ-1ΕΓ,2025-09-09,ΠΛΗΡΩΜΗ ΙΑΤΡΩΝ ΓΙΑ ΤΗΝ ΟΛΟΗΜΕΡΗ ΛΕΙΤΟΥΡΓΙΑ ΤΟΥ ΝΟΣΟΚΟΜΕΙΟΥ ΜΗΝΟΣ  ΙΟΥΛΙΟΥ  2025,,,,no sponsor block
ΨΤΠ74690ΒΤ-ΥΚ5,2025-09-09,ΜΙΣΘΟΛΟΓΙΚΗ ΚΑΤΑΣΤΑΣΗ ΙΑΤΡΩΝ ΑΠΕΙΚΟΝΙΣΤΙΚΟΥ ΕΡΓΑΣΤΗΡΙΟΥ ΜΗΝΟΣ  ΙΟΥΛΙΟΥ 2025,,,,no sponsor block
Ψ50Μ4690ΒΤ-0Ω1,2025-09-09,ΜΙΣΘΟΛΟΓΙΚΗ ΚΑΤΑΣΤΑΣΗ ΤΕΧΝΟΛΟΓΩΝ ΑΠΕΙΚΟΝΙΣΤΙΚΟΥ ΕΡΓΑΣΤΗΡΙΟΥ ΜΗΝΟΣ   ΙΟΥΛΙΟΥ  2025,,,,no sponsor block
ΨΓ3Τ4690ΒΤ-ΑΛΞ,2026-07-03,ΧΕ-1642 ΣΕΙΡΑ Α/2026 ΤΑΚΤΙΚΕΣ ΕΦΗΜΕΡΙΕΣ 3ου/2026 ΓΙΑΤΡΟΙ Ε.Σ.Υ ΕΙΔΙΚ/ΝΟΙ  ΤΟΥ Ψ/Τ,,,,no sponsor block
9ΚΕΝ4690ΒΤ-ΡΨΨ,2026-07-01,ΧΕ-1605 ΣΕΙΡΑ Α/2026 ΑΠΟΔΟΣΗ ΚΡΑΤΗΣΕΩΝ ΑΠΟ ΠΛΗΡΩΜΗ ΠΡΟΜΗΘΕΥΤΩΝ ΜΗΝΟΣ ΙΟΥΝΙΟΥ 2026,999825956,ΚΡΑΤΗΣΕΙΣ ΥΠΕΡ Δ.Ο.Υ.- ΤΡΑΠΕΖΩΝ,120525.33,self-referential (payroll/EFKA/FMY remittance)
9ΖΠΟ4690ΒΤ-ΖΕΠ,2026-07-01,ΧΕ-1604 ΣΕΙΡΑ Α/2026 ΑΠΟΖΗΜΙΩΣΗ ΗΜΕΡΩΝ ΕΦΗΜΕΡΙΑΣ ΕΠΙΣΤΗΜΟΝΙΚΟ ΠΡΟΣΩΠ   Ι.Δ   Ν.Δ 1057/80  5ος/26  του Ψ/Τ,,,,no sponsor block
91Τ14690ΒΤ-ΜΑ3,2026-07-01,ΧΕ-1603 ΣΕΙΡΑ Α/2026 ΑΠΟΖΗΜΙΩΣΗ ΗΜΕΡΩΝ ΕΦΗΜΕΡΙΑΣ ΕΠΙΣΤΗΜΟΝΙΚΟ ΠΡΟΣΩΠ. 5ος/26  του Ψ/Τ,,,,no sponsor block
9Μ3Ψ4690ΒΤ-ΙΙΙ,2026-07-01,ΧΕ-1602 ΣΕΙΡΑ Α/2026 ΑΠΟΖΗΜΙΩΣΗ ΗΜΕΡΩΝ ΕΦΗΜΕΡΙΑΣ ΕΠΙΣΤΗΜΟΝΙΚΟ ΠΡΟΣΩΠ. 5ος/26  του Κ.Ψ.ΥΓΕΙΑΣ,,,,no sponsor block
ΨΥ0Α4690ΒΤ-ΚΧΗ,2026-07-01,ΧΕ-1601 ΣΕΙΡΑ Α/2026 ΠΡΟΣΘΕΤΕΣ ΑΜΟΙΒΕΣ  5ου/26      ΤΕΧΝΙΚΟ ΠΡΟΣΩΠΙΚΟ    ΤΟΥ Ψ/Τ,,,,no sponsor block
ΨΩ6Η4690ΒΤ-3ΣΥ,2026-07-01,ΧΕ-1600 ΣΕΙΡΑ Α/2026 ΠΡΟΣΘΕΤΕΣ ΑΜΟΙΒΕΣ  5ου/26      ΜΟΝΙΜΟ ΔΟΚΙΜΟ-ΒΟΗΘ.  ΠΡΟΣΩΠΙΚΟ    ΤΟΥ Ψ/Τ,,,,no sponsor block
ΨΜΑ64690ΒΤ-ΠΝΖ,2026-07-01,ΧΕ-1599 ΣΕΙΡΑ Α/2026 ΠΡΟΣΘΕΤΕΣ ΑΜΟΙΒΕΣ  5ου/26      ΝΟΣΗΛΕΥΤΙΚΟ ΠΡΟΣΩΠΙΚΟ  Ν.Δ  1057/80  ΤΟΥ Ψ/Τ,,,,no sponsor block
98Υ74690ΒΤ-0ΕΛ,2026-07-01,ΧΕ-1598 ΣΕΙΡΑ Α/2026 ΠΡΟΣΘΕΤΕΣ ΑΜΟΙΒΕΣ  5ου/26      ΝΕΟΠΡΟΣΛΑΜΒΑΝΟΜΕΝΟΙ  Ο.Α.Ε.Δ   ΤΟΥ Ψ/Τ,,,,no sponsor block
ΨΖ824690ΒΤ-ΓΡΓ,2026-07-01,ΧΕ-1597 ΣΕΙΡΑ Α/2026 ΠΡΟΣΘΕΤΕΣ ΑΜΟΙΒΕΣ  5ου/26      ΠΡΟΣΩΠ.   ΕΠΙ ΣΧΕΣΕΙ ΕΡΓΑΣΙΑΣ   ΤΟΥ Ψ/Τ,,,,no sponsor block
Ψ2ΘΙ4690ΒΤ-284,2026-07-01,ΧΕ-1596 ΣΕΙΡΑ Α/2026 ΠΡΟΣΘΕΤΕΣ ΑΜΟΙΒΕΣ  5ου/26    ΕΠΙΚΟΥΡΙΚΟ   ΠΡΟΣΩΠ.    ΤΟΥ Ψ/Τ,,,,no sponsor block
6Μ364690ΒΤ-0ΗΧ,2026-07-01,ΧΕ-1595 ΣΕΙΡΑ Α/2026 ΠΡΟΣΘΕΤΕΣ ΑΜΟΙΒΕΣ  5ου/26    ΕΠΙΚΟΥΡΙΚΟ   ΠΡΟΣΩΠ. ΤΡΙΜΗΝΑ  COVID   ΤΟΥ Ψ/Τ,,,,no sponsor block
ΨΧΑΝ4690ΒΤ-3Κ7,2026-07-01,ΧΕ-1594 ΣΕΙΡΑ Α/2026 ΠΡΟΣΘΕΤΕΣ ΑΜΟΙΒΕΣ  5ου/26    ΝΟΣΗΛΕΥΤΙΚΟ  ΠΡΟΣΩΠ  ΤΟΥ Ψ/Τ,,,,no sponsor block
9Ι674690ΒΤ-Κ2Ρ,2026-06-30,ΧΕ-1591 ΣΕΙΡΑ Α/2026 ΑΠΟΖΗΜΙΩΣΗ ΗΜΕΡΩΝ ΕΦΗΜΕΡΙΑΣ    5ου/26   ΕΠΙΣΤΗΜΟΝΙΚΟ ΠΡΟΣΩΠΙΚΟ,,,,no sponsor block
ΨΗ1Τ4690ΒΤ-3Η5,2026-06-30,ΧΕ-1590 ΣΕΙΡΑ Α/2026 ΑΠΟΖΗΜΙΩΣΗ ΗΜΕΡΩΝ ΕΦΗΜΕΡΙΑΣ    5ου/26   ΕΠΙΣΤΗΜΟΝΙΚΟ ΠΡΟΣΩΠΙΚΟ,,,,no sponsor block
Ψ2ΙΔ4690ΒΤ-ΠΘ6,2026-06-30,ΧΕ-1589 ΣΕΙΡΑ Α/2026 ΑΠΟΖΗΜΙΩΣΗ ΗΜΕΡΩΝ ΕΦΗΜΕΡΙΑΣ    5ου/26   ΕΠΙΣΤΗΜΟΝΙΚΟ ΠΡΟΣΩΠΙΚΟ,,,,no sponsor block
ΨΞΥ84690ΒΤ-Ω3Ρ,2026-06-30,ΧΕ-1588 ΣΕΙΡΑ Α/2026 ΠΡΟΣΘΕΤΕΣ ΑΜΟΙΒΕΣ   5ου/26  Ο.Α.Ε.Δ ΚΟΙΝΩΦΕΛΟΥΣ ΕΡΓΑΣΙΑΣ,,,,no sponsor block
6ΜΖ14690ΒΤ-ΒΞΠ,2026-07-01,ΧΕ-1587 ΣΕΙΡΑ Α/2026 ΠΡΟΣΘΕΤΕΣ ΑΜΟΙΒΕΣ  5ου/26   ΜΟΝΙΜΟ-ΔΟΚΙΜΟ ΒΟΗΘ. ΠΡΟΣΩΠΙΚΟ,,,,no sponsor block
ΨΜΩΩ4690ΒΤ-ΜΥΤ,2026-07-01,ΧΕ-1586 ΣΕΙΡΑ Α/2026 ΠΡΟΣΘΕΤΕΣ ΑΜΟΙΒΕΣ  5ου/26   ΑΠΟΣΠΑΣΜΕΝΟΙ,,,,no sponsor block
ΨΦΥΥ4690ΒΤ-9Φ4,2026-07-01,ΧΕ-1585 ΣΕΙΡΑ Α/2026 ΠΡΟΣΘΕΤΕΣ ΑΜΟΙΒΕΣ  5ου/26   ΝΟΣΗΛΕΥΤΙΚΟ  ΠΡΟΣΩΠΙΚΟ  Ν.Δ 1057/80,,,,no sponsor block
9ΛΒΥ4690ΒΤ-Κ9Ο,2026-07-01,ΧΕ-1584 ΣΕΙΡΑ Α/2026 ΠΡΟΣΘΕΤΕΣ ΑΜΟΙΒΕΣ  5ου/26    ΠΡΟΣΩΠΙΚΟ ΕΠΙ ΣΧΕΣΕΙ ΕΡΓΑΣΙΑΣ Ι.Δ.Α.Χ,,,,no sponsor block
ΨΣΝΧ4690ΒΤ-Χ5Υ,2026-07-01,ΧΕ-1583 ΣΕΙΡΑ Α/2026 ΠΡΟΣΘΕΤΕΣ ΑΜΟΙΒΕΣ  5ου/26    ΠΡΟΣΩΠΙΚΟ Ι.Δ  Ν.2470/96,,,,no sponsor block
6Τ8Ψ4690ΒΤ-ΧΣΚ,2026-07-01,ΧΕ-1582 ΣΕΙΡΑ Α/2026 ΠΡΟΣΘΕΤΕΣ ΑΜΟΙΒΕΣ  5ου/26    ΝΕΟΠΡΟΣΛΑΜΒΑΝΟΜΕΝΟΙ  Ο.Α.Ε.Δ ( Π ),,,,no sponsor block
6ΣΕ24690ΒΤ-740,2026-07-01,ΧΕ-1581 ΣΕΙΡΑ Α/2026 ΠΡΟΣΘΕΤΕΣ ΑΜΟΙΒΕΣ  5ου/26    ΝΕΟΠΡΟΣΛΑΜΒΑΝΟΜΕΝΟΙ  Ο.Α.Ε.Δ ( Ν ),,,,no sponsor block
Ρ2ΞΩ4690ΒΤ-Λ5Γ,2026-06-30,ΧΕ-1580 ΣΕΙΡΑ Α/2026 ΠΡΟΣΘΕΤΕΣ ΑΜΟΙΒΕΣ  5ου/26    ΔΙΟΙΚΗΤΙΚΟ  .ΠΡΟΣΩΠ,,,,no sponsor block
Ψ0ΩΜ4690ΒΤ-7ΜΦ,2026-06-30,ΧΕ-1579 ΣΕΙΡΑ Α/2026 ΠΡΟΣΘΕΤΕΣ ΑΜΟΙΒΕΣ  5ου/26    ΜΟΝΙΜΟ ΔΟΚΙΜΟ .ΠΡΟΣΩΠ  ΕΙΔ. ΘΕΣΕΩΝ,,,,no sponsor block
9ΡΤ24690ΒΤ-3Ρ7,2026-06-30,ΧΕ-1578 ΣΕΙΡΑ Α/2026 ΠΡΟΣΘΕΤΕΣ ΑΜΟΙΒΕΣ  5ου/26    ΕΠΙΚΟΥΡΙΚΟ .ΠΡΟΣΩΠ,,,,no sponsor block
ΡΚΞΛ4690ΒΤ-ΗΣΓ,2026-06-30,ΧΕ-1577 ΣΕΙΡΑ Α/2026,,,,no sponsor block
Ρ0ΗΗ4690ΒΤ-9ΦΔ,2026-06-30,ΧΕ-1576 ΣΕΙΡΑ Α/2026 ΠΡΟΣΘΕΤΕΣ ΑΜΟΙΒΕΣ  5ου/26    ΕΠΙΚΟΥΡΙΚΟ .ΠΡΟΣΩΠ  COVID,,,,no sponsor block
9ΑΥΩ4690ΒΤ-ΔΓ8,2026-06-30,ΧΕ-1575 ΣΕΙΡΑ Α/2026 ΠΡΟΣΘΕΤΕΣ ΑΜΟΙΒΕΣ  5ου/26   ΝΟΣΗΛΕΥΤΙΚΟ.ΠΡΟΣΩΠ,,,,no sponsor block
ΨΞ6Α4690ΒΤ-Γ5Ω,2026-06-30,ΧΕ-1574 ΣΕΙΡΑ Α/2026 ΤΑΚΤΙΚΕΣ ΕΦΗΜΕΡΙΕΣ 5ου / 26  ΓΙΑΤΡΟΙ   Ε.Σ.Υ   ΕΙΔΙΚ/ΝΟΙ  ΤΟΥ  Κ.Ψ.ΥΓΕΙΑΣ,,,,no sponsor block
6ΤΨΚ4690ΒΤ-ΥΑΛ,2026-06-30,ΧΕ-1573 ΣΕΙΡΑ Α/2026 ΤΑΚΤΙΚΕΣ ΕΦΗΜΕΡΙΕΣ 5ου / 26  ΓΙΑΤΡΟΙ   Ε.Σ.Υ   ΕΙΔΙΚ/ΝΟΙ  ΤΟΥ Ψ/Τ,,,,no sponsor block
6Δ564690ΒΤ-186,2026-06-30,ΧΕ-1572 ΣΕΙΡΑ Α/2026 ΤΑΚΤΙΚΕΣ ΕΦΗΜΕΡΙΕΣ 5ου / 26  ΓΙΑΤΡΟΙ   Ε.Σ.Υ  ΤΟΥ Ψ/Τ,,,,no sponsor block
ΨΞΒΗ4690ΒΤ-0ΞΙ,2026-06-30,ΧΕ-1571 ΣΕΙΡΑ Α/2026 ΤΑΚΤΙΚΕΣ ΕΦΗΜΕΡΙΕΣ 5ου / 26  ΕΠΙΚΟΥΡΙΚΟΙ   Ε.Σ.Υ,,,,no sponsor block
ΨΘΖΘ4690ΒΤ-ΣΜ2,2026-06-30,ΧΕ-1570 ΣΕΙΡΑ Α/2026 ΤΑΚΤΙΚΕΣ ΕΦΗΜΕΡΙΕΣ 5ου / 26  ΓΙΑΤΡΟΙ   Ε.Σ.Υ ΕΙΔΙΚ/ΝΟΙ,,,,no sponsor block
98ΗΞ4690ΒΤ-Ο3Ο,2026-06-30,ΧΕ-1569 ΣΕΙΡΑ Α/2026 ΤΑΚΤΙΚΕΣ ΕΦΗΜΕΡΙΕΣ 5ου / 26  ΕΠΙΚΟΥΡΙΚΟΙ  Ε.Σ.Υ COVID,,,,no sponsor block
94Μ84690ΒΤ-ΝΕΡ,2026-06-30,ΧΕ-1568 ΣΕΙΡΑ Α/2026 ΤΑΚΤΙΚΕΣ ΕΦΗΜΕΡΙΕΣ 5ου / 26  ΓΙΑΤΡΟΙ Ε.Σ.Υ,,,,no sponsor block
9Θ504690ΒΤ-ΠΝΤ,2026-06-30,ΧΕ-1567 ΣΕΙΡΑ Α/2026 Εκκαθάριση Αποζημίωσης 12ος /2025 Μετεχόντων στο Πρόγραμμα  ΠΡΟΛΑΜΒΑΝΩ  ( ΔΟΞΙΑΔΗ ),,,,no sponsor block
ΨΙ244690ΒΤ-02Λ,2026-06-30,ΧΕ-1566 ΣΕΙΡΑ Α/2026 Εκκαθάριση Αποζημίωσης 12ος /2025 Μετεχόντων στο Πρόγραμμα  ΠΡΟΛΑΜΒΑΝΩ  ( ΔΟΞΙΑΔΗ ),,,,no sponsor block
6ΖΨΠ4690ΒΤ-3ΣΠ,2026-06-30,ΧΕ-1565 ΣΕΙΡΑ Α/2026 ΑΝΑΔΡΟΜΙΚΑ ΜΙΣΘΟΛΟΓΙΟΥ ΑΠΟ 1-4-26 ΕΩΣ 30-4-26,,,,no sponsor block
ΨΔΕ24690ΒΤ-ΨΘΞ,2026-06-30,ΧΕ-1564 ΣΕΙΡΑ Α/2026 ΑΝΑΔΡΟΜΙΚΑ ΜΙΣΘΟΛΟΓΙΟΥ ΑΠΟ 1-4-26 ΕΩΣ 30-4-26,,,,no sponsor block
9Ρ0Χ4690ΒΤ-0ΔΛ,2026-06-30,ΧΕ-1563 ΣΕΙΡΑ Α/2026 ΑΝΑΔΡΟΜΙΚΑ ΜΙΣΘΟΛΟΓΙΟΥ ΑΠΟ 1-4-26 ΕΩΣ 30-4-26,,,,no sponsor block
Ψ6Π14690ΒΤ-Υ96,2026-06-30,ΧΕ-1562 ΣΕΙΡΑ Α/2026 ΑΝΑΔΡΟΜΙΚΑ ΜΙΣΘΟΛΟΓΙΟΥ ΑΠΟ 1-4-26 ΕΩΣ 30-4-26,,,,no sponsor block
9ΚΑ54690ΒΤ-Υ16,2026-06-30,ΧΕ-1561 ΣΕΙΡΑ Α/2026 ΑΝΑΔΡΟΜΙΚΑ ΜΙΣΘΟΛΟΓΙΟΥ ΑΠΟ 1-4-26 ΕΩΣ 30-4-26,,,,no sponsor block
Ψ25Σ4690ΒΤ-ΑΚΘ,2026-06-30,ΧΕ-1560 ΣΕΙΡΑ Α/2026 ΑΝΑΔΡΟΜΙΚΑ ΜΙΣΘΟΛΟΓΙΟΥ ΑΠΟ 1-4-26 ΕΩΣ 30-4-26,,,,no sponsor block
9ΞΖΨ4690ΒΤ-ΖΤ5,2026-06-30,ΧΕ-1559 ΣΕΙΡΑ Α/2026 ΑΝΑΔΡΟΜΙΚΑ ΜΙΣΘΟΛΟΓΙΟΥ ΑΠΟ 1-4-26 ΕΩΣ 30-4-26,,,,no sponsor block
9Ξ094690ΒΤ-Λ4Φ,2026-06-30,ΧΕ-1558 ΣΕΙΡΑ Α/2026 ΑΝΑΔΡΟΜΙΚΑ ΜΙΣΘΟΛΟΓΙΟΥ ΑΠΟ 1-4-26 ΕΩΣ 30-4-26,,,,no sponsor block
ΨΝ9Δ4690ΒΤ-4ΗΡ,2026-06-30,ΧΕ-1557 ΣΕΙΡΑ Α/2026 ΤΑΚΤΙΚΗ ΜΙΣΘΟΔΟΣΙΑ ΜΕΤΑΠ/ΤΕΩΝ  6ος/2026  ΣΠΟΥΔΑΣΤΕΣ ΠΟΥ ΑΣΚΟΥΝΤΑΙ,,,,no sponsor block
9ΔΦ34690ΒΤ-ΧΦ2,2026-06-30,ΧΕ-1556 ΣΕΙΡΑ Α/2026 ΑΝΑΔΡΟΜΙΚΑ  ΜΕΤΑΠ/ΤΕΩΝ  6ος/2026  ΑΣΚΟΥΜΕΝΟΙ Ο.Α.Ε.Δ,,,,no sponsor block
9ΣΘ24690ΒΤ-1Φ4,2026-06-30,ΧΕ-1555 ΣΕΙΡΑ Α/2026 ΤΑΚΤΙΚΗ ΜΙΣΘΟΔΟΣΙΑ ΜΕΤΑΠ/ΤΕΩΝ  5ος/2026  ΑΣΚΟΥΜΕΝΟΙ Ο.Α.Ε.Δ,,,,no sponsor block
Ψ90Ω4690ΒΤ-Ω4Υ,2026-06-30,ΧΕ-1554 ΣΕΙΡΑ Α/2026 ΤΑΚΤΙΚΗ ΜΙΣΘΟΔΟΣΙΑ ΜΕΤΑΠ/ΤΕΩΝ  6ος/2026    ΑΜΙΣΘΟΙ ΤΕΕ ΔΙΕΚ,,,,no sponsor block
658Ρ4690ΒΤ-Ο17,2026-06-30,ΧΕ-1553 ΣΕΙΡΑ Α/2026 ΤΑΚΤΙΚΗ ΜΙΣΘΟΔΟΣΙΑ ΜΕΤΑΠ/ΤΕΩΝ   5oς /2026   ΑΜΙΣΘΟΙ ΤΕΕ ( ΕΠΑΛ ),,,,no sponsor block
ΨΟ9Η4690ΒΤ-ΘΚΥ,2026-06-30,ΧΕ-1552 ΣΕΙΡΑ Α/2026 ΤΑΚΤΙΚΗ ΜΙΣΘΟΔΟΣΙΑ ΜΕΤΑΠ/ΤΕΩΝ  6ος/2026  ΕΠΙΚΟΥΡΙΚΟΙ  ΠΡΟΣΩΠΙΚΟ,,,,no sponsor block
68Ω04690ΒΤ-ΚΦΠ,2026-06-30,ΧΕ-1551 ΣΕΙΡΑ Α/2026 ΤΑΚΤΙΚΗ ΜΙΣΘΟΔΟΣΙΑ ΜΕΤΑΠ/ΤΕΩΝ  6ος/2026  ΕΠΙΚΟΥΡΙΚΟΙ  Ε.Σ.Υ  COVID,,,,no sponsor block
9ΞΓ74690ΒΤ-Χ5Ν,2026-06-30,ΧΕ-1550 ΣΕΙΡΑ Α/2026 ΤΑΚΤΙΚΗ ΜΙΣΘΟΔΟΣΙΑ ΜΕΤΑΠ/ΤΕΩΝ  6ος/2026  ΕΠΙΚΟΥΡΙΚΟΙ  Ε.Σ.Υ,,,,no sponsor block
9ΕΒΧ4690ΒΤ-Φ4Θ,2026-06-30,ΧΕ-1549 ΣΕΙΡΑ Α/2026 ΤΑΚΤΙΚΗ ΜΙΣΘΟΔΟΣΙΑ ΜΕΤΑΠ/ΤΕΩΝ  6ος/2026  ΝΕΟΠΡΟΣΛΑΜΒΑΝΟΜΕΝΟΙ  Ο.Α.Ε.Δ ( Ν),,,,no sponsor block
ΨΒΛ84690ΒΤ-Ζ7Λ,2026-06-30,ΧΕ-1548 ΣΕΙΡΑ Α/2026 ΤΑΚΤΙΚΗ ΜΙΣΘΟΔΟΣΙΑ ΜΕΤΑΠ/ΤΕΩΝ  6ος/2026  ΝΕΟΠΡΟΣΛΑΜΒΑΝΟΜΕΝΟΙ  Ο.Α.Ε.Δ ( Π),,,,no sponsor block
9Λ8Τ4690ΒΤ-ΦΚ5,2026-06-30,ΧΕ-1547 ΣΕΙΡΑ Α/2026 ΑΝΑΔΡΟΜΙΚΑ  ΜΕΤΑΠ/ΤΕΩΝ  6ος/2026  ΝΕΟΠΡΟΣΛΑΜΒΑΝΟΜΕΝΟΙ  Ο.Α.Ε.Δ ( Π),,,,no sponsor block
ΨΑΟΖ4690ΒΤ-Κ9Κ,2026-06-30,ΧΕ-1546 ΣΕΙΡΑ Α/2026 ΤΑΚΤΙΚΗ ΜΙΣΘΟΔΟΣΙΑ ΜΕΤΑΠ/ΤΕΩΝ  6ος/2026  ΕΠΙΣΤΗΜΟΝΙΚΟ  ΠΡΟΣΩΠΙΚΟ,,,,no sponsor block
9ΜΗΧ4690ΒΤ-9ΓΡ,2026-06-30,ΧΕ-1545 ΣΕΙΡΑ Α/2026 ΤΑΚΤΙΚΗ ΜΙΣΘΟΔΟΣΙΑ ΜΕΤΑΠ/ΤΕΩΝ  6ος/2026  ΕΠΙΚΟΥΡΙΚΟ  ΠΡΟΣΩΠΙΚΟ ΤΡΙΜΗΝΑ  COVID,,,,no sponsor block
9ΒΨΛ4690ΒΤ-Ι30,2026-06-30,ΧΕ-1544 ΣΕΙΡΑ Α/2026 ΑΝΑΔΡΟΜΙΚΑ  ΜΕΤΑΠ/ΤΕΩΝ  6ος/2026  ΕΠΙΚΟΥΡΙΚΟ  ΠΡΟΣΩΠΙΚΟ COVID,,,,no sponsor block
ΨΞΛ54690ΒΤ-Μ2Ψ,2026-06-30,ΧΕ-1543 ΣΕΙΡΑ Α/2026 ΤΑΚΤΙΚΗ ΜΙΣΘΟΔΟΣΙΑ ΜΕΤΑΠ/ΤΕΩΝ  6ος/2026  ΕΠΙΚΟΥΡΙΚΟ  ΠΡΟΣΩΠΙΚΟ COVID,,,,no sponsor block
9ΝΝ34690ΒΤ-ΝΛΡ,2026-06-23,ΧΕ-1384 ΣΕΙΡΑ Α/2026 ΑΠΟΔΟΣΗ ΚΡΑΤΗΣΕΩΝ ΑΠΟ ΠΛΗΡΩΜΗ ΜΙΣΘΟΔΟΣΙΑΣ ΜΕΣΩ ΕΑΠ ΜΗΝΟΣ ΙΟΥΝΙΟΥ 2026 (ΜΕΣΩ ΤΑΜΕΙΟ ΑΝΑΚΑΜΨΗΣ),999825956,ΤΣΑΥ ΚΑΙ ΛΟΙΠΑ ΤΑΜΕΙΑ,2622.74,self-referential (payroll/EFKA/FMY remittance)
Ψ06Γ4690ΒΤ-ΝΧ0,2026-06-23,ΧΕ-1383 ΣΕΙΡΑ Α/2026 ΑΠΟΔΟΣΗ ΚΡΑΤΗΣΕΩΝ ΑΠΟ ΠΛΗΡΩΜΗ ΜΙΣΘΟΔΟΣΙΑΣ ΜΕΣΩ ΕΑΠ ΓΙΑ ΑΠΟΓΕΥΜΑΤΙΝΑ ΙΑΤΡΕΙΑ ΜΗΝΟΣ  2026,999825956,ΤΣΑΥ ΚΑΙ ΛΟΙΠΑ ΤΑΜΕΙΑ,105.12,self-referential (payroll/EFKA/FMY remittance)
Ψ06Γ4690ΒΤ-ΝΧ0,2026-06-23,ΧΕ-1383 ΣΕΙΡΑ Α/2026 ΑΠΟΔΟΣΗ ΚΡΑΤΗΣΕΩΝ ΑΠΟ ΠΛΗΡΩΜΗ ΜΙΣΘΟΔΟΣΙΑΣ ΜΕΣΩ ΕΑΠ ΓΙΑ ΑΠΟΓΕΥΜΑΤΙΝΑ ΙΑΤΡΕΙΑ ΜΗΝΟΣ  2026,999825956,ΤΣΑΥ ΚΑΙ ΛΟΙΠΑ ΤΑΜΕΙΑ,983.17,self-referential (payroll/EFKA/FMY remittance)
99Φ24690ΒΤ-ΩΗΒ,2026-06-23,ΧΕ-1382 ΣΕΙΡΑ Α/2026 ΑΠΟΔΟΣΗ ΚΡΑΤΗΣΕΩΝ ΑΠΟ ΠΛΗΡΩΜΗ ΜΙΣΘΟΔΟΣΙΑΣ ΜΕΣΩ ΕΑΠ ΜΗΝΟΣ ΙΟΥΝΙΟΥ 2026,999825956,ΤΣΑΥ ΚΑΙ ΛΟΙΠΑ ΤΑΜΕΙΑ,66419.01,self-referential (payroll/EFKA/FMY remittance)
99Φ24690ΒΤ-ΩΗΒ,2026-06-23,ΧΕ-1382 ΣΕΙΡΑ Α/2026 ΑΠΟΔΟΣΗ ΚΡΑΤΗΣΕΩΝ ΑΠΟ ΠΛΗΡΩΜΗ ΜΙΣΘΟΔΟΣΙΑΣ ΜΕΣΩ ΕΑΠ ΜΗΝΟΣ ΙΟΥΝΙΟΥ 2026,999825956,ΤΣΑΥ ΚΑΙ ΛΟΙΠΑ ΤΑΜΕΙΑ,4081.29,self-referential (payroll/EFKA/FMY remittance)
99Φ24690ΒΤ-ΩΗΒ,2026-06-23,ΧΕ-1382 ΣΕΙΡΑ Α/2026 ΑΠΟΔΟΣΗ ΚΡΑΤΗΣΕΩΝ ΑΠΟ ΠΛΗΡΩΜΗ ΜΙΣΘΟΔΟΣΙΑΣ ΜΕΣΩ ΕΑΠ ΜΗΝΟΣ ΙΟΥΝΙΟΥ 2026,999825956,ΤΣΑΥ ΚΑΙ ΛΟΙΠΑ ΤΑΜΕΙΑ,73661.15,self-referential (payroll/EFKA/FMY remittance)
9Μ144690ΒΤ-Ι02,2026-06-19,ΧΕ-1343 ΣΕΙΡΑ Α/2026 Εκκαθάριση Αποζημίωσης 11ος /2025 Μετεχόντων στο Πρόγραμμα  ΠΡΟΛΑΜΒΑΝΩ  ( ΔΟΞΙΑΔΗ ),,,,no sponsor block
ΨΑΨ54690ΒΤ-ΠΓ8,2026-06-19,ΧΕ-1342 ΣΕΙΡΑ Α/2026 Εκκαθάριση Αποζημίωσης 11ος /2025 Μετεχόντων στο Πρόγραμμα  ΠΡΟΛΑΜΒΑΝΩ  ( ΔΟΞΙΑΔΗ ),,,,no sponsor block
9ΝΠΤ4690ΒΤ-Σ6Α,2026-06-19,ΧΕ-1341 ΣΕΙΡΑ Α/2026 Εκκαθάριση Αποζημίωσης 10ος /2025 Μετεχόντων στο Πρόγραμμα  ΠΡΟΛΑΜΒΑΝΩ  ( ΔΟΞΙΑΔΗ ),,,,no sponsor block
6ΝΘΘ4690ΒΤ-0Ψ4,2026-06-19,ΧΕ-1340 ΣΕΙΡΑ Α/2026 Εκκαθάριση Αποζημίωσης 10ος /2025 Μετεχόντων στο Πρόγραμμα  ΠΡΟΛΑΜΒΑΝΩ  ( ΔΟΞΙΑΔΗ ),,,,no sponsor block
ΨΥΥΝ4690ΒΤ-Ρ91,2026-06-19,ΧΕ-1339 ΣΕΙΡΑ Α/2026 Εκκαθάριση Αποζημίωσης 9ος /2025 Μετεχόντων στο Πρόγραμμα  ΠΡΟΛΑΜΒΑΝΩ  ( ΔΟΞΙΑΔΗ ),,,,no sponsor block
Ψ6Ψ94690ΒΤ-Φ2Γ,2026-06-19,ΧΕ-1338 ΣΕΙΡΑ Α/2026 Εκκαθάριση Αποζημίωσης 9ος /2025 Μετεχόντων στο Πρόγραμμα  ΠΡΟΛΑΜΒΑΝΩ  ( ΔΟΞΙΑΔΗ ),,,,no sponsor block
95144690ΒΤ-ΠΚ1,2026-06-19,ΧΕ-1337 ΣΕΙΡΑ Α/2026 Εκκαθάριση Αποζημίωσης 8ος /2025 Μετεχόντων στο Πρόγραμμα  ΠΡΟΛΑΜΒΑΝΩ  ( ΔΟΞΙΑΔΗ ),,,,no sponsor block
ΨΦΗΘ4690ΒΤ-9ΑΣ,2026-06-19,ΧΕ-1336 ΣΕΙΡΑ Α/2026 Εκκαθάριση Αποζημίωσης 8ος /2025 Μετεχόντων στο Πρόγραμμα  ΠΡΟΛΑΜΒΑΝΩ  ( ΔΟΞΙΑΔΗ ),,,,no sponsor block
ΨΠΤΘ4690ΒΤ-1Ι8,2026-06-19,ΧΕ-1335 ΣΕΙΡΑ Α/2026 Εκκαθάριση Αποζημίωσης 8ος /2025 Μετεχόντων στο Πρόγραμμα  ΠΡΟΛΑΜΒΑΝΩ  ( ΔΟΞΙΑΔΗ ),,,,no sponsor block
ΡΕ2Ε4690ΒΤ-ΘΓΖ,2026-06-19,ΧΕ-1334 ΣΕΙΡΑ Α/2026 Εκκαθάριση Αποζημίωσης 7ος /2025 Μετεχόντων στο Πρόγραμμα  ΠΡΟΛΑΜΒΑΝΩ  ( ΔΟΞΙΑΔΗ ),,,,no sponsor block
9Α0Ο4690ΒΤ-3ΦΓ,2026-06-19,ΧΕ-1333 ΣΕΙΡΑ Α/2026 Εκκαθάριση Αποζημίωσης 7ος /2025 Μετεχόντων στο Πρόγραμμα  ΠΡΟΛΑΜΒΑΝΩ  ( ΔΟΞΙΑΔΗ ),,,,no sponsor block
96ΙΑ4690ΒΤ-Ψ0Α,2026-06-19,ΧΕ-1332 ΣΕΙΡΑ Α/2026 Εκκαθάριση Αποζημίωσης 6ος /2025 Μετεχόντων στο Πρόγραμμα  ΠΡΟΛΑΜΒΑΝΩ  ( ΔΟΞΙΑΔΗ ),,,,no sponsor block
Ρ7ΝΨ4690ΒΤ-ΒΛΘ,2026-06-19,ΧΕ-1331 ΣΕΙΡΑ Α/2026 Εκκαθάριση Αποζημίωσης 6ος /2025 Μετεχόντων στο Πρόγραμμα  ΠΡΟΛΑΜΒΑΝΩ  ( ΔΟΞΙΑΔΗ ),,,,no sponsor block
ΨΙΧ14690ΒΤ-4Χ7,2026-06-19,ΧΕ-1330 ΣΕΙΡΑ Α/2026 Εκκαθάριση Αποζημίωσης 5ος /2025 Μετεχόντων στο Πρόγραμμα  ΠΡΟΛΑΜΒΑΝΩ  ( ΔΟΞΙΑΔΗ ),,,,no sponsor block
9ΡΟ64690ΒΤ-54Η,2026-06-19,ΧΕ-1329 ΣΕΙΡΑ Α/2026 Εκκαθάριση Αποζημίωσης 5ος /2025 Μετεχόντων στο Πρόγραμμα  ΠΡΟΛΑΜΒΑΝΩ  ( ΔΟΞΙΑΔΗ ),,,,no sponsor block
ΡΕΟ34690ΒΤ-3ΛΦ,2026-06-19,ΧΕ-1328 ΣΕΙΡΑ Α/2026 Εκκαθάριση Αποζημίωσης 4ος /2025 Μετεχόντων στο Πρόγραμμα  ΠΡΟΛΑΜΒΑΝΩ  ( ΔΟΞΙΑΔΗ ),,,,no sponsor block
ΨΙΦΨ4690ΒΤ-ΚΟ9,2026-06-19,ΧΕ-1327 ΣΕΙΡΑ Α/2026 Εκκαθάριση Αποζημίωσης 4ος /2025 Μετεχόντων στο Πρόγραμμα  ΠΡΟΛΑΜΒΑΝΩ  ( ΔΟΞΙΑΔΗ ),,,,no sponsor block
63ΘΣ4690ΒΤ-9ΛΘ,2026-06-19,ΧΕ-1326 ΣΕΙΡΑ Α/2026 Εκκαθάριση Αποζημίωσης 4ος /2025 Μετεχόντων στο Πρόγραμμα  ΠΡΟΛΑΜΒΑΝΩ  ( ΔΟΞΙΑΔΗ ),,,,no sponsor block
6ΤΓΣ4690ΒΤ-Κ7Σ,2026-06-19,ΧΕ-1325 ΣΕΙΡΑ Α/2026 Εκκαθάριση Αποζημίωσης 3ος /2025 Μετεχόντων στο Πρόγραμμα  ΠΡΟΛΑΜΒΑΝΩ  ( ΔΟΞΙΑΔΗ ),,,,no sponsor block
9ΟΓΨ4690ΒΤ-Γ42,2026-06-19,ΧΕ-1324 ΣΕΙΡΑ Α/2026 Εκκαθάριση Αποζημίωσης 3ος /2025 Μετεχόντων στο Πρόγραμμα  ΠΡΟΛΑΜΒΑΝΩ  ( ΔΟΞΙΑΔΗ ),,,,no sponsor block
924Τ4690ΒΤ-Η6Ε,2026-06-19,ΧΕ-1323 ΣΕΙΡΑ Α/2026 Εκκαθάριση Αποζημίωσης 3ος /2025 Μετεχόντων στο Πρόγραμμα  ΠΡΟΛΑΜΒΑΝΩ  ( ΔΟΞΙΑΔΗ ),,,,no sponsor block
ΡΩ564690ΒΤ-Σ6Χ,2026-06-19,ΧΕ-1322 ΣΕΙΡΑ Α/2026 Εκκαθάριση Αποζημίωσης 2ος /2025 Μετεχόντων στο Πρόγραμμα  ΠΡΟΛΑΜΒΑΝΩ  ( ΔΟΞΙΑΔΗ ),,,,no sponsor block
ΡΨ8Θ4690ΒΤ-ΤΗΕ,2026-06-19,ΧΕ-1321 ΣΕΙΡΑ Α/2026 Εκκαθάριση Αποζημίωσης 2ος /2025 Μετεχόντων στο Πρόγραμμα  ΠΡΟΛΑΜΒΑΝΩ  ( ΔΟΞΙΑΔΗ ),,,,no sponsor block
ΨΝ5Θ4690ΒΤ-Η5Π,2026-06-19,ΧΕ-1320 ΣΕΙΡΑ Α/2026 Εκκαθάριση Αποζημίωσης 12ος /2024 Μετεχόντων στο Πρόγραμμα  ΠΡΟΛΑΜΒΑΝΩ  ( ΔΟΞΙΑΔΗ ),,,,no sponsor block
9ΕΖΔ4690ΒΤ-3ΧΗ,2026-06-19,ΧΕ-1319 ΣΕΙΡΑ Α/2026 Εκκαθάριση Αποζημίωσης 11ος /2024 Μετεχόντων στο Πρόγραμμα  ΠΡΟΛΑΜΒΑΝΩ  ( ΔΟΞΙΑΔΗ ),,,,no sponsor block
Ψ06Τ4690ΒΤ-5Τ2,2026-06-19,ΧΕ-1318 ΣΕΙΡΑ Α/2026 Εκκαθάριση Αποζημίωσης 10ος /2024 Μετεχόντων στο Πρόγραμμα  ΠΡΟΛΑΜΒΑΝΩ  ( ΔΟΞΙΑΔΗ ),,,,no sponsor block
Ψ12Ε4690ΒΤ-8Ν7,2026-06-19,ΧΕ-1317 ΣΕΙΡΑ Α/2026 Εκκαθάριση Αποζημίωσης 9ος /2024 Μετεχόντων στο Πρόγραμμα  ΠΡΟΛΑΜΒΑΝΩ  ( ΔΟΞΙΑΔΗ ),,,,no sponsor block
98ΔΧ4690ΒΤ-3ΡΡ,2026-06-19,ΧΕ-1316 ΣΕΙΡΑ Α/2026 Εκκαθάριση Αποζημίωσης 7ος /2024 Μετεχόντων στο Πρόγραμμα  ΠΡΟΛΑΜΒΑΝΩ  ( ΔΟΞΙΑΔΗ ),,,,no sponsor block
9ΡΞΨ4690ΒΤ-9ΚΦ,2026-06-19,ΧΕ-1315 ΣΕΙΡΑ Α/2026 Εκκαθάριση Αποζημίωσης 12ος /2024 Μετεχόντων στο Πρόγραμμα  ΠΡΟΛΑΜΒΑΝΩ  ( ΔΟΞΙΑΔΗ ) ΓΙΑΤΡΟΙ Ε,,,,no sponsor block
9Τ194690ΒΤ-71Υ,2026-06-19,ΧΕ-1314 ΣΕΙΡΑ Α/2026 Εκκαθάριση Αποζημίωσης 11ος /2024 Μετεχόντων στο Πρόγραμμα  ΠΡΟΛΑΜΒΑΝΩ  ( ΔΟΞΙΑΔΗ ) ΓΙΑΤΡΟΙ Ε.Σ,,,,no sponsor block
9Μ1Ζ4690ΒΤ-Ψ41,2026-06-19,ΧΕ-1313 ΣΕΙΡΑ Α/2026 Εκκαθάριση Αποζημίωσης  10ος /2024 Μετεχόντων στο Πρόγραμμα  ΠΡΟΛΑΜΒΑΝΩ  ( ΔΟΞΙΑΔΗ ) ΓΙΑΤΡΟΙ Ε.Σ,,,,no sponsor block
9ΥΦΚ4690ΒΤ-Κ4Β,2026-06-19,ΧΕ-1312 ΣΕΙΡΑ Α/2026 Εκκαθάριση Αποζημίωσης  9ος /2024 Μετεχόντων στο Πρόγραμμα  ΠΡΟΛΑΜΒΑΝΩ  ( ΔΟΞΙΑΔΗ ) ΓΙΑΤΡΟΙ Ε.Σ,,,,no sponsor block
9ΦΚ74690ΒΤ-ΕΑΦ,2026-06-19,ΧΕ-1311 ΣΕΙΡΑ Α/2026 Εκκαθάριση Αποζημίωσης  7ος /2024 Μετεχόντων στο Πρόγραμμα  ΠΡΟΛΑΜΒΑΝΩ  ( ΔΟΞΙΑΔΗ ) ΓΙΑΤΡΟΙ Ε.Σ.Υ,,,,no sponsor block
ΨΣΗ04690ΒΤ-ΠΧΦ,2026-06-16,ΧΕ-1241 ΣΕΙΡΑ Α/2026 ΟΔΟΙΠΟΡΙΚΑ ΕΞΟΔΑ ΚΑΙ ΗΜΕΡΗΣΙΑ ΑΠΟΖΗΜΙΩΣΗ  5ος  /2026,,,,no sponsor block
ΡΨΜΥ4690ΒΤ-ΜΩΦ,2026-06-12,ΧΕ-1216 ΣΕΙΡΑ Α/2026 ΟΔΟΙΠΟΡΙΚΑ ΕΞΟΔΑ ΚΑΙ ΗΜΕΡΗΣΙΑ ΑΠΟΖΗΜΙΩΣΗ  ΜΑΙΟΥ  /2026,,,,no sponsor block
9ΝΔΤ4690ΒΤ-8ΞΜ,2026-06-11,ΧΕ-1195 ΣΕΙΡΑ Α/2026 Τακτική μισθοδοσία  Μαιου  /2026  12 μηνα Ο.Α.Ε.Δ  Δημ.Προσκ.10/2017,,,,no sponsor block
ΡΠΝΡ4690ΒΤ-Δ11,2026-06-12,ΧΕ-1215 ΣΕΙΡΑ Α/2026 ΠΡΟΣΘΕΤΕΣ ΕΦΗΜΕΡΙΕΣ  2ου /2026   ΓΙΑΤΡΟΙ  Ε.Σ.Υ   ΤΟΥ  Ψ/ΤΟΜΕΑ,,,,no sponsor block
6ΜΡΓ4690ΒΤ-ΓΦΩ,2026-06-12,ΧΕ-1214 ΣΕΙΡΑ Α/2026 ΠΡΟΣΘΕΤΕΣ ΕΦΗΜΕΡΙΕΣ  2ου /2026   ΓΙΑΤΡΟΙ  Ε.Σ.Υ   ΤΟΥ Κ.Ψ.ΥΓΕΙΑΣ,,,,no sponsor block
9Σ4Ψ4690ΒΤ-ΛΔΧ,2026-06-12,ΧΕ-1213 ΣΕΙΡΑ Α/2026 ΠΡΟΣΘΕΤΕΣ ΕΦΗΜΕΡΙΕΣ  2ου /2026   ΓΙΑΤΡΟΙ  Ε.Σ.Υ  ΕΙΔΙΚ/ΝΟΙ,,,,no sponsor block
6ΧΑΘ4690ΒΤ-0ΤΖ,2026-06-12,ΧΕ-1212 ΣΕΙΡΑ Α/2026 ΠΡΟΣΘΕΤΕΣ ΕΦΗΜΕΡΙΕΣ  2ου /2026  ΕΠΙΚΟΥΡΙΚΟΙ Ε.Σ.Υ,,,,no sponsor block
Ψ6274690ΒΤ-Λ3Κ,2026-06-12,ΧΕ-1211 ΣΕΙΡΑ Α/2026 ΠΡΟΣΘΕΤΕΣ ΕΦΗΜΕΡΙΕΣ  2ου /2026  ΕΠΙΚΟΥΡΙΚΟΙ Ε.Σ.Υ COVID,,,,no sponsor block
Ψ63Κ4690ΒΤ-ΝΙΗ,2026-06-12,ΧΕ-1210 ΣΕΙΡΑ Α/2026 ΠΡΟΣΘΕΤΕΣ ΕΦΗΜΕΡΙΕΣ  2ου /2026 ΓΙΑΤΡΟΙ Ε.Σ.Υ,,,,no sponsor block
ΨΕ6Δ4690ΒΤ-0ΓΕ,2026-06-11,ΧΕ-1209 ΣΕΙΡΑ Α/2026 ΠΡΟΣΘΕΤΕΣ ΕΦΗΜΕΡΙΕΣ 1ου/2026   ΓΙΑΤΡΟΙ   Ε.Σ.Υ   ΕΙΔΙΚ/ΝΟΙ  ΤΟΥ  Ψ/ΤΟΜΕΑ,,,,no sponsor block
ΨΞΡΓ4690ΒΤ-ΤΙΤ,2026-06-11,ΧΕ-1208 ΣΕΙΡΑ Α/2026 ΠΡΟΣΘΕΤΕΣ ΕΦΗΜΕΡΙΕΣ 1ου/2026   ΓΙΑΤΡΟΙ   Ε.Σ.Υ  ΤΟΥ  Ψ/ΤΟΜΕΑ,,,,no sponsor block
ΡΠΨΣ4690ΒΤ-ΖΝΠ,2026-06-11,ΧΕ-1207 ΣΕΙΡΑ Α/2026 ΠΡΟΣΘΕΤΕΣ ΕΦΗΜΕΡΙΕΣ 1ου/2026   ΓΙΑΤΡΟΙ   Ε.Σ.Υ  ΤΟΥ  Κ.Ψ.ΥΓΕΙΑΣ,,,,no sponsor block
96Υ44690ΒΤ-Ω1Τ,2026-06-11,ΧΕ-1206 ΣΕΙΡΑ Α/2026 ΠΡΟΣΘΕΤΕΣ ΕΦΗΜΕΡΙΕΣ 1ου/2026   ΕΠΙΚΟΥΡΙΚΟΙ  Ε.Σ.Υ,,,,no sponsor block
96ΣΙ4690ΒΤ-1Η7,2026-06-11,ΧΕ-1205 ΣΕΙΡΑ Α/2026 ΠΡΟΣΘΕΤΕΣ ΕΦΗΜΕΡΙΕΣ 1ου/2026   ΕΠΙΚΟΥΡΙΚΟΙ  Ε.Σ.Υ  COVID,,,,no sponsor block
99ΛΧ4690ΒΤ-ΖΞΠ,2026-06-11,ΧΕ-1204 ΣΕΙΡΑ Α/2026 ΠΡΟΣΘΕΤΕΣ ΕΦΗΜΕΡΙΕΣ 1ου/2026   ΓΙΑΤΡΟΙ Ε.Σ.Υ  ΕΙΔΙΚ/ΝΟΙ,,,,no sponsor block
9ΟΒΡ4690ΒΤ-5ΔΣ,2026-06-11,ΧΕ-1203 ΣΕΙΡΑ Α/2026 ΠΡΟΣΘΕΤΕΣ ΕΦΗΜΕΡΙΕΣ 1ου/2026   ΓΙΑΤΡΟΙ Ε.Σ.Υ,,,,no sponsor block
9ΤΔΟ4690ΒΤ-ΘΤ8,2026-06-11,ΧΕ-1202 ΣΕΙΡΑ Α/2026 ΠΡΟΣΘΕΤΕΣ ΕΦΗΜΕΡΙΕΣ 12ου/2025  ΓΙΑΤΡΟΙ Ε.Σ.Υ  ΕΙΔΙΚ/ΝΟΙ  ΤΟΥ Ψ/ΤΟΜΕΑ,,,,no sponsor block
ΨΘ7Α4690ΒΤ-ΞΑΞ,2026-06-11,ΧΕ-1201 ΣΕΙΡΑ Α/2026 ΠΡΟΣΘΕΤΕΣ ΕΦΗΜΕΡΙΕΣ 12ου/2025   ΓΙΑΤΡΟΙ  Ε.Σ.Υ ΤΟΥ  Ψ/Τ,,,,no sponsor block
9ΟΗΓ4690ΒΤ-19Μ,2026-06-11,ΧΕ-1200 ΣΕΙΡΑ Α/2026 ΠΡΟΣΘΕΤΕΣ ΕΦΗΜΕΡΙΕΣ 12ου/2025   ΓΙΑΤΡΟΙ  Ε.Σ.Υ ΤΟΥ Κ.Ψ.ΥΓΕΙΑΣ,,,,no sponsor block
9ΚΥ64690ΒΤ-ΓΡΝ,2026-06-11,ΧΕ-1199 ΣΕΙΡΑ Α/2026 ΠΡΟΣΘΕΤΕΣ ΕΦΗΜΕΡΙΕΣ 12ου/2025  ΕΠΙΚΟΥΡΙΚΟΙ  Ε.Σ.Υ,,,,no sponsor block
94ΥΛ4690ΒΤ-2ΣΚ,2026-06-11,ΧΕ-1198 ΣΕΙΡΑ Α/2026 ΠΡΟΣΘΕΤΕΣ ΕΦΗΜΕΡΙΕΣ 12ου/2025  ΕΠΙΚΟΥΡΙΚΟΙ  Ε.Σ.Υ  COVID,,,,no sponsor block
ΨΙΚ74690ΒΤ-Λ1Χ,2026-06-11,ΧΕ-1197 ΣΕΙΡΑ Α/2026 ΠΡΟΣΘΕΤΕΣ ΕΦΗΜΕΡΙΕΣ 12ου/2025 ΓΙΑΤΡΟΙ Ε.Σ.Υ ΕΙΔΙΚ/ΝΟΙ,,,,no sponsor block
9ΑΦΞ4690ΒΤ-0ΟΕ,2026-06-11,ΧΕ-1196 ΣΕΙΡΑ Α/2026 ΠΡΟΣΘΕΤΕΣ ΕΦΗΜΕΡΙΕΣ 12ου/2025 ΓΙΑΤΡΟΙ Ε.Σ.Υ,,,,no sponsor block
93ΑΞ4690ΒΤ-ΓΦΔ,2026-06-11,ΧΕ-1194 ΣΕΙΡΑ Α/2026 Πρόσθετες αμοιβές   Απριλίου /2026  12 μηνα Ο.Α.Ε.Δ  Δημ.Προσκληση 10/2017,,,,no sponsor block
9ΟΥ74690ΒΤ-Δ2Ω,2026-06-11,ΧΕ-1193 ΣΕΙΡΑ Α/2026 Πρόσθετες αμοιβές  Απριλίου /2026  12 μηνα Ο.Α.Ε.Δ Δημ.Προσκληση 13/2016,,,,no sponsor block
ΨΓΒΘ4690ΒΤ-Ν2Κ,2026-06-11,ΧΕ-1192 ΣΕΙΡΑ Α/2026 Τακτική μισθοδοσία  Μαιου   2026  12 μηνα Ο.Α.Ε.Δ  Δημ.Προσκ. 3/2025,,,,no sponsor block
9ΦΣΦ4690ΒΤ-ΘΦΖ,2026-06-11,ΧΕ-1191 ΣΕΙΡΑ Α/2026 Τακτική μισθοδοσία  Μαιου  /2026  12 μηνα Ο.Α.Ε.Δ  Δημ.Προσκ.13/2016,,,,no sponsor block
Ψ4ΘΨ4690ΒΤ-ΗΜΩ,2026-06-09,ΧΕ-1186 ΣΕΙΡΑ Α/2026 Υγειονομικό υλικό & Αντιδραστήρια (  (  26REQ018342230  )  CPV 33696500-9,095444407,ΜΑΓΕΙΡΑΣ ΔΙΑΓΝ/ΚΑ ΜΗΧ/ΤΑ Α.Ε.,-1049.54,negative amount
9ΗΚΧ4690ΒΤ-8ΟΨ,2026-06-09,ΧΕ-1185 ΣΕΙΡΑ Α/2026 Αμοιβή  λοιπού  προσωπικού λογω συμμετοχής στην ολοήμερη λειτουργία,,,,no sponsor block
9ΓΩΑ4690ΒΤ-Χ6Ζ,2026-06-09,ΧΕ-1184 ΣΕΙΡΑ Α/2026 Αμοιβή Ιατρικού Προσωπικού λογω συμμετοχής στην ολοήμερη λειτουργία,,,,no sponsor block
ΨΒΛΠ4690ΒΤ-ΝΩ0,2026-06-09,ΧΕ-1183 ΣΕΙΡΑ Α/2026 Αμοιβή Ιατρικού Προσωπικού λογω συμμετοχής στην ολοήμερη λειτουργία,,,,no sponsor block
Ρ7ΧΝ4690ΒΤ-ΚΤ1,2026-06-09,ΧΕ-1182 ΣΕΙΡΑ Α/2026 Αμοιβή Ιατρικού Προσωπικού λογω συμμετοχής στην ολοήμερη λειτουργία,,,,no sponsor block
ΨΜΣΔ4690ΒΤ-Σ74,2026-06-05,ΧΕ-1149 ΣΕΙΡΑ Α/2026 ΟΔΟΙΠΟΡΙΚΑ ΕΞΟΔΑ ΚΑΙ ΗΜΕΡΗΣΙΑ ΑΠΟΖΗΜΙΩΣΗ   /2026,,,,no sponsor block
Ρ0Λ94690ΒΤ-ΛΡΡ,2026-06-03,ΧΕ-1141 ΣΕΙΡΑ Α/2026 ΑΠΟΖΗΜΙΩΣΗ ΕΦΗΜΕΡΙΩΝ 4ου/26  ΕΠΙΣΤΗΜΟΝΙΚΟ ΠΡΟΣΩΠΙΚΟ ΤΟΥ Κ.Ψ.ΥΓΕΙΑΣ,,,,no sponsor block
9Χ0Β4690ΒΤ-Δ24,2026-06-03,ΧΕ-1140 ΣΕΙΡΑ Α/2026 ΑΠΟΖΗΜΙΩΣΗ ΕΦΗΜΕΡΙΩΝ 4ου/26  ΕΠΙΣΤΗΜΟΝΙΚΟ ΠΡΟΣΩΠΙΚΟ ΤΟΥ Ψ/Τ,,,,no sponsor block
9ΠΦΞ4690ΒΤ-ΙΕΚ,2026-06-03,ΧΕ-1139 ΣΕΙΡΑ Α/2026 ΑΠΟΖΗΜΙΩΣΗ ΕΦΗΜΕΡΙΩΝ 4ου/26  ΕΠΙΣΤΗΜΟΝΙΚΟ ΠΡΟΣΩΠΙΚΟ,,,,no sponsor block
9ΗΕ64690ΒΤ-3ΘΧ,2026-06-03,ΧΕ-1138 ΣΕΙΡΑ Α/2026 ΠΡΟΣΘΕΤΕΣ ΑΜΟΙΒΕΣ 4 ου/26   ΝΟΣΗΛΕΥΤΙΚΟ  ΠΡΟΣΩΠ  Ν.  1057/80   ΤΟΥ Ψ/Τ,,,,no sponsor block
ΨΟΣΒ4690ΒΤ-ΗΦ5,2026-06-03,ΧΕ-1137 ΣΕΙΡΑ Α/2026 ΠΡΟΣΘΕΤΕΣ ΑΜΟΙΒΕΣ 4 ου/26   ΜΟΝΙΜΟ ΔΟΚΙΜΟ ΒΟΗΘ.   ΠΡΟΣΩΠ  ΤΟΥ Ψ/Τ,,,,no sponsor block
92ΣΩ4690ΒΤ-Ν4Π,2026-06-03,ΧΕ-1136 ΣΕΙΡΑ Α/2026 ΠΡΟΣΘΕΤΕΣ ΑΜΟΙΒΕΣ 4 ου/26   ΤΕΧΝΙΚΟ   ΠΡΟΣΩΠ  ΤΟΥ Ψ/Τ,,,,no sponsor block
ΨΝΟΗ4690ΒΤ-272,2026-06-03,ΧΕ-1135 ΣΕΙΡΑ Α/2026 ΠΡΟΣΘΕΤΕΣ ΑΜΟΙΒΕΣ 4 ου/26     ΠΡΟΣΩΠ   ΕΠΙ ΣΧΕΣΕΙ ΕΡΓΑΣΙΑΣ  Ι.Δ.Α.Χ  ΤΟΥ Ψ/Τ,,,,no sponsor block
Ρ6ΗΔ4690ΒΤ-4Ω5,2026-06-03,ΧΕ-1134 ΣΕΙΡΑ Α/2026 ΠΡΟΣΘΕΤΕΣ ΑΜΟΙΒΕΣ 4 ου/26   ΝΕΟΠΡΟΣΛΑΜΒΑΝΟΜΕΝΟΙ Ο.Α.Ε.Δ   ΤΟΥ Ψ/Τ,,,,no sponsor block
624Α4690ΒΤ-7Ν2,2026-06-03,ΧΕ-1133 ΣΕΙΡΑ Α/2026 ΠΡΟΣΘΕΤΕΣ ΑΜΟΙΒΕΣ 4 ου/26   ΕΠΙΚΟΥΡΙΚΟ  ΠΡΟΣΩΠ  COVID ΤΟΥ Ψ/Τ,,,,no sponsor block
6ΣΓΑ4690ΒΤ-ΒΞΕ,2026-06-03,ΧΕ-1132 ΣΕΙΡΑ Α/2026 ΠΡΟΣΘΕΤΕΣ ΑΜΟΙΒΕΣ  4ου/26    ΕΠΙΚΟΥΡΙΚΟ  ΠΡΟΣΩΠ  ΤΟΥ Ψ/Τ ΤΡΙΜΗΝΑ COVID,,,,no sponsor block
9ΒΥΦ4690ΒΤ-ΒΔΞ,2026-06-03,ΧΕ-1131 ΣΕΙΡΑ Α/2026 ΠΡΟΣΘΕΤΕΣ ΑΜΟΙΒΕΣ 4 ου/26   ΝΟΣΗΛΕΥΤΙΚΟ  ΠΡΟΣΩΠ  ΤΟΥ Ψ/Τ,,,,no sponsor block
9ΚΔΡ4690ΒΤ-ΘΣΣ,2026-06-03,ΧΕ-1130 ΣΕΙΡΑ Α/2026 ΑΠΟΖΗΜΙΩΣΗ ΕΦΗΜΕΡΙΩΝ 4ου/26 ΕΠΙΣΤΗΜΟΝΙΚΟ ΠΡΟΣΩΠΙΚΟ,,,,no sponsor block
Ψ4ΨΖ4690ΒΤ-Λ3Τ,2026-06-03,ΧΕ-1129 ΣΕΙΡΑ Α/2026 ΑΠΟΖΗΜΙΩΣΗ ΕΦΗΜΕΡΙΩΝ 4ου/26 ΕΠΙΣΤΗΜΟΝΙΚΟ ΠΡΟΣΩΠΙΚΟ,,,,no sponsor block
91ΩΓ4690ΒΤ-ΑΨΘ,2026-06-03,ΧΕ-1128 ΣΕΙΡΑ Α/2026 ΠΡΟΣΘΕΤΕΣ ΑΜΟΙΒΕΣ   4ου/26  ΔΙΟΙΚΗΤΙΚΟ  ΠΡΟΣΩΠΙΚΟ,,,,no sponsor block
99Α44690ΒΤ-Ν0Ζ,2026-06-03,ΧΕ-1127 ΣΕΙΡΑ Α/2026 ΠΡΟΣΘΕΤΕΣ ΑΜΟΙΒΕΣ 4ου/26  ΕΠΙΣΤΗΜΟΝΙΚΟ ΠΡΟΣΩΠΙΚΟ COVID,,,,no sponsor block
ΨΔ0Ρ4690ΒΤ-Ε7Ρ,2026-06-03,ΧΕ-1126 ΣΕΙΡΑ Α/2026 ΠΡΟΣΘΕΤΕΣ ΑΜΟΙΒΕΣ   4ου/26  Ο.Α.Ε.Δ ΚΟΙΝΩΦΕΛΟΥΣ ΕΡΓΑΣΙΑΣ,,,,no sponsor block
ΨΜΦΨ4690ΒΤ-19Ψ,2026-06-03,ΧΕ-1125 ΣΕΙΡΑ Α/2026 ΠΡΟΣΘΕΤΕΣ ΑΜΟΙΒΕΣ  4ου/26   ΜΟΝΙΜΟ ΔΟΚΙΜΟ  ΒΟΗΘ.  ΠΡΟΣ/ΚΟ,,,,no sponsor block
ΨΒΥΕ4690ΒΤ-ΛΙΦ,2026-06-03,ΧΕ-1124 ΣΕΙΡΑ Α/2026 ΠΡΟΣΘΕΤΕΣ ΑΜΟΙΒΕΣ  4ου/26   ΜΟΝΙΜΟ ΔΟΚΙΜΟ  ΠΡΟΣ/ΚΟ  ΕΙΔ. ΘΕΣΕΩΝ,,,,no sponsor block
ΨΣ994690ΒΤ-Σ68,2026-06-03,ΧΕ-1123 ΣΕΙΡΑ Α/2026 ΠΡΟΣΘΕΤΕΣ ΑΜΟΙΒΕΣ  4ου/26   ΑΠΟΣΠΑΣΜΕΝΟΙ,,,,no sponsor block
ΨΙΟ84690ΒΤ-ΞΑΑ,2026-06-03,ΧΕ-1122 ΣΕΙΡΑ Α/2026 ΠΡΟΣΘΕΤΕΣ ΑΜΟΙΒΕΣ  4ου/26   ΝΟΣΗΛ/ΚΟ ΠΡΟΣ/ΚΟ  Ν.Δ 1057/80,,,,no sponsor block
ΨΔ814690ΒΤ-Η62,2026-06-03,ΧΕ-1121 ΣΕΙΡΑ Α/2026 ΠΡΟΣΘΕΤΕΣ ΑΜΟΙΒΕΣ  4ου/26   ΠΡΟΣΩΠΙΚΟ ΕΠΙ ΣΧΕΣΕΙ ΕΡΓΑΣΙΑΣ Ι.Δ.Α.Χ,,,,no sponsor block
ΨΗΑΥ4690ΒΤ-ΛΥΩ,2026-06-03,ΧΕ-1120 ΣΕΙΡΑ Α/2026 ΠΡΟΣΘΕΤΕΣ ΑΜΟΙΒΕΣ  4ου/26   ΝΕΟΠΡΟΣΛΑΜΒΑΝΟΜΕΝΟΙ Ο.Α.Ε.Δ (Π ),,,,no sponsor block
9ΑΛΒ4690ΒΤ-ΗΦΦ,2026-06-03,ΧΕ-1119 ΣΕΙΡΑ Α/2026 ΠΡΟΣΘΕΤΕΣ ΑΜΟΙΒΕΣ  4ου/26   ΝΕΟΠΡΟΣΛΑΜΒΑΝΟΜΕΝΟΙ Ο.Α.Ε.Δ (Ν ),,,,no sponsor block
9ΥΜ54690ΒΤ-Γ13,2026-06-03,ΧΕ-1118 ΣΕΙΡΑ Α/2026 ΠΡΟΣΘΕΤΕΣ ΑΜΟΙΒΕΣ  4ου/26      ΠΡΟΣΩΠ. Ι.Δ   Ν.2470/96,,,,no sponsor block
95ΓΓ4690ΒΤ-ΝΡΨ,2026-06-03,ΧΕ-1117 ΣΕΙΡΑ Α/2026 ΠΡΟΣΘΕΤΕΣ ΑΜΟΙΒΕΣ  4ου/26   ΕΠΙΚΟΥΡΙΚΟ   ΠΡΟΣΩΠ,,,,no sponsor block
9ΕΜΨ4690ΒΤ-1ΒΩ,2026-06-03,ΧΕ-1116 ΣΕΙΡΑ Α/2026 ΠΡΟΣΘΕΤΕΣ ΑΜΟΙΒΕΣ  4ου/26   ΕΠΙΚΟΥΡΙΚΟ  ΠΡΟΣΩΠ ΤΡΙΜΗΝΟ COVID,,,,no sponsor block
6Τ6Η4690ΒΤ-Τ58,2026-06-03,ΧΕ-1115 ΣΕΙΡΑ Α/2026 ΠΡΟΣΘΕΤΕΣ ΑΜΟΙΒΕΣ  4ου/26   ΕΠΙΚΟΥΡΙΚΟ  ΠΡΟΣΩΠ  COVID,,,,no sponsor block
9ΧΠΟ4690ΒΤ-Τ8Ο,2026-06-03,ΧΕ-1114 ΣΕΙΡΑ Α/2026 ΠΡΟΣΘΕΤΕΣ ΑΜΟΙΒΕΣ  3ου/26   ΝΟΣΗΛΕΥΤΙΚΟ  ΠΡΟΣΩΠ,,,,no sponsor block
ΨΥΟΚ4690ΒΤ-ΩΕΦ,2026-06-03,ΧΕ-1113 ΣΕΙΡΑ Α/2026 ΑΠΟΔΟΣΗ ΚΡΑΤΗΣΕΩΝ ΑΠΟ ΠΛΗΡΩΜΗ ΠΡΟΜΗΘΕΥΤΩΝ ΜΗΝΟΣ ΜΑΙΟΥ 2026,999825956,ΚΡΑΤΗΣΕΙΣ ΥΠΕΡ Δ.Ο.Υ.- ΤΡΑΠΕΖΩΝ,42381.75,self-referential (payroll/EFKA/FMY remittance)
63ΕΖ4690ΒΤ-ΧΑΡ,2026-06-02,ΧΕ-1084 ΣΕΙΡΑ Α/2026 ΤΑΚΤΙΚΕΣ  ΕΦΗΜΕΡΙΕΣ 4ου/2026   ΓΙΑΤΡΟΙ  Ε.Σ.Υ  ΕΙΔΙΚ/ΝΟΙ,,,,no sponsor block
ΨΞΥΝ4690ΒΤ-3ΛΣ,2026-06-02,ΧΕ-1083 ΣΕΙΡΑ Α/2026 ΤΑΚΤΙΚΕΣ  ΕΦΗΜΕΡΙΕΣ 4ου/2026   ΓΙΑΤΡΟΙ  Ε.Σ.Υ,,,,no sponsor block
6ΔΣΝ4690ΒΤ-3ΤΥ,2026-06-02,ΧΕ-1094 ΣΕΙΡΑ Α/2026 ΤΑΚΤΙΚΕΣ  ΕΦΗΜΕΡΙΕΣ 4ου/2026   ΓΙΑΤΡΟΙ  Ε.Σ.Υ  ΕΙΔΙΚ/ΝΟΙ,,,,no sponsor block
ΨΓΤΗ4690ΒΤ-ΚΨ1,2026-06-02,ΧΕ-1095 ΣΕΙΡΑ Α/2026 ΤΑΚΤΙΚΕΣ  ΕΦΗΜΕΡΙΕΣ 4ου/2026  ΓΙΑΤΡΟΙ  Ε.Σ.Υ,,,,no sponsor block
ΨΙΠ94690ΒΤ-3ΡΞ,2026-05-26,ΧΕ-1082 ΣΕΙΡΑ Α/2026 ΤΑΚΤΙΚΗ ΜΙΣΘΟΔΟΣΙΑ ΜΕΤΑΠ/ΤΕΩΝ  5ος/2026    ΣΠΟΥΔΑΣΤΕΣ ΠΟΥ ΑΣΚΟΥΝΤΑΙ,,,,no sponsor block
Ψ7ΨΦ4690ΒΤ-ΟΛΛ,2026-05-26,ΧΕ-1081 ΣΕΙΡΑ Α/2026 ΤΑΚΤΙΚΗ ΜΙΣΘΟΔΟΣΙΑ ΜΕΤΑΠ/ΤΕΩΝ  5ος/2026    ΑΜΙΣΘΟΙ ΤΕΕ ΔΙΕΚ,,,,no sponsor block
94ΧΡ4690ΒΤ-Φ7Ζ,2026-05-26,ΧΕ-1080 ΣΕΙΡΑ Α/2026 ΤΑΚΤΙΚΗ ΜΙΣΘΟΔΟΣΙΑ ΜΕΤΑΠ/ΤΕΩΝ   4oς /2026   ΑΜΙΣΘΟΙ ΤΕΕ ( ΕΠΑΛ ),,,,no sponsor block
6ΧΒΥ4690ΒΤ-4ΑΘ,2026-05-26,ΧΕ-1079 ΣΕΙΡΑ Α/2026 ΤΑΚΤΙΚΗ ΜΙΣΘΟΔΟΣΙΑ ΜΕΤΑΠ/ΤΕΩΝ  4ος/2026  ΑΣΚΟΥΜΕΝΟΙ Ο.Α.Ε.Δ,,,,no sponsor block
6Ζ1Σ4690ΒΤ-Β0Ν,2026-05-26,ΧΕ-1078 ΣΕΙΡΑ Α/2026 ΤΑΚΤΙΚΗ ΜΙΣΘΟΔΟΣΙΑ ΜΕΤΑΠ/ΤΕΩΝ  5ος/2026 ΕΠΙΣΤΗΜΟΝΙΚΟ ΠΡΟΣΩΠΙΚΟ   COVID,,,,no sponsor block
654Χ4690ΒΤ-ΤΕΜ,2026-05-26,ΧΕ-1077 ΣΕΙΡΑ Α/2026 ΤΑΚΤΙΚΗ ΜΙΣΘΟΔΟΣΙΑ ΜΕΤΑΠ/ΤΕΩΝ  5ος/2026 ΕΠΙΚΟΥΡΙΚΟ ΠΡΟΣΩΠΙΚΟ ΤΡΙΜΗΝΑ   COVID,,,,no sponsor block
Ψ6ΤΓ4690ΒΤ-Α5Ψ,2026-05-26,ΧΕ-1076 ΣΕΙΡΑ Α/2026 ΤΑΚΤΙΚΗ ΜΙΣΘΟΔΟΣΙΑ ΜΕΤΑΠ/ΤΕΩΝ  5ος/2026 ΕΠΙΚΟΥΡΙΚΟΙ Ε.Σ.Υ  COVID,,,,no sponsor block
6ΖΨΡ4690ΒΤ-ΣΦ8,2026-05-26,ΧΕ-1075 ΣΕΙΡΑ Α/2026 ΤΑΚΤΙΚΗ ΜΙΣΘΟΔΟΣΙΑ ΜΕΤΑΠ/ΤΕΩΝ  5ος/2026 ΕΠΙΚΟΥΡΙΚΟΙ Ε.Σ.Υ,,,,no sponsor block
6Σ1Ζ4690ΒΤ-Μ48,2026-05-26,ΧΕ-1074 ΣΕΙΡΑ Α/2026 ΤΑΚΤΙΚΗ ΜΙΣΘΟΔΟΣΙΑ ΜΕΤΑΠ/ΤΕΩΝ  5ος/2026  ΝΕΟΠΡΟΣΛΑΜΒΑΝΟΜΕΝΟΙ Ο.Α.Ε.Δ ( Π ),,,,no sponsor block
683Β4690ΒΤ-Ζ5Σ,2026-05-26,ΧΕ-1073 ΣΕΙΡΑ Α/2026 ΤΑΚΤΙΚΗ ΜΙΣΘΟΔΟΣΙΑ ΜΕΤΑΠ/ΤΕΩΝ  5ος/2026  ΝΕΟΠΡΟΣΛΑΜΒΑΝΟΜΕΝΟΙ Ο.Α.Ε.Δ,,,,no sponsor block
ΨΤΛΨ4690ΒΤ-ΖΛ4,2026-05-26,ΧΕ-1072 ΣΕΙΡΑ Α/2026 ΤΑΚΤΙΚΗ ΜΙΣΘΟΔΟΣΙΑ ΜΕΤΑΠ/ΤΕΩΝ  5ος/2026  ΕΠΙΚΟΥΡΙΚΟ  ΠΡΟΣΩΠΙΚΟ,,,,no sponsor block
6ΜΣΗ4690ΒΤ-ΓΚΦ,2026-05-26,ΧΕ-1071 ΣΕΙΡΑ Α/2026 ΤΑΚΤΙΚΗ ΜΙΣΘΟΔΟΣΙΑ ΜΕΤΑΠ/ΤΕΩΝ  5ος/2026  ΕΠΙΚΟΥΡΙΚΟ  ΠΡΟΣΩΠΙΚΟ COVID,,,,no sponsor block
Ψ6Κ44690ΒΤ-ΒΗ3,2026-06-02,ΧΕ-1089 ΣΕΙΡΑ Α/2026 ΤΑΚΤΙΚΕΣ  ΕΦΗΜΕΡΙΕΣ 4ου/2026   ΓΙΑΤΡΟΙ   Ε.Σ.Υ ΤΟΥ Ψ/Τ  ΕΙΔΙΚ/ΝΟΙ,,,,no sponsor block
ΨΦΘΒ4690ΒΤ-ΕΟΟ,2026-06-02,ΧΕ-1088 ΣΕΙΡΑ Α/2026 ΤΑΚΤΙΚΕΣ  ΕΦΗΜΕΡΙΕΣ 4ου/2026   ΓΙΑΤΡΟΙ   Ε.Σ.Υ ΤΟΥ Ψ/Τ,,,,no sponsor block
ΨΕΕ44690ΒΤ-Θ4Ζ,2026-06-02,ΧΕ-1086 ΣΕΙΡΑ Α/2026 ΤΑΚΤΙΚΕΣ  ΕΦΗΜΕΡΙΕΣ 4ου/2026   ΕΠΙΚΟΥΡΙΚΟΙ  Ε.Σ.Υ  COVID,,,,no sponsor block
Ψ05Ζ4690ΒΤ-Ν24,2026-06-02,ΧΕ-1085 ΣΕΙΡΑ Α/2026 ΤΑΚΤΙΚΕΣ  ΕΦΗΜΕΡΙΕΣ 4ου/2026   ΕΠΙΚΟΥΡΙΚΟΙ  Ε.Σ.Υ,,,,no sponsor block
ΨΚΔ54690ΒΤ-Κ5Α,2026-06-02,ΧΕ-1087 ΣΕΙΡΑ Α/2026 ΤΑΚΤΙΚΕΣ  ΕΦΗΜΕΡΙΕΣ 4ου/2026   ΕΠΙΚΟΥΡΙΚΟΙ  Ε.Σ.Υ  ΤΟΥ Κ.Ψ.ΥΓΕΙΑΣ,,,,no sponsor block
96ΓΡ4690ΒΤ-ΜΓΝ,2026-05-15,ΧΕ-1031 ΣΕΙΡΑ Α/2026 CLAW BACK Α EΞΑΜΗΝΟΥ /2023,094021290,NOVARTIS (HELLAS) A.E.B.E.,-28.58,negative amount
Ρ6ΗΚ4690ΒΤ-ΡΤ4,2026-05-22,ΧΕ-1061 ΣΕΙΡΑ Α/2026 ΤΑΚΤΙΚΕΣ ΕΦΗΜΕΡΙΕΣ 12ου/2025 ΠΟΥ ΕΚΚΑΘΑΡΙΖΟΝΤΑΙ ΜΕ ΤΟ ΑΡΘΡΟ 90/ 4850/21,,,,no sponsor block
63ΤΞ4690ΒΤ-ΚΓΩ,2026-05-22,ΧΕ-1060 ΣΕΙΡΑ Α/2026 ΤΑΚΤΙΚΕΣ ΕΦΗΜΕΡΙΕΣ 11ου/2025 ΠΟΥ ΕΚΚΑΘΑΡΙΖΟΝΤΑΙ ΜΕ ΤΟ ΑΡΘΡΟ 90/ 4850/21,,,,no sponsor block
9Ξ3Θ4690ΒΤ-ΟΛ4,2026-05-22,ΧΕ-1059 ΣΕΙΡΑ Α/2026 ΤΑΚΤΙΚΕΣ ΕΦΗΜΕΡΙΕΣ 10ου/2025 ΠΟΥ ΕΚΚΑΘΑΡΙΖΟΝΤΑΙ ΜΕ ΤΟ ΑΡΘΡΟ 90/ 4850/21,,,,no sponsor block
9ΗΒΑ4690ΒΤ-ΗΕΤ,2026-05-20,ΧΕ-1048 ΣΕΙΡΑ Α/2026 ΑΠΟΔΟΣΗ ΚΡΑΤΗΣΕΩΝ ΑΠΟ ΠΛΗΡΩΜΗ ΜΕΣΩ ΕΑΠ ΓΙΑ ΑΠΟΓΕΥΜΑΤΙΝΑ ΙΑΤΡΕΙΑ ΜΗΝΟΣ ΜΑΙΟΥ 2026,999825956,ΤΣΑΥ ΚΑΙ ΛΟΙΠΑ ΤΑΜΕΙΑ,145.07,self-referential (payroll/EFKA/FMY remittance)
9ΗΒΑ4690ΒΤ-ΗΕΤ,2026-05-20,ΧΕ-1048 ΣΕΙΡΑ Α/2026 ΑΠΟΔΟΣΗ ΚΡΑΤΗΣΕΩΝ ΑΠΟ ΠΛΗΡΩΜΗ ΜΕΣΩ ΕΑΠ ΓΙΑ ΑΠΟΓΕΥΜΑΤΙΝΑ ΙΑΤΡΕΙΑ ΜΗΝΟΣ ΜΑΙΟΥ 2026,999825956,ΤΣΑΥ ΚΑΙ ΛΟΙΠΑ ΤΑΜΕΙΑ,1356.70,self-referential (payroll/EFKA/FMY remittance)
ΡΠΣΧ4690ΒΤ-ΔΞΣ,2026-05-20,ΧΕ-1047 ΣΕΙΡΑ Α/2026 ΑΠΟΔΟΣΗ ΚΡΑΤΗΣΕΩΝ ΑΠΟ ΠΛΗΡΩΜΗ ΜΕΣΩ ΕΑΠ ΜΗΝΟΣ ΜΑΙΟΥ 2026,999825956,ΤΣΑΥ ΚΑΙ ΛΟΙΠΑ ΤΑΜΕΙΑ,2636.17,self-referential (payroll/EFKA/FMY remittance)
ΡΠΣΧ4690ΒΤ-ΔΞΣ,2026-05-20,ΧΕ-1047 ΣΕΙΡΑ Α/2026 ΑΠΟΔΟΣΗ ΚΡΑΤΗΣΕΩΝ ΑΠΟ ΠΛΗΡΩΜΗ ΜΕΣΩ ΕΑΠ ΜΗΝΟΣ ΜΑΙΟΥ 2026,999825956,ΤΣΑΥ ΚΑΙ ΛΟΙΠΑ ΤΑΜΕΙΑ,65034.37,self-referential (payroll/EFKA/FMY remittance)
ΡΠΣΧ4690ΒΤ-ΔΞΣ,2026-05-20,ΧΕ-1047 ΣΕΙΡΑ Α/2026 ΑΠΟΔΟΣΗ ΚΡΑΤΗΣΕΩΝ ΑΠΟ ΠΛΗΡΩΜΗ ΜΕΣΩ ΕΑΠ ΜΗΝΟΣ ΜΑΙΟΥ 2026,999825956,ΤΣΑΥ ΚΑΙ ΛΟΙΠΑ ΤΑΜΕΙΑ,52459.34,self-referential (payroll/EFKA/FMY remittance)
9Ν4Ρ4690ΒΤ-ΕΧ9,2026-05-18,ΧΕ-1046 ΣΕΙΡΑ Α/2026 ΟΔΟΙΠΟΡΙΚΑ ΕΞΟΔΑ ΚΑΙ ΗΜΕΡΗΣΙΑ ΑΠΟΖΗΜΙΩΣΗ  4ος /2026,,,,no sponsor block
ΨΠΡΓ4690ΒΤ-ΥΤ7,2026-05-18,ΧΕ-1045 ΣΕΙΡΑ Α/2026 ΟΔΟΙΠΟΡΙΚΑ ΕΞΟΔΑ ΚΑΙ ΗΜΕΡΗΣΙΑ ΑΠΟΖΗΜΙΩΣΗ  4ος /2026,,,,no sponsor block
93ΖΠ4690ΒΤ-6Ξ2,2026-05-08,ΧΕ-974 ΣΕΙΡΑ Α/2026 Τακτική μισθοδοσία  Απριλίου  /2026  12 μηνα Ο.Α.Ε.Δ  Δημ.Προσκ.10/2017,,,,no sponsor block
Ψ9Ψ84690ΒΤ-ΙΔΖ,2026-05-08,ΧΕ-973 ΣΕΙΡΑ Α/2026 Πρόσθετες αμοιβές  Μαρτίου /2026  12 μηνα Ο.Α.Ε.Δ Δημ.Προσκληση 10/2017,,,,no sponsor block
Ψ8ΔΠ4690ΒΤ-ΔΘΔ,2026-05-08,ΧΕ-972 ΣΕΙΡΑ Α/2026 Πρόσθετες αμοιβές  Μαρτίου /2026  12 μηνα Ο.Α.Ε.Δ Δημ.Προσκληση 13/2016,,,,no sponsor block
ΨΟΖ74690ΒΤ-88Ω,2026-05-08,ΧΕ-971 ΣΕΙΡΑ Α/2026 Τακτική μισθοδοσία  Απριλίου  2026  12 μηνα Ο.Α.Ε.Δ  Δημ.Προσκ. 3/2025,,,,no sponsor block
92Ο44690ΒΤ-0Ε4,2026-05-08,ΧΕ-970 ΣΕΙΡΑ Α/2026 Τακτική μισθοδοσία  Απριλίου /2026  12 μηνα Ο.Α.Ε.Δ  Δημ.Προσκ.13/2016,,,,no sponsor block
ΨΧΑΩ4690ΒΤ-ΧΔΦ,2026-05-07,ΧΕ-960 ΣΕΙΡΑ Α/2026 Αμοιβή  λοιπού  προσωπικού λογω συμμετοχής στην ολοήμερη λειτουργία,,,,no sponsor block
655Σ4690ΒΤ-ΣΕΩ,2026-05-07,ΧΕ-959 ΣΕΙΡΑ Α/2026 Αμοιβή Ιατρικού Προσωπικού λογω συμμετοχής στην ολοήμερη λειτουργία,,,,no sponsor block
ΨΜΘΒ4690ΒΤ-ΜΤΖ,2026-05-07,ΧΕ-958 ΣΕΙΡΑ Α/2026 Αμοιβή Ιατρικού Προσωπικού λογω συμμετοχής στην ολοήμερη λειτουργία,,,,no sponsor block
9Κ554690ΒΤ-Ε55,2026-05-07,ΧΕ-957 ΣΕΙΡΑ Α/2026 Αμοιβή Ιατρικού Προσωπικού λογω συμμετοχής στην ολοήμερη λειτουργία,,,,no sponsor block
ΨΗΘΚ4690ΒΤ-Υ53,2026-05-04,ΧΕ-932 ΣΕΙΡΑ Α/2026 ΑΠΟΔΟΣΗ ΚΡΑΤΗΣΕΩΝ ΑΠΟ ΠΛΗΡΩΜΗ ΠΡΟΜΗΘΕΥΤΩΝ ΜΗΝΟΣ ΑΠΡΙΛΙΟΥ 2026,999825956,ΚΡΑΤΗΣΕΙΣ ΥΠΕΡ Δ.Ο.Υ.- ΤΡΑΠΕΖΩΝ,0.00,self-referential (payroll/EFKA/FMY remittance)
ΨΗΘΚ4690ΒΤ-Υ53,2026-05-04,ΧΕ-932 ΣΕΙΡΑ Α/2026 ΑΠΟΔΟΣΗ ΚΡΑΤΗΣΕΩΝ ΑΠΟ ΠΛΗΡΩΜΗ ΠΡΟΜΗΘΕΥΤΩΝ ΜΗΝΟΣ ΑΠΡΙΛΙΟΥ 2026,999825956,ΚΡΑΤΗΣΕΙΣ ΥΠΕΡ Δ.Ο.Υ.- ΤΡΑΠΕΖΩΝ,60704.46,self-referential (payroll/EFKA/FMY remittance)
ΨΔΖ24690ΒΤ-4Ρ6,2026-04-30,ΧΕ-932 ΣΕΙΡΑ Α/2026 ΑΠΟΔΟΣΗ ΚΡΑΤΗΣΕΩΝ ΑΠΟ ΠΛΗΡΩΜΗ ΠΡΟΜΗΘΕΥΤΩΝ ΜΗΝΟΣ ΑΠΡΙΛΙΟΥ 2026,999825956,ΚΡΑΤΗΣΕΙΣ ΥΠΕΡ Δ.Ο.Υ.- ΤΡΑΠΕΖΩΝ,0.00,self-referential (payroll/EFKA/FMY remittance)
ΨΔΖ24690ΒΤ-4Ρ6,2026-04-30,ΧΕ-932 ΣΕΙΡΑ Α/2026 ΑΠΟΔΟΣΗ ΚΡΑΤΗΣΕΩΝ ΑΠΟ ΠΛΗΡΩΜΗ ΠΡΟΜΗΘΕΥΤΩΝ ΜΗΝΟΣ ΑΠΡΙΛΙΟΥ 2026,999825956,ΚΡΑΤΗΣΕΙΣ ΥΠΕΡ Δ.Ο.Υ.- ΤΡΑΠΕΖΩΝ,60704.46,self-referential (payroll/EFKA/FMY remittance)
ΨΜΦΥ4690ΒΤ-02Θ,2026-04-28,ΧΕ-900 ΣΕΙΡΑ Α/2026 ΑΠΟΖΗΜΙΩΣΗ ΕΦΗΜΕΡΙΩΝ  3ου/26  ΕΠΙΣΤΗΜΟΝΙΚΟ  ΠΡΟΣΩΠΙΚΟ     ΤΟΥ  Κ.Ψ.ΥΓΕΙΑΣ,,,,no sponsor block
ΨΦΣΓ4690ΒΤ-ΜΧΤ,2026-04-28,ΧΕ-899 ΣΕΙΡΑ Α/2026 ΑΠΟΖΗΜΙΩΣΗ ΕΦΗΜΕΡΙΩΝ   3ου/26   ΕΠΙΣΤΗΜΟΝΙΚΟ    ΠΡΟΣΩΠΙΚΟ     ΤΟΥ Ψ/Τ,,,,no sponsor block
9Ρ7Σ4690ΒΤ-Α43,2026-04-28,ΧΕ-898 ΣΕΙΡΑ Α/2026 ΠΡΟΣΘΕΤΕΣ ΑΜΟΙΒΕΣ  3ου/26  ΝΟΣΗΛ/   ΠΡΟΣΩΠΙΚΟ   Ν.Δ  1057/80  ΤΟΥ Ψ/Τ,,,,no sponsor block
65ΒΓ4690ΒΤ-6Ν4,2026-04-28,ΧΕ-897 ΣΕΙΡΑ Α/2026 ΠΡΟΣΘΕΤΕΣ ΑΜΟΙΒΕΣ  3ου/26  ΝΟΣΗΛ/   ΠΡΟΣΩΠΙΚΟ   Ν.Δ  1057/80  ΤΟΥ Ψ/Τ,,,,no sponsor block
9ΧΥΡ4690ΒΤ-ΟΓ6,2026-04-28,ΧΕ-896 ΣΕΙΡΑ Α/2026 ΠΡΟΣΘΕΤΕΣ ΑΜΟΙΒΕΣ  3ου/26  ΜΟΝΙΜΟ-ΔΟΚΙΜΟ- ΒΟΗΘ   ΠΡΟΣΩΠΙΚΟ   ΤΟΥ Ψ/Τ,,,,no sponsor block
Ψ9Β34690ΒΤ-Λ1Σ,2026-04-28,ΧΕ-895 ΣΕΙΡΑ Α/2026 ΠΡΟΣΘΕΤΕΣ ΑΜΟΙΒΕΣ  3ου/26  ΤΕΧΝΙΚΟ   ΠΡΟΣΩΠΙΚΟ   ΤΟΥ Ψ/Τ,,,,no sponsor block
ΨΓ9Δ4690ΒΤ-7ΞΩ,2026-04-28,ΧΕ-894 ΣΕΙΡΑ Α/2026 ΠΡΟΣΘΕΤΕΣ ΑΜΟΙΒΕΣ  3ου/26    ΠΡΟΣΩΠΙΚΟ ΕΠΙ ΣΧΕΣΕΙ ΕΓΑΣΙΑΣ  Ι.Δ.Α.Χ  ΤΟΥ Ψ/Τ,,,,no sponsor block
ΨΙΓ34690ΒΤ-ΥΘΝ,2026-04-28,ΧΕ-893 ΣΕΙΡΑ Α/2026 ΠΡΟΣΘΕΤΕΣ ΑΜΟΙΒΕΣ  3ου/26    ΝΕΟΠΡΟΣΛΑΜΒΑΝΟΜΕΝΟΙ  Ο.Α.ΕΔ  ΤΟΥ Ψ/Τ,,,,no sponsor block
9Ο154690ΒΤ-ΓΥΨ,2026-04-28,ΧΕ-891 ΣΕΙΡΑ Α/2026 ΠΡΟΣΘΕΤΕΣ ΑΜΟΙΒΕΣ  3ου/26    ΕΠΙΚΟΥΡΙΚΟ   ΠΡΟΣΩΠ  COVID  ΤΟΥ Ψ/Τ,,,,no sponsor block
ΡΥΞΨ4690ΒΤ-Λ4Χ,2026-04-28,ΧΕ-892 ΣΕΙΡΑ Α/2026 ΠΡΟΣΘΕΤΕΣ ΑΜΟΙΒΕΣ  3ου/26    ΕΠΙΚΟΥΡΙΚΟ   ΠΡΟΣΩΠ   ΤΡΙΜΗΝΑ  COVID  ΤΟΥ Ψ/Τ,,,,no sponsor block
ΨΝΚ64690ΒΤ-ΟΥΞ,2026-04-28,ΧΕ-890 ΣΕΙΡΑ Α/2026 ΠΡΟΣΘΕΤΕΣ ΑΜΟΙΒΕΣ  3ου/26    ΝΟΣΗΛΕΥΤΙΚΟ  ΠΡΟΣΩΠ,,,,no sponsor block
ΡΡ9Α4690ΒΤ-139,2026-04-28,ΧΕ-889 ΣΕΙΡΑ Α/2026 ΑΠΟΖΗΜΙΩΣΗ ΕΦΗΜΕΡΙΩΝ    3ου/26   ΕΠΙΣΤΗΜΟΝΙΚΟ   ΠΡΟΣΩΠΙΚΟ,,,,no sponsor block
Ψ4ΦΜ4690ΒΤ-ΠΦΛ,2026-04-28,ΧΕ-888 ΣΕΙΡΑ Α/2026 ΑΠΟΖΗΜΙΩΣΗ ΕΦΗΜΕΡΙΩΝ    3ου/26   ΕΠΙΣΤΗΜΟΝΙΚΟ   ΠΡΟΣΩΠΙΚΟ,,,,no sponsor block
ΡΓΞΜ4690ΒΤ-91Π,2026-04-28,ΧΕ-887 ΣΕΙΡΑ Α/2026 ΑΠΟΖΗΜΙΩΣΗ ΕΦΗΜΕΡΙΩΝ    3ου/26   ΕΠΙΣΤΗΜΟΝΙΚΟ   ΠΡΟΣΩΠΙΚΟ   COVID,,,,no sponsor block
9ΘΜΔ4690ΒΤ-5ΕΓ,2026-04-28,ΧΕ-886 ΣΕΙΡΑ Α/2026 ΠΡΟΣΘΕΤΕΣ ΑΜΟΙΒΕΣ   3ου/26  ΑΠΟΣΠΑΣΜΕΝΟΙ,,,,no sponsor block
95ΘΙ4690ΒΤ-ΝΔΧ,2026-04-28,ΧΕ-885 ΣΕΙΡΑ Α/2026 ΠΡΟΣΘΕΤΕΣ ΑΜΟΙΒΕΣ   3ου/26   ΝΟΣΗΛ/ΚΟ    ΠΡΟΣΩΠΙΚΟ   ΕΠΙ ΣΧΕΣΕΙ ΕΡΓΑΣΙΑΣ Ι.Δ.Α.Χ,,,,no sponsor block
ΡΦΨΨ4690ΒΤ-Β9Χ,2026-04-28,ΧΕ-884 ΣΕΙΡΑ Α/2026 ΠΡΟΣΘΕΤΕΣ ΑΜΟΙΒΕΣ   3ου/26   ΝΟΣΗΛ/ΚΟ    ΠΡΟΣΩΠΙΚΟ   Ν.Δ  1057/80,,,,no sponsor block
ΨΝ5Γ4690ΒΤ-ΦΝΥ,2026-04-28,ΧΕ-883 ΣΕΙΡΑ Α/2026 ΠΡΟΣΘΕΤΕΣ ΑΜΟΙΒΕΣ   3ου/26   ΜΟΝΙΜΟ-ΔΟΚΙΜΟ   ΠΡΟΣΩΠΙΚΟ   ΕΙΔ. ΘΕΣΕΩΝ,,,,no sponsor block
Ψ4954690ΒΤ-Ο8Π,2026-04-28,ΧΕ-882 ΣΕΙΡΑ Α/2026 ΠΡΟΣΘΕΤΕΣ ΑΜΟΙΒΕΣ   3ου/26   ΜΟΝΙΜΟ-ΔΟΚΙΜΟ ΒΟΗΘ.   ΠΡΟΣΩΠΙΚΟ,,,,no sponsor block
9ΡΚΚ4690ΒΤ-ΤΒ6,2026-04-28,ΧΕ-881 ΣΕΙΡΑ Α/2026 ΠΡΟΣΘΕΤΕΣ ΑΜΟΙΒΕΣ   3ου/26   ΔΙΟΙΚΗΤΙΚΟ  ΠΡΟΣΩΠΙΚΟ,,,,no sponsor block
964Χ4690ΒΤ-Μ28,2026-04-28,ΧΕ-880 ΣΕΙΡΑ Α/2026 ΠΡΟΣΘΕΤΕΣ ΑΜΟΙΒΕΣ  3ου/26   ΠΡΟΣΩΠΙΚΟ Ι.Δ  Ν.2470/96,,,,no sponsor block
9ΦΠΞ4690ΒΤ-ΡΟΓ,2026-04-28,ΧΕ-879 ΣΕΙΡΑ Α/2026 ΠΡΟΣΘΕΤΕΣ ΑΜΟΙΒΕΣ   3ου/26  Ο.Α.Ε.Δ ΚΟΙΝΩΦΕΛΟΥΣ ΕΡΓΑΣΙΑΣ,,,,no sponsor block
ΨΛ064690ΒΤ-ΚΗΩ,2026-04-28,ΧΕ-878 ΣΕΙΡΑ Α/2026 ΠΡΟΣΘΕΤΕΣ ΑΜΟΙΒΕΣ   3ου/26  ΝΕΟΠΡΟΣΛΑΜΒΑΝΟΜΕΝΟΙ Ο.Α.Ε.Δ ( 55-67 ) Π,,,,no sponsor block
ΨΓΒΞ4690ΒΤ-65Υ,2026-04-28,ΧΕ-877 ΣΕΙΡΑ Α/2026 ΠΡΟΣΘΕΤΕΣ ΑΜΟΙΒΕΣ   3ου/26  ΝΕΟΠΡΟΣΛΑΜΒΑΝΟΜΕΝΟΙ Ο.Α.Ε.Δ ( 55-67 ) Ν,,,,no sponsor block
ΡΓΨΕ4690ΒΤ-ΩΝΕ,2026-04-28,ΧΕ-876 ΣΕΙΡΑ Α/2026 ΠΡΟΣΘΕΤΕΣ ΑΜΟΙΒΕΣ   3ου/26   ΕΠΙΚΟΥΡΙΚΟ  ΠΡΟΣΩΠ  ΤΡΙΜΗΝΟ COVID,,,,no sponsor block
ΨΘΗ14690ΒΤ-650,2026-04-28,ΧΕ-875 ΣΕΙΡΑ Α/2026 ΠΡΟΣΘΕΤΕΣ ΑΜΟΙΒΕΣ   3ου/26   ΕΠΙΚΟΥΡΙΚΟ  ΠΡΟΣΩΠ,,,,no sponsor block
Ρ7ΧΠ4690ΒΤ-Μ7Ψ,2026-04-28,ΧΕ-874 ΣΕΙΡΑ Α/2026 ΠΡΟΣΘΕΤΕΣ ΑΜΟΙΒΕΣ   3ου/26   ΕΠΙΚΟΥΡΙΚΟ  ΠΡΟΣΩΠ   COVID,,,,no sponsor block
9ΛΒ74690ΒΤ-Ζ6Ο,2026-04-28,ΧΕ-873 ΣΕΙΡΑ Α/2026 ΠΡΟΣΘΕΤΕΣ ΑΜΟΙΒΕΣ  3ου/26   ΝΟΣΗΛΕΥΤΙΚΟ  ΠΡΟΣΩΠ,,,,no sponsor block
9ΧΗΠ4690ΒΤ-14Υ,2026-04-28,ΧΕ-872 ΣΕΙΡΑ Α/2026 ΤΑΚΤΙΚΕΣ  ΕΦΗΜΕΡΙΕΣ  3ου/2026   ΓΙΑΤΡΟΙ   Ε.Σ.Υ    ΤΟΥ  Κ.Ψ.ΥΓΕΙΑΣ,,,,no sponsor block
ΡΕ3Α4690ΒΤ-6ΩΝ,2026-04-28,ΧΕ-871 ΣΕΙΡΑ Α/2026 ΤΑΚΤΙΚΕΣ  ΕΦΗΜΕΡΙΕΣ  3ου/2026   ΓΙΑΤΡΟΙ   Ε.Σ.Υ    ΤΟΥ Ψ/Τ,,,,no sponsor block
ΨΤ8Λ4690ΒΤ-Λ0Μ,2026-04-28,ΧΕ-870 ΣΕΙΡΑ Α/2026 ΤΑΚΤΙΚΕΣ  ΕΦΗΜΕΡΙΕΣ  3ου/2026   ΓΙΑΤΡΟΙ   Ε.Σ.Υ  ΕΙΔΙΚ/ΝΟΙ  ΤΟΥ Ψ/Τ,,,,no sponsor block
ΨΟΗΤ4690ΒΤ-ΖΕΙ,2026-04-28,ΧΕ-869 ΣΕΙΡΑ Α/2026 ΤΑΚΤΙΚΕΣ  ΕΦΗΜΕΡΙΕΣ  3ου/2026   ΕΠΙΚΟΥΡΙΚΟΙ   Ε.Σ.Υ,,,,no sponsor block
9ΧΑ84690ΒΤ-8ΙΓ,2026-04-28,ΧΕ-868 ΣΕΙΡΑ Α/2026 ΤΑΚΤΙΚΕΣ  ΕΦΗΜΕΡΙΕΣ  3ου/2026    ΕΠΙΚΟΥΡΙΚΟΙ  Ε.Σ.Υ   COVID,,,,no sponsor block
9ΩΑΣ4690ΒΤ-ΚΡΔ,2026-04-28,ΧΕ-867 ΣΕΙΡΑ Α/2026 ΤΑΚΤΙΚΕΣ  ΕΦΗΜΕΡΙΕΣ  3ου/2026   ΓΙΑΤΡΟΙ  Ε.Σ.Υ   ΕΙΔΙΚ/ΝΟΙ,,,,no sponsor block
9ΜΧΕ4690ΒΤ-Γ08,2026-04-28,ΧΕ-866 ΣΕΙΡΑ Α/2026 ΤΑΚΤΙΚΕΣ  ΕΦΗΜΕΡΙΕΣ  3ου/2026   ΓΙΑΤΡΟΙ  Ε.Σ.Υ,,,,no sponsor block
Ρ7ΠΜ4690ΒΤ-Ξ02,2026-04-22,ΧΕ-802 ΣΕΙΡΑ Α/2026 ΤΑΚΤΙΚΗ ΜΙΣΘΟΔΟΣΙΑ ΜΕΤΑΠ/ΤΕΩΝ  4ος/2026    ΣΠΟΥΔΑΣΤΕΣ ΠΟΥ ΑΣΚΟΥΝΤΑΙ,,,,no sponsor block
ΨΒΥΥ4690ΒΤ-Α5Φ,2026-04-22,ΧΕ-801 ΣΕΙΡΑ Α/2026 ΤΑΚΤΙΚΗ ΜΙΣΘΟΔΟΣΙΑ ΜΕΤΑΠ/ΤΕΩΝ   3oς /2026   ΑΜΙΣΘΟΙ ΤΕΕ ( ΕΠΑΛ ),,,,no sponsor block
9ΒΘΦ4690ΒΤ-ΑΜΞ,2026-04-22,ΧΕ-800 ΣΕΙΡΑ Α/2026 ΤΑΚΤΙΚΗ ΜΙΣΘΟΔΟΣΙΑ ΜΕΤΑΠ/ΤΕΩΝ  4ος/2026    ΑΜΙΣΘΟΙ ΤΕΕ ΔΙΕΚ,,,,no sponsor block
ΡΨΒΠ4690ΒΤ-ΞΔ4,2026-04-22,ΧΕ-799 ΣΕΙΡΑ Α/2026 ΤΑΚΤΙΚΗ ΜΙΣΘΟΔΟΣΙΑ ΜΕΤΑΠ/ΤΕΩΝ  4ος/2026   ΝΕΟΠΡΟΣΛΑΜΒΑΝΟΜΕΝΟΙ  Ο.Α.Ε.Δ  ( Κ ),,,,no sponsor block
9ΣΗ84690ΒΤ-ΓΗΑ,2026-04-22,ΧΕ-798 ΣΕΙΡΑ Α/2026 ΤΑΚΤΙΚΗ ΜΙΣΘΟΔΟΣΙΑ ΜΕΤΑΠ/ΤΕΩΝ  4ος/2026   ΝΕΟΠΡΟΣΛΑΜΒΑΝΟΜΕΝΟΙ  Ο.Α.Ε.Δ  ( Π ),,,,no sponsor block
ΡΩΦΗ4690ΒΤ-ΕΔΒ,2026-04-22,ΧΕ-797 ΣΕΙΡΑ Α/2026 ΑΝΑΔΡΟΜΙΚΑ  ΜΕΤΑΠ/ΤΕΩΝ  4ος/2026  ΑΣΚΟΥΜΕΝΟΙ Ο.Α.Ε.Δ,,,,no sponsor block
6ΑΕ04690ΒΤ-ΖΦ7,2026-04-22,ΧΕ-796 ΣΕΙΡΑ Α/2026 ΤΑΚΤΙΚΗ ΜΙΣΘΟΔΟΣΙΑ ΜΕΤΑΠ/ΤΕΩΝ  3ος/2026  ΑΣΚΟΥΜΕΝΟΙ Ο.Α.Ε.Δ,,,,no sponsor block
9ΡΠΩ4690ΒΤ-0ΩΝ,2026-04-22,ΧΕ-795 ΣΕΙΡΑ Α/2026 ΤΑΚΤΙΚΗ ΜΙΣΘΟΔΟΣΙΑ ΜΕΤΑΠ/ΤΕΩΝ  4ος/2026  ΕΠΙΚΟΥΡΙΚΟ ΠΡΟΣΩΠΙΚΟ,,,,no sponsor block
68ΗΥ4690ΒΤ-ΘΘ1,2026-04-22,ΧΕ-794 ΣΕΙΡΑ Α/2026 ΤΑΚΤΙΚΗ ΜΙΣΘΟΔΟΣΙΑ ΜΕΤΑΠ/ΤΕΩΝ  4ος/2026  ΕΠΙΚΟΥΡΙΚΟΙ Ε.Σ.Υ,,,,no sponsor block
96Π74690ΒΤ-Ε9Τ,2026-04-22,ΧΕ-793 ΣΕΙΡΑ Α/2026 ΤΑΚΤΙΚΗ ΜΙΣΘΟΔΟΣΙΑ ΜΕΤΑΠ/ΤΕΩΝ  4ος/2026  ΕΠΙΚΟΥΡΙΚΟΙ Ε.Σ.Υ  COVID,,,,no sponsor block
99Β54690ΒΤ-Α5Τ,2026-04-22,ΧΕ-792 ΣΕΙΡΑ Α/2026 ΑΝΑΔΡΟΜΙΚΑ 4ου/26 ΕΠΙΚΟΥΡΙΚΟ ΠΡΟΣΩΠΙΚΟ COVID,,,,no sponsor block
ΨΔΖΕ4690ΒΤ-ΤΦΘ,2026-04-22,ΧΕ-791 ΣΕΙΡΑ Α/2026 ΤΑΚΤΙΚΗ ΜΙΣΘΟΔΟΣΙΑ ΜΕΤΑΠ/ΤΕΩΝ  4ος/2026  ΕΠΙΚΟΥΡΙΚΟ ΤΡΙΜΗΝΟ  ΠΡΟΣΩΠΙΚΟ COVID,,,,no sponsor block
ΨΜΜΓ4690ΒΤ-ΝΑΠ,2026-04-22,ΧΕ-790 ΣΕΙΡΑ Α/2026 ΤΑΚΤΙΚΗ ΜΙΣΘΟΔΟΣΙΑ ΜΕΤΑΠ/ΤΕΩΝ  4ος/2026  ΕΠΙΣΤΗΜΟΝΙΚΟ  ΠΡΟΣΩΠΙΚΟ COVID,,,,no sponsor block
9ΩΘΞ4690ΒΤ-3ΝΠ,2026-04-22,ΧΕ-789 ΣΕΙΡΑ Α/2026 ΤΑΚΤΙΚΗ ΜΙΣΘΟΔΟΣΙΑ ΜΕΤΑΠ/ΤΕΩΝ  4ος/2026  ΕΠΙΚΟΥΡΙΚΟ  ΠΡΟΣΩΠΙΚΟ COVID,,,,no sponsor block
986Ψ4690ΒΤ-0Ρ3,2026-04-21,ΧΕ-788 ΣΕΙΡΑ Α/2026 ΑΠΟΔΟΣΗ ΚΡΑΤΗΣΕΩΝ ΑΠΟ ΠΛΗΡΩΜΗ ΜΕΣΩ ΕΑΠ ΓΙΑ ΑΠΟΓΕΥΜΑΤΙΝΑ ΙΑΤΡΕΙΑ ΜΗΝΟΣ ΑΠΡΙΛΙΟΥ  2026,999825956,ΤΣΑΥ ΚΑΙ ΛΟΙΠΑ ΤΑΜΕΙΑ,136.56,self-referential (payroll/EFKA/FMY remittance)
986Ψ4690ΒΤ-0Ρ3,2026-04-21,ΧΕ-788 ΣΕΙΡΑ Α/2026 ΑΠΟΔΟΣΗ ΚΡΑΤΗΣΕΩΝ ΑΠΟ ΠΛΗΡΩΜΗ ΜΕΣΩ ΕΑΠ ΓΙΑ ΑΠΟΓΕΥΜΑΤΙΝΑ ΙΑΤΡΕΙΑ ΜΗΝΟΣ ΑΠΡΙΛΙΟΥ  2026,999825956,ΤΣΑΥ ΚΑΙ ΛΟΙΠΑ ΤΑΜΕΙΑ,1283.21,self-referential (payroll/EFKA/FMY remittance)
6ΧΕΖ4690ΒΤ-Λ5Π,2026-04-21,ΧΕ-787 ΣΕΙΡΑ Α/2026 ΑΠΟΔΟΣΗ ΚΡΑΤΗΣΕΩΝ ΑΠΟ ΠΛΗΡΩΜΗ ΜΕΣΩ ΕΑΠ ΜΗΝΟΣ ΑΠΡΙΛΙΟΥ  2026,999825956,ΤΣΑΥ ΚΑΙ ΛΟΙΠΑ ΤΑΜΕΙΑ,66754.85,self-referential (payroll/EFKA/FMY remittance)
6ΧΕΖ4690ΒΤ-Λ5Π,2026-04-21,ΧΕ-787 ΣΕΙΡΑ Α/2026 ΑΠΟΔΟΣΗ ΚΡΑΤΗΣΕΩΝ ΑΠΟ ΠΛΗΡΩΜΗ ΜΕΣΩ ΕΑΠ ΜΗΝΟΣ ΑΠΡΙΛΙΟΥ  2026,999825956,ΤΣΑΥ ΚΑΙ ΛΟΙΠΑ ΤΑΜΕΙΑ,5024.85,self-referential (payroll/EFKA/FMY remittance)
6ΧΕΖ4690ΒΤ-Λ5Π,2026-04-21,ΧΕ-787 ΣΕΙΡΑ Α/2026 ΑΠΟΔΟΣΗ ΚΡΑΤΗΣΕΩΝ ΑΠΟ ΠΛΗΡΩΜΗ ΜΕΣΩ ΕΑΠ ΜΗΝΟΣ ΑΠΡΙΛΙΟΥ  2026,999825956,ΤΣΑΥ ΚΑΙ ΛΟΙΠΑ ΤΑΜΕΙΑ,94075.44,self-referential (payroll/EFKA/FMY remittance)
98ΝΣ4690ΒΤ-ΛΒ8,2026-04-17,ΧΕ-730 ΣΕΙΡΑ Α/2026 ΟΔΟΙΠΟΡΙΚΑ ΕΞΟΔΑ ΚΑΙ ΗΜΕΡΗΣΙΑ ΑΠΟΖΗΜΙΩΣΗ,,,,no sponsor block
ΨΗΞΗ4690ΒΤ-Ν21,2026-04-17,ΧΕ-729 ΣΕΙΡΑ Α/2026 ΟΔΟΙΠΟΡΙΚΑ ΕΞΟΔΑ ΚΑΙ ΗΜΕΡΗΣΙΑ ΑΠΟΖΗΜΙΩΣΗ,,,,no sponsor block
ΨΨΥΞ4690ΒΤ-ΓΔΒ,2026-04-17,ΧΕ-728 ΣΕΙΡΑ Α/2026 ΟΔΟΙΠΟΡΙΚΑ ΕΞΟΔΑ ΚΑΙ ΗΜΕΡΗΣΙΑ ΑΠΟΖΗΜΙΩΣΗ  3ος /2026,,,,no sponsor block
ΡΒΘΞ4690ΒΤ-2ΦΛ,2026-04-08,ΧΕ-710 ΣΕΙΡΑ Α/2026 Αμοιβή  Προσωπικου   λογω συμμετοχής στην ολοήμερη λειτουργία,,,,no sponsor block
ΡΞ8Τ4690ΒΤ-1ΦΞ,2026-04-08,ΧΕ-709 ΣΕΙΡΑ Α/2026 Αμοιβή Τεχνολόγων  λογω συμμετοχής στην ολοήμερη λειτουργία,,,,no sponsor block
9Ο234690ΒΤ-1ΛΦ,2026-04-08,ΧΕ-708 ΣΕΙΡΑ Α/2026 Αμοιβή Ιατρικού Προσωπικού λογω συμμετοχής στην ολοήμερη λειτουργία,,,,no sponsor block
Ψ3ΦΔ4690ΒΤ-ΓΑ7,2026-04-08,ΧΕ-707 ΣΕΙΡΑ Α/2026 Αμοιβή Ιατρικού Προσωπικού λογω συμμετοχής στην ολοήμερη λειτουργία,,,,no sponsor block
9Γ0Α4690ΒΤ-ΘΛ9,2026-04-06,ΧΕ-679 ΣΕΙΡΑ Α/2026 ΟΔΟΙΠΟΡΙΚΑ ΕΞΟΔΑ ΚΑΙ ΗΜΕΡΗΣΙΑ ΑΠΟΖΗΜΙΩΣΗ /2026,,,,no sponsor block
92Η84690ΒΤ-1Ν1,2026-04-03,ΧΕ-651 ΣΕΙΡΑ Α/2026 Πρόσθετες αμοιβές  Φεβρουαρίου /2026  12 μηνα Ο.Α.Ε.Δ Δημ.Προσκληση 10/2017,,,,no sponsor block
9Η0Ξ4690ΒΤ-ΓΛΛ,2026-04-03,ΧΕ-650 ΣΕΙΡΑ Α/2026 Πρόσθετες αμοιβές  Φεβρουαρίου /2026  12 μηνα Ο.Α.Ε.Δ Δημ.Προσκληση 13/2016,,,,no sponsor block
9ΛΡ94690ΒΤ-ΟΝ0,2026-04-03,ΧΕ-649 ΣΕΙΡΑ Α/2026 Τακτική μισθοδοσία  Μαρτίου 2026  12 μηνα Ο.Α.Ε.Δ  Δημ.Προσκ. 3/2025,,,,no sponsor block
9ΚΘ74690ΒΤ-1ΘΕ,2026-04-03,ΧΕ-648 ΣΕΙΡΑ Α/2026 Τακτική μισθοδοσία  Μαρτίου /2026  12 μηνα Ο.Α.Ε.Δ  Δημ.Προσκ.13/2016,,,,no sponsor block
ΨΛ7Β4690ΒΤ-ΟΙΜ,2026-04-03,ΧΕ-647 ΣΕΙΡΑ Α/2026 Τακτική μισθοδοσία  Μαρτίου  /2026  12 μηνα Ο.Α.Ε.Δ  Δημ.Προσκ.10/2017,,,,no sponsor block
638Ω4690ΒΤ-9Ε0,2026-04-02,ΧΕ-637 ΣΕΙΡΑ Α/2026 ΟΔΟΙΠΟΡΙΚΑ ΕΞΟΔΑ ΚΑΙ ΗΜΕΡΗΣΙΑ ΑΠΟΖΗΜΙΩΣΗ ΥΠΑΛΛΗΛΩΝ 12ος/25,,,,no sponsor block
68Γ04690ΒΤ-1ΩΘ,2026-04-02,ΧΕ-636 ΣΕΙΡΑ Α/2026 ΟΔΟΙΠΟΡΙΚΑ ΕΞΟΔΑ ΚΑΙ ΗΜΕΡΗΣΙΑ ΑΠΟΖΗΜΙΩΣΗ ΥΠΑΛΛΗΛΩΝ 12ος/25,,,,no sponsor block
9ΑΠΕ4690ΒΤ-4ΨΒ,2026-04-01,ΧΕ-620 ΣΕΙΡΑ Α/2026 ΑΠΟΔΟΣΗ ΚΡΑΤΗΣΕΩΝ ΑΠΟ ΠΛΗΡΩΜΗ ΠΡΟΜΗΘΕΥΤΩΝ ΜΗΝΟΣ ΜΑΡΤΙΟΥ 2026,999825956,ΚΡΑΤΗΣΕΙΣ ΥΠΕΡ Δ.Ο.Υ.- ΤΡΑΠΕΖΩΝ,55311.81,self-referential (payroll/EFKA/FMY remittance)
92ΩΥ4690ΒΤ-ΔΝΩ,2026-03-30,ΧΕ-588 ΣΕΙΡΑ Α/2026 ΠΡΟΣΘΕΤΕΣ ΑΜΟΙΒΕΣ  2ου/26   ΤΕΧΝΙΚΟ ΠΡΟΣΩΠ,,,,no sponsor block
ΡΡΥ04690ΒΤ-44Β,2026-03-30,ΧΕ-587 ΣΕΙΡΑ Α/2026 ΤΑΚΤΙΚΕΣ  ΕΦΗΜΕΡΙΕΣ  2ου/2026    ΓΙΑΤΡΟΙ   Ε.Σ.Υ  ΕΙΔΙΚ/ΝΟΙ  ΤΟΥ  Ψ/Τ,,,,no sponsor block
9ΤΘΜ4690ΒΤ-ΨΥ2,2026-03-30,ΧΕ-586 ΣΕΙΡΑ Α/2026 ΤΑΚΤΙΚΕΣ  ΕΦΗΜΕΡΙΕΣ  2ου/2026    ΓΙΑΤΡΟΙ   Ε.Σ.Υ ΤΟΥ Κ.Ψ.ΥΓΕΙΑΣ,,,,no sponsor block
9Ε6Κ4690ΒΤ-09Ι,2026-03-30,ΧΕ-585 ΣΕΙΡΑ Α/2026 ΤΑΚΤΙΚΕΣ  ΕΦΗΜΕΡΙΕΣ  2ου/2026    ΓΙΑΤΡΟΙ   Ε.Σ.Υ ΤΟΥ Ψ/Τ,,,,no sponsor block
63ΑΟ4690ΒΤ-Υ9Β,2026-03-30,ΧΕ-584 ΣΕΙΡΑ Α/2026 ΤΑΚΤΙΚΕΣ  ΕΦΗΜΕΡΙΕΣ  2ου/2026    ΕΠΙΚΟΥΡΙΚΟΙ  Ε.Σ.Υ,,,,no sponsor block
ΨΩΩΓ4690ΒΤ-ΥΗΣ,2026-03-30,ΧΕ-583 ΣΕΙΡΑ Α/2026 ΤΑΚΤΙΚΕΣ  ΕΦΗΜΕΡΙΕΣ  2ου/2026    ΕΠΙΚΟΥΡΙΚΟΙ  Ε.Σ.Υ (  COVID ),,,,no sponsor block
9ΞΞ14690ΒΤ-31Ι,2026-03-30,ΧΕ-582 ΣΕΙΡΑ Α/2026 ΤΑΚΤΙΚΕΣ  ΕΦΗΜΕΡΙΕΣ  2ου/2026   ΓΙΑΤΡΟΙ  Ε.Σ.Υ ΕΙΔΙΚ/ΝΟΙ,,,,no sponsor block
96ΧΟ4690ΒΤ-ΧΞ6,2026-03-30,ΧΕ-581 ΣΕΙΡΑ Α/2026 ΤΑΚΤΙΚΕΣ  ΕΦΗΜΕΡΙΕΣ  2ου/2026   ΓΙΑΤΡΟΙ  Ε.Σ.Υ,,,,no sponsor block
ΡΥ4Ι4690ΒΤ-9ΨΔ,2026-03-30,ΧΕ-580 ΣΕΙΡΑ Α/2026 ΠΡΟΣΘΕΤΕΣ ΑΜΟΙΒΕΣ 2ου/26   ΝΟΣΗΛ/ΚΟ ΠΡΟΣ/ΚΟ  Ν.Δ 1057 /80   ΤΟΥ Ψ/Τ,,,,no sponsor block
ΨΘ2Ο4690ΒΤ-ΣΟΗ,2026-03-30,ΧΕ-578 ΣΕΙΡΑ Α/2026 ΠΡΟΣΘΕΤΕΣ ΑΜΟΙΒΕΣ 2ου/26   ΝΕΟΠΡΟΣΛΑΜΒΑΝΟΜΕΝΟΙ Ο.Α.ΕΔ  ΤΟΥ Ψ/Τ,,,,no sponsor block
9Ε0Δ4690ΒΤ-ΦΘΟ,2026-03-30,ΧΕ-577 ΣΕΙΡΑ Α/2026 ΠΡΟΣΘΕΤΕΣ ΑΜΟΙΒΕΣ 2ου/26   ΕΠΙΚΟΥΡΙΚΟ .ΠΡΟΣΩΠ  (  COVID ) ΤΟΥ Ψ/Τ,,,,no sponsor block
96ΩΨ4690ΒΤ-ΒΣΨ,2026-03-30,ΧΕ-579 ΣΕΙΡΑ Α/2026 ΠΡΟΣΘΕΤΕΣ ΑΜΟΙΒΕΣ 2ου/26   ΜΟΝΙΜΟ-ΔΟΚΙΜΟ ΒΟΗΘ. ΠΡΟΣΩΠ.  ΤΟΥ Ψ/Τ,,,,no sponsor block
ΡΛΒΟ4690ΒΤ-ΞΒΗ,2026-03-30,ΧΕ-576 ΣΕΙΡΑ Α/2026 ΠΡΟΣΘΕΤΕΣ ΑΜΟΙΒΕΣ 2ου/26   ΕΠΙΚΟΥΡΙΚΟ .ΠΡΟΣΩΠ ΤΡΙΜΗΝΟ (  COVID ) ΤΟΥ Ψ/Τ,,,,no sponsor block
Ψ7014690ΒΤ-ΒΔΑ,2026-03-30,ΧΕ-575 ΣΕΙΡΑ Α/2026 ΑΠΟΖΗΜΙΩΣΗ ΕΦΗΜΕΡΙΩΝ 2ου/26 ΕΠΙΣΤΗΜΟΝΙΚΟ ΠΡΟΣΩΠΙΚΟ    ΤΟΥ Ψ/Τ,,,,no sponsor block
ΨΛΣΞ4690ΒΤ-ΚΥ1,2026-03-30,ΧΕ-574 ΣΕΙΡΑ Α/2026 ΑΠΟΖΗΜΙΩΣΗ ΕΦΗΜΕΡΙΩΝ 2ου/26 ΕΠΙΣΤΗΜΟΝΙΚΟ ΠΡΟΣΩΠΙΚΟ    ΤΟΥ Ψ/Τ,,,,no sponsor block
909Χ4690ΒΤ-Τ5Σ,2026-03-30,ΧΕ-573 ΣΕΙΡΑ Α/2026 ΑΠΟΖΗΜΙΩΣΗ ΕΦΗΜΕΡΙΩΝ 2ου/26 ΕΠΙΣΤΗΜΟΝΙΚΟ ΠΡΟΣΩΠΙΚΟ  Ι.Δ  Ν.Δ 1057/80  ΤΟΥ Ψ/Τ,,,,no sponsor block
ΡΛΤΦ4690ΒΤ-ΤΓ5,2026-03-30,ΧΕ-572 ΣΕΙΡΑ Α/2026 ΠΡΟΣΘΕΤΕΣ ΑΜΟΙΒΕΣ 2ου/26  .ΠΡΟΣΩΠ. ΕΠΙ ΣΧΕΣΕΙ ΕΡΓΑΣΙΑΣ Ι.Δ.Α.Χ  ΤΟΥ Ψ/Τ,,,,no sponsor block
9ΦΑΙ4690ΒΤ-Η9Δ,2026-03-30,ΧΕ-571 ΣΕΙΡΑ Α/2026 ΠΡΟΣΘΕΤΕΣ ΑΜΟΙΒΕΣ 2ου/26   ΝΟΣΗΛΕΥΤΙΚΟ ΠΡΟΣΩΠ  ΤΟΥ Ψ/Τ,,,,no sponsor block
ΡΠ674690ΒΤ-ΙΦ7,2026-03-30,ΧΕ-570 ΣΕΙΡΑ Α/2026 ΠΡΟΣΘΕΤΕΣ ΑΜΟΙΒΕΣ 2ου/26   ΕΠΙΚΟΥΡΙΚΟ .ΠΡΟΣΩΠ,,,,no sponsor block
97ΞΡ4690ΒΤ-66Μ,2026-03-30,ΧΕ-569 ΣΕΙΡΑ Α/2026 ΠΡΟΣΘΕΤΕΣ ΑΜΟΙΒΕΣ 2ου/26  ΜΟΝ.ΔΟΚ  .ΠΡΟΣΩΠ. ΒΟΗΘ.,,,,no sponsor block
9ΒΛ24690ΒΤ-ΘΝΓ,2026-03-30,ΧΕ-568 ΣΕΙΡΑ Α/2026 ΠΡΟΣΘΕΤΕΣ ΑΜΟΙΒΕΣ 2ου/26  ΠΡΟΣΩΠ. ΕΠΙ ΣΧΕΣΕΙ ΕΓΑΣΙΑΣ Ι.Δ.Α.Χ,,,,no sponsor block
9ΙΑ74690ΒΤ-ΒΚΨ,2026-03-30,ΧΕ-567 ΣΕΙΡΑ Α/2026 ΠΡΟΣΘΕΤΕΣ ΑΜΟΙΒΕΣ 2ου/26  ΜΟΝ.ΔΟΚ.ΠΡΟΣΩΠ. ΕΙΔ. ΘΕΣΕΩΝ,,,,no sponsor block
6ΝΙ34690ΒΤ-Ψ3Π,2026-03-30,ΧΕ-566 ΣΕΙΡΑ Α/2026 ΠΡΟΣΘΕΤΕΣ ΑΜΟΙΒΕΣ 2ου/26  ΜΟΣΗΛ .ΠΡΟΣΩΠ  Ν.Δ 1057/80,,,,no sponsor block
ΨΨ6Μ4690ΒΤ-Χ6Μ,2026-03-30,ΧΕ-565 ΣΕΙΡΑ Α/2026 ΠΡΟΣΘΕΤΕΣ ΑΜΟΙΒΕΣ  2ου/26  ΑΠΟΣΠΑΣΜΕΝΟΙ,,,,no sponsor block
Ψ81Ι4690ΒΤ-5ΗΜ,2026-03-30,ΧΕ-564 ΣΕΙΡΑ Α/2026 ΠΡΟΣΘΕΤΕΣ ΑΜΟΙΒΕΣ  2ου/26  ΔΙΟΙΚΗΤΙΚΟ .ΠΡΟΣΩΠ,,,,no sponsor block
ΡΕ4Ο4690ΒΤ-ΒΕΡ,2026-03-30,ΧΕ-563 ΣΕΙΡΑ Α/2026 ΠΡΟΣΘΕΤΕΣ ΑΜΟΙΒΕΣ  2ου/26  ΝΕΟΠΡΟΣΛΑΜΒΑΝΟΜΕΝΟΙ Ο.Α.Ε.Δ ( Ν,,,,no sponsor block
945Ρ4690ΒΤ-ΠΜΣ,2026-03-30,ΧΕ-562 ΣΕΙΡΑ Α/2026 ΠΡΟΣΘΕΤΕΣ ΑΜΟΙΒΕΣ  2ου/26  ΝΕΟΠΡΟΣΛΑΜΒΑΝΟΜΕΝΟΙ Ο.Α.Ε.Δ ( Π ),,,,no sponsor block
ΨΑ3Δ4690ΒΤ-ΝΜΜ,2026-03-30,ΧΕ-561 ΣΕΙΡΑ Α/2026 ΠΡΟΣΘΕΤΕΣ ΑΜΟΙΒΕΣ 2ου/26    ΕΠΙΚΟΥΡΙΚΟ ΤΡΙΜΗΝΟ COVID ΠΡΟΣΩΠΙΚΟ,,,,no sponsor block
9ΟΒΓ4690ΒΤ-ΞΛΗ,2026-03-30,ΧΕ-560 ΣΕΙΡΑ Α/2026 ΠΡΟΣΘΕΤΕΣ ΑΜΟΙΒΕΣ  2ου/26  .ΠΡΟΣΩΠ.  I.Δ. Ν. 2470/96,,,,no sponsor block
9Θ3Α4690ΒΤ-ΤΘ1,2026-03-30,ΧΕ-559 ΣΕΙΡΑ Α/2026 ΠΡΟΣΘΕΤΕΣ ΑΜΟΙΒΕΣ 2ου/26   ΕΠΙΚΟΥΡΙΚΟ .ΠΡΟΣΩΠ  COVID,,,,no sponsor block
63494690ΒΤ-ΨΥΣ,2026-03-30,ΧΕ-558 ΣΕΙΡΑ Α/2026 ΠΡΟΣΘΕΤΕΣ ΑΜΟΙΒΕΣ 2ου/26    Ο.Α.Ε.Δ ΚΟΙΝΩΦΕΛΟΥΣ ΕΡΓΑΣΙΑΣ,,,,no sponsor block
ΨΧ7Η4690ΒΤ-ΙΤ6,2026-03-30,ΧΕ-557 ΣΕΙΡΑ Α/2026 ΑΠΟΖΗΜΙΩΣΗ ΕΦΗΜΕΡΙΩΝ  2ου/26  ΕΠΙΣΤΗΜΟΝΙΚΟ ΠΡΟΣΩΠΙΚΟ,,,,no sponsor block
9Τ9Ν4690ΒΤ-ΚΚΕ,2026-03-30,ΧΕ-556 ΣΕΙΡΑ Α/2026 ΑΠΟΖΗΜΙΩΣΗ ΕΦΗΜΕΡΙΩΝ  2ου/26  ΕΠΙΣΤΗΜΟΝΙΚΟ ΠΡΟΣΩΠΙΚΟ,,,,no sponsor block
ΡΩΩ64690ΒΤ-ΖΨ4,2026-03-30,ΧΕ-555 ΣΕΙΡΑ Α/2026 ΑΠΟΖΗΜΙΩΣΗ ΕΦΗΜΕΡΙΩΝ  2ου/26  ΕΠΙΣΤΗΜΟΝΙΚΟ ΠΡΟΣΩΠΙΚΟ,,,,no sponsor block
ΨΤΨΘ4690ΒΤ-ΖΔ3,2026-03-30,ΧΕ-554 ΣΕΙΡΑ Α/2026 ΠΡΟΣΘΕΤΕΣ ΑΜΟΙΒΕΣ  2ου/26   ΝΟΣΗΛΕΥΤΙΚΟ  ΠΡΟΣΩΠΙΚΟ,,,,no sponsor block
Ψ2774690ΒΤ-5ΩΘ,2026-03-24,ΧΕ-552 ΣΕΙΡΑ Α/2026 ΤΑΚΤΙΚΗ ΜΙΣΘΟΔΟΣΙΑ ΜΕΤΑΠ/ΤΕΩΝ  3ος/2026    ΑΜΙΣΘΟΙ ΤΕΕ ΔΙΕΚ,,,,no sponsor block
9Ω294690ΒΤ-ΒΓΠ,2026-03-24,ΧΕ-551 ΣΕΙΡΑ Α/2026 ΤΑΚΤΙΚΗ ΜΙΣΘΟΔΟΣΙΑ ΜΕΤΑΠ/ΤΕΩΝ   2oς /2026   ΑΜΙΣΘΟΙ ΤΕΕ ( ΕΠΑΛ ),,,,no sponsor block
ΡΩΛΘ4690ΒΤ-12Ξ,2026-03-24,ΧΕ-550 ΣΕΙΡΑ Α/2026 ΤΑΚΤΙΚΗ ΜΙΣΘΟΔΟΣΙΑ ΜΕΤΑΠ/ΤΕΩΝ  3ος/2026    ΣΠΟΥΔΑΣΤΕΣ ΠΟΥ ΑΣΚΟΥΝΤΑΙ ΤΕΙ,,,,no sponsor block
9ΧΦ14690ΒΤ-Δ9Ο,2026-03-24,ΧΕ-549 ΣΕΙΡΑ Α/2026 ΑΝΑΔΡΟΜΙΚΑ ΦΕΒΡΟΥΑΡΙΟΥ/26 ΑΣΚΟΥΜΕΝΟΙ Ο.Α.Ε.Δ,,,,no sponsor block
ΡΙ984690ΒΤ-ΞΩ8,2026-03-24,ΧΕ-548 ΣΕΙΡΑ Α/2026 ΤΑΚΤΙΚΗ ΜΙΣΘΟΔΟΣΙΑ ΜΕΤΑΠ/ΤΕΩΝ  3ος/2026  ΕΠΙΣΤΗΜΟΝΙΚΟ ΠΡΟΣΩΠΙΚΟ,,,,no sponsor block
ΨΕΨ44690ΒΤ-ΕΔΕ,2026-03-24,ΧΕ-547 ΣΕΙΡΑ Α/2026 ΤΑΚΤΙΚΗ ΜΙΣΘΟΔΟΣΙΑ ΜΕΤΑΠ/ΤΕΩΝ  2ος/2026  ΑΣΚΟΥΜΕΝΟΙ Ο.Α.Ε.Δ,,,,no sponsor block
Ρ7Χ64690ΒΤ-5ΡΧ,2026-03-24,ΧΕ-546 ΣΕΙΡΑ Α/2026 ΑΝΑΔΡΟΜΙΚΑ ΜΑΡΤΙΟΥ ΕΠΙΚΟΥΡΙΚΟΙ.Ε..Σ.Υ,,,,no sponsor block
9ΣΥΜ4690ΒΤ-Ξ43,2026-03-24,ΧΕ-545 ΣΕΙΡΑ Α/2026 ΤΑΚΤΙΚΗ ΜΙΣΘΟΔΟΣΙΑ ΜΕΤΑΠ/ΤΕΩΝ  3ος/2026  ΕΠΙΚΟΥΡΙΚΟΙ Ε.Σ.Υ,,,,no sponsor block
9ΝΖΙ4690ΒΤ-ΝΔΦ,2026-03-24,ΧΕ-544 ΣΕΙΡΑ Α/2026 ΤΑΚΤΙΚΗ ΜΙΣΘΟΔΟΣΙΑ ΜΕΤΑΠ/ΤΕΩΝ  3ος/2026  ΕΠΙΚΟΥΡΙΚΟ ΠΡΟΣΩΠΙΚΟ,,,,no sponsor block
Ψ6ΖΨ4690ΒΤ-Τ0Φ,2026-03-24,ΧΕ-543 ΣΕΙΡΑ Α/2026 ΑΝΑΔΡΟΜΙΚΑ Ο.Α.Ε.Δ  ( Π ),,,,no sponsor block
Ψ0Ξ44690ΒΤ-87Ε,2026-03-24,ΧΕ-542 ΣΕΙΡΑ Α/2026 ΤΑΚΤΙΚΗ ΜΙΣΘΟΔΟΣΙΑ ΜΕΤΑΠ/ΤΕΩΝ  3ος/2026  ΝΕΟΠΡΟΣΛΑΜΒΑΝΟΜΕΝΟΙ  Ο.Α.ΕΔ ( Π  ),,,,no sponsor block
ΡΞΖΘ4690ΒΤ-Α3Ζ,2026-03-24,ΧΕ-541 ΣΕΙΡΑ Α/2026 ΤΑΚΤΙΚΗ ΜΙΣΘΟΔΟΣΙΑ ΜΕΤΑΠ/ΤΕΩΝ  3ος/2026  ΝΕΟΠΡΟΣΛΑΜΒΑΝΟΜΕΝΟΙ  Ο.Α.ΕΔ ( Ν ),,,,no sponsor block
92ΛΧ4690ΒΤ-ΘΘ3,2026-03-24,ΧΕ-540 ΣΕΙΡΑ Α/2026 ΤΑΚΤΙΚΗ ΜΙΣΘΟΔΟΣΙΑ ΜΕΤΑΠ/ΤΕΩΝ  3ος/2026  ΕΠΙΚΟΥΡΙΚΟ ΠΡΟΣΩΠΙΚΟ ΤΡΙΜΗΝΑ  COVID,,,,no sponsor block
97ΤΒ4690ΒΤ-Κ3Ν,2026-03-24,ΧΕ-541 ΣΕΙΡΑ Α/2026 ΤΑΚΤΙΚΗ ΜΙΣΘΟΔΟΣΙΑ ΜΕΤΑΠ/ΤΕΩΝ  3ος/2026  ΝΕΟΠΡΟΣΛΑΜΒΑΝΟΜΕΝΟΙ  Ο.Α.ΕΔ ( Ν ),,,,no sponsor block
9ΕΩΓ4690ΒΤ-1ΩΕ,2026-03-24,ΧΕ-540 ΣΕΙΡΑ Α/2026 ΤΑΚΤΙΚΗ ΜΙΣΘΟΔΟΣΙΑ ΜΕΤΑΠ/ΤΕΩΝ  3ος/2026  ΕΠΙΚΟΥΡΙΚΟ  ΠΡΟΣΩΠΙΚΟ ΤΡΙΜΗΝΑ  COVID,,,,no sponsor block
ΡΟΩ64690ΒΤ-ΗΔ6,2026-03-24,ΧΕ-539 ΣΕΙΡΑ Α/2026 ΑΝΑΔΡΟΜΙΚΑ ΜΑΡΤΙΟΥ/26 ΕΠΙΚΟΥΡΙΚΟΙ Ε.Σ.Υ  COVID,,,,no sponsor block
94ΥΦ4690ΒΤ-6ΜΕ,2026-03-24,ΧΕ-538 ΣΕΙΡΑ Α/2026 ΤΑΚΤΙΚΗ ΜΙΣΘΟΔΟΣΙΑ ΜΕΤΑΠ/ΤΕΩΝ  3ος/2026  ΕΠΙΚΟΥΡΙΚΟΙ  Ε.Σ.Υ  COVID,,,,no sponsor block
ΨΗ844690ΒΤ-00Α,2026-03-24,ΧΕ-537 ΣΕΙΡΑ Α/2026 ΤΑΚΤΙΚΗ ΜΙΣΘΟΔΟΣΙΑ ΜΕΤΑΠ/ΤΕΩΝ  3ος/2026  ΕΠΙΚΟΥΡΙΚΟ  ΠΡΟΣΩΠΙΚΟ COVID,,,,no sponsor block
9Β0Δ4690ΒΤ-Ψ00,2026-03-20,ΧΕ-516 ΣΕΙΡΑ Α/2026 ΑΠΟΔΟΣΗ ΚΡΑΤΗΣΕΩΝ ΑΠΟ ΠΛΗΡΩΜΗ ΜΕΣΩ ΕΑΠ ΜΗΝΟΣ ΜΑΡΤΙΟΥ  2026,999825956,ΤΣΑΥ ΚΑΙ ΛΟΙΠΑ ΤΑΜΕΙΑ,725.41,self-referential (payroll/EFKA/FMY remittance)
9Β0Δ4690ΒΤ-Ψ00,2026-03-20,ΧΕ-516 ΣΕΙΡΑ Α/2026 ΑΠΟΔΟΣΗ ΚΡΑΤΗΣΕΩΝ ΑΠΟ ΠΛΗΡΩΜΗ ΜΕΣΩ ΕΑΠ ΜΗΝΟΣ ΜΑΡΤΙΟΥ  2026,999825956,ΤΣΑΥ ΚΑΙ ΛΟΙΠΑ ΤΑΜΕΙΑ,18716.55,self-referential (payroll/EFKA/FMY remittance)
9Β0Δ4690ΒΤ-Ψ00,2026-03-20,ΧΕ-516 ΣΕΙΡΑ Α/2026 ΑΠΟΔΟΣΗ ΚΡΑΤΗΣΕΩΝ ΑΠΟ ΠΛΗΡΩΜΗ ΜΕΣΩ ΕΑΠ ΜΗΝΟΣ ΜΑΡΤΙΟΥ  2026,999825956,ΤΣΑΥ ΚΑΙ ΛΟΙΠΑ ΤΑΜΕΙΑ,62364.60,self-referential (payroll/EFKA/FMY remittance)
ΨΗΗΕ4690ΒΤ-6ΑΘ,2026-03-20,ΧΕ-518 ΣΕΙΡΑ Α/2026,999825956,ΤΣΑΥ ΚΑΙ ΛΟΙΠΑ ΤΑΜΕΙΑ,317.82,self-referential (payroll/EFKA/FMY remittance)
90ΣΞ4690ΒΤ-ΖΙΙ,2026-03-20,ΧΕ-517 ΣΕΙΡΑ Α/2026 ΑΠΟΔΟΣΗ ΚΡΑΤΗΣΕΩΝ ΑΠΟ ΠΛΗΡΩΜΗ ΜΕΣΩ ΕΑΠ ΓΙΑ ΑΠΟΓΕΥΜΑΤΙΝΑ ΙΑΤΡΕΙΑ ΜΗΝΟΣ ΜΑΡΤΙΟΥ 2026,999825956,ΤΣΑΥ ΚΑΙ ΛΟΙΠΑ ΤΑΜΕΙΑ,104.85,self-referential (payroll/EFKA/FMY remittance)
90ΣΞ4690ΒΤ-ΖΙΙ,2026-03-20,ΧΕ-517 ΣΕΙΡΑ Α/2026 ΑΠΟΔΟΣΗ ΚΡΑΤΗΣΕΩΝ ΑΠΟ ΠΛΗΡΩΜΗ ΜΕΣΩ ΕΑΠ ΓΙΑ ΑΠΟΓΕΥΜΑΤΙΝΑ ΙΑΤΡΕΙΑ ΜΗΝΟΣ ΜΑΡΤΙΟΥ 2026,999825956,ΤΣΑΥ ΚΑΙ ΛΟΙΠΑ ΤΑΜΕΙΑ,961.10,self-referential (payroll/EFKA/FMY remittance)
9ΞΛΤ4690ΒΤ-Ζ64,2026-03-18,ΧΕ-504 ΣΕΙΡΑ Α/2026 Κατάσταση οδοιπορικών εξόδων & ημερήσιας αποζημίωσης 2ος/26,,,,no sponsor block
9ΤΘΠ4690ΒΤ-1ΜΝ,2026-03-18,ΧΕ-503 ΣΕΙΡΑ Α/2026 Κατάσταση οδοιπορικών εξόδων & ημερήσιας αποζημίωσης 2ος/26,,,,no sponsor block
Ψ42Ω4690ΒΤ-27Β,2026-03-18,ΧΕ-491 ΣΕΙΡΑ Α/2026 Αμοιβή Λοιπού Προσωπικού λογω συμμετοχής στην ολοήμερη λειτουργία,,,,no sponsor block
63ΞΔ4690ΒΤ-ΕΩ2,2026-03-18,ΧΕ-490 ΣΕΙΡΑ Α/2026 Αμοιβή Ιατρικού Προσωπικού λογω συμμετοχής στην ολοήμερη λειτουργία,,,,no sponsor block
9ΟΨΧ4690ΒΤ-ΔΛΜ,2026-03-18,ΧΕ-489 ΣΕΙΡΑ Α/2026 Αμοιβή Ιατρικού Προσωπικού λογω συμμετοχής στην ολοήμερη λειτουργία,,,,no sponsor block
ΨΧ4Ο4690ΒΤ-ΛΕΥ,2026-03-18,ΧΕ-488 ΣΕΙΡΑ Α/2026 Αμοιβή Ιατρικού Προσωπικού λογω συμμετοχής στην ολοήμερη λειτουργία,,,,no sponsor block
ΨΠ9Θ4690ΒΤ-ΘΨΝ,2026-03-17,ΧΕ-453 ΣΕΙΡΑ Α/2026 Πρόσθετες εφημερίες 11ου/25 Γιατροί Ε.Σ.Υ  του Κ.Ψ.ΥΓΕΙΑΣ,,,,no sponsor block
6ΖΖ04690ΒΤ-0ΡΓ,2026-03-17,ΧΕ-452 ΣΕΙΡΑ Α/2026 Πρόσθετες εφημερίες 11ου/25  ΓΙΑΤΡΟΙ Ε.Σ.Υ ΤΟΥ Ψ/Τ,,,,no sponsor block
9Α5Ρ4690ΒΤ-7ΑΝ,2026-03-17,ΧΕ-451 ΣΕΙΡΑ Α/2026 Πρόσθετες εφημερίες 10 ου/25  ΓΙΑΤΡΟΙ  Ε.Σ.Υ ΕΙΔ/ΝΟΙ ΤΟΥ Ψ/Τ,,,,no sponsor block
6ΤΣΝ4690ΒΤ-ΚΦΚ,2026-03-17,ΧΕ-450 ΣΕΙΡΑ Α/2026 Πρόσθετες εφημερίες 10ου/25 Γιατροί Ε.Σ.Υ  του Ψ/Τ,,,,no sponsor block
980Ι4690ΒΤ-ΕΤΝ,2026-03-17,ΧΕ-449 ΣΕΙΡΑ Α/2026 Πρόσθετες εφημερίες 10ου/25  ΓΙΑΤΡΟΙ Ε.Σ.Υ ΤΟΥ Κ.Ψ.ΥΓΕΙΑΣ,,,,no sponsor block
ΨΡΥ54690ΒΤ-ΨΓΞ,2026-03-17,ΧΕ-448 ΣΕΙΡΑ Α/2026 Πρόσθετες εφημερίες  11ου/25  ΕΠΙΚΟΥΡΙΚΟΙ  Ε.Σ.Υ  ( COVID ),,,,no sponsor block
ΨΚΒΒ4690ΒΤ-ΒΔ3,2026-03-17,ΧΕ-447 ΣΕΙΡΑ Α/2026 Πρόσθετες εφημερίες 11ου/25  Γιατροί Ε.Σ.Υ  ΕΙΔΙΚ/ΝΟΙ,,,,no sponsor block
6ΑΣΓ4690ΒΤ-Ρ66,2026-03-17,ΧΕ-446 ΣΕΙΡΑ Α/2026 Πρόσθετες εφημερίες 11ου/25  ΑΓΡΟΤΙΚΟΙ ΙΑΤΡΟΙ,,,,no sponsor block
ΨΝΥΚ4690ΒΤ-632,2026-03-17,ΧΕ-445 ΣΕΙΡΑ Α/2026 Πρόσθετες εφημερίες 11ου/25  ΕΠΙΚΟΥΡΙΚΟΙ  Ε.Σ.Υ,,,,no sponsor block
99ΤΒ4690ΒΤ-ΚΛ7,2026-03-17,ΧΕ-444 ΣΕΙΡΑ Α/2026 Πρόσθετες εφημερίες  11ου/25  ΓΙΑΤΡΟΙ Ε.Σ.Υ,,,,no sponsor block
ΡΠΧ04690ΒΤ-ΔΛΚ,2026-03-17,ΧΕ-443 ΣΕΙΡΑ Α/2026 Πρόσθετες εφημερίες 10ου/25 ΕΠΙΚΟΥΡΙΚΟΙ Ε.Σ.Υ (  COVID ),,,,no sponsor block
6ΥΤΞ4690ΒΤ-Κ3Η,2026-03-17,ΧΕ-442 ΣΕΙΡΑ Α/2026 Πρόσθετες εφημερίες 10ου/25 Γιατροί Ε.Σ.Υ  ΕΙΔΙΚ/ΝΟΙ,,,,no sponsor block
9ΜΠΩ4690ΒΤ-ΣΝΔ,2026-03-17,ΧΕ-441 ΣΕΙΡΑ Α/2026 Πρόσθετες εφημερίες 10ου/25  ΑΓΡΟΤΙΚΟΙ ΙΑΤΡΟΙ,,,,no sponsor block
ΨΠΞ54690ΒΤ-Ρ51,2026-03-17,ΧΕ-440 ΣΕΙΡΑ Α/2026 ΠΡΟΣΘΕΤΕΣ ΕΦΗΜΕΡΙΕΣ 10ου/25 ΕΠΙΚΟΥΡΙΚΟΙ  Ε.Σ.Υ,,,,no sponsor block
ΨΡΓΗ4690ΒΤ-ΡΘ2,2026-03-17,ΧΕ-439 ΣΕΙΡΑ Α/2026 Πρόσθετες εφημερίες 10ου/25  ΓΙΑΤΡΟΙ Ε.Σ.Υ,,,,no sponsor block
68414690ΒΤ-ΜΛΗ,2026-03-11,ΧΕ-428 ΣΕΙΡΑ Α/2026 Πρόσθετες αμοιβές  Ιανουαρίου /2026  12 μηνα Ο.Α.Ε.Δ Δημ.Προσκληση 10/2017,,,,no sponsor block
ΨΒΟΓ4690ΒΤ-ΦΩ1,2026-03-11,ΧΕ-427 ΣΕΙΡΑ Α/2026 Πρόσθετες αμοιβές  Ιανουαρίου /2026  12 μηνα Ο.Α.Ε.Δ Δημ.Προσκληση 13/2016,,,,no sponsor block
96Σ04690ΒΤ-ΥΤΖ,2026-03-11,ΧΕ-426 ΣΕΙΡΑ Α/2026 Τακτική μισθοδοσία  Φεβρουαρίου 2026  12 μηνα Ο.Α.Ε.Δ  Δημ.Προσκ. 3/2025,,,,no sponsor block
9Ζ034690ΒΤ-ΟΩΞ,2026-03-11,ΧΕ-425 ΣΕΙΡΑ Α/2026 Τακτική μισθοδοσία  Φεβρουαρίου /2026  12 μηνα Ο.Α.Ε.Δ  Δημ.Προσκ.13/2016,,,,no sponsor block
ΨΦΠΗ4690ΒΤ-ΟΓΖ,2026-03-11,ΧΕ-424 ΣΕΙΡΑ Α/2026 Τακτική μισθοδοσία  Φεβρουαρίου  /2026  12 μηνα Ο.Α.Ε.Δ  Δημ.Προσκ.10/2017,,,,no sponsor block
6ΜΚ24690ΒΤ-3ΦΨ,2026-03-06,ΧΕ-373 ΣΕΙΡΑ Α/2026 ΤΑΚΤΙΚΕΣ ΕΦΗΜΕΡΙΕΣ 1ου / 26 ΓΙΑΤΡΟΙ Ε.Σ.Υ ΕΙΔ/ΝΟΙ  ΤΟΥ Ψ/Τ,,,,no sponsor block
950Τ4690ΒΤ-Ζ3Β,2026-03-06,ΧΕ-372 ΣΕΙΡΑ Α/2026 ΤΑΚΤΙΚΕΣ ΕΦΗΜΕΡΙΕΣ 1ου / 26 ΓΙΑΤΡΟΙ Ε.Σ.Υ ΤΟΥ Ψ/Τ,,,,no sponsor block
ΨΠΦΨ4690ΒΤ-7ΨΘ,2026-03-06,ΧΕ-371 ΣΕΙΡΑ Α/2026 ΤΑΚΤΙΚΕΣ ΕΦΗΜΕΡΙΕΣ 1ου / 26 ΓΙΑΤΡΟΙ Ε.Σ.Υ ΤΟΥ Κ.Ψ.ΥΓΕΙΑΣ,,,,no sponsor block
9ΣΙΘ4690ΒΤ-Λ7Π,2026-03-06,ΧΕ-370 ΣΕΙΡΑ Α/2026 ΤΑΚΤΙΚΕΣ ΕΦΗΜΕΡΙΕΣ 1ου / 26  ΕΠΙΚΟΥΡΙΚΟΙ  Ε.Σ.Υ  COVID,,,,no sponsor block
9ΒΕΣ4690ΒΤ-ΛΛΑ,2026-03-06,ΧΕ-369 ΣΕΙΡΑ Α/2026 ΤΑΚΤΙΚΕΣ ΕΦΗΜΕΡΙΕΣ 1ου / 26   ΕΠΙΚΟΥΡΙΚΟΙ  Ε.Σ.Υ,,,,no sponsor block
9Γ0Ξ4690ΒΤ-9ΒΔ,2026-03-06,ΧΕ-368 ΣΕΙΡΑ Α/2026 ΤΑΚΤΙΚΕΣ ΕΦΗΜΕΡΙΕΣ 1ου / 26  ΓΙΑΤΡΟΙ Ε.Σ.Υ  EIΔΙΚ/ΝΟΙ,,,,no sponsor block
68Ψ84690ΒΤ-ΠΝΓ,2026-03-06,ΧΕ-367 ΣΕΙΡΑ Α/2026 ΤΑΚΤΙΚΕΣ ΕΦΗΜΕΡΙΕΣ 1ου / 26  ΓΙΑΤΡΟΙ Ε.Σ.Υ,,,,no sponsor block
ΨΩ524690ΒΤ-1Φ6,2026-03-06,ΧΕ-366 ΣΕΙΡΑ Α/2026 ΑΠΟΖΗΜΙΩΣΗ ΕΦΗΜΕΡΙΩΝ 1ος /26  ΕΠΙΣΤΗΜΟΝΙΚΟ ΠΡΟΣΩΠ.   ΤΟΥ Κ.Ψ.ΥΓΕΙΑΣ,,,,no sponsor block
96ΧΘ4690ΒΤ-ΩΙ9,2026-03-06,ΧΕ-365 ΣΕΙΡΑ Α/2026 ΑΠΟΖΗΜΙΩΣΗ ΕΦΗΜΕΡΙΩΝ 1ος /26  ΕΠΙΣΤΗΜΟΝΙΚΟ ΠΡΟΣΩΠ.  Ι.Δ  Ν.Δ 1057/80  ΤΟΥ/Ψ/Τ,,,,no sponsor block
9ΝΒΓ4690ΒΤ-Ω2Ω,2026-03-06,ΧΕ-364 ΣΕΙΡΑ Α/2026 ΑΠΟΖΗΜΙΩΣΗ ΕΦΗΜΕΡΙΩΝ 1ος /26  ΕΠΙΣΤΗΜΟΝΙΚΟ ΠΡΟΣΩΠ. ΤΟΥ/Ψ/Τ,,,,no sponsor block
6ΔΑ54690ΒΤ-Ξ2Θ,2026-03-06,ΧΕ-363 ΣΕΙΡΑ Α/2026 ΠΡΟΣΘΕΤΕΣ ΑΜΟΙΒΕΣ 1ου/26   ΝΟΣΗΛ/ΚΟ ΠΡΟΣΩΠ. Ν.Δ. 1057/80  ΤΟΥ Ψ/Τ,,,,no sponsor block
9ΡΝΞ4690ΒΤ-ΘΦΕ,2026-03-06,ΧΕ-362 ΣΕΙΡΑ Α/2026 ΠΡΟΣΘΕΤΕΣ ΑΜΟΙΒΕΣ 1ου/26 ΜΟΝ.ΔΟΚ.  ΒΟΗΘ. ΠΡΟΣΩΠ ΤΟΥ Ψ/Τ,,,,no sponsor block
ΨΓΙΨ4690ΒΤ-Ρ28,2026-03-06,ΧΕ-361 ΣΕΙΡΑ Α/2026 ΠΡΟΣΘΕΤΕΣ ΑΜΟΙΒΕΣ 1ου/26   ΤΕΧΝΙΚΟ .ΠΡΟΣΩΠ,,,,no sponsor block
Ψ28Σ4690ΒΤ-ΔΙΕ,2026-03-06,ΧΕ-360 ΣΕΙΡΑ Α/2026 ΠΡΟΣΘΕΤΕΣ ΑΜΟΙΒΕΣ 1ου/26  ΠΡΟΣΩΠ  .ΕΠΙ ΣΧΕΣΕΙ  ΕΡΓΑΣΙΑΣ Ι.Δ.Α.Χ  ΤΟΥ Ψ/Τ,,,,no sponsor block
6Μ5Μ4690ΒΤ-Κ4Κ,2026-03-06,ΧΕ-359 ΣΕΙΡΑ Α/2026 ΠΡΟΣΘΕΤΕΣ ΑΜΟΙΒΕΣ 1ου/26  ΝΕΟΠΡΟΣΛΑΜΒΑΝΟΜΕΝΟΙ  Ο.Α.Ε.Δ,,,,no sponsor block
ΨΓΥΤ4690ΒΤ-3ΗΗ,2026-03-06,ΧΕ-358 ΣΕΙΡΑ Α/2026 ΠΡΟΣΘΕΤΕΣ ΑΜΟΙΒΕΣ 1ου/26    ΕΠΙΚΟΥΡΙΚΟ .ΠΡΟΣΩΠ,,,,no sponsor block
9ΕΥΥ4690ΒΤ-56Ψ,2026-03-06,ΧΕ-357 ΣΕΙΡΑ Α/2026 ΠΡΟΣΘΕΤΕΣ ΑΜΟΙΒΕΣ 1ου/26    ΕΠΙΚΟΥΡΙΚΟ ΠΡΟΣΩΠ,,,,no sponsor block
ΨΖΦΕ4690ΒΤ-Ε4Ι,2026-03-06,ΧΕ-356 ΣΕΙΡΑ Α/2026 ΠΡΟΣΘΕΤΕΣ ΑΜΟΙΒΕΣ 1ου/26   ΝΟΣΗΛΕΥΤΙΚΟ  ΠΡΟΣΩΠ,,,,no sponsor block
ΡΣΛ74690ΒΤ-1ΛΘ,2026-03-05,ΧΕ-355 ΣΕΙΡΑ Α/2026 ΠΡΟΣΘΕΤΕΣ ΑΜΟΙΒΕΣ 1ου/26    ΕΠΙΣΤΗΜΟΝΙΚΟ ΠΡΟΣΩΠ,,,,no sponsor block
ΡΗΑ34690ΒΤ-Γ1Γ,2026-03-05,ΧΕ-354 ΣΕΙΡΑ Α/2026 ΠΡΟΣΘΕΤΕΣ ΑΜΟΙΒΕΣ 1ου/26    ΕΠΙΣΤΗΜΟΝΙΚΟ ΠΡΟΣΩΠ,,,,no sponsor block
ΨΖ274690ΒΤ-2ΝΜ,2026-03-05,ΧΕ-353 ΣΕΙΡΑ Α/2026 ΠΡΟΣΘΕΤΕΣ ΑΜΟΙΒΕΣ 1ου/26    ΕΠΙΣΤΗΜΟΝΙΚΟ ΠΡΟΣΩΠ,,,,no sponsor block
9ΠΝΡ4690ΒΤ-ΞΔΘ,2026-03-05,ΧΕ-352 ΣΕΙΡΑ Α/2026 ΠΡΟΣΘΕΤΕΣ ΑΜΟΙΒΕΣ 1ου/26    Ο.Α.Ε.Δ ΚΟΙΝΩΦΕΛΟΥΣ ΕΡΓΑΣΙΑΣ,,,,no sponsor block
6Ζ8Δ4690ΒΤ-ΑΓΑ,2026-03-05,ΧΕ-351 ΣΕΙΡΑ Α/2026 ΠΡΟΣΘΕΤΕΣ ΑΜΟΙΒΕΣ 1ου/26   ΑΠΟΣΠΑΣΜΕΝΟΙ,,,,no sponsor block
Ψ61Δ4690ΒΤ-Β6Ψ,2026-03-05,ΧΕ-350 ΣΕΙΡΑ Α/2026 ΠΡΟΣΘΕΤΕΣ ΑΜΟΙΒΕΣ 1ου/26   ΠΡΟΣΩΠ   ΕΠΙ ΣΧΕΣΕΙ ΕΓΑΣΙΑΣ Ι.Δ.Α.Χ,,,,no sponsor block
ΨΔΑΖ4690ΒΤ-584,2026-03-05,ΧΕ-349 ΣΕΙΡΑ Α/2026 ΠΡΟΣΘΕΤΕΣ ΑΜΟΙΒΕΣ 1ου/26    ΝΟΣΗΛ ΠΡΟΣΩΠ  Ν.Δ  1057/80,,,,no sponsor block
ΡΣΗΗ4690ΒΤ-ΩΡΛ,2026-03-05,ΧΕ-348 ΣΕΙΡΑ Α/2026 ΠΡΟΣΘΕΤΕΣ ΑΜΟΙΒΕΣ 1ου/26  ΜΟΝ.ΔΟΚ.ΠΡΟΣΩΠ ΕΙΔ. ΘΕΣΕΩΝ,,,,no sponsor block
9Θ7Ρ4690ΒΤ-8ΧΧ,2026-03-05,ΧΕ-347 ΣΕΙΡΑ Α/2026 ΠΡΟΣΘΕΤΕΣ ΑΜΟΙΒΕΣ 1ου/26    ΜΟΝ.ΔΟΚ.ΠΡΟΣΩΠ,,,,no sponsor block
6ΧΣΤ4690ΒΤ-Δ3Κ,2026-03-05,ΧΕ-346 ΣΕΙΡΑ Α/2026 ΠΡΟΣΘΕΤΕΣ ΑΜΟΙΒΕΣ 1ου/26    ΔΙΟΙΚΗΤΙΚΟ ΠΡΟΣΩΠ,,,,no sponsor block
ΡΨ5Ο4690ΒΤ-ΠΡΑ,2026-03-05,ΧΕ-345 ΣΕΙΡΑ Α/2026 ΠΡΟΣΘΕΤΕΣ ΑΜΟΙΒΕΣ 1ου/26   ΠΡΟΣΩΠ Ι.Δ.  Ν. 2470/96,,,,no sponsor block
ΨΒΟΤ4690ΒΤ-694,2026-03-05,ΧΕ-344 ΣΕΙΡΑ Α/2026 ΠΡΟΣΘΕΤΕΣ ΑΜΟΙΒΕΣ 1ου/26   ΝΕΟΠΡΟΣΛΑΜΒΑΝΟΜΕΝΟΙ Ο.Α.Ε.Δ  ( Ν ),,,,no sponsor block
93704690ΒΤ-ΑΤΤ,2026-03-05,ΧΕ-343 ΣΕΙΡΑ Α/2026 ΠΡΟΣΘΕΤΕΣ ΑΜΟΙΒΕΣ 1ου/26   ΝΕΟΠΡΟΣΛΑΜΒΑΝΟΜΕΝΟΙ Ο.Α.Ε.Δ,,,,no sponsor block
ΨΘΝ84690ΒΤ-ΧΜΒ,2026-03-05,ΧΕ-342 ΣΕΙΡΑ Α/2026 ΠΡΟΣΘΕΤΕΣ ΑΜΟΙΒΕΣ 1ου/26   ΕΠΙΚΟΥΡΙΚΟ .ΠΡΟΣΩΠ  COVID,,,,no sponsor block
ΨΤΩ74690ΒΤ-ΓΝΙ,2026-03-05,ΧΕ-341 ΣΕΙΡΑ Α/2026 ΠΡΟΣΘΕΤΕΣ ΑΜΟΙΒΕΣ 1ου /26   ΕΠΙΚΟΥΡΙΚΟ.ΠΡΟΣΩΠ ΤΡΙΜΗΝΑ COVID,,,,no sponsor block
Ρ0ΛΖ4690ΒΤ-Ε07,2026-03-05,ΧΕ-340 ΣΕΙΡΑ Α/2026 ΠΡΟΣΘΕΤΕΣ ΑΜΟΙΒΕΣ 1ου /26   ΕΠΙΚΟΥΡΙΚΟ.ΠΡΟΣΩΠ ΤΡΙΜΗΝΑ COVID,,,,no sponsor block
ΡΕΜΝ4690ΒΤ-ΙΙΦ,2026-03-05,ΧΕ-339 ΣΕΙΡΑ Α/2026 ΠΡΟΣΘΕΤΕΣ ΑΜΟΙΒΕΣ 1ου /26  ΝΟΣΗΛ/ΚΟ ΠΡΟΣΩΠΙΚΟ,,,,no sponsor block
Ρ4ΡΔ4690ΒΤ-Ρ19,2026-03-02,ΧΕ-332 ΣΕΙΡΑ Α/2026 ΑΠΟΔΟΣΗ ΚΡΑΤΗΣΕΩΝ ΑΠΟ ΠΛΗΡΩΜΗ ΠΡΟΜΗΘΕΥΤΩΝ ΜΗΝΟΣ ΦΕΒΡΟΥΑΡΙΟΥ 2026,999825956,ΚΡΑΤΗΣΕΙΣ ΥΠΕΡ Δ.Ο.Υ.- ΤΡΑΠΕΖΩΝ,65793.30,self-referential (payroll/EFKA/FMY remittance)
Ψ8Μ94690ΒΤ-1ΤΗ,2026-02-25,ΧΕ-267 ΣΕΙΡΑ Α/2026 ΤΑΚΤΙΚΗ ΜΙΣΘΟΔΟΣΙΑ ΜΕΤΑΠ/ΤΕΩΝ  2ος/2026  ΕΠΙΣΤΗΜΟΝΙΚΟ ΠΡΟΣΩΠΙΚΟ  COVID,,,,no sponsor block
ΨΓΘΚ4690ΒΤ-Λ8Ε,2026-02-25,ΧΕ-273 ΣΕΙΡΑ Α/2026 ΜΙΣΘΟΛΟΓΙΚΗ ΚΑΤΑΣΤΑΣΗ ΙΑΤΡΩΝ ΑΠΟΓΕΥΜΑΤΙΝΩΝ ΧΕΙΡΟΥΡΓΕΙΩΝ 7/25,,,,no sponsor block
6ΥΞ34690ΒΤ-ΑΥ2,2026-02-25,ΧΕ-274 ΣΕΙΡΑ Α/2026 ΜΙΣΘΟΛΟΓΙΚΗ ΚΑΤΑΣΤΑΣΗ ΝΟΣΗΛΕΥΤΙΚΟΥ  ΑΠΟΓΕΥΜΑΤΙΝΩΝ ΧΕΙΡΟΥΡΓΕΙΩΝ 7/25,,,,no sponsor block
95ΜΣ4690ΒΤ-360,2026-02-25,ΧΕ-272 ΣΕΙΡΑ Α/2026 ΤΑΚΤΙΚΗ ΜΙΣΘΟΔΟΣΙΑ ΜΕΤΑΠ/ΤΕΩΝ  2ος/2026    ΣΠΟΥΔΑΣΤΕΣ ΠΟΥ ΑΣΚΟΥΝΤΑΙ ΤΕΙ,,,,no sponsor block
ΡΞ664690ΒΤ-5Ρ1,2026-02-25,ΧΕ-271 ΣΕΙΡΑ Α/2026 ΤΑΚΤΙΚΗ ΜΙΣΘΟΔΟΣΙΑ ΜΕΤΑΠ/ΤΕΩΝ  2ος/2026    ΑΜΙΣΘΟΙ ΤΕΕ ΔΙΕΚ,,,,no sponsor block
Ρ0ΓΙ4690ΒΤ-9ΡΧ,2026-02-25,ΧΕ-270 ΣΕΙΡΑ Α/2026 ΤΑΚΤΙΚΗ ΜΙΣΘΟΔΟΣΙΑ ΜΕΤΑΠ/ΤΕΩΝ   1oς /2026   ΑΜΙΣΘΟΙ ΤΕΕ ( ΕΠΑΛ ),,,,no sponsor block
ΡΚΠΣ4690ΒΤ-ΒΣ3,2026-02-25,ΧΕ-269 ΣΕΙΡΑ Α/2026 ΑΝΑΔΡΟΜΙΚΑ   ΙΑΝΟΥΑΡΙΟΥ  /2026   ΑΣΚΟΥΜΕΝΟΙ  Ο.Α.Ε.Δ,,,,no sponsor block
9Ν724690ΒΤ-1ΩΡ,2026-02-25,ΧΕ-268 ΣΕΙΡΑ Α/2026 ΤΑΚΤΙΚΗ ΜΙΣΘΟΔΟΣΙΑ ΜΕΤΑΠ/ΤΕΩΝ  ΙΑΝΟΥΑΡΙΟΥ    /2026  ΑΣΚΟΥΜΕΝΟΙ  Ο.Α.Ε.Δ,,,,no sponsor block
Ψ0ΠΜ4690ΒΤ-ΣΤΒ,2026-02-25,ΧΕ-266 ΣΕΙΡΑ Α/2026 ΤΑΚΤΙΚΗ ΜΙΣΘΟΔΟΣΙΑ ΜΕΤΑΠ/ΤΕΩΝ  2ος/2026  ΝΕΟΠΡΟΣΛΑΜΒΑΝΟΜΕΝΟΙ Ο.Α.Ε.Δ ( Ν ),,,,no sponsor block
92Δ64690ΒΤ-3ΩΜ,2026-02-25,ΧΕ-265 ΣΕΙΡΑ Α/2026 ΤΑΚΤΙΚΗ ΜΙΣΘΟΔΟΣΙΑ ΜΕΤΑΠ/ΤΕΩΝ  2ος/2026  ΝΕΟΠΡΟΣΛΑΜΒΑΝΟΜΕΝΟΙ Ο.Α.Ε.Δ ( Π ),,,,no sponsor block
ΨΗΑΙ4690ΒΤ-ΓΨ9,2026-02-25,ΧΕ-264 ΣΕΙΡΑ Α/2026 ΤΑΚΤΙΚΗ ΜΙΣΘΟΔΟΣΙΑ ΜΕΤΑΠ/ΤΕΩΝ  2ος/2026  ΕΠΙΚΟΥΡΙΚΟ   ΠΡΟΣΩΠΙΚΟ,,,,no sponsor block
ΡΡ4Χ4690ΒΤ-ΔΚΓ,2026-02-25,ΧΕ-263 ΣΕΙΡΑ Α/2026 ΤΑΚΤΙΚΗ ΜΙΣΘΟΔΟΣΙΑ ΜΕΤΑΠ/ΤΕΩΝ  2ος/2026  ΕΠΙΚΟΥΡΙΚΟΙ Ε.Σ.Υ,,,,no sponsor block
ΨΟΠ34690ΒΤ-3ΧΦ,2026-02-25,ΧΕ-262 ΣΕΙΡΑ Α/2026 ΤΑΚΤΙΚΗ ΜΙΣΘΟΔΟΣΙΑ ΜΕΤΑΠ/ΤΕΩΝ  2ος/2026  ΕΠΙΚΟΥΡΙΚΟΙ  Ε.Σ.Υ  COVID,,,,no sponsor block
9ΣΧ94690ΒΤ-ΙΧΔ,2026-02-25,ΧΕ-261 ΣΕΙΡΑ Α/2026 ΤΑΚΤΙΚΗ ΜΙΣΘΟΔΟΣΙΑ ΜΕΤΑΠ/ΤΕΩΝ  2ος/2026  ΕΠΙΚΟΥΡΙΚΟ ΤΡΙΜΗΝΟ  ΠΡΟΣΩΠΙΚΟ COVID,,,,no sponsor block
ΨΒΚΜ4690ΒΤ-ΠΛΞ,2026-02-25,ΧΕ-260 ΣΕΙΡΑ Α/2026 ΤΑΚΤΙΚΗ ΜΙΣΘΟΔΟΣΙΑ ΜΕΤΑΠ/ΤΕΩΝ  2ος/2026  ΕΠΙΚΟΥΡΙΚΟ  ΠΡΟΣΩΠΙΚΟ COVID,,,,no sponsor block
ΨΦΝ94690ΒΤ-0ΒΖ,2026-02-24,ΧΕ-259 ΣΕΙΡΑ Α/2026 ΑΠΟΔΟΣΗ ΚΡΑΤΗΣΕΩΝ ΑΠΟ ΠΛΗΡΩΜΗ ΜΕΣΩ ΕΑΠ ΓΙΑ ΑΠΟΓΕΥΜΑΤΙΝΑ ΙΑΤΡΕΙΑ ΜΗΝΟΣ ΦΕΒΡΟΥΑΡΙΟΥ 2026,999825956,ΤΣΑΥ ΚΑΙ ΛΟΙΠΑ ΤΑΜΕΙΑ,72.68,self-referential (payroll/EFKA/FMY remittance)
ΨΦΝ94690ΒΤ-0ΒΖ,2026-02-24,ΧΕ-259 ΣΕΙΡΑ Α/2026 ΑΠΟΔΟΣΗ ΚΡΑΤΗΣΕΩΝ ΑΠΟ ΠΛΗΡΩΜΗ ΜΕΣΩ ΕΑΠ ΓΙΑ ΑΠΟΓΕΥΜΑΤΙΝΑ ΙΑΤΡΕΙΑ ΜΗΝΟΣ ΦΕΒΡΟΥΑΡΙΟΥ 2026,999825956,ΤΣΑΥ ΚΑΙ ΛΟΙΠΑ ΤΑΜΕΙΑ,641.82,self-referential (payroll/EFKA/FMY remittance)
6ΣΣΨ4690ΒΤ-Α91,2026-02-24,ΧΕ-258 ΣΕΙΡΑ Α/2026 ΑΠΟΔΟΣΗ ΚΡΑΤΗΣΕΩΝ ΑΠΟ ΠΛΗΡΩΜΗ ΜΕΣΩ ΕΑΠ ΜΗΝΟΣ ΦΕΒΡΟΥΑΡΙΟΥ 2026,999825956,ΤΣΑΥ ΚΑΙ ΛΟΙΠΑ ΤΑΜΕΙΑ,65435.38,self-referential (payroll/EFKA/FMY remittance)
6ΣΣΨ4690ΒΤ-Α91,2026-02-24,ΧΕ-258 ΣΕΙΡΑ Α/2026 ΑΠΟΔΟΣΗ ΚΡΑΤΗΣΕΩΝ ΑΠΟ ΠΛΗΡΩΜΗ ΜΕΣΩ ΕΑΠ ΜΗΝΟΣ ΦΕΒΡΟΥΑΡΙΟΥ 2026,999825956,ΤΣΑΥ ΚΑΙ ΛΟΙΠΑ ΤΑΜΕΙΑ,2962.47,self-referential (payroll/EFKA/FMY remittance)
6ΣΣΨ4690ΒΤ-Α91,2026-02-24,ΧΕ-258 ΣΕΙΡΑ Α/2026 ΑΠΟΔΟΣΗ ΚΡΑΤΗΣΕΩΝ ΑΠΟ ΠΛΗΡΩΜΗ ΜΕΣΩ ΕΑΠ ΜΗΝΟΣ ΦΕΒΡΟΥΑΡΙΟΥ 2026,999825956,ΤΣΑΥ ΚΑΙ ΛΟΙΠΑ ΤΑΜΕΙΑ,60023.63,self-referential (payroll/EFKA/FMY remittance)
ΨΟΒΕ4690ΒΤ-Ψ1Ι,2026-02-16,ΧΕ-189 ΣΕΙΡΑ Α/2026 Κατάσταση οδοιπορικών εξόδων & ημερήσιας αποζημίωσης 1ος/26,,,,no sponsor block
ΡΟΓΤ4690ΒΤ-ΡΧΤ,2026-02-16,ΧΕ-188 ΣΕΙΡΑ Α/2026 Κατάσταση οδοιπορικών εξόδων & ημερήσιας αποζημίωσης 1ος/26,,,,no sponsor block
ΡΧΔΝ4690ΒΤ-55Β,2026-02-11,ΧΕ-154 ΣΕΙΡΑ Α/2026 Πρόσθετες αμοιβές  Δεκεμβρίου /2025 12 μηνα Ο.Α.Ε.Δ Δημ.Προσκληση 10/2017,,,,no sponsor block
9ΑΔ14690ΒΤ-34Τ,2026-02-11,ΧΕ-153 ΣΕΙΡΑ Α/2026 Πρόσθετες αμοιβές  Δεκεμβρίου/2025 12 μηνα Ο.Α.Ε.Δ Δημ.Προσκληση 13/2016,,,,no sponsor block
ΡΣΝ44690ΒΤ-Δ0Ζ,2026-02-11,ΧΕ-152 ΣΕΙΡΑ Α/2026 Τακτική μισθοδοσία Ιανουαρίου /2026 12 μηνα Ο.Α.Ε.Δ  Δημ.Προσκ. 3/2025,,,,no sponsor block
ΨΔ5Λ4690ΒΤ-ΔΛ5,2026-02-11,ΧΕ-151 ΣΕΙΡΑ Α/2026 Τακτική μισθοδοσία  Ιανουαρίου/2026  12 μηνα Ο.Α.Ε.Δ  Δημ.Προσκ.13/2016,,,,no sponsor block
ΡΔΗΙ4690ΒΤ-5Ε5,2026-02-11,ΧΕ-150 ΣΕΙΡΑ Α/2026 ΤΑΚΤΙΚΗ ΜΙΣΘΟΔΟΣΙΑ  1ος/26 12 μηνα  Ο.Α.Ε.Δ  Πρόσκληση  10/2017,,,,no sponsor block
ΨΧΑΔ4690ΒΤ-731,2026-08-10,ΧΕ-1914 ΣΕΙΡΑ Α/2026 Αμοιβή Λοιπου  Προσωπικού λογω συμμετοχής στην ολοήμερη λειτουργία,,,,no sponsor block
Ψ9ΦΛ4690ΒΤ-2Ε9,2026-08-10,ΧΕ-1913 ΣΕΙΡΑ Α/2026 Αμοιβή Ιατρικού Προσωπικού λογω συμμετοχής στην ολοήμερη λειτουργία,,,,no sponsor block
Ρ4ΡΘ4690ΒΤ-ΝΤ5,2026-08-10,ΧΕ-1912 ΣΕΙΡΑ Α/2026 Αμοιβή Ιατρικού Προσωπικού λογω συμμετοχής στην ολοήμερη λειτουργία 6ος/26,,,,no sponsor block
9ΩΘΚ4690ΒΤ-ΩΔΦ,2026-08-10,ΧΕ-1911 ΣΕΙΡΑ Α/2026 Αμοιβή Ιατρικού Προσωπικού λογω συμμετοχής στην ολοήμερη λειτουργία,,,,no sponsor block
Ψ6ΜΗ4690ΒΤ-ΣΡ1,2026-08-10,ΧΕ-1910 ΣΕΙΡΑ Α/2026 ΟΔΟΙΠΟΡΙΚΑ ΕΞΟΔΑ ΚΑΙ ΗΜΕΡΗΣΙΑ ΑΠΟΖΗΜΙΩΣΗ  ΥΠΑΛΛΗΛΩΝ  6ος-7ος  /2026,,,,no sponsor block
Ψ4ΤΙ4690ΒΤ-ΕΜΚ,2026-08-10,ΧΕ-1909 ΣΕΙΡΑ Α/2026 ΤΑΚΤΙΚΕΣ  ΕΦΗΜΕΡΙΕΣ 6ου/2026   ΓΙΑΤΡΟΙ  Ε.Σ.Υ  ΕΙΔΙΚ/ΝΟΙ ΤΟΥ Ψ/Τ,,,,no sponsor block
ΨΩΝΛ4690ΒΤ-ΒΣΙ,2026-08-10,ΧΕ-1908 ΣΕΙΡΑ Α/2026 Πρόσθετες αμοιβές   Ιουνίου /2026  12 μηνα Ο.Α.Ε.Δ  Δημ.Προσκληση 10/2017,,,,no sponsor block
65ΗΔ4690ΒΤ-9ΕΖ,2026-08-10,ΧΕ-1907 ΣΕΙΡΑ Α/2026 Πρόσθετες αμοιβές  Ιουνίου /2026  12 μηνα Ο.Α.Ε.Δ Δημ.Προσκληση 13/2016,,,,no sponsor block
9ΒΞ74690ΒΤ-ΑΗΘ,2026-08-10,ΧΕ-1906 ΣΕΙΡΑ Α/2026 Τακτική μισθοδοσία  Ιουλίου   2026  12 μηνα Ο.Α.Ε.Δ  Δημ.Προσκ. 3/2025,,,,no sponsor block
ΨΛ0Ω4690ΒΤ-ΞΞΧ,2026-08-10,ΧΕ-1905 ΣΕΙΡΑ Α/2026 Τακτική μισθοδοσία  Ιουλίου  /2026  12 μηνα Ο.Α.Ε.Δ  Δημ.Προσκ.10/2017,,,,no sponsor block
ΨΞΒΡ4690ΒΤ-ΘΑ5,2026-08-10,ΧΕ-1904 ΣΕΙΡΑ Α/2026 Τακτική μισθοδοσία  Ιουλίου  /2026  12 μηνα Ο.Α.Ε.Δ  Δημ.Προσκ.13/2016,,,,no sponsor block
9ΑΚΤ4690ΒΤ-Γ0Θ,2026-08-04,ΧΕ-1848 ΣΕΙΡΑ Α/2026 ΑΠΟΔΟΣΗ ΚΡΑΤΗΣΕΩΝ ΑΠΟ ΠΛΗΡΩΜΗ ΠΡΟΜΗΘΕΥΤΩΝ ΜΗΝΟΣ ΙΟΥΛΙΟΥ 2026,999825956,ΚΡΑΤΗΣΕΙΣ ΥΠΕΡ Δ.Ο.Υ.- ΤΡΑΠΕΖΩΝ,34781.36,self-referential (payroll/EFKA/FMY remittance)
ΡΒ5Ρ4690ΒΤ-ΗΔΚ,2026-07-27,ΧΕ-1840 ΣΕΙΡΑ Α/2026 ΤΑΚΤΙΚΕΣ  ΕΦΗΜΕΡΙΕΣ 6ου/2026   ΓΙΑΤΡΟΙ   Ε.Σ.Υ  ΕΙΔΙΚ/ΝΟΙ    ΤΟΥ  Ψ/ΤΟΜΕΑ,,,,no sponsor block
9ΩΙΛ4690ΒΤ-Ω2Α,2026-07-27,ΧΕ-1839 ΣΕΙΡΑ Α/2026 ΤΑΚΤΙΚΕΣ  ΕΦΗΜΕΡΙΕΣ 6ου/2026   ΓΙΑΤΡΟΙ   Ε.Σ.Υ   ΤΟΥ  Ψ/ΤΟΜΕΑ,,,,no sponsor block
ΨΚΠΥ4690ΒΤ-ΖΘ4,2026-07-27,ΧΕ-1838 ΣΕΙΡΑ Α/2026 ΤΑΚΤΙΚΕΣ  ΕΦΗΜΕΡΙΕΣ 6ου/2026   ΓΙΑΤΡΟΙ   Ε.Σ.Υ   ΤΟΥ  Κ.Ψ.ΥΓΕΙΑΣ,,,,no sponsor block
ΡΟ824690ΒΤ-ΖΦΛ,2026-07-27,ΧΕ-1837 ΣΕΙΡΑ Α/2026 ΤΑΚΤΙΚΕΣ  ΕΦΗΜΕΡΙΕΣ 4ου/2026   ΓΙΑΤΡΟΙ   Ε.Σ.Υ ΕΙΔΙΚ/ΝΟΙ  ΤΟΥ Ψ/ΤΟΜΕΑ,,,,no sponsor block
ΨΚΡ84690ΒΤ-ΔΣΗ,2026-07-27,ΧΕ-1836 ΣΕΙΡΑ Α/2026 ΤΑΚΤΙΚΕΣ  ΕΦΗΜΕΡΙΕΣ 6ου/2026   ΕΠΙΚΟΥΡΙΚΟΙ  Ε.Σ.Υ,,,,no sponsor block
ΨΛ5Ξ4690ΒΤ-33Ω,2026-07-27,ΧΕ-1835 ΣΕΙΡΑ Α/2026 ΤΑΚΤΙΚΕΣ  ΕΦΗΜΕΡΙΕΣ 6ου/2026   ΕΠΙΚΟΥΡΙΚΟΙ  Ε.Σ.Υ  COVID,,,,no sponsor block
ΨΣ4Ξ4690ΒΤ-ΟΣΦ,2026-07-27,ΧΕ-1834 ΣΕΙΡΑ Α/2026 ΤΑΚΤΙΚΕΣ  ΕΦΗΜΕΡΙΕΣ 6ου/2026   ΓΙΑΤΡΟΙ  Ε.Σ.Υ ΕΙΔΙΚ/ΝΟΙ,,,,no sponsor block
65ΡΣ4690ΒΤ-ΩΙ4,2026-07-27,ΧΕ-1833 ΣΕΙΡΑ Α/2026 ΤΑΚΤΙΚΕΣ  ΕΦΗΜΕΡΙΕΣ 6ου/2026   ΓΙΑΤΡΟΙ  Ε.Σ.Υ,,,,no sponsor block
9ΑΦΗ4690ΒΤ-Θ4Ξ,2026-07-27,ΧΕ-1832 ΣΕΙΡΑ Α/2026 ΑΠΟΖΗΜΙΩΣΗ ΗΜΕΡΩΝ ΕΦΗΜΕΡΙΑΣ 6ου/26 ΕΠΙΣΤΗΜΟΝΙΚΟ ΠΡΟΣ/ΚΟ Ν.Δ 1057/ 80  ΤΟΥ Ψ/Τ,,,,no sponsor block
9ΘΦΧ4690ΒΤ-ΒΥΧ,2026-07-27,ΧΕ-1831 ΣΕΙΡΑ Α/2026 ΑΠΟΖΗΜΙΩΣΗ ΗΜΕΡΩΝ ΕΦΗΜΕΡΙΑΣ 6ου/26 ΕΠΙΣΤΗΜΟΝΙΚΟ ΠΡΟΣ/ΚΟ ΤΟΥ Ψ/Τ,,,,no sponsor block
9Η6Ρ4690ΒΤ-7Ι6,2026-07-27,ΧΕ-1830 ΣΕΙΡΑ Α/2026 ΑΠΟΖΗΜΙΩΣΗ ΗΜΕΡΩΝ ΕΦΗΜΕΡΙΑΣ 6ου/26 ΕΠΙΣΤΗΜΟΝΙΚΟ ΠΡΟΣ/ΚΟ ΤΟΥ Κ.Ψ.ΥΓΕΙΑΣ,,,,no sponsor block
ΨΦ024690ΒΤ-9ΤΚ,2026-07-27,ΧΕ-1829 ΣΕΙΡΑ Α/2026 ΠΡΟΣΘΕΤΕΣ ΑΜΟΙΒΕΣ  6ου/26   ΜΟΝ.ΔΟΚΙΜΟ ΒΟΗΘ. ΠΡΟΣΩΠΙΚΟ      ΤΟΥ Ψ/Τ,,,,no sponsor block
9ΖΗΞ4690ΒΤ-ΖΤΒ,2026-07-27,ΧΕ-1828 ΣΕΙΡΑ Α/2026 ΠΡΟΣΘΕΤΕΣ ΑΜΟΙΒΕΣ  6ου/26  ΤΕΧΝΙΚΟ ΠΡΟΣΩΠΙΚΟ      ΤΟΥ Ψ/Τ,,,,no sponsor block
9ΕΥΗ4690ΒΤ-ΦΥΙ,2026-07-27,ΧΕ-1827 ΣΕΙΡΑ Α/2026 ΠΡΟΣΘΕΤΕΣ ΑΜΟΙΒΕΣ  6ου/26  ΝΟΣΗΛΕΥΤΙΚΟ ΠΡΟΣΩΠΙΚΟ  Ν.Δ  1057/80    ΤΟΥ Ψ/Τ,,,,no sponsor block
9ΥΗΥ4690ΒΤ-ΗΑΕ,2026-07-27,ΧΕ-1826 ΣΕΙΡΑ Α/2026 ΠΡΟΣΘΕΤΕΣ ΑΜΟΙΒΕΣ  6ου/26  ΝΕΟΠΡΟΣΛΑΜΒΑΝΟΜΕΝΟΙ Ο.Α.Ε.Δ   ΤΟΥ Ψ/Τ,,,,no sponsor block
ΨΣ5Ψ4690ΒΤ-Χ94,2026-07-27,ΧΕ-1825 ΣΕΙΡΑ Α/2026 ΠΡΟΣΘΕΤΕΣ ΑΜΟΙΒΕΣ  6ου/26  ΕΠΙ ΣΧΕΣΕΙ ΕΓΑΣΙΑΣ Ι.Δ.Α.Χ   ΠΡΟΣΩΠΙΚΟ  ΤΟΥ Ψ/Τ,,,,no sponsor block
6ΤΛ84690ΒΤ-ΞΘΒ,2026-07-27,ΧΕ-1823 ΣΕΙΡΑ Α/2026 ΠΡΟΣΘΕΤΕΣ ΑΜΟΙΒΕΣ  6ου/26  ΕΠΙΚΟΥΡΙΚΟ ΤΡΙΜΗΝΑ COVID   ΠΡΟΣΩΠΙΚΟ  ΤΟΥ Ψ/Τ,,,,no sponsor block
9ΖΡΜ4690ΒΤ-ΜΜΑ,2026-07-27,ΧΕ-1822 ΣΕΙΡΑ Α/2026 ΠΡΟΣΘΕΤΕΣ ΑΜΟΙΒΕΣ  6ου/26  ΝΟΣΗΛΕΥΤΙΚΟ  ΠΡΟΣΩΠΙΚΟ  ΤΟΥ Ψ/Τ,,,,no sponsor block
9ΛΣΣ4690ΒΤ-Σ3Χ,2026-07-27,ΧΕ-1824 ΣΕΙΡΑ Α/2026 ΠΡΟΣΘΕΤΕΣ ΑΜΟΙΒΕΣ  6ου/26  ΕΠΙΚΟΥΡΙΚΟ  COVID   ΠΡΟΣΩΠΙΚΟ  ΤΟΥ Ψ/Τ,,,,no sponsor block
9Ρ304690ΒΤ-32Φ,2026-07-27,ΧΕ-1821 ΣΕΙΡΑ Α/2026 ΑΠΟΖΗΜΙΩΣΗ ΕΦΗΜΕΡΙΩΝ   6ου/26 ΕΠΙΣΤΗΜΟΝΙΚΟ  ΠΡΟΣΩΠΙΚΟ,,,,no sponsor block
9Β1Μ4690ΒΤ-ΤΕ1,2026-07-27,ΧΕ-1819 ΣΕΙΡΑ Α/2026 ΑΠΟΖΗΜΙΩΣΗ ΕΦΗΜΕΡΙΩΝ   6ου/26 ΕΠΙΣΤΗΜΟΝΙΚΟ  ΠΡΟΣΩΠΙΚΟ,,,,no sponsor block
9ΝΩ24690ΒΤ-ΝΜ2,2026-07-27,ΧΕ-1818 ΣΕΙΡΑ Α/2026 ΠΡΟΣΘΕΤΕΣ ΑΜΟΙΒΕΣ   6ου/26  Ο.Α.Ε.Δ ΚΟΙΝΩΦΕΛΟΥΣ ΕΡΓΑΣΙΑΣ,,,,no sponsor block
Ψ9ΡΠ4690ΒΤ-ΗΙ8,2026-07-27,ΧΕ-1817 ΣΕΙΡΑ Α/2026 ΠΡΟΣΘΕΤΕΣ ΑΜΟΙΒΕΣ  6ου/26     ΑΠΟΣΠΑΣΜΕΝΟΙ,,,,no sponsor block
9ΙΤ74690ΒΤ-ΓΣΠ,2026-07-27,ΧΕ-1816 ΣΕΙΡΑ Α/2026 ΠΡΟΣΘΕΤΕΣ ΑΜΟΙΒΕΣ  6ου/26     ΠΡΟΣ/ΚΟ ΕΠΙ ΣΧΕΣΕΙ ΕΡΓΑΣΙΑΣ Ι.Δ.Α.Χ,,,,no sponsor block
9Γ2Μ4690ΒΤ-ΤΛ5,2026-07-27,ΧΕ-1815 ΣΕΙΡΑ Α/2026 ΠΡΟΣΘΕΤΕΣ ΑΜΟΙΒΕΣ  6ου/26    ΜΟΝΙΜΟ-ΔΟΚΙΜΟ-  ΠΡΟΣ/ΚΟ ΕΙΔ. ΘΕΣΕΩΝ,,,,no sponsor block
65ΝΑ4690ΒΤ-30Ζ,2026-07-27,ΧΕ-1814 ΣΕΙΡΑ Α/2026 ΠΡΟΣΘΕΤΕΣ ΑΜΟΙΒΕΣ  6ου/26    ΜΟΝΙΜΟ-ΔΟΚΙΜΟ-ΒΟΗΘ.  ΠΡΟΣ/ΚΟ,,,,no sponsor block
99Ω54690ΒΤ-ΗΤΙ,2026-07-27,ΧΕ-1813 ΣΕΙΡΑ Α/2026 ΠΡΟΣΘΕΤΕΣ ΑΜΟΙΒΕΣ  6ου/26    ΔΙΟΙΚΗΤΙΚΟ  ΠΡΟΣ/ΚΟ,,,,no sponsor block
9Ψ9Α4690ΒΤ-1ΓΙ,2026-07-27,ΧΕ-1812 ΣΕΙΡΑ Α/2026 ΠΡΟΣΘΕΤΕΣ ΑΜΟΙΒΕΣ  6ου/26    ΠΡΟΣ/ΚΟ  Ι.Δ  Ν.2470/96,,,,no sponsor block
ΨΜ224690ΒΤ-ΕΦ4,2026-07-27,ΧΕ-1811 ΣΕΙΡΑ Α/2026 ΠΡΟΣΘΕΤΕΣ ΑΜΟΙΒΕΣ  6ου/26   ΕΠΙΚΟΥΡΙΚΟ  ΠΡΟΣ/ΚΟ  COVID,,,,no sponsor block
9Ω8Ζ4690ΒΤ-ΠΑΥ,2026-07-24,ΧΕ-1809 ΣΕΙΡΑ Α/2026 ΠΡΟΣΘΕΤΕΣ ΑΜΟΙΒΕΣ  6ου/26  ΝΟΣΗΛ/ΚΟ ΠΡΟΣ/ΚΟ  Ν.Δ. 1057/80,,,,no sponsor block
Ψ5ΗΜ4690ΒΤ-ΣΧ3,2026-07-24,ΧΕ-1808 ΣΕΙΡΑ Α/2026 ΠΡΟΣΘΕΤΕΣ ΑΜΟΙΒΕΣ  6ου/26 ΝΕΟΠΡΟΣΛΑΜΒΑΝΟΜΕΝΟΙ Ο.Α.Ε.Δ  ( Π  ),,,,no sponsor block
Ψ1Φ64690ΒΤ-ΔΤΓ,2026-07-24,ΧΕ-1807 ΣΕΙΡΑ Α/2026 ΠΡΟΣΘΕΤΕΣ ΑΜΟΙΒΕΣ  6ου/26 ΝΕΟΠΡΟΣΛΑΜΒΑΝΟΜΕΝΟΙ Ο.Α.Ε.Δ  ( Ν ),,,,no sponsor block
6ΣΒ94690ΒΤ-90Θ,2026-07-24,ΧΕ-1806 ΣΕΙΡΑ Α/2026 ΠΡΟΣΘΕΤΕΣ ΑΜΟΙΒΕΣ  6ου/26    ΕΠΙΚΟΥΡΙΚΟ .ΠΡΟΣΩΠ ΤΡΙΜΗΝΑ COVID,,,,no sponsor block
Ψ9Π14690ΒΤ-91Θ,2026-07-27,ΧΕ-1810 ΣΕΙΡΑ Α/2026 ΠΡΟΣΘΕΤΕΣ ΑΜΟΙΒΕΣ  6ου/26   ΕΠΙΚΟΥΡΙΚΟ  ΠΡΟΣ/ΚΟ,,,,no sponsor block
9ΖΓΞ4690ΒΤ-ΑΙΚ,2026-07-24,ΧΕ-1804 ΣΕΙΡΑ Α/2026 ΑΠΟΖΗΜΙΩΣΗ ΚΑΝΟΝ.ΑΔΕΙΑΣ 7ος/2026  ΕΠΙΚΟΥΡΙΚΟ  ΠΡΟΣΩΠΙΚΟ,,,,no sponsor block
9ΧΖΕ4690ΒΤ-3ΑΨ,2026-07-24,ΧΕ-1803 ΣΕΙΡΑ Α/2026 ΑΝΑΔΡΟΜΙΚΑ      6ος/2026    ΑΣΚΟΥΜΕΝΟΙ Ο.Α.Ε.Δ,,,,no sponsor block
6ΖΟΒ4690ΒΤ-Ξ02,2026-07-24,ΧΕ-1802 ΣΕΙΡΑ Α/2026 ΤΑΚΤΙΚΗ ΜΙΣΘΟΔΟΣΙΑ ΜΕΤΑΠ/ΤΕΩΝ  7ος/2026  ΣΠΟΥΔΑΣΤΕΣ ΠΟΥ ΑΣΚΟΥΝΤΑΙ,,,,no sponsor block
ΨΝΑΚ4690ΒΤ-12Μ,2026-07-24,ΧΕ-1801 ΣΕΙΡΑ Α/2026 ΤΑΚΤΙΚΗ ΜΙΣΘΟΔΟΣΙΑ ΜΕΤΑΠ/ΤΕΩΝ  6ος/2026  ΑΣΚΟΥΜΕΝΟΙ Ο.Α.ΕΔ,,,,no sponsor block
99Χ04690ΒΤ-ΩΩΧ,2026-07-24,ΧΕ-1800 ΣΕΙΡΑ Α/2026 ΤΑΚΤΙΚΗ ΜΙΣΘΟΔΟΣΙΑ ΜΕΤΑΠ/ΤΕΩΝ  7ος/2026  ΑΜΙΣΘΟΙ ΤΕΕ ( ΔΙΕΚ ),,,,no sponsor block
6ΜΞ84690ΒΤ-ΣΝΝ,2026-07-24,ΧΕ-1799 ΣΕΙΡΑ Α/2026 ΤΑΚΤΙΚΗ ΜΙΣΘΟΔΟΣΙΑ ΜΕΤΑΠ/ΤΕΩΝ  6ος/2026  ΑΜΙΣΘΟΙ ΤΕΕ ( ΕΠΑΛ ),,,,no sponsor block
Ψ78Δ4690ΒΤ-ΚΞΑ,2026-07-24,ΧΕ-1798 ΣΕΙΡΑ Α/2026 ΤΑΚΤΙΚΗ ΜΙΣΘΟΔΟΣΙΑ ΜΕΤΑΠ/ΤΕΩΝ  7ος/2026  ΕΠΙΣΤΗΜΟΝΙΚΟ  ΠΡΟΣΩΠΙΚΟ,,,,no sponsor block
91ΧΑ4690ΒΤ-ΝΦΙ,2026-07-24,ΧΕ-1797 ΣΕΙΡΑ Α/2026 ΤΑΚΤΙΚΗ ΜΙΣΘΟΔΟΣΙΑ ΜΕΤΑΠ/ΤΕΩΝ  7ος/2026  ΝΕΟΠΡΟΣΛΑΜΒΑΝΟΜΕΝΟΙ Ο.Α.Ε.Δ ( Ν ),,,,no sponsor block
9ΟΓ54690ΒΤ-Ρ0Ν,2026-07-24,ΧΕ-1796 ΣΕΙΡΑ Α/2026 ΤΑΚΤΙΚΗ ΜΙΣΘΟΔΟΣΙΑ ΜΕΤΑΠ/ΤΕΩΝ  7ος/2026  ΝΕΟΠΡΟΣΛΑΜΒΑΝΟΜΕΝΟΙ Ο.Α.Ε.Δ ( Π ),,,,no sponsor block
6Μ4Α4690ΒΤ-Ξ40,2026-07-24,ΧΕ-1795 ΣΕΙΡΑ Α/2026 ΤΑΚΤΙΚΗ ΜΙΣΘΟΔΟΣΙΑ ΜΕΤΑΠ/ΤΕΩΝ  7ος/2026  ΕΠΙΚΟΥΡΙΚΟ  ΠΡΟΣΩΠΙΚΟ,,,,no sponsor block
9ΦΙΠ4690ΒΤ-ΞΤΑ,2026-07-24,ΧΕ-1794 ΣΕΙΡΑ Α/2026 ΑΝΑΔΡΟΜΙΚΑ  ΜΕΤΑΠ/ΤΕΩΝ  7ος/2026  ΕΠΙΚΟΥΡΙΚΟΙ  Ε.Σ.Υ,,,,no sponsor block
Ρ9ΘΛ4690ΒΤ-ΔΘΘ,2026-07-24,ΧΕ-1793 ΣΕΙΡΑ Α/2026 ΤΑΚΤΙΚΗ ΜΙΣΘΟΔΟΣΙΑ ΜΕΤΑΠ/ΤΕΩΝ  7ος/2026  ΕΠΙΚΟΥΡΙΚΟΙ  Ε.Σ.Υ,,,,no sponsor block
6ΝΙΣ4690ΒΤ-ΥΑΗ,2026-07-24,ΧΕ-1792 ΣΕΙΡΑ Α/2026 ΤΑΚΤΙΚΗ ΜΙΣΘΟΔΟΣΙΑ ΜΕΤΑΠ/ΤΕΩΝ  7ος/2026  ΕΠΙΚΟΥΡΙΚΟ  ΠΡΟΣΩΠΙΚΟ ΤΡΙΜΗΝΑ  COVID,,,,no sponsor block
Ψ55Ν4690ΒΤ-ΔΒΡ,2026-07-24,ΧΕ-1791 ΣΕΙΡΑ Α/2026 ΤΑΚΤΙΚΗ ΜΙΣΘΟΔΟΣΙΑ ΜΕΤΑΠ/ΤΕΩΝ  7ος/2026  ΕΠΙΚΟΥΡΙΚΟΙ  Ε.Σ.Υ  COVID,,,,no sponsor block
9ΖΨ44690ΒΤ-ΚΝ4,2026-07-24,ΧΕ-1790 ΣΕΙΡΑ Α/2026 ΑΝΑΔΡΟΜΙΚΑ ΕΠΙΚΟΥΡΙΚΟ ΠΡΟΣΩΠ/COVID,,,,no sponsor block
ΨΗ7Ρ4690ΒΤ-ΛΤΒ,2026-07-24,ΧΕ-1789 ΣΕΙΡΑ Α/2026 ΤΑΚΤΙΚΗ ΜΙΣΘΟΔΟΣΙΑ ΜΕΤΑΠ/ΤΕΩΝ  7ος/2026  ΕΠΙΚΟΥΡΙΚΟ  ΠΡΟΣΩΠΙΚΟ COVID,,,,no sponsor block
Ψ2ΩΙ4690ΒΤ-ΧΣΥ,2026-07-22,ΧΕ-1775 ΣΕΙΡΑ Α/2026 ΠΡΟΣΘΕΤΕΣ ΕΦΗΜΕΡΙΕΣ  3ου /2026   ΓΙΑΤΡΟΙ  Ε.Σ.Υ ΕΙΔΙΚ/ΝΟΙ  ΤΟΥ Ψ/Τ,,,,no sponsor block
ΨΒ4Γ4690ΒΤ-8ΥΖ,2026-07-22,ΧΕ-1774 ΣΕΙΡΑ Α/2026 ΠΡΟΣΘΕΤΕΣ ΕΦΗΜΕΡΙΕΣ  3ου /2026   ΓΙΑΤΡΟΙ  Ε.Σ.Υ  ΤΟΥ Ψ/Τ,,,,no sponsor block
ΨΥΘ04690ΒΤ-ΕΝΡ,2026-07-22,ΧΕ-1773 ΣΕΙΡΑ Α/2026 ΠΡΟΣΘΕΤΕΣ ΕΦΗΜΕΡΙΕΣ  3ου /2026   ΓΙΑΤΡΟΙ  Ε.Σ.Υ  ΤΟΥ Κ.Ψ.ΥΓΕΙΑΣ,,,,no sponsor block
9Β6Ω4690ΒΤ-7Ε1,2026-07-22,ΧΕ-1772 ΣΕΙΡΑ Α/2026 ΠΡΟΣΘΕΤΕΣ ΕΦΗΜΕΡΙΕΣ  3ου /2026  ΕΠΙΚΟΥΡΙΚΟΙ  Ε.Σ.Υ,,,,no sponsor block
9ΣΔ74690ΒΤ-ΥΤΚ,2026-07-22,ΧΕ-1771 ΣΕΙΡΑ Α/2026 ΠΡΟΣΘΕΤΕΣ ΕΦΗΜΕΡΙΕΣ  3ου /2026  ΕΠΙΚΟΥΡΙΚΟΙ  Ε.Σ.Υ COVID,,,,no sponsor block
93ΩΗ4690ΒΤ-0ΤΩ,2026-07-22,ΧΕ-1770 ΣΕΙΡΑ Α/2026 ΠΡΟΣΘΕΤΕΣ ΕΦΗΜΕΡΙΕΣ  3ου /2026 ΓΙΑΤΡΟΙ Ε.Σ.Υ EIΔIK/NOI,,,,no sponsor block
ΨΘΨΔ4690ΒΤ-Ι7Ο,2026-07-22,ΧΕ-1769 ΣΕΙΡΑ Α/2026 ΠΡΟΣΘΕΤΕΣ ΕΦΗΜΕΡΙΕΣ  3ου /2026 ΓΙΑΤΡΟΙ Ε.Σ.Υ,,,,no sponsor block
Ρ6Ω54690ΒΤ-8ΗΨ,2026-07-20,ΧΕ-1768 ΣΕΙΡΑ Α/2026 ΑΠΟΔΟΣΗ ΚΡΑΤΗΣΕΩΝ ΑΠΟ ΠΛΗΡΩΜΗ ΕΑΠ ΜΗΝΟΣ ΙΟΥΛΙΟΥ 2026 (ΜΕΣΩ ΤΑΜΕΙΟ ΑΝΑΚΑΜΨΗΣ),999825956,ΤΣΑΥ ΚΑΙ ΛΟΙΠΑ ΤΑΜΕΙΑ,148.72,self-referential (payroll/EFKA/FMY remittance)
9ΛΘΔ4690ΒΤ-9ΞΣ,2026-07-20,ΧΕ-1767 ΣΕΙΡΑ Α/2026 ΑΠΟΔΟΣΗ ΚΡΑΤΗΣΕΩΝ ΑΠΟ ΠΛΗΡΩΜΗ ΜΕΣΩ ΕΑΠ ΓΙΑ ΑΠΟΓΕΥΜΑΤΙΝΑ ΙΑΤΡΕΙΑ ΜΗΝΟΣ ΙΟΥΛΙΟΥ 2026,999825956,ΤΣΑΥ ΚΑΙ ΛΟΙΠΑ ΤΑΜΕΙΑ,147.84,self-referential (payroll/EFKA/FMY remittance)
9ΛΘΔ4690ΒΤ-9ΞΣ,2026-07-20,ΧΕ-1767 ΣΕΙΡΑ Α/2026 ΑΠΟΔΟΣΗ ΚΡΑΤΗΣΕΩΝ ΑΠΟ ΠΛΗΡΩΜΗ ΜΕΣΩ ΕΑΠ ΓΙΑ ΑΠΟΓΕΥΜΑΤΙΝΑ ΙΑΤΡΕΙΑ ΜΗΝΟΣ ΙΟΥΛΙΟΥ 2026,999825956,ΤΣΑΥ ΚΑΙ ΛΟΙΠΑ ΤΑΜΕΙΑ,1394.51,self-referential (payroll/EFKA/FMY remittance)
9Υ0Ω4690ΒΤ-Ψ0Ρ,2026-07-20,ΧΕ-1766 ΣΕΙΡΑ Α/2026 ΑΠΟΔΟΣΗ ΚΡΑΤΗΣΕΩΝ ΑΠΟ ΠΛΗΡΩΜΗ ΜΕΣΩ ΕΑΠ ΜΗΝΟΣ ΙΟΥΛΙΟΥ 2026,999825956,ΤΣΑΥ ΚΑΙ ΛΟΙΠΑ ΤΑΜΕΙΑ,68846.83,self-referential (payroll/EFKA/FMY remittance)
9Υ0Ω4690ΒΤ-Ψ0Ρ,2026-07-20,ΧΕ-1766 ΣΕΙΡΑ Α/2026 ΑΠΟΔΟΣΗ ΚΡΑΤΗΣΕΩΝ ΑΠΟ ΠΛΗΡΩΜΗ ΜΕΣΩ ΕΑΠ ΜΗΝΟΣ ΙΟΥΛΙΟΥ 2026,999825956,ΤΣΑΥ ΚΑΙ ΛΟΙΠΑ ΤΑΜΕΙΑ,2673.85,self-referential (payroll/EFKA/FMY remittance)
9Υ0Ω4690ΒΤ-Ψ0Ρ,2026-07-20,ΧΕ-1766 ΣΕΙΡΑ Α/2026 ΑΠΟΔΟΣΗ ΚΡΑΤΗΣΕΩΝ ΑΠΟ ΠΛΗΡΩΜΗ ΜΕΣΩ ΕΑΠ ΜΗΝΟΣ ΙΟΥΛΙΟΥ 2026,999825956,ΤΣΑΥ ΚΑΙ ΛΟΙΠΑ ΤΑΜΕΙΑ,61201.76,self-referential (payroll/EFKA/FMY remittance)
Ψ0Λ54690ΒΤ-5ΛΗ,2026-07-08,ΧΕ-1687 ΣΕΙΡΑ Α/2026 Αμοιβή Λοιπου  Προσωπικού λογω συμμετοχής στην ολοήμερη λειτουργία,,,,no sponsor block
9ΑΥΧ4690ΒΤ-47Ζ,2026-07-08,ΧΕ-1686 ΣΕΙΡΑ Α/2026 Αμοιβή Ιατρικού Προσωπικού λογω συμμετοχής στην ολοήμερη λειτουργία,,,,no sponsor block
Ψ10Λ4690ΒΤ-8ΓΩ,2026-07-08,ΧΕ-1685 ΣΕΙΡΑ Α/2026 Αμοιβή Ιατρικού Προσωπικού λογω συμμετοχής στην ολοήμερη λειτουργία,,,,no sponsor block
ΨΨΜΓ4690ΒΤ-Φ5Ι,2026-07-08,ΧΕ-1684 ΣΕΙΡΑ Α/2026 Αμοιβή Ιατρικού Προσωπικού λογω συμμετοχής στην ολοήμερη λειτουργία,,,,no sponsor block
6ΜΧΗ4690ΒΤ-Κ63,2026-07-10,ΧΕ-1690 ΣΕΙΡΑ Α/2026 Αναδρομικά   Ιουνίου   2026 ( ΦΕΚ 2598/11-5-26    12 μηνα Ο.Α.Ε.Δ  Δημ.Προσκ. 3/2025,,,,no sponsor block
9ΒΥ84690ΒΤ-Τ95,2026-07-16,ΧΕ-1728 ΣΕΙΡΑ Α/2026 ΟΔΟΙΠΟΡΙΚΑ ΕΞΟΔΑ ΚΑΙ ΗΜΕΡΗΣΙΑ ΑΠΟΖΗΜΙΩΣΗ   /2026,,,,no sponsor block
Ρ3ΚΣ4690ΒΤ-ΤΡΠ,2026-07-13,ΧΕ-1727 ΣΕΙΡΑ Α/2026 ΟΔΟΙΠΟΡΙΚΑ ΕΞΟΔΑ ΚΑΙ ΗΜΕΡΗΣΙΑ ΑΠΟΖΗΜΙΩΣΗ   /2026,,,,no sponsor block
6ΜΩΚ4690ΒΤ-Δ3Η,2026-07-10,ΧΕ-1693 ΣΕΙΡΑ Α/2026 Τακτική μισθοδοσία  Ιουνίου  /2026  12 μηνα Ο.Α.Ε.Δ  Δημ.Προσκ.10/2017,,,,no sponsor block
ΡΠΡΘ4690ΒΤ-0ΚΕ,2026-07-10,ΧΕ-1692 ΣΕΙΡΑ Α/2026 Πρόσθετες αμοιβές   Μαιου /2026  12 μηνα Ο.Α.Ε.Δ  Δημ.Προσκληση 10/2017,,,,no sponsor block
Ρ6ΘΧ4690ΒΤ-5Μ3,2026-07-10,ΧΕ-1691 ΣΕΙΡΑ Α/2026 Πρόσθετες αμοιβές  Μαιου /2026  12 μηνα Ο.Α.Ε.Δ Δημ.Προσκληση 13/2016,,,,no sponsor block
9Ω1Λ4690ΒΤ-50Χ,2026-07-10,ΧΕ-1689 ΣΕΙΡΑ Α/2026 Τακτική μισθοδοσία  Ιουνίου   2026  12 μηνα Ο.Α.Ε.Δ  Δημ.Προσκ. 3/2025,,,,no sponsor block
9Ψ6Τ4690ΒΤ-ΒΟΝ,2026-07-10,ΧΕ-1688 ΣΕΙΡΑ Α/2026 Τακτική μισθοδοσία  Ιουνίου  /2026  12 μηνα Ο.Α.Ε.Δ  Δημ.Προσκ.13/2016,,,,no sponsor block
ΡΒΓΩ4690ΒΤ-9ΨΩ,2026-07-08,ΧΕ-1687 ΣΕΙΡΑ Α/2026 Αμοιβή Λοιπού  Προσωπικού   λογω συμμετοχής στην ολοήμερη λειτουργία,,,,no sponsor block
6ΑΑ74690ΒΤ-30Ο,2026-07-08,ΧΕ-1686 ΣΕΙΡΑ Α/2026 Αμοιβή Ιατρικού Προσωπικού ( Τεχνολόγων )  λογω συμμετοχής στην ολοήμερη λειτουργία,,,,no sponsor block
9ΧΓ44690ΒΤ-Κ09,2026-07-08,ΧΕ-1685 ΣΕΙΡΑ Α/2026 Αμοιβή Ιατρικού Προσωπικού λογω συμμετοχής στην ολοήμερη λειτουργία,,,,no sponsor block
6Ν5Χ4690ΒΤ-Π5Ι,2026-07-08,ΧΕ-1684 ΣΕΙΡΑ Α/2026 Αμοιβή Ιατρικού Προσωπικού λογω συμμετοχής στην ολοήμερη λειτουργία,,,,no sponsor block
ΨΜΖΑ4690ΒΤ-ΕΔΖ,2026-07-06,ΧΕ-1643 ΣΕΙΡΑ Α/2026 Οικονομικό κίνητρο προσέλκυσης ειδικ/νων Ιατρών Γεν./ Οικογ.Ιατρικής  Αρθρο 10 ν.5157/2024 ( ΦΕΚ 187/15-11-2024 τ.Β,,,,no sponsor block
