ada,issue_date,subject,supplier_afm,supplier_name,amount_eur,reason
6ΖΧΓ4690ΒΩ-ΜΓ9,2025-09-22,ΑΜΟΙΒΗ ΛΟΙΠΟΥ ΠΡΟΣΩΠΙΚΟΥ ΠΟΥ ΕΡΓΑΣΤΗΚΑΝ ΣΤΑ ΟΛΟΗΜΕΡΑ ΙΑΤΡΕΙΑ ΤΟΝ ΜΗΝΑ ΙΟΥΛΙΟ 2025,999501452,ΓΕΝΙΚΟ ΝΟΣΟΚΟΜΕΙΟ ΒΟΛΟΥ,1530.00,self-referential (payroll/EFKA/FMY remittance)
Ψ4Γ74690ΒΩ-ΓΤΛ,2025-09-22,ΕΦΗΜΕΡΙΕΣ (ΥΠΕΡΒΑΛΛΟΥΣΕΣ) ΙΑΤΡΙΚΟΥ ΠΡΟΣΩΠΙΚΟΥ ΜΗΝΟΣ ΜΑΪΟΥ 2025,999501452,ΓΕΝΙΚΟ ΝΟΣΟΚΟΜΕΙΟ ΒΟΛΟΥ,30550.40,self-referential (payroll/EFKA/FMY remittance)
9ΤΘΧ4690ΒΩ-Θ1Α,2025-09-22,ΕΦΗΜΕΡΙΕΣ (ΥΠΕΡΒΑΛΛΟΥΣΕΣ) ΙΑΤΡΙΚΟΥ ΠΡΟΣΩΠΙΚΟΥ ΜΗΝΟΣ ΑΠΡΙΛΙΟΥ 2025,999501452,ΓΕΝΙΚΟ ΝΟΣΟΚΟΜΕΙΟ ΒΟΛΟΥ,34441.54,self-referential (payroll/EFKA/FMY remittance)
Ψ1ΧΠ4690ΒΩ-ΟΧ0,2025-09-22,ΕΦΗΜΕΡΙΕΣ (ΥΠΕΡΒΑΛΛΟΥΣΕΣ) ΙΑΤΡΙΚΟΥ ΕΠΙΚΟΥΡΙΚΟΥ ΠΡΟΣΩΠΙΚΟΥ ΜΕ ΣΧΕΣΗ ΕΡΓΑΣΙΑΣ ΙΔΟΧ ΜΗΝΟΣ  ΜΑΪΟΥ 2025 «ΕΝΙΣΧΥΣΗ ΤΩΝ ΦΟΡΕΩΝ ΥΓΕΙΑΣ ΜΕ ΕΠΙΚΟΥΡΙΚΟ ΠΡΟΣΩΠΙΚΟ ΓΙΑ ΤΗΝ ΑΝΤΑΠΟΚΡΙΣΗ ΣΤΙΣ ΑΝΑΓΚΕΣ ΛΟΓΩ ΤΗΣ ΕΠΙΔΗΜΙΑΣ COVID-19 ΣΤΗΝ ΠΕΡΙΦΕΡΕΙΑ ΘΕΣΣΑΛΙΑΣ» ΜΕ ΚΩΔΙΚΟ ΟΠΣ 5070510 ΣΤΟ ΕΠΙΧΕΙΡΗΣΙΑΚΟ ΠΡΟΓΡΑΜΜΑ «ΠΕΡΙΦΕΡΕΙΑΚΟ ΕΠΙΧΕΙΡΗΣΙΑΚΟ ΠΡΟΓΡΑΜΜΑ ΘΕΣΣΑΛΙΑΣ 2014 ΜΕ ΠΑΡΑΤΑΣΗ ΣΥΜΒΑΣΕΩΝ  ΕΩΣ 31/12/2024 ΣΥΜΦΩΝΑ ΜΕ ΤΙΣ ΔΙΑΤΑΞΕΙΣ  ΤΟΥ Ν.5079/2023 (ΦΕΚ 215/22-12-2023/τ.Α΄) ΑΡΘΡΟ 70 ΠΑΡ.,999501452,ΓΕΝΙΚΟ ΝΟΣΟΚΟΜΕΙΟ ΒΟΛΟΥ,849.33,self-referential (payroll/EFKA/FMY remittance)
9ΙΣ24690ΒΩ-9ΞΗ,2025-09-22,ΕΦΗΜΕΡΙΕΣ (ΥΠΕΡΒΑΛΛΟΥΣΕΣ) ΙΑΤΡΙΚΟΥ ΕΠΙΚΟΥΡΙΚΟΥ ΠΡΟΣΩΠΙΚΟΥ ΜΕ ΣΧΕΣΗ ΕΡΓΑΣΙΑΣ ΙΔΟΧ ΜΗΝΟΣ  ΑΠΡΙΛΙΟΥ 2025 «ΕΝΙΣΧΥΣΗ ΤΩΝ ΦΟΡΕΩΝ ΥΓΕΙΑΣ ΜΕ ΕΠΙΚΟΥΡΙΚΟ ΠΡΟΣΩΠΙΚΟ ΓΙΑ ΤΗΝ ΑΝΤΑΠΟΚΡΙΣΗ ΣΤΙΣ ΑΝΑΓΚΕΣ ΛΟΓΩ ΤΗΣ ΕΠΙΔΗΜΙΑΣ COVID-19 ΣΤΗΝ ΠΕΡΙΦΕΡΕΙΑ ΘΕΣΣΑΛΙΑΣ» ΜΕ ΚΩΔΙΚΟ ΟΠΣ 5070510 ΣΤΟ ΕΠΙΧΕΙΡΗΣΙΑΚΟ ΠΡΟΓΡΑΜΜΑ «ΠΕΡΙΦΕΡΕΙΑΚΟ ΕΠΙΧΕΙΡΗΣΙΑΚΟ ΠΡΟΓΡΑΜΜΑ ΘΕΣΣΑΛΙΑΣ 2014 ΜΕ ΠΑΡΑΤΑΣΗ ΣΥΜΒΑΣΕΩΝ  ΕΩΣ 31/12/2024 ΣΥΜΦΩΝΑ ΜΕ ΤΙΣ ΔΙΑΤΑΞΕΙΣ  ΤΟΥ Ν.5079/2023 (ΦΕΚ 215/22-12-2023/τ.Α΄) ΑΡΘΡΟ 70 ΠΑΡ.,999501452,ΓΕΝΙΚΟ ΝΟΣΟΚΟΜΕΙΟ ΒΟΛΟΥ,389.46,self-referential (payroll/EFKA/FMY remittance)
9Θ034690ΒΩ-Β5Ω,2025-09-16,: ΤΑΚΤΙΚΕΣ ΑΠΟΔΟΧΕΣ - ΕΦΗΜΕΡΙΕΣ ΙΟΥΛΙΟΥ 2025 ΜΕ ΕΚΔΟΣΗ Α.Π.Υ. ΓΙΑ ΤΗΝ ΚΑΛΥΨΗ ΕΠΙΤΑΚΤΙΚΩΝ ΑΝΑΓΚΩΝ ΠΡΩΙΝΟΥ ΤΑΚΤΙΚΟΥ ΩΡΑΡΙΟΥ ΓΙΑ ΔΩΔΕΚΑ ΜΗΝΕΣ (18/10/2024 ΕΩΣ 17/10/2025) ΣΤΟ ΧΕΙΡΟΥΡΓΙΚΟ ΤΜΗΜΑ,,,,no sponsor block
98734690ΒΩ-Κ9Γ,2025-09-16,ΑΜΟΙΒΗ ΙΑΤΡΙΚΟΥ ΠΡΟΣΩΠΙΚΟΥ ΠΟΥ ΕΡΓΑΣΤΗΚΑΝ ΣΤΑ ΟΛΟΗΜΕΡΑ ΙΑΤΡΕΙΑ ΤΟΝ ΜΗΝΑ ΙΟΥΛΙΟ 2025,,,,no sponsor block
9Σ574690ΒΩ-7ΦΦ,2025-09-15,ΕΦΗΜΕΡΙΕΣ  ΙΑΤΡΩΝ ΕΣΥ ΜΗΝΟΣ  ΙΟΥΛΙΟΥ 2025,999501452,ΓΕΝΙΚΟ ΝΟΣΟΚΟΜΕΙΟ ΒΟΛΟΥ,101302.76,self-referential (payroll/EFKA/FMY remittance)
9Χ8Ω4690ΒΩ-6ΡΦ,2025-09-15,"ΚΑΤΑΒΟΛΗ ΕΚΤΑΚΤΗΣ ΟΙΚΟΝΟΜΙΚΗΣ ΕΝΙΣΧΥΣΗΣ ΕΦΗΜΕΡΙΩΝ  ΙΑΤΡΩΝ ΕΣΥ ΣΥΜΦΩΝΑ ΜΕ ΤΙΣ ΔΙΑΤΑΞΕΙΣ ΤΩΝ ΑΡΘΡΩΝ 88,89 ΚΑΙ 90 ΤΟΥ Ν.4850/2021 ΦΕΚ 208/τ. Α΄ ΜΗΝΟΣ   ΙΟΥΛΙΟΥ 2025",999501452,ΓΕΝΙΚΟ ΝΟΣΟΚΟΜΕΙΟ ΒΟΛΟΥ,5000.00,self-referential (payroll/EFKA/FMY remittance)
9ΩΡΖ4690ΒΩ-ΦΦ6,2025-09-15,: ΠΡΟΣΘΕΤΕΣ ΑΜΟΙΒΕΣ ΛΟΙΠΟΥ ΕΠΙΚΟΥΡΙΚΟΥ ΠΡΟΣΩΠΙΚΟΥ ΜΕ ΣΧΕΣΗ ΕΡΓΑΣΙΑΣ ΙΔΟΧ ΜΗΝΟΣ ΙΟΥΛΙΟΥ 2025«ΕΝΙΣΧΥΣΗ ΤΩΝ ΦΟΡΕΩΝ ΥΓΕΙΑΣ ΜΕ ΕΠΙΚΟΥΡΙΚΟ ΠΡΟΣΩΠΙΚΟ ΓΙΑ ΤΗΝ ΑΝΤΑΠΟΚΡΙΣΗ ΣΤΙΣ ΑΝΑΓΚΕΣ ΛΟΓΩ ΤΗΣ ΕΠΙΔΗΜΙΑΣ COVID-19 ΣΤΗΝ ΠΕΡΙΦΕΡΕΙΑ ΘΕΣΣΑΛΙΑΣ» ΜΕ ΚΩΔΙΚΟ ΟΠΣ 5070510 ΣΤΟ ΕΠΙΧΕΙΡΗΣΙΑΚΟ ΠΡΟΓΡΑΜΜΑ «ΠΕΡΙΦΕΡΕΙΑΚΟ ΕΠΙΧΕΙΡΗΣΙΑΚΟ ΠΡΟΓΡΑΜΜΑ ΘΕΣΣΑΛΙΑΣ 2014 ΜΕ ΠΑΡΑΤΑΣΗ ΣΥΜΒΑΣΕΩΝ  ΕΩΣ 31/12/2024 ΣΥΜΦΩΝΑ ΜΕ ΤΙΣ ΔΙΑΤΑΞΕΙΣ  ΤΟΥ Ν.5079/2023 (ΦΕΚ 215/22-12-2023/τ.Α΄) ΑΡΘΡΟ 70 ΠΑΡ,999501452,ΓΕΝΙΚΟ ΝΟΣΟΚΟΜΕΙΟ ΒΟΛΟΥ,223.20,self-referential (payroll/EFKA/FMY remittance)
9ΩΡΖ4690ΒΩ-ΦΦ6,2025-09-15,: ΠΡΟΣΘΕΤΕΣ ΑΜΟΙΒΕΣ ΛΟΙΠΟΥ ΕΠΙΚΟΥΡΙΚΟΥ ΠΡΟΣΩΠΙΚΟΥ ΜΕ ΣΧΕΣΗ ΕΡΓΑΣΙΑΣ ΙΔΟΧ ΜΗΝΟΣ ΙΟΥΛΙΟΥ 2025«ΕΝΙΣΧΥΣΗ ΤΩΝ ΦΟΡΕΩΝ ΥΓΕΙΑΣ ΜΕ ΕΠΙΚΟΥΡΙΚΟ ΠΡΟΣΩΠΙΚΟ ΓΙΑ ΤΗΝ ΑΝΤΑΠΟΚΡΙΣΗ ΣΤΙΣ ΑΝΑΓΚΕΣ ΛΟΓΩ ΤΗΣ ΕΠΙΔΗΜΙΑΣ COVID-19 ΣΤΗΝ ΠΕΡΙΦΕΡΕΙΑ ΘΕΣΣΑΛΙΑΣ» ΜΕ ΚΩΔΙΚΟ ΟΠΣ 5070510 ΣΤΟ ΕΠΙΧΕΙΡΗΣΙΑΚΟ ΠΡΟΓΡΑΜΜΑ «ΠΕΡΙΦΕΡΕΙΑΚΟ ΕΠΙΧΕΙΡΗΣΙΑΚΟ ΠΡΟΓΡΑΜΜΑ ΘΕΣΣΑΛΙΑΣ 2014 ΜΕ ΠΑΡΑΤΑΣΗ ΣΥΜΒΑΣΕΩΝ  ΕΩΣ 31/12/2024 ΣΥΜΦΩΝΑ ΜΕ ΤΙΣ ΔΙΑΤΑΞΕΙΣ  ΤΟΥ Ν.5079/2023 (ΦΕΚ 215/22-12-2023/τ.Α΄) ΑΡΘΡΟ 70 ΠΑΡ,999501452,ΓΕΝΙΚΟ ΝΟΣΟΚΟΜΕΙΟ ΒΟΛΟΥ,4448.95,self-referential (payroll/EFKA/FMY remittance)
ΨΗΜΦ4690ΒΩ-ΦΡ3,2025-09-15,ΕΦΗΜΕΡΙΕΣ  ΕΠΙΣΤΗΜΟΝΙΚΟΥ ΠΡΟΣΩΠΙΚΟΥ ΜΕ ΣΧΕΣΗ ΕΡΓΑΣΙΑΣ ΙΔΟΧ ΜΗΝΟΣ  ΙΟΥΛΙΟΥ 2025 «ΕΝΙΣΧΥΣΗ ΤΩΝ ΦΟΡΕΩΝ ΥΓΕΙΑΣ ΜΕ ΕΠΙΚΟΥΡΙΚΟ ΠΡΟΣΩΠΙΚΟ ΓΙΑ ΤΗΝ ΑΝΤΑΠΟΚΡΙΣΗ ΣΤΙΣ ΑΝΑΓΚΕΣ ΛΟΓΩ ΤΗΣ ΕΠΙΔΗΜΙΑΣ COVID-19 ΣΤΗΝ ΠΕΡΙΦΕΡΕΙΑ ΘΕΣΣΑΛΙΑΣ» ΜΕ ΚΩΔΙΚΟ ΟΠΣ 5070510 ΣΤΟ ΕΠΙΧΕΙΡΗΣΙΑΚΟ ΠΡΟΓΡΑΜΜΑ «ΠΕΡΙΦΕΡΕΙΑΚΟ ΕΠΙΧΕΙΡΗΣΙΑΚΟ ΠΡΟΓΡΑΜΜΑ ΘΕΣΣΑΛΙΑΣ 2014 ΜΕ ΠΑΡΑΤΑΣΗ ΣΥΜΒΑΣΕΩΝ  ΕΩΣ 31/12/2024 ΣΥΜΦΩΝΑ ΜΕ ΤΙΣ ΔΙΑΤΑΞΕΙΣ  ΤΟΥ Ν.5079/2023 (ΦΕΚ 215/22-12-2023/τ.Α΄) ΑΡΘΡΟ 70 ΠΑΡ. 1,999501452,ΓΕΝΙΚΟ ΝΟΣΟΚΟΜΕΙΟ ΒΟΛΟΥ,250.36,self-referential (payroll/EFKA/FMY remittance)
ΨΗΜΦ4690ΒΩ-ΦΡ3,2025-09-15,ΕΦΗΜΕΡΙΕΣ  ΕΠΙΣΤΗΜΟΝΙΚΟΥ ΠΡΟΣΩΠΙΚΟΥ ΜΕ ΣΧΕΣΗ ΕΡΓΑΣΙΑΣ ΙΔΟΧ ΜΗΝΟΣ  ΙΟΥΛΙΟΥ 2025 «ΕΝΙΣΧΥΣΗ ΤΩΝ ΦΟΡΕΩΝ ΥΓΕΙΑΣ ΜΕ ΕΠΙΚΟΥΡΙΚΟ ΠΡΟΣΩΠΙΚΟ ΓΙΑ ΤΗΝ ΑΝΤΑΠΟΚΡΙΣΗ ΣΤΙΣ ΑΝΑΓΚΕΣ ΛΟΓΩ ΤΗΣ ΕΠΙΔΗΜΙΑΣ COVID-19 ΣΤΗΝ ΠΕΡΙΦΕΡΕΙΑ ΘΕΣΣΑΛΙΑΣ» ΜΕ ΚΩΔΙΚΟ ΟΠΣ 5070510 ΣΤΟ ΕΠΙΧΕΙΡΗΣΙΑΚΟ ΠΡΟΓΡΑΜΜΑ «ΠΕΡΙΦΕΡΕΙΑΚΟ ΕΠΙΧΕΙΡΗΣΙΑΚΟ ΠΡΟΓΡΑΜΜΑ ΘΕΣΣΑΛΙΑΣ 2014 ΜΕ ΠΑΡΑΤΑΣΗ ΣΥΜΒΑΣΕΩΝ  ΕΩΣ 31/12/2024 ΣΥΜΦΩΝΑ ΜΕ ΤΙΣ ΔΙΑΤΑΞΕΙΣ  ΤΟΥ Ν.5079/2023 (ΦΕΚ 215/22-12-2023/τ.Α΄) ΑΡΘΡΟ 70 ΠΑΡ. 1,999501452,ΓΕΝΙΚΟ ΝΟΣΟΚΟΜΕΙΟ ΒΟΛΟΥ,417.98,self-referential (payroll/EFKA/FMY remittance)
97ΚΞ4690ΒΩ-ΤΘ4,2025-09-15,ΠΡΟΣΘΕΤΕΣ ΑΜΟΙΒΕΣ ΛΟΙΠΟΥ ΕΠΙΚΟΥΡΙΚΟΥ ΠΡΟΣΩΠΙΚΟΥ ΙΟΥΛΙΟΥ 2025 ΣΥΜΦΩΝΑ ΜΕ ΤΙΣ ΔΙΑΤΑΞΕΩΝ ΤΟΥ ΑΡΘΡΟΥ 17 ΤΗΣ ΠΝΠ ΦΕΚ 55/1-3-2020 ΄΄ΚΑΤΕΠΕΙΓΟΝΤΑ ΜΕΤΡΑ ΑΝΤΙΜΕΤΩΠΙΣΗΣ ΤΩΝ ΑΡΝΗΤΙΚΩΝ ΣΥΝΕΠΕΙΩΝ ΤΗΣ ΕΜΦΑΝΙΣΗΣ COVID-19,999501452,ΓΕΝΙΚΟ ΝΟΣΟΚΟΜΕΙΟ ΒΟΛΟΥ,211.75,self-referential (payroll/EFKA/FMY remittance)
97ΚΞ4690ΒΩ-ΤΘ4,2025-09-15,ΠΡΟΣΘΕΤΕΣ ΑΜΟΙΒΕΣ ΛΟΙΠΟΥ ΕΠΙΚΟΥΡΙΚΟΥ ΠΡΟΣΩΠΙΚΟΥ ΙΟΥΛΙΟΥ 2025 ΣΥΜΦΩΝΑ ΜΕ ΤΙΣ ΔΙΑΤΑΞΕΩΝ ΤΟΥ ΑΡΘΡΟΥ 17 ΤΗΣ ΠΝΠ ΦΕΚ 55/1-3-2020 ΄΄ΚΑΤΕΠΕΙΓΟΝΤΑ ΜΕΤΡΑ ΑΝΤΙΜΕΤΩΠΙΣΗΣ ΤΩΝ ΑΡΝΗΤΙΚΩΝ ΣΥΝΕΠΕΙΩΝ ΤΗΣ ΕΜΦΑΝΙΣΗΣ COVID-19,999501452,ΓΕΝΙΚΟ ΝΟΣΟΚΟΜΕΙΟ ΒΟΛΟΥ,1001.11,self-referential (payroll/EFKA/FMY remittance)
ΨΛ9Μ4690ΒΩ-Α3Ω,2025-09-15,ΕΦΗΜΕΡΙΕΣ  ΕΠΙΣΤΗΜΟΝΙΚΟΥ ΠΡΟΣΩΠΙΚΟΥ  ΨΥΧΙΚΗΣ ΥΓΕΙΑΣ ΜΗΝΟΣ  ΙΟΥΛΙΟΥ 2025,999501452,ΓΕΝΙΚΟ ΝΟΣΟΚΟΜΕΙΟ ΒΟΛΟΥ,3259.62,self-referential (payroll/EFKA/FMY remittance)
94Σ44690ΒΩ-Σ2Φ,2025-09-15,ΕΦΗΜΕΡΙΕΣ  ΕΠΙΣΤΗΜΟΝΙΚΟΥ ΠΡΟΣΩΠΙΚΟΥ  ΨΥΧΙΚΗΣ ΥΓΕΙΑΣ ΜΗΝΟΣ  ΙΟΥΛΙΟΥ 2025,999501452,ΓΕΝΙΚΟ ΝΟΣΟΚΟΜΕΙΟ ΒΟΛΟΥ,2930.86,self-referential (payroll/EFKA/FMY remittance)
9Μ6Φ4690ΒΩ-9ΘΥ,2025-09-15,ΠΡΟΣΘΕΤΕΣ ΑΜΟΙΒΕΣ ΕΙΔΙΚΕΥΟΜΕΝΩΝ ΝΟΣΗΛΕΥΤΩΝ ΜΗΝΟΣ ΙΟΥΛΙΟΥ 2025 ΣΥΜΦΩΝΑ ΜΕ ΤΙΣ ΔΙΑΤΑΞΕΙΣ ΤΟΥ ΑΡΘΡΟΥ 58 ΤΟΥ Ν.4690/2020 (ΦΕΚ 104/Α/30-5-2020),999501452,ΓΕΝΙΚΟ ΝΟΣΟΚΟΜΕΙΟ ΒΟΛΟΥ,1127.38,self-referential (payroll/EFKA/FMY remittance)
9Β7Η4690ΒΩ-ΗΒ8,2025-09-15,ΠΡΟΣΘΕΤΕΣ ΑΜΟΙΒΕΣ ΛΟΙΠΟΥ  ΕΠΙΚΟΥΡΙΚΟΥ ΠΡΟΣΩΠΙΚΟΥ ΜΗΝΟΣ  ΙΟΥΛΙΟΥ 2025,999501452,ΓΕΝΙΚΟ ΝΟΣΟΚΟΜΕΙΟ ΒΟΛΟΥ,54.60,self-referential (payroll/EFKA/FMY remittance)
9Β7Η4690ΒΩ-ΗΒ8,2025-09-15,ΠΡΟΣΘΕΤΕΣ ΑΜΟΙΒΕΣ ΛΟΙΠΟΥ  ΕΠΙΚΟΥΡΙΚΟΥ ΠΡΟΣΩΠΙΚΟΥ ΜΗΝΟΣ  ΙΟΥΛΙΟΥ 2025,999501452,ΓΕΝΙΚΟ ΝΟΣΟΚΟΜΕΙΟ ΒΟΛΟΥ,258.72,self-referential (payroll/EFKA/FMY remittance)
91ΕΚ4690ΒΩ-ΦΚ4,2025-09-15,ΠΡΟΣΘΕΤΕΣ ΑΜΟΙΒΕΣ ΙΔ. ΔΙΚΑΙΟΥ (ΑΟΡΙΣΤΟΥ-ΟΡΙΣΜΕΝΟΥ-ΑΤΟΜΙΚΕΣ ΣΥΜΒΑΣΕΙΣ) ΜΗΝΟΣ  ΙΟΥΛΙΟΥ 2025,999501452,ΓΕΝΙΚΟ ΝΟΣΟΚΟΜΕΙΟ ΒΟΛΟΥ,261.35,self-referential (payroll/EFKA/FMY remittance)
91ΕΚ4690ΒΩ-ΦΚ4,2025-09-15,ΠΡΟΣΘΕΤΕΣ ΑΜΟΙΒΕΣ ΙΔ. ΔΙΚΑΙΟΥ (ΑΟΡΙΣΤΟΥ-ΟΡΙΣΜΕΝΟΥ-ΑΤΟΜΙΚΕΣ ΣΥΜΒΑΣΕΙΣ) ΜΗΝΟΣ  ΙΟΥΛΙΟΥ 2025,999501452,ΓΕΝΙΚΟ ΝΟΣΟΚΟΜΕΙΟ ΒΟΛΟΥ,1287.30,self-referential (payroll/EFKA/FMY remittance)
6ΥΓ24690ΒΩ-Χ53,2025-09-15,"ΠΡΟΣΘΕΤΕΣ ΑΜΟΙΒΕΣ ΛΟΙΠΟΥ ΜΟΝΙΜΟΥ (ΔΙΟΙΚΗΤΙΚΟΥ,ΝΟΣΗΛΕΥΤΙΚΟΥ κ.λ.π.) ΠΡΟΣΩΠΙΚΟΥ ΜΗΝΟΣ  ΙΟΥΛΙΟΥ 2025",999501452,ΓΕΝΙΚΟ ΝΟΣΟΚΟΜΕΙΟ ΒΟΛΟΥ,7973.35,self-referential (payroll/EFKA/FMY remittance)
6ΥΓ24690ΒΩ-Χ53,2025-09-15,"ΠΡΟΣΘΕΤΕΣ ΑΜΟΙΒΕΣ ΛΟΙΠΟΥ ΜΟΝΙΜΟΥ (ΔΙΟΙΚΗΤΙΚΟΥ,ΝΟΣΗΛΕΥΤΙΚΟΥ κ.λ.π.) ΠΡΟΣΩΠΙΚΟΥ ΜΗΝΟΣ  ΙΟΥΛΙΟΥ 2025",999501452,ΓΕΝΙΚΟ ΝΟΣΟΚΟΜΕΙΟ ΒΟΛΟΥ,36500.97,self-referential (payroll/EFKA/FMY remittance)
Ψ0ΞΓ4690ΒΩ-ΠΔΦ,2025-09-15,ΕΦΗΜΕΡΙΕΣ  ΕΠΙΣΤΗΜΟΝΙΚΟΥ ΠΡΟΣΩΠΙΚΟΥ   ΜΗΝΟΣ  ΙΟΥΛΙΟΥ 2025,999501452,ΓΕΝΙΚΟ ΝΟΣΟΚΟΜΕΙΟ ΒΟΛΟΥ,5918.32,self-referential (payroll/EFKA/FMY remittance)
Ψ0ΞΓ4690ΒΩ-ΠΔΦ,2025-09-15,ΕΦΗΜΕΡΙΕΣ  ΕΠΙΣΤΗΜΟΝΙΚΟΥ ΠΡΟΣΩΠΙΚΟΥ   ΜΗΝΟΣ  ΙΟΥΛΙΟΥ 2025,999501452,ΓΕΝΙΚΟ ΝΟΣΟΚΟΜΕΙΟ ΒΟΛΟΥ,3322.93,self-referential (payroll/EFKA/FMY remittance)
ΨΕΙΠ4690ΒΩ-6Ν1,2025-09-15,ΕΦΗΜΕΡΙΕΣ ΙΑΤΡΙΚΟΥ ΕΠΙΚΟΥΡΙΚΟΥ ΠΡΟΣΩΠΙΚΟΥ ΜΕ ΣΧΕΣΗ ΕΡΓΑΣΙΑΣ ΙΔΟΧ ΜΗΝΟΣ ΙΟΥΛΙΟΥ 2025 «ΕΝΙΣΧΥΣΗ ΤΩΝ ΦΟΡΕΩΝ ΥΓΕΙΑΣ ΜΕ ΕΠΙΚΟΥΡΙΚΟ ΠΡΟΣΩΠΙΚΟ ΓΙΑ ΤΗΝ ΑΝΤΑΠΟΚΡΙΣΗ ΣΤΙΣ ΑΝΑΓΚΕΣ ΛΟΓΩ ΤΗΣ ΕΠΙΔΗΜΙΑΣ COVID-19 ΣΤΗΝ ΠΕΡΙΦΕΡΕΙΑ ΘΕΣΣΑΛΙΑΣ» ΜΕ ΚΩΔΙΚΟ ΟΠΣ 5070510 ΣΤΟ ΕΠΙΧΕΙΡΗΣΙΑΚΟ ΠΡΟΓΡΑΜΜΑ «ΠΕΡΙΦΕΡΕΙΑΚΟ ΕΠΙΧΕΙΡΗΣΙΑΚΟ ΠΡΟΓΡΑΜΜΑ ΘΕΣΣΑΛΙΑΣ 2014 ΜΕ ΠΑΡΑΤΑΣΗ ΣΥΜΒΑΣΕΩΝ  ΕΩΣ 31/12/2024 ΣΥΜΦΩΝΑ ΜΕ ΤΙΣ ΔΙΑΤΑΞΕΙΣ  ΤΟΥ Ν.5079/2023 (ΦΕΚ 215/22-12-2023/τ.Α΄) ΑΡΘΡΟ 70 ΠΑΡ. 1,999501452,ΓΕΝΙΚΟ ΝΟΣΟΚΟΜΕΙΟ ΒΟΛΟΥ,2130.75,self-referential (payroll/EFKA/FMY remittance)
92ΖΤ4690ΒΩ-ΝΙΧ,2025-09-15,ΕΦΗΜΕΡΙΕΣ ΙΑΤΡΩΝ ΨΥΧΙΚΗΣ ΥΓΕΙΑΣ ΜΗΝΟΣ ΙΟΥΛΙΟΥ 2025,999501452,ΓΕΝΙΚΟ ΝΟΣΟΚΟΜΕΙΟ ΒΟΛΟΥ,7135.56,self-referential (payroll/EFKA/FMY remittance)
6ΜΩ54690ΒΩ-2Ξ8,2025-09-15,ΕΦΗΜΕΡΙΕΣ ΜΕΤΑΚΙΝΟΥΜΕΝΩΝ ΙΑΤΡΩΝ ΤΟΥ Π.Ε.Δ.Υ ΓΙΑ ΚΑΛΥΨΗ ΕΦΗΜΕΡΙΩΝ ΣΤΟ ΓΝΒ ΤΟΝ ΜΗΝΑ  ΙΟΥΛΙΟ 2025,999501452,ΓΕΝΙΚΟ ΝΟΣΟΚΟΜΕΙΟ ΒΟΛΟΥ,8953.38,self-referential (payroll/EFKA/FMY remittance)
Ψ7ΩΑ4690ΒΩ-ΜΕ5,2025-09-15,ΕΦΗΜΕΡΙΕΣ ΕΙΔΙΚΕΥΟΜΕΝΩΝ ΙΑΤΡΩΝ ΜΗΝΟΣ  ΙΟΥΛΙΟΥ 2025,999501452,ΓΕΝΙΚΟ ΝΟΣΟΚΟΜΕΙΟ ΒΟΛΟΥ,74988.84,self-referential (payroll/EFKA/FMY remittance)
ΨΣΞ44690ΒΩ-6ΡΞ,2025-09-15,ΕΦΗΜΕΡΙΕΣ ΕΠΙΚΟΥΡΙΚΩΝ  ΙΑΤΡΩΝ ΕΣΥ ΜΗΝΟΣ  ΙΟΥΛΙΟΥ 2025,999501452,ΓΕΝΙΚΟ ΝΟΣΟΚΟΜΕΙΟ ΒΟΛΟΥ,9176.74,self-referential (payroll/EFKA/FMY remittance)
ΨΗΕΕ4690ΒΩ-ΗΝΟ,2025-09-04,ΚΑΤΑΒΟΛΗ ΤΟΚΩΝ  ΚΕΦΑΛΑΙΟΥ  ΚΑΤ΄ ΕΦΑΡΜΟΓΗ ΤΗΣ ΑΟ453/2024 ΑΠΟΦΑΣΗΣ ΤΟΥ ΔΙΟΙΚΗΤΙΚΟΥ ΕΦΕΤΕΙΟΥ ΛΑΡΙΣΑΣ  ΤΜΗΜΑ Γ΄ ΤΡΙΜΕΛΕΣ (Σ (Διαδικασία διοικητικών διαφορών ουσίας),999501452,ΓΕΝΙΚΟ ΝΟΣΟΚΟΜΕΙΟ ΒΟΛΟΥ,1628.34,self-referential (payroll/EFKA/FMY remittance)
6ΣΣΑ4690ΒΩ-09Υ,2025-09-04,ΚΑΤΑΒΟΛΗ ΕΠΙΔΙΚΑΣΘΕΝΤΟΣ ΠΟΣΟΥ (ΚΕΦΑΛΑΙΟ)  ΚΑΤ΄ ΕΦΑΡΜΟΓΗ ΤΗΣ ΑΟ453/2024 ΑΠΟΦΑΣΗΣ  ΤΟΥ ΔΙΟΙΚΗΤΙΚΟΥ ΕΦΕΤΕΙΟΥ ΛΑΡΙΣΑΣ ΤΜΗΜΑ Γ΄ ΤΡΙΜΕΛΕΣ (Σ (Διαδικασία διοικητικών διαφορών ουσίας),999501452,ΓΕΝΙΚΟ ΝΟΣΟΚΟΜΕΙΟ ΒΟΛΟΥ,5760.00,self-referential (payroll/EFKA/FMY remittance)
6Γ8Α4690ΒΩ-6Σ2,2025-09-04,ΚΑΤΑΒΟΛΗ  ΤΟΚΩΝ  ΚΕΦΑΛΑΙΟΥ  ΚΑΤ΄ ΕΦΑΡΜΟΓΗ ΤΗΣ ΑΟ453/2024 ΑΠΟΦΑΣΗΣ ΤΟΥ ΔΙΟΙΚΗΤΙΚΟΥ ΕΦΕΤΕΙΟΥ ΛΑΡΙΣΑΣ  ΤΜΗΜΑ Γ΄ ΤΡΙΜΕΛΕΣ (Σ (Διαδικασία διοικητικών διαφορών ουσίας),999501452,ΓΕΝΙΚΟ ΝΟΣΟΚΟΜΕΙΟ ΒΟΛΟΥ,2713.90,self-referential (payroll/EFKA/FMY remittance)
9ΛΡΒ4690ΒΩ-ΓΜΟ,2025-09-04,"ΗΜΕΡΗΣΙΑ ΑΠΟΖΗΜΙΩΣΗ ΓΙΑ ΔΙΑΚΟΜΙΔΕΣ ΑΣΘΕΝΩΝ  8/1/2025,5,7,9/2/2025 ,4,27/3/2025",999501452,ΓΕΝΙΚΟ ΝΟΣΟΚΟΜΕΙΟ ΒΟΛΟΥ,60.00,self-referential (payroll/EFKA/FMY remittance)
97ΜΣ4690ΒΩ-ΚΝΑ,2025-09-04,"ΗΜΕΡΗΣΙΑ ΑΠΟΖΗΜΙΩΣΗ ΓΙΑ ΔΙΑΚΟΜΙΔΕΣ ΑΣΘΕΝΩΝ  9/1/2025,5,29/6/2025 ,13,15,22,28/7/2025",999501452,ΓΕΝΙΚΟ ΝΟΣΟΚΟΜΕΙΟ ΒΟΛΟΥ,80.00,self-referential (payroll/EFKA/FMY remittance)
ΨΚΦΖ4690ΒΩ-ΤΤΟ,2025-09-04,ΗΜΕΡΗΣΙΑ  ΑΠΟΖΗΜΙΩΣΗ ΓΙΑ ΠΡΟΓΡΑΜΜΑΤΙΣΜΕΝΕΣ ΜΕΤΑΚΙΝΗΣΕΙΣ ΤΗΣ ΚΙΝΗΤΗΣ ΜΟΝΑΔΑΣ ΑΙΜΟΔΟΣΙΑΣ ΓΙΑ ΑΙΜΟΛΗΨΙΕΣ ΣΤΗΝ ΑΜΑΛΙΑΠΟΛΗ  25/7/2025,999501452,ΓΕΝΙΚΟ ΝΟΣΟΚΟΜΕΙΟ ΒΟΛΟΥ,20.00,self-referential (payroll/EFKA/FMY remittance)
9Ξ5Σ4690ΒΩ-ΘΡΧ,2025-09-04,ΗΜΕΡΗΣΙΑ  ΑΠΟΖΗΜΙΩΣΗ ΓΙΑ ΠΡΟΓΡΑΜΜΑΤΙΣΜΕΝΕΣ ΜΕΤΑΚΙΝΗΣΕΙΣ ΤΗΣ ΚΙΝΗΤΗΣ ΜΟΝΑΔΑΣ ΑΙΜΟΔΟΣΙΑΣ ΓΙΑ ΑΙΜΟΛΗΨΙΕΣ ΣΤΟΝ ΑΓ.ΙΩΑΝΝΗ ΠΗΛΙΟΥ  24/7/2025,999501452,ΓΕΝΙΚΟ ΝΟΣΟΚΟΜΕΙΟ ΒΟΛΟΥ,30.00,self-referential (payroll/EFKA/FMY remittance)
9Κ2Χ4690ΒΩ-ΝΜΘ,2025-09-04,ΗΜΕΡΗΣΙΑ  ΑΠΟΖΗΜΙΩΣΗ ΓΙΑ ΠΡΟΓΡΑΜΜΑΤΙΣΜΕΝΕΣ ΜΕΤΑΚΙΝΗΣΕΙΣ ΤΗΣ ΚΙΝΗΤΗΣ ΜΟΝΑΔΑΣ ΑΙΜΟΔΟΣΙΑΣ ΓΙΑ ΑΙΜΟΛΗΨΙΕΣ ΣΤΗΝ ΜΗΛΙΝΑ 14/7/2025,999501452,ΓΕΝΙΚΟ ΝΟΣΟΚΟΜΕΙΟ ΒΟΛΟΥ,20.00,self-referential (payroll/EFKA/FMY remittance)
90Τ04690ΒΩ-Γ9Ψ,2025-09-04,ΗΜΕΡΗΣΙΑ  ΑΠΟΖΗΜΙΩΣΗ ΓΙΑ ΠΡΟΓΡΑΜΜΑΤΙΣΜΕΝΕΣ ΜΕΤΑΚΙΝΗΣΕΙΣ ΤΗΣ ΚΙΝΗΤΗΣ ΜΟΝΑΔΑΣ ΑΙΜΟΔΟΣΙΑΣ ΓΙΑ ΑΙΜΟΛΗΨΙΕΣ ΣΤΟ ΑΧΙΛΛΕΙΟ  18/7/2025,999501452,ΓΕΝΙΚΟ ΝΟΣΟΚΟΜΕΙΟ ΒΟΛΟΥ,20.00,self-referential (payroll/EFKA/FMY remittance)
6ΧΙ94690ΒΩ-Α44,2025-09-04,ΗΜΕΡΗΣΙΑ ΑΠΟΖΗΜΙΩΣΗ ΟΔΟΙΠΟΡΙΚΑ ΕΞΟΔΑ ΥΠΑΛΛΗΛΟΥ ΤΟΥ ΓΝΒ ΠΟΥ ΜΕΤΕΒΗ ΣΤΗΝ 5η Υ.Πε. ΘΕΣΣΑΛΙΑΣ ΩΣ ΜΕΛΟΣ ΤΗΣ ΕΠΙΤΡΟΠΗΣ ΣΥΝΤΑΞΗΣ ΤΡΧΝΙΚΩΝ ΠΡΟΔΙΑΓΡΑΦΩΝ ΓΙΑ ΤΗΝ ΠΡΟΜΗΘΕΙΑ ΙΑΤΡΙΚΟΥ ΟΞΥΓΟΝΟΥ 10/7/2025,999501452,ΓΕΝΙΚΟ ΝΟΣΟΚΟΜΕΙΟ ΒΟΛΟΥ,11.60,self-referential (payroll/EFKA/FMY remittance)
6ΧΙ94690ΒΩ-Α44,2025-09-04,ΗΜΕΡΗΣΙΑ ΑΠΟΖΗΜΙΩΣΗ ΟΔΟΙΠΟΡΙΚΑ ΕΞΟΔΑ ΥΠΑΛΛΗΛΟΥ ΤΟΥ ΓΝΒ ΠΟΥ ΜΕΤΕΒΗ ΣΤΗΝ 5η Υ.Πε. ΘΕΣΣΑΛΙΑΣ ΩΣ ΜΕΛΟΣ ΤΗΣ ΕΠΙΤΡΟΠΗΣ ΣΥΝΤΑΞΗΣ ΤΡΧΝΙΚΩΝ ΠΡΟΔΙΑΓΡΑΦΩΝ ΓΙΑ ΤΗΝ ΠΡΟΜΗΘΕΙΑ ΙΑΤΡΙΚΟΥ ΟΞΥΓΟΝΟΥ 10/7/2025,999501452,ΓΕΝΙΚΟ ΝΟΣΟΚΟΜΕΙΟ ΒΟΛΟΥ,10.00,self-referential (payroll/EFKA/FMY remittance)
6ΞΕΒ4690ΒΩ-Χ9Ψ,2025-09-04,ΚΑΤΑΒΟΛΗ ΑΠΟΔΟΧΩΝ ΜΗΝΟΣ  ΑΥΓΟΥΣΤΟΥ 2025 ΙΑΤΡΙΚΟΥ ΕΠΙΚΟΥΡΙΚΟΥ ΠΡΟΣΩΠΙΚΟΥ,999501452,ΓΕΝΙΚΟ ΝΟΣΟΚΟΜΕΙΟ ΒΟΛΟΥ,19677.02,self-referential (payroll/EFKA/FMY remittance)
6ΞΕΒ4690ΒΩ-Χ9Ψ,2025-09-04,ΚΑΤΑΒΟΛΗ ΑΠΟΔΟΧΩΝ ΜΗΝΟΣ  ΑΥΓΟΥΣΤΟΥ 2025 ΙΑΤΡΙΚΟΥ ΕΠΙΚΟΥΡΙΚΟΥ ΠΡΟΣΩΠΙΚΟΥ,999501452,ΓΕΝΙΚΟ ΝΟΣΟΚΟΜΕΙΟ ΒΟΛΟΥ,222.75,self-referential (payroll/EFKA/FMY remittance)
6ΞΕΒ4690ΒΩ-Χ9Ψ,2025-09-04,ΚΑΤΑΒΟΛΗ ΑΠΟΔΟΧΩΝ ΜΗΝΟΣ  ΑΥΓΟΥΣΤΟΥ 2025 ΙΑΤΡΙΚΟΥ ΕΠΙΚΟΥΡΙΚΟΥ ΠΡΟΣΩΠΙΚΟΥ,999501452,ΓΕΝΙΚΟ ΝΟΣΟΚΟΜΕΙΟ ΒΟΛΟΥ,500.00,self-referential (payroll/EFKA/FMY remittance)
6ΞΕΒ4690ΒΩ-Χ9Ψ,2025-09-04,ΚΑΤΑΒΟΛΗ ΑΠΟΔΟΧΩΝ ΜΗΝΟΣ  ΑΥΓΟΥΣΤΟΥ 2025 ΙΑΤΡΙΚΟΥ ΕΠΙΚΟΥΡΙΚΟΥ ΠΡΟΣΩΠΙΚΟΥ,999501452,ΓΕΝΙΚΟ ΝΟΣΟΚΟΜΕΙΟ ΒΟΛΟΥ,4230.00,self-referential (payroll/EFKA/FMY remittance)
6ΞΕΒ4690ΒΩ-Χ9Ψ,2025-09-04,ΚΑΤΑΒΟΛΗ ΑΠΟΔΟΧΩΝ ΜΗΝΟΣ  ΑΥΓΟΥΣΤΟΥ 2025 ΙΑΤΡΙΚΟΥ ΕΠΙΚΟΥΡΙΚΟΥ ΠΡΟΣΩΠΙΚΟΥ,999501452,ΓΕΝΙΚΟ ΝΟΣΟΚΟΜΕΙΟ ΒΟΛΟΥ,5566.83,self-referential (payroll/EFKA/FMY remittance)
99ΕΘ4690ΒΩ-ΦΓ7,2025-09-04,ΚΑΤΑΒΟΛΗ ΑΠΟΔΟΧΩΝ ΛΟΙΠΟΥ ΕΠΙΚΟΥΡΙΚΟΥ ΠΡΟΣΩΠΙΚΟΥ ΜΗΝΟΣ  ΑΥΓΟΥΣΤΟΥ 2025  ΜΕ ΠΑΡΑΤΑΣΗ ΣΥΜΒΑΣΕΩΝ  ΕΩΣ 31/12/2025 ΣΥΜΦΩΝΑ ΜΕ ΤΙΣ ΔΙΑΤΑΞΕΙΣ  ΤΟΥ Ν.5161/2024 (ΦΕΚ  196/29-11-2024/τ.Α΄) ΑΡΘΡΟ 27 ΠΑΡ. 2,999501452,ΓΕΝΙΚΟ ΝΟΣΟΚΟΜΕΙΟ ΒΟΛΟΥ,2210.00,self-referential (payroll/EFKA/FMY remittance)
99ΕΘ4690ΒΩ-ΦΓ7,2025-09-04,ΚΑΤΑΒΟΛΗ ΑΠΟΔΟΧΩΝ ΛΟΙΠΟΥ ΕΠΙΚΟΥΡΙΚΟΥ ΠΡΟΣΩΠΙΚΟΥ ΜΗΝΟΣ  ΑΥΓΟΥΣΤΟΥ 2025  ΜΕ ΠΑΡΑΤΑΣΗ ΣΥΜΒΑΣΕΩΝ  ΕΩΣ 31/12/2025 ΣΥΜΦΩΝΑ ΜΕ ΤΙΣ ΔΙΑΤΑΞΕΙΣ  ΤΟΥ Ν.5161/2024 (ΦΕΚ  196/29-11-2024/τ.Α΄) ΑΡΘΡΟ 27 ΠΑΡ. 2,999501452,ΓΕΝΙΚΟ ΝΟΣΟΚΟΜΕΙΟ ΒΟΛΟΥ,240.00,self-referential (payroll/EFKA/FMY remittance)
99ΕΘ4690ΒΩ-ΦΓ7,2025-09-04,ΚΑΤΑΒΟΛΗ ΑΠΟΔΟΧΩΝ ΛΟΙΠΟΥ ΕΠΙΚΟΥΡΙΚΟΥ ΠΡΟΣΩΠΙΚΟΥ ΜΗΝΟΣ  ΑΥΓΟΥΣΤΟΥ 2025  ΜΕ ΠΑΡΑΤΑΣΗ ΣΥΜΒΑΣΕΩΝ  ΕΩΣ 31/12/2025 ΣΥΜΦΩΝΑ ΜΕ ΤΙΣ ΔΙΑΤΑΞΕΙΣ  ΤΟΥ Ν.5161/2024 (ΦΕΚ  196/29-11-2024/τ.Α΄) ΑΡΘΡΟ 27 ΠΑΡ. 2,999501452,ΓΕΝΙΚΟ ΝΟΣΟΚΟΜΕΙΟ ΒΟΛΟΥ,365.00,self-referential (payroll/EFKA/FMY remittance)
99ΕΘ4690ΒΩ-ΦΓ7,2025-09-04,ΚΑΤΑΒΟΛΗ ΑΠΟΔΟΧΩΝ ΛΟΙΠΟΥ ΕΠΙΚΟΥΡΙΚΟΥ ΠΡΟΣΩΠΙΚΟΥ ΜΗΝΟΣ  ΑΥΓΟΥΣΤΟΥ 2025  ΜΕ ΠΑΡΑΤΑΣΗ ΣΥΜΒΑΣΕΩΝ  ΕΩΣ 31/12/2025 ΣΥΜΦΩΝΑ ΜΕ ΤΙΣ ΔΙΑΤΑΞΕΙΣ  ΤΟΥ Ν.5161/2024 (ΦΕΚ  196/29-11-2024/τ.Α΄) ΑΡΘΡΟ 27 ΠΑΡ. 2,999501452,ΓΕΝΙΚΟ ΝΟΣΟΚΟΜΕΙΟ ΒΟΛΟΥ,713.91,self-referential (payroll/EFKA/FMY remittance)
9ΡΔΘ4690ΒΩ-Β3Η,2025-09-04,ΚΑΤΑΒΟΛΗ ΑΠΟΔΟΧΩΝ ΜΗΝΟΣ  ΑΥΓΟΥΣΤΟΥ 2025  ΛΟΙΠΟΥ ΕΠΙΚΟΥΡΙΚΟΥ ΠΡΟΣΩΠΙΚΟΥ ΜΕ ΣΧΕΣΗ ΕΡΓΑΣΙΑΣ ΙΔΟΧ ΣΕ ΕΦΑΡΜΟΓΗ ΤΩΝ ΔΙΑΤΑΞΕΩΝ ΤΟΥ ΑΡΘΡΟΥ 17 ΤΗΣ ΠΝΠ ΦΕΚ 55/1-3-2020 ΄΄ΚΑΤΕΠΕΙΓΟΝΤΑ ΜΕΤΡΑ ΑΝΤΙΜΕΤΩΠΙΣΗΣ ΤΩΝ ΑΡΝΗΤΙΚΩΝ ΣΥΝΕΠΕΙΩΝ ΤΗΣ ΕΜΦΑΝΙΣΗΣ COVID19 ΜΕ ΠΑΡΑΤΑΣΗ ΣΥΜΒΑΣΕΩΝ  ΕΩΣ 31/12/2025 ΣΥΜΦΩΝΑ ΜΕ ΤΙΣ ΔΙΑΤΑΞΕΙΣ ΤΟΥ Ν.5161/2024 (ΦΕΚ  196/29-11-2024/τ.Α΄) ΑΡΘΡΟ 27 ΠΑΡ. 2,999501452,ΓΕΝΙΚΟ ΝΟΣΟΚΟΜΕΙΟ ΒΟΛΟΥ,17993.76,self-referential (payroll/EFKA/FMY remittance)
9ΡΔΘ4690ΒΩ-Β3Η,2025-09-04,ΚΑΤΑΒΟΛΗ ΑΠΟΔΟΧΩΝ ΜΗΝΟΣ  ΑΥΓΟΥΣΤΟΥ 2025  ΛΟΙΠΟΥ ΕΠΙΚΟΥΡΙΚΟΥ ΠΡΟΣΩΠΙΚΟΥ ΜΕ ΣΧΕΣΗ ΕΡΓΑΣΙΑΣ ΙΔΟΧ ΣΕ ΕΦΑΡΜΟΓΗ ΤΩΝ ΔΙΑΤΑΞΕΩΝ ΤΟΥ ΑΡΘΡΟΥ 17 ΤΗΣ ΠΝΠ ΦΕΚ 55/1-3-2020 ΄΄ΚΑΤΕΠΕΙΓΟΝΤΑ ΜΕΤΡΑ ΑΝΤΙΜΕΤΩΠΙΣΗΣ ΤΩΝ ΑΡΝΗΤΙΚΩΝ ΣΥΝΕΠΕΙΩΝ ΤΗΣ ΕΜΦΑΝΙΣΗΣ COVID19 ΜΕ ΠΑΡΑΤΑΣΗ ΣΥΜΒΑΣΕΩΝ  ΕΩΣ 31/12/2025 ΣΥΜΦΩΝΑ ΜΕ ΤΙΣ ΔΙΑΤΑΞΕΙΣ ΤΟΥ Ν.5161/2024 (ΦΕΚ  196/29-11-2024/τ.Α΄) ΑΡΘΡΟ 27 ΠΑΡ. 2,999501452,ΓΕΝΙΚΟ ΝΟΣΟΚΟΜΕΙΟ ΒΟΛΟΥ,1090.00,self-referential (payroll/EFKA/FMY remittance)
9ΡΔΘ4690ΒΩ-Β3Η,2025-09-04,ΚΑΤΑΒΟΛΗ ΑΠΟΔΟΧΩΝ ΜΗΝΟΣ  ΑΥΓΟΥΣΤΟΥ 2025  ΛΟΙΠΟΥ ΕΠΙΚΟΥΡΙΚΟΥ ΠΡΟΣΩΠΙΚΟΥ ΜΕ ΣΧΕΣΗ ΕΡΓΑΣΙΑΣ ΙΔΟΧ ΣΕ ΕΦΑΡΜΟΓΗ ΤΩΝ ΔΙΑΤΑΞΕΩΝ ΤΟΥ ΑΡΘΡΟΥ 17 ΤΗΣ ΠΝΠ ΦΕΚ 55/1-3-2020 ΄΄ΚΑΤΕΠΕΙΓΟΝΤΑ ΜΕΤΡΑ ΑΝΤΙΜΕΤΩΠΙΣΗΣ ΤΩΝ ΑΡΝΗΤΙΚΩΝ ΣΥΝΕΠΕΙΩΝ ΤΗΣ ΕΜΦΑΝΙΣΗΣ COVID19 ΜΕ ΠΑΡΑΤΑΣΗ ΣΥΜΒΑΣΕΩΝ  ΕΩΣ 31/12/2025 ΣΥΜΦΩΝΑ ΜΕ ΤΙΣ ΔΙΑΤΑΞΕΙΣ ΤΟΥ Ν.5161/2024 (ΦΕΚ  196/29-11-2024/τ.Α΄) ΑΡΘΡΟ 27 ΠΑΡ. 2,999501452,ΓΕΝΙΚΟ ΝΟΣΟΚΟΜΕΙΟ ΒΟΛΟΥ,1915.00,self-referential (payroll/EFKA/FMY remittance)
9ΡΔΘ4690ΒΩ-Β3Η,2025-09-04,ΚΑΤΑΒΟΛΗ ΑΠΟΔΟΧΩΝ ΜΗΝΟΣ  ΑΥΓΟΥΣΤΟΥ 2025  ΛΟΙΠΟΥ ΕΠΙΚΟΥΡΙΚΟΥ ΠΡΟΣΩΠΙΚΟΥ ΜΕ ΣΧΕΣΗ ΕΡΓΑΣΙΑΣ ΙΔΟΧ ΣΕ ΕΦΑΡΜΟΓΗ ΤΩΝ ΔΙΑΤΑΞΕΩΝ ΤΟΥ ΑΡΘΡΟΥ 17 ΤΗΣ ΠΝΠ ΦΕΚ 55/1-3-2020 ΄΄ΚΑΤΕΠΕΙΓΟΝΤΑ ΜΕΤΡΑ ΑΝΤΙΜΕΤΩΠΙΣΗΣ ΤΩΝ ΑΡΝΗΤΙΚΩΝ ΣΥΝΕΠΕΙΩΝ ΤΗΣ ΕΜΦΑΝΙΣΗΣ COVID19 ΜΕ ΠΑΡΑΤΑΣΗ ΣΥΜΒΑΣΕΩΝ  ΕΩΣ 31/12/2025 ΣΥΜΦΩΝΑ ΜΕ ΤΙΣ ΔΙΑΤΑΞΕΙΣ ΤΟΥ Ν.5161/2024 (ΦΕΚ  196/29-11-2024/τ.Α΄) ΑΡΘΡΟ 27 ΠΑΡ. 2,999501452,ΓΕΝΙΚΟ ΝΟΣΟΚΟΜΕΙΟ ΒΟΛΟΥ,5189.75,self-referential (payroll/EFKA/FMY remittance)
90ΘΡ4690ΒΩ-ΚΨ8,2025-09-04,"ΕΙΣΦΟΡΕΣ ΥΠΕΡ ΕΦΚΑ ΤΟΥ ΔΙΕΚ (254,90) , ΙΕΚ (101,83)  ΜΗΝΟΣ  ΑΥΓΟΥΣΤΟΥ 2025",999501452,ΓΕΝΙΚΟ ΝΟΣΟΚΟΜΕΙΟ ΒΟΛΟΥ,356.73,self-referential (payroll/EFKA/FMY remittance)
ΨΡΓΗ4690ΒΩ-7Λ9,2025-09-04,: ΚΑΤΑΒΟΛΗ ΑΠΟΔΟΧΩΝ ΙΑΤΡΙΚΟΥ ΕΠΙΚΟΥΡΙΚΟΥ ΠΡΟΣΩΠΙΚΟΥ ΜΕ ΣΧΕΣΗ ΕΡΓΑΣΙΑΣ ΙΔΟΧ ΜΗΝΟΣ ΑΥΓΟΥΣΤΟΥ 2025 «ΕΝΙΣΧΥΣΗ ΤΩΝ ΦΟΡΕΩΝ ΥΓΕΙΑΣ ΜΕ ΕΠΙΚΟΥΡΙΚΟ ΠΡΟΣΩΠΙΚΟ ΓΙΑ ΤΗΝ ΑΝΤΑΠΟΚΡΙΣΗ ΣΤΙΣ ΑΝΑΓΚΕΣ ΛΟΓΩ ΤΗΣ ΕΠΙΔΗΜΙΑΣ COVID-19 ΣΤΗΝ ΠΕΡΙΦΕΡΕΙΑ ΘΕΣΣΑΛΙΑΣ» ΜΕ ΚΩΔΙΚΟ ΟΠΣ 5070510 ΣΤΟ ΕΠΙΧΕΙΡΗΣΙΑΚΟ ΠΡΟΓΡΑΜΜΑ «ΠΕΡΙΦΕΡΕΙΑΚΟ ΕΠΙΧΕΙΡΗΣΙΑΚΟ ΠΡΟΓΡΑΜΜΑ ΘΕΣΣΑΛΙΑΣ 2014  ΜΕ ΠΑΡΑΤΑΣΗ ΣΥΜΒΑΣΕΩΝ  ΕΩΣ 31/12/2025 ΣΥΜΦΩΝΑ ΜΕ ΤΙΣ ΔΙΑΤΑΞΕΙΣ  ΤΟΥ Ν.5161/2024 (ΦΕΚ  196/29-11-2024/τ.Α΄) ΑΡΘΡΟ 27 ΠΑΡ. 2,999501452,ΓΕΝΙΚΟ ΝΟΣΟΚΟΜΕΙΟ ΒΟΛΟΥ,4148.32,self-referential (payroll/EFKA/FMY remittance)
ΨΡΓΗ4690ΒΩ-7Λ9,2025-09-04,: ΚΑΤΑΒΟΛΗ ΑΠΟΔΟΧΩΝ ΙΑΤΡΙΚΟΥ ΕΠΙΚΟΥΡΙΚΟΥ ΠΡΟΣΩΠΙΚΟΥ ΜΕ ΣΧΕΣΗ ΕΡΓΑΣΙΑΣ ΙΔΟΧ ΜΗΝΟΣ ΑΥΓΟΥΣΤΟΥ 2025 «ΕΝΙΣΧΥΣΗ ΤΩΝ ΦΟΡΕΩΝ ΥΓΕΙΑΣ ΜΕ ΕΠΙΚΟΥΡΙΚΟ ΠΡΟΣΩΠΙΚΟ ΓΙΑ ΤΗΝ ΑΝΤΑΠΟΚΡΙΣΗ ΣΤΙΣ ΑΝΑΓΚΕΣ ΛΟΓΩ ΤΗΣ ΕΠΙΔΗΜΙΑΣ COVID-19 ΣΤΗΝ ΠΕΡΙΦΕΡΕΙΑ ΘΕΣΣΑΛΙΑΣ» ΜΕ ΚΩΔΙΚΟ ΟΠΣ 5070510 ΣΤΟ ΕΠΙΧΕΙΡΗΣΙΑΚΟ ΠΡΟΓΡΑΜΜΑ «ΠΕΡΙΦΕΡΕΙΑΚΟ ΕΠΙΧΕΙΡΗΣΙΑΚΟ ΠΡΟΓΡΑΜΜΑ ΘΕΣΣΑΛΙΑΣ 2014  ΜΕ ΠΑΡΑΤΑΣΗ ΣΥΜΒΑΣΕΩΝ  ΕΩΣ 31/12/2025 ΣΥΜΦΩΝΑ ΜΕ ΤΙΣ ΔΙΑΤΑΞΕΙΣ  ΤΟΥ Ν.5161/2024 (ΦΕΚ  196/29-11-2024/τ.Α΄) ΑΡΘΡΟ 27 ΠΑΡ. 2,999501452,ΓΕΝΙΚΟ ΝΟΣΟΚΟΜΕΙΟ ΒΟΛΟΥ,70.00,self-referential (payroll/EFKA/FMY remittance)
ΨΡΓΗ4690ΒΩ-7Λ9,2025-09-04,: ΚΑΤΑΒΟΛΗ ΑΠΟΔΟΧΩΝ ΙΑΤΡΙΚΟΥ ΕΠΙΚΟΥΡΙΚΟΥ ΠΡΟΣΩΠΙΚΟΥ ΜΕ ΣΧΕΣΗ ΕΡΓΑΣΙΑΣ ΙΔΟΧ ΜΗΝΟΣ ΑΥΓΟΥΣΤΟΥ 2025 «ΕΝΙΣΧΥΣΗ ΤΩΝ ΦΟΡΕΩΝ ΥΓΕΙΑΣ ΜΕ ΕΠΙΚΟΥΡΙΚΟ ΠΡΟΣΩΠΙΚΟ ΓΙΑ ΤΗΝ ΑΝΤΑΠΟΚΡΙΣΗ ΣΤΙΣ ΑΝΑΓΚΕΣ ΛΟΓΩ ΤΗΣ ΕΠΙΔΗΜΙΑΣ COVID-19 ΣΤΗΝ ΠΕΡΙΦΕΡΕΙΑ ΘΕΣΣΑΛΙΑΣ» ΜΕ ΚΩΔΙΚΟ ΟΠΣ 5070510 ΣΤΟ ΕΠΙΧΕΙΡΗΣΙΑΚΟ ΠΡΟΓΡΑΜΜΑ «ΠΕΡΙΦΕΡΕΙΑΚΟ ΕΠΙΧΕΙΡΗΣΙΑΚΟ ΠΡΟΓΡΑΜΜΑ ΘΕΣΣΑΛΙΑΣ 2014  ΜΕ ΠΑΡΑΤΑΣΗ ΣΥΜΒΑΣΕΩΝ  ΕΩΣ 31/12/2025 ΣΥΜΦΩΝΑ ΜΕ ΤΙΣ ΔΙΑΤΑΞΕΙΣ  ΤΟΥ Ν.5161/2024 (ΦΕΚ  196/29-11-2024/τ.Α΄) ΑΡΘΡΟ 27 ΠΑΡ. 2,999501452,ΓΕΝΙΚΟ ΝΟΣΟΚΟΜΕΙΟ ΒΟΛΟΥ,960.00,self-referential (payroll/EFKA/FMY remittance)
ΨΡΓΗ4690ΒΩ-7Λ9,2025-09-04,: ΚΑΤΑΒΟΛΗ ΑΠΟΔΟΧΩΝ ΙΑΤΡΙΚΟΥ ΕΠΙΚΟΥΡΙΚΟΥ ΠΡΟΣΩΠΙΚΟΥ ΜΕ ΣΧΕΣΗ ΕΡΓΑΣΙΑΣ ΙΔΟΧ ΜΗΝΟΣ ΑΥΓΟΥΣΤΟΥ 2025 «ΕΝΙΣΧΥΣΗ ΤΩΝ ΦΟΡΕΩΝ ΥΓΕΙΑΣ ΜΕ ΕΠΙΚΟΥΡΙΚΟ ΠΡΟΣΩΠΙΚΟ ΓΙΑ ΤΗΝ ΑΝΤΑΠΟΚΡΙΣΗ ΣΤΙΣ ΑΝΑΓΚΕΣ ΛΟΓΩ ΤΗΣ ΕΠΙΔΗΜΙΑΣ COVID-19 ΣΤΗΝ ΠΕΡΙΦΕΡΕΙΑ ΘΕΣΣΑΛΙΑΣ» ΜΕ ΚΩΔΙΚΟ ΟΠΣ 5070510 ΣΤΟ ΕΠΙΧΕΙΡΗΣΙΑΚΟ ΠΡΟΓΡΑΜΜΑ «ΠΕΡΙΦΕΡΕΙΑΚΟ ΕΠΙΧΕΙΡΗΣΙΑΚΟ ΠΡΟΓΡΑΜΜΑ ΘΕΣΣΑΛΙΑΣ 2014  ΜΕ ΠΑΡΑΤΑΣΗ ΣΥΜΒΑΣΕΩΝ  ΕΩΣ 31/12/2025 ΣΥΜΦΩΝΑ ΜΕ ΤΙΣ ΔΙΑΤΑΞΕΙΣ  ΤΟΥ Ν.5161/2024 (ΦΕΚ  196/29-11-2024/τ.Α΄) ΑΡΘΡΟ 27 ΠΑΡ. 2,999501452,ΓΕΝΙΚΟ ΝΟΣΟΚΟΜΕΙΟ ΒΟΛΟΥ,1168.35,self-referential (payroll/EFKA/FMY remittance)
ΨΘΦΤ4690ΒΩ-9ΝΣ,2025-09-04,ΚΑΤΑΒΟΛΗ ΑΠΟΔΟΧΩΝ ΛΟΙΠΟΥ ΕΠΙΚΟΥΡΙΚΟΥ ΠΡΟΣΩΠΙΚΟΥ ΜΕ ΣΧΕΣΗ ΕΡΓΑΣΙΑΣ ΙΔΟΧ ΜΗΝΟΣ ΑΥΓΟΥΣΤΟΥ 2025 «ΕΝΙΣΧΥΣΗ ΤΩΝ ΦΟΡΕΩΝ ΥΓΕΙΑΣ ΜΕ ΕΠΙΚΟΥΡΙΚΟ ΠΡΟΣΩΠΙΚΟ ΓΙΑ ΤΗΝ ΑΝΤΑΠΟΚΡΙΣΗ ΣΤΙΣ ΑΝΑΓΚΕΣ ΛΟΓΩ ΤΗΣ ΕΠΙΔΗΜΙΑΣ COVID-19 ΣΤΗΝ ΠΕΡΙΦΕΡΕΙΑ ΘΕΣΣΑΛΙΑΣ» ΜΕ ΚΩΔΙΚΟ ΟΠΣ 5070510 ΣΤΟ ΕΠΙΧΕΙΡΗΣΙΑΚΟ ΠΡΟΓΡΑΜΜΑ «ΠΕΡΙΦΕΡΕΙΑΚΟ ΕΠΙΧΕΙΡΗΣΙΑΚΟ ΠΡΟΓΡΑΜΜΑ ΘΕΣΣΑΛΙΑΣ 2014  ΜΕ ΠΑΡΑΤΑΣΗ ΣΥΜΒΑΣΕΩΝ  ΕΩΣ 31/12/2025 ΣΥΜΦΩΝΑ ΜΕ ΤΙΣ ΔΙΑΤΑΞΕΙΣ  ΤΟΥ Ν.5161/2024 (ΦΕΚ  196/29-11-2024/τ.Α΄) ΑΡΘΡΟ 27 ΠΑΡ. 2,999501452,ΓΕΝΙΚΟ ΝΟΣΟΚΟΜΕΙΟ ΒΟΛΟΥ,50193.80,self-referential (payroll/EFKA/FMY remittance)
ΨΘΦΤ4690ΒΩ-9ΝΣ,2025-09-04,ΚΑΤΑΒΟΛΗ ΑΠΟΔΟΧΩΝ ΛΟΙΠΟΥ ΕΠΙΚΟΥΡΙΚΟΥ ΠΡΟΣΩΠΙΚΟΥ ΜΕ ΣΧΕΣΗ ΕΡΓΑΣΙΑΣ ΙΔΟΧ ΜΗΝΟΣ ΑΥΓΟΥΣΤΟΥ 2025 «ΕΝΙΣΧΥΣΗ ΤΩΝ ΦΟΡΕΩΝ ΥΓΕΙΑΣ ΜΕ ΕΠΙΚΟΥΡΙΚΟ ΠΡΟΣΩΠΙΚΟ ΓΙΑ ΤΗΝ ΑΝΤΑΠΟΚΡΙΣΗ ΣΤΙΣ ΑΝΑΓΚΕΣ ΛΟΓΩ ΤΗΣ ΕΠΙΔΗΜΙΑΣ COVID-19 ΣΤΗΝ ΠΕΡΙΦΕΡΕΙΑ ΘΕΣΣΑΛΙΑΣ» ΜΕ ΚΩΔΙΚΟ ΟΠΣ 5070510 ΣΤΟ ΕΠΙΧΕΙΡΗΣΙΑΚΟ ΠΡΟΓΡΑΜΜΑ «ΠΕΡΙΦΕΡΕΙΑΚΟ ΕΠΙΧΕΙΡΗΣΙΑΚΟ ΠΡΟΓΡΑΜΜΑ ΘΕΣΣΑΛΙΑΣ 2014  ΜΕ ΠΑΡΑΤΑΣΗ ΣΥΜΒΑΣΕΩΝ  ΕΩΣ 31/12/2025 ΣΥΜΦΩΝΑ ΜΕ ΤΙΣ ΔΙΑΤΑΞΕΙΣ  ΤΟΥ Ν.5161/2024 (ΦΕΚ  196/29-11-2024/τ.Α΄) ΑΡΘΡΟ 27 ΠΑΡ. 2,999501452,ΓΕΝΙΚΟ ΝΟΣΟΚΟΜΕΙΟ ΒΟΛΟΥ,1692.00,self-referential (payroll/EFKA/FMY remittance)
ΨΘΦΤ4690ΒΩ-9ΝΣ,2025-09-04,ΚΑΤΑΒΟΛΗ ΑΠΟΔΟΧΩΝ ΛΟΙΠΟΥ ΕΠΙΚΟΥΡΙΚΟΥ ΠΡΟΣΩΠΙΚΟΥ ΜΕ ΣΧΕΣΗ ΕΡΓΑΣΙΑΣ ΙΔΟΧ ΜΗΝΟΣ ΑΥΓΟΥΣΤΟΥ 2025 «ΕΝΙΣΧΥΣΗ ΤΩΝ ΦΟΡΕΩΝ ΥΓΕΙΑΣ ΜΕ ΕΠΙΚΟΥΡΙΚΟ ΠΡΟΣΩΠΙΚΟ ΓΙΑ ΤΗΝ ΑΝΤΑΠΟΚΡΙΣΗ ΣΤΙΣ ΑΝΑΓΚΕΣ ΛΟΓΩ ΤΗΣ ΕΠΙΔΗΜΙΑΣ COVID-19 ΣΤΗΝ ΠΕΡΙΦΕΡΕΙΑ ΘΕΣΣΑΛΙΑΣ» ΜΕ ΚΩΔΙΚΟ ΟΠΣ 5070510 ΣΤΟ ΕΠΙΧΕΙΡΗΣΙΑΚΟ ΠΡΟΓΡΑΜΜΑ «ΠΕΡΙΦΕΡΕΙΑΚΟ ΕΠΙΧΕΙΡΗΣΙΑΚΟ ΠΡΟΓΡΑΜΜΑ ΘΕΣΣΑΛΙΑΣ 2014  ΜΕ ΠΑΡΑΤΑΣΗ ΣΥΜΒΑΣΕΩΝ  ΕΩΣ 31/12/2025 ΣΥΜΦΩΝΑ ΜΕ ΤΙΣ ΔΙΑΤΑΞΕΙΣ  ΤΟΥ Ν.5161/2024 (ΦΕΚ  196/29-11-2024/τ.Α΄) ΑΡΘΡΟ 27 ΠΑΡ. 2,999501452,ΓΕΝΙΚΟ ΝΟΣΟΚΟΜΕΙΟ ΒΟΛΟΥ,8369.00,self-referential (payroll/EFKA/FMY remittance)
ΨΘΦΤ4690ΒΩ-9ΝΣ,2025-09-04,ΚΑΤΑΒΟΛΗ ΑΠΟΔΟΧΩΝ ΛΟΙΠΟΥ ΕΠΙΚΟΥΡΙΚΟΥ ΠΡΟΣΩΠΙΚΟΥ ΜΕ ΣΧΕΣΗ ΕΡΓΑΣΙΑΣ ΙΔΟΧ ΜΗΝΟΣ ΑΥΓΟΥΣΤΟΥ 2025 «ΕΝΙΣΧΥΣΗ ΤΩΝ ΦΟΡΕΩΝ ΥΓΕΙΑΣ ΜΕ ΕΠΙΚΟΥΡΙΚΟ ΠΡΟΣΩΠΙΚΟ ΓΙΑ ΤΗΝ ΑΝΤΑΠΟΚΡΙΣΗ ΣΤΙΣ ΑΝΑΓΚΕΣ ΛΟΓΩ ΤΗΣ ΕΠΙΔΗΜΙΑΣ COVID-19 ΣΤΗΝ ΠΕΡΙΦΕΡΕΙΑ ΘΕΣΣΑΛΙΑΣ» ΜΕ ΚΩΔΙΚΟ ΟΠΣ 5070510 ΣΤΟ ΕΠΙΧΕΙΡΗΣΙΑΚΟ ΠΡΟΓΡΑΜΜΑ «ΠΕΡΙΦΕΡΕΙΑΚΟ ΕΠΙΧΕΙΡΗΣΙΑΚΟ ΠΡΟΓΡΑΜΜΑ ΘΕΣΣΑΛΙΑΣ 2014  ΜΕ ΠΑΡΑΤΑΣΗ ΣΥΜΒΑΣΕΩΝ  ΕΩΣ 31/12/2025 ΣΥΜΦΩΝΑ ΜΕ ΤΙΣ ΔΙΑΤΑΞΕΙΣ  ΤΟΥ Ν.5161/2024 (ΦΕΚ  196/29-11-2024/τ.Α΄) ΑΡΘΡΟ 27 ΠΑΡ. 2,999501452,ΓΕΝΙΚΟ ΝΟΣΟΚΟΜΕΙΟ ΒΟΛΟΥ,15301.68,self-referential (payroll/EFKA/FMY remittance)
68ΔΘ4690ΒΩ-ΝΒ5,2025-09-04,ΚΑΤΑΒΟΛΗ ΑΠΟΔΟΧΩΝ ΜΗΝΟΣ ΑΥΓΟΥΣΤΟΥ 2025 ΕΠΙΚΟΥΡΙΚΟΥ ΠΡΟΣΩΠΙΚΟΥ ΜΕ ΑΤΟΜΙΚΕΣ ΣΥΜΒΑΣΕΙΣ ΣΤΟ ΤΜΗΜΑ ΙΜΑΤΙΣΜΟΥ - ΕΣΤΙΑΣΗ ΜΕ ΠΑΡΑΤΑΣΗ ΣΥΜΒΑΣΕΩΝ  ΕΩΣ 31/3/2025 ΣΥΜΦΩΝΑ ΜΕ ΤΙΣ ΔΙΑΤΑΞΕΙΣ  ΤΟΥ Ν.5161/2024 (ΦΕΚ  196/29-11-2024/τ.Α΄) ΑΡΘΡΟ 27 ΠΑΡ. 1,999501452,ΓΕΝΙΚΟ ΝΟΣΟΚΟΜΕΙΟ ΒΟΛΟΥ,3744.80,self-referential (payroll/EFKA/FMY remittance)
68ΔΘ4690ΒΩ-ΝΒ5,2025-09-04,ΚΑΤΑΒΟΛΗ ΑΠΟΔΟΧΩΝ ΜΗΝΟΣ ΑΥΓΟΥΣΤΟΥ 2025 ΕΠΙΚΟΥΡΙΚΟΥ ΠΡΟΣΩΠΙΚΟΥ ΜΕ ΑΤΟΜΙΚΕΣ ΣΥΜΒΑΣΕΙΣ ΣΤΟ ΤΜΗΜΑ ΙΜΑΤΙΣΜΟΥ - ΕΣΤΙΑΣΗ ΜΕ ΠΑΡΑΤΑΣΗ ΣΥΜΒΑΣΕΩΝ  ΕΩΣ 31/3/2025 ΣΥΜΦΩΝΑ ΜΕ ΤΙΣ ΔΙΑΤΑΞΕΙΣ  ΤΟΥ Ν.5161/2024 (ΦΕΚ  196/29-11-2024/τ.Α΄) ΑΡΘΡΟ 27 ΠΑΡ. 1,999501452,ΓΕΝΙΚΟ ΝΟΣΟΚΟΜΕΙΟ ΒΟΛΟΥ,372.00,self-referential (payroll/EFKA/FMY remittance)
68ΔΘ4690ΒΩ-ΝΒ5,2025-09-04,ΚΑΤΑΒΟΛΗ ΑΠΟΔΟΧΩΝ ΜΗΝΟΣ ΑΥΓΟΥΣΤΟΥ 2025 ΕΠΙΚΟΥΡΙΚΟΥ ΠΡΟΣΩΠΙΚΟΥ ΜΕ ΑΤΟΜΙΚΕΣ ΣΥΜΒΑΣΕΙΣ ΣΤΟ ΤΜΗΜΑ ΙΜΑΤΙΣΜΟΥ - ΕΣΤΙΑΣΗ ΜΕ ΠΑΡΑΤΑΣΗ ΣΥΜΒΑΣΕΩΝ  ΕΩΣ 31/3/2025 ΣΥΜΦΩΝΑ ΜΕ ΤΙΣ ΔΙΑΤΑΞΕΙΣ  ΤΟΥ Ν.5161/2024 (ΦΕΚ  196/29-11-2024/τ.Α΄) ΑΡΘΡΟ 27 ΠΑΡ. 1,999501452,ΓΕΝΙΚΟ ΝΟΣΟΚΟΜΕΙΟ ΒΟΛΟΥ,228.67,self-referential (payroll/EFKA/FMY remittance)
68ΔΘ4690ΒΩ-ΝΒ5,2025-09-04,ΚΑΤΑΒΟΛΗ ΑΠΟΔΟΧΩΝ ΜΗΝΟΣ ΑΥΓΟΥΣΤΟΥ 2025 ΕΠΙΚΟΥΡΙΚΟΥ ΠΡΟΣΩΠΙΚΟΥ ΜΕ ΑΤΟΜΙΚΕΣ ΣΥΜΒΑΣΕΙΣ ΣΤΟ ΤΜΗΜΑ ΙΜΑΤΙΣΜΟΥ - ΕΣΤΙΑΣΗ ΜΕ ΠΑΡΑΤΑΣΗ ΣΥΜΒΑΣΕΩΝ  ΕΩΣ 31/3/2025 ΣΥΜΦΩΝΑ ΜΕ ΤΙΣ ΔΙΑΤΑΞΕΙΣ  ΤΟΥ Ν.5161/2024 (ΦΕΚ  196/29-11-2024/τ.Α΄) ΑΡΘΡΟ 27 ΠΑΡ. 1,999501452,ΓΕΝΙΚΟ ΝΟΣΟΚΟΜΕΙΟ ΒΟΛΟΥ,1120.30,self-referential (payroll/EFKA/FMY remittance)
91ΤΛ4690ΒΩ-5ΜΚ,2025-09-04,ΚΑΤΑΒΟΛΗ ΑΠΟΖΗΜΙΩΣΗΣ ΣΕ ΜΕΤΑΛΥΚΕΙΑΚΟΥΣ ΣΠΟΥΔΑΣΤΕΣ ΓΙΑ ΤΟΝ ΜΗΝΑ  ΜΑΪΟ 2025,999501452,ΓΕΝΙΚΟ ΝΟΣΟΚΟΜΕΙΟ ΒΟΛΟΥ,166.21,self-referential (payroll/EFKA/FMY remittance)
91ΤΛ4690ΒΩ-5ΜΚ,2025-09-04,ΚΑΤΑΒΟΛΗ ΑΠΟΖΗΜΙΩΣΗΣ ΣΕ ΜΕΤΑΛΥΚΕΙΑΚΟΥΣ ΣΠΟΥΔΑΣΤΕΣ ΓΙΑ ΤΟΝ ΜΗΝΑ  ΜΑΪΟ 2025,999501452,ΓΕΝΙΚΟ ΝΟΣΟΚΟΜΕΙΟ ΒΟΛΟΥ,812.46,self-referential (payroll/EFKA/FMY remittance)
ΨΥ6Θ4690ΒΩ-Ξ6Ζ,2025-09-04,ΚΑΤΑΒΟΛΗ ΑΠΟΔΟΧΩΝ ΜΗΝΟΣ ΑΥΓΟΥΣΤΟΥ 2025 ΣΕ ΠΡΟΣΩΠΙΚΟ ΠΟΥ ΥΠΗΡΕΤΕΙ ΜΕΣΩ ΠΡΟΓΡΑΜΜΑΤΟΣ ΟΑΕΔ ΗΛΙΚΙΑΣ 55-67 ΣΥΜΦΩΝΑ ΜΕ ΤΗΝ 1η ΤΡΟΠΟΠΟΙΗΣΗ ΤΗΣ ΔΗΜΟΣΙΑΣ ΠΡΟΣΚΛΗΣΗΣ Νο 11/2017 ΤΟΥ ΟΑΕΔ,999501452,ΓΕΝΙΚΟ ΝΟΣΟΚΟΜΕΙΟ ΒΟΛΟΥ,37023.46,self-referential (payroll/EFKA/FMY remittance)
ΨΥ6Θ4690ΒΩ-Ξ6Ζ,2025-09-04,ΚΑΤΑΒΟΛΗ ΑΠΟΔΟΧΩΝ ΜΗΝΟΣ ΑΥΓΟΥΣΤΟΥ 2025 ΣΕ ΠΡΟΣΩΠΙΚΟ ΠΟΥ ΥΠΗΡΕΤΕΙ ΜΕΣΩ ΠΡΟΓΡΑΜΜΑΤΟΣ ΟΑΕΔ ΗΛΙΚΙΑΣ 55-67 ΣΥΜΦΩΝΑ ΜΕ ΤΗΝ 1η ΤΡΟΠΟΠΟΙΗΣΗ ΤΗΣ ΔΗΜΟΣΙΑΣ ΠΡΟΣΚΛΗΣΗΣ Νο 11/2017 ΤΟΥ ΟΑΕΔ,999501452,ΓΕΝΙΚΟ ΝΟΣΟΚΟΜΕΙΟ ΒΟΛΟΥ,640.00,self-referential (payroll/EFKA/FMY remittance)
ΨΥ6Θ4690ΒΩ-Ξ6Ζ,2025-09-04,ΚΑΤΑΒΟΛΗ ΑΠΟΔΟΧΩΝ ΜΗΝΟΣ ΑΥΓΟΥΣΤΟΥ 2025 ΣΕ ΠΡΟΣΩΠΙΚΟ ΠΟΥ ΥΠΗΡΕΤΕΙ ΜΕΣΩ ΠΡΟΓΡΑΜΜΑΤΟΣ ΟΑΕΔ ΗΛΙΚΙΑΣ 55-67 ΣΥΜΦΩΝΑ ΜΕ ΤΗΝ 1η ΤΡΟΠΟΠΟΙΗΣΗ ΤΗΣ ΔΗΜΟΣΙΑΣ ΠΡΟΣΚΛΗΣΗΣ Νο 11/2017 ΤΟΥ ΟΑΕΔ,999501452,ΓΕΝΙΚΟ ΝΟΣΟΚΟΜΕΙΟ ΒΟΛΟΥ,3805.00,self-referential (payroll/EFKA/FMY remittance)
ΨΥ6Θ4690ΒΩ-Ξ6Ζ,2025-09-04,ΚΑΤΑΒΟΛΗ ΑΠΟΔΟΧΩΝ ΜΗΝΟΣ ΑΥΓΟΥΣΤΟΥ 2025 ΣΕ ΠΡΟΣΩΠΙΚΟ ΠΟΥ ΥΠΗΡΕΤΕΙ ΜΕΣΩ ΠΡΟΓΡΑΜΜΑΤΟΣ ΟΑΕΔ ΗΛΙΚΙΑΣ 55-67 ΣΥΜΦΩΝΑ ΜΕ ΤΗΝ 1η ΤΡΟΠΟΠΟΙΗΣΗ ΤΗΣ ΔΗΜΟΣΙΑΣ ΠΡΟΣΚΛΗΣΗΣ Νο 11/2017 ΤΟΥ ΟΑΕΔ,999501452,ΓΕΝΙΚΟ ΝΟΣΟΚΟΜΕΙΟ ΒΟΛΟΥ,9725.27,self-referential (payroll/EFKA/FMY remittance)
9ΟΕ44690ΒΩ-Μ73,2025-09-02,ΕΦΑΠΑΞ ΑΠΟΖΗΜΙΩΣΗ ΠΡΩΗΝ ΥΠΑΛΛΗΛΟΥ ΔΕ Δ/ΚΟΥ-ΛΟΓ/ΚΟΥ ΓΙΑ ΤΟ ΧΡΟΝΙΚΟ ΔΙΑΣΤΗΜΑ ΤΗΣ ΥΠΗΡΕΣΙΑΣ ΤΗΣ ΣΕ ΚΑΤΑΡΓΗΘΕΝΤΑ (ΔΥΝΑΜΕΙ ΤΟΥ Ν. 3106/2003) ΦΟΡΕΑ ΚΟΙΝΩΝΙΚΗΣ ΠΡΟΝΟΙΑΣ ΚΑΙ ΠΡΟΒΛΕΠΕΤΑΙ ΑΠΟ ΤΗΝ ΔΙΑΤΑΞΗ ΤΟΥ ΑΡΘΡΟΥ 56 ΤΟΥ Ν. 3518/2006 (ΦΕΚ 272Α),999501452,ΓΕΝΙΚΟ ΝΟΣΟΚΟΜΕΙΟ ΒΟΛΟΥ,3545.86,self-referential (payroll/EFKA/FMY remittance)
6ΖΓΓ4690ΒΩ-ΙΓ0,2025-08-29,ΑΠΟΔΟΣΗ ΥΠΕΡ Μ.Τ.Π.Υ. ΚΑΙ ΛΟΙΠΩΝ ΑΣΦΑΛΙΣΤΙΚΩΝ ΤΑΜΕΙΩΝ ΕΠΙ ΕΞΟΦΛΗΘΕΝΤΩΝ ΧΕ ΜΙΣΘΟΔΟΣΙΑΣ ΑΥΓΟΥΣΤΟΥ 2025 ΜΕΣΩ ΕΑΠ (Φ 100),999501452,ΓΕΝΙΚΟ ΝΟΣΟΚΟΜΕΙΟ ΒΟΛΟΥ,4502.16,self-referential (payroll/EFKA/FMY remittance)
6ΖΓΓ4690ΒΩ-ΙΓ0,2025-08-29,ΑΠΟΔΟΣΗ ΥΠΕΡ Μ.Τ.Π.Υ. ΚΑΙ ΛΟΙΠΩΝ ΑΣΦΑΛΙΣΤΙΚΩΝ ΤΑΜΕΙΩΝ ΕΠΙ ΕΞΟΦΛΗΘΕΝΤΩΝ ΧΕ ΜΙΣΘΟΔΟΣΙΑΣ ΑΥΓΟΥΣΤΟΥ 2025 ΜΕΣΩ ΕΑΠ (Φ 100),999501452,ΓΕΝΙΚΟ ΝΟΣΟΚΟΜΕΙΟ ΒΟΛΟΥ,4258.26,self-referential (payroll/EFKA/FMY remittance)
6ΖΓΓ4690ΒΩ-ΙΓ0,2025-08-29,ΑΠΟΔΟΣΗ ΥΠΕΡ Μ.Τ.Π.Υ. ΚΑΙ ΛΟΙΠΩΝ ΑΣΦΑΛΙΣΤΙΚΩΝ ΤΑΜΕΙΩΝ ΕΠΙ ΕΞΟΦΛΗΘΕΝΤΩΝ ΧΕ ΜΙΣΘΟΔΟΣΙΑΣ ΑΥΓΟΥΣΤΟΥ 2025 ΜΕΣΩ ΕΑΠ (Φ 100),999501452,ΓΕΝΙΚΟ ΝΟΣΟΚΟΜΕΙΟ ΒΟΛΟΥ,62106.89,self-referential (payroll/EFKA/FMY remittance)
6ΖΓΓ4690ΒΩ-ΙΓ0,2025-08-29,ΑΠΟΔΟΣΗ ΥΠΕΡ Μ.Τ.Π.Υ. ΚΑΙ ΛΟΙΠΩΝ ΑΣΦΑΛΙΣΤΙΚΩΝ ΤΑΜΕΙΩΝ ΕΠΙ ΕΞΟΦΛΗΘΕΝΤΩΝ ΧΕ ΜΙΣΘΟΔΟΣΙΑΣ ΑΥΓΟΥΣΤΟΥ 2025 ΜΕΣΩ ΕΑΠ (Φ 100),999501452,ΓΕΝΙΚΟ ΝΟΣΟΚΟΜΕΙΟ ΒΟΛΟΥ,3485.15,self-referential (payroll/EFKA/FMY remittance)
6ΖΓΓ4690ΒΩ-ΙΓ0,2025-08-29,ΑΠΟΔΟΣΗ ΥΠΕΡ Μ.Τ.Π.Υ. ΚΑΙ ΛΟΙΠΩΝ ΑΣΦΑΛΙΣΤΙΚΩΝ ΤΑΜΕΙΩΝ ΕΠΙ ΕΞΟΦΛΗΘΕΝΤΩΝ ΧΕ ΜΙΣΘΟΔΟΣΙΑΣ ΑΥΓΟΥΣΤΟΥ 2025 ΜΕΣΩ ΕΑΠ (Φ 100),999501452,ΓΕΝΙΚΟ ΝΟΣΟΚΟΜΕΙΟ ΒΟΛΟΥ,76092.61,self-referential (payroll/EFKA/FMY remittance)
6ΣΤΣ4690ΒΩ-ΕΞΡ,2025-08-26,ΑΜΟΙΒΗ ΛΟΙΠΟΥ ΠΡΟΣΩΠΙΚΟΥ ΠΟΥ ΕΡΓΑΣΤΗΚΑΝ ΣΤΑ ΟΛΟΗΜΕΡΑ ΙΑΤΡΕΙΑ ΤΟΝ ΜΗΝΑ ΙΟΥΝΙΟ 2025,999501452,ΓΕΝΙΚΟ ΝΟΣΟΚΟΜΕΙΟ ΒΟΛΟΥ,1860.00,self-referential (payroll/EFKA/FMY remittance)
ΨΓΥΣ4690ΒΩ-11Β,2025-08-25,"ΚΑΤΑΒΟΛΗ ΕΚΤΑΚΤΗΣ ΟΙΚΟΝΟΜΙΚΗΣ ΕΝΙΣΧΥΣΗΣ ΕΦΗΜΕΡΙΩΝ  ΙΑΤΡΩΝ ΕΣΥ ΣΥΜΦΩΝΑ ΜΕ ΤΙΣ ΔΙΑΤΑΞΕΙΣ ΤΩΝ ΑΡΘΡΩΝ 88,89 ΚΑΙ 90 ΤΟΥ Ν.4850/2021 ΦΕΚ 208/τ. Α΄ ΜΗΝΟΣ   ΙΟΥΝΙΟΥ 2025",999501452,ΓΕΝΙΚΟ ΝΟΣΟΚΟΜΕΙΟ ΒΟΛΟΥ,4500.00,self-referential (payroll/EFKA/FMY remittance)
6ΘΔ54690ΒΩ-ΨΣΠ,2025-08-25,ΕΦΗΜΕΡΙΕΣ ΙΑΤΡΩΝ ΨΥΧΙΚΗΣ ΥΓΕΙΑΣ ΜΗΝΟΣ ΙΟΥΝΙΟΥ 2025,999501452,ΓΕΝΙΚΟ ΝΟΣΟΚΟΜΕΙΟ ΒΟΛΟΥ,7371.89,self-referential (payroll/EFKA/FMY remittance)
ΨΖΒ24690ΒΩ-ΛΔ4,2025-08-25,ΕΦΗΜΕΡΙΕΣ ΜΕΤΑΚΙΝΟΥΜΕΝΩΝ ΙΑΤΡΩΝ ΤΟΥ Π.Ε.Δ.Υ ΓΙΑ ΚΑΛΥΨΗ ΕΦΗΜΕΡΙΩΝ ΣΤΟ ΓΝΒ ΤΟΝ ΜΗΝΑ  ΙΟΥΝΙΟ 2025,999501452,ΓΕΝΙΚΟ ΝΟΣΟΚΟΜΕΙΟ ΒΟΛΟΥ,9473.23,self-referential (payroll/EFKA/FMY remittance)
ΡΛΩΕ4690ΒΩ-Β7Ρ,2025-08-25,ΠΡΟΣΘΕΤΕΣ ΑΜΟΙΒΕΣ ΛΟΙΠΟΥ ΕΠΙΚΟΥΡΙΚΟΥ ΠΡΟΣΩΠΙΚΟΥ ΙΟΥΝΙΟΥ 2025 ΣΥΜΦΩΝΑ ΜΕ ΤΙΣ ΔΙΑΤΑΞΕΩΝ ΤΟΥ ΑΡΘΡΟΥ 17 ΤΗΣ ΠΝΠ ΦΕΚ 55/1-3-2020 ΄΄ΚΑΤΕΠΕΙΓΟΝΤΑ ΜΕΤΡΑ ΑΝΤΙΜΕΤΩΠΙΣΗΣ ΤΩΝ ΑΡΝΗΤΙΚΩΝ ΣΥΝΕΠΕΙΩΝ ΤΗΣ ΕΜΦΑΝΙΣΗΣ COVID-19,999501452,ΓΕΝΙΚΟ ΝΟΣΟΚΟΜΕΙΟ ΒΟΛΟΥ,142.10,self-referential (payroll/EFKA/FMY remittance)
ΡΛΩΕ4690ΒΩ-Β7Ρ,2025-08-25,ΠΡΟΣΘΕΤΕΣ ΑΜΟΙΒΕΣ ΛΟΙΠΟΥ ΕΠΙΚΟΥΡΙΚΟΥ ΠΡΟΣΩΠΙΚΟΥ ΙΟΥΝΙΟΥ 2025 ΣΥΜΦΩΝΑ ΜΕ ΤΙΣ ΔΙΑΤΑΞΕΩΝ ΤΟΥ ΑΡΘΡΟΥ 17 ΤΗΣ ΠΝΠ ΦΕΚ 55/1-3-2020 ΄΄ΚΑΤΕΠΕΙΓΟΝΤΑ ΜΕΤΡΑ ΑΝΤΙΜΕΤΩΠΙΣΗΣ ΤΩΝ ΑΡΝΗΤΙΚΩΝ ΣΥΝΕΠΕΙΩΝ ΤΗΣ ΕΜΦΑΝΙΣΗΣ COVID-19,999501452,ΓΕΝΙΚΟ ΝΟΣΟΚΟΜΕΙΟ ΒΟΛΟΥ,892.02,self-referential (payroll/EFKA/FMY remittance)
60ΤΞ4690ΒΩ-16Ο,2025-08-25,ΕΦΗΜΕΡΙΕΣ  ΕΠΙΣΤΗΜΟΝΙΚΟΥ ΠΡΟΣΩΠΙΚΟΥ ΜΕ ΣΧΕΣΗ ΕΡΓΑΣΙΑΣ ΙΔΟΧ ΜΗΝΟΣ  ΙΟΥΝΙΟΥ 2025 «ΕΝΙΣΧΥΣΗ ΤΩΝ ΦΟΡΕΩΝ ΥΓΕΙΑΣ ΜΕ ΕΠΙΚΟΥΡΙΚΟ ΠΡΟΣΩΠΙΚΟ ΓΙΑ ΤΗΝ ΑΝΤΑΠΟΚΡΙΣΗ ΣΤΙΣ ΑΝΑΓΚΕΣ ΛΟΓΩ ΤΗΣ ΕΠΙΔΗΜΙΑΣ COVID-19 ΣΤΗΝ ΠΕΡΙΦΕΡΕΙΑ ΘΕΣΣΑΛΙΑΣ» ΜΕ ΚΩΔΙΚΟ ΟΠΣ 5070510 ΣΤΟ ΕΠΙΧΕΙΡΗΣΙΑΚΟ ΠΡΟΓΡΑΜΜΑ «ΠΕΡΙΦΕΡΕΙΑΚΟ ΕΠΙΧΕΙΡΗΣΙΑΚΟ ΠΡΟΓΡΑΜΜΑ ΘΕΣΣΑΛΙΑΣ 2014 ΜΕ ΠΑΡΑΤΑΣΗ ΣΥΜΒΑΣΕΩΝ  ΕΩΣ 31/12/2024 ΣΥΜΦΩΝΑ ΜΕ ΤΙΣ ΔΙΑΤΑΞΕΙΣ  ΤΟΥ Ν.5079/2023 (ΦΕΚ 215/22-12-2023/τ.Α΄) ΑΡΘΡΟ 70 ΠΑΡ. 1,999501452,ΓΕΝΙΚΟ ΝΟΣΟΚΟΜΕΙΟ ΒΟΛΟΥ,221.02,self-referential (payroll/EFKA/FMY remittance)
60ΤΞ4690ΒΩ-16Ο,2025-08-25,ΕΦΗΜΕΡΙΕΣ  ΕΠΙΣΤΗΜΟΝΙΚΟΥ ΠΡΟΣΩΠΙΚΟΥ ΜΕ ΣΧΕΣΗ ΕΡΓΑΣΙΑΣ ΙΔΟΧ ΜΗΝΟΣ  ΙΟΥΝΙΟΥ 2025 «ΕΝΙΣΧΥΣΗ ΤΩΝ ΦΟΡΕΩΝ ΥΓΕΙΑΣ ΜΕ ΕΠΙΚΟΥΡΙΚΟ ΠΡΟΣΩΠΙΚΟ ΓΙΑ ΤΗΝ ΑΝΤΑΠΟΚΡΙΣΗ ΣΤΙΣ ΑΝΑΓΚΕΣ ΛΟΓΩ ΤΗΣ ΕΠΙΔΗΜΙΑΣ COVID-19 ΣΤΗΝ ΠΕΡΙΦΕΡΕΙΑ ΘΕΣΣΑΛΙΑΣ» ΜΕ ΚΩΔΙΚΟ ΟΠΣ 5070510 ΣΤΟ ΕΠΙΧΕΙΡΗΣΙΑΚΟ ΠΡΟΓΡΑΜΜΑ «ΠΕΡΙΦΕΡΕΙΑΚΟ ΕΠΙΧΕΙΡΗΣΙΑΚΟ ΠΡΟΓΡΑΜΜΑ ΘΕΣΣΑΛΙΑΣ 2014 ΜΕ ΠΑΡΑΤΑΣΗ ΣΥΜΒΑΣΕΩΝ  ΕΩΣ 31/12/2024 ΣΥΜΦΩΝΑ ΜΕ ΤΙΣ ΔΙΑΤΑΞΕΙΣ  ΤΟΥ Ν.5079/2023 (ΦΕΚ 215/22-12-2023/τ.Α΄) ΑΡΘΡΟ 70 ΠΑΡ. 1,999501452,ΓΕΝΙΚΟ ΝΟΣΟΚΟΜΕΙΟ ΒΟΛΟΥ,439.31,self-referential (payroll/EFKA/FMY remittance)
ΨΑΓ54690ΒΩ-ΒΕ7,2025-08-25,ΕΦΗΜΕΡΙΕΣ ΙΑΤΡΙΚΟΥ ΕΠΙΚΟΥΡΙΚΟΥ ΠΡΟΣΩΠΙΚΟΥ ΜΕ ΣΧΕΣΗ ΕΡΓΑΣΙΑΣ ΙΔΟΧ ΜΗΝΟΣ ΙΟΥΝΙΟΥ 2025 «ΕΝΙΣΧΥΣΗ ΤΩΝ ΦΟΡΕΩΝ ΥΓΕΙΑΣ ΜΕ ΕΠΙΚΟΥΡΙΚΟ ΠΡΟΣΩΠΙΚΟ ΓΙΑ ΤΗΝ ΑΝΤΑΠΟΚΡΙΣΗ ΣΤΙΣ ΑΝΑΓΚΕΣ ΛΟΓΩ ΤΗΣ ΕΠΙΔΗΜΙΑΣ COVID-19 ΣΤΗΝ ΠΕΡΙΦΕΡΕΙΑ ΘΕΣΣΑΛΙΑΣ» ΜΕ ΚΩΔΙΚΟ ΟΠΣ 5070510 ΣΤΟ ΕΠΙΧΕΙΡΗΣΙΑΚΟ ΠΡΟΓΡΑΜΜΑ «ΠΕΡΙΦΕΡΕΙΑΚΟ ΕΠΙΧΕΙΡΗΣΙΑΚΟ ΠΡΟΓΡΑΜΜΑ ΘΕΣΣΑΛΙΑΣ 2014 ΜΕ ΠΑΡΑΤΑΣΗ ΣΥΜΒΑΣΕΩΝ  ΕΩΣ 31/12/2024 ΣΥΜΦΩΝΑ ΜΕ ΤΙΣ ΔΙΑΤΑΞΕΙΣ  ΤΟΥ Ν.5079/2023 (ΦΕΚ 215/22-12-2023/τ.Α΄) ΑΡΘΡΟ 70 ΠΑΡ. 1,999501452,ΓΕΝΙΚΟ ΝΟΣΟΚΟΜΕΙΟ ΒΟΛΟΥ,2130.76,self-referential (payroll/EFKA/FMY remittance)
Ρ0ΔΑ4690ΒΩ-ΖΛ4,2025-08-25,ΕΦΗΜΕΡΙΕΣ  ΕΠΙΣΤΗΜΟΝΙΚΟΥ ΠΡΟΣΩΠΙΚΟΥ   ΜΗΝΟΣ  ΙΟΥΝΙΟΥ 2025,999501452,ΓΕΝΙΚΟ ΝΟΣΟΚΟΜΕΙΟ ΒΟΛΟΥ,5673.27,self-referential (payroll/EFKA/FMY remittance)
Ρ0ΔΑ4690ΒΩ-ΖΛ4,2025-08-25,ΕΦΗΜΕΡΙΕΣ  ΕΠΙΣΤΗΜΟΝΙΚΟΥ ΠΡΟΣΩΠΙΚΟΥ   ΜΗΝΟΣ  ΙΟΥΝΙΟΥ 2025,999501452,ΓΕΝΙΚΟ ΝΟΣΟΚΟΜΕΙΟ ΒΟΛΟΥ,3630.86,self-referential (payroll/EFKA/FMY remittance)
Ρ9Γ94690ΒΩ-ΥΨΖ,2025-08-25,: ΠΡΟΣΘΕΤΕΣ ΑΜΟΙΒΕΣ ΛΟΙΠΟΥ ΕΠΙΚΟΥΡΙΚΟΥ ΠΡΟΣΩΠΙΚΟΥ ΜΕ ΣΧΕΣΗ ΕΡΓΑΣΙΑΣ ΙΔΟΧ ΜΗΝΟΣ ΙΟΥΝΙΟΥ 2025«ΕΝΙΣΧΥΣΗ ΤΩΝ ΦΟΡΕΩΝ ΥΓΕΙΑΣ ΜΕ ΕΠΙΚΟΥΡΙΚΟ ΠΡΟΣΩΠΙΚΟ ΓΙΑ ΤΗΝ ΑΝΤΑΠΟΚΡΙΣΗ ΣΤΙΣ ΑΝΑΓΚΕΣ ΛΟΓΩ ΤΗΣ ΕΠΙΔΗΜΙΑΣ COVID-19 ΣΤΗΝ ΠΕΡΙΦΕΡΕΙΑ ΘΕΣΣΑΛΙΑΣ» ΜΕ ΚΩΔΙΚΟ ΟΠΣ 5070510 ΣΤΟ ΕΠΙΧΕΙΡΗΣΙΑΚΟ ΠΡΟΓΡΑΜΜΑ «ΠΕΡΙΦΕΡΕΙΑΚΟ ΕΠΙΧΕΙΡΗΣΙΑΚΟ ΠΡΟΓΡΑΜΜΑ ΘΕΣΣΑΛΙΑΣ 2014 ΜΕ ΠΑΡΑΤΑΣΗ ΣΥΜΒΑΣΕΩΝ  ΕΩΣ 31/12/2024 ΣΥΜΦΩΝΑ ΜΕ ΤΙΣ ΔΙΑΤΑΞΕΙΣ  ΤΟΥ Ν.5079/2023 (ΦΕΚ 215/22-12-2023/τ.Α΄) ΑΡΘΡΟ 70 ΠΑΡ,999501452,ΓΕΝΙΚΟ ΝΟΣΟΚΟΜΕΙΟ ΒΟΛΟΥ,1076.15,self-referential (payroll/EFKA/FMY remittance)
Ρ9Γ94690ΒΩ-ΥΨΖ,2025-08-25,: ΠΡΟΣΘΕΤΕΣ ΑΜΟΙΒΕΣ ΛΟΙΠΟΥ ΕΠΙΚΟΥΡΙΚΟΥ ΠΡΟΣΩΠΙΚΟΥ ΜΕ ΣΧΕΣΗ ΕΡΓΑΣΙΑΣ ΙΔΟΧ ΜΗΝΟΣ ΙΟΥΝΙΟΥ 2025«ΕΝΙΣΧΥΣΗ ΤΩΝ ΦΟΡΕΩΝ ΥΓΕΙΑΣ ΜΕ ΕΠΙΚΟΥΡΙΚΟ ΠΡΟΣΩΠΙΚΟ ΓΙΑ ΤΗΝ ΑΝΤΑΠΟΚΡΙΣΗ ΣΤΙΣ ΑΝΑΓΚΕΣ ΛΟΓΩ ΤΗΣ ΕΠΙΔΗΜΙΑΣ COVID-19 ΣΤΗΝ ΠΕΡΙΦΕΡΕΙΑ ΘΕΣΣΑΛΙΑΣ» ΜΕ ΚΩΔΙΚΟ ΟΠΣ 5070510 ΣΤΟ ΕΠΙΧΕΙΡΗΣΙΑΚΟ ΠΡΟΓΡΑΜΜΑ «ΠΕΡΙΦΕΡΕΙΑΚΟ ΕΠΙΧΕΙΡΗΣΙΑΚΟ ΠΡΟΓΡΑΜΜΑ ΘΕΣΣΑΛΙΑΣ 2014 ΜΕ ΠΑΡΑΤΑΣΗ ΣΥΜΒΑΣΕΩΝ  ΕΩΣ 31/12/2024 ΣΥΜΦΩΝΑ ΜΕ ΤΙΣ ΔΙΑΤΑΞΕΙΣ  ΤΟΥ Ν.5079/2023 (ΦΕΚ 215/22-12-2023/τ.Α΄) ΑΡΘΡΟ 70 ΠΑΡ,999501452,ΓΕΝΙΚΟ ΝΟΣΟΚΟΜΕΙΟ ΒΟΛΟΥ,4508.94,self-referential (payroll/EFKA/FMY remittance)
9ΠΦ44690ΒΩ-ΜΦΨ,2025-08-25,ΕΦΗΜΕΡΙΕΣ  ΙΑΤΡΩΝ ΕΣΥ ΜΗΝΟΣ  ΙΟΥΝΟΥ 2025,999501452,ΓΕΝΙΚΟ ΝΟΣΟΚΟΜΕΙΟ ΒΟΛΟΥ,101033.26,self-referential (payroll/EFKA/FMY remittance)
6ΑΒΒ4690ΒΩ-Φ6Ξ,2025-08-25,ΕΦΗΜΕΡΙΕΣ ΕΠΙΚΟΥΡΙΚΩΝ  ΙΑΤΡΩΝ ΕΣΥ ΜΗΝΟΣ  ΙΟΥΝΙΟΥ 2025,999501452,ΓΕΝΙΚΟ ΝΟΣΟΚΟΜΕΙΟ ΒΟΛΟΥ,8196.98,self-referential (payroll/EFKA/FMY remittance)
91ΙΔ4690ΒΩ-ΥΙΜ,2025-08-25,ΕΦΗΜΕΡΙΕΣ ΕΙΔΙΚΕΥΟΜΕΝΩΝ ΙΑΤΡΩΝ ΜΗΝΟΣ  ΙΟΥΝΟΥ 2025,999501452,ΓΕΝΙΚΟ ΝΟΣΟΚΟΜΕΙΟ ΒΟΛΟΥ,73498.18,self-referential (payroll/EFKA/FMY remittance)
Ψ0ΒΩ4690ΒΩ-06Β,2025-08-25,"ΠΡΟΣΘΕΤΕΣ ΑΜΟΙΒΕΣ ΛΟΙΠΟΥ ΜΟΝΙΜΟΥ (ΔΙΟΙΚΗΤΙΚΟΥ,ΝΟΣΗΛΕΥΤΙΚΟΥ κ.λ.π.) ΠΡΟΣΩΠΙΚΟΥ ΜΗΝΟΣ  ΙΟΥΝΙΟΥ 2025",999501452,ΓΕΝΙΚΟ ΝΟΣΟΚΟΜΕΙΟ ΒΟΛΟΥ,10315.75,self-referential (payroll/EFKA/FMY remittance)
Ψ0ΒΩ4690ΒΩ-06Β,2025-08-25,"ΠΡΟΣΘΕΤΕΣ ΑΜΟΙΒΕΣ ΛΟΙΠΟΥ ΜΟΝΙΜΟΥ (ΔΙΟΙΚΗΤΙΚΟΥ,ΝΟΣΗΛΕΥΤΙΚΟΥ κ.λ.π.) ΠΡΟΣΩΠΙΚΟΥ ΜΗΝΟΣ  ΙΟΥΝΙΟΥ 2025",999501452,ΓΕΝΙΚΟ ΝΟΣΟΚΟΜΕΙΟ ΒΟΛΟΥ,43275.17,self-referential (payroll/EFKA/FMY remittance)
6ΥΗΘ4690ΒΩ-ΤΣΗ,2025-08-25,ΠΡΟΣΘΕΤΕΣ ΑΜΟΙΒΕΣ ΙΔ. ΔΙΚΑΙΟΥ (ΑΟΡΙΣΤΟΥ-ΟΡΙΣΜΕΝΟΥ-ΑΤΟΜΙΚΕΣ ΣΥΜΒΑΣΕΙΣ) ΜΗΝΟΣ  ΙΟΥΝΙΟΥ 2025,999501452,ΓΕΝΙΚΟ ΝΟΣΟΚΟΜΕΙΟ ΒΟΛΟΥ,1183.52,self-referential (payroll/EFKA/FMY remittance)
6ΥΗΘ4690ΒΩ-ΤΣΗ,2025-08-25,ΠΡΟΣΘΕΤΕΣ ΑΜΟΙΒΕΣ ΙΔ. ΔΙΚΑΙΟΥ (ΑΟΡΙΣΤΟΥ-ΟΡΙΣΜΕΝΟΥ-ΑΤΟΜΙΚΕΣ ΣΥΜΒΑΣΕΙΣ) ΜΗΝΟΣ  ΙΟΥΝΙΟΥ 2025,999501452,ΓΕΝΙΚΟ ΝΟΣΟΚΟΜΕΙΟ ΒΟΛΟΥ,1553.04,self-referential (payroll/EFKA/FMY remittance)
Ρ2ΖΠ4690ΒΩ-Η0Θ,2025-08-25,ΠΡΟΣΘΕΤΕΣ ΑΜΟΙΒΕΣ ΛΟΙΠΟΥ  ΕΠΙΚΟΥΡΙΚΟΥ ΠΡΟΣΩΠΙΚΟΥ ΜΗΝΟΣ  ΙΟΥΝΟΥ 2025,999501452,ΓΕΝΙΚΟ ΝΟΣΟΚΟΜΕΙΟ ΒΟΛΟΥ,65.52,self-referential (payroll/EFKA/FMY remittance)
Ρ2ΖΠ4690ΒΩ-Η0Θ,2025-08-25,ΠΡΟΣΘΕΤΕΣ ΑΜΟΙΒΕΣ ΛΟΙΠΟΥ  ΕΠΙΚΟΥΡΙΚΟΥ ΠΡΟΣΩΠΙΚΟΥ ΜΗΝΟΣ  ΙΟΥΝΟΥ 2025,999501452,ΓΕΝΙΚΟ ΝΟΣΟΚΟΜΕΙΟ ΒΟΛΟΥ,276.08,self-referential (payroll/EFKA/FMY remittance)
9ΦΞΙ4690ΒΩ-Ι54,2025-08-25,ΠΡΟΣΘΕΤΕΣ ΑΜΟΙΒΕΣ ΕΙΔΙΚΕΥΟΜΕΝΩΝ ΝΟΣΗΛΕΥΤΩΝ ΜΗΝΟΣ ΙΟΥΝΙΟΥ 2025 ΣΥΜΦΩΝΑ ΜΕ ΤΙΣ ΔΙΑΤΑΞΕΙΣ ΤΟΥ ΑΡΘΡΟΥ 58 ΤΟΥ Ν.4690/2020 (ΦΕΚ 104/Α/30-5-2020),999501452,ΓΕΝΙΚΟ ΝΟΣΟΚΟΜΕΙΟ ΒΟΛΟΥ,332.80,self-referential (payroll/EFKA/FMY remittance)
9ΦΞΙ4690ΒΩ-Ι54,2025-08-25,ΠΡΟΣΘΕΤΕΣ ΑΜΟΙΒΕΣ ΕΙΔΙΚΕΥΟΜΕΝΩΝ ΝΟΣΗΛΕΥΤΩΝ ΜΗΝΟΣ ΙΟΥΝΙΟΥ 2025 ΣΥΜΦΩΝΑ ΜΕ ΤΙΣ ΔΙΑΤΑΞΕΙΣ ΤΟΥ ΑΡΘΡΟΥ 58 ΤΟΥ Ν.4690/2020 (ΦΕΚ 104/Α/30-5-2020),999501452,ΓΕΝΙΚΟ ΝΟΣΟΚΟΜΕΙΟ ΒΟΛΟΥ,1602.04,self-referential (payroll/EFKA/FMY remittance)
ΡΛΠ64690ΒΩ-Θ7Β,2025-08-25,ΕΦΗΜΕΡΙΕΣ  ΕΠΙΣΤΗΜΟΝΙΚΟΥ ΠΡΟΣΩΠΙΚΟΥ  ΨΥΧΙΚΗΣ ΥΓΕΙΑΣ ΜΗΝΟΣ  ΙΟΥΝΙΟΥ 2025,999501452,ΓΕΝΙΚΟ ΝΟΣΟΚΟΜΕΙΟ ΒΟΛΟΥ,3043.24,self-referential (payroll/EFKA/FMY remittance)
Ρ7414690ΒΩ-35Λ,2025-08-25,"ΠΡΟΣΘΕΤΕΣ ΑΜΟΙΒΕΣ ΛΟΙΠΟΥ (ΔΙΟΙΚΗΤΙΚΟ,ΝΟΣΗΛΕΥΤΙΚΟ,ΤΕΧΝΙΚΟ κ.λ.π.) ΠΡΟΣΩΠΙΚΟΥ ΨΥΧΙΚΗΣ ΥΓΕΙΑΣ ΜΗΝΟΣ ΙΟΥΝΙΟΥ 2025",999501452,ΓΕΝΙΚΟ ΝΟΣΟΚΟΜΕΙΟ ΒΟΛΟΥ,3556.15,self-referential (payroll/EFKA/FMY remittance)
9ΑΟΧ4690ΒΩ-ΥΒΛ,2025-08-25,ΑΜΟΙΒΗ ΛΟΙΠΟΥ ΠΡΟΣΩΠΙΚΟΥ  ΟΛΟΗΜΕΡΩΝ ΙΑΤΡΕΙΩΝ ΑΠΟ ΔΙΑΓΝΩΣΤΙΚΕΣ ΕΞΕΤΑΣΕΙΣ ( INVITRO) ΑΣΦΑΛΙΣΜΕΝΩΝ ΤΟΥ ΕΟΠΥΥ ΤΟΝ ΜΗΝΑ  ΙΟΥΛΙΟ 2021,999501452,ΓΕΝΙΚΟ ΝΟΣΟΚΟΜΕΙΟ ΒΟΛΟΥ,2080.31,self-referential (payroll/EFKA/FMY remittance)
6ΞΗΠ4690ΒΩ-ΙΝΥ,2025-08-25,ΑΜΟΙΒΗ ΛΟΙΠΟΥ ΠΡΟΣΩΠΙΚΟΥ ΟΛΟΗΜΕΡΩΝ ΙΑΤΡΕΙΩΝ ΑΠΟ ΠΑΡΑΚΛΙΝΙΚΕΣ ΕΞΕΤΑΣΕΙΣ ΑΝΑΣΦΑΛΙΣΤΩΝ ΕΛΛΗΝΩΝ ΔΙΚΑΙΟΥΧΩΝ ΤΟΥ Ν. 4368/2016 ΤΟΝ ΜΗΝΑ ΙΟΥΛΙΟ 2021,999501452,ΓΕΝΙΚΟ ΝΟΣΟΚΟΜΕΙΟ ΒΟΛΟΥ,438.52,self-referential (payroll/EFKA/FMY remittance)
Ρ0ΑΕ4690ΒΩ-ΕΛΥ,2025-08-25,ΑΜΟΙΒΗ ΙΑΤΡΟΥ ΑΠΟ ΧΕΙΡΟΥΡΓΙΚΕΣ( ΟΔΟΝΤΙΑΤΡΙΚΕΣ ) ΠΡΑΞΕΙΣ ΑΣΦΑΛΙΣΜΕΝΩΝ ΤΟΥ ΕΟΠΥ ΤΟΝ ΜΗΝΑ ΔΕΚΕΜΒΡΙΟ 2019,999501452,ΓΕΝΙΚΟ ΝΟΣΟΚΟΜΕΙΟ ΒΟΛΟΥ,360.00,self-referential (payroll/EFKA/FMY remittance)
Ψ1ΠΟ4690ΒΩ-Λ14,2025-08-25,ΑΜΟΙΒΗ ΙΑΤΡΟΥ ΑΠΟ ΧΕΙΡΟΥΡΓΙΚΕΣ( ΟΔΟΝΤΙΑΤΡΙΚΕΣ ) ΠΡΑΞΕΙΣ ΑΝΑΣΦΑΛΙΣΤΩΝ ΕΛΛΗΝΩΝ ΔΙΚΑΙΟΥΧΩΝ ΤΟΥ Ν. 4368/2016 ΤΟΝ ΜΗΝΑ ΔΕΚΕΜΒΡΙΟ 2019,999501452,ΓΕΝΙΚΟ ΝΟΣΟΚΟΜΕΙΟ ΒΟΛΟΥ,120.00,self-referential (payroll/EFKA/FMY remittance)
9Γ7Η4690ΒΩ-ΘΚ0,2025-08-25,ΑΜΟΙΒΗ ΙΑΤΡΙΚΟΥ ΠΡΟΣΩΠΙΚΟΥ ΠΟΥ ΕΡΓΑΣΤΗΚΑΝ ΣΤΑ ΟΛΟΗΜΕΡΑ ΙΑΤΡΕΙΑ ΤΟΝ ΜΗΝΑ  ΙΟΥΝΙΟ 2025,999501452,ΓΕΝΙΚΟ ΝΟΣΟΚΟΜΕΙΟ ΒΟΛΟΥ,2035.20,self-referential (payroll/EFKA/FMY remittance)
ΨΔ0Γ4690ΒΩ-ΩΑΠ,2025-08-25,ΑΜΟΙΒΗ ΙΑΤΡΩΝ ΟΛΟΗΜΕΡΩΝ ΙΑΤΡΕΙΩΝ  ΑΠΟ  ΔΙΑΓΝΩΣΤΙΚΕΣ ΕΞΕΑΣΕΙΣ ( INVIVO - INVITRO)  ΑΣΦΑΛΙΣΜΕΝΩΝ ΤΟΥ ΕΟΠΥΥ ΤΟΝ ΜΗΝΑ  ΙΟΥΛΙΟ 2021,999501452,ΓΕΝΙΚΟ ΝΟΣΟΚΟΜΕΙΟ ΒΟΛΟΥ,5351.71,self-referential (payroll/EFKA/FMY remittance)
6ΘΙ44690ΒΩ-72Ξ,2025-08-25,ΑΜΟΙΒΗ ΙΑΤΡΙΚΟΥ ΠΡΟΣΩΠΙΚΟΥ ΟΛΟΗΜΕΡΩΝ ΙΑΤΡΕΙΩΝ ΑΠΟ ΠΑΡΑΚΛΙΝΙΚΕΣ ΕΞΕΤΑΣΕΙΣ ΑΝΑΣΦΑΛΙΣΤΩΝ ΕΛΛΗΝΩΝ ΔΙΚΑΙΟΥΧΩΝ ΤΟΥ Ν. 4368/2016 ΤΟΝ ΜΗΝΑ ΙΟΥΛΙΟ 2021,999501452,ΓΕΝΙΚΟ ΝΟΣΟΚΟΜΕΙΟ ΒΟΛΟΥ,1246.35,self-referential (payroll/EFKA/FMY remittance)
ΨΒΖΚ4690ΒΩ-Β5Τ,2025-08-25,"ΗΜΕΡΗΣΙΑ  ΑΠΟΖΗΜΙΩΣΗ ΠΟΥ ΜΕΤΕΒΗ ΣΤΗ ΛΑΡΙΣΑ , ΑΘΗΝΑ ΓΙΑ ΥΠΗΡΕΣΙΑΚΟΥΣ  ΛΟΓΟΥΣ(ΜΕΤΑΦΟΡΕΑ ΥΠΑΛΛΗΛΟΥ ΓΙΑ ΔΙΕΝΕΡΓΕΙΑ ΔΙΟΙΚΗΤΙΚΗΣ  ΕΞΕΤΑΣΗΣ,ΠΑΡΑΛΑΒΗ ΦΑΡΜΑΚΩΝ,ΑΥΤΟΨΙΑ  ΣΕ ΑΚΙΝΗΤΑ ΤΟΥ ΓΝΒ 7/3/2025,11/4/2025,29/5/2025,2/7/2025",999501452,ΓΕΝΙΚΟ ΝΟΣΟΚΟΜΕΙΟ ΒΟΛΟΥ,170.00,self-referential (payroll/EFKA/FMY remittance)
9ΥΡΖ4690ΒΩ-ΚΟ1,2025-08-25,"ΗΜΕΡΗΣΙΑ  ΑΠΟΖΗΜΙΩΣΗ ΠΟΥ ΜΕΤΕΒΗ ΣΤΗ ΛΑΡΙΣΑ , ΑΘΗΝΑ ΓΙΑ ΥΠΗΡΕΣΙΑΚΟΥΣ  ΛΟΓΟΥΣ(ΜΕΤΑΦΟΡΕΑ ΥΠΑΛΛΗΛΟΥ ΓΙΑ ΔΙΕΝΕΡΓΕΙΑ ΔΙΟΙΚΗΤΙΚΗΣ  ΕΞΕΤΑΣΗΣ,ΠΑΡΑΛΑΒΗ ΦΑΡΜΑΚΩΝ,ΑΥΤΟΨΙΑ  ΣΕ ΑΚΙΝΗΤΑ ΤΟΥ ΓΝΒ 7/3/2025,11/4/2025,29/5/2025,2/7/2025",999501452,ΓΕΝΙΚΟ ΝΟΣΟΚΟΜΕΙΟ ΒΟΛΟΥ,70.00,self-referential (payroll/EFKA/FMY remittance)
ΨΓ6Φ4690ΒΩ-7ΝΒ,2025-08-25,"ΗΜΕΡΗΣΙΑ ΑΠΟΖΗΜΙΩΣΗ ΟΔΟΙΠΟΡΙΚΑ ΕΞΟΔΑ  ΥΠΑΛΛΗΛΟΥ ΤΟΥ ΓΝΒ ΠΟΥ ΜΕΤΕΒΗ ΣΤΟ Π.Γ.Ν.ΛΑΡΙΣΑΣ ΩΣ ΣΥΝΤΟΝΙΣΤΡΙΑ ΕΚΠΑΙΔΕΥΣΗΣ ΤΗΣ ΕΙΔΙΚΟΤΗΤΑΣ  ΄΄ΕΠΙΓΟΥΣΑΣ ΚΑΙ ΕΝΤΑΤΙΚΗΣ ΝΟΣΗΛΕΥΤΙΚΗΣ΄΄ , ΔΙΕΝΕΡΓΕΙΑ ΤΩΝ ΓΡΑΠΤΩΝ-ΠΡΟΦΟΡΙΚΩΝ ΕΞΕΤΑΣΕΩΝ  ΤΗΣ ΝΟΣΗΛΕΥΤΙΚΗΣ  ΕΙΔΙΚΟΤΗΤΑΣ",999501452,ΓΕΝΙΚΟ ΝΟΣΟΚΟΜΕΙΟ ΒΟΛΟΥ,34.80,self-referential (payroll/EFKA/FMY remittance)
ΨΓ6Φ4690ΒΩ-7ΝΒ,2025-08-25,"ΗΜΕΡΗΣΙΑ ΑΠΟΖΗΜΙΩΣΗ ΟΔΟΙΠΟΡΙΚΑ ΕΞΟΔΑ  ΥΠΑΛΛΗΛΟΥ ΤΟΥ ΓΝΒ ΠΟΥ ΜΕΤΕΒΗ ΣΤΟ Π.Γ.Ν.ΛΑΡΙΣΑΣ ΩΣ ΣΥΝΤΟΝΙΣΤΡΙΑ ΕΚΠΑΙΔΕΥΣΗΣ ΤΗΣ ΕΙΔΙΚΟΤΗΤΑΣ  ΄΄ΕΠΙΓΟΥΣΑΣ ΚΑΙ ΕΝΤΑΤΙΚΗΣ ΝΟΣΗΛΕΥΤΙΚΗΣ΄΄ , ΔΙΕΝΕΡΓΕΙΑ ΤΩΝ ΓΡΑΠΤΩΝ-ΠΡΟΦΟΡΙΚΩΝ ΕΞΕΤΑΣΕΩΝ  ΤΗΣ ΝΟΣΗΛΕΥΤΙΚΗΣ  ΕΙΔΙΚΟΤΗΤΑΣ",999501452,ΓΕΝΙΚΟ ΝΟΣΟΚΟΜΕΙΟ ΒΟΛΟΥ,30.00,self-referential (payroll/EFKA/FMY remittance)
9ΛΠ04690ΒΩ-8ΕΑ,2025-08-25,ΗΜΕΡΗΣΙΑ ΑΠΟΖΗΜΙΩΣΗ ΥΠΑΛΛΗΛΟΥ ΤΟΥ ΓΝΒ ΠΟΥ ΜΕΤΑΒΗΣ ΤΗΝ ΑΘΗΝΑ (ΠΑΛΑΙΟ ΨΥΧΙΚΟ ΚΟΛΩΝΑΚΙ) ΓΙΑ ΑΥΤΟΨΙΑ ΣΕ ΑΚΙΝΗΤΑ ΤΟΥ ΓΝΒ  29/5/2025,999501452,ΓΕΝΙΚΟ ΝΟΣΟΚΟΜΕΙΟ ΒΟΛΟΥ,20.00,self-referential (payroll/EFKA/FMY remittance)
6Η334690ΒΩ-Φ0Φ,2025-08-25,ΗΜΕΡΗΣΙΑ ΑΠΟΖΗΜΙΩΣΗ ΓΙΑ ΠΡΟΓΡΑΜΜΑΤΙΣΜΕΝΕΣ ΜΕΤΑΚΙΝΗΣΕΙΣ ΤΗΣ ΚΙΝΗΤΗΣ ΜΟΝΑΔΑΣ ΑΙΜΟΔΟΣΙΑΣ ΓΙΑ ΑΙΜΟΛΗΨΙΕΣ ΣΤΙΣ ΣΠΟΡΑΔΕΣ (ΣΚΙΑΘΟ) 28/7/2025 ΕΩΣ 30/7/2025,999501452,ΓΕΝΙΚΟ ΝΟΣΟΚΟΜΕΙΟ ΒΟΛΟΥ,360.00,self-referential (payroll/EFKA/FMY remittance)
6ΞΩΣ4690ΒΩ-Ζ7Ψ,2025-08-07,ΠΡΟΜΗΘΕΙΑ ΧΗΜΙΚΟΥ ΥΛΙΚΟΥ ΝΟΣΟΚΟΜΕΙΟΥ ΓΙΑ ΤΟΥΣ ΜΗΝΕΣ ΜΑΡΤΙΟ 2024 ΙΟΥΛΙΟ 2025 ΜΕ ΣΥΜΒΑΣΗ (ΣΥΜΒ.94/24) ΜΕ ΤΙΣ ΔΙΑΤΑΞΕΙΣ ΤΟΥ Ν.5216/2025 αρθ.44 (ΦΕΚ 118/ τ.Α΄/07/07/2025),094027257,"ΑΜΠΟΤ ΛΑΜΠΟΡΑΤΟΡΙΣ (ΕΛΛΑΣ), ΒΙΟΜΗΧΑΝΙΚΗ ΚΑΙ ΕΜΠΟΡΙΚΗ ΑΝΩΝΥΜΗ ΕΤΑΙΡΕΙΑ",-7.00,negative amount
9ΘΥΒ4690ΒΩ-ΒΤΨ,2025-08-07,"ΕΙΣΦΟΡΕΣ ΥΠΕΡ ΕΦΚΑ ΤΟΥ ΔΙΕΚ (80,43) , ΙΕΚ (22,98)  ΜΗΝΟΣ  ΙΟΥΛΙΟΥ 2025",999501452,ΓΕΝΙΚΟ ΝΟΣΟΚΟΜΕΙΟ ΒΟΛΟΥ,103.41,self-referential (payroll/EFKA/FMY remittance)
6ΜΑΝ4690ΒΩ-ΑΧ7,2025-08-07,ΑΜΟΙΒΗ ΛΟΙΠΟΥ ΠΡΟΣΩΠΙΚΟΥ ΠΟΥ ΕΡΓΑΣΤΗΚΑΝ ΣΤΑ ΟΛΟΗΜΕΡΑ ΙΑΤΡΕΙΑ ΤΟΝ ΜΗΝΑ ΜΑΪΟ 2025,999501452,ΓΕΝΙΚΟ ΝΟΣΟΚΟΜΕΙΟ ΒΟΛΟΥ,2090.00,self-referential (payroll/EFKA/FMY remittance)
68ΖΞ4690ΒΩ-Τ7Ω,2025-08-07,ΑΜΟΙΒΗ ΙΑΤΡΙΚΟΥ ΠΡΟΣΩΠΙΚΟΥ ΠΟΥ ΕΡΓΑΣΤΗΚΑΝ ΣΤΑ ΟΛΟΗΜΕΡΑ ΙΑΤΡΕΙΑ ΤΟΝ ΜΗΝΑ  ΜΑΪΟ 2025,999501452,ΓΕΝΙΚΟ ΝΟΣΟΚΟΜΕΙΟ ΒΟΛΟΥ,2193.60,self-referential (payroll/EFKA/FMY remittance)
6ΝΚΑ4690ΒΩ-6ΣΑ,2025-08-07,ΕΦΗΜΕΡΙΕΣ (ΥΠΕΡΒΑΛΛΟΥΣΕΣ) ΙΑΤΡΙΚΟΥ ΕΠΙΚΟΥΡΙΚΟΥ ΠΡΟΣΩΠΙΚΟΥ ΜΕ ΣΧΕΣΗ ΕΡΓΑΣΙΑΣ ΙΔΟΧ ΜΗΝΟΣ  ΜΑΡΤΙΟΥ 2025 «ΕΝΙΣΧΥΣΗ ΤΩΝ ΦΟΡΕΩΝ ΥΓΕΙΑΣ ΜΕ ΕΠΙΚΟΥΡΙΚΟ ΠΡΟΣΩΠΙΚΟ ΓΙΑ ΤΗΝ ΑΝΤΑΠΟΚΡΙΣΗ ΣΤΙΣ ΑΝΑΓΚΕΣ ΛΟΓΩ ΤΗΣ ΕΠΙΔΗΜΙΑΣ COVID-19 ΣΤΗΝ ΠΕΡΙΦΕΡΕΙΑ ΘΕΣΣΑΛΙΑΣ» ΜΕ ΚΩΔΙΚΟ ΟΠΣ 5070510 ΣΤΟ ΕΠΙΧΕΙΡΗΣΙΑΚΟ ΠΡΟΓΡΑΜΜΑ «ΠΕΡΙΦΕΡΕΙΑΚΟ ΕΠΙΧΕΙΡΗΣΙΑΚΟ ΠΡΟΓΡΑΜΜΑ ΘΕΣΣΑΛΙΑΣ 2014 ΜΕ ΠΑΡΑΤΑΣΗ ΣΥΜΒΑΣΕΩΝ  ΕΩΣ 31/12/2024 ΣΥΜΦΩΝΑ ΜΕ ΤΙΣ ΔΙΑΤΑΞΕΙΣ  ΤΟΥ Ν.5079/2023 (ΦΕΚ 215/22-12-2023/τ.Α΄) ΑΡΘΡΟ 70 ΠΑΡ.,999501452,ΓΕΝΙΚΟ ΝΟΣΟΚΟΜΕΙΟ ΒΟΛΟΥ,682.23,self-referential (payroll/EFKA/FMY remittance)
9ΚΓΩ4690ΒΩ-ΠΓΤ,2025-08-07,ΕΦΗΜΕΡΙΕΣ (ΥΠΕΡΒΑΛΛΟΥΣΕΣ) ΙΑΤΡΙΚΟΥ ΠΡΟΣΩΠΙΚΟΥ ΜΗΝΟΣ  ΜΑΡΤΙΟΥ 2025,999501452,ΓΕΝΙΚΟ ΝΟΣΟΚΟΜΕΙΟ ΒΟΛΟΥ,36498.85,self-referential (payroll/EFKA/FMY remittance)
ΨΟΙΟ4690ΒΩ-03Α,2025-08-07,ΚΑΤΑΒΟΛΗ ΑΠΟΖΗΜΙΩΣΗΣ ΣΕ ΜΕΤΑΛΥΚΕΙΑΚΟΥΣ ΣΠΟΥΔΑΣΤΕΣ ΓΙΑ ΤΟΝ ΜΗΝΑ  ΑΠΡΙΛΙΟ 2025,999501452,ΓΕΝΙΚΟ ΝΟΣΟΚΟΜΕΙΟ ΒΟΛΟΥ,101.18,self-referential (payroll/EFKA/FMY remittance)
ΨΟΙΟ4690ΒΩ-03Α,2025-08-07,ΚΑΤΑΒΟΛΗ ΑΠΟΖΗΜΙΩΣΗΣ ΣΕ ΜΕΤΑΛΥΚΕΙΑΚΟΥΣ ΣΠΟΥΔΑΣΤΕΣ ΓΙΑ ΤΟΝ ΜΗΝΑ  ΑΠΡΙΛΙΟ 2025,999501452,ΓΕΝΙΚΟ ΝΟΣΟΚΟΜΕΙΟ ΒΟΛΟΥ,768.45,self-referential (payroll/EFKA/FMY remittance)
Ψ2404690ΒΩ-ΛΟΗ,2025-08-07,ΚΑΤΑΒΟΛΗ ΑΠΟΔΟΧΩΝ ΜΗΝΟΣ ΙΟΥΛΙΟΥ 2025  ΣΕ ΠΡΟΣΩΠΙΚΟ ΠΟΥ ΥΠΗΡΕΤΕΙ ΜΕΣΩ ΠΡΟΓΡΑΜΜΑΤΟΣ ΟΑΕΔ ΗΛΙΚΙΑΣ 55-67 ΣΥΜΦΩΝΑ ΜΕ ΤΗΝ 1η ΤΡΟΠΟΠΟΙΗΣΗ ΤΗΣ ΔΗΜΟΣΙΑΣ ΠΡΟΣΚΛΗΣΗΣ Νο 11/2017 ΤΟΥ ΟΑΕΔ,999501452,ΓΕΝΙΚΟ ΝΟΣΟΚΟΜΕΙΟ ΒΟΛΟΥ,36885.80,self-referential (payroll/EFKA/FMY remittance)
Ψ2404690ΒΩ-ΛΟΗ,2025-08-07,ΚΑΤΑΒΟΛΗ ΑΠΟΔΟΧΩΝ ΜΗΝΟΣ ΙΟΥΛΙΟΥ 2025  ΣΕ ΠΡΟΣΩΠΙΚΟ ΠΟΥ ΥΠΗΡΕΤΕΙ ΜΕΣΩ ΠΡΟΓΡΑΜΜΑΤΟΣ ΟΑΕΔ ΗΛΙΚΙΑΣ 55-67 ΣΥΜΦΩΝΑ ΜΕ ΤΗΝ 1η ΤΡΟΠΟΠΟΙΗΣΗ ΤΗΣ ΔΗΜΟΣΙΑΣ ΠΡΟΣΚΛΗΣΗΣ Νο 11/2017 ΤΟΥ ΟΑΕΔ,999501452,ΓΕΝΙΚΟ ΝΟΣΟΚΟΜΕΙΟ ΒΟΛΟΥ,640.00,self-referential (payroll/EFKA/FMY remittance)
Ψ2404690ΒΩ-ΛΟΗ,2025-08-07,ΚΑΤΑΒΟΛΗ ΑΠΟΔΟΧΩΝ ΜΗΝΟΣ ΙΟΥΛΙΟΥ 2025  ΣΕ ΠΡΟΣΩΠΙΚΟ ΠΟΥ ΥΠΗΡΕΤΕΙ ΜΕΣΩ ΠΡΟΓΡΑΜΜΑΤΟΣ ΟΑΕΔ ΗΛΙΚΙΑΣ 55-67 ΣΥΜΦΩΝΑ ΜΕ ΤΗΝ 1η ΤΡΟΠΟΠΟΙΗΣΗ ΤΗΣ ΔΗΜΟΣΙΑΣ ΠΡΟΣΚΛΗΣΗΣ Νο 11/2017 ΤΟΥ ΟΑΕΔ,999501452,ΓΕΝΙΚΟ ΝΟΣΟΚΟΜΕΙΟ ΒΟΛΟΥ,3743.33,self-referential (payroll/EFKA/FMY remittance)
Ψ2404690ΒΩ-ΛΟΗ,2025-08-07,ΚΑΤΑΒΟΛΗ ΑΠΟΔΟΧΩΝ ΜΗΝΟΣ ΙΟΥΛΙΟΥ 2025  ΣΕ ΠΡΟΣΩΠΙΚΟ ΠΟΥ ΥΠΗΡΕΤΕΙ ΜΕΣΩ ΠΡΟΓΡΑΜΜΑΤΟΣ ΟΑΕΔ ΗΛΙΚΙΑΣ 55-67 ΣΥΜΦΩΝΑ ΜΕ ΤΗΝ 1η ΤΡΟΠΟΠΟΙΗΣΗ ΤΗΣ ΔΗΜΟΣΙΑΣ ΠΡΟΣΚΛΗΣΗΣ Νο 11/2017 ΤΟΥ ΟΑΕΔ,999501452,ΓΕΝΙΚΟ ΝΟΣΟΚΟΜΕΙΟ ΒΟΛΟΥ,9496.18,self-referential (payroll/EFKA/FMY remittance)
ΡΚΜ84690ΒΩ-1ΒΦ,2025-08-06,": ΠΡΟΜΗΘΕΙΑ ΦΑΡΜΑΚΕΥΤΙΚΟΥ ΥΛΙΚΟΥ ΝΟΣΟΚΟΜΕΙΟΥ ΓΙΑ ΤΟΥΣ ΜΗΝΕΣ  ΑΠΡΙΛΙΟ, ΜΑΪΟ, ΙΟΥΝΙΟ, ΙΟΥΛΙΟ, ΑΥΓΟΥΣΤΟ , ΔΕΚΕΜΒΡΙΟ 2024 &  ΜΑΪΟ 2025 (ΓΔΟΥ/οικ.59434/31-7-2018) ΠΡΟΣΘΕΤΟ REBATE Α' (12,71) & Β΄ (11,42) ΕΞΑΜΗΝΟΥ 2023 THΣ ΠΑΡ.3 TOY AΡΘΡΟ 35 TOY N. 3918/2011) & ΣΥΜΦΩΝΑ ΜΕ ΤΙΣ ΔΙΑΤΑΞΕΙΣ ΤΟΥ Ν.5216/2025 αρθ.44  (ΦΕΚ 118/ τ.Α΄/07/07/2025)",094071809,GLAXOSMITHKLINE ΜΟΝΟΠΡΟΣΩΠΗ ΑΝΩΝΥΜΗ ΕΜΠΟΡΙΚΗ ΚΑΙ ΒΙΟΜΗΧΑΝΙΚΗ ΕΤΑΙΡΕΙΑ ΦΑΡΜΑΚΕΥΤΙΚΩΝ ΠΡΟΙΟΝΤΩΝ,-21.89,negative amount
ΡΕΚ54690ΒΩ-ΡΟΟ,2025-08-06,ΚΑΤΑΒΟΛΗ ΑΠΟΔΟΧΩΝ ΜΗΝΟΣ ΙΟΥΛΙΟΥ 2025 ΕΠΙΚΟΥΡΙΚΟΥ ΠΡΟΣΩΠΙΚΟΥ ΜΕ ΑΤΟΜΙΚΕΣ ΣΥΜΒΑΣΕΙΣ ΣΤΟ ΤΜΗΜΑ ΙΜΑΤΙΣΜΟΥ - ΕΣΤΙΑΣΗ ΜΕ ΠΑΡΑΤΑΣΗ ΣΥΜΒΑΣΕΩΝ  ΕΩΣ 31/3/2025 ΣΥΜΦΩΝΑ ΜΕ ΤΙΣ ΔΙΑΤΑΞΕΙΣ  ΤΟΥ Ν.5161/2024 (ΦΕΚ  196/29-11-2024/τ.Α΄) ΑΡΘΡΟ 27 ΠΑΡ. 1,999501452,ΓΕΝΙΚΟ ΝΟΣΟΚΟΜΕΙΟ ΒΟΛΟΥ,3692.00,self-referential (payroll/EFKA/FMY remittance)
ΡΕΚ54690ΒΩ-ΡΟΟ,2025-08-06,ΚΑΤΑΒΟΛΗ ΑΠΟΔΟΧΩΝ ΜΗΝΟΣ ΙΟΥΛΙΟΥ 2025 ΕΠΙΚΟΥΡΙΚΟΥ ΠΡΟΣΩΠΙΚΟΥ ΜΕ ΑΤΟΜΙΚΕΣ ΣΥΜΒΑΣΕΙΣ ΣΤΟ ΤΜΗΜΑ ΙΜΑΤΙΣΜΟΥ - ΕΣΤΙΑΣΗ ΜΕ ΠΑΡΑΤΑΣΗ ΣΥΜΒΑΣΕΩΝ  ΕΩΣ 31/3/2025 ΣΥΜΦΩΝΑ ΜΕ ΤΙΣ ΔΙΑΤΑΞΕΙΣ  ΤΟΥ Ν.5161/2024 (ΦΕΚ  196/29-11-2024/τ.Α΄) ΑΡΘΡΟ 27 ΠΑΡ. 1,999501452,ΓΕΝΙΚΟ ΝΟΣΟΚΟΜΕΙΟ ΒΟΛΟΥ,340.00,self-referential (payroll/EFKA/FMY remittance)
ΡΕΚ54690ΒΩ-ΡΟΟ,2025-08-06,ΚΑΤΑΒΟΛΗ ΑΠΟΔΟΧΩΝ ΜΗΝΟΣ ΙΟΥΛΙΟΥ 2025 ΕΠΙΚΟΥΡΙΚΟΥ ΠΡΟΣΩΠΙΚΟΥ ΜΕ ΑΤΟΜΙΚΕΣ ΣΥΜΒΑΣΕΙΣ ΣΤΟ ΤΜΗΜΑ ΙΜΑΤΙΣΜΟΥ - ΕΣΤΙΑΣΗ ΜΕ ΠΑΡΑΤΑΣΗ ΣΥΜΒΑΣΕΩΝ  ΕΩΣ 31/3/2025 ΣΥΜΦΩΝΑ ΜΕ ΤΙΣ ΔΙΑΤΑΞΕΙΣ  ΤΟΥ Ν.5161/2024 (ΦΕΚ  196/29-11-2024/τ.Α΄) ΑΡΘΡΟ 27 ΠΑΡ. 1,999501452,ΓΕΝΙΚΟ ΝΟΣΟΚΟΜΕΙΟ ΒΟΛΟΥ,210.00,self-referential (payroll/EFKA/FMY remittance)
ΡΕΚ54690ΒΩ-ΡΟΟ,2025-08-06,ΚΑΤΑΒΟΛΗ ΑΠΟΔΟΧΩΝ ΜΗΝΟΣ ΙΟΥΛΙΟΥ 2025 ΕΠΙΚΟΥΡΙΚΟΥ ΠΡΟΣΩΠΙΚΟΥ ΜΕ ΑΤΟΜΙΚΕΣ ΣΥΜΒΑΣΕΙΣ ΣΤΟ ΤΜΗΜΑ ΙΜΑΤΙΣΜΟΥ - ΕΣΤΙΑΣΗ ΜΕ ΠΑΡΑΤΑΣΗ ΣΥΜΒΑΣΕΩΝ  ΕΩΣ 31/3/2025 ΣΥΜΦΩΝΑ ΜΕ ΤΙΣ ΔΙΑΤΑΞΕΙΣ  ΤΟΥ Ν.5161/2024 (ΦΕΚ  196/29-11-2024/τ.Α΄) ΑΡΘΡΟ 27 ΠΑΡ. 1,999501452,ΓΕΝΙΚΟ ΝΟΣΟΚΟΜΕΙΟ ΒΟΛΟΥ,1015.53,self-referential (payroll/EFKA/FMY remittance)
ΡΙΞΥ4690ΒΩ-ΠΦΓ,2025-08-06,ΚΑΤΑΒΟΛΗ ΑΠΟΔΟΧΩΝ ΙΑΤΡΙΚΟΥ ΕΠΙΚΟΥΡΙΚΟΥ ΠΡΟΣΩΠΙΚΟΥ ΜΕ ΣΧΕΣΗ ΕΡΓΑΣΙΑΣ ΙΔΟΧ ΜΗΝΟΣ ΙΟΥΛΙΟΥ 2025 «ΕΝΙΣΧΥΣΗ ΤΩΝ ΦΟΡΕΩΝ ΥΓΕΙΑΣ ΜΕ ΕΠΙΚΟΥΡΙΚΟ ΠΡΟΣΩΠΙΚΟ ΓΙΑ ΤΗΝ ΑΝΤΑΠΟΚΡΙΣΗ ΣΤΙΣ ΑΝΑΓΚΕΣ ΛΟΓΩ ΤΗΣ ΕΠΙΔΗΜΙΑΣ COVID-19 ΣΤΗΝ ΠΕΡΙΦΕΡΕΙΑ ΘΕΣΣΑΛΙΑΣ» ΜΕ ΚΩΔΙΚΟ ΟΠΣ 5070510 ΣΤΟ ΕΠΙΧΕΙΡΗΣΙΑΚΟ ΠΡΟΓΡΑΜΜΑ «ΠΕΡΙΦΕΡΕΙΑΚΟ ΕΠΙΧΕΙΡΗΣΙΑΚΟ ΠΡΟΓΡΑΜΜΑ ΘΕΣΣΑΛΙΑΣ 2014  ΜΕ ΠΑΡΑΤΑΣΗ ΣΥΜΒΑΣΕΩΝ  ΕΩΣ 31/12/2025 ΣΥΜΦΩΝΑ ΜΕ ΤΙΣ ΔΙΑΤΑΞΕΙΣ  ΤΟΥ Ν.5161/2024 (ΦΕΚ  196/29-11-2024/τ.Α΄) ΑΡΘΡΟ 27 ΠΑΡ. 2,999501452,ΓΕΝΙΚΟ ΝΟΣΟΚΟΜΕΙΟ ΒΟΛΟΥ,51361.40,self-referential (payroll/EFKA/FMY remittance)
ΡΙΞΥ4690ΒΩ-ΠΦΓ,2025-08-06,ΚΑΤΑΒΟΛΗ ΑΠΟΔΟΧΩΝ ΙΑΤΡΙΚΟΥ ΕΠΙΚΟΥΡΙΚΟΥ ΠΡΟΣΩΠΙΚΟΥ ΜΕ ΣΧΕΣΗ ΕΡΓΑΣΙΑΣ ΙΔΟΧ ΜΗΝΟΣ ΙΟΥΛΙΟΥ 2025 «ΕΝΙΣΧΥΣΗ ΤΩΝ ΦΟΡΕΩΝ ΥΓΕΙΑΣ ΜΕ ΕΠΙΚΟΥΡΙΚΟ ΠΡΟΣΩΠΙΚΟ ΓΙΑ ΤΗΝ ΑΝΤΑΠΟΚΡΙΣΗ ΣΤΙΣ ΑΝΑΓΚΕΣ ΛΟΓΩ ΤΗΣ ΕΠΙΔΗΜΙΑΣ COVID-19 ΣΤΗΝ ΠΕΡΙΦΕΡΕΙΑ ΘΕΣΣΑΛΙΑΣ» ΜΕ ΚΩΔΙΚΟ ΟΠΣ 5070510 ΣΤΟ ΕΠΙΧΕΙΡΗΣΙΑΚΟ ΠΡΟΓΡΑΜΜΑ «ΠΕΡΙΦΕΡΕΙΑΚΟ ΕΠΙΧΕΙΡΗΣΙΑΚΟ ΠΡΟΓΡΑΜΜΑ ΘΕΣΣΑΛΙΑΣ 2014  ΜΕ ΠΑΡΑΤΑΣΗ ΣΥΜΒΑΣΕΩΝ  ΕΩΣ 31/12/2025 ΣΥΜΦΩΝΑ ΜΕ ΤΙΣ ΔΙΑΤΑΞΕΙΣ  ΤΟΥ Ν.5161/2024 (ΦΕΚ  196/29-11-2024/τ.Α΄) ΑΡΘΡΟ 27 ΠΑΡ. 2,999501452,ΓΕΝΙΚΟ ΝΟΣΟΚΟΜΕΙΟ ΒΟΛΟΥ,1560.00,self-referential (payroll/EFKA/FMY remittance)
ΡΙΞΥ4690ΒΩ-ΠΦΓ,2025-08-06,ΚΑΤΑΒΟΛΗ ΑΠΟΔΟΧΩΝ ΙΑΤΡΙΚΟΥ ΕΠΙΚΟΥΡΙΚΟΥ ΠΡΟΣΩΠΙΚΟΥ ΜΕ ΣΧΕΣΗ ΕΡΓΑΣΙΑΣ ΙΔΟΧ ΜΗΝΟΣ ΙΟΥΛΙΟΥ 2025 «ΕΝΙΣΧΥΣΗ ΤΩΝ ΦΟΡΕΩΝ ΥΓΕΙΑΣ ΜΕ ΕΠΙΚΟΥΡΙΚΟ ΠΡΟΣΩΠΙΚΟ ΓΙΑ ΤΗΝ ΑΝΤΑΠΟΚΡΙΣΗ ΣΤΙΣ ΑΝΑΓΚΕΣ ΛΟΓΩ ΤΗΣ ΕΠΙΔΗΜΙΑΣ COVID-19 ΣΤΗΝ ΠΕΡΙΦΕΡΕΙΑ ΘΕΣΣΑΛΙΑΣ» ΜΕ ΚΩΔΙΚΟ ΟΠΣ 5070510 ΣΤΟ ΕΠΙΧΕΙΡΗΣΙΑΚΟ ΠΡΟΓΡΑΜΜΑ «ΠΕΡΙΦΕΡΕΙΑΚΟ ΕΠΙΧΕΙΡΗΣΙΑΚΟ ΠΡΟΓΡΑΜΜΑ ΘΕΣΣΑΛΙΑΣ 2014  ΜΕ ΠΑΡΑΤΑΣΗ ΣΥΜΒΑΣΕΩΝ  ΕΩΣ 31/12/2025 ΣΥΜΦΩΝΑ ΜΕ ΤΙΣ ΔΙΑΤΑΞΕΙΣ  ΤΟΥ Ν.5161/2024 (ΦΕΚ  196/29-11-2024/τ.Α΄) ΑΡΘΡΟ 27 ΠΑΡ. 2,999501452,ΓΕΝΙΚΟ ΝΟΣΟΚΟΜΕΙΟ ΒΟΛΟΥ,8469.17,self-referential (payroll/EFKA/FMY remittance)
ΡΙΞΥ4690ΒΩ-ΠΦΓ,2025-08-06,ΚΑΤΑΒΟΛΗ ΑΠΟΔΟΧΩΝ ΙΑΤΡΙΚΟΥ ΕΠΙΚΟΥΡΙΚΟΥ ΠΡΟΣΩΠΙΚΟΥ ΜΕ ΣΧΕΣΗ ΕΡΓΑΣΙΑΣ ΙΔΟΧ ΜΗΝΟΣ ΙΟΥΛΙΟΥ 2025 «ΕΝΙΣΧΥΣΗ ΤΩΝ ΦΟΡΕΩΝ ΥΓΕΙΑΣ ΜΕ ΕΠΙΚΟΥΡΙΚΟ ΠΡΟΣΩΠΙΚΟ ΓΙΑ ΤΗΝ ΑΝΤΑΠΟΚΡΙΣΗ ΣΤΙΣ ΑΝΑΓΚΕΣ ΛΟΓΩ ΤΗΣ ΕΠΙΔΗΜΙΑΣ COVID-19 ΣΤΗΝ ΠΕΡΙΦΕΡΕΙΑ ΘΕΣΣΑΛΙΑΣ» ΜΕ ΚΩΔΙΚΟ ΟΠΣ 5070510 ΣΤΟ ΕΠΙΧΕΙΡΗΣΙΑΚΟ ΠΡΟΓΡΑΜΜΑ «ΠΕΡΙΦΕΡΕΙΑΚΟ ΕΠΙΧΕΙΡΗΣΙΑΚΟ ΠΡΟΓΡΑΜΜΑ ΘΕΣΣΑΛΙΑΣ 2014  ΜΕ ΠΑΡΑΤΑΣΗ ΣΥΜΒΑΣΕΩΝ  ΕΩΣ 31/12/2025 ΣΥΜΦΩΝΑ ΜΕ ΤΙΣ ΔΙΑΤΑΞΕΙΣ  ΤΟΥ Ν.5161/2024 (ΦΕΚ  196/29-11-2024/τ.Α΄) ΑΡΘΡΟ 27 ΠΑΡ. 2,999501452,ΓΕΝΙΚΟ ΝΟΣΟΚΟΜΕΙΟ ΒΟΛΟΥ,14565.29,self-referential (payroll/EFKA/FMY remittance)
9Ζ3Ρ4690ΒΩ-ΘΒ3,2025-08-06,ΚΑΤΑΒΟΛΗ ΑΠΟΔΟΧΩΝ ΙΑΤΡΙΚΟΥ ΕΠΙΚΟΥΡΙΚΟΥ ΠΡΟΣΩΠΙΚΟΥ ΜΕ ΣΧΕΣΗ ΕΡΓΑΣΙΑΣ ΙΔΟΧ ΜΗΝΟΣ ΙΟΥΛΙΟΥ 2025 «ΕΝΙΣΧΥΣΗ ΤΩΝ ΦΟΡΕΩΝ ΥΓΕΙΑΣ ΜΕ ΕΠΙΚΟΥΡΙΚΟ ΠΡΟΣΩΠΙΚΟ ΓΙΑ ΤΗΝ ΑΝΤΑΠΟΚΡΙΣΗ ΣΤΙΣ ΑΝΑΓΚΕΣ ΛΟΓΩ ΤΗΣ ΕΠΙΔΗΜΙΑΣ COVID-19 ΣΤΗΝ ΠΕΡΙΦΕΡΕΙΑ ΘΕΣΣΑΛΙΑΣ» ΜΕ ΚΩΔΙΚΟ ΟΠΣ 5070510 ΣΤΟ ΕΠΙΧΕΙΡΗΣΙΑΚΟ ΠΡΟΓΡΑΜΜΑ «ΠΕΡΙΦΕΡΕΙΑΚΟ ΕΠΙΧΕΙΡΗΣΙΑΚΟ ΠΡΟΓΡΑΜΜΑ ΘΕΣΣΑΛΙΑΣ 2014  ΜΕ ΠΑΡΑΤΑΣΗ ΣΥΜΒΑΣΕΩΝ  ΕΩΣ 31/12/2025 ΣΥΜΦΩΝΑ ΜΕ ΤΙΣ ΔΙΑΤΑΞΕΙΣ  ΤΟΥ Ν.5161/2024 (ΦΕΚ  196/29-11-2024/τ.Α΄) ΑΡΘΡΟ 27 ΠΑΡ. 2,999501452,ΓΕΝΙΚΟ ΝΟΣΟΚΟΜΕΙΟ ΒΟΛΟΥ,4086.00,self-referential (payroll/EFKA/FMY remittance)
9Ζ3Ρ4690ΒΩ-ΘΒ3,2025-08-06,ΚΑΤΑΒΟΛΗ ΑΠΟΔΟΧΩΝ ΙΑΤΡΙΚΟΥ ΕΠΙΚΟΥΡΙΚΟΥ ΠΡΟΣΩΠΙΚΟΥ ΜΕ ΣΧΕΣΗ ΕΡΓΑΣΙΑΣ ΙΔΟΧ ΜΗΝΟΣ ΙΟΥΛΙΟΥ 2025 «ΕΝΙΣΧΥΣΗ ΤΩΝ ΦΟΡΕΩΝ ΥΓΕΙΑΣ ΜΕ ΕΠΙΚΟΥΡΙΚΟ ΠΡΟΣΩΠΙΚΟ ΓΙΑ ΤΗΝ ΑΝΤΑΠΟΚΡΙΣΗ ΣΤΙΣ ΑΝΑΓΚΕΣ ΛΟΓΩ ΤΗΣ ΕΠΙΔΗΜΙΑΣ COVID-19 ΣΤΗΝ ΠΕΡΙΦΕΡΕΙΑ ΘΕΣΣΑΛΙΑΣ» ΜΕ ΚΩΔΙΚΟ ΟΠΣ 5070510 ΣΤΟ ΕΠΙΧΕΙΡΗΣΙΑΚΟ ΠΡΟΓΡΑΜΜΑ «ΠΕΡΙΦΕΡΕΙΑΚΟ ΕΠΙΧΕΙΡΗΣΙΑΚΟ ΠΡΟΓΡΑΜΜΑ ΘΕΣΣΑΛΙΑΣ 2014  ΜΕ ΠΑΡΑΤΑΣΗ ΣΥΜΒΑΣΕΩΝ  ΕΩΣ 31/12/2025 ΣΥΜΦΩΝΑ ΜΕ ΤΙΣ ΔΙΑΤΑΞΕΙΣ  ΤΟΥ Ν.5161/2024 (ΦΕΚ  196/29-11-2024/τ.Α΄) ΑΡΘΡΟ 27 ΠΑΡ. 2,999501452,ΓΕΝΙΚΟ ΝΟΣΟΚΟΜΕΙΟ ΒΟΛΟΥ,70.00,self-referential (payroll/EFKA/FMY remittance)
9Ζ3Ρ4690ΒΩ-ΘΒ3,2025-08-06,ΚΑΤΑΒΟΛΗ ΑΠΟΔΟΧΩΝ ΙΑΤΡΙΚΟΥ ΕΠΙΚΟΥΡΙΚΟΥ ΠΡΟΣΩΠΙΚΟΥ ΜΕ ΣΧΕΣΗ ΕΡΓΑΣΙΑΣ ΙΔΟΧ ΜΗΝΟΣ ΙΟΥΛΙΟΥ 2025 «ΕΝΙΣΧΥΣΗ ΤΩΝ ΦΟΡΕΩΝ ΥΓΕΙΑΣ ΜΕ ΕΠΙΚΟΥΡΙΚΟ ΠΡΟΣΩΠΙΚΟ ΓΙΑ ΤΗΝ ΑΝΤΑΠΟΚΡΙΣΗ ΣΤΙΣ ΑΝΑΓΚΕΣ ΛΟΓΩ ΤΗΣ ΕΠΙΔΗΜΙΑΣ COVID-19 ΣΤΗΝ ΠΕΡΙΦΕΡΕΙΑ ΘΕΣΣΑΛΙΑΣ» ΜΕ ΚΩΔΙΚΟ ΟΠΣ 5070510 ΣΤΟ ΕΠΙΧΕΙΡΗΣΙΑΚΟ ΠΡΟΓΡΑΜΜΑ «ΠΕΡΙΦΕΡΕΙΑΚΟ ΕΠΙΧΕΙΡΗΣΙΑΚΟ ΠΡΟΓΡΑΜΜΑ ΘΕΣΣΑΛΙΑΣ 2014  ΜΕ ΠΑΡΑΤΑΣΗ ΣΥΜΒΑΣΕΩΝ  ΕΩΣ 31/12/2025 ΣΥΜΦΩΝΑ ΜΕ ΤΙΣ ΔΙΑΤΑΞΕΙΣ  ΤΟΥ Ν.5161/2024 (ΦΕΚ  196/29-11-2024/τ.Α΄) ΑΡΘΡΟ 27 ΠΑΡ. 2,999501452,ΓΕΝΙΚΟ ΝΟΣΟΚΟΜΕΙΟ ΒΟΛΟΥ,960.00,self-referential (payroll/EFKA/FMY remittance)
9Ζ3Ρ4690ΒΩ-ΘΒ3,2025-08-06,ΚΑΤΑΒΟΛΗ ΑΠΟΔΟΧΩΝ ΙΑΤΡΙΚΟΥ ΕΠΙΚΟΥΡΙΚΟΥ ΠΡΟΣΩΠΙΚΟΥ ΜΕ ΣΧΕΣΗ ΕΡΓΑΣΙΑΣ ΙΔΟΧ ΜΗΝΟΣ ΙΟΥΛΙΟΥ 2025 «ΕΝΙΣΧΥΣΗ ΤΩΝ ΦΟΡΕΩΝ ΥΓΕΙΑΣ ΜΕ ΕΠΙΚΟΥΡΙΚΟ ΠΡΟΣΩΠΙΚΟ ΓΙΑ ΤΗΝ ΑΝΤΑΠΟΚΡΙΣΗ ΣΤΙΣ ΑΝΑΓΚΕΣ ΛΟΓΩ ΤΗΣ ΕΠΙΔΗΜΙΑΣ COVID-19 ΣΤΗΝ ΠΕΡΙΦΕΡΕΙΑ ΘΕΣΣΑΛΙΑΣ» ΜΕ ΚΩΔΙΚΟ ΟΠΣ 5070510 ΣΤΟ ΕΠΙΧΕΙΡΗΣΙΑΚΟ ΠΡΟΓΡΑΜΜΑ «ΠΕΡΙΦΕΡΕΙΑΚΟ ΕΠΙΧΕΙΡΗΣΙΑΚΟ ΠΡΟΓΡΑΜΜΑ ΘΕΣΣΑΛΙΑΣ 2014  ΜΕ ΠΑΡΑΤΑΣΗ ΣΥΜΒΑΣΕΩΝ  ΕΩΣ 31/12/2025 ΣΥΜΦΩΝΑ ΜΕ ΤΙΣ ΔΙΑΤΑΞΕΙΣ  ΤΟΥ Ν.5161/2024 (ΦΕΚ  196/29-11-2024/τ.Α΄) ΑΡΘΡΟ 27 ΠΑΡ. 2,999501452,ΓΕΝΙΚΟ ΝΟΣΟΚΟΜΕΙΟ ΒΟΛΟΥ,1114.78,self-referential (payroll/EFKA/FMY remittance)
6ΧΦΝ4690ΒΩ-ΗΓ9,2025-08-06,ΚΑΤΑΒΟΛΗ ΑΠΟΔΟΧΩΝ ΜΗΝΟΣ ΙΟΥΛΙΟΥ 2025  ΛΟΙΠΟΥ ΕΠΙΚΟΥΡΙΚΟΥ ΠΡΟΣΩΠΙΚΟΥ ΜΕ ΣΧΕΣΗ ΕΡΓΑΣΙΑΣ ΙΔΟΧ ΣΕ ΕΦΑΡΜΟΓΗ ΤΩΝ ΔΙΑΤΑΞΕΩΝ ΤΟΥ ΑΡΘΡΟΥ 17 ΤΗΣ ΠΝΠ ΦΕΚ 55/1-3-2020 ΄΄ΚΑΤΕΠΕΙΓΟΝΤΑ ΜΕΤΡΑ ΑΝΤΙΜΕΤΩΠΙΣΗΣ ΤΩΝ ΑΡΝΗΤΙΚΩΝ ΣΥΝΕΠΕΙΩΝ ΤΗΣ ΕΜΦΑΝΙΣΗΣ COVID19 ΜΕ ΠΑΡΑΤΑΣΗ ΣΥΜΒΑΣΕΩΝ  ΕΩΣ 31/12/2025 ΣΥΜΦΩΝΑ ΜΕ ΤΙΣ ΔΙΑΤΑΞΕΙΣ ΤΟΥ Ν.5161/2024 (ΦΕΚ  196/29-11-2024/τ.Α΄) ΑΡΘΡΟ 27 ΠΑΡ. 2,999501452,ΓΕΝΙΚΟ ΝΟΣΟΚΟΜΕΙΟ ΒΟΛΟΥ,17905.73,self-referential (payroll/EFKA/FMY remittance)
6ΧΦΝ4690ΒΩ-ΗΓ9,2025-08-06,ΚΑΤΑΒΟΛΗ ΑΠΟΔΟΧΩΝ ΜΗΝΟΣ ΙΟΥΛΙΟΥ 2025  ΛΟΙΠΟΥ ΕΠΙΚΟΥΡΙΚΟΥ ΠΡΟΣΩΠΙΚΟΥ ΜΕ ΣΧΕΣΗ ΕΡΓΑΣΙΑΣ ΙΔΟΧ ΣΕ ΕΦΑΡΜΟΓΗ ΤΩΝ ΔΙΑΤΑΞΕΩΝ ΤΟΥ ΑΡΘΡΟΥ 17 ΤΗΣ ΠΝΠ ΦΕΚ 55/1-3-2020 ΄΄ΚΑΤΕΠΕΙΓΟΝΤΑ ΜΕΤΡΑ ΑΝΤΙΜΕΤΩΠΙΣΗΣ ΤΩΝ ΑΡΝΗΤΙΚΩΝ ΣΥΝΕΠΕΙΩΝ ΤΗΣ ΕΜΦΑΝΙΣΗΣ COVID19 ΜΕ ΠΑΡΑΤΑΣΗ ΣΥΜΒΑΣΕΩΝ  ΕΩΣ 31/12/2025 ΣΥΜΦΩΝΑ ΜΕ ΤΙΣ ΔΙΑΤΑΞΕΙΣ ΤΟΥ Ν.5161/2024 (ΦΕΚ  196/29-11-2024/τ.Α΄) ΑΡΘΡΟ 27 ΠΑΡ. 2,999501452,ΓΕΝΙΚΟ ΝΟΣΟΚΟΜΕΙΟ ΒΟΛΟΥ,1090.00,self-referential (payroll/EFKA/FMY remittance)
6ΧΦΝ4690ΒΩ-ΗΓ9,2025-08-06,ΚΑΤΑΒΟΛΗ ΑΠΟΔΟΧΩΝ ΜΗΝΟΣ ΙΟΥΛΙΟΥ 2025  ΛΟΙΠΟΥ ΕΠΙΚΟΥΡΙΚΟΥ ΠΡΟΣΩΠΙΚΟΥ ΜΕ ΣΧΕΣΗ ΕΡΓΑΣΙΑΣ ΙΔΟΧ ΣΕ ΕΦΑΡΜΟΓΗ ΤΩΝ ΔΙΑΤΑΞΕΩΝ ΤΟΥ ΑΡΘΡΟΥ 17 ΤΗΣ ΠΝΠ ΦΕΚ 55/1-3-2020 ΄΄ΚΑΤΕΠΕΙΓΟΝΤΑ ΜΕΤΡΑ ΑΝΤΙΜΕΤΩΠΙΣΗΣ ΤΩΝ ΑΡΝΗΤΙΚΩΝ ΣΥΝΕΠΕΙΩΝ ΤΗΣ ΕΜΦΑΝΙΣΗΣ COVID19 ΜΕ ΠΑΡΑΤΑΣΗ ΣΥΜΒΑΣΕΩΝ  ΕΩΣ 31/12/2025 ΣΥΜΦΩΝΑ ΜΕ ΤΙΣ ΔΙΑΤΑΞΕΙΣ ΤΟΥ Ν.5161/2024 (ΦΕΚ  196/29-11-2024/τ.Α΄) ΑΡΘΡΟ 27 ΠΑΡ. 2,999501452,ΓΕΝΙΚΟ ΝΟΣΟΚΟΜΕΙΟ ΒΟΛΟΥ,1915.00,self-referential (payroll/EFKA/FMY remittance)
6ΧΦΝ4690ΒΩ-ΗΓ9,2025-08-06,ΚΑΤΑΒΟΛΗ ΑΠΟΔΟΧΩΝ ΜΗΝΟΣ ΙΟΥΛΙΟΥ 2025  ΛΟΙΠΟΥ ΕΠΙΚΟΥΡΙΚΟΥ ΠΡΟΣΩΠΙΚΟΥ ΜΕ ΣΧΕΣΗ ΕΡΓΑΣΙΑΣ ΙΔΟΧ ΣΕ ΕΦΑΡΜΟΓΗ ΤΩΝ ΔΙΑΤΑΞΕΩΝ ΤΟΥ ΑΡΘΡΟΥ 17 ΤΗΣ ΠΝΠ ΦΕΚ 55/1-3-2020 ΄΄ΚΑΤΕΠΕΙΓΟΝΤΑ ΜΕΤΡΑ ΑΝΤΙΜΕΤΩΠΙΣΗΣ ΤΩΝ ΑΡΝΗΤΙΚΩΝ ΣΥΝΕΠΕΙΩΝ ΤΗΣ ΕΜΦΑΝΙΣΗΣ COVID19 ΜΕ ΠΑΡΑΤΑΣΗ ΣΥΜΒΑΣΕΩΝ  ΕΩΣ 31/12/2025 ΣΥΜΦΩΝΑ ΜΕ ΤΙΣ ΔΙΑΤΑΞΕΙΣ ΤΟΥ Ν.5161/2024 (ΦΕΚ  196/29-11-2024/τ.Α΄) ΑΡΘΡΟ 27 ΠΑΡ. 2,999501452,ΓΕΝΙΚΟ ΝΟΣΟΚΟΜΕΙΟ ΒΟΛΟΥ,4827.34,self-referential (payroll/EFKA/FMY remittance)
Ρ2714690ΒΩ-ΕΦ8,2025-08-06,ΚΑΤΑΒΟΛΗ ΑΠΟΔΟΧΩΝ ΛΟΙΠΟΥ ΕΠΙΚΟΥΡΙΚΟΥ ΠΡΟΣΩΠΙΚΟΥ ΜΗΝΟΣ ΙΟΥΛΙΟΥ 2025  ΜΕ ΠΑΡΑΤΑΣΗ ΣΥΜΒΑΣΕΩΝ  ΕΩΣ 31/12/2025 ΣΥΜΦΩΝΑ ΜΕ ΤΙΣ ΔΙΑΤΑΞΕΙΣ  ΤΟΥ Ν.5161/2024 (ΦΕΚ  196/29-11-2024/τ.Α΄) ΑΡΘΡΟ 27 ΠΑΡ. 2,999501452,ΓΕΝΙΚΟ ΝΟΣΟΚΟΜΕΙΟ ΒΟΛΟΥ,2210.00,self-referential (payroll/EFKA/FMY remittance)
Ρ2714690ΒΩ-ΕΦ8,2025-08-06,ΚΑΤΑΒΟΛΗ ΑΠΟΔΟΧΩΝ ΛΟΙΠΟΥ ΕΠΙΚΟΥΡΙΚΟΥ ΠΡΟΣΩΠΙΚΟΥ ΜΗΝΟΣ ΙΟΥΛΙΟΥ 2025  ΜΕ ΠΑΡΑΤΑΣΗ ΣΥΜΒΑΣΕΩΝ  ΕΩΣ 31/12/2025 ΣΥΜΦΩΝΑ ΜΕ ΤΙΣ ΔΙΑΤΑΞΕΙΣ  ΤΟΥ Ν.5161/2024 (ΦΕΚ  196/29-11-2024/τ.Α΄) ΑΡΘΡΟ 27 ΠΑΡ. 2,999501452,ΓΕΝΙΚΟ ΝΟΣΟΚΟΜΕΙΟ ΒΟΛΟΥ,240.00,self-referential (payroll/EFKA/FMY remittance)
Ρ2714690ΒΩ-ΕΦ8,2025-08-06,ΚΑΤΑΒΟΛΗ ΑΠΟΔΟΧΩΝ ΛΟΙΠΟΥ ΕΠΙΚΟΥΡΙΚΟΥ ΠΡΟΣΩΠΙΚΟΥ ΜΗΝΟΣ ΙΟΥΛΙΟΥ 2025  ΜΕ ΠΑΡΑΤΑΣΗ ΣΥΜΒΑΣΕΩΝ  ΕΩΣ 31/12/2025 ΣΥΜΦΩΝΑ ΜΕ ΤΙΣ ΔΙΑΤΑΞΕΙΣ  ΤΟΥ Ν.5161/2024 (ΦΕΚ  196/29-11-2024/τ.Α΄) ΑΡΘΡΟ 27 ΠΑΡ. 2,999501452,ΓΕΝΙΚΟ ΝΟΣΟΚΟΜΕΙΟ ΒΟΛΟΥ,365.00,self-referential (payroll/EFKA/FMY remittance)
Ρ2714690ΒΩ-ΕΦ8,2025-08-06,ΚΑΤΑΒΟΛΗ ΑΠΟΔΟΧΩΝ ΛΟΙΠΟΥ ΕΠΙΚΟΥΡΙΚΟΥ ΠΡΟΣΩΠΙΚΟΥ ΜΗΝΟΣ ΙΟΥΛΙΟΥ 2025  ΜΕ ΠΑΡΑΤΑΣΗ ΣΥΜΒΑΣΕΩΝ  ΕΩΣ 31/12/2025 ΣΥΜΦΩΝΑ ΜΕ ΤΙΣ ΔΙΑΤΑΞΕΙΣ  ΤΟΥ Ν.5161/2024 (ΦΕΚ  196/29-11-2024/τ.Α΄) ΑΡΘΡΟ 27 ΠΑΡ. 2,999501452,ΓΕΝΙΚΟ ΝΟΣΟΚΟΜΕΙΟ ΒΟΛΟΥ,673.91,self-referential (payroll/EFKA/FMY remittance)
ΡΜΒ54690ΒΩ-ΣΑ5,2025-08-06,ΚΑΤΑΒΟΛΗ ΑΠΟΔΟΧΩΝ ΜΗΝΟΣ ΙΟΥΛΙΟΥ 2025 ΙΑΤΡΙΚΟΥ ΕΠΙΚΟΥΡΙΚΟΥ ΠΡΟΣΩΠΙΚΟΥ,999501452,ΓΕΝΙΚΟ ΝΟΣΟΚΟΜΕΙΟ ΒΟΛΟΥ,16902.00,self-referential (payroll/EFKA/FMY remittance)
ΡΜΒ54690ΒΩ-ΣΑ5,2025-08-06,ΚΑΤΑΒΟΛΗ ΑΠΟΔΟΧΩΝ ΜΗΝΟΣ ΙΟΥΛΙΟΥ 2025 ΙΑΤΡΙΚΟΥ ΕΠΙΚΟΥΡΙΚΟΥ ΠΡΟΣΩΠΙΚΟΥ,999501452,ΓΕΝΙΚΟ ΝΟΣΟΚΟΜΕΙΟ ΒΟΛΟΥ,180.00,self-referential (payroll/EFKA/FMY remittance)
ΡΜΒ54690ΒΩ-ΣΑ5,2025-08-06,ΚΑΤΑΒΟΛΗ ΑΠΟΔΟΧΩΝ ΜΗΝΟΣ ΙΟΥΛΙΟΥ 2025 ΙΑΤΡΙΚΟΥ ΕΠΙΚΟΥΡΙΚΟΥ ΠΡΟΣΩΠΙΚΟΥ,999501452,ΓΕΝΙΚΟ ΝΟΣΟΚΟΜΕΙΟ ΒΟΛΟΥ,500.00,self-referential (payroll/EFKA/FMY remittance)
ΡΜΒ54690ΒΩ-ΣΑ5,2025-08-06,ΚΑΤΑΒΟΛΗ ΑΠΟΔΟΧΩΝ ΜΗΝΟΣ ΙΟΥΛΙΟΥ 2025 ΙΑΤΡΙΚΟΥ ΕΠΙΚΟΥΡΙΚΟΥ ΠΡΟΣΩΠΙΚΟΥ,999501452,ΓΕΝΙΚΟ ΝΟΣΟΚΟΜΕΙΟ ΒΟΛΟΥ,3850.00,self-referential (payroll/EFKA/FMY remittance)
ΡΜΒ54690ΒΩ-ΣΑ5,2025-08-06,ΚΑΤΑΒΟΛΗ ΑΠΟΔΟΧΩΝ ΜΗΝΟΣ ΙΟΥΛΙΟΥ 2025 ΙΑΤΡΙΚΟΥ ΕΠΙΚΟΥΡΙΚΟΥ ΠΡΟΣΩΠΙΚΟΥ,999501452,ΓΕΝΙΚΟ ΝΟΣΟΚΟΜΕΙΟ ΒΟΛΟΥ,4670.04,self-referential (payroll/EFKA/FMY remittance)
ΨΔ2Ι4690ΒΩ-6Β1,2025-07-30,ΑΠΟΔΟΣΕΙΣ ΕΣΟΔΩΝ ΠΟΥ ΕΙΣΠΡΑΧΘΗΚΑΝ ΥΠΕΡ ΔΗΜΟΣΙΟΥ (ΦΟΡΟΣ  20%) ΚΑΙ ΛΟΙΠΩΝ ΑΣΦΑΛΙΣΤΙΚΩΝ ΤΑΜΕΙΩΝ ΕΠΙ ΕΞΟΦΛΗΘΕΝΤΩΝ ΧΕ ΜΙΣΘΟΔΟΣΙΑΣ ΤΟΝ ΜΗΝΑ ΙΟΥΛΙΟ 2025 ΜΕΣΩ ΕΑΠ ΑΠΟ ΧΡΗΜΑΤΟΔΟΤΗΣΕΙΣ ΤΟΥ ΠΡΟΓΡΑΜΜΑΤΟΣ ΔΗΜΟΣΙΟΥ ΕΠΕΝΔΥΣΕΩΝ,999501452,ΓΕΝΙΚΟ ΝΟΣΟΚΟΜΕΙΟ ΒΟΛΟΥ,6064.72,self-referential (payroll/EFKA/FMY remittance)
9ΧΓΖ4690ΒΩ-699,2025-07-30,ΑΠΟΔΟΣΗ ΥΠΕΡ ΜΤΠΥ ΚΑΙ ΛΟΙΠΩΝ ΑΣΦΑΛΣΙΤΙΚΩΝ ΤΑΜΕΙΩΝ ΕΠΙ ΕΞΟΦΛΗΘΕΝΤΩΝ ΧΕ ΜΙΣΘΟΔΟΣΙΑΣ ΤΟΝ ΜΗΝΑ ΙΟΥΛΙΟ 2025 ΜΕΣΩ ΕΑΠ,999501452,ΓΕΝΙΚΟ ΝΟΣΟΚΟΜΕΙΟ ΒΟΛΟΥ,3628.73,self-referential (payroll/EFKA/FMY remittance)
9ΧΓΖ4690ΒΩ-699,2025-07-30,ΑΠΟΔΟΣΗ ΥΠΕΡ ΜΤΠΥ ΚΑΙ ΛΟΙΠΩΝ ΑΣΦΑΛΣΙΤΙΚΩΝ ΤΑΜΕΙΩΝ ΕΠΙ ΕΞΟΦΛΗΘΕΝΤΩΝ ΧΕ ΜΙΣΘΟΔΟΣΙΑΣ ΤΟΝ ΜΗΝΑ ΙΟΥΛΙΟ 2025 ΜΕΣΩ ΕΑΠ,999501452,ΓΕΝΙΚΟ ΝΟΣΟΚΟΜΕΙΟ ΒΟΛΟΥ,3713.36,self-referential (payroll/EFKA/FMY remittance)
9ΧΓΖ4690ΒΩ-699,2025-07-30,ΑΠΟΔΟΣΗ ΥΠΕΡ ΜΤΠΥ ΚΑΙ ΛΟΙΠΩΝ ΑΣΦΑΛΣΙΤΙΚΩΝ ΤΑΜΕΙΩΝ ΕΠΙ ΕΞΟΦΛΗΘΕΝΤΩΝ ΧΕ ΜΙΣΘΟΔΟΣΙΑΣ ΤΟΝ ΜΗΝΑ ΙΟΥΛΙΟ 2025 ΜΕΣΩ ΕΑΠ,999501452,ΓΕΝΙΚΟ ΝΟΣΟΚΟΜΕΙΟ ΒΟΛΟΥ,61917.61,self-referential (payroll/EFKA/FMY remittance)
9ΧΓΖ4690ΒΩ-699,2025-07-30,ΑΠΟΔΟΣΗ ΥΠΕΡ ΜΤΠΥ ΚΑΙ ΛΟΙΠΩΝ ΑΣΦΑΛΣΙΤΙΚΩΝ ΤΑΜΕΙΩΝ ΕΠΙ ΕΞΟΦΛΗΘΕΝΤΩΝ ΧΕ ΜΙΣΘΟΔΟΣΙΑΣ ΤΟΝ ΜΗΝΑ ΙΟΥΛΙΟ 2025 ΜΕΣΩ ΕΑΠ,999501452,ΓΕΝΙΚΟ ΝΟΣΟΚΟΜΕΙΟ ΒΟΛΟΥ,68702.97,self-referential (payroll/EFKA/FMY remittance)
Ψ3ΚΩ4690ΒΩ-8Λ9,2025-07-29,ΣΥΜΠΛΗΡΩΜΑΤΙΚΟ ΠΟΣΟ ΦΜΥ  ΠΡΟΣΘΕΤΩΝ ΑΜΟΙΒΩΝ  ΦΕΒΡΟΥΑΡΙΟΥ 2025 ΤΟΥ ΕΙΔΙΚΟΥ ΠΡΟΓΡΑΜΜΑΤΟΣ ΑΠΑΣΧΟΛΗΣΗΣ 1135 ΑΝΕΡΓΟΙ ΣΤΟ ΧΩΡΟ ΤΗΣ ΥΓΕΙΑΣ,999501452,ΓΕΝΙΚΟ ΝΟΣΟΚΟΜΕΙΟ ΒΟΛΟΥ,0.25,self-referential (payroll/EFKA/FMY remittance)
ΨΣΝΓ4690ΒΩ-ΕΜΞ,2025-07-25,"ΗΜΕΡΗΣΙΑ ΑΠΟΖΗΜΙΩΣΗ ΠΟΥ ΜΕΤΕΒΗ ΣΤΗΝ ΑΘΗΝΑ ΓΙΑ ΠΑΡΑΛΑΒΗ ΦΑΡΜΑΚΩΝ ,ΣΤΗ ΛΑΡΙΣΑ ΓΙΑ ΜΕΤΑΦΟΡΑ ΙΑΤΡΙΚΟΥ ΥΛΙΚΟΥ 18/12/2024 , 19/12/2024",999501452,ΓΕΝΙΚΟ ΝΟΣΟΚΟΜΕΙΟ ΒΟΛΟΥ,30.00,self-referential (payroll/EFKA/FMY remittance)
9Δ8Σ4690ΒΩ-ΑΦΒ,2025-07-24,"ΑΠΟΔΟΣΗ ΦΟΡΟΥ,ΧΑΡΤ.ΟΓΑ ΧΑΡΤ. ΕΠΙ ΕΙΣΠΡΑΧΘΕΝΤΩΝ ΕΝΟΙΚΙΩΝ 2024 ΑΠΟ ΑΚΙΝΗΤΑ ΙΔΙΟΚΤΗΣΙΑΣ ΓΝΒ",999501452,ΓΕΝΙΚΟ ΝΟΣΟΚΟΜΕΙΟ ΒΟΛΟΥ,39620.30,self-referential (payroll/EFKA/FMY remittance)
Ψ00Σ4690ΒΩ-ΑΙΔ,2025-07-24,ΗΜΕΡΗΣΙΑ ΑΠΟΖΗΜΙΩΣΗ ΓΙΑ ΠΡΟΓΡΑΜΜΑΤΙΣΜΕΝΕΣ ΜΕΤΑΚΙΝΗΣΕΙΣ ΤΗΣ ΚΙΝΗΤΗΣ ΜΟΝΑΔΑΣ ΑΙΜΟΔΟΣΙΑΣ ΓΙΑ ΑΙΜΟΛΗΨΙΕΣ  ΣΤΗ ΣΟΥΡΠΗ 14/5/2025,999501452,ΓΕΝΙΚΟ ΝΟΣΟΚΟΜΕΙΟ ΒΟΛΟΥ,30.00,self-referential (payroll/EFKA/FMY remittance)
6ΞΦ14690ΒΩ-0ΑΩ,2025-07-24,ΗΜΕΡΗΣΙΑ ΑΠΟΖΗΜΙΩΣΗ ΓΙΑ ΠΡΟΓΡΑΜΜΑΤΙΣΜΕΝΕΣ ΜΕΤΑΚΙΝΗΣΕΙΣ ΤΗΣ ΚΙΝΗΤΗΣ ΜΟΝΑΔΑΣ ΑΙΜΟΔΟΣΙΑΣ ΓΙΑ ΑΙΜΟΛΗΨΙΕΣ  ΣΤΗ ΣΟΥΡΠΗ 29/1/2025,999501452,ΓΕΝΙΚΟ ΝΟΣΟΚΟΜΕΙΟ ΒΟΛΟΥ,30.00,self-referential (payroll/EFKA/FMY remittance)
ΨΤΙΣ4690ΒΩ-ΩΧ1,2025-07-24,"ΗΜΕΡΗΣΙΑ ΑΠΟΖΗΜΙΩΣΗ ΕΙΔΙΚΕΥΟΜΕΝΩΝΙΑΤΡΩΝ ΓΙΑ ΔΙΑΚΟΜΙΔΕΣ ΑΣΘΕΝΩΝ 3,9,10,28/1/2025 , 1,17/2/2025,10,11,27,29/3/2025,2,18,20/4/2025",999501452,ΓΕΝΙΚΟ ΝΟΣΟΚΟΜΕΙΟ ΒΟΛΟΥ,190.00,self-referential (payroll/EFKA/FMY remittance)
ΨΑΖ84690ΒΩ-Ρ4Β,2025-07-24,ΟΔΟΙΠΟΡΙΚΑ ΕΞΟΔΑ ΗΜΕΡΗΣΙΑ ΑΠΟΖΗΜΙΩΣΗ ΥΠΑΛΛΗΛΩΝ ΓΝΒ ΠΟΥ ΜΕΤΕΒΗΣΑΝ ΣΤΗ ΛΑΡΙΣΑ ΓΙΑ ΕΝΗΜΕΡΩΣΗ ΤΟΥ Ο.ΔΙ.Π.Υ. ΣΕ ΦΟΡΕΙΣ ΥΗΣ 5ης Υ.Πε. 1/11/2024,999501452,ΓΕΝΙΚΟ ΝΟΣΟΚΟΜΕΙΟ ΒΟΛΟΥ,23.20,self-referential (payroll/EFKA/FMY remittance)
ΨΑΖ84690ΒΩ-Ρ4Β,2025-07-24,ΟΔΟΙΠΟΡΙΚΑ ΕΞΟΔΑ ΗΜΕΡΗΣΙΑ ΑΠΟΖΗΜΙΩΣΗ ΥΠΑΛΛΗΛΩΝ ΓΝΒ ΠΟΥ ΜΕΤΕΒΗΣΑΝ ΣΤΗ ΛΑΡΙΣΑ ΓΙΑ ΕΝΗΜΕΡΩΣΗ ΤΟΥ Ο.ΔΙ.Π.Υ. ΣΕ ΦΟΡΕΙΣ ΥΗΣ 5ης Υ.Πε. 1/11/2024,999501452,ΓΕΝΙΚΟ ΝΟΣΟΚΟΜΕΙΟ ΒΟΛΟΥ,20.00,self-referential (payroll/EFKA/FMY remittance)
9ΙΒΖ4690ΒΩ-ΞΥΗ,2025-07-24,ΟΔΟΙΠΟΡΙΚΑ ΕΞΟΔΑ ΗΜΕΡΗΣΙΑ ΑΠΟΖΗΜΙΩΣΗ ΥΠΑΛΛΗΛΩΝ ΓΝΒ ΠΟΥ ΜΕΤΕΒΗΣΑΝ ΣΤΗ ΛΑΡΙΣΑ ΓΙΑ ΕΝΗΜΕΡΩΣΗ ΤΟΥ Ο.ΔΙ.Π.Υ. ΣΕ ΦΟΡΕΙΣ ΥΗΣ 5ης Υ.Πε. 31/10/2024,999501452,ΓΕΝΙΚΟ ΝΟΣΟΚΟΜΕΙΟ ΒΟΛΟΥ,23.20,self-referential (payroll/EFKA/FMY remittance)
9ΙΒΖ4690ΒΩ-ΞΥΗ,2025-07-24,ΟΔΟΙΠΟΡΙΚΑ ΕΞΟΔΑ ΗΜΕΡΗΣΙΑ ΑΠΟΖΗΜΙΩΣΗ ΥΠΑΛΛΗΛΩΝ ΓΝΒ ΠΟΥ ΜΕΤΕΒΗΣΑΝ ΣΤΗ ΛΑΡΙΣΑ ΓΙΑ ΕΝΗΜΕΡΩΣΗ ΤΟΥ Ο.ΔΙ.Π.Υ. ΣΕ ΦΟΡΕΙΣ ΥΗΣ 5ης Υ.Πε. 31/10/2024,999501452,ΓΕΝΙΚΟ ΝΟΣΟΚΟΜΕΙΟ ΒΟΛΟΥ,30.00,self-referential (payroll/EFKA/FMY remittance)
ΨΞΠΖ4690ΒΩ-Ε5Λ,2025-07-24,"ΗΜΕΡΗΣΙΑ ΑΠΟΖΗΜΙΩΣΗ ΕΙΔΙΚΕΥΟΜΕΝΩΝ ΙΑΤΡΩΝ ΓΙΑ ΔΙΑΚΟΜΙΔΕΣ ΑΣΘΕΝΩΝ  2,3,11,15,19,28,31/12/2024",999501452,ΓΕΝΙΚΟ ΝΟΣΟΚΟΜΕΙΟ ΒΟΛΟΥ,140.00,self-referential (payroll/EFKA/FMY remittance)
684Ζ4690ΒΩ-99Μ,2025-07-24,"ΗΜΕΡΗΣΙΑ ΑΠΟΖΗΜΙΩΣΗ ΕΙΔΙΚΕΥΟΜΕΝΩΝ ΙΑΤΡΩΝ ΓΙΑ ΔΙΑΚΟΜΙΔΕΣ ΑΣΘΕΝΩΝ 4,7,15,28,30/12/2024",999501452,ΓΕΝΙΚΟ ΝΟΣΟΚΟΜΕΙΟ ΒΟΛΟΥ,90.00,self-referential (payroll/EFKA/FMY remittance)
ΨΨΠ04690ΒΩ-ΘΤΑ,2025-07-24,ΗΜΕΡΗΣΙΑ ΑΠΟΖΗΜΙΩΣΗ ΟΔΟΙΠΟΡΙΚΑ ΕΞΟΔΑ ΥΠΑΛΛΗΛΟΥ ΤΟΥ ΓΝΒ ΠΟΥ ΜΕΤΕΒΗ ΣΤΗ ΛΑΡΙΣΑ ΩΣ ΜΕΛΟΣ ΣΕ ΕΠΙΤΡΟΠΗ ΣΥΝΤΑΞΗΣ ΤΕΧΝΙΚΩΝ ΠΡΟΔΙΑΓΡΑΦΩΝ ΓΙΑ ΤΗΝ ΠΡΟΜΗΘΕΙΑ ΙΑΤΡΟΤΕΧΝΟΛΟΓΙΚΟΥ ΕΞΟΠΛΙΣΜΟΥ (ΨΗΦΙΑΚΟΣ ΜΑΣΤΟΓΡΑΦΟΣ) 15/4/2025,999501452,ΓΕΝΙΚΟ ΝΟΣΟΚΟΜΕΙΟ ΒΟΛΟΥ,11.60,self-referential (payroll/EFKA/FMY remittance)
ΨΨΠ04690ΒΩ-ΘΤΑ,2025-07-24,ΗΜΕΡΗΣΙΑ ΑΠΟΖΗΜΙΩΣΗ ΟΔΟΙΠΟΡΙΚΑ ΕΞΟΔΑ ΥΠΑΛΛΗΛΟΥ ΤΟΥ ΓΝΒ ΠΟΥ ΜΕΤΕΒΗ ΣΤΗ ΛΑΡΙΣΑ ΩΣ ΜΕΛΟΣ ΣΕ ΕΠΙΤΡΟΠΗ ΣΥΝΤΑΞΗΣ ΤΕΧΝΙΚΩΝ ΠΡΟΔΙΑΓΡΑΦΩΝ ΓΙΑ ΤΗΝ ΠΡΟΜΗΘΕΙΑ ΙΑΤΡΟΤΕΧΝΟΛΟΓΙΚΟΥ ΕΞΟΠΛΙΣΜΟΥ (ΨΗΦΙΑΚΟΣ ΜΑΣΤΟΓΡΑΦΟΣ) 15/4/2025,999501452,ΓΕΝΙΚΟ ΝΟΣΟΚΟΜΕΙΟ ΒΟΛΟΥ,10.00,self-referential (payroll/EFKA/FMY remittance)
ΨΤΡΓ4690ΒΩ-ΡΛΙ,2025-07-23,ΕΠΙΣΤΡΟΦΗ ΠΟΣΟΥ  ΤΟΥ ΕΡΓΟΥ «ΕΝΙΣΧΥΣΗ ΤΩΝ ΦΟΡΕΩΝ ΥΓΕΙΑΣ ΜΕ ΕΠΙΚΟΥΡΙΚΟ ΠΡΟΣΩΠΙΚΟ ΓΙΑ ΤΗΝ ΑΝΤΑΠΟΚΡΙΣΗ ΣΤΙΣ ΑΝΑΓΚΕΣ ΛΟΓΩ ΤΗΣ ΕΠΙΔΗΜΙΑΣ COVID-19 ΣΤΗΝ ΠΕΡΙΦΕΡΕΙΑ ΘΕΣΣΑΛΙΑΣ» ΜΕ ΚΩΔΙΚΟ ΟΠΣ 5070510 ΣΤΟ ΕΠΙΧΕΙΡΗΣΙΑΚΟ ΠΡΟΓΡΑΜΜΑ «ΠΕΡΙΦΕΡΕΙΑΚΟ ΕΠΙΧΕΙΡΗΣΙΑΚΟ ΠΡΟΓΡΑΜΜΑ ΘΕΣΣΑΛΙΑΣ 2014-2020 (ΕΧΕΙ ΑΦΑΙΡΕΘΕΙ ΜΕΡΟΣ ΜΙΣΘΟΔΟΣΙΑΣ ΛΟΓΩ ΠΑΡΑΙΤΗΣΗΣ ΛΟΙΠΟΥ ΕΠΙΚΟΥΡΙΚΟΥ ΠΡΟΣΩΠΙΚΟΥ  ΤΗΝ 1/9/2022)  ΙΒΑΝ ΛΟΓ/ΣΜΟΥ GR...................,999501452,ΓΕΝΙΚΟ ΝΟΣΟΚΟΜΕΙΟ ΒΟΛΟΥ,1657.22,self-referential (payroll/EFKA/FMY remittance)
ΡΓΠΦ4690ΒΩ-ΕΥ0,2025-07-17,ΑΠΟΖΗΜΙΩΣΗ ΣΤΑ ΜΕΛΗ (ΙΔΙΩΤΕΣ) ΓΙΑ ΣΥΜΜΜΕΤΟΧΗ ΣΤΙΣ ΣΥΝΕΔΡΙΑΣΕΙΣ ΤΟΥ  ΔΣ ΤΟΥ ΓΝΒ ΑΠΟ 27/3/2025  ΕΩΣ 25/6/2025  ΣΥΜΦΩΝΑ ΜΕ ΤΙΣ ΔΙΑΤΑΞΕΙΣ  ΤΟΥ Ν 4354/20215  ΤΟΥ ΑΡΘΡΟΥ 21  ΤΗΣ ΠΑΡ.1,999501452,ΓΕΝΙΚΟ ΝΟΣΟΚΟΜΕΙΟ ΒΟΛΟΥ,460.00,self-referential (payroll/EFKA/FMY remittance)
ΡΕΑΕ4690ΒΩ-ΔΓΚ,2025-07-17,"ΑΜΟΙΒΗ ΛΟΙΠΟΥ ΠΡΟΣΩΠΙΚΟΥ ΤΟΥΣ ΜΗΝΕΣ  ΙΑΝΟΥΑΡΙΟ,ΦΕΒΡΟΥΑΡΙΟ 2025  ΣΤΟ ΠΛΑΙΣΙΟ ΤΟΥ ΕΡΓΟΥ ΄΄ ΟΡΓΑΝΩΤΙΚΕΣ ΚΑΙ ΛΟΙΠΕΣ ΠΑΡΑΜΒΑΣΕΙΣ ΓΙΑ ΤΗΝ ΕΠΙΤΑΧΥΝΣΗ ΤΩΝ ΕΚΚΡΕΜΩΝ ΕΠΕΜΒΑΣΕΩΝΤΗΣ ΛΙΣΤΑΣ ΧΕΙΡΟΥΡΓΕΙΩΝ ΄΄ ΜΕ ΚΩΔΙΚΟ ΟΠΣ 5223768 ΛΟΙΠΕΣ ΔΑΠΑΝΕΣ ΝΟΣ",999501452,ΓΕΝΙΚΟ ΝΟΣΟΚΟΜΕΙΟ ΒΟΛΟΥ,7440.00,self-referential (payroll/EFKA/FMY remittance)
60124690ΒΩ-Π2Ψ,2025-07-17,"ΑΜΟΙΒΗ ΙΑΤΡΙΚΟΥ ΠΡΟΣΩΠΙΚΟΥ ΤΟΥΣ ΜΗΝΕΣ ΙΑΝΟΥΑΡΙΟ,ΦΕΒΡΟΥΑΡΙΟ 2025 ΣΤΟ ΠΛΑΙΣΙΟ ΤΟΥ ΕΡΓΟΥ ΄΄ ΟΡΓΑΝΩΤΙΚΕΣ ΚΑΙ ΛΟΙΠΕΣ ΠΑΡΑΜΒΑΣΕΙΣ ΓΙΑ ΤΗΝ ΕΠΙΤΑΧΥΝΣΗ ΤΩΝ ΕΚΚΡΕΜΩΝ ΕΠΕΜΒΑΣΕΩΝΤΗΣ ΛΙΣΤΑΣ ΧΕΙΡΟΥΡΓΕΙΩΝ ΄΄ ΜΕ ΚΩΔΙΚΟ ΟΠΣ 5223768",999501452,ΓΕΝΙΚΟ ΝΟΣΟΚΟΜΕΙΟ ΒΟΛΟΥ,20990.00,self-referential (payroll/EFKA/FMY remittance)
6Χ6Ω4690ΒΩ-ΜΙ4,2025-07-17,ΕΦΗΜΕΡΙΕΣ  ΕΠΙΣΤΗΜΟΝΙΚΟΥ ΠΡΟΣΩΠΙΚΟΥ ΜΕ ΣΧΕΣΗ ΕΡΓΑΣΙΑΣ ΙΔΟΧ ΜΗΝΟΣ  ΜΑΪΟΥ 2025 «ΕΝΙΣΧΥΣΗ ΤΩΝ ΦΟΡΕΩΝ ΥΓΕΙΑΣ ΜΕ ΕΠΙΚΟΥΡΙΚΟ ΠΡΟΣΩΠΙΚΟ ΓΙΑ ΤΗΝ ΑΝΤΑΠΟΚΡΙΣΗ ΣΤΙΣ ΑΝΑΓΚΕΣ ΛΟΓΩ ΤΗΣ ΕΠΙΔΗΜΙΑΣ COVID-19 ΣΤΗΝ ΠΕΡΙΦΕΡΕΙΑ ΘΕΣΣΑΛΙΑΣ» ΜΕ ΚΩΔΙΚΟ ΟΠΣ 5070510 ΣΤΟ ΕΠΙΧΕΙΡΗΣΙΑΚΟ ΠΡΟΓΡΑΜΜΑ «ΠΕΡΙΦΕΡΕΙΑΚΟ ΕΠΙΧΕΙΡΗΣΙΑΚΟ ΠΡΟΓΡΑΜΜΑ ΘΕΣΣΑΛΙΑΣ 2014 ΜΕ ΠΑΡΑΤΑΣΗ ΣΥΜΒΑΣΕΩΝ  ΕΩΣ 31/12/2024 ΣΥΜΦΩΝΑ ΜΕ ΤΙΣ ΔΙΑΤΑΞΕΙΣ  ΤΟΥ Ν.5079/2023 (ΦΕΚ 215/22-12-2023/τ.Α΄) ΑΡΘΡΟ 70 ΠΑΡ. 1,999501452,ΓΕΝΙΚΟ ΝΟΣΟΚΟΜΕΙΟ ΒΟΛΟΥ,248.42,self-referential (payroll/EFKA/FMY remittance)
6Χ6Ω4690ΒΩ-ΜΙ4,2025-07-17,ΕΦΗΜΕΡΙΕΣ  ΕΠΙΣΤΗΜΟΝΙΚΟΥ ΠΡΟΣΩΠΙΚΟΥ ΜΕ ΣΧΕΣΗ ΕΡΓΑΣΙΑΣ ΙΔΟΧ ΜΗΝΟΣ  ΜΑΪΟΥ 2025 «ΕΝΙΣΧΥΣΗ ΤΩΝ ΦΟΡΕΩΝ ΥΓΕΙΑΣ ΜΕ ΕΠΙΚΟΥΡΙΚΟ ΠΡΟΣΩΠΙΚΟ ΓΙΑ ΤΗΝ ΑΝΤΑΠΟΚΡΙΣΗ ΣΤΙΣ ΑΝΑΓΚΕΣ ΛΟΓΩ ΤΗΣ ΕΠΙΔΗΜΙΑΣ COVID-19 ΣΤΗΝ ΠΕΡΙΦΕΡΕΙΑ ΘΕΣΣΑΛΙΑΣ» ΜΕ ΚΩΔΙΚΟ ΟΠΣ 5070510 ΣΤΟ ΕΠΙΧΕΙΡΗΣΙΑΚΟ ΠΡΟΓΡΑΜΜΑ «ΠΕΡΙΦΕΡΕΙΑΚΟ ΕΠΙΧΕΙΡΗΣΙΑΚΟ ΠΡΟΓΡΑΜΜΑ ΘΕΣΣΑΛΙΑΣ 2014 ΜΕ ΠΑΡΑΤΑΣΗ ΣΥΜΒΑΣΕΩΝ  ΕΩΣ 31/12/2024 ΣΥΜΦΩΝΑ ΜΕ ΤΙΣ ΔΙΑΤΑΞΕΙΣ  ΤΟΥ Ν.5079/2023 (ΦΕΚ 215/22-12-2023/τ.Α΄) ΑΡΘΡΟ 70 ΠΑΡ. 1,999501452,ΓΕΝΙΚΟ ΝΟΣΟΚΟΜΕΙΟ ΒΟΛΟΥ,448.30,self-referential (payroll/EFKA/FMY remittance)
61ΔΚ4690ΒΩ-8ΟΖ,2025-07-17,ΕΦΗΜΕΡΙΕΣ  ΕΠΙΣΤΗΜΟΝΙΚΟΥ ΠΡΟΣΩΠΙΚΟΥ  ΨΥΧΙΚΗΣ ΥΓΕΙΑΣ ΜΗΝΟΣ  ΜΑΪΟΥ 2025,999501452,ΓΕΝΙΚΟ ΝΟΣΟΚΟΜΕΙΟ ΒΟΛΟΥ,2986.00,self-referential (payroll/EFKA/FMY remittance)
Ψ8ΧΝ4690ΒΩ-ΞΦΝ,2025-07-17,ΕΦΗΜΕΡΙΕΣ  ΕΠΙΣΤΗΜΟΝΙΚΟΥ ΠΡΟΣΩΠΙΚΟΥ  ΜΗΝΟΣ  ΜΑΪΟΥ 2025,999501452,ΓΕΝΙΚΟ ΝΟΣΟΚΟΜΕΙΟ ΒΟΛΟΥ,6050.63,self-referential (payroll/EFKA/FMY remittance)
Ψ8ΧΝ4690ΒΩ-ΞΦΝ,2025-07-17,ΕΦΗΜΕΡΙΕΣ  ΕΠΙΣΤΗΜΟΝΙΚΟΥ ΠΡΟΣΩΠΙΚΟΥ  ΜΗΝΟΣ  ΜΑΪΟΥ 2025,999501452,ΓΕΝΙΚΟ ΝΟΣΟΚΟΜΕΙΟ ΒΟΛΟΥ,3522.26,self-referential (payroll/EFKA/FMY remittance)
ΨΓΓΔ4690ΒΩ-Ζ79,2025-07-17,: ΕΦΗΜΕΡΙΕΣ ΙΑΤΡΙΚΟΥ ΕΠΙΚΟΥΡΙΚΟΥ ΠΡΟΣΩΠΙΚΟΥ ΜΕ ΣΧΕΣΗ ΕΡΓΑΣΙΑΣ ΙΔΟΧ ΜΗΝΟΣ  ΜΑΪΟΥ 2025 «ΕΝΙΣΧΥΣΗ ΤΩΝ ΦΟΡΕΩΝ ΥΓΕΙΑΣ ΜΕ ΕΠΙΚΟΥΡΙΚΟ ΠΡΟΣΩΠΙΚΟ ΓΙΑ ΤΗΝ ΑΝΤΑΠΟΚΡΙΣΗ ΣΤΙΣ ΑΝΑΓΚΕΣ ΛΟΓΩ ΤΗΣ ΕΠΙΔΗΜΙΑΣ COVID-19 ΣΤΗΝ ΠΕΡΙΦΕΡΕΙΑ ΘΕΣΣΑΛΙΑΣ» ΜΕ ΚΩΔΙΚΟ ΟΠΣ 5070510 ΣΤΟ ΕΠΙΧΕΙΡΗΣΙΑΚΟ ΠΡΟΓΡΑΜΜΑ «ΠΕΡΙΦΕΡΕΙΑΚΟ ΕΠΙΧΕΙΡΗΣΙΑΚΟ ΠΡΟΓΡΑΜΜΑ ΘΕΣΣΑΛΙΑΣ 2014 ΜΕ ΠΑΡΑΤΑΣΗ ΣΥΜΒΑΣΕΩΝ  ΕΩΣ 31/12/2024 ΣΥΜΦΩΝΑ ΜΕ ΤΙΣ ΔΙΑΤΑΞΕΙΣ  ΤΟΥ Ν.5079/2023 (ΦΕΚ 215/22-12-2023/τ.Α΄) ΑΡΘΡΟ 70 ΠΑΡ. 1,999501452,ΓΕΝΙΚΟ ΝΟΣΟΚΟΜΕΙΟ ΒΟΛΟΥ,2130.76,self-referential (payroll/EFKA/FMY remittance)
9Ν774690ΒΩ-ΞΜΡ,2025-07-17,ΕΦΗΜΕΡΙΕΣ ΙΑΤΡΩΝ ΨΥΧΙΚΗΣ ΥΓΕΙΑΣ ΜΗΝΟΣ  ΜΑΪΟΥ 2025,999501452,ΓΕΝΙΚΟ ΝΟΣΟΚΟΜΕΙΟ ΒΟΛΟΥ,7570.48,self-referential (payroll/EFKA/FMY remittance)
92Ρ64690ΒΩ-976,2025-07-17,ΕΦΗΜΕΡΙΕΣ ΜΕΤΑΚΙΝΟΥΜΕΝΩΝ ΙΑΤΡΩΝ ΤΟΥ Π.Ε.Δ.Υ ΓΙΑ ΚΑΛΥΨΗ ΕΦΗΜΕΡΙΩΝ ΣΤΟ ΓΝΒ ΤΟΝ ΜΗΝΑ  ΜΑΪΟ 2025,999501452,ΓΕΝΙΚΟ ΝΟΣΟΚΟΜΕΙΟ ΒΟΛΟΥ,10581.95,self-referential (payroll/EFKA/FMY remittance)
ΨΧΥΠ4690ΒΩ-2Ξ3,2025-07-17,ΕΦΗΜΕΡΙΕΣ ΕΙΔΙΚΕΥΟΜΕΝΩΝ ΙΑΤΡΩΝ ΜΗΝΟΣ  ΜΑΪΟΥ 2025,999501452,ΓΕΝΙΚΟ ΝΟΣΟΚΟΜΕΙΟ ΒΟΛΟΥ,75829.24,self-referential (payroll/EFKA/FMY remittance)
ΨΕΨΖ4690ΒΩ-Ξ32,2025-07-17,ΕΦΗΜΕΡΙΕΣ ΕΠΙΚΟΥΡΙΚΩΝ  ΙΑΤΡΩΝ ΕΣΥ ΜΗΝΟΣ   ΜΑΪΟΥ 2025,999501452,ΓΕΝΙΚΟ ΝΟΣΟΚΟΜΕΙΟ ΒΟΛΟΥ,8259.16,self-referential (payroll/EFKA/FMY remittance)
9ΦΑΑ4690ΒΩ-ΕΧ9,2025-07-17,ΕΦΗΜΕΡΙΕΣ  ΙΑΤΡΩΝ ΕΣΥ ΜΗΝΟΣ   ΜΑΪΟΥ 2025,999501452,ΓΕΝΙΚΟ ΝΟΣΟΚΟΜΕΙΟ ΒΟΛΟΥ,106259.61,self-referential (payroll/EFKA/FMY remittance)
65ΨΠ4690ΒΩ-ΛΜΡ,2025-07-17,ΠΡΟΜΗΘΕΙΑ ΤΡΑΠΕΖΙΚΩΝ ΕΡΓΑΣΙΩΝ ΓΙΑ ΕΞΕΡΧΟΜΕΝΕΣ ΜΕΤΑΦΟΡΕΣ ΠΙΣΤΩΣΕΩΝ ΣΕ ΤΡΑΠΕΖΕΣ ΤΟΥ ΕΞΩΤΕΡΙΚΟΥ ( ΧΕ 1385/2025),999501452,ΓΕΝΙΚΟ ΝΟΣΟΚΟΜΕΙΟ ΒΟΛΟΥ,2.40,self-referential (payroll/EFKA/FMY remittance)
ΡΝ774690ΒΩ-ΘΚ5,2025-07-09,ΕΦΑΠΑΞ ΑΠΟΖΗΜΙΩΣΗ ΠΡΩΗΝ ΥΠΑΛΛΗΛΟΥ ΔΕ ΥΠΟΔΗΜΑΤΟΠΟΙΩΝ ΜΕ ΣΧΕΣΗ ΕΡΓΑΣΙΑΣ ΙΔΙΩΤΙΚΟΥ ΔΙΚΑΙΟΥ ΑΟΡΙΣΤΟΥ ΧΡΟΝΟΥ,999501452,ΓΕΝΙΚΟ ΝΟΣΟΚΟΜΕΙΟ ΒΟΛΟΥ,3235.20,self-referential (payroll/EFKA/FMY remittance)
6ΝΒΣ4690ΒΩ-ΩΟΧ,2025-07-07,ΗΜΕΡΗΣΙΑ ΑΠΟΖΗΜΙΩΣΗ ΓΙΑ ΠΡΟΓΡΑΜΜΑΤΙΣΜΕΝΕΣ ΜΕΤΑΚΙΝΗΣΕΙΣ ΤΗΣ ΚΙΝΗΤΗΣ ΜΟΝΑΔΑΣ ΑΙΜΟΔΟΣΙΑΣ ΓΙΑ ΑΙΜΟΛΗΨΙΕΣ ΣΤΙΣ ΣΠΟΡΑΔΕΣ (ΣΚΟΠΕΛΟ) 16/6/2025 ΕΩΣ 18/6/202,999501452,ΓΕΝΙΚΟ ΝΟΣΟΚΟΜΕΙΟ ΒΟΛΟΥ,360.00,self-referential (payroll/EFKA/FMY remittance)
ΨΥΗΤ4690ΒΩ-ΟΝΒ,2025-07-07,"ΠΡΟΣΘΕΤΕΣ ΑΜΟΙΒΕΣ ΛΟΙΠΟΥ (ΔΙΟΙΚΗΤΙΚΟ,ΝΟΣΗΛΕΥΤΙΚΟ,ΤΕΧΝΙΚΟ κ.λ.π.) ΠΡΟΣΩΠΙΚΟΥ ΨΥΧΙΚΗΣ ΥΓΕΙΑΣ ΜΗΝΟΣ ΜΑΪΟΥ 2025",999501452,ΓΕΝΙΚΟ ΝΟΣΟΚΟΜΕΙΟ ΒΟΛΟΥ,3239.11,self-referential (payroll/EFKA/FMY remittance)
ΡΒΑΣ4690ΒΩ-ΘΓΘ,2025-07-07,ΠΡΟΣΘΕΤΕΣ ΑΜΟΙΒΕΣ ΛΟΙΠΟΥ ΕΠΙΚΟΥΡΙΚΟΥ ΠΡΟΣΩΠΙΚΟΥ ΜΑΪΟΥ 2025 ΣΥΜΦΩΝΑ ΜΕ ΤΙΣ ΔΙΑΤΑΞΕΩΝ ΤΟΥ ΑΡΘΡΟΥ 17 ΤΗΣ ΠΝΠ ΦΕΚ 55/1-3-2020 ΄΄ΚΑΤΕΠΕΙΓΟΝΤΑ ΜΕΤΡΑ ΑΝΤΙΜΕΤΩΠΙΣΗΣ ΤΩΝ ΑΡΝΗΤΙΚΩΝ ΣΥΝΕΠΕΙΩΝ ΤΗΣ ΕΜΦΑΝΙΣΗΣ COVID-19,999501452,ΓΕΝΙΚΟ ΝΟΣΟΚΟΜΕΙΟ ΒΟΛΟΥ,89.15,self-referential (payroll/EFKA/FMY remittance)
ΡΒΑΣ4690ΒΩ-ΘΓΘ,2025-07-07,ΠΡΟΣΘΕΤΕΣ ΑΜΟΙΒΕΣ ΛΟΙΠΟΥ ΕΠΙΚΟΥΡΙΚΟΥ ΠΡΟΣΩΠΙΚΟΥ ΜΑΪΟΥ 2025 ΣΥΜΦΩΝΑ ΜΕ ΤΙΣ ΔΙΑΤΑΞΕΩΝ ΤΟΥ ΑΡΘΡΟΥ 17 ΤΗΣ ΠΝΠ ΦΕΚ 55/1-3-2020 ΄΄ΚΑΤΕΠΕΙΓΟΝΤΑ ΜΕΤΡΑ ΑΝΤΙΜΕΤΩΠΙΣΗΣ ΤΩΝ ΑΡΝΗΤΙΚΩΝ ΣΥΝΕΠΕΙΩΝ ΤΗΣ ΕΜΦΑΝΙΣΗΣ COVID-19,999501452,ΓΕΝΙΚΟ ΝΟΣΟΚΟΜΕΙΟ ΒΟΛΟΥ,1135.62,self-referential (payroll/EFKA/FMY remittance)
ΡΒΟ34690ΒΩ-ΤΕΛ,2025-07-07,ΠΡΟΣΘΕΤΕΣ ΑΜΟΙΒΕΣ ΛΟΙΠΟΥ ΕΠΙΚΟΥΡΙΚΟΥ ΠΡΟΣΩΠΙΚΟΥ ΜΕ ΣΧΕΣΗ ΕΡΓΑΣΙΑΣ ΙΔΟΧ ΜΗΝΟΣ ΜΑΪΟΥ 2025«ΕΝΙΣΧΥΣΗ ΤΩΝ ΦΟΡΕΩΝ ΥΓΕΙΑΣ ΜΕ ΕΠΙΚΟΥΡΙΚΟ ΠΡΟΣΩΠΙΚΟ ΓΙΑ ΤΗΝ ΑΝΤΑΠΟΚΡΙΣΗ ΣΤΙΣ ΑΝΑΓΚΕΣ ΛΟΓΩ ΤΗΣ ΕΠΙΔΗΜΙΑΣ COVID-19 ΣΤΗΝ ΠΕΡΙΦΕΡΕΙΑ ΘΕΣΣΑΛΙΑΣ» ΜΕ ΚΩΔΙΚΟ ΟΠΣ 5070510 ΣΤΟ ΕΠΙΧΕΙΡΗΣΙΑΚΟ ΠΡΟΓΡΑΜΜΑ «ΠΕΡΙΦΕΡΕΙΑΚΟ ΕΠΙΧΕΙΡΗΣΙΑΚΟ ΠΡΟΓΡΑΜΜΑ ΘΕΣΣΑΛΙΑΣ 2014 ΜΕ ΠΑΡΑΤΑΣΗ ΣΥΜΒΑΣΕΩΝ  ΕΩΣ 31/12/2024 ΣΥΜΦΩΝΑ ΜΕ ΤΙΣ ΔΙΑΤΑΞΕΙΣ  ΤΟΥ Ν.5079/2023 (ΦΕΚ 215/22-12-2023/τ.Α΄) ΑΡΘΡΟ 70 ΠΑΡ,999501452,ΓΕΝΙΚΟ ΝΟΣΟΚΟΜΕΙΟ ΒΟΛΟΥ,248.70,self-referential (payroll/EFKA/FMY remittance)
ΡΒΟ34690ΒΩ-ΤΕΛ,2025-07-07,ΠΡΟΣΘΕΤΕΣ ΑΜΟΙΒΕΣ ΛΟΙΠΟΥ ΕΠΙΚΟΥΡΙΚΟΥ ΠΡΟΣΩΠΙΚΟΥ ΜΕ ΣΧΕΣΗ ΕΡΓΑΣΙΑΣ ΙΔΟΧ ΜΗΝΟΣ ΜΑΪΟΥ 2025«ΕΝΙΣΧΥΣΗ ΤΩΝ ΦΟΡΕΩΝ ΥΓΕΙΑΣ ΜΕ ΕΠΙΚΟΥΡΙΚΟ ΠΡΟΣΩΠΙΚΟ ΓΙΑ ΤΗΝ ΑΝΤΑΠΟΚΡΙΣΗ ΣΤΙΣ ΑΝΑΓΚΕΣ ΛΟΓΩ ΤΗΣ ΕΠΙΔΗΜΙΑΣ COVID-19 ΣΤΗΝ ΠΕΡΙΦΕΡΕΙΑ ΘΕΣΣΑΛΙΑΣ» ΜΕ ΚΩΔΙΚΟ ΟΠΣ 5070510 ΣΤΟ ΕΠΙΧΕΙΡΗΣΙΑΚΟ ΠΡΟΓΡΑΜΜΑ «ΠΕΡΙΦΕΡΕΙΑΚΟ ΕΠΙΧΕΙΡΗΣΙΑΚΟ ΠΡΟΓΡΑΜΜΑ ΘΕΣΣΑΛΙΑΣ 2014 ΜΕ ΠΑΡΑΤΑΣΗ ΣΥΜΒΑΣΕΩΝ  ΕΩΣ 31/12/2024 ΣΥΜΦΩΝΑ ΜΕ ΤΙΣ ΔΙΑΤΑΞΕΙΣ  ΤΟΥ Ν.5079/2023 (ΦΕΚ 215/22-12-2023/τ.Α΄) ΑΡΘΡΟ 70 ΠΑΡ,999501452,ΓΕΝΙΚΟ ΝΟΣΟΚΟΜΕΙΟ ΒΟΛΟΥ,5139.76,self-referential (payroll/EFKA/FMY remittance)
93Υ74690ΒΩ-5Η0,2025-07-07,ΠΡΟΣΘΕΤΕΣ ΑΜΟΙΒΕΣ ΕΙΔΙΚΕΥΟΜΕΝΩΝ ΝΟΣΗΛΕΥΤΩΝ ΜΗΝΟΣ  ΜΑΪΟΥ 2025 ΣΥΜΦΩΝΑ ΜΕ ΤΙΣ ΔΙΑΤΑΞΕΙΣ ΤΟΥ ΑΡΘΡΟΥ 58 ΤΟΥ Ν.4690/2020 (ΦΕΚ 104/Α/30-5-2020),999501452,ΓΕΝΙΚΟ ΝΟΣΟΚΟΜΕΙΟ ΒΟΛΟΥ,1840.74,self-referential (payroll/EFKA/FMY remittance)
ΨΤΚΝ4690ΒΩ-ΩΑ5,2025-07-07,ΠΡΟΣΘΕΤΕΣ ΑΜΟΙΒΕΣ ΙΔ. ΔΙΚΑΙΟΥ (ΑΟΡΙΣΤΟΥ-ΟΡΙΣΜΕΝΟΥ-ΑΤΟΜΙΚΕΣ ΣΥΜΒΑΣΕΙΣ) ΜΗΝΟΣ  ΜΑΪΟΥ 2025,999501452,ΓΕΝΙΚΟ ΝΟΣΟΚΟΜΕΙΟ ΒΟΛΟΥ,596.06,self-referential (payroll/EFKA/FMY remittance)
ΨΤΚΝ4690ΒΩ-ΩΑ5,2025-07-07,ΠΡΟΣΘΕΤΕΣ ΑΜΟΙΒΕΣ ΙΔ. ΔΙΚΑΙΟΥ (ΑΟΡΙΣΤΟΥ-ΟΡΙΣΜΕΝΟΥ-ΑΤΟΜΙΚΕΣ ΣΥΜΒΑΣΕΙΣ) ΜΗΝΟΣ  ΜΑΪΟΥ 2025,999501452,ΓΕΝΙΚΟ ΝΟΣΟΚΟΜΕΙΟ ΒΟΛΟΥ,1331.91,self-referential (payroll/EFKA/FMY remittance)
ΡΨ514690ΒΩ-ΡΗ6,2025-07-07,ΠΡΟΣΘΕΤΕΣ ΑΜΟΙΒΕΣ ΛΟΙΠΟΥ  ΕΠΙΚΟΥΡΙΚΟΥ ΠΡΟΣΩΠΙΚΟΥ ΜΗΝΟΣ  ΜΑΪΟΥ 2025,999501452,ΓΕΝΙΚΟ ΝΟΣΟΚΟΜΕΙΟ ΒΟΛΟΥ,65.52,self-referential (payroll/EFKA/FMY remittance)
ΡΨ514690ΒΩ-ΡΗ6,2025-07-07,ΠΡΟΣΘΕΤΕΣ ΑΜΟΙΒΕΣ ΛΟΙΠΟΥ  ΕΠΙΚΟΥΡΙΚΟΥ ΠΡΟΣΩΠΙΚΟΥ ΜΗΝΟΣ  ΜΑΪΟΥ 2025,999501452,ΓΕΝΙΚΟ ΝΟΣΟΚΟΜΕΙΟ ΒΟΛΟΥ,210.80,self-referential (payroll/EFKA/FMY remittance)
9Η404690ΒΩ-ΡΙ5,2025-07-07,"ΠΡΟΣΘΕΤΕΣ ΑΜΟΙΒΕΣ ΛΟΙΠΟΥ ΜΟΝΙΜΟΥ (ΔΙΟΙΚΗΤΙΚΟΥ,ΝΟΣΗΛΕΥΤΙΚΟΥ κ.λ.π.) ΠΡΟΣΩΠΙΚΟΥ ΜΗΝΟΣ  ΜΑΪΟΥ 2025",999501452,ΓΕΝΙΚΟ ΝΟΣΟΚΟΜΕΙΟ ΒΟΛΟΥ,6526.98,self-referential (payroll/EFKA/FMY remittance)
9Η404690ΒΩ-ΡΙ5,2025-07-07,"ΠΡΟΣΘΕΤΕΣ ΑΜΟΙΒΕΣ ΛΟΙΠΟΥ ΜΟΝΙΜΟΥ (ΔΙΟΙΚΗΤΙΚΟΥ,ΝΟΣΗΛΕΥΤΙΚΟΥ κ.λ.π.) ΠΡΟΣΩΠΙΚΟΥ ΜΗΝΟΣ  ΜΑΪΟΥ 2025",999501452,ΓΕΝΙΚΟ ΝΟΣΟΚΟΜΕΙΟ ΒΟΛΟΥ,38213.24,self-referential (payroll/EFKA/FMY remittance)
9Β0Δ4690ΒΩ-ΒΡΗ,2025-07-02,"ΕΙΣΦΟΡΕΣ ΥΠΕΡ ΕΦΚΑ ΤΟΥ ΔΙΕΚ (89,64) , ΙΕΚ (22,98)  ΜΗΝΟΣ  ΙΟΥΝΙΟΥ 2025ψ",999501452,ΓΕΝΙΚΟ ΝΟΣΟΚΟΜΕΙΟ ΒΟΛΟΥ,112.62,self-referential (payroll/EFKA/FMY remittance)
6Α8Υ4690ΒΩ-Λ6Ι,2025-07-02,ΚΑΤΑΒΟΛΗ ΑΠΟΖΗΜΙΩΣΗΣ ΣΕ ΜΕΤΑΛΥΚΕΙΑΚΟΥΣ ΣΠΟΥΔΑΣΤΕΣ ΓΙΑ ΤΟΝ ΜΗΝΑ  ΜΑΡΤΙΟ 2025,999501452,ΓΕΝΙΚΟ ΝΟΣΟΚΟΜΕΙΟ ΒΟΛΟΥ,135.12,self-referential (payroll/EFKA/FMY remittance)
6Α8Υ4690ΒΩ-Λ6Ι,2025-07-02,ΚΑΤΑΒΟΛΗ ΑΠΟΖΗΜΙΩΣΗΣ ΣΕ ΜΕΤΑΛΥΚΕΙΑΚΟΥΣ ΣΠΟΥΔΑΣΤΕΣ ΓΙΑ ΤΟΝ ΜΗΝΑ  ΜΑΡΤΙΟ 2025,999501452,ΓΕΝΙΚΟ ΝΟΣΟΚΟΜΕΙΟ ΒΟΛΟΥ,673.72,self-referential (payroll/EFKA/FMY remittance)
99ΩΕ4690ΒΩ-Η5Ρ,2025-07-02,ΚΑΤΑΒΟΛΗ ΑΠΟΔΟΧΩΝ ΜΗΝΟΣ ΙΟΥΝΟΥ 2025  ΣΕ ΠΡΟΣΩΠΙΚΟ ΠΟΥ ΥΠΗΡΕΤΕΙ ΜΕΣΩ ΠΡΟΓΡΑΜΜΑΤΟΣ ΟΑΕΔ ΗΛΙΚΙΑΣ 55-67 ΣΥΜΦΩΝΑ ΜΕ ΤΗΝ 1η ΤΡΟΠΟΠΟΙΗΣΗ ΤΗΣ ΔΗΜΟΣΙΑΣ ΠΡΟΣΚΛΗΣΗΣ Νο 11/2017 ΤΟΥ ΟΑΕΔ,999501452,ΓΕΝΙΚΟ ΝΟΣΟΚΟΜΕΙΟ ΒΟΛΟΥ,37348.96,self-referential (payroll/EFKA/FMY remittance)
99ΩΕ4690ΒΩ-Η5Ρ,2025-07-02,ΚΑΤΑΒΟΛΗ ΑΠΟΔΟΧΩΝ ΜΗΝΟΣ ΙΟΥΝΟΥ 2025  ΣΕ ΠΡΟΣΩΠΙΚΟ ΠΟΥ ΥΠΗΡΕΤΕΙ ΜΕΣΩ ΠΡΟΓΡΑΜΜΑΤΟΣ ΟΑΕΔ ΗΛΙΚΙΑΣ 55-67 ΣΥΜΦΩΝΑ ΜΕ ΤΗΝ 1η ΤΡΟΠΟΠΟΙΗΣΗ ΤΗΣ ΔΗΜΟΣΙΑΣ ΠΡΟΣΚΛΗΣΗΣ Νο 11/2017 ΤΟΥ ΟΑΕΔ,999501452,ΓΕΝΙΚΟ ΝΟΣΟΚΟΜΕΙΟ ΒΟΛΟΥ,640.00,self-referential (payroll/EFKA/FMY remittance)
99ΩΕ4690ΒΩ-Η5Ρ,2025-07-02,ΚΑΤΑΒΟΛΗ ΑΠΟΔΟΧΩΝ ΜΗΝΟΣ ΙΟΥΝΟΥ 2025  ΣΕ ΠΡΟΣΩΠΙΚΟ ΠΟΥ ΥΠΗΡΕΤΕΙ ΜΕΣΩ ΠΡΟΓΡΑΜΜΑΤΟΣ ΟΑΕΔ ΗΛΙΚΙΑΣ 55-67 ΣΥΜΦΩΝΑ ΜΕ ΤΗΝ 1η ΤΡΟΠΟΠΟΙΗΣΗ ΤΗΣ ΔΗΜΟΣΙΑΣ ΠΡΟΣΚΛΗΣΗΣ Νο 11/2017 ΤΟΥ ΟΑΕΔ,999501452,ΓΕΝΙΚΟ ΝΟΣΟΚΟΜΕΙΟ ΒΟΛΟΥ,3910.00,self-referential (payroll/EFKA/FMY remittance)
99ΩΕ4690ΒΩ-Η5Ρ,2025-07-02,ΚΑΤΑΒΟΛΗ ΑΠΟΔΟΧΩΝ ΜΗΝΟΣ ΙΟΥΝΟΥ 2025  ΣΕ ΠΡΟΣΩΠΙΚΟ ΠΟΥ ΥΠΗΡΕΤΕΙ ΜΕΣΩ ΠΡΟΓΡΑΜΜΑΤΟΣ ΟΑΕΔ ΗΛΙΚΙΑΣ 55-67 ΣΥΜΦΩΝΑ ΜΕ ΤΗΝ 1η ΤΡΟΠΟΠΟΙΗΣΗ ΤΗΣ ΔΗΜΟΣΙΑΣ ΠΡΟΣΚΛΗΣΗΣ Νο 11/2017 ΤΟΥ ΟΑΕΔ,999501452,ΓΕΝΙΚΟ ΝΟΣΟΚΟΜΕΙΟ ΒΟΛΟΥ,9644.73,self-referential (payroll/EFKA/FMY remittance)
994Β4690ΒΩ-Μ7Ι,2025-07-02,ΚΑΤΑΒΟΛΗ ΑΠΟΔΟΧΩΝ ΜΗΝΟΣ ΙΟΥΝΙΟΥ 2025 ΕΠΙΚΟΥΡΙΚΟΥ ΠΡΟΣΩΠΙΚΟΥ ΜΕ ΑΤΟΜΙΚΕΣ ΣΥΜΒΑΣΕΙΣ ΣΤΟ ΤΜΗΜΑ ΙΜΑΤΙΣΜΟΥ - ΕΣΤΙΑΣΗ ΜΕ ΠΑΡΑΤΑΣΗ ΣΥΜΒΑΣΕΩΝ  ΕΩΣ 31/3/2025 ΣΥΜΦΩΝΑ ΜΕ ΤΙΣ ΔΙΑΤΑΞΕΙΣ  ΤΟΥ Ν.5161/2024 (ΦΕΚ  196/29-11-2024/τ.Α΄) ΑΡΘΡΟ 27 ΠΑΡ. 1,999501452,ΓΕΝΙΚΟ ΝΟΣΟΚΟΜΕΙΟ ΒΟΛΟΥ,3692.00,self-referential (payroll/EFKA/FMY remittance)
994Β4690ΒΩ-Μ7Ι,2025-07-02,ΚΑΤΑΒΟΛΗ ΑΠΟΔΟΧΩΝ ΜΗΝΟΣ ΙΟΥΝΙΟΥ 2025 ΕΠΙΚΟΥΡΙΚΟΥ ΠΡΟΣΩΠΙΚΟΥ ΜΕ ΑΤΟΜΙΚΕΣ ΣΥΜΒΑΣΕΙΣ ΣΤΟ ΤΜΗΜΑ ΙΜΑΤΙΣΜΟΥ - ΕΣΤΙΑΣΗ ΜΕ ΠΑΡΑΤΑΣΗ ΣΥΜΒΑΣΕΩΝ  ΕΩΣ 31/3/2025 ΣΥΜΦΩΝΑ ΜΕ ΤΙΣ ΔΙΑΤΑΞΕΙΣ  ΤΟΥ Ν.5161/2024 (ΦΕΚ  196/29-11-2024/τ.Α΄) ΑΡΘΡΟ 27 ΠΑΡ. 1,999501452,ΓΕΝΙΚΟ ΝΟΣΟΚΟΜΕΙΟ ΒΟΛΟΥ,340.00,self-referential (payroll/EFKA/FMY remittance)
994Β4690ΒΩ-Μ7Ι,2025-07-02,ΚΑΤΑΒΟΛΗ ΑΠΟΔΟΧΩΝ ΜΗΝΟΣ ΙΟΥΝΙΟΥ 2025 ΕΠΙΚΟΥΡΙΚΟΥ ΠΡΟΣΩΠΙΚΟΥ ΜΕ ΑΤΟΜΙΚΕΣ ΣΥΜΒΑΣΕΙΣ ΣΤΟ ΤΜΗΜΑ ΙΜΑΤΙΣΜΟΥ - ΕΣΤΙΑΣΗ ΜΕ ΠΑΡΑΤΑΣΗ ΣΥΜΒΑΣΕΩΝ  ΕΩΣ 31/3/2025 ΣΥΜΦΩΝΑ ΜΕ ΤΙΣ ΔΙΑΤΑΞΕΙΣ  ΤΟΥ Ν.5161/2024 (ΦΕΚ  196/29-11-2024/τ.Α΄) ΑΡΘΡΟ 27 ΠΑΡ. 1,999501452,ΓΕΝΙΚΟ ΝΟΣΟΚΟΜΕΙΟ ΒΟΛΟΥ,210.00,self-referential (payroll/EFKA/FMY remittance)
994Β4690ΒΩ-Μ7Ι,2025-07-02,ΚΑΤΑΒΟΛΗ ΑΠΟΔΟΧΩΝ ΜΗΝΟΣ ΙΟΥΝΙΟΥ 2025 ΕΠΙΚΟΥΡΙΚΟΥ ΠΡΟΣΩΠΙΚΟΥ ΜΕ ΑΤΟΜΙΚΕΣ ΣΥΜΒΑΣΕΙΣ ΣΤΟ ΤΜΗΜΑ ΙΜΑΤΙΣΜΟΥ - ΕΣΤΙΑΣΗ ΜΕ ΠΑΡΑΤΑΣΗ ΣΥΜΒΑΣΕΩΝ  ΕΩΣ 31/3/2025 ΣΥΜΦΩΝΑ ΜΕ ΤΙΣ ΔΙΑΤΑΞΕΙΣ  ΤΟΥ Ν.5161/2024 (ΦΕΚ  196/29-11-2024/τ.Α΄) ΑΡΘΡΟ 27 ΠΑΡ. 1,999501452,ΓΕΝΙΚΟ ΝΟΣΟΚΟΜΕΙΟ ΒΟΛΟΥ,1015.53,self-referential (payroll/EFKA/FMY remittance)
Ψ6ΙΚ4690ΒΩ-ΕΦ5,2025-07-02,: ΚΑΤΑΒΟΛΗ ΑΠΟΔΟΧΩΝ ΛΟΙΠΟΥ ΕΠΙΚΟΥΡΙΚΟΥ ΠΡΟΣΩΠΙΚΟΥ ΜΕ ΣΧΕΣΗ ΕΡΓΑΣΙΑΣ ΙΔΟΧ ΜΗΝΟΣ ΙΟΥΝΙΟΥ 2025 «ΕΝΙΣΧΥΣΗ ΤΩΝ ΦΟΡΕΩΝ ΥΓΕΙΑΣ ΜΕ ΕΠΙΚΟΥΡΙΚΟ ΠΡΟΣΩΠΙΚΟ ΓΙΑ ΤΗΝ ΑΝΤΑΠΟΚΡΙΣΗ ΣΤΙΣ ΑΝΑΓΚΕΣ ΛΟΓΩ ΤΗΣ ΕΠΙΔΗΜΙΑΣ COVID-19 ΣΤΗΝ ΠΕΡΙΦΕΡΕΙΑ ΘΕΣΣΑΛΙΑΣ» ΜΕ ΚΩΔΙΚΟ ΟΠΣ 5070510 ΣΤΟ ΕΠΙΧΕΙΡΗΣΙΑΚΟ ΠΡΟΓΡΑΜΜΑ «ΠΕΡΙΦΕΡΕΙΑΚΟ ΕΠΙΧΕΙΡΗΣΙΑΚΟ ΠΡΟΓΡΑΜΜΑ ΘΕΣΣΑΛΙΑΣ 2014  ΜΕ ΠΑΡΑΤΑΣΗ ΣΥΜΒΑΣΕΩΝ  ΕΩΣ 31/12/2025 ΣΥΜΦΩΝΑ ΜΕ ΤΙΣ ΔΙΑΤΑΞΕΙΣ  ΤΟΥ Ν.5161/2024 (ΦΕΚ  196/29-11-2024/τ.Α΄) ΑΡΘΡΟ 27 ΠΑΡ. 2,999501452,ΓΕΝΙΚΟ ΝΟΣΟΚΟΜΕΙΟ ΒΟΛΟΥ,51649.93,self-referential (payroll/EFKA/FMY remittance)
Ψ6ΙΚ4690ΒΩ-ΕΦ5,2025-07-02,: ΚΑΤΑΒΟΛΗ ΑΠΟΔΟΧΩΝ ΛΟΙΠΟΥ ΕΠΙΚΟΥΡΙΚΟΥ ΠΡΟΣΩΠΙΚΟΥ ΜΕ ΣΧΕΣΗ ΕΡΓΑΣΙΑΣ ΙΔΟΧ ΜΗΝΟΣ ΙΟΥΝΙΟΥ 2025 «ΕΝΙΣΧΥΣΗ ΤΩΝ ΦΟΡΕΩΝ ΥΓΕΙΑΣ ΜΕ ΕΠΙΚΟΥΡΙΚΟ ΠΡΟΣΩΠΙΚΟ ΓΙΑ ΤΗΝ ΑΝΤΑΠΟΚΡΙΣΗ ΣΤΙΣ ΑΝΑΓΚΕΣ ΛΟΓΩ ΤΗΣ ΕΠΙΔΗΜΙΑΣ COVID-19 ΣΤΗΝ ΠΕΡΙΦΕΡΕΙΑ ΘΕΣΣΑΛΙΑΣ» ΜΕ ΚΩΔΙΚΟ ΟΠΣ 5070510 ΣΤΟ ΕΠΙΧΕΙΡΗΣΙΑΚΟ ΠΡΟΓΡΑΜΜΑ «ΠΕΡΙΦΕΡΕΙΑΚΟ ΕΠΙΧΕΙΡΗΣΙΑΚΟ ΠΡΟΓΡΑΜΜΑ ΘΕΣΣΑΛΙΑΣ 2014  ΜΕ ΠΑΡΑΤΑΣΗ ΣΥΜΒΑΣΕΩΝ  ΕΩΣ 31/12/2025 ΣΥΜΦΩΝΑ ΜΕ ΤΙΣ ΔΙΑΤΑΞΕΙΣ  ΤΟΥ Ν.5161/2024 (ΦΕΚ  196/29-11-2024/τ.Α΄) ΑΡΘΡΟ 27 ΠΑΡ. 2,999501452,ΓΕΝΙΚΟ ΝΟΣΟΚΟΜΕΙΟ ΒΟΛΟΥ,1580.00,self-referential (payroll/EFKA/FMY remittance)
Ψ6ΙΚ4690ΒΩ-ΕΦ5,2025-07-02,: ΚΑΤΑΒΟΛΗ ΑΠΟΔΟΧΩΝ ΛΟΙΠΟΥ ΕΠΙΚΟΥΡΙΚΟΥ ΠΡΟΣΩΠΙΚΟΥ ΜΕ ΣΧΕΣΗ ΕΡΓΑΣΙΑΣ ΙΔΟΧ ΜΗΝΟΣ ΙΟΥΝΙΟΥ 2025 «ΕΝΙΣΧΥΣΗ ΤΩΝ ΦΟΡΕΩΝ ΥΓΕΙΑΣ ΜΕ ΕΠΙΚΟΥΡΙΚΟ ΠΡΟΣΩΠΙΚΟ ΓΙΑ ΤΗΝ ΑΝΤΑΠΟΚΡΙΣΗ ΣΤΙΣ ΑΝΑΓΚΕΣ ΛΟΓΩ ΤΗΣ ΕΠΙΔΗΜΙΑΣ COVID-19 ΣΤΗΝ ΠΕΡΙΦΕΡΕΙΑ ΘΕΣΣΑΛΙΑΣ» ΜΕ ΚΩΔΙΚΟ ΟΠΣ 5070510 ΣΤΟ ΕΠΙΧΕΙΡΗΣΙΑΚΟ ΠΡΟΓΡΑΜΜΑ «ΠΕΡΙΦΕΡΕΙΑΚΟ ΕΠΙΧΕΙΡΗΣΙΑΚΟ ΠΡΟΓΡΑΜΜΑ ΘΕΣΣΑΛΙΑΣ 2014  ΜΕ ΠΑΡΑΤΑΣΗ ΣΥΜΒΑΣΕΩΝ  ΕΩΣ 31/12/2025 ΣΥΜΦΩΝΑ ΜΕ ΤΙΣ ΔΙΑΤΑΞΕΙΣ  ΤΟΥ Ν.5161/2024 (ΦΕΚ  196/29-11-2024/τ.Α΄) ΑΡΘΡΟ 27 ΠΑΡ. 2,999501452,ΓΕΝΙΚΟ ΝΟΣΟΚΟΜΕΙΟ ΒΟΛΟΥ,8574.50,self-referential (payroll/EFKA/FMY remittance)
Ψ6ΙΚ4690ΒΩ-ΕΦ5,2025-07-02,: ΚΑΤΑΒΟΛΗ ΑΠΟΔΟΧΩΝ ΛΟΙΠΟΥ ΕΠΙΚΟΥΡΙΚΟΥ ΠΡΟΣΩΠΙΚΟΥ ΜΕ ΣΧΕΣΗ ΕΡΓΑΣΙΑΣ ΙΔΟΧ ΜΗΝΟΣ ΙΟΥΝΙΟΥ 2025 «ΕΝΙΣΧΥΣΗ ΤΩΝ ΦΟΡΕΩΝ ΥΓΕΙΑΣ ΜΕ ΕΠΙΚΟΥΡΙΚΟ ΠΡΟΣΩΠΙΚΟ ΓΙΑ ΤΗΝ ΑΝΤΑΠΟΚΡΙΣΗ ΣΤΙΣ ΑΝΑΓΚΕΣ ΛΟΓΩ ΤΗΣ ΕΠΙΔΗΜΙΑΣ COVID-19 ΣΤΗΝ ΠΕΡΙΦΕΡΕΙΑ ΘΕΣΣΑΛΙΑΣ» ΜΕ ΚΩΔΙΚΟ ΟΠΣ 5070510 ΣΤΟ ΕΠΙΧΕΙΡΗΣΙΑΚΟ ΠΡΟΓΡΑΜΜΑ «ΠΕΡΙΦΕΡΕΙΑΚΟ ΕΠΙΧΕΙΡΗΣΙΑΚΟ ΠΡΟΓΡΑΜΜΑ ΘΕΣΣΑΛΙΑΣ 2014  ΜΕ ΠΑΡΑΤΑΣΗ ΣΥΜΒΑΣΕΩΝ  ΕΩΣ 31/12/2025 ΣΥΜΦΩΝΑ ΜΕ ΤΙΣ ΔΙΑΤΑΞΕΙΣ  ΤΟΥ Ν.5161/2024 (ΦΕΚ  196/29-11-2024/τ.Α΄) ΑΡΘΡΟ 27 ΠΑΡ. 2,999501452,ΓΕΝΙΚΟ ΝΟΣΟΚΟΜΕΙΟ ΒΟΛΟΥ,14664.35,self-referential (payroll/EFKA/FMY remittance)
ΨΘ3Ρ4690ΒΩ-ΞΚΜ,2025-07-02,ΚΑΤΑΒΟΛΗ ΑΠΟΔΟΧΩΝ ΙΑΤΡΙΚΟΥ ΕΠΙΚΟΥΡΙΚΟΥ ΠΡΟΣΩΠΙΚΟΥ ΜΕ ΣΧΕΣΗ ΕΡΓΑΣΙΑΣ ΙΔΟΧ ΜΗΝΟΣ ΙΟΥΝΙΟΥ 2025 «ΕΝΙΣΧΥΣΗ ΤΩΝ ΦΟΡΕΩΝ ΥΓΕΙΑΣ ΜΕ ΕΠΙΚΟΥΡΙΚΟ ΠΡΟΣΩΠΙΚΟ ΓΙΑ ΤΗΝ ΑΝΤΑΠΟΚΡΙΣΗ ΣΤΙΣ ΑΝΑΓΚΕΣ ΛΟΓΩ ΤΗΣ ΕΠΙΔΗΜΙΑΣ COVID-19 ΣΤΗΝ ΠΕΡΙΦΕΡΕΙΑ ΘΕΣΣΑΛΙΑΣ» ΜΕ ΚΩΔΙΚΟ ΟΠΣ 5070510 ΣΤΟ ΕΠΙΧΕΙΡΗΣΙΑΚΟ ΠΡΟΓΡΑΜΜΑ «ΠΕΡΙΦΕΡΕΙΑΚΟ ΕΠΙΧΕΙΡΗΣΙΑΚΟ ΠΡΟΓΡΑΜΜΑ ΘΕΣΣΑΛΙΑΣ 2014  ΜΕ ΠΑΡΑΤΑΣΗ ΣΥΜΒΑΣΕΩΝ  ΕΩΣ 31/12/2025 ΣΥΜΦΩΝΑ ΜΕ ΤΙΣ ΔΙΑΤΑΞΕΙΣ  ΤΟΥ Ν.5161/2024 (ΦΕΚ  196/29-11-2024/τ.Α΄) ΑΡΘΡΟ 27 ΠΑΡ. 2,999501452,ΓΕΝΙΚΟ ΝΟΣΟΚΟΜΕΙΟ ΒΟΛΟΥ,4066.00,self-referential (payroll/EFKA/FMY remittance)
ΨΘ3Ρ4690ΒΩ-ΞΚΜ,2025-07-02,ΚΑΤΑΒΟΛΗ ΑΠΟΔΟΧΩΝ ΙΑΤΡΙΚΟΥ ΕΠΙΚΟΥΡΙΚΟΥ ΠΡΟΣΩΠΙΚΟΥ ΜΕ ΣΧΕΣΗ ΕΡΓΑΣΙΑΣ ΙΔΟΧ ΜΗΝΟΣ ΙΟΥΝΙΟΥ 2025 «ΕΝΙΣΧΥΣΗ ΤΩΝ ΦΟΡΕΩΝ ΥΓΕΙΑΣ ΜΕ ΕΠΙΚΟΥΡΙΚΟ ΠΡΟΣΩΠΙΚΟ ΓΙΑ ΤΗΝ ΑΝΤΑΠΟΚΡΙΣΗ ΣΤΙΣ ΑΝΑΓΚΕΣ ΛΟΓΩ ΤΗΣ ΕΠΙΔΗΜΙΑΣ COVID-19 ΣΤΗΝ ΠΕΡΙΦΕΡΕΙΑ ΘΕΣΣΑΛΙΑΣ» ΜΕ ΚΩΔΙΚΟ ΟΠΣ 5070510 ΣΤΟ ΕΠΙΧΕΙΡΗΣΙΑΚΟ ΠΡΟΓΡΑΜΜΑ «ΠΕΡΙΦΕΡΕΙΑΚΟ ΕΠΙΧΕΙΡΗΣΙΑΚΟ ΠΡΟΓΡΑΜΜΑ ΘΕΣΣΑΛΙΑΣ 2014  ΜΕ ΠΑΡΑΤΑΣΗ ΣΥΜΒΑΣΕΩΝ  ΕΩΣ 31/12/2025 ΣΥΜΦΩΝΑ ΜΕ ΤΙΣ ΔΙΑΤΑΞΕΙΣ  ΤΟΥ Ν.5161/2024 (ΦΕΚ  196/29-11-2024/τ.Α΄) ΑΡΘΡΟ 27 ΠΑΡ. 2,999501452,ΓΕΝΙΚΟ ΝΟΣΟΚΟΜΕΙΟ ΒΟΛΟΥ,70.00,self-referential (payroll/EFKA/FMY remittance)
ΨΘ3Ρ4690ΒΩ-ΞΚΜ,2025-07-02,ΚΑΤΑΒΟΛΗ ΑΠΟΔΟΧΩΝ ΙΑΤΡΙΚΟΥ ΕΠΙΚΟΥΡΙΚΟΥ ΠΡΟΣΩΠΙΚΟΥ ΜΕ ΣΧΕΣΗ ΕΡΓΑΣΙΑΣ ΙΔΟΧ ΜΗΝΟΣ ΙΟΥΝΙΟΥ 2025 «ΕΝΙΣΧΥΣΗ ΤΩΝ ΦΟΡΕΩΝ ΥΓΕΙΑΣ ΜΕ ΕΠΙΚΟΥΡΙΚΟ ΠΡΟΣΩΠΙΚΟ ΓΙΑ ΤΗΝ ΑΝΤΑΠΟΚΡΙΣΗ ΣΤΙΣ ΑΝΑΓΚΕΣ ΛΟΓΩ ΤΗΣ ΕΠΙΔΗΜΙΑΣ COVID-19 ΣΤΗΝ ΠΕΡΙΦΕΡΕΙΑ ΘΕΣΣΑΛΙΑΣ» ΜΕ ΚΩΔΙΚΟ ΟΠΣ 5070510 ΣΤΟ ΕΠΙΧΕΙΡΗΣΙΑΚΟ ΠΡΟΓΡΑΜΜΑ «ΠΕΡΙΦΕΡΕΙΑΚΟ ΕΠΙΧΕΙΡΗΣΙΑΚΟ ΠΡΟΓΡΑΜΜΑ ΘΕΣΣΑΛΙΑΣ 2014  ΜΕ ΠΑΡΑΤΑΣΗ ΣΥΜΒΑΣΕΩΝ  ΕΩΣ 31/12/2025 ΣΥΜΦΩΝΑ ΜΕ ΤΙΣ ΔΙΑΤΑΞΕΙΣ  ΤΟΥ Ν.5161/2024 (ΦΕΚ  196/29-11-2024/τ.Α΄) ΑΡΘΡΟ 27 ΠΑΡ. 2,999501452,ΓΕΝΙΚΟ ΝΟΣΟΚΟΜΕΙΟ ΒΟΛΟΥ,960.00,self-referential (payroll/EFKA/FMY remittance)
ΨΘ3Ρ4690ΒΩ-ΞΚΜ,2025-07-02,ΚΑΤΑΒΟΛΗ ΑΠΟΔΟΧΩΝ ΙΑΤΡΙΚΟΥ ΕΠΙΚΟΥΡΙΚΟΥ ΠΡΟΣΩΠΙΚΟΥ ΜΕ ΣΧΕΣΗ ΕΡΓΑΣΙΑΣ ΙΔΟΧ ΜΗΝΟΣ ΙΟΥΝΙΟΥ 2025 «ΕΝΙΣΧΥΣΗ ΤΩΝ ΦΟΡΕΩΝ ΥΓΕΙΑΣ ΜΕ ΕΠΙΚΟΥΡΙΚΟ ΠΡΟΣΩΠΙΚΟ ΓΙΑ ΤΗΝ ΑΝΤΑΠΟΚΡΙΣΗ ΣΤΙΣ ΑΝΑΓΚΕΣ ΛΟΓΩ ΤΗΣ ΕΠΙΔΗΜΙΑΣ COVID-19 ΣΤΗΝ ΠΕΡΙΦΕΡΕΙΑ ΘΕΣΣΑΛΙΑΣ» ΜΕ ΚΩΔΙΚΟ ΟΠΣ 5070510 ΣΤΟ ΕΠΙΧΕΙΡΗΣΙΑΚΟ ΠΡΟΓΡΑΜΜΑ «ΠΕΡΙΦΕΡΕΙΑΚΟ ΕΠΙΧΕΙΡΗΣΙΑΚΟ ΠΡΟΓΡΑΜΜΑ ΘΕΣΣΑΛΙΑΣ 2014  ΜΕ ΠΑΡΑΤΑΣΗ ΣΥΜΒΑΣΕΩΝ  ΕΩΣ 31/12/2025 ΣΥΜΦΩΝΑ ΜΕ ΤΙΣ ΔΙΑΤΑΞΕΙΣ  ΤΟΥ Ν.5161/2024 (ΦΕΚ  196/29-11-2024/τ.Α΄) ΑΡΘΡΟ 27 ΠΑΡ. 2,999501452,ΓΕΝΙΚΟ ΝΟΣΟΚΟΜΕΙΟ ΒΟΛΟΥ,1114.78,self-referential (payroll/EFKA/FMY remittance)
6Ν764690ΒΩ-ΡΒΣ,2025-07-02,ΚΑΤΑΒΟΛΗ ΑΠΟΔΟΧΩΝ ΜΗΝΟΣ ΙΟΥΝΙΟΥ 2025  ΛΟΙΠΟΥ ΕΠΙΚΟΥΡΙΚΟΥ ΠΡΟΣΩΠΙΚΟΥ ΜΕ ΣΧΕΣΗ ΕΡΓΑΣΙΑΣ ΙΔΟΧ ΣΕ ΕΦΑΡΜΟΓΗ ΤΩΝ ΔΙΑΤΑΞΕΩΝ ΤΟΥ ΑΡΘΡΟΥ 17 ΤΗΣ ΠΝΠ ΦΕΚ 55/1-3-2020 ΄΄ΚΑΤΕΠΕΙΓΟΝΤΑ ΜΕΤΡΑ ΑΝΤΙΜΕΤΩΠΙΣΗΣ ΤΩΝ ΑΡΝΗΤΙΚΩΝ ΣΥΝΕΠΕΙΩΝ ΤΗΣ ΕΜΦΑΝΙΣΗΣ COVID19 ΜΕ ΠΑΡΑΤΑΣΗ ΣΥΜΒΑΣΕΩΝ  ΕΩΣ 31/12/2025 ΣΥΜΦΩΝΑ ΜΕ ΤΙΣ ΔΙΑΤΑΞΕΙΣ ΤΟΥ Ν.5161/2024 (ΦΕΚ  196/29-11-2024/τ.Α΄) ΑΡΘΡΟ 27 ΠΑΡ. 2,999501452,ΓΕΝΙΚΟ ΝΟΣΟΚΟΜΕΙΟ ΒΟΛΟΥ,17277.67,self-referential (payroll/EFKA/FMY remittance)
6Ν764690ΒΩ-ΡΒΣ,2025-07-02,ΚΑΤΑΒΟΛΗ ΑΠΟΔΟΧΩΝ ΜΗΝΟΣ ΙΟΥΝΙΟΥ 2025  ΛΟΙΠΟΥ ΕΠΙΚΟΥΡΙΚΟΥ ΠΡΟΣΩΠΙΚΟΥ ΜΕ ΣΧΕΣΗ ΕΡΓΑΣΙΑΣ ΙΔΟΧ ΣΕ ΕΦΑΡΜΟΓΗ ΤΩΝ ΔΙΑΤΑΞΕΩΝ ΤΟΥ ΑΡΘΡΟΥ 17 ΤΗΣ ΠΝΠ ΦΕΚ 55/1-3-2020 ΄΄ΚΑΤΕΠΕΙΓΟΝΤΑ ΜΕΤΡΑ ΑΝΤΙΜΕΤΩΠΙΣΗΣ ΤΩΝ ΑΡΝΗΤΙΚΩΝ ΣΥΝΕΠΕΙΩΝ ΤΗΣ ΕΜΦΑΝΙΣΗΣ COVID19 ΜΕ ΠΑΡΑΤΑΣΗ ΣΥΜΒΑΣΕΩΝ  ΕΩΣ 31/12/2025 ΣΥΜΦΩΝΑ ΜΕ ΤΙΣ ΔΙΑΤΑΞΕΙΣ ΤΟΥ Ν.5161/2024 (ΦΕΚ  196/29-11-2024/τ.Α΄) ΑΡΘΡΟ 27 ΠΑΡ. 2,999501452,ΓΕΝΙΚΟ ΝΟΣΟΚΟΜΕΙΟ ΒΟΛΟΥ,1066.67,self-referential (payroll/EFKA/FMY remittance)
6Ν764690ΒΩ-ΡΒΣ,2025-07-02,ΚΑΤΑΒΟΛΗ ΑΠΟΔΟΧΩΝ ΜΗΝΟΣ ΙΟΥΝΙΟΥ 2025  ΛΟΙΠΟΥ ΕΠΙΚΟΥΡΙΚΟΥ ΠΡΟΣΩΠΙΚΟΥ ΜΕ ΣΧΕΣΗ ΕΡΓΑΣΙΑΣ ΙΔΟΧ ΣΕ ΕΦΑΡΜΟΓΗ ΤΩΝ ΔΙΑΤΑΞΕΩΝ ΤΟΥ ΑΡΘΡΟΥ 17 ΤΗΣ ΠΝΠ ΦΕΚ 55/1-3-2020 ΄΄ΚΑΤΕΠΕΙΓΟΝΤΑ ΜΕΤΡΑ ΑΝΤΙΜΕΤΩΠΙΣΗΣ ΤΩΝ ΑΡΝΗΤΙΚΩΝ ΣΥΝΕΠΕΙΩΝ ΤΗΣ ΕΜΦΑΝΙΣΗΣ COVID19 ΜΕ ΠΑΡΑΤΑΣΗ ΣΥΜΒΑΣΕΩΝ  ΕΩΣ 31/12/2025 ΣΥΜΦΩΝΑ ΜΕ ΤΙΣ ΔΙΑΤΑΞΕΙΣ ΤΟΥ Ν.5161/2024 (ΦΕΚ  196/29-11-2024/τ.Α΄) ΑΡΘΡΟ 27 ΠΑΡ. 2,999501452,ΓΕΝΙΚΟ ΝΟΣΟΚΟΜΕΙΟ ΒΟΛΟΥ,1848.33,self-referential (payroll/EFKA/FMY remittance)
6Ν764690ΒΩ-ΡΒΣ,2025-07-02,ΚΑΤΑΒΟΛΗ ΑΠΟΔΟΧΩΝ ΜΗΝΟΣ ΙΟΥΝΙΟΥ 2025  ΛΟΙΠΟΥ ΕΠΙΚΟΥΡΙΚΟΥ ΠΡΟΣΩΠΙΚΟΥ ΜΕ ΣΧΕΣΗ ΕΡΓΑΣΙΑΣ ΙΔΟΧ ΣΕ ΕΦΑΡΜΟΓΗ ΤΩΝ ΔΙΑΤΑΞΕΩΝ ΤΟΥ ΑΡΘΡΟΥ 17 ΤΗΣ ΠΝΠ ΦΕΚ 55/1-3-2020 ΄΄ΚΑΤΕΠΕΙΓΟΝΤΑ ΜΕΤΡΑ ΑΝΤΙΜΕΤΩΠΙΣΗΣ ΤΩΝ ΑΡΝΗΤΙΚΩΝ ΣΥΝΕΠΕΙΩΝ ΤΗΣ ΕΜΦΑΝΙΣΗΣ COVID19 ΜΕ ΠΑΡΑΤΑΣΗ ΣΥΜΒΑΣΕΩΝ  ΕΩΣ 31/12/2025 ΣΥΜΦΩΝΑ ΜΕ ΤΙΣ ΔΙΑΤΑΞΕΙΣ ΤΟΥ Ν.5161/2024 (ΦΕΚ  196/29-11-2024/τ.Α΄) ΑΡΘΡΟ 27 ΠΑΡ. 2,999501452,ΓΕΝΙΚΟ ΝΟΣΟΚΟΜΕΙΟ ΒΟΛΟΥ,4659.36,self-referential (payroll/EFKA/FMY remittance)
ΨΧΨ84690ΒΩ-00Μ,2025-07-02,ΚΑΤΑΒΟΛΗ ΑΠΟΔΟΧΩΝ ΛΟΙΠΟΥ ΕΠΙΚΟΥΡΙΚΟΥ ΠΡΟΣΩΠΙΚΟΥ ΜΗΝΟΣ ΙΟΥΝΙΟΥ 2025  ΜΕ ΠΑΡΑΤΑΣΗ ΣΥΜΒΑΣΕΩΝ  ΕΩΣ 31/12/2025 ΣΥΜΦΩΝΑ ΜΕ ΤΙΣ ΔΙΑΤΑΞΕΙΣ  ΤΟΥ Ν.5161/2024 (ΦΕΚ  196/29-11-2024/τ.Α΄) ΑΡΘΡΟ 27 ΠΑΡ. 2,999501452,ΓΕΝΙΚΟ ΝΟΣΟΚΟΜΕΙΟ ΒΟΛΟΥ,2210.00,self-referential (payroll/EFKA/FMY remittance)
ΨΧΨ84690ΒΩ-00Μ,2025-07-02,ΚΑΤΑΒΟΛΗ ΑΠΟΔΟΧΩΝ ΛΟΙΠΟΥ ΕΠΙΚΟΥΡΙΚΟΥ ΠΡΟΣΩΠΙΚΟΥ ΜΗΝΟΣ ΙΟΥΝΙΟΥ 2025  ΜΕ ΠΑΡΑΤΑΣΗ ΣΥΜΒΑΣΕΩΝ  ΕΩΣ 31/12/2025 ΣΥΜΦΩΝΑ ΜΕ ΤΙΣ ΔΙΑΤΑΞΕΙΣ  ΤΟΥ Ν.5161/2024 (ΦΕΚ  196/29-11-2024/τ.Α΄) ΑΡΘΡΟ 27 ΠΑΡ. 2,999501452,ΓΕΝΙΚΟ ΝΟΣΟΚΟΜΕΙΟ ΒΟΛΟΥ,240.00,self-referential (payroll/EFKA/FMY remittance)
ΨΧΨ84690ΒΩ-00Μ,2025-07-02,ΚΑΤΑΒΟΛΗ ΑΠΟΔΟΧΩΝ ΛΟΙΠΟΥ ΕΠΙΚΟΥΡΙΚΟΥ ΠΡΟΣΩΠΙΚΟΥ ΜΗΝΟΣ ΙΟΥΝΙΟΥ 2025  ΜΕ ΠΑΡΑΤΑΣΗ ΣΥΜΒΑΣΕΩΝ  ΕΩΣ 31/12/2025 ΣΥΜΦΩΝΑ ΜΕ ΤΙΣ ΔΙΑΤΑΞΕΙΣ  ΤΟΥ Ν.5161/2024 (ΦΕΚ  196/29-11-2024/τ.Α΄) ΑΡΘΡΟ 27 ΠΑΡ. 2,999501452,ΓΕΝΙΚΟ ΝΟΣΟΚΟΜΕΙΟ ΒΟΛΟΥ,365.00,self-referential (payroll/EFKA/FMY remittance)
ΨΧΨ84690ΒΩ-00Μ,2025-07-02,ΚΑΤΑΒΟΛΗ ΑΠΟΔΟΧΩΝ ΛΟΙΠΟΥ ΕΠΙΚΟΥΡΙΚΟΥ ΠΡΟΣΩΠΙΚΟΥ ΜΗΝΟΣ ΙΟΥΝΙΟΥ 2025  ΜΕ ΠΑΡΑΤΑΣΗ ΣΥΜΒΑΣΕΩΝ  ΕΩΣ 31/12/2025 ΣΥΜΦΩΝΑ ΜΕ ΤΙΣ ΔΙΑΤΑΞΕΙΣ  ΤΟΥ Ν.5161/2024 (ΦΕΚ  196/29-11-2024/τ.Α΄) ΑΡΘΡΟ 27 ΠΑΡ. 2,999501452,ΓΕΝΙΚΟ ΝΟΣΟΚΟΜΕΙΟ ΒΟΛΟΥ,673.91,self-referential (payroll/EFKA/FMY remittance)
Ψ5ΩΟ4690ΒΩ-ΟΣ2,2025-07-02,ΚΑΤΑΒΟΛΗ ΑΠΟΔΟΧΩΝ ΜΗΝΟΣ ΙΟΥΝΙΟΥ 2025  ΣΤΗ ΝΕΟΔΙΟΡΙΣΤΗ ΕΠΙΚΟΥΡΙΚΗ ΙΑΤΡΟ  ΟΦΘΑΛΜΟΛΟΓΙΑΣ ΑΠΟ 11/5/2025,999501452,ΓΕΝΙΚΟ ΝΟΣΟΚΟΜΕΙΟ ΒΟΛΟΥ,1105.33,self-referential (payroll/EFKA/FMY remittance)
Ψ5ΩΟ4690ΒΩ-ΟΣ2,2025-07-02,ΚΑΤΑΒΟΛΗ ΑΠΟΔΟΧΩΝ ΜΗΝΟΣ ΙΟΥΝΙΟΥ 2025  ΣΤΗ ΝΕΟΔΙΟΡΙΣΤΗ ΕΠΙΚΟΥΡΙΚΗ ΙΑΤΡΟ  ΟΦΘΑΛΜΟΛΟΓΙΑΣ ΑΠΟ 11/5/2025,999501452,ΓΕΝΙΚΟ ΝΟΣΟΚΟΜΕΙΟ ΒΟΛΟΥ,46.67,self-referential (payroll/EFKA/FMY remittance)
Ψ5ΩΟ4690ΒΩ-ΟΣ2,2025-07-02,ΚΑΤΑΒΟΛΗ ΑΠΟΔΟΧΩΝ ΜΗΝΟΣ ΙΟΥΝΙΟΥ 2025  ΣΤΗ ΝΕΟΔΙΟΡΙΣΤΗ ΕΠΙΚΟΥΡΙΚΗ ΙΑΤΡΟ  ΟΦΘΑΛΜΟΛΟΓΙΑΣ ΑΠΟ 11/5/2025,999501452,ΓΕΝΙΚΟ ΝΟΣΟΚΟΜΕΙΟ ΒΟΛΟΥ,266.67,self-referential (payroll/EFKA/FMY remittance)
Ψ5ΩΟ4690ΒΩ-ΟΣ2,2025-07-02,ΚΑΤΑΒΟΛΗ ΑΠΟΔΟΧΩΝ ΜΗΝΟΣ ΙΟΥΝΙΟΥ 2025  ΣΤΗ ΝΕΟΔΙΟΡΙΣΤΗ ΕΠΙΚΟΥΡΙΚΗ ΙΑΤΡΟ  ΟΦΘΑΛΜΟΛΟΓΙΑΣ ΑΠΟ 11/5/2025,999501452,ΓΕΝΙΚΟ ΝΟΣΟΚΟΜΕΙΟ ΒΟΛΟΥ,309.13,self-referential (payroll/EFKA/FMY remittance)
9ΛΓΙ4690ΒΩ-ΥΛΦ,2025-07-02,ΚΑΤΑΒΟΛΗ ΑΠΟΔΟΧΩΝ ΜΗΝΟΣ ΙΟΥΝΙΟΥ 2025 ΙΑΤΡΙΚΟΥ ΕΠΙΚΟΥΡΙΚΟΥ ΠΡΟΣΩΠΙΚΟΥ,999501452,ΓΕΝΙΚΟ ΝΟΣΟΚΟΜΕΙΟ ΒΟΛΟΥ,15244.00,self-referential (payroll/EFKA/FMY remittance)
9ΛΓΙ4690ΒΩ-ΥΛΦ,2025-07-02,ΚΑΤΑΒΟΛΗ ΑΠΟΔΟΧΩΝ ΜΗΝΟΣ ΙΟΥΝΙΟΥ 2025 ΙΑΤΡΙΚΟΥ ΕΠΙΚΟΥΡΙΚΟΥ ΠΡΟΣΩΠΙΚΟΥ,999501452,ΓΕΝΙΚΟ ΝΟΣΟΚΟΜΕΙΟ ΒΟΛΟΥ,180.00,self-referential (payroll/EFKA/FMY remittance)
9ΛΓΙ4690ΒΩ-ΥΛΦ,2025-07-02,ΚΑΤΑΒΟΛΗ ΑΠΟΔΟΧΩΝ ΜΗΝΟΣ ΙΟΥΝΙΟΥ 2025 ΙΑΤΡΙΚΟΥ ΕΠΙΚΟΥΡΙΚΟΥ ΠΡΟΣΩΠΙΚΟΥ,999501452,ΓΕΝΙΚΟ ΝΟΣΟΚΟΜΕΙΟ ΒΟΛΟΥ,430.00,self-referential (payroll/EFKA/FMY remittance)
9ΛΓΙ4690ΒΩ-ΥΛΦ,2025-07-02,ΚΑΤΑΒΟΛΗ ΑΠΟΔΟΧΩΝ ΜΗΝΟΣ ΙΟΥΝΙΟΥ 2025 ΙΑΤΡΙΚΟΥ ΕΠΙΚΟΥΡΙΚΟΥ ΠΡΟΣΩΠΙΚΟΥ,999501452,ΓΕΝΙΚΟ ΝΟΣΟΚΟΜΕΙΟ ΒΟΛΟΥ,3450.00,self-referential (payroll/EFKA/FMY remittance)
9ΛΓΙ4690ΒΩ-ΥΛΦ,2025-07-02,ΚΑΤΑΒΟΛΗ ΑΠΟΔΟΧΩΝ ΜΗΝΟΣ ΙΟΥΝΙΟΥ 2025 ΙΑΤΡΙΚΟΥ ΕΠΙΚΟΥΡΙΚΟΥ ΠΡΟΣΩΠΙΚΟΥ,999501452,ΓΕΝΙΚΟ ΝΟΣΟΚΟΜΕΙΟ ΒΟΛΟΥ,4206.35,self-referential (payroll/EFKA/FMY remittance)
96ΜΚ4690ΒΩ-63Ω,2025-07-01,"ΠΡΟΜΗΘΕΙΑ ΦΑΡΜΑΚΕΥΤΙΚΟΥ ΥΛΙΚΟΥ ΝΟΣΟΚΟΜΕΙΟΥ ΓΙΑ ΤΟΥΣ ΜΗΝΕΣ ΙΑΝΟΥΑΡΙΟ ΕΩΣ ΙΟΥΛΙΟ 2024 (ΓΔΟΥ/οικ.59434/31-7-2018) ΠΡΟΣΘΕΤΟ REBATE Β' ΕΞΑΜΗΝΟΥ 2022 (6,68) & REBATE A΄ΕΞΑΜΗΝΟΥ 2023 (56,18) THΣ ΠΑΡ.3 TOY AΡΘΡΟ 35 TOY N. 3918/2011) & ΣΥΜΦΩΝΑ ΜΕ ΤΙΣ ΔΙΑΤΑΞΕΙΣ ΤΟΥ Ν.5161/2024 αρθ.14 (ΦΕΚ 196/ τ.Α΄/29-11-2024)",094063416,GALENICA ΦΑΡΜΑΚΕΥΤΙΚΗ ΒΙΟΜΗΧΑΝΙΑ ΑΝΩΝΥΜΗ ΕΤΑΙΡΕΙΑ,-47.04,negative amount
9Β5Ο4690ΒΩ-ΘΚΟ,2025-06-25,"ΚΑΤΑΒΟΛΗ ΠΟΣΟΥ ΑΠΟ ΑΣΦΑΛΙΣΤΙΚΕΣ ΔΙΑΦΟΡΕΣ ΛΟΓΩ ΜΗ  ΑΛΛΑΓΗΣ ΚΩΔΙΚΟΥ ΠΑΚΕΤΟΥ ΚΑΛΥΨΗΣ (ΠΚ ) 543 ΤΟ ΟΠΟΙΟ ΕΜΠΙΠΤΕΙ ΣΤΗ ΑΣΦΑΛΙΣΗ ΤΩΝ ΒΑΡΕΩΝ ,  ΣΕ ΚΩΔΙΚΟ  ΠΑΚΕΤΟΥ ΚΑΛΥΨΗΣ (ΠΚ) 531 ΜΗ ΒΑΡΕΑ  ΑΠΟ ΦΕΒΡΟΥΑΡΙΟ 2020 ΕΩΣ  ΚΑΙ ΙΟΥΛΙΟ 2020",999501452,ΓΕΝΙΚΟ ΝΟΣΟΚΟΜΕΙΟ ΒΟΛΟΥ,311.87,self-referential (payroll/EFKA/FMY remittance)
ΡΛΔΞ4690ΒΩ-ΗΝΒ,2025-06-20,ΑΜΟΙΒΗ ΛΟΙΠΟΥ ΠΡΟΣΩΠΙΚΟΥ ΠΟΥ ΕΡΓΑΣΤΗΚΑΝ ΣΤΑ ΟΛΟΗΜΕΡΑ ΙΑΤΡΕΙΑ ΤΟΝ ΜΗΝΑ ΑΠΡΙΛΙΟ 2025,999501452,ΓΕΝΙΚΟ ΝΟΣΟΚΟΜΕΙΟ ΒΟΛΟΥ,1645.00,self-referential (payroll/EFKA/FMY remittance)
9ΛΠΚ4690ΒΩ-7Ξ9,2025-06-20,ΑΜΟΙΒΗ ΛΟΙΠΟΥ ΠΡΟΣΩΠΙΚΟΥ ΠΟΥ ΕΡΓΑΣΤΗΚΑΝ ΣΤΑ ΟΛΟΗΜΕΡΑ ΙΑΤΡΕΙΑ ΤΟΝ ΜΗΝΑ ΑΠΡΙΛΙΟ 2025,999501452,ΓΕΝΙΚΟ ΝΟΣΟΚΟΜΕΙΟ ΒΟΛΟΥ,1536.00,self-referential (payroll/EFKA/FMY remittance)
ΨΛΠ34690ΒΩ-Ω1Ω,2025-06-20,ΑΜΟΙΒΗ ΙΑΤΡΟΥ ΑΠΟ ΧΕΙΡΟΥΡΓΙΚΕΣ( ΟΔΟΝΤΙΑΤΡΙΚΕΣ ) ΠΡΑΞΕΙΣ ΑΣΦΑΛΙΣΜΕΝΩΝ ΤΟΥ ΕΟΠΥ ΤΟΝ ΜΗΝΑ  ΦΕΒΡΟΥΑΡΙΟ 2020,999501452,ΓΕΝΙΚΟ ΝΟΣΟΚΟΜΕΙΟ ΒΟΛΟΥ,1200.00,self-referential (payroll/EFKA/FMY remittance)
9ΨΟ54690ΒΩ-ΘΒΕ,2025-06-20,ΑΜΟΙΒΗ ΙΑΤΡΟΥ ΑΠΟ ΧΕΙΡΟΥΡΓΙΚΕΣ( ΟΔΟΝΤΙΑΤΡΙΚΕΣ ) ΠΡΑΞΕΙΣ ΑΝΑΣΦΑΛΙΣΤΩΝ ΕΛΛΗΝΩΝ ΔΙΚΑΙΟΥΧΩΝ ΤΟΥ Ν. 4368/2016 ΤΟΝ ΜΗΝΑ  ΑΥΓΟΥΣΤΟ 20120,999501452,ΓΕΝΙΚΟ ΝΟΣΟΚΟΜΕΙΟ ΒΟΛΟΥ,120.00,self-referential (payroll/EFKA/FMY remittance)
9ΔΗ04690ΒΩ-ΕΘΟ,2025-06-20,"ΚΑΤΑΒΟΛΗ ΕΚΤΑΚΤΗΣ ΟΙΚΟΝΟΜΙΚΗΣ ΕΝΙΣΧΥΣΗΣ ΕΦΗΜΕΡΙΩΝ  ΙΑΤΡΩΝ ΕΣΥ ΣΥΜΦΩΝΑ ΜΕ ΤΙΣ ΔΙΑΤΑΞΕΙΣ ΤΩΝ ΑΡΘΡΩΝ 88,89 ΚΑΙ 90 ΤΟΥ Ν.4850/2021 ΦΕΚ 208/τ. Α΄ ΜΗΝΟΣ    ΑΠΡΙΛΙΟΥ 2025",999501452,ΓΕΝΙΚΟ ΝΟΣΟΚΟΜΕΙΟ ΒΟΛΟΥ,4500.00,self-referential (payroll/EFKA/FMY remittance)
Ψ5ΜΔ4690ΒΩ-ΞΘΣ,2025-06-20,ΑΜΟΙΒΗ ΙΑΤΡΟΥ ΑΠΟ ΧΕΙΡΟΥΡΓΙΚΕΣ( ΟΔΟΝΤΙΑΤΡΙΚΕΣ ) ΠΡΑΞΕΙΣ ΑΣΦΑΛΙΣΜΕΝΩΝ ΤΟΥ ΕΟΠΥ ΤΟΝ ΜΗΝΑ  ΙΑΝΟΥΑΡΙΟ 2020,999501452,ΓΕΝΙΚΟ ΝΟΣΟΚΟΜΕΙΟ ΒΟΛΟΥ,600.00,self-referential (payroll/EFKA/FMY remittance)
9Ζ954690ΒΩ-Υ61,2025-06-20,ΕΦΗΜΕΡΙΕΣ (ΥΠΕΡΒΑΛΛΟΥΣΕΣ) ΙΑΤΡΙΚΟΥ ΕΠΙΚΟΥΡΙΚΟΥ ΠΡΟΣΩΠΙΚΟΥ ΜΕ ΣΧΕΣΗ ΕΡΓΑΣΙΑΣ ΙΔΟΧ ΜΗΝΟΣ  ΦΕΒΡΟΥΑΡΙΟΥ 2025 «ΕΝΙΣΧΥΣΗ ΤΩΝ ΦΟΡΕΩΝ ΥΓΕΙΑΣ ΜΕ ΕΠΙΚΟΥΡΙΚΟ ΠΡΟΣΩΠΙΚΟ ΓΙΑ ΤΗΝ ΑΝΤΑΠΟΚΡΙΣΗ ΣΤΙΣ ΑΝΑΓΚΕΣ ΛΟΓΩ ΤΗΣ ΕΠΙΔΗΜΙΑΣ COVID-19 ΣΤΗΝ ΠΕΡΙΦΕΡΕΙΑ ΘΕΣΣΑΛΙΑΣ» ΜΕ ΚΩΔΙΚΟ ΟΠΣ 5070510 ΣΤΟ ΕΠΙΧΕΙΡΗΣΙΑΚΟ ΠΡΟΓΡΑΜΜΑ «ΠΕΡΙΦΕΡΕΙΑΚΟ ΕΠΙΧΕΙΡΗΣΙΑΚΟ ΠΡΟΓΡΑΜΜΑ ΘΕΣΣΑΛΙΑΣ 2014 ΜΕ ΠΑΡΑΤΑΣΗ ΣΥΜΒΑΣΕΩΝ  ΕΩΣ 31/12/2024 ΣΥΜΦΩΝΑ ΜΕ ΤΙΣ ΔΙΑΤΑΞΕΙΣ  ΤΟΥ Ν.5079/2023 (ΦΕΚ 215/22-12-2023/τ.Α΄) ΑΡΘΡΟ 70 ΠΑΡ.,999501452,ΓΕΝΙΚΟ ΝΟΣΟΚΟΜΕΙΟ ΒΟΛΟΥ,128.24,self-referential (payroll/EFKA/FMY remittance)
96ΞΜ4690ΒΩ-ΑΜΓ,2025-06-20,ΕΦΗΜΕΡΙΕΣ (ΥΠΕΡΒΑΛΛΟΥΣΕΣ) ΙΑΤΡΙΚΟΥ ΠΡΟΣΩΠΙΚΟΥ ΜΗΝΟΣ  ΦΕΒΡΟΥΑΡΙΟΥ 2025,999501452,ΓΕΝΙΚΟ ΝΟΣΟΚΟΜΕΙΟ ΒΟΛΟΥ,16473.69,self-referential (payroll/EFKA/FMY remittance)
ΡΖΕ64690ΒΩ-528,2025-06-20,ΕΦΗΜΕΡΙΕΣ  ΕΠΙΣΤΗΜΟΝΙΚΟΥ ΠΡΟΣΩΠΙΚΟΥ ΜΕ ΣΧΕΣΗ ΕΡΓΑΣΙΑΣ ΙΔΟΧ ΜΗΝΟΣ  ΑΠΡΙΛΙΟΥ 2025 «ΕΝΙΣΧΥΣΗ ΤΩΝ ΦΟΡΕΩΝ ΥΓΕΙΑΣ ΜΕ ΕΠΙΚΟΥΡΙΚΟ ΠΡΟΣΩΠΙΚΟ ΓΙΑ ΤΗΝ ΑΝΤΑΠΟΚΡΙΣΗ ΣΤΙΣ ΑΝΑΓΚΕΣ ΛΟΓΩ ΤΗΣ ΕΠΙΔΗΜΙΑΣ COVID-19 ΣΤΗΝ ΠΕΡΙΦΕΡΕΙΑ ΘΕΣΣΑΛΙΑΣ» ΜΕ ΚΩΔΙΚΟ ΟΠΣ 5070510 ΣΤΟ ΕΠΙΧΕΙΡΗΣΙΑΚΟ ΠΡΟΓΡΑΜΜΑ «ΠΕΡΙΦΕΡΕΙΑΚΟ ΕΠΙΧΕΙΡΗΣΙΑΚΟ ΠΡΟΓΡΑΜΜΑ ΘΕΣΣΑΛΙΑΣ 2014 ΜΕ ΠΑΡΑΤΑΣΗ ΣΥΜΒΑΣΕΩΝ  ΕΩΣ 31/12/2024 ΣΥΜΦΩΝΑ ΜΕ ΤΙΣ ΔΙΑΤΑΞΕΙΣ  ΤΟΥ Ν.5079/2023 (ΦΕΚ 215/22-12-2023/τ.Α΄) ΑΡΘΡΟ 70 ΠΑΡ. 1,999501452,ΓΕΝΙΚΟ ΝΟΣΟΚΟΜΕΙΟ ΒΟΛΟΥ,221.03,self-referential (payroll/EFKA/FMY remittance)
ΡΖΕ64690ΒΩ-528,2025-06-20,ΕΦΗΜΕΡΙΕΣ  ΕΠΙΣΤΗΜΟΝΙΚΟΥ ΠΡΟΣΩΠΙΚΟΥ ΜΕ ΣΧΕΣΗ ΕΡΓΑΣΙΑΣ ΙΔΟΧ ΜΗΝΟΣ  ΑΠΡΙΛΙΟΥ 2025 «ΕΝΙΣΧΥΣΗ ΤΩΝ ΦΟΡΕΩΝ ΥΓΕΙΑΣ ΜΕ ΕΠΙΚΟΥΡΙΚΟ ΠΡΟΣΩΠΙΚΟ ΓΙΑ ΤΗΝ ΑΝΤΑΠΟΚΡΙΣΗ ΣΤΙΣ ΑΝΑΓΚΕΣ ΛΟΓΩ ΤΗΣ ΕΠΙΔΗΜΙΑΣ COVID-19 ΣΤΗΝ ΠΕΡΙΦΕΡΕΙΑ ΘΕΣΣΑΛΙΑΣ» ΜΕ ΚΩΔΙΚΟ ΟΠΣ 5070510 ΣΤΟ ΕΠΙΧΕΙΡΗΣΙΑΚΟ ΠΡΟΓΡΑΜΜΑ «ΠΕΡΙΦΕΡΕΙΑΚΟ ΕΠΙΧΕΙΡΗΣΙΑΚΟ ΠΡΟΓΡΑΜΜΑ ΘΕΣΣΑΛΙΑΣ 2014 ΜΕ ΠΑΡΑΤΑΣΗ ΣΥΜΒΑΣΕΩΝ  ΕΩΣ 31/12/2024 ΣΥΜΦΩΝΑ ΜΕ ΤΙΣ ΔΙΑΤΑΞΕΙΣ  ΤΟΥ Ν.5079/2023 (ΦΕΚ 215/22-12-2023/τ.Α΄) ΑΡΘΡΟ 70 ΠΑΡ. 1,999501452,ΓΕΝΙΚΟ ΝΟΣΟΚΟΜΕΙΟ ΒΟΛΟΥ,459.67,self-referential (payroll/EFKA/FMY remittance)
93ΓΝ4690ΒΩ-6ΗΤ,2025-06-20,ΕΦΗΜΕΡΙΕΣ  ΕΠΙΣΤΗΜΟΝΙΚΟΥ ΠΡΟΣΩΠΙΚΟΥ  ΨΥΧΙΚΗΣ ΥΓΕΙΑΣ ΜΗΝΟΣ  ΑΠΡΙΛΙΟΥ 2025,999501452,ΓΕΝΙΚΟ ΝΟΣΟΚΟΜΕΙΟ ΒΟΛΟΥ,3052.74,self-referential (payroll/EFKA/FMY remittance)
ΨΘΖΗ4690ΒΩ-9Ε0,2025-06-20,: ΕΦΗΜΕΡΙΕΣ  ΕΠΙΣΤΗΜΟΝΙΚΟΥ ΠΡΟΣΩΠΙΚΟΥ  ΨΥΧΙΚΗΣ ΥΓΕΙΑΣ ΜΗΝΟΣ  ΑΠΡΙΛΙΟΥ 202,999501452,ΓΕΝΙΚΟ ΝΟΣΟΚΟΜΕΙΟ ΒΟΛΟΥ,5611.51,self-referential (payroll/EFKA/FMY remittance)
ΨΘΖΗ4690ΒΩ-9Ε0,2025-06-20,: ΕΦΗΜΕΡΙΕΣ  ΕΠΙΣΤΗΜΟΝΙΚΟΥ ΠΡΟΣΩΠΙΚΟΥ  ΨΥΧΙΚΗΣ ΥΓΕΙΑΣ ΜΗΝΟΣ  ΑΠΡΙΛΙΟΥ 202,999501452,ΓΕΝΙΚΟ ΝΟΣΟΚΟΜΕΙΟ ΒΟΛΟΥ,3871.59,self-referential (payroll/EFKA/FMY remittance)
6ΧΖΕ4690ΒΩ-0ΟΑ,2025-06-20,: ΕΦΗΜΕΡΙΕΣ ΙΑΤΡΙΚΟΥ ΕΠΙΚΟΥΡΙΚΟΥ ΠΡΟΣΩΠΙΚΟΥ ΜΕ ΣΧΕΣΗ ΕΡΓΑΣΙΑΣ ΙΔΟΧ ΜΗΝΟΣ  ΑΠΡΙΛΙΟΥ 2025 «ΕΝΙΣΧΥΣΗ ΤΩΝ ΦΟΡΕΩΝ ΥΓΕΙΑΣ ΜΕ ΕΠΙΚΟΥΡΙΚΟ ΠΡΟΣΩΠΙΚΟ ΓΙΑ ΤΗΝ ΑΝΤΑΠΟΚΡΙΣΗ ΣΤΙΣ ΑΝΑΓΚΕΣ ΛΟΓΩ ΤΗΣ ΕΠΙΔΗΜΙΑΣ COVID-19 ΣΤΗΝ ΠΕΡΙΦΕΡΕΙΑ ΘΕΣΣΑΛΙΑΣ» ΜΕ ΚΩΔΙΚΟ ΟΠΣ 5070510 ΣΤΟ ΕΠΙΧΕΙΡΗΣΙΑΚΟ ΠΡΟΓΡΑΜΜΑ «ΠΕΡΙΦΕΡΕΙΑΚΟ ΕΠΙΧΕΙΡΗΣΙΑΚΟ ΠΡΟΓΡΑΜΜΑ ΘΕΣΣΑΛΙΑΣ 2014 ΜΕ ΠΑΡΑΤΑΣΗ ΣΥΜΒΑΣΕΩΝ  ΕΩΣ 31/12/2024 ΣΥΜΦΩΝΑ ΜΕ ΤΙΣ ΔΙΑΤΑΞΕΙΣ  ΤΟΥ Ν.5079/2023 (ΦΕΚ 215/22-12-2023/τ.Α΄) ΑΡΘΡΟ 70 ΠΑΡ. 1,999501452,ΓΕΝΙΚΟ ΝΟΣΟΚΟΜΕΙΟ ΒΟΛΟΥ,2130.76,self-referential (payroll/EFKA/FMY remittance)
ΡΜ9Χ4690ΒΩ-ΠΘΤ,2025-06-20,ΕΦΗΜΕΡΙΕΣ ΙΑΤΡΩΝ ΨΥΧΙΚΗΣ ΥΓΕΙΑΣ ΜΗΝΟΣ  ΑΠΡΙΛΙΟΥ 2025,999501452,ΓΕΝΙΚΟ ΝΟΣΟΚΟΜΕΙΟ ΒΟΛΟΥ,7263.41,self-referential (payroll/EFKA/FMY remittance)
ΡΧΨ04690ΒΩ-Θ30,2025-06-20,: ΕΦΗΜΕΡΙΕΣ ΜΕΤΑΚΙΝΟΥΜΕΝΩΝ ΙΑΤΡΩΝ ΤΟΥ Π.Ε.Δ.Υ ΓΙΑ ΚΑΛΥΨΗ ΕΦΗΜΕΡΙΩΝ ΣΤΟ ΓΝΒ ΤΟΝ ΜΗΝΑ  ΑΠΡΙΛΙΟ 2025,999501452,ΓΕΝΙΚΟ ΝΟΣΟΚΟΜΕΙΟ ΒΟΛΟΥ,10211.41,self-referential (payroll/EFKA/FMY remittance)
99ΛΤ4690ΒΩ-ΙΧΗ,2025-06-20,ΕΦΗΜΕΡΙΕΣ ΕΙΔΙΚΕΥΟΜΕΝΩΝ ΙΑΤΡΩΝ ΜΗΝΟΣ  ΑΠΡΙΛΙΟΥ 2025,999501452,ΓΕΝΙΚΟ ΝΟΣΟΚΟΜΕΙΟ ΒΟΛΟΥ,73860.42,self-referential (payroll/EFKA/FMY remittance)
ΨΞΓ74690ΒΩ-ΗΣ2,2025-06-20,ΕΦΗΜΕΡΙΕΣ ΕΠΙΚΟΥΡΙΚΩΝ  ΙΑΤΡΩΝ ΕΣΥ ΜΗΝΟΣ   ΑΠΡΙΛΙΟΥ 2025,999501452,ΓΕΝΙΚΟ ΝΟΣΟΚΟΜΕΙΟ ΒΟΛΟΥ,8259.16,self-referential (payroll/EFKA/FMY remittance)
6Γ4Ν4690ΒΩ-ΡΩΩ,2025-06-20,: ΕΦΗΜΕΡΙΕΣ ΙΑΤΡΩΝ ΕΣΥ ΜΗΝΟΣ ΑΠΡΙΛΙΟΥ 2025,999501452,ΓΕΝΙΚΟ ΝΟΣΟΚΟΜΕΙΟ ΒΟΛΟΥ,101621.72,self-referential (payroll/EFKA/FMY remittance)
91ΕΝ4690ΒΩ-Ε1Ζ,2025-06-20,ΚΑΤΑΒΟΛΗ ΦΜΥ ΓΙΑ ΛΟΓΙΣΤΙΚΗ ΤΑΚΤΟΠΟΙΗΣΗ,999501452,ΓΕΝΙΚΟ ΝΟΣΟΚΟΜΕΙΟ ΒΟΛΟΥ,4.75,self-referential (payroll/EFKA/FMY remittance)
9ΡΥΖ4690ΒΩ-0Θ0,2025-06-12,ΠΡΟΜΗΘΕΙΑ  ΟΡΘΟΠΕΔΙΚΟΥ ΥΛΙΚΟΥ ΓΙΑ  ΤΟΝ ΜΗΝΑ ΑΠΡΙΛΙΟ 2024  ΜΕ ΣΥΜΒΑΣΗ (ΣΥΜΒ.232/24) ΑΠΑΞ ΠΑΡΑΓΓΕΛΙΑΣ ΣΥΜΦΩΝΑ ΜΕ ΤΙΣ ΔΙΑΤΑΞΕΙΣ ΤΟΥ Ν.5161/2024 αρθ.14  (ΦΕΚ 196/ τ.Α΄/29-11-2024,999117743,ΙΑΤΡΙΚΑ ΠΕΝΥ ΕΤΑΙΡΙΑ ΠΕΡΙΟΡΙΣΜΕΝΗΣ ΕΥΘΥΝΗΣ,999117743.00,ANOMALY: amount == supplier AFM
6ΧΨ14690ΒΩ-ΞΧΦ,2025-06-10,"ΠΡΟΣΘΕΤΕΣ ΑΜΟΙΒΕΣ ΛΟΙΠΟΥ (ΔΙΟΙΚΗΤΙΚΟ,ΝΟΣΗΛΕΥΤΙΚΟ,ΤΕΧΝΙΚΟ κ.λ.π.) ΠΡΟΣΩΠΙΚΟΥ ΨΥΧΙΚΗΣ ΥΓΕΙΑΣ ΜΗΝΟΣ ΑΠΡΛΙΟΥ 2025",999501452,ΓΕΝΙΚΟ ΝΟΣΟΚΟΜΕΙΟ ΒΟΛΟΥ,3829.95,self-referential (payroll/EFKA/FMY remittance)
ΡΒΘΒ4690ΒΩ-Ζ04,2025-06-10,ΠΡΟΣΘΕΤΕΣ ΑΜΟΙΒΕΣ ΛΟΙΠΟΥ ΕΠΙΚΟΥΡΙΚΟΥ ΠΡΟΣΩΠΙΚΟΥ ΑΠΡΙΛΙΟΥ 2025 ΣΥΜΦΩΝΑ ΜΕ ΤΙΣ ΔΙΑΤΑΞΕΩΝ ΤΟΥ ΑΡΘΡΟΥ 17 ΤΗΣ ΠΝΠ ΦΕΚ 55/1-3-2020 ΄΄ΚΑΤΕΠΕΙΓΟΝΤΑ ΜΕΤΡΑ ΑΝΤΙΜΕΤΩΠΙΣΗΣ ΤΩΝ ΑΡΝΗΤΙΚΩΝ ΣΥΝΕΠΕΙΩΝ ΤΗΣ ΕΜΦΑΝΙΣΗΣ COVID-19,999501452,ΓΕΝΙΚΟ ΝΟΣΟΚΟΜΕΙΟ ΒΟΛΟΥ,185.30,self-referential (payroll/EFKA/FMY remittance)
ΡΒΘΒ4690ΒΩ-Ζ04,2025-06-10,ΠΡΟΣΘΕΤΕΣ ΑΜΟΙΒΕΣ ΛΟΙΠΟΥ ΕΠΙΚΟΥΡΙΚΟΥ ΠΡΟΣΩΠΙΚΟΥ ΑΠΡΙΛΙΟΥ 2025 ΣΥΜΦΩΝΑ ΜΕ ΤΙΣ ΔΙΑΤΑΞΕΩΝ ΤΟΥ ΑΡΘΡΟΥ 17 ΤΗΣ ΠΝΠ ΦΕΚ 55/1-3-2020 ΄΄ΚΑΤΕΠΕΙΓΟΝΤΑ ΜΕΤΡΑ ΑΝΤΙΜΕΤΩΠΙΣΗΣ ΤΩΝ ΑΡΝΗΤΙΚΩΝ ΣΥΝΕΠΕΙΩΝ ΤΗΣ ΕΜΦΑΝΙΣΗΣ COVID-19,999501452,ΓΕΝΙΚΟ ΝΟΣΟΚΟΜΕΙΟ ΒΟΛΟΥ,1136.76,self-referential (payroll/EFKA/FMY remittance)
9Ν4Ι4690ΒΩ-ΑΟΙ,2025-06-10,ΠΡΟΣΘΕΤΕΣ ΑΜΟΙΒΕΣ ΛΟΙΠΟΥ ΕΠΙΚΟΥΡΙΚΟΥ ΠΡΟΣΩΠΙΚΟΥ ΜΕ ΣΧΕΣΗ ΕΡΓΑΣΙΑΣ ΙΔΟΧ ΜΗΝΟΣ ΑΠΡΙΛΙΟΥ 2025«ΕΝΙΣΧΥΣΗ ΤΩΝ ΦΟΡΕΩΝ ΥΓΕΙΑΣ ΜΕ ΕΠΙΚΟΥΡΙΚΟ ΠΡΟΣΩΠΙΚΟ ΓΙΑ ΤΗΝ ΑΝΤΑΠΟΚΡΙΣΗ ΣΤΙΣ ΑΝΑΓΚΕΣ ΛΟΓΩ ΤΗΣ ΕΠΙΔΗΜΙΑΣ COVID-19 ΣΤΗΝ ΠΕΡΙΦΕΡΕΙΑ ΘΕΣΣΑΛΙΑΣ» ΜΕ ΚΩΔΙΚΟ ΟΠΣ 5070510 ΣΤΟ ΕΠΙΧΕΙΡΗΣΙΑΚΟ ΠΡΟΓΡΑΜΜΑ «ΠΕΡΙΦΕΡΕΙΑΚΟ ΕΠΙΧΕΙΡΗΣΙΑΚΟ ΠΡΟΓΡΑΜΜΑ ΘΕΣΣΑΛΙΑΣ 2014 ΜΕ ΠΑΡΑΤΑΣΗ ΣΥΜΒΑΣΕΩΝ  ΕΩΣ 31/12/2024 ΣΥΜΦΩΝΑ ΜΕ ΤΙΣ ΔΙΑΤΑΞΕΙΣ  ΤΟΥ Ν.5079/2023 (ΦΕΚ 215/22-12-2023/τ.Α΄) ΑΡΘΡΟ 70 ΠΑΡ,999501452,ΓΕΝΙΚΟ ΝΟΣΟΚΟΜΕΙΟ ΒΟΛΟΥ,628.10,self-referential (payroll/EFKA/FMY remittance)
9Ν4Ι4690ΒΩ-ΑΟΙ,2025-06-10,ΠΡΟΣΘΕΤΕΣ ΑΜΟΙΒΕΣ ΛΟΙΠΟΥ ΕΠΙΚΟΥΡΙΚΟΥ ΠΡΟΣΩΠΙΚΟΥ ΜΕ ΣΧΕΣΗ ΕΡΓΑΣΙΑΣ ΙΔΟΧ ΜΗΝΟΣ ΑΠΡΙΛΙΟΥ 2025«ΕΝΙΣΧΥΣΗ ΤΩΝ ΦΟΡΕΩΝ ΥΓΕΙΑΣ ΜΕ ΕΠΙΚΟΥΡΙΚΟ ΠΡΟΣΩΠΙΚΟ ΓΙΑ ΤΗΝ ΑΝΤΑΠΟΚΡΙΣΗ ΣΤΙΣ ΑΝΑΓΚΕΣ ΛΟΓΩ ΤΗΣ ΕΠΙΔΗΜΙΑΣ COVID-19 ΣΤΗΝ ΠΕΡΙΦΕΡΕΙΑ ΘΕΣΣΑΛΙΑΣ» ΜΕ ΚΩΔΙΚΟ ΟΠΣ 5070510 ΣΤΟ ΕΠΙΧΕΙΡΗΣΙΑΚΟ ΠΡΟΓΡΑΜΜΑ «ΠΕΡΙΦΕΡΕΙΑΚΟ ΕΠΙΧΕΙΡΗΣΙΑΚΟ ΠΡΟΓΡΑΜΜΑ ΘΕΣΣΑΛΙΑΣ 2014 ΜΕ ΠΑΡΑΤΑΣΗ ΣΥΜΒΑΣΕΩΝ  ΕΩΣ 31/12/2024 ΣΥΜΦΩΝΑ ΜΕ ΤΙΣ ΔΙΑΤΑΞΕΙΣ  ΤΟΥ Ν.5079/2023 (ΦΕΚ 215/22-12-2023/τ.Α΄) ΑΡΘΡΟ 70 ΠΑΡ,999501452,ΓΕΝΙΚΟ ΝΟΣΟΚΟΜΕΙΟ ΒΟΛΟΥ,5462.68,self-referential (payroll/EFKA/FMY remittance)
6ΖΓΖ4690ΒΩ-ΓΛΛ,2025-06-10,ΠΡΟΣΘΕΤΕΣ ΑΜΟΙΒΕΣ ΕΙΔΙΚΕΥΟΜΕΝΩΝ ΝΟΣΗΛΕΥΤΩΝ ΜΗΝΟΣ  ΑΠΡΙΛΙΟΥ 2025 ΣΥΜΦΩΝΑ ΜΕ ΤΙΣ ΔΙΑΤΑΞΕΙΣ ΤΟΥ ΑΡΘΡΟΥ 58 ΤΟΥ Ν.4690/2020 (ΦΕΚ 104/Α/30-5-202,999501452,ΓΕΝΙΚΟ ΝΟΣΟΚΟΜΕΙΟ ΒΟΛΟΥ,320.68,self-referential (payroll/EFKA/FMY remittance)
6ΖΓΖ4690ΒΩ-ΓΛΛ,2025-06-10,ΠΡΟΣΘΕΤΕΣ ΑΜΟΙΒΕΣ ΕΙΔΙΚΕΥΟΜΕΝΩΝ ΝΟΣΗΛΕΥΤΩΝ ΜΗΝΟΣ  ΑΠΡΙΛΙΟΥ 2025 ΣΥΜΦΩΝΑ ΜΕ ΤΙΣ ΔΙΑΤΑΞΕΙΣ ΤΟΥ ΑΡΘΡΟΥ 58 ΤΟΥ Ν.4690/2020 (ΦΕΚ 104/Α/30-5-202,999501452,ΓΕΝΙΚΟ ΝΟΣΟΚΟΜΕΙΟ ΒΟΛΟΥ,1626.29,self-referential (payroll/EFKA/FMY remittance)
ΨΙΣΣ4690ΒΩ-60Ν,2025-06-10,ΠΡΟΣΘΕΤΕΣ ΑΜΟΙΒΕΣ ΙΔ. ΔΙΚΑΙΟΥ (ΑΟΡΙΣΤΟΥ-ΟΡΙΣΜΕΝΟΥ-ΑΤΟΜΙΚΕΣ ΣΥΜΒΑΣΕΙΣ) ΜΗΝΟΣ  ΑΠΡΙΛΙΟΥ 2025,999501452,ΓΕΝΙΚΟ ΝΟΣΟΚΟΜΕΙΟ ΒΟΛΟΥ,89.40,self-referential (payroll/EFKA/FMY remittance)
ΨΙΣΣ4690ΒΩ-60Ν,2025-06-10,ΠΡΟΣΘΕΤΕΣ ΑΜΟΙΒΕΣ ΙΔ. ΔΙΚΑΙΟΥ (ΑΟΡΙΣΤΟΥ-ΟΡΙΣΜΕΝΟΥ-ΑΤΟΜΙΚΕΣ ΣΥΜΒΑΣΕΙΣ) ΜΗΝΟΣ  ΑΠΡΙΛΙΟΥ 2025,999501452,ΓΕΝΙΚΟ ΝΟΣΟΚΟΜΕΙΟ ΒΟΛΟΥ,2060.92,self-referential (payroll/EFKA/FMY remittance)
ΡΨΒΩ4690ΒΩ-ΚΕ5,2025-06-10,ΠΡΟΣΘΕΤΕΣ ΑΜΟΙΒΕΣ ΛΟΙΠΟΥ  ΕΠΙΚΟΥΡΙΚΟΥ ΠΡΟΣΩΠΙΚΟΥ ΜΗΝΟΣ  ΑΠΡΙΛΙΟΥ 2025,999501452,ΓΕΝΙΚΟ ΝΟΣΟΚΟΜΕΙΟ ΒΟΛΟΥ,150.72,self-referential (payroll/EFKA/FMY remittance)
ΡΨΒΩ4690ΒΩ-ΚΕ5,2025-06-10,ΠΡΟΣΘΕΤΕΣ ΑΜΟΙΒΕΣ ΛΟΙΠΟΥ  ΕΠΙΚΟΥΡΙΚΟΥ ΠΡΟΣΩΠΙΚΟΥ ΜΗΝΟΣ  ΑΠΡΙΛΙΟΥ 2025,999501452,ΓΕΝΙΚΟ ΝΟΣΟΚΟΜΕΙΟ ΒΟΛΟΥ,257.36,self-referential (payroll/EFKA/FMY remittance)
91ΒΖ4690ΒΩ-8ΣΝ,2025-06-10,"ΠΡΟΣΘΕΤΕΣ ΑΜΟΙΒΕΣ ΛΟΙΠΟΥ ΜΟΝΙΜΟΥ (ΔΙΟΙΚΗΤΙΚΟΥ,ΝΟΣΗΛΕΥΤΙΚΟΥ κ.λ.π.) ΠΡΟΣΩΠΙΚΟΥ ΜΗΝΟΣ  ΑΠΡΙΛΙΟΥ 2025",999501452,ΓΕΝΙΚΟ ΝΟΣΟΚΟΜΕΙΟ ΒΟΛΟΥ,9935.30,self-referential (payroll/EFKA/FMY remittance)
91ΒΖ4690ΒΩ-8ΣΝ,2025-06-10,"ΠΡΟΣΘΕΤΕΣ ΑΜΟΙΒΕΣ ΛΟΙΠΟΥ ΜΟΝΙΜΟΥ (ΔΙΟΙΚΗΤΙΚΟΥ,ΝΟΣΗΛΕΥΤΙΚΟΥ κ.λ.π.) ΠΡΟΣΩΠΙΚΟΥ ΜΗΝΟΣ  ΑΠΡΙΛΙΟΥ 2025",999501452,ΓΕΝΙΚΟ ΝΟΣΟΚΟΜΕΙΟ ΒΟΛΟΥ,44563.52,self-referential (payroll/EFKA/FMY remittance)
91Ξ84690ΒΩ-5Ν4,2025-06-10,"ΠΡΟΣΘΕΤΕΣ ΑΜΟΙΒΕΣ ΛΟΙΠΟΥ (ΔΙΟΙΚΗΤΙΚΟ,ΝΟΣΗΛΕΥΤΙΚΟ,ΤΕΧΝΙΚΟ κ.λ.π.) ΠΡΟΣΩΠΙΚΟΥ ΨΥΧΙΚΗΣ ΥΓΕΙΑΣ ΜΗΝΟΣ ΜΑΡΤΙΟΥ 2025",999501452,ΓΕΝΙΚΟ ΝΟΣΟΚΟΜΕΙΟ ΒΟΛΟΥ,3840.88,self-referential (payroll/EFKA/FMY remittance)
6Ν2Γ4690ΒΩ-Η67,2025-06-10,ΠΡΟΣΘΕΤΕΣ ΑΜΟΙΒΕΣ ΛΟΙΠΟΥ ΕΠΙΚΟΥΡΙΚΟΥ ΠΡΟΣΩΠΙΚΟΥ ΜΑΡΤΙΟΥ 2025 ΣΥΜΦΩΝΑ ΜΕ ΤΙΣ ΔΙΑΤΑΞΕΩΝ ΤΟΥ ΑΡΘΡΟΥ 17 ΤΗΣ ΠΝΠ ΦΕΚ 55/1-3-2020 ΄΄ΚΑΤΕΠΕΙΓΟΝΤΑ ΜΕΤΡΑ ΑΝΤΙΜΕΤΩΠΙΣΗΣ ΤΩΝ ΑΡΝΗΤΙΚΩΝ ΣΥΝΕΠΕΙΩΝ ΤΗΣ ΕΜΦΑΝΙΣΗΣ COVID-19,999501452,ΓΕΝΙΚΟ ΝΟΣΟΚΟΜΕΙΟ ΒΟΛΟΥ,97.72,self-referential (payroll/EFKA/FMY remittance)
6Ν2Γ4690ΒΩ-Η67,2025-06-10,ΠΡΟΣΘΕΤΕΣ ΑΜΟΙΒΕΣ ΛΟΙΠΟΥ ΕΠΙΚΟΥΡΙΚΟΥ ΠΡΟΣΩΠΙΚΟΥ ΜΑΡΤΙΟΥ 2025 ΣΥΜΦΩΝΑ ΜΕ ΤΙΣ ΔΙΑΤΑΞΕΩΝ ΤΟΥ ΑΡΘΡΟΥ 17 ΤΗΣ ΠΝΠ ΦΕΚ 55/1-3-2020 ΄΄ΚΑΤΕΠΕΙΓΟΝΤΑ ΜΕΤΡΑ ΑΝΤΙΜΕΤΩΠΙΣΗΣ ΤΩΝ ΑΡΝΗΤΙΚΩΝ ΣΥΝΕΠΕΙΩΝ ΤΗΣ ΕΜΦΑΝΙΣΗΣ COVID-19,999501452,ΓΕΝΙΚΟ ΝΟΣΟΚΟΜΕΙΟ ΒΟΛΟΥ,970.11,self-referential (payroll/EFKA/FMY remittance)
9Ο1Ψ4690ΒΩ-5ΝΘ,2025-06-10,ΠΡΟΣΘΕΤΕΣ ΑΜΟΙΒΕΣ ΛΟΙΠΟΥ ΕΠΙΚΟΥΡΙΚΟΥ ΠΡΟΣΩΠΙΚΟΥ ΜΕ ΣΧΕΣΗ ΕΡΓΑΣΙΑΣ ΙΔΟΧ ΜΗΝΟΣ ΜΑΡΤΙΟΥ 2025«ΕΝΙΣΧΥΣΗ ΤΩΝ ΦΟΡΕΩΝ ΥΓΕΙΑΣ ΜΕ ΕΠΙΚΟΥΡΙΚΟ ΠΡΟΣΩΠΙΚΟ ΓΙΑ ΤΗΝ ΑΝΤΑΠΟΚΡΙΣΗ ΣΤΙΣ ΑΝΑΓΚΕΣ ΛΟΓΩ ΤΗΣ ΕΠΙΔΗΜΙΑΣ COVID-19 ΣΤΗΝ ΠΕΡΙΦΕΡΕΙΑ ΘΕΣΣΑΛΙΑΣ» ΜΕ ΚΩΔΙΚΟ ΟΠΣ 5070510 ΣΤΟ ΕΠΙΧΕΙΡΗΣΙΑΚΟ ΠΡΟΓΡΑΜΜΑ «ΠΕΡΙΦΕΡΕΙΑΚΟ ΕΠΙΧΕΙΡΗΣΙΑΚΟ ΠΡΟΓΡΑΜΜΑ ΘΕΣΣΑΛΙΑΣ 2014 ΜΕ ΠΑΡΑΤΑΣΗ ΣΥΜΒΑΣΕΩΝ  ΕΩΣ 31/12/2024 ΣΥΜΦΩΝΑ ΜΕ ΤΙΣ ΔΙΑΤΑΞΕΙΣ  ΤΟΥ Ν.5079/2023 (ΦΕΚ 215/22-12-2023/τ.Α΄) ΑΡΘΡΟ 70 ΠΑΡ.,999501452,ΓΕΝΙΚΟ ΝΟΣΟΚΟΜΕΙΟ ΒΟΛΟΥ,815.50,self-referential (payroll/EFKA/FMY remittance)
9Ο1Ψ4690ΒΩ-5ΝΘ,2025-06-10,ΠΡΟΣΘΕΤΕΣ ΑΜΟΙΒΕΣ ΛΟΙΠΟΥ ΕΠΙΚΟΥΡΙΚΟΥ ΠΡΟΣΩΠΙΚΟΥ ΜΕ ΣΧΕΣΗ ΕΡΓΑΣΙΑΣ ΙΔΟΧ ΜΗΝΟΣ ΜΑΡΤΙΟΥ 2025«ΕΝΙΣΧΥΣΗ ΤΩΝ ΦΟΡΕΩΝ ΥΓΕΙΑΣ ΜΕ ΕΠΙΚΟΥΡΙΚΟ ΠΡΟΣΩΠΙΚΟ ΓΙΑ ΤΗΝ ΑΝΤΑΠΟΚΡΙΣΗ ΣΤΙΣ ΑΝΑΓΚΕΣ ΛΟΓΩ ΤΗΣ ΕΠΙΔΗΜΙΑΣ COVID-19 ΣΤΗΝ ΠΕΡΙΦΕΡΕΙΑ ΘΕΣΣΑΛΙΑΣ» ΜΕ ΚΩΔΙΚΟ ΟΠΣ 5070510 ΣΤΟ ΕΠΙΧΕΙΡΗΣΙΑΚΟ ΠΡΟΓΡΑΜΜΑ «ΠΕΡΙΦΕΡΕΙΑΚΟ ΕΠΙΧΕΙΡΗΣΙΑΚΟ ΠΡΟΓΡΑΜΜΑ ΘΕΣΣΑΛΙΑΣ 2014 ΜΕ ΠΑΡΑΤΑΣΗ ΣΥΜΒΑΣΕΩΝ  ΕΩΣ 31/12/2024 ΣΥΜΦΩΝΑ ΜΕ ΤΙΣ ΔΙΑΤΑΞΕΙΣ  ΤΟΥ Ν.5079/2023 (ΦΕΚ 215/22-12-2023/τ.Α΄) ΑΡΘΡΟ 70 ΠΑΡ.,999501452,ΓΕΝΙΚΟ ΝΟΣΟΚΟΜΕΙΟ ΒΟΛΟΥ,5441.74,self-referential (payroll/EFKA/FMY remittance)
6ΦΜΜ4690ΒΩ-Α7Α,2025-06-10,ΠΡΟΣΘΕΤΕΣ ΑΜΟΙΒΕΣ ΕΙΔΙΚΕΥΟΜΕΝΩΝ ΝΟΣΗΛΕΥΤΩΝ ΜΗΝΟΣ  ΜΑΡΤΙΟΥ 2025 ΣΥΜΦΩΝΑ ΜΕ ΤΙΣ ΔΙΑΤΑΞΕΙΣ ΤΟΥ ΑΡΘΡΟΥ 58 ΤΟΥ Ν.4690/2020 (ΦΕΚ 104/Α/30-5-20,999501452,ΓΕΝΙΚΟ ΝΟΣΟΚΟΜΕΙΟ ΒΟΛΟΥ,1739.93,self-referential (payroll/EFKA/FMY remittance)
ΡΨ794690ΒΩ-75Φ,2025-06-10,ΠΡΟΣΘΕΤΕΣ ΑΜΟΙΒΕΣ ΙΔ. ΔΙΚΑΙΟΥ (ΑΟΡΙΣΤΟΥ-ΟΡΙΣΜΕΝΟΥ-ΑΤΟΜΙΚΕΣ ΣΥΜΒΑΣΕΙΣ) ΜΗΝΟΣ   ΜΑΡΤΙΟΥ 2025,999501452,ΓΕΝΙΚΟ ΝΟΣΟΚΟΜΕΙΟ ΒΟΛΟΥ,619.00,self-referential (payroll/EFKA/FMY remittance)
ΡΨ794690ΒΩ-75Φ,2025-06-10,ΠΡΟΣΘΕΤΕΣ ΑΜΟΙΒΕΣ ΙΔ. ΔΙΚΑΙΟΥ (ΑΟΡΙΣΤΟΥ-ΟΡΙΣΜΕΝΟΥ-ΑΤΟΜΙΚΕΣ ΣΥΜΒΑΣΕΙΣ) ΜΗΝΟΣ   ΜΑΡΤΙΟΥ 2025,999501452,ΓΕΝΙΚΟ ΝΟΣΟΚΟΜΕΙΟ ΒΟΛΟΥ,1738.14,self-referential (payroll/EFKA/FMY remittance)
Ψ9Ε04690ΒΩ-ΨΥ5,2025-06-10,ΠΡΟΣΘΕΤΕΣ ΑΜΟΙΒΕΣ ΛΟΙΠΟΥ  ΕΠΙΚΟΥΡΙΚΟΥ ΠΡΟΣΩΠΙΚΟΥ ΜΗΝΟΣ  ΜΑΡΤΙΟΥ 2025,999501452,ΓΕΝΙΚΟ ΝΟΣΟΚΟΜΕΙΟ ΒΟΛΟΥ,70.60,self-referential (payroll/EFKA/FMY remittance)
ΨΛ8Μ4690ΒΩ-3Φ2,2025-06-10,"ΑΜΟΙΒΗ ΛΟΙΠΟΥ ΠΡΟΣΩΠΙΚΟΥ ΤΟΥΣ ΜΗΝΕΣ ΝΟΕΜΒΡΙΟ,ΔΕΚΕΜΒΡΙΟ 2024 ΣΤΟ ΠΛΑΙΣΙΟ ΤΟΥ ΕΡΓΟΥ ΄΄ ΟΡΓΑΝΩΤΙΚΕΣ ΚΑΙ ΛΟΙΠΕΣ ΠΑΡΑΜΒΑΣΕΙΣ ΓΙΑ ΤΗΝ ΕΠΙΤΑΧΥΝΣΗ ΤΩΝ ΕΚΚΡΕΜΩΝ ΕΠΕΜΒΑΣΕΩΝΤΗΣ ΛΙΣΤΑΣ ΧΕΙΡΟΥΡΓΕΙΩΝ ΄΄  ΜΕ ΚΩΔΙΚΟ ΟΠΣ 5223768",999501452,ΓΕΝΙΚΟ ΝΟΣΟΚΟΜΕΙΟ ΒΟΛΟΥ,4125.00,self-referential (payroll/EFKA/FMY remittance)
ΨΚΔ94690ΒΩ-ΓΛΡ,2025-06-10,"ΑΜΟΙΒΗ ΙΑΤΡΙΚΟΥ ΠΡΟΣΩΠΙΚΟΥ ΤΟΥΣ ΜΗΝΕΣ ΝΟΕΜΒΡΙΟ,ΔΕΚΕΜΒΡΙΟ 2024 ΣΤΟ ΠΛΑΙΣΙΟ ΤΟΥ ΕΡΓΟΥ ΄΄ ΟΡΓΑΝΩΤΙΚΕΣ ΚΑΙ ΛΟΙΠΕΣ ΠΑΡΑΜΒΑΣΕΙΣ ΓΙΑ ΤΗΝ ΕΠΙΤΑΧΥΝΣΗ ΤΩΝ ΕΚΚΡΕΜΩΝ ΕΠΕΜΒΑΣΕΩΝΤΗΣ ΛΙΣΤΑΣ ΧΕΙΡΟΥΡΓΕΙΩΝ ΄΄  ΜΕ ΚΩΔΙΚΟ ΟΠΣ 5223768",999501452,ΓΕΝΙΚΟ ΝΟΣΟΚΟΜΕΙΟ ΒΟΛΟΥ,11010.00,self-referential (payroll/EFKA/FMY remittance)
Ψ3824690ΒΩ-6ΒΥ,2025-06-10,"ΠΡΟΣΘΕΤΕΣ ΑΜΟΙΒΕΣ ΛΟΙΠΟΥ ΜΟΝΙΜΟΥ (ΔΙΟΙΚΗΤΙΚΟΥ,ΝΟΣΗΛΕΥΤΙΚΟΥ κ.λ.π.) ΠΡΟΣΩΠΙΚΟΥ ΜΗΝΟΣ ΜΑΡΤΙΟΥ 2025",999501452,ΓΕΝΙΚΟ ΝΟΣΟΚΟΜΕΙΟ ΒΟΛΟΥ,6536.68,self-referential (payroll/EFKA/FMY remittance)
Ψ3824690ΒΩ-6ΒΥ,2025-06-10,"ΠΡΟΣΘΕΤΕΣ ΑΜΟΙΒΕΣ ΛΟΙΠΟΥ ΜΟΝΙΜΟΥ (ΔΙΟΙΚΗΤΙΚΟΥ,ΝΟΣΗΛΕΥΤΙΚΟΥ κ.λ.π.) ΠΡΟΣΩΠΙΚΟΥ ΜΗΝΟΣ ΜΑΡΤΙΟΥ 2025",999501452,ΓΕΝΙΚΟ ΝΟΣΟΚΟΜΕΙΟ ΒΟΛΟΥ,45093.96,self-referential (payroll/EFKA/FMY remittance)
9ΟΩ64690ΒΩ-2Ο5,2025-06-04,"ΕΙΣΦΟΡΕΣ ΥΠΕΡ ΕΦΚΑ ΤΟΥ ΔΙΕΚ (178,34) , ΙΕΚ (47,80)  ΜΗΝΟΣ  ΜΑϊΟΥ 2025",999501452,ΓΕΝΙΚΟ ΝΟΣΟΚΟΜΕΙΟ ΒΟΛΟΥ,226.14,self-referential (payroll/EFKA/FMY remittance)
ΨΞ8Β4690ΒΩ-Γ9Τ,2025-06-04,ΚΑΤΑΒΟΛΗ ΑΠΟΔΟΧΩΝ ΜΗΝΟΣ  ΜΑΪΟΥ 2025  ΙΑΤΡΙΚΟΥ ΕΠΙΚΟΥΡΙΚΟΥ ΠΡΟΣΩΠΙΚΟΥ,999501452,ΓΕΝΙΚΟ ΝΟΣΟΚΟΜΕΙΟ ΒΟΛΟΥ,15244.00,self-referential (payroll/EFKA/FMY remittance)
ΨΞ8Β4690ΒΩ-Γ9Τ,2025-06-04,ΚΑΤΑΒΟΛΗ ΑΠΟΔΟΧΩΝ ΜΗΝΟΣ  ΜΑΪΟΥ 2025  ΙΑΤΡΙΚΟΥ ΕΠΙΚΟΥΡΙΚΟΥ ΠΡΟΣΩΠΙΚΟΥ,999501452,ΓΕΝΙΚΟ ΝΟΣΟΚΟΜΕΙΟ ΒΟΛΟΥ,180.00,self-referential (payroll/EFKA/FMY remittance)
ΨΞ8Β4690ΒΩ-Γ9Τ,2025-06-04,ΚΑΤΑΒΟΛΗ ΑΠΟΔΟΧΩΝ ΜΗΝΟΣ  ΜΑΪΟΥ 2025  ΙΑΤΡΙΚΟΥ ΕΠΙΚΟΥΡΙΚΟΥ ΠΡΟΣΩΠΙΚΟΥ,999501452,ΓΕΝΙΚΟ ΝΟΣΟΚΟΜΕΙΟ ΒΟΛΟΥ,430.00,self-referential (payroll/EFKA/FMY remittance)
ΨΞ8Β4690ΒΩ-Γ9Τ,2025-06-04,ΚΑΤΑΒΟΛΗ ΑΠΟΔΟΧΩΝ ΜΗΝΟΣ  ΜΑΪΟΥ 2025  ΙΑΤΡΙΚΟΥ ΕΠΙΚΟΥΡΙΚΟΥ ΠΡΟΣΩΠΙΚΟΥ,999501452,ΓΕΝΙΚΟ ΝΟΣΟΚΟΜΕΙΟ ΒΟΛΟΥ,3450.00,self-referential (payroll/EFKA/FMY remittance)
ΨΞ8Β4690ΒΩ-Γ9Τ,2025-06-04,ΚΑΤΑΒΟΛΗ ΑΠΟΔΟΧΩΝ ΜΗΝΟΣ  ΜΑΪΟΥ 2025  ΙΑΤΡΙΚΟΥ ΕΠΙΚΟΥΡΙΚΟΥ ΠΡΟΣΩΠΙΚΟΥ,999501452,ΓΕΝΙΚΟ ΝΟΣΟΚΟΜΕΙΟ ΒΟΛΟΥ,4206.35,self-referential (payroll/EFKA/FMY remittance)
9ΡΙ14690ΒΩ-ΝΘ2,2025-06-04,ΚΑΤΑΒΟΛΗ ΑΠΟΔΟΧΩΝ ΛΟΙΠΟΥ ΕΠΙΚΟΥΡΙΚΟΥ ΠΡΟΣΩΠΙΚΟΥ ΜΗΝΟΣ ΑΠΡΙΛΙΟΥ 2025  ΜΕ ΠΑΡΑΤΑΣΗ ΣΥΜΒΑΣΕΩΝ  ΕΩΣ 31/12/2025 ΣΥΜΦΩΝΑ ΜΕ ΤΙΣ ΔΙΑΤΑΞΕΙΣ  ΤΟΥ Ν.5161/2024 (ΦΕΚ  196/29-11-2024/τ.Α΄) ΑΡΘΡΟ 27 ΠΑΡ. 2,999501452,ΓΕΝΙΚΟ ΝΟΣΟΚΟΜΕΙΟ ΒΟΛΟΥ,2210.00,self-referential (payroll/EFKA/FMY remittance)
9ΡΙ14690ΒΩ-ΝΘ2,2025-06-04,ΚΑΤΑΒΟΛΗ ΑΠΟΔΟΧΩΝ ΛΟΙΠΟΥ ΕΠΙΚΟΥΡΙΚΟΥ ΠΡΟΣΩΠΙΚΟΥ ΜΗΝΟΣ ΑΠΡΙΛΙΟΥ 2025  ΜΕ ΠΑΡΑΤΑΣΗ ΣΥΜΒΑΣΕΩΝ  ΕΩΣ 31/12/2025 ΣΥΜΦΩΝΑ ΜΕ ΤΙΣ ΔΙΑΤΑΞΕΙΣ  ΤΟΥ Ν.5161/2024 (ΦΕΚ  196/29-11-2024/τ.Α΄) ΑΡΘΡΟ 27 ΠΑΡ. 2,999501452,ΓΕΝΙΚΟ ΝΟΣΟΚΟΜΕΙΟ ΒΟΛΟΥ,240.00,self-referential (payroll/EFKA/FMY remittance)
9ΡΙ14690ΒΩ-ΝΘ2,2025-06-04,ΚΑΤΑΒΟΛΗ ΑΠΟΔΟΧΩΝ ΛΟΙΠΟΥ ΕΠΙΚΟΥΡΙΚΟΥ ΠΡΟΣΩΠΙΚΟΥ ΜΗΝΟΣ ΑΠΡΙΛΙΟΥ 2025  ΜΕ ΠΑΡΑΤΑΣΗ ΣΥΜΒΑΣΕΩΝ  ΕΩΣ 31/12/2025 ΣΥΜΦΩΝΑ ΜΕ ΤΙΣ ΔΙΑΤΑΞΕΙΣ  ΤΟΥ Ν.5161/2024 (ΦΕΚ  196/29-11-2024/τ.Α΄) ΑΡΘΡΟ 27 ΠΑΡ. 2,999501452,ΓΕΝΙΚΟ ΝΟΣΟΚΟΜΕΙΟ ΒΟΛΟΥ,365.00,self-referential (payroll/EFKA/FMY remittance)
9ΡΙ14690ΒΩ-ΝΘ2,2025-06-04,ΚΑΤΑΒΟΛΗ ΑΠΟΔΟΧΩΝ ΛΟΙΠΟΥ ΕΠΙΚΟΥΡΙΚΟΥ ΠΡΟΣΩΠΙΚΟΥ ΜΗΝΟΣ ΑΠΡΙΛΙΟΥ 2025  ΜΕ ΠΑΡΑΤΑΣΗ ΣΥΜΒΑΣΕΩΝ  ΕΩΣ 31/12/2025 ΣΥΜΦΩΝΑ ΜΕ ΤΙΣ ΔΙΑΤΑΞΕΙΣ  ΤΟΥ Ν.5161/2024 (ΦΕΚ  196/29-11-2024/τ.Α΄) ΑΡΘΡΟ 27 ΠΑΡ. 2,999501452,ΓΕΝΙΚΟ ΝΟΣΟΚΟΜΕΙΟ ΒΟΛΟΥ,673.91,self-referential (payroll/EFKA/FMY remittance)
94ΠΡ4690ΒΩ-ΛΑΩ,2025-06-04,ΚΑΤΑΒΟΛΗ ΑΠΟΔΟΧΩΝ ΜΗΝΟΣ ΜΑΪΟΥ 2025  ΛΟΙΠΟΥ ΕΠΙΚΟΥΡΙΚΟΥ ΠΡΟΣΩΠΙΚΟΥ ΜΕ ΣΧΕΣΗ ΕΡΓΑΣΙΑΣ ΙΔΟΧ ΣΕ ΕΦΑΡΜΟΓΗ ΤΩΝ ΔΙΑΤΑΞΕΩΝ ΤΟΥ ΑΡΘΡΟΥ 17 ΤΗΣ ΠΝΠ ΦΕΚ 55/1-3-2020 ΄΄ΚΑΤΕΠΕΙΓΟΝΤΑ ΜΕΤΡΑ ΑΝΤΙΜΕΤΩΠΙΣΗΣ ΤΩΝ ΑΡΝΗΤΙΚΩΝ ΣΥΝΕΠΕΙΩΝ ΤΗΣ ΕΜΦΑΝΙΣΗΣ COVID19 ΜΕ ΠΑΡΑΤΑΣΗ ΣΥΜΒΑΣΕΩΝ  ΕΩΣ 31/12/2025 ΣΥΜΦΩΝΑ ΜΕ ΤΙΣ ΔΙΑΤΑΞΕΙΣ ΤΟΥ Ν.5161/2024 (ΦΕΚ  196/29-11-2024/τ.Α΄) ΑΡΘΡΟ 27 ΠΑΡ. 2,999501452,ΓΕΝΙΚΟ ΝΟΣΟΚΟΜΕΙΟ ΒΟΛΟΥ,19186.13,self-referential (payroll/EFKA/FMY remittance)
94ΠΡ4690ΒΩ-ΛΑΩ,2025-06-04,ΚΑΤΑΒΟΛΗ ΑΠΟΔΟΧΩΝ ΜΗΝΟΣ ΜΑΪΟΥ 2025  ΛΟΙΠΟΥ ΕΠΙΚΟΥΡΙΚΟΥ ΠΡΟΣΩΠΙΚΟΥ ΜΕ ΣΧΕΣΗ ΕΡΓΑΣΙΑΣ ΙΔΟΧ ΣΕ ΕΦΑΡΜΟΓΗ ΤΩΝ ΔΙΑΤΑΞΕΩΝ ΤΟΥ ΑΡΘΡΟΥ 17 ΤΗΣ ΠΝΠ ΦΕΚ 55/1-3-2020 ΄΄ΚΑΤΕΠΕΙΓΟΝΤΑ ΜΕΤΡΑ ΑΝΤΙΜΕΤΩΠΙΣΗΣ ΤΩΝ ΑΡΝΗΤΙΚΩΝ ΣΥΝΕΠΕΙΩΝ ΤΗΣ ΕΜΦΑΝΙΣΗΣ COVID19 ΜΕ ΠΑΡΑΤΑΣΗ ΣΥΜΒΑΣΕΩΝ  ΕΩΣ 31/12/2025 ΣΥΜΦΩΝΑ ΜΕ ΤΙΣ ΔΙΑΤΑΞΕΙΣ ΤΟΥ Ν.5161/2024 (ΦΕΚ  196/29-11-2024/τ.Α΄) ΑΡΘΡΟ 27 ΠΑΡ. 2,999501452,ΓΕΝΙΚΟ ΝΟΣΟΚΟΜΕΙΟ ΒΟΛΟΥ,1264.84,self-referential (payroll/EFKA/FMY remittance)
94ΠΡ4690ΒΩ-ΛΑΩ,2025-06-04,ΚΑΤΑΒΟΛΗ ΑΠΟΔΟΧΩΝ ΜΗΝΟΣ ΜΑΪΟΥ 2025  ΛΟΙΠΟΥ ΕΠΙΚΟΥΡΙΚΟΥ ΠΡΟΣΩΠΙΚΟΥ ΜΕ ΣΧΕΣΗ ΕΡΓΑΣΙΑΣ ΙΔΟΧ ΣΕ ΕΦΑΡΜΟΓΗ ΤΩΝ ΔΙΑΤΑΞΕΩΝ ΤΟΥ ΑΡΘΡΟΥ 17 ΤΗΣ ΠΝΠ ΦΕΚ 55/1-3-2020 ΄΄ΚΑΤΕΠΕΙΓΟΝΤΑ ΜΕΤΡΑ ΑΝΤΙΜΕΤΩΠΙΣΗΣ ΤΩΝ ΑΡΝΗΤΙΚΩΝ ΣΥΝΕΠΕΙΩΝ ΤΗΣ ΕΜΦΑΝΙΣΗΣ COVID19 ΜΕ ΠΑΡΑΤΑΣΗ ΣΥΜΒΑΣΕΩΝ  ΕΩΣ 31/12/2025 ΣΥΜΦΩΝΑ ΜΕ ΤΙΣ ΔΙΑΤΑΞΕΙΣ ΤΟΥ Ν.5161/2024 (ΦΕΚ  196/29-11-2024/τ.Α΄) ΑΡΘΡΟ 27 ΠΑΡ. 2,999501452,ΓΕΝΙΚΟ ΝΟΣΟΚΟΜΕΙΟ ΒΟΛΟΥ,2008.33,self-referential (payroll/EFKA/FMY remittance)
94ΠΡ4690ΒΩ-ΛΑΩ,2025-06-04,ΚΑΤΑΒΟΛΗ ΑΠΟΔΟΧΩΝ ΜΗΝΟΣ ΜΑΪΟΥ 2025  ΛΟΙΠΟΥ ΕΠΙΚΟΥΡΙΚΟΥ ΠΡΟΣΩΠΙΚΟΥ ΜΕ ΣΧΕΣΗ ΕΡΓΑΣΙΑΣ ΙΔΟΧ ΣΕ ΕΦΑΡΜΟΓΗ ΤΩΝ ΔΙΑΤΑΞΕΩΝ ΤΟΥ ΑΡΘΡΟΥ 17 ΤΗΣ ΠΝΠ ΦΕΚ 55/1-3-2020 ΄΄ΚΑΤΕΠΕΙΓΟΝΤΑ ΜΕΤΡΑ ΑΝΤΙΜΕΤΩΠΙΣΗΣ ΤΩΝ ΑΡΝΗΤΙΚΩΝ ΣΥΝΕΠΕΙΩΝ ΤΗΣ ΕΜΦΑΝΙΣΗΣ COVID19 ΜΕ ΠΑΡΑΤΑΣΗ ΣΥΜΒΑΣΕΩΝ  ΕΩΣ 31/12/2025 ΣΥΜΦΩΝΑ ΜΕ ΤΙΣ ΔΙΑΤΑΞΕΙΣ ΤΟΥ Ν.5161/2024 (ΦΕΚ  196/29-11-2024/τ.Α΄) ΑΡΘΡΟ 27 ΠΑΡ. 2,999501452,ΓΕΝΙΚΟ ΝΟΣΟΚΟΜΕΙΟ ΒΟΛΟΥ,5178.95,self-referential (payroll/EFKA/FMY remittance)
ΨΑΗΣ4690ΒΩ-ΖΜ0,2025-06-04,ΚΑΤΑΒΟΛΗ ΑΠΟΔΟΧΩΝ ΛΟΙΠΟΥ ΕΠΙΚΟΥΡΙΚΟΥ ΠΡΟΣΩΠΙΚΟΥ ΜΕ ΣΧΕΣΗ ΕΡΓΑΣΙΑΣ ΙΔΟΧ ΜΗΝΟΣ ΜΑϊΟΥ 2025 «ΕΝΙΣΧΥΣΗ ΤΩΝ ΦΟΡΕΩΝ ΥΓΕΙΑΣ ΜΕ ΕΠΙΚΟΥΡΙΚΟ ΠΡΟΣΩΠΙΚΟ ΓΙΑ ΤΗΝ ΑΝΤΑΠΟΚΡΙΣΗ ΣΤΙΣ ΑΝΑΓΚΕΣ ΛΟΓΩ ΤΗΣ ΕΠΙΔΗΜΙΑΣ COVID-19 ΣΤΗΝ ΠΕΡΙΦΕΡΕΙΑ ΘΕΣΣΑΛΙΑΣ» ΜΕ ΚΩΔΙΚΟ ΟΠΣ 5070510 ΣΤΟ ΕΠΙΧΕΙΡΗΣΙΑΚΟ ΠΡΟΓΡΑΜΜΑ «ΠΕΡΙΦΕΡΕΙΑΚΟ ΕΠΙΧΕΙΡΗΣΙΑΚΟ ΠΡΟΓΡΑΜΜΑ ΘΕΣΣΑΛΙΑΣ 2014  ΜΕ ΠΑΡΑΤΑΣΗ ΣΥΜΒΑΣΕΩΝ  ΕΩΣ 31/12/2025 ΣΥΜΦΩΝΑ ΜΕ ΤΙΣ ΔΙΑΤΑΞΕΙΣ  ΤΟΥ Ν.5161/2024 (ΦΕΚ  196/29-11-2024/τ.Α΄) ΑΡΘΡΟ 27 ΠΑΡ. 2,999501452,ΓΕΝΙΚΟ ΝΟΣΟΚΟΜΕΙΟ ΒΟΛΟΥ,4086.00,self-referential (payroll/EFKA/FMY remittance)
ΨΑΗΣ4690ΒΩ-ΖΜ0,2025-06-04,ΚΑΤΑΒΟΛΗ ΑΠΟΔΟΧΩΝ ΛΟΙΠΟΥ ΕΠΙΚΟΥΡΙΚΟΥ ΠΡΟΣΩΠΙΚΟΥ ΜΕ ΣΧΕΣΗ ΕΡΓΑΣΙΑΣ ΙΔΟΧ ΜΗΝΟΣ ΜΑϊΟΥ 2025 «ΕΝΙΣΧΥΣΗ ΤΩΝ ΦΟΡΕΩΝ ΥΓΕΙΑΣ ΜΕ ΕΠΙΚΟΥΡΙΚΟ ΠΡΟΣΩΠΙΚΟ ΓΙΑ ΤΗΝ ΑΝΤΑΠΟΚΡΙΣΗ ΣΤΙΣ ΑΝΑΓΚΕΣ ΛΟΓΩ ΤΗΣ ΕΠΙΔΗΜΙΑΣ COVID-19 ΣΤΗΝ ΠΕΡΙΦΕΡΕΙΑ ΘΕΣΣΑΛΙΑΣ» ΜΕ ΚΩΔΙΚΟ ΟΠΣ 5070510 ΣΤΟ ΕΠΙΧΕΙΡΗΣΙΑΚΟ ΠΡΟΓΡΑΜΜΑ «ΠΕΡΙΦΕΡΕΙΑΚΟ ΕΠΙΧΕΙΡΗΣΙΑΚΟ ΠΡΟΓΡΑΜΜΑ ΘΕΣΣΑΛΙΑΣ 2014  ΜΕ ΠΑΡΑΤΑΣΗ ΣΥΜΒΑΣΕΩΝ  ΕΩΣ 31/12/2025 ΣΥΜΦΩΝΑ ΜΕ ΤΙΣ ΔΙΑΤΑΞΕΙΣ  ΤΟΥ Ν.5161/2024 (ΦΕΚ  196/29-11-2024/τ.Α΄) ΑΡΘΡΟ 27 ΠΑΡ. 2,999501452,ΓΕΝΙΚΟ ΝΟΣΟΚΟΜΕΙΟ ΒΟΛΟΥ,70.00,self-referential (payroll/EFKA/FMY remittance)
ΨΑΗΣ4690ΒΩ-ΖΜ0,2025-06-04,ΚΑΤΑΒΟΛΗ ΑΠΟΔΟΧΩΝ ΛΟΙΠΟΥ ΕΠΙΚΟΥΡΙΚΟΥ ΠΡΟΣΩΠΙΚΟΥ ΜΕ ΣΧΕΣΗ ΕΡΓΑΣΙΑΣ ΙΔΟΧ ΜΗΝΟΣ ΜΑϊΟΥ 2025 «ΕΝΙΣΧΥΣΗ ΤΩΝ ΦΟΡΕΩΝ ΥΓΕΙΑΣ ΜΕ ΕΠΙΚΟΥΡΙΚΟ ΠΡΟΣΩΠΙΚΟ ΓΙΑ ΤΗΝ ΑΝΤΑΠΟΚΡΙΣΗ ΣΤΙΣ ΑΝΑΓΚΕΣ ΛΟΓΩ ΤΗΣ ΕΠΙΔΗΜΙΑΣ COVID-19 ΣΤΗΝ ΠΕΡΙΦΕΡΕΙΑ ΘΕΣΣΑΛΙΑΣ» ΜΕ ΚΩΔΙΚΟ ΟΠΣ 5070510 ΣΤΟ ΕΠΙΧΕΙΡΗΣΙΑΚΟ ΠΡΟΓΡΑΜΜΑ «ΠΕΡΙΦΕΡΕΙΑΚΟ ΕΠΙΧΕΙΡΗΣΙΑΚΟ ΠΡΟΓΡΑΜΜΑ ΘΕΣΣΑΛΙΑΣ 2014  ΜΕ ΠΑΡΑΤΑΣΗ ΣΥΜΒΑΣΕΩΝ  ΕΩΣ 31/12/2025 ΣΥΜΦΩΝΑ ΜΕ ΤΙΣ ΔΙΑΤΑΞΕΙΣ  ΤΟΥ Ν.5161/2024 (ΦΕΚ  196/29-11-2024/τ.Α΄) ΑΡΘΡΟ 27 ΠΑΡ. 2,999501452,ΓΕΝΙΚΟ ΝΟΣΟΚΟΜΕΙΟ ΒΟΛΟΥ,960.00,self-referential (payroll/EFKA/FMY remittance)
ΨΑΗΣ4690ΒΩ-ΖΜ0,2025-06-04,ΚΑΤΑΒΟΛΗ ΑΠΟΔΟΧΩΝ ΛΟΙΠΟΥ ΕΠΙΚΟΥΡΙΚΟΥ ΠΡΟΣΩΠΙΚΟΥ ΜΕ ΣΧΕΣΗ ΕΡΓΑΣΙΑΣ ΙΔΟΧ ΜΗΝΟΣ ΜΑϊΟΥ 2025 «ΕΝΙΣΧΥΣΗ ΤΩΝ ΦΟΡΕΩΝ ΥΓΕΙΑΣ ΜΕ ΕΠΙΚΟΥΡΙΚΟ ΠΡΟΣΩΠΙΚΟ ΓΙΑ ΤΗΝ ΑΝΤΑΠΟΚΡΙΣΗ ΣΤΙΣ ΑΝΑΓΚΕΣ ΛΟΓΩ ΤΗΣ ΕΠΙΔΗΜΙΑΣ COVID-19 ΣΤΗΝ ΠΕΡΙΦΕΡΕΙΑ ΘΕΣΣΑΛΙΑΣ» ΜΕ ΚΩΔΙΚΟ ΟΠΣ 5070510 ΣΤΟ ΕΠΙΧΕΙΡΗΣΙΑΚΟ ΠΡΟΓΡΑΜΜΑ «ΠΕΡΙΦΕΡΕΙΑΚΟ ΕΠΙΧΕΙΡΗΣΙΑΚΟ ΠΡΟΓΡΑΜΜΑ ΘΕΣΣΑΛΙΑΣ 2014  ΜΕ ΠΑΡΑΤΑΣΗ ΣΥΜΒΑΣΕΩΝ  ΕΩΣ 31/12/2025 ΣΥΜΦΩΝΑ ΜΕ ΤΙΣ ΔΙΑΤΑΞΕΙΣ  ΤΟΥ Ν.5161/2024 (ΦΕΚ  196/29-11-2024/τ.Α΄) ΑΡΘΡΟ 27 ΠΑΡ. 2,999501452,ΓΕΝΙΚΟ ΝΟΣΟΚΟΜΕΙΟ ΒΟΛΟΥ,1114.78,self-referential (payroll/EFKA/FMY remittance)
Ψ17Ω4690ΒΩ-ΦΨ9,2025-06-04,ΚΑΤΑΒΟΛΗ ΑΠΟΔΟΧΩΝ ΛΟΙΠΟΥ ΕΠΙΚΟΥΡΙΚΟΥ ΠΡΟΣΩΠΙΚΟΥ ΜΕ ΣΧΕΣΗ ΕΡΓΑΣΙΑΣ ΙΔΟΧ ΜΗΝΟΣ ΜΑϊΟΥ 2025 «ΕΝΙΣΧΥΣΗ ΤΩΝ ΦΟΡΕΩΝ ΥΓΕΙΑΣ ΜΕ ΕΠΙΚΟΥΡΙΚΟ ΠΡΟΣΩΠΙΚΟ ΓΙΑ ΤΗΝ ΑΝΤΑΠΟΚΡΙΣΗ ΣΤΙΣ ΑΝΑΓΚΕΣ ΛΟΓΩ ΤΗΣ ΕΠΙΔΗΜΙΑΣ COVID-19 ΣΤΗΝ ΠΕΡΙΦΕΡΕΙΑ ΘΕΣΣΑΛΙΑΣ» ΜΕ ΚΩΔΙΚΟ ΟΠΣ 5070510 ΣΤΟ ΕΠΙΧΕΙΡΗΣΙΑΚΟ ΠΡΟΓΡΑΜΜΑ «ΠΕΡΙΦΕΡΕΙΑΚΟ ΕΠΙΧΕΙΡΗΣΙΑΚΟ ΠΡΟΓΡΑΜΜΑ ΘΕΣΣΑΛΙΑΣ 2014  ΜΕ ΠΑΡΑΤΑΣΗ ΣΥΜΒΑΣΕΩΝ  ΕΩΣ 31/12/2025 ΣΥΜΦΩΝΑ ΜΕ ΤΙΣ ΔΙΑΤΑΞΕΙΣ  ΤΟΥ Ν.5161/2024 (ΦΕΚ  196/29-11-2024/τ.Α΄) ΑΡΘΡΟ 27 ΠΑΡ. 2,999501452,ΓΕΝΙΚΟ ΝΟΣΟΚΟΜΕΙΟ ΒΟΛΟΥ,52972.15,self-referential (payroll/EFKA/FMY remittance)
Ψ17Ω4690ΒΩ-ΦΨ9,2025-06-04,ΚΑΤΑΒΟΛΗ ΑΠΟΔΟΧΩΝ ΛΟΙΠΟΥ ΕΠΙΚΟΥΡΙΚΟΥ ΠΡΟΣΩΠΙΚΟΥ ΜΕ ΣΧΕΣΗ ΕΡΓΑΣΙΑΣ ΙΔΟΧ ΜΗΝΟΣ ΜΑϊΟΥ 2025 «ΕΝΙΣΧΥΣΗ ΤΩΝ ΦΟΡΕΩΝ ΥΓΕΙΑΣ ΜΕ ΕΠΙΚΟΥΡΙΚΟ ΠΡΟΣΩΠΙΚΟ ΓΙΑ ΤΗΝ ΑΝΤΑΠΟΚΡΙΣΗ ΣΤΙΣ ΑΝΑΓΚΕΣ ΛΟΓΩ ΤΗΣ ΕΠΙΔΗΜΙΑΣ COVID-19 ΣΤΗΝ ΠΕΡΙΦΕΡΕΙΑ ΘΕΣΣΑΛΙΑΣ» ΜΕ ΚΩΔΙΚΟ ΟΠΣ 5070510 ΣΤΟ ΕΠΙΧΕΙΡΗΣΙΑΚΟ ΠΡΟΓΡΑΜΜΑ «ΠΕΡΙΦΕΡΕΙΑΚΟ ΕΠΙΧΕΙΡΗΣΙΑΚΟ ΠΡΟΓΡΑΜΜΑ ΘΕΣΣΑΛΙΑΣ 2014  ΜΕ ΠΑΡΑΤΑΣΗ ΣΥΜΒΑΣΕΩΝ  ΕΩΣ 31/12/2025 ΣΥΜΦΩΝΑ ΜΕ ΤΙΣ ΔΙΑΤΑΞΕΙΣ  ΤΟΥ Ν.5161/2024 (ΦΕΚ  196/29-11-2024/τ.Α΄) ΑΡΘΡΟ 27 ΠΑΡ. 2,999501452,ΓΕΝΙΚΟ ΝΟΣΟΚΟΜΕΙΟ ΒΟΛΟΥ,1622.00,self-referential (payroll/EFKA/FMY remittance)
Ψ17Ω4690ΒΩ-ΦΨ9,2025-06-04,ΚΑΤΑΒΟΛΗ ΑΠΟΔΟΧΩΝ ΛΟΙΠΟΥ ΕΠΙΚΟΥΡΙΚΟΥ ΠΡΟΣΩΠΙΚΟΥ ΜΕ ΣΧΕΣΗ ΕΡΓΑΣΙΑΣ ΙΔΟΧ ΜΗΝΟΣ ΜΑϊΟΥ 2025 «ΕΝΙΣΧΥΣΗ ΤΩΝ ΦΟΡΕΩΝ ΥΓΕΙΑΣ ΜΕ ΕΠΙΚΟΥΡΙΚΟ ΠΡΟΣΩΠΙΚΟ ΓΙΑ ΤΗΝ ΑΝΤΑΠΟΚΡΙΣΗ ΣΤΙΣ ΑΝΑΓΚΕΣ ΛΟΓΩ ΤΗΣ ΕΠΙΔΗΜΙΑΣ COVID-19 ΣΤΗΝ ΠΕΡΙΦΕΡΕΙΑ ΘΕΣΣΑΛΙΑΣ» ΜΕ ΚΩΔΙΚΟ ΟΠΣ 5070510 ΣΤΟ ΕΠΙΧΕΙΡΗΣΙΑΚΟ ΠΡΟΓΡΑΜΜΑ «ΠΕΡΙΦΕΡΕΙΑΚΟ ΕΠΙΧΕΙΡΗΣΙΑΚΟ ΠΡΟΓΡΑΜΜΑ ΘΕΣΣΑΛΙΑΣ 2014  ΜΕ ΠΑΡΑΤΑΣΗ ΣΥΜΒΑΣΕΩΝ  ΕΩΣ 31/12/2025 ΣΥΜΦΩΝΑ ΜΕ ΤΙΣ ΔΙΑΤΑΞΕΙΣ  ΤΟΥ Ν.5161/2024 (ΦΕΚ  196/29-11-2024/τ.Α΄) ΑΡΘΡΟ 27 ΠΑΡ. 2,999501452,ΓΕΝΙΚΟ ΝΟΣΟΚΟΜΕΙΟ ΒΟΛΟΥ,8666.34,self-referential (payroll/EFKA/FMY remittance)
Ψ17Ω4690ΒΩ-ΦΨ9,2025-06-04,ΚΑΤΑΒΟΛΗ ΑΠΟΔΟΧΩΝ ΛΟΙΠΟΥ ΕΠΙΚΟΥΡΙΚΟΥ ΠΡΟΣΩΠΙΚΟΥ ΜΕ ΣΧΕΣΗ ΕΡΓΑΣΙΑΣ ΙΔΟΧ ΜΗΝΟΣ ΜΑϊΟΥ 2025 «ΕΝΙΣΧΥΣΗ ΤΩΝ ΦΟΡΕΩΝ ΥΓΕΙΑΣ ΜΕ ΕΠΙΚΟΥΡΙΚΟ ΠΡΟΣΩΠΙΚΟ ΓΙΑ ΤΗΝ ΑΝΤΑΠΟΚΡΙΣΗ ΣΤΙΣ ΑΝΑΓΚΕΣ ΛΟΓΩ ΤΗΣ ΕΠΙΔΗΜΙΑΣ COVID-19 ΣΤΗΝ ΠΕΡΙΦΕΡΕΙΑ ΘΕΣΣΑΛΙΑΣ» ΜΕ ΚΩΔΙΚΟ ΟΠΣ 5070510 ΣΤΟ ΕΠΙΧΕΙΡΗΣΙΑΚΟ ΠΡΟΓΡΑΜΜΑ «ΠΕΡΙΦΕΡΕΙΑΚΟ ΕΠΙΧΕΙΡΗΣΙΑΚΟ ΠΡΟΓΡΑΜΜΑ ΘΕΣΣΑΛΙΑΣ 2014  ΜΕ ΠΑΡΑΤΑΣΗ ΣΥΜΒΑΣΕΩΝ  ΕΩΣ 31/12/2025 ΣΥΜΦΩΝΑ ΜΕ ΤΙΣ ΔΙΑΤΑΞΕΙΣ  ΤΟΥ Ν.5161/2024 (ΦΕΚ  196/29-11-2024/τ.Α΄) ΑΡΘΡΟ 27 ΠΑΡ. 2,999501452,ΓΕΝΙΚΟ ΝΟΣΟΚΟΜΕΙΟ ΒΟΛΟΥ,15012.91,self-referential (payroll/EFKA/FMY remittance)
ΨΓΑΧ4690ΒΩ-19Φ,2025-06-04,ΚΑΤΑΒΟΛΗ ΑΠΟΔΟΧΩΝ ΜΗΝΟΣ ΜΑΪΟΥ 2025 ΕΠΙΚΟΥΡΙΚΟΥ ΠΡΟΣΩΠΙΚΟΥ ΜΕ ΑΤΟΜΙΚΕΣ ΣΥΜΒΑΣΕΙΣ ΣΤΟ ΤΜΗΜΑ ΙΜΑΤΙΣΜΟΥ - ΕΣΤΙΑΣΗ ΜΕ ΠΑΡΑΤΑΣΗ ΣΥΜΒΑΣΕΩΝ  ΕΩΣ 31/3/2025 ΣΥΜΦΩΝΑ ΜΕ ΤΙΣ ΔΙΑΤΑΞΕΙΣ  ΤΟΥ Ν.5161/2024 (ΦΕΚ  196/29-11-2024/τ.Α΄) ΑΡΘΡΟ 27 ΠΑΡ. 1,999501452,ΓΕΝΙΚΟ ΝΟΣΟΚΟΜΕΙΟ ΒΟΛΟΥ,3692.00,self-referential (payroll/EFKA/FMY remittance)
ΨΓΑΧ4690ΒΩ-19Φ,2025-06-04,ΚΑΤΑΒΟΛΗ ΑΠΟΔΟΧΩΝ ΜΗΝΟΣ ΜΑΪΟΥ 2025 ΕΠΙΚΟΥΡΙΚΟΥ ΠΡΟΣΩΠΙΚΟΥ ΜΕ ΑΤΟΜΙΚΕΣ ΣΥΜΒΑΣΕΙΣ ΣΤΟ ΤΜΗΜΑ ΙΜΑΤΙΣΜΟΥ - ΕΣΤΙΑΣΗ ΜΕ ΠΑΡΑΤΑΣΗ ΣΥΜΒΑΣΕΩΝ  ΕΩΣ 31/3/2025 ΣΥΜΦΩΝΑ ΜΕ ΤΙΣ ΔΙΑΤΑΞΕΙΣ  ΤΟΥ Ν.5161/2024 (ΦΕΚ  196/29-11-2024/τ.Α΄) ΑΡΘΡΟ 27 ΠΑΡ. 1,999501452,ΓΕΝΙΚΟ ΝΟΣΟΚΟΜΕΙΟ ΒΟΛΟΥ,340.00,self-referential (payroll/EFKA/FMY remittance)
ΨΓΑΧ4690ΒΩ-19Φ,2025-06-04,ΚΑΤΑΒΟΛΗ ΑΠΟΔΟΧΩΝ ΜΗΝΟΣ ΜΑΪΟΥ 2025 ΕΠΙΚΟΥΡΙΚΟΥ ΠΡΟΣΩΠΙΚΟΥ ΜΕ ΑΤΟΜΙΚΕΣ ΣΥΜΒΑΣΕΙΣ ΣΤΟ ΤΜΗΜΑ ΙΜΑΤΙΣΜΟΥ - ΕΣΤΙΑΣΗ ΜΕ ΠΑΡΑΤΑΣΗ ΣΥΜΒΑΣΕΩΝ  ΕΩΣ 31/3/2025 ΣΥΜΦΩΝΑ ΜΕ ΤΙΣ ΔΙΑΤΑΞΕΙΣ  ΤΟΥ Ν.5161/2024 (ΦΕΚ  196/29-11-2024/τ.Α΄) ΑΡΘΡΟ 27 ΠΑΡ. 1,999501452,ΓΕΝΙΚΟ ΝΟΣΟΚΟΜΕΙΟ ΒΟΛΟΥ,210.00,self-referential (payroll/EFKA/FMY remittance)
ΨΓΑΧ4690ΒΩ-19Φ,2025-06-04,ΚΑΤΑΒΟΛΗ ΑΠΟΔΟΧΩΝ ΜΗΝΟΣ ΜΑΪΟΥ 2025 ΕΠΙΚΟΥΡΙΚΟΥ ΠΡΟΣΩΠΙΚΟΥ ΜΕ ΑΤΟΜΙΚΕΣ ΣΥΜΒΑΣΕΙΣ ΣΤΟ ΤΜΗΜΑ ΙΜΑΤΙΣΜΟΥ - ΕΣΤΙΑΣΗ ΜΕ ΠΑΡΑΤΑΣΗ ΣΥΜΒΑΣΕΩΝ  ΕΩΣ 31/3/2025 ΣΥΜΦΩΝΑ ΜΕ ΤΙΣ ΔΙΑΤΑΞΕΙΣ  ΤΟΥ Ν.5161/2024 (ΦΕΚ  196/29-11-2024/τ.Α΄) ΑΡΘΡΟ 27 ΠΑΡ. 1,999501452,ΓΕΝΙΚΟ ΝΟΣΟΚΟΜΕΙΟ ΒΟΛΟΥ,1015.53,self-referential (payroll/EFKA/FMY remittance)
91ΡΩ4690ΒΩ-ΒΚΑ,2025-06-04,ΚΑΤΑΒΟΛΗ ΑΠΟΔΟΧΩΝ ΜΗΝΟΣ ΜΑϊΟΥ 2025  ΣΕ ΠΡΟΣΩΠΙΚΟ ΠΟΥ ΥΠΗΡΕΤΕΙ ΜΕΣΩ ΠΡΟΓΡΑΜΜΑΤΟΣ ΟΑΕΔ ΗΛΙΚΙΑΣ 55-67 ΣΥΜΦΩΝΑ ΜΕ ΤΗΝ 1η ΤΡΟΠΟΠΟΙΗΣΗ ΤΗΣ ΔΗΜΟΣΙΑΣ ΠΡΟΣΚΛΗΣΗΣ Νο 11/2017 ΤΟΥ ΟΑΕΔ,999501452,ΓΕΝΙΚΟ ΝΟΣΟΚΟΜΕΙΟ ΒΟΛΟΥ,35721.11,self-referential (payroll/EFKA/FMY remittance)
91ΡΩ4690ΒΩ-ΒΚΑ,2025-06-04,ΚΑΤΑΒΟΛΗ ΑΠΟΔΟΧΩΝ ΜΗΝΟΣ ΜΑϊΟΥ 2025  ΣΕ ΠΡΟΣΩΠΙΚΟ ΠΟΥ ΥΠΗΡΕΤΕΙ ΜΕΣΩ ΠΡΟΓΡΑΜΜΑΤΟΣ ΟΑΕΔ ΗΛΙΚΙΑΣ 55-67 ΣΥΜΦΩΝΑ ΜΕ ΤΗΝ 1η ΤΡΟΠΟΠΟΙΗΣΗ ΤΗΣ ΔΗΜΟΣΙΑΣ ΠΡΟΣΚΛΗΣΗΣ Νο 11/2017 ΤΟΥ ΟΑΕΔ,999501452,ΓΕΝΙΚΟ ΝΟΣΟΚΟΜΕΙΟ ΒΟΛΟΥ,868.68,self-referential (payroll/EFKA/FMY remittance)
91ΡΩ4690ΒΩ-ΒΚΑ,2025-06-04,ΚΑΤΑΒΟΛΗ ΑΠΟΔΟΧΩΝ ΜΗΝΟΣ ΜΑϊΟΥ 2025  ΣΕ ΠΡΟΣΩΠΙΚΟ ΠΟΥ ΥΠΗΡΕΤΕΙ ΜΕΣΩ ΠΡΟΓΡΑΜΜΑΤΟΣ ΟΑΕΔ ΗΛΙΚΙΑΣ 55-67 ΣΥΜΦΩΝΑ ΜΕ ΤΗΝ 1η ΤΡΟΠΟΠΟΙΗΣΗ ΤΗΣ ΔΗΜΟΣΙΑΣ ΠΡΟΣΚΛΗΣΗΣ Νο 11/2017 ΤΟΥ ΟΑΕΔ,999501452,ΓΕΝΙΚΟ ΝΟΣΟΚΟΜΕΙΟ ΒΟΛΟΥ,3669.66,self-referential (payroll/EFKA/FMY remittance)
91ΡΩ4690ΒΩ-ΒΚΑ,2025-06-04,ΚΑΤΑΒΟΛΗ ΑΠΟΔΟΧΩΝ ΜΗΝΟΣ ΜΑϊΟΥ 2025  ΣΕ ΠΡΟΣΩΠΙΚΟ ΠΟΥ ΥΠΗΡΕΤΕΙ ΜΕΣΩ ΠΡΟΓΡΑΜΜΑΤΟΣ ΟΑΕΔ ΗΛΙΚΙΑΣ 55-67 ΣΥΜΦΩΝΑ ΜΕ ΤΗΝ 1η ΤΡΟΠΟΠΟΙΗΣΗ ΤΗΣ ΔΗΜΟΣΙΑΣ ΠΡΟΣΚΛΗΣΗΣ Νο 11/2017 ΤΟΥ ΟΑΕΔ,999501452,ΓΕΝΙΚΟ ΝΟΣΟΚΟΜΕΙΟ ΒΟΛΟΥ,9270.76,self-referential (payroll/EFKA/FMY remittance)
ΨΚΝΞ4690ΒΩ-71Ξ,2025-06-04,ΕΦΗΜΕΡΙΕΣ (ΥΠΕΡΒΑΛΛΟΥΣΕΣ) ΙΑΤΡΙΚΟΥ ΠΡΟΣΩΠΙΚΟΥ ΜΗΝΟΣ  ΙΑΝΟΥΑΡΙΟΥ 2025,999501452,ΓΕΝΙΚΟ ΝΟΣΟΚΟΜΕΙΟ ΒΟΛΟΥ,31319.29,self-referential (payroll/EFKA/FMY remittance)
6ΥΒΦ4690ΒΩ-ΦΥ4,2025-06-04,ΕΦΗΜΕΡΙΕΣ (ΥΠΕΡΒΑΛΛΟΥΣΕΣ) ΙΑΤΡΙΚΟΥ ΕΠΙΚΟΥΡΙΚΟΥ ΠΡΟΣΩΠΙΚΟΥ ΜΕ ΣΧΕΣΗ ΕΡΓΑΣΙΑΣ ΙΔΟΧ ΜΗΝΟΣ  ΙΑΝΟΥΑΡΙΟΥ 2025 «ΕΝΙΣΧΥΣΗ ΤΩΝ ΦΟΡΕΩΝ ΥΓΕΙΑΣ ΜΕ ΕΠΙΚΟΥΡΙΚΟ ΠΡΟΣΩΠΙΚΟ ΓΙΑ ΤΗΝ ΑΝΤΑΠΟΚΡΙΣΗ ΣΤΙΣ ΑΝΑΓΚΕΣ ΛΟΓΩ ΤΗΣ ΕΠΙΔΗΜΙΑΣ COVID-19 ΣΤΗΝ ΠΕΡΙΦΕΡΕΙΑ ΘΕΣΣΑΛΙΑΣ» ΜΕ ΚΩΔΙΚΟ ΟΠΣ 5070510 ΣΤΟ ΕΠΙΧΕΙΡΗΣΙΑΚΟ ΠΡΟΓΡΑΜΜΑ «ΠΕΡΙΦΕΡΕΙΑΚΟ ΕΠΙΧΕΙΡΗΣΙΑΚΟ ΠΡΟΓΡΑΜΜΑ ΘΕΣΣΑΛΙΑΣ 2014 ΜΕ ΠΑΡΑΤΑΣΗ ΣΥΜΒΑΣΕΩΝ  ΕΩΣ 31/12/2024 ΣΥΜΦΩΝΑ ΜΕ ΤΙΣ ΔΙΑΤΑΞΕΙΣ  ΤΟΥ Ν.5079/2023 (ΦΕΚ 215/22-12-2023/τ.Α΄) ΑΡΘΡΟ 70 ΠΑΡ.,999501452,ΓΕΝΙΚΟ ΝΟΣΟΚΟΜΕΙΟ ΒΟΛΟΥ,241.42,self-referential (payroll/EFKA/FMY remittance)
Ψ6Ε14690ΒΩ-Α7Μ,2025-05-30,"ΑΠΟΔΟΣΗ ΦΜΥ ΠΡΟΣΘΕΤΩΝ ΑΠΟΔΟΧΩΝ ΦΕΒΡΟΥΑΡΙΟΥ 2025, ΤΟΥ ΕΙΔΙΚΟΥ ΠΡΟΓΡΑΜΜΑΤΟΣ ΑΠΑΣΧΟΛΗΣΗΣ 1135 ΑΝΕΡΓΟΙ ΣΤΟ ΧΩΡΟ ΤΗΣ ΥΓΕΙΑΣ",999501452,ΓΕΝΙΚΟ ΝΟΣΟΚΟΜΕΙΟ ΒΟΛΟΥ,33.89,self-referential (payroll/EFKA/FMY remittance)
Ψ7ΡΧ4690ΒΩ-9Ν2,2025-05-30,:ΑΠΟΔΟΣΗ ΥΠΕΡ ΕΦΚΑ ΚΑΙ ΛΟΙΠΩΝ ΑΣΦΑΛΙΣΤΙΚΩΝ ΤΑΜΕΙΩΝ ΕΠΙ ΤΩΝ ΕΞΟΦΛΗΘΕΝΤΩΝ ΧΕ ΜΙΣΘΟΔΟΣΙΑΣ ΜΗΝΟΣ ΜΑΙΟΥ 2025 (Φ100)  (ΜΕΣΩ ΕΑΠ ),999501452,ΓΕΝΙΚΟ ΝΟΣΟΚΟΜΕΙΟ ΒΟΛΟΥ,3480.87,self-referential (payroll/EFKA/FMY remittance)
Ψ7ΡΧ4690ΒΩ-9Ν2,2025-05-30,:ΑΠΟΔΟΣΗ ΥΠΕΡ ΕΦΚΑ ΚΑΙ ΛΟΙΠΩΝ ΑΣΦΑΛΙΣΤΙΚΩΝ ΤΑΜΕΙΩΝ ΕΠΙ ΤΩΝ ΕΞΟΦΛΗΘΕΝΤΩΝ ΧΕ ΜΙΣΘΟΔΟΣΙΑΣ ΜΗΝΟΣ ΜΑΙΟΥ 2025 (Φ100)  (ΜΕΣΩ ΕΑΠ ),999501452,ΓΕΝΙΚΟ ΝΟΣΟΚΟΜΕΙΟ ΒΟΛΟΥ,2716.54,self-referential (payroll/EFKA/FMY remittance)
Ψ7ΡΧ4690ΒΩ-9Ν2,2025-05-30,:ΑΠΟΔΟΣΗ ΥΠΕΡ ΕΦΚΑ ΚΑΙ ΛΟΙΠΩΝ ΑΣΦΑΛΙΣΤΙΚΩΝ ΤΑΜΕΙΩΝ ΕΠΙ ΤΩΝ ΕΞΟΦΛΗΘΕΝΤΩΝ ΧΕ ΜΙΣΘΟΔΟΣΙΑΣ ΜΗΝΟΣ ΜΑΙΟΥ 2025 (Φ100)  (ΜΕΣΩ ΕΑΠ ),999501452,ΓΕΝΙΚΟ ΝΟΣΟΚΟΜΕΙΟ ΒΟΛΟΥ,63217.66,self-referential (payroll/EFKA/FMY remittance)
Ψ7ΡΧ4690ΒΩ-9Ν2,2025-05-30,:ΑΠΟΔΟΣΗ ΥΠΕΡ ΕΦΚΑ ΚΑΙ ΛΟΙΠΩΝ ΑΣΦΑΛΙΣΤΙΚΩΝ ΤΑΜΕΙΩΝ ΕΠΙ ΤΩΝ ΕΞΟΦΛΗΘΕΝΤΩΝ ΧΕ ΜΙΣΘΟΔΟΣΙΑΣ ΜΗΝΟΣ ΜΑΙΟΥ 2025 (Φ100)  (ΜΕΣΩ ΕΑΠ ),999501452,ΓΕΝΙΚΟ ΝΟΣΟΚΟΜΕΙΟ ΒΟΛΟΥ,64846.15,self-referential (payroll/EFKA/FMY remittance)
ΡΦΑ54690ΒΩ-4Ξ5,2025-05-22,"ΚΑΤΑΒΟΛΗ ΕΚΤΑΚΤΗΣ ΟΙΚΟΝΟΜΙΚΗΣ ΕΝΙΣΧΥΣΗΣ ΕΦΗΜΕΡΙΩΝ  ΙΑΤΡΩΝ ΕΣΥ ΣΥΜΦΩΝΑ ΜΕ ΤΙΣ ΔΙΑΤΑΞΕΙΣ ΤΩΝ ΑΡΘΡΩΝ 88,89 ΚΑΙ 90 ΤΟΥ Ν.4850/2021 ΦΕΚ 208/τ. Α΄ ΜΗΝΟΣ    ΜΑΡΤΙΟΥ 2025",999501452,ΓΕΝΙΚΟ ΝΟΣΟΚΟΜΕΙΟ ΒΟΛΟΥ,5000.00,self-referential (payroll/EFKA/FMY remittance)
96544690ΒΩ-95Π,2025-05-22,ΕΦΗΜΕΡΙΕΣ  ΙΑΤΡΩΝ ΕΣΥ ΜΗΝΟΣ  ΜΑΡΤΙΟΥ 2025,999501452,ΓΕΝΙΚΟ ΝΟΣΟΚΟΜΕΙΟ ΒΟΛΟΥ,103456.30,self-referential (payroll/EFKA/FMY remittance)
ΨΧΝΚ4690ΒΩ-ΧΔΖ,2025-05-22,ΕΦΗΜΕΡΙΕΣ ΕΠΙΚΟΥΡΙΚΩΝ  ΙΑΤΡΩΝ ΕΣΥ ΜΗΝΟΣ   ΜΑΡΤΙΟΥ 2025,999501452,ΓΕΝΙΚΟ ΝΟΣΟΚΟΜΕΙΟ ΒΟΛΟΥ,8537.84,self-referential (payroll/EFKA/FMY remittance)
ΡΚΣ44690ΒΩ-ΝΕΡ,2025-05-22,ΕΦΗΜΕΡΙΕΣ ΕΙΔΙΚΕΥΟΜΕΝΩΝ ΙΑΤΡΩΝ ΜΗΝΟΣ  ΜΑΡΤΙΟΥ 2025,999501452,ΓΕΝΙΚΟ ΝΟΣΟΚΟΜΕΙΟ ΒΟΛΟΥ,72960.96,self-referential (payroll/EFKA/FMY remittance)
Ρ6ΜΘ4690ΒΩ-ΑΙΞ,2025-05-22,ΕΦΗΜΕΡΙΕΣ ΜΕΤΑΚΙΝΟΥΜΕΝΩΝ ΙΑΤΡΩΝ ΤΟΥ Π.Ε.Δ.Υ ΓΙΑ ΚΑΛΥΨΗ ΕΦΗΜΕΡΙΩΝ ΣΤΟ ΓΝΒ ΤΟΝ ΜΗΝΑ  ΜΑΡΤΙΟ 2025,999501452,ΓΕΝΙΚΟ ΝΟΣΟΚΟΜΕΙΟ ΒΟΛΟΥ,11082.68,self-referential (payroll/EFKA/FMY remittance)
9ΔΜΒ4690ΒΩ-Υ69,2025-05-22,ΕΦΗΜΕΡΙΕΣ ΙΑΤΡΩΝ ΨΥΧΙΚΗΣ ΥΓΕΙΑΣ ΜΗΝΟΣ  ΜΑΡΤΙΟΥ 2025,999501452,ΓΕΝΙΚΟ ΝΟΣΟΚΟΜΕΙΟ ΒΟΛΟΥ,7806.57,self-referential (payroll/EFKA/FMY remittance)
ΨΧΗΘ4690ΒΩ-8ΤΗ,2025-05-22,ΕΦΗΜΕΡΙΕΣ ΙΑΤΡΙΚΟΥ ΕΠΙΚΟΥΡΙΚΟΥ ΠΡΟΣΩΠΙΚΟΥ ΜΕ ΣΧΕΣΗ ΕΡΓΑΣΙΑΣ ΙΔΟΧ ΜΗΝΟΣ  ΜΑΡΤΙΟΥ 2025 «ΕΝΙΣΧΥΣΗ ΤΩΝ ΦΟΡΕΩΝ ΥΓΕΙΑΣ ΜΕ ΕΠΙΚΟΥΡΙΚΟ ΠΡΟΣΩΠΙΚΟ ΓΙΑ ΤΗΝ ΑΝΤΑΠΟΚΡΙΣΗ ΣΤΙΣ ΑΝΑΓΚΕΣ ΛΟΓΩ ΤΗΣ ΕΠΙΔΗΜΙΑΣ COVID-19 ΣΤΗΝ ΠΕΡΙΦΕΡΕΙΑ ΘΕΣΣΑΛΙΑΣ» ΜΕ ΚΩΔΙΚΟ ΟΠΣ 5070510 ΣΤΟ ΕΠΙΧΕΙΡΗΣΙΑΚΟ ΠΡΟΓΡΑΜΜΑ «ΠΕΡΙΦΕΡΕΙΑΚΟ ΕΠΙΧΕΙΡΗΣΙΑΚΟ ΠΡΟΓΡΑΜΜΑ ΘΕΣΣΑΛΙΑΣ 2014 ΜΕ ΠΑΡΑΤΑΣΗ ΣΥΜΒΑΣΕΩΝ  ΕΩΣ 31/12/2024 ΣΥΜΦΩΝΑ ΜΕ ΤΙΣ ΔΙΑΤΑΞΕΙΣ  ΤΟΥ Ν.5079/2023 (ΦΕΚ 215/22-12-2023/τ.Α΄) ΑΡΘΡΟ 70 ΠΑΡ. 1,999501452,ΓΕΝΙΚΟ ΝΟΣΟΚΟΜΕΙΟ ΒΟΛΟΥ,2130.75,self-referential (payroll/EFKA/FMY remittance)
9ΛΥΨ4690ΒΩ-Π27,2025-05-22,ΕΦΗΜΕΡΙΕΣ  ΕΠΙΣΤΗΜΟΝΙΚΟΥ ΠΡΟΣΩΠΙΚΟΥ ΜΗΝΟΣ  ΜΑΡΤΙΟΥ 2025,999501452,ΓΕΝΙΚΟ ΝΟΣΟΚΟΜΕΙΟ ΒΟΛΟΥ,5978.84,self-referential (payroll/EFKA/FMY remittance)
9ΛΥΨ4690ΒΩ-Π27,2025-05-22,ΕΦΗΜΕΡΙΕΣ  ΕΠΙΣΤΗΜΟΝΙΚΟΥ ΠΡΟΣΩΠΙΚΟΥ ΜΗΝΟΣ  ΜΑΡΤΙΟΥ 2025,999501452,ΓΕΝΙΚΟ ΝΟΣΟΚΟΜΕΙΟ ΒΟΛΟΥ,3816.03,self-referential (payroll/EFKA/FMY remittance)
ΡΘ9Ν4690ΒΩ-5ΑΝ,2025-05-22,ΕΦΗΜΕΡΙΕΣ  ΕΠΙΣΤΗΜΟΝΙΚΟΥ ΠΡΟΣΩΠΙΚΟΥ  ΨΥΧΙΚΗΣ ΥΓΕΙΑΣ ΜΗΝΟΣ  ΜΑΡΤΙΟΥ 2025,999501452,ΓΕΝΙΚΟ ΝΟΣΟΚΟΜΕΙΟ ΒΟΛΟΥ,3119.10,self-referential (payroll/EFKA/FMY remittance)
68ΣΡ4690ΒΩ-ΤΣΑ,2025-05-22,ΕΦΗΜΕΡΙΕΣ  ΕΠΙΣΤΗΜΟΝΙΚΟΥ ΠΡΟΣΩΠΙΚΟΥ ΜΕ ΣΧΕΣΗ ΕΡΓΑΣΙΑΣ ΙΔΟΧ ΜΗΝΟΣ  ΜΑΡΤΙΟΥ 2025 «ΕΝΙΣΧΥΣΗ ΤΩΝ ΦΟΡΕΩΝ ΥΓΕΙΑΣ ΜΕ ΕΠΙΚΟΥΡΙΚΟ ΠΡΟΣΩΠΙΚΟ ΓΙΑ ΤΗΝ ΑΝΤΑΠΟΚΡΙΣΗ ΣΤΙΣ ΑΝΑΓΚΕΣ ΛΟΓΩ ΤΗΣ ΕΠΙΔΗΜΙΑΣ COVID-19 ΣΤΗΝ ΠΕΡΙΦΕΡΕΙΑ ΘΕΣΣΑΛΙΑΣ» ΜΕ ΚΩΔΙΚΟ ΟΠΣ 5070510 ΣΤΟ ΕΠΙΧΕΙΡΗΣΙΑΚΟ ΠΡΟΓΡΑΜΜΑ «ΠΕΡΙΦΕΡΕΙΑΚΟ ΕΠΙΧΕΙΡΗΣΙΑΚΟ ΠΡΟΓΡΑΜΜΑ ΘΕΣΣΑΛΙΑΣ 2014 ΜΕ ΠΑΡΑΤΑΣΗ ΣΥΜΒΑΣΕΩΝ  ΕΩΣ 31/12/2024 ΣΥΜΦΩΝΑ ΜΕ ΤΙΣ ΔΙΑΤΑΞΕΙΣ  ΤΟΥ Ν.5079/2023 (ΦΕΚ 215/22-12-2023/τ.Α΄) ΑΡΘΡΟ 70 ΠΑΡ. 1,999501452,ΓΕΝΙΚΟ ΝΟΣΟΚΟΜΕΙΟ ΒΟΛΟΥ,198.85,self-referential (payroll/EFKA/FMY remittance)
68ΣΡ4690ΒΩ-ΤΣΑ,2025-05-22,ΕΦΗΜΕΡΙΕΣ  ΕΠΙΣΤΗΜΟΝΙΚΟΥ ΠΡΟΣΩΠΙΚΟΥ ΜΕ ΣΧΕΣΗ ΕΡΓΑΣΙΑΣ ΙΔΟΧ ΜΗΝΟΣ  ΜΑΡΤΙΟΥ 2025 «ΕΝΙΣΧΥΣΗ ΤΩΝ ΦΟΡΕΩΝ ΥΓΕΙΑΣ ΜΕ ΕΠΙΚΟΥΡΙΚΟ ΠΡΟΣΩΠΙΚΟ ΓΙΑ ΤΗΝ ΑΝΤΑΠΟΚΡΙΣΗ ΣΤΙΣ ΑΝΑΓΚΕΣ ΛΟΓΩ ΤΗΣ ΕΠΙΔΗΜΙΑΣ COVID-19 ΣΤΗΝ ΠΕΡΙΦΕΡΕΙΑ ΘΕΣΣΑΛΙΑΣ» ΜΕ ΚΩΔΙΚΟ ΟΠΣ 5070510 ΣΤΟ ΕΠΙΧΕΙΡΗΣΙΑΚΟ ΠΡΟΓΡΑΜΜΑ «ΠΕΡΙΦΕΡΕΙΑΚΟ ΕΠΙΧΕΙΡΗΣΙΑΚΟ ΠΡΟΓΡΑΜΜΑ ΘΕΣΣΑΛΙΑΣ 2014 ΜΕ ΠΑΡΑΤΑΣΗ ΣΥΜΒΑΣΕΩΝ  ΕΩΣ 31/12/2024 ΣΥΜΦΩΝΑ ΜΕ ΤΙΣ ΔΙΑΤΑΞΕΙΣ  ΤΟΥ Ν.5079/2023 (ΦΕΚ 215/22-12-2023/τ.Α΄) ΑΡΘΡΟ 70 ΠΑΡ. 1,999501452,ΓΕΝΙΚΟ ΝΟΣΟΚΟΜΕΙΟ ΒΟΛΟΥ,458.68,self-referential (payroll/EFKA/FMY remittance)
9ΖΒ44690ΒΩ-ΘΞ2,2025-05-22,ΗΜΕΡΗΣΙΑ ΑΠΟΖΗΜΙΩΣΗ ΓΙΑ ΠΡΟΓΡΑΜΜΑΤΙΣΜΕΝΕΣ ΜΕΤΑΚΙΝΗΣΕΙΣ ΤΗΣ ΚΙΝΗΤΗΣ ΜΟΝΑΔΑΣ ΑΙΜΟΔΟΣΙΑΣ ΓΙΑ ΑΙΜΟΛΗΨΙΕΑΣ ΣΤΙΣ ΑΠΟΡΑΔΕΣ (ΣΚΙΑΘΟ) 23/4/2025 ΕΩΣ 25/4/2025,999501452,ΓΕΝΙΚΟ ΝΟΣΟΚΟΜΕΙΟ ΒΟΛΟΥ,360.00,self-referential (payroll/EFKA/FMY remittance)
9ΖΝ34690ΒΩ-ΓΥ9,2025-05-21,"ΕΙΣΦΟΡΕΣ ΥΠΕΡ ΕΦΚΑ ΤΟΥ ΔΙΕΚ (326,80) , ΙΕΚ (22,98) ΜΗΝΟΣ ΑΠΡΙΛΙΟΥ 2025",999501452,ΓΕΝΙΚΟ ΝΟΣΟΚΟΜΕΙΟ ΒΟΛΟΥ,349.78,self-referential (payroll/EFKA/FMY remittance)
ΨΝ0Η4690ΒΩ-07Σ,2025-05-19,ΟΔΟΙΠΟΡΙΚΑ ΕΞΟΔΑ ΗΜΕΡΗΣΙΑ ΑΠΟΖΗΜΙΩΣΗ ΥΠΑΛΛΗΛΟΥ ΚΨΥ ΠΟΥ ΜΕΤΕΒΗ ΣΤΗ 5η Υ.Πε.ΘΕΣΣΑΛΙΑΣ ΣΕ ΣΥΝΑΝΤΗΣΗ ΕΡΓΑΣΙΑΣ ΓΙΑ ΤΗΝ ΠΟΡΕΙΑ ΕΦΑΡΜΟΓΗΣ ΤΟ ΝΕΙΟΥ ΕΘΝΙΚΟΥ ΣΧΕΔΙΟΥ ΔΡΑΣΗΣ ΓΙΑ ΤΗΝ ΨΥΧΙΚΗ ΥΓΕΙΑ 23/10/2024,999501452,ΓΕΝΙΚΟ ΝΟΣΟΚΟΜΕΙΟ ΒΟΛΟΥ,11.60,self-referential (payroll/EFKA/FMY remittance)
ΨΝ0Η4690ΒΩ-07Σ,2025-05-19,ΟΔΟΙΠΟΡΙΚΑ ΕΞΟΔΑ ΗΜΕΡΗΣΙΑ ΑΠΟΖΗΜΙΩΣΗ ΥΠΑΛΛΗΛΟΥ ΚΨΥ ΠΟΥ ΜΕΤΕΒΗ ΣΤΗ 5η Υ.Πε.ΘΕΣΣΑΛΙΑΣ ΣΕ ΣΥΝΑΝΤΗΣΗ ΕΡΓΑΣΙΑΣ ΓΙΑ ΤΗΝ ΠΟΡΕΙΑ ΕΦΑΡΜΟΓΗΣ ΤΟ ΝΕΙΟΥ ΕΘΝΙΚΟΥ ΣΧΕΔΙΟΥ ΔΡΑΣΗΣ ΓΙΑ ΤΗΝ ΨΥΧΙΚΗ ΥΓΕΙΑ 23/10/2024,999501452,ΓΕΝΙΚΟ ΝΟΣΟΚΟΜΕΙΟ ΒΟΛΟΥ,10.00,self-referential (payroll/EFKA/FMY remittance)
Ψ12Τ4690ΒΩ-7Β8,2025-05-15,ΕΙΣΦΟΡΕΣ ΣΤΟΝ ΕΦΚΑ ΤΑΚΤΙΚΩΝ ΑΠΟΔΟΧΩΝ ΙΑΝΟΥΑΡΙΟΥ 2025  ΤΟΥ ΕΙΔΙΚΟΥ ΠΡΟΓΡΑΜΜΑΤΟΣ ΑΠΑΣΧΟΛΗΣΗΣ 1135 ΑΝΕΡΓΟΙ ΣΤΟ ΧΩΡΟ ΤΗΣ ΥΓΕΙΑΣ,999501452,ΓΕΝΙΚΟ ΝΟΣΟΚΟΜΕΙΟ ΒΟΛΟΥ,802.08,self-referential (payroll/EFKA/FMY remittance)
ΨΓΜ54690ΒΩ-ΧΑΤ,2025-05-15,ΑΠΟΔΟΣΗ ΦΜΥ ΤΑΚΤΙΚΩΝ ΑΠΟΔΟΧΩΝ ΜΑΡΤΙΟΥ 2025 ΤΟΥ ΕΙΔΙΚΟΥ ΠΡΟΓΡΑΜΜΑΤΟΣ ΑΠΑΣΧΟΛΗΣΗΣ 1135 ΑΝΕΡΓΟΙ ΣΤΟ ΧΩΡΟ ΤΗΣ ΥΓΕΙΑΣ,999501452,ΓΕΝΙΚΟ ΝΟΣΟΚΟΜΕΙΟ ΒΟΛΟΥ,54.62,self-referential (payroll/EFKA/FMY remittance)
9ΩΔΕ4690ΒΩ-5ΦΞ,2025-05-09,ΚΑΤΑΒΟΛΗ ΑΠΟΖΗΜΙΩΣΗΣ ΣΕ ΜΕΤΑΛΥΚΕΙΑΚΟΥΣ ΣΠΟΥΔΑΣΤΕΣ ΓΙΑ ΤΟΝ ΜΗΝΑ ΦΕΒΡΟΥΑΡΙΟ 2025,999501452,ΓΕΝΙΚΟ ΝΟΣΟΚΟΜΕΙΟ ΒΟΛΟΥ,102.54,self-referential (payroll/EFKA/FMY remittance)
9ΩΔΕ4690ΒΩ-5ΦΞ,2025-05-09,ΚΑΤΑΒΟΛΗ ΑΠΟΖΗΜΙΩΣΗΣ ΣΕ ΜΕΤΑΛΥΚΕΙΑΚΟΥΣ ΣΠΟΥΔΑΣΤΕΣ ΓΙΑ ΤΟΝ ΜΗΝΑ ΦΕΒΡΟΥΑΡΙΟ 2025,999501452,ΓΕΝΙΚΟ ΝΟΣΟΚΟΜΕΙΟ ΒΟΛΟΥ,736.56,self-referential (payroll/EFKA/FMY remittance)
9Η584690ΒΩ-ΡΛ2,2025-05-09,ΚΑΤΑΒΟΛΗ ΑΠΟΖΗΜΙΩΣΗΣ ΣΕ ΜΕΤΑΛΥΚΕΙΑΚΟΥΣ ΣΠΟΥΔΑΣΤΕΣ ΓΙΑ ΤΟΝ ΜΗΝΑ  ΙΑΝΟΥΑΡΙΟ 2025,999501452,ΓΕΝΙΚΟ ΝΟΣΟΚΟΜΕΙΟ ΒΟΛΟΥ,69.94,self-referential (payroll/EFKA/FMY remittance)
9Η584690ΒΩ-ΡΛ2,2025-05-09,ΚΑΤΑΒΟΛΗ ΑΠΟΖΗΜΙΩΣΗΣ ΣΕ ΜΕΤΑΛΥΚΕΙΑΚΟΥΣ ΣΠΟΥΔΑΣΤΕΣ ΓΙΑ ΤΟΝ ΜΗΝΑ  ΙΑΝΟΥΑΡΙΟ 2025,999501452,ΓΕΝΙΚΟ ΝΟΣΟΚΟΜΕΙΟ ΒΟΛΟΥ,778.15,self-referential (payroll/EFKA/FMY remittance)
9ΥΣ64690ΒΩ-ΗΜΑ,2025-05-09,ΚΑΤΑΒΟΛΗ ΑΠΟΖΗΜΙΩΣΗΣ  ΣΕ ΜΕΤΑΛΥΚΕΙΑΚΟΥΣ ΣΠΟΥΔΑΣΤΕΣ ΓΙΑ ΤΟΝ ΜΗΝΑ  ΔΕΚΕΜΒΡΙΟ  2024,999501452,ΓΕΝΙΚΟ ΝΟΣΟΚΟΜΕΙΟ ΒΟΛΟΥ,100.19,self-referential (payroll/EFKA/FMY remittance)
9ΥΣ64690ΒΩ-ΗΜΑ,2025-05-09,ΚΑΤΑΒΟΛΗ ΑΠΟΖΗΜΙΩΣΗΣ  ΣΕ ΜΕΤΑΛΥΚΕΙΑΚΟΥΣ ΣΠΟΥΔΑΣΤΕΣ ΓΙΑ ΤΟΝ ΜΗΝΑ  ΔΕΚΕΜΒΡΙΟ  2024,999501452,ΓΕΝΙΚΟ ΝΟΣΟΚΟΜΕΙΟ ΒΟΛΟΥ,701.37,self-referential (payroll/EFKA/FMY remittance)
9Α8Τ4690ΒΩ-ΣΚΚ,2025-05-09,ΚΑΤΑΒΟΛΗ ΑΠΟΔΟΧΩΝ ΜΗΝΟΣ  ΑΠΡΙΛΙΟΥ 2025  ΣΕ ΣΠΟΥΔΑΣΤΕΣ ΤΕΙ,999501452,ΓΕΝΙΚΟ ΝΟΣΟΚΟΜΕΙΟ ΒΟΛΟΥ,88.04,self-referential (payroll/EFKA/FMY remittance)
9Α8Τ4690ΒΩ-ΣΚΚ,2025-05-09,ΚΑΤΑΒΟΛΗ ΑΠΟΔΟΧΩΝ ΜΗΝΟΣ  ΑΠΡΙΛΙΟΥ 2025  ΣΕ ΣΠΟΥΔΑΣΤΕΣ ΤΕΙ,999501452,ΓΕΝΙΚΟ ΝΟΣΟΚΟΜΕΙΟ ΒΟΛΟΥ,6.90,self-referential (payroll/EFKA/FMY remittance)
ΨΔΛ94690ΒΩ-ΗΩΑ,2025-05-09,ΚΑΤΑΒΟΛΗ ΑΠΟΔΟΧΩΝ ΜΗΝΟΣ ΑΠΡΙΛΙΟΥ 2025  ΣΕ ΠΡΟΣΩΠΙΚΟ ΠΟΥ ΥΠΗΡΕΤΕΙ ΜΕΣΩ ΠΡΟΓΡΑΜΜΑΤΟΣ ΟΑΕΔ ΗΛΙΚΙΑΣ 55-67 ΣΥΜΦΩΝΑ ΜΕ ΤΗΝ 1η ΤΡΟΠΟΠΟΙΗΣΗ ΤΗΣ ΔΗΜΟΣΙΑΣ ΠΡΟΣΚΛΗΣΗΣ Νο 11/2017 ΤΟΥ ΟΑΕΔ,999501452,ΓΕΝΙΚΟ ΝΟΣΟΚΟΜΕΙΟ ΒΟΛΟΥ,34591.97,self-referential (payroll/EFKA/FMY remittance)
ΨΔΛ94690ΒΩ-ΗΩΑ,2025-05-09,ΚΑΤΑΒΟΛΗ ΑΠΟΔΟΧΩΝ ΜΗΝΟΣ ΑΠΡΙΛΙΟΥ 2025  ΣΕ ΠΡΟΣΩΠΙΚΟ ΠΟΥ ΥΠΗΡΕΤΕΙ ΜΕΣΩ ΠΡΟΓΡΑΜΜΑΤΟΣ ΟΑΕΔ ΗΛΙΚΙΑΣ 55-67 ΣΥΜΦΩΝΑ ΜΕ ΤΗΝ 1η ΤΡΟΠΟΠΟΙΗΣΗ ΤΗΣ ΔΗΜΟΣΙΑΣ ΠΡΟΣΚΛΗΣΗΣ Νο 11/2017 ΤΟΥ ΟΑΕΔ,999501452,ΓΕΝΙΚΟ ΝΟΣΟΚΟΜΕΙΟ ΒΟΛΟΥ,522.67,self-referential (payroll/EFKA/FMY remittance)
ΨΔΛ94690ΒΩ-ΗΩΑ,2025-05-09,ΚΑΤΑΒΟΛΗ ΑΠΟΔΟΧΩΝ ΜΗΝΟΣ ΑΠΡΙΛΙΟΥ 2025  ΣΕ ΠΡΟΣΩΠΙΚΟ ΠΟΥ ΥΠΗΡΕΤΕΙ ΜΕΣΩ ΠΡΟΓΡΑΜΜΑΤΟΣ ΟΑΕΔ ΗΛΙΚΙΑΣ 55-67 ΣΥΜΦΩΝΑ ΜΕ ΤΗΝ 1η ΤΡΟΠΟΠΟΙΗΣΗ ΤΗΣ ΔΗΜΟΣΙΑΣ ΠΡΟΣΚΛΗΣΗΣ Νο 11/2017 ΤΟΥ ΟΑΕΔ,999501452,ΓΕΝΙΚΟ ΝΟΣΟΚΟΜΕΙΟ ΒΟΛΟΥ,3669.25,self-referential (payroll/EFKA/FMY remittance)
ΨΔΛ94690ΒΩ-ΗΩΑ,2025-05-09,ΚΑΤΑΒΟΛΗ ΑΠΟΔΟΧΩΝ ΜΗΝΟΣ ΑΠΡΙΛΙΟΥ 2025  ΣΕ ΠΡΟΣΩΠΙΚΟ ΠΟΥ ΥΠΗΡΕΤΕΙ ΜΕΣΩ ΠΡΟΓΡΑΜΜΑΤΟΣ ΟΑΕΔ ΗΛΙΚΙΑΣ 55-67 ΣΥΜΦΩΝΑ ΜΕ ΤΗΝ 1η ΤΡΟΠΟΠΟΙΗΣΗ ΤΗΣ ΔΗΜΟΣΙΑΣ ΠΡΟΣΚΛΗΣΗΣ Νο 11/2017 ΤΟΥ ΟΑΕΔ,999501452,ΓΕΝΙΚΟ ΝΟΣΟΚΟΜΕΙΟ ΒΟΛΟΥ,8941.81,self-referential (payroll/EFKA/FMY remittance)
9ΕΦΡ4690ΒΩ-ΝΔΜ,2025-05-09,: ΚΑΤΑΒΟΛΗ ΑΠΟΔΟΧΩΝ ΛΟΙΠΟΥ ΕΠΙΚΟΥΡΙΚΟΥ ΠΡΟΣΩΠΙΚΟΥ ΜΕ ΣΧΕΣΗ ΕΡΓΑΣΙΑΣ ΙΔΟΧ ΜΗΝΟΣ ΑΠΡΙΛΙΟΥ 2025 «ΕΝΙΣΧΥΣΗ ΤΩΝ ΦΟΡΕΩΝ ΥΓΕΙΑΣ ΜΕ ΕΠΙΚΟΥΡΙΚΟ ΠΡΟΣΩΠΙΚΟ ΓΙΑ ΤΗΝ ΑΝΤΑΠΟΚΡΙΣΗ ΣΤΙΣ ΑΝΑΓΚΕΣ ΛΟΓΩ ΤΗΣ ΕΠΙΔΗΜΙΑΣ COVID-19 ΣΤΗΝ ΠΕΡΙΦΕΡΕΙΑ ΘΕΣΣΑΛΙΑΣ» ΜΕ ΚΩΔΙΚΟ ΟΠΣ 5070510 ΣΤΟ ΕΠΙΧΕΙΡΗΣΙΑΚΟ ΠΡΟΓΡΑΜΜΑ «ΠΕΡΙΦΕΡΕΙΑΚΟ ΕΠΙΧΕΙΡΗΣΙΑΚΟ ΠΡΟΓΡΑΜΜΑ ΘΕΣΣΑΛΙΑΣ 2014  ΜΕ ΠΑΡΑΤΑΣΗ ΣΥΜΒΑΣΕΩΝ  ΕΩΣ 31/12/2025 ΣΥΜΦΩΝΑ ΜΕ ΤΙΣ ΔΙΑΤΑΞΕΙΣ  ΤΟΥ Ν.5161/2024 (ΦΕΚ  196/29-11-2024/τ.Α΄) ΑΡΘΡΟ 27 ΠΑΡ. 2,999501452,ΓΕΝΙΚΟ ΝΟΣΟΚΟΜΕΙΟ ΒΟΛΟΥ,52442.33,self-referential (payroll/EFKA/FMY remittance)
9ΕΦΡ4690ΒΩ-ΝΔΜ,2025-05-09,: ΚΑΤΑΒΟΛΗ ΑΠΟΔΟΧΩΝ ΛΟΙΠΟΥ ΕΠΙΚΟΥΡΙΚΟΥ ΠΡΟΣΩΠΙΚΟΥ ΜΕ ΣΧΕΣΗ ΕΡΓΑΣΙΑΣ ΙΔΟΧ ΜΗΝΟΣ ΑΠΡΙΛΙΟΥ 2025 «ΕΝΙΣΧΥΣΗ ΤΩΝ ΦΟΡΕΩΝ ΥΓΕΙΑΣ ΜΕ ΕΠΙΚΟΥΡΙΚΟ ΠΡΟΣΩΠΙΚΟ ΓΙΑ ΤΗΝ ΑΝΤΑΠΟΚΡΙΣΗ ΣΤΙΣ ΑΝΑΓΚΕΣ ΛΟΓΩ ΤΗΣ ΕΠΙΔΗΜΙΑΣ COVID-19 ΣΤΗΝ ΠΕΡΙΦΕΡΕΙΑ ΘΕΣΣΑΛΙΑΣ» ΜΕ ΚΩΔΙΚΟ ΟΠΣ 5070510 ΣΤΟ ΕΠΙΧΕΙΡΗΣΙΑΚΟ ΠΡΟΓΡΑΜΜΑ «ΠΕΡΙΦΕΡΕΙΑΚΟ ΕΠΙΧΕΙΡΗΣΙΑΚΟ ΠΡΟΓΡΑΜΜΑ ΘΕΣΣΑΛΙΑΣ 2014  ΜΕ ΠΑΡΑΤΑΣΗ ΣΥΜΒΑΣΕΩΝ  ΕΩΣ 31/12/2025 ΣΥΜΦΩΝΑ ΜΕ ΤΙΣ ΔΙΑΤΑΞΕΙΣ  ΤΟΥ Ν.5161/2024 (ΦΕΚ  196/29-11-2024/τ.Α΄) ΑΡΘΡΟ 27 ΠΑΡ. 2,999501452,ΓΕΝΙΚΟ ΝΟΣΟΚΟΜΕΙΟ ΒΟΛΟΥ,1630.00,self-referential (payroll/EFKA/FMY remittance)
9ΕΦΡ4690ΒΩ-ΝΔΜ,2025-05-09,: ΚΑΤΑΒΟΛΗ ΑΠΟΔΟΧΩΝ ΛΟΙΠΟΥ ΕΠΙΚΟΥΡΙΚΟΥ ΠΡΟΣΩΠΙΚΟΥ ΜΕ ΣΧΕΣΗ ΕΡΓΑΣΙΑΣ ΙΔΟΧ ΜΗΝΟΣ ΑΠΡΙΛΙΟΥ 2025 «ΕΝΙΣΧΥΣΗ ΤΩΝ ΦΟΡΕΩΝ ΥΓΕΙΑΣ ΜΕ ΕΠΙΚΟΥΡΙΚΟ ΠΡΟΣΩΠΙΚΟ ΓΙΑ ΤΗΝ ΑΝΤΑΠΟΚΡΙΣΗ ΣΤΙΣ ΑΝΑΓΚΕΣ ΛΟΓΩ ΤΗΣ ΕΠΙΔΗΜΙΑΣ COVID-19 ΣΤΗΝ ΠΕΡΙΦΕΡΕΙΑ ΘΕΣΣΑΛΙΑΣ» ΜΕ ΚΩΔΙΚΟ ΟΠΣ 5070510 ΣΤΟ ΕΠΙΧΕΙΡΗΣΙΑΚΟ ΠΡΟΓΡΑΜΜΑ «ΠΕΡΙΦΕΡΕΙΑΚΟ ΕΠΙΧΕΙΡΗΣΙΑΚΟ ΠΡΟΓΡΑΜΜΑ ΘΕΣΣΑΛΙΑΣ 2014  ΜΕ ΠΑΡΑΤΑΣΗ ΣΥΜΒΑΣΕΩΝ  ΕΩΣ 31/12/2025 ΣΥΜΦΩΝΑ ΜΕ ΤΙΣ ΔΙΑΤΑΞΕΙΣ  ΤΟΥ Ν.5161/2024 (ΦΕΚ  196/29-11-2024/τ.Α΄) ΑΡΘΡΟ 27 ΠΑΡ. 2,999501452,ΓΕΝΙΚΟ ΝΟΣΟΚΟΜΕΙΟ ΒΟΛΟΥ,8707.67,self-referential (payroll/EFKA/FMY remittance)
9ΕΦΡ4690ΒΩ-ΝΔΜ,2025-05-09,: ΚΑΤΑΒΟΛΗ ΑΠΟΔΟΧΩΝ ΛΟΙΠΟΥ ΕΠΙΚΟΥΡΙΚΟΥ ΠΡΟΣΩΠΙΚΟΥ ΜΕ ΣΧΕΣΗ ΕΡΓΑΣΙΑΣ ΙΔΟΧ ΜΗΝΟΣ ΑΠΡΙΛΙΟΥ 2025 «ΕΝΙΣΧΥΣΗ ΤΩΝ ΦΟΡΕΩΝ ΥΓΕΙΑΣ ΜΕ ΕΠΙΚΟΥΡΙΚΟ ΠΡΟΣΩΠΙΚΟ ΓΙΑ ΤΗΝ ΑΝΤΑΠΟΚΡΙΣΗ ΣΤΙΣ ΑΝΑΓΚΕΣ ΛΟΓΩ ΤΗΣ ΕΠΙΔΗΜΙΑΣ COVID-19 ΣΤΗΝ ΠΕΡΙΦΕΡΕΙΑ ΘΕΣΣΑΛΙΑΣ» ΜΕ ΚΩΔΙΚΟ ΟΠΣ 5070510 ΣΤΟ ΕΠΙΧΕΙΡΗΣΙΑΚΟ ΠΡΟΓΡΑΜΜΑ «ΠΕΡΙΦΕΡΕΙΑΚΟ ΕΠΙΧΕΙΡΗΣΙΑΚΟ ΠΡΟΓΡΑΜΜΑ ΘΕΣΣΑΛΙΑΣ 2014  ΜΕ ΠΑΡΑΤΑΣΗ ΣΥΜΒΑΣΕΩΝ  ΕΩΣ 31/12/2025 ΣΥΜΦΩΝΑ ΜΕ ΤΙΣ ΔΙΑΤΑΞΕΙΣ  ΤΟΥ Ν.5161/2024 (ΦΕΚ  196/29-11-2024/τ.Α΄) ΑΡΘΡΟ 27 ΠΑΡ. 2,999501452,ΓΕΝΙΚΟ ΝΟΣΟΚΟΜΕΙΟ ΒΟΛΟΥ,14897.88,self-referential (payroll/EFKA/FMY remittance)
ΨΚΠΚ4690ΒΩ-6Τ4,2025-05-09,: ΚΑΤΑΒΟΛΗ ΑΠΟΔΟΧΩΝ ΙΑΤΡΙΚΟΥ ΕΠΙΚΟΥΡΙΚΟΥ ΠΡΟΣΩΠΙΚΟΥ ΜΕ ΣΧΕΣΗ ΕΡΓΑΣΙΑΣ ΙΔΟΧ ΜΗΝΟΣ ΑΠΡΙΛΙΟΥ 2025 «ΕΝΙΣΧΥΣΗ ΤΩΝ ΦΟΡΕΩΝ ΥΓΕΙΑΣ ΜΕ ΕΠΙΚΟΥΡΙΚΟ ΠΡΟΣΩΠΙΚΟ ΓΙΑ ΤΗΝ ΑΝΤΑΠΟΚΡΙΣΗ ΣΤΙΣ ΑΝΑΓΚΕΣ ΛΟΓΩ ΤΗΣ ΕΠΙΔΗΜΙΑΣ COVID-19 ΣΤΗΝ ΠΕΡΙΦΕΡΕΙΑ ΘΕΣΣΑΛΙΑΣ» ΜΕ ΚΩΔΙΚΟ ΟΠΣ 5070510 ΣΤΟ ΕΠΙΧΕΙΡΗΣΙΑΚΟ ΠΡΟΓΡΑΜΜΑ «ΠΕΡΙΦΕΡΕΙΑΚΟ ΕΠΙΧΕΙΡΗΣΙΑΚΟ ΠΡΟΓΡΑΜΜΑ ΘΕΣΣΑΛΙΑΣ 2014  ΜΕ ΠΑΡΑΤΑΣΗ ΣΥΜΒΑΣΕΩΝ  ΕΩΣ 31/12/2025 ΣΥΜΦΩΝΑ ΜΕ ΤΙΣ ΔΙΑΤΑΞΕΙΣ  ΤΟΥ Ν.5161/2024 (ΦΕΚ  196/29-11-2024/τ.Α΄) ΑΡΘΡΟ 27 ΠΑΡ.,999501452,ΓΕΝΙΚΟ ΝΟΣΟΚΟΜΕΙΟ ΒΟΛΟΥ,4086.00,self-referential (payroll/EFKA/FMY remittance)
ΨΚΠΚ4690ΒΩ-6Τ4,2025-05-09,: ΚΑΤΑΒΟΛΗ ΑΠΟΔΟΧΩΝ ΙΑΤΡΙΚΟΥ ΕΠΙΚΟΥΡΙΚΟΥ ΠΡΟΣΩΠΙΚΟΥ ΜΕ ΣΧΕΣΗ ΕΡΓΑΣΙΑΣ ΙΔΟΧ ΜΗΝΟΣ ΑΠΡΙΛΙΟΥ 2025 «ΕΝΙΣΧΥΣΗ ΤΩΝ ΦΟΡΕΩΝ ΥΓΕΙΑΣ ΜΕ ΕΠΙΚΟΥΡΙΚΟ ΠΡΟΣΩΠΙΚΟ ΓΙΑ ΤΗΝ ΑΝΤΑΠΟΚΡΙΣΗ ΣΤΙΣ ΑΝΑΓΚΕΣ ΛΟΓΩ ΤΗΣ ΕΠΙΔΗΜΙΑΣ COVID-19 ΣΤΗΝ ΠΕΡΙΦΕΡΕΙΑ ΘΕΣΣΑΛΙΑΣ» ΜΕ ΚΩΔΙΚΟ ΟΠΣ 5070510 ΣΤΟ ΕΠΙΧΕΙΡΗΣΙΑΚΟ ΠΡΟΓΡΑΜΜΑ «ΠΕΡΙΦΕΡΕΙΑΚΟ ΕΠΙΧΕΙΡΗΣΙΑΚΟ ΠΡΟΓΡΑΜΜΑ ΘΕΣΣΑΛΙΑΣ 2014  ΜΕ ΠΑΡΑΤΑΣΗ ΣΥΜΒΑΣΕΩΝ  ΕΩΣ 31/12/2025 ΣΥΜΦΩΝΑ ΜΕ ΤΙΣ ΔΙΑΤΑΞΕΙΣ  ΤΟΥ Ν.5161/2024 (ΦΕΚ  196/29-11-2024/τ.Α΄) ΑΡΘΡΟ 27 ΠΑΡ.,999501452,ΓΕΝΙΚΟ ΝΟΣΟΚΟΜΕΙΟ ΒΟΛΟΥ,70.00,self-referential (payroll/EFKA/FMY remittance)
ΨΚΠΚ4690ΒΩ-6Τ4,2025-05-09,: ΚΑΤΑΒΟΛΗ ΑΠΟΔΟΧΩΝ ΙΑΤΡΙΚΟΥ ΕΠΙΚΟΥΡΙΚΟΥ ΠΡΟΣΩΠΙΚΟΥ ΜΕ ΣΧΕΣΗ ΕΡΓΑΣΙΑΣ ΙΔΟΧ ΜΗΝΟΣ ΑΠΡΙΛΙΟΥ 2025 «ΕΝΙΣΧΥΣΗ ΤΩΝ ΦΟΡΕΩΝ ΥΓΕΙΑΣ ΜΕ ΕΠΙΚΟΥΡΙΚΟ ΠΡΟΣΩΠΙΚΟ ΓΙΑ ΤΗΝ ΑΝΤΑΠΟΚΡΙΣΗ ΣΤΙΣ ΑΝΑΓΚΕΣ ΛΟΓΩ ΤΗΣ ΕΠΙΔΗΜΙΑΣ COVID-19 ΣΤΗΝ ΠΕΡΙΦΕΡΕΙΑ ΘΕΣΣΑΛΙΑΣ» ΜΕ ΚΩΔΙΚΟ ΟΠΣ 5070510 ΣΤΟ ΕΠΙΧΕΙΡΗΣΙΑΚΟ ΠΡΟΓΡΑΜΜΑ «ΠΕΡΙΦΕΡΕΙΑΚΟ ΕΠΙΧΕΙΡΗΣΙΑΚΟ ΠΡΟΓΡΑΜΜΑ ΘΕΣΣΑΛΙΑΣ 2014  ΜΕ ΠΑΡΑΤΑΣΗ ΣΥΜΒΑΣΕΩΝ  ΕΩΣ 31/12/2025 ΣΥΜΦΩΝΑ ΜΕ ΤΙΣ ΔΙΑΤΑΞΕΙΣ  ΤΟΥ Ν.5161/2024 (ΦΕΚ  196/29-11-2024/τ.Α΄) ΑΡΘΡΟ 27 ΠΑΡ.,999501452,ΓΕΝΙΚΟ ΝΟΣΟΚΟΜΕΙΟ ΒΟΛΟΥ,960.00,self-referential (payroll/EFKA/FMY remittance)
ΨΚΠΚ4690ΒΩ-6Τ4,2025-05-09,: ΚΑΤΑΒΟΛΗ ΑΠΟΔΟΧΩΝ ΙΑΤΡΙΚΟΥ ΕΠΙΚΟΥΡΙΚΟΥ ΠΡΟΣΩΠΙΚΟΥ ΜΕ ΣΧΕΣΗ ΕΡΓΑΣΙΑΣ ΙΔΟΧ ΜΗΝΟΣ ΑΠΡΙΛΙΟΥ 2025 «ΕΝΙΣΧΥΣΗ ΤΩΝ ΦΟΡΕΩΝ ΥΓΕΙΑΣ ΜΕ ΕΠΙΚΟΥΡΙΚΟ ΠΡΟΣΩΠΙΚΟ ΓΙΑ ΤΗΝ ΑΝΤΑΠΟΚΡΙΣΗ ΣΤΙΣ ΑΝΑΓΚΕΣ ΛΟΓΩ ΤΗΣ ΕΠΙΔΗΜΙΑΣ COVID-19 ΣΤΗΝ ΠΕΡΙΦΕΡΕΙΑ ΘΕΣΣΑΛΙΑΣ» ΜΕ ΚΩΔΙΚΟ ΟΠΣ 5070510 ΣΤΟ ΕΠΙΧΕΙΡΗΣΙΑΚΟ ΠΡΟΓΡΑΜΜΑ «ΠΕΡΙΦΕΡΕΙΑΚΟ ΕΠΙΧΕΙΡΗΣΙΑΚΟ ΠΡΟΓΡΑΜΜΑ ΘΕΣΣΑΛΙΑΣ 2014  ΜΕ ΠΑΡΑΤΑΣΗ ΣΥΜΒΑΣΕΩΝ  ΕΩΣ 31/12/2025 ΣΥΜΦΩΝΑ ΜΕ ΤΙΣ ΔΙΑΤΑΞΕΙΣ  ΤΟΥ Ν.5161/2024 (ΦΕΚ  196/29-11-2024/τ.Α΄) ΑΡΘΡΟ 27 ΠΑΡ.,999501452,ΓΕΝΙΚΟ ΝΟΣΟΚΟΜΕΙΟ ΒΟΛΟΥ,1114.78,self-referential (payroll/EFKA/FMY remittance)
619Α4690ΒΩ-67Δ,2025-05-09,ΚΑΤΑΒΟΛΗ ΑΠΟΔΟΧΩΝ ΜΗΝΟΣ ΑΠΡΙΛΙΟΥ 2025 ΛΟΙΠΟΥ ΕΠΙΚΟΥΡΙΚΟΥ ΠΡΟΣΩΠΙΚΟΥ ΜΕ ΣΧΕΣΗ ΕΡΓΑΣΙΑΣ ΙΔΟΧ ΣΕ ΕΦΑΡΜΟΓΗ ΤΩΝ ΔΙΑΤΑΞΕΩΝ ΤΟΥ ΑΡΘΡΟΥ 17 ΤΗΣ ΠΝΠ ΦΕΚ 55/1-3-2020 ΄΄ΚΑΤΕΠΕΙΓΟΝΤΑ ΜΕΤΡΑ ΑΝΤΙΜΕΤΩΠΙΣΗΣ ΤΩΝ ΑΡΝΗΤΙΚΩΝ ΣΥΝΕΠΕΙΩΝ ΤΗΣ ΕΜΦΑΝΙΣΗΣ COVID19 ΜΕ ΠΑΡΑΤΑΣΗ ΣΥΜΒΑΣΕΩΝ ΕΩΣ 31/12/2025 ΣΥΜΦΩΝΑ ΜΕ ΤΙΣ ΔΙΑΤΑΞΕΙΣ ΤΟΥ Ν.5161/2024 (ΦΕΚ 196/29-11-2024/τ.Α΄) ΑΡΘΡΟ 27 ΠΑΡ. 2,999501452,ΓΕΝΙΚΟ ΝΟΣΟΚΟΜΕΙΟ ΒΟΛΟΥ,17425.53,self-referential (payroll/EFKA/FMY remittance)
619Α4690ΒΩ-67Δ,2025-05-09,ΚΑΤΑΒΟΛΗ ΑΠΟΔΟΧΩΝ ΜΗΝΟΣ ΑΠΡΙΛΙΟΥ 2025 ΛΟΙΠΟΥ ΕΠΙΚΟΥΡΙΚΟΥ ΠΡΟΣΩΠΙΚΟΥ ΜΕ ΣΧΕΣΗ ΕΡΓΑΣΙΑΣ ΙΔΟΧ ΣΕ ΕΦΑΡΜΟΓΗ ΤΩΝ ΔΙΑΤΑΞΕΩΝ ΤΟΥ ΑΡΘΡΟΥ 17 ΤΗΣ ΠΝΠ ΦΕΚ 55/1-3-2020 ΄΄ΚΑΤΕΠΕΙΓΟΝΤΑ ΜΕΤΡΑ ΑΝΤΙΜΕΤΩΠΙΣΗΣ ΤΩΝ ΑΡΝΗΤΙΚΩΝ ΣΥΝΕΠΕΙΩΝ ΤΗΣ ΕΜΦΑΝΙΣΗΣ COVID19 ΜΕ ΠΑΡΑΤΑΣΗ ΣΥΜΒΑΣΕΩΝ ΕΩΣ 31/12/2025 ΣΥΜΦΩΝΑ ΜΕ ΤΙΣ ΔΙΑΤΑΞΕΙΣ ΤΟΥ Ν.5161/2024 (ΦΕΚ 196/29-11-2024/τ.Α΄) ΑΡΘΡΟ 27 ΠΑΡ. 2,999501452,ΓΕΝΙΚΟ ΝΟΣΟΚΟΜΕΙΟ ΒΟΛΟΥ,1108.00,self-referential (payroll/EFKA/FMY remittance)
619Α4690ΒΩ-67Δ,2025-05-09,ΚΑΤΑΒΟΛΗ ΑΠΟΔΟΧΩΝ ΜΗΝΟΣ ΑΠΡΙΛΙΟΥ 2025 ΛΟΙΠΟΥ ΕΠΙΚΟΥΡΙΚΟΥ ΠΡΟΣΩΠΙΚΟΥ ΜΕ ΣΧΕΣΗ ΕΡΓΑΣΙΑΣ ΙΔΟΧ ΣΕ ΕΦΑΡΜΟΓΗ ΤΩΝ ΔΙΑΤΑΞΕΩΝ ΤΟΥ ΑΡΘΡΟΥ 17 ΤΗΣ ΠΝΠ ΦΕΚ 55/1-3-2020 ΄΄ΚΑΤΕΠΕΙΓΟΝΤΑ ΜΕΤΡΑ ΑΝΤΙΜΕΤΩΠΙΣΗΣ ΤΩΝ ΑΡΝΗΤΙΚΩΝ ΣΥΝΕΠΕΙΩΝ ΤΗΣ ΕΜΦΑΝΙΣΗΣ COVID19 ΜΕ ΠΑΡΑΤΑΣΗ ΣΥΜΒΑΣΕΩΝ ΕΩΣ 31/12/2025 ΣΥΜΦΩΝΑ ΜΕ ΤΙΣ ΔΙΑΤΑΞΕΙΣ ΤΟΥ Ν.5161/2024 (ΦΕΚ 196/29-11-2024/τ.Α΄) ΑΡΘΡΟ 27 ΠΑΡ. 2,999501452,ΓΕΝΙΚΟ ΝΟΣΟΚΟΜΕΙΟ ΒΟΛΟΥ,1915.00,self-referential (payroll/EFKA/FMY remittance)
619Α4690ΒΩ-67Δ,2025-05-09,ΚΑΤΑΒΟΛΗ ΑΠΟΔΟΧΩΝ ΜΗΝΟΣ ΑΠΡΙΛΙΟΥ 2025 ΛΟΙΠΟΥ ΕΠΙΚΟΥΡΙΚΟΥ ΠΡΟΣΩΠΙΚΟΥ ΜΕ ΣΧΕΣΗ ΕΡΓΑΣΙΑΣ ΙΔΟΧ ΣΕ ΕΦΑΡΜΟΓΗ ΤΩΝ ΔΙΑΤΑΞΕΩΝ ΤΟΥ ΑΡΘΡΟΥ 17 ΤΗΣ ΠΝΠ ΦΕΚ 55/1-3-2020 ΄΄ΚΑΤΕΠΕΙΓΟΝΤΑ ΜΕΤΡΑ ΑΝΤΙΜΕΤΩΠΙΣΗΣ ΤΩΝ ΑΡΝΗΤΙΚΩΝ ΣΥΝΕΠΕΙΩΝ ΤΗΣ ΕΜΦΑΝΙΣΗΣ COVID19 ΜΕ ΠΑΡΑΤΑΣΗ ΣΥΜΒΑΣΕΩΝ ΕΩΣ 31/12/2025 ΣΥΜΦΩΝΑ ΜΕ ΤΙΣ ΔΙΑΤΑΞΕΙΣ ΤΟΥ Ν.5161/2024 (ΦΕΚ 196/29-11-2024/τ.Α΄) ΑΡΘΡΟ 27 ΠΑΡ. 2,999501452,ΓΕΝΙΚΟ ΝΟΣΟΚΟΜΕΙΟ ΒΟΛΟΥ,4725.58,self-referential (payroll/EFKA/FMY remittance)
Ρ45Σ4690ΒΩ-300,2025-05-08,ΚΑΤΑΒΟΛΗ ΑΠΟΔΟΧΩΝ ΛΟΙΠΟΥ ΕΠΙΚΟΥΡΙΚΟΥ ΠΡΟΣΩΠΙΚΟΥ ΜΗΝΟΣ ΑΠΡΙΛΙΟΥ 2025  ΜΕ ΠΑΡΑΤΑΣΗ ΣΥΜΒΑΣΕΩΝ  ΕΩΣ 31/12/2025 ΣΥΜΦΩΝΑ ΜΕ ΤΙΣ ΔΙΑΤΑΞΕΙΣ  ΤΟΥ Ν.5161/2024 (ΦΕΚ  196/29-11-2024/τ.Α΄) ΑΡΘΡΟ 27 ΠΑΡ. 2,999501452,ΓΕΝΙΚΟ ΝΟΣΟΚΟΜΕΙΟ ΒΟΛΟΥ,2210.00,self-referential (payroll/EFKA/FMY remittance)
Ρ45Σ4690ΒΩ-300,2025-05-08,ΚΑΤΑΒΟΛΗ ΑΠΟΔΟΧΩΝ ΛΟΙΠΟΥ ΕΠΙΚΟΥΡΙΚΟΥ ΠΡΟΣΩΠΙΚΟΥ ΜΗΝΟΣ ΑΠΡΙΛΙΟΥ 2025  ΜΕ ΠΑΡΑΤΑΣΗ ΣΥΜΒΑΣΕΩΝ  ΕΩΣ 31/12/2025 ΣΥΜΦΩΝΑ ΜΕ ΤΙΣ ΔΙΑΤΑΞΕΙΣ  ΤΟΥ Ν.5161/2024 (ΦΕΚ  196/29-11-2024/τ.Α΄) ΑΡΘΡΟ 27 ΠΑΡ. 2,999501452,ΓΕΝΙΚΟ ΝΟΣΟΚΟΜΕΙΟ ΒΟΛΟΥ,240.00,self-referential (payroll/EFKA/FMY remittance)
Ρ45Σ4690ΒΩ-300,2025-05-08,ΚΑΤΑΒΟΛΗ ΑΠΟΔΟΧΩΝ ΛΟΙΠΟΥ ΕΠΙΚΟΥΡΙΚΟΥ ΠΡΟΣΩΠΙΚΟΥ ΜΗΝΟΣ ΑΠΡΙΛΙΟΥ 2025  ΜΕ ΠΑΡΑΤΑΣΗ ΣΥΜΒΑΣΕΩΝ  ΕΩΣ 31/12/2025 ΣΥΜΦΩΝΑ ΜΕ ΤΙΣ ΔΙΑΤΑΞΕΙΣ  ΤΟΥ Ν.5161/2024 (ΦΕΚ  196/29-11-2024/τ.Α΄) ΑΡΘΡΟ 27 ΠΑΡ. 2,999501452,ΓΕΝΙΚΟ ΝΟΣΟΚΟΜΕΙΟ ΒΟΛΟΥ,365.00,self-referential (payroll/EFKA/FMY remittance)
Ρ45Σ4690ΒΩ-300,2025-05-08,ΚΑΤΑΒΟΛΗ ΑΠΟΔΟΧΩΝ ΛΟΙΠΟΥ ΕΠΙΚΟΥΡΙΚΟΥ ΠΡΟΣΩΠΙΚΟΥ ΜΗΝΟΣ ΑΠΡΙΛΙΟΥ 2025  ΜΕ ΠΑΡΑΤΑΣΗ ΣΥΜΒΑΣΕΩΝ  ΕΩΣ 31/12/2025 ΣΥΜΦΩΝΑ ΜΕ ΤΙΣ ΔΙΑΤΑΞΕΙΣ  ΤΟΥ Ν.5161/2024 (ΦΕΚ  196/29-11-2024/τ.Α΄) ΑΡΘΡΟ 27 ΠΑΡ. 2,999501452,ΓΕΝΙΚΟ ΝΟΣΟΚΟΜΕΙΟ ΒΟΛΟΥ,673.91,self-referential (payroll/EFKA/FMY remittance)
63Δ64690ΒΩ-ΗΧΤ,2025-05-08,ΚΑΤΑΒΟΛΗ ΑΠΟΔΟΧΩΝ ΜΗΝΟΣ ΑΠΡΙΛΙΟΥ 2025  ΙΑΤΡΙΚΟΥ ΕΠΙΚΟΥΡΙΚΟΥ ΠΡΟΣΩΠΙΚΟΥ,999501452,ΓΕΝΙΚΟ ΝΟΣΟΚΟΜΕΙΟ ΒΟΛΟΥ,17122.00,self-referential (payroll/EFKA/FMY remittance)
63Δ64690ΒΩ-ΗΧΤ,2025-05-08,ΚΑΤΑΒΟΛΗ ΑΠΟΔΟΧΩΝ ΜΗΝΟΣ ΑΠΡΙΛΙΟΥ 2025  ΙΑΤΡΙΚΟΥ ΕΠΙΚΟΥΡΙΚΟΥ ΠΡΟΣΩΠΙΚΟΥ,999501452,ΓΕΝΙΚΟ ΝΟΣΟΚΟΜΕΙΟ ΒΟΛΟΥ,388.50,self-referential (payroll/EFKA/FMY remittance)
63Δ64690ΒΩ-ΗΧΤ,2025-05-08,ΚΑΤΑΒΟΛΗ ΑΠΟΔΟΧΩΝ ΜΗΝΟΣ ΑΠΡΙΛΙΟΥ 2025  ΙΑΤΡΙΚΟΥ ΕΠΙΚΟΥΡΙΚΟΥ ΠΡΟΣΩΠΙΚΟΥ,999501452,ΓΕΝΙΚΟ ΝΟΣΟΚΟΜΕΙΟ ΒΟΛΟΥ,500.00,self-referential (payroll/EFKA/FMY remittance)
63Δ64690ΒΩ-ΗΧΤ,2025-05-08,ΚΑΤΑΒΟΛΗ ΑΠΟΔΟΧΩΝ ΜΗΝΟΣ ΑΠΡΙΛΙΟΥ 2025  ΙΑΤΡΙΚΟΥ ΕΠΙΚΟΥΡΙΚΟΥ ΠΡΟΣΩΠΙΚΟΥ,999501452,ΓΕΝΙΚΟ ΝΟΣΟΚΟΜΕΙΟ ΒΟΛΟΥ,3850.00,self-referential (payroll/EFKA/FMY remittance)
63Δ64690ΒΩ-ΗΧΤ,2025-05-08,ΚΑΤΑΒΟΛΗ ΑΠΟΔΟΧΩΝ ΜΗΝΟΣ ΑΠΡΙΛΙΟΥ 2025  ΙΑΤΡΙΚΟΥ ΕΠΙΚΟΥΡΙΚΟΥ ΠΡΟΣΩΠΙΚΟΥ,999501452,ΓΕΝΙΚΟ ΝΟΣΟΚΟΜΕΙΟ ΒΟΛΟΥ,4763.41,self-referential (payroll/EFKA/FMY remittance)
ΨΝ4Λ4690ΒΩ-ΘΝΧ,2025-05-08,ΚΑΤΑΒΟΛΗ ΑΠΟΔΟΧΩΝ ΜΗΝΟΣ ΑΠΡΙΛΙΟΥ 2025 ΕΠΙΚΟΥΡΙΚΟΥ ΠΡΟΣΩΠΙΚΟΥ ΜΕ ΑΤΟΜΙΚΕΣ ΣΥΜΒΑΣΕΙΣ ΣΤΟ ΤΜΗΜΑ ΙΜΑΤΙΣΜΟΥ - ΕΣΤΙΑΣΗ ΜΕ ΠΑΡΑΤΑΣΗ ΣΥΜΒΑΣΕΩΝ ΕΩΣ 31/3/2025 ΣΥΜΦΩΝΑ ΜΕ ΤΙΣ ΔΙΑΤΑΞΕΙΣ ΤΟΥ Ν.5161/2024 (ΦΕΚ 196/29-11-2024/τ.Α΄) ΑΡΘΡΟ 27 ΠΑΡ. 1,999501452,ΓΕΝΙΚΟ ΝΟΣΟΚΟΜΕΙΟ ΒΟΛΟΥ,3692.00,self-referential (payroll/EFKA/FMY remittance)
ΨΝ4Λ4690ΒΩ-ΘΝΧ,2025-05-08,ΚΑΤΑΒΟΛΗ ΑΠΟΔΟΧΩΝ ΜΗΝΟΣ ΑΠΡΙΛΙΟΥ 2025 ΕΠΙΚΟΥΡΙΚΟΥ ΠΡΟΣΩΠΙΚΟΥ ΜΕ ΑΤΟΜΙΚΕΣ ΣΥΜΒΑΣΕΙΣ ΣΤΟ ΤΜΗΜΑ ΙΜΑΤΙΣΜΟΥ - ΕΣΤΙΑΣΗ ΜΕ ΠΑΡΑΤΑΣΗ ΣΥΜΒΑΣΕΩΝ ΕΩΣ 31/3/2025 ΣΥΜΦΩΝΑ ΜΕ ΤΙΣ ΔΙΑΤΑΞΕΙΣ ΤΟΥ Ν.5161/2024 (ΦΕΚ 196/29-11-2024/τ.Α΄) ΑΡΘΡΟ 27 ΠΑΡ. 1,999501452,ΓΕΝΙΚΟ ΝΟΣΟΚΟΜΕΙΟ ΒΟΛΟΥ,340.00,self-referential (payroll/EFKA/FMY remittance)
ΨΝ4Λ4690ΒΩ-ΘΝΧ,2025-05-08,ΚΑΤΑΒΟΛΗ ΑΠΟΔΟΧΩΝ ΜΗΝΟΣ ΑΠΡΙΛΙΟΥ 2025 ΕΠΙΚΟΥΡΙΚΟΥ ΠΡΟΣΩΠΙΚΟΥ ΜΕ ΑΤΟΜΙΚΕΣ ΣΥΜΒΑΣΕΙΣ ΣΤΟ ΤΜΗΜΑ ΙΜΑΤΙΣΜΟΥ - ΕΣΤΙΑΣΗ ΜΕ ΠΑΡΑΤΑΣΗ ΣΥΜΒΑΣΕΩΝ ΕΩΣ 31/3/2025 ΣΥΜΦΩΝΑ ΜΕ ΤΙΣ ΔΙΑΤΑΞΕΙΣ ΤΟΥ Ν.5161/2024 (ΦΕΚ 196/29-11-2024/τ.Α΄) ΑΡΘΡΟ 27 ΠΑΡ. 1,999501452,ΓΕΝΙΚΟ ΝΟΣΟΚΟΜΕΙΟ ΒΟΛΟΥ,210.00,self-referential (payroll/EFKA/FMY remittance)
ΨΝ4Λ4690ΒΩ-ΘΝΧ,2025-05-08,ΚΑΤΑΒΟΛΗ ΑΠΟΔΟΧΩΝ ΜΗΝΟΣ ΑΠΡΙΛΙΟΥ 2025 ΕΠΙΚΟΥΡΙΚΟΥ ΠΡΟΣΩΠΙΚΟΥ ΜΕ ΑΤΟΜΙΚΕΣ ΣΥΜΒΑΣΕΙΣ ΣΤΟ ΤΜΗΜΑ ΙΜΑΤΙΣΜΟΥ - ΕΣΤΙΑΣΗ ΜΕ ΠΑΡΑΤΑΣΗ ΣΥΜΒΑΣΕΩΝ ΕΩΣ 31/3/2025 ΣΥΜΦΩΝΑ ΜΕ ΤΙΣ ΔΙΑΤΑΞΕΙΣ ΤΟΥ Ν.5161/2024 (ΦΕΚ 196/29-11-2024/τ.Α΄) ΑΡΘΡΟ 27 ΠΑΡ. 1,999501452,ΓΕΝΙΚΟ ΝΟΣΟΚΟΜΕΙΟ ΒΟΛΟΥ,1015.53,self-referential (payroll/EFKA/FMY remittance)
6ΤΔΒ4690ΒΩ-Ν3Β,2025-05-07,ΑΜΟΙΒΗ ΙΑΤΡΩΝ ΟΛΟΗΜΕΡΩΝ ΙΑΤΡΕΙΩΝ ΑΠΟ  ΔΙΑΓΝΩΣΤΙΚΕΣ ΕΞΕΑΣΕΙΣ ( INVIVO - INVITRO)  ΑΣΦΑΛΙΣΜΕΝΩΝ ΤΟΥ ΕΟΠΥΥ ΤΟΝ ΜΗΝΑ  ΑΠΡΙΛΙΟ 2021,999501452,ΓΕΝΙΚΟ ΝΟΣΟΚΟΜΕΙΟ ΒΟΛΟΥ,6533.14,self-referential (payroll/EFKA/FMY remittance)
ΨΦΧΣ4690ΒΩ-ΕΑΓ,2025-05-07,ΑΜΟΙΒΗ ΙΑΤΡΩΝ ΟΛΟΗΜΕΡΩΝ ΙΑΤΡΕΙΩΝ ΑΠΟ  ΔΙΑΓΝΩΣΤΙΚΕΣ ΕΞΕΑΣΕΙΣ ( INVIVO - INVITRO)  ΑΣΦΑΛΙΣΜΕΝΩΝ ΤΟΥ ΕΟΠΥΥ ΤΟΝ ΜΗΝΑ   ΝΟΕΜΒΡΙΟ 2020,999501452,ΓΕΝΙΚΟ ΝΟΣΟΚΟΜΕΙΟ ΒΟΛΟΥ,1995.72,self-referential (payroll/EFKA/FMY remittance)
ΨΩΕΣ4690ΒΩ-ΦΥ9,2025-05-07,ΑΜΟΙΒΗ ΙΑΤΡΩΝ ΟΛΟΗΜΕΡΩΝ ΙΑΤΡΕΙΩΝ ΑΠΟ  ΔΙΑΓΝΩΣΤΙΚΕΣ ΕΞΕΑΣΕΙΣ ( INVIVO - INVITRO)  ΑΣΦΑΛΙΣΜΕΝΩΝ ΤΟΥ ΕΟΠΥΥ ΤΟΝ ΜΗΝΑ  OKTΩΒΡΙΟ 2020,999501452,ΓΕΝΙΚΟ ΝΟΣΟΚΟΜΕΙΟ ΒΟΛΟΥ,4271.81,self-referential (payroll/EFKA/FMY remittance)
9ΙΖ84690ΒΩ-Υ6Π,2025-05-07,ΑΜΟΙΒΗ ΙΑΤΡΩΝ ΟΛΟΗΜΕΡΩΝ ΙΑΤΡΕΙΩΝ ΔΙΑΓΝΩΣΤΙΚΩΝ ΕΞΕΤΑΣΕΩΝ (INVIVO-INVITRO) ΑΝΑΣΦΑΛΙΣΤΩΝ ΕΛΛΗΝΩΝ ΔΙΚΑΙΟΥΧΩΝ ΤΟΥ Ν. 4368/2016 ΤΟΝ ΜΗΝΑ  AΠΡΙΛΙΟ 2021,999501452,ΓΕΝΙΚΟ ΝΟΣΟΚΟΜΕΙΟ ΒΟΛΟΥ,324.36,self-referential (payroll/EFKA/FMY remittance)
65594690ΒΩ-Σ87,2025-05-07,ΑΜΟΙΒΗ ΙΑΤΡΩΝ ΟΛΟΗΜΕΡΩΝ ΙΑΤΡΕΙΩΝ ΔΙΑΓΝΩΣΤΙΚΩΝ ΕΞΕΤΑΣΕΩΝ (INVIVO) ΑΝΑΣΦΑΛΙΣΤΩΝ ΕΛΛΗΝΩΝ ΔΙΚΑΙΟΥΧΩΝ ΤΟΥ Ν. 4368/2016 ΤΟΝ ΜΗΝΑ  ΝΟΕΜΒΡΙΟ 2020,999501452,ΓΕΝΙΚΟ ΝΟΣΟΚΟΜΕΙΟ ΒΟΛΟΥ,392.05,self-referential (payroll/EFKA/FMY remittance)
Ψ9Δ34690ΒΩ-Η6Ο,2025-05-07,ΑΜΟΙΒΗ ΙΑΤΡΩΝ ΟΛΟΗΜΕΡΩΝ ΙΑΤΡΕΙΩΝ ΔΙΑΓΝΩΣΤΙΚΩΝ ΕΞΕΤΑΣΕΩΝ (INVIVO - INVITRO) ΑΝΑΣΦΑΛΙΣΤΩΝ ΕΛΛΗΝΩΝ ΔΙΚΑΙΟΥΧΩΝ ΤΟΥ Ν. 4368/2016 ΤΟΝ ΜΗΝΑ ΙΟΥΝΙΟ 2021,999501452,ΓΕΝΙΚΟ ΝΟΣΟΚΟΜΕΙΟ ΒΟΛΟΥ,1047.04,self-referential (payroll/EFKA/FMY remittance)
ΨΖ2Γ4690ΒΩ-Λ2Ω,2025-05-07,ΑΜΟΙΒΗ ΙΑΤΡΩΝ ΟΛΟΗΜΕΡΩΝ ΙΑΤΡΕΙΩΝ ΔΙΑΓΝΩΣΤΙΚΩΝ ΕΞΕΤΑΣΕΩΝ (INVIVO - INVITRO) ΑΝΑΣΦΑΛΙΣΤΩΝ ΕΛΛΗΝΩΝ ΔΙΚΑΙΟΥΧΩΝ ΤΟΥ Ν. 4368/2016 ΤΟΝ ΜΗΝΑ ΟΚΤΩΒΡΙΟ 2020,999501452,ΓΕΝΙΚΟ ΝΟΣΟΚΟΜΕΙΟ ΒΟΛΟΥ,1787.70,self-referential (payroll/EFKA/FMY remittance)
Ψ2ΠΓ4690ΒΩ-ΕΥΒ,2025-05-07,ΑΜΟΙΒΗ ΙΑΤΡΩΝ ΟΛΟΗΜΕΡΩΝ ΙΑΤΡΕΙΩΝ ΔΙΑΓΝΩΣΤΙΚΩΝ ΕΞΕΤΑΣΕΩΝ (INVIVO - INVITRO) ΑΝΑΣΦΑΛΙΣΤΩΝ ΕΛΛΗΝΩΝ ΔΙΚΑΙΟΥΧΩΝ ΤΟΥ Ν. 4368/2016 ΤΟΝ ΜΗΝΑ ΣΕΠΤΕΜΒΡΙΟ 2020,999501452,ΓΕΝΙΚΟ ΝΟΣΟΚΟΜΕΙΟ ΒΟΛΟΥ,1274.73,self-referential (payroll/EFKA/FMY remittance)
ΨΚΘ94690ΒΩ-ΘΩΖ,2025-05-07,ΑΜΟΙΒΗ ΙΑΤΡΩΝ ΟΛΟΗΜΕΡΩΝ ΙΑΤΡΕΙΩΝ ΔΙΑΓΝΩΣΤΙΚΩΝ ΕΞΕΤΑΣΕΩΝ (INVIVO - INVITRO) ΑΝΑΣΦΑΛΙΣΤΩΝ ΕΛΛΗΝΩΝ ΔΙΚΑΙΟΥΧΩΝ ΤΟΥ Ν. 4368/2016 ΤΟΝ ΜΗΝΑ ΙΟΥΛΙΟ 2020,999501452,ΓΕΝΙΚΟ ΝΟΣΟΚΟΜΕΙΟ ΒΟΛΟΥ,1311.16,self-referential (payroll/EFKA/FMY remittance)
6ΥΖΗ4690ΒΩ-ΣΞ9,2025-05-07,ΑΜΟΙΒΗ ΙΑΤΡΙΚΟΥ ΠΡΟΣΩΠΙΚΟΥ ΠΟΥ ΕΡΓΑΣΤΗΚΑΝ ΣΤΑ ΟΛΟΗΜΕΡΑ ΙΑΤΡΕΙΑ ΤΟΝ ΜΗΝΑ ΦΕΒΡΟΥΑΡΙΟ 2025,999501452,ΓΕΝΙΚΟ ΝΟΣΟΚΟΜΕΙΟ ΒΟΛΟΥ,1776.00,self-referential (payroll/EFKA/FMY remittance)
ΨΛΕΨ4690ΒΩ-Ν63,2025-05-07,ΑΜΟΙΒΗ ΛΟΙΠΟΥ ΠΡΟΣΩΠΙΚΟΥ  ΟΛΟΗΜΕΡΩΝ ΙΑΤΡΕΙΩΝ ΑΠΟ ΔΙΑΓΝΩΣΤΙΚΕΣ ΕΞΕΤΑΣΕΙΣ ( INVITRO) ΑΣΦΑΛΙΣΜΕΝΩΝ ΤΟΥ ΕΟΠΥΥ ΤΟΝ ΜΗΝΑ  ΟΚΤΩΒΡΙΟ 2020,999501452,ΓΕΝΙΚΟ ΝΟΣΟΚΟΜΕΙΟ ΒΟΛΟΥ,1398.33,self-referential (payroll/EFKA/FMY remittance)
ΨΗΚ84690ΒΩ-ΣΦΩ,2025-05-07,ΑΜΟΙΒΗ ΛΟΙΠΟΥ ΠΡΟΣΩΠΙΚΟΥ ΟΛΟΗΜΕΡΩΝ ΙΑΤΡΕΙΩΝ ΑΠΟ ΠΑΡΑΚΛΙΝΙΚΕΣ ΕΞΕΤΑΣΕΙΣ ΑΝΑΣΦΑΛΙΣΤΩΝ ΕΛΛΗΝΩΝ ΔΙΚΑΙΟΥΧΩΝ ΤΟΥ Ν. 4368/2016 ΤΟΝ ΜΗΝΑ ΙΟΥΝΙΟ 2021,999501452,ΓΕΝΙΚΟ ΝΟΣΟΚΟΜΕΙΟ ΒΟΛΟΥ,333.32,self-referential (payroll/EFKA/FMY remittance)
Ψ5ΜΘ4690ΒΩ-Υ7Δ,2025-05-07,ΑΜΟΙΒΗ ΛΟΙΠΟΥ ΠΡΟΣΩΠΙΚΟΥ ΟΛΟΗΜΕΡΩΝ ΙΑΤΡΕΙΩΝ ΑΠΟ ΠΑΡΑΚΛΙΝΙΚΕΣ ΕΞΕΤΑΣΕΙΣ ΑΝΑΣΦΑΛΙΣΤΩΝ ΕΛΛΗΝΩΝ ΔΙΚΑΙΟΥΧΩΝ ΤΟΥ Ν. 4368/2016 ΤΟΝ ΜΗΝΑ ΜΑΪΟ 2021,999501452,ΓΕΝΙΚΟ ΝΟΣΟΚΟΜΕΙΟ ΒΟΛΟΥ,184.83,self-referential (payroll/EFKA/FMY remittance)
6ΝΓ94690ΒΩ-ΡΕ5,2025-05-07,ΑΜΟΙΒΗ ΛΟΙΠΟΥ ΠΡΟΣΩΠΙΚΟΥ ΟΛΟΗΜΕΡΩΝ ΙΑΤΡΕΙΩΝ ΑΠΟ ΠΑΡΑΚΛΙΝΙΚΕΣ ΕΞΕΤΑΣΕΙΣ ΑΝΑΣΦΑΛΙΣΤΩΝ ΕΛΛΗΝΩΝ ΔΙΚΑΙΟΥΧΩΝ ΤΟΥ Ν. 4368/2016 ΤΟΝ ΜΗΝΑ  ΑΠΡΙΛΙΟ 2021,999501452,ΓΕΝΙΚΟ ΝΟΣΟΚΟΜΕΙΟ ΒΟΛΟΥ,143.73,self-referential (payroll/EFKA/FMY remittance)
96ΠΦ4690ΒΩ-Γ1Φ,2025-05-07,ΑΜΟΙΒΗ ΛΟΙΠΟΥ ΠΡΟΣΩΠΙΚΟΥ ΟΛΟΗΜΕΡΩΝ ΙΑΤΡΕΙΩΝ ΑΠΟ ΠΑΡΑΚΛΙΝΙΚΕΣ ΕΞΕΤΑΣΕΙΣ ΑΝΑΣΦΑΛΙΣΤΩΝ ΕΛΛΗΝΩΝ ΔΙΚΑΙΟΥΧΩΝ ΤΟΥ Ν. 4368/2016 ΤΟΝ ΜΗΝΑ ΝΟΕΜΒΡΙΟ 2020,999501452,ΓΕΝΙΚΟ ΝΟΣΟΚΟΜΕΙΟ ΒΟΛΟΥ,97.37,self-referential (payroll/EFKA/FMY remittance)
9Ξ7Μ4690ΒΩ-96Ν,2025-05-07,ΑΜΟΙΒΗ ΛΟΙΠΟΥ ΠΡΟΣΩΠΙΚΟΥ ΟΛΟΗΜΕΡΩΝ ΙΑΤΡΕΙΩΝ ΑΠΟ ΠΑΡΑΚΛΙΝΙΚΕΣ ΕΞΕΤΑΣΕΙΣ ΑΝΑΣΦΑΛΙΣΤΩΝ ΕΛΛΗΝΩΝ ΔΙΚΑΙΟΥΧΩΝ ΤΟΥ Ν. 4368/2016 ΤΟΝ ΜΗΝΑ ΟΚΤΩΒΡΙΟ 2020,999501452,ΓΕΝΙΚΟ ΝΟΣΟΚΟΜΕΙΟ ΒΟΛΟΥ,501.54,self-referential (payroll/EFKA/FMY remittance)
9ΧΣΡ4690ΒΩ-0ΚΦ,2025-05-07,ΑΜΟΙΒΗ ΛΟΙΠΟΥ ΠΡΟΣΩΠΙΚΟΥ ΟΛΟΗΜΕΡΩΝ ΙΑΤΡΕΙΩΝ ΑΠΟ ΠΑΡΑΚΛΙΝΙΚΕΣ ΕΞΕΤΑΣΕΙΣ ΑΝΑΣΦΑΛΙΣΤΩΝ ΕΛΛΗΝΩΝ ΔΙΚΑΙΟΥΧΩΝ ΤΟΥ Ν. 4368/2016 ΤΟΝ ΜΗΝΑ ΣΕΠΤΕΜΒΡΙΟ 2020,999501452,ΓΕΝΙΚΟ ΝΟΣΟΚΟΜΕΙΟ ΒΟΛΟΥ,291.69,self-referential (payroll/EFKA/FMY remittance)
9ΥΕΒ4690ΒΩ-Η1Α,2025-05-07,ΑΜΟΙΒΗ ΛΟΙΠΟΥ ΠΡΟΣΩΠΙΚΟΥ ΟΛΟΗΜΕΡΩΝ ΙΑΤΡΕΙΩΝ ΑΠΟ ΠΑΡΑΚΛΙΝΙΚΕΣ ΕΞΕΤΑΣΕΙΣ ΑΝΑΣΦΑΛΙΣΤΩΝ ΕΛΛΗΝΩΝ ΔΙΚΑΙΟΥΧΩΝ ΤΟΥ Ν. 4368/2016 ΤΟΝ ΜΗΝΑ ΙΟΥΛΙΟ 2020,999501452,ΓΕΝΙΚΟ ΝΟΣΟΚΟΜΕΙΟ ΒΟΛΟΥ,288.20,self-referential (payroll/EFKA/FMY remittance)
ΨΕΖ64690ΒΩ-3ΦΓ,2025-05-07,ΑΜΟΙΒΗ ΙΑΤΡΩΝ ΟΛΟΗΜΕΡΩΝ ΙΑΤΡΕΙΩΝ ΑΠΟ  ΔΙΑΓΝΩΣΤΙΚΕΣ ΕΞΕΑΣΕΙΣ ( INVIVO - INVITRO)  ΑΣΦΑΛΙΣΜΕΝΩΝ ΤΟΥ ΕΟΠΥΥ ΤΟΝ ΜΗΝΑ  ΙΟΥΝΙΟ 2021,999501452,ΓΕΝΙΚΟ ΝΟΣΟΚΟΜΕΙΟ ΒΟΛΟΥ,5742.85,self-referential (payroll/EFKA/FMY remittance)
Ψ5ΧΕ4690ΒΩ-ΓΞ6,2025-05-07,ΑΜΟΙΒΗ ΙΑΤΡΩΝ ΟΛΟΗΜΕΡΩΝ ΙΑΤΡΕΙΩΝ ΑΠΟ  ΔΙΑΓΝΩΣΤΙΚΕΣ ΕΞΕΑΣΕΙΣ ( INVIVO - INVITRO)  ΑΣΦΑΛΙΣΜΕΝΩΝ ΤΟΥ ΕΟΠΥΥ ΤΟΝ ΜΗΝΑ  ΜΑΪΟ 2021,999501452,ΓΕΝΙΚΟ ΝΟΣΟΚΟΜΕΙΟ ΒΟΛΟΥ,1051.47,self-referential (payroll/EFKA/FMY remittance)
ΨΥΦΞ4690ΒΩ-ΘΑΩ,2025-05-07,ΑΜΟΙΒΗ ΙΑΤΡΩΝ ΟΛΟΗΜΕΡΩΝ ΙΑΤΡΕΙΩΝ ΑΠΟ  ΔΙΑΓΝΩΣΤΙΚΕΣ ΕΞΕΑΣΕΙΣ ( INVIVO - INVITRO)  ΑΣΦΑΛΙΣΜΕΝΩΝ ΤΟΥ ΕΟΠΥΥ ΤΟΝ ΜΗΝΑ  ΜΑΡΤΙΟ 2021,999501452,ΓΕΝΙΚΟ ΝΟΣΟΚΟΜΕΙΟ ΒΟΛΟΥ,2124.88,self-referential (payroll/EFKA/FMY remittance)
6ΓΧ84690ΒΩ-ΒΩΦ,2025-05-07,ΑΜΟΙΒΗ ΙΑΤΡΩΝ ΟΛΟΗΜΕΡΩΝ ΙΑΤΡΕΙΩΝ ΔΙΑΓΝΩΣΤΙΚΩΝ ΕΞΕΤΑΣΕΩΝ (INVIVO - INVITRO)) ΑΝΑΣΦΑΛΙΣΤΩΝ ΕΛΛΗΝΩΝ ΔΙΚΑΙΟΥΧΩΝ ΤΟΥ Ν. 4368/2016 ΤΟΝ ΜΗΝΑ ΜΑΪΟ 2021,999501452,ΓΕΝΙΚΟ ΝΟΣΟΚΟΜΕΙΟ ΒΟΛΟΥ,585.30,self-referential (payroll/EFKA/FMY remittance)
6ΗΝΘ4690ΒΩ-ΘΝΦ,2025-05-07,ΑΜΟΙΒΗ ΙΑΤΡΟΥ ΑΠΟ ΧΕΙΡΟΥΡΓΙΚΕΣ( ΟΔΟΝΤΙΑΤΡΙΚΕΣ ) ΠΡΑΞΕΙΣ ΑΝΑΣΦΑΛΙΣΤΩΝ ΕΛΛΗΝΩΝ ΔΙΚΑΙΟΥΧΩΝ ΤΟΥ Ν. 4368/2016 ΤΟΝ ΜΗΝΑ  ΝΟΕΜΒΡΙΟ 2019,999501452,ΓΕΝΙΚΟ ΝΟΣΟΚΟΜΕΙΟ ΒΟΛΟΥ,360.00,self-referential (payroll/EFKA/FMY remittance)
ΨΚΖ34690ΒΩ-Ξ95,2025-05-07,ΑΜΟΙΒΗ ΙΑΤΡΟΥ ΑΠΟ ΧΕΙΡΟΥΡΓΙΚΕΣ( ΟΔΟΝΤΙΑΤΡΙΚΕΣ ) ΠΡΑΞΕΙΣ ΑΝΑΣΦΑΛΙΣΤΩΝ ΕΛΛΗΝΩΝ ΔΙΚΑΙΟΥΧΩΝ ΤΟΥ Ν. 4368/2016 ΤΟΝ ΜΗΝΑ  ΑΥΓΟΥΣΤΟ 2019,999501452,ΓΕΝΙΚΟ ΝΟΣΟΚΟΜΕΙΟ ΒΟΛΟΥ,120.00,self-referential (payroll/EFKA/FMY remittance)
ΨΣ5Ω4690ΒΩ-Γ53,2025-05-07,ΑΜΟΙΒΗ ΙΑΤΡΟΥ ΑΠΟ ΧΕΙΡΟΥΡΓΙΚΕΣ( ΟΔΟΝΤΙΑΤΡΙΚΕΣ ) ΠΡΑΞΕΙΣ ΑΝΑΣΦΑΛΙΣΤΩΝ ΕΛΛΗΝΩΝ ΔΙΚΑΙΟΥΧΩΝ ΤΟΥ Ν. 4368/2016 ΤΟΝ ΜΗΝΑ  ΙΟΥΛΙΟ 2019,999501452,ΓΕΝΙΚΟ ΝΟΣΟΚΟΜΕΙΟ ΒΟΛΟΥ,360.00,self-referential (payroll/EFKA/FMY remittance)
9ΝΞΥ4690ΒΩ-4Σ5,2025-05-07,ΑΜΟΙΒΗ ΙΑΤΡΟΥ ΑΠΟ ΧΕΙΡΟΥΡΓΙΚΕΣ( ΟΔΟΝΤΙΑΤΡΙΚΕΣ ) ΠΡΑΞΕΙΣ ΑΝΑΣΦΑΛΙΣΤΩΝ ΕΛΛΗΝΩΝ ΔΙΚΑΙΟΥΧΩΝ ΤΟΥ Ν. 4368/2016 ΤΟΝ ΜΗΝΑ  ΜΑΪΟ 2019,999501452,ΓΕΝΙΚΟ ΝΟΣΟΚΟΜΕΙΟ ΒΟΛΟΥ,120.00,self-referential (payroll/EFKA/FMY remittance)
ΨΘ4Λ4690ΒΩ-877,2025-05-07,ΑΜΟΙΒΗ ΙΑΤΡΟΥ ΑΠΟ ΧΕΙΡΟΥΡΓΙΚΕΣ( ΟΔΟΝΤΙΑΤΡΙΚΕΣ ) ΠΡΑΞΕΙΣ ΑΝΑΣΦΑΛΙΣΤΩΝ ΕΛΛΗΝΩΝ ΔΙΚΑΙΟΥΧΩΝ ΤΟΥ Ν. 4368/2016 ΤΟΝ ΜΗΝΑ  ΑΠΡΙΛΙΟ 2019,999501452,ΓΕΝΙΚΟ ΝΟΣΟΚΟΜΕΙΟ ΒΟΛΟΥ,360.00,self-referential (payroll/EFKA/FMY remittance)
9ΥΛΡ4690ΒΩ-Γ4Χ,2025-05-07,ΑΜΟΙΒΗ ΛΟΙΠΟΥ ΠΡΟΣΩΠΙΚΟΥ  ΟΛΟΗΜΕΡΩΝ ΙΑΤΡΕΙΩΝ ΑΠΟ ΔΙΑΓΝΩΣΤΙΚΕΣ ΕΞΕΤΑΣΕΙΣ ( INVITRO) ΑΣΦΑΛΙΣΜΕΝΩΝ ΤΟΥ ΕΟΠΥΥ ΤΟΝ ΜΗΝΑ  ΑΠΡΙΛΙΟ 202,999501452,ΓΕΝΙΚΟ ΝΟΣΟΚΟΜΕΙΟ ΒΟΛΟΥ,1175.83,self-referential (payroll/EFKA/FMY remittance)
ΨΨΗΔ4690ΒΩ-ΧΛΨ,2025-05-07,ΑΜΟΙΒΗ ΙΑΤΡΟΥ ΑΠΟ ΧΕΙΡΟΥΡΓΙΚΕΣ( ΟΔΟΝΤΙΑΤΡΙΚΕΣ ) ΠΡΑΞΕΙΣ ΑΝΑΣΦΑΛΙΣΤΩΝ ΕΛΛΗΝΩΝ ΔΙΚΑΙΟΥΧΩΝ ΤΟΥ Ν. 4368/2016 ΤΟΝ ΜΗΝΑ  ΜΑΡΤΙΟ 2019,999501452,ΓΕΝΙΚΟ ΝΟΣΟΚΟΜΕΙΟ ΒΟΛΟΥ,120.00,self-referential (payroll/EFKA/FMY remittance)
6Α8Θ4690ΒΩ-7ΥΓ,2025-05-07,ΑΜΟΙΒΗ ΙΑΤΡΟΥ ΑΠΟ ΧΕΙΡΟΥΡΓΙΚΕΣ( ΟΔΟΝΤΙΑΤΡΙΚΕΣ ) ΠΡΑΞΕΙΣ ΑΝΑΣΦΑΛΙΣΤΩΝ ΕΛΛΗΝΩΝ ΔΙΚΑΙΟΥΧΩΝ ΤΟΥ Ν. 4368/2016 ΤΟΝ ΜΗΝΑ  ΦΕΒΡΟΥΑΡΙΟ 2019,999501452,ΓΕΝΙΚΟ ΝΟΣΟΚΟΜΕΙΟ ΒΟΛΟΥ,120.00,self-referential (payroll/EFKA/FMY remittance)
ΨΞΑ44690ΒΩ-9Ρ8,2025-05-07,ΑΜΟΙΒΗ ΙΑΤΡΟΥ ΑΠΟ ΧΕΙΡΟΥΡΓΙΚΕΣ( ΟΔΟΝΤΙΑΤΡΙΚΕΣ ) ΠΡΑΞΕΙΣ ΑΝΑΣΦΑΛΙΣΤΩΝ ΕΛΛΗΝΩΝ ΔΙΚΑΙΟΥΧΩΝ ΤΟΥ Ν. 4368/2016 ΤΟΝ ΜΗΝΑ  ΙΑΝΟΥΑΡΙΟ 2019,999501452,ΓΕΝΙΚΟ ΝΟΣΟΚΟΜΕΙΟ ΒΟΛΟΥ,120.00,self-referential (payroll/EFKA/FMY remittance)
Ψ9ΖΠ4690ΒΩ-ΣΛΧ,2025-05-07,ΑΜΟΙΒΗ ΛΟΙΠΟΥ ΠΡΟΣΩΠΙΚΟΥ  ΟΛΟΗΜΕΡΩΝ ΙΑΤΡΕΙΩΝ ΑΠΟ ΔΙΑΓΝΩΣΤΙΚΕΣ ΕΞΕΤΑΣΕΙΣ ( INVITRO) ΑΣΦΑΛΙΣΜΕΝΩΝ ΤΟΥ ΕΟΠΥΥ ΤΟΝ ΜΗΝΑ  ΙΟΥΝΙΟ 2021,999501452,ΓΕΝΙΚΟ ΝΟΣΟΚΟΜΕΙΟ ΒΟΛΟΥ,2100.24,self-referential (payroll/EFKA/FMY remittance)
9ΥΒΙ4690ΒΩ-9Η5,2025-05-07,ΑΜΟΙΒΗ ΛΟΙΠΟΥ ΠΡΟΣΩΠΙΚΟΥ  ΟΛΟΗΜΕΡΩΝ ΙΑΤΡΕΙΩΝ ΑΠΟ ΔΙΑΓΝΩΣΤΙΚΕΣ ΕΞΕΤΑΣΕΙΣ ( INVITRO) ΑΣΦΑΛΙΣΜΕΝΩΝ ΤΟΥ ΕΟΠΥΥ ΤΟΝ ΜΗΝΑ  ΜΑΪΟ 2021,999501452,ΓΕΝΙΚΟ ΝΟΣΟΚΟΜΕΙΟ ΒΟΛΟΥ,1332.88,self-referential (payroll/EFKA/FMY remittance)
9ΞΕΑ4690ΒΩ-Ο1Η,2025-05-07,ΑΜΟΙΒΗ ΛΟΙΠΟΥ ΠΡΟΣΩΠΙΚΟΥ  ΟΛΟΗΜΕΡΩΝ ΙΑΤΡΕΙΩΝ ΑΠΟ ΔΙΑΓΝΩΣΤΙΚΕΣ ΕΞΕΤΑΣΕΙΣ ( INVITRO) ΑΣΦΑΛΙΣΜΕΝΩΝ ΤΟΥ ΕΟΠΥΥ ΤΟΝ ΜΗΝΑ  ΜΑΡΤΙΟ 2021,999501452,ΓΕΝΙΚΟ ΝΟΣΟΚΟΜΕΙΟ ΒΟΛΟΥ,424.98,self-referential (payroll/EFKA/FMY remittance)
63Π24690ΒΩ-ΧΒΔ,2025-05-07,ΑΜΟΙΒΗ ΛΟΙΠΟΥ ΠΡΟΣΩΠΙΚΟΥ  ΟΛΟΗΜΕΡΩΝ ΙΑΤΡΕΙΩΝ ΑΠΟ ΔΙΑΓΝΩΣΤΙΚΕΣ ΕΞΕΤΑΣΕΙΣ ( INVITRO) ΑΣΦΑΛΙΣΜΕΝΩΝ ΤΟΥ ΕΟΠΥΥ ΤΟΝ ΜΗΝΑ  ΝΟΕΜΒΡΙΟ 2020,999501452,ΓΕΝΙΚΟ ΝΟΣΟΚΟΜΕΙΟ ΒΟΛΟΥ,616.28,self-referential (payroll/EFKA/FMY remittance)
Ψ2ΦΚ4690ΒΩ-ΧΚΑ,2025-04-30,ΕΦΗΜΕΡΙΕΣ  ΕΠΙΣΤΗΜΟΝΙΚΟΥ ΠΡΟΣΩΠΙΚΟΥ ΜΕ ΣΧΕΣΗ ΕΡΓΑΣΙΑΣ ΙΔΟΧ ΜΗΝΟΣ ΦΕΒΡΟΥΑΡΙΟΥ 2025 «ΕΝΙΣΧΥΣΗ ΤΩΝ ΦΟΡΕΩΝ ΥΓΕΙΑΣ ΜΕ ΕΠΙΚΟΥΡΙΚΟ ΠΡΟΣΩΠΙΚΟ ΓΙΑ ΤΗΝ ΑΝΤΑΠΟΚΡΙΣΗ ΣΤΙΣ ΑΝΑΓΚΕΣ ΛΟΓΩ ΤΗΣ ΕΠΙΔΗΜΙΑΣ COVID-19 ΣΤΗΝ ΠΕΡΙΦΕΡΕΙΑ ΘΕΣΣΑΛΙΑΣ» ΜΕ ΚΩΔΙΚΟ ΟΠΣ 5070510 ΣΤΟ ΕΠΙΧΕΙΡΗΣΙΑΚΟ ΠΡΟΓΡΑΜΜΑ «ΠΕΡΙΦΕΡΕΙΑΚΟ ΕΠΙΧΕΙΡΗΣΙΑΚΟ ΠΡΟΓΡΑΜΜΑ ΘΕΣΣΑΛΙΑΣ 2014 ΜΕ ΠΑΡΑΤΑΣΗ ΣΥΜΒΑΣΕΩΝ  ΕΩΣ 31/12/2024 ΣΥΜΦΩΝΑ ΜΕ ΤΙΣ ΔΙΑΤΑΞΕΙΣ  ΤΟΥ Ν.5079/2023 (ΦΕΚ 215/22-12-2023/τ.Α΄) ΑΡΘΡΟ 70 ΠΑΡ. 1,999501452,ΓΕΝΙΚΟ ΝΟΣΟΚΟΜΕΙΟ ΒΟΛΟΥ,214.14,self-referential (payroll/EFKA/FMY remittance)
Ψ2ΦΚ4690ΒΩ-ΧΚΑ,2025-04-30,ΕΦΗΜΕΡΙΕΣ  ΕΠΙΣΤΗΜΟΝΙΚΟΥ ΠΡΟΣΩΠΙΚΟΥ ΜΕ ΣΧΕΣΗ ΕΡΓΑΣΙΑΣ ΙΔΟΧ ΜΗΝΟΣ ΦΕΒΡΟΥΑΡΙΟΥ 2025 «ΕΝΙΣΧΥΣΗ ΤΩΝ ΦΟΡΕΩΝ ΥΓΕΙΑΣ ΜΕ ΕΠΙΚΟΥΡΙΚΟ ΠΡΟΣΩΠΙΚΟ ΓΙΑ ΤΗΝ ΑΝΤΑΠΟΚΡΙΣΗ ΣΤΙΣ ΑΝΑΓΚΕΣ ΛΟΓΩ ΤΗΣ ΕΠΙΔΗΜΙΑΣ COVID-19 ΣΤΗΝ ΠΕΡΙΦΕΡΕΙΑ ΘΕΣΣΑΛΙΑΣ» ΜΕ ΚΩΔΙΚΟ ΟΠΣ 5070510 ΣΤΟ ΕΠΙΧΕΙΡΗΣΙΑΚΟ ΠΡΟΓΡΑΜΜΑ «ΠΕΡΙΦΕΡΕΙΑΚΟ ΕΠΙΧΕΙΡΗΣΙΑΚΟ ΠΡΟΓΡΑΜΜΑ ΘΕΣΣΑΛΙΑΣ 2014 ΜΕ ΠΑΡΑΤΑΣΗ ΣΥΜΒΑΣΕΩΝ  ΕΩΣ 31/12/2024 ΣΥΜΦΩΝΑ ΜΕ ΤΙΣ ΔΙΑΤΑΞΕΙΣ  ΤΟΥ Ν.5079/2023 (ΦΕΚ 215/22-12-2023/τ.Α΄) ΑΡΘΡΟ 70 ΠΑΡ. 1,999501452,ΓΕΝΙΚΟ ΝΟΣΟΚΟΜΕΙΟ ΒΟΛΟΥ,368.46,self-referential (payroll/EFKA/FMY remittance)
6ΦΡΜ4690ΒΩ-Α9Ξ,2025-04-30,ΠΡΟΣΘΕΤΕΣ ΑΜΟΙΒΕΣ ΕΙΔΙΚΕΥΟΜΕΝΩΝ ΝΟΣΗΛΕΥΤΩΝ ΜΗΝΟΣ  ΦΕΒΡΟΥΑΡΙΟΥ 2025 ΣΥΜΦΩΝΑ ΜΕ ΤΙΣ ΔΙΑΤΑΞΕΙΣ ΤΟΥ ΑΡΘΡΟΥ 58 ΤΟΥ Ν.4690/2020 (ΦΕΚ 104/Α/30-5-2020),999501452,ΓΕΝΙΚΟ ΝΟΣΟΚΟΜΕΙΟ ΒΟΛΟΥ,1140.36,self-referential (payroll/EFKA/FMY remittance)
92ΥΕ4690ΒΩ-84Ε,2025-04-30,ΠΡΟΣΘΕΤΕΣ ΑΜΟΙΒΕΣ ΙΔ. ΔΙΚΑΙΟΥ (ΑΟΡΙΣΤΟΥ-ΟΡΙΣΜΕΝΟΥ-ΑΤΟΜΙΚΕΣ ΣΥΜΒΑΣΕΙΣ) ΜΗΝΟΣ  ΦΕΒΡΟΥΑΡΙΟΥ 2025,999501452,ΓΕΝΙΚΟ ΝΟΣΟΚΟΜΕΙΟ ΒΟΛΟΥ,2300.80,self-referential (payroll/EFKA/FMY remittance)
92ΥΕ4690ΒΩ-84Ε,2025-04-30,ΠΡΟΣΘΕΤΕΣ ΑΜΟΙΒΕΣ ΙΔ. ΔΙΚΑΙΟΥ (ΑΟΡΙΣΤΟΥ-ΟΡΙΣΜΕΝΟΥ-ΑΤΟΜΙΚΕΣ ΣΥΜΒΑΣΕΙΣ) ΜΗΝΟΣ  ΦΕΒΡΟΥΑΡΙΟΥ 2025,999501452,ΓΕΝΙΚΟ ΝΟΣΟΚΟΜΕΙΟ ΒΟΛΟΥ,1012.14,self-referential (payroll/EFKA/FMY remittance)
ΨΞΑΑ4690ΒΩ-Μ12,2025-04-30,ΕΦΗΜΕΡΙΕΣ ΜΗΝΟΣ ΦΕΒΡΟΥΑΡΙΟΥ 2025 ΕΠΙΚΟΥΡΙΚΩΝ ΙΑΤΡΩΝ ΜΕ ΣΧΕΣΗ ΕΡΓΑΣΙΑΣ ΙΔΟΧ ΣΕ ΕΦΑΡΜΟΓΗ ΤΩΝ ΔΙΑΤΑΞΕΩΝ ΤΟΥ ΑΡΘΡΟΥ 17 ΤΗΣ\ ΠΝΠ ΦΕΚ 55/1-3-2020 ΄΄ ΚΑΤΕΠΕΙΓΟΝΤΑ ΜΕΤΡΑ ΑΝΤΙΜΕΤΩΠΙΣΗΣ ΤΩΝ ΑΡΝΗΤΙΚΩΝ ΣΥΝΕΠΕΙΩΝ ΤΗΣ ΕΜΦΑΝΙΣΗΣ COVID-19,999501452,ΓΕΝΙΚΟ ΝΟΣΟΚΟΜΕΙΟ ΒΟΛΟΥ,602.58,self-referential (payroll/EFKA/FMY remittance)
ΨΒ4Ξ4690ΒΩ-ΦΔ0,2025-04-30,ΕΦΗΜΕΡΙΕΣ  ΙΑΤΡΩΝ ΕΣΥ ΜΗΝΟΣ  ΦΕΒΡΟΥΑΡΙΟΥ 2025,999501452,ΓΕΝΙΚΟ ΝΟΣΟΚΟΜΕΙΟ ΒΟΛΟΥ,105725.00,self-referential (payroll/EFKA/FMY remittance)
ΡΣΝ34690ΒΩ-ΟΟΤ,2025-04-30,ΕΦΗΜΕΡΙΕΣ ΕΙΔΙΚΕΥΟΜΕΝΩΝ ΙΑΤΡΩΝ ΜΗΝΟΣ  ΦΕΒΡΟΥΑΡΙΟΥ 2025,999501452,ΓΕΝΙΚΟ ΝΟΣΟΚΟΜΕΙΟ ΒΟΛΟΥ,74741.68,self-referential (payroll/EFKA/FMY remittance)
9Ξ244690ΒΩ-ΚΑΨ,2025-04-30,"ΠΡΟΣΘΕΤΕΣ ΑΜΟΙΒΕΣ ΛΟΙΠΟΥ ΜΟΝΙΜΟΥ (ΔΙΟΙΚΗΤΙΚΟΥ,ΝΟΣΗΛΕΥΤΙΚΟΥ κ.λ.π.) ΠΡΟΣΩΠΙΚΟΥ ΜΗΝΟΣ  ΦΕΒΡΟΥΑΡΙΟΥ 2025",999501452,ΓΕΝΙΚΟ ΝΟΣΟΚΟΜΕΙΟ ΒΟΛΟΥ,12050.41,self-referential (payroll/EFKA/FMY remittance)
9Ξ244690ΒΩ-ΚΑΨ,2025-04-30,"ΠΡΟΣΘΕΤΕΣ ΑΜΟΙΒΕΣ ΛΟΙΠΟΥ ΜΟΝΙΜΟΥ (ΔΙΟΙΚΗΤΙΚΟΥ,ΝΟΣΗΛΕΥΤΙΚΟΥ κ.λ.π.) ΠΡΟΣΩΠΙΚΟΥ ΜΗΝΟΣ  ΦΕΒΡΟΥΑΡΙΟΥ 2025",999501452,ΓΕΝΙΚΟ ΝΟΣΟΚΟΜΕΙΟ ΒΟΛΟΥ,36015.98,self-referential (payroll/EFKA/FMY remittance)
Ρ0ΛΡ4690ΒΩ-Η6Ω,2025-04-30,ΕΦΗΜΕΡΙΕΣ  ΕΠΙΣΤΗΜΟΝΙΚΟΥ ΠΡΟΣΩΠΙΚΟΥ ΜΗΝΟΣ  ΦΕΒΡΟΥΑΡΙΟΥ 2025,999501452,ΓΕΝΙΚΟ ΝΟΣΟΚΟΜΕΙΟ ΒΟΛΟΥ,7892.67,self-referential (payroll/EFKA/FMY remittance)
Ρ0ΛΡ4690ΒΩ-Η6Ω,2025-04-30,ΕΦΗΜΕΡΙΕΣ  ΕΠΙΣΤΗΜΟΝΙΚΟΥ ΠΡΟΣΩΠΙΚΟΥ ΜΗΝΟΣ  ΦΕΒΡΟΥΑΡΙΟΥ 2025,999501452,ΓΕΝΙΚΟ ΝΟΣΟΚΟΜΕΙΟ ΒΟΛΟΥ,3031.15,self-referential (payroll/EFKA/FMY remittance)
ΡΔΛΒ4690ΒΩ-62Ω,2025-04-30,ΠΡΟΣΘΕΤΕΣ ΑΜΟΙΒΕΣ ΛΟΙΠΟΥ  ΕΠΙΚΟΥΡΙΚΟΥ ΠΡΟΣΩΠΙΚΟΥ ΜΗΝΟΣ  ΦΕΒΡΟΥΑΡΙΟΥ 2025,999501452,ΓΕΝΙΚΟ ΝΟΣΟΚΟΜΕΙΟ ΒΟΛΟΥ,52.95,self-referential (payroll/EFKA/FMY remittance)
ΡΔΛΒ4690ΒΩ-62Ω,2025-04-30,ΠΡΟΣΘΕΤΕΣ ΑΜΟΙΒΕΣ ΛΟΙΠΟΥ  ΕΠΙΚΟΥΡΙΚΟΥ ΠΡΟΣΩΠΙΚΟΥ ΜΗΝΟΣ  ΦΕΒΡΟΥΑΡΙΟΥ 2025,999501452,ΓΕΝΙΚΟ ΝΟΣΟΚΟΜΕΙΟ ΒΟΛΟΥ,178.92,self-referential (payroll/EFKA/FMY remittance)
ΡΕΞ34690ΒΩ-Β70,2025-04-30,ΕΦΗΜΕΡΙΕΣ ΙΑΤΡΙΚΟΥ ΕΠΙΚΟΥΡΙΚΟΥ ΠΡΟΣΩΠΙΚΟΥ ΜΕ ΣΧΕΣΗ ΕΡΓΑΣΙΑΣ ΙΔΟΧ ΜΗΝΟΣ ΦΕΒΡΟΥΑΡΙΟΥ 2025 «ΕΝΙΣΧΥΣΗ ΤΩΝ ΦΟΡΕΩΝ ΥΓΕΙΑΣ ΜΕ ΕΠΙΚΟΥΡΙΚΟ ΠΡΟΣΩΠΙΚΟ ΓΙΑ ΤΗΝ ΑΝΤΑΠΟΚΡΙΣΗ ΣΤΙΣ ΑΝΑΓΚΕΣ ΛΟΓΩ ΤΗΣ ΕΠΙΔΗΜΙΑΣ COVID-19 ΣΤΗΝ ΠΕΡΙΦΕΡΕΙΑ ΘΕΣΣΑΛΙΑΣ» ΜΕ ΚΩΔΙΚΟ ΟΠΣ 5070510 ΣΤΟ ΕΠΙΧΕΙΡΗΣΙΑΚΟ ΠΡΟΓΡΑΜΜΑ «ΠΕΡΙΦΕΡΕΙΑΚΟ ΕΠΙΧΕΙΡΗΣΙΑΚΟ ΠΡΟΓΡΑΜΜΑ ΘΕΣΣΑΛΙΑΣ 2014 ΜΕ ΠΑΡΑΤΑΣΗ ΣΥΜΒΑΣΕΩΝ  ΕΩΣ 31/12/2024 ΣΥΜΦΩΝΑ ΜΕ ΤΙΣ ΔΙΑΤΑΞΕΙΣ  ΤΟΥ Ν.5079/2023 (ΦΕΚ 215/22-12-2023/τ.Α΄) ΑΡΘΡΟ 70 ΠΑΡ. 1,999501452,ΓΕΝΙΚΟ ΝΟΣΟΚΟΜΕΙΟ ΒΟΛΟΥ,2130.76,self-referential (payroll/EFKA/FMY remittance)
60Ψ54690ΒΩ-5ΡΜ,2025-04-30,ΕΦΗΜΕΡΙΕΣ ΕΠΙΚΟΥΡΙΚΩΝ  ΙΑΤΡΩΝ ΕΣΥ ΜΗΝΟΣ   ΦΕΒΡΟΥΑΡΙΟΥ 2025,999501452,ΓΕΝΙΚΟ ΝΟΣΟΚΟΜΕΙΟ ΒΟΛΟΥ,8062.79,self-referential (payroll/EFKA/FMY remittance)
ΡΓΒ04690ΒΩ-ΩΔΥ,2025-04-30,"ΚΑΤΑΒΟΛΗ ΕΚΤΑΚΤΗΣ ΟΙΚΟΝΟΜΙΚΗΣ ΕΝΙΣΧΥΣΗΣ ΕΦΗΜΕΡΙΩΝ  ΙΑΤΡΩΝ ΕΣΥ ΣΥΜΦΩΝΑ ΜΕ ΤΙΣ ΔΙΑΤΑΞΕΙΣ ΤΩΝ ΑΡΘΡΩΝ 88,89 ΚΑΙ 90 ΤΟΥ Ν.4850/2021 ΦΕΚ 208/τ. Α΄ ΜΗΝΟΣ  ΦΕΒΡΟΥΑΡΙΟΥ 2025",999501452,ΓΕΝΙΚΟ ΝΟΣΟΚΟΜΕΙΟ ΒΟΛΟΥ,3500.00,self-referential (payroll/EFKA/FMY remittance)
ΨΤΥΓ4690ΒΩ-ΚΓΨ,2025-04-30,ΕΦΗΜΕΡΙΕΣ ΜΕΤΑΚΙΝΟΥΜΕΝΩΝ ΙΑΤΡΩΝ ΤΟΥ Π.Ε.Δ.Υ ΓΙΑ ΚΑΛΥΨΗ ΕΦΗΜΕΡΙΩΝ ΣΤΟ ΓΝΒ ΤΟΝ ΜΗΝΑ ΦΕΒΡΟΥΑΡΙΟ 2025,999501452,ΓΕΝΙΚΟ ΝΟΣΟΚΟΜΕΙΟ ΒΟΛΟΥ,10236.39,self-referential (payroll/EFKA/FMY remittance)
6Σ5Σ4690ΒΩ-Κ5Θ,2025-04-30,ΠΡΟΣΘΕΤΕΣ ΑΜΟΙΒΕΣ ΛΟΙΠΟΥ ΕΠΙΚΟΥΡΙΚΟΥ ΠΡΟΣΩΠΙΚΟΥ ΜΕ ΣΧΕΣΗ ΕΡΓΑΣΙΑΣ ΙΔΟΧ ΜΗΝΟΣ ΦΕΒΡΟΥΑΡΙΟΥ 2025«ΕΝΙΣΧΥΣΗ ΤΩΝ ΦΟΡΕΩΝ ΥΓΕΙΑΣ ΜΕ ΕΠΙΚΟΥΡΙΚΟ ΠΡΟΣΩΠΙΚΟ ΓΙΑ ΤΗΝ ΑΝΤΑΠΟΚΡΙΣΗ ΣΤΙΣ ΑΝΑΓΚΕΣ ΛΟΓΩ ΤΗΣ ΕΠΙΔΗΜΙΑΣ COVID-19 ΣΤΗΝ ΠΕΡΙΦΕΡΕΙΑ ΘΕΣΣΑΛΙΑΣ» ΜΕ ΚΩΔΙΚΟ ΟΠΣ 5070510 ΣΤΟ ΕΠΙΧΕΙΡΗΣΙΑΚΟ ΠΡΟΓΡΑΜΜΑ «ΠΕΡΙΦΕΡΕΙΑΚΟ ΕΠΙΧΕΙΡΗΣΙΑΚΟ ΠΡΟΓΡΑΜΜΑ ΘΕΣΣΑΛΙΑΣ 2014 ΜΕ ΠΑΡΑΤΑΣΗ ΣΥΜΒΑΣΕΩΝ  ΕΩΣ 31/12/2024 ΣΥΜΦΩΝΑ ΜΕ ΤΙΣ ΔΙΑΤΑΞΕΙΣ  ΤΟΥ Ν.5079/2023 (ΦΕΚ 215/22-12-2023/τ.Α΄) ΑΡΘΡΟ 70 ΠΑΡ.,999501452,ΓΕΝΙΚΟ ΝΟΣΟΚΟΜΕΙΟ ΒΟΛΟΥ,1078.90,self-referential (payroll/EFKA/FMY remittance)
6Σ5Σ4690ΒΩ-Κ5Θ,2025-04-30,ΠΡΟΣΘΕΤΕΣ ΑΜΟΙΒΕΣ ΛΟΙΠΟΥ ΕΠΙΚΟΥΡΙΚΟΥ ΠΡΟΣΩΠΙΚΟΥ ΜΕ ΣΧΕΣΗ ΕΡΓΑΣΙΑΣ ΙΔΟΧ ΜΗΝΟΣ ΦΕΒΡΟΥΑΡΙΟΥ 2025«ΕΝΙΣΧΥΣΗ ΤΩΝ ΦΟΡΕΩΝ ΥΓΕΙΑΣ ΜΕ ΕΠΙΚΟΥΡΙΚΟ ΠΡΟΣΩΠΙΚΟ ΓΙΑ ΤΗΝ ΑΝΤΑΠΟΚΡΙΣΗ ΣΤΙΣ ΑΝΑΓΚΕΣ ΛΟΓΩ ΤΗΣ ΕΠΙΔΗΜΙΑΣ COVID-19 ΣΤΗΝ ΠΕΡΙΦΕΡΕΙΑ ΘΕΣΣΑΛΙΑΣ» ΜΕ ΚΩΔΙΚΟ ΟΠΣ 5070510 ΣΤΟ ΕΠΙΧΕΙΡΗΣΙΑΚΟ ΠΡΟΓΡΑΜΜΑ «ΠΕΡΙΦΕΡΕΙΑΚΟ ΕΠΙΧΕΙΡΗΣΙΑΚΟ ΠΡΟΓΡΑΜΜΑ ΘΕΣΣΑΛΙΑΣ 2014 ΜΕ ΠΑΡΑΤΑΣΗ ΣΥΜΒΑΣΕΩΝ  ΕΩΣ 31/12/2024 ΣΥΜΦΩΝΑ ΜΕ ΤΙΣ ΔΙΑΤΑΞΕΙΣ  ΤΟΥ Ν.5079/2023 (ΦΕΚ 215/22-12-2023/τ.Α΄) ΑΡΘΡΟ 70 ΠΑΡ.,999501452,ΓΕΝΙΚΟ ΝΟΣΟΚΟΜΕΙΟ ΒΟΛΟΥ,3864.14,self-referential (payroll/EFKA/FMY remittance)
ΡΤ0Ψ4690ΒΩ-307,2025-04-30,ΠΡΟΣΘΕΤΕΣ ΑΜΟΙΒΕΣ ΛΟΙΠΟΥ ΕΠΙΚΟΥΡΙΚΟΥ ΠΡΟΣΩΠΙΚΟΥ ΦΕΒΡΟΥΑΡΙΟΥ 2025 ΣΥΜΦΩΝΑ ΜΕ ΤΙΣ ΔΙΑΤΑΞΕΩΝ ΤΟΥ ΑΡΘΡΟΥ 17 ΤΗΣ ΠΝΠ ΦΕΚ 55/1-3-2020 ΄΄ΚΑΤΕΠΕΙΓΟΝΤΑ ΜΕΤΡΑ ΑΝΤΙΜΕΤΩΠΙΣΗΣ ΤΩΝ ΑΡΝΗΤΙΚΩΝ ΣΥΝΕΠΕΙΩΝ ΤΗΣ ΕΜΦΑΝΙΣΗΣ COVID-19,999501452,ΓΕΝΙΚΟ ΝΟΣΟΚΟΜΕΙΟ ΒΟΛΟΥ,251.08,self-referential (payroll/EFKA/FMY remittance)
ΡΤ0Ψ4690ΒΩ-307,2025-04-30,ΠΡΟΣΘΕΤΕΣ ΑΜΟΙΒΕΣ ΛΟΙΠΟΥ ΕΠΙΚΟΥΡΙΚΟΥ ΠΡΟΣΩΠΙΚΟΥ ΦΕΒΡΟΥΑΡΙΟΥ 2025 ΣΥΜΦΩΝΑ ΜΕ ΤΙΣ ΔΙΑΤΑΞΕΩΝ ΤΟΥ ΑΡΘΡΟΥ 17 ΤΗΣ ΠΝΠ ΦΕΚ 55/1-3-2020 ΄΄ΚΑΤΕΠΕΙΓΟΝΤΑ ΜΕΤΡΑ ΑΝΤΙΜΕΤΩΠΙΣΗΣ ΤΩΝ ΑΡΝΗΤΙΚΩΝ ΣΥΝΕΠΕΙΩΝ ΤΗΣ ΕΜΦΑΝΙΣΗΣ COVID-19,999501452,ΓΕΝΙΚΟ ΝΟΣΟΚΟΜΕΙΟ ΒΟΛΟΥ,686.29,self-referential (payroll/EFKA/FMY remittance)
Ρ81Μ4690ΒΩ-ΕΩΖ,2025-04-30,ΑΠΟΔΟΣΗ ΥΠΕΡ Μ.Τ.Π.Υ. ΚΑΙ ΛΟΙΠΩΝ ΑΣΦΑΛΙΣΤΙΚΩΝ ΤΑΜΕΙΩΝ ΕΠΙ ΕΞΟΦΛΗΘΕΝΤΩΝ ΧΕ ΜΙΣΘΟΔΟΣΙΑΣ ΤΟΝ ΜΗΝΑ ΑΠΡΙΛΙΟ 2025 ΜΕΣΩ ΕΑΠ (Φ 100),999501452,ΓΕΝΙΚΟ ΝΟΣΟΚΟΜΕΙΟ ΒΟΛΟΥ,3452.34,self-referential (payroll/EFKA/FMY remittance)
Ρ81Μ4690ΒΩ-ΕΩΖ,2025-04-30,ΑΠΟΔΟΣΗ ΥΠΕΡ Μ.Τ.Π.Υ. ΚΑΙ ΛΟΙΠΩΝ ΑΣΦΑΛΙΣΤΙΚΩΝ ΤΑΜΕΙΩΝ ΕΠΙ ΕΞΟΦΛΗΘΕΝΤΩΝ ΧΕ ΜΙΣΘΟΔΟΣΙΑΣ ΤΟΝ ΜΗΝΑ ΑΠΡΙΛΙΟ 2025 ΜΕΣΩ ΕΑΠ (Φ 100),999501452,ΓΕΝΙΚΟ ΝΟΣΟΚΟΜΕΙΟ ΒΟΛΟΥ,3544.76,self-referential (payroll/EFKA/FMY remittance)
Ρ81Μ4690ΒΩ-ΕΩΖ,2025-04-30,ΑΠΟΔΟΣΗ ΥΠΕΡ Μ.Τ.Π.Υ. ΚΑΙ ΛΟΙΠΩΝ ΑΣΦΑΛΙΣΤΙΚΩΝ ΤΑΜΕΙΩΝ ΕΠΙ ΕΞΟΦΛΗΘΕΝΤΩΝ ΧΕ ΜΙΣΘΟΔΟΣΙΑΣ ΤΟΝ ΜΗΝΑ ΑΠΡΙΛΙΟ 2025 ΜΕΣΩ ΕΑΠ (Φ 100),999501452,ΓΕΝΙΚΟ ΝΟΣΟΚΟΜΕΙΟ ΒΟΛΟΥ,59555.18,self-referential (payroll/EFKA/FMY remittance)
Ρ81Μ4690ΒΩ-ΕΩΖ,2025-04-30,ΑΠΟΔΟΣΗ ΥΠΕΡ Μ.Τ.Π.Υ. ΚΑΙ ΛΟΙΠΩΝ ΑΣΦΑΛΙΣΤΙΚΩΝ ΤΑΜΕΙΩΝ ΕΠΙ ΕΞΟΦΛΗΘΕΝΤΩΝ ΧΕ ΜΙΣΘΟΔΟΣΙΑΣ ΤΟΝ ΜΗΝΑ ΑΠΡΙΛΙΟ 2025 ΜΕΣΩ ΕΑΠ (Φ 100),999501452,ΓΕΝΙΚΟ ΝΟΣΟΚΟΜΕΙΟ ΒΟΛΟΥ,65864.51,self-referential (payroll/EFKA/FMY remittance)
ΡΘΦΨ4690ΒΩ-ΕΘΩ,2025-04-30,"ΚΑΤΑΒΟΛΗ ΠΟΣΟΥ ΛΟΓΩ ΕΚΠΡΟΘΕΣΜΗΣ ΥΠΟΒΟΛΗΣ ΦΜΥ (12/2021 , 9/2022 )",999501452,ΓΕΝΙΚΟ ΝΟΣΟΚΟΜΕΙΟ ΒΟΛΟΥ,307.20,self-referential (payroll/EFKA/FMY remittance)
ΨΝΨ14690ΒΩ-Ζ3Ψ,2026-02-19,ΑΜΟΙΒΗ ΛΟΙΠΟΥ ΠΡΟΣΩΠΙΚΟΥ ΤΟΥΣ ΜΗΝΕΣ ΙΟΥΛΙΟ - ΑΥΓΟΥΣΤΟ 2025 ΣΤΟ ΠΛΑΙΣΙΟ ΤΟΥ ΕΡΓΟΥ ΄΄ ΟΡΓΑΝΩΤΙΚΕΣ ΚΑΙ ΛΟΙΠΕΣ ΠΑΡΑΜΒΑΣΕΙΣ ΓΙΑ ΤΗΝ ΕΠΙΤΑΧΥΝΣΗ ΤΩΝ ΕΚΚΡΕΜΩΝ ΕΠΕΜΒΑΣΕΩΝ ΤΗΣ ΛΙΣΤΑΣ ΧΕΙΡΟΥΡΓΕΙΩΝ ΄΄ ΜΕ ΚΩΔΙΚΟ ΟΠΣ 5223768,999501452,ΓΕΝΙΚΟ ΝΟΣΟΚΟΜΕΙΟ ΒΟΛΟΥ,1170.00,self-referential (payroll/EFKA/FMY remittance)
62ΓΓ4690ΒΩ-ΤΨΙ,2026-02-19,ΑΜΟΙΒΗ ΙΑΤΡΙΚΟΥ ΠΡΟΣΩΠΙΚΟΥ ΤΟΥΣ ΜΗΝΕΣ ΙΟΥΛΙΟ - ΑΥΓΟΥΣΤΟ 2025 ΣΤΟ ΠΛΑΙΣΙΟ ΤΟΥ ΕΡΓΟΥ ΄΄ ΟΡΓΑΝΩΤΙΚΕΣ ΚΑΙ ΛΟΙΠΕΣ ΠΑΡΑΜΒΑΣΕΙΣ ΓΙΑ ΤΗΝ ΕΠΙΤΑΧΥΝΣΗ ΤΩΝ ΕΚΚΡΕΜΩΝ ΕΠΕΜΒΑΣΕΩΝ ΤΗΣ ΛΙΣΤΑΣ ΧΕΙΡΟΥΡΓΕΙΩΝ ΄΄ ΜΕ ΚΩΔΙΚΟ ΟΠΣ 5223768 ΛΟΙΠΕΣ ΔΑΠΑΝΕΣ ΝΟΣ,999501452,ΓΕΝΙΚΟ ΝΟΣΟΚΟΜΕΙΟ ΒΟΛΟΥ,2810.00,self-referential (payroll/EFKA/FMY remittance)
ΨΟ9Ι4690ΒΩ-ΛΕ4,2026-02-20,ΧΕ ΠΡΟΠΛΗΡΩΜΗΣ ΣΤΟΝ ΑΛΕ 24201030001001 ΄΄ΤΑΧΥΔΡΟΜΙΚΑ ΤΕΛΗ ΄΄ ΜΕ ΥΠΟΛΟΓΟ ΤΗ ΥΠΑΛΛΗΛΟ ΤΟΥ ΓΝΒ κ. ΓΑΤΣΙΟΥ ΑΘΗΝΑ ΚΑΙ ΗΜΕΡΟΜΗΝΙΑ ΑΠΟΔΟΣΗΣ ΤΗΝ 31/12/2026,999501452,ΓΕΝΙΚΟ ΝΟΣΟΚΟΜΕΙΟ ΒΟΛΟΥ,1000.00,self-referential (payroll/EFKA/FMY remittance)
ΡΠΘΦ4690ΒΩ-609,2026-02-20,ΧΕ ΠΡΟΠΛΗΡΩΜΗΣ ΣΤΟΝ ΑΛΕ 24204040001001 ΄΄ΕΞΟΔΑ ΚΙΝΗΣΗΣ ΥΠΑΛΛΗΛΛΩΝ ΠΟΥ ΜΕΤΑΚΙΝΟΥΝΤΑΙ ΕΝΤΟΣ ΕΔΡΑΣ ΓΙΑ ΕΚΤΕΛΕΣΗ ΥΠΗΡΕΣΙΑΣ΄΄ ΜΕ ΥΠΟΛΟΓΟ ΤΗ ΥΠΑΛΛΗΛΟ ΤΟΥ ΓΝΒ κ. ΓΑΤΣΙΟΥ ΑΘΗΝΑ ΚΑΙ ΗΜΕΡΟΜΗΝΙΑ ΑΠΟΔΟΣΗΣ ΤΗΝ 31/12/2026,999501452,ΓΕΝΙΚΟ ΝΟΣΟΚΟΜΕΙΟ ΒΟΛΟΥ,400.00,self-referential (payroll/EFKA/FMY remittance)
ΡΟΓΨ4690ΒΩ-ΤΣ4,2026-02-20,"ΧΕ ΠΡΟΠΛΗΡΩΜΗΣ ΣΤΟΝ ΑΛΕ 24209070001001 "" ΕΞΟΔΑ ΓΙΑ ΕΚΘΕΣΕΙΣ ΕΚΔΗΛΩΣΕΙΣ & ΣΥΝΕΔΡΙΑ"" ΜΕ ΥΠΟΛΟΓΟ ΤΗΝ ΥΠΑΛΛΗΛΟ ΤΟΥ ΓΝΒ κ. ΤΣΑΚΑΛΟΥ ΑΙΚΑΤΕΡΙΝΗ ΤΟΥ ΠΑΝΑΓΙΩΤΗ & ΗΜΕΡΟΜΗΝΙΑ ΑΠΟΔΟΣΗΣ 31/12/2026",999501452,ΓΕΝΙΚΟ ΝΟΣΟΚΟΜΕΙΟ ΒΟΛΟΥ,1000.00,self-referential (payroll/EFKA/FMY remittance)
ΨΦ0Φ4690ΒΩ-ΞΕ9,2026-02-20,"ΧΕ ΠΡΟΠΛΗΡΩΜΗΣ ΣΤΟΝ ΑΛΕ 24203010001001 "" ΕΞΟΔΑ ΣΥΝΤΗΡΗΣΗΣ & ΕΠΙΣΚΕΥΗΣ ΚΤΙΡΙΩΝ"" ΜΕ ΥΠΟΛΟΓΟ ΤΟΝ ΥΠΑΛΛΗΛΟ ΤΟΥ ΓΝΒ ΔΑΟΥΚΟΠΟΥΛΟ ΜΑΡΙΟ-ΡΕΝΑΤΟ τ. ΑΠΟΣΤΟΛΟΥ & ΗΜΕΡΟΜΗΝΙΑ ΑΠΟΔΟΣΗΣ ΤΗΝ 31/12/206",999501452,ΓΕΝΙΚΟ ΝΟΣΟΚΟΜΕΙΟ ΒΟΛΟΥ,7000.00,self-referential (payroll/EFKA/FMY remittance)
ΨΘΕΕ4690ΒΩ-ΑΕΝ,2026-02-20,ΧΕ ΠΡΟΠΛΗΡΩΜΗΣ ΣΤΟΝ ΑΛΕ 24209890001001 ΄΄ ΛΟΙΠΕΣ ΔΑΠΑΝΕΣ΄΄ ΜΕ ΥΠΟΛΟΓΟ ΤΗΝ ΥΠΑΛΛΗΛΟ ΤΟΥ ΓΝΒ κ. ΔΙΑΜΑΝΤΑΚΟΥ ΑΙΚΑΤΕΡΙΝΗ τ. ΜΙΧΑΗΛ ΚΑΙ ΗΜΕΡΟΜΗΝΙΑ ΑΠΟΔΟΣΗΣ ΤΗΝ 31/12/2026,999501452,ΓΕΝΙΚΟ ΝΟΣΟΚΟΜΕΙΟ ΒΟΛΟΥ,3500.00,self-referential (payroll/EFKA/FMY remittance)
9Α4Θ4690ΒΩ-3ΥΓ,2026-02-20,ΧΕ ΠΡΟΠΛΗΡΩΜΗΣ ΣΤΟΝ ΑΛΕ 24101030001001 ΄΄ΑΝΑΛΩΣΙΜΑ ΥΠΟΛΟΓΙΣΤΩΝ & ΤΕΧΝΟΛΟΓΙΑΣ ΄΄ ΜΕ ΥΠΟΛΟΓΟ ΤΗΝ ΥΠΑΛΛΗΛΟ ΤΟΥ ΓΝΒ κ. ΚΟΛΗΜΗΤΡΑ ΚΥΡΑΤΣΩ ΚΑΙ ΗΜΕΡΟΜΗΝΙΑ ΑΠΟΔΟΣΗΣ ΤΗΝ 31/12/2026,999501452,ΓΕΝΙΚΟ ΝΟΣΟΚΟΜΕΙΟ ΒΟΛΟΥ,2000.00,self-referential (payroll/EFKA/FMY remittance)
91ΚΨ4690ΒΩ-ΝΗΕ,2026-02-20,ΧΕ ΠΡΟΠΛΗΡΩΜΗΣ ΣΤΟΝ ΑΛΕ 32302030001001 ΄΄ ΠΡΟΜΗΘΕΙΑ ΥΓΕΙΟΝΟΜΙΚΟY ΥΛΙΚΟY΄΄ ΜΕ ΥΠΟΛΟΓΟ ΤΟΝ ΔΙΟΙΚΗΤΙΚΟ ΥΠΑΛΛΗΛΟ ΤΟΥ ΓΝΒ ΑΛΕΞΙΟΥ ΑΡΙΣΤΟΜΕΝΗ ΚΑΙ ΗΜΕΡΟΜΗΝΙΑ ΑΠΟΔΟΣΗΣ ΤΗΝ 31/12/2026,999501452,ΓΕΝΙΚΟ ΝΟΣΟΚΟΜΕΙΟ ΒΟΛΟΥ,7000.00,self-referential (payroll/EFKA/FMY remittance)
ΨΓΣΟ4690ΒΩ-ΛΨ2,2026-02-20,ΧΕ ΠΡΟΠΛΗΡΩΜΗΣ ΣΤΟΝ ΑΛΕ 32302020001001 ΄΄ΠΡΟΜΗΘΕΙΑ ΦΑΡΜΑΚΕΥΤΙΚΟΥ ΥΛΙΚΟΥ (ΠΛΗΝ ΦΥΚ) ΄΄ ΜΕ ΥΠΟΛΟΓΟ ΤΟΝ ΦΑΡΜΑΚΟΠΟΙΟ ΤΟΥ ΓΝΒ κ. ΤΣΙΑΡΑ ΧΡΗΣΤΟ ΚΑΙ ΗΜΕΡΟΜΗΝΙΑ ΑΠΟΔΟΣΗΣ ΤΗΝ 31/12/2026,999501452,ΓΕΝΙΚΟ ΝΟΣΟΚΟΜΕΙΟ ΒΟΛΟΥ,3500.00,self-referential (payroll/EFKA/FMY remittance)
68ΞΚ4690ΒΩ-6ΜΩ,2026-02-20,ΧΕ ΠΡΟΠΛΗΡΩΜΗΣ ΣΤΟΝ ΑΛΕ 24101060001001 ΄΄ ΥΛΙΚΑ ΣΥΝΤΗΡΗΣΗΣ ΚΑΙ ΕΠΙΣΚΕΥΗΣ ΚΤΙΡΙΩΝ & ΕΡΓΩΝ ΥΠΟΔΟΜΩΝ ΄΄ ΜΕ ΥΠΟΛΟΓΟ ΤΗΝ ΥΠΑΛΛΗΛΟ ΤΟΥ ΓΝΒ κ. ΔΑΟΥΚΟΠΟΥΛΟ ΜΑΡΙΟ-ΡΕΝΑΤΟ ΚΑΙ ΗΜΕΡΟΜΗΝΙΑ ΑΠΟΔΟΣΗΣ ΤΗΝ 31/12/2026,999501452,ΓΕΝΙΚΟ ΝΟΣΟΚΟΜΕΙΟ ΒΟΛΟΥ,7000.00,self-referential (payroll/EFKA/FMY remittance)
Ψ32Γ4690ΒΩ-Δ71,2026-02-20,ΧΕ ΠΡΟΠΛΗΡΩΜΗΣ ΣΤΟΝ ΑΛΕ 31203010001001 ΄΄ ΠΡΟΜΗΘΕΙΑ Η/Υ ΛΟΓΙΣΜΙΚΟΥ ΚΑΙ ΛΟΙΠΟΥ ΣΥΝΑΦΟΥΣ ΒΟΗΘΗΤΙΚΟΥ ΕΞΟΠΛΙΣΜΟΥ ΄΄ ΜΕ ΥΠΟΛΟΓΟ ΤΟΝ ΠΡΟΪΣΤΑΜΕΝΟ ΤΟΥ ΤΜΗΜΑΤΟΣ ΠΛΗΡΟΦΟΡΙΚΗΣ ΤΟΥ ΓΝΒ κ. ΓΟΥΝΑΡΗ ΚΩΝ/ΝΟ ΚΑΙ ΗΜΕΡΟΜΗΝΙΑ ΑΠΟΔΟΣΗΣ ΤΗΝ 31/12/2026,999501452,ΓΕΝΙΚΟ ΝΟΣΟΚΟΜΕΙΟ ΒΟΛΟΥ,500.00,self-referential (payroll/EFKA/FMY remittance)
95ΒΛ4690ΒΩ-ΔΞΤ,2026-02-20,ΧΕ ΠΡΟΠΛΗΡΩΜΗΣ ΣΤΟΝ ΑΛΕ 24203040001001 ΄΄ΛΟΙΠΕΣ ΠΡΟΜΗΘΕΙΕΣ ΕΙΔΩΝ ΣΥΝΤΗΡΗΣΗΣ ΚΑΙ ΕΠΙΣΚΕΥΗΣ ΜΗΧΑΝΙΚΟΥ ΚΑΙ ΛΟΙΠΟΥ ΕΞΟΠΛΙΣΜΟΥ ΄΄ ΜΕ ΥΠΟΛΟΓΟ ΤΟΝ ΥΠΑΛΛΗΛΟ ΤΟΥ ΓΝΒ κ. ΓΟΥΡΓΟΥΛΙΑΝΗ ΕΥΑΓΓΕΛΟ ΚΑΙ ΗΜΕΡΟΜΗΝΙΑ ΑΠΟΔΟΣΗΣ ΤΗΝ 31/12/2026,999501452,ΓΕΝΙΚΟ ΝΟΣΟΚΟΜΕΙΟ ΒΟΛΟΥ,4500.00,self-referential (payroll/EFKA/FMY remittance)
Ψ9414690ΒΩ-40Μ,2026-02-20,ΧΕ ΠΡΟΠΛΗΡΩΜΗΣ ΣΤΟΝ ΑΛΕ 24101890001001 ΄΄ ΛΟΙΠΑ ΑΝΑΛΩΣΙΜΑ ΥΛΙΚΑ΄΄ ΜΕ ΥΠΟΛΟΓΟ ΤΗΝ ΥΠΑΛΛΗΛΟ ΤΟΥ ΓΝΒ ΣΑΜΑΡΑ ΣΤΑΥΡΟΥΛΑ ΚΑΙ ΗΜΕΡΟΜΗΝΙΑ ΑΠΟΔΟΣΗΣ ΤΗΝ 31/12/2026,999501452,ΓΕΝΙΚΟ ΝΟΣΟΚΟΜΕΙΟ ΒΟΛΟΥ,1000.00,self-referential (payroll/EFKA/FMY remittance)
9ΨΨΛ4690ΒΩ-ΟΟ0,2026-02-20,ΧΕ ΠΡΟΠΛΗΡΩΜΗΣ ΣΤΟΝ ΑΛΕ 24101100001001 ΄΄ΕΙΔΗ ΔΙΑΤΡΟΦΗΣ ΠΡΟΣ ΑΜΕΣΗ ΑΝΑΛΩΣΗ΄΄ ΜΕ ΥΠΟΛΟΓΟ ΤΗΝ ΥΠΑΛΛΗΛΟ ΤΟΥ ΓΝΒ κ. ΤΑΣΙΟΠΟΥΛΟΥ ΙΩΑΝΝΑ ΚΑΙ ΗΜΕΡΟΜΗΝΙΑ ΑΠΟΔΟΣΗΣ ΤΗΝ 31/12/2026,999501452,ΓΕΝΙΚΟ ΝΟΣΟΚΟΜΕΙΟ ΒΟΛΟΥ,3500.00,self-referential (payroll/EFKA/FMY remittance)
9ΡΚΥ4690ΒΩ-9ΔΜ,2026-02-20,ΧΕ ΠΡΟΠΛΗΡΩΜΗΣ ΣΤΟΝ ΑΛΕ 24101080001001 ΄΄ΥΛΙΚΑ ΣΥΝΤΗΡΗΣΗΣ ΚΑΙ ΕΠΙΣΚΕΥΗΣ ΛΟΙΠΟΥ ΕΞΟΠΛΙΣΜΟΥ ΄΄ ΜΕ ΥΠΟΛΟΓΟ ΤΟΝ ΥΠΑΛΛΗΛΟ ΤΟΥ ΓΝΒ κ. ΓΟΥΡΓΟΥΛΙΑΝΗ ΕΥΑΓΓΕΛΟ ΚΑΙ ΗΜΕΡΟΜΗΝΙΑ ΑΠΟΔΟΣΗΣ ΤΗΝ 31/12/2026,999501452,ΓΕΝΙΚΟ ΝΟΣΟΚΟΜΕΙΟ ΒΟΛΟΥ,5500.00,self-referential (payroll/EFKA/FMY remittance)
637Δ4690ΒΩ-ΚΩ7,2026-02-17,ΑΜΟΙΒΗ ΙΑΤΡΙΚΟΥ ΠΡΟΣΩΠΙΚΟΥ ΟΛΟΗΜΕΡΩΝ ΙΑΤΡΕΙΩΝ ΑΠΟ ΔΙΑΓΝΩΣΤΙΚΕΣ ΕΞΕΤΑΣΕΙΣ INVIVO ΑΠΟ ΕΟΠΥΥ ΓΙΑ ΤΗΝ ΠΕΡΙΟΔΟ ΑΠΟ ΜΑΡΤΙΟ 2022 ΕΩΣ ΜΑΪΟ 2023,,,,no sponsor block
ΨΣΝΤ4690ΒΩ-64Δ,2026-02-17,ΑΜΟΙΒΗ ΙΑΤΡΙΚΟΥ ΠΡΟΣΩΠΙΚΟΥ ΟΛΟΗΜΕΡΩΝ ΙΑΤΡΕΙΩΝ ΑΠΟ ΠΑΡΑΚΛΙΝΙΚΕΣ ΕΞΕΤΑΣΕΙΣ INVIVO ΑΝΑΣΦΑΛΙΣΤΩΝ ΕΛΛΗΝΩΝ ΔΙΚΑΙΟΥΧΩΝ ΤΟΥ Ν. 4368/2016 ΓΙΑ ΤΗΝ ΠΕΡΙΟΔΟ ΑΠΟ ΜΑΡΤΙΟ 2022 ΕΩΣ ΜΑΪΟ 2023,,,,no sponsor block
9ΩΣΑ4690ΒΩ-ΞΨΨ,2026-02-17,ΕΦΗΜΕΡΙΕΣ (ΥΠΕΡΒΑΛΛΟΥΣΕΣ) ΙΑΤΡΙΚΟΥ ΠΡΟΣΩΠΙΚΟΥ ΜΗΝΟΣ ΟΚΤΩΒΡΙΟΥ 2025,,,,no sponsor block
ΨΧΝΖ4690ΒΩ-86Η,2026-02-17,ΕΦΗΜΕΡΙΕΣ (ΥΠΕΡΒΑΛΛΟΥΣΕΣ) ΙΑΤΡΙΚΟΥ ΕΠΙΚΟΥΡΙΚΟΥ ΠΡΟΣΩΠΙΚΟΥ ΜΕ ΣΧΕΣΗ ΕΡΓΑΣΙΑΣ ΙΔΟΧ ΜΗΝΟΣ ΟΚΤΩΒΡΙΟΥ 2025 «ΕΝΙΣΧΥΣΗ ΤΩΝ ΦΟΡΕΩΝ ΥΓΕΙΑΣ ΜΕ ΕΠΙΚΟΥΡΙΚΟ ΠΡΟΣΩΠΙΚΟ ΓΙΑ ΤΗΝ ΑΝΤΑΠΟΚΡΙΣΗ ΣΤΙΣ ΑΝΑΓΚΕΣ ΛΟΓΩ ΤΗΣ ΕΠΙΔΗΜΙΑΣ COVID-19 ΣΤΗΝ ΠΕΡΙΦΕΡΕΙΑ ΘΕΣΣΑΛΙΑΣ» ΜΕ ΚΩΔΙΚΟ ΟΠΣ 5070510 ΣΤΟ ΕΠΙΧΕΙΡΗΣΙΑΚΟ ΠΡΟΓΡΑΜΜΑ «ΠΕΡΙΦΕΡΕΙΑΚΟ ΕΠΙΧΕΙΡΗΣΙΑΚΟ ΠΡΟΓΡΑΜΜΑ ΘΕΣΣΑΛΙΑΣ 2014 ΜΕ ΠΑΡΑΤΑΣΗ ΣΥΜΒΑΣΕΩΝ ΕΩΣ 31/12/2025 ΣΥΜΦΩΝΑ ΜΕ ΤΙΣ ΔΙΑΤΑΞΕΙΣ ΤΟΥ Ν.5161/2024 (ΦΕΚ 196/29-11-2024/τ.Α΄) .,,,,no sponsor block
ΨΩΜΕ4690ΒΩ-ΖΨΧ,2026-02-17,"ΕΙΣΦΟΡΕΣ ΥΠΕΡ ΕΦΚΑ ΔΙΕΚ (260,50) & ΙΕΚ (58,85) ΜΗΝΟΣ ΙΑΝΟΥΑΡΙΟΥ 2026",,,,no sponsor block
ΨΖΠΩ4690ΒΩ-ΚΒΟ,2026-02-12,ΑΜΟΙΒΗ ΙΑΤΡΩΝ ΟΛΟΗΜΕΡΩΝ ΙΑΤΡΕΙΩΝ ΑΠΟ ΔΙΑΓΝΩΣΤΙΚΕΣ ΕΞΕΤΑΣΕΙΣ ( INVIVO - INVITRO)ΑΣΦΑΛΙΣΜΕΝΩΝ ΤΟΥ ΕΟΠΥΥ ΤΟΝ ΜΗΝΑ ΟΚΤΩΒΡΙΟ 2021,999501452,ΓΕΝΙΚΟ ΝΟΣΟΚΟΜΕΙΟ ΒΟΛΟΥ,10278.56,self-referential (payroll/EFKA/FMY remittance)
ΡΒ6Θ4690ΒΩ-ΖΞΥ,2026-02-11,ΧΕ ΠΡΟΠΛΗΡΩΜΗΣ ΣΤΟΝ ΑΛΕ 24204040001001 ΄΄ΟΔΟΙΠΟΡΙΚΑ ΕΞΟΔΑ ΜΕΤΑΚΙΝΗΣΗΣ ΓΙΑ ΕΚΤΕΛΕΣΗ ΥΠΗΡΕΣΙΑΣ ΣΤΟ ΕΣΩΤΕΡΙΚΟ ΄΄ ΜΕ ΥΠΟΛΟΓΟ ΤΗΝ ΥΠΑΛΛΗΛΟ ΤΟΥ ΓΝΒ ΔΙΑΜΑΝΤΑΚΟΥ ΑΙΚΑΤΕΡΙΝΗ ΚΑΙ ΗΜΕΡΟΜΗΝΙΑ ΑΠΟΔΟΣΗΣ ΤΗΝ 31/12/2026,,,,no sponsor block
ΨΜΙΩ4690ΒΩ-ΖΥΞ,2026-02-11,ΧΕ ΠΡΟΠΛΗΡΩΜΗΣ ΣΤΟΝ ΑΛΕ 24101160001001 ΄΄ΠΡΟΜΗΘΕΙΑ ΥΓΡΩΝ ΚΑΥΣΥΜΩΝ΄΄ ΜΕ ΥΠΟΛΟΓΟ ΤΗΝ ΥΠΑΛΛΗΛΟ ΤΟΥ ΓΝΒ κ. ΚΟΛΗΜΗΤΡΑ ΚΥΡΑΤΣΩ ΚΑΙ ΗΜΕΡΟΜΗΝΙΑ ΑΠΟΔΟΣΗΣ ΤΗΝ 31/12/2026,,,,no sponsor block
ΨΦΒ74690ΒΩ-ΛΣΒ,2026-02-11,ΑΜΟΙΒΗ ΙΑΤΡΩΝ ΟΛΟΗΜΕΡΩΝ ΙΑΤΡΕΙΩΝ ΑΠΟ ΔΙΑΓΝΩΣΤΙΚΕΣ ΕΞΕΑΣΕΙΣ ( INVIVO - INVITRO) ΑΣΦΑΛΙΣΜΕΝΩΝ ΤΟΥ ΕΟΠΥΥ ΤΟΝ ΜΗΝΑ ΣΕΠΤΕΜΒΡΙΟ 202,999501452,ΓΕΝΙΚΟ ΝΟΣΟΚΟΜΕΙΟ ΒΟΛΟΥ,6850.86,self-referential (payroll/EFKA/FMY remittance)
Ψ6ΠΝ4690ΒΩ-1ΞΞ,2026-02-11,ΑΜΟΙΒΗ ΙΑΤΡΩΝ ΟΛΟΗΜΕΡΩΝ ΙΑΤΡΕΙΩΝ ΑΠΟ ΔΙΑΓΝΩΣΤΙΚΕΣ ΕΞΕΤΑΣΕΙΣ ( INVIVO - INVITRO) ΑΣΦΑΛΙΣΜΕΝΩΝ ΤΟΥ ΕΟΠΥΥ ΤΟΝ ΜΗΝΑ ΝΟΕΜΒΡΙΟ 2021,999501452,ΓΕΝΙΚΟ ΝΟΣΟΚΟΜΕΙΟ ΒΟΛΟΥ,2945.56,self-referential (payroll/EFKA/FMY remittance)
ΨΙΑΒ4690ΒΩ-5Σ8,2026-02-11,ΑΜΟΙΒΗ ΛΟΙΠΟΥ ΠΡΟΣΩΠΙΚΟΥ ΟΛΟΗΜΕΡΩΝ ΙΑΤΡΕΙΩΝ ΑΠΟ ΠΑΡΑΚΛΙΝΙΚΕΣ ΕΞΕΤΑΣΕΙΣ ΑΝΑΣΦΑΛΙΣΤΩΝ ΕΛΛΗΝΩΝ ΔΙΚΑΙΟΥΧΩΝ ΤΟΥ Ν. 4368/2016 ΤΟΝ ΜΗΝΑ  ΝΟΕΜΒΡΙΟ 2021,999501452,ΓΕΝΙΚΟ ΝΟΣΟΚΟΜΕΙΟ ΒΟΛΟΥ,181.54,self-referential (payroll/EFKA/FMY remittance)
68ΑΔ4690ΒΩ-ΙΘΣ,2026-02-11,ΑΜΟΙΒΗ ΛΟΙΠΟΥ ΠΡΟΣΩΠΙΚΟΥ ΟΛΟΗΜΕΡΩΝ ΙΑΤΡΕΙΩΝ ΑΠΟ ΠΑΡΑΚΛΙΝΙΚΕΣ ΕΞΕΤΑΣΕΙΣ ΑΝΑΣΦΑΛΙΣΤΩΝ ΕΛΛΗΝΩΝ ΔΙΚΑΙΟΥΧΩΝ ΤΟΥ Ν. 4368/2016 ΤΟΝ ΜΗΝΑ  ΟΚΤΩΒΡΙΟ 2021,999501452,ΓΕΝΙΚΟ ΝΟΣΟΚΟΜΕΙΟ ΒΟΛΟΥ,636.97,self-referential (payroll/EFKA/FMY remittance)
ΨΥΦ04690ΒΩ-Ν6Ν,2026-02-11,ΑΜΟΙΒΗ ΛΟΙΠΟΥ ΠΡΟΣΩΠΙΚΟΥ ΟΛΟΗΜΕΡΩΝ ΙΑΤΡΕΙΩΝ ΑΠΟ ΠΑΡΑΚΛΙΝΙΚΕΣ ΕΞΕΤΑΣΕΙΣ ΑΝΑΣΦΑΛΙΣΤΩΝ ΕΛΛΗΝΩΝ ΔΙΚΑΙΟΥΧΩΝ ΤΟΥ Ν. 4368/2016 ΤΟΝ ΜΗΝΑ  ΣΕΠΤΕΜΒΡΙΟ 2021,999501452,ΓΕΝΙΚΟ ΝΟΣΟΚΟΜΕΙΟ ΒΟΛΟΥ,675.13,self-referential (payroll/EFKA/FMY remittance)
ΨΜΝΚ4690ΒΩ-Ψ96,2026-02-11,ΑΜΟΙΒΗ ΛΟΙΠΟΥ ΠΡΟΣΩΠΙΚΟΥ ΟΛΟΗΜΕΡΩΝ ΙΑΤΡΕΙΩΝ (INVIVO) ΑΠΟ ΔΙΑΓΝΩΣΤΙΚΕΣ ΕΞΕΤΑΣΕΙΣ ΑΣΦΑΛΙΣΜΕΝΩΝ ΤΟΥ ΕΟΠΥΥ ΤΟΝ ΜΗΝΑ ΝΟΕΜΒΡΙΟ 2021,999501452,ΓΕΝΙΚΟ ΝΟΣΟΚΟΜΕΙΟ ΒΟΛΟΥ,1251.26,self-referential (payroll/EFKA/FMY remittance)
ΨΧΩΘ4690ΒΩ-Ι2Τ,2026-02-11,: ΑΜΟΙΒΗ ΛΟΙΠΟΥ ΠΡΟΣΩΠΙΚΟΥ ΟΛΟΗΜΕΡΩΝ ΙΑΤΡΕΙΩΝ (INVITRO) ΑΠΟ ΔΙΑΓΝΩΣΤΙΚΕΣ ΕΞΕΤΑΣΕΙΣ  ΑΣΦΑΛΙΣΜΕΝΩΝ ΤΟΥ ΕΟΠΥΥ ΤΟΝ ΜΗΝΑ ΣΕΠΤΕΜΒΡΙΟ 2021,999501452,ΓΕΝΙΚΟ ΝΟΣΟΚΟΜΕΙΟ ΒΟΛΟΥ,3639.60,self-referential (payroll/EFKA/FMY remittance)
ΨΟΘΦ4690ΒΩ-ΝΡΩ,2026-02-11,ΑΜΟΙΒΗ ΛΟΙΠΟΥ ΠΡΟΣΩΠΙΚΟΥ ΟΛΟΗΜΕΡΩΝ ΙΑΤΡΕΙΩΝ (INVITRO) ΑΠΟ ΔΙΑΓΝΩΣΤΙΚΕΣ ΕΞΕΤΑΣΕΙΣ  ΑΣΦΑΛΙΣΜΕΝΩΝ ΤΟΥ ΕΟΠΥΥ ΤΟΝ ΜΗΝΑ ΣΕΠΤΕΜΒΡΙΟ 2021,999501452,ΓΕΝΙΚΟ ΝΟΣΟΚΟΜΕΙΟ ΒΟΛΟΥ,2377.12,self-referential (payroll/EFKA/FMY remittance)
ΨΕ8Ρ4690ΒΩ-ΤΔΤ,2026-02-09,ΕΦΗΜΕΡΙΕΣ ΙΑΤΡΩΝ ΕΣΥ ΜΗΝΟΣ ΔΕΚΕΜΒΡΙΟΥ 2025,999501452,ΓΕΝΙΚΟ ΝΟΣΟΚΟΜΕΙΟ ΒΟΛΟΥ,104581.14,self-referential (payroll/EFKA/FMY remittance)
65ΑΦ4690ΒΩ-ΧΒ2,2026-02-09,": ΕΦΗΜΕΡΙΕΣ ΙΑΤΡΙΚΟΥ ΕΠΙΚΟΥΡΙΚΟΥ ΠΡΟΣΩΠΙΚΟΥ ΜΕ ΣΧΕΣΗ ΕΡΓΑΣΙΑΣ ΙΔΟΧ ΜΗΝΟΣ  ΔΕΚΕΜΒΡΙΟΥ 2025 «ΕΝΙΣΧΥΣΗ ΤΩΝ ΦΟΡΕΩΝ ΥΓΕΙΑΣ ΜΕ ΕΠΙΚΟΥΡΙΚΟ ΠΡΟΣΩΠΙΚΟ ΓΙΑ ΤΗΝ ΑΝΤΑΠΟΚΡΙΣΗ ΣΤΙΣ ΑΝΑΓΚΕΣ ΛΟΓΩ ΤΗΣ ΕΠΙΔΗΜΙΑΣ COVID-19 ΣΤΗΝ ΠΕΡΙΦΕΡΕΙΑ ΘΕΣΣΑΛΙΑΣ» ΜΕ ΚΩΔΙΚΟ ΟΠΣ 5070510 ΣΤΟ ΕΠΙΧΕΙΡΗΣΙΑΚΟ ΠΡΟΓΡΑΜΜΑ «ΠΕΡΙΦΕΡΕΙΑΚΟ ΕΠΙΧΕΙΡΗΣΙΑΚΟ ΠΡΟΓΡΑΜΜΑ ΘΕΣΣΑΛΙΑΣ""  2014 ΜΕ ΠΑΡΑΤΑΣΗ ΣΥΜΒΑΣΕΩΝ  ΕΩΣ 31/12/2025 ΣΥΜΦΩΝΑ ΜΕ ΤΙΣ ΔΙΑΤΑΞΕΙΣ ΤΟΥ ΝΟΜΟΥ 5161/2024 (ΦΕΚ196/29-11-2024/Τ.Α΄) ΠΑΡ.2 ΤΟΥ ΑΡΘΡΟΥ 27",999501452,ΓΕΝΙΚΟ ΝΟΣΟΚΟΜΕΙΟ ΒΟΛΟΥ,3556.57,self-referential (payroll/EFKA/FMY remittance)
97ΙΜ4690ΒΩ-ΖΝΝ,2026-02-09,"ΕΦΗΜΕΡΙΕΣ ΙΑΤΡΙΚΟΥ ΕΠΙΚΟΥΡΙΚΟΥ ΠΡΟΣΩΠΙΚΟΥ ΜΕ ΣΧΕΣΗ ΕΡΓΑΣΙΑΣ ΙΔΟΧ ΜΗΝΟΣ  ΔΕΚΕΜΒΡΙΟΥ 2025 «ΕΝΙΣΧΥΣΗ ΤΩΝ ΦΟΡΕΩΝ ΥΓΕΙΑΣ ΜΕ ΕΠΙΚΟΥΡΙΚΟ ΠΡΟΣΩΠΙΚΟ ΓΙΑ ΤΗΝ ΑΝΤΑΠΟΚΡΙΣΗ ΣΤΙΣ ΑΝΑΓΚΕΣ ΛΟΓΩ ΤΗΣ ΕΠΙΔΗΜΙΑΣ COVID-19 ΣΤΗΝ ΠΕΡΙΦΕΡΕΙΑ ΘΕΣΣΑΛΙΑΣ» ΜΕ ΚΩΔΙΚΟ ΟΠΣ 5070510 ΣΤΟ ΕΠΙΧΕΙΡΗΣΙΑΚΟ ΠΡΟΓΡΑΜΜΑ «ΠΕΡΙΦΕΡΕΙΑΚΟ ΕΠΙΧΕΙΡΗΣΙΑΚΟ ΠΡΟΓΡΑΜΜΑ ΘΕΣΣΑΛΙΑΣ""  2014 ΜΕ ΠΑΡΑΤΑΣΗ ΣΥΜΒΑΣΕΩΝ  ΕΩΣ 31/12/2025 ΣΥΜΦΩΝΑ ΜΕ ΤΙΣ ΔΙΑΤΑΞΕΙΣ ΤΟΥ ΝΟΜΟΥ 5161/2024 (ΦΕΚ196/29-11-2024/Τ.Α΄) ΠΑΡ.2 ΤΟΥ ΑΡΘΡΟΥ 27",999501452,ΓΕΝΙΚΟ ΝΟΣΟΚΟΜΕΙΟ ΒΟΛΟΥ,2130.76,self-referential (payroll/EFKA/FMY remittance)
ΨΖΜ04690ΒΩ-ΤΕΨ,2026-02-09,ΕΦΗΜΕΡΙΕΣ ΕΙΔΙΚΕΥΟΜΕΝΩΝ ΙΑΤΡΩΝ  ΜΗΝΟΣ ΔΕΚΕΜΒΡΙΟΥ 2025,999501452,ΓΕΝΙΚΟ ΝΟΣΟΚΟΜΕΙΟ ΒΟΛΟΥ,76060.50,self-referential (payroll/EFKA/FMY remittance)
9ΠΩΧ4690ΒΩ-ΥΟΕ,2026-02-09,ΕΦΗΜΕΡΙΕΣ ΜΕΤΑΚΙΝΟΥΜΕΝΩΝ ΙΑΤΡΩΝ ΤΟΥ Π.Ε.Δ.Υ ΓΙΑ ΚΑΛΥΨΗ ΕΦΗΜΕΡΙΩΝ ΣΤΟ ΓΝΒ ΤΟΝ ΜΗΝΑ  ΔΕΚΕΜΒΡΙΟ 2025,999501452,ΓΕΝΙΚΟ ΝΟΣΟΚΟΜΕΙΟ ΒΟΛΟΥ,11473.68,self-referential (payroll/EFKA/FMY remittance)
9ΒΟ94690ΒΩ-ΚΒΤ,2026-02-09,"ΚΑΤΑΒΟΛΗ ΕΚΤΑΚΤΗΣ ΟΙΚΟΝΟΜΙΚΗΣ ΕΝΙΣΧΥΣΗΣ ΕΦΗΜΕΡΙΩΝ ΙΑΤΡΩΝ ΕΣΥ ΣΥΜΦΩΝΑ ΜΕ ΤΙΣ ΔΙΑΤΑΞΕΙΣ ΤΩΝ ΑΡΘΡΩΝ 88,89 ΚΑΙ 90 ΤΟΥ Ν.4850/2021 ΦΕΚ 208/τ. Α΄ ΜΗΝΟΣ  ΔΕΚΕΜΒΡΙΟΥ  2025",999501452,ΓΕΝΙΚΟ ΝΟΣΟΚΟΜΕΙΟ ΒΟΛΟΥ,5250.00,self-referential (payroll/EFKA/FMY remittance)
Ψ4ΠΑ4690ΒΩ-6Ι4,2026-02-09,ΠΡΟΣΘΕΤΕΣ ΑΜΟΙΒΕΣ ΛΟΙΠΟΥ ΕΠΙΚΟΥΡΙΚΟΥ ΠΡΟΣΩΠΙΚΟΥ ΜΕ ΣΧΕΣΗ ΕΡΓΑΣΙΑΣ ΙΔΟΧ ΜΗΝΟΣ ΔΕΚΕΜΒΡΙΟΥ 2025«ΕΝΙΣΧΥΣΗ ΤΩΝ ΦΟΡΕΩΝ ΥΓΕΙΑΣ ΜΕ ΕΠΙΚΟΥΡΙΚΟ ΠΡΟΣΩΠΙΚΟ ΓΙΑ ΤΗΝ ΑΝΤΑΠΟΚΡΙΣΗ ΣΤΙΣ ΑΝΑΓΚΕΣ ΛΟΓΩ ΤΗΣ ΕΠΙΔΗΜΙΑΣ COVID-19 ΣΤΗΝ ΠΕΡΙΦΕΡΕΙΑ ΘΕΣΣΑΛΙΑΣ» ΜΕ ΚΩΔΙΚΟ ΟΠΣ 5070510 ΣΤΟ ΕΠΙΧΕΙΡΗΣΙΑΚΟ ΠΡΟΓΡΑΜΜΑ «ΠΕΡΙΦΕΡΕΙΑΚΟ ΕΠΙΧΕΙΡΗΣΙΑΚΟ ΠΡΟΓΡΑΜΜΑ ΘΕΣΣΑΛΙΑΣ 2014 ΜΕ ΠΑΡΑΤΑΣΗ ΣΥΜΒΑΣΕΩΝ  ΕΩΣ 31/12/2025 ΣΥΜΦΩΝΑ ΜΕ ΤΙΣ ΔΙΑΤΑΞΕΙΣ  ΤΟΥ Ν.5259/2025 ΑΡ.25 ΠΑΡ 2,999501452,ΓΕΝΙΚΟ ΝΟΣΟΚΟΜΕΙΟ ΒΟΛΟΥ,7181.54,self-referential (payroll/EFKA/FMY remittance)
ΨΡ0Χ4690ΒΩ-3Θ0,2026-02-09,: ΕΦΗΜΕΡΙΕΣ ΕΠΙΚΟΥΡΙΚΩΝ  ΙΑΤΡΩΝ ΕΣΥ ΜΗΝΟΣ ΔΕΚΕΜΒΡΙΟΥ 2025,999501452,ΓΕΝΙΚΟ ΝΟΣΟΚΟΜΕΙΟ ΒΟΛΟΥ,5326.90,self-referential (payroll/EFKA/FMY remittance)
950Η4690ΒΩ-4ΧΙ,2026-02-09,": ΠΡΟΣΘΕΤΕΣ ΑΜΟΙΒΕΣ ΛΟΙΠΟΥ (ΔΙΟΙΚΗΤΙΚΟ,ΝΟΣΗΛΕΥΤΙΚΟ,ΤΕΧΝΙΚΟ κ.λ.π.) ΠΡΟΣΩΠΙΚΟΥ ΨΥΧΙΚΗΣ ΥΓΕΙΑΣ ΜΗΝΟΣ ΔΕΚΕΜΒΡΙΟΥ 2025",999501452,ΓΕΝΙΚΟ ΝΟΣΟΚΟΜΕΙΟ ΒΟΛΟΥ,3477.25,self-referential (payroll/EFKA/FMY remittance)
9Η0Π4690ΒΩ-ΧΕΟ,2026-02-09,ΕΦΗΜΕΡΙΕΣ  ΕΠΙΣΤΗΜΟΝΙΚΟΥ ΠΡΟΣΩΠΙΚΟΥ  ΨΥΧΙΚΗΣ ΥΓΕΙΑΣ ΜΗΝΟΣ  ΔΕΚΕΜΒΡΙΟΥ 2025,999501452,ΓΕΝΙΚΟ ΝΟΣΟΚΟΜΕΙΟ ΒΟΛΟΥ,2939.65,self-referential (payroll/EFKA/FMY remittance)
9ΓΚΔ4690ΒΩ-ΒΩΧ,2026-02-09,ΕΦΗΜΕΡΙΕΣ ΕΠΙΣΤΗΜΟΝΙΚΟΥ ΠΡΟΣΩΠΙΚΟΥ ΜΗΝΟΣ ΔΕΚΕΜΒΡΙΟΥ 2025,999501452,ΓΕΝΙΚΟ ΝΟΣΟΚΟΜΕΙΟ ΒΟΛΟΥ,10678.78,self-referential (payroll/EFKA/FMY remittance)
9ΒΛ14690ΒΩ-Ι0Δ,2026-02-09,ΠΡΟΣΘΕΤΕΣ ΑΜΟΙΒΕΣ ΕΙΔΙΚΕΥΟΜΕΝΩΝ ΝΟΣΗΛΕΥΤΩΝ ΜΗΝΟΣ ΔΕΚΕΜΒΡΙΟΥ 2025 ΣΥΜΦΩΝΑ ΜΕ ΤΙΣ ΔΙΑΤΑΞΕΙΣ ΤΟΥ ΑΡΘΡΟΥ 58 ΤΟΥ Ν.4690/2020 (ΦΕΚ 104/Α/30-5-2020),999501452,ΓΕΝΙΚΟ ΝΟΣΟΚΟΜΕΙΟ ΒΟΛΟΥ,1933.64,self-referential (payroll/EFKA/FMY remittance)
9ΠΙΧ4690ΒΩ-ΘΞΖ,2026-02-09,ΠΡΟΣΘΕΤΕΣ ΑΜΟΙΒΕΣ ΙΔ. ΔΙΚΑΙΟΥ (ΑΟΡΙΣΤΟΥ-ΟΡΙΣΜΕΝΟΥ-ΑΤΟΜΙΚΕΣ ΣΥΜΒΑΣΕΙΣ) ΜΗΝΟΣ  ΔΕΚΕΜΒΡΙΟΥ 2025,999501452,ΓΕΝΙΚΟ ΝΟΣΟΚΟΜΕΙΟ ΒΟΛΟΥ,5067.02,self-referential (payroll/EFKA/FMY remittance)
9Φ434690ΒΩ-Ω4Δ,2026-02-09,ΠΡΟΣΘΕΤΕΣ ΑΜΟΙΒΕΣ ΛΟΙΠΟΥ  ΕΠΙΚΟΥΡΙΚΟΥ ΠΡΟΣΩΠΙΚΟΥ ΜΗΝΟΣ  ΔΕΚΕΜΒΡΙΟΥ 2025,999501452,ΓΕΝΙΚΟ ΝΟΣΟΚΟΜΕΙΟ ΒΟΛΟΥ,637.72,self-referential (payroll/EFKA/FMY remittance)
ΨΞΘΥ4690ΒΩ-5ΚΔ,2026-02-09,"ΠΡΟΣΘΕΤΕΣ ΑΜΟΙΒΕΣ ΛΟΙΠΟΥ ΜΟΝΙΜΟΥ (ΔΙΟΙΚΗΤΙΚΟΥ,ΝΟΣΗΛΕΥΤΙΚΟΥ κ.λ.π.) ΠΡΟΣΩΠΙΚΟΥ ΜΗΝΟΣ  ΔΕΚΕΜΒΡΙΟΥ 2025",999501452,ΓΕΝΙΚΟ ΝΟΣΟΚΟΜΕΙΟ ΒΟΛΟΥ,83756.18,self-referential (payroll/EFKA/FMY remittance)
9Ε3Κ4690ΒΩ-4ΟΒ,2026-02-09,ΠΡΟΣΘΕΤΕΣ ΑΜΟΙΒΕΣ ΛΟΙΠΟΥ ΕΠΙΚΟΥΡΙΚΟΥ ΠΡΟΣΩΠΙΚΟΥ ΔΕΚΕΜΒΡΙΟΥ 2025 ΣΥΜΦΩΝΑ ΜΕ ΤΙΣ ΔΙΑΤΑΞΕΙΣ ΤΟΥ ΠΝΠ ΤΗΣ ΠΑΡ. 2 ΑΡΘΡΟΥ 27 ΤΟΥ Ν 5161/2024 ΦΕΚ ΤΕΥΧΟΥΣ 196/29-11-2024 ΓΙΑ ΤΑ ΄΄ΚΑΤΕΠΕΙΓΟΝΤΑ ΜΕΤΡΑ ΑΝΤΙΜΕΤΩΠΙΣΗΣ ΤΩΝ ΑΡΝΗΤΙΚΩΝ ΣΥΝΕΠΕΙΩΝ ΤΗΣ ΕΜΦΑΝΙΣΗΣ COVID-19,999501452,ΓΕΝΙΚΟ ΝΟΣΟΚΟΜΕΙΟ ΒΟΛΟΥ,2384.40,self-referential (payroll/EFKA/FMY remittance)
Ψ9ΡΖ4690ΒΩ-ΞΒΟ,2026-02-09,ΑΜΟΙΒΗ ΙΑΤΡΙΚΟΥ ΠΡΟΣΩΠΙΚΟΥ ΟΛΟΗΜΕΡΩΝ ΙΑΤΡΕΙΩΝ ΑΠΟ ΠΑΡΑΚΛΙΝΙΚΕΣ ΕΞΕΤΑΣΕΙΣ ΑΝΑΣΦΑΛΙΣΤΩΝ ΕΛΛΗΝΩΝ ΔΙΚΑΙΟΥΧΩΝ ΤΟΥ Ν. 4368/2016 ΤΟΝ ΜΗΝΑ ΣΕΠΤΕΜΒΡΙΟΥ 2021,999501452,ΓΕΝΙΚΟ ΝΟΣΟΚΟΜΕΙΟ ΒΟΛΟΥ,1986.59,self-referential (payroll/EFKA/FMY remittance)
ΨΥ1Γ4690ΒΩ-Ι73,2026-02-09,ΑΜΟΙΒΗ ΙΑΤΡΙΚΟΥ ΠΡΟΣΩΠΙΚΟΥ ΟΛΟΗΜΕΡΩΝ ΙΑΤΡΕΙΩΝ ΑΠΟ ΠΑΡΑΚΛΙΝΙΚΕΣ ΕΞΕΤΑΣΕΙΣ ΑΝΑΣΦΑΛΙΣΤΩΝ ΕΛΛΗΝΩΝ ΔΙΚΑΙΟΥΧΩΝ ΤΟΥ Ν. 4368/2016 ΤΟΝ ΜΗΝΑ ΝΟΕΜΒΡΙΟ 2021,999501452,ΓΕΝΙΚΟ ΝΟΣΟΚΟΜΕΙΟ ΒΟΛΟΥ,587.84,self-referential (payroll/EFKA/FMY remittance)
9ΟΩΖ4690ΒΩ-ΙΓΣ,2026-02-09,ΑΜΟΙΒΗ ΙΑΤΡΙΚΟΥ ΠΡΟΣΩΠΙΚΟΥ ΟΛΟΗΜΕΡΩΝ ΙΑΤΡΕΙΩΝ ΑΠΟ ΠΑΡΑΚΛΙΝΙΚΕΣ ΕΞΕΤΑΣΕΙΣ ΑΝΑΣΦΑΛΙΣΤΩΝ ΕΛΛΗΝΩΝ ΔΙΚΑΙΟΥΧΩΝ ΤΟΥ Ν. 4368/2016 ΤΟΝ ΜΗΝΑ ΟΚΤΩΒΡΙΟ 2021,999501452,ΓΕΝΙΚΟ ΝΟΣΟΚΟΜΕΙΟ ΒΟΛΟΥ,2012.46,self-referential (payroll/EFKA/FMY remittance)
9Γ214690ΒΩ-ΛΔΝ,2026-02-06,"ΑΜΟΙΒΗ ΛΟΙΠΟΥ (ΔΙΟΙΚΗΤΙΚΟ,ΝΟΣΗΛΕΥΤΙΚΟ κ.λ.π)ΠΡΟΣΩΠΙΚΟΥ ΠΟΥ ΕΡΓΑΣΤΗΚΑΝ ΣΤΑ ΟΛΟΗΜΕΡΑ ΙΑΤΡΕΙΑ ΤΟΝ ΜΗΝΑ ΔΕΚΕΜΒΡΙΟ 2025",999501452,ΓΕΝΙΚΟ ΝΟΣΟΚΟΜΕΙΟ ΒΟΛΟΥ,1230.00,self-referential (payroll/EFKA/FMY remittance)
9ΨΘΙ4690ΒΩ-ΟΟΨ,2026-02-06,ΑΜΟΙΒΗ ΙΑΤΡΟΥ ΑΠΟ ΧΕΙΡΟΥΡΓΙΚΕΣ( ΟΔΟΝΤΙΑΤΡΙΚΕΣ ) ΠΡΑΞΕΙΣ ΑΣΦΑΛΙΣΜΕΝΩΝ ΤΟΥ ΕΟΠΥ ΤΟΝ ΜΗΝΑ ΙΟΥΝΙΟ 2021,999501452,ΓΕΝΙΚΟ ΝΟΣΟΚΟΜΕΙΟ ΒΟΛΟΥ,480.00,self-referential (payroll/EFKA/FMY remittance)
6ΑΨΖ4690ΒΩ-ΟΑΘ,2026-02-06,ΑΜΟΙΒΗ ΙΑΤΡΟΥ ΑΠΟ ΧΕΙΡΟΥΡΓΙΚΕΣ( ΟΔΟΝΤΙΑΤΡΙΚΕΣ ) ΠΡΑΞΕΙΣ ΑΣΦΑΛΙΣΜΕΝΩΝ ΤΟΥ ΕΟΠΥ ΤΟΝ ΜΗΝΑ ΜΑΪΟ 2021,999501452,ΓΕΝΙΚΟ ΝΟΣΟΚΟΜΕΙΟ ΒΟΛΟΥ,720.00,self-referential (payroll/EFKA/FMY remittance)
65ΓΤ4690ΒΩ-ΝΝ6,2026-02-06,ΑΜΟΙΒΗ ΙΑΤΡΟΥ ΑΠΟ ΧΕΙΡΟΥΡΓΙΚΕΣ( ΟΔΟΝΤΙΑΤΡΙΚΕΣ ) ΠΡΑΞΕΙΣ ΑΣΦΑΛΙΣΜΕΝΩΝ ΤΟΥ ΕΟΠΥ ΤΟΝ ΜΗΝΑ ΜΑΡΤΙΟ 2021,999501452,ΓΕΝΙΚΟ ΝΟΣΟΚΟΜΕΙΟ ΒΟΛΟΥ,120.00,self-referential (payroll/EFKA/FMY remittance)
ΨΙ8Ψ4690ΒΩ-ΟΩΙ,2026-02-06,ΑΜΟΙΒΗ ΙΑΤΡΟΥ ΑΠΟ ΧΕΙΡΟΥΡΓΙΚΕΣ( ΟΔΟΝΤΙΑΤΡΙΚΕΣ ) ΠΡΑΞΕΙΣ ΑΝΑΣΦΑΛΙΣΤΩΝ ΕΛΛΗΝΩΝ ΔΙΚΑΙΟΥΧΩΝ ΤΟΥ Ν. 4368/2016 ΤΟΝ ΜΗΝΑ ΙΟΥΛΙΟ 2021,999501452,ΓΕΝΙΚΟ ΝΟΣΟΚΟΜΕΙΟ ΒΟΛΟΥ,120.00,self-referential (payroll/EFKA/FMY remittance)
6ΝΤΕ4690ΒΩ-6ΛΛ,2026-02-06,ΑΜΟΙΒΗ ΙΑΤΡΟΥ ΑΠΟ ΧΕΙΡΟΥΡΓΙΚΕΣ( ΟΔΟΝΤΙΑΤΡΙΚΕΣ ) ΠΡΑΞΕΙΣ ΑΝΑΣΦΑΛΙΣΤΩΝ ΕΛΛΗΝΩΝ ΔΙΚΑΙΟΥΧΩΝ ΤΟΥ Ν. 4368/2016 ΤΟΝ ΜΗΝΑ ΜΑΡΤΙΟ 2021,999501452,ΓΕΝΙΚΟ ΝΟΣΟΚΟΜΕΙΟ ΒΟΛΟΥ,120.00,self-referential (payroll/EFKA/FMY remittance)
ΨΩΧ44690ΒΩ-Σ26,2026-02-06,ΑΜΟΙΒΗ ΙΑΤΡΟΥ ΑΠΟ ΧΕΙΡΟΥΡΓΙΚΕΣ( ΟΔΟΝΤΙΑΤΡΙΚΕΣ ) ΠΡΑΞΕΙΣ ΑΝΑΣΦΑΛΙΣΤΩΝ ΕΛΛΗΝΩΝ ΔΙΚΑΙΟΥΧΩΝ ΤΟΥ Ν. 4368/2016 ΤΟΝ ΜΗΝΑ ΜΑΪΟ 2021,999501452,ΓΕΝΙΚΟ ΝΟΣΟΚΟΜΕΙΟ ΒΟΛΟΥ,120.00,self-referential (payroll/EFKA/FMY remittance)
ΨΜ2Δ4690ΒΩ-93Π,2026-02-06,ΑΜΟΙΒΗ ΙΑΤΡΟΥ ΑΠΟ ΧΕΙΡΟΥΡΓΙΚΕΣ( ΟΔΟΝΤΙΑΤΡΙΚΕΣ ) ΠΡΑΞΕΙΣ ΑΝΑΣΦΑΛΙΣΤΩΝ ΕΛΛΗΝΩΝ ΔΙΚΑΙΟΥΧΩΝ ΤΟΥ Ν. 4368/2016 ΤΟΝ ΜΗΝΑ ΟΚΤΩΒΡΙΟ 2021,999501452,ΓΕΝΙΚΟ ΝΟΣΟΚΟΜΕΙΟ ΒΟΛΟΥ,240.00,self-referential (payroll/EFKA/FMY remittance)
ΨΛ1Υ4690ΒΩ-8Ξ6,2026-02-06,ΑΜΟΙΒΗ ΙΑΤΡΟΥ ΑΠΟ ΧΕΙΡΟΥΡΓΙΚΕΣ( ΟΔΟΝΤΙΑΤΡΙΚΕΣ ) ΠΡΑΞΕΙΣ ΑΣΦΑΛΙΣΜΕΝΩΝ ΤΟΥ ΕΟΠΥ ΤΟΝ ΜΗΝΑ ΙΟΥΛΙΟ 2021,999501452,ΓΕΝΙΚΟ ΝΟΣΟΚΟΜΕΙΟ ΒΟΛΟΥ,360.00,self-referential (payroll/EFKA/FMY remittance)
6ΣΗ74690ΒΩ-ΝΦΙ,2026-02-06,ΑΜΟΙΒΗ ΙΑΤΡΟΥ ΑΠΟ ΧΕΙΡΟΥΡΓΙΚΕΣ( ΟΔΟΝΤΙΑΤΡΙΚΕΣ ) ΠΡΑΞΕΙΣ ΑΣΦΑΛΙΣΜΕΝΩΝ ΤΟΥ ΕΟΠΥ ΤΟΝ ΜΗΝΑ ΑΥΓΟΥΣΤΟ 2021,999501452,ΓΕΝΙΚΟ ΝΟΣΟΚΟΜΕΙΟ ΒΟΛΟΥ,360.00,self-referential (payroll/EFKA/FMY remittance)
Ψ5Κ24690ΒΩ-Υ3Θ,2026-02-06,ΑΜΟΙΒΗ ΙΑΤΡΟΥ ΑΠΟ ΧΕΙΡΟΥΡΓΙΚΕΣ( ΟΔΟΝΤΙΑΤΡΙΚΕΣ ) ΠΡΑΞΕΙΣ ΑΣΦΑΛΙΣΜΕΝΩΝ ΤΟΥ ΕΟΠΥ ΤΟΝ ΜΗΝΑ ΑΠΡΙΛΙΟ 2021,999501452,ΓΕΝΙΚΟ ΝΟΣΟΚΟΜΕΙΟ ΒΟΛΟΥ,480.00,self-referential (payroll/EFKA/FMY remittance)
Ρ0Ε74690ΒΩ-Ζ13,2026-02-06,ΑΜΟΙΒΗ ΙΑΤΡΟΥ ΑΠΟ ΧΕΙΡΟΥΡΓΙΚΕΣ( ΟΔΟΝΤΙΑΤΡΙΚΕΣ ) ΠΡΑΞΕΙΣ ΑΣΦΑΛΙΣΜΕΝΩΝ ΤΟΥ ΕΟΠΥ ΤΟΝ ΜΗΝΑ ΟΚΤΩΒΡΙΟ 2021,999501452,ΓΕΝΙΚΟ ΝΟΣΟΚΟΜΕΙΟ ΒΟΛΟΥ,960.00,self-referential (payroll/EFKA/FMY remittance)
ΡΟΧΥ4690ΒΩ-ΝΙΦ,2026-02-06,ΑΜΟΙΒΗ ΙΑΤΡΟΥ ΑΠΟ ΧΕΙΡΟΥΡΓΙΚΕΣ( ΟΔΟΝΤΙΑΤΡΙΚΕΣ ) ΠΡΑΞΕΙΣ ΑΣΦΑΛΙΣΜΕΝΩΝ ΤΟΥ ΕΟΠΥ ΤΟΝ ΜΗΝΑ ΣΕΠΤΕΜΒΡΙΟ 2021,999501452,ΓΕΝΙΚΟ ΝΟΣΟΚΟΜΕΙΟ ΒΟΛΟΥ,480.00,self-referential (payroll/EFKA/FMY remittance)
9Π024690ΒΩ-ΧΚΣ,2026-02-06,ΑΜΟΙΒΗ ΙΑΤΡΙΚΟΥ ΠΡΟΣΩΠΙΚΟΥ ΠΟΥ ΕΡΓΑΣΤΗΚΑΝ ΣΤΑ ΟΛΟΗΜΕΡΑ ΙΑΤΡΕΙΑ ΤΟΝ ΜΗΝΑ ΔΕΚΕΜΒΡΙΟ 2025,999501452,ΓΕΝΙΚΟ ΝΟΣΟΚΟΜΕΙΟ ΒΟΛΟΥ,1036.80,self-referential (payroll/EFKA/FMY remittance)
ΨΠ9Χ4690ΒΩ-7ΜΨ,2026-01-09,ΚΑΤΑΒΟΛΗ ΑΠΟΔΟΧΩΝ ΜΗΝΟΣ ΝΟΕΜΒΡΙΟΥ 2025  ΣΕ ΠΡΟΣΩΠΙΚΟ ΠΟΥ ΥΠΗΡΕΤΕΙ ΜΕΣΩ ΠΡΟΓΡΑΜΜΑΤΟΣ ΟΑΕΔ ΗΛΙΚΙΑΣ 55-67 ΣΥΜΦΩΝΑ ΜΕ ΤΗΝ 1η ΤΡΟΠΟΠΟΙΗΣΗ ΤΗΣ ΔΗΜΟΣΙΑΣ ΠΡΟΣΚΛΗΣΗΣ Νο 11/2017 ΤΟΥ ΟΑΕΔ,999501452,ΓΕΝΙΚΟ ΝΟΣΟΚΟΜΕΙΟ ΒΟΛΟΥ,33831.06,self-referential (payroll/EFKA/FMY remittance)
ΨΠ9Χ4690ΒΩ-7ΜΨ,2026-01-09,ΚΑΤΑΒΟΛΗ ΑΠΟΔΟΧΩΝ ΜΗΝΟΣ ΝΟΕΜΒΡΙΟΥ 2025  ΣΕ ΠΡΟΣΩΠΙΚΟ ΠΟΥ ΥΠΗΡΕΤΕΙ ΜΕΣΩ ΠΡΟΓΡΑΜΜΑΤΟΣ ΟΑΕΔ ΗΛΙΚΙΑΣ 55-67 ΣΥΜΦΩΝΑ ΜΕ ΤΗΝ 1η ΤΡΟΠΟΠΟΙΗΣΗ ΤΗΣ ΔΗΜΟΣΙΑΣ ΠΡΟΣΚΛΗΣΗΣ Νο 11/2017 ΤΟΥ ΟΑΕΔ,999501452,ΓΕΝΙΚΟ ΝΟΣΟΚΟΜΕΙΟ ΒΟΛΟΥ,510.67,self-referential (payroll/EFKA/FMY remittance)
ΨΠ9Χ4690ΒΩ-7ΜΨ,2026-01-09,ΚΑΤΑΒΟΛΗ ΑΠΟΔΟΧΩΝ ΜΗΝΟΣ ΝΟΕΜΒΡΙΟΥ 2025  ΣΕ ΠΡΟΣΩΠΙΚΟ ΠΟΥ ΥΠΗΡΕΤΕΙ ΜΕΣΩ ΠΡΟΓΡΑΜΜΑΤΟΣ ΟΑΕΔ ΗΛΙΚΙΑΣ 55-67 ΣΥΜΦΩΝΑ ΜΕ ΤΗΝ 1η ΤΡΟΠΟΠΟΙΗΣΗ ΤΗΣ ΔΗΜΟΣΙΑΣ ΠΡΟΣΚΛΗΣΗΣ Νο 11/2017 ΤΟΥ ΟΑΕΔ,999501452,ΓΕΝΙΚΟ ΝΟΣΟΚΟΜΕΙΟ ΒΟΛΟΥ,3329.34,self-referential (payroll/EFKA/FMY remittance)
ΨΠ9Χ4690ΒΩ-7ΜΨ,2026-01-09,ΚΑΤΑΒΟΛΗ ΑΠΟΔΟΧΩΝ ΜΗΝΟΣ ΝΟΕΜΒΡΙΟΥ 2025  ΣΕ ΠΡΟΣΩΠΙΚΟ ΠΟΥ ΥΠΗΡΕΤΕΙ ΜΕΣΩ ΠΡΟΓΡΑΜΜΑΤΟΣ ΟΑΕΔ ΗΛΙΚΙΑΣ 55-67 ΣΥΜΦΩΝΑ ΜΕ ΤΗΝ 1η ΤΡΟΠΟΠΟΙΗΣΗ ΤΗΣ ΔΗΜΟΣΙΑΣ ΠΡΟΣΚΛΗΣΗΣ Νο 11/2017 ΤΟΥ ΟΑΕΔ,999501452,ΓΕΝΙΚΟ ΝΟΣΟΚΟΜΕΙΟ ΒΟΛΟΥ,8673.17,self-referential (payroll/EFKA/FMY remittance)
ΨΝΣ74690ΒΩ-ΩΣΤ,2026-01-09,ΚΑΤΑΒΟΛΗ ΑΠΟΔΟΧΩΝ ΛΟΙΠΟΥ ΕΠΙΚΟΥΡΙΚΟΥ ΠΡΟΣΩΠΙΚΟΥ ΜΕ ΣΧΕΣΗ ΕΡΓΑΣΙΑΣ ΙΔΟΧ ΜΗΝΟΣ  ΝΟΕΜΒΡΙΟΥ 2025 «ΕΝΙΣΧΥΣΗ ΤΩΝ ΦΟΡΕΩΝ ΥΓΕΙΑΣ ΜΕ ΕΠΙΚΟΥΡΙΚΟ ΠΡΟΣΩΠΙΚΟ ΓΙΑ ΤΗΝ ΑΝΤΑΠΟΚΡΙΣΗ ΣΤΙΣ ΑΝΑΓΚΕΣ ΛΟΓΩ ΤΗΣ ΕΠΙΔΗΜΙΑΣ COVID-19 ΣΤΗΝ ΠΕΡΙΦΕΡΕΙΑ ΘΕΣΣΑΛΙΑΣ» ΜΕ ΚΩΔΙΚΟ ΟΠΣ 5070510 ΣΤΟ ΕΠΙΧΕΙΡΗΣΙΑΚΟ ΠΡΟΓΡΑΜΜΑ «ΠΕΡΙΦΕΡΕΙΑΚΟ ΕΠΙΧΕΙΡΗΣΙΑΚΟ ΠΡΟΓΡΑΜΜΑ ΘΕΣΣΑΛΙΑΣ 2014  ΜΕ ΠΑΡΑΤΑΣΗ ΣΥΜΒΑΣΕΩΝ  ΕΩΣ 31/12/2025 ΣΥΜΦΩΝΑ ΜΕ ΤΙΣ ΔΙΑΤΑΞΕΙΣ  ΤΟΥ Ν.5161/2024 (ΦΕΚ  196/29-11-2024/τ.Α΄) ΑΡΘΡΟ 27 ΠΑΡ. 2,999501452,ΓΕΝΙΚΟ ΝΟΣΟΚΟΜΕΙΟ ΒΟΛΟΥ,47576.76,self-referential (payroll/EFKA/FMY remittance)
ΨΝΣ74690ΒΩ-ΩΣΤ,2026-01-09,ΚΑΤΑΒΟΛΗ ΑΠΟΔΟΧΩΝ ΛΟΙΠΟΥ ΕΠΙΚΟΥΡΙΚΟΥ ΠΡΟΣΩΠΙΚΟΥ ΜΕ ΣΧΕΣΗ ΕΡΓΑΣΙΑΣ ΙΔΟΧ ΜΗΝΟΣ  ΝΟΕΜΒΡΙΟΥ 2025 «ΕΝΙΣΧΥΣΗ ΤΩΝ ΦΟΡΕΩΝ ΥΓΕΙΑΣ ΜΕ ΕΠΙΚΟΥΡΙΚΟ ΠΡΟΣΩΠΙΚΟ ΓΙΑ ΤΗΝ ΑΝΤΑΠΟΚΡΙΣΗ ΣΤΙΣ ΑΝΑΓΚΕΣ ΛΟΓΩ ΤΗΣ ΕΠΙΔΗΜΙΑΣ COVID-19 ΣΤΗΝ ΠΕΡΙΦΕΡΕΙΑ ΘΕΣΣΑΛΙΑΣ» ΜΕ ΚΩΔΙΚΟ ΟΠΣ 5070510 ΣΤΟ ΕΠΙΧΕΙΡΗΣΙΑΚΟ ΠΡΟΓΡΑΜΜΑ «ΠΕΡΙΦΕΡΕΙΑΚΟ ΕΠΙΧΕΙΡΗΣΙΑΚΟ ΠΡΟΓΡΑΜΜΑ ΘΕΣΣΑΛΙΑΣ 2014  ΜΕ ΠΑΡΑΤΑΣΗ ΣΥΜΒΑΣΕΩΝ  ΕΩΣ 31/12/2025 ΣΥΜΦΩΝΑ ΜΕ ΤΙΣ ΔΙΑΤΑΞΕΙΣ  ΤΟΥ Ν.5161/2024 (ΦΕΚ  196/29-11-2024/τ.Α΄) ΑΡΘΡΟ 27 ΠΑΡ. 2,999501452,ΓΕΝΙΚΟ ΝΟΣΟΚΟΜΕΙΟ ΒΟΛΟΥ,1430.00,self-referential (payroll/EFKA/FMY remittance)
ΨΝΣ74690ΒΩ-ΩΣΤ,2026-01-09,ΚΑΤΑΒΟΛΗ ΑΠΟΔΟΧΩΝ ΛΟΙΠΟΥ ΕΠΙΚΟΥΡΙΚΟΥ ΠΡΟΣΩΠΙΚΟΥ ΜΕ ΣΧΕΣΗ ΕΡΓΑΣΙΑΣ ΙΔΟΧ ΜΗΝΟΣ  ΝΟΕΜΒΡΙΟΥ 2025 «ΕΝΙΣΧΥΣΗ ΤΩΝ ΦΟΡΕΩΝ ΥΓΕΙΑΣ ΜΕ ΕΠΙΚΟΥΡΙΚΟ ΠΡΟΣΩΠΙΚΟ ΓΙΑ ΤΗΝ ΑΝΤΑΠΟΚΡΙΣΗ ΣΤΙΣ ΑΝΑΓΚΕΣ ΛΟΓΩ ΤΗΣ ΕΠΙΔΗΜΙΑΣ COVID-19 ΣΤΗΝ ΠΕΡΙΦΕΡΕΙΑ ΘΕΣΣΑΛΙΑΣ» ΜΕ ΚΩΔΙΚΟ ΟΠΣ 5070510 ΣΤΟ ΕΠΙΧΕΙΡΗΣΙΑΚΟ ΠΡΟΓΡΑΜΜΑ «ΠΕΡΙΦΕΡΕΙΑΚΟ ΕΠΙΧΕΙΡΗΣΙΑΚΟ ΠΡΟΓΡΑΜΜΑ ΘΕΣΣΑΛΙΑΣ 2014  ΜΕ ΠΑΡΑΤΑΣΗ ΣΥΜΒΑΣΕΩΝ  ΕΩΣ 31/12/2025 ΣΥΜΦΩΝΑ ΜΕ ΤΙΣ ΔΙΑΤΑΞΕΙΣ  ΤΟΥ Ν.5161/2024 (ΦΕΚ  196/29-11-2024/τ.Α΄) ΑΡΘΡΟ 27 ΠΑΡ. 2,999501452,ΓΕΝΙΚΟ ΝΟΣΟΚΟΜΕΙΟ ΒΟΛΟΥ,7860.17,self-referential (payroll/EFKA/FMY remittance)
ΨΝΣ74690ΒΩ-ΩΣΤ,2026-01-09,ΚΑΤΑΒΟΛΗ ΑΠΟΔΟΧΩΝ ΛΟΙΠΟΥ ΕΠΙΚΟΥΡΙΚΟΥ ΠΡΟΣΩΠΙΚΟΥ ΜΕ ΣΧΕΣΗ ΕΡΓΑΣΙΑΣ ΙΔΟΧ ΜΗΝΟΣ  ΝΟΕΜΒΡΙΟΥ 2025 «ΕΝΙΣΧΥΣΗ ΤΩΝ ΦΟΡΕΩΝ ΥΓΕΙΑΣ ΜΕ ΕΠΙΚΟΥΡΙΚΟ ΠΡΟΣΩΠΙΚΟ ΓΙΑ ΤΗΝ ΑΝΤΑΠΟΚΡΙΣΗ ΣΤΙΣ ΑΝΑΓΚΕΣ ΛΟΓΩ ΤΗΣ ΕΠΙΔΗΜΙΑΣ COVID-19 ΣΤΗΝ ΠΕΡΙΦΕΡΕΙΑ ΘΕΣΣΑΛΙΑΣ» ΜΕ ΚΩΔΙΚΟ ΟΠΣ 5070510 ΣΤΟ ΕΠΙΧΕΙΡΗΣΙΑΚΟ ΠΡΟΓΡΑΜΜΑ «ΠΕΡΙΦΕΡΕΙΑΚΟ ΕΠΙΧΕΙΡΗΣΙΑΚΟ ΠΡΟΓΡΑΜΜΑ ΘΕΣΣΑΛΙΑΣ 2014  ΜΕ ΠΑΡΑΤΑΣΗ ΣΥΜΒΑΣΕΩΝ  ΕΩΣ 31/12/2025 ΣΥΜΦΩΝΑ ΜΕ ΤΙΣ ΔΙΑΤΑΞΕΙΣ  ΤΟΥ Ν.5161/2024 (ΦΕΚ  196/29-11-2024/τ.Α΄) ΑΡΘΡΟ 27 ΠΑΡ. 2,999501452,ΓΕΝΙΚΟ ΝΟΣΟΚΟΜΕΙΟ ΒΟΛΟΥ,13550.22,self-referential (payroll/EFKA/FMY remittance)
ΨΥΠ64690ΒΩ-833,2026-01-09,ΚΑΤΑΒΟΛΗ ΑΠΟΔΟΧΩΝ ΙΑΤΡΙΚΟΥ ΕΠΙΚΟΥΡΙΚΟΥ ΠΡΟΣΩΠΙΚΟΥ ΜΕ ΣΧΕΣΗ ΕΡΓΑΣΙΑΣ ΙΔΟΧ ΜΗΝΟΣ  ΝΟΕΜΒΡΙΟΥ 2025 «ΕΝΙΣΧΥΣΗ ΤΩΝ ΦΟΡΕΩΝ ΥΓΕΙΑΣ ΜΕ ΕΠΙΚΟΥΡΙΚΟ ΠΡΟΣΩΠΙΚΟ ΓΙΑ ΤΗΝ ΑΝΤΑΠΟΚΡΙΣΗ ΣΤΙΣ ΑΝΑΓΚΕΣ ΛΟΓΩ ΤΗΣ ΕΠΙΔΗΜΙΑΣ COVID-19 ΣΤΗΝ ΠΕΡΙΦΕΡΕΙΑ ΘΕΣΣΑΛΙΑΣ» ΜΕ ΚΩΔΙΚΟ ΟΠΣ 5070510 ΣΤΟ ΕΠΙΧΕΙΡΗΣΙΑΚΟ ΠΡΟΓΡΑΜΜΑ «ΠΕΡΙΦΕΡΕΙΑΚΟ ΕΠΙΧΕΙΡΗΣΙΑΚΟ ΠΡΟΓΡΑΜΜΑ ΘΕΣΣΑΛΙΑΣ 2014  ΜΕ ΠΑΡΑΤΑΣΗ ΣΥΜΒΑΣΕΩΝ  ΕΩΣ 31/12/2025 ΣΥΜΦΩΝΑ ΜΕ ΤΙΣ ΔΙΑΤΑΞΕΙΣ  ΤΟΥ Ν.5161/2024 (ΦΕΚ  196/29-11-2024/τ.Α΄) ΑΡΘΡΟ 27 ΠΑΡ. 2,999501452,ΓΕΝΙΚΟ ΝΟΣΟΚΟΜΕΙΟ ΒΟΛΟΥ,4196.00,self-referential (payroll/EFKA/FMY remittance)
ΨΥΠ64690ΒΩ-833,2026-01-09,ΚΑΤΑΒΟΛΗ ΑΠΟΔΟΧΩΝ ΙΑΤΡΙΚΟΥ ΕΠΙΚΟΥΡΙΚΟΥ ΠΡΟΣΩΠΙΚΟΥ ΜΕ ΣΧΕΣΗ ΕΡΓΑΣΙΑΣ ΙΔΟΧ ΜΗΝΟΣ  ΝΟΕΜΒΡΙΟΥ 2025 «ΕΝΙΣΧΥΣΗ ΤΩΝ ΦΟΡΕΩΝ ΥΓΕΙΑΣ ΜΕ ΕΠΙΚΟΥΡΙΚΟ ΠΡΟΣΩΠΙΚΟ ΓΙΑ ΤΗΝ ΑΝΤΑΠΟΚΡΙΣΗ ΣΤΙΣ ΑΝΑΓΚΕΣ ΛΟΓΩ ΤΗΣ ΕΠΙΔΗΜΙΑΣ COVID-19 ΣΤΗΝ ΠΕΡΙΦΕΡΕΙΑ ΘΕΣΣΑΛΙΑΣ» ΜΕ ΚΩΔΙΚΟ ΟΠΣ 5070510 ΣΤΟ ΕΠΙΧΕΙΡΗΣΙΑΚΟ ΠΡΟΓΡΑΜΜΑ «ΠΕΡΙΦΕΡΕΙΑΚΟ ΕΠΙΧΕΙΡΗΣΙΑΚΟ ΠΡΟΓΡΑΜΜΑ ΘΕΣΣΑΛΙΑΣ 2014  ΜΕ ΠΑΡΑΤΑΣΗ ΣΥΜΒΑΣΕΩΝ  ΕΩΣ 31/12/2025 ΣΥΜΦΩΝΑ ΜΕ ΤΙΣ ΔΙΑΤΑΞΕΙΣ  ΤΟΥ Ν.5161/2024 (ΦΕΚ  196/29-11-2024/τ.Α΄) ΑΡΘΡΟ 27 ΠΑΡ. 2,999501452,ΓΕΝΙΚΟ ΝΟΣΟΚΟΜΕΙΟ ΒΟΛΟΥ,70.00,self-referential (payroll/EFKA/FMY remittance)
ΨΥΠ64690ΒΩ-833,2026-01-09,ΚΑΤΑΒΟΛΗ ΑΠΟΔΟΧΩΝ ΙΑΤΡΙΚΟΥ ΕΠΙΚΟΥΡΙΚΟΥ ΠΡΟΣΩΠΙΚΟΥ ΜΕ ΣΧΕΣΗ ΕΡΓΑΣΙΑΣ ΙΔΟΧ ΜΗΝΟΣ  ΝΟΕΜΒΡΙΟΥ 2025 «ΕΝΙΣΧΥΣΗ ΤΩΝ ΦΟΡΕΩΝ ΥΓΕΙΑΣ ΜΕ ΕΠΙΚΟΥΡΙΚΟ ΠΡΟΣΩΠΙΚΟ ΓΙΑ ΤΗΝ ΑΝΤΑΠΟΚΡΙΣΗ ΣΤΙΣ ΑΝΑΓΚΕΣ ΛΟΓΩ ΤΗΣ ΕΠΙΔΗΜΙΑΣ COVID-19 ΣΤΗΝ ΠΕΡΙΦΕΡΕΙΑ ΘΕΣΣΑΛΙΑΣ» ΜΕ ΚΩΔΙΚΟ ΟΠΣ 5070510 ΣΤΟ ΕΠΙΧΕΙΡΗΣΙΑΚΟ ΠΡΟΓΡΑΜΜΑ «ΠΕΡΙΦΕΡΕΙΑΚΟ ΕΠΙΧΕΙΡΗΣΙΑΚΟ ΠΡΟΓΡΑΜΜΑ ΘΕΣΣΑΛΙΑΣ 2014  ΜΕ ΠΑΡΑΤΑΣΗ ΣΥΜΒΑΣΕΩΝ  ΕΩΣ 31/12/2025 ΣΥΜΦΩΝΑ ΜΕ ΤΙΣ ΔΙΑΤΑΞΕΙΣ  ΤΟΥ Ν.5161/2024 (ΦΕΚ  196/29-11-2024/τ.Α΄) ΑΡΘΡΟ 27 ΠΑΡ. 2,999501452,ΓΕΝΙΚΟ ΝΟΣΟΚΟΜΕΙΟ ΒΟΛΟΥ,960.00,self-referential (payroll/EFKA/FMY remittance)
ΨΥΠ64690ΒΩ-833,2026-01-09,ΚΑΤΑΒΟΛΗ ΑΠΟΔΟΧΩΝ ΙΑΤΡΙΚΟΥ ΕΠΙΚΟΥΡΙΚΟΥ ΠΡΟΣΩΠΙΚΟΥ ΜΕ ΣΧΕΣΗ ΕΡΓΑΣΙΑΣ ΙΔΟΧ ΜΗΝΟΣ  ΝΟΕΜΒΡΙΟΥ 2025 «ΕΝΙΣΧΥΣΗ ΤΩΝ ΦΟΡΕΩΝ ΥΓΕΙΑΣ ΜΕ ΕΠΙΚΟΥΡΙΚΟ ΠΡΟΣΩΠΙΚΟ ΓΙΑ ΤΗΝ ΑΝΤΑΠΟΚΡΙΣΗ ΣΤΙΣ ΑΝΑΓΚΕΣ ΛΟΓΩ ΤΗΣ ΕΠΙΔΗΜΙΑΣ COVID-19 ΣΤΗΝ ΠΕΡΙΦΕΡΕΙΑ ΘΕΣΣΑΛΙΑΣ» ΜΕ ΚΩΔΙΚΟ ΟΠΣ 5070510 ΣΤΟ ΕΠΙΧΕΙΡΗΣΙΑΚΟ ΠΡΟΓΡΑΜΜΑ «ΠΕΡΙΦΕΡΕΙΑΚΟ ΕΠΙΧΕΙΡΗΣΙΑΚΟ ΠΡΟΓΡΑΜΜΑ ΘΕΣΣΑΛΙΑΣ 2014  ΜΕ ΠΑΡΑΤΑΣΗ ΣΥΜΒΑΣΕΩΝ  ΕΩΣ 31/12/2025 ΣΥΜΦΩΝΑ ΜΕ ΤΙΣ ΔΙΑΤΑΞΕΙΣ  ΤΟΥ Ν.5161/2024 (ΦΕΚ  196/29-11-2024/τ.Α΄) ΑΡΘΡΟ 27 ΠΑΡ. 2,999501452,ΓΕΝΙΚΟ ΝΟΣΟΚΟΜΕΙΟ ΒΟΛΟΥ,1138.75,self-referential (payroll/EFKA/FMY remittance)
ΨΛΩΙ4690ΒΩ-Τ1Ζ,2026-01-09,ΕΦΗΜΕΡΙΕΣ (ΥΠΕΡΒΑΛΛΟΥΣΕΣ) ΙΑΤΡΙΚΟΥ ΠΡΟΣΩΠΙΚΟΥ ΜΗΝΟΣ  ΣΕΠΤΕΜΒΡΙΟΥ 2025,999501452,ΓΕΝΙΚΟ ΝΟΣΟΚΟΜΕΙΟ ΒΟΛΟΥ,25649.48,self-referential (payroll/EFKA/FMY remittance)
ΨΧΟΟ4690ΒΩ-ΗΑ2,2026-01-09,ΚΑΤΑΒΟΛΗ ΑΠΟΔΟΧΩΝ ΜΗΝΟΣ  ΝΟΕΜΒΡΙΟΥ 2025  ΛΟΙΠΟΥ ΕΠΙΚΟΥΡΙΚΟΥ ΠΡΟΣΩΠΙΚΟΥ ΜΕ ΣΧΕΣΗ ΕΡΓΑΣΙΑΣ ΙΔΟΧ ΣΕ ΕΦΑΡΜΟΓΗ ΤΩΝ ΔΙΑΤΑΞΕΩΝ ΤΟΥ ΑΡΘΡΟΥ 17 ΤΗΣ ΠΝΠ ΦΕΚ 55/1-3-2020 ΄΄ΚΑΤΕΠΕΙΓΟΝΤΑ ΜΕΤΡΑ ΑΝΤΙΜΕΤΩΠΙΣΗΣ ΤΩΝ ΑΡΝΗΤΙΚΩΝ ΣΥΝΕΠΕΙΩΝ ΤΗΣ ΕΜΦΑΝΙΣΗΣ COVID19 ΜΕ ΠΑΡΑΤΑΣΗ ΣΥΜΒΑΣΕΩΝ  ΕΩΣ 31/12/2025 ΣΥΜΦΩΝΑ ΜΕ ΤΙΣ ΔΙΑΤΑΞΕΙΣ ΤΟΥ Ν.5161/2024 (ΦΕΚ  196/29-11-2024/τ.Α΄) ΑΡΘΡΟ 27 ΠΑΡ. 2,999501452,ΓΕΝΙΚΟ ΝΟΣΟΚΟΜΕΙΟ ΒΟΛΟΥ,17936.00,self-referential (payroll/EFKA/FMY remittance)
ΨΧΟΟ4690ΒΩ-ΗΑ2,2026-01-09,ΚΑΤΑΒΟΛΗ ΑΠΟΔΟΧΩΝ ΜΗΝΟΣ  ΝΟΕΜΒΡΙΟΥ 2025  ΛΟΙΠΟΥ ΕΠΙΚΟΥΡΙΚΟΥ ΠΡΟΣΩΠΙΚΟΥ ΜΕ ΣΧΕΣΗ ΕΡΓΑΣΙΑΣ ΙΔΟΧ ΣΕ ΕΦΑΡΜΟΓΗ ΤΩΝ ΔΙΑΤΑΞΕΩΝ ΤΟΥ ΑΡΘΡΟΥ 17 ΤΗΣ ΠΝΠ ΦΕΚ 55/1-3-2020 ΄΄ΚΑΤΕΠΕΙΓΟΝΤΑ ΜΕΤΡΑ ΑΝΤΙΜΕΤΩΠΙΣΗΣ ΤΩΝ ΑΡΝΗΤΙΚΩΝ ΣΥΝΕΠΕΙΩΝ ΤΗΣ ΕΜΦΑΝΙΣΗΣ COVID19 ΜΕ ΠΑΡΑΤΑΣΗ ΣΥΜΒΑΣΕΩΝ  ΕΩΣ 31/12/2025 ΣΥΜΦΩΝΑ ΜΕ ΤΙΣ ΔΙΑΤΑΞΕΙΣ ΤΟΥ Ν.5161/2024 (ΦΕΚ  196/29-11-2024/τ.Α΄) ΑΡΘΡΟ 27 ΠΑΡ. 2,999501452,ΓΕΝΙΚΟ ΝΟΣΟΚΟΜΕΙΟ ΒΟΛΟΥ,1090.00,self-referential (payroll/EFKA/FMY remittance)
ΨΧΟΟ4690ΒΩ-ΗΑ2,2026-01-09,ΚΑΤΑΒΟΛΗ ΑΠΟΔΟΧΩΝ ΜΗΝΟΣ  ΝΟΕΜΒΡΙΟΥ 2025  ΛΟΙΠΟΥ ΕΠΙΚΟΥΡΙΚΟΥ ΠΡΟΣΩΠΙΚΟΥ ΜΕ ΣΧΕΣΗ ΕΡΓΑΣΙΑΣ ΙΔΟΧ ΣΕ ΕΦΑΡΜΟΓΗ ΤΩΝ ΔΙΑΤΑΞΕΩΝ ΤΟΥ ΑΡΘΡΟΥ 17 ΤΗΣ ΠΝΠ ΦΕΚ 55/1-3-2020 ΄΄ΚΑΤΕΠΕΙΓΟΝΤΑ ΜΕΤΡΑ ΑΝΤΙΜΕΤΩΠΙΣΗΣ ΤΩΝ ΑΡΝΗΤΙΚΩΝ ΣΥΝΕΠΕΙΩΝ ΤΗΣ ΕΜΦΑΝΙΣΗΣ COVID19 ΜΕ ΠΑΡΑΤΑΣΗ ΣΥΜΒΑΣΕΩΝ  ΕΩΣ 31/12/2025 ΣΥΜΦΩΝΑ ΜΕ ΤΙΣ ΔΙΑΤΑΞΕΙΣ ΤΟΥ Ν.5161/2024 (ΦΕΚ  196/29-11-2024/τ.Α΄) ΑΡΘΡΟ 27 ΠΑΡ. 2,999501452,ΓΕΝΙΚΟ ΝΟΣΟΚΟΜΕΙΟ ΒΟΛΟΥ,1915.00,self-referential (payroll/EFKA/FMY remittance)
ΨΧΟΟ4690ΒΩ-ΗΑ2,2026-01-09,ΚΑΤΑΒΟΛΗ ΑΠΟΔΟΧΩΝ ΜΗΝΟΣ  ΝΟΕΜΒΡΙΟΥ 2025  ΛΟΙΠΟΥ ΕΠΙΚΟΥΡΙΚΟΥ ΠΡΟΣΩΠΙΚΟΥ ΜΕ ΣΧΕΣΗ ΕΡΓΑΣΙΑΣ ΙΔΟΧ ΣΕ ΕΦΑΡΜΟΓΗ ΤΩΝ ΔΙΑΤΑΞΕΩΝ ΤΟΥ ΑΡΘΡΟΥ 17 ΤΗΣ ΠΝΠ ΦΕΚ 55/1-3-2020 ΄΄ΚΑΤΕΠΕΙΓΟΝΤΑ ΜΕΤΡΑ ΑΝΤΙΜΕΤΩΠΙΣΗΣ ΤΩΝ ΑΡΝΗΤΙΚΩΝ ΣΥΝΕΠΕΙΩΝ ΤΗΣ ΕΜΦΑΝΙΣΗΣ COVID19 ΜΕ ΠΑΡΑΤΑΣΗ ΣΥΜΒΑΣΕΩΝ  ΕΩΣ 31/12/2025 ΣΥΜΦΩΝΑ ΜΕ ΤΙΣ ΔΙΑΤΑΞΕΙΣ ΤΟΥ Ν.5161/2024 (ΦΕΚ  196/29-11-2024/τ.Α΄) ΑΡΘΡΟ 27 ΠΑΡ. 2,999501452,ΓΕΝΙΚΟ ΝΟΣΟΚΟΜΕΙΟ ΒΟΛΟΥ,4835.92,self-referential (payroll/EFKA/FMY remittance)
97ΤΙ4690ΒΩ-676,2026-01-09,ΕΦΗΜΕΡΙΕΣ (ΥΠΕΡΒΑΛΛΟΥΣΕΣ) ΙΑΤΡΙΚΟΥ ΕΠΙΚΟΥΡΙΚΟΥ ΠΡΟΣΩΠΙΚΟΥ ΜΕ ΣΧΕΣΗ ΕΡΓΑΣΙΑΣ ΙΔΟΧ ΜΗΝΟΣ  ΣΕΠΤΕΜΒΡΙΟΥ 2025 «ΕΝΙΣΧΥΣΗ ΤΩΝ ΦΟΡΕΩΝ ΥΓΕΙΑΣ ΜΕ ΕΠΙΚΟΥΡΙΚΟ ΠΡΟΣΩΠΙΚΟ ΓΙΑ ΤΗΝ ΑΝΤΑΠΟΚΡΙΣΗ ΣΤΙΣ ΑΝΑΓΚΕΣ ΛΟΓΩ ΤΗΣ ΕΠΙΔΗΜΙΑΣ COVID-19 ΣΤΗΝ ΠΕΡΙΦΕΡΕΙΑ ΘΕΣΣΑΛΙΑΣ» ΜΕ ΚΩΔΙΚΟ ΟΠΣ 5070510 ΣΤΟ ΕΠΙΧΕΙΡΗΣΙΑΚΟ ΠΡΟΓΡΑΜΜΑ «ΠΕΡΙΦΕΡΕΙΑΚΟ ΕΠΙΧΕΙΡΗΣΙΑΚΟ ΠΡΟΓΡΑΜΜΑ ΘΕΣΣΑΛΙΑΣ 2014 ΜΕ ΠΑΡΑΤΑΣΗ ΣΥΜΒΑΣΕΩΝ  ΕΩΣ 31/12/2024 ΣΥΜΦΩΝΑ ΜΕ ΤΙΣ ΔΙΑΤΑΞΕΙΣ  ΤΟΥ Ν.5079/2023 (ΦΕΚ 215/22-12-2023/τ.Α΄) ΑΡΘΡΟ 70 ΠΑΡ.,999501452,ΓΕΝΙΚΟ ΝΟΣΟΚΟΜΕΙΟ ΒΟΛΟΥ,352.66,self-referential (payroll/EFKA/FMY remittance)
6Α6Κ4690ΒΩ-Π40,2026-01-09,ΚΑΤΑΒΟΛΗ ΑΠΟΔΟΧΩΝ  ΑΠΟ 1/11/2025 ΕΩΣ 5/15/2025  ΣΤΟΝ ΕΠΙΚΟΥΡΙΚΟ ΙΑΤΡΟ,999501452,ΓΕΝΙΚΟ ΝΟΣΟΚΟΜΕΙΟ ΒΟΛΟΥ,368.00,self-referential (payroll/EFKA/FMY remittance)
6Α6Κ4690ΒΩ-Π40,2026-01-09,ΚΑΤΑΒΟΛΗ ΑΠΟΔΟΧΩΝ  ΑΠΟ 1/11/2025 ΕΩΣ 5/15/2025  ΣΤΟΝ ΕΠΙΚΟΥΡΙΚΟ ΙΑΤΡΟ,999501452,ΓΕΝΙΚΟ ΝΟΣΟΚΟΜΕΙΟ ΒΟΛΟΥ,7.50,self-referential (payroll/EFKA/FMY remittance)
6Α6Κ4690ΒΩ-Π40,2026-01-09,ΚΑΤΑΒΟΛΗ ΑΠΟΔΟΧΩΝ  ΑΠΟ 1/11/2025 ΕΩΣ 5/15/2025  ΣΤΟΝ ΕΠΙΚΟΥΡΙΚΟ ΙΑΤΡΟ,999501452,ΓΕΝΙΚΟ ΝΟΣΟΚΟΜΕΙΟ ΒΟΛΟΥ,28.33,self-referential (payroll/EFKA/FMY remittance)
6Α6Κ4690ΒΩ-Π40,2026-01-09,ΚΑΤΑΒΟΛΗ ΑΠΟΔΟΧΩΝ  ΑΠΟ 1/11/2025 ΕΩΣ 5/15/2025  ΣΤΟΝ ΕΠΙΚΟΥΡΙΚΟ ΙΑΤΡΟ,999501452,ΓΕΝΙΚΟ ΝΟΣΟΚΟΜΕΙΟ ΒΟΛΟΥ,66.67,self-referential (payroll/EFKA/FMY remittance)
6Α6Κ4690ΒΩ-Π40,2026-01-09,ΚΑΤΑΒΟΛΗ ΑΠΟΔΟΧΩΝ  ΑΠΟ 1/11/2025 ΕΩΣ 5/15/2025  ΣΤΟΝ ΕΠΙΚΟΥΡΙΚΟ ΙΑΤΡΟ,999501452,ΓΕΝΙΚΟ ΝΟΣΟΚΟΜΕΙΟ ΒΟΛΟΥ,102.52,self-referential (payroll/EFKA/FMY remittance)
62ΗΧ4690ΒΩ-ΦΕΚ,2026-01-09,ΚΑΤΑΒΟΛΗ ΑΠΟΔΟΧΩΝ ΛΟΙΠΟΥ ΕΠΙΚΟΥΡΙΚΟΥ ΠΡΟΣΩΠΙΚΟΥ ΜΗΝΟΣ ΝΟΕΜΒΡΙΟΥ 2025  ΜΕ ΠΑΡΑΤΑΣΗ ΣΥΜΒΑΣΕΩΝ  ΕΩΣ 31/12/2025 ΣΥΜΦΩΝΑ ΜΕ ΤΙΣ ΔΙΑΤΑΞΕΙΣ  ΤΟΥ Ν.5161/2024 (ΦΕΚ  196/29-11-2024/τ.Α΄) ΑΡΘΡΟ 27 ΠΑΡ. 2,999501452,ΓΕΝΙΚΟ ΝΟΣΟΚΟΜΕΙΟ ΒΟΛΟΥ,2210.00,self-referential (payroll/EFKA/FMY remittance)
62ΗΧ4690ΒΩ-ΦΕΚ,2026-01-09,ΚΑΤΑΒΟΛΗ ΑΠΟΔΟΧΩΝ ΛΟΙΠΟΥ ΕΠΙΚΟΥΡΙΚΟΥ ΠΡΟΣΩΠΙΚΟΥ ΜΗΝΟΣ ΝΟΕΜΒΡΙΟΥ 2025  ΜΕ ΠΑΡΑΤΑΣΗ ΣΥΜΒΑΣΕΩΝ  ΕΩΣ 31/12/2025 ΣΥΜΦΩΝΑ ΜΕ ΤΙΣ ΔΙΑΤΑΞΕΙΣ  ΤΟΥ Ν.5161/2024 (ΦΕΚ  196/29-11-2024/τ.Α΄) ΑΡΘΡΟ 27 ΠΑΡ. 2,999501452,ΓΕΝΙΚΟ ΝΟΣΟΚΟΜΕΙΟ ΒΟΛΟΥ,240.00,self-referential (payroll/EFKA/FMY remittance)
62ΗΧ4690ΒΩ-ΦΕΚ,2026-01-09,ΚΑΤΑΒΟΛΗ ΑΠΟΔΟΧΩΝ ΛΟΙΠΟΥ ΕΠΙΚΟΥΡΙΚΟΥ ΠΡΟΣΩΠΙΚΟΥ ΜΗΝΟΣ ΝΟΕΜΒΡΙΟΥ 2025  ΜΕ ΠΑΡΑΤΑΣΗ ΣΥΜΒΑΣΕΩΝ  ΕΩΣ 31/12/2025 ΣΥΜΦΩΝΑ ΜΕ ΤΙΣ ΔΙΑΤΑΞΕΙΣ  ΤΟΥ Ν.5161/2024 (ΦΕΚ  196/29-11-2024/τ.Α΄) ΑΡΘΡΟ 27 ΠΑΡ. 2,999501452,ΓΕΝΙΚΟ ΝΟΣΟΚΟΜΕΙΟ ΒΟΛΟΥ,365.00,self-referential (payroll/EFKA/FMY remittance)
62ΗΧ4690ΒΩ-ΦΕΚ,2026-01-09,ΚΑΤΑΒΟΛΗ ΑΠΟΔΟΧΩΝ ΛΟΙΠΟΥ ΕΠΙΚΟΥΡΙΚΟΥ ΠΡΟΣΩΠΙΚΟΥ ΜΗΝΟΣ ΝΟΕΜΒΡΙΟΥ 2025  ΜΕ ΠΑΡΑΤΑΣΗ ΣΥΜΒΑΣΕΩΝ  ΕΩΣ 31/12/2025 ΣΥΜΦΩΝΑ ΜΕ ΤΙΣ ΔΙΑΤΑΞΕΙΣ  ΤΟΥ Ν.5161/2024 (ΦΕΚ  196/29-11-2024/τ.Α΄) ΑΡΘΡΟ 27 ΠΑΡ. 2,999501452,ΓΕΝΙΚΟ ΝΟΣΟΚΟΜΕΙΟ ΒΟΛΟΥ,673.91,self-referential (payroll/EFKA/FMY remittance)
94ΖΓ4690ΒΩ-056,2026-01-09,ΚΑΤΑΒΟΛΗ ΑΠΟΔΟΧΩΝ ΣΕ ΝΕΟΠΡΟΣΛΑΜΒΑΝΟΜΕΝΟ  ΛΟΙΠΟ ΕΠΙΚΟΥΡΙΚΟ ΠΡΟΣΩΠΙΚΟ (ΝΟΣΗΛΕΥΤΗ)  ΑΠΟ 30/10/2025,999501452,ΓΕΝΙΚΟ ΝΟΣΟΚΟΜΕΙΟ ΒΟΛΟΥ,1174.90,self-referential (payroll/EFKA/FMY remittance)
94ΖΓ4690ΒΩ-056,2026-01-09,ΚΑΤΑΒΟΛΗ ΑΠΟΔΟΧΩΝ ΣΕ ΝΕΟΠΡΟΣΛΑΜΒΑΝΟΜΕΝΟ  ΛΟΙΠΟ ΕΠΙΚΟΥΡΙΚΟ ΠΡΟΣΩΠΙΚΟ (ΝΟΣΗΛΕΥΤΗ)  ΑΠΟ 30/10/2025,999501452,ΓΕΝΙΚΟ ΝΟΣΟΚΟΜΕΙΟ ΒΟΛΟΥ,72.33,self-referential (payroll/EFKA/FMY remittance)
94ΖΓ4690ΒΩ-056,2026-01-09,ΚΑΤΑΒΟΛΗ ΑΠΟΔΟΧΩΝ ΣΕ ΝΕΟΠΡΟΣΛΑΜΒΑΝΟΜΕΝΟ  ΛΟΙΠΟ ΕΠΙΚΟΥΡΙΚΟ ΠΡΟΣΩΠΙΚΟ (ΝΟΣΗΛΕΥΤΗ)  ΑΠΟ 30/10/2025,999501452,ΓΕΝΙΚΟ ΝΟΣΟΚΟΜΕΙΟ ΒΟΛΟΥ,206.67,self-referential (payroll/EFKA/FMY remittance)
94ΖΓ4690ΒΩ-056,2026-01-09,ΚΑΤΑΒΟΛΗ ΑΠΟΔΟΧΩΝ ΣΕ ΝΕΟΠΡΟΣΛΑΜΒΑΝΟΜΕΝΟ  ΛΟΙΠΟ ΕΠΙΚΟΥΡΙΚΟ ΠΡΟΣΩΠΙΚΟ (ΝΟΣΗΛΕΥΤΗ)  ΑΠΟ 30/10/2025,999501452,ΓΕΝΙΚΟ ΝΟΣΟΚΟΜΕΙΟ ΒΟΛΟΥ,316.81,self-referential (payroll/EFKA/FMY remittance)
Ψ9ΣΕ4690ΒΩ-ΙΔΡ,2026-01-09,ΚΑΤΑΒΟΛΗ ΑΠΟΔΟΧΩΝ ΙΑΤΡΙΚΟΥ ΕΠΙΚΟΥΡΙΚΟΥ ΠΡΟΣΩΠΙΚΟΥ ΜΗΝΟΣ ΝΟΕΜΒΡΙΟΥ 2025,999501452,ΓΕΝΙΚΟ ΝΟΣΟΚΟΜΕΙΟ ΒΟΛΟΥ,11596.13,self-referential (payroll/EFKA/FMY remittance)
Ψ9ΣΕ4690ΒΩ-ΙΔΡ,2026-01-09,ΚΑΤΑΒΟΛΗ ΑΠΟΔΟΧΩΝ ΙΑΤΡΙΚΟΥ ΕΠΙΚΟΥΡΙΚΟΥ ΠΡΟΣΩΠΙΚΟΥ ΜΗΝΟΣ ΝΟΕΜΒΡΙΟΥ 2025,999501452,ΓΕΝΙΚΟ ΝΟΣΟΚΟΜΕΙΟ ΒΟΛΟΥ,153.00,self-referential (payroll/EFKA/FMY remittance)
Ψ9ΣΕ4690ΒΩ-ΙΔΡ,2026-01-09,ΚΑΤΑΒΟΛΗ ΑΠΟΔΟΧΩΝ ΙΑΤΡΙΚΟΥ ΕΠΙΚΟΥΡΙΚΟΥ ΠΡΟΣΩΠΙΚΟΥ ΜΗΝΟΣ ΝΟΕΜΒΡΙΟΥ 2025,999501452,ΓΕΝΙΚΟ ΝΟΣΟΚΟΜΕΙΟ ΒΟΛΟΥ,243.67,self-referential (payroll/EFKA/FMY remittance)
Ψ9ΣΕ4690ΒΩ-ΙΔΡ,2026-01-09,ΚΑΤΑΒΟΛΗ ΑΠΟΔΟΧΩΝ ΙΑΤΡΙΚΟΥ ΕΠΙΚΟΥΡΙΚΟΥ ΠΡΟΣΩΠΙΚΟΥ ΜΗΝΟΣ ΝΟΕΜΒΡΙΟΥ 2025,999501452,ΓΕΝΙΚΟ ΝΟΣΟΚΟΜΕΙΟ ΒΟΛΟΥ,2306.67,self-referential (payroll/EFKA/FMY remittance)
Ψ9ΣΕ4690ΒΩ-ΙΔΡ,2026-01-09,ΚΑΤΑΒΟΛΗ ΑΠΟΔΟΧΩΝ ΙΑΤΡΙΚΟΥ ΕΠΙΚΟΥΡΙΚΟΥ ΠΡΟΣΩΠΙΚΟΥ ΜΗΝΟΣ ΝΟΕΜΒΡΙΟΥ 2025,999501452,ΓΕΝΙΚΟ ΝΟΣΟΚΟΜΕΙΟ ΒΟΛΟΥ,3115.86,self-referential (payroll/EFKA/FMY remittance)
9ΚΚΗ4690ΒΩ-64Κ,2026-01-09,ΚΑΤΑΒΟΛΗ ΑΠΟΔΟΧΩΝ ΙΑΤΡΙΚΟΥ ΕΠΙΚΟΥΡΙΚΟΥ ΠΡΟΣΩΠΙΚΟΥ ΜΕ ΣΧΕΣΗ ΕΡΓΑΣΙΑΣ ΙΔΟΧ ΜΗΝΟΣ ΔΕΚΕΜΒΡΙΟΥ 2025 «ΕΝΙΣΧΥΣΗ ΤΩΝ ΦΟΡΕΩΝ ΥΓΕΙΑΣ ΜΕ ΕΠΙΚΟΥΡΙΚΟ ΠΡΟΣΩΠΙΚΟ ΓΙΑ ΤΗΝ ΑΝΤΑΠΟΚΡΙΣΗ ΣΤΙΣ ΑΝΑΓΚΕΣ ΛΟΓΩ ΤΗΣ ΕΠΙΔΗΜΙΑΣ COVID-19 ΣΤΗΝ ΠΕΡΙΦΕΡΕΙΑ ΘΕΣΣΑΛΙΑΣ» ΜΕ ΚΩΔΙΚΟ ΟΠΣ 5070510 ΣΤΟ ΕΠΙΧΕΙΡΗΣΙΑΚΟ ΠΡΟΓΡΑΜΜΑ «ΠΕΡΙΦΕΡΕΙΑΚΟ ΕΠΙΧΕΙΡΗΣΙΑΚΟ ΠΡΟΓΡΑΜΜΑ ΘΕΣΣΑΛΙΑΣ 2014  ΜΕ ΠΑΡΑΤΑΣΗ ΣΥΜΒΑΣΕΩΝ  ΕΩΣ 31/12/2025 ΣΥΜΦΩΝΑ ΜΕ ΤΙΣ ΔΙΑΤΑΞΕΙΣ  ΤΟΥ Ν.5161/2024 (ΦΕΚ  196/29-11-2024/τ.Α΄) ΑΡΘΡΟ 27 ΠΑΡ. 2,999501452,ΓΕΝΙΚΟ ΝΟΣΟΚΟΜΕΙΟ ΒΟΛΟΥ,4196.00,self-referential (payroll/EFKA/FMY remittance)
9ΚΚΗ4690ΒΩ-64Κ,2026-01-09,ΚΑΤΑΒΟΛΗ ΑΠΟΔΟΧΩΝ ΙΑΤΡΙΚΟΥ ΕΠΙΚΟΥΡΙΚΟΥ ΠΡΟΣΩΠΙΚΟΥ ΜΕ ΣΧΕΣΗ ΕΡΓΑΣΙΑΣ ΙΔΟΧ ΜΗΝΟΣ ΔΕΚΕΜΒΡΙΟΥ 2025 «ΕΝΙΣΧΥΣΗ ΤΩΝ ΦΟΡΕΩΝ ΥΓΕΙΑΣ ΜΕ ΕΠΙΚΟΥΡΙΚΟ ΠΡΟΣΩΠΙΚΟ ΓΙΑ ΤΗΝ ΑΝΤΑΠΟΚΡΙΣΗ ΣΤΙΣ ΑΝΑΓΚΕΣ ΛΟΓΩ ΤΗΣ ΕΠΙΔΗΜΙΑΣ COVID-19 ΣΤΗΝ ΠΕΡΙΦΕΡΕΙΑ ΘΕΣΣΑΛΙΑΣ» ΜΕ ΚΩΔΙΚΟ ΟΠΣ 5070510 ΣΤΟ ΕΠΙΧΕΙΡΗΣΙΑΚΟ ΠΡΟΓΡΑΜΜΑ «ΠΕΡΙΦΕΡΕΙΑΚΟ ΕΠΙΧΕΙΡΗΣΙΑΚΟ ΠΡΟΓΡΑΜΜΑ ΘΕΣΣΑΛΙΑΣ 2014  ΜΕ ΠΑΡΑΤΑΣΗ ΣΥΜΒΑΣΕΩΝ  ΕΩΣ 31/12/2025 ΣΥΜΦΩΝΑ ΜΕ ΤΙΣ ΔΙΑΤΑΞΕΙΣ  ΤΟΥ Ν.5161/2024 (ΦΕΚ  196/29-11-2024/τ.Α΄) ΑΡΘΡΟ 27 ΠΑΡ. 2,999501452,ΓΕΝΙΚΟ ΝΟΣΟΚΟΜΕΙΟ ΒΟΛΟΥ,70.00,self-referential (payroll/EFKA/FMY remittance)
9ΚΚΗ4690ΒΩ-64Κ,2026-01-09,ΚΑΤΑΒΟΛΗ ΑΠΟΔΟΧΩΝ ΙΑΤΡΙΚΟΥ ΕΠΙΚΟΥΡΙΚΟΥ ΠΡΟΣΩΠΙΚΟΥ ΜΕ ΣΧΕΣΗ ΕΡΓΑΣΙΑΣ ΙΔΟΧ ΜΗΝΟΣ ΔΕΚΕΜΒΡΙΟΥ 2025 «ΕΝΙΣΧΥΣΗ ΤΩΝ ΦΟΡΕΩΝ ΥΓΕΙΑΣ ΜΕ ΕΠΙΚΟΥΡΙΚΟ ΠΡΟΣΩΠΙΚΟ ΓΙΑ ΤΗΝ ΑΝΤΑΠΟΚΡΙΣΗ ΣΤΙΣ ΑΝΑΓΚΕΣ ΛΟΓΩ ΤΗΣ ΕΠΙΔΗΜΙΑΣ COVID-19 ΣΤΗΝ ΠΕΡΙΦΕΡΕΙΑ ΘΕΣΣΑΛΙΑΣ» ΜΕ ΚΩΔΙΚΟ ΟΠΣ 5070510 ΣΤΟ ΕΠΙΧΕΙΡΗΣΙΑΚΟ ΠΡΟΓΡΑΜΜΑ «ΠΕΡΙΦΕΡΕΙΑΚΟ ΕΠΙΧΕΙΡΗΣΙΑΚΟ ΠΡΟΓΡΑΜΜΑ ΘΕΣΣΑΛΙΑΣ 2014  ΜΕ ΠΑΡΑΤΑΣΗ ΣΥΜΒΑΣΕΩΝ  ΕΩΣ 31/12/2025 ΣΥΜΦΩΝΑ ΜΕ ΤΙΣ ΔΙΑΤΑΞΕΙΣ  ΤΟΥ Ν.5161/2024 (ΦΕΚ  196/29-11-2024/τ.Α΄) ΑΡΘΡΟ 27 ΠΑΡ. 2,999501452,ΓΕΝΙΚΟ ΝΟΣΟΚΟΜΕΙΟ ΒΟΛΟΥ,960.00,self-referential (payroll/EFKA/FMY remittance)
9ΚΚΗ4690ΒΩ-64Κ,2026-01-09,ΚΑΤΑΒΟΛΗ ΑΠΟΔΟΧΩΝ ΙΑΤΡΙΚΟΥ ΕΠΙΚΟΥΡΙΚΟΥ ΠΡΟΣΩΠΙΚΟΥ ΜΕ ΣΧΕΣΗ ΕΡΓΑΣΙΑΣ ΙΔΟΧ ΜΗΝΟΣ ΔΕΚΕΜΒΡΙΟΥ 2025 «ΕΝΙΣΧΥΣΗ ΤΩΝ ΦΟΡΕΩΝ ΥΓΕΙΑΣ ΜΕ ΕΠΙΚΟΥΡΙΚΟ ΠΡΟΣΩΠΙΚΟ ΓΙΑ ΤΗΝ ΑΝΤΑΠΟΚΡΙΣΗ ΣΤΙΣ ΑΝΑΓΚΕΣ ΛΟΓΩ ΤΗΣ ΕΠΙΔΗΜΙΑΣ COVID-19 ΣΤΗΝ ΠΕΡΙΦΕΡΕΙΑ ΘΕΣΣΑΛΙΑΣ» ΜΕ ΚΩΔΙΚΟ ΟΠΣ 5070510 ΣΤΟ ΕΠΙΧΕΙΡΗΣΙΑΚΟ ΠΡΟΓΡΑΜΜΑ «ΠΕΡΙΦΕΡΕΙΑΚΟ ΕΠΙΧΕΙΡΗΣΙΑΚΟ ΠΡΟΓΡΑΜΜΑ ΘΕΣΣΑΛΙΑΣ 2014  ΜΕ ΠΑΡΑΤΑΣΗ ΣΥΜΒΑΣΕΩΝ  ΕΩΣ 31/12/2025 ΣΥΜΦΩΝΑ ΜΕ ΤΙΣ ΔΙΑΤΑΞΕΙΣ  ΤΟΥ Ν.5161/2024 (ΦΕΚ  196/29-11-2024/τ.Α΄) ΑΡΘΡΟ 27 ΠΑΡ. 2,999501452,ΓΕΝΙΚΟ ΝΟΣΟΚΟΜΕΙΟ ΒΟΛΟΥ,1138.75,self-referential (payroll/EFKA/FMY remittance)
95ΤΩ4690ΒΩ-ΩΞΠ,2026-01-09,ΚΑΤΑΒΟΛΗ ΑΠΟΔΟΧΩΝ ΛΟΙΠΟΥ ΕΠΙΚΟΥΡΙΚΟΥ ΠΡΟΣΩΠΙΚΟΥ ΜΕ ΣΧΕΣΗ ΕΡΓΑΣΙΑΣ ΙΔΟΧ ΜΗΝΟΣ  ΔΕΚΕΜΒΡΙΟΥ 2025 «ΕΝΙΣΧΥΣΗ ΤΩΝ ΦΟΡΕΩΝ ΥΓΕΙΑΣ ΜΕ ΕΠΙΚΟΥΡΙΚΟ ΠΡΟΣΩΠΙΚΟ ΓΙΑ ΤΗΝ ΑΝΤΑΠΟΚΡΙΣΗ ΣΤΙΣ ΑΝΑΓΚΕΣ ΛΟΓΩ ΤΗΣ ΕΠΙΔΗΜΙΑΣ COVID-19 ΣΤΗΝ ΠΕΡΙΦΕΡΕΙΑ ΘΕΣΣΑΛΙΑΣ» ΜΕ ΚΩΔΙΚΟ ΟΠΣ 5070510 ΣΤΟ ΕΠΙΧΕΙΡΗΣΙΑΚΟ ΠΡΟΓΡΑΜΜΑ «ΠΕΡΙΦΕΡΕΙΑΚΟ ΕΠΙΧΕΙΡΗΣΙΑΚΟ ΠΡΟΓΡΑΜΜΑ ΘΕΣΣΑΛΙΑΣ 2014  ΜΕ ΠΑΡΑΤΑΣΗ ΣΥΜΒΑΣΕΩΝ  ΕΩΣ 31/12/2025 ΣΥΜΦΩΝΑ ΜΕ ΤΙΣ ΔΙΑΤΑΞΕΙΣ  ΤΟΥ Ν.5161/2024 (ΦΕΚ  196/29-11-2024/τ.Α΄) ΑΡΘΡΟ 27 ΠΑΡ. 2,999501452,ΓΕΝΙΚΟ ΝΟΣΟΚΟΜΕΙΟ ΒΟΛΟΥ,47906.10,self-referential (payroll/EFKA/FMY remittance)
95ΤΩ4690ΒΩ-ΩΞΠ,2026-01-09,ΚΑΤΑΒΟΛΗ ΑΠΟΔΟΧΩΝ ΛΟΙΠΟΥ ΕΠΙΚΟΥΡΙΚΟΥ ΠΡΟΣΩΠΙΚΟΥ ΜΕ ΣΧΕΣΗ ΕΡΓΑΣΙΑΣ ΙΔΟΧ ΜΗΝΟΣ  ΔΕΚΕΜΒΡΙΟΥ 2025 «ΕΝΙΣΧΥΣΗ ΤΩΝ ΦΟΡΕΩΝ ΥΓΕΙΑΣ ΜΕ ΕΠΙΚΟΥΡΙΚΟ ΠΡΟΣΩΠΙΚΟ ΓΙΑ ΤΗΝ ΑΝΤΑΠΟΚΡΙΣΗ ΣΤΙΣ ΑΝΑΓΚΕΣ ΛΟΓΩ ΤΗΣ ΕΠΙΔΗΜΙΑΣ COVID-19 ΣΤΗΝ ΠΕΡΙΦΕΡΕΙΑ ΘΕΣΣΑΛΙΑΣ» ΜΕ ΚΩΔΙΚΟ ΟΠΣ 5070510 ΣΤΟ ΕΠΙΧΕΙΡΗΣΙΑΚΟ ΠΡΟΓΡΑΜΜΑ «ΠΕΡΙΦΕΡΕΙΑΚΟ ΕΠΙΧΕΙΡΗΣΙΑΚΟ ΠΡΟΓΡΑΜΜΑ ΘΕΣΣΑΛΙΑΣ 2014  ΜΕ ΠΑΡΑΤΑΣΗ ΣΥΜΒΑΣΕΩΝ  ΕΩΣ 31/12/2025 ΣΥΜΦΩΝΑ ΜΕ ΤΙΣ ΔΙΑΤΑΞΕΙΣ  ΤΟΥ Ν.5161/2024 (ΦΕΚ  196/29-11-2024/τ.Α΄) ΑΡΘΡΟ 27 ΠΑΡ. 2,999501452,ΓΕΝΙΚΟ ΝΟΣΟΚΟΜΕΙΟ ΒΟΛΟΥ,1494.00,self-referential (payroll/EFKA/FMY remittance)
95ΤΩ4690ΒΩ-ΩΞΠ,2026-01-09,ΚΑΤΑΒΟΛΗ ΑΠΟΔΟΧΩΝ ΛΟΙΠΟΥ ΕΠΙΚΟΥΡΙΚΟΥ ΠΡΟΣΩΠΙΚΟΥ ΜΕ ΣΧΕΣΗ ΕΡΓΑΣΙΑΣ ΙΔΟΧ ΜΗΝΟΣ  ΔΕΚΕΜΒΡΙΟΥ 2025 «ΕΝΙΣΧΥΣΗ ΤΩΝ ΦΟΡΕΩΝ ΥΓΕΙΑΣ ΜΕ ΕΠΙΚΟΥΡΙΚΟ ΠΡΟΣΩΠΙΚΟ ΓΙΑ ΤΗΝ ΑΝΤΑΠΟΚΡΙΣΗ ΣΤΙΣ ΑΝΑΓΚΕΣ ΛΟΓΩ ΤΗΣ ΕΠΙΔΗΜΙΑΣ COVID-19 ΣΤΗΝ ΠΕΡΙΦΕΡΕΙΑ ΘΕΣΣΑΛΙΑΣ» ΜΕ ΚΩΔΙΚΟ ΟΠΣ 5070510 ΣΤΟ ΕΠΙΧΕΙΡΗΣΙΑΚΟ ΠΡΟΓΡΑΜΜΑ «ΠΕΡΙΦΕΡΕΙΑΚΟ ΕΠΙΧΕΙΡΗΣΙΑΚΟ ΠΡΟΓΡΑΜΜΑ ΘΕΣΣΑΛΙΑΣ 2014  ΜΕ ΠΑΡΑΤΑΣΗ ΣΥΜΒΑΣΕΩΝ  ΕΩΣ 31/12/2025 ΣΥΜΦΩΝΑ ΜΕ ΤΙΣ ΔΙΑΤΑΞΕΙΣ  ΤΟΥ Ν.5161/2024 (ΦΕΚ  196/29-11-2024/τ.Α΄) ΑΡΘΡΟ 27 ΠΑΡ. 2,999501452,ΓΕΝΙΚΟ ΝΟΣΟΚΟΜΕΙΟ ΒΟΛΟΥ,7930.00,self-referential (payroll/EFKA/FMY remittance)
95ΤΩ4690ΒΩ-ΩΞΠ,2026-01-09,ΚΑΤΑΒΟΛΗ ΑΠΟΔΟΧΩΝ ΛΟΙΠΟΥ ΕΠΙΚΟΥΡΙΚΟΥ ΠΡΟΣΩΠΙΚΟΥ ΜΕ ΣΧΕΣΗ ΕΡΓΑΣΙΑΣ ΙΔΟΧ ΜΗΝΟΣ  ΔΕΚΕΜΒΡΙΟΥ 2025 «ΕΝΙΣΧΥΣΗ ΤΩΝ ΦΟΡΕΩΝ ΥΓΕΙΑΣ ΜΕ ΕΠΙΚΟΥΡΙΚΟ ΠΡΟΣΩΠΙΚΟ ΓΙΑ ΤΗΝ ΑΝΤΑΠΟΚΡΙΣΗ ΣΤΙΣ ΑΝΑΓΚΕΣ ΛΟΓΩ ΤΗΣ ΕΠΙΔΗΜΙΑΣ COVID-19 ΣΤΗΝ ΠΕΡΙΦΕΡΕΙΑ ΘΕΣΣΑΛΙΑΣ» ΜΕ ΚΩΔΙΚΟ ΟΠΣ 5070510 ΣΤΟ ΕΠΙΧΕΙΡΗΣΙΑΚΟ ΠΡΟΓΡΑΜΜΑ «ΠΕΡΙΦΕΡΕΙΑΚΟ ΕΠΙΧΕΙΡΗΣΙΑΚΟ ΠΡΟΓΡΑΜΜΑ ΘΕΣΣΑΛΙΑΣ 2014  ΜΕ ΠΑΡΑΤΑΣΗ ΣΥΜΒΑΣΕΩΝ  ΕΩΣ 31/12/2025 ΣΥΜΦΩΝΑ ΜΕ ΤΙΣ ΔΙΑΤΑΞΕΙΣ  ΤΟΥ Ν.5161/2024 (ΦΕΚ  196/29-11-2024/τ.Α΄) ΑΡΘΡΟ 27 ΠΑΡ. 2,999501452,ΓΕΝΙΚΟ ΝΟΣΟΚΟΜΕΙΟ ΒΟΛΟΥ,13661.11,self-referential (payroll/EFKA/FMY remittance)
9ΑΠΚ4690ΒΩ-ΨΛΑ,2026-01-09,ΚΑΤΑΒΟΛΗ ΑΠΟΔΟΧΩΝ ΛΟΙΠΟΥ ΕΠΙΚΟΥΡΙΚΟΥ ΠΡΟΣΩΠΙΚΟΥ ΜΗΝΟΣ ΔΕΚΕΜΒΡΙΟΥ 2025  ΜΕ ΠΑΡΑΤΑΣΗ ΣΥΜΒΑΣΕΩΝ  ΕΩΣ 31/12/2025 ΣΥΜΦΩΝΑ ΜΕ ΤΙΣ ΔΙΑΤΑΞΕΙΣ  ΤΟΥ Ν.5161/2024 (ΦΕΚ  196/29-11-2024/τ.Α΄) ΑΡΘΡΟ 27 ΠΑΡ. 2,999501452,ΓΕΝΙΚΟ ΝΟΣΟΚΟΜΕΙΟ ΒΟΛΟΥ,3347.00,self-referential (payroll/EFKA/FMY remittance)
9ΑΠΚ4690ΒΩ-ΨΛΑ,2026-01-09,ΚΑΤΑΒΟΛΗ ΑΠΟΔΟΧΩΝ ΛΟΙΠΟΥ ΕΠΙΚΟΥΡΙΚΟΥ ΠΡΟΣΩΠΙΚΟΥ ΜΗΝΟΣ ΔΕΚΕΜΒΡΙΟΥ 2025  ΜΕ ΠΑΡΑΤΑΣΗ ΣΥΜΒΑΣΕΩΝ  ΕΩΣ 31/12/2025 ΣΥΜΦΩΝΑ ΜΕ ΤΙΣ ΔΙΑΤΑΞΕΙΣ  ΤΟΥ Ν.5161/2024 (ΦΕΚ  196/29-11-2024/τ.Α΄) ΑΡΘΡΟ 27 ΠΑΡ. 2,999501452,ΓΕΝΙΚΟ ΝΟΣΟΚΟΜΕΙΟ ΒΟΛΟΥ,310.00,self-referential (payroll/EFKA/FMY remittance)
9ΑΠΚ4690ΒΩ-ΨΛΑ,2026-01-09,ΚΑΤΑΒΟΛΗ ΑΠΟΔΟΧΩΝ ΛΟΙΠΟΥ ΕΠΙΚΟΥΡΙΚΟΥ ΠΡΟΣΩΠΙΚΟΥ ΜΗΝΟΣ ΔΕΚΕΜΒΡΙΟΥ 2025  ΜΕ ΠΑΡΑΤΑΣΗ ΣΥΜΒΑΣΕΩΝ  ΕΩΣ 31/12/2025 ΣΥΜΦΩΝΑ ΜΕ ΤΙΣ ΔΙΑΤΑΞΕΙΣ  ΤΟΥ Ν.5161/2024 (ΦΕΚ  196/29-11-2024/τ.Α΄) ΑΡΘΡΟ 27 ΠΑΡ. 2,999501452,ΓΕΝΙΚΟ ΝΟΣΟΚΟΜΕΙΟ ΒΟΛΟΥ,565.00,self-referential (payroll/EFKA/FMY remittance)
9ΑΠΚ4690ΒΩ-ΨΛΑ,2026-01-09,ΚΑΤΑΒΟΛΗ ΑΠΟΔΟΧΩΝ ΛΟΙΠΟΥ ΕΠΙΚΟΥΡΙΚΟΥ ΠΡΟΣΩΠΙΚΟΥ ΜΗΝΟΣ ΔΕΚΕΜΒΡΙΟΥ 2025  ΜΕ ΠΑΡΑΤΑΣΗ ΣΥΜΒΑΣΕΩΝ  ΕΩΣ 31/12/2025 ΣΥΜΦΩΝΑ ΜΕ ΤΙΣ ΔΙΑΤΑΞΕΙΣ  ΤΟΥ Ν.5161/2024 (ΦΕΚ  196/29-11-2024/τ.Α΄) ΑΡΘΡΟ 27 ΠΑΡ. 2,999501452,ΓΕΝΙΚΟ ΝΟΣΟΚΟΜΕΙΟ ΒΟΛΟΥ,980.50,self-referential (payroll/EFKA/FMY remittance)
ΨΟΦΝ4690ΒΩ-ΕΥΧ,2026-01-09,ΚΑΤΑΒΟΛΗ ΑΠΟΔΟΧΩΝ ΙΑΤΡΙΚΟΥ ΕΠΙΚΟΥΡΙΚΟΥ ΠΡΟΣΩΠΙΚΟΥ ΜΗΝΟΣ ΔΕΚΕΜΒΡΙΟΥ 2025,999501452,ΓΕΝΙΚΟ ΝΟΣΟΚΟΜΕΙΟ ΒΟΛΟΥ,12148.00,self-referential (payroll/EFKA/FMY remittance)
ΨΟΦΝ4690ΒΩ-ΕΥΧ,2026-01-09,ΚΑΤΑΒΟΛΗ ΑΠΟΔΟΧΩΝ ΙΑΤΡΙΚΟΥ ΕΠΙΚΟΥΡΙΚΟΥ ΠΡΟΣΩΠΙΚΟΥ ΜΗΝΟΣ ΔΕΚΕΜΒΡΙΟΥ 2025,999501452,ΓΕΝΙΚΟ ΝΟΣΟΚΟΜΕΙΟ ΒΟΛΟΥ,180.00,self-referential (payroll/EFKA/FMY remittance)
ΨΟΦΝ4690ΒΩ-ΕΥΧ,2026-01-09,ΚΑΤΑΒΟΛΗ ΑΠΟΔΟΧΩΝ ΙΑΤΡΙΚΟΥ ΕΠΙΚΟΥΡΙΚΟΥ ΠΡΟΣΩΠΙΚΟΥ ΜΗΝΟΣ ΔΕΚΕΜΒΡΙΟΥ 2025,999501452,ΓΕΝΙΚΟ ΝΟΣΟΚΟΜΕΙΟ ΒΟΛΟΥ,260.00,self-referential (payroll/EFKA/FMY remittance)
ΨΟΦΝ4690ΒΩ-ΕΥΧ,2026-01-09,ΚΑΤΑΒΟΛΗ ΑΠΟΔΟΧΩΝ ΙΑΤΡΙΚΟΥ ΕΠΙΚΟΥΡΙΚΟΥ ΠΡΟΣΩΠΙΚΟΥ ΜΗΝΟΣ ΔΕΚΕΜΒΡΙΟΥ 2025,999501452,ΓΕΝΙΚΟ ΝΟΣΟΚΟΜΕΙΟ ΒΟΛΟΥ,2400.00,self-referential (payroll/EFKA/FMY remittance)
ΨΟΦΝ4690ΒΩ-ΕΥΧ,2026-01-09,ΚΑΤΑΒΟΛΗ ΑΠΟΔΟΧΩΝ ΙΑΤΡΙΚΟΥ ΕΠΙΚΟΥΡΙΚΟΥ ΠΡΟΣΩΠΙΚΟΥ ΜΗΝΟΣ ΔΕΚΕΜΒΡΙΟΥ 2025,999501452,ΓΕΝΙΚΟ ΝΟΣΟΚΟΜΕΙΟ ΒΟΛΟΥ,3265.89,self-referential (payroll/EFKA/FMY remittance)
ΨΜΝΨ4690ΒΩ-ΡΧΕ,2026-01-09,ΚΑΤΑΒΟΛΗ ΑΠΟΔΟΧΩΝ ΜΗΝΟΣ ΔΕΚΕΜΒΡΙΟΥ 2025  ΣΕ ΠΡΟΣΩΠΙΚΟ ΠΟΥ ΥΠΗΡΕΤΕΙ ΜΕΣΩ ΠΡΟΓΡΑΜΜΑΤΟΣ ΟΑΕΔ ΗΛΙΚΙΑΣ 55-67 ΣΥΜΦΩΝΑ ΜΕ ΤΗΝ 1η ΤΡΟΠΟΠΟΙΗΣΗ ΤΗΣ ΔΗΜΟΣΙΑΣ ΠΡΟΣΚΛΗΣΗΣ Νο 11/2017 ΤΟΥ ΟΑΕΔ,999501452,ΓΕΝΙΚΟ ΝΟΣΟΚΟΜΕΙΟ ΒΟΛΟΥ,33553.74,self-referential (payroll/EFKA/FMY remittance)
ΨΜΝΨ4690ΒΩ-ΡΧΕ,2026-01-09,ΚΑΤΑΒΟΛΗ ΑΠΟΔΟΧΩΝ ΜΗΝΟΣ ΔΕΚΕΜΒΡΙΟΥ 2025  ΣΕ ΠΡΟΣΩΠΙΚΟ ΠΟΥ ΥΠΗΡΕΤΕΙ ΜΕΣΩ ΠΡΟΓΡΑΜΜΑΤΟΣ ΟΑΕΔ ΗΛΙΚΙΑΣ 55-67 ΣΥΜΦΩΝΑ ΜΕ ΤΗΝ 1η ΤΡΟΠΟΠΟΙΗΣΗ ΤΗΣ ΔΗΜΟΣΙΑΣ ΠΡΟΣΚΛΗΣΗΣ Νο 11/2017 ΤΟΥ ΟΑΕΔ,999501452,ΓΕΝΙΚΟ ΝΟΣΟΚΟΜΕΙΟ ΒΟΛΟΥ,385.00,self-referential (payroll/EFKA/FMY remittance)
ΨΜΝΨ4690ΒΩ-ΡΧΕ,2026-01-09,ΚΑΤΑΒΟΛΗ ΑΠΟΔΟΧΩΝ ΜΗΝΟΣ ΔΕΚΕΜΒΡΙΟΥ 2025  ΣΕ ΠΡΟΣΩΠΙΚΟ ΠΟΥ ΥΠΗΡΕΤΕΙ ΜΕΣΩ ΠΡΟΓΡΑΜΜΑΤΟΣ ΟΑΕΔ ΗΛΙΚΙΑΣ 55-67 ΣΥΜΦΩΝΑ ΜΕ ΤΗΝ 1η ΤΡΟΠΟΠΟΙΗΣΗ ΤΗΣ ΔΗΜΟΣΙΑΣ ΠΡΟΣΚΛΗΣΗΣ Νο 11/2017 ΤΟΥ ΟΑΕΔ,999501452,ΓΕΝΙΚΟ ΝΟΣΟΚΟΜΕΙΟ ΒΟΛΟΥ,3058.50,self-referential (payroll/EFKA/FMY remittance)
ΨΜΝΨ4690ΒΩ-ΡΧΕ,2026-01-09,ΚΑΤΑΒΟΛΗ ΑΠΟΔΟΧΩΝ ΜΗΝΟΣ ΔΕΚΕΜΒΡΙΟΥ 2025  ΣΕ ΠΡΟΣΩΠΙΚΟ ΠΟΥ ΥΠΗΡΕΤΕΙ ΜΕΣΩ ΠΡΟΓΡΑΜΜΑΤΟΣ ΟΑΕΔ ΗΛΙΚΙΑΣ 55-67 ΣΥΜΦΩΝΑ ΜΕ ΤΗΝ 1η ΤΡΟΠΟΠΟΙΗΣΗ ΤΗΣ ΔΗΜΟΣΙΑΣ ΠΡΟΣΚΛΗΣΗΣ Νο 11/2017 ΤΟΥ ΟΑΕΔ,999501452,ΓΕΝΙΚΟ ΝΟΣΟΚΟΜΕΙΟ ΒΟΛΟΥ,8516.71,self-referential (payroll/EFKA/FMY remittance)
Ψ4ΞΛ4690ΒΩ-Ε0Τ,2026-01-09,ΚΑΤΑΒΟΛΗ ΑΠΟΖΗΜΙΩΣΗΣ ΑΔΕΙΑ ΜΑΘΗΤΕΙΑΣ  ΣΕ ΜΕΤΑΛΥΚΕΙΑΚΟΥΣ ΣΠΟΥΔΑΣΤΕΣ ΓΙΑ ΤΟΝ ΜΗΝΑ  ΟΚΤΩΒΡΙΟ  2025,999501452,ΓΕΝΙΚΟ ΝΟΣΟΚΟΜΕΙΟ ΒΟΛΟΥ,6.51,self-referential (payroll/EFKA/FMY remittance)
Ψ4ΞΛ4690ΒΩ-Ε0Τ,2026-01-09,ΚΑΤΑΒΟΛΗ ΑΠΟΖΗΜΙΩΣΗΣ ΑΔΕΙΑ ΜΑΘΗΤΕΙΑΣ  ΣΕ ΜΕΤΑΛΥΚΕΙΑΚΟΥΣ ΣΠΟΥΔΑΣΤΕΣ ΓΙΑ ΤΟΝ ΜΗΝΑ  ΟΚΤΩΒΡΙΟ  2025,999501452,ΓΕΝΙΚΟ ΝΟΣΟΚΟΜΕΙΟ ΒΟΛΟΥ,143.91,self-referential (payroll/EFKA/FMY remittance)
Ψ0ΩΣ4690ΒΩ-Ψ5Υ,2026-01-09,: ΚΑΤΑΒΟΛΗ ΑΠΟΔΟΧΩΝ ΜΗΝΟΣ ΔΕΚΕΜΒΡΙΟΥ 2025  ΛΟΙΠΟΥ ΕΠΙΚΟΥΡΙΚΟΥ ΠΡΟΣΩΠΙΚΟΥ ΜΕ ΣΧΕΣΗ ΕΡΓΑΣΙΑΣ ΙΔΟΧ ΣΕ ΕΦΑΡΜΟΓΗ ΤΩΝ ΔΙΑΤΑΞΕΩΝ ΤΟΥ ΑΡΘΡΟΥ 17 ΤΗΣ ΠΝΠ ΦΕΚ 55/1-3-2020 ΄΄ΚΑΤΕΠΕΙΓΟΝΤΑ ΜΕΤΡΑ ΑΝΤΙΜΕΤΩΠΙΣΗΣ ΤΩΝ ΑΡΝΗΤΙΚΩΝ ΣΥΝΕΠΕΙΩΝ ΤΗΣ ΕΜΦΑΝΙΣΗΣ COVID19 ΜΕ ΠΑΡΑΤΑΣΗ ΣΥΜΒΑΣΕΩΝ  ΕΩΣ 31/12/2025 ΣΥΜΦΩΝΑ ΜΕ ΤΙΣ ΔΙΑΤΑΞΕΙΣ ΤΟΥ Ν.5161/2024 (ΦΕΚ  196/29-11-2024/τ.Α΄) ΑΡΘΡΟ 27 ΠΑΡ. 2,999501452,ΓΕΝΙΚΟ ΝΟΣΟΚΟΜΕΙΟ ΒΟΛΟΥ,18036.00,self-referential (payroll/EFKA/FMY remittance)
Ψ0ΩΣ4690ΒΩ-Ψ5Υ,2026-01-09,: ΚΑΤΑΒΟΛΗ ΑΠΟΔΟΧΩΝ ΜΗΝΟΣ ΔΕΚΕΜΒΡΙΟΥ 2025  ΛΟΙΠΟΥ ΕΠΙΚΟΥΡΙΚΟΥ ΠΡΟΣΩΠΙΚΟΥ ΜΕ ΣΧΕΣΗ ΕΡΓΑΣΙΑΣ ΙΔΟΧ ΣΕ ΕΦΑΡΜΟΓΗ ΤΩΝ ΔΙΑΤΑΞΕΩΝ ΤΟΥ ΑΡΘΡΟΥ 17 ΤΗΣ ΠΝΠ ΦΕΚ 55/1-3-2020 ΄΄ΚΑΤΕΠΕΙΓΟΝΤΑ ΜΕΤΡΑ ΑΝΤΙΜΕΤΩΠΙΣΗΣ ΤΩΝ ΑΡΝΗΤΙΚΩΝ ΣΥΝΕΠΕΙΩΝ ΤΗΣ ΕΜΦΑΝΙΣΗΣ COVID19 ΜΕ ΠΑΡΑΤΑΣΗ ΣΥΜΒΑΣΕΩΝ  ΕΩΣ 31/12/2025 ΣΥΜΦΩΝΑ ΜΕ ΤΙΣ ΔΙΑΤΑΞΕΙΣ ΤΟΥ Ν.5161/2024 (ΦΕΚ  196/29-11-2024/τ.Α΄) ΑΡΘΡΟ 27 ΠΑΡ. 2,999501452,ΓΕΝΙΚΟ ΝΟΣΟΚΟΜΕΙΟ ΒΟΛΟΥ,1090.00,self-referential (payroll/EFKA/FMY remittance)
Ψ0ΩΣ4690ΒΩ-Ψ5Υ,2026-01-09,: ΚΑΤΑΒΟΛΗ ΑΠΟΔΟΧΩΝ ΜΗΝΟΣ ΔΕΚΕΜΒΡΙΟΥ 2025  ΛΟΙΠΟΥ ΕΠΙΚΟΥΡΙΚΟΥ ΠΡΟΣΩΠΙΚΟΥ ΜΕ ΣΧΕΣΗ ΕΡΓΑΣΙΑΣ ΙΔΟΧ ΣΕ ΕΦΑΡΜΟΓΗ ΤΩΝ ΔΙΑΤΑΞΕΩΝ ΤΟΥ ΑΡΘΡΟΥ 17 ΤΗΣ ΠΝΠ ΦΕΚ 55/1-3-2020 ΄΄ΚΑΤΕΠΕΙΓΟΝΤΑ ΜΕΤΡΑ ΑΝΤΙΜΕΤΩΠΙΣΗΣ ΤΩΝ ΑΡΝΗΤΙΚΩΝ ΣΥΝΕΠΕΙΩΝ ΤΗΣ ΕΜΦΑΝΙΣΗΣ COVID19 ΜΕ ΠΑΡΑΤΑΣΗ ΣΥΜΒΑΣΕΩΝ  ΕΩΣ 31/12/2025 ΣΥΜΦΩΝΑ ΜΕ ΤΙΣ ΔΙΑΤΑΞΕΙΣ ΤΟΥ Ν.5161/2024 (ΦΕΚ  196/29-11-2024/τ.Α΄) ΑΡΘΡΟ 27 ΠΑΡ. 2,999501452,ΓΕΝΙΚΟ ΝΟΣΟΚΟΜΕΙΟ ΒΟΛΟΥ,1915.00,self-referential (payroll/EFKA/FMY remittance)
Ψ0ΩΣ4690ΒΩ-Ψ5Υ,2026-01-09,: ΚΑΤΑΒΟΛΗ ΑΠΟΔΟΧΩΝ ΜΗΝΟΣ ΔΕΚΕΜΒΡΙΟΥ 2025  ΛΟΙΠΟΥ ΕΠΙΚΟΥΡΙΚΟΥ ΠΡΟΣΩΠΙΚΟΥ ΜΕ ΣΧΕΣΗ ΕΡΓΑΣΙΑΣ ΙΔΟΧ ΣΕ ΕΦΑΡΜΟΓΗ ΤΩΝ ΔΙΑΤΑΞΕΩΝ ΤΟΥ ΑΡΘΡΟΥ 17 ΤΗΣ ΠΝΠ ΦΕΚ 55/1-3-2020 ΄΄ΚΑΤΕΠΕΙΓΟΝΤΑ ΜΕΤΡΑ ΑΝΤΙΜΕΤΩΠΙΣΗΣ ΤΩΝ ΑΡΝΗΤΙΚΩΝ ΣΥΝΕΠΕΙΩΝ ΤΗΣ ΕΜΦΑΝΙΣΗΣ COVID19 ΜΕ ΠΑΡΑΤΑΣΗ ΣΥΜΒΑΣΕΩΝ  ΕΩΣ 31/12/2025 ΣΥΜΦΩΝΑ ΜΕ ΤΙΣ ΔΙΑΤΑΞΕΙΣ ΤΟΥ Ν.5161/2024 (ΦΕΚ  196/29-11-2024/τ.Α΄) ΑΡΘΡΟ 27 ΠΑΡ. 2,999501452,ΓΕΝΙΚΟ ΝΟΣΟΚΟΜΕΙΟ ΒΟΛΟΥ,4859.87,self-referential (payroll/EFKA/FMY remittance)
ΨΤ3Μ4690ΒΩ-Λ1Χ,2026-01-09,ΚΑΤΑΒΟΛΗ ΑΠΟΖΗΜΙΩΣΗΣ ΑΔΕΙΑ ΜΑΘΗΤΕΙΑΣ ΣΕ ΜΕΤΑΛΥΚΕΙΑΚΟΥΣ ΣΠΟΥΔΑΣΤΕΣ ΓΙΑ ΤΟΝ ΜΗΝΑ ΟΚΤΩΒΡΙΟ 2025,999501452,ΓΕΝΙΚΟ ΝΟΣΟΚΟΜΕΙΟ ΒΟΛΟΥ,37.34,self-referential (payroll/EFKA/FMY remittance)
ΨΤ3Μ4690ΒΩ-Λ1Χ,2026-01-09,ΚΑΤΑΒΟΛΗ ΑΠΟΖΗΜΙΩΣΗΣ ΑΔΕΙΑ ΜΑΘΗΤΕΙΑΣ ΣΕ ΜΕΤΑΛΥΚΕΙΑΚΟΥΣ ΣΠΟΥΔΑΣΤΕΣ ΓΙΑ ΤΟΝ ΜΗΝΑ ΟΚΤΩΒΡΙΟ 2025,999501452,ΓΕΝΙΚΟ ΝΟΣΟΚΟΜΕΙΟ ΒΟΛΟΥ,6.26,self-referential (payroll/EFKA/FMY remittance)
ΡΙ8Χ4690ΒΩ-64Γ,2026-01-08,ΕΦΗΜΕΡΙΕΣ  ΕΠΙΣΤΗΜΟΝΙΚΟΥ ΠΡΟΣΩΠΙΚΟΥ   ΜΗΝΟΣ  ΝΟΕΜΒΡΙΟΥ 2025,999501452,ΓΕΝΙΚΟ ΝΟΣΟΚΟΜΕΙΟ ΒΟΛΟΥ,6296.80,self-referential (payroll/EFKA/FMY remittance)
ΡΙ8Χ4690ΒΩ-64Γ,2026-01-08,ΕΦΗΜΕΡΙΕΣ  ΕΠΙΣΤΗΜΟΝΙΚΟΥ ΠΡΟΣΩΠΙΚΟΥ   ΜΗΝΟΣ  ΝΟΕΜΒΡΙΟΥ 2025,999501452,ΓΕΝΙΚΟ ΝΟΣΟΚΟΜΕΙΟ ΒΟΛΟΥ,3907.03,self-referential (payroll/EFKA/FMY remittance)
99Ι94690ΒΩ-ΕΑΓ,2026-01-08,ΠΡΟΣΘΕΤΕΣ ΑΜΟΙΒΕΣ ΛΟΙΠΟΥ ΕΠΙΚΟΥΡΙΚΟΥ ΠΡΟΣΩΠΙΚΟΥ ΜΕ ΣΧΕΣΗ ΕΡΓΑΣΙΑΣ ΙΔΟΧ ΜΗΝΟΣ  ΝΟΕΜΒΡΙΟΥ 2025«ΕΝΙΣΧΥΣΗ ΤΩΝ ΦΟΡΕΩΝ ΥΓΕΙΑΣ ΜΕ ΕΠΙΚΟΥΡΙΚΟ ΠΡΟΣΩΠΙΚΟ ΓΙΑ ΤΗΝ ΑΝΤΑΠΟΚΡΙΣΗ ΣΤΙΣ ΑΝΑΓΚΕΣ ΛΟΓΩ ΤΗΣ ΕΠΙΔΗΜΙΑΣ COVID-19 ΣΤΗΝ ΠΕΡΙΦΕΡΕΙΑ ΘΕΣΣΑΛΙΑΣ» ΜΕ ΚΩΔΙΚΟ ΟΠΣ 5070510 ΣΤΟ ΕΠΙΧΕΙΡΗΣΙΑΚΟ ΠΡΟΓΡΑΜΜΑ «ΠΕΡΙΦΕΡΕΙΑΚΟ ΕΠΙΧΕΙΡΗΣΙΑΚΟ ΠΡΟΓΡΑΜΜΑ ΘΕΣΣΑΛΙΑΣ 2014 ΜΕ ΠΑΡΑΤΑΣΗ ΣΥΜΒΑΣΕΩΝ  ΕΩΣ 31/12/2024 ΣΥΜΦΩΝΑ ΜΕ ΤΙΣ ΔΙΑΤΑΞΕΙΣ  ΤΟΥ Ν.5079/2023 (ΦΕΚ 215/22-12-2023/τ.Α΄) ΑΡΘΡΟ 70 ΠΑΡ,999501452,ΓΕΝΙΚΟ ΝΟΣΟΚΟΜΕΙΟ ΒΟΛΟΥ,1916.75,self-referential (payroll/EFKA/FMY remittance)
99Ι94690ΒΩ-ΕΑΓ,2026-01-08,ΠΡΟΣΘΕΤΕΣ ΑΜΟΙΒΕΣ ΛΟΙΠΟΥ ΕΠΙΚΟΥΡΙΚΟΥ ΠΡΟΣΩΠΙΚΟΥ ΜΕ ΣΧΕΣΗ ΕΡΓΑΣΙΑΣ ΙΔΟΧ ΜΗΝΟΣ  ΝΟΕΜΒΡΙΟΥ 2025«ΕΝΙΣΧΥΣΗ ΤΩΝ ΦΟΡΕΩΝ ΥΓΕΙΑΣ ΜΕ ΕΠΙΚΟΥΡΙΚΟ ΠΡΟΣΩΠΙΚΟ ΓΙΑ ΤΗΝ ΑΝΤΑΠΟΚΡΙΣΗ ΣΤΙΣ ΑΝΑΓΚΕΣ ΛΟΓΩ ΤΗΣ ΕΠΙΔΗΜΙΑΣ COVID-19 ΣΤΗΝ ΠΕΡΙΦΕΡΕΙΑ ΘΕΣΣΑΛΙΑΣ» ΜΕ ΚΩΔΙΚΟ ΟΠΣ 5070510 ΣΤΟ ΕΠΙΧΕΙΡΗΣΙΑΚΟ ΠΡΟΓΡΑΜΜΑ «ΠΕΡΙΦΕΡΕΙΑΚΟ ΕΠΙΧΕΙΡΗΣΙΑΚΟ ΠΡΟΓΡΑΜΜΑ ΘΕΣΣΑΛΙΑΣ 2014 ΜΕ ΠΑΡΑΤΑΣΗ ΣΥΜΒΑΣΕΩΝ  ΕΩΣ 31/12/2024 ΣΥΜΦΩΝΑ ΜΕ ΤΙΣ ΔΙΑΤΑΞΕΙΣ  ΤΟΥ Ν.5079/2023 (ΦΕΚ 215/22-12-2023/τ.Α΄) ΑΡΘΡΟ 70 ΠΑΡ,999501452,ΓΕΝΙΚΟ ΝΟΣΟΚΟΜΕΙΟ ΒΟΛΟΥ,4466.46,self-referential (payroll/EFKA/FMY remittance)
9ΕΥΣ4690ΒΩ-Ν6Ε,2026-01-08,ΠΡΟΣΘΕΤΕΣ ΑΜΟΙΒΕΣ ΛΟΙΠΟΥ ΕΠΙΚΟΥΡΙΚΟΥ ΠΡΟΣΩΠΙΚΟΥ ΝΟΕΜΒΡΙΟΥ 2025 ΣΥΜΦΩΝΑ ΜΕ ΤΙΣ ΔΙΑΤΑΞΕΩΝ ΤΟΥ ΑΡΘΡΟΥ 17 ΤΗΣ ΠΝΠ ΦΕΚ 55/1-3-2020 ΄΄ΚΑΤΕΠΕΙΓΟΝΤΑ ΜΕΤΡΑ ΑΝΤΙΜΕΤΩΠΙΣΗΣ ΤΩΝ ΑΡΝΗΤΙΚΩΝ ΣΥΝΕΠΕΙΩΝ ΤΗΣ ΕΜΦΑΝΙΣΗΣ COVID-19,999501452,ΓΕΝΙΚΟ ΝΟΣΟΚΟΜΕΙΟ ΒΟΛΟΥ,817.06,self-referential (payroll/EFKA/FMY remittance)
9ΕΥΣ4690ΒΩ-Ν6Ε,2026-01-08,ΠΡΟΣΘΕΤΕΣ ΑΜΟΙΒΕΣ ΛΟΙΠΟΥ ΕΠΙΚΟΥΡΙΚΟΥ ΠΡΟΣΩΠΙΚΟΥ ΝΟΕΜΒΡΙΟΥ 2025 ΣΥΜΦΩΝΑ ΜΕ ΤΙΣ ΔΙΑΤΑΞΕΩΝ ΤΟΥ ΑΡΘΡΟΥ 17 ΤΗΣ ΠΝΠ ΦΕΚ 55/1-3-2020 ΄΄ΚΑΤΕΠΕΙΓΟΝΤΑ ΜΕΤΡΑ ΑΝΤΙΜΕΤΩΠΙΣΗΣ ΤΩΝ ΑΡΝΗΤΙΚΩΝ ΣΥΝΕΠΕΙΩΝ ΤΗΣ ΕΜΦΑΝΙΣΗΣ COVID-19,999501452,ΓΕΝΙΚΟ ΝΟΣΟΚΟΜΕΙΟ ΒΟΛΟΥ,1238.98,self-referential (payroll/EFKA/FMY remittance)
6ΖΟ64690ΒΩ-ΦΨΡ,2026-01-08,"ΠΡΟΣΘΕΤΕΣ ΑΜΟΙΒΕΣ ΛΟΙΠΟΥ (ΔΙΟΙΚΗΤΙΚΟ,ΝΟΣΗΛΕΥΤΙΚΟ,ΤΕΧΝΙΚΟ κ.λ.π.) ΠΡΟΣΩΠΙΚΟΥ ΨΥΧΙΚΗΣ ΥΓΕΙΑΣ ΜΗΝΟΣ ΝΟΕΜΒΡΙΟΥ 2025",999501452,ΓΕΝΙΚΟ ΝΟΣΟΚΟΜΕΙΟ ΒΟΛΟΥ,2952.21,self-referential (payroll/EFKA/FMY remittance)
9ΓΟΑ4690ΒΩ-Π2Χ,2026-01-08,ΕΦΗΜΕΡΙΕΣ  ΕΠΙΣΤΗΜΟΝΙΚΟΥ ΠΡΟΣΩΠΙΚΟΥ  ΨΥΧΙΚΗΣ ΥΓΕΙΑΣ ΜΗΝΟΣ  ΝΟΕΜΒΡΙΟΥ 2025,999501452,ΓΕΝΙΚΟ ΝΟΣΟΚΟΜΕΙΟ ΒΟΛΟΥ,2764.28,self-referential (payroll/EFKA/FMY remittance)
Ψ84Σ4690ΒΩ-ΤΜΚ,2026-01-08,ΠΡΟΣΘΕΤΕΣ ΑΜΟΙΒΕΣ ΕΙΔΙΚΕΥΟΜΕΝΩΝ ΝΟΣΗΛΕΥΤΩΝ ΜΗΝΟΣ ΝΟΕΜΒΡΙΟΥ 2025 ΣΥΜΦΩΝΑ ΜΕ ΤΙΣ ΔΙΑΤΑΞΕΙΣ ΤΟΥ ΑΡΘΡΟΥ 58 ΤΟΥ Ν.4690/2020 (ΦΕΚ 104/Α/30-5-2020),999501452,ΓΕΝΙΚΟ ΝΟΣΟΚΟΜΕΙΟ ΒΟΛΟΥ,545.80,self-referential (payroll/EFKA/FMY remittance)
Ψ84Σ4690ΒΩ-ΤΜΚ,2026-01-08,ΠΡΟΣΘΕΤΕΣ ΑΜΟΙΒΕΣ ΕΙΔΙΚΕΥΟΜΕΝΩΝ ΝΟΣΗΛΕΥΤΩΝ ΜΗΝΟΣ ΝΟΕΜΒΡΙΟΥ 2025 ΣΥΜΦΩΝΑ ΜΕ ΤΙΣ ΔΙΑΤΑΞΕΙΣ ΤΟΥ ΑΡΘΡΟΥ 58 ΤΟΥ Ν.4690/2020 (ΦΕΚ 104/Α/30-5-2020),999501452,ΓΕΝΙΚΟ ΝΟΣΟΚΟΜΕΙΟ ΒΟΛΟΥ,1690.51,self-referential (payroll/EFKA/FMY remittance)
9ΙΟΝ4690ΒΩ-ΤΥΨ,2026-01-08,ΠΡΟΣΘΕΤΕΣ ΑΜΟΙΒΕΣ ΙΔ. ΔΙΚΑΙΟΥ (ΑΟΡΙΣΤΟΥ-ΟΡΙΣΜΕΝΟΥ-ΑΤΟΜΙΚΕΣ ΣΥΜΒΑΣΕΙΣ) ΜΗΝΟΣ  ΝΟΕΜΒΡΙΟΥ 2025,999501452,ΓΕΝΙΚΟ ΝΟΣΟΚΟΜΕΙΟ ΒΟΛΟΥ,2541.86,self-referential (payroll/EFKA/FMY remittance)
9ΙΟΝ4690ΒΩ-ΤΥΨ,2026-01-08,ΠΡΟΣΘΕΤΕΣ ΑΜΟΙΒΕΣ ΙΔ. ΔΙΚΑΙΟΥ (ΑΟΡΙΣΤΟΥ-ΟΡΙΣΜΕΝΟΥ-ΑΤΟΜΙΚΕΣ ΣΥΜΒΑΣΕΙΣ) ΜΗΝΟΣ  ΝΟΕΜΒΡΙΟΥ 2025,999501452,ΓΕΝΙΚΟ ΝΟΣΟΚΟΜΕΙΟ ΒΟΛΟΥ,1315.08,self-referential (payroll/EFKA/FMY remittance)
9ΓΗΘ4690ΒΩ-ΒΘΘ,2026-01-08,ΠΡΟΣΘΕΤΕΣ ΑΜΟΙΒΕΣ ΛΟΙΠΟΥ  ΕΠΙΚΟΥΡΙΚΟΥ ΠΡΟΣΩΠΙΚΟΥ ΜΗΝΟΣ  ΝΟΕΜΒΡΙΟΥ 2025,999501452,ΓΕΝΙΚΟ ΝΟΣΟΚΟΜΕΙΟ ΒΟΛΟΥ,140.60,self-referential (payroll/EFKA/FMY remittance)
9ΓΗΘ4690ΒΩ-ΒΘΘ,2026-01-08,ΠΡΟΣΘΕΤΕΣ ΑΜΟΙΒΕΣ ΛΟΙΠΟΥ  ΕΠΙΚΟΥΡΙΚΟΥ ΠΡΟΣΩΠΙΚΟΥ ΜΗΝΟΣ  ΝΟΕΜΒΡΙΟΥ 2025,999501452,ΓΕΝΙΚΟ ΝΟΣΟΚΟΜΕΙΟ ΒΟΛΟΥ,320.59,self-referential (payroll/EFKA/FMY remittance)
Ρ4ΨΨ4690ΒΩ-0ΨΗ,2026-01-08,"ΑΜΟΙΒΗ ΛΟΙΠΟΥ (ΔΙΟΙΚΗΤΙΚΟ,ΝΟΣΗΛΕΥΤΙΚΟ κ.λ.π)ΠΡΟΣΩΠΙΚΟΥ ΠΟΥ ΕΡΓΑΣΤΗΚΑΝ ΣΤΑ ΟΛΟΗΜΕΡΑ ΙΑΤΡΕΙΑ ΤΟΝ ΜΗΝΑ  ΝΟΕΜΒΡΙΟ 2025",999501452,ΓΕΝΙΚΟ ΝΟΣΟΚΟΜΕΙΟ ΒΟΛΟΥ,36192.43,self-referential (payroll/EFKA/FMY remittance)
Ρ4ΨΨ4690ΒΩ-0ΨΗ,2026-01-08,"ΑΜΟΙΒΗ ΛΟΙΠΟΥ (ΔΙΟΙΚΗΤΙΚΟ,ΝΟΣΗΛΕΥΤΙΚΟ κ.λ.π)ΠΡΟΣΩΠΙΚΟΥ ΠΟΥ ΕΡΓΑΣΤΗΚΑΝ ΣΤΑ ΟΛΟΗΜΕΡΑ ΙΑΤΡΕΙΑ ΤΟΝ ΜΗΝΑ  ΝΟΕΜΒΡΙΟ 2025",999501452,ΓΕΝΙΚΟ ΝΟΣΟΚΟΜΕΙΟ ΒΟΛΟΥ,39727.93,self-referential (payroll/EFKA/FMY remittance)
ΡΨ0Ν4690ΒΩ-6ΑΕ,2026-01-08,"ΑΜΟΙΒΗ ΛΟΙΠΟΥ (ΔΙΟΙΚΗΤΙΚΟ,ΝΟΣΗΛΕΥΤΙΚΟ κ.λ.π)ΠΡΟΣΩΠΙΚΟΥ ΠΟΥ ΕΡΓΑΣΤΗΚΑΝ ΣΤΑ ΟΛΟΗΜΕΡΑ ΙΑΤΡΕΙΑ ΤΟΝ ΜΗΝΑ  ΝΟΕΜΒΡΙΟ 2025",999501452,ΓΕΝΙΚΟ ΝΟΣΟΚΟΜΕΙΟ ΒΟΛΟΥ,1560.00,self-referential (payroll/EFKA/FMY remittance)
9ΦΒΣ4690ΒΩ-ΒΛΣ,2026-01-08,ΑΜΟΙΒΗ ΙΑΤΡΙΚΟΥ ΠΡΟΣΩΠΙΚΟΥ ΠΟΥ ΕΡΓΑΣΤΗΚΑΝ ΣΤΑ ΟΛΟΗΜΕΡΑ ΙΑΤΡΕΙΑ ΤΟΝ ΜΗΝΑ  ΝΟΕΜΒΡΙΟ 2025,999501452,ΓΕΝΙΚΟ ΝΟΣΟΚΟΜΕΙΟ ΒΟΛΟΥ,1536.00,self-referential (payroll/EFKA/FMY remittance)
9ΖΙΜ4690ΒΩ-Β58,2026-01-08,ΑΜΟΙΒΗ ΙΑΤΡΟΥ ΑΠΟ ΧΕΙΡΟΥΡΓΙΚΕΣ ( ΟΔΟΝΤΙΑΤΡΙΚΕΣ ) ΠΡΑΞΕΙΣ ΑΣΦΑΛΙΣΜΕΝΩΝ ΤΟΥ ΕΟΠΥ ΤΟΝ ΜΗΝΑ  ΟΚΤΩΒΡΙΟ 2020,999501452,ΓΕΝΙΚΟ ΝΟΣΟΚΟΜΕΙΟ ΒΟΛΟΥ,600.00,self-referential (payroll/EFKA/FMY remittance)
655Π4690ΒΩ-4ΜΛ,2026-01-08,ΑΜΟΙΒΗ ΙΑΤΡΟΥ ΑΠΟ ΧΕΙΡΟΥΡΓΙΚΕΣ ( ΟΔΟΝΤΙΑΤΡΙΚΕΣ ) ΠΡΑΞΕΙΣ ΑΣΦΑΛΙΣΜΕΝΩΝ ΤΟΥ ΕΟΠΥ ΤΟΝ ΜΗΝΑ  ΣΕΕΠΤΕΜΒΡΙΟ 2020,999501452,ΓΕΝΙΚΟ ΝΟΣΟΚΟΜΕΙΟ ΒΟΛΟΥ,1200.00,self-referential (payroll/EFKA/FMY remittance)
99ΨΝ4690ΒΩ-ΧΜΟ,2026-01-08,"ΗΜΕΡΗΣΙΑ ΑΠΟΖΗΜΙΩΣΗ ΕΙΔΙΚΕΥΟΜΕΝΩΝ ΙΑΤΡΩΝ ΓΙΑ ΔΙΑΚΟΜΙΔΕΣ ΑΣΘΕΝΩΝ ΓΙΑ  7,29/9/2025,6,16,20,24,28/10/2025,11/11/2025",999501452,ΓΕΝΙΚΟ ΝΟΣΟΚΟΜΕΙΟ ΒΟΛΟΥ,130.00,self-referential (payroll/EFKA/FMY remittance)
ΨΠΥ14690ΒΩ-35Υ,2026-01-08,"ΗΜΕΡΗΣΙΑ  ΑΠΟΖΗΜΙΩΣΗ ΟΔΟΙΠΟΡΙΚΑ ΕΞΟΔΑ ΥΠΑΛΛΗΛΟΥ ΤΟΥ ΓΝΒ ΠΟΥ ΜΕΤΕΒΗ ΣΤΗ ΛΑΡΙΣΑ ΠΡΟΚΕΙΜΕΝΟΥ  ΓΙΑ ΣΥΜΜΕΤΟΧΗ ΤΟΥ  ΣΤΗΝ  ΕΘΝΙΚΗ ΔΙΑΚΛΑΔΙΚΗ ΑΣΚΗΣΗ ΤΑΑΣ-ΑΝΤΙΟΧΟΣ 2025 29/9/2025,3/10/2025",999501452,ΓΕΝΙΚΟ ΝΟΣΟΚΟΜΕΙΟ ΒΟΛΟΥ,11.60,self-referential (payroll/EFKA/FMY remittance)
ΨΠΥ14690ΒΩ-35Υ,2026-01-08,"ΗΜΕΡΗΣΙΑ  ΑΠΟΖΗΜΙΩΣΗ ΟΔΟΙΠΟΡΙΚΑ ΕΞΟΔΑ ΥΠΑΛΛΗΛΟΥ ΤΟΥ ΓΝΒ ΠΟΥ ΜΕΤΕΒΗ ΣΤΗ ΛΑΡΙΣΑ ΠΡΟΚΕΙΜΕΝΟΥ  ΓΙΑ ΣΥΜΜΕΤΟΧΗ ΤΟΥ  ΣΤΗΝ  ΕΘΝΙΚΗ ΔΙΑΚΛΑΔΙΚΗ ΑΣΚΗΣΗ ΤΑΑΣ-ΑΝΤΙΟΧΟΣ 2025 29/9/2025,3/10/2025",999501452,ΓΕΝΙΚΟ ΝΟΣΟΚΟΜΕΙΟ ΒΟΛΟΥ,20.00,self-referential (payroll/EFKA/FMY remittance)
9ΕΤΝ4690ΒΩ-Ε0Θ,2026-01-08,ΗΜΕΡΗΣΙΑ  ΑΠΟΖΗΜΙΩΣΗ ΓΙΑ ΠΡΟΓΡΑΜΜΑΤΙΣΜΕΝΕΣ ΜΕΤΑΚΙΝΗΣΕΙΣ ΤΗΣ ΚΙΝΗΤΗΣ ΜΟΝΑΔΑΣ ΑΙΜΟΔΟΣΙΑΣ  ΓΙΑ ΑΙΜΟΛΗΨΙΕΣ ΣΤΗ ΣΟΥΡΠΗ 26/11/2025,999501452,ΓΕΝΙΚΟ ΝΟΣΟΚΟΜΕΙΟ ΒΟΛΟΥ,30.00,self-referential (payroll/EFKA/FMY remittance)
Ψ07Θ4690ΒΩ-0Ψ1,2026-01-08,: ΠΡΟΣΘΕΤΕΣ ΑΜΟΙΒΕΣ ΛΟΙΠΟΥ ΕΠΙΚΟΥΡΙΚΟΥ ΠΡΟΣΩΠΙΚΟΥ ΟΚΤΩΒΡΙΟΥ 2025 ΣΥΜΦΩΝΑ ΜΕ ΤΙΣ ΔΙΑΤΑΞΕΩΝ ΤΟΥ ΑΡΘΡΟΥ 17 ΤΗΣ ΠΝΠ ΦΕΚ 55/1-3-2020 ΄΄ΚΑΤΕΠΕΙΓΟΝΤΑ ΜΕΤΡΑ ΑΝΤΙΜΕΤΩΠΙΣΗΣ ΤΩΝ ΑΡΝΗΤΙΚΩΝ ΣΥΝΕΠΕΙΩΝ ΤΗΣ ΕΜΦΑΝΙΣΗΣ COVID-19,999501452,ΓΕΝΙΚΟ ΝΟΣΟΚΟΜΕΙΟ ΒΟΛΟΥ,69.30,self-referential (payroll/EFKA/FMY remittance)
Ψ07Θ4690ΒΩ-0Ψ1,2026-01-08,: ΠΡΟΣΘΕΤΕΣ ΑΜΟΙΒΕΣ ΛΟΙΠΟΥ ΕΠΙΚΟΥΡΙΚΟΥ ΠΡΟΣΩΠΙΚΟΥ ΟΚΤΩΒΡΙΟΥ 2025 ΣΥΜΦΩΝΑ ΜΕ ΤΙΣ ΔΙΑΤΑΞΕΩΝ ΤΟΥ ΑΡΘΡΟΥ 17 ΤΗΣ ΠΝΠ ΦΕΚ 55/1-3-2020 ΄΄ΚΑΤΕΠΕΙΓΟΝΤΑ ΜΕΤΡΑ ΑΝΤΙΜΕΤΩΠΙΣΗΣ ΤΩΝ ΑΡΝΗΤΙΚΩΝ ΣΥΝΕΠΕΙΩΝ ΤΗΣ ΕΜΦΑΝΙΣΗΣ COVID-19,999501452,ΓΕΝΙΚΟ ΝΟΣΟΚΟΜΕΙΟ ΒΟΛΟΥ,1035.43,self-referential (payroll/EFKA/FMY remittance)
ΨΡ6Ν4690ΒΩ-Ψ61,2026-01-08,"ΠΡΟΣΘΕΤΕΣ ΑΜΟΙΒΕΣ ΛΟΙΠΟΥ (ΔΙΟΙΚΗΤΙΚΟ,ΝΟΣΗΛΕΥΤΙΚΟ,ΤΕΧΝΙΚΟ κ.λ.π.) ΠΡΟΣΩΠΙΚΟΥ ΨΥΧΙΚΗΣ ΥΓΕΙΑΣ ΜΗΝΟΣ ΟΚΤΩΒΡΙΟΥ 2025",999501452,ΓΕΝΙΚΟ ΝΟΣΟΚΟΜΕΙΟ ΒΟΛΟΥ,3163.58,self-referential (payroll/EFKA/FMY remittance)
65ΡΑ4690ΒΩ-2Ψ2,2026-01-08,"ΗΜΕΡΗΣΙΑ ΑΠΟΖΗΜΙΩΣΗ ΟΔΟΙΠΟΡΙΚΑ ΕΞΟΔΑ ΥΠΑΛΛΗΛΟΥ ΤΟΥ ΓΝΒ ΠΟΥ ΜΕΤΕΒΗ ΣΤΗ ΛΑΡΙΣΑ ΩΣ ΜΕΛΟΣ ΕΠΙΤΡΟΠΗΣ ΓΙΑ ΤΗΝ ΣΥΝΤΑΞΗ ΤΕΧΝΙΚΩΝ ΠΡΟΔΙΑΓΡΑΦΩΝ 23/10/2025,6/11/2025,26/11/2025",999501452,ΓΕΝΙΚΟ ΝΟΣΟΚΟΜΕΙΟ ΒΟΛΟΥ,34.80,self-referential (payroll/EFKA/FMY remittance)
65ΡΑ4690ΒΩ-2Ψ2,2026-01-08,"ΗΜΕΡΗΣΙΑ ΑΠΟΖΗΜΙΩΣΗ ΟΔΟΙΠΟΡΙΚΑ ΕΞΟΔΑ ΥΠΑΛΛΗΛΟΥ ΤΟΥ ΓΝΒ ΠΟΥ ΜΕΤΕΒΗ ΣΤΗ ΛΑΡΙΣΑ ΩΣ ΜΕΛΟΣ ΕΠΙΤΡΟΠΗΣ ΓΙΑ ΤΗΝ ΣΥΝΤΑΞΗ ΤΕΧΝΙΚΩΝ ΠΡΟΔΙΑΓΡΑΦΩΝ 23/10/2025,6/11/2025,26/11/2025",999501452,ΓΕΝΙΚΟ ΝΟΣΟΚΟΜΕΙΟ ΒΟΛΟΥ,30.00,self-referential (payroll/EFKA/FMY remittance)
9ΡΛΞ4690ΒΩ-3ΔΖ,2026-01-08,ΗΜΕΡΗΣΙΑ  ΑΠΟΖΗΜΙΩΣΗ  ΟΔΟΙΠΟΡΙΚΑ ΕΞΟΔΑ ΔΙΚΗΓΟΡΟΥ  ΠΟΥ ΜΕΤΕΒΗ ΣΤΗ ΛΑΡΙΣΑ ΣΤΟ ΤΡΙΜΕΛΕΣ ΔΙΟΙΚΗΤΙΚΟ ΕΦΕΤΕΙΟ ΛΑΡΙΣΑΣ ΓΙΑ ΥΠΟΘΕΣΗ ΤΟΥ ΓΝΒ  29/4/2025,999501452,ΓΕΝΙΚΟ ΝΟΣΟΚΟΜΕΙΟ ΒΟΛΟΥ,11.60,self-referential (payroll/EFKA/FMY remittance)
9ΡΛΞ4690ΒΩ-3ΔΖ,2026-01-08,ΗΜΕΡΗΣΙΑ  ΑΠΟΖΗΜΙΩΣΗ  ΟΔΟΙΠΟΡΙΚΑ ΕΞΟΔΑ ΔΙΚΗΓΟΡΟΥ  ΠΟΥ ΜΕΤΕΒΗ ΣΤΗ ΛΑΡΙΣΑ ΣΤΟ ΤΡΙΜΕΛΕΣ ΔΙΟΙΚΗΤΙΚΟ ΕΦΕΤΕΙΟ ΛΑΡΙΣΑΣ ΓΙΑ ΥΠΟΘΕΣΗ ΤΟΥ ΓΝΒ  29/4/2025,999501452,ΓΕΝΙΚΟ ΝΟΣΟΚΟΜΕΙΟ ΒΟΛΟΥ,10.00,self-referential (payroll/EFKA/FMY remittance)
ΨΨΜΓ4690ΒΩ-ΩΡΚ,2026-01-08,"ΗΜΕΡΗΣΙΑ ΑΠΟΖΗΜΙΩΣΗ ΥΠΑΛΛΗΛΟΥ ΤΟΥ ΓΝΒ ΠΟΥ ΜΕΤΕΒΗ ΣΤΗ ΛΑΡΙΣΑ , ΑΘΗΝΑ  ΓΙΑ ΥΠΗΡΕΣΙΑΚΟΥΣ ΛΟΓΟΥΣ 26/9/2025,29/9/2025,16/10/2025",999501452,ΓΕΝΙΚΟ ΝΟΣΟΚΟΜΕΙΟ ΒΟΛΟΥ,40.00,self-referential (payroll/EFKA/FMY remittance)
9ΩΧΟ4690ΒΩ-ΗΙΗ,2026-01-08,"ΗΜΕΡΗΣΙΑ ΑΠΟΖΗΜΙΩΣΗ ΕΙΔΙΚΕΥΟΜΕΝΩΝ ΙΑΤΡΩΝ ΓΙΑ ΔΙΑΚΟΜΙΔΕΣ ΑΣΘΕΝΩΝ ΓΙΑ 18/9/2025,9,10,16,23,28/10/2025,12,24/11/2025",999501452,ΓΕΝΙΚΟ ΝΟΣΟΚΟΜΕΙΟ ΒΟΛΟΥ,110.00,self-referential (payroll/EFKA/FMY remittance)
6Ν254690ΒΩ-1ΘΤ,2026-01-07,ΑΜΟΙΒΗ ΙΑΤΡΟΥ ΑΠΟ ΧΕΙΡΟΥΡΓΙΚΕΣ( ΟΔΟΝΤΙΑΤΡΙΚΕΣ ) ΠΡΑΞΕΙΣ ΑΣΦΑΛΙΣΜΕΝΩΝ ΤΟΥ ΕΟΠΥ ΤΟΝ ΜΗΝΑ  ΙΟΥΝΙΟ 2020,999501452,ΓΕΝΙΚΟ ΝΟΣΟΚΟΜΕΙΟ ΒΟΛΟΥ,360.00,self-referential (payroll/EFKA/FMY remittance)
ΨΧΩΝ4690ΒΩ-7Η0,2026-01-07,ΕΦΗΜΕΡΙΕΣ ΕΙΔΙΚΕΥΟΜΕΝΩΝ ΙΑΤΡΩΝ ΜΗΝΟΣ  ΟΚΤΩΒΡΙΟΥ 2025,999501452,ΓΕΝΙΚΟ ΝΟΣΟΚΟΜΕΙΟ ΒΟΛΟΥ,77249.82,self-referential (payroll/EFKA/FMY remittance)
ΨΒ9Ψ4690ΒΩ-ΓΑΣ,2026-01-07,ΕΦΗΜΕΡΙΕΣ ΕΠΙΚΟΥΡΙΚΩΝ  ΙΑΤΡΩΝ ΕΣΥ ΜΗΝΟΣ  ΟΚΤΩΒΡΙΟΥ 2025,999501452,ΓΕΝΙΚΟ ΝΟΣΟΚΟΜΕΙΟ ΒΟΛΟΥ,7457.66,self-referential (payroll/EFKA/FMY remittance)
ΨΥΛΧ4690ΒΩ-0ΗΩ,2026-01-07,ΕΦΗΜΕΡΙΕΣ  ΙΑΤΡΩΝ ΕΣΥ ΜΗΝΟΣ  ΟΚΤΩΒΡΙΟΥ 2025,999501452,ΓΕΝΙΚΟ ΝΟΣΟΚΟΜΕΙΟ ΒΟΛΟΥ,102866.88,self-referential (payroll/EFKA/FMY remittance)
943Ζ4690ΒΩ-5ΩΥ,2026-01-07,ΗΜΕΡΗΣΙΑ  ΑΠΟΖΗΜΙΩΣΗ ΟΔΟΙΠΟΡΙΚΑ ΕΞΟΔΑ ΔΙΚΗΓΟΡΟΥ ΜΕ ΣΧΕΣΗ ΕΜΜΙΣΘΗΣ ΕΝΤΟΛΗΣ  ΠΟΥ ΜΕΤΒΗ ΣΤΗ ΛΑΡΙΣΑ ΓΙΑ ΚΑΤΑΘΕΣΗ ΥΠΟΜΝΗΜΑΤΩΝ  ΚΑΙ ΔΗΛΩΣΗ ΠΑΡΑΣΤΑΣΗΣ  ΓΙΑ ΥΠΟΘΕΣΗ ΤΟΥ ΓΝΒ  22/10/2025,999501452,ΓΕΝΙΚΟ ΝΟΣΟΚΟΜΕΙΟ ΒΟΛΟΥ,11.60,self-referential (payroll/EFKA/FMY remittance)
943Ζ4690ΒΩ-5ΩΥ,2026-01-07,ΗΜΕΡΗΣΙΑ  ΑΠΟΖΗΜΙΩΣΗ ΟΔΟΙΠΟΡΙΚΑ ΕΞΟΔΑ ΔΙΚΗΓΟΡΟΥ ΜΕ ΣΧΕΣΗ ΕΜΜΙΣΘΗΣ ΕΝΤΟΛΗΣ  ΠΟΥ ΜΕΤΒΗ ΣΤΗ ΛΑΡΙΣΑ ΓΙΑ ΚΑΤΑΘΕΣΗ ΥΠΟΜΝΗΜΑΤΩΝ  ΚΑΙ ΔΗΛΩΣΗ ΠΑΡΑΣΤΑΣΗΣ  ΓΙΑ ΥΠΟΘΕΣΗ ΤΟΥ ΓΝΒ  22/10/2025,999501452,ΓΕΝΙΚΟ ΝΟΣΟΚΟΜΕΙΟ ΒΟΛΟΥ,10.00,self-referential (payroll/EFKA/FMY remittance)
Ρ9ΥΠ4690ΒΩ-ΣΡΠ,2026-01-07,"ΚΑΤΑΒΟΛΗ ΕΚΤΑΚΤΗΣ ΟΙΚΟΝΟΜΙΚΗΣ ΕΝΙΣΧΥΣΗΣ ΕΦΗΜΕΡΙΩΝ ΙΑΤΡΩΝ ΕΣΥ ΣΥΜΦΩΝΑ ΜΕ ΤΙΣ ΔΙΑΤΑΞΕΙΣ ΤΩΝ ΑΡΘΡΩΝ 88,89 ΚΑΙ 90 ΤΟΥ Ν.4850/2021 ΦΕΚ 208/τ. Α΄ ΜΗΝΟΣ  ΟΚΤΩΒΡΙΟΥ 2025",999501452,ΓΕΝΙΚΟ ΝΟΣΟΚΟΜΕΙΟ ΒΟΛΟΥ,5250.00,self-referential (payroll/EFKA/FMY remittance)
9Ρ344690ΒΩ-2ΓΜ,2026-01-07,"ΚΑΤΑΒΟΛΗ ΕΚΤΑΚΤΗΣ ΟΙΚΟΝΟΜΙΚΗΣ ΕΝΙΣΧΥΣΗΣ ΕΦΗΜΕΡΙΩΝ ΙΑΤΡΩΝ ΕΣΥ ΣΥΜΦΩΝΑ ΜΕ ΤΙΣ ΔΙΑΤΑΞΕΙΣ ΤΩΝ ΑΡΘΡΩΝ 88,89 ΚΑΙ 90 ΤΟΥ Ν.4850/2021 ΦΕΚ 208/τ. Α΄ ΜΗΝΟΣ  ΝΟΕΜΒΡΙΟΥ 2025",999501452,ΓΕΝΙΚΟ ΝΟΣΟΚΟΜΕΙΟ ΒΟΛΟΥ,4750.00,self-referential (payroll/EFKA/FMY remittance)
ΡΠ3Β4690ΒΩ-Ι6Β,2026-01-07,ΕΦΗΜΕΡΙΕΣ ΜΕΤΑΚΙΝΟΥΜΕΝΩΝ ΙΑΤΡΩΝ ΤΟΥ Π.Ε.Δ.Υ ΓΙΑ ΚΑΛΥΨΗ ΕΦΗΜΕΡΙΩΝ ΣΤΟ ΓΝΒ ΤΟΝ ΜΗΝΑ  ΟΚΤΩΒΡΙΟ 2025,999501452,ΓΕΝΙΚΟ ΝΟΣΟΚΟΜΕΙΟ ΒΟΛΟΥ,10939.32,self-referential (payroll/EFKA/FMY remittance)
9ΕΒ14690ΒΩ-ΡΝ5,2026-01-07,"ΠΡΟΣΘΕΤΕΣ ΑΜΟΙΒΕΣ ΛΟΙΠΟΥ ΜΟΝΙΜΟΥ (ΔΙΟΙΚΗΤΙΚΟΥ,ΝΟΣΗΛΕΥΤΙΚΟΥ κ.λ.π.) ΠΡΟΣΩΠΙΚΟΥ ΜΗΝΟΣ  ΟΚΤΩΒΡΙΟΥ 2025",999501452,ΓΕΝΙΚΟ ΝΟΣΟΚΟΜΕΙΟ ΒΟΛΟΥ,3167.83,self-referential (payroll/EFKA/FMY remittance)
9ΕΒ14690ΒΩ-ΡΝ5,2026-01-07,"ΠΡΟΣΘΕΤΕΣ ΑΜΟΙΒΕΣ ΛΟΙΠΟΥ ΜΟΝΙΜΟΥ (ΔΙΟΙΚΗΤΙΚΟΥ,ΝΟΣΗΛΕΥΤΙΚΟΥ κ.λ.π.) ΠΡΟΣΩΠΙΚΟΥ ΜΗΝΟΣ  ΟΚΤΩΒΡΙΟΥ 2025",999501452,ΓΕΝΙΚΟ ΝΟΣΟΚΟΜΕΙΟ ΒΟΛΟΥ,39691.84,self-referential (payroll/EFKA/FMY remittance)
6ΣΒΩ4690ΒΩ-0Ι1,2026-01-07,ΠΡΟΣΘΕΤΕΣ ΑΜΟΙΒΕΣ ΙΔ. ΔΙΚΑΙΟΥ (ΑΟΡΙΣΤΟΥ-ΟΡΙΣΜΕΝΟΥ-ΑΤΟΜΙΚΕΣ ΣΥΜΒΑΣΕΙΣ) ΜΗΝΟΣ  ΟΚΤΩΒΡΙΟΥ 2025,999501452,ΓΕΝΙΚΟ ΝΟΣΟΚΟΜΕΙΟ ΒΟΛΟΥ,1024.36,self-referential (payroll/EFKA/FMY remittance)
ΡΓΚΞ4690ΒΩ-8ΜΥ,2026-01-07,ΠΡΟΣΘΕΤΕΣ ΑΜΟΙΒΕΣ ΛΟΙΠΟΥ  ΕΠΙΚΟΥΡΙΚΟΥ ΠΡΟΣΩΠΙΚΟΥ ΜΗΝΟΣ   ΟΚΤΩΒΡΙΟΥ 2025,999501452,ΓΕΝΙΚΟ ΝΟΣΟΚΟΜΕΙΟ ΒΟΛΟΥ,61.88,self-referential (payroll/EFKA/FMY remittance)
ΡΓΚΞ4690ΒΩ-8ΜΥ,2026-01-07,ΠΡΟΣΘΕΤΕΣ ΑΜΟΙΒΕΣ ΛΟΙΠΟΥ  ΕΠΙΚΟΥΡΙΚΟΥ ΠΡΟΣΩΠΙΚΟΥ ΜΗΝΟΣ   ΟΚΤΩΒΡΙΟΥ 2025,999501452,ΓΕΝΙΚΟ ΝΟΣΟΚΟΜΕΙΟ ΒΟΛΟΥ,1978.28,self-referential (payroll/EFKA/FMY remittance)
ΨΔΦΔ4690ΒΩ-ΗΧΩ,2026-01-07,: ΠΡΟΣΘΕΤΕΣ ΑΜΟΙΒΕΣ ΛΟΙΠΟΥ ΕΠΙΚΟΥΡΙΚΟΥ ΠΡΟΣΩΠΙΚΟΥ ΜΕ ΣΧΕΣΗ ΕΡΓΑΣΙΑΣ ΙΔΟΧ ΜΗΝΟΣ  ΟΚΤΩΒΡΙΟΥ 2025«ΕΝΙΣΧΥΣΗ ΤΩΝ ΦΟΡΕΩΝ ΥΓΕΙΑΣ ΜΕ ΕΠΙΚΟΥΡΙΚΟ ΠΡΟΣΩΠΙΚΟ ΓΙΑ ΤΗΝ ΑΝΤΑΠΟΚΡΙΣΗ ΣΤΙΣ ΑΝΑΓΚΕΣ ΛΟΓΩ ΤΗΣ ΕΠΙΔΗΜΙΑΣ COVID-19 ΣΤΗΝ ΠΕΡΙΦΕΡΕΙΑ ΘΕΣΣΑΛΙΑΣ» ΜΕ ΚΩΔΙΚΟ ΟΠΣ 5070510 ΣΤΟ ΕΠΙΧΕΙΡΗΣΙΑΚΟ ΠΡΟΓΡΑΜΜΑ «ΠΕΡΙΦΕΡΕΙΑΚΟ ΕΠΙΧΕΙΡΗΣΙΑΚΟ ΠΡΟΓΡΑΜΜΑ ΘΕΣΣΑΛΙΑΣ 2014 ΜΕ ΠΑΡΑΤΑΣΗ ΣΥΜΒΑΣΕΩΝ  ΕΩΣ 31/12/2024 ΣΥΜΦΩΝΑ ΜΕ ΤΙΣ ΔΙΑΤΑΞΕΙΣ  ΤΟΥ Ν.5079/2023 (ΦΕΚ 215/22-12-2023/τ.Α΄) ΑΡΘΡΟ 70 ΠΑΡ,999501452,ΓΕΝΙΚΟ ΝΟΣΟΚΟΜΕΙΟ ΒΟΛΟΥ,161.80,self-referential (payroll/EFKA/FMY remittance)
ΨΔΦΔ4690ΒΩ-ΗΧΩ,2026-01-07,: ΠΡΟΣΘΕΤΕΣ ΑΜΟΙΒΕΣ ΛΟΙΠΟΥ ΕΠΙΚΟΥΡΙΚΟΥ ΠΡΟΣΩΠΙΚΟΥ ΜΕ ΣΧΕΣΗ ΕΡΓΑΣΙΑΣ ΙΔΟΧ ΜΗΝΟΣ  ΟΚΤΩΒΡΙΟΥ 2025«ΕΝΙΣΧΥΣΗ ΤΩΝ ΦΟΡΕΩΝ ΥΓΕΙΑΣ ΜΕ ΕΠΙΚΟΥΡΙΚΟ ΠΡΟΣΩΠΙΚΟ ΓΙΑ ΤΗΝ ΑΝΤΑΠΟΚΡΙΣΗ ΣΤΙΣ ΑΝΑΓΚΕΣ ΛΟΓΩ ΤΗΣ ΕΠΙΔΗΜΙΑΣ COVID-19 ΣΤΗΝ ΠΕΡΙΦΕΡΕΙΑ ΘΕΣΣΑΛΙΑΣ» ΜΕ ΚΩΔΙΚΟ ΟΠΣ 5070510 ΣΤΟ ΕΠΙΧΕΙΡΗΣΙΑΚΟ ΠΡΟΓΡΑΜΜΑ «ΠΕΡΙΦΕΡΕΙΑΚΟ ΕΠΙΧΕΙΡΗΣΙΑΚΟ ΠΡΟΓΡΑΜΜΑ ΘΕΣΣΑΛΙΑΣ 2014 ΜΕ ΠΑΡΑΤΑΣΗ ΣΥΜΒΑΣΕΩΝ  ΕΩΣ 31/12/2024 ΣΥΜΦΩΝΑ ΜΕ ΤΙΣ ΔΙΑΤΑΞΕΙΣ  ΤΟΥ Ν.5079/2023 (ΦΕΚ 215/22-12-2023/τ.Α΄) ΑΡΘΡΟ 70 ΠΑΡ,999501452,ΓΕΝΙΚΟ ΝΟΣΟΚΟΜΕΙΟ ΒΟΛΟΥ,4106.09,self-referential (payroll/EFKA/FMY remittance)
ΨΗΥΔ4690ΒΩ-8ΕΝ,2026-01-07,ΕΦΗΜΕΡΙΕΣ  ΙΑΤΡΩΝ ΕΣΥ ΜΗΝΟΣ  ΝΟΕΜΒΡΙΟΥ 2025,999501452,ΓΕΝΙΚΟ ΝΟΣΟΚΟΜΕΙΟ ΒΟΛΟΥ,103957.50,self-referential (payroll/EFKA/FMY remittance)
92ΞΖ4690ΒΩ-ΔΚΒ,2026-01-07,ΕΦΗΜΕΡΙΕΣ ΙΑΤΡΙΚΟΥ ΕΠΙΚΟΥΡΙΚΟΥ ΠΡΟΣΩΠΙΚΟΥ ΜΕ ΣΧΕΣΗ ΕΡΓΑΣΙΑΣ ΙΔΟΧ ΜΗΝΟΣ ΝΟΕΜΒΡΙΟΥ 2025 «ΕΝΙΣΧΥΣΗ ΤΩΝ ΦΟΡΕΩΝ ΥΓΕΙΑΣ ΜΕ ΕΠΙΚΟΥΡΙΚΟ ΠΡΟΣΩΠΙΚΟ ΓΙΑ ΤΗΝ ΑΝΤΑΠΟΚΡΙΣΗ ΣΤΙΣ ΑΝΑΓΚΕΣ ΛΟΓΩ ΤΗΣ ΕΠΙΔΗΜΙΑΣ COVID-19 ΣΤΗΝ ΠΕΡΙΦΕΡΕΙΑ ΘΕΣΣΑΛΙΑΣ» ΜΕ ΚΩΔΙΚΟ ΟΠΣ 5070510 ΣΤΟ ΕΠΙΧΕΙΡΗΣΙΑΚΟ ΠΡΟΓΡΑΜΜΑ «ΠΕΡΙΦΕΡΕΙΑΚΟ ΕΠΙΧΕΙΡΗΣΙΑΚΟ ΠΡΟΓΡΑΜΜΑ ΘΕΣΣΑΛΙΑΣ 2014 ΜΕ ΠΑΡΑΤΑΣΗ ΣΥΜΒΑΣΕΩΝ  ΕΩΣ 31/12/2024 ΣΥΜΦΩΝΑ ΜΕ ΤΙΣ ΔΙΑΤΑΞΕΙΣ  ΤΟΥ Ν.5079/2023 (ΦΕΚ 215/22-12-2023/τ.Α΄) ΑΡΘΡΟ 70 ΠΑΡ. 1,999501452,ΓΕΝΙΚΟ ΝΟΣΟΚΟΜΕΙΟ ΒΟΛΟΥ,2130.76,self-referential (payroll/EFKA/FMY remittance)
ΨΘΝΨ4690ΒΩ-ΦΙΔ,2026-01-07,ΕΦΗΜΕΡΙΕΣ ΙΑΤΡΩΝ ΨΥΧΙΚΗΣ ΥΓΕΙΑΣ ΜΗΝΟΣ  ΝΟΕΜΒΡΙΟΥ 2025,999501452,ΓΕΝΙΚΟ ΝΟΣΟΚΟΜΕΙΟ ΒΟΛΟΥ,3853.83,self-referential (payroll/EFKA/FMY remittance)
ΨΦΥΓ4690ΒΩ-2Ξ0,2026-01-07,ΕΦΗΜΕΡΙΕΣ ΜΕΤΑΚΙΝΟΥΜΕΝΩΝ ΙΑΤΡΩΝ ΤΟΥ Π.Ε.Δ.Υ ΓΙΑ ΚΑΛΥΨΗ ΕΦΗΜΕΡΙΩΝ ΣΤΟ ΓΝΒ ΤΟΝ ΜΗΝΑ  ΝΟΕΜΒΡΙΟ 2025,999501452,ΓΕΝΙΚΟ ΝΟΣΟΚΟΜΕΙΟ ΒΟΛΟΥ,11540.59,self-referential (payroll/EFKA/FMY remittance)
Ψ8ΓΥ4690ΒΩ-ΤΙ5,2026-01-07,ΕΦΗΜΕΡΙΕΣ ΕΙΔΙΚΕΥΟΜΕΝΩΝ ΙΑΤΡΩΝ ΜΗΝΟΣ ΝΟΕΜΒΡΙΟΥ 2025,999501452,ΓΕΝΙΚΟ ΝΟΣΟΚΟΜΕΙΟ ΒΟΛΟΥ,75439.60,self-referential (payroll/EFKA/FMY remittance)
6ΧΒΛ4690ΒΩ-98Λ,2026-01-07,ΕΦΗΜΕΡΙΕΣ  ΕΠΙΣΤΗΜΟΝΙΚΟΥ ΠΡΟΣΩΠΙΚΟΥ   ΜΗΝΟΣ  ΟΚΤΩΒΡΙΟΥ 2025,999501452,ΓΕΝΙΚΟ ΝΟΣΟΚΟΜΕΙΟ ΒΟΛΟΥ,6356.48,self-referential (payroll/EFKA/FMY remittance)
6ΧΒΛ4690ΒΩ-98Λ,2026-01-07,ΕΦΗΜΕΡΙΕΣ  ΕΠΙΣΤΗΜΟΝΙΚΟΥ ΠΡΟΣΩΠΙΚΟΥ   ΜΗΝΟΣ  ΟΚΤΩΒΡΙΟΥ 2025,999501452,ΓΕΝΙΚΟ ΝΟΣΟΚΟΜΕΙΟ ΒΟΛΟΥ,4011.75,self-referential (payroll/EFKA/FMY remittance)
9ΩΣΚ4690ΒΩ-Β6Γ,2026-01-07,ΕΦΗΜΕΡΙΕΣ ΕΠΙΚΟΥΡΙΚΩΝ  ΙΑΤΡΩΝ ΕΣΥ ΜΗΝΟΣ  ΝΟΕΜΒΡΙΟΥ 2025,999501452,ΓΕΝΙΚΟ ΝΟΣΟΚΟΜΕΙΟ ΒΟΛΟΥ,5326.90,self-referential (payroll/EFKA/FMY remittance)
9ΧΡ24690ΒΩ-ΚΟΖ,2026-01-07,ΕΦΗΜΕΡΙΕΣ ΙΑΤΡΙΚΟΥ ΕΠΙΚΟΥΡΙΚΟΥ ΠΡΟΣΩΠΙΚΟΥ ΜΕ ΣΧΕΣΗ ΕΡΓΑΣΙΑΣ ΙΔΟΧ ΜΗΝΟΣ  ΟΚΤΩΒΡΙΟΥ 2025 «ΕΝΙΣΧΥΣΗ ΤΩΝ ΦΟΡΕΩΝ ΥΓΕΙΑΣ ΜΕ ΕΠΙΚΟΥΡΙΚΟ ΠΡΟΣΩΠΙΚΟ ΓΙΑ ΤΗΝ ΑΝΤΑΠΟΚΡΙΣΗ ΣΤΙΣ ΑΝΑΓΚΕΣ ΛΟΓΩ ΤΗΣ ΕΠΙΔΗΜΙΑΣ COVID-19 ΣΤΗΝ ΠΕΡΙΦΕΡΕΙΑ ΘΕΣΣΑΛΙΑΣ» ΜΕ ΚΩΔΙΚΟ ΟΠΣ 5070510 ΣΤΟ ΕΠΙΧΕΙΡΗΣΙΑΚΟ ΠΡΟΓΡΑΜΜΑ «ΠΕΡΙΦΕΡΕΙΑΚΟ ΕΠΙΧΕΙΡΗΣΙΑΚΟ ΠΡΟΓΡΑΜΜΑ ΘΕΣΣΑΛΙΑΣ 2014 ΜΕ ΠΑΡΑΤΑΣΗ ΣΥΜΒΑΣΕΩΝ  ΕΩΣ 31/12/2024 ΣΥΜΦΩΝΑ ΜΕ ΤΙΣ ΔΙΑΤΑΞΕΙΣ  ΤΟΥ Ν.5079/2023 (ΦΕΚ 215/22-12-2023/τ.Α΄) ΑΡΘΡΟ 70 ΠΑΡ. 1,999501452,ΓΕΝΙΚΟ ΝΟΣΟΚΟΜΕΙΟ ΒΟΛΟΥ,2130.77,self-referential (payroll/EFKA/FMY remittance)
9ΧΙΣ4690ΒΩ-ΛΟΖ,2026-01-07,ΕΦΗΜΕΡΙΕΣ ΙΑΤΡΩΝ ΨΥΧΙΚΗΣ ΥΓΕΙΑΣ ΜΗΝΟΣ  ΟΚΤΩΒΡΙΟΥ 2025,999501452,ΓΕΝΙΚΟ ΝΟΣΟΚΟΜΕΙΟ ΒΟΛΟΥ,4475.57,self-referential (payroll/EFKA/FMY remittance)
92Θ44690ΒΩ-ΥΘ2,2026-01-07,ΕΦΗΜΕΡΙΕΣ  ΕΠΙΣΤΗΜΟΝΙΚΟΥ ΠΡΟΣΩΠΙΚΟΥ  ΨΥΧΙΚΗΣ ΥΓΕΙΑΣ ΜΗΝΟΣ   ΟΚΤΩΒΡΙΟΥ 2025,999501452,ΓΕΝΙΚΟ ΝΟΣΟΚΟΜΕΙΟ ΒΟΛΟΥ,2776.68,self-referential (payroll/EFKA/FMY remittance)
9ΒΞΓ4690ΒΩ-Ω3Σ,2026-01-05,ΠΡΟΣΘΕΤΕΣ ΑΜΟΙΒΕΣ ΕΙΔΙΚΕΥΟΜΕΝΩΝ ΝΟΣΗΛΕΥΤΩΝ ΜΗΝΟΣ ΟΚΤΩΒΡΙΟΥ 2025 ΣΥΜΦΩΝΑ ΜΕ ΤΙΣ ΔΙΑΤΑΞΕΙΣ ΤΟΥ ΑΡΘΡΟΥ 58 ΤΟΥ Ν.4690/2020 (ΦΕΚ 104/Α/30-5-2020),999501452,ΓΕΝΙΚΟ ΝΟΣΟΚΟΜΕΙΟ ΒΟΛΟΥ,1561.05,self-referential (payroll/EFKA/FMY remittance)
ΨΞΑ84690ΒΩ-ΘΨΠ,2026-01-05,ΑΜΟΙΒΗ ΙΑΤΡΟΥ ΑΠΟ ΧΕΙΡΟΥΡΓΙΚΕΣ( ΟΔΟΝΤΙΑΤΡΙΚΕΣ ) ΠΡΑΞΕΙΣ ΑΝΑΣΦΑΛΙΣΤΩΝ ΕΛΛΗΝΩΝ ΔΙΚΑΙΟΥΧΩΝ ΤΟΥ Ν. 4368/2016 ΤΟΝ ΜΗΝΑ  ΦΕΒΡΟΥΑΡΙΟ 2020,999501452,ΓΕΝΙΚΟ ΝΟΣΟΚΟΜΕΙΟ ΒΟΛΟΥ,240.00,self-referential (payroll/EFKA/FMY remittance)
ΨΝΦΕ4690ΒΩ-48Ρ,2026-01-05,ΑΜΟΙΒΗ ΙΑΤΡΟΥ ΑΠΟ ΧΕΙΡΟΥΡΓΙΚΕΣ ( ΟΔΟΝΤΙΑΤΡΙΚΕΣ ) ΠΡΑΞΕΙΣ ΑΣΦΑΛΙΣΜΕΝΩΝ ΤΟΥ ΕΟΠΥΥ ΤΟΝ ΜΗΝΑ  ΝΟΕΜΒΡΙΟ 2020,999501452,ΓΕΝΙΚΟ ΝΟΣΟΚΟΜΕΙΟ ΒΟΛΟΥ,120.00,self-referential (payroll/EFKA/FMY remittance)
ΨΙΠΧ4690ΒΩ-Ι5Λ,2026-01-05,ΑΜΟΙΒΗ ΙΑΤΡΟΥ ΑΠΟ ΧΕΙΡΟΥΡΓΙΚΕΣ( ΟΔΟΝΤΙΑΤΡΙΚΕΣ ) ΠΡΑΞΕΙΣ ΑΣΦΑΛΙΣΜΕΝΩΝ ΤΟΥ ΕΟΠΥ ΤΟΝ ΜΗΝΑ  ΑΥΓΟΥΣΤΟ 2020,999501452,ΓΕΝΙΚΟ ΝΟΣΟΚΟΜΕΙΟ ΒΟΛΟΥ,360.00,self-referential (payroll/EFKA/FMY remittance)
9ΝΕΖ4690ΒΩ-7ΒΞ,2026-01-05,ΑΜΟΙΒΗ ΙΑΤΡΟΥ ΑΠΟ ΧΕΙΡΟΥΡΓΙΚΕΣ ( ΟΔΟΝΤΙΑΤΡΙΚΕΣ ) ΠΡΑΞΕΙΣ ΑΣΦΑΛΙΣΜΕΝΩΝ ΤΟΥ ΕΟΠΥ ΤΟΝ ΜΗΝΑ  ΙΟΥΛΙΟ 2020,999501452,ΓΕΝΙΚΟ ΝΟΣΟΚΟΜΕΙΟ ΒΟΛΟΥ,600.00,self-referential (payroll/EFKA/FMY remittance)
Ψ9ΗΩ4690ΒΩ-4ΚΗ,2026-01-05,ΗΜΕΡΗΣΙΑ  ΑΠΟΖΗΜΙΩΣΗ ΓΙΑ ΠΡΟΓΡΑΜΜΑΤΙΣΜΕΝΕΣ ΜΕΤΑΚΙΝΗΣΕΙΣ ΤΗΣ ΚΙΝΗΤΗΣ ΜΟΝΑΔΑΣ ΑΙΜΟΔΟΣΙΑΣ  ΓΙΑ ΑΙΜΟΛΗΨΙΕΣ ΣΤΙΣ ΣΠΟΡΑΔΕΣ (ΣΚΙΑΘΟ)  8/12/2025 ΕΩΣ 10/12/2025,999501452,ΓΕΝΙΚΟ ΝΟΣΟΚΟΜΕΙΟ ΒΟΛΟΥ,360.00,self-referential (payroll/EFKA/FMY remittance)
Ψ0874690ΒΩ-ΥΟΥ,2026-01-05,ΗΜΕΡΗΣΙΑ  ΑΠΟΖΗΜΙΩΣΗ ΓΙΑ ΠΡΟΓΡΑΜΜΑΤΙΣΜΕΝΕΣ ΜΕΤΑΚΙΝΗΣΕΙΣ ΤΗΣ ΚΙΝΗΤΗΣ ΜΟΝΑΔΑΣ ΑΙΜΟΔΟΣΙΑΣ  ΓΙΑ ΑΙΜΟΛΗΨΙΕΣ ΣΤΙΣ ΣΠΟΡΑΔΕΣ (ΣΚΟΠΕΛΟ) 4/11/2025 ΕΩΣ 6/11/2025,999501452,ΓΕΝΙΚΟ ΝΟΣΟΚΟΜΕΙΟ ΒΟΛΟΥ,360.00,self-referential (payroll/EFKA/FMY remittance)
9ΞΛΘ4690ΒΩ-ΦΟΗ,2026-01-05,"ΗΜΕΡΗΣΙΑ ΑΠΟΖΗΜΙΩΣΗ ΕΙΔΙΚΕΥΟΜΕΝΩΝ ΙΑΤΡΩΝ ΓΙΑ ΔΙΑΚΟΜΙΔΕΣ ΑΣΘΕΝΩΝ  14/7/2025,7,9,10,14/8/2025,6/9/2025",999501452,ΓΕΝΙΚΟ ΝΟΣΟΚΟΜΕΙΟ ΒΟΛΟΥ,60.00,self-referential (payroll/EFKA/FMY remittance)
ΨΘ584690ΒΩ-ΩΝΝ,2026-01-05,"ΗΜΕΡΗΣΙΑ ΑΠΟΖΗΜΙΩΣΗ ΓΙΑ ΔΙΑΚΟΜΙΔΕΣ ΑΣΘΕΝΩΝ 21/7/2025,6,21,25,29/8/2025,3,6,9,12,179/2025",999501452,ΓΕΝΙΚΟ ΝΟΣΟΚΟΜΕΙΟ ΒΟΛΟΥ,120.00,self-referential (payroll/EFKA/FMY remittance)
9ΕΨΡ4690ΒΩ-ΤΗΚ,2026-01-05,"ΗΜΕΡΗΣΙΑ  ΑΠΟΖΗΜΙΩΣΗ  ΓΙΑ ΔΙΑΚΟΜΙΔΕΣ ΑΣΘΕΝΩΝ  25/1/2025,10/2/2025,19/5/2025,21,29/8/2025",999501452,ΓΕΝΙΚΟ ΝΟΣΟΚΟΜΕΙΟ ΒΟΛΟΥ,50.00,self-referential (payroll/EFKA/FMY remittance)
9ΣΘΑ4690ΒΩ-ΑΓ7,2026-01-05,"ΗΜΕΡΗΣΙΑ ΑΠΟΖΗΜΙΩΣΗ ΓΙΑ ΔΙΑΚΟΜΙΔΕΣ ΑΣΘΕΝΩΝ 30/1/2025,23/6/2025, 13/7/2025,4,6,25/8/2025",999501452,ΓΕΝΙΚΟ ΝΟΣΟΚΟΜΕΙΟ ΒΟΛΟΥ,100.00,self-referential (payroll/EFKA/FMY remittance)
ΨΒΝΔ4690ΒΩ-Ω03,2026-01-05,ΗΜΕΡΗΣΙΑ ΑΠΟΖΗΜΙΩΣΗ ΓΙΑ ΠΡΟΓΡΑΜΜΑΤΙΣΜΕΝΕΣ ΜΕΤΑΚΙΝΗΣΕΙΣ ΤΗΣ ΚΙΝΗΤΗΣ ΜΟΝΑΔΑΣ ΑΙΜΟΔΙΑΣΙΑΣ ΓΙΑ ΑΙΜΟΛΗΨΙΕΣ ΣΤΗ ΣΟΥΡΠΗ  11/9/2025,999501452,ΓΕΝΙΚΟ ΝΟΣΟΚΟΜΕΙΟ ΒΟΛΟΥ,30.00,self-referential (payroll/EFKA/FMY remittance)
ΨΝΧ94690ΒΩ-Ρ11,2026-01-05,ΗΜΕΡΗΣΙΑ ΑΠΟΖΗΜΙΩΣΗ ΟΔΟΙΠΟΡΙΚΑ ΕΞΟΔΑ ΥΠΛΛΗΛΟΥΤΟΥ ΓΝΒ ΠΟΥ ΜΕΤΕΒΗ ΣΤΗ ΛΑΡΙΣΑ ΩΣ ΜΕΛΟΣ ΕΠΙΤΡΟΠΗΣ  ΓΙΑ ΤΗΝ ΣΥΝΤΑΞΗ ΤΕΧΝΙΚΩΝ ΠΡΟΔΙΑΓΡΑΦΩΝ ΓΙΑ ΤΟΝ ΑΝΟΙΚΤΟ ΔΙΑΓΩΝΙΣΜΟ ΓΙΑ ΥΠΗΡΕΣΙΕΣ ΣΥΝΤΗΡΗΣΗΣ ΙΑΤΡΙΚΟΥ ΕΞΟΠΛΙΣΜΟΥ  20/8/2025,999501452,ΓΕΝΙΚΟ ΝΟΣΟΚΟΜΕΙΟ ΒΟΛΟΥ,11.60,self-referential (payroll/EFKA/FMY remittance)
ΨΝΧ94690ΒΩ-Ρ11,2026-01-05,ΗΜΕΡΗΣΙΑ ΑΠΟΖΗΜΙΩΣΗ ΟΔΟΙΠΟΡΙΚΑ ΕΞΟΔΑ ΥΠΛΛΗΛΟΥΤΟΥ ΓΝΒ ΠΟΥ ΜΕΤΕΒΗ ΣΤΗ ΛΑΡΙΣΑ ΩΣ ΜΕΛΟΣ ΕΠΙΤΡΟΠΗΣ  ΓΙΑ ΤΗΝ ΣΥΝΤΑΞΗ ΤΕΧΝΙΚΩΝ ΠΡΟΔΙΑΓΡΑΦΩΝ ΓΙΑ ΤΟΝ ΑΝΟΙΚΤΟ ΔΙΑΓΩΝΙΣΜΟ ΓΙΑ ΥΠΗΡΕΣΙΕΣ ΣΥΝΤΗΡΗΣΗΣ ΙΑΤΡΙΚΟΥ ΕΞΟΠΛΙΣΜΟΥ  20/8/2025,999501452,ΓΕΝΙΚΟ ΝΟΣΟΚΟΜΕΙΟ ΒΟΛΟΥ,10.00,self-referential (payroll/EFKA/FMY remittance)
94Υ04690ΒΩ-6ΤΥ,2026-01-05,": ΗΜΕΡΗΣΙΑ ΑΠΟΖΗΜΙΩΣΗ ΟΔΟΙΠΟΡΙΚΑ ΕΞΟΔΑ ΥΠΛΛΗΛΟΥ ΤΟΥ ΓΝΒ ΠΟΥ ΜΕΤΕΒΗ ΣΤΗ ΛΑΡΙΣΑ ΩΣ ΜΕΛΟΣ ΕΠΙΤΡΟΠΗΣ ΓΙΑ ΤΗΝ ΣΥΝΤΑΞΗ ΤΕΧΝΙΚΩΝ ΠΡΟΔΙΑΓΡΑΦΩΝ ΓΙΑ ΤΟΝ ΠΡΟΜΗΘΕΙΑ ,ΕΝΟΙΚΙΑΣΗ , ΜΕΤΑΦΟΡΑ ΙΑΤΡΙΚΟΥ ΟΞΥΓΟΝΟΥ  8/9//2025",999501452,ΓΕΝΙΚΟ ΝΟΣΟΚΟΜΕΙΟ ΒΟΛΟΥ,11.60,self-referential (payroll/EFKA/FMY remittance)
94Υ04690ΒΩ-6ΤΥ,2026-01-05,": ΗΜΕΡΗΣΙΑ ΑΠΟΖΗΜΙΩΣΗ ΟΔΟΙΠΟΡΙΚΑ ΕΞΟΔΑ ΥΠΛΛΗΛΟΥ ΤΟΥ ΓΝΒ ΠΟΥ ΜΕΤΕΒΗ ΣΤΗ ΛΑΡΙΣΑ ΩΣ ΜΕΛΟΣ ΕΠΙΤΡΟΠΗΣ ΓΙΑ ΤΗΝ ΣΥΝΤΑΞΗ ΤΕΧΝΙΚΩΝ ΠΡΟΔΙΑΓΡΑΦΩΝ ΓΙΑ ΤΟΝ ΠΡΟΜΗΘΕΙΑ ,ΕΝΟΙΚΙΑΣΗ , ΜΕΤΑΦΟΡΑ ΙΑΤΡΙΚΟΥ ΟΞΥΓΟΝΟΥ  8/9//2025",999501452,ΓΕΝΙΚΟ ΝΟΣΟΚΟΜΕΙΟ ΒΟΛΟΥ,10.00,self-referential (payroll/EFKA/FMY remittance)
9ΗΕ34690ΒΩ-Θ25,2026-01-05,"ΗΜΕΡΗΣΙΑ ΑΠΟΖΗΜΙΩΣΗ ΕΙΔΙΚΕΥΟΜΕΝΩΝ ΙΑΤΡΩΝ ΓΙΑ ΔΙΑΚΟΜΙΔΕΣ ΑΣΘΕΝΩΝ  5/6/2025,6,13/8/2025,1,11/9/2025",999501452,ΓΕΝΙΚΟ ΝΟΣΟΚΟΜΕΙΟ ΒΟΛΟΥ,50.00,self-referential (payroll/EFKA/FMY remittance)
ΨΠΦΥ4690ΒΩ-Π68,2026-01-05,ΟΔΟΙΠΟΡΙΚΑ ΕΞΟΔΑ ΗΜΕΡΗΣΙΑ ΑΠΟΖΗΜΙΩΣΗ  ΣΤΟΝ ΥΠΑΛΛΗΛΟ ΤΟΥ ΓΝΒ ΚΛΑΔΟΥ ΤΕ ΕΦΑΡΜΟΓΩΝ ΠΟΥ ΜΕΤΕΒΗ ΣΤΗ  ΛΑΡΙΣΑ ΩΣ ΜΕΛΟΣ ΕΠΙΤΡΟΠΗΣ  ΓΙΑ ΤΗΝ ΣΥΝΤΑΞΗ ΤΕΧΝΙΚΩΝ ΠΡΟΔΙΑΓΡΑΦΩΝ ΓΙΑ ΤΟΝ ΑΝΟΙΚΤΟ ΔΙΑΓΩΝΙΣΜΟ ΓΙΑ ΥΠΗΡΕΣΙΕΣ ΣΥΝΤΗΡΗΣΗΣ ΙΑΤΡΙΚΟΥ ΕΞΟΠΛΙΣΜΟΥ 1/10/2025,999501452,ΓΕΝΙΚΟ ΝΟΣΟΚΟΜΕΙΟ ΒΟΛΟΥ,11.60,self-referential (payroll/EFKA/FMY remittance)
ΨΠΦΥ4690ΒΩ-Π68,2026-01-05,ΟΔΟΙΠΟΡΙΚΑ ΕΞΟΔΑ ΗΜΕΡΗΣΙΑ ΑΠΟΖΗΜΙΩΣΗ  ΣΤΟΝ ΥΠΑΛΛΗΛΟ ΤΟΥ ΓΝΒ ΚΛΑΔΟΥ ΤΕ ΕΦΑΡΜΟΓΩΝ ΠΟΥ ΜΕΤΕΒΗ ΣΤΗ  ΛΑΡΙΣΑ ΩΣ ΜΕΛΟΣ ΕΠΙΤΡΟΠΗΣ  ΓΙΑ ΤΗΝ ΣΥΝΤΑΞΗ ΤΕΧΝΙΚΩΝ ΠΡΟΔΙΑΓΡΑΦΩΝ ΓΙΑ ΤΟΝ ΑΝΟΙΚΤΟ ΔΙΑΓΩΝΙΣΜΟ ΓΙΑ ΥΠΗΡΕΣΙΕΣ ΣΥΝΤΗΡΗΣΗΣ ΙΑΤΡΙΚΟΥ ΕΞΟΠΛΙΣΜΟΥ 1/10/2025,999501452,ΓΕΝΙΚΟ ΝΟΣΟΚΟΜΕΙΟ ΒΟΛΟΥ,10.00,self-referential (payroll/EFKA/FMY remittance)
ΨΙ0Υ4690ΒΩ-Ο96,2026-01-05,ΗΜΕΡΗΣΙΑ  ΑΠΟΖΗΜΙΩΣΗ ΓΙΑ ΠΡΟΓΡΑΜΜΑΤΙΣΜΕΝΕΣ ΜΕΤΑΚΙΝΗΣΕΙΣ ΤΗΣ ΚΙΝΗΤΗΣ ΜΟΝΑΔΑΣ ΑΙΜΟΔΟΣΙΑΣ ΓΙΑ ΑΟΜΟΛΗΨΙΕΣ ΣΤΙΣ ΣΠΟΡΑΔΕΣ (ΑΛΟΝΝΗΣΟ)  6/10/2025 ΕΩΣ 8/10/2025,999501452,ΓΕΝΙΚΟ ΝΟΣΟΚΟΜΕΙΟ ΒΟΛΟΥ,360.00,self-referential (payroll/EFKA/FMY remittance)
ΨΙΚ14690ΒΩ-Α7Ω,2026-01-05,ΑΜΟΙΒΗ ΛΟΙΠΟΥ ΠΡΟΣΩΠΙΚΟΥ  ΟΛΟΗΜΕΡΩΝ ΙΑΤΡΕΙΩΝ ΑΠΟ ΔΙΑΓΝΩΣΤΙΚΕΣ ΕΞΕΤΑΣΕΙΣ ( INVITRO) ΑΣΦΑΛΙΣΜΕΝΩΝ ΤΟΥ ΕΟΠΥΥ ΤΟΝ ΜΗΝΑ  ΑΥΓΟΥΣΤΟ 2021,999501452,ΓΕΝΙΚΟ ΝΟΣΟΚΟΜΕΙΟ ΒΟΛΟΥ,1711.81,self-referential (payroll/EFKA/FMY remittance)
ΨΖ994690ΒΩ-ΔΡΗ,2026-01-05,ΑΜΟΙΒΗ ΛΟΙΠΟΥ ΠΡΟΣΩΠΙΚΟΥ ΟΛΟΗΜΕΡΩΝ ΙΑΤΡΕΙΩΝ ΑΠΟ ΠΑΡΑΚΛΙΝΙΚΕΣ ΕΞΕΤΑΣΕΙΣ ΑΝΑΣΦΑΛΙΣΤΩΝ ΕΛΛΗΝΩΝ ΔΙΚΑΙΟΥΧΩΝ ΤΟΥ Ν. 4368/2016 ΤΟΝ ΜΗΝΑ  ΑΥΓΟΥΣΤΟ 2021,999501452,ΓΕΝΙΚΟ ΝΟΣΟΚΟΜΕΙΟ ΒΟΛΟΥ,567.09,self-referential (payroll/EFKA/FMY remittance)
6Ν9Γ4690ΒΩ-Τ58,2026-01-05,ΑΜΟΙΒΗ ΙΑΤΡΙΚΟΥ ΠΡΟΣΩΠΙΚΟΥ ΟΛΟΗΜΕΡΩΝ ΙΑΤΡΕΙΩΝ ΑΠΟ ΠΑΡΑΚΛΙΝΙΚΕΣ ΕΞΕΤΑΣΕΙΣ ΑΝΑΣΦΑΛΙΣΤΩΝ ΕΛΛΗΝΩΝ ΔΙΚΑΙΟΥΧΩΝ ΤΟΥ Ν. 4368/2016 ΤΟΝ ΜΗΝΑ ΑΥΓΟΥΣΤΙΟ 2021,999501452,ΓΕΝΙΚΟ ΝΟΣΟΚΟΜΕΙΟ ΒΟΛΟΥ,1586.57,self-referential (payroll/EFKA/FMY remittance)
9ΣΕ54690ΒΩ-Σ6Λ,2026-01-05,ΑΜΟΙΒΗ ΙΑΤΡΙΚΟΥ ΠΡΟΣΩΠΙΚΟΥ ΠΟΥ ΕΡΓΑΣΤΗΚΑΝ ΣΤΑ ΟΛΟΗΜΕΡΑ ΙΑΤΡΕΙΑ ΤΟΝ ΜΗΝΑ ΟΚΤΩΒΡΙΟ 2025,999501452,ΓΕΝΙΚΟ ΝΟΣΟΚΟΜΕΙΟ ΒΟΛΟΥ,916.80,self-referential (payroll/EFKA/FMY remittance)
ΨΩ8Ε4690ΒΩ-7Ν0,2026-01-05,": ΑΜΟΙΒΗ ΛΟΙΠΟΥ ΠΡΟΣΩΠΙΚΟΥ ΤΟΥΣ ΜΗΝΕΣ  ΜΑΪΟ,ΙΟΥΝΙΟ 2025  ΣΤΟ ΠΛΑΙΣΙΟ ΤΟΥ ΕΡΓΟΥ ΄΄ ΟΡΓΑΝΩΤΙΚΕΣ ΚΑΙ ΛΟΙΠΕΣ ΠΑΡΑΜΒΑΣΕΙΣ ΓΙΑ ΤΗΝ ΕΠΙΤΑΧΥΝΣΗ ΤΩΝ ΕΚΚΡΕΜΩΝ ΕΠΕΜΒΑΣΕΩΝΤΗΣ ΛΙΣΤΑΣ ΧΕΙΡΟΥΡΓΕΙΩΝ ΄΄ ΜΕ ΚΩΔΙΚΟ ΟΠΣ 5223768",999501452,ΓΕΝΙΚΟ ΝΟΣΟΚΟΜΕΙΟ ΒΟΛΟΥ,4942.50,self-referential (payroll/EFKA/FMY remittance)
Ψ0ΡΖ4690ΒΩ-1Ε7,2026-01-05,"ΑΜΟΙΒΗ ΙΑΤΡΙΚΟΥ ΠΡΟΣΩΠΙΚΟΥ ΤΟΥΣ ΜΗΝΕΣ ΜΑΪΟ,ΙΟΥΝΙΟ 2025 ΣΤΟ ΠΛΑΙΣΙΟ ΤΟΥ ΕΡΓΟΥ ΄΄ ΟΡΓΑΝΩΤΙΚΕΣ ΚΑΙ ΛΟΙΠΕΣ ΠΑΡΑΜΒΑΣΕΙΣ ΓΙΑ ΤΗΝ ΕΠΙΤΑΧΥΝΣΗ ΤΩΝ ΕΚΚΡΕΜΩΝ ΕΠΕΜΒΑΣΕΩΝΤΗΣ ΛΙΣΤΑΣ ΧΕΙΡΟΥΡΓΕΙΩΝ ΄΄ ΜΕ ΚΩΔΙΚΟ ΟΠΣ 5223768 ΛΟΙΠΕΣ ΔΑΠΑΝΕΣ ΝΟΣ",999501452,ΓΕΝΙΚΟ ΝΟΣΟΚΟΜΕΙΟ ΒΟΛΟΥ,13995.00,self-referential (payroll/EFKA/FMY remittance)
ΨΙΙΞ4690ΒΩ-Ο2Ο,2026-01-05,ΑΜΟΙΒΗ ΛΟΙΠΟΥ ΠΡΟΣΩΠΙΚΟΥ ΠΟΥ ΣΥΜΜΕΤΕΙΧΑΝ ΓΙΑ ΤΗΝ ΥΛΟΠΟΙΗΣΗ  ΤΟΥ ΠΡΟΓΡΑΜΜΑΤΟΣ ΠΡΟΛΗΨΗΣ ΄΄ΣΠ. ΔΟΞΙΑΔΗΣ΄΄  ΤΟΝ ΜΗΝΑ  ΙΟΥΛΙΟ  2025,999501452,ΓΕΝΙΚΟ ΝΟΣΟΚΟΜΕΙΟ ΒΟΛΟΥ,579.82,self-referential (payroll/EFKA/FMY remittance)
68ΥΗ4690ΒΩ-ΦΧΧ,2026-01-05,ΑΜΟΙΒΗ ΙΑΤΡΙΚΟΥ ΠΡΟΣΩΠΙΚΟΥ ΠΟΥ ΣΥΜΜΕΤΕΙΧΑΝ ΓΙΑ ΤΗΝ ΥΛΟΠΟΙΗΣΗ ΤΟΥ ΠΡΟΓΡΑΜΜΑΤΟΣ ΠΡΟΛΗΨΗΣ ΄΄ΣΠ. ΔΟΞΙΑΔΗΣ΄΄ ΤΟΝ ΜΗΝΑ  ΙΟΥΛΙΟ 2025,999501452,ΓΕΝΙΚΟ ΝΟΣΟΚΟΜΕΙΟ ΒΟΛΟΥ,5072.89,self-referential (payroll/EFKA/FMY remittance)
6ΑΜ24690ΒΩ-604,2026-01-05,ΑΜΟΙΒΗ ΙΑΤΡΩΝ ΟΛΟΗΜΕΡΩΝ ΙΑΤΡΕΙΩΝ ΑΠΟ ΔΙΑΓΝΩΣΤΙΚΕΣ ΕΞΕΑΣΕΙΣ ( INVIVO - INVITRO) ΑΣΦΑΛΙΣΜΕΝΩΝ ΤΟΥ ΕΟΠΥΥ ΤΟΝ ΜΗΝΑ ΑΥΓΟΥΣΤΟ 2021,999501452,ΓΕΝΙΚΟ ΝΟΣΟΚΟΜΕΙΟ ΒΟΛΟΥ,5004.49,self-referential (payroll/EFKA/FMY remittance)
93Η04690ΒΩ-Ζ1Σ,2025-12-15,ΑΜΟΙΒΗ ΛΟΙΠΟΥ ΠΡΟΣΩΠΙΚΟΥ ΠΟΥ ΣΥΜΜΕΤΕΙΧΑΝ ΑΜΕΣΑ  ΓΙΑ ΤΗΝ ΥΛΟΠΟΙΗΣΗ  ΤΟΥ ΠΡΟΓΡΑΜΜΑΤΟΣ ΠΡΟΛΗΨΗΣ ΄΄ΣΠ. ΔΟΞΙΑΔΗΣ΄΄  ΤΟΝ ΜΗΝΑ  ΙΟΥΝΙΟ  2025,999501452,ΓΕΝΙΚΟ ΝΟΣΟΚΟΜΕΙΟ ΒΟΛΟΥ,1684.36,self-referential (payroll/EFKA/FMY remittance)
ΡΚΧ84690ΒΩ-ΨΟ5,2025-12-15,ΑΜΟΙΒΗ ΙΑΤΡΙΚΟΥ ΠΡΟΣΩΠΙΚΟΥ ΠΟΥ ΣΥΜΜΕΤΕΙΧΑΝ ΓΙΑ ΤΗΝ ΥΛΟΠΟΙΗΣΗ ΤΟΥ ΠΡΟΓΡΑΜΜΑΤΟΣ ΠΡΟΛΗΨΗΣ ΄΄ΣΠ. ΔΟΞΙΑΔΗΣ΄΄ ΤΟΝ ΜΗΝΑ  ΙΟΥΝΙΟ 2025,999501452,ΓΕΝΙΚΟ ΝΟΣΟΚΟΜΕΙΟ ΒΟΛΟΥ,6710.73,self-referential (payroll/EFKA/FMY remittance)
ΨΒ8Ψ4690ΒΩ-ΤΤΜ,2025-12-15,ΑΜΟΙΒΗ ΛΟΙΠΟΥ ΠΡΟΣΩΠΙΚΟΥ ΠΟΥ ΣΥΜΜΕΤΕΙΧΑΝ ΑΜΕΣΑ  ΓΙΑ ΤΗΝ ΥΛΟΠΟΙΗΣΗ  ΤΟΥ ΠΡΟΓΡΑΜΜΑΤΟΣ ΠΡΟΛΗΨΗΣ ΄΄ΣΠ. ΔΟΞΙΑΔΗΣ΄΄  ΤΟΝ ΜΗΝΑ  ΜΑΪΟ  2025,999501452,ΓΕΝΙΚΟ ΝΟΣΟΚΟΜΕΙΟ ΒΟΛΟΥ,816.20,self-referential (payroll/EFKA/FMY remittance)
6Α2Α4690ΒΩ-ΑΧ3,2025-12-15,ΑΜΟΙΒΗ ΙΑΤΡΙΚΟΥ ΠΡΟΣΩΠΙΚΟΥ ΠΟΥ ΣΥΜΜΕΤΕΙΧΑΝ ΑΜΕΣΑ ΓΙΑ ΤΗΝ ΥΛΟΠΟΙΗΣΗ ΤΟΥ ΠΡΟΓΡΑΜΜΑΤΟΣ ΠΡΟΛΗΨΗΣ ΄΄ΣΠ. ΔΟΞΙΑΔΗΣ΄΄ ΤΟΝ ΜΗΝΑ  ΜΑΪΟ 2025,999501452,ΓΕΝΙΚΟ ΝΟΣΟΚΟΜΕΙΟ ΒΟΛΟΥ,6881.66,self-referential (payroll/EFKA/FMY remittance)
95ΠΦ4690ΒΩ-ΑΑ5,2025-12-15,ΑΜΟΙΒΗ ΙΑΤΡΙΚΟΥ ΠΡΟΣΩΠΙΚΟΥ ΠΟΥ ΣΥΜΜΕΤΕΙΧΑΝ ΑΜΕΣΑ ΓΙΑ ΤΗΝ ΥΛΟΠΟΙΗΣΗ ΤΟΥ ΠΡΟΓΡΑΜΜΑΤΟΣ ΠΡΟΛΗΨΗΣ ΄΄ΣΠ. ΔΟΞΙΑΔΗΣ΄΄ ΤΟΝ ΜΗΝΑ  ΜΑΡΤΙΟ 202,999501452,ΓΕΝΙΚΟ ΝΟΣΟΚΟΜΕΙΟ ΒΟΛΟΥ,4366.00,self-referential (payroll/EFKA/FMY remittance)
ΨΜ544690ΒΩ-8ΝΞ,2025-12-15,ΑΜΟΙΒΗ ΛΟΙΠΟΥ ΠΡΟΣΩΠΙΚΟΥ ΠΟΥ ΣΥΜΜΕΤΕΙΧΑΝ ΑΜΕΣΑ  ΓΙΑ ΤΗΝ ΥΛΟΠΟΙΗΣΗ  ΤΟΥ ΠΡΟΓΡΑΜΜΑΤΟΣ ΠΡΟΛΗΨΗΣ ΄΄ΣΠ. ΔΟΞΙΑΔΗΣ΄΄  ΤΟΝ ΜΗΝΑ  ΑΠΡΙΛΙΟ  2025,999501452,ΓΕΝΙΚΟ ΝΟΣΟΚΟΜΕΙΟ ΒΟΛΟΥ,958.64,self-referential (payroll/EFKA/FMY remittance)
ΕΛΦ04690ΒΩ-ΗΛΣ,2025-12-15,ΑΜΟΙΒΗ ΙΑΤΡΙΚΟΥ ΠΡΟΣΩΠΙΚΟΥ ΠΟΥ ΣΥΜΜΕΤΕΙΧΑΝ ΑΜΕΣΑ ΓΙΑ ΤΗΝ ΥΛΟΠΟΙΗΣΗ ΤΟΥ ΠΡΟΓΡΑΜΜΑΤΟΣ ΠΡΟΛΗΨΗΣ ΄΄ΣΠ. ΔΟΞΙΑΔΗΣ΄΄ ΤΟΝ ΜΗΝΑ  ΑΠΡΙΛΟ 2025,999501452,ΓΕΝΙΚΟ ΝΟΣΟΚΟΜΕΙΟ ΒΟΛΟΥ,4168.83,self-referential (payroll/EFKA/FMY remittance)
Ε6ΧΣ4690ΒΩ-ΣΨΤ,2025-12-15,ΑΜΟΙΒΗ ΙΑΤΡΙΚΟΥ ΠΡΟΣΩΠΙΚΟΥ ΠΟΥ ΣΥΜΜΕΤΕΙΧΑΝ ΑΜΕΣΑ  ΓΙΑ ΤΗΝ ΥΛΟΠΟΙΗΣΗ  ΤΟΥ ΠΡΟΓΡΑΜΜΑΤΟΣ ΠΡΟΛΗΨΗΣ ΄΄ΣΠ. ΔΟΞΙΑΔΗΣ΄΄ ΤΟΝ ΜΗΝΑ ΙΑΝΟΥΑΡΙΟΣ 2025,999501452,ΓΕΝΙΚΟ ΝΟΣΟΚΟΜΕΙΟ ΒΟΛΟΥ,781.50,self-referential (payroll/EFKA/FMY remittance)
ΕΟΚ54690ΒΩ-Ρ8Π,2025-12-15,ΑΜΟΙΒΗ  ΛΟΙΠΟΥ ΠΡΟΣΩΠΙΚΟΥ ΠΟΥ ΣΥΜΜΕΤΕΙΧΑΝ ΑΜΕΣΑ  ΓΙΑ ΤΗΝ ΥΛΟΠΟΙΗΣΗ  ΤΟΥ ΠΡΟΓΡΑΜΜΑΤΟΣ ΠΡΟΛΗΨΗΣ ΄΄ΣΠ. ΔΟΞΙΑΔΗΣ΄΄  ΤΟΝ ΜΗΝΑ ΙΑΝΟΥΑΡΙΟ 2025,999501452,ΓΕΝΙΚΟ ΝΟΣΟΚΟΜΕΙΟ ΒΟΛΟΥ,145.00,self-referential (payroll/EFKA/FMY remittance)
ΕΡΕ64690ΒΩ-6ΨΝ,2025-12-15,ΑΜΟΙΒΗ ΙΑΤΡΙΚΟΥ ΠΡΟΣΩΠΙΚΟΥ ΠΟΥ ΣΥΜΜΕΤΕΙΧΑΝ ΑΜΕΣΑ  ΓΙΑ ΤΗΝ ΥΛΟΠΟΙΗΣΗ  ΤΟΥ ΠΡΟΓΡΑΜΜΑΤΟΣ ΠΡΟΛΗΨΗΣ  ΄΄ΣΠ. ΔΟΞΙΑΔΗΣ΄΄  ΤΟΝ ΜΗΝΑ ΦΕΒΡΟΥΑΡΙΟ  2025,999501452,ΓΕΝΙΚΟ ΝΟΣΟΚΟΜΕΙΟ ΒΟΛΟΥ,4979.50,self-referential (payroll/EFKA/FMY remittance)
6Σ5Κ4690ΒΩ-ΧΟ6,2025-12-15,ΑΜΟΙΒΗ ΛΟΙΠΟΥ ΠΡΟΣΩΠΙΚΟΥ ΠΟΥ ΣΥΜΜΕΤΕΙΧΑΝ ΑΜΕΣΑ  ΓΙΑ ΤΗΝ ΥΛΟΠΟΙΗΣΗ  ΤΟΥ ΠΡΟΓΡΑΜΜΑΤΟΣ ΠΡΟΛΗΨΗΣ ΄΄ΣΠ. ΔΟΞΙΑΔΗΣ΄΄  ΤΟΝ ΜΗΝΑ  ΦΕΒΡΟΥΑΡΙΟ  2025,999501452,ΓΕΝΙΚΟ ΝΟΣΟΚΟΜΕΙΟ ΒΟΛΟΥ,920.50,self-referential (payroll/EFKA/FMY remittance)
ΕΩΥ34690ΒΩ-ΚΕΥ,2025-12-15,ΑΜΟΙΒΗ ΛΟΙΠΟΥ ΠΡΟΣΩΠΙΚΟΥ ΠΟΥ ΣΥΜΜΕΤΕΙΧΑΝ ΑΜΕΣΑ  ΓΙΑ ΤΗΝ ΥΛΟΠΟΙΗΣΗ  ΤΟΥ ΠΡΟΓΡΑΜΜΑΤΟΣ ΠΡΟΛΗΨΗΣ  ΄΄ΣΠ. ΔΟΞΙΑΔΗΣ΄΄  ΤΟΝ ΜΗΝΑ  ΜΑΡΤΙΟ  2025,999501452,ΓΕΝΙΚΟ ΝΟΣΟΚΟΜΕΙΟ ΒΟΛΟΥ,1052.00,self-referential (payroll/EFKA/FMY remittance)
ΡΠΙΠ4690ΒΩ-Τ0Ι,2025-12-15,"ΑΜΟΙΒΗ ΛΟΙΠΟΥ (ΔΙΟΙΚΗΤΙΚΟ,ΝΟΣΗΛΕΥΤΙΚΟ κ.λ.π)ΠΡΟΣΩΠΙΚΟΥ ΠΟΥ ΕΡΓΑΣΤΗΚΑΝ ΣΤΑ ΟΛΟΗΜΕΡΑ ΙΑΤΡΕΙΑ ΤΟΝ ΜΗΝΑ ΟΚΤΩΒΡΙΟ 2025",999501452,ΓΕΝΙΚΟ ΝΟΣΟΚΟΜΕΙΟ ΒΟΛΟΥ,1445.00,self-referential (payroll/EFKA/FMY remittance)
Ρ1ΠΜ4690ΒΩ-4ΔΣ,2025-11-28,ΣΥΜΠΛΗΡΩΜΑΤΙΚΟ ΧΕ ΠΡΟΠΛΗΡΩΜΗΣ ΣΤΟΝ ΚΑΕ 1429α01 ΄΄ ΛΟΙΠΕΣ ΠΡΟΜΗΘΕΙΕΣ ΕΙΔΩΝ ΣΥΝΤΗΡΗΣΗΣ ΚΑΙ ΕΠΙΣΚΕΥΗΣ ΛΟΠΙΠΩΝ ΜΟΝΙΜΩΝ ΕΓΚΑΤΑΣΤΑΣΕΩΝ ΄΄ ΜΕ ΥΠΟΛΟΓΟ ΤΗΝ ΥΠΑΛΛΗΛΟ ΤΟΥ ΓΝΒ κ. ΔΑΟΥΚΟΠΟΥΛΟ ΜΑΡΙΟ-ΡΕΝΑΤΟ ΚΑΙ ΗΜΕΡΟΜΗΝΙΑ ΑΠΟΔΟΣΗΣ ΤΗΝ 31/12/2025,999501452,ΓΕΝΙΚΟ ΝΟΣΟΚΟΜΕΙΟ ΒΟΛΟΥ,1000.00,self-referential (payroll/EFKA/FMY remittance)
Ρ4ΔΝ4690ΒΩ-Ε9Υ,2025-11-28,ΣΥΜΠΛΗΡΩΜΑΤΙΚΟ ΧΕ ΠΡΟΠΛΗΡΩΜΗΣ ΣΤΟΝ ΚΑΕ 0879α01 ΄΄ΣΥΝΤΗΡΗΣΗ ΚΑΙ ΕΠΙΣΚΕΥΗ ΛΟΙΠΩΝ ΜΟΝΙΜΩΝ ΕΓΚΑΤΑΣΤΑΣΕΩΝ ΄΄ ΜΕ ΥΠΟΛΟΓΟ ΤΟΝ ΥΠΑΛΛΗΛΟ ΤΟΥ ΓΝΒ κ. ΔΑΟΥΚΟΠΟΥΛΟ ΜΑΡΙΟ-ΡΕΝΑΤΟ ΚΑΙ ΗΜΕΡΟΜΗΝΙΑ ΑΠΟΔΟΣΗΣ ΤΗΝ 31/12/2025,999501452,ΓΕΝΙΚΟ ΝΟΣΟΚΟΜΕΙΟ ΒΟΛΟΥ,1000.00,self-referential (payroll/EFKA/FMY remittance)
9Ε234690ΒΩ-ΜΩ0,2025-11-18,"ΚΑΤΑΒΟΛΗ ΕΚΤΑΚΤΗΣ ΟΙΚΟΝΟΜΙΚΗΣ ΕΝΙΣΧΥΣΗΣ ΕΦΗΜΕΡΙΩΝ ΙΑΤΡΩΝ ΕΣΥ ΣΥΜΦΩΝΑ ΜΕ ΤΙΣ ΔΙΑΤΑΞΕΙΣ ΤΩΝ ΑΡΘΡΩΝ 88,89 ΚΑΙ 90 ΤΟΥ Ν.4850/2021 ΦΕΚ 208/τ. Α΄ ΜΗΝΟΣ  ΣΕΠΤΕΜΒΡΙΟΥ 2025",999501452,ΓΕΝΙΚΟ ΝΟΣΟΚΟΜΕΙΟ ΒΟΛΟΥ,5000.00,self-referential (payroll/EFKA/FMY remittance)
9ΛΖΑ4690ΒΩ-ΜΒΙ,2025-11-18,ΕΦΗΜΕΡΙΕΣ  ΙΑΤΡΩΝ ΕΣΥ ΜΗΝΟΣ  ΣΕΠΤΕΜΒΡΙΟΥ 2025,999501452,ΓΕΝΙΚΟ ΝΟΣΟΚΟΜΕΙΟ ΒΟΛΟΥ,99187.37,self-referential (payroll/EFKA/FMY remittance)
Ψ2ΦΒ4690ΒΩ-8ΤΙ,2025-11-18,ΕΦΗΜΕΡΙΕΣ ΕΠΙΚΟΥΡΙΚΩΝ  ΙΑΤΡΩΝ ΕΣΥ ΜΗΝΟΣ  ΣΕΠΤΕΜΒΡΙΟΥ 2025,999501452,ΓΕΝΙΚΟ ΝΟΣΟΚΟΜΕΙΟ ΒΟΛΟΥ,6943.06,self-referential (payroll/EFKA/FMY remittance)
9ΒΝΖ4690ΒΩ-Β2Ο,2025-11-18,ΕΦΗΜΕΡΙΕΣ ΕΙΔΙΚΕΥΟΜΕΝΩΝ ΙΑΤΡΩΝ ΜΗΝΟΣ  ΣΕΠΤΕΜΒΡΙΟΥ 2025,999501452,ΓΕΝΙΚΟ ΝΟΣΟΚΟΜΕΙΟ ΒΟΛΟΥ,74904.26,self-referential (payroll/EFKA/FMY remittance)
ΨΜΕΩ4690ΒΩ-Τ63,2025-11-18,ΕΦΗΜΕΡΙΕΣ ΜΕΤΑΚΙΝΟΥΜΕΝΩΝ ΙΑΤΡΩΝ ΤΟΥ Π.Ε.Δ.Υ ΓΙΑ ΚΑΛΥΨΗ ΕΦΗΜΕΡΙΩΝ ΣΤΟ ΓΝΒ ΤΟΝ ΜΗΝΑ  ΣΕΠΤΕΜΒΡΙΟ 2025,999501452,ΓΕΝΙΚΟ ΝΟΣΟΚΟΜΕΙΟ ΒΟΛΟΥ,10753.13,self-referential (payroll/EFKA/FMY remittance)
6ΖΧ84690ΒΩ-Σ4Φ,2025-11-18,ΕΦΗΜΕΡΙΕΣ ΙΑΤΡΩΝ ΨΥΧΙΚΗΣ ΥΓΕΙΑΣ ΜΗΝΟΣ  ΣΕΠΤΕΜΒΡΙΟΥ 2025,999501452,ΓΕΝΙΚΟ ΝΟΣΟΚΟΜΕΙΟ ΒΟΛΟΥ,4920.31,self-referential (payroll/EFKA/FMY remittance)
657Τ4690ΒΩ-ΣΚΤ,2025-11-18,: ΕΦΗΜΕΡΙΕΣ ΙΑΤΡΙΚΟΥ ΕΠΙΚΟΥΡΙΚΟΥ ΠΡΟΣΩΠΙΚΟΥ ΜΕ ΣΧΕΣΗ ΕΡΓΑΣΙΑΣ ΙΔΟΧ ΜΗΝΟΣ  ΣΕΠΤΕΜΒΡΙΟΥ 2025 «ΕΝΙΣΧΥΣΗ ΤΩΝ ΦΟΡΕΩΝ ΥΓΕΙΑΣ ΜΕ ΕΠΙΚΟΥΡΙΚΟ ΠΡΟΣΩΠΙΚΟ ΓΙΑ ΤΗΝ ΑΝΤΑΠΟΚΡΙΣΗ ΣΤΙΣ ΑΝΑΓΚΕΣ ΛΟΓΩ ΤΗΣ ΕΠΙΔΗΜΙΑΣ COVID-19 ΣΤΗΝ ΠΕΡΙΦΕΡΕΙΑ ΘΕΣΣΑΛΙΑΣ» ΜΕ ΚΩΔΙΚΟ ΟΠΣ 5070510 ΣΤΟ ΕΠΙΧΕΙΡΗΣΙΑΚΟ ΠΡΟΓΡΑΜΜΑ «ΠΕΡΙΦΕΡΕΙΑΚΟ ΕΠΙΧΕΙΡΗΣΙΑΚΟ ΠΡΟΓΡΑΜΜΑ ΘΕΣΣΑΛΙΑΣ 2014 ΜΕ ΠΑΡΑΤΑΣΗ ΣΥΜΒΑΣΕΩΝ  ΕΩΣ 31/12/2024 ΣΥΜΦΩΝΑ ΜΕ ΤΙΣ ΔΙΑΤΑΞΕΙΣ  ΤΟΥ Ν.5079/2023 (ΦΕΚ 215/22-12-2023/τ.Α΄) ΑΡΘΡΟ 70 ΠΑΡ. 1,999501452,ΓΕΝΙΚΟ ΝΟΣΟΚΟΜΕΙΟ ΒΟΛΟΥ,2086.50,self-referential (payroll/EFKA/FMY remittance)
6Ξ104690ΒΩ-ΔΤΙ,2025-11-18,ΕΦΗΜΕΡΙΕΣ  ΕΠΙΣΤΗΜΟΝΙΚΟΥ ΠΡΟΣΩΠΙΚΟΥ   ΜΗΝΟΣ  ΣΕΠΤΕΜΒΡΙΟΥ 2025,999501452,ΓΕΝΙΚΟ ΝΟΣΟΚΟΜΕΙΟ ΒΟΛΟΥ,6226.84,self-referential (payroll/EFKA/FMY remittance)
6Ξ104690ΒΩ-ΔΤΙ,2025-11-18,ΕΦΗΜΕΡΙΕΣ  ΕΠΙΣΤΗΜΟΝΙΚΟΥ ΠΡΟΣΩΠΙΚΟΥ   ΜΗΝΟΣ  ΣΕΠΤΕΜΒΡΙΟΥ 2025,999501452,ΓΕΝΙΚΟ ΝΟΣΟΚΟΜΕΙΟ ΒΟΛΟΥ,3747.23,self-referential (payroll/EFKA/FMY remittance)
62414690ΒΩ-ΞΣΤ,2025-11-18,"ΠΡΟΣΘΕΤΕΣ ΑΜΟΙΒΕΣ ΛΟΙΠΟΥ ΜΟΝΙΜΟΥ (ΔΙΟΙΚΗΤΙΚΟΥ,ΝΟΣΗΛΕΥΤΙΚΟΥ κ.λ.π.) ΠΡΟΣΩΠΙΚΟΥ ΜΗΝΟΣ  ΣΕΠΤΕΜΒΡΙΟΥ 2025",999501452,ΓΕΝΙΚΟ ΝΟΣΟΚΟΜΕΙΟ ΒΟΛΟΥ,12144.15,self-referential (payroll/EFKA/FMY remittance)
62414690ΒΩ-ΞΣΤ,2025-11-18,"ΠΡΟΣΘΕΤΕΣ ΑΜΟΙΒΕΣ ΛΟΙΠΟΥ ΜΟΝΙΜΟΥ (ΔΙΟΙΚΗΤΙΚΟΥ,ΝΟΣΗΛΕΥΤΙΚΟΥ κ.λ.π.) ΠΡΟΣΩΠΙΚΟΥ ΜΗΝΟΣ  ΣΕΠΤΕΜΒΡΙΟΥ 2025",999501452,ΓΕΝΙΚΟ ΝΟΣΟΚΟΜΕΙΟ ΒΟΛΟΥ,35781.24,self-referential (payroll/EFKA/FMY remittance)
95ΞΠ4690ΒΩ-7ΑΦ,2025-11-17,ΠΡΟΣΘΕΤΕΣ ΑΜΟΙΒΕΣ ΙΔ. ΔΙΚΑΙΟΥ (ΑΟΡΙΣΤΟΥ-ΟΡΙΣΜΕΝΟΥ-ΑΤΟΜΙΚΕΣ ΣΥΜΒΑΣΕΙΣ) ΜΗΝΟΣ  ΣΕΠΤΕΜΒΡΙΟΥ 2025,999501452,ΓΕΝΙΚΟ ΝΟΣΟΚΟΜΕΙΟ ΒΟΛΟΥ,1669.08,self-referential (payroll/EFKA/FMY remittance)
95ΞΠ4690ΒΩ-7ΑΦ,2025-11-17,ΠΡΟΣΘΕΤΕΣ ΑΜΟΙΒΕΣ ΙΔ. ΔΙΚΑΙΟΥ (ΑΟΡΙΣΤΟΥ-ΟΡΙΣΜΕΝΟΥ-ΑΤΟΜΙΚΕΣ ΣΥΜΒΑΣΕΙΣ) ΜΗΝΟΣ  ΣΕΠΤΕΜΒΡΙΟΥ 2025,999501452,ΓΕΝΙΚΟ ΝΟΣΟΚΟΜΕΙΟ ΒΟΛΟΥ,1197.80,self-referential (payroll/EFKA/FMY remittance)
Ρ9Κ64690ΒΩ-ΚΣΝ,2025-11-17,"ΑΜΟΙΒΗ ΛΟΙΠΟΥ (ΔΙΟΙΚΗΤΙΚΟ,ΝΟΣΗΛΕΥΤΙΚΟ κ.λ.π)ΠΡΟΣΩΠΙΚΟΥ ΠΟΥ ΕΡΓΑΣΤΗΚΑΝ ΣΤΑ ΟΛΟΗΜΕΡΑ ΙΑΤΡΕΙΑ ΤΟΝ ΜΗΝΑ  ΣΕΠΤΕΜΒΡΙΟ 2025",999501452,ΓΕΝΙΚΟ ΝΟΣΟΚΟΜΕΙΟ ΒΟΛΟΥ,1605.00,self-referential (payroll/EFKA/FMY remittance)
ΨΞΞΜ4690ΒΩ-72Φ,2025-11-17,ΑΜΟΙΒΗ ΙΑΤΡΙΚΟΥ ΠΡΟΣΩΠΙΚΟΥ ΠΟΥ ΕΡΓΑΣΤΗΚΑΝ ΣΤΑ ΟΛΟΗΜΕΡΑ ΙΑΤΡΕΙΑ ΤΟΝ ΜΗΝΑ ΣΕΠΤΕΜΒΡΙΟ 2025,999501452,ΓΕΝΙΚΟ ΝΟΣΟΚΟΜΕΙΟ ΒΟΛΟΥ,1176.00,self-referential (payroll/EFKA/FMY remittance)
ΨΗΜ64690ΒΩ-ΘΡΙ,2025-11-17,ΠΡΟΣΘΕΤΕΣ ΑΜΟΙΒΕΣ ΛΟΙΠΟΥ ΕΠΙΚΟΥΡΙΚΟΥ ΠΡΟΣΩΠΙΚΟΥ ΜΕ ΣΧΕΣΗ ΕΡΓΑΣΙΑΣ ΙΔΟΧ ΜΗΝΟΣ ΣΕΠΤΕΜΒΡΙΟΥ 2025«ΕΝΙΣΧΥΣΗ ΤΩΝ ΦΟΡΕΩΝ ΥΓΕΙΑΣ ΜΕ ΕΠΙΚΟΥΡΙΚΟ ΠΡΟΣΩΠΙΚΟ ΓΙΑ ΤΗΝ ΑΝΤΑΠΟΚΡΙΣΗ ΣΤΙΣ ΑΝΑΓΚΕΣ ΛΟΓΩ ΤΗΣ ΕΠΙΔΗΜΙΑΣ COVID-19 ΣΤΗΝ ΠΕΡΙΦΕΡΕΙΑ ΘΕΣΣΑΛΙΑΣ» ΜΕ ΚΩΔΙΚΟ ΟΠΣ 5070510 ΣΤΟ ΕΠΙΧΕΙΡΗΣΙΑΚΟ ΠΡΟΓΡΑΜΜΑ «ΠΕΡΙΦΕΡΕΙΑΚΟ ΕΠΙΧΕΙΡΗΣΙΑΚΟ ΠΡΟΓΡΑΜΜΑ ΘΕΣΣΑΛΙΑΣ 2014 ΜΕ ΠΑΡΑΤΑΣΗ ΣΥΜΒΑΣΕΩΝ  ΕΩΣ 31/12/2024 ΣΥΜΦΩΝΑ ΜΕ ΤΙΣ ΔΙΑΤΑΞΕΙΣ  ΤΟΥ Ν.5079/2023 (ΦΕΚ 215/22-12-2023/τ.Α΄) ΑΡΘΡΟ 70 ΠΑΡ,999501452,ΓΕΝΙΚΟ ΝΟΣΟΚΟΜΕΙΟ ΒΟΛΟΥ,1234.90,self-referential (payroll/EFKA/FMY remittance)
ΨΗΜ64690ΒΩ-ΘΡΙ,2025-11-17,ΠΡΟΣΘΕΤΕΣ ΑΜΟΙΒΕΣ ΛΟΙΠΟΥ ΕΠΙΚΟΥΡΙΚΟΥ ΠΡΟΣΩΠΙΚΟΥ ΜΕ ΣΧΕΣΗ ΕΡΓΑΣΙΑΣ ΙΔΟΧ ΜΗΝΟΣ ΣΕΠΤΕΜΒΡΙΟΥ 2025«ΕΝΙΣΧΥΣΗ ΤΩΝ ΦΟΡΕΩΝ ΥΓΕΙΑΣ ΜΕ ΕΠΙΚΟΥΡΙΚΟ ΠΡΟΣΩΠΙΚΟ ΓΙΑ ΤΗΝ ΑΝΤΑΠΟΚΡΙΣΗ ΣΤΙΣ ΑΝΑΓΚΕΣ ΛΟΓΩ ΤΗΣ ΕΠΙΔΗΜΙΑΣ COVID-19 ΣΤΗΝ ΠΕΡΙΦΕΡΕΙΑ ΘΕΣΣΑΛΙΑΣ» ΜΕ ΚΩΔΙΚΟ ΟΠΣ 5070510 ΣΤΟ ΕΠΙΧΕΙΡΗΣΙΑΚΟ ΠΡΟΓΡΑΜΜΑ «ΠΕΡΙΦΕΡΕΙΑΚΟ ΕΠΙΧΕΙΡΗΣΙΑΚΟ ΠΡΟΓΡΑΜΜΑ ΘΕΣΣΑΛΙΑΣ 2014 ΜΕ ΠΑΡΑΤΑΣΗ ΣΥΜΒΑΣΕΩΝ  ΕΩΣ 31/12/2024 ΣΥΜΦΩΝΑ ΜΕ ΤΙΣ ΔΙΑΤΑΞΕΙΣ  ΤΟΥ Ν.5079/2023 (ΦΕΚ 215/22-12-2023/τ.Α΄) ΑΡΘΡΟ 70 ΠΑΡ,999501452,ΓΕΝΙΚΟ ΝΟΣΟΚΟΜΕΙΟ ΒΟΛΟΥ,4272.44,self-referential (payroll/EFKA/FMY remittance)
90ΨΑ4690ΒΩ-ΧΣΩ,2025-11-17,ΠΡΟΣΘΕΤΕΣ ΑΜΟΙΒΕΣ ΛΟΙΠΟΥ ΕΠΙΚΟΥΡΙΚΟΥ ΠΡΟΣΩΠΙΚΟΥ ΣΕΠΤΕΜΡΙΟΥ 2025 ΣΥΜΦΩΝΑ ΜΕ ΤΙΣ ΔΙΑΤΑΞΕΩΝ ΤΟΥ ΑΡΘΡΟΥ 17 ΤΗΣ ΠΝΠ ΦΕΚ 55/1-3-2020 ΄΄ΚΑΤΕΠΕΙΓΟΝΤΑ ΜΕΤΡΑ ΑΝΤΙΜΕΤΩΠΙΣΗΣ ΤΩΝ ΑΡΝΗΤΙΚΩΝ ΣΥΝΕΠΕΙΩΝ ΤΗΣ ΕΜΦΑΝΙΣΗΣ COVID-19,999501452,ΓΕΝΙΚΟ ΝΟΣΟΚΟΜΕΙΟ ΒΟΛΟΥ,289.30,self-referential (payroll/EFKA/FMY remittance)
90ΨΑ4690ΒΩ-ΧΣΩ,2025-11-17,ΠΡΟΣΘΕΤΕΣ ΑΜΟΙΒΕΣ ΛΟΙΠΟΥ ΕΠΙΚΟΥΡΙΚΟΥ ΠΡΟΣΩΠΙΚΟΥ ΣΕΠΤΕΜΡΙΟΥ 2025 ΣΥΜΦΩΝΑ ΜΕ ΤΙΣ ΔΙΑΤΑΞΕΩΝ ΤΟΥ ΑΡΘΡΟΥ 17 ΤΗΣ ΠΝΠ ΦΕΚ 55/1-3-2020 ΄΄ΚΑΤΕΠΕΙΓΟΝΤΑ ΜΕΤΡΑ ΑΝΤΙΜΕΤΩΠΙΣΗΣ ΤΩΝ ΑΡΝΗΤΙΚΩΝ ΣΥΝΕΠΕΙΩΝ ΤΗΣ ΕΜΦΑΝΙΣΗΣ COVID-19,999501452,ΓΕΝΙΚΟ ΝΟΣΟΚΟΜΕΙΟ ΒΟΛΟΥ,922.40,self-referential (payroll/EFKA/FMY remittance)
ΨΜΠΟ4690ΒΩ-ΤΒΝ,2025-11-17,"ΠΡΟΣΘΕΤΕΣ ΑΜΟΙΒΕΣ ΛΟΙΠΟΥ (ΔΙΟΙΚΗΤΙΚΟ,ΝΟΣΗΛΕΥΤΙΚΟ,ΤΕΧΝΙΚΟ κ.λ.π.) ΠΡΟΣΩΠΙΚΟΥ ΨΥΧΙΚΗΣ ΥΓΕΙΑΣ ΜΗΝΟΣ ΣΕΠΤΕΜΒΡΙΟΥ 2025",999501452,ΓΕΝΙΚΟ ΝΟΣΟΚΟΜΕΙΟ ΒΟΛΟΥ,3113.51,self-referential (payroll/EFKA/FMY remittance)
9ΡΔΑ4690ΒΩ-49Δ,2025-11-17,ΕΦΗΜΕΡΙΕΣ  ΕΠΙΣΤΗΜΟΝΙΚΟΥ ΠΡΟΣΩΠΙΚΟΥ  ΨΥΧΙΚΗΣ ΥΓΕΙΑΣ ΜΗΝΟΣ  ΣΕΠΤΕΜΒΡΙΟΥ 2025,999501452,ΓΕΝΙΚΟ ΝΟΣΟΚΟΜΕΙΟ ΒΟΛΟΥ,2681.33,self-referential (payroll/EFKA/FMY remittance)
ΡΤΩΖ4690ΒΩ-ΩΟΘ,2025-11-17,ΠΡΟΣΘΕΤΕΣ ΑΜΟΙΒΕΣ ΕΙΔΙΚΕΥΟΜΕΝΩΝ ΝΟΣΗΛΕΥΤΩΝ ΜΗΝΟΣ ΣΕΠΤΕΜΒΡΙΟΥ 2025 ΣΥΜΦΩΝΑ ΜΕ ΤΙΣ ΔΙΑΤΑΞΕΙΣ ΤΟΥ ΑΡΘΡΟΥ 58 ΤΟΥ Ν.4690/2020 (ΦΕΚ 104/Α/30-5-2020),999501452,ΓΕΝΙΚΟ ΝΟΣΟΚΟΜΕΙΟ ΒΟΛΟΥ,499.20,self-referential (payroll/EFKA/FMY remittance)
ΡΤΩΖ4690ΒΩ-ΩΟΘ,2025-11-17,ΠΡΟΣΘΕΤΕΣ ΑΜΟΙΒΕΣ ΕΙΔΙΚΕΥΟΜΕΝΩΝ ΝΟΣΗΛΕΥΤΩΝ ΜΗΝΟΣ ΣΕΠΤΕΜΒΡΙΟΥ 2025 ΣΥΜΦΩΝΑ ΜΕ ΤΙΣ ΔΙΑΤΑΞΕΙΣ ΤΟΥ ΑΡΘΡΟΥ 58 ΤΟΥ Ν.4690/2020 (ΦΕΚ 104/Α/30-5-2020),999501452,ΓΕΝΙΚΟ ΝΟΣΟΚΟΜΕΙΟ ΒΟΛΟΥ,1846.67,self-referential (payroll/EFKA/FMY remittance)
Ρ71Κ4690ΒΩ-Π27,2025-11-17,ΠΡΟΣΘΕΤΕΣ ΑΜΟΙΒΕΣ ΛΟΙΠΟΥ  ΕΠΙΚΟΥΡΙΚΟΥ ΠΡΟΣΩΠΙΚΟΥ ΜΗΝΟΣ  ΑΥΓΟΥΣΤΟΥ 2025,999501452,ΓΕΝΙΚΟ ΝΟΣΟΚΟΜΕΙΟ ΒΟΛΟΥ,139.80,self-referential (payroll/EFKA/FMY remittance)
Ρ71Κ4690ΒΩ-Π27,2025-11-17,ΠΡΟΣΘΕΤΕΣ ΑΜΟΙΒΕΣ ΛΟΙΠΟΥ  ΕΠΙΚΟΥΡΙΚΟΥ ΠΡΟΣΩΠΙΚΟΥ ΜΗΝΟΣ  ΑΥΓΟΥΣΤΟΥ 2025,999501452,ΓΕΝΙΚΟ ΝΟΣΟΚΟΜΕΙΟ ΒΟΛΟΥ,224.24,self-referential (payroll/EFKA/FMY remittance)
6ΘΡ04690ΒΩ-ΓΘΛ,2025-11-10,"ΕΙΣΦΟΡΕΣ ΥΠΕΡ ΕΦΚΑ ΤΟΥ ΔΙΕΚ (239,93) , ΙΕΚ (79,53)  ΜΗΝΟΣ  ΟΚΤΩΒΡΙΟΥ 2025",999501452,ΓΕΝΙΚΟ ΝΟΣΟΚΟΜΕΙΟ ΒΟΛΟΥ,319.46,self-referential (payroll/EFKA/FMY remittance)
ΨΤΡΕ4690ΒΩ-5ΘΖ,2025-11-10,ΚΑΤΑΒΟΛΗ ΑΠΟΔΟΧΩΝ ΜΗΝΟΣ ΟΚΤΩΒΡΙΟΥ 2025 ΙΑΤΡΙΚΟΥ ΕΠΙΚΟΥΡΙΚΟΥ ΠΡΟΣΩΠΙΚΟΥ,999501452,ΓΕΝΙΚΟ ΝΟΣΟΚΟΜΕΙΟ ΒΟΛΟΥ,15417.87,self-referential (payroll/EFKA/FMY remittance)
ΨΤΡΕ4690ΒΩ-5ΘΖ,2025-11-10,ΚΑΤΑΒΟΛΗ ΑΠΟΔΟΧΩΝ ΜΗΝΟΣ ΟΚΤΩΒΡΙΟΥ 2025 ΙΑΤΡΙΚΟΥ ΕΠΙΚΟΥΡΙΚΟΥ ΠΡΟΣΩΠΙΚΟΥ,999501452,ΓΕΝΙΚΟ ΝΟΣΟΚΟΜΕΙΟ ΒΟΛΟΥ,180.00,self-referential (payroll/EFKA/FMY remittance)
ΨΤΡΕ4690ΒΩ-5ΘΖ,2025-11-10,ΚΑΤΑΒΟΛΗ ΑΠΟΔΟΧΩΝ ΜΗΝΟΣ ΟΚΤΩΒΡΙΟΥ 2025 ΙΑΤΡΙΚΟΥ ΕΠΙΚΟΥΡΙΚΟΥ ΠΡΟΣΩΠΙΚΟΥ,999501452,ΓΕΝΙΚΟ ΝΟΣΟΚΟΜΕΙΟ ΒΟΛΟΥ,481.33,self-referential (payroll/EFKA/FMY remittance)
ΨΤΡΕ4690ΒΩ-5ΘΖ,2025-11-10,ΚΑΤΑΒΟΛΗ ΑΠΟΔΟΧΩΝ ΜΗΝΟΣ ΟΚΤΩΒΡΙΟΥ 2025 ΙΑΤΡΙΚΟΥ ΕΠΙΚΟΥΡΙΚΟΥ ΠΡΟΣΩΠΙΚΟΥ,999501452,ΓΕΝΙΚΟ ΝΟΣΟΚΟΜΕΙΟ ΒΟΛΟΥ,3276.66,self-referential (payroll/EFKA/FMY remittance)
ΨΤΡΕ4690ΒΩ-5ΘΖ,2025-11-10,ΚΑΤΑΒΟΛΗ ΑΠΟΔΟΧΩΝ ΜΗΝΟΣ ΟΚΤΩΒΡΙΟΥ 2025 ΙΑΤΡΙΚΟΥ ΕΠΙΚΟΥΡΙΚΟΥ ΠΡΟΣΩΠΙΚΟΥ,999501452,ΓΕΝΙΚΟ ΝΟΣΟΚΟΜΕΙΟ ΒΟΛΟΥ,4217.64,self-referential (payroll/EFKA/FMY remittance)
98ΣΞ4690ΒΩ-ΧΥ3,2025-11-10,ΚΑΤΑΒΟΛΗ ΑΠΟΖΗΜΙΩΣΗΣ ΑΔΕΙΑ ΜΑΘΗΤΕΙΑΣ  ΣΕ ΜΕΤΑΛΥΚΕΙΑΚΟΥΣ ΣΠΟΥΔΑΣΤΕΣ ΓΙΑ ΤΟΝ ΜΗΝΑ  ΑΥΓΟΥΣΤΟ  2025,999501452,ΓΕΝΙΚΟ ΝΟΣΟΚΟΜΕΙΟ ΒΟΛΟΥ,2091.04,self-referential (payroll/EFKA/FMY remittance)
98ΣΞ4690ΒΩ-ΧΥ3,2025-11-10,ΚΑΤΑΒΟΛΗ ΑΠΟΖΗΜΙΩΣΗΣ ΑΔΕΙΑ ΜΑΘΗΤΕΙΑΣ  ΣΕ ΜΕΤΑΛΥΚΕΙΑΚΟΥΣ ΣΠΟΥΔΑΣΤΕΣ ΓΙΑ ΤΟΝ ΜΗΝΑ  ΑΥΓΟΥΣΤΟ  2025,999501452,ΓΕΝΙΚΟ ΝΟΣΟΚΟΜΕΙΟ ΒΟΛΟΥ,390.09,self-referential (payroll/EFKA/FMY remittance)
6Φ7Τ4690ΒΩ-8ΙΦ,2025-11-10,ΚΑΤΑΒΟΛΗ ΑΠΟΖΗΜΙΩΣΗΣ ΚΑΙ ΑΠΟΔΟΣΗ ΚΡΑΤΗΣΕΩΝ ΣΕ ΜΕΤΑΛΥΚΕΙΑΚΟΥΣ ΣΠΟΥΔΑΣΤΕΣ ΓΙΑ ΤΟΝ ΜΗΝΑ  ΑΥΓΟΥΣΤΟ  2025,999501452,ΓΕΝΙΚΟ ΝΟΣΟΚΟΜΕΙΟ ΒΟΛΟΥ,7.11,self-referential (payroll/EFKA/FMY remittance)
6Φ7Τ4690ΒΩ-8ΙΦ,2025-11-10,ΚΑΤΑΒΟΛΗ ΑΠΟΖΗΜΙΩΣΗΣ ΚΑΙ ΑΠΟΔΟΣΗ ΚΡΑΤΗΣΕΩΝ ΣΕ ΜΕΤΑΛΥΚΕΙΑΚΟΥΣ ΣΠΟΥΔΑΣΤΕΣ ΓΙΑ ΤΟΝ ΜΗΝΑ  ΑΥΓΟΥΣΤΟ  2025,999501452,ΓΕΝΙΚΟ ΝΟΣΟΚΟΜΕΙΟ ΒΟΛΟΥ,152.25,self-referential (payroll/EFKA/FMY remittance)
9Γ4Μ4690ΒΩ-8ΕΑ,2025-11-10,ΚΑΤΑΒΟΛΗ ΑΠΟΔΟΧΩΝ ΜΗΝΟΣ  ΟΚΤΩΒΡΙΟΥ 2025  ΣΕ ΠΡΟΣΩΠΙΚΟ ΠΟΥ ΥΠΗΡΕΤΕΙ ΜΕΣΩ ΠΡΟΓΡΑΜΜΑΤΟΣ ΟΑΕΔ ΗΛΙΚΙΑΣ 55-67 ΣΥΜΦΩΝΑ ΜΕ ΤΗΝ 1η ΤΡΟΠΟΠΟΙΗΣΗ ΤΗΣ ΔΗΜΟΣΙΑΣ ΠΡΟΣΚΛΗΣΗΣ Νο 11/2017 ΤΟΥ ΟΑΕΔ,999501452,ΓΕΝΙΚΟ ΝΟΣΟΚΟΜΕΙΟ ΒΟΛΟΥ,31464.22,self-referential (payroll/EFKA/FMY remittance)
9Γ4Μ4690ΒΩ-8ΕΑ,2025-11-10,ΚΑΤΑΒΟΛΗ ΑΠΟΔΟΧΩΝ ΜΗΝΟΣ  ΟΚΤΩΒΡΙΟΥ 2025  ΣΕ ΠΡΟΣΩΠΙΚΟ ΠΟΥ ΥΠΗΡΕΤΕΙ ΜΕΣΩ ΠΡΟΓΡΑΜΜΑΤΟΣ ΟΑΕΔ ΗΛΙΚΙΑΣ 55-67 ΣΥΜΦΩΝΑ ΜΕ ΤΗΝ 1η ΤΡΟΠΟΠΟΙΗΣΗ ΤΗΣ ΔΗΜΟΣΙΑΣ ΠΡΟΣΚΛΗΣΗΣ Νο 11/2017 ΤΟΥ ΟΑΕΔ,999501452,ΓΕΝΙΚΟ ΝΟΣΟΚΟΜΕΙΟ ΒΟΛΟΥ,640.00,self-referential (payroll/EFKA/FMY remittance)
9Γ4Μ4690ΒΩ-8ΕΑ,2025-11-10,ΚΑΤΑΒΟΛΗ ΑΠΟΔΟΧΩΝ ΜΗΝΟΣ  ΟΚΤΩΒΡΙΟΥ 2025  ΣΕ ΠΡΟΣΩΠΙΚΟ ΠΟΥ ΥΠΗΡΕΤΕΙ ΜΕΣΩ ΠΡΟΓΡΑΜΜΑΤΟΣ ΟΑΕΔ ΗΛΙΚΙΑΣ 55-67 ΣΥΜΦΩΝΑ ΜΕ ΤΗΝ 1η ΤΡΟΠΟΠΟΙΗΣΗ ΤΗΣ ΔΗΜΟΣΙΑΣ ΠΡΟΣΚΛΗΣΗΣ Νο 11/2017 ΤΟΥ ΟΑΕΔ,999501452,ΓΕΝΙΚΟ ΝΟΣΟΚΟΜΕΙΟ ΒΟΛΟΥ,2930.84,self-referential (payroll/EFKA/FMY remittance)
9Γ4Μ4690ΒΩ-8ΕΑ,2025-11-10,ΚΑΤΑΒΟΛΗ ΑΠΟΔΟΧΩΝ ΜΗΝΟΣ  ΟΚΤΩΒΡΙΟΥ 2025  ΣΕ ΠΡΟΣΩΠΙΚΟ ΠΟΥ ΥΠΗΡΕΤΕΙ ΜΕΣΩ ΠΡΟΓΡΑΜΜΑΤΟΣ ΟΑΕΔ ΗΛΙΚΙΑΣ 55-67 ΣΥΜΦΩΝΑ ΜΕ ΤΗΝ 1η ΤΡΟΠΟΠΟΙΗΣΗ ΤΗΣ ΔΗΜΟΣΙΑΣ ΠΡΟΣΚΛΗΣΗΣ Νο 11/2017 ΤΟΥ ΟΑΕΔ,999501452,ΓΕΝΙΚΟ ΝΟΣΟΚΟΜΕΙΟ ΒΟΛΟΥ,8056.75,self-referential (payroll/EFKA/FMY remittance)
ΨΓΥΠ4690ΒΩ-4ΧΩ,2025-11-10,: ΚΑΤΑΒΟΛΗ ΑΠΟΔΟΧΩΝ ΛΟΙΠΟΥ ΕΠΙΚΟΥΡΙΚΟΥ ΠΡΟΣΩΠΙΚΟΥ ΜΕ ΣΧΕΣΗ ΕΡΓΑΣΙΑΣ ΙΔΟΧ ΜΗΝΟΣ ΟΚΤΩΒΡΙΟΥ 2025 «ΕΝΙΣΧΥΣΗ ΤΩΝ ΦΟΡΕΩΝ ΥΓΕΙΑΣ ΜΕ ΕΠΙΚΟΥΡΙΚΟ ΠΡΟΣΩΠΙΚΟ ΓΙΑ ΤΗΝ ΑΝΤΑΠΟΚΡΙΣΗ ΣΤΙΣ ΑΝΑΓΚΕΣ ΛΟΓΩ ΤΗΣ ΕΠΙΔΗΜΙΑΣ COVID-19 ΣΤΗΝ ΠΕΡΙΦΕΡΕΙΑ ΘΕΣΣΑΛΙΑΣ» ΜΕ ΚΩΔΙΚΟ ΟΠΣ 5070510 ΣΤΟ ΕΠΙΧΕΙΡΗΣΙΑΚΟ ΠΡΟΓΡΑΜΜΑ «ΠΕΡΙΦΕΡΕΙΑΚΟ ΕΠΙΧΕΙΡΗΣΙΑΚΟ ΠΡΟΓΡΑΜΜΑ ΘΕΣΣΑΛΙΑΣ 2014 ΜΕ ΠΑΡΑΤΑΣΗ ΣΥΜΒΑΣΕΩΝ ΕΩΣ 31/12/2025 ΣΥΜΦΩΝΑ ΜΕ ΤΙΣ ΔΙΑΤΑΞΕΙΣ ΤΟΥ Ν.5161/2024 (ΦΕΚ 196/29-11-2024/τ.Α΄) ΑΡΘΡΟ 27 ΠΑΡ. 2,999501452,ΓΕΝΙΚΟ ΝΟΣΟΚΟΜΕΙΟ ΒΟΛΟΥ,46127.73,self-referential (payroll/EFKA/FMY remittance)
ΨΓΥΠ4690ΒΩ-4ΧΩ,2025-11-10,: ΚΑΤΑΒΟΛΗ ΑΠΟΔΟΧΩΝ ΛΟΙΠΟΥ ΕΠΙΚΟΥΡΙΚΟΥ ΠΡΟΣΩΠΙΚΟΥ ΜΕ ΣΧΕΣΗ ΕΡΓΑΣΙΑΣ ΙΔΟΧ ΜΗΝΟΣ ΟΚΤΩΒΡΙΟΥ 2025 «ΕΝΙΣΧΥΣΗ ΤΩΝ ΦΟΡΕΩΝ ΥΓΕΙΑΣ ΜΕ ΕΠΙΚΟΥΡΙΚΟ ΠΡΟΣΩΠΙΚΟ ΓΙΑ ΤΗΝ ΑΝΤΑΠΟΚΡΙΣΗ ΣΤΙΣ ΑΝΑΓΚΕΣ ΛΟΓΩ ΤΗΣ ΕΠΙΔΗΜΙΑΣ COVID-19 ΣΤΗΝ ΠΕΡΙΦΕΡΕΙΑ ΘΕΣΣΑΛΙΑΣ» ΜΕ ΚΩΔΙΚΟ ΟΠΣ 5070510 ΣΤΟ ΕΠΙΧΕΙΡΗΣΙΑΚΟ ΠΡΟΓΡΑΜΜΑ «ΠΕΡΙΦΕΡΕΙΑΚΟ ΕΠΙΧΕΙΡΗΣΙΑΚΟ ΠΡΟΓΡΑΜΜΑ ΘΕΣΣΑΛΙΑΣ 2014 ΜΕ ΠΑΡΑΤΑΣΗ ΣΥΜΒΑΣΕΩΝ ΕΩΣ 31/12/2025 ΣΥΜΦΩΝΑ ΜΕ ΤΙΣ ΔΙΑΤΑΞΕΙΣ ΤΟΥ Ν.5161/2024 (ΦΕΚ 196/29-11-2024/τ.Α΄) ΑΡΘΡΟ 27 ΠΑΡ. 2,999501452,ΓΕΝΙΚΟ ΝΟΣΟΚΟΜΕΙΟ ΒΟΛΟΥ,1277.67,self-referential (payroll/EFKA/FMY remittance)
ΨΓΥΠ4690ΒΩ-4ΧΩ,2025-11-10,: ΚΑΤΑΒΟΛΗ ΑΠΟΔΟΧΩΝ ΛΟΙΠΟΥ ΕΠΙΚΟΥΡΙΚΟΥ ΠΡΟΣΩΠΙΚΟΥ ΜΕ ΣΧΕΣΗ ΕΡΓΑΣΙΑΣ ΙΔΟΧ ΜΗΝΟΣ ΟΚΤΩΒΡΙΟΥ 2025 «ΕΝΙΣΧΥΣΗ ΤΩΝ ΦΟΡΕΩΝ ΥΓΕΙΑΣ ΜΕ ΕΠΙΚΟΥΡΙΚΟ ΠΡΟΣΩΠΙΚΟ ΓΙΑ ΤΗΝ ΑΝΤΑΠΟΚΡΙΣΗ ΣΤΙΣ ΑΝΑΓΚΕΣ ΛΟΓΩ ΤΗΣ ΕΠΙΔΗΜΙΑΣ COVID-19 ΣΤΗΝ ΠΕΡΙΦΕΡΕΙΑ ΘΕΣΣΑΛΙΑΣ» ΜΕ ΚΩΔΙΚΟ ΟΠΣ 5070510 ΣΤΟ ΕΠΙΧΕΙΡΗΣΙΑΚΟ ΠΡΟΓΡΑΜΜΑ «ΠΕΡΙΦΕΡΕΙΑΚΟ ΕΠΙΧΕΙΡΗΣΙΑΚΟ ΠΡΟΓΡΑΜΜΑ ΘΕΣΣΑΛΙΑΣ 2014 ΜΕ ΠΑΡΑΤΑΣΗ ΣΥΜΒΑΣΕΩΝ ΕΩΣ 31/12/2025 ΣΥΜΦΩΝΑ ΜΕ ΤΙΣ ΔΙΑΤΑΞΕΙΣ ΤΟΥ Ν.5161/2024 (ΦΕΚ 196/29-11-2024/τ.Α΄) ΑΡΘΡΟ 27 ΠΑΡ. 2,999501452,ΓΕΝΙΚΟ ΝΟΣΟΚΟΜΕΙΟ ΒΟΛΟΥ,7501.67,self-referential (payroll/EFKA/FMY remittance)
ΨΓΥΠ4690ΒΩ-4ΧΩ,2025-11-10,: ΚΑΤΑΒΟΛΗ ΑΠΟΔΟΧΩΝ ΛΟΙΠΟΥ ΕΠΙΚΟΥΡΙΚΟΥ ΠΡΟΣΩΠΙΚΟΥ ΜΕ ΣΧΕΣΗ ΕΡΓΑΣΙΑΣ ΙΔΟΧ ΜΗΝΟΣ ΟΚΤΩΒΡΙΟΥ 2025 «ΕΝΙΣΧΥΣΗ ΤΩΝ ΦΟΡΕΩΝ ΥΓΕΙΑΣ ΜΕ ΕΠΙΚΟΥΡΙΚΟ ΠΡΟΣΩΠΙΚΟ ΓΙΑ ΤΗΝ ΑΝΤΑΠΟΚΡΙΣΗ ΣΤΙΣ ΑΝΑΓΚΕΣ ΛΟΓΩ ΤΗΣ ΕΠΙΔΗΜΙΑΣ COVID-19 ΣΤΗΝ ΠΕΡΙΦΕΡΕΙΑ ΘΕΣΣΑΛΙΑΣ» ΜΕ ΚΩΔΙΚΟ ΟΠΣ 5070510 ΣΤΟ ΕΠΙΧΕΙΡΗΣΙΑΚΟ ΠΡΟΓΡΑΜΜΑ «ΠΕΡΙΦΕΡΕΙΑΚΟ ΕΠΙΧΕΙΡΗΣΙΑΚΟ ΠΡΟΓΡΑΜΜΑ ΘΕΣΣΑΛΙΑΣ 2014 ΜΕ ΠΑΡΑΤΑΣΗ ΣΥΜΒΑΣΕΩΝ ΕΩΣ 31/12/2025 ΣΥΜΦΩΝΑ ΜΕ ΤΙΣ ΔΙΑΤΑΞΕΙΣ ΤΟΥ Ν.5161/2024 (ΦΕΚ 196/29-11-2024/τ.Α΄) ΑΡΘΡΟ 27 ΠΑΡ. 2,999501452,ΓΕΝΙΚΟ ΝΟΣΟΚΟΜΕΙΟ ΒΟΛΟΥ,13081.03,self-referential (payroll/EFKA/FMY remittance)
923Φ4690ΒΩ-ΤΤΔ,2025-11-10,ΚΑΤΑΒΟΛΗ ΑΠΟΔΟΧΩΝ ΙΑΤΡΙΚΟΥ ΕΠΙΚΟΥΡΙΚΟΥ ΠΡΟΣΩΠΙΚΟΥ ΜΕ ΣΧΕΣΗ ΕΡΓΑΣΙΑΣ ΙΔΟΧ ΜΗΝΟΣ  ΟΚΤΩΒΡΙΟΥ 2025 «ΕΝΙΣΧΥΣΗ ΤΩΝ ΦΟΡΕΩΝ ΥΓΕΙΑΣ ΜΕ ΕΠΙΚΟΥΡΙΚΟ ΠΡΟΣΩΠΙΚΟ ΓΙΑ ΤΗΝ ΑΝΤΑΠΟΚΡΙΣΗ ΣΤΙΣ ΑΝΑΓΚΕΣ ΛΟΓΩ ΤΗΣ ΕΠΙΔΗΜΙΑΣ COVID-19 ΣΤΗΝ ΠΕΡΙΦΕΡΕΙΑ ΘΕΣΣΑΛΙΑΣ» ΜΕ ΚΩΔΙΚΟ ΟΠΣ 5070510 ΣΤΟ ΕΠΙΧΕΙΡΗΣΙΑΚΟ ΠΡΟΓΡΑΜΜΑ «ΠΕΡΙΦΕΡΕΙΑΚΟ ΕΠΙΧΕΙΡΗΣΙΑΚΟ ΠΡΟΓΡΑΜΜΑ ΘΕΣΣΑΛΙΑΣ 2014  ΜΕ ΠΑΡΑΤΑΣΗ ΣΥΜΒΑΣΕΩΝ  ΕΩΣ 31/12/2025 ΣΥΜΦΩΝΑ ΜΕ ΤΙΣ ΔΙΑΤΑΞΕΙΣ  ΤΟΥ Ν.5161/2024 (ΦΕΚ  196/29-11-2024/τ.Α΄) ΑΡΘΡΟ 27 ΠΑΡ. 2,999501452,ΓΕΝΙΚΟ ΝΟΣΟΚΟΜΕΙΟ ΒΟΛΟΥ,4196.00,self-referential (payroll/EFKA/FMY remittance)
923Φ4690ΒΩ-ΤΤΔ,2025-11-10,ΚΑΤΑΒΟΛΗ ΑΠΟΔΟΧΩΝ ΙΑΤΡΙΚΟΥ ΕΠΙΚΟΥΡΙΚΟΥ ΠΡΟΣΩΠΙΚΟΥ ΜΕ ΣΧΕΣΗ ΕΡΓΑΣΙΑΣ ΙΔΟΧ ΜΗΝΟΣ  ΟΚΤΩΒΡΙΟΥ 2025 «ΕΝΙΣΧΥΣΗ ΤΩΝ ΦΟΡΕΩΝ ΥΓΕΙΑΣ ΜΕ ΕΠΙΚΟΥΡΙΚΟ ΠΡΟΣΩΠΙΚΟ ΓΙΑ ΤΗΝ ΑΝΤΑΠΟΚΡΙΣΗ ΣΤΙΣ ΑΝΑΓΚΕΣ ΛΟΓΩ ΤΗΣ ΕΠΙΔΗΜΙΑΣ COVID-19 ΣΤΗΝ ΠΕΡΙΦΕΡΕΙΑ ΘΕΣΣΑΛΙΑΣ» ΜΕ ΚΩΔΙΚΟ ΟΠΣ 5070510 ΣΤΟ ΕΠΙΧΕΙΡΗΣΙΑΚΟ ΠΡΟΓΡΑΜΜΑ «ΠΕΡΙΦΕΡΕΙΑΚΟ ΕΠΙΧΕΙΡΗΣΙΑΚΟ ΠΡΟΓΡΑΜΜΑ ΘΕΣΣΑΛΙΑΣ 2014  ΜΕ ΠΑΡΑΤΑΣΗ ΣΥΜΒΑΣΕΩΝ  ΕΩΣ 31/12/2025 ΣΥΜΦΩΝΑ ΜΕ ΤΙΣ ΔΙΑΤΑΞΕΙΣ  ΤΟΥ Ν.5161/2024 (ΦΕΚ  196/29-11-2024/τ.Α΄) ΑΡΘΡΟ 27 ΠΑΡ. 2,999501452,ΓΕΝΙΚΟ ΝΟΣΟΚΟΜΕΙΟ ΒΟΛΟΥ,70.00,self-referential (payroll/EFKA/FMY remittance)
923Φ4690ΒΩ-ΤΤΔ,2025-11-10,ΚΑΤΑΒΟΛΗ ΑΠΟΔΟΧΩΝ ΙΑΤΡΙΚΟΥ ΕΠΙΚΟΥΡΙΚΟΥ ΠΡΟΣΩΠΙΚΟΥ ΜΕ ΣΧΕΣΗ ΕΡΓΑΣΙΑΣ ΙΔΟΧ ΜΗΝΟΣ  ΟΚΤΩΒΡΙΟΥ 2025 «ΕΝΙΣΧΥΣΗ ΤΩΝ ΦΟΡΕΩΝ ΥΓΕΙΑΣ ΜΕ ΕΠΙΚΟΥΡΙΚΟ ΠΡΟΣΩΠΙΚΟ ΓΙΑ ΤΗΝ ΑΝΤΑΠΟΚΡΙΣΗ ΣΤΙΣ ΑΝΑΓΚΕΣ ΛΟΓΩ ΤΗΣ ΕΠΙΔΗΜΙΑΣ COVID-19 ΣΤΗΝ ΠΕΡΙΦΕΡΕΙΑ ΘΕΣΣΑΛΙΑΣ» ΜΕ ΚΩΔΙΚΟ ΟΠΣ 5070510 ΣΤΟ ΕΠΙΧΕΙΡΗΣΙΑΚΟ ΠΡΟΓΡΑΜΜΑ «ΠΕΡΙΦΕΡΕΙΑΚΟ ΕΠΙΧΕΙΡΗΣΙΑΚΟ ΠΡΟΓΡΑΜΜΑ ΘΕΣΣΑΛΙΑΣ 2014  ΜΕ ΠΑΡΑΤΑΣΗ ΣΥΜΒΑΣΕΩΝ  ΕΩΣ 31/12/2025 ΣΥΜΦΩΝΑ ΜΕ ΤΙΣ ΔΙΑΤΑΞΕΙΣ  ΤΟΥ Ν.5161/2024 (ΦΕΚ  196/29-11-2024/τ.Α΄) ΑΡΘΡΟ 27 ΠΑΡ. 2,999501452,ΓΕΝΙΚΟ ΝΟΣΟΚΟΜΕΙΟ ΒΟΛΟΥ,960.00,self-referential (payroll/EFKA/FMY remittance)
923Φ4690ΒΩ-ΤΤΔ,2025-11-10,ΚΑΤΑΒΟΛΗ ΑΠΟΔΟΧΩΝ ΙΑΤΡΙΚΟΥ ΕΠΙΚΟΥΡΙΚΟΥ ΠΡΟΣΩΠΙΚΟΥ ΜΕ ΣΧΕΣΗ ΕΡΓΑΣΙΑΣ ΙΔΟΧ ΜΗΝΟΣ  ΟΚΤΩΒΡΙΟΥ 2025 «ΕΝΙΣΧΥΣΗ ΤΩΝ ΦΟΡΕΩΝ ΥΓΕΙΑΣ ΜΕ ΕΠΙΚΟΥΡΙΚΟ ΠΡΟΣΩΠΙΚΟ ΓΙΑ ΤΗΝ ΑΝΤΑΠΟΚΡΙΣΗ ΣΤΙΣ ΑΝΑΓΚΕΣ ΛΟΓΩ ΤΗΣ ΕΠΙΔΗΜΙΑΣ COVID-19 ΣΤΗΝ ΠΕΡΙΦΕΡΕΙΑ ΘΕΣΣΑΛΙΑΣ» ΜΕ ΚΩΔΙΚΟ ΟΠΣ 5070510 ΣΤΟ ΕΠΙΧΕΙΡΗΣΙΑΚΟ ΠΡΟΓΡΑΜΜΑ «ΠΕΡΙΦΕΡΕΙΑΚΟ ΕΠΙΧΕΙΡΗΣΙΑΚΟ ΠΡΟΓΡΑΜΜΑ ΘΕΣΣΑΛΙΑΣ 2014  ΜΕ ΠΑΡΑΤΑΣΗ ΣΥΜΒΑΣΕΩΝ  ΕΩΣ 31/12/2025 ΣΥΜΦΩΝΑ ΜΕ ΤΙΣ ΔΙΑΤΑΞΕΙΣ  ΤΟΥ Ν.5161/2024 (ΦΕΚ  196/29-11-2024/τ.Α΄) ΑΡΘΡΟ 27 ΠΑΡ. 2,999501452,ΓΕΝΙΚΟ ΝΟΣΟΚΟΜΕΙΟ ΒΟΛΟΥ,1138.75,self-referential (payroll/EFKA/FMY remittance)
ΨΧ064690ΒΩ-4ΙΛ,2025-11-10,ΚΑΤΑΒΟΛΗ ΑΠΟΔΟΧΩΝ ΜΗΝΟΣ  ΟΚΤΩΒΡΙΟΥ 2025  ΛΟΙΠΟΥ ΕΠΙΚΟΥΡΙΚΟΥ ΠΡΟΣΩΠΙΚΟΥ ΜΕ ΣΧΕΣΗ ΕΡΓΑΣΙΑΣ ΙΔΟΧ ΣΕ ΕΦΑΡΜΟΓΗ ΤΩΝ ΔΙΑΤΑΞΕΩΝ ΤΟΥ ΑΡΘΡΟΥ 17 ΤΗΣ ΠΝΠ ΦΕΚ 55/1-3-2020 ΄΄ΚΑΤΕΠΕΙΓΟΝΤΑ ΜΕΤΡΑ ΑΝΤΙΜΕΤΩΠΙΣΗΣ ΤΩΝ ΑΡΝΗΤΙΚΩΝ ΣΥΝΕΠΕΙΩΝ ΤΗΣ ΕΜΦΑΝΙΣΗΣ COVID19 ΜΕ ΠΑΡΑΤΑΣΗ ΣΥΜΒΑΣΕΩΝ  ΕΩΣ 31/12/2025 ΣΥΜΦΩΝΑ ΜΕ ΤΙΣ ΔΙΑΤΑΞΕΙΣ ΤΟΥ Ν.5161/2024 (ΦΕΚ  196/29-11-2024/τ.Α΄) ΑΡΘΡΟ 27 ΠΑΡ. 2,999501452,ΓΕΝΙΚΟ ΝΟΣΟΚΟΜΕΙΟ ΒΟΛΟΥ,17843.70,self-referential (payroll/EFKA/FMY remittance)
ΨΧ064690ΒΩ-4ΙΛ,2025-11-10,ΚΑΤΑΒΟΛΗ ΑΠΟΔΟΧΩΝ ΜΗΝΟΣ  ΟΚΤΩΒΡΙΟΥ 2025  ΛΟΙΠΟΥ ΕΠΙΚΟΥΡΙΚΟΥ ΠΡΟΣΩΠΙΚΟΥ ΜΕ ΣΧΕΣΗ ΕΡΓΑΣΙΑΣ ΙΔΟΧ ΣΕ ΕΦΑΡΜΟΓΗ ΤΩΝ ΔΙΑΤΑΞΕΩΝ ΤΟΥ ΑΡΘΡΟΥ 17 ΤΗΣ ΠΝΠ ΦΕΚ 55/1-3-2020 ΄΄ΚΑΤΕΠΕΙΓΟΝΤΑ ΜΕΤΡΑ ΑΝΤΙΜΕΤΩΠΙΣΗΣ ΤΩΝ ΑΡΝΗΤΙΚΩΝ ΣΥΝΕΠΕΙΩΝ ΤΗΣ ΕΜΦΑΝΙΣΗΣ COVID19 ΜΕ ΠΑΡΑΤΑΣΗ ΣΥΜΒΑΣΕΩΝ  ΕΩΣ 31/12/2025 ΣΥΜΦΩΝΑ ΜΕ ΤΙΣ ΔΙΑΤΑΞΕΙΣ ΤΟΥ Ν.5161/2024 (ΦΕΚ  196/29-11-2024/τ.Α΄) ΑΡΘΡΟ 27 ΠΑΡ. 2,999501452,ΓΕΝΙΚΟ ΝΟΣΟΚΟΜΕΙΟ ΒΟΛΟΥ,1153.00,self-referential (payroll/EFKA/FMY remittance)
ΨΧ064690ΒΩ-4ΙΛ,2025-11-10,ΚΑΤΑΒΟΛΗ ΑΠΟΔΟΧΩΝ ΜΗΝΟΣ  ΟΚΤΩΒΡΙΟΥ 2025  ΛΟΙΠΟΥ ΕΠΙΚΟΥΡΙΚΟΥ ΠΡΟΣΩΠΙΚΟΥ ΜΕ ΣΧΕΣΗ ΕΡΓΑΣΙΑΣ ΙΔΟΧ ΣΕ ΕΦΑΡΜΟΓΗ ΤΩΝ ΔΙΑΤΑΞΕΩΝ ΤΟΥ ΑΡΘΡΟΥ 17 ΤΗΣ ΠΝΠ ΦΕΚ 55/1-3-2020 ΄΄ΚΑΤΕΠΕΙΓΟΝΤΑ ΜΕΤΡΑ ΑΝΤΙΜΕΤΩΠΙΣΗΣ ΤΩΝ ΑΡΝΗΤΙΚΩΝ ΣΥΝΕΠΕΙΩΝ ΤΗΣ ΕΜΦΑΝΙΣΗΣ COVID19 ΜΕ ΠΑΡΑΤΑΣΗ ΣΥΜΒΑΣΕΩΝ  ΕΩΣ 31/12/2025 ΣΥΜΦΩΝΑ ΜΕ ΤΙΣ ΔΙΑΤΑΞΕΙΣ ΤΟΥ Ν.5161/2024 (ΦΕΚ  196/29-11-2024/τ.Α΄) ΑΡΘΡΟ 27 ΠΑΡ. 2,999501452,ΓΕΝΙΚΟ ΝΟΣΟΚΟΜΕΙΟ ΒΟΛΟΥ,1898.50,self-referential (payroll/EFKA/FMY remittance)
ΨΧ064690ΒΩ-4ΙΛ,2025-11-10,ΚΑΤΑΒΟΛΗ ΑΠΟΔΟΧΩΝ ΜΗΝΟΣ  ΟΚΤΩΒΡΙΟΥ 2025  ΛΟΙΠΟΥ ΕΠΙΚΟΥΡΙΚΟΥ ΠΡΟΣΩΠΙΚΟΥ ΜΕ ΣΧΕΣΗ ΕΡΓΑΣΙΑΣ ΙΔΟΧ ΣΕ ΕΦΑΡΜΟΓΗ ΤΩΝ ΔΙΑΤΑΞΕΩΝ ΤΟΥ ΑΡΘΡΟΥ 17 ΤΗΣ ΠΝΠ ΦΕΚ 55/1-3-2020 ΄΄ΚΑΤΕΠΕΙΓΟΝΤΑ ΜΕΤΡΑ ΑΝΤΙΜΕΤΩΠΙΣΗΣ ΤΩΝ ΑΡΝΗΤΙΚΩΝ ΣΥΝΕΠΕΙΩΝ ΤΗΣ ΕΜΦΑΝΙΣΗΣ COVID19 ΜΕ ΠΑΡΑΤΑΣΗ ΣΥΜΒΑΣΕΩΝ  ΕΩΣ 31/12/2025 ΣΥΜΦΩΝΑ ΜΕ ΤΙΣ ΔΙΑΤΑΞΕΙΣ ΤΟΥ Ν.5161/2024 (ΦΕΚ  196/29-11-2024/τ.Α΄) ΑΡΘΡΟ 27 ΠΑΡ. 2,999501452,ΓΕΝΙΚΟ ΝΟΣΟΚΟΜΕΙΟ ΒΟΛΟΥ,4824.95,self-referential (payroll/EFKA/FMY remittance)
ΨΧΠΛ4690ΒΩ-2ΟΓ,2025-11-10,ΚΑΤΑΒΟΛΗ ΑΠΟΔΟΧΩΝ ΛΟΙΠΟΥ ΕΠΙΚΟΥΡΙΚΟΥ ΠΡΟΣΩΠΙΚΟΥ ΜΗΝΟΣ ΟΚΤΩΒΡΙΟΥ 2025  ΜΕ ΠΑΡΑΤΑΣΗ ΣΥΜΒΑΣΕΩΝ  ΕΩΣ 31/12/2025 ΣΥΜΦΩΝΑ ΜΕ ΤΙΣ ΔΙΑΤΑΞΕΙΣ  ΤΟΥ Ν.5161/2024 (ΦΕΚ  196/29-11-2024/τ.Α΄) ΑΡΘΡΟ 27 ΠΑΡ. 2,999501452,ΓΕΝΙΚΟ ΝΟΣΟΚΟΜΕΙΟ ΒΟΛΟΥ,2210.00,self-referential (payroll/EFKA/FMY remittance)
ΨΧΠΛ4690ΒΩ-2ΟΓ,2025-11-10,ΚΑΤΑΒΟΛΗ ΑΠΟΔΟΧΩΝ ΛΟΙΠΟΥ ΕΠΙΚΟΥΡΙΚΟΥ ΠΡΟΣΩΠΙΚΟΥ ΜΗΝΟΣ ΟΚΤΩΒΡΙΟΥ 2025  ΜΕ ΠΑΡΑΤΑΣΗ ΣΥΜΒΑΣΕΩΝ  ΕΩΣ 31/12/2025 ΣΥΜΦΩΝΑ ΜΕ ΤΙΣ ΔΙΑΤΑΞΕΙΣ  ΤΟΥ Ν.5161/2024 (ΦΕΚ  196/29-11-2024/τ.Α΄) ΑΡΘΡΟ 27 ΠΑΡ. 2,999501452,ΓΕΝΙΚΟ ΝΟΣΟΚΟΜΕΙΟ ΒΟΛΟΥ,240.00,self-referential (payroll/EFKA/FMY remittance)
ΨΧΠΛ4690ΒΩ-2ΟΓ,2025-11-10,ΚΑΤΑΒΟΛΗ ΑΠΟΔΟΧΩΝ ΛΟΙΠΟΥ ΕΠΙΚΟΥΡΙΚΟΥ ΠΡΟΣΩΠΙΚΟΥ ΜΗΝΟΣ ΟΚΤΩΒΡΙΟΥ 2025  ΜΕ ΠΑΡΑΤΑΣΗ ΣΥΜΒΑΣΕΩΝ  ΕΩΣ 31/12/2025 ΣΥΜΦΩΝΑ ΜΕ ΤΙΣ ΔΙΑΤΑΞΕΙΣ  ΤΟΥ Ν.5161/2024 (ΦΕΚ  196/29-11-2024/τ.Α΄) ΑΡΘΡΟ 27 ΠΑΡ. 2,999501452,ΓΕΝΙΚΟ ΝΟΣΟΚΟΜΕΙΟ ΒΟΛΟΥ,365.00,self-referential (payroll/EFKA/FMY remittance)
ΨΧΠΛ4690ΒΩ-2ΟΓ,2025-11-10,ΚΑΤΑΒΟΛΗ ΑΠΟΔΟΧΩΝ ΛΟΙΠΟΥ ΕΠΙΚΟΥΡΙΚΟΥ ΠΡΟΣΩΠΙΚΟΥ ΜΗΝΟΣ ΟΚΤΩΒΡΙΟΥ 2025  ΜΕ ΠΑΡΑΤΑΣΗ ΣΥΜΒΑΣΕΩΝ  ΕΩΣ 31/12/2025 ΣΥΜΦΩΝΑ ΜΕ ΤΙΣ ΔΙΑΤΑΞΕΙΣ  ΤΟΥ Ν.5161/2024 (ΦΕΚ  196/29-11-2024/τ.Α΄) ΑΡΘΡΟ 27 ΠΑΡ. 2,999501452,ΓΕΝΙΚΟ ΝΟΣΟΚΟΜΕΙΟ ΒΟΛΟΥ,673.91,self-referential (payroll/EFKA/FMY remittance)
ΨΗΚ54690ΒΩ-Δ57,2025-11-10,ΚΑΤΑΒΟΛΗ ΑΠΟΔΟΧΩΝ ΟΚΤΩΒΡΙΟΥ ( ΑΠΟ 7/10/2025) ΣΤΟΝ ΕΠΙΚΟΥΡΙΚΟ ΙΑΤΡΟ  ΕΒ΄ ΟΡΘΟΠΕΔΙΚΗΣ,999501452,ΓΕΝΙΚΟ ΝΟΣΟΚΟΜΕΙΟ ΒΟΛΟΥ,375.60,self-referential (payroll/EFKA/FMY remittance)
ΨΗΚ54690ΒΩ-Δ57,2025-11-10,ΚΑΤΑΒΟΛΗ ΑΠΟΔΟΧΩΝ ΟΚΤΩΒΡΙΟΥ ( ΑΠΟ 7/10/2025) ΣΤΟΝ ΕΠΙΚΟΥΡΙΚΟ ΙΑΤΡΟ  ΕΒ΄ ΟΡΘΟΠΕΔΙΚΗΣ,999501452,ΓΕΝΙΚΟ ΝΟΣΟΚΟΜΕΙΟ ΒΟΛΟΥ,80.00,self-referential (payroll/EFKA/FMY remittance)
ΨΗΚ54690ΒΩ-Δ57,2025-11-10,ΚΑΤΑΒΟΛΗ ΑΠΟΔΟΧΩΝ ΟΚΤΩΒΡΙΟΥ ( ΑΠΟ 7/10/2025) ΣΤΟΝ ΕΠΙΚΟΥΡΙΚΟ ΙΑΤΡΟ  ΕΒ΄ ΟΡΘΟΠΕΔΙΚΗΣ,999501452,ΓΕΝΙΚΟ ΝΟΣΟΚΟΜΕΙΟ ΒΟΛΟΥ,99.28,self-referential (payroll/EFKA/FMY remittance)
9Α5Θ4690ΒΩ-ΕΑΚ,2025-11-07,ΕΦΗΜΕΡΙΕΣ (ΥΠΕΡΒΑΛΛΟΥΣΕΣ) ΙΑΤΡΙΚΟΥ ΠΡΟΣΩΠΙΚΟΥ ΜΗΝΟΣ ΙΟΥΛΙΟΥ 202,999501452,ΓΕΝΙΚΟ ΝΟΣΟΚΟΜΕΙΟ ΒΟΛΟΥ,28899.38,self-referential (payroll/EFKA/FMY remittance)
ΨΡΜ34690ΒΩ-ΩΛΩ,2025-11-07,ΕΦΗΜΕΡΙΕΣ (ΥΠΕΡΒΑΛΛΟΥΣΕΣ) ΙΑΤΡΙΚΟΥ ΕΠΙΚΟΥΡΙΚΟΥ ΠΡΟΣΩΠΙΚΟΥ ΜΕ ΣΧΕΣΗ ΕΡΓΑΣΙΑΣ ΙΔΟΧ ΜΗΝΟΣ  ΙΟΥΛΙΟΥ 2025 «ΕΝΙΣΧΥΣΗ ΤΩΝ ΦΟΡΕΩΝ ΥΓΕΙΑΣ ΜΕ ΕΠΙΚΟΥΡΙΚΟ ΠΡΟΣΩΠΙΚΟ ΓΙΑ ΤΗΝ ΑΝΤΑΠΟΚΡΙΣΗ ΣΤΙΣ ΑΝΑΓΚΕΣ ΛΟΓΩ ΤΗΣ ΕΠΙΔΗΜΙΑΣ COVID-19 ΣΤΗΝ ΠΕΡΙΦΕΡΕΙΑ ΘΕΣΣΑΛΙΑΣ» ΜΕ ΚΩΔΙΚΟ ΟΠΣ 5070510 ΣΤΟ ΕΠΙΧΕΙΡΗΣΙΑΚΟ ΠΡΟΓΡΑΜΜΑ «ΠΕΡΙΦΕΡΕΙΑΚΟ ΕΠΙΧΕΙΡΗΣΙΑΚΟ ΠΡΟΓΡΑΜΜΑ ΘΕΣΣΑΛΙΑΣ 2014 ΜΕ ΠΑΡΑΤΑΣΗ ΣΥΜΒΑΣΕΩΝ  ΕΩΣ 31/12/2024 ΣΥΜΦΩΝΑ ΜΕ ΤΙΣ ΔΙΑΤΑΞΕΙΣ  ΤΟΥ Ν.5079/2023 (ΦΕΚ 215/22-12-2023/τ.Α΄) ΑΡΘΡΟ 70 ΠΑΡ.,999501452,ΓΕΝΙΚΟ ΝΟΣΟΚΟΜΕΙΟ ΒΟΛΟΥ,293.87,self-referential (payroll/EFKA/FMY remittance)
ΡΩΨΤ4690ΒΩ-Ο7Τ,2025-11-07,ΕΦΗΜΕΡΙΕΣ (ΥΠΕΡΒΑΛΛΟΥΣΕΣ) ΙΑΤΡΙΚΟΥ ΠΡΟΣΩΠΙΚΟΥ ΜΗΝΟΣ  ΑΥΓΟΥΣΤΟΥ 2025,999501452,ΓΕΝΙΚΟ ΝΟΣΟΚΟΜΕΙΟ ΒΟΛΟΥ,36127.04,self-referential (payroll/EFKA/FMY remittance)
6ΗΧΣ4690ΒΩ-5ΗΞ,2025-11-07,ΕΦΗΜΕΡΙΕΣ (ΥΠΕΡΒΑΛΛΟΥΣΕΣ) ΙΑΤΡΙΚΟΥ ΕΠΙΚΟΥΡΙΚΟΥ ΠΡΟΣΩΠΙΚΟΥ ΜΕ ΣΧΕΣΗ ΕΡΓΑΣΙΑΣ ΙΔΟΧ ΜΗΝΟΣ  ΑΥΓΟΥΣΤΟΥ 2025 «ΕΝΙΣΧΥΣΗ ΤΩΝ ΦΟΡΕΩΝ ΥΓΕΙΑΣ ΜΕ ΕΠΙΚΟΥΡΙΚΟ ΠΡΟΣΩΠΙΚΟ ΓΙΑ ΤΗΝ ΑΝΤΑΠΟΚΡΙΣΗ ΣΤΙΣ ΑΝΑΓΚΕΣ ΛΟΓΩ ΤΗΣ ΕΠΙΔΗΜΙΑΣ COVID-19 ΣΤΗΝ ΠΕΡΙΦΕΡΕΙΑ ΘΕΣΣΑΛΙΑΣ» ΜΕ ΚΩΔΙΚΟ ΟΠΣ 5070510 ΣΤΟ ΕΠΙΧΕΙΡΗΣΙΑΚΟ ΠΡΟΓΡΑΜΜΑ «ΠΕΡΙΦΕΡΕΙΑΚΟ ΕΠΙΧΕΙΡΗΣΙΑΚΟ ΠΡΟΓΡΑΜΜΑ ΘΕΣΣΑΛΙΑΣ 2014 ΜΕ ΠΑΡΑΤΑΣΗ ΣΥΜΒΑΣΕΩΝ  ΕΩΣ 31/12/2024 ΣΥΜΦΩΝΑ ΜΕ ΤΙΣ ΔΙΑΤΑΞΕΙΣ  ΤΟΥ Ν.5079/2023 (ΦΕΚ 215/22-12-2023/τ.Α΄) ΑΡΘΡΟ 70 ΠΑΡ,999501452,ΓΕΝΙΚΟ ΝΟΣΟΚΟΜΕΙΟ ΒΟΛΟΥ,1143.76,self-referential (payroll/EFKA/FMY remittance)
6ΑΝ04690ΒΩ-3ΟΒ,2025-10-31,ΑΠΟΔΟΣΗ ΥΠΕΡ Μ.Τ.Π.Υ.  ΚΑΙ ΛΟΙΠΩΝ  ΑΣΦΑΛΙΣΤΙΚΩΝ ΤΑΜΕΙΩΝ ΕΠΙ ΕΞΟΦΛΗΘΕΝΤΩΝ ΧΕ  ΜΙΣΘΟΔΟΣΙΑΣ ΤΟΝ ΜΗΝΑ ΟΚΤΩΒΡΙΟ 2025 (Φ,999501452,ΓΕΝΙΚΟ ΝΟΣΟΚΟΜΕΙΟ ΒΟΛΟΥ,3982.10,self-referential (payroll/EFKA/FMY remittance)
6ΑΝ04690ΒΩ-3ΟΒ,2025-10-31,ΑΠΟΔΟΣΗ ΥΠΕΡ Μ.Τ.Π.Υ.  ΚΑΙ ΛΟΙΠΩΝ  ΑΣΦΑΛΙΣΤΙΚΩΝ ΤΑΜΕΙΩΝ ΕΠΙ ΕΞΟΦΛΗΘΕΝΤΩΝ ΧΕ  ΜΙΣΘΟΔΟΣΙΑΣ ΤΟΝ ΜΗΝΑ ΟΚΤΩΒΡΙΟ 2025 (Φ,999501452,ΓΕΝΙΚΟ ΝΟΣΟΚΟΜΕΙΟ ΒΟΛΟΥ,4066.51,self-referential (payroll/EFKA/FMY remittance)
6ΑΝ04690ΒΩ-3ΟΒ,2025-10-31,ΑΠΟΔΟΣΗ ΥΠΕΡ Μ.Τ.Π.Υ.  ΚΑΙ ΛΟΙΠΩΝ  ΑΣΦΑΛΙΣΤΙΚΩΝ ΤΑΜΕΙΩΝ ΕΠΙ ΕΞΟΦΛΗΘΕΝΤΩΝ ΧΕ  ΜΙΣΘΟΔΟΣΙΑΣ ΤΟΝ ΜΗΝΑ ΟΚΤΩΒΡΙΟ 2025 (Φ,999501452,ΓΕΝΙΚΟ ΝΟΣΟΚΟΜΕΙΟ ΒΟΛΟΥ,20.00,self-referential (payroll/EFKA/FMY remittance)
6ΑΝ04690ΒΩ-3ΟΒ,2025-10-31,ΑΠΟΔΟΣΗ ΥΠΕΡ Μ.Τ.Π.Υ.  ΚΑΙ ΛΟΙΠΩΝ  ΑΣΦΑΛΙΣΤΙΚΩΝ ΤΑΜΕΙΩΝ ΕΠΙ ΕΞΟΦΛΗΘΕΝΤΩΝ ΧΕ  ΜΙΣΘΟΔΟΣΙΑΣ ΤΟΝ ΜΗΝΑ ΟΚΤΩΒΡΙΟ 2025 (Φ,999501452,ΓΕΝΙΚΟ ΝΟΣΟΚΟΜΕΙΟ ΒΟΛΟΥ,61726.78,self-referential (payroll/EFKA/FMY remittance)
6ΑΝ04690ΒΩ-3ΟΒ,2025-10-31,ΑΠΟΔΟΣΗ ΥΠΕΡ Μ.Τ.Π.Υ.  ΚΑΙ ΛΟΙΠΩΝ  ΑΣΦΑΛΙΣΤΙΚΩΝ ΤΑΜΕΙΩΝ ΕΠΙ ΕΞΟΦΛΗΘΕΝΤΩΝ ΧΕ  ΜΙΣΘΟΔΟΣΙΑΣ ΤΟΝ ΜΗΝΑ ΟΚΤΩΒΡΙΟ 2025 (Φ,999501452,ΓΕΝΙΚΟ ΝΟΣΟΚΟΜΕΙΟ ΒΟΛΟΥ,73225.55,self-referential (payroll/EFKA/FMY remittance)
94ΦΨ4690ΒΩ-2ΩΨ,2025-10-21,ΕΠΙΣΤΡΟΦΗ ΑΣΦΑΛΙΣΤΙΚΩΝ ΕΙΣΦΟΡΩΝ (1% ΥΠΕΡ Τ.Π.Δ.Υ.) ΑΣΦΑΛΙΣΜΕΝΩΝ ΤΟΥ Γ.Ν.Β. ΠΟΥ ΠΑΡΑΚΡΑΤΗΘΗΚΑΝ ΤΟ ΔΙΑΣΤΗΜΑ ΑΠΟ 26/11/2022 ΕΩΣ 31/12/2022,999501452,ΓΕΝΙΚΟ ΝΟΣΟΚΟΜΕΙΟ ΒΟΛΟΥ,12707.20,self-referential (payroll/EFKA/FMY remittance)
6Χ974690ΒΩ-ΨΑ9,2025-10-06,"ΑΜΟΙΒΗ ΛΟΙΠΟΥ (ΔΙΟΙΚΗΤΙΚΟ,ΝΟΣΗΛΕΥΤΙΚΟ κ.λ.π)ΠΡΟΣΩΠΙΚΟΥ ΠΟΥ ΕΡΓΑΣΤΗΚΑΝ ΣΤΑ ΟΛΟΗΜΕΡΑ ΙΑΤΡΕΙΑ ΤΟΝ ΜΗΝΑ  ΑΥΓΟΥΣΤΟ 2025",999501452,ΓΕΝΙΚΟ ΝΟΣΟΚΟΜΕΙΟ ΒΟΛΟΥ,980.00,self-referential (payroll/EFKA/FMY remittance)
ΡΚ9Σ4690ΒΩ-ΒΑΓ,2025-10-06,ΑΜΟΙΒΗ ΙΑΤΡΙΚΟΥ ΠΡΟΣΩΠΙΚΟΥ ΠΟΥ ΕΡΓΑΣΤΗΚΑΝ ΣΤΑ ΟΛΟΗΜΕΡΑ ΙΑΤΡΕΙΑ ΤΟΝ ΜΗΝΑ ΑΥΓΟΥΣΤΟ 2025,999501452,ΓΕΝΙΚΟ ΝΟΣΟΚΟΜΕΙΟ ΒΟΛΟΥ,144.00,self-referential (payroll/EFKA/FMY remittance)
ΨΤΗ14690ΒΩ-7Λ6,2025-10-06,: ΠΡΟΣΘΕΤΕΣ ΑΜΟΙΒΕΣ ΛΟΙΠΟΥ ΕΠΙΚΟΥΡΙΚΟΥ ΠΡΟΣΩΠΙΚΟΥ ΜΕ ΣΧΕΣΗ ΕΡΓΑΣΙΑΣ ΙΔΟΧ ΜΗΝΟΣ ΑΥΓΟΥΣΤΟΥ 2025«ΕΝΙΣΧΥΣΗ ΤΩΝ ΦΟΡΕΩΝ ΥΓΕΙΑΣ ΜΕ ΕΠΙΚΟΥΡΙΚΟ ΠΡΟΣΩΠΙΚΟ ΓΙΑ ΤΗΝ ΑΝΤΑΠΟΚΡΙΣΗ ΣΤΙΣ ΑΝΑΓΚΕΣ ΛΟΓΩ ΤΗΣ ΕΠΙΔΗΜΙΑΣ COVID-19 ΣΤΗΝ ΠΕΡΙΦΕΡΕΙΑ ΘΕΣΣΑΛΙΑΣ» ΜΕ ΚΩΔΙΚΟ ΟΠΣ 5070510 ΣΤΟ ΕΠΙΧΕΙΡΗΣΙΑΚΟ ΠΡΟΓΡΑΜΜΑ «ΠΕΡΙΦΕΡΕΙΑΚΟ ΕΠΙΧΕΙΡΗΣΙΑΚΟ ΠΡΟΓΡΑΜΜΑ ΘΕΣΣΑΛΙΑΣ 2014 ΜΕ ΠΑΡΑΤΑΣΗ ΣΥΜΒΑΣΕΩΝ  ΕΩΣ 31/12/2024 ΣΥΜΦΩΝΑ ΜΕ ΤΙΣ ΔΙΑΤΑΞΕΙΣ  ΤΟΥ Ν.5079/2023 (ΦΕΚ 215/22-12-2023/τ.Α΄) ΑΡΘΡΟ 70 ΠΑΡ,999501452,ΓΕΝΙΚΟ ΝΟΣΟΚΟΜΕΙΟ ΒΟΛΟΥ,245.45,self-referential (payroll/EFKA/FMY remittance)
ΨΤΗ14690ΒΩ-7Λ6,2025-10-06,: ΠΡΟΣΘΕΤΕΣ ΑΜΟΙΒΕΣ ΛΟΙΠΟΥ ΕΠΙΚΟΥΡΙΚΟΥ ΠΡΟΣΩΠΙΚΟΥ ΜΕ ΣΧΕΣΗ ΕΡΓΑΣΙΑΣ ΙΔΟΧ ΜΗΝΟΣ ΑΥΓΟΥΣΤΟΥ 2025«ΕΝΙΣΧΥΣΗ ΤΩΝ ΦΟΡΕΩΝ ΥΓΕΙΑΣ ΜΕ ΕΠΙΚΟΥΡΙΚΟ ΠΡΟΣΩΠΙΚΟ ΓΙΑ ΤΗΝ ΑΝΤΑΠΟΚΡΙΣΗ ΣΤΙΣ ΑΝΑΓΚΕΣ ΛΟΓΩ ΤΗΣ ΕΠΙΔΗΜΙΑΣ COVID-19 ΣΤΗΝ ΠΕΡΙΦΕΡΕΙΑ ΘΕΣΣΑΛΙΑΣ» ΜΕ ΚΩΔΙΚΟ ΟΠΣ 5070510 ΣΤΟ ΕΠΙΧΕΙΡΗΣΙΑΚΟ ΠΡΟΓΡΑΜΜΑ «ΠΕΡΙΦΕΡΕΙΑΚΟ ΕΠΙΧΕΙΡΗΣΙΑΚΟ ΠΡΟΓΡΑΜΜΑ ΘΕΣΣΑΛΙΑΣ 2014 ΜΕ ΠΑΡΑΤΑΣΗ ΣΥΜΒΑΣΕΩΝ  ΕΩΣ 31/12/2024 ΣΥΜΦΩΝΑ ΜΕ ΤΙΣ ΔΙΑΤΑΞΕΙΣ  ΤΟΥ Ν.5079/2023 (ΦΕΚ 215/22-12-2023/τ.Α΄) ΑΡΘΡΟ 70 ΠΑΡ,999501452,ΓΕΝΙΚΟ ΝΟΣΟΚΟΜΕΙΟ ΒΟΛΟΥ,4944.20,self-referential (payroll/EFKA/FMY remittance)
ΡΧ5Ξ4690ΒΩ-Ζ5Χ,2025-10-06,: ΕΦΗΜΕΡΙΕΣ  ΕΠΙΣΤΗΜΟΝΙΚΟΥ ΠΡΟΣΩΠΙΚΟΥ ΜΕ ΣΧΕΣΗ ΕΡΓΑΣΙΑΣ ΙΔΟΧ ΜΗΝΟΣ ΑΥΓΟΥΣΤΟΥ 2025 «ΕΝΙΣΧΥΣΗ ΤΩΝ ΦΟΡΕΩΝ ΥΓΕΙΑΣ ΜΕ ΕΠΙΚΟΥΡΙΚΟ ΠΡΟΣΩΠΙΚΟ ΓΙΑ ΤΗΝ ΑΝΤΑΠΟΚΡΙΣΗ ΣΤΙΣ ΑΝΑΓΚΕΣ ΛΟΓΩ ΤΗΣ ΕΠΙΔΗΜΙΑΣ COVID-19 ΣΤΗΝ ΠΕΡΙΦΕΡΕΙΑ ΘΕΣΣΑΛΙΑΣ» ΜΕ ΚΩΔΙΚΟ ΟΠΣ 5070510 ΣΤΟ ΕΠΙΧΕΙΡΗΣΙΑΚΟ ΠΡΟΓΡΑΜΜΑ «ΠΕΡΙΦΕΡΕΙΑΚΟ ΕΠΙΧΕΙΡΗΣΙΑΚΟ ΠΡΟΓΡΑΜΜΑ ΘΕ,999501452,ΓΕΝΙΚΟ ΝΟΣΟΚΟΜΕΙΟ ΒΟΛΟΥ,125.18,self-referential (payroll/EFKA/FMY remittance)
ΡΧ5Ξ4690ΒΩ-Ζ5Χ,2025-10-06,: ΕΦΗΜΕΡΙΕΣ  ΕΠΙΣΤΗΜΟΝΙΚΟΥ ΠΡΟΣΩΠΙΚΟΥ ΜΕ ΣΧΕΣΗ ΕΡΓΑΣΙΑΣ ΙΔΟΧ ΜΗΝΟΣ ΑΥΓΟΥΣΤΟΥ 2025 «ΕΝΙΣΧΥΣΗ ΤΩΝ ΦΟΡΕΩΝ ΥΓΕΙΑΣ ΜΕ ΕΠΙΚΟΥΡΙΚΟ ΠΡΟΣΩΠΙΚΟ ΓΙΑ ΤΗΝ ΑΝΤΑΠΟΚΡΙΣΗ ΣΤΙΣ ΑΝΑΓΚΕΣ ΛΟΓΩ ΤΗΣ ΕΠΙΔΗΜΙΑΣ COVID-19 ΣΤΗΝ ΠΕΡΙΦΕΡΕΙΑ ΘΕΣΣΑΛΙΑΣ» ΜΕ ΚΩΔΙΚΟ ΟΠΣ 5070510 ΣΤΟ ΕΠΙΧΕΙΡΗΣΙΑΚΟ ΠΡΟΓΡΑΜΜΑ «ΠΕΡΙΦΕΡΕΙΑΚΟ ΕΠΙΧΕΙΡΗΣΙΑΚΟ ΠΡΟΓΡΑΜΜΑ ΘΕ,999501452,ΓΕΝΙΚΟ ΝΟΣΟΚΟΜΕΙΟ ΒΟΛΟΥ,208.99,self-referential (payroll/EFKA/FMY remittance)
9Κ4Η4690ΒΩ-ΦΩ2,2025-10-06,ΠΡΟΣΘΕΤΕΣ ΑΜΟΙΒΕΣ ΛΟΙΠΟΥ ΕΠΙΚΟΥΡΙΚΟΥ ΠΡΟΣΩΠΙΚΟΥ ΑΥΓΟΥΣΤΟΥ 2025 ΣΥΜΦΩΝΑ ΜΕ ΤΙΣ ΔΙΑΤΑΞΕΩΝ ΤΟΥ ΑΡΘΡΟΥ 17 ΤΗΣ ΠΝΠ ΦΕΚ 55/1-3-2020 ΄΄ΚΑΤΕΠΕΙΓΟΝΤΑ ΜΕΤΡΑ ΑΝΤΙΜΕΤΩΠΙΣΗΣ ΤΩΝ ΑΡΝΗΤΙΚΩΝ ΣΥΝΕΠΕΙΩΝ ΤΗΣ ΕΜΦΑΝΙΣΗΣ COVID-19,999501452,ΓΕΝΙΚΟ ΝΟΣΟΚΟΜΕΙΟ ΒΟΛΟΥ,223.30,self-referential (payroll/EFKA/FMY remittance)
9Κ4Η4690ΒΩ-ΦΩ2,2025-10-06,ΠΡΟΣΘΕΤΕΣ ΑΜΟΙΒΕΣ ΛΟΙΠΟΥ ΕΠΙΚΟΥΡΙΚΟΥ ΠΡΟΣΩΠΙΚΟΥ ΑΥΓΟΥΣΤΟΥ 2025 ΣΥΜΦΩΝΑ ΜΕ ΤΙΣ ΔΙΑΤΑΞΕΩΝ ΤΟΥ ΑΡΘΡΟΥ 17 ΤΗΣ ΠΝΠ ΦΕΚ 55/1-3-2020 ΄΄ΚΑΤΕΠΕΙΓΟΝΤΑ ΜΕΤΡΑ ΑΝΤΙΜΕΤΩΠΙΣΗΣ ΤΩΝ ΑΡΝΗΤΙΚΩΝ ΣΥΝΕΠΕΙΩΝ ΤΗΣ ΕΜΦΑΝΙΣΗΣ COVID-19,999501452,ΓΕΝΙΚΟ ΝΟΣΟΚΟΜΕΙΟ ΒΟΛΟΥ,1123.54,self-referential (payroll/EFKA/FMY remittance)
9ΖΡ84690ΒΩ-ΟΓΤ,2025-10-06,"ΠΡΟΣΘΕΤΕΣ ΑΜΟΙΒΕΣ ΛΟΙΠΟΥ (ΔΙΟΙΚΗΤΙΚΟ,ΝΟΣΗΛΕΥΤΙΚΟ,ΤΕΧΝΙΚΟ κ.λ.π.) ΠΡΟΣΩΠΙΚΟΥ ΨΥΧΙΚΗΣ ΥΓΕΙΑΣ ΜΗΝΟΣ ΑΥΓΟΥΣΤΟΥ 2025",999501452,ΓΕΝΙΚΟ ΝΟΣΟΚΟΜΕΙΟ ΒΟΛΟΥ,3664.32,self-referential (payroll/EFKA/FMY remittance)
9ΖΤΓ4690ΒΩ-Γ5Ζ,2025-10-06,ΕΦΗΜΕΡΙΕΣ  ΕΠΙΣΤΗΜΟΝΙΚΟΥ ΠΡΟΣΩΠΙΚΟΥ  ΨΥΧΙΚΗΣ ΥΓΕΙΑΣ ΜΗΝΟΣ  ΑΥΓΟΥΣΤΟΥ 2025,999501452,ΓΕΝΙΚΟ ΝΟΣΟΚΟΜΕΙΟ ΒΟΛΟΥ,3171.49,self-referential (payroll/EFKA/FMY remittance)
ΡΚΘΜ4690ΒΩ-3Τ2,2025-10-06,ΠΡΟΣΘΕΤΕΣ ΑΜΟΙΒΕΣ ΕΙΔΙΚΕΥΟΜΕΝΩΝ ΝΟΣΗΛΕΥΤΩΝ ΜΗΝΟΣ ΑΥΓΟΥΣΤΟΥ 2025 ΣΥΜΦΩΝΑ ΜΕ ΤΙΣ ΔΙΑΤΑΞΕΙΣ ΤΟΥ ΑΡΘΡΟΥ 58 ΤΟΥ Ν.4690/2020 (ΦΕΚ 104/Α/30-5-2020),999501452,ΓΕΝΙΚΟ ΝΟΣΟΚΟΜΕΙΟ ΒΟΛΟΥ,2116.95,self-referential (payroll/EFKA/FMY remittance)
ΨΟΞΨ4690ΒΩ-8ΙΔ,2025-10-06,ΠΡΟΣΘΕΤΕΣ ΑΜΟΙΒΕΣ ΛΟΙΠΟΥ  ΕΠΙΚΟΥΡΙΚΟΥ ΠΡΟΣΩΠΙΚΟΥ ΜΗΝΟΣ  ΑΥΓΟΥΣΤΟΥ 2025,999501452,ΓΕΝΙΚΟ ΝΟΣΟΚΟΜΕΙΟ ΒΟΛΟΥ,54.60,self-referential (payroll/EFKA/FMY remittance)
ΨΟΞΨ4690ΒΩ-8ΙΔ,2025-10-06,ΠΡΟΣΘΕΤΕΣ ΑΜΟΙΒΕΣ ΛΟΙΠΟΥ  ΕΠΙΚΟΥΡΙΚΟΥ ΠΡΟΣΩΠΙΚΟΥ ΜΗΝΟΣ  ΑΥΓΟΥΣΤΟΥ 2025,999501452,ΓΕΝΙΚΟ ΝΟΣΟΚΟΜΕΙΟ ΒΟΛΟΥ,180.72,self-referential (payroll/EFKA/FMY remittance)
Ψ2Υ64690ΒΩ-3ΨΩ,2025-10-06,ΠΡΟΣΘΕΤΕΣ ΑΜΟΙΒΕΣ ΙΔ. ΔΙΚΑΙΟΥ (ΑΟΡΙΣΤΟΥ-ΟΡΙΣΜΕΝΟΥ-ΑΤΟΜΙΚΕΣ ΣΥΜΒΑΣΕΙΣ) ΜΗΝΟΣ  ΑΥΓΟΥΣΤΟΥ 2025,999501452,ΓΕΝΙΚΟ ΝΟΣΟΚΟΜΕΙΟ ΒΟΛΟΥ,384.35,self-referential (payroll/EFKA/FMY remittance)
Ψ2Υ64690ΒΩ-3ΨΩ,2025-10-06,ΠΡΟΣΘΕΤΕΣ ΑΜΟΙΒΕΣ ΙΔ. ΔΙΚΑΙΟΥ (ΑΟΡΙΣΤΟΥ-ΟΡΙΣΜΕΝΟΥ-ΑΤΟΜΙΚΕΣ ΣΥΜΒΑΣΕΙΣ) ΜΗΝΟΣ  ΑΥΓΟΥΣΤΟΥ 2025,999501452,ΓΕΝΙΚΟ ΝΟΣΟΚΟΜΕΙΟ ΒΟΛΟΥ,1356.98,self-referential (payroll/EFKA/FMY remittance)
9Υ2Ξ4690ΒΩ-ΙΝ0,2025-10-06,"ΠΡΟΣΘΕΤΕΣ ΑΜΟΙΒΕΣ ΛΟΙΠΟΥ ΜΟΝΙΜΟΥ (ΔΙΟΙΚΗΤΙΚΟΥ,ΝΟΣΗΛΕΥΤΙΚΟΥ κ.λ.π.) ΠΡΟΣΩΠΙΚΟΥ ΜΗΝΟΣ  ΑΥΓΟΥΣΤΟΥ 2025",999501452,ΓΕΝΙΚΟ ΝΟΣΟΚΟΜΕΙΟ ΒΟΛΟΥ,8174.71,self-referential (payroll/EFKA/FMY remittance)
9Υ2Ξ4690ΒΩ-ΙΝ0,2025-10-06,"ΠΡΟΣΘΕΤΕΣ ΑΜΟΙΒΕΣ ΛΟΙΠΟΥ ΜΟΝΙΜΟΥ (ΔΙΟΙΚΗΤΙΚΟΥ,ΝΟΣΗΛΕΥΤΙΚΟΥ κ.λ.π.) ΠΡΟΣΩΠΙΚΟΥ ΜΗΝΟΣ  ΑΥΓΟΥΣΤΟΥ 2025",999501452,ΓΕΝΙΚΟ ΝΟΣΟΚΟΜΕΙΟ ΒΟΛΟΥ,41939.33,self-referential (payroll/EFKA/FMY remittance)
9Σ054690ΒΩ-ΠΗΧ,2025-10-06,ΕΦΗΜΕΡΙΕΣ  ΕΠΙΣΤΗΜΟΝΙΚΟΥ ΠΡΟΣΩΠΙΚΟΥ   ΜΗΝΟΣ  ΑΥΓΟΥΣΤΟΥ 2025,999501452,ΓΕΝΙΚΟ ΝΟΣΟΚΟΜΕΙΟ ΒΟΛΟΥ,5982.74,self-referential (payroll/EFKA/FMY remittance)
9Σ054690ΒΩ-ΠΗΧ,2025-10-06,ΕΦΗΜΕΡΙΕΣ  ΕΠΙΣΤΗΜΟΝΙΚΟΥ ΠΡΟΣΩΠΙΚΟΥ   ΜΗΝΟΣ  ΑΥΓΟΥΣΤΟΥ 2025,999501452,ΓΕΝΙΚΟ ΝΟΣΟΚΟΜΕΙΟ ΒΟΛΟΥ,3951.24,self-referential (payroll/EFKA/FMY remittance)
9ΧΨΨ4690ΒΩ-801,2025-10-06,"ΚΑΤΑΒΟΛΗ ΕΚΤΑΚΤΗΣ ΟΙΚΟΝΟΜΙΚΗΣ ΕΝΙΣΧΥΣΗΣ ΕΦΗΜΕΡΙΩΝ  ΙΑΤΡΩΝ ΕΣΥ ΣΥΜΦΩΝΑ ΜΕ ΤΙΣ ΔΙΑΤΑΞΕΙΣ ΤΩΝ ΑΡΘΡΩΝ 88,89 ΚΑΙ 90 ΤΟΥ Ν.4850/2021 ΦΕΚ 208/τ. Α΄ ΜΗΝΟΣ   ΑΥΓΟΥΣΤΟΥ 2025",999501452,ΓΕΝΙΚΟ ΝΟΣΟΚΟΜΕΙΟ ΒΟΛΟΥ,5000.00,self-referential (payroll/EFKA/FMY remittance)
ΡΡΛΩ4690ΒΩ-Σ4Ε,2025-10-06,ΕΦΗΜΕΡΙΕΣ ΙΑΤΡΙΚΟΥ ΕΠΙΚΟΥΡΙΚΟΥ ΠΡΟΣΩΠΙΚΟΥ ΜΕ ΣΧΕΣΗ ΕΡΓΑΣΙΑΣ ΙΔΟΧ ΜΗΝΟΣ  ΑΥΓΟΥΣΤΟΥ 2025 «ΕΝΙΣΧΥΣΗ ΤΩΝ ΦΟΡΕΩΝ ΥΓΕΙΑΣ ΜΕ ΕΠΙΚΟΥΡΙΚΟ ΠΡΟΣΩΠΙΚΟ ΓΙΑ ΤΗΝ ΑΝΤΑΠΟΚΡΙΣΗ ΣΤΙΣ ΑΝΑΓΚΕΣ ΛΟΓΩ ΤΗΣ ΕΠΙΔΗΜΙΑΣ COVID-19 ΣΤΗΝ ΠΕΡΙΦΕΡΕΙΑ ΘΕΣΣΑΛΙΑΣ» ΜΕ ΚΩΔΙΚΟ ΟΠΣ 5070510 ΣΤΟ ΕΠΙΧΕΙΡΗΣΙΑΚΟ ΠΡΟΓΡΑΜΜΑ «ΠΕΡΙΦΕΡΕΙΑΚΟ ΕΠΙΧΕΙΡΗΣΙΑΚΟ ΠΡΟΓΡΑΜΜΑ ΘΕΣΣΑΛΙΑΣ 2014 ΜΕ ΠΑΡΑΤΑΣΗ ΣΥΜΒΑΣΕΩΝ  ΕΩΣ 31/12/2024 ΣΥΜΦΩΝΑ ΜΕ ΤΙΣ ΔΙΑΤΑΞΕΙΣ  ΤΟΥ Ν.5079/2023 (ΦΕΚ 215/22-12-2023/τ.Α΄) ΑΡΘΡΟ 70 ΠΑΡ. 1,999501452,ΓΕΝΙΚΟ ΝΟΣΟΚΟΜΕΙΟ ΒΟΛΟΥ,2130.76,self-referential (payroll/EFKA/FMY remittance)
6Ξ8Λ4690ΒΩ-ΗΘΝ,2025-10-06,ΕΦΗΜΕΡΙΕΣ ΙΑΤΡΩΝ ΨΥΧΙΚΗΣ ΥΓΕΙΑΣ ΜΗΝΟΣ  ΑΥΓΟΥΣΤΟΥ 2025,999501452,ΓΕΝΙΚΟ ΝΟΣΟΚΟΜΕΙΟ ΒΟΛΟΥ,4861.20,self-referential (payroll/EFKA/FMY remittance)
9Φ0Ψ4690ΒΩ-2ΤΠ,2025-10-06,ΕΦΗΜΕΡΙΕΣ ΜΕΤΑΚΙΝΟΥΜΕΝΩΝ ΙΑΤΡΩΝ ΤΟΥ Π.Ε.Δ.Υ ΓΙΑ ΚΑΛΥΨΗ ΕΦΗΜΕΡΙΩΝ ΣΤΟ ΓΝΒ ΤΟΝ ΜΗΝΑ  ΑΥΓΟΥΣΤΟ 2025,999501452,ΓΕΝΙΚΟ ΝΟΣΟΚΟΜΕΙΟ ΒΟΛΟΥ,9393.98,self-referential (payroll/EFKA/FMY remittance)
Ρ3Ζ94690ΒΩ-ΖΞ8,2025-10-06,ΕΦΗΜΕΡΙΕΣ ΕΙΔΙΚΕΥΟΜΕΝΩΝ ΙΑΤΡΩΝ ΜΗΝΟΣ  ΑΥΓΟΥΣΤΟΥ 2025,999501452,ΓΕΝΙΚΟ ΝΟΣΟΚΟΜΕΙΟ ΒΟΛΟΥ,74728.16,self-referential (payroll/EFKA/FMY remittance)
ΡΞΟΙ4690ΒΩ-ΓΧΜ,2025-10-06,ΕΦΗΜΕΡΙΕΣ ΕΠΙΚΟΥΡΙΚΩΝ  ΙΑΤΡΩΝ ΕΣΥ ΜΗΝΟΣ  ΑΥΓΟΥΣΤΟΥ 2025,999501452,ΓΕΝΙΚΟ ΝΟΣΟΚΟΜΕΙΟ ΒΟΛΟΥ,8761.36,self-referential (payroll/EFKA/FMY remittance)
9ΛΦΡ4690ΒΩ-ΠΨΣ,2025-10-06,ΕΦΗΜΕΡΙΕΣ  ΙΑΤΡΩΝ ΕΣΥ ΜΗΝΟΣ  ΑΥΓΟΥΣΤΟΥ 2025,999501452,ΓΕΝΙΚΟ ΝΟΣΟΚΟΜΕΙΟ ΒΟΛΟΥ,100830.16,self-referential (payroll/EFKA/FMY remittance)
ΡΛΛ24690ΒΩ-ΗΥΨ,2025-10-06,"ΑΜΟΙΒΗ ΛΟΙΠΟΥ ΠΡΟΣΩΠΙΚΟΥ ΤΟΥΣ ΜΗΝΕΣ  ΜΑΡΤΙΟ,ΑΠΡΙΛΙΟ 2025  ΣΤΟ ΠΛΑΙΣΙΟ ΤΟΥ ΕΡΓΟΥ ΄΄ ΟΡΓΑΝΩΤΙΚΕΣ ΚΑΙ ΛΟΙΠΕΣ ΠΑΡΑΜΒΑΣΕΙΣ ΓΙΑ ΤΗΝ ΕΠΙΤΑΧΥΝΣΗ ΤΩΝ ΕΚΚΡΕΜΩΝ ΕΠΕΜΒΑΣΕΩΝΤΗΣ ΛΙΣΤΑΣ ΧΕΙΡΟΥΡΓΕΙΩΝ ΄΄ ΜΕ ΚΩΔΙΚΟ ΟΠΣ 5223768 ΛΟΙΠΕΣ ΔΑΠΑΝΕΣ ΝΟΣ",999501452,ΓΕΝΙΚΟ ΝΟΣΟΚΟΜΕΙΟ ΒΟΛΟΥ,7845.00,self-referential (payroll/EFKA/FMY remittance)
9ΛΕΜ4690ΒΩ-ΘΑΖ,2025-10-06,"ΑΜΟΙΒΗ ΙΑΤΡΙΚΟΥ ΠΡΟΣΩΠΙΚΟΥ ΤΟΥΣ ΜΗΝΕΣ  ΜΑΡΤΙΟ,ΑΠΡΙΛΙΟ 2025  ΣΤΟ ΠΛΑΙΣΙΟ ΤΟΥ ΕΡΓΟΥ ΄΄ ΟΡΓΑΝΩΤΙΚΕΣ ΚΑΙ ΛΟΙΠΕΣ ΠΑΡΑΜΒΑΣΕΙΣ ΓΙΑ ΤΗΝ ΕΠΙΤΑΧΥΝΣΗ ΤΩΝ ΕΚΚΡΕΜΩΝ ΕΠΕΜΒΑΣΕΩΝΤΗΣ ΛΙΣΤΑΣ ΧΕΙΡΟΥΡΓΕΙΩΝ ΄΄ ΜΕ ΚΩΔΙΚΟ ΟΠΣ 5223768 ΛΟΙΠΕΣ ΔΑΠΑΝΕΣ ΝΟΣ",999501452,ΓΕΝΙΚΟ ΝΟΣΟΚΟΜΕΙΟ ΒΟΛΟΥ,25890.00,self-referential (payroll/EFKA/FMY remittance)
Ψ7ΕΗ4690ΒΩ-Ι0Υ,2025-10-06,: ΕΦΗΜΕΡΙΕΣ (ΥΠΕΡΒΑΛΛΟΥΣΕΣ) ΙΑΤΡΙΚΟΥ ΕΠΙΚΟΥΡΙΚΟΥ ΠΡΟΣΩΠΙΚΟΥ ΜΕ ΣΧΕΣΗ ΕΡΓΑΣΙΑΣ ΙΔΟΧ ΜΗΝΟΣ  ΙΟΥΝΙΟΥ 2025 «ΕΝΙΣΧΥΣΗ ΤΩΝ ΦΟΡΕΩΝ ΥΓΕΙΑΣ ΜΕ ΕΠΙΚΟΥΡΙΚΟ ΠΡΟΣΩΠΙΚΟ ΓΙΑ ΤΗΝ ΑΝΤΑΠΟΚΡΙΣΗ ΣΤΙΣ ΑΝΑΓΚΕΣ ΛΟΓΩ ΤΗΣ ΕΠΙΔΗΜΙΑΣ COVID-19 ΣΤΗΝ ΠΕΡΙΦΕΡΕΙΑ ΘΕΣΣΑΛΙΑΣ» ΜΕ ΚΩΔΙΚΟ ΟΠΣ 5070510 ΣΤΟ ΕΠΙΧΕΙΡΗΣΙΑΚΟ ΠΡΟΓΡΑΜΜΑ «ΠΕΡΙΦΕΡΕΙΑΚΟ ΕΠΙΧΕΙΡΗΣΙΑΚΟ ΠΡΟΓΡΑΜΜΑ ΘΕΣΣΑΛΙΑΣ 2014 ΜΕ ΠΑΡΑΤΑΣΗ ΣΥΜΒΑΣΕΩΝ  ΕΩΣ 31/12/2024 ΣΥΜΦΩΝΑ ΜΕ ΤΙΣ ΔΙΑΤΑΞΕΙΣ  ΤΟΥ Ν.5079/2023 (ΦΕΚ 215/22-12-2023/τ.Α΄) ΑΡΘΡΟ 70 ΠΑΡ.,999501452,ΓΕΝΙΚΟ ΝΟΣΟΚΟΜΕΙΟ ΒΟΛΟΥ,411.62,self-referential (payroll/EFKA/FMY remittance)
6Ι1Θ4690ΒΩ-ΘΚΖ,2025-10-06,ΕΦΗΜΕΡΙΕΣ (ΥΠΕΡΒΑΛΛΟΥΣΕΣ) ΙΑΤΡΙΚΟΥ ΠΡΟΣΩΠΙΚΟΥ ΜΗΝΟΣ ΙΟΥΝΙΟΥ 2025,999501452,ΓΕΝΙΚΟ ΝΟΣΟΚΟΜΕΙΟ ΒΟΛΟΥ,27016.68,self-referential (payroll/EFKA/FMY remittance)
Ρ77Λ4690ΒΩ-7ΕΓ,2025-10-06,ΚΑΤΑΒΟΛΗ ΑΠΟΖΗΜΙΩΣΗΣ ΚΑΙ ΑΠΟΔΟΣΗ ΚΡΑΤΗΣΕΩΝ ΣΕ ΜΕΤΑΛΥΚΕΙΑΚΟΥΣ ΣΠΟΥΔΑΣΤΕΣ ΓΙΑ ΤΟΝ ΜΗΝΑ  ΙΟΥΛΙΟ  2025,999501452,ΓΕΝΙΚΟ ΝΟΣΟΚΟΜΕΙΟ ΒΟΛΟΥ,672.47,self-referential (payroll/EFKA/FMY remittance)
Ρ77Λ4690ΒΩ-7ΕΓ,2025-10-06,ΚΑΤΑΒΟΛΗ ΑΠΟΖΗΜΙΩΣΗΣ ΚΑΙ ΑΠΟΔΟΣΗ ΚΡΑΤΗΣΕΩΝ ΣΕ ΜΕΤΑΛΥΚΕΙΑΚΟΥΣ ΣΠΟΥΔΑΣΤΕΣ ΓΙΑ ΤΟΝ ΜΗΝΑ  ΙΟΥΛΙΟ  2025,999501452,ΓΕΝΙΚΟ ΝΟΣΟΚΟΜΕΙΟ ΒΟΛΟΥ,948.05,self-referential (payroll/EFKA/FMY remittance)
ΡΛΒ54690ΒΩ-ΠΧΓ,2025-10-06,ΚΑΤΑΒΟΛΗ ΑΠΟΖΗΜΙΩΣΗΣ ΚΑΙ ΑΠΟΔΟΣΗ ΚΡΑΤΗΣΕΩΝ ΣΕ ΜΕΤΑΛΥΚΕΙΑΚΟΥΣ ΣΠΟΥΔΑΣΤΕΣ ΓΙΑ ΤΟΝ ΜΗΝΑ  ΙΟΥΝΙΟ  2025,999501452,ΓΕΝΙΚΟ ΝΟΣΟΚΟΜΕΙΟ ΒΟΛΟΥ,108.65,self-referential (payroll/EFKA/FMY remittance)
ΡΛΒ54690ΒΩ-ΠΧΓ,2025-10-06,ΚΑΤΑΒΟΛΗ ΑΠΟΖΗΜΙΩΣΗΣ ΚΑΙ ΑΠΟΔΟΣΗ ΚΡΑΤΗΣΕΩΝ ΣΕ ΜΕΤΑΛΥΚΕΙΑΚΟΥΣ ΣΠΟΥΔΑΣΤΕΣ ΓΙΑ ΤΟΝ ΜΗΝΑ  ΙΟΥΝΙΟ  2025,999501452,ΓΕΝΙΚΟ ΝΟΣΟΚΟΜΕΙΟ ΒΟΛΟΥ,767.62,self-referential (payroll/EFKA/FMY remittance)
9ΣΝ34690ΒΩ-ΨΚΑ,2025-10-06,ΚΑΤΑΒΟΛΗ ΑΠΟΔΟΧΩΝ ΜΗΝΟΣ  ΣΕΠΤΕΜΒΡΙΟΥ 2025  ΣΕ ΠΡΟΣΩΠΙΚΟ ΠΟΥ ΥΠΗΡΕΤΕΙ ΜΕΣΩ ΠΡΟΓΡΑΜΜΑΤΟΣ ΟΑΕΔ ΗΛΙΚΙΑΣ 55-67 ΣΥΜΦΩΝΑ ΜΕ ΤΗΝ 1η ΤΡΟΠΟΠΟΙΗΣΗ ΤΗΣ ΔΗΜΟΣΙΑΣ ΠΡΟΣΚΛΗΣΗΣ Νο 11/2017 ΤΟΥ ΟΑΕΔ,999501452,ΓΕΝΙΚΟ ΝΟΣΟΚΟΜΕΙΟ ΒΟΛΟΥ,35007.46,self-referential (payroll/EFKA/FMY remittance)
9ΣΝ34690ΒΩ-ΨΚΑ,2025-10-06,ΚΑΤΑΒΟΛΗ ΑΠΟΔΟΧΩΝ ΜΗΝΟΣ  ΣΕΠΤΕΜΒΡΙΟΥ 2025  ΣΕ ΠΡΟΣΩΠΙΚΟ ΠΟΥ ΥΠΗΡΕΤΕΙ ΜΕΣΩ ΠΡΟΓΡΑΜΜΑΤΟΣ ΟΑΕΔ ΗΛΙΚΙΑΣ 55-67 ΣΥΜΦΩΝΑ ΜΕ ΤΗΝ 1η ΤΡΟΠΟΠΟΙΗΣΗ ΤΗΣ ΔΗΜΟΣΙΑΣ ΠΡΟΣΚΛΗΣΗΣ Νο 11/2017 ΤΟΥ ΟΑΕΔ,999501452,ΓΕΝΙΚΟ ΝΟΣΟΚΟΜΕΙΟ ΒΟΛΟΥ,500.00,self-referential (payroll/EFKA/FMY remittance)
9ΣΝ34690ΒΩ-ΨΚΑ,2025-10-06,ΚΑΤΑΒΟΛΗ ΑΠΟΔΟΧΩΝ ΜΗΝΟΣ  ΣΕΠΤΕΜΒΡΙΟΥ 2025  ΣΕ ΠΡΟΣΩΠΙΚΟ ΠΟΥ ΥΠΗΡΕΤΕΙ ΜΕΣΩ ΠΡΟΓΡΑΜΜΑΤΟΣ ΟΑΕΔ ΗΛΙΚΙΑΣ 55-67 ΣΥΜΦΩΝΑ ΜΕ ΤΗΝ 1η ΤΡΟΠΟΠΟΙΗΣΗ ΤΗΣ ΔΗΜΟΣΙΑΣ ΠΡΟΣΚΛΗΣΗΣ Νο 11/2017 ΤΟΥ ΟΑΕΔ,999501452,ΓΕΝΙΚΟ ΝΟΣΟΚΟΜΕΙΟ ΒΟΛΟΥ,3405.33,self-referential (payroll/EFKA/FMY remittance)
9ΣΝ34690ΒΩ-ΨΚΑ,2025-10-06,ΚΑΤΑΒΟΛΗ ΑΠΟΔΟΧΩΝ ΜΗΝΟΣ  ΣΕΠΤΕΜΒΡΙΟΥ 2025  ΣΕ ΠΡΟΣΩΠΙΚΟ ΠΟΥ ΥΠΗΡΕΤΕΙ ΜΕΣΩ ΠΡΟΓΡΑΜΜΑΤΟΣ ΟΑΕΔ ΗΛΙΚΙΑΣ 55-67 ΣΥΜΦΩΝΑ ΜΕ ΤΗΝ 1η ΤΡΟΠΟΠΟΙΗΣΗ ΤΗΣ ΔΗΜΟΣΙΑΣ ΠΡΟΣΚΛΗΣΗΣ Νο 11/2017 ΤΟΥ ΟΑΕΔ,999501452,ΓΕΝΙΚΟ ΝΟΣΟΚΟΜΕΙΟ ΒΟΛΟΥ,8947.73,self-referential (payroll/EFKA/FMY remittance)
6ΗΔ44690ΒΩ-Λ0Ο,2025-10-06,: ΚΑΤΑΒΟΛΗ ΑΠΟΔΟΧΩΝ ΜΗΝΟΣ  ΣΕΠΤΕΜΒΡΙΟΥ 2025 ΕΠΙΚΟΥΡΙΚΟΥ ΠΡΟΣΩΠΙΚΟΥ ΜΕ ΑΤΟΜΙΚΕΣ ΣΥΜΒΑΣΕΙΣ ΣΤΟ ΤΜΗΜΑ ΙΜΑΤΙΣΜΟΥ - ΕΣΤΙΑΣΗ ΜΕ ΠΑΡΑΤΑΣΗ ΣΥΜΒΑΣΕΩΝ  ΕΩΣ 31/3/2025 ΣΥΜΦΩΝΑ ΜΕ ΤΙΣ ΔΙΑΤΑΞΕΙΣ  ΤΟΥ Ν.5161/2024 (ΦΕΚ  196/29-11-2024/τ.Α΄) ΑΡΘΡΟ 27 ΠΑΡ. 1,999501452,ΓΕΝΙΚΟ ΝΟΣΟΚΟΜΕΙΟ ΒΟΛΟΥ,3890.00,self-referential (payroll/EFKA/FMY remittance)
6ΗΔ44690ΒΩ-Λ0Ο,2025-10-06,: ΚΑΤΑΒΟΛΗ ΑΠΟΔΟΧΩΝ ΜΗΝΟΣ  ΣΕΠΤΕΜΒΡΙΟΥ 2025 ΕΠΙΚΟΥΡΙΚΟΥ ΠΡΟΣΩΠΙΚΟΥ ΜΕ ΑΤΟΜΙΚΕΣ ΣΥΜΒΑΣΕΙΣ ΣΤΟ ΤΜΗΜΑ ΙΜΑΤΙΣΜΟΥ - ΕΣΤΙΑΣΗ ΜΕ ΠΑΡΑΤΑΣΗ ΣΥΜΒΑΣΕΩΝ  ΕΩΣ 31/3/2025 ΣΥΜΦΩΝΑ ΜΕ ΤΙΣ ΔΙΑΤΑΞΕΙΣ  ΤΟΥ Ν.5161/2024 (ΦΕΚ  196/29-11-2024/τ.Α΄) ΑΡΘΡΟ 27 ΠΑΡ. 1,999501452,ΓΕΝΙΚΟ ΝΟΣΟΚΟΜΕΙΟ ΒΟΛΟΥ,410.00,self-referential (payroll/EFKA/FMY remittance)
6ΗΔ44690ΒΩ-Λ0Ο,2025-10-06,: ΚΑΤΑΒΟΛΗ ΑΠΟΔΟΧΩΝ ΜΗΝΟΣ  ΣΕΠΤΕΜΒΡΙΟΥ 2025 ΕΠΙΚΟΥΡΙΚΟΥ ΠΡΟΣΩΠΙΚΟΥ ΜΕ ΑΤΟΜΙΚΕΣ ΣΥΜΒΑΣΕΙΣ ΣΤΟ ΤΜΗΜΑ ΙΜΑΤΙΣΜΟΥ - ΕΣΤΙΑΣΗ ΜΕ ΠΑΡΑΤΑΣΗ ΣΥΜΒΑΣΕΩΝ  ΕΩΣ 31/3/2025 ΣΥΜΦΩΝΑ ΜΕ ΤΙΣ ΔΙΑΤΑΞΕΙΣ  ΤΟΥ Ν.5161/2024 (ΦΕΚ  196/29-11-2024/τ.Α΄) ΑΡΘΡΟ 27 ΠΑΡ. 1,999501452,ΓΕΝΙΚΟ ΝΟΣΟΚΟΜΕΙΟ ΒΟΛΟΥ,280.00,self-referential (payroll/EFKA/FMY remittance)
6ΗΔ44690ΒΩ-Λ0Ο,2025-10-06,: ΚΑΤΑΒΟΛΗ ΑΠΟΔΟΧΩΝ ΜΗΝΟΣ  ΣΕΠΤΕΜΒΡΙΟΥ 2025 ΕΠΙΚΟΥΡΙΚΟΥ ΠΡΟΣΩΠΙΚΟΥ ΜΕ ΑΤΟΜΙΚΕΣ ΣΥΜΒΑΣΕΙΣ ΣΤΟ ΤΜΗΜΑ ΙΜΑΤΙΣΜΟΥ - ΕΣΤΙΑΣΗ ΜΕ ΠΑΡΑΤΑΣΗ ΣΥΜΒΑΣΕΩΝ  ΕΩΣ 31/3/2025 ΣΥΜΦΩΝΑ ΜΕ ΤΙΣ ΔΙΑΤΑΞΕΙΣ  ΤΟΥ Ν.5161/2024 (ΦΕΚ  196/29-11-2024/τ.Α΄) ΑΡΘΡΟ 27 ΠΑΡ. 1,999501452,ΓΕΝΙΚΟ ΝΟΣΟΚΟΜΕΙΟ ΒΟΛΟΥ,1096.45,self-referential (payroll/EFKA/FMY remittance)
6Η154690ΒΩ-ΒΣΥ,2025-10-06,ΚΑΤΑΒΟΛΗ ΑΠΟΔΟΧΩΝ ΛΟΙΠΟΥ ΕΠΙΚΟΥΡΙΚΟΥ ΠΡΟΣΩΠΙΚΟΥ ΜΕ ΣΧΕΣΗ ΕΡΓΑΣΙΑΣ ΙΔΟΧ ΜΗΝΟΣ ΣΕΠΤΕΜΕΒΡΙΟΥ 2025 «ΕΝΙΣΧΥΣΗ ΤΩΝ ΦΟΡΕΩΝ ΥΓΕΙΑΣ ΜΕ ΕΠΙΚΟΥΡΙΚΟ ΠΡΟΣΩΠΙΚΟ ΓΙΑ ΤΗΝ ΑΝΤΑΠΟΚΡΙΣΗ ΣΤΙΣ ΑΝΑΓΚΕΣ ΛΟΓΩ ΤΗΣ ΕΠΙΔΗΜΙΑΣ COVID-19 ΣΤΗΝ ΠΕΡΙΦΕΡΕΙΑ ΘΕΣΣΑΛΙΑΣ» ΜΕ ΚΩΔΙΚΟ ΟΠΣ 5070510 ΣΤΟ ΕΠΙΧΕΙΡΗΣΙΑΚΟ ΠΡΟΓΡΑΜΜΑ «ΠΕΡΙΦΕΡΕΙΑΚΟ ΕΠΙΧΕΙΡΗΣΙΑΚΟ ΠΡΟΓΡΑΜΜΑ ΘΕΣΣΑΛΙΑΣ 2014  ΜΕ ΠΑΡΑΤΑΣΗ ΣΥΜΒΑΣΕΩΝ  ΕΩΣ 31/12/2025 ΣΥΜΦΩΝΑ ΜΕ ΤΙΣ ΔΙΑΤΑΞΕΙΣ  ΤΟΥ Ν.5161/2024 (ΦΕΚ  196/29-11-2024/τ.Α΄) ΑΡΘΡΟ 27 ΠΑΡ. 2,999501452,ΓΕΝΙΚΟ ΝΟΣΟΚΟΜΕΙΟ ΒΟΛΟΥ,48164.29,self-referential (payroll/EFKA/FMY remittance)
6Η154690ΒΩ-ΒΣΥ,2025-10-06,ΚΑΤΑΒΟΛΗ ΑΠΟΔΟΧΩΝ ΛΟΙΠΟΥ ΕΠΙΚΟΥΡΙΚΟΥ ΠΡΟΣΩΠΙΚΟΥ ΜΕ ΣΧΕΣΗ ΕΡΓΑΣΙΑΣ ΙΔΟΧ ΜΗΝΟΣ ΣΕΠΤΕΜΕΒΡΙΟΥ 2025 «ΕΝΙΣΧΥΣΗ ΤΩΝ ΦΟΡΕΩΝ ΥΓΕΙΑΣ ΜΕ ΕΠΙΚΟΥΡΙΚΟ ΠΡΟΣΩΠΙΚΟ ΓΙΑ ΤΗΝ ΑΝΤΑΠΟΚΡΙΣΗ ΣΤΙΣ ΑΝΑΓΚΕΣ ΛΟΓΩ ΤΗΣ ΕΠΙΔΗΜΙΑΣ COVID-19 ΣΤΗΝ ΠΕΡΙΦΕΡΕΙΑ ΘΕΣΣΑΛΙΑΣ» ΜΕ ΚΩΔΙΚΟ ΟΠΣ 5070510 ΣΤΟ ΕΠΙΧΕΙΡΗΣΙΑΚΟ ΠΡΟΓΡΑΜΜΑ «ΠΕΡΙΦΕΡΕΙΑΚΟ ΕΠΙΧΕΙΡΗΣΙΑΚΟ ΠΡΟΓΡΑΜΜΑ ΘΕΣΣΑΛΙΑΣ 2014  ΜΕ ΠΑΡΑΤΑΣΗ ΣΥΜΒΑΣΕΩΝ  ΕΩΣ 31/12/2025 ΣΥΜΦΩΝΑ ΜΕ ΤΙΣ ΔΙΑΤΑΞΕΙΣ  ΤΟΥ Ν.5161/2024 (ΦΕΚ  196/29-11-2024/τ.Α΄) ΑΡΘΡΟ 27 ΠΑΡ. 2,999501452,ΓΕΝΙΚΟ ΝΟΣΟΚΟΜΕΙΟ ΒΟΛΟΥ,1516.00,self-referential (payroll/EFKA/FMY remittance)
6Η154690ΒΩ-ΒΣΥ,2025-10-06,ΚΑΤΑΒΟΛΗ ΑΠΟΔΟΧΩΝ ΛΟΙΠΟΥ ΕΠΙΚΟΥΡΙΚΟΥ ΠΡΟΣΩΠΙΚΟΥ ΜΕ ΣΧΕΣΗ ΕΡΓΑΣΙΑΣ ΙΔΟΧ ΜΗΝΟΣ ΣΕΠΤΕΜΕΒΡΙΟΥ 2025 «ΕΝΙΣΧΥΣΗ ΤΩΝ ΦΟΡΕΩΝ ΥΓΕΙΑΣ ΜΕ ΕΠΙΚΟΥΡΙΚΟ ΠΡΟΣΩΠΙΚΟ ΓΙΑ ΤΗΝ ΑΝΤΑΠΟΚΡΙΣΗ ΣΤΙΣ ΑΝΑΓΚΕΣ ΛΟΓΩ ΤΗΣ ΕΠΙΔΗΜΙΑΣ COVID-19 ΣΤΗΝ ΠΕΡΙΦΕΡΕΙΑ ΘΕΣΣΑΛΙΑΣ» ΜΕ ΚΩΔΙΚΟ ΟΠΣ 5070510 ΣΤΟ ΕΠΙΧΕΙΡΗΣΙΑΚΟ ΠΡΟΓΡΑΜΜΑ «ΠΕΡΙΦΕΡΕΙΑΚΟ ΕΠΙΧΕΙΡΗΣΙΑΚΟ ΠΡΟΓΡΑΜΜΑ ΘΕΣΣΑΛΙΑΣ 2014  ΜΕ ΠΑΡΑΤΑΣΗ ΣΥΜΒΑΣΕΩΝ  ΕΩΣ 31/12/2025 ΣΥΜΦΩΝΑ ΜΕ ΤΙΣ ΔΙΑΤΑΞΕΙΣ  ΤΟΥ Ν.5161/2024 (ΦΕΚ  196/29-11-2024/τ.Α΄) ΑΡΘΡΟ 27 ΠΑΡ. 2,999501452,ΓΕΝΙΚΟ ΝΟΣΟΚΟΜΕΙΟ ΒΟΛΟΥ,8085.67,self-referential (payroll/EFKA/FMY remittance)
6Η154690ΒΩ-ΒΣΥ,2025-10-06,ΚΑΤΑΒΟΛΗ ΑΠΟΔΟΧΩΝ ΛΟΙΠΟΥ ΕΠΙΚΟΥΡΙΚΟΥ ΠΡΟΣΩΠΙΚΟΥ ΜΕ ΣΧΕΣΗ ΕΡΓΑΣΙΑΣ ΙΔΟΧ ΜΗΝΟΣ ΣΕΠΤΕΜΕΒΡΙΟΥ 2025 «ΕΝΙΣΧΥΣΗ ΤΩΝ ΦΟΡΕΩΝ ΥΓΕΙΑΣ ΜΕ ΕΠΙΚΟΥΡΙΚΟ ΠΡΟΣΩΠΙΚΟ ΓΙΑ ΤΗΝ ΑΝΤΑΠΟΚΡΙΣΗ ΣΤΙΣ ΑΝΑΓΚΕΣ ΛΟΓΩ ΤΗΣ ΕΠΙΔΗΜΙΑΣ COVID-19 ΣΤΗΝ ΠΕΡΙΦΕΡΕΙΑ ΘΕΣΣΑΛΙΑΣ» ΜΕ ΚΩΔΙΚΟ ΟΠΣ 5070510 ΣΤΟ ΕΠΙΧΕΙΡΗΣΙΑΚΟ ΠΡΟΓΡΑΜΜΑ «ΠΕΡΙΦΕΡΕΙΑΚΟ ΕΠΙΧΕΙΡΗΣΙΑΚΟ ΠΡΟΓΡΑΜΜΑ ΘΕΣΣΑΛΙΑΣ 2014  ΜΕ ΠΑΡΑΤΑΣΗ ΣΥΜΒΑΣΕΩΝ  ΕΩΣ 31/12/2025 ΣΥΜΦΩΝΑ ΜΕ ΤΙΣ ΔΙΑΤΑΞΕΙΣ  ΤΟΥ Ν.5161/2024 (ΦΕΚ  196/29-11-2024/τ.Α΄) ΑΡΘΡΟ 27 ΠΑΡ. 2,999501452,ΓΕΝΙΚΟ ΝΟΣΟΚΟΜΕΙΟ ΒΟΛΟΥ,13764.71,self-referential (payroll/EFKA/FMY remittance)
940Τ4690ΒΩ-ΔΟΒ,2025-10-06,ΚΑΤΑΒΟΛΗ ΑΠΟΔΟΧΩΝ ΙΑΤΡΙΚΟΥ ΕΠΙΚΟΥΡΙΚΟΥ ΠΡΟΣΩΠΙΚΟΥ ΜΕ ΣΧΕΣΗ ΕΡΓΑΣΙΑΣ ΙΔΟΧ ΜΗΝΟΣ  ΣΕΠΤΕΜΒΡΙΟΥ 2025 «ΕΝΙΣΧΥΣΗ ΤΩΝ ΦΟΡΕΩΝ ΥΓΕΙΑΣ ΜΕ ΕΠΙΚΟΥΡΙΚΟ ΠΡΟΣΩΠΙΚΟ ΓΙΑ ΤΗΝ ΑΝΤΑΠΟΚΡΙΣΗ ΣΤΙΣ ΑΝΑΓΚΕΣ ΛΟΓΩ ΤΗΣ ΕΠΙΔΗΜΙΑΣ COVID-19 ΣΤΗΝ ΠΕΡΙΦΕΡΕΙΑ ΘΕΣΣΑΛΙΑΣ» ΜΕ ΚΩΔΙΚΟ ΟΠΣ 5070510 ΣΤΟ ΕΠΙΧΕΙΡΗΣΙΑΚΟ ΠΡΟΓΡΑΜΜΑ «ΠΕΡΙΦΕΡΕΙΑΚΟ ΕΠΙΧΕΙΡΗΣΙΑΚΟ ΠΡΟΓΡΑΜΜΑ ΘΕΣΣΑΛΙΑΣ 2014  ΜΕ ΠΑΡΑΤΑΣΗ ΣΥΜΒΑΣΕΩΝ  ΕΩΣ 31/12/2025 ΣΥΜΦΩΝΑ ΜΕ ΤΙΣ ΔΙΑΤΑΞΕΙΣ  ΤΟΥ Ν.5161/2024 (ΦΕΚ  196/29-11-2024/τ.Α΄) ΑΡΘΡΟ 27 ΠΑΡ. 2,999501452,ΓΕΝΙΚΟ ΝΟΣΟΚΟΜΕΙΟ ΒΟΛΟΥ,4196.00,self-referential (payroll/EFKA/FMY remittance)
940Τ4690ΒΩ-ΔΟΒ,2025-10-06,ΚΑΤΑΒΟΛΗ ΑΠΟΔΟΧΩΝ ΙΑΤΡΙΚΟΥ ΕΠΙΚΟΥΡΙΚΟΥ ΠΡΟΣΩΠΙΚΟΥ ΜΕ ΣΧΕΣΗ ΕΡΓΑΣΙΑΣ ΙΔΟΧ ΜΗΝΟΣ  ΣΕΠΤΕΜΒΡΙΟΥ 2025 «ΕΝΙΣΧΥΣΗ ΤΩΝ ΦΟΡΕΩΝ ΥΓΕΙΑΣ ΜΕ ΕΠΙΚΟΥΡΙΚΟ ΠΡΟΣΩΠΙΚΟ ΓΙΑ ΤΗΝ ΑΝΤΑΠΟΚΡΙΣΗ ΣΤΙΣ ΑΝΑΓΚΕΣ ΛΟΓΩ ΤΗΣ ΕΠΙΔΗΜΙΑΣ COVID-19 ΣΤΗΝ ΠΕΡΙΦΕΡΕΙΑ ΘΕΣΣΑΛΙΑΣ» ΜΕ ΚΩΔΙΚΟ ΟΠΣ 5070510 ΣΤΟ ΕΠΙΧΕΙΡΗΣΙΑΚΟ ΠΡΟΓΡΑΜΜΑ «ΠΕΡΙΦΕΡΕΙΑΚΟ ΕΠΙΧΕΙΡΗΣΙΑΚΟ ΠΡΟΓΡΑΜΜΑ ΘΕΣΣΑΛΙΑΣ 2014  ΜΕ ΠΑΡΑΤΑΣΗ ΣΥΜΒΑΣΕΩΝ  ΕΩΣ 31/12/2025 ΣΥΜΦΩΝΑ ΜΕ ΤΙΣ ΔΙΑΤΑΞΕΙΣ  ΤΟΥ Ν.5161/2024 (ΦΕΚ  196/29-11-2024/τ.Α΄) ΑΡΘΡΟ 27 ΠΑΡ. 2,999501452,ΓΕΝΙΚΟ ΝΟΣΟΚΟΜΕΙΟ ΒΟΛΟΥ,70.00,self-referential (payroll/EFKA/FMY remittance)
940Τ4690ΒΩ-ΔΟΒ,2025-10-06,ΚΑΤΑΒΟΛΗ ΑΠΟΔΟΧΩΝ ΙΑΤΡΙΚΟΥ ΕΠΙΚΟΥΡΙΚΟΥ ΠΡΟΣΩΠΙΚΟΥ ΜΕ ΣΧΕΣΗ ΕΡΓΑΣΙΑΣ ΙΔΟΧ ΜΗΝΟΣ  ΣΕΠΤΕΜΒΡΙΟΥ 2025 «ΕΝΙΣΧΥΣΗ ΤΩΝ ΦΟΡΕΩΝ ΥΓΕΙΑΣ ΜΕ ΕΠΙΚΟΥΡΙΚΟ ΠΡΟΣΩΠΙΚΟ ΓΙΑ ΤΗΝ ΑΝΤΑΠΟΚΡΙΣΗ ΣΤΙΣ ΑΝΑΓΚΕΣ ΛΟΓΩ ΤΗΣ ΕΠΙΔΗΜΙΑΣ COVID-19 ΣΤΗΝ ΠΕΡΙΦΕΡΕΙΑ ΘΕΣΣΑΛΙΑΣ» ΜΕ ΚΩΔΙΚΟ ΟΠΣ 5070510 ΣΤΟ ΕΠΙΧΕΙΡΗΣΙΑΚΟ ΠΡΟΓΡΑΜΜΑ «ΠΕΡΙΦΕΡΕΙΑΚΟ ΕΠΙΧΕΙΡΗΣΙΑΚΟ ΠΡΟΓΡΑΜΜΑ ΘΕΣΣΑΛΙΑΣ 2014  ΜΕ ΠΑΡΑΤΑΣΗ ΣΥΜΒΑΣΕΩΝ  ΕΩΣ 31/12/2025 ΣΥΜΦΩΝΑ ΜΕ ΤΙΣ ΔΙΑΤΑΞΕΙΣ  ΤΟΥ Ν.5161/2024 (ΦΕΚ  196/29-11-2024/τ.Α΄) ΑΡΘΡΟ 27 ΠΑΡ. 2,999501452,ΓΕΝΙΚΟ ΝΟΣΟΚΟΜΕΙΟ ΒΟΛΟΥ,960.00,self-referential (payroll/EFKA/FMY remittance)
940Τ4690ΒΩ-ΔΟΒ,2025-10-06,ΚΑΤΑΒΟΛΗ ΑΠΟΔΟΧΩΝ ΙΑΤΡΙΚΟΥ ΕΠΙΚΟΥΡΙΚΟΥ ΠΡΟΣΩΠΙΚΟΥ ΜΕ ΣΧΕΣΗ ΕΡΓΑΣΙΑΣ ΙΔΟΧ ΜΗΝΟΣ  ΣΕΠΤΕΜΒΡΙΟΥ 2025 «ΕΝΙΣΧΥΣΗ ΤΩΝ ΦΟΡΕΩΝ ΥΓΕΙΑΣ ΜΕ ΕΠΙΚΟΥΡΙΚΟ ΠΡΟΣΩΠΙΚΟ ΓΙΑ ΤΗΝ ΑΝΤΑΠΟΚΡΙΣΗ ΣΤΙΣ ΑΝΑΓΚΕΣ ΛΟΓΩ ΤΗΣ ΕΠΙΔΗΜΙΑΣ COVID-19 ΣΤΗΝ ΠΕΡΙΦΕΡΕΙΑ ΘΕΣΣΑΛΙΑΣ» ΜΕ ΚΩΔΙΚΟ ΟΠΣ 5070510 ΣΤΟ ΕΠΙΧΕΙΡΗΣΙΑΚΟ ΠΡΟΓΡΑΜΜΑ «ΠΕΡΙΦΕΡΕΙΑΚΟ ΕΠΙΧΕΙΡΗΣΙΑΚΟ ΠΡΟΓΡΑΜΜΑ ΘΕΣΣΑΛΙΑΣ 2014  ΜΕ ΠΑΡΑΤΑΣΗ ΣΥΜΒΑΣΕΩΝ  ΕΩΣ 31/12/2025 ΣΥΜΦΩΝΑ ΜΕ ΤΙΣ ΔΙΑΤΑΞΕΙΣ  ΤΟΥ Ν.5161/2024 (ΦΕΚ  196/29-11-2024/τ.Α΄) ΑΡΘΡΟ 27 ΠΑΡ. 2,999501452,ΓΕΝΙΚΟ ΝΟΣΟΚΟΜΕΙΟ ΒΟΛΟΥ,1138.75,self-referential (payroll/EFKA/FMY remittance)
Ρ1ΥΜ4690ΒΩ-6ΟΗ,2025-10-06,ΚΑΤΑΒΟΛΗ ΑΠΟΔΟΧΩΝ ΜΗΝΟΣ  ΣΕΠΤΕΜΒΡΙΟΥ 2025  ΛΟΙΠΟΥ ΕΠΙΚΟΥΡΙΚΟΥ ΠΡΟΣΩΠΙΚΟΥ ΜΕ ΣΧΕΣΗ ΕΡΓΑΣΙΑΣ ΙΔΟΧ ΣΕ ΕΦΑΡΜΟΓΗ ΤΩΝ ΔΙΑΤΑΞΕΩΝ ΤΟΥ ΑΡΘΡΟΥ 17 ΤΗΣ ΠΝΠ ΦΕΚ 55/1-3-2020 ΄΄ΚΑΤΕΠΕΙΓΟΝΤΑ ΜΕΤΡΑ ΑΝΤΙΜΕΤΩΠΙΣΗΣ ΤΩΝ ΑΡΝΗΤΙΚΩΝ ΣΥΝΕΠΕΙΩΝ ΤΗΣ ΕΜΦΑΝΙΣΗΣ COVID19 ΜΕ ΠΑΡΑΤΑΣΗ ΣΥΜΒΑΣΕΩΝ  ΕΩΣ 31/12/2025 ΣΥΜΦΩΝΑ ΜΕ ΤΙΣ ΔΙΑΤΑΞΕΙΣ ΤΟΥ Ν.5161/2024 (ΦΕΚ  196/29-11-2024/τ.Α΄) ΑΡΘΡΟ 27 ΠΑΡ. 2,999501452,ΓΕΝΙΚΟ ΝΟΣΟΚΟΜΕΙΟ ΒΟΛΟΥ,17936.00,self-referential (payroll/EFKA/FMY remittance)
Ρ1ΥΜ4690ΒΩ-6ΟΗ,2025-10-06,ΚΑΤΑΒΟΛΗ ΑΠΟΔΟΧΩΝ ΜΗΝΟΣ  ΣΕΠΤΕΜΒΡΙΟΥ 2025  ΛΟΙΠΟΥ ΕΠΙΚΟΥΡΙΚΟΥ ΠΡΟΣΩΠΙΚΟΥ ΜΕ ΣΧΕΣΗ ΕΡΓΑΣΙΑΣ ΙΔΟΧ ΣΕ ΕΦΑΡΜΟΓΗ ΤΩΝ ΔΙΑΤΑΞΕΩΝ ΤΟΥ ΑΡΘΡΟΥ 17 ΤΗΣ ΠΝΠ ΦΕΚ 55/1-3-2020 ΄΄ΚΑΤΕΠΕΙΓΟΝΤΑ ΜΕΤΡΑ ΑΝΤΙΜΕΤΩΠΙΣΗΣ ΤΩΝ ΑΡΝΗΤΙΚΩΝ ΣΥΝΕΠΕΙΩΝ ΤΗΣ ΕΜΦΑΝΙΣΗΣ COVID19 ΜΕ ΠΑΡΑΤΑΣΗ ΣΥΜΒΑΣΕΩΝ  ΕΩΣ 31/12/2025 ΣΥΜΦΩΝΑ ΜΕ ΤΙΣ ΔΙΑΤΑΞΕΙΣ ΤΟΥ Ν.5161/2024 (ΦΕΚ  196/29-11-2024/τ.Α΄) ΑΡΘΡΟ 27 ΠΑΡ. 2,999501452,ΓΕΝΙΚΟ ΝΟΣΟΚΟΜΕΙΟ ΒΟΛΟΥ,1020.00,self-referential (payroll/EFKA/FMY remittance)
Ρ1ΥΜ4690ΒΩ-6ΟΗ,2025-10-06,ΚΑΤΑΒΟΛΗ ΑΠΟΔΟΧΩΝ ΜΗΝΟΣ  ΣΕΠΤΕΜΒΡΙΟΥ 2025  ΛΟΙΠΟΥ ΕΠΙΚΟΥΡΙΚΟΥ ΠΡΟΣΩΠΙΚΟΥ ΜΕ ΣΧΕΣΗ ΕΡΓΑΣΙΑΣ ΙΔΟΧ ΣΕ ΕΦΑΡΜΟΓΗ ΤΩΝ ΔΙΑΤΑΞΕΩΝ ΤΟΥ ΑΡΘΡΟΥ 17 ΤΗΣ ΠΝΠ ΦΕΚ 55/1-3-2020 ΄΄ΚΑΤΕΠΕΙΓΟΝΤΑ ΜΕΤΡΑ ΑΝΤΙΜΕΤΩΠΙΣΗΣ ΤΩΝ ΑΡΝΗΤΙΚΩΝ ΣΥΝΕΠΕΙΩΝ ΤΗΣ ΕΜΦΑΝΙΣΗΣ COVID19 ΜΕ ΠΑΡΑΤΑΣΗ ΣΥΜΒΑΣΕΩΝ  ΕΩΣ 31/12/2025 ΣΥΜΦΩΝΑ ΜΕ ΤΙΣ ΔΙΑΤΑΞΕΙΣ ΤΟΥ Ν.5161/2024 (ΦΕΚ  196/29-11-2024/τ.Α΄) ΑΡΘΡΟ 27 ΠΑΡ. 2,999501452,ΓΕΝΙΚΟ ΝΟΣΟΚΟΜΕΙΟ ΒΟΛΟΥ,1915.00,self-referential (payroll/EFKA/FMY remittance)
Ρ1ΥΜ4690ΒΩ-6ΟΗ,2025-10-06,ΚΑΤΑΒΟΛΗ ΑΠΟΔΟΧΩΝ ΜΗΝΟΣ  ΣΕΠΤΕΜΒΡΙΟΥ 2025  ΛΟΙΠΟΥ ΕΠΙΚΟΥΡΙΚΟΥ ΠΡΟΣΩΠΙΚΟΥ ΜΕ ΣΧΕΣΗ ΕΡΓΑΣΙΑΣ ΙΔΟΧ ΣΕ ΕΦΑΡΜΟΓΗ ΤΩΝ ΔΙΑΤΑΞΕΩΝ ΤΟΥ ΑΡΘΡΟΥ 17 ΤΗΣ ΠΝΠ ΦΕΚ 55/1-3-2020 ΄΄ΚΑΤΕΠΕΙΓΟΝΤΑ ΜΕΤΡΑ ΑΝΤΙΜΕΤΩΠΙΣΗΣ ΤΩΝ ΑΡΝΗΤΙΚΩΝ ΣΥΝΕΠΕΙΩΝ ΤΗΣ ΕΜΦΑΝΙΣΗΣ COVID19 ΜΕ ΠΑΡΑΤΑΣΗ ΣΥΜΒΑΣΕΩΝ  ΕΩΣ 31/12/2025 ΣΥΜΦΩΝΑ ΜΕ ΤΙΣ ΔΙΑΤΑΞΕΙΣ ΤΟΥ Ν.5161/2024 (ΦΕΚ  196/29-11-2024/τ.Α΄) ΑΡΘΡΟ 27 ΠΑΡ. 2,999501452,ΓΕΝΙΚΟ ΝΟΣΟΚΟΜΕΙΟ ΒΟΛΟΥ,4819.16,self-referential (payroll/EFKA/FMY remittance)
6ΦΡΤ4690ΒΩ-47Ι,2025-10-06,ΚΑΤΑΒΟΛΗ ΑΠΟΔΟΧΩΝ ΛΟΙΠΟΥ ΕΠΙΚΟΥΡΙΚΟΥ ΠΡΟΣΩΠΙΚΟΥ ΜΗΝΟΣ  ΣΕΠΤΕΜΒΡΙΟΥ 2025  ΜΕ ΠΑΡΑΤΑΣΗ ΣΥΜΒΑΣΕΩΝ  ΕΩΣ 31/12/2025 ΣΥΜΦΩΝΑ ΜΕ ΤΙΣ ΔΙΑΤΑΞΕΙΣ  ΤΟΥ Ν.5161/2024 (ΦΕΚ  196/29-11-2024/τ.Α΄) ΑΡΘΡΟ 27 ΠΑΡ. 2,999501452,ΓΕΝΙΚΟ ΝΟΣΟΚΟΜΕΙΟ ΒΟΛΟΥ,2210.00,self-referential (payroll/EFKA/FMY remittance)
6ΦΡΤ4690ΒΩ-47Ι,2025-10-06,ΚΑΤΑΒΟΛΗ ΑΠΟΔΟΧΩΝ ΛΟΙΠΟΥ ΕΠΙΚΟΥΡΙΚΟΥ ΠΡΟΣΩΠΙΚΟΥ ΜΗΝΟΣ  ΣΕΠΤΕΜΒΡΙΟΥ 2025  ΜΕ ΠΑΡΑΤΑΣΗ ΣΥΜΒΑΣΕΩΝ  ΕΩΣ 31/12/2025 ΣΥΜΦΩΝΑ ΜΕ ΤΙΣ ΔΙΑΤΑΞΕΙΣ  ΤΟΥ Ν.5161/2024 (ΦΕΚ  196/29-11-2024/τ.Α΄) ΑΡΘΡΟ 27 ΠΑΡ. 2,999501452,ΓΕΝΙΚΟ ΝΟΣΟΚΟΜΕΙΟ ΒΟΛΟΥ,240.00,self-referential (payroll/EFKA/FMY remittance)
6ΦΡΤ4690ΒΩ-47Ι,2025-10-06,ΚΑΤΑΒΟΛΗ ΑΠΟΔΟΧΩΝ ΛΟΙΠΟΥ ΕΠΙΚΟΥΡΙΚΟΥ ΠΡΟΣΩΠΙΚΟΥ ΜΗΝΟΣ  ΣΕΠΤΕΜΒΡΙΟΥ 2025  ΜΕ ΠΑΡΑΤΑΣΗ ΣΥΜΒΑΣΕΩΝ  ΕΩΣ 31/12/2025 ΣΥΜΦΩΝΑ ΜΕ ΤΙΣ ΔΙΑΤΑΞΕΙΣ  ΤΟΥ Ν.5161/2024 (ΦΕΚ  196/29-11-2024/τ.Α΄) ΑΡΘΡΟ 27 ΠΑΡ. 2,999501452,ΓΕΝΙΚΟ ΝΟΣΟΚΟΜΕΙΟ ΒΟΛΟΥ,365.00,self-referential (payroll/EFKA/FMY remittance)
6ΦΡΤ4690ΒΩ-47Ι,2025-10-06,ΚΑΤΑΒΟΛΗ ΑΠΟΔΟΧΩΝ ΛΟΙΠΟΥ ΕΠΙΚΟΥΡΙΚΟΥ ΠΡΟΣΩΠΙΚΟΥ ΜΗΝΟΣ  ΣΕΠΤΕΜΒΡΙΟΥ 2025  ΜΕ ΠΑΡΑΤΑΣΗ ΣΥΜΒΑΣΕΩΝ  ΕΩΣ 31/12/2025 ΣΥΜΦΩΝΑ ΜΕ ΤΙΣ ΔΙΑΤΑΞΕΙΣ  ΤΟΥ Ν.5161/2024 (ΦΕΚ  196/29-11-2024/τ.Α΄) ΑΡΘΡΟ 27 ΠΑΡ. 2,999501452,ΓΕΝΙΚΟ ΝΟΣΟΚΟΜΕΙΟ ΒΟΛΟΥ,673.91,self-referential (payroll/EFKA/FMY remittance)
ΡΡ574690ΒΩ-Γ3Χ,2025-10-06,ΚΑΤΑΒΟΛΗ ΑΠΟΔΟΧΩΝ ΜΗΝΟΣ ΣΕΠΤΕΜΒΡΙΟΥ 2025 ΙΑΤΡΙΚΟΥ ΕΠΙΚΟΥΡΙΚΟΥ ΠΡΟΣΩΠΙΚΟΥ,999501452,ΓΕΝΙΚΟ ΝΟΣΟΚΟΜΕΙΟ ΒΟΛΟΥ,17782.00,self-referential (payroll/EFKA/FMY remittance)
ΡΡ574690ΒΩ-Γ3Χ,2025-10-06,ΚΑΤΑΒΟΛΗ ΑΠΟΔΟΧΩΝ ΜΗΝΟΣ ΣΕΠΤΕΜΒΡΙΟΥ 2025 ΙΑΤΡΙΚΟΥ ΕΠΙΚΟΥΡΙΚΟΥ ΠΡΟΣΩΠΙΚΟΥ,999501452,ΓΕΝΙΚΟ ΝΟΣΟΚΟΜΕΙΟ ΒΟΛΟΥ,180.00,self-referential (payroll/EFKA/FMY remittance)
ΡΡ574690ΒΩ-Γ3Χ,2025-10-06,ΚΑΤΑΒΟΛΗ ΑΠΟΔΟΧΩΝ ΜΗΝΟΣ ΣΕΠΤΕΜΒΡΙΟΥ 2025 ΙΑΤΡΙΚΟΥ ΕΠΙΚΟΥΡΙΚΟΥ ΠΡΟΣΩΠΙΚΟΥ,999501452,ΓΕΝΙΚΟ ΝΟΣΟΚΟΜΕΙΟ ΒΟΛΟΥ,500.00,self-referential (payroll/EFKA/FMY remittance)
ΡΡ574690ΒΩ-Γ3Χ,2025-10-06,ΚΑΤΑΒΟΛΗ ΑΠΟΔΟΧΩΝ ΜΗΝΟΣ ΣΕΠΤΕΜΒΡΙΟΥ 2025 ΙΑΤΡΙΚΟΥ ΕΠΙΚΟΥΡΙΚΟΥ ΠΡΟΣΩΠΙΚΟΥ,999501452,ΓΕΝΙΚΟ ΝΟΣΟΚΟΜΕΙΟ ΒΟΛΟΥ,3850.00,self-referential (payroll/EFKA/FMY remittance)
ΡΡ574690ΒΩ-Γ3Χ,2025-10-06,ΚΑΤΑΒΟΛΗ ΑΠΟΔΟΧΩΝ ΜΗΝΟΣ ΣΕΠΤΕΜΒΡΙΟΥ 2025 ΙΑΤΡΙΚΟΥ ΕΠΙΚΟΥΡΙΚΟΥ ΠΡΟΣΩΠΙΚΟΥ,999501452,ΓΕΝΙΚΟ ΝΟΣΟΚΟΜΕΙΟ ΒΟΛΟΥ,4861.79,self-referential (payroll/EFKA/FMY remittance)
63Θ84690ΒΩ-ΩΙΣ,2025-09-29,: ΑΠΟΔΟΣΗ ΥΠΕΡ ΜΤΠΥ ΚΑΙ ΛΟΙΠΩΝ ΑΣΦΑΛΙΣΤΙΚΩΝ ΤΑΜΕΙΩΝ ΕΠΙ ΕΞΟΦΛΗΘΕΝΤΩΝ ΧΕ ΜΙΣΘΟΔΟΣΙΑΣ ΜΗΝΟΣ ΣΕΠΤΕΜΒΡΙΟΥ 2025 ΜΕΣΩ ΕΑΠ (Φ 100),999501452,ΓΕΝΙΚΟ ΝΟΣΟΚΟΜΕΙΟ ΒΟΛΟΥ,4479.85,self-referential (payroll/EFKA/FMY remittance)
63Θ84690ΒΩ-ΩΙΣ,2025-09-29,: ΑΠΟΔΟΣΗ ΥΠΕΡ ΜΤΠΥ ΚΑΙ ΛΟΙΠΩΝ ΑΣΦΑΛΙΣΤΙΚΩΝ ΤΑΜΕΙΩΝ ΕΠΙ ΕΞΟΦΛΗΘΕΝΤΩΝ ΧΕ ΜΙΣΘΟΔΟΣΙΑΣ ΜΗΝΟΣ ΣΕΠΤΕΜΒΡΙΟΥ 2025 ΜΕΣΩ ΕΑΠ (Φ 100),999501452,ΓΕΝΙΚΟ ΝΟΣΟΚΟΜΕΙΟ ΒΟΛΟΥ,4447.07,self-referential (payroll/EFKA/FMY remittance)
63Θ84690ΒΩ-ΩΙΣ,2025-09-29,: ΑΠΟΔΟΣΗ ΥΠΕΡ ΜΤΠΥ ΚΑΙ ΛΟΙΠΩΝ ΑΣΦΑΛΙΣΤΙΚΩΝ ΤΑΜΕΙΩΝ ΕΠΙ ΕΞΟΦΛΗΘΕΝΤΩΝ ΧΕ ΜΙΣΘΟΔΟΣΙΑΣ ΜΗΝΟΣ ΣΕΠΤΕΜΒΡΙΟΥ 2025 ΜΕΣΩ ΕΑΠ (Φ 100),999501452,ΓΕΝΙΚΟ ΝΟΣΟΚΟΜΕΙΟ ΒΟΛΟΥ,66083.59,self-referential (payroll/EFKA/FMY remittance)
63Θ84690ΒΩ-ΩΙΣ,2025-09-29,: ΑΠΟΔΟΣΗ ΥΠΕΡ ΜΤΠΥ ΚΑΙ ΛΟΙΠΩΝ ΑΣΦΑΛΙΣΤΙΚΩΝ ΤΑΜΕΙΩΝ ΕΠΙ ΕΞΟΦΛΗΘΕΝΤΩΝ ΧΕ ΜΙΣΘΟΔΟΣΙΑΣ ΜΗΝΟΣ ΣΕΠΤΕΜΒΡΙΟΥ 2025 ΜΕΣΩ ΕΑΠ (Φ 100),999501452,ΓΕΝΙΚΟ ΝΟΣΟΚΟΜΕΙΟ ΒΟΛΟΥ,82784.64,self-referential (payroll/EFKA/FMY remittance)
ΨΗΘΔ4690ΒΩ-Ω1Λ,2025-09-25,"ΟΔΟΙΠΟΡΙΚΑ ΕΞΟΔΑ ΓΙΑ ΠΡΟΓΡΑΜΜΑΤΙΣΜΕΝΕΣ ΜΕΤΑΚΙΝΗΣΕΙΣ ΤΗΣ ΚΙΝΗΤΗΣ ΜΟΝΑΔΑΣ ΑΙΜΟΔΟΣΙΑΣ ΓΙΑ ΑΙΜΟΛΗΨΙΕΣ ΣΤΙΣ ΣΠΟΡΑΔΕΣ ( ΑΛΟΝΝΗΣΟ,ΣΚΟΠΕΛΟ , ΣΚΙΑΘΟ) ΤΟΥΣ ΜΗΝΕΣ ΟΚΤΩΒΡΙΟ,ΝΟΕΜΒΡΙΟ,ΔΕΚΕΕΜΒΡΙΟ 2025 ( ΗΜΕΡΟΜΗΝΙΑ ΑΠΟΔΟΣΗΣ ΤΗΝ 31/12/2025 )",999501452,ΓΕΝΙΚΟ ΝΟΣΟΚΟΜΕΙΟ ΒΟΛΟΥ,1920.00,self-referential (payroll/EFKA/FMY remittance)
95ΛΜ4690ΒΩ-7Σ1,2026-07-10,ΑΜΟΙΒΗ ΛΟΙΠΟΥ ΠΡΟΣΩΠΙΚΟΥ ΟΛΟΗΜΕΡΩΝ ΙΑΤΡΕΙΩΝ ΑΠΟ ΔΙΑΓΝΩΣΤΙΚΕΣ ΕΞΕΑΣΕΙΣ ( INVIVO - INVITRO) ΑΣΦΑΛΙΣΜΕΝΩΝ ΤΟΥ ΕΟΠΥΥ ΑΠΟ ΝΟΕΜΒΡΙΟ 2022 ΕΩΣ ΦΕΒΡΟΥΑΡΙΟ 2023,999501452,ΓΕΝΙΚΟ ΝΟΣΟΚΟΜΕΙΟ ΒΟΛΟΥ,12136.51,self-referential (payroll/EFKA/FMY remittance)
988Μ4690ΒΩ-ΡΩΚ,2026-07-10,ΜΟΙΒΗ ΙΑΤΡΩΝ ΟΛΟΗΜΕΡΩΝ ΙΑΤΡΕΙΩΝ ΑΠΟ ΔΙΑΓΝΩΣΤΙΚΕΣ ΕΞΕΑΣΕΙΣ ( INVIVO - INVITRO) ΑΣΦΑΛΙΣΜΕΝΩΝ ΤΟΥ ΕΟΠΥΥ ΑΠΟ ΝΟΕΜΒΡΙΟ  2022 ΕΩΣ ΦΕΒΡΟΥΑΡΙΟ,999501452,ΓΕΝΙΚΟ ΝΟΣΟΚΟΜΕΙΟ ΒΟΛΟΥ,23354.64,self-referential (payroll/EFKA/FMY remittance)
Ρ3ΕΞ4690ΒΩ-ΧΝΔ,2026-07-10,"ΑΜΟΙΒΗ ΛΟΙΠΟΥ (ΔΙΟΙΚΗΤΙΚΟ, ΝΟΣΗΛΕΥΤΙΚΟ κ.λ.π)ΠΡΟΣΩΠΙΚΟΥ ΠΟΥ ΕΡΓΑΣΤΗΚΑΝ ΣΤΑ ΟΛΟΗΜΕΡΑ ΙΑΤΡΕΙΑ ΤΟΝ ΜΗΝΑ ΜΑΪΟ 2026",999501452,ΓΕΝΙΚΟ ΝΟΣΟΚΟΜΕΙΟ ΒΟΛΟΥ,1410.00,self-referential (payroll/EFKA/FMY remittance)
9ΣΕ14690ΒΩ-ΟΥΨ,2026-07-10,ΑΜΟΙΒΗ ΙΑΤΡΙΚΟΥ ΠΡΟΣΩΠΙΚΟΥ ΠΟΥ ΕΡΓΑΣΤΗΚΑΝ ΣΤΑ ΟΛΟΗΜΕΡΑ ΙΑΤΡΕΙΑ ΤΟΝ ΜΗΝΑ ΜΑΪΟ 2026,999501452,ΓΕΝΙΚΟ ΝΟΣΟΚΟΜΕΙΟ ΒΟΛΟΥ,806.40,self-referential (payroll/EFKA/FMY remittance)
9ΞΡΘ4690ΒΩ-117,2026-07-10,ΑΜΟΙΒΗ ΛΟΙΠΟΥ ΠΡΟΣΩΠΙΚΟΥ ΟΛΟΗΜΕΡΩΝ ΙΑΤΡΕΙΩΝ ΔΙΑΓΝΩΣΤΙΚΩΝ ΕΞΕΤΑΣΕΩΝ (INVIVO - INVITRO) ΑΝΑΣΦΑΛΙΣΤΩΝ ΕΛΛΗΝΩΝ ΔΙΚΑΙΟΥΧΩΝ ΤΟΥ Ν. 4368/2016 ΑΠΟ ΝΟΕΜΒΡΙΟ 2022 ΕΩΣ ΦΕΒΡΟΥΑΡΙΟ 2023,999501452,ΓΕΝΙΚΟ ΝΟΣΟΚΟΜΕΙΟ ΒΟΛΟΥ,3332.92,self-referential (payroll/EFKA/FMY remittance)
ΡΟΒΕ4690ΒΩ-ΓΧΔ,2026-07-10,ΑΜΟΙΒΗ ΙΑΤΡΙΚΟΥ ΠΡΟΣΩΠΙΚΟΥ ΟΛΟΗΜΕΡΩΝ ΙΑΤΡΕΙΩΝ ΔΙΑΓΝΩΣΤΙΚΩΝ ΕΞΕΤΑΣΕΩΝ (INVIVO - INVITRO) ΑΝΑΣΦΑΛΙΣΤΩΝ ΕΛΛΗΝΩΝ ΔΙΚΑΙΟΥΧΩΝ ΤΟΥ Ν. 4368/2016 ΑΠΟ ΝΟΕΜΒΡΙΟ 2022 ΕΩΣ ΦΕΒΡΟΥΑΡΙΟ 2023,999501452,ΓΕΝΙΚΟ ΝΟΣΟΚΟΜΕΙΟ ΒΟΛΟΥ,6479.70,self-referential (payroll/EFKA/FMY remittance)
97Δ34690ΒΩ-ΓΝΖ,2026-07-10,"ΚΑΤΑΒΟΛΗ ΕΚΤΑΚΤΗΣ ΟΙΚΟΝΟΜΙΚΗΣ ΕΝΙΣΧΥΣΗΣ ΕΦΗΜΕΡΙΩΝ ΙΑΤΡΩΝ ΕΣΥ ΣΥΜΦΩΝΑ ΜΕ ΤΙΣ ΔΙΑΤΑΞΕΙΣ ΤΩΝ ΑΡΘΡΩΝ 88,89 ΚΑΙ 90 ΤΟΥ Ν.4850/2021 ΦΕΚ 208/τ. Α΄ ΜΗΝΟΣ ΜΑΪΟΥ 2026",999501452,ΓΕΝΙΚΟ ΝΟΣΟΚΟΜΕΙΟ ΒΟΛΟΥ,5250.00,self-referential (payroll/EFKA/FMY remittance)
9ΥΛΙ4690ΒΩ-ΝΡΕ,2026-07-10,ΑΜΟΙΒΗ ΙΑΤΡΙΚΟΥ ΠΡΟΣΩΠΙΚΟΥ ΠΟΥ ΣΥΜΜΕΤΕΙΧΑΝ ΓΙΑ ΤΗΝ ΥΛΟΠΟΙΗΣΗ ΤΟΥ ΠΡΟΓΡΑΜΜΑΤΟΣ ΠΡΟΛΗΨΗΣ ΄΄ΣΠ. ΔΟΞΙΑΔΗΣ΄΄ (ΨΗΦΙΑΚΗ ΜΑΣΤΟΓΡΑΦΙΑ) ΤΟΝ ΜΗΝΑ ΔΕΚΕΜΒΡΙΟ 2025,999501452,ΓΕΝΙΚΟ ΝΟΣΟΚΟΜΕΙΟ ΒΟΛΟΥ,318.50,self-referential (payroll/EFKA/FMY remittance)
6ΝΠΟ4690ΒΩ-ΘΤΕ,2026-07-10,ΑΜΟΙΒΗ ΛΟΙΠΟΥ ΠΡΟΣΩΠΙΚΟΥ ΠΟΥ ΣΥΜΜΕΤΕΙΧΑΝ ΓΙΑ ΤΗΝ ΥΛΟΠΟΙΗΣΗ ΤΟΥ ΠΡΟΓΡΑΜΜΑΤΟΣ ΠΡΟΛΗΨΗΣ ΄΄ΣΠ. ΔΟΞΙΑΔΗΣ΄΄ (ΨΗΦΙΑΚΗ ΜΑΣΤΟΓΡΑΦΙΑ) ΤΟΝ ΜΗΝΑ ΔΕΚΕΜΒΡΙΟ 2025,999501452,ΓΕΝΙΚΟ ΝΟΣΟΚΟΜΕΙΟ ΒΟΛΟΥ,91.00,self-referential (payroll/EFKA/FMY remittance)
Ρ6ΝΔ4690ΒΩ-Ψ17,2026-07-10,ΑΜΟΙΒΗ ΙΑΤΡΙΚΟΥ ΠΡΟΣΩΠΙΚΟΥ ΠΟΥ ΣΥΜΜΕΤΕΙΧΑΝ ΓΙΑ ΤΗΝ ΥΛΟΠΟΙΗΣΗ ΤΟΥ ΠΡΟΓΡΑΜΜΑΤΟΣ ΠΡΟΛΗΨΗΣ ΄΄ΣΠ. ΔΟΞΙΑΔΗΣ΄΄ TOYΣ MHNEΣ ΙΑΝΟΥΑΡΙΟ ΕΩΣ ΜΑΡΤΙΟ 2026,999501452,ΓΕΝΙΚΟ ΝΟΣΟΚΟΜΕΙΟ ΒΟΛΟΥ,15028.64,self-referential (payroll/EFKA/FMY remittance)
Ψ92Σ4690ΒΩ-5ΨΦ,2026-07-10,ΑΜΟΙΒΗ ΛΟΙΠΟΥ ΠΡΟΣΩΠΙΚΟΥ ΠΟΥ ΣΥΜΜΕΤΕΙΧΑΝ ΓΙΑ ΤΗΝ ΥΛΟΠΟΙΗΣΗ ΤΟΥ ΠΡΟΓΡΑΜΜΑΤΟΣ ΠΡΟΛΗΨΗΣ ΄΄ΣΠ. ΔΟΞΙΑΔΗΣ΄΄ ΤΟΥΣ ΜΗΝΕΣ ΙΑΝΟΥΑΡΙΟ ΕΩΣ ΜΑΡΤΙΟ 2026,999501452,ΓΕΝΙΚΟ ΝΟΣΟΚΟΜΕΙΟ ΒΟΛΟΥ,4219.96,self-referential (payroll/EFKA/FMY remittance)
ΨΞ674690ΒΩ-0ΛΟ,2026-07-10,ΑΜΟΙΒΗ ΙΑΤΡΟΥ ΑΠΟ ΧΕΙΡΟΥΡΓΙΚΕΣ( ΟΔΟΝΤΙΑΤΡΙΚΕΣ ) ΠΡΑΞΕΙΣ ΑΣΦΑΛΙΣΜΕΝΩΝ ΤΟΥ ΕΟΠΥΥ ΑΠΟ ΝΟΕΜΒΡΙΟ 2022 ΕΩΣ ΦΕΒΡΟΥΑΡΙΟ 2023,999501452,ΓΕΝΙΚΟ ΝΟΣΟΚΟΜΕΙΟ ΒΟΛΟΥ,1440.00,self-referential (payroll/EFKA/FMY remittance)
Ρ7ΚΘ4690ΒΩ-ΠΩΕ,2026-07-10,ΑΜΟΙΒΗ ΙΑΤΡΟΥ ΑΠΟ ΧΕΙΡΟΥΡΓΙΚΕΣ( ΟΔΟΝΤΙΑΤΡΙΚΕΣ ) ΠΡΑΞΕΙΣ ΑΝΑΣΦΑΛΙΣΤΩΝ ΕΛΛΗΝΩΝ ΔΙΚΑΙΟΥΧΩΝ ΤΟΥ Ν. 4368/2016 ΑΠΟ ΝΟΕΜΒΡΙΟ 2022 ΕΩΣ ΦΕΒΡΟΥΑΡΙΟ 2023,999501452,ΓΕΝΙΚΟ ΝΟΣΟΚΟΜΕΙΟ ΒΟΛΟΥ,480.00,self-referential (payroll/EFKA/FMY remittance)
9ΘΜ24690ΒΩ-Ο21,2026-07-10,"ΠΡΟΣΘΕΤΕΣ ΑΜΟΙΒΕΣ ΛΟΙΠΟΥ ΜΟΝΙΜΟΥ (ΔΙΟΙΚΗΤΙΚΟΥ,ΝΟΣΗΛΕΥΤΙΚΟΥ κ.λ.π.) ΠΡΟΣΩΠΙΚΟΥ ΜΗΝΟΣ ΜΑΪΟΥ 2026",999501452,ΓΕΝΙΚΟ ΝΟΣΟΚΟΜΕΙΟ ΒΟΛΟΥ,91321.97,self-referential (payroll/EFKA/FMY remittance)
63764690ΒΩ-4ΝΚ,2026-07-10,"ΠΡΟΣΘΕΤΕΣ ΑΜΟΙΒΕΣ ΛΟΙΠΟΥ (ΔΙΟΙΚΗΤΙΚΟ,ΝΟΣΗΛΕΥΤΙΚΟ,ΤΕΧΝΙΚΟ κ.λ.π.) ΠΡΟΣΩΠΙΚΟΥ ΨΥΧΙΚΗΣ ΥΓΕΙΑΣ ΜΗΝΟΣ ΜΑΪΟΥ 2026",999501452,ΓΕΝΙΚΟ ΝΟΣΟΚΟΜΕΙΟ ΒΟΛΟΥ,3447.67,self-referential (payroll/EFKA/FMY remittance)
ΨΟΧΥ4690ΒΩ-ΔΗΓ,2026-07-10,ΠΡΟΣΘΕΤΕΣ ΑΜΟΙΒΕΣ ΛΟΙΠΟΥ ΕΠΙΚΟΥΡΙΚΟΥ ΠΡΟΣΩΠΙΚΟΥ ΜΗΝΟΣ ΜΑΪΟΥ 2026,999501452,ΓΕΝΙΚΟ ΝΟΣΟΚΟΜΕΙΟ ΒΟΛΟΥ,486.13,self-referential (payroll/EFKA/FMY remittance)
ΡΨΟΖ4690ΒΩ-ΦΜΟ,2026-07-10,ΠΡΟΣΘΕΤΕΣ ΑΜΟΙΒΕΣ ΛΟΙΠΟΥ ΕΠΙΚΟΥΡΙΚΟΥ ΠΡΟΣΩΠΙΚΟΥ ΜΕ ΣΧΕΣΗ ΕΡΓΑΣΙΑΣ ΙΔΟΧ ΜΗΝΟΣ ΜΑΪΟΥ 2026 «ΕΝΙΣΧΥΣΗ ΤΩΝ ΦΟΡΕΩΝ ΥΓΕΙΑΣ ΜΕ ΕΠΙΚΟΥΡΙΚΟ ΠΡΟΣΩΠΙΚΟ ΓΙΑ ΤΗΝ ΑΝΤΑΠΟΚΡΙΣΗ ΣΤΙΣ ΑΝΑΓΚΕΣ ΛΟΓΩ ΤΗΣ ΕΠΙΔΗΜΙΑΣ COVID-19 ΣΤΗΝ ΠΕΡΙΦΕΡΕΙΑ ΘΕΣΣΑΛΙΑΣ» ΜΕ ΚΩΔΙΚΟ ΟΠΣ 5070510 ΣΤΟ ΕΠΙΧΕΙΡΗΣΙΑΚΟ ΠΡΟΓΡΑΜΜΑ «ΠΕΡΙΦΕΡΕΙΑΚΟ ΕΠΙΧΕΙΡΗΣΙΑΚΟ ΠΡΟΓΡΑΜΜΑ ΘΕΣΣΑΛΙΑΣ 2014 ΜΕ ΠΑΡΑΤΑΣΗ ΣΥΜΒΑΣΕΩΝ ΕΩΣ 31/12/2025 ΣΥΜΦΩΝΑ ΜΕ ΤΙΣ ΔΙΑΤΑΞΕΙΣ ΤΟΥ Ν.5259/2025 ΑΡ.25 ΠΑΡ 2,999501452,ΓΕΝΙΚΟ ΝΟΣΟΚΟΜΕΙΟ ΒΟΛΟΥ,7314.56,self-referential (payroll/EFKA/FMY remittance)
ΨΞ3Γ4690ΒΩ-ΗΥΖ,2026-07-10,ΠΡΟΣΘΕΤΕΣ ΑΜΟΙΒΕΣ ΛΟΙΠΟΥ ΕΠΙΚΟΥΡΙΚΟΥ ΠΡΟΣΩΠΙΚΟΥ ΜΑΪΟΥ 2026 ΣΥΜΦΩΝΑ ΜΕ ΤΙΣ ΔΙΑΤΑΞΕΙΣ ΤΟΥ ΠΝΠ ΤΗΣ ΠΑΡ. 2 ΑΡΘΡΟΥ 27 ΤΟΥ Ν 5161/2024 ΦΕΚ ΤΕΥΧΟΥΣ 196/29-11-2024 ΓΙΑ ΤΑ ΄΄ΚΑΤΕΠΕΙΓΟΝΤΑ ΜΕΤΡΑ ΑΝΤΙΜΕΤΩΠΙΣΗΣ ΤΩΝ ΑΡΝΗΤΙΚΩΝ ΣΥΝΕΠΕΙΩΝ ΤΗΣ ΕΜΦΑΝΙΣΗΣ COVID19,999501452,ΓΕΝΙΚΟ ΝΟΣΟΚΟΜΕΙΟ ΒΟΛΟΥ,1982.63,self-referential (payroll/EFKA/FMY remittance)
ΡΩΛ54690ΒΩ-ΑΑΩ,2026-07-10,ΠΡΟΣΘΕΤΕΣ ΑΜΟΙΒΕΣ ΕΙΔΙΚΕΥΟΜΕΝΩΝ ΝΟΣΗΛΕΥΤΩΝ ΜΗΝΟΣ ΜΑΪΟΥ 2025 ΣΥΜΦΩΝΑ ΜΕ ΤΙΣ ΔΙΑΤΑΞΕΙΣ ΤΟΥ ΑΡΘΡΟΥ 58 ΤΟΥ Ν.4690/2020 (ΦΕΚ 104/Α/30-5-2020),999501452,ΓΕΝΙΚΟ ΝΟΣΟΚΟΜΕΙΟ ΒΟΛΟΥ,2567.17,self-referential (payroll/EFKA/FMY remittance)
63ΔΚ4690ΒΩ-Ψ6Β,2026-07-10,ΠΡΟΣΘΕΤΕΣ ΑΜΟΙΒΕΣ ΛΟΙΠΟΥ ΕΠΙΚΟΥΡΙΚΟΥ ΠΡΟΣΩΠΙΚΟΥ ΙΔ.ΔΙΚΑΙΟΥ (ΑΟΡΙΣΤΟΥ - ΟΡΙΣΜΕΝΟΥ - ΑΤΟΜΙΕΚΣ ΣΥΜΒΑΣΕΙΣ ) ΜΗΝΟΣ ΜΑΪΟΥ 2026,999501452,ΓΕΝΙΚΟ ΝΟΣΟΚΟΜΕΙΟ ΒΟΛΟΥ,1119.64,self-referential (payroll/EFKA/FMY remittance)
63ΔΚ4690ΒΩ-Ψ6Β,2026-07-10,ΠΡΟΣΘΕΤΕΣ ΑΜΟΙΒΕΣ ΛΟΙΠΟΥ ΕΠΙΚΟΥΡΙΚΟΥ ΠΡΟΣΩΠΙΚΟΥ ΙΔ.ΔΙΚΑΙΟΥ (ΑΟΡΙΣΤΟΥ - ΟΡΙΣΜΕΝΟΥ - ΑΤΟΜΙΕΚΣ ΣΥΜΒΑΣΕΙΣ ) ΜΗΝΟΣ ΜΑΪΟΥ 2026,999501452,ΓΕΝΙΚΟ ΝΟΣΟΚΟΜΕΙΟ ΒΟΛΟΥ,2343.26,self-referential (payroll/EFKA/FMY remittance)
97464690ΒΩ-ΒΣΚ,2026-07-09,ΕΦΗΜΕΡΙΕΣ ΕΠΙΣΤΗΜΟΝΙΚΟΥ ΠΡΟΣΩΠΙΚΟΥ ΜΗΝΟΣ ΜΑΪΟΥ 2026,999501452,ΓΕΝΙΚΟ ΝΟΣΟΚΟΜΕΙΟ ΒΟΛΟΥ,8850.61,self-referential (payroll/EFKA/FMY remittance)
ΡΧ3Ψ4690ΒΩ-ΓΝΨ,2026-07-09,ΕΦΗΜΕΡΙΕΣ ΕΠΙΣΤΗΜΟΝΙΚΟΥ ΠΡΟΣΩΠΙΚΟΥ ΨΥΧΙΚΗΣ ΥΓΕΙΑΣ ΜΗΝΟΣ ΜΑΪΟΥ 2026,999501452,ΓΕΝΙΚΟ ΝΟΣΟΚΟΜΕΙΟ ΒΟΛΟΥ,3231.87,self-referential (payroll/EFKA/FMY remittance)
9ΙΝ44690ΒΩ-7ΡΓ,2026-07-09,"ΕΦΗΜΕΡΙΕΣ ΙΑΤΡΙΚΟΥ ΕΠΙΚΟΥΡΙΚΟΥ ΠΡΟΣΩΠΙΚΟΥ ΜΕ ΣΧΕΣΗ ΕΡΓΑΣΙΑΣ ΙΔΟΧ ΜΗΝΟΣ ΜAΪΟΥ 2026 «ΕΝΙΣΧΥΣΗ ΤΩΝ ΦΟΡΕΩΝ ΥΓΕΙΑΣ ΜΕ ΕΠΙΚΟΥΡΙΚΟ ΠΡΟΣΩΠΙΚΟ ΓΙΑ ΤΗΝ ΑΝΤΑΠΟΚΡΙΣΗ ΣΤΙΣ ΑΝΑΓΚΕΣ ΛΟΓΩ ΤΗΣ ΕΠΙΔΗΜΙΑΣ COVID-19 ΣΤΗΝ ΠΕΡΙΦΕΡΕΙΑ ΘΕΣΣΑΛΙΑΣ» ΜΕ ΚΩΔΙΚΟ ΟΠΣ 5070510 ΣΤΟ ΕΠΙΧΕΙΡΗΣΙΑΚΟ ΠΡΟΓΡΑΜΜΑ «ΠΕΡΙΦΕΡΕΙΑΚΟ ΕΠΙΧΕΙΡΗΣΙΑΚΟ ΠΡΟΓΡΑΜΜΑ ΘΕΣΣΑΛΙΑΣ"" 2014 ΜΕ ΠΑΡΑΤΑΣΗ ΣΥΜΒΑΣΕΩΝ ΕΩΣ 31/12/2025 ΣΥΜΦΩΝΑ ΜΕ ΤΙΣ ΔΙΑΤΑΞΕΙΣ ΤΟΥ ΝΟΜΟΥ 5161/2024 (ΦΕΚ196/29-11-2024/Τ.Α΄) ΠΑΡ.2 ΤΟΥ ΑΡΘΡΟΥ 27",999501452,ΓΕΝΙΚΟ ΝΟΣΟΚΟΜΕΙΟ ΒΟΛΟΥ,2130.77,self-referential (payroll/EFKA/FMY remittance)
Ρ3ΙΞ4690ΒΩ-ΟΛ9,2026-07-09,ΕΦΗΜΕΡΙΕΣ ΙΑΤΡΩΝ ΨΥΧΙΚΗΣ ΥΓΕΙΑΣ ΤΟΝ ΜΗΝΑ ΜΑΪΟ 2026,999501452,ΓΕΝΙΚΟ ΝΟΣΟΚΟΜΕΙΟ ΒΟΛΟΥ,3259.33,self-referential (payroll/EFKA/FMY remittance)
ΨΔΘ94690ΒΩ-Μ6Χ,2026-07-09,ΕΦΗΜΕΡΙΕΣ ΕΠΙΚΟΥΡΙΚΩΝ ΙΑΤΡΩΝ ΕΣΥ ΜΗΝΟΣ ΜΑΪΟΥ 2026,999501452,ΓΕΝΙΚΟ ΝΟΣΟΚΟΜΕΙΟ ΒΟΛΟΥ,10331.84,self-referential (payroll/EFKA/FMY remittance)
6ΝΞΙ4690ΒΩ-1ΒΧ,2026-07-09,ΕΦΗΜΕΡΙΕΣ ΕΙΔΙΚΕΥΟΜΕΝΩΝ ΙΑΤΡΩΝ ΜΗΝΟΣ ΜΑΪΟΥ 2026,999501452,ΓΕΝΙΚΟ ΝΟΣΟΚΟΜΕΙΟ ΒΟΛΟΥ,83219.12,self-referential (payroll/EFKA/FMY remittance)
ΨΑΔΨ4690ΒΩ-ΑΓΙ,2026-07-09,ΕΦΗΜΕΡΙΕΣ ΣΤΡΑΤΙΩΤΙΚΟΥ ΙΑΤΡΟΥ ΜΗΝΟΣ ΜΑΪΟΥ 2026,999501452,ΓΕΝΙΚΟ ΝΟΣΟΚΟΜΕΙΟ ΒΟΛΟΥ,717.52,self-referential (payroll/EFKA/FMY remittance)
9Ρ9Α4690ΒΩ-ΧΜ5,2026-07-09,ΕΦΗΜΕΡΙΕΣ ΜΕΤΑΚΙΝΟΥΜΕΝΩΝ ΙΑΤΡΩΝ ΤΟΥ Π.Ε.Δ.Υ ΓΙΑ ΚΑΛΥΨΗ ΕΦΗΜΕΡΙΩΝ ΣΤΟ ΓΝΒ ΤΟΝ ΜΗΝΑ ΜΑΪΟ 2026,999501452,ΓΕΝΙΚΟ ΝΟΣΟΚΟΜΕΙΟ ΒΟΛΟΥ,10282.87,self-referential (payroll/EFKA/FMY remittance)
9Ρ9Α4690ΒΩ-ΧΜ5,2026-07-09,ΕΦΗΜΕΡΙΕΣ ΜΕΤΑΚΙΝΟΥΜΕΝΩΝ ΙΑΤΡΩΝ ΤΟΥ Π.Ε.Δ.Υ ΓΙΑ ΚΑΛΥΨΗ ΕΦΗΜΕΡΙΩΝ ΣΤΟ ΓΝΒ ΤΟΝ ΜΗΝΑ ΜΑΪΟ 2026,999501452,ΓΕΝΙΚΟ ΝΟΣΟΚΟΜΕΙΟ ΒΟΛΟΥ,1011.50,self-referential (payroll/EFKA/FMY remittance)
ΡΚΣΘ4690ΒΩ-Π63,2026-07-09,ΕΦΗΜΕΡΙΕΣ ΙΑΤΡΩΝ ΕΣΥ ΜΗΝΟΣ ΜΑΪΟΥ 2026,999501452,ΓΕΝΙΚΟ ΝΟΣΟΚΟΜΕΙΟ ΒΟΛΟΥ,105525.89,self-referential (payroll/EFKA/FMY remittance)
9ΗΡΓ4690ΒΩ-ΡΒΥ,2026-07-08,ΚΑΤΑΒΟΛΗ ΑΠΟΖΗΜΙΩΣΗΣ ΣΕ ΜΕΤΑΛΥΚΕΙΑΚΟΥΣ ΣΠΟΥΔΑΣΤΕΣ ΓΙΑ ΤΟΝ ΜΗΝΑ ΑΠΡΙΛΙΟ 2026,999501452,ΓΕΝΙΚΟ ΝΟΣΟΚΟΜΕΙΟ ΒΟΛΟΥ,44.45,self-referential (payroll/EFKA/FMY remittance)
9ΗΡΓ4690ΒΩ-ΡΒΥ,2026-07-08,ΚΑΤΑΒΟΛΗ ΑΠΟΖΗΜΙΩΣΗΣ ΣΕ ΜΕΤΑΛΥΚΕΙΑΚΟΥΣ ΣΠΟΥΔΑΣΤΕΣ ΓΙΑ ΤΟΝ ΜΗΝΑ ΑΠΡΙΛΙΟ 2026,999501452,ΓΕΝΙΚΟ ΝΟΣΟΚΟΜΕΙΟ ΒΟΛΟΥ,973.76,self-referential (payroll/EFKA/FMY remittance)
93ΨΨ4690ΒΩ-ΠΟ8,2026-07-08,ΚΑΤΑΒΟΛΗ ΑΠΟΖΗΜΙΩΣΗΣ ΑΔΕΙΑΣ ΜΑΘΗΤΕΙΑΣ ΣΕ ΜΕΤΑΛΥΚΕΙΑΚΟΥΣ ΣΠΟΥΔΑΣΤΕΣ ΓΙΑ ΤΟΝ ΜΗΝΑ ΑΠΡΙΛΙΟ 2026,999501452,ΓΕΝΙΚΟ ΝΟΣΟΚΟΜΕΙΟ ΒΟΛΟΥ,273.28,self-referential (payroll/EFKA/FMY remittance)
93ΨΨ4690ΒΩ-ΠΟ8,2026-07-08,ΚΑΤΑΒΟΛΗ ΑΠΟΖΗΜΙΩΣΗΣ ΑΔΕΙΑΣ ΜΑΘΗΤΕΙΑΣ ΣΕ ΜΕΤΑΛΥΚΕΙΑΚΟΥΣ ΣΠΟΥΔΑΣΤΕΣ ΓΙΑ ΤΟΝ ΜΗΝΑ ΑΠΡΙΛΙΟ 2026,999501452,ΓΕΝΙΚΟ ΝΟΣΟΚΟΜΕΙΟ ΒΟΛΟΥ,47.97,self-referential (payroll/EFKA/FMY remittance)
92Ξ14690ΒΩ-775,2026-07-08,ΚΑΤΑΒΟΛΗ ΑΠΟΔΟΧΩΝ ΜΗΝΟΣ ΙΟΥΝΙΟΥ 2026 ΣΕ ΠΡΟΣΩΠΙΚΟ ΠΟΥ ΥΠΗΡΕΤΕΙ ΜΕΣΩ ΠΡΟΓΡΑΜΜΑΤΟΣ ΟΑΕΔ ΗΛΙΚΙΑΣ 55-67 ΣΥΜΦΩΝΑ ΜΕ ΤΗΝ 1η ΤΡΟΠΟΠΟΙΗΣΗ ΤΗΣ ΔΗΜΟΣΙΑΣ ΠΡΟΣΚΛΗΣΗΣ Νο11/2017 ΤΟΥ ΟΑΕΔ ΠΔΕ ΣΥΓΧΡΗΜΑΤΟΔΟΤΟΥΜΕΝΟ,999501452,ΓΕΝΙΚΟ ΝΟΣΟΚΟΜΕΙΟ ΒΟΛΟΥ,15741.39,self-referential (payroll/EFKA/FMY remittance)
92Ξ14690ΒΩ-775,2026-07-08,ΚΑΤΑΒΟΛΗ ΑΠΟΔΟΧΩΝ ΜΗΝΟΣ ΙΟΥΝΙΟΥ 2026 ΣΕ ΠΡΟΣΩΠΙΚΟ ΠΟΥ ΥΠΗΡΕΤΕΙ ΜΕΣΩ ΠΡΟΓΡΑΜΜΑΤΟΣ ΟΑΕΔ ΗΛΙΚΙΑΣ 55-67 ΣΥΜΦΩΝΑ ΜΕ ΤΗΝ 1η ΤΡΟΠΟΠΟΙΗΣΗ ΤΗΣ ΔΗΜΟΣΙΑΣ ΠΡΟΣΚΛΗΣΗΣ Νο11/2017 ΤΟΥ ΟΑΕΔ ΠΔΕ ΣΥΓΧΡΗΜΑΤΟΔΟΤΟΥΜΕΝΟ,999501452,ΓΕΝΙΚΟ ΝΟΣΟΚΟΜΕΙΟ ΒΟΛΟΥ,1619.95,self-referential (payroll/EFKA/FMY remittance)
92Ξ14690ΒΩ-775,2026-07-08,ΚΑΤΑΒΟΛΗ ΑΠΟΔΟΧΩΝ ΜΗΝΟΣ ΙΟΥΝΙΟΥ 2026 ΣΕ ΠΡΟΣΩΠΙΚΟ ΠΟΥ ΥΠΗΡΕΤΕΙ ΜΕΣΩ ΠΡΟΓΡΑΜΜΑΤΟΣ ΟΑΕΔ ΗΛΙΚΙΑΣ 55-67 ΣΥΜΦΩΝΑ ΜΕ ΤΗΝ 1η ΤΡΟΠΟΠΟΙΗΣΗ ΤΗΣ ΔΗΜΟΣΙΑΣ ΠΡΟΣΚΛΗΣΗΣ Νο11/2017 ΤΟΥ ΟΑΕΔ ΠΔΕ ΣΥΓΧΡΗΜΑΤΟΔΟΤΟΥΜΕΝΟ,999501452,ΓΕΝΙΚΟ ΝΟΣΟΚΟΜΕΙΟ ΒΟΛΟΥ,3989.22,self-referential (payroll/EFKA/FMY remittance)
6ΤΤΝ4690ΒΩ-ΤΒ3,2026-07-08,ΚΑΤΑΒΟΛΗ ΑΠΟΔΟΧΩΝ ΜΗΝΟΣ ΙΟΥΝΙΟΥ 2025 ΣΕ ΠΡΟΣΩΠΙΚΟ ΠΟΥ ΥΠΗΡΕΤΕΙ ΜΕΣΩ ΠΡΟΓΡΑΜΜΑΤΟΣ ΟΑΕΔ ΗΛΙΚΙΑΣ 55-67 ΣΥΜΦΩΝΑ ΜΕ ΤΗΝ 1η ΤΡΟΠΟΠΟΙΗΣΗ ΤΗΣ ΔΗΜΟΣΙΑΣ ΠΡΟΣΚΛΗΣΗΣ Νο11/2017 ΤΟΥ ΟΑΕΔ,999501452,ΓΕΝΙΚΟ ΝΟΣΟΚΟΜΕΙΟ ΒΟΛΟΥ,6938.44,self-referential (payroll/EFKA/FMY remittance)
6ΤΤΝ4690ΒΩ-ΤΒ3,2026-07-08,ΚΑΤΑΒΟΛΗ ΑΠΟΔΟΧΩΝ ΜΗΝΟΣ ΙΟΥΝΙΟΥ 2025 ΣΕ ΠΡΟΣΩΠΙΚΟ ΠΟΥ ΥΠΗΡΕΤΕΙ ΜΕΣΩ ΠΡΟΓΡΑΜΜΑΤΟΣ ΟΑΕΔ ΗΛΙΚΙΑΣ 55-67 ΣΥΜΦΩΝΑ ΜΕ ΤΗΝ 1η ΤΡΟΠΟΠΟΙΗΣΗ ΤΗΣ ΔΗΜΟΣΙΑΣ ΠΡΟΣΚΛΗΣΗΣ Νο11/2017 ΤΟΥ ΟΑΕΔ,999501452,ΓΕΝΙΚΟ ΝΟΣΟΚΟΜΕΙΟ ΒΟΛΟΥ,751.38,self-referential (payroll/EFKA/FMY remittance)
6ΤΤΝ4690ΒΩ-ΤΒ3,2026-07-08,ΚΑΤΑΒΟΛΗ ΑΠΟΔΟΧΩΝ ΜΗΝΟΣ ΙΟΥΝΙΟΥ 2025 ΣΕ ΠΡΟΣΩΠΙΚΟ ΠΟΥ ΥΠΗΡΕΤΕΙ ΜΕΣΩ ΠΡΟΓΡΑΜΜΑΤΟΣ ΟΑΕΔ ΗΛΙΚΙΑΣ 55-67 ΣΥΜΦΩΝΑ ΜΕ ΤΗΝ 1η ΤΡΟΠΟΠΟΙΗΣΗ ΤΗΣ ΔΗΜΟΣΙΑΣ ΠΡΟΣΚΛΗΣΗΣ Νο11/2017 ΤΟΥ ΟΑΕΔ,999501452,ΓΕΝΙΚΟ ΝΟΣΟΚΟΜΕΙΟ ΒΟΛΟΥ,1763.55,self-referential (payroll/EFKA/FMY remittance)
Ρ9884690ΒΩ-ΩΡ0,2026-07-08,ΚΑΤΑΒΟΛΗ ΑΠΟΔΟΧΩΝ ΛΟΙΠΟΥ ΕΠΙΚΟΥΡΙΚΟΥ ΠΡΟΣΩΠΙΚΟΥ ΜΕ ΣΧΕΣΗ ΕΡΓΑΣΙΑΣ ΙΔΟΧ ΜΗΝΟΣ ΙΟΥΝΙΟΥ 2026 «ΕΝΙΣΧΥΣΗ ΤΩΝ ΦΟΡΕΩΝ ΥΓΕΙΑΣ ΜΕ ΕΠΙΚΟΥΡΙΚΟ ΠΡΟΣΩΠΙΚΟ ΓΙΑ ΤΗΝ ΑΝΤΑΠΟΚΡΙΣΗ ΣΤΙΣ ΑΝΑΓΚΕΣ ΛΟΓΩ ΤΗΣ ΕΠΙΔΗΜΙΑΣ COVID-19 ΣΤΗΝ ΠΕΡΙΦΕΡΕΙΑ ΘΕΣΣΑΛΙΑΣ» ΜΕ ΚΩΔΙΚΟ ΟΠΣ 5070510 ΣΤΟ ΕΠΙΧΕΙΡΗΣΙΑΚΟ ΠΡΟΓΡΑΜΜΑ «ΠΕΡΙΦΕΡΕΙΑΚΟ ΕΠΙΧΕΙΡΗΣΙΑΚΟ ΠΡΟΓΡΑΜΜΑ ΘΕΣΣΑΛΙΑΣ 2014 ΜΕ ΠΑΡΑΤΑΣΗ ΣΥΜΒΑΣΕΩΝ ΕΩΣ 31/12/2026 ΣΥΜΦΩΝΑ ΜΕ ΤΙΣ ΔΙΑΤΑΞΕΙΣ ΤΟΥ Ν.5259/2025 ΑΡΘΡΟ 250 ΠΑΡ. 2,999501452,ΓΕΝΙΚΟ ΝΟΣΟΚΟΜΕΙΟ ΒΟΛΟΥ,46951.80,self-referential (payroll/EFKA/FMY remittance)
Ρ9884690ΒΩ-ΩΡ0,2026-07-08,ΚΑΤΑΒΟΛΗ ΑΠΟΔΟΧΩΝ ΛΟΙΠΟΥ ΕΠΙΚΟΥΡΙΚΟΥ ΠΡΟΣΩΠΙΚΟΥ ΜΕ ΣΧΕΣΗ ΕΡΓΑΣΙΑΣ ΙΔΟΧ ΜΗΝΟΣ ΙΟΥΝΙΟΥ 2026 «ΕΝΙΣΧΥΣΗ ΤΩΝ ΦΟΡΕΩΝ ΥΓΕΙΑΣ ΜΕ ΕΠΙΚΟΥΡΙΚΟ ΠΡΟΣΩΠΙΚΟ ΓΙΑ ΤΗΝ ΑΝΤΑΠΟΚΡΙΣΗ ΣΤΙΣ ΑΝΑΓΚΕΣ ΛΟΓΩ ΤΗΣ ΕΠΙΔΗΜΙΑΣ COVID-19 ΣΤΗΝ ΠΕΡΙΦΕΡΕΙΑ ΘΕΣΣΑΛΙΑΣ» ΜΕ ΚΩΔΙΚΟ ΟΠΣ 5070510 ΣΤΟ ΕΠΙΧΕΙΡΗΣΙΑΚΟ ΠΡΟΓΡΑΜΜΑ «ΠΕΡΙΦΕΡΕΙΑΚΟ ΕΠΙΧΕΙΡΗΣΙΑΚΟ ΠΡΟΓΡΑΜΜΑ ΘΕΣΣΑΛΙΑΣ 2014 ΜΕ ΠΑΡΑΤΑΣΗ ΣΥΜΒΑΣΕΩΝ ΕΩΣ 31/12/2026 ΣΥΜΦΩΝΑ ΜΕ ΤΙΣ ΔΙΑΤΑΞΕΙΣ ΤΟΥ Ν.5259/2025 ΑΡΘΡΟ 250 ΠΑΡ. 2,999501452,ΓΕΝΙΚΟ ΝΟΣΟΚΟΜΕΙΟ ΒΟΛΟΥ,8734.00,self-referential (payroll/EFKA/FMY remittance)
Ρ9884690ΒΩ-ΩΡ0,2026-07-08,ΚΑΤΑΒΟΛΗ ΑΠΟΔΟΧΩΝ ΛΟΙΠΟΥ ΕΠΙΚΟΥΡΙΚΟΥ ΠΡΟΣΩΠΙΚΟΥ ΜΕ ΣΧΕΣΗ ΕΡΓΑΣΙΑΣ ΙΔΟΧ ΜΗΝΟΣ ΙΟΥΝΙΟΥ 2026 «ΕΝΙΣΧΥΣΗ ΤΩΝ ΦΟΡΕΩΝ ΥΓΕΙΑΣ ΜΕ ΕΠΙΚΟΥΡΙΚΟ ΠΡΟΣΩΠΙΚΟ ΓΙΑ ΤΗΝ ΑΝΤΑΠΟΚΡΙΣΗ ΣΤΙΣ ΑΝΑΓΚΕΣ ΛΟΓΩ ΤΗΣ ΕΠΙΔΗΜΙΑΣ COVID-19 ΣΤΗΝ ΠΕΡΙΦΕΡΕΙΑ ΘΕΣΣΑΛΙΑΣ» ΜΕ ΚΩΔΙΚΟ ΟΠΣ 5070510 ΣΤΟ ΕΠΙΧΕΙΡΗΣΙΑΚΟ ΠΡΟΓΡΑΜΜΑ «ΠΕΡΙΦΕΡΕΙΑΚΟ ΕΠΙΧΕΙΡΗΣΙΑΚΟ ΠΡΟΓΡΑΜΜΑ ΘΕΣΣΑΛΙΑΣ 2014 ΜΕ ΠΑΡΑΤΑΣΗ ΣΥΜΒΑΣΕΩΝ ΕΩΣ 31/12/2026 ΣΥΜΦΩΝΑ ΜΕ ΤΙΣ ΔΙΑΤΑΞΕΙΣ ΤΟΥ Ν.5259/2025 ΑΡΘΡΟ 250 ΠΑΡ. 2,999501452,ΓΕΝΙΚΟ ΝΟΣΟΚΟΜΕΙΟ ΒΟΛΟΥ,13262.28,self-referential (payroll/EFKA/FMY remittance)
9ΟΛ34690ΒΩ-ΡΗ7,2026-07-08,"ΚΑΤΑΒΟΛΗ ΑΠΟΔΟΧΩΝ ΙΑΤΡΙΚΟΥ ΠΡΟΣΩΠΙΚΟΥ ΜΕ ΣΧΕΣΗ ΙΔΟΧ ΜΗΝΟΣ ΙΟΥΝΙΟΥ 2026 "" ΕΝΙΣΧΥΣΗ ΤΩΝ ΦΟΡΕΩΝ ΥΓΕΙΑΣ ΜΕ ΕΠΙΚΟΥΡΙΚΟ ΠΡΟΣΩΠΙΚΟ ΓΙΑ ΤΗΝ ΑΝΤΑΠΟΚΡΙΣΗ ΣΤΙΣ ΑΝΑΓΚΕΣ ΛΟΓΩ ΤΗΣ ΕΠΙΔΗΜΙΑΣ COVID 19 ΣΤΗΝ ΠΕΡΙΦΕΡΕΙΑ ΘΕΣΣΑΛΙΑΣ"" ΜΕ ΚΩΔΙΚΟ ΟΠΣ 5070510 ΣΤΟ ΕΠΙΧΕΙΡΗΣΙΑΚΟ ΠΡΟΓΡΑΜΜΑ ""ΠΕΡΙΦΕΡΕΙΑΚΟ ΕΠΙΧΕΙΡΗΣΙΑΚΟ ΠΡΟΓΡΑΜΜΑ ΘΕΣΣΑΛΙΑ"" 2014 ΜΕ ΠΑΡΑΤΑΣΗ ΣΥΜΒΑΣΕΩΝ ΕΩΣ 31/12/2026 , ΣΥΜΦΩΝΑ ΜΕ ΤΟΝ Ν.5259/25, ΠΑΡ.2, ΑΡΘΡ.250",999501452,ΓΕΝΙΚΟ ΝΟΣΟΚΟΜΕΙΟ ΒΟΛΟΥ,4276.00,self-referential (payroll/EFKA/FMY remittance)
9ΟΛ34690ΒΩ-ΡΗ7,2026-07-08,"ΚΑΤΑΒΟΛΗ ΑΠΟΔΟΧΩΝ ΙΑΤΡΙΚΟΥ ΠΡΟΣΩΠΙΚΟΥ ΜΕ ΣΧΕΣΗ ΙΔΟΧ ΜΗΝΟΣ ΙΟΥΝΙΟΥ 2026 "" ΕΝΙΣΧΥΣΗ ΤΩΝ ΦΟΡΕΩΝ ΥΓΕΙΑΣ ΜΕ ΕΠΙΚΟΥΡΙΚΟ ΠΡΟΣΩΠΙΚΟ ΓΙΑ ΤΗΝ ΑΝΤΑΠΟΚΡΙΣΗ ΣΤΙΣ ΑΝΑΓΚΕΣ ΛΟΓΩ ΤΗΣ ΕΠΙΔΗΜΙΑΣ COVID 19 ΣΤΗΝ ΠΕΡΙΦΕΡΕΙΑ ΘΕΣΣΑΛΙΑΣ"" ΜΕ ΚΩΔΙΚΟ ΟΠΣ 5070510 ΣΤΟ ΕΠΙΧΕΙΡΗΣΙΑΚΟ ΠΡΟΓΡΑΜΜΑ ""ΠΕΡΙΦΕΡΕΙΑΚΟ ΕΠΙΧΕΙΡΗΣΙΑΚΟ ΠΡΟΓΡΑΜΜΑ ΘΕΣΣΑΛΙΑ"" 2014 ΜΕ ΠΑΡΑΤΑΣΗ ΣΥΜΒΑΣΕΩΝ ΕΩΣ 31/12/2026 , ΣΥΜΦΩΝΑ ΜΕ ΤΟΝ Ν.5259/25, ΠΑΡ.2, ΑΡΘΡ.250",999501452,ΓΕΝΙΚΟ ΝΟΣΟΚΟΜΕΙΟ ΒΟΛΟΥ,1070.00,self-referential (payroll/EFKA/FMY remittance)
9ΟΛ34690ΒΩ-ΡΗ7,2026-07-08,"ΚΑΤΑΒΟΛΗ ΑΠΟΔΟΧΩΝ ΙΑΤΡΙΚΟΥ ΠΡΟΣΩΠΙΚΟΥ ΜΕ ΣΧΕΣΗ ΙΔΟΧ ΜΗΝΟΣ ΙΟΥΝΙΟΥ 2026 "" ΕΝΙΣΧΥΣΗ ΤΩΝ ΦΟΡΕΩΝ ΥΓΕΙΑΣ ΜΕ ΕΠΙΚΟΥΡΙΚΟ ΠΡΟΣΩΠΙΚΟ ΓΙΑ ΤΗΝ ΑΝΤΑΠΟΚΡΙΣΗ ΣΤΙΣ ΑΝΑΓΚΕΣ ΛΟΓΩ ΤΗΣ ΕΠΙΔΗΜΙΑΣ COVID 19 ΣΤΗΝ ΠΕΡΙΦΕΡΕΙΑ ΘΕΣΣΑΛΙΑΣ"" ΜΕ ΚΩΔΙΚΟ ΟΠΣ 5070510 ΣΤΟ ΕΠΙΧΕΙΡΗΣΙΑΚΟ ΠΡΟΓΡΑΜΜΑ ""ΠΕΡΙΦΕΡΕΙΑΚΟ ΕΠΙΧΕΙΡΗΣΙΑΚΟ ΠΡΟΓΡΑΜΜΑ ΘΕΣΣΑΛΙΑ"" 2014 ΜΕ ΠΑΡΑΤΑΣΗ ΣΥΜΒΑΣΕΩΝ ΕΩΣ 31/12/2026 , ΣΥΜΦΩΝΑ ΜΕ ΤΟΝ Ν.5259/25, ΠΑΡ.2, ΑΡΘΡ.250",999501452,ΓΕΝΙΚΟ ΝΟΣΟΚΟΜΕΙΟ ΒΟΛΟΥ,1164.90,self-referential (payroll/EFKA/FMY remittance)
901Χ4690ΒΩ-ΖΝΣ,2026-07-08,ΚΑΤΑΒΟΛΗ ΑΠΟΔΟΧΩΝ ΜΗΝΟΣ ΙΟΥΝΙΟΥ 2026 ΛΟΙΠΟΥ ΕΠΙΚΟΥΡΙΚΟΥ ΠΡΟΣΩΠΙΚΟΥ ΜΕ ΣΧΕΣΗ ΕΡΓΑΣΙΑΣ ΙΔΟΧ ΣΕ ΕΦΑΡΜΟΓΗ ΤΩΝ ΔΙΑΤΑΞΕΩΝ ΤΟΥ ΑΡΘΡΟΥ 17 ΤΗΣ ΠΝΠ ΦΕΚ 55/1-3-2020 ΄΄ΚΑΤΕΠΕΙΓΟΝΤΑ ΜΕΤΡΑ ΑΝΤΙΜΕΤΩΠΙΣΗΣ ΤΩΝ ΑΡΝΗΤΙΚΩΝ ΣΥΝΕΠΕΙΩΝ ΤΗΣ ΕΜΦΑΝΙΣΗΣ COVID19 ΜΕ ΠΑΡΑΤΑΣΗ ΣΥΜΒΑΣΕΩΝ ΕΩΣ 31/12/2026 ΣΥΜΦΩΝΑ ΜΕ ΤΙΣ ΔΙΑΤΑΞΕΙΣ ΤΟΥ Ν.5259/2025 ΑΡΘΡΟ 250 ΠΑΡ. 2,999501452,ΓΕΝΙΚΟ ΝΟΣΟΚΟΜΕΙΟ ΒΟΛΟΥ,17567.93,self-referential (payroll/EFKA/FMY remittance)
901Χ4690ΒΩ-ΖΝΣ,2026-07-08,ΚΑΤΑΒΟΛΗ ΑΠΟΔΟΧΩΝ ΜΗΝΟΣ ΙΟΥΝΙΟΥ 2026 ΛΟΙΠΟΥ ΕΠΙΚΟΥΡΙΚΟΥ ΠΡΟΣΩΠΙΚΟΥ ΜΕ ΣΧΕΣΗ ΕΡΓΑΣΙΑΣ ΙΔΟΧ ΣΕ ΕΦΑΡΜΟΓΗ ΤΩΝ ΔΙΑΤΑΞΕΩΝ ΤΟΥ ΑΡΘΡΟΥ 17 ΤΗΣ ΠΝΠ ΦΕΚ 55/1-3-2020 ΄΄ΚΑΤΕΠΕΙΓΟΝΤΑ ΜΕΤΡΑ ΑΝΤΙΜΕΤΩΠΙΣΗΣ ΤΩΝ ΑΡΝΗΤΙΚΩΝ ΣΥΝΕΠΕΙΩΝ ΤΗΣ ΕΜΦΑΝΙΣΗΣ COVID19 ΜΕ ΠΑΡΑΤΑΣΗ ΣΥΜΒΑΣΕΩΝ ΕΩΣ 31/12/2026 ΣΥΜΦΩΝΑ ΜΕ ΤΙΣ ΔΙΑΤΑΞΕΙΣ ΤΟΥ Ν.5259/2025 ΑΡΘΡΟ 250 ΠΑΡ. 2,999501452,ΓΕΝΙΚΟ ΝΟΣΟΚΟΜΕΙΟ ΒΟΛΟΥ,2771.00,self-referential (payroll/EFKA/FMY remittance)
901Χ4690ΒΩ-ΖΝΣ,2026-07-08,ΚΑΤΑΒΟΛΗ ΑΠΟΔΟΧΩΝ ΜΗΝΟΣ ΙΟΥΝΙΟΥ 2026 ΛΟΙΠΟΥ ΕΠΙΚΟΥΡΙΚΟΥ ΠΡΟΣΩΠΙΚΟΥ ΜΕ ΣΧΕΣΗ ΕΡΓΑΣΙΑΣ ΙΔΟΧ ΣΕ ΕΦΑΡΜΟΓΗ ΤΩΝ ΔΙΑΤΑΞΕΩΝ ΤΟΥ ΑΡΘΡΟΥ 17 ΤΗΣ ΠΝΠ ΦΕΚ 55/1-3-2020 ΄΄ΚΑΤΕΠΕΙΓΟΝΤΑ ΜΕΤΡΑ ΑΝΤΙΜΕΤΩΠΙΣΗΣ ΤΩΝ ΑΡΝΗΤΙΚΩΝ ΣΥΝΕΠΕΙΩΝ ΤΗΣ ΕΜΦΑΝΙΣΗΣ COVID19 ΜΕ ΠΑΡΑΤΑΣΗ ΣΥΜΒΑΣΕΩΝ ΕΩΣ 31/12/2026 ΣΥΜΦΩΝΑ ΜΕ ΤΙΣ ΔΙΑΤΑΞΕΙΣ ΤΟΥ Ν.5259/2025 ΑΡΘΡΟ 250 ΠΑΡ. 2,999501452,ΓΕΝΙΚΟ ΝΟΣΟΚΟΜΕΙΟ ΒΟΛΟΥ,4684.59,self-referential (payroll/EFKA/FMY remittance)
98Ν94690ΒΩ-1ΞΖ,2026-07-08,ΚΑΤΑΒΟΛΗ ΑΠΟΔΟΧΩΝ ΜΗΝΟΣ ΙΟΥΝΙΟΥ 2026 ΙΑΤΡΙΚΟΥ ΕΠΙΚΟΥΡΙΚΟΥ ΠΡΟΣΩΠΙΚΟΥ,999501452,ΓΕΝΙΚΟ ΝΟΣΟΚΟΜΕΙΟ ΒΟΛΟΥ,19770.00,self-referential (payroll/EFKA/FMY remittance)
98Ν94690ΒΩ-1ΞΖ,2026-07-08,ΚΑΤΑΒΟΛΗ ΑΠΟΔΟΧΩΝ ΜΗΝΟΣ ΙΟΥΝΙΟΥ 2026 ΙΑΤΡΙΚΟΥ ΕΠΙΚΟΥΡΙΚΟΥ ΠΡΟΣΩΠΙΚΟΥ,999501452,ΓΕΝΙΚΟ ΝΟΣΟΚΟΜΕΙΟ ΒΟΛΟΥ,4445.00,self-referential (payroll/EFKA/FMY remittance)
98Ν94690ΒΩ-1ΞΖ,2026-07-08,ΚΑΤΑΒΟΛΗ ΑΠΟΔΟΧΩΝ ΜΗΝΟΣ ΙΟΥΝΙΟΥ 2026 ΙΑΤΡΙΚΟΥ ΕΠΙΚΟΥΡΙΚΟΥ ΠΡΟΣΩΠΙΚΟΥ,999501452,ΓΕΝΙΚΟ ΝΟΣΟΚΟΜΕΙΟ ΒΟΛΟΥ,5276.44,self-referential (payroll/EFKA/FMY remittance)
9ΙΛΨ4690ΒΩ-6Η0,2026-06-17,ΕΙΣΦΟΡΕΣ ΣΤΟΝ ΕΦΚΑ ΤΑΚΤΙΚΩΝ ΑΠΟΔΟΧΩΝ ΦΕΒΡΟΥΑΡΙΟΥ 2026 ΤΟΥ ΕΙΔΙΚΟΥ ΠΡΟΓΡΑΜΜΑΤΟΣ ΑΠΑΣΧΟΛΗΣΗΣ 1135 ΑΝΕΡΓΟΙ ΣΤΟ ΧΩΡΟ ΤΗΣ ΥΓΕΙΑΣ,999501452,ΓΕΝΙΚΟ ΝΟΣΟΚΟΜΕΙΟ ΒΟΛΟΥ,676.53,self-referential (payroll/EFKA/FMY remittance)
9ΙΟΓ4690ΒΩ-4Τ3,2026-06-17,ΕΙΣΦΟΡΕΣ ΣΤΟΝ ΕΦΚΑ ΤΑΚΤΙΚΩΝ ΑΠΟΔΟΧΩΝ ΙΑΝΟΥΑΡΙΟΥ & ΦΕΒΡΟΥΑΡΙΟΥ 2026 ΤΟΥ ΕΙΔΙΚΟΥ ΠΡΟΓΡΑΜΜΑΤΟΣ ΑΠΑΣΧΟΛΗΣΗΣ 500 ΤΡΑΥΜΑΤΙΟΦΟΡΕΩΝ,999501452,ΓΕΝΙΚΟ ΝΟΣΟΚΟΜΕΙΟ ΒΟΛΟΥ,3423.92,self-referential (payroll/EFKA/FMY remittance)
6Δ264690ΒΩ-ΣΗΑ,2026-06-11,ΠΡΟΣΘΕΤΕΣ ΑΜΟΙΒΕΣ ΛΟΙΠΟΥ ΕΠΙΚΟΥΡΙΚΟΥ ΠΡΟΣΩΠΙΚΟΥ ΜΕ ΣΧΕΣΗ ΕΡΓΑΣΙΑΣ ΙΔΟΧ ΜΗΝΟΣ ΑΠΡΙΛΙΟΥ 2026 «ΕΝΙΣΧΥΣΗ ΤΩΝ ΦΟΡΕΩΝ ΥΓΕΙΑΣ ΜΕ ΕΠΙΚΟΥΡΙΚΟ ΠΡΟΣΩΠΙΚΟ ΓΙΑ ΤΗΝ ΑΝΤΑΠΟΚΡΙΣΗ ΣΤΙΣ ΑΝΑΓΚΕΣ ΛΟΓΩ ΤΗΣ ΕΠΙΔΗΜΙΑΣ COVID-19 ΣΤΗΝ ΠΕΡΙΦΕΡΕΙΑ ΘΕΣΣΑΛΙΑΣ» ΜΕ ΚΩΔΙΚΟ ΟΠΣ 5070510 ΣΤΟ ΕΠΙΧΕΙΡΗΣΙΑΚΟ ΠΡΟΓΡΑΜΜΑ «ΠΕΡΙΦΕΡΕΙΑΚΟ ΕΠΙΧΕΙΡΗΣΙΑΚΟ ΠΡΟΓΡΑΜΜΑ ΘΕΣΣΑΛΙΑΣ 2014 ΜΕ ΠΑΡΑΤΑΣΗ ΣΥΜΒΑΣΕΩΝ ΕΩΣ 31/12/2025 ΣΥΜΦΩΝΑ ΜΕ ΤΙΣ ΔΙΑΤΑΞΕΙΣ ΤΟΥ Ν.5259/2025 ΑΡ.25 ΠΑΡ 2,999501452,ΓΕΝΙΚΟ ΝΟΣΟΚΟΜΕΙΟ ΒΟΛΟΥ,7737.41,self-referential (payroll/EFKA/FMY remittance)
Ρ4324690ΒΩ-ΑΜΟ,2026-06-11,"ΠΡΟΣΘΕΤΕΣ ΑΜΟΙΒΕΣ ΛΟΙΠΟΥ ΜΟΝΙΜΟΥ (ΔΙΟΙΚΗΤΙΚΟΥ,ΝΟΣΗΛΕΥΤΙΚΟΥ κ.λ.π.) ΠΡΟΣΩΠΙΚΟΥ ΜΗΝΟΣ ΑΠΡΙΛΙΟΥ 2026",999501452,ΓΕΝΙΚΟ ΝΟΣΟΚΟΜΕΙΟ ΒΟΛΟΥ,91794.61,self-referential (payroll/EFKA/FMY remittance)
9Γ0Γ4690ΒΩ-1ΚΠ,2026-06-11,ΠΡΟΣΘΕΤΕΣ ΑΜΟΙΒΕΣ ΛΟΙΠΟΥ ΕΠΙΚΟΥΡΙΚΟΥ ΠΡΟΣΩΠΙΚΟΥ ΙΔ.ΔΙΚΑΙΟΥ (ΑΟΡΙΣΤΟΥ - ΟΡΙΣΜΕΝΟΥ - ΑΤΟΜΙΕΚΣ ΣΥΜΒΑΣΕΙΣ ) ΜΗΝΟΣ ΑΠΡΙΛΙΟΥ 2026,999501452,ΓΕΝΙΚΟ ΝΟΣΟΚΟΜΕΙΟ ΒΟΛΟΥ,1119.48,self-referential (payroll/EFKA/FMY remittance)
9Γ0Γ4690ΒΩ-1ΚΠ,2026-06-11,ΠΡΟΣΘΕΤΕΣ ΑΜΟΙΒΕΣ ΛΟΙΠΟΥ ΕΠΙΚΟΥΡΙΚΟΥ ΠΡΟΣΩΠΙΚΟΥ ΙΔ.ΔΙΚΑΙΟΥ (ΑΟΡΙΣΤΟΥ - ΟΡΙΣΜΕΝΟΥ - ΑΤΟΜΙΕΚΣ ΣΥΜΒΑΣΕΙΣ ) ΜΗΝΟΣ ΑΠΡΙΛΙΟΥ 2026,999501452,ΓΕΝΙΚΟ ΝΟΣΟΚΟΜΕΙΟ ΒΟΛΟΥ,3959.10,self-referential (payroll/EFKA/FMY remittance)
Ρ6Π24690ΒΩ-ΚΛΓ,2026-06-11,"ΠΡΟΣΘΕΤΕΣ ΑΜΟΙΒΕΣ ΛΟΙΠΟΥ (ΔΙΟΙΚΗΤΙΚΟ,ΝΟΣΗΛΕΥΤΙΚΟ,ΤΕΧΝΙΚΟ κ.λ.π.) ΠΡΟΣΩΠΙΚΟΥ ΨΥΧΙΚΗΣ ΥΓΕΙΑΣ ΜΗΝΟΣ ΑΠΡΙΛΙΟΥ 2026",999501452,ΓΕΝΙΚΟ ΝΟΣΟΚΟΜΕΙΟ ΒΟΛΟΥ,3642.14,self-referential (payroll/EFKA/FMY remittance)
ΨΓΔΖ4690ΒΩ-ΦΟΖ,2026-06-11,ΠΡΟΣΘΕΤΕΣ ΑΜΟΙΒΕΣ ΕΙΔΙΚΕΥΟΜΕΝΩΝ ΝΟΣΗΛΕΥΤΩΝ ΜΗΝΟΣ ΑΠΡΙΛΙΟΥ 2025 ΣΥΜΦΩΝΑ ΜΕ ΤΙΣ ΔΙΑΤΑΞΕΙΣ ΤΟΥ ΑΡΘΡΟΥ 58 ΤΟΥ Ν.4690/2020 (ΦΕΚ 104/Α/30-5-2020),999501452,ΓΕΝΙΚΟ ΝΟΣΟΚΟΜΕΙΟ ΒΟΛΟΥ,2415.04,self-referential (payroll/EFKA/FMY remittance)
Ψ48Ι4690ΒΩ-90Η,2026-06-11,ΠΡΟΣΘΕΤΕΣ ΑΜΟΙΒΕΣ ΛΟΙΠΟΥ ΕΠΙΚΟΥΡΙΚΟΥ ΠΡΟΣΩΠΙΚΟΥ ΜΗΝΟΣ ΑΠΡΙΛΙΟΥ 2026,999501452,ΓΕΝΙΚΟ ΝΟΣΟΚΟΜΕΙΟ ΒΟΛΟΥ,600.13,self-referential (payroll/EFKA/FMY remittance)
ΡΩΦΡ4690ΒΩ-4ΓΛ,2026-06-11,ΠΡΟΣΘΕΤΕΣ ΑΜΟΙΒΕΣ ΛΟΙΠΟΥ ΕΠΙΚΟΥΡΙΚΟΥ ΠΡΟΣΩΠΙΚΟΥ ΑΠΡΙΛΙΟΥ 2026 ΣΥΜΦΩΝΑ ΜΕ ΤΙΣ ΔΙΑΤΑΞΕΙΣ ΤΟΥ ΠΝΠ ΤΗΣ ΠΑΡ. 2 ΑΡΘΡΟΥ 27 ΤΟΥ Ν 5161/2024 ΦΕΚ ΤΕΥΧΟΥΣ 196/29-11-2024 ΓΙΑ ΤΑ ΄΄ΚΑΤΕΠΕΙΓΟΝΤΑ ΜΕΤΡΑ ΑΝΤΙΜΕΤΩΠΙΣΗΣ ΤΩΝ ΑΡΝΗΤΙΚΩΝ ΣΥΝΕΠΕΙΩΝ ΤΗΣ ΕΜΦΑΝΙΣΗΣ COVID-19,999501452,ΓΕΝΙΚΟ ΝΟΣΟΚΟΜΕΙΟ ΒΟΛΟΥ,2323.99,self-referential (payroll/EFKA/FMY remittance)
Ρ43Ζ4690ΒΩ-Σ4Κ,2026-06-11,ΕΦΗΜΕΡΙΕΣ ΙΑΤΡΩΝ ΕΣΥ ΜΗΝΟΣ ΑΠΡΙΛΙΟΥ 2026,999501452,ΓΕΝΙΚΟ ΝΟΣΟΚΟΜΕΙΟ ΒΟΛΟΥ,103129.06,self-referential (payroll/EFKA/FMY remittance)
ΨΨΘΧ4690ΒΩ-36Β,2026-06-11,ΕΦΗΜΕΡΙΕΣ ΣΤΡΑΤΙΩΤΙΚΟΥ ΙΑΤΡΟΥ ΜΗΝΟΣ ΑΠΡΙΛΙΟΥ 2026,999501452,ΓΕΝΙΚΟ ΝΟΣΟΚΟΜΕΙΟ ΒΟΛΟΥ,1038.12,self-referential (payroll/EFKA/FMY remittance)
9Ω6Φ4690ΒΩ-ΤΘΓ,2026-06-11,ΕΦΗΜΕΡΙΕΣ ΜΕΤΑΚΙΝΟΥΜΕΝΩΝ ΙΑΤΡΩΝ ΤΟΥ Π.Ε.Δ.Υ ΓΙΑ ΚΑΛΥΨΗ ΕΦΗΜΕΡΙΩΝ ΣΤΟ ΓΝΒ ΤΟΝ ΜΗΝΑ ΑΠΡΙΛΙΟ 2026,999501452,ΓΕΝΙΚΟ ΝΟΣΟΚΟΜΕΙΟ ΒΟΛΟΥ,11567.29,self-referential (payroll/EFKA/FMY remittance)
9Ω6Φ4690ΒΩ-ΤΘΓ,2026-06-11,ΕΦΗΜΕΡΙΕΣ ΜΕΤΑΚΙΝΟΥΜΕΝΩΝ ΙΑΤΡΩΝ ΤΟΥ Π.Ε.Δ.Υ ΓΙΑ ΚΑΛΥΨΗ ΕΦΗΜΕΡΙΩΝ ΣΤΟ ΓΝΒ ΤΟΝ ΜΗΝΑ ΑΠΡΙΛΙΟ 2026,999501452,ΓΕΝΙΚΟ ΝΟΣΟΚΟΜΕΙΟ ΒΟΛΟΥ,1011.50,self-referential (payroll/EFKA/FMY remittance)
62ΚΜ4690ΒΩ-ΨΑ1,2026-06-11,ΕΦΗΜΕΡΙΕΣ ΙΑΤΡΩΝ ΨΥΧΙΚΗΣ ΥΓΕΙΑΣ ΤΟΝ ΜΗΝΑ ΑΠΡΙΛΙΟ 2026,999501452,ΓΕΝΙΚΟ ΝΟΣΟΚΟΜΕΙΟ ΒΟΛΟΥ,3259.33,self-referential (payroll/EFKA/FMY remittance)
6ΑΗΩ4690ΒΩ-1ΛΓ,2026-06-11,ΕΦΗΜΕΡΙΕΣ ΕΠΙΚΟΥΡΙΚΩΝ ΙΑΤΡΩΝ ΕΣΥ ΜΗΝΟΣ ΑΠΡΙΛΙΟΥ 2026,999501452,ΓΕΝΙΚΟ ΝΟΣΟΚΟΜΕΙΟ ΒΟΛΟΥ,7794.16,self-referential (payroll/EFKA/FMY remittance)
9ΚΜΖ4690ΒΩ-ΔΚ8,2026-06-11,ΕΦΗΜΕΡΙΕΣ ΕΙΔΙΚΕΥΟΜΕΝΩΝ ΙΑΤΡΩΝ ΜΗΝΟΣ ΑΠΡΙΛΙΟΥ 2026,999501452,ΓΕΝΙΚΟ ΝΟΣΟΚΟΜΕΙΟ ΒΟΛΟΥ,80808.44,self-referential (payroll/EFKA/FMY remittance)
ΨΨΡ04690ΒΩ-Τ33,2026-06-11,"ΕΦΗΜΕΡΙΕΣ ΙΑΤΡΙΚΟΥ ΕΠΙΚΟΥΡΙΚΟΥ ΠΡΟΣΩΠΙΚΟΥ ΜΕ ΣΧΕΣΗ ΕΡΓΑΣΙΑΣ ΙΔΟΧ ΜΗΝΟΣ AΠΡΙΛΙΟΥ 2026 «ΕΝΙΣΧΥΣΗ ΤΩΝ ΦΟΡΕΩΝ ΥΓΕΙΑΣ ΜΕ ΕΠΙΚΟΥΡΙΚΟ ΠΡΟΣΩΠΙΚΟ ΓΙΑ ΤΗΝ ΑΝΤΑΠΟΚΡΙΣΗ ΣΤΙΣ ΑΝΑΓΚΕΣ ΛΟΓΩ ΤΗΣ ΕΠΙΔΗΜΙΑΣ COVID-19 ΣΤΗΝ ΠΕΡΙΦΕΡΕΙΑ ΘΕΣΣΑΛΙΑΣ» ΜΕ ΚΩΔΙΚΟ ΟΠΣ 5070510 ΣΤΟ ΕΠΙΧΕΙΡΗΣΙΑΚΟ ΠΡΟΓΡΑΜΜΑ «ΠΕΡΙΦΕΡΕΙΑΚΟ ΕΠΙΧΕΙΡΗΣΙΑΚΟ ΠΡΟΓΡΑΜΜΑ ΘΕΣΣΑΛΙΑΣ"" 2014 ΜΕ ΠΑΡΑΤΑΣΗ ΣΥΜΒΑΣΕΩΝ ΕΩΣ 31/12/2025 ΣΥΜΦΩΝΑ ΜΕ ΤΙΣ ΔΙΑΤΑΞΕΙΣ ΤΟΥ ΝΟΜΟΥ 5161/2024 (ΦΕΚ196/29-11-2024/Τ.Α΄) ΠΑΡ.2 ΤΟΥ ΑΡΘΡΟΥ 27",999501452,ΓΕΝΙΚΟ ΝΟΣΟΚΟΜΕΙΟ ΒΟΛΟΥ,2093.54,self-referential (payroll/EFKA/FMY remittance)
98ΝΒ4690ΒΩ-ΑΦΞ,2026-06-11,ΕΦΗΜΕΡΙΕΣ ΕΠΙΣΤΗΜΟΝΙΚΟΥ ΠΡΟΣΩΠΙΚΟΥ ΜΗΝΟΣ ΑΠΡΙΛΙΟΥ 2026,999501452,ΓΕΝΙΚΟ ΝΟΣΟΚΟΜΕΙΟ ΒΟΛΟΥ,8681.59,self-referential (payroll/EFKA/FMY remittance)
ΨΤΕ04690ΒΩ-ΗΝΑ,2026-06-11,ΕΦΗΜΕΡΙΕΣ ΕΠΙΣΤΗΜΟΝΙΚΟΥ ΠΡΟΣΩΠΙΚΟΥ ΨΥΧΙΚΗΣ ΥΓΕΙΑΣ ΜΗΝΟΣ ΑΠΡΙΛΙΟΥ 2026,999501452,ΓΕΝΙΚΟ ΝΟΣΟΚΟΜΕΙΟ ΒΟΛΟΥ,3045.50,self-referential (payroll/EFKA/FMY remittance)
Ψ5ΜΒ4690ΒΩ-ΒΛΞ,2026-06-10,ΑΜΟΙΒΗ ΛΟΙΠΟΥ ΠΡΟΣΩΠΙΚΟΥ ΠΟΥ ΣΥΜΜΕΤΕΙΧΑΝ ΓΙΑ ΤΗΝ ΥΛΟΠΟΙΗΣΗ ΤΟΥ ΠΡΟΓΡΑΜΜΑΤΟΣ ΠΡΟΛΗΨΗΣ ΄΄ΣΠ. ΔΟΞΙΑΔΗΣ΄΄ (ΨΗΦΙΑΚΗ ΜΑΣΤΟΓΡΑΦΙΑ) ΤΟΥΣ ΜΗΝΕΣ ΑΥΓΟΥΣΤΟ ΕΩΣ ΝΟΕΜΒΡΙΟ 2025,999501452,ΓΕΝΙΚΟ ΝΟΣΟΚΟΜΕΙΟ ΒΟΛΟΥ,462.00,self-referential (payroll/EFKA/FMY remittance)
ΡΗΤΞ4690ΒΩ-ΑΩΟ,2026-06-10,ΑΜΟΙΒΗ ΙΑΤΡΙΚΟΥ ΠΡΟΣΩΠΙΚΟΥ ΠΟΥ ΣΥΜΜΕΤΕΙΧΑΝ ΓΙΑ ΤΗΝ ΥΛΟΠΟΙΗΣΗ ΤΟΥ ΠΡΟΓΡΑΜΜΑΤΟΣ ΠΡΟΛΗΨΗΣ ΄΄ΣΠ. ΔΟΞΙΑΔΗΣ΄΄ (ΨΗΦΙΑΚΗ ΜΑΣΤΟΓΡΑΦΙΑ) ΤΟΥΣ ΜΗΝΕΣ ΑΥΓΟΥΣΤΟ ΕΩΣ ΝΟΕΜΒΡΙΟ 2025,999501452,ΓΕΝΙΚΟ ΝΟΣΟΚΟΜΕΙΟ ΒΟΛΟΥ,1646.00,self-referential (payroll/EFKA/FMY remittance)
Ρ7ΦΘ4690ΒΩ-Β6Κ,2026-06-10,"ΚΑΤΑΒΟΛΗ ΕΚΤΑΚΤΗΣ ΟΙΚΟΝΟΜΙΚΗΣ ΕΝΙΣΧΥΣΗΣ ΕΦΗΜΕΡΙΩΝ ΙΑΤΡΩΝ ΕΣΥ ΣΥΜΦΩΝΑ ΜΕ ΤΙΣ ΔΙΑΤΑΞΕΙΣ ΤΩΝ ΑΡΘΡΩΝ 88,89 ΚΑΙ 90 ΤΟΥ Ν.4850/2021 ΦΕΚ 208/τ. Α΄ ΜΗΝΟΣ ΑΠΡΙΛΙΟΥ 2026",999501452,ΓΕΝΙΚΟ ΝΟΣΟΚΟΜΕΙΟ ΒΟΛΟΥ,4500.00,self-referential (payroll/EFKA/FMY remittance)
ΨΩ1Θ4690ΒΩ-ΤΡ3,2026-06-10,"ΑΜΟΙΒΗ ΛΟΙΠΟΥ (ΔΙΟΙΚΗΤΙΚΟ,ΝΟΣΗΛΕΥΤΙΚΟ κ.λ.π)ΠΡΟΣΩΠΙΚΟΥ ΠΟΥ ΕΡΓΑΣΤΗΚΑΝ ΣΤΑ ΟΛΟΗΜΕΡΑ ΙΑΤΡΕΙΑ ΤΟΝ ΜΗΝΑ ΑΠΡΙΛΙΟ 2026",999501452,ΓΕΝΙΚΟ ΝΟΣΟΚΟΜΕΙΟ ΒΟΛΟΥ,1340.00,self-referential (payroll/EFKA/FMY remittance)
ΡΛ6Α4690ΒΩ-3ΗΩ,2026-06-10,ΑΜΟΙΒΗ ΙΑΤΡΙΚΟΥ ΠΡΟΣΩΠΙΚΟΥ ΠΟΥ ΕΡΓΑΣΤΗΚΑΝ ΣΤΑ ΟΛΟΗΜΕΡΑ ΙΑΤΡΕΙΑ ΤΟΝ ΜΗΝΑ ΑΠΡΙΛΙΟ 202,999501452,ΓΕΝΙΚΟ ΝΟΣΟΚΟΜΕΙΟ ΒΟΛΟΥ,1243.20,self-referential (payroll/EFKA/FMY remittance)
ΨΗΓΠ4690ΒΩ-ΣΝ1,2026-06-10,ΗΜΕΡΗΣΙΑ ΑΠΟΖΗΜΙΩΣΗ ΓΙΑ ΠΡΟΓΡΑΜΜΑΤΙΣΜΕΝΕΣ ΜΕΤΑΚΙΝΗΣΕΙΣ ΤΗΣ ΚΙΝΗΤΗΣ ΜΟΝΑΔΑΣ ΑΙΜΟΔΟΣΙΑΣ ΓΙΑ ΑΙΜΟΛΗΨΙΕΣ ΣΤΙΣ ΣΠΟΡΑΔΕΣ (ΑΛΟΝΝΗΣΟ) 27/5/2026 ΕΩΣ 29/5/2026,999501452,ΓΕΝΙΚΟ ΝΟΣΟΚΟΜΕΙΟ ΒΟΛΟΥ,360.00,self-referential (payroll/EFKA/FMY remittance)
9Ο7Η4690ΒΩ-ΙΕ1,2026-06-10,ΗΜΕΡΗΣΙΑ ΑΠΟΖΗΜΙΩΣΗ ΓΙΑ ΠΡΟΓΡΑΜΜΑΤΙΣΜΕΝΕΣ ΜΕΤΑΚΙΝΗΣΕΙΣ ΤΗΣ ΚΙΝΗΤΗΣ ΜΟΝΑΔΑΣ ΓΙΑ ΑΙΜΟΛΗΨΙΕΣ ΣΤΟ ΤΡΙΚΕΡΙ 7/5/2026,999501452,ΓΕΝΙΚΟ ΝΟΣΟΚΟΜΕΙΟ ΒΟΛΟΥ,20.00,self-referential (payroll/EFKA/FMY remittance)
9Β774690ΒΩ-Ι20,2026-06-04,ΚΑΤΑΒΟΛΗ ΑΠΟΔΟΧΩΝ ΜΗΝΟΣ ΜΑΪ ΟΥ 2026 ΣΕ ΠΡΟΣΩΠΙΚΟ ΠΟΥ ΥΠΗΡΕΤΕΙ ΜΕΣΩ ΠΡΟΓΡΑΜΜΑΤΟΣ ΟΑΕΔ ΗΛΙΚΙΑΣ 55-67 ΣΥΜΦΩΝΑ ΜΕ ΤΗΝ 1η ΤΡΟΠΟΠΟΙΗΣΗ ΤΗΣ ΔΗΜΟΣΙΑΣ ΠΡΟΣΚΛΗΣΗΣ Νο11/2017 ΤΟΥ ΟΑΕΔ ΠΔΕ ΣΥΓΧΡΗΜΑΤΟΔΟΤΟΥΜΕΝΟ,999501452,ΓΕΝΙΚΟ ΝΟΣΟΚΟΜΕΙΟ ΒΟΛΟΥ,17587.45,self-referential (payroll/EFKA/FMY remittance)
9Β774690ΒΩ-Ι20,2026-06-04,ΚΑΤΑΒΟΛΗ ΑΠΟΔΟΧΩΝ ΜΗΝΟΣ ΜΑΪ ΟΥ 2026 ΣΕ ΠΡΟΣΩΠΙΚΟ ΠΟΥ ΥΠΗΡΕΤΕΙ ΜΕΣΩ ΠΡΟΓΡΑΜΜΑΤΟΣ ΟΑΕΔ ΗΛΙΚΙΑΣ 55-67 ΣΥΜΦΩΝΑ ΜΕ ΤΗΝ 1η ΤΡΟΠΟΠΟΙΗΣΗ ΤΗΣ ΔΗΜΟΣΙΑΣ ΠΡΟΣΚΛΗΣΗΣ Νο11/2017 ΤΟΥ ΟΑΕΔ ΠΔΕ ΣΥΓΧΡΗΜΑΤΟΔΟΤΟΥΜΕΝΟ,999501452,ΓΕΝΙΚΟ ΝΟΣΟΚΟΜΕΙΟ ΒΟΛΟΥ,1809.49,self-referential (payroll/EFKA/FMY remittance)
9Β774690ΒΩ-Ι20,2026-06-04,ΚΑΤΑΒΟΛΗ ΑΠΟΔΟΧΩΝ ΜΗΝΟΣ ΜΑΪ ΟΥ 2026 ΣΕ ΠΡΟΣΩΠΙΚΟ ΠΟΥ ΥΠΗΡΕΤΕΙ ΜΕΣΩ ΠΡΟΓΡΑΜΜΑΤΟΣ ΟΑΕΔ ΗΛΙΚΙΑΣ 55-67 ΣΥΜΦΩΝΑ ΜΕ ΤΗΝ 1η ΤΡΟΠΟΠΟΙΗΣΗ ΤΗΣ ΔΗΜΟΣΙΑΣ ΠΡΟΣΚΛΗΣΗΣ Νο11/2017 ΤΟΥ ΟΑΕΔ ΠΔΕ ΣΥΓΧΡΗΜΑΤΟΔΟΤΟΥΜΕΝΟ,999501452,ΓΕΝΙΚΟ ΝΟΣΟΚΟΜΕΙΟ ΒΟΛΟΥ,4473.12,self-referential (payroll/EFKA/FMY remittance)
63ΧΩ4690ΒΩ-ΙΛΖ,2026-06-04,ΚΑΤΑΒΟΛΗ ΑΠΟΔΟΧΩΝ ΜΗΝΟΣ ΜΑΪΟΥ 2026 ΙΑΤΡΙΚΟΥ ΕΠΙΚΟΥΡΙΚΟΥ ΠΡΟΣΩΠΙΚΟΥ,999501452,ΓΕΝΙΚΟ ΝΟΣΟΚΟΜΕΙΟ ΒΟΛΟΥ,18559.66,self-referential (payroll/EFKA/FMY remittance)
63ΧΩ4690ΒΩ-ΙΛΖ,2026-06-04,ΚΑΤΑΒΟΛΗ ΑΠΟΔΟΧΩΝ ΜΗΝΟΣ ΜΑΪΟΥ 2026 ΙΑΤΡΙΚΟΥ ΕΠΙΚΟΥΡΙΚΟΥ ΠΡΟΣΩΠΙΚΟΥ,999501452,ΓΕΝΙΚΟ ΝΟΣΟΚΟΜΕΙΟ ΒΟΛΟΥ,3925.00,self-referential (payroll/EFKA/FMY remittance)
63ΧΩ4690ΒΩ-ΙΛΖ,2026-06-04,ΚΑΤΑΒΟΛΗ ΑΠΟΔΟΧΩΝ ΜΗΝΟΣ ΜΑΪΟΥ 2026 ΙΑΤΡΙΚΟΥ ΕΠΙΚΟΥΡΙΚΟΥ ΠΡΟΣΩΠΙΚΟΥ,999501452,ΓΕΝΙΚΟ ΝΟΣΟΚΟΜΕΙΟ ΒΟΛΟΥ,4899.39,self-referential (payroll/EFKA/FMY remittance)
ΡΔΞΣ4690ΒΩ-ΗΟΞ,2026-06-04,ΚΑΤΑΒΟΛΗ ΑΠΟΔΟΧΩΝ ΜΗΝΟΣ ΜΑΪΟΥ 2025 ΣΕ ΠΡΟΣΩΠΙΚΟ ΠΟΥ ΥΠΗΡΕΤΕΙ ΜΕΣΩ ΠΡΟΓΡΑΜΜΑΤΟΣ ΟΑΕΔ ΗΛΙΚΙΑΣ 55-67 ΣΥΜΦΩΝΑ ΜΕ ΤΗΝ 1η ΤΡΟΠΟΠΟΙΗΣΗ ΤΗΣ ΔΗΜΟΣΙΑΣ ΠΡΟΣΚΛΗΣΗΣ Νο11/2017 ΤΟΥ ΟΑΕΔ,999501452,ΓΕΝΙΚΟ ΝΟΣΟΚΟΜΕΙΟ ΒΟΛΟΥ,8047.62,self-referential (payroll/EFKA/FMY remittance)
ΡΔΞΣ4690ΒΩ-ΗΟΞ,2026-06-04,ΚΑΤΑΒΟΛΗ ΑΠΟΔΟΧΩΝ ΜΗΝΟΣ ΜΑΪΟΥ 2025 ΣΕ ΠΡΟΣΩΠΙΚΟ ΠΟΥ ΥΠΗΡΕΤΕΙ ΜΕΣΩ ΠΡΟΓΡΑΜΜΑΤΟΣ ΟΑΕΔ ΗΛΙΚΙΑΣ 55-67 ΣΥΜΦΩΝΑ ΜΕ ΤΗΝ 1η ΤΡΟΠΟΠΟΙΗΣΗ ΤΗΣ ΔΗΜΟΣΙΑΣ ΠΡΟΣΚΛΗΣΗΣ Νο11/2017 ΤΟΥ ΟΑΕΔ,999501452,ΓΕΝΙΚΟ ΝΟΣΟΚΟΜΕΙΟ ΒΟΛΟΥ,774.84,self-referential (payroll/EFKA/FMY remittance)
ΡΔΞΣ4690ΒΩ-ΗΟΞ,2026-06-04,ΚΑΤΑΒΟΛΗ ΑΠΟΔΟΧΩΝ ΜΗΝΟΣ ΜΑΪΟΥ 2025 ΣΕ ΠΡΟΣΩΠΙΚΟ ΠΟΥ ΥΠΗΡΕΤΕΙ ΜΕΣΩ ΠΡΟΓΡΑΜΜΑΤΟΣ ΟΑΕΔ ΗΛΙΚΙΑΣ 55-67 ΣΥΜΦΩΝΑ ΜΕ ΤΗΝ 1η ΤΡΟΠΟΠΟΙΗΣΗ ΤΗΣ ΔΗΜΟΣΙΑΣ ΠΡΟΣΚΛΗΣΗΣ Νο11/2017 ΤΟΥ ΟΑΕΔ,999501452,ΓΕΝΙΚΟ ΝΟΣΟΚΟΜΕΙΟ ΒΟΛΟΥ,2018.03,self-referential (payroll/EFKA/FMY remittance)
ΨΓΚΔ4690ΒΩ-ΘΣ6,2026-06-04,ΚΑΤΑΒΟΛΗ ΑΠΟΔΟΧΩΝ ΛΟΙΠΟΥ ΕΠΙΚΟΥΡΙΚΟΥ ΠΡΟΣΩΠΙΚΟΥ ΜΕ ΣΧΕΣΗ ΕΡΓΑΣΙΑΣ ΙΔΟΧ ΜΗΝΟΣ ΜΑΪΟΥ 2026 «ΕΝΙΣΧΥΣΗ ΤΩΝ ΦΟΡΕΩΝ ΥΓΕΙΑΣ ΜΕ ΕΠΙΚΟΥΡΙΚΟ ΠΡΟΣΩΠΙΚΟ ΓΙΑ ΤΗΝ ΑΝΤΑΠΟΚΡΙΣΗ ΣΤΙΣ ΑΝΑΓΚΕΣ ΛΟΓΩ ΤΗΣ ΕΠΙΔΗΜΙΑΣ COVID-19 ΣΤΗΝ ΠΕΡΙΦΕΡΕΙΑ ΘΕΣΣΑΛΙΑΣ» ΜΕ ΚΩΔΙΚΟ ΟΠΣ 5070510 ΣΤΟ ΕΠΙΧΕΙΡΗΣΙΑΚΟ ΠΡΟΓΡΑΜΜΑ «ΠΕΡΙΦΕΡΕΙΑΚΟ ΕΠΙΧΕΙΡΗΣΙΑΚΟ ΠΡΟΓΡΑΜΜΑ ΘΕΣΣΑΛΙΑΣ 2014 ΜΕ ΠΑΡΑΤΑΣΗ ΣΥΜΒΑΣΕΩΝ ΕΩΣ 31/12/2026 ΣΥΜΦΩΝΑ ΜΕ ΤΙΣ ΔΙΑΤΑΞΕΙΣ ΤΟΥ Ν.5259/2025 ΑΡΘΡΟ 250 ΠΑΡ. 2,999501452,ΓΕΝΙΚΟ ΝΟΣΟΚΟΜΕΙΟ ΒΟΛΟΥ,47268.69,self-referential (payroll/EFKA/FMY remittance)
ΨΓΚΔ4690ΒΩ-ΘΣ6,2026-06-04,ΚΑΤΑΒΟΛΗ ΑΠΟΔΟΧΩΝ ΛΟΙΠΟΥ ΕΠΙΚΟΥΡΙΚΟΥ ΠΡΟΣΩΠΙΚΟΥ ΜΕ ΣΧΕΣΗ ΕΡΓΑΣΙΑΣ ΙΔΟΧ ΜΗΝΟΣ ΜΑΪΟΥ 2026 «ΕΝΙΣΧΥΣΗ ΤΩΝ ΦΟΡΕΩΝ ΥΓΕΙΑΣ ΜΕ ΕΠΙΚΟΥΡΙΚΟ ΠΡΟΣΩΠΙΚΟ ΓΙΑ ΤΗΝ ΑΝΤΑΠΟΚΡΙΣΗ ΣΤΙΣ ΑΝΑΓΚΕΣ ΛΟΓΩ ΤΗΣ ΕΠΙΔΗΜΙΑΣ COVID-19 ΣΤΗΝ ΠΕΡΙΦΕΡΕΙΑ ΘΕΣΣΑΛΙΑΣ» ΜΕ ΚΩΔΙΚΟ ΟΠΣ 5070510 ΣΤΟ ΕΠΙΧΕΙΡΗΣΙΑΚΟ ΠΡΟΓΡΑΜΜΑ «ΠΕΡΙΦΕΡΕΙΑΚΟ ΕΠΙΧΕΙΡΗΣΙΑΚΟ ΠΡΟΓΡΑΜΜΑ ΘΕΣΣΑΛΙΑΣ 2014 ΜΕ ΠΑΡΑΤΑΣΗ ΣΥΜΒΑΣΕΩΝ ΕΩΣ 31/12/2026 ΣΥΜΦΩΝΑ ΜΕ ΤΙΣ ΔΙΑΤΑΞΕΙΣ ΤΟΥ Ν.5259/2025 ΑΡΘΡΟ 250 ΠΑΡ. 2,999501452,ΓΕΝΙΚΟ ΝΟΣΟΚΟΜΕΙΟ ΒΟΛΟΥ,9026.67,self-referential (payroll/EFKA/FMY remittance)
ΨΓΚΔ4690ΒΩ-ΘΣ6,2026-06-04,ΚΑΤΑΒΟΛΗ ΑΠΟΔΟΧΩΝ ΛΟΙΠΟΥ ΕΠΙΚΟΥΡΙΚΟΥ ΠΡΟΣΩΠΙΚΟΥ ΜΕ ΣΧΕΣΗ ΕΡΓΑΣΙΑΣ ΙΔΟΧ ΜΗΝΟΣ ΜΑΪΟΥ 2026 «ΕΝΙΣΧΥΣΗ ΤΩΝ ΦΟΡΕΩΝ ΥΓΕΙΑΣ ΜΕ ΕΠΙΚΟΥΡΙΚΟ ΠΡΟΣΩΠΙΚΟ ΓΙΑ ΤΗΝ ΑΝΤΑΠΟΚΡΙΣΗ ΣΤΙΣ ΑΝΑΓΚΕΣ ΛΟΓΩ ΤΗΣ ΕΠΙΔΗΜΙΑΣ COVID-19 ΣΤΗΝ ΠΕΡΙΦΕΡΕΙΑ ΘΕΣΣΑΛΙΑΣ» ΜΕ ΚΩΔΙΚΟ ΟΠΣ 5070510 ΣΤΟ ΕΠΙΧΕΙΡΗΣΙΑΚΟ ΠΡΟΓΡΑΜΜΑ «ΠΕΡΙΦΕΡΕΙΑΚΟ ΕΠΙΧΕΙΡΗΣΙΑΚΟ ΠΡΟΓΡΑΜΜΑ ΘΕΣΣΑΛΙΑΣ 2014 ΜΕ ΠΑΡΑΤΑΣΗ ΣΥΜΒΑΣΕΩΝ ΕΩΣ 31/12/2026 ΣΥΜΦΩΝΑ ΜΕ ΤΙΣ ΔΙΑΤΑΞΕΙΣ ΤΟΥ Ν.5259/2025 ΑΡΘΡΟ 250 ΠΑΡ. 2,999501452,ΓΕΝΙΚΟ ΝΟΣΟΚΟΜΕΙΟ ΒΟΛΟΥ,13408.21,self-referential (payroll/EFKA/FMY remittance)
ΨΡΤΘ4690ΒΩ-2Ν3,2026-06-04,"ΚΑΤΑΒΟΛΗ ΑΠΟΔΟΧΩΝ ΙΑΤΡΙΚΟΥ ΠΡΟΣΩΠΙΚΟΥ ΜΕ ΣΧΕΣΗ ΙΔΟΧ ΜΗΝΟΣ ΜΑΪΟΥ 2026 "" ΕΝΙΣΧΥΣΗ ΤΩΝ ΦΟΡΕΩΝ ΥΓΕΙΑΣ ΜΕ ΕΠΙΚΟΥΡΙΚΟ ΠΡΟΣΩΠΙΚΟ ΓΙΑ ΤΗΝ ΑΝΤΑΠΟΚΡΙΣΗ ΣΤΙΣ ΑΝΑΓΚΕΣ ΛΟΓΩ ΤΗΣ ΕΠΙΔΗΜΙΑΣ COVID 19 ΣΤΗΝ ΠΕΡΙΦΕΡΕΙΑ ΘΕΣΣΑΛΙΑΣ"" ΜΕ ΚΩΔΙΚΟ ΟΠΣ 5070510 ΣΤΟ ΕΠΙΧΕΙΡΗΣΙΑΚΟ ΠΡΟΓΡΑΜΜΑ ""ΠΕΡΙΦΕΡΕΙΑΚΟ ΕΠΙΧΕΙΡΗΣΙΑΚΟ ΠΡΟΓΡΑΜΜΑ ΘΕΣΣΑΛΙΑ"" 2014 ΜΕ ΠΑΡΑΤΑΣΗ ΣΥΜΒΑΣΕΩΝ ΕΩΣ 31/12/2026 , ΣΥΜΦΩΝΑ ΜΕ ΤΟΝ Ν.5259/25, ΠΑΡ.2, ΑΡΘΡ.250",999501452,ΓΕΝΙΚΟ ΝΟΣΟΚΟΜΕΙΟ ΒΟΛΟΥ,4276.00,self-referential (payroll/EFKA/FMY remittance)
ΨΡΤΘ4690ΒΩ-2Ν3,2026-06-04,"ΚΑΤΑΒΟΛΗ ΑΠΟΔΟΧΩΝ ΙΑΤΡΙΚΟΥ ΠΡΟΣΩΠΙΚΟΥ ΜΕ ΣΧΕΣΗ ΙΔΟΧ ΜΗΝΟΣ ΜΑΪΟΥ 2026 "" ΕΝΙΣΧΥΣΗ ΤΩΝ ΦΟΡΕΩΝ ΥΓΕΙΑΣ ΜΕ ΕΠΙΚΟΥΡΙΚΟ ΠΡΟΣΩΠΙΚΟ ΓΙΑ ΤΗΝ ΑΝΤΑΠΟΚΡΙΣΗ ΣΤΙΣ ΑΝΑΓΚΕΣ ΛΟΓΩ ΤΗΣ ΕΠΙΔΗΜΙΑΣ COVID 19 ΣΤΗΝ ΠΕΡΙΦΕΡΕΙΑ ΘΕΣΣΑΛΙΑΣ"" ΜΕ ΚΩΔΙΚΟ ΟΠΣ 5070510 ΣΤΟ ΕΠΙΧΕΙΡΗΣΙΑΚΟ ΠΡΟΓΡΑΜΜΑ ""ΠΕΡΙΦΕΡΕΙΑΚΟ ΕΠΙΧΕΙΡΗΣΙΑΚΟ ΠΡΟΓΡΑΜΜΑ ΘΕΣΣΑΛΙΑ"" 2014 ΜΕ ΠΑΡΑΤΑΣΗ ΣΥΜΒΑΣΕΩΝ ΕΩΣ 31/12/2026 , ΣΥΜΦΩΝΑ ΜΕ ΤΟΝ Ν.5259/25, ΠΑΡ.2, ΑΡΘΡ.250",999501452,ΓΕΝΙΚΟ ΝΟΣΟΚΟΜΕΙΟ ΒΟΛΟΥ,1070.00,self-referential (payroll/EFKA/FMY remittance)
ΨΡΤΘ4690ΒΩ-2Ν3,2026-06-04,"ΚΑΤΑΒΟΛΗ ΑΠΟΔΟΧΩΝ ΙΑΤΡΙΚΟΥ ΠΡΟΣΩΠΙΚΟΥ ΜΕ ΣΧΕΣΗ ΙΔΟΧ ΜΗΝΟΣ ΜΑΪΟΥ 2026 "" ΕΝΙΣΧΥΣΗ ΤΩΝ ΦΟΡΕΩΝ ΥΓΕΙΑΣ ΜΕ ΕΠΙΚΟΥΡΙΚΟ ΠΡΟΣΩΠΙΚΟ ΓΙΑ ΤΗΝ ΑΝΤΑΠΟΚΡΙΣΗ ΣΤΙΣ ΑΝΑΓΚΕΣ ΛΟΓΩ ΤΗΣ ΕΠΙΔΗΜΙΑΣ COVID 19 ΣΤΗΝ ΠΕΡΙΦΕΡΕΙΑ ΘΕΣΣΑΛΙΑΣ"" ΜΕ ΚΩΔΙΚΟ ΟΠΣ 5070510 ΣΤΟ ΕΠΙΧΕΙΡΗΣΙΑΚΟ ΠΡΟΓΡΑΜΜΑ ""ΠΕΡΙΦΕΡΕΙΑΚΟ ΕΠΙΧΕΙΡΗΣΙΑΚΟ ΠΡΟΓΡΑΜΜΑ ΘΕΣΣΑΛΙΑ"" 2014 ΜΕ ΠΑΡΑΤΑΣΗ ΣΥΜΒΑΣΕΩΝ ΕΩΣ 31/12/2026 , ΣΥΜΦΩΝΑ ΜΕ ΤΟΝ Ν.5259/25, ΠΑΡ.2, ΑΡΘΡ.250",999501452,ΓΕΝΙΚΟ ΝΟΣΟΚΟΜΕΙΟ ΒΟΛΟΥ,1164.90,self-referential (payroll/EFKA/FMY remittance)
9ΦΗΠ4690ΒΩ-ΠΔ0,2026-06-04,"ΚΑΤΑΒΟΛΗ ΑΠΟΔΟΧΩΝ ΛΟΙΠΟΥ ΕΠΙΚΟΥΡΙΚΟΥ ΠΡΟΣΩΠΙΚΟΥ ΜΗΝΟΣ ΜΑΪΟΥ 2026 ΜΕ ΠΑΡΑΤΑΣΗ ΣΥΜΒΑΣΕΩΝ ΕΩΣ 31/12/2026 , ΣΥΜΦΩΝΑ ΜΕ ΤΟΝ Ν.5259/25, ΠΑΡ.2, ΑΡΘΡ.250",999501452,ΓΕΝΙΚΟ ΝΟΣΟΚΟΜΕΙΟ ΒΟΛΟΥ,3582.00,self-referential (payroll/EFKA/FMY remittance)
9ΦΗΠ4690ΒΩ-ΠΔ0,2026-06-04,"ΚΑΤΑΒΟΛΗ ΑΠΟΔΟΧΩΝ ΛΟΙΠΟΥ ΕΠΙΚΟΥΡΙΚΟΥ ΠΡΟΣΩΠΙΚΟΥ ΜΗΝΟΣ ΜΑΪΟΥ 2026 ΜΕ ΠΑΡΑΤΑΣΗ ΣΥΜΒΑΣΕΩΝ ΕΩΣ 31/12/2026 , ΣΥΜΦΩΝΑ ΜΕ ΤΟΝ Ν.5259/25, ΠΑΡ.2, ΑΡΘΡ.250",999501452,ΓΕΝΙΚΟ ΝΟΣΟΚΟΜΕΙΟ ΒΟΛΟΥ,875.00,self-referential (payroll/EFKA/FMY remittance)
9ΦΗΠ4690ΒΩ-ΠΔ0,2026-06-04,"ΚΑΤΑΒΟΛΗ ΑΠΟΔΟΧΩΝ ΛΟΙΠΟΥ ΕΠΙΚΟΥΡΙΚΟΥ ΠΡΟΣΩΠΙΚΟΥ ΜΗΝΟΣ ΜΑΪΟΥ 2026 ΜΕ ΠΑΡΑΤΑΣΗ ΣΥΜΒΑΣΕΩΝ ΕΩΣ 31/12/2026 , ΣΥΜΦΩΝΑ ΜΕ ΤΟΝ Ν.5259/25, ΠΑΡ.2, ΑΡΘΡ.250",999501452,ΓΕΝΙΚΟ ΝΟΣΟΚΟΜΕΙΟ ΒΟΛΟΥ,1067.01,self-referential (payroll/EFKA/FMY remittance)
Ρ1ΟΨ4690ΒΩ-ΑΙΠ,2026-06-04,ΚΑΤΑΒΟΛΗ ΑΠΟΔΟΧΩΝ ΜΗΝΟΣ ΜΑΪΟΥ 2026 ΛΟΙΠΟΥ ΕΠΙΚΟΥΡΙΚΟΥ ΠΡΟΣΩΠΙΚΟΥ ΜΕ ΣΧΕΣΗ ΕΡΓΑΣΙΑΣ ΙΔΟΧ ΣΕ ΕΦΑΡΜΟΓΗ ΤΩΝ ΔΙΑΤΑΞΕΩΝ ΤΟΥ ΑΡΘΡΟΥ 17 ΤΗΣ ΠΝΠ ΦΕΚ 55/1-3-2020 ΄΄ΚΑΤΕΠΕΙΓΟΝΤΑ ΜΕΤΡΑ ΑΝΤΙΜΕΤΩΠΙΣΗΣ ΤΩΝ ΑΡΝΗΤΙΚΩΝ ΣΥΝΕΠΕΙΩΝ ΤΗΣ ΕΜΦΑΝΙΣΗΣ COVID19 ΜΕ ΠΑΡΑΤΑΣΗ ΣΥΜΒΑΣΕΩΝ ΕΩΣ 31/12/2026 ΣΥΜΦΩΝΑ ΜΕ ΤΙΣ ΔΙΑΤΑΞΕΙΣ ΤΟΥ Ν.5259/2025 ΑΡΘΡΟ 250 ΠΑΡ. 2,999501452,ΓΕΝΙΚΟ ΝΟΣΟΚΟΜΕΙΟ ΒΟΛΟΥ,17878.87,self-referential (payroll/EFKA/FMY remittance)
Ρ1ΟΨ4690ΒΩ-ΑΙΠ,2026-06-04,ΚΑΤΑΒΟΛΗ ΑΠΟΔΟΧΩΝ ΜΗΝΟΣ ΜΑΪΟΥ 2026 ΛΟΙΠΟΥ ΕΠΙΚΟΥΡΙΚΟΥ ΠΡΟΣΩΠΙΚΟΥ ΜΕ ΣΧΕΣΗ ΕΡΓΑΣΙΑΣ ΙΔΟΧ ΣΕ ΕΦΑΡΜΟΓΗ ΤΩΝ ΔΙΑΤΑΞΕΩΝ ΤΟΥ ΑΡΘΡΟΥ 17 ΤΗΣ ΠΝΠ ΦΕΚ 55/1-3-2020 ΄΄ΚΑΤΕΠΕΙΓΟΝΤΑ ΜΕΤΡΑ ΑΝΤΙΜΕΤΩΠΙΣΗΣ ΤΩΝ ΑΡΝΗΤΙΚΩΝ ΣΥΝΕΠΕΙΩΝ ΤΗΣ ΕΜΦΑΝΙΣΗΣ COVID19 ΜΕ ΠΑΡΑΤΑΣΗ ΣΥΜΒΑΣΕΩΝ ΕΩΣ 31/12/2026 ΣΥΜΦΩΝΑ ΜΕ ΤΙΣ ΔΙΑΤΑΞΕΙΣ ΤΟΥ Ν.5259/2025 ΑΡΘΡΟ 250 ΠΑΡ. 2,999501452,ΓΕΝΙΚΟ ΝΟΣΟΚΟΜΕΙΟ ΒΟΛΟΥ,2840.33,self-referential (payroll/EFKA/FMY remittance)
Ρ1ΟΨ4690ΒΩ-ΑΙΠ,2026-06-04,ΚΑΤΑΒΟΛΗ ΑΠΟΔΟΧΩΝ ΜΗΝΟΣ ΜΑΪΟΥ 2026 ΛΟΙΠΟΥ ΕΠΙΚΟΥΡΙΚΟΥ ΠΡΟΣΩΠΙΚΟΥ ΜΕ ΣΧΕΣΗ ΕΡΓΑΣΙΑΣ ΙΔΟΧ ΣΕ ΕΦΑΡΜΟΓΗ ΤΩΝ ΔΙΑΤΑΞΕΩΝ ΤΟΥ ΑΡΘΡΟΥ 17 ΤΗΣ ΠΝΠ ΦΕΚ 55/1-3-2020 ΄΄ΚΑΤΕΠΕΙΓΟΝΤΑ ΜΕΤΡΑ ΑΝΤΙΜΕΤΩΠΙΣΗΣ ΤΩΝ ΑΡΝΗΤΙΚΩΝ ΣΥΝΕΠΕΙΩΝ ΤΗΣ ΕΜΦΑΝΙΣΗΣ COVID19 ΜΕ ΠΑΡΑΤΑΣΗ ΣΥΜΒΑΣΕΩΝ ΕΩΣ 31/12/2026 ΣΥΜΦΩΝΑ ΜΕ ΤΙΣ ΔΙΑΤΑΞΕΙΣ ΤΟΥ Ν.5259/2025 ΑΡΘΡΟ 250 ΠΑΡ. 2,999501452,ΓΕΝΙΚΟ ΝΟΣΟΚΟΜΕΙΟ ΒΟΛΟΥ,4789.39,self-referential (payroll/EFKA/FMY remittance)
ΨΙΟΑ4690ΒΩ-4ΙΡ,2026-06-04,ΕΦΗΜΕΡΙΕΣ (ΥΠΕΡΒΑΛΛΟΥΣΕΣ) ΙΑΤΡΙΚΟΥ ΕΠΙΚΟΥΡΙΚΟΥ ΠΡΟΣΩΠΙΚΟΥ ΜΕ ΣΧΕΣΗ ΕΡΓΑΣΙΑΣ ΙΔΟΧ ΜΗΝΟΣ ΦΕΒΡΟΥΑΡΙΟΥ 2026 «ΕΝΙΣΧΥΣΗ ΤΩΝ ΦΟΡΕΩΝ ΥΓΕΙΑΣ ΜΕ ΕΠΙΚΟΥΡΙΚΟ ΠΡΟΣΩΠΙΚΟ ΓΙΑ ΤΗΝ ΑΝΤΑΠΟΚΡΙΣΗ ΣΤΙΣ ΑΝΑΓΚΕΣ ΛΟΓΩ ΤΗΣ ΕΠΙΔΗΜΙΑΣ COVID-19 ΣΤΗΝ ΠΕΡΙΦΕΡΕΙΑ ΘΕΣΣΑΛΙΑΣ» ΜΕ ΚΩΔΙΚΟ ΟΠΣ 5070510 ΣΤΟ ΕΠΙΧΕΙΡΗΣΙΑΚΟ ΠΡΟΓΡΑΜΜΑ «ΠΕΡΙΦΕΡΕΙΑΚΟ ΕΠΙΧΕΙΡΗΣΙΑΚΟ ΠΡΟΓΡΑΜΜΑ ΘΕΣΣΑΛΙΑΣ 2014 ΜΕ ΠΑΡΑΤΑΣΗ ΣΥΜΒΑΣΕΩΝ ΕΩΣ 31/12/2024 ΣΥΜΦΩΝΑ ΜΕ ΤΙΣ ΔΙΑΤΑΞΕΙΣ ΤΟΥ Ν.5079/2023 (ΦΕΚ 215/22-12-2023/τ.Α΄) ΑΡΘΡΟ 70 ΠΑΡ.,999501452,ΓΕΝΙΚΟ ΝΟΣΟΚΟΜΕΙΟ ΒΟΛΟΥ,111.24,self-referential (payroll/EFKA/FMY remittance)
Ρ19Β4690ΒΩ-ΠΨ8,2026-06-04,ΕΦΗΜΕΡΙΕΣ (ΥΠΕΡΒΑΛΛΟΥΣΕΣ) ΙΑΤΡΙΚΟΥ ΠΡΟΣΩΠΙΚΟΥ ΜΗΝΟΣ ΜΑΡΤΙΟΥ 2026,999501452,ΓΕΝΙΚΟ ΝΟΣΟΚΟΜΕΙΟ ΒΟΛΟΥ,33402.95,self-referential (payroll/EFKA/FMY remittance)
Ψ2ΦΓ4690ΒΩ-4ΘΡ,2026-06-04,ΕΦΗΜΕΡΙΕΣ (ΥΠΕΡΒΑΛΛΟΥΣΕΣ) ΙΑΤΡΙΚΟΥ ΕΠΙΚΟΥΡΙΚΟΥ ΠΡΟΣΩΠΙΚΟΥ ΜΕ ΣΧΕΣΗ ΕΡΓΑΣΙΑΣ ΙΔΟΧ ΜΗΝΟΣ ΜΑΡΤΙΟΥ 2026 «ΕΝΙΣΧΥΣΗ ΤΩΝ ΦΟΡΕΩΝ ΥΓΕΙΑΣ ΜΕ ΕΠΙΚΟΥΡΙΚΟ ΠΡΟΣΩΠΙΚΟ ΓΙΑ ΤΗΝ ΑΝΤΑΠΟΚΡΙΣΗ ΣΤΙΣ ΑΝΑΓΚΕΣ ΛΟΓΩ ΤΗΣ ΕΠΙΔΗΜΙΑΣ COVID-19 ΣΤΗΝ ΠΕΡΙΦΕΡΕΙΑ ΘΕΣΣΑΛΙΑΣ» ΜΕ ΚΩΔΙΚΟ ΟΠΣ 5070510 ΣΤΟ ΕΠΙΧΕΙΡΗΣΙΑΚΟ ΠΡΟΓΡΑΜΜΑ «ΠΕΡΙΦΕΡΕΙΑΚΟ ΕΠΙΧΕΙΡΗΣΙΑΚΟ ΠΡΟΓΡΑΜΜΑ ΘΕΣΣΑΛΙΑΣ 2014 ΜΕ ΠΑΡΑΤΑΣΗ ΣΥΜΒΑΣΕΩΝ ΕΩΣ 31/12/2024 ΣΥΜΦΩΝΑ ΜΕ ΤΙΣ ΔΙΑΤΑΞΕΙΣ ΤΟΥ Ν.5079/2023 (ΦΕΚ 215/22-12-2023/τ.Α΄) ΑΡΘΡΟ 70 ΠΑΡ.,999501452,ΓΕΝΙΚΟ ΝΟΣΟΚΟΜΕΙΟ ΒΟΛΟΥ,287.01,self-referential (payroll/EFKA/FMY remittance)
ΨΗΜΓ4690ΒΩ-Ο5Ρ,2026-06-04,ΚΑΤΑΒΟΛΗ ΑΠΟΖΗΜΙΩΣΗΣ ΑΔΕΙΑΣ ΜΑΘΗΤΕΙΑΣ ΣΕ ΜΕΤΑΛΥΚΕΙΑΚΟΥΣ ΣΠΟΥΔΑΣΤΕΣ ΓΙΑ ΤΟΝ ΜΗΝΑ ΜΑΡΤΙΟ 2026,999501452,ΓΕΝΙΚΟ ΝΟΣΟΚΟΜΕΙΟ ΒΟΛΟΥ,44.79,self-referential (payroll/EFKA/FMY remittance)
ΨΗΜΓ4690ΒΩ-Ο5Ρ,2026-06-04,ΚΑΤΑΒΟΛΗ ΑΠΟΖΗΜΙΩΣΗΣ ΑΔΕΙΑΣ ΜΑΘΗΤΕΙΑΣ ΣΕ ΜΕΤΑΛΥΚΕΙΑΚΟΥΣ ΣΠΟΥΔΑΣΤΕΣ ΓΙΑ ΤΟΝ ΜΗΝΑ ΜΑΡΤΙΟ 2026,999501452,ΓΕΝΙΚΟ ΝΟΣΟΚΟΜΕΙΟ ΒΟΛΟΥ,975.11,self-referential (payroll/EFKA/FMY remittance)
Ψ6ΛΙ4690ΒΩ-ΝΑΕ,2026-06-04,ΚΑΤΑΒΟΛΗ ΑΠΟΔΟΧΩΝ ΜΗΝΟΣ ΜΑΪΟΥ 2026 ΣΕ ΝΕΟΔΙΟΡΙΣΤΟΥΣ ΕΠΙΚΟΥΡΙΚΟΥΣ ΙΑΤΡΟΥΣ,999501452,ΓΕΝΙΚΟ ΝΟΣΟΚΟΜΕΙΟ ΒΟΛΟΥ,2111.40,self-referential (payroll/EFKA/FMY remittance)
Ψ6ΛΙ4690ΒΩ-ΝΑΕ,2026-06-04,ΚΑΤΑΒΟΛΗ ΑΠΟΔΟΧΩΝ ΜΗΝΟΣ ΜΑΪΟΥ 2026 ΣΕ ΝΕΟΔΙΟΡΙΣΤΟΥΣ ΕΠΙΚΟΥΡΙΚΟΥΣ ΙΑΤΡΟΥΣ,999501452,ΓΕΝΙΚΟ ΝΟΣΟΚΟΜΕΙΟ ΒΟΛΟΥ,589.33,self-referential (payroll/EFKA/FMY remittance)
Ψ6ΛΙ4690ΒΩ-ΝΑΕ,2026-06-04,ΚΑΤΑΒΟΛΗ ΑΠΟΔΟΧΩΝ ΜΗΝΟΣ ΜΑΪΟΥ 2026 ΣΕ ΝΕΟΔΙΟΡΙΣΤΟΥΣ ΕΠΙΚΟΥΡΙΚΟΥΣ ΙΑΤΡΟΥΣ,999501452,ΓΕΝΙΚΟ ΝΟΣΟΚΟΜΕΙΟ ΒΟΛΟΥ,588.49,self-referential (payroll/EFKA/FMY remittance)
ΨΔΖ34690ΒΩ-171,2026-06-04,ΕΦΗΜΕΡΙΕΣ (ΥΠΕΡΒΑΛΛΟΥΣΕΣ) ΙΑΤΡΙΚΟΥ ΠΡΟΣΩΠΙΚΟΥ ΜΗΝΟΣ ΦΕΒΡΟΥΑΡΙΟΥ 2026,999501452,ΓΕΝΙΚΟ ΝΟΣΟΚΟΜΕΙΟ ΒΟΛΟΥ,24761.82,self-referential (payroll/EFKA/FMY remittance)
9ΣΨΙ4690ΒΩ-Χ3Ρ,2026-06-04,ΚΑΤΑΒΟΛΗ ΑΠΟΖΗΜΙΩΣΗΣ ΑΔΕΙΑΣ ΜΑΘΗΤΕΙΑΣ ΣΕ ΜΕΤΑΛΥΚΕΙΑΚΟΥΣ ΣΠΟΥΔΑΣΤΕΣ ΕΤΟΥΣ 2025-2026 ΓΙΑ ΤΟΝ ΜΗΝΑ ΜΑΡΤΙΟ 2026,999501452,ΓΕΝΙΚΟ ΝΟΣΟΚΟΜΕΙΟ ΒΟΛΟΥ,186.70,self-referential (payroll/EFKA/FMY remittance)
9ΣΨΙ4690ΒΩ-Χ3Ρ,2026-06-04,ΚΑΤΑΒΟΛΗ ΑΠΟΖΗΜΙΩΣΗΣ ΑΔΕΙΑΣ ΜΑΘΗΤΕΙΑΣ ΣΕ ΜΕΤΑΛΥΚΕΙΑΚΟΥΣ ΣΠΟΥΔΑΣΤΕΣ ΕΤΟΥΣ 2025-2026 ΓΙΑ ΤΟΝ ΜΗΝΑ ΜΑΡΤΙΟ 2026,999501452,ΓΕΝΙΚΟ ΝΟΣΟΚΟΜΕΙΟ ΒΟΛΟΥ,32.33,self-referential (payroll/EFKA/FMY remittance)
ΨΡ7Σ4690ΒΩ-ΞΧ3,2026-06-03,"ΟΔΟΙΠΟΡΙΚΑ ΕΞΟΔΑ ΓΙΑ ΠΡΟΓΡΑΜΜΑΤΙΣΜΕΝΕΣ ΜΕΤΑΚΙΝΗΣΕΙΣ ΤΗΣ ΚΙΝΗΤΗΣ ΜΟΝΑΔΑΣ ΑΙΜΟΔΟΣΙΑΣ ΓΙΑ ΑΙΜΟΛΗΨΙΕΣ ΣΤΙΣ ΣΠΟΡΑΔΕΣ ( ΣΚΙΑΘΟ,ΣΚΟΠΕΛΟ ) ΤΟΥΣ ΜΗΝΕΣ ΙΟΥΝΙΟ, ΙΟΥΛΙΟ 2026 ( ΗΜΕΡΟΜΗΝΙΑ ΑΠΟΔΟΣΗΣ ΤΗΝ 31/12/2025",999501452,ΓΕΝΙΚΟ ΝΟΣΟΚΟΜΕΙΟ ΒΟΛΟΥ,1664.00,self-referential (payroll/EFKA/FMY remittance)
63204690ΒΩ-ΚΜ7,2026-05-20,"ΗΜΕΡΗΣΙΑ ΑΠΟΖΗΜΙΩΣΗ ΕΙΔΙΕΚΥΙΜΕΝΩΝ ΙΑΤΡΩΝ ΓΙΑ ΔΙΑΚΟΜΙΔΕΣ ΑΣΘΕΝΩΝ ΓΙΑ 20,25/1/2026,18,22/2/2026,13,15,20,27/3/20263,3,8,14,17/4/2026",999501452,ΓΕΝΙΚΟ ΝΟΣΟΚΟΜΕΙΟ ΒΟΛΟΥ,220.00,self-referential (payroll/EFKA/FMY remittance)
63204690ΒΩ-ΚΜ7,2026-05-20,"ΗΜΕΡΗΣΙΑ ΑΠΟΖΗΜΙΩΣΗ ΕΙΔΙΕΚΥΙΜΕΝΩΝ ΙΑΤΡΩΝ ΓΙΑ ΔΙΑΚΟΜΙΔΕΣ ΑΣΘΕΝΩΝ ΓΙΑ 20,25/1/2026,18,22/2/2026,13,15,20,27/3/20263,3,8,14,17/4/2026",999501452,ΓΕΝΙΚΟ ΝΟΣΟΚΟΜΕΙΟ ΒΟΛΟΥ,32.80,self-referential (payroll/EFKA/FMY remittance)
63ΘΡ4690ΒΩ-Ι0Χ,2026-05-20,"ΗΜΕΡΗΣΙΑ ΑΠΟΖΗΜΙΩΣΗ ΕΙΔΙΚΕΥΟΜΕΝΩΝ ΙΑΤΡΩΝ ΓΙΑ ΔΙΑΚΟΜΙΔΕΣ ΑΣΘΕΝΩΝ 5,11,20,23,29/1/2026, 3,6,20,22,25/2/2026,3,8,10/3/2026",999501452,ΓΕΝΙΚΟ ΝΟΣΟΚΟΜΕΙΟ ΒΟΛΟΥ,180.00,self-referential (payroll/EFKA/FMY remittance)
9ΩΡΠ4690ΒΩ-ΝΧΒ,2026-05-20,"ΗΜΕΡΗΣΙΑ ΑΠΟΖΗΜΙΩΣΗ ΓΙΑ ΜΕΤΑΚΙΝΗΣΕΙΣ ΥΠΑΛΛΗΛΟΥ ΤΟΥ ΓΝΒ ΓΙΑ ΥΠΗΡΕΙΣΑΚΟΥΣ ΛΟΓΟΥΣ 15,26,/1/2026,16,18/2/2026,12,20,30/3/2026",999501452,ΓΕΝΙΚΟ ΝΟΣΟΚΟΜΕΙΟ ΒΟΛΟΥ,120.00,self-referential (payroll/EFKA/FMY remittance)
97ΓΚ4690ΒΩ-37Τ,2026-05-20,"ΗΜΕΡΗΣΙΑ ΑΠΟΖΗΜΙΩΣΗ ΙΑΤΡΩΝ ΕΣΥ ΓΙΑ ΔΙΑΚΟΜΙΔΕΣ ΑΣΘΕΝΩΝ 8,21/1/2026,6/3/2026",999501452,ΓΕΝΙΚΟ ΝΟΣΟΚΟΜΕΙΟ ΒΟΛΟΥ,70.00,self-referential (payroll/EFKA/FMY remittance)
Ρ44Φ4690ΒΩ-ΜΣ1,2026-05-20,ΕΦΗΜΕΡΙΕΣ (ΥΠΕΡΒΑΛΛΟΥΣΕΣ) ΙΑΤΡΙΚΟΥ ΠΡΟΣΩΠΙΚΟΥ ΜΗΝΟΣ ΙΑΝΟΥΑΡΙΟΥ 2026,999501452,ΓΕΝΙΚΟ ΝΟΣΟΚΟΜΕΙΟ ΒΟΛΟΥ,34349.11,self-referential (payroll/EFKA/FMY remittance)
63ΙΠ4690ΒΩ-Σ4Ο,2026-05-20,ΕΦΗΜΕΡΙΕΣ (ΥΠΕΡΒΑΛΛΟΥΣΕΣ) ΙΑΤΡΙΚΟΥ ΕΠΙΚΟΥΡΙΚΟΥ ΠΡΟΣΩΠΙΚΟΥ ΜΕ ΣΧΕΣΗ ΕΡΓΑΣΙΑΣ ΙΔΟΧ ΜΗΝΟΣ ΙΑΝΟΥΑΡΙΟΥ 2026 «ΕΝΙΣΧΥΣΗ ΤΩΝ ΦΟΡΕΩΝ ΥΓΕΙΑΣ ΜΕ ΕΠΙΚΟΥΡΙΚΟ ΠΡΟΣΩΠΙΚΟ ΓΙΑ ΤΗΝ ΑΝΤΑΠΟΚΡΙΣΗ ΣΤΙΣ ΑΝΑΓΚΕΣ ΛΟΓΩ ΤΗΣ ΕΠΙΔΗΜΙΑΣ COVID-19 ΣΤΗΝ ΠΕΡΙΦΕΡΕΙΑ ΘΕΣΣΑΛΙΑΣ» ΜΕ ΚΩΔΙΚΟ ΟΠΣ 5070510 ΣΤΟ ΕΠΙΧΕΙΡΗΣΙΑΚΟ ΠΡΟΓΡΑΜΜΑ «ΠΕΡΙΦΕΡΕΙΑΚΟ ΕΠΙΧΕΙΡΗΣΙΑΚΟ ΠΡΟΓΡΑΜΜΑ ΘΕΣΣΑΛΙΑΣ 2014 ΜΕ ΠΑΡΑΤΑΣΗ ΣΥΜΒΑΣΕΩΝ ΕΩΣ 31/12/2024 ΣΥΜΦΩΝΑ ΜΕ ΤΙΣ ΔΙΑΤΑΞΕΙΣ ΤΟΥ Ν.5079/2023 (ΦΕΚ 215/22-12-2023/τ.Α΄) ΑΡΘΡΟ 70 ΠΑΡ.,999501452,ΓΕΝΙΚΟ ΝΟΣΟΚΟΜΕΙΟ ΒΟΛΟΥ,485.80,self-referential (payroll/EFKA/FMY remittance)
9Η0Κ4690ΒΩ-Β2Κ,2026-05-20,"ΑΜΟΙΒΗ ΛΟΙΠΟΥ (ΔΙΟΙΚΗΤΙΚΟ,ΝΟΣΗΛΕΥΤΙΚΟ κ.λ.π)ΠΡΟΣΩΠΙΚΟΥ ΠΟΥ ΕΡΓΑΣΤΗΚΑΝ ΣΤΑ ΟΛΟΗΜΕΡΑ ΙΑΤΡΕΙΑ ΤΟΝ ΜΗΝΑ ΜΑΡΤΙΟ 2026",999501452,ΓΕΝΙΚΟ ΝΟΣΟΚΟΜΕΙΟ ΒΟΛΟΥ,1580.00,self-referential (payroll/EFKA/FMY remittance)
Ψ6ΠΔ4690ΒΩ-ΞΕΥ,2026-05-20,ΜΟΙΒΗ ΙΑΤΡΙΚΟΥ ΠΡΟΣΩΠΙΚΟΥ ΠΟΥ ΕΡΓΑΣΤΗΚΑΝ ΣΤΑ ΟΛΟΗΜΕΡΑ ΙΑΤΡΕΙΑ ΤΟΝ ΜΗΝΑ ΜΑΡΤΙΟ 2026,999501452,ΓΕΝΙΚΟ ΝΟΣΟΚΟΜΕΙΟ ΒΟΛΟΥ,945.60,self-referential (payroll/EFKA/FMY remittance)
Ψ2Υ94690ΒΩ-Ρ68,2026-05-19,ΑΠΟΔΟΣΗ ΥΠΕΡ ΔΗΜΟΣΙΟΥ (ΦΟΡΟΣ 8%) ΕΠΙ ΤΩΝ ΕΞΟΦΛΗΘΕΝΤΩΝ ΧΕ ΜΗΝΟΣ ΑΠΡΙΛΙΟΥ 2026 (Φ500),999501452,ΓΕΝΙΚΟ ΝΟΣΟΚΟΜΕΙΟ ΒΟΛΟΥ,6.54,self-referential (payroll/EFKA/FMY remittance)
Ψ5ΟΠ4690ΒΩ-8Ρ9,2026-05-19,ΑΠΟΔΟΣΗ ΥΠΕΡ ΔΗΜΟΣΙΟΥ (ΦΟΡΟΣ 8%) ΕΠΙ ΤΩΝ ΕΞΟΦΛΗΘΕΝΤΩΝ ΧΕ ΜΗΝΟΣ ΑΠΡΙΛΙΟΥ 2026 (Φ600),999501452,ΓΕΝΙΚΟ ΝΟΣΟΚΟΜΕΙΟ ΒΟΛΟΥ,6.34,self-referential (payroll/EFKA/FMY remittance)
6ΣΦΨ4690ΒΩ-0ΕΟ,2026-05-19,ΑΠΟΔΟΣΗ ΥΠΕΡ ΔΗΜΟΣΙΟΥ (ΦΟΡΟΣ 8%) ΕΠΙ ΤΩΝ ΕΞΟΦΛΗΘΕΝΤΩΝ ΧΕ ΜΗΝΟΣ ΑΠΡΙΛΙΟΥ 2026 (Φ400),999501452,ΓΕΝΙΚΟ ΝΟΣΟΚΟΜΕΙΟ ΒΟΛΟΥ,7.00,self-referential (payroll/EFKA/FMY remittance)
ΨΖ514690ΒΩ-6ΥΥ,2026-05-19,ΑΠΟΔΟΣΗ ΥΠΕΡ ΔΗΜΟΣΙΟΥ (ΦΟΡΟΣ 4%) ΕΠΙ ΤΩΝ ΕΞΟΦΛΗΘΕΝΤΩΝ ΧΕ ΜΗΝΟΣ ΑΠΡΙΛΙΟΥ 2026 (Φ100) FLAT RATE,999501452,ΓΕΝΙΚΟ ΝΟΣΟΚΟΜΕΙΟ ΒΟΛΟΥ,269.74,self-referential (payroll/EFKA/FMY remittance)
ΡΨΙ84690ΒΩ-Β1Ε,2026-05-19,"ΑΠΟΔΟΣΗ ΥΠΕΡ ΔΗΜΟΣΙΟΥ (ΦΟΡΟΙ 1,4,8%) ΕΠΙ ΤΩΝ ΕΞΟΦΛΗΘΕΝΤΩΝ ΧΕ ΜΗΝΟΣ ΑΠΡΙΛΙΟΥ 2026 (Φ100)",999501452,ΓΕΝΙΚΟ ΝΟΣΟΚΟΜΕΙΟ ΒΟΛΟΥ,83477.26,self-referential (payroll/EFKA/FMY remittance)
6ΣΦΠ4690ΒΩ-Χ23,2026-05-19,ΑΠΟΔΟΣΗ ΥΠΕΡ ΔΗΜΟΣΙΟΥ ΦΟΡΟΣ (20%) ΕΠΙ ΤΩΝ ΕΞΟΦΛΗΘΕΝΤΩΝ ΧΕ ΜΗΝΟΣ ΑΠΡΙΛΙΟΥ 2026 (Φ100),999501452,ΓΕΝΙΚΟ ΝΟΣΟΚΟΜΕΙΟ ΒΟΛΟΥ,2307.02,self-referential (payroll/EFKA/FMY remittance)
9Τ3Δ4690ΒΩ-ΜΩΟ,2026-05-19,ΑΠΟΔΟΣΗ ΥΠΕΡ ΨΥΧΙΚΗΣ ΥΓΕΙΑΣ (Ν. 3580) ΕΠΙ ΤΩΝ ΕΞΟΦΛΗΘΕΝΤΩΝ ΧΕ ΜΗΝΟΣ ΑΠΡΙΛΙΟΥ 2026 (Φ100),999501452,ΓΕΝΙΚΟ ΝΟΣΟΚΟΜΕΙΟ ΒΟΛΟΥ,27652.82,self-referential (payroll/EFKA/FMY remittance)
ΨΥΧ54690ΒΩ-ΧΞΤ,2026-05-19,ΑΠΟΔΟΣΗ ΥΠΕΡ ΨΥΧΙΚΗΣ ΥΓΕΙΑΣ (Ν. 3580) ΕΠΙ ΤΩΝ ΕΞΟΦΛΗΘΕΝΤΩΝ ΧΕ ΜΗΝΟΣ ΑΠΡΙΛΙΟΥ 2026 (Φ100) FLAT RATE,999501452,ΓΕΝΙΚΟ ΝΟΣΟΚΟΜΕΙΟ ΒΟΛΟΥ,137.62,self-referential (payroll/EFKA/FMY remittance)
9ΑΓΚ4690ΒΩ-3ΩΒ,2026-05-19,ΑΠΟΔΟΣΗ ΥΠΕΡ ΨΥΧΙΚΗΣ ΥΓΕΙΑΣ (Ν.3580) ΕΠΙ ΤΩΝ ΕΞΟΦΛΗΘΕΝΤΩΝ ΧΕ ΜΗΝΟΣ ΑΠΡΙΛΙΟΥ 2026 (Φ400),999501452,ΓΕΝΙΚΟ ΝΟΣΟΚΟΜΕΙΟ ΒΟΛΟΥ,1.79,self-referential (payroll/EFKA/FMY remittance)
ΡΟΒ94690ΒΩ-8ΣΜ,2026-05-19,ΑΠΟΔΟΣΗ ΥΠΕΡ ΨΥΧΙΚΗΣ ΥΓΕΙΑΣ ΕΠΙ ΤΩΝ ΕΞΟΦΛΗΘΕΝΤΩΝ ΧΕ ΜΗΝΟΣ ΑΠΡΙΛΙΟΥ 2026 (Φ600),999501452,ΓΕΝΙΚΟ ΝΟΣΟΚΟΜΕΙΟ ΒΟΛΟΥ,1.62,self-referential (payroll/EFKA/FMY remittance)
9Ζ2Π4690ΒΩ-9ΙΞ,2026-05-19,ΑΠΟΔΟΣΗ ΥΠΕΡ ΨΥΧΙΚΗΣ ΥΓΕΙΑΣ (Ν.3580) ΕΠΙ ΤΩΝ ΕΞΟΦΛΗΘΕΝΤΩΝ ΧΕ ΜΗΝΟΣ ΑΠΡΙΛΙΟΥ 2026 (Φ500),999501452,ΓΕΝΙΚΟ ΝΟΣΟΚΟΜΕΙΟ ΒΟΛΟΥ,1.67,self-referential (payroll/EFKA/FMY remittance)
9Υ6Ζ4690ΒΩ-Η9Ι,2026-05-19,ΑΠΟΔΟΣΗ ΥΠΕΡ ΔΗΜΟΣΙΟΥ (ΧΑΡΤ&ΟΓΑ ΧΑΡΤ ) ΕΠΙ ΤΩΝ ΕΞΟΦΛΗΘΕΝΤΩΝ ΧΕ ΜΗΝΟΣ ΑΠΡΙΛΙΟΥ 2026 (Φ100),999501452,ΓΕΝΙΚΟ ΝΟΣΟΚΟΜΕΙΟ ΒΟΛΟΥ,12.21,self-referential (payroll/EFKA/FMY remittance)
Ρ6ΗΨ4690ΒΩ-Σ5Ζ,2026-05-19,ΑΠΟΔΟΣΗ ΥΠΕΡ ΕΑΑΔΗΣΥ ΕΠΙ ΤΩΝ ΕΞΟΦΛΗΘΕΝΤΩΝ ΧΕ ΜΗΝΟΣ ΑΠΡΙΛΙΟΥ 2026 (Φ100),999501452,ΓΕΝΙΚΟ ΝΟΣΟΚΟΜΕΙΟ ΒΟΛΟΥ,1093.42,self-referential (payroll/EFKA/FMY remittance)
9ΜΔΣ4690ΒΩ-ΜΙΘ,2026-05-19,ΑΠΟΔΟΣΗ ΥΠΕΡ ΕΑΑΔΗΣΥ ΕΠΙ ΤΩΝ ΕΞΟΦΛΗΘΕΝΤΩΝ ΧΕ ΜΗΝΟΣ ΑΠΡΙΛΙΟΥ 2026 (Φ400),999501452,ΓΕΝΙΚΟ ΝΟΣΟΚΟΜΕΙΟ ΒΟΛΟΥ,0.09,self-referential (payroll/EFKA/FMY remittance)
9Ζ9Δ4690ΒΩ-ΣΙΙ,2026-05-19,ΑΠΟΔΟΣΗ ΥΠΕΡ ΕΑΑΔΥΣΥ ΕΠΙ ΤΩΝ ΕΞΟΦΛΗΘΕΝΤΩΝ ΧΕ ΜΗΝΟΣ ΑΠΡΙΛΙΟΥ 2026 (Φ600),999501452,ΓΕΝΙΚΟ ΝΟΣΟΚΟΜΕΙΟ ΒΟΛΟΥ,0.08,self-referential (payroll/EFKA/FMY remittance)
9ΙΖΧ4690ΒΩ-ΖΡ7,2026-05-19,ΑΠΟΔΟΣΗ ΥΠΕΡ ΕΑΑΔΗΣΥ ΕΠΙ ΤΩΝ ΕΞΟΦΛΗΘΕΝΤΩΝ ΧΕ ΜΗΝΟΣ ΑΠΡΙΛΙΟΥ 2026 (Φ500),999501452,ΓΕΝΙΚΟ ΝΟΣΟΚΟΜΕΙΟ ΒΟΛΟΥ,0.08,self-referential (payroll/EFKA/FMY remittance)
ΨΓΠΠ4690ΒΩ-ΜΙΩ,2026-05-19,ΑΠΟΔΟΣΗ ΥΠΕΡ ΕΑΑΔΗΣΥ ΕΠΙ ΤΩΝ ΕΞΟΦΛΗΘΕΝΤΩΝ ΧΕ ΜΗΝΟΣ ΑΠΡΙΛΙΟΥ 2026 (Φ100) FLAT RATE,999501452,ΓΕΝΙΚΟ ΝΟΣΟΚΟΜΕΙΟ ΒΟΛΟΥ,6.89,self-referential (payroll/EFKA/FMY remittance)
ΨΣ844690ΒΩ-903,2026-05-18,ΑΜΟΙΒΗ ΙΑΤΡΟΥ ΕΡΓΑΣΙΑΣ,999501452,ΓΕΝΙΚΟ ΝΟΣΟΚΟΜΕΙΟ ΒΟΛΟΥ,2520.00,self-referential (payroll/EFKA/FMY remittance)
ΨΧΓΔ4690ΒΩ-51Σ,2026-05-13,"ΠΡΟΣΘΕΤΕΣ ΑΜΟΙΒΕΣ ΛΟΙΠΟΥ ΜΟΝΙΜΟΥ (ΔΙΟΙΚΗΤΙΚΟΥ,ΝΟΣΗΛΕΥΤΙΚΟΥ κ.λ.π.) ΠΡΟΣΩΠΙΚΟΥ ΜΗΝΟΣ ΜΑΡΤΙΟΥ 2026",999501452,ΓΕΝΙΚΟ ΝΟΣΟΚΟΜΕΙΟ ΒΟΛΟΥ,82570.45,self-referential (payroll/EFKA/FMY remittance)
94Ζ54690ΒΩ-ΗΑΛ,2026-05-13,ΠΡΟΣΘΕΤΕΣ ΑΜΟΙΒΕΣ ΛΟΙΠΟΥ ΕΠΙΚΟΥΡΙΚΟΥ ΠΡΟΣΩΠΙΚΟΥ ΜΗΝΟΣ ΜΑΡΤΙΟΥ 2026,999501452,ΓΕΝΙΚΟ ΝΟΣΟΚΟΜΕΙΟ ΒΟΛΟΥ,544.09,self-referential (payroll/EFKA/FMY remittance)
99ΥΣ4690ΒΩ-ΖΡΕ,2026-05-13,ΠΡΟΣΘΕΤΕΣ ΑΜΟΙΒΕΣ ΛΟΙΠΟΥ ΕΠΙΚΟΥΡΙΚΟΥ ΠΡΟΣΩΠΙΚΟΥ ΙΔ.ΔΙΚΑΙΟΥ (ΑΟΡΙΣΤΟΥ-ΟΡΙΣΜΕΝΟΥ -ΑΤΟΜΙΕΚΣ ΣΥΜΒΑΣΕΙΣ ) ΜΗΝΟΣ ΜΑΡΤΙΟΥ 2026,999501452,ΓΕΝΙΚΟ ΝΟΣΟΚΟΜΕΙΟ ΒΟΛΟΥ,1068.58,self-referential (payroll/EFKA/FMY remittance)
99ΥΣ4690ΒΩ-ΖΡΕ,2026-05-13,ΠΡΟΣΘΕΤΕΣ ΑΜΟΙΒΕΣ ΛΟΙΠΟΥ ΕΠΙΚΟΥΡΙΚΟΥ ΠΡΟΣΩΠΙΚΟΥ ΙΔ.ΔΙΚΑΙΟΥ (ΑΟΡΙΣΤΟΥ-ΟΡΙΣΜΕΝΟΥ -ΑΤΟΜΙΕΚΣ ΣΥΜΒΑΣΕΙΣ ) ΜΗΝΟΣ ΜΑΡΤΙΟΥ 2026,999501452,ΓΕΝΙΚΟ ΝΟΣΟΚΟΜΕΙΟ ΒΟΛΟΥ,3848.82,self-referential (payroll/EFKA/FMY remittance)
ΨΓ8Υ4690ΒΩ-ΑΔΝ,2026-05-13,ΠΡΟΣΘΕΤΕΣ ΑΜΟΙΒΕΣ ΕΙΔΙΚΕΥΟΜΕΝΩΝ ΝΟΣΗΛΕΥΤΩΝ ΜΗΝΟΣ ΜΑΡΤΙΟΥ 2025 ΣΥΜΦΩΝΑ ΜΕ ΤΙΣ ΔΙΑΤΑΞΕΙΣ ΤΟΥ ΑΡΘΡΟΥ 58 ΤΟΥ Ν.4690/2020 (ΦΕΚ 104/Α/30-5-2020),999501452,ΓΕΝΙΚΟ ΝΟΣΟΚΟΜΕΙΟ ΒΟΛΟΥ,2348.53,self-referential (payroll/EFKA/FMY remittance)
6ΔΧ14690ΒΩ-ΔΩΣ,2026-05-13,"ΠΡΟΣΘΕΤΕΣ ΑΜΟΙΒΕΣ ΛΟΙΠΟΥ (ΔΙΟΙΚΗΤΙΚΟ,ΝΟΣΗΛΕΥΤΙΚΟ,ΤΕΧΝΙΚΟ κ.λ.π.) ΠΡΟΣΩΠΙΚΟΥ ΨΥΧΙΚΗΣ ΥΓΕΙΑΣ ΜΗΝΟΣ ΜΑΡΤΙΟΥ 2026",999501452,ΓΕΝΙΚΟ ΝΟΣΟΚΟΜΕΙΟ ΒΟΛΟΥ,3312.48,self-referential (payroll/EFKA/FMY remittance)
9ΒΚΡ4690ΒΩ-Ξ7Υ,2026-05-13,ΠΡΟΣΘΕΤΕΣ ΑΜΟΙΒΕΣ ΛΟΙΠΟΥ ΕΠΙΚΟΥΡΙΚΟΥ ΠΡΟΣΩΠΙΚΟΥ ΜΑΡΤΙΟΥ 2025 ΣΥΜΦΩΝΑ ΜΕ ΤΙΣ ΔΙΑΤΑΞΕΙΣ ΤΟΥ ΠΝΠ ΤΗΣ ΠΑΡ. 2 ΑΡΘΡΟΥ 27 ΤΟΥ Ν 5161/2024 ΦΕΚ ΤΕΥΧΟΥΣ 196/29-11-2024 ΓΙΑ ΤΑ ΄΄ΚΑΤΕΠΕΙΓΟΝΤΑ ΜΕΤΡΑ ΑΝΤΙΜΕΤΩΠΙΣΗΣ ΤΩΝ ΑΡΝΗΤΙΚΩΝ ΣΥΝΕΠΕΙΩΝ ΤΗΣ ΕΜΦΑΝΙΣΗΣ COVID-19,999501452,ΓΕΝΙΚΟ ΝΟΣΟΚΟΜΕΙΟ ΒΟΛΟΥ,2160.27,self-referential (payroll/EFKA/FMY remittance)
ΨΓ034690ΒΩ-Θ24,2026-05-13,ΠΡΟΣΘΕΤΕΣ ΑΜΟΙΒΕΣ ΛΟΙΠΟΥ ΕΠΙΚΟΥΡΙΚΟΥ ΠΡΟΣΩΠΙΚΟΥ ΜΕ ΣΧΕΣΗ ΕΡΓΑΣΙΑΣ ΙΔΟΧ ΜΗΝΟΣ ΜΑΡΤΙΟΥ 2025«ΕΝΙΣΧΥΣΗ ΤΩΝ ΦΟΡΕΩΝ ΥΓΕΙΑΣ ΜΕ ΕΠΙΚΟΥΡΙΚΟ ΠΡΟΣΩΠΙΚΟ ΓΙΑ ΤΗΝ ΑΝΤΑΠΟΚΡΙΣΗ ΣΤΙΣ ΑΝΑΓΚΕΣ ΛΟΓΩ ΤΗΣ ΕΠΙΔΗΜΙΑΣ COVID-19 ΣΤΗΝ ΠΕΡΙΦΕΡΕΙΑ ΘΕΣΣΑΛΙΑΣ» ΜΕ ΚΩΔΙΚΟ ΟΠΣ 5070510 ΣΤΟ ΕΠΙΧΕΙΡΗΣΙΑΚΟ ΠΡΟΓΡΑΜΜΑ «ΠΕΡΙΦΕΡΕΙΑΚΟ ΕΠΙΧΕΙΡΗΣΙΑΚΟ ΠΡΟΓΡΑΜΜΑ ΘΕΣΣΑΛΙΑΣ 2014 ΜΕ ΠΑΡΑΤΑΣΗ ΣΥΜΒΑΣΕΩΝ ΕΩΣ 31/12/2025 ΣΥΜΦΩΝΑ ΜΕ ΤΙΣ ΔΙΑΤΑΞΕΙΣ ΤΟΥ Ν.5259/2025 ΑΡ.25 ΠΑΡ 2,999501452,ΓΕΝΙΚΟ ΝΟΣΟΚΟΜΕΙΟ ΒΟΛΟΥ,6591.97,self-referential (payroll/EFKA/FMY remittance)
9ΞΛΝ4690ΒΩ-ΒΒΓ,2026-05-13,ΕΦΗΜΕΡΙΕΣ ΙΑΤΡΩΝ ΕΣΥ ΜΗΝΟΣ ΜΑΡΤΙΟΥ 2026,999501452,ΓΕΝΙΚΟ ΝΟΣΟΚΟΜΕΙΟ ΒΟΛΟΥ,102312.32,self-referential (payroll/EFKA/FMY remittance)
ΨΥ3Γ4690ΒΩ-Ν9Β,2026-05-13,ΕΦΗΜΕΡΙΕΣ ΣΤΡΑΤΙΩΤΙΚΟΥ ΙΑΤΡΟΥ ΜΗΝΟΣ ΜΑΡΤΙΟΥ 2026,999501452,ΓΕΝΙΚΟ ΝΟΣΟΚΟΜΕΙΟ ΒΟΛΟΥ,954.14,self-referential (payroll/EFKA/FMY remittance)
ΨΠΖΣ4690ΒΩ-ΗΓΞ,2026-05-13,ΕΦΗΜΕΡΙΕΣ ΜΕΤΑΚΙΝΟΥΜΕΝΩΝ ΙΑΤΡΩΝ ΤΟΥ Π.Ε.Δ.Υ ΓΙΑ ΚΑΛΥΨΗ ΕΦΗΜΕΡΙΩΝ ΣΤΟ ΓΝΒ ΤΟΝ ΜΗΝΑ ΜΑΡΤΙΟ 2026,999501452,ΓΕΝΙΚΟ ΝΟΣΟΚΟΜΕΙΟ ΒΟΛΟΥ,11401.78,self-referential (payroll/EFKA/FMY remittance)
ΨΠΖΣ4690ΒΩ-ΗΓΞ,2026-05-13,ΕΦΗΜΕΡΙΕΣ ΜΕΤΑΚΙΝΟΥΜΕΝΩΝ ΙΑΤΡΩΝ ΤΟΥ Π.Ε.Δ.Υ ΓΙΑ ΚΑΛΥΨΗ ΕΦΗΜΕΡΙΩΝ ΣΤΟ ΓΝΒ ΤΟΝ ΜΗΝΑ ΜΑΡΤΙΟ 2026,999501452,ΓΕΝΙΚΟ ΝΟΣΟΚΟΜΕΙΟ ΒΟΛΟΥ,1011.50,self-referential (payroll/EFKA/FMY remittance)
9ΚΣΙ4690ΒΩ-684,2026-05-13,ΕΦΗΜΕΡΙΕΣ ΙΑΤΡΩΝ ΨΥΧΙΚΗΣ ΥΓΕΙΑΣ ΤΟΝ ΜΗΝΑ ΜΑΡΤΙΟ 2026,999501452,ΓΕΝΙΚΟ ΝΟΣΟΚΟΜΕΙΟ ΒΟΛΟΥ,3259.33,self-referential (payroll/EFKA/FMY remittance)
63Ρ04690ΒΩ-ΗΡ5,2026-05-13,ΕΦΗΜΕΡΙΕΣ ΕΠΙΚΟΥΡΙΚΩΝ ΙΑΤΡΩΝ ΕΣΥ ΜΗΝΟΣ ΜΑΡΤΙΟΥ 2026,999501452,ΓΕΝΙΚΟ ΝΟΣΟΚΟΜΕΙΟ ΒΟΛΟΥ,7169.12,self-referential (payroll/EFKA/FMY remittance)
Ψ53Υ4690ΒΩ-ΩΙ6,2026-05-13,ΕΦΗΜΕΡΙΕΣ ΕΙΔΙΚΕΥΟΜΕΝΩΝ ΙΑΤΡΩΝ ΜΗΝΟΣ ΜΑΡΤΙΟΥ 2026,999501452,ΓΕΝΙΚΟ ΝΟΣΟΚΟΜΕΙΟ ΒΟΛΟΥ,84323.30,self-referential (payroll/EFKA/FMY remittance)
97ΒΕ4690ΒΩ-Δ48,2026-05-13,"ΕΦΗΜΕΡΙΕΣ ΙΑΤΡΙΚΟΥ ΕΠΙΚΟΥΡΙΚΟΥ ΠΡΟΣΩΠΙΚΟΥ ΜΕ ΣΧΕΣΗ ΕΡΓΑΣΙΑΣ ΙΔΟΧ ΜΗΝΟΣ ΜAΡΤΙΟΥ 2026 «ΕΝΙΣΧΥΣΗ ΤΩΝ ΦΟΡΕΩΝ ΥΓΕΙΑΣ ΜΕ ΕΠΙΚΟΥΡΙΚΟ ΠΡΟΣΩΠΙΚΟ ΓΙΑ ΤΗΝ ΑΝΤΑΠΟΚΡΙΣΗ ΣΤΙΣ ΑΝΑΓΚΕΣ ΛΟΓΩ ΤΗΣ ΕΠΙΔΗΜΙΑΣ COVID-19 ΣΤΗΝ ΠΕΡΙΦΕΡΕΙΑ ΘΕΣΣΑΛΙΑΣ» ΜΕ ΚΩΔΙΚΟ ΟΠΣ 5070510 ΣΤΟ ΕΠΙΧΕΙΡΗΣΙΑΚΟ ΠΡΟΓΡΑΜΜΑ «ΠΕΡΙΦΕΡΕΙΑΚΟ ΕΠΙΧΕΙΡΗΣΙΑΚΟ ΠΡΟΓΡΑΜΜΑ ΘΕΣΣΑΛΙΑΣ"" 2014 ΜΕ ΠΑΡΑΤΑΣΗ ΣΥΜΒΑΣΕΩΝ ΕΩΣ 31/12/2025 ΣΥΜΦΩΝΑ ΜΕ ΤΙΣ ΔΙΑΤΑΞΕΙΣ ΤΟΥ ΝΟΜΟΥ 5161/2024 (ΦΕΚ196/29-11-2024/Τ.Α΄) ΠΑΡ.2 ΤΟΥ ΑΡΘΡΟΥ 27",999501452,ΓΕΝΙΚΟ ΝΟΣΟΚΟΜΕΙΟ ΒΟΛΟΥ,2130.76,self-referential (payroll/EFKA/FMY remittance)
ΨΔΡΟ4690ΒΩ-ΜΞΚ,2026-05-13,ΕΦΗΜΕΡΙΕΣ ΕΠΙΣΤΗΜΟΝΙΚΟΥ ΠΡΟΣΩΠΙΚΟΥ ΜΗΝΟΣ ΜΑΡΤΙΟΥ 2026,999501452,ΓΕΝΙΚΟ ΝΟΣΟΚΟΜΕΙΟ ΒΟΛΟΥ,10515.44,self-referential (payroll/EFKA/FMY remittance)
ΨΖΒΓ4690ΒΩ-ΣΥΦ,2026-05-13,ΕΦΗΜΕΡΙΕΣ ΕΠΙΣΤΗΜΟΝΙΚΟΥ ΠΡΟΣΩΠΙΚΟΥ ΨΥΧΙΚΗΣ ΥΓΕΙΑΣ ΜΗΝΟΣ ΜΑΡΤΙΟΥ 2026,999501452,ΓΕΝΙΚΟ ΝΟΣΟΚΟΜΕΙΟ ΒΟΛΟΥ,3037.67,self-referential (payroll/EFKA/FMY remittance)
99ΖΙ4690ΒΩ-Ρ5Χ,2026-05-13,"ΚΑΤΑΒΟΛΗ ΕΚΤΑΚΤΗΣ ΟΙΚΟΝΟΜΙΚΗΣ ΕΝΙΣΧΥΣΗΣ ΕΦΗΜΕΡΙΩΝ ΙΑΤΡΩΝ ΕΣΥ ΣΥΜΦΩΝΑ ΜΕ ΤΙΣ ΔΙΑΤΑΞΕΙΣ ΤΩΝ ΑΡΘΡΩΝ 88,89 ΚΑΙ 90 ΤΟΥ Ν.4850/2021 ΦΕΚ 208/τ. Α΄ ΜΗΝΟΣ ΜΑΡΤΙΟΥ 2026",999501452,ΓΕΝΙΚΟ ΝΟΣΟΚΟΜΕΙΟ ΒΟΛΟΥ,5000.00,self-referential (payroll/EFKA/FMY remittance)
6ΝΣ14690ΒΩ-Α67,2026-05-13,ΗΜΕΡΗΣΙΑ ΑΠΟΖΗΜΙΩΣΗ ΓΙΑ ΠΡΟΓΡΑΜΜΑΤΙΣΜΕΝΕΣ ΜΕΤΑΚΙΝΗΣΕΙ ΤΗΣ ΚΙΝΗΤΗΣ ΜΟΝΑΔΑΣ ΑΙΜΟΔΟΣΙΑΣ ΓΙΑ ΑΙΜΟΛΗΨΙΕΣ ΣΤΙΣ ΣΠΟΡΑΔΕΣ (ΣΚΙΑΘΟ ) 15/4/2026 ΕΩΣ 17/4/2026,999501452,ΓΕΝΙΚΟ ΝΟΣΟΚΟΜΕΙΟ ΒΟΛΟΥ,360.00,self-referential (payroll/EFKA/FMY remittance)
9ΕΝ84690ΒΩ-234,2026-05-13,ΗΜΕΡΗΣΙΑ ΑΠΟΖΗΜΙΩΣΗ ΓΙΑ ΠΡΟΓΡΑΜΜΑΤΙΣΜΕΝΕΣ ΜΕΤΑΚΙΝΗΣΕΙΣ ΤΗΣ ΚΙΝΗΤΗΣ ΜΟΝΑΔΑΣ ΑΙΜΟΔΟΣΙΑΣ ΓΙΑ ΑΙΜΟΛΗΨΙΕΣ ΑΓ. ΘΕΟΔΩΡΟΙ - ΑΧΙΛΛΕΙΟ 22/1/2026,999501452,ΓΕΝΙΚΟ ΝΟΣΟΚΟΜΕΙΟ ΒΟΛΟΥ,30.00,self-referential (payroll/EFKA/FMY remittance)
ΨΦΡΟ4690ΒΩ-Η4Λ,2026-05-13,ΗΜΕΡΗΣΙΑ ΑΠΟΖΗΜΙΩΣΗ ΓΙΑ ΠΡΟΓΡΑΜΜΑΤΙΣΜΕΝΕΣ ΜΕΤΑΚΙΝΗΣΕΙΣ ΤΗΣ ΚΙΝΗΤΗΣ ΜΟΝΑΔΑΣ ΑΙΜΟΔΟΣΙΑΣ ΓΙΑ ΑΙΜΟΛΗΨΙΕΣ ΣΤΟ ΔΡΥΜΩΝΑ - ΣΟΥΡΠΗ 26/1/2026,999501452,ΓΕΝΙΚΟ ΝΟΣΟΚΟΜΕΙΟ ΒΟΛΟΥ,30.00,self-referential (payroll/EFKA/FMY remittance)
ΨΨΓΜ4690ΒΩ-ΝΥΧ,2026-05-13,"ΗΜΕΡΗΣΙΑ ΑΠΟΖΗΜΙΩΣΗ ΟΔΟΙΠΟΡΙΚΑ ΕΞΟΔΑ ΥΠΑΛΛΗΛΟΥ ΤΟΥ ΓΝΒ ΠΟΥ ΜΕΤΕΒΗ ΣΤΗ ΛΑΡΙΣΑ ΛΟΓΩ ΔΙΕΝΕΡΓΕΙΑΣ ΓΡΑΠΤΩΝ - ΠΡΟΦΟΡΙΚΩΝ ΕΞΕΤΑΣΕΩΝ ΤΗΣ ΝΟΣΗΛΕΥΤΙΚΗΣ ΕΙΔΙΚΟΤΗΤΑΣ 8,22/1/2026",999501452,ΓΕΝΙΚΟ ΝΟΣΟΚΟΜΕΙΟ ΒΟΛΟΥ,20.00,self-referential (payroll/EFKA/FMY remittance)
ΨΨΓΜ4690ΒΩ-ΝΥΧ,2026-05-13,"ΗΜΕΡΗΣΙΑ ΑΠΟΖΗΜΙΩΣΗ ΟΔΟΙΠΟΡΙΚΑ ΕΞΟΔΑ ΥΠΑΛΛΗΛΟΥ ΤΟΥ ΓΝΒ ΠΟΥ ΜΕΤΕΒΗ ΣΤΗ ΛΑΡΙΣΑ ΛΟΓΩ ΔΙΕΝΕΡΓΕΙΑΣ ΓΡΑΠΤΩΝ - ΠΡΟΦΟΡΙΚΩΝ ΕΞΕΤΑΣΕΩΝ ΤΗΣ ΝΟΣΗΛΕΥΤΙΚΗΣ ΕΙΔΙΚΟΤΗΤΑΣ 8,22/1/2026",999501452,ΓΕΝΙΚΟ ΝΟΣΟΚΟΜΕΙΟ ΒΟΛΟΥ,25.60,self-referential (payroll/EFKA/FMY remittance)
9Θ2Σ4690ΒΩ-ΚΚ6,2026-05-11,ΠΡΟΜΗΘΕΙΑ ΤΡΑΠΕΖΙΚΩΝ ΕΡΓΑΣΙΩΝ ΓΙΑ ΕΞΕΡΧΟΜΕΝΕΣ ΜΕΤΑΦΟΡΕΣ ΠΙΣΤΩΣΕΩΝ ΣΕ ΤΡΑΠΕΖΕΣ ΤΟΥ ΕΞΩΤΕΡΙΚΟΥ ( XE 942/2026),999501452,ΓΕΝΙΚΟ ΝΟΣΟΚΟΜΕΙΟ ΒΟΛΟΥ,4.00,self-referential (payroll/EFKA/FMY remittance)
63Γ14690ΒΩ-ΒΔΘ,2026-05-08,ΚΑΤΑΒΟΛΗ 2/3 ΟΙΚΟΝΟΜΙΚΟΥ ΚΙΝΗΤΡΟΥ ΤΗΣ ΠΑΡ.2 ΤΟΥ ΑΡΘΡΟΥ 10 ΤΟΥ Ν. 5157/2024 ΣΕ ΕΙΔΙΚΕΥΟΜΕΝΟΥΣ ΓΕΝΙΚΗΣ /ΟΙΚΟΓΕΝΕΙΑΚΗΣ ΙΑΤΡΙΚΗΣ ΚΑΙ ΕΣΩΤΕΡΙΚΗΣ ΠΑΘΟΛΟΓΙΑΣ ΤΟΝ ΜΗΝΑ ΑΠΡΙΛΙΟ 2026,999501452,ΓΕΝΙΚΟ ΝΟΣΟΚΟΜΕΙΟ ΒΟΛΟΥ,186666.62,self-referential (payroll/EFKA/FMY remittance)
6ΣΗΟ4690ΒΩ-ΨΤΥ,2026-05-08,ΚΑΤΑΒΟΛΗ ΑΠΟΖΗΜΙΩΣΗΣ ΑΔΕΙΑΣ ΜΑΘΗΤΕΙΑΣ ΣΕ ΜΕΤΑΛΥΚΕΙΑΚΟΥΣ ΣΠΟΥΔΑΣΤΕΣ ΕΤΟΥΣ 2025-2026 ΓΙΑ ΤΟΝ ΜΗΝΑ ΦΕΒΡΟΥΑΡΙΟ 2026,999501452,ΓΕΝΙΚΟ ΝΟΣΟΚΟΜΕΙΟ ΒΟΛΟΥ,42.91,self-referential (payroll/EFKA/FMY remittance)
6ΣΗΟ4690ΒΩ-ΨΤΥ,2026-05-08,ΚΑΤΑΒΟΛΗ ΑΠΟΖΗΜΙΩΣΗΣ ΑΔΕΙΑΣ ΜΑΘΗΤΕΙΑΣ ΣΕ ΜΕΤΑΛΥΚΕΙΑΚΟΥΣ ΣΠΟΥΔΑΣΤΕΣ ΕΤΟΥΣ 2025-2026 ΓΙΑ ΤΟΝ ΜΗΝΑ ΦΕΒΡΟΥΑΡΙΟ 2026,999501452,ΓΕΝΙΚΟ ΝΟΣΟΚΟΜΕΙΟ ΒΟΛΟΥ,936.52,self-referential (payroll/EFKA/FMY remittance)
Ψ0ΞΕ4690ΒΩ-ΚΡΧ,2026-05-08,"ΚΑΤΑΒΟΛΗ ΑΠΟΔΟΧΩΝ ΙΑΤΡΙΚΟΥ ΠΡΟΣΩΠΙΚΟΥ ΜΕ ΣΧΕΣΗ ΙΔΟΧ ΜΗΝΟΣ ΑΠΡΙΛΙΟΥ 2026 "" ΕΝΙΣΧΥΣΗ ΤΩΝ ΦΟΡΕΩΝ ΥΓΕΙΑΣ ΜΕ ΕΠΙΚΟΥΡΙΚΟ ΠΡΟΣΩΠΙΚΟ ΓΙΑ ΤΗΝ ΑΝΤΑΠΟΚΡΙΣΗ ΣΤΙΣ ΑΝΑΓΚΕΣ ΛΟΓΩ ΤΗΣ ΕΠΙΔΗΜΙΑΣ COVID 19 ΣΤΗΝ ΠΕΡΙΦΕΡΕΙΑ ΘΕΣΣΑΛΙΑΣ"" ΜΕ ΚΩΔΙΚΟ ΟΠΣ 5070510 ΣΤΟ ΕΠΙΧΕΙΡΗΣΙΑΚΟ ΠΡΟΓΡΑΜΜΑ ""ΠΕΡΙΦΕΡΕΙΑΚΟ ΕΠΙΧΕΙΡΗΣΙΑΚΟ ΠΡΟΓΡΑΜΜΑ ΘΕΣΣΑΛΙΑ"" 2014 ΜΕ ΠΑΡΑΤΑΣΗ ΣΥΜΒΑΣΕΩΝ ΕΩΣ 31/12/2026 , ΣΥΜΦΩΝΑ ΜΕ ΤΟΝ Ν.5259/25, ΠΑΡ.2, ΑΡΘΡ.250",999501452,ΓΕΝΙΚΟ ΝΟΣΟΚΟΜΕΙΟ ΒΟΛΟΥ,4276.00,self-referential (payroll/EFKA/FMY remittance)
Ψ0ΞΕ4690ΒΩ-ΚΡΧ,2026-05-08,"ΚΑΤΑΒΟΛΗ ΑΠΟΔΟΧΩΝ ΙΑΤΡΙΚΟΥ ΠΡΟΣΩΠΙΚΟΥ ΜΕ ΣΧΕΣΗ ΙΔΟΧ ΜΗΝΟΣ ΑΠΡΙΛΙΟΥ 2026 "" ΕΝΙΣΧΥΣΗ ΤΩΝ ΦΟΡΕΩΝ ΥΓΕΙΑΣ ΜΕ ΕΠΙΚΟΥΡΙΚΟ ΠΡΟΣΩΠΙΚΟ ΓΙΑ ΤΗΝ ΑΝΤΑΠΟΚΡΙΣΗ ΣΤΙΣ ΑΝΑΓΚΕΣ ΛΟΓΩ ΤΗΣ ΕΠΙΔΗΜΙΑΣ COVID 19 ΣΤΗΝ ΠΕΡΙΦΕΡΕΙΑ ΘΕΣΣΑΛΙΑΣ"" ΜΕ ΚΩΔΙΚΟ ΟΠΣ 5070510 ΣΤΟ ΕΠΙΧΕΙΡΗΣΙΑΚΟ ΠΡΟΓΡΑΜΜΑ ""ΠΕΡΙΦΕΡΕΙΑΚΟ ΕΠΙΧΕΙΡΗΣΙΑΚΟ ΠΡΟΓΡΑΜΜΑ ΘΕΣΣΑΛΙΑ"" 2014 ΜΕ ΠΑΡΑΤΑΣΗ ΣΥΜΒΑΣΕΩΝ ΕΩΣ 31/12/2026 , ΣΥΜΦΩΝΑ ΜΕ ΤΟΝ Ν.5259/25, ΠΑΡ.2, ΑΡΘΡ.250",999501452,ΓΕΝΙΚΟ ΝΟΣΟΚΟΜΕΙΟ ΒΟΛΟΥ,1070.00,self-referential (payroll/EFKA/FMY remittance)
Ψ0ΞΕ4690ΒΩ-ΚΡΧ,2026-05-08,"ΚΑΤΑΒΟΛΗ ΑΠΟΔΟΧΩΝ ΙΑΤΡΙΚΟΥ ΠΡΟΣΩΠΙΚΟΥ ΜΕ ΣΧΕΣΗ ΙΔΟΧ ΜΗΝΟΣ ΑΠΡΙΛΙΟΥ 2026 "" ΕΝΙΣΧΥΣΗ ΤΩΝ ΦΟΡΕΩΝ ΥΓΕΙΑΣ ΜΕ ΕΠΙΚΟΥΡΙΚΟ ΠΡΟΣΩΠΙΚΟ ΓΙΑ ΤΗΝ ΑΝΤΑΠΟΚΡΙΣΗ ΣΤΙΣ ΑΝΑΓΚΕΣ ΛΟΓΩ ΤΗΣ ΕΠΙΔΗΜΙΑΣ COVID 19 ΣΤΗΝ ΠΕΡΙΦΕΡΕΙΑ ΘΕΣΣΑΛΙΑΣ"" ΜΕ ΚΩΔΙΚΟ ΟΠΣ 5070510 ΣΤΟ ΕΠΙΧΕΙΡΗΣΙΑΚΟ ΠΡΟΓΡΑΜΜΑ ""ΠΕΡΙΦΕΡΕΙΑΚΟ ΕΠΙΧΕΙΡΗΣΙΑΚΟ ΠΡΟΓΡΑΜΜΑ ΘΕΣΣΑΛΙΑ"" 2014 ΜΕ ΠΑΡΑΤΑΣΗ ΣΥΜΒΑΣΕΩΝ ΕΩΣ 31/12/2026 , ΣΥΜΦΩΝΑ ΜΕ ΤΟΝ Ν.5259/25, ΠΑΡ.2, ΑΡΘΡ.250",999501452,ΓΕΝΙΚΟ ΝΟΣΟΚΟΜΕΙΟ ΒΟΛΟΥ,1164.90,self-referential (payroll/EFKA/FMY remittance)
6ΖΩΥ4690ΒΩ-2ΡΗ,2026-05-08,"ΚΑΤΑΒΟΛΗ ΑΠΟΔΟΧΩΝ ΛΟΙΠΟΥ ΕΠΙΚΟΥΡΙΚΟΥ ΠΡΟΣΩΠΙΚΟΥ ΜΗΝΟΣ ΑΠΡΙΛΙΟΥ 2026 ΜΕ ΠΑΡΑΤΑΣΗ ΣΥΜΒΑΣΕΩΝ ΕΩΣ 31/12/2026 , ΣΥΜΦΩΝΑ ΜΕ ΤΟΝ Ν.5259/25, ΠΑΡ.2, ΑΡΘΡ.250",999501452,ΓΕΝΙΚΟ ΝΟΣΟΚΟΜΕΙΟ ΒΟΛΟΥ,3582.00,self-referential (payroll/EFKA/FMY remittance)
6ΖΩΥ4690ΒΩ-2ΡΗ,2026-05-08,"ΚΑΤΑΒΟΛΗ ΑΠΟΔΟΧΩΝ ΛΟΙΠΟΥ ΕΠΙΚΟΥΡΙΚΟΥ ΠΡΟΣΩΠΙΚΟΥ ΜΗΝΟΣ ΑΠΡΙΛΙΟΥ 2026 ΜΕ ΠΑΡΑΤΑΣΗ ΣΥΜΒΑΣΕΩΝ ΕΩΣ 31/12/2026 , ΣΥΜΦΩΝΑ ΜΕ ΤΟΝ Ν.5259/25, ΠΑΡ.2, ΑΡΘΡ.250",999501452,ΓΕΝΙΚΟ ΝΟΣΟΚΟΜΕΙΟ ΒΟΛΟΥ,875.00,self-referential (payroll/EFKA/FMY remittance)
6ΖΩΥ4690ΒΩ-2ΡΗ,2026-05-08,"ΚΑΤΑΒΟΛΗ ΑΠΟΔΟΧΩΝ ΛΟΙΠΟΥ ΕΠΙΚΟΥΡΙΚΟΥ ΠΡΟΣΩΠΙΚΟΥ ΜΗΝΟΣ ΑΠΡΙΛΙΟΥ 2026 ΜΕ ΠΑΡΑΤΑΣΗ ΣΥΜΒΑΣΕΩΝ ΕΩΣ 31/12/2026 , ΣΥΜΦΩΝΑ ΜΕ ΤΟΝ Ν.5259/25, ΠΑΡ.2, ΑΡΘΡ.250",999501452,ΓΕΝΙΚΟ ΝΟΣΟΚΟΜΕΙΟ ΒΟΛΟΥ,1067.01,self-referential (payroll/EFKA/FMY remittance)
6Σ9Χ4690ΒΩ-ΧΣΕ,2026-05-08,ΚΑΤΑΒΟΛΗ ΑΠΟΔΟΧΩΝ ΛΟΙΠΟΥ ΕΠΙΚΟΥΡΙΚΟΥ ΠΡΟΣΩΠΙΚΟΥ ΜΕ ΣΧΕΣΗ ΕΡΓΑΣΙΑΣ ΙΔΟΧ ΜΗΝΟΣ ΑΠΡΙΛΙΟΥ 2026 «ΕΝΙΣΧΥΣΗ ΤΩΝ ΦΟΡΕΩΝ ΥΓΕΙΑΣ ΜΕ ΕΠΙΚΟΥΡΙΚΟ ΠΡΟΣΩΠΙΚΟ ΓΙΑ ΤΗΝ ΑΝΤΑΠΟΚΡΙΣΗ ΣΤΙΣ ΑΝΑΓΚΕΣ ΛΟΓΩ ΤΗΣ ΕΠΙΔΗΜΙΑΣ COVID-19 ΣΤΗΝ ΠΕΡΙΦΕΡΕΙΑ ΘΕΣΣΑΛΙΑΣ» ΜΕ ΚΩΔΙΚΟ ΟΠΣ 5070510 ΣΤΟ ΕΠΙΧΕΙΡΗΣΙΑΚΟ ΠΡΟΓΡΑΜΜΑ «ΠΕΡΙΦΕΡΕΙΑΚΟ ΕΠΙΧΕΙΡΗΣΙΑΚΟ ΠΡΟΓΡΑΜΜΑ ΘΕΣΣΑΛΙΑΣ 2014 ΜΕ ΠΑΡΑΤΑΣΗ ΣΥΜΒΑΣΕΩΝ ΕΩΣ 31/12/2026 ΣΥΜΦΩΝΑ ΜΕ ΤΙΣ ΔΙΑΤΑΞΕΙΣ ΤΟΥ Ν.5259/2025 ΑΡΘΡΟ 250 ΠΑΡ. 2,999501452,ΓΕΝΙΚΟ ΝΟΣΟΚΟΜΕΙΟ ΒΟΛΟΥ,48931.23,self-referential (payroll/EFKA/FMY remittance)
6Σ9Χ4690ΒΩ-ΧΣΕ,2026-05-08,ΚΑΤΑΒΟΛΗ ΑΠΟΔΟΧΩΝ ΛΟΙΠΟΥ ΕΠΙΚΟΥΡΙΚΟΥ ΠΡΟΣΩΠΙΚΟΥ ΜΕ ΣΧΕΣΗ ΕΡΓΑΣΙΑΣ ΙΔΟΧ ΜΗΝΟΣ ΑΠΡΙΛΙΟΥ 2026 «ΕΝΙΣΧΥΣΗ ΤΩΝ ΦΟΡΕΩΝ ΥΓΕΙΑΣ ΜΕ ΕΠΙΚΟΥΡΙΚΟ ΠΡΟΣΩΠΙΚΟ ΓΙΑ ΤΗΝ ΑΝΤΑΠΟΚΡΙΣΗ ΣΤΙΣ ΑΝΑΓΚΕΣ ΛΟΓΩ ΤΗΣ ΕΠΙΔΗΜΙΑΣ COVID-19 ΣΤΗΝ ΠΕΡΙΦΕΡΕΙΑ ΘΕΣΣΑΛΙΑΣ» ΜΕ ΚΩΔΙΚΟ ΟΠΣ 5070510 ΣΤΟ ΕΠΙΧΕΙΡΗΣΙΑΚΟ ΠΡΟΓΡΑΜΜΑ «ΠΕΡΙΦΕΡΕΙΑΚΟ ΕΠΙΧΕΙΡΗΣΙΑΚΟ ΠΡΟΓΡΑΜΜΑ ΘΕΣΣΑΛΙΑΣ 2014 ΜΕ ΠΑΡΑΤΑΣΗ ΣΥΜΒΑΣΕΩΝ ΕΩΣ 31/12/2026 ΣΥΜΦΩΝΑ ΜΕ ΤΙΣ ΔΙΑΤΑΞΕΙΣ ΤΟΥ Ν.5259/2025 ΑΡΘΡΟ 250 ΠΑΡ. 2,999501452,ΓΕΝΙΚΟ ΝΟΣΟΚΟΜΕΙΟ ΒΟΛΟΥ,9101.17,self-referential (payroll/EFKA/FMY remittance)
6Σ9Χ4690ΒΩ-ΧΣΕ,2026-05-08,ΚΑΤΑΒΟΛΗ ΑΠΟΔΟΧΩΝ ΛΟΙΠΟΥ ΕΠΙΚΟΥΡΙΚΟΥ ΠΡΟΣΩΠΙΚΟΥ ΜΕ ΣΧΕΣΗ ΕΡΓΑΣΙΑΣ ΙΔΟΧ ΜΗΝΟΣ ΑΠΡΙΛΙΟΥ 2026 «ΕΝΙΣΧΥΣΗ ΤΩΝ ΦΟΡΕΩΝ ΥΓΕΙΑΣ ΜΕ ΕΠΙΚΟΥΡΙΚΟ ΠΡΟΣΩΠΙΚΟ ΓΙΑ ΤΗΝ ΑΝΤΑΠΟΚΡΙΣΗ ΣΤΙΣ ΑΝΑΓΚΕΣ ΛΟΓΩ ΤΗΣ ΕΠΙΔΗΜΙΑΣ COVID-19 ΣΤΗΝ ΠΕΡΙΦΕΡΕΙΑ ΘΕΣΣΑΛΙΑΣ» ΜΕ ΚΩΔΙΚΟ ΟΠΣ 5070510 ΣΤΟ ΕΠΙΧΕΙΡΗΣΙΑΚΟ ΠΡΟΓΡΑΜΜΑ «ΠΕΡΙΦΕΡΕΙΑΚΟ ΕΠΙΧΕΙΡΗΣΙΑΚΟ ΠΡΟΓΡΑΜΜΑ ΘΕΣΣΑΛΙΑΣ 2014 ΜΕ ΠΑΡΑΤΑΣΗ ΣΥΜΒΑΣΕΩΝ ΕΩΣ 31/12/2026 ΣΥΜΦΩΝΑ ΜΕ ΤΙΣ ΔΙΑΤΑΞΕΙΣ ΤΟΥ Ν.5259/2025 ΑΡΘΡΟ 250 ΠΑΡ. 2,999501452,ΓΕΝΙΚΟ ΝΟΣΟΚΟΜΕΙΟ ΒΟΛΟΥ,13822.93,self-referential (payroll/EFKA/FMY remittance)
ΨΓ6Δ4690ΒΩ-ΛΞΜ,2026-05-08,ΚΑΤΑΒΟΛΗ ΑΠΟΔΟΧΩΝ ΜΗΝΟΣ ΑΠΡΙΛΙΟΥ 2025 ΣΕ ΠΡΟΣΩΠΙΚΟ ΠΟΥ ΥΠΗΡΕΤΕΙ ΜΕΣΩ ΠΡΟΓΡΑΜΜΑΤΟΣ ΟΑΕΔ ΗΛΙΚΙΑΣ 55-67 ΣΥΜΦΩΝΑ ΜΕ ΤΗΝ 1η ΤΡΟΠΟΠΟΙΗΣΗ ΤΗΣ ΔΗΜΟΣΙΑΣ ΠΡΟΣΚΛΗΣΗΣ Νο11/2017 ΤΟΥ ΟΑΕΔ,999501452,ΓΕΝΙΚΟ ΝΟΣΟΚΟΜΕΙΟ ΒΟΛΟΥ,15871.67,self-referential (payroll/EFKA/FMY remittance)
ΨΓ6Δ4690ΒΩ-ΛΞΜ,2026-05-08,ΚΑΤΑΒΟΛΗ ΑΠΟΔΟΧΩΝ ΜΗΝΟΣ ΑΠΡΙΛΙΟΥ 2025 ΣΕ ΠΡΟΣΩΠΙΚΟ ΠΟΥ ΥΠΗΡΕΤΕΙ ΜΕΣΩ ΠΡΟΓΡΑΜΜΑΤΟΣ ΟΑΕΔ ΗΛΙΚΙΑΣ 55-67 ΣΥΜΦΩΝΑ ΜΕ ΤΗΝ 1η ΤΡΟΠΟΠΟΙΗΣΗ ΤΗΣ ΔΗΜΟΣΙΑΣ ΠΡΟΣΚΛΗΣΗΣ Νο11/2017 ΤΟΥ ΟΑΕΔ,999501452,ΓΕΝΙΚΟ ΝΟΣΟΚΟΜΕΙΟ ΒΟΛΟΥ,1725.66,self-referential (payroll/EFKA/FMY remittance)
ΨΓ6Δ4690ΒΩ-ΛΞΜ,2026-05-08,ΚΑΤΑΒΟΛΗ ΑΠΟΔΟΧΩΝ ΜΗΝΟΣ ΑΠΡΙΛΙΟΥ 2025 ΣΕ ΠΡΟΣΩΠΙΚΟ ΠΟΥ ΥΠΗΡΕΤΕΙ ΜΕΣΩ ΠΡΟΓΡΑΜΜΑΤΟΣ ΟΑΕΔ ΗΛΙΚΙΑΣ 55-67 ΣΥΜΦΩΝΑ ΜΕ ΤΗΝ 1η ΤΡΟΠΟΠΟΙΗΣΗ ΤΗΣ ΔΗΜΟΣΙΑΣ ΠΡΟΣΚΛΗΣΗΣ Νο11/2017 ΤΟΥ ΟΑΕΔ,999501452,ΓΕΝΙΚΟ ΝΟΣΟΚΟΜΕΙΟ ΒΟΛΟΥ,4050.02,self-referential (payroll/EFKA/FMY remittance)
95ΣΚ4690ΒΩ-5ΙΒ,2026-05-08,ΚΑΤΑΒΟΛΗ ΑΠΟΔΟΧΩΝ ΜΗΝΟΣ ΑΠΡΙΛΙΟΥ 2025 ΣΕ ΠΡΟΣΩΠΙΚΟ ΠΟΥ ΥΠΗΡΕΤΕΙ ΜΕΣΩ ΠΡΟΓΡΑΜΜΑΤΟΣ ΟΑΕΔ ΗΛΙΚΙΑΣ 55-67 ΣΥΜΦΩΝΑ ΜΕ ΤΗΝ 1η ΤΡΟΠΟΠΟΙΗΣΗ ΤΗΣ ΔΗΜΟΣΙΑΣ ΠΡΟΣΚΛΗΣΗΣ Νο11/2017 ΤΟΥ ΟΑΕΔ ΠΔΕ ΣΥΓΧΡΗΜΑΤΟΔΟΤΟΥΜΕΝΟ,999501452,ΓΕΝΙΚΟ ΝΟΣΟΚΟΜΕΙΟ ΒΟΛΟΥ,21014.90,self-referential (payroll/EFKA/FMY remittance)
95ΣΚ4690ΒΩ-5ΙΒ,2026-05-08,ΚΑΤΑΒΟΛΗ ΑΠΟΔΟΧΩΝ ΜΗΝΟΣ ΑΠΡΙΛΙΟΥ 2025 ΣΕ ΠΡΟΣΩΠΙΚΟ ΠΟΥ ΥΠΗΡΕΤΕΙ ΜΕΣΩ ΠΡΟΓΡΑΜΜΑΤΟΣ ΟΑΕΔ ΗΛΙΚΙΑΣ 55-67 ΣΥΜΦΩΝΑ ΜΕ ΤΗΝ 1η ΤΡΟΠΟΠΟΙΗΣΗ ΤΗΣ ΔΗΜΟΣΙΑΣ ΠΡΟΣΚΛΗΣΗΣ Νο11/2017 ΤΟΥ ΟΑΕΔ ΠΔΕ ΣΥΓΧΡΗΜΑΤΟΔΟΤΟΥΜΕΝΟ,999501452,ΓΕΝΙΚΟ ΝΟΣΟΚΟΜΕΙΟ ΒΟΛΟΥ,2151.01,self-referential (payroll/EFKA/FMY remittance)
95ΣΚ4690ΒΩ-5ΙΒ,2026-05-08,ΚΑΤΑΒΟΛΗ ΑΠΟΔΟΧΩΝ ΜΗΝΟΣ ΑΠΡΙΛΙΟΥ 2025 ΣΕ ΠΡΟΣΩΠΙΚΟ ΠΟΥ ΥΠΗΡΕΤΕΙ ΜΕΣΩ ΠΡΟΓΡΑΜΜΑΤΟΣ ΟΑΕΔ ΗΛΙΚΙΑΣ 55-67 ΣΥΜΦΩΝΑ ΜΕ ΤΗΝ 1η ΤΡΟΠΟΠΟΙΗΣΗ ΤΗΣ ΔΗΜΟΣΙΑΣ ΠΡΟΣΚΛΗΣΗΣ Νο11/2017 ΤΟΥ ΟΑΕΔ ΠΔΕ ΣΥΓΧΡΗΜΑΤΟΔΟΤΟΥΜΕΝΟ,999501452,ΓΕΝΙΚΟ ΝΟΣΟΚΟΜΕΙΟ ΒΟΛΟΥ,5334.09,self-referential (payroll/EFKA/FMY remittance)
929Ξ4690ΒΩ-ΟΦΚ,2026-05-08,ΚΑΤΑΒΟΛΗ ΑΠΟΔΟΧΩΝ ΜΗΝΟΣ ΑΠΡΙΛΙΟΥ 2026 ΙΑΤΡΙΚΟΥ ΕΠΙΚΟΥΡΙΚΟΥ ΠΡΟΣΩΠΙΚΟΥ,999501452,ΓΕΝΙΚΟ ΝΟΣΟΚΟΜΕΙΟ ΒΟΛΟΥ,15858.63,self-referential (payroll/EFKA/FMY remittance)
929Ξ4690ΒΩ-ΟΦΚ,2026-05-08,ΚΑΤΑΒΟΛΗ ΑΠΟΔΟΧΩΝ ΜΗΝΟΣ ΑΠΡΙΛΙΟΥ 2026 ΙΑΤΡΙΚΟΥ ΕΠΙΚΟΥΡΙΚΟΥ ΠΡΟΣΩΠΙΚΟΥ,999501452,ΓΕΝΙΚΟ ΝΟΣΟΚΟΜΕΙΟ ΒΟΛΟΥ,3581.34,self-referential (payroll/EFKA/FMY remittance)
929Ξ4690ΒΩ-ΟΦΚ,2026-05-08,ΚΑΤΑΒΟΛΗ ΑΠΟΔΟΧΩΝ ΜΗΝΟΣ ΑΠΡΙΛΙΟΥ 2026 ΙΑΤΡΙΚΟΥ ΕΠΙΚΟΥΡΙΚΟΥ ΠΡΟΣΩΠΙΚΟΥ,999501452,ΓΕΝΙΚΟ ΝΟΣΟΚΟΜΕΙΟ ΒΟΛΟΥ,4235.96,self-referential (payroll/EFKA/FMY remittance)
9ΣΦΩ4690ΒΩ-8ΕΚ,2026-05-08,ΚΑΤΑΒΟΛΗ ΑΠΟΔΟΧΩΝ ΜΗΝΟΣ ΑΠΡΙΛΙΟΥ 2026 ΣΕ ΝΕΟΔΙΟΡΙΣΤΟΥΣ ΕΠΙΚΟΥΡΙΚΟΥΣ ΙΑΤΡΟΥΣ,999501452,ΓΕΝΙΚΟ ΝΟΣΟΚΟΜΕΙΟ ΒΟΛΟΥ,3097.20,self-referential (payroll/EFKA/FMY remittance)
9ΣΦΩ4690ΒΩ-8ΕΚ,2026-05-08,ΚΑΤΑΒΟΛΗ ΑΠΟΔΟΧΩΝ ΜΗΝΟΣ ΑΠΡΙΛΙΟΥ 2026 ΣΕ ΝΕΟΔΙΟΡΙΣΤΟΥΣ ΕΠΙΚΟΥΡΙΚΟΥΣ ΙΑΤΡΟΥΣ,999501452,ΓΕΝΙΚΟ ΝΟΣΟΚΟΜΕΙΟ ΒΟΛΟΥ,693.33,self-referential (payroll/EFKA/FMY remittance)
9ΣΦΩ4690ΒΩ-8ΕΚ,2026-05-08,ΚΑΤΑΒΟΛΗ ΑΠΟΔΟΧΩΝ ΜΗΝΟΣ ΑΠΡΙΛΙΟΥ 2026 ΣΕ ΝΕΟΔΙΟΡΙΣΤΟΥΣ ΕΠΙΚΟΥΡΙΚΟΥΣ ΙΑΤΡΟΥΣ,999501452,ΓΕΝΙΚΟ ΝΟΣΟΚΟΜΕΙΟ ΒΟΛΟΥ,825.95,self-referential (payroll/EFKA/FMY remittance)
95ΩΙ4690ΒΩ-ΞΧ7,2026-05-08,"ΕΙΣΦΟΡΕΣ ΥΠΕΡ ΕΦΚΑ ΔΙΕΚ (129,47) & ΙΕΚ (23,54) ΜΗΝΟΣ ΑΠΡΙΛΙΟΥ 2026",999501452,ΓΕΝΙΚΟ ΝΟΣΟΚΟΜΕΙΟ ΒΟΛΟΥ,153.01,self-referential (payroll/EFKA/FMY remittance)
6Τ234690ΒΩ-ΖΦ5,2026-05-08,ΚΑΤΑΒΟΛΗ ΑΠΟΔΟΧΩΝ ΜΗΝΟΣ ΑΠΡΙΛΙΟΥ 2026 ΛΟΙΠΟΥ ΕΠΙΚΟΥΡΙΚΟΥ ΠΡΟΣΩΠΙΚΟΥ ΜΕ ΣΧΕΣΗ ΕΡΓΑΣΙΑΣ ΙΔΟΧ ΣΕ ΕΦΑΡΜΟΓΗ ΤΩΝ ΔΙΑΤΑΞΕΩΝ ΤΟΥ ΑΡΘΡΟΥ 17 ΤΗΣ ΠΝΠ ΦΕΚ 55/1-3-2020 ΄΄ΚΑΤΕΠΕΙΓΟΝΤΑ ΜΕΤΡΑ ΑΝΤΙΜΕΤΩΠΙΣΗΣ ΤΩΝ ΑΡΝΗΤΙΚΩΝ ΣΥΝΕΠΕΙΩΝ ΤΗΣ ΕΜΦΑΝΙΣΗΣ COVID19 ΜΕ ΠΑΡΑΤΑΣΗ ΣΥΜΒΑΣΕΩΝ ΕΩΣ 31/12/2026 ΣΥΜΦΩΝΑ ΜΕ ΤΙΣ ΔΙΑΤΑΞΕΙΣ ΤΟΥ Ν.5259/2025 ΑΡΘΡΟ 250 ΠΑΡ. 2,999501452,ΓΕΝΙΚΟ ΝΟΣΟΚΟΜΕΙΟ ΒΟΛΟΥ,18736.50,self-referential (payroll/EFKA/FMY remittance)
6Τ234690ΒΩ-ΖΦ5,2026-05-08,ΚΑΤΑΒΟΛΗ ΑΠΟΔΟΧΩΝ ΜΗΝΟΣ ΑΠΡΙΛΙΟΥ 2026 ΛΟΙΠΟΥ ΕΠΙΚΟΥΡΙΚΟΥ ΠΡΟΣΩΠΙΚΟΥ ΜΕ ΣΧΕΣΗ ΕΡΓΑΣΙΑΣ ΙΔΟΧ ΣΕ ΕΦΑΡΜΟΓΗ ΤΩΝ ΔΙΑΤΑΞΕΩΝ ΤΟΥ ΑΡΘΡΟΥ 17 ΤΗΣ ΠΝΠ ΦΕΚ 55/1-3-2020 ΄΄ΚΑΤΕΠΕΙΓΟΝΤΑ ΜΕΤΡΑ ΑΝΤΙΜΕΤΩΠΙΣΗΣ ΤΩΝ ΑΡΝΗΤΙΚΩΝ ΣΥΝΕΠΕΙΩΝ ΤΗΣ ΕΜΦΑΝΙΣΗΣ COVID19 ΜΕ ΠΑΡΑΤΑΣΗ ΣΥΜΒΑΣΕΩΝ ΕΩΣ 31/12/2026 ΣΥΜΦΩΝΑ ΜΕ ΤΙΣ ΔΙΑΤΑΞΕΙΣ ΤΟΥ Ν.5259/2025 ΑΡΘΡΟ 250 ΠΑΡ. 2,999501452,ΓΕΝΙΚΟ ΝΟΣΟΚΟΜΕΙΟ ΒΟΛΟΥ,3005.00,self-referential (payroll/EFKA/FMY remittance)
6Τ234690ΒΩ-ΖΦ5,2026-05-08,ΚΑΤΑΒΟΛΗ ΑΠΟΔΟΧΩΝ ΜΗΝΟΣ ΑΠΡΙΛΙΟΥ 2026 ΛΟΙΠΟΥ ΕΠΙΚΟΥΡΙΚΟΥ ΠΡΟΣΩΠΙΚΟΥ ΜΕ ΣΧΕΣΗ ΕΡΓΑΣΙΑΣ ΙΔΟΧ ΣΕ ΕΦΑΡΜΟΓΗ ΤΩΝ ΔΙΑΤΑΞΕΩΝ ΤΟΥ ΑΡΘΡΟΥ 17 ΤΗΣ ΠΝΠ ΦΕΚ 55/1-3-2020 ΄΄ΚΑΤΕΠΕΙΓΟΝΤΑ ΜΕΤΡΑ ΑΝΤΙΜΕΤΩΠΙΣΗΣ ΤΩΝ ΑΡΝΗΤΙΚΩΝ ΣΥΝΕΠΕΙΩΝ ΤΗΣ ΕΜΦΑΝΙΣΗΣ COVID19 ΜΕ ΠΑΡΑΤΑΣΗ ΣΥΜΒΑΣΕΩΝ ΕΩΣ 31/12/2026 ΣΥΜΦΩΝΑ ΜΕ ΤΙΣ ΔΙΑΤΑΞΕΙΣ ΤΟΥ Ν.5259/2025 ΑΡΘΡΟ 250 ΠΑΡ. 2,999501452,ΓΕΝΙΚΟ ΝΟΣΟΚΟΜΕΙΟ ΒΟΛΟΥ,5020.23,self-referential (payroll/EFKA/FMY remittance)
65Λ84690ΒΩ-ΡΝ3,2026-04-29,ΑΠΟΔΟΣΕΙΣ ΕΣΟΔΩΝ ΠΟΥ ΕΙΣΠΡΑΧΘΗΚΑΝ ΥΠΕΡ ΔΗΜΟΣΙΟΥ ΚΑΙ ΤΡΙΤΩΝ ΑΠΟ ΧΡΗΜΑΤΟΔΟΤΗΣΕΙΣ ΤΟΥ ΠΡΟΓΡΑΜΜΑΤΟΣ ΔΗΜΟΣΙΟΥ ΕΠΕΝΔΥΣΕΩΝ (ΤΑΜΕΙΟ ΑΝΑΚΑΜΨΗΣ  ΑΠΟΓΕΥΜΑΤΙΝΑ ΧΕΙΡΟΥΡΓΕΙΑ ),999501452,ΓΕΝΙΚΟ ΝΟΣΟΚΟΜΕΙΟ ΒΟΛΟΥ,604.70,self-referential (payroll/EFKA/FMY remittance)
65Λ84690ΒΩ-ΡΝ3,2026-04-29,ΑΠΟΔΟΣΕΙΣ ΕΣΟΔΩΝ ΠΟΥ ΕΙΣΠΡΑΧΘΗΚΑΝ ΥΠΕΡ ΔΗΜΟΣΙΟΥ ΚΑΙ ΤΡΙΤΩΝ ΑΠΟ ΧΡΗΜΑΤΟΔΟΤΗΣΕΙΣ ΤΟΥ ΠΡΟΓΡΑΜΜΑΤΟΣ ΔΗΜΟΣΙΟΥ ΕΠΕΝΔΥΣΕΩΝ (ΤΑΜΕΙΟ ΑΝΑΚΑΜΨΗΣ  ΑΠΟΓΕΥΜΑΤΙΝΑ ΧΕΙΡΟΥΡΓΕΙΑ ),999501452,ΓΕΝΙΚΟ ΝΟΣΟΚΟΜΕΙΟ ΒΟΛΟΥ,6998.12,self-referential (payroll/EFKA/FMY remittance)
65Λ84690ΒΩ-ΡΝ3,2026-04-29,ΑΠΟΔΟΣΕΙΣ ΕΣΟΔΩΝ ΠΟΥ ΕΙΣΠΡΑΧΘΗΚΑΝ ΥΠΕΡ ΔΗΜΟΣΙΟΥ ΚΑΙ ΤΡΙΤΩΝ ΑΠΟ ΧΡΗΜΑΤΟΔΟΤΗΣΕΙΣ ΤΟΥ ΠΡΟΓΡΑΜΜΑΤΟΣ ΔΗΜΟΣΙΟΥ ΕΠΕΝΔΥΣΕΩΝ (ΤΑΜΕΙΟ ΑΝΑΚΑΜΨΗΣ  ΑΠΟΓΕΥΜΑΤΙΝΑ ΧΕΙΡΟΥΡΓΕΙΑ ),999501452,ΓΕΝΙΚΟ ΝΟΣΟΚΟΜΕΙΟ ΒΟΛΟΥ,604.70,self-referential (payroll/EFKA/FMY remittance)
ΡΗΠΟ4690ΒΩ-Δ9Ω,2026-04-29,ΑΠΟΔΟΣΗ ΥΠΕΡ ΕΦΚΑ ΚΑΙ ΑΣΦΑΛΙΣΤΙΚΩΝ ΤΑΜΕΙΩΝ ΕΠΙ ΤΩΝ ΕΞΟΦΛΗΘΕΝΤΩΝ ΧΕ ΜΙΣΘΟΔΟΣΙΑΣ ΜΗΝΟΣ ΑΠΡΙΛΙΟ 2026 (Φ100 ΕΑΠ),999501452,ΓΕΝΙΚΟ ΝΟΣΟΚΟΜΕΙΟ ΒΟΛΟΥ,144546.37,self-referential (payroll/EFKA/FMY remittance)
ΡΗΠΟ4690ΒΩ-Δ9Ω,2026-04-29,ΑΠΟΔΟΣΗ ΥΠΕΡ ΕΦΚΑ ΚΑΙ ΑΣΦΑΛΙΣΤΙΚΩΝ ΤΑΜΕΙΩΝ ΕΠΙ ΤΩΝ ΕΞΟΦΛΗΘΕΝΤΩΝ ΧΕ ΜΙΣΘΟΔΟΣΙΑΣ ΜΗΝΟΣ ΑΠΡΙΛΙΟ 2026 (Φ100 ΕΑΠ),999501452,ΓΕΝΙΚΟ ΝΟΣΟΚΟΜΕΙΟ ΒΟΛΟΥ,28427.92,self-referential (payroll/EFKA/FMY remittance)
ΡΗΠΟ4690ΒΩ-Δ9Ω,2026-04-29,ΑΠΟΔΟΣΗ ΥΠΕΡ ΕΦΚΑ ΚΑΙ ΑΣΦΑΛΙΣΤΙΚΩΝ ΤΑΜΕΙΩΝ ΕΠΙ ΤΩΝ ΕΞΟΦΛΗΘΕΝΤΩΝ ΧΕ ΜΙΣΘΟΔΟΣΙΑΣ ΜΗΝΟΣ ΑΠΡΙΛΙΟ 2026 (Φ100 ΕΑΠ),999501452,ΓΕΝΙΚΟ ΝΟΣΟΚΟΜΕΙΟ ΒΟΛΟΥ,58312.32,self-referential (payroll/EFKA/FMY remittance)
ΡΗΠΟ4690ΒΩ-Δ9Ω,2026-04-29,ΑΠΟΔΟΣΗ ΥΠΕΡ ΕΦΚΑ ΚΑΙ ΑΣΦΑΛΙΣΤΙΚΩΝ ΤΑΜΕΙΩΝ ΕΠΙ ΤΩΝ ΕΞΟΦΛΗΘΕΝΤΩΝ ΧΕ ΜΙΣΘΟΔΟΣΙΑΣ ΜΗΝΟΣ ΑΠΡΙΛΙΟ 2026 (Φ100 ΕΑΠ),999501452,ΓΕΝΙΚΟ ΝΟΣΟΚΟΜΕΙΟ ΒΟΛΟΥ,11216.35,self-referential (payroll/EFKA/FMY remittance)
ΨΧΓΗ4690ΒΩ-4ΧΩ,2026-04-29,"ΦΩΤΙΣΜΟΣ ΚΙΝΗΣΗ ΘΕΡΜΑΝΣΗ (ΜΕ ΗΛΕΚΤΡΙ.Η ΜΕ ΦΥΣΙΚΟ ΑΕΡΙΟ )ΝΟΣΟΚΟΜΕΙΟ ΓΙΑ ΤΗΝ ΠΑΡΟΧΗ 37491 (ΑΠΟ 01/12/2025-31/12/2025,01/01/2026-31/01/2026,01/02/2026-28/02/2026)",999501452,ΓΕΝΙΚΟ ΝΟΣΟΚΟΜΕΙΟ ΒΟΛΟΥ,4918.13,self-referential (payroll/EFKA/FMY remittance)
ΨΧΓΗ4690ΒΩ-4ΧΩ,2026-04-29,"ΦΩΤΙΣΜΟΣ ΚΙΝΗΣΗ ΘΕΡΜΑΝΣΗ (ΜΕ ΗΛΕΚΤΡΙ.Η ΜΕ ΦΥΣΙΚΟ ΑΕΡΙΟ )ΝΟΣΟΚΟΜΕΙΟ ΓΙΑ ΤΗΝ ΠΑΡΟΧΗ 37491 (ΑΠΟ 01/12/2025-31/12/2025,01/01/2026-31/01/2026,01/02/2026-28/02/2026)",999501452,ΓΕΝΙΚΟ ΝΟΣΟΚΟΜΕΙΟ ΒΟΛΟΥ,453.63,self-referential (payroll/EFKA/FMY remittance)
6Χ2Σ4690ΒΩ-ΓΒ2,2026-04-27,ΠΡΟΜΗΘΕΙΑ ΟΡΘΟΠΕΔΙΚΟΥ ΥΛΙΚΟΥ ΠΡΟΣΘΕΤΩΝ ΓΙΑ ΤΟΝ ΜΗΝΑ ΣΕΠΤΕΜΒΡΙΟ 2025,999501452,ΓΕΝΙΚΟ ΝΟΣΟΚΟΜΕΙΟ ΒΟΛΟΥ,4716.62,self-referential (payroll/EFKA/FMY remittance)
ΡΚΝΥ4690ΒΩ-Ν4Ω,2026-04-27,ΠΡΟΜΗΘΕΙΑ ΟΡΘΟΠΕΔΙΚΟΥ ΥΛΙΚΟΥ ΠΡΟΣΘΕΤΩΝ ΓΙΑ ΤΟΝ ΜΗΝΑ ΑΥΓΟΥΣΤΟ 2025,999501452,ΓΕΝΙΚΟ ΝΟΣΟΚΟΜΕΙΟ ΒΟΛΟΥ,4716.62,self-referential (payroll/EFKA/FMY remittance)
62ΠΑ4690ΒΩ-ΑΙ5,2026-04-27,ΠΡΟΜΗΘΕΙΑ ΟΡΘΟΠΕΔΙΚΟΥ ΥΛΙΚΟΥ ΠΡΟΣΘΕΤΩΝ ΓΙΑ ΤΟΝ ΜΗΝΑ ΑΥΓΟΥΣΤΟ 2025,999501452,ΓΕΝΙΚΟ ΝΟΣΟΚΟΜΕΙΟ ΒΟΛΟΥ,4121.82,self-referential (payroll/EFKA/FMY remittance)
ΨΕΧΡ4690ΒΩ-Κ1Χ,2026-04-27,ΠΡΟΜΗΘΕΙΑ ΟΡΘΟΠΕΔΙΚΟΥ ΥΛΙΚΟΥ ΠΡΟΣΘΕΤΩΝ ΓΙΑ ΤΟΝ ΜΗΝΑ ΣΕΠΤΕΜΒΡΙΟ 2025,999501452,ΓΕΝΙΚΟ ΝΟΣΟΚΟΜΕΙΟ ΒΟΛΟΥ,4482.92,self-referential (payroll/EFKA/FMY remittance)
ΡΩΥΘ4690ΒΩ-20Χ,2026-04-27,ΠΡΟΜΗΘΕΙΑ ΛΟΙΠΟΥ ΧΗΜΙΚΟΥ ΥΛΙΚΟΥ (ΑΝΤΙΔΡΑΣΤΗΡΙΑ ΑΙΜΟΔΟΣΙΑΣ ),999501452,ΓΕΝΙΚΟ ΝΟΣΟΚΟΜΕΙΟ ΒΟΛΟΥ,3787.55,self-referential (payroll/EFKA/FMY remittance)
Ψ8ΠΘ4690ΒΩ-Τ5Ε,2026-04-27,ΠΡΟΜΗΘΕΙΑ ΛΟΙΠΟΥ ΧΗΜΙΚΟΥ ΥΛΙΚΟΥ (ΑΝΤΙΔΡΑΣΤΗΡΙΑ ΑΙΜΟΔΟΣΙΑΣ ),999501452,ΓΕΝΙΚΟ ΝΟΣΟΚΟΜΕΙΟ ΒΟΛΟΥ,2289.60,self-referential (payroll/EFKA/FMY remittance)
6Χ2Τ4690ΒΩ-Κ1Ζ,2026-04-27,ΠΡΟΜΗΘΕΙΑ ΛΟΙΠΟΥ ΧΗΜΙΚΟΥ ΥΛΙΚΟΥ (ΑΝΤΙΔΡΑΣΤΗΡΙΩΝ ΕΡΓΑΣΤΗΡΙΩΝ ),999501452,ΓΕΝΙΚΟ ΝΟΣΟΚΟΜΕΙΟ ΒΟΛΟΥ,1127.92,self-referential (payroll/EFKA/FMY remittance)
ΨΤ454690ΒΩ-ΜΟ5,2026-04-27,ΟΦΘΑΛΜΟΛΟΓΙΚΑ ΥΛΙΚΑ,999501452,ΓΕΝΙΚΟ ΝΟΣΟΚΟΜΕΙΟ ΒΟΛΟΥ,6610.50,self-referential (payroll/EFKA/FMY remittance)
ΨΓΠΘ4690ΒΩ-5ΙΞ,2026-04-27,ΠΡΟΜΗΘΕΙΑ ΟΡΘΟΠΕΔΙΚΟΥ ΥΛΙΚΟΥ ΠΡΟΣΘΕΤΩΝ ΓΙΑ ΤΟΝ ΜΗΝΑ ΣΕΠΤΕΜΒΡΙΟ 2025,999501452,ΓΕΝΙΚΟ ΝΟΣΟΚΟΜΕΙΟ ΒΟΛΟΥ,6115.48,self-referential (payroll/EFKA/FMY remittance)
9ΒΞΘ4690ΒΩ-ΖΜΧ,2026-04-27,"ΠΑΡΑΚΛΙΝΙΚΕΣ ΕΞΕΤΑΣΕΙΣ ΤΩΝ ΑΣΘΕΝΩΝ ΤΟΥ ΝΟΣΟΚΟΜΕΙΟΥ ΓΙΑ ΤΟΥΣ ΜΗΝΕΣ ΙΟΥΝΙΟ, ΙΟΥΛΙΟ & ΑΥΓΟΥΣΤΟ 2025, ΣΥΜΦΩΝΑ ΜΕ ΤΙΣ ΔΙΑΤΑΞΕΙΣ ΤΟΥ Ν.5264/2025 αρθ.105 (ΦΕΚ 239/ τ.Α΄/19/12/2025",999501452,ΓΕΝΙΚΟ ΝΟΣΟΚΟΜΕΙΟ ΒΟΛΟΥ,40285.73,self-referential (payroll/EFKA/FMY remittance)
6ΜΕΒ4690ΒΩ-Φ02,2026-04-27,ΠΡΟΜΗΘΕΙΑ ΦΑΡΜΑΚΕΥΤΙΚΟΥ ΥΛΙΚΟΥ ΝΟΣΟΚΟΜΕΙΟΥ ΓΙΑ ΤΟ ΜΗΝA ΟΚΤΩΒΡΙΟ 2025 ΣΥΜΦΩΝΑ ΜΕ ΤΙΣ ΔΙΑΤΑΞΕΙΣ ΤΟΥ Ν.5264/2025 αρθ.105 (ΦΕΚ 239/ τ.Α΄/19/12/2025),999501452,ΓΕΝΙΚΟ ΝΟΣΟΚΟΜΕΙΟ ΒΟΛΟΥ,435.03,self-referential (payroll/EFKA/FMY remittance)
ΨΠ8Κ4690ΒΩ-ΝΣΔ,2026-04-27,"ΠΡΟΜΗΘΕΙΑ ΦΑΡΜΑΚΕΥΤΙΚΟΥ ΥΛΙΚΟΥ ΝΟΣΟΚΟΜΕΙΟΥ ΓΙΑ ΤΟΥΣ ΜΗΝΕΣ ΙΟΥΛΙΟ & ΑΥΓΟΥΣΤΟ 2025 , ΣΥΜΦΩΝΑ ΜΕ ΤΙΣ ΔΙΑΤΑΞΕΙΣ ΤΟΥ Ν.5264/2025 αρθ.105 (ΦΕΚ 239/ τ.Α΄/19/12/2025)",999501452,ΓΕΝΙΚΟ ΝΟΣΟΚΟΜΕΙΟ ΒΟΛΟΥ,322.00,self-referential (payroll/EFKA/FMY remittance)
6Ζ964690ΒΩ-4ΘΚ,2026-04-27,"ΠΡΟΜΗΘΕΙΑ ΔΙΑΦΟΡΩΝ ΑΝΤΑΛΛΑΚΤΙΚΩΝ ΓΙΑ ΤΗΝ ΕΠΙΣΚΕΥΗ & ΤΗΝ ΣΥΝΤΗΡΗΣΗ ΒΙΟΪΑΤΡΙΚΟΥ ΕΞΟΠΛΙΣΜΟΥ, ΜΗΝΩΝ ΜΑΪΟΥ, ΙΟΥΝΙΟΥ, ΑΥΓΟΥΣΤΟΥ & ΣΕΠΤΕΜΒΡΙΟΥ 2025,",999501452,ΓΕΝΙΚΟ ΝΟΣΟΚΟΜΕΙΟ ΒΟΛΟΥ,1045.63,self-referential (payroll/EFKA/FMY remittance)
6ΝΗΛ4690ΒΩ-4ΞΒ,2026-04-27,"ΣΥΝΤΗΡΗΣΗ ΑΝΑΕΛΚΥΣΤΗΡΑ ΚΛΕΙΣΤΟΥ ΤΥΠΟΥ ΑΜΕΑ & ΕΠΙΣΚΕΥΗ-ΤΟΠΟΘΕΤΗΣΗ ΜΟΤΕΡ ΑΠΟΣΤΕΙΡΩΣΗΣ, ΓΙΑ ΤΟΥΣ ΜΗΝΕΣ ΜΑΡΤΙΟ ΕΩΣ ΣΕΠΤΕΜΒΡΙΟ 2025",999501452,ΓΕΝΙΚΟ ΝΟΣΟΚΟΜΕΙΟ ΒΟΛΟΥ,926.60,self-referential (payroll/EFKA/FMY remittance)
6ΜΗΕ4690ΒΩ-85Α,2026-04-27,"ΣΥΝΤΗΡΗΣΗ ΑΝΑΕΛΚΥΣΤΗΡΑ ΚΛΕΙΣΤΟΥ ΤΥΠΟΥ ΑΜΕΑ & ΕΠΙΣΚΕΥΗ-ΤΟΠΟΘΕΤΗΣΗ ΜΟΤΕΡ ΑΠΟΣΤΕΙΡΩΣΗΣ, ΓΙΑ ΤΟΥΣ ΜΗΝΕΣ ΜΑΡΤΙΟ ΕΩΣ ΣΕΠΤΕΜΒΡΙΟ 2025",999501452,ΓΕΝΙΚΟ ΝΟΣΟΚΟΜΕΙΟ ΒΟΛΟΥ,889.40,self-referential (payroll/EFKA/FMY remittance)
ΨΓΟΙ4690ΒΩ-6ΝΧ,2026-04-27,"ΠΡΟΜΗΘΕΙΑ DRUM OKI & TONER HP, ΜΗΝΟΣ ΙΟΥΝΙΟΥ 2025,",999501452,ΓΕΝΙΚΟ ΝΟΣΟΚΟΜΕΙΟ ΒΟΛΟΥ,1473.22,self-referential (payroll/EFKA/FMY remittance)
9ΤΥ04690ΒΩ-ΖΦΘ,2026-04-27,ΠΡΟΜΗΘΕΙΑ ΟΡΘΟΠΕΔΙΚΟΥ ΥΛΙΚΟΥ ΠΡΟΣΘΕΤΩΝ ΓΙΑ ΤΟΝ ΜΗΝΑ ΣΕΠΤΕΜΒΡΙΟ 2025,999501452,ΓΕΝΙΚΟ ΝΟΣΟΚΟΜΕΙΟ ΒΟΛΟΥ,3955.00,self-referential (payroll/EFKA/FMY remittance)
93ΑΔ4690ΒΩ-Ψ3Χ,2026-04-27,ΠΡΟΜΗΘΕΙΑ ΟΡΘΟΠΕΔΙΚΟΥ ΥΛΙΚΟΥ ΠΡΟΣΘΕΤΩΝ ΓΙΑ ΤΟ ΜΗΝΑ ΣΕΠΤΕΜΒΡΙΟ 2025,999501452,ΓΕΝΙΚΟ ΝΟΣΟΚΟΜΕΙΟ ΒΟΛΟΥ,2825.00,self-referential (payroll/EFKA/FMY remittance)
ΨΘΥ14690ΒΩ-Λ95,2026-04-27,ΠΡΟΜΗΘΕΙΑ ΤΡΑΠΕΖΙΚΩΝ ΕΡΓΑΣΙΩΝ ΓΙΑ ΕΞΕΡΧΟΜΕΝΕΣ ΜΕΤΑΦΟΡΕΣ ΠΙΣΤΩΣΕΩΝ ΣΕ ΤΡΑΠΕΖΕΣ ΤΟΥ ΕΞΩΤΕΡΙΚΟΥ (,999501452,ΓΕΝΙΚΟ ΝΟΣΟΚΟΜΕΙΟ ΒΟΛΟΥ,2.40,self-referential (payroll/EFKA/FMY remittance)
9ΤΡΗ4690ΒΩ-0ΚΙ,2026-04-27,ΠΡΟΜΗΘΕΙΑ ΟΡΘΟΠΕΔΙΚΟΥ ΥΛΙΚΟΥ ΠΡΟΣΘΕΤΩΝ ΓΙΑ ΤΟ ΜΗΝΑ ΑΥΓΟΥΣΤΟ,999501452,ΓΕΝΙΚΟ ΝΟΣΟΚΟΜΕΙΟ ΒΟΛΟΥ,4655.60,self-referential (payroll/EFKA/FMY remittance)
ΨΓ2Α4690ΒΩ-Δ2Θ,2026-04-27,ΠΡΟΜΗΘΕΙΑ ΕΡΓΑΣΤΗΡΙΑΚΟΥ ΦΛΟΓΙΣΤΡΟΥ ΑΕΡΙΟΥ,999501452,ΓΕΝΙΚΟ ΝΟΣΟΚΟΜΕΙΟ ΒΟΛΟΥ,930.00,self-referential (payroll/EFKA/FMY remittance)
9ΚΥ14690ΒΩ-8Α2,2026-04-27,"ΠΡΟΜΗΘΕΙΑ ΨΑΛΙΔΙΩΝ ΚΟΠΗΣ ΙΣΤΩΝ, ΜΗΝΩΝ ΙΟΥΝΙΟΥ, ΙΟΥΛΙΟΥ & ΣΕΠΤΕΜΒΡΙΟΥ 2026,",999501452,ΓΕΝΙΚΟ ΝΟΣΟΚΟΜΕΙΟ ΒΟΛΟΥ,68.28,self-referential (payroll/EFKA/FMY remittance)
ΨΨΝ94690ΒΩ-ΧΚΒ,2026-04-27,"ΠΡΟΜΗΘΕΙΑ ΨΑΛΙΔΙΩΝ ΚΟΠΗΣ ΙΣΤΩΝ, ΜΗΝΩΝ ΙΟΥΝΙΟΥ, ΙΟΥΛΙΟΥ & ΣΕΠΤΕΜΒΡΙΟΥ 2026,",999501452,ΓΕΝΙΚΟ ΝΟΣΟΚΟΜΕΙΟ ΒΟΛΟΥ,1847.93,self-referential (payroll/EFKA/FMY remittance)
94ΠΛ4690ΒΩ-ΠΣΗ,2026-04-27,"ΠΡΟΜΗΘΕΙΑ ΟΡΘΟΠΕΔΙΚΟΥ ΥΛΙΚΟΥ ΠΡΟΣΘΕΤΩΝ ΓΙΑ ΤΟΥΣ ΜΗΝΕΣ ΙΟΥΛΙΟ & ΑΥΓΟΥΣΤΟ 2025 ,",999501452,ΓΕΝΙΚΟ ΝΟΣΟΚΟΜΕΙΟ ΒΟΛΟΥ,16715.36,self-referential (payroll/EFKA/FMY remittance)
9ΘΥΠ4690ΒΩ-ΣΟΓ,2026-04-27,ΠΡΟΜΗΘΕΙΑ ΟΡΘΟΠΕΔΙΚΟΥ ΥΛΙΚΟΥ ΠΡΟΣΘΕΤΩΝ ΓΙΑ ΤΟ ΜΗΝΑ ΣΕΠΤΕΜΒΡΙΟ 2025 Χ,999501452,ΓΕΝΙΚΟ ΝΟΣΟΚΟΜΕΙΟ ΒΟΛΟΥ,8367.71,self-referential (payroll/EFKA/FMY remittance)
9Η4Ι4690ΒΩ-7ΣΑ,2026-04-23,ΠΡΟΜΗΘΕΙΑ ΥΓΕΙΟΝΟΜΙΚΟΥ ΥΛΙΚΟΥ (ΔΙΑΤΑΞΕΙΣ ΝΕΦΡΙΚΗΣ ΥΠΟΣΤΗΡΙΞΗΣ ),999501452,ΓΕΝΙΚΟ ΝΟΣΟΚΟΜΕΙΟ ΒΟΛΟΥ,4808.16,self-referential (payroll/EFKA/FMY remittance)
6ΑΔ64690ΒΩ-ΥΧΨ,2026-04-23,"ΔΙΑΦΟΡΑ ΑΝΤΑΛΛΑΚΤΙΚΑ ΜΕ ΣΥΜΒΑΣΗ ΤΟΥΣ ΜΗΝΕΣ ΔΕΚΕΜΒΡΙΟ 2024,ΙΟΥΝΙΟ 2025 (",999501452,ΓΕΝΙΚΟ ΝΟΣΟΚΟΜΕΙΟ ΒΟΛΟΥ,5294.79,self-referential (payroll/EFKA/FMY remittance)
Ρ56Κ4690ΒΩ-Θ6Χ,2026-04-23,ΠΡΟΜΗΘΕΙΑ ΛΟΙΠΟΥ ΧΗΜΙΚΟΥ ΥΛΙΚΟΥ (ΑΝΤΙΔΡΑΣΤΗΡΙΑ ΟΜΑΔΩΝ ΑΙΜΑΤΟΣ ΚΑΙ ΔΟΚΙΜΑΣΙΩΝ ΣΥΜΒΑΤΟΤΗΤΑΣ ΜΕ ΑΥΤΟΜΑΤΟ ΑΝΑΛΥΤΗ ΜΕ ΤΗ ΜΕΘΟΔΟ ΜΙΚΡΟΣΦΑΙΡΙΔΙΩΝ),999501452,ΓΕΝΙΚΟ ΝΟΣΟΚΟΜΕΙΟ ΒΟΛΟΥ,3258.44,self-referential (payroll/EFKA/FMY remittance)
91Ε04690ΒΩ-ΔΧΓ,2026-04-21,"ΑΜΟΙΒΗ ΛΟΙΠΟΥ (ΔΙΟΙΚΗΤΙΚΟ,ΝΟΣΗΛΕΥΤΙΚΟ κ.λ.π)ΠΡΟΣΩΠΙΚΟΥ ΠΟΥ ΕΡΓΑΣΤΗΚΑΝ ΣΤΑ ΟΛΟΗΜΕΡΑ ΙΑΤΡΕΙΑ ΤΟΝ ΜΗΝΑ  ΦΕΒΡΟΥΑΡΙΟ 2026",999501452,ΓΕΝΙΚΟ ΝΟΣΟΚΟΜΕΙΟ ΒΟΛΟΥ,1580.00,self-referential (payroll/EFKA/FMY remittance)
Ψ17Γ4690ΒΩ-ΔΔΝ,2026-04-21,ΑΜΟΙΒΗ ΙΑΤΡΙΚΟΥ ΠΡΟΣΩΠΙΚΟΥ ΠΟΥ ΕΡΓΑΣΤΗΚΑΝ ΣΤΑ ΟΛΟΗΜΕΡΑ ΙΑΤΡΕΙΑ ΤΟΝ ΜΗΝΑ  ΦΕΒΡΟΥΑΡΙΟ 2026,999501452,ΓΕΝΙΚΟ ΝΟΣΟΚΟΜΕΙΟ ΒΟΛΟΥ,1142.40,self-referential (payroll/EFKA/FMY remittance)
96ΓΓ4690ΒΩ-9ΥΣ,2026-04-17,"ΑΜΟΙΒΗ ΙΑΤΡΟΥ ΑΠΟ ΧΕΙΡΟΥΡΓΙΚΕΣ( ΟΔΟΝΤΙΑΤΡΙΚΕΣ ) ΠΡΑΞΕΙΣ ΑΣΦΑΛΙΣΜΕΝΩΝ ΤΟΥ ΕΟΠΥΥ ΤΟΥΣ ΜΗΝΕΣ ΜΑΡΤΙΟ,ΑΠΡΙΛΙΟ,ΜΑΪΟ,ΙΟΥΝΙΟ,ΙΟΥΛΙΟ,ΑΥΓΟΥΣΤΟ,ΣΕΠΤΕΜΒΡΙΟ,ΟΚΤΩΒΡΙΟ 2022",999501452,ΓΕΝΙΚΟ ΝΟΣΟΚΟΜΕΙΟ ΒΟΛΟΥ,4320.00,self-referential (payroll/EFKA/FMY remittance)
9ΒΘΨ4690ΒΩ-Δ96,2026-04-17,ΑΜΟΙΒΗ ΙΑΤΡΩΝ ΟΛΟΗΜΕΡΩΝ ΙΑΤΡΕΙΩΝ ΑΠΟ ΔΙΑΓΝΩΣΤΙΚΕΣ ΕΞΕΑΣΕΙΣ ( INVIVO - INVITRO) ΑΣΦΑΛΙΣΜΕΝΩΝ ΤΟΥ ΕΟΠΥΥ ΤΟΥΣ ΜΗΝΕΣ ΜΑΡΤΙΟ ΕΩΣ ΚΑΙ ΟΚΤΩΒΡΙΟ 2022,999501452,ΓΕΝΙΚΟ ΝΟΣΟΚΟΜΕΙΟ ΒΟΛΟΥ,45952.75,self-referential (payroll/EFKA/FMY remittance)
6ΝΠ64690ΒΩ-6ΕΚ,2026-04-17,"ΑΜΟΙΒΗ ΛΟΙΠΟΥ (ΔΙΟΙΚΗΤΙΚΟ,ΝΟΣΗΛΕΥΤΙΚΟ κ.λ.π)ΠΡΟΣΩΠΙΚΟΥ ΠΟΥ ΕΡΓΑΣΤΗΚΑΝ ΣΤΑ ΟΛΟΗΜΕΡΑ ΙΑΤΡΕΙΑ ΤΟΝ ΜΗΝΑ ΙΑΝΟΥΑΡΙΟ 2026",999501452,ΓΕΝΙΚΟ ΝΟΣΟΚΟΜΕΙΟ ΒΟΛΟΥ,1270.00,self-referential (payroll/EFKA/FMY remittance)
ΨΑΟ14690ΒΩ-Χ3Ρ,2026-04-17,ΠΡΟΣΘΕΤΕΣ ΑΜΟΙΒΕΣ ΕΙΔΙΚΕΥΟΜΕΝΩΝ ΝΟΣΗΛΕΥΤΩΝ ΜΗΝΟΣ ΦΕΒΡΟΥΑΡΙΟΥ 2025 ΣΥΜΦΩΝΑ ΜΕ ΤΙΣ ΔΙΑΤΑΞΕΙΣ ΤΟΥ ΑΡΘΡΟΥ 58 ΤΟΥ Ν.4690/2020 (ΦΕΚ 104/Α/30-5-2020),999501452,ΓΕΝΙΚΟ ΝΟΣΟΚΟΜΕΙΟ ΒΟΛΟΥ,2091.70,self-referential (payroll/EFKA/FMY remittance)
ΡΥΩΞ4690ΒΩ-ΕΙΖ,2026-04-17,"ΠΡΟΣΘΕΤΕΣ ΑΜΟΙΒΕΣ ΛΟΙΠΟΥ (ΔΙΟΙΚΗΤΙΚΟ,ΝΟΣΗΛΕΥΤΙΚΟ,ΤΕΧΝΙΚΟ κ.λ.π.) ΠΡΟΣΩΠΙΚΟΥ ΨΥΧΙΚΗΣ ΥΓΕΙΑΣ ΜΗΝΟΣ ΦΕΒΡΟΥΑΡΙΟΥ 2026",999501452,ΓΕΝΙΚΟ ΝΟΣΟΚΟΜΕΙΟ ΒΟΛΟΥ,2977.47,self-referential (payroll/EFKA/FMY remittance)
ΨΧ5Η4690ΒΩ-ΓΣΓ,2026-04-17,ΠΡΟΣΘΕΤΕΣ ΑΜΟΙΒΕΣ ΙΔ. ΔΙΚΑΙΟΥ (ΑΟΡΙΣΤΟΥ ΧΡΟΝΟΥ) ΜΗΝΟΣ ΙΑΝΟΥΑΡΙΟΥ 2026,999501452,ΓΕΝΙΚΟ ΝΟΣΟΚΟΜΕΙΟ ΒΟΛΟΥ,1211.98,self-referential (payroll/EFKA/FMY remittance)
ΨΔΥ94690ΒΩ-ΕΒ8,2026-04-17,ΕΦΗΜΕΡΙΕΣ ΙΑΤΡΩΝ ΨΥΧΙΚΗΣ ΥΓΕΙΑΣ ΤΟΝ ΜΗΝΑ ΦΕΒΡΟΥΑΡΙΟ 2026,999501452,ΓΕΝΙΚΟ ΝΟΣΟΚΟΜΕΙΟ ΒΟΛΟΥ,3259.33,self-referential (payroll/EFKA/FMY remittance)
9ΒΙΔ4690ΒΩ-ΩΘΜ,2026-04-17,ΕΦΗΜΕΡΙΕΣ ΕΠΙΣΤΗΜΟΝΙΚΟΥ ΠΡΟΣΩΠΙΚΟΥ ΨΥΧΙΚΗΣ ΥΓΕΙΑΣ ΜΗΝΟΣ ΦΕΒΡΟΥΑΡΙΟΥ 2026,999501452,ΓΕΝΙΚΟ ΝΟΣΟΚΟΜΕΙΟ ΒΟΛΟΥ,2696.75,self-referential (payroll/EFKA/FMY remittance)
ΨΦ7Ψ4690ΒΩ-0ΛΘ,2026-04-17,ΕΦΗΜΕΡΙΕΣ ΕΠΙΣΤΗΜΟΝΙΚΟΥ ΠΡΟΣΩΠΙΚΟΥ ΜΗΝΟΣ ΙΑΝΟΥΑΡΙΟΥ 2026,999501452,ΓΕΝΙΚΟ ΝΟΣΟΚΟΜΕΙΟ ΒΟΛΟΥ,10814.61,self-referential (payroll/EFKA/FMY remittance)
ΨΠΚΙ4690ΒΩ-ΘΑΣ,2026-04-17,ΠΡΟΣΘΕΤΕΣ ΑΜΟΙΒΕΣ ΛΟΙΠΟΥ ΕΠΙΚΟΥΡΙΚΟΥ ΠΡΟΣΩΠΙΚΟΥ ΙΔ.ΔΙΚΑΙΟΥ (ΙΔΟΧ) ΜΗΝΟΣ ΙΑΝΟΥΑΡΙΟΥ 2026,999501452,ΓΕΝΙΚΟ ΝΟΣΟΚΟΜΕΙΟ ΒΟΛΟΥ,3460.71,self-referential (payroll/EFKA/FMY remittance)
96ΓΙ4690ΒΩ-0ΡΣ,2026-04-17,ΕΦΗΜΕΡΙΕΣ ΕΠΙΣΤΗΜΟΝΙΚΟΥ ΠΡΟΣΩΠΙΚΟΥ ΨΥΧΙΚΗΣ ΥΓΕΙΑΣ ΜΗΝΟΣ ΙΑΝΟΥΑΡΙΟΥ 2026,999501452,ΓΕΝΙΚΟ ΝΟΣΟΚΟΜΕΙΟ ΒΟΛΟΥ,2898.14,self-referential (payroll/EFKA/FMY remittance)
Ψ0ΛΓ4690ΒΩ-ΘΣΖ,2026-04-17,ΠΡΟΣΘΕΤΕΣ ΑΜΟΙΒΕΣ ΛΟΙΠΟΥ ΕΠΙΚΟΥΡΙΚΟΥ ΠΡΟΣΩΠΙΚΟΥ ΜΕ ΣΧΕΣΗ ΕΡΓΑΣΙΑΣ ΙΔΟΧ ΜΗΝΟΣ ΙΑΝΟΥΑΡΙΟΥ 2025«ΕΝΙΣΧΥΣΗ ΤΩΝ ΦΟΡΕΩΝ ΥΓΕΙΑΣ ΜΕ ΕΠΙΚΟΥΡΙΚΟ ΠΡΟΣΩΠΙΚΟ ΓΙΑ ΤΗΝ ΑΝΤΑΠΟΚΡΙΣΗ ΣΤΙΣ ΑΝΑΓΚΕΣ ΛΟΓΩ ΤΗΣ ΕΠΙΔΗΜΙΑΣ COVID-19 ΣΤΗΝ ΠΕΡΙΦΕΡΕΙΑ ΘΕΣΣΑΛΙΑΣ» ΜΕ ΚΩΔΙΚΟ ΟΠΣ 5070510 ΣΤΟ ΕΠΙΧΕΙΡΗΣΙΑΚΟ ΠΡΟΓΡΑΜΜΑ «ΠΕΡΙΦΕΡΕΙΑΚΟ ΕΠΙΧΕΙΡΗΣΙΑΚΟ ΠΡΟΓΡΑΜΜΑ ΘΕΣΣΑΛΙΑΣ 2014 ΜΕ ΠΑΡΑΤΑΣΗ ΣΥΜΒΑΣΕΩΝ ΕΩΣ 31/12/2025 ΣΥΜΦΩΝΑ ΜΕ ΤΙΣ ΔΙΑΤΑΞΕΙΣ ΤΟΥ Ν.5259/2025 ΑΡ.25 ΠΑΡ 2,999501452,ΓΕΝΙΚΟ ΝΟΣΟΚΟΜΕΙΟ ΒΟΛΟΥ,6918.29,self-referential (payroll/EFKA/FMY remittance)
ΨΨΥ44690ΒΩ-ΔΛ9,2026-04-17,ΕΦΗΜΕΡΙΕΣ ΕΙΔΙΚΕΥΟΜΕΝΩΝ ΙΑΤΡΩΝ ΜΗΝΟΣ ΙΑΝΟΥΑΡΙΟΥ 2026,999501452,ΓΕΝΙΚΟ ΝΟΣΟΚΟΜΕΙΟ ΒΟΛΟΥ,81359.36,self-referential (payroll/EFKA/FMY remittance)
9ΕΕ94690ΒΩ-ΜΤΝ,2026-04-17,ΕΦΗΜΕΡΙΕΣ ΙΑΤΡΩΝ ΨΥΧΙΚΗΣ ΥΓΕΙΑΣ ΤΟΝ ΜΗΝΑ ΙΑΝΟΥΑΡΙΟ 2026,999501452,ΓΕΝΙΚΟ ΝΟΣΟΚΟΜΕΙΟ ΒΟΛΟΥ,3259.33,self-referential (payroll/EFKA/FMY remittance)
6Υ0Ι4690ΒΩ-4ΑΔ,2026-04-17,"ΠΡΟΣΘΕΤΕΣ ΑΜΟΙΒΕΣ ΛΟΙΠΟΥ (ΔΙΟΙΚΗΤΙΚΟ,ΝΟΣΗΛΕΥΤΙΚΟ,ΤΕΧΝΙΚΟ κ.λ.π.) ΠΡΟΣΩΠΙΚΟΥ ΨΥΧΙΚΗΣ ΥΓΕΙΑΣ ΜΗΝΟΣ ΙΑΝΟΥΑΡΙΟΥ 2026",999501452,ΓΕΝΙΚΟ ΝΟΣΟΚΟΜΕΙΟ ΒΟΛΟΥ,3354.90,self-referential (payroll/EFKA/FMY remittance)
ΨΩ984690ΒΩ-Κ90,2026-04-17,ΠΡΟΣΘΕΤΕΣ ΑΜΟΙΒΕΣ ΛΟΙΠΟΥ ΜΟΝΙΜΟΥ (ΔΙΟΙΚΗΤΙΚΟΥ) ΠΡΟΣΩΠΙΚΟΥ ΜΗΝΟΣ ΙΑΝΟΥΑΡΙΟΥ 2026,999501452,ΓΕΝΙΚΟ ΝΟΣΟΚΟΜΕΙΟ ΒΟΛΟΥ,784.40,self-referential (payroll/EFKA/FMY remittance)
9Ι114690ΒΩ-ΓΘΚ,2026-04-17,ΑΜΟΙΒΗ ΛΟΙΠΟΥ ΠΡΟΣΩΠΙΚΟΥ ΟΛΟΗΜΕΡΩΝ ΙΑΤΡΕΙΩΝ ΔΙΑΓΝΩΣΤΙΚΩΝ ΕΞΕΤΑΣΕΩΝ (INVIVO - INVITRO) ΑΝΑΣΦΑΛΙΣΤΩΝ ΕΛΛΗΝΩΝ ΔΙΚΑΙΟΥΧΩΝ ΤΟΥ Ν. 4368/2016 ΤΟΥΣ ΜΗΝΕΣ ΜΑΡΤΙΟ ΕΩΣ ΟΚΤΩΒΡΙΟ 2022,999501452,ΓΕΝΙΚΟ ΝΟΣΟΚΟΜΕΙΟ ΒΟΛΟΥ,4744.92,self-referential (payroll/EFKA/FMY remittance)
Ρ9ΚΕ4690ΒΩ-Λ4Χ,2026-04-17,ΑΜΟΙΒΗ ΛΟΙΠΟΥ ΠΡΟΣΩΠΙΚΟΥ ΟΛΟΗΜΕΡΩΝ ΙΑΤΡΕΙΩΝ ΑΠΟ ΔΙΑΓΝΩΣΤΙΚΕΣ ΕΞΕΑΣΕΙΣ ( INVIVO - INVITRO) ΑΣΦΑΛΙΣΜΕΝΩΝ ΤΟΥ ΕΟΠΥΥ ΤΟΥΣ ΜΗΝΕΣ ΜΑΡΤΙΟ ΕΩΣ ΚΑΙ ΟΚΤΩΒΡΙΟ 2022,999501452,ΓΕΝΙΚΟ ΝΟΣΟΚΟΜΕΙΟ ΒΟΛΟΥ,25301.64,self-referential (payroll/EFKA/FMY remittance)
Ψ3ΒΦ4690ΒΩ-5ΒΤ,2026-04-17,ΑΜΟΙΒΗ ΙΑΤΡΙΚΟΥ ΠΡΟΣΩΠΙΚΟΥ ΠΟΥ ΕΡΓΑΣΤΗΚΑΝ ΣΤΑ ΟΛΟΗΜΕΡΑ ΙΑΤΡΕΙΑ ΤΟΝ ΜΗΝΑ ΙΑΝΟΥΑΡΙΟ 2026,999501452,ΓΕΝΙΚΟ ΝΟΣΟΚΟΜΕΙΟ ΒΟΛΟΥ,748.80,self-referential (payroll/EFKA/FMY remittance)
9Ζ7Β4690ΒΩ-2ΦΗ,2026-04-17,ΑΜΟΙΒΗ ΙΑΤΡΩΝ ΟΛΟΗΜΕΡΩΝ ΙΑΤΡΕΙΩΝ ΔΙΑΓΝΩΣΤΙΚΩΝ ΕΞΕΤΑΣΕΩΝ (INVIVO - INVITRO) ΑΝΑΣΦΑΛΙΣΤΩΝ ΕΛΛΗΝΩΝ ΔΙΚΑΙΟΥΧΩΝ ΤΟΥ Ν. 4368/2016 ΤΟΥΣ ΜΗΝΕΣ ΜΑΡΤΙΟ ΕΩΣ ΟΚΤΩΒΡΙΟ 2022,999501452,ΓΕΝΙΚΟ ΝΟΣΟΚΟΜΕΙΟ ΒΟΛΟΥ,9385.64,self-referential (payroll/EFKA/FMY remittance)
ΡΨ2Ζ4690ΒΩ-13Ι,2026-04-17,"ΚΑΤΑΒΟΛΗ ΕΚΤΑΚΤΗΣ ΟΙΚΟΝΟΜΙΚΗΣ ΕΝΙΣΧΥΣΗΣ ΕΦΗΜΕΡΙΩΝ ΙΑΤΡΩΝ ΕΣΥ ΣΥΜΦΩΝΑ ΜΕ ΤΙΣ ΔΙΑΤΑΞΕΙΣ ΤΩΝ ΑΡΘΡΩΝ 88,89 ΚΑΙ 90 ΤΟΥ Ν.4850/2021 ΦΕΚ 208/τ. Α΄ ΜΗΝΟΣ ΦΕΒΡΟΥΑΡΙΟΥ 2026",999501452,ΓΕΝΙΚΟ ΝΟΣΟΚΟΜΕΙΟ ΒΟΛΟΥ,3750.00,self-referential (payroll/EFKA/FMY remittance)
ΨΖ484690ΒΩ-7ΕΛ,2026-04-17,"ΑΜΟΙΒΗ ΙΑΤΡΟΥ ΑΠΟ ΧΕΙΡΟΥΡΓΙΚΕΣ( ΟΔΟΝΤΙΑΤΡΙΚΕΣ ) ΠΡΑΞΕΙΣ ΑΝΑΣΦΑΛΙΣΤΩΝ ΕΛΛΗΝΩΝ ΔΙΚΑΙΟΥΧΩΝ ΤΟΥ Ν. 4368/2016 ΤΟΥΣ ΜΗΝΕΣ ΜΑΡΤΙΟ,ΑΠΡΙΛΙΟ,ΜΑΪΟ,ΙΟΥΛΙΟ, ΑΥΓΟΥΣΤΟ,ΣΕΠΤΕΜΒΡΙΟ,ΟΚΤΩΒΡΙΟ 2022",999501452,ΓΕΝΙΚΟ ΝΟΣΟΚΟΜΕΙΟ ΒΟΛΟΥ,1920.00,self-referential (payroll/EFKA/FMY remittance)
9ΥΩΩ4690ΒΩ-900,2026-04-17,"ΚΑΤΑΒΟΛΗ ΕΚΤΑΚΤΗΣ ΟΙΚΟΝΟΜΙΚΗΣ ΕΝΙΣΧΥΣΗΣ ΕΦΗΜΕΡΙΩΝ ΙΑΤΡΩΝ ΕΣΥ ΣΥΜΦΩΝΑ ΜΕ ΤΙΣ ΔΙΑΤΑΞΕΙΣ ΤΩΝ ΑΡΘΡΩΝ 88,89 ΚΑΙ 90 ΤΟΥ Ν.4850/2021 ΦΕΚ 208/τ. Α΄ ΜΗΝΟΣ ΙΑΝΟΥΑΡΙΟΥ 2026",999501452,ΓΕΝΙΚΟ ΝΟΣΟΚΟΜΕΙΟ ΒΟΛΟΥ,5250.00,self-referential (payroll/EFKA/FMY remittance)
Ψ75Ξ4690ΒΩ-1ΦΗ,2026-04-17,ΑΜΟΙΒΗ ΙΑΤΡΙΚΟΥ ΠΡΟΣΩΠΙΚΟΥ ΠΟΥ ΣΥΜΜΕΤΕΙΧΑΝ ΓΙΑ ΤΗΝ ΥΛΟΠΟΙΗΣΗ ΤΟΥ ΠΡΟΓΡΑΜΜΑΤΟΣ ΠΡΟΛΗΨΗΣ ΄΄ΣΠ. ΔΟΞΙΑΔΗΣ΄΄ ΤΟΝ ΜΗΝΕΣ ΑΥΓΟΥΣΤΟ ΕΩΣ ΔΕΚΕΜΒΡΙΟ 2025,999501452,ΓΕΝΙΚΟ ΝΟΣΟΚΟΜΕΙΟ ΒΟΛΟΥ,19028.74,self-referential (payroll/EFKA/FMY remittance)
9Ω1Η4690ΒΩ-ΘΤΡ,2026-04-17,ΑΜΟΙΒΗ ΛΟΙΠΟΥ ΠΡΟΣΩΠΙΚΟΥ ΠΟΥ ΣΥΜΜΕΤΕΙΧΑΝ ΓΙΑ ΤΗΝ ΥΛΟΠΟΙΗΣΗ ΤΟΥ ΠΡΟΓΡΑΜΜΑΤΟΣ ΠΡΟΛΗΨΗΣ ΄΄ΣΠ. ΔΟΞΙΑΔΗΣ΄΄ ΤΟΥΣ ΜΗΝΕΣ ΑΥΓΟΥΣΤΟ ΕΩΣ ΔΕΚΕΜΒΡΙΟ 2025,999501452,ΓΕΝΙΚΟ ΝΟΣΟΚΟΜΕΙΟ ΒΟΛΟΥ,4184.32,self-referential (payroll/EFKA/FMY remittance)
Ρ6ΣΓ4690ΒΩ-ΦΦΜ,2026-04-09,ΕΠΙΣΚΕΥΗ ΚΑΙ ΣΥΝΤΗΡΗΣΗ ΕΞΟΠΛΙΣΜΟΥ ΠΥΡΟΣΒΕΣΗΣ ΜΕ ΣΥΜΒΑΣΗ ΑΠΟ 2/1/2024 ΕΩΣ 1/6/2025 (ΣΥΜΒ.257/2023 ΧΕ 2066/2024),999501452,ΓΕΝΙΚΟ ΝΟΣΟΚΟΜΕΙΟ ΒΟΛΟΥ,4926.64,self-referential (payroll/EFKA/FMY remittance)
ΨΟΡΩ4690ΒΩ-Ι0Ε,2026-04-09,ΕΠΙΣΚΕΥΗ ΚΑΙ ΣΥΝΤΗΡΗΣΗ ΕΞΟΠΛΙΣΜΟΥ ΠΥΡΟΣΒΕΣΗΣ ΞΕΝΩΝΑ ΄΄ΑΡΙΑΔΝΗ΄΄ ΜΕ ΣΥΜΒΑΣΗ ΑΠΟ 2/1/2024 ΕΩΣ 1/6/2025 2023 (ΣΥΜΒ.257/2023 ΧΕ 2067/2024),999501452,ΓΕΝΙΚΟ ΝΟΣΟΚΟΜΕΙΟ ΒΟΛΟΥ,103.60,self-referential (payroll/EFKA/FMY remittance)
68ΝΙ4690ΒΩ-Σ5Ζ,2026-04-09,ΕΠΙΣΚΕΥΗ ΚΑΙ ΣΥΝΤΗΡΗΣΗ ΕΞΟΠΛΙΣΜΟΥ ΠΥΡΟΣΒΕΣΗΣ ΚΨΥ ΜΕ ΣΥΜΒΑΣΗ ΑΠΟ 2/1/2024 ΕΩΣ 1/6/2025 (ΣΥΜΒ.257/2023 ΧΕ 2069/2024),999501452,ΓΕΝΙΚΟ ΝΟΣΟΚΟΜΕΙΟ ΒΟΛΟΥ,110.81,self-referential (payroll/EFKA/FMY remittance)
9ΣΔ84690ΒΩ-ΨΛΣ,2026-04-09,ΕΠΙΣΚΕΥΗ ΚΑΙ ΣΥΝΤΗΡΗΣΗ ΕΞΟΠΛΙΣΜΟΥ ΠΥΡΟΣΒΕΣΗΣ ΞΕΝΩΝΑ ΄΄ΦΙΛΥΡΑ΄΄ ΜΕ ΣΥΜΒΑΣΗ ΑΠΟ 2/1/2024 ΕΩΣ 1/6/2025(ΣΥΜΒ.257/2023 ΧΕ 2068/2024 ),999501452,ΓΕΝΙΚΟ ΝΟΣΟΚΟΜΕΙΟ ΒΟΛΟΥ,100.33,self-referential (payroll/EFKA/FMY remittance)
97Ε34690ΒΩ-ΠΙΨ,2026-04-08,ΠΡΟΣΘΕΤΕΣ ΑΜΟΙΒΕΣ ΛΟΙΠΟΥ ΕΠΙΚΟΥΡΙΚΟΥ ΠΡΟΣΩΠΙΚΟΥ ΜΗΝΟΣ ΙΑΝΟΥΑΡΙΟΥ 2026,999501452,ΓΕΝΙΚΟ ΝΟΣΟΚΟΜΕΙΟ ΒΟΛΟΥ,560.63,self-referential (payroll/EFKA/FMY remittance)
ΨΤΙ94690ΒΩ-ΕΚΣ,2026-04-08,"ΕΦΗΜΕΡΙΕΣ ΙΑΤΡΙΚΟΥ ΕΠΙΚΟΥΡΙΚΟΥ ΠΡΟΣΩΠΙΚΟΥ ΜΕ ΣΧΕΣΗ ΕΡΓΑΣΙΑΣ ΙΔΟΧ ΜΗΝΟΣ IANOYAΡΙΟΥ 2026 «ΕΝΙΣΧΥΣΗ ΤΩΝ ΦΟΡΕΩΝ ΥΓΕΙΑΣ ΜΕ ΕΠΙΚΟΥΡΙΚΟ ΠΡΟΣΩΠΙΚΟ ΓΙΑ ΤΗΝ ΑΝΤΑΠΟΚΡΙΣΗ ΣΤΙΣ ΑΝΑΓΚΕΣ ΛΟΓΩ ΤΗΣ ΕΠΙΔΗΜΙΑΣ COVID-19 ΣΤΗΝ ΠΕΡΙΦΕΡΕΙΑ ΘΕΣΣΑΛΙΑΣ» ΜΕ ΚΩΔΙΚΟ ΟΠΣ 5070510 ΣΤΟ ΕΠΙΧΕΙΡΗΣΙΑΚΟ ΠΡΟΓΡΑΜΜΑ «ΠΕΡΙΦΕΡΕΙΑΚΟ ΕΠΙΧΕΙΡΗΣΙΑΚΟ ΠΡΟΓΡΑΜΜΑ ΘΕΣΣΑΛΙΑΣ"" 2014 ΜΕ ΠΑΡΑΤΑΣΗ ΣΥΜΒΑΣΕΩΝ ΕΩΣ 31/12/2025 ΣΥΜΦΩΝΑ ΜΕ ΤΙΣ ΔΙΑΤΑΞΕΙΣ ΤΟΥ ΝΟΜΟΥ 5161/2024 (ΦΕΚ196/29-11-2024/Τ.Α΄) ΠΑΡ.2 ΤΟΥ ΑΡΘΡΟΥ 27",999501452,ΓΕΝΙΚΟ ΝΟΣΟΚΟΜΕΙΟ ΒΟΛΟΥ,2130.76,self-referential (payroll/EFKA/FMY remittance)
92ΥΣ4690ΒΩ-ΝΒΓ,2026-04-08,"ΕΦΗΜΕΡΙΕΣ ΙΑΤΡΙΚΟΥ ΕΠΙΚΟΥΡΙΚΟΥ ΠΡΟΣΩΠΙΚΟΥ ΜΕ ΣΧΕΣΗ ΕΡΓΑΣΙΑΣ ΙΔΟΧ ΜΗΝΟΣ ΦΕΒΡOYAΡΙΟΥ 2026 «ΕΝΙΣΧΥΣΗ ΤΩΝ ΦΟΡΕΩΝ ΥΓΕΙΑΣ ΜΕ ΕΠΙΚΟΥΡΙΚΟ ΠΡΟΣΩΠΙΚΟ ΓΙΑ ΤΗΝ ΑΝΤΑΠΟΚΡΙΣΗ ΣΤΙΣ ΑΝΑΓΚΕΣ ΛΟΓΩ ΤΗΣ ΕΠΙΔΗΜΙΑΣ COVID-19 ΣΤΗΝ ΠΕΡΙΦΕΡΕΙΑ ΘΕΣΣΑΛΙΑΣ» ΜΕ ΚΩΔΙΚΟ ΟΠΣ 5070510 ΣΤΟ ΕΠΙΧΕΙΡΗΣΙΑΚΟ ΠΡΟΓΡΑΜΜΑ «ΠΕΡΙΦΕΡΕΙΑΚΟ ΕΠΙΧΕΙΡΗΣΙΑΚΟ ΠΡΟΓΡΑΜΜΑ ΘΕΣΣΑΛΙΑΣ"" 2014 ΜΕ ΠΑΡΑΤΑΣΗ ΣΥΜΒΑΣΕΩΝ ΕΩΣ 31/12/2025 ΣΥΜΦΩΝΑ ΜΕ ΤΙΣ ΔΙΑΤΑΞΕΙΣ ΤΟΥ ΝΟΜΟΥ 5161/2024 (ΦΕΚ196/29-11-2024/Τ.Α΄) ΠΑΡ.2 ΤΟΥ ΑΡΘΡΟΥ 27",999501452,ΓΕΝΙΚΟ ΝΟΣΟΚΟΜΕΙΟ ΒΟΛΟΥ,2130.76,self-referential (payroll/EFKA/FMY remittance)
6ΝΥ34690ΒΩ-ΨΜΟ,2026-04-08,ΠΡΟΣΘΕΤΕΣ ΑΜΟΙΒΕΣ ΛΟΙΠΟΥ ΕΠΙΚΟΥΡΙΚΟΥ ΠΡΟΣΩΠΙΚΟΥ ΦΕΒΡΟΥΑΡΙΟΥ 2025 ΣΥΜΦΩΝΑ ΜΕ ΤΙΣ ΔΙΑΤΑΞΕΙΣ ΤΟΥ ΠΝΠ ΤΗΣ ΠΑΡ. 2 ΑΡΘΡΟΥ 27 ΤΟΥ Ν 5161/2024 ΦΕΚ ΤΕΥΧΟΥΣ 196/29-11-2024 ΓΙΑ ΤΑ ΄΄ΚΑΤΕΠΕΙΓΟΝΤΑ ΜΕΤΡΑ ΑΝΤΙΜΕΤΩΠΙΣΗΣ ΤΩΝ ΑΡΝΗΤΙΚΩΝ ΣΥΝΕΠΕΙΩΝ ΤΗΣ ΕΜΦΑΝΙΣΗΣ COVID-19,999501452,ΓΕΝΙΚΟ ΝΟΣΟΚΟΜΕΙΟ ΒΟΛΟΥ,2063.30,self-referential (payroll/EFKA/FMY remittance)
Ρ92Δ4690ΒΩ-4ΔΙ,2026-04-08,ΕΦΗΜΕΡΙΕΣ ΕΠΙΣΤΗΜΟΝΙΚΟΥ ΠΡΟΣΩΠΙΚΟΥ ΜΗΝΟΣ ΦΕΒΡΟΥΑΡΙΟΥ 2026,999501452,ΓΕΝΙΚΟ ΝΟΣΟΚΟΜΕΙΟ ΒΟΛΟΥ,9472.74,self-referential (payroll/EFKA/FMY remittance)
ΡΕΑΘ4690ΒΩ-ΣΣΥ,2026-04-08,ΕΦΗΜΕΡΙΕΣ ΕΙΔΙΚΕΥΟΜΕΝΩΝ ΙΑΤΡΩΝ ΜΗΝΟΣ ΦΕΒΡΟΥΑΡΙΟΥ 2026,999501452,ΓΕΝΙΚΟ ΝΟΣΟΚΟΜΕΙΟ ΒΟΛΟΥ,79032.56,self-referential (payroll/EFKA/FMY remittance)
9ΞΓΠ4690ΒΩ-6ΜΡ,2026-04-08,ΕΦΗΜΕΡΙΕΣ ΜΕΤΑΚΙΝΟΥΜΕΝΩΝ ΙΑΤΡΩΝ ΤΟΥ Π.Ε.Δ.Υ ΓΙΑ ΚΑΛΥΨΗ ΕΦΗΜΕΡΙΩΝ ΣΤΟ ΓΝΒ ΤΟΝ ΜΗΝΑ ΦΕΒΡΟΥΑΡΙΟ 2026,999501452,ΓΕΝΙΚΟ ΝΟΣΟΚΟΜΕΙΟ ΒΟΛΟΥ,11182.55,self-referential (payroll/EFKA/FMY remittance)
ΡΥΗΕ4690ΒΩ-2ΥΠ,2026-04-08,ΠΡΟΣΘΕΤΕΣ ΑΜΟΙΒΕΣ ΛΟΙΠΟΥ ΕΠΙΚΟΥΡΙΚΟΥ ΠΡΟΣΩΠΙΚΟΥ ΙΑΝΟΥΑΡΙΟΥ 2025 ΣΥΜΦΩΝΑ ΜΕ ΤΙΣ ΔΙΑΤΑΞΕΙΣ ΤΟΥ ΠΝΠ ΤΗΣ ΠΑΡ. 2 ΑΡΘΡΟΥ 27 ΤΟΥ Ν 5161/2024 ΦΕΚ ΤΕΥΧΟΥΣ 196/29-11-2024 ΓΙΑ ΤΑ ΄΄ΚΑΤΕΠΕΙΓΟΝΤΑ ΜΕΤΡΑ ΑΝΤΙΜΕΤΩΠΙΣΗΣ ΤΩΝ ΑΡΝΗΤΙΚΩΝ ΣΥΝΕΠΕΙΩΝ ΤΗΣ ΕΜΦΑΝΙΣΗΣ COVID-19,999501452,ΓΕΝΙΚΟ ΝΟΣΟΚΟΜΕΙΟ ΒΟΛΟΥ,2136.22,self-referential (payroll/EFKA/FMY remittance)
ΨΠΣΘ4690ΒΩ-ΒΧ8,2026-04-08,"ΠΡΟΣΘΕΤΕΣ ΑΜΟΙΒΕΣ ΛΟΙΠΟΥ ΜΟΝΙΜΟΥ (ΔΙΟΙΚΗΤΙΚΟΥ,ΝΟΣΗΛΕΥΤΙΚΟΥ κ.λ.π.) ΠΡΟΣΩΠΙΚΟΥ ΜΗΝΟΣ ΙΑΝΟΥΑΡΙΟΥ 2026",999501452,ΓΕΝΙΚΟ ΝΟΣΟΚΟΜΕΙΟ ΒΟΛΟΥ,79800.35,self-referential (payroll/EFKA/FMY remittance)
ΨΩ834690ΒΩ-ΟΔ0,2026-04-08,ΠΡΟΣΘΕΤΕΣ ΑΜΟΙΒΕΣ ΛΟΙΠΟΥ ΕΠΙΚΟΥΡΙΚΟΥ ΠΡΟΣΩΠΙΚΟΥ ΙΔ.ΔΙΚΑΙΟΥ (ΑΟΡΙΣΤΟΥ-ΟΡΙΣΜΕΝΟΥ -ΑΤΟΜΙΕΚΣ ΣΥΜΒΑΣΕΙΣ ) ΜΗΝΟΣ ΦΕΒΡΟΥΑΡΙΟΥ 2026,999501452,ΓΕΝΙΚΟ ΝΟΣΟΚΟΜΕΙΟ ΒΟΛΟΥ,977.49,self-referential (payroll/EFKA/FMY remittance)
ΨΩ834690ΒΩ-ΟΔ0,2026-04-08,ΠΡΟΣΘΕΤΕΣ ΑΜΟΙΒΕΣ ΛΟΙΠΟΥ ΕΠΙΚΟΥΡΙΚΟΥ ΠΡΟΣΩΠΙΚΟΥ ΙΔ.ΔΙΚΑΙΟΥ (ΑΟΡΙΣΤΟΥ-ΟΡΙΣΜΕΝΟΥ -ΑΤΟΜΙΕΚΣ ΣΥΜΒΑΣΕΙΣ ) ΜΗΝΟΣ ΦΕΒΡΟΥΑΡΙΟΥ 2026,999501452,ΓΕΝΙΚΟ ΝΟΣΟΚΟΜΕΙΟ ΒΟΛΟΥ,3632.50,self-referential (payroll/EFKA/FMY remittance)
ΨΞΤ94690ΒΩ-ΥΕ0,2026-04-08,ΠΡΟΣΘΕΤΕΣ ΑΜΟΙΒΕΣ ΛΟΙΠΟΥ ΕΠΙΚΟΥΡΙΚΟΥ ΠΡΟΣΩΠΙΚΟΥ ΜΗΝΟΣ ΦΕΒΡΟΥΑΡΙΟΥ 2026,999501452,ΓΕΝΙΚΟ ΝΟΣΟΚΟΜΕΙΟ ΒΟΛΟΥ,551.92,self-referential (payroll/EFKA/FMY remittance)
9Μ534690ΒΩ-Γ90,2026-04-08,ΠΡΟΣΘΕΤΕΣ ΑΜΟΙΒΕΣ ΛΟΙΠΟΥ ΕΠΙΚΟΥΡΙΚΟΥ ΠΡΟΣΩΠΙΚΟΥ ΙΔ.ΔΙΚΑΙΟΥ (ΟΡΙΣΜΕΝΟΥ ΧΡΟΝΟΥ ) ΜΗΝΟΣ ΦΕΒΡΟΥΑΡΙΟΥ 2026,999501452,ΓΕΝΙΚΟ ΝΟΣΟΚΟΜΕΙΟ ΒΟΛΟΥ,72.80,self-referential (payroll/EFKA/FMY remittance)
9Ο624690ΒΩ-12Μ,2026-04-08,"ΠΡΟΣΘΕΤΕΣ ΑΜΟΙΒΕΣ ΛΟΙΠΟΥ ΜΟΝΙΜΟΥ (ΔΙΟΙΚΗΤΙΚΟΥ,ΝΟΣΗΛΕΥΤΙΚΟΥ κ.λ.π.) ΠΡΟΣΩΠΙΚΟΥ ΜΗΝΟΣ ΦΕΒΡΟΥΑΡΙΟΥ 2026",999501452,ΓΕΝΙΚΟ ΝΟΣΟΚΟΜΕΙΟ ΒΟΛΟΥ,73370.44,self-referential (payroll/EFKA/FMY remittance)
6ΧΖ74690ΒΩ-Ρ27,2026-04-08,ΠΡΟΣΘΕΤΕΣ ΑΜΟΙΒΕΣ ΛΟΙΠΟΥ ΕΠΙΚΟΥΡΙΚΟΥ ΠΡΟΣΩΠΙΚΟΥ ΜΕ ΣΧΕΣΗ ΕΡΓΑΣΙΑΣ ΙΔΟΧ ΜΗΝΟΣ ΦΕΒΡΟΥΑΡΙΟΥ 2025«ΕΝΙΣΧΥΣΗ ΤΩΝ ΦΟΡΕΩΝ ΥΓΕΙΑΣ ΜΕ ΕΠΙΚΟΥΡΙΚΟ ΠΡΟΣΩΠΙΚΟ ΓΙΑ ΤΗΝ ΑΝΤΑΠΟΚΡΙΣΗ ΣΤΙΣ ΑΝΑΓΚΕΣ ΛΟΓΩ ΤΗΣ ΕΠΙΔΗΜΙΑΣ COVID-19 ΣΤΗΝ ΠΕΡΙΦΕΡΕΙΑ ΘΕΣΣΑΛΙΑΣ» ΜΕ ΚΩΔΙΚΟ ΟΠΣ 5070510 ΣΤΟ ΕΠΙΧΕΙΡΗΣΙΑΚΟ ΠΡΟΓΡΑΜΜΑ «ΠΕΡΙΦΕΡΕΙΑΚΟ ΕΠΙΧΕΙΡΗΣΙΑΚΟ ΠΡΟΓΡΑΜΜΑ ΘΕΣΣΑΛΙΑΣ 2014 ΜΕ ΠΑΡΑΤΑΣΗ ΣΥΜΒΑΣΕΩΝ ΕΩΣ 31/12/2025 ΣΥΜΦΩΝΑ ΜΕ ΤΙΣ ΔΙΑΤΑΞΕΙΣ ΤΟΥ Ν.5259/2025 ΑΡ.25 ΠΑΡ 2,999501452,ΓΕΝΙΚΟ ΝΟΣΟΚΟΜΕΙΟ ΒΟΛΟΥ,6469.78,self-referential (payroll/EFKA/FMY remittance)
ΨΛΙΚ4690ΒΩ-Δ2Γ,2026-04-08,ΕΦΗΜΕΡΙΕΣ ΙΑΤΡΟΥ ΕΣΥ ΜΗΝΟΣ ΙΑΝΟΥΑΡΙΟΥ 2026,999501452,ΓΕΝΙΚΟ ΝΟΣΟΚΟΜΕΙΟ ΒΟΛΟΥ,1128.57,self-referential (payroll/EFKA/FMY remittance)
9ΥΤΦ4690ΒΩ-Σ6Ψ,2026-04-08,ΑΝΑΔΡΟΜΙΚΑ ΔΙΑΦΟΡΑΣ ΒΑΘΜΟΥ ΕΦΗΜΕΡΙΩΝ ΙΑΤΡΟΥ ΕΣΥ ΠΑΟ ΕΠΙΜΕΛΗΤΡΙΑ Β΄ ΣΕ ΕΠΙΜΕΛΥΤΡΙΑ Α΄ ΣΥΜΦΩΝΑ ΜΕ ΤΟ ΥΠ΄ ΑΡΙΘΜ. Γ4α/Γ.Π.οικ.24613/28-5-2025 ΠΡΩΤ. ΕΓΓΡΑΦΟ ΤΟΥ Υ.ΥΓΕΙΑΣ,999501452,ΓΕΝΙΚΟ ΝΟΣΟΚΟΜΕΙΟ ΒΟΛΟΥ,1896.37,self-referential (payroll/EFKA/FMY remittance)
ΨΔΧ74690ΒΩ-ΕΟΡ,2026-04-08,ΕΦΗΜΕΡΙΕΣ ΙΑΤΡΩΝ ΕΣΥ ΜΗΝΟΣ ΙΑΝΟΥΑΡΙΟΥ 2026,999501452,ΓΕΝΙΚΟ ΝΟΣΟΚΟΜΕΙΟ ΒΟΛΟΥ,102661.70,self-referential (payroll/EFKA/FMY remittance)
Ψ4424690ΒΩ-Ψ2Δ,2026-04-08,ΕΦΗΜΕΡΙΕΣ ΜΕΤΑΚΙΝΟΥΜΕΝΩΝ ΙΑΤΡΩΝ ΤΟΥ Π.Ε.Δ.Υ ΓΙΑ ΚΑΛΥΨΗ ΕΦΗΜΕΡΙΩΝ ΣΤΟ ΓΝΒ ΤΟΝ ΜΗΝΑ ΙΑΝΟΥΑΡΙΟ 2026,999501452,ΓΕΝΙΚΟ ΝΟΣΟΚΟΜΕΙΟ ΒΟΛΟΥ,10956.28,self-referential (payroll/EFKA/FMY remittance)
9ΨΙΧ4690ΒΩ-Ρ13,2026-04-08,ΕΦΗΜΕΡΙΕΣ ΕΠΙΚΟΥΡΙΚΩΝ ΙΑΤΡΩΝ ΕΣΥ ΜΗΝΟΣ ΙΑΝΟΥΑΡΙΟΥ 2026,999501452,ΓΕΝΙΚΟ ΝΟΣΟΚΟΜΕΙΟ ΒΟΛΟΥ,6255.18,self-referential (payroll/EFKA/FMY remittance)
9ΓΜΠ4690ΒΩ-ΛΔΟ,2026-04-08,ΠΡΟΣΘΕΤΕΣ ΑΜΟΙΒΕΣ ΕΙΔΙΚΕΥΟΜΕΝΩΝ ΝΟΣΗΛΕΥΤΩΝ ΜΗΝΟΣ ΙΑΝΟΥΑΡΙΟΥ 2025 ΣΥΜΦΩΝΑ ΜΕ ΤΙΣ ΔΙΑΤΑΞΕΙΣ ΤΟΥ ΑΡΘΡΟΥ 58 ΤΟΥ Ν.4690/2020 (ΦΕΚ 104/Α/30-5-2020),999501452,ΓΕΝΙΚΟ ΝΟΣΟΚΟΜΕΙΟ ΒΟΛΟΥ,2134.91,self-referential (payroll/EFKA/FMY remittance)
9ΞΣΓ4690ΒΩ-ΩΟΙ,2026-04-08,"ΕΦΗΜΕΡΙΕΣ ΣΤΡΑΤΙΩΤΙΚΟΥ ΙΑΤΡΟΥ ΓΙΑ 4,11,18,21,25/2/2026",999501452,ΓΕΝΙΚΟ ΝΟΣΟΚΟΜΕΙΟ ΒΟΛΟΥ,860.82,self-referential (payroll/EFKA/FMY remittance)
97Α44690ΒΩ-ΣΛΩ,2026-04-08,ΕΦΗΜΕΡΙΕΣ ΙΑΤΡΩΝ ΕΣΥ ΜΗΝΟΣ ΦΕΒΡΟΥΑΡΙΟΥ 2026,999501452,ΓΕΝΙΚΟ ΝΟΣΟΚΟΜΕΙΟ ΒΟΛΟΥ,101029.35,self-referential (payroll/EFKA/FMY remittance)
ΨΓΔΠ4690ΒΩ-Α0Τ,2026-04-08,ΕΦΗΜΕΡΙΕΣ ΕΠΙΚΟΥΡΙΚΩΝ ΙΑΤΡΩΝ ΕΣΥ ΜΗΝΟΣ ΦΕΒΡΟΥΑΡΙΟΥ 2026,999501452,ΓΕΝΙΚΟ ΝΟΣΟΚΟΜΕΙΟ ΒΟΛΟΥ,6703.45,self-referential (payroll/EFKA/FMY remittance)
9Ζ2Ω4690ΒΩ-131,2026-04-08,"ΑΜΟΙΒΗ ΛΟΙΠΟΥ ΠΡΟΣΩΠΙΚΟΥ ΤΟΥΣ ΜΗΝΕΣ ΣΕΠΤΕΜΒΡΙΟ,ΟΚΤΩΒΡΙΟ 2025 ΣΤΟ ΠΛΑΙΣΙΟ ΤΟΥ ΕΡΓΟΥ ΄΄ ΟΡΓΑΝΩΤΙΚΕΣ ΚΑΙ ΛΟΙΠΕΣ ΠΑΡΑΜΒΑΣΕΙΣ ΓΙΑ ΤΗΝ ΕΠΙΤΑΧΥΝΣΗ ΤΩΝ ΕΚΚΡΕΜΩΝ ΕΠΕΜΒΑΣΕΩΝΤΗΣ ΛΙΣΤΑΣ ΧΕΙΡΟΥΡΓΕΙΩΝ ΄΄ ΜΕ ΚΩΔΙΚΟ ΟΠΣ 5223768",999501452,ΓΕΝΙΚΟ ΝΟΣΟΚΟΜΕΙΟ ΒΟΛΟΥ,8490.00,self-referential (payroll/EFKA/FMY remittance)
65Α94690ΒΩ-Β7Κ,2026-04-08,"ΑΜΟΙΒΗ ΙΑΤΡΙΚΟΥ ΠΡΟΣΩΠΙΚΟΥ ΤΟΥΣ ΜΗΝΕΣ ΣΕΠΤΕΜΒΡΙΟ,ΟΚΤΩΒΡΙΟ 2025 ΣΤΟ ΠΛΑΙΣΙΟ ΤΟΥ ΕΡΓΟΥ ΄΄ ΟΡΓΑΝΩΤΙΚΕΣ ΚΑΙ ΛΟΙΠΕΣ ΠΑΡΑΜΒΑΣΕΙΣ ΓΙΑ ΤΗΝ ΕΠΙΤΑΧΥΝΣΗ ΤΩΝ ΕΚΚΡΕΜΩΝ ΕΠΕΜΒΑΣΕΩΝΤΗΣ ΛΙΣΤΑΣ ΧΕΙΡΟΥΡΓΕΙΩΝ ΄΄ ΜΕ ΚΩΔΙΚΟ ΟΠΣ 5223768 ΛΟΙΠΕΣ ΔΑΠΑΝΕΣ ΝΟΣ",999501452,ΓΕΝΙΚΟ ΝΟΣΟΚΟΜΕΙΟ ΒΟΛΟΥ,27710.00,self-referential (payroll/EFKA/FMY remittance)
98Ω44690ΒΩ-7ΕΠ,2026-04-08,ΚΑΤΑΒΟΛΗ ΑΠΟΖΗΜΙΩΣΗΣ ΜΑΘΗΤΕΙΑΣ ΣΕ ΜΕΤΑΛΥΚΕΙΑΚΟΥΣ ΣΠΟΥΔΑΣΤΕΣ ΕΤΟΥΣ 2025-2026Ν ΓΙΑ ΤΟΝ ΜΗΝΑ ΙΑΝΟΥΑΡΙΟ 2026,999501452,ΓΕΝΙΚΟ ΝΟΣΟΚΟΜΕΙΟ ΒΟΛΟΥ,45.70,self-referential (payroll/EFKA/FMY remittance)
98Ω44690ΒΩ-7ΕΠ,2026-04-08,ΚΑΤΑΒΟΛΗ ΑΠΟΖΗΜΙΩΣΗΣ ΜΑΘΗΤΕΙΑΣ ΣΕ ΜΕΤΑΛΥΚΕΙΑΚΟΥΣ ΣΠΟΥΔΑΣΤΕΣ ΕΤΟΥΣ 2025-2026Ν ΓΙΑ ΤΟΝ ΜΗΝΑ ΙΑΝΟΥΑΡΙΟ 2026,999501452,ΓΕΝΙΚΟ ΝΟΣΟΚΟΜΕΙΟ ΒΟΛΟΥ,993.87,self-referential (payroll/EFKA/FMY remittance)
ΨΠΗΜ4690ΒΩ-ΙΧΡ,2026-04-07,ΚΑΤΑΒΟΛΗ ΑΠΟΖΗΜΙΩΣΗΣ ΜΑΘΗΤΕΙΑΣ ΣΕ ΜΕΤΑΛΥΚΕΙΑΚΟΥΣ ΣΠΟΥΔΑΣΤΕΣ ΕΤΟΥΣ 2025-2026Ν ΓΙΑ ΤΟΝ ΜΗΝΑ ΙΑΝΟΥΑΡΙΟ 2026,999501452,ΓΕΝΙΚΟ ΝΟΣΟΚΟΜΕΙΟ ΒΟΛΟΥ,45.70,self-referential (payroll/EFKA/FMY remittance)
ΨΠΗΜ4690ΒΩ-ΙΧΡ,2026-04-07,ΚΑΤΑΒΟΛΗ ΑΠΟΖΗΜΙΩΣΗΣ ΜΑΘΗΤΕΙΑΣ ΣΕ ΜΕΤΑΛΥΚΕΙΑΚΟΥΣ ΣΠΟΥΔΑΣΤΕΣ ΕΤΟΥΣ 2025-2026Ν ΓΙΑ ΤΟΝ ΜΗΝΑ ΙΑΝΟΥΑΡΙΟ 2026,999501452,ΓΕΝΙΚΟ ΝΟΣΟΚΟΜΕΙΟ ΒΟΛΟΥ,993.87,self-referential (payroll/EFKA/FMY remittance)
ΡΣΡΕ4690ΒΩ-Ε4Ω,2026-04-07,ΗΜΕΡΗΣΙΑ ΑΠΟΖΗΜΙΩΣΗ ΟΔΟΙΠΟΡΙΚΑ ΕΞΟΔΑ ΥΠΑΛΛΗΛΟΥ ΤΟΥ ΓΝΒ ΠΟΥ ΜΕΤΕΒΗ ΣΤΗΝ ΛΑΡΙΣΑ ΩΣ ΜΕΛΟΣ ΕΠΙΤΡΟΠΗΣ ΣΥΝΤΑΞΗΣ ΤΕΧΝΙΚΩΝ ΠΡΟΔΙΑΓΡΑΦΩΝ ΓΙΑ ΤΗΝ ΠΡΟΜΗΘΕΙΑ ΑΠΙΝΙΔΩΤΩΝ ΚΑΙ ΚΑΡΔΙΟΓΡΑΦΩΝ 23/12/2025,999501452,ΓΕΝΙΚΟ ΝΟΣΟΚΟΜΕΙΟ ΒΟΛΟΥ,10.00,self-referential (payroll/EFKA/FMY remittance)
ΡΣΡΕ4690ΒΩ-Ε4Ω,2026-04-07,ΗΜΕΡΗΣΙΑ ΑΠΟΖΗΜΙΩΣΗ ΟΔΟΙΠΟΡΙΚΑ ΕΞΟΔΑ ΥΠΑΛΛΗΛΟΥ ΤΟΥ ΓΝΒ ΠΟΥ ΜΕΤΕΒΗ ΣΤΗΝ ΛΑΡΙΣΑ ΩΣ ΜΕΛΟΣ ΕΠΙΤΡΟΠΗΣ ΣΥΝΤΑΞΗΣ ΤΕΧΝΙΚΩΝ ΠΡΟΔΙΑΓΡΑΦΩΝ ΓΙΑ ΤΗΝ ΠΡΟΜΗΘΕΙΑ ΑΠΙΝΙΔΩΤΩΝ ΚΑΙ ΚΑΡΔΙΟΓΡΑΦΩΝ 23/12/2025,999501452,ΓΕΝΙΚΟ ΝΟΣΟΚΟΜΕΙΟ ΒΟΛΟΥ,11.60,self-referential (payroll/EFKA/FMY remittance)
ΨΠΤ94690ΒΩ-Φ1Ζ,2026-04-07,"ΗΜΕΡΗΣΙΑ ΑΠΟΖΗΜΙΩΣΗ ΕΙΔΙΚΕΥΟΜΕΝΩΝ ΙΑΤΡΩΝ ΓΙΑ ΔΙΑΚΟΜΙΔΕΣ ΑΣΘΕΝΩΝ 12,23/10/2025 3,7,9,11,12,16,17,19,23,24,29/12/202",999501452,ΓΕΝΙΚΟ ΝΟΣΟΚΟΜΕΙΟ ΒΟΛΟΥ,140.00,self-referential (payroll/EFKA/FMY remittance)
ΡΗΑΩ4690ΒΩ-ΛΞΒ,2026-04-07,ΚΑΤΑΒΟΛΗ ΑΠΟΖΗΜΙΩΣΗΣ ΑΔΕΙΑΣ ΜΑΘΗΤΕΙΑΣ ΣΕ ΜΕΤΑΛΥΚΕΙΑΚΟΥΣ ΣΠΟΥΔΑΣΤΕΣ ΕΤΟΥΣ 2025-2026Ν ΓΙΑ ΤΟΝ ΜΗΝΑ ΙΑΝΟΥΑΡΙΟ 2026,999501452,ΓΕΝΙΚΟ ΝΟΣΟΚΟΜΕΙΟ ΒΟΛΟΥ,37.34,self-referential (payroll/EFKA/FMY remittance)
ΡΗΑΩ4690ΒΩ-ΛΞΒ,2026-04-07,ΚΑΤΑΒΟΛΗ ΑΠΟΖΗΜΙΩΣΗΣ ΑΔΕΙΑΣ ΜΑΘΗΤΕΙΑΣ ΣΕ ΜΕΤΑΛΥΚΕΙΑΚΟΥΣ ΣΠΟΥΔΑΣΤΕΣ ΕΤΟΥΣ 2025-2026Ν ΓΙΑ ΤΟΝ ΜΗΝΑ ΙΑΝΟΥΑΡΙΟ 2026,999501452,ΓΕΝΙΚΟ ΝΟΣΟΚΟΜΕΙΟ ΒΟΛΟΥ,7.30,self-referential (payroll/EFKA/FMY remittance)
Ψ65Υ4690ΒΩ-6Κ3,2026-04-07,ΚΑΤΑΒΟΛΗ ΑΠΟΖΗΜΙΩΣΗΣ ΑΔΕΙΑΣ ΜΑΘΗΤΕΙΑΣ ΣΕ ΜΕΤΑΛΥΚΕΙΑΚΟΥΣ ΣΠΟΥΔΑΣΤΕΣ ΕΤΟΥΣ 2025-2026 ΤΟΝ ΜΗΝΑ ΝΟΕΜΒΡΙΟ 2025,999501452,ΓΕΝΙΚΟ ΝΟΣΟΚΟΜΕΙΟ ΒΟΛΟΥ,37.34,self-referential (payroll/EFKA/FMY remittance)
Ψ65Υ4690ΒΩ-6Κ3,2026-04-07,ΚΑΤΑΒΟΛΗ ΑΠΟΖΗΜΙΩΣΗΣ ΑΔΕΙΑΣ ΜΑΘΗΤΕΙΑΣ ΣΕ ΜΕΤΑΛΥΚΕΙΑΚΟΥΣ ΣΠΟΥΔΑΣΤΕΣ ΕΤΟΥΣ 2025-2026 ΤΟΝ ΜΗΝΑ ΝΟΕΜΒΡΙΟ 2025,999501452,ΓΕΝΙΚΟ ΝΟΣΟΚΟΜΕΙΟ ΒΟΛΟΥ,7.30,self-referential (payroll/EFKA/FMY remittance)
Ψ2ΛΙ4690ΒΩ-ΝΝ5,2026-04-07,ΚΑΤΑΒΟΛΗ ΑΠΟΖΗΜΙΩΣΗΣ ΜΑΘΗΤΕΙΑΣ ΣΕ ΜΕΤΑΛΥΚΕΙΑΚΟΥΣ ΣΠΟΥΔΑΣΤΕΣ ΕΤΟΥΣ 2025-2026 ΤΟΝ ΜΗΝΑ ΝΟΕΜΒΡΙΟ 2025,999501452,ΓΕΝΙΚΟ ΝΟΣΟΚΟΜΕΙΟ ΒΟΛΟΥ,39.21,self-referential (payroll/EFKA/FMY remittance)
Ψ2ΛΙ4690ΒΩ-ΝΝ5,2026-04-07,ΚΑΤΑΒΟΛΗ ΑΠΟΖΗΜΙΩΣΗΣ ΜΑΘΗΤΕΙΑΣ ΣΕ ΜΕΤΑΛΥΚΕΙΑΚΟΥΣ ΣΠΟΥΔΑΣΤΕΣ ΕΤΟΥΣ 2025-2026 ΤΟΝ ΜΗΝΑ ΝΟΕΜΒΡΙΟ 2025,999501452,ΓΕΝΙΚΟ ΝΟΣΟΚΟΜΕΙΟ ΒΟΛΟΥ,860.41,self-referential (payroll/EFKA/FMY remittance)
Ψ77Ω4690ΒΩ-ΦΘΓ,2026-04-07,ΕΦΗΜΕΡΙΕΣ (ΥΠΕΡΒΑΛΛΟΥΣΕΣ) ΙΑΤΡΙΚΟΥ ΕΠΙΚΟΥΡΙΚΟΥ ΠΡΟΣΩΠΙΚΟΥ ΜΕ ΣΧΕΣΗ ΕΡΓΑΣΙΑΣ ΙΔΟΧ ΜΗΝΟΣ ΝΟΕΜΒΡΙΟΥ 2025 «ΕΝΙΣΧΥΣΗ ΤΩΝ ΦΟΡΕΩΝ ΥΓΕΙΑΣ ΜΕ ΕΠΙΚΟΥΡΙΚΟ ΠΡΟΣΩΠΙΚΟ ΓΙΑ ΤΗΝ ΑΝΤΑΠΟΚΡΙΣΗ ΣΤΙΣ ΑΝΑΓΚΕΣ ΛΟΓΩ ΤΗΣ ΕΠΙΔΗΜΙΑΣ COVID-19 ΣΤΗΝ ΠΕΡΙΦΕΡΕΙΑ ΘΕΣΣΑΛΙΑΣ» ΜΕ ΚΩΔΙΚΟ ΟΠΣ 5070510 ΣΤΟ ΕΠΙΧΕΙΡΗΣΙΑΚΟ ΠΡΟΓΡΑΜΜΑ «ΠΕΡΙΦΕΡΕΙΑΚΟ ΕΠΙΧΕΙΡΗΣΙΑΚΟ ΠΡΟΓΡΑΜΜΑ ΘΕΣΣΑΛΙΑΣ 2014 ΜΕ ΠΑΡΑΤΑΣΗ ΣΥΜΒΑΣΕΩΝ ΕΩΣ 31/12/2024 ΣΥΜΦΩΝΑ ΜΕ ΤΙΣ ΔΙΑΤΑΞΕΙΣ ΤΟΥ Ν.5079/2023 (ΦΕΚ 215/22-12-2023/τ.Α΄) ΑΡΘΡΟ 70 ΠΑΡ.,999501452,ΓΕΝΙΚΟ ΝΟΣΟΚΟΜΕΙΟ ΒΟΛΟΥ,300.74,self-referential (payroll/EFKA/FMY remittance)
9ΨΤ24690ΒΩ-ΓΙ3,2026-04-07,ΕΦΗΜΕΡΙΕΣ (ΥΠΕΡΒΑΛΛΟΥΣΕΣ) ΙΑΤΡΙΚΟΥ ΠΡΟΣΩΠΙΚΟΥ ΜΗΝΟΣ NOΕΜΒΡΙΟΥ 2025,999501452,ΓΕΝΙΚΟ ΝΟΣΟΚΟΜΕΙΟ ΒΟΛΟΥ,29206.70,self-referential (payroll/EFKA/FMY remittance)
978Π4690ΒΩ-Δ64,2026-04-07,ΚΑΤΑΒΟΛΗ ΑΠΟΖΗΜΙΩΣΗΣ ΑΔΕΙΑ ΜΑΘΗΤΕΙΑΣ ΣΕ ΜΕΤΑΛΥΚΕΙΑΚΟΥΣ ΣΠΟΥΔΑΣΤΕΣ ΕΤΟΥΣ 2025-2026Ν ΓΙΑ ΤΟΝ ΜΗΝΑ ΔΕΚΕΜΒΡΙΟ 2025,999501452,ΓΕΝΙΚΟ ΝΟΣΟΚΟΜΕΙΟ ΒΟΛΟΥ,149.36,self-referential (payroll/EFKA/FMY remittance)
978Π4690ΒΩ-Δ64,2026-04-07,ΚΑΤΑΒΟΛΗ ΑΠΟΖΗΜΙΩΣΗΣ ΑΔΕΙΑ ΜΑΘΗΤΕΙΑΣ ΣΕ ΜΕΤΑΛΥΚΕΙΑΚΟΥΣ ΣΠΟΥΔΑΣΤΕΣ ΕΤΟΥΣ 2025-2026Ν ΓΙΑ ΤΟΝ ΜΗΝΑ ΔΕΚΕΜΒΡΙΟ 2025,999501452,ΓΕΝΙΚΟ ΝΟΣΟΚΟΜΕΙΟ ΒΟΛΟΥ,25.02,self-referential (payroll/EFKA/FMY remittance)
ΡΞ2Ο4690ΒΩ-4Δ5,2026-04-07,ΚΑΤΑΒΟΛΗ ΑΠΟΖΗΜΙΩΣΗΣ ΜΑΘΗΤΕΙΑΣ ΣΕ ΜΕΤΑΛΥΚΕΙΑΚΟΥΣ ΣΠΟΥΔΑΣΤΕΣ ΕΤΟΥΣ 2025-2026Ν ΓΙΑ ΤΟΝ ΜΗΝΑ ΔΕΚΕΜΒΡΙΟ 2025,999501452,ΓΕΝΙΚΟ ΝΟΣΟΚΟΜΕΙΟ ΒΟΛΟΥ,41.39,self-referential (payroll/EFKA/FMY remittance)
ΡΞ2Ο4690ΒΩ-4Δ5,2026-04-07,ΚΑΤΑΒΟΛΗ ΑΠΟΖΗΜΙΩΣΗΣ ΜΑΘΗΤΕΙΑΣ ΣΕ ΜΕΤΑΛΥΚΕΙΑΚΟΥΣ ΣΠΟΥΔΑΣΤΕΣ ΕΤΟΥΣ 2025-2026Ν ΓΙΑ ΤΟΝ ΜΗΝΑ ΔΕΚΕΜΒΡΙΟ 2025,999501452,ΓΕΝΙΚΟ ΝΟΣΟΚΟΜΕΙΟ ΒΟΛΟΥ,904.21,self-referential (payroll/EFKA/FMY remittance)
9ΧΤ34690ΒΩ-ΛΛ4,2026-04-07,ΕΦΗΜΕΡΙΕΣ (ΥΠΕΡΒΑΛΛΟΥΣΕΣ) ΙΑΤΡΙΚΟΥ ΕΠΙΚΟΥΡΙΚΟΥ ΠΡΟΣΩΠΙΚΟΥ ΜΕ ΣΧΕΣΗ ΕΡΓΑΣΙΑΣ ΙΔΟΧ ΜΗΝΟΣ ΔΕΚΕΜΒΡΙΟΥ 2025 «ΕΝΙΣΧΥΣΗ ΤΩΝ ΦΟΡΕΩΝ ΥΓΕΙΑΣ ΜΕ ΕΠΙΚΟΥΡΙΚΟ ΠΡΟΣΩΠΙΚΟ ΓΙΑ ΤΗΝ ΑΝΤΑΠΟΚΡΙΣΗ ΣΤΙΣ ΑΝΑΓΚΕΣ ΛΟΓΩ ΤΗΣ ΕΠΙΔΗΜΙΑΣ COVID-19 ΣΤΗΝ ΠΕΡΙΦΕΡΕΙΑ ΘΕΣΣΑΛΙΑΣ» ΜΕ ΚΩΔΙΚΟ ΟΠΣ 5070510 ΣΤΟ ΕΠΙΧΕΙΡΗΣΙΑΚΟ ΠΡΟΓΡΑΜΜΑ «ΠΕΡΙΦΕΡΕΙΑΚΟ ΕΠΙΧΕΙΡΗΣΙΑΚΟ ΠΡΟΓΡΑΜΜΑ ΘΕΣΣΑΛΙΑΣ 2014 ΜΕ ΠΑΡΑΤΑΣΗ ΣΥΜΒΑΣΕΩΝ ΕΩΣ 31/12/2024 ΣΥΜΦΩΝΑ ΜΕ ΤΙΣ ΔΙΑΤΑΞΕΙΣ ΤΟΥ Ν.5079/2023 (ΦΕΚ 215/22-12-2023/τ.Α΄) ΑΡΘΡΟ 70 ΠΑΡ.,999501452,ΓΕΝΙΚΟ ΝΟΣΟΚΟΜΕΙΟ ΒΟΛΟΥ,544.54,self-referential (payroll/EFKA/FMY remittance)
ΡΞΓΔ4690ΒΩ-9Υ2,2026-04-07,ΕΦΗΜΕΡΙΕΣ (ΥΠΕΡΒΑΛΛΟΥΣΕΣ) ΙΑΤΡΙΚΟΥ ΠΡΟΣΩΠΙΚΟΥ ΜΗΝΟΣ ΔΕΚΕΜΒΡΙΟΥ 2025,999501452,ΓΕΝΙΚΟ ΝΟΣΟΚΟΜΕΙΟ ΒΟΛΟΥ,37142.49,self-referential (payroll/EFKA/FMY remittance)
ΨΗΚ14690ΒΩ-ΚΣ7,2026-04-07,ΚΑΤΑΒΟΛΗ ΑΠΟΔΟΧΩΝ ΜΗΝΟΣ ΜΑΡΤΙΟΥ 2025 ΣΕ ΠΡΟΣΩΠΙΚΟ ΠΟΥ ΥΠΗΡΕΤΕΙ ΜΕΣΩ ΠΡΟΓΡΑΜΜΑΤΟΣ ΟΑΕΔ ΗΛΙΚΙΑΣ 55-67 ΣΥΜΦΩΝΑ ΜΕ ΤΗΝ 1η ΤΡΟΠΟΠΟΙΗΣΗ ΤΗΣ ΔΗΜΟΣΙΑΣ ΠΡΟΣΚΛΗΣΗΣ Νο11/2017 ΤΟΥ ΟΑΕΔ ΠΔΕ ΣΥΓΧΡΗΜΑΤΟΔΟΤΟΥΜΕΝΟ,999501452,ΓΕΝΙΚΟ ΝΟΣΟΚΟΜΕΙΟ ΒΟΛΟΥ,20594.63,self-referential (payroll/EFKA/FMY remittance)
ΨΗΚ14690ΒΩ-ΚΣ7,2026-04-07,ΚΑΤΑΒΟΛΗ ΑΠΟΔΟΧΩΝ ΜΗΝΟΣ ΜΑΡΤΙΟΥ 2025 ΣΕ ΠΡΟΣΩΠΙΚΟ ΠΟΥ ΥΠΗΡΕΤΕΙ ΜΕΣΩ ΠΡΟΓΡΑΜΜΑΤΟΣ ΟΑΕΔ ΗΛΙΚΙΑΣ 55-67 ΣΥΜΦΩΝΑ ΜΕ ΤΗΝ 1η ΤΡΟΠΟΠΟΙΗΣΗ ΤΗΣ ΔΗΜΟΣΙΑΣ ΠΡΟΣΚΛΗΣΗΣ Νο11/2017 ΤΟΥ ΟΑΕΔ ΠΔΕ ΣΥΓΧΡΗΜΑΤΟΔΟΤΟΥΜΕΝΟ,999501452,ΓΕΝΙΚΟ ΝΟΣΟΚΟΜΕΙΟ ΒΟΛΟΥ,2244.14,self-referential (payroll/EFKA/FMY remittance)
ΨΗΚ14690ΒΩ-ΚΣ7,2026-04-07,ΚΑΤΑΒΟΛΗ ΑΠΟΔΟΧΩΝ ΜΗΝΟΣ ΜΑΡΤΙΟΥ 2025 ΣΕ ΠΡΟΣΩΠΙΚΟ ΠΟΥ ΥΠΗΡΕΤΕΙ ΜΕΣΩ ΠΡΟΓΡΑΜΜΑΤΟΣ ΟΑΕΔ ΗΛΙΚΙΑΣ 55-67 ΣΥΜΦΩΝΑ ΜΕ ΤΗΝ 1η ΤΡΟΠΟΠΟΙΗΣΗ ΤΗΣ ΔΗΜΟΣΙΑΣ ΠΡΟΣΚΛΗΣΗΣ Νο11/2017 ΤΟΥ ΟΑΕΔ ΠΔΕ ΣΥΓΧΡΗΜΑΤΟΔΟΤΟΥΜΕΝΟ,999501452,ΓΕΝΙΚΟ ΝΟΣΟΚΟΜΕΙΟ ΒΟΛΟΥ,5341.92,self-referential (payroll/EFKA/FMY remittance)
Ρ7ΥΤ4690ΒΩ-ΧΓΕ,2026-04-07,ΚΑΤΑΒΟΛΗ ΑΠΟΔΟΧΩΝ ΜΗΝΟΣ ΜΑΡΤΙΟΥ 2025 ΣΕ ΠΡΟΣΩΠΙΚΟ ΠΟΥ ΥΠΗΡΕΤΕΙ ΜΕΣΩ ΠΡΟΓΡΑΜΜΑΤΟΣ ΟΑΕΔ ΗΛΙΚΙΑΣ 55-67 ΣΥΜΦΩΝΑ ΜΕ ΤΗΝ 1η ΤΡΟΠΟΠΟΙΗΣΗ ΤΗΣ ΔΗΜΟΣΙΑΣ ΠΡΟΣΚΛΗΣΗΣ Νο11/2017 ΤΟΥ ΟΑΕΔ,999501452,ΓΕΝΙΚΟ ΝΟΣΟΚΟΜΕΙΟ ΒΟΛΟΥ,14368.03,self-referential (payroll/EFKA/FMY remittance)
Ρ7ΥΤ4690ΒΩ-ΧΓΕ,2026-04-07,ΚΑΤΑΒΟΛΗ ΑΠΟΔΟΧΩΝ ΜΗΝΟΣ ΜΑΡΤΙΟΥ 2025 ΣΕ ΠΡΟΣΩΠΙΚΟ ΠΟΥ ΥΠΗΡΕΤΕΙ ΜΕΣΩ ΠΡΟΓΡΑΜΜΑΤΟΣ ΟΑΕΔ ΗΛΙΚΙΑΣ 55-67 ΣΥΜΦΩΝΑ ΜΕ ΤΗΝ 1η ΤΡΟΠΟΠΟΙΗΣΗ ΤΗΣ ΔΗΜΟΣΙΑΣ ΠΡΟΣΚΛΗΣΗΣ Νο11/2017 ΤΟΥ ΟΑΕΔ,999501452,ΓΕΝΙΚΟ ΝΟΣΟΚΟΜΕΙΟ ΒΟΛΟΥ,1616.86,self-referential (payroll/EFKA/FMY remittance)
Ρ7ΥΤ4690ΒΩ-ΧΓΕ,2026-04-07,ΚΑΤΑΒΟΛΗ ΑΠΟΔΟΧΩΝ ΜΗΝΟΣ ΜΑΡΤΙΟΥ 2025 ΣΕ ΠΡΟΣΩΠΙΚΟ ΠΟΥ ΥΠΗΡΕΤΕΙ ΜΕΣΩ ΠΡΟΓΡΑΜΜΑΤΟΣ ΟΑΕΔ ΗΛΙΚΙΑΣ 55-67 ΣΥΜΦΩΝΑ ΜΕ ΤΗΝ 1η ΤΡΟΠΟΠΟΙΗΣΗ ΤΗΣ ΔΗΜΟΣΙΑΣ ΠΡΟΣΚΛΗΣΗΣ Νο11/2017 ΤΟΥ ΟΑΕΔ,999501452,ΓΕΝΙΚΟ ΝΟΣΟΚΟΜΕΙΟ ΒΟΛΟΥ,3688.55,self-referential (payroll/EFKA/FMY remittance)
ΡΒ6Γ4690ΒΩ-ΦΞ3,2026-04-07,ΚΑΤΑΒΟΛΗ ΑΠΟΔΟΧΩΝ ΛΟΙΠΟΥ ΕΠΙΚΟΥΡΙΚΟΥ ΠΡΟΣΩΠΙΚΟΥ ΜΕ ΣΧΕΣΗ ΕΡΓΑΣΙΑΣ ΙΔΟΧ ΜΗΝΟΣ ΜΑΡΤΙΟΥ 2026 «ΕΝΙΣΧΥΣΗ ΤΩΝ ΦΟΡΕΩΝ ΥΓΕΙΑΣ ΜΕ ΕΠΙΚΟΥΡΙΚΟ ΠΡΟΣΩΠΙΚΟ ΓΙΑ ΤΗΝ ΑΝΤΑΠΟΚΡΙΣΗ ΣΤΙΣ ΑΝΑΓΚΕΣ ΛΟΓΩ ΤΗΣ ΕΠΙΔΗΜΙΑΣ COVID-19 ΣΤΗΝ ΠΕΡΙΦΕΡΕΙΑ ΘΕΣΣΑΛΙΑΣ» ΜΕ ΚΩΔΙΚΟ ΟΠΣ 5070510 ΣΤΟ ΕΠΙΧΕΙΡΗΣΙΑΚΟ ΠΡΟΓΡΑΜΜΑ «ΠΕΡΙΦΕΡΕΙΑΚΟ ΕΠΙΧΕΙΡΗΣΙΑΚΟ ΠΡΟΓΡΑΜΜΑ ΘΕΣΣΑΛΙΑΣ 2014 ΜΕ ΠΑΡΑΤΑΣΗ ΣΥΜΒΑΣΕΩΝ ΕΩΣ 31/12/2026 ΣΥΜΦΩΝΑ ΜΕ ΤΙΣ ΔΙΑΤΑΞΕΙΣ ΤΟΥ Ν.5259/2025 ΑΡΘΡΟ 250 ΠΑΡ. 2,999501452,ΓΕΝΙΚΟ ΝΟΣΟΚΟΜΕΙΟ ΒΟΛΟΥ,43636.17,self-referential (payroll/EFKA/FMY remittance)
ΡΒ6Γ4690ΒΩ-ΦΞ3,2026-04-07,ΚΑΤΑΒΟΛΗ ΑΠΟΔΟΧΩΝ ΛΟΙΠΟΥ ΕΠΙΚΟΥΡΙΚΟΥ ΠΡΟΣΩΠΙΚΟΥ ΜΕ ΣΧΕΣΗ ΕΡΓΑΣΙΑΣ ΙΔΟΧ ΜΗΝΟΣ ΜΑΡΤΙΟΥ 2026 «ΕΝΙΣΧΥΣΗ ΤΩΝ ΦΟΡΕΩΝ ΥΓΕΙΑΣ ΜΕ ΕΠΙΚΟΥΡΙΚΟ ΠΡΟΣΩΠΙΚΟ ΓΙΑ ΤΗΝ ΑΝΤΑΠΟΚΡΙΣΗ ΣΤΙΣ ΑΝΑΓΚΕΣ ΛΟΓΩ ΤΗΣ ΕΠΙΔΗΜΙΑΣ COVID-19 ΣΤΗΝ ΠΕΡΙΦΕΡΕΙΑ ΘΕΣΣΑΛΙΑΣ» ΜΕ ΚΩΔΙΚΟ ΟΠΣ 5070510 ΣΤΟ ΕΠΙΧΕΙΡΗΣΙΑΚΟ ΠΡΟΓΡΑΜΜΑ «ΠΕΡΙΦΕΡΕΙΑΚΟ ΕΠΙΧΕΙΡΗΣΙΑΚΟ ΠΡΟΓΡΑΜΜΑ ΘΕΣΣΑΛΙΑΣ 2014 ΜΕ ΠΑΡΑΤΑΣΗ ΣΥΜΒΑΣΕΩΝ ΕΩΣ 31/12/2026 ΣΥΜΦΩΝΑ ΜΕ ΤΙΣ ΔΙΑΤΑΞΕΙΣ ΤΟΥ Ν.5259/2025 ΑΡΘΡΟ 250 ΠΑΡ. 2,999501452,ΓΕΝΙΚΟ ΝΟΣΟΚΟΜΕΙΟ ΒΟΛΟΥ,8457.50,self-referential (payroll/EFKA/FMY remittance)
ΡΒ6Γ4690ΒΩ-ΦΞ3,2026-04-07,ΚΑΤΑΒΟΛΗ ΑΠΟΔΟΧΩΝ ΛΟΙΠΟΥ ΕΠΙΚΟΥΡΙΚΟΥ ΠΡΟΣΩΠΙΚΟΥ ΜΕ ΣΧΕΣΗ ΕΡΓΑΣΙΑΣ ΙΔΟΧ ΜΗΝΟΣ ΜΑΡΤΙΟΥ 2026 «ΕΝΙΣΧΥΣΗ ΤΩΝ ΦΟΡΕΩΝ ΥΓΕΙΑΣ ΜΕ ΕΠΙΚΟΥΡΙΚΟ ΠΡΟΣΩΠΙΚΟ ΓΙΑ ΤΗΝ ΑΝΤΑΠΟΚΡΙΣΗ ΣΤΙΣ ΑΝΑΓΚΕΣ ΛΟΓΩ ΤΗΣ ΕΠΙΔΗΜΙΑΣ COVID-19 ΣΤΗΝ ΠΕΡΙΦΕΡΕΙΑ ΘΕΣΣΑΛΙΑΣ» ΜΕ ΚΩΔΙΚΟ ΟΠΣ 5070510 ΣΤΟ ΕΠΙΧΕΙΡΗΣΙΑΚΟ ΠΡΟΓΡΑΜΜΑ «ΠΕΡΙΦΕΡΕΙΑΚΟ ΕΠΙΧΕΙΡΗΣΙΑΚΟ ΠΡΟΓΡΑΜΜΑ ΘΕΣΣΑΛΙΑΣ 2014 ΜΕ ΠΑΡΑΤΑΣΗ ΣΥΜΒΑΣΕΩΝ ΕΩΣ 31/12/2026 ΣΥΜΦΩΝΑ ΜΕ ΤΙΣ ΔΙΑΤΑΞΕΙΣ ΤΟΥ Ν.5259/2025 ΑΡΘΡΟ 250 ΠΑΡ. 2,999501452,ΓΕΝΙΚΟ ΝΟΣΟΚΟΜΕΙΟ ΒΟΛΟΥ,12407.50,self-referential (payroll/EFKA/FMY remittance)
ΨΞΝΜ4690ΒΩ-Ξ5Σ,2026-04-07,ΚΑΤΑΒΟΛΗ ΑΠΟΔΟΧΩΝ ΜΗΝΟΣ ΜΑΡΤΙΟΥ 2026 ΙΑΤΡΙΚΟΥ ΕΠΙΚΟΥΡΙΚΟΥ ΠΡΟΣΩΠΙΚΟΥ,999501452,ΓΕΝΙΚΟ ΝΟΣΟΚΟΜΕΙΟ ΒΟΛΟΥ,15959.00,self-referential (payroll/EFKA/FMY remittance)
ΨΞΝΜ4690ΒΩ-Ξ5Σ,2026-04-07,ΚΑΤΑΒΟΛΗ ΑΠΟΔΟΧΩΝ ΜΗΝΟΣ ΜΑΡΤΙΟΥ 2026 ΙΑΤΡΙΚΟΥ ΕΠΙΚΟΥΡΙΚΟΥ ΠΡΟΣΩΠΙΚΟΥ,999501452,ΓΕΝΙΚΟ ΝΟΣΟΚΟΜΕΙΟ ΒΟΛΟΥ,3595.00,self-referential (payroll/EFKA/FMY remittance)
ΨΞΝΜ4690ΒΩ-Ξ5Σ,2026-04-07,ΚΑΤΑΒΟΛΗ ΑΠΟΔΟΧΩΝ ΜΗΝΟΣ ΜΑΡΤΙΟΥ 2026 ΙΑΤΡΙΚΟΥ ΕΠΙΚΟΥΡΙΚΟΥ ΠΡΟΣΩΠΙΚΟΥ,999501452,ΓΕΝΙΚΟ ΝΟΣΟΚΟΜΕΙΟ ΒΟΛΟΥ,4260.83,self-referential (payroll/EFKA/FMY remittance)
ΨΔ9Η4690ΒΩ-ΧΔΖ,2026-04-07,"ΗΜΕΡΗΣΙΑ ΑΠΟΖΗΜΙΩΣΗ ΥΠΑΛΛΗΛΟΥ ΤΟΥ ΓΝΒ ΠΟΥ ΜΕΤΕΒΗ ΣΤΗΝ ΑΘΗΝΑ ΓΙΑ ΤΗΝ ΠΑΡΑΛΑΒΗ ΦΑΡΜΑΚΩΝ ΑΠΟ Υ.ΥΓΕΙΑΣ ,ΜΕΤΑΚΙΝΗΣΗ ΤΟΥ ΔΙΟΙΚΗΤΗ ΣΕ ΣΥΝΕΔΡΙΟ ΣΤΑ ΙΩΑΝΝΙΝΑ",999501452,ΓΕΝΙΚΟ ΝΟΣΟΚΟΜΕΙΟ ΒΟΛΟΥ,40.00,self-referential (payroll/EFKA/FMY remittance)
6Ζ0Ι4690ΒΩ-0Α7,2026-04-07,"ΚΑΤΑΒΟΛΗ ΑΠΟΔΟΧΩΝ ΙΑΤΡΙΚΟΥ ΠΡΟΣΩΠΙΚΟΥ ΜΕ ΣΧΕΣΗ ΙΔΟΧ ΜΗΝΟΣ ΜΑΡΤΙΟΥ 2026 "" ΕΝΙΣΧΥΣΗ ΤΩΝ ΦΟΡΕΩΝ ΥΓΕΙΑΣ ΜΕ ΕΠΙΚΟΥΡΙΚΟ ΠΡΟΣΩΠΙΚΟ ΓΙΑ ΤΗΝ ΑΝΤΑΠΟΚΡΙΣΗ ΣΤΙΣ ΑΝΑΓΚΕΣ ΛΟΓΩ ΤΗΣ ΕΠΙΔΗΜΙΑΣ COVID 19 ΣΤΗΝ ΠΕΡΙΦΕΡΕΙΑ ΘΕΣΣΑΛΙΑΣ"" ΜΕ ΚΩΔΙΚΟ ΟΠΣ 5070510 ΣΤΟ ΕΠΙΧΕΙΡΗΣΙΑΚΟ ΠΡΟΓΡΑΜΜΑ ""ΠΕΡΙΦΕΡΕΙΑΚΟ ΕΠΙΧΕΙΡΗΣΙΑΚΟ ΠΡΟΓΡΑΜΜΑ ΘΕΣΣΑΛΙΑ"" 2014 ΜΕ ΠΑΡΑΤΑΣΗ ΣΥΜΒΑΣΕΩΝ ΕΩΣ 31/12/2026 , ΣΥΜΦΩΝΑ ΜΕ ΤΟΝ Ν.5259/25, ΠΑΡ.2, ΑΡΘΡ.250",999501452,ΓΕΝΙΚΟ ΝΟΣΟΚΟΜΕΙΟ ΒΟΛΟΥ,4196.00,self-referential (payroll/EFKA/FMY remittance)
6Ζ0Ι4690ΒΩ-0Α7,2026-04-07,"ΚΑΤΑΒΟΛΗ ΑΠΟΔΟΧΩΝ ΙΑΤΡΙΚΟΥ ΠΡΟΣΩΠΙΚΟΥ ΜΕ ΣΧΕΣΗ ΙΔΟΧ ΜΗΝΟΣ ΜΑΡΤΙΟΥ 2026 "" ΕΝΙΣΧΥΣΗ ΤΩΝ ΦΟΡΕΩΝ ΥΓΕΙΑΣ ΜΕ ΕΠΙΚΟΥΡΙΚΟ ΠΡΟΣΩΠΙΚΟ ΓΙΑ ΤΗΝ ΑΝΤΑΠΟΚΡΙΣΗ ΣΤΙΣ ΑΝΑΓΚΕΣ ΛΟΓΩ ΤΗΣ ΕΠΙΔΗΜΙΑΣ COVID 19 ΣΤΗΝ ΠΕΡΙΦΕΡΕΙΑ ΘΕΣΣΑΛΙΑΣ"" ΜΕ ΚΩΔΙΚΟ ΟΠΣ 5070510 ΣΤΟ ΕΠΙΧΕΙΡΗΣΙΑΚΟ ΠΡΟΓΡΑΜΜΑ ""ΠΕΡΙΦΕΡΕΙΑΚΟ ΕΠΙΧΕΙΡΗΣΙΑΚΟ ΠΡΟΓΡΑΜΜΑ ΘΕΣΣΑΛΙΑ"" 2014 ΜΕ ΠΑΡΑΤΑΣΗ ΣΥΜΒΑΣΕΩΝ ΕΩΣ 31/12/2026 , ΣΥΜΦΩΝΑ ΜΕ ΤΟΝ Ν.5259/25, ΠΑΡ.2, ΑΡΘΡ.250",999501452,ΓΕΝΙΚΟ ΝΟΣΟΚΟΜΕΙΟ ΒΟΛΟΥ,1070.00,self-referential (payroll/EFKA/FMY remittance)
6Ζ0Ι4690ΒΩ-0Α7,2026-04-07,"ΚΑΤΑΒΟΛΗ ΑΠΟΔΟΧΩΝ ΙΑΤΡΙΚΟΥ ΠΡΟΣΩΠΙΚΟΥ ΜΕ ΣΧΕΣΗ ΙΔΟΧ ΜΗΝΟΣ ΜΑΡΤΙΟΥ 2026 "" ΕΝΙΣΧΥΣΗ ΤΩΝ ΦΟΡΕΩΝ ΥΓΕΙΑΣ ΜΕ ΕΠΙΚΟΥΡΙΚΟ ΠΡΟΣΩΠΙΚΟ ΓΙΑ ΤΗΝ ΑΝΤΑΠΟΚΡΙΣΗ ΣΤΙΣ ΑΝΑΓΚΕΣ ΛΟΓΩ ΤΗΣ ΕΠΙΔΗΜΙΑΣ COVID 19 ΣΤΗΝ ΠΕΡΙΦΕΡΕΙΑ ΘΕΣΣΑΛΙΑΣ"" ΜΕ ΚΩΔΙΚΟ ΟΠΣ 5070510 ΣΤΟ ΕΠΙΧΕΙΡΗΣΙΑΚΟ ΠΡΟΓΡΑΜΜΑ ""ΠΕΡΙΦΕΡΕΙΑΚΟ ΕΠΙΧΕΙΡΗΣΙΑΚΟ ΠΡΟΓΡΑΜΜΑ ΘΕΣΣΑΛΙΑ"" 2014 ΜΕ ΠΑΡΑΤΑΣΗ ΣΥΜΒΑΣΕΩΝ ΕΩΣ 31/12/2026 , ΣΥΜΦΩΝΑ ΜΕ ΤΟΝ Ν.5259/25, ΠΑΡ.2, ΑΡΘΡ.250",999501452,ΓΕΝΙΚΟ ΝΟΣΟΚΟΜΕΙΟ ΒΟΛΟΥ,1147.46,self-referential (payroll/EFKA/FMY remittance)
ΡΩΦΜ4690ΒΩ-3ΕΓ,2026-04-07,ΚΑΤΑΒΟΛΗ ΑΠΟΔΟΧΩΝ ΜΗΝΟΣ ΜΑΡΤΙΟΥ 2026 ΛΟΙΠΟΥ ΕΠΙΚΟΥΡΙΚΟΥ ΠΡΟΣΩΠΙΚΟΥ ΜΕ ΣΧΕΣΗ ΕΡΓΑΣΙΑΣ ΙΔΟΧ ΣΕ ΕΦΑΡΜΟΓΗ ΤΩΝ ΔΙΑΤΑΞΕΩΝ ΤΟΥ ΑΡΘΡΟΥ 17 ΤΗΣ ΠΝΠ ΦΕΚ 55/1-3-2020 ΄΄ΚΑΤΕΠΕΙΓΟΝΤΑ ΜΕΤΡΑ ΑΝΤΙΜΕΤΩΠΙΣΗΣ ΤΩΝ ΑΡΝΗΤΙΚΩΝ ΣΥΝΕΠΕΙΩΝ ΤΗΣ ΕΜΦΑΝΙΣΗΣ COVID19 ΜΕ ΠΑΡΑΤΑΣΗ ΣΥΜΒΑΣΕΩΝ ΕΩΣ 31/12/2026 ΣΥΜΦΩΝΑ ΜΕ ΤΙΣ ΔΙΑΤΑΞΕΙΣ ΤΟΥ Ν.5259/2025 ΑΡΘΡΟ 250 ΠΑΡ. 2,999501452,ΓΕΝΙΚΟ ΝΟΣΟΚΟΜΕΙΟ ΒΟΛΟΥ,18128.77,self-referential (payroll/EFKA/FMY remittance)
ΡΩΦΜ4690ΒΩ-3ΕΓ,2026-04-07,ΚΑΤΑΒΟΛΗ ΑΠΟΔΟΧΩΝ ΜΗΝΟΣ ΜΑΡΤΙΟΥ 2026 ΛΟΙΠΟΥ ΕΠΙΚΟΥΡΙΚΟΥ ΠΡΟΣΩΠΙΚΟΥ ΜΕ ΣΧΕΣΗ ΕΡΓΑΣΙΑΣ ΙΔΟΧ ΣΕ ΕΦΑΡΜΟΓΗ ΤΩΝ ΔΙΑΤΑΞΕΩΝ ΤΟΥ ΑΡΘΡΟΥ 17 ΤΗΣ ΠΝΠ ΦΕΚ 55/1-3-2020 ΄΄ΚΑΤΕΠΕΙΓΟΝΤΑ ΜΕΤΡΑ ΑΝΤΙΜΕΤΩΠΙΣΗΣ ΤΩΝ ΑΡΝΗΤΙΚΩΝ ΣΥΝΕΠΕΙΩΝ ΤΗΣ ΕΜΦΑΝΙΣΗΣ COVID19 ΜΕ ΠΑΡΑΤΑΣΗ ΣΥΜΒΑΣΕΩΝ ΕΩΣ 31/12/2026 ΣΥΜΦΩΝΑ ΜΕ ΤΙΣ ΔΙΑΤΑΞΕΙΣ ΤΟΥ Ν.5259/2025 ΑΡΘΡΟ 250 ΠΑΡ. 2,999501452,ΓΕΝΙΚΟ ΝΟΣΟΚΟΜΕΙΟ ΒΟΛΟΥ,3153.17,self-referential (payroll/EFKA/FMY remittance)
ΡΩΦΜ4690ΒΩ-3ΕΓ,2026-04-07,ΚΑΤΑΒΟΛΗ ΑΠΟΔΟΧΩΝ ΜΗΝΟΣ ΜΑΡΤΙΟΥ 2026 ΛΟΙΠΟΥ ΕΠΙΚΟΥΡΙΚΟΥ ΠΡΟΣΩΠΙΚΟΥ ΜΕ ΣΧΕΣΗ ΕΡΓΑΣΙΑΣ ΙΔΟΧ ΣΕ ΕΦΑΡΜΟΓΗ ΤΩΝ ΔΙΑΤΑΞΕΩΝ ΤΟΥ ΑΡΘΡΟΥ 17 ΤΗΣ ΠΝΠ ΦΕΚ 55/1-3-2020 ΄΄ΚΑΤΕΠΕΙΓΟΝΤΑ ΜΕΤΡΑ ΑΝΤΙΜΕΤΩΠΙΣΗΣ ΤΩΝ ΑΡΝΗΤΙΚΩΝ ΣΥΝΕΠΕΙΩΝ ΤΗΣ ΕΜΦΑΝΙΣΗΣ COVID19 ΜΕ ΠΑΡΑΤΑΣΗ ΣΥΜΒΑΣΕΩΝ ΕΩΣ 31/12/2026 ΣΥΜΦΩΝΑ ΜΕ ΤΙΣ ΔΙΑΤΑΞΕΙΣ ΤΟΥ Ν.5259/2025 ΑΡΘΡΟ 250 ΠΑΡ. 2,999501452,ΓΕΝΙΚΟ ΝΟΣΟΚΟΜΕΙΟ ΒΟΛΟΥ,4911.51,self-referential (payroll/EFKA/FMY remittance)
ΨΙ5Μ4690ΒΩ-ΕΥΝ,2026-04-07,"ΚΑΤΑΒΟΛΗ ΑΠΟΔΟΧΩΝ ΛΟΙΠΟΥ ΕΠΙΚΟΥΡΙΚΟΥ ΠΡΟΣΩΠΙΚΟΥ ΜΗΝΟΣ ΜΑΡΤΙΟΥ 2026 ΜΕ ΠΑΡΑΤΑΣΗ ΣΥΜΒΑΣΕΩΝ ΕΩΣ 31/12/2026 , ΣΥΜΦΩΝΑ ΜΕ ΤΟΝ Ν.5259/25, ΠΑΡ.2, ΑΡΘΡ.250",999501452,ΓΕΝΙΚΟ ΝΟΣΟΚΟΜΕΙΟ ΒΟΛΟΥ,3528.00,self-referential (payroll/EFKA/FMY remittance)
ΨΙ5Μ4690ΒΩ-ΕΥΝ,2026-04-07,"ΚΑΤΑΒΟΛΗ ΑΠΟΔΟΧΩΝ ΛΟΙΠΟΥ ΕΠΙΚΟΥΡΙΚΟΥ ΠΡΟΣΩΠΙΚΟΥ ΜΗΝΟΣ ΜΑΡΤΙΟΥ 2026 ΜΕ ΠΑΡΑΤΑΣΗ ΣΥΜΒΑΣΕΩΝ ΕΩΣ 31/12/2026 , ΣΥΜΦΩΝΑ ΜΕ ΤΟΝ Ν.5259/25, ΠΑΡ.2, ΑΡΘΡ.250",999501452,ΓΕΝΙΚΟ ΝΟΣΟΚΟΜΕΙΟ ΒΟΛΟΥ,875.00,self-referential (payroll/EFKA/FMY remittance)
ΨΙ5Μ4690ΒΩ-ΕΥΝ,2026-04-07,"ΚΑΤΑΒΟΛΗ ΑΠΟΔΟΧΩΝ ΛΟΙΠΟΥ ΕΠΙΚΟΥΡΙΚΟΥ ΠΡΟΣΩΠΙΚΟΥ ΜΗΝΟΣ ΜΑΡΤΙΟΥ 2026 ΜΕ ΠΑΡΑΤΑΣΗ ΣΥΜΒΑΣΕΩΝ ΕΩΣ 31/12/2026 , ΣΥΜΦΩΝΑ ΜΕ ΤΟΝ Ν.5259/25, ΠΑΡ.2, ΑΡΘΡ.250",999501452,ΓΕΝΙΚΟ ΝΟΣΟΚΟΜΕΙΟ ΒΟΛΟΥ,1054.08,self-referential (payroll/EFKA/FMY remittance)
9ΚΕΟ4690ΒΩ-Π0Ε,2026-03-31,ΑΠΟΔΟΣΗ ΚΡΑΤΗΣΕΩΝ ΥΠΕΡ ΕΦΚΑ ΚΑΙ ΛΟΙΠΩΝ ΑΣΦΑΛΙΣΤΙΚΩΝ ΤΑΜΕΙΩΝ ΕΠΙ ΤΩΝ ΕΞΟΦΛΗΘΕΝΤΩΝ ΧΕ ΜΙΣΘΟΔΟΣΙΑΣ ΜΗΝΟΣ  ΜΑΡΤΙΟΥ (Φ-100 ΕΑΠ ),999501452,ΓΕΝΙΚΟ ΝΟΣΟΚΟΜΕΙΟ ΒΟΛΟΥ,6395.20,self-referential (payroll/EFKA/FMY remittance)
9ΚΕΟ4690ΒΩ-Π0Ε,2026-03-31,ΑΠΟΔΟΣΗ ΚΡΑΤΗΣΕΩΝ ΥΠΕΡ ΕΦΚΑ ΚΑΙ ΛΟΙΠΩΝ ΑΣΦΑΛΙΣΤΙΚΩΝ ΤΑΜΕΙΩΝ ΕΠΙ ΤΩΝ ΕΞΟΦΛΗΘΕΝΤΩΝ ΧΕ ΜΙΣΘΟΔΟΣΙΑΣ ΜΗΝΟΣ  ΜΑΡΤΙΟΥ (Φ-100 ΕΑΠ ),999501452,ΓΕΝΙΚΟ ΝΟΣΟΚΟΜΕΙΟ ΒΟΛΟΥ,54898.05,self-referential (payroll/EFKA/FMY remittance)
ΨΨΗ84690ΒΩ-8ΗΛ,2026-03-30,"ΟΔΟΙΠΟΡΙΚΑ  ΕΞΟΔΑ ΓΙΑ ΠΡΟΓΡΑΜΜΑΤΙΣΜΕΝΕΣ ΜΕΤΑΚΙΝΗΣΕΙΣ ΤΗΣ ΚΙΝΗΤΗΣ ΜΟΝΑΔΑΣ ΑΙΜΟΔΟΣΙΑΣ ΓΙΑ ΑΙΜΟΛΗΨΙΕΣ ΣΤΙΣ ΣΠΟΡΑΔΕΣ (ΣΚΙΑΘΟ - ΣΚΟΠΕΛΟ - ΑΛΟΝΝΗΣΟ) ΤΟΥΣ ΜΗΝΕΣ ΑΠΡΙΛΙΟ,ΜΑΪΟ 2026",999501452,ΓΕΝΙΚΟ ΝΟΣΟΚΟΜΕΙΟ ΒΟΛΟΥ,1472.00,self-referential (payroll/EFKA/FMY remittance)
ΨΟΞΗ4690ΒΩ-ΞΑΧ,2026-03-27,ΑΠΟΖΗΜΙΩΣΗ ΣΤΑ ΜΕΛΗ (ΙΔΙΩΤΕΣ) ΓΙΑ ΣΥΜΜΜΕΤΟΧΗ ΣΤΙΣ ΣΥΝΕΔΡΙΑΣΕΙΣ ΤΟΥ ΔΣ ΤΟΥ ΓΝΒ ΑΠΟ 18/12/2025 ΕΩΣ 31/12/2025 ΣΥΜΦΩΝΑ ΜΕ ΤΙΣ ΔΙΑΤΑΞΕΙΣ ΤΟΥ Ν 4354/20215 ΤΟΥ ΑΡΘΡΟΥ 21 ΤΗΣ ΠΑΡ.1,999501452,ΓΕΝΙΚΟ ΝΟΣΟΚΟΜΕΙΟ ΒΟΛΟΥ,120.00,self-referential (payroll/EFKA/FMY remittance)
ΨΧΞ54690ΒΩ-6ΑΡ,2026-03-19,ΚΑΤΑΒΟΛΗ ΑΠΑΞ ΠΟΣΟΥ ΕΝ.Φ.Ι.Α ΕΤΟΥΣ 2025 ΑΚΙΝΗΤΩΝ ΙΔΙΟΚΤΗΣΙΑΣ ΓΝΒ (ΣΥΜΦΩΝΑ ΜΕ ΤΟ Ν. 4223/2013 ),999501452,ΓΕΝΙΚΟ ΝΟΣΟΚΟΜΕΙΟ ΒΟΛΟΥ,36686.88,self-referential (payroll/EFKA/FMY remittance)
6Α7Θ4690ΒΩ-ΙΡΗ,2026-03-10,ΚΑΤΑΒΟΛΗ ΑΠΟΔΟΧΩΝ ΜΗΝΟΣ ΦΕΒΡΟΥΑΡΙΟΥ 2025 ΣΕ ΠΡΟΣΩΠΙΚΟ ΠΟΥ ΥΠΗΡΕΤΕΙ ΜΕΣΩ ΠΡΟΓΡΑΜΜΑΤΟΣ ΟΑΕΔ ΗΛΙΚΙΑΣ 55-67 ΣΥΜΦΩΝΑ ΜΕ ΤΗΝ 1η ΤΡΟΠΟΠΟΙΗΣΗ ΤΗΣ ΔΗΜΟΣΙΑΣ ΠΡΟΣΚΛΗΣΗΣ Νο11/2017 ΤΟΥ ΟΑΕΔ  ΠΔΕ  ΣΥΓΧΡΗΜΑΤΟΔΟΤΟΥΜΕΝΟ,999501452,ΓΕΝΙΚΟ ΝΟΣΟΚΟΜΕΙΟ ΒΟΛΟΥ,20029.86,self-referential (payroll/EFKA/FMY remittance)
6Α7Θ4690ΒΩ-ΙΡΗ,2026-03-10,ΚΑΤΑΒΟΛΗ ΑΠΟΔΟΧΩΝ ΜΗΝΟΣ ΦΕΒΡΟΥΑΡΙΟΥ 2025 ΣΕ ΠΡΟΣΩΠΙΚΟ ΠΟΥ ΥΠΗΡΕΤΕΙ ΜΕΣΩ ΠΡΟΓΡΑΜΜΑΤΟΣ ΟΑΕΔ ΗΛΙΚΙΑΣ 55-67 ΣΥΜΦΩΝΑ ΜΕ ΤΗΝ 1η ΤΡΟΠΟΠΟΙΗΣΗ ΤΗΣ ΔΗΜΟΣΙΑΣ ΠΡΟΣΚΛΗΣΗΣ Νο11/2017 ΤΟΥ ΟΑΕΔ  ΠΔΕ  ΣΥΓΧΡΗΜΑΤΟΔΟΤΟΥΜΕΝΟ,999501452,ΓΕΝΙΚΟ ΝΟΣΟΚΟΜΕΙΟ ΒΟΛΟΥ,2086.66,self-referential (payroll/EFKA/FMY remittance)
6Α7Θ4690ΒΩ-ΙΡΗ,2026-03-10,ΚΑΤΑΒΟΛΗ ΑΠΟΔΟΧΩΝ ΜΗΝΟΣ ΦΕΒΡΟΥΑΡΙΟΥ 2025 ΣΕ ΠΡΟΣΩΠΙΚΟ ΠΟΥ ΥΠΗΡΕΤΕΙ ΜΕΣΩ ΠΡΟΓΡΑΜΜΑΤΟΣ ΟΑΕΔ ΗΛΙΚΙΑΣ 55-67 ΣΥΜΦΩΝΑ ΜΕ ΤΗΝ 1η ΤΡΟΠΟΠΟΙΗΣΗ ΤΗΣ ΔΗΜΟΣΙΑΣ ΠΡΟΣΚΛΗΣΗΣ Νο11/2017 ΤΟΥ ΟΑΕΔ  ΠΔΕ  ΣΥΓΧΡΗΜΑΤΟΔΟΤΟΥΜΕΝΟ,999501452,ΓΕΝΙΚΟ ΝΟΣΟΚΟΜΕΙΟ ΒΟΛΟΥ,5111.47,self-referential (payroll/EFKA/FMY remittance)
ΨΠ524690ΒΩ-ΑΣΧ,2026-03-10,ΚΑΤΑΒΟΛΗ ΑΠΟΔΟΧΩΝ ΜΗΝΟΣ ΦΕΒΡΟΥΑΡΙΟΥ 2025 ΣΕ ΠΡΟΣΩΠΙΚΟ ΠΟΥ ΥΠΗΡΕΤΕΙ ΜΕΣΩ ΠΡΟΓΡΑΜΜΑΤΟΣ ΟΑΕΔ ΗΛΙΚΙΑΣ 55-67 ΣΥΜΦΩΝΑ ΜΕ ΤΗΝ 1η ΤΡΟΠΟΠΟΙΗΣΗ ΤΗΣ ΔΗΜΟΣΙΑΣ ΠΡΟΣΚΛΗΣΗΣ Νο11/2017 ΤΟΥ ΟΑΕΔ,999501452,ΓΕΝΙΚΟ ΝΟΣΟΚΟΜΕΙΟ ΒΟΛΟΥ,13809.69,self-referential (payroll/EFKA/FMY remittance)
ΨΠ524690ΒΩ-ΑΣΧ,2026-03-10,ΚΑΤΑΒΟΛΗ ΑΠΟΔΟΧΩΝ ΜΗΝΟΣ ΦΕΒΡΟΥΑΡΙΟΥ 2025 ΣΕ ΠΡΟΣΩΠΙΚΟ ΠΟΥ ΥΠΗΡΕΤΕΙ ΜΕΣΩ ΠΡΟΓΡΑΜΜΑΤΟΣ ΟΑΕΔ ΗΛΙΚΙΑΣ 55-67 ΣΥΜΦΩΝΑ ΜΕ ΤΗΝ 1η ΤΡΟΠΟΠΟΙΗΣΗ ΤΗΣ ΔΗΜΟΣΙΑΣ ΠΡΟΣΚΛΗΣΗΣ Νο11/2017 ΤΟΥ ΟΑΕΔ,999501452,ΓΕΝΙΚΟ ΝΟΣΟΚΟΜΕΙΟ ΒΟΛΟΥ,1524.81,self-referential (payroll/EFKA/FMY remittance)
ΨΠ524690ΒΩ-ΑΣΧ,2026-03-10,ΚΑΤΑΒΟΛΗ ΑΠΟΔΟΧΩΝ ΜΗΝΟΣ ΦΕΒΡΟΥΑΡΙΟΥ 2025 ΣΕ ΠΡΟΣΩΠΙΚΟ ΠΟΥ ΥΠΗΡΕΤΕΙ ΜΕΣΩ ΠΡΟΓΡΑΜΜΑΤΟΣ ΟΑΕΔ ΗΛΙΚΙΑΣ 55-67 ΣΥΜΦΩΝΑ ΜΕ ΤΗΝ 1η ΤΡΟΠΟΠΟΙΗΣΗ ΤΗΣ ΔΗΜΟΣΙΑΣ ΠΡΟΣΚΛΗΣΗΣ Νο11/2017 ΤΟΥ ΟΑΕΔ,999501452,ΓΕΝΙΚΟ ΝΟΣΟΚΟΜΕΙΟ ΒΟΛΟΥ,3546.83,self-referential (payroll/EFKA/FMY remittance)
6ΧΞΗ4690ΒΩ-0ΓΖ,2026-03-10,: ΚΑΤΑΒΟΛΗ ΑΠΟΔΟΧΩΝ ΛΟΙΠΟΥ ΕΠΙΚΟΥΡΙΚΟΥ ΠΡΟΣΩΠΙΚΟΥ ΜΕ ΣΧΕΣΗ ΕΡΓΑΣΙΑΣ ΙΔΟΧ ΜΗΝΟΣ ΦΕΒΡΟΥΑΡΙΟΥ 2026 «ΕΝΙΣΧΥΣΗ ΤΩΝ ΦΟΡΕΩΝ ΥΓΕΙΑΣ ΜΕ ΕΠΙΚΟΥΡΙΚΟ ΠΡΟΣΩΠΙΚΟ ΓΙΑ ΤΗΝ ΑΝΤΑΠΟΚΡΙΣΗ ΣΤΙΣ ΑΝΑΓΚΕΣ ΛΟΓΩ ΤΗΣ ΕΠΙΔΗΜΙΑΣ COVID-19 ΣΤΗΝ ΠΕΡΙΦΕΡΕΙΑ ΘΕΣΣΑΛΙΑΣ» ΜΕ ΚΩΔΙΚΟ ΟΠΣ 5070510 ΣΤΟ ΕΠΙΧΕΙΡΗΣΙΑΚΟ ΠΡΟΓΡΑΜΜΑ «ΠΕΡΙΦΕΡΕΙΑΚΟ ΕΠΙΧΕΙΡΗΣΙΑΚΟ ΠΡΟΓΡΑΜΜΑ ΘΕΣΣΑΛΙΑΣ 2014 ΜΕ ΠΑΡΑΤΑΣΗ ΣΥΜΒΑΣΕΩΝ ΕΩΣ 31/12/2026 ΣΥΜΦΩΝΑ ΜΕ ΤΙΣ ΔΙΑΤΑΞΕΙΣ ΤΟΥ Ν.5259/2025  ΑΡΘΡΟ 250 ΠΑΡ. 2,999501452,ΓΕΝΙΚΟ ΝΟΣΟΚΟΜΕΙΟ ΒΟΛΟΥ,45253.90,self-referential (payroll/EFKA/FMY remittance)
6ΧΞΗ4690ΒΩ-0ΓΖ,2026-03-10,: ΚΑΤΑΒΟΛΗ ΑΠΟΔΟΧΩΝ ΛΟΙΠΟΥ ΕΠΙΚΟΥΡΙΚΟΥ ΠΡΟΣΩΠΙΚΟΥ ΜΕ ΣΧΕΣΗ ΕΡΓΑΣΙΑΣ ΙΔΟΧ ΜΗΝΟΣ ΦΕΒΡΟΥΑΡΙΟΥ 2026 «ΕΝΙΣΧΥΣΗ ΤΩΝ ΦΟΡΕΩΝ ΥΓΕΙΑΣ ΜΕ ΕΠΙΚΟΥΡΙΚΟ ΠΡΟΣΩΠΙΚΟ ΓΙΑ ΤΗΝ ΑΝΤΑΠΟΚΡΙΣΗ ΣΤΙΣ ΑΝΑΓΚΕΣ ΛΟΓΩ ΤΗΣ ΕΠΙΔΗΜΙΑΣ COVID-19 ΣΤΗΝ ΠΕΡΙΦΕΡΕΙΑ ΘΕΣΣΑΛΙΑΣ» ΜΕ ΚΩΔΙΚΟ ΟΠΣ 5070510 ΣΤΟ ΕΠΙΧΕΙΡΗΣΙΑΚΟ ΠΡΟΓΡΑΜΜΑ «ΠΕΡΙΦΕΡΕΙΑΚΟ ΕΠΙΧΕΙΡΗΣΙΑΚΟ ΠΡΟΓΡΑΜΜΑ ΘΕΣΣΑΛΙΑΣ 2014 ΜΕ ΠΑΡΑΤΑΣΗ ΣΥΜΒΑΣΕΩΝ ΕΩΣ 31/12/2026 ΣΥΜΦΩΝΑ ΜΕ ΤΙΣ ΔΙΑΤΑΞΕΙΣ ΤΟΥ Ν.5259/2025  ΑΡΘΡΟ 250 ΠΑΡ. 2,999501452,ΓΕΝΙΚΟ ΝΟΣΟΚΟΜΕΙΟ ΒΟΛΟΥ,8763.84,self-referential (payroll/EFKA/FMY remittance)
6ΧΞΗ4690ΒΩ-0ΓΖ,2026-03-10,: ΚΑΤΑΒΟΛΗ ΑΠΟΔΟΧΩΝ ΛΟΙΠΟΥ ΕΠΙΚΟΥΡΙΚΟΥ ΠΡΟΣΩΠΙΚΟΥ ΜΕ ΣΧΕΣΗ ΕΡΓΑΣΙΑΣ ΙΔΟΧ ΜΗΝΟΣ ΦΕΒΡΟΥΑΡΙΟΥ 2026 «ΕΝΙΣΧΥΣΗ ΤΩΝ ΦΟΡΕΩΝ ΥΓΕΙΑΣ ΜΕ ΕΠΙΚΟΥΡΙΚΟ ΠΡΟΣΩΠΙΚΟ ΓΙΑ ΤΗΝ ΑΝΤΑΠΟΚΡΙΣΗ ΣΤΙΣ ΑΝΑΓΚΕΣ ΛΟΓΩ ΤΗΣ ΕΠΙΔΗΜΙΑΣ COVID-19 ΣΤΗΝ ΠΕΡΙΦΕΡΕΙΑ ΘΕΣΣΑΛΙΑΣ» ΜΕ ΚΩΔΙΚΟ ΟΠΣ 5070510 ΣΤΟ ΕΠΙΧΕΙΡΗΣΙΑΚΟ ΠΡΟΓΡΑΜΜΑ «ΠΕΡΙΦΕΡΕΙΑΚΟ ΕΠΙΧΕΙΡΗΣΙΑΚΟ ΠΡΟΓΡΑΜΜΑ ΘΕΣΣΑΛΙΑΣ 2014 ΜΕ ΠΑΡΑΤΑΣΗ ΣΥΜΒΑΣΕΩΝ ΕΩΣ 31/12/2026 ΣΥΜΦΩΝΑ ΜΕ ΤΙΣ ΔΙΑΤΑΞΕΙΣ ΤΟΥ Ν.5259/2025  ΑΡΘΡΟ 250 ΠΑΡ. 2,999501452,ΓΕΝΙΚΟ ΝΟΣΟΚΟΜΕΙΟ ΒΟΛΟΥ,12868.12,self-referential (payroll/EFKA/FMY remittance)
9ΤΑΦ4690ΒΩ-ΚΨ6,2026-03-10,"ΚΑΤΑΒΟΛΗ ΑΠΟΔΟΧΩΝ ΙΑΤΡΙΚΟΥ ΠΡΟΣΩΠΙΚΟΥ ΜΕ ΣΧΕΣΗ ΙΔΟΧ ΜΗΝΟΣ ΦΕΒΡΟΥΑΡΙΟΥ 2026 "" ΕΝΙΣΧΥΣΗ ΤΩΝ ΦΟΡΕΩΝ ΥΓΕΙΑΣ ΜΕ ΕΠΙΚΟΥΡΙΚΟ ΠΡΟΣΩΠΙΚΟ ΓΙΑ ΤΗΝ ΑΝΤΑΠΟΚΡΙΣΗ ΣΤΙΣ ΑΝΑΓΚΕΣ ΛΟΓΩ ΤΗΣ ΕΠΙΔΗΜΙΑΣ COVID 19 ΣΤΗΝ ΠΕΡΙΦΕΡΕΙΑ ΘΕΣΣΑΛΙΑΣ"" ΜΕ ΚΩΔΙΚΟ ΟΠΣ 5070510 ΣΤΟ ΕΠΙΧΕΙΡΗΣΙΑΚΟ ΠΡΟΓΡΑΜΜΑ ""ΠΕΡΙΦΕΡΕΙΑΚΟ ΕΠΙΧΕΙΡΗΣΙΑΚΟ ΠΡΟΓΡΑΜΜΑ ΘΕΣΣΑΛΙΑ""  2014 ΜΕ ΠΑΡΑΤΑΣΗ ΣΥΜΒΑΣΕΩΝ   ΕΩΣ 31/12/2026 , ΣΥΜΦΩΝΑ ΜΕ ΤΟΝ Ν.5259/25, ΠΑΡ.2, ΑΡΘΡ.250",999501452,ΓΕΝΙΚΟ ΝΟΣΟΚΟΜΕΙΟ ΒΟΛΟΥ,4196.00,self-referential (payroll/EFKA/FMY remittance)
9ΤΑΦ4690ΒΩ-ΚΨ6,2026-03-10,"ΚΑΤΑΒΟΛΗ ΑΠΟΔΟΧΩΝ ΙΑΤΡΙΚΟΥ ΠΡΟΣΩΠΙΚΟΥ ΜΕ ΣΧΕΣΗ ΙΔΟΧ ΜΗΝΟΣ ΦΕΒΡΟΥΑΡΙΟΥ 2026 "" ΕΝΙΣΧΥΣΗ ΤΩΝ ΦΟΡΕΩΝ ΥΓΕΙΑΣ ΜΕ ΕΠΙΚΟΥΡΙΚΟ ΠΡΟΣΩΠΙΚΟ ΓΙΑ ΤΗΝ ΑΝΤΑΠΟΚΡΙΣΗ ΣΤΙΣ ΑΝΑΓΚΕΣ ΛΟΓΩ ΤΗΣ ΕΠΙΔΗΜΙΑΣ COVID 19 ΣΤΗΝ ΠΕΡΙΦΕΡΕΙΑ ΘΕΣΣΑΛΙΑΣ"" ΜΕ ΚΩΔΙΚΟ ΟΠΣ 5070510 ΣΤΟ ΕΠΙΧΕΙΡΗΣΙΑΚΟ ΠΡΟΓΡΑΜΜΑ ""ΠΕΡΙΦΕΡΕΙΑΚΟ ΕΠΙΧΕΙΡΗΣΙΑΚΟ ΠΡΟΓΡΑΜΜΑ ΘΕΣΣΑΛΙΑ""  2014 ΜΕ ΠΑΡΑΤΑΣΗ ΣΥΜΒΑΣΕΩΝ   ΕΩΣ 31/12/2026 , ΣΥΜΦΩΝΑ ΜΕ ΤΟΝ Ν.5259/25, ΠΑΡ.2, ΑΡΘΡ.250",999501452,ΓΕΝΙΚΟ ΝΟΣΟΚΟΜΕΙΟ ΒΟΛΟΥ,1070.00,self-referential (payroll/EFKA/FMY remittance)
9ΤΑΦ4690ΒΩ-ΚΨ6,2026-03-10,"ΚΑΤΑΒΟΛΗ ΑΠΟΔΟΧΩΝ ΙΑΤΡΙΚΟΥ ΠΡΟΣΩΠΙΚΟΥ ΜΕ ΣΧΕΣΗ ΙΔΟΧ ΜΗΝΟΣ ΦΕΒΡΟΥΑΡΙΟΥ 2026 "" ΕΝΙΣΧΥΣΗ ΤΩΝ ΦΟΡΕΩΝ ΥΓΕΙΑΣ ΜΕ ΕΠΙΚΟΥΡΙΚΟ ΠΡΟΣΩΠΙΚΟ ΓΙΑ ΤΗΝ ΑΝΤΑΠΟΚΡΙΣΗ ΣΤΙΣ ΑΝΑΓΚΕΣ ΛΟΓΩ ΤΗΣ ΕΠΙΔΗΜΙΑΣ COVID 19 ΣΤΗΝ ΠΕΡΙΦΕΡΕΙΑ ΘΕΣΣΑΛΙΑΣ"" ΜΕ ΚΩΔΙΚΟ ΟΠΣ 5070510 ΣΤΟ ΕΠΙΧΕΙΡΗΣΙΑΚΟ ΠΡΟΓΡΑΜΜΑ ""ΠΕΡΙΦΕΡΕΙΑΚΟ ΕΠΙΧΕΙΡΗΣΙΑΚΟ ΠΡΟΓΡΑΜΜΑ ΘΕΣΣΑΛΙΑ""  2014 ΜΕ ΠΑΡΑΤΑΣΗ ΣΥΜΒΑΣΕΩΝ   ΕΩΣ 31/12/2026 , ΣΥΜΦΩΝΑ ΜΕ ΤΟΝ Ν.5259/25, ΠΑΡ.2, ΑΡΘΡ.250",999501452,ΓΕΝΙΚΟ ΝΟΣΟΚΟΜΕΙΟ ΒΟΛΟΥ,1147.46,self-referential (payroll/EFKA/FMY remittance)
9ΕΤ64690ΒΩ-ΧΔΨ,2026-03-10,ΚΑΤΑΒΟΛΗ ΑΠΟΔΟΧΩΝ ΜΗΝΟΣ ΦΕΒΡΟΥΑΡΙΟΥ 2026 ΛΟΙΠΟΥ ΕΠΙΚΟΥΡΙΚΟΥ ΠΡΟΣΩΠΙΚΟΥ ΜΕ ΣΧΕΣΗ ΕΡΓΑΣΙΑΣ ΙΔΟΧ ΣΕ ΕΦΑΡΜΟΓΗ ΤΩΝ ΔΙΑΤΑΞΕΩΝ ΤΟΥ ΑΡΘΡΟΥ 17 ΤΗΣ ΠΝΠ ΦΕΚ 55/1-3-2020 ΄΄ΚΑΤΕΠΕΙΓΟΝΤΑ ΜΕΤΡΑ ΑΝΤΙΜΕΤΩΠΙΣΗΣ ΤΩΝ ΑΡΝΗΤΙΚΩΝ ΣΥΝΕΠΕΙΩΝ ΤΗΣ ΕΜΦΑΝΙΣΗΣ COVID19 ΜΕ ΠΑΡΑΤΑΣΗ ΣΥΜΒΑΣΕΩΝ ΕΩΣ 31/12/2026 ΣΥΜΦΩΝΑ ΜΕ ΤΙΣ ΔΙΑΤΑΞΕΙΣ ΤΟΥ Ν.5259/2025  ΑΡΘΡΟ 250 ΠΑΡ. 2,999501452,ΓΕΝΙΚΟ ΝΟΣΟΚΟΜΕΙΟ ΒΟΛΟΥ,17996.00,self-referential (payroll/EFKA/FMY remittance)
9ΕΤ64690ΒΩ-ΧΔΨ,2026-03-10,ΚΑΤΑΒΟΛΗ ΑΠΟΔΟΧΩΝ ΜΗΝΟΣ ΦΕΒΡΟΥΑΡΙΟΥ 2026 ΛΟΙΠΟΥ ΕΠΙΚΟΥΡΙΚΟΥ ΠΡΟΣΩΠΙΚΟΥ ΜΕ ΣΧΕΣΗ ΕΡΓΑΣΙΑΣ ΙΔΟΧ ΣΕ ΕΦΑΡΜΟΓΗ ΤΩΝ ΔΙΑΤΑΞΕΩΝ ΤΟΥ ΑΡΘΡΟΥ 17 ΤΗΣ ΠΝΠ ΦΕΚ 55/1-3-2020 ΄΄ΚΑΤΕΠΕΙΓΟΝΤΑ ΜΕΤΡΑ ΑΝΤΙΜΕΤΩΠΙΣΗΣ ΤΩΝ ΑΡΝΗΤΙΚΩΝ ΣΥΝΕΠΕΙΩΝ ΤΗΣ ΕΜΦΑΝΙΣΗΣ COVID19 ΜΕ ΠΑΡΑΤΑΣΗ ΣΥΜΒΑΣΕΩΝ ΕΩΣ 31/12/2026 ΣΥΜΦΩΝΑ ΜΕ ΤΙΣ ΔΙΑΤΑΞΕΙΣ ΤΟΥ Ν.5259/2025  ΑΡΘΡΟ 250 ΠΑΡ. 2,999501452,ΓΕΝΙΚΟ ΝΟΣΟΚΟΜΕΙΟ ΒΟΛΟΥ,2935.00,self-referential (payroll/EFKA/FMY remittance)
9ΕΤ64690ΒΩ-ΧΔΨ,2026-03-10,ΚΑΤΑΒΟΛΗ ΑΠΟΔΟΧΩΝ ΜΗΝΟΣ ΦΕΒΡΟΥΑΡΙΟΥ 2026 ΛΟΙΠΟΥ ΕΠΙΚΟΥΡΙΚΟΥ ΠΡΟΣΩΠΙΚΟΥ ΜΕ ΣΧΕΣΗ ΕΡΓΑΣΙΑΣ ΙΔΟΧ ΣΕ ΕΦΑΡΜΟΓΗ ΤΩΝ ΔΙΑΤΑΞΕΩΝ ΤΟΥ ΑΡΘΡΟΥ 17 ΤΗΣ ΠΝΠ ΦΕΚ 55/1-3-2020 ΄΄ΚΑΤΕΠΕΙΓΟΝΤΑ ΜΕΤΡΑ ΑΝΤΙΜΕΤΩΠΙΣΗΣ ΤΩΝ ΑΡΝΗΤΙΚΩΝ ΣΥΝΕΠΕΙΩΝ ΤΗΣ ΕΜΦΑΝΙΣΗΣ COVID19 ΜΕ ΠΑΡΑΤΑΣΗ ΣΥΜΒΑΣΕΩΝ ΕΩΣ 31/12/2026 ΣΥΜΦΩΝΑ ΜΕ ΤΙΣ ΔΙΑΤΑΞΕΙΣ ΤΟΥ Ν.5259/2025  ΑΡΘΡΟ 250 ΠΑΡ. 2,999501452,ΓΕΝΙΚΟ ΝΟΣΟΚΟΜΕΙΟ ΒΟΛΟΥ,4835.04,self-referential (payroll/EFKA/FMY remittance)
ΨΞ1Ω4690ΒΩ-Λ8Ω,2026-03-10,"ΚΑΤΑΒΟΛΗ ΑΠΟΔΟΧΩΝ ΛΟΙΠΟΥ ΕΠΙΚΟΥΡΙΚΟΥ ΠΡΟΣΩΠΙΚΟΥ ΜΗΝΟΣ ΦΕΒΡΟΥΑΡΙΟΥ 2026 ΜΕ ΠΑΡΑΤΑΣΗ ΣΥΜΒΑΣΕΩΝ ΕΩΣ 31/12/2026 , ΣΥΜΦΩΝΑ ΜΕ ΤΟΝ Ν.5259/25, ΠΑΡ.2, ΑΡΘΡ.250",999501452,ΓΕΝΙΚΟ ΝΟΣΟΚΟΜΕΙΟ ΒΟΛΟΥ,3418.50,self-referential (payroll/EFKA/FMY remittance)
ΨΞ1Ω4690ΒΩ-Λ8Ω,2026-03-10,"ΚΑΤΑΒΟΛΗ ΑΠΟΔΟΧΩΝ ΛΟΙΠΟΥ ΕΠΙΚΟΥΡΙΚΟΥ ΠΡΟΣΩΠΙΚΟΥ ΜΗΝΟΣ ΦΕΒΡΟΥΑΡΙΟΥ 2026 ΜΕ ΠΑΡΑΤΑΣΗ ΣΥΜΒΑΣΕΩΝ ΕΩΣ 31/12/2026 , ΣΥΜΦΩΝΑ ΜΕ ΤΟΝ Ν.5259/25, ΠΑΡ.2, ΑΡΘΡ.250",999501452,ΓΕΝΙΚΟ ΝΟΣΟΚΟΜΕΙΟ ΒΟΛΟΥ,875.00,self-referential (payroll/EFKA/FMY remittance)
ΨΞ1Ω4690ΒΩ-Λ8Ω,2026-03-10,"ΚΑΤΑΒΟΛΗ ΑΠΟΔΟΧΩΝ ΛΟΙΠΟΥ ΕΠΙΚΟΥΡΙΚΟΥ ΠΡΟΣΩΠΙΚΟΥ ΜΗΝΟΣ ΦΕΒΡΟΥΑΡΙΟΥ 2026 ΜΕ ΠΑΡΑΤΑΣΗ ΣΥΜΒΑΣΕΩΝ ΕΩΣ 31/12/2026 , ΣΥΜΦΩΝΑ ΜΕ ΤΟΝ Ν.5259/25, ΠΑΡ.2, ΑΡΘΡ.250",999501452,ΓΕΝΙΚΟ ΝΟΣΟΚΟΜΕΙΟ ΒΟΛΟΥ,1027.87,self-referential (payroll/EFKA/FMY remittance)
9ΕΦ84690ΒΩ-84Σ,2026-03-10,ΚΑΤΑΒΟΛΗ ΑΠΟΔΟΧΩΝ ΜΗΝΟΣ ΦΕΒΡΟΥΑΡΙΟΥ 2026  ΣΕ ΝΕΟΔΙΟΡΙΣΤΟ  ΕΠΙΚΟΥΡΙΚΟ ΙΑΤΡΟ ΕΒ΄ ΟΡΘΟΠΕΔΙΚΗΣ,999501452,ΓΕΝΙΚΟ ΝΟΣΟΚΟΜΕΙΟ ΒΟΛΟΥ,939.00,self-referential (payroll/EFKA/FMY remittance)
9ΕΦ84690ΒΩ-84Σ,2026-03-10,ΚΑΤΑΒΟΛΗ ΑΠΟΔΟΧΩΝ ΜΗΝΟΣ ΦΕΒΡΟΥΑΡΙΟΥ 2026  ΣΕ ΝΕΟΔΙΟΡΙΣΤΟ  ΕΠΙΚΟΥΡΙΚΟ ΙΑΤΡΟ ΕΒ΄ ΟΡΘΟΠΕΔΙΚΗΣ,999501452,ΓΕΝΙΚΟ ΝΟΣΟΚΟΜΕΙΟ ΒΟΛΟΥ,200.00,self-referential (payroll/EFKA/FMY remittance)
9ΕΦ84690ΒΩ-84Σ,2026-03-10,ΚΑΤΑΒΟΛΗ ΑΠΟΔΟΧΩΝ ΜΗΝΟΣ ΦΕΒΡΟΥΑΡΙΟΥ 2026  ΣΕ ΝΕΟΔΙΟΡΙΣΤΟ  ΕΠΙΚΟΥΡΙΚΟ ΙΑΤΡΟ ΕΒ΄ ΟΡΘΟΠΕΔΙΚΗΣ,999501452,ΓΕΝΙΚΟ ΝΟΣΟΚΟΜΕΙΟ ΒΟΛΟΥ,248.19,self-referential (payroll/EFKA/FMY remittance)
ΨΠ4Τ4690ΒΩ-2ΩΨ,2026-03-10,ΚΑΤΑΒΟΛΗ ΑΠΟΔΟΧΩΝ ΜΗΝΟΣ  ΦΕΒΡΟΥΑΡΙΟΥ 2026  ΙΑΤΡΙΚΟΥ ΕΠΙΚΟΥΡΙΚΟΥ ΠΡΟΣΩΠΙΚΟΥ,999501452,ΓΕΝΙΚΟ ΝΟΣΟΚΟΜΕΙΟ ΒΟΛΟΥ,14081.00,self-referential (payroll/EFKA/FMY remittance)
ΨΠ4Τ4690ΒΩ-2ΩΨ,2026-03-10,ΚΑΤΑΒΟΛΗ ΑΠΟΔΟΧΩΝ ΜΗΝΟΣ  ΦΕΒΡΟΥΑΡΙΟΥ 2026  ΙΑΤΡΙΚΟΥ ΕΠΙΚΟΥΡΙΚΟΥ ΠΡΟΣΩΠΙΚΟΥ,999501452,ΓΕΝΙΚΟ ΝΟΣΟΚΟΜΕΙΟ ΒΟΛΟΥ,3195.00,self-referential (payroll/EFKA/FMY remittance)
ΨΠ4Τ4690ΒΩ-2ΩΨ,2026-03-10,ΚΑΤΑΒΟΛΗ ΑΠΟΔΟΧΩΝ ΜΗΝΟΣ  ΦΕΒΡΟΥΑΡΙΟΥ 2026  ΙΑΤΡΙΚΟΥ ΕΠΙΚΟΥΡΙΚΟΥ ΠΡΟΣΩΠΙΚΟΥ,999501452,ΓΕΝΙΚΟ ΝΟΣΟΚΟΜΕΙΟ ΒΟΛΟΥ,3764.45,self-referential (payroll/EFKA/FMY remittance)
ΡΟΦΓ4690ΒΩ-2ΦΨ,2026-08-10,ΑΜΟΙΒΗ ΙΔΙΩΤΗ ΙΑΤΡΟΥ ΓΙΑ ΕΝΕΡΓΕΙΣ ΕΦΗΜΕΡΙΕΣ ΣΤΟ Μ/Γ ΤΜΗΜΑ 5/6/2026 ΜΕ ΚΑΘΕΣΤΩΣ ΕΚΔΟΣΗΣ ΤΙΜΟΛΟΓΙΟΥ ΠΑΡΟΧΗΣ ΥΠΗΡΕΣΙΩΝ ΓΙΑ ΤΡΕΙΣ (3) ΜΗΝΕΣ (ΑΠΟ 18-5-2026 ΕΩΣ 30-6-2026 ),999501452,ΓΕΝΙΚΟ ΝΟΣΟΚΟΜΕΙΟ ΒΟΛΟΥ,250.00,self-referential (payroll/EFKA/FMY remittance)
ΨΠΞΞ4690ΒΩ-Γ52,2026-08-10,ΑΜΟΙΒΗ ΙΔΙΩΤΗ ΙΑΤΡΟΥ ΓΙΑ ΕΝΕΡΓΕΙΣ ΕΦΗΜΕΡΙΕΣ ΣΤΟ Μ/Γ ΤΜΗΜΑ 3/6/2026 ΜΕ ΚΑΘΕΣΤΩΣ ΕΚΔΟΣΗΣ ΤΙΜΟΛΟΓΙΟΥ ΠΑΡΟΧΗΣ ΥΠΗΡΕΣΙΩΝ ΓΙΑ ΤΡΕΙΣ (3) ΜΗΝΕΣ (ΑΠΟ 9-4-2026 ΕΩΣ 30-6-2026 ),999501452,ΓΕΝΙΚΟ ΝΟΣΟΚΟΜΕΙΟ ΒΟΛΟΥ,250.00,self-referential (payroll/EFKA/FMY remittance)
Ψ7ΣΧ4690ΒΩ-54Γ,2026-08-10,"ΚΑΤΑΒΟΛΗ ΙΔΙΩΤΗ ΙΑΤΡΟΥ ΓΙΑ ΕΝΕΡΓΕΙΣ ΕΦΗΜΕΡΙΕΣ ΟΔΟΝΤΙΑΤΡΚΟΥ ΤΜΗΜΑΤΟΣ 13,14,20,21/6/2026 ΜΕ ΚΑΘΕΣΤΩΣ ΕΚΔΟΣΗΣ ΤΙΜΟΛΟΓΙΟΥ ΠΑΡΟΧΗΣ ΥΠΗΡΕΣΙΩΝ ΓΙΑ ΤΡΕΙΣ ΜΗΝΕΣ ( ΑΠΟ 9/4/2026 ΕΩΣ 30/6/2026)",999501452,ΓΕΝΙΚΟ ΝΟΣΟΚΟΜΕΙΟ ΒΟΛΟΥ,1000.00,self-referential (payroll/EFKA/FMY remittance)
ΨΛ5Ψ4690ΒΩ-ΠΩ7,2026-08-10,"ΑΜΟΙΒΗ ΙΔΙΩΤΗ ΙΑΤΡΟΥ ΓΙΑ ΕΝΕΡΓΕΙΣ ΕΦΗΜΕΡΙΕΣ ΟΔΟΝΤΙΑΤΡΙΚΟΥ ΤΜΗΜΑΤΟΣ ΓΙΑ 6,7,27,28/6/2026 ΜΕ ΚΑΘΕΣΤΩΣ ΕΚΔΟΣΗΣ ΤΙΜΟΛΟΓΙΟΥ ΠΑΡΟΧΗΣ ΥΠΗΡΕΣΙΩΝ (ΑΠΟ 9-4-2026 ΕΩΣ 30-6-2026)",999501452,ΓΕΝΙΚΟ ΝΟΣΟΚΟΜΕΙΟ ΒΟΛΟΥ,1000.00,self-referential (payroll/EFKA/FMY remittance)
95ΩΚ4690ΒΩ-ΜΧΑ,2026-08-10,ΕΙΣΦΟΡΕΣ ΥΠΕΡ ΕΦΚΑ ΜΗΝΟΣ ΙΟΥΛΙΟΥ 2026 ΤΟΥ ΑΝΤΙΡΡΗΣΙΑ ΣΥΝΕΙΔΗΣΗΣ (Κ. Β.) ΠΟΥ ΥΠΗΡΕΤΕΙ ΣΕ ΕΝΑΛΛΑΚΤΙΚΗ ΘΗΤΕΙΑ ΑΝΤΙ ΤΟΥ ΣΤΡΑΤΟΥ,999501452,ΓΕΝΙΚΟ ΝΟΣΟΚΟΜΕΙΟ ΒΟΛΟΥ,43.15,self-referential (payroll/EFKA/FMY remittance)
90Δ24690ΒΩ-ΥΛΕ,2026-08-07,"ΑΜΟΙΒΗ ΛΟΙΠΟΥ (ΔΙΟΙΚΗΤΙΚΟ, ΝΟΣΗΛΕΥΤΙΚΟ κ.λ.π)ΠΡΟΣΩΠΙΚΟΥ ΠΟΥ ΕΡΓΑΣΤΗΚΑΝ ΣΤΑ ΟΛΟΗΜΕΡΑ ΙΑΤΡΕΙΑ ΤΟΝ ΜΗΝΑ ΙΟΥΝΙΟ 2026",999501452,ΓΕΝΙΚΟ ΝΟΣΟΚΟΜΕΙΟ ΒΟΛΟΥ,1260.00,self-referential (payroll/EFKA/FMY remittance)
ΨΣ0Ι4690ΒΩ-ΤΛΞ,2026-08-06,ΑΜΟΙΒΗ ΙΑΤΡΙΚΟΥ ΠΡΟΣΩΠΙΚΟΥ ΠΟΥ ΕΡΓΑΣΤΗΚΑΝ ΣΤΑ ΟΛΟΗΜΕΡΑ ΙΑΤΡΕΙΑ ΤΟΝ ΜΗΝΑ ΙΟΥΝΙΟ 2026,999501452,ΓΕΝΙΚΟ ΝΟΣΟΚΟΜΕΙΟ ΒΟΛΟΥ,144.00,self-referential (payroll/EFKA/FMY remittance)
ΨΡΘ94690ΒΩ-9Μ4,2026-08-06,ΠΡΟΣΘΕΤΕΣ ΑΜΟΙΒΕΣ ΛΟΙΠΟΥ ΕΠΙΚΟΥΡΙΚΟΥ ΠΡΟΣΩΠΙΚΟΥ ΜΕ ΣΧΕΣΗ ΕΡΓΑΣΙΑΣ ΙΔΟΧ ΜΗΝΟΣ ΙΟΥΝΙΟΥ 2026 «ΕΝΙΣΧΥΣΗ ΤΩΝ ΦΟΡΕΩΝ ΥΓΕΙΑΣ ΜΕ ΕΠΙΚΟΥΡΙΚΟ ΠΡΟΣΩΠΙΚΟ ΓΙΑ ΤΗΝ ΑΝΤΑΠΟΚΡΙΣΗ ΣΤΙΣ ΑΝΑΓΚΕΣ ΛΟΓΩ ΤΗΣ ΕΠΙΔΗΜΙΑΣ COVID-19 ΣΤΗΝ ΠΕΡΙΦΕΡΕΙΑ ΘΕΣΣΑΛΙΑΣ» ΜΕ ΚΩΔΙΚΟ ΟΠΣ 5070510 ΣΤΟ ΕΠΙΧΕΙΡΗΣΙΑΚΟ ΠΡΟΓΡΑΜΜΑ «ΠΕΡΙΦΕΡΕΙΑΚΟ ΕΠΙΧΕΙΡΗΣΙΑΚΟ ΠΡΟΓΡΑΜΜΑ ΘΕΣΣΑΛΙΑΣ 2014 ΜΕ ΠΑΡΑΤΑΣΗ ΣΥΜΒΑΣΕΩΝ ΕΩΣ 31/12/2025 ΣΥΜΦΩΝΑ ΜΕ ΤΙΣ ΔΙΑΤΑΞΕΙΣ ΤΟΥ Ν.5259/2025 ΑΡ.25 ΠΑΡ 2,999501452,ΓΕΝΙΚΟ ΝΟΣΟΚΟΜΕΙΟ ΒΟΛΟΥ,6758.27,self-referential (payroll/EFKA/FMY remittance)
6ΖΕΖ4690ΒΩ-Φ0Δ,2026-08-06,ΠΡΟΣΘΕΤΕΣ ΑΜΟΙΒΕΣ ΕΙΔΙΚΕΥΟΜΕΝΩΝ ΝΟΣΗΛΕΥΤΩΝ ΜΗΝΟΣ ΙΟΥΝΙΟΥ 2025 ΣΥΜΦΩΝΑ ΜΕ ΤΙΣ ΔΙΑΤΑΞΕΙΣ ΤΟΥ ΑΡΘΡΟΥ 58 ΤΟΥ Ν.4690/2020 (ΦΕΚ 104/Α/30-5-2020),999501452,ΓΕΝΙΚΟ ΝΟΣΟΚΟΜΕΙΟ ΒΟΛΟΥ,2241.70,self-referential (payroll/EFKA/FMY remittance)
Ψ14Μ4690ΒΩ-ΠΣ7,2026-08-06,ΠΡΟΣΘΕΤΕΣ ΑΜΟΙΒΕΣ ΛΟΙΠΟΥ ΕΠΙΚΟΥΡΙΚΟΥ ΠΡΟΣΩΠΙΚΟΥ ΙΟΥΝΙΟΥ 2026 ΣΥΜΦΩΝΑ ΜΕ ΤΙΣ ΔΙΑΤΑΞΕΙΣ ΤΟΥ ΠΝΠ ΤΗΣ ΠΑΡ. 2 ΑΡΘΡΟΥ 27 ΤΟΥ Ν 5161/2024 ΦΕΚ ΤΕΥΧΟΥΣ 196/29-11-2024 ΓΙΑ ΤΑ ΄΄ΚΑΤΕΠΕΙΓΟΝΤΑ ΜΕΤΡΑ ΑΝΤΙΜΕΤΩΠΙΣΗΣ ΤΩΝ ΑΡΝΗΤΙΚΩΝ ΣΥΝΕΠΕΙΩΝ ΤΗΣ ΕΜΦΑΝΙΣΗΣ,999501452,ΓΕΝΙΚΟ ΝΟΣΟΚΟΜΕΙΟ ΒΟΛΟΥ,1835.54,self-referential (payroll/EFKA/FMY remittance)
ΨΛΙΡ4690ΒΩ-7ΧΚ,2026-08-06,ΠΡΟΣΘΕΤΕΣ ΑΜΟΙΒΕΣ ΛΟΙΠΟΥ ΕΠΙΚΟΥΡΙΚΟΥ ΠΡΟΣΩΠΙΚΟΥ ΜΗΝΟΣ ΙΟΥΝΙΟΥ 2026,999501452,ΓΕΝΙΚΟ ΝΟΣΟΚΟΜΕΙΟ ΒΟΛΟΥ,586.91,self-referential (payroll/EFKA/FMY remittance)
9Φ594690ΒΩ-ΞΦΜ,2026-08-06,"ΠΡΟΣΘΕΤΕΣ ΑΜΟΙΒΕΣ ΛΟΙΠΟΥ (ΔΙΟΙΚΗΤΙΚΟ,ΝΟΣΗΛΕΥΤΙΚΟ,ΤΕΧΝΙΚΟ κ.λ.π.) ΠΡΟΣΩΠΙΚΟΥ ΨΥΧΙΚΗΣ ΥΓΕΙΑΣ ΜΗΝΟΣ ΙΟΥΝΙΟΥ 2026",999501452,ΓΕΝΙΚΟ ΝΟΣΟΚΟΜΕΙΟ ΒΟΛΟΥ,3224.04,self-referential (payroll/EFKA/FMY remittance)
ΨΝΠΧ4690ΒΩ-6ΩΔ,2026-08-06,ΠΡΟΣΘΕΤΕΣ ΑΜΟΙΒΕΣ ΛΟΙΠΟΥ ΕΠΙΚΟΥΡΙΚΟΥ ΠΡΟΣΩΠΙΚΟΥ ΙΔ.ΔΙΚΑΙΟΥ (ΑΟΡΙΣΤΟΥ - ΟΡΙΣΜΕΝΟΥ - ΑΤΟΜΙΕΚΣ ΣΥΜΒΑΣΕΙΣ ) ΜΗΝΟΣ ΙΟΥΝΙΟΥ 2026,999501452,ΓΕΝΙΚΟ ΝΟΣΟΚΟΜΕΙΟ ΒΟΛΟΥ,1147.91,self-referential (payroll/EFKA/FMY remittance)
ΨΝΠΧ4690ΒΩ-6ΩΔ,2026-08-06,ΠΡΟΣΘΕΤΕΣ ΑΜΟΙΒΕΣ ΛΟΙΠΟΥ ΕΠΙΚΟΥΡΙΚΟΥ ΠΡΟΣΩΠΙΚΟΥ ΙΔ.ΔΙΚΑΙΟΥ (ΑΟΡΙΣΤΟΥ - ΟΡΙΣΜΕΝΟΥ - ΑΤΟΜΙΕΚΣ ΣΥΜΒΑΣΕΙΣ ) ΜΗΝΟΣ ΙΟΥΝΙΟΥ 2026,999501452,ΓΕΝΙΚΟ ΝΟΣΟΚΟΜΕΙΟ ΒΟΛΟΥ,2246.93,self-referential (payroll/EFKA/FMY remittance)
9Ψ6Δ4690ΒΩ-Ε5Κ,2026-08-06,"ΠΡΟΣΘΕΤΕΣ ΑΜΟΙΒΕΣ ΛΟΙΠΟΥ ΜΟΝΙΜΟΥ (ΔΙΟΙΚΗΤΙΚΟΥ,ΝΟΣΗΛΕΥΤΙΚΟΥ κ.λ.π.) ΠΡΟΣΩΠΙΚΟΥ ΜΗΝΟΣ ΙΟΥΝΙΟΥ 2026",999501452,ΓΕΝΙΚΟ ΝΟΣΟΚΟΜΕΙΟ ΒΟΛΟΥ,85616.27,self-referential (payroll/EFKA/FMY remittance)
65ΔΗ4690ΒΩ-Ζ59,2026-08-06,ΑΜΟΙΒΗ ΛΟΙΠΟΥ ΠΡΟΣΩΠΙΚΟΥ ΤΟΥΣ ΜΗΝΕΣ ΙΑΝΟΥΑΡΙΟ ΕΩΣ ΑΠΡΙΛΙΟ 2026 ΣΤΟ ΠΛΑΙΣΙΟ ΤΟΥ ΕΡΓΟΥ ΄΄ ΟΡΓΑΝΩΤΙΚΕΣ ΚΑΙ ΛΟΙΠΕΣ ΠΑΡΑΜΒΑΣΕΙΣ ΓΙΑ ΤΗΝ ΕΠΙΤΑΧΥΝΣΗ ΤΩΝ ΕΚΚΡΕΜΩΝ ΕΠΕΜΒΑΣΕΩΝΤΗΣ ΛΙΣΤΑΣ ΧΕΙΡΟΥΡΓΕΙΩΝ ΄΄ ΜΕ ΚΩΔΙΚΟ ΟΠΣ 5223768,999501452,ΓΕΝΙΚΟ ΝΟΣΟΚΟΜΕΙΟ ΒΟΛΟΥ,18420.00,self-referential (payroll/EFKA/FMY remittance)
Ψ9ΡΝ4690ΒΩ-ΕΔΦ,2026-08-06,"ΚΑΤΑΒΟΛΗ ΕΚΤΑΚΤΗΣ ΟΙΚΟΝΟΜΙΚΗΣ ΕΝΙΣΧΥΣΗΣ ΕΦΗΜΕΡΙΩΝ ΙΑΤΡΩΝ ΕΣΥ ΣΥΜΦΩΝΑ ΜΕ ΤΙΣ ΔΙΑΤΑΞΕΙΣ ΤΩΝ ΑΡΘΡΩΝ 88,89 ΚΑΙ 90 ΤΟΥ Ν.4850/2021 ΦΕΚ 208/τ. Α΄ ΜΗΝΟΣ ΙΟΥΝΙΟΥ 2026",999501452,ΓΕΝΙΚΟ ΝΟΣΟΚΟΜΕΙΟ ΒΟΛΟΥ,4750.00,self-referential (payroll/EFKA/FMY remittance)
Ρ0Τ74690ΒΩ-ΜΨΖ,2026-08-06,ΗΜΕΡΗΣΙΑ ΑΠΟΖΗΜΙΩΣΗ ΓΙΑ ΠΡΟΓΡΑΜΜΑΤΙΣΜΕΝΕΣ ΜΕΤΑΚΙΝΗΣΕΙΣ ΤΗΣ ΚΙΝΗΤΗΣ ΜΟΝΑΔΑΣ ΑΙΜΟΔΟΣΙΑΣ ΣΤΙΣ ΣΠΟΡΑΔΕΣ (ΣΚΙΑΘΟ ) 27/7/2026 ΕΩΣ 29/7/2026,999501452,ΓΕΝΙΚΟ ΝΟΣΟΚΟΜΕΙΟ ΒΟΛΟΥ,360.00,self-referential (payroll/EFKA/FMY remittance)
9ΧΨΕ4690ΒΩ-0ΛΥ,2026-08-06,ΕΦΗΜΕΡΙΕΣ ΕΙΔΙΚΕΥΟΜΕΝΟΥ ΙΑΤΡΟΥ ΜΗΝΟΣ ΙΟΥΝΙΟΥ 2026,999501452,ΓΕΝΙΚΟ ΝΟΣΟΚΟΜΕΙΟ ΒΟΛΟΥ,1011.50,self-referential (payroll/EFKA/FMY remittance)
ΨΟ9Χ4690ΒΩ-7Λ5,2026-08-06,ΑΜΟΙΒΗ ΙΑΤΡΙΚΟΥ ΠΡΟΣΩΠΙΚΟΥ ΤΟΥΣ ΜΗΝΕΣ ΙΑΝΟΥΑΡΙΟ ΕΩΣ ΑΠΡΙΛΙΟ 2026 ΣΤΟ ΠΛΑΙΣΙΟ ΤΟΥ ΕΡΓΟΥ ΄΄ ΟΡΓΑΝΩΤΙΚΕΣ ΚΑΙ ΛΟΙΠΕΣ ΠΑΡΑΜΒΑΣΕΙΣ ΓΙΑ ΤΗΝ ΕΠΙΤΑΧΥΝΣΗ ΤΩΝ ΕΚΚΡΕΜΩΝ ΕΠΕΜΒΑΣΕΩΝΤΗΣ ΛΙΣΤΑΣ ΧΕΙΡΟΥΡΓΕΙΩΝ ΄΄ ΜΕ ΚΩΔΙΚΟ ΟΠΣ 5223768 ΛΟΙΠΕΣ ΔΑΠΑΝΕΣ ΝΟΣ,999501452,ΓΕΝΙΚΟ ΝΟΣΟΚΟΜΕΙΟ ΒΟΛΟΥ,50110.00,self-referential (payroll/EFKA/FMY remittance)
ΡΒΨΜ4690ΒΩ-ΜΨ5,2026-08-06,ΕΦΗΜΕΡΙΕΣ ΙΑΤΡΩΝ ΕΣΥ ΜΗΝΟΣ ΙΟΥΝΙΟΥ 2026,999501452,ΓΕΝΙΚΟ ΝΟΣΟΚΟΜΕΙΟ ΒΟΛΟΥ,104196.37,self-referential (payroll/EFKA/FMY remittance)
96ΦΡ4690ΒΩ-ΨΙΥ,2026-08-06,ΕΦΗΜΕΡΙΕΣ ΣΤΡΑΤΙΩΤΙΚΟΥ ΙΑΤΡΟΥ ΜΗΝΟΣ ΙΟΥΝΙΟΥ 2026,999501452,ΓΕΝΙΚΟ ΝΟΣΟΚΟΜΕΙΟ ΒΟΛΟΥ,906.83,self-referential (payroll/EFKA/FMY remittance)
68ΚΘ4690ΒΩ-7ΛΓ,2026-08-06,ΕΦΗΜΕΡΙΕΣ ΜΕΤΑΚΙΝΟΥΜΕΝΩΝ ΙΑΤΡΩΝ ΤΟΥ Π.Ε.Δ.Υ ΓΙΑ ΚΑΛΥΨΗ ΕΦΗΜΕΡΙΩΝ ΣΤΟ ΓΝΒ ΤΟΝ ΜΗΝΑ ΙΟΥΝΙΟ 2026,999501452,ΓΕΝΙΚΟ ΝΟΣΟΚΟΜΕΙΟ ΒΟΛΟΥ,10694.76,self-referential (payroll/EFKA/FMY remittance)
68ΚΘ4690ΒΩ-7ΛΓ,2026-08-06,ΕΦΗΜΕΡΙΕΣ ΜΕΤΑΚΙΝΟΥΜΕΝΩΝ ΙΑΤΡΩΝ ΤΟΥ Π.Ε.Δ.Υ ΓΙΑ ΚΑΛΥΨΗ ΕΦΗΜΕΡΙΩΝ ΣΤΟ ΓΝΒ ΤΟΝ ΜΗΝΑ ΙΟΥΝΙΟ 2026,999501452,ΓΕΝΙΚΟ ΝΟΣΟΚΟΜΕΙΟ ΒΟΛΟΥ,1011.50,self-referential (payroll/EFKA/FMY remittance)
ΨΞ5Κ4690ΒΩ-ΒΝ9,2026-08-06,ΕΦΗΜΕΡΙΕΣ ΕΠΙΚΟΥΡΙΚΩΝ ΙΑΤΡΩΝ ΕΣΥ ΜΗΝΟΣ ΙΟΥΝΙΟΥ 2026,999501452,ΓΕΝΙΚΟ ΝΟΣΟΚΟΜΕΙΟ ΒΟΛΟΥ,9979.32,self-referential (payroll/EFKA/FMY remittance)
ΡΜΧΜ4690ΒΩ-ΨΣΛ,2026-08-06,ΕΦΗΜΕΡΙΕΣ ΙΑΤΡΩΝ ΨΥΧΙΚΗΣ ΥΓΕΙΑΣ ΤΟΝ ΜΗΝΑ ΙΟΥΝΙΟ 2026,999501452,ΓΕΝΙΚΟ ΝΟΣΟΚΟΜΕΙΟ ΒΟΛΟΥ,3259.33,self-referential (payroll/EFKA/FMY remittance)
ΨΩΔ84690ΒΩ-ΩΔΥ,2026-08-06,ΕΦΗΜΕΡΙΕΣ ΕΙΔΙΚΕΥΟΜΕΝΩΝ ΙΑΤΡΩΝ ΜΗΝΟΣ ΙΟΥΝΙΟΥ 2026,999501452,ΓΕΝΙΚΟ ΝΟΣΟΚΟΜΕΙΟ ΒΟΛΟΥ,81567.60,self-referential (payroll/EFKA/FMY remittance)
ΡΚΗΕ4690ΒΩ-05Ω,2026-08-06,"ΕΦΗΜΕΡΙΕΣ ΙΑΤΡΙΚΟΥ ΕΠΙΚΟΥΡΙΚΟΥ ΠΡΟΣΩΠΙΚΟΥ ΜΕ ΣΧΕΣΗ ΕΡΓΑΣΙΑΣ ΙΔΟΧ ΜΗΝΟΣ ΙΟΥΝΙΟΥ 2026 «ΕΝΙΣΧΥΣΗ ΤΩΝ ΦΟΡΕΩΝ ΥΓΕΙΑΣ ΜΕ ΕΠΙΚΟΥΡΙΚΟ ΠΡΟΣΩΠΙΚΟ ΓΙΑ ΤΗΝ ΑΝΤΑΠΟΚΡΙΣΗ ΣΤΙΣ ΑΝΑΓΚΕΣ ΛΟΓΩ ΤΗΣ ΕΠΙΔΗΜΙΑΣ COVID-19 ΣΤΗΝ ΠΕΡΙΦΕΡΕΙΑ ΘΕΣΣΑΛΙΑΣ» ΜΕ ΚΩΔΙΚΟ ΟΠΣ 5070510 ΣΤΟ ΕΠΙΧΕΙΡΗΣΙΑΚΟ ΠΡΟΓΡΑΜΜΑ «ΠΕΡΙΦΕΡΕΙΑΚΟ ΕΠΙΧΕΙΡΗΣΙΑΚΟ ΠΡΟΓΡΑΜΜΑ ΘΕΣΣΑΛΙΑΣ"" 2014 ΜΕ ΠΑΡΑΤΑΣΗ ΣΥΜΒΑΣΕΩΝ ΕΩΣ 31/12/2025 ΣΥΜΦΩΝΑ ΜΕ ΤΙΣ ΔΙΑΤΑΞΕΙΣ ΤΟΥ ΝΟΜΟΥ 5161/2024 (ΦΕΚ196/29-11-2024/Τ.Α΄) ΠΑΡ.2 ΤΟΥ ΑΡΘΡΟΥ 27",999501452,ΓΕΝΙΚΟ ΝΟΣΟΚΟΜΕΙΟ ΒΟΛΟΥ,2130.76,self-referential (payroll/EFKA/FMY remittance)
ΡΓΘΞ4690ΒΩ-ΝΝΝ,2026-08-06,ΕΦΗΜΕΡΙΕΣ ΕΠΙΣΤΗΜΟΝΙΚΟΥ ΠΡΟΣΩΠΙΚΟΥ ΜΗΝΟΣ ΙΟΥΝΙΟΥ 2026,999501452,ΓΕΝΙΚΟ ΝΟΣΟΚΟΜΕΙΟ ΒΟΛΟΥ,8206.56,self-referential (payroll/EFKA/FMY remittance)
Ρ0ΣΕ4690ΒΩ-4ΤΘ,2026-08-06,ΕΦΗΜΕΡΙΕΣ ΕΠΙΣΤΗΜΟΝΙΚΟΥ ΠΡΟΣΩΠΙΚΟΥ ΨΥΧΙΚΗΣ ΥΓΕΙΑΣ ΜΗΝΟΣ ΙΟΥΝΙΟΥ 2026,999501452,ΓΕΝΙΚΟ ΝΟΣΟΚΟΜΕΙΟ ΒΟΛΟΥ,2929.55,self-referential (payroll/EFKA/FMY remittance)
ΡΕΖΜ4690ΒΩ-0Σ0,2026-08-05,ΚΑΤΑΒΟΛΗ ΑΠΟΔΟΧΩΝ ΜΗΝΟΣ ΙΟΥΛΙΟΥ 2026 ΙΑΤΡΙΚΟΥ ΕΠΙΚΟΥΡΙΚΟΥ ΠΡΟΣΩΠΙΚΟΥ,999501452,ΓΕΝΙΚΟ ΝΟΣΟΚΟΜΕΙΟ ΒΟΛΟΥ,19825.00,self-referential (payroll/EFKA/FMY remittance)
ΡΕΖΜ4690ΒΩ-0Σ0,2026-08-05,ΚΑΤΑΒΟΛΗ ΑΠΟΔΟΧΩΝ ΜΗΝΟΣ ΙΟΥΛΙΟΥ 2026 ΙΑΤΡΙΚΟΥ ΕΠΙΚΟΥΡΙΚΟΥ ΠΡΟΣΩΠΙΚΟΥ,999501452,ΓΕΝΙΚΟ ΝΟΣΟΚΟΜΕΙΟ ΒΟΛΟΥ,4445.00,self-referential (payroll/EFKA/FMY remittance)
ΡΕΖΜ4690ΒΩ-0Σ0,2026-08-05,ΚΑΤΑΒΟΛΗ ΑΠΟΔΟΧΩΝ ΜΗΝΟΣ ΙΟΥΛΙΟΥ 2026 ΙΑΤΡΙΚΟΥ ΕΠΙΚΟΥΡΙΚΟΥ ΠΡΟΣΩΠΙΚΟΥ,999501452,ΓΕΝΙΚΟ ΝΟΣΟΚΟΜΕΙΟ ΒΟΛΟΥ,5288.43,self-referential (payroll/EFKA/FMY remittance)
ΨΩΝ34690ΒΩ-ΔΙΔ,2026-08-05,ΚΑΤΑΒΟΛΗ ΑΠΟΔΟΧΩΝ ΜΗΝΟΣ ΙΟΥΛΙΟΥ 2026 ΣΕ ΝΕΟΔΙΟΡΙΖΟΜΕΝΟ ΕΠΙΚΟΥΡΙΚΟ ΙΑΤΡΟ ΟΡΘΟΠΕΔΙΚΗΣ,999501452,ΓΕΝΙΚΟ ΝΟΣΟΚΟΜΕΙΟ ΒΟΛΟΥ,2237.67,self-referential (payroll/EFKA/FMY remittance)
ΨΩΝ34690ΒΩ-ΔΙΔ,2026-08-05,ΚΑΤΑΒΟΛΗ ΑΠΟΔΟΧΩΝ ΜΗΝΟΣ ΙΟΥΛΙΟΥ 2026 ΣΕ ΝΕΟΔΙΟΡΙΖΟΜΕΝΟ ΕΠΙΚΟΥΡΙΚΟ ΙΑΤΡΟ ΟΡΘΟΠΕΔΙΚΗΣ,999501452,ΓΕΝΙΚΟ ΝΟΣΟΚΟΜΕΙΟ ΒΟΛΟΥ,548.34,self-referential (payroll/EFKA/FMY remittance)
ΨΩΝ34690ΒΩ-ΔΙΔ,2026-08-05,ΚΑΤΑΒΟΛΗ ΑΠΟΔΟΧΩΝ ΜΗΝΟΣ ΙΟΥΛΙΟΥ 2026 ΣΕ ΝΕΟΔΙΟΡΙΖΟΜΕΝΟ ΕΠΙΚΟΥΡΙΚΟ ΙΑΤΡΟ ΟΡΘΟΠΕΔΙΚΗΣ,999501452,ΓΕΝΙΚΟ ΝΟΣΟΚΟΜΕΙΟ ΒΟΛΟΥ,607.07,self-referential (payroll/EFKA/FMY remittance)
6ΜΨΤ4690ΒΩ-ΗΗ2,2026-08-05,"ΚΑΤΑΒΟΛΗ ΑΠΟΔΟΧΩΝ ΛΟΙΠΟΥ ΕΠΙΚΟΥΡΙΚΟΥ ΠΡΟΣΩΠΙΚΟΥ ΜΗΝΟΣ ΙΟΥΛΙΟΥ 2026 ΜΕ ΠΑΡΑΤΑΣΗ ΣΥΜΒΑΣΕΩΝ ΕΩΣ 31/12/2026 , ΣΥΜΦΩΝΑ ΜΕ ΤΟΝ Ν.5259/25, ΠΑΡ.2, ΑΡΘΡ.250",999501452,ΓΕΝΙΚΟ ΝΟΣΟΚΟΜΕΙΟ ΒΟΛΟΥ,3582.00,self-referential (payroll/EFKA/FMY remittance)
6ΜΨΤ4690ΒΩ-ΗΗ2,2026-08-05,"ΚΑΤΑΒΟΛΗ ΑΠΟΔΟΧΩΝ ΛΟΙΠΟΥ ΕΠΙΚΟΥΡΙΚΟΥ ΠΡΟΣΩΠΙΚΟΥ ΜΗΝΟΣ ΙΟΥΛΙΟΥ 2026 ΜΕ ΠΑΡΑΤΑΣΗ ΣΥΜΒΑΣΕΩΝ ΕΩΣ 31/12/2026 , ΣΥΜΦΩΝΑ ΜΕ ΤΟΝ Ν.5259/25, ΠΑΡ.2, ΑΡΘΡ.250",999501452,ΓΕΝΙΚΟ ΝΟΣΟΚΟΜΕΙΟ ΒΟΛΟΥ,875.00,self-referential (payroll/EFKA/FMY remittance)
6ΜΨΤ4690ΒΩ-ΗΗ2,2026-08-05,"ΚΑΤΑΒΟΛΗ ΑΠΟΔΟΧΩΝ ΛΟΙΠΟΥ ΕΠΙΚΟΥΡΙΚΟΥ ΠΡΟΣΩΠΙΚΟΥ ΜΗΝΟΣ ΙΟΥΛΙΟΥ 2026 ΜΕ ΠΑΡΑΤΑΣΗ ΣΥΜΒΑΣΕΩΝ ΕΩΣ 31/12/2026 , ΣΥΜΦΩΝΑ ΜΕ ΤΟΝ Ν.5259/25, ΠΑΡ.2, ΑΡΘΡ.250",999501452,ΓΕΝΙΚΟ ΝΟΣΟΚΟΜΕΙΟ ΒΟΛΟΥ,1067.01,self-referential (payroll/EFKA/FMY remittance)
ΨΙΗΨ4690ΒΩ-Ε7Λ,2026-08-05,ΚΑΤΑΒΟΛΗ ΑΠΟΔΟΧΩΝ ΜΗΝΟΣ ΙΟΥΛΙΟΥ 2026 ΛΟΙΠΟΥ ΕΠΙΚΟΥΡΙΚΟΥ ΠΡΟΣΩΠΙΚΟΥ ΜΕ ΣΧΕΣΗ ΕΡΓΑΣΙΑΣ ΙΔΟΧ ΣΕ ΕΦΑΡΜΟΓΗ ΤΩΝ ΔΙΑΤΑΞΕΩΝ ΤΟΥ ΑΡΘΡΟΥ 17 ΤΗΣ ΠΝΠ ΦΕΚ 55/1-3-2020 ΄΄ΚΑΤΕΠΕΙΓΟΝΤΑ ΜΕΤΡΑ ΑΝΤΙΜΕΤΩΠΙΣΗΣ ΤΩΝ ΑΡΝΗΤΙΚΩΝ ΣΥΝΕΠΕΙΩΝ ΤΗΣ ΕΜΦΑΝΙΣΗΣ COVID19 ΜΕ ΠΑΡΑΤΑΣΗ ΣΥΜΒΑΣΕΩΝ ΕΩΣ 31/12/2026 ΣΥΜΦΩΝΑ ΜΕ ΤΙΣ ΔΙΑΤΑΞΕΙΣ ΤΟΥ Ν.5259/2025 ΑΡΘΡΟ 250 ΠΑΡ. 2,999501452,ΓΕΝΙΚΟ ΝΟΣΟΚΟΜΕΙΟ ΒΟΛΟΥ,17507.47,self-referential (payroll/EFKA/FMY remittance)
ΨΙΗΨ4690ΒΩ-Ε7Λ,2026-08-05,ΚΑΤΑΒΟΛΗ ΑΠΟΔΟΧΩΝ ΜΗΝΟΣ ΙΟΥΛΙΟΥ 2026 ΛΟΙΠΟΥ ΕΠΙΚΟΥΡΙΚΟΥ ΠΡΟΣΩΠΙΚΟΥ ΜΕ ΣΧΕΣΗ ΕΡΓΑΣΙΑΣ ΙΔΟΧ ΣΕ ΕΦΑΡΜΟΓΗ ΤΩΝ ΔΙΑΤΑΞΕΩΝ ΤΟΥ ΑΡΘΡΟΥ 17 ΤΗΣ ΠΝΠ ΦΕΚ 55/1-3-2020 ΄΄ΚΑΤΕΠΕΙΓΟΝΤΑ ΜΕΤΡΑ ΑΝΤΙΜΕΤΩΠΙΣΗΣ ΤΩΝ ΑΡΝΗΤΙΚΩΝ ΣΥΝΕΠΕΙΩΝ ΤΗΣ ΕΜΦΑΝΙΣΗΣ COVID19 ΜΕ ΠΑΡΑΤΑΣΗ ΣΥΜΒΑΣΕΩΝ ΕΩΣ 31/12/2026 ΣΥΜΦΩΝΑ ΜΕ ΤΙΣ ΔΙΑΤΑΞΕΙΣ ΤΟΥ Ν.5259/2025 ΑΡΘΡΟ 250 ΠΑΡ. 2,999501452,ΓΕΝΙΚΟ ΝΟΣΟΚΟΜΕΙΟ ΒΟΛΟΥ,2743.34,self-referential (payroll/EFKA/FMY remittance)
ΨΙΗΨ4690ΒΩ-Ε7Λ,2026-08-05,ΚΑΤΑΒΟΛΗ ΑΠΟΔΟΧΩΝ ΜΗΝΟΣ ΙΟΥΛΙΟΥ 2026 ΛΟΙΠΟΥ ΕΠΙΚΟΥΡΙΚΟΥ ΠΡΟΣΩΠΙΚΟΥ ΜΕ ΣΧΕΣΗ ΕΡΓΑΣΙΑΣ ΙΔΟΧ ΣΕ ΕΦΑΡΜΟΓΗ ΤΩΝ ΔΙΑΤΑΞΕΩΝ ΤΟΥ ΑΡΘΡΟΥ 17 ΤΗΣ ΠΝΠ ΦΕΚ 55/1-3-2020 ΄΄ΚΑΤΕΠΕΙΓΟΝΤΑ ΜΕΤΡΑ ΑΝΤΙΜΕΤΩΠΙΣΗΣ ΤΩΝ ΑΡΝΗΤΙΚΩΝ ΣΥΝΕΠΕΙΩΝ ΤΗΣ ΕΜΦΑΝΙΣΗΣ COVID19 ΜΕ ΠΑΡΑΤΑΣΗ ΣΥΜΒΑΣΕΩΝ ΕΩΣ 31/12/2026 ΣΥΜΦΩΝΑ ΜΕ ΤΙΣ ΔΙΑΤΑΞΕΙΣ ΤΟΥ Ν.5259/2025 ΑΡΘΡΟ 250 ΠΑΡ. 2,999501452,ΓΕΝΙΚΟ ΝΟΣΟΚΟΜΕΙΟ ΒΟΛΟΥ,4657.32,self-referential (payroll/EFKA/FMY remittance)
ΨΓΡ94690ΒΩ-795,2026-08-05,"ΚΑΤΑΒΟΛΗ ΑΠΟΔΟΧΩΝ ΙΑΤΡΙΚΟΥ ΠΡΟΣΩΠΙΚΟΥ ΜΕ ΣΧΕΣΗ ΙΔΟΧ ΜΗΝΟΣ ΙΟΥΛΙΟΥ 2026 "" ΕΝΙΣΧΥΣΗ ΤΩΝ ΦΟΡΕΩΝ ΥΓΕΙΑΣ ΜΕ ΕΠΙΚΟΥΡΙΚΟ ΠΡΟΣΩΠΙΚΟ ΓΙΑ ΤΗΝ ΑΝΤΑΠΟΚΡΙΣΗ ΣΤΙΣ ΑΝΑΓΚΕΣ ΛΟΓΩ ΤΗΣ ΕΠΙΔΗΜΙΑΣ COVID 19 ΣΤΗΝ ΠΕΡΙΦΕΡΕΙΑ ΘΕΣΣΑΛΙΑΣ"" ΜΕ ΚΩΔΙΚΟ ΟΠΣ 5070510 ΣΤΟ ΕΠΙΧΕΙΡΗΣΙΑΚΟ ΠΡΟΓΡΑΜΜΑ ""ΠΕΡΙΦΕΡΕΙΑΚΟ ΕΠΙΧΕΙΡΗΣΙΑΚΟ ΠΡΟΓΡΑΜΜΑ ΘΕΣΣΑΛΙΑ"" 2014 ΜΕ ΠΑΡΑΤΑΣΗ ΣΥΜΒΑΣΕΩΝ ΕΩΣ 31/12/2026 , ΣΥΜΦΩΝΑ ΜΕ ΤΟΝ Ν.5259/25, ΠΑΡ.2, ΑΡΘΡ.250",999501452,ΓΕΝΙΚΟ ΝΟΣΟΚΟΜΕΙΟ ΒΟΛΟΥ,4276.00,self-referential (payroll/EFKA/FMY remittance)
ΨΓΡ94690ΒΩ-795,2026-08-05,"ΚΑΤΑΒΟΛΗ ΑΠΟΔΟΧΩΝ ΙΑΤΡΙΚΟΥ ΠΡΟΣΩΠΙΚΟΥ ΜΕ ΣΧΕΣΗ ΙΔΟΧ ΜΗΝΟΣ ΙΟΥΛΙΟΥ 2026 "" ΕΝΙΣΧΥΣΗ ΤΩΝ ΦΟΡΕΩΝ ΥΓΕΙΑΣ ΜΕ ΕΠΙΚΟΥΡΙΚΟ ΠΡΟΣΩΠΙΚΟ ΓΙΑ ΤΗΝ ΑΝΤΑΠΟΚΡΙΣΗ ΣΤΙΣ ΑΝΑΓΚΕΣ ΛΟΓΩ ΤΗΣ ΕΠΙΔΗΜΙΑΣ COVID 19 ΣΤΗΝ ΠΕΡΙΦΕΡΕΙΑ ΘΕΣΣΑΛΙΑΣ"" ΜΕ ΚΩΔΙΚΟ ΟΠΣ 5070510 ΣΤΟ ΕΠΙΧΕΙΡΗΣΙΑΚΟ ΠΡΟΓΡΑΜΜΑ ""ΠΕΡΙΦΕΡΕΙΑΚΟ ΕΠΙΧΕΙΡΗΣΙΑΚΟ ΠΡΟΓΡΑΜΜΑ ΘΕΣΣΑΛΙΑ"" 2014 ΜΕ ΠΑΡΑΤΑΣΗ ΣΥΜΒΑΣΕΩΝ ΕΩΣ 31/12/2026 , ΣΥΜΦΩΝΑ ΜΕ ΤΟΝ Ν.5259/25, ΠΑΡ.2, ΑΡΘΡ.250",999501452,ΓΕΝΙΚΟ ΝΟΣΟΚΟΜΕΙΟ ΒΟΛΟΥ,1070.00,self-referential (payroll/EFKA/FMY remittance)
ΨΓΡ94690ΒΩ-795,2026-08-05,"ΚΑΤΑΒΟΛΗ ΑΠΟΔΟΧΩΝ ΙΑΤΡΙΚΟΥ ΠΡΟΣΩΠΙΚΟΥ ΜΕ ΣΧΕΣΗ ΙΔΟΧ ΜΗΝΟΣ ΙΟΥΛΙΟΥ 2026 "" ΕΝΙΣΧΥΣΗ ΤΩΝ ΦΟΡΕΩΝ ΥΓΕΙΑΣ ΜΕ ΕΠΙΚΟΥΡΙΚΟ ΠΡΟΣΩΠΙΚΟ ΓΙΑ ΤΗΝ ΑΝΤΑΠΟΚΡΙΣΗ ΣΤΙΣ ΑΝΑΓΚΕΣ ΛΟΓΩ ΤΗΣ ΕΠΙΔΗΜΙΑΣ COVID 19 ΣΤΗΝ ΠΕΡΙΦΕΡΕΙΑ ΘΕΣΣΑΛΙΑΣ"" ΜΕ ΚΩΔΙΚΟ ΟΠΣ 5070510 ΣΤΟ ΕΠΙΧΕΙΡΗΣΙΑΚΟ ΠΡΟΓΡΑΜΜΑ ""ΠΕΡΙΦΕΡΕΙΑΚΟ ΕΠΙΧΕΙΡΗΣΙΑΚΟ ΠΡΟΓΡΑΜΜΑ ΘΕΣΣΑΛΙΑ"" 2014 ΜΕ ΠΑΡΑΤΑΣΗ ΣΥΜΒΑΣΕΩΝ ΕΩΣ 31/12/2026 , ΣΥΜΦΩΝΑ ΜΕ ΤΟΝ Ν.5259/25, ΠΑΡ.2, ΑΡΘΡ.250",999501452,ΓΕΝΙΚΟ ΝΟΣΟΚΟΜΕΙΟ ΒΟΛΟΥ,1164.90,self-referential (payroll/EFKA/FMY remittance)
9ΨΩΠ4690ΒΩ-5ΞΙ,2026-08-05,ΚΑΤΑΒΟΛΗ ΑΠΟΔΟΧΩΝ ΛΟΙΠΟΥ ΕΠΙΚΟΥΡΙΚΟΥ ΠΡΟΣΩΠΙΚΟΥ ΜΕ ΣΧΕΣΗ ΕΡΓΑΣΙΑΣ ΙΔΟΧ ΜΗΝΟΣ ΙΟΥΛΙΟΥ 2026 «ΕΝΙΣΧΥΣΗ ΤΩΝ ΦΟΡΕΩΝ ΥΓΕΙΑΣ ΜΕ ΕΠΙΚΟΥΡΙΚΟ ΠΡΟΣΩΠΙΚΟ ΓΙΑ ΤΗΝ ΑΝΤΑΠΟΚΡΙΣΗ ΣΤΙΣ ΑΝΑΓΚΕΣ ΛΟΓΩ ΤΗΣ ΕΠΙΔΗΜΙΑΣ COVID-19 ΣΤΗΝ ΠΕΡΙΦΕΡΕΙΑ ΘΕΣΣΑΛΙΑΣ» ΜΕ ΚΩΔΙΚΟ ΟΠΣ 5070510 ΣΤΟ ΕΠΙΧΕΙΡΗΣΙΑΚΟ ΠΡΟΓΡΑΜΜΑ «ΠΕΡΙΦΕΡΕΙΑΚΟ ΕΠΙΧΕΙΡΗΣΙΑΚΟ ΠΡΟΓΡΑΜΜΑ ΘΕΣΣΑΛΙΑΣ 2014 ΜΕ ΠΑΡΑΤΑΣΗ ΣΥΜΒΑΣΕΩΝ ΕΩΣ 31/12/2026 ΣΥΜΦΩΝΑ ΜΕ ΤΙΣ ΔΙΑΤΑΞΕΙΣ ΤΟΥ Ν.5259/2025 ΑΡΘΡΟ 250 ΠΑΡ. 2,999501452,ΓΕΝΙΚΟ ΝΟΣΟΚΟΜΕΙΟ ΒΟΛΟΥ,47348.25,self-referential (payroll/EFKA/FMY remittance)
9ΨΩΠ4690ΒΩ-5ΞΙ,2026-08-05,ΚΑΤΑΒΟΛΗ ΑΠΟΔΟΧΩΝ ΛΟΙΠΟΥ ΕΠΙΚΟΥΡΙΚΟΥ ΠΡΟΣΩΠΙΚΟΥ ΜΕ ΣΧΕΣΗ ΕΡΓΑΣΙΑΣ ΙΔΟΧ ΜΗΝΟΣ ΙΟΥΛΙΟΥ 2026 «ΕΝΙΣΧΥΣΗ ΤΩΝ ΦΟΡΕΩΝ ΥΓΕΙΑΣ ΜΕ ΕΠΙΚΟΥΡΙΚΟ ΠΡΟΣΩΠΙΚΟ ΓΙΑ ΤΗΝ ΑΝΤΑΠΟΚΡΙΣΗ ΣΤΙΣ ΑΝΑΓΚΕΣ ΛΟΓΩ ΤΗΣ ΕΠΙΔΗΜΙΑΣ COVID-19 ΣΤΗΝ ΠΕΡΙΦΕΡΕΙΑ ΘΕΣΣΑΛΙΑΣ» ΜΕ ΚΩΔΙΚΟ ΟΠΣ 5070510 ΣΤΟ ΕΠΙΧΕΙΡΗΣΙΑΚΟ ΠΡΟΓΡΑΜΜΑ «ΠΕΡΙΦΕΡΕΙΑΚΟ ΕΠΙΧΕΙΡΗΣΙΑΚΟ ΠΡΟΓΡΑΜΜΑ ΘΕΣΣΑΛΙΑΣ 2014 ΜΕ ΠΑΡΑΤΑΣΗ ΣΥΜΒΑΣΕΩΝ ΕΩΣ 31/12/2026 ΣΥΜΦΩΝΑ ΜΕ ΤΙΣ ΔΙΑΤΑΞΕΙΣ ΤΟΥ Ν.5259/2025 ΑΡΘΡΟ 250 ΠΑΡ. 2,999501452,ΓΕΝΙΚΟ ΝΟΣΟΚΟΜΕΙΟ ΒΟΛΟΥ,8797.75,self-referential (payroll/EFKA/FMY remittance)
9ΨΩΠ4690ΒΩ-5ΞΙ,2026-08-05,ΚΑΤΑΒΟΛΗ ΑΠΟΔΟΧΩΝ ΛΟΙΠΟΥ ΕΠΙΚΟΥΡΙΚΟΥ ΠΡΟΣΩΠΙΚΟΥ ΜΕ ΣΧΕΣΗ ΕΡΓΑΣΙΑΣ ΙΔΟΧ ΜΗΝΟΣ ΙΟΥΛΙΟΥ 2026 «ΕΝΙΣΧΥΣΗ ΤΩΝ ΦΟΡΕΩΝ ΥΓΕΙΑΣ ΜΕ ΕΠΙΚΟΥΡΙΚΟ ΠΡΟΣΩΠΙΚΟ ΓΙΑ ΤΗΝ ΑΝΤΑΠΟΚΡΙΣΗ ΣΤΙΣ ΑΝΑΓΚΕΣ ΛΟΓΩ ΤΗΣ ΕΠΙΔΗΜΙΑΣ COVID-19 ΣΤΗΝ ΠΕΡΙΦΕΡΕΙΑ ΘΕΣΣΑΛΙΑΣ» ΜΕ ΚΩΔΙΚΟ ΟΠΣ 5070510 ΣΤΟ ΕΠΙΧΕΙΡΗΣΙΑΚΟ ΠΡΟΓΡΑΜΜΑ «ΠΕΡΙΦΕΡΕΙΑΚΟ ΕΠΙΧΕΙΡΗΣΙΑΚΟ ΠΡΟΓΡΑΜΜΑ ΘΕΣΣΑΛΙΑΣ 2014 ΜΕ ΠΑΡΑΤΑΣΗ ΣΥΜΒΑΣΕΩΝ ΕΩΣ 31/12/2026 ΣΥΜΦΩΝΑ ΜΕ ΤΙΣ ΔΙΑΤΑΞΕΙΣ ΤΟΥ Ν.5259/2025 ΑΡΘΡΟ 250 ΠΑΡ. 2,999501452,ΓΕΝΙΚΟ ΝΟΣΟΚΟΜΕΙΟ ΒΟΛΟΥ,13372.46,self-referential (payroll/EFKA/FMY remittance)
ΡΟ494690ΒΩ-ΝΕ3,2026-08-05,ΚΑΤΑΒΟΛΗ ΑΠΟΔΟΧΩΝ ΜΗΝΟΣ ΙΟΥΛΙΟΥ 2025 ΣΕ ΠΡΟΣΩΠΙΚΟ ΠΟΥ ΥΠΗΡΕΤΕΙ ΜΕΣΩ ΠΡΟΓΡΑΜΜΑΤΟΣ ΟΑΕΔ ΗΛΙΚΙΑΣ 55-67 ΣΥΜΦΩΝΑ ΜΕ ΤΗΝ 1η ΤΡΟΠΟΠΟΙΗΣΗ ΤΗΣ ΔΗΜΟΣΙΑΣ ΠΡΟΣΚΛΗΣΗΣ Νο11/2017 ΤΟΥ ΟΑΕΔ,999501452,ΓΕΝΙΚΟ ΝΟΣΟΚΟΜΕΙΟ ΒΟΛΟΥ,10682.36,self-referential (payroll/EFKA/FMY remittance)
ΡΟ494690ΒΩ-ΝΕ3,2026-08-05,ΚΑΤΑΒΟΛΗ ΑΠΟΔΟΧΩΝ ΜΗΝΟΣ ΙΟΥΛΙΟΥ 2025 ΣΕ ΠΡΟΣΩΠΙΚΟ ΠΟΥ ΥΠΗΡΕΤΕΙ ΜΕΣΩ ΠΡΟΓΡΑΜΜΑΤΟΣ ΟΑΕΔ ΗΛΙΚΙΑΣ 55-67 ΣΥΜΦΩΝΑ ΜΕ ΤΗΝ 1η ΤΡΟΠΟΠΟΙΗΣΗ ΤΗΣ ΔΗΜΟΣΙΑΣ ΠΡΟΣΚΛΗΣΗΣ Νο11/2017 ΤΟΥ ΟΑΕΔ,999501452,ΓΕΝΙΚΟ ΝΟΣΟΚΟΜΕΙΟ ΒΟΛΟΥ,1136.20,self-referential (payroll/EFKA/FMY remittance)
ΡΟ494690ΒΩ-ΝΕ3,2026-08-05,ΚΑΤΑΒΟΛΗ ΑΠΟΔΟΧΩΝ ΜΗΝΟΣ ΙΟΥΛΙΟΥ 2025 ΣΕ ΠΡΟΣΩΠΙΚΟ ΠΟΥ ΥΠΗΡΕΤΕΙ ΜΕΣΩ ΠΡΟΓΡΑΜΜΑΤΟΣ ΟΑΕΔ ΗΛΙΚΙΑΣ 55-67 ΣΥΜΦΩΝΑ ΜΕ ΤΗΝ 1η ΤΡΟΠΟΠΟΙΗΣΗ ΤΗΣ ΔΗΜΟΣΙΑΣ ΠΡΟΣΚΛΗΣΗΣ Νο11/2017 ΤΟΥ ΟΑΕΔ,999501452,ΓΕΝΙΚΟ ΝΟΣΟΚΟΜΕΙΟ ΒΟΛΟΥ,2859.30,self-referential (payroll/EFKA/FMY remittance)
65Β94690ΒΩ-6ΑΩ,2026-08-05,ΚΑΤΑΒΟΛΗ ΑΠΟΔΟΧΩΝ ΜΗΝΟΣ ΙΟΥΛΙΟΥ 2026 ΣΕ ΠΡΟΣΩΠΙΚΟ ΠΟΥ ΥΠΗΡΕΤΕΙ ΜΕΣΩ ΠΡΟΓΡΑΜΜΑΤΟΣ ΟΑΕΔ ΗΛΙΚΙΑΣ 55-67 ΣΥΜΦΩΝΑ ΜΕ ΤΗΝ 1η ΤΡΟΠΟΠΟΙΗΣΗ ΤΗΣ ΔΗΜΟΣΙΑΣ ΠΡΟΣΚΛΗΣΗΣ Νο11/2017 ΤΟΥ ΟΑΕΔ ΠΔΕ ΣΥΓΧΡΗΜΑΤΟΔΟΤΟΥΜΕΝΟ,999501452,ΓΕΝΙΚΟ ΝΟΣΟΚΟΜΕΙΟ ΒΟΛΟΥ,17608.97,self-referential (payroll/EFKA/FMY remittance)
65Β94690ΒΩ-6ΑΩ,2026-08-05,ΚΑΤΑΒΟΛΗ ΑΠΟΔΟΧΩΝ ΜΗΝΟΣ ΙΟΥΛΙΟΥ 2026 ΣΕ ΠΡΟΣΩΠΙΚΟ ΠΟΥ ΥΠΗΡΕΤΕΙ ΜΕΣΩ ΠΡΟΓΡΑΜΜΑΤΟΣ ΟΑΕΔ ΗΛΙΚΙΑΣ 55-67 ΣΥΜΦΩΝΑ ΜΕ ΤΗΝ 1η ΤΡΟΠΟΠΟΙΗΣΗ ΤΗΣ ΔΗΜΟΣΙΑΣ ΠΡΟΣΚΛΗΣΗΣ Νο11/2017 ΤΟΥ ΟΑΕΔ ΠΔΕ ΣΥΓΧΡΗΜΑΤΟΔΟΤΟΥΜΕΝΟ,999501452,ΓΕΝΙΚΟ ΝΟΣΟΚΟΜΕΙΟ ΒΟΛΟΥ,1871.14,self-referential (payroll/EFKA/FMY remittance)
65Β94690ΒΩ-6ΑΩ,2026-08-05,ΚΑΤΑΒΟΛΗ ΑΠΟΔΟΧΩΝ ΜΗΝΟΣ ΙΟΥΛΙΟΥ 2026 ΣΕ ΠΡΟΣΩΠΙΚΟ ΠΟΥ ΥΠΗΡΕΤΕΙ ΜΕΣΩ ΠΡΟΓΡΑΜΜΑΤΟΣ ΟΑΕΔ ΗΛΙΚΙΑΣ 55-67 ΣΥΜΦΩΝΑ ΜΕ ΤΗΝ 1η ΤΡΟΠΟΠΟΙΗΣΗ ΤΗΣ ΔΗΜΟΣΙΑΣ ΠΡΟΣΚΛΗΣΗΣ Νο11/2017 ΤΟΥ ΟΑΕΔ ΠΔΕ ΣΥΓΧΡΗΜΑΤΟΔΟΤΟΥΜΕΝΟ,999501452,ΓΕΝΙΚΟ ΝΟΣΟΚΟΜΕΙΟ ΒΟΛΟΥ,4332.19,self-referential (payroll/EFKA/FMY remittance)
9Δ2Β4690ΒΩ-ΤΧΑ,2026-08-05,ΚΑΤΑΒΟΛΗ ΑΠΟΖΗΜΙΩΣΗΣ ΑΔΕΙΑΣ ΜΑΘΗΤΕΙΑΣ ΣΕ ΜΕΤΑΛΥΚΕΙΑΚΟΥΣ ΣΠΟΥΔΑΣΤΕΣ ΓΙΑ ΤΟΝ ΜΗΝΑ ΜΑΪΟ 2026,999501452,ΓΕΝΙΚΟ ΝΟΣΟΚΟΜΕΙΟ ΒΟΛΟΥ,21302890011001.00,self-referential (payroll/EFKA/FMY remittance)
9Δ2Β4690ΒΩ-ΤΧΑ,2026-08-05,ΚΑΤΑΒΟΛΗ ΑΠΟΖΗΜΙΩΣΗΣ ΑΔΕΙΑΣ ΜΑΘΗΤΕΙΑΣ ΣΕ ΜΕΤΑΛΥΚΕΙΑΚΟΥΣ ΣΠΟΥΔΑΣΤΕΣ ΓΙΑ ΤΟΝ ΜΗΝΑ ΜΑΪΟ 2026,999501452,ΓΕΝΙΚΟ ΝΟΣΟΚΟΜΕΙΟ ΒΟΛΟΥ,21903010011001.00,self-referential (payroll/EFKA/FMY remittance)
9ΘΠΧ4690ΒΩ-1ΞΦ,2026-08-05,ΚΑΤΑΒΟΛΗ ΑΠΟΖΗΜΙΩΣΗΣ ΣΕ ΜΕΤΑΛΥΚΕΙΑΚΟΥΣ ΣΠΟΥΔΑΣΤΕΣ ΓΙΑ ΤΟΝ ΜΗΝΑ ΜΑΪΟ 2026,999501452,ΓΕΝΙΚΟ ΝΟΣΟΚΟΜΕΙΟ ΒΟΛΟΥ,44.12,self-referential (payroll/EFKA/FMY remittance)
9ΘΠΧ4690ΒΩ-1ΞΦ,2026-08-05,ΚΑΤΑΒΟΛΗ ΑΠΟΖΗΜΙΩΣΗΣ ΣΕ ΜΕΤΑΛΥΚΕΙΑΚΟΥΣ ΣΠΟΥΔΑΣΤΕΣ ΓΙΑ ΤΟΝ ΜΗΝΑ ΜΑΪΟ 2026,999501452,ΓΕΝΙΚΟ ΝΟΣΟΚΟΜΕΙΟ ΒΟΛΟΥ,963.92,self-referential (payroll/EFKA/FMY remittance)
9ΠΙ94690ΒΩ-ΑΨΞ,2026-08-05,ΕΦΗΜΕΡΙΕΣ (ΥΠΕΡΒΑΛΛΟΥΣΕΣ) ΙΑΤΡΙΚΟΥ ΠΡΟΣΩΠΙΚΟΥ ΜΗΝΟΣ ΑΠΡΙΛΙΟΥ 2026,999501452,ΓΕΝΙΚΟ ΝΟΣΟΚΟΜΕΙΟ ΒΟΛΟΥ,32688.82,self-referential (payroll/EFKA/FMY remittance)
ΨΖΕ14690ΒΩ-3Σ5,2026-08-05,ΕΦΗΜΕΡΙΕΣ (ΥΠΕΡΒΑΛΛΟΥΣΕΣ) ΙΑΤΡΙΚΟΥ ΕΠΙΚΟΥΡΙΚΟΥ ΠΡΟΣΩΠΙΚΟΥ ΜΕ ΣΧΕΣΗ ΕΡΓΑΣΙΑΣ ΙΔΟΧ ΜΗΝΟΣ ΑΠΡΙΛΙΟΥ 2026 «ΕΝΙΣΧΥΣΗ ΤΩΝ ΦΟΡΕΩΝ ΥΓΕΙΑΣ ΜΕ ΕΠΙΚΟΥΡΙΚΟ ΠΡΟΣΩΠΙΚΟ ΓΙΑ ΤΗΝ ΑΝΤΑΠΟΚΡΙΣΗ ΣΤΙΣ ΑΝΑΓΚΕΣ ΛΟΓΩ ΤΗΣ ΕΠΙΔΗΜΙΑΣ COVID-19 ΣΤΗΝ ΠΕΡΙΦΕΡΕΙΑ ΘΕΣΣΑΛΙΑΣ» ΜΕ ΚΩΔΙΚΟ ΟΠΣ 5070510 ΣΤΟ ΕΠΙΧΕΙΡΗΣΙΑΚΟ ΠΡΟΓΡΑΜΜΑ «ΠΕΡΙΦΕΡΕΙΑΚΟ ΕΠΙΧΕΙΡΗΣΙΑΚΟ ΠΡΟΓΡΑΜΜΑ ΘΕΣΣΑΛΙΑΣ 2014 ΜΕ ΠΑΡΑΤΑΣΗ ΣΥΜΒΑΣΕΩΝ ΕΩΣ 31/12/2024 ΣΥΜΦΩΝΑ ΜΕ ΤΙΣ ΔΙΑΤΑΞΕΙΣ ΤΟΥ Ν.5079/2023 (ΦΕΚ 215/22-12-2023/τ.Α΄) ΑΡΘΡΟ 70 ΠΑ,999501452,ΓΕΝΙΚΟ ΝΟΣΟΚΟΜΕΙΟ ΒΟΛΟΥ,219.26,self-referential (payroll/EFKA/FMY remittance)
94ΑΝ4690ΒΩ-ΧΑ4,2026-07-23,": ΗΜΕΡΗΣΙΑ ΑΠΟΖΗΜΙΩΣΗ ΟΔΟΙΠΟΡΙΚΑ ΕΞΟΔΑ ΥΠΑΛΛΗΛΟΥ ΤΟΥ ΓΝΒ ΠΟΥ ΜΕΤΕΒΗ ΣΗ ΛΑΡΙΣΑ ΩΣ ΜΕΛΟΣ ΕΠΙΤΡΟΠΗΣ ΣΥΝΤΑΞΗΣ ΤΕΧΝΙΚΩΝ ΠΡΟΔΙΑΓΡΑΦΩΝ ΓΙΑ ΤΟΝ ΔΙΑΓΩΝΙΣΜΟ ΄΄ ΠΡΟΜΗΘΕΙΑ ΙΑΤΡΙΚΟΥ ΟΞΥΓΟΝΟΥ , ΕΝΟΙΚΙΑΣΗ ΜΕΤΑΦΟΡΑ ΦΙΑΛΩΝ ΙΑΤΡΙΚΟΥ ΟΞΥΓΟΝΟΥ΄΄  27/2/2026 , 24/4/2026",999501452,ΓΕΝΙΚΟ ΝΟΣΟΚΟΜΕΙΟ ΒΟΛΟΥ,20.00,self-referential (payroll/EFKA/FMY remittance)
94ΑΝ4690ΒΩ-ΧΑ4,2026-07-23,": ΗΜΕΡΗΣΙΑ ΑΠΟΖΗΜΙΩΣΗ ΟΔΟΙΠΟΡΙΚΑ ΕΞΟΔΑ ΥΠΑΛΛΗΛΟΥ ΤΟΥ ΓΝΒ ΠΟΥ ΜΕΤΕΒΗ ΣΗ ΛΑΡΙΣΑ ΩΣ ΜΕΛΟΣ ΕΠΙΤΡΟΠΗΣ ΣΥΝΤΑΞΗΣ ΤΕΧΝΙΚΩΝ ΠΡΟΔΙΑΓΡΑΦΩΝ ΓΙΑ ΤΟΝ ΔΙΑΓΩΝΙΣΜΟ ΄΄ ΠΡΟΜΗΘΕΙΑ ΙΑΤΡΙΚΟΥ ΟΞΥΓΟΝΟΥ , ΕΝΟΙΚΙΑΣΗ ΜΕΤΑΦΟΡΑ ΦΙΑΛΩΝ ΙΑΤΡΙΚΟΥ ΟΞΥΓΟΝΟΥ΄΄  27/2/2026 , 24/4/2026",999501452,ΓΕΝΙΚΟ ΝΟΣΟΚΟΜΕΙΟ ΒΟΛΟΥ,25.60,self-referential (payroll/EFKA/FMY remittance)
9ΝΖΜ4690ΒΩ-ΘΤ2,2026-07-23,": ΗΜΕΡΗΣΙΑ  ΑΠΟΖΗΜΙΩΣΗ ΟΔΟΙΠΟΡΙΚΑ ΕΞΟΔΑ ΥΠΑΛΛΗΛΟΥ ΤΟΥ ΓΝΒ ΠΟΥ ΜΕΤΕΒΗ ΣΤΗ ΛΑΡΙΣΑ ΩΣ ΜΕΛΟΣ ΕΠΙΤΡΟΠΗΣ ΓΙΑ ΤΗΝ ΑΞΙΟΛΟΓΗΣΗ ΤΩΝ ΤΕΧΝΙΚΩΝ ΠΡΟΣΦΟΡΩΝ  ΓΙΑ ΠΡΟΜΗΘΕΙΑ ΑΠΙΝΙΔΩΤΩΝ  & ΚΑΡΔΙΟΓΡΑΦΩΝ ΓΙΑ ΤΙΣ ΑΝΑΓΚΕΣ ΤΩ Π.Ι.  12,27/5/2026 , 2,3,12,18,25/6/2026",999501452,ΓΕΝΙΚΟ ΝΟΣΟΚΟΜΕΙΟ ΒΟΛΟΥ,70.00,self-referential (payroll/EFKA/FMY remittance)
9ΝΖΜ4690ΒΩ-ΘΤ2,2026-07-23,": ΗΜΕΡΗΣΙΑ  ΑΠΟΖΗΜΙΩΣΗ ΟΔΟΙΠΟΡΙΚΑ ΕΞΟΔΑ ΥΠΑΛΛΗΛΟΥ ΤΟΥ ΓΝΒ ΠΟΥ ΜΕΤΕΒΗ ΣΤΗ ΛΑΡΙΣΑ ΩΣ ΜΕΛΟΣ ΕΠΙΤΡΟΠΗΣ ΓΙΑ ΤΗΝ ΑΞΙΟΛΟΓΗΣΗ ΤΩΝ ΤΕΧΝΙΚΩΝ ΠΡΟΣΦΟΡΩΝ  ΓΙΑ ΠΡΟΜΗΘΕΙΑ ΑΠΙΝΙΔΩΤΩΝ  & ΚΑΡΔΙΟΓΡΑΦΩΝ ΓΙΑ ΤΙΣ ΑΝΑΓΚΕΣ ΤΩ Π.Ι.  12,27/5/2026 , 2,3,12,18,25/6/2026",999501452,ΓΕΝΙΚΟ ΝΟΣΟΚΟΜΕΙΟ ΒΟΛΟΥ,89.60,self-referential (payroll/EFKA/FMY remittance)
Ψ0ΗΙ4690ΒΩ-Π5Ω,2026-07-23,ΗΜΕΡΗΣΙΑ ΑΠΟΖΗΜΙΩΣΗ ΓΙΑ ΠΡΟΓΡΑΜΜΑΤΙΣΜΕΝΕΣ ΜΕΤΑΚΙΝΗΣΕΙΣ ΤΗΣ ΚΙΝΗΤΗΣ ΜΟΝΑΔΑΣ ΑΙΜΟΔΟΣΙΑΣ ΓΙΑ ΑΙΜΟΛΗΨΙΕΣ ΣΤΙ ΣΠΟΡΑΔΕΣ (ΣΚΟΠΕΛΟ) 15/6/2026 ΕΩΣ 17/6/2026,999501452,ΓΕΝΙΚΟ ΝΟΣΟΚΟΜΕΙΟ ΒΟΛΟΥ,360.00,self-referential (payroll/EFKA/FMY remittance)
Ψ8ΙΛ4690ΒΩ-Φ3Γ,2026-07-23,"ΑΜΟΙΒΗ ΛΟΙΠΟΥ ΠΡΟΣΩΠΙΚΟΥ ΤΟΥΣ ΜΗΝΕΣ  ΝΟΕΜΒΡΙΟ,ΔΕΚΕ,ΒΡΙΟ 2025  ΣΤΟ ΠΛΑΙΣΙΟ ΤΟΥ ΕΡΓΟΥ ΄΄ ΟΡΓΑΝΩΤΙΚΕΣ ΚΑΙ ΛΟΙΠΕΣ ΠΑΡΑΜΒΑΣΕΙΣ ΓΙΑ ΤΗΝ ΕΠΙΤΑΧΥΝΣΗ ΤΩΝ ΕΚΚΡΕΜΩΝ ΕΠΕΜΒΑΣΕΩΝΤΗΣ ΛΙΣΤΑΣ ΧΕΙΡΟΥΡΓΕΙΩΝ ΄΄ ΜΕ ΚΩΔΙΚΟ ΟΠΣ 5223768",999501452,ΓΕΝΙΚΟ ΝΟΣΟΚΟΜΕΙΟ ΒΟΛΟΥ,7200.00,self-referential (payroll/EFKA/FMY remittance)
93ΝΛ4690ΒΩ-ΝΦΣ,2026-07-23,"ΑΜΟΙΒΗ ΙΑΤΡΙΚΟΥ ΠΡΟΣΩΠΙΚΟΥ ΤΟΥΣ ΜΗΝΕΣ ΝΟΕΜΒΡΙΟ,ΔΕΚΕΜΒΡΙΟ  2025 ΣΤΟ ΠΛΑΙΣΙΟ ΤΟΥ ΕΡΓΟΥ ΄΄ ΟΡΓΑΝΩΤΙΚΕΣ ΚΑΙ ΛΟΙΠΕΣ ΠΑΡΑΜΒΑΣΕΙΣ ΓΙΑ ΤΗΝ ΕΠΙΤΑΧΥΝΣΗ ΤΩΝ ΕΚΚΡΕΜΩΝ ΕΠΕΜΒΑΣΕΩΝΤΗΣ ΛΙΣΤΑΣ ΧΕΙΡΟΥΡΓΕΙΩΝ ΄΄ ΜΕ ΚΩΔΙΚΟ ΟΠΣ 5223768 ΛΟΙΠΕΣ ΔΑΠΑΝΕΣ ΝΟΣ",999501452,ΓΕΝΙΚΟ ΝΟΣΟΚΟΜΕΙΟ ΒΟΛΟΥ,19980.00,self-referential (payroll/EFKA/FMY remittance)
