ada,issue_date,subject,supplier_afm,supplier_name,amount_eur,cpv,kae
Ψ9Χ74690ΒΩ-ΓΥΖ,2023-06-29,ΕΝΤΑΛΜΑ ΠΛΗΡΩΜΗΣ HIPPOKRATIS  A.E. (801043454),801043454,HIPPOKRATIS  A.E. (801043454),4592.46,,
ΨΩΣ24690ΒΩ-16Ζ,2023-06-29,ΕΝΤΑΛΜΑ ΠΛΗΡΩΜΗΣ MEDICON HELLAS AE (094240321),094240321,MEDICON HELLAS AE (094240321),29052.0,,
6Ρ804690ΒΩ-9ΒΟ,2023-06-29,ΕΝΤΑΛΜΑ ΠΛΗΡΩΜΗΣ MEDICON HELLAS AE (094240321),094240321,MEDICON HELLAS AE (094240321),29052.0,,
60804690ΒΩ-ΣΕΦ,2025-04-25,ΠΡΟΜΗΘΕΙΑ ΤΡΑΠΕΖΙΚΩΝ ΕΡΓΑΣΙΩΝ ΓΙΑ ΕΞΕΡΧΟΜΕΝΕΣ ΜΕΤΑΦΟΡΕΣ ΠΙΣΤΩΣΕΩΝ ΣΕ ΤΡΑΠΕΖΕΣ ΤΟΥ ΕΞΩΤΕΡΙΚΟΥ (X.E.613 ATRON),094014250,EUROBANK ERGASIAS ΥΠΗΡΕΣΙΩΝ ΚΑΙ ΣΥΜΜΕΤΟΧΩΝ ΑΝΩΝΥΜΗ ΕΤΑΙΡΕΙΑ,4.0,,0431α01
ΨΠ5Υ4690ΒΩ-ΛΗ9,2025-04-25,"ΠΡΟΜ.ΟΡΘΟΠΕΔ,ΠΡΟΣΘΕΤ.ΚΑΙ ΛΟΙΠΩΝ ΥΛΙΚΩΝ ΑΝΑΠΗΡΩΝ ΜΗΝΩΝ ΑΠΡΙΛΙΟΥ ΕΩΣ ΙΟΥΝΙΟΥ 2025, ΧΩΡΙΣ ΣΥΜΒΑΣΗ, ΜΕ ΑΠΟΦΑΣΕΙΣ ΔΣ 17/19-4-24 Θ.28, 23/16-5-24 Θ.6 & 27/13-6-24 Θ.37, ΣΥΜΦΩΝΑ ΜΕ ΤΙΣ ΔΙΑΤΑΞΕΙΣ ΤΟΥ Ν.5161/2024 αρθ.14 (ΦΕΚ 196/ τ.Α΄/29-11-2024) ΝΟΣ",800519113,ATRON HEALΤH ΙΑΤΡΙΚΑ ΠΡΟΙΟΝΤΑ ΚΑΙ ΜΗΧΑΝΗΜΑΤΑ  ΑΝΩΝΥΜΗ ΕΤΑΙΡΕΙΑ,21476.71,,1313β01
9ΨΑ74690ΒΩ-51Κ,2025-04-25,ΠΡΟΜΗΘΕΙΑ ΦΑΡΜΑΚΕΥΤΙΚΟΥ ΥΛΙΚΟΥ ΝΟΣΟΚΟΜΕΙΟΥ ΓΙΑ ΤΟΥΣ ΜΗΝΕΣ ΙΟΥΛΙΟ ΕΩΣ ΑΥΓΟΥΣΤΟ 2023 (ΓΔΟΥ/οικ.59434/31-7-2018) ΠΡΟΣΘΕΤΟ CLAW BACK A΄ ΕΞΑΜΗΝΟΥ 2023 ΣΥΜΦΩΝΑ ΜΕ ΤΟ ΥΠ΄ΑΡΙΘΜ. Β1β/Γ.Π./οικ. 50231/2017 (ΦΕΚ 2255/Β/2017) ΚΑΙ ΣΥΜΦΩΝΑ ΜΕ ΤΙΣ ΔΙΑΤΑΞΕΙΣ ΤΟΥ Ν.5161/2024 αρθ.14 (ΦΕΚ 196/ τ.Α΄/29-11-2024),095003061,ΛΕΟ ΦΑΡΜΑΚΕΥΤΙΚΗ ΕΛΛΑΣ ΜΟΝΟΠΡΟΣΩΠΗ ΑΝΩΝΥΜΗ ΕΤΑΙΡΕΙΑ,4040.06,,1312β01
Ψ8ΤΠ4690ΒΩ-ΦΑΘ,2025-04-25,ΠΡΟΜΗΘΕΙΑ ΦΑΡΜΑΚΕΥΤΙΚΟΥ ΥΛΙΚΟΥ ΝΟΣΟΚΟΜΕΙΟΥ ΓΙΑ ΤΟΥΣ ΜΗΝΕΣ ΟΚΤΩΒΡΙΟ 2023 ΕΩΣ ΦΕΒΡΟΥΑΡΙΟ 2024 (ΓΔΟΥ/οικ.59434/31-7- 2018) ΠΡΟΣΘΕΤΟ CLAW BACK A΄ ΕΞΑΜΗΝΟΥ 2023 ΣΥΜΦΩΝΑ ΜΕ ΤΟ ΥΠ΄ΑΡΙΘΜ. Β1β/Γ.Π./οικ. 50231/2017 (ΦΕΚ 2255/Β/2017) ΚΑΙ ΣΥΜΦΩΝΑ ΜΕ ΤΙΣ ΔΙΑΤΑΞΕΙΣ ΤΟΥ Ν.5161/2024 αρθ.14 (ΦΕΚ 196/ τ.Α΄/29-11-2024),094495317,ΓΕΝΕΣΙΣ ΦΑΡΜΑ ΑΝΩΝΥΜΟΣ ΦΑΡΜΑΚΕΥΤΙΚΗ ΕΤΑΙΡΕΙΑ,31386.37,,1312β01
Ψ8ΜΞ4690ΒΩ-5ΥΖ,2025-04-25,: ΠΡΟΜΗΘΕΙΑ ΦΑΡΜΑΚΕΥΤΙΚΟΥ ΥΛΙΚΟΥ ΝΟΣΟΚΟΜΕΙΟΥ ΓΙΑ ΤΟΥΣ ΜΗΝΕΣ ΦΕΒΡΟΥΑΡΙΟ ΕΩΣ ΜΑΡΤΙΟ 2024 (ΓΔΟΥ/οικ.59434/31-7-2018) ΠΡΟΣΘΕΤΟ REBATE Α' ΕΞΑΜΗΝΟΥ 2023 THΣ ΠΑΡ.3 TOY AΡΘΡΟ 35 TOY N. 3918/2011) ΚΑΙ ΣΥΜΦΩΝΑ ΜΕ ΤΙΣ ΔΙΑΤΑΞΕΙΣ ΤΟΥ Ν.5161/2024 αρθ.14 (ΦΕΚ 196/ τ.Α΄/29-11-2024),094495317,ΓΕΝΕΣΙΣ ΦΑΡΜΑ ΑΝΩΝΥΜΟΣ ΦΑΡΜΑΚΕΥΤΙΚΗ ΕΤΑΙΡΕΙΑ,5231.06,,1312β01
68ΣΠ4690ΒΩ-4ΝΕ,2025-04-25,ΠΡΟΜΗΘΕΙΑ ΦΑΡΜΑΚΕΥΤΙΚΟΥ ΥΛΙΚΟΥ ΝΟΣΟΚΟΜΕΙΟΥ ΓΙΑ ΤΟΝ ΜΗΝΑ ΣΕΠΤΕΜΒΡΙΟΣ 2023 (ΓΔΟΥ/οικ.59434/31-7-2018) ΠΡΟΣΘΕΤΟ REBATE Α' ΕΞΑΜΗΝΟΥ 2023 THΣ ΠΑΡ.3 TOY AΡΘΡΟ 35 TOY N. 3918/2011) & ΣΥΜΦΩΝΑ ΜΕ ΤΙΣ ΔΙΑΤΑΞΕΙΣ ΤΟΥ Ν.5161/2024 αρθ.14 (ΦΕΚ 196/ τ.Α΄/29-11- 2024,095003061,ΛΕΟ ΦΑΡΜΑΚΕΥΤΙΚΗ ΕΛΛΑΣ ΜΟΝΟΠΡΟΣΩΠΗ ΑΝΩΝΥΜΗ ΕΤΑΙΡΕΙΑ,1519.96,,1312β01
9Ζ7Ε4690ΒΩ-Μ5Ι,2025-04-17,": ΥΔΡΕΥΣΗ ΚΑΙ ΑΡΔΕΥΣΗ  ΑΠΟ ΑΡΙΑΔΝΗ ΜΕ ΑΡΙΘΜΟ ΠΑΡΟΧΗΣ 19/2487 ΑΠΟ (01/01/2025-31/01/2025,01/02/2025-28/02/2025)",094228436,ΕΡΓΟΚΑΤΑΣΚΕΥΗ ΗΛΙΟΣ ΑΝΩΝΥΜΟΣ ΕΡΓΟΛΗΠΤΙΚΗ ΤΕΧΝΙΚΗ ΕΜΠΟΡΙΚΗ ΞΕΝΟΔΟΧΕΙΑΚΗ ΒΙΟΤΕΧΝΙΚΗ ΚΑΙ ΒΙΟΜΗΧΑΝΙΚΗ ΕΤΑΙΡΕΙΑ,475.7,,0841α05
ΨΓΚΜ4690ΒΩ-1ΙΓ,2025-04-17,"ΥΔΡΕΥΣΗ ΚΑΙ ΑΡΔΕΥΣΗ ΓΙΑ ΝΟΣΟΚΟΜΕΙΟ ΜΕ ΠΑΡΟΧΗ 19/2235  ΑΠΟ( 0/08/2024-31/08/2024,01/09/2024-30/09/2024, 01/10/202430/10/2024,01/11/2024-30/11/2024)",094228436,ΕΡΓΟΚΑΤΑΣΚΕΥΗ ΗΛΙΟΣ ΑΝΩΝΥΜΟΣ ΕΡΓΟΛΗΠΤΙΚΗ ΤΕΧΝΙΚΗ ΕΜΠΟΡΙΚΗ ΞΕΝΟΔΟΧΕΙΑΚΗ ΒΙΟΤΕΧΝΙΚΗ ΚΑΙ ΒΙΟΜΗΧΑΝΙΚΗ ΕΤΑΙΡΕΙΑ,985.89,,0841β01
9ΛΒ74690ΒΩ-37Υ,2025-04-17,"ΥΔΡΕΥΣΗ ΚΑΙ ΑΡΔΕΥΣΗ ΓΙΑ  ΝΟΣΟΚΟΜΕΙΟ ΜΕ ΠΑΡΟΧΗ 19/2235 ΑΠΟ (01/12/2024-31/12/2024,01/01/2025-31/01/2025,01/02/202528/02/2025)",094228436,ΕΡΓΟΚΑΤΑΣΚΕΥΗ ΗΛΙΟΣ ΑΝΩΝΥΜΟΣ ΕΡΓΟΛΗΠΤΙΚΗ ΤΕΧΝΙΚΗ ΕΜΠΟΡΙΚΗ ΞΕΝΟΔΟΧΕΙΑΚΗ ΒΙΟΤΕΧΝΙΚΗ ΚΑΙ ΒΙΟΜΗΧΑΝΙΚΗ ΕΤΑΙΡΕΙΑ,666.88,,0841α06
ΨΟΧ54690ΒΩ-Ω0Α,2025-04-17,"ΥΔΡΕΥΣΗ ΚΑΙ ΑΡΔΕΥΣΗ  ΓΙΑ ΝΟΣΟΚΟΜΕΙΟ ΜΕ ΠΑΡΟΧΗ 14733455 ΑΠΟ (01/10/2023-31/10/2023,01/11/2023-30/11/2023,01/12/202331/12/2023,01/01/2024-31/01/2024,01/02/2024-29/02/2024,01/03/2024-31/03/2024,01/04/2024-30/04/202401/05/2024-31/05/2024,01/06/202430/06/2024,01/072024-31/07/2024,01/08/2024-31/08/2024,01/09/2024-30/09/2024,01/10-2024-31/10/2024,01/11/2024-30/11/2024,01/12/202431/12/2024,01/01/2025-31/01/2025,01/02/2025-28/02/2025)",094228436,ΕΡΓΟΚΑΤΑΣΚΕΥΗ ΗΛΙΟΣ ΑΝΩΝΥΜΟΣ ΕΡΓΟΛΗΠΤΙΚΗ ΤΕΧΝΙΚΗ ΕΜΠΟΡΙΚΗ ΞΕΝΟΔΟΧΕΙΑΚΗ ΒΙΟΤΕΧΝΙΚΗ ΚΑΙ ΒΙΟΜΗΧΑΝΙΚΗ ΕΤΑΙΡΕΙΑ,15720.42,,0841α01
ΨΟΧ54690ΒΩ-Ω0Α,2025-04-17,"ΥΔΡΕΥΣΗ ΚΑΙ ΑΡΔΕΥΣΗ  ΓΙΑ ΝΟΣΟΚΟΜΕΙΟ ΜΕ ΠΑΡΟΧΗ 14733455 ΑΠΟ (01/10/2023-31/10/2023,01/11/2023-30/11/2023,01/12/202331/12/2023,01/01/2024-31/01/2024,01/02/2024-29/02/2024,01/03/2024-31/03/2024,01/04/2024-30/04/202401/05/2024-31/05/2024,01/06/202430/06/2024,01/072024-31/07/2024,01/08/2024-31/08/2024,01/09/2024-30/09/2024,01/10-2024-31/10/2024,01/11/2024-30/11/2024,01/12/202431/12/2024,01/01/2025-31/01/2025,01/02/2025-28/02/2025)",094228436,ΕΡΓΟΚΑΤΑΣΚΕΥΗ ΗΛΙΟΣ ΑΝΩΝΥΜΟΣ ΕΡΓΟΛΗΠΤΙΚΗ ΤΕΧΝΙΚΗ ΕΜΠΟΡΙΚΗ ΞΕΝΟΔΟΧΕΙΑΚΗ ΒΙΟΤΕΧΝΙΚΗ ΚΑΙ ΒΙΟΜΗΧΑΝΙΚΗ ΕΤΑΙΡΕΙΑ,128107.03,,0841β01
6Ξ2Ν4690ΒΩ-ΥΤΛ,2025-04-17,"ΚΑΤΑΒΟΛΗ ΠΟΣΟΥ ΣΕ ΕΚΤΕΛΕΣΗ ΤΗΣ ΥΠ ΑΡΙΘ. 843/2021 ΑΠΟΦΑΣΗ ΤΟΥ ΜΟΜΟΜΕΛΟΥΣ ΠΡΩΤΟΔΙΚΕΙΟΥ ΒΟΛΟΥ (ΔΙΑΔΙΚΑΣΙΑ ΑΣΦΑΛΙΣΤΙΚΑ ΜΕΤΡΑ ) 86Η ΔΟΣΗΣ ΔΙΑΚΑΝΟΝΙΣΜΟΥ ΟΦΕΙΛΩΝ ΝΟΣΟΚΟΜΕΙΟΥ , ΣΥΜΦΩΝΑ ΜΕ ΤΑ ΙΔΙΩΤΙΚΑ ΣΥΜΦΩΝΗΤΙΚΑ ΡΥΘΜΙΣΗΣ ΟΦΕΙΛΩΝ ΜΕ ΑΡΙΘ.20454,20463,20458 ΤΗΣ 23/11/17 ΤΗ ΓΝΩΜΑΤΕΥΣΗ ΜΕ ΑΡΙΘ.6305/20-03-2019 ΤΗΣ ΔΙΚΗΓΟΡΟΥ ΚΑΙ ΤΟ ΠΡΑΚΤΙΚΟ ΔΣ 13/04-04-2019 ΘΕΜΑ 7.",094228436,ΕΡΓΟΚΑΤΑΣΚΕΥΗ ΗΛΙΟΣ ΑΝΩΝΥΜΟΣ ΕΡΓΟΛΗΠΤΙΚΗ ΤΕΧΝΙΚΗ ΕΜΠΟΡΙΚΗ ΞΕΝΟΔΟΧΕΙΑΚΗ ΒΙΟΤΕΧΝΙΚΗ ΚΑΙ ΒΙΟΜΗΧΑΝΙΚΗ ΕΤΑΙΡΕΙΑ,25.0,,0841β06
6ΥΩΦ4690ΒΩ-24Γ,2025-04-17,"ΚΑΤΑΒΟΛΗ ΠΟΣΟΥ ΣΕ ΕΚΤΕΛΕΣΗ ΤΗΣ ΥΠ ΑΡΙΘ. 843/2021 ΑΠΟΦΑΣΗ ΤΟΥ ΜΟΜΟΜΕΛΟΥΣ ΠΡΩΤΟΔΙΚΕΙΟΥ ΒΟΛΟΥ (ΔΙΑΔΙΚΑΣΙΑ ΑΣΦΑΛΙΣΤΙΚΑ ΜΕΤΡΑ ) 86Η ΔΟΣΗΣ ΔΙΑΚΑΝΟΝΙΣΜΟΥ ΟΦΕΙΛΩΝ ΝΟΣΟΚΟΜΕΙΟΥ , ΣΥΜΦΩΝΑ ΜΕ ΤΑ ΙΔΙΩΤΙΚΑ ΣΥΜΦΩΝΗΤΙΚΑ ΡΥΘΜΙΣΗΣ ΟΦΕΙΛΩΝ ΜΕ ΑΡΙΘ.20454,20463,20458 ΤΗΣ 23/11/17 ΤΗ ΓΝΩΜΑΤΕΥΣΗ ΜΕ ΑΡΙΘ.6305/20-03-2019 ΤΗΣ ΔΙΚΗΓΟΡΟΥ ΚΑΙ ΤΟ ΠΡΑΚΤΙΚΟ ΔΣ 13/04-04-2019 ΘΕΜΑ 7.",094228436,ΕΡΓΟΚΑΤΑΣΚΕΥΗ ΗΛΙΟΣ ΑΝΩΝΥΜΟΣ ΕΡΓΟΛΗΠΤΙΚΗ ΤΕΧΝΙΚΗ ΕΜΠΟΡΙΚΗ ΞΕΝΟΔΟΧΕΙΑΚΗ ΒΙΟΤΕΧΝΙΚΗ ΚΑΙ ΒΙΟΜΗΧΑΝΙΚΗ ΕΤΑΙΡΕΙΑ,4504.0,,0841β01
6ΑΟ44690ΒΩ-9ΞΕ,2025-04-17,": ΚΑΤΑΒΟΛΗ ΠΟΣΟΥ ΣΕ ΕΚΤΕΛΕΣΗ ΤΗΣ ΥΠ ΑΡΙΘ. 843/2021 ΑΠΟΦΑΣΗ ΤΟΥ ΜΟΜΟΜΕΛΟΥΣ ΠΡΩΤΟΔΙΚΕΙΟΥ ΒΟΛΟΥ (ΔΙΑΔΙΚΑΣΙΑ ΑΣΦΑΛΙΣΤΙΚΑ ΜΕΤΡΑ ) 87Η ,88Η,89Η,90Η,ΔΟΣΗΣ ΔΙΑΚΑΝΟΝΙΣΜΟΥ ΟΦΕΙΛΩΝ ΝΟΣΟΚΟΜΕΙΟΥ , ΣΥΜΦΩΝΑ ΜΕ ΤΑ ΙΔΙΩΤΙΚΑ ΣΥΜΦΩΝΗΤΙΚΑ ΡΥΘΜΙΣΗΣ ΟΦΕΙΛΩΝ ΜΕ ΑΡΙΘ.20454,20463,20458 ΤΗΣ 23/11/17 ΤΗ ΓΝΩΜΑΤΕΥΣΗ ΜΕ ΑΡΙΘ.6305/20-03-2019 ΤΗΣ ΔΙΚΗΓΟΡΟΥ ΚΑΙ ΤΟ ΠΡΑΚΤΙΚΟ ΔΣ 13/04-04-2019",094228436,ΕΡΓΟΚΑΤΑΣΚΕΥΗ ΗΛΙΟΣ ΑΝΩΝΥΜΟΣ ΕΡΓΟΛΗΠΤΙΚΗ ΤΕΧΝΙΚΗ ΕΜΠΟΡΙΚΗ ΞΕΝΟΔΟΧΕΙΑΚΗ ΒΙΟΤΕΧΝΙΚΗ ΚΑΙ ΒΙΟΜΗΧΑΝΙΚΗ ΕΤΑΙΡΕΙΑ,100.0,,0841α06
Ψ95Π4690ΒΩ-Γ7Ξ,2025-04-17,"ΚΑΤΑΒΟΛΗ ΠΟΣΟΥ ΣΕ ΕΚΤΕΛΕΣΗ ΤΗΣ ΥΠ ΑΡΙΘ. 843/2021 ΑΠΟΦΑΣΗ ΤΟΥ ΜΟΜΟΜΕΛΟΥΣ ΠΡΩΤΟΔΙΚΕΙΟΥ ΒΟΛΟΥ (ΔΙΑΔΙΚΑΣΙΑ ΑΣΦΑΛΙΣΤΙΚΑ ΜΕΤΡΑ ) 87Η,88Η,89Η,90Η ΔΟΣΗΣ ΔΙΑΚΑΝΟΝΙΣΜΟΥ ΟΦΕΙΛΩΝ ΝΟΣΟΚΟΜΕΙΟΥ , ΣΥΜΦΩΝΑ ΜΕ ΤΑ ΙΔΙΩΤΙΚΑ ΣΥΜΦΩΝΗΤΙΚΑ ΡΥΘΜΙΣΗΣ ΟΦΕΙΛΩΝ ΜΕ ΑΡΙΘ.20454,20463,20458 ΤΗΣ 23/11/17 ΤΗ ΓΝΩΜΑΤΕΥΣΗ ΜΕ ΑΡΙΘ.6305/20-03-2019 ΤΗΣ ΔΙΚΗΓΟΡΟΥ ΚΑΙ ΤΟ ΠΡΑΚΤΙΚΟ ΔΣ 13/04-04-2019 ΘΕΜΑ 7.",094228436,ΕΡΓΟΚΑΤΑΣΚΕΥΗ ΗΛΙΟΣ ΑΝΩΝΥΜΟΣ ΕΡΓΟΛΗΠΤΙΚΗ ΤΕΧΝΙΚΗ ΕΜΠΟΡΙΚΗ ΞΕΝΟΔΟΧΕΙΑΚΗ ΒΙΟΤΕΧΝΙΚΗ ΚΑΙ ΒΙΟΜΗΧΑΝΙΚΗ ΕΤΑΙΡΕΙΑ,18016.0,,0841α01
9ΛΙΜ4690ΒΩ-ΡΔΧ,2025-04-17,": ΦΩΤΙΣΜΟΣ,ΚΙΝΗΣΗ,ΘΕΡΜΑΝΣΗ (ΜΕ ΗΛΕΚΤΡ. Η ΜΕ ΦΥΣΙΚΟ ΑΕΡΙΟ) ΝΟΣΟΚΟΜΕΙΟΥ ΜΕ ΠΑΡΟΧΗ 37491 ΑΠΟ (01/10/202431/10/2024,01/11/2024-30/11/2024,01/12/2024-31/12/2024,)",997998048,ΕΤΑΙΡΕΙΑ ΠΡΟΜΗΘΕΙΑΣ ΑΕΡΙΟΥ ΘΕΣΣΑΛΟΝΙΚΗΣ ΘΕΣΣΑΛΙΑΣ ΜΟΝΟΠΡΟΣΩΠΗ ΑΝΩΝΥΜΟΣ ΕΤΑΙΡΕΙΑ,103527.47,,0842α01
9ΛΙΜ4690ΒΩ-ΡΔΧ,2025-04-17,": ΦΩΤΙΣΜΟΣ,ΚΙΝΗΣΗ,ΘΕΡΜΑΝΣΗ (ΜΕ ΗΛΕΚΤΡ. Η ΜΕ ΦΥΣΙΚΟ ΑΕΡΙΟ) ΝΟΣΟΚΟΜΕΙΟΥ ΜΕ ΠΑΡΟΧΗ 37491 ΑΠΟ (01/10/202431/10/2024,01/11/2024-30/11/2024,01/12/2024-31/12/2024,)",997998048,ΕΤΑΙΡΕΙΑ ΠΡΟΜΗΘΕΙΑΣ ΑΕΡΙΟΥ ΘΕΣΣΑΛΟΝΙΚΗΣ ΘΕΣΣΑΛΙΑΣ ΜΟΝΟΠΡΟΣΩΠΗ ΑΝΩΝΥΜΟΣ ΕΤΑΙΡΕΙΑ,102898.42,,0842β01
Ψ4Θ64690ΒΩ-Κ7Φ,2025-04-17,"ΦΩΤΙΣΜΟΣ, ΚΙΝΗΣΗ,ΘΕΡΜΑΝΣΗ (ΜΕ ΗΛΕΚΤΡ.Η ΜΕ ΦΥΣΙΚΟ ΑΕΡΙΟ ΓΙΑ ΤΗΝ ΠΑΡΟΧΗ 37033460 ( ΑΠΟ 01/11/2024-30/11/2024)",997998048,ΕΤΑΙΡΕΙΑ ΠΡΟΜΗΘΕΙΑΣ ΑΕΡΙΟΥ ΘΕΣΣΑΛΟΝΙΚΗΣ ΘΕΣΣΑΛΙΑΣ ΜΟΝΟΠΡΟΣΩΠΗ ΑΝΩΝΥΜΟΣ ΕΤΑΙΡΕΙΑ,18619.59,,0842α01
ΡΗΦ84690ΒΩ-3Φ2,2025-04-16,"ΠΡΟΜΗΘΕΙΑ ΙΣΧΑΙΜΗΣ ΠΕΡΙΔΕΣΗΣ ΒΡΑΧΙΟΝΙΟΥ, ΜΗΝΟΣ ΙΟΥΛΙΟΥ 2024, ΧΩΡΙΣ ΣΥΜΒΑΣΗ, ΜΕ ΑΠΟΦΑΣΗ ΔΣ 28/19-6-24 Θ.9, ΣΥΜΦΩΝΑ ΜΕ ΤΙΣ ΔΙΑΤΑΞΕΙΣ ΤΟΥ Ν.5161/2024 αρθ.14 (ΦΕΚ 196/ τ.Α΄/29-11-2024)",802016290,MEDICIAL ΙΔΙΩΤΙΚΗ ΚΕΦΑΛΑΙΟΥΧΙΚΗ ΕΤΑΙΡΕΙΑ,275.23,,1439β01
ΡΟ5Σ4690ΒΩ-ΣΛΕ,2025-04-16,": ΕΠΙΣΚΕΥΗ ΤΗΣ ΣΥΣΚΕΥΗΣ ΗΛΕΚΤΡΟΘΕΡΑΠΕΙΑΣ GYMNA DUO 500, ΜΗΝΟΣ ΙΟΥΝΙΟΥ 2024, ΧΩΡΙΣ ΣΥΜΒΑΣΗ, ΜΕ ΑΠΟΦΑΣΗ ΔΣ 23/16-5-24 Θ.13, ΣΥΜΦΩΝΑ ΜΕ ΤΙΣ ΔΙΑΤΑΞΕΙΣ ΤΟΥ Ν.5161/2024 αρθ.14 (ΦΕΚ 196/ τ.Α΄/29-11-2024) ΝΟΣ",094508502,ΠΑΡΙΜΕΝΤ PARIMED ΙΑΤΡΙΚΟΣ ΕΞΟΠΛΙΣΜΟΣ ΑΝΩΝΥΜΗ ΕΤΑΙΡΕΙΑ,136.4,,0887β01
ΨΔ0Φ4690ΒΩ-ΤΓΣ,2025-04-16,"ΕΡΓΑΣΙΑ ΕΓΚΑΤΑΣΤΑΣΗΣ ΣΥΣΤΗΜΑΤΟΣ ΑΝΥΨΩΣΗΣ ΚΑΙ ΜΕΤΑΦΟΡΑΣ ΦΟΡΤΙΩΝ, ΜΗΝΟΣ ΑΥΓΟΥΣΤΟΥ 2024, ΧΩΡΙΣ ΣΥΜΒΑΣΗ, ΜΕ ΑΠΟΦΑΣΗ ΔΣ 32/8-7-24 Θ.25, ΣΥΜΦΩΝΑ ΜΕ ΤΙΣ ΔΙΑΤΑΞΕΙΣ ΤΟΥ Ν.5161/2024 αρθ.14 (ΦΕΚ 196/ τ.Α΄/29-11-2024) ΝΟΣ",099846608,ΧΑΛΑΤΣΗΣ ΒΑΣ Κ ΣΙΑ Ο Ε ΙΔΙΩΤΙΚΗ ΕΠΙΧΕΙΡΗΣΗ ΠΑΡΟΧΗΣ ΥΠΗΡΕΣΙΩΝ ΑΣΦΑΛΕΙΑΣ,1488.0,,0879β01
632Π4690ΒΩ-ΚΕ3,2025-04-16,"ΕΡΓΑΣΙΑ ΕΠΙΣΚΕΥΗΣ & ΣΥΝΤΗΡΗΣΗΣ ΔΙΑΦΟΡΩΝ ΕΡΓΑΛΕΙΩΝ ΒΪΟΙΑΣΤΡΙΚΗΣ (ΠΕΝΣΕΣ, ΨΑΛΙΔΙΑ, ΛΑΒΙΔΕΣ,ΚΟΦΤΕΣ) ΜΗΝΩΝ ΑΥΓΟΥΣΤΟΥ & ΟΚΤΩΒΡΙΟΥ 2024, ΧΩΡΙΣ ΣΥΜΒΑΣΗ, ΜΕ ΑΠΟΦΑΣΕΙΣ ΔΣ 33/25-7-24 Θ.4, 43/25-9-24 Θ.16, ΣΥΜΦΩΝΑ ΜΕ ΤΙΣ ΔΙΑΤΑΞΕΙΣ ΤΟΥ Ν.5161/2024 αρθ.14 (ΦΕΚ 196/ τ.Α΄/29-11-2024)",099965738,Α ΚΟΡΟΜΗΛΑΣ ΚΑΙ ΣΙΑ ΟΕ,1542.56,,0887β01
ΨΟ7Η4690ΒΩ-Ξ5Ξ,2025-04-16,"ΠΡΟΜ. ΠΡΟΜΗΘΕΙΑ ΑΝΤΑΛΛΑΚΤΙΚΩΝ ΓΙΑ ΤΗΝ ΕΠΙΣΚΕΥΗ ΑΝΕΛΚΥΣΤΗΡΑ ΚΨΥ, ΜΗΝΟΣ ΝΟΕΜΒΡΙΟΥ 2024, ΧΩΡΙΣ ΣΥΜΒΑΣΗ, ΜΕ ΑΠΟΦΑΣΗ ΔΣ 35/22-8-24 Θ.4 , ΣΥΜΦΩΝΑ ΜΕ ΤΙΣ ΔΙΑΤΑΞΕΙΣ ΤΟΥ Ν.5161/2024 αρθ.14 (ΦΕΚ 196/ τ.Α΄/29-11-2024)",800357297,Ι Δ ΚΩΝΣΤΑΝΤΟΠΟΥΛΟΣ ΕΓΚΑΤΑΣΤΑΣΗ ΕΠΙΣΚΕΥΗ ΣΥΝΤΗΡΗΣΗ ΚΑΤΑΣΚΕΥΗ Κ ΕΜΠΟΡΙΑ ΕΙΔΩΝ ΑΝΕΛΚΥΣΤΗΡΩΝ ΑΒΕΕ,1339.2,,1429β09
ΨΦΗ44690ΒΩ-Π2Υ,2025-04-16,"ΠΡΟΜΗΘΕΙΑ ΠΕΡΙΧΕΙΡΙΔΩΝ, ΚΑΛΩΔΙΩΝ, ΑΙΣΘΗΤΗΡΩΝ ΟΞΥΜΕΤΡΙΑΣ, ΜΗΝΩΝ ΙΟΥΛΙΟΥ, ΣΕΠΤΕΜΒΡΙΟΥ, ΟΚΤΩΒΡΙΟΥ & ΝΟΕΜΒΡΙΟΥ 2024, ΧΩΡΙΣ ΣΥΜΒΑΣΗ, ΜΕ ΑΠΟΦΑΣΕΙΣ ΔΣ 28/19-6-24 Θ.8 & Θ.9, 40/12-9-24 Θ.15, 43/25-9-24 Θ.16, ΣΥΜΦΩΝΑ ΜΕ ΤΙΣ ΔΙΑΤΑΞΕΙΣ ΤΟΥ Ν.5161/2024 αρθ.14 (ΦΕΚ 196/ τ.Α΄/29-11-2024)",099603280,NIVACO ΙΑΤΡΙΚΑ ΥΠΗΡΕΣΙΕΣ ΚΑΤΑΣΚΕΥΕΣ ΜΟΝΟΠΡΟΣΩΠΗ ΕΤΑΙΡΙΑ ΠΕΡΙΟΡΙΣΜΕΝΗΣ ΕΥΘΥΝΗΣ,1464.17,,1439β01
ΨΡΗΛ4690ΒΩ-9ΧΞ,2025-04-16,": ΠΡΟΜΗΘΕΙΑ ΚΟΜΟΔΙΝΩΝ ΝΟΣΗΛΕΙΑΣ, ΜΗΝΟΣ ΑΥΓΟΥΣΤΟΥ 2024, ΧΩΡΙΣ ΣΥΜΒΑΣΗ, ΜΕ ΑΠΟΦΑΣΗ ΔΣ 32/18-1-24 Θ.15, ΣΥΜΦΩΝΑ ΜΕ ΤΙΣ ΔΙΑΤΑΞΕΙΣ ΤΟΥ Ν.5161/2024 αρθ.14 (ΦΕΚ 196/ τ.Α΄/29-11-2024) ΝΟΣ",999495127,ΛΕΩΝΙΔΑΣ ΨΗΛΙΑΚΟΣ ΚΑΙ ΣΙΑ ΕΤΑΙΡΕΙΑ ΠΕΡΙΟΡΙΣΜΕΝΗΣ ΕΥΘΥΝΗΣ,1736.0,,7111β01
9ΡΣΜ4690ΒΩ-ΟΤΨ,2025-04-16,"ΠΡΟΜΗΘΕΙΑ ΑΝΤΑΛΛΑΚΤΙΚΩΝ ΓΙΑ ΤΗΝ ΕΠΙΣΚΕΥΗ ΚΑΜΕΡΑΣ TELECAM C-MOUNT & THN ΕΠΙΣΚΕΥΗ ΚΥΣΤΕΟΣΚΟΠΙΟΥ, ΜΗΝΩΝ ΙΟΥΝΙΟΥ & ΟΚΤΩΒΡΙΟΥ 2024, ΧΩΡΙΣ ΣΥΜΒΑΣΗ, ΜΕ ΑΠΟΦΑΣΕΙΣ ΔΣ 24/22-5-24 Θ.17 & 40/12-9-24 Θ.15, ΣΥΜΦΩΝΑ ΜΕ ΤΙΣ ΔΙΑΤΑΞΕΙΣ ΤΟΥ Ν.5161/2024 αρθ.14 (ΦΕΚ 196/ τ.Α΄/29-11-2024)",998361490,KARL STORZ ENDOSKOPE GREECE GMBH ΜΟΝΟΠΡΟΣΩΠΗ ΕΤΑΙΡΙΑ ΠΕΡΙΟΡΙΣΜΕΝΗΣ ΕΥΘΥΝΗΣ,1041.6,,1439β01
ΨΙΟ44690ΒΩ-ΧΓΙ,2025-04-16,": ΠΡΟΜΗΘΕΙΑ ΓΥΑΛΙΩΝ ΦΩΤΟΘΕΡΑΠΕΙΑΣ, ΑΙΜΟΣΤΑΤΙΚΟΥ ΔΙΑΛΥΜΑΤΟΣ, ΜΗΝΩΝ ΑΠΡΙΛΙΟΥ, ΜΑΪΟΥ & ΑΥΓΟΥΣΤΟΥ 2024, ΧΩΡΙΣ ΣΥΜΒΑΣΗ, ΜΕ ΑΠΟΦΑΣΕΙΣ ΔΣ 13/21-3-2024 Θ.9, 17/19-4-24 Θ.19 & 34/8-8-24 Θ.20, ΣΥΜΦΩΝΑ ΜΕ ΤΙΣ ΔΙΑΤΑΞΕΙΣ ΤΟΥ Ν.5161/2024 αρθ.14 (ΦΕΚ 196/ τ.Α΄/29-11-2024) ΝΟΣ",800888293,KLINIKUM PLUS ΜΟΝΟΠΡΟΣΩΠΗ Ι Κ Ε,1025.9,,1311β01
Ρ0ΟΒ4690ΒΩ-Ζ9Η,2025-04-16,": ΠΡΟΜ. ΡΟΟΜΕΤΡΩΝ ΦΙΑΛΩΝ ΜΕ ΥΓΡΑΝΤΗΡΑ, ΜΗΝΩΝ ΙΟΥΝΙΟΥ, ΙΟΥΛΙΟΥ & ΣΕΠΤΕΜΒΡΙΟΥ 2024, ΧΩΡΙΣ ΣΥΜΒΑΣΗ, ΜΕ ΑΠΟΦΑΣΕΙΣ ΔΣ 26/5-6-24 Θ.7, 32/18-7-24 Θ.24 & 40/12/9-24 Θ.7, ΣΥΜΦΩΝΑ ΜΕ ΤΙΣ ΔΙΑΤΑΞΕΙΣ ΤΟΥ Ν.5161/2024 αρθ.14 (ΦΕΚ 196/ τ.Α΄/29-11-2024) ΝΟΣ",800896490,Α ΤΡΙΑΝΤΑΦΥΛΛΟΠΟΥΛΟΣ Ε Ε,872.72,,1429β01
ΨΗ344690ΒΩ-Ε9Ι,2025-04-16,"ΠΡΟΜΗΘΕΙΑ ΤΑΜΠΛΕΤΩΝ ΚΑΘΑΡΙΣΜΟΥ ΚΛΙΒΑΝΟΥ, ΜΗΝΟΣ ΙΟΥΝΙΟΥ 2024, ΧΩΡΙΣ ΣΥΜΒΑΣΗ, ΜΕ ΑΠΟΦΑΣΗ ΔΣ 24/22-5-24 Θ.10, ΣΥΜΦΩΝΑ ΜΕ ΤΙΣ ΔΙΑΤΑΞΕΙΣ ΤΟΥ Ν.5161/2024 αρθ.14 (ΦΕΚ 196/ τ.Α΄/29-11-2024) ΝΟΣ",094371474,NEODENT ΑΝΩΝΥΜΟΣ ΕΤΑΙΡΕΙΑ,310.0,,1351β01
6ΞΣΙ4690ΒΩ-ΒΓΕ,2025-04-16,": ΠΡΟΜΗΘΕΙΑ ΑΠΟΣΤΕΙΡΩΜΕΝΩΝ ΤΑΙΝΙΩΝ ΦΛΟΥΟΡΟΣΚΕΙΝΗΣ, ΜΗΝΟΣ ΙΟΥΛΙΟΥ 2024, ΧΩΡΙΣ ΣΥΜΒΑΣΗ, ΜΕ ΑΠΟΦΑΣΗ ΔΣ 32/18-7-24 Θ.23, ΣΥΜΦΩΝΑ ΜΕ ΤΙΣ ΔΙΑΤΑΞΕΙΣ ΤΟΥ Ν.5161/2024 αρθ.14 (ΦΕΚ 196/ τ.Α΄/29-11-2024)",094264251,ΟΜΜΑ ΛΑΙΤ ΦΑΡΜΑΚΕΥΤΙΚΑ  ΟΠΤΙΚΑ  ΙΑΤΡΙΚΑ ΑΝΩΝ ΕΜΠ ΕΤΑΙΡΕΙΑ,105.4,,1311β01
6Ζ144690ΒΩ-Ω00,2025-04-16,": ΠΡΟΜΗΘΕΙΑ : ΜΕΛΑΝΟΤΑΙΝΙΕΣ EPSON, ΜΗΝΟΣ ΙΟΥΛΙΟΥ 2024, ΧΩΡΙΣ ΣΥΜΒΑΣΗ, ΜΕ ΑΠΟΦΑΣΗ ΔΣ 32/18-7-24 Θ.40, ΣΥΜΦΩΝΑ ΜΕ ΤΙΣ ΔΙΑΤΑΞΕΙΣ ΤΟΥ Ν.5161/2024 αρθ.14 (ΦΕΚ 196/ τ.Α΄/29-11-2024)",999125269,RETHINK ΑΕΒΕ ΕΡΕΥΝΑΣ ΔΙΑΧΕΙΡΙΣΗΣ ΚΑΙ ΑΞΙΟΠΟΙΗΣΗΣ ΥΓΡΩΝ ΚΑΙ ΣΤΕΡΕΩΝ ΑΠΟΒΛΗΤΩΝ ΕΜΠΟΡΙΑΣ ΕΙΔΩΝ ΠΛΗΡΟΦΟΡΙΚΗΣ ΚΑΙ ΑΝΑΚΑΤΑΣΚΕΥ,84.37,,1281β01
Ρ4ΗΟ4690ΒΩ-ΙΛΩ,2025-04-16,"ΠΡΟΜ. ΑΝΤΑΛΛΑΚΤΙΚΟΥ ΓΙΑ ΤΗΝ ΕΠΙΣΚΕΥΗ ΒΛΑΒΗΣ ΑΝΕΛΚΥΣΤΗΡΑ ΣΤΟΝ ΞΕΝΩΝΑ ΑΡΙΑΔΝΗ, ΜΗΝΟΣ ΣΕΠΤΕΜΒΡΙΟΥ 2024, ΧΩΡΙΣ ΣΥΜΒΑΣΗ, ΜΕ ΑΠΟΦΑΣΗ ΔΣ 35/22-8-24 Θ.3, ΣΥΜΦΩΝΑ ΜΕ ΤΙΣ ΔΙΑΤΑΞΕΙΣ ΤΟΥ Ν.5161/2024 αρθ.14 (ΦΕΚ 196/ τ.Α΄/29-11-2024)",800357297,Ι Δ ΚΩΝΣΤΑΝΤΟΠΟΥΛΟΣ ΕΓΚΑΤΑΣΤΑΣΗ ΕΠΙΣΚΕΥΗ ΣΥΝΤΗΡΗΣΗ ΚΑΤΑΣΚΕΥΗ Κ ΕΜΠΟΡΙΑ ΕΙΔΩΝ ΑΝΕΛΚΥΣΤΗΡΩΝ ΑΒΕΕ,148.0,,1429β05
6ΜΡΛ4690ΒΩ-ΖΒΨ,2025-04-16,"ΦΩΤΙΣΜΟΣ, ΚΙΝΗΣΗ,ΘΕΡΜΑΝΣΗ (ΜΕ ΗΛΕΚΤΡ.Η ΜΕ ΦΥΣΙΚΟ ΑΕΡΙΟ)ΣΧΟΛΗ ΑΓΡΙΑΣ ΓΙΑ ΤΗΝ ΠΑΡΟΧΗ 5299371 ΑΠΟ (25/05/202425/09/2024,26/09/2024-25/11/2024,26/11/2024-21/01/2025 ,26/11/2024-22/01/2025,22/03/2024-24/05/2024)",997998048,ΕΤΑΙΡΕΙΑ ΠΡΟΜΗΘΕΙΑΣ ΑΕΡΙΟΥ ΘΕΣΣΑΛΟΝΙΚΗΣ ΘΕΣΣΑΛΙΑΣ ΜΟΝΟΠΡΟΣΩΠΗ ΑΝΩΝΥΜΟΣ ΕΤΑΙΡΕΙΑ,1699.02,,0842α08
6ΜΡΛ4690ΒΩ-ΖΒΨ,2025-04-16,"ΦΩΤΙΣΜΟΣ, ΚΙΝΗΣΗ,ΘΕΡΜΑΝΣΗ (ΜΕ ΗΛΕΚΤΡ.Η ΜΕ ΦΥΣΙΚΟ ΑΕΡΙΟ)ΣΧΟΛΗ ΑΓΡΙΑΣ ΓΙΑ ΤΗΝ ΠΑΡΟΧΗ 5299371 ΑΠΟ (25/05/202425/09/2024,26/09/2024-25/11/2024,26/11/2024-21/01/2025 ,26/11/2024-22/01/2025,22/03/2024-24/05/2024)",997998048,ΕΤΑΙΡΕΙΑ ΠΡΟΜΗΘΕΙΑΣ ΑΕΡΙΟΥ ΘΕΣΣΑΛΟΝΙΚΗΣ ΘΕΣΣΑΛΙΑΣ ΜΟΝΟΠΡΟΣΩΠΗ ΑΝΩΝΥΜΟΣ ΕΤΑΙΡΕΙΑ,23.39,,0842β08
ΨΙΩΤ4690ΒΩ-ΗΤ9,2025-04-16,"ΠΡΟΜ. ΑΝΑΤΛΛΑΚΤΙΚΩΝ ΓΙΑ ΤΗΝ ΑΠΟΚΑΤΑΣΤΑΣΗ ΔΑΠΕΔΕΟΥ ΣΕ ΑΝΕΛΚΥΣΤΗΡΑ ΣΤΟ ΦΙΛΥΡΑ, ΜΗΝΟΣ ΜΑΪΟΥ 2024, ΧΩΡΙΣ ΣΥΜΒΑΣΗ, ΜΕ ΑΠΟΦΑΣΗ ΔΣ 17/19-4-24 Θ.10, ΣΥΜΦΩΝΑ ΜΕ ΤΙΣ ΔΙΑΤΑΞΕΙΣ ΤΟΥ Ν.5161/2024 αρθ.14 (ΦΕΚ 196/ τ.Α΄/29-11-2024)",800357297,Ι Δ ΚΩΝΣΤΑΝΤΟΠΟΥΛΟΣ ΕΓΚΑΤΑΣΤΑΣΗ ΕΠΙΣΚΕΥΗ ΣΥΝΤΗΡΗΣΗ ΚΑΤΑΣΚΕΥΗ Κ ΕΜΠΟΡΙΑ ΕΙΔΩΝ ΑΝΕΛΚΥΣΤΗΡΩΝ ΑΒΕΕ,930.0,,1429β06
90Ι34690ΒΩ-ΞΦΦ,2025-04-16,"ΠΡΟΜΗΘΕΙΑ ΦΟΡΗΤΟΥ Η/Υ, ΜΗΝΟΣ ΣΕΠΤΕΜΒΡΙΟΥ 2024, ΧΩΡΙΣ ΣΥΜΒΑΣΗ, ΜΕ ΑΠΟΦΑΣΗ ΔΣ 31/11-7-24 Θ.4, ΣΥΜΦΩΝΑ ΜΕ ΤΙΣ ΔΙΑΤΑΞΕΙΣ ΤΟΥ Ν.5161/2024 αρθ.14 (ΦΕΚ 196/ τ.Α΄/29-11-2024) ΔΙΕΚ ΑΓΡΙΑΣ",999125269,RETHINK ΑΕΒΕ ΕΡΕΥΝΑΣ ΔΙΑΧΕΙΡΙΣΗΣ ΚΑΙ ΑΞΙΟΠΟΙΗΣΗΣ ΥΓΡΩΝ ΚΑΙ ΣΤΕΡΕΩΝ ΑΠΟΒΛΗΤΩΝ ΕΜΠΟΡΙΑΣ ΕΙΔΩΝ ΠΛΗΡΟΦΟΡΙΚΗΣ ΚΑΙ ΑΝΑΚΑΤΑΣΚΕΥ,464.76,,7123β08
Ψ2ΚΖ4690ΒΩ-3Ν2,2025-04-16,": ΠΡΟΜΗΘΕΙΑ ΚΑΡΤΑΣ CISCO, ΣΤΑΘΜΟΥ ΘΕΡΜΟΥ ΑΕΡΑ, ΣΤΑΘΜΟΥ ΚΟΛΛΗΣΗΣ-ΑΠΟΚΟΛΛΗΣΗΣ, ΜΗΝΟΣ ΣΕΠΤΕΜΒΡΙΟΥ 2024, ΧΩΡΙΣ ΣΥΜΒΑΣΗ, ΜΕ ΑΠΟΦΑΣΗ ΔΣ 31/11-7-24 Θ.4, ΣΥΜΦΩΝΑ ΜΕ ΤΙΣ ΔΙΑΤΑΞΕΙΣ ΤΟΥ Ν.5161/2024 αρθ.14 (ΦΕΚ 196/ τ.Α΄/29-11-2024) ΝΟΣ",999125269,RETHINK ΑΕΒΕ ΕΡΕΥΝΑΣ ΔΙΑΧΕΙΡΙΣΗΣ ΚΑΙ ΑΞΙΟΠΟΙΗΣΗΣ ΥΓΡΩΝ ΚΑΙ ΣΤΕΡΕΩΝ ΑΠΟΒΛΗΤΩΝ ΕΜΠΟΡΙΑΣ ΕΙΔΩΝ ΠΛΗΡΟΦΟΡΙΚΗΣ ΚΑΙ ΑΝΑΚΑΤΑΣΚΕΥ,438.96,,7123β01
6ΙΩ94690ΒΩ-ΥΜ8,2025-04-16,": ΠΡΟΜΗΘΕΙΑ ΚΑΤΑΓΡΑΦΙΚΟΥ ΦΩΤΟΓΡΑΦΙΚΟΥ ΧΑΡΤΙΟΥ, ΜΗΝΟΣ ΣΕΠΤΕΜΒΡΙΟΥ 2024, ΧΩΡΙΣ ΣΥΜΒΑΣΗ, ΜΕ ΑΠΟΦΑΣΗ ΔΣ 39/5-9-24 Θ.5, ΣΥΜΦΩΝΑ ΜΕ ΤΙΣ ΔΙΑΤΑΞΕΙΣ ΤΟΥ Ν.5161/2024 αρθ.14 (ΦΕΚ 196/ τ.Α΄/29-11-2024)",095083787,THERMOGRAFICA HELLAS ΕΠΕ,458.8,,1439β01
ΨΞΛΠ4690ΒΩ-15Α,2025-04-16,"ΕΠΙΣΚΕΥΗ ΑΝΑΛΥΤΗ ΑΝΟΣΟΪΣΤΟΧΗΜΕΙΑΣ LEICA BOND MAX, ΜΗΝΟΣ ΣΕΠΤΕΜΒΡΙΟΥ 2024, ΧΩΡΙΣ ΣΥΜΒΑΣΗ, ΜΕ ΑΠΟΦΑΣΗ ΔΣ 40/12-9-24 Θ.15, ΣΥΜΦΩΝΑ ΜΕ ΤΙΣ ΔΙΑΤΑΞΕΙΣ ΤΟΥ Ν.5161/2024 αρθ.14 (ΦΕΚ 196/ τ.Α΄/29-11-2024)",094138676,ΒΙΟΔΥΝΑΜΙΚΗ ΑΝΩΝΥΜΟΣ ΕΜΠΟΡΙΚΗ ΤΕΧΝΙΚΗ ΚΑΙ ΒΙΟΜΗΧΑΝΙΚΗ ΕΤΑΙΡΕΙΑ,651.0,,0887β01
Ψ2Ο64690ΒΩ-7Ψ5,2025-04-16,"ΣΥΝΤΗΡΗΣΗ ΚΑΙ ΕΠΙΣΚΕΥΗ ΒΙΟΪΑΤΡΙΚΟΥ ΕΞΟΠΛΙΣΜΟΥ (ΛΑΒΙΔΕΣ, ΛΑΠΑΡΟΣΚΟΠΙΚΑ ΨΑΛΙΔΙΑ, ΚΥΣΤΕΟΣΚΟΠΙΑ), ΜΗΝΩΝ ΜΑΪΟΥ & ΟΚΤΩΒΡΙΟΥ 2024, ΧΩΡΙΣ ΣΥΜΒΑΣΗ, ΜΕ ΑΠΟΦΑΣΕΙΣ ΔΣ 23/16-5-24 Θ.13 & 43/25-9-24 Θ.16, ΣΥΜΦΩΝΑ ΜΕ ΤΙΣ ΔΙΑΤΑΞΕΙΣ ΤΟΥ Ν.5161/2024 αρθ.14 (ΦΕΚ 196/ τ.Α΄/29-11-2024) ΝΟΣ",997626498,APOLLON MEDICAL ΙΑΤΡΙΚΑ ΕΙΔΗ ΜΟΝΟΠΡΟΣΩΠΗ ΕΤΑΙΡΕΙΑ ΠΕΡΙΟΡΙΣΜΕΝΗΣ ΕΥΘΥΝΗΣ,1070.12,,0887β01
ΨΙΩ44690ΒΩ-ΧΑΘ,2025-04-16,": ΦΩΤΙΣΜΟΣ,ΚΙΝΗΣΗ ,ΘΕΡΜΑΝΣΗ(ΜΕ ΗΛΕΚΤΡ.Η ΜΕ ΦΥΣΙΚΟ ΑΕΡΙΟ) ΑΡΙΑΔΝΗ ΓΙΑ ΤΗΝ ΠΑΡΟΧΗ(24009987 ΑΠΟ 23/05/20242309/2024,24/09/2024-21/11/2024,22/11/2024-31/12/2024,22/11/2024-21/01/2025,22/01/2025-28/02/2025)",997998048,ΕΤΑΙΡΕΙΑ ΠΡΟΜΗΘΕΙΑΣ ΑΕΡΙΟΥ ΘΕΣΣΑΛΟΝΙΚΗΣ ΘΕΣΣΑΛΙΑΣ ΜΟΝΟΠΡΟΣΩΠΗ ΑΝΩΝΥΜΟΣ ΕΤΑΙΡΕΙΑ,4759.01,,0842α05
ΨΙΩ44690ΒΩ-ΧΑΘ,2025-04-16,": ΦΩΤΙΣΜΟΣ,ΚΙΝΗΣΗ ,ΘΕΡΜΑΝΣΗ(ΜΕ ΗΛΕΚΤΡ.Η ΜΕ ΦΥΣΙΚΟ ΑΕΡΙΟ) ΑΡΙΑΔΝΗ ΓΙΑ ΤΗΝ ΠΑΡΟΧΗ(24009987 ΑΠΟ 23/05/20242309/2024,24/09/2024-21/11/2024,22/11/2024-31/12/2024,22/11/2024-21/01/2025,22/01/2025-28/02/2025)",997998048,ΕΤΑΙΡΕΙΑ ΠΡΟΜΗΘΕΙΑΣ ΑΕΡΙΟΥ ΘΕΣΣΑΛΟΝΙΚΗΣ ΘΕΣΣΑΛΙΑΣ ΜΟΝΟΠΡΟΣΩΠΗ ΑΝΩΝΥΜΟΣ ΕΤΑΙΡΕΙΑ,862.13,,0842β05
63084690ΒΩ-3ΩΕ,2025-04-16,"ΦΩΤΙΣΜΟΣ, ΚΙΝΗΣΗ,ΘΕΡΜΑΝΣΗ (ΜΕ ΗΛΕΚΤΡ.Η ΜΕ ΦΥΣΙΚΟ ΑΕΡΙΟ)ΚΨΥ  ΜΕ ΠΑΡΟΧΗ  3156860 ΑΠΟ (24/05/2024-23/09/2024,24/09/2425/11/2024,26/11/2024-31/12/2024,26/11/2024-23/01/2025",997998048,ΕΤΑΙΡΕΙΑ ΠΡΟΜΗΘΕΙΑΣ ΑΕΡΙΟΥ ΘΕΣΣΑΛΟΝΙΚΗΣ ΘΕΣΣΑΛΙΑΣ ΜΟΝΟΠΡΟΣΩΠΗ ΑΝΩΝΥΜΟΣ ΕΤΑΙΡΕΙΑ,3275.17,,0842α09
63084690ΒΩ-3ΩΕ,2025-04-16,"ΦΩΤΙΣΜΟΣ, ΚΙΝΗΣΗ,ΘΕΡΜΑΝΣΗ (ΜΕ ΗΛΕΚΤΡ.Η ΜΕ ΦΥΣΙΚΟ ΑΕΡΙΟ)ΚΨΥ  ΜΕ ΠΑΡΟΧΗ  3156860 ΑΠΟ (24/05/2024-23/09/2024,24/09/2425/11/2024,26/11/2024-31/12/2024,26/11/2024-23/01/2025",997998048,ΕΤΑΙΡΕΙΑ ΠΡΟΜΗΘΕΙΑΣ ΑΕΡΙΟΥ ΘΕΣΣΑΛΟΝΙΚΗΣ ΘΕΣΣΑΛΙΑΣ ΜΟΝΟΠΡΟΣΩΠΗ ΑΝΩΝΥΜΟΣ ΕΤΑΙΡΕΙΑ,895.02,,0842β09
ΨΞΨΦ4690ΒΩ-ΣΙ6,2025-04-16,": ΕΠΙΣΚΕΥΗ ΚΛΙΝΗΣ ACCELA THERAPY, ΜΗΝΟΣ ΣΕΠΤΕΜΒΡΙΟΥ 2024, ΧΩΡΙΣ ΣΥΜΒΑΣΗ, ΜΕ ΑΠΟΦΑΣΗ ΔΣ 39/5-9-24 Θ.5, ΣΥΜΦΩΝΑ ΜΕ ΤΙΣ ΔΙΑΤΑΞΕΙΣ ΤΟΥ Ν.5161/2024 αρθ.14 (ΦΕΚ 196/ τ.Α΄/29-11-2024) ΝΟΣ",099770660,ΝΙΚΟΣ ΧΑΤΖΗΙΩΑΝΝΙΔΗΣ ΠΑΡΟΧΗ ΥΠΗΡΕΣΙΩΝ ΚΑΙ ΕΞΟΠΛΙΣΜΟΥ ΣΤΟ ΧΩΡΟ ΤΗΣ ΥΓΕΙΑΣ ΚΑΙ ΤΗΣ ΑΙΣΘΗΤΙΚΗΣ ΑΝΩΝΥΜΗ ΕΤΑΙΡΙΑ,669.6,,0887β01
ΨΘΗΞ4690ΒΩ-43Ρ,2025-04-16,"ΦΩΤΙΣΜΟΣ,ΚΙΝΗΣΗ,ΘΕΡΜΑΝΣΗ (ΜΕ ΗΛΕΚΤΡ. Η ΜΕ ΦΥΣΙΚΟ ΑΕΡΙΟ)ΝΟΣΟΚΟΜΕΙΟΥ ΜΕ ΠΑΡΟΧΗ 040425337 ΑΠΟ (04/05/24- 03/09/2024,04/09/2024-17/10/2024,18/10/2024-16/12/2024,17/12/2024-17/02/2025) .",997998048,ΕΤΑΙΡΕΙΑ ΠΡΟΜΗΘΕΙΑΣ ΑΕΡΙΟΥ ΘΕΣΣΑΛΟΝΙΚΗΣ ΘΕΣΣΑΛΙΑΣ ΜΟΝΟΠΡΟΣΩΠΗ ΑΝΩΝΥΜΟΣ ΕΤΑΙΡΕΙΑ,387.53,,0842α01
ΨΘΗΞ4690ΒΩ-43Ρ,2025-04-16,"ΦΩΤΙΣΜΟΣ,ΚΙΝΗΣΗ,ΘΕΡΜΑΝΣΗ (ΜΕ ΗΛΕΚΤΡ. Η ΜΕ ΦΥΣΙΚΟ ΑΕΡΙΟ)ΝΟΣΟΚΟΜΕΙΟΥ ΜΕ ΠΑΡΟΧΗ 040425337 ΑΠΟ (04/05/24- 03/09/2024,04/09/2024-17/10/2024,18/10/2024-16/12/2024,17/12/2024-17/02/2025) .",997998048,ΕΤΑΙΡΕΙΑ ΠΡΟΜΗΘΕΙΑΣ ΑΕΡΙΟΥ ΘΕΣΣΑΛΟΝΙΚΗΣ ΘΕΣΣΑΛΙΑΣ ΜΟΝΟΠΡΟΣΩΠΗ ΑΝΩΝΥΜΟΣ ΕΤΑΙΡΕΙΑ,215.52,,0842β01
Ψ5ΥΔ4690ΒΩ-Ι0Ξ,2025-04-16,"ΠΡΟΜΗΘΕΙΑ ΚΑΛΥΜΑΤΩΝ ΟΡΘΟΠΑΝΤΟΓΡΑΦΟΥ, ΜΗΝΟΣ ΟΚΤΩΒΡΙΟΥ 2024, ΧΩΡΙΣ ΣΥΜΒΑΣΗ, ΜΕ ΑΠΟΦΑΣΗ ΔΣ 33/25-7-24 Θ.19, ΣΥΜΦΩΝΑ ΜΕ ΤΙΣ ΔΙΑΤΑΞΕΙΣ ΤΟΥ Ν.5161/2024 αρθ.14 (ΦΕΚ 196/ τ.Α΄/29-11-2024)",094134087,SADENT A E B E,372.0,,1311β01
9ΧΧ64690ΒΩ-8ΓΥ,2025-04-16,"ΠΡΟΜ. ΠΡΑΣΙΝΩΝ ΤΕΤΡΑΓΩΝΩΝ ΥΦΑΣΜΑΤΩΝ (ΠΕΔΙΑ) ΜΗΝΟΣ ΑΥΓΟΥΣΤΟΥ 2024, ΧΩΡΙΣ ΣΥΜΒΑΣΗ, ΜΕ ΑΠΟΦΑΣΗ ΔΣ 32/18-7-24 Θ.40, ΣΥΜΦΩΝΑ ΜΕ ΤΙΣ ΔΙΑΤΑΞΕΙΣ ΤΟΥ Ν.5161/2024 αρθ.14 (ΦΕΚ 196/ τ.Α΄/29-11-2024)",801383798,CHEVAL HELLAS Ο Ε,946.62,,1529β01
9ΥΙΣ4690ΒΩ-ΠΨΛ,2025-04-16,": ΠΡΟΜΗΘΕΙΑ ΔΟΧΕΙΟΥ ΝΕΡΟΥ ΓΙΑ ΤΟΝ ΕΠΕΞΕΡΓΑΣΤΗ FUJIFILM EPX-2500, ΜΗΝΟΣ ΣΕΠΤΕΜΒΡΙΟΥ 2025, ΧΩΡΙΣ ΣΥΜΒΑΣΗ, ΜΕ ΑΠΟΦΑΣΗ ΔΣ 39/5-9-24 Θ.5, ΣΥΜΦΩΝΑ ΜΕ ΤΙΣ ΔΙΑΤΑΞΕΙΣ ΤΟΥ Ν.5161/2024 αρθ.14 (ΦΕΚ 196/ τ.Α΄/29-11-2024)",094504367,ΕΝΔΟΣΚΟΠΙΚΗ ΑΝΩΝΥΜΟΣ ΕΜΠΟΡΙΚΗ ΕΤΑΙΡΕΙΑ ΙΑΤΡΙΚΩΝ ΕΙΔΩΝ,376.96,,1439β01
9ΩΣ94690ΒΩ-ΝΨΞ,2025-04-16,": ΠΡΟΜΗΘΕΙΑ ΑΙΣΘΗΤΗΡΩΝ ΟΞΥΜΕΤΡΙΑΣ, ΜΗΝΟΣ ΙΟΥΝΙΟΥ 2024, ΧΩΡΙΣ ΣΥΜΒΑΣΗ, ΜΕ ΑΠΟΦΑΣΗ ΔΣ 5/8-2-24 Θ.16, ΣΥΜΦΩΝΑ ΜΕ ΤΙΣ ΔΙΑΤΑΞΕΙΣ ΤΟΥ Ν.5161/2024 αρθ.14 (ΦΕΚ 196/ τ.Α΄/29-11-2024)",801938796,BMG EQUIPMENT ΜΟΝΟΠΡΟΣΩΠΗ Ι Κ Ε,259.16,,1439β01
65ΗΙ4690ΒΩ-ΘΦΙ,2025-04-16,"ΠΡΟΜΗΘΕΙΑ ΠΛΑΚΩΝ ΓΕΙΩΣΗΣ, ΜΗΝΟΣ ΑΥΓΟΥΣΤΟΥ 2024, ΧΩΡΙΣ ΣΥΜΒΑΣΗ, ΜΕ ΑΠΟΦΑΣΗ ΔΣ 32/18-7-24 Θ.22 & 33/25-7-24 Θ.19, ΣΥΜΦΩΝΑ ΜΕ ΤΙΣ ΔΙΑΤΑΞΕΙΣ ΤΟΥ Ν.5161/2024 αρθ.14 (ΦΕΚ 196/ τ.Α΄/29-11-2024)",800642060,DENOVO ΙΔΙΩΤΙΚΗ ΚΕΦΑΛΑΙΟΥΧΙΚΗ ΕΤΑΙΡΕΙΑ,843.2,,1311β01
620Π4690ΒΩ-ΒΣ1,2025-04-16,": ΠΡΟΜΗΘΕΙΑ ΡΟΛΛΩΝ ΓΑΖΑΣ ΑΠΛΗΣ, ΜΗΝΟΣ ΑΥΓΟΥΣΤΟΥ 2024, ΧΩΡΙΣ ΣΥΜΒΑΣΗ, ΜΕ ΑΠΟΦΑΣΗ ΔΣ 34/8-8-24 Θ.24, ΣΥΜΦΩΝΑ ΜΕ ΤΙΣ ΔΙΑΤΑΞΕΙΣ ΤΟΥ Ν.5161/2024 αρθ.14 (ΦΕΚ 196/ τ.Α΄/29-11-2024)",801043454,HIPPOKRATIS ΑΝΩΝΥΜΗ ΕΤΑΙΡΙΑ,567.3,,1311β01
6Ν884690ΒΩ-ΖΑΙ,2025-04-16,": ΠΡΟΜ. ΕΠΙΤΟΙΧΙΑΣ ΑΝΑΡΡΟΦΗΣΗΣ , ΜΗΝΟΣ ΜΑΪΟΥ 2024, ΧΩΡΙΣ ΣΥΜΒΑΣΗ, ΜΕ ΑΠΟΦΑΣΗ ΔΣ 9/22-2-24 Θ.10,ΣΥΜΦΩΝΑ ΜΕ ΤΙΣ ΔΙΑΤΑΞΕΙΣ ΤΟΥ Ν.5161/2024 αρθ.14 (ΦΕΚ 196/ τ.Α΄/29-11-2024) ΝΟΣ",999079132,REVIVAL ΑΝΩΝΥΜΗ ΕΜΠΟΡΙΚΗ  ΒΙΟΜΗΧΑΝΙΚΗ ΚΑΙ ΤΕΧΝΙΚΗ ΕΤΑΙΡΕΙΑ,208.32,,1429β01
93414690ΒΩ-5Μ2,2025-04-16,"ΠΡΟΜΗΘΕΙΑ ΑΙΣΘΗΤΗΡΩΝ ΟΞΥΜΕΤΡΙΑΣ & ΚΑΛΩΔΙΩΝ, ΜΗΝΟΣ ΑΠΡΙΛΙΟΥ 2024, ΧΩΡΙΣ ΣΥΜΒΑΣΗ, ΜΕ ΑΠΟΦΑΣΗ ΔΣ 17/19-4-24 Θ.16, ΣΥΜΦΩΝΑ ΜΕ ΤΙΣ ΔΙΑΤΑΞΕΙΣ ΤΟΥ Ν.5161/2024 αρθ.14 (ΦΕΚ 196/ τ.Α΄/29-11-2024)",094497279,SANTAIR ΑΝΩΝΥΜΗ ΕΤΑΙΡΙΑ ΙΑΤΡΙΚΩΝ ΕΦΑΡΜΟΓΩΝ,1432.2,,1439β01
9ΗΕΣ4690ΒΩ-Ζ2Μ,2025-04-16,"ΕΡΓΑΣΙΕΣ ΕΠΙΣΚΕΥΗΣ ΚΑΜΕΡΑΣ TELECAM C-MOUNT & ΛΑΒΙΔΑΣ ΣΥΛΛΗΨΗΣ , ΜΗΝΩΝ ΙΟΥΝΙΟΥ & ΑΥΓΟΥΣΤΟΥ 2024, ΧΩΡΙΣ ΣΥΜΒΑΣΗ, ΜΕ ΑΠΟΦΑΣΕΙΣ ΔΣ 24/22-5-24 Θ.17 & 33/25-7-24 Θ.4, ΣΥΜΦΩΝΑ ΜΕ ΤΙΣ ΔΙΑΤΑΞΕΙΣ ΤΟΥ Ν.5161/2024 αρθ.14 (ΦΕΚ 196/ τ.Α΄/29-11-2024)",998361490,KARL STORZ ENDOSKOPE GREECE GMBH ΜΟΝΟΠΡΟΣΩΠΗ ΕΤΑΙΡΙΑ ΠΕΡΙΟΡΙΣΜΕΝΗΣ ΕΥΘΥΝΗΣ,1289.6,,0887β01
9ΓΝ34690ΒΩ-1ΗΡ,2025-04-16,"ΠΡΟΜΗΘΕΙΑ ΠΟΛΥΑΥΛΙΚΩΝ ΠΑΡΟΧΕΤΕΥΣΕΩΝ, ΜΗΝΩΝ ΙΟΥΝΙΟΥ & ΣΕΠΤΕΜΒΡΙΟΥ 2024, ΧΩΡΙΣ ΣΥΜΒΑΣΕΙΣ ΜΕ ΑΠΟΦΑΣΕΙΣ ΔΣ 24/22-5-24 Θ.9 & 39/5-9-24 Θ.17, ΣΥΜΦΩΝΑ ΜΕ ΤΙΣ ΔΙΑΤΑΞΕΙΣ ΤΟΥ Ν.5161/2024 αρθ.14 (ΦΕΚ 196/ τ.Α΄/29-11-2024) ΝΟΣ",997673950,SCIBA ΑΝΩΝΥΜΗ ΕΙΣΑΓΩΓΙΚΗ ΕΞΑΓΩΓΙΚΗ ΕΤΑΙΡΕΙΑ ΕΙΔΩΝ ΚΑΙ ΥΠΗΡΕΣΙΩΝ ΥΓΕΙΑΣ,940.16,,1311β01
ΨΓ204690ΒΩ-ΞΚΦ,2025-04-16,"ΠΡΟΜΗΘΕΙΑ ΑΛΟΥΜΙΝΟΝΕΡΟΥ, ΜΗΝΟΣ ΙΟΥΛΙΟΥ 2024 , ΧΩΡΙΣ ΣΥΜΒΑΣΗ, ΜΕ ΑΠΟΦΑΣΗ ΔΣ 31/11-7-24 Θ. 8, ΣΥΜΦΩΝΑ ΜΕ ΤΙΣ ΔΙΑΤΑΞΕΙΣ ΤΟΥ Ν.5161/2024 αρθ.14 (ΦΕΚ 196/ τ.Α΄/29-11-2024) ΝΟΣ",800896490,Α ΤΡΙΑΝΤΑΦΥΛΛΟΠΟΥΛΟΣ Ε Ε,92.63,,1359β01
61ΠΑ4690ΒΩ-Φ9Η,2025-04-14,: ΠΡΟΜΗΘΕΙΑ ΦΑΡΜΑΚΕΥΤΙΚΟΥ ΥΛΙΚΟΥ ΝΟΣΟΚΟΜΕΙΟΥ ΓΙΑ ΤΟΥΣ ΜΗΝΕΣ ΔΕΚΕΜΒΡΙΟ 2023 ΕΩΣ ΑΠΡΙΛΙΟ 2024 (ΓΔΟΥ/οικ.59434/31-7- 2018) ΠΡΟΣΘΕΤΟ CLAW BACK Β΄ ΕΞΑΜΗΝΟΥ 2022 ΣΥΜΦΩΝΑ ΜΕ ΤΟ ΥΠ΄ΑΡΙΘΜ. Β1β/Γ.Π./οικ. 50231/2017 (ΦΕΚ 2255/Β/2017) ΚΑΙ ΣΥΜΦΩΝΑ ΜΕ ΤΙΣ ΔΙΑΤΑΞΕΙΣ ΤΟΥ Ν.5161/2024 αρθ.14 (ΦΕΚ 196/ τ.Α΄/29-11-2024),800543881,KARIAN ΙKE,2241.87,,1312β01
ΨΚΩ74690ΒΩ-ΜΤΔ,2025-04-14,: ΠΡΟΜΗΘΕΙΑ ΦΑΡΜΑΚΕΥΤΙΚΟΥ ΥΛΙΚΟΥ ΝΟΣΟΚΟΜΕΙΟΥ ΓΙΑ ΤΟΥΣ ΜΗΝΕΣ ΑΠΡΙΛΙΟ - ΙΟΥΛΙΟ 2024 (ΓΔΟΥ/οικ.59434/31-7-2018) ΠΡΟΣΘΕΤΟ REBATE Α' ΕΞΑΜΗΝΟΥ 2023 THΣ ΠΑΡ.3 TOY AΡΘΡΟ 35 TOY N. 3918/2011) ΚΑΙ ΣΥΜΦΩΝΑ ΜΕ ΤΙΣ ΔΙΑΤΑΞΕΙΣ ΤΟΥ Ν.5161/2024 αρθ.14 (ΦΕΚ 196/ τ.Α΄/29-11-2024,999497907,FERRING ΕΛΛΑΣ ΦΑΡΜΑΚΕΥΤΙΚΗ ΜΟΝΟΠΡΟΣΩΠΗ ΕΤΑΙΡΕΙΑ ΠΕΡΙΟΡΙΣΜΕΝΗΣ ΕΥΘΥΝΗΣ,1109.53,,1312β01
6ΗΝΛ4690ΒΩ-Γ7Γ,2025-04-14,ΠΡΟΜΗΘΕΙΑ ΦΑΡΜΑΚΕΥΤΙΚΟΥ ΥΛΙΚΟΥ ΝΟΣΟΚΟΜΕΙΟΥ ΓΙΑ ΤΟΥΣ ΜΗΝΕΣ IOYNIO ΕΩΣ ΑΥΓΟΥΣΤΟ 2023 (ΓΔΟΥ/οικ.59434/31-7-2018) ΠΡΟΣΘΕΤΟ CLAW BACK A΄ ΕΞΑΜΗΝΟΥ 2023 ΣΥΜΦΩΝΑ ΜΕ ΤΟ ΥΠ΄ΑΡΙΘΜ. Β1β/Γ.Π./οικ. 50231/2017 (ΦΕΚ 2255/Β/2017) ΚΑΙ ΣΥΜΦΩΝΑ ΜΕ ΤΙΣ ΔΙΑΤΑΞΕΙΣ ΤΟΥ Ν.5161/2024 αρθ.14 (ΦΕΚ 196/ τ.Α΄/29-11-2024),094076485,SANOFI AVENTIS ΜΟΝΟΠΡΟΣΩΠΗ ΑΝΩΝΥΜΗ ΕΜΠΟΡΙΚΗ ΚΑΙ ΒΙΟΜΗΧΑΝΙΚΗ ΕΤΑΙΡΙΑ ΦΑΡΜΑΚΕΥΤΙΚΩΝ ΠΡΟΙΟΝΤΩΝ,199847.06,,1312β01
6ΣΙΛ4690ΒΩ-Κ1Ξ,2025-04-14,ΠΡΟΜΗΘΕΙΑ ΦΑΡΜΑΚΕΥΤΙΚΟΥ ΥΛΙΚΟΥ ΝΟΣΟΚΟΜΕΙΟΥ ΓΙΑ ΤΟΥΣ ΜΗΝΕΣ ΟΚΤΩΒΡΙΟ 2023 ΕΩΣ ΜΑΡΤΙΟ 2024 (ΓΔΟΥ/οικ.59434/31-7-2018) ΠΡΟΣΘΕΤΟ CLAW BACK A΄ ΕΞΑΜΗΝΟΥ 2023 ΣΥΜΦΩΝΑ ΜΕ ΤΟ ΥΠ΄ΑΡΙΘΜ. Β1β/Γ.Π./οικ. 50231/2017 (ΦΕΚ 2255/Β/2017) ΚΑΙ ΣΥΜΦΩΝΑ ΜΕ ΤΙΣ ΔΙΑΤΑΞΕΙΣ ΤΟΥ Ν.5161/2024 αρθ.14 (ΦΕΚ 196/ τ.Α΄/29-11-2024),094012336,ΠΦΑΙΖΕΡ ΕΛΛΑΣ ΑΝΩΝΥΜΗ ΒΙΟΜΗΧΑΝΙΚΗ ΚΑΙ ΕΜΠΟΡΙΚΗ ΕΤΑΙΡΕΙΑ ΦΑΡΜΑΚΕΥΤΙΚΩΝ ΠΡΟΙΟΝΤΩΝ ΚΑΙ ΚΤΗΝΟΤΡΟΦΩΝ,51998.72,,1312β01
9ΥΦΣ4690ΒΩ-2ΚΖ,2025-04-14,ΠΡΟΜΗΘΕΙΑ ΦΑΡΜΑΚΕΥΤΙΚΟΥ ΥΛΙΚΟΥ ΝΟΣΟΚΟΜΕΙΟΥ ΓΙΑ ΤΟΝ ΜΗΝΑ ΙΟΥΛΙΟ 2023 ΕΩΣ (ΓΔΟΥ/οικ.59434/31-7-2018) ΠΡΟΣΘΕΤΟ REBATE Α' ΕΞΑΜΗΝΟΥ 2023 THΣ ΠΑΡ.3 TOY AΡΘΡΟ 35 TOY N. 3918/2011) ΚΑΙ ΣΥΜΦΩΝΑ ΜΕ ΤΙΣ ΔΙΑΤΑΞΕΙΣ ΤΟΥ Ν.5161/2024 αρθ.14 (ΦΕΚ 196/ τ.Α΄/29- 11-2024,095052971,MERCK ΕΜΠΟΡΙΚΗ ΒΙΟΜΗΧΑΝΙΚΗ ΦΑΡΜΑΚΕΥΤΙΚΗ ΧΗΜΙΚΗ ΜΟΝΟΠΡΟΣΩΠΗ ΑΝΩΝΥΜΗ ΕΤΑΙΡΕΙΑ,22327.16,,1312β01
6Ι444690ΒΩ-2ΚΛ,2025-04-14,: ΠΡΟΜΗΘΕΙΑ ΦΑΡΜΑΚΕΥΤΙΚΟΥ ΥΛΙΚΟΥ ΝΟΣΟΚΟΜΕΙΟΥ ΓΙΑ ΤΟ ΜΗΝΑ ΑΠΡΙΛΙΟ 2023 (ΓΔΟΥ/οικ.59434/31-7-2018) ΠΡΟΣΘΕΤΟ REBATE Α' ΕΞΑΜΗΝΟΥ 2023 THΣ ΠΑΡ.3 TOY AΡΘΡΟ 35 TOY N. 3918/2011) ΚΑΙ ΣΥΜΦΩΝΑ ΜΕ ΤΙΣ ΔΙΑΤΑΞΕΙΣ ΤΟΥ Ν.5161/2024 αρθ.14 (ΦΕΚ 196/ τ.Α΄/29-11-2024)  ΝΟΣ,094012336,ΠΦΑΙΖΕΡ ΕΛΛΑΣ ΑΝΩΝΥΜΗ ΒΙΟΜΗΧΑΝΙΚΗ ΚΑΙ ΕΜΠΟΡΙΚΗ ΕΤΑΙΡΕΙΑ ΦΑΡΜΑΚΕΥΤΙΚΩΝ ΠΡΟΙΟΝΤΩΝ ΚΑΙ ΚΤΗΝΟΤΡΟΦΩΝ,8370.25,,1312β01
ΨΑΣΓ4690ΒΩ-70Ο,2025-04-14,ΠΡΟΜΗΘΕΙΑ ΦΑΡΜΑΚΕΥΤΙΚΟΥ ΥΛΙΚΟΥ ΝΟΣΟΚΟΜΕΙΟΥ ΓΙΑ ΤΟΥΣ ΜΗΝΕΣ ΑΥΓΟΥΣΤΟ ΕΩΣ ΣΕΠΤΕΜΒΡΙΟ 2023 (ΓΔΟΥ/οικ.59434/31-7-2018) ΠΡΟΣΘΕΤΟ REBATE Α' ΕΞΑΜΗΝΟΥ 2023 THΣ ΠΑΡ.3 TOY AΡΘΡΟ 35 TOY N. 3918/2011) ΚΑΙ ΣΥΜΦΩΝΑ ΜΕ ΤΙΣ ΔΙΑΤΑΞΕΙΣ ΤΟΥ Ν.5161/2024 αρθ.14 (ΦΕΚ 196/ τ.Α΄/29-11-2024),094076485,SANOFI AVENTIS ΜΟΝΟΠΡΟΣΩΠΗ ΑΝΩΝΥΜΗ ΕΜΠΟΡΙΚΗ ΚΑΙ ΒΙΟΜΗΧΑΝΙΚΗ ΕΤΑΙΡΙΑ ΦΑΡΜΑΚΕΥΤΙΚΩΝ ΠΡΟΙΟΝΤΩΝ,28959.32,,1312β01
Ψ60Κ4690ΒΩ-ΗΓΞ,2025-04-14,ΠΡΟΜΗΘΕΙΑ ΦΑΡΜΑΚΕΥΤΙΚΟΥ ΥΛΙΚΟΥ ΝΟΣΟΚΟΜΕΙΟΥ ΓΙΑ ΤΟΥΣ ΜΗΝΕΣ ΝΟΕΜΒΡΙΟ 2023 ΕΩΣ ΑΠΡΙΛΙΟ 2024 (ΓΔΟΥ/οικ.59434/31-7-2018) ΠΡΟΣΘΕΤΟ CLAW BACK A΄ ΕΞΑΜΗΝΟΥ 2023 ΣΥΜΦΩΝΑ ΜΕ ΤΟ ΥΠ΄ΑΡΙΘΜ. Β1β/Γ.Π./οικ. 50231/2017 (ΦΕΚ 2255/Β/2017) ΚΑΙ ΣΥΜΦΩΝΑ ΜΕ ΤΙΣ ΔΙΑΤΑΞΕΙΣ ΤΟΥ Ν.5161/2024 αρθ.14 (ΦΕΚ 196/ τ.Α΄/29-11-2024),999497907,FERRING ΕΛΛΑΣ ΦΑΡΜΑΚΕΥΤΙΚΗ ΜΟΝΟΠΡΟΣΩΠΗ ΕΤΑΙΡΕΙΑ ΠΕΡΙΟΡΙΣΜΕΝΗΣ ΕΥΘΥΝΗΣ,2626.94,,1312β01
Ψ0Θ04690ΒΩ-4ΩΛ,2025-04-14,: ΠΡΟΜΗΘΕΙΑ ΦΑΡΜΑΚΕΥΤΙΚΟΥ ΥΛΙΚΟΥ ΝΟΣΟΚΟΜΕΙΟΥ ΓΙΑ ΤΟN ΜΗΝA MAΪΟ 2023 (ΓΔΟΥ/οικ.59434/31-7-2018) ΠΡΟΣΘΕΤΟ CLAW BACK A΄ ΕΞΑΜΗΝΟΥ 2022 ΣΥΜΦΩΝΑ ΜΕ ΤΟ ΥΠ΄ΑΡΙΘΜ. Β1β/Γ.Π./οικ. 50231/2017 (ΦΕΚ 2255/Β/2017) ΚΑΙ ΣΥΜΦΩΝΑ ΜΕ ΤΙΣ ΔΙΑΤΑΞΕΙΣ ΤΟΥ Ν.5161/2024 αρθ.14 (ΦΕΚ 196/ τ.Α΄/29-11-2024),094043896,MERCK SHARP ΚΑΙ  DOHME ΦΑΡΜΑΚΕΥΤΙΚΗ ΕΜΠΟΡΙΚΗ ΜΟΝΟΠΡΟΣΩΠΗ ΑΝΩΝΥΜΗ ΕΤΑΙΡΙΑ,83799.23,,1312β01
6ΜΡΠ4690ΒΩ-ΞΣΑ,2025-04-14,: ΠΡΟΜΗΘΕΙΑ ΦΑΡΜΑΚΕΥΤΙΚΟΥ ΥΛΙΚΟΥ ΝΟΣΟΚΟΜΕΙΟΥ ΓΙΑ ΤΟ ΜΗΝΑ ΜΑΪΟ 2023 (ΓΔΟΥ/οικ.59434/31-7-2018) ΠΡΟΣΘΕΤΟ REBATE Α' ΕΞΑΜΗΝΟΥ 2023 THΣ ΠΑΡ.3 TOY AΡΘΡΟ 35 TOY N. 3918/2011) ΚΑΙ ΣΥΜΦΩΝΑ ΜΕ ΤΙΣ ΔΙΑΤΑΞΕΙΣ ΤΟΥ Ν.5161/2024 αρθ.14 (ΦΕΚ 196/ τ.Α΄/29-11-2024),094043896,MERCK SHARP ΚΑΙ  DOHME ΦΑΡΜΑΚΕΥΤΙΚΗ ΕΜΠΟΡΙΚΗ ΜΟΝΟΠΡΟΣΩΠΗ ΑΝΩΝΥΜΗ ΕΤΑΙΡΙΑ,14619.55,,1312β01
ΨΗΑΗ4690ΒΩ-2Ε7,2025-04-11,ΠΡΟΜΗΘΕΙΑ ΦΑΡΜΑΚΕΥΤΙΚΟΥ ΥΛΙΚΟΥ ΝΟΣΟΚΟΜΕΙΟΥ ΓΙΑ ΤΟΥΣ ΜΗΝΕΣ ΜΑΡΤΙΟ ΕΩΣ ΙΟΥΛΙΟ 2024 (ΓΔΟΥ/οικ.59434/31-7-2018) ΠΡΟΣΘΕΤΟ CLAW BACK A΄ ΕΞΑΜΗΝΟΥ 2023 ΣΥΜΦΩΝΑ ΜΕ ΤΟ ΥΠ΄ΑΡΙΘΜ. Β1β/Γ.Π./οικ. 50231/2017 (ΦΕΚ 2255/Β/2017) ΚΑΙ ΣΥΜΦΩΝΑ ΜΕ ΤΙΣ ΔΙΑΤΑΞΕΙΣ ΤΟΥ Ν.5161/2024 αρθ.14 (ΦΕΚ 196/ τ.Α΄/29-11-2024),800543881,KARIAN ΙKE,1199.45,,1312β01
9ΞΕΒ4690ΒΩ-ΒΝΝ,2025-04-11,"ΠΡΟΜΗΘΕΙΑ ΥΓΕΙΟΝΟΜΙΚΟΥ ΥΛΙΚΟΥ (ΒΗΜΑΤΟΔΟΤΕΣ) ΜΕ ΣΥΜΒΑΣΗ ΤΟΥΣ ΜΗΝΕΣ ΦΕΒΡΟΥΑΡΙΟ, ΜΑΡΤΙΟ,ΑΠΡΙΛΙΟ,ΙΟΥΝΙΟ , ΑΥΓΟΥΣΤΟ,ΟΚΤΩΒΡΙΟ 2024 (ΣΥΜΒ. 374/2023,ΧΕ 823/2024)",094498111,MEDTRONIC HELLAS ΙΑΤΡΙΚΑ ΜΗΧΑΝΗΜΑΤΑ ΜΟΝΟΠΡΟΣΩΠΗ ΑΝΩΝΥΜΗ ΕΜΠΟΡΙΚΗ ΕΤΑΙΡΕΙΑ,90576.46,,1311β01
9Π8Ζ4690ΒΩ-ΓΨ4,2025-04-11,"ΠΡΟΜΗΘΕΙΑ ΥΓΕΙΟΝΟΜΙΚΟΥ ΥΛΙΚΟΥ (ΒΗΜΑΤΟΔΟΤΕΣ ) ΜΕ ΣΥΜΒΑΣΗ ΓΙΑ ΤΟΥΣ ΜΗΝΕΣ ΑΠΡΙΛΙΟ,ΑΥΓΟΥΣΤΟ,ΟΚΤΩΜΒΡΙΟ,ΝΟΕΜΒΡΙΟ,2024 (ΣΥΜ.206/2023, ΧΕ 2763/2024)",094498111,MEDTRONIC HELLAS ΙΑΤΡΙΚΑ ΜΗΧΑΝΗΜΑΤΑ ΜΟΝΟΠΡΟΣΩΠΗ ΑΝΩΝΥΜΗ ΕΜΠΟΡΙΚΗ ΕΤΑΙΡΕΙΑ,24418.39,,1311β01
9ΒΤ74690ΒΩ-Ο99,2025-04-11,ΠΡΟΜΗΘΕΙΑ ΦΑΡΜΑΚΕΥΤΙΚΟΥ ΥΛΙΚΟΥ ΝΟΣΟΚΟΜΕΙΟΥ ΓΙΑ ΤΟ ΜΗΝΑ ΑΥΓΟΥΣΤΟ 2023 (ΓΔΟΥ/οικ.59434/31-7-2018) ΠΡΟΣΘΕΤΟ REBATE Α' ΕΞΑΜΗΝΟΥ 2023 THΣ ΠΑΡ.3 TOY AΡΘΡΟ 35 TOY N. 3918/2011) ΚΑΙ ΣΥΜΦΩΝΑ ΜΕ ΤΙΣ ΔΙΑΤΑΞΕΙΣ ΤΟΥ Ν.5161/2024 αρθ.14 (ΦΕΚ 196/ τ.Α΄/29-11-2024),094007897,ΚΟΠΕΡ ΦΑΡΜΑΚΟΒΙΟΜΗΧΑΝΙΑΑΝΩΝΥΜΗ ΕΤΑΙΡΕΙΑ,660.59,,1312β01
9ΘΗΙ4690ΒΩ-ΒΩΦ,2025-04-11,"ΠΡΟΜΗΘΕΙΑ ΦΑΡΜΑΚΕΥΤΙΚΟΥ ΥΛΙΚΟΥ ΝΟΣΟΚΟΜΕΙΟΥ ΓΙΑ ΤΟ ΜΗΝΑ ΣΕΠΤΕΜΒΡΙΟ 2023 (ΓΔΟΥ/οικ.59434/31-7-2018) ΠΡΟΣΘΕΤΟ REBATE Α' ΕΞΑΜΗΝΟΥ 2021 (201,20) & ΠΡΟΣΘΕΤΟ REBATE Α' ΕΞΑΜΗΝΟΥ 2023 (313,17) THΣ ΠΑΡ.3 TOY AΡΘΡΟ 35 TOY N. 3918/2011) ΚΑΙ ΣΥΜΦΩΝΑ ΜΕ ΤΙΣ ΔΙΑΤΑΞΕΙΣ ΤΟΥ Ν.5161/2024 αρθ.14 (ΦΕΚ 196/ τ.Α΄/29-11-2024)",999211645,ASTELLAS PHARMACEUTICALS ΑΝΩΝΥΜΗ ΕΜΠΟΡΙΚΗ ΚΑΙ ΒΙΟΜΗΧΑΝΙΚΗ ΕΤΑΙΡΕΙΑ,1538.65,,1312β01
6ΤΔΕ4690ΒΩ-8Υ4,2025-04-11,: ΠΡΟΜΗΘΕΙΑ ΦΑΡΜΑΚΕΥΤΙΚΟΥ ΥΛΙΚΟΥ ΝΟΣΟΚΟΜΕΙΟΥ ΓΙΑ ΤΟΥΣ ΜΗΝΕΣ ΙΟΥΝΙΟ ΕΩΣ ΝΟΕΜΒΡΙΟ 2023 (ΓΔΟΥ/οικ.59434/31-7-2018) ΠΡΟΣΘΕΤΟ CLAW BACK A΄ ΕΞΑΜΗΝΟΥ 2022 ΣΥΜΦΩΝΑ ΜΕ ΤΟ ΥΠ΄ΑΡΙΘΜ. Β1β/Γ.Π./οικ. 50231/2017 (ΦΕΚ 2255/Β/2017) ΚΑΙ ΣΥΜΦΩΝΑ ΜΕ ΤΙΣ ΔΙΑΤΑΞΕΙΣ ΤΟΥ Ν.5161/2024 αρθ.14 (ΦΕΚ 196/ τ.Α΄/29-11-2024),094021290,NOVARTIS HELLAS AEBE,42447.79,,1312β01
ΨΨΝΦ4690ΒΩ-ΙΚΙ,2025-04-11,"ΠΡΟΜΗΘΕΙΑ ΕΙΔΩΝ ΚΑΘΑΡΙΟΤΗΤΑΣ (ΑΠΟΡΡΟΦΗΤΙΚΑ ΠΑΝΙΑ, ΥΓΡΟ ΑΠΟΡΡΥΠΑΝΤΙΚΟ ΠΙΑΤΩΝ), ΜΗΝΟΣ ΝΟΕΜΒΡΙΟΥ 2024, ΧΩΡΙΣ ΣΥΜΒΑΣΗ, ΜΕ ΑΠΟΦΑΣΗ ΔΣ 53/30-11-23 Θ.9 ΣΥΜΦΩΝΑ ΜΕ ΤΙΣ ΔΙΑΤΑΞΕΙΣ ΤΟΥ Ν.5161/2024 αρθ.14 (ΦΕΚ 196/ τ.Α΄/29-11-2024) ΝΟΣ",094343647,ΟΛΟΚΛΗΡΩΜΕΝΑ ΣΥΣΤΗΜΑΤΑ ΚΑΘΑΡΙΣΜΟΥ ΑΒΕΕ,132.68,,1312β01
6ΑΩΙ4690ΒΩ-ΥΘ3,2025-04-11,ΠΡΟΜΗΘΕΙΑ ΦΑΡΜΑΚΕΥΤΙΚΟΥ ΥΛΙΚΟΥ ΝΟΣΟΚΟΜΕΙΟΥ ΓΙΑ ΤΟΝ ΜΗΝΑ ΙΟΥΝΙΟ 2023 (ΓΔΟΥ/οικ.59434/31-7-2018) ΠΡΟΣΘΕΤΟ CLAW BACK A΄ ΕΞΑΜΗΝΟΥ 2023 ΣΥΜΦΩΝΑ ΜΕ ΤΟ ΥΠ΄ΑΡΙΘΜ. Β1β/Γ.Π./οικ. 50231/2017 (ΦΕΚ 2255/Β/2017) ΚΑΙ ΣΥΜΦΩΝΑ ΜΕ ΤΙΣ ΔΙΑΤΑΞΕΙΣ ΤΟΥ Ν.5161/2024 αρθ.14 (ΦΕΚ 196/ τ.Α΄/29-11-2024),094031965,ΒΙΑΝΕΞ ΑΕ ΑΝΩΝΥΜΟΣ ΕΜΠΟΡΟΒΙΟΜΗΧΑΝΙΚΗ ΤΟΥΡΙΣΤΙΚΗ ΞΕΝΟΔΟΧΕΙΑΚΗ ΚΑΙ ΝΑΥΤΙΛΙΑΚΗ ΑΝΩΝΥΜΟΣ ΕΤΑΙΡΕΙΑ,16583.54,,1312β01
98224690ΒΩ-0ΒΡ,2025-04-11,: ΠΡΟΜΗΘΕΙΑ ΦΑΡΜΑΚΕΥΤΙΚΟΥ ΥΛΙΚΟΥ ΝΟΣΟΚΟΜΕΙΟΥ ΓΙΑ ΤΟ ΜΗΝΑ ΙΟΥΝΙΟ 2023 (ΓΔΟΥ/οικ.59434/31-7-2018) ΠΡΟΣΘΕΤΟ REBATE Α' ΕΞΑΜΗΝΟΥ 2023 THΣ ΠΑΡ.3 TOY AΡΘΡΟ 35 TOY N. 3918/2011) ΚΑΙ ΣΥΜΦΩΝΑ ΜΕ ΤΙΣ ΔΙΑΤΑΞΕΙΣ ΤΟΥ Ν.5161/2024 αρθ.14 (ΦΕΚ 196/ τ.Α΄/29-11-2024),094031965,ΒΙΑΝΕΞ ΑΕ ΑΝΩΝΥΜΟΣ ΕΜΠΟΡΟΒΙΟΜΗΧΑΝΙΚΗ ΤΟΥΡΙΣΤΙΚΗ ΞΕΝΟΔΟΧΕΙΑΚΗ ΚΑΙ ΝΑΥΤΙΛΙΑΚΗ ΑΝΩΝΥΜΟΣ ΕΤΑΙΡΕΙΑ,12436.54,,1312β01
Ψ55Ο4690ΒΩ-ΙΙΚ,2025-04-11,: ΠΡΟΜΗΘΕΙΑ ΦΑΡΜΑΚΕΥΤΙΚΟΥ ΥΛΙΚΟΥ ΝΟΣΟΚΟΜΕΙΟΥ ΓΙΑ ΤΟ ΜΗΝΑ ΙΟΥΝΙΟ 2023 (ΓΔΟΥ/οικ.59434/31-7-2018) ΠΡΟΣΘΕΤΟ REBATE Α' ΕΞΑΜΗΝΟΥ 2023 THΣ ΠΑΡ.3 TOY AΡΘΡΟ 35 TOY N. 3918/2011) ΚΑΙ ΣΥΜΦΩΝΑ ΜΕ ΤΙΣ ΔΙΑΤΑΞΕΙΣ ΤΟΥ Ν.5161/2024 αρθ.14 (ΦΕΚ 196/ τ.Α΄/29-11-2024),094505179,MEDOCHEMIE HELLAS ΑΝΩΝΥΜΟΣ ΕΤΑΙΡΕΙΑ ΠΑΡΑΣΚΕΥΗΣ ΚΑΙ ΕΜΠΟΡΙΑΣ ΦΑΡΜΑΚΩΝ ΚΑΙ ΦΑΡΜΑΚΕΥΤΙΚΩΝ ΠΡΟΙΟΝΤΩΝ,217.04,,1312α01
93ΒΣ4690ΒΩ-9ΒΥ,2025-04-11,: ΠΡΟΜΗΘΕΙΑ ΦΑΡΜΑΚΕΥΤΙΚΟΥ ΥΛΙΚΟΥ ΝΟΣΟΚΟΜΕΙΟΥ ΓΙΑ ΤΟΥΣ ΜΗΝΕΣ ΑΠΡΙΛΙΟ ΕΩΣ ΙΟΥΝΙΟ 2023 (ΓΔΟΥ/οικ.59434/31-7-2018) ΠΡΟΣΘΕΤΟ CLAW BACK A΄ ΕΞΑΜΗΝΟΥ 2023 ΣΥΜΦΩΝΑ ΜΕ ΤΟ ΥΠ΄ΑΡΙΘΜ. Β1β/Γ.Π./οικ. 50231/2017 (ΦΕΚ 2255/Β/2017) ΚΑΙ ΣΥΜΦΩΝΑ ΜΕ ΤΙΣ ΔΙΑΤΑΞΕΙΣ ΤΟΥ Ν.5161/2024 αρθ.14 (ΦΕΚ 196/ τ.Α΄/29-11-2024),094505179,MEDOCHEMIE HELLAS ΑΝΩΝΥΜΟΣ ΕΤΑΙΡΕΙΑ ΠΑΡΑΣΚΕΥΗΣ ΚΑΙ ΕΜΠΟΡΙΑΣ ΦΑΡΜΑΚΩΝ ΚΑΙ ΦΑΡΜΑΚΕΥΤΙΚΩΝ ΠΡΟΙΟΝΤΩΝ,6361.33,,1312β01
ΨΓΘΒ4690ΒΩ-ΜΒΝ,2025-04-11,ΠΡΟΜΗΘΕΙΑ ΦΑΡΜΑΚΕΥΤΙΚΟΥ ΥΛΙΚΟΥ ΝΟΣΟΚΟΜΕΙΟΥ ΓΙΑ ΤΟΥΣ ΜΗΝΕΣ ΣΕΠΤΕΜΒΡΙΟ ΕΩΣ ΟΚΤΩΒΡΙΟ 2023 (ΓΔΟΥ/οικ.59434/31-7-2018) ΠΡΟΣΘΕΤΟ REBATE Α' ΕΞΑΜΗΝΟΥ 2023 THΣ ΠΑΡ.3 TOY AΡΘΡΟ 35 TOY N. 3918/2011) ΚΑΙ ΣΥΜΦΩΝΑ ΜΕ ΤΙΣ ΔΙΑΤΑΞΕΙΣ ΤΟΥ Ν.5161/2024 αρθ.14 (ΦΕΚ 196/ τ.Α΄/29-11-2024),094141331,MENARINI HELLAS ΦΑΡΜΑΚΕΥΤΙΚΗ ΑΝΩΝΥΜΗ ΕΤΑΙΡΕΙΑ,1141.13,,1312β01
9ΩΝΖ4690ΒΩ-ΙΩΛ,2025-04-11,ΠΡΟΜΗΘΕΙΑ ΦΑΡΜΑΚΕΥΤΙΚΟΥ ΥΛΙΚΟΥ ΝΟΣΟΚΟΜΕΙΟΥ ΓΙΑ ΤΟΥΣ ΜΗΝΕΣ ΜΑΙΟ ΕΩΣ ΙΟΥΛΙΟ 2024 (ΓΔΟΥ/οικ.59434/31-7-2018) ΠΡΟΣΘΕΤΟ REBATE Α΄ ΕΞΑΜΗΝΟΥ 2023 THΣ ΠΑΡ.3 TOY AΡΘΡΟ 35 TOY N. 3918/2011 ΣΥΜΦΩΝΑ ΜΕ ΤΙΣ ΔΙΑΤΑΞΕΙΣ ΤΟΥ Ν.5161/2024 αρθ.14 (ΦΕΚ 196/ τ.Α΄/29-11- 2024),094125994,UCB ΑΝΩΝΥΜΗ ΦΑΡΜΑΚΕΥΤΙΚΗ ΕΤΑΙΡΕΙΑ,599.97,,1312β01
94ΡΞ4690ΒΩ-Ρ5Ψ,2025-04-11,ΠΡΟΜΗΘΕΙΑ ΦΑΡΜΑΚΕΥΤΙΚΟΥ ΥΛΙΚΟΥ ΝΟΣΟΚΟΜΕΙΟΥ ΓΙΑ ΤΟΥΣ ΜΗΝΕΣ ΟΚΤΩΒΡΙΟ 2023 ΕΩΣ ΜΑΪΟ 2024 (ΓΔΟΥ/οικ.59434/31-7-2018) ΠΡΟΣΘΕΤΟ CLAW BACK A΄ ΕΞΑΜΗΝΟΥ 2023 ΣΥΜΦΩΝΑ ΜΕ ΤΟ ΥΠ΄ΑΡΙΘΜ. Β1β/Γ.Π./οικ. 50231/2017 (ΦΕΚ 2255/Β/2017) ΚΑΙ ΣΥΜΦΩΝΑ ΜΕ ΤΙΣ ΔΙΑΤΑΞΕΙΣ ΤΟΥ Ν.5161/2024 αρθ.14 (ΦΕΚ 196/ τ.Α΄/29-11-2024),094125994,UCB ΑΝΩΝΥΜΗ ΦΑΡΜΑΚΕΥΤΙΚΗ ΕΤΑΙΡΕΙΑ,3942.43,,1312β01
9Ω7Π4690ΒΩ-ΑΥΛ,2025-04-11,ΠΡΟΜΗΘΕΙΑ ΦΑΡΜΑΚΕΥΤΙΚΟΥ ΥΛΙΚΟΥ ΝΟΣΟΚΟΜΕΙΟΥ ΓΙΑ ΤΟ ΜΗΝΑ ΜΑΪΟ 2023 (ΓΔΟΥ/οικ.59434/31-7-2018) ΠΡΟΣΘΕΤΟ REBATE Α' ΕΞΑΜΗΝΟΥ 2023 THΣ ΠΑΡ.3 TOY AΡΘΡΟ 35 TOY N. 3918/2011) ΚΑΙ ΣΥΜΦΩΝΑ ΜΕ ΤΙΣ ΔΙΑΤΑΞΕΙΣ ΤΟΥ Ν.5161/2024 αρθ.14 (ΦΕΚ 196/ τ.Α΄/29-11-2024),094320634,UNI PHARMA ΚΛΕΩΝ ΤΣΕΤΗΣ ΦΑΡΜΑΚΕΥΤΙΚΑ ΕΡΓΑΣΤΗΡΙΑ ΑΝΩΝΥΜΟΣ ΒΙΟΜΗΧΑΝΙΚΗ ΚΑΙ ΕΜΠΟΡΙΚΗ ΕΤΑΙΡΕΙΑ,2456.34,,1312β01
6ΞΔΚ4690ΒΩ-1ΨΛ,2025-04-11,ΠΡΟΜΗΘΕΙΑ ΦΑΡΜΑΚΕΥΤΙΚΟΥ ΥΛΙΚΟΥ ΝΟΣΟΚΟΜΕΙΟΥ ΓΙΑ ΤΟΝ ΜΗΝΑ ΜΑΪΟ 2023 (ΓΔΟΥ/οικ.59434/31-7-2018) ΠΡΟΣΘΕΤΟ CLAW BACK A΄ ΕΞΑΜΗΝΟΥ 2023 ΣΥΜΦΩΝΑ ΜΕ ΤΟ ΥΠ΄ΑΡΙΘΜ. Β1β/Γ.Π./οικ. 50231/2017 (ΦΕΚ 2255/Β/2017) ΚΑΙ ΣΥΜΦΩΝΑ ΜΕ ΤΙΣ ΔΙΑΤΑΞΕΙΣ ΤΟΥ Ν.5161/2024 αρθ.14 (ΦΕΚ 196/ τ.Α΄/29-11-2024),094320634,UNI PHARMA ΚΛΕΩΝ ΤΣΕΤΗΣ ΦΑΡΜΑΚΕΥΤΙΚΑ ΕΡΓΑΣΤΗΡΙΑ ΑΝΩΝΥΜΟΣ ΒΙΟΜΗΧΑΝΙΚΗ ΚΑΙ ΕΜΠΟΡΙΚΗ ΕΤΑΙΡΕΙΑ,6528.01,,1312β01
6ΧΨΞ4690ΒΩ-ΛΨΥ,2025-04-11,ΠΡΟΜΗΘΕΙΑ ΦΑΡΜΑΚΕΥΤΙΚΟΥ ΥΛΙΚΟΥ ΝΟΣΟΚΟΜΕΙΟΥ ΓΙΑ ΤΟΥΣ ΜΗΝΕΣ ΜΑΪΟ ΕΩΣ ΙΟΥΛΙΟ 2023 (ΓΔΟΥ/οικ.59434/31-7-2018) ΠΡΟΣΘΕΤΟ CLAW BACK A΄ ΕΞΑΜΗΝΟΥ 2021 ΣΥΜΦΩΝΑ ΜΕ ΤΟ ΥΠ΄ΑΡΙΘΜ. Β1β/Γ.Π./οικ. 50231/2017 (ΦΕΚ 2255/Β/2017) ΚΑΙ ΣΥΜΦΩΝΑ ΜΕ ΤΙΣ ΔΙΑΤΑΞΕΙΣ ΤΟΥ Ν.5161/2024 αρθ.14 (ΦΕΚ 196/ τ.Α΄/29-11-2024),999211645,ASTELLAS PHARMACEUTICALS ΑΝΩΝΥΜΗ ΕΜΠΟΡΙΚΗ ΚΑΙ ΒΙΟΜΗΧΑΝΙΚΗ ΕΤΑΙΡΕΙΑ,8895.52,,1312β01
6ΞΝ04690ΒΩ-Δ5Α,2025-04-11,ΠΡΟΜΗΘΕΙΑ ΦΑΡΜΑΚΕΥΤΙΚΟΥ ΥΛΙΚΟΥ ΝΟΣΟΚΟΜΕΙΟΥ ΓΙΑ ΤΟΝ ΜΗΝΑ ΙΟΥΛΙΟ 2023 (ΓΔΟΥ/οικ.59434/31-7-2018) ΠΡΟΣΘΕΤΟ CLAW BACK A ΕΞΑΜΗΝΟΥ 2023 ΣΥΜΦΩΝΑ ΜΕ ΤΟ ΥΠ΄ΑΡΙΘΜ. Β1β/Γ.Π./οικ. 50231/2017 (ΦΕΚ 2255/Β/2017) ΚΑΙ ΣΥΜΦΩΝΑ ΜΕ ΤΙΣ ΔΙΑΤΑΞΕΙΣ ΣΥΜΦΩΝΑ ΜΕ ΤΙΣ ΔΙΑΤΑΞΕΙΣ ΤΟΥ Ν. 5102/2024 αρθ.41 (ΦΕΚ 55/τ. Α΄/13-04-2024),094030004,ΝΟΡΜΑ ΕΛΛΑΣ ΒΙΟΜΗΧΑΝΙΑ ΦΑΡΜΑΚΩΝ ΑΝΩΝΥΜΟΣ ΕΤΑΙΡΕΙΑ,7401.7,,1312β01
6ΚΧΩ4690ΒΩ-ΚΧΓ,2025-04-11,ΠΡΟΜΗΘΕΙΑ ΦΑΡΜΑΚΕΥΤΙΚΟΥ ΥΛΙΚΟΥ ΝΟΣΟΚΟΜΕΙΟΥ ΓΙΑ ΤΟ ΜΗΝΑ ΑΥΓΟΥΣΤΟ 2023 (ΓΔΟΥ/οικ.59434/31-7-2018) ΠΡΟΣΘΕΤΟ REBATE Α΄ ΕΞΑΜΗΝΟΥ 2023 THΣ ΠΑΡ.3 TOY AΡΘΡΟ 35 TOY N. 3918/2011 & ΣΥΜΦΩΝΑ ΜΕ ΤΙΣ ΔΙΑΤΑΞΕΙΣ ΤΟΥ Ν.5161/2024 αρθ.14 (ΦΕΚ 196/ τ.Α΄/29-11-2024),094030004,ΝΟΡΜΑ ΕΛΛΑΣ ΒΙΟΜΗΧΑΝΙΑ ΦΑΡΜΑΚΩΝ ΑΝΩΝΥΜΟΣ ΕΤΑΙΡΕΙΑ,3820.7,,1312β01
9ΙΜΨ4690ΒΩ-202,2025-04-11,: ΠΡΟΜΗΘΕΙΑ ΦΑΡΜΑΚΕΥΤΙΚΟΥ ΥΛΙΚΟΥ ΝΟΣΟΚΟΜΕΙΟΥ ΓΙΑ ΤΟΝ ΜΗΝΑ ΙΟΥΛΙΟ 2023 (ΓΔΟΥ/οικ.59434/31-7-2018) ΠΡΟΣΘΕΤΟ CLAW BACK A΄ ΕΞΑΜΗΝΟΥ 2023 ΣΥΜΦΩΝΑ ΜΕ ΤΟ ΥΠ΄ΑΡΙΘΜ. Β1β/Γ.Π./οικ. 50231/2017 (ΦΕΚ 2255/Β/2017) ΚΑΙ ΣΥΜΦΩΝΑ ΜΕ ΤΙΣ ΔΙΑΤΑΞΕΙΣ ΤΟΥ Ν.5161/2024 αρθ.14 (ΦΕΚ 196/ τ.Α΄/29-11-2024),999211645,ASTELLAS PHARMACEUTICALS ΑΝΩΝΥΜΗ ΕΜΠΟΡΙΚΗ ΚΑΙ ΒΙΟΜΗΧΑΝΙΚΗ ΕΤΑΙΡΕΙΑ,14630.75,,1312β01
9ΠΦΤ4690ΒΩ-89Η,2025-04-11,ΠΡΟΜΗΘΕΙΑ ΦΑΡΜΑΚΕΥΤΙΚΟΥ ΥΛΙΚΟΥ ΝΟΣΟΚΟΜΕΙΟΥ ΓΙΑ ΤΟΥΣ ΜΗΝΕΣ ΝΟΕΜΒΡΙΟ & ΔΕΚΕΜΒΡΙΟ 2023 (ΓΔΟΥ/οικ.59434/31-7-2018) ΠΡΟΣΘΕΤΟ REBATE Α' ΕΞΑΜΗΝΟΥ 2023 THΣ ΠΑΡ.3 TOY AΡΘΡΟ 35 TOY N. 3918/2011) ΚΑΙ ΣΥΜΦΩΝΑ ΜΕ ΤΙΣ ΔΙΑΤΑΞΕΙΣ ΤΟΥ Ν.5161/2024 αρθ.14 (ΦΕΚ 196/ τ.Α΄/29-11-2024),094021290,NOVARTIS HELLAS AEBE,3187.24,,1312β01
9ΕΖΝ4690ΒΩ-4ΣΠ,2025-04-11,ΠΡΟΜΗΘΕΙΑ ΦΑΡΜΑΚΕΥΤΙΚΟΥ ΥΛΙΚΟΥ ΝΟΣΟΚΟΜΕΙΟΥ ΓΙΑ ΤΟΥΣ ΜΗΝΕΣ ΟΚΤΩΒΡΙΟ 2023 ΕΩΣ ΙΟΥΛΙΟ 2024 (ΓΔΟΥ/οικ.59434/31-7-2018) ΠΡΟΣΘΕΤΟ CLAW BACK A΄ ΕΞΑΜΗΝΟΥ 2023 ΣΥΜΦΩΝΑ ΜΕ ΤΟ ΥΠ΄ΑΡΙΘΜ. Β1β/Γ.Π./οικ. 50231/2017 (ΦΕΚ 2255/Β/2017) ΚΑΙ ΣΥΜΦΩΝΑ ΜΕ ΤΙΣ ΔΙΑΤΑΞΕΙΣ ΤΟΥ Ν.5161/2024 αρθ.14 (ΦΕΚ 196/ τ.Α΄/29-11-2024) ΝΟΣ,094456967,ANGELINI PHARMA HELLAS ΜΟΝΟΠΡΟΣΩΠΗ ΑΝΩΝΥΜΗ ΒΙΟΜΗΧΑΝΙΚΗ ΚΑΙ ΕΜΠΟΡΙΚΗ ΕΤΑΙΡΕΙΑ ΠΑΡΑΓΩΓΗΣ ΚΑΙ ΕΜΠΟΡΙΑΣ ΦΑΡΜΑΚΩΝ,7702.13,,1312β01
9ΜΜΚ4690ΒΩ-Δ42,2025-04-11,ΠΡΟΜΗΘΕΙΑ ΦΑΡΜΑΚΕΥΤΙΚΟΥ ΥΛΙΚΟΥ ΝΟΣΟΚΟΜΕΙΟΥ ΓΙΑ ΤΟΥΣ ΜΗΝΕΣ ΙΟΥΛΙΟ & ΑΥΓΟΥΣΤΟ 2023 (ΓΔΟΥ/οικ.59434/31-7-2018) ΠΡΟΣΘΕΤΟ REBATE Α' ΕΞΑΜΗΝΟΥ 2023 THΣ ΠΑΡ.3 TOY AΡΘΡΟ 35 TOY N. 3918/2011) ΚΑΙ ΣΥΜΦΩΝΑ ΜΕ ΤΙΣ ΔΙΑΤΑΞΕΙΣ ΤΟΥ Ν.5161/2024 αρθ.14 (ΦΕΚ 196/ τ.Α΄/29-11-2024),094283173,ASTRAZENECA ΜΟΝΟΠΡΟΣΩΠΗ ΑΝΩΝΥΜΗ ΦΑΡΜΑΚΕΥΤΙΚΗ ΕΤΑΙΡΕΙΑ,74479.42,,1312β01
Ψ6134690ΒΩ-Η68,2025-04-11,ΠΡΟΜΗΘΕΙΑ ΦΑΡΜΑΚΕΥΤΙΚΟΥ ΥΛΙΚΟΥ ΝΟΣΟΚΟΜΕΙΟΥ ΓΙΑ ΤΟΝ ΜΗΝΑ ΙΟΥΝΙΟ 2024 (ΓΔΟΥ/οικ.59434/31-7-2018) ΠΡΟΣΘΕΤΟ REBATE Α' ΕΞΑΜΗΝΟΥ 2023 THΣ ΠΑΡ.3 TOY AΡΘΡΟ 35 TOY N. 3918/2011) ΣΥΜΦΩΝΑ ΜΕ ΤΙΣ ΔΙΑΤΑΞΕΙΣ ΤΟΥ Ν.5161/2024 αρθ.14 (ΦΕΚ 196/ τ.Α΄/29-11-2024),094493453,ΑΡΡΙΑΝΙ ΦΑΡΜΑΚΕΥΤΙΚΗ ΑΝΩΝΥΜΗ ΕΤΑΙΡΕΙΑ,381.55,,1312β01
Ψ69Β4690ΒΩ-ΤΗΒ,2025-07-21,ΕΝΤΑΛΜΑ ΠΛΗΡΩΜΗΣ ΛΙΝΤΕ ΕΛΛΑΣ ΜΟΝΟΠΡΟΣΩΠΗ Ε.Π.Ε (095167018),095167018,ΛΙΝΤΕ ΕΛΛΑΣ ΜΟΝΟΠΡΟΣΩΠΗ Ε.Π.Ε (095167018),4403.24,,
9ΜΕΝ4690ΒΩ-7ΙΔ,2025-08-08,ΕΝΤΑΛΜΑ ΠΛΗΡΩΜΗΣ ΛΙΝΤΕ ΕΛΛΑΣ ΜΟΝΟΠΡΟΣΩΠΗ Ε.Π.Ε (095167018),095167018,ΛΙΝΤΕ ΕΛΛΑΣ ΜΟΝΟΠΡΟΣΩΠΗ Ε.Π.Ε (095167018),1785.6,,
9ΒΤΒ4690ΒΩ-ΙΤΑ,2025-09-02,ΕΝΤΑΛΜΑ ΠΛΗΡΩΜΗΣ ΒΕΛΕΝΤΖΑΣ  Ρ. ΙΩΑΝΝΗΣ (101015419),101015419,ΒΕΛΕΝΤΖΑΣ  Ρ. ΙΩΑΝΝΗΣ (101015419),680.76,,
ΨΝΨΙ4690ΒΩ-Ν2Υ,2025-08-12,"ΤΑΚΤΙΚΕΣ ΑΠΟΔΟΧΕΣ (10 ΗΜΕΡΩΝ) 2,4,9,10,13,16,18,23,24/6/2025 ΜΕ ΚΑΘΕΣΤΩΣ ΕΚΔΟΣΗΣ ΔΕΛΤΙΟΥ ΑΠΟΔΕΙΞΗΣ ΠΑΡΟΧΗΣ ΥΠΗΡΕΣΙΩΝ ΓΙΑ ΧΡΟΝΙΚΟ ΔΙΑΣΤΗΜΑ ΔΩΔΕΚΑ ΜΗΝΩΝ  ΜΕ ΕΝΑΡΞΗ 18-10-2014 ΚΑΙ ΛΗΞΗ 17-10-2025",061977768,"ΜΑΡΑΒΕΓΙΑΣ,,ΚΩΝΣΤΑΝΤΙΝΟΣ,ΑΡΙΣΤΟΤΕΛΗΣ",742.67,,0413α01
Ρ8Ξ14690ΒΩ-ΓΡΤ,2025-09-23,"ΚΑΤΑΒΟΛΗ ΠΟΣΟΥ ΣΕ ΕΚΤΕΛΕΣΗ ΤΗΣ ΥΠ ΑΡΙΘ. 843/2021 ΑΠΟΦΑΣΗ ΤΟΥ ΜΟΜΟΜΕΛΟΥΣ  ΠΡΩΤΟΔΙΚΕΙΟΥ ΒΟΛΟΥ (ΔΙΑΔΙΚΑΣΙΑ ΑΣΦΑΛΙΣΤΙΚΑ ΜΕΤΡΑ ) 94Η ΔΟΣΗΣ  ΔΙΑΚΑΝΟΝΙΣΜΟΥ ΟΦΕΙΛΩΝ ΝΟΣΟΚΟΜΕΙΟΥ ,  ΣΥΜΦΩΝΑ ΜΕ ΤΑ ΙΔΙΩΤΙΚΑ ΣΥΜΦΩΝΗΤΙΚΑ ΡΥΘΜΙΣΗΣ ΟΦΕΙΛΩΝ ΜΕ ΑΡΙΘ.20454,20463,20458 ΤΗΣ 23/11/17 ΤΗ ΓΝΩΜΑΤΕΥΣΗ ΜΕ ΑΡΙΘ.6305/20-03-2019  ΤΗΣ ΔΙΚΗΓΟΡΟΥ ΚΑΙ ΤΟ ΠΡΑΚΤΙΚΟ ΔΣ 13/04-04-2019 ΘΕΜΑ 7.(ΠΑΡΟΧΗ 7763214,1473345)",090071204,ΔΗΜΟΤΙΚΗ ΕΠΙΧΕΙΡΗΣΗ ΥΔΡΕΥΣΗΣ ΑΠΟΧΕΤΕΥΣΗΣ ΒΟΛΟΥ,4504.0,,0841α01
Ψ1ΜΠ4690ΒΩ-05Μ,2025-09-23,"ΚΑΤΑΒΟΛΗ ΠΟΣΟΥ ΣΕ ΕΚΤΕΛΕΣΗ ΤΗΣ ΥΠ ΑΡΙΘ. 843/2021 ΑΠΟΦΑΣΗ ΤΟΥ ΜΟΜΟΜΕΛΟΥΣ  ΠΡΩΤΟΔΙΚΕΙΟΥ ΒΟΛΟΥ (ΔΙΑΔΙΚΑΣΙΑ ΑΣΦΑΛΙΣΤΙΚΑ ΜΕΤΡΑ ) 94Η ΔΟΣΗΣ  ΔΙΑΚΑΝΟΝΙΣΜΟΥ ΟΦΕΙΛΩΝ ΦΙΛΥΡΑ,  ΣΥΜΦΩΝΑ ΜΕ ΤΑ ΙΔΙΩΤΙΚΑ ΣΥΜΦΩΝΗΤΙΚΑ ΡΥΘΜΙΣΗΣ ΟΦΕΙΛΩΝ ΜΕ ΑΡΙΘ.20454,20463,20458 ΤΗΣ 23/11/17 ΤΗ ΓΝΩΜΑΤΕΥΣΗ ΜΕ ΑΡΙΘ.6305/20-03-2019  ΤΗΣ ΔΙΚΗΓΟΡΟΥ ΚΑΙ ΤΟ ΠΡΑΚΤΙΚΟ ΔΣ 13/04-04-2019 ΘΕΜΑ 7.(ΠΑΡΟΧΗ 10103869)",090071204,ΔΗΜΟΤΙΚΗ ΕΠΙΧΕΙΡΗΣΗ ΥΔΡΕΥΣΗΣ ΑΠΟΧΕΤΕΥΣΗΣ ΒΟΛΟΥ,25.0,,0841α06
ΨΤΥΙ4690ΒΩ-5Ο9,2025-09-23,"ΠΡΟΜΗΘΕΙΑ ΟΞΥΓΟΝΟΥ ΜΕ ΣΥΜΒΑΣΗ ΤΟΥΣ ΜΗΝΕΣ ΑΥΓΟΥΣΤΟ,ΣΕΠΤΕΜΒΡΙΟ,ΟΚΤΩΒΡΙΟ,ΝΟΕΜΒΡΙΟ , ΔΕΚΕΜΒΡΙΟ 2024 (ΣΥΜΒ. 339/2022 ΧΕ 1519/2023)",095167018,ΛΙΝΤΕ ΕΛΛΑΣ ΜΟΝΟΠΡΟΣΩΠΗ  ΕΤΑΙΡΕΙΑ  ΠΕΡΙΟΡΙΣΜΕΝΗΣ ΕΥΘΥΝΗΣ,65896.2,,1614β01
92ΡΖ4690ΒΩ-6Λ4,2025-09-23,ΣΥΝ/ΣΗ ΚΑΙ ΕΠΙΣΚΕΥΗ ΟΡΘΟΠΑΝΤΟΓΡΑΦΟΥ ΜΕ ΣΥΜΒΑΣΗ ΑΠΟ  6/1/2024  ΕΩΣ 5/12/2024  (ΣΥΜΒ.90/2023 ΧΕ 2553/2024),998860010,ICON DYNAMICS ΙΑΤΡΙΚΑ ΜΗΧΑΝΗΜΑΤΑ ΙΔΙΩΤΙΚΗ ΚΕΦΑΛΑΙΟΥΧΙΚΗ ΕΤΑΙΡΕΙΑ,8250.0,,0887β01
96ΩΦ4690ΒΩ-Η69,2025-09-23,ΠΡΟΜΗΘΕΙΑ ΥΓΕΙΟΝΟΜΙΚΟΥ ΥΛΙΚΟΥ  (ΔΙΑΤΑΞΕΙΣ ΝΕΦΡΙΚΗΣ ΥΠΟΣΤΗΡΙΞΗΣ ) ΜΕ ΣΥΜΒΑΣΗ ΤΟΝ ΜΗΝΑ ΑΥΓΟΥΣΤΟ 2024 (ΣΥΜΒ.106/2024  ΧΕ 1678/2025,999056180,ΑΣΤΡΙΣ ΑΝΑΠΤΥΞΗ ΜΟΝΑΔΩΝ ΥΓΕΙΑΣ ΕΤΑΙΡΕΙΑ ΠΕΡΙΟΡΙΣΜΕΝΗΣ ΕΥΘΥΝΗΣ,5045.6,,1311β01
Ψ6ΓΙ4690ΒΩ-ΒΝΤ,2025-09-23,ΥΠΗΡΕΣΙΕΣ ΕΠΙΣΚΕΥΗΣ ΣΥΝΤΗΡΗΣΗΣ ΗΛΕΚΤΡΟΜΗΧΑΝΟΛΟΓΙΚΩΝ ΕΓΚΑΤΑΣΤΑΣΕΩΝ ΜΕ ΣΥΜΝΑΣΗ ΑΠΟ 1/3/2025  ΕΩΣ 31/3/2025  (ΣΥΜΒ. 93/2025),094081864,UNISON FACILITY SERVICES ΜΟΝΟΠΡΟΣΩΠΗ ΑΝΩΝΥΜΟΣ ΕΤΑΙΡΕΙΑ ΠΑΡΟΧΗΣ ΥΠΗΡΕΣΙΩΝ ΕΜΠΟΡΙΚΗ ΚΑΙ ΑΝΤΙΠΡΟΣΩΠΕΙΩΝ,33307.64,,0412α01
ΨΛΡΨ4690ΒΩ-ΡΤΠ,2025-09-23,ΥΠΗΡΕΣΙΕΣ ΕΠΙΣΚΕΥΗΣ ΣΥΝΤΗΡΗΣΗΣ ΗΛΕΚΤΡΟΜΗΧΑΝΟΛΟΓΙΚΩΝ ΕΓΚΑΤΑΣΤΑΣΕΩΝ ΜΕ ΣΥΜΒΑΣΗ ΑΠΟ 1/11/2024 ΕΩΣ  28/2/2025 (ΣΥΜΒ. 573/2024),094081864,UNISON FACILITY SERVICES ΜΟΝΟΠΡΟΣΩΠΗ ΑΝΩΝΥΜΟΣ ΕΤΑΙΡΕΙΑ ΠΑΡΟΧΗΣ ΥΠΗΡΕΣΙΩΝ ΕΜΠΟΡΙΚΗ ΚΑΙ ΑΝΤΙΠΡΟΣΩΠΕΙΩΝ,66615.28,,0412α01
ΨΛΡΨ4690ΒΩ-ΡΤΠ,2025-09-23,ΥΠΗΡΕΣΙΕΣ ΕΠΙΣΚΕΥΗΣ ΣΥΝΤΗΡΗΣΗΣ ΗΛΕΚΤΡΟΜΗΧΑΝΟΛΟΓΙΚΩΝ ΕΓΚΑΤΑΣΤΑΣΕΩΝ ΜΕ ΣΥΜΒΑΣΗ ΑΠΟ 1/11/2024 ΕΩΣ  28/2/2025 (ΣΥΜΒ. 573/2024),094081864,UNISON FACILITY SERVICES ΜΟΝΟΠΡΟΣΩΠΗ ΑΝΩΝΥΜΟΣ ΕΤΑΙΡΕΙΑ ΠΑΡΟΧΗΣ ΥΠΗΡΕΣΙΩΝ ΕΜΠΟΡΙΚΗ ΚΑΙ ΑΝΤΙΠΡΟΣΩΠΕΙΩΝ,64297.72,,0412β01
ΨΘΟΤ4690ΒΩ-ΖΑΟ,2025-09-23,ΦΥΛΑΞΗ ΧΩΡΩΝ ΠΑΛΑΙΑΣ ΚΑΙ ΝΕΑΣ ΠΤΕΡΥΓΑΣ ΓΝΒ ΜΕ ΣΥΜΒΑΣΗ ΑΠΟ 13/1/2025  ΕΩΣ 12/2/2025  (ΣΥΜΒ.69/2023 ΧΕ 2362/2023),099796300,SWEDISH ΣΟΥΙΝΤΙΣ SYSTEMS ΣΥΣΤΕΜΣ SECURITY ΣΕΚΙΟΥΡΙΤΙ  ΙΔΙΩΤΙΚΗ ΕΠΙΧΕΙΡΗΣΗ ΠΑΡΟΧΗΣ ΥΠΗΡΕΣΙΩΝ ΑΣΦΑΛΕΙΑΣ ΜΟΝΟΠΡΟΣΩΠΗ ΕΠΕ,17938.67,,0892α01
94474690ΒΩ-0ΚΙ,2025-09-23,"ΠΡΟΜΗΘΕΙΑ ΥΓΕΙΟΝΟΜΙΚΟΥ ΥΛΙΚΟΥ ΜΕ ΣΥΜΒΑΣΗ (ΣΥΜ 304/2022,ΧΕ 1953/2023) ΓΙΑ ΤΟΝ ΜΗΝΑ ΙΟΥΝΙΟ 2024",094450895,ΑΛΚΟΝ ΛΑΜΠΟΡΑΤΟΡΙΣ ΕΛΛΑΣ ΜΟΝΟΠΡΟΣΩΠΗ ΑΝΩΝΥΜΗ ΕΜΠΟΡΙΚΗ ΚΑΙ ΒΙΟΜΗΧΑΝΙΚΗ ΕΤΑΙΡΕΙΑ,952.32,,1311β01
9Φ054690ΒΩ-ΩΘΓ,2025-09-23,"ΠΡΟΜΗΘΕΙΑ ΥΓΡΩΝ ΚΑΥΣΙΜΩΝ ΝΟΣΟΚΟΜΕΙΟΥ, ΓΙΑ ΤΑ ΥΠ΄ ΑΡΙΘΜ. ΚΥ 7140, ΚΗΗ 2952 , ΚΗΗ 6053, ΟΧΗΜΑΤΑ ΙΔΙΟΚΤΗΣΙΑΣ Γ.Ν.Β., ΜΕ ΣΥΜΒΑΣΗ ΓΙΑ ΤΟΥΣ ΜΗΝΕΣ IΟΥΛΙΟ 2025, ΑΥΓΟΥΣΤΟ 2025 ( ΣΥΜΒ. 291/2024, 1οΧ.Ε. 2621/2024 ).",997663680,ΑΦΟΙ ΤΖΕΚΑ ΟΜΟΡΡΥΘΜΟΣ ΕΤΑΙΡΙΑ,745.56,,1611α01
6Σ1Θ4690ΒΩ-Ο5Α,2025-09-19,ΑΠΟΔΟΣΗ ΥΠΕΡ ΕΑΑΔΗΣΥ ΕΠΙ ΤΩΝ ΕΞΟΦΛΗΘΕΝΤΩΝ ΧΕ ΤΟΝ ΜΗΝΑ ΑΥΓΟΥΣΤΟ 2025 (Φ300),090166291,ΥΠΟΥΡΓΕΙΟ ΑΝΑΠΤΥΞΗΣ,1.12,,3399α08
655Η4690ΒΩ-ΥΛΓ,2025-09-19,ΑΠΟΔΟΣΗ ΥΠΕΡ ΔΗΜΟΣΙΟΥ (ΦΟΡΟΣ 1%) ΕΠΙ ΤΩΝ ΕΞΟΦΛΗΘΕΝΤΩΝ ΧΕ ΤΟΝ ΜΗΝΑ ΑΥΓΟΥΣΤΟ 2025 (Φ300),090165560,ΥΠΟΥΡΓΕΙΟ ΟΙΚΟΝΟΜΙΚΩΝ ΓΕΝΙΚΗ   ΔIEYΘΥΝΣΗ  Δ ΚΗΣΥΠ ΞΗΣ Δ ΟΙΚ,11.02,,3391α08
93Χ94690ΒΩ-3Ψ0,2025-09-19,ΑΠΟΔΟΣΗ ΥΠΕΡ  ΨΥΧΙΚΗΣ ΥΓΕΙΑΣ  (Ν 3580 ) ΕΠΙ ΤΩΝ ΕΞΟΦΛΗΘΕΝΤΩΝ ΧΕ ΤΟΝ ΜΗΝΑ ΑΥΓΟΥΣΤΟ 2025 (Φ400),099017070,ΥΠΟΥΡΓΕΙΟ ΥΓΕΙΑΣ ΠΡΟΝΟΙΑΣ,26.85,,3391α01
6ΑΚΕ4690ΒΩ-Σ66,2025-09-19,"ΑΠΟΔΟΣΗ ΥΠΕΡ ΔΗΜΟΣΙΟΥ (ΦΟΡΟΣ 1%,4%) ΕΠΙ ΤΩΝ ΕΞΟΦΛΗΘΕΝΤΩΝ ΧΕ ΤΟΝ ΜΗΝΑ ΑΥΓΟΥΣΤΟ 2025 (Φ400)",090165560,ΥΠΟΥΡΓΕΙΟ ΟΙΚΟΝΟΜΙΚΩΝ ΓΕΝΙΚΗ   ΔIEYΘΥΝΣΗ  Δ ΚΗΣΥΠ ΞΗΣ Δ ΟΙΚ,29.83,,3391α01
ΡΟΔΠ4690ΒΩ-ΙΔΤ,2025-09-19,ΑΠΟΔΟΣΗ ΥΠΕΡ ΕΑΑΔΗΣΥ ΕΠΙ ΤΩΝ ΕΞΟΦΛΗΘΕΝΤΩΝ ΧΕ ΤΟΝ ΜΗΝΑ ΑΥΓΟΥΣΤΟ 2025 (Φ400),090166291,ΥΠΟΥΡΓΕΙΟ ΑΝΑΠΤΥΞΗΣ,1.35,,3399α01
9ΛΒ74690ΒΩ-ΜΕΓ,2025-09-19,ΑΠΟΔΟΣΗ ΥΠΕΡ  ΑΡΧΗΣ ΕΞΕΤΑΣΗΣ  ΠΡΟΔΙΚΑΣΤΙΚΩΝ ΠΡΟΣΦΥΓΩΝ  (ΑΕΠΠ)ΕΠΙ ΤΩΝ ΕΞΟΦΛΗΘΕΝΤΩΝ ΧΕ ΤΟΝ ΜΗΝΑ ΑΥΓΟΥΣΤΟ 2025 (Φ100),090169674,ΥΠΟΥΡΓΕΙΟ ΔΙΚΑΙΟΣΥΝΗΣ,5.01,,3391α01
94Θ04690ΒΩ-0ΚΜ,2025-09-19,"ΑΠΟΔΟΣΗ  ΔΟΥ ΒΟΛΟΥ ( ΦΟΡΟΣ 1%, 4%,8)  ΕΠΙ ΤΩΝ ΕΞΟΦΛΗΘΕΝΤΩΝ ΧΕ ΤΟΝ ΜΗΝΑ ΑΥΓΟΥΣΤΟ 2025 (Φ100)",090165560,ΥΠΟΥΡΓΕΙΟ ΟΙΚΟΝΟΜΙΚΩΝ ΓΕΝΙΚΗ   ΔIEYΘΥΝΣΗ  Δ ΚΗΣΥΠ ΞΗΣ Δ ΟΙΚ,50898.0,,3391α01
ΡΠΤΡ4690ΒΩ-ΘΗΤ,2025-09-19,ΑΠΟΔΟΣΗ ΥΠΕΡ  ΔΟΥ ΒΟΛΟΥ (ΦΟΡΟΣ 20%)ΕΠΙ ΤΩΝ ΕΞΟΦΛΗΘΕΝΤΩΝ ΧΕ ΤΟΝ ΜΗΝΑ ΑΥΓΟΥΣΤΟ 2025 (Φ100),090165560,ΥΠΟΥΡΓΕΙΟ ΟΙΚΟΝΟΜΙΚΩΝ ΓΕΝΙΚΗ   ΔIEYΘΥΝΣΗ  Δ ΚΗΣΥΠ ΞΗΣ Δ ΟΙΚ,914.29,,3391α01
Ψ7ΕΟ4690ΒΩ-Ψ1Τ,2025-09-19,ΑΠΟΔΟΣΗ ΥΠΕΡ  ΨΥΧΙΚΗΣ ΥΓΕΙΑΣ  (Ν 3580 ΕΠΙ ΤΩΝ ΕΞΟΦΛΗΘΕΝΤΩΝ ΧΕ ΤΟΝ ΜΗΝΑ ΑΥΓΟΥΣΤΟ 2025 (Φ100),099017070,ΥΠΟΥΡΓΕΙΟ ΥΓΕΙΑΣ ΠΡΟΝΟΙΑΣ,24070.64,,1311β01
9Υ6Γ4690ΒΩ-0ΙΜ,2025-09-19,ΑΠΟΔΟΣΗ ΥΠΕΡ  ΔΟΥ ΒΟΛΟΥ (ΧΑΡΤ &ΟΓΑ ΧΑΡΤ )ΕΠΙ ΤΩΝ ΕΞΟΦΛΗΘΕΝΤΩΝ ΧΕ ΤΟΝ ΜΗΝΑ ΑΥΓΟΥΣΤΟ 2025 (Φ100),090165560,ΥΠΟΥΡΓΕΙΟ ΟΙΚΟΝΟΜΙΚΩΝ ΓΕΝΙΚΗ   ΔIEYΘΥΝΣΗ  Δ ΚΗΣΥΠ ΞΗΣ Δ ΟΙΚ,24.65,,3391α01
6ΗΚΡ4690ΒΩ-ΧΩΞ,2025-09-19,ΑΠΟΔΟΣΗ ΥΠΕΡ  ΕΑΑΔΗΣΥ ΕΠΙ ΤΩΝ ΕΞΟΦΛΗΘΕΝΤΩΝ ΧΕ ΤΟΝ ΜΗΝΑ ΑΥΓΟΥΣΤΟ 2025 (Φ100),090166291,ΥΠΟΥΡΓΕΙΟ ΑΝΑΠΤΥΞΗΣ,688.61,,3399α01
9Ο7Ν4690ΒΩ-ΖΩ0,2025-09-19,"ΠΡΟΜΗΘΕΙΑ  ΚΡΕΑΤΩΝ (ΧΟΙΡΙΝΟΥ) ΜΕ ΣΥΜΒΑΣΗ ΤΟΥΣ ΜΗΝΕΣ ΙΟΥΝΙΟ , ΙΟΥΛΙΟ 2025 (ΣΥΜΒ.370/2025) ΣΥΜΦΩΝΑ ΜΕ ΤΙΣ ΔΙΑΤΑΞΕΙΣ ΤΟΥ Ν. 5216/2025 αρθ.44 (ΦΕΚ 118 /τ. Α'/ 07-07-2025",103909496,"ΜΟΡΒΑΤΙΔΗΣ,,ΣΥΜΕΩΝ,ΣΑΒΒΑΣ",2406.29,,1511α01
6Θ104690ΒΩ-ΛΦ1,2025-09-19,ΠΡΟΜΗΘΕΙΑ ΝΩΠΩΝ ΚΡΕΑΤΩΝ ΜΕ ΣΥΜΒΑΣΗ ΤΟΝΜΜΗΝΑ ΙΟΥΝΙΟ 2025(ΣΥΜΒ.369/2025) ΣΥΜΦΩΝΑ ΜΕ ΤΙΣ ΔΙΑΤΑΞΕΙΣ ΤΟΥ Ν. 5216/2025 αρθ.44 (ΦΕΚ 118 /τ. Α'/ 07-07-2025,027877497,"ΜΠΟΥΤΛΑΣ,,ΣΠΥΡΙΔΩΝ,ΣΤΥΛΙΑΝΟΣ",7331.44,,1511α01
9ΕΔΛ4690ΒΩ-ΦΟΙ,2025-09-19,"ΠΡΟΜΗΘΕΙΑ ΥΓΕΙΟΝΟΜΙΚΟΥ ΥΛΙΚΟΥ (ΙΑΤΡΙΚΟΣ ΡΟΥΧΙΣΜΟΣ) ΜΕ ΣΥΜΒΑΣΗ ΤΟΥΣ ΜΗΝΕΣ ΣΕΠΤΕΜΒΡΙΟ,ΝΟΕΜΒΡΙΟ 2024 (ΣΥΜΒ.89/2024)",999862491,PAUL HARTMANΝ HELLAS ΑΝΩΝΥΜΗ ΕΤΑΙΡΕΙΑ ΕΜΠΟΡΙΑΣ ΚΑΙ ΚΑΤΑΣΚΕΥΗΣ ΙΑΤΡΙΚΩΝ ΠΡΟΙΟΝΤΩΝ ΚΑΙ ΠΡΟΙΟΝΤΩΝ ΑΤΟΜΙΚΗΣ ΥΓΙΕΙΝΗΣ,3649.57,,1311β01
9ΘΓΥ4690ΒΩ-Φ5Η,2025-09-19,"ΠΡΟΜΗΘΕΙΑ ΥΓΕΙΟΝΟΜΙΚΟΥ ΥΛΙΚΟΥ (ΙΑΤΡΙΚΟΣ ΡΟΥΧΙΣΜΟΣ) ΜΕ ΣΥΜΒΑΣΗ ΤΟΥΣ ΜΗΝΕΣ ΜΑΡΤΙΟ,ΑΠΡΙΛΙΟ,ΜΑΪΟ,ΙΟΥΝΙΟ,ΙΟΥΛΙΟ,ΑΥΓΟΥΣΤΟ,ΣΕΠΤΕΜΒΡΙΟ 2024 (ΣΥΜΒ.88/2024)",997672386,ΥΓΕΙΟΔΥΝΑΜΙΚΗ ΑΝΩΝΥΜΗ ΕΤΑΙΡΕΙΑ ΙΑΤΡΙΚΩΝ ΕΦΟΔΙΩΝ,9314.88,,1311β01
ΨΠΡΧ4690ΒΩ-ΗΝ4,2025-09-19,"ΠΡΟΜΗΘΕΙΑ ΥΓΕΙΟΝΟΜΙΚΟΥ ΥΛΙΚΟΥ  (ΙΑΤΡΙΚΟΣ ΡΟΥΧΙΣΜΟΣ) ΜΕ ΣΥΜΒΑΣΗ ΤΟΥΣ ΜΗΝΕΣ ΜΑΡΤΙΟ,ΑΠΡΙΛΙΟ,ΜΑΪΟ,ΙΟΥΝΙΟ,ΙΟΥΛΙΟ,ΑΥΓΟΥΣΤΟ,ΣΕΠΤΕΜΒΡΙΟ 2024 (ΣΥΜΒ.87/2024)",998179225,MILONAS HEALTH ΙΑΤΡΙΚΑ ΠΡΟΙΟΝΤΑ ΑΝΩΝΥΜΟΣ ΕΤΑΙΡΕΙΑ,6493.86,,1311β01
ΨΦΒΘ4690ΒΩ-ΠΞΗ,2025-09-19,"ΠΡΟΜΗΘΕΙΑ  ΓΑΛΑΚΤΟΣ ΜΕ ΣΥΜΒΑΣΗ ΤΟΥΣ ΜΗΝΕΣ ΑΠΡΙΛΙΟ,ΜΑΪΟ,ΙΟΥΝΙΟ,ΙΟΥΛΙΟ 2025 (ΣΥΜΒ. 126/2025) ΣΥΜΦΩΝΑ ΜΕ ΤΙΣ ΔΙΑΤΑΞΕΙΣ ΤΟΥ Ν. 5216/2025 αρθ.44 (ΦΕΚ 118 /τ. Α'/ 07-07-2025",096000124,ΑΓΡΟΤΙΚΟΣ ΣΥΝΕΤΑΙΡΙΣΜΟΣ ΒΟΛΟΥ,4983.84,,1511α01
6ΖΦ34690ΒΩ-11Δ,2025-09-19,ΣΥΝΤΗΡΗΣΗ -  ΥΠΗΣΤΗΡΙΞΗ ΤΩΝ ΕΦΑΡΜΓΩΝ ΤΟΥ  ΟΛΟΚΛΗΡΩΜΕΝΟΥ ΠΛΗΡΟΦΟΡΙΑΚΟΥ ΣΥΣΤΗΜΑΤΟΣ ΜΕ ΣΥΜΒΑΣΗ ΤΟΝ ΜΗΝΑ ΜΑΪΟ 2025 (ΣΥΜΒ.261/2025) ΣΥΜΦΩΝΑ ΜΕ ΤΙΣ ΔΙΑΤΑΞΕΙΣ ΤΟΥ Ν. 5216/2025 αρθ.44 (ΦΕΚ 118 /τ. Α'/ 07-07-2025,095403136,COMPUTER SOLUTIONS ΑΝΩΝΥΜΗ ΒΙΟΜΗΧΑΝΙΚΗ ΚΑΙ ΕΜΠΟΡΙΚΗ ΕΤΑΙΡΕΙΑ ΠΛΗΡΟΦΟΡΙΚΗΣ,10726.0,,0426α01
ΨΚ5Β4690ΒΩ-8ΚΩ,2025-09-19,ΑΜΟΙΒΗ ΣΥΝΤΗΡΗΣΗΣ - ΥΠΟΣΤΗΡΙΞΗΣ ΚΑΙ ΕΞΑΣΦΑΛΙΣΗ ΕΠΙΠΕΔΟΥ ΠΕΡΙΕΧΟΜΕΝΩΝ ΥΠΗΡΕΣΙΩΝ ΓΙΑ ΤΟ ΟΛΟΚΛΗΡΩΜΕΝΟ ΠΛΗΡΟΦΟΡΙΑΚΟ ΣΥΣΤΗΜΑ ΜΕ ΣΥΜΒΑΣΗ ΑΠΟ 23/1/2025 ΕΩΣ 22/4/2025 (ΣΥΜΒ.30/2025) ΣΥΜΦΩΝΑ ΜΕ ΤΙΣ ΔΙΑΤΑΞΕΙΣ ΤΟΥ Ν. 5216/2025 αρθ.44 (ΦΕΚ 118 /τ. Α'/ 07-072025,095403136,COMPUTER SOLUTIONS ΑΝΩΝΥΜΗ ΒΙΟΜΗΧΑΝΙΚΗ ΚΑΙ ΕΜΠΟΡΙΚΗ ΕΤΑΙΡΕΙΑ ΠΛΗΡΟΦΟΡΙΚΗΣ,32178.0,,0426α01
9ΠΥΙ4690ΒΩ-ΒΦΨ,2025-09-19,ΔΙΑΣΥΝΔΕΣΗ ΤΟΥ ΠΛΗΡΟΦΟΡΙΑΚΟΥ ΣΥΣΤΗΜΑΤΟΣ  «ΑΣΚΛΗΠΙΟΣ» ΜΕ ΤΟΝ ΕΛΛΗΝΙΚΟ ΟΡΓΑΝΙΣΜΟ ΕΠΑΛΗΘΕΥΣΗΣ ΦΑΡΜΑΚΩΝ  (HMVO) ΤΟΝ ΜΗΝΑ ΜΑΪΟ 2025 ΣΥΜΦΩΝΑ ΜΕ ΤΙΣ ΔΙΑΤΑΞΕΙΣ ΤΟΥ Ν. 5216/2025 αρθ.44 (ΦΕΚ 118 /τ. Α'/ 07-07-2025,095403136,COMPUTER SOLUTIONS ΑΝΩΝΥΜΗ ΒΙΟΜΗΧΑΝΙΚΗ ΚΑΙ ΕΜΠΟΡΙΚΗ ΕΤΑΙΡΕΙΑ ΠΛΗΡΟΦΟΡΙΚΗΣ,2852.0,,0426α01
ΨΜΦΚ4690ΒΩ-8ΞΚ,2025-09-19,ΤΑΚΤΙΚΤΕΣ ΑΠΟΔΟΧΕΣ - ΕΦΗΜΕΡΙΕΣ ΙΟΥΛΙΟΥ 2025 ΜΕ ΕΚΔΟΣΗ Α.Π.Υ.  ΓΙΑ ΤΗΝ ΚΑΛΥΨΗ ΕΠΙΤΑΚΤΙΚΩΝ ΑΝΑΓΚΩΝ ΩΤΟΡΙΝΟΛΑΡΥΓΓΟΛΟΓΙΚΟΥ ΤΜΗΜΑΤΟΣ ΠΡΩΙΝΟΥ ΤΑΚΤΙΚΟΥ ΩΡΑΡΙΟΥ  ΓΙΑ (12) ΔΩΔΕΚΑ  ΜΗΝΕΣ (15/5/2025 ΕΩΣ 14/5/2026),034322654,"ΚΑΡΑΓΚΟΥΝΗΣ,,ΠΑΝΑΓΙΩΤΗΣ,ΔΗΜΟΣ",1711.72,,0413α01
ΨΝΜΖ4690ΒΩ-ΣΦΨ,2025-09-16,ΤΑΚΤΙΚΕΣ ΑΠΟΔΟΧΕΣ - ΕΦΗΜΕΡΙΕΣ ΙΟΥΛΙΟΥ 2025 ΜΕ ΕΚΔΟΣΗ Α.Π.Υ. ΓΙΑ ΤΗΝ ΚΑΛΥΨΗ ΕΠΙΤΑΚΤΙΚΩΝ ΑΝΑΓΚΩΝ ΠΡΩΙΝΟΥ ΤΑΚΤΙΚΟΥ ΩΡΑΡΙΟΥ ΓΙΑ ΔΩΔΕΚΑ ΜΗΝΕΣ (17/2/2025 ΕΩΣ 16/2/2026) ΣΤΟ ΤΜΗΜΑ ΧΗΜΕΙΟΘΕΡΑΠΕΙΑΣ,156785626,"ΑΡΒΑΝΙΤΗ,,ΚΩΝΣΤΑΝΤΙΝΑ,ΓΕΩΡΓΙΟΣ",530.88,,0413α01
Ρ37Ο4690ΒΩ-ΖΞ3,2025-09-16,"ΣΥΝΤΗΡΗΣΗ -ΕΠΙΣΚΕΥΗ ΕΓΚΑΤΑΣΤΑΣΕΩΝ ΚΤΙΡΙΟΥ ΜΕ ΣΥΜΒΑΣΗ (ΣΥΜΒ. 224/2022 ,ΧΕ 650/2023 ) ΑΠΟ 02/12/2023-31/12 /2024",094373941,ΤΕΜΑΚ ΑΝΩΝΥΜΟΣ ΕΜΠΟΡΙΚΗ ΚΑΙ ΤΕΧΝΙΚΗ ΕΤΑΙΡΙΑ,6917.11,,0879β01
6ΥΟΖ4690ΒΩ-Β7Σ,2025-09-15,"ΠΡΟΜΗΘΕΙΑ ΥΓΕΙΟΝΟΜΙΚΟΥ ΥΛΙΚΟΥ  (ΟΦΘΑΛΜΟΛΟΓΙΚΑ ΥΛΙΚΑ) ΜΕ ΣΥΜΒΑΣΗ ΤΟΥΣ ΜΗΝΕΣ ΑΥΓΟΥΣΤΟΣ 2024 (ΣΥΜΒ. 327/2023,ΧΕ 2668/2024) ΣΥΜΦΩΝΑ ΜΕ ΤΙΣ ΔΙΑΤΑΞΕΙΣ ΤΟΥ Ν.5216/2025 αρθ.44  (ΦΕΚ 118/ τ.Α΄/07/07/2025)",801030526,Σ ΠΛΑΙΝΗΣ Ο ΛΟΥΚΑΙΔΗΣ ΟΕ,161.2,,1311β01
ΨΛΗ24690ΒΩ-9ΓΗ,2025-09-15,"ΠΡΟΜΗΘΕΙΑ ΥΓΕΙΟΝΟΜΙΚΟΥ ΥΛΙΚΟΥ  (ΥΛΙΚΩΝ ΑΙΜΟΔΥΝΑΜΙΚΟΥ: Α) ΥΛΙΚΩΝ ΑΓΓΕΙΟΓΡΑΦΙΑΣ ΚΑΙ Β) ΑΓΓΕΙΑΚΩΝ ΠΡΟΘΕΣΕΩΝ )ΜΕ ΣΥΜΒΑΣΗ ΤΟ ΜΗΝΑ ΔΕΚΕΜΒΡΙΟ 2024 (ΣΥΜΒ. 206/2023,XE 2766/2024) ΔΙΚΑΙΟΛΟΓΗΤΙΚΑ : ΠΑΡΑΣΤΑΤΙΚΑ :1078507066,1078507310,10",094498111,MEDTRONIC HELLAS ΙΑΤΡΙΚΑ ΜΗΧΑΝΗΜΑΤΑ ΜΟΝΟΠΡΟΣΩΠΗ ΑΝΩΝΥΜΗ ΕΜΠΟΡΙΚΗ ΕΤΑΙΡΕΙΑ,2994.28,,1311β01
9ΟΔΒ4690ΒΩ-ΨΦΨ,2025-09-15,"ΠΡΟΜΗΘΕΙΑ ΥΓΕΙΟΝΟΜΙΚΟΥ ΥΛΙΚΟΥ  (ΒΗΜΑΤΟΔΟΤΕΣ) ΜΕ ΣΥΜΒΑΣΗ ΤΟ  ΜΗΝΑ ΔΕΚΕΜΒΡΙΟ 2024 (ΣΥΜΒ. 374/2023,ΧΕ 823/2024)",094498111,MEDTRONIC HELLAS ΙΑΤΡΙΚΑ ΜΗΧΑΝΗΜΑΤΑ ΜΟΝΟΠΡΟΣΩΠΗ ΑΝΩΝΥΜΗ ΕΜΠΟΡΙΚΗ ΕΤΑΙΡΕΙΑ,9267.24,,1311β01
Ρ4204690ΒΩ-9Θ0,2025-09-15,"ΠΡΟΜΗΘΕΙΑ ΥΓΕΙΟΝΟΜΙΚΟΥ ΥΛΙΚΟΥ (ΟΦΘΑΛΜΟΛΟΓΙΚΑ ΥΛΙΚΑ) ΜΕ ΣΥΜΒΑΣΗ ΤΟΥΣ ΜΗΝΕΣ ΜΑΡΤΙΟ 2024, ΙΟΥΝΙΟΣ 2024 (ΣΥΜΒ. 331/2023,ΧΕ 2672/2024) ΣΥΜΦΩΝΑ ΜΕ ΤΙΣ ΔΙΑΤΑΞΕΙΣ ΤΟΥ Ν.5216/2025 αρθ.44 (ΦΕΚ 118/ τ.Α΄/07/07/2025)",082525697,ΑΝΑΣΤΑΣΙΟΣ ΜΑΥΡΟΓΕΝΗΣ ΙΑΤΡΟΤΕΧΝΟΛΟΓΙΚΑ ΕΙΔΗ ΑΝΩΝΥΜΗ ΕΤΑΙΡΕΙΑ,908.65,,1311β01
ΨΓ5Μ4690ΒΩ-4Κ3,2025-09-15,": ΠΡΟΜΗΘΕΙΑ ΥΓΕΙΟΝΟΜΙΚΟΥ ΥΛΙΚΟΥ (ΟΦΘΑΛΜΟΛΟΓΙΚΑ ΥΛΙΚΑ) ΜΕ ΣΥΜΒΑΣΗ ΤΟΥΣ ΜΗΝΕΣ ΙΟΥΝΙΟΣ 2024 (ΣΥΜΒ. 326/2023,ΧΕ 2668/2024) ΣΥΜΦΩΝΑ ΜΕ ΤΙΣ ΔΙΑΤΑΞΕΙΣ ΤΟΥ Ν.5216/2025 αρθ.44 (ΦΕΚ 118/ τ.Α΄/07/07/2025)",094450895,ΑΛΚΟΝ ΛΑΜΠΟΡΑΤΟΡΙΣ ΕΛΛΑΣ ΜΟΝΟΠΡΟΣΩΠΗ ΑΝΩΝΥΜΗ ΕΜΠΟΡΙΚΗ ΚΑΙ ΒΙΟΜΗΧΑΝΙΚΗ ΕΤΑΙΡΕΙΑ,344.72,,1311β01
ΨΛΝΤ4690ΒΩ-5ΕΣ,2025-09-15,ΠΡΟΜΗΘΕΙΑ ΥΓΕΙΟΝΟΜΙΚΟΥ ΥΛΙΚΟΥ ΜΕ ΣΥΜΒΑΣΗ (ΣΥΜ.342/2024) ΓΙΑ ΤΟΝ ΜΗΝΑ ΙΟΥΝΙΟ 2024,099370337,VIOLAK INTERNATIONAL ΝΟΣΟΚΟΜΕΙΑΚΟΥ ΕΞΟΠΛΙΣΜΟΥ ΑΝΩΝΥΜΗ ΕΜΠΟΡΙΚΗ ΕΤΑΙΡΕΙΑ,822.75,,1311β01
9ΟΟΥ4690ΒΩ-5ΔΦ,2025-09-15,"ΠΡΟΜΗΘΕΙΑ ΥΓΕΙΟΝΟΜΙΚΟΥ ΥΛΙΚΟΥ ΝΟΣΟΚΟΜΕΙΟΥ ΓΙΑ ΤΟΥΣ ΜΗΝΑ ΑΠΡΙΛΙΟ 2024 ΜΕ ΣΥΜΒΑΣΗ (ΣΥΜΒ.653/23,ΧΕ 2167/2024) ΣΥΜΦΩΝΑ ΜΕ ΤΙΣ ΔΙΑΤΑΞΕΙΣ ΤΟΥ Ν.5216/2025 αρθ.44 (ΦΕΚ 118/ τ.Α΄/07/07/2025)",099370337,VIOLAK INTERNATIONAL ΝΟΣΟΚΟΜΕΙΑΚΟΥ ΕΞΟΠΛΙΣΜΟΥ ΑΝΩΝΥΜΗ ΕΜΠΟΡΙΚΗ ΕΤΑΙΡΕΙΑ,146.07,,1311β01
ΨΗΘΔ4690ΒΩ-2Σ1,2025-09-15,"ΠΡΟΜΗΘΕΙΑ ΥΓΕΙΟΝΟΜΙΚΟΥ ΥΛΙΚΟΥ (ΟΦΘΑΛΜΟΛΟΓΙΚΑ ΥΛΙΚΑ) ΜΕ ΣΥΜΒΑΣΗ ΤΟΥΣ ΜΗΝΕΣ ΑΥΓΟΥΣΤΟΣ 2024 (ΣΥΜΒ. 327/2023,ΧΕ 2668/2024) ΣΥΜΦΩΝΑ ΜΕ ΤΙΣ ΔΙΑΤΑΞΕΙΣ ΤΟΥ Ν.5216/2025 αρθ.44 (ΦΕΚ 118/ τ.Α΄/07/07/2025)",801030526,Σ ΠΛΑΙΝΗΣ Ο ΛΟΥΚΑΙΔΗΣ ΟΕ,161.2,,1311α01
9Ι2Ζ4690ΒΩ-5ΓΓ,2025-09-15,ΑΜΟΙΒΗ ΙΔΙΩΤΗ ΙΑΤΡΟΥ ΕΙΔΙΚΟΤΗΤΑΣ ΟΔΟΝΤΙΑΤΡΙΚΗΣ ΓΙΑ ΚΑΛΥΨΗ ΕΦΗΜΕΡΙΩΝΤΟΝ ΜΗΝΑ ΙΟΥΛΙΟ 2025 ΜΕ ΕΚΔΟΣΗ ΔΕΛΤΙΟΥ ΑΠΟΔΕΙΞΗΣ ΠΑΡΟΧΗΣ ΥΠΗΡΕΣΙΩΝ ΓΙΑ ΤΟ ΧΡΟΝΙΚΟ ΔΙΑΣΤΗΜΑ  ΤΡΙΩΝ (3) ΜΗΝΩΝ ΑΠΟ 8/7/2025 ΕΩΣ 30/9/2025,050588536,"ΡΟΥΜΠΟΣ,,ΝΙΚΟΛ,ΙΩΑΝΝΗΣ",1250.0,,0413α01
ΨΦΗΝ4690ΒΩ-ΖΣΑ,2025-09-15,ΑΜΟΙΒΗ ΙΔΙΩΤΗ ΙΑΤΡΟΥ ΓΙΑ ΕΦΗΜΕΡΙΕΣ ΣΤΟ ΟΡΘΟΠΕΔΙΚΟ ΤΜΗΜΑ ΤΟΝ ΜΗΝΑ ΙΟΥΛΙΟ 2025 ΜΕ ΚΑΘΕΣΤΩΣ ΕΚΔΟΣΗΣ ΔΕΛΤΙΟΥ ΑΠΟΔΕΙΞΗΣ ΠΑΡΟΧΗΣ ΥΠΗΡΕΣΙΩΝ ΓΙΑ ΤΡΕΙΣ ΜΗΝΕΣ ΑΠΟ 8/7/2025 ΕΩΣ 30/9/2025,057539932,"ΜΠΕΗΣ,,ΚΩΝΣΤΑΝΤΙΝΟΣ,ΙΩΑΝΝΗΣ",750.0,,0413α01
ΨΜΣΜ4690ΒΩ-09Ξ,2025-09-15,ΑΜΟΙΒΗ ΙΔΙΩΤΗ ΙΑΤΡΟΥ ΓΙΑ ΕΦΗΜΕΡΙΕΣ ΣΤΟ ΧΕΙΡΟΥΡΓΙΚΟ ΤΜΗΜΑ ΤΟΝ ΜΗΝΑ ΙΟΥΛΙΟ 2025 ΜΕ ΚΑΘΕΣΤΩΣ ΕΚΔΟΣΗΣ ΔΕΛΤΙΟΥ ΑΠΟΔΕΙΞΗΣ ΠΑΡΟΧΗΣ ΥΠΗΡΕΣΙΩΝ ΓΙΑ ΤΡΕΙΣ ΜΗΝΕΣ ΑΠΟ 8/7/2025 ΕΩΣ 30/9/2025,113589615,"ΖΙΑΜΑΣ,,ΔΗΜΗΤΡΙΟΣ,ΧΡΗΣΤΟΣ",1000.0,,0413α01
6ΤΔΣ4690ΒΩ-ΗΡ4,2025-09-15,": ΠΡΟΜΗΘΕΙΑ ΥΓΕΙΟΝΟΜΙΚΟΥ ΥΛΙΚΟΥ  (ΟΦΘΑΛΜΟΛΟΓΙΚΑ ΥΛΙΚΑ) ΜΕ ΣΥΜΒΑΣΗ ΤΟΥΣ ΜΗΝΕΣ ΑΠΡΙΛΙΟ 2024, ΑΥΓΟΥΣΤΟΣ 2024 (ΣΥΜΒ. 329/2023,ΧΕ 2668/2024) ΣΥΜΦΩΝΑ ΜΕ ΤΙΣ ΔΙΑΤΑΞΕΙΣ ΤΟΥ Ν.5216/2025 αρθ.44  (ΦΕΚ 118/ τ.Α΄/07/07/2025)",800719006,VISION MED HELLAS I K E,3100.0,,1311β01
9ΒΕΚ4690ΒΩ-ΝΚΙ,2025-09-15,ΑΜΟΙΒΗ ΙΔΙΩΤΗ ΙΑΤΡΟΥ ΓΙΑ ΕΦΗΜΕΡΙΕΣ ΣΤΟ Μ/ΚΟ Γ/ΚΟ ΤΜΗΜΑ ΤΟΝ ΜΗΝΑ ΙΟΥΛΙΟ 2025 ΜΕ ΚΑΘΕΣΤΩΣ ΕΚΔΟΣΗΣ ΔΕΛΤΙΟΥ ΑΠΟΔΕΙΞΗΣ ΠΑΡΟΧΗΣ ΥΠΗΡΕΣΙΩΝ ΓΙΑ ΤΡΕΙΣ ΜΗΝΕΣ ΑΠΟ 8/7/2025 ΕΩΣ 30/9/2025,120430983,"ΘΑΝΟΠΟΥΛΟΥ,,ΒΑΣΙΛΙΚΗ,ΔΗΜΗΤΡΙΟΣ",750.0,,0413α01
9ΥΜΛ4690ΒΩ-Φ73,2025-09-15,": ΠΡΟΜΗΘΕΙΑ ΦΑΚΕΛΛΩΝ ΑΚΤΙΝΟΔΙΑΓΝΩΣΤΙΚΟΥ ΚΑΙ ΧΑΡΤΙΟΥ Α4, ΜΗΝΩΝ ΟΚΤΩΒΡΙΟΥ 2024, ΜΑΡΤΙΟΥ & ΜΑΪΟΥ 2025, ΧΩΡΙΣ ΣΥΜΒΑΣΗ, ΜΕ ΑΠΟΦΑΣΕΙΣ ΔΣ 45/27-9-24 Θ.46 & 7/22-5-25 Θ.7 ΚΑΙ ΑΠΟΦΑΣΗ ΔΙΟΙΚΗΤΗ 294/25 (ΑΠΟΦΑΣΗ ΔΣ 1/27-3-25 Θ.2 ΓΙΑ ΤΗ EΠΙΚΥΡΩΣΗ ΑΠΟΦΑΣΕΩΝ ΔΙΟΙΚΗΤΗ ΕΤΟΥΣ 2025), ΣΥΜΦΩΝΑ ΜΕ ΤΙΣ ΔΙΑΤΑΞΕΙΣ ΤΟΥ Ν.5216/2025 αρθ.44 (ΦΕΚ 118/ τ.Α΄/07/07/2025)",094102483,ΙΩΝΙΚΗ ΑΝΩΝΥΜΟΣ ΒΙΟΜΗΧΑΝΙΚΗ ΚΑΙ ΕΜΠΟΡΙΚΗ ΕΤΑΙΡΕΙΑ ΕΠΕΞΕΡΓΑΣΙΑΣ ΧΑΡΤΟΥ,685.84,,1293α01
9ΥΜΛ4690ΒΩ-Φ73,2025-09-15,": ΠΡΟΜΗΘΕΙΑ ΦΑΚΕΛΛΩΝ ΑΚΤΙΝΟΔΙΑΓΝΩΣΤΙΚΟΥ ΚΑΙ ΧΑΡΤΙΟΥ Α4, ΜΗΝΩΝ ΟΚΤΩΒΡΙΟΥ 2024, ΜΑΡΤΙΟΥ & ΜΑΪΟΥ 2025, ΧΩΡΙΣ ΣΥΜΒΑΣΗ, ΜΕ ΑΠΟΦΑΣΕΙΣ ΔΣ 45/27-9-24 Θ.46 & 7/22-5-25 Θ.7 ΚΑΙ ΑΠΟΦΑΣΗ ΔΙΟΙΚΗΤΗ 294/25 (ΑΠΟΦΑΣΗ ΔΣ 1/27-3-25 Θ.2 ΓΙΑ ΤΗ EΠΙΚΥΡΩΣΗ ΑΠΟΦΑΣΕΩΝ ΔΙΟΙΚΗΤΗ ΕΤΟΥΣ 2025), ΣΥΜΦΩΝΑ ΜΕ ΤΙΣ ΔΙΑΤΑΞΕΙΣ ΤΟΥ Ν.5216/2025 αρθ.44 (ΦΕΚ 118/ τ.Α΄/07/07/2025)",094102483,ΙΩΝΙΚΗ ΑΝΩΝΥΜΟΣ ΒΙΟΜΗΧΑΝΙΚΗ ΚΑΙ ΕΜΠΟΡΙΚΗ ΕΤΑΙΡΕΙΑ ΕΠΕΞΕΡΓΑΣΙΑΣ ΧΑΡΤΟΥ,93.0,,1293β01
ΨΟ984690ΒΩ-ΜΑΝ,2025-09-15,"ΠΡΟΜΗΘΕΙΑ  ΥΓΕΙΟΝΟΜΙΚΟΥ ΥΛΙΚΟΥ ΝΟΣΟΚΟΜΕΙΟΥ ΓΙΑ ΤΟΝ ΜΗΝΑ  ΜΕ ΣΥΜΒΑΣΗ (ΣΥΜΒ.618/22,ΧΕ 1069/2024)  ΓΙΑ ΤΟΝ ΜΗΝΑ ΙΟΥΝΙΟ 2024, ΑΥΓΟΥΣΤΟ 2024, ΣΕΠΤΕΜΒΡΙΟ 2024 ΣΥΜΦΩΝΑ ΜΕ ΤΙΣ ΔΙΑΤΑΞΕΙΣ ΤΟΥ Ν.5216/2025 αρθ.44  (ΦΕΚ 118/ τ.Α΄/07/07/2025)",099370337,VIOLAK INTERNATIONAL ΝΟΣΟΚΟΜΕΙΑΚΟΥ ΕΞΟΠΛΙΣΜΟΥ ΑΝΩΝΥΜΗ ΕΜΠΟΡΙΚΗ ΕΤΑΙΡΕΙΑ,362.08,,1311β01
6ΤΨΤ4690ΒΩ-ΣΚ9,2025-09-15,ΔΙΑΦΗΜΙΣΕΙΣ- ΔΗΜΟΣΙΕΥΣΕΙΣ ΠΡΟΚΗΡΥΞΕΩΝ ΔΙΑΓΩΝΙΣΜΩΝ ΝΟΣΟΚΟΜΕΙΟΥ ΓΙΑ ΤΟ ΜΗΝΑ ΑΥΓΟΥΣΤΟ 2025,130456160,"ΚΑΡΕΚΛΙΔΗΣ,,ΑΡΧΙΜΗΔΗΣ,ΓΕΩΡΓΙΟΣ",398.04,,0851α01
9Φ2Δ4690ΒΩ-ΙΛΛ,2025-09-15,ΔΙΑΦΗΜΙΣΕΙΣ- ΔΗΜΟΣΙΕΥΣΕΙΣ ΠΡΟΚΗΡΥΞΕΩΝ ΔΙΑΓΩΝΙΣΜΩΝ ΝΟΣΟΚΟΜΕΙΟΥ ΓΙΑ ΤΟΥΣ ΜΗΝΕΣ ΙΟΥΛΙΟ & ΑΥΓΟΥΣΤΟ 2025,047057290,"ΤΣΙΝΤΣΙΝΗ,,ΠΑΡΑΣΚΕΥΗ,ΓΕΩΡΓΙΟΣ",453.84,,0851α01
6ΝΓΙ4690ΒΩ-ΕΧΗ,2025-09-15,": ΠΡΟΜΗΘΕΙΑ ΥΓΕΙΟΝΟΜΙΚΟΥ ΥΛΙΚΟΥ  (ΟΦΘΑΛΜΟΛΟΓΙΚΑ ΥΛΙΚΑ) ΜΕ ΣΥΜΒΑΣΗ ΤΟΥΣ ΜΗΝΕΣ NOEMΒΡΙΟ 2023,ΜΑΡΤΙΟΣ 2024,ΑΠΡΙΛΙΟΣ 2024, ΙΟΥΝΙΟΣ 2024,ΑΥΓΟΥΣΤΟΣ 2024 (ΣΥΜΒ. 330/2023,ΧΕ 2668/2024) ΣΥΜΦΩΝΑ ΜΕ ΤΙΣ ΔΙΑΤΑΞΕΙΣ ΤΟΥ Ν.5216/2025 αρθ.44  (ΦΕΚ 118/ τ.Α΄/07/07/2025)",091538410,ΛΕΩΝ ΣΑΛΤΙΕΛ ΚΑΙ ΥΙΟΙ ΟΕ,1025.48,,1311β01
9Ρ8Κ4690ΒΩ-Α2Φ,2025-09-09,ΔΙΑΦΗΜΙΣΕΙΣ- ΔΗΜΟΣΙΕΥΣΕΙΣ ΠΡΟΚΗΡΥΞΕΩΝ ΔΙΑΓΩΝΙΣΜΩΝ ΝΟΣΟΚΟΜΕΙΟΥ ΓΙΑ ΤΟΥΣ ΜΗΝΕΣ ΙΟΥΛΙΟ & ΑΥΓΟΥΣΤΟ 2025,801818159,ΜΟΝΟΤΥΠΙΑ ΜΟΝΟΠΡΟΣΩΠΗ Ι Κ Ε,889.08,,0851α01
ΨΧΣΣ4690ΒΩ-ΠΔΙ,2025-09-05,: ΕΙΣΦΟΡΕΣ ΣΤΟΝ ΕΦΚΑ ΤΑΚΤΙΚΩΝ ΑΠΟΔΟΧΩΝ ΜΑΪΟΥ 2025 ΤΟΥ ΕΙΔΙΚΟΥ ΠΡΟΓΡΑΜΜΑΤΟΣ ΑΠΑΣΧΟΛΗΣΗΣ 1135 ΑΝΕΡΓΟΙ ΣΤΟ ΧΩΡΟ ΤΗΣ ΥΓΕΙΑΣ,090003373,ΙΚΑ,299.92,,0561α01
Ψ1Κ04690ΒΩ-ΩΟΨ,2025-09-05,"ΚΑΤΑΒΟΛΗ ΑΣΦΑΛΙΣΤΡΩΝ ΤΩΝ ΥΠ ΄ ΑΡΙΘΜ. ΚΗΗ 2952,ΚΥ 7140,ΚΗΗ 6053,ΚΗΙ 4605 ΟΧΗΜΑΤΩΝ ΙΔΙΟΚΤΗΣΙΑΣ ΓΝΒ ΑΠΟ 3/9/2025 ΕΩΣ 3/9/2026",094029251,ΑΤΛΑΝΤΙΚΗ ΕΝΩΣΗ ΑΕ ΓΕΝΙΚΩΝ ΑΣΦΑΛΙΣΕΩΝ,1549.0,,0892α01
9ΗΣ94690ΒΩ-Κ5Ω,2025-09-04,ΦΥΛΑΞΗ ΧΩΡΩΝ ΠΑΛΑΙΑΣ ΚΑΙ ΝΕΑΣ ΠΤΕΡΥΓΑΣ ΓΝΒ ΜΕ ΣΥΜΒΑΣΗ ΑΠΟ 13/12/2024 ΕΩΣ 12/1/2025 (ΣΥΜΒ.69/2023 ΧΕ 2362/2023 ),099796300,SWEDISH ΣΟΥΙΝΤΙΣ SYSTEMS ΣΥΣΤΕΜΣ SECURITY ΣΕΚΙΟΥΡΙΤΙ  ΙΔΙΩΤΙΚΗ ΕΠΙΧΕΙΡΗΣΗ ΠΑΡΟΧΗΣ ΥΠΗΡΕΣΙΩΝ ΑΣΦΑΛΕΙΑΣ ΜΟΝΟΠΡΟΣΩΠΗ ΕΠΕ,17938.67,,0892α01
ΨΚΤΟ4690ΒΩ-0ΑΥ,2025-09-04,ΚΑΘΑΡΙΟΤΗΤΑ ΧΩΡΩΝ ΠΑΛΑΙΑΣ ΚΑΙ ΝΕΑΣ ΠΤΕΡΥΓΑΣ ΤΟΥ ΓΝΒ ΜΕ ΣΥΜΒΑΣΗ ΑΠΟ 1/4/2025 ΕΩΣ 2/4/2025 (ΣΥΜΒ.33/2025 XE 943/2025,998309282,IPIROTIKI FACILITY SERVICES ΑΝΩΝΥΜΟΣ ΙΔΙΩΤΙΚΗ ΕΤΑΙΡΕΙΑ ΠΑΡΟΧΗΣ ΥΠΗΡΕΣΙΩΝ ΚΑΘΑΡΙΣΜΟΥ ΕΜΠΟΡΙΚΗ ΚΑΙ ΑΝΤΙΠΡΟΣΩΠΕΙΩΝ,4275.27,,0845α01
98ΥΕ4690ΒΩ-9Μ1,2025-09-04,ΚΑΘΑΡΙΟΤΗΤΑ ΧΩΡΩΝ ΓΝΒ ΣΤΟ ΠΛΑΙΣΙΟ ΑΝΤΙΜΕΤΩΠΙΣΗΣ ΚΑΙ ΠΕΡΙΟΡΙΣΜΟΥ ΔΙΑΔΟΣΗΣ COVID-19 ΑΠΟ 1/4/2025 ΕΩΣ 18/4/2025 (ΣΥΜΒ. 34/2025 ΧΕ 945/2025),998309282,IPIROTIKI FACILITY SERVICES ΑΝΩΝΥΜΟΣ ΙΔΙΩΤΙΚΗ ΕΤΑΙΡΕΙΑ ΠΑΡΟΧΗΣ ΥΠΗΡΕΣΙΩΝ ΚΑΘΑΡΙΣΜΟΥ ΕΜΠΟΡΙΚΗ ΚΑΙ ΑΝΤΙΠΡΟΣΩΠΕΙΩΝ,6335.74,,0845α01
ΕΛΜ54690ΒΩ-7ΕΩ,2025-09-02,": ΣΥΝTHΡΗΣΗ ΚΑΙ ΕΠΙΣΚΕΥΗ ΣΥΣΤΗΜΑΤΩΝ  ΙΑΤΡΙΚΩΝ ΑΕΡΙΩΝ ΜΕ ΣΥΜΒΑΣΗ (ΣΥΜ.225/2022,ΧΕ 651/2023) ΓΙΑ ΤΗΝ ΠΕΡΙΟΔΟ ΑΠΟ 28/12/2023-26/06/2024",094373861,Γ ΣΑΜΑΡΑΣ ΑΝΩΝΥΜΟΣ ΒΙΟΤΕΧΝΙΚΗ ΕΜΠΟΡΙΚΗ ΕΤΑΙΡΕΙΑ ΣΥΣΤΗΜΑΤΑ ΙΑΤΡΙΚΩΝ ΑΕΡΙΩΝ,4960.0,,0879β01
Ρ82Β4690ΒΩ-ΣΧΧ,2025-09-02,"ΠΡΟΜΗΘΕΙΑ ΕΙΔΩΝ ΚΑΘΑΡΙΟΤΗΤΑΣ ΜΕ ΣΥΜΒΑΣΗ ΤΟΥΣ ΜΗΝΕΣ  ΑΠΡΙΛΙΟ 2024 ,ΜΑΙΟ 2024 (ΣΥΜΒ.584/2023,ΧΕ 2722/2024 ) ΣΥΜΦΩΝΑ ΜΕ ΤΙΣ ΔΙΑΤΑΞΕΙΣ ΤΟΥ Ν.5216/2025 αρθ.44  (ΦΕΚ 118/ τ.Α΄/07/07/2025)",999685389,ΠΕΤΡΟΣ ΧΑΡ ΚΟΣΜΙΔΗΣ ΚΑΙ ΣΙΑ ΕΕ,1827.56,,1381β01
93684690ΒΩ-ΜΧΑ,2025-09-02,"ΠΡΟΜΗΘΕΙΑ ΕΙΔΩΝ ΚΑΘΑΡΙΟΤΗΤΑΣ ΜΕ ΣΥΜΒΑΣΗ ΤΟ ΜΗΝΑ   ΜΑΡΤΙΟ 2024 (ΣΥΜΒ.626/2023,ΧΕ 2545/2024 ) ΣΥΜΦΩΝΑ ΜΕ ΤΙΣ ΔΙΑΤΑΞΕΙΣ ΤΟΥ Ν.5216/2025 αρθ.44  (ΦΕΚ 118/ τ.Α΄/07/07/2025) ΔΙΚΑΙΟΛΟΓΗΤΙΚΑ : ΠΑΡΑΣΤΑΤΙΚΑ :68903",999685389,ΠΕΤΡΟΣ ΧΑΡ ΚΟΣΜΙΔΗΣ ΚΑΙ ΣΙΑ ΕΕ,496.0,,1311β01
ΨΘ9Χ4690ΒΩ-9ΟΕ,2025-09-02,"ΠΡΟΜΗΘΕΙΑ ΥΓΕΙΟΝΟΜΙΚΟΥ ΥΛΙΚΟΥ ΜΕ ΣΥΜΒΑΣΗ (ΣΥΜ 304/2022,ΧΕ 1953/2023) ΓΙΑ ΤΟΝ ΜΗΝΑ ΙΟΥΝΙΟ 2024",999685389,ΠΕΤΡΟΣ ΧΑΡ ΚΟΣΜΙΔΗΣ ΚΑΙ ΣΙΑ ΕΕ,397.5,,1351β01
Ε7214690ΒΩ-ΚΤ6,2025-09-02,"ΠΡΟΜΗΘΕΙΑ ΥΓΕΙΟΝΟΜΙΚΟΥ ΥΛΙΚΟΥ ΜΕ ΣΥΜΒΑΣΗ (ΣΥΜ 304/2022,ΧΕ 1953/2023) ΓΙΑ ΤΟΝ ΜΗΝΑ ΙΟΥΝΙΟ 2024",094450895,ΑΛΚΟΝ ΛΑΜΠΟΡΑΤΟΡΙΣ ΕΛΛΑΣ ΜΟΝΟΠΡΟΣΩΠΗ ΑΝΩΝΥΜΗ ΕΜΠΟΡΙΚΗ ΚΑΙ ΒΙΟΜΗΧΑΝΙΚΗ ΕΤΑΙΡΕΙΑ,952.32,,1311β01
60ΖΒ4690ΒΩ-ΣΝΚ,2025-09-02,": ΠΡΟΜΗΘΕΙΑ ΕΙΔΩΝ ΚΑΘΑΡΙΟΤΗΤΑΣ ΜΕ ΣΥΜΒΑΣΗ ΤΟΥΣ ΜΗΝΕΣ  ΑΠΡΙΛΙΟ 2024 ,ΑΥΓΟΥΣΤΟ 2024 (ΣΥΜΒ.256/2023,ΧΕ 2722/2024 ) ΣΥΜΦΩΝΑ ΜΕ ΤΙΣ ΔΙΑΤΑΞΕΙΣ ΤΟΥ Ν.5216/2025 αρθ.44  (ΦΕΚ 118/ τ.Α΄/07/07/2025) ΔΙΚΑΙΟΛΟΓΗΤΙΚΑ : ΠΑΡΑΣΤΑΤΙΚΑ :70067,72677",999685389,ΠΕΤΡΟΣ ΧΑΡ ΚΟΣΜΙΔΗΣ ΚΑΙ ΣΙΑ ΕΕ,1800.93,,1381β01
6ΧΟ04690ΒΩ-ΞΓΛ,2025-09-02,"ΠΡΟΜΗΘΕΙΑ ΧΗΜΙΚΟΥ ΥΛΙΚΟΥ   (ΑΝΤΙΔΡΑΣΤΗΡΙΑ ΑΙΜΟΔΟΣΙΑΣ ) ΜΕ  ΣΥΜΒΑΣΗ ΤΟΝ ΜΗΝΑ ΙΟΥΝΙΟ 2024 (ΣΥΜΒ. 233/2023,ΧΕ 2711/2024)",095580571,ΑΛΦΑ ΜΕΝΤΙΚΑΛ ΕΙΣΑΓΩΓΕΣ ΚΑΙ ΑΝΤΙΠΡΟΣΩΠΕΙΕΣ ΙΑΤΡΟΤΕΧΝΟΛΟΓΙΚΩΝ ΚΑΙ ΦΑΡΜΑΚΕΥΤΙΚΩΝ ΠΡΟΙΟΝΤΩΝ ΑΝΩΝΥΜΟΣ ΕΜΠΟΡΙΚΗ  ΒΙΟΜΗΧΑΝΙΚΗ,4532.56,,1359β01
6ΗΨΟ4690ΒΩ-ΥΒΚ,2025-09-02,"ΠΡΟΜΗΘΕΙΑ ΧΗΜΙΚΟΥ ΥΛΙΚΟΥ   (ΑΝΤΙΔΡΑΣΤΗΡΙΑ ΑΙΜΟΔΟΣΙΑΣ ) ΜΕ  ΣΥΜΒΑΣΗ ΤΟΝ ΜΗΝΑ ΙΟΥΝΙΟ 2024 (ΣΥΜΒ. 233/2023,ΧΕ 2711/2024)",095618368,ΕΜΠΟΡΙΑ ΚΑΙ ΤΕΧΝΟΓΝΩΣΙΑ ΦΑΡΜΑΚΕΥΤΙΚΩΝ ΚΑΙ ΠΑΡΑΦΑΡΜΑΚΕΥΤΙΚΩΝ ΕΙΔΩΝ ΕΠΕ,954.0,,1359β01
9Σ874690ΒΩ-ΒΤΔ,2025-09-02,ΠΡΟΜΗΘΕΙΑ FILMS ΝΟΣΟΚΟΜΕΙΟΥ ΓΙΑ ΤΟΝ ΜΗΝΑ ΑΥΓΟΥΣΤΟ 2024 ΜΕ ΣΥΜΒΑΣΗ (ΣΥΜΒ. 339/2024) ΣΥΜΦΩΝΑ ΜΕ ΤΙΣ ΔΙΑΤΑΞΕΙΣ ΤΟΥ Ν.5216/2025 αρθ.44  (ΦΕΚ 118/ τ.Α΄/07/07/2025),998570797,CARESTREAM HEALTH HELLAS ΙΑΤΡΙΚΑ ΚΑΙ ΟΔΟΝΤΙΑΤΡΙΚΑ ΠΡΟΙΟΝΤΑ ΚΑΙ ΥΠΗΡΕΣΙΕΣ ΜΟΝΟΠΡΟΣΩΠΗ ΕΤΑΙΡΕΙΑ ΠΕΡΙΟΡΙΣΜΕΝΗΣ ΕΥΘΥΝΗΣ,2108.0,,1741β01
9ΓΘΟ4690ΒΩ-Τ0Β,2025-08-29,: ΑΥΤΟΜΑΤΗ ΕΓΓΡΑΦΗ (ΤΡΑΠΕΖΙΚΑ ΕΞΟΔΑ ) ΛΟΓΑΡΙΣΜΟΥ ΓΙΑ ΠΛΗΡΩΜΕΣ ΠΡΟΜΗΘΕΥΤΩΝ,094014213,ΤΡΑΠΕΖΑ ΤΗΣ ΕΛΛΑΔΟΣ ΑΕ,47.6,,0431α01
ΨΤΣΝ4690ΒΩ-Χ9Μ,2025-08-29,ΑΙΤΙΟΛΟΓΙΑ : ΑΥΤΟΜΑΤΗ ΕΓΓΡΑΦΗ (ΤΡΑΠΕΖΙΚΑ ΕΞΟΔΑ ) ΛΟΓΑΡΙΣΜΟΥ ΓΙΑ ΠΛΗΡΩΜΕΣ ΠΡΟΜΗΘΕΥΤΩΝ,094014250,EUROBANK ERGASIAS ΥΠΗΡΕΣΙΩΝ ΚΑΙ ΣΥΜΜΕΤΟΧΩΝ ΑΝΩΝΥΜΗ ΕΤΑΙΡΕΙΑ,48.05,,0431α01
9ΡΤΩ4690ΒΩ-ΝΕ4,2025-08-29,"ΠΡΟΜΗΘΕΙΑ ΤΡΑΠΕΖΙΚΩΝ ΕΡΓΑΣΙΩΝ ΓΙΑ ΕΞΕΡΧΟΜΕΝΕΣ ΜΕΤΑΦΟΡΕΣ ΠΙΣΤΩΣΕΩΝ ΣΕ ΤΡΑΠΕΖΕΣ ΤΟΥ ΕΞΩΤΕΡΙΚΟΥ ( χε 1670,1671/2025)",094014250,EUROBANK ERGASIAS ΥΠΗΡΕΣΙΩΝ ΚΑΙ ΣΥΜΜΕΤΟΧΩΝ ΑΝΩΝΥΜΗ ΕΤΑΙΡΕΙΑ,2.4,,0431α01
9ΛΥΔ4690ΒΩ-Α2Η,2025-08-29,ΠΡΟΜΗΘΕΙΑ ΥΓΕΙΟΝΟΜΙΚΟΥ ΥΛΙΚΟΥ  ΜΕ ΣΥΜΒΑΣΗ (ΣΥΜ.447/2024) ΓΙΑ ΤΟΝ ΜΗΝΑ ΑΥΓΟΥΣΤΟ 2024  ΣΥΜΦΩΝΑ ΜΕ ΤΙΣ ΔΙΑΤΑΞΕΙΣ ΤΟΥ Ν.5216/2025 αρθ.44  (ΦΕΚ 118/ τ.Α΄/07/07/2025),094446034,Y LOGIMED ΜΟΝΟΠΡΟΣΩΠΗ ΑΝΩΝΥΜΗ ΕΤΑΙΡΕΙΑ ΕΙΣΑΓΩΓΗΣ ΕΜΠΟΡΙΑΣ ΚΑΙ ΕΦΟΔΙΑΣΜΟΥ ΙΑΤΡΟΤΕΧΝΟΛΟΓΙΚΩΝ ΠΡΟΙΟΝΤΩΝ,7499.3,,1311β01
6ΓΗΒ4690ΒΩ-ΣΘΚ,2025-08-29,"ΠΡΟΜΗΘΕΙΑ ΕΝΤΕΡΙΚΩΝ ΤΡΟΦΩΝ ΧΩΡΙΣ ΣΥΜΒΑΣΗ ΜΕ ΑΠΟΦΑΣΗ ΔΣ  25/30-5-2024 (Θ.22ο),31/11-7-2024(Θ.7ο),39/5-9-2024 (Θ. 3ο),45/27-9-2024 (Θ.28ο) ,ΑΠΟΦ.ΔΙΟΙΚΤΗ 565/2024,735/2024 ΤΟΥΣ ΜΗΝΕΣ ΜΑΪΟ,ΙΟΥΝΙΟ,ΙΟΥΛΙΟ,ΑΥΓΟΥΣΤΟ,ΣΕΠΤΕΜΒΡΙΟ,ΟΚΤΩΒΡΙΟ,ΝΟΕΜΒΡΙΟ,ΔΕΚΕΜΒΡΙΟ 2024 ΣΥΜΦΩΝΑ ΜΕ ΤΙΣ ΔΙΑΤΑΞΕΙΣ ΤΟΥ Ν. 5216/2025 αρθ.44 (ΦΕΚ 118 /τ. Α'/ 07-07-2025",998871428,MEDELLA ΦΑΡΜΑΚΕΥΤΙΚΑ ΠΡΟΙΟΝΤΑ ΙΑΤΡΙΚΑ ΜΗΧΑΝΗΜΑΤΑ ΑΝΩΝΥΜΗ ΒΙΟΜΗΧΑΝΙΚΗ ΚΑΙ ΕΜΠΟΡΙΚΗ ΕΤΑΙΡΕΙΑ,7500.56,,1511β01
9Ο084690ΒΩ-Ο6Μ,2025-08-29,ΠΡΟΜΗΘΕΙΑ ΕΝΤΕΡΙΚΩΝ ΤΡΟΦΩΝ ΜΕ ΣΥΜΒΑΣΗ ΤΟΝ ΜΗΝΑ ΜΑΡΤΙΟ  2024 (ΣΥΜΒ. 620/2022 ΧΕ  1932/2023),998871428,MEDELLA ΦΑΡΜΑΚΕΥΤΙΚΑ ΠΡΟΙΟΝΤΑ ΙΑΤΡΙΚΑ ΜΗΧΑΝΗΜΑΤΑ ΑΝΩΝΥΜΗ ΒΙΟΜΗΧΑΝΙΚΗ ΚΑΙ ΕΜΠΟΡΙΚΗ ΕΤΑΙΡΕΙΑ,283.66,,1511β01
6ΤΥΒ4690ΒΩ-ΩΗ2,2025-08-29,ΠΡΟΜΗΘΕΙΑ ΔΙΑΦΟΡΩΝ ΑΝΤΑΛΛΑΚΤΙΚΩΝ ΜΕ ΣΥΜΒΑΣΗ ΤΟΝ ΜΗΝΑ ΑΠΡΙΛΙΟ 2024 (ΣΥΜΒ.218/2024) ΣΥΜΦΩΝΑ ΜΕ ΤΙΣ ΔΙΑΤΑΞΕΙΣ ΤΟΥ Ν. 5216/2025 αρθ.44 (ΦΕΚ 118 /τ. Α'/ 07-07-2025),095526068,HOSPITECNICA ΝΟΣΟΚΟΜΕΙΑΚΟΣ ΕΞΟΠΛΙΣΜΟΣ ΕΓΚΑΤΑΤΑΣΕΙΣ ΣΥΝΤΗΡΗΣΕΙΣ ΕΠΕ,5952.0,,1429β01
6ΞΨΜ4690ΒΩ-ΒΚΡ,2025-08-29,"ΠΡΟΜΗΘΕΙΑ ΣΥΣΚΕΥΩΝ ΠΛΥΣΗΣ ΑΝΑΡΡΟΦΗΣΗΣ, ΜΗΝΟΣ ΦΕΒΡΟΥΑΡΙΟΥ 2024, ΧΩΡΙΣ ΣΥΜΒΑΣΗ, ΜΕ ΑΠΟΦΑΣΗ ΔΣ 53/30-11-23 Θ.32, ΣΥΜΦΩΝΑ ΜΕ ΤΙΣ ΔΙΑΤΑΞΕΙΣ ΤΟΥ Ν.5216/2025 αρθ.44  (ΦΕΚ 118/ τ.Α΄/07/07/2025) ΔΙΚΑΙΟΛΟΓΗΤΙΚΑ : ΠΑΡΑΣΤΑΤΙΚΑ :18534 Ο Συντάξας                   Η Προισταμένη Οικον.Τμήματος                             Η Διευθύντρια Διοικ.-Οικ.Υπηρ                                                                                                                                                                                                                                                                          Λαμπρινή Γιαννακού                                                        Μιχαηλούλα Κάρτου                             ΣΥΝΟΛΟ ΚΡΑΤΗΣΕΩΝ : ΠΕΝΗΝΤΑ ΕΠΤΑ ΕΥΡΩ & ΕΞΗΝΤΑ ΛΕΠΤΑ 57,60  ΕΞΟΦΛΗΣΗ ΧΡΗΜΑΤΙΚΟΥ ΕΝΤΑΛΜΑΤΟΣ ΣΤΟΙΧΕΙΑ ΕΠΙΚΟΙΝΩΝΙΑΣ (ΠΟΛΥΜΕΡΗ 134 - Τ.Κ. 38222 - ΒΟΛΟΣ - ΤΗΛ. 2421351239 - FAX ) ΜΕΤΡΗΤΑ :  (ποσό) ΕΠΙΤΑΓΗ : Αριθμός επιταγής Ημερομηνία έκδοσης επιταγής (ποσό) Ονοματεπώνυμο λαβόντος :   Αριθμός Ταυτότητας :   Ημερομηνία Εξόφλησης :  Ο/Η ΤΑΜΙΑΣ     ΣΥΝΗΜΜΕΝΑ - ΔΙΚΑΙΟΛΟΓΗΤΙΚΑ ΚΡΑΤΗΣΕΙΣ ΠΟΣΟ ΚΑΤΑΣΤΑΣΗ ΔΑΠΑΝΗΣΤΙΜΟΛΟΓΙΑΠΡΩΤ.ΠΑΡΑΛΑΒΗΣΑΝΑΛΗΨΗ ΔΕΣΜΕΥΣΗΣΒΕΒΑΙΩΣΗ  ΚΑΕΛΟΙΠΑ ΔΙΚΑΙΟΛΟΓΗΤΙΚΑ1 2 3 4 5 6 ΦΟΡΟΣ 4% 1 57,60 ΣΥΝΟΛΟ ΚΡΑΤΗΣΕΩΝ 57,60 ΗΜΕΡΟΜΗΝΙΑ : 27/08/2025 ΑΡΙΘΜΟΣ : 1689 ΣΕΙΡΑ : 1 ΠΛΗΘΟΣ ΠΑΡΑΣΤΑΤΙΚΩΝ : 1 ΑΡΙΘΜΟΣ ΑΠΟΣΤΟΛΗΣ : 117 1ο ΚΡΙΤΗΡΙΟ :",082525697,ΑΝΑΣΤΑΣΙΟΣ ΜΑΥΡΟΓΕΝΗΣ ΙΑΤΡΟΤΕΧΝΟΛΟΓΙΚΑ ΕΙΔΗ ΑΝΩΝΥΜΗ ΕΤΑΙΡΕΙΑ,1785.6,,1311β01
ΨΩΣ84690ΒΩ-ΓΚ6,2025-08-28,"ΠΡΟΜΗΘΕΙΑ ΤΟΝΕΡ, ΜΗΝΩΝ ΔΕΚΕΜΒΡΙΟΥ 2024, ΙΑΝΟΥΑΡΙΟΥ & ΦΕΒΡΟΥΑΡΙΟΥ 2025, ΧΩΡΙΣ ΣΥΜΒΑΣΗ, ΜΕ ΑΠΟΦΑΣΕΙΣ ΔΙΟΙΚΗΤΗ 711/24, 92/25, 159/25,(ΑΠΟΦΑΣΕΙΣ  ΔΣ 1/27-3-25 Θ.1 ΓΙΑ ΤΗ EΠΙΚΥΡΩΣΗ ΑΠΟΦΑΣΕΩΝ ΔΙΟΙΚΗΤΗ ΕΤΟΥΣ 2024 &  Θ.2 ΓΙΑ ΤΗ EΠΙΚΥΡΩΣΗ ΑΠΟΦΑΣΕΩΝ ΔΙΟΙΚΗΤΗ ΕΤΟΥΣ 2025),  ΣΥΜΦΩΝΑ ΜΕ ΤΙΣ ΔΙΑΤΑΞΕΙΣ ΤΟΥ Ν.5216/2025 αρθ.44  (ΦΕΚ 118/ τ.Α΄/07/07/2025)",997776974,EUROSUPPLIES ΙΚΕ,3899.68,,1281α01
ΨΩΣ84690ΒΩ-ΓΚ6,2025-08-28,"ΠΡΟΜΗΘΕΙΑ ΤΟΝΕΡ, ΜΗΝΩΝ ΔΕΚΕΜΒΡΙΟΥ 2024, ΙΑΝΟΥΑΡΙΟΥ & ΦΕΒΡΟΥΑΡΙΟΥ 2025, ΧΩΡΙΣ ΣΥΜΒΑΣΗ, ΜΕ ΑΠΟΦΑΣΕΙΣ ΔΙΟΙΚΗΤΗ 711/24, 92/25, 159/25,(ΑΠΟΦΑΣΕΙΣ  ΔΣ 1/27-3-25 Θ.1 ΓΙΑ ΤΗ EΠΙΚΥΡΩΣΗ ΑΠΟΦΑΣΕΩΝ ΔΙΟΙΚΗΤΗ ΕΤΟΥΣ 2024 &  Θ.2 ΓΙΑ ΤΗ EΠΙΚΥΡΩΣΗ ΑΠΟΦΑΣΕΩΝ ΔΙΟΙΚΗΤΗ ΕΤΟΥΣ 2025),  ΣΥΜΦΩΝΑ ΜΕ ΤΙΣ ΔΙΑΤΑΞΕΙΣ ΤΟΥ Ν.5216/2025 αρθ.44  (ΦΕΚ 118/ τ.Α΄/07/07/2025)",997776974,EUROSUPPLIES ΙΚΕ,373.69,,1281β01
Ψ75Ξ4690ΒΩ-ΑΙ3,2025-08-28,": ΠΡΟΜΗΘΕΙΑ ΕΠΙΠΛΩΝ  (ΚΑΡΕΚΛΕΣ ΕΠΙΣΚΕΠΤΩΝ), ΜΗΝΟΣ ΔΕΚΕΜΒΡΙΟΥ 2024, ΧΩΡΙΣ ΣΥΜΒΑΣΗ, ΜΕ ΑΠΟΦΑΣΗ ΔΙΟΙΚΗΤΗ 635/24 (ΑΠΟΦΑΣΗ ΔΣ 1/27-3-25 Θ.1 ΓΙΑ ΤΗ ΕΠΙΚΥΡΩΣΗ ΑΠΟΦΑΣΕΩΝ ΔΙΟΙΚΗΤΗ ΕΤΟΥΣ 2024)    ΣΥΜΦΩΝΑ ΜΕ ΤΙΣ ΔΙΑΤΑΞΕΙΣ ΤΟΥ Ν.5216/2025 αρθ.44  (ΦΕΚ 118/ τ.Α΄/07/07/2025)",032587488,"ΣΙΓΑΛΑΣ,,ΣΠΥΡΙΔΩΝ,ΟΔΥΣΣΕΥΣ",223.2,,7111β01
9ΦΜΟ4690ΒΩ-ΙΨΠ,2025-08-28,"ΠΡΟΜ.ΕΙΔ.ΣΥΝΤ-ΕΠΙΣΚΕΥΗΣ  (ΣΙΦΩΝΙ, ΦΩΤΙΣΤΙΚΟ ΟΡΟΦΗΣ), ΜΗΝΩΝ ΙΑΝΟΥΑΡΙΟΥ & ΜΑΡΤΙΟΥ 2025, ΧΩΡΙΣ ΣΥΜΒΑΣΗ, ΜΕ ΑΠΟΦΑΣΕΙΣ  ΔΙΟΙΚΗΤΗ 78/25 & 299/25 (Δ.Σ. ΕΠΙΚΥΡΩΣΗΣ ΑΠΟΦΑΣΕΩΝ ΔΙΟΙΚΗΤΗ 1/27-3-25 Θ.2 ) , ΣΥΜΦΩΝΑ ΜΕ ΤΙΣ ΔΙΑΤΑΞΕΙΣ ΤΟΥ Ν.5216/2025 αρθ.44  (ΦΕΚ 118/ τ.Α΄/07/07/2025)  ΚΨΥ",082903781,ΥΙΟΙ ΕΥΘ ΣΥΡΒΑΝΙΔΗ ΟΕ,529.98,,1429α09
Ρ0ΩΚ4690ΒΩ-0Ξ4,2025-08-28,"ΠΡΟΜ.ΕΙΔ.ΣΥΝΤ-ΕΠΙΣΚΕΥΗΣ ( ΣΙΦΩΝΙ, ΦΩΤΙΣΤΙΚΟ ΟΡΟΦΗΣ), ΜΗΝΩΝ ΙΑΝΟΥΑΡΙΟΥ, ΜΑΡΤΙΟΥ 2025, ΧΩΡΙΣ ΣΥΜΒΑΣΗ, ΜΕ ΑΠΟΦΑΣΗ ΔΙΟΙΚΗΤΗ 80/25  (Δ.Σ. ΕΠΙΚΥΡΩΣΗΣ ΑΠΟΦΑΣΕΩΝ ΔΙΟΙΚΗΤΗ 1/27-3-25 Θ.2 )  & ΑΠΟΦΑΣΗ ΔΣ 3/9-4-25 Θ.27, ΣΥΜΦΩΝΑ ΜΕ ΤΙΣ ΔΙΑΤΑΞΕΙΣ ΤΟΥ Ν.5216/2025 αρθ.44  (ΦΕΚ 118/ τ.Α΄/07/07/2025",082903781,ΥΙΟΙ ΕΥΘ ΣΥΡΒΑΝΙΔΗ ΟΕ,388.12,,1429β01
9ΣΚΠ4690ΒΩ-ΘΧ1,2025-08-28,": ΠΡΟΣΤΙΜΟ ΕΠΙΒΟΛΗΣ ΔΙΟΙΚ. ΚΥΡΩΣ. ΕΠΙ ΑΠΟΔΟΣΗΣ ΦΜΥ , ΠΡΟΓΡΑΜΜΑ 4000 ΑΝΕΡΓΟΙ (Χ.Ε.1496,1497)",090165560,ΥΠΟΥΡΓΕΙΟ ΟΙΚΟΝΟΜΙΚΩΝ ΓΕΝΙΚΗ   ΔIEYΘΥΝΣΗ  Δ ΚΗΣΥΠ ΞΗΣ Δ ΟΙΚ,9.45,,0567α01
ΨΕ0Ω4690ΒΩ-Ω42,2025-08-28,"ΠΡΟΜΗΘΕΙΑ ΥΓΕΙΟΝΟΜΙΚΟΥ ΥΛΙΚΟΥ  (ΔΙΑΤΑΞΕΙΣ ΝΕΦΡΙΚΗΣ ΥΠΟΣΤΗΡΙΞΗΣ ) ΜΕ ΣΥΜΒΑΣΗ ΤΟΥΣ ΜΗΝΕΣ ΜΑΪΟ,ΙΟΥΛΙΟ,ΑΥΓΟΥΣΤΟ,ΣΕΠΤΕΜΒΡΙΟ 2024 (ΣΥΜΒ.102/2024",099363426,ΒΕΡΜΑ ΝΤΡΑΓΚΣVERMA DRUGS ΑΝΩΝΥΜΗ ΒΙΟΜΗΧΑΝΙΚΗ ΕΜΠΟΡΙΚΗ ΕΤΑΙΡΕΙΑ ΦΑΡΜΑΚΩΝ,22814.59,,1311β01
ΨΛ844690ΒΩ-ΧΚ1,2025-08-28,": ΠΡΟΜΗΘΕΙΑ ΥΓΕΙΟΝΟΜΙΚΟΥ ΥΛΙΚΟΥ  (ΔΙΑΤΑΞΕΙΣ ΝΕΦΡΙΚΗΣ ΥΠΟΣΤΗΡΙΞΗΣ ) ΜΕ ΣΥΜΒΑΣΗ ΤΟΥΣ ΜΗΝΕΣ ΜΑΪΟ,ΙΟΥΝΙΟ,ΙΟΥΛΙΟ,ΑΥΓΟΥΣΤΟ,ΣΕΠΤΕΜΒΡΙΟ 2024 (ΣΥΜΒ.101/2024)",998283526,MEDIPRIME ΙΑΤΡΟΦΑΡΜΑΚΕΥΤΙΚΩΝ ΕΙΔΩΝ ΑΝΩΝΥΜΗ ΕΜΠΟΡΙΚΗ ΕΤΑΙΡΕΙΑ,41626.2,,1311β01
ΨΙ6Σ4690ΒΩ-Β4Ρ,2025-08-28,": ΠΡΟΜΗΘΕΙΑ ΥΓΕΙΟΝΟΜΙΚΟΥ ΥΛΙΚΟΥ (ΔΙΑΤΑΞΕΙΣ ΝΕΦΡΙΚΗΣ ΥΠΟΣΤΗΡΙΞΗΣ ) ΜΕ ΣΥΜΒΑΣΗ ΤΟΥΣ ΜΗΝΕΣ ΙΟΥΛΙΟ,ΣΕΠΤΕΜΒΡΙΟ 2024 (ΣΥΜΒ.105/2024)",094041553,DEMO ΑΝΩΝΥΜΟΣ ΒΙΟΜΗΧΑΝΙΚΗ ΚΑΙ ΕΜΠΟΡΙΚΗ ΕΤΑΙΡΕΙΑ ΦΑΡΜΑΚΩΝ,7011.9,,1311β01
ΨΠ8Σ4690ΒΩ-ΒΦΝ,2025-08-28,ΠΡΟΜΗΘΕΙΑ ΥΓΕΙΟΝΟΜΙΚΟΥ ΥΛΙΚΟΥ (ΔΙΑΤΑΞΕΙΣ ΝΕΦΡΙΚΗΣ ΥΠΟΣΤΗΡΙΞΗΣ ) ΜΕ ΣΥΜΒΑΣΗ ΤΟΝ ΜΗΝΑ ΙΟΥΛΙΟ 2024 (ΣΥΜΒ.104/2024),094251753,ΑΡΗΤΗ ΑΝΩΝΥΜΗ ΕΤΑΙΡΕΙΑ ΦΑΡΜΑΚΕΥΤΙΚΩΝ ΚΑΙ ΙΑΤΡΙΚΩΝ ΠΡΟΙΟΝΤΩΝ,14098.0,,1311β01
96144690ΒΩ-Ω38,2025-08-28,ΠΡΟΜΗΘΕΙΑ ΛΟΙΠΟΥ ΧΗΜΙΚΟΥ ΥΛΙΚΟΥ (ΠΡΟΪΟΝΤΑ ΑΙΜΑΤΟΣ ) ΜΕ ΣΥΜΒΑΣΗ ΤΟΝ ΜΗΝΑ ΣΕΠΤΕΜΒΡΙΟ 2024 (ΣΥΜΒ. 31/2024 ΧΕ 3069/2024),800356020,LERIVA ΔΙΑΓΝΩΣΤΙΚΑ ΥΓΕΙΑΣ ΑΝΩΝΥΜΗ ΕΜΠΟΡΙΚΗ ΕΤΑΙΡΕΙΑ,5755.8,,1359β01
Ψ0ΡΔ4690ΒΩ-ΓΨΡ,2025-08-28,ΠΡΟΜΗΘΕΙΑ ΟΡΘΟΠΕΔΙΚΟΥ ΥΛΙΚΟΥ ΝΟΣΟΚΟΜΕΙΟΥ ΓΙΑ ΤΟΝ ΜΗΝΑ ΙΟΥΝΙΟ 2024 ΜΕ ΣΥΜΒΑΣΗ (ΣΥΜΒ.370/24) ΜΕ ΤΙΣ ΔΙΑΤΑΞΕΙΣ ΤΟΥ Ν.5216/2025 αρθ.44 (ΦΕΚ 118/ τ.Α΄/07/07/2025),998465266,ΙΑΤΡΟΤΕΧΝΟΛΟΓΙΚΑ PS TEAM ΕΤΑΙΡΙΑ ΠΕΡΙΟΡΙΣΜΕΝΗΣ ΕΥΘΥΝΗΣ,14839.98,,1313β01
97Ι54690ΒΩ-ΔΨ9,2025-08-28,ΠΡΟΜΗΘΕΙΑ ΟΡΘΟΠΕΔΙΚΟΥ ΥΛΙΚΟΥ ΝΟΣΟΚΟΜΕΙΟΥ ΓΙΑ ΤΟΝ ΜΗΝΑ ΙΟΥΝΙΟ 2024 ΜΕ ΣΥΜΒΑΣΗ (ΣΥΜΒ.325/24) ΜΕ ΤΙΣ ΔΙΑΤΑΞΕΙΣ ΤΟΥ Ν.5216/2025 αρθ.44 (ΦΕΚ 118/ τ.Α΄/07/07/2025),998465266,ΙΑΤΡΟΤΕΧΝΟΛΟΓΙΚΑ PS TEAM ΕΤΑΙΡΙΑ ΠΕΡΙΟΡΙΣΜΕΝΗΣ ΕΥΘΥΝΗΣ,8145.7,,1313β01
ΨΦΥ14690ΒΩ-5ΩΜ,2025-08-28,ΠΡΟΜΗΘΕΙΑ ΟΡΘΟΠΕΔΙΚΟΥ ΥΛΙΚΟΥ ΝΟΣΟΚΟΜΕΙΟΥ ΓΙΑ ΤΟΝ ΜΗΝΑ ΙΟΥΛΙΟ 2024 ΜΕ ΣΥΜΒΑΣΗ (ΣΥΜΒ.324/24) ΜΕ ΤΙΣ ΔΙΑΤΑΞΕΙΣ ΤΟΥ Ν.5216/2025 αρθ.44 (ΦΕΚ 118/ τ.Α΄/07/07/2025),998465266,ΙΑΤΡΟΤΕΧΝΟΛΟΓΙΚΑ PS TEAM ΕΤΑΙΡΙΑ ΠΕΡΙΟΡΙΣΜΕΝΗΣ ΕΥΘΥΝΗΣ,7648.5,,1313β01
Ψ4ΒΒ4690ΒΩ-ΩΜΘ,2025-08-28,ΠΡΟΜΗΘΕΙΑ ΟΡΘΟΠΕΔΙΚΟΥ ΥΛΙΚΟΥ ΝΟΣΟΚΟΜΕΙΟΥ ΓΙΑ ΤΟΝ ΜΗΝΑ ΑΥΓΟΥΣΤΟ 2024 ΜΕ ΣΥΜΒΑΣΗ (ΣΥΜΒ.369/24) ΜΕ ΤΙΣ ΔΙΑΤΑΞΕΙΣ ΤΟΥ Ν.5216/2025 αρθ.44 (ΦΕΚ 118/ τ.Α΄/07/07/2025),998465266,ΙΑΤΡΟΤΕΧΝΟΛΟΓΙΚΑ PS TEAM ΕΤΑΙΡΙΑ ΠΕΡΙΟΡΙΣΜΕΝΗΣ ΕΥΘΥΝΗΣ,14839.98,,1313β01
6ΧΚΘ4690ΒΩ-7ΗΧ,2025-08-28,ΠΡΟΜΗΘΕΙΑ ΟΡΘΟΠΕΔΙΚΟΥ ΥΛΙΚΟΥ ΝΟΣΟΚΟΜΕΙΟΥ ΓΙΑ ΤΟΝ ΜΗΝΑ ΑΥΓΟΥΣΤΟ 2024 ΜΕ ΣΥΜΒΑΣΗ (ΣΥΜΒ.371/24) ΜΕ ΤΙΣ ΔΙΑΤΑΞΕΙΣ ΤΟΥ Ν.5216/2025 αρθ.44 (ΦΕΚ 118/ τ.Α΄/07/07/2025),998465266,ΙΑΤΡΟΤΕΧΝΟΛΟΓΙΚΑ PS TEAM ΕΤΑΙΡΙΑ ΠΕΡΙΟΡΙΣΜΕΝΗΣ ΕΥΘΥΝΗΣ,16659.28,,1313β01
63Δ24690ΒΩ-ΣΛΤ,2025-08-28,ΠΡΟΜΗΘΕΙΑ ΛΟΙΠΟΥ ΧΗΜΙΚΟΥ ΥΛΙΚΟΥ (ΔΙΑΓΝΩΣΤΙΚΕΣ ΟΥΣΙΕΣ) ΜΕ ΣΥΜΒΑΣΗ (ΣΥΜ.411/2024) ΓΙΑ ΤΟΝ ΜΗΝΑ ΙΟΥΛΙΟ 2024 ΣΥΜΦΩΝΑ ΜΕ ΤΙΣ ΔΙΑΤΑΞΕΙΣ ΤΟΥ Ν.5216/2025 αρθ.44 (ΦΕΚ 118/ τ.Α΄/07/07/2025),091569759,ΑΦΟΙ Α ΣΕΛΙΔΗ ΑΝΩΝΥΜΗ ΕΤΑΙΡΙΑ ΕΠΙΣΤΗΜΟΝΙΚΟΥ ΕΞΟΠΛΙΣΜΟΥ,5835.3,,1359β01
6ΝΘΛ4690ΒΩ-ΩΡΝ,2025-08-28,ΠΡΟΜΗΘΕΙΑ ΥΓΕΙΟΝΟΜΙΚΟΥ ΥΛΙΚΟΥ ΜΕ ΣΥΜΒΑΣΗ (ΣΥΜ.287/2024) ΓΙΑ ΤΟΝ ΜΗΝΑ ΜΑΙΟ 2024 ΣΥΜΦΩΝΑ ΜΕ ΤΙΣ ΔΙΑΤΑΞΕΙΣ ΤΟΥ Ν.5216/2025 αρθ.44 (ΦΕΚ 118/ τ.Α΄/07/07/2025),094450895,ΑΛΚΟΝ ΛΑΜΠΟΡΑΤΟΡΙΣ ΕΛΛΑΣ ΜΟΝΟΠΡΟΣΩΠΗ ΑΝΩΝΥΜΗ ΕΜΠΟΡΙΚΗ ΚΑΙ ΒΙΟΜΗΧΑΝΙΚΗ ΕΤΑΙΡΕΙΑ,4166.4,,1311β01
ΨΧΝΤ4690ΒΩ-6ΛΜ,2025-08-28,"ΠΡΟΜΗΘΕΙΑ ΛΟΙΠΟΥ ΧΗΜΙΚΟΥ ΥΛΙΚΟΥ (ΠΟΙΟΤΙΚΟΣ ΕΛΕΓΧΟΣ-ΑΝΤΙΔΡΑΣΤΗΡΙΑ ΑΙΜΟΔΟΣΙΑΣ) ΜΕ ΣΥΜΒΑΣΗ ΤΟΥΣ ΜΗΝΕΣ ΜΑΪΟ,ΙΟΥΝΙΟ,ΙΟΥΛΙΟ,ΑΥΓΟΥΣΤΟ,ΣΕΠΤΕΜΒΡΙΟ,ΟΚΤΩΒΡΙΟ,ΝΟΕΜΒΡΙΟ,ΔΕΚΕΜΒΡΙΟ 2024 (ΣΥΜΒ.256/2024) ΣΥΜΦΩΝΑ ΜΕ ΤΙΣ ΔΙΑΤΑΞΕΙΣ ΤΟΥ Ν. 5216/2025 αρθ.44 (ΦΕΚ 118 /τ. Α'/ 07-07-2025",095259724,ΝΤΙΑ ΜΕΝΤ ΕΛΛΑΣ ΑΝΩΝΥΜΗ ΕΤΑΙΡΕΙΑ ΕΜΠΟΡΙΑΣ ΦΑΡΜΑΚΕΥΤΙΚΩΝ ΚΑΙ ΙΑΤΡΙΚΩΝ ΕΙΔΩΝ,9690.79,,1359β01
ΨΨ3Π4690ΒΩ-87Υ,2025-08-28,"ΠΡΟΜΗΘΕΙΑ ΛΟΙΠΟΥ ΧΗΜΙΚΟΥ ΥΛΙΚΟΥ (ΠΡΟΓΡΑΜΜΑ ΕΞΩΤΕΡΙΚΟΥ ΠΟΙΟΤΙΚΟΥ ΕΛΕΓΧΟΥ ΚΥΤΤΑΡΟΛΟΓΙΚΟΥ ΤΜΗΜΑΤΟΣ ) ΜΕ ΣΥΜΒΑΣΗ ΤΟΥΣ ΜΗΝΕΣ ΣΕΠΤΕΜΒΡΙΟ,ΟΚΤΩΒΡΙΟ,ΔΕΚΕΜΒΡΙΟ 2024 (ΣΥΜΒ.435/2024) ΣΥΜΦΩΝΑ ΜΕ ΤΙΣ ΔΙΑΤΑΞΕΙΣ ΤΟΥ Ν. 5216/2025 αρθ.44 (ΦΕΚ 118 /τ. Α'/ 07-07- 2025",095580571,ΑΛΦΑ ΜΕΝΤΙΚΑΛ ΕΙΣΑΓΩΓΕΣ ΚΑΙ ΑΝΤΙΠΡΟΣΩΠΕΙΕΣ ΙΑΤΡΟΤΕΧΝΟΛΟΓΙΚΩΝ ΚΑΙ ΦΑΡΜΑΚΕΥΤΙΚΩΝ ΠΡΟΙΟΝΤΩΝ ΑΝΩΝΥΜΟΣ ΕΜΠΟΡΙΚΗ  ΒΙΟΜΗΧΑΝΙΚΗ,3339.0,,1359β01
ΨΟΡΘ4690ΒΩ-ΑΥΓ,2025-08-28,ΠΡΟΜΗΘΕΙΑ ΥΓΕΙΟΝΟΜΙΚΟΥ ΥΛΙΚΟΥ ΜΕ ΣΥΜΒΑΣΗ (ΣΥΜ.344/2024 ) ΓΙΑ ΤΟ ΜΗΝΑ ΙΟΥΝΙΟ 2024 ΣΥΜΦΩΝΑ ΜΕ ΤΙΣ ΔΙΑΤΑΞΕΙΣ ΤΟΥ Ν.5216/2025 αρθ.44 (ΦΕΚ 118/ τ.Α΄/07/07/2025),094446034,Y LOGIMED ΜΟΝΟΠΡΟΣΩΠΗ ΑΝΩΝΥΜΗ ΕΤΑΙΡΕΙΑ ΕΙΣΑΓΩΓΗΣ ΕΜΠΟΡΙΑΣ ΚΑΙ ΕΦΟΔΙΑΣΜΟΥ ΙΑΤΡΟΤΕΧΝΟΛΟΓΙΚΩΝ ΠΡΟΙΟΝΤΩΝ,4340.0,,1311β01
6ΗΗΠ4690ΒΩ-ΣΩ3,2025-08-27,"ΑΥΤΟΜΑΤΗ ΕΓΓΡΑΦΗ ΠΛΗΡΩΜΗ ΧΕ ΠΡΟΜΗΘΕΥΤΩΝ (ΧΕ 1647/2025 ,MEDIPLAT EΠΕ)",094014250,EUROBANK ERGASIAS ΥΠΗΡΕΣΙΩΝ ΚΑΙ ΣΥΜΜΕΤΟΧΩΝ ΑΝΩΝΥΜΗ ΕΤΑΙΡΕΙΑ,1.2,,0431α01
ΨΟΙ14690ΒΩ-62Κ,2025-08-27,ΠΡΟΜΗΘΕΙΑ ΤΡΑΠΕΖΙΚΩΝ ΕΡΓΑΣΙΩΝ ΓΙΑ ΕΞΕΡΧΟΜΕΝΕΣ ΜΕΤΑΦΟΡΕΣ ΠΙΣΤΩΣΕΩΝ ΣΕ ΤΡΑΠΕΖΕΣ ΤΟΥ ΕΞΩΤΕΡΙΚΟΥ (X.E.. 1637 BOSTON),094014250,EUROBANK ERGASIAS ΥΠΗΡΕΣΙΩΝ ΚΑΙ ΣΥΜΜΕΤΟΧΩΝ ΑΝΩΝΥΜΗ ΕΤΑΙΡΕΙΑ,1.2,,0431α01
6ΧΦΔ4690ΒΩ-5Ε7,2025-08-27,"ΠΡΟΜΗΘΕΙΑ ΥΓΕΙΟΝΟΜΙΚΟΥ ΥΛΙΚΟΥ (ΥΛΙΚΩΝ ΑΙΜΟΔΥΝΑΜΙΚΟΥ: Α) ΥΛΙΚΩΝ ΑΓΓΕΙΟΓΡΑΦΙΑΣ ΚΑΙ Β) ΑΓΓΕΙΑΚΩΝ ΠΡΟΘΕΣΕΩΝ) ME ΣΥΜΒΑΣΗ ΤΟΥΣ ΜΗΝΑ ΙΟΥΛΙΟ 2024, (ΣΥΜΒ. 209/2023,ΧΕ 2763/2024)",998477820,ZERONO ΑΝΩΝΥΜΗ ΕΤΑΙΡΕΙΑ ΕΙΣΑΓΩΓΗΣ ΕΞΑΓΩΓΗΣ ΚΑΙ ΕΜΠΟΡΙΑΣ ΙΑΤΡΟΦΑΡΜΑΚΕΥΤΙΚΟΥ ΥΛΙΚΟΥ,5084.0,,1311β01
94Ω54690ΒΩ-3ΗΩ,2025-08-27,"ΠΡΟΜΗΘΕΙΑ ΟΡΘΟΠΕΔΙΚΩΝ ΥΛΙΚΟΥ ΓΙΑ ΤΟΥΣ ΜΗΝΕΣ ΜΑΙΟ 2024 ΙΟΥΝΙΟ 2024,ΣΕΠΤΕΒΡΙΟ 2024 ΜΕ ΣΥΜΒΑΣΗ (ΣΥΜΒ.178/23 ,ΧΕ 1873/2024",800500360,ΜΕΝΤΙΠΛΑΤ ΕΜΠΟΡΙΑ ΙΑΤΡΙΚΩΝ ΕΙΔΩΝ ΕΤΑΙΡΕΙΑ ΠΕΡΙΟΡΙΣΜΕΝΗΣ ΕΥΘΥΝΗΣ,2908.17,,1313β01
9ΟΞΡ4690ΒΩ-ΡΤΞ,2025-08-27,"ΠΡΟΜΗΘΕΙΑ ΥΓΕΙΟΝΟΜΙΚΟΥ ΥΛΙΚΟΥ (ΥΛΙΚΩΝ ΑΙΜΟΔΥΝΑΜΙΚΟΥ: Α) ΥΛΙΚΩΝ ΑΓΓΕΙΟΓΡΑΦΙΑΣ ΚΑΙ Β) ΑΓΓΕΙΑΚΩΝ ΠΡΟΘΕΣΕΩΝ) ME ΣΥΜΒΑΣΗ ΤΟΥΣ ΜΗΝΕΣ ΙΟΥΛΙΟ 2024, ΑΥΓΟΥΣΤΟ 2024 (ΣΥΜΒ. 205 2023,ΧΕ 2763/2024)",095367968,MEDICARE HELLAS ΑΝΩΝΥΜΗ ΕΤΑΙΡΕΙΑ ΕΜΠΟΡΙΑΣ ΝΟΣΟΚΟΜΕΙΑΚΩΝ ΕΙΔΩΝ,4418.31,,1311β01
ΨΒΠ04690ΒΩ-Χ60,2025-08-27,"ΠΡΟΜΗΘΕΙΑ ΥΓΕΙΟΝΟΜΙΚΟΥ ΥΛΙΚΟΥ (ΥΛΙΚΩΝ ΑΙΜΟΔΥΝΑΜΙΚΟΥ: Α) ΥΛΙΚΩΝ ΑΓΓΕΙΟΓΡΑΦΙΑΣ ΚΑΙ Β) ΑΓΓΕΙΑΚΩΝ ΠΡΟΘΕΣΕΩΝ) ME ΣΥΜΒΑΣΗ ΤΟ ΜΗΝΑ ΙΟΥΛΙΟ 2024, (ΣΥΜΒ. 215/2023,ΧΕ 2763/2024)",997672386,ΥΓΕΙΟΔΥΝΑΜΙΚΗ ΑΝΩΝΥΜΗ ΕΤΑΙΡΕΙΑ ΙΑΤΡΙΚΩΝ ΕΦΟΔΙΩΝ,11073.2,,1311β01
63Ε54690ΒΩ-9ΔΜ,2025-08-27,"ΠΡΟΜΗΘΕΙΑ ΥΓΕΙΟΝΟΜΙΚΟΥ ΥΛΙΚΟΥ (ΥΛΙΚΩΝ ΑΙΜΟΔΥΝΑΜΙΚΟΥ: Α) ΥΛΙΚΩΝ ΑΓΓΕΙΟΓΡΑΦΙΑΣ ΚΑΙ Β) ΑΓΓΕΙΑΚΩΝ ΠΡΟΘΕΣΕΩΝ) ME ΣΥΜΒΑΣΗ ΤΟΥΣ ΜΗΝΕΣ ΙΟΥΛΙΟ 2024, ΑΥΓΟΥΣΤΟ 2024 (ΣΥΜΒ. 202/2023,ΧΕ 2763/2024)",094474807,BOSTON SCIENTIFIC ΕΛΛΑΣ ΜΟΝΟΠΡΟΣΩΠΗ ΑΝΩΝΥΜΗ ΕΤΑΙΡΕΙΑ ΙΑΤΡΙΚΑ ΕΡΓΑΛΕΙΑ ΕΛΑΧΙΣΤΑ ΕΠΕΜΒΑΤΙΚΑ,1344.7,,1311β01
ΨΤΔΛ4690ΒΩ-ΩΦ9,2025-08-27,ΠΡΟΜΗΘΕΙΑ ΛΟΙΠΟΥ ΧΗΜΙΚΟΥ ΥΛΙΚΟΥ (ΔΙΑΓΝΩΣΤΙΚΕΣ ΟΥΣΙΕΣ ) ΜΕ ΣΥΜΒΑΣΗ (ΣΥΜ 431/2024) ΓΙΑ ΤΟΝ ΜΗΝΑ ΙΟΥΛΙΟ 2024 ΣΥΜΦΩΝΑ ΜΕ ΤΙΣ ΔΙΑΤΑΞΕΙΣ ΤΟΥ Ν.5216/2025 αρθ.44 (ΦΕΚ 118/ τ.Α΄/07/07/2025),091569759,ΑΦΟΙ Α ΣΕΛΙΔΗ ΑΝΩΝΥΜΗ ΕΤΑΙΡΙΑ ΕΠΙΣΤΗΜΟΝΙΚΟΥ ΕΞΟΠΛΙΣΜΟΥ,11055.8,,1359β01
6ΥΛΝ4690ΒΩ-ΘΝΦ,2025-08-27,ΠΡΟΜΗΘΕΙΑ ΥΓΕΙΟΝΟΜΙΚΟΥ ΥΛΙΚΟΥ (ΦΙΛΙΤΡΑ ΜΕΤΑΓΓΙΣΗΣ ΑΙΜΑΤΟΣ ) ΜΕ ΣΥΜΒΑΣΗ (ΣΥΜ 501/2024) ΓΙΑ ΤΟΝ ΜΗΝΑ ΑΥΓΟΥΣΤΟ 2024 ΣΥΜΦΩΝΑ ΜΕ ΤΙΣ ΔΙΑΤΑΞΕΙΣ ΤΟΥ Ν.5216/2025 αρθ.44 (ΦΕΚ 118/ τ.Α΄/07/07/2025),997985840,LERIVA ΠΑΡΑΓΩΓΗ ΚΑΙ ΕΜΠΟΡΙΑ ΠΡΟΙΟΝΤΩΝ ΥΓΕΙΑΣ ΚΑΙ ΟΜΟΡΦΙΑΣ ΑΝΩΝΥΜΗ ΕΤΑΙΡΕΙΑ,9300.0,,1311β01
ΨΦ814690ΒΩ-ΙΕΙ,2025-08-27,"ΠΡΟΜΗΘΕΙΑ ΥΓΕΙΟΝΟΜΙΚΟΥ ΥΛΙΚΟΥ (ΥΛΙΚΩΝ ΑΙΜΟΔΥΝΑΜΙΚΟΥ: Α) ΥΛΙΚΩΝ ΑΓΓΕΙΟΓΡΑΦΙΑΣ ΚΑΙ Β) ΑΓΓΕΙΑΚΩΝ ΠΡΟΘΕΣΕΩΝ) ME ΣΥΜΒΑΣΗ ΤΟΥΣ ΜΗΝΕΣ ΙΟΥΛΙΟ 2024 (ΣΥΜΒ. 204/2023,ΧΕ 2763/2024)",999430031,ΓΚΟΡΤΣΙΛΑΣ ΔΗΜ ΚΑΙ ΣΙΑ ΕΕ,553.91,,1311β01
9ΒΨ64690ΒΩ-1ΓΣ,2025-08-22,"ΑΥΤΟΜΑΤΗ ΕΓΓΡΑΦΗ ΓΙΑ ΠΛΗΡΩΜΗ ΠΡΟΜΗΘΕΥΤΩΝ (ΧΕ 1632/2025,1633/2025 ΑΤRON)",094014250,EUROBANK ERGASIAS ΥΠΗΡΕΣΙΩΝ ΚΑΙ ΣΥΜΜΕΤΟΧΩΝ ΑΝΩΝΥΜΗ ΕΤΑΙΡΕΙΑ,2.4,,0431α01
6Γ8Ε4690ΒΩ-11Α,2025-08-22,": ΠΡΟΜΗΘΕΙΑ ΥΓΕΙΟΝΟΜΙΚΟΥ ΥΛΙΚΟΥ   (ΥΛΙΚΩΝ ΑΙΜΟΔΥΝΑΜΙΚΟΥ: Α) ΥΛΙΚΩΝ ΑΓΓΕΙΟΓΡΑΦΙΑΣ ΚΑΙ Β) ΑΓΓΕΙΑΚΩΝ ΠΡΟΘΕΣΕΩΝ) ME ΣΥΜΒΑΣΗ ΤΟ ΜΗΝΑ ΙΟΥΛΙΟ 2024, (ΣΥΜΒ. 212/2023,ΧΕ 2763/20",094356041,ΙΝΕΞ ΑΝΩΝΥΜΗ ΕΜΠΟΡΙΚΗ ΕΤΑΙΡ ΙΑΤΡΙΚΩΝ ΝΟΣΟΚΟΜΕΙΑΚ ΕΙΔΩΝ,1046.56,,1311β01
ΨΨΝΚ4690ΒΩ-5Ω1,2025-08-22,"ΠΡΟΜΗΘΕΙΑ ΥΓΕΙΟΝΟΜΙΚΟΥ ΥΛΙΚΟΥ   (ΥΛΙΚΩΝ ΑΙΜΟΔΥΝΑΜΙΚΟΥ: Α) ΥΛΙΚΩΝ ΑΓΓΕΙΟΓΡΑΦΙΑΣ ΚΑΙ Β) ΑΓΓΕΙΑΚΩΝ ΠΡΟΘΕΣΕΩΝ) ME ΣΥΜΒΑΣΗ ΤΟΥΣ ΜΗΝΕΣ ΦΕΒΡΟΥΑΡΙΟ 2024, ΙΟΥΛΙΟ 2024, (ΣΥΜΒ. 213/2023,ΧΕ 2763/2024)",094396063,ΝΟΣΟΚΟΜΕΙΑΚΗ ΓΡΑΜΜΗ ΑΕ ΕΙΣΑΓΩΓΗΣ ΚΑΙ ΕΜΠΟΡΙΑΣ ΙΑΤΡΙΚΟΥ ΝΟΣΟΚΟΜΕΙΑΚΟΥ ΚΑΙ ΦΑΡΜΑΚΕΥΤΙΚΟΥ ΥΛΙΚΟΥ,3221.4,,1311β01
Ψ0ΡΕ4690ΒΩ-Ι1Η,2025-08-22,": ΠΡΟΜΗΘΕΙΑ ΥΓΕΙΟΝΟΜΙΚΟΥ ΥΛΙΚΟΥ   (ΥΛΙΚΩΝ ΑΙΜΟΔΥΝΑΜΙΚΟΥ: Α) ΥΛΙΚΩΝ ΑΓΓΕΙΟΓΡΑΦΙΑΣ ΚΑΙ Β) ΑΓΓΕΙΑΚΩΝ ΠΡΟΘΕΣΕΩΝ) ME ΣΥΜΒΑΣΗ ΤΟΥΣ ΜΗΝΕΣ ΙΟΥΛΙΟ 2024, ΑΥΓΟΥΣΤΟ  2024 (ΣΥΜΒ. 203/2023,ΧΕ 2763/2024)",999640490,ΔΟΥΡΜΟΥΣΟΓΛΟΥ ΑΝΩΝΥΜΗ ΕΜΠΟΡΙΚΗ ΒΙΟΜΗΧΑΝΙΚΗ ΕΤΑΙΡΕΙΑ ΙΑΤΡΙΚΩΝ ΕΙΔΩΝ,729.98,,1311β01
ΨΜΜ04690ΒΩ-0ΞΩ,2025-08-22,ΠΡΟΜΗΘΕΙΑ  ΑΝΑΛΩΣΙΜΩΝ ΕΙΔΩΝ ΤΡΟΦΟΔΟΣΙΑΣ  ΧΩΡΙΣ ΣΥΜΒΑΣΗ ΜΕ ΑΠΟΦΑΣΗ ΔΙΟΙΚ. 181/2025 ΓΙΑ ΤΟ ΜΗΝΑ  ΜΗΝΑ ΦΕΒΡΟΥΑΡΙΟ 2025 ΣΥΜΦΩΝΑ ΜΕ ΤΙΣ ΔΙΑΤΑΞΕΙΣ ΤΟΥ Ν. 5216/2025 αρθ.44 (ΦΕΚ 118 /τ. Α'/ 07-07-2025),999717761,ΜΙΧΑΗΛ ΣΚΑΜΑΓΚΑΣ ΑΝΩΝΥΜΗ ΒΙΟΤΕΧΝΙΚΗ ΕΜΠΟΡΙΚΗ ΕΤΑΙΡΙΑ,1479.07,,1129α01
6ΔΘΕ4690ΒΩ-ΗΛΦ,2025-08-22,"ΠΡΟΜΗΘΕΙΑ  ΑΝΑΛΩΣΙΜΩΝ ΕΙΔΩΝ ΤΡΟΦΟΔΟΣΙΑΣ  ΜΕ  ΣΥΜΒΑΣΗ  (ΣΥΜ.746/2025,ΧΕ 1308/2025 ) ΓΙΑ ΤΟ ΜΗΝΑ   ΦΕΒΡΟΥΑΡΙΟ 2025  ΣΥΜΦΩΝΑ ΜΕ ΤΙΣ ΔΙΑΤΑΞΕΙΣ ΤΟΥ Ν. 5216/2025 αρθ.44 (ΦΕΚ 118 /τ. Α'/ 07-07-2025)",999717761,ΜΙΧΑΗΛ ΣΚΑΜΑΓΚΑΣ ΑΝΩΝΥΜΗ ΒΙΟΤΕΧΝΙΚΗ ΕΜΠΟΡΙΚΗ ΕΤΑΙΡΙΑ,2276.64,,1129α01
ΨΖΦΤ4690ΒΩ-ΤΥ9,2025-08-22,"ΠΡΟΜΗΘΕΙΑ ΑΝΤΙΔΡΑΣΤΗΡΙΩΝ  ΝΟΣΟΚΟΜΕΙΟΥ ΜΕ ΣΥΜΒΑΣΗ ΓΙΑ ΤΟ ΜΗΝΑ ΑΥΓΟΥΣΤΟ 2024  (ΣΥΜΒ. 31/2024,ΧΕ 3069/2024) .",800356020,LERIVA ΔΙΑΓΝΩΣΤΙΚΑ ΥΓΕΙΑΣ ΑΝΩΝΥΜΗ ΕΜΠΟΡΙΚΗ ΕΤΑΙΡΕΙΑ,6280.5,,1359β01
91Μ14690ΒΩ-79Ζ,2025-08-22,"ΠΡΟΜΗΘΕΙΑ ΛΟΙΠΟΥ ΧΗΜΙΚΟΥ ΥΛΙΚΟΥ    (ΑΝΤΙΔΡΑΣΤΗΡΙΩΝ OΡΟΛΟΓΙΑΣ ) ΜΕ ΣΥΜΒΑΣΗ ΤΟΥΣ ΜΗΝΕΣ ΙΟΥΛΙΟ 2024 (ΣΥΜΒ.179/2023,ΧΕ 1079/2024)",094456875,SIEMENS HEALTHINEERS ΕΛΛΑΣ ΜΟΝΟΠΡΟΣΩΠΗ ΑΝΩΝΥΜΗ ΕΤΑΙΡΕΙΑ,3269.04,,1359β01
63784690ΒΩ-ΘΕΚ,2025-08-22,": ΣΥΝΤΗΡΗΣΗ ΕΠΙΣΚΕΥΗ ΕΓΚΑΤΑΣΤΑΣΕΩΝ ΚΤΙΡΙΟΥ ΜΕ ΣΥΜΒΑΣΗ ΑΠΟ 03/10/2023-02/07/2024 (ΣΥΜΒ. 229/2022,ΧΕ 655/2023)",998693400,ΠΑΝΑΓΙΩΤΗΣ Κ ΑΝΔΡΟΝΙΚΙΔΗΣ ΚΑΙ ΣΙΑ ΟΕ,10362.99,,0879β01
ΨΤΛΚ4690ΒΩ-ΡΑΩ,2025-08-22,ΠΡΟΜΗΘΕΙΑ ΟΡΘΟΠΕΔΙΚΟΥ ΥΛΙΚΟΥ  ΝΟΣΟΚΟΜΕΙΟΥ ΜΕ ΣΥΜΒΑΣΗ ΓΙΑ ΤΟ  ΜΗΝΑ ΑΥΓΟΥΣΤΟ  2024  (ΣΥΜΒ. 349/2024) ΣΥΜΦΩΝΑ ΜΕ ΤΙΣ ΔΙΑΤΑΞΕΙΣ ΤΟΥ Ν.5216/2025 αρθ.44  (ΦΕΚ 118/ τ.Α΄/07/07/2025) ΔΙΚΑΙΟΛΟΓΗΤΙΚΑ : ΠΑΡΑΣΤΑΤΙΚΑ :859,800519113,ATRON HEALΤH ΙΑΤΡΙΚΑ ΠΡΟΙΟΝΤΑ ΚΑΙ ΜΗΧΑΝΗΜΑΤΑ  ΑΝΩΝΥΜΗ ΕΤΑΙΡΕΙΑ,6262.46,,1313β01
ΨΕΕΟ4690ΒΩ-7ΒΥ,2025-08-22,: ΠΡΟΜΗΘΕΙΑ ΟΡΘΟΠΕΔΙΚΟΥ ΥΛΙΚΟΥ  ΝΟΣΟΚΟΜΕΙΟΥ ΜΕ ΣΥΜΒΑΣΗ ΓΙΑ ΤΟ  ΜΗΝΑ ΑΥΓΟΥΣΤΟ  2024  (ΣΥΜΒ. 350/2024) ΣΥΜΦΩΝΑ ΜΕ ΤΙΣ ΔΙΑΤΑΞΕΙΣ ΤΟΥ Ν.5216/2025 αρθ.44  (ΦΕΚ 118/ τ.Α΄/07/07/2025) ΔΙΚΑΙΟΛΟΓΗΤΙΚΑ : ΠΑΡΑΣΤΑΤΙΚΑ :858,800519113,ATRON HEALΤH ΙΑΤΡΙΚΑ ΠΡΟΙΟΝΤΑ ΚΑΙ ΜΗΧΑΝΗΜΑΤΑ  ΑΝΩΝΥΜΗ ΕΤΑΙΡΕΙΑ,3017.1,,1311β01
6ΧΘΩ4690ΒΩ-Ε96,2025-08-22,"ΠΡΟΜΗΘΕΙΑ ΑΝΑΛΩΣΙΜΩΝ  ΥΛΙΚΩΝ  ΤΡΟΦΟΔΟΣΙΑΣ ΜΕ ΣΥΜΒΑΣΗ (ΣΥΜΒ.592/2023,ΧΕ 2938/24 ) ΓΙΑ ΤΟ ΜΗΝΑ ΑΥΓΟΥΣΤΟΣ 2024 ΣΥΜΦΩΝΑ ΜΕ ΤΙΣ ΔΙΑΤΑΞΕΙΣ ΤΟΥ Ν.5216/2025 αρθ.44  (ΦΕΚ 118/ τ.Α΄/07/07/2025) ΔΙΚΑΙΟΛΟΓΗΤΙΚΑ : ΠΑΡΑΣΤΑΤΙΚΑ :69,88",081308853,ΑΦΟΙ ΠΑΠΑΝΑΣΤΑΣΙΟΥ ΟΕ,639.84,,1129β01
9ΖΕΓ4690ΒΩ-ΩΨΥ,2025-08-20,ΠΡΟΜΗΘΕΙΑ  ΒΙΟΑΤΡΙΚΟΥ ΕΞΟΠΛΙΣΜΟΥ -ΕΠΙΣΚΕΥΩΝ ΚΑΙ ΣΥΝΤΗΡΗΣΗΣ ΜΕ ΣΥΜΒΑΣΗ (ΣΥΜ.446/2024) ΓΙΑ ΤΟΝ ΜΗΝΑ ΑΥΓΟΥΣΤΟ 2024 ΣΥΜΦΩΝΑ ΜΕ ΤΙΣ ΔΙΑΤΑΞΕΙΣ ΤΟΥ Ν.5216/2025 αρθ.44  (ΦΕΚ 118/ τ.Α΄/07/07/2025),094472918,GE HEALTHCARE ΦΑΡΜΑΚΕΥΤΙΚΗ ΕΜΠΟΡΙΚΗ ΚΑΙ ΒΙΟΜΗΧΑΝΙΚΗ ΕΤΑΙΡΕΙΑ,5456.0,,1439β01
68ΓΣ4690ΒΩ-ΥΧ3,2025-08-20,ΠΡΟΜΗΘΕΙΑ  ΒΙΟΑΤΡΙΚΟΥ ΕΞΟΠΛΙΣΜΟΥ -ΕΠΙΣΚΕΥΩΝ ΚΑΙ ΣΥΝΤΗΡΗΣΗΣ ΜΕ ΣΥΜΒΑΣΗ (ΣΥΜ.446/2024) ΓΙΑ ΤΟΝ ΜΗΝΑ ΑΥΓΟΥΣΤΟ 2024 ΣΥΜΦΩΝΑ ΜΕ ΤΙΣ ΔΙΑΤΑΞΕΙΣ ΤΟΥ Ν.5216/2025 αρθ.44  (ΦΕΚ 118/ τ.Α΄/07/07/2025),095029193,ΠΑΠΑΠΟΣΤΟΛΟΥ Ν ΑΝΩΝΥΜΗ ΕΤΑΙΡΕΙΑ  ΕΤΑΙΡΕΙΑ ΕΜΠΟΡΙΑΣ ΚΑΙ ΑΝΤΙΠΡΟΣΩΠΕΙΩΝ ΙΑΤΡΙΚΩΝ ΕΡΓΑΛΕΙΩΝ ΚΑΙ ΜΗΧΑΝΗΜΑΤΩΝ,5580.0,,1439β01
ΨΤ3Λ4690ΒΩ-ΑΛΥ,2025-08-20,"ΠΡΟΜΗΘΕΙΑ ΥΓΕΙΟΝΟΜΙΚΟΥ ΥΛΙΚΟΥ  (ΣΥΣΚΕΥΕΣ ΚΑΙ  ΟΡΓΑΝΑ ΕΓΧΥΣΗΣ )  ΜΕ ΣΥΜΒΑΣΗ (ΣΥΜ 414/2024) ΓΙΑ ΤΟΥΣ ΜΗΝΕΣ ΙΟΥΛΙΟ 2024, ΑΥΓΟΥΣΤΟ 2024,ΟΚΤΩΒΡΙΟ 2024 ΣΥΜΦΩΝΑ  ΜΕ ΤΙΣ ΔΙΑΤΑΞΕΙΣ ΤΟΥ Ν.5216/2025 αρθ.44  (ΦΕΚ 118/ τ.Α΄/07/07/2025) ΔΙΚΑΙΟΛΟΓΗΤΙΚΑ : ΠΑΡΑΣΤΑΤΙΚΑ :12353,12354,12355,12594,12942",800502874,F M FEED ΜΟΝΟΠΡΟΣΩΠΗ ΙΔΙΩΤΙΚΗ ΚΕΦΑΛΑΙΟΥΧΙΚΗ ΕΤΑΙΡΕΙΑ,24502.4,,1311β01
ΨΟ2Ο4690ΒΩ-6ΨΛ,2025-08-20,"ΠΡΟΜΗΘΕΙΑ ΥΓΕΙΟΝΟΜΙΚΟΥ ΥΛΙΚΟΥ (ΜΕΣΟΓΕΙΑΚΗΣ ΑΝΑΙΜΙΑΣ ) ΜΕ ΣΥΜΒΑΣΗ (ΣΥΜ.243/2024) ΓΙΑ ΤΟ ΜΗΝΑ ΜΑΙΟ 2024,ΣΥΜΦΩΝΑ ΜΕ ΤΙΣ ΔΙΑΤΑΞΕΙΣ ΤΟΥ Ν.5216/2025 αρθ.44  (ΦΕΚ 118/ τ.Α΄/07/07/2025)",999723663,ΝΕΑ ΕΠΙΜΕΝΤ ΕΤΑΡΙΑ ΕΙΣΑΓΩΓΗΣ ΚΑΙ ΔΙΑΝΟΜΗΣ ΙΑΤΡΙΚΟΥ ΝΟΣΟΚΟΜΕΙΑΚΟΥ ΥΛΙΚΟΥ ΜΟΝΟΠΡΟΣΩΠΗ ΕΤΑΡΙΑ ΠΕΡΙΟΡΙΣΜΕΝΗΣ ΕΥΘΥΝΗΣ,3141.4,,1311β01
6ΤΧ74690ΒΩ-Ω79,2025-08-20,"ΑΥΤΟΜΑΤΗ ΕΓΓΡΑΦΗ (ΤΡΑΠΕΖΙΚΑ ΕΞΟΔΑ) ΓΙΑ ΠΛΗΡΩΜΕΣ ΠΡΟΜΗΘΕΥΤΩΝ (ΧΕ1622/2025,1623/2025 ΝΕΑ ΕΠΙΜΕΝΤ)",094014250,EUROBANK ERGASIAS ΥΠΗΡΕΣΙΩΝ ΚΑΙ ΣΥΜΜΕΤΟΧΩΝ ΑΝΩΝΥΜΗ ΕΤΑΙΡΕΙΑ,2.4,,0431α01
ΨΡΝ34690ΒΩ-ΥΓΙ,2025-08-20,"ΠΡΟΜΗΘΕΙΑ ΥΓΕΙΟΝΟΜΙΚΟΥ ΥΛΙΚΟΥ (ΜΕΣΑ ΕΡΓΑΣΤΗΡΙΑΚΗΣ ΚΑΛΛΙΕΡΓΕΙΑΣ ) ΜΕ ΣΥΜΒΑΣΗ (ΣΥΜ.286/2024) ΓΙΑ ΤΟ ΜΗΝΑ ΜΑΙΟ 2024, ΣΥΜΦΩΝΑ ΜΕ ΤΙΣ ΔΙΑΤΑΞΕΙΣ ΤΟΥ Ν.5216/2025 αρθ.44  (ΦΕΚ 118/ τ.Α΄/07/07/2025",999723663,ΝΕΑ ΕΠΙΜΕΝΤ ΕΤΑΡΙΑ ΕΙΣΑΓΩΓΗΣ ΚΑΙ ΔΙΑΝΟΜΗΣ ΙΑΤΡΙΚΟΥ ΝΟΣΟΚΟΜΕΙΑΚΟΥ ΥΛΙΚΟΥ ΜΟΝΟΠΡΟΣΩΠΗ ΕΤΑΡΙΑ ΠΕΡΙΟΡΙΣΜΕΝΗΣ ΕΥΘΥΝΗΣ,6696.0,,1311β01
ΨΑΨΤ4690ΒΩ-97Ι,2025-08-20,"ΠΡΟΜΗΘΕΙΑ ΥΓΕΙΟΝΟΜΙΚΟΥ ΥΛΙΚΟΥ (ΜΕΣΑ ΕΡΓΑΣΤΗΡΙΑΚΗΣ ΚΑΛΛΙΕΡΓΕΙΑΣ ) ΜΕ ΣΥΜΒΑΣΗ (ΣΥΜ.285/2024) ΓΙΑ ΤΟΥΣ ΜΗΝΕΣ  ΜΑΙΟ 2024,ΙΟΥΝΙΟ 2024,ΙΟΥΛΙΟ 2024 ΣΥΜΦΩΝΑ ΜΕ ΤΙΣ ΔΙΑΤΑΞΕΙΣ ΤΟΥ Ν.5216/2025 αρθ.44  (ΦΕΚ 118/ τ.Α΄/07/07/2025)",800738217,ΠΗΓΑΣΟΣ ΙΑΤΡΙΚΟΣ ΚΑΙ ΕΠΙΣΤΗΜΟΝΙΚΟΣ ΕΞΟΠΛΙΣΜΟΣ ΑΝΩΝΥΜΗ ΕΤΑΙΡΕΙΑ,5580.0,,1311β01
Ρ4ΜΚ4690ΒΩ-1ΑΒ,2025-08-20,": ΠΡΟΜΗΘΕΙΑ ΥΓΕΙΟΝΟΜΙΚΟΥ ΥΛΙΚΟΥ (ΑΓΓΕΙΑΚΕΣ  ΠΡΟΘΕΣΕΙΣ)  ΝΟΣΟΚΟΜΕΙΟΥ ΓΙΑ ΤΟΥΣ ΜΗΝΕΣ ΙΟΥΝΙΟ 2024, ΟΚΤΩΒΡΙΟ 2024, ΜΕ ΣΥΜΒΑΣΗ (ΣΥΜΒ,260/2023,ΧΕ 3287/2024)  ΣΥΜΦΩΝΑ ΜΕ ΤΙΣ ΔΙΑΤΑΞΕΙΣ ΤΟΥ Ν.5216/2025 αρθ.44  (ΦΕΚ 118/ τ.Α΄/07/07/2025)",998477820,ZERONO ΑΝΩΝΥΜΗ ΕΤΑΙΡΕΙΑ ΕΙΣΑΓΩΓΗΣ ΕΞΑΓΩΓΗΣ ΚΑΙ ΕΜΠΟΡΙΑΣ ΙΑΤΡΟΦΑΡΜΑΚΕΥΤΙΚΟΥ ΥΛΙΚΟΥ,8475.0,,1311β01
ΨΛ774690ΒΩ-ΞΝΚ,2025-08-20,: ΠΡΟΜΗΘΕΙΑ ΥΓΕΙΟΝΟΜΙΚΟΥ ΥΛΙΚΟΥ  (ΥΛΙΚΑ ΑΓΓΕΙΟΓΡΑΦΙΑΣ) ΜΕ ΣΥΜΒΑΣΗ (ΣΥΜ.245/2024) ΓΙΑ ΤΟΝ ΜΗΝΑ ΜΑΙΟ 2024 ΣΥΜΦΩΝΑ ΜΕ ΤΙΣ ΔΙΑΤΑΞΕΙΣ ΤΟΥ Ν.5216/2025 αρθ.44  (ΦΕΚ 118/ τ.Α΄/07/07/202,998477820,ZERONO ΑΝΩΝΥΜΗ ΕΤΑΙΡΕΙΑ ΕΙΣΑΓΩΓΗΣ ΕΞΑΓΩΓΗΣ ΚΑΙ ΕΜΠΟΡΙΑΣ ΙΑΤΡΟΦΑΡΜΑΚΕΥΤΙΚΟΥ ΥΛΙΚΟΥ,2825.0,,1311β01
ΨΨΓ64690ΒΩ-ΡΝΖ,2025-08-20,: ΠΡΟΜΗΘΕΙΑ ΥΓΕΙΟΝΟΜΙΚΟΥ ΥΛΙΚΟΥ  NOΣΟΚΟΜΕΙΟΥ (ΝΕΥΡΟΧΕΙΡΟΥΡΓΙΚΑ ΕΡΓΑΛΕΙΑ)  ΜΕ ΣΥΜΒΑΣΗ (ΣΥΜ.501/2023)ΓΙΑ ΤΟΝ ΜΗΝΑ ΜΑΡΤΙΟ 2024,999704857,ΒΑΣΙΛΕΙΟΣ ΒΑΣΙΛΕΙΟΥ ΚΑΙ ΣΙΑ ΕΕ,28841.78,,1311β01
Ψ52Ω4690ΒΩ-5ΞΩ,2025-08-20,"ΥΝ/ΣΗ ΚΑΙ ΕΠΙΣΚΕΥΗ (ΦΩΤΟΤΥΠΙΚΟΥ CANNON 6265) ME ΣΥΜΒΑΣΗ (ΣΥΜ.166/2023 ,ΧΕ 2758/2023) ΓΙΑ ΤΟΝ ΜΗΝΑ ΙΟΥΛΙΟ 2023 ΣΥΜΦΩΝΑ ΜΕ ΤΙΣ ΔΙΑΤΑΞΕΙΣ ΤΟΥ Ν. 5057/2023 αρθ.19 (ΦΕΚ 164/τ. Α΄/6-10-2023",095387617,COMPULAND ΣΥΣΤΗΜΑΤΑ ΠΛΗΡΟΦΟΡΙΚΗΣ ΚΑΙ ΤΗΛΕΠΙΚΟΙΝΩΝΙΩΝ ΙΔΙΩΤΙΚΗ ΕΠΙΧΕΙΡΗΣΗ ΠΑΡΟΧΗΣ ΥΠΗΡΕΣΙΩΝ ΑΣΦΑΛΕΙΑΣ ΑΝΩΝΥΜΗ ΕΤΑΙΡΕΙΑ,520.8,,0887β01
Ψ8344690ΒΩ-ΚΩ9,2025-08-20,": ΠΡΟΜΗΘΕΙΑ ΛΟΙΠΟΥ ΧΗΜΙΚΟΥ ΥΛΙΚΟΥ (ΑΝΤΙΔΡΑΣΤΗΡΙΩΝ ΕΡΓΑΣΤΗΡΙΩΝ ) ΜΕ ΣΥΜΒΑΣΗ ΤΟ ΜΗΝA ΑΠΡΙΛΙΟ, 2024 (ΣΥΜΒ.643/2023,XE 740/2025 )",094178060,ΠΑΥΛΟΣ ΑΡΝΑΟΥΤΗΣ ΔΙΑΓΝΩΣΤΙΚΑ ΙΑΤΡΙΚΑ ΦΑΡΜΑΚΕΥΤΙΚΑ ΠΡΟΙΟΝΤΑ ΑΕ,200.34,,1359β01
9Β7Ψ4690ΒΩ-ΨΣ5,2025-08-13,ΠΡΟΜΗΘΕΙΑ ΦΑΡΜΑΚΕΥΤΙΚΟΥ ΥΛΙΚΟΥ ΝΟΣΟΚΟΜΕΙΟΥ ΓΙΑ ΤΟΥΣ ΜΗΝΕΣ ΙΟΥΝΙΟ 2024 ΕΩΣ ΣΕΠΤΕΜΒΡΙΟ 2024 ΣΥΜΦΩΝΑ ΜΕ ΤΙΣ ΔΙΑΤΑΞΕΙΣ ΤΟΥ Ν.5216/2025 αρθ.44 (ΦΕΚ 118/ τ.Α΄/07/07/2025),094035927,ΒΙΟΣΕΡ ΑΕ ΒΙΟΜΗΧΑΝΙΑ ΠΑΡΕΝΤΕΡΙΚΩΝ ΔΙΑΛΥΜΑΤΩΝ,86205.42,,1312β01
9ΜΑ54690ΒΩ-ΗΛΛ,2025-08-13,"ΠΡΟΜΗΘΕΙΑ ΚΙΤ ΤΑΥΤΟΠΟΙΗΣΗΣ, ΜΗΝΟΣ ΑΥΓΟΥΣΤΟΥ 2024, ΧΩΡΙΣ ΣΥΜΒΑΣΗ, ΜΕ ΑΠΟΦΑΣΗ ΔΣ 34/8-8-24 Θ. 25, ΣΥΜΦΩΝΑ ΜΕ ΤΙΣ ΔΙΑΤΑΞΕΙΣ ΤΟΥ Ν.5216/2025 αρθ.44 (ΦΕΚ 118/ τ.Α΄/07/07/2025) ΝΟΣ",094499248,BIOMERIEUX ΕΛΛΑΣ ΑΝΩΝΥΜΗ ΕΤΑΙΡΙΑ ΕΙΣΑΓΩΓΗΣ ΕΜΠΟΡΙΑΣ ΚΑΙ ΔΙΑΝΟΜΗΣ ΙΑΤΡΙΚΩΝ ΚΑΙ ΔΙΑΓΝΩΣΤΙΚΩΝ ΠΡΟΙΟΝΤΩΝ,551.2,,1359β01
9ΠΣΨ4690ΒΩ-ΙΞΓ,2025-08-13,"ΠΡΟΜΗΘΕΙΑ ΣΤΥΛΕΩΝ ΜΕΤΑΦΟΡΑΣ, ΜΗΝΟΣ ΑΥΓΟΥΣΤΟΥ 2024, ΧΩΡΙΣ ΣΥΜΒΑΣΗ, ΜΕ ΑΠΟΦΑΣΗ ΔΣ 34/8-8-24 Θ.25, ΣΥΜΦΩΝΑ ΜΕ ΤΙΣ ΔΙΑΤΑΞΕΙΣ ΤΟΥ Ν.5216/2025 αρθ.44 (ΦΕΚ 118/ τ.Α΄/07/07/2025) ΝΟΣ",999687125,ΔΕΡΚΑ ΙΑΤΡΙΚΑ ΕΤΑΙΡΕΙΑ ΠΕΡΙΟΡΙΣΜΕΝΗΣ ΕΥΘΥΝΗΣ,493.52,,1359β01
ΨΖΟΛ4690ΒΩ-ΙΟ4,2025-08-13,"ΠΡΟΜΗΘΕΙΑ ΑΝΤΙΔΡΑΣΤΗΡΙΩΝ ΕΡΓΑΣΤΗΡΙΟΥ, ΜΗΝΟΣ ΑΥΓΟΥΣΤΟΥ 2024, ΧΩΡΙΣ ΣΥΜΒΑΣΗ, ΜΕ ΑΠΟΦΑΣΗ ΔΣ 30/4-7-24 Θ.24, ΣΥΜΦΩΝΑ ΜΕ ΤΙΣ ΔΙΑΤΑΞΕΙΣ ΤΟΥ Ν.5216/2025 αρθ.44 (ΦΕΚ 118/ τ.Α΄/07/07/2025) ΝΟΣ",094322455,MENARINI ΔΙΑΓΝΩΣΤΙΚΑ ΙΑΤΡΙΚΑ ΟΡΓΑΝΑ ΑΕΒΕ,817.39,,1359β01
6Ξ864690ΒΩ-ΙΡΥ,2025-08-13,"ΠΡΟΜΗΘΕΙΑ ΧΗΜΙΚΩΝ ΑΝΤΙΔΡΑΣΤΗΡΙΩΝ, ΜΗΝΩΝ ΜΑΡΤΙΟΥ & ΑΠΡΙΛΙΟΥ 2024, ΧΩΡΙΣ ΣΥΜΒΑΣΗ, ΜΕ ΑΠΟΦΑΣΕΙΣ ΔΣ 12/13-3-24 Θ.1 & 16/10-4-24 Θ.2, ΣΥΜΦΩΝΑ ΜΕ ΤΙΣ ΔΙΑΤΑΞΕΙΣ ΤΟΥ Ν.5216/2025 αρθ.44 (ΦΕΚ 118/ τ.Α΄/07/07/2025) ΝΟΣ",099876011,ROCHE DIAGNOSTICS HELLAS  ΜΟΝΟΠΡΟΣΩΠΗ  ΑΝΩΝΥΜΗ ΕΤΑΙΡΕΙΑ ΕΜΠΟΡΙΑΣ ΙΑΤΡΟΤΕΧΝΟΛΟΓΙΚΩΝ ΠΡΟΙΟΝΤΩΝ,2238.06,,1359β01
9ΨΟ04690ΒΩ-ΥΕΣ,2025-08-13,"ΠΡΟΜΗΘΕΙΑ ΑΝΤΙΔΡΑΣΤΗΡΙΩΝ, ΜΗΝΩΝ ΑΠΡΙΛΙΟΥ & ΣΕΠΤΕΜΒΡΙΟΥ 2024, ΧΩΡΙΣ ΣΥΜΒΑΣΗ, ΜΕ ΑΠΟΦΑΣΕΙΣ ΔΣ 13/21-3-24 & 34/8-8-24 Θ.29, ΣΥΜΦΩΝΑ ΜΕ ΤΙΣ ΔΙΑΤΑΞΕΙΣ ΤΟΥ Ν.5216/2025 αρθ.44 (ΦΕΚ 118/ τ.Α΄/07/07/2025)",094178060,ΠΑΥΛΟΣ ΑΡΝΑΟΥΤΗΣ ΔΙΑΓΝΩΣΤΙΚΑ ΙΑΤΡΙΚΑ ΦΑΡΜΑΚΕΥΤΙΚΑ ΠΡΟΙΟΝΤΑ ΑΕ,554.88,,1359β01
ΨΡΣΘ4690ΒΩ-ΧΤΞ,2025-08-13,ΠΡΟΜΗΘΕΙΑ ΟΡΘΟΠΕΔΙΚΟΥ ΥΛΙΚΟΥ ΜΕ ΣΥΜΒΑΣΗ (ΣΥΜΒ 262 /2024) ΓΙΑ ΤΟ ΜΗΝΑ ΜΑΪΟ 2024 ΑΠΑΞ ΠΑΡΑΓΓΕΛΙΑΣ ΣΥΜΦΩΝΑ ΜΕ ΤΙΣ ΔΙΑΤΑΞΕΙΣ ΤΟΥ Ν.5216/2025 αρθ.44 (ΦΕΚ 118/ τ.Α΄/07/07/2025),998465266,ΙΑΤΡΟΤΕΧΝΟΛΟΓΙΚΑ PS TEAM ΕΤΑΙΡΙΑ ΠΕΡΙΟΡΙΣΜΕΝΗΣ ΕΥΘΥΝΗΣ,26002.48,,1313β01
ΨΡΟΝ4690ΒΩ-ΣΥ6,2025-08-13,: ΠΡΟΜΗΘΕΙΑ ΟΡΘΟΠΕΔΙΚΟΥ ΥΛΙΚΟΥ ΜΕ ΣΥΜΒΑΣΗ (ΣΥΜΒ 265 /2024) ΓΙΑ ΤΟ ΜΗΝΑ ΜΑΪΟ 2024 ΑΠΑΞ ΠΑΡΑΓΓΕΛΙΑΣ ΣΥΜΦΩΝΑ ΜΕ ΤΙΣ ΔΙΑΤΑΞΕΙΣ ΤΟΥ Ν.5216/2025 αρθ.44 (ΦΕΚ 118/ τ.Α΄/07/07/2025),998465266,ΙΑΤΡΟΤΕΧΝΟΛΟΓΙΚΑ PS TEAM ΕΤΑΙΡΙΑ ΠΕΡΙΟΡΙΣΜΕΝΗΣ ΕΥΘΥΝΗΣ,18090.76,,1313β01
ΨΚΡ54690ΒΩ-2Κ7,2025-08-13,ΠΡΟΜΗΘΕΙΑ ΟΡΘΟΠΕΔΙΚΟΥ ΥΛΙΚΟΥ ΜΕ ΣΥΜΒΑΣΗ (ΣΥΜΒ 264 /2024) ΓΙΑ ΤΟ ΜΗΝΑ ΜΑΪΟ 2024 ΑΠΑΞ ΠΑΡΑΓΓΕΛΙΑΣ ΣΥΜΦΩΝΑ ΜΕ ΤΙΣ ΔΙΑΤΑΞΕΙΣ ΤΟΥ Ν.5216/2025 αρθ.44 (ΦΕΚ 118/ τ.Α΄/07/07/2025),998465266,ΙΑΤΡΟΤΕΧΝΟΛΟΓΙΚΑ PS TEAM ΕΤΑΙΡΙΑ ΠΕΡΙΟΡΙΣΜΕΝΗΣ ΕΥΘΥΝΗΣ,26329.88,,1313β01
ΨΑ2Λ4690ΒΩ-8ΧΘ,2025-08-13,: ΠΡΟΜΗΘΕΙΑ ΟΡΘΟΠΕΔΙΚΟΥ ΥΛΙΚΟΥ ΜΕ ΣΥΜΒΑΣΗ (ΣΥΜΒ 263 /2024) ΓΙΑ ΤΟ ΜΗΝΑ ΜΑΪΟ 2024 ΑΠΑΞ ΠΑΡΑΓΓΕΛΙΑΣ ΣΥΜΦΩΝΑ ΜΕ ΤΙΣ ΔΙΑΤΑΞΕΙΣ ΤΟΥ Ν.5216/2025 αρθ.44 (ΦΕΚ 118/ τ.Α΄/07/07/2025),998465266,ΙΑΤΡΟΤΕΧΝΟΛΟΓΙΚΑ PS TEAM ΕΤΑΙΡΙΑ ΠΕΡΙΟΡΙΣΜΕΝΗΣ ΕΥΘΥΝΗΣ,25318.24,,1313β01
9ΕΦΨ4690ΒΩ-Θ6Ψ,2025-08-13,ΠΡΟΜΗΘΕΙΑ ΟΡΘΟΠΕΔΙΚΟΥ ΥΛΙΚΟΥ ΜΕ ΣΥΜΒΑΣΗ (ΣΥΜΒ 323 /2024) ΓΙΑ ΤΟ ΜΗΝΑ IOYNIO 2024 ΑΠΑΞ ΠΑΡΑΓΓΕΛΙΑΣ ΣΥΜΦΩΝΑ ΜΕ ΤΙΣ ΔΙΑΤΑΞΕΙΣ ΤΟΥ Ν.5216/2025 αρθ.44 (ΦΕΚ 118/ τ.Α΄/07/07/2025),998465266,ΙΑΤΡΟΤΕΧΝΟΛΟΓΙΚΑ PS TEAM ΕΤΑΙΡΙΑ ΠΕΡΙΟΡΙΣΜΕΝΗΣ ΕΥΘΥΝΗΣ,4353.82,,1313β01
948Υ4690ΒΩ-ΒΔΥ,2025-08-13,ΠΡΟΜΗΘΕΙΑ ΟΡΘΟΠΕΔΙΚΟΥ ΥΛΙΚΟΥ ΜΕ ΣΥΜΒΑΣΗ (ΣΥΜΒ 261 /2024) ΓΙΑ ΤΟ ΜΗΝΑ ΜΑΪΟ 2024 ΑΠΑΞ ΠΑΡΑΓΓΕΛΙΑΣ ΣΥΜΦΩΝΑ ΜΕ ΤΙΣ ΔΙΑΤΑΞΕΙΣ ΤΟΥ Ν.5216/2025 αρθ.44 (ΦΕΚ 118/ τ.Α΄/07/07/2025),998465266,ΙΑΤΡΟΤΕΧΝΟΛΟΓΙΚΑ PS TEAM ΕΤΑΙΡΙΑ ΠΕΡΙΟΡΙΣΜΕΝΗΣ ΕΥΘΥΝΗΣ,3762.9,,1313β01
9Κ1Υ4690ΒΩ-ΥΚΕ,2025-08-13,ΠΡΟΜΗΘΕΙΑ ΟΡΘΟΠΕΔΙΚΟΥ ΥΛΙΚΟΥ ΜΕ ΣΥΜΒΑΣΗ (ΣΥΜΒ 280 /2024) ΓΙΑ ΤΟ ΜΗΝΑ IOYNIO 2024 ΑΠΑΞ ΠΑΡΑΓΓΕΛΙΑΣ ΣΥΜΦΩΝΑ ΜΕ ΤΙΣ ΔΙΑΤΑΞΕΙΣ ΤΟΥ Ν.5216/2025 αρθ.44 (ΦΕΚ 118/ τ.Α΄/07/07/2025),998465266,ΙΑΤΡΟΤΕΧΝΟΛΟΓΙΚΑ PS TEAM ΕΤΑΙΡΙΑ ΠΕΡΙΟΡΙΣΜΕΝΗΣ ΕΥΘΥΝΗΣ,21051.36,,1313β01
68Ω84690ΒΩ-ΦΕ2,2025-08-13,ΠΡΟΜΗΘΕΙΑ ΟΡΘΟΠΕΔΙΚΟΥ ΥΛΙΚΟΥ ΜΕ ΣΥΜΒΑΣΗ (ΣΥΜΒ 322 /2024) ΓΙΑ ΤΟ ΜΗΝΑ IOYNIO 2024 ΑΠΑΞ ΠΑΡΑΓΓΕΛΙΑΣ ΣΥΜΦΩΝΑ ΜΕ ΤΙΣ ΔΙΑΤΑΞΕΙΣ ΤΟΥ Ν.5216/2025 αρθ.44 (ΦΕΚ 118/ τ.Α΄/07/07/2025),998465266,ΙΑΤΡΟΤΕΧΝΟΛΟΓΙΚΑ PS TEAM ΕΤΑΙΡΙΑ ΠΕΡΙΟΡΙΣΜΕΝΗΣ ΕΥΘΥΝΗΣ,19570.18,,1313β01
ΨΟ334690ΒΩ-ΛΔΤ,2025-08-12,"ΠΡΟΜΗΘΕΙΑ ΛΟΙΠΟΥ ΧΗΜΙΚΟΥ ΥΛΙΚΟΥ (ΑΝΤΙΔΡΑΣΤΗΡΙΑ ΑΙΜΟΔΟΣΙΑΣ ) ΜΕ ΣΥΜΒΑΣΗ ΤΟ ΜΗΝΑ ΙΟΥΝΙΟ 2024 ,(ΧΕ 746/2025,ΣΥΜΒ.57/2024)",094240321,ΑΥΤΟΜΑΤΟΙ ΑΝΑΛΥΤΕΣ  ΔΙΑΓΝΩΣΤΙΚΑ ΑΝΤΙΔΡΑΣΤΗΡΙΑ ΚΑΙ ΙΔΙΩΤΙΚΑ ΔΙΑΓΝΩΣΤΙΚΑ ΕΡΓΑΣΤΗΡΙΑ   MEDICON HELLAS ΑΝΩΝΥΜΗ ΕΤΑΙΡΕΙΑ,40493.76,,1359β01
91ΙΠ4690ΒΩ-3ΥΒ,2025-08-12,ΠΡΟΜΗΘΕΙΑ ΥΓΕΙΟΝΟΜΙΚΟΥ ΥΛΙΚΟΥ ΝΟΣΟΚΟΜΕΙΟΥ (ΕΡΓΑΛΕΙΑ ΧΕΙΡΟΥΡΓΕΙΟΥ) ΜΕ ΣΥΜΒΑΣΗ (ΣΥΜ 487/2024) ΓΙΑ ΤΟ ΜΗΝΑ ΑΥΓΟΥΣΤΟ 2024 ΣΥΜΦΩΝΑ ΜΕ ΤΙΣ ΔΙΑΤΑΞΕΙΣ ΤΟΥ Ν.5216/2025 αρθ.44 (ΦΕΚ 118/ τ.Α΄/07/07/2025),801028069,I M I  INFINITY SURGICAL INNOVATIONS ΜΟΝΟΠΡΟΣΩΠΗ ΙΚΕ,3301.55,,1311β01
Ρ4ΑΟ4690ΒΩ-ΠΓΥ,2025-08-12,ΠΡΟΜΗΘΕΙΑ ΥΓΕΙΟΝΟΜΙΚΟΥ ΥΛΙΚΟΥ ΝΟΣΟΚΟΜΕΙΟΥ (ΕΡΓΑΛΕΙΑ ΧΕΙΡΟΥΡΓΕΙΟΥ) ΜΕ ΣΥΜΒΑΣΗ (ΣΥΜ 486/2024) ΓΙΑ ΤΟ ΜΗΝΑ ΑΥΓΟΥΣΤΟ 2024 ΣΥΜΦΩΝΑ ΜΕ ΤΙΣ ΔΙΑΤΑΞΕΙΣ ΤΟΥ Ν.5216/2025 αρθ.44 (ΦΕΚ 118/ τ.Α΄/07/07/2025),999307110,ΚΑΛΤΕΚ ΕΜΠΟΡΙΑ ΙΑΤΡΙΚΩΝ ΕΙΔΩΝ ΠΡΟΙΟΝΤΩΝ ΚΑΙ ΜΗΧΑΝΗΜΑΤΩΝ ΜΟΝΟΠΡΟΣΩΠΗ ΑΝΩΝΥΜΗ ΕΤΑΙΡΙΑ,4350.5,,1311β01
Ψ7Υ24690ΒΩ-ΝΥ4,2025-08-12,"ΠΡΟΜΗΘΕΙΑ ΛΟΙΠΟΥ ΧΗΜΙΚΟΥ ΥΛΙΚΟΥ (ΑΝΤΙΔΡΑΣΤΗΡΙΑ ΑΙΜΟΔΟΣΙΑΣ ) ΜΕ ΣΥΜΒΑΣΗ ΤΟΥΣ ΜΗΝΕΣ ΣΕΠΤΕΜΒΡΙΟ 2024,ΙΑΝΟΥΑΡΙΟ 2025, ΦΕΒΡΟΥΑΡΙΟ 2025,ΜΑΡΤΙΟ 2025 ( XE 2709/2024 ΣΥΜΒ.237/2023)",094240321,ΑΥΤΟΜΑΤΟΙ ΑΝΑΛΥΤΕΣ  ΔΙΑΓΝΩΣΤΙΚΑ ΑΝΤΙΔΡΑΣΤΗΡΙΑ ΚΑΙ ΙΔΙΩΤΙΚΑ ΔΙΑΓΝΩΣΤΙΚΑ ΕΡΓΑΣΤΗΡΙΑ   MEDICON HELLAS ΑΝΩΝΥΜΗ ΕΤΑΙΡΕΙΑ,5357.2,,1359α01
Ψ7Υ24690ΒΩ-ΝΥ4,2025-08-12,"ΠΡΟΜΗΘΕΙΑ ΛΟΙΠΟΥ ΧΗΜΙΚΟΥ ΥΛΙΚΟΥ (ΑΝΤΙΔΡΑΣΤΗΡΙΑ ΑΙΜΟΔΟΣΙΑΣ ) ΜΕ ΣΥΜΒΑΣΗ ΤΟΥΣ ΜΗΝΕΣ ΣΕΠΤΕΜΒΡΙΟ 2024,ΙΑΝΟΥΑΡΙΟ 2025, ΦΕΒΡΟΥΑΡΙΟ 2025,ΜΑΡΤΙΟ 2025 ( XE 2709/2024 ΣΥΜΒ.237/2023)",094240321,ΑΥΤΟΜΑΤΟΙ ΑΝΑΛΥΤΕΣ  ΔΙΑΓΝΩΣΤΙΚΑ ΑΝΤΙΔΡΑΣΤΗΡΙΑ ΚΑΙ ΙΔΙΩΤΙΚΑ ΔΙΑΓΝΩΣΤΙΚΑ ΕΡΓΑΣΤΗΡΙΑ   MEDICON HELLAS ΑΝΩΝΥΜΗ ΕΤΑΙΡΕΙΑ,95.4,,1359β01
ΡΗ2Λ4690ΒΩ-9ΦΚ,2025-08-12,ΤΑΚΤΙΚΕΣ ΑΠΟΔΟΧΕΣ - ΕΦΗΜΕΡΙΕΣ ΙΟΥΝΙΟΥ 2025 ΜΕ ΕΚΔΟΣΗ Α.Π.Υ. ΓΙΑ ΤΗΝ ΚΑΛΥΨΗ ΕΠΙΤΑΚΤΙΚΩΝ ΑΝΑΓΚΩΝ ΠΡΩΙΝΟΥ ΤΑΚΤΙΚΟΥ ΩΡΑΡΙΟΥ ΓΙΑ ΔΩΔΕΚΑ ΜΗΝΕΣ (17/2/2025 ΕΩΣ 16/2/2026) ΣΤΟ ΤΜΗΜΑ ΧΗΜΕΙΟΘΕΡΑΠΕΙΑ,156785626,"ΑΡΒΑΝΙΤΗ,,ΚΩΝΣΤΑΝΤΙΝΑ,ΓΕΩΡΓΙΟΣ",428.69,,0413α01
9ΕΣΓ4690ΒΩ-Ε2Ρ,2025-08-12,ΑΜΟΙΒΗ ΙΔΙΩΤΗ ΙΑΤΡΟΥ ΓΙΑ ΕΦΗΜΕΡΙΕΣ ΣΤΟ ΧΕΙΡΟΥΡΓΙΚΟ ΤΜΗΜΑ ΤΟΝ ΜΗΝΑ ΙΟΥΝΙΟ 2025 ΜΕ ΚΑΘΕΣΤΩΣ ΕΚΔΟΣΗΣ ΔΕΛΤΙΟΥ ΑΠΟΔΕΙΞΗΣ ΠΑΡΟΧΗΣ ΥΠΗΡΕΣΙΩΝ ΓΙΑ ΤΡΕΙΣ ΜΗΝΕΣ ΑΠΟ 1/4/2025 ΕΩΣ 30/6/2025,113589615,"ΖΙΑΜΑΣ,,ΔΗΜΗΤΡΙΟΣ,ΧΡΗΣΤΟΣ",1250.0,,0413α01
ΨΕΟ44690ΒΩ-ΟΨ3,2025-08-12,ΕΦΗΜΕΡΙΕΣ ΙΟΥΝΙΟΥ 2025 ΜΕ ΚΑΘΕΣΤΩΣ ΕΚΔΟΣΗΣ ΔΕΛΤΙΟΥ ΑΠΟΔΕΙΞΗΣ ΠΑΡΟΧΗΣ ΥΠΗΡΕΣΙΩΝ ΓΙΑ ΧΡΟΝΙΚΟ ΔΙΑΣΤΗΜΑ ΔΥΟ ΜΗΝΩΝ ΜΕ ΕΝΑΡΞΗ 29-4-2025 ΚΑΙ ΛΗΞΗ 30-6-2025 ΣΤΟ ΟΡΘΟΠΕΔΙΚΟ ΤΜΗΜΑ,057539932,"ΜΠΕΗΣ,,ΚΩΝΣΤΑΝΤΙΝΟΣ,ΙΩΑΝΝΗΣ",1250.0,,0413α01
6Δ314690ΒΩ-Κ3Υ,2025-08-12,"ΤΑΚΤΙΚΕΣ ΑΠΟΔΟΧΕΣ , ΕΦΗΜΕΡΙΕΣ ΑΠΟ 15/5/2025 ΕΩΣ 31/6/2025 2025 ΜΕ ΕΚΔΟΣΗ Α.Π.Υ. ΓΙΑ ΤΗΝ ΚΑΛΥΨΗ ΕΠΙΤΑΚΤΙΚΩΝ ΑΝΑΓΚΩΝ ΩΤΟΡΙΝΟΛΑΡΥΓΓΟΛΟΓΙΚΟΥ ΤΜΗΜΑΤΟΣ ΠΡΩΙΝΟΥ ΤΑΚΤΙΚΟΥ ΩΡΑΡΙΟΥ ΓΙΑ ΔΩΔΕΚΑ ΜΗΝΕΣ (15/5/2025 ΕΩΣ 14/5/2025)",034322654,"ΚΑΡΑΓΚΟΥΝΗΣ,,ΠΑΝΑΓΙΩΤΗΣ,ΔΗΜΟΣ",2620.28,,0413α01
9Υ594690ΒΩ-Β46,2025-08-11,ΔΙΑΦΗΜΙΣΕΙΣ- ΔΗΜΟΣΙΕΥΣΕΙΣ ΠΡΟΚΗΡΥΞΕΩΝ ΔΙΑΓΩΝΙΣΜΩΝ ΝΟΣΟΚΟΜΕΙΟΥ ΓΙΑ ΤΟ ΜΗΝΑ ΙΟΥΛΙΟ 2025,801818159,ΜΟΝΟΤΥΠΙΑ ΜΟΝΟΠΡΟΣΩΠΗ Ι Κ Ε,389.36,,0851α01
93Π44690ΒΩ-ΩΗΤ,2025-08-11,ΔΙΑΦΗΜΙΣΕΙΣ- ΔΗΜΟΣΙΕΥΣΕΙΣ ΠΡΟΚΗΡΥΞΕΩΝ ΔΙΑΓΩΝΙΣΜΩΝ ΝΟΣΟΚΟΜΕΙΟΥ ΓΙΑ ΤΟ ΜΗΝΑ ΙΟΥΛΙΟ 2025,130456160,"ΚΑΡΕΚΛΙΔΗΣ,,ΑΡΧΙΜΗΔΗΣ,ΓΕΩΡΓΙΟΣ",212.04,,0851α01
6ΝΙΡ4690ΒΩ-Ω7Ζ,2025-08-08,": ΠΡΟΜΗΘΕΙΑ ΦΑΡΜΑΚΕΥΤΙΚΟΥ ΥΛΙΚΟΥ ΝΟΣΟΚΟΜΕΙΟΥ ΓΙΑ ΤΟΥΣ ΜΗΝΕΣ ΑΥΓΟΥΣΤΟ & ΣΕΠΤΕΜΒΡΙΟ 2023, ΣΥΜΦΩΝΑ ΜΕ ΤΙΣ ΔΙΑΤΑΞΕΙΣ ΤΟΥ Ν.5216/2025 αρθ.44 (ΦΕΚ 118/ τ.Α΄/07/07/2025)",094043896,MERCK SHARP ΚΑΙ  DOHME ΦΑΡΜΑΚΕΥΤΙΚΗ ΕΜΠΟΡΙΚΗ ΜΟΝΟΠΡΟΣΩΠΗ ΑΝΩΝΥΜΗ ΕΤΑΙΡΙΑ,255597.78,,1312β01
ΨΕΜΦ4690ΒΩ-ΟΑ8,2025-08-08,ΑΠΟΔΟΣΗ ΥΠΕΡ ΑΡΧΗΣ ΕΞΕΤΑΣΗΣ ΠΡΟΔΙΚΑΣΤΙΚΩΝ ΠΡΟΣΦΥΓΩΝ  (ΑΕΠΠ) ΕΠΙ ΤΩΝ ΕΞΟΦΛΗΘΕΝΤΩΝ ΧΕ ΤΟΝ ΜΗΝΑ ΙΟΥΛΙΟ 2025 (Φ500),090169674,ΥΠΟΥΡΓΕΙΟ ΔΙΚΑΙΟΣΥΝΗΣ,0.02,,3399α05
Ψ0ΤΓ4690ΒΩ-1Γ9,2025-08-08,ΑΠΟΔΟΣΗ ΥΠΕΡ ΕΑΑΔΗΣΥ  ΕΠΙ ΤΩΝ ΕΞΟΦΛΗΘΕΝΤΩΝ ΧΕ ΤΟΝ ΜΗΝΑ ΙΟΥΛΙΟ 2025 (Φ500),090166291,ΥΠΟΥΡΓΕΙΟ ΑΝΑΠΤΥΞΗΣ,0.05,,3399α05
9ΥΖΛ4690ΒΩ-8Φ0,2025-08-08,: ΑΠΟΔΟΣΗ ΥΠΕΡ ΨΥΧΙΚΗΣ ΥΓΕΙΑΣ  (ΦΟΡΟΙ Ν.3580) ΕΠΙ ΤΩΝ ΕΞΟΦΛΗΘΕΝΤΩΝ ΧΕ ΤΟΝ ΜΗΝΑ ΙΟΥΛΙΟ 2025 (Φ500),099017070,ΥΠΟΥΡΓΕΙΟ ΥΓΕΙΑΣ ΠΡΟΝΟΙΑΣ,1.31,,3391α05
9ΠΛ14690ΒΩ-7Α1,2025-08-08,ΑΠΟΔΟΣΗ ΥΠΕΡ ΕΑΑΔΗΣΥ  ΕΠΙ ΤΩΝ ΕΞΟΦΛΗΘΕΝΤΩΝ ΧΕ ΤΟΝ ΜΗΝΑ ΙΟΥΛΙΟ 2025 (Φ300),090165560,ΥΠΟΥΡΓΕΙΟ ΟΙΚΟΝΟΜΙΚΩΝ ΓΕΝΙΚΗ   ΔIEYΘΥΝΣΗ  Δ ΚΗΣΥΠ ΞΗΣ Δ ΟΙΚ,5.13,,3391α05
ΨΟΖΦ4690ΒΩ-367,2025-08-08,ΑΠΟΔΟΣΗ ΥΠΕΡ ΕΑΑΔΗΣΥ  ΕΠΙ ΤΩΝ ΕΞΟΦΛΗΘΕΝΤΩΝ ΧΕ ΤΟΝ ΜΗΝΑ ΙΟΥΛΙΟ 2025 (Φ300),090166291,ΥΠΟΥΡΓΕΙΟ ΑΝΑΠΤΥΞΗΣ,0.09,,3391α08
ΡΒΥΣ4690ΒΩ-ΗΔ9,2025-08-08,ΑΠΟΔΟΣΗ ΥΠΕΡ ΨΥΧΙΚΗΣ ΥΓΕΙΑΣ  (Ν.3580) ΕΠΙ ΤΩΝ ΕΞΟΦΛΗΘΕΝΤΩΝ ΧΕ ΤΟΝ ΜΗΝΑ ΙΟΥΛΙΟ 2025 (Φ300),099017070,ΥΠΟΥΡΓΕΙΟ ΥΓΕΙΑΣ ΠΡΟΝΟΙΑΣ,2.27,,3391α08
9ΕΤΖ4690ΒΩ-ΡΙΠ,2025-08-08,": ΑΠΟΔΟΣΗ ΥΠΕΡ ΔΗΜΟΣΙΟΥ (ΦΟΡΟΙ 4%,8%) ΕΠΙ ΤΩΝ ΕΞΟΦΛΗΘΕΝΤΩΝ ΧΕ ΤΟΝ ΜΗΝΑ ΙΟΥΛΙΟ 2025 (Φ300)",090165560,ΥΠΟΥΡΓΕΙΟ ΟΙΚΟΝΟΜΙΚΩΝ ΓΕΝΙΚΗ   ΔIEYΘΥΝΣΗ  Δ ΚΗΣΥΠ ΞΗΣ Δ ΟΙΚ,95.63,,3391α08
ΨΟ6Ψ4690ΒΩ-Ω18,2025-08-08,ΑΠΟΔΟΣΗ ΥΠΕΡ ΑΡΧΗΣ ΕΞΕΤΑΣΗΣ ΠΡΟΔΙΚΑΣΤΙΚΩΝ  ΠΡΟΣΦΥΓΩΝ (ΑΕΠΠ) ΕΠΙ ΤΩΝ ΕΞΟΦΛΗΘΕΝΤΩΝ ΧΕ ΤΟΝ ΜΗΝΑ ΙΟΥΛΙΟ 2025 (Φ300),090169674,ΥΠΟΥΡΓΕΙΟ ΔΙΚΑΙΟΣΥΝΗΣ,0.03,,3399α01
92ΧΓ4690ΒΩ-1ΕΥ,2025-08-08,: ΑΠΟΔΟΣΗ ΥΠΕΡ ΑΡΧΗΣ ΕΞΕΤΑΣΗΣ ΠΡΟΔΙΚΑΣΤΙΚΩΝ ΠΡΟΣΦΥΓΩΝ  (ΑΕΠΠ ) ΕΠΙ ΤΩΝ ΕΞΟΦΛΗΘΕΝΤΩΝ ΧΕ ΤΟΝ ΜΗΝΑ ΙΟΥΛΙΟ 2025 (Φ400),090169674,ΥΠΟΥΡΓΕΙΟ ΔΙΚΑΙΟΣΥΝΗΣ,0.03,,3399α09
ΨΞΟ34690ΒΩ-ΣΕΒ,2025-08-08,ΑΠΟΔΟΣΗ ΥΠΕΡ  ΕΑΑΔΗΣΥ ΕΠΙ ΤΩΝ ΕΞΟΦΛΗΘΕΝΤΩΝ ΧΕ ΤΟΝ ΜΗΝΑ ΙΟΥΛΙΟ 2025 (Φ400),090166291,ΥΠΟΥΡΓΕΙΟ ΑΝΑΠΤΥΞΗΣ,0.48,,3399α09
9Α604690ΒΩ-Ε08,2025-08-08,ΑΠΟΔΟΣΗ ΥΠΕΡ  ΨΥΧΙΚΗΣ ΥΓΕΙΑΣ (Ν.3580) ΕΠΙ ΤΩΝ ΕΞΟΦΛΗΘΕΝΤΩΝ ΧΕ ΤΟΝ ΜΗΝΑ ΙΟΥΛΙΟ 2025 (Φ400),099017070,ΥΠΟΥΡΓΕΙΟ ΥΓΕΙΑΣ ΠΡΟΝΟΙΑΣ,10.05,,3391α09
6ΥΝ74690ΒΩ-ΑΜΤ,2025-08-08,ΑΠΟΔΟΣΗ ΥΠΕΡ ΔΗΜΟΣΙΟΥ (ΧΑΡΤ &ΟΓΑ ΧΑΡΤ ) ΕΠΙ ΤΩΝ ΕΞΟΦΛΗΘΕΝΤΩΝ ΧΕ ΤΟΝ ΜΗΝΑ ΙΟΥΛΙΟ 2025 (Φ400),090165560,ΥΠΟΥΡΓΕΙΟ ΟΙΚΟΝΟΜΙΚΩΝ ΓΕΝΙΚΗ   ΔIEYΘΥΝΣΗ  Δ ΚΗΣΥΠ ΞΗΣ Δ ΟΙΚ,0.01,,3391α09
6Σ5Π4690ΒΩ-44Υ,2025-08-08,"ΑΠΟΔΟΣΗ ΥΠΕΡ ΔΗΜΟΣΙΟΥ (ΦΟΡΟΙ 4%,8%) ΕΠΙ ΤΩΝ ΕΞΟΦΛΗΘΕΝΤΩΝ ΧΕ ΤΟΝ ΜΗΝΑ ΙΟΥΛΙΟ 2025 (Φ400)",090165560,ΥΠΟΥΡΓΕΙΟ ΟΙΚΟΝΟΜΙΚΩΝ ΓΕΝΙΚΗ   ΔIEYΘΥΝΣΗ  Δ ΚΗΣΥΠ ΞΗΣ Δ ΟΙΚ,22.88,,3391α09
Ψ1ΧΗ4690ΒΩ-71Υ,2025-08-08,ΠΟΔΟΣΗ ΥΠΕΡ  ΑΡΧΗΣ ΠΡΟΔΙΚΑΤΙΚΩΝ ΠΡΟΣΦΥΓΩΝ (  ΑΕΠΠ) ΕΠΙ ΤΩΝ ΕΞΟΦΛΗΘΕΝΤΩΝ ΧΕ ΤΟΝ ΜΗΝΑ ΙΟΥΛΙΟ 2025 (Φ100),090169674,ΥΠΟΥΡΓΕΙΟ ΔΙΚΑΙΟΣΥΝΗΣ,6.57,,3399α01
9ΧΙΤ4690ΒΩ-ΗΨΣ,2025-08-08,: ΑΠΟΔΟΣΗ ΥΠΕΡ ΔΗΜΟΣΙΟΥ ΕΑΑΔΗΣΥ ΕΠΙ ΤΩΝ ΕΞΟΦΛΗΘΕΝΤΩΝ ΧΕ ΤΟΝ ΜΗΝΑ ΙΟΥΛΙΟ 2025 (Φ100),090166291,ΥΠΟΥΡΓΕΙΟ ΑΝΑΠΤΥΞΗΣ,1456.01,,3399α01
ΨΩΦΖ4690ΒΩ-Ι9Ψ,2025-08-08,ΑΠΟΔΟΣΗ ΥΠΕΡ ΨΥΧΙΚΗΣ ΥΓΕΙΑΣ  (Ν. 3580 2%) ΕΠΙ ΤΩΝ ΕΞΟΦΛΗΘΕΝΤΩΝ ΧΕ ΤΟΝ ΜΗΝΑ ΙΟΥΛΙΟ 2025 (Φ100),099017070,ΥΠΟΥΡΓΕΙΟ ΥΓΕΙΑΣ ΠΡΟΝΟΙΑΣ,33993.52,,3391α01
93ΟΨ4690ΒΩ-139,2025-08-08,: ΑΠΟΔΟΣΗ ΥΠΕΡ ΔΗΜΟΣΙΟΥ (ΧΑΡΤ &ΟΓΑ ΧΑΡΤ ) ΕΠΙ ΤΩΝ ΕΞΟΦΛΗΘΕΝΤΩΝ ΧΕ ΤΟΝ ΜΗΝΑ ΙΟΥΛΙΟ 2025 (Φ100),090165560,ΥΠΟΥΡΓΕΙΟ ΟΙΚΟΝΟΜΙΚΩΝ ΓΕΝΙΚΗ   ΔIEYΘΥΝΣΗ  Δ ΚΗΣΥΠ ΞΗΣ Δ ΟΙΚ,41.05,,3391α01
60Δ14690ΒΩ-ΘΤΠ,2025-08-08,: ΑΠΟΔΟΣΗ ΥΠΕΡ ΔΗΜΟΣΙΟΥ (ΦΟΡΟΣ 20%) ΕΠΙ ΤΩΝ ΕΞΟΦΛΗΘΕΝΤΩΝ ΧΕ ΤΟΝ ΜΗΝΑ ΙΟΥΛΙΟ 2025 (Φ100),090165560,ΥΠΟΥΡΓΕΙΟ ΟΙΚΟΝΟΜΙΚΩΝ ΓΕΝΙΚΗ   ΔIEYΘΥΝΣΗ  Δ ΚΗΣΥΠ ΞΗΣ Δ ΟΙΚ,1389.32,,3391α01
ΨΑΙΑ4690ΒΩ-4Ο2,2025-08-08,: ΑΠΟΔΟΣΗ ΥΠΕΡ ΔΗΜΟΣΙΟΥ (ΦΟΡΟΙ 8%) ΕΠΙ ΤΩΝ ΕΞΟΦΛΗΘΕΝΤΩΝ ΧΕ ΤΟΝ ΜΗΝΑ ΙΟΥΛΙΟ 2025 (Φ600),090165560,ΥΠΟΥΡΓΕΙΟ ΟΙΚΟΝΟΜΙΚΩΝ ΓΕΝΙΚΗ   ΔIEYΘΥΝΣΗ  Δ ΚΗΣΥΠ ΞΗΣ Δ ΟΙΚ,7.02,,3391α06
610Ψ4690ΒΩ-ΗΦ3,2025-08-08,"ΑΠΟΔΟΣΗ ΥΠΕΡ ΔΗΜΟΣΙΟΥ (ΦΟΡΟΙ 1%,4%,8%) ΕΠΙ ΤΩΝ ΕΞΟΦΛΗΘΕΝΤΩΝ ΧΕ ΤΟΝ ΜΗΝΑ ΙΟΥΛΙΟ 2025 (Φ100)",090165560,ΥΠΟΥΡΓΕΙΟ ΟΙΚΟΝΟΜΙΚΩΝ ΓΕΝΙΚΗ   ΔIEYΘΥΝΣΗ  Δ ΚΗΣΥΠ ΞΗΣ Δ ΟΙΚ,68634.19,,3391α01
ΨΥΛ04690ΒΩ-ΤΩΥ,2025-08-08,: ΑΠΟΔΟΣΗ ΥΠΕΡ (ΑΕΠΠ )  ΑΡΧΗΣ ΕΞΕΤΑΣΗΣ ΠΡΟΔΙΚΑΣΤΙΚΩΝ ΠΡΟΣΦΥΓΩΝ ΕΠΙ ΤΩΝ ΕΞΟΦΛΗΘΕΝΤΩΝ ΧΕ ΤΟΝ ΜΗΝΑ ΙΟΥΛΙΟ 2025 (Φ600),090169674,ΥΠΟΥΡΓΕΙΟ ΔΙΚΑΙΟΣΥΝΗΣ,0.03,,3399α06
Ψ83Η4690ΒΩ-Α3Ω,2025-08-08,ΑΠΟΔΟΣΗ ΥΠΕΡ ΕΑΑΔΗΣΥ  ΕΠΙ ΤΩΝ ΕΞΟΦΛΗΘΕΝΤΩΝ ΧΕ ΤΟΝ ΜΗΝΑ ΙΟΥΛΙΟ 2025 (Φ600),090166291,ΥΠΟΥΡΓΕΙΟ ΑΝΑΠΤΥΞΗΣ,0.07,,3399α06
9ΝΛΓ4690ΒΩ-Η6Δ,2025-08-08,ΑΠΟΔΟΣΗ ΥΠΕΡ ΨΥΧΙΚΗΣ ΥΓΕΙΑΣ  (Ν 3580  2%) ΕΠΙ ΤΩΝ ΕΞΟΦΛΗΘΕΝΤΩΝ ΧΕ ΤΟΝ ΜΗΝΑ ΙΟΥΛΙΟ 2025 (Φ600),099017070,ΥΠΟΥΡΓΕΙΟ ΥΓΕΙΑΣ ΠΡΟΝΟΙΑΣ,180.0,,3391α06
90Δ34690ΒΩ-ΕΧΨ,2025-08-08,: ΠΡΟΜΗΘΕΙΑ ΦΑΡΜΑΚΕΥΤΙΚΟΥ ΥΛΙΚΟΥ ΝΟΣΟΚΟΜΕΙΟΥ ΓΙΑ ΤΟΥΣ ΜΗΝΕΣ ΜΑΙΟ & ΙΟΥΝΙΟ 2024 (ΓΔΟΥ/οικ.59434/31-7-2018) ΠΡΟΣΘΕΤΟ REBATE Β΄ ΕΞΑΜΗΝΟΥ 2023 THΣ ΠΑΡ.3 TOY AΡΘΡΟ 35 TOY N. 3918/2011 & ΣΥΜΦΩΝΑ ΜΕ ΤΙΣ ΔΙΑΤΑΞΕΙΣ ΤΟΥ Ν.5216/2025 αρθ.44 (ΦΕΚ 118/ τ.Α΄/07/07/2025),094320634,UNI PHARMA ΚΛΕΩΝ ΤΣΕΤΗΣ ΦΑΡΜΑΚΕΥΤΙΚΑ ΕΡΓΑΣΤΗΡΙΑ ΑΝΩΝΥΜΟΣ ΒΙΟΜΗΧΑΝΙΚΗ ΚΑΙ ΕΜΠΟΡΙΚΗ ΕΤΑΙΡΕΙΑ,3331.02,,1312β01
6ΓΓΦ4690ΒΩ-Τ4Τ,2025-08-08,ΠΡΟΜΗΘΕΙΑ ΦΑΡΜΑΚΕΥΤΙΚΟΥ ΥΛΙΚΟΥ ΝΟΣΟΚΟΜΕΙΟΥ ΓΙΑ ΤΟΥΣ ΜΗΝΕΣ ΙΟΥΝΙΟ 2023 ΕΩΣ ΑΠΡΙΛΙΟ 2024 (ΓΔΟΥ/οικ.59434/31-7-2018) ΠΡΟΣΘΕΤΟ CLAW BACK Β΄ ΕΞΑΜΗΝΟΥ 2023 ΣΥΜΦΩΝΑ ΜΕ ΤΟ ΥΠ΄ΑΡΙΘΜ. Β1β/Γ.Π./οικ. 50231/2017 (ΦΕΚ 2255/Β/2017) ΚΑΙ ΣΥΜΦΩΝΑ ΜΕ ΤΙΣ ΔΙΑΤΑΞΕΙΣ ΤΟΥ Ν.5216/2025 αρθ.44 (ΦΕΚ 118/ τ.Α΄/07/07/2025),094320634,UNI PHARMA ΚΛΕΩΝ ΤΣΕΤΗΣ ΦΑΡΜΑΚΕΥΤΙΚΑ ΕΡΓΑΣΤΗΡΙΑ ΑΝΩΝΥΜΟΣ ΒΙΟΜΗΧΑΝΙΚΗ ΚΑΙ ΕΜΠΟΡΙΚΗ ΕΤΑΙΡΕΙΑ,72541.82,,1312β01
6ΦΓΗ4690ΒΩ-ΝΟΞ,2025-08-08,"ΠΡΟΜΗΘΕΙΑ ΦΑΡΜΑΚΕΥΤΙΚΟΥ ΥΛΙΚΟΥ ΝΟΣΟΚΟΜΕΙΟΥ ΓΙΑ ΤΟΥΣ ΜΗΝΕΣ ΜΑΡΤΙΟ, ΑΠΡΙΛΙΟ, ΙΟΥΝΙΟ & ΙΟΥΛΙΟ 2024 ΜΕ ΤΗ ΔΙΑΔΙΚΑΣΙΑ CLAW BACK Β' ΕΞΑΜΗΝΟΥ 2023 ΣΥΜΦΩΝΑ ΜΕ ΤΟ ΥΠ' ΑΡΙΘΜ.Β1β/Γ.Π./οικ.50231/2017(ΦΕΚ Β'2255) ΚΑΙ ΣΥΜΦΩΝΑ ΜΕ ΤΙΣ ΔΙΑΤΑΞΕΙΣ ΤΟΥ Ν.5216/2025 αρθ.44 (ΦΕΚ 118/ τ.Α΄/07/07/2025)",094032163,ΑΝΩΝΥΜΟΣ ΧΗΜΙΚΗ ΚΑΙ ΦΑΡΜΑΚΕΥΤΙΚΗ ΕΤΑΙΡΕΙΑ GENEPHARM AE,753.24,,1312β01
94ΒΖ4690ΒΩ-ΤΟΔ,2025-08-08,ΥΠΗΡΕΣΙΕΣ ΕΠΙΣΚΕΥΗΣ ΚΑΙ ΣΥΝΤΗΡΗΣΗΣ ΜΗΧΑΝΗΜΑΤΩΝ ΑΠΟΣΤΕΙΡΩΣΗΣ-ΑΠΟΛΥΜΑΝΣΗΣ ΜΕ ΣΥΜΒΑΣΗ ΑΠΟ 25/5/2024 ΕΩΣ 24/11/2024 (ΣΥΜΒ. 251/2024),095526068,HOSPITECNICA ΝΟΣΟΚΟΜΕΙΑΚΟΣ ΕΞΟΠΛΙΣΜΟΣ ΕΓΚΑΤΑΤΑΣΕΙΣ ΣΥΝΤΗΡΗΣΕΙΣ ΕΠΕ,31434.0,,0887β01
ΨΗΔΗ4690ΒΩ-0ΦΧ,2025-08-08,ΠΡΟΜΗΘΕΙΑ ΦΑΡΜΑΚΕΥΤΙΚΟΥ ΥΛΙΚΟΥ ΝΟΣΟΚΟΜΕΙΟΥ ΓΙΑ ΤΟ ΜΗΝΑ IOYNIO 2023 (ΓΔΟΥ/οικ.59434/31-7-2018) ΠΡΟΣΘΕΤΟ REBATE  B΄ ΕΞΑΜΗΝΟΥ 2020 THΣ ΠΑΡ.3 TOY AΡΘΡΟ 35 TOY N. 3918/2011 & ΣΥΜΦΩΝΑ ΜΕ ΤΙΣ ΔΙΑΤΑΞΕΙΣ ΤΟΥ Ν.5216/2025 αρθ.44  (ΦΕΚ 118/ τ.Α΄/07/07/2025),999862491,PAUL HARTMANΝ HELLAS ΑΝΩΝΥΜΗ ΕΤΑΙΡΕΙΑ ΕΜΠΟΡΙΑΣ ΚΑΙ ΚΑΤΑΣΚΕΥΗΣ ΙΑΤΡΙΚΩΝ ΠΡΟΙΟΝΤΩΝ ΚΑΙ ΠΡΟΙΟΝΤΩΝ ΑΤΟΜΙΚΗΣ ΥΓΙΕΙΝΗΣ,2409.27,,1312β01
ΨΗΧΥ4690ΒΩ-Ψ9Υ,2025-08-08,ΠΡΟΜΗΘΕΙΑ ΑΝΤΑΛΛΑΚΤΙΚΩΝ ΕΙΔΩΝ ΓΙΑ ΕΠΙΣΚΕΥΗ - ΣΥΝΤΗΡΗΣΗ ΠΛΥΝΤΗΡΙΩΝ ΜΕ ΣΥΜΒΑΣΗ ΤΟΝ ΜΗΝΑ ΙΟΥΝΙΟ 2024 (ΣΥΜΒ.236/2024) ΣΥΜΦΩΝΑ ΜΕ ΤΙΣ ΔΙΑΤΑΞΕΙΣ ΤΟΥ Ν. 5216/2025 αρθ.44 (ΦΕΚ 118 /τ. Α'/ 07-07-2025,094285848,ΞΕΝΕΞ  ΑΝΑΣΤΑΣΙΟΣ ΚΙΟΥΛΠΑΠΑΣ ΑΝΩΝΥΜΗ ΕΤΑΙΡΕΙΑ ΕΞΟΠΛΙΣΜΩΝ ΠΛΥΝΤΗΡΙΩΝ ΜΑΓΕΙΡΕΙΩΝ,8155.4,,1429β01
65ΑΘ4690ΒΩ-899,2025-08-08,ΠΡΟΜΗΘΕΙΑ ΦΑΡΜΑΚΕΥΤΙΚΟΥ ΥΛΙΚΟΥ ΝΟΣΟΚΟΜΕΙΟΥ ΓΙΑ ΤΟΥΣ ΜΗΝΕΣ ΙΟΥΛΙΟ 2023 ΕΩΣ ΜΑΪΟ 2024 (ΓΔΟΥ/οικ.59434/31-7-2018) ΠΡΟΣΘΕΤΟ CLAW BACK Α΄ & Β΄ ΕΞΑΜΗΝΟΥ 2023 ΣΥΜΦΩΝΑ ΜΕ ΤΟ ΥΠ΄ΑΡΙΘΜ. Β1β/Γ.Π./οικ. 50231/2017 (ΦΕΚ 2255/Β/2017) ΚΑΙ ΣΥΜΦΩΝΑ ΜΕ ΤΙΣ ΔΙΑΤΑΞΕΙΣ ΤΟΥ ΣΥΜΦΩΝΑ ΜΕ ΤΙΣ ΔΙΑΤΑΞΕΙΣ ΤΟΥ Ν.5216/2025 αρθ.44 (ΦΕΚ 118/ τ.Α΄/07/07/2025),999862491,PAUL HARTMANΝ HELLAS ΑΝΩΝΥΜΗ ΕΤΑΙΡΕΙΑ ΕΜΠΟΡΙΑΣ ΚΑΙ ΚΑΤΑΣΚΕΥΗΣ ΙΑΤΡΙΚΩΝ ΠΡΟΙΟΝΤΩΝ ΚΑΙ ΠΡΟΙΟΝΤΩΝ ΑΤΟΜΙΚΗΣ ΥΓΙΕΙΝΗΣ,29051.34,,1312β01
Ψ2ΨΒ4690ΒΩ-ΞΧΙ,2025-08-08,ΠΡΟΜΗΘΕΙΑ ΕΙΔΩΝ ΜΑΝΑΒΙΚΗΣ ΜΕ ΣΥΜΒΑΣΗ ΤΟΝ ΜΗΝΑ ΙΑΝΟΥΑΡΙΟ 2025 (ΣΥΜΒ. 559/2024 ΧΕ 306/2025 ) ΣΥΜΦΩΝΑ ΜΕ ΤΙΣ ΔΙΑΤΑΞΕΙΣ ΤΟΥ Ν. 5216/2025 αρθ.44 (ΦΕΚ 118 /τ. Α'/ 07-07-2025,997897380,Δ ΑΓΡΑΦΙΩΤΗΣ ΚΑΙ ΣΙΑ ΕΕ,425.91,,1511α01
Ρ2ΟΙ4690ΒΩ-ΛΛΓ,2025-08-07,"ΠΡΟΜΗΘΕΙΑ .ΟΡΘΟΠΕΔΙΚΑ ΥΛΙΚΑ ΝΟΣΟΚΟΜΕΙΟΥ ΜΕ ΣΥΜΒΑΣΗ (ΣΥΜ 417/2024) ΓΙΑ ΤΟΥΣ ΜΗΝΕΣ ΙΟΥΛΙΟ 2024, ΑΥΓΟΥΣΤΟ 2024 ΣΥΜΦΩΝΑ ΜΕ ΤΙΣ ΔΙΑΤΑΞΕΙΣ ΤΟΥ Ν.5216/2025 αρθ.44 (ΦΕΚ 118/ τ.Α΄/07/07/2025)",999307110,ΚΑΛΤΕΚ ΕΜΠΟΡΙΑ ΙΑΤΡΙΚΩΝ ΕΙΔΩΝ ΠΡΟΙΟΝΤΩΝ ΚΑΙ ΜΗΧΑΝΗΜΑΤΩΝ ΜΟΝΟΠΡΟΣΩΠΗ ΑΝΩΝΥΜΗ ΕΤΑΙΡΙΑ,3525.6,,1313β01
ΡΑ594690ΒΩ-45Λ,2025-08-07,ΠΡΟΜΗΘΕΙΑ ΟΡΘΟΠΕΔΙΚΟΥ ΥΛΙΚΟΥ ΝΟΣΟΚΟΜΕΙΟΥ ΜΕ ΣΥΜΒΑΣΗ (ΣΥΜ 418/2024) ΓΙΑ ΤΟ ΜΗΝΑ ΙΟΥΛΙΟ 2024 ΣΥΜΦΩΝΑ ΜΕ ΤΙΣ ΔΙΑΤΑΞΕΙΣ ΤΟΥ Ν.5216/2025 αρθ.44 (ΦΕΚ 118/ τ.Α΄/07/07/2025),801028069,I M I  INFINITY SURGICAL INNOVATIONS ΜΟΝΟΠΡΟΣΩΠΗ ΙΚΕ,13560.0,,1313β01
ΨΡΛ94690ΒΩ-ΦΟΒ,2025-08-07,": ΚΑΤΑΒΟΛΗ ΠΟΣΟΥ ΣΕ ΕΚΤΕΛΕΣΗ ΤΗΣ ΥΠ ΑΡΙΘ. 843/2021 ΑΠΟΦΑΣΗ ΤΟΥ ΜΟΜΟΜΕΛΟΥΣ ΠΡΩΤΟΔΙΚΕΙΟΥ ΒΟΛΟΥ (ΔΙΑΔΙΚΑΣΙΑ ΑΣΦΑΛΙΣΤΙΚΑ ΜΕΤΡΑ ) 93Η ΔΟΣΗΣ ΔΙΑΚΑΝΟΝΙΣΜΟΥ ΟΦΕΙΛΩΝ ΝΟΣΟΚΟΜΕΙΟΥ , ΣΥΜΦΩΝΑ ΜΕ ΤΑ ΙΔΙΩΤΙΚΑ ΣΥΜΦΩΝΗΤΙΚΑ ΡΥΘΜΙΣΗΣ ΟΦΕΙΛΩΝ ΜΕ ΑΡΙΘ.20454,20463,20458 ΤΗΣ 23/11/17 ΤΗ ΓΝΩΜΑΤΕΥΣΗ ΜΕ ΑΡΙΘ.6305/20-03-2019 ΤΗΣ ΔΙΚΗΓΟΡΟΥ ΚΑΙ ΤΟ ΠΡΑΚΤΙΚΟ ΔΣ 13/04-04-2019 ΘΕΜΑ 7.(ΠΑΡΟΧΗ 7763214,1473345)",090071204,ΔΗΜΟΤΙΚΗ ΕΠΙΧΕΙΡΗΣΗ ΥΔΡΕΥΣΗΣ ΑΠΟΧΕΤΕΥΣΗΣ ΒΟΛΟΥ,4504.0,,0841α01
6ΗΞΩ4690ΒΩ-175,2025-08-07,"ΚΑΤΑΒΟΛΗ ΠΟΣΟΥ ΣΕ ΕΚΤΕΛΕΣΗ ΤΗΣ ΥΠ ΑΡΙΘ. 843/2021 ΑΠΟΦΑΣΗ ΤΟΥ ΜΟΜΟΜΕΛΟΥΣ ΠΡΩΤΟΔΙΚΕΙΟΥ ΒΟΛΟΥ (ΔΙΑΔΙΚΑΣΙΑ ΑΣΦΑΛΙΣΤΙΚΑ ΜΕΤΡΑ ) 93Η ΔΟΣΗΣ ΔΙΑΚΑΝΟΝΙΣΜΟΥ ΟΦΕΙΛΩΝ ΦΙΛΥΡΑ, ΣΥΜΦΩΝΑ ΜΕ ΤΑ ΙΔΙΩΤΙΚΑ ΣΥΜΦΩΝΗΤΙΚΑ ΡΥΘΜΙΣΗΣ ΟΦΕΙΛΩΝ ΜΕ ΑΡΙΘ.20454,20463,20458 ΤΗΣ 23/11/17 ΤΗ ΓΝΩΜΑΤΕΥΣΗ ΜΕ ΑΡΙΘ.6305/20-03-2019 ΤΗΣ ΔΙΚΗΓΟΡΟΥ ΚΑΙ ΤΟ ΠΡΑΚΤΙΚΟ ΔΣ 13/04-04-2019 ΘΕΜΑ7.(ΠΑΡΟΧΗ 10103869)",090071204,ΔΗΜΟΤΙΚΗ ΕΠΙΧΕΙΡΗΣΗ ΥΔΡΕΥΣΗΣ ΑΠΟΧΕΤΕΥΣΗΣ ΒΟΛΟΥ,25.0,,0841α06
94ΡΕ4690ΒΩ-ΩΓ4,2025-08-07,"ΕΙΣΦΟΡΕΣ ΣΤΟΝ ΕΦΚΑ ΤΑΚΤΙΚΩΝ ΑΠΟΔΟΧΩΝ ΦΕΡΒΟΥΑΡΙΟΥ (802,08) & ΑΠΡΙΛΙΟΥ (634,70) 2025 ΤΟΥ ΕΙΔΙΚΟΥ ΠΡΟΓΡΑΜΜΑΤΟΣ ΑΠΑΣΧΟΛΗΣΗΣ 1135 ΑΝΕΡΓΟΙ ΣΤΟ ΧΩΡΟ ΤΗΣ ΥΓΕΙΑΣ",090003373,ΙΚΑ,1436.78,,0561α01
9Ζ764690ΒΩ-ΚΦ9,2025-08-07,": ΠΡΟΜΗΘΕΙΑ ΟΡΘΟΠΕΔΙΚΟΥ ΥΛΙΚΟΥ ΜΕ ΣΥΜΒΑΣΗ ΤΟ ΜΗΝΑ ,ΙΟΥΝΙΟ 2024 (ΣΥΜΒ.326/2024) ΑΠΑΞ ΠΑΡΑΓΓΕΛΙΑΣ ΣΥΜΦΩΝΑ ΜΕ ΤΙΣ ΔΙΑΤΑΞΕΙΣ ΤΟΥ Ν.5216/2025 αρθ.44 (ΦΕΚ 118/ τ.Α΄/07/07/2025)",999117743,ΙΑΤΡΙΚΑ ΠΕΝΥ ΕΤΑΙΡΙΑ ΠΕΡΙΟΡΙΣΜΕΝΗΣ ΕΥΘΥΝΗΣ,3166.34,,1313β01
Ψ44Ω4690ΒΩ-1ΙΙ,2025-08-07,"ΠΡΟΜΗΘΕΙΑ ΠΡΟΣΤΑΤΕΥΤΙΚΩΝ ΕΠΙΔΕΣΜΩΝ ΜΑΤΙΩΝ, ΕΝΔΟΤΡΑΧΕΙΑΚΩΝ ΣΩΛΗΝΩΝ, ΘΕΡΜΑΝΤΙΚΩΝ ΚΟΥΒΕΡΤΩΝ, ΜΗΝΩΝ ΙΟΥΛΙΟΥ & ΟΚΤΩΒΡΙΟΥ 2023, ΧΩΡΙΣ ΣΥΜΒΑΣΗ, ΜΕ ΑΠΟΦΑΣΕΙΣ ΔΣ 32/18-7-24 Θ.23, 33/25-7-24 Θ.3, 45/27-9-24 Θ.40 & Θ.43, ΣΥΜΦΩΝΑ ΜΕ ΤΙΣ ΔΙΑΤΑΞΕΙΣ ΤΟΥ Ν.5216/2025 αρθ.44 (ΦΕΚ 118/ τ.Α΄/07/07/2025)",094447320,ΜΕΝΤΙ ΣΑΠ ΑΝΩΝΥΜΗ ΕΤΑΙΡΙΑ ΙΑΤΡΙΚΩΝ ΕΙΔΩΝ,4108.95,,1311β01
9ΜΠΨ4690ΒΩ-ΗΥΨ,2025-08-07,": ΠΡΟΜΗΘΕΙΑ ΟΡΘΟΠΕΔΙΚΟΥ ΥΛΙΚΟΥ ΜΕ ΣΥΜΒΑΣΗ ΤΟ ΜΗΝΑ ,ΑΥΓΟΥΣΤΟ 2024 (ΣΥΜΒ.327/2024) ΑΠΑΞ ΠΑΡΑΓΓΕΛΙΑΣ ΣΥΜΦΩΝΑ ΜΕ ΤΙΣ ΔΙΑΤΑΞΕΙΣ ΤΟΥ Ν.5216/2025 αρθ.44 (ΦΕΚ 118/ τ.Α΄/07/07/2025)",999117743,ΙΑΤΡΙΚΑ ΠΕΝΥ ΕΤΑΙΡΙΑ ΠΕΡΙΟΡΙΣΜΕΝΗΣ ΕΥΘΥΝΗΣ,3037.16,,1313β01
ΨΧΞ94690ΒΩ-Γ2Υ,2025-08-07,": ΠΡΟΜΗΘΕΙΑ ΟΡΘΟΠΕΔΙΚΟΥ ΥΛΙΚΟΥ ΜΕ ΣΥΜΒΑΣΗ ΤΟ ΜΗΝΑ ,ΑΥΓΟΥΣΤΟ 2024 (ΣΥΜΒ.372/2024) ΑΠΑΞ ΠΑΡΑΓΓΕΛΙΑΣ ΣΥΜΦΩΝΑ ΜΕ ΤΙΣ ΔΙΑΤΑΞΕΙΣ ΤΟΥ Ν.5216/2025 αρθ.44 (ΦΕΚ 118/ τ.Α΄/07/07/2025)",999117743,ΙΑΤΡΙΚΑ ΠΕΝΥ ΕΤΑΙΡΙΑ ΠΕΡΙΟΡΙΣΜΕΝΗΣ ΕΥΘΥΝΗΣ,4482.92,,1313β01
ΡΠΒΠ4690ΒΩ-8Υ4,2025-08-07,"ΠΡΟΜΗΘΕΙΑ ΟΡΘΟΠΕΔΙΚΟΥ ΥΛΙΚΟΥ ΜΕ ΣΥΜΒΑΣΗ ΤΟ ΜΗΝΑ ,ΑΥΓΟΥΣΤΟ 2024 (ΣΥΜΒ.373/2024) ΑΠΑΞ ΠΑΡΑΓΓΕΛΙΑΣ ΣΥΜΦΩΝΑ ΜΕ ΤΙΣ ΔΙΑΤΑΞΕΙΣ ΤΟΥ Ν.5216/2025 αρθ.44 (ΦΕΚ 118/ τ.Α΄/07/07/2025)",999117743,ΙΑΤΡΙΚΑ ΠΕΝΥ ΕΤΑΙΡΙΑ ΠΕΡΙΟΡΙΣΜΕΝΗΣ ΕΥΘΥΝΗΣ,6598.28,,1313β01
6Υ594690ΒΩ-ΣΨ3,2025-08-07,"ΠΡΟΜΗΘΕΙΑ ΟΡΘΟΠΕΔΙΚΟΥ ΥΛΙΚΟΥ ΜΕ ΣΥΜΒΑΣΗ ΤΟ ΜΗΝΑ ,ΜΑΙΟΣ 2024 (ΣΥΜΒ.272/2024) ΑΠΑΞ ΠΑΡΑΓΓΕΛΙΑΣ ΣΥΜΦΩΝΑ ΜΕ ΤΙΣ ΔΙΑΤΑΞΕΙΣ ΤΟΥ Ν.5216/2025 αρθ.44 (ΦΕΚ 118/ τ.Α΄/07/07/2025)",999117743,ΙΑΤΡΙΚΑ ΠΕΝΥ ΕΤΑΙΡΙΑ ΠΕΡΙΟΡΙΣΜΕΝΗΣ ΕΥΘΥΝΗΣ,4477.94,,1313β01
6Θ724690ΒΩ-ΣΦ0,2025-08-07,"ΠΡΟΜΗΘΕΙΑ ΟΡΘΟΠΕΔΙΚΟΥ ΥΛΙΚΟΥ ΜΕ ΣΥΜΒΑΣΗ ΤΟ ΜΗΝΑ ,ΜΑΙΟ 2024 (ΣΥΜΒ.271/2024) ΑΠΑΞ ΠΑΡΑΓΓΕΛΙΑΣ ΣΥΜΦΩΝΑ ΜΕ ΤΙΣ ΔΙΑΤΑΞΕΙΣ ΤΟΥ Ν.5216/2025 αρθ.44 (ΦΕΚ 118/ τ.Α΄/07/07/2025)",999117743,ΙΑΤΡΙΚΑ ΠΕΝΥ ΕΤΑΙΡΙΑ ΠΕΡΙΟΡΙΣΜΕΝΗΣ ΕΥΘΥΝΗΣ,3925.84,,1313β01
6ΞΩΣ4690ΒΩ-Ζ7Ψ,2025-08-07,ΠΡΟΜΗΘΕΙΑ ΧΗΜΙΚΟΥ ΥΛΙΚΟΥ ΝΟΣΟΚΟΜΕΙΟΥ ΓΙΑ ΤΟΥΣ ΜΗΝΕΣ ΜΑΡΤΙΟ 2024 ΙΟΥΛΙΟ 2025 ΜΕ ΣΥΜΒΑΣΗ (ΣΥΜΒ.94/24) ΜΕ ΤΙΣ ΔΙΑΤΑΞΕΙΣ ΤΟΥ Ν.5216/2025 αρθ.44 (ΦΕΚ 118/ τ.Α΄/07/07/2025),094027257,"ΑΜΠΟΤ ΛΑΜΠΟΡΑΤΟΡΙΣ (ΕΛΛΑΣ), ΒΙΟΜΗΧΑΝΙΚΗ ΚΑΙ ΕΜΠΟΡΙΚΗ ΑΝΩΝΥΜΗ ΕΤΑΙΡΕΙΑ",23076.75,,1359β01
ΡΝ2Χ4690ΒΩ-ΓΙΖ,2025-08-06,": ΠΡΟΜΗΘΕΙΑ ΦΑΡΜΑΚΕΥΤΙΚΟΥ ΥΛΙΚΟΥ ΝΟΣΟΚΟΜΕΙΟΥ ΓΙΑ ΤΟΥΣ ΜΗΝΕΣ ΔΕΚΕΜΒΡΙΟ 2023 & ΦΕΒΡΟΥΑΡΙΟ ΕΩΣ ΙΟΥΛΙΟ 2024 (ΓΔΟΥ/οικ.59434/31-7-2018) ΠΡΟΣΘΕΤΟ CLAW BACK Α΄ ΕΞΑΜΗΝΟΥ (37.595,96) & Β΄ ΕΞΑΜΗΝΟΥ (42.057,43) 2023 ΣΥΜΦΩΝΑ ΜΕ ΤΟ ΥΠ΄ΑΡΙΘΜ. Β1β/Γ.Π./οικ. 50231/2017 (ΦΕΚ 2255/Β/2017) ΚΑΙ ΣΥΜΦΩΝΑ ΜΕ ΤΙΣ ΔΙΑΤΑΞΕΙΣ ΤΟΥ ΣΥΜΦΩΝΑ ΜΕ ΤΙΣ ΔΙΑΤΑΞΕΙΣ ΤΟΥ Ν.5216/2025 αρθ.44 (ΦΕΚ 118/ τ.Α΄/07/07/2025)",800878331,AOP ORPHAN  ΦΑΡΜΑΚΕΥΤΙΚΗ ΕΛΛΑΔΑΣ ΜΟΝΟΠΡΟΣΩΠΗ ΕΤΑΙΡΕΙΑ ΠΕΡΙΟΡΙΣΜΕΝΗΣ ΕΥΘΥΝΗΣ,89753.06,,1312β01
ΡΚΜ84690ΒΩ-1ΒΦ,2025-08-06,": ΠΡΟΜΗΘΕΙΑ ΦΑΡΜΑΚΕΥΤΙΚΟΥ ΥΛΙΚΟΥ ΝΟΣΟΚΟΜΕΙΟΥ ΓΙΑ ΤΟΥΣ ΜΗΝΕΣ  ΑΠΡΙΛΙΟ, ΜΑΪΟ, ΙΟΥΝΙΟ, ΙΟΥΛΙΟ, ΑΥΓΟΥΣΤΟ , ΔΕΚΕΜΒΡΙΟ 2024 &  ΜΑΪΟ 2025 (ΓΔΟΥ/οικ.59434/31-7-2018) ΠΡΟΣΘΕΤΟ REBATE Α' (12,71) & Β΄ (11,42) ΕΞΑΜΗΝΟΥ 2023 THΣ ΠΑΡ.3 TOY AΡΘΡΟ 35 TOY N. 3918/2011) & ΣΥΜΦΩΝΑ ΜΕ ΤΙΣ ΔΙΑΤΑΞΕΙΣ ΤΟΥ Ν.5216/2025 αρθ.44  (ΦΕΚ 118/ τ.Α΄/07/07/2025)",094071809,GLAXOSMITHKLINE ΜΟΝΟΠΡΟΣΩΠΗ ΑΝΩΝΥΜΗ ΕΜΠΟΡΙΚΗ ΚΑΙ ΒΙΟΜΗΧΑΝΙΚΗ ΕΤΑΙΡΕΙΑ ΦΑΡΜΑΚΕΥΤΙΚΩΝ ΠΡΟΙΟΝΤΩΝ,797.51,,1312β
9Ψ4Ο4690ΒΩ-ΨΞΘ,2025-08-06,"ΚΟΙΝΟΧΡΗΣΤΑ ΔΙΑΜΕΡΙΣΜΑΤΟΣ Β1 ΕΠΙ ΤΗΣ ΣΕΦΕΛ 1 - ΙΑΣΟΝΟΣ ΞΕΝΩΝΑ ""ΦΙΛΥΡΑ"" ΙΔΙΟΚΤΗΣΙΑΣ ΓΝΒ ΓΙΑ ΤΟΝ ΜΗΝΑ ΜΑΪΟ 2025",020724195,"ΝΤΑΓΟΥΛΟΥΔΗΣ,,ΣΙΔΕΡΗΣ,ΜΙΧΑΗΛ",36.0,,0813α06
6ΥΧ64690ΒΩ-ΕΝΦ,2025-08-06,"ΠΡΟΜΗΘΕΙΑ ΠΑΡΟΧΕΤΕΥΣΕΩΝ ΠΛΕΥΡΙΚΟΥ ΥΓΡΟΥ, ΚΑΘΕΤΗΡΩΝ, ΣΕΤ ΘΩΡΑΚΕΝΤΗΣΗΣ, ΜΗΝΩΝ ΑΥΓΟΥΣΤΟΥ, ΣΕΠΤΕΜΒΡΙΟΥ & ΟΚΤΩΒΡΙΟΥ 2024, ΧΩΡΙΣ ΣΥΜΒΑΣΗ, ΜΕ ΑΠΟΦΑΣΕΙΣ ΔΣ 58/28-12-23 Θ.13, 36/28-8-24 Θ.3, 37/2-9-24 Θ. 2, 40/12-9-24 Θ.8, 58/28-12-23 Θ. 13 & 45/27-9-24 Θ.43, ΣΥΜΦΩΝΑ ΜΕ ΤΙΣ ΔΙΑΤΑΞΕΙΣ ΤΟΥ Ν.5161/2024 αρθ.14  (ΦΕΚ 196/ τ.Α΄/29-11-2024)",094356041,ΙΝΕΞ ΑΝΩΝΥΜΗ ΕΜΠΟΡΙΚΗ ΕΤΑΙΡ ΙΑΤΡΙΚΩΝ ΝΟΣΟΚΟΜΕΙΑΚ ΕΙΔΩΝ,2240.91,,1311β01
ΡΜΖΓ4690ΒΩ-ΑΘΘ,2025-08-06,"ΠΡΟΜΗΘΕΙΑ ΟΥΡΟΔΟΧΕΙΩΝ, ΣΩΛΗΝΩΝ ΚΕΝΟΥ & ΧΑΡΤΙΝΩΝ ΝΕΦΡΟΕΙΔΩΝ, ΜΗΝΩΝ  ΣΕΠΤΕΜΒΡΙΟΥ & ΟΚΤΩΒΡΙΟΥ 2024, ΧΩΡΙΣ ΣΥΜΒΑΣΗ, ΜΕ ΑΠΟΦΑΣΕΙΣ ΔΣ 37/2-9-24 Θ.2, 27/13-6-24 Θ.28, 40/12-9-24 Θ.8 & 43/25-9-24 ΣΥΜΦΩΝΑ ΜΕ ΤΙΣ ΔΙΑΤΑΞΕΙΣ ΤΟΥ Ν.5161/2024 αρθ.14  (ΦΕΚ 196/ τ.Α΄/29-11-2024",093628458,BBD ΝΙΚΟΛΑΟΣ ΛΑΙΝΙΩΤΗΣ ΑΕΒΕ ΠΑΡΑΓΩΓΗ ΕΙΣΑΓΩΓΗ ΚΑΙ ΕΜΠΟΡΙΑ ΥΓΕΙΟΝΟΜΙΚΟΥ ΥΛΙΚΟΥ ΑΝΩΝΥΜΟΣ ΕΜΠΟΡΙΚΗ ΒΙΟΜΗΧΑΝΙΚΗ ΕΤΑΙΡΕΙΑ,2929.48,,1311β01
9ΓΡΜ4690ΒΩ-Ρ14,2025-08-06,"ΠΡΟΜΗΘΕΙΑ ΥΓΕΙΟΝΟΜΙΚΟΥ ΥΛΙΚΟΥ  (ΙΑΤΡΙΚΑ ΔΙΑΛΥΜΑΤΑ)     ΜΕ ΣΥΜΒΑΣΗ (ΧΕ 2453/2023 ΣΥΜΒ. 370/2022) ΓΙΑ ΤΟ ΜΗΝΑ  ΟΚΤΩΒΡΙΟ 2024 ΝΟΕΜΒΡΙΟ 2024 ,ΔΕΚΕΜΒΡΙΟ  2024",099363426,ΒΕΡΜΑ ΝΤΡΑΓΚΣVERMA DRUGS ΑΝΩΝΥΜΗ ΒΙΟΜΗΧΑΝΙΚΗ ΕΜΠΟΡΙΚΗ ΕΤΑΙΡΕΙΑ ΦΑΡΜΑΚΩΝ,2765.01,,1311β01
ΡΧΑ94690ΒΩ-ΕΦΖ,2025-08-06,"ΦΩΤΙΣΜΟΣ, ΚΙΝΗΣΗ,ΘΕΡΜΑΝΣΗ (ΜΕ ΗΛΕΚΤΡ.Η ΜΕ ΦΥΣΙΚΟ ΑΕΡΙΟ) ΝΟΣΟΚΟΜΕΙΟΥ ΜΕ ΠΑΡΟΧΗ 040425337 ΑΠΟ (18/02/2025- 30/04/2025",997998048,ΕΤΑΙΡΕΙΑ ΠΡΟΜΗΘΕΙΑΣ ΑΕΡΙΟΥ ΘΕΣΣΑΛΟΝΙΚΗΣ ΘΕΣΣΑΛΙΑΣ ΜΟΝΟΠΡΟΣΩΠΗ ΑΝΩΝΥΜΟΣ ΕΤΑΙΡΕΙΑ,1343.59,,0842α09
ΨΗ2Α4690ΒΩ-ΙΨ3,2025-08-06,"ΦΩΤΙΣΜΟΣ, ΚΙΝΗΣΗ,ΘΕΡΜΑΝΣΗ (ΜΕ ΗΛΕΚΤΡ.Η ΜΕ ΦΥΣΙΚΟ ΑΕΡΙΟ) ΝΟΣΟΚΟΜΕΙΟΥ ΜΕ ΠΑΡΟΧΗ 040425337 ΑΠΟ (18/02/2025- 30/04/2025)",997998048,ΕΤΑΙΡΕΙΑ ΠΡΟΜΗΘΕΙΑΣ ΑΕΡΙΟΥ ΘΕΣΣΑΛΟΝΙΚΗΣ ΘΕΣΣΑΛΙΑΣ ΜΟΝΟΠΡΟΣΩΠΗ ΑΝΩΝΥΜΟΣ ΕΤΑΙΡΕΙΑ,133.63,,0842α01
9ΒΖ34690ΒΩ-ΣΑΣ,2025-08-06,: ΠΡΟΜΗΘΕΙΑ ΦΑΡΜΑΚΕΥΤΙΚΟΥ ΥΛΙΚΟΥ ΝΟΣΟΚΟΜΕΙΟΥ ΓΙΑ ΤΟΥΣ ΜΗΝΕΣ ΑΠΡΙΛΙΟ 2023 ΕΩΣ ΜΑΡΤΙΟ 2024 ΜΕ ΤΗ ΔΙΑΔΙΚΑΣΙΑ CLAW BACK Α' ΚΑΙ Β' ΕΞΑΜΗΝΟΥ 2023 ΣΥΜΦΩΝΑ ΜΕ ΤΟ ΥΠ' ΑΡΙΘΜ.Β1β/Γ.Π./οικ.50231/2017(ΦΕΚ Β'2255) ΚΑΙ ΣΥΜΦΩΝΑ ΜΕ ΤΙΣ ΔΙΑΤΑΞΕΙΣ ΤΟΥ Ν.5216/2025 αρθ.44 (ΦΕΚ 118/ τ.Α΄/07/07/2025),094071809,GLAXOSMITHKLINE ΜΟΝΟΠΡΟΣΩΠΗ ΑΝΩΝΥΜΗ ΕΜΠΟΡΙΚΗ ΚΑΙ ΒΙΟΜΗΧΑΝΙΚΗ ΕΤΑΙΡΕΙΑ ΦΑΡΜΑΚΕΥΤΙΚΩΝ ΠΡΟΙΟΝΤΩΝ,4661.56,,1312β01
9ΖΣΛ4690ΒΩ-Μ98,2025-08-06,"ΠΡΟΜ.ΠΛΑΣΤΙΚΩΝ ΝΤΟΣΙΕ, ΜΗΝΟΣ ΙΟΥΛΙΟΥ 2024, ΧΩΡΙΣ ΣΥΜΒΑΣΗ, ΜΕ ΑΠΟΦΑΣΗ ΔΣ 5/8-2-24 Θ.30, ΣΥΜΦΩΝΑ ΜΕ ΤΙΣ ΔΙΑΤΑΞΕΙΣ ΤΟΥ Ν.5161/2024 αρθ.14 (ΦΕΚ 196/ τ.Α΄/29-11-2024)",073273209,"ΜΑΓΓΙΩΡΗΣ,,ΑΛΕΞΑΝΔΡΟΣ,ΑΘΑΝΑΣΙΟΣ",1307.58,,1261β01
6ΞΖΤ4690ΒΩ-4ΣΧ,2025-08-06,"ΠΡΟΜΗΘΕΙΑ ΚΛΑΣΕΡ & ΣΥΝΔΕΡΤΗΤΩΝ, ΜΗΝΟΣ ΙΟΥΛΙΟΥ 2024, ΧΩΡΙΣ ΣΥΜΒΑΣΗ, ΜΕ ΑΠΟΦΑΣΗ ΔΣ 55/11-12-23 Θ.16, ΣΥΜΦΩΝΑ ΜΕ ΤΙΣ ΔΙΑΤΑΞΕΙΣ ΤΟΥ Ν.5161/2024 αρθ.14 (ΦΕΚ 196/ τ.Α΄/29-11-2024) ,ΚΨΥ",073273209,"ΜΑΓΓΙΩΡΗΣ,,ΑΛΕΞΑΝΔΡΟΣ,ΑΘΑΝΑΣΙΟΣ",52.64,,1261β09
ΡΧ994690ΒΩ-5ΥΞ,2025-08-06,"ΦΩΤΙΣΜΟΣ,ΚΙΝΗΣΗ,ΘΕΡΜΑΝΣΗ (ΜΕ ΗΛΕΚΤΡ. Η ΜΕ ΦΥΣΙΚΟ ΑΕΡΙΟ)ΦΙΛΥΡΑ ΜΕ ΠΑΡΟΧΗ 440117607-012 ΑΠΟ (01/03/2025-3103/2025,01/04/2025-30/04/2025)",090000045,ΔΗΜΟΣΙΑ ΕΠΙΧΕΙΡΗΣΗ ΗΛΕΚΤΡΙΣΜΟΥ ΑΝΩΝΥΜΗ ΕΤΑΙΡΙΑ,1430.0,,0842α06
9ΤΝΓ4690ΒΩ-Ι0Γ,2025-08-06,"ΠΡΟΜΗΘΕΙΑ ΦΑΡΜΑΚΕΥΤΙΚΟΥ ΥΛΙΚΟΥ ΝΟΣΟΚΟΜΕΙΟΥ ΓΙΑ ΤΟΥΣ ΜΗΝΕΣ ΙΟΥΝΙΟ & ΟΚΤΩΒΡΙΟ 2011,ΦΕΒΡΟΥΑΡΙΟ 2017,ΟΚΤΩΒΡΙΟ 2019, ΙΑΝΟΥΑΡΙΟ 2020 & ΙΑΝΟΥΑΡΙΟ, ΦΕΒΡΟΥΑΡΙΟ 2024 (ΓΔΟΥ/οικ.59434/31-7-2018) ΠΡΟΣΘΕΤΟ REBATE B' ΕΞΑΜΗΝΟΥ 2019 (0,08), Α΄ΕΞΑΜΗΝΟΥ 2020 (0,16) & Β΄ΕΞΑΜΗΝΟΥ 2023 (2,44) THΣ ΠΑΡ.3 TOY AΡΘΡΟ 35 TOY N. 3918/2011) & ΣΥΜΦΩΝΑ ΜΕ ΤΙΣ ΔΙΑΤΑΞΕΙΣ ΤΟΥ Ν.5216/2025 αρθ.44 (ΦΕΚ 118/ τ.Α΄/07/07/2025)",094032163,ΑΝΩΝΥΜΟΣ ΧΗΜΙΚΗ ΚΑΙ ΦΑΡΜΑΚΕΥΤΙΚΗ ΕΤΑΙΡΕΙΑ GENEPHARM AE,155.42,,1312β01
ΡΣΞ54690ΒΩ-1ΕΜ,2025-08-06,": ΠΡΟΜΗΘΕΙΑ ΑΝΤΑΛΛΑΚΤΙΚΩΝ ΒΙΟΪΑΤΡΙΚΟΥ ΕΞΟΠΛΙΣΜΟΥ, ΜΗΝΩΝ ΟΚΤΩΒΡΙΟΥ & ΝΟΕΜΒΡΙΟΥ 2024, ΧΩΡΙΣ ΣΥΜΒΑΣΗ, ΜΕ ΑΠΟΦΑΣΕΙΣ ΔΙΟΙΚΗΤΟΥ 447/24 & 520/24, ΣΥΜΦΩΝΑ ΜΕ ΤΙΣ ΔΙΑΤΑΞΕΙΣ ΤΟΥ Ν.5161/2024 αρθ.14 (ΦΕΚ 196/ τ.Α΄/29-11-2024",997799268,DRAEGER HELLAS ΜΟΝΟΠΡΟΣΩΠΗ ΑΝΩΝΥΜΗ ΕΤΑΡΕΙΑ ΙΑΤΡΟΤΕΧΝΙΚΩΝ ΠΡΟΙΟΝΤΩΝ ΚΑΙ ΠΡΟΙΟΝΤΩΝ ΤΕΧΝΙΚΗΣ ΑΣΦΑΛΕΙΑΣ,1801.04,,1439β01
Ψ96Ω4690ΒΩ-ΒΥΔ,2025-08-06,"ΠΡΟΜΗΘΕΙΑ ΜΕΤΑΤΡΟΠΕΑ ΑΙΜΑΤΗΡΗΣ ΑΡΤΗΡΙΑΚΗΣ ΠΙΕΣΗΣ, ΜΗΝΟΣ ΣΕΠΤΕΜΒΡΙΟΥ 2024, ΧΩΡΙΣ ΣΥΜΒΑΣΗ, ΜΕ ΑΠΟΦΑΣΗ ΔΣ 36/28-8-24 Θ.4, ΣΥΜΦΩΝΑ ΜΕ ΤΙΣ ΔΙΑΤΑΞΕΙΣ ΤΟΥ Ν.5161/2024 αρθ.14 (ΦΕΚ 196/ τ.Α΄/29-11-2024 ΝΟΣ",999869222,EDWARDS LIFESCIENCES HELLAS  ΕΝΤΟΥΑΡΝΤΣ ΛΑΙΦΣΑΙΕΝΣΕΣ ΕΛΛΑΣ ΜΟΝ  ΕΤΑΙΡΕΙΑ ΠΕΡΙΟΡ ΕΥΘΥΝΗΣ ΕΙΣΑΓΩΓΗ ΚΑΙ ΕΜΠΟΡ ΙΑΤΡΙΚ ΕΙΔΩΝ,1364.0,,1311β01
Ρ9794690ΒΩ-ΩΗ1,2025-08-06,"ΠΡΟΜΗΘΕΙΑ ΜΕΛΑΝΙΩΝ ΜΕ ΣΥΜΒΑΣΗ ΤΟΥΣ ΜΗΝΕΣ ΦΕΒΡΟΥΑΡΙΟ,ΜΑΡΤΙΟ,ΟΚΤΩΒΡΙΟ 2024 , ΦΕΒΡΟΠΥΑΡΙΟ 2025 (ΣΥΜΒ.43/2024) ΣΥΜΦΩΝΑ ΜΕ ΤΙΣ ΔΙΑΤΑΞΕΙΣ ΤΟΥ Ν. 5216/2025 αρθ.44 (ΦΕΚ 118 /τ. Α'/ 07-07-2025",095457728,ΜΑΣΤΟΡΑΚΗΣ ΓΣ ΚΩΣΤΑΚΗΣ ΝΙ ΕΠΕ,613.85,,1281α01
Ρ9794690ΒΩ-ΩΗ1,2025-08-06,"ΠΡΟΜΗΘΕΙΑ ΜΕΛΑΝΙΩΝ ΜΕ ΣΥΜΒΑΣΗ ΤΟΥΣ ΜΗΝΕΣ ΦΕΒΡΟΥΑΡΙΟ,ΜΑΡΤΙΟ,ΟΚΤΩΒΡΙΟ 2024 , ΦΕΒΡΟΠΥΑΡΙΟ 2025 (ΣΥΜΒ.43/2024) ΣΥΜΦΩΝΑ ΜΕ ΤΙΣ ΔΙΑΤΑΞΕΙΣ ΤΟΥ Ν. 5216/2025 αρθ.44 (ΦΕΚ 118 /τ. Α'/ 07-07-2025",095457728,ΜΑΣΤΟΡΑΚΗΣ ΓΣ ΚΩΣΤΑΚΗΣ ΝΙ ΕΠΕ,4137.92,,1281β01
6Ι254690ΒΩ-Φ1Φ,2025-08-06,": ΦΩΤΙΣΜΟΣ, ΚΙΝΗΣΗ,ΘΕΡΜΑΝΣΗ (ΜΕ ΗΛΕΚΤΡ.Η ΜΕ ΦΥΣΙΚΟ ΑΕΡΙΟ) ΝΟΣΟΚΟΜΕΙΟΥ ΜΕ ΠΑΡΟΧΗ 040425337 ΑΠΟ (18/02/2025-17/06/2025)",997998048,ΕΤΑΙΡΕΙΑ ΠΡΟΜΗΘΕΙΑΣ ΑΕΡΙΟΥ ΘΕΣΣΑΛΟΝΙΚΗΣ ΘΕΣΣΑΛΙΑΣ ΜΟΝΟΠΡΟΣΩΠΗ ΑΝΩΝΥΜΟΣ ΕΤΑΙΡΕΙΑ,234.52,,842α01
ΡΒΡΓ4690ΒΩ-ΤΛ0,2025-08-06,: ΠΡΟΜΗΘΕΙΑ ΛΟΙΠΟΥ ΧΗΜΙΚΟΥ ΥΛΙΚΟΥ  (ΑΝΤΙΔΡΑΣΤΗΡΙΑ ΕΡΓΑΣΤΗΡΙΩΝ) ΜΕ ΣΥΜΒΑΣΗ ΤΟΝ ΜΗΝΑ ΙΟΥΛΙΟ 2024 (ΣΥΜΒ.310/2024) ΣΥΜΦΩΝΑ ΜΕ ΤΙΣ ΔΙΑΤΑΞΕΙΣ ΤΟΥ Ν. 5216/2025 αρθ.44 (ΦΕΚ 118 /τ. Α'/ 07-07-2025 ΔΙΚΑΙΟΛΟΓΗΤΙΚΑ : ΠΑΡΑΣΤΑΤΙΚΑ :1120075679,094499248,BIOMERIEUX ΕΛΛΑΣ ΑΝΩΝΥΜΗ ΕΤΑΙΡΙΑ ΕΙΣΑΓΩΓΗΣ ΕΜΠΟΡΙΑΣ ΚΑΙ ΔΙΑΝΟΜΗΣ ΙΑΤΡΙΚΩΝ ΚΑΙ ΔΙΑΓΝΩΣΤΙΚΩΝ ΠΡΟΙΟΝΤΩΝ,14946.0,,1359β01
ΨΒΥΛ4690ΒΩ-Ι2Σ,2025-08-06,"ΦΩΤΙΣΜΟΣ,ΚΙΝΗΣΗ,ΘΕΡΜΑΝΣΗ (ΜΕ ΗΛΕΚΤΡ.Η ΜΕ ΦΥΣΙΚΟ ΑΕΡΙΟ)ΣΧΟΛΗ ΑΓΡΙΑΣ  ΜΕ ΠΑΡΟΧΗ 5299371  ΑΠΟ (23/01/2025-26/03/2025)",997998048,ΕΤΑΙΡΕΙΑ ΠΡΟΜΗΘΕΙΑΣ ΑΕΡΙΟΥ ΘΕΣΣΑΛΟΝΙΚΗΣ ΘΕΣΣΑΛΙΑΣ ΜΟΝΟΠΡΟΣΩΠΗ ΑΝΩΝΥΜΟΣ ΕΤΑΙΡΕΙΑ,1124.92,,
9ΓΠΗ4690ΒΩ-8ΓΒ,2025-08-06,": ΦΩΤΙΣΜΟΣ,ΚΙΝΗΣΗ,ΘΕΡΜΑΝΣΗ (ΜΕ ΗΛΕΚΤΡ. Η ΜΕ ΦΥΣΙΚΟ ΑΕΡΙΟ)ΦΙΛΥΡΑ ΜΕ ΠΑΡΟΧΗ 440117607-012  ΑΠΟ (01/05/2025-31/05/2025",090000045,ΔΗΜΟΣΙΑ ΕΠΙΧΕΙΡΗΣΗ ΗΛΕΚΤΡΙΣΜΟΥ ΑΝΩΝΥΜΗ ΕΤΑΙΡΙΑ,371.0,,0842β06
ΡΠΡ24690ΒΩ-72Ψ,2025-08-06,ΠΡΟΜΗΘΕΙΑ  ΕΙΔΩΝ ΠΑΝΤΟΠΩΛΕΙΟΥ ΜΕ ΣΥΜΒΑΣΗ ΤΟΝ ΜΗΝΑ ΝΟΕΜΒΡΙΟ 2024 (ΣΥΜΒ.632/2023 ΧΕ 769/2024) ΣΥΜΦΩΝΑ ΜΕ ΤΙΣ ΔΙΑΤΑΞΕΙΣ ΤΟΥ Ν. 5161/2024 αρθ.14 (ΦΕΚ 196/τ. Α΄/29-11-2024,081328274,ΚΑΡΑΚΑΤΣΑΝΗΣ ΑΝΩΝΥΜΗ ΕΤΑΙΡΕΙΑ,221.31,,1511α01
ΨΔΕΗ4690ΒΩ-9ΡΒ,2025-08-06,"ΠΡΟΜΗΘΕΙΑ ΕΙΔΩΝ ΠΑΝΤΟΠΩΛΕΙΟΥ ΧΩΡΙΣ ΣΥΜΒΑΣΗ ΜΕ ΑΠΟΦ.557/2024,171/2025 ΤΟΘΥΣ ΜΗΝΕΣ ΔΕΚΕΜΒΡΙΟ 2024, ΜΑΡΤΙΟ,ΑΠΡΙΛΙΟ 2025 ΣΥΜΦΩΝΑ ΜΕ ΤΙΣ ΔΙΑΤΑΞΕΙΣ ΤΟΥ Ν. 5216/2025 αρθ.44 (ΦΕΚ 118 /τ. Α'/ 07-07-2025",095508794,ΘΕΣΣΑΛΙΚΕΣ ΑΝΤΙΠΡΟΣΩΠΕΙΕΣ ΕΠΕ,910.67,,1511α01
ΨΔΕΗ4690ΒΩ-9ΡΒ,2025-08-06,"ΠΡΟΜΗΘΕΙΑ ΕΙΔΩΝ ΠΑΝΤΟΠΩΛΕΙΟΥ ΧΩΡΙΣ ΣΥΜΒΑΣΗ ΜΕ ΑΠΟΦ.557/2024,171/2025 ΤΟΘΥΣ ΜΗΝΕΣ ΔΕΚΕΜΒΡΙΟ 2024, ΜΑΡΤΙΟ,ΑΠΡΙΛΙΟ 2025 ΣΥΜΦΩΝΑ ΜΕ ΤΙΣ ΔΙΑΤΑΞΕΙΣ ΤΟΥ Ν. 5216/2025 αρθ.44 (ΦΕΚ 118 /τ. Α'/ 07-07-2025",095508794,ΘΕΣΣΑΛΙΚΕΣ ΑΝΤΙΠΡΟΣΩΠΕΙΕΣ ΕΠΕ,162.83,,1511α01
9ΚΧ24690ΒΩ-ΘΗΝ,2025-08-06,": ΠΡΟΜΗΘΕΙΑ ΥΓΡΩΝ ΚΑΥΣΙΜΩΝ ΝΟΣΟΚΟΜΕΙΟΥ, ΓΙΑ ΤΑ ΥΠ΄ ΑΡΙΘΜ. ΚΥ 7140, ΚΗΗ 2952 , ΚΗΗ 6053, ΟΧΗΜΑΤΑ ΙΔΙΟΚΤΗΣΙΑΣ Γ.Ν.Β., ΜΕ ΣΥΜΒΑΣΗ ΓΙΑ ΤΟΥΣ ΜΗΝΕΣ IOYNIO 2025 IOΥΛΙΟ 2025 ( ΣΥΜΒ. 291/2024, 1οΧ.Ε. 2621/2024 ).",997663680,ΑΦΟΙ ΤΖΕΚΑ ΟΜΟΡΡΥΘΜΟΣ ΕΤΑΙΡΙΑ,287.74,,1611α01
ΨΘΟ64690ΒΩ-ΣΗΨ,2025-08-06,"ΠΡΟΜΗΘΕΙΑ ΥΓΕΙΟΝΟΜΙΚΟΥ ΥΛΙΚΟΥ (ΙΑΤΡΙΚΑ ΔΙΑΛΥΜΑΤΑ) ΜΕ ΣΥΜΒΑΣΗ (ΧΕ 2453/2023 ΣΥΜΒ. 367/2022) ΓΙΑ ΤΟ ΜΗΝΑ ΙΟΥΛΙΟ 2024 ,ΔΕΚΕΜΒΡΙΟ 2024",094251753,ΑΡΗΤΗ ΑΝΩΝΥΜΗ ΕΤΑΙΡΕΙΑ ΦΑΡΜΑΚΕΥΤΙΚΩΝ ΚΑΙ ΙΑΤΡΙΚΩΝ ΠΡΟΙΟΝΤΩΝ,621.5,,1311β01
ΡΚΨ44690ΒΩ-7ΔΨ,2025-08-06,ΠΡΟΜΗΘΕΙΑ ΝΩΠΩΝ ΠΟΥΛΕΡΙΚΩΝ ΜΕ ΣΥΜΒΑΣΗ ΤΟΝ  ΜΗΝΑ ΜΑΪΟ 2025 (ΣΥΜΒ.78/2025 ΧΕ 1307/2025) ΣΥΜΦΩΝΑ ΜΕ ΤΙΣ ΔΙΑΤΑΞΕΙΣ ΤΟΥ Ν. 5216/2025 αρθ.44 (ΦΕΚ 118 /τ. Α'/ 07-07-2025,081932139,ΑΜΒΡΟΣΙΑΔΗΣ ΠΑΡΑΓΩΓΗ ΚΑΙ ΕΜΠΟΡΙΑ ΠΤΗΝΟΤΡΟΦΙΚΩΝ ΖΩΙΚΩΝ ΠΡΟΙΟΝΤΩΝ ΑΝΩΝΥΜΗ ΒΙΟΜΗΧΑΝΙΚΗ ΕΜΠΟΡΙΚΗ ΕΤΑΙΡΙΑ,2558.15,,1511α01
90ΒΕ4690ΒΩ-ΔΤΞ,2025-08-06,ΔΙΑΣΥΝΔΕΣΗ ΜΕ ΤΗΝ ΕΝΙΑΙΑ ΛΙΣΤΑ ΧΕΙΡΟΥΡΓΕΙΟΥ ΜΕ ΣΥΜΒΑΣΗ ΤΟΝ ΜΗΝΑ ΝΟΕΜΒΡΙΟ 2024 (ΣΥΜΒ.73/2024) ΣΥΜΦΩΝΑ ΜΕ ΤΙΣ ΔΙΑΤΑΞΕΙΣ ΤΟΥ Ν. 5216/2025 αρθ.44 (ΦΕΚ 118 /τ. Α'/ 07-07-2025,095403136,COMPUTER SOLUTIONS ΑΝΩΝΥΜΗ ΒΙΟΜΗΧΑΝΙΚΗ ΚΑΙ ΕΜΠΟΡΙΚΗ ΕΤΑΙΡΕΙΑ ΠΛΗΡΟΦΟΡΙΚΗΣ,14880.0,,0426β01
6ΜΛ14690ΒΩ-Η0Τ,2025-08-06,ΠΡΟΜΗΘΕΙΑ  ΕΝΤΕΡΙΚΩΝ  ΤΡΟΦΩΝ ΜΕ ΣΥΜΒΑΣΗ ΤΟΝ ΜΗΝΑ ΙΑΝΟΥΑΡΙΟ 2024 (ΣΥΜΒ. 619/2022 ΧΕ  1931/2023),082525697,ΑΝΑΣΤΑΣΙΟΣ ΜΑΥΡΟΓΕΝΗΣ ΙΑΤΡΟΤΕΧΝΟΛΟΓΙΚΑ ΕΙΔΗ ΑΝΩΝΥΜΗ ΕΤΑΙΡΕΙΑ,141.44,,1511β01
ΡΞΒ34690ΒΩ-82Ψ,2025-08-06,"ΦΩΤΙΣΜΟΣ,ΚΙΝΗΣΗ,ΘΕΡΜΑΝΣΗ (ΜΕ ΗΛΕΚΤΡ.Η ΜΕ ΦΥΣΙΚΟ ΑΕΡΙΟ)ΚΨΥ  ΜΕ ΠΑΡΟΧΗ 440105784-014 ΑΠΟ ΑΠΟ (01/02/2025-28/02/2025)",090000045,ΔΗΜΟΣΙΑ ΕΠΙΧΕΙΡΗΣΗ ΗΛΕΚΤΡΙΣΜΟΥ ΑΝΩΝΥΜΗ ΕΤΑΙΡΙΑ,869.0,,842α09
6Τ2Ο4690ΒΩ-ΠΥ6,2025-08-06,ΠΡΟΜΗΘΕΙΑ ΥΓΕΙΟΝΟΜΙΚΟΥ ΥΛΙΚΟΥ (ΦΥΣΙΓΓΕΣ ) ΜΕ ΣΥΜΒΑΣΗ ΤΟ ΜΗΝΑ ΔΕΚΕΜΒΡΙΟ 2024 (ΧΕ 2453/2023 ΣΥΜΒ.369/2022),999789340,HEALTH WAY ΕΙΣΑΓΩΓΗ ΕΜΠΟΡΙΑ ΚΑΙ ΕΚΜΕΤΑΛΛΕΥΣΗ ΙΑΤΡΙΚΟΥ ΚΑΙ ΥΓΕΙΟΝΟΜΙΚΟΥ ΥΛΙΚΟΥ ΕΠΕ,11766.0,,1311β01
ΨΕ764690ΒΩ-5ΞΕ,2025-08-06,"ΠΡΟΜΗΘΕΙΑ ΕΙΔΩΝ ΚΑΘΑΡΙΟΤΗΤΑΣ ΜΕ ΣΥΜΒΑΣΗ (ΣΥΜ. 2/2024 ) ΓΙΑ ΤΟΥΣ ΜΗΝΕΣ ΜΑΡΤΙΟ 2024,ΑΠΡΙΛΙΟ 2024,ΙΟΥΝΙΟ 2024",999685389,ΠΕΤΡΟΣ ΧΑΡ ΚΟΣΜΙΔΗΣ ΚΑΙ ΣΙΑ ΕΕ,8588.09,,1381β01
9ΜΗ54690ΒΩ-Υ7Φ,2025-08-06,"ΠΙΣΤΟΠΟΙΗΣΗ ΝΟΣΟΚΟΜΕΙΑΚΗΣ ΥΠΗΡΕΣΙΑΣ ΑΙΜΟΔΟΣΙΑΣ, ΜΗΝΟΣ ΟΚΤΩΒΡΙΟΥ 2024, ΧΩΡΙΣ ΣΥΜΒΑΣΗ, ΜΕ ΑΠΟΦΑΣΗ ΔΣ 20/9-5-22 Θ.19, ΣΥΜΦΩΝΑ ΜΕ ΤΙΣ ΔΙΑΤΑΞΕΙΣ ΤΟΥ Ν.5161/2024 αρθ.14 (ΦΕΚ 196/ τ.Α΄/29-11-2024",998289499,EQA HELLAS ΦΟΡΕΑΣ ΠΙΣΤΟΠΟΙΗΣΗΣ ΚΑΙ ΕΛΕΓΧΟΥ ΑΝΩΝΥΜΗ ΕΤΑΙΡΕΙΑ,620.0,,0439β01
9ΑΠ54690ΒΩ-0Ρ1,2025-08-06,ΠΡΟΜΗΘΕΙΑ ΥΓΕΙΟΝΟΜΙΚΟΥ ΥΛΙΚΟΥ (ΚΑΘΕΤΗΡΕΣ) ΧΩΡΙΣ ΣΥΜΒΑΣΗ ΜΕ ΑΠΟΦΑΣΗ ΔΣ 1/27-3-2025 (Θ.1ο) ΤΟΝ ΜΗΝΑ ΔΕΚΕΜΒΡΙΟ 2024 ΣΥΜΦΩΝΑ ΜΕ ΤΙΣ ΔΙΑΤΑΞΕΙΣ ΤΟΥ Ν. 5216/2025 αρθ.44 (ΦΕΚ 118 /τ. Α'/ 07-07-2025,997958677,EUROMEDICAL Ν ΠΑΡΑΣΤΑTΙΔΟΥ ΕΙΣΑΓΩΓΗ ΕΞΑΓΩΓΗ ΕΜΠΟΡΙΑ ΔΙΑΚΙΝΗΣΗ ΙΑΤΡΙΚΩΝ ΕΙΔΩΝ ΜΟΝΟΠΡΟΣΩΠΗ ΕΤΑΙΡΕΙΑ ΠΕΡΙΟΡΙΣΜΕΝΗΣ ΕΥΘΥΝΗ,949.2,,1311β01
Ψ4ΑΧ4690ΒΩ-ΔΩΗ,2025-08-06,"ΠΡΟΜΗΘΕΙΑ ΥΓΕΙΟΝΟΜΙΚΟΥ ΥΛΙΚΟΥ ΝΟΣΟΚΟΜΕΙΟΥ ΜΕ ΣΥΜΒΑΣΗ (ΣΥΜΒ.763/2023 ) ΓΙΑ ΤΟΥΣ ΜΗΝΕΣ ,ΜΑΡΤΙΟ 2024,ΑΠΡΙΛΙΟ 2024, ΜΑΙΟ 2024, ΙΟΥΝΙΟ 2024,ΑΥΓΟΥΣΤΟ 2024, ΣΕΠΤΕΜΒΡΙΟ 2024",997672386,ΥΓΕΙΟΔΥΝΑΜΙΚΗ ΑΝΩΝΥΜΗ ΕΤΑΙΡΕΙΑ ΙΑΤΡΙΚΩΝ ΕΦΟΔΙΩΝ,4728.05,,1311β01
Ρ3ΖΣ4690ΒΩ-ΜΞ4,2025-08-04,ΦΥΛΑΞΗ ΧΩΡΩΝ ΠΑΛΑΙΑΣ ΚΑΙ ΝΕΑΣ ΠΤΕΡΥΓΑΣ ΓΝΒ ΜΕ ΣΥΜΒΑΣΗ ΑΠΟ 13/11/2024 ΕΩΣ 12/12/2024 (ΣΥΜΒ.69/2023 ΧΕ 2362/2023,099796300,SWEDISH ΣΟΥΙΝΤΙΣ SYSTEMS ΣΥΣΤΕΜΣ SECURITY ΣΕΚΙΟΥΡΙΤΙ  ΙΔΙΩΤΙΚΗ ΕΠΙΧΕΙΡΗΣΗ ΠΑΡΟΧΗΣ ΥΠΗΡΕΣΙΩΝ ΑΣΦΑΛΕΙΑΣ ΜΟΝΟΠΡΟΣΩΠΗ ΕΠΕ,17938.67,,0892β01
9ΖΧΙ4690ΒΩ-024,2025-08-01,"ΠΡΟΜΗΘΕΙΑ ΛΟΙΠΟΥ ΧΗΜΙΚΟΥ ΥΛΙΚΟΥ ( ΠΡΟΓΡΑΜΜΑ ΕΞΩΤΕΡΙΚΟΥ ΠΟΙΟΤΙΚΟΥ ΕΛΕΓΧΟΥ ΑΝΤΙΔΡΑΣΤΗΡΙΩΝ ΠΑΘ/ΑΝΑΤΟΜΙΚΟΥ ΕΡΓΑΣΤΗΡΙΟΥ ) ΜΕ ΣΥΜΒΑΣΗ ΤΟΥΣ ΜΗΝΕΣ ΑΠΡΙΛΙΟ,ΜΑΪΟ,ΣΕΠΤΕΜΒΡΙΟ,ΟΚΤΩΒΡΙΟ,ΝΟΕΜΒΡΙΟ 2024 (ΣΥΜΒ. 48/2024) ΣΥΜΦΩΝΑ ΜΕ ΤΙΣ ΔΙΑΤΑΞΕΙΣ ΤΟΥ Ν. 5216/2025 αρθ.44 (ΦΕΚ 118 /τ. Α'/ 07-07-2025 ΔΙΚΑΙΟΛΟΓΗΤΙΚΑ : ΠΑΡΑΣΤΑΤΙΚΑ :4490,458",095580571,ΑΛΦΑ ΜΕΝΤΙΚΑΛ ΕΙΣΑΓΩΓΕΣ ΚΑΙ ΑΝΤΙΠΡΟΣΩΠΕΙΕΣ ΙΑΤΡΟΤΕΧΝΟΛΟΓΙΚΩΝ ΚΑΙ ΦΑΡΜΑΚΕΥΤΙΚΩΝ ΠΡΟΙΟΝΤΩΝ ΑΝΩΝΥΜΟΣ ΕΜΠΟΡΙΚΗ  ΒΙΟΜΗΧΑΝΙΚΗ,8416.4,,1359β01
Ρ49Σ4690ΒΩ-ΩΔΠ,2025-08-01,"ΠΡΟΜΗΘΕΙΑ  ΟΡΘΟΠΕΔΙΚΟΥ ΥΛΙΚΟΥ  ΝΟΣΟΚΟΜΕΙΟΥ ΓΙΑ ΤΟΥΣ ΜΗΝΕΣ ΔΕΚΕΜΒΡΙΟ 2023,ΙΑΝΟΥΑΡΙΟ 2024,ΦΕΒΡΟΥΑΡΙΟΣ 2024,ΜΑΡΤΙΟ 2024,ΜΑΙΟ 2024,ΑΥΓΟΥΣΤΟ 2024 ΜΕ ΣΥΜΒΑΣΗ (ΣΥΜΒ.176/23 ,ΧΕ 1821/2024 )",094437885,ΖΙΜΜΕR ΒΙΟΜΕΤ ΕΛΛΑΣ ΜΟΝΟΠΡΟΣΩΠΗ ΑΝΩΝΥΜΗ ΕΜΠΟΡΙΚΗ ΚΑΙ ΒΙΟΜΗΧΑΝΙΚΗ ΕΤΑΙΡΕΙΑ ΙΑΤΡΙΚΩΝ ΚΑΙ ΦΑΡΜΑΚΕΥΤΙΚΩΝ ΕΙΔΩΝ,17408.3,,1313β01
9ΓΦΨ4690ΒΩ-ΧΑΣ,2025-08-01,ΠΡΟΜΗΘΕΙΑ ΟΡΘΟΠΕΔΙΚΟΥ ΥΛΙΚΟΥ ΜΕ ΣΥΜΒΑΣΗ ΤΟ ΜΗΝΑ ΑΠΡΙΛΙΟ 2024 (ΣΥΜΒ.211/2024) ΑΠΑΞ ΠΑΡΑΓΓΕΛΙΑΣ ΣΥΜΦΩΝΑ ΜΕ ΤΙΣ ΔΙΑΤΑΞΕΙΣ ΤΟΥ Ν.5216/2025 αρθ.44  (ΦΕΚ 118/ τ.Α΄/07/07/2025),094437885,ΖΙΜΜΕR ΒΙΟΜΕΤ ΕΛΛΑΣ ΜΟΝΟΠΡΟΣΩΠΗ ΑΝΩΝΥΜΗ ΕΜΠΟΡΙΚΗ ΚΑΙ ΒΙΟΜΗΧΑΝΙΚΗ ΕΤΑΙΡΕΙΑ ΙΑΤΡΙΚΩΝ ΚΑΙ ΦΑΡΜΑΚΕΥΤΙΚΩΝ ΕΙΔΩΝ,2893.93,,1311β01
ΡΨΨΣ4690ΒΩ-ΙΣΩ,2025-08-01,ΠΡΟΜΗΘΕΙΑ ΟΡΘΟΠΕΔΙΚΟΥ ΥΛΙΚΟΥ ΜΕ ΣΥΜΒΑΣΗ ΤΟ ΜΗΝΑ ΙΟΥΝΙΟ 2024 (ΣΥΜΒ.341/2024) ΑΠΑΞ ΠΑΡΑΓΓΕΛΙΑΣ ΣΥΜΦΩΝΑ ΜΕ ΤΙΣ ΔΙΑΤΑΞΕΙΣ ΤΟΥ Ν.5216/2025 αρθ.44  (ΦΕΚ 118/ τ.Α΄/07/07/2025),094437885,ΖΙΜΜΕR ΒΙΟΜΕΤ ΕΛΛΑΣ ΜΟΝΟΠΡΟΣΩΠΗ ΑΝΩΝΥΜΗ ΕΜΠΟΡΙΚΗ ΚΑΙ ΒΙΟΜΗΧΑΝΙΚΗ ΕΤΑΙΡΕΙΑ ΙΑΤΡΙΚΩΝ ΚΑΙ ΦΑΡΜΑΚΕΥΤΙΚΩΝ ΕΙΔΩΝ,3078.21,,1313β01
9Φ5Β4690ΒΩ-ΩΙ6,2025-08-01,": ΠΡΟΜ.ΟΡΘΟΠΕΔ,ΠΡΟΣΘΕΤ.ΚΑΙ ΛΟΙΠΩΝ ΥΛΙΚΩΝ ΑΝΑΠΗΡΩΝ ΝΟΣΟΚΟΜΕΙΟΥ ΓΙΑ ΤΟΥΣ ΜΗΝΕΣ ΜΑΙΟ 2024 , ΙΟΥΝΙΟ 2024,ΙΟΥΛΙΟ 2024,ΟΚΤΩΒΡΙΟΣ 2024,ΝΟΕΜΒΡΙΟ 2024 ΕΩΣ  ΜΕ ΣΥΜΒΑΣΗ 79/2018 (1ο ΘΕΩΡ. Χ/Ε 459/2018), ΠΑΡΑΤΑΣΗ ΣΥΜΒΑΣΗΣ ΜΕ ΑΠΟΦ. Δ.Σ: 8/21-2-2019 (Θ. 14),ΣΥΜΦΩΝΑ  με το αρθ.78 παρ.2.  του Ν. 4623 (ΦΕΚ 134/Α/09-8-2019",094437885,ΖΙΜΜΕR ΒΙΟΜΕΤ ΕΛΛΑΣ ΜΟΝΟΠΡΟΣΩΠΗ ΑΝΩΝΥΜΗ ΕΜΠΟΡΙΚΗ ΚΑΙ ΒΙΟΜΗΧΑΝΙΚΗ ΕΤΑΙΡΕΙΑ ΙΑΤΡΙΚΩΝ ΚΑΙ ΦΑΡΜΑΚΕΥΤΙΚΩΝ ΕΙΔΩΝ,6033.84,,1313β01
9ΘΣΝ4690ΒΩ-Ψ3Ι,2025-08-01,: ΠΡΟΜΗΘΕΙΑ ΟΡΘΟΠΕΔΙΚΟΥ ΥΛΙΚΟΥ ΜΕ ΣΥΜΒΑΣΗ ΤΟΥΣ ΜΗΝΕΣ ΙΟΥΛΙΟ 2024 (ΣΥΜΒ.340 /2024)ΣΥΜΦΩΝΑ ΜΕ ΤΙΣ ΔΙΑΤΑΞΕΙΣ ΤΟΥ Ν.5216/2025 αρθ.44  (ΦΕΚ 118/ τ.Α΄/07/07/2025),094437885,ΖΙΜΜΕR ΒΙΟΜΕΤ ΕΛΛΑΣ ΜΟΝΟΠΡΟΣΩΠΗ ΑΝΩΝΥΜΗ ΕΜΠΟΡΙΚΗ ΚΑΙ ΒΙΟΜΗΧΑΝΙΚΗ ΕΤΑΙΡΕΙΑ ΙΑΤΡΙΚΩΝ ΚΑΙ ΦΑΡΜΑΚΕΥΤΙΚΩΝ ΕΙΔΩΝ,3062.8,,1313β01
ΨΠΚΜ4690ΒΩ-ΨΨΞ,2025-08-01,ΠΡΟΜΗΘΕΙΑ ΟΡΘΟΠΕΔΙΚΟΥ ΥΛΙΚΟΥ ΜΕ ΣΥΜΒΑΣΗ ΤΟΥΣ ΜΗΝΕΣ ΙΟΥΛΙΟ 2024 (ΣΥΜΒ.340 /2024)ΣΥΜΦΩΝΑ ΜΕ ΤΙΣ ΔΙΑΤΑΞΕΙΣ ΤΟΥ Ν.5216/2025 αρθ.44  (ΦΕΚ 118/ τ.Α΄/07/07/2025) ΔΙΚΑΙΟΛΟΓΗΤΙΚΑ : ΠΑΡΑΣΤΑΤΙΚΑ :98866,094437885,ΖΙΜΜΕR ΒΙΟΜΕΤ ΕΛΛΑΣ ΜΟΝΟΠΡΟΣΩΠΗ ΑΝΩΝΥΜΗ ΕΜΠΟΡΙΚΗ ΚΑΙ ΒΙΟΜΗΧΑΝΙΚΗ ΕΤΑΙΡΕΙΑ ΙΑΤΡΙΚΩΝ ΚΑΙ ΦΑΡΜΑΚΕΥΤΙΚΩΝ ΕΙΔΩΝ,4000.56,,1313β01
6Α9Η4690ΒΩ-177,2025-08-01,"ΠΡΟΜΗΘΕΙΑ OΡΘΟΠΕΔΙΚΩΝ ΥΛΙΚΩΝ  ΜΕ ΣΥΜΒΑΣΗ   (ΣΥΜΒ.151/2024)    ΓΙΑ  ΤΟΥΣ ΜΗΝΕΣ ΔΕΚΕΜΒΡΙΟ 2023 ,ΑΠΡΙΛΙΟ 2024     ΣΥΜΦΩΝΑ ΜΕ ΤΙΣ ΔΙΑΤΑΞΕΙΣ ΤΟΥ Ν.5216/2025 αρθ.44  (ΦΕΚ 118/ τ.Α΄/07/07/2025)",094437885,ΖΙΜΜΕR ΒΙΟΜΕΤ ΕΛΛΑΣ ΜΟΝΟΠΡΟΣΩΠΗ ΑΝΩΝΥΜΗ ΕΜΠΟΡΙΚΗ ΚΑΙ ΒΙΟΜΗΧΑΝΙΚΗ ΕΤΑΙΡΕΙΑ ΙΑΤΡΙΚΩΝ ΚΑΙ ΦΑΡΜΑΚΕΥΤΙΚΩΝ ΕΙΔΩΝ,3168.75,,1313β01
6Ξ1Θ4690ΒΩ-306,2025-08-01,": ΠΡΟΜΗΘΕΙΑ ΥΓΕΙΟΝΟΜΙΚΟΥ ΥΛΙΚΟΥ  ΜΕ ΣΥΜΒΑΣΗ ΤΟYΣ  ΜΗΝΕΣ ΦΕΒΡΟΥΑΡΙΟ 2024,ΙΟΥΝΙΟ 2024, ΣΕΠΤΕΜΒΡΙΟ 2024 (ΣΥΜΒ.627/2023) ΣΥΜΦΩΝΑ ΜΕ ΤΙΣ ΔΙΑΤΑΞΕΙΣ ΤΟΥ Ν.5216/2025 αρθ.44  (ΦΕΚ 118/ τ.Α΄/07/07/2025) ΔΙΚΑΙΟΛΟΓΗΤΙΚΑ : ΠΑΡΑΣΤΑΤΙΚΑ :21151,21484,22694,22695,23569,23645",099007886,ΒΙΟΠΡΟΜΗΘΕΥΤΙΚΗ ΑΝΤΙΠΡΟΣΩΠΕΙΑ ΕΙΣΑΓΩΓΗ ΕΜΠΟΡΙΑ ΙΑΤΡΙΚΩΝ ΠΡΟΙΟΝΤΩΝ ΕΤΑΙΡΕΙΑ ΠΕΡΙΟΡΙΣΜΕΝΗΣ  ΕΥΘΥΝΗΣ,5285.45,,1311β01
636Κ4690ΒΩ-5ΙΜ,2025-08-01,ΠΡΟΜΗΘΕΙΑ ΝΩΠΩΝ ΚΡΕΑΤΩΝ  ΜΕ ΣΥΜΒΑΣΗ ΤΟΝ  ΜΗΝΑ ΜΑΪΟ 2025 (ΣΥΜΒ. 80/2025  ΧΕ 1311/2025) ΣΥΜΦΩΝΑ ΜΕ ΤΙΣ ΔΙΑΤΑΞΕΙΣ ΤΟΥ Ν. 5216/2025 αρθ.44 (ΦΕΚ 118 /τ. Α'/ 07-07-2025 ΔΙΚΑΙΟΛΟΓΗΤΙΚΑ : ΠΑΡΑΣΤΑΤΙΚΑ :5,027877497,"ΜΠΟΥΤΛΑΣ,,ΣΠΥΡΙΔΩΝ,ΣΤΥΛΙΑΝΟΣ",11005.4,,1511α01
ΨΑ9Γ4690ΒΩ-9ΤΥ,2025-08-01,"ΠΡΟΜΗΘΕΙΑ ΛΟΙΠΟΥ ΧΗΜΙΚΟΥ ΥΛΙΚΟΥ (ΚΑΛΛΙΕΡΓΕΙΕΣ ΜΙΚΡΟΒΙΟΛΟΓΙΑΣ ) ΜΕ ΣΥΜΒΑΣΗ ΤΟΥΣ ΜΗΝΕΣ ΙΟΥΝΙΟ,ΝΟΕΜΒΡΙΟ 2024  (ΣΥΜΒ. 615/2022 ΧΕ  443/2024)",801646486,ΒΙΟΚΟΣΜΟΣ ΜΟΡΙΑΚΗ Α Ε,38235.26,,1359β01
6ΦΗ94690ΒΩ-ΚΔΩ,2025-08-01,": ΠΡΟΜΗΘΕΙΑ ΛΟΙΠΟΥ ΧΗΜΙΚΟΥ ΥΛΙΚΟΥ (ΚΑΛΛΙΕΡΓΕΙΕΣ ΜΙΚΡΟΒΙΟΛΟΓΙΑΣ ) ΜΕ ΣΥΜΒΑΣΗ ΤΟΥΣ ΜΗΝΕΣ ΙΟΥΝΙΟ,ΝΟΕΜΒΡΙΟ 2024  (ΣΥΜΒ. 615/2022 ΧΕ  443/202",094499248,BIOMERIEUX ΕΛΛΑΣ ΑΝΩΝΥΜΗ ΕΤΑΙΡΙΑ ΕΙΣΑΓΩΓΗΣ ΕΜΠΟΡΙΑΣ ΚΑΙ ΔΙΑΝΟΜΗΣ ΙΑΤΡΙΚΩΝ ΚΑΙ ΔΙΑΓΝΩΣΤΙΚΩΝ ΠΡΟΙΟΝΤΩΝ,14193.4,,1359β01
9ΨΨΒ4690ΒΩ-2ΞΜ,2025-08-01,: ΠΡΟΜΗΘΕΙΑ ΛΟΙΠΟΥ ΧΗΜΙΚΟΥ ΥΛΙΚΟΥ (ΑΝΤΙΔΡΑΣΤΗΡΙΑ ΕΡΓΑΣΤΗΡΙΩΝ ) ΜΕ ΣΥΜΒΑΣΗ ΤΟΝ ΜΗΝΑ ΜΑΪΟ 2024(ΣΥΜΒ. 241/2024) ΑΠΑΞ ΠΑΡΑΓΓΕΛΙΑ ΣΥΜΦΩΝΑ ΜΕ ΤΙΣ ΔΙΑΤΑΞΕΙΣ ΤΟΥ Ν. 5216/2025 αρθ.44 (ΦΕΚ 118 /τ. Α'/ 07-07-202,094322455,MENARINI ΔΙΑΓΝΩΣΤΙΚΑ ΙΑΤΡΙΚΑ ΟΡΓΑΝΑ ΑΕΒΕ,9540.0,,1359β01
Ψ2ΡΘ4690ΒΩ-ΓΣ9,2025-08-01,ΠΡΟΜΗΘΕΙΑ ΟΡΘΟΠΕΔΙΚΟΥ ΥΛΙΚΟΥ ΓΙΑ ΤΟ ΜΗΝΑ ΑΥΓΟΥΣΤΟ 2024 ΜΕ ΣΥΜΒΑΣΗ (ΣΥΜΒ.357/2024) ΑΠΑΞ ΠΑΡΑΓΓΕΛΙΑΣ ΣΥΜΦΩΝΑ ΣΥΜΦΩΝΑ ΜΕ ΤΙΣ ΔΙΑΤΑΞΕΙΣ ΤΟΥ Ν.5216/2025 αρθ.44 (ΦΕΚ 118/ τ.Α΄/07/07/2025),094007897,ΚΟΠΕΡ ΦΑΡΜΑΚΟΒΙΟΜΗΧΑΝΙΑΑΝΩΝΥΜΗ ΕΤΑΙΡΕΙΑ,3940.99,,1313β01
Ψ9594690ΒΩ-ΠΔ0,2025-08-01,: ΠΡΟΜΗΘΕΙΑ ΟΡΘΟΠΕΔΙΚΟΥ ΥΛΙΚΟΥ ΓΙΑ ΤΟ ΜΗΝΑ ΑΥΓΟΥΣΤΟ 2024ΜΕ ΣΥΜΒΑΣΗ (ΣΥΜΒ. 359/2024) ΑΠΑΞ ΠΑΡΑΓΓΕΛΙΑΣ ΣΥΜΦΩΝΑ ΣΥΜΦΩΝΑ ΜΕ ΤΙΣ ΔΙΑΤΑΞΕΙΣ ΤΟΥ Ν.5216/2025 αρθ.44 (ΦΕΚ 118/ τ.Α΄/07/07/2025),094007897,ΚΟΠΕΡ ΦΑΡΜΑΚΟΒΙΟΜΗΧΑΝΙΑΑΝΩΝΥΜΗ ΕΤΑΙΡΕΙΑ,2903.43,,1313β01
ΨΘ9Υ4690ΒΩ-60Β,2025-08-01,ΠΡΟΜΗΘΕΙΑ ΓΙΑΟΥΡΤΙΟΥ ΜΕ ΣΥΜΒΑΣΗ ΤΟΝ ΜΗΝΑ  ΜΑΪΟ 2025 (ΣΥΜΒ.79/2025 ΧΕ  1309/2025) ΣΥΜΦΩΝΑ ΜΕ ΤΙΣ ΔΙΑΤΑΞΕΙΣ ΤΟΥ Ν. 5216/2025 αρθ.44 (ΦΕΚ 118 /τ. Α'/ 07-7-25,096000124,ΑΓΡΟΤΙΚΟΣ ΣΥΝΕΤΑΙΡΙΣΜΟΣ ΒΟΛΟΥ,4523.84,,1511α01
ΨΦ2Ν4690ΒΩ-ΤΥ0,2025-08-01,ΠΡΟΜΗΘΕΙΑ ΟΡΘΟΠΕΔΙΚΟΥ ΥΛΙΚΟΥ ΜΕ ΣΥΜΒΑΣΗ (ΣΥΜΒ.353/2024) ΓΙΑ ΤΟΝ ΜΗΝΑ ΑΠΡΙΛΙΟ 2024 ΣΥΜΦΩΝΑ ΜΕ ΤΙΣ ΔΙΑΤΑΞΕΙΣ ΤΟΥ Ν.5161/2024 αρθ.14 (ΦΕΚ 196/ τ.Α΄/29-11-2024),094007897,ΚΟΠΕΡ ΦΑΡΜΑΚΟΒΙΟΜΗΧΑΝΙΑΑΝΩΝΥΜΗ ΕΤΑΙΡΕΙΑ,2688.0,,1313β01
9ΨΚΛ4690ΒΩ-5ΓΝ,2025-08-01,"ΠΡΟΜΗΘΕΙΑ Η/Υ ΜΕ ΣΥΜΒΑΣΗ ΤΟΥΣ ΜΗΝΕΣ ΣΕΠΤΕΜΒΡΙΟ,ΟΚΤΩΒΡΙΟ,ΝΟΕΜΒΡΙΟ 2024 (ΣΥΜΒ.421/2024)",095457728,ΜΑΣΤΟΡΑΚΗΣ ΓΣ ΚΩΣΤΑΚΗΣ ΝΙ ΕΠΕ,16069.24,,7123
ΨΝΕΦ4690ΒΩ-ΔΞ3,2025-08-01,ΠΡΟΜΗΘΕΙΑ ΟΡΘΟΠΕΔΙΚΟΥ ΥΛΙΚΟΥ ΜΕ ΣΥΜΒΑΣΗ (ΣΥΜΒ.210/2024) ΓΙΑ ΤΟΝ ΜΗΝΑ ΑΠΡΙΛΙΟ 2024 ΣΥΜΦΩΝΑ ΜΕ ΤΙΣ ΔΙΑΤΑΞΕΙΣ ΤΟΥ Ν.5161/2024 αρθ.14 (ΦΕΚ 196/ τ.Α΄/29-11-2024),094007897,ΚΟΠΕΡ ΦΑΡΜΑΚΟΒΙΟΜΗΧΑΝΙΑΑΝΩΝΥΜΗ ΕΤΑΙΡΕΙΑ,4299.2,,1313β01
93ΡΥ4690ΒΩ-ΤΧΛ,2025-08-01,"ΠΡΟΜΗΘΕΙΑ (ΧΕΙΡΟΥΡΓΙΚΑ ΜΟΣΧΕΥΜΑΤΑ ) ΓΙΑ ΤΟ ΜΗΝΑ ΟΚΤΩΒΡΙΟ 2023 ΜΕ ΣΥΜΒΑΣΗ (ΣΥΜΒ.486/2022,ΧΕ 538/2024)",800384318,AXION HEALTH ΕΜΠΟΡΙΑ ΙΑΤΡΟΦΑΡΜΑΚΕΥΤΙΚΩΝ ΠΡΟΙΟΝΤΩΝ ΚΑΛΛΥΝΤΙΚΩΝ ΕΠΕ,881.4,,1311β01
68ΡΥ4690ΒΩ-Ι42,2025-08-01,"ΑΜΟΙΒΗ ΓΙΑ ΥΠΗΡΕΣΙΕΣ  ΚΑΘΑΡΙΣΜΟΥ ΤΟΥ ΑΚΙΝΗΤΟΥ (ΣΚΟΥΦΑ 92) ΙΔΙΟΚΤΗΣΙΑΣ ΤΟΥ ΓΝΒ (ΚΑΘΑΡΙΣΜΟ,ΑΠΟΨΙΛΩΣΗ,ΑΠΟΚΟΜΙΔΗ ΠΡΟΪΟΝΤΩΝ  ΚΑΘΑΡΙΣΜΟΥ ΜΕ ΧΡΗΣΗ ΕΞΙΔΙΚΕΥΜΕΝΩΝ ΜΗΧΑΝΗΜΑΤΩΝ) ΜΕ ΣΥΜΒΑΣΗ ΤΟΝ ΜΗΝΑ ΙΟΥΝΙΟ 2025 (ΣΥΜΒ.329/2025) ΣΥΜΦΩΝΑ ΜΕ ΤΙΣ ΔΙΑΤΑΞΕΙΣ ΤΟΥ Ν. 5216/2025 αρθ.44 (ΦΕΚ 118 /τ. Α'/ 07-07-2025 ΔΙΚΑΙΟΛΟΓΗΤΙΚΑ : ΠΑΡΑΣΤΑΤΙΚΑ :1",802655689,I G KATSIVELOS ENGINEERING Ε Ε,12400.0,,0439α01
Ψ2ΓΕ4690ΒΩ-77Ζ,2025-08-01,"ΠΡΟΜΗΘΕΙΑ ΥΓΕΙΟΝΟΜΙΚΟΥ ΥΛΙΚΟΥ ΝΟΣΟΚΟΜΕΙΟΥ ΜΕ ΣΥΜΒΑΣΗ (ΣΥΜΒ.761/2023 ) ΓΙΑ ΤΟΥΣ ΜΗΝΕΣ ΦΕΒΡΟΥΑΡΙΟ 2024,ΜΑΡΤΙΟ 2024,ΑΠΡΙΛΙΟ 2024,ΜΑΙΟ 2024, ΙΟΥΝΙΟ 2024,ΑΥΓΟΥΣΤΟ 2024,ΝΟΕΜΒΡΙΟ 2024",800423557,OPEN CARE ΙΚΕ,3876.32,,1311β01
6ΔΘΔ4690ΒΩ-ΘΨ9,2025-08-01,": ΠΡΟΜΗΘΕΙΑ ΥΓΕΙΟΝΟΜΙΚΟΥ ΥΛΙΚΟΥ ΝΟΣΟΚΟΜΕΙΟΥ ΜΕ ΣΥΜΒΑΣΗ (ΣΥΜΒ.762/2023 ) ΓΙΑ ΤΟΥΣ ΜΗΝΕΣ ΙΑΝΟΥΑΡΙΟ 2024,ΦΕΒΡΟΥΑΡΙΟ 2024,ΜΑΡΤΙΟ 2024,ΑΠΡΙΛΙΟ 2024,ΜΑΙΟ 2024, ΙΟΥΝΙΟ 2024, ΙΟΥΛΙΟ 2024, ΑΥΓΟΥΣΤΟ 2024,ΝΟΕΜΒΡΙΟ 2024 ,ΔΕΚΕΜΒΡΙΟ 2024",093628458,BBD ΝΙΚΟΛΑΟΣ ΛΑΙΝΙΩΤΗΣ ΑΕΒΕ ΠΑΡΑΓΩΓΗ ΕΙΣΑΓΩΓΗ ΚΑΙ ΕΜΠΟΡΙΑ ΥΓΕΙΟΝΟΜΙΚΟΥ ΥΛΙΚΟΥ ΑΝΩΝΥΜΟΣ ΕΜΠΟΡΙΚΗ ΒΙΟΜΗΧΑΝΙΚΗ ΕΤΑΙΡΕΙΑ,10892.32,,1311β01
ΨΑΙΥ4690ΒΩ-Μ1Μ,2025-08-01,ΥΔΡΕΥΣΗ ΚΑΙ ΑΡΔΕΥΣΗ ΝΟΣΟΚΟΜΕΙΟΥ ΜΕ ΠΑΡΟΧΗ 14389 ΑΠΟ (ΑΠΟ 01/01/2024-31/03/2024),090071204,ΔΗΜΟΤΙΚΗ ΕΠΙΧΕΙΡΗΣΗ ΥΔΡΕΥΣΗΣ ΑΠΟΧΕΤΕΥΣΗΣ ΒΟΛΟΥ,11.81,,0841β01
ΨΥΕΠ4690ΒΩ-ΧΚΦ,2025-08-01,ΠΡΟΜΗΘΕΙΑ ΟΡΘΟΠΕΔΙΚΟΥ ΥΛΙΚΟΥ ΓΙΑ ΤΟ ΜΗΝΑ ΑΥΓΟΥΣΤΟ 2024 ΜΕ ΣΥΜΒΑΣΗ (ΣΥΜΒ.358/2024) ΑΠΑΞ ΠΑΡΑΓΓΕΛΙΑΣ ΣΥΜΦΩΝΑ ΣΥΜΦΩΝΑ ΜΕ ΤΙΣ ΔΙΑΤΑΞΕΙΣ ΤΟΥ Ν.5216/2025 αρθ.44 (ΦΕΚ 118/ τ.Α΄/07/07/2025),094007897,ΚΟΠΕΡ ΦΑΡΜΑΚΟΒΙΟΜΗΧΑΝΙΑΑΝΩΝΥΜΗ ΕΤΑΙΡΕΙΑ,3413.78,,1313β01
ΨΖΖ74690ΒΩ-ΓΙΗ,2025-07-31,: ΑΥΤΟΜΑΤΗ ΕΓΓΡΑΦΗ (ΤΡΑΠΕΖΙΚΑ ΕΞΟΔΑ ) ΛΟΓΑΡΙΣΜΟΥ ΓΙΑ ΠΛΗΡΩΜΕΣ ΠΡΟΜΗΘΕΥΤΩΝ,090165560,ΥΠΟΥΡΓΕΙΟ ΟΙΚΟΝΟΜΙΚΩΝ ΓΕΝΙΚΗ   ΔIEYΘΥΝΣΗ  Δ ΚΗΣΥΠ ΞΗΣ Δ ΟΙΚ,50.4,,0431α01
9Ρ0Γ4690ΒΩ-ΧΛ7,2025-07-31,ΑΥΤΟΜΑΤΗ ΕΓΓΡΑΦΗ (ΤΡΑΠΕΖΙΚΑ ΕΞΟΔΑ ) ΛΟΓΑΡΙΣΜΟΥ ΓΙΑ ΠΛΗΡΩΜΕΣ ΠΡΟΜΗΘΕΥΤΩΝ,090165560,ΥΠΟΥΡΓΕΙΟ ΟΙΚΟΝΟΜΙΚΩΝ ΓΕΝΙΚΗ   ΔIEYΘΥΝΣΗ  Δ ΚΗΣΥΠ ΞΗΣ Δ ΟΙΚ,39.8,,0431α01
ΡΒ8Ο4690ΒΩ-Ε9Χ,2025-07-31,ΠΡΟΜΗΘΕΙΑ ΥΓΕΙΟΝΟΜΙΚΟΥ ΥΛΙΚΟΥ  (ΣΥΡΙΓΓΕΣ ) ΜΕ ΣΥΜΒΑΣΗ (ΣΥΜΒ.160/2024) ΓΙΑ ΤΟΥΣ ΜΗΝΕΣ ΙΟΥΝΙΟ 2024 ΙΟΥΛΙΟ 2024 ΟΚΤΩΒΡΙΟ 2024,093628458,BBD ΝΙΚΟΛΑΟΣ ΛΑΙΝΙΩΤΗΣ ΑΕΒΕ ΠΑΡΑΓΩΓΗ ΕΙΣΑΓΩΓΗ ΚΑΙ ΕΜΠΟΡΙΑ ΥΓΕΙΟΝΟΜΙΚΟΥ ΥΛΙΚΟΥ ΑΝΩΝΥΜΟΣ ΕΜΠΟΡΙΚΗ ΒΙΟΜΗΧΑΝΙΚΗ ΕΤΑΙΡΕΙΑ,1528.76,,1311β01
6Ζ2Π4690ΒΩ-ΝΕΨ,2025-07-31,"ΠΡΟΜΗΘΕΙΑ ΕΙΔΩΝ ΜΑΝΑΒΙΚΗΣ ΜΕ ΣΥΜΒΑΣΗ ΤΟΝ ΜΗΝΑ ΑΠΡΙΛΙΟ 2024 (ΣΥΜΒ.127/2025)  ΣΥΜΦΩΝΑ ΜΕ ΤΙΣ ΔΙΑΤΑΞΕΙΣ ΤΟΥ Ν. 5216/2025 αρθ.44 (ΦΕΚ 118 /τ. Α'/ 07-07-2025 ΔΙΚΑΙΟΛΟΓΗΤΙΚΑ : ΠΑΡΑΣΤΑΤΙΚΑ :40938,41734 Ο Συντάξας                   Η Προισταμένη Οικον.Τμήματος                             Η Διευθύντρια Διοικ.-Οικ.Υπηρ                                                                                                                                                                                                                                                                          Λαμπρινή Γιαννακού                                                        Μιχαηλούλα Κάρτου                             ΣΥΝΟΛΟ ΚΡΑΤΗΣΕΩΝ : ΔΙΑΚΟΣΙΑ ΠΕΝΗΝΤΑ ΟΚΤΩ ΕΥΡΩ & ΠΕΝΗΝΤΑ ΔΥΟ ΛΕΠΤΑ 258,52  ΕΞΟΦΛΗΣΗ ΧΡΗΜΑΤΙΚΟΥ ΕΝΤΑΛΜΑΤΟΣ ΣΤΟΙΧΕΙΑ ΕΠΙΚΟΙΝΩΝΙΑΣ (ΠΟΛΥΜΕΡΗ 134 - Τ.Κ. 38222 - ΒΟΛΟΣ - ΤΗΛ. 2421351239 - FAX ) ΜΕΤΡΗΤΑ :  (ποσό) ΕΠΙΤΑΓΗ : Αριθμός επιταγής Ημερομηνία έκδοσης επιταγής (ποσό) Ονοματεπώνυμο λαβόντος :   Αριθμός Ταυτότητας :   Ημερομηνία Εξόφλησης :  Ο/Η ΤΑΜΙΑΣ     ΣΥΝΗΜΜΕΝΑ - ΔΙΚΑΙΟΛΟΓΗΤΙΚΑ ΚΡΑΤΗΣΕΙΣ ΠΟΣΟ ΚΑΤΑΣΤΑΣΗ ΔΑΠΑΝΗΣΤΙΜΟΛΟΓΙΑΠΡΩΤΟΚΟΛΛΑ ΠΑΡΑΛΑΒΗΣΑΝΑΛΗΨΗ ΔΕΣΜΕΥΣΗΣΒΕΒΑΙΩΣΗ ΚΑΕΛΟΙΠΑ ΔΙΚΑΙΟΛΟΓΗΤΙΚΑΣYMB.127/20251 2 3 4 5 6 7 ΚΡΑΤ.2% Ν.3580/07 ΦΟΡΟΣ 4% ΚΡΑΤΗΣΗ ΥΠΕΡ ΕΑΑΔΗΣΥ 1 2 3 85,88 168,34 4,30 ΣΥΝΟΛΟ ΚΡΑΤΗΣΕΩΝ 258,52 ΗΜΕΡΟΜΗΝΙΑ : 10/07/2025 ΑΡΙΘΜΟΣ : 1321 ΣΕΙΡΑ : 1 ΠΛΗΘΟΣ ΠΑΡΑΣΤΑΤΙΚΩΝ : 2 ΑΡΙΘΜΟΣ ΑΠΟΣΤΟΛΗΣ : 89 1ο ΚΡΙΤΗΡΙΟ : 2.Φ.100",997565624,ΑΙΓΑΙΟΝ ΓΕΝΙΚΗ ΠΡΟΜΗΘΕΥΤΙΚΗ ΤΡΟΦΙΜΩΝ ΕΠΕ,4857.55,,1511α01
9Χ514690ΒΩ-268,2025-07-31,ΕΡΓΑΣΙΕΣ ΑΠΟΚΑΤΑΣΤΑΣΗΣ ΑΝΕΛΚΥΣΤΗΡΩΝ ΤΟΥ ΓΝΒ ΜΕ ΣΥΜΒΑΣΗ ΤΟΝ ΜΗΝΑ ΜΑΡΤΙΟ 2025 (ΣΥΜΒ.17/2025) ΣΥΜΦΩΝΑ ΜΕ ΤΙΣ ΔΙΑΤΑΞΕΙΣ ΤΟΥ Ν. 5216/2025 αρθ.44 (ΦΕΚ 118 /τ. Α'/ 07-07-2025,800357297,Ι Δ ΚΩΝΣΤΑΝΤΟΠΟΥΛΟΣ ΕΓΚΑΤΑΣΤΑΣΗ ΕΠΙΣΚΕΥΗ ΣΥΝΤΗΡΗΣΗ ΚΑΤΑΣΚΕΥΗ Κ ΕΜΠΟΡΙΑ ΕΙΔΩΝ ΑΝΕΛΚΥΣΤΗΡΩΝ ΑΒΕΕ,2306.4,,0879α01
93ΓΘ4690ΒΩ-ΔΩΡ,2025-07-31,"ΠΡΟΜΗΘΕΙΑ ΕΙΔΩΝ ΣΥΝΤΗΡΗΣΗΣ ΓΙΑ ΤΗΝ ΑΠΟΚΑΤΑΣΤΑΣΗ ΤΗΣ ΛΕΙΤΟΥΡΓΙΑΣ ΤΩΝ ΑΝΕΛΚΥΣΤΗΡΩΝ ΤΟΥ ΓΝΒ ΜΕ ΣΥΜΒΑΣΗ ΤΟΝ ΜΗΝΑ ΜΑΡΤΙΟ 2025 (ΣΥΜΒ.17/2025) ΣΥΜΦΩΝΑ ΜΕ ΤΙΣ ΔΙΑΤΑΞΕΙΣ ΤΟΥ Ν. 5216/2025 αρθ.44 (ΦΕΚ 118 /τ. Α'/ 07-07-2025 ΔΙΚΑΙΟΛΟΓΗΤΙΚΑ : ΠΑΡΑΣΤΑΤΙΚΑ :404,405,406,407,408,409,410,411,412,413,414,415,416,417",800357297,Ι Δ ΚΩΝΣΤΑΝΤΟΠΟΥΛΟΣ ΕΓΚΑΤΑΣΤΑΣΗ ΕΠΙΣΚΕΥΗ ΣΥΝΤΗΡΗΣΗ ΚΑΤΑΣΚΕΥΗ Κ ΕΜΠΟΡΙΑ ΕΙΔΩΝ ΑΝΕΛΚΥΣΤΗΡΩΝ ΑΒΕΕ,152458.0,,1429α01
9ΗΧ04690ΒΩ-3Ω1,2025-07-31,"ΠΡΟΜΗΘΕΙΑ ΛΟΙΠΟΥ ΧΗΜΙΚΟΥ ΥΛΙΚΟΥ  (ΑΝΤΙΔΡΑΣΤΗΡΙΑ ΑΙΜΟΔΟΣΙΑΣ ) ΜΕ  ΣΥΜΒΑΣΗ ΤΟΥΣ ΜΗΝΕΣ  ΑΠΡΙΛΙΟ,ΜΑΪΟ,ΙΟΥΝΙΟ,ΙΟΥΛΙΟ, ΣΕΠΤΕΜΒΡΙΟ,ΟΚΤΩΒΡΙΟ,ΔΕΚΕΜΒΡΙΟ 2024 (ΣΥΜΒ.232/2023 ΧΕ 2710/2024) ΔΙΚΑΙΟΛΟΓΗΤΙΚΑ : ΠΑΡΑΣΤΑΤΙΚΑ :14340,14539,14657,14743,14911,15206",099109774,ΔΙΑΓΝΩΣΤΙΚΑ ΑΝΤΙΔΡΑΣΤΗΡΙΑ ΟΡΓΑΝΑ ΝΟΣΟΚΟΜΕΙΑΚΟΣ ΕΞΟΠΛΙΣΜΟΣ ΑΝΩΝΥΜΗ ΕΤΑΙΡΕΙΑ,4471.92,,1359β01
9ΚΙΓ4690ΒΩ-8ΚΙ,2025-07-31,": ΠΡΟΜΗΘΕΙΑ: ΚΟΣΤΟΥΜΙΑ ΑΙΜΟΔΟΣΙΑΣ & ΡΟΜΠΕΣ ΙΑΤΡΙΚΟΥ & ΠΑΡΑΪΑΤΡΙΚΟΥ ΠΡΟΣΩΠΙΚΟΥ, ΧΩΡΙΣ ΣΥΜΒΑΣΗ, ΜΕ ΑΠΟΦΑΣΗ ΔΣ 45/27-9-24 Θ.44, ΣΥΜΦΩΝΑ ΜΕ ΤΙΣ ΔΙΑΤΑΞΕΙΣ ΤΟΥ Ν.5216/2025 αρθ.44 (ΦΕΚ 118/ τ.Α΄/07/07/2025)",094098300,ΥΦΑΝΤΟΥΡΓΕΙΑ Α ΚΑΡΥΠΙΔΗΣ ΑΝΩΝΥΜΟΣ ΒΙΟΜΗΧΑΝΙΚΗ ΕΜΠΟΡΙΚΗ ΕΤΑΙΡΙΑ,97.48,,1526β01
90ΚΤ4690ΒΩ-ΛΜΟ,2025-07-31,": ΔΥΟ ΧΙΛΙΑΔΕΣ ΕΚΑΤΟΝ ΕΞΗΝΤΑ ΕΞΙ ΕΥΡΩ & ENENHNTA ΛΕΠΤΑ 2.166,90 ΑΙΤΙΟΛΟΓΙΑ : ΠΡΟΜΗΘΕΙΑ ΥΓΕΙΟΝΟΜΙΚΟΥ ΥΛΙΚΟΥ  (ΣΥΡΙΓΓΕΣ ) ΜΕ ΣΥΜΒΑΣΗ (ΣΥΜΒ.162/2024) ΓΙΑ ΤΟΥΣ ΜΗΝΕΣ ΙΟΥΝΙΟ 2024  ΙΟΥΛΙΟ 2024",801925543,OSMOS HELLAS ΜΟΝΟΠΡΟΣΩΠΗ ΙΔΙΩΤΙΚΗ ΚΕΦΑΛΑΙΟΥΧΙΚΗ ΕΤΑΙΡΕΙΑ,2166.9,,1311β01
9Υ8Θ4690ΒΩ-ΘΨΠ,2025-07-31,": ΠΡΟΜΗΘΕΙΑ ΕΙΔΩΝ ΙΜΑΤΙΣΜΟΥ ΜΕ ΣΥΜΒΑΣΗ ΤΟΥΣ ΜΗΝΑ ΔΕΚΕΜΒΡΙΟ 2024 , (ΣΥΜΒ. 606/2024 ) ΣΥΜΦΩΝΑ ΜΕ ΤΙΣ ΔΙΑΤΑΞΕΙΣ ΤΟΥ Ν. 5216/2025 αρθ.44 (ΦΕΚ 118 /τ. Α'/ 07-07-2025 )",094098300,ΥΦΑΝΤΟΥΡΓΕΙΑ Α ΚΑΡΥΠΙΔΗΣ ΑΝΩΝΥΜΟΣ ΒΙΟΜΗΧΑΝΙΚΗ ΕΜΠΟΡΙΚΗ ΕΤΑΙΡΙΑ,3221.4,,1529β01
6Η5Α4690ΒΩ-8Ν0,2025-07-31,": ΥΠΗΡΕΣΙΕΣ ΣΥΝΤΑΞΗΣ ΟΙΚΟΝΟΜΙΚΩΝ ΑΠΟΛΟΓΙΣΜΩΝ ΙΑΝΟΥΑΡΙΟΥ , ΦΕΒΡΟΥΑΡΙΟΥ,ΜΑΡΤΙΟΥ  2025,ΙΣΟΛΟΓΙΣΜΟ ΟΙΚΟΝΟΜΙΚΟΥ ΕΤΟΥΣ 2024 (ΣΥΜΒ. 672/2023  ΧΕ 2027/2024)",998427667,ΚΟΥΤΣΟΡΕΒΥΘΗΣ Ε ΚΑΙ ΣΙΑ ΟΕ,9099.97,,0419α01
ΨΙΕ24690ΒΩ-Ζ1Σ,2025-07-31,ΠΡΟΜΗΘΕΙΑ ΙΜΑΤΙΣΜΟΥ ΝΟΣΟΚΟΜΕΙΟΥ ΜΕ ΣΥΜΒΑΣΗ ( ΧΕ 885/2025 ΣΥΜ.3/2024) ΓΙΑ ΤΟΝ ΜΗΝΑ ΔΕΚΕΜΒΡΙΟ 2024 ΣΥΜΦΩΝΑ ΜΕ ΤΙΣ ΔΙΑΤΑΞΕΙΣ ΤΟΥ Ν.5216/2025 αρθ.44 (ΦΕΚ 118/ τ.Α΄/07/07/2025),094098300,ΥΦΑΝΤΟΥΡΓΕΙΑ Α ΚΑΡΥΠΙΔΗΣ ΑΝΩΝΥΜΟΣ ΒΙΟΜΗΧΑΝΙΚΗ ΕΜΠΟΡΙΚΗ ΕΤΑΙΡΙΑ,53.77,,1529β01
ΨΕΠΞ4690ΒΩ-ΑΣΙ,2025-07-31,ΚΑΘΑΡΙΣΜΟΣ ΑΡΧΕΙΟΥ ΛΟΓΩ ΠΛΗΡΟΥΣ ΚΑΤΕΣΤΡΑΜΜΕΝΩΝ - ΛΑΣΠΩΜΕΝΩΝ ΥΛΙΚΩΝ ΑΠΟΡΡΙΨΗ ΣΤΟΝ Χ.Υ.Τ.Α ΠΟΥ ΑΦΟΡΟΥΝ ΤΟ ΠΑΛΑΙΟ ΑΡΧΕΙΟ ΤΟΥ ΓΡ. ΚΙΝΗΣΗΣΚΑΙ ΤΩΝ ΠΡΩΗΝ ΕΡΓΑΣΤΗΡΙΩΝ ΤΩΝ ΤΕΧΝΙΚΩΝ ΠΟΥ ΒΡΙΣΚΟΝΤΑΙ ΣΤΟ ΥΠΟΓΕΙΟ ΤΗΣ ΠΑΛΑΙΑΣ ΠΤΕΡΥΓΑΣ ΤΟΥ ΓΝΒ ΜΕ ΣΥΜΒΑΣΗ ΤΟΝ ΜΗΝΑ ΜΑΡΤΙΟ 2025 (ΣΥΜΒ. 97/2025) ΣΥΜΦΩΝΑ ΜΕ ΤΙΣ ΔΙΑΤΑΞΕΙΣ ΤΟΥ Ν. 5216/2025 αρθ.44 (ΦΕΚ 118 /τ. Α'/ 07-07-2025,067819507,"ΓΑΚΗΣ,,ΑΘΑΝΑΣΙΟΣ,ΦΙΛΙΠΠΟΣ",7440.0,,0899α01
6ΔΣ94690ΒΩ-60Μ,2025-07-31,ΚΑΘΑΡΙΣΜΟΣ ΑΡΧΕΙΟΥ  ΛΟΓΩ ΠΛΗΡΟΥΣ ΚΑΤΕΣΤΡΑΜΜΕΝΩΝ - ΛΑΣΠΩΜΕΝΩΝ ΥΛΙΚΩΝ ΑΠΟΡΡΙΨΗ ΣΤΟΝ Χ.Υ.Τ.Α ΠΟΥ  ΑΦΟΡΟΥΝ ΤΟ ΠΑΛΑΙΟ ΑΡΧΕΙΟ ΤΟΥ ΓΡ. ΚΙΝΗΣΗΣΚΑΙ ΤΩΝ ΠΡΩΗΝ ΕΡΓΑΣΤΗΡΙΩΝ ΤΩΝ  ΤΕΧΝΙΚΩΝ ΠΟΥ ΒΡΙΣΚΟΝΤΑΙ ΣΤΟ ΥΠΟΓΕΙΟ ΤΗΣ ΠΑΛΑΙΑΣ ΠΤΕΡΥΓΑΣ ΤΟΥ ΓΝΒ ΜΕ ΣΥΜΒΑΣΗ ΤΟΝ ΜΗΝΑ ΜΑΡΤΙΟ 2025 (ΣΥΜΒ. 97/2025)  ΣΥΜΦΩΝΑ ΜΕ ΤΙΣ ΔΙΑΤΑΞΕΙΣ ΤΟΥ Ν. 5216/2025 αρθ.44 (ΦΕΚ 118 /τ. Α'/ 07-07-2025,067819507,"ΓΑΚΗΣ,,ΑΘΑΝΑΣΙΟΣ,ΦΙΛΙΠΠΟΣ",7440.0,,0899α01
9ΥΣΥ4690ΒΩ-ΗΓΑ,2025-07-31,ΠΡΟΜΗΘΕΙΑ ΥΓΕΙΟΝΟΜΙΚΟΥ ΥΛΙΚΟΥ (ΣΥΡΙΓΓΕΣ ) ΜΕ ΣΥΜΒΑΣΗ (ΣΥΜΒ.159/2024) ΓΙΑ ΤΟΥΣ ΜΗΝΕΣ ΙΟΥΛΙΟ 2024 ΣΕΠΤΕΜΒΡΙΟ 2024 ΟΚΤΩΒΡΙΟ 2024 ΔΕΚΕΜΒΡΙΟ 2024,094356041,ΙΝΕΞ ΑΝΩΝΥΜΗ ΕΜΠΟΡΙΚΗ ΕΤΑΙΡ ΙΑΤΡΙΚΩΝ ΝΟΣΟΚΟΜΕΙΑΚ ΕΙΔΩΝ,3372.8,,1311β01
ΨΦ6Μ4690ΒΩ-8Γ3,2025-07-31,ΔΙΑΣΥΝΔΕΣΗ PHARMACY ΜΕ ΕΚΑΠΥ-Β ΄ΦΑΣΗ ΜΕ ΣΥΜΒΑΣΗ ΤΟΝ ΜΗΝΑ ΔΕΚΕΜΒΡΙΟ 2024 (ΣΥΜΒ. 634/2024) ΣΥΜΦΩΝΑ ΜΕ ΤΙΣ ΔΙΑΤΑΞΕΙΣ ΤΟΥ Ν. 5216/2025 αρθ.44 (ΦΕΚ 118 /τ. Α'/ 07-07-2025,095403136,COMPUTER SOLUTIONS ΑΝΩΝΥΜΗ ΒΙΟΜΗΧΑΝΙΚΗ ΚΑΙ ΕΜΠΟΡΙΚΗ ΕΤΑΙΡΕΙΑ ΠΛΗΡΟΦΟΡΙΚΗΣ,4960.0,,0426β01
ΡΒΡΧ4690ΒΩ-ΩΓΑ,2025-07-31,"ΠΡΟΜΗΘΕΙΑ ΑΝΤΙΔΡΑΣΤΗΡΙΩΝ ΕΡΓΑΣΤΗΡΙΩΝ, ΜΗΝΩΝ ΑΠΡΙΛΙΟΥ, ΣΕΠΤΕΜΒΡΙΟΥ & ΟΚΤΩΒΡΙΟΥ 2024, ΧΩΡΙΣ ΣΥΜΒΑΣΗ, ΜΕ ΑΠΟΦΑΣΕΙΣ ΔΣ 13/21-3-24 Θ.16, 40/12-9-24 Θ.16, 45/27-9-24 Θ.26 & Θ.48, ΣΥΜΦΩΝΑ ΜΕ ΤΙΣ ΔΙΑΤΑΞΕΙΣ ΤΟΥ Ν.5161/2024 αρθ.14 (ΦΕΚ 196/ τ.Α΄/29-11-2024 ΝΟΣ",095341314,ΔΙΑΓΝΩΣΤΙΚΑ ΧΗΜΙΚΗ ΟΡΓΑΝΟΛΟΓΙΑ ΑΝΩΝΥΜΗ ΕΤΑΙΡΙΑ,3030.79,,1359β01
ΡΠ6Ν4690ΒΩ-8ΑΤ,2025-07-31,ΕΦΗΜΕΡΙΕΣ ΜΑΪΟΥ 2025  ΜΕ ΚΑΘΕΣΤΩΣ ΕΚΔΟΣΗΣ ΔΕΛΤΙΟΥ ΑΠΟΔΕΙΞΗΣ ΠΑΡΟΧΗΣ ΥΠΗΡΕΣΙΩΝ ΓΙΑ ΧΡΟΝΙΚΟ ΔΙΑΣΤΗΜΑ ΔΥΟ ΜΗΝΩΝ  ΜΕ ΕΝΑΡΞΗ  29-4-2025 ΚΑΙ ΛΗΞΗ  30-6-2025 ΣΤΟ ΟΡΘΟΠΕΔΙΚΟ ΤΜΗΜΑ,057539932,"ΜΠΕΗΣ,,ΚΩΝΣΤΑΝΤΙΝΟΣ,ΙΩΑΝΝΗΣ",1250.0,,0431α01
ΨΩΦΓ4690ΒΩ-Λ1Ο,2025-07-31,ΠΡΟΜΗΘΕΙΑ ΜΕΛΑΝΙΩΝ ΜΕ ΣΥΜΒΑΣΗ ΤΟΝ ΜΗΝΑ ΔΕΚΕΜΒΡΙΟ 2024 (ΣΥΜΒ.740/2024) ΣΥΜΦΩΝΑ ΜΕ ΤΙΣ ΔΙΑΤΑΞΕΙΣ ΤΟΥ Ν. 5216/2025 αρθ.44 (ΦΕΚ 118 /τ. Α'/ 07-07-2025,095457728,ΜΑΣΤΟΡΑΚΗΣ ΓΣ ΚΩΣΤΑΚΗΣ ΝΙ ΕΠΕ,3735.99,,1281β01
ΡΠΞ14690ΒΩ-8Φ7,2025-07-31,ΑΜΟΙΒΗ ΙΔΙΩΤΗ ΙΑΤΡΟΥ ΓΙΑ ΕΦΗΜΕΡΙΕΣ ΣΤΟ ΧΕΙΡΟΥΡΓΙΚΟ ΤΜΗΜΑ ΤΟΝ ΜΗΝΑ ΜΑΪΟ 2025 ΜΕ ΚΑΘΕΣΤΩΣ ΕΚΔΟΣΗΣ ΔΕΛΤΙΟΥ ΑΠΟΔΕΙΞΗΣ ΠΑΡΟΧΗΣ ΥΠΗΡΕΣΙΩΝ ΓΙΑ ΤΡΕΙΣ ΜΗΝΕΣ ΑΠΟ 1/4/2025 ΕΩΑ 30/6/2025,113589615,"ΖΙΑΜΑΣ,,ΔΗΜΗΤΡΙΟΣ,ΧΡΗΣΤΟΣ",1250.0,,0413α01
Ρ4ΤΣ4690ΒΩ-ΞΚΠ,2025-07-31,ΣΥΝΤΗΡΗΣΗ ΠΛΥΝΤΗΡΙΩΝ ΕΝΔΟΣΚΟΠΙΩΝ STEELCO ΜΕ ΣΥΜΒΑΣΗ ΑΠΟ 29/3/2024  ΕΩΣ 28/12/2024  (ΣΥΜΒ.97/2023  ΧΕ   1011/2024) ΣΥΜΦΩΝΑ ΜΕ ΤΙΣ ΔΙΑΤΑΞΕΙΣ ΤΟΥ Ν. 5216/2025 αρθ.44 (ΦΕΚ 118 /τ. Α'/ 07-07-2025,999961120,MEDIC PLAN HEALTH PROJECT ΑΝΩΝΥΜΗ ΕΤΑΙΡΙΑ,8509.5,,0887β01
ΨΕΔΩ4690ΒΩ-ΨΕΡ,2025-07-31,: ΠΡΟΜΗΘΕΙΑ ΓΑΛΑΚΤΟΣ ΜΕ ΣΥΜΒΑΣΗ ΤΟΝ ΜΗΝΑ ΔΕΚΕΜΒΡΙΟ 2024 (ΣΘΥΜΒ.390/2024 ΧΕ 3229/2024) ΣΥΜΦΩΝΑ ΜΕ ΤΙΣ ΔΙΑΤΑΞΕΙΣ ΤΟΥ Ν. 5216/2025 αρθ.44 (ΦΕΚ 118 /τ. Α'/ 07-07-2025,096000124,ΑΓΡΟΤΙΚΟΣ ΣΥΝΕΤΑΙΡΙΣΜΟΣ ΒΟΛΟΥ,1520.98,,1511β01
Ψ7Ε74690ΒΩ-ΟΗΟ,2025-07-31,"ΠΡΟΜΗΘΕΙΑ ΥΓΕΙΟΝΟΜΙΚΟΥ ΥΛΙΚΟΥ ΝΟΣΟΚΟΜΕΙΟΥ ΓΙΑ ΤΟΥΣ ΜΗΝΕΣ ΦΕΒΡΟΥΑΡΙΟ 2024,ΜΑΡΤΙΟ 2024,ΜΑΙΟ 2024,ΙΟΥΝΙΟ 2024,ΑΥΓΟΥΣΤΟ 2024,ΣΕΠΤΕΜΒΡΙΟ 2024 ΜΕ ΣΥΜΒΑΣΗ (ΧΕ 2165/2025 ΣΥΜ.732/2023) ΣΥΜΦΩΝΑ ΜΕ ΤΙΣ ΔΙΑΤΑΞΕΙΣ ΤΟΥ Ν.5161/2024 αρθ.14 (ΦΕΚ 196/ τ.Α΄/29-11-2024)",099370337,VIOLAK INTERNATIONAL ΝΟΣΟΚΟΜΕΙΑΚΟΥ ΕΞΟΠΛΙΣΜΟΥ ΑΝΩΝΥΜΗ ΕΜΠΟΡΙΚΗ ΕΤΑΙΡΕΙΑ,3320.09,,1311β01
6ΗΦΟ4690ΒΩ-3ΝΠ,2025-07-31,ΠΡΟΜΗΘΕΙΑ ΥΓΕΙΟΝΟΜΙΚΟΥ ΥΛΙΚΟΥ (ΣΥΡΙΓΓΕΣ ) ΜΕ ΣΥΜΒΑΣΗ (ΣΥΜΒ.157/2024) ΓΙΑ ΤΟΥΣ ΜΗΝΕΣ ΑΠΡΙΛΙΟ 2024 ΜΑΙΟ 2024 ΙΟΥΛΙΟ 2024,094503580,ΕΝΟΡΑΣΙΣ ΑΝΩΝΥΜΗ ΕΜΠ  ΙΑΤΡΙΚΩΝ ΥΛΙΚΩΝ ΚΑΙ  ΜΗΧΑΝΗΜΑΤΩΝ ΚΑΙ ΙΑΤΡΙΚΩΝ ΥΛΙΚΩΝ ΚΑΙ ΜΗΧΑΝΗΜΑΤ,3688.75,,1311β01
61ΡΙ4690ΒΩ-0Β2,2025-07-30,": ΠΡΟΜΗΘΕΙΑ ΣΤΟΙΧΕΙΩΝ ΕΡΓΑΣΙΑΣ ΠΑΘΗΤΙΚΗΣ ΚΟΠΗΣ, ΚΑΛΩΔΙΩΝ TURIS, ΜΗΝΩΝ ΟΚΤΩΒΡΙΟΥ & ΝΟΕΜΒΡΙΟΥ 2024, ΧΩΡΙΣ ΣΥΜΒΑΣΗ, ΜΕ ΑΠΟΦΑΣΗ ΔΙΟΙΚΗΤΗ 477/24 & ΑΠΟΦΑΣΗ ΔΣ 40/12-9-24 Θ.15, ΣΥΜΦΩΝΑ ΜΕ ΤΙΣ ΔΙΑΤΑΞΕΙΣ ΤΟΥ Ν.5161/2024 αρθ.14 (ΦΕΚ 196/ τ.Α΄/29-11-2024)",094442268,ΠΡΩΤΟΝ Α Ε ΑΝΤΙΠΡ ΙΑΤΡΙΚΩΝ ΕΠΙΣΤΗΜΟΝΙΚΩΝ ΕΙΔΩΝ  ΜΗΧΑΝΗΜ ΚΑΙ ΣΥΣΤΗΜΑΤΩΝ ΑΣΦΑΛΕΙΑΣ ΙΔΙΩΤ ΕΠΙΧ ΠΑΡΟΧ ΥΠΗΡΕΣΙΩΝ ΑΣΦΑΛΕΙΑΣ,3794.4,,1439β01
ΡΙΙΨ4690ΒΩ-Ω1Χ,2025-07-30,"ΠΡΟΜΗΘΕΙΑ ΨΗΦΙΑΚΗΣ ΖΥΓΑΡΙΑΣ ΑΚΡΙΒΕΙΑΣ, ΜΗΝΟΣ ΣΕΠΤΕΜΒΡΙΟΥ 2024, ΧΩΡΙΣ ΣΥΜΒΑΣΗ, ΜΕ ΑΠΟΦΑΣΗ ΔΣ 40/12-9-24 Θ.10, ΣΥΜΦΩΝΑ ΜΕ ΤΙΣ ΔΙΑΤΑΞΕΙΣ ΤΟΥ Ν.5161/2024 αρθ.14 (ΦΕΚ 196/ τ.Α΄/29-11-2024",095717819,ΠΝΟΗ ΚΩΣΤΑΣ ΣΙΣΜΑΝΙΔΗΣ ΕΠΕ,1364.0,,7112β01
ΡΓΕ54690ΒΩ-403,2025-07-30,"ΠΡΟΜ. ΑΝΤΑΛΛΑΚΤΙΚΩΝ (ΓΙΑ ΨΥΓΕΙΟ ΝΕΚΡΟΘΑΛΑΜΟΥ, DRAIN HEATING, ΧΑΛΚΟΚΟΠΤΗ) ΜΗΝΩΝ ΣΕΠΤΕΜΒΡΙΟΥ & ΟΚΤΩΒΡΙΟΥ 2024, ΧΩΡΙΣ ΣΥΜΒΑΣΗ, ΜΕ ΑΠΟΦΑΣΕΙΣ ΔΣ 34/8-8-24 Θ.28 & 42/19-9-24 Θ.4, ΣΥΜΦΩΝΑ ΜΕ ΤΙΣ ΔΙΑΤΑΞΕΙΣ ΤΟΥ Ν.5161/2024 αρθ.14 (ΦΕΚ 196/ τ.Α΄/29-11-2024) ΝΟΣ",999723663,ΝΕΑ ΕΠΙΜΕΝΤ ΕΤΑΡΙΑ ΕΙΣΑΓΩΓΗΣ ΚΑΙ ΔΙΑΝΟΜΗΣ ΙΑΤΡΙΚΟΥ ΝΟΣΟΚΟΜΕΙΑΚΟΥ ΥΛΙΚΟΥ ΜΟΝΟΠΡΟΣΩΠΗ ΕΤΑΡΙΑ ΠΕΡΙΟΡΙΣΜΕΝΗΣ ΕΥΘΥΝΗΣ,1103.6,,1429β01
ΨΜΡ94690ΒΩ-ΤΟ5,2025-07-30,ΠΡΟΜΗΘΕΙΑ ΤΡΑΠΕΖΙΚΩΝ ΕΡΓΑΣΙΩΝ ΓΙΑ ΕΞΕΡΧΟΜΕΝΕΣ ΜΕΤΑΦΟΡΕΣ ΠΙΣΤΩΣΕΩΝ ΣΕ ΤΡΑΠΕΖΕΣ ΤΟΥ ΕΞΩΤΕΡΙΚΟΥ (Χ.Ε.1254 ΝΕΑ ΕΠΙΜΕΝΤ ΜΕΠΕ),094014250,EUROBANK ERGASIAS ΥΠΗΡΕΣΙΩΝ ΚΑΙ ΣΥΜΜΕΤΟΧΩΝ ΑΝΩΝΥΜΗ ΕΤΑΙΡΕΙΑ,1.2,,0431α01
ΡΡΔΤ4690ΒΩ-Ι57,2025-07-30,": ΠΡΟΜ. ΛΑΜΑΡΙΝΑΣ ΙΝΟΧ 1,5mm & ΠΟΡΤΑΣ ΑΛΟΥΜΙΝΙΟΥ 1,5 Χ 2,5, ΜΗΝΩΝ ΑΥΓΟΥΣΤΟΥ & ΣΕΠΤΕΜΒΡΙΟΥ 2024, ΧΩΡΙΣ ΣΥΜΒΑΣΗ, ΜΕ ΑΠΟΦΑΣΕΙΣ ΔΣ 25/30-5-24 Θ.21 & 26/5-6-24 Θ.8, ΣΥΜΦΩΝΑ ΜΕ ΤΙΣ ΔΙΑΤΑΞΕΙΣ ΤΟΥ Ν.5161/2024 αρθ.14 (ΦΕΚ 196/ τ.Α΄/29-11-2024)",801568037,ΜΟΦΙΛ ΟΜΟΡΡΥΘΜΗ ΕΤΑΙΡΙΑ,2728.0,,1429β01
6ΑΒΞ4690ΒΩ-ΥΞΞ,2025-07-30,"ΠΡΟΜΗΘΕΙΑ ACETON, ΜΗΝΟΣ ΑΥΓΟΥΣΤΟΥ 2024, ΧΩΡΙΣ ΣΥΜΒΑΣΗ, ΜΕ ΑΠΟΦΑΣΗ ΔΣ 34/8-8-24 Θ.29, ΣΥΜΦΩΝΑ ΜΕ ΤΙΣ ΔΙΑΤΑΞΕΙΣ ΤΟΥ Ν.5161/2024 αρθ.14 (ΦΕΚ 196/ τ.Α΄/29-11-2024)",099412972,ΜΑΚΡΙΔΗΣ ΟΕ,682.0,,1359β01
6Ν1Ω4690ΒΩ-Ω6Γ,2025-07-30,"ΠΡΟΜΗΘΕΙΑ ΑΙΜΟΣΤΑΤΙΚΩΝ ΚΛΙΠ 2 ΑΚΙΔΩΝ & ΣΕΤ ΓΑΣΤΡΟΝΟΜΙΑΣ, ΜΗΝΟΣ ΣΕΠΤΕΜΒΡΙΟΥ 2024, ΧΩΡΙΣ ΣΥΜΒΑΣΗ ΜΕ ΑΠΟΦΑΣΕΙΣ ΔΣ 36/28-8-24 Θ. 4 & 40/12-9-24 Θ.8, ΣΥΜΦΩΝΑ ΜΕ ΤΙΣ ΔΙΑΤΑΞΕΙΣ ΤΟΥ Ν.5161/2024 αρθ.14 (ΦΕΚ 196/ τ.Α΄/29-11-2024)",095714497,ΜΕΝΤΙΝΕΤ ΕΤΑΙΡΕΙΑ ΠΕΡΙΟΡΙΣΜΕΝΗΣ ΕΥΘΥΝΗΣ,2311.98,,1311β01
Ψ0ΦΘ4690ΒΩ-2ΘΡ,2025-07-30,"ΠΡΟΜΗΘΕΙΑ ΥΓΕΙΟΝΟΜΙΚΟΥ ΥΛΙΚΟΥ (ΣΥΡΙΓΓΕΣ ) ΜΕ ΣΥΜΒΑΣΗ (ΣΥΜΒ.161/2024) ΓΙΑ ΤΟΥΣ ΑΠΡΙΛΙΟ 2024, ΙΟΥΛΙΟ 2024,ΑΥΓΟΥΣΤΟ 2024, ΜΗΝΕΣ ΣΕΠΤΕΜΒΡΙΟ 2024 ΟΚΤΩΒΡΙΟ ,ΝΟΕΜΒΡΙΟ, ΔΕΚΕΜΒΡΙΟ 2024",099370337,VIOLAK INTERNATIONAL ΝΟΣΟΚΟΜΕΙΑΚΟΥ ΕΞΟΠΛΙΣΜΟΥ ΑΝΩΝΥΜΗ ΕΜΠΟΡΙΚΗ ΕΤΑΙΡΕΙΑ,6240.91,,1311β01
6ΘΖΗ4690ΒΩ-ΤΝΕ,2025-07-30,: ΠΡΟΜΗΘΕΙΑ ΥΓΕΙΟΝΟΜΙΚΟΥ ΥΛΙΚΟΥ (ΣΥΡΙΓΓΕΣ ) ΜΕ ΣΥΜΒΑΣΗ (ΣΥΜΒ.158/2024) ΓΙΑ ΤΟΥΣ ΜΗΝΕΣ ΑΠΡΙΛΙΟ 2024 ΑΥΓΟΥΣΤΟ 2024 ΟΚΤΩΒΡΙΟ 2024,094396063,ΝΟΣΟΚΟΜΕΙΑΚΗ ΓΡΑΜΜΗ ΑΕ ΕΙΣΑΓΩΓΗΣ ΚΑΙ ΕΜΠΟΡΙΑΣ ΙΑΤΡΙΚΟΥ ΝΟΣΟΚΟΜΕΙΑΚΟΥ ΚΑΙ ΦΑΡΜΑΚΕΥΤΙΚΟΥ ΥΛΙΚΟΥ,6745.6,,1311β01
Ρ3144690ΒΩ-ΣΘΛ,2025-07-30,"ΑΠΟΔΟΣΗ ΦΜΥ ΠΡΟΣΘΕΤΩΝ ΑΠΟΔΟΧΩΝ ΙΑΝΟΥΑΡΙΟΥ (215,91), ΦΕΒΡΟΥΑΡΙΟΥ (172,39), ΜΑΡΤΙΟΥ (249,12), ΑΠΡΙΛΙΟΥ (230,33), ΜΑΪΟΥ (189,38) 2025 ΤΟΥ ΤΟΥ ΕΙΔΙΚΟΥ ΠΡΟΓΡΑΜΜΑΤΟΣ ΑΠΑΣΧΟΛΗΣΗΣ 4000 ΑΝΕΡΓΟΙ ΣΤΟ ΧΩΡΟ ΤΗΣ ΥΓΕΙΑΣ",090165560,ΥΠΟΥΡΓΕΙΟ ΟΙΚΟΝΟΜΙΚΩΝ ΓΕΝΙΚΗ   ΔIEYΘΥΝΣΗ  Δ ΚΗΣΥΠ ΞΗΣ Δ ΟΙΚ,1057.13,,0567α01
ΡΗ974690ΒΩ-6ΡΦ,2025-07-30,"ΑΠΟΔΟΣΗ ΦΜΥ ΤΑΚΤΙΚΩΝ ΑΠΟΔΟΧΩΝ ΙΑΝΟΥΑΡΙΟΥ (458,49), ΦΕΒΡΟΥΑΡΙΟΥ (489,21), ΜΑΡΤΙΟΥ (432,09), ΑΠΡΙΛΙΟΥ (418,65), ΜΑΪΟΥ (415,62) & ΙΟΥΝΙΟΥ (548,62) 2025 ΤΟΥ ΤΟΥ ΕΙΔΙΚΟΥ ΠΡΟΓΡΑΜΜΑΤΟΣ ΑΠΑΣΧΟΛΗΣΗΣ 4000 ΑΝΕΡΓΟΙ ΣΤΟ ΧΩΡΟ ΤΗΣ ΥΓΕΙΑΣ",090165560,ΥΠΟΥΡΓΕΙΟ ΟΙΚΟΝΟΜΙΚΩΝ ΓΕΝΙΚΗ   ΔIEYΘΥΝΣΗ  Δ ΚΗΣΥΠ ΞΗΣ Δ ΟΙΚ,2762.68,,0567α01
6Υ4Ρ4690ΒΩ-094,2025-07-30,"ΑΠΟΔΟΣΗ ΦΜΥ ΠΡΟΣΘΕΤΩΝ ΑΠΟΔΟΧΩΝ ΝΟΕΜΒΡΙΟΥ (225,06) & ΔΕΚΕΜΒΡΙΟΥ (228,84) 2024 ΤΟΥ ΤΟΥ ΕΙΔΙΚΟΥ ΠΡΟΓΡΑΜΜΑΤΟΣ ΑΠΑΣΧΟΛΗΣΗΣ 4000 ΑΝΕΡΓΟΙ ΣΤΟ ΧΩΡΟ ΤΗΣ ΥΓΕΙΑΣ",090165560,ΥΠΟΥΡΓΕΙΟ ΟΙΚΟΝΟΜΙΚΩΝ ΓΕΝΙΚΗ   ΔIEYΘΥΝΣΗ  Δ ΚΗΣΥΠ ΞΗΣ Δ ΟΙΚ,453.9,,0567β01
ΨΒΗΣ4690ΒΩ-8Χ5,2025-07-30,": ΕΙΣΦΟΡΕΣ ΣΤΟΝ ΕΦΚΑ ΤΑΚΤΙΚΩΝ ΑΠΟΔΟΧΩΝ ΝΟΕΜΒΡΙΟΥ 2024 (6.090,67) & ΔΕΚΕΜΒΡΙΟΥ 2024 (6.090,67) ΤΟΥ ΕΙΔΙΚΟΥ ΠΡΟΓΡΑΜΜΑΤΟΣ ΑΠΑΣΧΟΛΗΣΗΣ 4000 ΑΝΕΡΓΟΙ ΣΤΟ ΧΩΡΟ ΤΗΣ ΥΓΕΙΑΣ",090003373,ΙΚΑ,22263.51,,0561α01
9Σ0Λ4690ΒΩ-Λ36,2025-07-30,"ΕΙΣΦΟΡΕΣ ΣΤΟΝ ΕΦΚΑ ΤΑΚΤΙΚΩΝ ΑΠΟΔΟΧΩΝ ΙΑΝΟΥΑΡΙΟΥ (5.944,83), ΦΕΒΡΟΥΑΡΙΟΥ (5.679,48), ΜΑΡΤΙΟΥ (5.461,88) & ΜΑΪΟΥ (5.177,32) 2025 ΤΟΥ ΕΙΔΙΚΟΥ ΠΡΟΓΡΑΜΜΑΤΟΣ ΑΠΑΣΧΟΛΗΣΗΣ 4000 ΑΝΕΡΓΟΙ ΣΤΟ ΧΩΡΟ ΤΗΣ ΥΓΕΙΑΣ",090003373,ΙΚΑ,12181.34,,0561β01
9ΡΘΟ4690ΒΩ-23Τ,2025-07-30,ΔΙΑΦΗΜΙΣΕΙΣ- ΔΗΜΟΣΙΕΥΣΕΙΣ ΠΡΟΚΗΡΥΞΕΩΝ ΔΙΑΓΩΝΙΣΜΩΝ ΝΟΣΟΚΟΜΕΙΟΥ ΓΙΑ ΤΟ ΜΗΝΑ ΙΟΥΝΙΟ 2025,801818159,ΜΟΝΟΤΥΠΙΑ ΜΟΝΟΠΡΟΣΩΠΗ Ι Κ Ε,665.88,,0851α01
9Υ1Ω4690ΒΩ-ΟΦ9,2025-07-30,"ΔΙΑΦΗΜΙΣΕΙΣ- ΔΗΜΟΣΙΕΥΣΕΙΣ ΠΡΟΚΗΡΥΞΕΩΝ ΔΙΑΓΩΝΙΣΜΩΝ ΝΟΣΟΚΟΜΕΙΟΥ ΓΙΑ ΤΟ ΜΗΝΑ ΙΟΥΝΙΟ 2025,",047057290,"ΤΣΙΝΤΣΙΝΗ,,ΠΑΡΑΣΚΕΥΗ,ΓΕΩΡΓΙΟΣ",389.36,,0851α01
6Χ204690ΒΩ-ΛΗ4,2025-07-30,ΠΡΟΜΗΘΕΙΑ ΛΟΙΠΟΥ ΧΗΜΙΚΟΥ ΥΛΙΚΟΥ (ΑΝΤΙΔΡΑΣΤΗΡΙΩΝ ΕΡΓΑΣΤΗΡΙΩΝ ) ΜΕ ΣΥΜΒΑΣΗ ΤΟΝ ΜΗΝΑ ΙΟΥΝΙΟ 2024 (ΣΥΜΒ.642/2023 ΧΕ 739/2025,094322455,MENARINI ΔΙΑΓΝΩΣΤΙΚΑ ΙΑΤΡΙΚΑ ΟΡΓΑΝΑ ΑΕΒΕ,1726.47,,1359β01
ΨΗ504690ΒΩ-Υ1Α,2025-07-30,ΠΡΟΜΗΘΕΙΑ ΑΝΑΛΩΣΙΜΩΝ ΥΛΙΚΩΝ ΤΡΟΦΟΔΟΣΙΑΣ ΜΕ ΣΥΜΒΑΣΗ ΤΟΝ ΜΗΝΑ ΔΕΚΕΜΒΡΙΟ 2024 (ΣΥΜΒ. 60/2023 ΧΕ 524/2024),997998085,ΜΑΥΡΟΥΔΗΣ ΤΡΟΦΟΔΟΣΙΕΣ ΔΙΑΝΟΜΕΣ ΜΟΝΑΔΩΝ ΑΝΑΨΥΧΗΣ ΚΑΙ  ΥΓΕΙΑΣ ΚΑΙ  ΑΜΥΝΑΣ ΚΑΙ  ΔΟΜΩΝ ΦΙΛΟΞΕΝΙΑΣ ΑΝΩΝΥΜΗ ΕΤΑΙΡΙΑ,280.24,,1129β01
63Ο64690ΒΩ-447,2025-07-30,"ΠΡΟΜΗΘΕΙΑ ΑΝΑΛΩΣΙΜΩΝ ΥΛΙΚΩΝ ΤΡΟΦΟΔΟΣΙΑΣ ΜΕ ΣΥΜΒΑΣΗ ΤΟΥΣ ΜΗΝςΣ ΔΕΚΕΜΒΡΙΟ 2024 , ΙΑΝΟΥΑΡΙΟ 2025 (ΣΥΜΒ. 603/2023 ΧΕ 523/2024)",999717761,ΜΙΧΑΗΛ ΣΚΑΜΑΓΚΑΣ ΑΝΩΝΥΜΗ ΒΙΟΤΕΧΝΙΚΗ ΕΜΠΟΡΙΚΗ ΕΤΑΙΡΙΑ,62.0,,1129α01
63Ο64690ΒΩ-447,2025-07-30,"ΠΡΟΜΗΘΕΙΑ ΑΝΑΛΩΣΙΜΩΝ ΥΛΙΚΩΝ ΤΡΟΦΟΔΟΣΙΑΣ ΜΕ ΣΥΜΒΑΣΗ ΤΟΥΣ ΜΗΝςΣ ΔΕΚΕΜΒΡΙΟ 2024 , ΙΑΝΟΥΑΡΙΟ 2025 (ΣΥΜΒ. 603/2023 ΧΕ 523/2024)",999717761,ΜΙΧΑΗΛ ΣΚΑΜΑΓΚΑΣ ΑΝΩΝΥΜΗ ΒΙΟΤΕΧΝΙΚΗ ΕΜΠΟΡΙΚΗ ΕΤΑΙΡΙΑ,232.5,,1229β01
9Β144690ΒΩ-ΗΩ3,2025-07-29,"ΑΜΟΙΒΗ ΕΞΩΤΕΡΙΚΟΥ ΣΥΜΒΟΥΛΟΥ ΓΙΑ ΤΗΝ ΥΠΟΣΤΗΡΙΞΗ ΤΟΥ ΣΥΣΤΗΜΑΤΟΣ ΠΟΙΟΤΗΤΑ ΙSO 9001 ΤΜΗΜΑΤΟΣ ΑΙΜΟΔΟΣΙΑΣ, ΜΗΝΟΣ ΟΚΤΩΒΡΙΟ 2024, ΧΩΡΙΣ ΣΥΜΒΑΣΗ, ΜΕ ΑΠΟΦΑΣΗ ΔΣ 27/13-6-24 Θ.31, ΣΥΜΦΩΝΑ ΜΕ ΤΙΣ ΔΙΑΤΑΞΕΙΣ ΤΟΥ Ν.5216/2025 αρθ.44 (ΦΕΚ 118/ τ.Α΄/07/07/2025)",095432469,ΔΙΕΘΝΕΙΣ ΥΠΗΡΕΣΙΕΣ ΠΕΡΙΒΑΛΛΟΝΤΟΣ ΚΑΙ ΠΟΙΟΤΗΤΑΣ ΜΕΛΕΤΕΣ ΕΦΑΡΜΟΓΕΣ ΑΝΩΝΥΜΗ ΕΤΑΙΡΕΙΑ,2480.0,,0439β01
96Π54690ΒΩ-ΝΗΛ,2025-07-29,"ΠΡΟΜΗΘΕΙΑ ΣΥΡΜΑΤΙΝΟΥ ΟΔΗΓΟΥ, ΜΗΝΟΣ ΟΚΤΩΒΡΙΟΥ 2024, ΧΩΡΙΣ ΣΥΜΒΑΣΗ, ΜΕ ΑΠΟΦΑΣΗ ΔΣ 45/27-9-24 Θ.24, ΣΥΜΦΩΝΑ ΜΕ ΤΙΣ ΔΙΑΤΑΞΕΙΣ ΤΟΥ Ν.5161/2024 αρθ.14 (ΦΕΚ 196/ τ.Α΄/29-11-2024",095267908,Α ΚΑΙ Λ ΙΑΤΡΙΚΕΣ ΠΡΟΜΗΘΕΙΕΣ ΑΝΩΝΥΜΗ ΕΤΑΙΡΕΙΑ,1215.2,,1311β01
ΨΝ644690ΒΩ-5ΑΣ,2025-07-29,": ΠΡΟΜΗΘΕΙΑ ΑΝΤΙΟΛΙΣΘΗΤΙΚΩΝ ΚΑΛΥΜΜΑΤΩΝ, ΜΗΝΩΝ ΑΥΓΟΥΣΤΟΥ & ΟΚΤΩΒΡΙΟΥ 2024, ΧΩΡΙΣ ΣΥΜΒΑΣΗ, ΜΕ ΑΠΟΦΑΣΕΙΣ ΔΣ 34/8-8-24 Θ. 26 & 45/27-9-24 Θ.42, ΣΥΜΦΩΝΑ ΜΕ ΤΙΣ ΔΙΑΤΑΞΕΙΣ ΤΟΥ Ν.5161/2024 αρθ.14 (ΦΕΚ 196/ τ.Α΄/29-11-2024",999430320,NEUROMED Ε ΧΑΤΖΗΕΦΡΑΙΜΙΔΗΣ ΜΟΝΟΠΡΟΣΩΠΗ ΕΤΑΙΡΙΑ ΠΕΡΙΟΡΙΣΜΕΝΗΣ ΕΥΘΥΝΗΣ,2046.0,,1311β01
9ΨΑΑ4690ΒΩ-82Μ,2025-07-29,": ΠΡΟΜΗΘΕΙΑ ΒΕΛΟΝΩΝ ΡΑΦΗΣ & ΒΑΛΒΩΝ ΜΙΑΣ ΧΡΗΣΗΣ, ΜΗΝΩΝ ΙΟΥΝΙΟΥ & ΝΟΕΜΒΡΙΟΥ 2024, ΧΩΡΙΣ ΣΥΜΒΑΣΗ, ΜΕ ΑΠΟΦΑΣΕΙΣ ΔΣ 26/30- 4-424 Θ.6 & 45/27-9-24 Θ.39, ΣΥΜΦΩΝΑ ΜΕ ΤΙΣ ΔΙΑΤΑΞΕΙΣ ΤΟΥ Ν.5161/2024 αρθ.14 (ΦΕΚ 196/ τ.Α΄/29-11-2024)",802259160,Α  ΜΕΛΕΤΗΣ ΚΑΙ ΣΙΑ Ε Ε,831.78,,1311β01
9Ν1Χ4690ΒΩ-019,2025-07-28,"ΤΗΛΕΦΩΝΙΚΑ,ΤΗΛΕΓΡΑΦΙΚΑ & ΤΗΛΕΤΥΠΙΚΑ ΤΕΛΗ ΚΨΥ ΓΙΑ ΤΗΝ ΠΑΡΟΧΗ 2421350500 (ΑΠΟ 01/04/2025-30/04/2025 ,01/05/2025- 31/05/2025)",094019245,ΟΡΓΑΝΙΣΜΟΣ ΤΗΛΕΠΙΚΟΙΝΩΝΙΩΝ ΤΗΣ ΕΛΛΑΔΟΣ ΑΝΩΝΥΜΗ ΕΤΑΙΡΕΙΑ,314.66,,0832α09
9Τ644690ΒΩ-ΘΘ3,2025-07-28,"ΤΗΛΕΦΩΝΙΚΑ,ΤΗΛΕΓΡΑΦΙΚΑ & ΤΗΛΕΤΥΠΙΚΑ ΤΕΛΗ ΓΙΑ ΤΗΝ ΠΑΡΟΧΗ 24210 30702 (ΑΠΟ 16/03/2025-15/05/2025)",094019245,ΟΡΓΑΝΙΣΜΟΣ ΤΗΛΕΠΙΚΟΙΝΩΝΙΩΝ ΤΗΣ ΕΛΛΑΔΟΣ ΑΝΩΝΥΜΗ ΕΤΑΙΡΕΙΑ,218.25,,0832α01
6Ξ4Τ4690ΒΩ-ΦΜ0,2025-07-28,"ΤΗΛΕΦΩΝΙΚΑ,ΤΗΛΕΓΡΑΦΙΚΑ & ΤΗΛΕΤΥΠΙΚΑ ΤΕΛΗ ΓΙΑ ΤΗΝ ΠΑΡΟΧΗ 24210 12692 (ΑΠΟ 16/04/2025-15/06/2025)",094019245,ΟΡΓΑΝΙΣΜΟΣ ΤΗΛΕΠΙΚΟΙΝΩΝΙΩΝ ΤΗΣ ΕΛΛΑΔΟΣ ΑΝΩΝΥΜΗ ΕΤΑΙΡΕΙΑ,153.76,,0832α01
6ΑΑ84690ΒΩ-ΒΦΞ,2025-07-28,"ΤΗΛΕΦΩΝΙΚΑ,ΤΗΛΕΓΡΑΦΙΚΑ & ΤΗΛΕΤΥΠΙΚΑ ΤΕΛΗ ΓΙΑ ΤΗΝ ΠΑΡΟΧΗ 24210 94203 (ΑΠΟ 01/04/2025-31/05/2025)",094019245,ΟΡΓΑΝΙΣΜΟΣ ΤΗΛΕΠΙΚΟΙΝΩΝΙΩΝ ΤΗΣ ΕΛΛΑΔΟΣ ΑΝΩΝΥΜΗ ΕΤΑΙΡΕΙΑ,34.26,,0832α01
9ΓΖ34690ΒΩ-5ΡΔ,2025-07-28,"ΤΗΛΕΦΩΝΙΚΑ,ΤΗΛΕΓΡΑΦΙΚΑ & ΤΗΛΕΤΥΠΙΚΑ ΤΕΛΗ ΓΙΑ ΤΗΝ ΠΑΡΟΧΗ 24210 12693 (ΑΠΟ 16/04/2025-15/06/2025)",094019245,ΟΡΓΑΝΙΣΜΟΣ ΤΗΛΕΠΙΚΟΙΝΩΝΙΩΝ ΤΗΣ ΕΛΛΑΔΟΣ ΑΝΩΝΥΜΗ ΕΤΑΙΡΕΙΑ,153.76,,0832α01
ΨΡΖΠ4690ΒΩ-ΩΞΛ,2025-07-28,"ΤΗΛΕΦΩΝΙΚΑ,ΤΗΛΕΓΡΑΦΙΚΑ & ΤΗΛΕΤΥΠΙΚΑ ΣΧΟΛΗ ΑΓΡΙΑΣ ΓΙΑ ΤΗΝ ΠΑΡΟΧΗ 2428092200 (ΑΠΟ 01/04/2025-31/05/2025)",094019245,ΟΡΓΑΝΙΣΜΟΣ ΤΗΛΕΠΙΚΟΙΝΩΝΙΩΝ ΤΗΣ ΕΛΛΑΔΟΣ ΑΝΩΝΥΜΗ ΕΤΑΙΡΕΙΑ,105.72,,0832α08
ΨΗΧ14690ΒΩ-Ρ2Ρ,2025-07-28,"ΤΗΛΕΦΩΝΙΚΑ,ΤΗΛΕΓΡΑΦΙΚΑ & ΤΗΛΕΤΥΠΙΚΑ ΤΕΛΗ ΓΙΑ ΤΗΝ ΠΑΡΟΧΗ 24210 13070 (ΑΠΟ 16/04/2025-15/06/2025)",094019245,ΟΡΓΑΝΙΣΜΟΣ ΤΗΛΕΠΙΚΟΙΝΩΝΙΩΝ ΤΗΣ ΕΛΛΑΔΟΣ ΑΝΩΝΥΜΗ ΕΤΑΙΡΕΙΑ,153.76,,0832α01
ΡΛ5Ψ4690ΒΩ-ΤΡΥ,2025-07-28,"ΤΗΛΕΦΩΝΙΚΑ,ΤΗΛΕΓΡΑΦΙΚΑ & ΤΗΛΕΤΥΠΙΚΑ ΤΕΛΗ ΝΟΣΟΚΟΜΕΙΟΥ ΜΕ ΑΡΙΘ. ΠΑΡΟΧΗΣ 24210 39593 ΑΠΟ (01/04/2025-31/05/2025)",094019245,ΟΡΓΑΝΙΣΜΟΣ ΤΗΛΕΠΙΚΟΙΝΩΝΙΩΝ ΤΗΣ ΕΛΛΑΔΟΣ ΑΝΩΝΥΜΗ ΕΤΑΙΡΕΙΑ,80.56,,0832α01
ΨΩΛΦ4690ΒΩ-Φ68,2025-07-28,": ΤΗΛΕΦΩΝΙΚΑ,ΤΗΛΕΓΡΑΦΙΚΑ & ΤΗΛΕΤΥΠΙΚΑ ΤΕΛΗ ΦΙΛΥΡΑ ΓΙΑ ΤΗ ΠΑΡΟΧΗ 24210 38062 (ΑΠΟ 01/04/2025-31/05/2025,01/05/2025- 31/05/2025,01/06/2025-30/06/2025 )",094019245,ΟΡΓΑΝΙΣΜΟΣ ΤΗΛΕΠΙΚΟΙΝΩΝΙΩΝ ΤΗΣ ΕΛΛΑΔΟΣ ΑΝΩΝΥΜΗ ΕΤΑΙΡΕΙΑ,699.63,,0832α06
Ψ2ΚΞ4690ΒΩ-ΒΤΡ,2025-07-28,"ΤΗΛΕΦΩΝΙΚΑ,ΤΗΛΕΓΡΑΦΙΚΑ & ΤΗΛΕΤΥΠΙΚΑ ΤΕΛΗ ΦΙΛΥΡΑ ΠΑΡΟΧΗ 24210 28066 (ΑΠΟ 01/04/2025-31/05/2025)",094019245,ΟΡΓΑΝΙΣΜΟΣ ΤΗΛΕΠΙΚΟΙΝΩΝΙΩΝ ΤΗΣ ΕΛΛΑΔΟΣ ΑΝΩΝΥΜΗ ΕΤΑΙΡΕΙΑ,45.7,,0832α06
Ψ39Ω4690ΒΩ-02Ι,2025-07-28,"ΤΗΛΕΦΩΝΙΚΑ,ΤΗΛΕΓΡΑΦΙΚΑ & ΤΗΛΕΤΥΠΙΚΑ ΤΕΛΗ ΓΙΑ ΤΗΝ ΠΑΡΟΧΗ 24210 94200 (ΑΠΟ 01/04/2025-31/05/2025)",094019245,ΟΡΓΑΝΙΣΜΟΣ ΤΗΛΕΠΙΚΟΙΝΩΝΙΩΝ ΤΗΣ ΕΛΛΑΔΟΣ ΑΝΩΝΥΜΗ ΕΤΑΙΡΕΙΑ,34.26,,0832α01
ΡΞΨΕ4690ΒΩ-947,2025-07-28,"ΥΔΡΕΥΣΗ ΚΑΙ ΑΡΔΕΥΣΗ ΦΙΛΥΡΑ ΜΕ ΠΑΡΟΧΗ 19/2235 ΑΠΟ (01/03/2025-31/03/2025,01/04/2025-30/04/2025,01/05/2025- 31/05/2025,01/06/2025-30/06/2025)",090071204,ΔΗΜΟΤΙΚΗ ΕΠΙΧΕΙΡΗΣΗ ΥΔΡΕΥΣΗΣ ΑΠΟΧΕΤΕΥΣΗΣ ΒΟΛΟΥ,981.09,,0841α06
Ρ04Υ4690ΒΩ-ΑΩΑ,2025-07-28,"ΥΔΡΕΥΣΗ ΚΑΙ ΑΡΔΕΥΣΗ ΝΟΣΟΚΟΜΕΙΟΥ ΜΕ ΠΑΡΟΧΗ 14733455 ΜΕ ΠΑΡΟΧΗ ΑΠΟ (01/03/2025-31/03/2025,01/04/2025- 30/04/2025,01/05/2025-31/05/2025)",090071204,ΔΗΜΟΤΙΚΗ ΕΠΙΧΕΙΡΗΣΗ ΥΔΡΕΥΣΗΣ ΑΠΟΧΕΤΕΥΣΗΣ ΒΟΛΟΥ,23839.84,,0841α01
ΡΞΘΨ4690ΒΩ-ΧΚΙ,2025-07-28,ΥΔΡΕΥΣΗ ΚΑΙ ΑΡΔΕΥΣΗ ΣΧΟΛΗΣ ΑΓΡΙΑΣ ΜΕ ΠΑΡΟΧΗ 14389 ΑΠΟ (01/04/2025-30-06/2025),090071204,ΔΗΜΟΤΙΚΗ ΕΠΙΧΕΙΡΗΣΗ ΥΔΡΕΥΣΗΣ ΑΠΟΧΕΤΕΥΣΗΣ ΒΟΛΟΥ,34.05,,0841α08
Ρ0Ν94690ΒΩ-3ΗΛ,2025-07-28,ΥΔΡΕΥΣΗ ΚΑΙ ΑΡΔΕΥΣΗ ΓΙΑ ΚΨΥ ΜΕ ΠΑΡΟΧΗ 135121 ΑΠΟ(01/04/2025-30/06/2025),090071204,ΔΗΜΟΤΙΚΗ ΕΠΙΧΕΙΡΗΣΗ ΥΔΡΕΥΣΗΣ ΑΠΟΧΕΤΕΥΣΗΣ ΒΟΛΟΥ,38.71,,0841α09
99ΑΑ4690ΒΩ-37Ψ,2025-07-28,: ΥΔΡΕΥΣΗ ΚΑΙ ΑΡΔΕΥΣΗ ΦΙΛΥΡΑ 84990 ΑΠΟ (01/04/2025-30/06/2025),090071204,ΔΗΜΟΤΙΚΗ ΕΠΙΧΕΙΡΗΣΗ ΥΔΡΕΥΣΗΣ ΑΠΟΧΕΤΕΥΣΗΣ ΒΟΛΟΥ,16.12,,0841α06
ΡΨΦΡ4690ΒΩ-ΥΗΠ,2025-07-28,ΥΔΡΕΥΣΗ ΚΑΙ ΑΡΔΕΥΣΗ ΑΡΙΑΔΝΗ ΓΙΑ ΤΗΝ ΠΑΡΟΧΗ 19/2487 ΑΠΟ (01/05/2025-31/05/2025 ΑΠΟ 01/06/2025-30/06/2025),090071204,ΔΗΜΟΤΙΚΗ ΕΠΙΧΕΙΡΗΣΗ ΥΔΡΕΥΣΗΣ ΑΠΟΧΕΤΕΥΣΗΣ ΒΟΛΟΥ,480.3,,0841α05
Ρ9ΠΨ4690ΒΩ-Ψ7Ν,2025-07-28,"ΤΗΛΕΦΩΝΙΚΑ,ΤΗΛΕΓΡΑΦΙΚΑ ΓΙΑ ΝΟΣΟΚΟΜΕΙΟ ΜΕ ΠΑΡΟΧΗ 2421351000 (ΑΠΟ 01/05/2025-31/05/2025)",094019245,ΟΡΓΑΝΙΣΜΟΣ ΤΗΛΕΠΙΚΟΙΝΩΝΙΩΝ ΤΗΣ ΕΛΛΑΔΟΣ ΑΝΩΝΥΜΗ ΕΤΑΙΡΕΙΑ,1211.85,,0832α01
6Υ0Ζ4690ΒΩ-ΒΜΩ,2025-07-28,": ΤΗΛΕΦΩΝΙΚΑ,ΤΗΛΕΓΡΑΦΙΚΑ & ΤΗΛΕΤΥΠΙΚΑ ΤΕΛΗ ΓΙΑ ΤΗΝ ΠΑΡΟΧΗ 24210 76289 (ΑΠΟ 01/04/2025-31/05/2025)",094019245,ΟΡΓΑΝΙΣΜΟΣ ΤΗΛΕΠΙΚΟΙΝΩΝΙΩΝ ΤΗΣ ΕΛΛΑΔΟΣ ΑΝΩΝΥΜΗ ΕΤΑΙΡΕΙΑ,79.49,,0832α01
9ΝΚΔ4690ΒΩ-8ΚΓ,2025-07-28,"ΤΗΛΕΦΩΝΙΚΑ,ΤΗΛΕΓΡΑΦΙΚΑ & ΤΗΛΕΤΥΠΙΚΑ ΤΕΛΗ ΓΙΑ ΤΗΝ ΠΑΡΟΧΗ 24210 94202 (ΑΠΟ 01/04/2025-31/05/2025)",094019245,ΟΡΓΑΝΙΣΜΟΣ ΤΗΛΕΠΙΚΟΙΝΩΝΙΩΝ ΤΗΣ ΕΛΛΑΔΟΣ ΑΝΩΝΥΜΗ ΕΤΑΙΡΕΙΑ,34.26,,0832α01
9ΩΖΚ4690ΒΩ-ΩΣΒ,2025-07-28,"ΤΗΛΕΦΩΝΙΚΑ,ΤΗΛΕΓΡΑΦΙΚΑ & ΤΗΛΕΤΥΠΙΚΑ ΤΕΛΗ ΓΙΑ ΤΗΝ ΠΑΡΟΧΗ 24210 12244 (ΑΠΟ 01/04/2025-31/05/2025)",094019245,ΟΡΓΑΝΙΣΜΟΣ ΤΗΛΕΠΙΚΟΙΝΩΝΙΩΝ ΤΗΣ ΕΛΛΑΔΟΣ ΑΝΩΝΥΜΗ ΕΤΑΙΡΕΙΑ,153.76,,0832α01
9ΙΒΡ4690ΒΩ-Λ0Ξ,2025-07-28,"ΤΗΛΕΦΩΝΙΚΑ,ΤΗΛΕΓΡΑΦΙΚΑ & ΤΗΛΕΤΥΠΙΚΑ ΤΕΛΗ ΓΙΑ ΤΗΝ ΠΑΡΟΧΗ 24210 12713 (ΑΠΟ 16/04/2025-15/06/2025",094019245,ΟΡΓΑΝΙΣΜΟΣ ΤΗΛΕΠΙΚΟΙΝΩΝΙΩΝ ΤΗΣ ΕΛΛΑΔΟΣ ΑΝΩΝΥΜΗ ΕΤΑΙΡΕΙΑ,153.76,,0832α01
9ΟΣΧ4690ΒΩ-58Ω,2025-07-28,"ΤΗΛΕΦΩΝΙΚΑ,ΤΗΛΕΓΡΑΦΙΚΑ & ΤΗΛΕΤΥΠΙΚΑ ΤΕΛΗ ΓΙΑ ΤΗΝ ΠΑΡΟΧΗ 24210 94201 (ΑΠΟ 01/04/2025-31/05/2025)",094019245,ΟΡΓΑΝΙΣΜΟΣ ΤΗΛΕΠΙΚΟΙΝΩΝΙΩΝ ΤΗΣ ΕΛΛΑΔΟΣ ΑΝΩΝΥΜΗ ΕΤΑΙΡΕΙΑ,34.26,,0832α01
9Ζ2Κ4690ΒΩ-Σ5Δ,2025-07-28,"ΤΗΛΕΦΩΝΙΚΑ,ΤΗΛΕΓΡΑΦΙΚΑ & ΤΗΛΕΤΥΠΙΚΑ ΤΕΛΗ ΓΙΑ ΤΗΝ ΠΑΡΟΧΗ 24210 76418 (ΑΠΟ 01/04/2025-31/05/2025)",094019245,ΟΡΓΑΝΙΣΜΟΣ ΤΗΛΕΠΙΚΟΙΝΩΝΙΩΝ ΤΗΣ ΕΛΛΑΔΟΣ ΑΝΩΝΥΜΗ ΕΤΑΙΡΕΙΑ,123.79,,0832α01
928Ζ4690ΒΩ-867,2025-07-28,"ΠΡΟΜΗΘΕΙΑ ΕΙΔΩΝ ΠΑΝΤΟΠΩΛΕΙΟΥ ΧΩΡΙΣ ΣΥΜΒΑΣΗ ΜΕ ΑΠΟΦ. 689/2024 ΤΟΥΣ ΜΗΝΕΣ ΙΑΝΟΥΑΡΙΟ,ΦΕΒΡΟΥΑΡΙΟ 2025 ΣΥΜΦΩΝΑ ΜΕ ΤΙΣ ΔΙΑΤΑΞΕΙΣ ΤΟΥ Ν. 5216/2025 αρθ.44 (ΦΕΚ 118 /τ. Α'/ 07-07-2025",095508794,ΘΕΣΣΑΛΙΚΕΣ ΑΝΤΙΠΡΟΣΩΠΕΙΕΣ ΕΠΕ,732.86,,1511α01
ΨΘΙΥ4690ΒΩ-ΙΞ1,2025-07-28,": ΠΡΟΜΗΘΕΙΑ ΟΡΘΟΠΕΔΙΚΟΥ ΥΛΙΚΟΥ ΜΕ ΣΥΜΒΑΣΗ ΤΟΥΣ ΜΗΝΕΣ ΑΠΡΙΛΙΟ,ΙΟΥΝΙΟ,ΙΟΥΛΙΟ 2024 (ΣΥΜΒ.176/2023 ΧΕ 1821/2024)",094437885,ΖΙΜΜΕR ΒΙΟΜΕΤ ΕΛΛΑΣ ΜΟΝΟΠΡΟΣΩΠΗ ΑΝΩΝΥΜΗ ΕΜΠΟΡΙΚΗ ΚΑΙ ΒΙΟΜΗΧΑΝΙΚΗ ΕΤΑΙΡΕΙΑ ΙΑΤΡΙΚΩΝ ΚΑΙ ΦΑΡΜΑΚΕΥΤΙΚΩΝ ΕΙΔΩΝ,12116.3,,1313β01
9ΑΦΞ4690ΒΩ-Α7Σ,2025-07-24,ΤΑΚΤΙΚΕΣ ΑΠΟΔΟΧΕΣ - ΕΦΗΜΕΡΙΕΣ ΜΑΪΟΥ 2025  ΜΕ ΚΑΘΕΣΤΩΣ ΕΚΔΟΣΗΣ ΔΕΛΤΙΟΥ ΑΠΟΔΕΙΞΗΣ ΠΑΡΟΧΗΣ ΥΠΗΡΕΣΙΩΝ ΓΙΑ ΧΡΟΝΙΚΟ ΔΙΑΣΤΗΜΑ ΔΩΔΕΚΑ ΜΗΝΩΝ  ΜΕ ΕΝΑΡΞΗ 18-10-2014 ΚΑΙ ΛΗΞΗ 17-10-2025,061977768,"ΜΑΡΑΒΕΓΙΑΣ,,ΚΩΝΣΤΑΝΤΙΝΟΣ,ΑΡΙΣΤΟΤΕΛΗΣ",2024.13,,0413α01
ΨΕΡΜ4690ΒΩ-Σ9Η,2025-07-24,ΤΑΚΤΙΚΕΣ ΑΠΟΔΟΧΕΣ -  ΕΦΗΜΕΡΙΕΣ ΜAΪΟΥ 2025  ΜΕ ΕΚΔΟΣΗ Α.Π.Υ. ΓΙΑ ΤΗΝ ΚΑΛΥΨΗ ΕΠΙΤΑΚΤΙΚΩΝ ΑΝΑΓΚΩΝ  ΠΡΩΙΝΟΥ ΤΑΚΤΙΚΟΥ ΩΡΑΡΙΟΥ ΓΙΑ ΔΩΔΕΚΑ ΜΗΝΕΣ (17/2/2025  ΕΩΣ 16/2/2026) ΣΤΟ ΤΜΗΜΑ ΧΗΜΕΙΟΘΕΡΑΠΕΙΑ,156785626,"ΑΡΒΑΝΙΤΗ,,ΚΩΝΣΤΑΝΤΙΝΑ,ΓΕΩΡΓΙΟΣ",530.88,,0413α01
937Α4690ΒΩ-ΓΕ7,2025-07-23,"ΥΠΗΡΕΣΙΕΣ ΜΕΤΑΦΟΡΑΣ & ΕΚΦΟΡΤΩΣΗΣ ΜΗ ΑΝΑΚΥΚΛΩΣΙΜΟΥ ΑΡΧΕΙΟΥ ΠΡΟΣ ΑΠΟΡΡΙΨΗ, ΜΗΝΟΣ ΔΕΚΕΜΒΡΙΟΥ 2024, ΧΩΡΙΣ ΣΥΜΒΑΣΗ, ΜΕ ΑΠΟΦΑΣΗ ΔΙΟΙΚΗΤΗ 549/24 , ΠΣΥΜΦΩΝΑ ΜΕ ΤΙΣ ΔΙΑΤΑΞΕΙΣ ΤΟΥ Ν.5216/2025 αρθ.44 (ΦΕΚ 118/ τ.Α΄/07/07/2025)",067819507,"ΓΑΚΗΣ,,ΑΘΑΝΑΣΙΟΣ,ΦΙΛΙΠΠΟΣ",1364.0,,0829β01
Ρ7ΕΝ4690ΒΩ-ΟΨ1,2025-07-23,: ΠΡΟΜΗΘΕΙΑ ΦΑΡΜΑΚΕΥΤΙΚΟΥ ΥΛΙΚΟΥ ΝΟΣΟΚΟΜΕΙΟΥ ΓΙΑ ΤΟ ΜΗΝΑ ΑΥΓΟΥΣΤΟ 2023 (ΓΔΟΥ/οικ.59434/31-7-2018) ΠΡΟΣΘΕΤΟ REBATE Β' ΕΞΑΜΗΝΟΥ 2023 THΣ ΠΑΡ.3 TOY AΡΘΡΟ 35 TOY N. 3918/2011) ΚΑΙ  ΣΥΜΦΩΝΑ ΜΕ ΤΙΣ ΔΙΑΤΑΞΕΙΣ ΤΟΥ Ν.5216/2025 αρθ.44  (ΦΕΚ 118/ τ.Α΄/07/07/2025),094043896,MERCK SHARP ΚΑΙ  DOHME ΦΑΡΜΑΚΕΥΤΙΚΗ ΕΜΠΟΡΙΚΗ ΜΟΝΟΠΡΟΣΩΠΗ ΑΝΩΝΥΜΗ ΕΤΑΙΡΙΑ,63880.19,,1312β01
91104690ΒΩ-Κ3Α,2025-07-23,ΠΡΟΜΗΘΕΙΑ ΦΑΡΜΑΚΕΥΤΙΚΟΥ ΥΛΙΚΟΥ ΝΟΣΟΚΟΜΕΙΟΥ ΓΙΑ ΤΟΥΣ ΜΗΝΑ ΙΟΥΛΙΟ 2023 (ΓΔΟΥ/οικ.59434/31-7-2018) ΠΡΟΣΘΕΤΟ CLAW BACK Β΄ ΕΞΑΜΗΝΟΥ 2023 ΣΥΜΦΩΝΑ ΜΕ ΤΟ ΥΠ΄ΑΡΙΘΜ. Β1β/Γ.Π./οικ. 50231/2017 (ΦΕΚ 2255/Β/2017) ΚΑΙ  ΣΥΜΦΩΝΑ ΜΕ ΤΙΣ ΔΙΑΤΑΞΕΙΣ ΤΟΥ Ν.5216/2025 αρθ.44  (ΦΕΚ 118/ τ.Α΄/07/07/2025),094043896,MERCK SHARP ΚΑΙ  DOHME ΦΑΡΜΑΚΕΥΤΙΚΗ ΕΜΠΟΡΙΚΗ ΜΟΝΟΠΡΟΣΩΠΗ ΑΝΩΝΥΜΗ ΕΤΑΙΡΙΑ,188710.83,,1312β01
Ρ1ΥΥ4690ΒΩ-ΓΔΖ,2025-07-23,ΠΡΟΜΗΘΕΙΑ ΥΓΕΙΟΝΟΜΙΚΟΥ ΥΛΙΚΟΥ (ΙΑΤΡΙΚΑ ΔΙΑΛΥΜΑΤΑ) ΜΕ ΣΥΜΒΑΣΗ (ΧΕ 2453/2023 ΣΥΜΒ. 371/2022) ΓΙΑ ΤΟΥΣ ΜΗΝΕΣ ΣΕΠΤΕΜΒΡΙΟ 2024 ΟΚΤΩΒΡΙΟΣ 2024 ΝΟΕΜΒΡΙΟ 2024 ΔΕΚΕΜΒΡΙΟ 2024,800530387,MEDICAL MPARKA ΜΟΝΟΠΡΟΣΩΠΗ Ι Κ Ε,22699.05,,1311β01
ΨΧΡ04690ΒΩ-Ω2Ρ,2025-07-21,"ΠΡΟΜΗΘΕΙΑ ΕΙΔΩΝ ΜΑΝΑΒΙΚΗΣ ΜΕ ΣΥΜΒΑΣΗ ΤΟΥΣ ΜΗΝΕΣ ΔΕΚΕΜΒΡΙΟ 2024 ,ΙΑΝΟΥΑΡΙΟ 2025 (ΣΥΜΒ. 559/2024 ΧΕ 306/2025 ) ΣΥΜΦΩΝΑ ΜΕ ΤΙΣ ΔΙΑΤΑΞΕΙΣ ΤΟΥ Ν. 5216/2025 αρθ.44 (ΦΕΚ 118 /τ. Α'/ 07-07-2025 )",997897380,Δ ΑΓΡΑΦΙΩΤΗΣ ΚΑΙ ΣΙΑ ΕΕ,1579.02,,1511α01
ΨΧΡ04690ΒΩ-Ω2Ρ,2025-07-21,"ΠΡΟΜΗΘΕΙΑ ΕΙΔΩΝ ΜΑΝΑΒΙΚΗΣ ΜΕ ΣΥΜΒΑΣΗ ΤΟΥΣ ΜΗΝΕΣ ΔΕΚΕΜΒΡΙΟ 2024 ,ΙΑΝΟΥΑΡΙΟ 2025 (ΣΥΜΒ. 559/2024 ΧΕ 306/2025 ) ΣΥΜΦΩΝΑ ΜΕ ΤΙΣ ΔΙΑΤΑΞΕΙΣ ΤΟΥ Ν. 5216/2025 αρθ.44 (ΦΕΚ 118 /τ. Α'/ 07-07-2025 )",997897380,Δ ΑΓΡΑΦΙΩΤΗΣ ΚΑΙ ΣΙΑ ΕΕ,4840.22,,1511β01
6ΓΣ64690ΒΩ-ΙΤΟ,2025-07-21,ΠΡΟΜΗΘΕΙΑ ΝΩΠΩΝ ΠΟΥΛΕΡΙΚΩΝ ΜΕ ΣΥΜΒΑΣΗ ΤΟΝ ΜΗΝΑ ΔΕΚΕΜΒΡΙΟ 2024 (ΣΥΜΒ. 560/2024  ΧΕ 1218/2025) ΣΥΜΦΩΝΑ ΜΕ ΤΙΣ ΔΙΑΤΑΞΕΙΣ ΤΟΥ Ν. 5216/2025 αρθ.44 (ΦΕΚ 118 /τ. Α'/ 07-07-2025,081932139,ΑΜΒΡΟΣΙΑΔΗΣ ΠΑΡΑΓΩΓΗ ΚΑΙ ΕΜΠΟΡΙΑ ΠΤΗΝΟΤΡΟΦΙΚΩΝ ΖΩΙΚΩΝ ΠΡΟΙΟΝΤΩΝ ΑΝΩΝΥΜΗ ΒΙΟΜΗΧΑΝΙΚΗ ΕΜΠΟΡΙΚΗ ΕΤΑΙΡΙΑ,5023.17,,1511β01
6ΧΙΧ4690ΒΩ-1ΝΝ,2025-07-21,ΠΡΟΜΗΘΕΙΑ ΠΑΝΤΟΠΩΛΕΙΟΥ ΜΕ ΣΥΜΒΑΣΗ ΤΟΝ ΜΗΝΑ ΔΕΚΕΜΒΡΙΟ 2024 (ΣΥΜΒ.563/2024 ΧΕ3227/2024) ΣΥΜΦΩΝΑ ΜΕ ΤΙΣ ΔΙΑΤΑΞΕΙΣ ΤΟΥ Ν. 5216/2025 αρθ.44 (ΦΕΚ 118 /τ. Α'/ 07-07-2025),067802931,"ΣΑΜΑΡΑ,,ΣΟΦΙΑ,ΕΛΕΥΘΕΡΙΟΣ",1063.0,,1511α01
6ΜΜ94690ΒΩ-Υ1Ξ,2025-07-21,": ΠΡΟΜΗΘΕΙΑ ΝΩΠΩΝ ΠΟΥΛΕΡΙΚΩΝ ΜΕ ΣΥΜΒΑΣΗ ΤΟΥΣ ΜΗΝΕΣ ΙΑΝΟΥΑΡΙΟ,ΦΕΒΡΟΥΑΡΙΟ 2025 (ΣΥΜΒ.736/2024) ΣΥΜΦΩΝΑ ΜΕ ΤΙΣ ΔΙΑΤΑΞΕΙΣ ΤΟΥ Ν. 5216/2025 αρθ.44 (ΦΕΚ 118 /τ. Α'/ 07-07-2025",081932139,ΑΜΒΡΟΣΙΑΔΗΣ ΠΑΡΑΓΩΓΗ ΚΑΙ ΕΜΠΟΡΙΑ ΠΤΗΝΟΤΡΟΦΙΚΩΝ ΖΩΙΚΩΝ ΠΡΟΙΟΝΤΩΝ ΑΝΩΝΥΜΗ ΒΙΟΜΗΧΑΝΙΚΗ ΕΜΠΟΡΙΚΗ ΕΤΑΙΡΙΑ,9847.8,,1511α01
6ΜΜ94690ΒΩ-Υ1Ξ,2025-07-21,": ΠΡΟΜΗΘΕΙΑ ΝΩΠΩΝ ΠΟΥΛΕΡΙΚΩΝ ΜΕ ΣΥΜΒΑΣΗ ΤΟΥΣ ΜΗΝΕΣ ΙΑΝΟΥΑΡΙΟ,ΦΕΒΡΟΥΑΡΙΟ 2025 (ΣΥΜΒ.736/2024) ΣΥΜΦΩΝΑ ΜΕ ΤΙΣ ΔΙΑΤΑΞΕΙΣ ΤΟΥ Ν. 5216/2025 αρθ.44 (ΦΕΚ 118 /τ. Α'/ 07-07-2025",081932139,ΑΜΒΡΟΣΙΑΔΗΣ ΠΑΡΑΓΩΓΗ ΚΑΙ ΕΜΠΟΡΙΑ ΠΤΗΝΟΤΡΟΦΙΚΩΝ ΖΩΙΚΩΝ ΠΡΟΙΟΝΤΩΝ ΑΝΩΝΥΜΗ ΒΙΟΜΗΧΑΝΙΚΗ ΕΜΠΟΡΙΚΗ ΕΤΑΙΡΙΑ,2560.57,,1511β01
ΨΤΨ04690ΒΩ-ΧΞΞ,2025-07-21,": ΠΡΟΜΗΘΕΙΑ ΕΙΔΩΝ ΠΑΝΤΟΠΩΛΕΙΟΥ ΧΩΡΙΣ ΣΥΜΒΑΣΗ ΤΟΥΣ ΜΗΕΝΣ ΝΟΕΜΒΡΙΟ,ΔΕΚΕΜΒΡΙΟ 2024,ΙΑΝΟΥΑΡΙΟ,ΦΕΒΡΟΥΑΡΙΟ,ΜΑΡΤΙΟ,ΑΠΡΙΛΙΟ 2025 ΜΕ ΑΠΟΦ. 557/2024,171/2025 ΣΥΜΦΩΝΑ ΜΕ ΤΙΣ ΔΙΑΤΑΞΕΙΣ ΤΟΥ Ν. 5216/2025 αρθ.44 (ΦΕΚ 118 /τ. Α'/ 07-07-2025",997565624,ΑΙΓΑΙΟΝ ΓΕΝΙΚΗ ΠΡΟΜΗΘΕΥΤΙΚΗ ΤΡΟΦΙΜΩΝ ΕΠΕ,1516.92,,1511α01
ΨΤΨ04690ΒΩ-ΧΞΞ,2025-07-21,": ΠΡΟΜΗΘΕΙΑ ΕΙΔΩΝ ΠΑΝΤΟΠΩΛΕΙΟΥ ΧΩΡΙΣ ΣΥΜΒΑΣΗ ΤΟΥΣ ΜΗΕΝΣ ΝΟΕΜΒΡΙΟ,ΔΕΚΕΜΒΡΙΟ 2024,ΙΑΝΟΥΑΡΙΟ,ΦΕΒΡΟΥΑΡΙΟ,ΜΑΡΤΙΟ,ΑΠΡΙΛΙΟ 2025 ΜΕ ΑΠΟΦ. 557/2024,171/2025 ΣΥΜΦΩΝΑ ΜΕ ΤΙΣ ΔΙΑΤΑΞΕΙΣ ΤΟΥ Ν. 5216/2025 αρθ.44 (ΦΕΚ 118 /τ. Α'/ 07-07-2025",997565624,ΑΙΓΑΙΟΝ ΓΕΝΙΚΗ ΠΡΟΜΗΘΕΥΤΙΚΗ ΤΡΟΦΙΜΩΝ ΕΠΕ,1454.05,,1511β01
6Δ5Ω4690ΒΩ-ΞΜΚ,2025-07-21,: ΠΡΟΜΗΘΕΙΑ ΕΙΔΩΝ ΠΑΝΤΟΠΩΛΕΙΟΥ ΜΕ ΣΥΜΒΑΣΗ ΤΟΝ ΜΗΝΑ ΟΚΤΩΒΡΙΟ 2024 (ΣΥΜΒ.562/2024 ΧΕ 3226/2024) ΣΥΜΦΩΝΑ ΜΕ ΤΙΣ ΔΙΑΤΑΞΕΙΣ ΤΟΥ Ν. 5216/2025 αρθ.44 (ΦΕΚ 118 /τ. Α'/ 07-07-2025,095508794,ΘΕΣΣΑΛΙΚΕΣ ΑΝΤΙΠΡΟΣΩΠΕΙΕΣ ΕΠΕ,1587.88,,1511α01
6Δ5Ω4690ΒΩ-ΞΜΚ,2025-07-21,: ΠΡΟΜΗΘΕΙΑ ΕΙΔΩΝ ΠΑΝΤΟΠΩΛΕΙΟΥ ΜΕ ΣΥΜΒΑΣΗ ΤΟΝ ΜΗΝΑ ΟΚΤΩΒΡΙΟ 2024 (ΣΥΜΒ.562/2024 ΧΕ 3226/2024) ΣΥΜΦΩΝΑ ΜΕ ΤΙΣ ΔΙΑΤΑΞΕΙΣ ΤΟΥ Ν. 5216/2025 αρθ.44 (ΦΕΚ 118 /τ. Α'/ 07-07-2025,095508794,ΘΕΣΣΑΛΙΚΕΣ ΑΝΤΙΠΡΟΣΩΠΕΙΕΣ ΕΠΕ,2410.49,,1511β01
ΨΙΞΚ4690ΒΩ-Μ6Β,2025-07-21,"ΠΡΟΠΜΗΘΕΙΑ ΕΙΔΩΝ ΠΑΝΤΟΠΩΛΕΙΟΥ ΧΩΡΙΣ ΣΥΜΒΑΣΗ ΜΕ ΑΠΟΦ.689/2024 ΤΟΥΣ ΜΗΝΕΣ ΙΑΝΟΥΑΡΙΟ,ΦΕΒΡΟΥΑΡΙΟ 2025 ΣΥΜΦΩΝΑ ΜΕ ΤΙΣ ΔΙΑΤΑΞΕΙΣ ΤΟΥ Ν. 5216/2025 αρθ.44 (ΦΕΚ 118 /τ. Α'/ 07-07-2025",067802931,"ΣΑΜΑΡΑ,,ΣΟΦΙΑ,ΕΛΕΥΘΕΡΙΟΣ",2744.9,,1511α01
94824690ΒΩ-ΕΥΞ,2025-07-21,ΠΡΟΜΗΘΕΙΑ ΓΙΑΟΥΡΤΙΟΥ ΜΕ ΣΥΜΒΑΣΗ ΤΟΝ ΜΗΝΑ ΑΠΡΙΛΙΟ 2025 (ΣΥΜΒ.79/2025) ΣΥΜΦΩΝΑ ΜΕ ΤΙΣ ΔΙΑΤΑΞΕΙΣ ΤΟΥ Ν. 5216/2025 αρθ.44 (ΦΕΚ 118 /τ. Α'/ 07-07-2025,096000124,ΑΓΡΟΤΙΚΟΣ ΣΥΝΕΤΑΙΡΙΣΜΟΣ ΒΟΛΟΥ,1113.82,,1511α01
ΨΝΥΠ4690ΒΩ-ΘΛ8,2025-07-21,"ΠΡΟΜΗΘΕΙΑ ΕΙΔΩΝ ΠΑΝΤΟΠΩΛΕΙΟΥ ΜΕ ΣΥΜΒΑΣΗ ΤΟΥΣ ΜΗΝΕΣ ΔΕΚΕΜΒΡΙΟ 2024 , ΙΑΝΟΥΑΡΙΟ,ΦΕΒΡΟΥΑΡΙΟ,ΜΑΡΤΙΟ,ΑΠΡΙΛΙΟ 2025 (ΣΥΜΒ. 735/2024) ΣΥΜΦΩΝΑ ΜΕ ΤΙΣ ΔΙΑΤΑΞΕΙΣ ΤΟΥ Ν. 5216/2025 αρθ.44 (ΦΕΚ 118 /τ. Α'/ 07-07-2025",997565624,ΑΙΓΑΙΟΝ ΓΕΝΙΚΗ ΠΡΟΜΗΘΕΥΤΙΚΗ ΤΡΟΦΙΜΩΝ ΕΠΕ,13802.14,,1511α01
ΨΝΥΠ4690ΒΩ-ΘΛ8,2025-07-21,"ΠΡΟΜΗΘΕΙΑ ΕΙΔΩΝ ΠΑΝΤΟΠΩΛΕΙΟΥ ΜΕ ΣΥΜΒΑΣΗ ΤΟΥΣ ΜΗΝΕΣ ΔΕΚΕΜΒΡΙΟ 2024 , ΙΑΝΟΥΑΡΙΟ,ΦΕΒΡΟΥΑΡΙΟ,ΜΑΡΤΙΟ,ΑΠΡΙΛΙΟ 2025 (ΣΥΜΒ. 735/2024) ΣΥΜΦΩΝΑ ΜΕ ΤΙΣ ΔΙΑΤΑΞΕΙΣ ΤΟΥ Ν. 5216/2025 αρθ.44 (ΦΕΚ 118 /τ. Α'/ 07-07-2025",997565624,ΑΙΓΑΙΟΝ ΓΕΝΙΚΗ ΠΡΟΜΗΘΕΥΤΙΚΗ ΤΡΟΦΙΜΩΝ ΕΠΕ,2422.7,,1511β01
606Γ4690ΒΩ-ΚΓΘ,2025-07-21,"ΠΡΟΜΗΘΕΙΑ ΓΑΛΑΚΤΟΣ ΜΕ ΣΥΜΒΑΣΗ ΤΟΥΣ ΜΗΝΕΣ ΙΑΝΟΥΑΡΙΟ,ΜΑΡΤΙΟ,ΑΠΡΙΛΙΟ 2025 (ΣΥΜΒ.734/2024) ΣΥΜΦΩΝΑ ΜΕ ΤΙΣ ΔΙΑΤΑΞΕΙΣ ΤΟΥ Ν. 5216/2025 αρθ.44 (ΦΕΚ 118 /τ. Α'/ 07-07-2025",096000124,ΑΓΡΟΤΙΚΟΣ ΣΥΝΕΤΑΙΡΙΣΜΟΣ ΒΟΛΟΥ,3873.19,,1511α01
ΨΒ894690ΒΩ-ΩΩΑ,2025-07-21,ΠΡΟΜΗΘΕΙΑ ΓΙΑΟΥΡΤΙΟΥ- ΓΑΛΑΚΤΟΣ ΜΕ ΣΥΜΒΑΣΗ ΤΟΝ ΜΗΝΑ ΙΑΝΟΥΑΡΙΟ 2025 (ΣΥΜΒ.561/2024)ΣΥΜΦΩΝΑ ΜΕ ΤΙΣ ΔΙΑΤΑΞΕΙΣ ΤΟΥ Ν. 5216/2025 αρθ.44 (ΦΕΚ 118 /τ. Α'/ 07-07-2025,096000124,ΑΓΡΟΤΙΚΟΣ ΣΥΝΕΤΑΙΡΙΣΜΟΣ ΒΟΛΟΥ,515.28,,1511α01
ΨΒ894690ΒΩ-ΩΩΑ,2025-07-21,ΠΡΟΜΗΘΕΙΑ ΓΙΑΟΥΡΤΙΟΥ- ΓΑΛΑΚΤΟΣ ΜΕ ΣΥΜΒΑΣΗ ΤΟΝ ΜΗΝΑ ΙΑΝΟΥΑΡΙΟ 2025 (ΣΥΜΒ.561/2024)ΣΥΜΦΩΝΑ ΜΕ ΤΙΣ ΔΙΑΤΑΞΕΙΣ ΤΟΥ Ν. 5216/2025 αρθ.44 (ΦΕΚ 118 /τ. Α'/ 07-07-2025,096000124,ΑΓΡΟΤΙΚΟΣ ΣΥΝΕΤΑΙΡΙΣΜΟΣ ΒΟΛΟΥ,4217.89,,1511β01
ΨΗΤ54690ΒΩ-ΘΥΣ,2025-07-21,ΠΡΟΜΗΘΕΙΑ ΕΛΑΙΟΛΑΔΟΥ ΜΕ ΣΥΜΒΑΣΗ ΤΟΝ ΜΗΝΑ ΜΑΡΤΙΟ 2025 (ΣΥΜΒ.82/2025) ΣΥΜΦΩΝΑ ΜΕ ΤΙΣ ΔΙΑΤΑΞΕΙΣ ΤΟΥ Ν. 5216/2025 αρθ.44 (ΦΕΚ 118 /τ. Α'/ 07-07-2025,094355230,ΑΦΟΙ Η ΦΟΥΦΑ ΑΕ,5090.65,,1511α01
ΨΑΚΘ4690ΒΩ-8ΤΡ,2025-07-21,"ΠΡΟΜΗΘΕΙΑ ΕΙΔΩΝ ΠΑΝΤΟΠΩΛΕΙΟΥ ΜΕ ΣΥΜΒΑΣΗ ΤΟΥΣ ΜΗΕΝΣ ΦΕΒΡΟΥΑΡΙΟ,ΜΑΡΤΙΟ,ΑΠΡΙΛΙΟ 2025 (ΣΥΜΒ.81/2025) ΣΥΜΦΩΝΑ ΜΕ ΤΙΣ ΔΙΑΤΑΞΕΙΣ ΤΟΥ Ν. 5216/2025 αρθ.44 (ΦΕΚ 118 /τ. Α'/ 07-07-2025",067802931,"ΣΑΜΑΡΑ,,ΣΟΦΙΑ,ΕΛΕΥΘΕΡΙΟΣ",3402.2,,1511α01
6ΜΨ14690ΒΩ-Υ6Σ,2025-07-21,"ΠΡΟΜΗΘΕΙΑ ΕΙΔΩΝ ΠΑΝΤΟΠΩΛΕΙΟΥ ΜΕ ΣΥΜΒΑΣΗ ΤΟΥΣ ΜΗΕΝΣ ΦΕΒΡΟΥΑΡΙΟ,ΜΑΡΤΙΟ,ΑΠΡΙΛΙΟ 2025 (ΣΥΜΒ.80/2025) ΣΥΜΦΩΝΑ ΜΕ ΤΙΣ ΔΙΑΤΑΞΕΙΣ ΤΟΥ Ν. 5216/2025 αρθ.44 (ΦΕΚ 118 /τ. Α'/ 07-07-2025",801738031,KARAKOUTAS FOODTRADE  Ι Κ Ε,5346.65,,1511α01
ΨΩ904690ΒΩ-Ψ39,2025-07-21,"ΠΡΟΜΗΘΕΙΑ ΔΟΜΙΚΩΝ ΥΛΙΚΩΝ ΜΕ ΣΥΜΒΑΣΗ ΤΟΥΣ ΜΗΝΕΣ ΦΕΒΡΟΥΑΡΙΟ,ΜΑΡΤΙΟ,ΑΠΡΙΛΙΟ,ΜΑΪΟ 2025 (ΣΥΜΒ. 733/2023 ΧΕ 1002/2024)",082903781,ΥΙΟΙ ΕΥΘ ΣΥΡΒΑΝΙΔΗ ΟΕ,2434.08,,1429α01
ΨΖΓΦ4690ΒΩ-Ι5Σ,2025-07-21,: ΠΡΟΜΗΘΕΙΑ ΕΙΔΩΝ ΣΥΗΡΗΣΗΣ ΛΟΙΠΩΝ ΜΟΝΙΜΩΝ ΕΓΚΑΤΑΣΤΑΣΕΩΝ ΜΕ ΣΥΜΒΑΣΗ ΤΟΝ ΜΗΝΑ ΔΕΚΕΜΒΡΙΟ 2024 (ΣΥΜΒ.656/2024) ΣΥΜΦΩΝΑ ΜΕ ΤΙΣ ΔΙΑΤΑΞΕΙΣ ΤΟΥ Ν. 5216/2025 αρθ.44 (ΦΕΚ 118 /τ. Α'/ 07-07-2025,082903781,ΥΙΟΙ ΕΥΘ ΣΥΡΒΑΝΙΔΗ ΟΕ,6479.0,,1429β01
6ΣΓΙ4690ΒΩ-5ΓΠ,2025-07-21,": ΠΡΟΜΗΘΕΙΑ ΔΟΜΙΚΩΝ ΥΛΙΚΩΝ ΜΕ ΣΥΜΒΑΣΗ ΤΟΥΣ ΜΗΝΕΣ ΔΕΚΕΜΒΡΙΟ 2024 , ΦΕΒΡΟΥΑΡΙΟ,ΜΑΡΤΙΟ,ΜΑΪΟ 2025 (ΣΥΜΒ. 734/2023 ΧΕ 1006/2024",043422663,"ΜΟΚΚΑΣ,,ΒΛΑΣΙΟΣ,ΝΙΚΟΛΑΟΣ",3352.92,,1429α01
6ΣΓΙ4690ΒΩ-5ΓΠ,2025-07-21,": ΠΡΟΜΗΘΕΙΑ ΔΟΜΙΚΩΝ ΥΛΙΚΩΝ ΜΕ ΣΥΜΒΑΣΗ ΤΟΥΣ ΜΗΝΕΣ ΔΕΚΕΜΒΡΙΟ 2024 , ΦΕΒΡΟΥΑΡΙΟ,ΜΑΡΤΙΟ,ΜΑΪΟ 2025 (ΣΥΜΒ. 734/2023 ΧΕ 1006/2024",043422663,"ΜΟΚΚΑΣ,,ΒΛΑΣΙΟΣ,ΝΙΚΟΛΑΟΣ",790.31,,1429β01
9Ξ434690ΒΩ-ΜΟΑ,2025-07-18,ΠΡΟΜΗΘΕΙΑ ΓΡΑΦΙΚΗ ΥΛΗ (ΜΕΛΑΝΙ) ΝΟΣΟΚΟΜΕΙΟΥ ΜΕ ΣΥΜΒΑΣΗ ( ΧΕ 1404/2025 ΣΥΜ.309/2024) ΓΙΑ ΤΟΝ ΜΗΝΑ ΜΑΙΟ  2025  ΣΥΜΦΩΝΑ ΜΕ ΤΙΣ ΔΙΑΤΑΞΕΙΣ ΤΟΥ Ν.5216/2025 αρθ.44  (ΦΕΚ 118/ τ.Α΄/07/07/2025),095387617,COMPULAND ΣΥΣΤΗΜΑΤΑ ΠΛΗΡΟΦΟΡΙΚΗΣ ΚΑΙ ΤΗΛΕΠΙΚΟΙΝΩΝΙΩΝ ΙΔΙΩΤΙΚΗ ΕΠΙΧΕΙΡΗΣΗ ΠΑΡΟΧΗΣ ΥΠΗΡΕΣΙΩΝ ΑΣΦΑΛΕΙΑΣ ΑΝΩΝΥΜΗ ΕΤΑΙΡΕΙΑ,1431.33,,1281β01
ΡΠΚΠ4690ΒΩ-ΩΝΣ,2025-07-18,ΠΡΟΜΗΘΕΙΑ ΓΡΑΦΙΚΗ ΥΛΗ (ΜΕΛΑΝΙΑ) ΚΨΥ ΜΕ ΣΥΜΒΑΣΗ ( ΧΕ 1428/2025 ΣΥΜ.70/2025) ΓΙΑ ΤΟΝ ΜΗΝΑ ΜΑΡΤΙΟ  2025  ΣΥΜΦΩΝΑ ΜΕ ΤΙΣ ΔΙΑΤΑΞΕΙΣ ΤΟΥ Ν.5216/2025 αρθ.44  (ΦΕΚ 118/ τ.Α΄/07/07/20,095387617,COMPULAND ΣΥΣΤΗΜΑΤΑ ΠΛΗΡΟΦΟΡΙΚΗΣ ΚΑΙ ΤΗΛΕΠΙΚΟΙΝΩΝΙΩΝ ΙΔΙΩΤΙΚΗ ΕΠΙΧΕΙΡΗΣΗ ΠΑΡΟΧΗΣ ΥΠΗΡΕΣΙΩΝ ΑΣΦΑΛΕΙΑΣ ΑΝΩΝΥΜΗ ΕΤΑΙΡΕΙΑ,110.36,,1281β09
Ρ0Ω84690ΒΩ-ΟΨ4,2025-07-18,: ΠΡΟΜΗΘΕΙΑ ΓΡΑΦΙΚΗΣ ΥΛΗΣ  (ΜΕΛΑΝΙΑ) ΝΟΣΟΚΟΜΕΙΟΥ ΜΕ ΣΥΜΒΑΣΗ (  ΣΥΜ.70/2025) ΓΙΑ ΤΟΥΣ ΜΗΝΑ ΦΕΒΡΟΥΑΡΙΟ 2025 ΣΥΜΦΩΝΑ ΜΕ ΤΙΣ ΔΙΑΤΑΞΕΙΣ ΤΟΥ Ν.5216/2025 αρθ.44  (ΦΕΚ 118/ τ.Α΄/07/07/2025) ΔΙΚΑΙΟΛΟΓΗΤΙΚΑ : ΠΑΡΑΣΤΑΤΙΚΑ :90,095387617,COMPULAND ΣΥΣΤΗΜΑΤΑ ΠΛΗΡΟΦΟΡΙΚΗΣ ΚΑΙ ΤΗΛΕΠΙΚΟΙΝΩΝΙΩΝ ΙΔΙΩΤΙΚΗ ΕΠΙΧΕΙΡΗΣΗ ΠΑΡΟΧΗΣ ΥΠΗΡΕΣΙΩΝ ΑΣΦΑΛΕΙΑΣ ΑΝΩΝΥΜΗ ΕΤΑΙΡΕΙΑ,3794.4,,1281β01
ΨΡ324690ΒΩ-ΡΞ8,2025-07-18,"ΠΡΟΜΗΘΕΙΑ ΜΕΛΑΝΙΩΝ ΜΕ ΣΥΜΒΑΣΗ ΤΟΥΣ ΜΗΝΕΣ ΑΠΡΙΛΙΟ,ΜΑΪΟ,ΙΟΥΝΙΟ 2024 (ΣΥΜΒ.97/2024) ΣΥΜΦΩΝΑ ΜΕ ΤΙΣ ΔΙΑΤΑΞΕΙΣ ΤΟΥ Ν. 5161/2024 αρθ.14 (ΦΕΚ 196/τ. Α΄/29-11-2024",997776974,EUROSUPPLIES ΙΚΕ,3066.55,,1281β01
ΨΜ6Λ4690ΒΩ-Α5Χ,2025-07-18,"ΑΠΟΚΑΤΑΣΤΑΣΗ ΤΗΣ ΜΟΝΩΣΗΣ ΣΤΟ ΣΤΗΘΑΙΟ ΤΗΣ ΤΑΡΑΤΣΑΣ, ΔΙΕΚ ΑΓΡΙΑΣ, ΜΗΝΟΣ ΔΕΚΕΜΒΡΙΟΥ 2024, ΧΩΡΙΣ ΣΥΜΒΑΣΗ, ΜΕ ΑΠΟΦΑΣΗ ΔΙΟΙΚΗΤΗ 575/2024, ΣΥΜΦΩΝΑ ΜΕ ΤΙΣ ΔΙΑΤΑΞΕΙΣ ΤΟΥ Ν.5216/2025 αρθ.44  (ΦΕΚ 118/ τ.Α΄/07/07/2025)",800672980,ΧΑΛΑΣΤΑΡΑΣ ΙΔΙΩΤΙΚΗ ΚΕΦΑΛΑΙΟΥΧΙΚΗ ΕΤΑΙΡΙΑ,1364.0,,0879β08
65ΕΣ4690ΒΩ-ΔΔΟ,2025-07-18,"ΠΡΟΜΗΘΕΙΑ ΜΕΛΑΝΙΩΝ ΜΕ ΣΥΜΒΑΣΗ ΤΟΥΣ ΜΗΝΕΣ ΙΟΥΝΙΟ,ΑΥΓΟΥΣΟ,ΣΕΠΤΕΜΒΡΙΟ 2024 (ΣΥΜΒ. 309/2024) ΣΥΜΦΩΝΑ ΜΕ ΤΙΣ ΔΙΑΤΑΞΕΙΣ ΤΟΥ Ν. 5161/2024 αρθ.14 (ΦΕΚ 196/τ. Α΄/29-11-2024",095387617,COMPULAND ΣΥΣΤΗΜΑΤΑ ΠΛΗΡΟΦΟΡΙΚΗΣ ΚΑΙ ΤΗΛΕΠΙΚΟΙΝΩΝΙΩΝ ΙΔΙΩΤΙΚΗ ΕΠΙΧΕΙΡΗΣΗ ΠΑΡΟΧΗΣ ΥΠΗΡΕΣΙΩΝ ΑΣΦΑΛΕΙΑΣ ΑΝΩΝΥΜΗ ΕΤΑΙΡΕΙΑ,5662.89,,1281β01
6ΔΞΚ4690ΒΩ-ΗΩΝ,2025-07-18,"ΠΡΟΜΗΘΕΙΑ ΤΟΝΕΡ, ΜΗΝΩΝ ΦΕΒΡΟΥΑΡΙΟΥ & ΜΑΪΟΥ 2025, ΧΩΡΙΣ ΣΥΜΒΑΣΗ, ΜΕ ΑΠΟΦΑΣΗ ΔΙΟΙΚΗΤΗ 92/2025 & ΑΠΟΦΑΣΗ ΔΣ 7/22-5-25 Θ.17, ΣΥΜΦΩΝΑ ΜΕ ΤΙΣ ΔΙΑΤΑΞΕΙΣ ΤΟΥ Ν.5216/2025 αρθ.44 (ΦΕΚ 118/ τ.Α΄/07/07/2025)",095387617,COMPULAND ΣΥΣΤΗΜΑΤΑ ΠΛΗΡΟΦΟΡΙΚΗΣ ΚΑΙ ΤΗΛΕΠΙΚΟΙΝΩΝΙΩΝ ΙΔΙΩΤΙΚΗ ΕΠΙΧΕΙΡΗΣΗ ΠΑΡΟΧΗΣ ΥΠΗΡΕΣΙΩΝ ΑΣΦΑΛΕΙΑΣ ΑΝΩΝΥΜΗ ΕΤΑΙΡΕΙΑ,3459.6,,1281α01
ΨΔΣΧ4690ΒΩ-ΗΞΚ,2025-07-18,"ΠΡΟΜΗΘΕΙΑ Η/Υ , ΜΗΝΟΣ ΣΕΠΤΕΜΒΡΙΟΥ 2024, ΧΩΡΙΣ ΣΥΜΒΑΣΗ, ΜΕ ΑΠΟΦΑΣΗ ΔΣ 31/11-7-24 Θ.4, ΣΥΜΦΩΝΑ ΜΕ ΤΙΣ ΔΙΑΤΑΞΕΙΣ ΤΟΥ Ν.5216/2025 αρθ.44 (ΦΕΚ 118/ τ.Α΄/07/07/2025)",095387617,COMPULAND ΣΥΣΤΗΜΑΤΑ ΠΛΗΡΟΦΟΡΙΚΗΣ ΚΑΙ ΤΗΛΕΠΙΚΟΙΝΩΝΙΩΝ ΙΔΙΩΤΙΚΗ ΕΠΙΧΕΙΡΗΣΗ ΠΑΡΟΧΗΣ ΥΠΗΡΕΣΙΩΝ ΑΣΦΑΛΕΙΑΣ ΑΝΩΝΥΜΗ ΕΤΑΙΡΕΙΑ,164.3,,7123β05
6ΑΗΧ4690ΒΩ-ΩΞΒ,2025-07-18,"ΠΡΟΜΗΘΕΙΑ Η/Υ , ΜΗΝΟΣ ΣΕΠΤΕΒΡΙΟΥ 2024, ΧΩΡΙΣ ΣΥΜΒΑΣΗ, ΜΕ ΑΠΟΦΑΣΗ ΔΣ 31/11-7-24 Θ.4 ΚΨΥ ΣΥΜΦΩΝΑ ΜΕ ΤΙΣ ΔΙΑΤΑΞΕΙΣ ΤΟΥ Ν.5216/2025 αρθ.44 (ΦΕΚ 118/ τ.Α΄/07/07/2025)",095387617,COMPULAND ΣΥΣΤΗΜΑΤΑ ΠΛΗΡΟΦΟΡΙΚΗΣ ΚΑΙ ΤΗΛΕΠΙΚΟΙΝΩΝΙΩΝ ΙΔΙΩΤΙΚΗ ΕΠΙΧΕΙΡΗΣΗ ΠΑΡΟΧΗΣ ΥΠΗΡΕΣΙΩΝ ΑΣΦΑΛΕΙΑΣ ΑΝΩΝΥΜΗ ΕΤΑΙΡΕΙΑ,164.3,,7123β09
62824690ΒΩ-Ι9Ε,2025-07-18,"ΠΡΟΜΗΘΕΙΑ ΜΕΛΑΝΙΩΝ ΜΕ ΣΥΜΒΑΣΗ ΤΟΥΣ ΜΗΝΕΣ ΜΑΪΟ,ΙΟΥΝΙΟ 2024 (ΣΥΜΒ.96/2024) ΣΥΜΦΩΝΑ ΜΕ ΤΙΣ ΔΙΑΤΑΞΕΙΣ ΤΟΥ Ν. 5161/2024 αρθ.14 (ΦΕΚ 196/τ. Α΄/29-11-2024 ΔΙΚΑΙΟΛΟΓΗΤΙΚΑ : ΠΑΡΑΣΤΑΤΙΚΑ :279,415 Ο Συντάξας                   Η Προισταμένη Οικον.Τμήματος                             Η Διευθύντρια Διοικ.-Οικ.Υπηρ                                                                                                                                                                                                                                                                          Λαμπρινή Γιαννακού                                                        Μιχαηλούλα Κάρτου                             ΣΥΝΟΛΟ ΚΡΑΤΗΣΕΩΝ : ΤΡΙΑΚΟΣΙΑ ΣΑΡΑΝΤΑ ΠΕΝΤΕ ΕΥΡΩ & ΠΕΝΗΝΤΑ ΟΚΤΩ ΛΕΠΤΑ 345,58  ΕΞΟΦΛΗΣΗ ΧΡΗΜΑΤΙΚΟΥ ΕΝΤΑΛΜΑΤΟΣ ΣΤΟΙΧΕΙΑ ΕΠΙΚΟΙΝΩΝΙΑΣ (ΠΟΛΥΜΕΡΗ 134 - Τ.Κ. 38222 - ΒΟΛΟΣ - ΤΗΛ. 2421351239 - FAX ) ΜΕΤΡΗΤΑ :  (ποσό) ΕΠΙΤΑΓΗ : Αριθμός επιταγής Ημερομηνία έκδοσης επιταγής (ποσό) Ονοματεπώνυμο λαβόντος :   Αριθμός Ταυτότητας :   Ημερομηνία Εξόφλησης :  Ο/Η ΤΑΜΙΑΣ     ΣΥΝΗΜΜΕΝΑ - ΔΙΚΑΙΟΛΟΓΗΤΙΚΑ ΚΡΑΤΗΣΕΙΣ ΠΟΣΟ ΚΑΤΑΣΤΑΣΗ ΔΑΠΑΝΗΣΤΙΜΟΛΟΓΙΑΠΡΩΤΟΚΟΛΛΑ  ΠΑΡΑΛΑΒΗΣΑΝΑΛΗΨΗ ΔΕΣΜΕΥΣΗΣΒΕΒΑΙΩΣΗ  ΚΑΕΛΟΙΠΑ  ΔΙΚΑΙΟΛΟΓΗΤΙΚΑ1 2 3 4 5 6 ΚΡΑΤ.2% Ν.3580/07 ΦΟΡΟΣ 4% ΚΡΑΤΗΣΗ ΥΠΕΡ ΕΑΑΔΗΣΥ ΧΑΡΤ.3% Ε.Α.Α.ΔΗ.ΣΥ. ΟΓΑ ΧΑΡΤ.20%Ε.Α.Α.ΔΗ.ΣΥ. 1 2 3 4 5 114,74 224,90 5,74 0,17 0,03 ΣΥΝΟΛΟ ΚΡΑΤΗΣΕΩΝ 345,58 ΗΜΕΡΟΜΗΝΙΑ : 16/07/2025 ΑΡΙΘΜΟΣ : 1405 ΣΕΙΡΑ : 1 ΠΛΗΘΟΣ ΠΑΡΑΣΤΑΤΙΚΩΝ : 2 ΑΡΙΘΜΟΣ ΑΠΟΣΤΟΛΗΣ : 91 1ο ΚΡΙΤΗΡΙΟ : 2.Φ.100",095387617,COMPULAND ΣΥΣΤΗΜΑΤΑ ΠΛΗΡΟΦΟΡΙΚΗΣ ΚΑΙ ΤΗΛΕΠΙΚΟΙΝΩΝΙΩΝ ΙΔΙΩΤΙΚΗ ΕΠΙΧΕΙΡΗΣΗ ΠΑΡΟΧΗΣ ΥΠΗΡΕΣΙΩΝ ΑΣΦΑΛΕΙΑΣ ΑΝΩΝΥΜΗ ΕΤΑΙΡΕΙΑ,7121.44,,1281β01
6ΚΖΖ4690ΒΩ-ΚΟΓ,2025-07-18,"ΠΡΟΜΗΘΕΙΑ PHOTOCONDUCTOR LEXMARK MS 310, ΜΗΝΟΣ ΑΠΡΙΛΙΟΥ 2024, ΧΩΡΙΣ ΣΥΜΒΑΣΗ, ΜΕ ΑΠΟΦΑΣΗ ΔΣ 16/10-4-24 Θ.12, ΣΥΜΦΩΝΑ ΜΕ ΤΙΣ ΔΙΑΤΑΞΕΙΣ ΤΟΥ Ν.5161/2024 αρθ.14 (ΦΕΚ 196/ τ.Α΄/29-11-2024",095387617,COMPULAND ΣΥΣΤΗΜΑΤΑ ΠΛΗΡΟΦΟΡΙΚΗΣ ΚΑΙ ΤΗΛΕΠΙΚΟΙΝΩΝΙΩΝ ΙΔΙΩΤΙΚΗ ΕΠΙΧΕΙΡΗΣΗ ΠΑΡΟΧΗΣ ΥΠΗΡΕΣΙΩΝ ΑΣΦΑΛΕΙΑΣ ΑΝΩΝΥΜΗ ΕΤΑΙΡΕΙΑ,1008.86,,1281β01
ΨΓΥΤ4690ΒΩ-4ΚΛ,2025-07-17,ΚΑΘΑΡΙΟΤΗΤΑ ΧΩΡΩΝ ΓΝΒ ΣΤΟ ΠΛΑΙΣΙΟ ΑΝΤΙΜΕΤΩΠΙΣΗΣ ΚΑΙ ΠΕΡΙΟΡΙΣΜΟΥ ΔΙΑΔΟΣΗΣ COVID-19 ΑΠΟ 19/1/2025 ΕΩΣ 31//2025 (ΣΥΜΒ. 20/2025 ΧΕ 944/2025),998309282,IPIROTIKI FACILITY SERVICES ΑΝΩΝΥΜΟΣ ΙΔΙΩΤΙΚΗ ΕΤΑΙΡΕΙΑ ΠΑΡΟΧΗΣ ΥΠΗΡΕΣΙΩΝ ΚΑΘΑΡΙΣΜΟΥ ΕΜΠΟΡΙΚΗ ΚΑΙ ΑΝΤΙΠΡΟΣΩΠΕΙΩΝ,4132.99,,0845α01
9Ε6Ρ4690ΒΩ-ΡΒ7,2025-07-17,": ΠΡΟΜΗΘΕΙΑ ΛΟΙΠΟΥ ΧΗΜΙΚΟΥ ΥΛΙΚΟΥ  (ΑΝΤΙΔΡΑΣΤΗΡΙΑ ΑΙΜΟΔΟΣΙΑΣ ) ΜΕ  ΣΥΜΒΑΣΗ ΤΟΥΣ ΜΗΝΕΣ  ΜΑΪΟ,ΙΟΥΝΙΟ,ΙΟΥΛΙΟ,ΑΥΓΟΥΣΤΟ,ΣΕΠΤΕΜΒΡΙΟ,ΟΚΤΩΒΡΙΟ,ΝΟΕΜΒΡΙΟ 2024 (ΣΥΜΒ.232/2023 ΧΕ 2712/2024)",094128820,Ι Μ ΚΥΡΙΑΚΙΔΗΣ ΑΝΤΙΠΡΟΣΩΠΕΙΑΙ ΕΜΠΟΡΙΟΝ ΕΙΣΑΓΩΓΑΙ ΤΟΥΡΙΣΤΙΚΑΙ ΚΑΙ ΤΕΧΝΙΚΑΙ ΕΠΙΧΕΙΡΗΣΕΙΣ,86408.78,,1359β01
9ΝΕΠ4690ΒΩ-ΖΕΦ,2025-07-17,"ΠΡΟΜΗΘΕΙΑ ΕΝΤΕΡΙΚΩΝ ΤΡΟΦΩΝ ΧΩΡΙΣ ΣΥΜΒΑΣΗ ΜΕ ΑΠΟΦ. 307/2025,148/2025 ΤΟΥΣ ΜΗΝΕΣ ΦΕΒΡΟΥΑΡΙΟ,ΜΑΡΤΙΟ 2025 ΣΥΜΦΩΝΑ ΜΕ ΤΙΣ ΔΙΑΤΑΞΕΙΣ ΤΟΥ Ν. 5216/2025 αρθ.44 (ΦΕΚ 118 /τ. Α'/ 07-07-202",800537801,SYN INNOVATION LABORATORIES ΕΜΠΟΡΙΑ ΚΑΙ ΠΑΡΑΓΩΓΗ ΦΑΡΜΑΚΩΝ ΔΙΑΤΡΟΦΙΚΩΝ ΒΙΟΤΕΧΝΟΛΟΓΙΚΩΝ ΠΡΟΙΟΝΤΩΝ ΑΝΩΝΥΜΗ ΕΤΑΙΡΕΙΑ,4225.82,,1511α01
9ΕΡΓ4690ΒΩ-3ΤΔ,2025-07-17,"ΠΡΟΜΗΘΕΙΑ ΛΟΙΠΟΥ ΧΗΜΙΚΟΥ ΥΛΙΚΟΥ  (ΑΝΤΙΔΡΑΣΤΗΡΙΑ ΑΙΜΟΔΟΣΙΑΣ ) ΜΕ  ΣΥΜΒΑΣΗ ΤΟΥΣ ΜΗΝΕΣ ΜΑΪΟ,ΙΟΥΛΙΟ, ΑΥΓΟΥΣΤΟ,ΣΕΠΤΕΜΒΡΙΟ,ΟΚΤΩΒΡΙΟ,ΝΟΕΜΒΡΙΟ,ΔΕΚΕΜΒΡΙΟ  2024 (ΣΥΜΒ.236/2023 ΧΕ 2714/2024)",094027257,"ΑΜΠΟΤ ΛΑΜΠΟΡΑΤΟΡΙΣ (ΕΛΛΑΣ), ΒΙΟΜΗΧΑΝΙΚΗ ΚΑΙ ΕΜΠΟΡΙΚΗ ΑΝΩΝΥΜΗ ΕΤΑΙΡΕΙΑ",109619.06,,1359β01
97ΙΩ4690ΒΩ-64Ι,2025-07-17,ΚΑΘΑΡΙΟΤΗΤΑ ΧΩΡΩΝ ΠΑΛΑΙΑΣ ΚΑΙ ΝΕΑΣ ΠΤΕΡΥΓΑΣ ΤΟΥ ΓΝΒ ΜΕ ΣΥΜΒΑΣΗ ΑΠΟ 1/3/2025 ΕΩΣ  31/3/2025 (ΣΥΜΒ.33/2025 XE  943/2025),998309282,IPIROTIKI FACILITY SERVICES ΑΝΩΝΥΜΟΣ ΙΔΙΩΤΙΚΗ ΕΤΑΙΡΕΙΑ ΠΑΡΟΧΗΣ ΥΠΗΡΕΣΙΩΝ ΚΑΘΑΡΙΣΜΟΥ ΕΜΠΟΡΙΚΗ ΚΑΙ ΑΝΤΙΠΡΟΣΩΠΕΙΩΝ,59854.01,,0845α01
63ΡΙ4690ΒΩ-ΗΔΠ,2025-07-17,"ΠΡΟΜΗΘΕΙΑ ΛΟΙΠΟΥ ΧΗΜΙΚΟΥ ΥΛΙΚΟΥ  (ΑΝΤΙΔΡΑΣΤΗΡΙΑ ΑΙΜΟΔΟΣΙΑΣ ) ΜΕ  ΣΥΜΒΑΣΗ ΤΟΥΣ ΜΗΝΕΣ ΜΑΪΟ,ΙΟΥΝΙΟ,ΙΟΥΛΙΟ,ΑΥΓΟΥΣΤΟ,ΣΕΠΤΕΜΒΡΙΟ,ΟΚΤΩΒΡΙΟ,ΝΟΕΜΒΡΙΟ,ΔΕΚΕΜΒΡΙΟ  2024 (ΣΥΜΒ.231/2023 ΧΕ 2709/2024)",095580571,ΑΛΦΑ ΜΕΝΤΙΚΑΛ ΕΙΣΑΓΩΓΕΣ ΚΑΙ ΑΝΤΙΠΡΟΣΩΠΕΙΕΣ ΙΑΤΡΟΤΕΧΝΟΛΟΓΙΚΩΝ ΚΑΙ ΦΑΡΜΑΚΕΥΤΙΚΩΝ ΠΡΟΙΟΝΤΩΝ ΑΝΩΝΥΜΟΣ ΕΜΠΟΡΙΚΗ  ΒΙΟΜΗΧΑΝΙΚΗ,14893.0,,1359β01
9Τ6Ξ4690ΒΩ-8ΜΝ,2025-07-17,"ΠΡΟΜΗΘΕΙΑ ΛΟΙΠΟΥ ΧΗΜΙΚΟΥ ΥΛΙΚΟΥ  (ΑΝΤΙΔΡΑΣΤΗΡΙΑ ΑΙΜΟΔΟΣΙΑΣ ) ΜΕ  ΣΥΜΒΑΣΗ ΤΟΥΣ ΜΗΝΕΣ ΣΕΠΤΕΜΒΡΙΟ,ΟΚΤΩΒΡΙΟ,ΝΟΕΜΒΡΙΟ 2024 (ΣΥΜΒ.237/2023 ΧΕ  2715/2024)",998309282,IPIROTIKI FACILITY SERVICES ΑΝΩΝΥΜΟΣ ΙΔΙΩΤΙΚΗ ΕΤΑΙΡΕΙΑ ΠΑΡΟΧΗΣ ΥΠΗΡΕΣΙΩΝ ΚΑΘΑΡΙΣΜΟΥ ΕΜΠΟΡΙΚΗ ΚΑΙ ΑΝΤΙΠΡΟΣΩΠΕΙΩΝ,9855.62,,0845α01
6ΔΚΟ4690ΒΩ-26Χ,2025-07-17,"ΠΡΟΜΗΘΕΙΑ ΛΟΙΠΟΥ ΧΗΜΙΚΟΥ ΥΛΙΚΟΥ  (ΑΝΤΙΔΡΑΣΤΗΡΙΑ ΑΙΜΟΔΟΣΙΑΣ ) ΜΕ  ΣΥΜΒΑΣΗ ΤΟΥΣ ΜΗΝΕΣ ΣΕΠΤΕΜΒΡΙΟ,ΟΚΤΩΒΡΙΟ,ΝΟΕΜΒΡΙΟ 2024 (ΣΥΜΒ.237/2023 ΧΕ  2715/2024)",094240321,ΑΥΤΟΜΑΤΟΙ ΑΝΑΛΥΤΕΣ  ΔΙΑΓΝΩΣΤΙΚΑ ΑΝΤΙΔΡΑΣΤΗΡΙΑ ΚΑΙ ΙΔΙΩΤΙΚΑ ΔΙΑΓΝΩΣΤΙΚΑ ΕΡΓΑΣΤΗΡΙΑ   MEDICON HELLAS ΑΝΩΝΥΜΗ ΕΤΑΙΡΕΙΑ,6181.46,,1359β01
6Μ1Ξ4690ΒΩ-Π3Θ,2025-07-17,"ΠΡΟΜΗΘΕΙΑ ΟΡΘΟΠΕΔΙΚΟΥ ΥΛΙΚΟΥ ΜΕ ΣΥΜΒΑΣΗ ΤΟΥΣ ΜΗΝΕΣ ΑΠΡΙΛΙΟ,ΙΟΥΝΙΟ,ΙΟΥΛΙΟ 2024 (ΣΥΜΒ.176/2023 ΧΕ 1821/2024)",094437885,ΖΙΜΜΕR ΒΙΟΜΕΤ ΕΛΛΑΣ ΜΟΝΟΠΡΟΣΩΠΗ ΑΝΩΝΥΜΗ ΕΜΠΟΡΙΚΗ ΚΑΙ ΒΙΟΜΗΧΑΝΙΚΗ ΕΤΑΙΡΕΙΑ ΙΑΤΡΙΚΩΝ ΚΑΙ ΦΑΡΜΑΚΕΥΤΙΚΩΝ ΕΙΔΩΝ,13116.3,,1313β01
946Ζ4690ΒΩ-89Η,2025-07-17,"ΠΡΟΜΗΘΕΙΑ  ΧΗΜΙΚΟΥ ΥΛΙΚΟΥ ΜΕ ΣΥΜΒΑΣΗ ΤΟΥΣ ΜΗΝΕΣ ΣΕΠΤΕΜΒΡΙΟ,ΔΕΚΕΜΒΡΙΟ 2024 (ΣΥΜΒ.57/2024 ΧΕ 746/2025)",094240321,ΑΥΤΟΜΑΤΟΙ ΑΝΑΛΥΤΕΣ  ΔΙΑΓΝΩΣΤΙΚΑ ΑΝΤΙΔΡΑΣΤΗΡΙΑ ΚΑΙ ΙΔΙΩΤΙΚΑ ΔΙΑΓΝΩΣΤΙΚΑ ΕΡΓΑΣΤΗΡΙΑ   MEDICON HELLAS ΑΝΩΝΥΜΗ ΕΤΑΙΡΕΙΑ,30928.9,,1359β01
ΨΑΕΝ4690ΒΩ-ΦΟΟ,2025-07-17,"ΠΡΟΜΗΘΕΙΑ ΛΟΙΠΟΥ ΧΗΜΙΚΟΥ ΥΛΙΚΟΥ  (ΑΝΤΙΔΡΑΣΤΗΡΙΑ ΑΙΜΟΔΟΣΙΑΣ ) ΜΕ  ΣΥΜΒΑΣΗ ΤΟΥΣ ΜΗΝΕΣ ΑΠΡΙΛΙΟ,ΜΑΪΟ,ΙΟΥΝΙΟ,ΙΟΥΛΙΟ,ΑΥΓΟΥΣΤΟ,ΣΕΠΤΕΜΒΡΙΟ,ΟΚΤΩΒΡΙΟ,ΝΟΕΜΒΡΙΟ,ΔΕΚΕΜΒΡΙΟ  2024 (ΣΥΜΒ.235/2023 ΧΕ 2713/2024)",095259724,ΝΤΙΑ ΜΕΝΤ ΕΛΛΑΣ ΑΝΩΝΥΜΗ ΕΤΑΙΡΕΙΑ ΕΜΠΟΡΙΑΣ ΦΑΡΜΑΚΕΥΤΙΚΩΝ ΚΑΙ ΙΑΤΡΙΚΩΝ ΕΙΔΩΝ,62038.03,,1359
ΨΝΘΓ4690ΒΩ-ΟΧ9,2025-07-16,ΑΠΟΔΟΣΗ ΥΠΕΡ ( ΕΑΑΔΗΣΥ ) ΕΠΙ ΤΩΝ ΕΞΟΦΛΗΘΕΝΤΩΝ ΧΕ ΤΟΝ ΜΗΝΑ ΙΟΥΝΙΟ 2025 (Φ100),090166291,ΥΠΟΥΡΓΕΙΟ ΑΝΑΠΤΥΞΗΣ,913.09,,3399α01
Ψ51Η4690ΒΩ-ΝΟΜ,2025-07-16,ΑΠΟΔΟΣΗ ΥΠΕΡ ΔΗΜΟΣΙΟΥ ΦΟΡΟΣ (Ν. 3580 ) ΕΠΙ ΤΩΝ ΕΞΟΦΛΗΘΕΝΤΩΝ ΧΕ ΤΟΝ ΜΗΝΑ ΙΟΥΝΙΟ 2025 (Φ100),099017070,ΥΠΟΥΡΓΕΙΟ ΥΓΕΙΑΣ ΠΡΟΝΟΙΑΣ,30119.72,,3391α01
ΨΘΓΥ4690ΒΩ-54Μ,2025-07-16,: ΑΠΟΔΟΣΗ ΥΠΕΡ ΔΗΜΟΣΙΟΥ ΦΟΡΟΣ 20%) ΕΠΙ ΤΩΝ ΕΞΟΦΛΗΘΕΝΤΩΝ ΧΕ ΤΟΝ ΜΗΝΑ ΙΟΥΝΙΟ 2025 (Φ100),090165560,ΥΠΟΥΡΓΕΙΟ ΟΙΚΟΝΟΜΙΚΩΝ ΓΕΝΙΚΗ   ΔIEYΘΥΝΣΗ  Δ ΚΗΣΥΠ ΞΗΣ Δ ΟΙΚ,642.65,,3991α01
Ψ3ΖΗ4690ΒΩ-ΤΟΣ,2025-07-16,ΑΠΟΔΟΣΗ ΥΠΕΡ ΔΗΜΟΣΙΟΥ (ΧΑΡΤ.&ΟΓΑ ΧΑΡΤ.) ΕΠΙ ΤΩΝ ΕΞΟΦΛΗΘΕΝΤΩΝ ΧΕ ΤΟΝ ΜΗΝΑ ΙΟΥΝΙΟ 2025 (Φ100),090165560,ΥΠΟΥΡΓΕΙΟ ΟΙΚΟΝΟΜΙΚΩΝ ΓΕΝΙΚΗ   ΔIEYΘΥΝΣΗ  Δ ΚΗΣΥΠ ΞΗΣ Δ ΟΙΚ,32.75,,3391α01
6ΤΗΒ4690ΒΩ-ΦΑΞ,2025-07-16,"ΑΠΟΔΟΣΗ ΥΠΕΡ ΔΗΜΟΣΙΟΥ ΦΟΡΟΣ ( 1%,4%,8%) ΕΠΙ ΤΩΝ ΕΞΟΦΛΗΘΕΝΤΩΝ ΧΕ ΤΟΝ ΜΗΝΑ ΙΟΥΝΙΟ 2025 (Φ100)",090165560,ΥΠΟΥΡΓΕΙΟ ΟΙΚΟΝΟΜΙΚΩΝ ΓΕΝΙΚΗ   ΔIEYΘΥΝΣΗ  Δ ΚΗΣΥΠ ΞΗΣ Δ ΟΙΚ,68312.1,,3391α01
Ψ93Χ4690ΒΩ-0ΓΩ,2025-07-14,: ΔΙΑΦΗΜΙΣΕΙΣ- ΔΗΜΟΣΙΕΥΣΕΙΣ ΠΡΟΚΗΡΥΞΕΩΝ ΔΙΑΓΩΝΙΣΜΩΝ ΝΟΣΟΚΟΜΕΙΟΥ ΓΙΑ ΤΟ ΜΗΝΑ ΙΟΥΝΙΟ 2025,130456160,"ΚΑΡΕΚΛΙΔΗΣ,,ΑΡΧΙΜΗΔΗΣ,ΓΕΩΡΓΙΟΣ",579.08,,0851α01
6ΙΦ44690ΒΩ-34Α,2025-07-14,"ΠΡΟΜΗΘΕΙΑ ΕΡΓΑΛΕΙΩΝ ΚΑΘΗΛΩΣΗΣ ΠΛΕΓΜΑΤΟΣ, ΖΕΛΟΠΟΙΗΤΙΚΗΣ ΣΚΟΝΗΣ, ΚΑΘΕΤΗΤΗΡΩΝ, ΜΗΝΩΝ ΟΚΤΩΒΡΙΟΥ & ΝΟΕΜΒΡΙΟΥ 2024, ΧΩΡΙΣ ΣΥΜΒΑΣΗ, ΜΕ ΑΠΟΦΑΣΕΙΣ ΔΣ 45/27-9-24 Θ.23, Θ.41 & Θ.42, 32/8-7-24 Θ.41, 31/11-7-24 Θ.10, ΑΠΟΦΑΣΗ ΔΙΟΙΚ. 536/24, ΣΥΜΦΩΝΑ ΜΕ ΤΙΣ ΔΙΑΤΑΞΕΙΣ ΤΟΥ Ν.5161/2024 αρθ.14 (ΦΕΚ 196/ τ.Α΄/29-11-2024) ΝΟΣ",094133588,ΓΕΝΙΚΗ ΧΗΜΙΚΩΝ ΠΡΟΙΟΝΤΩΝ ΑΕ,6789.33,,1311β01
Ψ8ΣΚ4690ΒΩ-Ρ48,2025-07-14,"ΠΡΟΜΗΘΕΙΑ ΑΙΜΟΣΤΑΤΙΚΩΝ ΓΑΖΩΝ & ΡΑΜΜΑΤΩΝ, ΜΗΝΩΝ ΟΚΤΩΒΡΙΟΥ & ΝΟΕΜΒΡΙΟΥ 2024, ΧΩΡΙΣ ΣΥΜΒΑΣΗ, ΜΕ ΑΠΟΦΑΣΕΙΣ ΔΣ 34/8-8- 24 Θ.24, 11/7-3-24 Θ. 15 & 45/27-9-24 Θ.36, ΣΥΜΦΩΝΑ ΜΕ ΤΙΣ ΔΙΑΤΑΞΕΙΣ ΤΟΥ Ν.5161/2024 αρθ.14 (ΦΕΚ 196/ τ.Α΄/29-11-2024)",998413964,ΑΤΛΑΣ ΜΕΝΤΙΚΑΛ ΕΜΠΟΡΙΑ ΙΑΤΡΟΦΑΡΜΑΚΕΥΤΙΚΩΝ ΚΑΙ ΙΑΤΡΟΤΕΧΝΟΛΟΓΙΚΩΝ ΕΙΔΩΝ ΑΝΩΝΥΜΗ ΕΤΑΙΡΕΙΑ,931.12,,1311β01
ΨΔ094690ΒΩ-ΚΣ6,2025-07-14,ΔΙΑΦΗΜΙΣΕΙΣ- ΔΗΜΟΣΙΕΥΣΕΙΣ ΠΡΟΚΗΡΥΞΕΩΝ ΔΙΑΓΩΝΙΣΜΩΝ ΝΟΣΟΚΟΜΕΙΟΥ ΓΙΑ ΤΟ ΜΗΝΑ ΙΟΥΝΙΟ 2025,801818159,ΜΟΝΟΤΥΠΙΑ ΜΟΝΟΠΡΟΣΩΠΗ Ι Κ Ε,388.12,,0851α01
9ΠΙΞ4690ΒΩ-Π1Φ,2025-07-14,ΔΙΑΦΗΜΙΣΕΙΣ- ΔΗΜΟΣΙΕΥΣΕΙΣ ΠΡΟΚΗΡΥΞΕΩΝ ΔΙΑΓΩΝΙΣΜΩΝ ΝΟΣΟΚΟΜΕΙΟΥ ΓΙΑ ΤΟ ΜΗΝΑ ΜΑΪΟ 2025,047057290,"ΤΣΙΝΤΣΙΝΗ,,ΠΑΡΑΣΚΕΥΗ,ΓΕΩΡΓΙΟΣ",137.64,,0851α01
62ΔΨ4690ΒΩ-ΧΞ3,2025-07-14,"ΠΡΟΜΗΘΕΙΑ ΣΚΑΛΟΠΑΤΙΩΝ ΙΝΟΧ, ΜΗΝΟΣ ΑΥΓΟΥΣΤΟΥ 2024, ΧΩΡΙΣ ΣΥΜΒΑΣΗ, ΜΕ ΑΠΟΦΑΣΗ ΔΣ 24/22-5-524, ΣΥΜΦΩΝΑ ΜΕ ΤΙΣ ΔΙΑΤΑΞΕΙΣ ΤΟΥ Ν.5161/2024 αρθ.14 (ΦΕΚ 196/ τ.Α΄/29-11-2024)",998618379,ΔΕΜΕΡΤΖΗ Μ ΚΑΙ ΣΙΑ ΕΕ,272.8,,1899β01
62564690ΒΩ-ΜΛ9,2025-07-14,"ΠΡΟΜΗΘΕΙΑ ΤΡΟΧΗΛΑΤΟΥ ΤΡΑΠΕΖΙΟΥ, ΧΩΡΙΣ ΣΥΜΒΑΣΗ, ΜΕ ΑΠΟΦΑΣΗ ΔΣ 32/18-7-24 Θ.15, ΜΗΝΟΣ ΑΥΓΟΥΣΤΟΥ 2025, ΣΥΜΦΩΝΑ ΜΕ ΤΙΣ ΔΙΑΤΑΞΕΙΣ ΤΟΥ Ν.5161/2024 αρθ.14 (ΦΕΚ 196/ τ.Α΄/29-11-2024)",998618379,ΔΕΜΕΡΤΖΗ Μ ΚΑΙ ΣΙΑ ΕΕ,297.6,,7111β01
609Χ4690ΒΩ-ΟΨΧ,2025-07-14,"ΠΡΟΜΗΘΕΙΑ ΣΤΕΙΡΟΥ ΔΙΑΛΥΜΑΤΟΣ ΤΟΥ ΜΠΛΕ ΜΕΘΥΛΕΝΙΟΥ, ΜΗΝΩΝ ΙΟΥΛΙΟΥ & ΑΥΓΟΥΣΤΟΥ 2024, ΧΩΡΙΣ ΣΥΜΒΑΣΗ, ΜΕ ΑΠΟΦΑΣΕΙΣ ΔΣ 3/25-1-24 Θ.12 & 34/8-8-24 Θ.20, ΣΥΜΦΩΝΑ ΜΕ ΤΙΣ ΔΙΑΤΑΞΕΙΣ ΤΟΥ Ν.5161/2024 αρθ.14 (ΦΕΚ 196/ τ.Α΄/29-11-2024)",999076399,Α V I PHARMA INTERNATIONAL ΑΝΩΝΥΜΗ ΕΤΑΙΡΕΙΑ ΕΜΠΟΡΙΑΣ ΚΑΙ ΔΙΑΝΟΜΗΣ ΦΑΡΜΑΚΕΥΤΙΚΩΝ ΠΡΟΙΟΝΤΩΝ,699.6,,1311β01
6ΤΓΒ4690ΒΩ-Η4Υ,2025-07-11,"ΠΡΟΜΗΘΕΙΑ ΨΥΓΕΙΟΥ 300lt, ΜΗΝΟΣ ΟΚΤΩΒΡΙΟΥ 2024, ΧΩΡΙΣ ΣΥΜΒΑΣΗ, ΜΕ ΑΠΟΦΑΣΗ ΔΣ 30/4-7-24 Θ.24, ΣΥΜΦΩΝΑ ΜΕ ΤΙΣ ΔΙΑΤΑΞΕΙΣ ΤΟΥ Ν.5161/2024 αρθ.14 (ΦΕΚ 196/ τ.Α΄/29-11-2024)",094212309,ΕΛΛΕΝΙΚ ΛΑΜΠΓΟΥΕΡ ΑΕ ΕΜΠΟΡΙΑ ΚΑΤΑΣΚΕΥΗ ΕΡΕΥΝΑ ΑΝΤΙΠΡΟΣΩΠΕΙΕΣ ΕΙΣΑΓΩΓΕΣ ΕΞΑΓΩΓΕΣ ΕΠΙΣΤΗΜΟΝΙΚΩΝ ΟΡΓΑΝΩΝ,2713.12,,9749β01
ΨΙΓ74690ΒΩ-Μ4Λ,2025-07-11,": ΠΡΟΜΗΘΕΙΑ ΣΑΚΩΝ ΑΝΑΡΡΟΦΗΣΗΣ, ΑΣΚΩΝ ΜΕ ΠΟΥΑΡ ΓΙΑ ΤΑΧΕΙΑ ΧΟΡΗΓΗΣΗ ΑΙΜΑΤΟΣ, ΣΩΛΗΝΩΝ ΑΝΑΡΡΟΦΗΣΗΣ, ΜΗΝΩΝ ΙΟΥΛΙΟΥ, ΣΕΠΤΕΜΒΡΙΟΥ & ΟΚΤΩΒΡΙΟΥ 2024, ΧΩΡΙΣ ΣΥΜΒΑΣΗ, ΜΕ ΑΠΟΦΑΣΕΙΣ ΔΣ 33/25-7-24 Θ.19, 37/2-9-24 Θ.2, 40/12-9-24 Θ.8 & 45/27-9-24 Θ.40, ΣΥΜΦΩΝΑ ΜΕ ΤΙΣ ΔΙΑΤΑΞΕΙΣ ΤΟΥ Ν.5161/2024 αρθ.14 (ΦΕΚ 196/ τ.Α΄/29-11-2024)",094503580,ΕΝΟΡΑΣΙΣ ΑΝΩΝΥΜΗ ΕΜΠ  ΙΑΤΡΙΚΩΝ ΥΛΙΚΩΝ ΚΑΙ  ΜΗΧΑΝΗΜΑΤΩΝ ΚΑΙ ΙΑΤΡΙΚΩΝ ΥΛΙΚΩΝ ΚΑΙ ΜΗΧΑΝΗΜΑΤ,774.32,,1311β01
ΨΘΚΝ4690ΒΩ-6ΘΡ,2025-07-11,ΠΡΟΜΗΘΕΙΑ ΣΥΣΚΕΥΩΝ ΜΕΤΑΓΓΙΣΗΣ ΑΙΜΑΤΟΣ ΜΕ ΑΕΡΑΓΩΓΟ,094284004,ΕΥΡΟΜΑΡΤ ΑΝΩΝΥΜΗ ΕΤΑΙΡΕΙΑ ΕΜΠΟΡΙΚΕΣ ΕΠΙΧΕΙΡΗΣΕΙΣ ΑΝΤΙΠΡΟΣΩΠΕΙΕΣ ΕΙΣΑΓΩΓΕΣ ΕΞΑΓΩΓΕΣ,2866.88,,1311β01
ΨΙΥΒ4690ΒΩ-ΗΞΟ,2025-07-11,ΠΡΟΜΗΘΕΙΑ ΥΓΕΙΟΝΟΜΙΚΟΥ ΥΛΙΚΟΥ,998476060,ΑΤΟΜΙΚΗ ΦΡΟΝΤΙΔΑ ΑΝΩΝΥΜΗ ΒΙΟΜΗΧΑΝΙΚΗ ΕΜΠΟΡΙΚΗ ΕΤΑΙΡΕΙΑ ΠΑΡΑΓΩΓΗΣ  ΓΕΡΟΝΤΙΚΩΝ ΠΑΝΩΝ,1816.16,,1311β01
977Α4690ΒΩ-ΗΛ7,2025-07-11,ΠΡΟΜΗΘΕΙΑ  ΑΝΑΛΩΣΙΜΩΝ ΕΙΔΩΝ ΤΡΟΦΟΔΟΣΙΑΣ  ΜΕ  ΣΥΜΒΑΣΗ  (ΣΥΜ.746/2025) ΓΙΑ ΤΟΥΣ ΜΗΝΕΣ  ΙΑΝΟΥΑΡΙΟ 2025 ΜΑΡΤΙΟ 2025  ΣΥΜΦΩΝΑ ΜΕ ΤΙΣ ΔΙΑΤΑΞΕΙΣ ΤΟΥ Ν. 5216/2025 αρθ.44 (ΦΕΚ 118 /τ. Α'/ 07-07-2025),999717761,ΜΙΧΑΗΛ ΣΚΑΜΑΓΚΑΣ ΑΝΩΝΥΜΗ ΒΙΟΤΕΧΝΙΚΗ ΕΜΠΟΡΙΚΗ ΕΤΑΙΡΙΑ,4553.28,,1129α01
Ψ91Ρ4690ΒΩ-ΩΥΣ,2025-07-11,: ΠΡΟΜΗΘΕΙΑ ΑΝΑΛΩΣΙΜΩΝ ΕΙΔΩΝ ΤΡΟΦΟΔΟΣΙΑΣ ΧΩΡΙΣ ΣΥΜΒΑΣΗ ΜΕ ΑΠΟΦΑΣΗ ΔΙΟΙΚ. 181/2025 ΓΙΑ ΤΟ ΜΗΝΑ ΜΗΝΑ ΦΕΒΡΟΥΑΡΙΟ 2025 ΣΥΜΦΩΝΑ ΜΕ ΤΙΣ ΔΙΑΤΑΞΕΙΣ ΤΟΥ Ν. 5216/2025 αρθ.44 (ΦΕΚ 118 /τ. Α'/ 07-07-2025),999717761,ΜΙΧΑΗΛ ΣΚΑΜΑΓΚΑΣ ΑΝΩΝΥΜΗ ΒΙΟΤΕΧΝΙΚΗ ΕΜΠΟΡΙΚΗ ΕΤΑΙΡΙΑ,1270.75,,1129α01
948Ο4690ΒΩ-ΗΛΠ,2025-07-11,ΑΝΤΙΚΑΤΑΣΤΑΣΗ ΔΙΚΤΥΩΝ ΣΩΛΗΝΩΣΕΩΝ - ΑΠΟΚΑΤΑΣΤΑΣΗ ΦΡΕΑΤΙΩΝ ΤΟΙΧΙΩΝ-ΜΠΑΝΙΩΝ,801646818,FRANTZIS CONSTRUCTION Ο Ε,62310.0,,0879β01
Ψ8Ψ14690ΒΩ-Α7Ι,2025-07-11,: ΠΡΟΜΗΘΕΙΑ ΕΙΔΩΝ ΕΠΙΣΚΕΥΗΣ ΚΑΙ ΣΥΝΤΗΡΗΣΗΣ ΕΓΚΑΤΑΣΤΑΣΕΩΝ ΚΤΙΡΙΟΥ,801646818,FRANTZIS CONSTRUCTION Ο Ε,43311.13,,1429β01
9ΠΠΗ4690ΒΩ-ΔΡΩ,2025-07-11,ΕΠΙΣΚΕΥΗ ΚΑΙ ΣΥΝΤΗΡΗΣΗ ΕΓΚΑΤΑΣΤΑΣΕΩΝ ΚΤΙΡΙΟΥ,801646818,FRANTZIS CONSTRUCTION Ο Ε,29140.0,,0879β01
Ρ79Η4690ΒΩ-ΥΗΚ,2025-07-10,"ΠΡΟΜΗΘΕΙΑ ΜΕΤΑΛΛΙΚΟΥ ΣΤΑΓΟΝΟΣΥΛΛΕΚΤΗ, ΜΗΝΟΣ ΔΕΚΕΜΒΡΙΟΥ 2024, ΧΩΡΙΣ ΣΥΜΒΑΣΗ, ΜΕ ΑΠΟΦΑΣΗ ΔΙΟΙΚΗΤΗ 601/24, ΣΥΜΦΩΝΑ ΜΕ ΤΙΣ ΔΙΑΤΑΞΕΙΣ ΤΟΥ Ν.5216/2025 αρθ.44 (ΦΕΚ 118/ τ.Α΄/07/07/2025)",801646818,FRANTZIS CONSTRUCTION Ο Ε,2886.72,,1429β01
9ΦΘΚ4690ΒΩ-2ΧΜ,2025-07-10,ΠΡΟΜΗΘΕΙΑ ΕΙΔΩΝ ΣΥΝΤΗΡΗΣΗΣ ΕΠΙΣΚΕΥΗΣ ΛΟΙΠΩΝ ΜΟΝΙΜΩΝ ΕΓΚΑΤΑΣΤΑΣΕΩΝ ΜΕ ΣΥΜΒΑΣΗ ΤΟΝ ΜΗΝΑ ΟΚΤΩΒΡΙΟ 2024 (ΣΥΜΒ.529/2024 ΧΕ 204/2025) ΣΥΜΦΩΝΑ ΜΕ ΤΙΣ ΔΙΑΤΑΞΕΙΣ ΤΟΥ Ν.5161/2024 αρθ.14 (ΦΕΚ 196/ τ.Α΄/29-11-2024),801646818,FRANTZIS CONSTRUCTION Ο Ε,1330.01,,1429β01
Ρ6ΙΗ4690ΒΩ-Ε5Ω,2025-07-10,ΠΡΟΜΗΘΕΙΑ ΕΙΔΩΝ ΣΥΝΤΗΡΗΣΗΣ ΕΠΙΣΚΕΥΗΣ ΛΟΙΠΩΝ ΜΟΝΙΜΩΝ ΕΓΚΑΤΑΣΤΑΣΕΩΝ ΜΕ ΣΥΜΒΑΣΗ (ΣΥΜΒ.529/2024 ΧΕ 204/2025 ) ΤΟΝ ΜΗΝΑ ΟΚΤΩΒΡΙΟ 2024 ΣΥΜΦΩΝΑ ΜΕ ΤΙΣ ΔΙΑΤΑΞΕΙΣ ΤΟΥ Ν.5161/2024 αρθ.14 (ΦΕΚ 196/ τ.Α΄/29-11-2024),801646818,FRANTZIS CONSTRUCTION Ο Ε,4001.98,,0879β01
ΨΗΩ94690ΒΩ-ΦΑΚ,2025-07-10,ΦΥΛΑΞΗ ΧΩΡΩΝ ΠΑΛΑΙΑΣ ΚΑΙ ΝΕΑΣ ΠΤΕΡΥΓΑΣ ΓΝΒ ΜΕ ΣΥΜΒΑΣΗ ΑΠΟ 13/10/2024 ΕΩΣ 12/11/2024 (ΣΥΜΒ.69/2023 ΧΕ 2362/2023),099796300,SWEDISH ΣΟΥΙΝΤΙΣ SYSTEMS ΣΥΣΤΕΜΣ SECURITY ΣΕΚΙΟΥΡΙΤΙ  ΙΔΙΩΤΙΚΗ ΕΠΙΧΕΙΡΗΣΗ ΠΑΡΟΧΗΣ ΥΠΗΡΕΣΙΩΝ ΑΣΦΑΛΕΙΑΣ ΜΟΝΟΠΡΟΣΩΠΗ ΕΠΕ,17938.67,,0892β01
Ψ9ΔΤ4690ΒΩ-70Ο,2025-07-10,"ΠΡΟΜΗΘΕΙΑ ΕΙΔΩΝ ΜΑΝΑΒΙΚΗΣ ΜΕ ΣΥΜΒΑΣΗ ΤΟΥΣ ΜΗΝΕΣ ΦΕΒΡΟΑΥΡΙΟ,ΜΑΡΤΙΟ 2025 (ΣΥΜΒ. 737/2024) ΣΥΜΦΩΝΑ ΜΕ ΤΙΣ ΔΙΑΤΑΞΕΙΣ ΤΟΥ Ν. 5216/2025 αρθ.44 (ΦΕΚ 118 /τ. Α'/ 07-07-2025",997565624,ΑΙΓΑΙΟΝ ΓΕΝΙΚΗ ΠΡΟΜΗΘΕΥΤΙΚΗ ΤΡΟΦΙΜΩΝ ΕΠΕ,9208.45,,1511α01
ΨΡΠΞ4690ΒΩ-Π3Π,2025-07-10,ΠΡΟΜΗΘΕΙΑ ΜΗΧΑΝΟΛΟΓΙΚΟΥ ΕΞΟΠΛΙΣΜΟΥ ΠΡΟΜΗΘΕΙΑ ΜΕ ΣΥΜΒΑΣΗ (ΣΥΜ.398/2024 ) ΓΙΑ ΤΟ ΜΗΝΑ ΑΥΓΟΥΣΤΟ 2024 ΣΥΜΦΩΝΑ ΜΕ ΤΙΣ ΔΙΑΤΑΞΕΙΣ ΤΟΥ Ν.5161/2024 αρθ.14 (ΦΕΚ 196/ τ.Α΄/29-11-2024),998618379,ΔΕΜΕΡΤΖΗ Μ ΚΑΙ ΣΙΑ ΕΕ,7266.4,,9749β01
ΨΝΤΑ4690ΒΩ-ΒΕΨ,2025-07-10,: ΠΡΟΜΗΘΕΙΑ ΝΩΠΩΝ ΚΡΕΑΤΩΝ ΜΕ ΣΥΜΒΑΣΗ ΤΟΝ ΜΗΝΑ ΝΟΕΜΒΡΙΟ 2024 (ΣΥΜΒ. 500/2024 ΧΕ 3043/2024 ΣΥΜΦΩΝΑ ΜΕ ΤΙΣ ΔΙΑΤΑΞΕΙΣ ΤΟΥ Ν. 5216/2025 αρθ.44 (ΦΕΚ 118 /τ. Α'/ 07-07-2025),027877497,"ΜΠΟΥΤΛΑΣ,,ΣΠΥΡΙΔΩΝ,ΣΤΥΛΙΑΝΟΣ",11517.51,,1511β01
9ΔΓΑ4690ΒΩ-ΕΑΓ,2025-07-10,": ΠΡΟΜΗΘΕΙΑ ΥΓΕΙΟΝΟΜΙΚΟΥ ΥΛΙΚΟΥ   ΝΟΣΟΚΟΜΕΙΟΥ (ΥΛΙΚΑ ΑΠΟΣΤΕΙΡΩΣΗΣ) ΜΕ ΣΥΜΒΑΣΗ (ΣΥΜ.420/2024) ΓΙΑ ΤΟΝ ΜΗΝΑ ΙΟΥΛΙΟ 2024, ΑΥΓΟΥΣΤΟ 2024 ΣΥΜΦΩΝΑ ΜΕ ΤΙΣ ΔΙΑΤΑΞΕΙΣ ΤΟΥ Ν.5161/2024 αρθ.14  (ΦΕΚ 196/ τ.Α΄/29-11-2024",999685389,ΠΕΤΡΟΣ ΧΑΡ ΚΟΣΜΙΔΗΣ ΚΑΙ ΣΙΑ ΕΕ,11851.28,,1311β01
ΨΥΤΗ4690ΒΩ-Ο0Ι,2025-07-10,ΠΡΟΜΗΘΕΙΑ ΥΓΕΙΟΝΟΜΙΚΟΥ ΥΛΙΚΟΥ   ΝΟΣΟΚΟΜΕΙΟΥ (ΓΑΖΑ) ΜΕ ΣΥΜΒΑΣΗ (ΣΥΜ.298/2024) ΓΑ ΤΟΝ ΜΗΝΑ ΙΟΥΝΙΟ 2024 ΣΥΜΦΩΝΑ ΜΕ ΤΙΣ ΔΙΑΤΑΞΕΙΣ ΤΟΥ Ν.5161/2024 αρθ.14  (ΦΕΚ 196/ τ.Α΄/29-11-2024),093628458,BBD ΝΙΚΟΛΑΟΣ ΛΑΙΝΙΩΤΗΣ ΑΕΒΕ ΠΑΡΑΓΩΓΗ ΕΙΣΑΓΩΓΗ ΚΑΙ ΕΜΠΟΡΙΑ ΥΓΕΙΟΝΟΜΙΚΟΥ ΥΛΙΚΟΥ ΑΝΩΝΥΜΟΣ ΕΜΠΟΡΙΚΗ ΒΙΟΜΗΧΑΝΙΚΗ ΕΤΑΙΡΕΙΑ,2881.5,,1311β01
ΨΥΣΙ4690ΒΩ-0ΛΝ,2025-07-10,: ΠΡΟΜΗΘΕΙΑ ΥΓΕΙΟΝΟΜΙΚΟΥ ΥΛΙΚΟΥ   ΝΟΣΟΚΟΜΕΙΟΥ (ΓΑΖΑ) ΜΕ ΣΥΜΒΑΣΗ (ΣΥΜ.298/2024) ΓΑ ΤΟΝ ΜΗΝΑ ΙΟΥΝΙΟ 2024 ΣΥΜΦΩΝΑ ΜΕ ΤΙΣ ΔΙΑΤΑΞΕΙΣ ΤΟΥ Ν.5161/2024 αρθ.14  (ΦΕΚ 196/ τ.Α΄/29-11-2024),093628458,BBD ΝΙΚΟΛΑΟΣ ΛΑΙΝΙΩΤΗΣ ΑΕΒΕ ΠΑΡΑΓΩΓΗ ΕΙΣΑΓΩΓΗ ΚΑΙ ΕΜΠΟΡΙΑ ΥΓΕΙΟΝΟΜΙΚΟΥ ΥΛΙΚΟΥ ΑΝΩΝΥΜΟΣ ΕΜΠΟΡΙΚΗ ΒΙΟΜΗΧΑΝΙΚΗ ΕΤΑΙΡΕΙΑ,4058.96,,1311β01
9ΟΣΓ4690ΒΩ-ΟΙΚ,2025-07-10,"ΠΡΟΜΗΘΕΙΑ ΕΝΤΥΠΩΝ ΚΑΙ ΔΕΛΤΙΩΝ ΜΗΧΑΝΟΓΡΑΦΗΣΗΣ ΝΟΣΟΚΟΜΕΙΟΥ ΜΕ ΣΥΜΒΑΣΗ (ΣΥΜ.576/2023 ) ΓΙΑ ΤΟΥΣ ΜΗΝΕΣ ΦΕΒΡΟΥΑΡΙΟ 2024,ΜΑΡΤΙΟ 2024,",084257020,ΚΩΝΣΤΑΝΤΙΝΟΣ ΚΑΙ ΕΥΑΓΓΕΛΟΣ ΚΑΤΣΑΝΑΚΗΣ ΟΕ,1902.16,,1293α01
9ΟΣΓ4690ΒΩ-ΟΙΚ,2025-07-10,"ΠΡΟΜΗΘΕΙΑ ΕΝΤΥΠΩΝ ΚΑΙ ΔΕΛΤΙΩΝ ΜΗΧΑΝΟΓΡΑΦΗΣΗΣ ΝΟΣΟΚΟΜΕΙΟΥ ΜΕ ΣΥΜΒΑΣΗ (ΣΥΜ.576/2023 ) ΓΙΑ ΤΟΥΣ ΜΗΝΕΣ ΦΕΒΡΟΥΑΡΙΟ 2024,ΜΑΡΤΙΟ 2024,",084257020,ΚΩΝΣΤΑΝΤΙΝΟΣ ΚΑΙ ΕΥΑΓΓΕΛΟΣ ΚΑΤΣΑΝΑΚΗΣ ΟΕ,3231.44,,1293β01
9ΜΙΝ4690ΒΩ-ΨΜΑ,2025-07-10,"ΠΡΟΜΗΘΕΙΑ ΥΓΕΙΟΝΟΜΙΚΟΥ ΥΛΙΚΟΥ   ΝΟΣΟΚΟΜΕΙΟΥ (ΓΑΖΑ) ΜΕ ΣΥΜΒΑΣΗ (ΣΥΜ.378/2024) ΓΙΑ ΤΟΥΣ ΜΗΝΕΣ ΙΟΥΝΙΟ 2024, ΑΥΓΟΥΣΤΟ 2024 ΝΟΕΜΒΡΙΟΣ 2024 ΣΥΜΦΩΝΑ ΜΕ ΤΙΣ ΔΙΑΤΑΞΕΙΣ ΤΟΥ Ν.5161/2024 αρθ.14  (ΦΕΚ 196/ τ.Α΄/29-11-2024) ΔΙΚΑΙΟΛΟΓΗΤΙΚΑ : ΠΑΡΑΣΤΑΤΙΚΑ :233000,233040,8239,238827,238883,238964",093628458,BBD ΝΙΚΟΛΑΟΣ ΛΑΙΝΙΩΤΗΣ ΑΕΒΕ ΠΑΡΑΓΩΓΗ ΕΙΣΑΓΩΓΗ ΚΑΙ ΕΜΠΟΡΙΑ ΥΓΕΙΟΝΟΜΙΚΟΥ ΥΛΙΚΟΥ ΑΝΩΝΥΜΟΣ ΕΜΠΟΡΙΚΗ ΒΙΟΜΗΧΑΝΙΚΗ ΕΤΑΙΡΕΙΑ,11064.96,,1311β01
99ΦΦ4690ΒΩ-ΓΑΧ,2025-07-10,"ΠΡΟΜΗΘΕΙΑ ΕΝΤΥΠΩΝ ΚΑΙ ΔΕΛΤΙΩΝ ΜΗΧΑΝΟΓΡΑΦΗΣΗΣ ΝΟΣΟΚΟΜΕΙΟΥ ΜΕ ΣΥΜΒΑΣΗ (ΣΥΜ.575/2023 ) ΓΙΑ ΤΟΥΣ ΜΗΝΕΣ ΦΕΒΡΟΥΑΡΙΟ 2024,ΜΑΡΤΙΟ 2024,ΙΟΥΝΙΟ 2024,ΟΚΤΩΒΡΙΟ 2024",125190308,"ΣΥΜΕΩΝΙΔΗΣ,,ΧΑΡΑΛΑΜΠΟΣ,ΒΑΣΙΛΕΙΟΣ",1952.88,,1293β01
ΨΓΑΩ4690ΒΩ-Ι2Υ,2025-07-10,"ΠΡΟΜΗΘΕΙΑ ΑΡΤΟΣΚΕΥΑΣΜΑΤΩΝ ΜΕ ΣΥΜΒΑΣΗ ΤΟΥΣ ΜΗΝΕΣ ΝΟΕΜΒΡΙΟ,ΔΕΚΕΜΒΡΙΟ  2024,ΙΑΝΟΥΑΡΙΟ 2025 (ΣΥΜΒ.242/2024  ΧΕ 936/2025)  ΣΥΜΦΩΝΑ ΜΕ ΤΙΣ ΔΙΑΤΑΞΕΙΣ ΤΟΥ Ν. 5216/2025 αρθ.44 (ΦΕΚ 118 /τ. Α'/ 07-07-2025)",042175625,"ΦΙΛΟΣΟΓΛΟΥ,,ΙΟΡΔΑΝΗΣ,ΓΕΩΡΓΙΟΣ",1787.89,,1511α01
ΨΓΑΩ4690ΒΩ-Ι2Υ,2025-07-10,"ΠΡΟΜΗΘΕΙΑ ΑΡΤΟΣΚΕΥΑΣΜΑΤΩΝ ΜΕ ΣΥΜΒΑΣΗ ΤΟΥΣ ΜΗΝΕΣ ΝΟΕΜΒΡΙΟ,ΔΕΚΕΜΒΡΙΟ  2024,ΙΑΝΟΥΑΡΙΟ 2025 (ΣΥΜΒ.242/2024  ΧΕ 936/2025)  ΣΥΜΦΩΝΑ ΜΕ ΤΙΣ ΔΙΑΤΑΞΕΙΣ ΤΟΥ Ν. 5216/2025 αρθ.44 (ΦΕΚ 118 /τ. Α'/ 07-07-2025)",042175625,"ΦΙΛΟΣΟΓΛΟΥ,,ΙΟΡΔΑΝΗΣ,ΓΕΩΡΓΙΟΣ",3693.53,,1511β01
6ΙΨΨ4690ΒΩ-769,2025-07-10,"ΠΡΟΜΗΘΕΙΑ ΝΩΠΩΝ ΠΟΥΛΕΡΙΚΩΝ ΜΕ ΣΥΜΒΑΣΗ ΤΟΥΣ ΜΗΝΕΣ ΦΕΒΡΟΠΥΑΡΙΟ,ΜΑΡΤΙΟ,ΑΠΡΙΛΙΟ 2025 (ΣΥΜΒ.78/2025) ΣΥΜΦΩΝΑ ΜΕ ΤΙΣ ΔΙΑΤΑΞΕΙΣ ΤΟΥ Ν. 5216/2025 αρθ.44 (ΦΕΚ 118 /τ. Α'/ 07-07-2025",081932139,ΑΜΒΡΟΣΙΑΔΗΣ ΠΑΡΑΓΩΓΗ ΚΑΙ ΕΜΠΟΡΙΑ ΠΤΗΝΟΤΡΟΦΙΚΩΝ ΖΩΙΚΩΝ ΠΡΟΙΟΝΤΩΝ ΑΝΩΝΥΜΗ ΒΙΟΜΗΧΑΝΙΚΗ ΕΜΠΟΡΙΚΗ ΕΤΑΙΡΙΑ,13564.81,,1511α01
Ψ61Ξ4690ΒΩ-ΔΕΙ,2025-07-10,"ΠΡΟΜΗΘΕΙΑ ΚΡΕΑΤΩΝ ΜΕ ΣΥΜΒΑΣΗ ΤΟΥΣ ΜΗΝΕΣ ΦΕΒΡΟΥΑΡΙΟ,ΜΑΡΤΙΟ,ΑΠΡΙΛΙΟ 2025(ΣΥΜΒ.77/2025) ΣΥΜΦΩΝΑ ΜΕ ΤΙΣ ΔΙΑΤΑΞΕΙΣ ΤΟΥ Ν. 5216/2025 αρθ.44 (ΦΕΚ 118 /τ. Α'/ 07-07-2025",027877497,"ΜΠΟΥΤΛΑΣ,,ΣΠΥΡΙΔΩΝ,ΣΤΥΛΙΑΝΟΣ",19372.75,,1511α01
ΨΦ124690ΒΩ-Β0Θ,2025-07-10,": ΠΡΟΜΗΘΕΙΑ ΛΟΙΠΟΥ ΧΗΜΙΚΟΥ ΥΛΙΚΟΥ (ΑΝΤΙΔΡΑΣΤΗΡΙΩΝ ΑΙΜΑΤΟΛΟΓΙΚΩΝ ΤΕΣΤ ME ΣΥΝΟΔΟ ΕΞΟΠΛΙΣΜΟ) ΜΕ ΣΥΜΒΑΣΗ ΤΟΥΣ ΜΗΝΕΣ ΙΟΥΝΙΟ,ΙΟΥΛΙΟ,ΣΕΠΤΕΜΒΡΙΟ,ΟΚΤΩΒΡΙΟ,ΝΟΕΜΒΡΙΟ 2024 (ΣΥΜΒ. 245/2023 ΧΕ 1289/2024)",094456875,SIEMENS HEALTHINEERS ΕΛΛΑΣ ΜΟΝΟΠΡΟΣΩΠΗ ΑΝΩΝΥΜΗ ΕΤΑΙΡΕΙΑ,90472.19,,1359β01
Ρ9Γ24690ΒΩ-7ΟΧ,2025-07-09,"ΑΜΟΙΒΗ ΙΑΤΡΟΥ ΕΡΓΑΣΙΑΣ ΜΕ ΣΥΜΒΑΣΗ ΓΙΑ 4,11,25/4/2025(18 ΩΡΕΣ Χ 35,00) , 2,16,23,30/5/2025 (24 ΩΡΕΣ Χ35,00 ) (ΣΥΜΒ. 472/2024 ΧΕ 3228/2024)",143463998,"ΔΡΙΒΑ,,ΧΡΙΣΤΙΝΑ,ΓΕΩΡΓΙΟΣ",1470.0,,0419α01
ΨΡΘΧ4690ΒΩ-ΩΦΞ,2025-07-03,ΠΡΟΜΗΘΕΙΑ ΥΓΕΙΟΝΟΜΙΚΟΥ ΥΛΙΚΟΥ (ΣΥΣΚΕΥΕΣ ΚΑΙ ΟΡΓΑΝΑ ΕΓΧΥΣΗΣ) ΜΕ ΣΥΜΒΑΣΗ ΤΟΝ ΜΗΝΑ ΦΕΒΡΟΥΑΡΙΟ 2024 (ΣΥΜΒ.49/2024) ΑΠΑΞ ΠΑΡΑΓΓΕΛΙΑ ΣΥΜΦΩΝΑ ΜΕ ΤΙΣ ΔΙΑΤΑΞΕΙΣ ΤΟΥ Ν. 5161/2024 αρθ.14 (ΦΕΚ 196/τ. Α΄/29-11-2024,094503580,ΕΝΟΡΑΣΙΣ ΑΝΩΝΥΜΗ ΕΜΠ  ΙΑΤΡΙΚΩΝ ΥΛΙΚΩΝ ΚΑΙ  ΜΗΧΑΝΗΜΑΤΩΝ ΚΑΙ ΙΑΤΡΙΚΩΝ ΥΛΙΚΩΝ ΚΑΙ ΜΗΧΑΝΗΜΑΤ,11755.2,,1311β01
99ΦΖ4690ΒΩ-Ζ5Θ,2025-07-03,: ΠΡΟΜΗΘΕΙΑ ΥΓΕΙΟΝΟΜΙΚΟΥ ΥΛΙΚΟΥ (ΣΥΣΚΕΥΕΣ ΚΑΙ ΟΡΓΑΝΑ ΕΓΧΥΣΗΣ) ΜΕ ΣΥΜΒΑΣΗ ΤΟΝ ΜΗΝΑ ΦΕΒΡΟΥΑΡΙΟ 2024 (ΣΥΜΒ.501/2024) ΣΥΜΦΩΝΑ ΜΕ ΤΙΣ ΔΙΑΤΑΞΕΙΣ ΤΟΥ Ν. 5161/2024 αρθ.14 (ΦΕΚ 196/τ. Α΄/29-11-2024,999324154,ΜΑΡΙΝΑ ΓΕΩΡΓΑΚΗ ΚΑΙ ΣΙΑ ΕΕ,5561.4,,1311β01
6ΔΣΣ4690ΒΩ-Ν70,2025-07-03,ΠΡΟΜΗΘΕΙΑ ΥΓΕΙΟΝΟΜΙΚΟΥ ΥΛΙΚΟΥ (ΣΥΣΚΕΥΕΣ ΚΑΙ ΟΡΓΑΝΑ ΕΓΧΥΣΗΣ) ΜΕ ΣΥΜΒΑΣΗ ΤΟΝ ΜΗΝΑ ΜΑΡΤΙΟ 2024 (ΣΥΜΒ.50/2024) ΣΥΜΦΩΝΑ ΜΕ ΤΙΣ ΔΙΑΤΑΞΕΙΣ ΤΟΥ Ν. 5161/2024 αρθ.14 (ΦΕΚ 196/τ. Α΄/29-11-2024,094356041,ΙΝΕΞ ΑΝΩΝΥΜΗ ΕΜΠΟΡΙΚΗ ΕΤΑΙΡ ΙΑΤΡΙΚΩΝ ΝΟΣΟΚΟΜΕΙΑΚ ΕΙΔΩΝ,7063.54,,1311β01
6ΖΛΨ4690ΒΩ-ΜΜΠ,2025-07-03,: ΠΡΟΜΗΘΕΙΑ ΝΩΠΩΝ ΠΟΥΛΕΡΙΚΩΝ ΜΕ ΣΥΜΒΑΣΗ ΤΟΝ ΜΗΝΑ ΝΟΕΜΒΡΙΟ 2024 (ΣΥΜΒ. 560/2024) ΣΥΜΦΩΝΑ ΜΕ ΤΙΣ ΔΙΑΤΑΞΕΙΣ ΤΟΥ Ν. 5161/2024 αρθ.14 (ΦΕΚ 196/τ. Α΄/29-11-2024,081932139,ΑΜΒΡΟΣΙΑΔΗΣ ΠΑΡΑΓΩΓΗ ΚΑΙ ΕΜΠΟΡΙΑ ΠΤΗΝΟΤΡΟΦΙΚΩΝ ΖΩΙΚΩΝ ΠΡΟΙΟΝΤΩΝ ΑΝΩΝΥΜΗ ΒΙΟΜΗΧΑΝΙΚΗ ΕΜΠΟΡΙΚΗ ΕΤΑΙΡΙΑ,5809.1,,1511β01
ΨΔΤ34690ΒΩ-2Σ5,2025-07-01,": ΑΠΟΔΟΣΗ ΥΠΕΡ ΕΦΚΑ ΚΑΙ ΛΟΙΠΩΝ ΑΣΦΑΛΙΣΤΙΚΩΝ ΤΑΜΕΙΩΝ ΕΠΙ ΤΩΝ ΕΞΟΦΛΗΘΕΝΤΩΝ ΧΕ ΜΙΣΘΟΔΟΣΙΑΣ , ΜΗΝΟΣ ΙΟΥΝΙΟΥ 2025 ( ΕΑΠ)",090003373,ΙΚΑ,62640.21,,3371α01
ΨΔΤ34690ΒΩ-2Σ5,2025-07-01,": ΑΠΟΔΟΣΗ ΥΠΕΡ ΕΦΚΑ ΚΑΙ ΛΟΙΠΩΝ ΑΣΦΑΛΙΣΤΙΚΩΝ ΤΑΜΕΙΩΝ ΕΠΙ ΤΩΝ ΕΞΟΦΛΗΘΕΝΤΩΝ ΧΕ ΜΙΣΘΟΔΟΣΙΑΣ , ΜΗΝΟΣ ΙΟΥΝΙΟΥ 2025 ( ΕΑΠ)",090165560,ΥΠΟΥΡΓΕΙΟ ΟΙΚΟΝΟΜΙΚΩΝ ΓΕΝΙΚΗ   ΔIEYΘΥΝΣΗ  Δ ΚΗΣΥΠ ΞΗΣ Δ ΟΙΚ,5649.24,,3311α01
ΨΔΤ34690ΒΩ-2Σ5,2025-07-01,": ΑΠΟΔΟΣΗ ΥΠΕΡ ΕΦΚΑ ΚΑΙ ΛΟΙΠΩΝ ΑΣΦΑΛΙΣΤΙΚΩΝ ΤΑΜΕΙΩΝ ΕΠΙ ΤΩΝ ΕΞΟΦΛΗΘΕΝΤΩΝ ΧΕ ΜΙΣΘΟΔΟΣΙΑΣ , ΜΗΝΟΣ ΙΟΥΝΙΟΥ 2025 ( ΕΑΠ)",090165560,ΥΠΟΥΡΓΕΙΟ ΟΙΚΟΝΟΜΙΚΩΝ ΓΕΝΙΚΗ   ΔIEYΘΥΝΣΗ  Δ ΚΗΣΥΠ ΞΗΣ Δ ΟΙΚ,93387.37,,3391α01
ΨΔΤ34690ΒΩ-2Σ5,2025-07-01,": ΑΠΟΔΟΣΗ ΥΠΕΡ ΕΦΚΑ ΚΑΙ ΛΟΙΠΩΝ ΑΣΦΑΛΙΣΤΙΚΩΝ ΤΑΜΕΙΩΝ ΕΠΙ ΤΩΝ ΕΞΟΦΛΗΘΕΝΤΩΝ ΧΕ ΜΙΣΘΟΔΟΣΙΑΣ , ΜΗΝΟΣ ΙΟΥΝΙΟΥ 2025 ( ΕΑΠ)",090165560,ΥΠΟΥΡΓΕΙΟ ΟΙΚΟΝΟΜΙΚΩΝ ΓΕΝΙΚΗ   ΔIEYΘΥΝΣΗ  Δ ΚΗΣΥΠ ΞΗΣ Δ ΟΙΚ,5601.8,,3339α01
ΨΖ5Ν4690ΒΩ-36Ζ,2025-07-03,"ΠΡΟΜΗΘΕΙΑ ΧΗΜΙΚΟΥ ΥΛΙΚΟΥ  ΜΕ ΣΥΜΒΑΣΗ ΤΟΥΣ ΜΗΝΕΣ ΜΑΪΟ,ΣΕΠΤΕΜΒΡΙΟ , ΔΕΚΕΜΒΡΙΟ  2024 (ΣΥΜΒ.58/2024 ΧΕ 747/2025)",094027257,ABBOTT LABORATORIES ΕΛΛΑΣ ABEE,19242.44,,1359β01
ΨΛΕΓ4690ΒΩ-ΧΜ9,2025-07-03,"ΠΡΟΜΗΘΕΙΑ  ΕΙΔΩΝ ΠΑΝΤΟΠΩΛΕΙΟΥ ΧΩΡΙΣ ΣΥΜΒΑΣΗ ΜΕ ΑΠΟΦΑΣΗ ΔΣ 45/279-2024 (Θ.56ο),39/5-9-2024 (Θ.14ο) ΤΟΝ ΜΗΝΑ ΝΟΕΜΒΡΙΟ 2024 ΣΥΜΦΩΝΑ ΜΕ ΤΙΣ ΔΙΑΤΑΞΕΙΣ ΤΟΥ Ν. 5161/2024 αρθ.14 (ΦΕΚ 196/τ. Α΄/29-11-2024",095508794,ΘΕΣΣΑΛΙΚΕΣ ΑΝΤΙΠΡΟΣΩΠΕΙΕΣ ΕΠΕ,348.83,,1511β01
9ΛΝ84690ΒΩ-ΘΦ9,2025-07-03,ΠΡΟΜΗΘΕΙΑ ΝΩΠΩΝ ΠΟΥΛΕΡΙΚΩΝ ΜΕ ΣΥΜΒΑΣΗ ΤΟΥΣ ΜΗΝΑ ΝΟΕΜΒΡΙΟ  2024 (ΣΥΜΒ. 311/2022 ΧΕ 140/2023),081932139,ΑΜΒΡΟΣΙΑΔΗΣ ΠΑΡΑΓΩΓΗ ΚΑΙ ΕΜΠΟΡΙΑ ΠΤΗΝΟΤΡΟΦΙΚΩΝ ΖΩΙΚΩΝ ΠΡΟΙΟΝΤΩΝ ΑΝΩΝΥΜΗ ΒΙΟΜΗΧΑΝΙΚΗ ΕΜΠΟΡΙΚΗ ΕΤΑΙΡΙΑ,1092.56,,1511β01
96Θ04690ΒΩ-4ΗΓ,2025-07-03,ΠΡΟΜΗΘΕΙΑ ΓΙΑΟΥΡΤΙΟΥ ΜΕ ΣΥΜΒΑΣΗ ΤΟN ΜΗΝA  NOΕΜΒΡΙO 2024 (ΣΥΜΒ. 494/2024) ΣΥΜΦΩΝΑ ΜΕ ΤΙΣ ΔΙΑΤΑΞΕΙΣ ΤΟΥ Ν. 5161/2024 αρθ.14 (ΦΕΚ 196/τ. Α΄/29-11-2024,095508794,ΘΕΣΣΑΛΙΚΕΣ ΑΝΤΙΠΡΟΣΩΠΕΙΕΣ ΕΠΕ,2478.09,,1511β01
9Β7Η4690ΒΩ-3ΣΨ,2025-07-03,ΠΡΟΜΗΘΕΙΑ ΕΙΔΩΝ ΠΑΝΤΟΠΩΛΕΙΟΥ ΜΕ ΣΥΜΒΑΣΗ ΤΟΝ ΜΗΝΑ NOEMΒΡΙΟ 2024  (ΣΥΜΒ.562/2024) ΣΥΜΦΩΝΑ ΜΕ ΤΙΣ ΔΙΑΤΑΞΕΙΣ ΤΟΥ Ν. 5161/2024 αρθ.14 (ΦΕΚ 196/τ. Α΄/29-11-2024,095508794,ΘΕΣΣΑΛΙΚΕΣ ΑΝΤΙΠΡΟΣΩΠΕΙΕΣ ΕΠΕ,4951.1,,1511β01
65Ν84690ΒΩ-206,2025-07-02,ΥΠΗΡΕΣΙΕΣ ΚΑΤΑΠΟΛΕΜΗΣΗΣ ΕΠΙΒΛΑΒΩΝ ΕΝΤΟΜΩΝ  ΜΤΕΝΣ  ΜΕ ΣΥΜΒΑΣΗ  ΑΠΟ 1/5/2024  ΕΩΣ 31/12/2024 (ΣΥΜΒ. 250/2024),135133278,"ΜΑΡΓΕΛΟΥ,,ΣΟΦΙΑ,ΔΗΜΗΤΡΙΟΣ",41.27,,0419α08
ΨΓ864690ΒΩ-ΦΦΦ,2025-07-02,ΚΑΤΑΠΟΛΕΜΗΣΗΣ ΕΠΙΒΛΑΒΩΝ ΕΝΤΟΜΩΝ ΜΕ ΣΥΜΒΑΣΗ ΑΠΟ 1/5/2024 ΕΩΣ 31/12/2024 (ΣΥΜΒ. 250/2024),135133278,"ΜΑΡΓΕΛΟΥ,,ΣΟΦΙΑ,ΔΗΜΗΤΡΙΟΣ",667.92,,0419β01
ΨΡΨΝ4690ΒΩ-16Ξ,2025-07-02,: ΥΠΗΡΕΣΙΕΣ ΚΑΤΑΠΟΛΕΜΗΣΗΣ ΕΠΙΒΛΑΒΩΝ ΕΝΤΟΜΩΝ  ΞΕΝΩΝΑ ΄΄ΑΡΙΑΔΝΗ΄΄ ΜΕ ΣΥΜΒΑΣΗ  ΑΠΟ 1/5/2024  ΕΩΣ 31/12/2024 (ΣΥΜΒ. 250/2024),135133278,"ΜΑΡΓΕΛΟΥ,,ΣΟΦΙΑ,ΔΗΜΗΤΡΙΟΣ",41.27,,0419β05
93ΠΒ4690ΒΩ-Β0Ω,2025-07-02,ΥΠΗΡΕΣΙΕΣ ΚΑΤΑΠΟΛΕΜΗΣΗΣ ΕΠΙΒΛΑΒΩΝ ΕΝΤΟΜΩΝ  ΚΨΥ  ΜΕ ΣΥΜΒΑΣΗ  ΑΠΟ 1/5/2024  ΕΩΣ 31/12/2024 (ΣΥΜΒ. 250/2024),135133278,"ΜΑΡΓΕΛΟΥ,,ΣΟΦΙΑ,ΔΗΜΗΤΡΙΟΣ",41.27,,0419β09
Ψ88Χ4690ΒΩ-Υ2Β,2025-07-02,ΥΠΗΡΕΣΙΕΣ ΚΑΤΑΠΟΛΕΜΗΣΗΣ ΕΠΙΒΛΑΒΩΝ ΕΝΤΟΜΩΝ  ΞΕΝΩΝΑ ΄΄ΦΙΛΥΡΑ΄΄ ΜΕ ΣΥΜΒΑΣΗ  ΑΠΟ 1/5/2024  ΕΩΣ 31/12/2024 (ΣΥΜΒ. 250/2024),135133278,"ΜΑΡΓΕΛΟΥ,,ΣΟΦΙΑ,ΔΗΜΗΤΡΙΟΣ",41.27,,0419β06
6ΥΑΔ4690ΒΩ-79Γ,2025-07-02,ΑΠΟΚΑΤΑΣΤΑΣΗ ΛΕΙΤΟΥΡΓΙΑΣ ΣΥΣΤΗΜΑΤΟΣ ΠΥΡΑΝΙΧΝΕΥΣΗΣ ? ΚΑΤΑΣΒΕΣΗΣ CO2 ΣΤΟΝ ΧΩΡΟ ΤΩΝ ΚΕΝΤΡΙΚΩΝ UPS ΜΕ ΣΥΜΒΑΣΗ ΤΟΝ ΜΗΝΑ ΑΥΓΟΥΣΤΟ 2024 (ΣΥΜΒ.478/2024) ΣΥΜΦΩΝΑ ΜΕ ΤΙΣ ΔΙΑΤΑΞΕΙΣ ΤΟΥ Ν. 5161/2024 αρθ.14 (ΦΕΚ 196/τ. Α΄/29-11-2024),999503408,STOPFIRE HELLAS ΙΔΙΩΤΙΚΗ ΕΠΙΧΕΙΡΗΣΗ ΠΑΡΟΧΗΣ ΥΠΗΡΕΣΙΩΝ ΑΣΦΑΛΕΙΑΣ ΟΕ,1302.0,,0879β01
Ρ7ΘΥ4690ΒΩ-ΗΟ9,2025-07-02,ΠΡΟΜΗΘΕΙΑ ΟΡΘΟΠΕΔΙΚΟΥ ΥΛΙΚΟΥ  ΜΕ ΣΥΜΒΑΣΗ  ΤΟΝ ΜΗΝΑ ΑΠΡΙΛΙΟ 2024 (ΣΥΜΒ.141 /2024) ΑΠΑΞ ΠΑΡΑΓΓΕΛΙΑ ΣΥΜΦΩΝΑ ΜΕ ΤΙΣ ΔΙΑΤΑΞΕΙΣ ΤΟΥ Ν. 5161/2024 αρθ.14 (ΦΕΚ 196/τ. Α΄/29-11-2024,999212027,ΙΑΜΕΞ ΙΑΤΡΙΚΑ ΕΙΔΗ ΑΝΩΝΥΜΟΣ ΕΤΑΙΡΙΑ,4345.98,,1313β01
ΨΔΖΜ4690ΒΩ-ΚΤΔ,2025-07-02,: ΠΡΟΜΗΘΕΙΑ ΥΓΕΙΟΝΟΜΙΚΟΥ ΥΛΙΚΟΥ (ΕΡΓΑΛΕΙΑ ΧΕΙΡΟΥΡΓΕΙΟΥ ) ME ΣΥΜΒΑΣΗ ΤΟΝ ΜΗΝΑ ΙΟΥΛΙΟ 2024 (ΣΥΜΒ.439/2024) ΣΥΜΦΩΝΑ ΜΕ ΤΙΣ ΔΙΑΤΑΞΕΙΣ ΤΟΥ Ν. 5161/2024 αρθ.14 (ΦΕΚ 196/τ. Α΄/29-11-2024),997608794,SYNERGY HEALTH CARE ΕΙΣΑΓΩΓΗ ΑΝΤΙΠΡΟΣΩΠΕΥΣΗ ΚΑΙ ΕΜΠΟΡΙΑ ΙΑΤΡΙΚΩΝ ΕΙΔΩΝ ΑΝΩΝΥΜΗ ΕΤΑΙΡΕΙΑ,6800.0,,1311β01
ΨΒΣΕ4690ΒΩ-ΨΜ8,2025-07-02,"ΠΡΟΜΗΘΕΙΑ ΥΓΕΙΟΝΟΜΙΚΟΥ ΥΛΙΚΟΥ (ΗΛΕΚΤΡΟΔΙΑ ) ME ΣΥΜΒΑΣΗ ΓΙΑ ΤΟ ΜΗΝΑ ,ΑΠΡΙΛΙΟ 2024 (ΣΥΜΒ.230 /2024) ΣΥΜΦΩΝΑ ΜΕ ΤΙΣ ΔΙΑΤΑΞΕΙΣ ΤΟΥ Ν.5161/2024 αρθ.14  (ΦΕΚ 196/ τ.Α΄/29-11-2024)",800642060,DENOVO ΙΔΙΩΤΙΚΗ ΚΕΦΑΛΑΙΟΥΧΙΚΗ ΕΤΑΙΡΕΙΑ,3220.5,,1311β01
ΨΚΧΟ4690ΒΩ-ΠΩ5,2025-07-02,ΠΡΟΜΗΘΕΙΑ ΥΓΕΙΟΝΟΜΙΚΟΥ ΥΛΙΚΟΥ (ΧΕΙΡΟΥΡΓΙΚΑ ΜΟΣΧΕΥΜΑΤΑ) ME ΣΥΜΒΑΣΗ ΤΟΝ ΜΗΝΑ ΑΠΡΙΛΙΟ 2024  (ΧΕ 538/2024 ΣΥΜΒ.486/2022),800384318,AXION HEALTH ΕΜΠΟΡΙΑ ΙΑΤΡΟΦΑΡΜΑΚΕΥΤΙΚΩΝ ΠΡΟΙΟΝΤΩΝ ΚΑΛΛΥΝΤΙΚΩΝ ΕΠΕ,8254.65,,1311β01
9Ξ544690ΒΩ-ΡΗ7,2025-07-01,ΠΡΟΜΗΘΕΙΑ  ΥΓΕΙΝΟΜΙΚΟΥ ΥΛΙΚΟΥ (ΕΡΓΑΛΕΙΑ ΧΕΙΡΟΥΡΓΕΙΟΥ ) ΓΙΑ  ΤΟΝ ΜΗΝΑ ΑΥΓΟΥΣΤΟ 2024 ΜΕ ΣΥΜΒΑΣΗ  (ΣΥΜΒ.508/2024)ΣΥΜΦΩΝΑ ΜΕ ΤΙΣ ΔΙΑΤΑΞΕΙΣ ΤΟΥ Ν.5161/2024 αρθ.14  (ΦΕΚ 196/ τ.Α΄/29-11-2024) ΔΙΚΑΙΟΛΟΓΗΤΙΚΑ : ΠΑΡΑΣΤΑΤΙΚΑ :2102,095367968,MEDICARE HELLAS ΑΝΩΝΥΜΗ ΕΤΑΙΡΕΙΑ ΕΜΠΟΡΙΑΣ ΝΟΣΟΚΟΜΕΙΑΚΩΝ ΕΙΔΩΝ,15177.6,,1311β01
6ΥΖΔ4690ΒΩ-ΩΝΕ,2025-07-01,"ΠΡΟΜΗΘΕΙΑ ΥΓΕΙΟΝΟΜΙΚΟΥ ΥΛΙΚΟΥ (ΕΡΓΑΛΕΙΑ ΧΕΙΡΟΥΡΓΕΙΟΥ ) ΓΙΑ ΤΟΝ ΜΗΝΑ ΙΑΝΟΥΑΡΙΟ 2024,ΙΟΥΛΙΟ 2024 ΜΕ ΣΥΜΒΑΣΗ (ΣΥΜΒ.13/2024)ΣΥΜΦΩΝΑ ΜΕ ΤΙΣ ΔΙΑΤΑΞΕΙΣ ΤΟΥ Ν.5161/2024 αρθ.14 (ΦΕΚ 196/ τ.Α΄/29-11-2024)",082525697,ΑΝΑΣΤΑΣΙΟΣ ΜΑΥΡΟΓΕΝΗΣ ΙΑΤΡΟΤΕΧΝΟΛΟΓΙΚΑ ΕΙΔΗ ΑΝΩΝΥΜΗ ΕΤΑΙΡΕΙΑ,10447.0,,1311β01
Ψ8ΤΑ4690ΒΩ-Ζ50,2025-07-01,ΠΡΟΜΗΘΕΙΑ ΥΓΕΙΝΟΜΙΚΟΥ ΥΛΙΚΟΥ (ΕΡΓΑΛΕΙΑ ΧΕΙΡΟΥΡΓΕΙΟΥ ) ΓΙΑ  ΤΟΝ ΜΗΝΑ ΑΥΓΟΥΣΤΟ 2024 ΜΕ ΣΥΜΒΑΣΗ  (ΣΥΜΒ.507/2024)ΣΥΜΦΩΝΑ ΜΕ ΤΙΣ ΔΙΑΤΑΞΕΙΣ ΤΟΥ Ν.5161/2024 αρθ.14  (ΦΕΚ 196/ τ.Α΄/29-11-2024),082525697,ΑΝΑΣΤΑΣΙΟΣ ΜΑΥΡΟΓΕΝΗΣ ΙΑΤΡΟΤΕΧΝΟΛΟΓΙΚΑ ΕΙΔΗ ΑΝΩΝΥΜΗ ΕΤΑΙΡΕΙΑ,9486.0,,1311β01
ΨΟΦΩ4690ΒΩ-ΛΙ1,2025-07-01,"ΠΡΟΜΗΘΕΙΑ ΥΓΕΙΟΝΟΜΙΚΟΥ ΥΛΙΚΟΥ (ΧΕΙΡΟΥΡΓΙΚΑ ΜΟΣΧΕΥΜΑΤΑ) ME ΣΥΜΒΑΣΗ ΤΟΥΣ ΜΗΝΕΣ IANOYΑΡΙΟ 2024,ΦΕΒΡΟΥΑΡΙΟ 2024 ,ΙΟΥΝΙΟ  2024 (ΧΕ 537/2024 ΣΥΜΒ.484/2022)",082525697,ΑΝΑΣΤΑΣΙΟΣ ΜΑΥΡΟΓΕΝΗΣ ΙΑΤΡΟΤΕΧΝΟΛΟΓΙΚΑ ΕΙΔΗ ΑΝΩΝΥΜΗ ΕΤΑΙΡΕΙΑ,18258.88,,1311β01
6ΗΧΠ4690ΒΩ-8ΝΧ,2025-07-01,ΥΠΗΡΕΣΙΕΣ ΑΣΘΕΝΟΦΟΡΩΝ ΓΙΑ ΤΗΝ ΕΞΥΠΗΡΕΤΣΗ ΔΕΥΤΕΡΟΓΕΝΩΝ ΔΙΑΚΟΜΙΔΩΝ ΜΕ ΣΥΜΒΑΣΗ  ΑΠΟ  1/4/2024 ΕΩΣ 19/4/2024  (ΣΥΜΒ. 53/2024 ΧΕ 1650/2024),801448170,ΘΕΣΣΑΛΙΚΗ ΙΑΤΡΟΝΟΣΗΛΕΥΤΙΚΗ ΦΡΟΝΤΙΔΑ Ι Κ Ε,5940.75,,0439α01
ΡΩΤ74690ΒΩ-8ΝΟ,2025-07-01,: ΣΥΝΤΗΡΗΣΗ ΕΠΙΣΚΕΥΗ ΜΗΧΑΝΗΜΑΤΩΝ  ΓΙΑ ΤΟΝ ΜΗΝΑ ΙΟΥΛΙΟ 2024 ΜΕ ΣΥΜΒΑΣΗ  (ΣΥΜ.376/2024) ΣΥΜΦΩΝΑ ΜΕ ΤΙΣ ΔΙΑΤΑΞΕΙΣ ΤΟΥ Ν. 5161/2024 αρθ.14 (ΦΕΚ 196/τ.Α΄/29-11-2024,094075360,ΚΩΣΤΑΣ Α ΠΑΠΑΕΛΛΗΝΑΣ ΕΛΛΑΣ ΑΝΩΝΥΜΟΣ ΕΜΠΟΡIΚΗ ΒΙΟΜΗΧΑΝΙΚΗ ΕΤΑΙΡΕΙΑ,5225.97,,0887β01
9ΨΧΨ4690ΒΩ-Ι3Μ,2025-07-01,ΥΠΗΡΕΣΙΕΣ ΥΠΟΣΤΗΡΙΞΗΣ ΣΥΣΤΗΜΑΤΩΝ ΠΛΗΡΟΦΟΡΙΚΗΣ ΜΕ ΣΥΜΒΑΣΗ ΑΠΟ 22/10/2024  ΕΩΣ 21/12/2024 (ΣΥΜΒ.606/2022  ΧΕ 1976/2023),095403136,COMPUTER SOLUTIONS ΑΝΩΝΥΜΗ ΒΙΟΜΗΧΑΝΙΚΗ ΚΑΙ ΕΜΠΟΡΙΚΗ ΕΤΑΙΡΕΙΑ ΠΛΗΡΟΦΟΡΙΚΗΣ,21452.0,,0426β01
Ψ4ΧΑ4690ΒΩ-936,2025-07-01,ΕΠΕΚΤΑΣΗ ΠΛΗΡΟΦΟΡΙΑΚΟΥ ΣΥΣΤΗΜΑΤΟΣ ΄΄ ΑΣΚΛΗΠΙΟΣ ΄΄ ΓΙΑ ΤΗΝ ΠΛΗΡΗ ΕΦΑΡΜΟΓΗ ΤΟΥ ΣΥΣΤΗΜΑΤΟΣ ΚΟΣΤΟΛΟΓΗΣΗΣ ΝΟΣΟΚΟΜΕΙΑΚΩΝ ΥΠΗΡΕΣΙΩΝ (ΣυΚΝΥ(DRGS) ΜΕ  ΣΥΜΒΑΣΗ ΤΟΝ ΜΗΝΑ ΝΟΕΜΒΡΙΟ 2024  (ΣΥΜΒ.174/2024),095403136,COMPUTER SOLUTIONS ΑΝΩΝΥΜΗ ΒΙΟΜΗΧΑΝΙΚΗ ΚΑΙ ΕΜΠΟΡΙΚΗ ΕΤΑΙΡΕΙΑ ΠΛΗΡΟΦΟΡΙΚΗΣ,14880.0,,0426β01
ΡΨΓ94690ΒΩ-ΔΥ1,2025-07-01,ΑΥΤΟΜΑΤΗ ΕΓΓΡΑΦΗ (ΤΡΑΠΕΖΙΚΑ ΕΞΟΔΑ) ΛΟΓΑΡΙΑΣΜΟΥ ΓΙΑ ΠΛΗΡΩΜΕΣ  ΠΡΟΜΗΘΕΥΤΩΝ,094014213,ΤΡΑΠΕΖΑ ΤΗΣ ΕΛΛΑΔΟΣ ΑΕ,53.15,,0431α01
Ρ43Β4690ΒΩ-Ε9Κ,2025-07-01,"ΑΠΟΔΟΣΗ ΥΠΕΡ ΕΦΚΑ ΚΑΙ ΛΟΙΠΩΝ ΑΣΦΑΛΙΣΤΙΚΩΝ ΤΑΜΕΙΩΝ ΕΠΙ ΤΩΝ ΕΞΟΦΛΗΘΕΝΤΩΝ ΧΕ ΜΙΣΘΟΔΟΣΙΑΣ ΑΠΟΓΕΥΜΑΤΙΝΩΝ ΧΕΙΡΟΥΡΓΕΙΩΝ , ΜΗΝΟΣ ΙΟΥΝΙΟΥ 2025 ( ΤΑΜΕΙΟΥ ΑΝΑΚΑΜΨΗΣ  Φ100 )",090165560,ΥΠΟΥΡΓΕΙΟ ΟΙΚΟΝΟΜΙΚΩΝ ΓΕΝΙΚΗ   ΔIEYΘΥΝΣΗ  Δ ΚΗΣΥΠ ΞΗΣ Δ ΟΙΚ,264.0,,3311α01
Ρ43Β4690ΒΩ-Ε9Κ,2025-07-01,"ΑΠΟΔΟΣΗ ΥΠΕΡ ΕΦΚΑ ΚΑΙ ΛΟΙΠΩΝ ΑΣΦΑΛΙΣΤΙΚΩΝ ΤΑΜΕΙΩΝ ΕΠΙ ΤΩΝ ΕΞΟΦΛΗΘΕΝΤΩΝ ΧΕ ΜΙΣΘΟΔΟΣΙΑΣ ΑΠΟΓΕΥΜΑΤΙΝΩΝ ΧΕΙΡΟΥΡΓΕΙΩΝ , ΜΗΝΟΣ ΙΟΥΝΙΟΥ 2025 ( ΤΑΜΕΙΟΥ ΑΝΑΚΑΜΨΗΣ  Φ100 )",090165560,ΥΠΟΥΡΓΕΙΟ ΟΙΚΟΝΟΜΙΚΩΝ ΓΕΝΙΚΗ   ΔIEYΘΥΝΣΗ  Δ ΚΗΣΥΠ ΞΗΣ Δ ΟΙΚ,2974.2,,3391α01
96ΜΚ4690ΒΩ-63Ω,2025-07-01,"ΠΡΟΜΗΘΕΙΑ ΦΑΡΜΑΚΕΥΤΙΚΟΥ ΥΛΙΚΟΥ ΝΟΣΟΚΟΜΕΙΟΥ ΓΙΑ ΤΟΥΣ ΜΗΝΕΣ ΙΑΝΟΥΑΡΙΟ ΕΩΣ ΙΟΥΛΙΟ 2024 (ΓΔΟΥ/οικ.59434/31-7-2018) ΠΡΟΣΘΕΤΟ REBATE Β' ΕΞΑΜΗΝΟΥ 2022 (6,68) & REBATE A΄ΕΞΑΜΗΝΟΥ 2023 (56,18) THΣ ΠΑΡ.3 TOY AΡΘΡΟ 35 TOY N. 3918/2011) & ΣΥΜΦΩΝΑ ΜΕ ΤΙΣ ΔΙΑΤΑΞΕΙΣ ΤΟΥ Ν.5161/2024 αρθ.14 (ΦΕΚ 196/ τ.Α΄/29-11-2024)",094063416,GALENICA ΦΑΡΜΑΚΕΥΤΙΚΗ ΒΙΟΜΗΧΑΝΙΑ ΑΝΩΝΥΜΗ ΕΤΑΙΡΕΙΑ,982.66,,1312β01
ΨΘΣΕ4690ΒΩ-Φ74,2025-07-01,"ΚΑΤΑΒΟΛΗ ΠΟΣΟΥ ΣΕ ΕΚΤΕΛΕΣΗ ΤΗΣ ΥΠ ΑΡΙΘ. 843/2021 ΑΠΟΦΑΣΗ ΤΟΥ ΜΟΜΟΜΕΛΟΥΣ ΠΡΩΤΟΔΙΚΕΙΟΥ ΒΟΛΟΥ (ΔΙΑΔΙΚΑΣΙΑ ΑΣΦΑΛΙΣΤΙΚΑ ΜΕΤΡΑ ) 92Η ΔΟΣΗΣ ΔΙΑΚΑΝΟΝΙΣΜΟΥ ΟΦΕΙΛΩΝ ΦΙΛΥΡΑ, ΣΥΜΦΩΝΑ ΜΕ ΤΑ ΙΔΙΩΤΙΚΑ ΣΥΜΦΩΝΗΤΙΚΑ ΡΥΘΜΙΣΗΣ ΟΦΕΙΛΩΝ ΜΕ ΑΡΙΘ.20454,20463,20458 ΤΗΣ 23/11/17 ΤΗ ΓΝΩΜΑΤΕΥΣΗ ΜΕ ΑΡΙΘ.6305/20-03-2019 ΤΗΣ ΔΙΚΗΓΟΡΟΥ ΚΑΙ ΤΟ ΠΡΑΚΤΙΚΟ ΔΣ 13/04-04-2019 ΘΕΜΑ 7.(ΠΑΡΟΧΗ 10103869)",090071204,ΔΗΜΟΤΙΚΗ ΕΠΙΧΕΙΡΗΣΗ ΥΔΡΕΥΣΗΣ ΑΠΟΧΕΤΕΥΣΗΣ ΒΟΛΟΥ,25.0,,0841α06
ΨΩΒ94690ΒΩ-ΗΔΙ,2025-07-01,"ΚΑΤΑΒΟΛΗ ΠΟΣΟΥ ΣΕ ΕΚΤΕΛΕΣΗ ΤΗΣ ΥΠ ΑΡΙΘ. 843/2021 ΑΠΟΦΑΣΗ ΤΟΥ ΜΟΜΟΜΕΛΟΥΣ ΠΡΩΤΟΔΙΚΕΙΟΥ ΒΟΛΟΥ (ΔΙΑΔΙΚΑΣΙΑ ΑΣΦΑΛΙΣΤΙΚΑ ΜΕΤΡΑ ) 92Η ΔΟΣΗΣ ΔΙΑΚΑΝΟΝΙΣΜΟΥ ΟΦΕΙΛΩΝ ΝΟΣΟΚΟΜΕΙΟΥ , ΣΥΜΦΩΝΑ ΜΕ ΤΑ ΙΔΙΩΤΙΚΑ ΣΥΜΦΩΝΗΤΙΚΑ ΡΥΘΜΙΣΗΣ ΟΦΕΙΛΩΝ ΜΕ ΑΡΙΘ.20454,20463,20458 ΤΗΣ 23/11/17 ΤΗ ΓΝΩΜΑΤΕΥΣΗ ΜΕ ΑΡΙΘ.6305/20-03-2019 ΤΗΣ ΔΙΚΗΓΟΡΟΥ ΚΑΙ ΤΟ ΠΡΑΚΤΙΚΟ ΔΣ 13/04-04-2019 ΘΕΜΑ 7.( Α. ΠΑΡΟΧΩΝ 7763214,1473345)",090071204,ΔΗΜΟΤΙΚΗ ΕΠΙΧΕΙΡΗΣΗ ΥΔΡΕΥΣΗΣ ΑΠΟΧΕΤΕΥΣΗΣ ΒΟΛΟΥ,4504.0,,0841α01
ΨΥ2Φ4690ΒΩ-ΜΟΩ,2025-07-01,"ΦΩΤΙΣΜΟΣ,ΚΙΝΗΣΗ,ΘΕΡΜΑΝΣΗ (ΜΕ ΗΛΕΚΤΡ.Η ΜΕ ΦΥΣΙΚΟ ΑΕΡΙΟ) ΓΙΑ ΚΨΥ ΜΕ ΠΑΡΟΧΗ 440105784-014 ΑΠΟ (01/12/2024- 31/12/2024,01/01/2025-31/01/2025)",090000045,ΔΗΜΟΣΙΑ ΕΠΙΧΕΙΡΗΣΗ ΗΛΕΚΤΡΙΣΜΟΥ ΑΝΩΝΥΜΗ ΕΤΑΙΡΙΑ,1915.0,,0842α09
ΨΘ2Ι4690ΒΩ-ΕΘΕ,2025-07-01,"ΦΩΤΙΣΜΟΣ,ΚΙΝΗΣΗ, ΘΕΡΜΑΝΣΗ (ΜΕ ΗΛΕΚΤΡ. Η ΜΕ ΦΥΣΙΚΟ ΑΕΡΙΟ) ΓΙΑ ΑΡΙΑΔΝΗ ΜΕ ΤΗΝ ΠΑΡΟΧΗ 440045821-022 ΑΠΟ (28/01/2025- 25/02/2025,ΑΠΟ 26/02/2025-01/04/2025)",090000045,ΔΗΜΟΣΙΑ ΕΠΙΧΕΙΡΗΣΗ ΗΛΕΚΤΡΙΣΜΟΥ ΑΝΩΝΥΜΗ ΕΤΑΙΡΙΑ,574.0,,0842α05
ΡΟ3Δ4690ΒΩ-Η5Γ,2025-07-01,"ΦΩΤΙΣΜΟΣ,ΚΙΝΗΣΗ,ΘΕΡΜΑΝΣΗ (ΜΕ ΗΛΕΚΤΡ. Η ΜΕ ΦΥΣΙΚΟ ΑΕΡΙΟ)ΦΙΛΥΡΑ ΜΕ ΠΑΡΟΧΗ 440177607-012 ΑΠΟ (01/12/2024- 31/12/2024,01/01/2025-31/01/2025,01/02/2025-28/02/2025,)",090000045,ΔΗΜΟΣΙΑ ΕΠΙΧΕΙΡΗΣΗ ΗΛΕΚΤΡΙΣΜΟΥ ΑΝΩΝΥΜΗ ΕΤΑΙΡΙΑ,3460.0,,0842α06
Ψ9ΥΥ4690ΒΩ-Ι5Χ,2025-07-01,"ΦΩΤΙΣΜΟΣ, ΚΙΝΗΣΗ,ΘΕΡΜΑΝΣΗ (ΜΕ ΗΛΕΚΤΡ.Η ΜΕ ΦΥΣΙΚΟ ΑΕΡΙΟ) ΝΟΣΟΚΟΜΕΙΟΥ ΜΕ ΠΑΡΟΧΗ 37491 ΓΙΑ ΧΡΟΝΙΚΟ ΔΙΑΣΤΗΜΑ ΑΠΟ (01/02/2025-28/02/2025,01/03/2025-31/03/2025)",997998048,ΕΤΑΙΡΕΙΑ ΠΡΟΜΗΘΕΙΑΣ ΑΕΡΙΟΥ ΘΕΣΣΑΛΟΝΙΚΗΣ ΘΕΣΣΑΛΙΑΣ ΜΟΝΟΠΡΟΣΩΠΗ ΑΝΩΝΥΜΟΣ ΕΤΑΙΡΕΙΑ,202455.37,,0842α01
6ΘΤΗ4690ΒΩ-1ΚΟ,2025-06-30,"ΠΡΟΜΗΘΕΙΑ TEST ΑΝΙΧΝΕΥΣΗΣ ΣΤΡΕΠΤΟΚΟΚΚΟΥ, ΜΗΝΟΣ ΙΟΥΛΙΟΥ 2024, ΧΩΡΙΣ ΣΥΜΒΑΣΗ, ΜΕ ΑΠΟΦΑΣΗ ΔΣ 31/11-7-24 Θ.8, ΣΥΜΦΩΝΑ ΜΕ ΤΙΣ ΔΙΑΤΑΞΕΙΣ ΤΟΥ Ν.5161/2024 αρθ.14 (ΦΕΚ 196/ τ.Α΄/29-11-2024) ΝΟΣ",094415660,BIOSNA ΑΝΩΝΥΜΗ ΕΤΑΙΡΕΙΑ ΜΠΑΣΚΛΑΒΑΝΗΣ ΠΕΡΡΟΣ ΔΙΑΓΝΩΣΤΙΚΑ ΧΗΜΙΚΑ,135.68,,1359β01
ΡΜΥΖ4690ΒΩ-ΟΛ2,2025-06-30,": ΠΡΟΜΗΘΕΙΑ ΣΩΛΗΝΩΝ ΣΙΛΙΚΟΝΗΣ ΜΗΝΩΝ ΙΟΥΛΙΟΥ & ΟΚΤΩΒΡΙΟΥ 2024, ΧΩΡΙΣ ΣΥΜΒΑΣΗ, ΜΕ ΑΠΟΦΑΣΕΙΣ ΔΣ 33/25-7-2024 Θ.19 & 45/27-9-24 Θ.40, ΣΥΜΦΩΝΑ ΜΕ ΤΙΣ ΔΙΑΤΑΞΕΙΣ ΤΟΥ Ν.5161/2024 αρθ.14 (ΦΕΚ 196/ τ.Α΄/29-11-2024) ΝΟΣ",998523194,ELECTROCHEM SILICONES ΜΟΝΟΠΡΟΣΩΠΗ ΕΤΑΙΡΙΑ ΠΕΡΙΟΡΙΣΜΕΝΗΣ ΕΥΘΥΝΗΣ,1011.84,,1311β01
Ρ95Τ4690ΒΩ-ΙΦ2,2025-06-30,"ΠΡΟΜΗΘΕΙΑ ΦΑΡΜΑΚΕΥΤΙΚΟΥ ΥΛΙΚΟΥ ΝΟΣΟΚΟΜΕΙΟΥ ΓΙΑ ΤΟΥΣ ΜΗΝΕΣ ΦΕΒΡΟΥΑΡΙΟ, ΑΠΡΙΛΙΟ, ΜΑΪΟ, ΙΟΥΝΙΟ,ΙΟΥΛΙΟ, ΑΥΓΟΥΣΤΟ, ΣΕΠΤΕΜΒΡΙΟ, ΟΚΤΩΒΡΙΟ, ΝΟΕΜΒΡΙΟ & ΔΕΚΕΜΒΡΙΟ 2023 (ΓΔΟΥ/οικ.59434/31-7-2018) ΠΡΟΣΘΕΤΟ CLAW BACK Β΄ΕΞΑΜΗΝΟΥ 2019 (83,76), Β΄ΕΞΑΜΗΝΟΥ 2020 (29,18) & A΄ ΕΞΑΜΗΝΟΥ 2020( 41,83) ΜΙΝΕRVA AE, ΣΥΜΦΩΝΑ ΜΕ ΤΟ ΥΠ΄ΑΡΙΘΜ. Β1β/Γ.Π./οικ. 50231/2017 (ΦΕΚ 2255/Β/2017) ΚΑΙ ΣΥΜΦΩΝΑ ΜΕ ΤΙΣ ΔΙΑΤΑΞΕΙΣ ΤΟΥ Ν.5161/2024 αρθ.14 (ΦΕΚ 196/ τ.Α΄/29-11-2024)",094063416,GALENICA ΦΑΡΜΑΚΕΥΤΙΚΗ ΒΙΟΜΗΧΑΝΙΑ ΑΝΩΝΥΜΗ ΕΤΑΙΡΕΙΑ,1993.55,,1312β01
Ψ9Δ04690ΒΩ-ΜΞΩ,2025-06-30,": ΠΡΟΜΗΘΕΙΑ ΜΕΛΑΝΙΩΝ ΜΕ ΣΥΜΒΑΣΗ ΤΟΝ ΜΗΝΑ ΜΑΡΤΙΟ 2024 (ΣΥΜΒ.623 /23,ΧΕ 893/2024)",997776974,EUROSUPPLIES ΙΚΕ,411.51,,1281β09
937Π4690ΒΩ-ΓΜΣ,2025-06-30,": ΠΡΟΜΗΘΕΙΑ ΜΕΛΑΝΙΩΝ ΜΕ ΣΥΜΒΑΣΗ ΤΟΝ ΜΗΝΕΣ , ΜΑΙΟ 2025,ΙΟΥΛΙΟ 2024 ΟΚΤΩΒΡΙΟ 2024 (ΣΥΜΒ.623 /23,ΧΕ 893/2024 )",997776974,EUROSUPPLIES ΙΚΕ,1010.29,,1281β01
9ΡΚ04690ΒΩ-3ΛΤ,2025-06-30,: ΕΞΟΔΑ ΚΟΙΝΟΧΡΗΣΤΩΝ ΑΚΙΝΗΤΟΥ ΝΟΣΟΚΟΜΕΙΟΥ (ΑΝΑΓΝΩΣΤΟΠΟΥΛΟΥ 23) ΓΙΑ ΤΗΝ ΚΑΛΥΨΗ ΕΚΤΑΚΤΩΝ ΑΝΑΓΚΩΝ,997286291,ΔΙΑΧΕΙΡΙΣΗ ΠΟΛΥΚΑΤΟΙΚΙΑΣ ΑΝΑΓΝΩΣΤΟΠΟΥΛΟΥ 23 ΚΑΙ ΗΡΑΚΛΕΙΤΟΥ 19 ΑΘΗΝΑ,56.13,,0813α01
6ΔΘΑ4690ΒΩ-ΜΗΚ,2025-06-30,": ΠΡΟΜΗΘΕΙΑ ΦΑΡΜΑΚΕΥΤΙΚΟΥ ΥΛΙΚΟΥ ΝΟΣΟΚΟΜΕΙΟΥ ΓΙΑ ΤΟ ΜΗΝΑ ΙΟΥΛΙΟ 2023 (ΓΔΟΥ/οικ.59434/31-7-2018) ΠΡΟΣΘΕΤΟ REBATE Β΄ΕΞΑΜΗΝΟΥ 2022 (76,01) & A' ΕΞΑΜΗΝΟΥ 2023 67,02) THΣ ΠΑΡ.3 TOY AΡΘΡΟ 35 TOY N. 3918/2011) ΚΑΙ ΣΥΜΦΩΝΑ ΜΕ ΤΙΣ ΔΙΑΤΑΞΕΙΣ ΤΟΥ Ν.5161/2024 αρθ.14 (ΦΕΚ 196/ τ.Α΄/29-11-2024)",094465442,ΦΑΡΜΑΖΑΚ ΑΝΩΝΥΜΗ ΦΑΡΜΑΚΕΥΤΙΚΗ ΕΜΠΟΡΙΚΗ ΒΙΟΜΗΧΑΝΙΚΗ ΕΤΑΙΡΕΙΑ,418.17,,1312β01
9Κ6Β4690ΒΩ-845,2025-06-30,"ΠΡΟΜΗΘΕΙΑ ΓΡΑΦΙΚΗΣ ΥΛΗΣ ΜΕ ΣΥΜΒΑΣΗ (ΣΥΜΒ.323/2023,ΧΕ.2279/2023 ) ΓΙΑ ΤΟ ΜΗΝΑ ΔΕΚΕΜΒΡΙΟ 2024",099905778,Β ΠΑΡΑΣΧΟΣ ΚΑΙ ΣΙΑ ΕΕ,1058.34,,1261β01
9ΞΧΒ4690ΒΩ-ΜΥ7,2025-06-30,": ΥΠΗΡΕΣΙΕΣ ΚΑΤΑΠΟΛΕΜΗΣΗΣ ΕΠΙΒΛΑΒΩΝ ΕΝΤΟΜΩΝ ΠΑΛΑΙΑΣ ΚΑΙ ΝΕΑΣ ΠΤΕΡΥΓΑΣ , ΞΕΝΩΝΑ ΦΙΛΟΞΕΝΙΑΣ ΑΣΘΕΝΩΝ ΄΄ ΧΑΡ. ΤΖΙΜΑ ΄΄ ΜΕ ΣΥΜΒΑΣΗ ΑΠΟ 1/1/2024 ΕΩΣ 30/4/2024 (ΣΥΜΒ. 159/2022 ΧΕ 1734/2023)",135133278,"ΜΑΡΓΕΛΟΥ,,ΣΟΦΙΑ,ΔΗΜΗΤΡΙΟΣ",469.96,,0419β01
Ρ4ΝΤ4690ΒΩ-ΜΟ4,2025-06-30,ΥΠΗΡΕΣΙΕΣ ΚΑΤΑΠΟΛΕΜΗΣΗΣ ΕΠΙΒΛΑΒΩΝ ΕΝΤΟΜΩΝ ΚΨΥ ΜΕ ΣΥΜΒΑΣΗ ΑΠΟ 1/2/2024 ΕΩΣ 30/4/2024 (ΣΥΜΒ. 159/2022 XE 1735/2023 ),135133278,"ΜΑΡΓΕΛΟΥ,,ΣΟΦΙΑ,ΔΗΜΗΤΡΙΟΣ",59.92,,0419β09
60ΟΟ4690ΒΩ-Χ0Ψ,2025-06-30,ΥΠΗΡΕΣΙΕΣ ΚΑΤΑΠΟΛΕΜΗΣΗΣ ΕΠΙΒΛΑΒΩΝ ΕΝΤΟΜΩΝ ΞΕΝΩΝΑ ΄΄ ΦΙΛΥΡΑ΄΄ ΜΕ ΣΥΜΒΑΣΗ ΑΠΟ 1/1/2024 ΕΩΣ 30/4/2024 (ΣΥΜΒ. 159/2022 XE 1737/2023),135133278,"ΜΑΡΓΕΛΟΥ,,ΣΟΦΙΑ,ΔΗΜΗΤΡΙΟΣ",69.84,,0419β06
91Β84690ΒΩ-7ΝΦ,2025-06-30,ΥΠΗΡΕΣΙΕΣ ΚΑΤΑΠΟΛΕΜΗΣΗΣ ΕΠΙΒΛΑΒΩΝ ΕΝΤΟΜΩΝ ΣΧΟΛΗ ΑΓΡΙΑΣ ΄΄ΜΤΕΝΣ΄΄ ΜΕ ΣΥΜΒΑΣΗ ΑΠΟ 1/1/2024 ΕΩΣ 30/4/2024 (ΣΥΜΒ. 159/2022 1738/2023),135133278,"ΜΑΡΓΕΛΟΥ,,ΣΟΦΙΑ,ΔΗΜΗΤΡΙΟΣ",59.92,,0419β08
ΨΗΥΝ4690ΒΩ-Β4Π,2025-06-30,ΠΡΟΜΗΘΕΙΑ ΥΓΕΙΟΝΟΜΙΚΟΥ ΥΛΙΚΟΥ (ΕΠΙΔΕΣΜΙΚΟΥ ΥΛΙΚΟΥ ) ΜΕ ΣΥΜΒΑΣΗ ΤΟΝ ΜΗΝΑ ΙΟΥΛΙΟ 2024 (ΣΥΜΒ. 609/2023 ΧΕ 2743/2024),800324752,ΧΡΙΣΤΟΔΟΥΛΟΣ ΑΝΑΓΝΩΣΤΟΥ ΚΑΙ ΣΙΑ ΕΕ,143.51,,1311β01
Ψ9ΙΔ4690ΒΩ-ΟΦΚ,2025-06-30,": ΠΡΟΜΗΘΕΙΑ ΥΓΕΙΟΝΟΜΙΚΟΥ ΥΛΙΚΟΥ (ΙΑΤΡΙΚΟΣ ΡΟΥΧΙΣΜΟΣ ) ΜΕ ΣΥΜΒΑΣΗ ΤΟΥΣ ΜΗΝΕΣ ΦΕΒΡΟΥΑΡΙΟ,ΜΑΡΤΙΟ,ΝΟΕΜΒΡΙΟ 2024 (ΣΥΜΒ.32/2024) ΣΥΜΦΩΝΑ ΜΕ ΤΙΣ ΔΙΑΤΑΞΕΙΣ ΤΟΥ Ν. 5161/2024 αρθ.14 (ΦΕΚ 196/τ. Α΄/29-11-2024",099370337,VIOLAK INTERNATIONAL ΝΟΣΟΚΟΜΕΙΑΚΟΥ ΕΞΟΠΛΙΣΜΟΥ ΑΝΩΝΥΜΗ ΕΜΠΟΡΙΚΗ ΕΤΑΙΡΕΙΑ,2433.44,,1311β01
ΨΘΚ24690ΒΩ-ΝΘΨ,2025-06-30,: ΠΡΟΜΗΘΕΙΑ ΥΓΕΙΟΝΟΜΙΚΟΥ ΥΛΙΚΟΥ ΜΕ ΣΥΜΒΑΣΗ ΤΟΝ ΜΗΝΑ ΦΕΒΡΟΥΑΡΙΟ 2024 (ΣΥΜΒ.37/2024) ΑΠΑΞ ΠΑΡΑΓΓΕΛΙΑ ΣΥΜΦΩΝΑ ΜΕ ΤΙΣ ΔΙΑΤΑΞΕΙΣ ΤΟΥ Ν. 5161/2024 αρθ.14 (ΦΕΚ 196/τ. Α΄/29-11-2024,094503580,ΕΝΟΡΑΣΙΣ ΑΝΩΝΥΜΗ ΕΜΠ  ΙΑΤΡΙΚΩΝ ΥΛΙΚΩΝ ΚΑΙ  ΜΗΧΑΝΗΜΑΤΩΝ ΚΑΙ ΙΑΤΡΙΚΩΝ ΥΛΙΚΩΝ ΚΑΙ ΜΗΧΑΝΗΜΑΤ,4092.0,,1311β01
Ψ3ΑΖ4690ΒΩ-7Μ2,2025-06-30,: ΠΡΟΜΗΘΕΙΑ ΥΓΕΙΟΝΟΜΙΚΟΥ ΥΛΙΚΟΥ ΜΕ ΣΥΜΒΑΣΗ ΤΟΝ ΜΗΝΑ ΦΕΒΡΟΥΑΡΙΟ 2024 (ΣΥΜΒ.36/2024) ΑΠΑΞ ΠΑΡΑΓΓΕΛΙΑ ΣΥΜΦΩΝΑ ΜΕ ΤΙΣ ΔΙΑΤΑΞΕΙΣ ΤΟΥ Ν. 5161/2024 αρθ.14 (ΦΕΚ 196/τ. Α΄/29-11-2024,095367968,MEDICARE HELLAS ΑΝΩΝΥΜΗ ΕΤΑΙΡΕΙΑ ΕΜΠΟΡΙΑΣ ΝΟΣΟΚΟΜΕΙΑΚΩΝ ΕΙΔΩΝ,4169.7,,1311β01
ΨΝΩΩ4690ΒΩ-ΘΨΛ,2025-06-27,ΠΡΟΜΗΘΕΙΑ ΥΓΕΙΟΝΟΜΙΚΟΥ ΥΛΙΚΟΥ ( ΕΡΓΑΛΕΙΑ ΧΕΙΡΟΥΡΓΕΙΟΥ) ΜΕ ΣΥΜΒΑΣΗ ΤΟΝ ΜΗΝΑ ΜΑΪΟ 2024(ΣΥΜΒ.736/2023) ΑΠΑΞ ΠΑΡΑΓΓΕΛΙΑ ΣΥΜΦΩΝΑ ΜΕ ΤΙΣ ΔΙΑΤΑΞΕΙΣ ΤΟΥ Ν. 5161/2024 αρθ.14 (ΦΕΚ 196/τ. Α΄/29-11-2024,082525697,ΑΝΑΣΤΑΣΙΟΣ ΜΑΥΡΟΓΕΝΗΣ ΙΑΤΡΟΤΕΧΝΟΛΟΓΙΚΑ ΕΙΔΗ ΑΝΩΝΥΜΗ ΕΤΑΙΡΕΙΑ,4743.0,,1311β01
ΨΑΓ14690ΒΩ-5Σ1,2025-06-27,ΠΡΟΜΗΘΕΙΑ ΤΡΑΠΕΖΙΚΩΝ ΕΡΓΑΣΙΩΝ ΓΙΑ ΕΞΕΡΧΟΜΕΝΕΣ ΜΕΤΑΦΟΡΕΣ ΠΙΣΤΩΣΕΩΝ ΣΕ ΤΡΑΠΕΖΕΣ ΤΟΥ ΕΞΩΤΕΡΙΚΟΥ  (ΧΕ  1160/2025 ),094014250,EUROBANK ERGASIAS ΥΠΗΡΕΣΙΩΝ ΚΑΙ ΣΥΜΜΕΤΟΧΩΝ ΑΝΩΝΥΜΗ ΕΤΑΙΡΕΙΑ,4.0,,0431α01
ΡΒΦΠ4690ΒΩ-Ι89,2025-06-27,: ΠΡΟΜΗΘΕΙΑ ΥΓΕΙΟΝΟΜΙΚΟΥ ΥΛΙΚΟΥ ( ΕΡΓΑΛΕΙΑ ΧΕΙΡΟΥΡΓΕΙΟΥ) ΜΕ ΣΥΜΒΑΣΗ ΤΟΝ ΜΗΝΑ ΙΑΝΟΥΑΡΙΟ 2024(ΣΥΜΒ.735/2023) ΣΥΜΦΩΝΑ ΜΕ ΤΙΣ ΔΙΑΤΑΞΕΙΣ ΤΟΥ Ν. 5161/2024 αρθ.14 (ΦΕΚ 196/τ. Α΄/29-11-2024,095367968,MEDICARE HELLAS ΑΝΩΝΥΜΗ ΕΤΑΙΡΕΙΑ ΕΜΠΟΡΙΑΣ ΝΟΣΟΚΟΜΕΙΑΚΩΝ ΕΙΔΩΝ,4620.64,,1311β01
93ΩΚ4690ΒΩ-ΦΘΧ,2025-06-27,ΔΗΜΟΣΙΕΥΣΕΙΣ  ΠΡΟΚΗΡΥΞΕΩΝ ΔΙΑΓΩΝΙΣΜΩΝ ΝΟΣΟΚΟΜΕΙΟΥ ΓΙΑ ΤΟ ΜΗΝΑ ΜΑΪΟ 2025,801818159,ΜΟΝΟΤΥΠΙΑ ΜΟΝΟΠΡΟΣΩΠΗ Ι Κ Ε,389.36,,0851α01
6ΦΚΝ4690ΒΩ-7ΗΝ,2025-06-27,"ΠΡΟΜΗΘΕΙΑ ΥΓΕΙΟΝΟΜΙΚΟΥ ΥΛΙΚΟΥ (ΕΡΓΑΛΕΙΑ ΧΕΙΡΟΥΡΓΕΙΟΥ ΙΙ ) ΜΕ ΣΥΜΒΑΣΗ ΤΟΥΣ ΜΗΝΕΣ ΜΑΡΤΙΟ,ΑΠΡΙΛΙΟ  2024 (ΣΥΜΒ. 66/2024)  ΣΥΜΦΩΝΑ ΜΕ ΤΙΣ ΔΙΑΤΑΞΕΙΣ ΤΟΥ Ν. 5161/2024 αρθ.14 (ΦΕΚ 196/τ. Α΄/29-11-2024",082525697,ΑΝΑΣΤΑΣΙΟΣ ΜΑΥΡΟΓΕΝΗΣ ΙΑΤΡΟΤΕΧΝΟΛΟΓΙΚΑ ΕΙΔΗ ΑΝΩΝΥΜΗ ΕΤΑΙΡΕΙΑ,7638.4,,1311β01
6ΣΤ54690ΒΩ-ΘΚ8,2025-06-27,ΠΡΟΜΗΘΕΙΑ ΥΓΕΙΟΝΟΜΙΚΟΥ ΥΛΙΚΟΥ (ΕΡΓΑΛΕΙΑ ΧΕΙΡΟΥΡΓΕΙΟΥ ΙΙ ) ΜΕ ΣΥΜΒΑΣΗ ΤΟΝ ΜΗΝΑ ΜΑΡΤΙΟ 2024 (ΣΥΜΒ. 65/2024) ΑΠΑΞ ΠΑΡΑΓΓΕΛΙΑ ΣΥΜΦΩΝΑ ΜΕ ΤΙΣ ΔΙΑΤΑΞΕΙΣ ΤΟΥ Ν. 5161/2024 αρθ.14 (ΦΕΚ 196/τ. Α΄/29-11-2024,095367968,MEDICARE HELLAS ΑΝΩΝΥΜΗ ΕΤΑΙΡΕΙΑ ΕΜΠΟΡΙΑΣ ΝΟΣΟΚΟΜΕΙΑΚΩΝ ΕΙΔΩΝ,7588.8,,1311β01
92ΞΜ4690ΒΩ-Φ5Π,2025-06-27,ΔΗΜΟΣΙΕΥΣΕΙΣ ΠΡΟΚΗΡΥΞΕΩΝ ΔΙΑΓΩΝΙΣΜΩΝ ΝΟΣΟΚΟΜΕΙΟΥ ΓΙΑ ΤΟ ΜΗΝΑ ΜΑΪΟ 2025,130456160,"ΚΑΡΕΚΛΙΔΗΣ,,ΑΡΧΙΜΗΔΗΣ,ΓΕΩΡΓΙΟΣ",200.68,,0851α01
ΨΘ7Ξ4690ΒΩ-6ΙΨ,2025-06-27,: ΠΡΟΜΗΘΕΙΑ ΥΓΕΙΟΝΟΜΙΚΟΥ ΥΛΙΚΟΥ  (ΕΡΓΑΛΕΙΑ ΧΕΙΡΟΥΡΓΕΙΟΥ  I  ΜΕ ΣΥΜΒΑΣΗ ΤΟΝ ΜΗΝΑ  ΦΕΒΡΟΥΑΡΙΟ 2024 (ΣΥΜΒ.46/2024) ΑΠΑΞ ΠΑΡΑΓΓΕΛΙΑ ΣΥΜΦΩΝΑ ΜΕ ΤΙΣ ΔΙΑΤΑΞΕΙΣ ΤΟΥ Ν. 5161/2024 αρθ.14 (ΦΕΚ 196/τ. Α΄/29-11-2024,094442268,ΠΡΩΤΟΝ Α Ε ΑΝΤΙΠΡ ΙΑΤΡΙΚΩΝ ΕΠΙΣΤΗΜΟΝΙΚΩΝ ΕΙΔΩΝ  ΜΗΧΑΝΗΜ ΚΑΙ ΣΥΣΤΗΜΑΤΩΝ ΑΣΦΑΛΕΙΑΣ ΙΔΙΩΤ ΕΠΙΧ ΠΑΡΟΧ ΥΠΗΡΕΣΙΩΝ ΑΣΦΑΛΕΙΑΣ,4650.0,,1311β01
96Ξ74690ΒΩ-ΚΨΤ,2025-06-27,ΠΡΟΜΗΘΕΙΑ ΥΓΕΙΟΝΟΜΙΚΟΥ ΥΛΙΚΟΥ   (ΕΡΓΑΛΕΙΑ ΧΕΙΡΟΥΡΓΕΙΟΥ ΜΕ ΣΥΜΒΑΣΗ ΤΟΝ ΜΗΝΑ ΙΟΥΝΙΟ 2024 (ΣΥΜΒ. 297/2024) ΣΥΜΦΩΝΑ ΜΕ ΤΙΣ ΔΙΑΤΑΞΕΙΣ ΤΟΥ Ν. 5161/2024 αρθ.14 (ΦΕΚ 196/τ. Α΄/29-11-2024,095367968,MEDICARE HELLAS ΑΝΩΝΥΜΗ ΕΤΑΙΡΕΙΑ ΕΜΠΟΡΙΑΣ ΝΟΣΟΚΟΜΕΙΑΚΩΝ ΕΙΔΩΝ,14266.2,,1311β01
ΨΩΥΗ4690ΒΩ-ΩΙ5,2025-06-27,ΠΡΟΜΗΘΕΙΑ ΥΓΕΙΟΝΟΜΙΚΟΥ ΥΛΙΚΟΥ (ΧΕΙΡΟΥΡΓΙΚΑ ΜΟΣΧΕΥΜΑΤΑ) ME ΣΥΜΒΑΣΗ ΤΟΥΣ ΜΗΝΑ ΙΑΝΟΥΑΡΙΟ  2024   ( ΧΕ 537/2024 ΣΥΜΒ.485/2022),094501826,BECTON DICKINSON HELLAS A E,8113.4,,1311β01
6ΘΧΧ4690ΒΩ-7Ι0,2025-06-27,"ΠΡΟΜΗΘΕΙΑ ΥΓΕΙΟΝΟΜΙΚΟΥ ΥΛΙΚΟY (ΧΕΙΡΟΥΡΓΙΚΑ ΓΑΝΤΙΑ ) ΜΕ ΣΥΜΒΑΣΗ ΤΟΥΣ ΜΗΝΕΣ ΜΑΪΟ,ΙΟΥΝΙΟ,ΙΟΥΛΙΟ,ΑΥΓΟΥΣΤΟ,ΣΕΠΤΕΜΒΡΙΟ,ΝΟΕΜΒΡΙΟ 2024 (ΣΥΜΒ. 239/2024) ΣΥΜΦΩΝΑ ΜΕ ΤΙΣ ΔΙΑΤΑΞΕΙΣ ΤΟΥ Ν. 5161/2024 αρθ.14 (ΦΕΚ 196/τ. Α΄/29-11-2024",998179225,MILONAS HEALTH ΙΑΤΡΙΚΑ ΠΡΟΙΟΝΤΑ ΑΝΩΝΥΜΟΣ ΕΤΑΙΡΕΙΑ,17376.36,,1311β01
6ΖΝΛ4690ΒΩ-ΔΥΑ,2025-06-27,: ΠΡΟΜΗΘΕΙΑ ΥΓΕΙΟΝΟΜΙΚΟΥ ΥΛΙΚΟY (ΧΕΙΡΟΥΡΓΙΚΑ ΓΑΝΤΙΑ ) ΜΕ ΣΥΜΒΑΣΗ ΤΟΝ ΜΗΝΑ ΜΑΪΟ 2024 (ΣΥΜΒ. 240/2024) ΑΠΑΞ ΠΑΡΑΓΓΕΛΙΑ ΣΥΜΦΩΝΑ ΜΕ ΤΙΣ ΔΙΑΤΑΞΕΙΣ ΤΟΥ Ν. 5161/2024 αρθ.14 (ΦΕΚ 196/τ. Α΄/29-11-2024 ΔΙΚΑΙΟΛΟΓΗΤΙΚΑ : ΠΑΡΑΣΤΑΤΙΚΑ :3395,094356041,ΙΝΕΞ ΑΝΩΝΥΜΗ ΕΜΠΟΡΙΚΗ ΕΤΑΙΡ ΙΑΤΡΙΚΩΝ ΝΟΣΟΚΟΜΕΙΑΚ ΕΙΔΩΝ,8089.92,,1311β01
ΨΗΘ54690ΒΩ-3Κ6,2025-06-27,ΠΡΟΜΗΘΕΙΑ ΥΓΕΙΟΝΟΜΙΚΟΥ ΥΛΙΚΟΥ (ΕΡΓΑΛΕΙΑ ΧΕΙΡΟΥΡΓΕΙΟΥ ) ME ΣΥΜΒΑΣΗ ΤΟΝ ΜΗΝΑ ΙΟΥΛΙΟ 2024 (ΣΥΜΒ.436/2024) ΣΥΜΦΩΝΑ ΜΕ ΤΙΣ ΔΙΑΤΑΞΕΙΣ ΤΟΥ Ν. 5161/2024 αρθ.14 (ΦΕΚ 196/τ. Α΄/29-11-2024),082525697,ΑΝΑΣΤΑΣΙΟΣ ΜΑΥΡΟΓΕΝΗΣ ΙΑΤΡΟΤΕΧΝΟΛΟΓΙΚΑ ΕΙΔΗ ΑΝΩΝΥΜΗ ΕΤΑΙΡΕΙΑ,18686.8,,1311β01
6ΝΠ14690ΒΩ-ΑΓΜ,2025-06-27,ΠΡΟΜΗΘΕΙΑ ΥΓΕΙΟΝΟΜΙΚΟΥ ΥΛΙΚΟΥ (ΕΡΓΑΛΕΙΑ ΧΕΙΡΟΥΡΓΕΙΟΥ ) ME ΣΥΜΒΑΣΗ ΤΟΝ ΜΗΝΑ ΑΥΓΟΥΣΤΟ 2024 (ΣΥΜΒ.437/2024) ΣΥΜΦΩΝΑ ΜΕ ΤΙΣ ΔΙΑΤΑΞΕΙΣ ΤΟΥ Ν. 5161/2024 αρθ.14 (ΦΕΚ 196/τ. Α΄/29-11-2024),094442268,ΠΡΩΤΟΝ Α Ε ΑΝΤΙΠΡ ΙΑΤΡΙΚΩΝ ΕΠΙΣΤΗΜΟΝΙΚΩΝ ΕΙΔΩΝ  ΜΗΧΑΝΗΜ ΚΑΙ ΣΥΣΤΗΜΑΤΩΝ ΑΣΦΑΛΕΙΑΣ ΙΔΙΩΤ ΕΠΙΧ ΠΑΡΟΧ ΥΠΗΡΕΣΙΩΝ ΑΣΦΑΛΕΙΑΣ,9647.2,,1311β01
9ΒΘΜ4690ΒΩ-ΛΜ9,2025-06-27,ΠΡΟΜΗΘΕΙΑ ΥΓΕΙΟΝΟΜΙΚΟΥ ΥΛΙΚΟΥ (ΕΡΓΑΛΕΙΑ ΧΕΙΡΟΥΡΓΕΙΟΥ ) ME ΣΥΜΒΑΣΗ ΤΟΝ ΜΗΝΑ ΙΟΥΛΙΟ 2024 (ΣΥΜΒ.438/2024) ΣΥΜΦΩΝΑ ΜΕ ΤΙΣ ΔΙΑΤΑΞΕΙΣ ΤΟΥ Ν. 5161/2024 αρθ.14 (ΦΕΚ 196/τ. Α΄/29-11-2024),095367968,MEDICARE HELLAS ΑΝΩΝΥΜΗ ΕΤΑΙΡΕΙΑ ΕΜΠΟΡΙΑΣ ΝΟΣΟΚΟΜΕΙΑΚΩΝ ΕΙΔΩΝ,4684.1,,1311β01
93ΛΞ4690ΒΩ-Ζ3Σ,2025-06-27,ΒΙΟΪΑΤΡΙΚΟΣ ΕΞΟΠΛΙΣΜΟΣ ΥΠΗΡΕΣΙΕΣ ΕΠΙΣΚΕΥΗΣ ΚΑΙ ΣΥΝΤΗΡΗΣΗΣ ΚΡΑΝΙΟΤΟΜΟΥ ΜΕ ΣΥΜΒΑΣΗ ΤΟΝ ΜΗΝΑ ΜΑΪΟ 2024 (ΣΥΜΒ.254/2024) ΣΥΜΦΩΝΑ ΜΕ ΤΙΣ ΔΙΑΤΑΞΕΙΣ ΤΟΥ Ν. 5161/2024 αρθ.14 (ΦΕΚ 196/τ. Α΄/29-11-2024,998218488,Κ ΤΕΛΙΔΗΣ ΙΑΤΡΙΚΟΣ ΚΑΙ ΝΟΣΟΚΟΜΕΙΑΚΟΣ ΚΑΙ ΧΕΙΡΟΥΡΓΙΚΟΣ ΕΞΟΠΛΙΣΜΟΣ ΑΝΩΝΥΜΗ ΕΙΣΑΓΩΓΙΚΗ ΚΑΙ ΕΜΠΟΡΙΚΗ ΕΤΑΙΡΕΙΑ,4340.0,,0887β01
ΨΤΠΣ4690ΒΩ-760,2025-06-27,ΑΜΟΙΒΗ ΙΔΙΩΤΗ ΙΑΤΡΟΥ ΓΙΑ ΕΦΗΜΕΡΙΕΣ ΣΤΟ ΧΕΙΡΟΥΡΓΙΚΟ ΤΜΗΜΑ ΤΟΝ ΜΗΝΑ ΑΠΡΙΛΙΟ 2025 ΜΕ ΚΑΘΕΣΤΩΣ ΕΚΔΟΣΗΣ ΔΕΛΤΙΟΥ ΑΠΟΔΕΙΞΗΣ ΠΑΡΟΧΗΣ ΥΠΗΡΕΣΙΩΝ ΓΙΑ ΔΥΟ ΜΗΝΕΣ ΣΥΜΦΩΝΑ ΜΕ ΤΗΝ ΑΡΙΘΜ. 67750/7-8-2024  ΑΠΟΦΑΣΗ  ΔΙΟΙΚΗΤΗ 5ης Υ.ΠΕ,113589615,"ΖΙΑΜΑΣ,,ΔΗΜΗΤΡΙΟΣ,ΧΡΗΣΤΟΣ",1250.0,,0413α01
Ψ5Κ94690ΒΩ-ΟΦΩ,2025-06-27,ΤΑΚΤΙΚΕΣ ΑΠΟΔΟΧΕΣ -  ΕΦΗΜΕΡΙΕΣ AΠΡΙΛΙΟΥ 2025  ΜΕ ΕΚΔΟΣΗ Α.Π.Υ. ΓΙΑ ΤΗΝ ΚΑΛΥΨΗ ΕΠΙΤΑΚΤΙΚΩΝ ΑΝΑΓΚΩΝ  ΠΡΩΙΝΟΥ ΤΑΚΤΙΚΟΥ ΩΡΑΡΙΟΥ ΓΙΑ ΔΩΔΕΚΑ ΜΗΝΕΣ (17/2/2025  ΕΩΣ 16/2/2026) ΣΤΟ ΤΜΗΜΑ ΧΗΜΕΙΟΘΕΡΑΠΕΙΑΣ,156785626,"ΑΡΒΑΝΙΤΗ,,ΚΩΝΣΤΑΝΤΙΝΑ,ΓΕΩΡΓΙΟΣ",398.16,,0413α01
ΨΛΧ14690ΒΩ-ΙΤ2,2025-06-27,ΤΑΚΤΙΚΕΣ ΑΠΟΔΟΧΕΣ - ΕΦΗΜΕΡΙΕΣ  ΓΙΑ ΤΟΝ ΜΗΝΑ ΑΠΡΙΛΙΟ 2025 ΜΕ ΚΑΘΕΣΤΩΣ ΕΚΔΟΣΗΣ ΔΕΛΤΙΟΥ ΑΠΟΔΕΙΞΗΣ ΠΑΡΟΧΗΣ ΥΠΗΡΕΣΙΩΝ ΓΙΑ ΧΡΟΝΙΚΟ ΔΙΑΣΤΗΜΑ ΔΩΔΕΚΑ ΜΗΝΩΝ  ΜΕ ΕΝΑΡΞΗ 18-10-2014 ΚΑΙ ΛΗΞΗ 17-10-2025,061977768,"ΜΑΡΑΒΕΓΙΑΣ,,ΚΩΝΣΤΑΝΤΙΝΟΣ,ΑΡΙΣΤΟΤΕΛΗΣ",1963.28,,0413α01
61ΩΔ4690ΒΩ-3Υ4,2025-06-23,ΥΠΗΡΕΣΙΕΣ ΚΑΤΑΠΟΛΕΜΗΣΗΣ ΕΠΙΒΛΑΒΩΝ ΕΝΤΟΜΩΝ ΚΨΥ ΜΕ ΣΥΜΒΑΣΗ ΑΠΟ 1/2/2024 ΕΩΣ 30/4/2024 (ΣΥΜΒ. 159/2022 XE 1735/2023 ),135133278,"ΜΑΡΓΕΛΟΥ,,ΣΟΦΙΑ,ΔΗΜΗΤΡΙΟΣ",59.92,,0419β09
ΡΥΩΗ4690ΒΩ-0ΝΞ,2025-06-20,ΥΠΗΡΕΣΙΕΣ ΚΑΤΑΠΟΛΕΜΗΣΗΣ ΕΠΙΒΛΑΒΩΝ ΕΝΤΟΜΩΝ  ΞΕΝΩΝΑ ΄΄ΑΡΙΑΔΝΗ ΄΄  ΜΕ ΣΥΜΒΑΣΗ ΑΠΟ 1/1/2024 ΕΩΣ 30/4/2024 (ΣΥΜΒ. 159/2022 XE 1736/2023 ),135133278,"ΜΑΡΓΕΛΟΥ,,ΣΟΦΙΑ,ΔΗΜΗΤΡΙΟΣ",39.88,,0419β05
6Χ3Β4690ΒΩ-Β5Ε,2025-06-26,"ΠΡΟΜΗΘΕΙΑ ΥΓΕΙΟΝΟΜΙΚΟΥ ΥΛΙΚΟΥ (ΠΡΟΙΟΝΤΑ ΜΕΤΑΓΓΙΣΗΣ ΑΙΜΑΤΟΣ) ΜΕ ΣΥΜΒΑΣΗ ΤΟΥΣ ΜΗΝΕΣ  ΙΟΥΝΙΟ , ΑΥΓΟΥΣΤΟ,ΝΟΕΜΒΡΙΟ  2024 (ΣΥΜΒ.393/2024)  ΣΥΜΦΩΝΑ ΜΕ ΤΙΣ ΔΙΑΤΑΞΕΙΣ ΤΟΥ Ν. 5161/2024 αρθ.14 (ΦΕΚ 196/τ. Α΄/29-11-2024",095335610,RONTIS HELLAS ΑΝΩΝΥΜΗ ΕΜΠΟΡΙΚΗ ΚΑΙ ΒΙΟΜΗΧΑΝΙΚΗ ΕΤΑΙΡΕΙΑ ΙΑΤΡΟΦΑΡΜΑΚΕΥΤΙΚΩΝ ΕΙΔΩΝ,13548.25,,1311β01
9ΓΡΠ4690ΒΩ-8ΩΕ,2025-06-26,: ΠΡΟΜΗΘΕΙΑ ΥΓΕΙΟΝΟΜΙΚΟΥ ΥΛΙΚΟΥ (ΕΡΓΑΛΕΙΑ ΧΕΙΡΟΥΡΓΕΙΟΥ ) ΤΟΝ ΜΗΝΑ ΙΟΥΝΙΟ 2024 (ΣΥΜΒ.296/2024) ΣΥΜΦΩΝΑ ΜΕ ΤΙΣ ΔΙΑΤΑΞΕΙΣ ΤΟΥ Ν. 5161/2024 αρθ.14 (ΦΕΚ 196/τ. Α΄/29-11-2024,082525697,ΑΝΑΣΤΑΣΙΟΣ ΜΑΥΡΟΓΕΝΗΣ ΙΑΤΡΟΤΕΧΝΟΛΟΓΙΚΑ ΕΙΔΗ ΑΝΩΝΥΜΗ ΕΤΑΙΡΕΙΑ,21873.6,,1311β01
ΨΩ664690ΒΩ-ΜΜΣ,2025-06-26,: ΠΡΟΜΗΘΕΙΑ ΥΓΕΙΟΝΟΜΙΚΟΥ ΥΛΙΚΟΥ   (ΠΡΟΙΟΝΤΑ ΜΕΤΑΓΓΙΣΗΣ ΑΙΜΑΤΟΣ) ΜΕ ΣΥΜΒΑΣΗ ΤΟΝ ΜΗΝΑ ΙΟΥΝΙΟ 2024(ΣΥΜΒ.392/2024) ΑΠΑΞ ΠΑΡΑΓΓΕΛΙΑ ΣΥΜΦΩΝΑ ΜΕ ΤΙΣ ΔΙΑΤΑΞΕΙΣ ΤΟΥ Ν. 5161/2024 αρθ.14 (ΦΕΚ 196/τ. Α΄/29-11-2024),997985840,LERIVA ΠΑΡΑΓΩΓΗ ΚΑΙ ΕΜΠΟΡΙΑ ΠΡΟΙΟΝΤΩΝ ΥΓΕΙΑΣ ΚΑΙ ΟΜΟΡΦΙΑΣ ΑΝΩΝΥΜΗ ΕΤΑΙΡΕΙΑ,17082.24,,1311β01
6ΦΕΖ4690ΒΩ-ΗΓΝ,2025-06-26,"ΠΡΟΜΗΘΕΙΑ ΥΓΕΙΟΝΟΜΙΚΟΥ ΥΛΙΚΟΥ   (ΥΛΙΚΩΝ ΑΙΜΟΔΥΝΑΜΙΚΟΥ: Α) ΥΛΙΚΩΝ ΑΓΓΕΙΟΓΡΑΦΙΑΣ ΚΑΙ Β) ΑΓΓΕΙΑΚΩΝ ΠΡΟΘΕΣΕΩΝ) ME ΣΥΜΒΑΣΗ ΤΟΥΣ ΜΗΝΕΣ  ΑΠΡΙΛΙΟ,ΜΑΪΟ 2024 (ΣΥΜΒ. 211/2023 ΧΕ 2763/2024)",095186426,Μ Σ ΙΑΚΩΒΙΔΗΣ ΕΛΛΑΣ ΑΝΩΝΥΜΟΣ ΕΜΠΟΡΙΚΗ ΕΤΑΙΡΕΙΑ ΙΑΤΡΟΤΕΧΝΟΛΟΓΙΚΟΥ ΥΛΙΚΟΥ,123.51,,1311β01
9ΩΜΠ4690ΒΩ-Ξ1Τ,2025-06-24,ΠΡΟΜΗΘΕΙΑ ΦΑΡΜΑΚΕΥΤΙΚΟΥ ΥΛΙΚΟΥ ΝΟΣΟΚΟΜΕΙΟΥ ΓΙΑ ΤΟN ΜΗΝA ΙΟΥΛΙΟ 2023 (ΓΔΟΥ/οικ.59434/31-7-2018) ΠΡΟΣΘΕΤΟ CLAW BACK A΄ ΕΞΑΜΗΝΟΥ 2023 ΣΥΜΦΩΝΑ ΜΕ ΤΟ ΥΠ΄ΑΡΙΘΜ. Β1β/Γ.Π./οικ. 50231/2017 (ΦΕΚ 2255/Β/2017) ΚΑΙ  ΣΥΜΦΩΝΑ ΜΕ ΤΙΣ ΔΙΑΤΑΞΕΙΣ ΤΟΥ Ν.5161/2024 αρθ.14  (ΦΕΚ 196/ τ.Α΄/29-11-2024),094465442,ΦΑΡΜΑΖΑΚ ΑΝΩΝΥΜΗ ΦΑΡΜΑΚΕΥΤΙΚΗ ΕΜΠΟΡΙΚΗ ΒΙΟΜΗΧΑΝΙΚΗ ΕΤΑΙΡΕΙΑ,2941.3,,1312β01
ΨΖΝΧ4690ΒΩ-Υ5Δ,2025-06-24,"ΠΡΟΜΗΘΕΙΑ ΦΑΡΜΑΚΕΥΤΙΚΟΥ ΥΛΙΚΟΥ ΝΟΣΟΚΟΜΕΙΟΥ ΓΙΑ ΤΟΥΣ ΜΗΝΕΣ  MAΡTIO, MAΪΟ, ΙΟΥΛΙΟ, ΣΕΠΤΕΜΒΡΙΟ, ΝΟΕΜΒΡΙΟ & ΔΕΚΕΜΒΡΙΟ 2022 (ΓΔΟΥ/οικ.59434/31-7-2018) ΠΡΟΣΘΕΤΟ CLAW BACK A΄ ΕΞΑΜΗΝΟΥ 2023 ΣΥΜΦΩΝΑ ΜΕ ΤΟ ΥΠ΄ΑΡΙΘΜ. Β1β/Γ.Π./οικ. 50231/2017 (ΦΕΚ 2255/Β/2017) ΚΑΙ  ΣΥΜΦΩΝΑ ΜΕ ΤΙΣ ΔΙΑΤΑΞΕΙΣ ΤΟΥ Ν.5161/2024 αρθ.14  (ΦΕΚ 196/ τ.Α΄/29-11-2024)",094063416,GALENICA ΦΑΡΜΑΚΕΥΤΙΚΗ ΒΙΟΜΗΧΑΝΙΑ ΑΝΩΝΥΜΗ ΕΤΑΙΡΕΙΑ,744.58,,1312β01
63Ζ54690ΒΩ-Δ1Σ,2025-06-24,ΠΡΟΜΗΘΕΙΑ ΦΑΡΜΑΚΕΥΤΙΚΟΥ ΥΛΙΚΟΥ ΝΟΣΟΚΟΜΕΙΟΥ ΓΙΑ ΤΟ ΜΗΝΑ ΦΕΒΡΟΥΑΡΙΟ 2022 (ΓΔΟΥ/οικ.59434/31-7-2018) ΠΡΟΣΘΕΤΟ REBATE  Α΄ ΕΞΑΜΗΝΟΥ 2023 THΣ ΠΑΡ.3 TOY AΡΘΡΟ 35 TOY N. 3918/2011 & ΣΥΜΦΩΝΑ ΜΕ ΤΙΣ ΔΙΑΤΑΞΕΙΣ ΤΟΥ Ν.5161/2024 αρθ.14  (ΦΕΚ 196/ τ.Α΄/29-11-2024),094063416,GALENICA ΦΑΡΜΑΚΕΥΤΙΚΗ ΒΙΟΜΗΧΑΝΙΑ ΑΝΩΝΥΜΗ ΕΤΑΙΡΕΙΑ,1650.27,,1312β01
6Τ5Υ4690ΒΩ-6Υ6,2025-06-24,ΠΡΟΜΗΘΕΙΑ ΦΑΡΜΑΚΕΥΤΙΚΟΥ ΥΛΙΚΟΥ ΝΟΣΟΚΟΜΕΙΟΥ ΓΙΑ ΤΟΥΣ ΜΗΝΕΣ ΙΑΝΟΥΑΡΙΟ & ΙΟΥΛΙΟ 2022 (ΓΔΟΥ/οικ.59434/31-7-2018) ΠΡΟΣΘΕΤΟ REBATE  Β΄ ΕΞΑΜΗΝΟΥ 2021 THΣ ΠΑΡ.3 TOY AΡΘΡΟ 35 TOY N. 3918/2011 & ΣΥΜΦΩΝΑ ΜΕ ΤΙΣ ΔΙΑΤΑΞΕΙΣ ΤΟΥ Ν.5161/2024 αρθ.14  (ΦΕΚ 196/ τ.Α΄/29-11-2024),094063416,GALENICA ΦΑΡΜΑΚΕΥΤΙΚΗ ΒΙΟΜΗΧΑΝΙΑ ΑΝΩΝΥΜΗ ΕΤΑΙΡΕΙΑ,5075.17,,1312β01
949Γ4690ΒΩ-49Ρ,2025-06-23,": ΠΡΟΜΗΘΕΙΑ ΥΓΕΙΟΝΟΜΙΚΟΥ ΥΛΙΚΟΥ (ΥΓΕΙΟΝΟΜΙΚΟ ΥΛΙΚΟ ΔΙΑΦΟΡΟ ΓΙΑ ΠΑΙΔΙΑΤΡΙΚΗ ) ΜΕ ΣΥΜΒΑΣΗ ΤΟΥΣ ΜΗΝΕΣ ΜΑΡΤΙΟ,ΑΠΡΙΛΙΟ 2024 (ΣΥΜΒ.110/2024) ΣΥΜΦΩΝΑ ΜΕ ΤΙΣ ΔΙΑΤΑΞΕΙΣ ΤΟΥ Ν. 5161/2024 αρθ.14 (ΦΕΚ 196/τ. Α΄/29-11-2024",094437130,ΔΕΛΤΑ ΙΑΤΡΙΚΗ ΑΝΩΝΥΜΟΣ ΕΤΑΙΡΙΑ ΙΑΤΡΙΚΩΝ ΕΙΔΩΝ,3372.8,,1311β01
61ΩΥ4690ΒΩ-Ψ2Δ,2025-06-23,"ΠΡΟΜΗΘΕΙΑ ΥΓΕΙΟΝΟΜΙΚΟΥ ΥΛΙΚΟΥ (ΕΠΙΔΕΣΜΙΚΟΥ ΥΛΙΚΟΥ ) ΜΕ ΣΥΜΒΑΣΗ ΤΟΥΣ ΜΗΝΕΣ ΜΑΡΤΙΟ,ΙΟΥΝΙΟ,ΙΟΥΛΙΟ,ΑΥΓΟΥΣΤΟ 2024 (ΣΥΜΒ. 618/2023 ΧΕ 2751/2024)",093628458,BBD ΝΙΚΟΛΑΟΣ ΛΑΙΝΙΩΤΗΣ ΑΕΒΕ ΠΑΡΑΓΩΓΗ ΕΙΣΑΓΩΓΗ ΚΑΙ ΕΜΠΟΡΙΑ ΥΓΕΙΟΝΟΜΙΚΟΥ ΥΛΙΚΟΥ ΑΝΩΝΥΜΟΣ ΕΜΠΟΡΙΚΗ ΒΙΟΜΗΧΑΝΙΚΗ ΕΤΑΙΡΕΙΑ,2022.1,,1311β01
Ψ6ΦΖ4690ΒΩ-ΙΛ2,2025-06-23,ΠΡΟΜΗΘΕΙΑ ΥΓΕΙΟΝΟΜΙΚΟΥ ΥΛΙΚΟΥ (ΑΝΑΛΩΣΙΜΑ ΥΛΙΚΑ ΧΕΙΡΟΥΡΓΕΙΟΥ) ΜΕ ΣΥΜΒΑΣΗ ΤΟΝΜΗΝΑ ΟΚΤΩΒΡΙΟ 2023 (ΣΥΜΒ. 567/2023) ΣΥΜΦΩΝΑ ΜΕ ΤΙΣ ΔΙΑΤΑΞΕΙΣ ΤΟΥ Ν. 5161/2024 αρθ.14 (ΦΕΚ 196/τ. Α΄/29-11-2024,094007897,ΚΟΠΕΡ ΦΑΡΜΑΚΟΒΙΟΜΗΧΑΝΙΑΑΝΩΝΥΜΗ ΕΤΑΙΡΕΙΑ,6547.2,,1311β01
98ΨΔ4690ΒΩ-0ΗΛ,2025-06-23,: ΠΡΟΜΗΘΕΙΑ ΥΓΕΙΟΝΟΜΙΚΟΥ ΥΛΙΚΟΥ (ΑΝΑΛΩΣΙΜΑ ΥΛΙΚΑ ΧΕΙΡΟΥΡΓΕΙΟΥ) ΜΕ ΣΥΜΒΑΣΗ ΤΟΝΜΗΝΑ ΟΚΤΩΒΡΙΟ 2023 (ΣΥΜΒ. 566/2023) ΣΥΜΦΩΝΑ ΜΕ ΤΙΣ ΔΙΑΤΑΞΕΙΣ ΤΟΥ Ν. 5161/2024 αρθ.14 (ΦΕΚ 196/τ. Α΄/29-11-2024,800777790,INSIDE ΙΑΤΡΙΚΕΣ ΤΕΧΝΟΛΟΓΙΕΣ ΜΟΝΟΠΡΟΣΩΠΗ ΙΚΕ,7132.61,,1311β01
ΡΨΥΓ4690ΒΩ-165,2025-06-23,ΥΠΗΡΕΣΙΑ ΕΠΙΣΚΕΥΗΣ ΚΑΙ ΣΥΝΤΗΡΗΣΗΣ ΣΤΕΦΑΝΙΟΓΡΑΦΟΥ (ΥΠΟΕΡΓΟΥ 1) ΜΕ ΣΥΜΒΑΣΗ ΑΠΟ 27/7/2023 ΕΩΣ 26/11/2024 (ΣΥΜΒ. 297/2023),094014759,ΦΙΛΙΠΣ ΕΛΛΑΣ ΜΟΝΟΠΡΟΣΩΠΗ  ΑΝΩΝΥΜΟΣ ΕΜΠΟΡΙΚΗ ΚΑΙ ΒΙΟΜΗΧΑΝΙΚΗ ΕΤΑΙΡΕΙΑ ΗΛΕΚΤΡΟΤΕΧΝΙΚΩΝ ΠΡΟΙΟΝΤΩΝ ΚΑΙ ΙΑΤΡΙΚΩΝ ΣΥΣΤΗΜΑΤΩΝ,49600.0,,0887β01
Ρ1Ε54690ΒΩ-ΤΞΗ,2025-06-23,ΠΡΟΜΗΘΕΙΑ ΥΓΕΙΟΝΟΜΙΚΟΥ ΥΛΙΚΟΥ (ΕΠΙΔΕΣΜΙΚΟΥ ΥΛΙΚΟΥ ) ΜΕ ΣΥΜΒΑΣΗ ΤΟΝ ΜΗΝΑ ΙΟΥΛΙΟ 2024 (ΣΥΜΒ. 616/2023 ΧΕ2749/2024),999656321,ΒΙΟΚΟΝ ΙΑΤΡΙΚΑ ΚΑΙ ΒΙΟΤΕΧΝΟΛΟΓΙΚΑ ΠΡΟΙΟΝΤΑ ΕΤΑΙΡΕΙΑ ΠΕΡΙΟΡΙΣΜΕΝΗΣ ΕΥΘΥΝΗΣ,231.47,,1311β01
68ΓΛ4690ΒΩ-Ζ3Δ,2025-06-23,: ΠΡΟΜΗΘΕΙΑ ΥΓΕΙΟΝΟΜΙΚΟΥ ΥΛΙΚΟΥ (ΥΓΕΙΟΝΟΜΙΚΟ ΥΛΙΚΟ 2 ) ΜΕ ΣΥΜΒΑΣΗ ΤΟΝ ΜΗΝΑ ΑΠΡΙΛΙΟ 2024 (ΣΥΜΒ. 112/2024) ΣΥΜΦΩΝΑ ΜΕ ΤΙΣ ΔΙΑΤΑΞΕΙΣ ΤΟΥ Ν. 5161/2024 αρθ.14 (ΦΕΚ 196/τ. Α΄/29-11-2024,094446034,Y LOGIMED ΜΟΝΟΠΡΟΣΩΠΗ ΑΝΩΝΥΜΗ ΕΤΑΙΡΕΙΑ ΕΙΣΑΓΩΓΗΣ ΕΜΠΟΡΙΑΣ ΚΑΙ ΕΦΟΔΙΑΣΜΟΥ ΙΑΤΡΟΤΕΧΝΟΛΟΓΙΚΩΝ ΠΡΟΙΟΝΤΩΝ,5637.52,,1311β01
Ψ2ΕΣ4690ΒΩ-Ρ9Θ,2025-06-23,ΠΡΟΜΗΘΕΙΑ ΥΓΕΙΟΝΟΜΙΚΟΥ ΥΛΙΚΟΥ (ΕΠΙΔΕΣΜΙΚΟΥ ΥΛΙΚΟΥ ) ΜΕ ΣΥΜΒΑΣΗ ΤΟΝ ΜΗΝΑ ΙΟΥΛΙΟ 2024 (ΣΥΜΒ. 619/2023 ΧΕ 2752/2024),800727737,ΑΝΑΣΤΑΣΙΟΣ ΚΟΥΚΟΥΣΕΛΗΣ ΜΟΝΟΠΡΟΣΩΠΗ Ι Κ Ε,401.15,,1311β01
619Κ4690ΒΩ-1ΟΩ,2025-06-23,: ΠΡΟΜΗΘΕΙΑ ΥΓΕΙΟΝΟΜΙΚΟΥ ΥΛΙΚΟΥ (ΥΛΙΚΩΝ ΑΙΜΟΔΥΝΑΜΙΚΟΥ: Α) ΥΛΙΚΩΝ ΑΓΓΕΙΟΓΡΑΦΙΑΣ ΚΑΙ Β) ΑΓΓΕΙΑΚΩΝ ΠΡΟΘΕΣΕΩΝ )ΜΕ ΣΥΜΒΑΣΗ ΤΟΝ ΜΗΝΑ ΑΠΡΙΛΙΟ 2024 (ΣΥΜΒ. 209/2023 ΧΕ 2769/2024),998477820,ZERONO ΑΝΩΝΥΜΗ ΕΤΑΙΡΕΙΑ ΕΙΣΑΓΩΓΗΣ ΕΞΑΓΩΓΗΣ ΚΑΙ ΕΜΠΟΡΙΑΣ ΙΑΤΡΟΦΑΡΜΑΚΕΥΤΙΚΟΥ ΥΛΙΚΟΥ,7440.0,,1311β01
ΨΦ3Μ4690ΒΩ-ΝΑΘ,2025-06-23,"ΠΡΟΜΗΘΕΙΑ ΥΓΕΙΟΝΟΜΙΚΟΥ ΥΛΙΚΟΥ (ΥΛΙΚΩΝ ΑΙΜΟΔΥΝΑΜΙΚΟΥ: Α) ΥΛΙΚΩΝ ΑΓΓΕΙΟΓΡΑΦΙΑΣ ΚΑΙ Β) ΑΓΓΕΙΑΚΩΝ ΠΡΟΘΕΣΕΩΝ) ME ΣΥΜΒΑΣΗ ΤΟΥΣ ΜΗΝΕΣ ΑΠΡΙΛΙΟ, ΜΑΪΟ 2024 (ΣΥΜΒ. 213/2023 ΧΕ 2763/2024)",094396063,ΝΟΣΟΚΟΜΕΙΑΚΗ ΓΡΑΜΜΗ ΑΕ ΕΙΣΑΓΩΓΗΣ ΚΑΙ ΕΜΠΟΡΙΑΣ ΙΑΤΡΙΚΟΥ ΝΟΣΟΚΟΜΕΙΑΚΟΥ ΚΑΙ ΦΑΡΜΑΚΕΥΤΙΚΟΥ ΥΛΙΚΟΥ,2083.2,,1311β01
ΨΗΩΤ4690ΒΩ-Κ59,2025-06-23,"ΥΠΗΡΕΣΙΕΣ ΔΙΑΧΕΙΡΗΣΗΣ ΜΟΛΥΣΜΑΤΙΚΩΝ ΝΟΣΟΚΟΜΕΙΑΚΩΝ ΑΠΟΒΛΗΤΩΝ ΜΕ ΣΥΜΒΑΣΗ ΓΙΑ 2,6,9,12,16,21,23,26,30/8/20234 ,4,9,13,18,23,27/9/20242,4,7,11,16,18,21,25,30/10/2024,4,8,13,15,18,22,27,29/11/2024 , 2,5,11,16,20,24,30/12/2024, 3,8,13,17m,22,24,27,31/1/2025 (ΣΥΜΒ. 87/2023 XE 2617/2023)",997149376,ECOSTER ΑΝΩΝΥΜΗ ΕΤΑΙΡΕΙΑ ΔΙΑΧΕΙΡΙΣΗΣ ΙΑΤΡΙΚΩΝ ΑΠΟΒΛΗΤΩΝ,19512.27,,0846α01
ΨΗΩΤ4690ΒΩ-Κ59,2025-06-23,"ΥΠΗΡΕΣΙΕΣ ΔΙΑΧΕΙΡΗΣΗΣ ΜΟΛΥΣΜΑΤΙΚΩΝ ΝΟΣΟΚΟΜΕΙΑΚΩΝ ΑΠΟΒΛΗΤΩΝ ΜΕ ΣΥΜΒΑΣΗ ΓΙΑ 2,6,9,12,16,21,23,26,30/8/20234 ,4,9,13,18,23,27/9/20242,4,7,11,16,18,21,25,30/10/2024,4,8,13,15,18,22,27,29/11/2024 , 2,5,11,16,20,24,30/12/2024, 3,8,13,17m,22,24,27,31/1/2025 (ΣΥΜΒ. 87/2023 XE 2617/2023)",997149376,ECOSTER ΑΝΩΝΥΜΗ ΕΤΑΙΡΕΙΑ ΔΙΑΧΕΙΡΙΣΗΣ ΙΑΤΡΙΚΩΝ ΑΠΟΒΛΗΤΩΝ,94961.48,,0846β01
969Α4690ΒΩ-ΙΤ5,2025-06-19,ΠΡΟΜΗΘΕΙΑ ΥΓΕΙΟΝΟΜΙΚΟΥ ΥΛΙΚΟΥ (ΕΡΓΑΛΕΙΑ ΧΕΙΡΟΥΡΓΕΙΟΥ ) ΜΕ ΣΥΜΒΑΣΗ ΤΟΝ ΜΗΝΑ ΙΟΥΝΙΟ 2024 (ΣΥΜΒ. 290/2024) ΣΥΜΦΩΝΑ ΜΕ ΤΙΣ ΔΙΑΤΑΞΕΙΣ ΤΟΥ Ν. 5161/2024 αρθ.14 (ΦΕΚ 196/τ. Α΄/29-11-2024,095186426,Μ Σ ΙΑΚΩΒΙΔΗΣ ΕΛΛΑΣ ΑΝΩΝΥΜΟΣ ΕΜΠΟΡΙΚΗ ΕΤΑΙΡΕΙΑ ΙΑΤΡΟΤΕΧΝΟΛΟΓΙΚΟΥ ΥΛΙΚΟΥ,3571.2,,1311β01
9ΑΝΜ4690ΒΩ-Τ1Δ,2025-06-19,"ΠΡΟΜΗΘΕΙΑ ΦΑΡΜΑΚΕΥΤΙΚΟΥ ΥΛΙΚΟΥ ΝΟΣΟΚΟΜΕΙΟΥ ΓΙΑ ΤΟΥΣ ΜΗΝΕΣ ΙΑΝΟΥΑΡΙΟ, ΦΕΒΡΟΥΑΡΙΟ, ΜΑΡΤΙΟ & ΜΑΪΟ 2022 (ΓΔΟΥ/οικ.59434/31-7-2018) ΠΡΟΣΘΕΤΟ CLAW BACK A΄ ΕΞΑΜΗΝΟΥ 2022 ΣΥΜΦΩΝΑ ΜΕ ΤΟ ΥΠ΄ΑΡΙΘΜ. Β1β/Γ.Π./οικ. 50231/2017 (ΦΕΚ 2255/Β/2017) ΚΑΙ ΣΥΜΦΩΝΑ ΜΕ ΤΙΣ ΔΙΑΤΑΞΕΙΣ ΤΟΥ Ν.5161/2024 αρθ.14 (ΦΕΚ 196/ τ.Α΄/29-11-2024)",094063416,GALENICA ΦΑΡΜΑΚΕΥΤΙΚΗ ΒΙΟΜΗΧΑΝΙΑ ΑΝΩΝΥΜΗ ΕΤΑΙΡΕΙΑ,12467.14,,1312β01
9ΤΨΤ4690ΒΩ-ΕΒ4,2025-06-19,ΠΡΟΜΗΘΕΙΑ ΥΓΕΙΟΝΟΜΙΚΟΥ ΥΛΙΚΟΥ  (ΕΡΓΑΛΕΙΑ ΧΕΙΡΟΥΡΓΕΙΟΥ  I ) ME ΣΥΜΒΑΣΗ ΤΟΝ ΜΗΝΑ ΦΕΒΡΟΥΑΡΙΟ 2024 (ΣΥΜΒ. 45/2024) ΑΠΑΞ ΠΑΡΑΓΓΕΛΙΑ  ΣΥΜΦΩΝΑ ΜΕ ΤΙΣ ΔΙΑΤΑΞΕΙΣ ΤΟΥ Ν. 5161/2024 αρθ.14 (ΦΕΚ 196/τ. Α΄/29-11-2024,082525697,ΑΝΑΣΤΑΣΙΟΣ ΜΑΥΡΟΓΕΝΗΣ ΙΑΤΡΟΤΕΧΝΟΛΟΓΙΚΑ ΕΙΔΗ ΑΝΩΝΥΜΗ ΕΤΑΙΡΕΙΑ,17286.84,,"17286,84"
Ψ9ΩΒ4690ΒΩ-ΘΡΞ,2025-06-19,ΠΡΟΜΗΘΕΙΑ ΥΓΕΙΟΝΟΜΙΚΟΥ ΥΛΙΚΟΥ  (ΕΡΓΑΛΕΙΑ ΧΕΙΡΟΥΡΓΕΙΟΥ  I ) ME ΣΥΜΒΑΣΗ ΤΟΝ ΜΗΝΑ ΦΕΒΡΟΥΑΡΙΟ 2024 (ΣΥΜΒ. 44/2024) ΑΠΑΞ ΠΑΡΑΓΓΕΛΙΑ  ΣΥΜΦΩΝΑ ΜΕ ΤΙΣ ΔΙΑΤΑΞΕΙΣ ΤΟΥ Ν. 5161/2024 αρθ.14 (ΦΕΚ 196/τ. Α΄/29-11-2024,095367968,MEDICARE HELLAS ΑΝΩΝΥΜΗ ΕΤΑΙΡΕΙΑ ΕΜΠΟΡΙΑΣ ΝΟΣΟΚΟΜΕΙΑΚΩΝ ΕΙΔΩΝ,6677.4,,1311β01
6ΜΚ74690ΒΩ-ΓΞ9,2025-06-19,ΠΡΟΜΗΘΕΙΑ ΒΙΟΑΤΡΙΚΟΥ ΕΞΟΠΛΙΣΜΟΥ  ΓΙΑ ΤΟΝ ΜΗΝΑ ΙΟΥΛΙΟ  2024 ΜΕ ΣΥΜΒΑΣΗ (ΣΥΜΒ.377/24) ΣΥΜΦΩΝΑ ΜΕ ΤΙΣ ΔΙΑΤΑΞΕΙΣ ΤΟΥ Ν.5161/2024 αρθ.14 (ΦΕΚ 196/ τ.Α΄/29-11-2024),094472918,GE HEALTHCARE ΦΑΡΜΑΚΕΥΤΙΚΗ ΕΜΠΟΡΙΚΗ ΚΑΙ ΒΙΟΜΗΧΑΝΙΚΗ ΕΤΑΙΡΕΙΑ,3720.0,,1439β01
90ΧΟ4690ΒΩ-ΡΜΜ,2025-06-19,ΠΡΟΜΗΘΕΙΑ ΒΙΟΑΤΡΙΚΟΥ ΕΞΟΠΛΙΣΜΟΥ  ΓΙΑ ΤΟΝ ΜΗΝΑ ΙΟΥΛΙΟ  2024 ΜΕ ΣΥΜΒΑΣΗ (ΣΥΜΒ.375/24) ΣΥΜΦΩΝΑ ΜΕ ΤΙΣ ΔΙΑΤΑΞΕΙΣ ΤΟΥ Ν.5161/2024 αρθ.14 (ΦΕΚ 196/ τ.Α΄/29-11-2024),095029193,ΠΑΠΑΠΟΣΤΟΛΟΥ Ν ΑΝΩΝΥΜΗ ΕΤΑΙΡΕΙΑ  ΕΤΑΙΡΕΙΑ ΕΜΠΟΡΙΑΣ ΚΑΙ ΑΝΤΙΠΡΟΣΩΠΕΙΩΝ ΙΑΤΡΙΚΩΝ ΕΡΓΑΛΕΙΩΝ ΚΑΙ ΜΗΧΑΝΗΜΑΤΩΝ,4662.4,,1439β01
ΨΨ7Φ4690ΒΩ-Μ36,2025-06-19,"ΠΡΟΜΗΘΕΙΑ ΝΕΥΡΟΧΕΙΡΟΥΡΓΙΚΟΥ ΥΛΙΚΟΥ  ΜΕ ΣΥΜΒΑΣΗ (ΣΥΜΒ.224 /2024) ΓΙΑ ΤΟ ΜΗΝΑ ΑΠΡΙΛΙΟ 2024,ΙΟΥΛΙΟ 2024 ΑΠΑΞ ΠΑΡΑΓΓΕΛΙΑΣ ΣΥΜΦΩΝΑ ΜΕ ΤΙΣ ΔΙΑΤΑΞΕΙΣ ΤΟΥ Ν.5161/2024 αρθ.14 (ΦΕΚ 196/ τ.Α΄/29-11-2024)",999307110,ΚΑΛΤΕΚ ΕΜΠΟΡΙΑ ΙΑΤΡΙΚΩΝ ΕΙΔΩΝ ΠΡΟΙΟΝΤΩΝ ΚΑΙ ΜΗΧΑΝΗΜΑΤΩΝ ΜΟΝΟΠΡΟΣΩΠΗ ΑΝΩΝΥΜΗ ΕΤΑΙΡΙΑ,37200.0,,1313β01
90ΤΝ4690ΒΩ-ΝΙΘ,2025-06-19,"ΠΡΟΜΗΘΕΙΑ ΥΓΕΙΟΝΟΜΙΚΟΥ ΥΛΙΚΟΥΜΕ ΣΥΜΒΑΣΗ ΤΟΥΣ  ΜΗΝΕΣ ΦΕΒΡΟΥΑΡΙΟ , ΜΑΡΤΙΟ 2024 (ΣΥΜΒ. 34/2024) ΣΥΜΦΩΝΑ ΜΕ ΤΙΣ ΔΙΑΤΑΞΕΙΣ ΤΟΥ Ν. 5161/2024 αρθ.14 (ΦΕΚ 196/τ. Α΄/29-11-2024",094437130,ΔΕΛΤΑ ΙΑΤΡΙΚΗ ΑΝΩΝΥΜΟΣ ΕΤΑΙΡΙΑ ΙΑΤΡΙΚΩΝ ΕΙΔΩΝ,8928.0,,1311β01
Ψ7Λ54690ΒΩ-ΔΧΣ,2025-06-19,"ΠΡΟΜΗΘΕΙΑ ΥΓΕΙΟΝΟΜΙΚΟΥ ΥΛΙΚΟΥΜΕ ΣΥΜΒΑΣΗ ΤΟΥΣ  ΜΗΝΕΣ ΦΕΒΡΟΥΑΡΙΟ , ΜΑΡΤΙΟ 2024 (ΣΥΜΒ. 35/2024) ΣΥΜΦΩΝΑ ΜΕ ΤΙΣ ΔΙΑΤΑΞΕΙΣ ΤΟΥ Ν. 5161/2024 αρθ.14 (ΦΕΚ 196/τ. Α΄/29-11-2024",094356041,ΙΝΕΞ ΑΝΩΝΥΜΗ ΕΜΠΟΡΙΚΗ ΕΤΑΙΡ ΙΑΤΡΙΚΩΝ ΝΟΣΟΚΟΜΕΙΑΚ ΕΙΔΩΝ,2380.8,,1311β01
ΨΛ144690ΒΩ-ΞΗΖ,2025-06-19,"ΠΡΟΜΗΘΕΙΑ ΥΓΕΙΟΝΟΜΙΚΟΥ ΥΛΙΚΟΥ  (ΥΛΙΚΩΝ ΑΙΜΟΔΥΝΑΜΙΚΟΥ: Α) ΥΛΙΚΩΝ ΑΓΓΕΙΟΓΡΑΦΙΑΣ ΚΑΙ Β) ΑΓΓΕΙΑΚΩΝ ΠΡΟΘΕΣΕΩΝ )ΜΕ ΣΥΜΒΑΣΗ ΤΟΥΣ ΜΗΝΕΣ ΜΑΡΤΙΟ,ΙΟΥΝΙΟ 2024 (ΣΥΜΒ. 215/2023 ΧΕ 2763/2024)",997672386,ΥΓΕΙΟΔΥΝΑΜΙΚΗ ΑΝΩΝΥΜΗ ΕΤΑΙΡΕΙΑ ΙΑΤΡΙΚΩΝ ΕΦΟΔΙΩΝ,18066.8,,1311β01
ΨΓΖΠ4690ΒΩ-832,2025-06-19,ΠΡΟΜΗΘΕΙΑ ΥΓΕΙΟΝΟΜΙΚΟΥ ΥΛΙΚΟΥ  (ΕΡΓΑΛΕΙΑ ΧΕΙΡΟΥΡΓΕΙΟΥ ) ΜΕ ΣΥΜΒΑΣΗ ΤΟΝ ΜΗΝΑ ΙΟΥΝΙΟ 2024 (ΣΥΜΒ. 289/2024) ΣΥΜΦΩΝΑ ΜΕ ΤΙΣ ΔΙΑΤΑΞΕΙΣ ΤΟΥ Ν. 5161/2024 αρθ.14 (ΦΕΚ 196/τ. Α΄/29-11-2024,082525697,ΑΝΑΣΤΑΣΙΟΣ ΜΑΥΡΟΓΕΝΗΣ ΙΑΤΡΟΤΕΧΝΟΛΟΓΙΚΑ ΕΙΔΗ ΑΝΩΝΥΜΗ ΕΤΑΙΡΕΙΑ,6789.0,,1311β01
65474690ΒΩ-1ΜΞ,2025-06-19,"ΠΡΟΜΗΘΕΙΑ ΜΕΛΑΝΙΩΝ ΜΕ ΣΥΜΒΑΣΗ ΤΟΝ ΜΗΝΕΣ,ΜΑΙΟ 2024, ΑΥΓΟΥΣΤΟ 2024, ΟΚΤΩΒΡΙΟ 2024 (ΣΥΜΒ.624 /23,ΧΕ 890/2024)",095387617,COMPULAND ΣΥΣΤΗΜΑΤΑ ΠΛΗΡΟΦΟΡΙΚΗΣ ΚΑΙ ΤΗΛΕΠΙΚΟΙΝΩΝΙΩΝ ΙΔΙΩΤΙΚΗ ΕΠΙΧΕΙΡΗΣΗ ΠΑΡΟΧΗΣ ΥΠΗΡΕΣΙΩΝ ΑΣΦΑΛΕΙΑΣ ΑΝΩΝΥΜΗ ΕΤΑΙΡΕΙΑ,4729.4,,1281β01
Ψ8ΣΠ4690ΒΩ-ΦΣ0,2025-06-19,"ΠΡΟΜΗΘΕΙΑ ΜΕΛΑΝΙΩΝ ΜΕ ΣΥΜΒΑΣΗ ΤΟΝ ΜΗΝΕΣ,ΜΑΙΟ 2024, ΑΥΓΟΥΣΤΟ 2024, ΟΚΤΩΒΡΙΟ 2024 (ΣΥΜΒ.624 /23,ΧΕ 890/2024)",095387617,COMPULAND ΣΥΣΤΗΜΑΤΑ ΠΛΗΡΟΦΟΡΙΚΗΣ ΚΑΙ ΤΗΛΕΠΙΚΟΙΝΩΝΙΩΝ ΙΔΙΩΤΙΚΗ ΕΠΙΧΕΙΡΗΣΗ ΠΑΡΟΧΗΣ ΥΠΗΡΕΣΙΩΝ ΑΣΦΑΛΕΙΑΣ ΑΝΩΝΥΜΗ ΕΤΑΙΡΕΙΑ,4729.4,,1281β01
6ΑΓΒ4690ΒΩ-4Μ2,2025-06-19,ΠΡΟΜΗΘΕΙΑ ΥΓΕΙΟΝΟΜΙΚΟΥ ΥΛΙΚΟΥ (ΒΕΛΟΝΕΣ-ΣΥΡΙΓΓΕΣ ) ΜΕ ΣΥΜΒΑΣΗ ΤΟΝ ΜΝΗΝΕΣ ΦΕΒΡΟΥΑΡΙΟ 2024 (ΣΥΜΒ. 33/2024 ΧΕ 828/2025) ΣΥΜΦΩΝΑ ΜΕ ΤΙΣ ΔΙΑΤΑΞΕΙΣ ΤΟΥ Ν. 5161/2024 αρθ.14 (ΦΕΚ 196/τ. Α΄/29-11-2024,094356041,ΙΝΕΞ ΑΝΩΝΥΜΗ ΕΜΠΟΡΙΚΗ ΕΤΑΙΡ ΙΑΤΡΙΚΩΝ ΝΟΣΟΚΟΜΕΙΑΚ ΕΙΔΩΝ,2361.46,,1311β01
944Ν4690ΒΩ-ΞΒΓ,2025-06-19,"ΠΡΟΜΗΘΕΙΑ ΕΙΔΩΝ ΚΑΘΑΡΙΟΤΗΤΑΣ ΜΕ ΣΥΜΒΑΣΗ ΓΙΑ ΤΟΥΣ ΜΗΝΕΣ ΑΠΡΙΛΙΟ 2024,ΙΟΥΛΙΟ 2024, ΑΥΓΟΥΣΤΟ 2024  (ΣΥΜΒ.767 /2023 ,1 ΧΕ 3002/2024)  ΓΙΑ  ΤΟΥΣ ΜΗΝΕΣ  ΣΥΜΦΩΝΑ ΜΕ ΤΙΣ ΔΙΑΤΑΞΕΙΣ ΤΟΥ Ν.5161/2024 αρθ.14  (ΦΕΚ 196/ τ.Α΄/29-11-2024)",999685389,ΠΕΤΡΟΣ ΧΑΡ ΚΟΣΜΙΔΗΣ ΚΑΙ ΣΙΑ ΕΕ,8371.99,,1381β01
Ψ4ΒΙ4690ΒΩ-Υ4Λ,2025-06-19,ΠΡΟΜΗΘΕΙΑ ΥΓΕΙΟΝΟΜΙΚΟΥ ΥΛΙΚΟΥ (ΟΦΘΑΛΜΟΛΟΓΙΚΑ ΥΛΙΚΑ ) ΜΕ ΣΥΜΒΑΣΗ ΤΟΝ ΜΗΝΑ ΦΕΒΡΟΥΑΡΙΟ 2024 (ΣΥΜΒ.47/2024) ΑΠΑΞ ΠΑΡΑΓΓΕΛΙΑ ΣΥΜΦΩΝΑ ΜΕ ΤΙΣ ΔΙΑΤΑΞΕΙΣ ΤΟΥ Ν. 5161/2024 αρθ.14 (ΦΕΚ 196/τ. Α΄/29-11-202,094450895,ΑΛΚΟΝ ΛΑΜΠΟΡΑΤΟΡΙΣ ΕΛΛΑΣ ΜΟΝΟΠΡΟΣΩΠΗ ΑΝΩΝΥΜΗ ΕΜΠΟΡΙΚΗ ΚΑΙ ΒΙΟΜΗΧΑΝΙΚΗ ΕΤΑΙΡΕΙΑ,4166.4,,1311β01
9ΒΥΨ4690ΒΩ-86Κ,2025-06-19,"ΠΡΟΜΗΘΕΙΑ ΓΡΑΦΙΚΗΣ ΥΛΗΣ ΜΕ ΣΥΜΒΑΣΗ (ΣΥΜΒ.322/23,ΧΕ 2273/2023)   ΓΙΑ  ΤΟΥΣ ΜΗΝΕΣ  ΔΕΚΕΜΒΡΙΟ 2024 ,ΦΕΒΡΟΥΑΡΙΟ 2025",091282761,ΑΦΟΙ ΖΥΡΙΧΙΔΗ ΟΕ,2772.26,,1261α01
9ΒΥΨ4690ΒΩ-86Κ,2025-06-19,"ΠΡΟΜΗΘΕΙΑ ΓΡΑΦΙΚΗΣ ΥΛΗΣ ΜΕ ΣΥΜΒΑΣΗ (ΣΥΜΒ.322/23,ΧΕ 2273/2023)   ΓΙΑ  ΤΟΥΣ ΜΗΝΕΣ  ΔΕΚΕΜΒΡΙΟ 2024 ,ΦΕΒΡΟΥΑΡΙΟ 2025",091282761,ΑΦΟΙ ΖΥΡΙΧΙΔΗ ΟΕ,4143.19,,1261β01
Ψ7ΗΘ4690ΒΩ-4ΩΩ,2025-06-19,": ΠΡΟΜΗΘΕΙΑ ΥΓΕΙΟΝΟΜΙΚΟΥ ΥΛΙΚΟΥ (ΕΠΙΔΕΣΜΙΚΟΥ ΥΛΙΚΟΥ ) ΜΕ ΣΥΜΒΑΣΗ ΤΟΥΣ ΜΗΝΕΣ ΙΟΥΛΙΟ,ΑΥΓΟΥΣΤΟ,ΟΚΤΩΒΡΙΟ 2024 (ΣΥΜΒ. 615/2023 ΧΕ 2748/2024)",082525697,ΑΝΑΣΤΑΣΙΟΣ ΜΑΥΡΟΓΕΝΗΣ ΙΑΤΡΟΤΕΧΝΟΛΟΓΙΚΑ ΕΙΔΗ ΑΝΩΝΥΜΗ ΕΤΑΙΡΕΙΑ,3486.4,,1311β01
9Ψ6Β4690ΒΩ-ΜΔ6,2025-06-19,"ΦΥΛΑΞΗ ΧΩΡΩΝ ΠΑΛΑΙΑΣ ΚΑΙ ΝΕΑΣ ΠΤΕΡΥΓΑΣ ΓΝΒ ΜΕ ΣΥΜΒΑΣΗ ΑΠΟ 13/9/2024 ΕΩΣ 12/10/2024 , ANΑΠΡΟΣΑΡΜΟΓΗΣ ΤΙΜΗΜΑΤΟΣ ΛΟΓΩ ΑΥΞΗΣΗΣ ΤΟΥ ΚΑΤΩΤΑΤΟΥ ΜΙΣΘΟΥ ΑΠΟ 1/4/2024 ΕΩΣ 12/10/2024 (ΣΥΜΒ.69/2023 ΧΕ 2362/2023 )",099796300,SWEDISH ΣΟΥΙΝΤΙΣ SYSTEMS ΣΥΣΤΕΜΣ SECURITY ΣΕΚΙΟΥΡΙΤΙ  ΙΔΙΩΤΙΚΗ ΕΠΙΧΕΙΡΗΣΗ ΠΑΡΟΧΗΣ ΥΠΗΡΕΣΙΩΝ ΑΣΦΑΛΕΙΑΣ ΜΟΝΟΠΡΟΣΩΠΗ ΕΠΕ,23645.93,,0892β01
9ΠΔ84690ΒΩ-ΡΣΙ,2025-06-19,ΠΡΟΜΗΘΕΙΑ ΥΓΕΙΟΝΟΜΙΚΟΥ ΥΛΙΚΟΥ (ΕΠΙΔΕΣΜΙΚΟΥ ΥΛΙΚΟΥ ) ΜΕ ΣΥΜΒΑΣΗ ΤΟΝ ΜΗΝΑ ΙΟΥΛΙΟ 2024 (ΣΥΜΒ. 607/2023 ΧΕ 2741/2024),999685389,ΠΕΤΡΟΣ ΧΑΡ ΚΟΣΜΙΔΗΣ ΚΑΙ ΣΙΑ ΕΕ,2426.98,,1311β01
6Ν504690ΒΩ-4ΝΘ,2025-06-18,"ΠΡΟΜΗΘΕΙΑ ΦΑΡΜΑΚΕΥΤΙΚΟΥ ΥΛΙΚΟΥ ΝΟΣΟΚΟΜΕΙΟΥ ΓΙΑ ΤΟΥΣ ΜΗΝΕΣ ΟΚΤΩΒΡΙΟ ΕΩΣ ΝΟΕΜΒΡΙΟ 2023, ΣΥΜΦΩΝΑ ΜΕ ΤΙΣ ΔΙΑΤΑΞΕΙΣ ΤΟΥ Ν.5161/2024 αρθ.14  (ΦΕΚ 196/ τ.Α΄/29-11-2024)",800878331,AOP ORPHAN  ΦΑΡΜΑΚΕΥΤΙΚΗ ΕΛΛΑΔΑΣ ΜΟΝΟΠΡΟΣΩΠΗ ΕΤΑΙΡΕΙΑ ΠΕΡΙΟΡΙΣΜΕΝΗΣ ΕΥΘΥΝΗΣ,42358.97,,1312β01
ΡΟ474690ΒΩ-ΥΗΓ,2025-06-18,"ΠΡΟΜΗΘΕΙΑ ΥΓΕΙΟΝΟΜΙΚΟΥ ΥΛΙΚΟΥ  (ΓΑΝΤΙΑ ΧΕΙΡΟΥΡΓΙΚΑ)  ΜΕ ΣΥΜΒΑΣΗ  (ΣΥΜΒ.258/2024)  ΓΙΑ  ΤΟΥΣ ΜΗΝΕΣ  ΙΟΥΝΙΟ 2024,ΙΟΥΛΙΟ 2024  ΣΥΜΦΩΝΑ ΜΕ ΤΙΣ ΔΙΑΤΑΞΕΙΣ ΤΟΥ Ν.5161/2024 αρθ.14  (ΦΕΚ 196/ τ.Α΄/29-11-2024)",998179225,MILONAS HEALTH ΙΑΤΡΙΚΑ ΠΡΟΙΟΝΤΑ ΑΝΩΝΥΜΟΣ ΕΤΑΙΡΕΙΑ,3805.4,,1311β01
ΡΔΛΒ4690ΒΩ-ΧΜΕ,2025-06-18,"ΠΡΟΜΗΘΕΙΑ ΥΓΕΙΟΝΟΜΙΚΟΥ ΥΛΙΚΟΥ   (ΑΝΑΛΩΣΙΜΑ ΥΛΙΚΑ ΧΕΙΡΟΥΡΓΕΙΟΥ )  ΜΕ ΣΥΜΒΑΣΗ   (ΣΥΜΒ.267/2024)  ΓΙΑ  ΤΟΥΣ ΜΗΝΕΣ  ΙΟΥΝΙΟ 2024, ΙΟΥΛΙΟ 2024  ΣΥΜΦΩΝΑ ΜΕ ΤΙΣ ΔΙΑΤΑΞΕΙΣ ΤΟΥ Ν.5161/2024 αρθ.14  (ΦΕΚ 196/ τ.Α΄/29-11-2024)",800777790,INSIDE ΙΑΤΡΙΚΕΣ ΤΕΧΝΟΛΟΓΙΕΣ ΜΟΝΟΠΡΟΣΩΠΗ ΙΚΕ,3348.25,,1311β01
ΡΩ614690ΒΩ-ΛΦΖ,2025-06-18,ΠΡΟΜΗΘΕΙΑ ΥΓΕΙΟΝΟΜΙΚΟΥ ΥΛΙΚΟΥ  (ΟΥΡΟΣΥΛΛΕΚΤΕΣ) ΜΕ ΣΥΜΒΑΣΗ  (170/2024 ) ΓΙΑ  ΤΟ  ΜΗΝΑ  ΑΠΡΙΛΙΟ 2024 ΣΥΜΦΩΝΑ ΜΕ ΤΙΣ ΔΙΑΤΑΞΕΙΣ ΤΟΥ Ν.5161/2024 αρθ.14  (ΦΕΚ 196/ τ.Α΄/29-11-2024),095176482,LATEX ΑΝΩΝΥΜΟΣΕΤΑΙΡΙΑ ΠΑΡΑΓΩΓΗΣ ΚΑΙ ΕΜΠΟΡΙΑΣ ΙΑΤΡΟΤΕΧΝΟΛΟΓΙΚΟΥ ΥΛΙΚΟΥ ΦΥΤΟΘΕΡΑΠΕΥΤΙΚΩΝ ΣΚΕΥΑΣΜΑΤΩΝ,3779.22,,1311β01
610Ρ4690ΒΩ-Β4Λ,2025-06-18,ΠΡΟΜΗΘΕΙΑ ΦΑΡΜΑΚΕΥΤΙΚΟΥ ΥΛΙΚΟΥ ΝΟΣΟΚΟΜΕΙΟΥ ΓΙΑ ΤΟ ΜΗΝΑ MAΪΟ 2024 (ΓΔΟΥ/οικ.59434/31-7-2018) ΠΡΟΣΘΕΤΟ REBATE Α' ΕΞΑΜΗΝΟΥ 2023 THΣ ΠΑΡ.3 TOY AΡΘΡΟ 35 TOY N. 3918/2011) ΚΑΙ  ΣΥΜΦΩΝΑ ΜΕ ΤΙΣ ΔΙΑΤΑΞΕΙΣ ΤΟΥ Ν.5161/2024 αρθ.14  (ΦΕΚ 196/ τ.Α΄/29-11-2024),998871023,AMGEN ΕΛΛΑΣ ΦΑΡΜΑΚΕΥΤΙΚΑ ΕΠΕ,4007.9,,1312β01
9Χ134690ΒΩ-ΣΘΗ,2025-06-18,"ΠΡΟΜΗΘΕΙΑ ΦΑΡΜΑΚΕΥΤΙΚΟΥ ΥΛΙΚΟΥ ΝΟΣΟΚΟΜΕΙΟΥ ΓΙΑ ΤΟΥΣ  ΜΗΝΕΣ ΦΕΒΡΟΥΑΡΙΟ ΕΩΣ ΙΟΥΝΙΟ 2024 (ΓΔΟΥ/οικ.59434/31-7-2018) ΠΡΟΣΘΕΤΟ REBATE Α' ΕΞΑΜΗΝΟΥ 2021 (149,83) ,  REBATE Β' ΕΞΑΜΗΝΟΥ 2021 (75,77) , REBATE Α' ΕΞΑΜΗΝΟΥ 2022 (248,30) , REBATE Β' ΕΞΑΜΗΝΟΥ 2022 (249,28) THΣ ΠΑΡ.3 TOY AΡΘΡΟ 35 TOY N. 3918/2011) ΚΑΙ  ΣΥΜΦΩΝΑ ΜΕ ΤΙΣ ΔΙΑΤΑΞΕΙΣ ΤΟΥ Ν.5161/2024 αρθ.14  (ΦΕΚ 196/ τ.Α΄/29-11-2024)",094025043,ELPEN ΑΝΩΝΥΜΟΣ ΕΤΑΙΡΕΙΑ ΦΑΡΜΑΚΕΥΤΙΚΗ ΒΙΟΜΗΧΑΝΙΑ,770.68,,1312β01
9ΞΚΤ4690ΒΩ-2Β1,2025-06-18,"ΠΡΟΜΗΘΕΙΑ ΥΓΡΩΝ ΚΑΥΣΙΜΩΝ ΝΟΣΟΚΟΜΕΙΟΥ, ΓΙΑ ΤΑ ΥΠ΄ ΑΡΙΘΜ. ΚΥ 7140, ΚΗΗ 2952 ,ΟΧΗΜΑΤΑ ΙΔΙΟΚΤΗΣΙΑΣ Γ.Ν.Β., ΜΕ ΣΥΜΒΑΣΗ ΓΙΑ ΤΟΥΣ ΜΗΝΕΣ ΑΠΡΙΛΙΟ , 2025 ΜΑΙΟ 2025 ( ΣΥΜΒ. 291/2024, 1οΧ.Ε. 2621/2024 ).",997663680,ΑΦΟΙ ΤΖΕΚΑ ΟΜΟΡΡΥΘΜΟΣ ΕΤΑΙΡΙΑ,654.98,,1611β01
9ΝΡΜ4690ΒΩ-ΦΝΓ,2025-06-18,ΠΡΟΜΗΘΕΙΑ ΒΙΟΑΤΡΙΚΟΥ ΕΞΟΠΛΙΣΜΟΥ  ΓΙΑ ΤΟΝ ΜΗΝΑ ΙΟΥΝΙΟ 2024 ΜΕ ΣΥΜΒΑΣΗ (ΣΥΜΒ.302/24) ΣΥΜΦΩΝΑ ΜΕ ΤΙΣ ΔΙΑΤΑΞΕΙΣ ΤΟΥ Ν.5161/2024 αρθ.14 (ΦΕΚ 196/ τ.Α΄/29-11-2024),094442268,ΠΡΩΤΟΝ Α Ε ΑΝΤΙΠΡ ΙΑΤΡΙΚΩΝ ΕΠΙΣΤΗΜΟΝΙΚΩΝ ΕΙΔΩΝ  ΜΗΧΑΝΗΜ ΚΑΙ ΣΥΣΤΗΜΑΤΩΝ ΑΣΦΑΛΕΙΑΣ ΙΔΙΩΤ ΕΠΙΧ ΠΑΡΟΧ ΥΠΗΡΕΣΙΩΝ ΑΣΦΑΛΕΙΑΣ,6882.0,,1439β01
6ΙΤΖ4690ΒΩ-7ΥΙ,2025-06-18,ΠΡΟΜΗΘΕΙΑ ΒΙΟΑΤΡΙΚΟΥ ΕΞΟΠΛΙΣΜΟΥ  ΓΙΑ ΤΟΝ ΜΗΝΑ ΙΟΥΛΙΟ  2024 ΜΕ ΣΥΜΒΑΣΗ (ΣΥΜΒ.301/24) ΣΥΜΦΩΝΑ ΜΕ ΤΙΣ ΔΙΑΤΑΞΕΙΣ ΤΟΥ Ν.5161/2024 αρθ.14 (ΦΕΚ 196/ τ.Α΄/29-11-2024),998361490,KARL STORZ ENDOSKOPE GREECE GMBH ΜΟΝΟΠΡΟΣΩΠΗ ΕΤΑΙΡΙΑ ΠΕΡΙΟΡΙΣΜΕΝΗΣ ΕΥΘΥΝΗΣ,7803.07,,1439β01
9ΗΖΒ4690ΒΩ-ΕΔΗ,2025-06-18,"ΠΡΟΜΗΘΕΙΑ ΥΓΕΙΟΝΟΜΙΚΟΥ ΥΛΙΚΟΥ (ΕΠΙΔΕΣΜΙΚΟΥ ΥΛΙΚΟΥ ) ΜΕ ΣΥΜΒΑΣΗ ΤΟΥΣ ΜΗΝΕΣ ΜΑΡΤΙΟ,ΙΟΥΝΙΟ, ΙΟΥΛΙΟ,ΑΥΓΟΥΣΤΟ 2024 (ΣΥΜΒ. 611/2023 ΧΕ  2745/2024)",094007897,ΚΟΠΕΡ ΦΑΡΜΑΚΟΒΙΟΜΗΧΑΝΙΑΑΝΩΝΥΜΗ ΕΤΑΙΡΕΙΑ,1767.17,,1311β01
ΨΜΨ54690ΒΩ-ΩΚ1,2025-06-18,"ΠΡΟΜΗΘΕΙΑ ΥΓΕΙΟΝΟΜΙΚΟΥ ΥΛΙΚΟΥ (ΕΠΙΔΕΣΜΙΚΟΥ ΥΛΙΚΟΥ ) ΜΕ ΣΥΜΒΑΣΗ ΤΟΥΣ ΜΗΝΕΣ ΙΟΙΝΙΟ, ΑΥΓΟΥΣΤΟ,ΟΚΤΩΒΡΙΟ 2024 (ΣΥΜΒ. 617/2023  ΧΕ 2750/2024)",094326835,ΑΝΩΝΥΜΗ ΕΙΣΑΓΩΓΙΚΗ ΕΜΠΟΡΙΚΗ ΕΤΑΙΡΕΙΑ ΙΑΤΡΙΚΩΝ ΕΙΔΩΝ ΞΕΝΟΦΩΝ ΓΕΡΜΑΝΟΣ,4037.39,,1311β01
9ΞΧ04690ΒΩ-ΠΔΟ,2025-06-18,"ΠΡΟΜΗΘΕΙΑ ΥΓΕΙΟΝΟΜΙΚΟΥ ΥΛΙΚΟΥ (ΕΠΙΔΕΣΜΙΚΟΥ ΥΛΙΚΟΥ ) ΜΕ ΣΥΜΒΑΣΗ ΤΟΥΣ ΜΗΝΕΣ ΙΟΥΝΙΟ,ΙΟΥΛΙΟ,ΑΥΓΟΥΣΤΟ 2024 (ΣΥΜΒ. 613/2023  ΧΕ 2747/2024)",094446034,Y LOGIMED ΜΟΝΟΠΡΟΣΩΠΗ ΑΝΩΝΥΜΗ ΕΤΑΙΡΕΙΑ ΕΙΣΑΓΩΓΗΣ ΕΜΠΟΡΙΑΣ ΚΑΙ ΕΦΟΔΙΑΣΜΟΥ ΙΑΤΡΟΤΕΧΝΟΛΟΓΙΚΩΝ ΠΡΟΙΟΝΤΩΝ,5288.41,,1311β01
ΡΟ4Κ4690ΒΩ-37Β,2025-06-18,"ΠΡΟΜΗΘΕΙΑ ΥΓΕΙΟΝΟΜΙΚΟΥ ΥΛΙΚΟΥ (ΕΠΙΔΕΣΜΙΚΟΥ ΥΛΙΚΟΥ ) ΜΕ ΣΥΜΒΑΣΗ ΤΟΥΣ ΜΗΝΕΣ ΙΟΥΝΙΟ,ΙΟΥΛΙΟ,ΑΥΓΟΥΣΤΟ,ΟΚΤΩΒΡΙΟ  2024 (ΣΥΜΒ. 606/2023 ΧΕ 2740/2024)",099370337,VIOLAK INTERNATIONAL ΝΟΣΟΚΟΜΕΙΑΚΟΥ ΕΞΟΠΛΙΣΜΟΥ ΑΝΩΝΥΜΗ ΕΜΠΟΡΙΚΗ ΕΤΑΙΡΕΙΑ,6032.32,,1311β01
91Ε14690ΒΩ-5Χ4,2025-06-16,"ΤΕΛΗ ΔΗΛΩΣΗΣ ΑΚΙΝΗΤΩΝ (ΚΑΤΩ ΛΕΧΩΝΙΑ ΑΓΡ.22 ,ΚΑΤΩ ΛΕΧΩΝΙΑ ΑΓΡ 19) ΙΔΙΟΚΤΗΣΙΑΣ Γ.Ν.Β.",997001671,ΥΠΟΥΡΓΕΙΟ ΨΗΦΙΑΚΗΣ ΔΙΑΚΥΒΕΡΝΗΣΗΣ,14.0,,0899α01
ΨΣ5Μ4690ΒΩ-ΘΛΧ,2025-06-13,": ΠΡΟΜΗΘΕΙΑ ΦΑΡΜΑΚΕΥΤΙΚΟΥ ΥΛΙΚΟΥ ΝΟΣΟΚΟΜΕΙΟΥ ΓΙΑ ΤΟΥΣ ΜΗΝΕΣ ΙΟΥΛΙΟ ΕΩΣ ΑΥΓΟΥΣΤΟ 2023, ΣΥΜΦΩΝΑ ΜΕ ΤΙΣ ΔΙΑΤΑΞΕΙΣ ΤΟΥ Ν.5161/2024 αρθ.14 (ΦΕΚ 196/ τ.Α΄/29-11-2024)",094041553,DEMO ΑΝΩΝΥΜΟΣ ΒΙΟΜΗΧΑΝΙΚΗ ΚΑΙ ΕΜΠΟΡΙΚΗ ΕΤΑΙΡΕΙΑ ΦΑΡΜΑΚΩΝ,56137.06,,1312β01
9ΩΞΡ4690ΒΩ-8Ε5,2025-06-13,"ΠΡΟΜΗΘΕΙΑ ΦΑΡΜΑΚΕΥΤΙΚΟΥ ΥΛΙΚΟΥ ΝΟΣΟΚΟΜΕΙΟΥ ΓΙΑ ΤΟΥΣ ΜΗΝΕΣ ΟΚΤΩΒΡΙΟ ΕΩΣ ΔΕΚΕΜΒΡΙΟ 2023, ΣΥΜΦΩΝΑ ΜΕ ΤΙΣ ΔΙΑΤΑΞΕΙΣ ΤΟΥ Ν.5161/2024 αρθ.14 (ΦΕΚ 196/ τ.Α΄/29-11-2024)",095530045,ΜΠΑΞΤΕΡ ΕΛΛΑΣ ΕΠΕ,43631.75,,1312β01
ΨΥΣΒ4690ΒΩ-5ΩΝ,2025-06-13,: ΠΡΟΜΗΘΕΙΑ ΦΑΡΜΑΚΕΥΤΙΚΟΥ ΥΛΙΚΟΥ ΝΟΣΟΚΟΜΕΙΟΥ ΓΙΑ ΤΟΥΣ ΜΗΝΕΣ ΑΠΡΙΛΙΟ ΕΩΣ ΙΟΥΛΙΟ 2023 (ΓΔΟΥ/οικ.59434/31-7-2018) ΠΡΟΣΘΕΤΟ CLAW BACK A΄ ΕΞΑΜΗΝΟΥ 2022 ΣΥΜΦΩΝΑ ΜΕ ΤΟ ΥΠ΄ΑΡΙΘΜ. Β1β/Γ.Π./οικ. 50231/2017 (ΦΕΚ 2255/Β/2017) ΚΑΙ ΣΥΜΦΩΝΑ ΜΕ ΤΙΣ ΔΙΑΤΑΞΕΙΣ ΤΟΥ Ν.5161/2024 αρθ.14 (ΦΕΚ 196/ τ.Α΄/29-11-2024),095530045,ΜΠΑΞΤΕΡ ΕΛΛΑΣ ΕΠΕ,21236.64,,1312β01
ΨΦΚΖ4690ΒΩ-ΤΓ3,2025-06-13,ΠΡΟΜΗΘΕΙΑ ΦΑΡΜΑΚΕΥΤΙΚΟΥ ΥΛΙΚΟΥ ΝΟΣΟΚΟΜΕΙΟΥ ΓΙΑ ΤΟΥΣ ΜΗΝΕΣ ΟΚΤΩΒΡΙΟ ΕΩΣ ΔΕΚΕΜΒΡΙΟ 2023 ΝΟΣ ΣΥΜΦΩΝΑ ΜΕ ΤΙΣ ΔΙΑΤΑΞΕΙΣ ΤΟΥ Ν.5161/2024 αρθ.14 (ΦΕΚ 196/ τ.Α΄/29-11-2024),094031965,ΒΙΑΝΕΞ ΑΕ ΑΝΩΝΥΜΟΣ ΕΜΠΟΡΟΒΙΟΜΗΧΑΝΙΚΗ ΤΟΥΡΙΣΤΙΚΗ ΞΕΝΟΔΟΧΕΙΑΚΗ ΚΑΙ ΝΑΥΤΙΛΙΑΚΗ ΑΝΩΝΥΜΟΣ ΕΤΑΙΡΕΙΑ,38142.16,,1312β01
ΨΛΟΓ4690ΒΩ-ΖΧΦ,2025-06-13,: ΠΡΟΜΗΘΕΙΑ ΟΡΘΟΠΕΔΙΚΟΥ ΥΛΙΚΟΥ ΜΕ ΣΥΜΒΑΣΗ ΤΟΝ ΜΗΝΑ ΑΠΡΙΛΙΟ 2024 (ΣΥΜΒ.115/2024) ΑΠΑΞ ΠΑΡΑΓΓΕΛΙΑ ΣΥΜΦΩΝΑ ΜΕ ΤΙΣ ΔΙΑΤΑΞΕΙΣ ΤΟΥ Ν. 5161/2024 αρθ.14 (ΦΕΚ 196/τ. Α΄/29-11-202,998333221,ΠΡΟΗΓΜΕΝΑ ΙΑΤΡΙΚΑ ΠΡΟΙΟΝΤΑ ΚΑΙ ΥΠΗΡΕΣΙΕΣ ΜΟΝΟΠΡΟΣΩΠΗ ΕΤΑΙΡΙΑ ΠΕΡΙΟΡΙΣΜΕΝΗΣ ΕΥΘΥΝΗΣ,3414.63,,1313β01
ΡΟΔ34690ΒΩ-ΞΚΣ,2025-06-12,ΠΡΟΜΗΘΕΙΑ ΟΡΘΟΠΕΔΙΚΟΥ ΥΛΙΚΟΥ ΓΙΑ ΤΟΝ ΜΗΝΑ ΑΠΡΙΛΙΟ 2024 ΜΕ ΣΥΜΒΑΣΗ (ΣΥΜΒ.194/24) ΑΠΑΞ ΠΑΡΑΓΓΕΛΙΑΣ ΣΥΜΦΩΝΑ ΜΕ ΤΙΣ ΔΙΑΤΑΞΕΙΣ ΤΟΥ Ν.5161/2024 αρθ.14 (ΦΕΚ 196/ τ.Α΄/29-11-2024),998465266,ΙΑΤΡΟΤΕΧΝΟΛΟΓΙΚΑ PS TEAM ΕΤΑΙΡΙΑ ΠΕΡΙΟΡΙΣΜΕΝΗΣ ΕΥΘΥΝΗΣ,14139.38,,1313β01
6Υ334690ΒΩ-ΓΝΝ,2025-06-12,ΠΡΟΜΗΘΕΙΑ  ΟΡΘΟΠΕΔΙΚΟΥ ΥΛΙΚΟΥ ΓΙΑ  ΤΟΝ ΜΗΝΑ ΑΠΡΙΛΙΟ 2024  ΜΕ ΣΥΜΒΑΣΗ (ΣΥΜΒ.182/24) ΑΠΑΞ ΠΑΡΑΓΓΕΛΙΑΣ ΣΥΜΦΩΝΑ ΜΕ ΤΙΣ ΔΙΑΤΑΞΕΙΣ ΤΟΥ Ν.5161/2024 αρθ.14  (ΦΕΚ 196/ τ.Α΄/29-11-2024) ΔΙΚΑΙΟΛΟΓΗΤΙΚΑ : ΠΑΡΑΣΤΑΤΙΚΑ :11803,998465266,ΙΑΤΡΟΤΕΧΝΟΛΟΓΙΚΑ PS TEAM ΕΤΑΙΡΙΑ ΠΕΡΙΟΡΙΣΜΕΝΗΣ ΕΥΘΥΝΗΣ,4373.1,,1313β01
6Σ8Ε4690ΒΩ-978,2025-06-12,"ΠΡΟΜΗΘΕΙΑ ΥΓΕΙΟΝΟΜΙΚΟΥ ΥΛΙΚΟΥ (ΕΠΙΔΕΣΜΙΚΟΥ ΥΛΙΚΟΥ ) ΜΕ ΣΥΜΒΑΣΗ ΤΟΥΣ ΜΗΝΕΣ ΦΕΒΡΟΥΑΡΙΟ,ΜΑΡΤΙΟ,ΙΟΥΝΙΟ,ΙΟΥΛΙΟ,ΑΥΓΟΥΣΤΟ,ΟΚΤΩΒΡΙΟ, 2024 (ΣΥΜΒ. 608/2023 ΧΕ 2742/2024)",094133588,ΓΕΝΙΚΗ ΧΗΜΙΚΩΝ ΠΡΟΙΟΝΤΩΝ ΑΕ,14294.39,,1311β01
91ΕΤ4690ΒΩ-ΞΦ3,2025-06-12,ΡΟΜΗΘΕΙΑ  ΟΡΘΟΠΕΔΙΚΟΥ ΥΛΙΚΟΥ ΓΙΑ  ΤΟΝ ΜΗΝΑ ΑΠΡΙΛΙΟ 2024  ΜΕ ΣΥΜΒΑΣΗ (ΣΥΜΒ.182/24) ΑΠΑΞ ΠΑΡΑΓΓΕΛΙΑΣ ΣΥΜΦΩΝΑ ΜΕ ΤΙΣ ΔΙΑΤΑΞΕΙΣ ΤΟΥ Ν.5161/2024 αρθ.14  (ΦΕΚ 196/ τ.Α΄/29-11-2024),998465266,ΙΑΤΡΟΤΕΧΝΟΛΟΓΙΚΑ PS TEAM ΕΤΑΙΡΙΑ ΠΕΡΙΟΡΙΣΜΕΝΗΣ ΕΥΘΥΝΗΣ,4512.02,,1313β01
9ΡΧΛ4690ΒΩ-ΥΤΩ,2025-06-12,ΠΡΟΜΗΘΕΙΑ  ΟΡΘΟΠΕΔΙΚΟΥ ΥΛΙΚΟΥ ΓΙΑ  ΤΟΝ ΜΗΝΑ ΑΠΡΙΛΙΟ 2024  ΜΕ ΣΥΜΒΑΣΗ (ΣΥΜΒ.150/24) ΑΠΑΞ ΠΑΡΑΓΓΕΛΙΑΣ ΣΥΜΦΩΝΑ ΜΕ ΤΙΣ ΔΙΑΤΑΞΕΙΣ ΤΟΥ Ν.5161/2024 αρθ.14  (ΦΕΚ 196/ τ.Α΄/29-11-2024),999117743,ΙΑΤΡΙΚΑ ΠΕΝΥ ΕΤΑΙΡΙΑ ΠΕΡΙΟΡΙΣΜΕΝΗΣ ΕΥΘΥΝΗΣ,7379.32,,1311β01
93ΜΙ4690ΒΩ-4ΒΩ,2025-06-12,ΠΡΟΜΗΘΕΙΑ  ΟΡΘΟΠΕΔΙΚΟΥ ΥΛΙΚΟΥ ΓΙΑ  ΤΟΝ ΜΗΝΑ ΑΠΡΙΛΙΟ 2024  ΜΕ ΣΥΜΒΑΣΗ (ΣΥΜΒ.175/24) ΑΠΑΞ ΠΑΡΑΓΓΕΛΙΑΣ ΣΥΜΦΩΝΑ ΜΕ ΤΙΣ ΔΙΑΤΑΞΕΙΣ ΤΟΥ Ν.5161/2024 αρθ.14  (ΦΕΚ 196/ τ.Α΄/29-11-2024),999117743,ΙΑΤΡΙΚΑ ΠΕΝΥ ΕΤΑΙΡΙΑ ΠΕΡΙΟΡΙΣΜΕΝΗΣ ΕΥΘΥΝΗΣ,5822.64,,1311β01
6Θ9Ε4690ΒΩ-ΒΕΩ,2025-06-12,ΠΡΟΜΗΘΕΙΑ ΟΡΘΟΠΕΔΙΚΟΥ ΥΛΙΚΟΥ ΓΙΑ ΤΟΝ ΜΗΝΑ ΑΠΡΙΛΙΟ 2024 ΜΕ ΣΥΜΒΑΣΗ (ΣΥΜΒ.206/24) ΑΠΑΞ ΠΑΡΑΓΓΕΛΙΑΣ ΣΥΜΦΩΝΑ ΜΕ ΤΙΣ ΔΙΑΤΑΞΕΙΣ ΤΟΥ Ν.5161/2024 αρθ.14 (ΦΕΚ 196/ τ.Α΄/29-11-2024),999117743,ΙΑΤΡΙΚΑ ΠΕΝΥ ΕΤΑΙΡΙΑ ΠΕΡΙΟΡΙΣΜΕΝΗΣ ΕΥΘΥΝΗΣ,6598.28,,1313β01
ΨΠΡ64690ΒΩ-ΔΕΡ,2025-06-12,ΠΡΟΜΗΘΕΙΑ  ΟΡΘΟΠΕΔΙΚΟΥ ΥΛΙΚΟΥ ΓΙΑ  ΤΟΝ ΜΗΝΑ ΑΠΡΙΛΙΟ 2024  ΜΕ ΣΥΜΒΑΣΗ (ΣΥΜΒ.143/24) ΑΠΑΞ ΠΑΡΑΓΓΕΛΙΑΣ ΣΥΜΦΩΝΑ ΜΕ ΤΙΣ ΔΙΑΤΑΞΕΙΣ ΤΟΥ Ν.5161/2024 αρθ.14  (ΦΕΚ 196/ τ.Α΄/29-11-2024),999117743,ΙΑΤΡΙΚΑ ΠΕΝΥ ΕΤΑΙΡΙΑ ΠΕΡΙΟΡΙΣΜΕΝΗΣ ΕΥΘΥΝΗΣ,10593.96,,1313β01
9Ι684690ΒΩ-Θ6Τ,2025-06-12,ΠΡΟΜΗΘΕΙΑ ΟΡΘΟΠΕΔΙΚΟΥ ΥΛΙΚΟΥ ΓΙΑ ΤΟΝ ΜΗΝΑ ΑΠΡΙΛΙΟ 2024 ΜΕ ΣΥΜΒΑΣΗ (ΣΥΜΒ.196/24) ΑΠΑΞ ΠΑΡΑΓΓΕΛΙΑΣ ΣΥΜΦΩΝΑ ΜΕ ΤΙΣ ΔΙΑΤΑΞΕΙΣ ΤΟΥ Ν.5161/2024 αρθ.14 (ΦΕΚ 196/ τ.Α΄/29-11-2024),999117743,ΙΑΤΡΙΚΑ ΠΕΝΥ ΕΤΑΙΡΙΑ ΠΕΡΙΟΡΙΣΜΕΝΗΣ ΕΥΘΥΝΗΣ,6598.28,,1313β01
9ΤΤΞ4690ΒΩ-8ΦΥ,2025-06-12,ΠΡΟΜΗΘΕΙΑ ΥΓΕΙΟΝΟΜΙΚΟΥ ΥΛΙΚΟΥ (ΥΛΙΚΩΝ ΑΠΟΣΤΕΙΡΩΣΗΣ ΙΙ) ΤΟΝ ΜΗΝΑ ΑΠΡΙΛΙΟ 2024 (ΣΥΜΒ.172/2024) ΣΥΜΦΩΝΑ ΜΕ ΤΙΣ ΔΙΑΤΑΞΕΙΣ ΤΟΥ Ν. 5161/2024 αρθ.14 (ΦΕΚ 196/τ. Α΄/29-11-2024,999685389,ΠΕΤΡΟΣ ΧΑΡ ΚΟΣΜΙΔΗΣ ΚΑΙ ΣΙΑ ΕΕ,5473.61,,1311β01
ΨΒ3Τ4690ΒΩ-9Μ1,2025-06-12,": ΠΡΟΜΗΘΕΙΑ ΥΓΕΙΟΝΟΜΙΚΟΥ ΥΛΙΚΟΥ (ΥΛΙΚΩΝ ΑΠΟΣΤΕΙΡΩΣΗΣ ΙΙ) ΤΟΥΣ ΜΗΝΕΣ ΑΠΡΙΛΙΟ,ΜΑΪΟ 2024 (ΣΥΜΒ.171/2024) ΣΥΜΦΩΝΑ ΜΕ ΤΙΣ ΔΙΑΤΑΞΕΙΣ ΤΟΥ Ν. 5161/2024 αρθ.14 (ΦΕΚ 196/τ. Α΄/29-11-2024",094133588,ΓΕΝΙΚΗ ΧΗΜΙΚΩΝ ΠΡΟΙΟΝΤΩΝ ΑΕ,15500.0,,1311β01
ΨΑ9Φ4690ΒΩ-ΘΦΧ,2025-06-12,ΠΡΟΜΗΘΕΙΑ  ΟΡΘΟΠΕΔΙΚΟΥ ΥΛΙΚΟΥ ΓΙΑ  ΤΟΝ ΜΗΝΑ ΑΠΡΙΛΙΟ 2024  ΜΕ ΣΥΜΒΑΣΗ (ΣΥΜΒ.232/24) ΑΠΑΞ ΠΑΡΑΓΓΕΛΙΑΣ ΣΥΜΦΩΝΑ ΜΕ ΤΙΣ ΔΙΑΤΑΞΕΙΣ ΤΟΥ Ν.5161/2024 αρθ.14  (ΦΕΚ 196/ τ.Α΄/29-11-2024),999117743,ΙΑΤΡΙΚΑ ΠΕΝΥ ΕΤΑΙΡΙΑ ΠΕΡΙΟΡΙΣΜΕΝΗΣ ΕΥΘΥΝΗΣ,5498.78,,1313β01
9ΓΩΦ4690ΒΩ-ΤΚΖ,2025-06-12,"ΠΡΟΜΗΘΕΙΑ ΦΑΡΜΑΚΕΥΤΙΚΟΥ ΥΛΙΚΟΥ ΝΟΣΟΚΟΜΕΙΟΥ ΓΙΑ ΤΟΥΣ ΜΗΝΕΣ ΙΟΥΝΙΟ & ΙΟΥΛΙΟ 2023, ΣΥΜΦΩΝΑ ΜΕ ΤΙΣ ΔΙΑΤΑΞΕΙΣ ΤΟΥ Ν.5161/2024 αρθ.14 (ΦΕΚ 196/ τ.Α΄/29-11-2024)",094043896,MERCK SHARP ΚΑΙ  DOHME ΦΑΡΜΑΚΕΥΤΙΚΗ ΕΜΠΟΡΙΚΗ ΜΟΝΟΠΡΟΣΩΠΗ ΑΝΩΝΥΜΗ ΕΤΑΙΡΙΑ,255927.29,,1312β01
63Α54690ΒΩ-ΕΑΓ,2025-06-12,ΠΡΟΜΗΘΕΙΑ ΟΡΘΟΠΕΔΙΚΟΥ ΥΛΙΚΟΥ ΜΕ ΣΥΜΒΑΣΗ (  ΣΥΜΒ.233/24) ΑΠΑΞ ΠΑΡΑΓΓΕΛΙΑΣ  ΓΙΑ ΤΟΝ ΜΗΝΑ ΑΠΡΙΛΙΟ 2024   ΣΥΜΦΩΝΑ ΜΕ ΤΙΣ ΔΙΑΤΑΞΕΙΣ ΤΟΥ Ν. 5161/2024 αρθ.14 (ΦΕΚ 196/τ. Α΄/29-11-2024),999307110,ΚΑΛΤΕΚ ΕΜΠΟΡΙΑ ΙΑΤΡΙΚΩΝ ΕΙΔΩΝ ΠΡΟΙΟΝΤΩΝ ΚΑΙ ΜΗΧΑΝΗΜΑΤΩΝ ΜΟΝΟΠΡΟΣΩΠΗ ΑΝΩΝΥΜΗ ΕΤΑΙΡΙΑ,4623.3,,1313β01
6ΥΒΧ4690ΒΩ-4ΥΘ,2025-06-12,: ΠΡΟΜΗΘΕΙΑ ΟΡΘΟΠΕΔΙΚΟΥ ΥΛΙΚΟΥ ΓΙΑ ΤΟΝ ΜΗΝΑ ΑΠΡΙΛΙΟ 2024 ΜΕ ΣΥΜΒΑΣΗ (ΣΥΜΒ.205/24) ΑΠΑΞ ΠΑΡΑΓΓΕΛΙΑΣ ΣΥΜΦΩΝΑ ΜΕ ΤΙΣ ΔΙΑΤΑΞΕΙΣ ΤΟΥ Ν.5161/2024 αρθ.14 (ΦΕΚ 196/ τ.Α΄/29-11-2024),998465266,ΙΑΤΡΟΤΕΧΝΟΛΟΓΙΚΑ PS TEAM ΕΤΑΙΡΙΑ ΠΕΡΙΟΡΙΣΜΕΝΗΣ ΕΥΘΥΝΗΣ,11778.48,,1313β01
ΨΩΒΥ4690ΒΩ-ΕΨΡ,2025-06-12,ΑΠΟΔΟΣΗ ΥΠΕΡ ΕΑΑΔΗΣΥ ΕΠΙ ΤΩΝ ΕΞΟΦΛΗΘΕΝΤΩΝ ΧΕ ΜΗΝΟΣ ΜΑΙΟΥ 2025 (Φ100) ΔΙΚΑΙΟΛΟΓΗΤΙΚΑ : ΠΑΡΑΣΤΑΤΙΚΑ :ΓΡΑΜ Ε634 30-5-25,090166291,ΥΠΟΥΡΓΕΙΟ ΑΝΑΠΤΥΞΗΣ,1497.72,,3399α01
96Ν14690ΒΩ-ΥΘ0,2025-06-12,ΑΠΟΔΟΣΗ ΥΠΕΡ ΨΥΧΙΚΗΣ ΥΓΕΙΑΣ (Ν.3580)ΕΠΙ ΤΩΝ ΕΞΟΦΛΗΘΕΝΤΩΝ ΧΕ ΜΗΝΟΣ ΜΑΙΟΥ 2025 (Φ100),099017070,ΥΠΟΥΡΓΕΙΟ ΥΓΕΙΑΣ ΠΡΟΝΟΙΑΣ,45663.25,,3391α01
6ΜΘ94690ΒΩ-ΩΤΠ,2025-06-12,ΑΠΟΔΟΣΗ ΥΠΕΡ ΔΗΜΟΣΙΟΥ (ΧΑΡΤ.&ΟΓΑ ΧΑΡΤ.)ΕΠΙ ΤΩΝ ΕΞΟΦΛΗΘΕΝΤΩΝ ΧΕ ΜΗΝΟΣ ΜΑΙΟΥ 2025 (Φ100),090165560,ΥΠΟΥΡΓΕΙΟ ΟΙΚΟΝΟΜΙΚΩΝ ΓΕΝΙΚΗ   ΔIEYΘΥΝΣΗ  Δ ΚΗΣΥΠ ΞΗΣ Δ ΟΙΚ,56.7,,3391α01
68Β94690ΒΩ-82Υ,2025-06-12,: ΑΠΟΔΟΣΗ ΥΠΕΡ ΔΗΜΟΣΙΟΥ (ΦΟΡΟΣ 20%)ΕΠΙ ΤΩΝ ΕΞΟΦΛΗΘΕΝΤΩΝ ΧΕ ΜΗΝΟΣ ΜΑΙΟΥ 2025 (Φ100),090165560,ΥΠΟΥΡΓΕΙΟ ΟΙΚΟΝΟΜΙΚΩΝ ΓΕΝΙΚΗ   ΔIEYΘΥΝΣΗ  Δ ΚΗΣΥΠ ΞΗΣ Δ ΟΙΚ,942.58,,3391α01
ΨΥ284690ΒΩ-Α9Ι,2025-06-12,"ΑΠΟΔΟΣΗ ΥΠΕΡ ΔΗΜΟΣΙΟΥ (ΦΟΡΟΙ 1%,4%,8%)ΕΠΙ ΤΩΝ ΕΞΟΦΛΗΘΕΝΤΩΝ ΧΕ ΜΗΝΟΣ ΜΑΙΟΥ 2025 (Φ100) ΔΙΚΑΙΟΛΟΓΗΤΙΚΑ : ΠΑΡΑΣΤΑΤΙΚΑ :ΓΡΑΜΜ ΕΙΣΠ 634 30-5-25",090165560,ΥΠΟΥΡΓΕΙΟ ΟΙΚΟΝΟΜΙΚΩΝ ΓΕΝΙΚΗ   ΔIEYΘΥΝΣΗ  Δ ΚΗΣΥΠ ΞΗΣ Δ ΟΙΚ,112443.76,,3391α01
94074690ΒΩ-ΗΔΧ,2025-06-12,ΑΠΟΔΟΣΗ ΥΠΕΡ ΑΡΧΗΣ ΕΞΕΤΑΣΗΣ ΠΡΟΔΙΚΑΣΤΚΩΝ  ΠΡΟΣΦΥΓΩΝ  (ΑΕΠΠ) ΕΠΙ ΤΩΝ ΕΞΟΦΛΗΘΕΝΤΩΝ ΧΕ ΜΗΝΟΣ ΜΑΙΟΥ 2025 (Φ100),090169674,ΥΠΟΥΡΓΕΙΟ ΔΙΚΑΙΟΣΥΝΗΣ,159.29,,3399α01
9Ε0Η4690ΒΩ-Δ3Ρ,2025-06-11,": ΠΡΟΜΗΘΕΙΑ ΑΡΤΟΣΚΕΥΑΣΜΑΤΩΝ ΜΕ ΣΥΜΒΑΣΗ ΤΟΥΣ ΜΗΝΕΣ ΙΟΥΝΙΟ,ΙΟΠΥΛΙΟ,ΑΥΓΟΥΣΤΟ,ΣΕΠΤΕΜΒΡΙΟ,ΟΚΤΩΒΡΙΟ 2024 (ΣΥΜΒ.242/2024) ΣΥΜΦΩΝΑ ΜΕ ΤΙΣ ΔΙΑΤΑΞΕΙΣ ΤΟΥ Ν. 5161/2024 αρθ.14 (ΦΕΚ 196/τ. Α΄/29-11-2024)",042175625,"ΦΙΛΟΣΟΓΛΟΥ,,ΙΟΡΔΑΝΗΣ,ΓΕΩΡΓΙΟΣ",11868.16,,1511β01
91ΜΕ4690ΒΩ-ΒΜ7,2025-06-11,: ΠΑΡΑΚΛΙΝΙΚΕΣ ΕΞΕΤΑΣΕΙΣ ΤΩΝ ΑΣΘΕΝΩΝ ΤΟΥ ΝΟΣΟΚΟΜΕΙΟΥ ΓΙΑ ΤΟΝ ΜΗΝΑ ΜΑΡΤΙΟ 2023 ΣΥΜΦΩΝΑ ΜΕ ΤΙΣ ΔΙΑΤΑΞΕΙΣ ΤΟΥ Ν.5161/2024 αρθ.14 (ΦΕΚ 196/ τ.Α΄/29-11-2024),800436448,ΤΖΑΡΤΟΣ ΙΔΙΩΤΙΚΟ ΔΙΑΓΝΩΣΤΙΚΟ ΕΡΓΑΣΤΗΡΙΟ ΔΙΑΓΝΩΣΗ ΚΑΙ  ΕΡΕΥΝΑ ΣΤΗ ΝΕΥΡΟΑΝΟΣΟΛΟΓΙΑ ΙΑΤΡΙΚΗ ΙΔΙΩΤΙΚΗ ΚΕΦΑΛΑΙΟΥΧΙΚΗ ΕΤΑΙΡΕΙΑ,556.0,,0439β01
9ΨΞ64690ΒΩ-ΦΞΡ,2025-06-11,"ΒΑΘΜΟΝΟΜΗΣΗ ΑΝΙΧΝΕΥΤΗ ΧΩΡΟΥ SURVEY METER, ΜΗΝΟΣ ΟΚΤΩΒΡΙΟΥ 2024, ΧΩΡΙΣ ΣΥΜΒΑΣΗ, ΜΕ ΑΠΟΦΑΣΗ ΔΣ 34/8-8-24 Θ.14, ΣΥΜΦΩΝΑ ΜΕ ΤΙΣ ΔΙΑΤΑΞΕΙΣ ΤΟΥ Ν.5161/2024 αρθ.14 (ΦΕΚ 196/ τ.Α΄/29-11-2024)",090085792,ΕΛΛΗΝΙΚΗ ΕΠΙΤΡΟΠΗ ΑΤΟΜΙΚΗΣ ΕΝΕΡΓΕΙΑΣ,248.0,,0899β01
Ψ9ΤΣ4690ΒΩ-333,2025-06-11,ΠΑΡΑΚΛΙΝΙΚΕΣ ΕΞΕΤΑΣΕΙΣ ΤΩΝ ΑΣΘΕΝΩΝ ΤΟΥ ΝΟΣΟΚΟΜΕΙΟΥ ΓΙΑ ΤΟΝ ΜΗΝΑ ΙΟΥΛΙΟ 2024 ΣΥΜΦΩΝΑ ΜΕ ΤΙΣ ΔΙΑΤΑΞΕΙΣ ΤΟΥ Ν.5161/2024 αρθ.14 (ΦΕΚ 196/ τ.Α΄/29-11-2024),999336270,ΓΕΝΙΚΟ ΝΟΣΟΚΟΜΕΙΟ ΑΘΗΝΩΝ Ο ΕΥΑΓΓΕΛΙΣΜΟΣ ΠΟΛΥΚΛΙΝΙΚΗ,15.0,,0439β01
91ΦΗ4690ΒΩ-ΦΨΧ,2025-06-11,ΠΑΡΑΚΛΙΝΙΚΕΣ ΕΞΕΤΑΣΕΙΣ ΤΩΝ ΑΣΘΕΝΩΝ ΤΟΥ ΝΟΣΟΚΟΜΕΙΟΥ ΓΙΑ ΤΟΝ ΜΗΝ ΙΑΝΟΥΑΡΙΟ 2024 ΣΥΜΦΩΝΑ ΜΕ ΤΙΣ ΔΙΑΤΑΞΕΙΣ ΤΟΥ Ν.5161/2024 αρθ.14 (ΦΕΚ 196/ τ.Α΄/29-11-2024),999432325,ΓΕΝΙΚΟ ΝΟΣΟΚΟΜΕΙΟ ΘΕΣΣΑΛΟΝΙΚΗΣ ΙΠΠΟΚΡΑΤΕΙΟ,19.02,,0439β01
9ΣΝΝ4690ΒΩ-Ω7Ε,2025-06-11,ΠΑΡΑΚΛΙΝΙΚΕΣ ΕΞΕΤΑΣΕΙΣ ΤΩΝ ΑΣΘΕΝΩΝ ΤΟΥ ΝΟΣΟΚΟΜΕΙΟΥ ΓΙΑ ΤΟΝ ΜΗΝΑ ΙΟΥΛΙΟ 2024 ΣΥΜΦΩΝΑ ΜΕ ΤΙΣ ΔΙΑΤΑΞΕΙΣ ΤΟΥ Ν.5161/2024 αρθ.14 (ΦΕΚ 196/ τ.Α΄/29-11-2024),999332770,ΓΕΝΙΚΟ ΝΟΣΟΚΟΜΕΙΟ ΠΑΙΔΩΝ ΑΘΗΝΩΝ Η ΑΓΙΑ ΣΟΦΙΑ ΠΑΙΔΩΝ,150.0,,0439β01
61ΓΡ4690ΒΩ-ΝΣ9,2025-06-11,ΠΡΟΜΗΘΕΙΑ ΟΡΘΟΠΕΔΙΚΟΥ ΥΛΙΚΟΥ ΓΙΑ ΤΟΝ ΜΗΝΑ ΑΠΡΙΛΙΟ 2024 ΜΕ ΣΥΜΒΑΣΗ (ΣΥΜΒ.192/24) ΑΠΑΞ ΠΑΡΑΓΓΕΛΙΑΣ ΣΥΜΦΩΝΑ ΜΕ ΤΙΣ ΔΙΑΤΑΞΕΙΣ ΤΟΥ Ν.5161/2024 αρθ.14 (ΦΕΚ 196/ τ.Α΄/29-11-2024),998465266,ΙΑΤΡΟΤΕΧΝΟΛΟΓΙΚΑ PS TEAM ΕΤΑΙΡΙΑ ΠΕΡΙΟΡΙΣΜΕΝΗΣ ΕΥΘΥΝΗΣ,13698.68,,1313β01
6Τ124690ΒΩ-7ΙΛ,2025-06-11,: ΠΡΟΜΗΘΕΙΑ ΟΡΘΟΠΕΔΙΚΟΥ ΥΛΙΚΟΥ ΓΙΑ ΤΟΝ ΜΗΝΑ ΑΠΡΙΛΙΟ 2024 ΜΕ ΣΥΜΒΑΣΗ (ΣΥΜΒ.209/24) ΑΠΑΞ ΠΑΡΑΓΓΕΛΙΑΣ ΣΥΜΦΩΝΑ ΜΕ ΤΙΣ ΔΙΑΤΑΞΕΙΣ ΤΟΥ Ν.5161/2024 αρθ.14 (ΦΕΚ 196/ τ.Α΄/29-11-2024),998465266,ΙΑΤΡΟΤΕΧΝΟΛΟΓΙΚΑ PS TEAM ΕΤΑΙΡΙΑ ΠΕΡΙΟΡΙΣΜΕΝΗΣ ΕΥΘΥΝΗΣ,12314.1,,1313β01
9ΚΟΙ4690ΒΩ-ΘΨΩ,2025-06-11,: ΠΡΟΜΗΘΕΙΑ ΟΡΘΟΠΕΔΙΚΟΥ ΥΛΙΚΟΥ ΓΙΑ ΤΟΝ ΜΗΝΑ ΑΠΡΙΛΙΟ 2024 ΜΕ ΣΥΜΒΑΣΗ (ΣΥΜΒ.231/24) ΑΠΑΞ ΠΑΡΑΓΓΕΛΙΑΣ ΣΥΜΦΩΝΑ ΜΕ ΤΙΣ ΔΙΑΤΑΞΕΙΣ ΤΟΥ Ν.5161/2024 αρθ.14 (ΦΕΚ 196/ τ.Α΄/29-11-2024),998465266,ΙΑΤΡΟΤΕΧΝΟΛΟΓΙΚΑ PS TEAM ΕΤΑΙΡΙΑ ΠΕΡΙΟΡΙΣΜΕΝΗΣ ΕΥΘΥΝΗΣ,10374.28,,1313β01
ΨΘΛΝ4690ΒΩ-ΑΧΜ,2025-06-11,ΠΡΟΜΗΘΕΙΑ (ΝΕΥΡΟΥΧΕΙΡΟΥΡΓΙΚΑ ΕΡΓΑΛΕΙΑ) ΓΙΑ ΤΟΝ ΜΗΝΑ ΑΠΡΙΛΙΟ 2024 ΜΕ ΣΥΜΒΑΣΗ (ΣΥΜΒ.500/23) ΣΥΜΦΩΝΑ ΜΕ ΤΙΣ ΔΙΑΤΑΞΕΙΣ ΤΟΥ Ν.5161/2024 αρθ.14 (ΦΕΚ 196/ τ.Α΄/29-11-2024),999117743,ΙΑΤΡΙΚΑ ΠΕΝΥ ΕΤΑΙΡΙΑ ΠΕΡΙΟΡΙΣΜΕΝΗΣ ΕΥΘΥΝΗΣ,45214.74,,1311β01
97Τ34690ΒΩ-72Ο,2025-06-11,ΧΗΜΙΚΑ ΛΕΒΗΤΩΝ ΜΕ ΣΥΜΒΑΣΗ ΤΟΝ ΜΗΝ ΑΑΥΓΟΥΣΤΟ 2024 (ΣΥΜΒ.476/2024) ΑΠΑΞ ΠΑΡΑΓΓΕΛΙΑ ΣΥΜΦΩΝΑ ΜΕ ΤΙΣ ΔΙΑΤΑΞΕΙΣ ΤΟΥ Ν. 5161/2024 αρθ.14 (ΦΕΚ 196/τ. Α΄/29-11-2024,099855887,ΤRΙΤΙΟΝ ΠΑΡΟΧΗ ΠΡΟΙΟΝΤΩΝ ΚΑΙ ΥΠΗΡΕΣΙΩΝ ΥΨΗΛΗΣ ΤΕΧΝΟΛΟΓΙΑΣ ΕΠΕ,6431.14,,"6431,14"
ΨΘ7Χ4690ΒΩ-Ε2Τ,2025-06-11,": ΠΡΟΜ.ΟΡΘΟΠΕΔ,ΠΡΟΣΘΕΤ.ΚΑΙ ΛΟΙΠΩΝ ΥΛΙΚΩΝ ΑΝΑΠΗΡΩΝ, ΓΙΑ ΤΟΥΣ ΜΗΝΕΣ ΑΠΡΙΛΙΟ ΕΩΣ ΙΟΥΝΙΟ 2024, ΧΩΡΙΣ ΣΥΜΒΑΣΗ, ΜΕ ΑΠΟΦΑΣΕΙΣ ΔΣ 5/8-2-24 Θ.33, 23/16-5-24 Θ.6 & 27/13-6-24 Θ.37, ΣΥΜΦΩΝΑ ΜΕ ΤΙΣ ΔΙΑΤΑΞΕΙΣ ΤΟΥ Ν.5161/2024 αρθ.14 (ΦΕΚ 196/ τ.Α΄/29-11-2024) ΝΟΣ",094420381,ΙΟΥΛΙΑ ΚΑΙ ΕΙΡΗΝΗ ΤΣΕΤΗ ΦΑΡΜΑΚΕΥΤΙΚΑ ΕΡΓΑΣΤΗΡΙΑ ΑΝΩΝΥΜΟΣ ΒΙΟΜΗΧΑΝΙΚΗ ΚΑΙ ΕΜΠΟΡΙΚΗ ΕΤΑΙΡΕΙΑ,321.44,,1312β01
ΨΝΝΟ4690ΒΩ-ΣΓΡ,2025-06-11,ΔΙΑΦΗΜΙΣΕΙΣ- ΔΗΜΟΣΙΕΥΣΕΙΣ ΠΡΟΚΗΡΥΞΕΩΝ ΔΙΑΓΩΝΙΣΜΩΝ ΝΟΣΟΚΟΜΕΙΟΥ ΓΙΑ ΤΟΥΣ ΜΗΝΕΣ ΑΠΡΙΛΙΟ & ΜΑΪΟ 2025,047057290,"ΤΣΙΝΤΣΙΝΗ,,ΠΑΡΑΣΚΕΥΗ,ΓΕΩΡΓΙΟΣ",152.52,,0851α01
6ΑΩΜ4690ΒΩ-Α15,2025-06-11,ΔΙΑΦΗΜΙΣΕΙΣ- ΔΗΜΟΣΙΕΥΣΕΙΣ ΠΡΟΚΗΡΥΞΕΩΝ ΔΙΑΓΩΝΙΣΜΩΝ ΝΟΣΟΚΟΜΕΙΟΥ ΓΙΑ ΤΟ ΜΗΝΑ ΑΠΡΙΛΙΟ 2025,130456160,"ΚΑΡΕΚΛΙΔΗΣ,,ΑΡΧΙΜΗΔΗΣ,ΓΕΩΡΓΙΟΣ",238.08,,0851α01
6ΤΤΦ4690ΒΩ-0ΚΨ,2025-06-11,ΔΙΑΦΗΜΙΣΕΙΣ- ΔΗΜΟΣΙΕΥΣΕΙΣ ΠΡΟΚΗΡΥΞΕΩΝ ΔΙΑΓΩΝΙΣΜΩΝ ΝΟΣΟΚΟΜΕΙΟΥ ΓΙΑ ΤΟ ΜΗΝΑ ΑΠΡΙΛΙΟ 2025,801818159,ΜΟΝΟΤΥΠΙΑ ΜΟΝΟΠΡΟΣΩΠΗ Ι Κ Ε,192.2,,0851α01
6ΙΖΘ4690ΒΩ-ΨΜΦ,2025-06-11,": ΠΡΟΜΗΘΕΙΑ ΑΝΤΙΚΕΙΜΕΝΟΦΩΝ ΠΛΑΚΩΝ ΓΙΑ ΑΝΟΣΟΪΣΤΟΧΗΜΕΙΑ ΜΑΣΤΟΥ-ΔΕΡΜΑΤΟΣ, ΜΗΝΟΣ ΣΕΠΤΕΜΒΡΙΟΥ 2024, ΧΩΡΙΣ ΣΥΜΒΑΣΗ, ΜΕ ΑΠΟΦΑΣΗ ΔΣ 39/5-9-24 Θ.7, ΣΥΜΦΩΝΑ ΜΕ ΤΙΣ ΔΙΑΤΑΞΕΙΣ ΤΟΥ Ν.5161/2024 αρθ.14 (ΦΕΚ 196/ τ.Α΄/29-11-2024)",094138676,ΒΙΟΔΥΝΑΜΙΚΗ ΑΝΩΝΥΜΟΣ ΕΜΠΟΡΙΚΗ ΤΕΧΝΙΚΗ ΚΑΙ ΒΙΟΜΗΧΑΝΙΚΗ ΕΤΑΙΡΕΙΑ,446.4,,1311β01
97ΤΨ4690ΒΩ-ΞΥΔ,2025-06-11,"ΠΡΟΜΗΘΕΙΑ ΦΑΡΜΑΚΕΥΤΙΚΟΥ ΥΛΙΚΟΥ ΝΟΣΟΚΟΜΕΙΟΥ ΓΙΑ ΤΟ ΜΗΝΑ ΑΠΡΙΛΙΟ 2023 (ΓΔΟΥ/οικ.59434/31-7-2018) ΠΡΟΣΘΕΤΟ REBATE Β ΕΞΑΜΗΝΟΥ 2018 (2,86), Α΄ ΕΞΑΜΗΝΟΥ 2020 (0,93), Β ΕΞΑΜΗΝΟΥ 2020 (0,38), Α ΕΞΑΜΗΝΟΥ 2022(5,02), Β ΕΞΑΜΗΝΟΥ 2022 (0,44), Α ΕΞΑΜΗΝΟΥ 2023 (10,06), THΣ ΠΑΡ.3 TOY AΡΘΡΟ 35 TOY N. 3918/2011 & ΣΥΜΦΩΝΑ ΜΕ ΤΙΣ ΔΙΑΤΑΞΕΙΣ ΤΟΥ Ν.5161/2024 αρθ.14 (ΦΕΚ 196/ τ.Α΄/29-11-2024)",094420381,ΙΟΥΛΙΑ ΚΑΙ ΕΙΡΗΝΗ ΤΣΕΤΗ ΦΑΡΜΑΚΕΥΤΙΚΑ ΕΡΓΑΣΤΗΡΙΑ ΑΝΩΝΥΜΟΣ ΒΙΟΜΗΧΑΝΙΚΗ ΚΑΙ ΕΜΠΟΡΙΚΗ ΕΤΑΙΡΕΙΑ,201.41,,1312β01
6Γ3Μ4690ΒΩ-ΗΞΜ,2025-06-11,"ΠΡΟΜ.ΟΡΘΟΠΕΔ,ΠΡΟΣΘΕΤ.ΚΑΙ ΛΟΙΠΩΝ ΥΛΙΚΩΝ ΑΝΑΠΗΡΩΝ, ΜΗΝΟΣ ΣΕΠΤΕΜΒΡΙΟΥ 2024, ΧΩΡΙΣ ΣΥΜΒΑΣΗ, ΜΕ ΑΠΟΦΑΣΕΙΣ ΔΣ 40/12-9-24 Θ.26 & 42/199-24 Θ.10, ΣΥΜΦΩΝΑ ΜΕ ΤΙΣ ΔΙΑΤΑΞΕΙΣ ΤΟΥ Ν.5161/2024 αρθ.14 (ΦΕΚ 196/ τ.Α΄/29-11-2024) ΝΟΣ",997564511,ALLMED EE,1701.63,,1313β01
ΨΞΛΖ4690ΒΩ-ΟΚΟ,2025-06-11,"ΠΡΟΜ.ΟΡΘΟΠΕΔ,ΠΡΟΣΘΕΤ.ΚΑΙ ΛΟΙΠΩΝ ΥΛΙΚΩΝ ΑΝΑΠΗΡΩΝ, ΓΙΑ ΤΟΥΣ ΜΗΝΕΣ ΑΠΡΙΛΙΟ ΕΩΣ ΙΟΥΝΙΟ 2024, ΧΩΡΙΣ ΣΥΜΒΑΣΗ, ΜΕ ΑΠΟΦΑΣΕΙΣ ΔΣ 5/8-2-24 Θ.33, 23/16-5-24 Θ.6 & 27/13-6-24 Θ.37, ΣΥΜΦΩΝΑ ΜΕ ΤΙΣ ΔΙΑΤΑΞΕΙΣ ΤΟΥ Ν.5161/2024 αρθ.14 (ΦΕΚ 196/ τ.Α΄/29-11-2024) ΝΟΣ",801858262,JOHNSON   JOHNSON MEDICAL GREECE ΜΟΝΟΠΡΟΣΩΠΗ Α Ε,101.7,,1313β01
65ΣΚ4690ΒΩ-97Χ,2025-06-11,"ΠΡΟΜ.ΟΡΘΟΠΕΔ,ΠΡΟΣΘΕΤ.ΚΑΙ ΛΟΙΠΩΝ ΥΛΙΚΩΝ ΑΝΑΠΗΡΩΝ, ΧΩΡΙΣ ΣΥΜΒΑΣΗ, ΜΕ ΑΠΟΦΑΣΗ ΔΣ 40/12-9-24 Θ.26, ΣΥΜΦΩΝΑ ΜΕ ΤΙΣ ΔΙΑΤΑΞΕΙΣ ΤΟΥ Ν.5161/2024 αρθ.14 (ΦΕΚ 196/ τ.Α΄/29-11-2024) ΝΟΣ",099878378,AND MEDICAL ΙΑΤΡΙΚΩΝ – ΤΕΧΝΟΛΟΓΙΚΩΝ ΚΑΙ ΠΡΟΪΟΝΤΩΝ ΕΞΟΠΛΙΣΜΟΥ ΑΝΩΝΥΜΗ ΕΤΑΙΡΕΙΑ,300.21,,1313β01
6Α7Δ4690ΒΩ-6ΨΝ,2025-06-10,"ΤΗΛΕΦΩΝΙΚΑ,ΤΗΛΕΓΡΑΦΙΚΑ ΓΙΑ  ΝΟΣΟΚΟΜΕΙΟ ΜΕ ΠΑΡΟΧΗ 2421351000 ΑΠΟ (01/03/2025-31/03/2025,01/04/2025-30/04/2025)",094019245,ΟΡΓΑΝΙΣΜΟΣ ΤΗΛΕΠΙΚΟΙΝΩΝΙΩΝ ΤΗΣ ΕΛΛΑΔΟΣ ΑΝΩΝΥΜΗ ΕΤΑΙΡΕΙΑ,2121.15,,0832α01
9ΩΟ34690ΒΩ-5ΒΗ,2025-06-10,"ΤΗΛΕΦΩΝΙΚΑ,ΤΗΛΕΓΡΑΦΙΚΑ & ΤΗΛΕΤΥΠΙΚΑ ΤΕΛΗ ΣΧΟΛΗΣ ΑΓΡΙΑΣ ΜΕ ΠΑΡΟΧΗ 2428092200 (01/02/2025-31/03/2025)",094019245,ΟΡΓΑΝΙΣΜΟΣ ΤΗΛΕΠΙΚΟΙΝΩΝΙΩΝ ΤΗΣ ΕΛΛΑΔΟΣ ΑΝΩΝΥΜΗ ΕΤΑΙΡΕΙΑ,101.71,,0832α08
9ΓΔΜ4690ΒΩ-9Ω4,2025-06-10,"ΤΗΛΕΦΩΝΙΚΑ,ΤΗΛΕΓΡΑΦΙΚΑ & ΤΗΛΕΤΥΠΙΚΑ ΤΕΛΗ  ΜΕ ΑΡΙΘ .ΠΑΡΟΧΗ 24210 30702 (16/01/2025-15/03/2025)",094019245,ΟΡΓΑΝΙΣΜΟΣ ΤΗΛΕΠΙΚΟΙΝΩΝΙΩΝ ΤΗΣ ΕΛΛΑΔΟΣ ΑΝΩΝΥΜΗ ΕΤΑΙΡΕΙΑ,216.58,,0832α01
9Ο4Μ4690ΒΩ-8ΣΤ,2025-06-10,"ΤΗΛΕΦΩΝΙΚΑ,ΤΗΛΕΓΡΑΦΙΚΑ & ΤΗΛΕΤΥΠΙΚΑ ΤΕΛΗ   ΜΕ ΑΡΙΘ ΠΑΡΟΧΗΣ 24210 94200 ΑΠΟ (01/02/2025-31/03/2025)",094019245,ΟΡΓΑΝΙΣΜΟΣ ΤΗΛΕΠΙΚΟΙΝΩΝΙΩΝ ΤΗΣ ΕΛΛΑΔΟΣ ΑΝΩΝΥΜΗ ΕΤΑΙΡΕΙΑ,34.27,,0832α01
9Ζ4Η4690ΒΩ-9ΧΖ,2025-06-10,"ΤΗΛΕΦΩΝΙΚΑ,ΤΗΛΕΓΡΑΦΙΚΑ & ΤΗΛΕΤΥΠΙΚΑ ΤΕΛΗ  ΑΡΙΘΜΟΣ ΠΑΡΟΧΗΣ 24210-12244 (01/02/2025-31/03/2025)",094019245,ΟΡΓΑΝΙΣΜΟΣ ΤΗΛΕΠΙΚΟΙΝΩΝΙΩΝ ΤΗΣ ΕΛΛΑΔΟΣ ΑΝΩΝΥΜΗ ΕΤΑΙΡΕΙΑ,153.76,,0832α01
ΨΜ6Κ4690ΒΩ-Ρ8Ψ,2025-06-10,"ΤΗΛΕΦΩΝΙΚΑ,ΤΗΛΕΓΡΑΦΙΚΑ & ΤΗΛΕΤΥΠΙΚΑ ΤΕΛΗ  ΓΙΑ ΤΗΝ ΠΑΡΟΧΗ 24210 12693 (ΑΠΟ 16/02/2025-15/04/2025)",094019245,ΟΡΓΑΝΙΣΜΟΣ ΤΗΛΕΠΙΚΟΙΝΩΝΙΩΝ ΤΗΣ ΕΛΛΑΔΟΣ ΑΝΩΝΥΜΗ ΕΤΑΙΡΕΙΑ,153.76,,0832α01
60Τ34690ΒΩ-ΚΡΠ,2025-06-10,"ΤΗΛΕΦΩΝΙΚΑ,ΤΗΛΕΓΡΑΦΙΚΑ & ΤΗΛΕΤΥΠΙΚΑ ΤΕΛΗ ΓΙΑ ΤΗΝ ΠΑΡΟΧΗ 24210 94203 ΑΠΟ (01/02/2025-31/03/2025)",094019245,ΟΡΓΑΝΙΣΜΟΣ ΤΗΛΕΠΙΚΟΙΝΩΝΙΩΝ ΤΗΣ ΕΛΛΑΔΟΣ ΑΝΩΝΥΜΗ ΕΤΑΙΡΕΙΑ,34.26,,0832α01
9ΝΙΑ4690ΒΩ-ΧΞΧ,2025-06-10,"ΤΗΛΕΦΩΝΙΚΑ,ΤΗΛΕΓΡΑΦΙΚΑ & ΤΗΛΕΤΥΠΙΚΑ ΤΕΛΗ ΚΨΥ ΤΗΛΕΦΩΝΙΚΑ, ΜΕ ΑΡΙΘ ΠΑΡΟΧΗΣ 2421350500 ΑΠΟ (01/02/2025-31/03/2025)",094019245,ΟΡΓΑΝΙΣΜΟΣ ΤΗΛΕΠΙΚΟΙΝΩΝΙΩΝ ΤΗΣ ΕΛΛΑΔΟΣ ΑΝΩΝΥΜΗ ΕΤΑΙΡΕΙΑ,125.19,,0832α01
902Ε4690ΒΩ-ΔΣΞ,2025-06-10,"ΤΗΛΕΦΩΝΙΚΑ,ΤΗΛΕΓΡΑΦΙΚΑ & ΤΗΛΕΤΥΠΙΚΑ ΤΕΛΗ ΦΙΛΗΡΑ 24210 38062 (01/02/2025-31/03/2025,01/03/2025-31/03/2025,01/04/2024",094019245,ΟΡΓΑΝΙΣΜΟΣ ΤΗΛΕΠΙΚΟΙΝΩΝΙΩΝ ΤΗΣ ΕΛΛΑΔΟΣ ΑΝΩΝΥΜΗ ΕΤΑΙΡΕΙΑ,486.63,,0832α06
6ΣΛΟ4690ΒΩ-9ΙΙ,2025-06-10,"ΤΗΛΕΦΩΝΙΚΑ,ΤΗΛΕΓΡΑΦΙΚΑ & ΤΗΛΕΤΥΠΙΚΑ ΦΙΛΗΡΑ ΓΙΑ ΤΗΝ ΠΑΡΟΧΗ 2421028066 ΑΠΟ (01/02/2025-31/03/2025)",094019245,ΟΡΓΑΝΙΣΜΟΣ ΤΗΛΕΠΙΚΟΙΝΩΝΙΩΝ ΤΗΣ ΕΛΛΑΔΟΣ ΑΝΩΝΥΜΗ ΕΤΑΙΡΕΙΑ,79.49,,0832α01
6ΧΛΚ4690ΒΩ-Ε5Π,2025-06-10,"ΤΗΛΕΦΩΝΙΚΑ,ΤΗΛΕΓΡΑΦΙΚΑ & ΤΗΛΕΤΥΠΙΚΑ ΦΙΛΗΡΑ ΓΙΑ ΤΗΝ ΠΑΡΟΧΗ 2421028066 ΑΠΟ (01/02/2025-31/03/2025)",094019245,ΟΡΓΑΝΙΣΜΟΣ ΤΗΛΕΠΙΚΟΙΝΩΝΙΩΝ ΤΗΣ ΕΛΛΑΔΟΣ ΑΝΩΝΥΜΗ ΕΤΑΙΡΕΙΑ,55.41,,0832α06
Ψ99Τ4690ΒΩ-ΝΣ5,2025-06-10,"ΤΗΛΕΦΩΝΙΚΑ,ΤΗΛΕΓΡΑΦΙΚΑ & ΤΗΛΕΤΥΠΙΚΑ ΤΕΛΗ  ΜΕ ΑΡΙΘ ΠΑΡΟΧΗΣ 24210 12713 ΑΠΟ (16/02/2025-15/04/2025)",094019245,ΟΡΓΑΝΙΣΜΟΣ ΤΗΛΕΠΙΚΟΙΝΩΝΙΩΝ ΤΗΣ ΕΛΛΑΔΟΣ ΑΝΩΝΥΜΗ ΕΤΑΙΡΕΙΑ,80.56,,0832α01
6Ξ0Γ4690ΒΩ-2Μ5,2025-06-10,"ΤΗΛΕΦΩΝΙΚΑ,ΤΗΛΕΓΡΑΦΙΚΑ & ΤΗΛΕΤΥΠΙΚΑ ΤΕΛΗ  ΜΕ ΑΡΙΘ ΠΑΡΟΧΗΣ 24210 12713 ΑΠΟ (16/02/2025-15/04/2025)",094019245,ΟΡΓΑΝΙΣΜΟΣ ΤΗΛΕΠΙΚΟΙΝΩΝΙΩΝ ΤΗΣ ΕΛΛΑΔΟΣ ΑΝΩΝΥΜΗ ΕΤΑΙΡΕΙΑ,153.76,,0832α01
9ΤΓ04690ΒΩ-ΛΔΑ,2025-06-10,"ΤΗΛΕΦΩΝΙΚΑ,ΤΗΛΕΓΡΑΦΙΚΑ & ΤΗΛΕΤΥΠΙΚΑ ΤΕΛΗ  ΜΕ ΑΡΙΘ ΠΑΡΟΧΗΣ 24210  94201 ΑΠΟ (01/02/2025-31/03/2025)",094019245,ΟΡΓΑΝΙΣΜΟΣ ΤΗΛΕΠΙΚΟΙΝΩΝΙΩΝ ΤΗΣ ΕΛΛΑΔΟΣ ΑΝΩΝΥΜΗ ΕΤΑΙΡΕΙΑ,34.26,,0832α01
6Μ4Λ4690ΒΩ-2ΚΡ,2025-06-10,"ΤΗΛΕΦΩΝΙΚΑ,ΤΗΛΕΓΡΑΦΙΚΑ & ΤΗΛΕΤΥΠΙΚΑ ΤΕΛΗ  ΜΕ ΑΡΙΘ ΠΑΡΟΧΗΣ 9046067 ΑΠΟ (23/01/2025-22/03/2025)",094019245,ΟΡΓΑΝΙΣΜΟΣ ΤΗΛΕΠΙΚΟΙΝΩΝΙΩΝ ΤΗΣ ΕΛΛΑΔΟΣ ΑΝΩΝΥΜΗ ΕΤΑΙΡΕΙΑ,34.37,,0832α01
629Ν4690ΒΩ-ΥΘΗ,2025-06-10,"ΤΗΛΕΦΩΝΙΚΑ,ΤΗΛΕΓΡΑΦΙΚΑ & ΤΗΛΕΤΥΠΙΚΑ ΤΕΛΗ  ΜΕ ΑΡΙΘ ΠΑΡΟΧΗΣ 24210 94202 ΑΠΟ (01/02/2025-31/03/2025)",094019245,ΟΡΓΑΝΙΣΜΟΣ ΤΗΛΕΠΙΚΟΙΝΩΝΙΩΝ ΤΗΣ ΕΛΛΑΔΟΣ ΑΝΩΝΥΜΗ ΕΤΑΙΡΕΙΑ,34.26,,0832α01
6Ν9Ψ4690ΒΩ-77Ζ,2025-06-10,"ΤΗΛΕΦΩΝΙΚΑ,ΤΗΛΕΓΡΑΦΙΚΑ & ΤΗΛΕΤΥΠΙΚΑ ΤΕΛΗ  ΜΕ ΑΡΙΘ ΠΑΡΟΧΗΣ 24210 13070 ΑΠΟ (16/02/2025-15/04/2025)",094019245,ΟΡΓΑΝΙΣΜΟΣ ΤΗΛΕΠΙΚΟΙΝΩΝΙΩΝ ΤΗΣ ΕΛΛΑΔΟΣ ΑΝΩΝΥΜΗ ΕΤΑΙΡΕΙΑ,153.76,,0832α01
99094690ΒΩ-ΦΨ9,2025-06-10,"ΗΛΕΦΩΝΙΚΑ,ΤΗΛΕΓΡΑΦΙΚΑ & ΤΗΛΕΤΥΠΙΚΑ ΤΕΛΗ  ΜΕ ΑΡΙΘ ΠΑΡΟΧΗΣ 24210 76418 ΑΠΟ (01/02/2025-31/03/2025)",094019245,ΟΡΓΑΝΙΣΜΟΣ ΤΗΛΕΠΙΚΟΙΝΩΝΙΩΝ ΤΗΣ ΕΛΛΑΔΟΣ ΑΝΩΝΥΜΗ ΕΤΑΙΡΕΙΑ,123.79,,0832α01
97ΘΖ4690ΒΩ-ΗΟ8,2025-06-10,"ΤΗΛΕΦΩΝΙΚΑ,ΤΗΛΕΓΡΑΦΙΚΑ & ΤΗΛΕΤΥΠΙΚΑ ΤΕΛΗ  ΜΕ ΑΡΙΘ ΠΑΡΟΧΗΣ 24210 12692 ΑΠΟ (16/02/2025-15/04/2025)",094019245,ΟΡΓΑΝΙΣΜΟΣ ΤΗΛΕΠΙΚΟΙΝΩΝΙΩΝ ΤΗΣ ΕΛΛΑΔΟΣ ΑΝΩΝΥΜΗ ΕΤΑΙΡΕΙΑ,153.76,,0832α01
6ΙΖ04690ΒΩ-Χ3Ι,2025-06-06,"ΠΡΟΜΗΘΕΙΑ ΤΡΑΠΕΖΙΚΩΝ ΕΡΓΑΣΙΩΝ ΓΙΑ ΕΞΕΡΧΟΜΕΝΕΣ ΜΕΤΑΦΟΡΕΣ ΠΙΣΤΩΣΕΩΝ ΣΕ ΤΡΑΠΕΖΕΣ ΤΟΥ ΕΞΩΤΕΡΙΚΟΥ (Χ.Ε. 999/2025,1000/2025,1001/2025,1002/2025,1003/2025 ATRON)",094014250,EUROBANK ERGASIAS ΥΠΗΡΕΣΙΩΝ ΚΑΙ ΣΥΜΜΕΤΟΧΩΝ ΑΝΩΝΥΜΗ ΕΤΑΙΡΕΙΑ,4.0,,0431α01
6ΣΕ24690ΒΩ-ΙΛΓ,2025-06-06,: ΠΡΟΜΗΘΕΙΑ  ΟΡΘΟΠΕΔΙΚΟΥ ΥΛΙΚΟΥ ΓΙΑ  ΤΟΝ ΜΗΝΑ ΙΟΥΝΙΟ 2024  ΜΕ ΣΥΜΒΑΣΗ (ΣΥΜΒ.331/24) ΑΠΑΞ ΠΑΡΑΓΓΕΛΙΑΣ ΣΥΜΦΩΝΑ ΜΕ ΤΙΣ ΔΙΑΤΑΞΕΙΣ ΤΟΥ Ν.5161/2024 αρθ.14  (ΦΕΚ 196/ τ.Α΄/29-11-2024),800519113,ATRON HEALΤH ΙΑΤΡΙΚΑ ΠΡΟΙΟΝΤΑ ΚΑΙ ΜΗΧΑΝΗΜΑΤΑ  ΑΝΩΝΥΜΗ ΕΤΑΙΡΕΙΑ,14331.79,,1313β01
Ψ3ΨΗ4690ΒΩ-ΤΘ9,2025-06-06,ΠΡΟΜΗΘΕΙΑ  ΟΡΘΟΠΕΔΙΚΟΥ ΥΛΙΚΟΥ ΓΙΑ  ΤΟΝ ΜΗΝΑ ΙΟΥΝΙΟ 2024  ΜΕ ΣΥΜΒΑΣΗ (ΣΥΜΒ.329/24) ΑΠΑΞ ΠΑΡΑΓΓΕΛΙΑΣ ΣΥΜΦΩΝΑ ΜΕ ΤΙΣ ΔΙΑΤΑΞΕΙΣ ΤΟΥ Ν.5161/2024 αρθ.14  (ΦΕΚ 196/ τ.Α΄/29-11-2024),800519113,ATRON HEALΤH ΙΑΤΡΙΚΑ ΠΡΟΙΟΝΤΑ ΚΑΙ ΜΗΧΑΝΗΜΑΤΑ  ΑΝΩΝΥΜΗ ΕΤΑΙΡΕΙΑ,10145.29,,1313β01
6ΑΗΣ4690ΒΩ-ΡΤΛ,2025-06-06,ΠΡΟΜΗΘΕΙΑ  ΟΡΘΟΠΕΔΙΚΟΥ ΥΛΙΚΟΥ ΓΙΑ  ΤΟΝ ΜΗΝΑ ΙΟΥΝΙΟ ( ΜΕ ΣΥΜΒΑΣΗ (ΣΥΜΒ.330/24) ΑΠΑΞ ΠΑΡΑΓΓΕΛΙΑΣ ΣΥΜΦΩΝΑ ΜΕ ΤΙΣ ΔΙΑΤΑΞΕΙΣ ΤΟΥ Ν.5161/2024 αρθ.14  (ΦΕΚ 196/ τ.Α΄/29-11-2024),800519113,ATRON HEALΤH ΙΑΤΡΙΚΑ ΠΡΟΙΟΝΤΑ ΚΑΙ ΜΗΧΑΝΗΜΑΤΑ  ΑΝΩΝΥΜΗ ΕΤΑΙΡΕΙΑ,14302.41,,1313β01
6ΜΤΧ4690ΒΩ-ΗΗ1,2025-06-06,": ΠΡΟΜΗΘΕΙΑ ΦΑΡΜΑΚΕΥΤΙΚΟΥ ΥΛΙΚΟΥ ΝΟΣΟΚΟΜΕΙΟΥ ΓΙΑ ΤΟΥΣ ΜΗΝΕΣ ΑΥΓΟΥΣΤΟ, ΣΕΠΤΕΜΒΡΙΟ, ΟΚΤΩΒΡΙΟ & ΔΕΚΕΜΒΡΙΟ 2023 , ΣΥΜΦΩΝΑ ΜΕ ΤΙΣ ΔΙΑΤΑΞΕΙΣ ΤΟΥ Ν.5161/2024 αρθ.14 (ΦΕΚ 196/ τ.Α΄/29-11-2024) ,",094326651,TAKEDA ΕΛΛΑΣ ΦΑΡΜΑΚΕΥΤΙΚΗ ΑΝΩΝΥΜΗ ΕΤΑΙΡΕΙΑ,129237.77,,1312β01
9ΡΤΔ4690ΒΩ-ΝΔΜ,2025-06-06,ΠΡΟΜΗΘΕΙΑ  ΟΡΘΟΠΕΔΙΚΟΥ ΥΛΙΚΟΥ ΓΙΑ  ΤΟΝ ΜΗΝΑ ΑΠΡΙΛΙΟ 2024  ΜΕ ΣΥΜΒΑΣΗ (ΣΥΜΒ.191/24) ΑΠΑΞ ΠΑΡΑΓΓΕΛΙΑΣ ΣΥΜΦΩΝΑ ΜΕ ΤΙΣ ΔΙΑΤΑΞΕΙΣ ΤΟΥ Ν.5161/2024 αρθ.14  (ΦΕΚ 196/ τ.Α΄/29-11-2024),800519113,ATRON HEALΤH ΙΑΤΡΙΚΑ ΠΡΟΙΟΝΤΑ ΚΑΙ ΜΗΧΑΝΗΜΑΤΑ  ΑΝΩΝΥΜΗ ΕΤΑΙΡΕΙΑ,3239.53,,1313β01
ΨΖ0Ξ4690ΒΩ-2ΝΦ,2025-06-06,ΠΡΟΜΗΘΕΙΑ  ΟΡΘΟΠΕΔΙΚΟΥ ΥΛΙΚΟΥ ΓΙΑ  ΤΟΝ ΜΗΝΑ ΑΠΡΙΛΙΟ 2024  ΜΕ ΣΥΜΒΑΣΗ (ΣΥΜΒ.188/24) ΑΠΑΞ ΠΑΡΑΓΓΕΛΙΑΣ ΣΥΜΦΩΝΑ ΜΕ ΤΙΣ ΔΙΑΤΑΞΕΙΣ ΤΟΥ Ν.5161/2024 αρθ.14  (ΦΕΚ 196/ τ.Α΄/29-11-2024),800519113,ATRON HEALΤH ΙΑΤΡΙΚΑ ΠΡΟΙΟΝΤΑ ΚΑΙ ΜΗΧΑΝΗΜΑΤΑ  ΑΝΩΝΥΜΗ ΕΤΑΙΡΕΙΑ,3017.1,,1313β01
9Ξ5Ζ4690ΒΩ-ΦΧΚ,2025-06-06,ΠΑΡΑΚΛΙΝΙΚΕΣ ΕΞΕΤΑΣΕΙΣ ΤΩΝ ΑΣΘΕΝΩΝ ΤΟΥ ΝΟΣΟΚΟΜΕΙΟΥ ΓΙΑ ΤΟΥΣ ΜΗΝΕΣ ΙΑΝΟΥΑΡΙΟ ΕΩΣ ΟΚΤΩΒΡΙΟ 2024 ΣΥΜΦΩΝΑ ΜΕ ΤΙΣ ΔΙΑΤΑΞΕΙΣ ΤΟΥ ΣΥΜΦΩΝΑ ΜΕ ΤΙΣ ΔΙΑΤΑΞΕΙΣ ΤΟΥ Ν.5161/2024 αρθ.14 (ΦΕΚ 196/ τ.Α΄/29-11-2024),999681575,ΠΑΝΕΠΙΣΤΗΜΙΑΚΟ ΓΕΝΙΚΟ ΝΟΣΟΚΟΜΕΙΟ ΛΑΡΙΣΑΣ,6552.66,,0439β01
97ΡΟ4690ΒΩ-ΧΩΖ,2025-06-06,ΠΡΟΜΗΘΕΙΑ ΟΡΘΟΠΕΔΙΚΟΥ ΥΛΙΚΟΥ ΓΙΑ ΤΟΝ ΜΗΝΑ ΑΠΡΙΛΙΟ 2024 ΜΕ ΣΥΜΒΑΣΗ (ΣΥΜΒ.202/24) ΑΠΑΞ ΠΑΡΑΓΓΕΛΙΑΣ ΣΥΜΦΩΝΑ ΜΕ ΤΙΣ ΔΙΑΤΑΞΕΙΣ ΤΟΥ Ν.5161/2024 αρθ.14 (ΦΕΚ 196/ τ.Α΄/29-11-2024),999117743,ΙΑΤΡΙΚΑ ΠΕΝΥ ΕΤΑΙΡΙΑ ΠΕΡΙΟΡΙΣΜΕΝΗΣ ΕΥΘΥΝΗΣ,4644.72,,1313β01
9ΟΒΠ4690ΒΩ-Λ7Χ,2025-06-06,ΠΡΟΜΗΘΕΙΑ ΟΡΘΟΠΕΔΙΚΟΥ ΥΛΙΚΟΥ ΓΙΑ ΤΟΝ ΜΗΝΑ ΙΟΥΝΙΟ 2024 ΜΕ ΣΥΜΒΑΣΗ (ΣΥΜΒ.328/24) ΑΠΑΞ ΠΑΡΑΓΓΕΛΙΑΣ ΣΥΜΦΩΝΑ ΜΕ ΤΙΣ ΔΙΑΤΑΞΕΙΣ ΤΟΥ Ν.5161/2024 αρθ.14 (ΦΕΚ 196/ τ.Α΄/29-11-2024),800519113,ATRON HEALΤH ΙΑΤΡΙΚΑ ΠΡΟΙΟΝΤΑ ΚΑΙ ΜΗΧΑΝΗΜΑΤΑ  ΑΝΩΝΥΜΗ ΕΤΑΙΡΕΙΑ,12243.55,,1313β01
6Ξ9Η4690ΒΩ-ΡΞ6,2025-06-06,ΠΡΟΜΗΘΕΙΑ  ΟΡΘΟΠΕΔΙΚΟΥ ΥΛΙΚΟΥ ΓΙΑ  ΤΟΝ ΜΗΝΑ ΑΠΡΙΛΙΟ 2024  ΜΕ ΣΥΜΒΑΣΗ (ΣΥΜΒ.181/24) ΑΠΑΞ ΠΑΡΑΓΓΕΛΙΑΣ ΣΥΜΦΩΝΑ ΜΕ ΤΙΣ ΔΙΑΤΑΞΕΙΣ ΤΟΥ Ν.5161/2024 αρθ.14  (ΦΕΚ 196/ τ.Α΄/29-11-2024),999117743,ΙΑΤΡΙΚΑ ΠΕΝΥ ΕΤΑΙΡΙΑ ΠΕΡΙΟΡΙΣΜΕΝΗΣ ΕΥΘΥΝΗΣ,3298.4,,1313β01
Ψ72Λ4690ΒΩ-ΩΓ6,2025-06-06,ΠΡΟΜΗΘΕΙΑ ΤΡΑΠΕΖΙΚΩΝ ΕΡΓΑΣΙΩΝ ΓΙΑ ΕΞΕΡΧΟΜΕΝΕΣ ΜΕΤΑΦΟΡΕΣ ΠΙΣΤΩΣΕΩΝ ΣΕ ΤΡΑΠΕΖΕΣ ΤΟΥ ΕΞΩΤΕΡΙΚΟΥ (Χ.Ε. 1004/2025 ATRON),094014250,EUROBANK ERGASIAS ΥΠΗΡΕΣΙΩΝ ΚΑΙ ΣΥΜΜΕΤΟΧΩΝ ΑΝΩΝΥΜΗ ΕΤΑΙΡΕΙΑ,2.4,,0431α01
9ΓΠΖ4690ΒΩ-5Λ8,2025-06-06,ΠΡΟΜΗΘΕΙΑ  ΟΡΘΟΠΕΔΙΚΟΥ ΥΛΙΚΟΥ ΓΙΑ  ΤΟΝ ΜΗΝΑ ΑΠΡΙΛΙΟ 2024  ΜΕ ΣΥΜΒΑΣΗ (ΣΥΜΒ.138/24) ΑΠΑΞ ΠΑΡΑΓΓΕΛΙΑΣ ΣΥΜΦΩΝΑ ΜΕ ΤΙΣ ΔΙΑΤΑΞΕΙΣ ΤΟΥ Ν.5161/2024 αρθ.14  (ΦΕΚ 196/ τ.Α΄/29-11-2024),800925613,HEALTH ΤΕΑΜ ΙΑΤΡΙΚΑ ΙΔΙΩΤΙΚΗ ΚΕΦΑΛΑΙΟΥΧΙΚΗ ΕΤΑΙΡΕΙΑ,5062.4,,1313β01
9Ω1Γ4690ΒΩ-Β6Γ,2025-06-06,ΠΡΟΜΗΘΕΙΑ  ΟΡΘΟΠΕΔΙΚΟΥ ΥΛΙΚΟΥ ΓΙΑ  ΤΟΝ ΜΗΝΑ ΑΠΡΙΛΙΟ 2024  ΜΕ ΣΥΜΒΑΣΗ (ΣΥΜΒ.186/24) ΑΠΑΞ ΠΑΡΑΓΓΕΛΙΑΣ ΣΥΜΦΩΝΑ ΜΕ ΤΙΣ ΔΙΑΤΑΞΕΙΣ ΤΟΥ Ν.5161/2024 αρθ.14  (ΦΕΚ 196/ τ.Α΄/29-11-2024),800925613,HEALTH ΤΕΑΜ ΙΑΤΡΙΚΑ ΙΔΙΩΤΙΚΗ ΚΕΦΑΛΑΙΟΥΧΙΚΗ ΕΤΑΙΡΕΙΑ,6623.39,,1313β01
94ΛΙ4690ΒΩ-ΔΘΩ,2025-06-06,ΠΡΟΜΗΘΕΙΑ  ΟΡΘΟΠΕΔΙΚΟΥ ΥΛΙΚΟΥ ΓΙΑ  ΤΟΝ ΜΗΝΑ ΑΠΡΙΛΙΟ 2024  ΜΕ ΣΥΜΒΑΣΗ (ΣΥΜΒ.183/24) ΑΠΑΞ ΠΑΡΑΓΓΕΛΙΑΣ ΣΥΜΦΩΝΑ ΜΕ ΤΙΣ ΔΙΑΤΑΞΕΙΣ ΤΟΥ Ν.5161/2024 αρθ.14  (ΦΕΚ 196/ τ.Α΄/29-11-2024),999117743,ΙΑΤΡΙΚΑ ΠΕΝΥ ΕΤΑΙΡΙΑ ΠΕΡΙΟΡΙΣΜΕΝΗΣ ΕΥΘΥΝΗΣ,7237.86,,1313β01
99ΚΨ4690ΒΩ-Ρ70,2025-06-06,ΠΡΟΜΗΘΕΙΑ ΟΡΘΟΠΕΔΙΚΟΥ ΥΛΙΚΟΥ ΓΙΑ ΤΟΝ ΜΗΝΑ ΑΠΡΙΛΙΟ 2024 ΜΕ ΣΥΜΒΑΣΗ (ΣΥΜΒ.208/24) ΑΠΑΞ ΠΑΡΑΓΓΕΛΙΑΣ ΣΥΜΦΩΝΑ ΜΕ ΤΙΣ ΔΙΑΤΑΞΕΙΣ ΤΟΥ Ν.5161/2024 αρθ.14 (ΦΕΚ 196/ τ.Α΄/29-11-2024),998465266,ΙΑΤΡΟΤΕΧΝΟΛΟΓΙΚΑ PS TEAM ΕΤΑΙΡΙΑ ΠΕΡΙΟΡΙΣΜΕΝΗΣ ΕΥΘΥΝΗΣ,20661.18,,1313β01
63Ο34690ΒΩ-0ΡΘ,2025-06-06,": ΠΡΟΜΗΘΕΙΑ ΣΑΚΩΝ ΚΟΛΟΣΤΟΜΙΑΣ, ΣΑΚΩΝ ΑΝΑΡΡΟΦΗΣΗΣ, ΑΠΟΣΤΕΙΡ.ΘΗΚΩΝ, ΧΩΡΙΣ ΣΥΜΒΑΣΗ, ΜΕ ΑΠΟΦΑΣΕΙΣ ΔΣ 34/8-8-24 Θ.23, Θ.26 & Θ.42, 40/12-9-24 Θ.14, 40/12-9-24 Θ.8, ΣΥΜΦΩΝΑ ΜΕ ΤΙΣ ΔΙΑΤΑΞΕΙΣ ΤΟΥ Ν.5161/2024 αρθ.14 (ΦΕΚ 196/ τ.Α΄/29-11-2024)",094133588,ΓΕΝΙΚΗ ΧΗΜΙΚΩΝ ΠΡΟΙΟΝΤΩΝ ΑΕ,4608.11,,1311β01
651Χ4690ΒΩ-ΙΟ0,2025-06-06,"ΠΡΟΜ.ΟΡΘΟΠΕΔ,ΠΡΟΣΘΕΤ.ΚΑΙ ΛΟΙΠΩΝ ΥΛΙΚΩΝ ΑΝΑΠΗΡΩΝ,ΜΗΝΩΝ ΑΥΓΟΥΣΤΟΥ & ΣΕΠΤΕΜΒΡΙΟΥ 2024, ΧΩΡΙΣ ΣΥΜΒΑΣΗ, ΜΕ ΑΠΟΦΑΣΕΙΣ ΔΣ 30/4-7-24 Θ. 22, 33/25-7-24 Θ.2, 49/19-9-24 Θ.10, 40/12-9-24 Θ.26, ΣΥΜΦΩΝΑ ΜΕ ΤΙΣ ΔΙΑΤΑΞΕΙΣ ΤΟΥ Ν.5161/2024 αρθ.14 (ΦΕΚ 196/ τ.Α΄/29-11-2024) ΝΟΣ",800519113,ATRON HEALΤH ΙΑΤΡΙΚΑ ΠΡΟΙΟΝΤΑ ΚΑΙ ΜΗΧΑΝΗΜΑΤΑ  ΑΝΩΝΥΜΗ ΕΤΑΙΡΕΙΑ,49350.72,,1313β01
ΨΥ0Μ4690ΒΩ-ΤΙ5,2025-06-06,ΠΡΟΜΗΘΕΙΑ ΤΡΑΠΕΖΙΚΩΝ ΕΡΓΑΣΙΩΝ ΓΙΑ ΕΞΕΡΧΟΜΕΝΕΣ ΜΕΤΑΦΟΡΕΣ ΠΙΣΤΩΣΕΩΝ ΣΕ ΤΡΑΠΕΖΕΣ ΤΟΥ ΕΞΩΤΕΡΙΚΟΥ (Χ.Ε. 971 ATRON),094014250,EUROBANK ERGASIAS ΥΠΗΡΕΣΙΩΝ ΚΑΙ ΣΥΜΜΕΤΟΧΩΝ ΑΝΩΝΥΜΗ ΕΤΑΙΡΕΙΑ,4.0,,0431α01
Ψ4ΡΦ4690ΒΩ-ΤΒΧ,2025-06-06,ΠΡΟΜΗΘΕΙΑ ΟΡΘΟΠΕΔΙΚΟΥ ΥΛΙΚΟΥ ΜΕ ΣΥΜΒΑΣΗ (ΣΥΜΒ 194 /2024) ΓΙΑ ΤΟ ΜΗΝΑ ΑΠΡΙΛΙΟ 2024 ΑΠΑΞ ΠΑΡΑΓΓΕΛΙΑΣ ΣΥΜΦΩΝΑ ΜΕ ΤΙΣ ΔΙΑΤΑΞΕΙΣ ΤΟΥ Ν.5161/2024 αρθ.14 (ΦΕΚ 196/ τ.Α΄/29-11-2024,998465266,ΙΑΤΡΟΤΕΧΝΟΛΟΓΙΚΑ PS TEAM ΕΤΑΙΡΙΑ ΠΕΡΙΟΡΙΣΜΕΝΗΣ ΕΥΘΥΝΗΣ,4681.52,,1313β01
Ψ0ΒΒ4690ΒΩ-ΛΧ2,2025-06-06,: ΠΡΟΜΗΘΕΙΑ ΟΡΘΟΠΕΔΙΚΟΥ ΥΛΙΚΟΥ ΜΕ ΣΥΜΒΑΣΗ (ΣΥΜΒ.127/2024) ΓΙΑ ΤΟ ΜΗΝΑ ΑΠΡΙΛΙΟ 2024 ΑΠΑΞ ΠΑΡΑΓΓΕΛΙΑΣ ΣΥΜΦΩΝΑ ΜΕ ΤΙΣ ΔΙΑΤΑΞΕΙΣ ΤΟΥ Ν.5161/2024 αρθ.14 (ΦΕΚ 196/ τ.Α΄/29-11-2024,998465266,ΙΑΤΡΟΤΕΧΝΟΛΟΓΙΚΑ PS TEAM ΕΤΑΙΡΙΑ ΠΕΡΙΟΡΙΣΜΕΝΗΣ ΕΥΘΥΝΗΣ,5819.02,,1313β01
62ΦΙ4690ΒΩ-0ΥΙ,2025-06-06,: ΠΡΟΜΗΘΕΙΑ ΟΡΘΟΠΕΔΙΚΟΥ ΥΛΙΚΟΥ ΜΕ ΣΥΜΒΑΣΗ (ΣΥΜΒ.144/2024) ΓΙΑ ΤΟ ΜΗΝΑ ΑΠΡΙΛΙΟ 2024 ΑΠΑΞ ΠΑΡΑΓΓΕΛΙΑΣ ΣΥΜΦΩΝΑ ΜΕ ΤΙΣ ΔΙΑΤΑΞΕΙΣ ΤΟΥ Ν.5161/2024 αρθ.14 (ΦΕΚ 196/ τ.Α΄/29-11-2024,998465266,ΙΑΤΡΟΤΕΧΝΟΛΟΓΙΚΑ PS TEAM ΕΤΑΙΡΙΑ ΠΕΡΙΟΡΙΣΜΕΝΗΣ ΕΥΘΥΝΗΣ,5212.62,,1313β01
ΨΚΠ94690ΒΩ-Ρ3Α,2025-06-06,ΠΡΟΜΗΘΕΙΑ ΟΡΘΟΠΕΔΙΚΟΥ ΥΛΙΚΟΥ ΜΕ ΣΥΜΒΑΣΗ (ΣΥΜΒ.129/2024) ΓΙΑ ΤΟ ΜΗΝΑ ΑΠΡΙΛΙΟ 2024 ΑΠΑΞ ΠΑΡΑΓΓΕΛΙΑΣ ΣΥΜΦΩΝΑ ΜΕ ΤΙΣ ΔΙΑΤΑΞΕΙΣ ΤΟΥ Ν.5161/2024 αρθ.14 (ΦΕΚ 196/ τ.Α΄/29-11-2024,998465266,ΙΑΤΡΟΤΕΧΝΟΛΟΓΙΚΑ PS TEAM ΕΤΑΙΡΙΑ ΠΕΡΙΟΡΙΣΜΕΝΗΣ ΕΥΘΥΝΗΣ,5621.27,,1313β01
65914690ΒΩ-10Κ,2025-06-06,: ΠΡΟΜΗΘΕΙΑ ΟΡΘΟΠΕΔΙΚΟΥ ΥΛΙΚΟΥ ΜΕ ΣΥΜΒΑΣΗ ( ΣΥΜΒ 336/24) ΑΠΑΞ ΠΑΡΑΓΓΕΛΙΑΣ ΓΙΑ ΤΟΝ ΜΗΝΑ IOYNIO 2024 ΣΥΜΦΩΝΑ ΜΕ ΤΙΣ ΔΙΑΤΑΞΕΙΣ ΤΟΥ Ν. 5161/2024 αρθ.14 (ΦΕΚ 196/τ. Α΄/29-11-2024),999307110,ΚΑΛΤΕΚ ΕΜΠΟΡΙΑ ΙΑΤΡΙΚΩΝ ΕΙΔΩΝ ΠΡΟΙΟΝΤΩΝ ΚΑΙ ΜΗΧΑΝΗΜΑΤΩΝ ΜΟΝΟΠΡΟΣΩΠΗ ΑΝΩΝΥΜΗ ΕΤΑΙΡΙΑ,5573.08,,1311β01
68Τ94690ΒΩ-6Σ7,2025-06-06,ΠΡΟΜΗΘΕΙΑ ΟΡΘΟΠΕΔΙΚΟΥ ΥΛΙΚΟΥ ΜΕ ΣΥΜΒΑΣΗ ( ΣΥΜΒ.338/24) ΑΠΑΞ ΠΑΡΑΓΓΕΛΙΑΣ ΓΙΑ ΤΟΝ ΜΗΝΑ IOYNIO 2024 ΣΥΜΦΩΝΑ ΜΕ ΤΙΣ ΔΙΑΤΑΞΕΙΣ ΤΟΥ Ν. 5161/2024 αρθ.14 (ΦΕΚ 196/τ. Α΄/29-11-2024),999307110,ΚΑΛΤΕΚ ΕΜΠΟΡΙΑ ΙΑΤΡΙΚΩΝ ΕΙΔΩΝ ΠΡΟΙΟΝΤΩΝ ΚΑΙ ΜΗΧΑΝΗΜΑΤΩΝ ΜΟΝΟΠΡΟΣΩΠΗ ΑΝΩΝΥΜΗ ΕΤΑΙΡΙΑ,3064.4,,1313β01
6ΤΡΕ4690ΒΩ-Τ3Θ,2025-06-06,ΠΡΟΜΗΘΕΙΑ ΟΡΘΟΠΕΔΙΚΟΥ ΥΛΙΚΟΥ ΜΕ ΣΥΜΒΑΣΗ ( ΣΥΜΒ.114/24) ΑΠΑΞ ΠΑΡΑΓΓΕΛΙΑΣ ΓΙΑ ΤΟΝ ΜΗΝΑ ΜΑΙΟ 2024 ΣΥΜΦΩΝΑ ΜΕ ΤΙΣ ΔΙΑΤΑΞΕΙΣ ΤΟΥ Ν. 5161/2024 αρθ.14 (ΦΕΚ 196/τ. Α΄/29-11-2024),999307110,ΚΑΛΤΕΚ ΕΜΠΟΡΙΑ ΙΑΤΡΙΚΩΝ ΕΙΔΩΝ ΠΡΟΙΟΝΤΩΝ ΚΑΙ ΜΗΧΑΝΗΜΑΤΩΝ ΜΟΝΟΠΡΟΣΩΠΗ ΑΝΩΝΥΜΗ ΕΤΑΙΡΙΑ,5560.68,,1313β01
Ψ8ΘΑ4690ΒΩ-ΖΧ7,2025-06-06,: ΠΡΟΜΗΘΕΙΑ ΟΡΘΟΠΕΔΙΚΟΥ ΥΛΙΚΟΥ ΜΕ ΣΥΜΒΑΣΗ ( ΣΥΜΒ.270/24) ΑΠΑΞ ΠΑΡΑΓΓΕΛΙΑΣ ΓΙΑ ΤΟΝ ΜΗΝΑ ΜΑΙΟ 2024 ΣΥΜΦΩΝΑ ΜΕ ΤΙΣ ΔΙΑΤΑΞΕΙΣ ΤΟΥ Ν. 5161/2024 αρθ.14 (ΦΕΚ 196/τ. Α΄/29-11-2024),999307110,ΚΑΛΤΕΚ ΕΜΠΟΡΙΑ ΙΑΤΡΙΚΩΝ ΕΙΔΩΝ ΠΡΟΙΟΝΤΩΝ ΚΑΙ ΜΗΧΑΝΗΜΑΤΩΝ ΜΟΝΟΠΡΟΣΩΠΗ ΑΝΩΝΥΜΗ ΕΤΑΙΡΙΑ,6611.55,,1313β01
ΨΩΥ74690ΒΩ-ΚΨ0,2025-06-06,ΠΡΟΜΗΘΕΙΑ ΟΡΘΟΠΕΔΙΚΟΥ ΥΛΙΚΟΥ ΜΕ ΣΥΜΒΑΣΗ ( ΣΥΜΒ.268/24) ΑΠΑΞ ΠΑΡΑΓΓΕΛΙΑΣ ΓΙΑ ΤΟΝ ΜΗΝΑ ΜΑΙΟ 2024 ΣΥΜΦΩΝΑ ΜΕ ΤΙΣ ΔΙΑΤΑΞΕΙΣ ΤΟΥ Ν. 5161/2024 αρθ.14 (ΦΕΚ 196/τ. Α΄/29-11-2024),999307110,ΚΑΛΤΕΚ ΕΜΠΟΡΙΑ ΙΑΤΡΙΚΩΝ ΕΙΔΩΝ ΠΡΟΙΟΝΤΩΝ ΚΑΙ ΜΗΧΑΝΗΜΑΤΩΝ ΜΟΝΟΠΡΟΣΩΠΗ ΑΝΩΝΥΜΗ ΕΤΑΙΡΙΑ,5030.68,,1313β01
6ΘΥΙ4690ΒΩ-62Ν,2025-06-06,ΠΡΟΜΗΘΕΙΑ ΟΡΘΟΠΕΔΙΚΟΥ ΥΛΙΚΟΥ ΜΕ ΣΥΜΒΑΣΗ ( ΣΥΜΒ.333/24) ΑΠΑΞ ΠΑΡΑΓΓΕΛΙΑΣ ΓΙΑ ΤΟΝ ΜΗΝΑ ΙΟΥΝΙΟ 2024 ΣΥΜΦΩΝΑ ΜΕ ΤΙΣ ΔΙΑΤΑΞΕΙΣ ΤΟΥ Ν. 5161/2024 αρθ.14 (ΦΕΚ 196/τ. Α΄/29-11-2024),999307110,ΚΑΛΤΕΚ ΕΜΠΟΡΙΑ ΙΑΤΡΙΚΩΝ ΕΙΔΩΝ ΠΡΟΙΟΝΤΩΝ ΚΑΙ ΜΗΧΑΝΗΜΑΤΩΝ ΜΟΝΟΠΡΟΣΩΠΗ ΑΝΩΝΥΜΗ ΕΤΑΙΡΙΑ,4844.68,,1313β01
9ΖΒ74690ΒΩ-ΘΜΟ,2025-06-05,: ΠΡΟΜΗΘΕΙΑ ΟΡΘΟΠΕΔΙΚΟΥ ΥΛΙΚΟΥ ΜΕ ΣΥΜΒΑΣΗ (  ΣΥΜΒ.334/24) ΑΠΑΞ ΠΑΡΑΓΓΕΛΙΑΣ  ΓΙΑ ΤΟΝ ΜΗΝΑ IOYNIO 2024   ΣΥΜΦΩΝΑ ΜΕ ΤΙΣ ΔΙΑΤΑΞΕΙΣ ΤΟΥ Ν. 5161/2024 αρθ.14 (ΦΕΚ 196/τ. Α΄/29-11-2024),999307110,ΚΑΛΤΕΚ ΕΜΠΟΡΙΑ ΙΑΤΡΙΚΩΝ ΕΙΔΩΝ ΠΡΟΙΟΝΤΩΝ ΚΑΙ ΜΗΧΑΝΗΜΑΤΩΝ ΜΟΝΟΠΡΟΣΩΠΗ ΑΝΩΝΥΜΗ ΕΤΑΙΡΙΑ,8460.68,,1313β01
Ρ0Η34690ΒΩ-ΠΛΗ,2025-06-05,ΠΡΟΜΗΘΕΙΑ ΟΡΘΟΠΕΔΙΚΟΥ ΥΛΙΚΟΥ ΜΕ ΣΥΜΒΑΣΗ (  ΣΥΜΒ.335/24) ΑΠΑΞ ΠΑΡΑΓΓΕΛΙΑΣ  ΓΙΑ ΤΟΝ ΜΗΝΑ IOYNIO 2024   ΣΥΜΦΩΝΑ ΜΕ ΤΙΣ ΔΙΑΤΑΞΕΙΣ ΤΟΥ Ν. 5161/2024 αρθ.14 (ΦΕΚ 196/τ. Α΄/29-11-2024),999307110,ΚΑΛΤΕΚ ΕΜΠΟΡΙΑ ΙΑΤΡΙΚΩΝ ΕΙΔΩΝ ΠΡΟΙΟΝΤΩΝ ΚΑΙ ΜΗΧΑΝΗΜΑΤΩΝ ΜΟΝΟΠΡΟΣΩΠΗ ΑΝΩΝΥΜΗ ΕΤΑΙΡΙΑ,7607.08,,1313β01
ΡΘΖΦ4690ΒΩ-ΕΡΤ,2025-06-05,ΠΑΡΑΚΛΙΝΙΚΕΣ ΕΞΕΤΑΣΕΙΣ ΤΩΝ ΑΣΘΕΝΩΝ ΤΟΥ ΝΟΣΟΚΟΜΕΙΟΥ ΓΙΑ ΤΟΥΣ ΜΗΝΕΣ ΦΕΒΡΟΥΑΡΙΟΣ  ΕΩΣ ΟΚΤΩΒΡΙΟ 2024  ΣΥΜΦΩΝΑ ΜΕ ΤΙΣ ΔΙΑΤΑΞΕΙΣ ΤΟΥ Ν.5161/2024 αρθ.14  (ΦΕΚ 196/ τ.Α΄/29-11-2024),996956397,ΓΕΝΙΚΟ ΝΟΣΟΚΟΜΕΙΟ ΛΑΡΙΣΑΣ ΚΟΥΤΛΙΜΠΑΝΕΙΟ ΚΑΙ ΤΡΙΑΝΤΑΦΥΛΛΕΙΟ,24682.53,,0439β01
9ΗΤ64690ΒΩ-Ν0Ο,2025-06-05,"ΜΕΤΡΗΣΕΙΣ ΔΟΣΙΜΕΤΡΩΝ ΓΙΑ ΤΗΝ ΠΕΡΙΟΔΟ 01/01/25 ΕΩΣ 31/08/24, ΧΩΡΙΣ ΣΥΜΒΑΣΗ, ΜΕ ΙΔΙΩΤΙΚΟ ΣΥΜΦΩΝΗΤΙΚΟ Λ/203/3853, ΣΥΜΦΩΝΑ ΜΕ ΤΙΣ ΔΙΑΤΑΞΕΙΣ ΤΟΥ Ν.5161/2024 αρθ.14  (ΦΕΚ 196/ τ.Α΄/29-11-202)",090085792,ΕΛΛΗΝΙΚΗ ΕΠΙΤΡΟΠΗ ΑΤΟΜΙΚΗΣ ΕΝΕΡΓΕΙΑΣ,2809.84,,"2809,84"
ΡΔΑΘ4690ΒΩ-ΓΗ2,2025-06-05,"ΠΡΟΜΗΘΕΙΑ SAMBOO CAP, ΕΞΑΣΚΗΤΩΝ ΑΝΑΠΝΟΗΣ, ΜΑΣΚΩΝ ΝΕΦΕΛΟΠΟΙΗΣΗΣ, ΓΙΑ ΤΟΥΣ ΜΗΝΕΣ ΑΥΓΟΥΣΤΟ ΕΩΣ ΟΚΤΩΒΡΙΟ 2024, ΧΩΡΙΣ ΣΥΜΒΑΣΗ, ΜΕ ΑΠΟΦΑΣΕΙΣ ΔΣ 33/25-7-24 Θ.19, 37/2-9-24 Θ.2, 43/25-9-24 Θ.28, 45/27-9-24 Θ.22 & 45/27-9-24 ΘΙ.40, ΣΥΜΦΩΝΑ ΜΕ ΤΙΣ ΔΙΑΤΑΞΕΙΣ ΤΟΥ Ν.5161/2024 αρθ.14  (ΦΕΚ 196/ τ.Α΄/29-11-2024)",099007886,ΒΙΟΠΡΟΜΗΘΕΥΤΙΚΗ ΑΝΤΙΠΡΟΣΩΠΕΙΑ ΕΙΣΑΓΩΓΗ ΕΜΠΟΡΙΑ ΙΑΤΡΙΚΩΝ ΠΡΟΙΟΝΤΩΝ ΕΤΑΙΡΕΙΑ ΠΕΡΙΟΡΙΣΜΕΝΗΣ  ΕΥΘΥΝΗΣ,3179.73,,1311β01
ΨΩ0Σ4690ΒΩ-ΕΡΦ,2025-06-05,"ΠΡΟΜΗΘΕΙΑ ΤΟΝΕΡ ΟΚΙ, ΜΗΝΟΣ ΣΕΠΤΕΜΒΡΙΟΥ 2024, ΧΩΡΙΣ ΣΥΜΒΑΣΗ, ΜΕ ΑΠΟΦΑΣΗ ΔΣ 34/8-8-24 Θ.36, ΣΥΜΦΩΝΑ ΜΕ ΤΙΣ ΔΙΑΤΑΞΕΙΣ ΤΟΥ Ν.5161/2024 αρθ.14  (ΦΕΚ 196/ τ.Α΄/29-11-2024)",094501457,Π ΝΙΚΟΛΑΚΟΠΟΥΛΟΣ ΔΙΑΓΡΑΜΜΑ ΑΝΩΝΥΜΗ ΕΜΠΟΡΙΚΗ ΚΑΙ ΠΑΡΟΧΗΣ ΥΠΗΡΕΣΙΩΝ ΕΤΑΙΡΕΙΑ,2822.24,,1281β01
62ΑΠ4690ΒΩ-ΒΨΙ,2025-06-05,"ΠΡΟΜΗΘΕΙΑ ΦΑΡΜΑΚΕΥΤΙΚΟΥ ΥΛΙΚΟΥ ΝΟΣΟΚΟΜΕΙΟΥ ΓΙΑ ΤΟ ΜΗΝΑ ΑΥΓΟΥΣΤΟ 2023  (ΓΔΟΥ/οικ.59434/31-7-2018) ΠΡΟΣΘΕΤΟ REBATE Α' ΕΞΑΜΗΝΟΥ 2020 THΣ ΠΑΡ.3 TOY AΡΘΡΟ 35 TOY N. 3918/2011) ΚΑΙ  ΣΥΜΦΩΝΑ ΜΕ ΤΙΣ ΔΙΑΤΑΞΕΙΣ ΤΟΥ Ν.5161/2024 αρθ.14  (ΦΕΚ 196/ τ.Α΄/29-11-2024)  (ΑΦΟΡΑ ΤΗΝ ΑΠΟΡΡΟΦΩΣΑ ΕΤΑΙΡΙΑ ""SHIRE ΕΛΛΑΣ ΑΕ)",094326651,TAKEDA ΕΛΛΑΣ ΦΑΡΜΑΚΕΥΤΙΚΗ ΑΝΩΝΥΜΗ ΕΤΑΙΡΕΙΑ,14047.95,,1312β
Ψ5354690ΒΩ-8ΩΘ,2025-05-28,ΠΡΟΜΗΘΕΙΑ ΥΓΕΙΟΝΟΜΙΚΟΥ ΥΛΙΚΟΥ (ΦΙΛΤΡΑ ΜΕΤΑΓΓΙΣΗΣ ΑΙΜΑΤΟΣ )ΜΕ ΣΥΜΒΑΣΗ ΤΟΝ ΜΗΝΑ ΙΟΥΛΙΟ 2024 (ΣΥΜΒ. 300/2023  ΧΕ 2775/2024),095186426,Μ Σ ΙΑΚΩΒΙΔΗΣ ΕΛΛΑΣ ΑΝΩΝΥΜΟΣ ΕΜΠΟΡΙΚΗ ΕΤΑΙΡΕΙΑ ΙΑΤΡΟΤΕΧΝΟΛΟΓΙΚΟΥ ΥΛΙΚΟΥ,8280.72,,1311β01
9ΦΙ64690ΒΩ-ΠΜΥ,2025-06-04,ΠΡΟΜΗΘΕΙΑ ΟΡΘΟΠΕΔΙΚΟΥ ΥΛΙΚΟΥ ΜΕ ΣΥΜΒΑΣΗ ΤΟΝ ΜΗΝΑ ΑΠΡΙΛΙΟ 2024 (ΣΥΜΒ.180/2024) ΑΠΑΞ ΠΑΡΑΓΓΕΛΙΑ ΣΥΜΦΩΝΑ ΜΕ ΤΙΣ ΔΙΑΤΑΞΕΙΣ ΤΟΥ Ν. 5161/2024 αρθ.14 (ΦΕΚ 196/τ. Α΄/29-11-2024 ΔΙΚΑΙΟΛΟΓΗΤΙΚΑ : ΠΑΡΑΣΤΑΤΙΚΑ :3113,094007897,ΚΟΠΕΡ ΦΑΡΜΑΚΟΒΙΟΜΗΧΑΝΙΑΑΝΩΝΥΜΗ ΕΤΑΙΡΕΙΑ,4570.07,,1313β01
ΨΑ7Η4690ΒΩ-23Θ,2025-06-04,: ΑΠΟΔΟΣΗ ΥΠΕΡ ΨΥΧΙΚΗΣ ΥΓΕΙΑΣ   (Ν. 3580 ) ΕΠΙ ΤΩΝ ΕΞΟΦΛΗΘΕΝΤΩΝ ΧΕ ΜΟΝΟΣ ΦΕΒΡΟΥΑΡΙΟΥ 2025 (Φ400),099017070,ΥΠΟΥΡΓΕΙΟ ΥΓΕΙΑΣ ΠΡΟΝΟΙΑΣ,12.66,,3391α01
ΨΑ0Μ4690ΒΩ-Κ9Π,2025-06-04,ΑΠΟΔΟΣΗ ΥΠΕΡ ΨΥΧΙΚΗΣ ΥΓΕΙΑΣ  (Ν.  3580) ΕΠΙ ΤΩΝ ΕΞΟΦΛΗΘΕΝΤΩΝ ΧΕ ΜΗΝΟΣ ΦΕΒΡΟΥΑΡΙΟΥ 2025 (Φ100),099017070,ΥΠΟΥΡΓΕΙΟ ΥΓΕΙΑΣ ΠΡΟΝΟΙΑΣ,38.84,,3391α01
9ΨΙΧ4690ΒΩ-ΚΑΦ,2025-06-04,ΑΠΟΔΟΣΗ ΥΠΕΡ ΔΗΜΟΣΙΟΥ  (ΦΟΡΟΣ 8%) ΕΠΙ ΤΩΝ ΕΞΟΦΛΗΘΕΝΤΩΝ ΧΕ ΜΟΝΟΣ ΦΕΒΡΟΥΑΡΙΟΥ 2025 (Φ400),090165560,ΥΠΟΥΡΓΕΙΟ ΟΙΚΟΝΟΜΙΚΩΝ ΓΕΝΙΚΗ   ΔIEYΘΥΝΣΗ  Δ ΚΗΣΥΠ ΞΗΣ Δ ΟΙΚ,49.68,,3391α01
9ΒΥΑ4690ΒΩ-ΩΩΩ,2025-06-04,ΑΠΟΔΟΣΗ ΥΠΕΡ ΔΗΜΟΣΙΟΥ (ΦΟΡΟΣ 8%) ΕΠΙ ΤΩΝ ΕΞΟΦΛΗΘΕΝΤΩΝ ΧΕ ΜΗΝΟΣ ΦΕΒΡΟΥΑΡΙΟΥ 2025 (Φ500),090165560,ΥΠΟΥΡΓΕΙΟ ΟΙΚΟΝΟΜΙΚΩΝ ΓΕΝΙΚΗ   ΔIEYΘΥΝΣΗ  Δ ΚΗΣΥΠ ΞΗΣ Δ ΟΙΚ,24.84,,3391α01
ΨΑΧΗ4690ΒΩ-ΜΡΙ,2025-06-04,"ΑΠΟΔΟΣΗ ΥΠΕΡ ΔΗΜΟΣΙΟΥ (ΦΟΡΟΣ 1, 8%) ΕΠΙ ΤΩΝ ΕΞΟΦΛΗΘΕΝΤΩΝ ΧΕ ΜΗΝΟΣ ΦΕΒΡΟΥΑΡΙΟΥ 2025 (Φ600)",090165560,ΥΠΟΥΡΓΕΙΟ ΟΙΚΟΝΟΜΙΚΩΝ ΓΕΝΙΚΗ   ΔIEYΘΥΝΣΗ  Δ ΚΗΣΥΠ ΞΗΣ Δ ΟΙΚ,79.08,,3391α01
96ΝΨ4690ΒΩ-6Φ7,2025-06-04,"ΑΠΟΔΟΣΗ ΥΠΕΡ ΔΗΜΟΣΙΟΥ  (ΦΟΡΟΣ 4,%) ΕΠΙ ΤΩΝ ΕΞΟΦΛΗΘΕΝΤΩΝ ΧΕ ΜΗΝΟΣ ΦΕΒΡΟΥΑΡΙΟΥ 2025 (Φ100)",090165560,ΥΠΟΥΡΓΕΙΟ ΟΙΚΟΝΟΜΙΚΩΝ ΓΕΝΙΚΗ   ΔIEYΘΥΝΣΗ  Δ ΚΗΣΥΠ ΞΗΣ Δ ΟΙΚ,76.11,,3391α01
9Β3Γ4690ΒΩ-ΗΡ9,2025-06-04,"ΑΠΟΔΟΣΗ ΥΠΕΡ ΔΗΜΟΣΙΟΥ  (ΦΟΡΟΙ 1,4,8%) ΕΠΙ ΤΩΝ ΕΞΟΦΛΗΘΕΝΤΩΝ ΧΕ ΜΟΝΟΣ ΦΕΒΡΟΥΑΡΙΟΥ 2025 (Φ100)",090165560,ΥΠΟΥΡΓΕΙΟ ΟΙΚΟΝΟΜΙΚΩΝ ΓΕΝΙΚΗ   ΔIEYΘΥΝΣΗ  Δ ΚΗΣΥΠ ΞΗΣ Δ ΟΙΚ,22425.06,,3391α01
9ΚΔΠ4690ΒΩ-ΟΞΒ,2025-06-04,ΑΠΟΔΟΣΗ ΥΠΕΡ ΔΗΜΟΣΙΟΥ  (ΦΟΡΟΙ 20%) ΕΠΙ ΤΩΝ ΕΞΟΦΛΗΘΕΝΤΩΝ ΧΕ ΜΟΝΟΣ ΦΕΒΡΟΥΑΡΙΟΥ 2025 (Φ100),090165560,ΥΠΟΥΡΓΕΙΟ ΟΙΚΟΝΟΜΙΚΩΝ ΓΕΝΙΚΗ   ΔIEYΘΥΝΣΗ  Δ ΚΗΣΥΠ ΞΗΣ Δ ΟΙΚ,1361.73,,3391α01
Ψ1ΥΟ4690ΒΩ-Σ2Θ,2025-06-04,ΑΠΟΔΟΣΗ ΥΠΕΡ ΔΗΜΟΣΙΟΥ  (ΧΑΡΤ &ΟΓΑ ΧΑΡΤ) ΕΠΙ ΤΩΝ ΕΞΟΦΛΗΘΕΝΤΩΝ ΧΕ ΜΟΝΟΣ ΦΕΒΡΟΥΑΡΙΟΥ 2025 (Φ100),090165560,ΥΠΟΥΡΓΕΙΟ ΟΙΚΟΝΟΜΙΚΩΝ ΓΕΝΙΚΗ   ΔIEYΘΥΝΣΗ  Δ ΚΗΣΥΠ ΞΗΣ Δ ΟΙΚ,15.37,,3391α01
97ΝΡ4690ΒΩ-ΩΒΒ,2025-06-04,ΠΡΟΜΗΘΕΙΑ ΟΡΘΟΠΕΔΙΚΟΥ ΥΛΙΚΟΥ ΜΕ ΣΥΜΒΑΣΗ ΤΟΝ ΜΗΝΑ ΑΠΡΙΛΙΟ 2024 (ΣΥΜΒ.155/2024) ΑΠΑΞ ΠΑΡΑΓΓΕΛΙΑ ΣΥΜΦΩΝΑ ΜΕ ΤΙΣ ΔΙΑΤΑΞΕΙΣ ΤΟΥ Ν. 5161/2024 αρθ.14 (ΦΕΚ 196/τ. Α΄/29-11-2024,094007897,ΚΟΠΕΡ ΦΑΡΜΑΚΟΒΙΟΜΗΧΑΝΙΑΑΝΩΝΥΜΗ ΕΤΑΙΡΕΙΑ,3751.84,,1313β01
6Ι2Υ4690ΒΩ-ΕΦΜ,2025-06-04,: ΠΡΟΜΗΘΕΙΑ ΟΡΘΟΠΕΔΙΚΟΥ ΥΛΙΚΟΥ ΜΕ ΣΥΜΒΑΣΗ ΤΟΝ ΜΗΝΑ ΑΠΡΙΛΙΟ 2024 (ΣΥΜΒ.139/2024) ΑΠΑΞ ΠΑΡΑΓΓΕΛΙΑ ΣΥΜΦΩΝΑ ΜΕ ΤΙΣ ΔΙΑΤΑΞΕΙΣ ΤΟΥ Ν. 5161/2024 αρθ.14 (ΦΕΚ 196/τ. Α΄/29-11-2024,094007897,ΚΟΠΕΡ ΦΑΡΜΑΚΟΒΙΟΜΗΧΑΝΙΑΑΝΩΝΥΜΗ ΕΤΑΙΡΕΙΑ,4219.84,,1313β01
ΨΘ4Θ4690ΒΩ-ΓΑ1,2025-06-04,ΣΥΝΤΗΡΗΣΗ -  ΕΠΙΣΚΕΥΗ  ΑΝΕΛΚΥΣΤΗΡΩΝ  ΚΨΥ ΜΕ ΣΥΜΒΑΣΗ ΑΠΟ 28/12/2024 ΕΩΣ 27/2/2025 (ΣΥΜΒ.537/2024 ΧΕ 79/2025 ),800357297,Ι Δ ΚΩΝΣΤΑΝΤΟΠΟΥΛΟΣ ΕΓΚΑΤΑΣΤΑΣΗ ΕΠΙΣΚΕΥΗ ΣΥΝΤΗΡΗΣΗ ΚΑΤΑΣΚΕΥΗ Κ ΕΜΠΟΡΙΑ ΕΙΔΩΝ ΑΝΕΛΚΥΣΤΗΡΩΝ ΑΒΕΕ,262.26,,0879β09
ΨΟ974690ΒΩ-ΠΣΙ,2025-06-04,"φως) : ΤΕΣΣΕΡΑ ΧΙΛΙΑΔΕΣ ΕΚΑΤΟΝ ΠΕΝΗΝΤΑ ΕΥΡΩ & ΟΓΔΟΝΤΑ ΕΠΤΑ ΛΕΠΤΑ 4.150,87 ΑΙΤΙΟΛΟΓΙΑ : ΠΡΟΜΗΘΕΙΑ ΟΡΘΟΠΕΔΙΚΟΥ ΥΛΙΚΟΥ ΜΕ ΣΥΜΒΑΣΗ ΤΟΝ ΜΗΝΑ ΑΠΡΙΛΙΟ 2024 (ΣΥΜΒ.134/2024) ΑΠΑΞ ΠΑΡΑΓΓΕΛΙΑ ΣΥΜΦΩΝΑ ΜΕ ΤΙΣ ΔΙΑΤΑΞΕΙΣ ΤΟΥ Ν. 5161/2024 αρθ.14 (ΦΕΚ 196/τ. Α΄/29-11-2024",094007897,ΚΟΠΕΡ ΦΑΡΜΑΚΟΒΙΟΜΗΧΑΝΙΑΑΝΩΝΥΜΗ ΕΤΑΙΡΕΙΑ,4150.87,,1313β01
ΨΕ7Ν4690ΒΩ-7ΧΚ,2025-06-04,ΠΡΟΜΗΘΕΙΑ ΟΡΘΟΠΕΔΙΚΟΥ ΥΛΙΚΟΥ ΜΕ ΣΥΜΒΑΣΗ ΤΟΝ ΜΗΝΑ ΑΠΡΙΛΙΟ 2024 (ΣΥΜΒ.197/2024) ΑΠΑΞ ΠΑΡΑΓΓΕΛΙΑ ΣΥΜΦΩΝΑ ΜΕ ΤΙΣ ΔΙΑΤΑΞΕΙΣ ΤΟΥ Ν. 5161/2024 αρθ.14 (ΦΕΚ 196/τ. Α΄/29-11-2024,094007897,ΚΟΠΕΡ ΦΑΡΜΑΚΟΒΙΟΜΗΧΑΝΙΑΑΝΩΝΥΜΗ ΕΤΑΙΡΕΙΑ,4278.81,,1313β01
9Ξ3Η4690ΒΩ-9ΑΝ,2025-06-03,ΑΠΟΔΟΣΗ ΥΠΕΡ ΔΗΜΟΣΙΟΥ (ΧΑΡΤ&ΟΓΑ ΧΑΡΤ) ΕΠΙ ΤΩΝ ΕΞΟΦΛΗΘΕΝΤΩΝ ΧΕ ΜΗΝΟΣ ΦΕΒΡΟΥΑΡΙΟΥ 2025 (Φ600) ΔΙΚΑΙΟΛΟΓΗΤΙΚΑ : ΠΑΡΑΣΤΑΤΙΚΑ :ΓΡΑΜ ΕΙΣΠ 197-28-02-2025,090165560,ΥΠΟΥΡΓΕΙΟ ΟΙΚΟΝΟΜΙΚΩΝ ΓΕΝΙΚΗ   ΔIEYΘΥΝΣΗ  Δ ΚΗΣΥΠ ΞΗΣ Δ ΟΙΚ,0.05,,3391α06
ΡΧΔ64690ΒΩ-ΓΔΩ,2025-06-03,ΠΡΟΜΗΘΕΙΑ ΟΡΘΟΠΕΔΙΚΟΥ ΥΛΙΚΟΥ ΜΕ ΣΥΜΒΑΣΗ ΤΟΝ ΜΗΝΑ ΑΠΡΙΛΙΟ 2024 (ΣΥΜΒ.180/2024) ΑΠΑΞ ΠΑΡΑΓΓΕΛΙΑ ΣΥΜΦΩΝΑ ΜΕ ΤΙΣ ΔΙΑΤΑΞΕΙΣ ΤΟΥ Ν. 5161/2024 αρθ.14 (ΦΕΚ 196/τ. Α΄/29-11-2024,094007897,ΚΟΠΕΡ ΦΑΡΜΑΚΟΒΙΟΜΗΧΑΝΙΑΑΝΩΝΥΜΗ ΕΤΑΙΡΕΙΑ,4570.04,,1313β01
ΨΗ914690ΒΩ-ΖΣΞ,2025-06-03,ΣΥΝΤΗΡΗΣΗ - ΕΠΙΣΚΕΥΗ ΑΝΕΛΚΥΣΤΗΡΩΝ ΣΤΟΝ ΞΕΝΩΝΑ ΄΄ΦΙΛΥΡΑ΄΄ ΜΕ ΣΥΜΒΑΣΗ ΑΠΟ 28/12/2024 ΕΩΣ27/2/2025 (ΣΥΜΒ.537/2024 ΧΕ  78/2025),800357297,Ι Δ ΚΩΝΣΤΑΝΤΟΠΟΥΛΟΣ ΕΓΚΑΤΑΣΤΑΣΗ ΕΠΙΣΚΕΥΗ ΣΥΝΤΗΡΗΣΗ ΚΑΤΑΣΚΕΥΗ Κ ΕΜΠΟΡΙΑ ΕΙΔΩΝ ΑΝΕΛΚΥΣΤΗΡΩΝ ΑΒΕΕ,262.26,,0879α06
9Ζ734690ΒΩ-Ε4Σ,2025-06-03,ΣΥΝΤΗΡΗΣΗ- ΕΠΙΣΚΕΥΗ ΑΝΕΛΚΥΣΤΗΡΩΝ ΞΕΝΩΝΑ ΄΄ΑΡΙΑΔΝΗ ΄΄ ΜΕ ΣΥΜΒΑΣΗ ΑΠΟ 28/12/2024 ΕΩΣ 27/2/2025 (ΣΥΜΒ. 537/2024 χε 77/202,800357297,Ι Δ ΚΩΝΣΤΑΝΤΟΠΟΥΛΟΣ ΕΓΚΑΤΑΣΤΑΣΗ ΕΠΙΣΚΕΥΗ ΣΥΝΤΗΡΗΣΗ ΚΑΤΑΣΚΕΥΗ Κ ΕΜΠΟΡΙΑ ΕΙΔΩΝ ΑΝΕΛΚΥΣΤΗΡΩΝ ΑΒΕΕ,262.26,,0879α05
Ψ65Ν4690ΒΩ-91Π,2025-06-03,ΣΥΝΤΗΡΗΣΗ ΕΠΙΣΚΕΥΗ ΑΝΕΛΚΥΣΤΗΡΩΝ ΠΑΛΑΙΑΣ ΚΑΙ ΝΕΑΣ ΠΤΕΡΥΓΑΣ ΓΝΒ ΜΕ ΣΥΜΒΑΣΗ ΑΠΟ 28/12/2024 ΕΩΣ 27/2/2025 (ΣΥΜΒ. 537/2024 ΧΕ 76/2025),800357297,Ι Δ ΚΩΝΣΤΑΝΤΟΠΟΥΛΟΣ ΕΓΚΑΤΑΣΤΑΣΗ ΕΠΙΣΚΕΥΗ ΣΥΝΤΗΡΗΣΗ ΚΑΤΑΣΚΕΥΗ Κ ΕΜΠΟΡΙΑ ΕΙΔΩΝ ΑΝΕΛΚΥΣΤΗΡΩΝ ΑΒΕΕ,4196.16,,0879α01
Ψ9ΓΦ4690ΒΩ-9Ι8,2025-06-03,ΠΡΟΜΗΘΕΙΑ ΟΡΘΟΠΕΔΙΚΟΥ ΥΛΙΚΟΥ ΜΕ ΣΥΜΒΑΣΗ ΤΟΝ ΜΗΝΑ ΑΠΡΙΛΙΟ 2024 (ΣΥΜΒ.125/2024) ΑΠΑΞ ΠΑΡΑΓΓΕΛΙΑ ΣΥΜΦΩΝΑ ΜΕ ΤΙΣ ΔΙΑΤΑΞΕΙΣ ΤΟΥ Ν. 5161/2024 αρθ.14 (ΦΕΚ 196/τ. Α΄/29-11-2024,094007897,ΚΟΠΕΡ ΦΑΡΜΑΚΟΒΙΟΜΗΧΑΝΙΑΑΝΩΝΥΜΗ ΕΤΑΙΡΕΙΑ,3838.0,,1313β01
6ΞΟΛ4690ΒΩ-Ε7Ι,2025-06-03,"ΠΡΟΜΗΘΕΙΑ ΟΡΘΟΠΕΔΙΚΟΥ ΥΛΙΚΟΥ ΜΕ ΣΥΜΒΑΣΗ ΤΟΝ ΜΗΝΑ ΑΠΡΙΛΙΟ 2024 (ΣΥΜΒ.130/2024) ΑΠΑΞ ΠΑΡΑΓΓΕΛΙΑ ΣΥΜΦΩΝΑ ΜΕ ΤΙΣ ΔΙΑΤΑΞΕΙΣ ΤΟΥ Ν. 5161/2024 αρθ.14 (ΦΕΚ 196/τ. Α΄/29-11-2024ΠΡΟΜ.ΟΡΘΟΠΕΔ,ΠΡΟΣΘΕΤ.ΚΑΙ ΛΟΙΠΩΝ ΥΛΙΚΩΝ ΑΝΑΠΗΡΩΝΝΟΣ",094007897,ΚΟΠΕΡ ΦΑΡΜΑΚΟΒΙΟΜΗΧΑΝΙΑΑΝΩΝΥΜΗ ΕΤΑΙΡΕΙΑ,4235.02,,1313β01
Ψ38Δ4690ΒΩ-ΨΑ5,2025-06-03,ΑΠΟΔΟΣΗ ΥΠΕΡ ΔΗΜΟΣΙΟΥ  (ΧΑΡΤ &ΟΓΑ ΧΑΡΤ) ΕΠΙ ΤΩΝ ΕΞΟΦΛΗΘΕΝΤΩΝ ΧΕ ΜΗΝΟΣ ΦΕΒΡΟΥΑΡΙΟΥ 2025 (Φ100),090165560,ΥΠΟΥΡΓΕΙΟ ΟΙΚΟΝΟΜΙΚΩΝ ΓΕΝΙΚΗ   ΔIEYΘΥΝΣΗ  Δ ΚΗΣΥΠ ΞΗΣ Δ ΟΙΚ,0.08,,3391α01
9Ρ2Τ4690ΒΩ-ΞΞ6,2025-06-03,ΠΡΟΜΗΘΕΙΑ ΟΡΘΟΠΕΔΙΚΟΥ ΥΛΙΚΟΥ ΜΕ ΣΥΜΒΑΣΗ ΤΟΝ ΜΗΝΑ ΑΠΡΙΛΙΟ 2024 (ΣΥΜΒ.132/2024) ΑΠΑΞ ΠΑΡΑΓΓΕΛΙΑ ΣΥΜΦΩΝΑ ΜΕ ΤΙΣ ΔΙΑΤΑΞΕΙΣ ΤΟΥ Ν. 5161/2024 αρθ.14 (ΦΕΚ 196/τ. Α΄/29-11-2024,094007897,ΚΟΠΕΡ ΦΑΡΜΑΚΟΒΙΟΜΗΧΑΝΙΑΑΝΩΝΥΜΗ ΕΤΑΙΡΕΙΑ,3864.6,,1313β01
6ΚΧΕ4690ΒΩ-ΟΚ5,2025-06-03,: ΑΠΟΔΟΣΗ ΥΠΕΡ ΕΑΑΔΗΣΥ ΕΠΙ ΤΩΝ ΕΞΟΦΛΗΘΕΝΤΩΝ ΧΕ ΜΗΝΟΣ ΦΕΒΡΟΥΑΡΙΟΥ 2025 (Φ100),090166291,ΥΠΟΥΡΓΕΙΟ ΑΝΑΠΤΥΞΗΣ,404.64,,3399α01
ΨΓΖΨ4690ΒΩ-ΗΣΣ,2025-06-03,: ΑΠΟΔΟΣΗ ΥΠΕΡ  (ΕΑΑΔΗΣΥ ) ΕΠΙ ΤΩΝ ΕΞΟΦΛΗΘΕΝΤΩΝ ΧΕ ΜΗΝΟΣ ΦΕΒΡΟΥΑΡΙΟΥ 2025 (Φ600),090166291,ΥΠΟΥΡΓΕΙΟ ΑΝΑΠΤΥΞΗΣ,2.19,,3399α06
9ΨΣ84690ΒΩ-Υ2Ε,2025-06-03,: ΑΠΟΔΟΣΗ ΥΠΕΡ  (ΕΑΑΔΗΣΥ) ΕΠΙ ΤΩΝ ΕΞΟΦΛΗΘΕΝΤΩΝ ΧΕ ΜΗΝΟΣ ΦΕΒΡΟΥΑΡΙΟΥ 2025 (Φ500),090166291,ΥΠΟΥΡΓΕΙΟ ΑΝΑΠΤΥΞΗΣ,0.33,,3399α05
6ΝΞΕ4690ΒΩ-ΕΩΗ,2025-06-03,: ΑΠΟΔΟΣΗ ΥΠΕΡ ΕΑΑΔΗΣΥ ΕΠΙ ΤΩΝ ΕΞΟΦΛΗΘΕΝΤΩΝ ΧΕ ΜΟΝΟΣ ΦΕΒΡΟΥΑΡΙΟΥ 2025 (Φ400),090166291,ΥΠΟΥΡΓΕΙΟ ΑΝΑΠΤΥΞΗΣ,0.66,,3399α01
Ψ8ΛΤ4690ΒΩ-Δ6Θ,2025-06-03,: ΑΠΟΔΟΣΗ ΥΠΕΡ ΕΑΑΔΗΣΥ  ΕΠΙ ΤΩΝ ΕΞΟΦΛΗΘΕΝΤΩΝ ΧΕ ΜΗΝΟΣ ΦΕΒΡΟΥΑΡΙΟΥ 2025 (Φ100),090166291,ΥΠΟΥΡΓΕΙΟ ΑΝΑΠΤΥΞΗΣ,1.95,,3399α01
9ΞΟΖ4690ΒΩ-6ΣΓ,2025-06-03,ΠΡΟΜΗΘΕΙΑ ΟΡΘΟΠΕΔΙΚΟΥ ΥΛΙΚΟΥ ΜΕ ΣΥΜΒΑΣΗ ΤΟΝ ΜΗΝΑ ΑΠΡΙΛΙΟ 2024 (ΣΥΜΒ.198/2024) ΑΠΑΞ ΠΑΡΑΓΓΕΛΙΑ ΣΥΜΦΩΝΑ ΜΕ ΤΙΣ ΔΙΑΤΑΞΕΙΣ ΤΟΥ Ν. 5161/2024 αρθ.14 (ΦΕΚ 196/τ. Α΄/29-11-2024,094007897,ΚΟΠΕΡ ΦΑΡΜΑΚΟΒΙΟΜΗΧΑΝΙΑΑΝΩΝΥΜΗ ΕΤΑΙΡΕΙΑ,3350.35,,1313β01
6ΙΒΡ4690ΒΩ-69Ω,2025-06-03,: ΠΡΟΜΗΘΕΙΑ ΟΡΘΟΠΕΔΙΚΟΥ ΥΛΙΚΟΥ ΜΕ ΣΥΜΒΑΣΗ ΤΟΝ ΜΗΝΑ ΑΠΡΙΛΙΟ 2024 (ΣΥΜΒ.123/2024) ΑΠΑΞ ΠΑΡΑΓΓΕΛΙΑ ΣΥΜΦΩΝΑ ΜΕ ΤΙΣ ΔΙΑΤΑΞΕΙΣ ΤΟΥ Ν. 5161/2024 αρθ.14 (ΦΕΚ 196/τ. Α΄/29-11-2024,094007897,ΚΟΠΕΡ ΦΑΡΜΑΚΟΒΙΟΜΗΧΑΝΙΑΑΝΩΝΥΜΗ ΕΤΑΙΡΕΙΑ,3037.44,,1313β01
6ΥΕ94690ΒΩ-Ω6Ε,2025-06-03,ΑΠΟΔΟΣΗ ΥΠΕΡ ΨΥΧΙΚΗΣ ΥΓΕΙΑΣ (Ν.3580) ΕΠΙ ΤΩΝ ΕΞΟΦΛΗΘΕΝΤΩΝ ΧΕ ΜΗΝΟΣ ΦΕΒΡΟΥΑΡΙΟΥ 2025 (Φ100),099017070,ΥΠΟΥΡΓΕΙΟ ΥΓΕΙΑΣ ΠΡΟΝΟΙΑΣ,8309.09,,3391α01
6ΘΧΗ4690ΒΩ-ΘΥΗ,2025-06-03,"ΑΠΟΔΟΣΗ ΥΠΕΡ ΨΥΧΙΚΗΣ ΥΓΕΙΑΣ  (Ν,3580 ) ΕΠΙ ΤΩΝ ΕΞΟΦΛΗΘΕΝΤΩΝ ΧΕ ΜΗΝΟΣ ΦΕΒΡΟΥΑΡΙΟΥ 2025 (Φ600)",099017070,ΥΠΟΥΡΓΕΙΟ ΥΓΕΙΑΣ ΠΡΟΝΟΙΑΣ,8309.09,,3391α01
ΡΩΒΑ4690ΒΩ-ΑΝΥ,2025-06-03,"ΑΠΟΔΟΣΗ ΥΠΕΡ ΨΥΧΙΚΗΣ ΥΓΕΙΑΣ  (Ν,3580 ) ΕΠΙ ΤΩΝ ΕΞΟΦΛΗΘΕΝΤΩΝ ΧΕ ΜΗΝΟΣ ΦΕΒΡΟΥΑΡΙΟΥ 2025 (Φ600)",099017070,ΥΠΟΥΡΓΕΙΟ ΥΓΕΙΑΣ ΠΡΟΝΟΙΑΣ,43.08,,3391α06
9ΨΙΜ4690ΒΩ-ΓΚ2,2025-06-03,: ΠΡΟΜΗΘΕΙΑ ΟΡΘΟΠΕΔΙΚΟΥ ΥΛΙΚΟΥ  ΜΕ ΣΥΜΒΑΣΗ ΤΟΝ ΜΗΝΑ ΑΠΡΙΛΙΟ 2024 (ΣΥΜΒ.118/2024) ΑΠΑΞ ΠΑΡΑΓΓΕΛΙΑ ΣΥΜΦΩΝΑ ΜΕ ΤΙΣ ΔΙΑΤΑΞΕΙΣ ΤΟΥ Ν. 5161/2024 αρθ.14 (ΦΕΚ 196/τ. Α΄/29-11-2024,094007897,ΚΟΠΕΡ ΦΑΡΜΑΚΟΒΙΟΜΗΧΑΝΙΑΑΝΩΝΥΜΗ ΕΤΑΙΡΕΙΑ,4280.65,,1313β01
9ΝΝΩ4690ΒΩ-8Γ8,2025-06-03,ΑΠΟΔΟΣΗ ΥΠΕΡ  ΑΡΧΗΣ ΠΡΟΔΙΚΑΣΤΙΚΩΝ ΠΡΟΣΦΥΓΩΝ  (ΑΕΠΠ) ΕΠΙ ΤΩΝ ΕΞΟΦΛΗΘΕΝΤΩΝ ΧΕ ΜΗΝΟΣ ΦΕΒΡΟΥΑΡΙΟΥ 2025 (Φ100),090169674,ΥΠΟΥΡΓΕΙΟ ΔΙΚΑΙΟΣΥΝΗΣ,22.57,,3399α01
6ΘΧΨ4690ΒΩ-Δ5Α,2025-06-03,"ΠΡΟΜΗΘΕΙΑ ΠΛΑΚΕΤΑΣ MAIN PCB ΓΙΑ ΤΗΝ ΕΠΙΣΚΕΥΗ ΤΗΣ ΣΥΣΚΕΥΗΣ ΗΛΕΚΤΡΟΘΕΡΑΠΕΙΑΣ  GYMNA DUO 2, ΜΗΝΟΣ ΙΟΥΝΙΟΥ 2024, ΧΩΡΙΣ ΣΥΜΒΑΣΗ, ΜΕ ΑΠΟΦΑΣΗ ΔΣ 23/16-5-24 Θ.13,  ΣΥΜΦΩΝΑ ΜΕ ΤΙΣ ΔΙΑΤΑΞΕΙΣ ΤΟΥ Ν.5161/2024 αρθ.14  (ΦΕΚ 196/ τ.Α΄/29-11-2024)",094508502,ΠΑΡΙΜΕΝΤ PARIMED ΙΑΤΡΙΚΟΣ ΕΞΟΠΛΙΣΜΟΣ ΑΝΩΝΥΜΗ ΕΤΑΙΡΕΙΑ,1605.78,,1439α01
9ΓΒΧ4690ΒΩ-ΙΟΗ,2025-06-03,"ΠΡΟΜΗΘΕΙΑ ΛΑΠΑΡΟΣΚΟΠΙΚΩΝ ΨΑΛΙΔΙΩΝ ΥΠΕΡΗΧΩΝ, ΜΗΝΟΣ ΜΑΪΟΥ 2024, ΧΩΡΙΣ ΣΥΜΒΑΣΗ,  ΜΕ ΑΠΟΦΑΣΗ ΔΣ 23/16-5-24 Θ.9,  ΣΥΜΦΩΝΑ ΜΕ ΤΙΣ ΔΙΑΤΑΞΕΙΣ ΤΟΥ Ν.5161/2024 αρθ.14  (ΦΕΚ 196/ τ.Α΄/29-11-2024)",998857330,ΑΡΤΙΟΝ ΙΑΤΡΟΤΕΧΝΟΛΟΓΙΚΑ ΠΡΟΙΟΝΤΑ ΜΟΝΟΠΡΟΣΩΠΗ ΙΔΙΩΤΙΚΗ ΚΕΦΑΛΑΙΟΥΧΙΚΗ ΕΤΑΙΡΕΙΑ,2291.52,,1311β01
6ΚΧΨ4690ΒΩ-ΔΞΖ,2025-06-03,: ΠΡΟΜΗΘΕΙΑ ΤΡΑΠΕΖΙΚΩΝ ΕΡΓΑΣΙΩΝ ΓΙΑ ΕΞΕΡΧΟΜΕΝΕΣ ΜΕΤΑΦΟΡΕΣ ΠΙΣΤΩΣΕΩΝ ΣΕ ΤΡΑΠΕΖΕΣ ΤΟΥ ΕΞΩΤΕΡΙΚΟΥ (ARTION XE 163/18-225),094014250,EUROBANK ERGASIAS ΥΠΗΡΕΣΙΩΝ ΚΑΙ ΣΥΜΜΕΤΟΧΩΝ ΑΝΩΝΥΜΗ ΕΤΑΙΡΕΙΑ,1.2,,0431α01
9ΡΘΚ4690ΒΩ-ΩΝ2,2025-06-03,": ΠΡΟΜ.ΟΡΘΟΠΕΔ,ΠΡΟΣΘΕΤ.ΚΑΙ ΛΟΙΠΩΝ ΥΛΙΚΩΝ ΑΝΑΠΗΡΩΝ, ΜΗΝΩΝ ΜΑΪΟΥ, ΙΟΥΝΙΟΥ, ΙΟΥΛΙΟΥ, ΑΥΓΟΥΣΤΟΥ, ΣΕΠΤΕΜΒΡΙΟΥ & ΟΚΤΩΒΡΙΟΥ 2024, ΧΩΡΙΣ ΣΥΜΒΑΣΗ, ΜΕ ΑΠΟΦΑΣΕΙΣ ΔΣ  23/16-5-24 Θ.6, 23/16-5-24 Θ.6, 27/13-6-24 Θ.37, 31/11-7-24 Θ.9, 30/4-7-24 Θ.22, 34/8-8-24 Θ.33, 40/12-9-24 Θ.26 & 45/27-9-24 Θ.49, ΣΥΜΦΩΝΑ ΜΕ ΤΙΣ ΔΙΑΤΑΞΕΙΣ ΤΟΥ Ν.5161/2024 αρθ.14  (ΦΕΚ 196/ τ.Α΄/29-11-2024)",998218488,Κ ΤΕΛΙΔΗΣ ΙΑΤΡΙΚΟΣ ΚΑΙ ΝΟΣΟΚΟΜΕΙΑΚΟΣ ΚΑΙ ΧΕΙΡΟΥΡΓΙΚΟΣ ΕΞΟΠΛΙΣΜΟΣ ΑΝΩΝΥΜΗ ΕΙΣΑΓΩΓΙΚΗ ΚΑΙ ΕΜΠΟΡΙΚΗ ΕΤΑΙΡΕΙΑ,2535.8,,1313β01
ΨΒ3Σ4690ΒΩ-Τ1Λ,2025-06-03,"ΑΙΤΙΟΛΟΓΙΑ : ΠΡΟΜ. ΜΟΤΕΡ ΚΡΕΒΑΤΙΟΥ ΨΥΧΙΑΤΡΙΚΗΣ & ΜΠΟΥΤΟΝ ΣΤΗΡΙΞΗΣ ΑΣΦΑΛΕΙΑΣ ΚΑΓΚΕΛΩΝ, ΜΗΝΟΣ ΑΥΓΟΥΣΤΟΥ 2024, ΧΩΡΙΣ ΣΥΜΒΑΣΗ, ΜΕ ΑΠΟΦΑΣΗ ΔΣ 32/18-7-24 Θ.24, ΝΟΣ, ΣΥΜΦΩΝΑ ΜΕ ΤΙΣ ΔΙΑΤΑΞΕΙΣ ΤΟΥ Ν.5161/2024 αρθ.14  (ΦΕΚ 196/ τ.Α΄/29-11-2024",999495127,ΛΕΩΝΙΔΑΣ ΨΗΛΙΑΚΟΣ ΚΑΙ ΣΙΑ ΕΤΑΙΡΕΙΑ ΠΕΡΙΟΡΙΣΜΕΝΗΣ ΕΥΘΥΝΗΣ,1512.8,,1429β01
Ρ64Τ4690ΒΩ-Ξ2Ο,2025-05-30,"ΦΩΤΙΣΜΟΣ, ΚΙΝΗΣΗ,ΘΕΡΜΑΝΣΗ (ΜΕ ΗΛΕΚΤΡ.Η ΜΕ ΦΥΣΙΚΟ ΑΕΡΙΟ) ΝΟΣΟΚΟΜΕΙΟ ΜΕ ΠΑΡΟΧΗ 37491 ΑΠΟ (01/01/2025-31/01/2025)",997998048,ΕΤΑΙΡΕΙΑ ΠΡΟΜΗΘΕΙΑΣ ΑΕΡΙΟΥ ΘΕΣΣΑΛΟΝΙΚΗΣ ΘΕΣΣΑΛΙΑΣ ΜΟΝΟΠΡΟΣΩΠΗ ΑΝΩΝΥΜΟΣ ΕΤΑΙΡΕΙΑ,111652.65,,0842α01
9ΙΓΟ4690ΒΩ-4ΧΚ,2025-05-30,": ΦΩΤΙΣΜΟΣ, ΚΙΝΗΣΗ,ΘΕΡΜΑΝΣΗ (ΜΕ ΗΛΕΚΤΡ.Η ΜΕ ΦΥΣΙΚΟ ΑΕΡΙΟ) ΝΟΣΟΚΟΜΕΙΟΥ ΜΕ ΑΡΙΘΜΟ ΠΑΡΟΧΗΣ 37033460 ΑΠΟ (1/12/202431/12/2024,01/01/2025-31/01/2025)",997998048,ΕΤΑΙΡΕΙΑ ΠΡΟΜΗΘΕΙΑΣ ΑΕΡΙΟΥ ΘΕΣΣΑΛΟΝΙΚΗΣ ΘΕΣΣΑΛΙΑΣ ΜΟΝΟΠΡΟΣΩΠΗ ΑΝΩΝΥΜΟΣ ΕΤΑΙΡΕΙΑ,54558.83,,0842α01
Ψ4ΨΧ4690ΒΩ-ΚΔΙ,2025-05-30,"ΦΩΤΙΣΜΟΣ,ΚΙΝΗΣΗ,ΘΕΡΜΑΝΣΗ ΝΟΣOKOMEIOY ME ΠΑΡΟΧΗ 484120100-19 ΑΠΟ (01/03/2024-31-03-2024,01/04/2024-30/04/2024)",090000045,ΔΗΜΟΣΙΑ ΕΠΙΧΕΙΡΗΣΗ ΗΛΕΚΤΡΙΣΜΟΥ ΑΝΩΝΥΜΗ ΕΤΑΙΡΙΑ,136863.0,,0842β01
6ΥΨΡ4690ΒΩ-ΓΘΦ,2025-05-30,ΥΔΡΕΥΣΗ ΚΑΙ ΑΡΔΕΥΣΗ  ΑΡΙΑΔΝΗ ΜΕ ΠΑΡΟΧΗ 19/2487 ΑΠΟ (01/04/2025-30/04/2025),090071204,ΔΗΜΟΤΙΚΗ ΕΠΙΧΕΙΡΗΣΗ ΥΔΡΕΥΣΗΣ ΑΠΟΧΕΤΕΥΣΗΣ ΒΟΛΟΥ,259.51,,0841α05
ΨΑΚ04690ΒΩ-ΩΕΨ,2025-05-30,"ΠΡΟΜ.ΟΡΘΟΠΕΔ,ΠΡΟΣΘΕΤ.ΚΑΙ ΛΟΙΠΩΝ ΥΛΙΚΩΝ ΑΝΑΠΗΡΩΝ, ΜΗΝΩΝ ΑΥΓΟΥΣΤΟΥ & ΣΕΠΤΕΜΒΡΙΟΥ 2025, ΧΩΡΙΣ ΣΥΜΒΑΣΗ, ΜΕ ΑΠΟΦΑΣΕΙΣ ΔΣ 27/13-6-24 Θ.34, 30/4-7-24 Θ.22, 54/5-12-23 Θ.11, 30/4-7-24 Θ.22, ΣΥΜΦΩΝΑ ΜΕ ΤΙΣ ΔΙΑΤΑΞΕΙΣ ΤΟΥ Ν.5161/2024 αρθ.14 (ΦΕΚ 196/ τ.Α΄/29-11-2024) ΝΟΣ",094007897,ΚΟΠΕΡ ΦΑΡΜΑΚΟΒΙΟΜΗΧΑΝΙΑΑΝΩΝΥΜΗ ΕΤΑΙΡΕΙΑ,23179.54,,1313β01
Ψ3Ι84690ΒΩ-ΟΒΧ,2025-05-30,ΠΡΟΜΗΘΕΙΑ ΥΓΕΙΟΝΟΜΙΚΟΥ ΥΛΙΚΟΥ (ΣΕΤ TROKAΡ) ΜΕ ΣΥΜΒΑΣΗ ΣΥΜΒ.522/24 ΓΙΑ ΤΟΝ ΜΗΝΑ ΣΕΠΤΕΜΒΡΙΟ 2024 ΣΥΜΦΩΝΑ ΜΕ ΤΙΣ ΔΙΑΤΑΞΕΙΣ ΤΟΥ Ν. 5161/2024 αρθ.14 (ΦΕΚ 196/τ. Α΄/29-11-2024),094007897,ΚΟΠΕΡ ΦΑΡΜΑΚΟΒΙΟΜΗΧΑΝΙΑΑΝΩΝΥΜΗ ΕΤΑΙΡΕΙΑ,4836.0,,1311β01
6ΦΠΕ4690ΒΩ-ΥΞΨ,2025-05-30,: ΠΡΟΜΗΘΕΙΑ ΕΝΤΕΡΡΙΚΩΝ ΤΡΟΦΩΝ ΜΕ ΣΥΜΒΑΣΗ ΤΟΝ ΜΗΝΑ ΙΟΥΛΙΟ 2024 (ΣΥΜΒ. 416/2024) ΣΥΜΦΩΝΑ ΜΕ ΤΙΣ ΔΙΑΤΑΞΕΙΣ ΤΟΥ Ν. 5161/2024 αρθ.14 (ΦΕΚ 196/τ. Α΄/29-11-2024,800537801,SYN INNOVATION LABORATORIES ΕΜΠΟΡΙΑ ΚΑΙ ΠΑΡΑΓΩΓΗ ΦΑΡΜΑΚΩΝ ΔΙΑΤΡΟΦΙΚΩΝ ΒΙΟΤΕΧΝΟΛΟΓΙΚΩΝ ΠΡΟΙΟΝΤΩΝ ΑΝΩΝΥΜΗ ΕΤΑΙΡΕΙΑ,2717.71,,1511β01
ΨΗΦΑ4690ΒΩ-ΠΧΧ,2025-05-30,ΠΡΟΜΗΘΕΙΑ ΟΡΘΟΠΕΔΙΚΟΥ ΥΛΙΚΟΥ ΜΕ ΣΥΜΒΑΣΗ (  ΣΥΜΒ.339/24) ΑΠΑΞ ΠΑΡΑΓΓΕΛΙΑΣ  ΓΙΑ ΤΟΝ ΜΗΝΑ IOYNIO 2024   ΣΥΜΦΩΝΑ ΜΕ ΤΙΣ ΔΙΑΤΑΞΕΙΣ ΤΟΥ Ν. 5161/2024 αρθ.14 (ΦΕΚ 196/τ. Α΄/29-11-2024),999307110,ΚΑΛΤΕΚ ΕΜΠΟΡΙΑ ΙΑΤΡΙΚΩΝ ΕΙΔΩΝ ΠΡΟΙΟΝΤΩΝ ΚΑΙ ΜΗΧΑΝΗΜΑΤΩΝ ΜΟΝΟΠΡΟΣΩΠΗ ΑΝΩΝΥΜΗ ΕΤΑΙΡΙΑ,17612.96,,1313β01
ΨΑΘΥ4690ΒΩ-6ΞΠ,2025-05-30,ΠΡΟΜΗΘΕΙΑ ΟΡΘΟΠΕΔΙΚΟΥ ΥΛΙΚΟΥ ΜΕ ΣΥΜΒΑΣΗ ( ΣΥΜΒ.337/24) ΑΠΑΞ ΠΑΡΑΓΓΕΛΙΑΣ ΓΙΑ ΤΟΝ ΜΗΝΑ ΙΟΥΝΙΟ 2024 ΣΥΜΦΩΝΑ ΜΕ ΤΙΣ ΔΙΑΤΑΞΕΙΣ ΤΟΥ Ν. 5161/2024 αρθ.14 (ΦΕΚ 196/τ. Α΄/29-11-2024),999307110,ΚΑΛΤΕΚ ΕΜΠΟΡΙΑ ΙΑΤΡΙΚΩΝ ΕΙΔΩΝ ΠΡΟΙΟΝΤΩΝ ΚΑΙ ΜΗΧΑΝΗΜΑΤΩΝ ΜΟΝΟΠΡΟΣΩΠΗ ΑΝΩΝΥΜΗ ΕΤΑΙΡΙΑ,14993.15,,1313β01
626Π4690ΒΩ-Α7Λ,2025-05-30,ΠΡΟΜΗΘΕΙΑ ΥΓΕΙΟΝΟΜΙΚΟΥ ΥΛΙΚΟΥ (ΚΙΤ ΛΑΠ) ΜΕ ΣΥΜΒΑΣΗ ΣΥΜΒ.510/24 ΓΙΑ ΤΟΝ ΜΗΝΑ ΣΕΠΤΕΜΒΡΙΟ 2024 ΣΥΜΦΩΝΑ ΜΕ ΤΙΣ ΔΙΑΤΑΞΕΙΣ ΤΟΥ Ν. 5161/2024 αρθ.14 (ΦΕΚ 196/τ. Α΄/29-11-2024),082525697,ΑΝΑΣΤΑΣΙΟΣ ΜΑΥΡΟΓΕΝΗΣ ΙΑΤΡΟΤΕΧΝΟΛΟΓΙΚΑ ΕΙΔΗ ΑΝΩΝΥΜΗ ΕΤΑΙΡΕΙΑ,3211.6,,1311β01
9ΗΟΞ4690ΒΩ-ΜΥ0,2025-05-30,ΠΡΟΜΗΘΕΙΑ ΥΓΕΙΟΝΟΜΙΚΟΥ ΥΛΙΚΟΥ (ΣΕΤ ΛΑΠ) ΜΕ ΣΥΜΒΑΣΗ ΣΥΜΒ.509/24 ΓΙΑ ΤΟΝ ΜΗΝΑ ΣΕΠΤΕΜΒΡΙΟ 2024 ΣΥΜΦΩΝΑ ΜΕ ΤΙΣ ΔΙΑΤΑΞΕΙΣ ΤΟΥ Ν. 5161/2024 αρθ.14 (ΦΕΚ 196/τ. Α΄/29-11-2024),094007897,ΚΟΠΕΡ ΦΑΡΜΑΚΟΒΙΟΜΗΧΑΝΙΑΑΝΩΝΥΜΗ ΕΤΑΙΡΕΙΑ,21700.0,,1311β01
6Θ7Λ4690ΒΩ-Σ78,2025-05-30,ΠΡΟΜΗΘΕΙΑ ΟΡΘΟΠΕΔΙΚΟΥ ΥΛΙΚΟΥ ΜΕ ΣΥΜΒΑΣΗ ΤΟΝ ΜΗΝΑ ΑΠΡΙΛΙΟ 2024 (ΣΥΜΒ.177/2024) ΑΠΑΞ ΠΑΡΑΓΓΕΛΙΑ ΣΥΜΦΩΝΑ ΜΕ ΤΙΣ ΔΙΑΤΑΞΕΙΣ ΤΟΥ Ν. 5161/2024 αρθ.14 (ΦΕΚ 196/τ. Α΄/29-11-202,998333221,ΠΡΟΗΓΜΕΝΑ ΙΑΤΡΙΚΑ ΠΡΟΙΟΝΤΑ ΚΑΙ ΥΠΗΡΕΣΙΕΣ ΜΟΝΟΠΡΟΣΩΠΗ ΕΤΑΙΡΙΑ ΠΕΡΙΟΡΙΣΜΕΝΗΣ ΕΥΘΥΝΗΣ,3119.26,,1313β01
Ψ1ΡΞ4690ΒΩ-1ΑΓ,2025-05-30,ΠΡΟΜΗΘΕΙΑ ΟΡΘΟΠΕΔΙΚΟΥ ΥΛΙΚΟΥ  ΜΕ ΣΥΜΒΑΣΗ ΤΟΝ ΜΗΝΑ ΑΠΡΙΛΙΟ 2024 (ΣΥΜΒ.124/2024) ΑΠΑΞ ΠΑΡΑΓΓΕΛΙΑ ΣΥΜΦΩΝΑ ΜΕ ΤΙΣ ΔΙΑΤΑΞΕΙΣ ΤΟΥ Ν. 5161/2024 αρθ.14 (ΦΕΚ 196/τ. Α΄/29-11-202,998333221,ΠΡΟΗΓΜΕΝΑ ΙΑΤΡΙΚΑ ΠΡΟΙΟΝΤΑ ΚΑΙ ΥΠΗΡΕΣΙΕΣ ΜΟΝΟΠΡΟΣΩΠΗ ΕΤΑΙΡΙΑ ΠΕΡΙΟΡΙΣΜΕΝΗΣ ΕΥΘΥΝΗΣ,5104.22,,1313β01
62ΖΡ4690ΒΩ-4Φ1,2025-05-30,ΠΡΟΜΗΘΕΙΑ ΟΡΘΟΠΕΔΙΚΟΥ ΥΛΙΚΟΥ ΜΕ ΣΥΜΒΑΣΗ ΤΟΝ ΜΗΝΑ ΑΠΡΙΛΙΟ 2024 (ΣΥΜΒ.131/2024) ΑΠΑΞ ΠΑΡΑΓΓΕΛΙΑ ΣΥΜΦΩΝΑ ΜΕ ΤΙΣ ΔΙΑΤΑΞΕΙΣ ΤΟΥ Ν. 5161/2024 αρθ.14 (ΦΕΚ 196/τ. Α΄/29-11-202,998333221,ΠΡΟΗΓΜΕΝΑ ΙΑΤΡΙΚΑ ΠΡΟΙΟΝΤΑ ΚΑΙ ΥΠΗΡΕΣΙΕΣ ΜΟΝΟΠΡΟΣΩΠΗ ΕΤΑΙΡΙΑ ΠΕΡΙΟΡΙΣΜΕΝΗΣ ΕΥΘΥΝΗΣ,2910.88,,1313β01
ΨΦΙΩ4690ΒΩ-ΥΣΘ,2025-05-30,ΠΡΟΜΗΘΕΙΑ ΟΡΘΟΠΕΔΙΚΟΥ ΥΛΙΚΟΥ  ΜΕ ΣΥΜΒΑΣΗ ΤΟΝ ΜΗΝΑ ΑΠΡΙΛΙΟ 2024 (ΣΥΜΒ.193/2024) ΑΠΑΞ ΠΑΡΑΓΓΕΛΙΑ ΣΥΜΦΩΝΑ ΜΕ ΤΙΣ ΔΙΑΤΑΞΕΙΣ ΤΟΥ Ν. 5161/2024 αρθ.14 (ΦΕΚ 196/τ. Α΄/29-11-202,998333221,ΠΡΟΗΓΜΕΝΑ ΙΑΤΡΙΚΑ ΠΡΟΙΟΝΤΑ ΚΑΙ ΥΠΗΡΕΣΙΕΣ ΜΟΝΟΠΡΟΣΩΠΗ ΕΤΑΙΡΙΑ ΠΕΡΙΟΡΙΣΜΕΝΗΣ ΕΥΘΥΝΗΣ,5646.05,,1313β01
ΨΤ304690ΒΩ-ΒΓΦ,2025-05-30,ΑΙΤΙΟΛΟΓΙΑ : ΠΡΟΜΗΘΕΙΑ ΟΡΘΟΠΕΔΙΚΟΥ ΥΛΙΚΟΥ ΜΕ ΣΥΜΒΑΣΗ (ΣΥΜΒ.215 /2024)  ΓΙΑ ΤΟ ΜΗΝΑ ΑΠΡΙΛΙΟ 2024 ΑΠΑΞ ΠΑΡΑΓΓΕΛΙΑΣ ΣΥΜΦΩΝΑ ΜΕ ΤΙΣ ΔΙΑΤΑΞΕΙΣ ΤΟΥ Ν.5161/2024 αρθ.14  (ΦΕΚ 196/ τ.Α΄/29-11-2024),998465266,ΙΑΤΡΟΤΕΧΝΟΛΟΓΙΚΑ PS TEAM ΕΤΑΙΡΙΑ ΠΕΡΙΟΡΙΣΜΕΝΗΣ ΕΥΘΥΝΗΣ,16486.96,,1311β01
9Β7Ξ4690ΒΩ-ΒΗΖ,2025-05-30,ΠΡΟΜΗΘΕΙΑ ΟΡΘΟΠΕΔΙΚΟΥ ΥΛΙΚΟΥ ΜΕ ΣΥΜΒΑΣΗ ( ΣΥΜΒ.269/24) ΑΠΑΞ ΠΑΡΑΓΓΕΛΙΑΣ ΓΙΑ ΤΟΝ ΜΗΝΑ ΜΑΙΟ 2024 ΣΥΜΦΩΝΑ ΜΕ ΤΙΣ ΔΙΑΤΑΞΕΙΣ ΤΟΥ Ν. 5161/2024 αρθ.14 (ΦΕΚ 196/τ. Α΄/29-11-2024),999307110,ΚΑΛΤΕΚ ΕΜΠΟΡΙΑ ΙΑΤΡΙΚΩΝ ΕΙΔΩΝ ΠΡΟΙΟΝΤΩΝ ΚΑΙ ΜΗΧΑΝΗΜΑΤΩΝ ΜΟΝΟΠΡΟΣΩΠΗ ΑΝΩΝΥΜΗ ΕΤΑΙΡΙΑ,610628.0,,1313β01
68ΚΣ4690ΒΩ-ΔΝΛ,2025-05-30,ΠΡΟΜΗΘΕΙΑ ΟΡΘΟΠΕΔΙΚΟΥ ΥΛΙΚΟΥ ΜΕ ΣΥΜΒΑΣΗ (ΣΥΜΒ.136/2024)  ΓΙΑ ΤΟ ΜΗΝΑ ΑΠΡΙΛΙΟ 2024 ΑΠΑΞ ΠΑΡΑΓΓΕΛΙΑΣ ΣΥΜΦΩΝΑ ΜΕ ΤΙΣ ΔΙΑΤΑΞΕΙΣ ΤΟΥ Ν.5161/2024 αρθ.14  (ΦΕΚ 196/ τ.Α΄/29-11-2024,998465266,ΙΑΤΡΟΤΕΧΝΟΛΟΓΙΚΑ PS TEAM ΕΤΑΙΡΙΑ ΠΕΡΙΟΡΙΣΜΕΝΗΣ ΕΥΘΥΝΗΣ,32001.26,,1313β01
ΨΤΘ74690ΒΩ-2ΕΣ,2025-05-30,: ΠΡΟΜΗΘΕΙΑ ΟΡΘΟΠΕΔΙΚΟΥ ΥΛΙΚΟΥ ΜΕ ΣΥΜΒΑΣΗ (ΣΥΜΒ.120/2024)  ΓΙΑ ΤΟ ΜΗΝΑ ΑΠΡΙΛΙΟ 2024 ΑΠΑΞ ΠΑΡΑΓΓΕΛΙΑΣ ΣΥΜΦΩΝΑ ΜΕ ΤΙΣ ΔΙΑΤΑΞΕΙΣ ΤΟΥ Ν.5161/2024 αρθ.14  (ΦΕΚ 196/ τ.Α΄/29-11-202,998465266,ΙΑΤΡΟΤΕΧΝΟΛΟΓΙΚΑ PS TEAM ΕΤΑΙΡΙΑ ΠΕΡΙΟΡΙΣΜΕΝΗΣ ΕΥΘΥΝΗΣ,26455.85,,1313β01
Ψ5094690ΒΩ-Υ73,2025-05-30,: ΠΡΟΜΗΘΕΙΑ ΟΡΘΟΠΕΔΙΚΟΥ ΥΛΙΚΟΥ ΜΕ ΣΥΜΒΑΣΗ ΤΟΝ ΜΗΝΑ ΑΠΡΙΛΙΟ 2024 (ΣΥΜΒ.179/2024) ΑΠΑΞ ΠΑΡΑΓΓΕΛΙΑ ΣΥΜΦΩΝΑ ΜΕ ΤΙΣ ΔΙΑΤΑΞΕΙΣ ΤΟΥ Ν. 5161/2024 αρθ.14 (ΦΕΚ 196/τ. Α΄/29-11-202,998333221,ΠΡΟΗΓΜΕΝΑ ΙΑΤΡΙΚΑ ΠΡΟΙΟΝΤΑ ΚΑΙ ΥΠΗΡΕΣΙΕΣ ΜΟΝΟΠΡΟΣΩΠΗ ΕΤΑΙΡΙΑ ΠΕΡΙΟΡΙΣΜΕΝΗΣ ΕΥΘΥΝΗΣ,5112.0,,1313β01
ΨΧ4Β4690ΒΩ-24Ε,2025-05-30,ΠΡΟΜΗΘΕΙΑ ΟΡΘΟΠΕΔΙΚΟΥ ΥΛΙΚΟΥ ΜΕ ΣΥΜΒΑΣΗ (ΣΥΜΒ.215 /2024) ΓΙΑ ΤΟ ΜΗΝΑ ΑΠΡΙΛΙΟ 2024 ΑΠΑΞ ΠΑΡΑΓΓΕΛΙΑΣ ΣΥΜΦΩΝΑ ΜΕ ΤΙΣ ΔΙΑΤΑΞΕΙΣ ΤΟΥ Ν.5161/2024 αρθ.14 (ΦΕΚ 196/ τ.Α΄/29-11-2024,998465266,ΙΑΤΡΟΤΕΧΝΟΛΟΓΙΚΑ PS TEAM ΕΤΑΙΡΙΑ ΠΕΡΙΟΡΙΣΜΕΝΗΣ ΕΥΘΥΝΗΣ,16486.96,,1313β01
ΨΑΖΥ4690ΒΩ-6ΝΦ,2025-05-30,ΠΡΟΜΗΘΕΙΑ ΥΓΕΙΟΝΟΜΙΚΟΥ ΥΛΙΚΟΥ  (ΚΙΤ ΛΑΠ ΔΙΑΣΩΛΗΝΩΣΗΣ) ΜΕ ΣΥΜΒΑΣΗ ΣΥΜΒ.409/24 ΓΙΑ ΤΟΝ ΜΗΝΑ ΙΟΥΛΙΟ 2024 ΣΥΜΦΩΝΑ ΜΕ ΤΙΣ ΔΙΑΤΑΞΕΙΣ ΤΟΥ Ν. 5161/2024 αρθ.14 (ΦΕΚ 196/τ. Α΄/29-11-2024),082525697,ΑΝΑΣΤΑΣΙΟΣ ΜΑΥΡΟΓΕΝΗΣ ΙΑΤΡΟΤΕΧΝΟΛΟΓΙΚΑ ΕΙΔΗ ΑΝΩΝΥΜΗ ΕΤΑΙΡΕΙΑ,3211.6,,1311β01
ΨΦΠ04690ΒΩ-ΚΑΘ,2025-05-30,ΠΡΟΜΗΘΕΙΑ ΥΓΕΙΟΝΟΜΙΚΟΥ ΥΛΙΚΟΥ  (ΣΕΤ ΛΑΠ) ΜΕ ΣΥΜΒΑΣΗ ΣΥΜΒ.408/24 ΓΙΑ ΤΟΝ ΜΗΝΑ ΙΟΥΛΙΟ 2024 ΣΥΜΦΩΝΑ ΜΕ ΤΙΣ ΔΙΑΤΑΞΕΙΣ ΤΟΥ Ν. 5161/2024 αρθ.14 (ΦΕΚ 196/τ. Α΄/29-11-2024),094007897,ΚΟΠΕΡ ΦΑΡΜΑΚΟΒΙΟΜΗΧΑΝΙΑΑΝΩΝΥΜΗ ΕΤΑΙΡΕΙΑ,21700.0,,1311β01
96584690ΒΩ-Β91,2025-05-30,ΠΡΟΜΗΘΕΙΑ ΥΓΕΙΟΝΟΜΙΚΟΥ ΥΛΙΚΟΥ (ΣΕΤ ΛΑΠ) ΜΕ ΣΥΜΒΑΣΗ ΣΥΜΒ.488/24 ΓΙΑ ΤΟΝ ΜΗΝΑ ΑΥΓΟΥΣΤΟ 2024 ΣΥΜΦΩΝΑ ΜΕ ΤΙΣ ΔΙΑΤΑΞΕΙΣ ΤΟΥ Ν. 5161/2024 αρθ.14 (ΦΕΚ 196/τ. Α΄/29-11-2024),094007897,ΚΟΠΕΡ ΦΑΡΜΑΚΟΒΙΟΜΗΧΑΝΙΑΑΝΩΝΥΜΗ ΕΤΑΙΡΕΙΑ,21700.0,,1311β01
61Α74690ΒΩ-64Σ,2025-05-30,"ΠΑΡΑΚΛΙΝΙΚΕΣ ΕΞΕΤΑΣΕΙΣ ΤΩΝ ΑΣΘΕΝΩΝ ΤΟΥ ΝΟΣΟΚΟΜΕΙΟΥ ΓΙΑ ΤΟΥΣ ΜΗΝΕΣ ΙΑΝΟΥΑΡΙΟ ΕΩΣ ΣΕΠΤΕΜΒΡΙΟ 2024, ΣΥΜΦΩΝΑ ΜΕ ΤΙΣ ΔΙΑΤΑΞΕΙΣ ΤΟΥ Ν.5161/2024 αρθ.14 (ΦΕΚ 196/ τ.Α΄/29-11-2024)",090030420,ΕΛΛΗΝΙΚΟ ΙΝΣΤΙΤΟΥΤΟ ΠΑΣΤΕΡ,19393.85,,0439β01
6ΝΛ04690ΒΩ-ΛΜΟ,2025-05-30,": ΠΡΟΜΗΘΕΙΑ ΤΣΙΜΕΝΤΟΥ & ΣΥΡΙΓΓΩΝ ΑΝΑΔΕΥΣΗΣ, ΜΗΝΩΝ ΑΠΡΙΛΙΟΥ & ΙΟΥΛΙΟΥ 2024, ΧΩΡΙΣ ΔΕΣΜΕΥΣΗ, ΜΕ ΑΠΟΦΑΣΕΙΣ ΔΣ 15/4-4-24 Θ.23 & Θ.24, 31/11-7-24 Θ.9, ΣΥΜΦΩΝΑ ΜΕ ΤΙΣ ΔΙΑΤΑΞΕΙΣ ΤΟΥ Ν.5161/2024 αρθ.14 (ΦΕΚ 196/ τ.Α΄/29-11-2024)",998858098,HERAEUS HELLAS ΕΜΠΟΡΙΟ ΟΔΟΝΤΙΚΩΝ ΠΡΟΙΟΝΤΩΝ ΜΟΝΟΠΡΟΣΩΠΗ ΕΤΑΙΡΕΙΑ ΠΕΡΙΟΡΙΣΜΕΝΗΣ ΕΥΘΥΝΗΣ,2814.72,,1313β01
ΡΔ7Ρ4690ΒΩ-0ΘΧ,2025-05-29,"ΠΡΟΜΗΘΕΙΑ ΥΓΕΙΟΝΟΜΙΚΟΥ ΥΛΙΚΟΥ (TAINIEΣ ΣΑΚΧΑΡΟΥ  ) ΜΕ ΣΥΜΒΑΣΗ ΤΟΝ ΜΗΝΑ ΦΕΒΡΟΥΑΡΙΟ (ΣΥΜ.499/2023,ΧΕ.2780/24) ΣΥΜΦΩΝΑ ΜΕ ΤΙΣ ΔΙΑΤΑΞΕΙΣ ΤΟΥ Ν. 5161/2024 αρθ.14 (ΦΕΚ 196/τ. Α΄/29-11-2024) ΔΙΚΑΙΟΛΟΓΗΤΙΚΑ : ΠΑΡΑΣΤΑΤΙΚΑ :17956,18875,19762,20191",800896490,Α ΤΡΙΑΝΤΑΦΥΛΛΟΠΟΥΛΟΣ Ε Ε,1296.26,,1311β01
99ΖΠ4690ΒΩ-Φ63,2025-05-29,"ΠΡΟΜΗΘΕΙΑ ΥΓΕΙΟΝΟΜΙΚΟΥ ΥΛΙΚΟΥ  (ΣΕΤ  ΤΡΟΚΑΡ ) ΜΕ ΣΥΜΒΑΣΗ ΣΥΜΒ.425/24 ΓΙΑ ΤΟΝ ΜΗΝΑ ΙΟΥΛΙΟ 2024 ΣΥΜΦΩΝΑ ΜΕ ΤΙΣ ΔΙΑΤΑΞΕΙΣ ΤΟΥ Ν. 5161/2024 αρθ.14 (ΦΕΚ 196/τ. Α΄/29-11-2024) ΔΙΚΑΙΟΛΟΓΗΤΙΚΑ : ΠΑΡΑΣΤΑΤΙΚΑ :15564,15567",094007897,ΚΟΠΕΡ ΦΑΡΜΑΚΟΒΙΟΜΗΧΑΝΙΑΑΝΩΝΥΜΗ ΕΤΑΙΡΕΙΑ,3868.8,,1311β01
93ΟΑ4690ΒΩ-ΒΨΥ,2025-05-29,"ΠΡΟΜ.ΟΡΘΟΠΕΔ,ΠΡΟΣΘΕΤ.ΚΑΙ ΛΟΙΠΩΝ ΥΛΙΚΩΝ ΑΝΑΠΗΡΩΝ, ΓΙΑ ΤΟΥΣ ΜΗΝΕΣ ΑΠΡΙΛΙΟ ΕΩΣ ΑΥΓΟΥΣΤΟ 2024, ΧΩΡΙΣ ΣΥΜΒΑΣΗ, ΜΕ ΑΠΟΦΑΣΕΙΣ ΔΣ 5/8-2-24 Θ.34, 15/4-4-24 Θ.23 & Θ.24, 23/16-5-24 Θ.6, 27/13-6-24 Θ.37, ΣΥΜΦΩΝΑ ΜΕ ΤΙΣ ΔΙΑΤΑΞΕΙΣ ΤΟΥ Ν.5161/2024 αρθ.14 (ΦΕΚ 196/ τ.Α΄/29-11-2024) ΝΟΣ",999117743,ΙΑΤΡΙΚΑ ΠΕΝΥ ΕΤΑΙΡΙΑ ΠΕΡΙΟΡΙΣΜΕΝΗΣ ΕΥΘΥΝΗΣ,27670.5,,1313β01
ΨΛ624690ΒΩ-Ω1Σ,2025-05-29,"ΠΡΟΜΗΘΕΙΑ ΥΓΕΙΟΝΟΜΙΚΟΥ ΥΛΙΚΟΥ  (ΒΕΛΟΝΕΣ) ΜΕ ΣΥΜΒΑΣΗ ΣΥΜΒ.11/24 ΓΙΑ ΤΟΝ ΜΗΝΑ ΙΑΝΟΥΑΡΙΟΣ ,ΜΑΡΤΙΟΣ  2024 ΣΥΜΦΩΝΑ ΜΕ ΤΙΣ ΔΙΑΤΑΞΕΙΣ ΤΟΥ Ν. 5161/2024 αρθ.14 (ΦΕΚ 196/τ. Α΄/29-11-2024)",997672386,ΥΓΕΙΟΔΥΝΑΜΙΚΗ ΑΝΩΝΥΜΗ ΕΤΑΙΡΕΙΑ ΙΑΤΡΙΚΩΝ ΕΦΟΔΙΩΝ,4960.0,,1311β01
9Ι7Δ4690ΒΩ-ΔΣΔ,2025-05-29,ΠΡΟΜΗΘΕΙΑ ΥΓΕΙΟΝΟΜΙΚΟΥ ΥΛΙΚΟΥ  (ΒΕΛΟΝΕΣ ) ΜΕ ΣΥΜΒΑΣΗ ΣΥΜΒ.12/24 ΓΙΑ ΤΟΝ ΜΗΝΑ ΦΕΒΡΟΥΑΡΙΟ 2024ΣΥΜΦΩΝΑ ΜΕ ΤΙΣ ΔΙΑΤΑΞΕΙΣ ΤΟΥ Ν. 5161/2024 αρθ.14 (ΦΕΚ 196/τ. Α΄/29-11-2024),094503580,ΕΝΟΡΑΣΙΣ ΑΝΩΝΥΜΗ ΕΜΠ  ΙΑΤΡΙΚΩΝ ΥΛΙΚΩΝ ΚΑΙ  ΜΗΧΑΝΗΜΑΤΩΝ ΚΑΙ ΙΑΤΡΙΚΩΝ ΥΛΙΚΩΝ ΚΑΙ ΜΗΧΑΝΗΜΑΤ,4092.0,,1311β01
63ΑΟ4690ΒΩ-ΖΜΘ,2025-05-29,: ΠΡΟΜΗΘΕΙΑ ΥΓΕΙΟΝΟΜΙΚΟΥ ΥΛΙΚΟΥ (ΔΙΑΤΑΞΕΙΣ ΕΝΔΟΣΚΟΠΙΑΣ ΚΑΙ ΕΝΔΟΧΕΙΡΟΥΡΓΙΚΗΣ) ΜΕ ΣΥΜΒΑΣΗ ΤΟΝ ΜΗΝΑ ΜΑΪΟ 2023 (ΣΥΜΒ.184/2023)  ΣΥΜΦΩΝΑ ΜΕ ΤΙΣ ΔΙΑΤΑΞΕΙΣ ΤΟΥ Ν. 5102/2024 αρθ.41 (ΦΕΚ 55/τ. Α΄/13-04-2024,082525697,ΑΝΑΣΤΑΣΙΟΣ ΜΑΥΡΟΓΕΝΗΣ ΙΑΤΡΟΤΕΧΝΟΛΟΓΙΚΑ ΕΙΔΗ ΑΝΩΝΥΜΗ ΕΤΑΙΡΕΙΑ,4072.72,,1311β01
6ΜΕΝ4690ΒΩ-ΧΚΥ,2025-05-29,ΠΡΟΜΗΘΕΙΑ ΥΓΕΙΟΝΟΜΙΚΟΥ ΥΛΙΚΟΥ (ΣΕΤ ΛΑΠ) ΜΕ ΣΥΜΒΑΣΗ 219/2024 ΓΙΑ ΤΟΝ ΜΗΝΑ ΑΠΡΙΛΙΟ 2024 ΣΥΜΦΩΝΑ ΜΕ ΤΙΣ ΔΙΑΤΑΞΕΙΣ ΤΟΥ Ν. 5161/2024 αρθ.14 (ΦΕΚ 196/τ. Α΄/29-11-2024),094007897,ΚΟΠΕΡ ΦΑΡΜΑΚΟΒΙΟΜΗΧΑΝΙΑΑΝΩΝΥΜΗ ΕΤΑΙΡΕΙΑ,21700.0,,1311β01
6ΧΒΜ4690ΒΩ-317,2025-05-29,"ΠΡΟΜΗΘΕΙΑ ΕΙΔΩΝ ΙΜΑΤΙΣΜΟΥ (ΜΑΞΙΛΑΡΙΑ -ΣΤΡΩΜΑΤΑ ) ΜΕ ΣΥΜΒΑΣΗ (ΣΥΜ.4/2024) ΓΙΑ ΤΟΥΣ ΜΗΝΕΣ ΜΑΙΟ,ΙΟΥΝΙΟ,ΑΥΓΟΥΣΤΟ,ΟΚΤΩΒΡΙΟ, ΝΟΕΜΒΡΙΟ, ΔΕΚΕΜΒΡΙΟ 2024 .",093781188,Ν ΚΑΡΑΛΗΣ ΚΑΙ ΣΙΑ ΕΕ,10280.81,,1529β01
9ΒΔΣ4690ΒΩ-404,2025-05-29,ΠΡΟΜΗΘΕΙΑ ΤΡΑΠΕΖΙΚΩΝ ΕΡΓΑΣΙΩΝ ΓΙΑ ΕΞΕΡΧΟΜΕΝΕΣ ΜΕΤΑΦΟΡΕΣ ΠΙΣΤΩΣΕΩΝ ΣΕ ΤΡΑΠΕΖΕΣ ΤΟΥ ΕΞΩΤΕΡΙΚΟΥ ( ΧΕ 858/2025),094014250,EUROBANK ERGASIAS ΥΠΗΡΕΣΙΩΝ ΚΑΙ ΣΥΜΜΕΤΟΧΩΝ ΑΝΩΝΥΜΗ ΕΤΑΙΡΕΙΑ,2.4,,0431α01
ΨΥΝΜ4690ΒΩ-ΣΓ8,2025-05-29,ΚΑΘΑΡΙΟΤΗΤΑ ΧΩΡΩΝ ΓΝΒ ΣΤΟ ΠΛΑΙΣΙΟ ΑΝΤΙΜΕΤΩΠΙΣΗΣ ΚΑΙ ΠΕΡΙΟΡΙΣΜΟΥ ΔΙΑΔΟΣΗΣ COVID-19 ΑΠΟ 19/2/2025 ΕΩΣ 28/2/2025 (ΣΥΜΒ. 34/2025),998309282,IPIROTIKI FACILITY SERVICES ΑΝΩΝΥΜΟΣ ΙΔΙΩΤΙΚΗ ΕΤΑΙΡΕΙΑ ΠΑΡΟΧΗΣ ΥΠΗΡΕΣΙΩΝ ΚΑΘΑΡΙΣΜΟΥ ΕΜΠΟΡΙΚΗ ΚΑΙ ΑΝΤΙΠΡΟΣΩΠΕΙΩΝ,3519.86,,0845α01
ΨΝΥΘ4690ΒΩ-ΩΥΧ,2025-05-29,ΚΑΘΑΡΙΟΤΗΤΑ ΧΩΡΩΝ ΓΝΒ ΣΤΟ ΠΛΑΙΣΙΟ ΑΝΤΙΜΕΤΩΠΙΣΗΣ ΚΑΙ ΠΕΡΙΟΡΙΣΜΟΥ ΔΙΑΔΟΣΗΣ COVID-19 ΑΠΟ /5/2025 ΕΩΣ 18/1/2025 (ΣΥΜΒ. 413/2024 ΧΕ 211/2025),998309282,IPIROTIKI FACILITY SERVICES ΑΝΩΝΥΜΟΣ ΙΔΙΩΤΙΚΗ ΕΤΑΙΡΕΙΑ ΠΑΡΟΧΗΣ ΥΠΗΡΕΣΙΩΝ ΚΑΘΑΡΙΣΜΟΥ ΕΜΠΟΡΙΚΗ ΚΑΙ ΑΝΤΙΠΡΟΣΩΠΕΙΩΝ,5722.61,,0845α01
ΨΨ1Ι4690ΒΩ-Λ52,2025-05-29,ΚΑΘΑΡΙΟΤΗΤΑ ΧΩΡΩΝ ΠΑΛΑΙΑΣ ΚΑΙ ΝΕΑΣ ΠΤΕΡΥΓΑΣ ΤΟΥ ΓΝΒ ΜΕ ΣΥΜΒΑΣΗ ΑΠΟ 3/2/2025 ΕΩΣ 28/2/2025 (ΣΥΜΒ.33/2025),998309282,IPIROTIKI FACILITY SERVICES ΑΝΩΝΥΜΟΣ ΙΔΙΩΤΙΚΗ ΕΤΑΙΡΕΙΑ ΠΑΡΟΧΗΣ ΥΠΗΡΕΣΙΩΝ ΚΑΘΑΡΙΣΜΟΥ ΕΜΠΟΡΙΚΗ ΚΑΙ ΑΝΤΙΠΡΟΣΩΠΕΙΩΝ,55578.72,,0845α01
ΨΨΚΕ4690ΒΩ-ΥΔΔ,2025-05-29,ΚΑΘΑΡΙΟΤΗΤΑ ΧΩΡΩΝ ΠΑΛΑΙΑΣ ΚΑΙ ΝΕΑΣ ΠΤΕΡΥΓΑΣ ΤΟΥ ΓΝΒ ΜΕ ΣΥΜΒΑΣΗ ΑΠΟ 1/1/2025 ΕΩΣ 18/1/2025 (ΣΥΜΒ.648/2023 ΧΕ 960/2024),998309282,IPIROTIKI FACILITY SERVICES ΑΝΩΝΥΜΟΣ ΙΔΙΩΤΙΚΗ ΕΤΑΙΡΕΙΑ ΠΑΡΟΧΗΣ ΥΠΗΡΕΣΙΩΝ ΚΑΘΑΡΙΣΜΟΥ ΕΜΠΟΡΙΚΗ ΚΑΙ ΑΝΤΙΠΡΟΣΩΠΕΙΩΝ,36032.53,,0845α01
9ΣΥΘ4690ΒΩ-Ο2Χ,2025-05-29,ΚΑΘΑΡΙΟΤΗΤΑ ΧΩΡΩΝ ΠΑΛΑΙΑΣ ΚΑΙ ΝΕΑΣ ΠΤΕΡΥΓΑΣ ΤΟΥ ΓΝΒ ΜΕ ΣΥΜΒΑΣΗ ΑΠΟ 19/1/2025 ΕΩΣ 2/2/2025 (ΣYMB. 19/2025),998309282,IPIROTIKI FACILITY SERVICES ΑΝΩΝΥΜΟΣ ΙΔΙΩΤΙΚΗ ΕΤΑΙΡΕΙΑ ΠΑΡΟΧΗΣ ΥΠΗΡΕΣΙΩΝ ΚΑΘΑΡΙΣΜΟΥ ΕΜΠΟΡΙΚΗ ΚΑΙ ΑΝΤΙΠΡΟΣΩΠΕΙΩΝ,29927.0,,0845α01
ΨΝΗΡ4690ΒΩ-ΦΔΣ,2025-05-29,ΚΑΘΑΡΙΟΤΗΤΑ ΧΩΡΩΝ ΓΝΒ ΣΤΟ ΠΛΑΙΣΙΟ ΑΝΤΙΜΕΤΩΠΙΣΗΣ ΚΑΙ ΠΕΡΙΟΡΙΣΜΟΥ ΔΙΑΔΟΣΗΣ COVID-19 ΑΠΟ 1/2/2025 ΕΩΣ 18/2/2025 (ΣΥΜΒ. 20/2025),998309282,IPIROTIKI FACILITY SERVICES ΑΝΩΝΥΜΟΣ ΙΔΙΩΤΙΚΗ ΕΤΑΙΡΕΙΑ ΠΑΡΟΧΗΣ ΥΠΗΡΕΣΙΩΝ ΚΑΘΑΡΙΣΜΟΥ ΕΜΠΟΡΙΚΗ ΚΑΙ ΑΝΤΙΠΡΟΣΩΠΕΙΩΝ,5722.62,,0845α01
ΨΔΩΕ4690ΒΩ-ΛΒΞ,2025-05-29,ΠΡΟΜΗΘΕΙΑ ΥΓΕΙΟΝΟΜΙΚΟΥ ΥΛΙΚΟΥ (ΣΥΣΚΕΥΕΣ ΚΑΙ ΟΡΓΑΝΑ ΕΓΧΥΣΗΣ) ΜΕ ΣΥΜΒΑΣΗ ΤΟΝ ΜΗΝΑ ΜΑΡΤΙΟ 2024 (ΣΥΜΒ. 85/2024) ΑΠΑΞ ΠΑΡΑΓΓΕΛΙΑ ΣΥΜΦΩΝΑ ΜΕ ΤΙΣ ΔΙΑΤΑΞΕΙΣ ΤΟΥ Ν. 5161/2024 αρθ.14 (ΦΕΚ 196/τ. Α΄/29-11-2024,094503580,ΕΝΟΡΑΣΙΣ ΑΝΩΝΥΜΗ ΕΜΠ  ΙΑΤΡΙΚΩΝ ΥΛΙΚΩΝ ΚΑΙ  ΜΗΧΑΝΗΜΑΤΩΝ ΚΑΙ ΙΑΤΡΙΚΩΝ ΥΛΙΚΩΝ ΚΑΙ ΜΗΧΑΝΗΜΑΤ,5877.6,,1311β01
Ψ0Β34690ΒΩ-828,2025-05-29,"ΠΡΟΪΟΝΤΑ ΕΜΦΑΝΙΣΗΣ ΑΚΤΙΝΟΓΡΑΦΙΩΝ ΜΕ ΣΥΜΒΑΣΗ ΤΟΥΣ ΜΗΝΕΣ ΜΑΪΟ,ΑΥΓΟΥΣΤΟ,ΣΕΠΤΕΜΒΡΙΟ,ΟΚΤΩΒΡΙΟ,ΔΕΚΕΜΒΡΙΟ 2024 (ΣΥΜΒ.339/2023 ΧΕ 1138/2024)",998570797,CARESTREAM HEALTH HELLAS ΙΑΤΡΙΚΑ ΚΑΙ ΟΔΟΝΤΙΑΤΡΙΚΑ ΠΡΟΙΟΝΤΑ ΚΑΙ ΥΠΗΡΕΣΙΕΣ ΜΟΝΟΠΡΟΣΩΠΗ ΕΤΑΙΡΕΙΑ ΠΕΡΙΟΡΙΣΜΕΝΗΣ ΕΥΘΥΝΗΣ,16864.0,,1741β01
9ΒΚΞ4690ΒΩ-ΘΛ3,2025-05-29,"ΠΡΟΜΗΘΕΙΑ ΥΓΕΙΟΝΟΜΙΚΟΥ ΥΛΙΚΟΥ (ΒΕΛΟΝΕΣ-ΣΥΡΙΓΓΕΣ ) ΜΕ ΣΥΜΒΑΣΗ ΤΟΥΣ ΜΝΗΝΕΣ ΦΕΒΡΟΥΑΡΙΟ,ΜΑΪΟ 2024 (ΣΥΜΒ. 33/2024) ΣΥΜΦΩΝΑ ΜΕ ΤΙΣ ΔΙΑΤΑΞΕΙΣ ΤΟΥ Ν. 5161/2024 αρθ.14 (ΦΕΚ 196/τ. Α΄/29-11-2024",094356041,ΙΝΕΞ ΑΝΩΝΥΜΗ ΕΜΠΟΡΙΚΗ ΕΤΑΙΡ ΙΑΤΡΙΚΩΝ ΝΟΣΟΚΟΜΕΙΑΚ ΕΙΔΩΝ,4922.9,,1311β01
Ψ8ΣΙ4690ΒΩ-8Σ0,2025-05-29,"ΠΡΟΜΗΘΕΙΑ ΥΓΕΙΟΝΟΜΙΚΟΥ ΥΛΙΚΟΥ (ΚΑΘΕΤΗΡΕΣ) ΜΕ ΣΥΜΒΑΣΗ ΤΟΥΣ ΜΗΝΕΣ ΑΠΡΙΛΙΟ,ΜΑΪΟ 2024 (ΣΥΜΒ. 168/2024) ΣΥΜΦΩΝΑ ΜΕ ΤΙΣ ΔΙΑΤΑΞΕΙΣ ΤΟΥ Ν. 5161/2024 αρθ.14 (ΦΕΚ 196/τ. Α΄/29-11-2024",094074824,ΕΛΛΕΝΚΟ ΑΝΩΝΥΜΟΣ ΕΜΠΟΡΙΚΗ  ΕΤΑΙΡΕΙΑ ΙΑΤΡΙΚΩΝ ΕΙΔΩΝ,4269.71,,1311β01
9ΗΓ14690ΒΩ-ΟΑ7,2025-05-29,: ΠΡΟΜΗΘΕΙΑ ΥΓΕΙΟΝΟΜΙΚΟΥ ΥΛΙΚΟΥ (ΣΥΣΚΕΥΕΣ ΚΑΙ ΟΡΓΑΝΑ ΕΓΧΥΣΗΣ ) ΜΕ ΣΥΜΒΑΣΗ ΤΟΝ ΜΗΝΑ ΑΥΓΟΥΣΤΟ 2024 (ΣΥΜΒ. 483/2024) ΣΥΜΦΩΝΑ ΜΕ ΤΙΣ ΔΙΑΤΑΞΕΙΣ ΤΟΥ Ν. 5161/2024 αρθ.14 (ΦΕΚ 196/τ. Α΄/29-11-2024,094356041,ΙΝΕΞ ΑΝΩΝΥΜΗ ΕΜΠΟΡΙΚΗ ΕΤΑΙΡ ΙΑΤΡΙΚΩΝ ΝΟΣΟΚΟΜΕΙΑΚ ΕΙΔΩΝ,10143.2,,1311β01
6ΝΤΔ4690ΒΩ-Α30,2025-05-29,"ΠΡΟΜ.ΟΡΘΟΠΕΔ,ΠΡΟΣΘΕΤ.ΚΑΙ ΛΟΙΠΩΝ ΥΛΙΚΩΝ ΑΝΑΠΗΡΩΝ, ΓΙΑ ΤΟΥΣ ΜΗΝΕΣ ΑΠΡΙΛΙΟ ΕΩΣ ΑΥΓΟΥΣΤΟ 2024, ΧΩΡΙΣ ΣΥΜΒΑΣΗ, ΜΕ ΑΠΟΦΑΣΕΙΣ ΔΣ 15/4-4-24 Θ.23, 27/13-6-24 Θ.37, 30/4-7-24 Θ.22, ΣΥΜΦΩΝΑ ΜΕ ΤΙΣ ΔΙΑΤΑΞΕΙΣ ΤΟΥ Ν.5161/2024 αρθ.14 (ΦΕΚ 196/ τ.Α΄/29-11-2024) ΝΟΣ",997825438,Κ ΠΑΣΒΑΝΤΗΣ ΚΑΙ ΣΙΑ ΟΕ,11121.26,,1313β01
93104690ΒΩ-ΠΧΑ,2025-05-28,ΠΡΟΜΗΘΕΙΑ ΥΓΕΙΟΝΟΜΙΚΟΥ ΥΛΙΚΟΥ (ΑΝΑΛΩΣΙΜΑ ΥΛΙΚΑ ΧΕΙΡΟΥΡΓΕΙΟΥ 3 ) ΜΕ ΣΥΜΒΑΣΗ ΤΟΝ ΜΗΝΑ ΦΕΒΡΟΥΑΡΙΟ 2024 (ΣΥΜΒ.30/2024) ΣΥΜΦΩΝΑ ΜΕ ΤΙΣ ΔΙΑΤΑΞΕΙΣ ΤΟΥ Ν. 5161/2024 αρθ.14 (ΦΕΚ 196/τ. Α΄/29-11-2024,094007897,ΚΟΠΕΡ ΦΑΡΜΑΚΟΒΙΟΜΗΧΑΝΙΑΑΝΩΝΥΜΗ ΕΤΑΙΡΕΙΑ,1984.0,,1311β01
ΨΦΛΨ4690ΒΩ-2ΡΩ,2025-05-28,ΠΡΟΜΗΘΕΙΑ ΥΓΕΙΟΝΟΜΙΚΟΥ ΥΛΙΚΟΥ (ΑΝΑΛΩΣΙΜΑ ΥΛΙΚΑ ΧΕΙΡΟΥΡΓΕΙΟΥ 3 ) ΜΕ ΣΥΜΒΑΣΗ ΤΟΝ ΜΗΝΑ ΦΕΒΡΟΥΑΡΙΟ 2024 (ΣΥΜΒ.29/2024) ΣΥΜΦΩΝΑ ΜΕ ΤΙΣ ΔΙΑΤΑΞΕΙΣ ΤΟΥ Ν. 5161/2024 αρθ.14 (ΦΕΚ 196/τ. Α΄/29-11-2024),094446034,Y LOGIMED ΜΟΝΟΠΡΟΣΩΠΗ ΑΝΩΝΥΜΗ ΕΤΑΙΡΕΙΑ ΕΙΣΑΓΩΓΗΣ ΕΜΠΟΡΙΑΣ ΚΑΙ ΕΦΟΔΙΑΣΜΟΥ ΙΑΤΡΟΤΕΧΝΟΛΟΓΙΚΩΝ ΠΡΟΙΟΝΤΩΝ,4152.75,,1311β01
9ΣΙ44690ΒΩ-ΠΘ3,2025-05-28,"ΠΡΟΜΗΘΕΙΑ ΥΓΕΙΟΝΟΜΙΚΟΥ ΥΛΙΚΟΥ (ΜΕΣΑ ΕΡΓΑΣΤΗΡΙΑΚΗΣ ΚΑΛΛΙΕΡΓΕΙΑΣ) ΜΕ ΣΥΜΒΑΣΗ ΤΟΥΣ ΜΗΝΕΣ ΙΑΝΟΥΑΡΙΟ , ΦΕΒΡΟΥΑΡΙΟ 2024 (ΣΥΜΒ. 103/2023 ΧΕ 2345/2024) ΣΥΜΦΩΝΑ ΜΕ ΤΙΣ ΔΙΑΤΑΞΕΙΣ ΤΟΥ Ν. 5161/2024 αρθ.14 (ΦΕΚ 196/τ. Α΄/29-11-202",094503580,ΕΝΟΡΑΣΙΣ ΑΝΩΝΥΜΗ ΕΜΠ  ΙΑΤΡΙΚΩΝ ΥΛΙΚΩΝ ΚΑΙ  ΜΗΧΑΝΗΜΑΤΩΝ ΚΑΙ ΙΑΤΡΙΚΩΝ ΥΛΙΚΩΝ ΚΑΙ ΜΗΧΑΝΗΜΑΤ,2321.28,,1311β01
ΡΕΒΙ4690ΒΩ-ΛΛ3,2025-05-28,: ΠΡΟΜΗΘΕΙΑ ΥΓΕΙΟΝΟΜΙΚΟΥ ΥΛΙΚΟΥ   (ΚΑΘΕΤΗΡΕΣ) ΜΕ ΣΥΜΒΑΣΗ ΤΟΝ ΜΗΝΑ ΙΑΝΟΥΑΡΙΟ 2024 (ΣΥΜΒ. 738/2023) ΣΥΜΦΩΝΑ ΜΕ ΤΙΣ ΔΙΑΤΑΞΕΙΣ ΤΟΥ Ν. 5161/2024 αρθ.14 (ΦΕΚ 196/τ. Α΄/29-11-2024,094356041,ΙΝΕΞ ΑΝΩΝΥΜΗ ΕΜΠΟΡΙΚΗ ΕΤΑΙΡ ΙΑΤΡΙΚΩΝ ΝΟΣΟΚΟΜΕΙΑΚ ΕΙΔΩΝ,3577.47,,1311β01
6ΧΑΛ4690ΒΩ-7ΛΒ,2025-05-28,"ΠΡΟΜΗΘΕΙΑ ΕΙΔΩΝ ΚΑΘΑΡΙΟΤΗΤΑΣ ΓΙΑ ΝΟΣΟΚΟΜΕΙΟ  ΓΙΑ ΤΟΥΣ ΜΗΝΕΣ  ΜΑΙΟ 2024  ΕΩΣ ΑΥΓΟΥΣΤΟ 2024 ΜΕ ΣΥΜΒΑΣΗ (ΣΥΜΒ.506/2023, 1οΧΕ 2292/2024)",093628458,BBD ΝΙΚΟΛΑΟΣ ΛΑΙΝΙΩΤΗΣ ΑΕΒΕ ΠΑΡΑΓΩΓΗ ΕΙΣΑΓΩΓΗ ΚΑΙ ΕΜΠΟΡΙΑ ΥΓΕΙΟΝΟΜΙΚΟΥ ΥΛΙΚΟΥ ΑΝΩΝΥΜΟΣ ΕΜΠΟΡΙΚΗ ΒΙΟΜΗΧΑΝΙΚΗ ΕΤΑΙΡΕΙΑ,12757.7,,1381β01
99Ρ94690ΒΩ-ΡΓ3,2025-05-28,": ΠΡΟΜΗΘΕΙΑ ΣΕΤ ΑΝΑΠΝΕΥΣΤΙΚΟΥ ΚΥΚΛΩΜΑΤΟΣ, ΜΑΣΚΕΣ ΑΝΑΙΣΘΗΣΙΑΣ, ΜΗΝΩΝ ΜΑΪΟΥ, ΙΟΥΛΙΟΥ & ΑΥΓΟΥΣΤΟΥ 2024, ΧΩΡΙΣ ΣΥΜΒΑΣΗ, ΜΕ ΑΠΟΦΑΣΕΙΣ ΔΣ 17/19-4-24 Θ.20, 28/19-6-24 Θ.7, 33/25-7-24 Θ.3, ΣΥΜΦΩΝΑ ΜΕ ΤΙΣ ΔΙΑΤΑΞΕΙΣ ΤΟΥ Ν.5161/2024 αρθ.14  (ΦΕΚ 196/ τ.Α΄/29-11-2024",999307110,ΚΑΛΤΕΚ ΕΜΠΟΡΙΑ ΙΑΤΡΙΚΩΝ ΕΙΔΩΝ ΠΡΟΙΟΝΤΩΝ ΚΑΙ ΜΗΧΑΝΗΜΑΤΩΝ ΜΟΝΟΠΡΟΣΩΠΗ ΑΝΩΝΥΜΗ ΕΤΑΙΡΙΑ,5091.44,,1311β01
92ΑΟ4690ΒΩ-594,2025-05-28,"ΠΡΟΜ.ΟΡΘΟΠΕΔ,ΠΡΟΣΘΕΤ.ΚΑΙ ΛΟΙΠΩΝ ΥΛΙΚΩΝ ΑΝΑΠΗΡΩΝ, ΓΙΑ ΤΟΥΣ ΜΗΝΕΣ ΑΠΡΙΛΙΟ & ΜΑΪΟ 2024, ΧΩΡΙΣ ΣΥΜΒΑΣΗ, ΜΕ ΑΠΟΦΑΣΕΙΣ ΔΣ 5/8-2-24 Θ.34, 15/4-4-24 Θ.23 & Θ.24, 23/16-5-24 Θ.6, ΣΥΜΦΩΝΑ ΜΕ ΤΙΣ ΔΙΑΤΑΞΕΙΣ ΤΟΥ Ν.5161/2024 αρθ.14  (ΦΕΚ 196/ τ.Α΄/29-11-2024)",998333221,ΠΡΟΗΓΜΕΝΑ ΙΑΤΡΙΚΑ ΠΡΟΙΟΝΤΑ ΚΑΙ ΥΠΗΡΕΣΙΕΣ ΜΟΝΟΠΡΟΣΩΠΗ ΕΤΑΙΡΙΑ ΠΕΡΙΟΡΙΣΜΕΝΗΣ ΕΥΘΥΝΗΣ,34333.7,,1313β01
9Ν284690ΒΩ-Θ12,2025-05-28,"ΠΡΟΜ.ΟΡΘΟΠΕΔ,ΠΡΟΣΘΕΤ.ΚΑΙ ΛΟΙΠΩΝ ΥΛΙΚΩΝ ΑΝΑΠΗΡΩΝ, ΓΙΑ ΤΟΥΣ ΜΗΝΕΣ ΑΠΡΙΛΙΟ ΕΩΣ ΑΥΓΟΥΣΤΟ 2024, ΧΩΡΙΣ ΣΥΜΒΑΣΗ, ΜΕ ΑΠΟΦΑΣΕΙΣ Δ.Σ. 15/4-4-24 Θ.23 & Θ.24, 23/16-5-24 Θ.6, 27/13-6-24 Θ.37 & 30/4-7-24 Θ.22, ΣΥΜΦΩΝΑ ΜΕ ΤΙΣ ΔΙΑΤΑΞΕΙΣ ΤΟΥ Ν.5161/2024 αρθ.14  (ΦΕΚ 196/ τ.Α΄/29-11-2024)  ΝΟΣ",099805952,BIOGENESYS IKE,10866.08,,1313β01
ΡΨΗΛ4690ΒΩ-2ΟΞ,2025-05-28,ΠΡΟΜΗΘΕΙΑ ΥΓΕΙΟΝΟΜΙΚΟΥ ΥΛΙΚΟΥ  (ΣΥΣΚΕΥΕΣ ΚΑΙ ΟΡΓΑΝΑ ΕΓΧΥΣΗΣ ) ΜΕ  ΣΥΜΒΑΣΗ ΤΟΝ ΜΗΝΑ ΑΠΡΙΛΙΟ 2024 (ΣΥΜΒ. 176/2024) ΑΠΑΞ ΠΑΡΑΓΓΕΛΙΑ ΣΥΜΦΩΝΑ ΜΕ ΤΙΣ ΔΙΑΤΑΞΕΙΣ ΤΟΥ Ν. 5161/2024 αρθ.14 (ΦΕΚ 196/τ. Α΄/29-11-2024,094503580,ΕΝΟΡΑΣΙΣ ΑΝΩΝΥΜΗ ΕΜΠ  ΙΑΤΡΙΚΩΝ ΥΛΙΚΩΝ ΚΑΙ  ΜΗΧΑΝΗΜΑΤΩΝ ΚΑΙ ΙΑΤΡΙΚΩΝ ΥΛΙΚΩΝ ΚΑΙ ΜΗΧΑΝΗΜΑΤ,11755.2,,1313β01
9ΨΒ44690ΒΩ-Ζ65,2025-05-28,: ΣΥΝ/ΣΗ ΚΑΙ ΕΠΙΣΚΕΥΗ  ΜΗΧΑΝΗΜΑΤΩΝ ΑΠΟΣΤΕΙΡΩΣΗΣ  ΑΠΟΛΥΜΑΝΣΗΣ ΜΕ ΣΥΜΒΑΣΗ ΑΠΟ  24/2/2024 ΕΩΣ 23/8/2024 (ΣΥΜΒ. 183/2022 ΧΕ 577/2023),095526068,HOSPITECNICA ΝΟΣΟΚΟΜΕΙΑΚΟΣ ΕΞΟΠΛΙΣΜΟΣ ΕΓΚΑΤΑΤΑΣΕΙΣ ΣΥΝΤΗΡΗΣΕΙΣ ΕΠΕ,15717.0,,0887β01
96ΑΞ4690ΒΩ-ΜΒ6,2025-05-28,: ΠΡΟΜΗΘΕΙΑ ΥΓΕΙΟΝΟΜΙΚΟΥ ΥΛΙΚΟΥ  (ΕΡΓΑΛΕΙΑ ΧΕΙΡΟΥΡΓΕΙΟΥ )ME ΣΥΜΒΑΣΗ ΤΟΝ ΜΗΝΑ ΙΟΥΝΙΟ 2024 (ΣΥΜΒ.394/2024)ΑΠΑΞ ΠΑΡΑΓΓΕΛΙΑ ΣΥΜΦΩΝΑ ΜΕ ΤΙΣ ΔΙΑΤΑΞΕΙΣ ΤΟΥ Ν. 5161/2024 αρθ.14 (ΦΕΚ 196/τ. Α΄/29-11-2024,095367968,MEDICARE HELLAS ΑΝΩΝΥΜΗ ΕΤΑΙΡΕΙΑ ΕΜΠΟΡΙΑΣ ΝΟΣΟΚΟΜΕΙΑΚΩΝ ΕΙΔΩΝ,4743.0,,1311β01
95ΠΘ4690ΒΩ-ΩΙ8,2025-05-28,ΠΡΟΜΗΘΕΙΑ ΛΟΙΠΟΥ ΧΗΜΙΚΟΥ ΥΛΙΚΟΥ (ΚΑΛΛΙΕΡΓΕΙΕΣ ΜΙΚΡΟΒΙΟΛΟΓΙΑΣ) ΜΕ ΣΥΜΒΑΣΗ ΤΟΝ ΜΗΝΑ ΑΥΓΟΥΣΤΟ 2024 (ΣΥΜΒ.489/2024) ΣΥΜΦΩΝΑ ΜΕ ΤΙΣ ΔΙΑΤΑΞΕΙΣ ΤΟΥ Ν. 5161/2024 αρθ.14 (ΦΕΚ 196/τ. Α΄/29-11-2024,094047060,ΒΑΡΕΛΑΣ ΑΝΩΝΥΜΗ ΕΤΑΙΡΕΙΑ ΧΗΜΙΚΑ ΚΑΙ ΔΙΑΓΝΩΣΤΙΚΑ,6422.97,,1359β01
9ΠΗ64690ΒΩ-0ΝΦ,2025-05-28,: ΠΡΟΜΗΘΕΙΑ ΥΓΕΙΟΝΟΜΙΚΟΥ ΥΛΙΚΟΥ (ΣΥΣΚΕΥΕΣ ΚΑΙ ΟΡΓΑΝΑ ΕΓΧΥΣΗΣ ) ΜΕ ΣΥΜΒΑΣΗ ΤΟΝ ΜΗΝΑ ΑΥΓΟΥΣΤΟ 2024 (ΣΥΜΒ. 483/2024) ΣΥΜΦΩΝΑ ΜΕ ΤΙΣ ΔΙΑΤΑΞΕΙΣ ΤΟΥ Ν. 5161/2024 αρθ.14 (ΦΕΚ 196/τ. Α΄/29-11-2024,094356041,ΙΝΕΞ ΑΝΩΝΥΜΗ ΕΜΠΟΡΙΚΗ ΕΤΑΙΡ ΙΑΤΡΙΚΩΝ ΝΟΣΟΚΟΜΕΙΑΚ ΕΙΔΩΝ,10143.2,,1311β01
6ΗΝΙ4690ΒΩ-Α58,2025-05-28,ΠΡΟΜΗΘΕΙΑ ΥΓΕΙΟΝΟΜΙΚΟΥ ΥΛΙΚΟΥ (ΣΥΣΚΕΥΕΣ ΚΑΙ ΟΡΓΑΝΑ ΕΓΧΥΣΗΣ ) ΜΕ ΣΥΜΒΑΣΗ ΤΟΝ ΜΗΝΑΑΥΓΟΥΣΤΟ 2024 (ΣΥΜΒ. 4882/2024) ΑΠΑΞ ΠΑΡΑΓΓΕΛΙΑ ΣΥΜΦΩΝΑ ΜΕ ΤΙΣ ΔΙΑΤΑΞΕΙΣ ΤΟΥ Ν. 5161/2024 αρθ.14 (ΦΕΚ 196/τ. Α΄/29-11-2024,094503580,ΕΝΟΡΑΣΙΣ ΑΝΩΝΥΜΗ ΕΜΠ  ΙΑΤΡΙΚΩΝ ΥΛΙΚΩΝ ΚΑΙ  ΜΗΧΑΝΗΜΑΤΩΝ ΚΑΙ ΙΑΤΡΙΚΩΝ ΥΛΙΚΩΝ ΚΑΙ ΜΗΧΑΝΗΜΑΤ,14850.0,,1311β01
9ΧΦ94690ΒΩ-ΛΩ9,2025-05-28,ΠΡΟΜΗΘΕΙΑ ΥΓΕΙΟΝΟΜΙΚΟΥ ΥΛΙΚΟΥ  (ΥΓΕΙΟΝΟΜΙΚΟ ΥΛΙΚΟ 2 ) ΜΕ ΣΥΜΒΑΣΗ ΤΟΝ ΜΗΝΑ ΙΟΥΛΙΟ 2024 (ΣΥΜΒ.391/2024) ΣΥΜΦΩΝΑ ΜΕ ΤΙΣ ΔΙΑΤΑΞΕΙΣ ΤΟΥ Ν. 5161/2024 αρθ.14 (ΦΕΚ 196/τ. Α΄/29-11-2024,094503580,ΕΝΟΡΑΣΙΣ ΑΝΩΝΥΜΗ ΕΜΠ  ΙΑΤΡΙΚΩΝ ΥΛΙΚΩΝ ΚΑΙ  ΜΗΧΑΝΗΜΑΤΩΝ ΚΑΙ ΙΑΤΡΙΚΩΝ ΥΛΙΚΩΝ ΚΑΙ ΜΗΧΑΝΗΜΑΤ,4362.07,,1311β01
958Ι4690ΒΩ-ΕΧΨ,2025-05-28,: ΠΡΟΜΗΘΕΙΑ ΥΓΕΙΟΝΟΜΙΚΟΥ ΥΛΙΚΟΥ  (ΕΡΓΑΛΕΙΑ ΧΕΙΡΟΥΡΓΕΙΟΥ )ME ΣΥΜΒΑΣΗ ΤΟΝ ΜΗΝΑ ΙΟΥΝΙΟ 2024 (ΣΥΜΒ.396/2024)ΣΥΜΦΩΝΑ ΜΕ ΤΙΣ ΔΙΑΤΑΞΕΙΣ ΤΟΥ Ν. 5161/2024 αρθ.14 (ΦΕΚ 196/τ. Α΄/29-11-2024,082525697,ΑΝΑΣΤΑΣΙΟΣ ΜΑΥΡΟΓΕΝΗΣ ΙΑΤΡΟΤΕΧΝΟΛΟΓΙΚΑ ΕΙΔΗ ΑΝΩΝΥΜΗ ΕΤΑΙΡΕΙΑ,7187.04,,1311β01
ΨΓΑΩ4690ΒΩ-Χ9Δ,2025-05-28,ΠΡΟΜΗΘΕΙΑ ΥΓΕΙΟΝΟΜΙΚΟΥ ΥΛΙΚΟΥ  (ΕΡΓΑΛΕΙΑ ΧΕΙΡΟΥΡΓΕΙΟΥ )ME ΣΥΜΒΑΣΗ ΤΟΝ ΜΗΝΑ ΙΟΥΝΙΟ 2024 (ΣΥΜΒ.395/2024) ΣΥΜΦΩΝΑ ΜΕ ΤΙΣ ΔΙΑΤΑΞΕΙΣ ΤΟΥ Ν. 5161/2024 αρθ.14 (ΦΕΚ 196/τ. Α΄/29-11-2024,997802230,MILIMED  ΑΝΩΝΥΜΗ ΕΤΑΙΡΕΙΑ ΑΝΤΙΠΡΟΣΩΠΕΥΣΗΣ ΙΑΤΡΙΚΩΝ ΜΗΧΑΝΗΜΑΤΩΝ ΚΑΙ ΣΥΝΑΦΩΝ ΕΙΔΩΝ ΤΕΧΝΙΚΗ ΚΑΤΑΣΚΕΥΑΣΤΙΚΗ ΔΙΑΦΗΜΙΣΤΙΚΗ,6534.89,,1311β01
6Η804690ΒΩ-ΓΦΗ,2025-05-28,ΠΡΟΜΗΘΕΙΑ ΛΟΙΠΟΥ ΧΗΜΙΚΟΥ ΥΛΙΚΟΥ (ΚΑΛΛΙΕΡΓΕΙΕΣ ΜΙΚΡΟΒΙΟΛΟΓΙΑΣ) ΜΕ ΣΥΜΒΑΣΗ ΤΟΝ ΜΗΝΑ ΑΥΓΟΥΣΤΟ 2024 (ΣΥΜΒ.490/2024)ΣΥΜΦΩΝΑ ΜΕ ΤΙΣ ΔΙΑΤΑΞΕΙΣ ΤΟΥ Ν. 5161/2024 αρθ.14 (ΦΕΚ 196/τ. Α΄/29-11-2024,094322455,MENARINI ΔΙΑΓΝΩΣΤΙΚΑ ΙΑΤΡΙΚΑ ΟΡΓΑΝΑ ΑΕΒΕ,10000.0,,1359β01
6ΚΝΖ4690ΒΩ-ΜΝΩ,2025-05-28,"ΠΡΟΜ.ΟΡΘΟΠΕΔ,ΠΡΟΣΘΕΤ.ΚΑΙ ΛΟΙΠΩΝ ΥΛΙΚΩΝ ΑΝΑΠΗΡΩΝ, ΓΙΑ ΤΟΥΣ ΜΗΝΕΣ ΑΠΡΙΛΙΟ & ΑΥΓΟΥΣΤΟ 2024, ΧΩΡΙΣ ΣΥΜΒΑΣΗ, ΜΕ ΑΠΟΦΑΣΕΙΣ ΔΣ 15/4-4-24 Θ.23, 30/4-7-24 Θ.22, ΣΥΜΦΩΝΑ ΜΕ ΤΙΣ ΔΙΑΤΑΞΕΙΣ ΤΟΥ Ν.5161/2024 αρθ.14  (ΦΕΚ 196/ τ.Α΄/29-11-2024) ΝΟΣ",998465266,ΙΑΤΡΟΤΕΧΝΟΛΟΓΙΚΑ PS TEAM ΕΤΑΙΡΙΑ ΠΕΡΙΟΡΙΣΜΕΝΗΣ ΕΥΘΥΝΗΣ,5494.32,,1313β01
99ΔΕ4690ΒΩ-0ΛΧ,2025-05-28,"ΠΡΟΜΗΘΕΙΑ ΤΡΑΠΕΖΙΚΩΝ ΕΡΓΑΣΙΩΝ ΓΙΑ ΕΞΕΡΧΟΜΕΝΕΣ ΜΕΤΑΦΟΡΕΣ ΠΙΣΤΩΣΕΩΝ ΣΕ ΤΡΑΠΕΖΕΣ ΤΟΥ ΕΞΩΤΕΡΙΚΟΥ (Χ.Ε. 782, MEDIPLAT)",094014250,EUROBANK ERGASIAS ΥΠΗΡΕΣΙΩΝ ΚΑΙ ΣΥΜΜΕΤΟΧΩΝ ΑΝΩΝΥΜΗ ΕΤΑΙΡΕΙΑ,2.4,,0431α01
600Ι4690ΒΩ-ΣΓΚ,2025-05-28,"ΠΡΟΜ.ΟΡΘΟΠΕΔ,ΠΡΟΣΘΕΤ.ΚΑΙ ΛΟΙΠΩΝ ΥΛΙΚΩΝ ΑΝΑΠΗΡΩΝ, ΓΙΑ ΤΟΥΣ ΜΗΝΕΣ ΦΕΒΡΟΥΑΡΙΟ ΕΩΣ ΙΟΥΝΙΟ 2024 , ΩΡΙΣ ΣΥΜΒΑΣΗ, ΜΕ ΑΠΟΦΑΣΕΙΣ ΔΣ 15/4-4-24 Θ.23, 23/16-5-24 Θ.6, 27/13-6-24 Θ.37 & 30/4-7-24 Θ.22, ΣΥΜΦΩΝΑ ΜΕ ΤΙΣ ΔΙΑΤΑΞΕΙΣ ΤΟΥ Ν.5161/2024 αρθ.14 (ΦΕΚ 196/ τ.Α΄/29-11-2024) ΝΟΣ",800500360,ΜΕΝΤΙΠΛΑΤ ΕΜΠΟΡΙΑ ΙΑΤΡΙΚΩΝ ΕΙΔΩΝ ΕΤΑΙΡΕΙΑ ΠΕΡΙΟΡΙΣΜΕΝΗΣ ΕΥΘΥΝΗΣ,10557.19,,1313β01
6ΔΗΞ4690ΒΩ-9Ε7,2025-05-28,"ΠΡΟΜΗΘΕΙΑ ΚΑΛΩΔΙΟΥ ΠΡΟΕΚΤΑΣΗΣ ΠΟΛΛΑΠΛΩΝ ΧΡΗΣΕΩΝ, ΣΕΤ ΑΝΑΠΝΕΥΣΤΙΚΟΥ ΚΥΚΛΩΜΑΤΟΣ, ΜΗΝΩΝ ΑΠΡΙΛΙΟΥ & ΣΕΠΤΕΜΒΡΙΟΥ 2024, ΧΩΡΙΣ ΣΥΜΒΑΣΗ, ΜΕ ΑΠΟΦΑΣΗ ΔΣ 17/19-4-24 Θ.26, 39/5-9-24 Θ.5 ΣΥΜΦΩΝΑ ΜΕ ΤΙΣ ΔΙΑΤΑΞΕΙΣ ΤΟΥ Ν.5161/2024 αρθ.14 (ΦΕΚ 196/ τ.Α΄/29-11-2024)",999307110,ΚΑΛΤΕΚ ΕΜΠΟΡΙΑ ΙΑΤΡΙΚΩΝ ΕΙΔΩΝ ΠΡΟΙΟΝΤΩΝ ΚΑΙ ΜΗΧΑΝΗΜΑΤΩΝ ΜΟΝΟΠΡΟΣΩΠΗ ΑΝΩΝΥΜΗ ΕΤΑΙΡΙΑ,1616.71,,1439β01
Ψ4ΜΦ4690ΒΩ-1ΨΡ,2025-05-28,"ΠΡΟΜΗΘΕΙΑ ΦΑΡΜΑΚΕΥΤΙΚΟΥ ΥΛΙΚΟΥ ΝΟΣΟΚΟΜΕΙΟΥ ΓΙΑ ΤΟΥΣ ΜΗΝΕΣ ΑΠΡΙΛΙΟ ΕΩΣ ΑΥΓΟΥΣΤΟ 2024, ΣΥΜΦΩΝΑ ΜΕ ΤΙΣ ΔΙΑΤΑΞΕΙΣ ΤΟΥ Ν.5161/2024 αρθ.14 (ΦΕΚ 196/ τ.Α΄/29-11-2024)",090064864,ΙΝΣΤΙΤΟΥΤΟ ΦΑΡΜΑΚΕΥΤΙΚΗΣ ΕΡΕΥΝΑΣ ΚΑΙ ΤΕΧΝΟΛΟΓΙΑΣ ΜΟΝΟΠΡΟΣΩΠΗ ΑΝΩΝΥΜΗ ΕΤΑΙΡΕΙΑ,105434.33,,1312β01
ΨΗ344690ΒΩ-Γ7Θ,2025-05-28,ΚΑΤΑΒΟΛΗ ΤΕΛΟΥΣ ΑΚΙΝΗΤΗΣ ΠΕΡΙΟΥΣΙΑΣ ΑΚΙΝΗΤΟΥ (ΑΘ.ΔΙΑΚΟΥ 71) ΙΔΙΟΚΤΗΣΙΑΣ ΓΝΒ ΕΤΟΥΣ 2025,997898793,ΔΗΜΟΣ ΒΟΛΟΥ,14.85,,0889α01
Ψ7ΖΦ4690ΒΩ-Ν69,2025-05-28,ΤΑΚΤΙΚΕΣ ΑΠΟΔΟΧΕΣ ΓΙΑ ΤΟΝ ΜΗΝΑ ΜΑΡΤΙΟ 2025 ΜΕ ΚΑΘΕΣΤΩΣ ΕΚΔΟΣΗΣ ΔΕΛΤΙΟΥ ΑΠΟΔΕΙΞΗΣ ΠΑΡΟΧΗΣ ΥΠΗΡΕΣΙΩΝ ΓΙΑ ΧΡΟΝΙΚΟ ΔΙΑΣΤΗΜΑ ΔΩΔΕΚΑ ΜΗΝΩΝ ΜΕ ΕΝΑΡΞΗ 18-10-2014 ΚΑΙ ΛΗΞΗ 17-10-2025,061977768,"ΜΑΡΑΒΕΓΙΑΣ,,ΚΩΝΣΤΑΝΤΙΝΟΣ,ΑΡΙΣΤΟΤΕΛΗΣ",732.67,,0413α01
6ΥΞΙ4690ΒΩ-ΕΩΟ,2025-05-28,ΥΠΗΡΕΣΙΕΣ ΣΥΝΤΑΞΗΣ ΟΙΚΟΝΟΜΙΚΩΝ ΑΠΟΛΟΓΙΣΜΩΝ ΑΠΟ 1/9/2024 ΕΩΣ 31/12/2024 2024 (ΣΥΜΒ. 672/2023 ΧΕ 2027/2024),998427667,ΚΟΥΤΣΟΡΕΒΥΘΗΣ Ε ΚΑΙ ΣΙΑ ΟΕ,6066.64,,0419β01
6Η5Ο4690ΒΩ-ΥΨ6,2025-05-28,ΦΥΛΑΞΗ ΧΩΡΩΝ ΠΑΛΑΙΑΣ ΚΑΙ ΝΕΑΣ ΠΤΕΡΥΓΑΣ ΓΝΒ ΜΕ ΣΥΜΒΑΣΗ ΑΠΟ 13/8/2024 ΕΩΣ 12/9/2024 (ΣΥΜΒ.69/2023 ΧΕ 2362/2023),099796300,SWEDISH ΣΟΥΙΝΤΙΣ SYSTEMS ΣΥΣΤΕΜΣ SECURITY ΣΕΚΙΟΥΡΙΤΙ  ΙΔΙΩΤΙΚΗ ΕΠΙΧΕΙΡΗΣΗ ΠΑΡΟΧΗΣ ΥΠΗΡΕΣΙΩΝ ΑΣΦΑΛΕΙΑΣ ΜΟΝΟΠΡΟΣΩΠΗ ΕΠΕ,16881.77,,0892β01
63ΒΔ4690ΒΩ-ΑΞΧ,2025-05-28,"ΠΡΟΜ.ΟΡΘΟΠΕΔ,ΠΡΟΣΘΕΤ.ΚΑΙ ΛΟΙΠΩΝ ΥΛΙΚΩΝ ΑΝΑΠΗΡΩΝ, ΓΙΑ ΤΟΥΣ ΜΗΝΕΣ ΑΠΡΙΛΙΟ ΕΩΣ ΣΕΠΤΕΜΒΡΙΟ 2024, ΧΩΡΙΣ ΣΥΜΒΑΣΗ, ΜΕ ΑΠΟΦΑΣΕΙΣ ΔΣ 15/4-4-24 Θ.23 & Θ.24, 16/10-4-24 Θ.8, 23/16-5-24 Θ.6, 27/13-6-24 Θ.37, 30/4-7-24 Θ.22, 33/25-7-24 Θ.2, 40/12-9-24 Θ.26, 42/19-9-24 Θ.10, ΣΥΜΦΩΝΑ ΜΕ ΤΙΣ ΔΙΑΤΑΞΕΙΣ ΤΟΥ Ν.5161/2024 αρθ.14 (ΦΕΚ 196/ τ.Α΄/29-11-2024) ΝΟΣ",999307110,ΚΑΛΤΕΚ ΕΜΠΟΡΙΑ ΙΑΤΡΙΚΩΝ ΕΙΔΩΝ ΠΡΟΙΟΝΤΩΝ ΚΑΙ ΜΗΧΑΝΗΜΑΤΩΝ ΜΟΝΟΠΡΟΣΩΠΗ ΑΝΩΝΥΜΗ ΕΤΑΙΡΙΑ,16691.88,,1313β01
ΨΗ0Υ4690ΒΩ-ΩΒΛ,2025-05-28,ΑΠΟΔΟΧΕΣ MAΡΤΙΟΥ 2025 ΜΕ ΕΚΔΟΣΗ Α.Π.Υ. ΓΙΑ ΤΗΝ ΚΑΛΥΨΗ ΕΠΙΤΑΚΤΙΚΩΝ ΑΝΑΓΚΩΝ ΠΡΩΙΝΟΥ ΤΑΚΤΙΚΟΥ ΩΡΑΡΙΟΥ ΓΙΑ ΔΩΔΕΚΑ ΜΗΝΕΣ  (17/2/2025 ΕΩΣ 17/2/2025 ΕΩΣ 16/2/2026) ΣΤΟ ΤΜΗΜΑ ΧΗΜΕΙΟΘΕΡΑΠΕΙΑΣ,156785626,"ΑΡΒΑΝΙΤΗ,,ΚΩΝΣΤΑΝΤΙΝΑ,ΓΕΩΡΓΙΟΣ",202.8,,0413α01
9Π6Ξ4690ΒΩ-Ν7Σ,2025-05-27,"ΠΡΟΜΗΘΕΙΑ ΦΑΡΜΑΚΕΥΤΙΚΟΥ ΥΛΙΚΟΥ ΝΟΣΟΚΟΜΕΙΟΥ ΓΙΑ ΤΟΥΣ ΜΗΝΕΣ IOYNIO ΕΩΣ ΣΕΠΤΕΜΒΡΙΟ 2023, ΣΥΜΦΩΝΑ ΜΕ ΤΙΣ ΔΙΑΤΑΞΕΙΣ ΤΟΥ Ν.5161/2024 αρθ.14 (ΦΕΚ 196/ τ.Α΄/29-11-2024)",094031965,ΒΙΑΝΕΞ ΑΕ ΑΝΩΝΥΜΟΣ ΕΜΠΟΡΟΒΙΟΜΗΧΑΝΙΚΗ ΤΟΥΡΙΣΤΙΚΗ ΞΕΝΟΔΟΧΕΙΑΚΗ ΚΑΙ ΝΑΥΤΙΛΙΑΚΗ ΑΝΩΝΥΜΟΣ ΕΤΑΙΡΕΙΑ,104404.74,,1312β01
92ΨΗ4690ΒΩ-Β9Η,2025-05-27,"ΠΡΟΜΗΘΕΙΑ ΦΑΡΜΑΚΕΥΤΙΚΟΥ ΥΛΙΚΟΥ ΝΟΣΟΚΟΜΕΙΟΥ ΓΙΑ ΤΟΥΣ ΜΗΝΕΣ ΣΕΠΤΕΜΒΡΙΟ ΕΩΣ ΝΟΕΜΒΡΙΟ 2023, ΣΥΜΦΩΝΑ ΜΕ ΤΙΣ ΔΙΑΤΑΞΕΙΣ ΤΟΥ Ν.5161/2024 αρθ.14 (ΦΕΚ 196/ τ.Α΄/29-11-2024)",094076485,SANOFI AVENTIS ΜΟΝΟΠΡΟΣΩΠΗ ΑΝΩΝΥΜΗ ΕΜΠΟΡΙΚΗ ΚΑΙ ΒΙΟΜΗΧΑΝΙΚΗ ΕΤΑΙΡΙΑ ΦΑΡΜΑΚΕΥΤΙΚΩΝ ΠΡΟΙΟΝΤΩΝ,103322.42,,1312β01
ΨΒ614690ΒΩ-8Η7,2025-05-27,: ΠΡΟΜΗΘΕΙΑ ΦΑΡΜΑΚΕΥΤΙΚΟΥ ΥΛΙΚΟΥ ΝΟΣΟΚΟΜΕΙΟΥ ΓΙΑ ΤΟΥΣ ΜΗΝΕΣ ΙΑΝΟΥΑΡΙΟ ΕΩΣ ΜΑΪΟ 2024 ΣΥΜΦΩΝΑ ΜΕ ΤΙΣ ΔΙΑΤΑΞΕΙΣ ΤΟΥ Ν.5161/2024 αρθ.14 (ΦΕΚ 196/ τ.Α΄/29-11-2024),094035927,ΒΙΟΣΕΡ ΑΕ ΒΙΟΜΗΧΑΝΙΑ ΠΑΡΕΝΤΕΡΙΚΩΝ ΔΙΑΛΥΜΑΤΩΝ,95004.25,,1312β01
Ψ3Χ14690ΒΩ-ΑΕ3,2025-05-27,"ΠΡΟΜ.ΟΡΘΟΠΕΔ,ΠΡΟΣΘΕΤ.ΚΑΙ ΛΟΙΠΩΝ ΥΛΙΚΩΝ ΑΝΑΠΗΡΩΝ, ΓΙΑ ΤΟΥΣ ΜΗΝΕΣ ΑΠΡΙΛΙΟ ΕΩΣ ΣΕΠΤΕΜΒΡΙΟ 2025, ΧΩΡΙΣ ΣΥΜΒΑΣΗ, ΜΕ ΑΠΟΦΑΣΕΙΣ ΔΣ 15/4-4-24 Θ.23 & Θ.24, 27/13-6-24 Θ.37, 33/25-7-24 Θ.2, 40/12-9-24 Θ26, ΣΥΜΦΩΝΑ ΜΕ ΤΙΣ ΔΙΑΤΑΞΕΙΣ ΤΟΥ Ν.5161/2024 αρθ.14 (ΦΕΚ 196/ τ.Α΄/29-11-2024) ΝΟΣ",095548153,Α ΚΑΙ Ε ΜΠΕΚΥΡΑΣ ΑΝΩΝΥΜΗ ΕΤΑΙΡΕΙΑ ΙΑΤΡΙΚΩΝ ΦΑΡΜΑΚΕΥΤΙΚΩΝ ΚΑΙ ΚΑΛΛΥΝΤΙΚΩΝ ΠΡΟΙΟΝΤΩΝ,16030.17,,1313β01
6ΦΧΡ4690ΒΩ-ΛΥΕ,2025-05-27,": ΠΡΟΜΗΘΕΙΑ ΦΑΡΜΑΚΕΥΤΙΚΟΥ ΥΛΙΚΟΥ ΝΟΣΟΚΟΜΕΙΟΥ ΓΙΑ ΤΟΥΣ ΜΗΝΕΣ ΜΑΪΟ & ΙΟΥΝΙΟ 2023, ΣΥΜΦΩΝΑ ΜΕ ΤΙΣ ΔΙΑΤΑΞΕΙΣ ΤΟΥ Ν.5161/2024 αρθ.14 (ΦΕΚ 196/ τ.Α΄/29-11-2024)",094043896,MERCK SHARP ΚΑΙ  DOHME ΦΑΡΜΑΚΕΥΤΙΚΗ ΕΜΠΟΡΙΚΗ ΜΟΝΟΠΡΟΣΩΠΗ ΑΝΩΝΥΜΗ ΕΤΑΙΡΙΑ,210428.88,,1312β01
ΨΕ4Β4690ΒΩ-Τ6Ο,2025-05-27,"ΠΡΟΜΗΘΕΙΑ ΦΑΡΜΑΚΕΥΤΙΚΟΥ ΥΛΙΚΟΥ ΝΟΣΟΚΟΜΕΙΟΥ ΓΙΑ ΤΟΥΣ ΜΗΝΕΣ ΜΑΪΟ ΕΩΣ ΙΟΥΛΙΟ 2023, ΣΥΜΦΩΝΑ ΜΕ ΤΙΣ ΔΙΑΤΑΞΕΙΣ ΤΟΥ Ν.5161/2024 αρθ.14 (ΦΕΚ 196/ τ.Α΄/29-11-2024)",094041553,DEMO ΑΝΩΝΥΜΟΣ ΒΙΟΜΗΧΑΝΙΚΗ ΚΑΙ ΕΜΠΟΡΙΚΗ ΕΤΑΙΡΕΙΑ ΦΑΡΜΑΚΩΝ,102467.73,,1312β01
93ΟΙ4690ΒΩ-8ΔΘ,2025-05-06,ΥΔΡΕΥΣΗ ΚΑΙ ΑΡΔΕΥΣΗ ΑΡΙΑΔΝΗ ΜΕ ΠΑΡΟΧΗ 19/2487 ΑΠΟ (01/04/2025-30/04/2025),090071204,ΔΗΜΟΤΙΚΗ ΕΠΙΧΕΙΡΗΣΗ ΥΔΡΕΥΣΗΣ ΑΠΟΧΕΤΕΥΣΗΣ ΒΟΛΟΥ,259.51,,0841α05
Ψ7184690ΒΩ-ΒΓ7,2025-05-22,"ΠΡΟΜΗΘΕΙΑ ΕΜΦΑΝΙΣΗΣ ΑΚΤΙΝΟΓΡΑΦΙΩΝ ΜΕ ΣΥΜΒΑΣΗ ΤΟΥΣ ΜΗΝΕΣ  ΝΟΕΜΒΡΙΟ,ΔΕΚΕΜΒΡΙΟ  2024  (ΣΥΜΒ. 338/2023 ΤΡΟΠΟΠΟΙΗΣΗ ΛΟΓΩ ΠΟΣΟΤΗΤΩΝ )",094025805,ΑΓΚΦΑ  ΓΚΕΒΕΡΤ  ΜΟΝΟΠΡΟΣΩΠΗ  ΑΝΩΝΥΜΟΣ   ΕΜΠΟΡΙΚΗ ΚΑΙ  ΒΙΟΜΗΧΑΝΙΚΗ  ΕΤΑΙΡΕΙΑ,8583.9,,1741β01
9ΓΖΝ4690ΒΩ-6ΙΔ,2025-05-22,ΕΦΗΜΕΡΙΕΣ ΜΑΡΤΙΟΥ 2025  ΜΕ ΕΚΔΟΣΗ Α.Π.Υ. ΓΙΑ ΤΗΝ ΚΑΛΥΨΗ ΕΠΙΤΑΚΤΙΚΩΝ ΑΝΑΓΚΩΝ  ΠΡΩΙΝΟΥ ΤΑΚΤΙΚΟΥ ΩΡΑΡΙΟΥ ΓΙΑ ΔΩΔΕΚΑ ΜΗΝΕΣ  (17/2/2025  ΕΩΣ 16/2/2026) ΣΤΟ ΤΜΗΜΑ ΧΗΜΕΙΟΘΕΡΑΠΕΙΑΣ,156785626,"ΑΡΒΑΝΙΤΗ,,ΚΩΝΣΤΑΝΤΙΝΑ,ΓΕΩΡΓΙΟΣ",196.31,,0413α01
ΨΡΕΠ4690ΒΩ-ΕΙΦ,2025-05-22,ΑΜΟΙΒΗ ΙΔΙΩΤΗ ΙΑΤΡΟΥ ΓΙΑ ΕΦΗΜΕΡΙΕΣ ΣΤΟ ΧΕΙΡΟΥΡΓΙΚΟ ΤΜΗΜΑ ΤΟΝ ΜΗΝΑ ΜΑΡΤΙΟ 2025 ΜΕ ΚΑΘΕΣΤΩΣ ΕΚΔΟΣΗΣ ΔΕΛΤΙΟΥ ΑΠΟΔΕΙΞΗΣ ΠΑΡΟΧΗΣ ΥΠΗΡΕΣΙΩΝ ΓΙΑ ΔΥΟ ΜΗΝΕΣ ΣΥΜΦΩΝΑ ΜΕ ΤΗΝ ΑΡΙΘΜ. 67750/7-8-2024 ΑΠΟΦΑΣΗ ΔΙΟΙΚΗΤΗ 5ης Υ.ΠΕ,113589615,"ΖΙΑΜΑΣ,,ΔΗΜΗΤΡΙΟΣ,ΧΡΗΣΤΟΣ",1250.0,,0413α01
ΨΚ814690ΒΩ-ΚΔΝ,2025-05-22,ΣΥΝ/ΣΗ ΚΑΙ ΕΠΙΣΚΕΥΗ ΜΗΧΑΝΗΜΑΤΩΝ (ΟLYMPUS) ΜΕ ΣΥΜΒΑΣΗ ΑΠΟ 5/6/2024 ΕΩΣ 6/10/2024 (ΣΥΜΒ. 179/2022 ΧΕ 2008/2023),094442268,ΠΡΩΤΟΝ Α Ε ΑΝΤΙΠΡ ΙΑΤΡΙΚΩΝ ΕΠΙΣΤΗΜΟΝΙΚΩΝ ΕΙΔΩΝ  ΜΗΧΑΝΗΜ ΚΑΙ ΣΥΣΤΗΜΑΤΩΝ ΑΣΦΑΛΕΙΑΣ ΙΔΙΩΤ ΕΠΙΧ ΠΑΡΟΧ ΥΠΗΡΕΣΙΩΝ ΑΣΦΑΛΕΙΑΣ,6333.3,,0887β01
6ΑΟΣ4690ΒΩ-427,2025-05-22,ΣΥΝΤΗΡΗΣΗ - ΕΠΙΣΚΕΥΗ ΥΠΕΡΗΧΩΝ ΜΕ ΣΥΜΒΑΣΗ ΑΠΟ 15/10/2023 ΕΩΣ 14/10/2024 (ΣΥΜΒ. 173/2022 ΧΕ 2001/2023),095029193,ΠΑΠΑΠΟΣΤΟΛΟΥ Ν ΑΝΩΝΥΜΗ ΕΤΑΙΡΕΙΑ  ΕΤΑΙΡΕΙΑ ΕΜΠΟΡΙΑΣ ΚΑΙ ΑΝΤΙΠΡΟΣΩΠΕΙΩΝ ΙΑΤΡΙΚΩΝ ΕΡΓΑΛΕΙΩΝ ΚΑΙ ΜΗΧΑΝΗΜΑΤΩΝ,25395.99,,0887β01
ΨΞΣ74690ΒΩ-ΥΜΜ,2025-05-22,ΣΥΝ/ΣΗ ΚΑΙ ΕΠΙΣΚΕΥΗ ΑΝΑΙΣΘΗΣΙΟΛΟΓΙΚΟΥ ΜΗΧΑΝΗΜΑΤΟΣ ΜΕ ΣΥΜΒΑΣΗ ΑΠΟ 15/10/2023 ΕΩΣ 14/10/2024 (ΣΥΜΒ. 176/2022 ΧΕ 2005/2023),011651035,"ΤΖΑΝΙΔΑΚΗΣ,,ΕΜΜΑΝΟΥΗΛ,ΤΗΛΕΜΑΧΟΣ",19893.32,,0887β01
ΨΝΡ84690ΒΩ-ΠΛΛ,2025-05-22,ΣΥΝ/ΣΗ ΚΑΙ ΕΠΙΣΚΕΥΗ ΜΗΧΑΝΗΜΑΤΩΝ (ΨΗΦΙΟΠΟΙΗΤΗΣ) ΜΕ ΣΥΜΒΑΣΗ ΑΠΟ 15/2024 ΕΩΣ 14/11/2024 (ΣΥΜΒ. 174/2022 ΧΕ 2003/2023),094025805,ΑΓΚΦΑ  ΓΚΕΒΕΡΤ  ΜΟΝΟΠΡΟΣΩΠΗ  ΑΝΩΝΥΜΟΣ   ΕΜΠΟΡΙΚΗ ΚΑΙ  ΒΙΟΜΗΧΑΝΙΚΗ  ΕΤΑΙΡΕΙΑ,9581.9,,0887β01
6Ι8Π4690ΒΩ-ΔΕΤ,2025-05-22,ΣΥΝΤΗΡΗΣΗ ΚΑΙ ΕΠΙΣΚΕΥΗ ΜΗΧΑΝΗΜΑΤΩΝ (ΜΤΝ) ΜΕ ΣΥΜΒΑΣΗ ΑΠΟ 15/8/2024 ΕΩΣ 14/10/2024 (ΣΥΜΒ. 175/2022 ΧΕ 2004/2023),998283526,MEDIPRIME ΙΑΤΡΟΦΑΡΜΑΚΕΥΤΙΚΩΝ ΕΙΔΩΝ ΑΝΩΝΥΜΗ ΕΜΠΟΡΙΚΗ ΕΤΑΙΡΕΙΑ,14214.12,,0887β01
ΨΙΨΒ4690ΒΩ-46Ζ,2025-05-22,": ΠΡΟΜΗΘΕΙΑ ΛΟΙΠΟΥ ΧΗΜΙΚΟΥ ΥΛΙΚΟΥ (ΑΝΤΙΔΡΑΣΤΗΡΙΩΝ ΑΙΜΑΤΟΛΟΓΙΚΩΝ ΤΕΣΤ ME ΣΥΝΟΔΟ ΕΞΟΠΛΙΣΜΟ) ΜΕ ΣΥΜΒΑΣΗ ΤΟΥΣ ΜΗΝΕΣ ΜΑΪΟ , ΙΟΥΝΙΟ 2024 (ΣΥΜΒ. 245/2023 ΧΕ 1289/2024)",094456875,SIEMENS HEALTHINEERS ΕΛΛΑΣ ΜΟΝΟΠΡΟΣΩΠΗ ΑΝΩΝΥΜΗ ΕΤΑΙΡΕΙΑ,18432.74,,1359β01
ΨΙΨ74690ΒΩ-5ΧΕ,2025-05-22,"ΠΡΟΜΗΘΕΙΑ ΕΜΦΑΝΙΣΗΣ ΑΚΤΙΝΟΓΡΑΦΙΩΝ ΜΕ ΣΥΜΒΑΣΗ ΤΟΥΣ ΜΗΝΕΣ ΜΑϊΟ,ΙΟΥΛΙΟ,ΣΕΠΤΕΜΒΡΙΟ,ΟΚΤΩΒΡΙΟ 2024 (ΣΥΜΒ. 338/2023 ΧΕ 1140/2024)",094025805,ΑΓΚΦΑ  ΓΚΕΒΕΡΤ  ΜΟΝΟΠΡΟΣΩΠΗ  ΑΝΩΝΥΜΟΣ   ΕΜΠΟΡΙΚΗ ΚΑΙ  ΒΙΟΜΗΧΑΝΙΚΗ  ΕΤΑΙΡΕΙΑ,36270.0,,
6Δ8Φ4690ΒΩ-Ζ6Β,2025-05-22,ΣΥΝΤΗΡΗΣΗ ΚΑΙ ΕΠΙΣΚΕΥΗ ΜΗΧΑΝΗΜΑΤΩΝ (ΜΤΝ) ΜΕ ΣΥΜΒΑΣΗ ΑΠΟ 15/4/2024 ΕΩΣ 14/8/2024 (ΣΥΜΒ. 175/2022 ΧΕ 2004/2023),998283526,MEDIPRIME ΙΑΤΡΟΦΑΡΜΑΚΕΥΤΙΚΩΝ ΕΙΔΩΝ ΑΝΩΝΥΜΗ ΕΜΠΟΡΙΚΗ ΕΤΑΙΡΕΙΑ,26605.44,,0887β01
9Κ1Ν4690ΒΩ-8Δ3,2025-05-21,ΣΥΝ/ΣΗ ΚΑΙ ΕΠΙΣΚΕΥΗ ΛΟΙΠΩΝ ΜΗΧΑΝΗΜΑΤΩΝ (ΧΕΙΡΟΥΡΓΙΚΩΝ ΤΡΑΠΕΖΙΩΝ) ΜΕ ΣΥΜΒΑΣΗ ΑΠΟ16/5/2024 ΕΩΣ 15/10/2024 (ΣΥΜΒ. 178/2022 ΧΕ 2007/2023),999961120,MEDIC PLAN HEALTH PROJECT ΑΝΩΝΥΜΗ ΕΤΑΙΡΙΑ,18724.0,,0887β01
6ΗΧ14690ΒΩ-Δ9Ε,2025-05-21,"ΠΡΟΜ.ΟΡΘΟΠΕΔ,ΠΡΟΣΘΕΤ.ΚΑΙ ΛΟΙΠΩΝ ΥΛΙΚΩΝ ΑΝΑΠΗΡΩΝΓΙΑ ΤΟΥΣ ΜΗΝΕΣ ΑΠΡΙΛΙΟ ΕΩΣ ΣΕΠΤΕΜΒΡΙΟ 2024, ΧΩΡΙΣ ΣΥΜΒΑΣΗ, ΜΕ ΑΠΟΦΑΣΕΙΣ ΔΣ 5/8-2-24-Θ.33 & Θ34, 15/4-4-24 Θ.23 & Θ.24, 23/16-5-24 Θ.6, 27/13-6-24 Θ.37, 40/12-9-24 Θ.26, 42/19-9-24 Θ.10, 30/4-7-24 Θ.22, ΣΥΜΦΩΝΑ ΜΕ ΤΙΣ ΔΙΑΤΑΞΕΙΣ ΤΟΥ Ν.5161/2024 αρθ.14 (ΦΕΚ 196/ τ.Α΄/29-11-2024) ΝΟΣ",800925613,HEALTH ΤΕΑΜ ΙΑΤΡΙΚΑ ΙΔΙΩΤΙΚΗ ΚΕΦΑΛΑΙΟΥΧΙΚΗ ΕΤΑΙΡΕΙΑ,16654.6,,1313β01
9Ρ714690ΒΩ-Ν0Α,2025-05-21,ΣΥΝ/ΣΗ ΚΑΙ ΕΠΙΣΚΕΥΗ ΜΗΧΑΝΗΜAΤΩΝ ME ΣΥΜΒΑΣΗ ΑΠΟ 16/12/2023 ΕΩΣ 15/10/2024 (ΣΥΜΒ. 177/2022 ΧΕ 2006/2023),997799268,DRAEGER HELLAS ΜΟΝΟΠΡΟΣΩΠΗ ΑΝΩΝΥΜΗ ΕΤΑΡΕΙΑ ΙΑΤΡΟΤΕΧΝΙΚΩΝ ΠΡΟΙΟΝΤΩΝ ΚΑΙ ΠΡΟΙΟΝΤΩΝ ΤΕΧΝΙΚΗΣ ΑΣΦΑΛΕΙΑΣ,16461.0,,0887β01
97ΖΖ4690ΒΩ-ΛΨΣ,2025-05-21,ΣΥΝΤΗΡΗΣΗ - ΕΠΙΣΚΕΥΗ ΑΞΟΝΙΚΟΥ ΑΚΤΙΝΟΛΟΓΙΚΩΝ ΜΗΧΑΝΗΜΑΤΩΝ ΜΕ ΣΥΜΒΑΣΗ ΑΠΟ 15/10/2022 ΕΩΣ 14/11/2024 (ΣΥΜΒ. 172/2022 ΧΕ 2001/2023),998860010,ICON DYNAMICS ΙΑΤΡΙΚΑ ΜΗΧΑΝΗΜΑΤΑ ΙΔΙΩΤΙΚΗ ΚΕΦΑΛΑΙΟΥΧΙΚΗ ΕΤΑΙΡΕΙΑ,49680.0,,0887β01
6ΓΙΩ4690ΒΩ-ΓΕ9,2025-05-21,ΣΥΝΤΗΡΗΣΗ - ΕΠΙΣΚΕΥΗ ΥΠΕΡΗΧΩΝ ΜΕ ΣΥΜΒΑΣΗ ΑΠΟ 15/10/2023 ΕΩΣ 14/4/2024 (ΣΥΜΒ. 171/2022 ΧΕ 2001/2023,094014759,ΦΙΛΙΠΣ ΕΛΛΑΣ ΜΟΝΟΠΡΟΣΩΠΗ  ΑΝΩΝΥΜΟΣ ΕΜΠΟΡΙΚΗ ΚΑΙ ΒΙΟΜΗΧΑΝΙΚΗ ΕΤΑΙΡΕΙΑ ΗΛΕΚΤΡΟΤΕΧΝΙΚΩΝ ΠΡΟΙΟΝΤΩΝ ΚΑΙ ΙΑΤΡΙΚΩΝ ΣΥΣΤΗΜΑΤΩΝ,64821.0,,0887β01
6Ξ114690ΒΩ-ΑΟΣ,2025-05-20,ΜΕΤΑΦΟΡΑ ΒΙΟΛΟΓΙΚΟΥ ΥΛΙΚΟΥ ΜΕ ΣΥΜΒΑΣΗ ΑΠΟ  2/9/2024 ΕΩΣ  24/12/2024 (ΣΥΜΒ.771/2023   ΧΕ 3230/2024),999506681,ΜΠΑΙΟΤΡΑΝΣ ΑΝΩΝΥΜΗ ΕΤΑΙΡΕΙΑ ΠΑΡΟΧΗΣ ΕΞΕΙΔΙΚΕΥΜΕΝΩΝ ΥΠΗΡΕΣΙΩΝ ΥΓΕΙΑΣ ΕΡΕΥΝΑΣ ΚΑΙ ΜΕΤΑΦΟΡΑΣ,21233.26,,0829β01
Ψ5ΠΣ4690ΒΩ-ΦΟΗ,2025-05-20,: ΠΡΟΜΗΘΕΙΑ ΟΡΘΟΠΕΔΙΚΟΥ ΥΛΙΚΟΥ ΜΕ ΣΥΜΒΑΣΗ ΤΟΝ ΜΗΝΑ ΑΠΡΙΛΙΟ 2024 (ΣΥΜΒ.178/2024) ΑΠΑΞ ΠΑΡΑΓΓΕΛΙΑ ΣΥΜΦΩΝΑ ΜΕ ΤΙΣ ΔΙΑΤΑΞΕΙΣ ΤΟΥ Ν. 5161/2024 αρθ.14 (ΦΕΚ 196/τ. Α΄/29-11-2024,095548153,Α ΚΑΙ Ε ΜΠΕΚΥΡΑΣ ΑΝΩΝΥΜΗ ΕΤΑΙΡΕΙΑ ΙΑΤΡΙΚΩΝ ΦΑΡΜΑΚΕΥΤΙΚΩΝ ΚΑΙ ΚΑΛΛΥΝΤΙΚΩΝ ΠΡΟΙΟΝΤΩΝ,5926.85,,1313β01
ΨΝ6Ρ4690ΒΩ-ΥΜ1,2025-05-20,"ΠΡΟΜΗΘΕΙΑ ΥΓΕΙΟΝΟΜΙΚΟΥ ΥΛΙΚΟΥ (ΚΑΘΕΤΗΡΕΣ) ΜΕ ΣΥΜΒΑΣΗ ΤΟΥΣ ΜΗΝΕΣ ΙΟΥΛΙΟ ,ΣΕΠΤΕΜΒΡΙΟ 2024 (ΣΥΜΒ.423/2024) ΣΥΜΦΩΝΑ ΜΕ ΤΙΣ ΔΙΑΤΑΞΕΙΣ ΤΟΥ Ν. 5161/2024 αρθ.14 (ΦΕΚ 196/τ. Α΄/29-11-2024",094356041,ΙΝΕΞ ΑΝΩΝΥΜΗ ΕΜΠΟΡΙΚΗ ΕΤΑΙΡ ΙΑΤΡΙΚΩΝ ΝΟΣΟΚΟΜΕΙΑΚ ΕΙΔΩΝ,6282.8,,1311β01
60ΥΗ4690ΒΩ-4ΦΞ,2025-05-20,"ΠΡΟΜΗΘΕΙΑ ΥΓΕΙΟΝΟΜΙΚΟΥ ΥΛΙΚΟΥ  (ΚΑΘΕΤΗΡΕΣ) ΜΕ ΣΥΜΒΑΣΗ ΤΟΥΣ ΜΗΝΕΣ ΙΟΥΛΙΟ,ΑΥΓΟΥΣΤΟ 2024 (ΣΥΜΒ.424/2024) ΣΥΜΦΩΝΑ ΜΕ ΤΙΣ ΔΙΑΤΑΞΕΙΣ ΤΟΥ Ν. 5161/2024 αρθ.14 (ΦΕΚ 196/τ. Α΄/29-11-2024",094133588,ΓΕΝΙΚΗ ΧΗΜΙΚΩΝ ΠΡΟΙΟΝΤΩΝ ΑΕ,3051.0,,1311β01
ΨΗΘ74690ΒΩ-ΡΥΜ,2025-05-20,"ΠΡΟΜΗΘΕΙΑ ΥΓΕΙΟΝΟΜΙΚΟΥ ΥΛΙΚΟΥ  (ΚΑΘΕΤΗΡΕΣ) ΜΕ ΣΥΜΒΑΣΗ ΤΟΥΣ ΜΗΝΕΣ ΙΟΥΛΙΟ,ΑΥΓΟΥΣΤΟ 2024 (ΣΥΜΒ.422/2024) ΣΥΜΦΩΝΑ ΜΕ ΤΙΣ ΔΙΑΤΑΞΕΙΣ ΤΟΥ Ν. 5161/2024 αρθ.14 (ΦΕΚ 196/τ. Α΄/29-11-2024",800324752,ΧΡΙΣΤΟΔΟΥΛΟΣ ΑΝΑΓΝΩΣΤΟΥ ΚΑΙ ΣΙΑ ΕΕ,3842.0,,1311β01
9ΞΑΟ4690ΒΩ-Τ6Λ,2025-05-20,: ΑΜΟΙΒΗ ΓΙΑ ΥΠΗΡΕΣΙΕΣ ΔΙΑΧΕΙΡΙΣΤΙΚΟΥ ΕΛΕΓΧΟΥ (ΕΛΕΓΧΟΣ ΟΡΚΩΤΩΝ ΛΟΓΙΣΤΩΝ ) ΜΕ ΣΥΜΒΑΣΗ ΤΟΝ ΜΗΝΑ  ΔΕΚΕΜΒΡΙΟ 2024 (ΣΥΜΒ. 723/2023),800390012,ATC ΟΡΚΩΤΟΙ ΕΛΕΓΚΤΕΣ ΛΟΓΙΣΤΕΣ ΕΤΑΙΡΕΙΑ ΠΕΡΙΟΡΙΣΜΕΝΗΣ ΕΥΘΥΝΗΣ,3633.2,,0439β01
Ψ40Α4690ΒΩ-ΛΣΚ,2025-05-20,ΥΠΗΡΕΣΙΕΣ ΣΥΜΒΟΥΛΩΝ ΓΙΑ ΤΗΝ ΕΝΑΡΜΟΝΙΣΗ ΤΟΥ ΓΝΒ ΜΕ ΤΟ ΝΕΟ ΚΑΝΟΝΙΣΜΟ ΠΡΟΣΤΑΣΙΑΣ ΔΕΔΟΜΕΝΩΝ ΑΠΟ 13/7/2024 ΕΩΣ 13/12/2024 (ΣΥΜΒ. 379/2024),095570589,ΠΡΟΩΘΗΜΕΝΑ ΣΥΣΤΗΜΑΤΑ ΕΞΥΠΗΡΕΤΗΣΗΣ ΑΝΩΝΥΜΗ ΕΤΑΙΡΕΙΑ,2040.83,,0439β01
ΡΘ854690ΒΩ-ΘΦ3,2025-05-19,ΥΠΗΡΕΣΙΕΣ ΕΠΙΣΚΕΥΗΣ  ΚΑΙ ΣΥΝΤΗΡΗΣΗΣ  ΨΥΓΕΙΩΝ - ΚΑΤΑΨΥΚΤΩΝ  ΤΗΣ ΑΙΜΟΔΟΔΙΑΣ ΜΕ ΣΥΜΒΑΣΗ ΑΠΟ 4/7/2023 ΕΩΣ 3/7/2025 (ΣΥΜΒ. 292/2023),999723663,ΝΕΑ ΕΠΙΜΕΝΤ ΕΤΑΡΙΑ ΕΙΣΑΓΩΓΗΣ ΚΑΙ ΔΙΑΝΟΜΗΣ ΙΑΤΡΙΚΟΥ ΝΟΣΟΚΟΜΕΙΑΚΟΥ ΥΛΙΚΟΥ ΜΟΝΟΠΡΟΣΩΠΗ ΕΤΑΡΙΑ ΠΕΡΙΟΡΙΣΜΕΝΗΣ ΕΥΘΥΝΗΣ,6373.6,,0879β01
9Β1Χ4690ΒΩ-0ΙΒ,2025-05-19,"ΠΡΟΜΗΘΕΙΑ ΤΡΑΠΕΖΙΚΩΝ ΕΡΓΑΣΙΩΝ ΓΙΑ ΕΞΕΡΧΟΜΕΝΕΣ ΜΕΤΑΦΟΡΕΣ ΠΙΣΤΩΣΕΩΝ ΣΕ ΤΡΑΠΕΖΕΣ ΤΟΥ ΕΞΩΤΕΡΙΚΟΥ  (ΧΕ 703,704/2025 )",094014250,EUROBANK ERGASIAS ΥΠΗΡΕΣΙΩΝ ΚΑΙ ΣΥΜΜΕΤΟΧΩΝ ΑΝΩΝΥΜΗ ΕΤΑΙΡΕΙΑ,4.0,,0431α01
ΨΥΞ84690ΒΩ-ΓΞΝ,2025-05-19,ΝΕΥΡΟΧΕΙΡΟΥΡΓΙΚΑ ΥΛΙΚΑ ΜΕ ΣΥΜΒΑΣΗ ΤΟΝ ΜΗΝΑ ΑΠΡΙΛΙΟ 2024 (ΣΥΜΒ.91/2024) ΑΠΑΞ ΠΑΡΑΓΓΕΛΙΑ ΣΥΜΦΩΝΑ ΜΕ ΤΙΣ ΔΙΑΤΑΞΕΙΣ ΤΟΥ Ν. 5161/2024 αρθ.14 (ΦΕΚ 196/τ. Α΄/29-11-2024,999658897,Δ ΚΟΡΤΕΣΗΣ ΚΑΙ ΣΙΑ ΕΕ,3384.53,,1313β01
9ΓΩΓ4690ΒΩ-4ΔΟ,2025-05-19,": ΑΜΟΙΒΗ ΙΑΤΡΟΥ ΕΡΓΑΣΙΑΣ ΜΕ ΣΥΜΒΑΣΗ ΓΙΑ 7,14,21,21/2/2025 (24 ΩΡΕΣ Χ 35,00) , 7,14,21,28/3/2025 (24 ΩΡΕΣ Χ35,00 ) , (ΣΥΜΒ. 472/2024  ΧΕ 3228/2024)",143463998,"ΔΡΙΒΑ,,ΧΡΙΣΤΙΝΑ,ΓΕΩΡΓΙΟΣ",1680.0,,0419α01
ΡΒΗΑ4690ΒΩ-ΜΒΑ,2025-05-19,"ΠΡΟΜΗΘΕΙΑ ΛΟΙΠΟΥ ΧΗΜΙΚΟΥ ΥΛΙΚΟΥ (ΑΝΤΙΔΡΑΣΤΗΡΙΩΝ ΑΙΜΑΤΟΛΟΓΙΚΩΝ ΤΕΣΤ ME ΣΥΝΟΔΟ ΕΞΟΠΛΙΣΜΟ) ΜΕ ΣΥΜΒΑΣΗ ΤΟΥΣ ΜΗΝΕΣ ΦΕΒΡΟΥΑΡΙΟ,ΜΑΪΟ,ΙΟΥΛΙΟ,ΣΕΠΤΕΜΒΡΙΟ 2024  (ΣΥΜΒ. 247/2023 ΧΕ  1289/2024) ΔΙΚΑΙΟΛΟΓΗΤΙΚΑ : ΠΑΡΑΣΤΑΤΙΚΑ :68147,69052,69586,70041",094322455,MENARINI ΔΙΑΓΝΩΣΤΙΚΑ ΙΑΤΡΙΚΑ ΟΡΓΑΝΑ ΑΕΒΕ,1157.52,,1359β01
9ΠΛ74690ΒΩ-ΜΥΨ,2025-05-19,"ΠΡΟΜΗΘΕΙΑ ΧΗΜΙΚΟΥ ΥΛΙΚΟΥ  ΜΕ ΣΥΜΒΑΣΗ ΤΟΥΣ ΜΗΝΕΣ ΑΠΡΙΛΙΟ,ΜΑϊο,ΙΟΥΝΙΟ,ΙΟΥΛΙΟ,ΑΥΓΟΥΣΤΟ,ΟΚΤΩΒΡΙΟ,ΝΟΕΜΒΡΙΟ 2024 (ΣΥΜΒ.58/2024)",094027257,ABBOTT LABORATORIES ΕΛΛΑΣ ABEE,232250.0,,1359β01
ΨΞΑΗ4690ΒΩ-ΖΧΩ,2025-05-19,"ΠΡΟΜΗΘΕΙΑ ΕΙΔΩΝ ΣΥΝΤΗΡΗΣΗΣ  ΛΟΙΠΩΝ ΜΟΝΙΜΩΝ ΕΓΚΑΤΑΣΤΑΣΕΩΝ ΜΕ ΣΥΜΒΑΣΗ ΤΟΥΣ ΜΗΝΕΣ ΙΟΥΝΙΟ,ΑΥΓΟΥΣΤΟ,ΣΕΠΤΕΜΒΡΙΟ,ΟΚΤΩΒΡΙΟ 2024 (ΣΥΜΒ.6/2024 ΧΕ 1701/2024)",126031400,"ΜΠΛΕΤΣΑΣ,,ΓΕΩΡΓΙΟΣ,ΔΗΜΗΤΡΙΟΣ",3730.91,,1429β01
6Τ7Φ4690ΒΩ-Υ92,2025-05-19,"ΠΡΟΜΗΘΕΙΑ ΧΗΜΙΚΟΥ ΥΛΙΚΟΥ (ΑΝΤΙΔΡΑΣΤΗΡΙΑ ΚΛΙΝΙΚΗΣ ΚΥΤΤΑΡΟΛΟΓΙΑΣ) ΜΕ ΣΥΜΒΑΣΗ ΤΟΥΣ ΜΗΝΕΣ ΙΟΥΝΙΟ,ΑΥΓΟΥΣΤΟ 2024 (ΣΥΜΒ. 616/2022  ΧΕ 2718/2024)",094503580,ΕΝΟΡΑΣΙΣ ΑΝΩΝΥΜΗ ΕΜΠ  ΙΑΤΡΙΚΩΝ ΥΛΙΚΩΝ ΚΑΙ  ΜΗΧΑΝΗΜΑΤΩΝ ΚΑΙ ΙΑΤΡΙΚΩΝ ΥΛΙΚΩΝ ΚΑΙ ΜΗΧΑΝΗΜΑΤ,3280.7,,1359β01
ΨΒΧ14690ΒΩ-ΟΑΥ,2025-05-19,ΠΡΟΜΗΘΕΙΑ ΟΡΘΟΠΕΔΙΚΟΥ ΥΛΙΚΟΥ ΜΕ ΣΥΜΒΑΣΗ ΤΟΝ ΜΗΝΑ ΑΠΡΙΛΙΟ 2024 (ΣΥΜΒ.212/2024) ΑΠΑΞ ΠΑΡΑΓΓΕΛΙΑ ΣΥΜΦΩΝΑ ΜΕ ΤΙΣ ΔΙΑΤΑΞΕΙΣ ΤΟΥ Ν. 5161/2024 αρθ.14 (ΦΕΚ 196/τ. Α΄/29-11-2024,095548153,Α ΚΑΙ Ε ΜΠΕΚΥΡΑΣ ΑΝΩΝΥΜΗ ΕΤΑΙΡΕΙΑ ΙΑΤΡΙΚΩΝ ΦΑΡΜΑΚΕΥΤΙΚΩΝ ΚΑΙ ΚΑΛΛΥΝΤΙΚΩΝ ΠΡΟΙΟΝΤΩΝ,3386.61,,1313β01
9ΖΔΒ4690ΒΩ-ΖΡ0,2025-05-19,ΠΡΟΜΗΘΕΙΑ ΥΓΕΙΟΝΟΜΙΚΟΥ ΥΛΙΚΟΥ (ΜΕΣΑ ΕΡΓΑΣΤΗΡΙΑΚΗΣ ΚΑΛΛΙΕΡΓΕΙΑΣ ) ΜΕ ΣΥΜΒΑΣΗ ΤΟΝ ΜΗΝΑ ΑΠΡΙΛΙΟ 2024(ΣΥΜΒ.169/2024) ΑΠΑΞ ΠΑΡΑΓΓΕΛΙΑ ΣΥΜΦΩΝΑ ΜΕ ΤΙΣ ΔΙΑΤΑΞΕΙΣ ΤΟΥ Ν. 5161/2024 αρθ.14 (ΦΕΚ 196/τ. Α΄/29-11-2024,800344879,Χ ΜΠΑΡΜΠΑΣ ΚΑΙ ΣΙΑ ΕΕ,4416.88,,1311β01
ΡΩΓΟ4690ΒΩ-80Β,2025-05-19,: ΕΠΙΤΡΑΠΕΖΙΑ ΦΥΓΟΚΕΝΤΡΟΣ ΜΕ ΣΥΜΒΑΣΗ ΤΟΝ ΜΗΝΑ ΦΕΒΡΟΥΑΡΙΟ 2024 (ΣΥΜΒ. 1/2024,800344879,Χ ΜΠΑΡΜΠΑΣ ΚΑΙ ΣΙΑ ΕΕ,10726.0,,9749β01
ΨΜ4Κ4690ΒΩ-512,2025-05-19,": ΑΝΑΛΩΣΙΜΑ ΥΛΙΚΑ ΤΡΟΦΟΔΟΣΙΑΣ ΜΕ ΣΥΜΒΑΣΗ ΤΟΥΣ ΜΗΝΕΣ ΟΚΤΩΒΡΙΟ,ΝΟΕΜΒΡΙΟ 2024 (ΣΥΜΒ.499/2024) ΣΥΜΦΩΝΑ ΜΕ ΤΙΣ ΔΙΑΤΑΞΕΙΣ ΤΟΥ Ν. 5161/2024 αρθ.14 (ΦΕΚ 196/τ. Α΄/29-11-2024",997998085,ΜΑΥΡΟΥΔΗΣ ΤΡΟΦΟΔΟΣΙΕΣ ΔΙΑΝΟΜΕΣ ΜΟΝΑΔΩΝ ΑΝΑΨΥΧΗΣ ΚΑΙ  ΥΓΕΙΑΣ ΚΑΙ  ΑΜΥΝΑΣ ΚΑΙ  ΔΟΜΩΝ ΦΙΛΟΞΕΝΙΑΣ ΑΝΩΝΥΜΗ ΕΤΑΙΡΙΑ,4736.8,,1129β01
Ψ8Χ14690ΒΩ-ΣΑΣ,2025-05-19,"ΚΑΤΑΒΟΛΗ ΠΟΣΟΥ ΣΕ ΕΚΤΕΛΕΣΗ ΤΗΣ ΥΠ ΑΡΙΘ. 843/2021 ΑΠΟΦΑΣΗ ΤΟΥ ΜΟΜΟΜΕΛΟΥΣ ΠΡΩΤΟΔΙΚΕΙΟΥ ΒΟΛΟΥ (ΔΙΑΔΙΚΑΣΙΑ ΑΣΦΑΛΙΣΤΙΚΑ ΜΕΤΡΑ ) 91 Η ΔΟΣΗ ΔΙΑΚΑΝΟΝΙΣΜΟΥ ΟΦΕΙΛΩΝ ΝΟΣΟΚΟΜΕΙΟΥ, ΣΥΜΦΩΝΑ ΜΕ ΤΑ ΙΔΙΩΤΙΚΑ ΣΥΜΦΩΝΗΤΙΚΑ ΡΥΘΜΙΣΗΣ ΟΦΕΙΛΩΝ ΜΕ ΑΡΙΘ.20454,20463,20458 ΤΗΣ 23/11/17 ΤΗ ΓΝΩΜΑΤΕΥΣΗ ΜΕ ΑΡΙΘ.6305/20-03-2019 ΤΗΣ ΔΙΚΗΓΟΡΟΥ ΚΑΙ ΤΟ ΠΡΑΚΤΙΚΟ ΔΣ 13/04-04-2019 ΘΕΜΑ 7.",090071204,ΔΗΜΟΤΙΚΗ ΕΠΙΧΕΙΡΗΣΗ ΥΔΡΕΥΣΗΣ ΑΠΟΧΕΤΕΥΣΗΣ ΒΟΛΟΥ,4504.0,,0841α01
ΨΗΞ24690ΒΩ-0ΚΕ,2025-05-19,"ΚΑΤΑΒΟΛΗ ΠΟΣΟΥ ΣΕ ΕΚΤΕΛΕΣΗ ΤΗΣ ΥΠ ΑΡΙΘ. 843/2021 ΑΠΟΦΑΣΗ ΤΟΥ ΜΟΜΟΜΕΛΟΥΣ  ΠΡΩΤΟΔΙΚΕΙΟΥ ΒΟΛΟΥ (ΔΙΑΔΙΚΑΣΙΑ ΑΣΦΑΛΙΣΤΙΚΑ ΜΕΤΡΑ )   91 Η ΔΟΣΗ ΔΙΑΚΑΝΟΝΙΣΜΟΥ ΟΦΕΙΛΩΝ ΦΙΛΥΡΑ,  ΣΥΜΦΩΝΑ ΜΕ ΤΑ ΙΔΙΩΤΙΚΑ ΣΥΜΦΩΝΗΤΙΚΑ ΡΥΘΜΙΣΗΣ ΟΦΕΙΛΩΝ ΜΕ ΑΡΙΘ.20454,20463,20458 ΤΗΣ 23/11/17 ΤΗ ΓΝΩΜΑΤΕΥΣΗ ΜΕ ΑΡΙΘ.6305/20-03-2019  ΤΗΣ ΔΙΚΗΓΟΡΟΥ ΚΑΙ ΤΟ ΠΡΑΚΤΙΚΟ ΔΣ 13/04-04-2019 ΘΕΜΑ 7.",090071204,ΔΗΜΟΤΙΚΗ ΕΠΙΧΕΙΡΗΣΗ ΥΔΡΕΥΣΗΣ ΑΠΟΧΕΤΕΥΣΗΣ ΒΟΛΟΥ,25.0,,0841α06
9Γ2Σ4690ΒΩ-ΚΨΗ,2025-05-19,ΔΙΑΚΙΝΗΣΗ ΥΠΗΡΕΣΙΑΚΩΝ ΕΓΓΡΑΦΩΝ ΜΕ ΣΥΜΒΑΣΗ ΑΠΟ 2/1/2024 ΕΩΣ 24/12/2024 (ΣΥΜΒ.31/2022  ΧΕ  721/2022),094404866,ΣΠΗΝΤΕΞ ΑΝΩΝΥΜΗ ΕΤΑΙΡΕΙΑ ΤΑΧΥΜΕΤΑΦΟΡΩΝ,6084.7,,0829β01
ΨΙ2Τ4690ΒΩ-ΨΙΓ,2025-05-19,"ΠΡΟΜΗΘΕΙΑ ΟΞΥΓΟΝΟΥ ΜΕ ΣΥΜΒΑΣΗ ΤΟΥΣ ΜΗΝΕΣ ΜΑΪΟ,ΙΟΥΝΙΟ,ΙΟΥΛΙΟ 2024 (ΣΥΜΒ. 339/2022 ΧΕΡ 1519/2023)",095167018,ΛΙΝΤΕ ΕΛΛΑΣ ΜΟΝΟΠΡΟΣΩΠΗ  ΕΤΑΙΡΕΙΑ  ΠΕΡΙΟΡΙΣΜΕΝΗΣ ΕΥΘΥΝΗΣ,61642.29,,1614α01
6ΧΟ94690ΒΩ-ΑΩΧ,2025-05-19,"ΠΡΟΜΗΘΕΙΑ ΛΟΙΠΟΥ ΧΗΜΙΚΟΥ ΥΛΙΚΟΥ (ΑΝΤΙΔΡΑΣΤΗΡΙΩΝ ΕΡΓΑΣΤΗΡΙΩΝ ) ΜΕ ΣΥΜΒΑΣΗ ΤΟΥΣ ΜΗΝΕΣ ΑΠΡΙΛΙΟ,ΙΟΥΛΙΟ,ΝΟΕΜΒΡΙΟ 2024 (ΣΥΜΒ.645/2023)",095618368,ΕΜΠΟΡΙΑ ΚΑΙ ΤΕΧΝΟΓΝΩΣΙΑ ΦΑΡΜΑΚΕΥΤΙΚΩΝ ΚΑΙ ΠΑΡΑΦΑΡΜΑΚΕΥΤΙΚΩΝ ΕΙΔΩΝ ΕΠΕ,576.11,,1359β01
9ΨΙΛ4690ΒΩ-ΥΩΒ,2025-05-19,ΠΡΟΜΗΘΕΙΑ ΤΡΑΠΕΖΙΚΩΝ ΕΡΓΑΣΙΩΝ ΓΙΑ ΕΞΕΡΧΟΜΕΝΕΣ ΜΕΤΑΦΟΡΕΣ ΠΙΣΤΩΣΕΩΝ ΣΕ ΤΡΑΠΕΖΕΣ ΤΟΥ ΕΞΩΤΕΡΙΚΟΥ (XΕ  742/2025),094014250,EUROBANK ERGASIAS ΥΠΗΡΕΣΙΩΝ ΚΑΙ ΣΥΜΜΕΤΟΧΩΝ ΑΝΩΝΥΜΗ ΕΤΑΙΡΕΙΑ,1.2,,0431α01
ΨΞΞΓ4690ΒΩ-ΩΑ9,2025-05-19,ΑΠΟΔΟΣΗ ΥΠΕΡ ΔΗΜΟΣΙΟΥ (ΧΑΡΤ. & ΟΓΑ ΧΑΡΤ. ) ΧΕ ΤΟΝ ΜΗΝΑ ΑΠΡΙΛΙΟ 2025 (Φ100),090165560,ΥΠΟΥΡΓΕΙΟ ΟΙΚΟΝΟΜΙΚΩΝ ΓΕΝΙΚΗ   ΔIEYΘΥΝΣΗ  Δ ΚΗΣΥΠ ΞΗΣ Δ ΟΙΚ,52653.63,,3391α01
ΨΛ5Ν4690ΒΩ-Ν1Ν,2025-05-19,ΑΠΟΔΟΣΗ ΥΠΕΡ ΔΗΜΟΣΙΟΥ (ΦΟΡΟΙ 20%) ΧΕ ΤΟΝ ΜΗΝΑ ΑΠΡΙΛΙΟ 2025 (Φ100),090165560,ΥΠΟΥΡΓΕΙΟ ΟΙΚΟΝΟΜΙΚΩΝ ΓΕΝΙΚΗ   ΔIEYΘΥΝΣΗ  Δ ΚΗΣΥΠ ΞΗΣ Δ ΟΙΚ,523.74,,3391α01
ΨΛΝ04690ΒΩ-Τ0Ζ,2025-05-19,ΑΠΟΔΟΣΗ ΥΠΕΡ ΔΗΜΟΣΙΟΥ (ΧΑΡΤ. & ΟΓΑ ΧΑΡΤ. ) ΧΕ ΤΟΝ ΜΗΝΑ ΑΠΡΙΛΙΟ 2025 (Φ100),090165560,ΥΠΟΥΡΓΕΙΟ ΟΙΚΟΝΟΜΙΚΩΝ ΓΕΝΙΚΗ   ΔIEYΘΥΝΣΗ  Δ ΚΗΣΥΠ ΞΗΣ Δ ΟΙΚ,21.27,,3391α01
6ΙΒΩ4690ΒΩ-ΜΧΤ,2025-05-16,ΑΠΟΔΟΣΗ ΥΠΕΡ ΔΗΜΟΣΙΟΥ  ΥΠΕΡ ΨΥΧΙΚΗΣ ΥΓΕΙΑΣ ΧΕ ΤΟΝ ΜΗΝΑ ΑΠΡΙΛΙΟ 2025 (Φ100),099017070,ΥΠΟΥΡΓΕΙΟ ΥΓΕΙΑΣ ΠΡΟΝΟΙΑΣ,27538.37,,3391α01
ΨΣΤΛ4690ΒΩ-ΦΡ9,2025-05-16,ΑΠΟΔΟΣΗ ΥΠΕΡ  ΕΑΑΔΗΣΥ ΧΕ ΤΟΝ ΜΗΝΑ ΑΠΡΙΛΙΟ 2025 (Φ100),090166291,ΥΠΟΥΡΓΕΙΟ ΑΝΑΠΤΥΞΗΣ,595.08,,3399α01
ΡΕΤΣ4690ΒΩ-ΝΕ7,2025-05-16,ΑΠΟΔΟΣΗ ΥΠΕΡ  ΑΡΧΗΣ ΠΡΟΔΙΚΑΣΤΙΚΩΝ ΠΡΟΣΦΥΓΩΝ (ΑΕΠΠ )ΧΕ ΤΟΝ ΜΗΝΑ ΑΠΡΙΛΙΟ 2025 (Φ100),090169674,ΥΠΟΥΡΓΕΙΟ ΔΙΚΑΙΟΣΥΝΗΣ,3.87,,3399α01
9ΒΦ84690ΒΩ-110,2025-05-16,ΑΠΟΔΟΣΗ ΥΠΕΡ ΕΑΑΔΗΣΥ  ΕΠΙ ΤΩΝ ΕΞΟΦΛΗΘΕΝΩΝ ΧΕ ΤΟΝ ΜΗΝΑ ΑΠΡΙΛΙΟ 2025 (Φ500),090166291,ΥΠΟΥΡΓΕΙΟ ΑΝΑΠΤΥΞΗΣ,5.86,,3391α05
9ΩΟ44690ΒΩ-ΘΟ6,2025-05-16,ΑΠΟΔΟΣΗ ΥΠΕΡ  ΨΥΧΙΚΗΣ ΥΓΕΙΑΣ (Ν.3580)  ΕΠΙ ΤΩΝ ΕΞΟΦΛΗΘΕΝΩΝ ΧΕ ΤΟΝ ΜΗΝΑ ΑΠΡΙΛΙΟ 2025 (Φ500),099017070,ΥΠΟΥΡΓΕΙΟ ΥΓΕΙΑΣ ΠΡΟΝΟΙΑΣ,116.52,,3391α05
ΨΥΗΟ4690ΒΩ-ΣΣΤ,2025-05-16,ΑΠΟΔΟΣΗ ΥΠΕΡ ΔΗΜΟΣΙΟΥ (ΧΑΡΤ.&ΟΓΑ ΧΑΡΤ) ΕΠΙ ΤΩΝ ΕΞΟΦΛΗΘΕΝΩΝ ΧΕ ΤΟΝ ΜΗΝΑ ΑΠΡΙΛΙΟ 2025 (Φ500),090165560,ΥΠΟΥΡΓΕΙΟ ΟΙΚΟΝΟΜΙΚΩΝ ΓΕΝΙΚΗ   ΔIEYΘΥΝΣΗ  Δ ΚΗΣΥΠ ΞΗΣ Δ ΟΙΚ,0.19,,3391α05
9ΒΜ54690ΒΩ-ΦΔΝ,2025-05-16,ΑΠΟΔΟΣΗ ΥΠΕΡ ΨΥΧΙΚΗΣ ΥΓΕΙΑΣ ΧΕ ΤΟΝ ΜΗΝΑ ΑΠΡΙΛΙΟ 2025 (Φ600),090165560,ΥΠΟΥΡΓΕΙΟ ΟΙΚΟΝΟΜΙΚΩΝ ΓΕΝΙΚΗ   ΔIEYΘΥΝΣΗ  Δ ΚΗΣΥΠ ΞΗΣ Δ ΟΙΚ,71.59,,3391α05
Ρ7ΦΒ4690ΒΩ-ΔΟ8,2025-05-16,ΑΠΟΔΟΣΗ ΥΠΕΡ ΨΥΧΙΚΗΣ ΥΓΕΙΑΣ ΧΕ ΤΟΝ ΜΗΝΑ ΑΠΡΙΛΙΟ 2025 (Φ600),099017070,ΥΠΟΥΡΓΕΙΟ ΥΓΕΙΑΣ ΠΡΟΝΟΙΑΣ,29.5,,3391α06
ΡΥΧΞ4690ΒΩ-Ω0Ρ,2025-05-16,"ΑΠΟΔΟΣΗ ΥΠΕΡ ΔΗΜΟΣΙΟΥ (ΦΟΡΟΙ 1%,4%,8%)ΧΕ ΤΟΝ ΜΗΝΑ ΑΠΡΙΛΙΟ 2025 (Φ600)",090165560,ΥΠΟΥΡΓΕΙΟ ΟΙΚΟΝΟΜΙΚΩΝ ΓΕΝΙΚΗ   ΔIEYΘΥΝΣΗ  Δ ΚΗΣΥΠ ΞΗΣ Δ ΟΙΚ,58.95,,3391α06
94ΘΛ4690ΒΩ-ΙΩΚ,2025-05-16,ΑΠΟΔΟΣΗ    ΕΑΑΔΗΣΥ   ΧΕ ΤΟΝ ΜΗΝΑ ΑΠΡΙΛΙΟ 2025 (Φ600),090166291,ΥΠΟΥΡΓΕΙΟ ΑΝΑΠΤΥΞΗΣ,1.49,,3399α06
6ΗΓΣ4690ΒΩ-4ΘΖ,2025-05-16,ΑΠΟΔΟΣΗ ΥΠΕΡ ΔΗΜΟΣΙΟΥ (ΧΑΡΤ &ΟΓΑ ΧΑΡΤ ) ΧΕ ΤΟΝ ΜΗΝΑ ΑΠΡΙΛΙΟ 2025 (Φ600),090165560,ΥΠΟΥΡΓΕΙΟ ΟΙΚΟΝΟΜΙΚΩΝ ΓΕΝΙΚΗ   ΔIEYΘΥΝΣΗ  Δ ΚΗΣΥΠ ΞΗΣ Δ ΟΙΚ,0.05,,3391α06
9Δ6Κ4690ΒΩ-Β4Ρ,2025-05-16,ΑΠΟΔΟΣΗ ΥΠΕΡ ΕΑΑΔΗΣΥ  ΕΠΙ ΤΩΝ ΕΞΟΦΛΗΘΕΝΩΝ ΧΕ ΤΟΝ ΜΗΝΑ ΑΠΡΙΛΙΟ 2025 (Φ300),090166291,ΥΠΟΥΡΓΕΙΟ ΑΝΑΠΤΥΞΗΣ,1.71,,3399α08
Ψ7ΘΚ4690ΒΩ-ΖΒΓ,2025-05-16,ΑΠΟΔΟΣΗ ΥΠΕΡ ΨΥΧΙΚΗΣ ΥΓΕΙΑΣ  (Ν.3580 2%) ΕΠΙ ΤΩΝ ΕΞΟΦΛΗΘΕΝΩΝ ΧΕ ΤΟΝ ΜΗΝΑ ΑΠΡΙΛΙΟ 2025 (Φ300),099017070,ΥΠΟΥΡΓΕΙΟ ΥΓΕΙΑΣ ΠΡΟΝΟΙΑΣ,34.41,,3391α08
60ΗΝ4690ΒΩ-ΣΚ7,2025-05-16,ΑΠΟΔΟΣΗ ΥΠΕΡ ΔΗΜΟΣΙΟΥ (ΧΑΡΤΟΣΗΜΟ ΟΓΑ ) ΕΠΙ ΤΩΝ ΕΞΟΦΛΗΘΕΝΩΝ ΧΕ ΤΟΝ ΜΗΝΑ ΑΠΡΙΛΙΟ 2025 (Φ300),090165560,ΥΠΟΥΡΓΕΙΟ ΟΙΚΟΝΟΜΙΚΩΝ ΓΕΝΙΚΗ   ΔIEYΘΥΝΣΗ  Δ ΚΗΣΥΠ ΞΗΣ Δ ΟΙΚ,0.05,,3391α08
ΨΖΣΖ4690ΒΩ-ΩΒΨ,2025-05-16,"ΑΠΟΔΟΣΗ ΥΠΕΡ ΔΗΜΟΣΙΟΥ (ΦΟΡΟΣ 1%,4%) ΕΠΙ ΤΩΝ ΕΞΟΦΛΗΘΕΝΩΝ ΧΕ ΤΟΝ ΜΗΝΑ ΑΠΡΙΛΙΟ 2025 (Φ300)",090165560,ΥΠΟΥΡΓΕΙΟ ΟΙΚΟΝΟΜΙΚΩΝ ΓΕΝΙΚΗ   ΔIEYΘΥΝΣΗ  Δ ΚΗΣΥΠ ΞΗΣ Δ ΟΙΚ,38.58,,3391α08
9ΓΒ44690ΒΩ-6Ι5,2025-05-16,"ΑΠΟΔΟΣΗ ΥΠΕΡ ΨΥΧΙΚΗΣ ΥΓΕΙΑΣ (Ν. 3580 ,2%) ΕΠΙ ΤΩΝ ΕΞΟΦΛΗΘΕΝΩΝ ΧΕ ΤΟΝ ΜΗΝΑ ΑΠΡΙΛΙΟ 2025 (Φ400)",099017070,ΥΠΟΥΡΓΕΙΟ ΥΓΕΙΑΣ ΠΡΟΝΟΙΑΣ,87.54,,3391α09
6Δ9Ε4690ΒΩ-ΑΚΣ,2025-05-16,ΑΠΟΔΟΣΗ ΥΠΕΡ ΔΗΜΟΣΙΟΥ (ΧΑΡΤ &ΟΓΑ ΧΑΡΤ.) ΕΠΙ ΤΩΝ ΕΞΟΦΛΗΘΕΝΩΝ ΧΕ ΤΟΝ ΜΗΝΑ ΑΠΡΙΛΙΟ 2025 (Φ400),090165560,ΥΠΟΥΡΓΕΙΟ ΟΙΚΟΝΟΜΙΚΩΝ ΓΕΝΙΚΗ   ΔIEYΘΥΝΣΗ  Δ ΚΗΣΥΠ ΞΗΣ Δ ΟΙΚ,0.13,,3391α09
Ψ3ΞΗ4690ΒΩ-ΞΕΙ,2025-05-16,"ΑΠΟΔΟΣΗ ΥΠΕΡ ΔΗΜΟΣΙΟΥ (ΦΟΡΟΣ 1%,4%,8%) ΕΠΙ ΤΩΝ ΕΞΟΦΛΗΘΕΝΩΝ ΧΕ ΤΟΝ ΜΗΝΑ ΑΠΡΙΛΙΟ 2025 (Φ400)",090165560,ΥΠΟΥΡΓΕΙΟ ΟΙΚΟΝΟΜΙΚΩΝ ΓΕΝΙΚΗ   ΔIEYΘΥΝΣΗ  Δ ΚΗΣΥΠ ΞΗΣ Δ ΟΙΚ,110.59,,3391α09
9ΒΟ04690ΒΩ-74Ε,2025-05-16,ΑΠΟΔΟΣΗ ΥΠΕΡ ΕΑΑΔΗΣΥ ΕΠΙ ΤΩΝ ΕΞΟΦΛΗΘΕΝΩΝ ΧΕ ΤΟΝ ΜΗΝΑ ΑΠΡΙΛΙΟ 2025 (Φ400),090166291,ΥΠΟΥΡΓΕΙΟ ΑΝΑΠΤΥΞΗΣ,4.38,,3399α09
ΡΠΤ34690ΒΩ-ΜΙ2,2025-05-16,"ΠΡΟΜΗΘΕΙΑ ΛΟΙΠΟΥ ΧΗΜΙΚΟΥ ΥΛΙΚΟΥ (ΑΝΤΙΔΡΑΣΤΗΡΙΩΝ ΕΡΓΑΣΤΗΡΙΩΝ ) ΜΕ ΣΥΜΒΑΣΗ ΤΟΥΣ ΜΗΝΕΣ ΑΠΡΙΛΙΟ,ΑΥΓΟΥΣΤΟ,ΝΟΕΜΒΡΙΟ 2024 (ΣΥΜΒ.646/2023)",099518023,Α ΔΕΡΒΟΣ Γ ΔΗΜΗΤΡΑΚΟΠΟΥΛΟΣ ΚΑΙ ΣΙΑ ΑΝΩΝΥΜΗ ΕΤΑΙΡΙΑ ΕΙΣΑΓΩΓΗΣ ΚΑΙ ΕΜΠΟΡΙΑΣ ΕΠΙΣΤΗΜΟΝΙΚΩΝ ΟΡΓΑΝΩΝ ΚΑΙ ΦΑΡΜΑΚΕΥΤΙΚΩΝ ΠΡΟΙΟΝ,1691.76,,1359β01
9ΧΣ74690ΒΩ-ΡΘΚ,2025-05-16,ΕΡΓΑΛΕΙΑ ΧΕΙΡΟΥΡΓΕΙΟΥ ΜΕ ΣΥΜΒΑΣΗ ΤΟΝ ΜΗΝΑ ΜΑΪΟ 2024 (ΣΥΜΒ. 246/2024) ΑΠΑΞ ΠΑΡΑΓΓΕΛΙΑ ΣΥΜΦΩΝΑ ΜΕ ΤΙΣ ΔΙΑΤΑΞΕΙΣ ΤΟΥ Ν. 5161/2024 αρθ.14 (ΦΕΚ 196/τ. Α΄/29-11-2024,998856960,ΑΚΑΗΑΙ ΓΕΩΡΓΙΟΣ ΚΟΥΝΤΟΥΡΟΓΛΟΥ ΚΑΙ ΣΙΑ ΕΕ,4361.8,,1311β01
9ΚΑ24690ΒΩ-3ΧΚ,2025-05-16,"ΠΡΟΜΗΘΕΙΑ ΛΟΙΠΟΥ ΧΗΜΙΚΟΥ ΥΛΙΚΟΥ (ΑΝΤΙΔΡΑΣΤΗΡΙΩΝ ΕΡΓΑΣΤΗΡΙΩΝ ) ΜΕ ΣΥΜΒΑΣΗ ΤΟΥΣ ΜΗΝΕΣ  ΜΑΪΟ,ΟΚΤΩΒΡΙΟ 2024 (ΣΥΜΒ.637/2023)",099936534,BIOANALYTICA   ΕΜΠΟΡΙΚΗ  ΒΙΟΤΕΧΝΟΛΟΓΙΚΩΝ ΕΦΑΡΜΟΓΩΝ ΕΡΕΥΝΗΤΙΚΗ ΑΝΩΝΥΜΗ ΕΤΑΙΡΕΙΑ,2309.52,,1359β01
6Υ7Ν4690ΒΩ-Η9Ι,2025-05-16,"ΠΡΟΜΗΘΕΙΑ ΛΟΙΠΟΥ ΧΗΜΙΚΟΥ ΥΛΙΚΟΥ (ΑΝΤΙΔΡΑΣΤΗΡΙΩΝ ΕΡΓΑΣΤΗΡΙΩΝ ) ΜΕ ΣΥΜΒΑΣΗ ΤΟΥΣ ΜΗΝΕΣ ΑΠΡΙΛΙΟ,ΙΟΥΛΙΟ,ΟΚΤΩΒΡΙΟ 2024 (ΣΥΜΒ.635/2023)",094047060,ΒΑΡΕΛΑΣ ΑΝΩΝΥΜΗ ΕΤΑΙΡΕΙΑ ΧΗΜΙΚΑ ΚΑΙ ΔΙΑΓΝΩΣΤΙΚΑ,1281.43,,1359β01
ΨΝΛΤ4690ΒΩ-155,2025-05-16,"ΠΡΟΜΗΘΕΙΑ ΛΟΙΠΟΥ ΧΗΜΙΚΟΥ ΥΛΙΚΟΥ (ΑΝΤΙΔΡΑΣΤΗΡΙΩΝ ΕΡΓΑΣΤΗΡΙΩΝ ) ΜΕ ΣΥΜΒΑΣΗ ΤΟΥΣ ΜΗΝΕΣ ΟΚΤΩΒΡΙΟ , ΝΟΕΜΒΡΙΟ 2024 (ΣΥΜΒ.636/2023)",094138676,ΒΙΟΔΥΝΑΜΙΚΗ ΑΝΩΝΥΜΟΣ ΕΜΠΟΡΙΚΗ ΤΕΧΝΙΚΗ ΚΑΙ ΒΙΟΜΗΧΑΝΙΚΗ ΕΤΑΙΡΕΙΑ,1164.94,,1359β01
6ΜΝΥ4690ΒΩ-ΚΝ9,2025-05-16,": ΠΡΟΜΗΘΕΙΑ (ΝΕΥΡΟΧΕΙΡΟΥΡΓΙΚΩΝ ΥΛΙΚΩΝ) ΜΕ  ΣΥΜΒΑΣΗ ΤΟΥΣ ΜΗΝΕΣΙΟΥΛΙΟ,ΟΚΤΩΒΡΙΟ,ΝΟΕΜΒΡΙΟ 2024 (ΣΥΜΒ. 434/2024) ΣΥΜΦΩΝΑ ΜΕ ΤΙΣ ΔΙΑΤΑΞΕΙΣ ΤΟΥ Ν. 5161/2024 αρθ.14 (ΦΕΚ 196/τ. Α΄/29-11-2024",094447320,ΜΕΝΤΙ ΣΑΠ ΑΝΩΝΥΜΗ ΕΤΑΙΡΙΑ ΙΑΤΡΙΚΩΝ ΕΙΔΩΝ,5453.52,,1313
9ΒΞΡ4690ΒΩ-Κ5Κ,2025-05-16,"ΠΡΟΜ.ΟΡΘΟΠΕΔ,ΠΡΟΣΘΕΤ.ΚΑΙ ΛΟΙΠΩΝ ΥΛΙΚΩΝ ΑΝΑΠΗΡΩΝ, ΓΙΑ ΤΟΥΣ ΜΗΝΕΣ ΑΠΡΙΛΙΟ ΕΩΣ ΟΚΤΩΒΡΙΟ 2024, ΧΩΡΙΣ ΣΥΜΒΑΣΗ, ΜΕ ΑΠΟΦΑΣΕΙΣ ΔΣ 15/4-4-24 Θ.24 & Θ.23, 23/16-5-24 Θ.6, 27/13-6-24 Θ.37, 30/4-7-24 Θ.22, 33/25-7-24 Θ.2, 40/12-9-24 Θ.26, 42/19-9-24 Θ.10 & 45/27-924 Θ.49, ΣΥΜΦΩΝΑ ΜΕ ΤΙΣ ΔΙΑΤΑΞΕΙΣ ΤΟΥ Ν.5161/2024 αρθ.14  (ΦΕΚ 196/ τ.Α΄/29-11-2024)",082899566,ΑΡΘΡΩΣΙΣ ΙΑΤΡΙΚΑ ΕΙΔΗ ΑΝΩΝΥΜΗ ΕΤΑΙΡΕΙΑ,2884.89,,1313β01
94ΟΕ4690ΒΩ-Ρ8Ω,2025-05-16,"ΠΡΟΜΗΘΕΙΑ ΥΓΕΙΟΝΟΜΙΚΟΥ ΥΛΙΚΟΥ  (ΥΛΙΚΩΝ ΑΠΟΣΤΕΙΡΩΣΗΣ) ΜΕ ΣΥΜΒΑΣΗ ΤΟΥΣ ΜΗΝΕΣ ΑΠΡΙΛΙΟ,ΜΑΪΟ 2024 (ΣΥΜΒ. 217/2024) ΣΥΜΦΩΝΑ ΜΕ ΤΙΣ ΔΙΑΤΑΞΕΙΣ ΤΟΥ Ν. 5161/2024 αρθ.14 (ΦΕΚ 196/τ. Α΄/29-11-2024",094133588,ΓΕΝΙΚΗ ΧΗΜΙΚΩΝ ΠΡΟΙΟΝΤΩΝ ΑΕ,3973.71,,1311β01
ΨΕΗΒ4690ΒΩ-Κ3Γ,2025-05-16,"ΠΡΟΜΗΘΕΙΑ ΥΓΕΙΟΝΟΜΙΚΟΥ ΥΛΙΚΟΥ ΥΛΙΚΩΝ ΑΠΟΣΤΕΙΡΩΣΗΣ) ΜΕ ΣΥΜΒΑΣΗ ΤΟΥΣ ΜΗΝΕΣ ΙΟΥΝΙΟ , ΙΟΥΛΙΟ2024 (ΣΥΜΒ.347/2024) ΣΥΜΦΩΝΑ ΜΕ ΤΙΣ ΔΙΑΤΑΞΕΙΣ ΤΟΥ Ν. 5161/2024 αρθ.14 (ΦΕΚ 196/τ. Α΄/29-11-2024",999685389,ΠΕΤΡΟΣ ΧΑΡ ΚΟΣΜΙΔΗΣ ΚΑΙ ΣΙΑ ΕΕ,6895.64,,1311β01
9ΟΖΣ4690ΒΩ-663,2025-05-16,ΠΡΟΜΗΘΕΙΑ ΥΓΕΙΟΝΟΜΙΚΟΥ ΥΛΙΚΟΥ ΥΛΙΚΩΝ ΑΠΟΣΤΕΙΡΩΣΗΣ) ΜΕ ΣΥΜΒΑΣΗ ΤΟΝ ΜΗΝΑ ΙΟΥΝΙΟ 2024 (ΣΥΜΒ.346/2024) ΣΥΜΦΩΝΑ ΜΕ ΤΙΣ ΔΙΑΤΑΞΕΙΣ ΤΟΥ Ν. 5161/2024 αρθ.14 (ΦΕΚ 196/τ. Α΄/29-11-2024,093628458,BBD ΝΙΚΟΛΑΟΣ ΛΑΙΝΙΩΤΗΣ ΑΕΒΕ ΠΑΡΑΓΩΓΗ ΕΙΣΑΓΩΓΗ ΚΑΙ ΕΜΠΟΡΙΑ ΥΓΕΙΟΝΟΜΙΚΟΥ ΥΛΙΚΟΥ ΑΝΩΝΥΜΟΣ ΕΜΠΟΡΙΚΗ ΒΙΟΜΗΧΑΝΙΚΗ ΕΤΑΙΡΕΙΑ,4067.2,,1311β01
ΨΒ974690ΒΩ-ΛΓΒ,2025-05-16,"ΠΡΟΜΗΘΕΙΑ ΥΓΕΙΟΝΟΜΙΚΟΥ ΥΛΙΚΟΥ ΥΛΙΚΩΝ ΑΠΟΣΤΕΙΡΩΣΗΣ) ΜΕ ΣΥΜΒΑΣΗ ΤΟΥΣ ΜΗΝΕΣ ΙΟΥΝΙΟ,ΙΟΥΛΙΟ  2024 (ΣΥΜΒ.348/2024) ΣΥΜΦΩΝΑ ΜΕ ΤΙΣ ΔΙΑΤΑΞΕΙΣ ΤΟΥ Ν. 5161/2024 αρθ.14 (ΦΕΚ 196/τ. Α΄/29-11-2024",094133588,ΓΕΝΙΚΗ ΧΗΜΙΚΩΝ ΠΡΟΙΟΝΤΩΝ ΑΕ,5406.15,,1311β01
9Κ8Τ4690ΒΩ-Ω45,2025-05-16,"ΠΡΟΜΗΘΕΙΑ ΛΟΙΠΟΥ ΧΗΜΙΚΟΥ ΥΛΙΚΟΥ (ΑΝΤΙΔΡΑΣΤΗΡΙΩΝ ΕΡΓΑΣΤΗΡΙΩΝ ) ΜΕ ΣΥΜΒΑΣΗ ΤΟΥΣ ΜΗΝΕΣ ΑΠΡΙΛΙΟ,ΜΑΪΟ,ΙΟΥΝΙΟ,ΙΟΥΛΙΟ,ΝΟΕΜΒΡΙΟ 2024 (ΣΥΜΒ.638/2023)",084221869,VAKTRO AEBE,7870.75,,1359β01
9ΡΖ84690ΒΩ-ΘΡ2,2025-05-16,ΥΠΗΡΕΣΙΕΣ ΥΠΟΣΤΗΡΙΞΗΣ ΣΥΣΤΗΜΑΤΩΝ ΠΛΗΡΟΦΟΡΙΚΗΣ ΜΕ ΣΥΜΒΑΣΗ ΑΠΟ 22/8/2024  ΕΩΣ 21/10/2024 (ΣΥΜΒ.606/2022  1976/2023),095403136,COMPUTER SOLUTIONS ΑΝΩΝΥΜΗ ΒΙΟΜΗΧΑΝΙΚΗ ΚΑΙ ΕΜΠΟΡΙΚΗ ΕΤΑΙΡΕΙΑ ΠΛΗΡΟΦΟΡΙΚΗΣ,21452.0,,0426β01
ΨΤ024690ΒΩ-Ι5Υ,2025-05-16,"ΠΡΟΜΗΘΕΙΑ ΛΟΙΠΟΥ ΧΗΜΙΚΟΥ ΥΛΙΚΟΥ (ΚΑΛΛΙΕΡΓΕΙΕΣ ΜΙΚΡΟΒΙΟΛΟΓΙΑΣ ) ΜΕ ΣΥΜΒΑΣΗ ΤΟΥΣ ΜΗΝΕΣ ΑΠΡΙΛΙΟ , ΜΑΪΟ,ΙΟΥΛΙΟ,ΣΕΠΤΕΜΒΡΙΟ  2024 (ΣΥΜΒ. 615/2022 ΧΕ  443/2024",094499248,BIOMERIEUX ΕΛΛΑΣ ΑΝΩΝΥΜΗ ΕΤΑΙΡΙΑ ΕΙΣΑΓΩΓΗΣ ΕΜΠΟΡΙΑΣ ΚΑΙ ΔΙΑΝΟΜΗΣ ΙΑΤΡΙΚΩΝ ΚΑΙ ΔΙΑΓΝΩΣΤΙΚΩΝ ΠΡΟΙΟΝΤΩΝ,9060.2,,1359β01
9ΧΥ14690ΒΩ-7ΔΚ,2025-05-15,ΚΟΙΝΟΧΡΗΣΤΑ ΔΙΑΜΕΡΙΣΜΑΤΟΣ Β1 ΕΠΙ ΤΗΣ ΣΕΦΕΛ 1 - ΙΑΣΟΝΟΣ ΞΕΝΩΝΑ ΄΄ΦΙΛΥΡΑ΄΄ ΙΔΙΟΚΤΗΣΙΑΣ ΓΝΒ ΓΙΑ ΤΟΝ ΜΗΝΑ ΜΑΡΤΙΟ 2025,020724195,"ΝΤΑΓΟΥΛΟΥΔΗΣ,,ΣΙΔΕΡΗΣ,ΜΙΧΑΗΛ",35.0,,0813α06
9ΓΕΕ4690ΒΩ-ΞΔΝ,2025-05-15,"ΠΡΟΜΗΘΕΙΑ ΛΟΙΠΟΥ ΧΗΜΙΚΟΥ ΥΛΙΚΟΥ (ΑΝΤΙΔΡΑΣΤΗΡΙΩΝ ΕΡΓΑΣΤΗΡΙΩΝ ) ΜΕ ΣΥΜΒΑΣΗ ΤΟΥΣ ΜΗΝΕΣ ΑΠΡΙΛΙΟ,ΜΑΪΟ,ΙΟΥΝΙΟ,ΙΟΥΛΙΟ,ΑΥΓΟΥΣΤΟ,ΣΕΠΤΕΜΒΡΙΟ,ΟΚΤΩΒΡΙΟ,ΝΟΕΜΒΡΙΟ 2024 (ΣΥΜΒ.641/2023)",095341314,ΔΙΑΓΝΩΣΤΙΚΑ ΧΗΜΙΚΗ ΟΡΓΑΝΟΛΟΓΙΑ ΑΝΩΝΥΜΗ ΕΤΑΙΡΙΑ,5321.48,,1359β01
6ΝΖΡ4690ΒΩ-ΥΘΒ,2025-05-15,"ΠΡΟΜΗΘΕΙΑ ΛΟΙΠΟΥ ΧΗΜΙΚΟΥ ΥΛΙΚΟΥ (ΑΝΤΙΔΡΑΣΤΗΡΙΩΝ ΕΡΓΑΣΤΗΡΙΩΝ ) ΜΕ ΣΥΜΒΑΣΗ ΤΟΥΣ ΜΗΝΕΣ ΑΠΡΙΛΙΟ,ΙΟΥΝΙΟ,ΑΥΓΟΥΣΤΟ,ΣΕΠΤΕΜΒΡΙΟ, ΝΟΕΜΒΡΙΟ 2024 (ΣΥΜΒ.640/2023)",091569759,ΑΦΟΙ Α ΣΕΛΙΔΗ ΑΝΩΝΥΜΗ ΕΤΑΙΡΙΑ ΕΠΙΣΤΗΜΟΝΙΚΟΥ ΕΞΟΠΛΙΣΜΟΥ,4775.3,,1359β01
9ΙΞΛ4690ΒΩ-ΩΦΘ,2025-05-15,ΠΡΟΜΗΘΕΙΑ ΛΟΙΠΟΥ ΧΗΜΙΚΟΥ ΥΛΙΚΟΥ (ΑΝΤΙΔΡΑΣΤΗΡΙΩΝ ΕΡΓΑΣΤΗΡΙΩΝ ) ΜΕ ΣΥΜΒΑΣΗ ΤΟΝ ΜΗΝΑ  ΜΑΪΟ 2024 (ΣΥΜΒ.639/2023),094503580,ΕΝΟΡΑΣΙΣ ΑΝΩΝΥΜΗ ΕΜΠ  ΙΑΤΡΙΚΩΝ ΥΛΙΚΩΝ ΚΑΙ  ΜΗΧΑΝΗΜΑΤΩΝ ΚΑΙ ΙΑΤΡΙΚΩΝ ΥΛΙΚΩΝ ΚΑΙ ΜΗΧΑΝΗΜΑΤ,6360.0,,1359β01
ΡΠΤΗ4690ΒΩ-9ΛΩ,2025-05-15,"ΠΡΟΜΗΘΕΙΑ ΛΟΙΠΟΥ ΧΗΜΙΚΟΥ ΥΛΙΚΟΥ (ΑΝΤΙΔΡΑΣΤΗΡΙΩΝ ΕΡΓΑΣΤΗΡΙΩΝ ) ΜΕ ΣΥΜΒΑΣΗ ΤΟΥΣ ΜΗΝΕΣ ΑΠΡΙΛΙΟ,ΝΟΕΜΒΡΙΟ 2024 (ΣΥΜΒ.647/2023)",094280343,Π ΖΑΦΕΙΡΟΠΟΥΛΟΣ ΑΕ ΑΝΩΝΥΜΗ ΒΙΟΜΗΧΑΝΙΚΗ ΕΜΠΟΡΙΚΗ ΕΤΑΙΡΕΙΑ ΔΙΑΓΩΣΤΙΚΩΝ  ΕΡΓΑΣΤΗΡΙΑΚΩΝ ΔΟΜΙΚΩΝ ΕΙΔΩΝ,8140.8,,1359β01
ΨΜΒΔ4690ΒΩ-ΜΧΤ,2025-05-07,ΥΔΡΕΥΣΗ ΚΑΙ ΑΡΔΕΥΣΗ ΓΙΑ ΣΧΟΛΗ ΑΓΡΙΑΣ ΜΕ ΑΡΙΘΜΟ ΠΑΡΟΧΗΣ 14389 (ΑΠΟ 01/10/2024-31/12/2024 01/01/2025-31/03/2025),090071204,ΔΗΜΟΤΙΚΗ ΕΠΙΧΕΙΡΗΣΗ ΥΔΡΕΥΣΗΣ ΑΠΟΧΕΤΕΥΣΗΣ ΒΟΛΟΥ,16.12,,0841α06
9Π194690ΒΩ-ΓΞΦ,2025-05-07,ΥΔΡΕΥΣΗ ΚΑΙ ΑΡΔΕΥΣΗ ΓΙΑ ΣΧΟΛΗ ΑΓΡΙΑΣ ΜΕ ΑΡΙΘΜΟ ΠΑΡΟΧΗΣ 14389 (ΑΠΟ 01/10/2024-31/12/2024 01/01/2025-31/03/2025),090071204,ΔΗΜΟΤΙΚΗ ΕΠΙΧΕΙΡΗΣΗ ΥΔΡΕΥΣΗΣ ΑΠΟΧΕΤΕΥΣΗΣ ΒΟΛΟΥ,31.81,,0841α08
ΨΣ8Ζ4690ΒΩ-ΑΛΛ,2025-05-07,"ΥΔΡΕΥΣΗ ΚΑΙ ΑΡΔΕΥΣΗ ΑΡΙΑΔΝΗ ΜΕ ΠΑΡΟΧΗ 19/2487 ΓΙΑ ΤΟ ΧΡΟΝΙΚΟ ΔΙΑΣΤΗΜΑ ΑΠΟ (01/11/2023- 30/11/2023,01/12/2023/31/12/2023,01/01/2024-31/01/2024,01/02/2024-28/02/2024,01/03/2024-31/03/2024,01/04/2024-30/04/2024,01/05/2024- 31/05/2024,01/06/2024-30/06/2024,01/07/2024-31/07/2024,01/08/2024-31/08/2024,01/09/2024-30/09/2024,01/10/2024-31/10/2024,01/11/2024- 30/11/2024,01/12/2024-31/12/2024,01/03/2024-31/03/2025 )",090071204,ΔΗΜΟΤΙΚΗ ΕΠΙΧΕΙΡΗΣΗ ΥΔΡΕΥΣΗΣ ΑΠΟΧΕΤΕΥΣΗΣ ΒΟΛΟΥ,286.82,,0841α05
ΨΣ8Ζ4690ΒΩ-ΑΛΛ,2025-05-07,"ΥΔΡΕΥΣΗ ΚΑΙ ΑΡΔΕΥΣΗ ΑΡΙΑΔΝΗ ΜΕ ΠΑΡΟΧΗ 19/2487 ΓΙΑ ΤΟ ΧΡΟΝΙΚΟ ΔΙΑΣΤΗΜΑ ΑΠΟ (01/11/2023- 30/11/2023,01/12/2023/31/12/2023,01/01/2024-31/01/2024,01/02/2024-28/02/2024,01/03/2024-31/03/2024,01/04/2024-30/04/2024,01/05/2024- 31/05/2024,01/06/2024-30/06/2024,01/07/2024-31/07/2024,01/08/2024-31/08/2024,01/09/2024-30/09/2024,01/10/2024-31/10/2024,01/11/2024- 30/11/2024,01/12/2024-31/12/2024,01/03/2024-31/03/2025 )",090071204,ΔΗΜΟΤΙΚΗ ΕΠΙΧΕΙΡΗΣΗ ΥΔΡΕΥΣΗΣ ΑΠΟΧΕΤΕΥΣΗΣ ΒΟΛΟΥ,2126.23,,084β05
9Ω2Π4690ΒΩ-ΙΜΟ,2025-05-07,"ΥΔΡΕΥΣΗ ΚΑΙ ΑΡΔΕΥΣΗ ΓΙΑ ΦΙΛΥΡΑ ΜΕ ΑΡ ΠΑΡΟΧΗΣ 19/2235 ,ΜΕ ΑΡ ΠΑΡΟΧΗΣ ΑΠΟ (01/10/2023-31/10/2023,01/11/2023- 30/11/2023,01/12/2023-31/12/2023,01/01/2024-31/01/2024,01/02/2024/29/02/2024,01/03/2024-31/03/2024,01/042024-30/04/2024,01/05/2024- 31/05/2024,01/06/2024-30/06/2024,01/07/2024-31/07/2024) 84990 (01/10/2023-31/12/2023, 01/01/2024-31-03/2024,01/07/2024- 30/09/2024,01/10/2024-31/12/2024) ,",090071204,ΔΗΜΟΤΙΚΗ ΕΠΙΧΕΙΡΗΣΗ ΥΔΡΕΥΣΗΣ ΑΠΟΧΕΤΕΥΣΗΣ ΒΟΛΟΥ,65.51,,0841β08
63ΞΞ4690ΒΩ-ΡΥ0,2025-05-07,"ΦΩΤΙΣΜΟΣ, ΚΙΝΗΣΗ,ΘΕΡΜΑΝΣΗ (ΜΕ ΗΛΕΚΤΡ.Η ΜΕ ΦΥΣΙΚΟ ΑΕΡΙΟ) ΚΨΥ ME ΠΑΡΟΧΗ 44105784-014 ΑΠΟ (09/07/2024- 09/08/2024,10/08/2024-25/08/2024,26/08/2024-23/09/2024,24/09/2024-30/09/2024,01/10/2024-31/10/2024,01/11/2024-30/11/2024)",090071204,ΔΗΜΟΤΙΚΗ ΕΠΙΧΕΙΡΗΣΗ ΥΔΡΕΥΣΗΣ ΑΠΟΧΕΤΕΥΣΗΣ ΒΟΛΟΥ,35.08,,0841α09
63ΞΞ4690ΒΩ-ΡΥ0,2025-05-07,"ΦΩΤΙΣΜΟΣ, ΚΙΝΗΣΗ,ΘΕΡΜΑΝΣΗ (ΜΕ ΗΛΕΚΤΡ.Η ΜΕ ΦΥΣΙΚΟ ΑΕΡΙΟ) ΚΨΥ ME ΠΑΡΟΧΗ 44105784-014 ΑΠΟ (09/07/2024- 09/08/2024,10/08/2024-25/08/2024,26/08/2024-23/09/2024,24/09/2024-30/09/2024,01/10/2024-31/10/2024,01/11/2024-30/11/2024)",090071204,ΔΗΜΟΤΙΚΗ ΕΠΙΧΕΙΡΗΣΗ ΥΔΡΕΥΣΗΣ ΑΠΟΧΕΤΕΥΣΗΣ ΒΟΛΟΥ,540.3,,0841β09
6Α7Φ4690ΒΩ-1ΑΑ,2025-05-07,"ΦΩΤΙΣΜΟΣ, ΚΙΝΗΣΗ,ΘΕΡΜΑΝΣΗ (ΜΕ ΗΛΕΚΤΡ.Η ΜΕ ΦΥΣΙΚΟ ΑΕΡΙΟ) ΚΨΥ ME ΠΑΡΟΧΗ 44105784-014 ΑΠΟ (09/07/2024- 09/08/2024,10/08/2024-25/08/2024,26/08/2024-23/09/2024,24/09/2024-30/09/2024,01/10/2024-31/10/2024,01/11/2024-30/11/2024)",090000045,ΔΗΜΟΣΙΑ ΕΠΙΧΕΙΡΗΣΗ ΗΛΕΚΤΡΙΣΜΟΥ ΑΝΩΝΥΜΗ ΕΤΑΙΡΙΑ,4111.0,,0842α09
99ΕΦ4690ΒΩ-Π59,2025-05-07,"ΥΔΡΕΥΣΗ ΚΑΙ ΑΡΔΕΥΣΗ ΓΙΑ ΦΙΛΥΡΑ ΜΕ ΑΡ ΠΑΡΟΧΗΣ 19/2235 ,ΜΕ ΑΡ ΠΑΡΟΧΗΣ ΑΠΟ (01/10/2023-31/10/2023,01/11/2023- 30/11/2023,01/12/2023-31/12/2023,01/01/2024-31/01/2024,01/02/2024/29/02/2024,01/03/2024-31/03/2024,01/042024-30/04/2024,01/05/2024- 31/05/2024,01/06/2024-30/06/2024,01/07/2024-31/07/2024) 84990 (01/10/2023-31/12/2023, 01/01/2024-31-03/2024,01/07/2024- 30/09/2024,01/10/2024-31/12/2024) ,",090071204,ΔΗΜΟΤΙΚΗ ΕΠΙΧΕΙΡΗΣΗ ΥΔΡΕΥΣΗΣ ΑΠΟΧΕΤΕΥΣΗΣ ΒΟΛΟΥ,2363.0,,0841β06
6ΧΖΔ4690ΒΩ-Δ0Σ,2025-05-07,"ΚΙΝΗΣΗ,ΘΕΡΜΑΝΣΗ (ΜΕ ΗΛΕΚΤΡ.Η ΜΕ ΦΥΣΙΚΟ ΑΕΡΙΟ) ΦΙΛΥΡΑ ΜΕ ΠΑΡΟΧΗ 440117607-012,440112402-020 ΑΠΟ ( 09/07/2024-23/07/2024,24/07/2024-23/08/2024,24/08/2024-21/09/2024,22/09/2024-30/09/2024,01/10/2024-31/10/2024,01/11/2024-30/11/2024,).",090000045,ΔΗΜΟΣΙΑ ΕΠΙΧΕΙΡΗΣΗ ΗΛΕΚΤΡΙΣΜΟΥ ΑΝΩΝΥΜΗ ΕΤΑΙΡΙΑ,1595.0,,0842β06
90ΩΥ4690ΒΩ-ΧΝΥ,2025-05-07,"ΠΡΟΜΗΘΕΙΑ ΦΑΡΜΑΚΕΥΤΙΚΟΥ ΥΛΙΚΟΥ ΝΟΣΟΚΟΜΕΙΟΥ ΓΙΑ ΤΟΥΣ ΜΗΝΕΣ ΙΑΝΟΥΑΡΙΟ, ΦΕΒΡΟΥΑΡΙΟ & ΜΑΡΤΙΟ 2024 (ΓΔΟΥ/οικ.59434/31- 7-2018) ΠΡΟΣΘΕΤΟ REBATE Α' & Β' ΕΞΑΜΗΝΟΥ 2022 (81,13) & Α'ΕΞΑΜΗΝΟΥ 2023 (27,17) THΣ ΠΑΡ.3 TOY AΡΘΡΟ 35 TOY N. 3918/2011) & ΣΥΜΦΩΝΑ ΜΕ ΤΙΣ ΔΙΑΤΑΞΕΙΣ ΤΟΥ Ν.5161/2024 αρθ.14 (ΦΕΚ 196/ τ.Α΄/29-11-2024)",999636520,VERISFIELD ΜΟΝΟΠΡΟΣΩΠΗ ΑΕ,1520.16,,1312β01
Ρ4ΚΧ4690ΒΩ-3ΧΞ,2025-05-07,: ΠΡΟΜΗΘΕΙΑ ΦΑΡΜΑΚΕΥΤΙΚΟΥ ΥΛΙΚΟΥ ΝΟΣΟΚΟΜΕΙΟΥ ΓΙΑ ΤΟΝ ΜΗΝΑ ΔΕΚΕΜΒΡΙΟ 2023 (ΓΔΟΥ/οικ.59434/31-7-2018) ΠΡΟΣΘΕΤΟ CLAW BACK A΄ ΕΞΑΜΗΝΟΥ 2023 ΣΥΜΦΩΝΑ ΜΕ ΤΟ ΥΠ΄ΑΡΙΘΜ. Β1β/Γ.Π./οικ. 50231/2017 (ΦΕΚ 2255/Β/2017) ΚΑΙ ΣΥΜΦΩΝΑ ΜΕ ΤΙΣ ΔΙΑΤΑΞΕΙΣ ΤΟΥ Ν.5161/2024 αρθ.14 (ΦΕΚ 196/ τ.Α΄/29-11-2024),999636520,VERISFIELD ΜΟΝΟΠΡΟΣΩΠΗ ΑΕ,1140.13,,1312β01
ΡΩΑΑ4690ΒΩ-916,2025-05-07,"ΠΡΟΜΗΘΕΙΑ ΒΕΛΟΝΩΝ ΔΙΑΤΡΗΣΗΣ , ΣΤΡΟΦΥΓΓΩΝ 3WAY, ΥΠΟΔΟΧΕΩΝ ΣΩΛΗΝΑΡΙΩΝ, ΜΗΝΟΣ ΟΚΡΩΒΡΙΟΥ 2024, ΧΩΡΙΣ ΣΥΜΒΑΣΗ, ΜΕ ΑΠΟΦΑΣΕΙΣ ΔΣ 45/27-9-24 Θ.24, Θ.39 & Θ.43, ΣΥΜΦΩΝΑ ΜΕ ΤΙΣ ΔΙΑΤΑΞΕΙΣ ΤΟΥ Ν.5161/2024 αρθ.14 (ΦΕΚ 196/ τ.Α΄/29-11-2024)",998632706,ΑΘΑΝΑΣΙΟΣ ΚΑΖΑΝΑΣ ΜΟΝΟΠΡΟΣΩΠΗ ΕΠΕ ΑΝΤΙΠΡΟΣΩΠΕΙΑ ΙΑΤΡΙΚΟΥ ΥΛΙΚΟΥ,1585.96,,1311β01
ΨΧΟΝ4690ΒΩ-ΠΙΨ,2025-05-07,": ΠΡΟΜΗΘΕΙΑ ΥΓΕΙΟΝΟΜΙΚΟΥ ΥΛΙΚΟΥ (ΒΗΜΑΤΟΔΟΤΕΣ) ΜΕ ΣΥΜΒΑΣΗ ΤΟΥΣ ΜΗΝΕΣ ΑΠΡΙΛΙΟ 2024 , ΙΟΥΝΙΟ 2024,ΙΟΥΛΙΟ 2024, ΣΕΠΤΕΜΒΡΙΟ 2024, (ΣΥΜΒ. 374/2023,1 ΧΕ.823/24 )",094498111,MEDTRONIC HELLAS ΙΑΤΡΙΚΑ ΜΗΧΑΝΗΜΑΤΑ ΜΟΝΟΠΡΟΣΩΠΗ ΑΝΩΝΥΜΗ ΕΜΠΟΡΙΚΗ ΕΤΑΙΡΕΙΑ,46046.64,,1311β01
Ψ07Ν4690ΒΩ-ΝΞ1,2025-05-07,ΥΠΗΡΕΣΙΕΣ ΑΣΘΕΝΟΦΟΡΩΝ ΓΙΑ ΤΗΝ ΕΞΥΠΗΡΕΤΣΗ ΔΕΥΤΕΡΟΓΕΝΩΝ ΔΙΑΚΟΜΙΔΩΝ ΜΕ ΣΥΜΒΑΣΗ ΑΠΟ 1/1/202 ΕΩΣ 31/3/2025 (ΣΥΜΒ. 53/2024 ΧΕ 1650/2024,801448170,ΘΕΣΣΑΛΙΚΗ ΙΑΤΡΟΝΟΣΗΛΕΥΤΙΚΗ ΦΡΟΝΤΙΔΑ Ι Κ Ε,25015.0,,0439α01
9Κ9Ω4690ΒΩ-377,2025-05-07,ΦΥΛΑΞΗ ΧΩΡΩΝ ΠΑΛΑΙΑΣ ΚΑΙ ΝΕΑΣ ΠΤΕΡΥΓΑΣ ΓΝΒ ΜΕ ΣΥΜΒΑΣΗ ΑΠΟ 13/7/2024 ΕΩΣ 12/8/2024 (ΣΥΜΒ.69/2023 XE 2362/2023),099796300,SWEDISH ΣΟΥΙΝΤΙΣ SYSTEMS ΣΥΣΤΕΜΣ SECURITY ΣΕΚΙΟΥΡΙΤΙ  ΙΔΙΩΤΙΚΗ ΕΠΙΧΕΙΡΗΣΗ ΠΑΡΟΧΗΣ ΥΠΗΡΕΣΙΩΝ ΑΣΦΑΛΕΙΑΣ ΜΟΝΟΠΡΟΣΩΠΗ ΕΠΕ,16881.77,,0892β01
ΨΠΓ44690ΒΩ-Λ0Σ,2025-05-07,"ΠΡΟΜΗΘΕΙΑ ΛΟΙΠΟΥ ΧΗΜΙΚΟΥ ΥΛΙΚΟΥ (ΑΝΤΙΔΡΑΣΤΗΡΙΩΝ ΕΡΓΑΣΤΗΡΙΩΝ ) ΜΕ ΣΥΜΒΑΣΗ ΤΟΥΣ ΜΗΝΕΣ ΑΠΡΙΛΙΟ,ΙΟΥΝΙΟ,ΙΟΥΛΙΟ,ΑΥΓΟΥΣΤΟ,ΟΚΤΩΒΡΙΟ,ΝΟΕΜΒΡΙΟ 2024 (ΣΥΜΒ.642/2023)",094322455,MENARINI ΔΙΑΓΝΩΣΤΙΚΑ ΙΑΤΡΙΚΑ ΟΡΓΑΝΑ ΑΕΒΕ,3918.16,,1359β01
6ΘΘ64690ΒΩ-Β98,2025-05-07,"ΠΡΟΜΗΘΕΙΑ ΛΟΙΠΟΥ ΧΗΜΙΚΟΥ ΥΛΙΚΟΥ (ΑΝΤΙΔΡΑΣΤΗΡΙΩΝ ΕΡΓΑΣΤΗΡΙΩΝ ) ΜΕ ΣΥΜΒΑΣΗ ΤΟΥΣ ΜΗΝΕΣ ΑΠΡΙΛΙΟ,ΜΑΪΟ,ΙΟΥΝΙΟ,ΙΟΥΛΙΟ,ΑΥΓΟΥΣΤΟ,ΟΚΤΩΒΡΙΟ,ΝΟΕΜΒΡΙΟ 2024 (ΣΥΜΒ.643/2023)",094178060,ΠΑΥΛΟΣ ΑΡΝΑΟΥΤΗΣ ΔΙΑΓΝΩΣΤΙΚΑ ΙΑΤΡΙΚΑ ΦΑΡΜΑΚΕΥΤΙΚΑ ΠΡΟΙΟΝΤΑ ΑΕ,18543.21,,1359β01
6Δ5Χ4690ΒΩ-ΓΒΠ,2025-05-07,": ΠΡΟΜΗΘΕΙΑ ΦΑΡΜΑΚΕΥΤΙΚΟΥ ΥΛΙΚΟΥ ΝΟΣΟΚΟΜΕΙΟΥ ΓΙΑ ΤΟ ΜΗΝΑ ΝΟΕΜΒΡΙΟ 2023 (ΓΔΟΥ/οικ.59434/31-7-2018) ΠΡΟΣΘΕΤΟ REBATE Α' (13,39) ΚΑΙ Β΄ ΕΞΑΜΗΝΟΥ (21,36) 2020 THΣ ΠΑΡ.3 TOY AΡΘΡΟ 35 TOY N. 3918/2011) ΣΥΜΦΩΝΑ ΜΕ ΤΙΣ ΔΙΑΤΑΞΕΙΣ ΤΟΥ Ν.5161/2024 αρθ.14 (ΦΕΚ 196/ τ.Α΄/29-11-2024)",999636520,VERISFIELD ΜΟΝΟΠΡΟΣΩΠΗ ΑΕ,1520.16,,1312β01
Ψ6ΒΡ4690ΒΩ-ΥΩΗ,2025-05-07,": ΠΡΟΜΗΘΕΙΑ ΦΑΡΜΑΚΕΥΤΙΚΟΥ ΥΛΙΚΟΥ ΝΟΣΟΚΟΜΕΙΟΥ ΓΙΑ ΤΟ ΜΗΝΑ ΝΟΕΜΒΡΙΟ 2023 (ΓΔΟΥ/οικ.59434/31-7-2018) ΠΡΟΣΘΕΤΟ REBATE Α' (13,39) ΚΑΙ Β΄ ΕΞΑΜΗΝΟΥ (21,36) 2020 THΣ ΠΑΡ.3 TOY AΡΘΡΟ 35 TOY N. 3918/2011) ΣΥΜΦΩΝΑ ΜΕ ΤΙΣ ΔΙΑΤΑΞΕΙΣ ΤΟΥ Ν.5161/2024 αρθ.14 (ΦΕΚ 196/τ.Α΄/29-11-2024)",999212027,ΙΑΜΕΞ ΙΑΤΡΙΚΑ ΕΙΔΗ ΑΝΩΝΥΜΟΣ ΕΤΑΙΡΙΑ,31917.49,,1313β01
68Τ04690ΒΩ-8ΜΖ,2025-05-06,": ΠΡΟΜ.ΟΡΘΟΠΕΔ,ΠΡΟΣΘΕΤ.ΚΑΙ ΛΟΙΠΩΝ ΥΛΙΚΩΝ ΑΝΑΠΗΡΩΝ, ΓΙΑ ΤΟΥΣ ΜΗΝΕΣ ΑΠΡΙΛΙΟ ΕΩΣ ΑΥΓΟΥΣΤΟ 2024, ΧΩΡΙΣ ΣΥΜΒΑΣΗ, ΜΕ ΑΠΟΦΑΣΕΙΣ ΔΣ 15/4-4-24 Θ.24 & Θ.24, 23/16-5-24 Θ.6 27/13-6-24 Θ.37 & 30/4-7-24 Θ.22, ΣΥΜΦΩΝΑ ΜΕ ΤΙΣ ΔΙΑΤΑΞΕΙΣ ΤΟΥ Ν.5161/2024 αρθ.14 (ΦΕΚ 196/ τ.Α΄/29-11-2024) ΝΟΣ",800745614,PHAREL ΜΟΝΟΠΡΟΣΩΠΗ ΙΚΕ,32164.24,,1313β01
Ρ6ΞΣ4690ΒΩ-Ρ9Ζ,2025-05-06,: ΠΡΟΜΗΘΕΙΑ ΤΡΑΠΕΖΙΚΩΝ ΕΡΓΑΣΙΩΝ ΓΙΑ ΕΞΕΡΧΟΜΕΝΕΣ ΜΕΤΑΦΟΡΕΣ ΠΙΣΤΩΣΕΩΝ ΣΕ ΤΡΑΠΕΖΕΣ ΤΟΥ ΕΞΩΤΕΡΙΚΟΥ (Χ.Ε. 723 PHAREL),094014250,EUROBANK ERGASIAS ΥΠΗΡΕΣΙΩΝ ΚΑΙ ΣΥΜΜΕΤΟΧΩΝ ΑΝΩΝΥΜΗ ΕΤΑΙΡΕΙΑ,4.0,,0431α01
ΡΕΣΖ4690ΒΩ-ΑΩΜ,2025-05-06,"ΠΡΟΜΗΘΕΙΑ ΑΙΘΥΛΙΚΗΣ ΑΛΚΟΟΛΗΣ, ΜΗΝΟΣ ΦΕΒΡΟΥΑΡΙΟΥ 2024, ΧΩΡΙΣ ΣΥΜΒΑΣΗ, ΜΕ ΑΠΟΦΑΣΗ ΔΣ 5/08-02-2024 Θ.12, ΣΥΜΦΩΝΑ ΜΕ ΤΙΣ ΔΙΑΤΑΞΕΙΣ ΤΟΥ Ν.5161/2024 αρθ.14 (ΦΕΚ 196/ τ.Α΄/29-11-2024)",095034824,ΕΝΩΣΗ ΠΟΤΟΠΟΙΩΝ ΚΑΒΑΛΑΣ ΑΕ,872.96,,1359β01
98Χ64690ΒΩ-ΞΘΥ,2025-05-06,ΠΡΟΜΗΘΕΙΑ ΦΑΡΜΑΚΕΥΤΙΚΟΥ ΥΛΙΚΟΥ ΝΟΣΟΚΟΜΕΙΟΥ ΓΙΑ ΤΟ ΜΗΝΑ ΝΟΕΜΒΡΙΟ 2023 (ΓΔΟΥ/οικ.59434/31-7-2018) ΠΡΟΣΘΕΤΟ REBATE Α' ΕΞΑΜΗΝΟΥ 2023 THΣ ΠΑΡ.3 TOY AΡΘΡΟ 35 TOY N. 3918/2011) ΚΑΙ ΣΥΜΦΩΝΑ ΜΕ ΤΙΣ ΔΙΑΤΑΞΕΙΣ ΤΟΥ Ν.5161/2024 αρθ.14 (ΦΕΚ 196/ τ.Α΄/29-11-2024),099914610,ΑΝΑΒΙΩΣΙΣ ΑΝΩΝΥΜΗ ΕΤΑΙΡΕΙΑ ΕΜΠΟΡΙΑΣ ΚΑΙ ΕΙΣΑΓΩΓΗΣ ΙΑΤΡΙΚΩΝ ΜΗΧΑΝΗΜΑΤΩΝ ΦΑΡΜΑΚΩΝ ΚΑΙ ΦΑΡΜΑΚΕΥΤΙΚΩΝ ΠΡΟΪΟΝΤΩΝ,1081.15,,1312β01
6Μ2Α4690ΒΩ-1Ν7,2025-05-06,ΠΡΟΜΗΘΕΙΑ ΦΑΡΜΑΚΕΥΤΙΚΟΥ ΥΛΙΚΟΥ ΝΟΣΟΚΟΜΕΙΟΥ ΓΙΑ ΤΟΥΣ ΜΗΝΕΣ ΟΚΤΩΒΡΙΟ ΕΩΣ ΝΟΕΜΒΡΙΟ 2023 (ΓΔΟΥ/οικ.59434/31-7-2018) ΠΡΟΣΘΕΤΟ CLAW BACK A΄ ΕΞΑΜΗΝΟΥ 2023 ΣΥΜΦΩΝΑ ΜΕ ΤΟ ΥΠ΄ΑΡΙΘΜ. Β1β/Γ.Π./οικ. 50231/2017 (ΦΕΚ 2255/Β/2017) ΚΑΙ ΣΥΜΦΩΝΑ ΜΕ ΤΙΣ ΔΙΑΤΑΞΕΙΣ ΤΟΥ Ν.5161/2024 αρθ.14 (ΦΕΚ 196/ τ.Α΄/29-11-2024),099914610,ΑΝΑΒΙΩΣΙΣ ΑΝΩΝΥΜΗ ΕΤΑΙΡΕΙΑ ΕΜΠΟΡΙΑΣ ΚΑΙ ΕΙΣΑΓΩΓΗΣ ΙΑΤΡΙΚΩΝ ΜΗΧΑΝΗΜΑΤΩΝ ΦΑΡΜΑΚΩΝ ΚΑΙ ΦΑΡΜΑΚΕΥΤΙΚΩΝ ΠΡΟΪΟΝΤΩΝ,2221.48,,1312β01
9ΩΨΦ4690ΒΩ-ΩΓ0,2025-05-06,: ΠΡΟΜΗΘΕΙΑ ΦΑΡΜΑΚΕΥΤΙΚΟΥ ΥΛΙΚΟΥ ΝΟΣΟΚΟΜΕΙΟΥ ΓΙΑ ΤΟ ΜΗΝΑ ΙΟΥΛΙΟ 2023 (ΓΔΟΥ/οικ.59434/31-7-2018) ΠΡΟΣΘΕΤΟ REBATE Α΄ ΕΞΑΜΗΝΟΥ 2023 THΣ ΠΑΡ.3 TOY AΡΘΡΟ 35 TOY N. 3918/2011 & ΣΥΜΦΩΝΑ ΜΕ ΤΙΣ ΔΙΑΤΑΞΕΙΣ ΤΟΥ Ν.5161/2024 αρθ.14 (ΦΕΚ 196/ τ.Α΄/29-11-2024),998764807,WIN MEDICA ΦΑΡΜΑΚΕΥΤΙΚΗ ΑΝΩΝΥΜΗ ΕΤΑΙΡΕΙΑ,318.0,,1312β01
6ΑΝΦ4690ΒΩ-ΚΗΗ,2025-05-06,ΠΡΟΜΗΘΕΙΑ ΦΑΡΜΑΚΕΥΤΙΚΟΥ ΥΛΙΚΟΥ ΝΟΣΟΚΟΜΕΙΟΥ ΓΙΑ ΤΟΥΣ ΜΗΝΕΣ ΟΚΤΩΒΡΙΟ 2023 ΕΩΣ ΙΟΥΛΙΟ 2024 (ΓΔΟΥ/οικ.59434/31-7-2018) ΠΡΟΣΘΕΤΟ REBATE Α' ΚΑΙ Β΄ ΕΞΑΜΗΝΟΥ 2022 THΣ ΠΑΡ.3 TOY AΡΘΡΟ 35 TOY N. 3918/2011) ΣΥΜΦΩΝΑ ΜΕ ΤΙΣ ΔΙΑΤΑΞΕΙΣ ΤΟΥ Ν.5161/2024 αρθ.14 (ΦΕΚ 196/ τ.Α΄/29-11-2024),094117447,ΦΑΡΜΑΣΕΡΒ ΛΙΛΛΥ ΑΝΩΝΥΜΗΕΜΠΟΡΙΚΗ ΚΑΙ ΒΙΟΜΗΧΑΝΙΚΗ ΕΤΑΙΡΕΙΑ ΕΠΙΣΤΗΜΟΝΙΚΗΣ ΒΟΗΘΕΙΑΣ ΚΑΙ ΑΝΤΙΠΡΟΣΩΠΕΙΩΝ,5351.01,,1312β01
63ΕΕ4690ΒΩ-Υ7Π,2025-05-06,ΠΡΟΜΗΘΕΙΑ ΦΑΡΜΑΚΕΥΤΙΚΟΥ ΥΛΙΚΟΥ ΝΟΣΟΚΟΜΕΙΟΥ ΓΙΑ ΤΟΥΣ ΜΗΝΕΣ ΜΑΪΟ ΕΩΣ ΙΟΥΛΙΟ 2023 (ΓΔΟΥ/οικ.59434/31-7-2018) ΠΡΟΣΘΕΤΟ CLAW BACK A΄ ΕΞΑΜΗΝΟΥ 2023 ΣΥΜΦΩΝΑ ΜΕ ΤΟ ΥΠ΄ΑΡΙΘΜ. Β1β/Γ.Π./οικ. 50231/2017 (ΦΕΚ 2255/Β/2017) ΚΑΙ ΣΥΜΦΩΝΑ ΜΕ ΤΙΣ ΔΙΑΤΑΞΕΙΣ ΤΟΥ Ν.5161/2024 αρθ.14 (ΦΕΚ 196/ τ.Α΄/29-11-2024) ΝΟΣ,094106680,ΦΑΡΜΕΞ ΑΝΩΝΥΜΟΣ  ΤΕΧΝΙΚΗ ΤΟΥΡΙΣΤΙΚΗ ΕΜΠΟΡΙΚΗ ΚΑΙ ΒΙΟΜΗΧΑΝΙΚΗ ΕΤΑΙΡΕΙΑ,2541.5,,1312β01
ΨΤΣΜ4690ΒΩ-Δ40,2025-05-06,ΠΡΟΜΗΘΕΙΑ ΦΑΡΜΑΚΕΥΤΙΚΟΥ ΥΛΙΚΟΥ ΝΟΣΟΚΟΜΕΙΟΥ ΓΙΑ ΤΟ ΜΗΝΑ ΙΑΝΟΥΑΡΙΟ 2024 (ΓΔΟΥ/οικ.59434/31-7-2018) ΠΡΟΣΘΕΤΟ REBATE Α΄ ΕΞΑΜΗΝΟΥ 2023 THΣ ΠΑΡ.3 TOY AΡΘΡΟ 35 TOY N. 3918/2011 & ΣΥΜΦΩΝΑ ΜΕ ΤΙΣ ΔΙΑΤΑΞΕΙΣ ΤΟΥ Ν.5161/2024 αρθ.14 (ΦΕΚ 196/ τ.Α΄/29-11-2024),094434000,LUNDBECK HELLAS ΦΑΡΜΑΚΕΥΤΙΚΗ ΑΝΩΝΥΜΗ ΕΤΑΙΡΙΑ,256.38,,1312β01
9ΩΚ74690ΒΩ-ΤΙΙ,2025-05-06,"ΠΡΟΜΗΘΕΙΑ ΛΟΙΠΟΥ ΧΗΜΙΚΟΥ ΥΛΙΚΟΥ (ΑΝΤΙΔΡΑΣΤΗΡΙΩΝ ΕΡΓΑΣΤΗΡΙΩΝ ) ΜΕ ΣΥΜΒΑΣΗ ΤΟΥΣ ΜΗΝΕΣ ΑΠΡΙΛΙΟ,ΙΟΥΝΙΟ,ΙΟΥΛΙΟ,ΑΥΓΟΥΣΤΟ,ΟΚΤΩΒΡΙΟ,ΝΟΕΜΒΡΙΟ 2024 (ΣΥΜΒ.644/2023)",997585069,ΚΑΛΛΙΦΡΟΝΑΣ ΕΜΠΟΡΙΚΗ ΑΝΩΝΥΜΗ ΕΤΑΙΡΕΙΑ,71521.72,,1359β01
Ρ4ΛΑ4690ΒΩ-0Α8,2025-05-05,"ΠΡΟΜΗΘΕΙΑ ΟΡΘΟΠΕΔ., ΠΡΟΣΘΕΤ. & ΛΟΙΠΩΝ ΥΛΙΚΩΝ ΑΝΑΠΗΡΩΝ (ΒΙΔΕΣ ΔΙΑΦΟΡΕΣ, ΠΛΑΚΕΣ , ΒΕΛΟΝΕΣ ΟΔΗΓΟΥΣ) ΓΙΑ ΤΟ ΜΗΝΑ ΑΠΡΙΛΙΟ 2024, ΧΩΡΙΣ ΣΥΜΒΑΣΗ, ΜΕ ΑΠΟΦΑΣΕΙΣ 12/5-10-2023 Θ.26 & ΔΣ 15/4-4-24 Θ.23, ΣΥΜΦΩΝΑ ΜΕ ΤΙΣ ΔΙΑΤΑΞΕΙΣ ΤΟΥ Ν.5161/2024 αρθ.14 (ΦΕΚ 196/ τ.Α΄/29-11-2024) ΝΟΣ",094007897,ΚΟΠΕΡ ΦΑΡΜΑΚΟΒΙΟΜΗΧΑΝΙΑΑΝΩΝΥΜΗ ΕΤΑΙΡΕΙΑ,14705.51,,1313β01
9ΘΠ44690ΒΩ-ΣΝΦ,2025-05-05,"ΠΡΟΜΗΘΕΙΑ ΥΓΕΙΟΝΟΜΙΚΟΥ ΥΛΙΚΟΥ (ΣΕΤ ΤΡΟΚΑΡ, ΣΤΡΟΦΙΓΓΕΣ 3 WAY, ΣΥΝΔΕΤΙΚΕΣ ΠΡΟΕΚΤΑΣΕΙΣ) ΓΙΑ ΤΟΥΣ ΜΗΝΕΣ ΜΑΡΤΙΟ ΕΩΣ ΙΟΥΝΙΟ 2024, ΧΩΡΙΣ ΣΥΜΒΑΣΗ, ΜΕ ΑΠΟΦΑΣΕΙΣ ΔΣ 12/13-4-24 Θ.11, 16/10-4-24 Θ.7 & 10/27-2-24 Θ.6 , ΣΥΜΦΩΝΑ ΜΕ ΤΙΣ ΔΙΑΤΑΞΕΙΣ ΤΟΥ Ν.5161/2024 αρθ.14 (ΦΕΚ 196/ τ.Α΄/29-11-2024) ΝΟΣ",094007897,ΚΟΠΕΡ ΦΑΡΜΑΚΟΒΙΟΜΗΧΑΝΙΑΑΝΩΝΥΜΗ ΕΤΑΙΡΕΙΑ,3161.88,,1311β01
ΨΓΔ44690ΒΩ-ΙΡΘ,2025-05-05,"ΠΡΟΜΗΘΕΙΑ ΟΡΘΟΠΕΔ., ΠΡΟΣΘΕΤ. & ΛΟΙΠΩΝ ΥΛΙΚΩΝ ΑΝΑΠΗΡΩΝ (ΒΙΔΕΣ ΔΙΑΦΟΡΕΣ, ΠΛΑΚΕΣ , ΒΕΛΟΝΕΣ ΟΔΗΓΟΥΣ) ΓΙΑ ΤΟ ΜΗΝΑ ΑΠΡΙΛΙΟ 2024, ΧΩΡΙΣ ΣΥΜΒΑΣΗ, ΜΕ ΑΠΟΦΑΣΗ ΔΣ 15/4-4-24 Θ.24, ΣΥΜΦΩΝΑ ΜΕ ΤΙΣ ΔΙΑΤΑΞΕΙΣ ΤΟΥ Ν.5161/2024 αρθ.14 (ΦΕΚ 196/ τ.Α΄/29-11-2024) ΝΟΣ",094007897,ΚΟΠΕΡ ΦΑΡΜΑΚΟΒΙΟΜΗΧΑΝΙΑΑΝΩΝΥΜΗ ΕΤΑΙΡΕΙΑ,19611.38,,1313β01
Ψ9Μ54690ΒΩ-ΞΨΝ,2025-05-05,: ΠΡΟΜΗΘΕΙΑ ΓΡΑΦΙΚΗΣ ΥΛΗΣ (ΦΑΚΕΛΟΙ) ΓΙΑ ΤΟ ΝΟΣΟΚΟΜΕΙΟ ΜΕ ΣΥΜΒΑΣΗ (ΣΥΜΒ 361/2023 1ο ΧΕ 3005/2024) ΓΙΑ ΤΟ ΜΗΝΑ ΙΟΥΝΙΟ 2024 ΣΥΜΦΩΝΑ ΜΕ ΤΙΣ ΔΙΑΤΑΞΕΙΣ ΤΟΥ Ν.5161/2024 αρθ.14 (ΦΕΚ 196/ τ.Α΄/29-11-2024),081576638,ΕΜΜΑΝΟΥΗΛ  Γ ΛΑΒΔΑΚΗΣ  ΟΕ,173.6,,1293β01
9ΝΖΗ4690ΒΩ-ΡΧ6,2025-05-05,ΣΥΝΤΗΡΗΣΗ ΥΠΟΣΤΗΡΙΞΗ ΠΛΗΡΟΦΟΡΙΑΚΟΥ ΣΥΣΤΗΜΑΤΟΣ ΤΗΣ ΑΙΜΟΔΟΣΙΑΣ ΜΕ ΣΥΜΒΑΣΗ ΑΠΟ 2/6/2024 ΕΩΣ 1/9/2024 (ΣΥΜΒ. 385/2023 ΧΕ 874/2024,095659768,ΠΛΗΡΟΦΟΡΙΚΗ ΕΛΛΑΔΟΣ ΕΤΑΙΡΕΙΑ ΠΕΡΙΟΡΙΣΜ ΕΥΘΥΝΗΣ,1782.5,,0426α01
6ΣΒΙ4690ΒΩ-ΤΒΡ,2025-05-05,": ΠΡΟΜΗΘΕΙΑ ΥΓΕΙΟΝΟΜΙΚΟΥ ΥΛΙΚΟΥ («ΥΛΙΚΩΝ ΑΙΜΟΔΥΝΑΜΙΚΟΥ: Α) ΥΛΙΚΩΝ ΑΓΓΕΙΟΓΡΑΦΙΑΣ ΚΑΙ Β) ΑΓΓΕΙΑΚΩΝ ΠΡΟΘΕΣΕΩΝ ») ME ΣΥΜΒΑΣΗ ΤΟΥΣ ΜΗΝΕΣ ΔΕΚΕΜΒΡΙΟ 2023 , ΙΟΥΛΙΟ ,ΟΚΤΩΒΡΙΟ,ΝΟΕΜΒΡΙΟ 2024 (ΣΥΜΒ. 336/2023)",997808976,Β ΤΥΜΠΑΝΙΔΗΣ Κ ΜΟΥΣΤΑΚΑ ΟΕ,816.0,,1311β01
ΨΜΟΗ4690ΒΩ-ΛΥ7,2025-05-05,ΠΡΟΜΗΘΕΙΑ ΟΡΘΟΠΕΔΙΚΟΥ ΥΛΙΚΟΤΥ ΜΕ ΣΥΜΒΑΣΗ ΤΟΝ ΜΗΝΑ ΑΠΡΙΛΙΟ 2024 (ΣΥΜΒ.542/2023) ΑΠΑΞ ΠΑΡΑΓΓΕΛΙΑ (ΣΥΜΒ. 542/2023) ΣΥΜΦΩΝΑ ΜΕ ΤΙΣ ΔΙΑΤΑΞΕΙΣ ΤΟΥ Ν. 5161/2024 αρθ.14 (ΦΕΚ 196/τ. Α΄/29-11-2024,094007897,ΚΟΠΕΡ ΦΑΡΜΑΚΟΒΙΟΜΗΧΑΝΙΑΑΝΩΝΥΜΗ ΕΤΑΙΡΕΙΑ,6915.6,,1313β01
ΨΠΚΧ4690ΒΩ-Ε71,2025-05-02,": ΠΡΟΜΗΘΕΙΑ ΑΙΜΟΣΤΑΤΙΚΩΝ ΣΠΟΓΓΩΝ, ΜΗΝΟΣ ΙΟΥΛΙΟΥ 2024, ΧΩΡΙΣ ΣΥΜΒΑΣΗ, ΜΕ ΑΠΟΦΑΣΗ ΔΣ 33/25-7-2024 Θ.19 ΣΥΜΦΩΝΑ ΜΕ ΤΙΣ ΔΙΑΤΑΞΕΙΣ ΤΟΥ Ν.5161/2024 αρθ.14 (ΦΕΚ 196/ τ.Α΄/29-11-2024) ΝΟΣ",997802230,MILIMED  ΑΝΩΝΥΜΗ ΕΤΑΙΡΕΙΑ ΑΝΤΙΠΡΟΣΩΠΕΥΣΗΣ ΙΑΤΡΙΚΩΝ ΜΗΧΑΝΗΜΑΤΩΝ ΚΑΙ ΣΥΝΑΦΩΝ ΕΙΔΩΝ ΤΕΧΝΙΚΗ ΚΑΤΑΣΚΕΥΑΣΤΙΚΗ ΔΙΑΦΗΜΙΣΤΙΚΗ,542.4,,1311β01
9ΝΤΥ4690ΒΩ-ΨΧΟ,2025-05-02,ΠΡΟΜΗΘΕΙΑ ΤΡΑΠΕΖΙΚΩΝ ΕΡΓΑΣΙΩΝ ΓΙΑ ΕΞΕΡΧΟΜΕΝΕΣ ΜΕΤΑΦΟΡΕΣ ΠΙΣΤΩΣΕΩΝ ΣΕ ΤΡΑΠΕΖΕΣ ΤΟΥ ΕΞΩΤΕΡΙΚΟΥ (Χ.Ε. 558 MILIMED),094014250,EUROBANK ERGASIAS ΥΠΗΡΕΣΙΩΝ ΚΑΙ ΣΥΜΜΕΤΟΧΩΝ ΑΝΩΝΥΜΗ ΕΤΑΙΡΕΙΑ,1.2,,0431α01
9ΕΕΞ4690ΒΩ-13Ρ,2025-05-02,"ΠΡΟΜΗΘΕΙΑ ΘΗΛΩΝ ΩΤΟΑΚΟΥΣΤΙΚΩΝ, ΜΗΝΟΣ ΝΟΕΜΒΡΙΟΥ 2024, ΧΩΡΙΣ ΣΥΜΒΑΣΗ, ΜΕ ΑΠΟΦΑΣΗ ΔΣ 43/25-9-24 Θ. 16, ΣΥΜΦΩΝΑ ΜΕ ΤΙΣ ΔΙΑΤΑΞΕΙΣ ΤΟΥ Ν.5161/2024 αρθ.14 (ΦΕΚ 196/ τ.Α΄/29-11-2024)",999397435,DAMPLAID ΕΜΠΟΡΙΟ ΙΑΤΡΙΚΩΝ ΕΙΔΩΝ ΜΟΝΟΠΡΟΣΩΠΗ ΑΝΩΝΥΜΟΣ ΕΤΑΙΡΕΙΑ Α.Ε.,471.2,,1439β01
9ΚΚΘ4690ΒΩ-ΚΞΖ,2025-05-02,ΠΡΟΜΗΘΕΙΑ ΕΙΔΩΝ ΣΥΝΤΗΡΗΣΗΣ - ΕΠΙΣΚΕΥΗΣ ΑΞΟΝΙΚΟΥ ΜΑΓΝΗΤΙΚΟΥ ΤΟΜΟΓΡΑΦΟΥ ΜΕ ΣΥΜΒΑΣΗ ΤΟΝ ΜΗΝΑ ΣΕΠΤΕΜΒΡΙΟ 2024 (ΣΥΜΒ.444/2024) ΣΥΜΦΩΝΑ ΜΕ ΤΙΣ ΔΙΑΤΑΞΕΙΣ ΤΟΥ Ν. 5161/2024 αρθ.14 (ΦΕΚ 196/τ. Α΄/29-11-2024,999234290,Σ ΚΑΤΕΧΗΣ ΚΑΙ ΣΙΑ ΟΕ,11160.0,,1439β01
94Π94690ΒΩ-Δ93,2025-05-02,"ΠΡΟΜΗΘΕΙΑ ΑΠΟΛΥΜΑΝΤΙΚΟΥ ΥΛΙΚΟΥ ΜΕ ΣΥΜΒΑΣΗ ΤΟΥΣ ΜΗΝΕΣ ΦΕΒΡΟΥΑΡΙΟ,ΑΥΓΟΥΣΤΟ,ΣΕΠΤΕΜΒΡΙΟ 2024 (ΣΥΜΒ.219/2023 ΧΕ 1200/2024)",999656321,ΒΙΟΚΟΝ ΙΑΤΡΙΚΑ ΚΑΙ ΒΙΟΤΕΧΝΟΛΟΓΙΚΑ ΠΡΟΙΟΝΤΑ ΕΤΑΙΡΕΙΑ ΠΕΡΙΟΡΙΣΜΕΝΗΣ ΕΥΘΥΝΗΣ,999.58,,1351β01
9Φ0Θ4690ΒΩ-Λ0Λ,2025-05-02,ΠΡΟΜΗΘΕΙΑ ΥΓΕΙΟΝΟΜΙΚΟΥ ΥΛΙΚΟΥ (ΙΑΤΡΙΚΑ ΔΙΑΛΥΜΑΤΑ) ΜΕ ΥΜΒΑΣΗ ΤΟΝ ΜΗΝΑ ΦΕΒΡΟΥΑΡΙΟ 2024 (ΣΥΜΒ.367/2022 ΧΕ 2453/2023),094251753,ΑΡΗΤΗ ΑΝΩΝΥΜΗ ΕΤΑΙΡΕΙΑ ΦΑΡΜΑΚΕΥΤΙΚΩΝ ΚΑΙ ΙΑΤΡΙΚΩΝ ΠΡΟΙΟΝΤΩΝ,508.5,,1311β01
9ΓΔΨ4690ΒΩ-Π2Τ,2025-05-02,ΠΡΟΜΗΘΕΙΑ ΦΑΡΜΑΚΕΥΤΙΚΟΥ ΥΛΙΚΟΥ ΝΟΣΟΚΟΜΕΙΟΥ ΓΙΑ ΤΟΥΣ ΜΗΝΕΣ ΟΚΤΩΒΡΙΟ 2023 ΕΩΣ ΙΟΥΛΙΟ 2024 (ΓΔΟΥ/οικ.59434/31-7-2018) ΠΡΟΣΘΕΤΟ REBATE Α' ΚΑΙ Β΄ ΕΞΑΜΗΝΟΥ 2022 THΣ ΠΑΡ.3 TOY AΡΘΡΟ 35 TOY N. 3918/2011) ΣΥΜΦΩΝΑ ΜΕ ΤΙΣ ΔΙΑΤΑΞΕΙΣ ΤΟΥ Ν.5161/2024 αρθ.14 (ΦΕΚ 196/ τ.Α΄/29-11-2024),094117447,ΦΑΡΜΑΣΕΡΒ ΛΙΛΛΥ ΑΝΩΝΥΜΗΕΜΠΟΡΙΚΗ ΚΑΙ ΒΙΟΜΗΧΑΝΙΚΗ ΕΤΑΙΡΕΙΑ ΕΠΙΣΤΗΜΟΝΙΚΗΣ ΒΟΗΘΕΙΑΣ ΚΑΙ ΑΝΤΙΠΡΟΣΩΠΕΙΩΝ,5351.01,,1312β01
ΨΟΑΘ4690ΒΩ-5ΦΜ,2025-05-02,ΠΡΟΜΗΘΕΙΑ ΦΑΡΜΑΚΕΥΤΙΚΟΥ ΥΛΙΚΟΥ ΝΟΣΟΚΟΜΕΙΟΥ ΓΙΑ ΤΟ ΜΗΝΑ ΑΠΡΙΛΙΟ 2024 (ΓΔΟΥ/οικ.59434/31-7-2018) ΠΡΟΣΘΕΤΟ REBATE Α΄ ΕΞΑΜΗΝΟΥ 2023 THΣ ΠΑΡ.3 TOY AΡΘΡΟ 35 TOY N. 3918/2011 & ΣΥΜΦΩΝΑ ΜΕ ΤΙΣ ΔΙΑΤΑΞΕΙΣ ΤΟΥ Ν.5161/2024 αρθ.14 (ΦΕΚ 196/ τ.Α΄/29-11-2024),094429246,ΦΑΡΜΑΣΥΝ ΑΝΩΝΥΜΗ ΕΜΠΟΡΙΚΗ ΦΑΡΜΑΚΕΥΤΙΚΗ ΕΤΑΙΡΕΙΑ,858.74,,1312β01
ΨΖΡΞ4690ΒΩ-Σ1Μ,2025-05-02,: ΠΡΟΜΗΘΕΙΑ ΦΑΡΜΑΚΕΥΤΙΚΟΥ ΥΛΙΚΟΥ ΝΟΣΟΚΟΜΕΙΟΥ ΓΙΑ ΤΟΥΣ ΜΗΝΕΣ ΑΥΓΟΥΣΤΟ 2023 ΕΩΣ ΜΑΡΤΙΟ 2024 (ΓΔΟΥ/οικ.59434/31-7-2018) ΠΡΟΣΘΕΤΟ CLAW BACK A΄ ΕΞΑΜΗΝΟΥ 2023 ΣΥΜΦΩΝΑ ΜΕ ΤΟ ΥΠ΄ΑΡΙΘΜ. Β1β/Γ.Π./οικ. 50231/2017 (ΦΕΚ 2255/Β/2017) ΚΑΙ ΣΥΜΦΩΝΑ ΜΕ ΤΙΣ ΔΙΑΤΑΞΕΙΣ ΤΟΥ Ν.5161/2024 αρθ.14 (ΦΕΚ 196/ τ.Α΄/29-11-2024),094429246,ΦΑΡΜΑΣΥΝ ΑΝΩΝΥΜΗ ΕΜΠΟΡΙΚΗ ΦΑΡΜΑΚΕΥΤΙΚΗ ΕΤΑΙΡΕΙΑ,1103.06,,1312β01
ΨΑΨΦ4690ΒΩ-1Ν0,2025-05-02,ΠΡΟΜΗΘΕΙΑ ΦΑΡΜΑΚΕΥΤΙΚΟΥ ΥΛΙΚΟΥ ΝΟΣΟΚΟΜΕΙΟΥ ΓΙΑ ΤΟΝ ΜΗΝΑ ΙΟΥΝΙΟ 2024 (ΓΔΟΥ/οικ.59434/31-7-2018) ΠΡΟΣΘΕΤΟ REBATE Α' ΕΞΑΜΗΝΟΥ 2023 THΣ ΠΑΡ.3 TOY AΡΘΡΟ 35 TOY N. 3918/2011) & ΣΥΜΦΩΝΑ ΜΕ ΤΙΣ ΔΙΑΤΑΞΕΙΣ ΤΟΥ Ν.5161/2024 αρθ.14 (ΦΕΚ 196/ τ.Α΄/29-11-2024),998935152,RECORDATI HELLAS ΑΝΑΠΤΥΞΗ ΚΑΤΑΣΚΕΥΗ ΚΑΙ ΕΜΠΟΡΙΑ ΦΑΡΜΑΚΕΥΤΙΚΩΝ ΚΑΙ ΧΗΜΙΚΩΝ ΠΡΟΙΟΝΤΩΝ ΚΑΙ ΠΡΟΙΟΝΤΩΝ ΥΓΕΙΑΣ ΑΝΩΝΥΜΗ ΕΤΑΙΡΙΑ,66.21,,1312β01
ΨΥΚΔ4690ΒΩ-Ψ9Υ,2025-05-02,": ΠΡΟΜΗΘΕΙΑ ΦΑΡΜΑΚΕΥΤΙΚΟΥ ΥΛΙΚΟΥ ΝΟΣΟΚΟΜΕΙΟΥ ΓΙΑ ΤΟΥΣ ΜΗΝΕΣ ΟΚΤΩΒΡΙΟ 2023 ΕΩΣ ΚΑΙ ΑΠΡΙΛΙΟ 2024 (ΓΔΟΥ/οικ.59434/31-7- 2018) ΠΡΟΣΘΕΤΟ CLAW BACK Β ΕΞΑΜΗΝΟΥ 2021 (193,93) & Α ΕΞΑΜΗΝΟΥ 2023 (213,83)ΣΥΜΦΩΝΑ ΜΕ ΤΟ ΥΠ΄ΑΡΙΘΜ. Β1β/Γ.Π./οικ. 50231/2017 (ΦΕΚ 2255/Β/2017) ΚΑΙ ΣΥΜΦΩΝΑ ΜΕ ΤΙΣ ΔΙΑΤΑΞΕΙΣ ΣΥΜΦΩΝΑ ΜΕ ΤΙΣ ΔΙΑΤΑΞΕΙΣ ΤΟΥ Ν. 5102/2024 αρθ.41 (ΦΕΚ 55/τ. Α΄/13-04-2024)",998935152,RECORDATI HELLAS ΑΝΑΠΤΥΞΗ ΚΑΤΑΣΚΕΥΗ ΚΑΙ ΕΜΠΟΡΙΑ ΦΑΡΜΑΚΕΥΤΙΚΩΝ ΚΑΙ ΧΗΜΙΚΩΝ ΠΡΟΙΟΝΤΩΝ ΚΑΙ ΠΡΟΙΟΝΤΩΝ ΥΓΕΙΑΣ ΑΝΩΝΥΜΗ ΕΤΑΙΡΙΑ,518.93,,1312β01
9ΩΙΤ4690ΒΩ-64Ε,2025-04-30,ΑΥΤΟΜΑΤΗ ΕΓΓΡΑΦΗ (ΤΡΑΠΕΖΙΚΑ ΕΞΟΔΑ) ΛΟΓ/ΜΟΥ ΓΙΑ ΠΛΗΡΩΜΕΣ ΠΡΟΜΗΘΕΥΤΩΝ,094014250,EUROBANK ERGASIAS ΥΠΗΡΕΣΙΩΝ ΚΑΙ ΣΥΜΜΕΤΟΧΩΝ ΑΝΩΝΥΜΗ ΕΤΑΙΡΕΙΑ,45.0,,
95ΔΜ4690ΒΩ-5ΕΞ,2025-04-30,: ΑΥΤΟΜΑΤΗ ΕΓΓΡΑΦΗ (ΤΡΑΠΕΖΙΚΑ ΕΞΟΔΑ) ΛΟΓ/ΜΟΥ ΓΙΑ ΠΛΗΡΩΜΗ ΠΡΟΜΗΘΕΥΤΩΝ,094014213,ΤΡΑΠΕΖΑ ΤΗΣ ΕΛΛΑΔΟΣ ΑΕ,43.1,,
Ψ2654690ΒΩ-Ο0Ω,2025-04-30,": ΠΡΟΜΗΘΕΙΑ ΕΝΤΕΡΙΚΩΝ ΤΡΟΦΩΝ ΧΩΡΙΣ ΣΥΜΒΑΣΗ ΜΕ ΑΠΟΦΑΣΕΙΣ ΔΣ 10/27-2-2024 (Θ.12ο),4/31-1-2024 (Θ.12ο),45/27-9- 2024(θ.28ο),39/5-9-2024 (Θ.3ο),43/25-9-2024 (Θ.12ο),25/30-5-2024(Θ.22ο) ΤΟΥΣ ΜΗΝΕΣ ΜΑΡΤΙΟ,ΑΠΡΙΛΙΟ,ΙΟΥΝΙΟ,ΣΕΠΤΕΜΒΡΙΟ,ΟΚΤΩΒΡΙΟ,ΝΟΕΜΒΡΙΟ 2024 ΣΥΜΦΩΝΑ ΜΕ ΤΙΣ ΔΙΑΤΑΞΕΙΣ ΤΟΥ Ν. 5161/2024 αρθ.14 (ΦΕΚ 196/τ. Α΄/29-11-2024",800537801,SYN INNOVATION LABORATORIES ΕΜΠΟΡΙΑ ΚΑΙ ΠΑΡΑΓΩΓΗ ΦΑΡΜΑΚΩΝ ΔΙΑΤΡΟΦΙΚΩΝ ΒΙΟΤΕΧΝΟΛΟΓΙΚΩΝ ΠΡΟΙΟΝΤΩΝ ΑΝΩΝΥΜΗ ΕΤΑΙΡΕΙΑ,7946.26,,1511β01
6ΞΥΘ4690ΒΩ-6ΦΖ,2025-04-30,: ΠΡΟΜΗΘΕΙΑ ΟΡΘΟΠΕΔΙΚΟΥ ΥΛΙΚΟΥ ΜΕ ΣΥΜΒΑΣΗ ΤΟΝ ΜΗΝΑ ΑΠΡΙΛΙΟ 2024 (ΣΥΜΒ.187/2024) ΑΠΑΞ ΠΑΡΑΓΓΕΛΙΑ ΣΥΜΦΩΝΑ ΜΕ ΤΙΣ ΔΙΑΤΑΞΕΙΣ ΤΟΥ Ν. 5161/2024 αρθ.14 (ΦΕΚ 196/τ. Α΄/29-11-2024,999307110,ΚΑΛΤΕΚ ΕΜΠΟΡΙΑ ΙΑΤΡΙΚΩΝ ΕΙΔΩΝ ΠΡΟΙΟΝΤΩΝ ΚΑΙ ΜΗΧΑΝΗΜΑΤΩΝ ΜΟΝΟΠΡΟΣΩΠΗ ΑΝΩΝΥΜΗ ΕΤΑΙΡΙΑ,5018.28,,1313β01
ΡΕΑΒ4690ΒΩ-ΣΗΣ,2025-04-30,: ΠΡΟΜΗΘΕΙΑ ΟΡΘΟΠΕΔΙΚΟΥ ΥΛΙΚΟΥ ΜΕ ΣΥΜΒΑΣΗ ΤΟΝ ΜΗΝΑ ΑΠΡΙΛΙΟ 2024 (ΣΥΜΒ.200/2024) ΑΠΑΞ ΠΑΡΑΓΓΕΛΙΑ ΣΥΜΦΩΝΑ ΜΕ ΤΙΣ ΔΙΑΤΑΞΕΙΣ ΤΟΥ Ν. 5161/2024 αρθ.14 (ΦΕΚ 196/τ. Α΄/29-11-2024,999307110,ΚΑΛΤΕΚ ΕΜΠΟΡΙΑ ΙΑΤΡΙΚΩΝ ΕΙΔΩΝ ΠΡΟΙΟΝΤΩΝ ΚΑΙ ΜΗΧΑΝΗΜΑΤΩΝ ΜΟΝΟΠΡΟΣΩΠΗ ΑΝΩΝΥΜΗ ΕΤΑΙΡΙΑ,5018.28,,1313β01
9Ν484690ΒΩ-ΔΘ4,2025-04-30,ΠΡΟΜΗΘΕΙΑ ΟΡΘΟΠΕΔΙΚΟΥ ΥΛΙΚΟΥ ΜΕ ΣΥΜΒΑΣΗ ΤΟΝ ΜΗΝΑ ΑΠΡΙΛΙΟ 2024 (ΣΥΜΒ.185/2024) ΑΠΑΞ ΠΑΡΑΓΓΕΛΙΑ ΣΥΜΦΩΝΑ ΜΕ ΤΙΣ ΔΙΑΤΑΞΕΙΣ ΤΟΥ Ν. 5161/2024 αρθ.14 (ΦΕΚ 196/τ. Α΄/29-11-2024,999307110,ΚΑΛΤΕΚ ΕΜΠΟΡΙΑ ΙΑΤΡΙΚΩΝ ΕΙΔΩΝ ΠΡΟΙΟΝΤΩΝ ΚΑΙ ΜΗΧΑΝΗΜΑΤΩΝ ΜΟΝΟΠΡΟΣΩΠΗ ΑΝΩΝΥΜΗ ΕΤΑΙΡΙΑ,5560.68,,1313β01
9ΡΨΣ4690ΒΩ-Λ00,2025-04-30,"ΕΝΟΙΚΙΑ ΑΝΑΠΝΕΥΣΤΙΚΩΝ ΣΥΣΚΕΥΩΝ ΜΕ ΣΥΜΒΑΣΗ ΤΟΥΣ ΜΗΝΕΣ ΙΑΝΟΥΑΡΙΟ,ΦΕΒΡΟΥΑΡΙΟ,ΜΑΡΤΙΟ,ΑΠΡΙΛΙΟ,ΜΑΪΟ,ΙΟΥΛΙΟ,ΑΥΓΟΥΣΤΟ,ΣΕΠΤΕΜΒΡΙΟ,ΟΚΤΩΒΡΙΟ,ΝΟΕΜΒΡΙΟ 2024 (ΣΥΜΒ. 766/2023) ΣΥΜΦΩΝΑ ΜΕ ΤΙΣ ΔΙΑΤΑΞΕΙΣ ΤΟΥ Ν. 5161/2024 αρθ.14 (ΦΕΚ 196/τ. Α΄/29-11-2024",095167018,ΛΙΝΤΕ ΕΛΛΑΣ ΜΟΝΟΠΡΟΣΩΠΗ  ΕΤΑΙΡΕΙΑ  ΠΕΡΙΟΡΙΣΜΕΝΗΣ ΕΥΘΥΝΗΣ,11838.27,,0899β01
ΨΝΕ94690ΒΩ-3Μ9,2025-04-30,ΠΡΟΜΗΘΕΙΑ ΟΡΘΟΠΕΔΙΚΟΥ ΥΛΙΚΟΥ ΜΕ ΣΥΜΒΑΣΗ ΤΟΝ ΜΗΝΑ ΑΠΡΙΛΙΟ 2024 (ΣΥΜΒ.195/2024) ΑΠΑΞ ΠΑΡΑΓΓΕΛΙΑ ΣΥΜΦΩΝΑ ΜΕ ΤΙΣ ΔΙΑΤΑΞΕΙΣ ΤΟΥ Ν. 5161/2024 αρθ.14 (ΦΕΚ 196/τ. Α΄/29-11-2024,999307110,ΚΑΛΤΕΚ ΕΜΠΟΡΙΑ ΙΑΤΡΙΚΩΝ ΕΙΔΩΝ ΠΡΟΙΟΝΤΩΝ ΚΑΙ ΜΗΧΑΝΗΜΑΤΩΝ ΜΟΝΟΠΡΟΣΩΠΗ ΑΝΩΝΥΜΗ ΕΤΑΙΡΙΑ,5560.68,,1313β01
9ΚΑ14690ΒΩ-9Β4,2025-04-30,: ΠΡΟΜΗΘΕΙΑ ΟΡΘΟΠΕΔΙΚΟΥ ΥΛΙΚΟΥ ΜΕ ΣΥΜΒΑΣΗ ΤΟΝ ΜΗΝΑ ΑΠΡΙΛΙΟ 2024 (ΣΥΜΒ.203/2024) ΑΠΑΞ ΠΑΡΑΓΓΕΛΙΑ ΣΥΜΦΩΝΑ ΜΕ ΤΙΣ ΔΙΑΤΑΞΕΙΣ ΤΟΥ Ν. 5161/2024 αρθ.14 (ΦΕΚ 196/τ. Α΄/29-11-2024,999307110,ΚΑΛΤΕΚ ΕΜΠΟΡΙΑ ΙΑΤΡΙΚΩΝ ΕΙΔΩΝ ΠΡΟΙΟΝΤΩΝ ΚΑΙ ΜΗΧΑΝΗΜΑΤΩΝ ΜΟΝΟΠΡΟΣΩΠΗ ΑΝΩΝΥΜΗ ΕΤΑΙΡΙΑ,5560.68,,1313β01
6ΤΝΚ4690ΒΩ-Α2Ι,2025-04-30,ΠΡΟΜΗΘΕΙΑ ΟΡΘΟΠΕΔΙΚΟΥ ΥΛΙΚΟΥ ΜΕ ΣΥΜΒΑΣΗ ΤΟΝ ΜΗΝΑ ΑΠΡΙΛΙΟ 2024 (ΣΥΜΒ.216/2024) ΑΠΑΞ ΠΑΡΑΓΓΕΛΙΑ ΣΥΜΦΩΝΑ ΜΕ ΤΙΣ ΔΙΑΤΑΞΕΙΣ ΤΟΥ Ν. 5161/2024 αρθ.14 (ΦΕΚ 196/τ. Α΄/29-11-2024,999307110,ΚΑΛΤΕΚ ΕΜΠΟΡΙΑ ΙΑΤΡΙΚΩΝ ΕΙΔΩΝ ΠΡΟΙΟΝΤΩΝ ΚΑΙ ΜΗΧΑΝΗΜΑΤΩΝ ΜΟΝΟΠΡΟΣΩΠΗ ΑΝΩΝΥΜΗ ΕΤΑΙΡΙΑ,5573.08,,1313β01
ΡΟΑΚ4690ΒΩ-Ψ2Χ,2025-04-30,ΠΡΟΜΗΘΕΙΑ ΟΡΘΟΠΕΔΙΚΟΥ ΥΛΙΚΟΥ ΜΕ ΣΥΜΒΑΣΗ ΤΟΝ ΜΗΝΑ ΑΠΡΙΛΙΟ 2024 (ΣΥΜΒ.189/2024) ΑΠΑΞ ΠΑΡΑΓΓΕΛΙΑ ΣΥΜΦΩΝΑ ΜΕ ΤΙΣ ΔΙΑΤΑΞΕΙΣ ΤΟΥ Ν. 5161/2024 αρθ.14 (ΦΕΚ 196/τ. Α΄/29-11-2024,999307110,ΚΑΛΤΕΚ ΕΜΠΟΡΙΑ ΙΑΤΡΙΚΩΝ ΕΙΔΩΝ ΠΡΟΙΟΝΤΩΝ ΚΑΙ ΜΗΧΑΝΗΜΑΤΩΝ ΜΟΝΟΠΡΟΣΩΠΗ ΑΝΩΝΥΜΗ ΕΤΑΙΡΙΑ,5560.68,,1313β01
ΨΒ904690ΒΩ-Ρ13,2025-04-30,": ΠΡΟΜ.ΟΡΘΟΠΕΔ,ΠΡΟΣΘΕΤ.ΚΑΙ ΛΟΙΠΩΝ ΥΛΙΚΩΝ ΑΝΑΠΗΡΩΝ, MHNOΣ IOYNIOY 2024, ΧΩΡΙΣ ΣΥΜΒΑΣΗ, ΜΕ ΑΠΟΦΑΣΕΙΣ ΔΣ 23/16-5-25 Θ.6 & 27/13-6-24 Θ.37, ΣΥΜΦΩΝΑ ΜΕ ΤΙΣ ΔΙΑΤΑΞΕΙΣ ΤΟΥ Ν.5161/2024 αρθ.14 (ΦΕΚ 196/ τ.Α΄/29-11-2024) ΝΟΣ",094007897,ΚΟΠΕΡ ΦΑΡΜΑΚΟΒΙΟΜΗΧΑΝΙΑΑΝΩΝΥΜΗ ΕΤΑΙΡΕΙΑ,27033.72,,1313β01
ΡΕΗ44690ΒΩ-01Υ,2025-04-29,ΣΥΝ/ΣΗ ΚΑΙ ΕΠΙΣΚΕΥΗ ΙΑΤΡΙΚΟΥ ΕΞΟΠΛΙΣΜΟΠΥ ( KODAK) ΜΕ ΣΥΜΒΑΣΗ ΑΠΟ 24/7/2023 ΕΩΣ 23/1/2024 (ΣΥΜΒ. 351/2023) ΣΥΜΦΩΝΑ ΜΕ ΤΙΣ ΔΙΑΤΑΞΕΙΣ ΤΟΥ Ν. 5161/2024 αρθ.14 (ΦΕΚ 196/τ. Α΄/29-11-2024,094512503,ΑΠΟΣΤΟΛΟΣ ΓΕΩΡΓ ΠΑΠΟΥΔΗΣ ΚΑΙ ΥΙΟΣ ΑΝΩΝΥΜΟΣ ΕΜΠΟΡΙΚΗ ΕΤΑΙΡΙΑ ΑΝΤΙΠΡΟΣΩΠΕΙΕΣ ΕΙΣΑΓΩΓΕΣ ΙΑΤΡΙΚΩΝ ΜΗΧΑΝΗΜΑΤΩΝ,2356.0,,0887β01
68Ο14690ΒΩ-Σ9Γ,2025-04-29,ΠΡΟΜΗΘΕΙΑ ΟΡΘΟΠΕΔΙΚΟΥ ΥΛΙΚΟΥ ΜΕ ΣΥΜΒΑΣΗ ΤΟΝ ΜΗΝΑ ΑΥΓΟΥΣΤΟ 2024 (ΣΥΜΒ.135/2024) ΑΠΑΞ ΠΑΡΑΓΓΕΛΙΑ ΣΥΜΦΩΝΑ ΜΕ ΤΙΣ ΔΙΑΤΑΞΕΙΣ ΤΟΥ Ν. 5161/2024 αρθ.14 (ΦΕΚ 196/τ. Α΄/29-11-2024,094007897,ΚΟΠΕΡ ΦΑΡΜΑΚΟΒΙΟΜΗΧΑΝΙΑΑΝΩΝΥΜΗ ΕΤΑΙΡΕΙΑ,5602.59,,1313β01
634Σ4690ΒΩ-ΑΕ5,2025-04-29,ΠΡΟΜΗΘΕΙΑ ΟΡΘΟΠΕΔΙΚΟΥ ΥΛΙΚΟΥ ΜΕ ΣΥΜΒΑΣΗ ΤΟΝ ΜΗΝΑ ΙΟΥΛΙΟ 2024 (ΣΥΜΒ. 313/2024) ΑΠΑΞ ΠΑΡΑΓΓΕΛΙΑ ΣΥΜΦΩΝΑ ΜΕ ΤΙΣ ΔΙΑΤΑΞΕΙΣ ΤΟΥ Ν. 5161/2024 αρθ.14 (ΦΕΚ 196/τ. Α΄/29-11-2024,094007897,ΚΟΠΕΡ ΦΑΡΜΑΚΟΒΙΟΜΗΧΑΝΙΑΑΝΩΝΥΜΗ ΕΤΑΙΡΕΙΑ,3037.44,,1313β01
ΨΩΖΞ4690ΒΩ-ΡΙ0,2025-04-29,"ΠΡΟΜΗΘΕΙΑ ΥΓΡΩΝ ΚΑΥΣΙΜΩΝ ΝΟΣΟΚΟΜΕΙΟΥ, ΓΙΑ ΤΑ ΥΠ΄ ΑΡΙΘΜ. ΚΥ 7140, ΚΗΗ 2952 ,ΚΗΗ 6053 ΟΧΗΜΑΤΑ ΙΔΙΟΚΤΗΣΙΑΣ Γ.Ν.Β., ΜΕ ΣΥΜΒΑΣΗ ΓΙΑ ΤΟΝ ΜΗΝΑ ΜΑΡΤΙΟ 2025 ( ΣΥΜΒ. 291/2024, 1οΧ.Ε. 2621/2024 )",997663680,ΑΦΟΙ ΤΖΕΚΑ ΟΜΟΡΡΥΘΜΟΣ ΕΤΑΙΡΙΑ,333.93,,1611α01
Ρ7ΧΩ4690ΒΩ-ΨΗ6,2025-04-29,"ΠΡΟΜΗΘΕΙΑ ΥΓΡΩΝ ΚΑΥΣΙΜΩΝ ΦΙΛΥΡΑ., ΜΕ ΣΥΜΒΑΣΗ ΓΙΑ ΤΟΝ ΜΗΝΑ ΜΑΡΤΙΟ 2025 ( ΣΥΜΒ. 291/2024, 1οΧ.Ε. 2621/2024 ).",997663680,ΑΦΟΙ ΤΖΕΚΑ ΟΜΟΡΡΥΘΜΟΣ ΕΤΑΙΡΙΑ,1568.97,,1611α06
ΨΜΧΠ4690ΒΩ-ΔΞΡ,2025-04-29,": ΠΡΟΜ.ΟΡΘΟΠΕΔ,ΠΡΟΣΘΕΤ.ΚΑΙ ΛΟΙΠΩΝ ΥΛΙΚΩΝ ΑΝΑΠΗΡΩΝ, ΓΙΑ ΤΟΥΣ ΜΗΝΕΣ ΑΠΡΙΛΙΟ ΕΩΣ ΣΕΠΤΕΜΒΡΙΟ 2024, ΧΩΡΙΣ ΣΥΜΒΑΣΗ, ΜΕ ΑΠΟΦΑΣΕΙΣ ΔΣ 15/4-4-24 Θ.24, 27/13-6-24 Θ.37, 30/4-7-24 Θ.22 & 33/25-7-24 Θ.2 , ΝΟΣ ΣΥΜΦΩΝΑ ΜΕ ΤΙΣ ΔΙΑΤΑΞΕΙΣ ΤΟΥ Ν.5161/2024 αρθ.14 (ΦΕΚ 196/ τ.Α΄/29-11-2024)",094075360,ΚΩΣΤΑΣ Α ΠΑΠΑΕΛΛΗΝΑΣ ΕΛΛΑΣ ΑΝΩΝΥΜΟΣ ΕΜΠΟΡIΚΗ ΒΙΟΜΗΧΑΝΙΚΗ ΕΤΑΙΡΕΙΑ,10290.2,,1313β01
ΡΒ184690ΒΩ-Η5Ν,2025-04-29,"ΠΡΟΜ.ΟΡΘΟΠΕΔ,ΠΡΟΣΘΕΤ.ΚΑΙ ΛΟΙΠΩΝ ΥΛΙΚΩΝ ΑΝΑΠΗΡΩΝ, ΓΙΑ ΤΟΥΣ ΜΗΝΕΣΑΠΡΙΛΙΟ ΕΩΣ ΣΕΠΤΕΜΒΡΙΟ 2024, ΧΩΡΙΣ ΣΥΜΒΑΣΗ, ΜΕ ΑΠΟΦΑΣΕΙΣ ΔΣ 15/4-4-24 Θ.23, 15/4-4-24 Θ.24, 23/16-5-24 Θ.6, 27/13-6-24 Θ.37, 30/4-7-24 Θ.22, 33/25-7-24 Θ.2, 40/12-9-24 Θ.26 & 42/19-9-24 Θ.10, ΣΥΜΦΩΝΑ ΜΕ ΤΙΣ ΔΙΑΤΑΞΕΙΣ ΤΟΥ Ν.5161/2024 αρθ.14 (ΦΕΚ 196/ τ.Α΄/29-11-2024) ΝΟΣ",094437885,ΖΙΜΜΕR ΒΙΟΜΕΤ ΕΛΛΑΣ ΜΟΝΟΠΡΟΣΩΠΗ ΑΝΩΝΥΜΗ ΕΜΠΟΡΙΚΗ ΚΑΙ ΒΙΟΜΗΧΑΝΙΚΗ ΕΤΑΙΡΕΙΑ ΙΑΤΡΙΚΩΝ ΚΑΙ ΦΑΡΜΑΚΕΥΤΙΚΩΝ ΕΙΔΩΝ,33237.28,,1313β01
Ψ6ΗΦ4690ΒΩ-7ΡΗ,2025-04-29,ΠΡΟΜΗΘΕΙΑ ΤΡΑΠΕΖΙΚΩΝ ΕΡΓΑΣΙΩΝ ΓΙΑ ΕΞΕΡΧΟΜΕΝΕΣ ΜΕΤΑΦΟΡΕΣ ΠΙΣΤΩΣΕΩΝ ΣΕ ΤΡΑΠΕΖΕΣ ΤΟΥ ΕΞΩΤΕΡΙΚΟΥ (Χ.Ε.714 ΖΙΜΜΕR),094014250,EUROBANK ERGASIAS ΥΠΗΡΕΣΙΩΝ ΚΑΙ ΣΥΜΜΕΤΟΧΩΝ ΑΝΩΝΥΜΗ ΕΤΑΙΡΕΙΑ,4.0,,0431α01
9ΤΚ64690ΒΩ-2ΟΡ,2025-04-29,ΔΙΑΦΗΜΙΣΕΙΣ- ΔΗΜΟΣΙΕΥΣΕΙΣ ΠΡΟΚΗΡΥΞΕΩΝ ΔΙΑΓΩΝΙΣΜΩΝ ΝΟΣΟΚΟΜΕΙΟΥ ΓΙΑ ΤΟ ΜΗΝΑ ΜΑΡΤΙΟ 2025,801818159,ΜΟΝΟΤΥΠΙΑ ΜΟΝΟΠΡΟΣΩΠΗ Ι Κ Ε,241.8,,0851α01
ΨΕΘΟ4690ΒΩ-ΒΛΡ,2025-04-28,: ΔΙΑΦΗΜΙΣΕΙΣ- ΔΗΜΟΣΙΕΥΣΕΙΣ ΠΡΟΚΗΡΥΞΕΩΝ ΔΙΑΓΩΝΙΣΜΩΝ ΝΟΣΟΚΟΜΕΙΟΥ ΓΙΑ ΤΟ ΜΗΝΑ ΜΑΡΤΙΟ 2025,130456160,"ΚΑΡΕΚΛΙΔΗΣ,,ΑΡΧΙΜΗΔΗΣ,ΓΕΩΡΓΙΟΣ",141.36,,0851α01
931Υ4690ΒΩ-0ΩΟ,2025-04-28,: ΔΙΑΦΗΜΙΣΕΙΣ- ΔΗΜΟΣΙΕΥΣΕΙΣ ΠΡΟΚΗΡΥΞΕΩΝ ΔΙΑΓΩΝΙΣΜΩΝ ΝΟΣΟΚΟΜΕΙΟΥ ΓΙΑ ΤΟ ΜΗΝΑ ΜΑΡΤΙΟ 2025,047057290,"ΤΣΙΝΤΣΙΝΗ,,ΠΑΡΑΣΚΕΥΗ,ΓΕΩΡΓΙΟΣ",96.72,,0851α01
9ΖΡΞ4690ΒΩ-3Ν1,2025-04-28,: ΠΡΟΜΗΘΕΙΑ ΦΑΡΜΑΚΕΥΤΙΚΟΥ ΥΛΙΚΟΥ ΝΟΣΟΚΟΜΕΙΟΥ ΓΙΑ ΤΟΥΣ ΜΗΝΕΣ ΙΟΥΝΙΟ 2023 ΕΩΣ ΔΕΚΕΜΒΡΙΟ 2023 ΣΥΜΦΩΝΑ ΜΕ ΤΙΣ ΔΙΑΤΑΞΕΙΣ ΤΟΥ Ν.5161/2024 αρθ.14 (ΦΕΚ 196/ τ.Α΄/29-11-2024),094035927,ΒΙΟΣΕΡ ΑΕ ΒΙΟΜΗΧΑΝΙΑ ΠΑΡΕΝΤΕΡΙΚΩΝ ΔΙΑΛΥΜΑΤΩΝ,149631.06,,1312β01
Ψ1ΤΓ4690ΒΩ-ΚΞΤ,2025-04-28,ΕΦΗΜΕΡΙΕΣ ΦΕΒΡΟΥΑΡΙΟΥ 2025  ΜΕ ΕΚΔΟΣΗ Α.Π.Υ. ΓΙΑ ΤΗΝ ΚΑΛΥΨΗ ΕΠΙΤΑΚΤΙΚΩΝ ΑΝΑΓΚΩΝ  ΠΡΩΙΝΟΥ ΤΑΚΤΙΚΟΥ ΩΡΑΡΙΟΥ ΓΙΑ ΔΩΔΕΚΑ ΜΗΝΕΣ  (17/2/2025  ΕΩΣ 16/2/2025) ΣΤΟ ΤΜΗΜΑ ΧΗΜΕΙΟΘΕΡΑΠΕΙΑΣ,156785626,"ΑΡΒΑΝΙΤΗ,,ΚΩΝΣΤΑΝΤΙΝΑ,ΓΕΩΡΓΙΟΣ",128.24,,0413α01
6Ξ2Ρ4690ΒΩ-ΛΝΡ,2025-04-28,"ΤΑΚΤΙΚΕΣ ΑΠΟΔΟΧΕΣ  ΦΕΒΡΟΥΑΡΙΟΥ,ΜΑΡΤΙΟΥ 2025  ΕΦΗΜΕΡΙΕΣ ΦΕΒΡΟΥΑΡΙΟΥ 2025 ΜΕ ΚΑΘΕΣΤΩΣ ΕΚΔΟΣΗΣ ΔΕΛΤΙΟΥ ΑΠΟΔΕΙΞΗΣ ΠΑΡΟΧΗΣ ΥΠΗΡΕΣΙΩΝ ΓΙΑ ΧΡΟΝΙΚΟ ΔΙΑΣΤΗΜΑ ΔΩΔΕΚΑ ΜΗΝΩΝ  ΜΕ ΕΝΑΡΞΗ 18-10-2014 ΚΑΙ ΛΗΞΗ 17-10-2025",061977768,"ΜΑΡΑΒΕΓΙΑΣ,,ΚΩΝΣΤΑΝΤΙΝΟΣ,ΑΡΙΣΤΟΤΕΛΗΣ",2547.52,,0413α01
ΨΙΝ64690ΒΩ-ΩΟ2,2025-04-28,"ΤΑΚΤΙΚΕΣ ΑΠΟΔΟΧΕΣ ,  ΕΦΗΜΕΡΙΕΣ  ΜΗΝΟΣ ΦΕΒΡΟΥΑΡΙΟΥ 2025 ΜΕ ΕΚΔΟΣΗ Α.Π.Υ. ΓΙΑ ΤΗΝ ΚΑΛΥΨΗ ΕΠΙΤΑΚΤΙΚΩΝ ΑΝΑΓΚΩΝ ΩΤΟΡΙΝΟΛΑΡΥΓΓΟΛΟΓΙΚΟΥ ΤΜΗΜΑΤΟΣ ΠΡΩΙΝΟΥ ΤΑΚΤΙΚΟΥ ΩΡΑΡΙΟΥ  ΓΙΑ ΕΞΙ ΜΗΝΕΣ ΣΥΜΦΩΝΑ ΜΕ ΤΗΝ ΑΡΙΘΜ. ΠΡΩΤ. 23/22-06-2023 ΑΠΟΦΑΣΗ ΤΟΥ ΔΣ",034322654,"ΚΑΡΑΓΚΟΥΝΗΣ,,ΠΑΝΑΓΙΩΤΗΣ,ΔΗΜΟΣ",1706.72,,0413α01
93ΑΝ4690ΒΩ-Κ74,2025-04-28,ΑΜΟΙΒΗ ΙΔΙΩΤΗ ΙΑΤΡΟΥ ΓΙΑ ΕΦΗΜΕΡΙΕΣ ΣΤΟ ΧΕΙΡΟΥΡΓΙΚΟ ΤΜΗΜΑ ΤΟΝ ΜΗΝΑ ΦΕΒΡΟΥΑΡΙΟ 2025 ΜΕ ΚΑΘΕΣΤΩΣ ΕΚΔΟΣΗΣ ΔΕΛΤΙΟΥ ΑΠΟΔΕΙΞΗΣ ΠΑΡΟΧΗΣ ΥΠΗΡΕΣΙΩΝ ΓΙΑ ΔΥΟ ΜΗΝΕΣ ΣΥΜΦΩΝΑ ΜΕ ΤΗΝ ΑΡΙΘΜ. 67750/7-8-2024 ΑΠΟΦΑΣΗ ΔΙΟΙΚΗΤΗ 5ης Υ.ΠΕ,113589615,"ΖΙΑΜΑΣ,,ΔΗΜΗΤΡΙΟΣ,ΧΡΗΣΤΟΣ",1250.0,,0413α01
9ΞΑΖ4690ΒΩ-Α09,2026-02-19,ΕΝΤΑΛΜΑ ΠΛΗΡΩΜΗΣ ΠΑΠΑΠΟΣΤΟΛΟΥ Ν. ΑΕ (095029193),095029193,ΠΑΠΑΠΟΣΤΟΛΟΥ Ν. ΑΕ (095029193),1566.12,,
9ΘΓΜ4690ΒΩ-ΨΛΧ,2026-02-19,ΕΝΤΑΛΜΑ ΠΛΗΡΩΜΗΣ ΠΑΠΑΠΟΣΤΟΛΟΥ Ν. ΑΕ (095029193),095029193,ΠΑΠΑΠΟΣΤΟΛΟΥ Ν. ΑΕ (095029193),1723.6,,
9Φ144690ΒΩ-4Λ7,2026-02-19,ΕΝΤΑΛΜΑ ΠΛΗΡΩΜΗΣ EQA HELLAS (998289499),998289499,EQA HELLAS (998289499),806.0,,
Ψ12Α4690ΒΩ-ΟΣΡ,2026-02-19,ΕΝΤΑΛΜΑ ΠΛΗΡΩΜΗΣ V POWER Ι.ΒΕΝΕΤΗΣ ΣΙΑ Ε.Ε (999438956),999438956,V POWER Ι.ΒΕΝΕΤΗΣ ΣΙΑ Ε.Ε (999438956),1488.0,,
Ψ0Ν24690ΒΩ-989,2026-02-19,ΕΝΤΑΛΜΑ ΠΛΗΡΩΜΗΣ Q PLAN ΔΙΕΘΝΗΣ ΥΠΗΡ.ΠΕΡΙΒ.  ΠΟΙΟΤΗΤΑΣ ΜΕΛΕΤ.ΕΦΑΡΜ.ΑΕ (095432469),095432469,Q PLAN ΔΙΕΘΝΗΣ ΥΠΗΡ.ΠΕΡΙΒ.  ΠΟΙΟΤΗΤΑΣ ΜΕΛΕΤ.ΕΦΑΡΜ.ΑΕ (095432469),2480.0,,
9Υ3Χ4690ΒΩ-ΗΧ8,2026-02-19,ΕΝΤΑΛΜΑ ΠΛΗΡΩΜΗΣ ΚΟΥΚΙΟΥ Ε. ΜΟΝ. Ε.Π.Ε. (800407336),800407336,ΚΟΥΚΙΟΥ Ε. ΜΟΝ. Ε.Π.Ε. (800407336),147.56,,
ΡΨΑΗ4690ΒΩ-ΟΥΛ,2026-02-19,ΕΝΤΑΛΜΑ ΠΛΗΡΩΜΗΣ METRISIS ΔΙΑΚΡΙΒΩΣΕΙΣ ΙΚΕ (800464693),800464693,METRISIS ΔΙΑΚΡΙΒΩΣΕΙΣ ΙΚΕ (800464693),2715.6,,
ΡΣΝ94690ΒΩ-7ΙΣ,2026-02-19,ΕΝΤΑΛΜΑ ΠΛΗΡΩΜΗΣ ΕΛΛΗΝΙΚΗ  ΕΠΙΤΡ.  ΑΤΟΜΙΚΗΣ  ΕΝΕΡΓΕΙΑΣ (090085792),090085792,ΕΛΛΗΝΙΚΗ  ΕΠΙΤΡ.  ΑΤΟΜΙΚΗΣ  ΕΝΕΡΓΕΙΑΣ (090085792),367.04,,
ΨΜΡΡ4690ΒΩ-539,2026-02-19,ΕΝΤΑΛΜΑ ΠΛΗΡΩΜΗΣ ΜΑΥΡΟΓΕΝΗΣ ΑΝΑΣΤΑΣΙΟΣ ΑΕ ΙΑΤΡΟΤΕΧΝΟΛΟΓΙΚΑ ΕΙΔΗ (082525697),082525697,ΜΑΥΡΟΓΕΝΗΣ ΑΝΑΣΤΑΣΙΟΣ ΑΕ ΙΑΤΡΟΤΕΧΝΟΛΟΓΙΚΑ ΕΙΔΗ (082525697),2790.0,,
9Ψ5Δ4690ΒΩ-ΥΨ4,2026-02-20,ΕΝΤΑΛΜΑ ΠΛΗΡΩΜΗΣ MEDIPRIME ΙΑΤΡΟΦΑΡΜ.ΕΙΔΩΝ Α.Ε.Ε. (998283526),998283526,MEDIPRIME ΙΑΤΡΟΦΑΡΜ.ΕΙΔΩΝ Α.Ε.Ε. (998283526),644.8,,
ΡΕΡΓ4690ΒΩ-ΥΩΕ,2026-02-20,ΕΝΤΑΛΜΑ ΠΛΗΡΩΜΗΣ SANTAIR Α.Ε.ΙΑΤΡΙΚΩΝ ΕΦΑΡΜΟΓΩΝ (094497279),094497279,SANTAIR Α.Ε.ΙΑΤΡΙΚΩΝ ΕΦΑΡΜΟΓΩΝ (094497279),285.2,,
ΨΡΙΩ4690ΒΩ-5ΛΓ,2026-02-20,ΕΝΤΑΛΜΑ ΠΛΗΡΩΜΗΣ INTER MEDICA  ΕΜΜ. Τ. ΤΖΑΝΙΔΑΚΗΣ (011651035),011651035,INTER MEDICA  ΕΜΜ. Τ. ΤΖΑΝΙΔΑΚΗΣ (011651035),285.2,,
ΨΤΔΥ4690ΒΩ-9ΕΝ,2026-02-20,ΕΝΤΑΛΜΑ ΠΛΗΡΩΜΗΣ SANTAIR Α.Ε.ΙΑΤΡΙΚΩΝ ΕΦΑΡΜΟΓΩΝ (094497279),094497279,SANTAIR Α.Ε.ΙΑΤΡΙΚΩΝ ΕΦΑΡΜΟΓΩΝ (094497279),285.2,,
Ψ84Ω4690ΒΩ-30Κ,2026-02-20,ΕΝΤΑΛΜΑ ΠΛΗΡΩΜΗΣ INTER MEDICA  ΕΜΜ. Τ. ΤΖΑΝΙΔΑΚΗΣ (011651035),011651035,INTER MEDICA  ΕΜΜ. Τ. ΤΖΑΝΙΔΑΚΗΣ (011651035),310.0,,
ΨΚΛΑ4690ΒΩ-459,2026-02-16,ΕΝΤΑΛΜΑ ΠΛΗΡΩΜΗΣ ΘΕΣΣΑΛΙΚΕΣ ΑΝΤΙΠΡΟΣΩΠΕΙΕΣ Ε.Π.Ε (095508794),095508794,ΘΕΣΣΑΛΙΚΕΣ ΑΝΤΙΠΡΟΣΩΠΕΙΕΣ Ε.Π.Ε (095508794),508.68,,
Ψ2Ο24690ΒΩ-ΥΟ7,2026-02-19,ΕΝΤΑΛΜΑ ΠΛΗΡΩΜΗΣ ΑΙΓΑΙΟΝ  Ε.Π.Ε. (997565624),997565624,ΑΙΓΑΙΟΝ  Ε.Π.Ε. (997565624),44.34,,
ΨΕ5Ε4690ΒΩ-Ι9Ο,2026-02-19,ΕΝΤΑΛΜΑ ΠΛΗΡΩΜΗΣ FOODTRADE KARAKOUTAS IKE (801738031),801738031,FOODTRADE KARAKOUTAS IKE (801738031),715.99,,
6Α8Ρ4690ΒΩ-ΣΛΣ,2026-02-19,ΕΝΤΑΛΜΑ ΠΛΗΡΩΜΗΣ ΑΙΓΑΙΟΝ  Ε.Π.Ε. (997565624),997565624,ΑΙΓΑΙΟΝ  Ε.Π.Ε. (997565624),2737.52,,
6Ζ554690ΒΩ-ΨΙΓ,2026-02-19,ΕΝΤΑΛΜΑ ΠΛΗΡΩΜΗΣ ΕΛΛΗΝΙΚΟ ΙΝΣΤΙΤΟΥΤΟ ΥΓΕΙΑΣ ΚΑΙ ΑΣΦΑΛΕΙΑΣ ΣΤΗΝ ΕΡΓΑΣΙΑ (090193809),090193809,ΕΛΛΗΝΙΚΟ ΙΝΣΤΙΤΟΥΤΟ ΥΓΕΙΑΣ ΚΑΙ ΑΣΦΑΛΕΙΑΣ ΣΤΗΝ ΕΡΓΑΣΙΑ (090193809),620.0,,
6ΣΧ84690ΒΩ-Ρ92,2026-02-20,ΕΝΤΑΛΜΑ ΠΛΗΡΩΜΗΣ T T ENERGY ΕΥΑΓΓΕΛΟΣ ΤΣΙΡΝΟΒΑΣ  ΣΙΑ Ε.Ε. (800514720),800514720,T T ENERGY ΕΥΑΓΓΕΛΟΣ ΤΣΙΡΝΟΒΑΣ  ΣΙΑ Ε.Ε. (800514720),558.0,,
6ΧΦ84690ΒΩ-ΜΜ4,2026-02-20,ΕΝΤΑΛΜΑ ΠΛΗΡΩΜΗΣ MEDIC PLAN HEALTH PROJECT IKE (999961120),999961120,MEDIC PLAN HEALTH PROJECT IKE (999961120),1934.4,,
ΨΔΞΟ4690ΒΩ-816,2026-02-19,ΕΝΤΑΛΜΑ ΠΛΗΡΩΜΗΣ MΕDELLA ΦΑΡΜ/ΚΑ ΠΡΟΙΟΝΤΑ ΙΑΤΡΙΚΑ ΜΗΧ/ΤΑ ΑΕΒΕ (998871428),998871428,MΕDELLA ΦΑΡΜ/ΚΑ ΠΡΟΙΟΝΤΑ ΙΑΤΡΙΚΑ ΜΗΧ/ΤΑ ΑΕΒΕ (998871428),3767.78,,
6ΥΡΥ4690ΒΩ-Τ9Ψ,2026-02-20,ΕΝΤΑΛΜΑ ΠΛΗΡΩΜΗΣ ΘΕΣΣΑΛΙΚΕΣ ΑΝΤΙΠΡΟΣΩΠΕΙΕΣ Ε.Π.Ε (095508794),095508794,ΘΕΣΣΑΛΙΚΕΣ ΑΝΤΙΠΡΟΣΩΠΕΙΕΣ Ε.Π.Ε (095508794),2750.22,,
Ψ34Μ4690ΒΩ-ΜΗΤ,2026-02-20,ΕΝΤΑΛΜΑ ΠΛΗΡΩΜΗΣ FOODTRADE KARAKOUTAS IKE (801738031),801738031,FOODTRADE KARAKOUTAS IKE (801738031),11654.16,,
911Η4690ΒΩ-6ΒΗ,2026-02-20,ΕΝΤΑΛΜΑ ΠΛΗΡΩΜΗΣ MΕDELLA ΦΑΡΜ/ΚΑ ΠΡΟΙΟΝΤΑ ΙΑΤΡΙΚΑ ΜΗΧ/ΤΑ ΑΕΒΕ (998871428),998871428,MΕDELLA ΦΑΡΜ/ΚΑ ΠΡΟΙΟΝΤΑ ΙΑΤΡΙΚΑ ΜΗΧ/ΤΑ ΑΕΒΕ (998871428),2022.48,,
Ψ37Υ4690ΒΩ-ΩΑΧ,2026-02-20,ΕΝΤΑΛΜΑ ΠΛΗΡΩΜΗΣ ΧΡΥΣΑΦΙΔΗΣ Μ.Γ. Α.Ε (094046026),094046026,ΧΡΥΣΑΦΙΔΗΣ Μ.Γ. Α.Ε (094046026),1248.17,,
Ψ0ΦΟ4690ΒΩ-Σ7Ο,2026-02-20,ΕΝΤΑΛΜΑ ΠΛΗΡΩΜΗΣ NIVACO ΙΑΤΡΙΚΑ Μ.Ε.Π.Ε (099603280),099603280,NIVACO ΙΑΤΡΙΚΑ Μ.Ε.Π.Ε (099603280),558.25,,
ΨΤ8Η4690ΒΩ-Χ12,2026-02-20,ΕΝΤΑΛΜΑ ΠΛΗΡΩΜΗΣ ΧΡΥΣΑΦΙΔΗΣ Μ.Γ. Α.Ε (094046026),094046026,ΧΡΥΣΑΦΙΔΗΣ Μ.Γ. Α.Ε (094046026),62.0,,
ΡΓΧΙ4690ΒΩ-ΒΒΜ,2026-02-20,ΕΝΤΑΛΜΑ ΠΛΗΡΩΜΗΣ ΜΑΝΤΖΑΡΗΣ ΒΑΣΙΛΕΙΟΣ ΙΩΑΝΝΗΣ (094077090),094077090,ΜΑΝΤΖΑΡΗΣ ΒΑΣΙΛΕΙΟΣ ΙΩΑΝΝΗΣ (094077090),427.8,,
ΡΤΔΟ4690ΒΩ-Ξ5Σ,2026-02-20,ΕΝΤΑΛΜΑ ΠΛΗΡΩΜΗΣ SANTAIR Α.Ε.ΙΑΤΡΙΚΩΝ ΕΦΑΡΜΟΓΩΝ (094497279),094497279,SANTAIR Α.Ε.ΙΑΤΡΙΚΩΝ ΕΦΑΡΜΟΓΩΝ (094497279),99.2,,
9Ω904690ΒΩ-Ψ3Χ,2026-02-20,ΕΝΤΑΛΜΑ ΠΛΗΡΩΜΗΣ ΥΙΟΙ KΩΝ/ΝΟΥ ΠΑΠΑΔΟΠΟΥΛΟΥ Ο.Ε (998950597),998950597,ΥΙΟΙ KΩΝ/ΝΟΥ ΠΑΠΑΔΟΠΟΥΛΟΥ Ο.Ε (998950597),1215.15,,
9Τ8Σ4690ΒΩ-06Α,2026-02-19,ΕΝΤΑΛΜΑ ΠΛΗΡΩΜΗΣ SYN INNOVATION LABORATORIES ΕΜΠΟΡ. ΠΑΡΑΓ.ΦΑΡΜ.ΔΙΑΤΡ. ΒΙΟΤ.ΠΡΟΙΝΤ.ΑΕ (800537801),800537801,SYN INNOVATION LABORATORIES ΕΜΠΟΡ. ΠΑΡΑΓ.ΦΑΡΜ.ΔΙΑΤΡ. ΒΙΟΤ.ΠΡΟΙΝΤ.ΑΕ (800537801),2206.92,,
932Λ4690ΒΩ-4ΟΛ,2026-02-19,ΕΝΤΑΛΜΑ ΠΛΗΡΩΜΗΣ ΑΙΓΑΙΟΝ  Ε.Π.Ε. (997565624),997565624,ΑΙΓΑΙΟΝ  Ε.Π.Ε. (997565624),111.95,,
ΡΞΖ64690ΒΩ-3Κ1,2026-02-16,ΕΝΤΑΛΜΑ ΠΛΗΡΩΜΗΣ ΠΑΠΑΔΟΠΟΥΛΟΣ ΧΡΗΣΤΟΣ (053535757),053535757,ΠΑΠΑΔΟΠΟΥΛΟΣ ΧΡΗΣΤΟΣ (053535757),1796.69,,
6ΥΙΟ4690ΒΩ-ΦΞΩ,2026-02-17,ΕΝΤΑΛΜΑ ΠΛΗΡΩΜΗΣ ΣΟΦΙΑ  Ε. ΣΑΜΑΡΑ (067802931),067802931,ΣΟΦΙΑ  Ε. ΣΑΜΑΡΑ (067802931),471.35,,
9ΘΑΟ4690ΒΩ-Γ77,2026-02-19,ΕΝΤΑΛΜΑ ΠΛΗΡΩΜΗΣ STAGER-Ι.Δ. ΚΩΝΣΤΑΝΤΟΠΟΥΛΟΣ ΑΒΕΕ (800357297),800357297,STAGER-Ι.Δ. ΚΩΝΣΤΑΝΤΟΠΟΥΛΟΣ ΑΒΕΕ (800357297),1364.0,,
ΨΑΙΑ4690ΒΩ-ΓΙΡ,2026-02-19,ΕΝΤΑΛΜΑ ΠΛΗΡΩΜΗΣ STAGER-Ι.Δ. ΚΩΝΣΤΑΝΤΟΠΟΥΛΟΣ ΑΒΕΕ (800357297),800357297,STAGER-Ι.Δ. ΚΩΝΣΤΑΝΤΟΠΟΥΛΟΣ ΑΒΕΕ (800357297),310.0,,
ΡΔΛ64690ΒΩ-82Λ,2026-02-20,ΕΝΤΑΛΜΑ ΠΛΗΡΩΜΗΣ ΜΠΟΥΤΛΑΣ ΣΤ.ΣΠΥΡΙΔΩΝ (027877497),027877497,ΜΠΟΥΤΛΑΣ ΣΤ.ΣΠΥΡΙΔΩΝ (027877497),10895.57,,
9ΕΛΚ4690ΒΩ-ΩΝΔ,2026-02-20,ΕΝΤΑΛΜΑ ΠΛΗΡΩΜΗΣ Ipirotiki Facility Services  Α.Ε. (998309282),998309282,Ipirotiki Facility Services  Α.Ε. (998309282),12455.8,,
ΨΑ1Τ4690ΒΩ-21Υ,2026-02-13,ΕΝΤΑΛΜΑ ΠΛΗΡΩΜΗΣ RAMMA DENTAL I.K.E. (801925162),801925162,RAMMA DENTAL I.K.E. (801925162),585.12,,
ΨΘΜΘ4690ΒΩ-ΗΘ2,2026-02-11,ΕΝΤΑΛΜΑ ΠΛΗΡΩΜΗΣ ΜΠΕΗΣ  ΚΩΝΣΤΑΝΤΙΝΟΣ τ. ΙΩΑΝΝΗ (057539932),057539932,ΜΠΕΗΣ  ΚΩΝΣΤΑΝΤΙΝΟΣ τ. ΙΩΑΝΝΗ (057539932),1000.0,,
ΨΚΥ74690ΒΩ-6Ψ9,2026-02-11,ΕΝΤΑΛΜΑ ΠΛΗΡΩΜΗΣ ΡΟΥΜΠΟΣ ΝΙΚΟΛΑΟΣ τ. ΙΩΑΝΝΗ (050588536),050588536,ΡΟΥΜΠΟΣ ΝΙΚΟΛΑΟΣ τ. ΙΩΑΝΝΗ (050588536),1250.0,,
ΨΛΠΙ4690ΒΩ-Σ6Ο,2026-02-11,ΕΝΤΑΛΜΑ ΠΛΗΡΩΜΗΣ ΑΡΒΑΝΙΤΗ  ΚΩΝΣΤΑΝΤΙΝΑ τ. ΓΕΩΡΓΙΟΥ (156785626),156785626,ΑΡΒΑΝΙΤΗ  ΚΩΝΣΤΑΝΤΙΝΑ τ. ΓΕΩΡΓΙΟΥ (156785626),192.36,,
ΨΑΑ04690ΒΩ-ΚΑΡ,2026-02-12,ΕΝΤΑΛΜΑ ΠΛΗΡΩΜΗΣ ΑΡΒΑΝΙΤΗ  ΚΩΝΣΤΑΝΤΙΝΑ τ. ΓΕΩΡΓΙΟΥ (156785626),156785626,ΑΡΒΑΝΙΤΗ  ΚΩΝΣΤΑΝΤΙΝΑ τ. ΓΕΩΡΓΙΟΥ (156785626),205.8,,
9ΔΣΣ4690ΒΩ-Ζ95,2026-02-11,ΕΝΤΑΛΜΑ ΠΛΗΡΩΜΗΣ ΖΙΑΜΑΣ  ΔΗΜΗΤΡΙΟΣ  τ.  ΧΡΗΣΤΟΥ (113589615),113589615,ΖΙΑΜΑΣ  ΔΗΜΗΤΡΙΟΣ  τ.  ΧΡΗΣΤΟΥ (113589615),1250.0,,
9ΠΗΛ4690ΒΩ-Λ4Τ,2026-02-11,ΕΝΤΑΛΜΑ ΠΛΗΡΩΜΗΣ ΘΑΝΟΠΟΥΛΟΥ ΒΑΣΙΛΙΚΗ τ. ΔΗΜΗΤΡΙΟΥ (120430983),120430983,ΘΑΝΟΠΟΥΛΟΥ ΒΑΣΙΛΙΚΗ τ. ΔΗΜΗΤΡΙΟΥ (120430983),500.0,,
9ΧΖΡ4690ΒΩ-ΑΗ5,2026-02-12,ΕΝΤΑΛΜΑ ΠΛΗΡΩΜΗΣ ΚΑΡΑΓΚΟΥΝΗΣ ΠΑΝΑΓΙΩΤΗΣ τ. ΔΗΜΟΥ (034322654),034322654,ΚΑΡΑΓΚΟΥΝΗΣ ΠΑΝΑΓΙΩΤΗΣ τ. ΔΗΜΟΥ (034322654),343.0,,
Ψ5ΕΚ4690ΒΩ-4ΣΧ,2026-02-12,ΕΝΤΑΛΜΑ ΠΛΗΡΩΜΗΣ ΚΑΡΑΓΚΟΥΝΗΣ ΠΑΝΑΓΙΩΤΗΣ τ. ΔΗΜΟΥ (034322654),034322654,ΚΑΡΑΓΚΟΥΝΗΣ ΠΑΝΑΓΙΩΤΗΣ τ. ΔΗΜΟΥ (034322654),1555.92,,
92Α44690ΒΩ-ΗΟΒ,2026-02-09,ΕΝΤΑΛΜΑ ΠΛΗΡΩΜΗΣ ΔΡΙΒΑ ΧΡΙΣΤΙΝΑ τ. ΓΕΩΡΓΙΟΥ (143463998),143463998,ΔΡΙΒΑ ΧΡΙΣΤΙΝΑ τ. ΓΕΩΡΓΙΟΥ (143463998),630.0,,
94ΤΠ4690ΒΩ-Χ0Ο,2026-02-11,ΕΙΣΦΟΡΕΣ ΣΤΟΝ ΕΦΚΑ ΤΑΚΤΙΚΩΝ ΑΠΟΔΟΧΩΝ ΣΕΠΤΕΜΒΡΙΟΥ 2025 ΤΟΥ ΕΙΔΙΚΟΥ ΠΡΟΓΡΑΜΜΑΤΟΣ ΑΠΑΣΧΟΛΗΣΗΣ 1135 ΑΝΕΡΓΟΙ ΣΤΟ ΧΩΡΟ ΤΗΣ ΥΓΕΙΑ,090003373,ΙΚΑ,676.53,,21903010014002
9ΤΘ04690ΒΩ-Λ10,2026-02-11,ΕΙΣΦΟΡΕΣ ΣΤΟΝ ΕΦΚΑ ΤΑΚΤΙΚΩΝ ΑΠΟΔΟΧΩΝ ΣΕΠΤΕΜΒΡΙΟΥ 2025 ΤΟΥ ΕΙΔΙΚΟΥ ΠΡΟΓΡΑΜΜΑΤΟΣ ΑΠΑΣΧΟΛΗΣΗΣ 4000 ΑΝΕΡΓΟΙ ΣΤΟ ΧΩΡΟ ΤΗΣ ΥΓΕΙΑΣ,090003373,ΙΚΑ,3837.54,,21903010014002
6ΧΔΕ4690ΒΩ-ΛΘΠ,2026-02-11,ΕΙΣΦΟΡΕΣ ΣΤΟΝ ΕΦΚΑ ΤΑΚΤΙΚΩΝ ΑΠΟΔΟΧΩΝ ΙΟΥΛΙΟΥ 2025 ΤΟΥ ΕΙΔΙΚΟΥ ΠΡΟΓΡΑΜΜΑΤΟΣ ΑΠΑΣΧΟΛΗΣΗΣ 4000 ΑΝΕΡΓΟΙ ΣΤΟ ΧΩΡΟ ΤΗΣ ΥΓΕΙΑ,090003373,ΙΚΑ,3881.56,,21903010014002
Ψ0Ζ74690ΒΩ-ΖΨ9,2026-02-11,ΕΙΣΦΟΡΕΣ ΣΤΟΝ ΕΦΚΑ ΤΑΚΤΙΚΩΝ ΑΠΟΔΟΧΩΝ ΙΟΥΝΙΟΥ 2025 ΤΟΥ ΕΙΔΙΚΟΥ ΠΡΟΓΡΑΜΜΑΤΟΣ ΑΠΑΣΧΟΛΗΣΗΣ 4000 ΑΝΕΡΓΟΙ ΣΤΟ ΧΩΡΟ ΤΗΣ ΥΓΕΙΑΣ,090003373,ΙΚΑ,5463.85,,21903010014002
ΨΙΚΔ4690ΒΩ-ΧΤ6,2026-02-11,ΕΙΣΦΟΡΕΣ ΣΤΟΝ ΕΦΚΑ ΤΑΚΤΙΚΩΝ ΑΠΟΔΟΧΩΝ ΑΥΓΟΥΣΤΟΥ 2025 ΤΟΥ ΕΙΔΙΚΟΥ ΠΡΟΓΡΑΜΜΑΤΟΣ ΑΠΑΣΧΟΛΗΣΗΣ 4000 ΑΝΕΡΓΟΙ ΣΤΟ ΧΩΡΟ ΤΗΣ ΥΓΕΙΑΣ,090003373,ΙΚΑ,3881.56,,21903010014002
6Χ624690ΒΩ-ΩΧΤ,2026-02-11,ΕΙΣΦΟΡΕΣ ΣΤΟΝ ΕΦΚΑ ΤΑΚΤΙΚΩΝ ΑΠΟΔΟΧΩΝ ΑΠΡΙΛΙΟΥ 2025 ΤΟΥ ΕΙΔΙΚΟΥ ΠΡΟΓΡΑΜΜΑΤΟΣ ΑΠΑΣΧΟΛΗΣΗΣ 4000 ΑΝΕΡΓΟΙ ΣΤΟ ΧΩΡΟ ΤΗΣ ΥΓΕΙΑΣ,090003373,ΙΚΑ,5177.32,,21903030024002
Ψ3ΑΗ4690ΒΩ-24Δ,2026-02-10,ΑΠΟΔΟΣΗ ΦΜΥ ΠΡΟΣΘΕΤΩΝ ΑΠΟΔΟΧΩΝ ΙΟΥΝΙΟΥ 2025 ΤΟΥ ΤΟΥ ΕΙΔΙΚΟΥ ΠΡΟΓΡΑΜΜΑΤΟΣ ΑΠΑΣΧΟΛΗΣΗΣ 4000 ΑΝΕΡΓΟΙ ΣΤΟ ΧΩΡΟ ΤΗΣ ΥΓΕΙΑΣ,090165560,ΥΠΟΥΡΓΕΙΟ ΟΙΚΟΝΟΜΙΚΩΝ ΓΕΝΙΚΗ   ΔIEYΘΥΝΣΗ  Δ ΚΗΣΥΠ ΞΗΣ Δ ΟΙΚ,79.93,,21903030024002
ΡΤΖΓ4690ΒΩ-Φ3Ψ,2026-02-10,ΑΠΟΔΟΣΗ ΦΜΥ ΤΑΚΤΙΚΩΝ ΑΠΟΔΟΧΩΝ ΑΥΓΟΥΣΤΟΥ 2025 ΤΟΥ ΤΟΥ ΕΙΔΙΚΟΥ ΠΡΟΓΡΑΜΜΑΤΟΣ ΑΠΑΣΧΟΛΗΣΗΣ 4000 ΑΝΕΡΓΟΙ ΣΤΟ ΧΩΡΟ ΤΗΣ ΥΓΕΙΑΣ,090165560,ΥΠΟΥΡΓΕΙΟ ΟΙΚΟΝΟΜΙΚΩΝ ΓΕΝΙΚΗ   ΔIEYΘΥΝΣΗ  Δ ΚΗΣΥΠ ΞΗΣ Δ ΟΙΚ,363.2,,090165560
ΨΔΞ74690ΒΩ-Θ45,2026-02-10,ΑΠΟΔΟΣΗ ΦΜΥ ΠΡΟΣΘΕΤΩΝ ΑΠΟΔΟΧΩΝ ΙΟΥΛΙΟΥ 2025 ΤΟΥ ΤΟΥ ΕΙΔΙΚΟΥ ΠΡΟΓΡΑΜΜΑΤΟΣ ΑΠΑΣΧΟΛΗΣΗΣ 4000 ΑΝΕΡΓΟΙ ΣΤΟ ΧΩΡΟ ΤΗΣ ΥΓΕΙΑΣ,090165560,ΥΠΟΥΡΓΕΙΟ ΟΙΚΟΝΟΜΙΚΩΝ ΓΕΝΙΚΗ   ΔIEYΘΥΝΣΗ  Δ ΚΗΣΥΠ ΞΗΣ Δ ΟΙΚ,36.45,,21903030024002
ΡΓΜΩ4690ΒΩ-ΤΙΡ,2026-02-10,ΑΠΟΔΟΣΗ ΦΜΥ ΤΑΚΤΙΚΩΝ ΑΠΟΔΟΧΩΝ ΙΟΥΛΙΟΥ 2025 ΤΟΥ ΤΟΥ ΕΙΔΙΚΟΥ ΠΡΟΓΡΑΜΜΑΤΟΣ ΑΠΑΣΧΟΛΗΣΗΣ 4000 ΑΝΕΡΓΟΙ ΣΤΟ ΧΩΡΟ ΤΗΣ ΥΓΕΙΑΣ,090165560,ΥΠΟΥΡΓΕΙΟ ΟΙΚΟΝΟΜΙΚΩΝ ΓΕΝΙΚΗ   ΔIEYΘΥΝΣΗ  Δ ΚΗΣΥΠ ΞΗΣ Δ ΟΙΚ,365.78,,21903030024002
ΡΜΕΝ4690ΒΩ-ΙΙΠ,2026-02-10,ΑΠΟΔΟΣΗ ΦΜΥ ΠΡΟΣΘΕΤΩΝ ΑΠΟΔΟΧΩΝ ΟΚΤΩΒΡΙΟΥ 2025 ΤΟΥ ΤΟΥ ΕΙΔΙΚΟΥ ΠΡΟΓΡΑΜΜΑΤΟΣ ΑΠΑΣΧΟΛΗΣΗΣ 4000 ΑΝΕΡΓΟΙ ΣΤΟ ΧΩΡΟ ΤΗΣ ΥΓΕΙΑΣ,090165560,ΥΠΟΥΡΓΕΙΟ ΟΙΚΟΝΟΜΙΚΩΝ ΓΕΝΙΚΗ   ΔIEYΘΥΝΣΗ  Δ ΚΗΣΥΠ ΞΗΣ Δ ΟΙΚ,39.28,,21903030024002
ΨΞ634690ΒΩ-ΖΕΘ,2026-02-10,ΑΠΟΔΟΣΗ ΦΜΥ ΤΑΚΤΙΚΩΝ ΑΠΟΔΟΧΩΝ ΟΚΤΩΒΡΙΟΥ 2025 ΤΟΥ ΤΟΥ ΕΙΔΙΚΟΥ ΠΡΟΓΡΑΜΜΑΤΟΣ ΑΠΑΣΧΟΛΗΣΗΣ 4000 ΑΝΕΡΓΟΙ ΣΤΟ ΧΩΡΟ ΤΗΣ ΥΓΕΙΑΣ,090165560,ΥΠΟΥΡΓΕΙΟ ΟΙΚΟΝΟΜΙΚΩΝ ΓΕΝΙΚΗ   ΔIEYΘΥΝΣΗ  Δ ΚΗΣΥΠ ΞΗΣ Δ ΟΙΚ,268.06,,21903030024002
ΨΑΥΩ4690ΒΩ-ΒΩΧ,2026-02-10,ΑΠΟΔΟΣΗ ΦΜΥ ΠΡΟΣΘΕΤΩΝ ΑΠΟΔΟΧΩΝ ΣΕΠΤΕΜΒΡΙΟΥ 2025 ΤΟΥ ΤΟΥ ΕΙΔΙΚΟΥ ΠΡΟΓΡΑΜΜΑΤΟΣ ΑΠΑΣΧΟΛΗΣΗΣ 4000 ΑΝΕΡΓΟΙ ΣΤΟ ΧΩΡΟ ΤΗΣ ΥΓΕΙΑΣ,090165560,ΥΠΟΥΡΓΕΙΟ ΟΙΚΟΝΟΜΙΚΩΝ ΓΕΝΙΚΗ   ΔIEYΘΥΝΣΗ  Δ ΚΗΣΥΠ ΞΗΣ Δ ΟΙΚ,68.59,,21903030024002
ΨΓ5Ο4690ΒΩ-ΗΜΤ,2026-02-10,ΑΠΟΔΟΣΗ ΦΜΥ ΤΑΚΤΙΚΩΝ ΑΠΟΔΟΧΩΝ ΣΕΠΤΕΜΒΡΙΟΥ 2025 ΤΟΥ ΤΟΥ ΕΙΔΙΚΟΥ ΠΡΟΓΡΑΜΜΑΤΟΣ ΑΠΑΣΧΟΛΗΣΗΣ 4000 ΑΝΕΡΓΟΙ ΣΤΟ ΧΩΡΟ ΤΗΣ ΥΓΕΙΑΣ,090165560,ΥΠΟΥΡΓΕΙΟ ΟΙΚΟΝΟΜΙΚΩΝ ΓΕΝΙΚΗ   ΔIEYΘΥΝΣΗ  Δ ΚΗΣΥΠ ΞΗΣ Δ ΟΙΚ,306.34,,21903030024002
ΡΜΓΗ4690ΒΩ-ΠΩ6,2026-02-10,ΑΠΟΔΟΣΗ ΦΜΥ ΠΡΟΣΘΕΤΩΝ ΑΠΟΔΟΧΩΝ ΑΥΓΟΥΣΤΟΥ 2025 ΤΟΥ ΤΟΥ ΕΙΔΙΚΟΥ ΠΡΟΓΡΑΜΜΑΤΟΣ ΑΠΑΣΧΟΛΗΣΗΣ 4000 ΑΝΕΡΓΟΙ ΣΤΟ ΧΩΡΟ ΤΗΣ ΥΓΕΙΑ,090165560,ΥΠΟΥΡΓΕΙΟ ΟΙΚΟΝΟΜΙΚΩΝ ΓΕΝΙΚΗ   ΔIEYΘΥΝΣΗ  Δ ΚΗΣΥΠ ΞΗΣ Δ ΟΙΚ,77.81,,21903030024002
6ΣΗΨ4690ΒΩ-ΖΔΟ,2026-02-10,ΑΠΟΔΟΣΗ ΦΜΥ ΤΑΚΤΙΚΩΝ ΑΠΟΔΟΧΩΝ ΝΟΕΜΒΡΙΟΥ 2025 ΤΟΥ ΤΟΥ ΕΙΔΙΚΟΥ ΠΡΟΓΡΑΜΜΑΤΟΣ ΑΠΑΣΧΟΛΗΣΗΣ 4000 ΑΝΕΡΓΟΙ ΣΤΟ ΧΩΡΟ ΤΗΣ ΥΓΕΙΑΣ,090165560,ΥΠΟΥΡΓΕΙΟ ΟΙΚΟΝΟΜΙΚΩΝ ΓΕΝΙΚΗ   ΔIEYΘΥΝΣΗ  Δ ΚΗΣΥΠ ΞΗΣ Δ ΟΙΚ,250.84,,21903030024002
9ΕΖ94690ΒΩ-Φ2Ι,2026-02-04,ΕΝΤΑΛΜΑ ΠΛΗΡΩΜΗΣ ΕΠΑ ΘΕΣΣΑΛΟΝΙΚΗΣ-ΘΕΣΣΑΛΙΑΣ ΑΕ (997998048),997998048,ΕΠΑ ΘΕΣΣΑΛΟΝΙΚΗΣ-ΘΕΣΣΑΛΙΑΣ ΑΕ (997998048),118922.75,,
ΡΥΖ44690ΒΩ-9ΡΚ,2026-02-04,ΕΝΤΑΛΜΑ ΠΛΗΡΩΜΗΣ ΕΠΑ ΘΕΣΣΑΛΟΝΙΚΗΣ-ΘΕΣΣΑΛΙΑΣ ΑΕ (997998048),997998048,ΕΠΑ ΘΕΣΣΑΛΟΝΙΚΗΣ-ΘΕΣΣΑΛΙΑΣ ΑΕ (997998048),16374.04,,
Ρ1904690ΒΩ-ΩΦ5,2026-02-04,ΕΝΤΑΛΜΑ ΠΛΗΡΩΜΗΣ ΕΠΑ ΘΕΣΣΑΛΟΝΙΚΗΣ-ΘΕΣΣΑΛΙΑΣ ΑΕ (997998048),997998048,ΕΠΑ ΘΕΣΣΑΛΟΝΙΚΗΣ-ΘΕΣΣΑΛΙΑΣ ΑΕ (997998048),66.75,,
ΡΧΕΑ4690ΒΩ-Π45,2026-02-04,ΕΝΤΑΛΜΑ ΠΛΗΡΩΜΗΣ ΕΠΑ ΘΕΣΣΑΛΟΝΙΚΗΣ-ΘΕΣΣΑΛΙΑΣ ΑΕ (997998048),997998048,ΕΠΑ ΘΕΣΣΑΛΟΝΙΚΗΣ-ΘΕΣΣΑΛΙΑΣ ΑΕ (997998048),3310.23,,
ΨΕΧΞ4690ΒΩ-ΘΨΗ,2026-02-04,ΕΝΤΑΛΜΑ ΠΛΗΡΩΜΗΣ ΕΠΑ ΘΕΣΣΑΛΟΝΙΚΗΣ-ΘΕΣΣΑΛΙΑΣ ΑΕ (997998048),997998048,ΕΠΑ ΘΕΣΣΑΛΟΝΙΚΗΣ-ΘΕΣΣΑΛΙΑΣ ΑΕ (997998048),3255.18,,
ΨΜ2Γ4690ΒΩ-ΑΨ9,2026-02-04,ΕΝΤΑΛΜΑ ΠΛΗΡΩΜΗΣ ΕΠΑ ΘΕΣΣΑΛΟΝΙΚΗΣ-ΘΕΣΣΑΛΙΑΣ ΑΕ (997998048),997998048,ΕΠΑ ΘΕΣΣΑΛΟΝΙΚΗΣ-ΘΕΣΣΑΛΙΑΣ ΑΕ (997998048),771.08,,
ΨΑΜ54690ΒΩ-Ν22,2026-01-30,ΕΝΤΑΛΜΑ ΠΛΗΡΩΜΗΣ ΤΡΑΠΕΖΑ ΕΛΛΑΔΟΣ (094014213),094014213,ΤΡΑΠΕΖΑ ΕΛΛΑΔΟΣ (094014213),6.15,,
Ψ4ΚΡ4690ΒΩ-Ν4Θ,2026-02-04,ΕΝΤΑΛΜΑ ΠΛΗΡΩΜΗΣ ΤΖΕΚΑ ΑΦΟΙ Ο.Ε (997663680),997663680,ΤΖΕΚΑ ΑΦΟΙ Ο.Ε (997663680),1894.82,,
ΨΣ3Μ4690ΒΩ-5ΒΖ,2026-02-04,ΕΝΤΑΛΜΑ ΠΛΗΡΩΜΗΣ ΤΖΕΚΑ ΑΦΟΙ Ο.Ε (997663680),997663680,ΤΖΕΚΑ ΑΦΟΙ Ο.Ε (997663680),641.81,,
Ψ9Τ94690ΒΩ-5ΝΒ,2026-01-29,ΕΝΤΑΛΜΑ ΠΛΗΡΩΜΗΣ ΕΘΝΙΚΟ ΚΤΗΜΑΤΟΛΟΓΙΟ (997001671),997001671,ΕΘΝΙΚΟ ΚΤΗΜΑΤΟΛΟΓΙΟ (997001671),15.0,,
Ρ2Α74690ΒΩ-Λ5Κ,2026-01-21,ΤΕΛΗ ΚΥΚΛΟΦΟΡΙΑΣ ΤΟΥ  ΥΠ΄ΑΡΙΘΜ. ΚΗΙ 4605  ΙΧ ΙΔΙΟΚΤΗΣΙΑΣ ΓΝΒ  (ΕΤΗ 2025-2026),090165560,ΥΠΟΥΡΓΕΙΟ ΟΙΚΟΝΟΜΙΚΩΝ ΓΕΝΙΚΗ   ΔIEYΘΥΝΣΗ  Δ ΚΗΣΥΠ ΞΗΣ Δ ΟΙΚ,438.75,,24209890001001
6ΝΔΟ4690ΒΩ-Υ0Ψ,2026-01-21,ΤΕΛΗ ΚΥΚΛΟΦΟΡΙΑΣ ΤΟΥ ΥΠ΄ΑΡΙΘΜ. ΚΗΗ 6053  ΙΧ ΙΔΙΟΚΤΗΣΙΑΣ ΓΝΒ  (ΕΤΗ 2025-2026),090165560,ΥΠΟΥΡΓΕΙΟ ΟΙΚΟΝΟΜΙΚΩΝ ΓΕΝΙΚΗ   ΔIEYΘΥΝΣΗ  Δ ΚΗΣΥΠ ΞΗΣ Δ ΟΙΚ,828.75,,24209890001001
ΨΥΣΗ4690ΒΩ-3ΝΕ,2026-01-21,ΤΕΛΗ ΚΥΚΛΟΦΟΡΙΑΣ ΤΟΥ  ΥΠ΄ΑΡΙΘΜ. ΚΗΗ 2952  ΙΧ ΙΔΙΟΚΤΗΣΙΑΣ ΓΝΒ  (ΕΤΗ 2025-2026),090165560,ΥΠΟΥΡΓΕΙΟ ΟΙΚΟΝΟΜΙΚΩΝ ΓΕΝΙΚΗ   ΔIEYΘΥΝΣΗ  Δ ΚΗΣΥΠ ΞΗΣ Δ ΟΙΚ,1040.0,,24209890001001
Ψ9ΛΜ4690ΒΩ-7ΨΤ,2026-01-20,: ΑΠΟΔΟΣΗ ΥΠΕΡ ΔΗΜΟΣΙΟΥ (ΦΟΡΟΣ 20%) ΕΠΙ ΕΞΟΦΛΗΘΕΝΤΩΝ  ΧΕ ΤΟΝ ΜΗΝΑ ΔΕΚΕΜΒΡΙΟ 2025 (Φ 100),090165560,ΥΠΟΥΡΓΕΙΟ ΟΙΚΟΝΟΜΙΚΩΝ ΓΕΝΙΚΗ   ΔIEYΘΥΝΣΗ  Δ ΚΗΣΥΠ ΞΗΣ Δ ΟΙΚ,2376.59,,59301890001001
6ΧΛΖ4690ΒΩ-ΠΨΘ,2026-01-20,"ΑΠΟΔΟΣΗ ΥΠΕΡ ΔΗΜΟΣΙΟΥ (ΧΑΡΤ.,ΟΓΑ ΧΑΡΤ.) ΕΠΙ ΕΞΟΦΛΗΘΕΝΤΩΝ ΧΕ ΤΟΝ ΜΗΝΑ ΔΕΚΕΜΒΡΙΟ 2025 (Φ 100)",090165560,ΥΠΟΥΡΓΕΙΟ ΟΙΚΟΝΟΜΙΚΩΝ ΓΕΝΙΚΗ   ΔIEYΘΥΝΣΗ  Δ ΚΗΣΥΠ ΞΗΣ Δ ΟΙΚ,67.14,,59301890001001
6ΥΚΟ4690ΒΩ-Ρ2Χ,2026-01-20,ΑΠΟΔΟΣΗ ΥΠΕΡ ΨΥΧΙΚΗΣ ΥΓΕΙΑΣ (Ν.3580 2%) ΕΠΙ ΕΞΟΦΛΗΘΕΝΤΩΝ ΧΕ ΤΟΝ ΜΗΝΑ ΔΕΚΕΜΒΡΙΟ 2025 (Φ 100),099017070,ΥΠΟΥΡΓΕΙΟ ΥΓΕΙΑΣ ΠΡΟΝΟΙΑΣ,71172.87,,59301890001001
6ΔΦΖ4690ΒΩ-04Λ,2026-01-20,ΑΠΟΔΟΣΗ  ΚΡΑΤΗΣΗΣ  ΥΠΕΡ  Ε.Α.Α.ΔΗ.ΣΥ.  ΕΠΙ ΕΞΟΦΛΗΘΕΝΤΩΝ ΧΕ ΤΟΝ ΜΗΝΑ ΔΕΚΕΜΒΡΙΟ 2025 (Φ 100),090166291,ΥΠΟΥΡΓΕΙΟ ΑΝΑΠΤΥΞΗΣ,3554.32,,59309890001001
62ΖΣ4690ΒΩ-ΩΟ2,2026-01-20,ΑΠΟΔΟΣΗ ΥΠΕΡ Α.Ε.Π.Π. ΕΠΙ ΕΞΟΦΛΗΘΕΝΤΩΝ ΧΕ ΤΟΝ ΜΗΝΑ ΔΕΚΕΜΒΡΙΟ 2025 (Φ 100),090169674,ΥΠΟΥΡΓΕΙΟ ΔΙΚΑΙΟΣΥΝΗΣ,52.52,,59309890001001
Ρ7Π74690ΒΩ-Π6Ψ,2026-01-20,"ΑΠΟΔΟΣΗ ΥΠΕΡ ΔΗΜΟΣΙΟΥ (ΦΟΡΟΙ %,4%,8% ) ΕΠΙ ΕΞΟΦΛΗΘΕΝΤΩΝ ΧΕ ΤΟΝ ΜΗΝΑ ΔΕΚΕΜΒΡΙΟ 2025 (Φ 100)",090165560,ΥΠΟΥΡΓΕΙΟ ΟΙΚΟΝΟΜΙΚΩΝ ΓΕΝΙΚΗ   ΔIEYΘΥΝΣΗ  Δ ΚΗΣΥΠ ΞΗΣ Δ ΟΙΚ,174366.77,,59301890001001
9ΒΩΟ4690ΒΩ-ΔΝΞ,2026-01-20,ΑΠΟΔΟΣΗ ΥΠΕΡ ΔΗΜΟΣΙΟΥ (ΦΟΡΟΣ 4% ) ΕΠΙ ΕΞΟΦΛΗΘΜΤΩΝ ΧΕ ΤΟΝ ΜΗΝΑ ΔΕΚΕΜΒΡΙΟ 2025  (Φ 400),090165560,ΥΠΟΥΡΓΕΙΟ ΟΙΚΟΝΟΜΙΚΩΝ ΓΕΝΙΚΗ   ΔIEYΘΥΝΣΗ  Δ ΚΗΣΥΠ ΞΗΣ Δ ΟΙΚ,11.34,,59301890001001
9Ξ1Δ4690ΒΩ-ΨΑΚ,2026-01-20,ΑΠΟΔΟΣΗ ΥΠΕΡ ΔΗΜΟΣΙΟΥ (ΦΜΥ) ΚΑΙ ΛΟΙΠΩΝ ΑΣΦΑΛΙΣΤΙΚΩΝ ΤΑΜΕΙΩΝ ΕΠΙ ΕΞΟΦΛΗΘΕΝΤΩΝ ΧΕ ΜΙΣΘΟΔΟΣΙΑΣ ΜΕΣΩ ΕΑΠ  ( Φ 100),090165560,ΥΠΟΥΡΓΕΙΟ ΟΙΚΟΝΟΜΙΚΩΝ ΓΕΝΙΚΗ   ΔIEYΘΥΝΣΗ  Δ ΚΗΣΥΠ ΞΗΣ Δ ΟΙΚ,7060.51,,59301010001001
9Ξ1Δ4690ΒΩ-ΨΑΚ,2026-01-20,ΑΠΟΔΟΣΗ ΥΠΕΡ ΔΗΜΟΣΙΟΥ (ΦΜΥ) ΚΑΙ ΛΟΙΠΩΝ ΑΣΦΑΛΙΣΤΙΚΩΝ ΤΑΜΕΙΩΝ ΕΠΙ ΕΞΟΦΛΗΘΕΝΤΩΝ ΧΕ ΜΙΣΘΟΔΟΣΙΑΣ ΜΕΣΩ ΕΑΠ  ( Φ 100),090165560,ΥΠΟΥΡΓΕΙΟ ΟΙΚΟΝΟΜΙΚΩΝ ΓΕΝΙΚΗ   ΔIEYΘΥΝΣΗ  Δ ΚΗΣΥΠ ΞΗΣ Δ ΟΙΚ,54737.93,,59302020001001
ΨΦΧΤ4690ΒΩ-ΒΝΟ,2026-01-09,ΑΠΟΖΗΜΙΩΣΗ ΣΤΑ ΜΕΛΗ (ΙΔΙΩΤΕΣ) ΓΙΑ ΣΥΜΜΜΕΤΟΧΗ ΣΤΙΣ ΣΥΝΕΔΡΙΑΣΕΙΣ ΤΟΥ  ΔΣ ΤΟΥ ΓΝΒ ΑΠΟ 2/7/2025  ΕΩΣ 15/12/2025  ΣΥΜΦΩΝΑ ΜΕ ΤΙΣ ΔΙΑΤΑΞΕΙΣ  ΤΟΥ Ν 4354/20215  ΤΟΥ ΑΡΘΡΟΥ 21  ΤΗΣ ΠΑΡ.1,064740955,"ΝΑΣΙΟΣ,,ΑΠΟΣΤΟΛΟΣ,ΚΩΝΣΤΑΝΤΙΝΟΣ",180.0,,0264α01
ΨΦΧΤ4690ΒΩ-ΒΝΟ,2026-01-09,ΑΠΟΖΗΜΙΩΣΗ ΣΤΑ ΜΕΛΗ (ΙΔΙΩΤΕΣ) ΓΙΑ ΣΥΜΜΜΕΤΟΧΗ ΣΤΙΣ ΣΥΝΕΔΡΙΑΣΕΙΣ ΤΟΥ  ΔΣ ΤΟΥ ΓΝΒ ΑΠΟ 2/7/2025  ΕΩΣ 15/12/2025  ΣΥΜΦΩΝΑ ΜΕ ΤΙΣ ΔΙΑΤΑΞΕΙΣ  ΤΟΥ Ν 4354/20215  ΤΟΥ ΑΡΘΡΟΥ 21  ΤΗΣ ΠΑΡ.1,141912924,"ΠΕΡΙΣΤΕΡΟΠΟΥΛΟΣ,,ΠΑΡΙΣΗΣ,ΚΩΝΣΤΑΝΤΙΝΟΣ",220.0,,0264α01
ΨΦΧΤ4690ΒΩ-ΒΝΟ,2026-01-09,ΑΠΟΖΗΜΙΩΣΗ ΣΤΑ ΜΕΛΗ (ΙΔΙΩΤΕΣ) ΓΙΑ ΣΥΜΜΜΕΤΟΧΗ ΣΤΙΣ ΣΥΝΕΔΡΙΑΣΕΙΣ ΤΟΥ  ΔΣ ΤΟΥ ΓΝΒ ΑΠΟ 2/7/2025  ΕΩΣ 15/12/2025  ΣΥΜΦΩΝΑ ΜΕ ΤΙΣ ΔΙΑΤΑΞΕΙΣ  ΤΟΥ Ν 4354/20215  ΤΟΥ ΑΡΘΡΟΥ 21  ΤΗΣ ΠΑΡ.1,119213973,"ΜΠΑΚΑΛΙΑΝΟΣ,,ΒΑΣΙΛΕΙΟΣ,ΑΘΑΝΑΣΙΟΣ",260.0,,0264α01
605Δ4690ΒΩ-6ΓΡ,2025-12-31,ΕΝΤΑΛΜΑ ΠΛΗΡΩΜΗΣ ΤΡΑΠΕΖΑ ΕΛΛΑΔΟΣ (094014213),094014213,ΤΡΑΠΕΖΑ ΕΛΛΑΔΟΣ (094014213),62.0,,
Ψ3ΔΠ4690ΒΩ-ΠΜΞ,2025-12-31,ΕΝΤΑΛΜΑ ΠΛΗΡΩΜΗΣ ΤΡΑΠΕΖΑ  EUROBANK AE (094014250),094014250,ΤΡΑΠΕΖΑ  EUROBANK AE (094014250),181.05,,
9ΚΚ14690ΒΩ-3Ψ0,2025-12-30,ΕΝΤΑΛΜΑ ΠΛΗΡΩΜΗΣ 5ηΥ.Πε.ΘΕΣΣΑΛΙΑΣ  ΣΤΕΡΕΑΣ ΕΛΛΑΔΑΣ (999085439),999085439,5ηΥ.Πε.ΘΕΣΣΑΛΙΑΣ  ΣΤΕΡΕΑΣ ΕΛΛΑΔΑΣ (999085439),2806.55,,
6ΥΕΚ4690ΒΩ-1ΙΕ,2025-12-30,ΕΝΤΑΛΜΑ ΠΛΗΡΩΜΗΣ ΤΡΑΠΕΖΑ  EUROBANK AE (094014250),094014250,ΤΡΑΠΕΖΑ  EUROBANK AE (094014250),2.4,,0431α01
ΡΗΟ74690ΒΩ-177,2025-12-30,ΕΝΤΑΛΜΑ ΠΛΗΡΩΜΗΣ ZIMMER BIOMET ΕΛΛΑΣ ΜΟΝΟΠΡΟΣΩΠΗ  Α.Ε. (094437885),094437885,ZIMMER BIOMET ΕΛΛΑΣ ΜΟΝΟΠΡΟΣΩΠΗ  Α.Ε. (094437885),5116.64,,
91Δ74690ΒΩ-Δ5Γ,2025-12-30,ΕΝΤΑΛΜΑ ΠΛΗΡΩΜΗΣ ZIMMER BIOMET ΕΛΛΑΣ ΜΟΝΟΠΡΟΣΩΠΗ  Α.Ε. (094437885),094437885,ZIMMER BIOMET ΕΛΛΑΣ ΜΟΝΟΠΡΟΣΩΠΗ  Α.Ε. (094437885),3063.84,,
9ΓΛΧ4690ΒΩ-07Υ,2025-12-30,ΕΝΤΑΛΜΑ ΠΛΗΡΩΜΗΣ ZIMMER BIOMET ΕΛΛΑΣ ΜΟΝΟΠΡΟΣΩΠΗ  Α.Ε. (094437885),094437885,ZIMMER BIOMET ΕΛΛΑΣ ΜΟΝΟΠΡΟΣΩΠΗ  Α.Ε. (094437885),1005.64,,
90Χ84690ΒΩ-0ΤΔ,2025-12-29,ΕΝΤΑΛΜΑ ΠΛΗΡΩΜΗΣ ΦΙΛΙΠΠΙΤΖΗΣ ΣΤ. ΣΠΥΡΟΣ (067794569),067794569,ΦΙΛΙΠΠΙΤΖΗΣ ΣΤ. ΣΠΥΡΟΣ (067794569),311.8,,
ΨΠ014690ΒΩ-Φ4Α,2025-12-30,ΕΝΤΑΛΜΑ ΠΛΗΡΩΜΗΣ ZIMMER BIOMET ΕΛΛΑΣ ΜΟΝΟΠΡΟΣΩΠΗ  Α.Ε. (094437885),094437885,ZIMMER BIOMET ΕΛΛΑΣ ΜΟΝΟΠΡΟΣΩΠΗ  Α.Ε. (094437885),282.5,,
9ΞΟ54690ΒΩ-ΞΤΝ,2025-12-30,ΕΝΤΑΛΜΑ ΠΛΗΡΩΜΗΣ ΤΣΙΝΤΣΙΝΗ Γ.ΠΑΡΑΣΚΕΥΗ(ΜΑΓΝΗΤΗΣ) (047057290),047057290,ΤΣΙΝΤΣΙΝΗ Γ.ΠΑΡΑΣΚΕΥΗ(ΜΑΓΝΗΤΗΣ) (047057290),145.08,,
61ΨΘ4690ΒΩ-ΡΡ1,2025-12-30,ΕΝΤΑΛΜΑ ΠΛΗΡΩΜΗΣ ΚΟΣΜΙΔΗΣ  ΧΑΡ. ΠΕΤΡΟΣ     ΣΙΑ  Ε.Ε. (999685389),999685389,ΚΟΣΜΙΔΗΣ  ΧΑΡ. ΠΕΤΡΟΣ     ΣΙΑ  Ε.Ε. (999685389),2122.45,,
Ψ84Τ4690ΒΩ-ΓΓΡ,2025-12-30,ΕΝΤΑΛΜΑ ΠΛΗΡΩΜΗΣ ZIMMER BIOMET ΕΛΛΑΣ ΜΟΝΟΠΡΟΣΩΠΗ  Α.Ε. (094437885),094437885,ZIMMER BIOMET ΕΛΛΑΣ ΜΟΝΟΠΡΟΣΩΠΗ  Α.Ε. (094437885),3200.02,,
ΨΛΓ44690ΒΩ-3ΝΘ,2025-12-30,ΑΠΟΔΟΣΕΙΣ ΕΣΟΔΩΝ ΠΟΥ ΕΙΣΠΡΑΧΘΗΚΑΝ ΥΠΕΡ ΔΗΜΟΣΙΟΥ ΚΑΙ ΤΡΙΤΩΝ ΑΠΟ ΧΡΗΜΑΤΟΔΟΤΗΣΕΙΣ ΤΟΥ ΠΡΟΓΡΑΜΜΑΤΟΣ ΔΗΜΟΣΙΟΥ ΕΠΕΝΔΥΣΕΩΝ (ΤΑΜΕΙΟ ΑΝΑΚΑΜΨΗΣ ΠΡΟΓΡΑΜΜΑ ΔΟΞΙΑΔΗ ),090165560,ΥΠΟΥΡΓΕΙΟ ΟΙΚΟΝΟΜΙΚΩΝ ΓΕΝΙΚΗ   ΔIEYΘΥΝΣΗ  Δ ΚΗΣΥΠ ΞΗΣ Δ ΟΙΚ,9051.53,,9392α01
91ΩΜ4690ΒΩ-03Ο,2025-12-30,ΑΠΟΔΟΣΕΙΣ ΕΣΟΔΩΝ ΠΟΥ ΕΙΣΠΡΑΧΘΗΚΑΝ ΥΠΕΡ ΔΗΜΟΣΙΟΥ ΚΑΙ ΤΡΙΤΩΝ ΑΠΟ ΧΡΗΜΑΤΟΔΟΤΗΣΕΙΣ ΤΟΥ ΠΡΟΓΡΑΜΜΑΤΟΣ ΔΗΜΟΣΙΟΥ ΕΠΕΝΔΥΣΕΩΝ (ΤΑΜΕΙΟ ΑΝΑΚΑΜΨΗΣ ΑΠΟΓΕΥΜΑΤΙΝΑ ΧΕΙΡΟΥΡΓΕΙΑ Φ100),090165560,ΥΠΟΥΡΓΕΙΟ ΟΙΚΟΝΟΜΙΚΩΝ ΓΕΝΙΚΗ   ΔIEYΘΥΝΣΗ  Δ ΚΗΣΥΠ ΞΗΣ Δ ΟΙΚ,4300.38,,9392α01
932Λ4690ΒΩ-59Μ,2025-12-30,ΑΠΟΔΟΣΗ  ΥΠΕΡ ΜΤΠΥ  ΕΠΙ ΕΞΟΦΛΗΘΕΝΤΩΝ ΧΕ  ΜΙΣΘΟΔΟΣΙΑΣ ΔΕΚΕΜΒΡΙΟΥ (Φ 100),090165560,ΥΠΟΥΡΓΕΙΟ ΟΙΚΟΝΟΜΙΚΩΝ ΓΕΝΙΚΗ   ΔIEYΘΥΝΣΗ  Δ ΚΗΣΥΠ ΞΗΣ Δ ΟΙΚ,8328.68,,3311α01
932Λ4690ΒΩ-59Μ,2025-12-30,ΑΠΟΔΟΣΗ  ΥΠΕΡ ΜΤΠΥ  ΕΠΙ ΕΞΟΦΛΗΘΕΝΤΩΝ ΧΕ  ΜΙΣΘΟΔΟΣΙΑΣ ΔΕΚΕΜΒΡΙΟΥ (Φ 100),090165560,ΥΠΟΥΡΓΕΙΟ ΟΙΚΟΝΟΜΙΚΩΝ ΓΕΝΙΚΗ   ΔIEYΘΥΝΣΗ  Δ ΚΗΣΥΠ ΞΗΣ Δ ΟΙΚ,8224.66,,3399α01
932Λ4690ΒΩ-59Μ,2025-12-30,ΑΠΟΔΟΣΗ  ΥΠΕΡ ΜΤΠΥ  ΕΠΙ ΕΞΟΦΛΗΘΕΝΤΩΝ ΧΕ  ΜΙΣΘΟΔΟΣΙΑΣ ΔΕΚΕΜΒΡΙΟΥ (Φ 100),090165560,ΥΠΟΥΡΓΕΙΟ ΟΙΚΟΝΟΜΙΚΩΝ ΓΕΝΙΚΗ   ΔIEYΘΥΝΣΗ  Δ ΚΗΣΥΠ ΞΗΣ Δ ΟΙΚ,54608.82,,3371α01
932Λ4690ΒΩ-59Μ,2025-12-30,ΑΠΟΔΟΣΗ  ΥΠΕΡ ΜΤΠΥ  ΕΠΙ ΕΞΟΦΛΗΘΕΝΤΩΝ ΧΕ  ΜΙΣΘΟΔΟΣΙΑΣ ΔΕΚΕΜΒΡΙΟΥ (Φ 100),090165560,ΥΠΟΥΡΓΕΙΟ ΟΙΚΟΝΟΜΙΚΩΝ ΓΕΝΙΚΗ   ΔIEYΘΥΝΣΗ  Δ ΚΗΣΥΠ ΞΗΣ Δ ΟΙΚ,138973.82,,3391α01
9Ζ9Ω4690ΒΩ-Ζ41,2025-12-19,ΕΝΤΑΛΜΑ ΠΛΗΡΩΜΗΣ ΑΛΚΟΝ ΛΑΜΠΟΡΑΤΟΡΙΣ ΕΛΛΑΣ ΑΕΒΕ (094450895),094450895,ΑΛΚΟΝ ΛΑΜΠΟΡΑΤΟΡΙΣ ΕΛΛΑΣ ΑΕΒΕ (094450895),9749.75,,
6Μ0Ν4690ΒΩ-4Δ7,2025-12-24,ΕΝΤΑΛΜΑ ΠΛΗΡΩΜΗΣ DRAEGER  HELLAS A.E (997799268),997799268,DRAEGER  HELLAS A.E (997799268),2743.5,,
ΨΕ244690ΒΩ-ΓΤ4,2025-12-24,ΕΝΤΑΛΜΑ ΠΛΗΡΩΜΗΣ ICON DYNAMICS ΙΑΤΡΙΚΑ ΜΗΧΑΝΗΜΑΤΑ ΙΚΕ (998860010),998860010,ICON DYNAMICS ΙΑΤΡΙΚΑ ΜΗΧΑΝΗΜΑΤΑ ΙΚΕ (998860010),3000.0,,
9ΧΦΕ4690ΒΩ-4Σ0,2025-12-24,ΕΝΤΑΛΜΑ ΠΛΗΡΩΜΗΣ ΛΙΝΤΕ ΕΛΛΑΣ ΜΟΝΟΠΡΟΣΩΠΗ Ε.Π.Ε (095167018),095167018,ΛΙΝΤΕ ΕΛΛΑΣ ΜΟΝΟΠΡΟΣΩΠΗ Ε.Π.Ε (095167018),27582.56,,
6ΓΑΚ4690ΒΩ-ΚΧ1,2025-12-24,ΕΝΤΑΛΜΑ ΠΛΗΡΩΜΗΣ ΣΑΜΑΡΑΣ ΓΕΩΡΓΙΟΣ ΑΒΕΕ (094373861),094373861,ΣΑΜΑΡΑΣ ΓΕΩΡΓΙΟΣ ΑΒΕΕ (094373861),3595.99,,
9ΖΤΡ4690ΒΩ-ΩΟΡ,2025-12-24,ΕΝΤΑΛΜΑ ΠΛΗΡΩΜΗΣ Y LOGIMED Α.Ε (094446034),094446034,Y LOGIMED Α.Ε (094446034),6200.0,,
6ΤΙΦ4690ΒΩ-ΖΗΝ,2025-12-24,ΕΝΤΑΛΜΑ ΠΛΗΡΩΜΗΣ DRAEGER  HELLAS A.E (997799268),997799268,DRAEGER  HELLAS A.E (997799268),2743.5,,
ΨΘΚ04690ΒΩ-Β6Χ,2025-12-22,ΕΝΤΑΛΜΑ ΠΛΗΡΩΜΗΣ MEDIPRIME ΙΑΤΡΟΦΑΡΜ.ΕΙΔΩΝ Α.Ε.Ε. (998283526),998283526,MEDIPRIME ΙΑΤΡΟΦΑΡΜ.ΕΙΔΩΝ Α.Ε.Ε. (998283526),7107.06,,
6ΖΥΜ4690ΒΩ-ΡΩΤ,2025-12-24,ΕΝΤΑΛΜΑ ΠΛΗΡΩΜΗΣ MEDIC PLAN HEALTH PROJECT IKE (999961120),999961120,MEDIC PLAN HEALTH PROJECT IKE (999961120),4690.3,,
6ΔΔΤ4690ΒΩ-ΜΜΟ,2025-12-23,ΕΝΤΑΛΜΑ ΠΛΗΡΩΜΗΣ COMPULAND AE (095387617),095387617,COMPULAND AE (095387617),3799.87,,
ΨΣΩΙ4690ΒΩ-ΝΒΙ,2025-12-23,ΕΝΤΑΛΜΑ ΠΛΗΡΩΜΗΣ ΚΑΡΑΓΚΟΥΝΗΣ ΠΑΝΑΓΙΩΤΗΣ τ. ΔΗΜΟΥ (034322654),034322654,ΚΑΡΑΓΚΟΥΝΗΣ ΠΑΝΑΓΙΩΤΗΣ τ. ΔΗΜΟΥ (034322654),2809.16,,
ΨΦΝΟ4690ΒΩ-4ΛΞ,2025-12-22,ΕΝΤΑΛΜΑ ΠΛΗΡΩΜΗΣ ΚΑΛΤΕΚ ΑΕ ΕΜΠΟΡΙΑ ΙΑΤΡΙΚΩΝ ΕΙΔΩΝ ΚΑΙ ΠΡΟΙΟΝΤΩΝ ΚΑΙ ΜΗΧΑΝΗΜΑΤΩΝ  ΑΝΩΝΥΜΗ ΕΤΑΙΡΕΙΑ (999307110),999307110,ΚΑΛΤΕΚ ΑΕ ΕΜΠΟΡΙΑ ΙΑΤΡΙΚΩΝ ΕΙΔΩΝ ΚΑΙ ΠΡΟΙΟΝΤΩΝ ΚΑΙ ΜΗΧΑΝΗΜΑΤΩΝ  ΑΝΩΝΥΜΗ ΕΤΑΙΡΕΙΑ (999307110),384.2,,
ΨΡΝΝ4690ΒΩ-ΖΙΓ,2025-12-23,ΕΝΤΑΛΜΑ ΠΛΗΡΩΜΗΣ ΤΡΑΠΕΖΑ ΕΛΛΑΔΟΣ (094014213),094014213,ΤΡΑΠΕΖΑ ΕΛΛΑΔΟΣ (094014213),1610.0,,
ΨΣΑΩ4690ΒΩ-2ΤΚ,2025-12-23,ΕΝΤΑΛΜΑ ΠΛΗΡΩΜΗΣ ΔΕΥΑΜΒ (090071204),090071204,ΔΕΥΑΜΒ (090071204),4504.0,,
ΨΟΕΦ4690ΒΩ-Ο9Ι,2025-12-23,ΕΝΤΑΛΜΑ ΠΛΗΡΩΜΗΣ ΥΠΟΥΡΓΕΙΟ ΠΕΡΙΒΑΛΛΟΝΤΟΣ   ΕΝΕΡΓΕΙΑΣ (090273987),090273987,ΥΠΟΥΡΓΕΙΟ ΠΕΡΙΒΑΛΛΟΝΤΟΣ   ΕΝΕΡΓΕΙΑΣ (090273987),40550.4,,
91Ζ44690ΒΩ-ΓΧ7,2025-12-23,ΕΝΤΑΛΜΑ ΠΛΗΡΩΜΗΣ ΔΕΥΑΜΒ (090071204),090071204,ΔΕΥΑΜΒ (090071204),25.0,,
9Ω6Ν4690ΒΩ-8ΡΑ,2025-12-23,ΕΝΤΑΛΜΑ ΠΛΗΡΩΜΗΣ ΖΙΑΜΑΣ  ΔΗΜΗΤΡΙΟΣ  τ.  ΧΡΗΣΤΟΥ (113589615),113589615,ΖΙΑΜΑΣ  ΔΗΜΗΤΡΙΟΣ  τ.  ΧΡΗΣΤΟΥ (113589615),1000.0,,
9ΦΧΞ4690ΒΩ-6Κ3,2025-12-23,ΕΝΤΑΛΜΑ ΠΛΗΡΩΜΗΣ ΑΡΒΑΝΙΤΗ  ΚΩΝΣΤΑΝΤΙΝΑ τ. ΓΕΩΡΓΙΟΥ (156785626),156785626,ΑΡΒΑΝΙΤΗ  ΚΩΝΣΤΑΝΤΙΝΑ τ. ΓΕΩΡΓΙΟΥ (156785626),530.35,,
9ΞΩ94690ΒΩ-ΥΟΜ,2025-12-19,ΕΝΤΑΛΜΑ ΠΛΗΡΩΜΗΣ ΙΑΚΩΒΙΔΗΣ Μ. Σ. ΕΛΛΑΣ Α.Ε. (095186426),095186426,ΙΑΚΩΒΙΔΗΣ Μ. Σ. ΕΛΛΑΣ Α.Ε. (095186426),6051.2,,
ΨΥΓΓ4690ΒΩ-4Υ2,2025-12-23,ΕΝΤΑΛΜΑ ΠΛΗΡΩΜΗΣ ΘΑΝΟΠΟΥΛΟΥ ΒΑΣΙΛΙΚΗ τ. ΔΗΜΗΤΡΙΟΥ (120430983),120430983,ΘΑΝΟΠΟΥΛΟΥ ΒΑΣΙΛΙΚΗ τ. ΔΗΜΗΤΡΙΟΥ (120430983),750.0,,
611Ψ4690ΒΩ-ΓΒΘ,2025-12-23,ΕΝΤΑΛΜΑ ΠΛΗΡΩΜΗΣ ΜΠΕΗΣ  ΚΩΝΣΤΑΝΤΙΝΟΣ τ. ΙΩΑΝΝΗ (057539932),057539932,ΜΠΕΗΣ  ΚΩΝΣΤΑΝΤΙΝΟΣ τ. ΙΩΑΝΝΗ (057539932),500.0,,
ΨΣΟ24690ΒΩ-ΡΚΔ,2025-12-22,ΕΝΤΑΛΜΑ ΠΛΗΡΩΜΗΣ ΠΑΠΑΠΟΣΤΟΛΟΥ Ν. ΑΕ (095029193),095029193,ΠΑΠΑΠΟΣΤΟΛΟΥ Ν. ΑΕ (095029193),12698.0,,
ΨΓΛΖ4690ΒΩ-1Χ2,2025-12-23,ΕΝΤΑΛΜΑ ΠΛΗΡΩΜΗΣ ΔΡΙΒΑ ΧΡΙΣΤΙΝΑ τ. ΓΕΩΡΓΙΟΥ (143463998),143463998,ΔΡΙΒΑ ΧΡΙΣΤΙΝΑ τ. ΓΕΩΡΓΙΟΥ (143463998),1890.0,,
9ΡΣ04690ΒΩ-8Φ2,2025-12-23,ΕΝΤΑΛΜΑ ΠΛΗΡΩΜΗΣ ΡΟΥΜΠΟΣ ΝΙΚΟΛΑΟΣ τ. ΙΩΑΝΝΗ (050588536),050588536,ΡΟΥΜΠΟΣ ΝΙΚΟΛΑΟΣ τ. ΙΩΑΝΝΗ (050588536),1250.0,,
9ΡΘ24690ΒΩ-5ΔΟ,2025-12-22,ΕΝΤΑΛΜΑ ΠΛΗΡΩΜΗΣ ΚΑΛΤΕΚ ΑΕ ΕΜΠΟΡΙΑ ΙΑΤΡΙΚΩΝ ΕΙΔΩΝ ΚΑΙ ΠΡΟΙΟΝΤΩΝ ΚΑΙ ΜΗΧΑΝΗΜΑΤΩΝ  ΑΝΩΝΥΜΗ ΕΤΑΙΡΕΙΑ (999307110),999307110,ΚΑΛΤΕΚ ΑΕ ΕΜΠΟΡΙΑ ΙΑΤΡΙΚΩΝ ΕΙΔΩΝ ΚΑΙ ΠΡΟΙΟΝΤΩΝ ΚΑΙ ΜΗΧΑΝΗΜΑΤΩΝ  ΑΝΩΝΥΜΗ ΕΤΑΙΡΕΙΑ (999307110),21762.0,,
ΨΠ9Ξ4690ΒΩ-ΒΞΦ,2025-12-23,ΕΝΤΑΛΜΑ ΠΛΗΡΩΜΗΣ AEGLI MEDICAL OPTICS  A.E. (ΠΡΩΗΝ AMTEC Α.Ε.) (094429222),094429222,AEGLI MEDICAL OPTICS  A.E. (ΠΡΩΗΝ AMTEC Α.Ε.) (094429222),25707.5,,
ΨΛΤΞ4690ΒΩ-4ΞΤ,2025-12-19,ΕΝΤΑΛΜΑ ΠΛΗΡΩΜΗΣ GE HEALTHCARE ΕΜΠΟΡΙΚΗ ΚΑΙ ΒΙΟΜΗΧΑΝΙΚΗ Α.Ε (094472918),094472918,GE HEALTHCARE ΕΜΠΟΡΙΚΗ ΚΑΙ ΒΙΟΜΗΧΑΝΙΚΗ Α.Ε (094472918),27084.08,,
9ΨΤΕ4690ΒΩ-8ΛΣ,2025-12-19,ΕΝΤΑΛΜΑ ΠΛΗΡΩΜΗΣ ΛΙΝΤΕ ΕΛΛΑΣ ΜΟΝΟΠΡΟΣΩΠΗ Ε.Π.Ε (095167018),095167018,ΛΙΝΤΕ ΕΛΛΑΣ ΜΟΝΟΠΡΟΣΩΠΗ Ε.Π.Ε (095167018),1071.36,,
6ΧΔΒ4690ΒΩ-ΥΛΘ,2025-12-19,ΕΝΤΑΛΜΑ ΠΛΗΡΩΜΗΣ INTER MEDICA  ΕΜΜ. Τ. ΤΖΑΝΙΔΑΚΗΣ (011651035),011651035,INTER MEDICA  ΕΜΜ. Τ. ΤΖΑΝΙΔΑΚΗΣ (011651035),9461.22,,
ΨΓ664690ΒΩ-ΘΡΣ,2025-12-22,ΕΝΤΑΛΜΑ ΠΛΗΡΩΜΗΣ ΠΡΩΤΟΝ A.E. (094442268),094442268,ΠΡΩΤΟΝ A.E. (094442268),6398.4,,
Ψ7814690ΒΩ-ΕΣΤ,2025-12-22,ΕΝΤΑΛΜΑ ΠΛΗΡΩΜΗΣ ΜΑΥΡΟΓΕΝΗΣ ΑΝΑΣΤΑΣΙΟΣ ΑΕ ΙΑΤΡΟΤΕΧΝΟΛΟΓΙΚΑ ΕΙΔΗ (082525697),082525697,ΜΑΥΡΟΓΕΝΗΣ ΑΝΑΣΤΑΣΙΟΣ ΑΕ ΙΑΤΡΟΤΕΧΝΟΛΟΓΙΚΑ ΕΙΔΗ (082525697),5313.4,,
Ψ41Κ4690ΒΩ-5Χ2,2025-12-19,ΕΝΤΑΛΜΑ ΠΛΗΡΩΜΗΣ ΦΙΛΙΠΣ  ΕΛΛΑΣ ΜΟΝΟΠΡΟΣΩΠΗ  Α.Ε.Β.Ε. (094014759),094014759,ΦΙΛΙΠΣ  ΕΛΛΑΣ ΜΟΝΟΠΡΟΣΩΠΗ  Α.Ε.Β.Ε. (094014759),31992.0,,
6ΧΥΤ4690ΒΩ-23Θ,2025-12-23,ΕΝΤΑΛΜΑ ΠΛΗΡΩΜΗΣ ΚΩΝ/ΝΟΣ  ΑΡ. ΜΑΡΑΒΕΓΙΑΣ (061977768),061977768,ΚΩΝ/ΝΟΣ  ΑΡ. ΜΑΡΑΒΕΓΙΑΣ (061977768),1029.78,,
9ΛΨΚ4690ΒΩ-ΒΦΗ,2025-12-19,ΕΝΤΑΛΜΑ ΠΛΗΡΩΜΗΣ ΠΑΠΑΠΟΣΤΟΛΟΥ Ν. ΑΕ (095029193),095029193,ΠΑΠΑΠΟΣΤΟΛΟΥ Ν. ΑΕ (095029193),3323.2,,
9Κ134690ΒΩ-ΗΘ3,2025-12-22,ΕΝΤΑΛΜΑ ΠΛΗΡΩΜΗΣ ΥΓΕΙΟΔΥΝΑΜΙΚΗ Α.Ε. ΙΑΤΡΙΚΩΝ ΕΦΟΔΙΩΝ (997672386),997672386,ΥΓΕΙΟΔΥΝΑΜΙΚΗ Α.Ε. ΙΑΤΡΙΚΩΝ ΕΦΟΔΙΩΝ (997672386),11856.88,,
Ψ4ΥΘ4690ΒΩ-ΜΕΠ,2025-12-16,ΕΝΤΑΛΜΑ ΠΛΗΡΩΜΗΣ ΚΟΡΦΙΑΤΗΣ Α.   ΣΙΑ Ε.Ε (082261313),082261313,ΚΟΡΦΙΑΤΗΣ Α.   ΣΙΑ Ε.Ε (082261313),12548.8,,
94ΛΨ4690ΒΩ-ΔΑΑ,2025-12-18,ΕΝΤΑΛΜΑ ΠΛΗΡΩΜΗΣ ΓΕΝΙΚΗ ΧΗΜΙΚΩΝ ΠΡΟΙΟΝΤΩΝ Α.Ε. (094133588),094133588,ΓΕΝΙΚΗ ΧΗΜΙΚΩΝ ΠΡΟΙΟΝΤΩΝ Α.Ε. (094133588),4047.66,,
ΡΘΖΔ4690ΒΩ-Μ3Δ,2025-12-18,ΕΝΤΑΛΜΑ ΠΛΗΡΩΜΗΣ ΛΙΝΤΕ ΕΛΛΑΣ ΜΟΝΟΠΡΟΣΩΠΗ Ε.Π.Ε (095167018),095167018,ΛΙΝΤΕ ΕΛΛΑΣ ΜΟΝΟΠΡΟΣΩΠΗ Ε.Π.Ε (095167018),59766.2,,
6ΔΛΡ4690ΒΩ-07Ε,2025-12-22,ΕΝΤΑΛΜΑ ΠΛΗΡΩΜΗΣ MEDICARE HELLAS Α.Ε (095367968),095367968,MEDICARE HELLAS Α.Ε (095367968),6324.0,,
9ΣΩΑ4690ΒΩ-Ο7Ξ,2025-12-22,ΕΝΤΑΛΜΑ ΠΛΗΡΩΜΗΣ MEDIC PLAN HEALTH PROJECT IKE (999961120),999961120,MEDIC PLAN HEALTH PROJECT IKE (999961120),4265.6,,
9ΧΕΘ4690ΒΩ-Ρ3Β,2025-12-16,ΕΝΤΑΛΜΑ ΠΛΗΡΩΜΗΣ MEDICARE HELLAS Α.Ε (095367968),095367968,MEDICARE HELLAS Α.Ε (095367968),5691.6,,
6ΖΣ54690ΒΩ-8Ο6,2025-12-11,ΕΝΤΑΛΜΑ ΠΛΗΡΩΜΗΣ MEDICON HELLAS AE (094240321),094240321,MEDICON HELLAS AE (094240321),54388.72,,
ΨΒΨΦ4690ΒΩ-ΥΕΛ,2025-12-22,ΕΝΤΑΛΜΑ ΠΛΗΡΩΜΗΣ ΠΑΠΑΠΟΣΤΟΛΟΥ Ν. ΑΕ (095029193),095029193,ΠΑΠΑΠΟΣΤΟΛΟΥ Ν. ΑΕ (095029193),12259.88,,
ΡΗ6Θ4690ΒΩ-5ΕΞ,2025-12-22,ΕΝΤΑΛΜΑ ΠΛΗΡΩΜΗΣ V L VIOLAK INTERNATIONAL   A.E. (099370337),099370337,V L VIOLAK INTERNATIONAL   A.E. (099370337),6280.54,,
Ρ6ΝΡ4690ΒΩ-Ζ0Ι,2025-12-18,ΕΝΤΑΛΜΑ ΠΛΗΡΩΜΗΣ M.I. AIΓΙΣ ΥΠΗΡΕΣΙΕΣ ΥΓΕΙΑΣ Ι.Κ.Ε. (800637246),800637246,M.I. AIΓΙΣ ΥΠΗΡΕΣΙΕΣ ΥΓΕΙΑΣ Ι.Κ.Ε. (800637246),4624.0,,
9Δ544690ΒΩ-6ΨΤ,2025-12-12,ΕΝΤΑΛΜΑ ΠΛΗΡΩΜΗΣ HERAEUS HELLAS ΜΟΝΟΠΡΟΣΩΠΗ ΕΠΕ (998858098),998858098,HERAEUS HELLAS ΜΟΝΟΠΡΟΣΩΠΗ ΕΠΕ (998858098),6113.04,,
ΨΩΞΘ4690ΒΩ-ΡΤ7,2025-12-22,ΕΝΤΑΛΜΑ ΠΛΗΡΩΜΗΣ ΠΑΠΑΠΟΣΤΟΛΟΥ Ν. ΑΕ (095029193),095029193,ΠΑΠΑΠΟΣΤΟΛΟΥ Ν. ΑΕ (095029193),3819.2,,
9ΕΨΙ4690ΒΩ-ΛΟΦ,2025-12-22,ΕΝΤΑΛΜΑ ΠΛΗΡΩΜΗΣ HOSPITECNICA ΕΠΕ (095526068),095526068,HOSPITECNICA ΕΠΕ (095526068),15717.0,,
6ΤΜΒ4690ΒΩ-9ΚΨ,2025-12-22,ΕΝΤΑΛΜΑ ΠΛΗΡΩΜΗΣ MEDICIN Α.ΤΡΙΑΝΤΑΦΥΛΛΟΠΟΥΛΟΣ Ε.Ε. (800896490),800896490,MEDICIN Α.ΤΡΙΑΝΤΑΦΥΛΛΟΠΟΥΛΟΣ Ε.Ε. (800896490),9950.78,,
686Ρ4690ΒΩ-ΧΔΘ,2025-12-16,ΕΝΤΑΛΜΑ ΠΛΗΡΩΜΗΣ ΚΟΡΦΙΑΤΗΣ Α.   ΣΙΑ Ε.Ε (082261313),082261313,ΚΟΡΦΙΑΤΗΣ Α.   ΣΙΑ Ε.Ε (082261313),2901.6,,
ΨΩ5Ω4690ΒΩ-ΖΨΘ,2025-12-19,ΕΝΤΑΛΜΑ ΠΛΗΡΩΜΗΣ ΚΑΛΤΕΚ ΑΕ ΕΜΠΟΡΙΑ ΙΑΤΡΙΚΩΝ ΕΙΔΩΝ ΚΑΙ ΠΡΟΙΟΝΤΩΝ ΚΑΙ ΜΗΧΑΝΗΜΑΤΩΝ  ΑΝΩΝΥΜΗ ΕΤΑΙΡΕΙΑ (999307110),999307110,ΚΑΛΤΕΚ ΑΕ ΕΜΠΟΡΙΑ ΙΑΤΡΙΚΩΝ ΕΙΔΩΝ ΚΑΙ ΠΡΟΙΟΝΤΩΝ ΚΑΙ ΜΗΧΑΝΗΜΑΤΩΝ  ΑΝΩΝΥΜΗ ΕΤΑΙΡΕΙΑ (999307110),6960.8,,
97ΚΗ4690ΒΩ-Γ96,2025-12-13,ΕΝΤΑΛΜΑ ΠΛΗΡΩΜΗΣ ΓΕΝΙΚΗ ΧΗΜΙΚΩΝ ΠΡΟΙΟΝΤΩΝ Α.Ε. (094133588),094133588,ΓΕΝΙΚΗ ΧΗΜΙΚΩΝ ΠΡΟΙΟΝΤΩΝ Α.Ε. (094133588),1850.94,,
ΨΙΘ64690ΒΩ-ΑΡΥ,2025-12-16,ΕΝΤΑΛΜΑ ΠΛΗΡΩΜΗΣ ΚΑΛΤΕΚ ΑΕ ΕΜΠΟΡΙΑ ΙΑΤΡΙΚΩΝ ΕΙΔΩΝ ΚΑΙ ΠΡΟΙΟΝΤΩΝ ΚΑΙ ΜΗΧΑΝΗΜΑΤΩΝ  ΑΝΩΝΥΜΗ ΕΤΑΙΡΕΙΑ (999307110),999307110,ΚΑΛΤΕΚ ΑΕ ΕΜΠΟΡΙΑ ΙΑΤΡΙΚΩΝ ΕΙΔΩΝ ΚΑΙ ΠΡΟΙΟΝΤΩΝ ΚΑΙ ΜΗΧΑΝΗΜΑΤΩΝ  ΑΝΩΝΥΜΗ ΕΤΑΙΡΕΙΑ (999307110),6960.8,,
Ψ3ΣΔ4690ΒΩ-ΓΕΒ,2025-12-16,ΕΝΤΑΛΜΑ ΠΛΗΡΩΜΗΣ ΠΡΩΤΟΝ A.E. (094442268),094442268,ΠΡΩΤΟΝ A.E. (094442268),3116.12,,
98ΗΔ4690ΒΩ-9ΨΒ,2025-12-22,ΕΝΤΑΛΜΑ ΠΛΗΡΩΜΗΣ ΑΝΑΛΥΤΙΚΕΣ ΣΥΣΚΕΥΕΣ  Α.Ε. (094143441),094143441,ΑΝΑΛΥΤΙΚΕΣ ΣΥΣΚΕΥΕΣ  Α.Ε. (094143441),7192.0,,
Ψ6Ξ44690ΒΩ-ΘΛΤ,2025-12-22,ΕΝΤΑΛΜΑ ΠΛΗΡΩΜΗΣ ΠΡΩΤΟΝ A.E. (094442268),094442268,ΠΡΩΤΟΝ A.E. (094442268),5208.0,,
62ΧΛ4690ΒΩ-8ΚΛ,2025-12-16,ΕΝΤΑΛΜΑ ΠΛΗΡΩΜΗΣ MEDIPRIME ΙΑΤΡΟΦΑΡΜ.ΕΙΔΩΝ Α.Ε.Ε. (998283526),998283526,MEDIPRIME ΙΑΤΡΟΦΑΡΜ.ΕΙΔΩΝ Α.Ε.Ε. (998283526),2882.94,,
9ΜΕΓ4690ΒΩ-Σ4Π,2025-12-22,ΕΝΤΑΛΜΑ ΠΛΗΡΩΜΗΣ ΠΑΠΑΠΟΣΤΟΛΟΥ Ν. ΑΕ (095029193),095029193,ΠΑΠΑΠΟΣΤΟΛΟΥ Ν. ΑΕ (095029193),3844.0,,
9Ρ9Υ4690ΒΩ-0ΜΘ,2025-12-16,ΕΝΤΑΛΜΑ ΠΛΗΡΩΜΗΣ SYNERGY HEALTH CARE AE (997608794),997608794,SYNERGY HEALTH CARE AE (997608794),3390.0,,
ΡΘΩΩ4690ΒΩ-3Α6,2025-12-22,ΕΝΤΑΛΜΑ ΠΛΗΡΩΜΗΣ ΓΕΝΙΚΗ ΧΗΜΙΚΩΝ ΠΡΟΙΟΝΤΩΝ Α.Ε. (094133588),094133588,ΓΕΝΙΚΗ ΧΗΜΙΚΩΝ ΠΡΟΙΟΝΤΩΝ Α.Ε. (094133588),5270.0,,
ΨΔΖ24690ΒΩ-ΝΓ7,2025-12-19,ΕΝΤΑΛΜΑ ΠΛΗΡΩΜΗΣ ΚΟΠΕΡ Α.Ε. (094007897),094007897,ΚΟΠΕΡ Α.Ε. (094007897),3273.16,,
9ΡΧΚ4690ΒΩ-ΦΚΑ,2025-12-22,ΕΝΤΑΛΜΑ ΠΛΗΡΩΜΗΣ ΤΡΑΠΕΖΑ  EUROBANK AE (094014250),094014250,ΤΡΑΠΕΖΑ  EUROBANK AE (094014250),2.4,,
ΨΘΤ94690ΒΩ-Θ7Φ,2025-12-19,ΕΝΤΑΛΜΑ ΠΛΗΡΩΜΗΣ ΚΟΠΕΡ Α.Ε. (094007897),094007897,ΚΟΠΕΡ Α.Ε. (094007897),3902.63,,
ΡΗ1Ψ4690ΒΩ-ΠΨ9,2025-12-18,ΕΝΤΑΛΜΑ ΠΛΗΡΩΜΗΣ BBD ΝΙΚ.ΛΑΙΝΙΩΤΗΣ Α.Ε.Β.Ε. (093628458),093628458,BBD ΝΙΚ.ΛΑΙΝΙΩΤΗΣ Α.Ε.Β.Ε. (093628458),206.85,,
Ρ6ΦΤ4690ΒΩ-ΘΕΠ,2025-12-18,ΕΝΤΑΛΜΑ ΠΛΗΡΩΜΗΣ BOSTON SCIENTIFIC ΕΛΛΑΣ Α.Ε. (094474807),094474807,BOSTON SCIENTIFIC ΕΛΛΑΣ Α.Ε. (094474807),5666.95,,
ΨΝ4Ζ4690ΒΩ-Ν10,2025-12-18,ΕΝΤΑΛΜΑ ΠΛΗΡΩΜΗΣ MEDICIN Α.ΤΡΙΑΝΤΑΦΥΛΛΟΠΟΥΛΟΣ Ε.Ε. (800896490),800896490,MEDICIN Α.ΤΡΙΑΝΤΑΦΥΛΛΟΠΟΥΛΟΣ Ε.Ε. (800896490),4536.39,,
ΨΜΠΛ4690ΒΩ-ΠΡ9,2025-12-17,ΕΝΤΑΛΜΑ ΠΛΗΡΩΜΗΣ FREEMED-ΕΤΑΙΡΕΙΑ ΠΕΡΙΟΡΙΣΜΕΝΗΣ ΕΥΘΥΝΗΣ (800397431),800397431,FREEMED-ΕΤΑΙΡΕΙΑ ΠΕΡΙΟΡΙΣΜΕΝΗΣ ΕΥΘΥΝΗΣ (800397431),11673.24,,
92ΨΔ4690ΒΩ-ΠΚΡ,2025-12-18,ΕΝΤΑΛΜΑ ΠΛΗΡΩΜΗΣ ΥΓΕΙΟΔΥΝΑΜΙΚΗ Α.Ε. ΙΑΤΡΙΚΩΝ ΕΦΟΔΙΩΝ (997672386),997672386,ΥΓΕΙΟΔΥΝΑΜΙΚΗ Α.Ε. ΙΑΤΡΙΚΩΝ ΕΦΟΔΙΩΝ (997672386),13020.0,,
62Κ44690ΒΩ-ΖΙΙ,2025-12-19,ΕΝΤΑΛΜΑ ΠΛΗΡΩΜΗΣ ΓΙΟΥΚΑ Α.Ε. (997993920),997993920,ΓΙΟΥΚΑ Α.Ε. (997993920),2332.44,,
9ΒΕΚ4690ΒΩ-ΡΜΓ,2025-12-18,ΕΝΤΑΛΜΑ ΠΛΗΡΩΜΗΣ ΓΕΝΙΚΗ ΧΗΜΙΚΩΝ ΠΡΟΙΟΝΤΩΝ Α.Ε. (094133588),094133588,ΓΕΝΙΚΗ ΧΗΜΙΚΩΝ ΠΡΟΙΟΝΤΩΝ Α.Ε. (094133588),1465.83,,
9Φ1Π4690ΒΩ-34Δ,2025-12-18,ΕΝΤΑΛΜΑ ΠΛΗΡΩΜΗΣ ΕΝΟΡΑΣΙΣ Α.Ε. (094503580),094503580,ΕΝΟΡΑΣΙΣ Α.Ε. (094503580),4362.06,,
ΡΟ0Ρ4690ΒΩ-7Ο3,2025-12-19,ΕΝΤΑΛΜΑ ΠΛΗΡΩΜΗΣ MEDIC PLAN HEALTH PROJECT IKE (999961120),999961120,MEDIC PLAN HEALTH PROJECT IKE (999961120),3744.8,,
ΨΩΒΤ4690ΒΩ-592,2025-12-18,ΕΝΤΑΛΜΑ ΠΛΗΡΩΜΗΣ ΚΟΠΕΡ Α.Ε. (094007897),094007897,ΚΟΠΕΡ Α.Ε. (094007897),513.36,,
6ΘΞΖ4690ΒΩ-ΕΕΙ,2025-12-19,ΕΝΤΑΛΜΑ ΠΛΗΡΩΜΗΣ V L VIOLAK INTERNATIONAL   A.E. (099370337),099370337,V L VIOLAK INTERNATIONAL   A.E. (099370337),9197.41,,
6ΓΠΦ4690ΒΩ-6ΜΞ,2025-12-17,ΕΝΤΑΛΜΑ ΠΛΗΡΩΜΗΣ SPINE ACTION EΠE (998413534),998413534,SPINE ACTION EΠE (998413534),30898.51,,
ΨΖΙ24690ΒΩ-ΙΛΘ,2025-12-18,ΕΝΤΑΛΜΑ ΠΛΗΡΩΜΗΣ ΜΟΚΚΑΣ ΝΙΚ. ΒΛΑΣΙΟΣ (043422663),043422663,ΜΟΚΚΑΣ ΝΙΚ. ΒΛΑΣΙΟΣ (043422663),568.01,,
6Μ9Τ4690ΒΩ-87Γ,2025-12-18,ΕΝΤΑΛΜΑ ΠΛΗΡΩΜΗΣ BBD ΝΙΚ.ΛΑΙΝΙΩΤΗΣ Α.Ε.Β.Ε. (093628458),093628458,BBD ΝΙΚ.ΛΑΙΝΙΩΤΗΣ Α.Ε.Β.Ε. (093628458),4590.53,,
ΨΘΧΗ4690ΒΩ-4ΞΘ,2025-12-17,ΕΝΤΑΛΜΑ ΠΛΗΡΩΜΗΣ ΙΝΕΞ Α.Ε. (094356041),094356041,ΙΝΕΞ Α.Ε. (094356041),5056.75,,
ΡΨΦΘ4690ΒΩ-94Γ,2025-12-22,ΕΝΤΑΛΜΑ ΠΛΗΡΩΜΗΣ ΝΕΑ ΕΠΙΜΕΝΤ ΜΕΠΕ (999723663),999723663,ΝΕΑ ΕΠΙΜΕΝΤ ΜΕΠΕ (999723663),7440.0,,
ΨΨΟ84690ΒΩ-0ΞΨ,2025-12-22,ΕΝΤΑΛΜΑ ΠΛΗΡΩΜΗΣ ΤΡΑΠΕΖΑ  EUROBANK AE (094014250),094014250,ΤΡΑΠΕΖΑ  EUROBANK AE (094014250),2.4,,
62Ζ24690ΒΩ-Ρ2Ψ,2025-12-22,ΕΝΤΑΛΜΑ ΠΛΗΡΩΜΗΣ V L VIOLAK INTERNATIONAL   A.E. (099370337),099370337,V L VIOLAK INTERNATIONAL   A.E. (099370337),822.75,,
Ψ2ΔΠ4690ΒΩ-ΙΞ4,2025-12-17,ΕΝΤΑΛΜΑ ΠΛΗΡΩΜΗΣ ΙΑΚΩΒΙΔΗΣ Μ. Σ. ΕΛΛΑΣ Α.Ε. (095186426),095186426,ΙΑΚΩΒΙΔΗΣ Μ. Σ. ΕΛΛΑΣ Α.Ε. (095186426),4692.37,,
ΨΥΟΥ4690ΒΩ-ΞΡΩ,2025-12-17,ΕΝΤΑΛΜΑ ΠΛΗΡΩΜΗΣ ΥΓΕΙΟΔΥΝΑΜΙΚΗ Α.Ε. ΙΑΤΡΙΚΩΝ ΕΦΟΔΙΩΝ (997672386),997672386,ΥΓΕΙΟΔΥΝΑΜΙΚΗ Α.Ε. ΙΑΤΡΙΚΩΝ ΕΦΟΔΙΩΝ (997672386),12276.0,,
97ΔΧ4690ΒΩ-ΦΗ7,2025-12-22,ΕΝΤΑΛΜΑ ΠΛΗΡΩΜΗΣ EURO SUPPLIES IKE (997776974),997776974,EURO SUPPLIES IKE (997776974),1211.31,,
6ΦΨΘ4690ΒΩ-ΤΝ0,2025-12-22,ΕΝΤΑΛΜΑ ΠΛΗΡΩΜΗΣ UNISON FACILITY SERVICES A.E.  (ΠΡΩΗΝ ISS FACILITY SERVICES AE) (094081864),094081864,UNISON FACILITY SERVICES A.E.  (ΠΡΩΗΝ ISS FACILITY SERVICES AE) (094081864),33307.64,,
9ΒΤΛ4690ΒΩ-Η2Σ,2025-12-22,ΕΝΤΑΛΜΑ ΠΛΗΡΩΜΗΣ BOSTON SCIENTIFIC ΕΛΛΑΣ Α.Ε. (094474807),094474807,BOSTON SCIENTIFIC ΕΛΛΑΣ Α.Ε. (094474807),5545.6,,
Ψ8ΟΝ4690ΒΩ-Δ72,2025-12-09,ΕΝΤΑΛΜΑ ΠΛΗΡΩΜΗΣ ΚΑΡΑΓΚΟΥΝΗΣ ΠΑΝΑΓΙΩΤΗΣ τ. ΔΗΜΟΥ (034322654),034322654,ΚΑΡΑΓΚΟΥΝΗΣ ΠΑΝΑΓΙΩΤΗΣ τ. ΔΗΜΟΥ (034322654),343.0,,
605Α4690ΒΩ-4Ρ0,2025-12-09,ΕΝΤΑΛΜΑ ΠΛΗΡΩΜΗΣ ΚΩΝ/ΝΟΣ  ΑΡ. ΜΑΡΑΒΕΓΙΑΣ (061977768),061977768,ΚΩΝ/ΝΟΣ  ΑΡ. ΜΑΡΑΒΕΓΙΑΣ (061977768),742.67,,
ΨΡ1Σ4690ΒΩ-Τ0Α,2025-12-09,ΕΝΤΑΛΜΑ ΠΛΗΡΩΜΗΣ ΑΡΒΑΝΙΤΗ  ΚΩΝΣΤΑΝΤΙΝΑ τ. ΓΕΩΡΓΙΟΥ (156785626),156785626,ΑΡΒΑΝΙΤΗ  ΚΩΝΣΤΑΝΤΙΝΑ τ. ΓΕΩΡΓΙΟΥ (156785626),137.2,,
ΨΑΘΟ4690ΒΩ-ΤΧΕ,2025-12-22,ΕΝΤΑΛΜΑ ΠΛΗΡΩΜΗΣ EURO SUPPLIES IKE (997776974),997776974,EURO SUPPLIES IKE (997776974),100.38,,
6Γ1Ζ4690ΒΩ-ΠΦΜ,2025-12-22,ΕΝΤΑΛΜΑ ΠΛΗΡΩΜΗΣ EURO SUPPLIES IKE (997776974),997776974,EURO SUPPLIES IKE (997776974),351.41,,
9ΥΣ74690ΒΩ-ΞΓΨ,2025-12-22,ΕΝΤΑΛΜΑ ΠΛΗΡΩΜΗΣ V L VIOLAK INTERNATIONAL   A.E. (099370337),099370337,V L VIOLAK INTERNATIONAL   A.E. (099370337),8897.62,,
6ΓΨ84690ΒΩ-ΝΞΔ,2025-12-22,ΕΝΤΑΛΜΑ ΠΛΗΡΩΜΗΣ EURO SUPPLIES IKE (997776974),997776974,EURO SUPPLIES IKE (997776974),1595.26,,
6ΓΥΨ4690ΒΩ-4ΔΑ,2025-12-22,ΕΝΤΑΛΜΑ ΠΛΗΡΩΜΗΣ V L VIOLAK INTERNATIONAL   A.E. (099370337),099370337,V L VIOLAK INTERNATIONAL   A.E. (099370337),115.87,,
6Υ6Θ4690ΒΩ-51Η,2025-12-22,ΕΝΤΑΛΜΑ ΠΛΗΡΩΜΗΣ MILONAS HEALTH A.E (998179225),998179225,MILONAS HEALTH A.E (998179225),566.56,,
96ΙΞ4690ΒΩ-ΒΓΩ,2025-12-18,ΕΝΤΑΛΜΑ ΠΛΗΡΩΜΗΣ MEDIPRIME ΙΑΤΡΟΦΑΡΜ.ΕΙΔΩΝ Α.Ε.Ε. (998283526),998283526,MEDIPRIME ΙΑΤΡΟΦΑΡΜ.ΕΙΔΩΝ Α.Ε.Ε. (998283526),3865.82,,
6ΣΓΨ4690ΒΩ-Θ0Ι,2025-12-18,ΕΝΤΑΛΜΑ ΠΛΗΡΩΜΗΣ MEDIPRIME ΙΑΤΡΟΦΑΡΜ.ΕΙΔΩΝ Α.Ε.Ε. (998283526),998283526,MEDIPRIME ΙΑΤΡΟΦΑΡΜ.ΕΙΔΩΝ Α.Ε.Ε. (998283526),14384.0,,
ΨΠΘΤ4690ΒΩ-05Ξ,2025-12-19,ΕΝΤΑΛΜΑ ΠΛΗΡΩΜΗΣ ΥΓΕΙΟΔΥΝΑΜΙΚΗ Α.Ε. ΙΑΤΡΙΚΩΝ ΕΦΟΔΙΩΝ (997672386),997672386,ΥΓΕΙΟΔΥΝΑΜΙΚΗ Α.Ε. ΙΑΤΡΙΚΩΝ ΕΦΟΔΙΩΝ (997672386),1246.2,,
94ΛΝ4690ΒΩ-4Θ0,2025-12-16,ΕΝΤΑΛΜΑ ΠΛΗΡΩΜΗΣ ΤΡΑΠΕΖΑ  EUROBANK AE (094014250),094014250,ΤΡΑΠΕΖΑ  EUROBANK AE (094014250),4.0,,0431α01
ΨΗ894690ΒΩ-8ΑΠ,2025-12-19,ΕΝΤΑΛΜΑ ΠΛΗΡΩΜΗΣ ΥΓΕΙΟΔΥΝΑΜΙΚΗ Α.Ε. ΙΑΤΡΙΚΩΝ ΕΦΟΔΙΩΝ (997672386),997672386,ΥΓΕΙΟΔΥΝΑΜΙΚΗ Α.Ε. ΙΑΤΡΙΚΩΝ ΕΦΟΔΙΩΝ (997672386),1016.46,,
6Υ5Ν4690ΒΩ-5ΙΜ,2025-12-19,ΕΝΤΑΛΜΑ ΠΛΗΡΩΜΗΣ MEDICIN Α.ΤΡΙΑΝΤΑΦΥΛΛΟΠΟΥΛΟΣ Ε.Ε. (800896490),800896490,MEDICIN Α.ΤΡΙΑΝΤΑΦΥΛΛΟΠΟΥΛΟΣ Ε.Ε. (800896490),622.21,,
Ψ7ΑΣ4690ΒΩ-Β5Τ,2025-12-19,ΕΝΤΑΛΜΑ ΠΛΗΡΩΜΗΣ ΕΝΟΡΑΣΙΣ Α.Ε. (094503580),094503580,ΕΝΟΡΑΣΙΣ Α.Ε. (094503580),4898.0,,
9ΕΦΒ4690ΒΩ-3ΞΖ,2025-12-19,ΕΝΤΑΛΜΑ ΠΛΗΡΩΜΗΣ ΝΟΣΟΚΟΜΕΙΑΚΗ ΓΡΑΜΜΗ Α.Ε. HOSPITAL LINE (094396063),094396063,ΝΟΣΟΚΟΜΕΙΑΚΗ ΓΡΑΜΜΗ Α.Ε. HOSPITAL LINE (094396063),1686.4,,
Ψ8544690ΒΩ-ΔΦΚ,2025-12-19,ΕΝΤΑΛΜΑ ΠΛΗΡΩΜΗΣ ΙΝΕΞ Α.Ε. (094356041),094356041,ΙΝΕΞ Α.Ε. (094356041),3646.4,,
ΨΑΒΒ4690ΒΩ-8ΩΒ,2025-12-19,ΕΝΤΑΛΜΑ ΠΛΗΡΩΜΗΣ ΙΝΕΞ Α.Ε. (094356041),094356041,ΙΝΕΞ Α.Ε. (094356041),5491.96,,
6ΔΓΜ4690ΒΩ-ΕΒ9,2025-12-12,ΕΝΤΑΛΜΑ ΠΛΗΡΩΜΗΣ ΜΑΥΡΟΓΕΝΗΣ ΑΝΑΣΤΑΣΙΟΣ ΑΕ ΙΑΤΡΟΤΕΧΝΟΛΟΓΙΚΑ ΕΙΔΗ (082525697),082525697,ΜΑΥΡΟΓΕΝΗΣ ΑΝΑΣΤΑΣΙΟΣ ΑΕ ΙΑΤΡΟΤΕΧΝΟΛΟΓΙΚΑ ΕΙΔΗ (082525697),5614.72,,
ΨΣΠΤ4690ΒΩ-1Φ8,2025-12-16,ΕΝΤΑΛΜΑ ΠΛΗΡΩΜΗΣ ΞΕΝΕΞ-ΑΝΑΣΤΑΣΙΟΣ ΚΙΟΥΛΠΑΠΑΣ Α.Ε. (094285848),094285848,ΞΕΝΕΞ-ΑΝΑΣΤΑΣΙΟΣ ΚΙΟΥΛΠΑΠΑΣ Α.Ε. (094285848),2099.75,,
6ΜΡ14690ΒΩ-21Θ,2025-12-18,ΕΝΤΑΛΜΑ ΠΛΗΡΩΜΗΣ ZERONO Α.Ε. (998477820),998477820,ZERONO Α.Ε. (998477820),8300.4,,
9ΡΗΖ4690ΒΩ-ΛΣΟ,2025-12-18,ΕΝΤΑΛΜΑ ΠΛΗΡΩΜΗΣ SOFMEDICA ΕΛΛΑΣ ΙΑΤΡ. ΤΕΧΝΟΛΟΓΙΑ ΑΕ (999722678),999722678,SOFMEDICA ΕΛΛΑΣ ΙΑΤΡ. ΤΕΧΝΟΛΟΓΙΑ ΑΕ (999722678),8407.2,,
Ψ59Ζ4690ΒΩ-ΟΝ1,2025-12-19,ΕΝΤΑΛΜΑ ΠΛΗΡΩΜΗΣ ECOSTER A.E (997149376),997149376,ECOSTER A.E (997149376),25926.42,,
ΨΒ2Υ4690ΒΩ-3Φ9,2025-12-19,ΕΝΤΑΛΜΑ ΠΛΗΡΩΜΗΣ THERMOGRAFICA HELLAS ΕΠΕ (095083787),095083787,THERMOGRAFICA HELLAS ΕΠΕ (095083787),3076.44,,
Ρ0ΔΝ4690ΒΩ-Ε3Β,2025-12-22,ΕΝΤΑΛΜΑ ΠΛΗΡΩΜΗΣ ΤΡΑΠΕΖΑ  EUROBANK AE (094014250),094014250,ΤΡΑΠΕΖΑ  EUROBANK AE (094014250),1.2,,
9ΖΚ04690ΒΩ-5ΥΕ,2025-12-22,ΕΝΤΑΛΜΑ ΠΛΗΡΩΜΗΣ ΤΡΑΠΕΖΑ  EUROBANK AE (094014250),094014250,ΤΡΑΠΕΖΑ  EUROBANK AE (094014250),1.2,,
9Φ6Δ4690ΒΩ-Ρ3Ξ,2025-12-12,ΕΝΤΑΛΜΑ ΠΛΗΡΩΜΗΣ SYNERGY HEALTH CARE AE (997608794),997608794,SYNERGY HEALTH CARE AE (997608794),3410.0,,
948Ε4690ΒΩ-5ΧΘ,2025-12-18,ΕΝΤΑΛΜΑ ΠΛΗΡΩΜΗΣ BOSTON SCIENTIFIC ΕΛΛΑΣ Α.Ε. (094474807),094474807,BOSTON SCIENTIFIC ΕΛΛΑΣ Α.Ε. (094474807),113.0,,
9ΞΒΥ4690ΒΩ-2ΨΓ,2025-12-19,ΕΝΤΑΛΜΑ ΠΛΗΡΩΜΗΣ ΜΠΑΙΟΤΡΑΝΣ ΑΕ (999506681),999506681,ΜΠΑΙΟΤΡΑΝΣ ΑΕ (999506681),22530.8,,
6ΤΔΘ4690ΒΩ-6ΓΦ,2025-12-11,ΕΝΤΑΛΜΑ ΠΛΗΡΩΜΗΣ MEDIPLAT ΕΠΕ (800500360),800500360,MEDIPLAT ΕΠΕ (800500360),3781.88,,
ΨΠΕ74690ΒΩ-42Σ,2025-12-17,ΕΝΤΑΛΜΑ ΠΛΗΡΩΜΗΣ ΜΑΥΡΟΓΕΝΗΣ ΑΝΑΣΤΑΣΙΟΣ ΑΕ ΙΑΤΡΟΤΕΧΝΟΛΟΓΙΚΑ ΕΙΔΗ (082525697),082525697,ΜΑΥΡΟΓΕΝΗΣ ΑΝΑΣΤΑΣΙΟΣ ΑΕ ΙΑΤΡΟΤΕΧΝΟΛΟΓΙΚΑ ΕΙΔΗ (082525697),7054.3,,
60ΡΛ4690ΒΩ-ΩΧ8,2025-12-17,ΕΝΤΑΛΜΑ ΠΛΗΡΩΜΗΣ ΕΝΟΡΑΣΙΣ Α.Ε. (094503580),094503580,ΕΝΟΡΑΣΙΣ Α.Ε. (094503580),4361.82,,
94ΘΖ4690ΒΩ-ΧΣΗ,2025-12-17,ΕΝΤΑΛΜΑ ΠΛΗΡΩΜΗΣ MEDTRONIC HELLAS SA (094498111),094498111,MEDTRONIC HELLAS SA (094498111),11284.0,,
ΨΤΜΣ4690ΒΩ-4Β9,2025-12-17,ΕΝΤΑΛΜΑ ΠΛΗΡΩΜΗΣ ΥΓΕΙΟΔΥΝΑΜΙΚΗ Α.Ε. ΙΑΤΡΙΚΩΝ ΕΦΟΔΙΩΝ (997672386),997672386,ΥΓΕΙΟΔΥΝΑΜΙΚΗ Α.Ε. ΙΑΤΡΙΚΩΝ ΕΦΟΔΙΩΝ (997672386),3941.96,,
ΨΤΒΡ4690ΒΩ-0Σ4,2025-12-19,ΕΝΤΑΛΜΑ ΠΛΗΡΩΜΗΣ MEDTRONIC HELLAS SA (094498111),094498111,MEDTRONIC HELLAS SA (094498111),47993.8,,
Ψ26Ι4690ΒΩ-Ο9Θ,2025-12-19,ΕΝΤΑΛΜΑ ΠΛΗΡΩΜΗΣ ΚΟΣΜΙΔΗΣ  ΧΑΡ. ΠΕΤΡΟΣ     ΣΙΑ  Ε.Ε. (999685389),999685389,ΚΟΣΜΙΔΗΣ  ΧΑΡ. ΠΕΤΡΟΣ     ΣΙΑ  Ε.Ε. (999685389),5921.5,,
65ΦΔ4690ΒΩ-1ΛΤ,2025-12-19,ΕΝΤΑΛΜΑ ΠΛΗΡΩΜΗΣ BBD ΝΙΚ.ΛΑΙΝΙΩΤΗΣ Α.Ε.Β.Ε. (093628458),093628458,BBD ΝΙΚ.ΛΑΙΝΙΩΤΗΣ Α.Ε.Β.Ε. (093628458),6935.09,,
6ΦΛΙ4690ΒΩ-ΞΓΔ,2025-12-17,ΕΝΤΑΛΜΑ ΠΛΗΡΩΜΗΣ MEDICARE HELLAS Α.Ε (095367968),095367968,MEDICARE HELLAS Α.Ε (095367968),9486.0,,
Ψ31Δ4690ΒΩ-ΑΒ5,2025-12-19,ΕΝΤΑΛΜΑ ΠΛΗΡΩΜΗΣ Δ. ΚΟΥΝΟΒΕΛΗΣ Ι.Κ.Ε. (800435335),800435335,Δ. ΚΟΥΝΟΒΕΛΗΣ Ι.Κ.Ε. (800435335),1166.16,,
ΨΖΗΛ4690ΒΩ-ΒΜΕ,2025-12-18,ΕΝΤΑΛΜΑ ΠΛΗΡΩΜΗΣ ΒΕΡΜΑ ΝΤΡΑΓΚΣ Α.Β.Ε.Ε. (099363426),099363426,ΒΕΡΜΑ ΝΤΡΑΓΚΣ Α.Β.Ε.Ε. (099363426),9535.43,,
ΨΧΥΗ4690ΒΩ-ΙΞΞ,2025-12-18,ΕΝΤΑΛΜΑ ΠΛΗΡΩΜΗΣ ΔΗΜ - ΠΑΡ Ε.Π.Ε. (095003835),095003835,ΔΗΜ - ΠΑΡ Ε.Π.Ε. (095003835),4599.07,,
9ΘΝ94690ΒΩ-Ο13,2025-12-18,ΕΝΤΑΛΜΑ ΠΛΗΡΩΜΗΣ GB MACHINE ΜΟΝΟΠΡΟΣΩΠΗ ΙΚΕ (802356874),802356874,GB MACHINE ΜΟΝΟΠΡΟΣΩΠΗ ΙΚΕ (802356874),2364.95,,
9ΩΖΡ4690ΒΩ-ΖΙΩ,2025-12-18,ΕΝΤΑΛΜΑ ΠΛΗΡΩΜΗΣ MEDICIN Α.ΤΡΙΑΝΤΑΦΥΛΛΟΠΟΥΛΟΣ Ε.Ε. (800896490),800896490,MEDICIN Α.ΤΡΙΑΝΤΑΦΥΛΛΟΠΟΥΛΟΣ Ε.Ε. (800896490),211.11,,
9ΟΒΘ4690ΒΩ-8ΓΕ,2025-12-18,ΕΝΤΑΛΜΑ ΠΛΗΡΩΜΗΣ ΠΡΩΤΟΝ A.E. (094442268),094442268,ΠΡΩΤΟΝ A.E. (094442268),3100.0,,
6ΜΓ34690ΒΩ-12Β,2025-12-19,ΕΝΤΑΛΜΑ ΠΛΗΡΩΜΗΣ ΠΑΠΑΜΙΧΑΗΛ Δ.   ΣΙΑ ΕΕ -NILO (093471463),093471463,ΠΑΠΑΜΙΧΑΗΛ Δ.   ΣΙΑ ΕΕ -NILO (093471463),1923.4,,
ΨΚΡ74690ΒΩ-2ΤΥ,2025-12-19,ΕΝΤΑΛΜΑ ΠΛΗΡΩΜΗΣ ΥΓΕΙΟΔΥΝΑΜΙΚΗ Α.Ε. ΙΑΤΡΙΚΩΝ ΕΦΟΔΙΩΝ (997672386),997672386,ΥΓΕΙΟΔΥΝΑΜΙΚΗ Α.Ε. ΙΑΤΡΙΚΩΝ ΕΦΟΔΙΩΝ (997672386),677.64,,
ΨΩ884690ΒΩ-ΩΨΝ,2025-12-19,ΕΝΤΑΛΜΑ ΠΛΗΡΩΜΗΣ ΠΑΡΑΣΧΟΣ Β.   ΣΙΑ ΕΕ (099905778),099905778,ΠΑΡΑΣΧΟΣ Β.   ΣΙΑ ΕΕ (099905778),894.79,,
94ΠΡ4690ΒΩ-Α7Γ,2025-12-12,ΕΝΤΑΛΜΑ ΠΛΗΡΩΜΗΣ MILONAS HEALTH A.E (998179225),998179225,MILONAS HEALTH A.E (998179225),2827.32,,
Ψ0ΦΞ4690ΒΩ-29Π,2025-12-19,ΕΝΤΑΛΜΑ ΠΛΗΡΩΜΗΣ ICON DYNAMICS ΙΑΤΡΙΚΑ ΜΗΧΑΝΗΜΑΤΑ ΙΚΕ (998860010),998860010,ICON DYNAMICS ΙΑΤΡΙΚΑ ΜΗΧΑΝΗΜΑΤΑ ΙΚΕ (998860010),7750.0,,
6ΥΒ94690ΒΩ-0ΕΤ,2025-12-19,ΕΝΤΑΛΜΑ ΠΛΗΡΩΜΗΣ MEDIPRIME ΙΑΤΡΟΦΑΡΜ.ΕΙΔΩΝ Α.Ε.Ε. (998283526),998283526,MEDIPRIME ΙΑΤΡΟΦΑΡΜ.ΕΙΔΩΝ Α.Ε.Ε. (998283526),7107.06,,
6ΤΞΘ4690ΒΩ-Φ94,2025-12-19,ΕΝΤΑΛΜΑ ΠΛΗΡΩΜΗΣ ΑΓΚΦΑ-ΓΚΕΒΕΡΤ ΜΟΝ/ΠΗ ΑΕΒΕ (ΠΡΩΗΝ ΑΓΚΦΑ ΓΚΕΒΕΡΤ ΑΕΒΕ) (094025805),094025805,ΑΓΚΦΑ-ΓΚΕΒΕΡΤ ΜΟΝ/ΠΗ ΑΕΒΕ (ΠΡΩΗΝ ΑΓΚΦΑ ΓΚΕΒΕΡΤ ΑΕΒΕ) (094025805),3999.99,,
Ψ6ΟΔ4690ΒΩ-ΘΩ2,2025-12-19,ΕΝΤΑΛΜΑ ΠΛΗΡΩΜΗΣ BIOKON ΙΑΤΡΙΚΑ   ΒΙΟΤΕΧ/ΚΑ ΠΡΟΙΟΝΤΑ ΕΠΕ (999656321),999656321,BIOKON ΙΑΤΡΙΚΑ   ΒΙΟΤΕΧ/ΚΑ ΠΡΟΙΟΝΤΑ ΕΠΕ (999656321),182.85,,
60ΑΒ4690ΒΩ-ΜΙ1,2025-12-18,ΕΝΤΑΛΜΑ ΠΛΗΡΩΜΗΣ MENARINI ΔΙΑΓΝΩΣΤΙΚΑ-ΙΑΤΡ.ΟΡΓΑΝΑ ΑΕΒΕ (094322455),094322455,MENARINI ΔΙΑΓΝΩΣΤΙΚΑ-ΙΑΤΡ.ΟΡΓΑΝΑ ΑΕΒΕ (094322455),178.08,,
990Κ4690ΒΩ-ΧΧΨ,2025-12-18,ΕΝΤΑΛΜΑ ΠΛΗΡΩΜΗΣ VOLPCITY ΑΦΟΙ ΧΑΤΖΗΣΤΑΜΟΥΛΗ ΙΚΕ (802536420),802536420,VOLPCITY ΑΦΟΙ ΧΑΤΖΗΣΤΑΜΟΥΛΗ ΙΚΕ (802536420),7684.17,,
992Ξ4690ΒΩ-ΨΜΗ,2025-12-17,ΕΝΤΑΛΜΑ ΠΛΗΡΩΜΗΣ ΜΑΥΡΟΓΕΝΗΣ ΑΝΑΣΤΑΣΙΟΣ ΑΕ ΙΑΤΡΟΤΕΧΝΟΛΟΓΙΚΑ ΕΙΔΗ (082525697),082525697,ΜΑΥΡΟΓΕΝΗΣ ΑΝΑΣΤΑΣΙΟΣ ΑΕ ΙΑΤΡΟΤΕΧΝΟΛΟΓΙΚΑ ΕΙΔΗ (082525697),7678.62,,
9ΩΛΩ4690ΒΩ-ΛΝΠ,2025-12-17,ΕΝΤΑΛΜΑ ΠΛΗΡΩΜΗΣ SOFMEDICA ΕΛΛΑΣ ΙΑΤΡ. ΤΕΧΝΟΛΟΓΙΑ ΑΕ (999722678),999722678,SOFMEDICA ΕΛΛΑΣ ΙΑΤΡ. ΤΕΧΝΟΛΟΓΙΑ ΑΕ (999722678),3922.12,,
ΕΧ4Υ4690ΒΩ-ΔΗΦ,2025-12-18,ΕΝΤΑΛΜΑ ΠΛΗΡΩΜΗΣ STAGER-Ι.Δ. ΚΩΝΣΤΑΝΤΟΠΟΥΛΟΣ ΑΒΕΕ (800357297),800357297,STAGER-Ι.Δ. ΚΩΝΣΤΑΝΤΟΠΟΥΛΟΣ ΑΒΕΕ (800357297),1413.6,,
979Γ4690ΒΩ-24Χ,2025-12-18,ΕΝΤΑΛΜΑ ΠΛΗΡΩΜΗΣ VAKTRO AEBE (084221869),084221869,VAKTRO AEBE (084221869),724.16,,
ΨΙΓ64690ΒΩ-6Ε4,2025-12-18,ΕΝΤΑΛΜΑ ΠΛΗΡΩΜΗΣ ΒΑΡΕΛΑΣ Α.Ε. (094047060),094047060,ΒΑΡΕΛΑΣ Α.Ε. (094047060),789.66,,
ΨΜ8Ι4690ΒΩ-6ΞΒ,2025-12-18,ΕΝΤΑΛΜΑ ΠΛΗΡΩΜΗΣ DIACHEL ΔΙΑΓΝΩΣΤΙΚΑ - ΧΗΜΙΚΗ ΟΡΓΑΝΟΛΟΓΙΑ  AE (095341314),095341314,DIACHEL ΔΙΑΓΝΩΣΤΙΚΑ - ΧΗΜΙΚΗ ΟΡΓΑΝΟΛΟΓΙΑ  AE (095341314),374.88,,
ΨΑΨ94690ΒΩ-Α55,2025-12-18,ΕΝΤΑΛΜΑ ΠΛΗΡΩΜΗΣ ΚΑΛΛΙΦΡΟΝΑΣ ΕΜΠΟΡΙΚΗ Α.Ε. (997585069),997585069,ΚΑΛΛΙΦΡΟΝΑΣ ΕΜΠΟΡΙΚΗ Α.Ε. (997585069),364.64,,
ΡΜΑ24690ΒΩ-Ω26,2025-12-18,ΕΝΤΑΛΜΑ ΠΛΗΡΩΜΗΣ MEDICON HELLAS AE (094240321),094240321,MEDICON HELLAS AE (094240321),1674.8,,
ΕΥΔΕ4690ΒΩ-2ΧΔ,2025-12-18,ΕΝΤΑΛΜΑ ΠΛΗΡΩΜΗΣ MENARINI ΔΙΑΓΝΩΣΤΙΚΑ-ΙΑΤΡ.ΟΡΓΑΝΑ ΑΕΒΕ (094322455),094322455,MENARINI ΔΙΑΓΝΩΣΤΙΚΑ-ΙΑΤΡ.ΟΡΓΑΝΑ ΑΕΒΕ (094322455),711.26,,
6Φ5Ε4690ΒΩ-ΧΝΓ,2025-12-18,ΕΝΤΑΛΜΑ ΠΛΗΡΩΜΗΣ MEDTRONIC HELLAS SA (094498111),094498111,MEDTRONIC HELLAS SA (094498111),553.7,,
ΡΩΛ64690ΒΩ-ΓΤΧ,2025-12-18,ΕΝΤΑΛΜΑ ΠΛΗΡΩΜΗΣ BIOENGIN ΦΕΤΕΙΝΙΔΟΥ ΑΙΚΑΤΕΡΙΝΗ (044958989),044958989,BIOENGIN ΦΕΤΕΙΝΙΔΟΥ ΑΙΚΑΤΕΡΙΝΗ (044958989),1430.22,,
ΨΔΤΡ4690ΒΩ-ΑΒ3,2025-12-18,ΕΝΤΑΛΜΑ ΠΛΗΡΩΜΗΣ ELECTROCHEM SILICONES  ΜΟΝ/ΠΗ Ε.Π.Ε (998523194),998523194,ELECTROCHEM SILICONES  ΜΟΝ/ΠΗ Ε.Π.Ε (998523194),620.0,,
ΕΥΣ64690ΒΩ-ΝΥ3,2025-12-18,ΕΝΤΑΛΜΑ ΠΛΗΡΩΜΗΣ ΝΤΙΑΜΕΝΤ ΕΛΛΑΣ Α.Ε.Ε (095259724),095259724,ΝΤΙΑΜΕΝΤ ΕΛΛΑΣ Α.Ε.Ε (095259724),1560.85,,
9ΕΥΙ4690ΒΩ-ΛΕΞ,2025-12-18,ΕΝΤΑΛΜΑ ΠΛΗΡΩΜΗΣ ΜΕΝΤΙΣΑΠ ΑΕ (094447320),094447320,ΜΕΝΤΙΣΑΠ ΑΕ (094447320),637.66,,
Ρ4ΜΗ4690ΒΩ-6Ι6,2025-12-17,ΕΝΤΑΛΜΑ ΠΛΗΡΩΜΗΣ ELECTROSTORM   ΣΙΑ Ε.Ε (802163799),802163799,ELECTROSTORM   ΣΙΑ Ε.Ε (802163799),1256.42,,
Ψ4ΓΓ4690ΒΩ-Β6Ν,2025-12-17,ΕΝΤΑΛΜΑ ΠΛΗΡΩΜΗΣ ELECTROSTORM   ΣΙΑ Ε.Ε (802163799),802163799,ELECTROSTORM   ΣΙΑ Ε.Ε (802163799),451.66,,
Ψ74Μ4690ΒΩ-Α74,2025-12-17,ΕΝΤΑΛΜΑ ΠΛΗΡΩΜΗΣ ΤΡΑΠΕΖΑ  EUROBANK AE (094014250),094014250,ΤΡΑΠΕΖΑ  EUROBANK AE (094014250),1.2,,
Ε3Ο34690ΒΩ-ΨΤΜ,2025-12-18,ΕΝΤΑΛΜΑ ΠΛΗΡΩΜΗΣ ΓΕΝΙΚΟ ΝΟΣΟΚΟΜΕΙΟ 'ΠΑΠΑΓΕΩΡΓΙΟΥ' (090074403),090074403,ΓΕΝΙΚΟ ΝΟΣΟΚΟΜΕΙΟ 'ΠΑΠΑΓΕΩΡΓΙΟΥ' (090074403),1043.74,,
Ρ5ΤΟ4690ΒΩ-42Α,2025-12-18,ΕΝΤΑΛΜΑ ΠΛΗΡΩΜΗΣ ΠΑΝΕΠ.ΓΕΝ.ΝΟΣ/ΜΕΙΟ ΘΕΣ/ΚΗΣ ΑΧΕΠΑ (090024750),090024750,ΠΑΝΕΠ.ΓΕΝ.ΝΟΣ/ΜΕΙΟ ΘΕΣ/ΚΗΣ ΑΧΕΠΑ (090024750),34.0,,
ΛΠ7Τ4690ΒΩ-8ΙΠ,2025-12-18,ΕΝΤΑΛΜΑ ΠΛΗΡΩΜΗΣ ΑΝΔΡΕΑΣ ΣΥΓΓΡΟΣ ΝΟΣΟΚΟΜΕΙΟ ΑΦΡΟΔΙΣΙΩΝ   ΔΕΡΜΑΤΙΚΩΝ ΝΟΣΩΝ ΑΘΗΝΑΣ (090009795),090009795,ΑΝΔΡΕΑΣ ΣΥΓΓΡΟΣ ΝΟΣΟΚΟΜΕΙΟ ΑΦΡΟΔΙΣΙΩΝ   ΔΕΡΜΑΤΙΚΩΝ ΝΟΣΩΝ ΑΘΗΝΑΣ (090009795),71.07,,
6Α2Θ4690ΒΩ-ΟΛ1,2025-12-18,ΕΝΤΑΛΜΑ ΠΛΗΡΩΜΗΣ Γ.Ν.ΛΑΡΙΣΑΣ ΚΟΥΤΛΙΜΠΑΝΕΙΟ ΚΑΙ ΤΡΙΑΝΤΑΦΥΛΛΕΙΟ (996956397),996956397,Γ.Ν.ΛΑΡΙΣΑΣ ΚΟΥΤΛΙΜΠΑΝΕΙΟ ΚΑΙ ΤΡΙΑΝΤΑΦΥΛΛΕΙΟ (996956397),13631.56,,
ΕΘΣΟ4690ΒΩ-ΞΨΑ,2025-12-17,ΕΝΤΑΛΜΑ ΠΛΗΡΩΜΗΣ BIOGENESYS  Ι.Κ.Ε. (099805952),099805952,BIOGENESYS  Ι.Κ.Ε. (099805952),12119.25,,
ΡΗΨΞ4690ΒΩ-Ζ5Λ,2025-12-17,ΕΝΤΑΛΜΑ ΠΛΗΡΩΜΗΣ ΜΠΟΥΤΖΕΤΗ ΕΥΑΝΘΙΑ ΕΜΠΟΡΙΟ ΙΑΤΡΙΚΩΝ ΕΙΔΩΝ (068799772),068799772,ΜΠΟΥΤΖΕΤΗ ΕΥΑΝΘΙΑ ΕΜΠΟΡΙΟ ΙΑΤΡΙΚΩΝ ΕΙΔΩΝ (068799772),874.51,,
ΨΦ1Ι4690ΒΩ-Ν4Κ,2025-12-18,ΕΝΤΑΛΜΑ ΠΛΗΡΩΜΗΣ ΕΘΝΙΚΟ   ΚΑΠΟΔΙΣΤΡΙΑΚΟ ΠΑΝΕΠΙΣΤΗΜΙΟ ΑΘΗΝΩΝ (090145420),090145420,ΕΘΝΙΚΟ   ΚΑΠΟΔΙΣΤΡΙΑΚΟ ΠΑΝΕΠΙΣΤΗΜΙΟ ΑΘΗΝΩΝ (090145420),6525.0,,
ΨΡΞΤ4690ΒΩ-0Ε9,2025-12-16,ΕΝΤΑΛΜΑ ΠΛΗΡΩΜΗΣ ΙΑΤΡΙΚΑ ΠΕΝΥ ΕΠΕ (999117743),999117743,ΙΑΤΡΙΚΑ ΠΕΝΥ ΕΠΕ (999117743),12414.77,,
Ρ6Λ24690ΒΩ-ΡΡΖ,2025-12-15,ΕΝΤΑΛΜΑ ΠΛΗΡΩΜΗΣ ΚΟΠΕΡ Α.Ε. (094007897),094007897,ΚΟΠΕΡ Α.Ε. (094007897),3727.87,,
Ε8ΑΑ4690ΒΩ-ΗΓΞ,2025-12-15,ΕΝΤΑΛΜΑ ΠΛΗΡΩΜΗΣ ΚΟΠΕΡ Α.Ε. (094007897),094007897,ΚΟΠΕΡ Α.Ε. (094007897),3884.28,,
Ε4ΤΙ4690ΒΩ-Λ27,2025-12-15,ΕΝΤΑΛΜΑ ΠΛΗΡΩΜΗΣ ΚΟΠΕΡ Α.Ε. (094007897),094007897,ΚΟΠΕΡ Α.Ε. (094007897),3727.87,,
ΕΜ3Β4690ΒΩ-9ΨΥ,2025-12-15,ΕΝΤΑΛΜΑ ΠΛΗΡΩΜΗΣ ΚΟΠΕΡ Α.Ε. (094007897),094007897,ΚΟΠΕΡ Α.Ε. (094007897),4162.92,,
95ΠΜ4690ΒΩ-56Χ,2025-12-17,ΕΝΤΑΛΜΑ ΠΛΗΡΩΜΗΣ ΤΡΑΠΕΖΑ  EUROBANK AE (094014250),094014250,ΤΡΑΠΕΖΑ  EUROBANK AE (094014250),2.4,,
6ΝΞ94690ΒΩ-ΑΛ6,2025-12-15,ΕΝΤΑΛΜΑ ΠΛΗΡΩΜΗΣ ΚΟΠΕΡ Α.Ε. (094007897),094007897,ΚΟΠΕΡ Α.Ε. (094007897),3431.7,,
ΕΔΖΙ4690ΒΩ-Χ6Φ,2025-12-17,ΕΝΤΑΛΜΑ ΠΛΗΡΩΜΗΣ ΛΕΩΝΙΔΑΣ ΚΑΝΕΛΛΟΣ    ΣΙΑ  Ο.Ε. (093401589),093401589,ΛΕΩΝΙΔΑΣ ΚΑΝΕΛΛΟΣ    ΣΙΑ  Ο.Ε. (093401589),1836.45,,
Ψ4Λ44690ΒΩ-Φ2Ε,2025-12-17,ΕΝΤΑΛΜΑ ΠΛΗΡΩΜΗΣ IMPROVEMED  Ι.Κ.Ε. EMΠΟΡΙΟ-ΔΙΑΘΕΣΗ ΙΑΤΡΙΚΩΝ ΕΙΔΩΝ (800541285),800541285,IMPROVEMED  Ι.Κ.Ε. EMΠΟΡΙΟ-ΔΙΑΘΕΣΗ ΙΑΤΡΙΚΩΝ ΕΙΔΩΝ (800541285),1084.8,,
9ΦΘΘ4690ΒΩ-ΟΓ7,2025-12-17,ΕΝΤΑΛΜΑ ΠΛΗΡΩΜΗΣ MEDIPRIME ΙΑΤΡΟΦΑΡΜ.ΕΙΔΩΝ Α.Ε.Ε. (998283526),998283526,MEDIPRIME ΙΑΤΡΟΦΑΡΜ.ΕΙΔΩΝ Α.Ε.Ε. (998283526),1133.13,,
951Θ4690ΒΩ-2Α1,2025-12-17,ΕΝΤΑΛΜΑ ΠΛΗΡΩΜΗΣ ΠΑΠΟΥΔΗΣ Γ. ΑΠΟΣΤΟΛΟΣ   ΥΙΟΣ Α.Ε. (094512503),094512503,ΠΑΠΟΥΔΗΣ Γ. ΑΠΟΣΤΟΛΟΣ   ΥΙΟΣ Α.Ε. (094512503),1190.4,,
ΡΝ354690ΒΩ-ΘΧΑ,2025-12-17,ΕΝΤΑΛΜΑ ΠΛΗΡΩΜΗΣ ΠΑΠΟΥΔΗΣ Γ. ΑΠΟΣΤΟΛΟΣ   ΥΙΟΣ Α.Ε. (094512503),094512503,ΠΑΠΟΥΔΗΣ Γ. ΑΠΟΣΤΟΛΟΣ   ΥΙΟΣ Α.Ε. (094512503),2331.2,,
Ρ0ΞΘ4690ΒΩ-9Μ4,2025-12-17,ΕΝΤΑΛΜΑ ΠΛΗΡΩΜΗΣ ΠΡΩΤΟΝ A.E. (094442268),094442268,ΠΡΩΤΟΝ A.E. (094442268),1785.6,,
ΨΩΠΘ4690ΒΩ-81Ζ,2025-12-17,ΕΝΤΑΛΜΑ ΠΛΗΡΩΜΗΣ ΜΟΚΚΑΣ ΝΙΚ. ΒΛΑΣΙΟΣ (043422663),043422663,ΜΟΚΚΑΣ ΝΙΚ. ΒΛΑΣΙΟΣ (043422663),2437.47,,
6Χ2Β4690ΒΩ-ΒΧΕ,2025-12-17,ΕΝΤΑΛΜΑ ΠΛΗΡΩΜΗΣ MILONAS HEALTH A.E (998179225),998179225,MILONAS HEALTH A.E (998179225),1288.49,,
Ψ0ΗΝ4690ΒΩ-5ΙΩ,2025-12-17,ΕΝΤΑΛΜΑ ΠΛΗΡΩΜΗΣ ΥΔΡΟΚΙΝΗΣΗ ΖΗΚΑ Θ ΚΑΙ ΣΙΑ ΟΕ (082486354),082486354,ΥΔΡΟΚΙΝΗΣΗ ΖΗΚΑ Θ ΚΑΙ ΣΙΑ ΟΕ (082486354),1711.2,,
6Σ5Μ4690ΒΩ-1ΩΩ,2025-12-17,ΕΝΤΑΛΜΑ ΠΛΗΡΩΜΗΣ Χ.ΜΠΑΡΜΠΑΣ ΚΑΙ ΣΙΑ ΕΕ (800344879),800344879,Χ.ΜΠΑΡΜΠΑΣ ΚΑΙ ΣΙΑ ΕΕ (800344879),471.2,,
ΡΨ5Κ4690ΒΩ-ΗΘΧ,2025-12-17,ΕΝΤΑΛΜΑ ΠΛΗΡΩΜΗΣ PALMOS ΑΕ (094156252),094156252,PALMOS ΑΕ (094156252),644.8,,
6Α0Δ4690ΒΩ-ΣΙΖ,2025-12-17,ΕΝΤΑΛΜΑ ΠΛΗΡΩΜΗΣ ΚΟΥΚΙΟΥ Ε. ΜΟΝ. Ε.Π.Ε. (800407336),800407336,ΚΟΥΚΙΟΥ Ε. ΜΟΝ. Ε.Π.Ε. (800407336),161.2,,
Ρ7ΥΦ4690ΒΩ-ΝΩΠ,2025-12-17,ΕΝΤΑΛΜΑ ΠΛΗΡΩΜΗΣ ΚΟΥΚΙΟΥ Ε. ΜΟΝ. Ε.Π.Ε. (800407336),800407336,ΚΟΥΚΙΟΥ Ε. ΜΟΝ. Ε.Π.Ε. (800407336),597.84,,
ΡΨΡ94690ΒΩ-ΒΕΤ,2025-12-17,ΕΝΤΑΛΜΑ ΠΛΗΡΩΜΗΣ ΓΑΚΗΣ ΑΘΑΝΑΣΙΟΣ (067819507),067819507,ΓΑΚΗΣ ΑΘΑΝΑΣΙΟΣ (067819507),930.0,,
Ε61Ο4690ΒΩ-ΥΘ1,2025-12-17,ΕΝΤΑΛΜΑ ΠΛΗΡΩΜΗΣ F  M FEED ΜΟΝΟΠΡΟΣΩΠΗ Ι.ΚΕ (800502874),800502874,F  M FEED ΜΟΝΟΠΡΟΣΩΠΗ Ι.ΚΕ (800502874),3594.76,,
9ΝΓΖ4690ΒΩ-Μ7Γ,2025-12-17,ΕΝΤΑΛΜΑ ΠΛΗΡΩΜΗΣ ONCORAD ΜΟΝΟΠΡΟΣΩΠΗ ΙΚΕ (801361978),801361978,ONCORAD ΜΟΝΟΠΡΟΣΩΠΗ ΙΚΕ (801361978),2070.8,,
946Ψ4690ΒΩ-5Ι7,2025-12-15,ΕΝΤΑΛΜΑ ΠΛΗΡΩΜΗΣ ΚΟΠΕΡ Α.Ε. (094007897),094007897,ΚΟΠΕΡ Α.Ε. (094007897),3608.3,,
97ΞΨ4690ΒΩ-Ψ53,2025-12-16,ΕΝΤΑΛΜΑ ΠΛΗΡΩΜΗΣ ΙΑΤΡΟΤΕΧΝΟΛΟΓΙΚΑ P.S.TEAM Ε.Π.Ε. (998465266),998465266,ΙΑΤΡΟΤΕΧΝΟΛΟΓΙΚΑ P.S.TEAM Ε.Π.Ε. (998465266),5638.7,,
9Σ384690ΒΩ-865,2025-12-17,ΕΝΤΑΛΜΑ ΠΛΗΡΩΜΗΣ MILIMED AE (997802230),997802230,MILIMED AE (997802230),3948.25,,
6Υ9Β4690ΒΩ-Υ4Ν,2025-12-17,ΕΝΤΑΛΜΑ ΠΛΗΡΩΜΗΣ MEDIC PLAN HEALTH PROJECT IKE (999961120),999961120,MEDIC PLAN HEALTH PROJECT IKE (999961120),2666.0,,
ΨΝ4Φ4690ΒΩ-ΝΑΚ,2025-12-15,ΕΝΤΑΛΜΑ ΠΛΗΡΩΜΗΣ ΚΟΠΕΡ Α.Ε. (094007897),094007897,ΚΟΠΕΡ Α.Ε. (094007897),3470.34,,
9ΖΚΒ4690ΒΩ-ΛΜΦ,2025-12-15,ΕΝΤΑΛΜΑ ΠΛΗΡΩΜΗΣ ΚΟΠΕΡ Α.Ε. (094007897),094007897,ΚΟΠΕΡ Α.Ε. (094007897),3802.09,,
ΡΚΓ44690ΒΩ-1ΩΛ,2025-12-15,ΕΝΤΑΛΜΑ ΠΛΗΡΩΜΗΣ ΚΟΠΕΡ Α.Ε. (094007897),094007897,ΚΟΠΕΡ Α.Ε. (094007897),3751.6,,
ΡΩΜ54690ΒΩ-ΨΛ5,2025-12-15,ΕΝΤΑΛΜΑ ΠΛΗΡΩΜΗΣ ΚΟΠΕΡ Α.Ε. (094007897),094007897,ΚΟΠΕΡ Α.Ε. (094007897),3195.14,,
ΕΒΒ64690ΒΩ-ΑΤΧ,2025-12-17,ΕΝΤΑΛΜΑ ΠΛΗΡΩΜΗΣ VISION MED HELLAS ΙΚΕ ΕΜΠΟΡ. ΑΝΤΙΠΡΟΣ. ΙΑΤΡ. ΜΗΧΑΝ. ΚΑΙ ΣΥΣΚΕΥΩΝ (800719006),800719006,VISION MED HELLAS ΙΚΕ ΕΜΠΟΡ. ΑΝΤΙΠΡΟΣ. ΙΑΤΡ. ΜΗΧΑΝ. ΚΑΙ ΣΥΣΚΕΥΩΝ (800719006),1550.0,,
9Υ4Ξ4690ΒΩ-ΥΟ2,2025-12-17,ΕΝΤΑΛΜΑ ΠΛΗΡΩΜΗΣ ΤΡΑΠΕΖΑ  EUROBANK AE (094014250),094014250,ΤΡΑΠΕΖΑ  EUROBANK AE (094014250),2.4,,
Ψ5694690ΒΩ-Ζ6Γ,2025-12-17,ΕΝΤΑΛΜΑ ΠΛΗΡΩΜΗΣ VAKTRO AEBE (084221869),084221869,VAKTRO AEBE (084221869),1667.18,,
Ε1Ο14690ΒΩ-5Υ2,2025-12-17,ΕΝΤΑΛΜΑ ΠΛΗΡΩΜΗΣ Y LOGIMED Α.Ε (094446034),094446034,Y LOGIMED Α.Ε (094446034),4876.29,,
6ΥΚΩ4690ΒΩ-49Ο,2025-12-18,ΕΝΤΑΛΜΑ ΠΛΗΡΩΜΗΣ ΠΑΝΕΠΙΣΤ/ΚΟ ΓΕΝ.ΝΟΣ/ΜΕΙΟ ΛΑΡΙΣΑΣ (999681575),999681575,ΠΑΝΕΠΙΣΤ/ΚΟ ΓΕΝ.ΝΟΣ/ΜΕΙΟ ΛΑΡΙΣΑΣ (999681575),2354.48,,
6ΥΤ24690ΒΩ-ΑΧΖ,2025-12-18,ΕΝΤΑΛΜΑ ΠΛΗΡΩΜΗΣ ΕΛΛΗΝΙΚΟ ΙΝΣΤΙΤΟΥΤΟ PASTEUR (090030420),090030420,ΕΛΛΗΝΙΚΟ ΙΝΣΤΙΤΟΥΤΟ PASTEUR (090030420),4993.93,,
ΡΝΟΣ4690ΒΩ-87Θ,2025-12-18,ΕΝΤΑΛΜΑ ΠΛΗΡΩΜΗΣ ΓΕΝΙΚΗ ΧΕΙΡΟΥΡΓΙΚΗ' Ο.Ε. ΛΕΩΝ Δ. ΣΑΛΤΙΕΛ κ. ΥΙΟΙ (091538410),091538410,ΓΕΝΙΚΗ ΧΕΙΡΟΥΡΓΙΚΗ' Ο.Ε. ΛΕΩΝ Δ. ΣΑΛΤΙΕΛ κ. ΥΙΟΙ (091538410),1569.84,,
Ψ6Κ34690ΒΩ-ΛΜΧ,2025-12-17,ΕΝΤΑΛΜΑ ΠΛΗΡΩΜΗΣ INSIDE MEDICAL ΜΟΝΟΠΡΟΣΩΠΗ Ι.Κ.Ε. (800777790),800777790,INSIDE MEDICAL ΜΟΝΟΠΡΟΣΩΠΗ Ι.Κ.Ε. (800777790),10615.25,,
Ψ4ΦΚ4690ΒΩ-81Λ,2025-12-17,ΕΝΤΑΛΜΑ ΠΛΗΡΩΜΗΣ MEDICIN Α.ΤΡΙΑΝΤΑΦΥΛΛΟΠΟΥΛΟΣ Ε.Ε. (800896490),800896490,MEDICIN Α.ΤΡΙΑΝΤΑΦΥΛΛΟΠΟΥΛΟΣ Ε.Ε. (800896490),55.8,,
Ρ7Α04690ΒΩ-ΘΧΙ,2025-12-17,ΕΝΤΑΛΜΑ ΠΛΗΡΩΜΗΣ MEDICIN Α.ΤΡΙΑΝΤΑΦΥΛΛΟΠΟΥΛΟΣ Ε.Ε. (800896490),800896490,MEDICIN Α.ΤΡΙΑΝΤΑΦΥΛΛΟΠΟΥΛΟΣ Ε.Ε. (800896490),1395.61,,
6ΥΥ54690ΒΩ-22Α,2025-12-17,ΕΝΤΑΛΜΑ ΠΛΗΡΩΜΗΣ MART HELLAS A.E. (999401508),999401508,MART HELLAS A.E. (999401508),2362.2,,
9ΒΟ44690ΒΩ-Κ38,2025-12-17,ΕΝΤΑΛΜΑ ΠΛΗΡΩΜΗΣ MEDICAL POINT - ΜΟΥΤΑΦΗΣ ΧΡΗΣΤΟΣ ΕΕ (998630320),998630320,MEDICAL POINT - ΜΟΥΤΑΦΗΣ ΧΡΗΣΤΟΣ ΕΕ (998630320),3387.18,,
97Ψ74690ΒΩ-Ζ9Π,2025-12-17,ΕΝΤΑΛΜΑ ΠΛΗΡΩΜΗΣ MENARINI ΔΙΑΓΝΩΣΤΙΚΑ-ΙΑΤΡ.ΟΡΓΑΝΑ ΑΕΒΕ (094322455),094322455,MENARINI ΔΙΑΓΝΩΣΤΙΚΑ-ΙΑΤΡ.ΟΡΓΑΝΑ ΑΕΒΕ (094322455),1093.92,,
9ΥΟ44690ΒΩ-791,2025-12-16,ΕΝΤΑΛΜΑ ΠΛΗΡΩΜΗΣ ΙΝΕΞ Α.Ε. (094356041),094356041,ΙΝΕΞ Α.Ε. (094356041),4223.94,,
9ΙΘΛ4690ΒΩ-Θ2Α,2025-12-15,ΕΝΤΑΛΜΑ ΠΛΗΡΩΜΗΣ ΜΑΥΡΟΓΕΝΗΣ ΑΝΑΣΤΑΣΙΟΣ ΑΕ ΙΑΤΡΟΤΕΧΝΟΛΟΓΙΚΑ ΕΙΔΗ (082525697),082525697,ΜΑΥΡΟΓΕΝΗΣ ΑΝΑΣΤΑΣΙΟΣ ΑΕ ΙΑΤΡΟΤΕΧΝΟΛΟΓΙΚΑ ΕΙΔΗ (082525697),4092.0,,
9ΖΖ34690ΒΩ-Χ5Θ,2025-12-16,ΕΝΤΑΛΜΑ ΠΛΗΡΩΜΗΣ SANTAIR Α.Ε.ΙΑΤΡΙΚΩΝ ΕΦΑΡΜΟΓΩΝ (094497279),094497279,SANTAIR Α.Ε.ΙΑΤΡΙΚΩΝ ΕΦΑΡΜΟΓΩΝ (094497279),2794.22,,
ΨΜ794690ΒΩ-ΚΜΒ,2025-12-16,ΕΝΤΑΛΜΑ ΠΛΗΡΩΜΗΣ TELEFLEX MEDICAL ΕΛΛΑΣ (ARROW HELLAS AEE) (094429990),094429990,TELEFLEX MEDICAL ΕΛΛΑΣ (ARROW HELLAS AEE) (094429990),5323.62,,
62ΥΔ4690ΒΩ-12Ρ,2025-12-16,ΕΝΤΑΛΜΑ ΠΛΗΡΩΜΗΣ MILONAS HEALTH A.E (998179225),998179225,MILONAS HEALTH A.E (998179225),3392.64,,
62ΧΕ4690ΒΩ-Β3Ι,2025-12-16,ΕΝΤΑΛΜΑ ΠΛΗΡΩΜΗΣ ΙΝΕΞ Α.Ε. (094356041),094356041,ΙΝΕΞ Α.Ε. (094356041),4761.6,,
9ΠΤΨ4690ΒΩ-04Ξ,2025-12-16,ΕΝΤΑΛΜΑ ΠΛΗΡΩΜΗΣ TELEFLEX MEDICAL ΕΛΛΑΣ (ARROW HELLAS AEE) (094429990),094429990,TELEFLEX MEDICAL ΕΛΛΑΣ (ARROW HELLAS AEE) (094429990),231.65,,
6ΦΟΕ4690ΒΩ-ΟΚΥ,2025-12-16,ΕΝΤΑΛΜΑ ΠΛΗΡΩΜΗΣ ΙΝΕΞ Α.Ε. (094356041),094356041,ΙΝΕΞ Α.Ε. (094356041),4828.83,,
ΨΒΦ94690ΒΩ-ΦΟΚ,2025-12-04,ΕΝΤΑΛΜΑ ΠΛΗΡΩΜΗΣ ΠΡΩΤΟΝ A.E. (094442268),094442268,ΠΡΩΤΟΝ A.E. (094442268),1054.0,,
9Ο1Α4690ΒΩ-Τ79,2025-12-16,ΕΝΤΑΛΜΑ ΠΛΗΡΩΜΗΣ MILONAS HEALTH A.E (998179225),998179225,MILONAS HEALTH A.E (998179225),1133.11,,
Ψ0ΔΛ4690ΒΩ-ΔΤ8,2025-12-13,ΕΝΤΑΛΜΑ ΠΛΗΡΩΜΗΣ MEDIPRIME ΙΑΤΡΟΦΑΡΜ.ΕΙΔΩΝ Α.Ε.Ε. (998283526),998283526,MEDIPRIME ΙΑΤΡΟΦΑΡΜ.ΕΙΔΩΝ Α.Ε.Ε. (998283526),2993.16,,
ΨΒ6Ψ4690ΒΩ-ΞΤΗ,2025-12-13,ΕΝΤΑΛΜΑ ΠΛΗΡΩΜΗΣ MEDIPRIME ΙΑΤΡΟΦΑΡΜ.ΕΙΔΩΝ Α.Ε.Ε. (998283526),998283526,MEDIPRIME ΙΑΤΡΟΦΑΡΜ.ΕΙΔΩΝ Α.Ε.Ε. (998283526),2806.62,,
Ρ1Ζ04690ΒΩ-ΒΣ0,2025-12-13,ΕΝΤΑΛΜΑ ΠΛΗΡΩΜΗΣ ΒΕΡΜΑ ΝΤΡΑΓΚΣ Α.Β.Ε.Ε. (099363426),099363426,ΒΕΡΜΑ ΝΤΡΑΓΚΣ Α.Β.Ε.Ε. (099363426),11553.68,,
9ΒΑΚ4690ΒΩ-ΔΒ2,2025-12-16,ΕΝΤΑΛΜΑ ΠΛΗΡΩΜΗΣ LERIVA AE (997985840),997985840,LERIVA AE (997985840),9300.0,,
Ρ0ΡΟ4690ΒΩ-ΔΨΘ,2025-12-16,ΕΝΤΑΛΜΑ ΠΛΗΡΩΜΗΣ TELEFLEX MEDICAL ΕΛΛΑΣ (ARROW HELLAS AEE) (094429990),094429990,TELEFLEX MEDICAL ΕΛΛΑΣ (ARROW HELLAS AEE) (094429990),7783.44,,
Ρ45Ο4690ΒΩ-3ΒΦ,2025-12-16,ΕΝΤΑΛΜΑ ΠΛΗΡΩΜΗΣ ΚΟΠΕΡ Α.Ε. (094007897),094007897,ΚΟΠΕΡ Α.Ε. (094007897),21700.0,,
ΡΓΙΟ4690ΒΩ-6ΝΧ,2025-12-16,ΕΝΤΑΛΜΑ ΠΛΗΡΩΜΗΣ ΠΗΓΑΣΟΣ ΙΑΤΡΙΚΟΣ ΚΑΙ ΕΠΙΣΤΗΜΟΝΙΚΟΣ ΕΞΟΠΛΙΣΜΟΣ Α.Ε. (800738217),800738217,ΠΗΓΑΣΟΣ ΙΑΤΡΙΚΟΣ ΚΑΙ ΕΠΙΣΤΗΜΟΝΙΚΟΣ ΕΞΟΠΛΙΣΜΟΣ Α.Ε. (800738217),1934.4,,
6ΗΙΝ4690ΒΩ-1Φ2,2025-12-16,ΕΝΤΑΛΜΑ ΠΛΗΡΩΜΗΣ PHAREL ΜΟΝΟΠΡΟΣΩΠΗ ΙΚΕ (800745614),800745614,PHAREL ΜΟΝΟΠΡΟΣΩΠΗ ΙΚΕ (800745614),2670.92,,
Ψ6604690ΒΩ-ΑΙΩ,2025-12-16,ΕΝΤΑΛΜΑ ΠΛΗΡΩΜΗΣ ΤΡΑΠΕΖΑ  EUROBANK AE (094014250),094014250,ΤΡΑΠΕΖΑ  EUROBANK AE (094014250),1.2,,
9ΠΤ34690ΒΩ-1Ο3,2025-12-16,ΕΝΤΑΛΜΑ ΠΛΗΡΩΜΗΣ ΓΕΝΙΚΗ ΧΗΜΙΚΩΝ ΠΡΟΙΟΝΤΩΝ Α.Ε. (094133588),094133588,ΓΕΝΙΚΗ ΧΗΜΙΚΩΝ ΠΡΟΙΟΝΤΩΝ Α.Ε. (094133588),4515.48,,
ΡΕΝΧ4690ΒΩ-347,2025-12-16,ΕΝΤΑΛΜΑ ΠΛΗΡΩΜΗΣ ΤΡΑΠΕΖΑ  EUROBANK AE (094014250),094014250,ΤΡΑΠΕΖΑ  EUROBANK AE (094014250),1.2,,
9ΝΨΛ4690ΒΩ-ΡΞΗ,2025-12-16,ΕΝΤΑΛΜΑ ΠΛΗΡΩΜΗΣ MILIMED AE (997802230),997802230,MILIMED AE (997802230),3372.8,,
ΨΟΩΤ4690ΒΩ-6ΒΔ,2025-12-16,ΕΝΤΑΛΜΑ ΠΛΗΡΩΜΗΣ ΜΑΥΡΟΓΕΝΗΣ ΑΝΑΣΤΑΣΙΟΣ ΑΕ ΙΑΤΡΟΤΕΧΝΟΛΟΓΙΚΑ ΕΙΔΗ (082525697),082525697,ΜΑΥΡΟΓΕΝΗΣ ΑΝΑΣΤΑΣΙΟΣ ΑΕ ΙΑΤΡΟΤΕΧΝΟΛΟΓΙΚΑ ΕΙΔΗ (082525697),15513.64,,
ΡΞ0Σ4690ΒΩ-9ΕΙ,2025-12-16,ΕΝΤΑΛΜΑ ΠΛΗΡΩΜΗΣ MEDICARE HELLAS Α.Ε (095367968),095367968,MEDICARE HELLAS Α.Ε (095367968),7633.44,,
614Ψ4690ΒΩ-ΙΗΧ,2025-12-16,ΕΝΤΑΛΜΑ ΠΛΗΡΩΜΗΣ BBD ΝΙΚ.ΛΑΙΝΙΩΤΗΣ Α.Ε.Β.Ε. (093628458),093628458,BBD ΝΙΚ.ΛΑΙΝΙΩΤΗΣ Α.Ε.Β.Ε. (093628458),4068.0,,
9ΨΨΥ4690ΒΩ-ΠΔ8,2025-12-16,ΕΝΤΑΛΜΑ ΠΛΗΡΩΜΗΣ ΜΑΥΡΟΓΕΝΗΣ ΑΝΑΣΤΑΣΙΟΣ ΑΕ ΙΑΤΡΟΤΕΧΝΟΛΟΓΙΚΑ ΕΙΔΗ (082525697),082525697,ΜΑΥΡΟΓΕΝΗΣ ΑΝΑΣΤΑΣΙΟΣ ΑΕ ΙΑΤΡΟΤΕΧΝΟΛΟΓΙΚΑ ΕΙΔΗ (082525697),5952.0,,
Ψ21Σ4690ΒΩ-ΒΒΨ,2025-12-16,ΕΝΤΑΛΜΑ ΠΛΗΡΩΜΗΣ ΚΟΠΕΡ Α.Ε. (094007897),094007897,ΚΟΠΕΡ Α.Ε. (094007897),21700.0,,
97ΗΖ4690ΒΩ-Ψ99,2025-12-17,ΕΝΤΑΛΜΑ ΠΛΗΡΩΜΗΣ MEDI TRANS ΗΛΙΑΔΗΣ Π   ΣΙΑ Ε.Ε. (084002046),084002046,MEDI TRANS ΗΛΙΑΔΗΣ Π   ΣΙΑ Ε.Ε. (084002046),2698.24,,
9Ρ3Ω4690ΒΩ-Μ1Ι,2025-12-17,ΕΝΤΑΛΜΑ ΠΛΗΡΩΜΗΣ MILIMED AE (997802230),997802230,MILIMED AE (997802230),3090.95,,
ΡΩΨΤ4690ΒΩ-ΒΕΠ,2025-12-16,ΕΝΤΑΛΜΑ ΠΛΗΡΩΜΗΣ SANIMED-ΜΑΡΙΝΑ ΓΕΩΡΓΑΚΗ   ΣΙΑ Ε.Ε (999324154),999324154,SANIMED-ΜΑΡΙΝΑ ΓΕΩΡΓΑΚΗ   ΣΙΑ Ε.Ε (999324154),3015.97,,
ΨΔΕΙ4690ΒΩ-ΑΒ4,2025-12-16,ΕΝΤΑΛΜΑ ΠΛΗΡΩΜΗΣ ATRON HEALTH A.E. (800519113),800519113,ATRON HEALTH A.E. (800519113),316.4,,
63ΜΔ4690ΒΩ-ΠΜ1,2025-12-16,ΕΝΤΑΛΜΑ ΠΛΗΡΩΜΗΣ ΤΡΑΠΕΖΑ  EUROBANK AE (094014250),094014250,ΤΡΑΠΕΖΑ  EUROBANK AE (094014250),1.2,,
93ΩΤ4690ΒΩ-ΕΧ7,2025-12-16,ΕΝΤΑΛΜΑ ΠΛΗΡΩΜΗΣ ΚΑΛΤΕΚ ΑΕ ΕΜΠΟΡΙΑ ΙΑΤΡΙΚΩΝ ΕΙΔΩΝ ΚΑΙ ΠΡΟΙΟΝΤΩΝ ΚΑΙ ΜΗΧΑΝΗΜΑΤΩΝ  ΑΝΩΝΥΜΗ ΕΤΑΙΡΕΙΑ (999307110),999307110,ΚΑΛΤΕΚ ΑΕ ΕΜΠΟΡΙΑ ΙΑΤΡΙΚΩΝ ΕΙΔΩΝ ΚΑΙ ΠΡΟΙΟΝΤΩΝ ΚΑΙ ΜΗΧΑΝΗΜΑΤΩΝ  ΑΝΩΝΥΜΗ ΕΤΑΙΡΕΙΑ (999307110),5935.08,,
9ΣΔ84690ΒΩ-ΥΞ1,2025-12-12,ΕΝΤΑΛΜΑ ΠΛΗΡΩΜΗΣ DEMO ABEE (094041553),094041553,DEMO ABEE (094041553),4808.16,,
Ψ1ΖΞ4690ΒΩ-3ΒΛ,2025-12-13,ΕΝΤΑΛΜΑ ΠΛΗΡΩΜΗΣ Α.ΔΕΡΒΟΣ-Γ.ΔΗΜΗΤΡΑΚΟΠΟΥΛΟΣ κ.ΣΙΑ Α.Ε. (099518023),099518023,Α.ΔΕΡΒΟΣ-Γ.ΔΗΜΗΤΡΑΚΟΠΟΥΛΟΣ κ.ΣΙΑ Α.Ε. (099518023),6656.32,,
ΡΤΕ14690ΒΩ-ΠΜ8,2025-12-13,ΕΝΤΑΛΜΑ ΠΛΗΡΩΜΗΣ ΤΡΑΠΕΖΑ  EUROBANK AE (094014250),094014250,ΤΡΑΠΕΖΑ  EUROBANK AE (094014250),1.2,,
Ε6Ρ34690ΒΩ-ΚΜΓ,2025-12-13,ΕΝΤΑΛΜΑ ΠΛΗΡΩΜΗΣ ΝΕΑ ΔΙΑΓΝΩΣΤΙΚΗ ΔΙΑΣΤΑΣΗ Ε.Π.Ε (095618368),095618368,ΝΕΑ ΔΙΑΓΝΩΣΤΙΚΗ ΔΙΑΣΤΑΣΗ Ε.Π.Ε (095618368),44.64,,
95ΓΣ4690ΒΩ-Ν67,2025-12-12,ΕΝΤΑΛΜΑ ΠΛΗΡΩΜΗΣ ΜΑΥΡΟΓΕΝΗΣ ΑΝΑΣΤΑΣΙΟΣ ΑΕ ΙΑΤΡΟΤΕΧΝΟΛΟΓΙΚΑ ΕΙΔΗ (082525697),082525697,ΜΑΥΡΟΓΕΝΗΣ ΑΝΑΣΤΑΣΙΟΣ ΑΕ ΙΑΤΡΟΤΕΧΝΟΛΟΓΙΚΑ ΕΙΔΗ (082525697),4927.6,,
94ΝΗ4690ΒΩ-ΚΑΧ,2025-12-13,ΕΝΤΑΛΜΑ ΠΛΗΡΩΜΗΣ ΑΝΤΙ-ΣΕΛ ΑΦΟΙ A.ΣΕΛΙΔΗ A.Ε. (091569759),091569759,ΑΝΤΙ-ΣΕΛ ΑΦΟΙ A.ΣΕΛΙΔΗ A.Ε. (091569759),7568.4,,
9Λ4Ζ4690ΒΩ-ΥΩΒ,2025-12-13,ΕΝΤΑΛΜΑ ΠΛΗΡΩΜΗΣ TELEFLEX MEDICAL ΕΛΛΑΣ (ARROW HELLAS AEE) (094429990),094429990,TELEFLEX MEDICAL ΕΛΛΑΣ (ARROW HELLAS AEE) (094429990),7783.44,,
ΡΨΞΡ4690ΒΩ-ΚΡΑ,2025-12-12,ΕΝΤΑΛΜΑ ΠΛΗΡΩΜΗΣ DENOVO  ΜΟΝΟΠΡΟΣΩΠΗ    Ι.Κ.Ε. (800642060),800642060,DENOVO  ΜΟΝΟΠΡΟΣΩΠΗ    Ι.Κ.Ε. (800642060),3220.5,,
9ΔΩΧ4690ΒΩ-ΡΛΡ,2025-12-15,ΕΝΤΑΛΜΑ ΠΛΗΡΩΜΗΣ ΚΑΛΤΕΚ ΑΕ ΕΜΠΟΡΙΑ ΙΑΤΡΙΚΩΝ ΕΙΔΩΝ ΚΑΙ ΠΡΟΙΟΝΤΩΝ ΚΑΙ ΜΗΧΑΝΗΜΑΤΩΝ  ΑΝΩΝΥΜΗ ΕΤΑΙΡΕΙΑ (999307110),999307110,ΚΑΛΤΕΚ ΑΕ ΕΜΠΟΡΙΑ ΙΑΤΡΙΚΩΝ ΕΙΔΩΝ ΚΑΙ ΠΡΟΙΟΝΤΩΝ ΚΑΙ ΜΗΧΑΝΗΜΑΤΩΝ  ΑΝΩΝΥΜΗ ΕΤΑΙΡΕΙΑ (999307110),5573.0,,
9ΕΠΡ4690ΒΩ-Π4Ν,2025-12-15,ΕΝΤΑΛΜΑ ΠΛΗΡΩΜΗΣ ΚΑΛΤΕΚ ΑΕ ΕΜΠΟΡΙΑ ΙΑΤΡΙΚΩΝ ΕΙΔΩΝ ΚΑΙ ΠΡΟΙΟΝΤΩΝ ΚΑΙ ΜΗΧΑΝΗΜΑΤΩΝ  ΑΝΩΝΥΜΗ ΕΤΑΙΡΕΙΑ (999307110),999307110,ΚΑΛΤΕΚ ΑΕ ΕΜΠΟΡΙΑ ΙΑΤΡΙΚΩΝ ΕΙΔΩΝ ΚΑΙ ΠΡΟΙΟΝΤΩΝ ΚΑΙ ΜΗΧΑΝΗΜΑΤΩΝ  ΑΝΩΝΥΜΗ ΕΤΑΙΡΕΙΑ (999307110),5392.68,,
ΕΗΗΖ4690ΒΩ-ΠΥΡ,2025-12-13,ΕΝΤΑΛΜΑ ΠΛΗΡΩΜΗΣ CONTROLINE Α.Ε (999844160),999844160,CONTROLINE Α.Ε (999844160),6510.0,,
ΨΥΞΙ4690ΒΩ-Ρ3Θ,2025-12-13,ΕΝΤΑΛΜΑ ΠΛΗΡΩΜΗΣ ΙΝΕΞ Α.Ε. (094356041),094356041,ΙΝΕΞ Α.Ε. (094356041),7958.32,,
ΕΟΕΔ4690ΒΩ-ΗΒΣ,2025-12-13,ΕΝΤΑΛΜΑ ΠΛΗΡΩΜΗΣ MEDIPRIME ΙΑΤΡΟΦΑΡΜ.ΕΙΔΩΝ Α.Ε.Ε. (998283526),998283526,MEDIPRIME ΙΑΤΡΟΦΑΡΜ.ΕΙΔΩΝ Α.Ε.Ε. (998283526),3096.63,,
Ψ8Θ24690ΒΩ-8ΘΦ,2025-12-13,ΕΝΤΑΛΜΑ ΠΛΗΡΩΜΗΣ ΓΕΡΜΑΝΟΣ ΞΕΝΟΦΩΝ ΑΕΕ (094326835),094326835,ΓΕΡΜΑΝΟΣ ΞΕΝΟΦΩΝ ΑΕΕ (094326835),3525.6,,
ΨΔΨΠ4690ΒΩ-ΤΜΚ,2025-12-16,ΕΝΤΑΛΜΑ ΠΛΗΡΩΜΗΣ ΙΝΕΞ Α.Ε. (094356041),094356041,ΙΝΕΞ Α.Ε. (094356041),5056.75,,
ΨΗΘΔ4690ΒΩ-Υ70,2025-12-16,ΕΝΤΑΛΜΑ ΠΛΗΡΩΜΗΣ SANTAIR Α.Ε.ΙΑΤΡΙΚΩΝ ΕΦΑΡΜΟΓΩΝ (094497279),094497279,SANTAIR Α.Ε.ΙΑΤΡΙΚΩΝ ΕΦΑΡΜΟΓΩΝ (094497279),3650.56,,
Ρ7ΗΜ4690ΒΩ-41Ν,2025-12-16,ΕΝΤΑΛΜΑ ΠΛΗΡΩΜΗΣ THERMOGRAFICA HELLAS ΕΠΕ (095083787),095083787,THERMOGRAFICA HELLAS ΕΠΕ (095083787),4478.76,,
9Τ1Λ4690ΒΩ-ΤΨ6,2025-12-16,ΕΝΤΑΛΜΑ ΠΛΗΡΩΜΗΣ KARL STORZ ΕΝΔΟΣΚΟΠΙΑ ΕΛΛΑΔΟΣ ΕΠΕ(ΘΕΣΣΑΛΟΝΙΚΗ) (998361490),998361490,KARL STORZ ΕΝΔΟΣΚΟΠΙΑ ΕΛΛΑΔΟΣ ΕΠΕ(ΘΕΣΣΑΛΟΝΙΚΗ) (998361490),2465.12,,
9ΖΛ04690ΒΩ-ΗΝΧ,2025-12-10,ΕΝΤΑΛΜΑ ΠΛΗΡΩΜΗΣ V L VIOLAK INTERNATIONAL   A.E. (099370337),099370337,V L VIOLAK INTERNATIONAL   A.E. (099370337),1422.28,,
65ΕΨ4690ΒΩ-ΑΣΙ,2025-12-16,ΕΝΤΑΛΜΑ ΠΛΗΡΩΜΗΣ SANIMED-ΜΑΡΙΝΑ ΓΕΩΡΓΑΚΗ   ΣΙΑ Ε.Ε (999324154),999324154,SANIMED-ΜΑΡΙΝΑ ΓΕΩΡΓΑΚΗ   ΣΙΑ Ε.Ε (999324154),3546.88,,
ΨΑΦ74690ΒΩ-2Τ6,2025-12-10,ΕΝΤΑΛΜΑ ΠΛΗΡΩΜΗΣ OSMOS HELLAS ΜΟΝΟΠΡΟΣΩΠΗ ΙΚΕ (801925543),801925543,OSMOS HELLAS ΜΟΝΟΠΡΟΣΩΠΗ ΙΚΕ (801925543),4166.4,,
ΡΦΗΧ4690ΒΩ-Ν2Π,2025-12-16,ΕΝΤΑΛΜΑ ΠΛΗΡΩΜΗΣ INSIDE MEDICAL ΜΟΝΟΠΡΟΣΩΠΗ Ι.Κ.Ε. (800777790),800777790,INSIDE MEDICAL ΜΟΝΟΠΡΟΣΩΠΗ Ι.Κ.Ε. (800777790),3261.18,,
ΡΟΙΤ4690ΒΩ-ΔΛΥ,2025-12-13,ΕΝΤΑΛΜΑ ΠΛΗΡΩΜΗΣ ESCO ΚΩΣΤΟΠΟΥΛΟΣ-ΤΣΙΜΠΡΗ ΒΑΣΙΛ. ΣΙΑ ΕΕ (999333810),999333810,ESCO ΚΩΣΤΟΠΟΥΛΟΣ-ΤΣΙΜΠΡΗ ΒΑΣΙΛ. ΣΙΑ ΕΕ (999333810),1227.97,,
ΡΒΓ14690ΒΩ-Β1Ρ,2025-12-16,ΕΝΤΑΛΜΑ ΠΛΗΡΩΜΗΣ SCIBA A.E (997673950),997673950,SCIBA A.E (997673950),1264.55,,
Ψ23Δ4690ΒΩ-ΩΥΩ,2025-12-16,ΕΝΤΑΛΜΑ ΠΛΗΡΩΜΗΣ SANTAIR Α.Ε.ΙΑΤΡΙΚΩΝ ΕΦΑΡΜΟΓΩΝ (094497279),094497279,SANTAIR Α.Ε.ΙΑΤΡΙΚΩΝ ΕΦΑΡΜΟΓΩΝ (094497279),285.2,,
6ΗΩ24690ΒΩ-ΨΡ5,2025-12-16,ΕΝΤΑΛΜΑ ΠΛΗΡΩΜΗΣ ΠΗΓΑΣΟΣ ΙΑΤΡΙΚΟΣ ΚΑΙ ΕΠΙΣΤΗΜΟΝΙΚΟΣ ΕΞΟΠΛΙΣΜΟΣ Α.Ε. (800738217),800738217,ΠΗΓΑΣΟΣ ΙΑΤΡΙΚΟΣ ΚΑΙ ΕΠΙΣΤΗΜΟΝΙΚΟΣ ΕΞΟΠΛΙΣΜΟΣ Α.Ε. (800738217),3075.2,,
Ρ35Χ4690ΒΩ-7ΗΤ,2025-12-16,ΕΝΤΑΛΜΑ ΠΛΗΡΩΜΗΣ NEUROMED  Ε. ΧΑΤΖΗΕΦΡΑΙΜΙΔΗΣ ΜΟΝΟΠΡΟΣΩΠΗ ΕΤΑΙΡΙΑ ΠΕΡΙΟΡΙΣΜΕΝΗΣ ΕΥΘΥΝΗΣ (999430320),999430320,NEUROMED  Ε. ΧΑΤΖΗΕΦΡΑΙΜΙΔΗΣ ΜΟΝΟΠΡΟΣΩΠΗ ΕΤΑΙΡΙΑ ΠΕΡΙΟΡΙΣΜΕΝΗΣ ΕΥΘΥΝΗΣ (999430320),2253.08,,
65ΖΕ4690ΒΩ-ΣΒ4,2025-12-15,ΕΝΤΑΛΜΑ ΠΛΗΡΩΜΗΣ ΚΑΛΤΕΚ ΑΕ ΕΜΠΟΡΙΑ ΙΑΤΡΙΚΩΝ ΕΙΔΩΝ ΚΑΙ ΠΡΟΙΟΝΤΩΝ ΚΑΙ ΜΗΧΑΝΗΜΑΤΩΝ  ΑΝΩΝΥΜΗ ΕΤΑΙΡΕΙΑ (999307110),999307110,ΚΑΛΤΕΚ ΑΕ ΕΜΠΟΡΙΑ ΙΑΤΡΙΚΩΝ ΕΙΔΩΝ ΚΑΙ ΠΡΟΙΟΝΤΩΝ ΚΑΙ ΜΗΧΑΝΗΜΑΤΩΝ  ΑΝΩΝΥΜΗ ΕΤΑΙΡΕΙΑ (999307110),6097.08,,
Ε1894690ΒΩ-ΤΤΥ,2025-12-16,ΕΝΤΑΛΜΑ ΠΛΗΡΩΜΗΣ ΚΑΛΤΕΚ ΑΕ ΕΜΠΟΡΙΑ ΙΑΤΡΙΚΩΝ ΕΙΔΩΝ ΚΑΙ ΠΡΟΙΟΝΤΩΝ ΚΑΙ ΜΗΧΑΝΗΜΑΤΩΝ  ΑΝΩΝΥΜΗ ΕΤΑΙΡΕΙΑ (999307110),999307110,ΚΑΛΤΕΚ ΑΕ ΕΜΠΟΡΙΑ ΙΑΤΡΙΚΩΝ ΕΙΔΩΝ ΚΑΙ ΠΡΟΙΟΝΤΩΝ ΚΑΙ ΜΗΧΑΝΗΜΑΤΩΝ  ΑΝΩΝΥΜΗ ΕΤΑΙΡΕΙΑ (999307110),5935.08,,
65ΚΗ4690ΒΩ-ΕΦΙ,2025-12-16,ΕΝΤΑΛΜΑ ΠΛΗΡΩΜΗΣ ΜΑΥΡΟΓΕΝΗΣ ΑΝΑΣΤΑΣΙΟΣ ΑΕ ΙΑΤΡΟΤΕΧΝΟΛΟΓΙΚΑ ΕΙΔΗ (082525697),082525697,ΜΑΥΡΟΓΕΝΗΣ ΑΝΑΣΤΑΣΙΟΣ ΑΕ ΙΑΤΡΟΤΕΧΝΟΛΟΓΙΚΑ ΕΙΔΗ (082525697),4047.66,,
9ΜΣΟ4690ΒΩ-ΖΗΖ,2025-12-15,ΕΝΤΑΛΜΑ ΠΛΗΡΩΜΗΣ ΙΑΤΡΙΚΑ ΠΕΝΥ ΕΠΕ (999117743),999117743,ΙΑΤΡΙΚΑ ΠΕΝΥ ΕΠΕ (999117743),5595.5,,
9ΨΗΖ4690ΒΩ-340,2025-12-16,ΕΝΤΑΛΜΑ ΠΛΗΡΩΜΗΣ V L VIOLAK INTERNATIONAL   A.E. (099370337),099370337,V L VIOLAK INTERNATIONAL   A.E. (099370337),12496.42,,
ΨΑΚ34690ΒΩ-ΔΟΛ,2025-12-15,ΕΝΤΑΛΜΑ ΠΛΗΡΩΜΗΣ ΙΑΤΡΟΤΕΧΝΟΛΟΓΙΚΑ P.S.TEAM Ε.Π.Ε. (998465266),998465266,ΙΑΤΡΟΤΕΧΝΟΛΟΓΙΚΑ P.S.TEAM Ε.Π.Ε. (998465266),19548.46,,
ΨΠ0Σ4690ΒΩ-ΤΓ7,2025-12-15,ΕΝΤΑΛΜΑ ΠΛΗΡΩΜΗΣ ΙΑΤΡΟΤΕΧΝΟΛΟΓΙΚΑ P.S.TEAM Ε.Π.Ε. (998465266),998465266,ΙΑΤΡΟΤΕΧΝΟΛΟΓΙΚΑ P.S.TEAM Ε.Π.Ε. (998465266),15371.08,,
ΡΓΓΣ4690ΒΩ-Ι3Σ,2025-12-15,ΕΝΤΑΛΜΑ ΠΛΗΡΩΜΗΣ ΙΑΤΡΙΚΑ ΠΕΝΥ ΕΠΕ (999117743),999117743,ΙΑΤΡΙΚΑ ΠΕΝΥ ΕΠΕ (999117743),9312.64,,
ΡΠΙΣ4690ΒΩ-ΤΝ3,2025-12-15,ΕΝΤΑΛΜΑ ΠΛΗΡΩΜΗΣ ΙΑΤΡΙΚΑ ΠΕΝΥ ΕΠΕ (999117743),999117743,ΙΑΤΡΙΚΑ ΠΕΝΥ ΕΠΕ (999117743),7212.54,,
6Ι0Υ4690ΒΩ-4ΙΝ,2025-12-15,ΕΝΤΑΛΜΑ ΠΛΗΡΩΜΗΣ ΙΑΤΡΙΚΑ ΠΕΝΥ ΕΠΕ (999117743),999117743,ΙΑΤΡΙΚΑ ΠΕΝΥ ΕΠΕ (999117743),4915.14,,
93ΩΧ4690ΒΩ-ΩΘΗ,2025-12-15,ΕΝΤΑΛΜΑ ΠΛΗΡΩΜΗΣ ΙΑΤΡΙΚΑ ΠΕΝΥ ΕΠΕ (999117743),999117743,ΙΑΤΡΙΚΑ ΠΕΝΥ ΕΠΕ (999117743),4233.14,,
ΡΘΡΒ4690ΒΩ-0ΔΞ,2025-12-15,ΕΝΤΑΛΜΑ ΠΛΗΡΩΜΗΣ ΙΑΤΡΙΚΑ ΠΕΝΥ ΕΠΕ (999117743),999117743,ΙΑΤΡΙΚΑ ΠΕΝΥ ΕΠΕ (999117743),6999.99,,
9ΡΧΖ4690ΒΩ-74Π,2025-12-17,ΚΑΤΒΟΛΗ ΦΟΡΟΥ ΚΛΗΡΟΝΟΜΙΑΣ ΑΚΙΝΗΤΩΝ (ΑΡ.ΔΗΛΩΣΗΣ 3845/2025),997073525,ΑΝΕΞΑΡΤΗΤΗ ΑΡΧΗ ΔΗΜΟΣΙΩΝ ΕΣΟΔΩΝ ΑΑΔΕ,924.35,,0899α01
96ΘΕ4690ΒΩ-2ΣΣ,2025-12-17,ΕΝΤΑΛΜΑ ΠΛΗΡΩΜΗΣ ΤΡΑΠΕΖΑ  EUROBANK AE (094014250),094014250,ΤΡΑΠΕΖΑ  EUROBANK AE (094014250),2.4,,
91ΛΓ4690ΒΩ-Υ4Τ,2025-12-16,ΕΝΤΑΛΜΑ ΠΛΗΡΩΜΗΣ ΤΡΑΠΕΖΑ  EUROBANK AE (094014250),094014250,ΤΡΑΠΕΖΑ  EUROBANK AE (094014250),4.0,,
ΨΤΣΘ4690ΒΩ-ΔΚΚ,2025-12-15,ΕΝΤΑΛΜΑ ΠΛΗΡΩΜΗΣ PHAREL ΜΟΝΟΠΡΟΣΩΠΗ ΙΚΕ (800745614),800745614,PHAREL ΜΟΝΟΠΡΟΣΩΠΗ ΙΚΕ (800745614),7032.6,,
ΡΥ8Γ4690ΒΩ-ΝΞΒ,2025-12-16,ΕΝΤΑΛΜΑ ΠΛΗΡΩΜΗΣ ΤΡΑΠΕΖΑ  EUROBANK AE (094014250),094014250,ΤΡΑΠΕΖΑ  EUROBANK AE (094014250),2.4,,
9ΚΩΕ4690ΒΩ-Μ2Ο,2025-12-12,ΕΝΤΑΛΜΑ ΠΛΗΡΩΜΗΣ ΖΥΡΙΧΙΔΗ  ΑΦΟΙ  Ο.Ε. (091282761),091282761,ΖΥΡΙΧΙΔΗ  ΑΦΟΙ  Ο.Ε. (091282761),2940.24,,
ΡΟΥ94690ΒΩ-Υ2Α,2025-12-12,ΕΝΤΑΛΜΑ ΠΛΗΡΩΜΗΣ ΒΑΡΕΛΑΣ Α.Ε. (094047060),094047060,ΒΑΡΕΛΑΣ Α.Ε. (094047060),4256.96,,
6ΙΝΑ4690ΒΩ-1ΔΟ,2025-12-15,ΕΝΤΑΛΜΑ ΠΛΗΡΩΜΗΣ ΔΕΛΤΑ ΙΑΤΡΙΚΗ Α.Ε.   ΑΝΩΝ. ΕΤΑΙΡΙΑ ΙΑΤΡΙΚΩΝ ΕΙΔΩΝ (094437130),094437130,ΔΕΛΤΑ ΙΑΤΡΙΚΗ Α.Ε.   ΑΝΩΝ. ΕΤΑΙΡΙΑ ΙΑΤΡΙΚΩΝ ΕΙΔΩΝ (094437130),9151.2,,
Ρ7Λ64690ΒΩ-ΖΚΟ,2025-12-12,ΕΝΤΑΛΜΑ ΠΛΗΡΩΜΗΣ F  M FEED ΜΟΝΟΠΡΟΣΩΠΗ Ι.ΚΕ (800502874),800502874,F  M FEED ΜΟΝΟΠΡΟΣΩΠΗ Ι.ΚΕ (800502874),12350.4,,
98ΝΗ4690ΒΩ-ΖΘ1,2025-12-15,ΕΝΤΑΛΜΑ ΠΛΗΡΩΜΗΣ DUCASCO ΔΟΥPΜΟΥΣΟΓΛΟΥ α.ε.β.ε (999640490),999640490,DUCASCO ΔΟΥPΜΟΥΣΟΓΛΟΥ α.ε.β.ε (999640490),4597.16,,
ΨΝΣΧ4690ΒΩ-ΚΛΩ,2025-12-15,ΕΝΤΑΛΜΑ ΠΛΗΡΩΜΗΣ ΙΝΕΞ Α.Ε. (094356041),094356041,ΙΝΕΞ Α.Ε. (094356041),1046.56,,
9ΠΑΝ4690ΒΩ-Κ9Ε,2025-12-15,ΕΝΤΑΛΜΑ ΠΛΗΡΩΜΗΣ PAUL HARTMANN HELLAS AE (999862491),999862491,PAUL HARTMANN HELLAS AE (999862491),984.56,,
9ΛΛ24690ΒΩ-ΥΞΜ,2025-12-15,ΕΝΤΑΛΜΑ ΠΛΗΡΩΜΗΣ ΓΚΟΡΤΣΙΛΑΣ ΔΗΜΗΤΡΙΟΣ   ΣΙΑ Ε.Ε. (999430031),999430031,ΓΚΟΡΤΣΙΛΑΣ ΔΗΜΗΤΡΙΟΣ   ΣΙΑ Ε.Ε. (999430031),367.04,,
ΨΤ2Ν4690ΒΩ-5Ψ7,2025-12-15,ΕΝΤΑΛΜΑ ΠΛΗΡΩΜΗΣ BOSTON SCIENTIFIC ΕΛΛΑΣ Α.Ε. (094474807),094474807,BOSTON SCIENTIFIC ΕΛΛΑΣ Α.Ε. (094474807),1062.2,,
Ψ5Θ14690ΒΩ-ΩΨΙ,2025-12-15,ΕΝΤΑΛΜΑ ΠΛΗΡΩΜΗΣ ΤΡΑΠΕΖΑ  EUROBANK AE (094014250),094014250,ΤΡΑΠΕΖΑ  EUROBANK AE (094014250),1.2,,
9Μ4Ξ4690ΒΩ-ΜΣΜ,2025-12-15,ΕΝΤΑΛΜΑ ΠΛΗΡΩΜΗΣ ΟΜΜΑ   ΛΑΪΤ  ΑΕ (094264251),094264251,ΟΜΜΑ   ΛΑΪΤ  ΑΕ (094264251),6780.0,,
93ΨΝ4690ΒΩ-ΞΧ3,2025-12-15,ΕΝΤΑΛΜΑ ΠΛΗΡΩΜΗΣ AEGLI MEDICAL OPTICS  A.Ε. (094429222),094429222,AEGLI MEDICAL OPTICS  A.Ε. (094429222),6780.0,,
6Μ194690ΒΩ-Ο1Α,2025-12-12,ΕΝΤΑΛΜΑ ΠΛΗΡΩΜΗΣ AEGLI MEDICAL OPTICS  A.Ε. (094429222),094429222,AEGLI MEDICAL OPTICS  A.Ε. (094429222),4260.1,,
6Ζ7Α4690ΒΩ-7ΩΓ,2025-12-15,ΕΝΤΑΛΜΑ ΠΛΗΡΩΜΗΣ MEDTRONIC HELLAS SA (094498111),094498111,MEDTRONIC HELLAS SA (094498111),25114.24,,
9ΤΨ04690ΒΩ-ΗΛΚ,2025-12-15,ΕΝΤΑΛΜΑ ΠΛΗΡΩΜΗΣ ΙΑΤΡΟΤΕΧΝΟΛΟΓΙΚΑ P.S.TEAM Ε.Π.Ε. (998465266),998465266,ΙΑΤΡΟΤΕΧΝΟΛΟΓΙΚΑ P.S.TEAM Ε.Π.Ε. (998465266),15653.58,,
9ΓΕ54690ΒΩ-ΔΤ0,2025-12-15,ΕΝΤΑΛΜΑ ΠΛΗΡΩΜΗΣ ΙΑΤΡΟΤΕΧΝΟΛΟΓΙΚΑ P.S.TEAM Ε.Π.Ε. (998465266),998465266,ΙΑΤΡΟΤΕΧΝΟΛΟΓΙΚΑ P.S.TEAM Ε.Π.Ε. (998465266),4071.32,,
Ψ76Ε4690ΒΩ-Ζ4Ι,2025-12-15,ΕΝΤΑΛΜΑ ΠΛΗΡΩΜΗΣ ZERONO Α.Ε. (998477820),998477820,ZERONO Α.Ε. (998477820),8202.6,,
65ΨΟ4690ΒΩ-ΑΤΞ,2025-12-15,ΕΝΤΑΛΜΑ ΠΛΗΡΩΜΗΣ ΙΑΚΩΒΙΔΗΣ Μ. Σ. ΕΛΛΑΣ Α.Ε. (095186426),095186426,ΙΑΚΩΒΙΔΗΣ Μ. Σ. ΕΛΛΑΣ Α.Ε. (095186426),617.52,,
6ΧΚΨ4690ΒΩ-ΤΧ9,2025-12-15,ΕΝΤΑΛΜΑ ΠΛΗΡΩΜΗΣ ΝΟΣΟΚΟΜΕΙΑΚΗ ΓΡΑΜΜΗ Α.Ε. HOSPITAL LINE (094396063),094396063,ΝΟΣΟΚΟΜΕΙΑΚΗ ΓΡΑΜΜΗ Α.Ε. HOSPITAL LINE (094396063),85.06,,
9Κ7Ρ4690ΒΩ-ΖΞΝ,2025-12-15,ΕΝΤΑΛΜΑ ΠΛΗΡΩΜΗΣ ΜΑΥΡΟΓΕΝΗΣ ΑΝΑΣΤΑΣΙΟΣ ΑΕ ΙΑΤΡΟΤΕΧΝΟΛΟΓΙΚΑ ΕΙΔΗ (082525697),082525697,ΜΑΥΡΟΓΕΝΗΣ ΑΝΑΣΤΑΣΙΟΣ ΑΕ ΙΑΤΡΟΤΕΧΝΟΛΟΓΙΚΑ ΕΙΔΗ (082525697),905.13,,
92Φ04690ΒΩ-Μ06,2025-12-15,ΕΝΤΑΛΜΑ ΠΛΗΡΩΜΗΣ ΓΕΝΙΚΗ ΧΕΙΡΟΥΡΓΙΚΗ' Ο.Ε. ΛΕΩΝ Δ. ΣΑΛΤΙΕΛ κ. ΥΙΟΙ (091538410),091538410,ΓΕΝΙΚΗ ΧΕΙΡΟΥΡΓΙΚΗ' Ο.Ε. ΛΕΩΝ Δ. ΣΑΛΤΙΕΛ κ. ΥΙΟΙ (091538410),305.1,,
6ΞΛΦ4690ΒΩ-ΛΙΛ,2025-12-15,ΕΝΤΑΛΜΑ ΠΛΗΡΩΜΗΣ Y LOGIMED Α.Ε (094446034),094446034,Y LOGIMED Α.Ε (094446034),16926.0,,
9Ι1Ρ4690ΒΩ-ΖΞ1,2025-12-08,ΕΝΤΑΛΜΑ ΠΛΗΡΩΜΗΣ ΚΟΠΕΡ Α.Ε. (094007897),094007897,ΚΟΠΕΡ Α.Ε. (094007897),3713.52,,
ΨΙΜ24690ΒΩ-ΠΕΙ,2025-12-15,ΕΝΤΑΛΜΑ ΠΛΗΡΩΜΗΣ ΙΑΜΕΞ  ΙΑΤΡΙΚΑ  ΕΙΔΗ  Α.Ε. (999212027),999212027,ΙΑΜΕΞ  ΙΑΤΡΙΚΑ  ΕΙΔΗ  Α.Ε. (999212027),4117.93,,
6ΓΩ64690ΒΩ-Η9Χ,2025-12-12,ΕΝΤΑΛΜΑ ΠΛΗΡΩΜΗΣ ΑΛΚΟΝ ΛΑΜΠΟΡΑΤΟΡΙΣ ΕΛΛΑΣ ΑΕΒΕ (094450895),094450895,ΑΛΚΟΝ ΛΑΜΠΟΡΑΤΟΡΙΣ ΕΛΛΑΣ ΑΕΒΕ (094450895),231.88,,
9ΡΦΘ4690ΒΩ-Β6Τ,2025-12-12,ΕΝΤΑΛΜΑ ΠΛΗΡΩΜΗΣ SIEMENS HEALTHINEERS ΕΛΛΑΣ ΜΟΝΟΠΡΟΣΩΠΗ Α.Ε. (094456875),094456875,SIEMENS HEALTHINEERS ΕΛΛΑΣ ΜΟΝΟΠΡΟΣΩΠΗ Α.Ε. (094456875),1738.4,,
93574690ΒΩ-5ΩΓ,2025-12-12,ΕΝΤΑΛΜΑ ΠΛΗΡΩΜΗΣ ΓΕΝΙΚΗ ΧΕΙΡΟΥΡΓΙΚΗ' Ο.Ε. ΛΕΩΝ Δ. ΣΑΛΤΙΕΛ κ. ΥΙΟΙ (091538410),091538410,ΓΕΝΙΚΗ ΧΕΙΡΟΥΡΓΙΚΗ' Ο.Ε. ΛΕΩΝ Δ. ΣΑΛΤΙΕΛ κ. ΥΙΟΙ (091538410),167.77,,
97ΦΣ4690ΒΩ-Ψ5Ω,2025-12-12,ΕΝΤΑΛΜΑ ΠΛΗΡΩΜΗΣ VISION MED HELLAS ΙΚΕ ΕΜΠΟΡ. ΑΝΤΙΠΡΟΣ. ΙΑΤΡ. ΜΗΧΑΝ. ΚΑΙ ΣΥΣΚΕΥΩΝ (800719006),800719006,VISION MED HELLAS ΙΚΕ ΕΜΠΟΡ. ΑΝΤΙΠΡΟΣ. ΙΑΤΡ. ΜΗΧΑΝ. ΚΑΙ ΣΥΣΚΕΥΩΝ (800719006),3100.0,,
6ΑΚ04690ΒΩ-4Θ9,2025-12-12,ΕΝΤΑΛΜΑ ΠΛΗΡΩΜΗΣ Y LOGIMED Α.Ε (094446034),094446034,Y LOGIMED Α.Ε (094446034),9105.93,,
9ΥΡ24690ΒΩ-Δ5Ι,2025-12-12,ΕΝΤΑΛΜΑ ΠΛΗΡΩΜΗΣ ΤΡΑΠΕΖΑ  EUROBANK AE (094014250),094014250,ΤΡΑΠΕΖΑ  EUROBANK AE (094014250),2.4,,
968Β4690ΒΩ-Γ27,2025-12-12,ΕΝΤΑΛΜΑ ΠΛΗΡΩΜΗΣ ORTHOPRO IKE (800544160),800544160,ORTHOPRO IKE (800544160),11327.46,,
ΨΠΡΞ4690ΒΩ-7ΣΝ,2025-12-15,ΕΝΤΑΛΜΑ ΠΛΗΡΩΜΗΣ MEDICARE HELLAS Α.Ε (095367968),095367968,MEDICARE HELLAS Α.Ε (095367968),1993.32,,
9ΙΧΨ4690ΒΩ-7ΙΜ,2025-12-12,ΕΝΤΑΛΜΑ ΠΛΗΡΩΜΗΣ ΑΝΤΙ-ΣΕΛ ΑΦΟΙ A.ΣΕΛΙΔΗ A.Ε. (091569759),091569759,ΑΝΤΙ-ΣΕΛ ΑΦΟΙ A.ΣΕΛΙΔΗ A.Ε. (091569759),7064.9,,
94ΘΛ4690ΒΩ-7ΛΥ,2025-12-12,ΕΝΤΑΛΜΑ ΠΛΗΡΩΜΗΣ CARESTREAM HEALTH HELLAS ΜΟΝ/ΠΗ Ε.Π.Ε. (998570797),998570797,CARESTREAM HEALTH HELLAS ΜΟΝ/ΠΗ Ε.Π.Ε. (998570797),13392.0,,
ΨΠΕ84690ΒΩ-30Η,2025-12-12,ΕΝΤΑΛΜΑ ΠΛΗΡΩΜΗΣ BIOGENESYS  Ι.Κ.Ε. (099805952),099805952,BIOGENESYS  Ι.Κ.Ε. (099805952),3705.27,,
9ΖΤ64690ΒΩ-Β20,2025-12-12,ΕΝΤΑΛΜΑ ΠΛΗΡΩΜΗΣ BIOGENESYS  Ι.Κ.Ε. (099805952),099805952,BIOGENESYS  Ι.Κ.Ε. (099805952),3037.44,,
9ΖΠΨ4690ΒΩ-7ΣΞ,2025-12-12,ΕΝΤΑΛΜΑ ΠΛΗΡΩΜΗΣ BIOGENESYS  Ι.Κ.Ε. (099805952),099805952,BIOGENESYS  Ι.Κ.Ε. (099805952),3037.44,,
Ψ9Χ34690ΒΩ-ΙΟΕ,2025-12-12,ΕΝΤΑΛΜΑ ΠΛΗΡΩΜΗΣ BIOGENESYS  Ι.Κ.Ε. (099805952),099805952,BIOGENESYS  Ι.Κ.Ε. (099805952),1695.0,,
ΨΨ0Ω4690ΒΩ-9ΓΖ,2025-12-12,ΕΝΤΑΛΜΑ ΠΛΗΡΩΜΗΣ ΤΡΑΠΕΖΑ  EUROBANK AE (094014250),094014250,ΤΡΑΠΕΖΑ  EUROBANK AE (094014250),2.4,,
637Δ4690ΒΩ-ΝΟΙ,2025-12-13,ΕΝΤΑΛΜΑ ΠΛΗΡΩΜΗΣ ΚΑΖΑΡΙΑΝ ΚΩΝΣΤΑΝΤΙΝΟΣ (061367978),061367978,ΚΑΖΑΡΙΑΝ ΚΩΝΣΤΑΝΤΙΝΟΣ (061367978),7117.6,,
ΨΩΥΒ4690ΒΩ-ΚΙ5,2025-12-13,ΕΝΤΑΛΜΑ ΠΛΗΡΩΜΗΣ ΥΙΟΙ ΕΥΘ. ΣΥΡΒΑΝΙΔΗ   Ο.Ε. (082903781),082903781,ΥΙΟΙ ΕΥΘ. ΣΥΡΒΑΝΙΔΗ   Ο.Ε. (082903781),373.9,,
6ΑΡΝ4690ΒΩ-ΩΨΠ,2025-12-13,ΕΝΤΑΛΜΑ ΠΛΗΡΩΜΗΣ ΕΝΟΡΑΣΙΣ Α.Ε. (094503580),094503580,ΕΝΟΡΑΣΙΣ Α.Ε. (094503580),15673.6,,
6Σ3Σ4690ΒΩ-ΤΡΧ,2025-12-13,ΕΝΤΑΛΜΑ ΠΛΗΡΩΜΗΣ ΚΟΥΚΟΥΣΕΛΗΣ ΑΝΑΣΤΑΣΙΟΣ ΜΟΝ. Ι.Κ.Ε. (800727737),800727737,ΚΟΥΚΟΥΣΕΛΗΣ ΑΝΑΣΤΑΣΙΟΣ ΜΟΝ. Ι.Κ.Ε. (800727737),401.15,,
ΨΣΡΜ4690ΒΩ-2ΤΜ,2025-12-13,ΕΝΤΑΛΜΑ ΠΛΗΡΩΜΗΣ ΜΑΥΡΟΥΔΗΣ Α.Ε. (997998085),997998085,ΜΑΥΡΟΥΔΗΣ Α.Ε. (997998085),69.66,,
9Κ0Μ4690ΒΩ-ΓΓΔ,2025-12-13,ΕΝΤΑΛΜΑ ΠΛΗΡΩΜΗΣ ΙΝΕΞ Α.Ε. (094356041),094356041,ΙΝΕΞ Α.Ε. (094356041),4375.68,,
9ΟΧΚ4690ΒΩ-ΑΤ5,2025-12-13,ΕΝΤΑΛΜΑ ΠΛΗΡΩΜΗΣ ΒΙΟΔΥΝΑΜΙΚΗ ΑΕ (094138676),094138676,ΒΙΟΔΥΝΑΜΙΚΗ ΑΕ (094138676),5774.52,,
ΨΚΘ04690ΒΩ-ΟΕ0,2025-12-13,ΕΝΤΑΛΜΑ ΠΛΗΡΩΜΗΣ ΒΙΟΠΡΟΜΗΘΕΥΤΙΚΗ ΜΟΝΟΠΡΟΣΩΠΗ  Ε.Π.Ε. (099007886),099007886,ΒΙΟΠΡΟΜΗΘΕΥΤΙΚΗ ΜΟΝΟΠΡΟΣΩΠΗ  Ε.Π.Ε. (099007886),900.38,,
ΨΘΛΖ4690ΒΩ-ΧΩΑ,2025-12-13,ΕΝΤΑΛΜΑ ΠΛΗΡΩΜΗΣ Α.ΔΕΡΒΟΣ-Γ.ΔΗΜΗΤΡΑΚΟΠΟΥΛΟΣ κ.ΣΙΑ Α.Ε. (099518023),099518023,Α.ΔΕΡΒΟΣ-Γ.ΔΗΜΗΤΡΑΚΟΠΟΥΛΟΣ κ.ΣΙΑ Α.Ε. (099518023),3380.24,,
9Δ8Γ4690ΒΩ-8ΟΟ,2025-12-12,ΕΝΤΑΛΜΑ ΠΛΗΡΩΜΗΣ ΑΓΚΦΑ-ΓΚΕΒΕΡΤ ΜΟΝ/ΠΗ ΑΕΒΕ (ΠΡΩΗΝ ΑΓΚΦΑ ΓΚΕΒΕΡΤ ΑΕΒΕ) (094025805),094025805,ΑΓΚΦΑ-ΓΚΕΒΕΡΤ ΜΟΝ/ΠΗ ΑΕΒΕ (ΠΡΩΗΝ ΑΓΚΦΑ ΓΚΕΒΕΡΤ ΑΕΒΕ) (094025805),14508.0,,
96ΞΩ4690ΒΩ-8ΓΡ,2025-12-12,ΕΝΤΑΛΜΑ ΠΛΗΡΩΜΗΣ HIPPOKRATIS  A.E. (801043454),801043454,HIPPOKRATIS  A.E. (801043454),5778.6,,
9Θ1Ζ4690ΒΩ-ΒΔ4,2025-12-12,ΕΝΤΑΛΜΑ ΠΛΗΡΩΜΗΣ ΤΡΑΠΕΖΑ  EUROBANK AE (094014250),094014250,ΤΡΑΠΕΖΑ  EUROBANK AE (094014250),4.0,,
61Ρ24690ΒΩ-01Υ,2025-12-12,ΕΝΤΑΛΜΑ ΠΛΗΡΩΜΗΣ ORTHOPRO IKE (800544160),800544160,ORTHOPRO IKE (800544160),7213.64,,
9ΩΘ34690ΒΩ-ΦΤ8,2025-12-12,ΕΝΤΑΛΜΑ ΠΛΗΡΩΜΗΣ ORTHOPRO IKE (800544160),800544160,ORTHOPRO IKE (800544160),8687.78,,
9Χ6Ω4690ΒΩ-ΘΚ3,2025-12-12,ΕΝΤΑΛΜΑ ΠΛΗΡΩΜΗΣ ORTHOPRO IKE (800544160),800544160,ORTHOPRO IKE (800544160),16910.08,,
9ΧΝ74690ΒΩ-Λ44,2025-12-12,ΕΝΤΑΛΜΑ ΠΛΗΡΩΜΗΣ ORTHOPRO IKE (800544160),800544160,ORTHOPRO IKE (800544160),6109.49,,
ΨΒΠΨ4690ΒΩ-7Η2,2025-12-12,ΕΝΤΑΛΜΑ ΠΛΗΡΩΜΗΣ ORTHOPRO IKE (800544160),800544160,ORTHOPRO IKE (800544160),13689.23,,
9ΧΘΒ4690ΒΩ-8Φ1,2025-12-12,ΕΝΤΑΛΜΑ ΠΛΗΡΩΜΗΣ HIPPOKRATIS  A.E. (801043454),801043454,HIPPOKRATIS  A.E. (801043454),8164.0,,
ΨΡΖΔ4690ΒΩ-Ζ4Μ,2025-12-15,ΕΝΤΑΛΜΑ ΠΛΗΡΩΜΗΣ PAUL HARTMANN HELLAS AE (999862491),999862491,PAUL HARTMANN HELLAS AE (999862491),2777.6,,
ΨΠ2Ζ4690ΒΩ-ΡΞ8,2025-12-15,ΕΝΤΑΛΜΑ ΠΛΗΡΩΜΗΣ ΑΦΟΙ ΠΑΠΑΝΑΣΤΑΣΙΟΥ ΟΕ (081308853),081308853,ΑΦΟΙ ΠΑΠΑΝΑΣΤΑΣΙΟΥ ΟΕ (081308853),639.84,,
ΨΨ2Ν4690ΒΩ-ΠΩ9,2025-12-13,ΕΝΤΑΛΜΑ ΠΛΗΡΩΜΗΣ V L VIOLAK INTERNATIONAL   A.E. (099370337),099370337,V L VIOLAK INTERNATIONAL   A.E. (099370337),868.93,,
ΨΥΒΧ4690ΒΩ-Ν50,2025-12-13,ΕΝΤΑΛΜΑ ΠΛΗΡΩΜΗΣ ΥΓΕΙΟΔΥΝΑΜΙΚΗ Α.Ε. ΙΑΤΡΙΚΩΝ ΕΦΟΔΙΩΝ (997672386),997672386,ΥΓΕΙΟΔΥΝΑΜΙΚΗ Α.Ε. ΙΑΤΡΙΚΩΝ ΕΦΟΔΙΩΝ (997672386),1412.36,,
605Ι4690ΒΩ-536,2025-12-13,ΕΝΤΑΛΜΑ ΠΛΗΡΩΜΗΣ MEDIPRIME ΙΑΤΡΟΦΑΡΜ.ΕΙΔΩΝ Α.Ε.Ε. (998283526),998283526,MEDIPRIME ΙΑΤΡΟΦΑΡΜ.ΕΙΔΩΝ Α.Ε.Ε. (998283526),8013.6,,
Ψ67Ξ4690ΒΩ-5ΥΠ,2025-12-13,ΕΝΤΑΛΜΑ ΠΛΗΡΩΜΗΣ ΠΑΠΑΕΛΛΗΝΑΣ  Α. ΚΩΣΤΑΣ (ΕΛΛΑΣ) Α.Ε.Β.Ε. (094075360),094075360,ΠΑΠΑΕΛΛΗΝΑΣ  Α. ΚΩΣΤΑΣ (ΕΛΛΑΣ) Α.Ε.Β.Ε. (094075360),3199.2,,
ΨΔΞ64690ΒΩ-20Ξ,2025-12-13,ΕΝΤΑΛΜΑ ΠΛΗΡΩΜΗΣ ΠΗΓΑΣΟΣ ΙΑΤΡΙΚΟΣ ΚΑΙ ΕΠΙΣΤΗΜΟΝΙΚΟΣ ΕΞΟΠΛΙΣΜΟΣ Α.Ε. (800738217),800738217,ΠΗΓΑΣΟΣ ΙΑΤΡΙΚΟΣ ΚΑΙ ΕΠΙΣΤΗΜΟΝΙΚΟΣ ΕΞΟΠΛΙΣΜΟΣ Α.Ε. (800738217),3255.0,,
6Α3Κ4690ΒΩ-ΥΝΘ,2025-12-13,ΕΝΤΑΛΜΑ ΠΛΗΡΩΜΗΣ ΠΗΓΑΣΟΣ ΙΑΤΡΙΚΟΣ ΚΑΙ ΕΠΙΣΤΗΜΟΝΙΚΟΣ ΕΞΟΠΛΙΣΜΟΣ Α.Ε. (800738217),800738217,ΠΗΓΑΣΟΣ ΙΑΤΡΙΚΟΣ ΚΑΙ ΕΠΙΣΤΗΜΟΝΙΚΟΣ ΕΞΟΠΛΙΣΜΟΣ Α.Ε. (800738217),6440.56,,
9ΓΣΣ4690ΒΩ-6ΥΛ,2025-12-15,ΕΝΤΑΛΜΑ ΠΛΗΡΩΜΗΣ ΚΟΠΕΡ Α.Ε. (094007897),094007897,ΚΟΠΕΡ Α.Ε. (094007897),5609.24,,
9ΞΩΜ4690ΒΩ-Λ6Θ,2025-12-15,ΕΝΤΑΛΜΑ ΠΛΗΡΩΜΗΣ ΚΑΛΤΕΚ ΑΕ ΕΜΠΟΡΙΑ ΙΑΤΡΙΚΩΝ ΕΙΔΩΝ ΚΑΙ ΠΡΟΙΟΝΤΩΝ ΚΑΙ ΜΗΧΑΝΗΜΑΤΩΝ  ΑΝΩΝΥΜΗ ΕΤΑΙΡΕΙΑ (999307110),999307110,ΚΑΛΤΕΚ ΑΕ ΕΜΠΟΡΙΑ ΙΑΤΡΙΚΩΝ ΕΙΔΩΝ ΚΑΙ ΠΡΟΙΟΝΤΩΝ ΚΑΙ ΜΗΧΑΝΗΜΑΤΩΝ  ΑΝΩΝΥΜΗ ΕΤΑΙΡΕΙΑ (999307110),5392.68,,
ΨΚΣ54690ΒΩ-ΒΩ7,2025-12-15,ΕΝΤΑΛΜΑ ΠΛΗΡΩΜΗΣ ΙΑΤΡΟΤΕΧΝΟΛΟΓΙΚΑ P.S.TEAM Ε.Π.Ε. (998465266),998465266,ΙΑΤΡΟΤΕΧΝΟΛΟΓΙΚΑ P.S.TEAM Ε.Π.Ε. (998465266),5585.52,,
62824690ΒΩ-ΛΗΔ,2025-12-15,ΕΝΤΑΛΜΑ ΠΛΗΡΩΜΗΣ ΙΑΤΡΟΤΕΧΝΟΛΟΓΙΚΑ P.S.TEAM Ε.Π.Ε. (998465266),998465266,ΙΑΤΡΟΤΕΧΝΟΛΟΓΙΚΑ P.S.TEAM Ε.Π.Ε. (998465266),16331.58,,
6Ζ204690ΒΩ-ΡΑ4,2025-12-15,ΕΝΤΑΛΜΑ ΠΛΗΡΩΜΗΣ MEDICARE HELLAS Α.Ε (095367968),095367968,MEDICARE HELLAS Α.Ε (095367968),960.5,,
61Α34690ΒΩ-64Ψ,2025-12-15,ΕΝΤΑΛΜΑ ΠΛΗΡΩΜΗΣ ΒΕΡΜΑ ΝΤΡΑΓΚΣ Α.Β.Ε.Ε. (099363426),099363426,ΒΕΡΜΑ ΝΤΡΑΓΚΣ Α.Β.Ε.Ε. (099363426),6410.88,,
Ψ1ΖΤ4690ΒΩ-2ΞΞ,2025-12-15,ΕΝΤΑΛΜΑ ΠΛΗΡΩΜΗΣ LERIVA AE (997985840),997985840,LERIVA AE (997985840),14999.04,,
9ΟΟΕ4690ΒΩ-ΘΑΔ,2025-12-15,ΕΝΤΑΛΜΑ ΠΛΗΡΩΜΗΣ ΕΝΟΡΑΣΙΣ Α.Ε. (094503580),094503580,ΕΝΟΡΑΣΙΣ Α.Ε. (094503580),6430.64,,
9ΣΟΤ4690ΒΩ-5ΡΤ,2025-12-15,ΕΝΤΑΛΜΑ ΠΛΗΡΩΜΗΣ V L VIOLAK INTERNATIONAL   A.E. (099370337),099370337,V L VIOLAK INTERNATIONAL   A.E. (099370337),1445.5,,
9Τ2Δ4690ΒΩ-Ω4Β,2025-12-15,ΕΝΤΑΛΜΑ ΠΛΗΡΩΜΗΣ MEDTRONIC HELLAS SA (094498111),094498111,MEDTRONIC HELLAS SA (094498111),186.0,,
9ΔΡΣ4690ΒΩ-ΗΩΘ,2025-12-13,ΕΝΤΑΛΜΑ ΠΛΗΡΩΜΗΣ ΚΟΣΜΙΔΗΣ  ΧΑΡ. ΠΕΤΡΟΣ     ΣΙΑ  Ε.Ε. (999685389),999685389,ΚΟΣΜΙΔΗΣ  ΧΑΡ. ΠΕΤΡΟΣ     ΣΙΑ  Ε.Ε. (999685389),6514.28,,
603Φ4690ΒΩ-1ΥΡ,2025-12-13,ΕΝΤΑΛΜΑ ΠΛΗΡΩΜΗΣ MEDIC PLAN HEALTH PROJECT IKE (999961120),999961120,MEDIC PLAN HEALTH PROJECT IKE (999961120),4464.0,,
6Σ2Φ4690ΒΩ-ΑΝΨ,2025-12-13,ΕΝΤΑΛΜΑ ΠΛΗΡΩΜΗΣ ΓΕΡΜΑΝΟΣ ΞΕΝΟΦΩΝ ΑΕΕ (094326835),094326835,ΓΕΡΜΑΝΟΣ ΞΕΝΟΦΩΝ ΑΕΕ (094326835),2983.2,,
ΨΦΒΑ4690ΒΩ-ΚΟΙ,2025-12-13,ΕΝΤΑΛΜΑ ΠΛΗΡΩΜΗΣ V L VIOLAK INTERNATIONAL   A.E. (099370337),099370337,V L VIOLAK INTERNATIONAL   A.E. (099370337),1919.76,,
97Α94690ΒΩ-Γ0Ρ,2025-12-13,ΕΝΤΑΛΜΑ ΠΛΗΡΩΜΗΣ ΓΕΝΙΚΗ ΧΗΜΙΚΩΝ ΠΡΟΙΟΝΤΩΝ Α.Ε. (094133588),094133588,ΓΕΝΙΚΗ ΧΗΜΙΚΩΝ ΠΡΟΙΟΝΤΩΝ Α.Ε. (094133588),7100.72,,
ΨΘΣΧ4690ΒΩ-76Β,2025-12-13,ΕΝΤΑΛΜΑ ΠΛΗΡΩΜΗΣ ΙΝΕΞ Α.Ε. (094356041),094356041,ΙΝΕΞ Α.Ε. (094356041),7292.8,,
91ΡΣ4690ΒΩ-ΡΤΞ,2025-12-13,ΕΝΤΑΛΜΑ ΠΛΗΡΩΜΗΣ ΚΟΣΜΙΔΗΣ  ΧΑΡ. ΠΕΤΡΟΣ     ΣΙΑ  Ε.Ε. (999685389),999685389,ΚΟΣΜΙΔΗΣ  ΧΑΡ. ΠΕΤΡΟΣ     ΣΙΑ  Ε.Ε. (999685389),1558.23,,
6ΜΤΔ4690ΒΩ-ΠΚΡ,2025-12-15,ΕΝΤΑΛΜΑ ΠΛΗΡΩΜΗΣ MEDICARE HELLAS Α.Ε (095367968),095367968,MEDICARE HELLAS Α.Ε (095367968),2305.2,,
Ρ6Α44690ΒΩ-34Ρ,2025-12-15,ΕΝΤΑΛΜΑ ΠΛΗΡΩΜΗΣ DEVELOPED MEDICAL PRODUCTS SERVICES  LTD (998333221),998333221,DEVELOPED MEDICAL PRODUCTS SERVICES  LTD (998333221),3758.38,,
6Α7Ρ4690ΒΩ-ΦΗΩ,2025-12-11,ΕΝΤΑΛΜΑ ΠΛΗΡΩΜΗΣ CLINILAB  Α.   Ε. ΜΠΕΚΥΡΑΣ Α.Ε (095548153),095548153,CLINILAB  Α.   Ε. ΜΠΕΚΥΡΑΣ Α.Ε (095548153),18117.35,,
ΨΟΗΜ4690ΒΩ-ΞΚ3,2025-12-11,ΕΝΤΑΛΜΑ ΠΛΗΡΩΜΗΣ MEDIPLAT ΕΠΕ (800500360),800500360,MEDIPLAT ΕΠΕ (800500360),10310.47,,
ΨΒ404690ΒΩ-64Δ,2025-12-11,ΕΝΤΑΛΜΑ ΠΛΗΡΩΜΗΣ ΔΕΡΚΑ  ΙΑΤΡΙΚΑ Ε.Π.Ε. (999687125),999687125,ΔΕΡΚΑ  ΙΑΤΡΙΚΑ Ε.Π.Ε. (999687125),1835.2,,
ΡΨ5Ν4690ΒΩ-ΑΓΑ,2025-12-11,ΕΝΤΑΛΜΑ ΠΛΗΡΩΜΗΣ ΑΡΝΑΟΥΤΗΣ ΠΑΥΛΟΣ Α.Ε (094178060),094178060,ΑΡΝΑΟΥΤΗΣ ΠΑΥΛΟΣ Α.Ε (094178060),1734.16,,
ΡΞΣΚ4690ΒΩ-8ΗΗ,2025-12-11,ΕΝΤΑΛΜΑ ΠΛΗΡΩΜΗΣ Δ.ΑΛΕΞΙΟΥ-Ν. ΧΑΛΑΣΤΑΡΑΣ Ο.Ε (084082828),084082828,Δ.ΑΛΕΞΙΟΥ-Ν. ΧΑΛΑΣΤΑΡΑΣ Ο.Ε (084082828),744.0,,
ΡΜΘΛ4690ΒΩ-ΚΥΚ,2025-12-11,ΕΝΤΑΛΜΑ ΠΛΗΡΩΜΗΣ BIOKON ΙΑΤΡΙΚΑ   ΒΙΟΤΕΧ/ΚΑ ΠΡΟΙΟΝΤΑ ΕΠΕ (999656321),999656321,BIOKON ΙΑΤΡΙΚΑ   ΒΙΟΤΕΧ/ΚΑ ΠΡΟΙΟΝΤΑ ΕΠΕ (999656321),1354.05,,
Ψ3ΘΔ4690ΒΩ-ΕΡΖ,2025-12-11,ΕΝΤΑΛΜΑ ΠΛΗΡΩΜΗΣ BIOKON ΙΑΤΡΙΚΑ   ΒΙΟΤΕΧ/ΚΑ ΠΡΟΙΟΝΤΑ ΕΠΕ (999656321),999656321,BIOKON ΙΑΤΡΙΚΑ   ΒΙΟΤΕΧ/ΚΑ ΠΡΟΙΟΝΤΑ ΕΠΕ (999656321),206.7,,
ΡΒΡΟ4690ΒΩ-ΒΒΥ,2025-12-11,ΕΝΤΑΛΜΑ ΠΛΗΡΩΜΗΣ BIOKON ΙΑΤΡΙΚΑ   ΒΙΟΤΕΧ/ΚΑ ΠΡΟΙΟΝΤΑ ΕΠΕ (999656321),999656321,BIOKON ΙΑΤΡΙΚΑ   ΒΙΟΤΕΧ/ΚΑ ΠΡΟΙΟΝΤΑ ΕΠΕ (999656321),127.2,,
ΡΠΜ64690ΒΩ-ΦΔ0,2025-12-11,ΕΝΤΑΛΜΑ ΠΛΗΡΩΜΗΣ ΒΥΖΑΣ ΑΝΩΝ. ΕΜΠΟΡΙΚΗ ΕΤΑΙΡΕΙΑ (094289349),094289349,ΒΥΖΑΣ ΑΝΩΝ. ΕΜΠΟΡΙΚΗ ΕΤΑΙΡΕΙΑ (094289349),829.45,,
ΨΣ5Ψ4690ΒΩ-ΧΜΩ,2025-12-11,ΕΝΤΑΛΜΑ ΠΛΗΡΩΜΗΣ ΒΙΟΠΡΟΜΗΘΕΥΤΙΚΗ ΜΟΝΟΠΡΟΣΩΠΗ  Ε.Π.Ε. (099007886),099007886,ΒΙΟΠΡΟΜΗΘΕΥΤΙΚΗ ΜΟΝΟΠΡΟΣΩΠΗ  Ε.Π.Ε. (099007886),69.44,,
ΡΟ5Η4690ΒΩ-ΨΧΠ,2025-12-11,ΕΝΤΑΛΜΑ ΠΛΗΡΩΜΗΣ ΓΕΝΙΚΗ ΧΗΜΙΚΩΝ ΠΡΟΙΟΝΤΩΝ Α.Ε. (094133588),094133588,ΓΕΝΙΚΗ ΧΗΜΙΚΩΝ ΠΡΟΙΟΝΤΩΝ Α.Ε. (094133588),2965.38,,
60ΞΠ4690ΒΩ-ΓΓΝ,2025-12-13,ΕΝΤΑΛΜΑ ΠΛΗΡΩΜΗΣ ΑΛΚΟΝ ΛΑΜΠΟΡΑΤΟΡΙΣ ΕΛΛΑΣ ΑΕΒΕ (094450895),094450895,ΑΛΚΟΝ ΛΑΜΠΟΡΑΤΟΡΙΣ ΕΛΛΑΣ ΑΕΒΕ (094450895),5669.28,,
ΕΘΩΝ4690ΒΩ-9Η7,2025-12-10,ΕΝΤΑΛΜΑ ΠΛΗΡΩΜΗΣ ΚΑΡΕΚΛΙΔΗΣ Γ.ΑΡΧΙΜΗΔΗΣ (130456160),130456160,ΚΑΡΕΚΛΙΔΗΣ Γ.ΑΡΧΙΜΗΔΗΣ (130456160),957.28,,
9ΚΓΥ4690ΒΩ-ΔΕΜ,2025-12-10,ΕΝΤΑΛΜΑ ΠΛΗΡΩΜΗΣ ΜΟΝΟΤΥΠΙΑ ΜΟΝΟΠΡΟΣΩΠΗ ΙΚΕ (801818159),801818159,ΜΟΝΟΤΥΠΙΑ ΜΟΝΟΠΡΟΣΩΠΗ ΙΚΕ (801818159),870.23,,
9ΝΨΦ4690ΒΩ-ΚΧΒ,2025-12-10,ΕΝΤΑΛΜΑ ΠΛΗΡΩΜΗΣ ΤΣΙΝΤΣΙΝΗ Γ.ΠΑΡΑΣΚΕΥΗ(ΜΑΓΝΗΤΗΣ) (047057290),047057290,ΤΣΙΝΤΣΙΝΗ Γ.ΠΑΡΑΣΚΕΥΗ(ΜΑΓΝΗΤΗΣ) (047057290),316.2,,
Ρ3ΞΘ4690ΒΩ-ΦΙΚ,2025-12-11,ΕΝΤΑΛΜΑ ΠΛΗΡΩΜΗΣ ΕΛΛΕΝΚΟ ΑΕ (094074824),094074824,ΕΛΛΕΝΚΟ ΑΕ (094074824),727.88,,
9Η284690ΒΩ-ΤΗΑ,2025-12-12,ΕΝΤΑΛΜΑ ΠΛΗΡΩΜΗΣ MEDICAL MPARKA Μ.Ι.Κ.Ε (800530387),800530387,MEDICAL MPARKA Μ.Ι.Κ.Ε (800530387),7622.87,,
ΡΥ784690ΒΩ-92Λ,2025-12-12,ΕΝΤΑΛΜΑ ΠΛΗΡΩΜΗΣ ΓΕΡΜΑΝΟΣ ΞΕΝΟΦΩΝ ΑΕΕ (094326835),094326835,ΓΕΡΜΑΝΟΣ ΞΕΝΟΦΩΝ ΑΕΕ (094326835),1345.15,,
ΡΥ9Ζ4690ΒΩ-3ΞΣ,2025-12-12,ΕΝΤΑΛΜΑ ΠΛΗΡΩΜΗΣ ΑΡΗΤΗ Α.Ε (094251753),094251753,ΑΡΗΤΗ Α.Ε (094251753),11575.2,,
ΡΜ1Φ4690ΒΩ-ΧΟ7,2025-12-12,ΕΝΤΑΛΜΑ ΠΛΗΡΩΜΗΣ INSIDE MEDICAL ΜΟΝΟΠΡΟΣΩΠΗ Ι.Κ.Ε. (800777790),800777790,INSIDE MEDICAL ΜΟΝΟΠΡΟΣΩΠΗ Ι.Κ.Ε. (800777790),3335.6,,
ΡΖΤ44690ΒΩ-Α1Ψ,2025-12-12,ΕΝΤΑΛΜΑ ΠΛΗΡΩΜΗΣ ΙΑΜΕΞ  ΙΑΤΡΙΚΑ  ΕΙΔΗ  Α.Ε. (999212027),999212027,ΙΑΜΕΞ  ΙΑΤΡΙΚΑ  ΕΙΔΗ  Α.Ε. (999212027),3368.53,,
9Σ884690ΒΩ-1Ο3,2025-12-12,ΕΝΤΑΛΜΑ ΠΛΗΡΩΜΗΣ ΙΑΜΕΞ  ΙΑΤΡΙΚΑ  ΕΙΔΗ  Α.Ε. (999212027),999212027,ΙΑΜΕΞ  ΙΑΤΡΙΚΑ  ΕΙΔΗ  Α.Ε. (999212027),2994.5,,
ΡΜΠΕ4690ΒΩ-ΣΘ8,2025-12-11,ΕΝΤΑΛΜΑ ΠΛΗΡΩΜΗΣ ΜΑΥΡΟΓΕΝΗΣ ΑΝΑΣΤΑΣΙΟΣ ΑΕ ΙΑΤΡΟΤΕΧΝΟΛΟΓΙΚΑ ΕΙΔΗ (082525697),082525697,ΜΑΥΡΟΓΕΝΗΣ ΑΝΑΣΤΑΣΙΟΣ ΑΕ ΙΑΤΡΟΤΕΧΝΟΛΟΓΙΚΑ ΕΙΔΗ (082525697),884.0,,
Ε2ΝΤ4690ΒΩ-Σ0Ι,2025-12-15,ΕΝΤΑΛΜΑ ΠΛΗΡΩΜΗΣ DENOVO  ΜΟΝΟΠΡΟΣΩΠΗ    Ι.Κ.Ε. (800642060),800642060,DENOVO  ΜΟΝΟΠΡΟΣΩΠΗ    Ι.Κ.Ε. (800642060),852.48,,
ΡΜΜ04690ΒΩ-70Λ,2025-12-12,ΕΝΤΑΛΜΑ ΠΛΗΡΩΜΗΣ PAUL HARTMANN HELLAS AE (999862491),999862491,PAUL HARTMANN HELLAS AE (999862491),3312.04,,
ΨΞ504690ΒΩ-ΞΔΔ,2025-12-15,ΕΝΤΑΛΜΑ ΠΛΗΡΩΜΗΣ ΚΟΠΕΡ Α.Ε. (094007897),094007897,ΚΟΠΕΡ Α.Ε. (094007897),4138.38,,
ΡΨΗΝ4690ΒΩ-6ΛΕ,2025-12-15,ΕΝΤΑΛΜΑ ΠΛΗΡΩΜΗΣ ΚΟΠΕΡ Α.Ε. (094007897),094007897,ΚΟΠΕΡ Α.Ε. (094007897),4941.35,,
6ΓΧΤ4690ΒΩ-0ΞΙ,2025-12-15,ΕΝΤΑΛΜΑ ΠΛΗΡΩΜΗΣ ΚΟΠΕΡ Α.Ε. (094007897),094007897,ΚΟΠΕΡ Α.Ε. (094007897),4771.83,,
94ΨΒ4690ΒΩ-ΙΝ3,2025-12-15,ΕΝΤΑΛΜΑ ΠΛΗΡΩΜΗΣ ΕΝΟΡΑΣΙΣ Α.Ε. (094503580),094503580,ΕΝΟΡΑΣΙΣ Α.Ε. (094503580),6820.0,,
ΡΙ2Χ4690ΒΩ-Ο5Φ,2025-12-11,ΕΝΤΑΛΜΑ ΠΛΗΡΩΜΗΣ ΜΑΥΡΟΓΕΝΗΣ ΑΝΑΣΤΑΣΙΟΣ ΑΕ ΙΑΤΡΟΤΕΧΝΟΛΟΓΙΚΑ ΕΙΔΗ (082525697),082525697,ΜΑΥΡΟΓΕΝΗΣ ΑΝΑΣΤΑΣΙΟΣ ΑΕ ΙΑΤΡΟΤΕΧΝΟΛΟΓΙΚΑ ΕΙΔΗ (082525697),5352.83,,
Ρ6ΕΓ4690ΒΩ-ΦΩΓ,2025-12-12,ΕΝΤΑΛΜΑ ΠΛΗΡΩΜΗΣ ΚΟΠΕΡ Α.Ε. (094007897),094007897,ΚΟΠΕΡ Α.Ε. (094007897),7333.7,,
ΕΒ0Β4690ΒΩ-84Χ,2025-12-12,ΕΝΤΑΛΜΑ ΠΛΗΡΩΜΗΣ ΠΡΩΤΟΝ A.E. (094442268),094442268,ΠΡΩΤΟΝ A.E. (094442268),16814.4,,
Ρ9844690ΒΩ-ΧΗ4,2025-12-11,ΕΝΤΑΛΜΑ ΠΛΗΡΩΜΗΣ ΜΑΥΡΟΓΕΝΗΣ ΑΝΑΣΤΑΣΙΟΣ ΑΕ ΙΑΤΡΟΤΕΧΝΟΛΟΓΙΚΑ ΕΙΔΗ (082525697),082525697,ΜΑΥΡΟΓΕΝΗΣ ΑΝΑΣΤΑΣΙΟΣ ΑΕ ΙΑΤΡΟΤΕΧΝΟΛΟΓΙΚΑ ΕΙΔΗ (082525697),9486.0,,
ΕΚΘΠ4690ΒΩ-ΠΒΤ,2025-12-11,ΕΝΤΑΛΜΑ ΠΛΗΡΩΜΗΣ ΜΑΥΡΟΓΕΝΗΣ ΑΝΑΣΤΑΣΙΟΣ ΑΕ ΙΑΤΡΟΤΕΧΝΟΛΟΓΙΚΑ ΕΙΔΗ (082525697),082525697,ΜΑΥΡΟΓΕΝΗΣ ΑΝΑΣΤΑΣΙΟΣ ΑΕ ΙΑΤΡΟΤΕΧΝΟΛΟΓΙΚΑ ΕΙΔΗ (082525697),63212.17,,
6ΥΝΛ4690ΒΩ-ΠΔΣ,2025-12-11,ΕΝΤΑΛΜΑ ΠΛΗΡΩΜΗΣ MEDICARE HELLAS Α.Ε (095367968),095367968,MEDICARE HELLAS Α.Ε (095367968),13280.4,,
9ΔΘΧ4690ΒΩ-3ΡΕ,2025-12-11,ΕΝΤΑΛΜΑ ΠΛΗΡΩΜΗΣ MEDICARE HELLAS Α.Ε (095367968),095367968,MEDICARE HELLAS Α.Ε (095367968),4135.4,,
6ΥΤΞ4690ΒΩ-ΧΣ1,2025-12-11,ΕΝΤΑΛΜΑ ΠΛΗΡΩΜΗΣ Y LOGIMED Α.Ε (094446034),094446034,Y LOGIMED Α.Ε (094446034),4241.74,,
ΨΣΒ54690ΒΩ-ΣΔ0,2025-12-10,ΕΝΤΑΛΜΑ ΠΛΗΡΩΜΗΣ ΙΝΕΞ Α.Ε. (094356041),094356041,ΙΝΕΞ Α.Ε. (094356041),1265.6,,
ΡΠΕΛ4690ΒΩ-Τ34,2025-12-10,ΕΝΤΑΛΜΑ ΠΛΗΡΩΜΗΣ ΑΚΑΗΑΙ-Γ.ΚΟΥΝΤΟΥΡΟΓΛΟΥ   ΣΙΑ ΕΕ (998856960),998856960,ΑΚΑΗΑΙ-Γ.ΚΟΥΝΤΟΥΡΟΓΛΟΥ   ΣΙΑ ΕΕ (998856960),666.7,,
ΨΓΠΙ4690ΒΩ-ΦΝΗ,2025-12-11,ΕΝΤΑΛΜΑ ΠΛΗΡΩΜΗΣ ΤΡΑΠΕΖΑ  EUROBANK AE (094014250),094014250,ΤΡΑΠΕΖΑ  EUROBANK AE (094014250),1.2,,
6ΦΓΘ4690ΒΩ-ΔΓ7,2025-12-11,ΕΝΤΑΛΜΑ ΠΛΗΡΩΜΗΣ PROGNOSIS BIOTECH ΑΝΩΝΥΜΗ ΕΤΑΙΡΕΙΑ (997845150),997845150,PROGNOSIS BIOTECH ΑΝΩΝΥΜΗ ΕΤΑΙΡΕΙΑ (997845150),3694.1,,
ΕΟΗ74690ΒΩ-02Ο,2025-12-11,ΕΝΤΑΛΜΑ ΠΛΗΡΩΜΗΣ ΚΥΡΙΑΚΙΔΗΣ Ι.Μ. Α.Ε. (094128820),094128820,ΚΥΡΙΑΚΙΔΗΣ Ι.Μ. Α.Ε. (094128820),1609.87,,
6Ι124690ΒΩ-4ΡΝ,2025-12-12,ΕΝΤΑΛΜΑ ΠΛΗΡΩΜΗΣ MILONAS HEALTH A.E (998179225),998179225,MILONAS HEALTH A.E (998179225),3160.14,,
Ψ5ΨΙ4690ΒΩ-Κ38,2025-12-12,ΕΝΤΑΛΜΑ ΠΛΗΡΩΜΗΣ ESCO ΚΩΣΤΟΠΟΥΛΟΣ-ΤΣΙΜΠΡΗ ΒΑΣΙΛ. ΣΙΑ ΕΕ (999333810),999333810,ESCO ΚΩΣΤΟΠΟΥΛΟΣ-ΤΣΙΜΠΡΗ ΒΑΣΙΛ. ΣΙΑ ΕΕ (999333810),7314.0,,
ΨΜΤΣ4690ΒΩ-Β2Τ,2025-12-12,ΕΝΤΑΛΜΑ ΠΛΗΡΩΜΗΣ ΑΛΚΟΝ ΛΑΜΠΟΡΑΤΟΡΙΣ ΕΛΛΑΣ ΑΕΒΕ (094450895),094450895,ΑΛΚΟΝ ΛΑΜΠΟΡΑΤΟΡΙΣ ΕΛΛΑΣ ΑΕΒΕ (094450895),8667.6,,
Ψ73Η4690ΒΩ-Α6Β,2025-12-11,ΕΝΤΑΛΜΑ ΠΛΗΡΩΜΗΣ MEDTRONIC HELLAS SA (094498111),094498111,MEDTRONIC HELLAS SA (094498111),6448.0,,
ΡΦΑΚ4690ΒΩ-8ΥΩ,2025-12-11,ΕΝΤΑΛΜΑ ΠΛΗΡΩΜΗΣ CARESTREAM HEALTH HELLAS ΜΟΝ/ΠΗ Ε.Π.Ε. (998570797),998570797,CARESTREAM HEALTH HELLAS ΜΟΝ/ΠΗ Ε.Π.Ε. (998570797),20026.0,,
ΨΖΜΦ4690ΒΩ-1ΨΧ,2025-12-10,ΕΝΤΑΛΜΑ ΠΛΗΡΩΜΗΣ BIOKON ΙΑΤΡΙΚΑ   ΒΙΟΤΕΧ/ΚΑ ΠΡΟΙΟΝΤΑ ΕΠΕ (999656321),999656321,BIOKON ΙΑΤΡΙΚΑ   ΒΙΟΤΕΧ/ΚΑ ΠΡΟΙΟΝΤΑ ΕΠΕ (999656321),426.65,,
ΡΖ8Σ4690ΒΩ-Ν51,2025-12-12,ΕΝΤΑΛΜΑ ΠΛΗΡΩΜΗΣ ΒΙΟΣΕΡ Α.Ε. (094035927),094035927,ΒΙΟΣΕΡ Α.Ε. (094035927),5229.64,,
936Φ4690ΒΩ-751,2025-12-12,ΕΝΤΑΛΜΑ ΠΛΗΡΩΜΗΣ ΙΑΚΩΒΙΔΗΣ Μ. Σ. ΕΛΛΑΣ Α.Ε. (095186426),095186426,ΙΑΚΩΒΙΔΗΣ Μ. Σ. ΕΛΛΑΣ Α.Ε. (095186426),3265.2,,
ΡΟΒΜ4690ΒΩ-ΦΙ5,2025-12-12,ΕΝΤΑΛΜΑ ΠΛΗΡΩΜΗΣ TELEFLEX MEDICAL ΕΛΛΑΣ (ARROW HELLAS AEE) (094429990),094429990,TELEFLEX MEDICAL ΕΛΛΑΣ (ARROW HELLAS AEE) (094429990),3593.4,,
9Θ1Μ4690ΒΩ-ΓΕΘ,2025-12-11,ΕΝΤΑΛΜΑ ΠΛΗΡΩΜΗΣ INNOVIS MEDICAL DEVICES ΜΑΕ (801944625),801944625,INNOVIS MEDICAL DEVICES ΜΑΕ (801944625),2486.0,,
ΕΦ0Η4690ΒΩ-ΕΕ7,2025-12-12,ΕΝΤΑΛΜΑ ΠΛΗΡΩΜΗΣ MENARINI ΔΙΑΓΝΩΣΤΙΚΑ-ΙΑΤΡ.ΟΡΓΑΝΑ ΑΕΒΕ (094322455),094322455,MENARINI ΔΙΑΓΝΩΣΤΙΚΑ-ΙΑΤΡ.ΟΡΓΑΝΑ ΑΕΒΕ (094322455),11130.0,,
96Ζ14690ΒΩ-2ΒΨ,2025-12-12,ΕΝΤΑΛΜΑ ΠΛΗΡΩΜΗΣ ΑΡΗΣ  ΜΑΝΤΖΩΡΟΣ ΑΕΕ (094464316),094464316,ΑΡΗΣ  ΜΑΝΤΖΩΡΟΣ ΑΕΕ (094464316),5851.2,,
9Ψ7Δ4690ΒΩ-ΠΧΚ,2025-12-12,ΕΝΤΑΛΜΑ ΠΛΗΡΩΜΗΣ DUCASCO ΔΟΥPΜΟΥΣΟΓΛΟΥ α.ε.β.ε (999640490),999640490,DUCASCO ΔΟΥPΜΟΥΣΟΓΛΟΥ α.ε.β.ε (999640490),587.04,,
Ρ2ΡΡ4690ΒΩ-ΡΒΡ,2025-12-11,ΕΝΤΑΛΜΑ ΠΛΗΡΩΜΗΣ EUROSUP MON. IKE ΕΜΠΟΡΙΟ ΕΠΙΔΕΣΜΙΚΟΥ ΥΛΙΚΟΥ (800715333),800715333,EUROSUP MON. IKE ΕΜΠΟΡΙΟ ΕΠΙΔΕΣΜΙΚΟΥ ΥΛΙΚΟΥ (800715333),16272.0,,
ΨΦΖΟ4690ΒΩ-7ΜΘ,2025-12-10,ΕΝΤΑΛΜΑ ΠΛΗΡΩΜΗΣ V L VIOLAK INTERNATIONAL   A.E. (099370337),099370337,V L VIOLAK INTERNATIONAL   A.E. (099370337),6469.25,,
ΡΕΠ84690ΒΩ-09Φ,2025-12-12,ΕΝΤΑΛΜΑ ΠΛΗΡΩΜΗΣ ZERONO Α.Ε. (998477820),998477820,ZERONO Α.Ε. (998477820),6348.8,,
ΡΣΔΠ4690ΒΩ-ΔΒΤ,2025-12-11,ΕΝΤΑΛΜΑ ΠΛΗΡΩΜΗΣ ΠΑΠΑΕΛΛΗΝΑΣ  Α. ΚΩΣΤΑΣ (ΕΛΛΑΣ) Α.Ε.Β.Ε. (094075360),094075360,ΠΑΠΑΕΛΛΗΝΑΣ  Α. ΚΩΣΤΑΣ (ΕΛΛΑΣ) Α.Ε.Β.Ε. (094075360),1069.54,,
61564690ΒΩ-ΡΛ1,2025-12-12,ΕΝΤΑΛΜΑ ΠΛΗΡΩΜΗΣ ΜΑΓΓΙΩΡΗΣ ΑΘΑΝ. ΑΛΕΞΑΝΔΡΟΣ (073273209),073273209,ΜΑΓΓΙΩΡΗΣ ΑΘΑΝ. ΑΛΕΞΑΝΔΡΟΣ (073273209),11.47,,
ΡΛ8Ζ4690ΒΩ-ΨΤΑ,2025-12-12,ΕΝΤΑΛΜΑ ΠΛΗΡΩΜΗΣ ΕΝΟΡΑΣΙΣ Α.Ε. (094503580),094503580,ΕΝΟΡΑΣΙΣ Α.Ε. (094503580),1225.95,,
ΨΛΛΒ4690ΒΩ-7Γ1,2025-12-12,ΕΝΤΑΛΜΑ ΠΛΗΡΩΜΗΣ ΕΥΡΟΜΑΡΤ Α.Ε. (094284004),094284004,ΕΥΡΟΜΑΡΤ Α.Ε. (094284004),669.87,,
ΡΑΘΚ4690ΒΩ-ΡΝΧ,2025-12-12,ΕΝΤΑΛΜΑ ΠΛΗΡΩΜΗΣ ΙΑΚΩΒΙΔΗΣ Μ. Σ. ΕΛΛΑΣ Α.Ε. (095186426),095186426,ΙΑΚΩΒΙΔΗΣ Μ. Σ. ΕΛΛΑΣ Α.Ε. (095186426),353.4,,
9ΣΦΣ4690ΒΩ-Ο9Β,2025-12-12,ΕΝΤΑΛΜΑ ΠΛΗΡΩΜΗΣ ΙΠΠΟΚΡΑΤΕΙΟΝ ΑΛΕΞ.ΟΡΦΑΝΟΥΔΑΚΗ ΣΙΑ ΟΕ (999144179),999144179,ΙΠΠΟΚΡΑΤΕΙΟΝ ΑΛΕΞ.ΟΡΦΑΝΟΥΔΑΚΗ ΣΙΑ ΟΕ (999144179),372.0,,
9ΖΦΙ4690ΒΩ-ΜΛΣ,2025-12-12,ΕΝΤΑΛΜΑ ΠΛΗΡΩΜΗΣ ΛΕΩΝΙΔΑΣ ΚΑΝΕΛΛΟΣ    ΣΙΑ  Ο.Ε. (093401589),093401589,ΛΕΩΝΙΔΑΣ ΚΑΝΕΛΛΟΣ    ΣΙΑ  Ο.Ε. (093401589),1502.89,,
Ψ90Π4690ΒΩ-649,2025-12-12,ΕΝΤΑΛΜΑ ΠΛΗΡΩΜΗΣ ΚΟΡΟΜΗΛΑΣ Α.   ΣΙΑ Ο.Ε. (099965738),099965738,ΚΟΡΟΜΗΛΑΣ Α.   ΣΙΑ Ο.Ε. (099965738),1488.0,,
9Β3Γ4690ΒΩ-Υ7Ξ,2025-12-12,ΕΝΤΑΛΜΑ ΠΛΗΡΩΜΗΣ ΚΑΧΙΩΝΗΣ Α.-ΙΩΑΚΕΙΜΙΔΟΥ Π. ΟΕ (KI CONSTRUCTION) (998170464),998170464,ΚΑΧΙΩΝΗΣ Α.-ΙΩΑΚΕΙΜΙΔΟΥ Π. ΟΕ (KI CONSTRUCTION) (998170464),548.2,,
94Κ14690ΒΩ-Θ4Ξ,2025-12-12,ΕΝΤΑΛΜΑ ΠΛΗΡΩΜΗΣ ΚΟΡΟΜΗΛΑΣ Α.   ΣΙΑ Ο.Ε. (099965738),099965738,ΚΟΡΟΜΗΛΑΣ Α.   ΣΙΑ Ο.Ε. (099965738),917.6,,
ΨΡ9Ι4690ΒΩ-8ΕΤ,2025-12-12,ΕΝΤΑΛΜΑ ΠΛΗΡΩΜΗΣ ΚΟΣΜΙΔΗΣ  ΧΑΡ. ΠΕΤΡΟΣ     ΣΙΑ  Ε.Ε. (999685389),999685389,ΚΟΣΜΙΔΗΣ  ΧΑΡ. ΠΕΤΡΟΣ     ΣΙΑ  Ε.Ε. (999685389),2385.0,,
ΡΓ184690ΒΩ-7Κ9,2025-12-12,ΕΝΤΑΛΜΑ ΠΛΗΡΩΜΗΣ ΚΟΣΜΙΔΗΣ  ΧΑΡ. ΠΕΤΡΟΣ     ΣΙΑ  Ε.Ε. (999685389),999685389,ΚΟΣΜΙΔΗΣ  ΧΑΡ. ΠΕΤΡΟΣ     ΣΙΑ  Ε.Ε. (999685389),2256.6,,
ΨΞΑ04690ΒΩ-0ΨΚ,2025-12-12,ΕΝΤΑΛΜΑ ΠΛΗΡΩΜΗΣ ΚΟΥΤΟΥΠΗΣ ΔΗΜ. ΜΟΝ_ΙΚΕ ΒΙΟΤΕΧΝΙΑ ΕΠΙΠΛΩΝ NEC (800912666),800912666,ΚΟΥΤΟΥΠΗΣ ΔΗΜ. ΜΟΝ_ΙΚΕ ΒΙΟΤΕΧΝΙΑ ΕΠΙΠΛΩΝ NEC (800912666),446.4,,
97ΒΠ4690ΒΩ-Ι9Χ,2025-12-12,ΕΝΤΑΛΜΑ ΠΛΗΡΩΜΗΣ ΚΟΥΚΟΥΣΕΛΗΣ ΑΝΑΣΤΑΣΙΟΣ ΜΟΝ. Ι.Κ.Ε. (800727737),800727737,ΚΟΥΚΟΥΣΕΛΗΣ ΑΝΑΣΤΑΣΙΟΣ ΜΟΝ. Ι.Κ.Ε. (800727737),454.25,,
ΨΑΝΛ4690ΒΩ-ΑΞΜ,2025-12-12,ΕΝΤΑΛΜΑ ΠΛΗΡΩΜΗΣ ΚΟΡΤΕΣΗΣ Δ. ΣΙΑ Ε.Ε ΙΑΤΡΙΚΑ (999658897),999658897,ΚΟΡΤΕΣΗΣ Δ. ΣΙΑ Ε.Ε ΙΑΤΡΙΚΑ (999658897),1896.95,,
9ΚΧΚ4690ΒΩ-0Β2,2025-12-10,ΕΝΤΑΛΜΑ ΠΛΗΡΩΜΗΣ ΛΙΑΠΗΣ ΙΩΑΝΝΗΣ (036142859),036142859,ΛΙΑΠΗΣ ΙΩΑΝΝΗΣ (036142859),118.35,,
6ΖΟΘ4690ΒΩ-ΧΜ3,2025-12-12,ΕΝΤΑΛΜΑ ΠΛΗΡΩΜΗΣ ΛΙΑΠΗΣ ΙΩΑΝΝΗΣ (036142859),036142859,ΛΙΑΠΗΣ ΙΩΑΝΝΗΣ (036142859),129.18,,
Ρ0ΚΚ4690ΒΩ-9Χ4,2025-12-12,ΕΝΤΑΛΜΑ ΠΛΗΡΩΜΗΣ ΛΙΑΠΗΣ ΙΩΑΝΝΗΣ (036142859),036142859,ΛΙΑΠΗΣ ΙΩΑΝΝΗΣ (036142859),175.19,,
98ΟΖ4690ΒΩ-7ΞΡ,2025-12-12,ΕΝΤΑΛΜΑ ΠΛΗΡΩΜΗΣ ΛΙΑΠΗΣ ΙΩΑΝΝΗΣ (036142859),036142859,ΛΙΑΠΗΣ ΙΩΑΝΝΗΣ (036142859),396.8,,
ΡΟΒ04690ΒΩ-ΝΔ1,2025-12-12,ΕΝΤΑΛΜΑ ΠΛΗΡΩΜΗΣ ΛΑΒΔΑΚΗΣ ΕΜΜΑΝΟΥΗΛ Ο.Ε (081576638),081576638,ΛΑΒΔΑΚΗΣ ΕΜΜΑΝΟΥΗΛ Ο.Ε (081576638),533.21,,
6Ν1Χ4690ΒΩ-ΦΓΠ,2025-12-12,ΕΝΤΑΛΜΑ ΠΛΗΡΩΜΗΣ MILONAS HEALTH A.E (998179225),998179225,MILONAS HEALTH A.E (998179225),1668.93,,
Ψ3ΑΝ4690ΒΩ-ΟΣΕ,2025-12-12,ΕΝΤΑΛΜΑ ΠΛΗΡΩΜΗΣ ΜΑΓΓΙΩΡΗΣ ΑΘΑΝ. ΑΛΕΞΑΝΔΡΟΣ (073273209),073273209,ΜΑΓΓΙΩΡΗΣ ΑΘΑΝ. ΑΛΕΞΑΝΔΡΟΣ (073273209),310.25,,
ΡΙΝ74690ΒΩ-ΙΤ3,2025-12-12,ΕΝΤΑΛΜΑ ΠΛΗΡΩΜΗΣ ΠΕΤΡΟΣ ΑΓΑΠΙΟΥ ΜΑΚΡΙΔΗΣ ΟΕ (099412972),099412972,ΠΕΤΡΟΣ ΑΓΑΠΙΟΥ ΜΑΚΡΙΔΗΣ ΟΕ (099412972),855.6,,
6ΞΔ14690ΒΩ-ΑΙ3,2025-12-12,ΕΝΤΑΛΜΑ ΠΛΗΡΩΜΗΣ ΜΑΓΕΙΡΑΣ ΔΙΑΓΝΩΣΤΙΚΑ ΜΗΧΑΝΗΜΑΤΑ Α.Ε. (095444407),095444407,ΜΑΓΕΙΡΑΣ ΔΙΑΓΝΩΣΤΙΚΑ ΜΗΧΑΝΗΜΑΤΑ Α.Ε. (095444407),105.4,,
6ΖΨΞ4690ΒΩ-ΞΕΒ,2025-12-12,ΕΝΤΑΛΜΑ ΠΛΗΡΩΜΗΣ ΜΕΝΤΙΣΑΠ ΑΕ (094447320),094447320,ΜΕΝΤΙΣΑΠ ΑΕ (094447320),2574.74,,
6ΔΣΚ4690ΒΩ-ΑΛ1,2025-12-12,ΕΝΤΑΛΜΑ ΠΛΗΡΩΜΗΣ ΜΕΝΤΙΣΑΠ ΑΕ (094447320),094447320,ΜΕΝΤΙΣΑΠ ΑΕ (094447320),2034.0,,
6Γ2Θ4690ΒΩ-ΘΩΜ,2025-12-12,ΕΝΤΑΛΜΑ ΠΛΗΡΩΜΗΣ ΟΜΜΑ   ΛΑΪΤ  ΑΕ (094264251),094264251,ΟΜΜΑ   ΛΑΪΤ  ΑΕ (094264251),263.5,,
Ψ8ΔΤ4690ΒΩ-24Α,2025-12-12,ΕΝΤΑΛΜΑ ΠΛΗΡΩΜΗΣ ΟΛΟΚΛΗΡΩΜΕΝΑ ΣΥΣΤΗΜΑΤΑ ΚΑΘΑΡΙΣΜΟΥ ΑΒΕΕ (094343647),094343647,ΟΛΟΚΛΗΡΩΜΕΝΑ ΣΥΣΤΗΜΑΤΑ ΚΑΘΑΡΙΣΜΟΥ ΑΒΕΕ (094343647),138.88,,
ΨΝΘ64690ΒΩ-ΠΙΑ,2025-12-12,ΕΝΤΑΛΜΑ ΠΛΗΡΩΜΗΣ ΝΟΣΟΚΟΜΕΙΑΚΗ ΓΡΑΜΜΗ Α.Ε. HOSPITAL LINE (094396063),094396063,ΝΟΣΟΚΟΜΕΙΑΚΗ ΓΡΑΜΜΗ Α.Ε. HOSPITAL LINE (094396063),1116.0,,
6ΜΝΥ4690ΒΩ-Υ5Λ,2025-12-12,ΕΝΤΑΛΜΑ ΠΛΗΡΩΜΗΣ SMED ΠΑΝΤΕΛΑΚΗ ΕΛΠΙΔΑ (047855029),047855029,SMED ΠΑΝΤΕΛΑΚΗ ΕΛΠΙΔΑ (047855029),1806.31,,
6ΓΥΑ4690ΒΩ-4ΘΓ,2025-12-12,ΕΝΤΑΛΜΑ ΠΛΗΡΩΜΗΣ ΠΑΡΑΣΧΟΣ Β.   ΣΙΑ ΕΕ (099905778),099905778,ΠΑΡΑΣΧΟΣ Β.   ΣΙΑ ΕΕ (099905778),173.6,,
ΨΛΤ44690ΒΩ-ΧΘΜ,2025-12-12,ΕΝΤΑΛΜΑ ΠΛΗΡΩΜΗΣ ΠΑΠΑΠΟΣΤΟΛΟΥ Ν. ΑΕ (095029193),095029193,ΠΑΠΑΠΟΣΤΟΛΟΥ Ν. ΑΕ (095029193),669.6,,
ΨΜ434690ΒΩ-Υ5Υ,2025-12-12,ΕΝΤΑΛΜΑ ΠΛΗΡΩΜΗΣ ΣΑΜΑΡΑΣ ΓΕΩΡΓΙΟΣ ΑΒΕΕ (094373861),094373861,ΣΑΜΑΡΑΣ ΓΕΩΡΓΙΟΣ ΑΒΕΕ (094373861),1550.0,,
Ρ7ΜΓ4690ΒΩ-ΣΓ3,2025-12-12,ΕΝΤΑΛΜΑ ΠΛΗΡΩΜΗΣ ΣΑΜΑΡΑΣ ΑΕ (094294998),094294998,ΣΑΜΑΡΑΣ ΑΕ (094294998),1460.02,,
6ΓΨ14690ΒΩ-ΞΦΓ,2025-12-12,ΕΝΤΑΛΜΑ ΠΛΗΡΩΜΗΣ ΥΓΕΙΑΣΗ Α.Ε  ΙΑΤΡΟΤΕΧΝΙΚΑ ΠΡΟΪΟΝΤΑ (998940383),998940383,ΥΓΕΙΑΣΗ Α.Ε  ΙΑΤΡΟΤΕΧΝΙΚΑ ΠΡΟΪΟΝΤΑ (998940383),1582.0,,
6Ι1Σ4690ΒΩ-ΡΜ2,2025-12-12,ΕΝΤΑΛΜΑ ΠΛΗΡΩΜΗΣ ΤΖΑΛΑΚΑΣ  ΜΟΝΟΠΡΟΣΩΠΗ  ΙΚΕ (801526730),801526730,ΤΖΑΛΑΚΑΣ  ΜΟΝΟΠΡΟΣΩΠΗ  ΙΚΕ (801526730),173.6,,
6ΜΘΖ4690ΒΩ-ΟΜΛ,2025-12-11,ΕΝΤΑΛΜΑ ΠΛΗΡΩΜΗΣ NUVAMED I.K.E. (800838529),800838529,NUVAMED I.K.E. (800838529),67.46,,
981Σ4690ΒΩ-ΝΞ7,2025-12-13,ΕΝΤΑΛΜΑ ΠΛΗΡΩΜΗΣ Becton Dickinson Hellas A.E. (094501826),094501826,Becton Dickinson Hellas A.E. (094501826),2786.85,,
9ΙΓΡ4690ΒΩ-Ι32,2025-12-13,ΕΝΤΑΛΜΑ ΠΛΗΡΩΜΗΣ CUREPLAST EE (800434062),800434062,CUREPLAST EE (800434062),209.05,,
9Ω0Β4690ΒΩ-918,2025-12-13,ΕΝΤΑΛΜΑ ΠΛΗΡΩΜΗΣ BMG EQUIPMENT ΜΟΝΟΠΡΟΣΩΠΗ  ΙΚΕ (801938796),801938796,BMG EQUIPMENT ΜΟΝΟΠΡΟΣΩΠΗ  ΙΚΕ (801938796),343.48,,
980Μ4690ΒΩ-ΕΔ8,2025-12-13,ΕΝΤΑΛΜΑ ΠΛΗΡΩΜΗΣ CARE DIRECT ΜΟΝΟΠΡΟΣΩΠΗ ΑΕ (095594723),095594723,CARE DIRECT ΜΟΝΟΠΡΟΣΩΠΗ ΑΕ (095594723),1071.74,,
ΨΕΝ64690ΒΩ-5ΝΠ,2025-12-13,ΕΝΤΑΛΜΑ ΠΛΗΡΩΜΗΣ BBD ΝΙΚ.ΛΑΙΝΙΩΤΗΣ Α.Ε.Β.Ε. (093628458),093628458,BBD ΝΙΚ.ΛΑΙΝΙΩΤΗΣ Α.Ε.Β.Ε. (093628458),237.57,,
ΨΩΜΟ4690ΒΩ-ΑΨ4,2025-12-13,ΕΝΤΑΛΜΑ ΠΛΗΡΩΜΗΣ AXION HEALTH ΕΜΠΟΡΙΑ IAΤΡΟΦΑΡΜΑΚΕΥΤΙΚΗ ΠΡΟΙΟΝΤΩΝ ΚΑΛΛΥΝΤΙΚΩΝ ΕΠΕ (800384318),800384318,AXION HEALTH ΕΜΠΟΡΙΑ IAΤΡΟΦΑΡΜΑΚΕΥΤΙΚΗ ΠΡΟΙΟΝΤΩΝ ΚΑΛΛΥΝΤΙΚΩΝ ΕΠΕ (800384318),926.6,,
9Α0Δ4690ΒΩ-85Θ,2025-12-13,ΕΝΤΑΛΜΑ ΠΛΗΡΩΜΗΣ BBD ΝΙΚ.ΛΑΙΝΙΩΤΗΣ Α.Ε.Β.Ε. (093628458),093628458,BBD ΝΙΚ.ΛΑΙΝΙΩΤΗΣ Α.Ε.Β.Ε. (093628458),307.83,,
6Τ4Χ4690ΒΩ-ΓΣ7,2025-12-13,ΕΝΤΑΛΜΑ ΠΛΗΡΩΜΗΣ BBD ΝΙΚ.ΛΑΙΝΙΩΤΗΣ Α.Ε.Β.Ε. (093628458),093628458,BBD ΝΙΚ.ΛΑΙΝΙΩΤΗΣ Α.Ε.Β.Ε. (093628458),181.99,,
ΨΖΩΝ4690ΒΩ-6ΜΘ,2025-12-13,ΕΝΤΑΛΜΑ ΠΛΗΡΩΜΗΣ BBD ΝΙΚ.ΛΑΙΝΙΩΤΗΣ Α.Ε.Β.Ε. (093628458),093628458,BBD ΝΙΚ.ΛΑΙΝΙΩΤΗΣ Α.Ε.Β.Ε. (093628458),184.02,,
6Ζ0Φ4690ΒΩ-ΠΙΚ,2025-12-11,ΕΝΤΑΛΜΑ ΠΛΗΡΩΜΗΣ ΜΑΥΡΟΓΕΝΗΣ ΑΝΑΣΤΑΣΙΟΣ ΑΕ ΙΑΤΡΟΤΕΧΝΟΛΟΓΙΚΑ ΕΙΔΗ (082525697),082525697,ΜΑΥΡΟΓΕΝΗΣ ΑΝΑΣΤΑΣΙΟΣ ΑΕ ΙΑΤΡΟΤΕΧΝΟΛΟΓΙΚΑ ΕΙΔΗ (082525697),6569.14,,
ΨΘΤΑ4690ΒΩ-ΙΡ8,2025-12-11,ΕΝΤΑΛΜΑ ΠΛΗΡΩΜΗΣ ΑΝΑΝΙΑΔΗΣ ΓΕΩΡΓΙΟΣ Ε.Ε. (093635530),093635530,ΑΝΑΝΙΑΔΗΣ ΓΕΩΡΓΙΟΣ Ε.Ε. (093635530),1320.6,,
Ψ3ΙΝ4690ΒΩ-Ν6Σ,2025-12-13,ΕΝΤΑΛΜΑ ΠΛΗΡΩΜΗΣ ARETEION MEDICALS A.E. (998283495),998283495,ARETEION MEDICALS A.E. (998283495),1294.42,,
Ψ14Δ4690ΒΩ-ΘΚΓ,2025-12-13,ΕΝΤΑΛΜΑ ΠΛΗΡΩΜΗΣ BBD ΝΙΚ.ΛΑΙΝΙΩΤΗΣ Α.Ε.Β.Ε. (093628458),093628458,BBD ΝΙΚ.ΛΑΙΝΙΩΤΗΣ Α.Ε.Β.Ε. (093628458),6908.84,,
ΨΦΧΙ4690ΒΩ-ΠΙΒ,2025-12-13,ΕΝΤΑΛΜΑ ΠΛΗΡΩΜΗΣ DRAEGER  HELLAS A.E (997799268),997799268,DRAEGER  HELLAS A.E (997799268),5550.24,,
Ψ4ΤΠ4690ΒΩ-ΛΜ8,2025-12-13,ΕΝΤΑΛΜΑ ΠΛΗΡΩΜΗΣ DIACHEL ΔΙΑΓΝΩΣΤΙΚΑ - ΧΗΜΙΚΗ ΟΡΓΑΝΟΛΟΓΙΑ  AE (095341314),095341314,DIACHEL ΔΙΑΓΝΩΣΤΙΚΑ - ΧΗΜΙΚΗ ΟΡΓΑΝΟΛΟΓΙΑ  AE (095341314),3318.68,,
9ΔΒΦ4690ΒΩ-8ΨΚ,2025-12-13,ΕΝΤΑΛΜΑ ΠΛΗΡΩΜΗΣ ΕΡΓΟΣΥΣΤΕΜΣ ΕΠΕ (095457728),095457728,ΕΡΓΟΣΥΣΤΕΜΣ ΕΠΕ (095457728),2918.84,,
6ΦΑΡ4690ΒΩ-ΘΜΤ,2025-12-13,ΕΝΤΑΛΜΑ ΠΛΗΡΩΜΗΣ DUCASCO ΔΟΥPΜΟΥΣΟΓΛΟΥ α.ε.β.ε (999640490),999640490,DUCASCO ΔΟΥPΜΟΥΣΟΓΛΟΥ α.ε.β.ε (999640490),4911.62,,
6ΦΘ64690ΒΩ-622,2025-12-11,ΕΝΤΑΛΜΑ ΠΛΗΡΩΜΗΣ ΤΡΑΠΕΖΑ  EUROBANK AE (094014250),094014250,ΤΡΑΠΕΖΑ  EUROBANK AE (094014250),2.4,,
6ΗΩ84690ΒΩ-ΥΥΟ,2025-12-04,ΕΝΤΑΛΜΑ ΠΛΗΡΩΜΗΣ ΚΑΛΤΕΚ ΑΕ ΕΜΠΟΡΙΑ ΙΑΤΡΙΚΩΝ ΕΙΔΩΝ ΚΑΙ ΠΡΟΙΟΝΤΩΝ ΚΑΙ ΜΗΧΑΝΗΜΑΤΩΝ  ΑΝΩΝΥΜΗ ΕΤΑΙΡΕΙΑ (999307110),999307110,ΚΑΛΤΕΚ ΑΕ ΕΜΠΟΡΙΑ ΙΑΤΡΙΚΩΝ ΕΙΔΩΝ ΚΑΙ ΠΡΟΙΟΝΤΩΝ ΚΑΙ ΜΗΧΑΝΗΜΑΤΩΝ  ΑΝΩΝΥΜΗ ΕΤΑΙΡΕΙΑ (999307110),9252.68,,
6ΞΤ54690ΒΩ-Χ42,2025-12-03,ΕΝΤΑΛΜΑ ΠΛΗΡΩΜΗΣ ΨΗΛΙΑΚΟΣ ΛΕΩΝΙΔΑΣ   ΣΙΑ ΕΠΕ (999495127),999495127,ΨΗΛΙΑΚΟΣ ΛΕΩΝΙΔΑΣ   ΣΙΑ ΕΠΕ (999495127),434.0,,
ΨΜΦΧ4690ΒΩ-ΙΝΦ,2025-12-03,ΕΝΤΑΛΜΑ ΠΛΗΡΩΜΗΣ MEDITIME ΧΑΤΖΗΙΩΑΝΝΙΔΗΣ ΝΙΚΟΛΑΟΣ Α.Ε (099770660),099770660,MEDITIME ΧΑΤΖΗΙΩΑΝΝΙΔΗΣ ΝΙΚΟΛΑΟΣ Α.Ε (099770660),1506.6,,
ΨΙΧΜ4690ΒΩ-ΔΩ7,2025-12-03,ΕΝΤΑΛΜΑ ΠΛΗΡΩΜΗΣ ΠΑΠΑΠΟΣΤΟΛΟΥ Ν. ΑΕ (095029193),095029193,ΠΑΠΑΠΟΣΤΟΛΟΥ Ν. ΑΕ (095029193),2959.88,,
6ΜΙΦ4690ΒΩ-ΙΕΞ,2025-12-03,ΕΝΤΑΛΜΑ ΠΛΗΡΩΜΗΣ ΠΑΠΑΠΟΣΤΟΛΟΥ Ν. ΑΕ (095029193),095029193,ΠΑΠΑΠΟΣΤΟΛΟΥ Ν. ΑΕ (095029193),111.6,,
9ΠΥΤ4690ΒΩ-ΑΥΩ,2025-12-03,ΕΝΤΑΛΜΑ ΠΛΗΡΩΜΗΣ ΦΙΛΙΠΣ  ΕΛΛΑΣ ΜΟΝΟΠΡΟΣΩΠΗ  Α.Ε.Β.Ε. (094014759),094014759,ΦΙΛΙΠΣ  ΕΛΛΑΣ ΜΟΝΟΠΡΟΣΩΠΗ  Α.Ε.Β.Ε. (094014759),12400.0,,
ΨΨ754690ΒΩ-Ε19,2025-12-03,ΕΝΤΑΛΜΑ ΠΛΗΡΩΜΗΣ BBD ΝΙΚ.ΛΑΙΝΙΩΤΗΣ Α.Ε.Β.Ε. (093628458),093628458,BBD ΝΙΚ.ΛΑΙΝΙΩΤΗΣ Α.Ε.Β.Ε. (093628458),10562.83,,
6Θ4Κ4690ΒΩ-ΛΛΜ,2025-12-04,ΕΝΤΑΛΜΑ ΠΛΗΡΩΜΗΣ SANTAIR Α.Ε.ΙΑΤΡΙΚΩΝ ΕΦΑΡΜΟΓΩΝ (094497279),094497279,SANTAIR Α.Ε.ΙΑΤΡΙΚΩΝ ΕΦΑΡΜΟΓΩΝ (094497279),1000.0,,
9Ψ134690ΒΩ-ΑΘ3,2025-12-04,ΕΝΤΑΛΜΑ ΠΛΗΡΩΜΗΣ ΒΙΟΔΥΝΑΜΙΚΗ ΑΕ (094138676),094138676,ΒΙΟΔΥΝΑΜΙΚΗ ΑΕ (094138676),3732.4,,
ΨΝΤΨ4690ΒΩ-ΕΦΜ,2025-12-04,ΕΝΤΑΛΜΑ ΠΛΗΡΩΜΗΣ ΚΟΣΜΙΔΗΣ  ΧΑΡ. ΠΕΤΡΟΣ     ΣΙΑ  Ε.Ε. (999685389),999685389,ΚΟΣΜΙΔΗΣ  ΧΑΡ. ΠΕΤΡΟΣ     ΣΙΑ  Ε.Ε. (999685389),282.99,,
ΨΘΚ14690ΒΩ-ΗΚΞ,2025-12-04,ΕΝΤΑΛΜΑ ΠΛΗΡΩΜΗΣ ΚΟΣΜΙΔΗΣ  ΧΑΡ. ΠΕΤΡΟΣ     ΣΙΑ  Ε.Ε. (999685389),999685389,ΚΟΣΜΙΔΗΣ  ΧΑΡ. ΠΕΤΡΟΣ     ΣΙΑ  Ε.Ε. (999685389),3863.59,,
93ΚΣ4690ΒΩ-ΖΙΖ,2025-12-03,ΕΝΤΑΛΜΑ ΠΛΗΡΩΜΗΣ ΓΙΟΥΚΑ Α.Ε. (997993920),997993920,ΓΙΟΥΚΑ Α.Ε. (997993920),3251.28,,
ΨΓ4Σ4690ΒΩ-1Κ4,2025-12-03,ΕΝΤΑΛΜΑ ΠΛΗΡΩΜΗΣ ΖΥΡΙΧΙΔΗ  ΑΦΟΙ  Ο.Ε. (091282761),091282761,ΖΥΡΙΧΙΔΗ  ΑΦΟΙ  Ο.Ε. (091282761),1723.24,,
6Υ5Β4690ΒΩ-2Ξ5,2025-12-03,ΕΝΤΑΛΜΑ ΠΛΗΡΩΜΗΣ ΠΑΡΑΣΧΟΣ Β.   ΣΙΑ ΕΕ (099905778),099905778,ΠΑΡΑΣΧΟΣ Β.   ΣΙΑ ΕΕ (099905778),39.18,,
ΨΚΖΠ4690ΒΩ-Ρ1Ο,2025-12-03,ΕΝΤΑΛΜΑ ΠΛΗΡΩΜΗΣ ΣΥΜΕΩΝΙΔΗΣ   ΒΑΣ.  ΧΑΡΑΛΑΜΠΟΣ (125190308),125190308,ΣΥΜΕΩΝΙΔΗΣ   ΒΑΣ.  ΧΑΡΑΛΑΜΠΟΣ (125190308),1107.32,,
6Υ4Ι4690ΒΩ-5ΝΞ,2025-12-03,ΕΝΤΑΛΜΑ ΠΛΗΡΩΜΗΣ MEDIC PLAN HEALTH PROJECT IKE (999961120),999961120,MEDIC PLAN HEALTH PROJECT IKE (999961120),14979.2,,
9ΥΚ04690ΒΩ-ΗΒ5,2025-12-03,ΕΝΤΑΛΜΑ ΠΛΗΡΩΜΗΣ ΝΤΑΤΑ ΒΕΡΣ Ε.Π.Ε. (998682224),998682224,ΝΤΑΤΑ ΒΕΡΣ Ε.Π.Ε. (998682224),1674.0,,
94ΦΟ4690ΒΩ-Τ3Φ,2025-12-04,ΕΝΤΑΛΜΑ ΠΛΗΡΩΜΗΣ Ατομική Φροντίδα ΑΒΕΕ (998476060),998476060,Ατομική Φροντίδα ΑΒΕΕ (998476060),1816.79,,
9Ω6Ξ4690ΒΩ-6ΝΒ,2025-12-03,ΕΝΤΑΛΜΑ ΠΛΗΡΩΜΗΣ ΨΗΛΙΑΚΟΣ ΛΕΩΝΙΔΑΣ   ΣΙΑ ΕΠΕ (999495127),999495127,ΨΗΛΙΑΚΟΣ ΛΕΩΝΙΔΑΣ   ΣΙΑ ΕΠΕ (999495127),291.4,,
ΨΖΙ54690ΒΩ-2ΡΚ,2025-12-03,ΕΝΤΑΛΜΑ ΠΛΗΡΩΜΗΣ ΜΑΥΡΟΓΕΝΗΣ ΑΝΑΣΤΑΣΙΟΣ ΑΕ ΙΑΤΡΟΤΕΧΝΟΛΟΓΙΚΑ ΕΙΔΗ (082525697),082525697,ΜΑΥΡΟΓΕΝΗΣ ΑΝΑΣΤΑΣΙΟΣ ΑΕ ΙΑΤΡΟΤΕΧΝΟΛΟΓΙΚΑ ΕΙΔΗ (082525697),180.42,,
6Ζ3Ν4690ΒΩ-5Γ4,2025-12-03,ΕΝΤΑΛΜΑ ΠΛΗΡΩΜΗΣ DRAEGER  HELLAS A.E (997799268),997799268,DRAEGER  HELLAS A.E (997799268),8230.5,,
ΨΓΖΟ4690ΒΩ-Β05,2025-12-03,ΕΝΤΑΛΜΑ ΠΛΗΡΩΜΗΣ ΜΑΥΡΟΓΕΝΗΣ ΑΝΑΣΤΑΣΙΟΣ ΑΕ ΙΑΤΡΟΤΕΧΝΟΛΟΓΙΚΑ ΕΙΔΗ (082525697),082525697,ΜΑΥΡΟΓΕΝΗΣ ΑΝΑΣΤΑΣΙΟΣ ΑΕ ΙΑΤΡΟΤΕΧΝΟΛΟΓΙΚΑ ΕΙΔΗ (082525697),148.8,,
ΨΖΑΟ4690ΒΩ-ΧΥΛ,2025-12-03,ΕΝΤΑΛΜΑ ΠΛΗΡΩΜΗΣ MEDIPRIME ΙΑΤΡΟΦΑΡΜ.ΕΙΔΩΝ Α.Ε.Ε. (998283526),998283526,MEDIPRIME ΙΑΤΡΟΦΑΡΜ.ΕΙΔΩΝ Α.Ε.Ε. (998283526),21321.18,,
ΨΑΙΝ4690ΒΩ-ΙΙΖ,2025-12-03,ΕΝΤΑΛΜΑ ΠΛΗΡΩΜΗΣ DRAEGER  HELLAS A.E (997799268),997799268,DRAEGER  HELLAS A.E (997799268),4959.99,,
9ΨΦΒ4690ΒΩ-Ι31,2025-12-03,ΕΝΤΑΛΜΑ ΠΛΗΡΩΜΗΣ MEDIC PLAN HEALTH PROJECT IKE (999961120),999961120,MEDIC PLAN HEALTH PROJECT IKE (999961120),2836.5,,
Ψ2ΙΣ4690ΒΩ-Δ32,2025-12-03,ΕΝΤΑΛΜΑ ΠΛΗΡΩΜΗΣ ΚΟΠΕΡ Α.Ε. (094007897),094007897,ΚΟΠΕΡ Α.Ε. (094007897),21700.0,,
ΨΚΥ74690ΒΩ-1Φ5,2025-12-13,ΠΡΟΜΗΘΕΙΑ ΥΓΕΙΟΝΟΜΙΚΟΥ ΥΛΙΚΟΥ (ΕΠΙΔΕΣΜΙΚΟΥ ΥΛΙΚΟΥ ) ΜΕ ΣΥΜΒΑΣΗ ΤΟΝ ΜΗΝΑ ΙΑΝΟΥΑΡΙΟ 2025(ΣΥΜΒ. 614/2023 ΧΕ 2760/2024,800407176,Ι Γ ΡΟΔΟΠΟΥΛΟΣ ΚΑΙ ΣΙΑ ΕΕ,268.94,,1311α01
ΨΞΔΤ4690ΒΩ-76Ψ,2025-12-13,ΠΡΟΜΗΘΕΙΑ ΛΟΙΠΟΥ ΧΗΜΙΚΟΥ ΥΛΙΚΟΥ (ΕΛΕΓΧΟΣ ΠΟΙΟΤΗΤΑΣ ΠΑΘΟΛΟΓΙΚΗΣ ΑΝΑΤΟΜΙΚΗΣ) ΜΕ ΣΥΜΒΑΣΗ ΤΟΝ ΜΗΝΑ ΑΠΡΙΛΙΟ 2025 (ΣΥΜΒ. 87/2025 ΧΕ 2663/2025) ΣΥΜΦΩΝΑ ΜΕ ΤΙΣ ΔΙΑΤΑΞΕΙΣ ΤΟΥ Ν. 5216/2025 αρθ.44 (ΦΕΚ 118 /τ. Α'/ 07-07-2025,095580571,ΑΛΦΑ ΜΕΝΤΙΚΑΛ ΕΙΣΑΓΩΓΕΣ ΚΑΙ ΑΝΤΙΠΡΟΣΩΠΕΙΕΣ ΙΑΤΡΟΤΕΧΝΟΛΟΓΙΚΩΝ ΚΑΙ ΦΑΡΜΑΚΕΥΤΙΚΩΝ ΠΡΟΙΟΝΤΩΝ ΑΝΩΝΥΜΟΣ ΕΜΠΟΡΙΚΗ  ΒΙΟΜΗΧΑΝΙΚΗ,1038.0,,1359β01
6Η0Ξ4690ΒΩ-ΦΑΜ,2025-12-11,ΕΝΤΑΛΜΑ ΠΛΗΡΩΜΗΣ ΚΟΠΕΡ Α.Ε. (094007897),094007897,ΚΟΠΕΡ Α.Ε. (094007897),157.6,,
ΡΨ4Ξ4690ΒΩ-ΖΡ5,2025-12-11,ΕΝΤΑΛΜΑ ΠΛΗΡΩΜΗΣ SIEMENS HEALTHINEERS ΕΛΛΑΣ ΜΟΝΟΠΡΟΣΩΠΗ Α.Ε. (094456875),094456875,SIEMENS HEALTHINEERS ΕΛΛΑΣ ΜΟΝΟΠΡΟΣΩΠΗ Α.Ε. (094456875),53226.8,,
9ΚΣΡ4690ΒΩ-0ΛΦ,2025-12-11,ΕΝΤΑΛΜΑ ΠΛΗΡΩΜΗΣ ΑΛΦΑ ΜΕΝΤΙΚΑΛ ΑΕΒΕ (095580571),095580571,ΑΛΦΑ ΜΕΝΤΙΚΑΛ ΑΕΒΕ (095580571),1038.8,,
ΨΩΕΖ4690ΒΩ-ΤΩΩ,2025-12-10,ΕΝΤΑΛΜΑ ΠΛΗΡΩΜΗΣ ΚΟΠΕΡ Α.Ε. (094007897),094007897,ΚΟΠΕΡ Α.Ε. (094007897),604.87,,
Ψ5Π84690ΒΩ-ΥΕ2,2025-12-11,ΕΝΤΑΛΜΑ ΠΛΗΡΩΜΗΣ ΚΑΛΛΙΦΡΟΝΑΣ ΕΜΠΟΡΙΚΗ Α.Ε. (997585069),997585069,ΚΑΛΛΙΦΡΟΝΑΣ ΕΜΠΟΡΙΚΗ Α.Ε. (997585069),12344.52,,
61ΟΓ4690ΒΩ-6ΘΔ,2025-12-11,ΕΝΤΑΛΜΑ ΠΛΗΡΩΜΗΣ SIEMENS HEALTHINEERS ΕΛΛΑΣ ΜΟΝΟΠΡΟΣΩΠΗ Α.Ε. (094456875),094456875,SIEMENS HEALTHINEERS ΕΛΛΑΣ ΜΟΝΟΠΡΟΣΩΠΗ Α.Ε. (094456875),9042.86,,
Ρ3ΟΘ4690ΒΩ-ΠΨΙ,2025-12-11,ΕΝΤΑΛΜΑ ΠΛΗΡΩΜΗΣ ΒΙΟΚΟΣΜΟΣ ΜΟΡΙΑΚΗ Α.Ε. (801646486),801646486,ΒΙΟΚΟΣΜΟΣ ΜΟΡΙΑΚΗ Α.Ε. (801646486),10111.34,,
ΡΖΞ24690ΒΩ-ΚΟ2,2025-12-11,ΕΝΤΑΛΜΑ ΠΛΗΡΩΜΗΣ BIOSNA Α.Ε ΜΠΑΣΚΛΑΒΑΝΗΣ-ΠΕΡΡΟΣ ΔΙΑΓΝΩΣΤΙΚΑ-ΧΗΜΙΚΑ (094415660),094415660,BIOSNA Α.Ε ΜΠΑΣΚΛΑΒΑΝΗΣ-ΠΕΡΡΟΣ ΔΙΑΓΝΩΣΤΙΚΑ-ΧΗΜΙΚΑ (094415660),185.5,,
ΕΒΔΧ4690ΒΩ-4ΑΤ,2025-12-11,ΕΝΤΑΛΜΑ ΠΛΗΡΩΜΗΣ ΝΕΑ ΔΙΑΓΝΩΣΤΙΚΗ ΔΙΑΣΤΑΣΗ Ε.Π.Ε (095618368),095618368,ΝΕΑ ΔΙΑΓΝΩΣΤΙΚΗ ΔΙΑΣΤΑΣΗ Ε.Π.Ε (095618368),127.2,,
9Ν074690ΒΩ-ΝΡΓ,2025-12-11,ΕΝΤΑΛΜΑ ΠΛΗΡΩΜΗΣ ΑΡΝΑΟΥΤΗΣ ΠΑΥΛΟΣ Α.Ε (094178060),094178060,ΑΡΝΑΟΥΤΗΣ ΠΑΥΛΟΣ Α.Ε (094178060),1590.48,,
ΕΔΥΑ4690ΒΩ-22Θ,2025-12-11,ΕΝΤΑΛΜΑ ΠΛΗΡΩΜΗΣ ΖΑΦΕΙΡΟΠΟΥΛΟΣ  Π.  Α.Ε. (094280343),094280343,ΖΑΦΕΙΡΟΠΟΥΛΟΣ  Π.  Α.Ε. (094280343),4070.4,,
6ΞΜ14690ΒΩ-ΜΡ6,2025-12-11,ΕΝΤΑΛΜΑ ΠΛΗΡΩΜΗΣ ΑΝΤΙ-ΣΕΛ ΑΦΟΙ A.ΣΕΛΙΔΗ A.Ε. (091569759),091569759,ΑΝΤΙ-ΣΕΛ ΑΦΟΙ A.ΣΕΛΙΔΗ A.Ε. (091569759),1884.68,,
Ρ30Σ4690ΒΩ-Ω4Υ,2025-12-11,ΕΝΤΑΛΜΑ ΠΛΗΡΩΜΗΣ ΑΡΝΑΟΥΤΗΣ ΠΑΥΛΟΣ Α.Ε (094178060),094178060,ΑΡΝΑΟΥΤΗΣ ΠΑΥΛΟΣ Α.Ε (094178060),1498.88,,
ΨΓΧ24690ΒΩ-02Δ,2025-12-11,ΕΝΤΑΛΜΑ ΠΛΗΡΩΜΗΣ VAKTRO AEBE (084221869),084221869,VAKTRO AEBE (084221869),2843.01,,
ΡΖΑΧ4690ΒΩ-ΜΧΗ,2025-12-11,ΕΝΤΑΛΜΑ ΠΛΗΡΩΜΗΣ BIOANALYTICA AE (099936534),099936534,BIOANALYTICA AE (099936534),346.62,,
ΡΡΕΟ4690ΒΩ-ΓΔΟ,2025-12-11,ΕΝΤΑΛΜΑ ΠΛΗΡΩΜΗΣ MENARINI ΔΙΑΓΝΩΣΤΙΚΑ-ΙΑΤΡ.ΟΡΓΑΝΑ ΑΕΒΕ (094322455),094322455,MENARINI ΔΙΑΓΝΩΣΤΙΚΑ-ΙΑΤΡ.ΟΡΓΑΝΑ ΑΕΒΕ (094322455),467.86,,
9ΡΙΦ4690ΒΩ-9Υ8,2025-12-11,ΕΝΤΑΛΜΑ ΠΛΗΡΩΜΗΣ DIACHEL ΔΙΑΓΝΩΣΤΙΚΑ - ΧΗΜΙΚΗ ΟΡΓΑΝΟΛΟΓΙΑ  AE (095341314),095341314,DIACHEL ΔΙΑΓΝΩΣΤΙΚΑ - ΧΗΜΙΚΗ ΟΡΓΑΝΟΛΟΓΙΑ  AE (095341314),1746.15,,
ΡΦΥ24690ΒΩ-ΦΩΚ,2025-12-11,ΕΝΤΑΛΜΑ ΠΛΗΡΩΜΗΣ ΒΙΟΔΥΝΑΜΙΚΗ ΑΕ (094138676),094138676,ΒΙΟΔΥΝΑΜΙΚΗ ΑΕ (094138676),492.9,,
ΨΙΜΣ4690ΒΩ-Σ87,2025-12-10,ΕΝΤΑΛΜΑ ΠΛΗΡΩΜΗΣ ΒΕΡΜΑ ΝΤΡΑΓΚΣ Α.Β.Ε.Ε. (099363426),099363426,ΒΕΡΜΑ ΝΤΡΑΓΚΣ Α.Β.Ε.Ε. (099363426),19878.18,,
ΡΕΡΤ4690ΒΩ-ΟΣΕ,2025-12-10,ΕΝΤΑΛΜΑ ΠΛΗΡΩΜΗΣ MEDIPRIME ΙΑΤΡΟΦΑΡΜ.ΕΙΔΩΝ Α.Ε.Ε. (998283526),998283526,MEDIPRIME ΙΑΤΡΟΦΑΡΜ.ΕΙΔΩΝ Α.Ε.Ε. (998283526),19032.3,,
6ΝΚΓ4690ΒΩ-91Β,2025-12-10,ΕΝΤΑΛΜΑ ΠΛΗΡΩΜΗΣ ΓΕΝΙΚΗ ΧΗΜΙΚΩΝ ΠΡΟΙΟΝΤΩΝ Α.Ε. (094133588),094133588,ΓΕΝΙΚΗ ΧΗΜΙΚΩΝ ΠΡΟΙΟΝΤΩΝ Α.Ε. (094133588),4827.04,,
6ΦΓΗ4690ΒΩ-3Γ9,2025-12-10,ΕΝΤΑΛΜΑ ΠΛΗΡΩΜΗΣ ΜΑΥΡΟΓΕΝΗΣ ΑΝΑΣΤΑΣΙΟΣ ΑΕ ΙΑΤΡΟΤΕΧΝΟΛΟΓΙΚΑ ΕΙΔΗ (082525697),082525697,ΜΑΥΡΟΓΕΝΗΣ ΑΝΑΣΤΑΣΙΟΣ ΑΕ ΙΑΤΡΟΤΕΧΝΟΛΟΓΙΚΑ ΕΙΔΗ (082525697),5708.76,,
9ΣΑΚ4690ΒΩ-ΦΦΖ,2025-12-09,ΕΝΤΑΛΜΑ ΠΛΗΡΩΜΗΣ ΙΑΤΡΙΚΑ ΠΕΝΥ ΕΠΕ (999117743),999117743,ΙΑΤΡΙΚΑ ΠΕΝΥ ΕΠΕ (999117743),9093.32,,
ΡΕΜΡ4690ΒΩ-Ω44,2025-12-09,ΕΝΤΑΛΜΑ ΠΛΗΡΩΜΗΣ ΔΕΥΑΜΒ (090071204),090071204,ΔΕΥΑΜΒ (090071204),7045.89,,
9ΧΟΙ4690ΒΩ-7ΤΚ,2025-12-08,ΕΝΤΑΛΜΑ ΠΛΗΡΩΜΗΣ ΚΟΠΕΡ Α.Ε. (094007897),094007897,ΚΟΠΕΡ Α.Ε. (094007897),6191.19,,
ΕΥΡΘ4690ΒΩ-ΗΑΞ,2025-12-08,ΕΝΤΑΛΜΑ ΠΛΗΡΩΜΗΣ ΙΑΤΡΟΤΕΧΝΟΛΟΓΙΚΑ P.S.TEAM Ε.Π.Ε. (998465266),998465266,ΙΑΤΡΟΤΕΧΝΟΛΟΓΙΚΑ P.S.TEAM Ε.Π.Ε. (998465266),18554.06,,
Ε0Ω74690ΒΩ-6ΙΦ,2025-12-08,ΕΝΤΑΛΜΑ ΠΛΗΡΩΜΗΣ ΚΟΠΕΡ Α.Ε. (094007897),094007897,ΚΟΠΕΡ Α.Ε. (094007897),6654.11,,
6Α3Φ4690ΒΩ-Ε6Θ,2025-12-08,ΕΝΤΑΛΜΑ ΠΛΗΡΩΜΗΣ ΙΑΤΡΟΤΕΧΝΟΛΟΓΙΚΑ P.S.TEAM Ε.Π.Ε. (998465266),998465266,ΙΑΤΡΟΤΕΧΝΟΛΟΓΙΚΑ P.S.TEAM Ε.Π.Ε. (998465266),19232.06,,
Ψ5ΚΘ4690ΒΩ-ΙΒΠ,2025-12-09,ΕΝΤΑΛΜΑ ΠΛΗΡΩΜΗΣ ΜΕΝΤΙΣΑΠ ΑΕ (094447320),094447320,ΜΕΝΤΙΣΑΠ ΑΕ (094447320),3894.0,,
9ΩΔΝ4690ΒΩ-ΔΞΔ,2025-12-09,ΕΝΤΑΛΜΑ ΠΛΗΡΩΜΗΣ IMI INFINITY SURGIGAL INNOVATIONS ΜΟΝΟΠΡΟΣΩΠΗ  ΙΚΕ (801028069),801028069,IMI INFINITY SURGIGAL INNOVATIONS ΜΟΝΟΠΡΟΣΩΠΗ  ΙΚΕ (801028069),10170.0,,
ΕΦΤ74690ΒΩ-ΗΣΞ,2025-12-10,ΕΝΤΑΛΜΑ ΠΛΗΡΩΜΗΣ ZIMMER BIOMET ΕΛΛΑΣ ΜΟΝΟΠΡΟΣΩΠΗ  Α.Ε. (094437885),094437885,ZIMMER BIOMET ΕΛΛΑΣ ΜΟΝΟΠΡΟΣΩΠΗ  Α.Ε. (094437885),19093.82,,
ΨΓ8Α4690ΒΩ-ΦΟΓ,2025-12-10,ΕΝΤΑΛΜΑ ΠΛΗΡΩΜΗΣ ΤΡΑΠΕΖΑ  EUROBANK AE (094014250),094014250,ΤΡΑΠΕΖΑ  EUROBANK AE (094014250),4.0,,
ΕΡΓΝ4690ΒΩ-ΨΤΓ,2025-12-11,ΕΝΤΑΛΜΑ ΠΛΗΡΩΜΗΣ LERIVA ΔΙΑΓΝΩΣΤΙΚΑ Α.Ε (800356020),800356020,LERIVA ΔΙΑΓΝΩΣΤΙΚΑ Α.Ε (800356020),12692.44,,
9ΥΠΜ4690ΒΩ-ΚΞ9,2025-12-11,ΕΝΤΑΛΜΑ ΠΛΗΡΩΜΗΣ ABBOTT LABORATORIES  ΕΛΛΑΣ  Α.Β.Ε.Ε. (094027257),094027257,ABBOTT LABORATORIES  ΕΛΛΑΣ  Α.Β.Ε.Ε. (094027257),24998.0,,
ΨΔΗΖ4690ΒΩ-Α0Θ,2025-12-11,ΕΝΤΑΛΜΑ ΠΛΗΡΩΜΗΣ ΝΤΙΑΜΕΝΤ ΕΛΛΑΣ Α.Ε.Ε (095259724),095259724,ΝΤΙΑΜΕΝΤ ΕΛΛΑΣ Α.Ε.Ε (095259724),16597.94,,
Ρ4314690ΒΩ-Ω4Ρ,2025-12-11,ΕΝΤΑΛΜΑ ΠΛΗΡΩΜΗΣ ΚΥΡΙΑΚΙΔΗΣ Ι.Μ. Α.Ε. (094128820),094128820,ΚΥΡΙΑΚΙΔΗΣ Ι.Μ. Α.Ε. (094128820),24525.16,,
Ε6ΘΓ4690ΒΩ-ΨΓ1,2025-12-11,ΕΝΤΑΛΜΑ ΠΛΗΡΩΜΗΣ MEDICON HELLAS AE (094240321),094240321,MEDICON HELLAS AE (094240321),1132.8,,
ΨΘ914690ΒΩ-Ψ71,2025-12-11,ΕΝΤΑΛΜΑ ΠΛΗΡΩΜΗΣ ΔΙΑΓΝΩΣΤΙΚΗ - ΑΝΑΛΥΤΙΚΗ  Α.Ε (099109774),099109774,ΔΙΑΓΝΩΣΤΙΚΗ - ΑΝΑΛΥΤΙΚΗ  Α.Ε (099109774),1743.49,,
Ρ03Ω4690ΒΩ-ΞΣΦ,2025-12-11,ΕΝΤΑΛΜΑ ΠΛΗΡΩΜΗΣ ΑΛΦΑ ΜΕΝΤΙΚΑΛ ΑΕΒΕ (095580571),095580571,ΑΛΦΑ ΜΕΝΤΙΚΑΛ ΑΕΒΕ (095580571),2231.3,,
ΨΟΨΖ4690ΒΩ-6Χ9,2025-12-11,ΕΝΤΑΛΜΑ ΠΛΗΡΩΜΗΣ ΝΕΑ ΔΙΑΓΝΩΣΤΙΚΗ ΔΙΑΣΤΑΣΗ Ε.Π.Ε (095618368),095618368,ΝΕΑ ΔΙΑΓΝΩΣΤΙΚΗ ΔΙΑΣΤΑΣΗ Ε.Π.Ε (095618368),2537.64,,
ΕΚΧΘ4690ΒΩ-ΠΥ8,2025-12-11,ΕΝΤΑΛΜΑ ΠΛΗΡΩΜΗΣ ABBOTT LABORATORIES  ΕΛΛΑΣ  Α.Β.Ε.Ε. (094027257),094027257,ABBOTT LABORATORIES  ΕΛΛΑΣ  Α.Β.Ε.Ε. (094027257),9152.36,,
ΨΦΧ84690ΒΩ-7ΙΤ,2025-12-08,ΕΝΤΑΛΜΑ ΠΛΗΡΩΜΗΣ ΓΕΝΙΚΗ ΧΗΜΙΚΩΝ ΠΡΟΙΟΝΤΩΝ Α.Ε. (094133588),094133588,ΓΕΝΙΚΗ ΧΗΜΙΚΩΝ ΠΡΟΙΟΝΤΩΝ Α.Ε. (094133588),12159.22,,
ΨΛ9Μ4690ΒΩ-ΨΘ5,2025-12-10,ΕΝΤΑΛΜΑ ΠΛΗΡΩΜΗΣ ΓΕΝΙΚΗ ΧΗΜΙΚΩΝ ΠΡΟΙΟΝΤΩΝ Α.Ε. (094133588),094133588,ΓΕΝΙΚΗ ΧΗΜΙΚΩΝ ΠΡΟΙΟΝΤΩΝ Α.Ε. (094133588),15038.1,,
9ΔΜ54690ΒΩ-54Σ,2025-12-10,ΕΝΤΑΛΜΑ ΠΛΗΡΩΜΗΣ ΚΟΣΜΙΔΗΣ  ΧΑΡ. ΠΕΤΡΟΣ     ΣΙΑ  Ε.Ε. (999685389),999685389,ΚΟΣΜΙΔΗΣ  ΧΑΡ. ΠΕΤΡΟΣ     ΣΙΑ  Ε.Ε. (999685389),16043.9,,
ΡΙ2Ε4690ΒΩ-ΡΑ7,2025-12-10,ΕΝΤΑΛΜΑ ΠΛΗΡΩΜΗΣ ΚΑΛΤΕΚ ΑΕ ΕΜΠΟΡΙΑ ΙΑΤΡΙΚΩΝ ΕΙΔΩΝ ΚΑΙ ΠΡΟΙΟΝΤΩΝ ΚΑΙ ΜΗΧΑΝΗΜΑΤΩΝ  ΑΝΩΝΥΜΗ ΕΤΑΙΡΕΙΑ (999307110),999307110,ΚΑΛΤΕΚ ΑΕ ΕΜΠΟΡΙΑ ΙΑΤΡΙΚΩΝ ΕΙΔΩΝ ΚΑΙ ΠΡΟΙΟΝΤΩΝ ΚΑΙ ΜΗΧΑΝΗΜΑΤΩΝ  ΑΝΩΝΥΜΗ ΕΤΑΙΡΕΙΑ (999307110),17360.0,,
97ΞΔ4690ΒΩ-ΕΡΚ,2025-12-10,ΕΝΤΑΛΜΑ ΠΛΗΡΩΜΗΣ EUROSUP MON. IKE ΕΜΠΟΡΙΟ ΕΠΙΔΕΣΜΙΚΟΥ ΥΛΙΚΟΥ (800715333),800715333,EUROSUP MON. IKE ΕΜΠΟΡΙΟ ΕΠΙΔΕΣΜΙΚΟΥ ΥΛΙΚΟΥ (800715333),16780.5,,
ΡΤΔΖ4690ΒΩ-3Α7,2025-12-10,ΕΝΤΑΛΜΑ ΠΛΗΡΩΜΗΣ MEDIPRIME ΙΑΤΡΟΦΑΡΜ.ΕΙΔΩΝ Α.Ε.Ε. (998283526),998283526,MEDIPRIME ΙΑΤΡΟΦΑΡΜ.ΕΙΔΩΝ Α.Ε.Ε. (998283526),1446.69,,
6ΗΝΔ4690ΒΩ-ΓΣΚ,2025-12-10,ΕΝΤΑΛΜΑ ΠΛΗΡΩΜΗΣ MILONAS HEALTH A.E (998179225),998179225,MILONAS HEALTH A.E (998179225),5722.6,,
Ε7ΘΝ4690ΒΩ-Ε99,2025-12-10,ΕΝΤΑΛΜΑ ΠΛΗΡΩΜΗΣ V L VIOLAK INTERNATIONAL   A.E. (099370337),099370337,V L VIOLAK INTERNATIONAL   A.E. (099370337),2143.39,,
98ΒΟ4690ΒΩ-ΛΧΟ,2025-12-10,ΕΝΤΑΛΜΑ ΠΛΗΡΩΜΗΣ DUCASCO ΔΟΥPΜΟΥΣΟΓΛΟΥ α.ε.β.ε (999640490),999640490,DUCASCO ΔΟΥPΜΟΥΣΟΓΛΟΥ α.ε.β.ε (999640490),285.89,,
ΨΦΖΨ4690ΒΩ-Γ7Ν,2025-12-10,ΕΝΤΑΛΜΑ ΠΛΗΡΩΜΗΣ ΑΝΑΓΝΩΣΤΟΥ ΧΡΙΣΤΟΔΟΥΛΟΣ   ΣΙΑ Ε.Ε. (800324752),800324752,ΑΝΑΓΝΩΣΤΟΥ ΧΡΙΣΤΟΔΟΥΛΟΣ   ΣΙΑ Ε.Ε. (800324752),215.27,,
9ΕΙΛ4690ΒΩ-ΕΧ4,2025-12-10,ΕΝΤΑΛΜΑ ΠΛΗΡΩΜΗΣ ΜΑΥΡΟΓΕΝΗΣ ΑΝΑΣΤΑΣΙΟΣ ΑΕ ΙΑΤΡΟΤΕΧΝΟΛΟΓΙΚΑ ΕΙΔΗ (082525697),082525697,ΜΑΥΡΟΓΕΝΗΣ ΑΝΑΣΤΑΣΙΟΣ ΑΕ ΙΑΤΡΟΤΕΧΝΟΛΟΓΙΚΑ ΕΙΔΗ (082525697),10569.07,,
ΨΛΜ34690ΒΩ-43Δ,2025-12-09,ΕΝΤΑΛΜΑ ΠΛΗΡΩΜΗΣ SPINE ACTION EΠE (998413534),998413534,SPINE ACTION EΠE (998413534),11175.7,,
ΨΥΡΡ4690ΒΩ-ΨΡΛ,2025-12-10,ΕΝΤΑΛΜΑ ΠΛΗΡΩΜΗΣ BBD ΝΙΚ.ΛΑΙΝΙΩΤΗΣ Α.Ε.Β.Ε. (093628458),093628458,BBD ΝΙΚ.ΛΑΙΝΙΩΤΗΣ Α.Ε.Β.Ε. (093628458),844.44,,
ΨΟ844690ΒΩ-0Φ5,2025-12-10,ΕΝΤΑΛΜΑ ΠΛΗΡΩΜΗΣ ΙΝΕΞ Α.Ε. (094356041),094356041,ΙΝΕΞ Α.Ε. (094356041),843.2,,
Ρ3ΤΒ4690ΒΩ-ΜΥΕ,2025-12-10,ΕΝΤΑΛΜΑ ΠΛΗΡΩΜΗΣ ΓΕΝΙΚΗ ΧΗΜΙΚΩΝ ΠΡΟΙΟΝΤΩΝ Α.Ε. (094133588),094133588,ΓΕΝΙΚΗ ΧΗΜΙΚΩΝ ΠΡΟΙΟΝΤΩΝ Α.Ε. (094133588),4899.12,,
ΕΕΙΧ4690ΒΩ-Ι9Κ,2025-12-10,ΕΝΤΑΛΜΑ ΠΛΗΡΩΜΗΣ ΜΑΥΡΟΓΕΝΗΣ ΑΝΑΣΤΑΣΙΟΣ ΑΕ ΙΑΤΡΟΤΕΧΝΟΛΟΓΙΚΑ ΕΙΔΗ (082525697),082525697,ΜΑΥΡΟΓΕΝΗΣ ΑΝΑΣΤΑΣΙΟΣ ΑΕ ΙΑΤΡΟΤΕΧΝΟΛΟΓΙΚΑ ΕΙΔΗ (082525697),187.58,,
632Ρ4690ΒΩ-Τ9Ν,2025-12-10,ΕΝΤΑΛΜΑ ΠΛΗΡΩΜΗΣ ΓΕΡΜΑΝΟΣ ΞΕΝΟΦΩΝ ΑΕΕ (094326835),094326835,ΓΕΡΜΑΝΟΣ ΞΕΝΟΦΩΝ ΑΕΕ (094326835),2149.26,,
ΡΔ1Η4690ΒΩ-ΤΛΘ,2025-12-10,ΕΝΤΑΛΜΑ ΠΛΗΡΩΜΗΣ BBD ΝΙΚ.ΛΑΙΝΙΩΤΗΣ Α.Ε.Β.Ε. (093628458),093628458,BBD ΝΙΚ.ΛΑΙΝΙΩΤΗΣ Α.Ε.Β.Ε. (093628458),110.4,,
ΡΗΕ14690ΒΩ-ΖΞΘ,2025-12-10,ΕΝΤΑΛΜΑ ΠΛΗΡΩΜΗΣ BIOKON ΙΑΤΡΙΚΑ   ΒΙΟΤΕΧ/ΚΑ ΠΡΟΙΟΝΤΑ ΕΠΕ (999656321),999656321,BIOKON ΙΑΤΡΙΚΑ   ΒΙΟΤΕΧ/ΚΑ ΠΡΟΙΟΝΤΑ ΕΠΕ (999656321),76.32,,
ΡΧ7Ο4690ΒΩ-ΜΨ2,2025-12-10,ΕΝΤΑΛΜΑ ΠΛΗΡΩΜΗΣ Y LOGIMED Α.Ε (094446034),094446034,Y LOGIMED Α.Ε (094446034),5454.51,,
ΡΤΚ84690ΒΩ-ΩΙΓ,2025-12-10,ΕΝΤΑΛΜΑ ΠΛΗΡΩΜΗΣ PAUL HARTMANN HELLAS AE (999862491),999862491,PAUL HARTMANN HELLAS AE (999862491),3312.04,,
ΨΧΑΟ4690ΒΩ-36Ρ,2025-12-10,ΕΝΤΑΛΜΑ ΠΛΗΡΩΜΗΣ ΥΓΕΙΟΔΥΝΑΜΙΚΗ Α.Ε. ΙΑΤΡΙΚΩΝ ΕΦΟΔΙΩΝ (997672386),997672386,ΥΓΕΙΟΔΥΝΑΜΙΚΗ Α.Ε. ΙΑΤΡΙΚΩΝ ΕΦΟΔΙΩΝ (997672386),2256.8,,
6ΣΣΑ4690ΒΩ-ΚΧ2,2025-12-10,ΕΝΤΑΛΜΑ ΠΛΗΡΩΜΗΣ ΑΡΗΤΗ Α.Ε (094251753),094251753,ΑΡΗΤΗ Α.Ε (094251753),6054.72,,
ΨΑΗΔ4690ΒΩ-84Ρ,2025-12-10,ΕΝΤΑΛΜΑ ΠΛΗΡΩΜΗΣ ΑΤΛΑΣ ΜΕΝΤΙΚΑΛ ΑΕ (998413964),998413964,ΑΤΛΑΣ ΜΕΝΤΙΚΑΛ ΑΕ (998413964),1112.15,,
969Ο4690ΒΩ-ΠΑΥ,2025-12-09,ΕΝΤΑΛΜΑ ΠΛΗΡΩΜΗΣ ZIMMER BIOMET ΕΛΛΑΣ ΜΟΝΟΠΡΟΣΩΠΗ  Α.Ε. (094437885),094437885,ZIMMER BIOMET ΕΛΛΑΣ ΜΟΝΟΠΡΟΣΩΠΗ  Α.Ε. (094437885),2978.05,,
ΡΦΘΥ4690ΒΩ-ΕΘΛ,2025-12-09,ΕΝΤΑΛΜΑ ΠΛΗΡΩΜΗΣ ZIMMER BIOMET ΕΛΛΑΣ ΜΟΝΟΠΡΟΣΩΠΗ  Α.Ε. (094437885),094437885,ZIMMER BIOMET ΕΛΛΑΣ ΜΟΝΟΠΡΟΣΩΠΗ  Α.Ε. (094437885),3498.06,,
9Ν9Ι4690ΒΩ-ΚΑ2,2025-12-09,ΕΝΤΑΛΜΑ ΠΛΗΡΩΜΗΣ ZIMMER BIOMET ΕΛΛΑΣ ΜΟΝΟΠΡΟΣΩΠΗ  Α.Ε. (094437885),094437885,ZIMMER BIOMET ΕΛΛΑΣ ΜΟΝΟΠΡΟΣΩΠΗ  Α.Ε. (094437885),1005.64,,
9ΦΔΑ4690ΒΩ-ΒΣ6,2025-12-09,ΕΝΤΑΛΜΑ ΠΛΗΡΩΜΗΣ ZIMMER BIOMET ΕΛΛΑΣ ΜΟΝΟΠΡΟΣΩΠΗ  Α.Ε. (094437885),094437885,ZIMMER BIOMET ΕΛΛΑΣ ΜΟΝΟΠΡΟΣΩΠΗ  Α.Ε. (094437885),1279.16,,
900Γ4690ΒΩ-ΛΗΝ,2025-12-09,ΕΝΤΑΛΜΑ ΠΛΗΡΩΜΗΣ ΤΡΑΠΕΖΑ  EUROBANK AE (094014250),094014250,ΤΡΑΠΕΖΑ  EUROBANK AE (094014250),2.4,,
Ρ2Α94690ΒΩ-7Δ3,2025-12-09,ΕΝΤΑΛΜΑ ΠΛΗΡΩΜΗΣ ΕΡΓΟΣΥΣΤΕΜΣ ΕΠΕ (095457728),095457728,ΕΡΓΟΣΥΣΤΕΜΣ ΕΠΕ (095457728),7630.96,,
6Δ6Ε4690ΒΩ-ΠΝΖ,2025-12-10,ΕΝΤΑΛΜΑ ΠΛΗΡΩΜΗΣ DEVELOPED MEDICAL PRODUCTS SERVICES  LTD (998333221),998333221,DEVELOPED MEDICAL PRODUCTS SERVICES  LTD (998333221),45032.45,,
9Ω2Λ4690ΒΩ-ΘΔΨ,2025-12-10,ΕΝΤΑΛΜΑ ΠΛΗΡΩΜΗΣ HEALTH TEAM ΙΑΤΡΙΚΑ Ι.Κ.Ε. (800925613),800925613,HEALTH TEAM ΙΑΤΡΙΚΑ Ι.Κ.Ε. (800925613),4906.71,,
6ΤΦΛ4690ΒΩ-ΕΙΒ,2025-12-10,ΕΝΤΑΛΜΑ ΠΛΗΡΩΜΗΣ ΠΑΠΑΕΛΛΗΝΑΣ  Α. ΚΩΣΤΑΣ (ΕΛΛΑΣ) Α.Ε.Β.Ε. (094075360),094075360,ΠΑΠΑΕΛΛΗΝΑΣ  Α. ΚΩΣΤΑΣ (ΕΛΛΑΣ) Α.Ε.Β.Ε. (094075360),2492.4,,
ΡΗΖΡ4690ΒΩ-1Μ1,2025-12-09,ΕΝΤΑΛΜΑ ΠΛΗΡΩΜΗΣ IMPROVEMED  Ι.Κ.Ε. EMΠΟΡΙΟ-ΔΙΑΘΕΣΗ ΙΑΤΡΙΚΩΝ ΕΙΔΩΝ (800541285),800541285,IMPROVEMED  Ι.Κ.Ε. EMΠΟΡΙΟ-ΔΙΑΘΕΣΗ ΙΑΤΡΙΚΩΝ ΕΙΔΩΝ (800541285),13978.1,,
6ΧΩ44690ΒΩ-ΠΞ7,2025-12-09,ΕΝΤΑΛΜΑ ΠΛΗΡΩΜΗΣ ΤΡΑΠΕΖΑ  EUROBANK AE (094014250),094014250,ΤΡΑΠΕΖΑ  EUROBANK AE (094014250),4.0,,
68Ε94690ΒΩ-5Ω3,2025-12-10,ΕΝΤΑΛΜΑ ΠΛΗΡΩΜΗΣ ΚΟΣΜΙΔΗΣ  ΧΑΡ. ΠΕΤΡΟΣ     ΣΙΑ  Ε.Ε. (999685389),999685389,ΚΟΣΜΙΔΗΣ  ΧΑΡ. ΠΕΤΡΟΣ     ΣΙΑ  Ε.Ε. (999685389),8559.14,,
Ψ4794690ΒΩ-7ΣΜ,2025-12-10,ΕΝΤΑΛΜΑ ΠΛΗΡΩΜΗΣ MEDIC PLAN HEALTH PROJECT IKE (999961120),999961120,MEDIC PLAN HEALTH PROJECT IKE (999961120),2480.0,,
ΡΒ3Η4690ΒΩ-Π3Μ,2025-12-10,ΕΝΤΑΛΜΑ ΠΛΗΡΩΜΗΣ PAUL HARTMANN HELLAS AE (999862491),999862491,PAUL HARTMANN HELLAS AE (999862491),282.72,,
Ρ3ΝΟ4690ΒΩ-0ΝΙ,2025-12-09,ΕΝΤΑΛΜΑ ΠΛΗΡΩΜΗΣ ORTHOPRO IKE (800544160),800544160,ORTHOPRO IKE (800544160),14228.02,,
ΨΚΦΤ4690ΒΩ-5ΣΨ,2025-12-09,ΕΝΤΑΛΜΑ ΠΛΗΡΩΜΗΣ ORTHOPRO IKE (800544160),800544160,ORTHOPRO IKE (800544160),13874.55,,
9ΥΡΒ4690ΒΩ-ΝΜ1,2025-12-09,ΕΝΤΑΛΜΑ ΠΛΗΡΩΜΗΣ ORTHOPRO IKE (800544160),800544160,ORTHOPRO IKE (800544160),18424.74,,
ΡΧΟ44690ΒΩ-6Μ9,2025-12-09,ΕΝΤΑΛΜΑ ΠΛΗΡΩΜΗΣ ORTHOPRO IKE (800544160),800544160,ORTHOPRO IKE (800544160),16733.13,,
63Ρ74690ΒΩ-1ΝΖ,2025-12-09,ΕΝΤΑΛΜΑ ΠΛΗΡΩΜΗΣ ΑΡΘΡΩΣΙΣ Α.Ε (082899566),082899566,ΑΡΘΡΩΣΙΣ Α.Ε (082899566),1560.53,,
ΡΦΟΟ4690ΒΩ-ΔΙ8,2025-12-10,ΕΝΤΑΛΜΑ ΠΛΗΡΩΜΗΣ ZIMMER BIOMET ΕΛΛΑΣ ΜΟΝΟΠΡΟΣΩΠΗ  Α.Ε. (094437885),094437885,ZIMMER BIOMET ΕΛΛΑΣ ΜΟΝΟΠΡΟΣΩΠΗ  Α.Ε. (094437885),2132.53,,
ΡΠ6Υ4690ΒΩ-ΩΩΧ,2025-12-05,ΕΝΤΑΛΜΑ ΠΛΗΡΩΜΗΣ ΚΑΛΤΕΚ ΑΕ ΕΜΠΟΡΙΑ ΙΑΤΡΙΚΩΝ ΕΙΔΩΝ ΚΑΙ ΠΡΟΙΟΝΤΩΝ ΚΑΙ ΜΗΧΑΝΗΜΑΤΩΝ  ΑΝΩΝΥΜΗ ΕΤΑΙΡΕΙΑ (999307110),999307110,ΚΑΛΤΕΚ ΑΕ ΕΜΠΟΡΙΑ ΙΑΤΡΙΚΩΝ ΕΙΔΩΝ ΚΑΙ ΠΡΟΙΟΝΤΩΝ ΚΑΙ ΜΗΧΑΝΗΜΑΤΩΝ  ΑΝΩΝΥΜΗ ΕΤΑΙΡΕΙΑ (999307110),16328.5,,
ΡΠΘ74690ΒΩ-ΝΗΟ,2025-12-11,ΕΝΤΑΛΜΑ ΠΛΗΡΩΜΗΣ Α.ΔΕΡΒΟΣ-Γ.ΔΗΜΗΤΡΑΚΟΠΟΥΛΟΣ κ.ΣΙΑ Α.Ε. (099518023),099518023,Α.ΔΕΡΒΟΣ-Γ.ΔΗΜΗΤΡΑΚΟΠΟΥΛΟΣ κ.ΣΙΑ Α.Ε. (099518023),801.04,,
6ΘΗΖ4690ΒΩ-4ΛΔ,2025-12-11,ΕΝΤΑΛΜΑ ΠΛΗΡΩΜΗΣ ΓΕΝΙΚΗ ΧΕΙΡΟΥΡΓΙΚΗ' Ο.Ε. ΛΕΩΝ Δ. ΣΑΛΤΙΕΛ κ. ΥΙΟΙ (091538410),091538410,ΓΕΝΙΚΗ ΧΕΙΡΟΥΡΓΙΚΗ' Ο.Ε. ΛΕΩΝ Δ. ΣΑΛΤΙΕΛ κ. ΥΙΟΙ (091538410),166.16,,
Ρ0ΥΜ4690ΒΩ-Ω7Ε,2025-10-15,ΕΝΤΑΛΜΑ ΠΛΗΡΩΜΗΣ STAGER-Ι.Δ. ΚΩΝΣΤΑΝΤΟΠΟΥΛΟΣ ΑΒΕΕ (800357297),800357297,STAGER-Ι.Δ. ΚΩΝΣΤΑΝΤΟΠΟΥΛΟΣ ΑΒΕΕ (800357297),644.8,,
98ΟΥ4690ΒΩ-ΖΤ8,2025-12-11,ΕΝΤΑΛΜΑ ΠΛΗΡΩΜΗΣ ΕΛΛΕΝΚΟ ΑΕ (094074824),094074824,ΕΛΛΕΝΚΟ ΑΕ (094074824),497.59,,
Ρ3ΜΑ4690ΒΩ-ΡΟΩ,2025-12-11,ΕΝΤΑΛΜΑ ΠΛΗΡΩΜΗΣ ΓΕΡΜΑΝΟΣ ΞΕΝΟΦΩΝ ΑΕΕ (094326835),094326835,ΓΕΡΜΑΝΟΣ ΞΕΝΟΦΩΝ ΑΕΕ (094326835),491.55,,
ΕΦΧΜ4690ΒΩ-59Υ,2025-11-27,ΕΝΤΑΛΜΑ ΠΛΗΡΩΜΗΣ ΙΝΕΞ Α.Ε. (094356041),094356041,ΙΝΕΞ Α.Ε. (094356041),3073.6,,
ΨΕ3Ρ4690ΒΩ-Ξ5Σ,2025-12-09,ΕΝΤΑΛΜΑ ΠΛΗΡΩΜΗΣ ORTHOPRO IKE (800544160),800544160,ORTHOPRO IKE (800544160),11152.19,,
ΡΒΑΘ4690ΒΩ-ΑΡ0,2025-12-11,ΕΝΤΑΛΜΑ ΠΛΗΡΩΜΗΣ ΜΑΥΡΟΓΕΝΗΣ ΑΝΑΣΤΑΣΙΟΣ ΑΕ ΙΑΤΡΟΤΕΧΝΟΛΟΓΙΚΑ ΕΙΔΗ (082525697),082525697,ΜΑΥΡΟΓΕΝΗΣ ΑΝΑΣΤΑΣΙΟΣ ΑΕ ΙΑΤΡΟΤΕΧΝΟΛΟΓΙΚΑ ΕΙΔΗ (082525697),44362.84,,
9ΦΞΜ4690ΒΩ-7ΜΤ,2025-12-11,ΕΝΤΑΛΜΑ ΠΛΗΡΩΜΗΣ ΜΑΥΡΟΓΕΝΗΣ ΑΝΑΣΤΑΣΙΟΣ ΑΕ ΙΑΤΡΟΤΕΧΝΟΛΟΓΙΚΑ ΕΙΔΗ (082525697),082525697,ΜΑΥΡΟΓΕΝΗΣ ΑΝΑΣΤΑΣΙΟΣ ΑΕ ΙΑΤΡΟΤΕΧΝΟΛΟΓΙΚΑ ΕΙΔΗ (082525697),12520.4,,
616Φ4690ΒΩ-0ΜΒ,2025-12-11,ΕΝΤΑΛΜΑ ΠΛΗΡΩΜΗΣ ΜΑΥΡΟΓΕΝΗΣ ΑΝΑΣΤΑΣΙΟΣ ΑΕ ΙΑΤΡΟΤΕΧΝΟΛΟΓΙΚΑ ΕΙΔΗ (082525697),082525697,ΜΑΥΡΟΓΕΝΗΣ ΑΝΑΣΤΑΣΙΟΣ ΑΕ ΙΑΤΡΟΤΕΧΝΟΛΟΓΙΚΑ ΕΙΔΗ (082525697),5382.06,,
Ρ4ΚΔ4690ΒΩ-ΜΥΧ,2025-12-04,ΕΝΤΑΛΜΑ ΠΛΗΡΩΜΗΣ ΓΕΝΙΚΗ ΧΗΜΙΚΩΝ ΠΡΟΙΟΝΤΩΝ Α.Ε. (094133588),094133588,ΓΕΝΙΚΗ ΧΗΜΙΚΩΝ ΠΡΟΙΟΝΤΩΝ Α.Ε. (094133588),19616.92,,
Ε07Ρ4690ΒΩ-Ξ22,2025-12-04,ΕΝΤΑΛΜΑ ΠΛΗΡΩΜΗΣ BBD ΝΙΚ.ΛΑΙΝΙΩΤΗΣ Α.Ε.Β.Ε. (093628458),093628458,BBD ΝΙΚ.ΛΑΙΝΙΩΤΗΣ Α.Ε.Β.Ε. (093628458),3253.76,,
6ΜΚΣ4690ΒΩ-ΝΙΚ,2025-12-04,ΕΝΤΑΛΜΑ ΠΛΗΡΩΜΗΣ ΚΟΣΜΙΔΗΣ  ΧΑΡ. ΠΕΤΡΟΣ     ΣΙΑ  Ε.Ε. (999685389),999685389,ΚΟΣΜΙΔΗΣ  ΧΑΡ. ΠΕΤΡΟΣ     ΣΙΑ  Ε.Ε. (999685389),6210.71,,
9ΜΧΘ4690ΒΩ-ΓΗΧ,2025-12-04,ΕΝΤΑΛΜΑ ΠΛΗΡΩΜΗΣ ΒΙΟΔΥΝΑΜΙΚΗ ΑΕ (094138676),094138676,ΒΙΟΔΥΝΑΜΙΚΗ ΑΕ (094138676),1488.0,,
9ΓΒΣ4690ΒΩ-6ΨΘ,2025-12-04,ΕΝΤΑΛΜΑ ΠΛΗΡΩΜΗΣ ΠΡΩΤΟΝ A.E. (094442268),094442268,ΠΡΩΤΟΝ A.E. (094442268),1940.41,,
ΡΖΖ04690ΒΩ-ΥΥΚ,2025-12-08,ΕΝΤΑΛΜΑ ΠΛΗΡΩΜΗΣ ΜΟΚΚΑΣ ΝΙΚ. ΒΛΑΣΙΟΣ (043422663),043422663,ΜΟΚΚΑΣ ΝΙΚ. ΒΛΑΣΙΟΣ (043422663),696.57,,
6ΣΛΓ4690ΒΩ-Α3Θ,2025-12-06,ΕΝΤΑΛΜΑ ΠΛΗΡΩΜΗΣ ΞΕΝΕΞ-ΑΝΑΣΤΑΣΙΟΣ ΚΙΟΥΛΠΑΠΑΣ Α.Ε. (094285848),094285848,ΞΕΝΕΞ-ΑΝΑΣΤΑΣΙΟΣ ΚΙΟΥΛΠΑΠΑΣ Α.Ε. (094285848),731.6,,
96ΥΕ4690ΒΩ-ΨΒΕ,2025-12-10,ΕΝΤΑΛΜΑ ΠΛΗΡΩΜΗΣ ALLMED E.E. (997564511),997564511,ALLMED E.E. (997564511),3158.94,,
ΨΠΒ04690ΒΩ-ΜΝ8,2025-12-06,ΕΝΤΑΛΜΑ ΠΛΗΡΩΜΗΣ ΠΑΡΑΣΧΟΣ Β.   ΣΙΑ ΕΕ (099905778),099905778,ΠΑΡΑΣΧΟΣ Β.   ΣΙΑ ΕΕ (099905778),314.34,,
ΡΣΧ44690ΒΩ-ΒΣΧ,2025-12-06,ΕΝΤΑΛΜΑ ΠΛΗΡΩΜΗΣ ΠΡΩΤΟΝ A.E. (094442268),094442268,ΠΡΩΤΟΝ A.E. (094442268),2740.4,,
ΨΣΧ54690ΒΩ-ΔΙΝ,2025-12-11,ΕΝΤΑΛΜΑ ΠΛΗΡΩΜΗΣ ΔΙΑΧΕΙΡΙΣΗ ΠΟΛΥΚΑΤΟΙΚΙΑΣ ΑΝΑΓΩΣΤΟΠΟΥΛΟΥ 23 (997286291),997286291,ΔΙΑΧΕΙΡΙΣΗ ΠΟΛΥΚΑΤΟΙΚΙΑΣ ΑΝΑΓΩΣΤΟΠΟΥΛΟΥ 23 (997286291),30.53,,
Ρ6ΝΣ4690ΒΩ-ΞΛΒ,2025-12-06,ΕΝΤΑΛΜΑ ΠΛΗΡΩΜΗΣ ΠΡΩΤΟΝ A.E. (094442268),094442268,ΠΡΩΤΟΝ A.E. (094442268),1847.6,,
Ψ9ΛΖ4690ΒΩ-2ΨΘ,2025-12-10,ΕΝΤΑΛΜΑ ΠΛΗΡΩΜΗΣ ΚΟΠΕΡ Α.Ε. (094007897),094007897,ΚΟΠΕΡ Α.Ε. (094007897),25953.34,,
91ΒΓ4690ΒΩ-ΙΗΒ,2025-12-06,ΕΝΤΑΛΜΑ ΠΛΗΡΩΜΗΣ ΑΦΟΙ ΠΑΠΑΝΑΣΤΑΣΙΟΥ ΟΕ (081308853),081308853,ΑΦΟΙ ΠΑΠΑΝΑΣΤΑΣΙΟΥ ΟΕ (081308853),772.77,,
ΕΨΙΚ4690ΒΩ-Μ7Γ,2025-12-10,ΕΝΤΑΛΜΑ ΠΛΗΡΩΜΗΣ ΤΡΑΠΕΖΑ  EUROBANK AE (094014250),094014250,ΤΡΑΠΕΖΑ  EUROBANK AE (094014250),4.0,,
ΕΕ6Ο4690ΒΩ-90Σ,2025-12-06,ΕΝΤΑΛΜΑ ΠΛΗΡΩΜΗΣ ΥΓΕΙΟΔΥΝΑΜΙΚΗ Α.Ε. ΙΑΤΡΙΚΩΝ ΕΦΟΔΙΩΝ (997672386),997672386,ΥΓΕΙΟΔΥΝΑΜΙΚΗ Α.Ε. ΙΑΤΡΙΚΩΝ ΕΦΟΔΙΩΝ (997672386),2480.0,,
9ΩΥΤ4690ΒΩ-ΚΙΣ,2025-12-11,ΕΝΤΑΛΜΑ ΠΛΗΡΩΜΗΣ ΝΤΑΓΟΥΛΟΥΔΗΣ ΣΙΔΕΡΗΣ του ΜΙΧΑΗΛ (020724195),020724195,ΝΤΑΓΟΥΛΟΥΔΗΣ ΣΙΔΕΡΗΣ του ΜΙΧΑΗΛ (020724195),42.0,,
6ΘΧΔ4690ΒΩ-Ξ0Ξ,2025-12-06,ΕΝΤΑΛΜΑ ΠΛΗΡΩΜΗΣ ΜΑΥΡΟΥΔΗΣ Α.Ε. (997998085),997998085,ΜΑΥΡΟΥΔΗΣ Α.Ε. (997998085),1593.9,,
ΡΘ5Φ4690ΒΩ-0ΝΙ,2025-12-06,ΕΝΤΑΛΜΑ ΠΛΗΡΩΜΗΣ ΙΑΜΕΞ  ΙΑΤΡΙΚΑ  ΕΙΔΗ  Α.Ε. (999212027),999212027,ΙΑΜΕΞ  ΙΑΤΡΙΚΑ  ΕΙΔΗ  Α.Ε. (999212027),7387.73,,
9ΑΜΙ4690ΒΩ-Ι93,2025-12-10,ΕΝΤΑΛΜΑ ΠΛΗΡΩΜΗΣ ΚΑΛΤΕΚ ΑΕ ΕΜΠΟΡΙΑ ΙΑΤΡΙΚΩΝ ΕΙΔΩΝ ΚΑΙ ΠΡΟΙΟΝΤΩΝ ΚΑΙ ΜΗΧΑΝΗΜΑΤΩΝ  ΑΝΩΝΥΜΗ ΕΤΑΙΡΕΙΑ (999307110),999307110,ΚΑΛΤΕΚ ΑΕ ΕΜΠΟΡΙΑ ΙΑΤΡΙΚΩΝ ΕΙΔΩΝ ΚΑΙ ΠΡΟΙΟΝΤΩΝ ΚΑΙ ΜΗΧΑΝΗΜΑΤΩΝ  ΑΝΩΝΥΜΗ ΕΤΑΙΡΕΙΑ (999307110),12096.08,,
Ρ3Υ44690ΒΩ-8Ν0,2025-12-04,ΕΝΤΑΛΜΑ ΠΛΗΡΩΜΗΣ ΥΓΕΙΟΔΥΝΑΜΙΚΗ Α.Ε. ΙΑΤΡΙΚΩΝ ΕΦΟΔΙΩΝ (997672386),997672386,ΥΓΕΙΟΔΥΝΑΜΙΚΗ Α.Ε. ΙΑΤΡΙΚΩΝ ΕΦΟΔΙΩΝ (997672386),2174.93,,
9ΝΧΦ4690ΒΩ-ΖΕΙ,2025-12-06,ΕΝΤΑΛΜΑ ΠΛΗΡΩΜΗΣ ΜΠΑΚΕΛΑΣ Α.Ε. (800462221),800462221,ΜΠΑΚΕΛΑΣ Α.Ε. (800462221),1290.84,,
ΡΧΥΗ4690ΒΩ-ΖΕ0,2025-12-04,ΕΝΤΑΛΜΑ ΠΛΗΡΩΜΗΣ ΚΑΛΤΕΚ ΑΕ ΕΜΠΟΡΙΑ ΙΑΤΡΙΚΩΝ ΕΙΔΩΝ ΚΑΙ ΠΡΟΙΟΝΤΩΝ ΚΑΙ ΜΗΧΑΝΗΜΑΤΩΝ  ΑΝΩΝΥΜΗ ΕΤΑΙΡΕΙΑ (999307110),999307110,ΚΑΛΤΕΚ ΑΕ ΕΜΠΟΡΙΑ ΙΑΤΡΙΚΩΝ ΕΙΔΩΝ ΚΑΙ ΠΡΟΙΟΝΤΩΝ ΚΑΙ ΜΗΧΑΝΗΜΑΤΩΝ  ΑΝΩΝΥΜΗ ΕΤΑΙΡΕΙΑ (999307110),1004.4,,
Ρ5824690ΒΩ-ΡΘΙ,2025-12-06,ΕΝΤΑΛΜΑ ΠΛΗΡΩΜΗΣ ΜΠΟΥΤΖΕΤΗ ΕΥΑΝΘΙΑ ΕΜΠΟΡΙΟ ΙΑΤΡΙΚΩΝ ΕΙΔΩΝ (068799772),068799772,ΜΠΟΥΤΖΕΤΗ ΕΥΑΝΘΙΑ ΕΜΠΟΡΙΟ ΙΑΤΡΙΚΩΝ ΕΙΔΩΝ (068799772),894.96,,
ΡΒΧΛ4690ΒΩ-Φ5Α,2025-12-08,ΕΝΤΑΛΜΑ ΠΛΗΡΩΜΗΣ ΤΡΑΠΕΖΑ  EUROBANK AE (094014250),094014250,ΤΡΑΠΕΖΑ  EUROBANK AE (094014250),4.0,,
ΡΟΥ34690ΒΩ-1ΔΧ,2025-12-06,ΕΝΤΑΛΜΑ ΠΛΗΡΩΜΗΣ ΓΕΩΡΓΑΚΑΣ ΚΩΝΣΤΑΝΤΙΝΟΣ (062216690),062216690,ΓΕΩΡΓΑΚΑΣ ΚΩΝΣΤΑΝΤΙΝΟΣ (062216690),162.44,,
ΨΦΥΝ4690ΒΩ-1ΚΔ,2025-12-06,ΕΝΤΑΛΜΑ ΠΛΗΡΩΜΗΣ ΟΛΟΚΛΗΡΩΜΕΝΑ ΣΥΣΤΗΜΑΤΑ ΚΑΘΑΡΙΣΜΟΥ ΑΒΕΕ (094343647),094343647,ΟΛΟΚΛΗΡΩΜΕΝΑ ΣΥΣΤΗΜΑΤΑ ΚΑΘΑΡΙΣΜΟΥ ΑΒΕΕ (094343647),323.27,,
9ΞΡΛ4690ΒΩ-ΧΦΛ,2025-12-06,ΕΝΤΑΛΜΑ ΠΛΗΡΩΜΗΣ ΜΕΝΤΙΣΑΠ ΑΕ (094447320),094447320,ΜΕΝΤΙΣΑΠ ΑΕ (094447320),4776.76,,
ΕΛ7Φ4690ΒΩ-526,2025-12-06,ΕΝΤΑΛΜΑ ΠΛΗΡΩΜΗΣ ΝΑΚΟΣ Η. Α.Ε (099220335),099220335,ΝΑΚΟΣ Η. Α.Ε (099220335),565.0,,
ΨΔΧΚ4690ΒΩ-ΘΕΝ,2025-12-03,ΕΝΤΑΛΜΑ ΠΛΗΡΩΜΗΣ MENARINI ΔΙΑΓΝΩΣΤΙΚΑ-ΙΑΤΡ.ΟΡΓΑΝΑ ΑΕΒΕ (094322455),094322455,MENARINI ΔΙΑΓΝΩΣΤΙΚΑ-ΙΑΤΡ.ΟΡΓΑΝΑ ΑΕΒΕ (094322455),297.6,,
ΡΘΘΤ4690ΒΩ-ΦΑΑ,2025-12-06,ΕΝΤΑΛΜΑ ΠΛΗΡΩΜΗΣ ΝΑΚΟΣ Η. Α.Ε (099220335),099220335,ΝΑΚΟΣ Η. Α.Ε (099220335),77.3,,
ΕΕΥΤ4690ΒΩ-Ζ24,2025-12-03,ΕΝΤΑΛΜΑ ΠΛΗΡΩΜΗΣ MENARINI ΔΙΑΓΝΩΣΤΙΚΑ-ΙΑΤΡ.ΟΡΓΑΝΑ ΑΕΒΕ (094322455),094322455,MENARINI ΔΙΑΓΝΩΣΤΙΚΑ-ΙΑΤΡ.ΟΡΓΑΝΑ ΑΕΒΕ (094322455),360.17,,
ΕΛΕ54690ΒΩ-ΔΟΨ,2025-12-06,ΕΝΤΑΛΜΑ ΠΛΗΡΩΜΗΣ ΝΟΣΟΚΟΜΕΙΑΚΗ ΓΡΑΜΜΗ Α.Ε. HOSPITAL LINE (094396063),094396063,ΝΟΣΟΚΟΜΕΙΑΚΗ ΓΡΑΜΜΗ Α.Ε. HOSPITAL LINE (094396063),917.6,,
Ρ3Ο34690ΒΩ-ΕΤ2,2025-12-03,ΕΝΤΑΛΜΑ ΠΛΗΡΩΜΗΣ ΨΗΛΙΑΚΟΣ ΛΕΩΝΙΔΑΣ   ΣΙΑ ΕΠΕ (999495127),999495127,ΨΗΛΙΑΚΟΣ ΛΕΩΝΙΔΑΣ   ΣΙΑ ΕΠΕ (999495127),396.8,,
Ε66Β4690ΒΩ-ΓΥ5,2025-12-04,ΕΝΤΑΛΜΑ ΠΛΗΡΩΜΗΣ BBD ΝΙΚ.ΛΑΙΝΙΩΤΗΣ Α.Ε.Β.Ε. (093628458),093628458,BBD ΝΙΚ.ΛΑΙΝΙΩΤΗΣ Α.Ε.Β.Ε. (093628458),3483.86,,
9ΙΘΤ4690ΒΩ-ΓΥΦ,2025-12-06,ΕΝΤΑΛΜΑ ΠΛΗΡΩΜΗΣ ΥΓΕΙΟΔΥΝΑΜΙΚΗ Α.Ε. ΙΑΤΡΙΚΩΝ ΕΦΟΔΙΩΝ (997672386),997672386,ΥΓΕΙΟΔΥΝΑΜΙΚΗ Α.Ε. ΙΑΤΡΙΚΩΝ ΕΦΟΔΙΩΝ (997672386),713.0,,
ΨΩΛΨ4690ΒΩ-64Ζ,2025-12-04,ΕΝΤΑΛΜΑ ΠΛΗΡΩΜΗΣ BBD ΝΙΚ.ΛΑΙΝΙΩΤΗΣ Α.Ε.Β.Ε. (093628458),093628458,BBD ΝΙΚ.ΛΑΙΝΙΩΤΗΣ Α.Ε.Β.Ε. (093628458),3188.21,,
ΨΓΨΗ4690ΒΩ-ΥΧΡ,2025-12-06,ΕΝΤΑΛΜΑ ΠΛΗΡΩΜΗΣ ΤΖΑΛΑΚΑΣ  ΜΟΝΟΠΡΟΣΩΠΗ  ΙΚΕ (801526730),801526730,ΤΖΑΛΑΚΑΣ  ΜΟΝΟΠΡΟΣΩΠΗ  ΙΚΕ (801526730),12.65,,
ΡΙΨ64690ΒΩ-Θ77,2025-12-03,ΕΝΤΑΛΜΑ ΠΛΗΡΩΜΗΣ MEDITIME ΧΑΤΖΗΙΩΑΝΝΙΔΗΣ ΝΙΚΟΛΑΟΣ Α.Ε (099770660),099770660,MEDITIME ΧΑΤΖΗΙΩΑΝΝΙΔΗΣ ΝΙΚΟΛΑΟΣ Α.Ε (099770660),558.0,,
9ΩΩΒ4690ΒΩ-ΘΛΚ,2025-12-06,ΕΝΤΑΛΜΑ ΠΛΗΡΩΜΗΣ ΣΚΟΥΠΡΑΣ ΝΙΚΟΛΑΟΣ (151486717),151486717,ΣΚΟΥΠΡΑΣ ΝΙΚΟΛΑΟΣ (151486717),806.0,,
Ρ30Ο4690ΒΩ-Ξ7Κ,2025-12-03,ΕΝΤΑΛΜΑ ΠΛΗΡΩΜΗΣ ΚΑΤΣΟΣ ΙΩΑΝΝΗΣ (020296043),020296043,ΚΑΤΣΟΣ ΙΩΑΝΝΗΣ (020296043),496.0,,
Ψ25Ι4690ΒΩ-Δ17,2025-12-03,ΕΝΤΑΛΜΑ ΠΛΗΡΩΜΗΣ ΕΛΛΗΝΙΚΗ  ΑΙΜΑΤΟΛΟΓ. ΕΤΑΙΡΕΙΑ  ΕΠΙΣΤ.  ΣΩΜΑΤ. (090280536),090280536,ΕΛΛΗΝΙΚΗ  ΑΙΜΑΤΟΛΟΓ. ΕΤΑΙΡΕΙΑ  ΕΠΙΣΤ.  ΣΩΜΑΤ. (090280536),400.0,,
6ΞΧ84690ΒΩ-61Γ,2025-12-06,ΕΝΤΑΛΜΑ ΠΛΗΡΩΜΗΣ ΣΤΑΥΡΙΔΟΥ ΑΝΤΩΝ.ΧΡΙΣΤΙΝΑ (131700090),131700090,ΣΤΑΥΡΙΔΟΥ ΑΝΤΩΝ.ΧΡΙΣΤΙΝΑ (131700090),198.4,,
ΨΗ1Π4690ΒΩ-ΥΙΣ,2025-12-06,ΕΝΤΑΛΜΑ ΠΛΗΡΩΜΗΣ ΣΥΜΕΩΝΙΔΗΣ   ΒΑΣ.  ΧΑΡΑΛΑΜΠΟΣ (125190308),125190308,ΣΥΜΕΩΝΙΔΗΣ   ΒΑΣ.  ΧΑΡΑΛΑΜΠΟΣ (125190308),586.02,,
ΡΥΩ94690ΒΩ-Α6Ν,2025-12-04,ΕΝΤΑΛΜΑ ΠΛΗΡΩΜΗΣ BIOGENESYS  Ι.Κ.Ε. (099805952),099805952,BIOGENESYS  Ι.Κ.Ε. (099805952),13270.72,,
ΡΖ644690ΒΩ-ΡΦΗ,2025-12-11,ΕΝΤΑΛΜΑ ΠΛΗΡΩΜΗΣ ΤΡΑΠΕΖΑ  EUROBANK AE (094014250),094014250,ΤΡΑΠΕΖΑ  EUROBANK AE (094014250),2.4,,
ΨΕ2Κ4690ΒΩ-6ΙΘ,2025-12-11,ΕΝΤΑΛΜΑ ΠΛΗΡΩΜΗΣ ΕΡΓΟΣΥΣΤΕΜΣ ΕΠΕ (095457728),095457728,ΕΡΓΟΣΥΣΤΕΜΣ ΕΠΕ (095457728),5712.93,,
9ΣΟ64690ΒΩ-ΩΟ2,2025-12-10,ΑΜΟΙΒΕΣ ΚΑΙ ΠΡΟΜΗΘΕΙΕΣ ΤΡΑΠΕΖΩΝ ΓΙΑ ΕΞΕΡΧΟΜΕΝΕΣ ΜΕΤΑΦΟΡΕΣ ΠΙΣΤΩΣΕΩΝ ΣΕ ΤΡΑΠΕΖΕΣ ΤΟΥ ΕΞΩΤΕΡΙΚΟΥ (ΧΕ 2912 /2025  BIOGENESYS ),094014250,EUROBANK ERGASIAS ΥΠΗΡΕΣΙΩΝ ΚΑΙ ΣΥΜΜΕΤΟΧΩΝ ΑΝΩΝΥΜΗ ΕΤΑΙΡΕΙΑ,1.2,,0431α01
ΕΜΨΕ4690ΒΩ-ΦΡΗ,2025-12-09,ΕΝΤΑΛΜΑ ΠΛΗΡΩΜΗΣ ΤΡΑΠΕΖΑ  EUROBANK AE (094014250),094014250,ΤΡΑΠΕΖΑ  EUROBANK AE (094014250),4.0,,
ΡΘΡ74690ΒΩ-Μ3Ψ,2025-12-09,ΕΝΤΑΛΜΑ ΠΛΗΡΩΜΗΣ ATRON HEALTH A.E. (800519113),800519113,ATRON HEALTH A.E. (800519113),19708.67,,
ΕΘ2Β4690ΒΩ-ΙΟΛ,2025-12-09,ΕΝΤΑΛΜΑ ΠΛΗΡΩΜΗΣ PHAREL ΜΟΝΟΠΡΟΣΩΠΗ ΙΚΕ (800745614),800745614,PHAREL ΜΟΝΟΠΡΟΣΩΠΗ ΙΚΕ (800745614),6223.36,,
9Λ714690ΒΩ-ΙΚΛ,2025-12-09,ΕΝΤΑΛΜΑ ΠΛΗΡΩΜΗΣ ΤΡΑΠΕΖΑ  EUROBANK AE (094014250),094014250,ΤΡΑΠΕΖΑ  EUROBANK AE (094014250),2.4,,
98Β84690ΒΩ-ΤΕΞ,2025-12-09,ΕΝΤΑΛΜΑ ΠΛΗΡΩΜΗΣ ΚΟΠΕΡ Α.Ε. (094007897),094007897,ΚΟΠΕΡ Α.Ε. (094007897),5192.01,,
6ΔΔΣ4690ΒΩ-ΥΩΑ,2025-12-09,ΕΝΤΑΛΜΑ ΠΛΗΡΩΜΗΣ ΚΟΠΕΡ Α.Ε. (094007897),094007897,ΚΟΠΕΡ Α.Ε. (094007897),733.69,,
9ΑΙΧ4690ΒΩ-ΦΩ0,2025-12-09,ΕΝΤΑΛΜΑ ΠΛΗΡΩΜΗΣ ΙΑΤΡΟΤΕΧΝΟΛΟΓΙΚΑ P.S.TEAM Ε.Π.Ε. (998465266),998465266,ΙΑΤΡΟΤΕΧΝΟΛΟΓΙΚΑ P.S.TEAM Ε.Π.Ε. (998465266),4703.32,,
ΨΩΟΛ4690ΒΩ-ΜΜΒ,2025-12-09,ΕΝΤΑΛΜΑ ΠΛΗΡΩΜΗΣ ALFAMED PLUS - Κ.ΤΕΛΙΔΗΣ Α.Ε. (998218488),998218488,ALFAMED PLUS - Κ.ΤΕΛΙΔΗΣ Α.Ε. (998218488),3471.46,,
ΨΦΨΘ4690ΒΩ-ΟΘΦ,2025-12-09,ΕΝΤΑΛΜΑ ΠΛΗΡΩΜΗΣ MEDINOR E.E. (082802380),082802380,MEDINOR E.E. (082802380),1876.46,,
ΕΩΞ54690ΒΩ-73Δ,2025-12-09,ΕΝΤΑΛΜΑ ΠΛΗΡΩΜΗΣ ΑΡΘΡΩΣΙΣ Α.Ε (082899566),082899566,ΑΡΘΡΩΣΙΣ Α.Ε (082899566),1247.52,,
6ΓΔ84690ΒΩ-Ο4Τ,2025-12-09,ΕΝΤΑΛΜΑ ΠΛΗΡΩΜΗΣ DEVELOPED MEDICAL PRODUCTS SERVICES  LTD (998333221),998333221,DEVELOPED MEDICAL PRODUCTS SERVICES  LTD (998333221),4558.19,,
ΕΑ3Σ4690ΒΩ-Ρ6Υ,2025-12-09,ΕΝΤΑΛΜΑ ΠΛΗΡΩΜΗΣ CLINILAB  Α.   Ε. ΜΠΕΚΥΡΑΣ Α.Ε (095548153),095548153,CLINILAB  Α.   Ε. ΜΠΕΚΥΡΑΣ Α.Ε (095548153),3156.88,,
63ΨΘ4690ΒΩ-1Α7,2025-12-09,ΕΝΤΑΛΜΑ ΠΛΗΡΩΜΗΣ ΙΑΜΕΞ  ΙΑΤΡΙΚΑ  ΕΙΔΗ  Α.Ε. (999212027),999212027,ΙΑΜΕΞ  ΙΑΤΡΙΚΑ  ΕΙΔΗ  Α.Ε. (999212027),2957.49,,
Ε5Θ14690ΒΩ-ΕΝΒ,2025-12-09,ΕΝΤΑΛΜΑ ΠΛΗΡΩΜΗΣ ΙΑΜΕΞ  ΙΑΤΡΙΚΑ  ΕΙΔΗ  Α.Ε. (999212027),999212027,ΙΑΜΕΞ  ΙΑΤΡΙΚΑ  ΕΙΔΗ  Α.Ε. (999212027),3368.53,,
9ΔΙΚ4690ΒΩ-Σ2Θ,2025-12-09,ΕΝΤΑΛΜΑ ΠΛΗΡΩΜΗΣ ΙΑΜΕΞ  ΙΑΤΡΙΚΑ  ΕΙΔΗ  Α.Ε. (999212027),999212027,ΙΑΜΕΞ  ΙΑΤΡΙΚΑ  ΕΙΔΗ  Α.Ε. (999212027),2994.5,,
Ψ3Ε14690ΒΩ-96Λ,2025-12-09,ΕΝΤΑΛΜΑ ΠΛΗΡΩΜΗΣ ΙΑΜΕΞ  ΙΑΤΡΙΚΑ  ΕΙΔΗ  Α.Ε. (999212027),999212027,ΙΑΜΕΞ  ΙΑΤΡΙΚΑ  ΕΙΔΗ  Α.Ε. (999212027),3125.58,,
ΡΖ2Α4690ΒΩ-ΥΩΖ,2025-12-09,ΕΝΤΑΛΜΑ ΠΛΗΡΩΜΗΣ ΙΑΜΕΞ  ΙΑΤΡΙΚΑ  ΕΙΔΗ  Α.Ε. (999212027),999212027,ΙΑΜΕΞ  ΙΑΤΡΙΚΑ  ΕΙΔΗ  Α.Ε. (999212027),2994.5,,
ΡΠΛ04690ΒΩ-6Λ3,2025-12-09,ΕΝΤΑΛΜΑ ΠΛΗΡΩΜΗΣ ΙΑΜΕΞ  ΙΑΤΡΙΚΑ  ΕΙΔΗ  Α.Ε. (999212027),999212027,ΙΑΜΕΞ  ΙΑΤΡΙΚΑ  ΕΙΔΗ  Α.Ε. (999212027),2994.5,,
6ΖΤ84690ΒΩ-ΤΝΜ,2025-12-08,ΕΝΤΑΛΜΑ ΠΛΗΡΩΜΗΣ ΚΟΠΕΡ Α.Ε. (094007897),094007897,ΚΟΠΕΡ Α.Ε. (094007897),6203.16,,
6Δ234690ΒΩ-ΜΝΒ,2025-12-08,ΕΝΤΑΛΜΑ ΠΛΗΡΩΜΗΣ ΚΟΠΕΡ Α.Ε. (094007897),094007897,ΚΟΠΕΡ Α.Ε. (094007897),3037.44,,
ΡΜ2Θ4690ΒΩ-ΟΤΝ,2025-12-08,ΕΝΤΑΛΜΑ ΠΛΗΡΩΜΗΣ ΚΟΠΕΡ Α.Ε. (094007897),094007897,ΚΟΠΕΡ Α.Ε. (094007897),3799.8,,
ΨΩΨΩ4690ΒΩ-ΖΝΓ,2025-12-09,ΕΝΤΑΛΜΑ ΠΛΗΡΩΜΗΣ ΚΟΠΕΡ Α.Ε. (094007897),094007897,ΚΟΠΕΡ Α.Ε. (094007897),3751.6,,
6Θ284690ΒΩ-ΚΞ5,2025-12-09,ΕΝΤΑΛΜΑ ΠΛΗΡΩΜΗΣ BIOGENESYS  Ι.Κ.Ε. (099805952),099805952,BIOGENESYS  Ι.Κ.Ε. (099805952),4270.27,,
6ΑΖΦ4690ΒΩ-ΔΟΨ,2025-12-10,ΥΠΗΡΕΣΙΕΣ ΕΠΙΣΚΕΥΗΣ ΚΑΙ ΣΥΝΤΗΡΗΣΗΣ ΕΓΚΑΤΑΣΤΑΣΕΩΝ ΚΤΙΡΙΟΥ ΜΕ ΣΥΜΒΑΣΗ ΤΟ ΜΗΝΑ ΔΕΚΕΜΒΡΙΟ 2024 (ΣΥΜΒ. 605/2024)ΣΥΜΦΩΝΑ ΜΕ ΤΙΣ ΔΙΑΤΑΞΕΙΣ ΤΟΥ Ν.5216/2025 αρθ.441 (ΦΕΚ 118/ τ.Α΄/07/07/2025),094472918,GE HEALTHCARE ΦΑΡΜΑΚΕΥΤΙΚΗ ΕΜΠΟΡΙΚΗ ΚΑΙ ΒΙΟΜΗΧΑΝΙΚΗ ΕΤΑΙΡΕΙΑ,3968.0,,1349β01
9ΟΓ24690ΒΩ-ΨΝΡ,2025-12-10,ΠΡΟΜHΘΕΙΑ .ΜΗΧΑΝΟΛΟΓΙΚΟΥ .ΚΑΙ ΚΕΦΑΛ.ΕΞΟΠΛΙΣΜΟΥ ΝΟΣΟΚΟΜΕΙΟΥ ΜΕ ΣΥΜΒΑΣΗ ΤΟ ΜΗΝΑ ΔΕΚΕΜΒΡΙΟ 2024 (ΣΥΜΒ. 623/2024),095029193,ΠΑΠΑΠΟΣΤΟΛΟΥ Ν ΑΝΩΝΥΜΗ ΕΤΑΙΡΕΙΑ  ΕΤΑΙΡΕΙΑ ΕΜΠΟΡΙΑΣ ΚΑΙ ΑΝΤΙΠΡΟΣΩΠΕΙΩΝ ΙΑΤΡΙΚΩΝ ΕΡΓΑΛΕΙΩΝ ΚΑΙ ΜΗΧΑΝΗΜΑΤΩΝ,39680.0,,9749b01
Ψ1Δ44690ΒΩ-ΧΗΗ,2025-12-10,ΣΥΝ/ΣΗ ΚΑΙ ΕΠΙΣΚΕΥΗ ΜΗΧΑΝΗΜΤΟΣ ΜΕ ΣΥΜΒΑΗ ΤΟΝ ΜΗΝΑ ΜΑΡΤΙΟ 2025 (ΣΥΜΒ.165/2025) ΣΥΜΦΩΝΑ ΜΕ ΤΙΣ ΔΙΑΤΑΞΕΙΣ ΤΟΥ Ν. 5216/2025 αρθ.44 (ΦΕΚ 118 /τ. Α'/ 07-07-2025,094075360,ΚΩΣΤΑΣ Α ΠΑΠΑΕΛΛΗΝΑΣ ΕΛΛΑΣ ΑΝΩΝΥΜΟΣ ΕΜΠΟΡIΚΗ ΒΙΟΜΗΧΑΝΙΚΗ ΕΤΑΙΡΕΙΑ,1488.0,,0887α01
93Ο24690ΒΩ-ΦΩΦ,2025-12-10,ΠΡΟΜΗΘΕΙΑ ΟΡΘΟΠΕΔΙΚΟΥ ΥΛΙΚΟΥ ΜΕ ΣΥΜΒΑΣΗ ΤΟΝ ΜΗΝΑ ΜΑΡΤΙΟ 2025 (ΣΥΜΒ.110/2025) ΑΠΑΞ ΠΑΡΑΓΓΕΛΙΑ ΣΥΜΦΩΝΑ ΜΕ ΤΙΣ ΔΙΑΤΑΞΕΙΣ ΤΟΥ Ν. 5216/2025 αρθ.44 (ΦΕΚ 118 /τ. Α'/ 07-07-2025,999307110,ΚΑΛΤΕΚ ΕΜΠΟΡΙΑ ΙΑΤΡΙΚΩΝ ΕΙΔΩΝ ΠΡΟΙΟΝΤΩΝ ΚΑΙ ΜΗΧΑΝΗΜΑΤΩΝ ΜΟΝΟΠΡΟΣΩΠΗ ΑΝΩΝΥΜΗ ΕΤΑΙΡΙΑ,5030.68,,1313α01
94Κ44690ΒΩ-ΦΛ2,2025-12-10,ΠΡΟΜΗΘΕΙΑ ΟΡΘΟΠΕΔΙΚΟΥ ΥΛΙΚΟΥ ΜΕ ΣΥΜΒΑΣΗ ΤΟΝ ΜΗΝΑ ΜΑΡΤΙΟ 2025 (ΣΥΜΒ.111/2025) ΑΠΑΞ ΠΑΡΑΓΓΕΛΙΑ ΣΥΜΦΩΝΑ ΜΕ ΤΙΣ ΔΙΑΤΑΞΕΙΣ ΤΟΥ Ν. 5216/2025 αρθ.44 (ΦΕΚ 118 /τ. Α'/ 07-07-2025,999307110,ΚΑΛΤΕΚ ΕΜΠΟΡΙΑ ΙΑΤΡΙΚΩΝ ΕΙΔΩΝ ΠΡΟΙΟΝΤΩΝ ΚΑΙ ΜΗΧΑΝΗΜΑΤΩΝ ΜΟΝΟΠΡΟΣΩΠΗ ΑΝΩΝΥΜΗ ΕΤΑΙΡΙΑ,3539.48,,1313α01
Ψ9ΣΠ4690ΒΩ-ΧΩΘ,2025-12-10,ΣΥΝ/ΣΗ ΚΑΙ ΕΠΙΣΚΕΥΗ ΛΟΙΠΩΝ ΜΗΧΑΝΗΜΑΤΟΣ ΧΩΡΙΣ ΣΥΜΒΑΣΗ ΜΕ ΑΠΟΦΑΣΗ ΔΙΟΙΚΗΤΗ 90/2025 ΤΟΝ ΜΗΝΑ ΦΕΒΡΟΥΑΡΙΟ 2025 ΣΥΜΦΩΝΑ ΜΕ ΤΙΣ ΔΙΑΤΑΞΕΙΣ ΤΟΥ Ν. 5216/2025 αρθ.44 (ΦΕΚ 118 /τ. Α'/ 07-07-2025,094512503,ΑΠΟΣΤΟΛΟΣ ΓΕΩΡΓ ΠΑΠΟΥΔΗΣ ΚΑΙ ΥΙΟΣ ΑΝΩΝΥΜΟΣ ΕΜΠΟΡΙΚΗ ΕΤΑΙΡΙΑ ΑΝΤΙΠΡΟΣΩΠΕΙΕΣ ΕΙΣΑΓΩΓΕΣ ΙΑΤΡΙΚΩΝ ΜΗΧΑΝΗΜΑΤΩΝ,892.8,,0887α01
Ψ42Θ4690ΒΩ-668,2025-12-10,ΣΥΝ/ΣΗ ΚΑΙ ΕΠΙΣΚΕΥΗ ΑΚΟΥΟΓΡΑΦΟΥ ΧΩΡΙΣ ΣΥΜΒΑΗ ΣΜΕ ΑΠΟΦΑΣΗ ΔΙΟΙΚΗΤΗ 89/2025 ΤΟΝ ΜΗΝΑ ΦΕΒΡΟΥΑΡΙΟ 2025 ΣΥΜΦΩΝΑ ΜΕ ΤΙΣ ΔΙΑΤΑΞΕΙΣ ΤΟΥ Ν. 5216/2025 αρθ.44 (ΦΕΚ 118 /τ. Α'/ 07-07-2025,999397435,DAMPLAID ΕΜΠΟΡΙΟ ΙΑΤΡΙΚΩΝ ΕΙΔΩΝ ΜΟΝΟΠΡΟΣΩΠΗ ΑΝΩΝΥΜΟΣ ΕΤΑΙΡΕΙΑ Α.Ε.,372.0,,0887α01
9Σ1Θ4690ΒΩ-42Ρ,2025-12-10,ΠΡΟΜΗΘΕΙΑ ΟΡΘΟΠΕΔΙΚΟΥ ΥΛΙΚΟΥ ΜΕ ΣΥΜΒΑΣΗ ΤΟΝ ΜΗΝΑ ΜΑΡΤΙΟ 2025 (ΣΥΜΒ.119/2025) ΑΠΑΞ ΠΑΡΑΓΓΕΛΙΑ ΣΥΜΦΩΝΑ ΜΕ ΤΙΣ ΔΙΑΤΑΞΕΙΣ ΤΟΥ Ν. 5216/2025 αρθ.44 (ΦΕΚ 118 /τ. Α'/ 07-07-2025,999117743,ΙΑΤΡΙΚΑ ΠΕΝΥ ΕΤΑΙΡΙΑ ΠΕΡΙΟΡΙΣΜΕΝΗΣ ΕΥΘΥΝΗΣ,8961.88,,1313α01
93Τ54690ΒΩ-ΖΣ4,2025-12-10,ΠΡΟΜΗΘΕΙΑ ΟΡΘΟΠΕΔΙΚΟΥ ΥΛΙΚΟΥ ΜΕ ΣΥΜΒΑΣΗ ΤΟΝ ΜΗΝΑ ΜΑΡΤΙΟ 2025 (ΣΥΜΒ.109/2025) ΑΠΑΞ ΠΑΡΑΓΓΕΛΙΑ ΣΥΜΦΩΝΑ ΜΕ ΤΙΣ ΔΙΑΤΑΞΕΙΣ ΤΟΥ Ν. 5216/2025 αρθ.44 (ΦΕΚ 118 /τ. Α'/ 07-07-2025,999307110,ΚΑΛΤΕΚ ΕΜΠΟΡΙΑ ΙΑΤΡΙΚΩΝ ΕΙΔΩΝ ΠΡΟΙΟΝΤΩΝ ΚΑΙ ΜΗΧΑΝΗΜΑΤΩΝ ΜΟΝΟΠΡΟΣΩΠΗ ΑΝΩΝΥΜΗ ΕΤΑΙΡΙΑ,5573.08,,1313α01
ΨΨΩΥ4690ΒΩ-ΡΓΖ,2025-12-10,ΠΡΟΜΗΘΕΙΑ ΟΡΘΟΠΕΔΙΚΟΥ ΥΛΙΚΟΥ ΜΕ ΣΥΜΒΑΣΗ ΤΟΝ ΜΗΝΑ ΜΑΡΤΙΟ 2025 (ΣΥΜΒ. 101/2025) AΠΑΞ ΠΑΡΑΓΓΕΛΙΑ ΣΥΜΦΩΝΑ ΜΕ ΤΙΣ ΔΙΑΤΑΞΕΙΣ ΤΟΥ Ν. 5216/2025 αρθ.44 (ΦΕΚ 118 /τ. Α'/ 07-07-2025,800519113,ATRON HEALΤH ΙΑΤΡΙΚΑ ΠΡΟΙΟΝΤΑ ΚΑΙ ΜΗΧΑΝΗΜΑΤΑ  ΑΝΩΝΥΜΗ ΕΤΑΙΡΕΙΑ,3356.1,,1313α01
ΨΠΦ84690ΒΩ-Ι5Δ,2025-12-10,ΠΡΟΜΗΘΙΕΙΑ ΟΡΘΟΠΕΔΙΚΟΥ ΥΛΙΚΟΥ (ΔΙΑΤΑΞΕΙΣ ΑΝΑΙΣΘΗΣΙΑΣ ΚΑΙ ΑΝΑΝΗΨΗΣ) ΜΕ ΣΥΜΒΑΣΗ ΤΟΝ ΜΗΝΑ ΜΑΡΤΙΟ 2025 (ΣΥΜΒ..68/2025) ΣΥΜΦΩΝΑ ΜΕ ΤΙΣ ΔΙΑΤΑΞΕΙΣ ΤΟΥ Ν. 5216/2025 αρθ.44 (ΦΕΚ 118 /τ. Α'/ 07-07-2025,999307110,ΚΑΛΤΕΚ ΕΜΠΟΡΙΑ ΙΑΤΡΙΚΩΝ ΕΙΔΩΝ ΠΡΟΙΟΝΤΩΝ ΚΑΙ ΜΗΧΑΝΗΜΑΤΩΝ ΜΟΝΟΠΡΟΣΩΠΗ ΑΝΩΝΥΜΗ ΕΤΑΙΡΙΑ,2418.0,,1313α01
9Ψ6Π4690ΒΩ-ΕΝ8,2025-12-10,ΠΡΟΜΗΘΙΕΙΑ ΟΡΘΟΠΕΔΙΚΟΥ ΥΛΙΚΟΥ (ΔΙΑΤΑΞΕΙΣ ΑΝΑΙΣΘΗΣΙΑΣ ΚΑΙ ΑΝΑΝΗΨΗΣ) ΜΕ ΣΥΜΒΑΣΗ ΤΟΝ ΜΗΝΑ ΜΑΡΤΙΟ 2025 (ΣΥΜΒ..67/2025) ΣΥΜΦΩΝΑ ΜΕ ΤΙΣ ΔΙΑΤΑΞΕΙΣ ΤΟΥ Ν. 5216/2025 αρθ.44 (ΦΕΚ 118 /τ. Α'/ 07-07-2025,800519113,ATRON HEALΤH ΙΑΤΡΙΚΑ ΠΡΟΙΟΝΤΑ ΚΑΙ ΜΗΧΑΝΗΜΑΤΑ  ΑΝΩΝΥΜΗ ΕΤΑΙΡΕΙΑ,8047.6,,1313α01
Ψ4Ο64690ΒΩ-ΑΑΘ,2025-12-10,ΣΥΝ/ΣΗ ΚΑΙ ΕΠΙΣΚΕΥΗ ΨΗΦΙΟΠΟΙΗΤΩΝ ΜΕ ΣΥΜΒΑΣΗ ΑΠΟ 15/11/2024 ΕΩΣ 14/2/2025 (ΣΥΜΒ. 592/2024),094025805,ΑΓΚΦΑ  ΓΚΕΒΕΡΤ  ΜΟΝΟΠΡΟΣΩΠΗ  ΑΝΩΝΥΜΟΣ   ΕΜΠΟΡΙΚΗ ΚΑΙ  ΒΙΟΜΗΧΑΝΙΚΗ  ΕΤΑΙΡΕΙΑ,3999.99,,0887α01
Ψ1ΔΤ4690ΒΩ-1ΑΩ,2025-12-10,ΣΥΝ/ΣΗ ΚΑΙ ΕΠΙΣΚΕΥΗ ΑΚΤΙΝΟΛΟΓΙΚΟΥ ΜΗΧΑΝΗΜΑΤΟΣ ΜΕ ΣΥΜΒΑΣΗ ΑΠΟ 15/11/2024 ΕΩΣ 14/2/2025 (ΣΥΜΒ.590/2024),998860010,ICON DYNAMICS ΙΑΤΡΙΚΑ ΜΗΧΑΝΗΜΑΤΑ ΙΔΙΩΤΙΚΗ ΚΕΦΑΛΑΙΟΥΧΙΚΗ ΕΤΑΙΡΕΙΑ,7750.0,,0887α01
9ΥΑ24690ΒΩ-Ψ47,2025-12-10,ΣΥΝΤΗΡΗΣΗ ΕΠΙΣΚΕΥΗ ΕΝΔΟΣΚΟΠΙΩΝ ΜΕ ΣΥΜΒΑΣΗ ΑΠΟ 15/12/20245 ΕΩΣ 14/3/2025 (ΣΥΜΒ.597/2024),094442268,ΠΡΩΤΟΝ Α Ε ΑΝΤΙΠΡ ΙΑΤΡΙΚΩΝ ΕΠΙΣΤΗΜΟΝΙΚΩΝ ΕΙΔΩΝ  ΜΗΧΑΝΗΜ ΚΑΙ ΣΥΣΤΗΜΑΤΩΝ ΑΣΦΑΛΕΙΑΣ ΙΔΙΩΤ ΕΠΙΧ ΠΑΡΟΧ ΥΠΗΡΕΣΙΩΝ ΑΣΦΑΛΕΙΑΣ,3800.01,,0887α01
9Ψ3Ε4690ΒΩ-2ΛΜ,2025-12-10,ΣΥΝ/ΣΗ ΚΑΙ ΕΠΙΣΚΕΥΗ ΕΝΔΟΣΚΟΠΙΩΝ ΜΕ ΣΥΜΒΑΣΗ ΑΠΟ 28/11/2024 ΕΩΣΔ 27/5/2025 (ΣΥΜΒ.598/2024),094504367,ΕΝΔΟΣΚΟΠΙΚΗ ΑΝΩΝΥΜΟΣ ΕΜΠΟΡΙΚΗ ΕΤΑΙΡΕΙΑ ΙΑΤΡΙΚΩΝ ΕΙΔΩΝ,7499.52,,0887α01
6ΥΧΙ4690ΒΩ-ΘΦ3,2025-12-10,ΥΠΗΡΕΣΙΕΣ ΕΠΙΣΚΕΥΗΣ ΚΑΙ ΣΥΝΤΗΡΗΣΗΣ ΜΗΧΑΝΗΜΑΤΩΝ ΑΠΟΣΤΕΙΡΩΣΗΣ-ΑΠΟΛΥΜΑΝΣΗΣ ΜΕ ΣΥΜΒΑΣΗ ΑΠΟ 25/11/2024 ΕΩΣ 24/2/2025 (ΣΥΜΒ. 251/2024 ΧΕ 1563/2025),095526068,HOSPITECNICA ΝΟΣΟΚΟΜΕΙΑΚΟΣ ΕΞΟΠΛΙΣΜΟΣ ΕΓΚΑΤΑΤΑΣΕΙΣ ΣΥΝΤΗΡΗΣΕΙΣ ΕΠΕ,15717.0,,0887α01
9ΥΨΙ4690ΒΩ-0Ρ5,2025-12-10,ΣΥΝΤΗΡΗΣΗ ΕΠΙΣΚΕΥΗ ΦΟΡΗΤΟΥ ΑΚΤΙΝΟΣΚΟΠΙΚΟΥ CARM ΧΕΙΡΟΥΡΓΕΙΟΥ ΜΕ ΚΑΤΑΓΡΑΦΙΚΟ ΚΑΙ ΔΙΠΛΟ MONITOR ΜΕ ΣΥΜΒΑΣΗ ΑΠΟ 1/7/2024 ΕΩΣ 30/6/2025 (ΣΥΜΒ. 340/2019),095029193,ΠΑΠΑΠΟΣΤΟΛΟΥ Ν ΑΝΩΝΥΜΗ ΕΤΑΙΡΕΙΑ  ΕΤΑΙΡΕΙΑ ΕΜΠΟΡΙΑΣ ΚΑΙ ΑΝΤΙΠΡΟΣΩΠΕΙΩΝ ΙΑΤΡΙΚΩΝ ΕΡΓΑΛΕΙΩΝ ΚΑΙ ΜΗΧΑΝΗΜΑΤΩΝ,17918.0,,0887α01
6Δ0Ρ4690ΒΩ-1ΜΥ,2025-12-10,ΠΡΟΜΗΘΕΙΑ ΟΡΘΟΠΕΔΙΚΟΥ ΥΛΙΚΟΥ ΜΕ ΣΥΜΒΑΣΗ ΤΟΝ ΜΗΝΑ ΜΑΡΤΙΟ 2025 (ΣΥΜΒ.108/2025) ΑΠΑΞ ΠΑΡΑΓΓΕΛΙΑ ΣΥΜΦΩΝΑ ΜΕ ΤΙΣ ΔΙΑΤΑΞΕΙΣ ΤΟΥ Ν. 5216/2025 αρθ.44 (ΦΕΚ 118 /τ. Α'/ 07-07-2025,999307110,ΚΑΛΤΕΚ ΕΜΠΟΡΙΑ ΙΑΤΡΙΚΩΝ ΕΙΔΩΝ ΠΡΟΙΟΝΤΩΝ ΚΑΙ ΜΗΧΑΝΗΜΑΤΩΝ ΜΟΝΟΠΡΟΣΩΠΗ ΑΝΩΝΥΜΗ ΕΤΑΙΡΙΑ,5861.82,,1313α01
ΨΓΩΔ4690ΒΩ-9Ε2,2025-12-09,ΚΑΤΑΒΟΛΗ ΠΑΡΑΒΟΛΟΥ ΓΙΑ ΠΑΡΑΛΑΒΗ ΤΟΥ ΥΠ΄ΑΡΙΘΜ. 2500/2020 ΣΥΜΒΟΛΑΙΟΥ,997001671,ΥΠΟΥΡΓΕΙΟ ΨΗΦΙΑΚΗΣ ΔΙΑΚΥΒΕΡΝΗΣΗΣ,47.5,,0899α01
9Ω8Λ4690ΒΩ-Π0Ο,2025-12-08,ΑΠΟΔΟΣΗ ΥΠΕΡ ΑΡΧΗΣ ΕΞΕΤΑΣΗΣ ΠΡΟΔΙΚΑΣΤΙΚΩΝ ΠΡΟΣΦΥΓΩΝ  (ΑΕΠΠ) ΕΠΙ ΤΩΝ ΕΞΟΦΛΗΘΕΝΤΩΝ ΧΕ ΤΟΥ ΜΗΝΑ ΝΟΕΜΒΡΙΟΥ  2025,090169674,ΥΠΟΥΡΓΕΙΟ ΔΙΚΑΙΟΣΥΝΗΣ,37.81,,3399α01
ΨΡΟ24690ΒΩ-ΖΗΦ,2025-12-08,ΑΠΟΔΟΣΗ ΥΠΕΡ ΔΗΜΟΣΙΟΥ  (ΧΑΡ ΟΓΑ &ΟΓΑ ΧΑΡΤ) ΕΠΙ ΤΩΝ ΕΞΟΦΛΗΘΕΝΤΩΝ ΧΕ ΤΟΥ ΜΗΝΑ ΝΟΕΜΒΡΙΟΥ  2025 (Φ100),090165560,ΥΠΟΥΡΓΕΙΟ ΟΙΚΟΝΟΜΙΚΩΝ ΓΕΝΙΚΗ   ΔIEYΘΥΝΣΗ  Δ ΚΗΣΥΠ ΞΗΣ Δ ΟΙΚ,32.93,,3391α01
9ΒΖΙ4690ΒΩ-ΡΝ3,2025-12-08,ΑΠΟΔΟΣΗ ΥΠΕΡ ΨΥΧΙΚΗΣ ΥΓΕΙΑΣ (Ν. 3580  2%) ΕΠΙ ΤΩΝ ΕΞΟΦΛΗΘΕΝΤΩΝ ΧΕ ΤΟΥ ΜΗΝΑ ΝΟΕΜΒΡΙΟΥ  2025 (Φ100),099017070,ΥΠΟΥΡΓΕΙΟ ΥΓΕΙΑΣ ΠΡΟΝΟΙΑΣ,18541.92,,3391α01
Ρ86Ζ4690ΒΩ-ΓΨΦ,2025-12-08,"ΑΠΟΔΟΣΗ ΥΠΕΡ ΔΗΜΟΣΙΟΥ  (ΦΟΡΟΙ 1%,4%,8%) ΕΠΙ ΤΩΝ ΕΞΟΦΛΗΘΕΝΤΩΝ ΧΕ ΤΟΥ ΜΗΝΑ ΝΟΕΜΒΡΙΟΥ  2025 (Φ100)",090165560,ΥΠΟΥΡΓΕΙΟ ΟΙΚΟΝΟΜΙΚΩΝ ΓΕΝΙΚΗ   ΔIEYΘΥΝΣΗ  Δ ΚΗΣΥΠ ΞΗΣ Δ ΟΙΚ,51507.51,,3391α01
ΨΠΒΩ4690ΒΩ-ΦΧ3,2025-12-08,ΑΠΟΔΟΣΗ ΥΠΕΡ ΔΗΜΟΣΙΟΥ  (ΕΑΑΔΗΣΥ ) ΕΠΙ ΤΩΝ ΕΞΟΦΛΗΘΕΝΤΩΝ ΧΕ ΤΟΥ ΜΗΝΑ ΝΟΕΜΒΡΙΟΥ  2025 (Φ100),090166291,ΥΠΟΥΡΓΕΙΟ ΑΝΑΠΤΥΞΗΣ,938.76,,3399α01
977Β4690ΒΩ-Δ35,2025-12-08,"ΑΠΟΔΟΣΗ ΥΠΕΡ ΔΗΜΟΣΙΟΥ  (ΦΟΡΟΣ 20%,) ΕΠΙ ΤΩΝ ΕΞΟΦΛΗΘΕΝΤΩΝ ΧΕ ΤΟΥ ΜΗΝΑ ΝΟΕΜΒΡΙΟΥ  2025 (Φ100)",090165560,ΥΠΟΥΡΓΕΙΟ ΟΙΚΟΝΟΜΙΚΩΝ ΓΕΝΙΚΗ   ΔIEYΘΥΝΣΗ  Δ ΚΗΣΥΠ ΞΗΣ Δ ΟΙΚ,1279.34,,3394α01
ΨΙΟ64690ΒΩ-4ΧΥ,2025-11-28,ΕΝΤΑΛΜΑ ΠΛΗΡΩΜΗΣ ΔΕΥΑΜΒ (090071204),090071204,ΔΕΥΑΜΒ (090071204),955.44,,
Ψ8Β74690ΒΩ-ΔΦΓ,2025-12-02,ΕΝΤΑΛΜΑ ΠΛΗΡΩΜΗΣ ΔΕΥΑΜΒ (090071204),090071204,ΔΕΥΑΜΒ (090071204),29.75,,
ΨΣΨΒ4690ΒΩ-36Δ,2025-12-02,ΕΝΤΑΛΜΑ ΠΛΗΡΩΜΗΣ ΔΕΥΑΜΒ (090071204),090071204,ΔΕΥΑΜΒ (090071204),50.03,,
Ψ65Υ4690ΒΩ-ΞΥΙ,2025-11-28,ΕΝΤΑΛΜΑ ΠΛΗΡΩΜΗΣ ΔΕΥΑΜΒ (090071204),090071204,ΔΕΥΑΜΒ (090071204),799.64,,
Ψ6Δ14690ΒΩ-ΝΚΜ,2025-12-02,ΕΝΤΑΛΜΑ ΠΛΗΡΩΜΗΣ ΔΕΥΑΜΒ (090071204),090071204,ΔΕΥΑΜΒ (090071204),22800.88,,
9Μ664690ΒΩ-Ν6Κ,2025-12-06,ΠΡΟΜΗΘΕΙΑ ΛΟΙΠΟΥ ΧΗΜΙΚΟΥ ΥΛΙΚΟΥ (ΠΟΙΟΤΙΚΟΣ ΕΛΕΓΧΟΣ-ΑΝΤΙΔΡΑΣΤΗΡΙΑ ΑΙΜΟΔΟΣΙΑΣ) ΜΕ ΣΥΜΒΑΣΗ ΤΟΝ ΜΗΝΑ ΦΕΒΡΟΥΑΡΙΟ 2025 (ΣΥΜΒ.256/2024 ΧΕ 1684/2025) ΣΥΜΦΩΝΑ ΜΕ ΤΙΣ ΔΙΑΤΑΞΕΙΣ ΤΟΥ Ν. 5216/2025 αρθ.44 (ΦΕΚ 118 /τ. Α'/ 07-07-2025,095259724,ΝΤΙΑ ΜΕΝΤ ΕΛΛΑΣ ΑΝΩΝΥΜΗ ΕΤΑΙΡΕΙΑ ΕΜΠΟΡΙΑΣ ΦΑΡΜΑΚΕΥΤΙΚΩΝ ΚΑΙ ΙΑΤΡΙΚΩΝ ΕΙΔΩΝ,480.82,,1359α01
65ΒΨ4690ΒΩ-56Β,2025-12-06,ΠΡΟΜΗΘΕΙΑ ΛΟΙΠΟΥ ΧΗΜΙΚΟΥ ΥΛΙΚΟΥ (ΔΙΑΓΝΩΣΤΙΚΕΣ ΟΥΣΙΕΣ ) ΜΕ ΣΥΜΒΑΣΗ ΤΟΝ ΜΗΝΑ ΜΑΡΤΙΟ 2025 (ΣΥΜΒ.121/2025) ΑΠΑΞ  ΠΑΡΑΓΓΕΛΙΑ ΣΥΜΦΩΝΑ ΜΕ ΤΙΣ ΔΙΑΤΑΞΕΙΣ ΤΟΥ Ν. 5216/2025 αρθ.44 (ΦΕΚ 118 /τ. Α'/ 07-07-2025,091569759,ΑΦΟΙ Α ΣΕΛΙΔΗ ΑΝΩΝΥΜΗ ΕΤΑΙΡΙΑ ΕΠΙΣΤΗΜΟΝΙΚΟΥ ΕΞΟΠΛΙΣΜΟΥ,5835.3,,1359α01
9ΚΖΣ4690ΒΩ-4Φ9,2025-12-06,"ΠΡΟΜΗΘΕΙΑ ΛΟΙΠΟΥ ΧΗΜΙΚΟΥ ΥΛΙΚΟΥ (ΑΝΤΙΔΡΑΣΤΗΡΙΩΝ ΕΡΓΑΣΤΗΡΙΩΝ ) ΜΕ ΣΥΜΒΑΣΗ ΤΟΥΣ ΜΗΝΕΣ ΙΑΝΟΥΑΡΙΟ,ΦΕΒΡΟΥΑΡΙΟ,ΜΑΡΤΙΟ  2025 (ΣΥΜΒ.642/2023 ΧΕ 739/2025)",094322455,MENARINI ΔΙΑΓΝΩΣΤΙΚΑ ΙΑΤΡΙΚΑ ΟΡΓΑΝΑ ΑΕΒΕ,815.99,,1359α01
9ΠΡΗ4690ΒΩ-9ΑΛ,2025-12-06,"ΠΡΟΜΗΘΕΙΑ ΛΟΙΠΟΥ ΧΗΜΙΚΟΥ ΥΛΙΚΟΥ (ΑΝΤΙΔΡΑΣΤΗΡΙΩΝ ΕΡΓΑΣΤΗΡΙΩΝ ) ΜΕ ΣΥΜΒΑΣΗ ΤΟΥΣ ΜΗΝΕΣ ΙΑΝΟΥΑΡΙΟ,ΜΑΡΤΙΟ 2025  (ΣΥΜΒ.645/2023 ΧΕ 742/2025)",095618368,ΕΜΠΟΡΙΑ ΚΑΙ ΤΕΧΝΟΓΝΩΣΙΑ ΦΑΡΜΑΚΕΥΤΙΚΩΝ ΚΑΙ ΠΑΡΑΦΑΡΜΑΚΕΥΤΙΚΩΝ ΕΙΔΩΝ ΕΠΕ,455.8,,1359α01
9Ψ6Υ4690ΒΩ-Θ3Β,2025-12-06,ΠΡΟΜΗΘΕΙΑ ΤΡΑΠΕΖΙΚΩΝ ΕΡΓΑΣΙΩΝ ΓΙΑ ΕΞΕΡΧΟΜΕΝΕΣ ΜΕΤΑΦΟΡΕΣ ΠΙΣΤΩΣΕΩΝ ΣΕ ΤΡΑΠΕΖΕΣ ΤΟΥ ΕΞΩΤΕΡΙΚΟΥ (ΧΕ 2689/2025 ),094014250,EUROBANK ERGASIAS ΥΠΗΡΕΣΙΩΝ ΚΑΙ ΣΥΜΜΕΤΟΧΩΝ ΑΝΩΝΥΜΗ ΕΤΑΙΡΕΙΑ,1.2,,0431α01
98ΞΦ4690ΒΩ-ΙΝΙ,2025-12-06,ΠΡΟΜΗΘΕΙΑ ΛΟΙΠΟΥ ΧΗΜΙΚΟΥ ΥΛΙΚΟΥ (ΑΝΤΙΔΡΑΣΤΗΡΙΑ ΑΙΜΟΔΟΣΙΑΣ ) ΜΕ ΣΥΜΒΑΣΗ ΤΟΝ ΜΗΝΑ ΜΑΡΤΙΟ 2025 (ΣΥΜΒ.231/2023 ΧΕ  2709/2024),095580571,ΑΛΦΑ ΜΕΝΤΙΚΑΛ ΕΙΣΑΓΩΓΕΣ ΚΑΙ ΑΝΤΙΠΡΟΣΩΠΕΙΕΣ ΙΑΤΡΟΤΕΧΝΟΛΟΓΙΚΩΝ ΚΑΙ ΦΑΡΜΑΚΕΥΤΙΚΩΝ ΠΡΟΙΟΝΤΩΝ ΑΝΩΝΥΜΟΣ ΕΜΠΟΡΙΚΗ  ΒΙΟΜΗΧΑΝΙΚΗ,1097.1,,1359α01
97ΠΓ4690ΒΩ-ΡΤΙ,2025-12-06,"ΠΡΟΜΗΘΕΙΑ ΛΟΙΠΟΥ ΧΗΜΙΚΟΥ ΥΛΙΚΟΥ (ΑΝΤΙΔΡΑΣΤΗΡΙΩΝ ΕΡΓΑΣΤΗΡΙΩΝ ) ΜΕ ΣΥΜΒΑΣΗ ΤΟΥΣ ΜΗΝΕΣ ΙΑΝΟΥΑΡΙΟ,ΦΕΒΡΟΥΑΡΙΟ,ΜΑΡΤΙΟ  2025 (ΣΥΜΒ.636/2023 ΧΕ 735/2025)",094138676,ΒΙΟΔΥΝΑΜΙΚΗ ΑΝΩΝΥΜΟΣ ΕΜΠΟΡΙΚΗ ΤΕΧΝΙΚΗ ΚΑΙ ΒΙΟΜΗΧΑΝΙΚΗ ΕΤΑΙΡΕΙΑ,14423.94,,1359α01
6ΥΓ34690ΒΩ-0Ρ4,2025-12-06,"ΠΡΟΜΗΘΕΙΑ ΛΟΙΠΟΥ ΧΗΜΙΚΟΥ ΥΛΙΚΟΥ (ΑΝΤΙΔΡΑΣΤΗΡΙΩΝ ΕΡΓΑΣΤΗΡΙΩΝ ) ΜΕ ΣΥΜΒΑΣΗ ΤΟΥΣ ΜΗΝΕΣ ΙΑΝΟΥΑΡΙΟ,ΦΕΒΡΟΥΑΡΙΟ 2025  (ΣΥΜΒ.640/2023 ΧΕ 737/2025)",091569759,ΑΦΟΙ Α ΣΕΛΙΔΗ ΑΝΩΝΥΜΗ ΕΤΑΙΡΙΑ ΕΠΙΣΤΗΜΟΝΙΚΟΥ ΕΞΟΠΛΙΣΜΟΥ,1011.24,,1359α01
Ψ3Γ44690ΒΩ-5ΧΥ,2025-12-06,"ΠΡΟΜΗΘΕΙΑ ΛΟΙΠΟΥ ΧΗΜΙΚΟΥ ΥΛΙΚΟΥ (ΑΝΤΙΔΡΑΣΤΗΡΙΩΝ ΕΡΓΑΣΤΗΡΙΩΝ ) ΜΕ ΣΥΜΒΑΣΗ ΤΟΥΣ ΜΗΝΕΣ ΙΑΝΟΥΑΡΙΟ,ΦΕΒΡΟΥΑΡΙΟ 2025  (ΣΥΜΒ.646/2023 ΧΕ 743/2025",099518023,Α ΔΕΡΒΟΣ Γ ΔΗΜΗΤΡΑΚΟΠΟΥΛΟΣ ΚΑΙ ΣΙΑ ΑΝΩΝΥΜΗ ΕΤΑΙΡΙΑ ΕΙΣΑΓΩΓΗΣ ΚΑΙ ΕΜΠΟΡΙΑΣ ΕΠΙΣΤΗΜΟΝΙΚΩΝ ΟΡΓΑΝΩΝ ΚΑΙ ΦΑΡΜΑΚΕΥΤΙΚΩΝ ΠΡΟΙΟΝ,973.08,,1359α01
ΨΧΤΓ4690ΒΩ-935,2025-12-06,: ΠΡΟΜΗΘΕΙΑ ΛΟΙΠΟΥ ΧΗΜΙΚΟΥ ΥΛΙΚΟΥ (ΑΝΤΙΔΡΑΣΤΗΡΙΑ ΕΡΓΑΣΤΗΡΙΩΝ ) ΜΕ ΣΥΜΒΑΣΗ ΤΟΝ ΜΗΝΑ ΙΑΝΟΥΑΡΙΟ 2025 (ΣΥΜΒ.647/2023 ΧΕ  744/2025),094280343,Π ΖΑΦΕΙΡΟΠΟΥΛΟΣ ΑΕ ΑΝΩΝΥΜΗ ΒΙΟΜΗΧΑΝΙΚΗ ΕΜΠΟΡΙΚΗ ΕΤΑΙΡΕΙΑ ΔΙΑΓΩΣΤΙΚΩΝ  ΕΡΓΑΣΤΗΡΙΑΚΩΝ ΔΟΜΙΚΩΝ ΕΙΔΩΝ,4070.4,,1359α01
625Ν4690ΒΩ-8ΘΓ,2025-12-06,"ΠΡΟΜΗΘΕΙΑ ΛΟΙΠΟΥ ΧΗΜΙΚΟΥ ΥΛΙΚΟΥ (ΑΝΤΙΔΡΑΣΤΗΡΙΩΝ ΕΡΓΑΣΤΗΡΙΩΝ ) ΜΕ ΣΥΜΒΑΣΗ ΤΟΥΣ ΜΗΝΕΣ ΙΑΝΟΥΑΡΙΟ,ΦΕΔΒΡΟΥΑΡΙΟ,ΜΑΡΤΙΟ  2025 (ΣΥΜΒ.638/2023 ΧΕ 733/2025)",084221869,VAKTRO AEBE,1781.26,,1359α01
95ΓΤ4690ΒΩ-Ψ52,2025-12-06,ΠΡΟΜΗΘΕΙΑ ΛΟΙΠΟΥ ΧΗΜΙΚΟΥ ΥΛΙΚΟΥ (ΑΝΤΙΔΡΑΣΤΗΡΙΩΝ ΕΡΓΑΣΤΗΡΙΩΝ ) ΜΕ ΣΥΜΒΑΣΗ ΤΟΝ ΜΗΝΑ ΦΕΒΡΟΥΑΡΙΟ 2025 (ΣΥΜΒ.635/2023  ΧΕ 732/2025),094047060,ΒΑΡΕΛΑΣ ΑΝΩΝΥΜΗ ΕΤΑΙΡΕΙΑ ΧΗΜΙΚΑ ΚΑΙ ΔΙΑΓΝΩΣΤΙΚΑ,1431.0,,1359α01
ΨΓΥΙ4690ΒΩ-ΕΣΑ,2025-12-06,"ΠΡΟΜΗΘΕΙΑ ΑΝΤΙΔΡΑΣΤΗΡΙΩΝ(ΠΡΟΪΟΝΤΑ ΑΙΜΑΤΟΣ ) ΜΕ ΣΥΜΒΑΣΗ ΤΟΥΣ ΜΗΝΕΣ ΙΑΝΟΥΑΡΙΟ,ΦΕΒΡΟΥΑΡΙΟ,ΜΑΡΤΙΟ 2025 (ΣΥΜΒ.  31/2024 ΧΕ3069/2024)",800356020,LERIVA ΔΙΑΓΝΩΣΤΙΚΑ ΥΓΕΙΑΣ ΑΝΩΝΥΜΗ ΕΜΠΟΡΙΚΗ ΕΤΑΙΡΕΙΑ,22450.8,,1359α01
6ΓΗΡ4690ΒΩ-ΗΙ0,2025-12-06,ΠΡΟΜΗΘΕΙΑ ΛΟΙΠΟΥ ΧΗΜΙΚΟΥ ΥΛΙΚΟΥ (ΑΝΤΙΔΡΑΣΤΗΡΙΑ ΑΙΜΟΔΟΣΙΑΣ ) ΜΕ ΣΥΜΒΑΣΗ ΤΟΝ ΜΗΝΑ ΜΑΡΤΙΟ 2025 (ΣΥΜΒ.232/2023 ΧΕ  2710/2024),099109774,ΔΙΑΓΝΩΣΤΙΚΑ ΑΝΤΙΔΡΑΣΤΗΡΙΑ ΟΡΓΑΝΑ ΝΟΣΟΚΟΜΕΙΑΚΟΣ ΕΞΟΠΛΙΣΜΟΣ ΑΝΩΝΥΜΗ ΕΤΑΙΡΕΙΑ,1430.58,,1359α01
6Γ8Ε4690ΒΩ-ΜΝΡ,2025-12-06,"ΠΡΟΜΗΘΕΙΑ ΛΟΙΠΟΥ ΧΗΜΙΚΟΥ ΥΛΙΚΟΥ (ΑΝΤΙΔΡΑΣΤΗΡΙΩΝ OΡΟΛΟΓΙΑΣ ) ΜΕ ΣΥΜΒΑΣΗ ΤΟΥΣ ΜΗΝΕΣ ΙΑΝΟΥΑΡΙΟ,ΜΑΡΤΙΟ 2025  (ΣΥΜΒ.179/2023 ΧΕ 1079/2024)",094456875,SIEMENS HEALTHINEERS ΕΛΛΑΣ ΜΟΝΟΠΡΟΣΩΠΗ ΑΝΩΝΥΜΗ ΕΤΑΙΡΕΙΑ,13351.76,,1359α01
92ΜΤ4690ΒΩ-ΦΥ7,2025-12-06,ΠΡΟΜΗΘΕΙΑ ΛΟΙΠΟΥ ΧΗΜΙΚΟΥ ΥΛΙΚΟΥ (ΑΝΤΙΔΡΑΣΤΗΡΙΑ ΑΙΜΟΔΟΣΙΑΣ ) ΜΕ ΣΥΜΒΑΣΗ ΤΟΝ ΜΗΝΑ ΙΑΝΟΥΑΡΙΟ 2025 (ΣΥΜΒ.232/2023 ΧΕ  2710/2024),099109774,ΔΙΑΓΝΩΣΤΙΚΑ ΑΝΤΙΔΡΑΣΤΗΡΙΑ ΟΡΓΑΝΑ ΝΟΣΟΚΟΜΕΙΑΚΟΣ ΕΞΟΠΛΙΣΜΟΣ ΑΝΩΝΥΜΗ ΕΤΑΙΡΕΙΑ,2308.04,,1359α01
ΨΣ1Η4690ΒΩ-ΣΓ4,2025-12-06,ΠΡΟΜΗΘΕΙΑ ΛΟΙΠΟΥ ΧΗΜΙΚΟΥ ΥΛΙΚΟΥ (ΑΝΤΙΔΡΑΣΤΗΡΙΑ ΕΡΓΑΣΤΗΡΙΩΝ (ΒΙΟΧΗΜΙΚΟΥ) ΜΕ ΣΥΜΒΑΣΗ ΤΟΝ ΜΗΝΑ ΜΑΡΤΙΟ 2025(ΣΥΜΒ.  569/2024 ΧΕ 2174/2025 ) ΣΥΜΦΩΝΑ ΜΕ ΤΙΣ ΔΙΑΤΑΞΕΙΣ ΤΟΥ Ν. 5216/2025 αρθ.44 (ΦΕΚ 118 /τ. Α'/ 07-07-2025,094211706,ΕΛΕΝΗ ΚΕΚΗ ΑΝΩΝΥΜΗ ΕΜΠΟΡΙΚΗ ΕΤΑΙΡΕΙΑ ΑΝΤΙΠΡΟΣΩΠΕΙΕΣ ΕΙΣΑΓΩΓΕΣ,6360.0,,1359α01
96Γ44690ΒΩ-ΦΟΜ,2025-12-06,ΠΡΟΜΗΘΕΙΑ ΛΟΙΠΟΥ ΧΗΜΙΚΟΥ ΥΛΙΚΟΥ (ΑΝΤΙΔΡΑΣΤΗΡΙΑ ΑΙΜΟΔΟΣΙΑΣ ) ΜΕ ΣΥΜΒΑΣΗ ΤΟΝ ΜΗΝΑ ΜΑΡΤΙΟ 2025 (ΣΥΜΒ.640/2023 ΧΕ  737/2025),091569759,ΑΦΟΙ Α ΣΕΛΙΔΗ ΑΝΩΝΥΜΗ ΕΤΑΙΡΙΑ ΕΠΙΣΤΗΜΟΝΙΚΟΥ ΕΞΟΠΛΙΣΜΟΥ,981.56,,1359α01
9ΦΨΕ4690ΒΩ-739,2025-12-06,"ΠΡΟΜΗΘΕΙΑ ΛΟΙΠΟΥ ΧΗΜΙΚΟΥ ΥΛΙΚΟΥ (ΑΝΤΙΔΡΑΣΤΗΡΙΩΝ ΑΙΜΑΤΟΛΟΓΙΚΩΝ ΤΕΣΤ ME ΣΥΝΟΔΟ ΕΞΟΠΛΙΣΜΟ) ΜΕ ΣΥΜΒΑΣΗ ΤΟΥΣ ΜΗΝΕΣ  ΙΑΝΟΥΑΡΙΟ,ΜΑΡΤΙΟ 2025 (ΣΥΜΒ. 245/2023 ΧΕ 1289/2024)",094322455,MENARINI ΔΙΑΓΝΩΣΤΙΚΑ ΙΑΤΡΙΚΑ ΟΡΓΑΝΑ ΑΕΒΕ,415.52,,1359α01
9ΦΧΗ4690ΒΩ-ΦΧ5,2025-12-06,ΠΡΟΜΗΘΕΙΑ ΛΟΙΠΟΥ ΧΗΜΙΚΟΥ ΥΛΙΚΟΥ (ΑΝΤΙΔΡΑΣΤΗΡΙΑ ΑΙΜΟΔΟΣΙΑΣ ) ΜΕ ΣΥΜΒΑΣΗ ΤΟΝ ΜΗΝΑ ΜΑΡΤΙΟ 2025 (ΣΥΜΒ.236/2023 ΧΕ  2714/2024),094027257,"ΑΜΠΟΤ ΛΑΜΠΟΡΑΤΟΡΙΣ (ΕΛΛΑΣ), ΒΙΟΜΗΧΑΝΙΚΗ ΚΑΙ ΕΜΠΟΡΙΚΗ ΑΝΩΝΥΜΗ ΕΤΑΙΡΕΙΑ",11806.52,,1359α01
ΨΣΗΧ4690ΒΩ-ΡΑ8,2025-12-06,"ΠΡΟΜΗΘΕΙΑ ΛΟΙΠΟΥ ΧΗΜΙΚΟΥ ΥΛΙΚΟΥ (ΑΝΤΙΔΡΑΣΤΗΡΙΩΝ ΑΙΜΑΤΟΛΟΓΙΚΩΝ ΤΕΣΤ ME ΣΥΝΟΔΟ ΕΞΟΠΛΙΣΜΟ) ΜΕ ΣΥΜΒΑΣΗ ΤΟΥΣ ΜΗΝΕΣ  ΙΑΝΟΥΑΡΙΟ,ΜΑΡΤΙΟ 2025 (ΣΥΜΒ. 245/2023 ΧΕ 1289/2024)",094456875,SIEMENS HEALTHINEERS ΕΛΛΑΣ ΜΟΝΟΠΡΟΣΩΠΗ ΑΝΩΝΥΜΗ ΕΤΑΙΡΕΙΑ,34522.54,,1359α01
ΨΟΙΥ4690ΒΩ-Δ96,2025-12-06,"ΠΡΟΜΗΘΕΙΑ ΛΟΙΠΟΥ ΧΗΜΙΚΟΥ ΥΛΙΚΟΥ (ΑΝΤΙΔΡΑΣΤΗΡΙΑ ΑΙΜΟΔΟΣΙΑΣ ) ΜΕ ΣΥΜΒΑΣΗ ΤΟΥΣ ΜΗΝΕΣ ΙΑΝΟΥΑΡΙΟ,ΦΕΒΡΟΥΑΡΙΟ 2025  (ΣΥΜΒ.236/2023 ΧΕ 2714/2024)",094027257,"ΑΜΠΟΤ ΛΑΜΠΟΡΑΤΟΡΙΣ (ΕΛΛΑΣ), ΒΙΟΜΗΧΑΝΙΚΗ ΚΑΙ ΕΜΠΟΡΙΚΗ ΑΝΩΝΥΜΗ ΕΤΑΙΡΕΙΑ",19650.62,,1359α01
ΨΒΧΞ4690ΒΩ-370,2025-12-06,"ΠΡΟΜΗΘΕΙΑ ΛΟΙΠΟΥ ΧΗΜΙΚΟΥ ΥΛΙΚΟΥ (ΑΝΤΙΔΡΑΣΤΗΡΙΩΝ OΡΟΛΟΓΙΑΣ ) ΜΕ ΣΥΜΒΑΣΗ ΤΟΥΣ ΜΗΝΕΣ ΙΑΝΟΥΑΡΙΟ,ΜΑΡΤΙΟ 2025  (ΣΥΜΒ.180/2023 ΧΕ 1080/2024)",801646486,ΒΙΟΚΟΣΜΟΣ ΜΟΡΙΑΚΗ Α Ε,39153.22,,1359α01
6ΞΛΥ4690ΒΩ-ΘΞΟ,2025-12-06,"ΠΡΟΜΗΘΕΙΑ ΛΟΙΠΟΥ ΧΗΜΙΚΟΥ ΥΛΙΚΟΥ (ΑΝΤΙΔΡΑΣΤΗΡΙΩΝ OΡΟΛΟΓΙΑΣ ) ΜΕ ΣΥΜΒΑΣΗ ΤΟΥΣ ΜΗΝΕΣ ΙΑΝΟΥΑΡΙΟ,ΜΑΡΤΙΟ 2025  (ΣΥΜΒ.180/2023 ΧΕ 1080/2024)",801646486,ΒΙΟΚΟΣΜΟΣ ΜΟΡΙΑΚΗ Α Ε,39153.22,,1359α01
9ΨΦΚ4690ΒΩ-ΓΗΣ,2025-12-06,"ΠΡΟΜΗΘΕΙΑ ΧΗΜΙΚΟΥ ΥΛΙΚΟΥ ΜΕ ΣΥΜΒΑΣΗ ΤΟΥΣ ΜΗΝΕΣ ΙΑΝΟΥΑΡΙΟ,ΦΕΒΡΟΥΑΡΙΟ,ΜΑΡΤΙΟ 2025 (ΣΥΜΒ.57/2024 ΧΕ 746/2025)",094240321,ΑΥΤΟΜΑΤΟΙ ΑΝΑΛΥΤΕΣ  ΔΙΑΓΝΩΣΤΙΚΑ ΑΝΤΙΔΡΑΣΤΗΡΙΑ ΚΑΙ ΙΔΙΩΤΙΚΑ ΔΙΑΓΝΩΣΤΙΚΑ ΕΡΓΑΣΤΗΡΙΑ   MEDICON HELLAS ΑΝΩΝΥΜΗ ΕΤΑΙΡΕΙΑ,111453.22,,1359α01
ΨΝΞΝ4690ΒΩ-7ΦΕ,2025-12-06,"ΠΡΟΜΗΘΕΙΑ ΛΟΙΠΟΥ ΧΗΜΙΚΟΥ ΥΛΙΚΟΥ (ΑΝΤΙΔΡΑΣΤΗΡΙΑ ΑΙΜΟΔΟΣΙΑΣ ) ΜΕ ΣΥΜΒΑΣΗ ΤΟΥΣ ΜΗΝΕΣ ΙΑΝΟΥΑΡΙΟ,ΦΕΒΡΟΥΑΡΙΟ,ΜΑΡΤΙΟ  2025 (ΣΥΜΒ.234/2023 ΧΕ 2712/2024)",094128820,Ι Μ ΚΥΡΙΑΚΙΔΗΣ ΑΝΤΙΠΡΟΣΩΠΕΙΑΙ ΕΜΠΟΡΙΟΝ ΕΙΣΑΓΩΓΑΙ ΤΟΥΡΙΣΤΙΚΑΙ ΚΑΙ ΤΕΧΝΙΚΑΙ ΕΠΙΧΕΙΡΗΣΕΙΣ,35595.0,,1359α01
9ΦΔΧ4690ΒΩ-0ΥΣ,2025-12-06,"ΠΡΟΜΗΘΕΙΑ ΛΟΙΠΟΥ ΧΗΜΙΚΟΥ ΥΛΙΚΟΥ (ΑΝΤΙΔΡΑΣΤΗΡΙΑ ΑΙΜΟΔΟΣΙΑΣ ) ΜΕ ΣΥΜΒΑΣΗ ΤΟΥΣ ΜΗΝΕΣ ΙΑΝΟΥΑΡΙΟ, ΦΕΒΡΟΥΑΡΙΟ ,ΜΑΡΤΙΟ  2025 (ΣΥΜΒ.235/2023 ΧΕ 2713/2024)",095259724,ΝΤΙΑ ΜΕΝΤ ΕΛΛΑΣ ΑΝΩΝΥΜΗ ΕΤΑΙΡΕΙΑ ΕΜΠΟΡΙΑΣ ΦΑΡΜΑΚΕΥΤΙΚΩΝ ΚΑΙ ΙΑΤΡΙΚΩΝ ΕΙΔΩΝ,16779.91,,1359α01
9ΨΔ74690ΒΩ-Κ7Λ,2025-12-06,"ΠΡΟΜΗΘΕΙΑ ΧΗΜΙΚΟΥ ΥΛΙΚΟΥ ΜΕ ΣΥΜΒΑΣΗ ΤΟΥΣ ΜΗΝΕΣ ΙΑΝΟΥΑΡΙΟ,ΦΕΒΡΟΥΑΡΙΟ,ΜΑΡΤΙΟ 2025 (ΣΥΜΒ.58/2024 ΧΕ 747/2025)",094027257,"ΑΜΠΟΤ ΛΑΜΠΟΡΑΤΟΡΙΣ (ΕΛΛΑΣ), ΒΙΟΜΗΧΑΝΙΚΗ ΚΑΙ ΕΜΠΟΡΙΚΗ ΑΝΩΝΥΜΗ ΕΤΑΙΡΕΙΑ",138087.35,,1359α01
6ΥΔΩ4690ΒΩ-45Μ,2025-12-06,ΠΡΟΜΗΘΕΙΑ ΛΟΙΠΟΥ ΧΗΜΙΚΟΥ ΥΛΙΚΟΥ (ΑΝΤΙΔΡΑΣΤΗΡΙΑ ΕΡΓΑΣΤΗΡΙΩΝ ) ΜΕ ΣΥΜΒΑΣΗ ΤΟΝ ΜΗΝΑ ΦΕΒΡΟΥΑΡΙΟ 2025 (ΣΥΜΒ.637/2023 ΧΕ  736/2025),099936534,BIOANALYTICA   ΕΜΠΟΡΙΚΗ  ΒΙΟΤΕΧΝΟΛΟΓΙΚΩΝ ΕΦΑΡΜΟΓΩΝ ΕΡΕΥΝΗΤΙΚΗ ΑΝΩΝΥΜΗ ΕΤΑΙΡΕΙΑ,472.76,,1359α01
ΨΚΡΝ4690ΒΩ-ΠΝΞ,2025-12-06,ΠΡΟΜΗΘΕΙΑ ΛΟΙΠΟΥ ΧΗΜΙΚΟΥ ΥΛΙΚΟΥ (ΤΕΣΤ ΑΝΙΧΝΕΥΣΗΣ ΑΝΤΙΓΟΝΩΝ ΤΟΥ COVID -19 KAI THΣ ΓΡΙΠΗΣ) ΜΕ ΣΥΜΒΑΣΗ ΤΟΝ ΜΗΝΑ  ΙΑΝΟΥΑΡΙΟ 2025 (ΣΥΜΒ.16/2025) ΑΠΑΞ ΠΑΡΑΓΓΕΛΙΑ ΣΥΜΦΩΝΑ ΜΕ ΤΙΣ ΔΙΑΤΑΞΕΙΣ ΤΟΥ Ν. 5216/2025 αρθ.44 (ΦΕΚ 118 /τ. Α'/ 07-07-2025,997845150,PROGNOSIS BIOTECH ΑΝΩΝΥΜΗ ΕΤΑΙΡΙΑ,4695.8,,1359α01
ΨΙΝΘ4690ΒΩ-9ΟΩ,2025-12-06,ΠΡΟΜΗΘΕΙΑ ΛΟΙΠΟΥ ΧΗΜΙΚΟΥ ΥΛΙΚΟΥ (ΕΛΕΓΧΟΣ ΠΟΙΟΤΗΤΑΣ ΠΑΘΟΛΟΓΙΚΗΣ ΑΝΑΤΟΜΙΚΗΣ) ΜΕ ΣΥΜΒΑΣΗ ΤΟΝ ΜΗΝΑ ΜΑΡΤΙΟ 2025  (ΣΥΜΒ. 87/2025) ΣΥΜΦΩΝΑ ΜΕ ΤΙΣ ΔΙΑΤΑΞΕΙΣ ΤΟΥ Ν. 5216/2025 αρθ.44 (ΦΕΚ 118 /τ. Α'/ 07-07-2025,095580571,ΑΛΦΑ ΜΕΝΤΙΚΑΛ ΕΙΣΑΓΩΓΕΣ ΚΑΙ ΑΝΤΙΠΡΟΣΩΠΕΙΕΣ ΙΑΤΡΟΤΕΧΝΟΛΟΓΙΚΩΝ ΚΑΙ ΦΑΡΜΑΚΕΥΤΙΚΩΝ ΠΡΟΙΟΝΤΩΝ ΑΝΩΝΥΜΟΣ ΕΜΠΟΡΙΚΗ  ΒΙΟΜΗΧΑΝΙΚΗ,2194.2,,1359α01
ΨΒΦ84690ΒΩ-ΕΥΖ,2025-12-06,ΠΡΟΜΗΘΕΙΑ ΛΟΙΠΟΥ ΧΗΜΙΚΟΥ ΥΛΙΚΟΥ (ΑΝΤΙΔΡΑΣΤΗΡΙΑ ΟΜΑΔΩΝ ΑΙΜΑΤΟΣ ΚΑΙ ΔΟΚΙΜΑΣΙΩΝ ΣΥΜΒΑΤΟΤΗΤΑΣ ΜΕ ΑΥΤΟΜΑΤΟ ΑΝΑΛΥΤΗ  ΜΕ ΤΗ ΜΕΘΟΔΟ ΜΙΚΡΟΣΦΑΙΡΙΔΙΩΝ) ΜΕ ΣΥΜΒΑΣΗ ΤΟΝ ΜΗΝΑ ΦΕΒΡΟΥΑΡΙΟ 2025 (ΣΥΜΒ.56/2025) ΣΥΜΦΩΝΑ ΜΕ ΤΙΣ ΔΙΑΤΑΞΕΙΣ ΤΟΥ Ν. 5216/2025 αρθ.44  (ΦΕΚ 118 /τ. Α'/ 07-07-2025,094128820,Ι Μ ΚΥΡΙΑΚΙΔΗΣ ΑΝΤΙΠΡΟΣΩΠΕΙΑΙ ΕΜΠΟΡΙΟΝ ΕΙΣΑΓΩΓΑΙ ΤΟΥΡΙΣΤΙΚΑΙ ΚΑΙ ΤΕΧΝΙΚΑΙ ΕΠΙΧΕΙΡΗΣΕΙΣ,1221.91,,1359α01
ΨΦΒΚ4690ΒΩ-ΔΕΦ,2025-12-06,ΠΡΟΜΗΘΕΙΑ ΛΟΙΠΟΥ ΧΗΜΙΚΟΥ ΥΛΙΚΟΥ (ΔΙΑΓΝΩΣΤΙΚΕΣ ΟΥΣΙΕΣ ) ΜΕ ΣΥΜΒΑΣΗ ΤΟΝ ΜΗΝΑ ΙΑΝΟΥΑΡΙΟ 2025 (ΣΥΜΒ.32/2025) ΣΥΜΦΩΝΑ ΜΕ ΤΙΣ ΔΙΑΤΑΞΕΙΣ ΤΟΥ Ν. 5216/2025 αρθ.44 (ΦΕΚ 118 /τ. Α'/ 07-07-2025,091569759,ΑΦΟΙ Α ΣΕΛΙΔΗ ΑΝΩΝΥΜΗ ΕΤΑΙΡΙΑ ΕΠΙΣΤΗΜΟΝΙΚΟΥ ΕΞΟΠΛΙΣΜΟΥ,6137.4,,1359α01
ΨΙΑΗ4690ΒΩ-Γ0Σ,2025-12-06,"ΠΡΟΜΗΘΕΙΑ ΛΟΙΠΟΥ ΧΗΜΙΚΟΥ ΥΛΙΚΟΥ (ΑΝΤΙΔΡΑΣΤΗΡΙΩΝ ΕΡΓΑΣΤΗΡΙΩΝ ) ΜΕ ΣΥΜΒΑΣΗ ΤΟΥΣ ΜΗΝΕΣ ΙΑΝΟΥΑΡΙΟ,ΦΕΒΡΟΥΑΡΙΟ,ΜΑΡΤΙΟ  2025 (ΣΥΜΒ.643/2023 ΧΕ 740/2025)",094178060,ΠΑΥΛΟΣ ΑΡΝΑΟΥΤΗΣ ΔΙΑΓΝΩΣΤΙΚΑ ΙΑΤΡΙΚΑ ΦΑΡΜΑΚΕΥΤΙΚΑ ΠΡΟΙΟΝΤΑ ΑΕ,9538.88,,1359α01
9ΚΙΛ4690ΒΩ-9ΡΞ,2025-12-06,ΠΡΟΜΗΘΕΙΑ ΛΟΙΠΟΥ ΧΗΜΙΚΟΥ ΥΛΙΚΟΥ (ΚΑΛΛΙΕΡΓΕΙΕΣ ΜΙΚΡΟΒΙΟΛΟΓΙΑΣ) ΜΕ ΣΥΜΒΑΣΗ ΤΟΝ ΜΗΝΑ ΙΑΝΟΥΑΡΙΟ 2025 (ΣΥΜΒ.14/2025)  ΑΠΑΞ ΠΑΡΑΓΓΕΛΙΑ ΣΥΜΦΩΝΑ ΜΕ ΤΙΣ ΔΙΑΤΑΞΕΙΣ ΤΟΥ Ν. 5216/2025 αρθ.44 (ΦΕΚ 118 /τ. Α'/ 07-07-2025,094322455,MENARINI ΔΙΑΓΝΩΣΤΙΚΑ ΙΑΤΡΙΚΑ ΟΡΓΑΝΑ ΑΕΒΕ,12720.0,,1359α01
6ΓΥΤ4690ΒΩ-ΛΗΘ,2025-12-06,ΠΡΟΜΗΘΕΙΑ ΛΟΙΠΟΥ ΧΗΜΙΚΟΥ ΥΛΙΚΟΥ (ΚΑΛΛΙΕΡΓΕΙΕΣ ΜΙΚΡΟΒΙΟΛΟΓΙΑΣ) ΜΕ ΣΥΜΒΑΣΗ ΤΟΝ ΜΗΝΑ ΙΑΝΟΥΑΡΙΟ 2025 (ΣΥΜΒ.13/2025)  ΑΠΑΞ ΠΑΡΑΓΓΕΛΙΑ ΣΥΜΦΩΝΑ ΜΕ ΤΙΣ ΔΙΑΤΑΞΕΙΣ ΤΟΥ Ν. 5216/2025 αρθ.44 (ΦΕΚ 118 /τ. Α'/ 07-07-2025,094047060,ΒΑΡΕΛΑΣ ΑΝΩΝΥΜΗ ΕΤΑΙΡΕΙΑ ΧΗΜΙΚΑ ΚΑΙ ΔΙΑΓΝΩΣΤΙΚΑ,5638.14,,1359α01
9ΦΑΓ4690ΒΩ-93Χ,2025-12-06,ΠΡΟΜΗΘΕΙΑ ΛΟΙΠΟΥ ΧΗΜΙΚΟΥ ΥΛΙΚΟΥ (ΑΝΤΙΔΡΑΣΤΗΡΙΑ ΕΡΓΑΣΤΗΡΙΩΝ) ΜΕ ΣΥΜΒΑΣΗ ΤΟΝ ΜΗΝΑ ΙΑΝΟΥΑΡΙΟ 2025 (ΣΥΜΒ. 31/2025) ΑΠΑΞ ΠΑΡΑΓΓΕΛΙΑ ΣΥΜΦΩΝΑ ΜΕ ΤΙΣ ΔΙΑΤΑΞΕΙΣ ΤΟΥ Ν. 5216/2025 αρθ.44 (ΦΕΚ 118 /τ. Α'/ 07-07-2025,094499248,BIOMERIEUX ΕΛΛΑΣ ΑΝΩΝΥΜΗ ΕΤΑΙΡΙΑ ΕΙΣΑΓΩΓΗΣ ΕΜΠΟΡΙΑΣ ΚΑΙ ΔΙΑΝΟΜΗΣ ΙΑΤΡΙΚΩΝ ΚΑΙ ΔΙΑΓΝΩΣΤΙΚΩΝ ΠΡΟΙΟΝΤΩΝ,4611.0,,1359α01
9ΓΚΛ4690ΒΩ-Λ7Ζ,2025-12-06,ΠΡΟΜΗΘΕΙΑ ΛΟΙΠΟΥ ΧΗΜΙΚΟΥ ΥΛΙΚΟΥ (ΑΝΤΙΔΡΑΣΤΗΡΙΑ ΕΡΓΑΣΤΗΡΙΩΝ) ΜΕ ΣΥΜΒΑΣΗ ΤΟΝ ΜΗΝΑ ΙΑΝΟΥΑΡΙΟ 2025 (ΣΥΜΒ.765/2024)  ΑΠΑΞ ΠΑΡΑΓΓΕΛΙΑ ΣΥΜΦΩΝΑ ΜΕ ΤΙΣ ΔΙΑΤΑΞΕΙΣ ΤΟΥ Ν. 5216/2025 αρθ.44 (ΦΕΚ 118 /τ. Α'/ 07-07-2025,094499248,BIOMERIEUX ΕΛΛΑΣ ΑΝΩΝΥΜΗ ΕΤΑΙΡΙΑ ΕΙΣΑΓΩΓΗΣ ΕΜΠΟΡΙΑΣ ΚΑΙ ΔΙΑΝΟΜΗΣ ΙΑΤΡΙΚΩΝ ΚΑΙ ΔΙΑΓΝΩΣΤΙΚΩΝ ΠΡΟΙΟΝΤΩΝ,4611.0,,1359α01
ΨΩΙΨ4690ΒΩ-5ΧΡ,2025-12-06,ΠΡΟΜΗΘΕΙΑ ΛΟΙΠΟΥ ΧΗΜΙΚΟΥ ΥΛΙΚΟΥ (ΚΑΛΛΙΕΡΓΕΙΕΣ ΜΙΚΡΟΒΙΟΛΟΓΙΑΣ ) ΜΕ ΣΥΜΒΑΣΗ ΤΟΝ ΜΗΝΑ ΦΕΒΡΟΥΑΡΙΟ 2025 (ΣΥΜΒ.696/2024)  ΑΠΑΞ ΠΑΡΑΓΓΕΛΙΑ ΣΥΜΦΩΝΑ ΜΕ ΤΙΣ ΔΙΑΤΑΞΕΙΣ ΤΟΥ Ν. 5216/2025 αρθ.44 (ΦΕΚ 118 /τ. Α'/ 07-07-2025,094499248,BIOMERIEUX ΕΛΛΑΣ ΑΝΩΝΥΜΗ ΕΤΑΙΡΙΑ ΕΙΣΑΓΩΓΗΣ ΕΜΠΟΡΙΑΣ ΚΑΙ ΔΙΑΝΟΜΗΣ ΙΑΤΡΙΚΩΝ ΚΑΙ ΔΙΑΓΝΩΣΤΙΚΩΝ ΠΡΟΙΟΝΤΩΝ,7165.6,,1359α01
ΨΟΤΦ4690ΒΩ-187,2025-12-06,ΠΡΟΜΗΘΕΙΑ ΛΟΙΠΟΥ ΧΗΜΙΚΟΥ ΥΛΙΚΟΥ ΚΑΛΛΙΕΡΓΕΙΕΣ ΜΙΚΡΟΒΙΟΛΟΓΙΑΣ ) ΜΕ ΣΥΜΒΑΣΗ ΤΟΝ ΜΗΝΑ ΦΕΒΡΟΥΑΡΙΟ 2025  (ΣΥΜΒ.69/2025)ΑΠΑΞ ΠΑΡΑΓΓΕΛΙΑ ΣΥΜΦΩΝΑ ΜΕ ΤΙΣ ΔΙΑΤΑΞΕΙΣ ΤΟΥ Ν. 5216/2025 αρθ.44 (ΦΕΚ 118 /τ. Α'/ 07-07-2025,094499248,BIOMERIEUX ΕΛΛΑΣ ΑΝΩΝΥΜΗ ΕΤΑΙΡΙΑ ΕΙΣΑΓΩΓΗΣ ΕΜΠΟΡΙΑΣ ΚΑΙ ΔΙΑΝΟΜΗΣ ΙΑΤΡΙΚΩΝ ΚΑΙ ΔΙΑΓΝΩΣΤΙΚΩΝ ΠΡΟΙΟΝΤΩΝ,7716.8,,1359α01
Ψ8ΖΠ4690ΒΩ-2ΙΕ,2025-12-06,ΠΡΟΜΗΘΕΙΑ ΛΟΙΠΟΥ ΧΗΜΙΚΟΥ ΥΛΙΚΟΥ (ΚΑΛΛΙΕΡΓΕΙΕΣ ΜΙΚΡΟΒΙΟΛΟΓΙΑΣ) ΜΕ ΣΥΜΒΑΣΗ ΤΟΝ ΜΗΝΑ ΜΑΡΤΙΟ 2025 (ΣΥΜΒ.130/2025) ΑΠΑΞ  ΠΑΡΑΓΓΕΛΙΑ ΣΥΜΦΩΝΑ ΜΕ ΤΙΣ ΔΙΑΤΑΞΕΙΣ ΤΟΥ Ν. 5216/2025 αρθ.44 (ΦΕΚ 118 /τ. Α'/ 07-07-2025,094499248,BIOMERIEUX ΕΛΛΑΣ ΑΝΩΝΥΜΗ ΕΤΑΙΡΙΑ ΕΙΣΑΓΩΓΗΣ ΕΜΠΟΡΙΑΣ ΚΑΙ ΔΙΑΝΟΜΗΣ ΙΑΤΡΙΚΩΝ ΚΑΙ ΔΙΑΓΝΩΣΤΙΚΩΝ ΠΡΟΙΟΝΤΩΝ,13356.0,,1359α01
65ΨΒ4690ΒΩ-ΠΣΡ,2025-12-06,"ΠΡΟΜΗΘΕΙΑ ΛΟΙΠΟΥ ΧΗΜΙΚΟΥ ΥΛΙΚΟΥ (ΑΝΤΙΔΡΑΣΤΗΡΙΑ ΕΡΓΑΣΤΗΡΙΩΝ ) ΜΕ ΣΥΜΒΑΣΗ ΤΟΥΣ ΜΗΝΕΣ ΦΕΒΡΟΥΑΡΙΟ,ΜΑΡΤΙΟ  2025(ΣΥΜΒ.644/2023 ΧΕ 741/2025)",997585069,ΚΑΛΛΙΦΡΟΝΑΣ ΕΜΠΟΡΙΚΗ ΑΝΩΝΥΜΗ ΕΤΑΙΡΕΙΑ,10201.44,,1359α01
91ΠΜ4690ΒΩ-ΨΝΘ,2025-12-06,"ΠΡΟΜΗΘΕΙΑ ΛΟΙΠΟΥ ΧΗΜΙΚΟΥ ΥΛΙΚΟΥ (ΑΝΤΙΔΡΑΣΤΗΡΙΑ ΕΡΓΑΣΤΗΡΙΩΝ ) ΜΕ ΣΥΜΒΑΣΗ ΤΟΥΣ ΜΗΝΕΣ ΙΑΝΟΥΑΡΙΟ,ΦΕΒΡΟΥΑΡΙΟ ,ΜΑΡΤΙΟ  2025 (ΣΥΜΒ.641/2023 ΧΕ 738/2025)",095341314,ΔΙΑΓΝΩΣΤΙΚΑ ΧΗΜΙΚΗ ΟΡΓΑΝΟΛΟΓΙΑ ΑΝΩΝΥΜΗ ΕΤΑΙΡΙΑ,3744.01,,1359α01
ΨΛ5Α4690ΒΩ-ΦΞ4,2025-12-06,ΠΡΟΜΗΘΕΙΑ ΛΟΙΠΟΥ ΧΗΜΙΚΟΥ ΥΛΙΚΟΥ (ΚΑΛΛΙΕΡΓΕΙΕΣ ΜΙΚΡΟΒΙΟΛΟΓΙΑΣ) ΜΕ ΣΥΜΒΑΣΗ ΤΟΝ ΜΗΝΑ ΜΑΡΤΙΟ 2025(ΣΥΜΒ. 120/2025)  ΣΥΜΦΩΝΑ ΜΕ ΤΙΣ ΔΙΑΤΑΞΕΙΣ ΤΟΥ Ν. 5216/2025 αρθ.44 (ΦΕΚ 118 /τ. Α'/ 07-07-2025,094499248,BIOMERIEUX ΕΛΛΑΣ ΑΝΩΝΥΜΗ ΕΤΑΙΡΙΑ ΕΙΣΑΓΩΓΗΣ ΕΜΠΟΡΙΑΣ ΚΑΙ ΔΙΑΝΟΜΗΣ ΙΑΤΡΙΚΩΝ ΚΑΙ ΔΙΑΓΝΩΣΤΙΚΩΝ ΠΡΟΙΟΝΤΩΝ,6625.0,,1359α01
Ψ0ΣΧ4690ΒΩ-0ΗΛ,2025-12-06,ΠΡΟΜΗΘΕΙΑ ΛΟΙΠΟΥ ΧΗΜΙΚΟΥ ΥΛΙΚΟΥ (ΚΑΛΛΙΕΡΓΕΙΕΣ ΜΙΚΡΟΒΙΟΛΟΓΙΑΣ) ΜΕ ΣΥΜΒΑΣΗ ΤΟΝ ΜΗΝΑ ΜΑΡΤΙΟ 2025 (ΣΥΜΒ. 129/2025) ΑΠΑΞ  ΠΑΡΑΓΓΕΛΙΑ ΣΥΜΦΩΝΑ ΜΕ ΤΙΣ ΔΙΑΤΑΞΕΙΣ ΤΟΥ Ν. 5216/2025 αρθ.44 (ΦΕΚ 118 /τ. Α'/ 07-07-2025,094047060,ΒΑΡΕΛΑΣ ΑΝΩΝΥΜΗ ΕΤΑΙΡΕΙΑ ΧΗΜΙΚΑ ΚΑΙ ΔΙΑΓΝΩΣΤΙΚΑ,9907.82,,1359α01
98ΣΑ4690ΒΩ-ΦΜΞ,2025-12-04,ΕΝΤΑΛΜΑ ΠΛΗΡΩΜΗΣ ΤΡΑΠΕΖΑ  EUROBANK AE (094014250),094014250,ΤΡΑΠΕΖΑ  EUROBANK AE (094014250),1.2,,
Ψ9ΒΓ4690ΒΩ-ΖΑ7,2025-12-04,ΕΝΤΑΛΜΑ ΠΛΗΡΩΜΗΣ SOL HELLAS Τ.Α.Ε.  Α.Ε. (ΠΡΩΗΝ AIR LIQUIDE HELLAS A.E.B.A) (094073495),094073495,SOL HELLAS Τ.Α.Ε.  Α.Ε. (ΠΡΩΗΝ AIR LIQUIDE HELLAS A.E.B.A) (094073495),32.24,,
Ρ4204690ΒΩ-ΣΗΚ,2025-10-16,ΕΝΤΑΛΜΑ ΠΛΗΡΩΜΗΣ Ipirotiki Facility Services  Α.Ε. (998309282),998309282,Ipirotiki Facility Services  Α.Ε. (998309282),20844.4,,
ΡΒΤΠ4690ΒΩ-ΗΗΓ,2025-10-17,ΕΝΤΑΛΜΑ ΠΛΗΡΩΜΗΣ SWEDISH SYSTEMS SECURITY ΜΟΝ. Ε.Π.Ε. (099796300),099796300,SWEDISH SYSTEMS SECURITY ΜΟΝ. Ε.Π.Ε. (099796300),17938.67,,
Ψ3ΗΕ4690ΒΩ-ΕΣΡ,2025-10-16,ΕΝΤΑΛΜΑ ΠΛΗΡΩΜΗΣ Ipirotiki Facility Services  Α.Ε. (998309282),998309282,Ipirotiki Facility Services  Α.Ε. (998309282),164843.12,,
9ΥΘ34690ΒΩ-Μ28,2025-10-16,ΕΝΤΑΛΜΑ ΠΛΗΡΩΜΗΣ Ipirotiki Facility Services  Α.Ε. (998309282),998309282,Ipirotiki Facility Services  Α.Ε. (998309282),25057.92,,
6ΧΔ74690ΒΩ-Λ32,2025-12-04,ΕΝΤΑΛΜΑ ΠΛΗΡΩΜΗΣ ΕΛΛΗΝΙΚΟ ΙΝΣΤΙΤΟΥΤΟ PASTEUR (090030420),090030420,ΕΛΛΗΝΙΚΟ ΙΝΣΤΙΤΟΥΤΟ PASTEUR (090030420),13434.87,,
95ΜΔ4690ΒΩ-ΡΙ1,2025-12-04,ΕΝΤΑΛΜΑ ΠΛΗΡΩΜΗΣ ΕΛΛΗΝΙΚΟ ΙΝΣΤΙΤΟΥΤΟ PASTEUR (090030420),090030420,ΕΛΛΗΝΙΚΟ ΙΝΣΤΙΤΟΥΤΟ PASTEUR (090030420),3440.95,,
ΨΩΗ14690ΒΩ-ΑΤΤ,2025-11-04,"ΠΡΟΜΗΘΕΙΑ ΤΡΟΧΗΛΑΤΗΣ ΚΡΕΜΑΣΤΡΑΣ, ΜΗΝΟΣ ΔΕΚΕΜΒΡΙΟΥ 2024, ΧΩΡΙΣ ΣΥΜΒΑΣΗ, ΜΕ ΑΠΟΦΑΣΗ ΔΙΟΙΚΗΤΗ 635/24 (ΑΠΟΦΑΣΗ ΔΣ 1/27-3-25 Θ.1 ΓΙΑ ΤΗ EΠΙΚΥΡΩΣΗ ΑΠΟΦΑΣΕΩΝ ΔΙΟΙΚΗΤΗ ΕΤΟΥΣ 2024) ΣΥΜΦΩΝΑ ΜΕ ΤΙΣ ΔΙΑΤΑΞΕΙΣ ΤΟΥ Ν.5216/2025 αρθ.44 (ΦΕΚ 118/ τ.Α΄/07/07/2025) ΝΟΣ",998618379,ΔΕΜΕΡΤΖΗ Μ ΚΑΙ ΣΙΑ ΕΕ,1302.0,,7111β01
Ψ4ΔΟ4690ΒΩ-Α5Ω,2025-12-03,ΕΝΤΑΛΜΑ ΠΛΗΡΩΜΗΣ ΟΑΕΔ 1135  ΑΝΕΡΓΟΙ (090003373),090003373,ΟΑΕΔ 1135  ΑΝΕΡΓΟΙ (090003373),23.57,,0567α01
6ΤΣΛ4690ΒΩ-ΖΣΩ,2025-12-04,ΕΝΤΑΛΜΑ ΠΛΗΡΩΜΗΣ JOHNSON   JOHNSON HELLAS A.E.B.E. (094053472),094053472,JOHNSON   JOHNSON HELLAS A.E.B.E. (094053472),1192.15,,
ΨΡΙΝ4690ΒΩ-5ΣΖ,2025-11-28,ΕΝΤΑΛΜΑ ΠΛΗΡΩΜΗΣ ΛΙΑΠΗΣ ΙΩΑΝΝΗΣ (036142859),036142859,ΛΙΑΠΗΣ ΙΩΑΝΝΗΣ (036142859),86.23,,
9Κ3Φ4690ΒΩ-ΝΟΦ,2025-11-26,ΕΝΤΑΛΜΑ ΠΛΗΡΩΜΗΣ ΠΛΗΡΟΦΟΡΙΚΗ ΕΛΛΑΔΟΣ Ε.Π.Ε (095659768),095659768,ΠΛΗΡΟΦΟΡΙΚΗ ΕΛΛΑΔΟΣ Ε.Π.Ε (095659768),1782.5,,
ΨΖΓ34690ΒΩ-9ΙΖ,2025-12-03,ΕΝΤΑΛΜΑ ΠΛΗΡΩΜΗΣ INTER MEDICA  ΕΜΜ. Τ. ΤΖΑΝΙΔΑΚΗΣ (011651035),011651035,INTER MEDICA  ΕΜΜ. Τ. ΤΖΑΝΙΔΑΚΗΣ (011651035),3410.0,,
Ψ7ΝΦ4690ΒΩ-Ψ23,2025-12-03,ΕΝΤΑΛΜΑ ΠΛΗΡΩΜΗΣ INTER MEDICA  ΕΜΜ. Τ. ΤΖΑΝΙΔΑΚΗΣ (011651035),011651035,INTER MEDICA  ΕΜΜ. Τ. ΤΖΑΝΙΔΑΚΗΣ (011651035),272.8,,
601Π4690ΒΩ-ΑΨ5,2025-12-03,ΕΝΤΑΛΜΑ ΠΛΗΡΩΜΗΣ ΠΑΠΑΕΛΛΗΝΑΣ  Α. ΚΩΣΤΑΣ (ΕΛΛΑΣ) Α.Ε.Β.Ε. (094075360),094075360,ΠΑΠΑΕΛΛΗΝΑΣ  Α. ΚΩΣΤΑΣ (ΕΛΛΑΣ) Α.Ε.Β.Ε. (094075360),540.64,,
6ΑΙΙ4690ΒΩ-Κ39,2025-12-03,ΕΝΤΑΛΜΑ ΠΛΗΡΩΜΗΣ DRAEGER  HELLAS A.E (997799268),997799268,DRAEGER  HELLAS A.E (997799268),4655.02,,
6Φ4Γ4690ΒΩ-ΛΥΓ,2025-12-03,ΕΝΤΑΛΜΑ ΠΛΗΡΩΜΗΣ ΟΑΕΔ 1135  ΑΝΕΡΓΟΙ (090003373),090003373,ΟΑΕΔ 1135  ΑΝΕΡΓΟΙ (090003373),676.53,,
6Α8Κ4690ΒΩ-Τ4Ν,2025-11-26,ΕΝΤΑΛΜΑ ΠΛΗΡΩΜΗΣ ΔΙΑΓΝΩΣΤΙΚΗ - ΑΝΑΛΥΤΙΚΗ  Α.Ε (099109774),099109774,ΔΙΑΓΝΩΣΤΙΚΗ - ΑΝΑΛΥΤΙΚΗ  Α.Ε (099109774),527.88,,
9ΩΗΘ4690ΒΩ-ΨΡ0,2025-11-27,ΕΝΤΑΛΜΑ ΠΛΗΡΩΜΗΣ ΚΑΛΛΙΦΡΟΝΑΣ ΕΜΠΟΡΙΚΗ Α.Ε. (997585069),997585069,ΚΑΛΛΙΦΡΟΝΑΣ ΕΜΠΟΡΙΚΗ Α.Ε. (997585069),3158.8,,
ΨΓ6Ο4690ΒΩ-Χ1Δ,2025-11-28,ΕΝΤΑΛΜΑ ΠΛΗΡΩΜΗΣ ΛΑΒΔΑΚΗΣ ΕΜΜΑΝΟΥΗΛ Ο.Ε (081576638),081576638,ΛΑΒΔΑΚΗΣ ΕΜΜΑΝΟΥΗΛ Ο.Ε (081576638),68.2,,
ΨΕΥΧ4690ΒΩ-ΑΞΚ,2025-11-28,ΕΝΤΑΛΜΑ ΠΛΗΡΩΜΗΣ ΛΙΑΠΗΣ ΙΩΑΝΝΗΣ (036142859),036142859,ΛΙΑΠΗΣ ΙΩΑΝΝΗΣ (036142859),93.65,,
ΨΚΨΡ4690ΒΩ-ΣΒΗ,2025-11-28,ΕΝΤΑΛΜΑ ΠΛΗΡΩΜΗΣ ΛΙΑΠΗΣ ΙΩΑΝΝΗΣ (036142859),036142859,ΛΙΑΠΗΣ ΙΩΑΝΝΗΣ (036142859),101.4,,
6ΘΧΘ4690ΒΩ-Ω5Χ,2025-11-28,ΕΝΤΑΛΜΑ ΠΛΗΡΩΜΗΣ ΛΙΑΠΗΣ ΙΩΑΝΝΗΣ (036142859),036142859,ΛΙΑΠΗΣ ΙΩΑΝΝΗΣ (036142859),62.02,,
9ΒΛ54690ΒΩ-ΓΕ8,2025-11-28,ΕΝΤΑΛΜΑ ΠΛΗΡΩΜΗΣ ΛΙΑΠΗΣ ΙΩΑΝΝΗΣ (036142859),036142859,ΛΙΑΠΗΣ ΙΩΑΝΝΗΣ (036142859),242.42,,
Ψ43Φ4690ΒΩ-3Η5,2025-11-28,ΕΝΤΑΛΜΑ ΠΛΗΡΩΜΗΣ ΚΡΑΒΑΡΙΤΗΣ ΔΗΜΗΤΡΗΣ (036981342),036981342,ΚΡΑΒΑΡΙΤΗΣ ΔΗΜΗΤΡΗΣ (036981342),289.91,,
6ΖΗ74690ΒΩ-789,2025-11-28,ΕΝΤΑΛΜΑ ΠΛΗΡΩΜΗΣ ΠΕΙΡΑΪΚΗ ΕΦΟΔΙΑΣΤΙΚΗ  Σ.ΚΑΤΕΧΗΣ   ΣΙΑ ΟΕ (999234290),999234290,ΠΕΙΡΑΪΚΗ ΕΦΟΔΙΑΣΤΙΚΗ  Σ.ΚΑΤΕΧΗΣ   ΣΙΑ ΟΕ (999234290),442.68,,
6ΦΖΓ4690ΒΩ-ΦΞ6,2025-11-27,ΕΝΤΑΛΜΑ ΠΛΗΡΩΜΗΣ KLINIKUM   PLUS   ΜΟΝΟΠΡΟΣΩΠΗ  Ι.Κ.Ε. (800888293),800888293,KLINIKUM   PLUS   ΜΟΝΟΠΡΟΣΩΠΗ  Ι.Κ.Ε. (800888293),1326.8,,
ΨΦΚΕ4690ΒΩ-Φ3Σ,2025-11-27,ΕΝΤΑΛΜΑ ΠΛΗΡΩΜΗΣ Σ.ΚΩΝΣΤΑΝΤΙΝΙΔΗΣ   ΣΙΑ ΕΠΕ (099049158),099049158,Σ.ΚΩΝΣΤΑΝΤΙΝΙΔΗΣ   ΣΙΑ ΕΠΕ (099049158),217.94,,
6ΧΔΞ4690ΒΩ-7ΙΦ,2025-11-27,ΕΝΤΑΛΜΑ ΠΛΗΡΩΜΗΣ ΚΑΖΑΝΑΣ ΑΘΑΝΑΣΙΟΣ ΜΟΝΟΠΡΟΣΩΠΗ Ε.Π.Ε. (998632706),998632706,ΚΑΖΑΝΑΣ ΑΘΑΝΑΣΙΟΣ ΜΟΝΟΠΡΟΣΩΠΗ Ε.Π.Ε. (998632706),383.9,,
6ΜΛΗ4690ΒΩ-ΣΥ1,2025-11-27,ΕΝΤΑΛΜΑ ΠΛΗΡΩΜΗΣ ΚΟΣΜΙΔΗΣ  ΧΑΡ. ΠΕΤΡΟΣ     ΣΙΑ  Ε.Ε. (999685389),999685389,ΚΟΣΜΙΔΗΣ  ΧΑΡ. ΠΕΤΡΟΣ     ΣΙΑ  Ε.Ε. (999685389),122.45,,
6ΓΩΗ4690ΒΩ-ΘΧΧ,2025-11-27,ΕΝΤΑΛΜΑ ΠΛΗΡΩΜΗΣ ΚΟΣΜΙΔΗΣ  ΧΑΡ. ΠΕΤΡΟΣ     ΣΙΑ  Ε.Ε. (999685389),999685389,ΚΟΣΜΙΔΗΣ  ΧΑΡ. ΠΕΤΡΟΣ     ΣΙΑ  Ε.Ε. (999685389),2689.05,,
9ΩΙΜ4690ΒΩ-47Ζ,2025-11-27,ΕΝΤΑΛΜΑ ΠΛΗΡΩΜΗΣ ΚΟΣΜΙΔΗΣ  ΧΑΡ. ΠΕΤΡΟΣ     ΣΙΑ  Ε.Ε. (999685389),999685389,ΚΟΣΜΙΔΗΣ  ΧΑΡ. ΠΕΤΡΟΣ     ΣΙΑ  Ε.Ε. (999685389),44.07,,
ΨΜΣΔ4690ΒΩ-ΦΘΨ,2025-11-27,ΕΝΤΑΛΜΑ ΠΛΗΡΩΜΗΣ ΚΑΧΙΩΝΗΣ Α.-ΙΩΑΚΕΙΜΙΔΟΥ Π. ΟΕ (KI CONSTRUCTION) (998170464),998170464,ΚΑΧΙΩΝΗΣ Α.-ΙΩΑΚΕΙΜΙΔΟΥ Π. ΟΕ (KI CONSTRUCTION) (998170464),1117.2,,
6ΘΩ94690ΒΩ-3ΤΚ,2025-11-27,ΕΝΤΑΛΜΑ ΠΛΗΡΩΜΗΣ ΚΟΡΟΜΗΛΑΣ Α.   ΣΙΑ Ο.Ε. (099965738),099965738,ΚΟΡΟΜΗΛΑΣ Α.   ΣΙΑ Ο.Ε. (099965738),771.28,,
ΨΑΟ44690ΒΩ-ΘΛ8,2025-11-27,ΕΝΤΑΛΜΑ ΠΛΗΡΩΜΗΣ ΚΟΡΟΜΗΛΑΣ Α.   ΣΙΑ Ο.Ε. (099965738),099965738,ΚΟΡΟΜΗΛΑΣ Α.   ΣΙΑ Ο.Ε. (099965738),2628.8,,
63Γ84690ΒΩ-292,2025-11-28,ΕΝΤΑΛΜΑ ΠΛΗΡΩΜΗΣ PHAREL ΜΟΝΟΠΡΟΣΩΠΗ ΙΚΕ (800745614),800745614,PHAREL ΜΟΝΟΠΡΟΣΩΠΗ ΙΚΕ (800745614),18117.99,,
6ΓΡΛ4690ΒΩ-907,2025-11-28,ΕΝΤΑΛΜΑ ΠΛΗΡΩΜΗΣ ΤΡΑΠΕΖΑ  EUROBANK AE (094014250),094014250,ΤΡΑΠΕΖΑ  EUROBANK AE (094014250),4.0,,
ΨΤ0Ρ4690ΒΩ-ΟΨΕ,2025-11-28,ΕΝΤΑΛΜΑ ΠΛΗΡΩΜΗΣ ATRON HEALTH A.E. (800519113),800519113,ATRON HEALTH A.E. (800519113),14086.67,,
6Δ884690ΒΩ-ΨΥΧ,2025-11-28,ΕΝΤΑΛΜΑ ΠΛΗΡΩΜΗΣ ΤΡΑΠΕΖΑ  EUROBANK AE (094014250),094014250,ΤΡΑΠΕΖΑ  EUROBANK AE (094014250),4.0,,
ΨΚ0Χ4690ΒΩ-Δ2Ζ,2025-11-28,ΕΝΤΑΛΜΑ ΠΛΗΡΩΜΗΣ ΛΙΑΠΗΣ ΙΩΑΝΝΗΣ (036142859),036142859,ΛΙΑΠΗΣ ΙΩΑΝΝΗΣ (036142859),1915.8,,
689Ρ4690ΒΩ-Κ68,2025-11-27,ΕΝΤΑΛΜΑ ΠΛΗΡΩΜΗΣ ΔΕΡΚΑ  ΙΑΤΡΙΚΑ Ε.Π.Ε. (999687125),999687125,ΔΕΡΚΑ  ΙΑΤΡΙΚΑ Ε.Π.Ε. (999687125),2322.52,,
9ΠΚΩ4690ΒΩ-ΓΡΥ,2025-11-27,ΕΝΤΑΛΜΑ ΠΛΗΡΩΜΗΣ ΘΩΜΑΔΑΚΗΣ Α.   ΣΙΑ ΕΕ (998210454),998210454,ΘΩΜΑΔΑΚΗΣ Α.   ΣΙΑ ΕΕ (998210454),148.76,,
ΨΨΞΔ4690ΒΩ-ΛΑ0,2025-11-27,ΕΝΤΑΛΜΑ ΠΛΗΡΩΜΗΣ ΕΥΑΓΓΕΛΟΣ ΔΑΝΙΗΛ   ΣΙΑ ΟΕ (800187440),800187440,ΕΥΑΓΓΕΛΟΣ ΔΑΝΙΗΛ   ΣΙΑ ΟΕ (800187440),893.52,,
6Τ444690ΒΩ-ΞΗ6,2025-11-27,ΕΝΤΑΛΜΑ ΠΛΗΡΩΜΗΣ ΙΠΠΟΚΡΑΤΕΙΟΝ ΑΛΕΞ.ΟΡΦΑΝΟΥΔΑΚΗ ΣΙΑ ΟΕ (999144179),999144179,ΙΠΠΟΚΡΑΤΕΙΟΝ ΑΛΕΞ.ΟΡΦΑΝΟΥΔΑΚΗ ΣΙΑ ΟΕ (999144179),806.0,,
ΨΤΕΥ4690ΒΩ-ΕΦΩ,2025-11-27,ΕΝΤΑΛΜΑ ΠΛΗΡΩΜΗΣ ΑΚΑΗΑΙ-Γ.ΚΟΥΝΤΟΥΡΟΓΛΟΥ   ΣΙΑ ΕΕ (998856960),998856960,ΑΚΑΗΑΙ-Γ.ΚΟΥΝΤΟΥΡΟΓΛΟΥ   ΣΙΑ ΕΕ (998856960),1527.76,,
682Ζ4690ΒΩ-ΡΛΟ,2025-11-27,ΕΝΤΑΛΜΑ ΠΛΗΡΩΜΗΣ ΕΛΛΕΝΚΟ ΑΕ (094074824),094074824,ΕΛΛΕΝΚΟ ΑΕ (094074824),227.07,,
Ψ01Γ4690ΒΩ-59Ω,2025-11-27,ΕΝΤΑΛΜΑ ΠΛΗΡΩΜΗΣ ΛΕΩΝΙΔΑΣ ΚΑΝΕΛΛΟΣ    ΣΙΑ  Ο.Ε. (093401589),093401589,ΛΕΩΝΙΔΑΣ ΚΑΝΕΛΛΟΣ    ΣΙΑ  Ο.Ε. (093401589),3610.24,,
ΨΟ5Β4690ΒΩ-ΥΘΑ,2025-11-28,ΕΝΤΑΛΜΑ ΠΛΗΡΩΜΗΣ ΚΟΠΕΡ Α.Ε. (094007897),094007897,ΚΟΠΕΡ Α.Ε. (094007897),431.27,,
9Π4Σ4690ΒΩ-ΟΧ0,2025-11-27,ΕΝΤΑΛΜΑ ΠΛΗΡΩΜΗΣ ΘΩΜΑΔΑΚΗΣ Α.   ΣΙΑ ΕΕ (998210454),998210454,ΘΩΜΑΔΑΚΗΣ Α.   ΣΙΑ ΕΕ (998210454),334.8,,
ΨΙΟ54690ΒΩ-Χ6Λ,2025-12-03,"ΠΡΟΜΗΘΕΙΑ ΥΓΕΙΟΝΟΜΙΚΟΥ ΥΛΙΚΟΥ (ΣΑΚΟΥΛΕΣ ΣΚΩΡΑΜΙΔΩΝ), ΜΗΝΟΣ ΦΕΒΡΟΥΑΡΙΟΥ 2025, ΧΩΡΙΣ ΣΥΜΒΑΣΗ, ΜΕ ΑΠΟΦΑΣΗ ΔΙΟΙΚΗΤΗ 603/24 (ΑΠΟΦΑΣΗ ΔΣ 1/27-3-25 Θ.1 ΓΙΑ ΤΗ EΠΙΚΥΡΩΣΗ ΑΠΟΦΑΣΕΩΝ ΔΙΟΙΚΗΤΗ ΕΤΟΥΣ 2024) ΣΥΜΦΩΝΑ ΜΕ ΤΙΣ ΔΙΑΤΑΞΕΙΣ ΤΟΥ Ν.5216/2025 αρθ.44 (ΦΕΚ 118/ τ.Α΄/07/07/2025)",081940778,Α ΒΛΑΧΟΥ  ΚΑΙ ΣΙΑ ΟΕ,409.2,,1311α01
Ψ0ΗΣ4690ΒΩ-0ΒΙ,2025-11-27,ΕΝΤΑΛΜΑ ΠΛΗΡΩΜΗΣ Α.ΔΕΡΒΟΣ-Γ.ΔΗΜΗΤΡΑΚΟΠΟΥΛΟΣ κ.ΣΙΑ Α.Ε. (099518023),099518023,Α.ΔΕΡΒΟΣ-Γ.ΔΗΜΗΤΡΑΚΟΠΟΥΛΟΣ κ.ΣΙΑ Α.Ε. (099518023),556.5,,
68ΥΗ4690ΒΩ-Υ5Ψ,2025-11-26,ΕΝΤΑΛΜΑ ΠΛΗΡΩΜΗΣ ΒΙΟΣΕΡ Α.Ε. (094035927),094035927,ΒΙΟΣΕΡ Α.Ε. (094035927),3575.31,,
ΨΩ6Β4690ΒΩ-ΑΧ2,2025-11-27,ΕΝΤΑΛΜΑ ΠΛΗΡΩΜΗΣ ΓΕΡΜΑΝΟΣ Κ.ΙΑΤΡΙΚΑ ΑΕΕ (081734344),081734344,ΓΕΡΜΑΝΟΣ Κ.ΙΑΤΡΙΚΑ ΑΕΕ (081734344),945.59,,
6ΤΧΩ4690ΒΩ-ΔΞ7,2025-12-01,ΕΝΤΑΛΜΑ ΠΛΗΡΩΜΗΣ ΜΕΡΣΙΝΙΑΣ ΙΩΑΝΝΗΣ   ΣΙΑ Ε.Ε. (999915697),999915697,ΜΕΡΣΙΝΙΑΣ ΙΩΑΝΝΗΣ   ΣΙΑ Ε.Ε. (999915697),334.8,,
ΨΛΓΧ4690ΒΩ-Ο3Ω,2025-12-01,ΕΝΤΑΛΜΑ ΠΛΗΡΩΜΗΣ Χ.ΜΠΑΡΜΠΑΣ ΚΑΙ ΣΙΑ ΕΕ (800344879),800344879,Χ.ΜΠΑΡΜΠΑΣ ΚΑΙ ΣΙΑ ΕΕ (800344879),558.0,,
Ψ4ΓΜ4690ΒΩ-ΗΑ1,2025-12-01,ΕΝΤΑΛΜΑ ΠΛΗΡΩΜΗΣ Χ.ΜΠΑΡΜΠΑΣ ΚΑΙ ΣΙΑ ΕΕ (800344879),800344879,Χ.ΜΠΑΡΜΠΑΣ ΚΑΙ ΣΙΑ ΕΕ (800344879),706.8,,
659Π4690ΒΩ-52Λ,2025-12-01,ΕΝΤΑΛΜΑ ΠΛΗΡΩΜΗΣ ΜΑΓΕΙΡΑΣ ΔΙΑΓΝΩΣΤΙΚΑ ΜΗΧΑΝΗΜΑΤΑ Α.Ε. (095444407),095444407,ΜΑΓΕΙΡΑΣ ΔΙΑΓΝΩΣΤΙΚΑ ΜΗΧΑΝΗΜΑΤΑ Α.Ε. (095444407),2332.0,,
ΨΛΝΦ4690ΒΩ-Ψ08,2025-12-01,ΕΝΤΑΛΜΑ ΠΛΗΡΩΜΗΣ Α.ΜΕΛΕΤΗΣ ΚΑΙ ΣΙΑ Ε.Ε. (802259160),802259160,Α.ΜΕΛΕΤΗΣ ΚΑΙ ΣΙΑ Ε.Ε. (802259160),260.4,,
Ψ4Ζ04690ΒΩ-Δ4Ω,2025-11-28,ΕΝΤΑΛΜΑ ΠΛΗΡΩΜΗΣ MILONAS HEALTH A.E (998179225),998179225,MILONAS HEALTH A.E (998179225),2476.87,,
ΨΤΦΚ4690ΒΩ-ΟΦΘ,2025-11-27,ΕΝΤΑΛΜΑ ΠΛΗΡΩΜΗΣ ΓΕΝΙΚΗ ΧΗΜΙΚΩΝ ΠΡΟΙΟΝΤΩΝ Α.Ε. (094133588),094133588,ΓΕΝΙΚΗ ΧΗΜΙΚΩΝ ΠΡΟΙΟΝΤΩΝ Α.Ε. (094133588),6118.33,,
Ψ9Χ24690ΒΩ-ΝΡΟ,2025-12-01,ΕΝΤΑΛΜΑ ΠΛΗΡΩΜΗΣ ΜΕΡΣΙΝΙΑΣ ΙΩΑΝΝΗΣ   ΣΙΑ Ε.Ε. (999915697),999915697,ΜΕΡΣΙΝΙΑΣ ΙΩΑΝΝΗΣ   ΣΙΑ Ε.Ε. (999915697),682.0,,
ΨΠΙΙ4690ΒΩ-7Μ4,2025-11-26,ΕΝΤΑΛΜΑ ΠΛΗΡΩΜΗΣ ΒΙΟΔΥΝΑΜΙΚΗ ΑΕ (094138676),094138676,ΒΙΟΔΥΝΑΜΙΚΗ ΑΕ (094138676),286.2,,
6ΘΡΘ4690ΒΩ-ΗΘΜ,2025-11-26,ΕΝΤΑΛΜΑ ΠΛΗΡΩΜΗΣ ΒΑΡΕΛΑΣ Α.Ε. (094047060),094047060,ΒΑΡΕΛΑΣ Α.Ε. (094047060),2028.64,,
ΨΒΥΞ4690ΒΩ-ΟΗΔ,2025-11-26,ΕΝΤΑΛΜΑ ΠΛΗΡΩΜΗΣ V POWER Ι.ΒΕΝΕΤΗΣ ΣΙΑ Ε.Ε (999438956),999438956,V POWER Ι.ΒΕΝΕΤΗΣ ΣΙΑ Ε.Ε (999438956),471.2,,
9Υ164690ΒΩ-Γ1Δ,2025-11-26,ΕΝΤΑΛΜΑ ΠΛΗΡΩΜΗΣ ΒΙΟΠΡΟΜΗΘΕΥΤΙΚΗ ΜΟΝΟΠΡΟΣΩΠΗ  Ε.Π.Ε. (099007886),099007886,ΒΙΟΠΡΟΜΗΘΕΥΤΙΚΗ ΜΟΝΟΠΡΟΣΩΠΗ  Ε.Π.Ε. (099007886),184.76,,
98ΖΔ4690ΒΩ-ΖΥΙ,2025-11-26,ΕΝΤΑΛΜΑ ΠΛΗΡΩΜΗΣ ΒΙΟΠΡΟΜΗΘΕΥΤΙΚΗ ΜΟΝΟΠΡΟΣΩΠΗ  Ε.Π.Ε. (099007886),099007886,ΒΙΟΠΡΟΜΗΘΕΥΤΙΚΗ ΜΟΝΟΠΡΟΣΩΠΗ  Ε.Π.Ε. (099007886),3599.66,,
ΨΕ1Χ4690ΒΩ-1ΞΕ,2025-11-26,ΕΝΤΑΛΜΑ ΠΛΗΡΩΜΗΣ BIOKON ΙΑΤΡΙΚΑ   ΒΙΟΤΕΧ/ΚΑ ΠΡΟΙΟΝΤΑ ΕΠΕ (999656321),999656321,BIOKON ΙΑΤΡΙΚΑ   ΒΙΟΤΕΧ/ΚΑ ΠΡΟΙΟΝΤΑ ΕΠΕ (999656321),1844.4,,
ΨΓΝ34690ΒΩ-60Σ,2025-11-26,ΕΝΤΑΛΜΑ ΠΛΗΡΩΜΗΣ ΑΛΕΞΟΠΟΥΛΟΣ ΕΥΑΓΓΕΛΟΣ - LEOMED (102904792),102904792,ΑΛΕΞΟΠΟΥΛΟΣ ΕΥΑΓΓΕΛΟΣ - LEOMED (102904792),113.0,,
ΕΕ964690ΒΩ-9ΘΟ,2025-11-26,ΕΝΤΑΛΜΑ ΠΛΗΡΩΜΗΣ Δ.ΑΛΕΞΙΟΥ-Ν. ΧΑΛΑΣΤΑΡΑΣ Ο.Ε (084082828),084082828,Δ.ΑΛΕΞΙΟΥ-Ν. ΧΑΛΑΣΤΑΡΑΣ Ο.Ε (084082828),109.76,,
9ΟΜΒ4690ΒΩ-ΝΙΩ,2025-11-26,ΕΝΤΑΛΜΑ ΠΛΗΡΩΜΗΣ Δ.ΑΛΕΞΙΟΥ-Ν. ΧΑΛΑΣΤΑΡΑΣ Ο.Ε (084082828),084082828,Δ.ΑΛΕΞΙΟΥ-Ν. ΧΑΛΑΣΤΑΡΑΣ Ο.Ε (084082828),16.12,,
6Γ914690ΒΩ-74Υ,2025-11-26,ΕΝΤΑΛΜΑ ΠΛΗΡΩΜΗΣ Δ.ΑΛΕΞΙΟΥ-Ν. ΧΑΛΑΣΤΑΡΑΣ Ο.Ε (084082828),084082828,Δ.ΑΛΕΞΙΟΥ-Ν. ΧΑΛΑΣΤΑΡΑΣ Ο.Ε (084082828),550.56,,
9ΣΑΓ4690ΒΩ-7ΙΗ,2025-11-26,ΕΝΤΑΛΜΑ ΠΛΗΡΩΜΗΣ Ατομική Φροντίδα ΑΒΕΕ (998476060),998476060,Ατομική Φροντίδα ΑΒΕΕ (998476060),498.2,,
99Ω04690ΒΩ-8Γ0,2025-11-26,ΕΝΤΑΛΜΑ ΠΛΗΡΩΜΗΣ ΑΝΤΙ-ΣΕΛ ΑΦΟΙ A.ΣΕΛΙΔΗ A.Ε. (091569759),091569759,ΑΝΤΙ-ΣΕΛ ΑΦΟΙ A.ΣΕΛΙΔΗ A.Ε. (091569759),212.0,,
ΡΧΝΞ4690ΒΩ-ΙΝ3,2025-11-26,ΕΝΤΑΛΜΑ ΠΛΗΡΩΜΗΣ ΑΝΤΙ-ΣΕΛ ΑΦΟΙ A.ΣΕΛΙΔΗ A.Ε. (091569759),091569759,ΑΝΤΙ-ΣΕΛ ΑΦΟΙ A.ΣΕΛΙΔΗ A.Ε. (091569759),159.0,,
Ε1ΙΡ4690ΒΩ-8Ω8,2025-12-02,ΕΝΤΑΛΜΑ ΠΛΗΡΩΜΗΣ ΙΑΜΕΞ  ΙΑΤΡΙΚΑ  ΕΙΔΗ  Α.Ε. (999212027),999212027,ΙΑΜΕΞ  ΙΑΤΡΙΚΑ  ΕΙΔΗ  Α.Ε. (999212027),688.17,,
9ΡΛΗ4690ΒΩ-ΛΩΓ,2025-12-02,ΕΝΤΑΛΜΑ ΠΛΗΡΩΜΗΣ ΙΑΤΡΙΚΑ ΠΕΝΥ ΕΠΕ (999117743),999117743,ΙΑΤΡΙΚΑ ΠΕΝΥ ΕΠΕ (999117743),1661.6,,
ΡΟΦΝ4690ΒΩ-8Ξ2,2025-11-28,ΕΝΤΑΛΜΑ ΠΛΗΡΩΜΗΣ ΤΡΑΠΕΖΑ ΕΛΛΑΔΟΣ (094014213),094014213,ΤΡΑΠΕΖΑ ΕΛΛΑΔΟΣ (094014213),46.15,,
9ΞΜ84690ΒΩ-Ξ7Ω,2025-11-28,ΕΝΤΑΛΜΑ ΠΛΗΡΩΜΗΣ ΤΡΑΠΕΖΑ  EUROBANK AE (094014250),094014250,ΤΡΑΠΕΖΑ  EUROBANK AE (094014250),68.25,,
Ρ4ΘΑ4690ΒΩ-ΠΦΝ,2025-11-26,ΕΝΤΑΛΜΑ ΠΛΗΡΩΜΗΣ Ο.Τ.Ε.  ΒΟΛΟΥ (094019245),094019245,Ο.Τ.Ε.  ΒΟΛΟΥ (094019245),161.12,,
9ΥΖΔ4690ΒΩ-ΦΒ2,2025-11-26,ΕΝΤΑΛΜΑ ΠΛΗΡΩΜΗΣ Ο.Τ.Ε.  ΒΟΛΟΥ (094019245),094019245,Ο.Τ.Ε.  ΒΟΛΟΥ (094019245),158.98,,
Ρ14Κ4690ΒΩ-ΛΛΧ,2025-11-26,ΕΝΤΑΛΜΑ ΠΛΗΡΩΜΗΣ Ο.Τ.Ε.  ΒΟΛΟΥ (094019245),094019245,Ο.Τ.Ε.  ΒΟΛΟΥ (094019245),873.84,,
ΨΗΖΚ4690ΒΩ-Φ6Τ,2025-11-25,ΕΝΤΑΛΜΑ ΠΛΗΡΩΜΗΣ Ο.Τ.Ε.  ΒΟΛΟΥ (094019245),094019245,Ο.Τ.Ε.  ΒΟΛΟΥ (094019245),684.35,,
ΨΓΥΑ4690ΒΩ-ΔΣ7,2025-11-27,ΕΝΤΑΛΜΑ ΠΛΗΡΩΜΗΣ Ο.Τ.Ε.  ΒΟΛΟΥ (094019245),094019245,Ο.Τ.Ε.  ΒΟΛΟΥ (094019245),68.7,,
6Η1Ρ4690ΒΩ-ΧΧΥ,2025-11-26,ΕΝΤΑΛΜΑ ΠΛΗΡΩΜΗΣ Ο.Τ.Ε.  ΒΟΛΟΥ (094019245),094019245,Ο.Τ.Ε.  ΒΟΛΟΥ (094019245),4098.69,,
9Δ0Σ4690ΒΩ-54Ρ,2025-11-25,ΕΝΤΑΛΜΑ ΠΛΗΡΩΜΗΣ Ο.Τ.Ε.  ΒΟΛΟΥ (094019245),094019245,Ο.Τ.Ε.  ΒΟΛΟΥ (094019245),228.32,,
ΡΦΧΨ4690ΒΩ-ΖΤ2,2025-11-26,ΕΝΤΑΛΜΑ ΠΛΗΡΩΜΗΣ Ο.Τ.Ε.  ΒΟΛΟΥ (094019245),094019245,Ο.Τ.Ε.  ΒΟΛΟΥ (094019245),68.52,,
Ρ6Μ54690ΒΩ-3ΚΝ,2025-11-26,ΕΝΤΑΛΜΑ ΠΛΗΡΩΜΗΣ Ο.Τ.Ε.  ΒΟΛΟΥ (094019245),094019245,Ο.Τ.Ε.  ΒΟΛΟΥ (094019245),456.45,,
ΡΕ9Γ4690ΒΩ-Β7Ω,2025-11-26,ΕΝΤΑΛΜΑ ΠΛΗΡΩΜΗΣ Ο.Τ.Ε.  ΒΟΛΟΥ (094019245),094019245,Ο.Τ.Ε.  ΒΟΛΟΥ (094019245),68.52,,
ΨΩ0Σ4690ΒΩ-Ζ7Κ,2025-11-26,ΕΝΤΑΛΜΑ ΠΛΗΡΩΜΗΣ Ο.Τ.Ε.  ΒΟΛΟΥ (094019245),094019245,Ο.Τ.Ε.  ΒΟΛΟΥ (094019245),153.76,,
6Γ7Κ4690ΒΩ-ΓΡΖ,2025-11-26,ΕΝΤΑΛΜΑ ΠΛΗΡΩΜΗΣ Ο.Τ.Ε.  ΒΟΛΟΥ (094019245),094019245,Ο.Τ.Ε.  ΒΟΛΟΥ (094019245),307.52,,
ΨΘΛΛ4690ΒΩ-5ΙΤ,2025-11-26,ΕΝΤΑΛΜΑ ΠΛΗΡΩΜΗΣ Ο.Τ.Ε.  ΒΟΛΟΥ (094019245),094019245,Ο.Τ.Ε.  ΒΟΛΟΥ (094019245),247.58,,
ΨΦ2Χ4690ΒΩ-ΗΞ3,2025-11-27,ΕΝΤΑΛΜΑ ΠΛΗΡΩΜΗΣ Ο.Τ.Ε.  ΒΟΛΟΥ (094019245),094019245,Ο.Τ.Ε.  ΒΟΛΟΥ (094019245),68.52,,
ΨΤ044690ΒΩ-975,2025-11-24,ΕΝΤΑΛΜΑ ΠΛΗΡΩΜΗΣ Ο.Τ.Ε.  ΒΟΛΟΥ (094019245),094019245,Ο.Τ.Ε.  ΒΟΛΟΥ (094019245),92.57,,
ΡΦΛΟ4690ΒΩ-4ΥΞ,2025-11-26,ΕΝΤΑΛΜΑ ΠΛΗΡΩΜΗΣ Ο.Τ.Ε.  ΒΟΛΟΥ (094019245),094019245,Ο.Τ.Ε.  ΒΟΛΟΥ (094019245),307.52,,
9ΟΛΓ4690ΒΩ-1Ξ4,2025-11-26,ΕΝΤΑΛΜΑ ΠΛΗΡΩΜΗΣ Ο.Τ.Ε.  ΒΟΛΟΥ (094019245),094019245,Ο.Τ.Ε.  ΒΟΛΟΥ (094019245),307.52,,
61Θ94690ΒΩ-ΚΥ2,2025-11-27,ΕΝΤΑΛΜΑ ΠΛΗΡΩΜΗΣ Δ.Ε.Η.  ΒΟΛΟΥ (090000045),090000045,Δ.Ε.Η.  ΒΟΛΟΥ (090000045),447.0,,
9ΠΤ34690ΒΩ-ΟΥ0,2025-11-27,ΕΝΤΑΛΜΑ ΠΛΗΡΩΜΗΣ Δ.Ε.Η.  ΒΟΛΟΥ (090000045),090000045,Δ.Ε.Η.  ΒΟΛΟΥ (090000045),935.0,,
9ΔΙ94690ΒΩ-4ΣΒ,2025-11-28,ΕΝΤΑΛΜΑ ΠΛΗΡΩΜΗΣ ΔΕΥΑΜΒ (090071204),090071204,ΔΕΥΑΜΒ (090071204),25.0,,
ΨΖ874690ΒΩ-944,2025-11-28,ΕΝΤΑΛΜΑ ΠΛΗΡΩΜΗΣ ΔΕΥΑΜΒ (090071204),090071204,ΔΕΥΑΜΒ (090071204),4504.0,,
6ΑΣΧ4690ΒΩ-5ΒΑ,2025-11-28,ΕΝΤΑΛΜΑ ΠΛΗΡΩΜΗΣ ΕΠΑ ΘΕΣΣΑΛΟΝΙΚΗΣ-ΘΕΣΣΑΛΙΑΣ ΑΕ (997998048),997998048,ΕΠΑ ΘΕΣΣΑΛΟΝΙΚΗΣ-ΘΕΣΣΑΛΙΑΣ ΑΕ (997998048),174822.61,,
9ΘΛ94690ΒΩ-ΠΓΥ,2025-11-28,ΕΝΤΑΛΜΑ ΠΛΗΡΩΜΗΣ ΕΠΑ ΘΕΣΣΑΛΟΝΙΚΗΣ-ΘΕΣΣΑΛΙΑΣ ΑΕ (997998048),997998048,ΕΠΑ ΘΕΣΣΑΛΟΝΙΚΗΣ-ΘΕΣΣΑΛΙΑΣ ΑΕ (997998048),29036.5,,
6ΔΨΞ4690ΒΩ-8ΘΟ,2025-11-27,ΕΝΤΑΛΜΑ ΠΛΗΡΩΜΗΣ ΓΕΝΙΚΗ ΧΕΙΡΟΥΡΓΙΚΗ' Ο.Ε. ΛΕΩΝ Δ. ΣΑΛΤΙΕΛ κ. ΥΙΟΙ (091538410),091538410,ΓΕΝΙΚΗ ΧΕΙΡΟΥΡΓΙΚΗ' Ο.Ε. ΛΕΩΝ Δ. ΣΑΛΤΙΕΛ κ. ΥΙΟΙ (091538410),922.56,,
ΡΛΩΗ4690ΒΩ-95Δ,2025-11-28,ΚΑΤΑΒΟΛΗ ΤΕΛΟΥΣ ΑΚΙΝΗΤΗΣ ΠΕΡΙΟΥΣΙΑΣ ΑΚΙΝΗΤΟΥ (ΑΘ.ΔΙΑΚΟΥ 71) ΙΔΙΟΚΤΗΣΙΑΣ ΓΝΒ ΓΙΑ ΤΑ ΕΤΗ 2020-2021,997898793,ΔΗΜΟΣ ΒΟΛΟΥ,38.02,,0899α01
9ΞΨΦ4690ΒΩ-6ΜΩ,2025-11-28,ΑΠΟΔΟΣΗ ΥΠΕΡ ΕΑΑΔΗΣΥ  ΕΠΙ ΤΩΝ ΕΞΟΦΛΗΘΕΝΤΩΝ ΧΕ ΜΗΝΟΣ ΟΚΤΩΒΡΙΟΥ 2025 (Φ100),090166291,ΥΠΟΥΡΓΕΙΟ ΑΝΑΠΤΥΞΗΣ,34.36,,3399α01
6ΑΛΓ4690ΒΩ-ΠΔΚ,2025-11-28,ΑΠΟΔΟΣΗ ΥΠΕΡ  ΕΑΑΔΗΣΥ ΕΠΙ ΤΩΝ ΕΞΟΦΛΗΘΕΝΤΩΝ ΧΕ ΤΟΥ ΜΗΝΑ ΟΚΤΩΒΡΙΟΥ 2025 (Φ500),090166291,ΥΠΟΥΡΓΕΙΟ ΑΝΑΠΤΥΞΗΣ,0.11,,3399α05
907Β4690ΒΩ-ΤΙΕ,2025-11-28,ΑΠΟΔΟΣΗ ΥΠΕΡ  ΕΑΑΔΗΣΥ ΕΠΙ ΤΩΝ ΕΞΟΦΛΗΘΕΝΤΩΝ ΧΕ ΤΟΥ ΜΗΝΑ ΟΚΤΩΒΡΙΟΥ 2025 (Φ600),090166291,ΥΠΟΥΡΓΕΙΟ ΑΝΑΠΤΥΞΗΣ,0.11,,3399α06
91Ν84690ΒΩ-ΘΨΜ,2025-11-28,ΑΠΟΔΟΣΗ ΥΠΕΡ  ΕΑΑΔΗΣΥ ΕΠΙ ΤΩΝ ΕΞΟΦΛΗΘΕΝΤΩΝ ΧΕ ΤΟΥ ΜΗΝΑ ΟΚΤΩΒΡΙΟΥ 2025 (Φ400),090166291,ΥΠΟΥΡΓΕΙΟ ΑΝΑΠΤΥΞΗΣ,0.11,,3399α09
ΨΚΥ24690ΒΩ-Κ06,2025-11-28,: ΑΠΟΔΟΣΗ ΥΠΕΡ ΔΗΜΟΣΙΟΥ (ΧΑΡΤΟΣΗΜΟ- ΟΓΑ ΧΑΡΤ) ΕΠΙ ΤΩΝ ΕΞΟΦΛΗΘΕΝΤΩΝ ΧΕ ΜΗΝΟΣ ΟΚΤΩΒΡΙΟΥ 2025 (Φ100),090165560,ΥΠΟΥΡΓΕΙΟ ΟΙΚΟΝΟΜΙΚΩΝ ΓΕΝΙΚΗ   ΔIEYΘΥΝΣΗ  Δ ΚΗΣΥΠ ΞΗΣ Δ ΟΙΚ,0.47,,3391α01
Ψ9Ι84690ΒΩ-ΘΧΚ,2025-11-28,: ΑΠΟΔΟΣΗ ΥΠΕΡ  ΨΥΧΙΚΗΣ ΥΓΕΙΑΣ  (Ν. 3580) ΕΠΙ ΤΩΝ ΕΞΟΦΛΗΘΕΝΤΩΝ ΧΕ ΤΟΥ ΜΗΝΑ ΟΚΤΩΒΡΙΟΥ 2025 (Φ500),099017070,ΥΠΟΥΡΓΕΙΟ ΥΓΕΙΑΣ ΠΡΟΝΟΙΑΣ,2.11,,3391α05
6ΜΜΤ4690ΒΩ-9ΝΗ,2025-11-28,ΑΠΟΔΟΣΗ ΥΠΕΡ Ν ΨΥΧΙΚΗΣ ΥΓΕΙΑΣ  (Ν.3580) ΕΠΙ ΤΩΝ ΕΞΟΦΛΗΘΕΝΤΩΝ ΧΕ ΜΗΝΟΣ ΟΚΤΩΒΡΙΟΥ 2025 (Φ100),099017070,ΥΠΟΥΡΓΕΙΟ ΥΓΕΙΑΣ ΠΡΟΝΟΙΑΣ,686.27,,3391α1
6Θ0Δ4690ΒΩ-Ε6Σ,2025-11-28,: ΑΠΟΔΟΣΗ ΥΠΕΡ  ΨΥΧΙΚΗΣ ΥΓΕΙΑΣ (Ν.3580) ΕΠΙ ΤΩΝ ΕΞΟΦΛΗΘΕΝΤΩΝ ΧΕ ΤΟΥ ΜΗΝΑ ΟΚΤΩΒΡΙΟΥ 2025 (Φ600),099017070,ΥΠΟΥΡΓΕΙΟ ΥΓΕΙΑΣ ΠΡΟΝΟΙΑΣ,2.11,,3391α06
ΨΖ844690ΒΩ-Χ98,2025-11-28,"ΑΠΟΔΟΣΗ ΥΠΕΡ  ΨΥΧΙΚΗΣ ΥΓΕΙΑΣ (Ν.3580, 2%)ΕΠΙ ΤΩΝ ΕΞΟΦΛΗΘΕΝΤΩΝ ΧΕ ΤΟΥ ΜΗΝΑ ΟΚΤΩΒΡΙΟΥ 2025 (Φ400)",099017070,ΥΠΟΥΡΓΕΙΟ ΥΓΕΙΑΣ ΠΡΟΝΟΙΑΣ,2.11,,3391α09
ΨΩΟΘ4690ΒΩ-ΛΜΜ,2025-11-28,ΑΠΟΔΟΣΗ ΥΠΕΡ ΔΗΜΟΣΙΟΥ (ΦΟΡΟΣ 8%) ΕΠΙ ΤΩΝ ΕΞΟΦΛΗΘΕΝΤΩΝ ΧΕ ΤΟΥ ΜΗΝΑ ΟΚΤΩΒΡΙΟΥ 2025 (Φ500),090165560,ΥΠΟΥΡΓΕΙΟ ΟΙΚΟΝΟΜΙΚΩΝ ΓΕΝΙΚΗ   ΔIEYΘΥΝΣΗ  Δ ΚΗΣΥΠ ΞΗΣ Δ ΟΙΚ,8.28,,3391α05
6Ι8Λ4690ΒΩ-9ΟΟ,2025-11-28,ΑΠΟΔΟΣΗ ΥΠΕΡ  ΔΗΜΟΣΙΟΥ (ΦΟΡΟΣ 8%)ΕΠΙ ΤΩΝ ΕΞΟΦΛΗΘΕΝΤΩΝ ΧΕ ΤΟΥ ΜΗΝΑ ΟΚΤΩΒΡΙΟΥ 2025 (Φ600),090165560,ΥΠΟΥΡΓΕΙΟ ΟΙΚΟΝΟΜΙΚΩΝ ΓΕΝΙΚΗ   ΔIEYΘΥΝΣΗ  Δ ΚΗΣΥΠ ΞΗΣ Δ ΟΙΚ,8.28,,3391α01
Ψ93Ε4690ΒΩ-ΖΝ1,2025-11-28,: ΑΠΟΔΟΣΗ ΥΠΕΡ  ΔΗΜΟΣΙΟΥ (ΦΟΡΟΣ 8%)ΕΠΙ ΤΩΝ ΕΞΟΦΛΗΘΕΝΤΩΝ ΧΕ ΤΟΥ ΜΗΝΑ ΟΚΤΩΒΡΙΟΥ 2025 (Φ600),090165560,ΥΠΟΥΡΓΕΙΟ ΟΙΚΟΝΟΜΙΚΩΝ ΓΕΝΙΚΗ   ΔIEYΘΥΝΣΗ  Δ ΚΗΣΥΠ ΞΗΣ Δ ΟΙΚ,8.28,,3391α06
Ψ4ΟΖ4690ΒΩ-Ι5Ρ,2025-11-28,ΑΠΟΔΟΣΗ ΥΠΕΡ ΔΗΜΟΣΙΟΥ (ΦΟΡΟΣ 4%) ΕΠΙ ΤΩΝ ΕΞΟΦΛΗΘΕΝΤΩΝ ΧΕ ΜΗΝΟΣ ΟΚΤΩΒΡΙΟΥ 2025 (Φ100),090165560,ΥΠΟΥΡΓΕΙΟ ΟΙΚΟΝΟΜΙΚΩΝ ΓΕΝΙΚΗ   ΔIEYΘΥΝΣΗ  Δ ΚΗΣΥΠ ΞΗΣ Δ ΟΙΚ,1389.87,,3391α01
ΡΞΠ14690ΒΩ-Φ57,2025-11-19,ΕΝΤΑΛΜΑ ΠΛΗΡΩΜΗΣ ΤΡΑΠΕΖΑ  EUROBANK AE (094014250),094014250,ΤΡΑΠΕΖΑ  EUROBANK AE (094014250),2.4,,
9ΚΓ04690ΒΩ-ΙΝΛ,2025-11-24,ΕΝΤΑΛΜΑ ΠΛΗΡΩΜΗΣ ΜΑΥΡΟΥΔΗΣ Α.Ε. (997998085),997998085,ΜΑΥΡΟΥΔΗΣ Α.Ε. (997998085),2344.72,,
ΨΔΒΣ4690ΒΩ-ΨΕΡ,2025-11-24,ΕΝΤΑΛΜΑ ΠΛΗΡΩΜΗΣ ΚΟΠΕΡ Α.Ε. (094007897),094007897,ΚΟΠΕΡ Α.Ε. (094007897),1780.8,,
ΨΡΨ94690ΒΩ-Υ5Ω,2025-11-18,ΕΝΤΑΛΜΑ ΠΛΗΡΩΜΗΣ PUBLIC AUDIT SERVICES (802035894),802035894,PUBLIC AUDIT SERVICES (802035894),3720.0,,
99Ε04690ΒΩ-8ΤΧ,2025-11-24,ΕΝΤΑΛΜΑ ΠΛΗΡΩΜΗΣ NUMIL HELLAS  Α.Ε. (094446311),094446311,NUMIL HELLAS  Α.Ε. (094446311),1850.76,,
63ΖΛ4690ΒΩ-9ΦΡ,2025-11-24,ΕΝΤΑΛΜΑ ΠΛΗΡΩΜΗΣ ΤΕΜΑΚ Α.Ε.Τ.Ε. (094373941),094373941,ΤΕΜΑΚ Α.Ε.Τ.Ε. (094373941),855.6,,
ΡΨΠ34690ΒΩ-2ΦΓ,2025-11-25,"ΚΑΤΑΒΟΛΗ ΠΟΣΟΥ ΣΕ ΕΚΤΕΛΕΣΗ ΤΗΣ ΥΠ ΑΡΙΘ. 843/2021 ΑΠΟΦΑΣΗ ΤΟΥ ΜΟΜΟΜΕΛΟΥΣ  ΠΡΩΤΟΔΙΚΕΙΟΥ ΒΟΛΟΥ (ΔΙΑΔΙΚΑΣΙΑ ΑΣΦΑΛΙΣΤΙΚΑ ΜΕΤΡΑ ) 96Η ΔΟΣΗΣ  ΔΙΑΚΑΝΟΝΙΣΜΟΥ ΟΦΕΙΛΩΝ ΝΟΣΟΚΟΜΕΙΟΥ ,  ΣΥΜΦΩΝΑ ΜΕ ΤΑ ΙΔΙΩΤΙΚΑ ΣΥΜΦΩΝΗΤΙΚΑ ΡΥΘΜΙΣΗΣ ΟΦΕΙΛΩΝ ΜΕ ΑΡΙΘ.20454,20463,20458 ΤΗΣ 23/11/17 ΤΗ ΓΝΩΜΑΤΕΥΣΗ ΜΕ ΑΡΙΘ.6305/20-03-2019  ΤΗΣ ΔΙΚΗΓΟΡΟΥ ΚΑΙ ΤΟ ΠΡΑΚΤΙΚΟ ΔΣ 13/04-04-2019 ΘΕΜΑ 7.(ΠΑΡΟΧΗ 7763214,1473345) ΔΙΚΑΙΟΛΟΓΗΤΙΚΑ : ΠΑΡΑΣΤΑΤΙΚΑ :96H ΔΟΣΗ ΔΕΥΑΜΒ,ΔΟΣΗ 96 Ο Συντάξας                   Η Προισταμένη Οικον.Τμήματος                             Η Διευθύντρια Διοικ.-Οικ.Υπηρ                                                                                                                                                                                                                                                                          Λαμπρινή Γιαννακού                                                        Μιχαηλούλα Κάρτου                             ΣΥΝΟΛΟ ΚΡΑΤΗΣΕΩΝ : 0,00  ΕΞΟΦΛΗΣΗ ΧΡΗΜΑΤΙΚΟΥ ΕΝΤΑΛΜΑΤΟΣ ΣΤΟΙΧΕΙΑ ΕΠΙΚΟΙΝΩΝΙΑΣ (ΠΟΛΥΜΕΡΗ 134 - Τ.Κ. 38222 - ΒΟΛΟΣ - ΤΗΛ. 2421351239 - FAX ) ΜΕΤΡΗΤΑ :  (ποσό) ΕΠΙΤΑΓΗ : Αριθμός επιταγής Ημερομηνία έκδοσης επιταγής (ποσό) Ονοματεπώνυμο λαβόντος :   Αριθμός Ταυτότητας :   Ημερομηνία Εξόφλησης :  Ο/Η ΤΑΜΙΑΣ     ΣΥΝΗΜΜΕΝΑ - ΔΙΚΑΙΟΛΟΓΗΤΙΚΑ ΚΡΑΤΗΣΕΙΣ ΠΟΣΟ ΚΑΤΑΣΤΑΣΗ ΔΑΠΑΝΗΣΓΡΑΜ.ΕΙΣΠΡ.ΚΑΤΑΣΤ.ΧΡ.ΕΝΤΑΛΜ.ΠΡΑΚΤΙΚΟ ΔΣΒΕΒΑΙΩΣΗ ΚΑΕΚΑΤΑΣΤΑΣΗ ΑΠΟΔΟΣΗΣ ΚΡΑΤΗΣΕΩΝΛΟΓΑΡΙΑΣΜΟΙΑΝΑΛΗΨΗ ΔΕΣΜΕΥΣΗΣΛΟΙΠΑ ΔΙΚΑΙΟΛΟΓΗΤΙΚΑ1 2 3 4 5 6 7 8 9 ΣΥΝΟΛΟ ΚΡΑΤΗΣΕΩΝ 0,00 ΗΜΕΡΟΜΗΝΙΑ : 30/10/2025 ΑΡΙΘΜΟΣ : 2267 ΣΕΙΡΑ : 1 ΠΛΗΘΟΣ ΠΑΡΑΣΤΑΤΙΚΩΝ : 2 ΑΡΙΘΜΟΣ ΑΠΟΣΤΟΛΗΣ : 152 1ο ΚΡΙΤΗΡΙΟ : 2.Φ.100",090071204,ΔΗΜΟΤΙΚΗ ΕΠΙΧΕΙΡΗΣΗ ΥΔΡΕΥΣΗΣ ΑΠΟΧΕΤΕΥΣΗΣ ΒΟΛΟΥ,4504.0,,0841α01
ΨΡΓΙ4690ΒΩ-Ι5Τ,2025-11-25,"ΚΑΤΑΒΟΛΗ ΠΟΣΟΥ ΣΕ ΕΚΤΕΛΕΣΗ ΤΗΣ ΥΠ ΑΡΙΘ. 843/2021 ΑΠΟΦΑΣΗ ΤΟΥ ΜΟΜΟΜΕΛΟΥΣ  ΠΡΩΤΟΔΙΚΕΙΟΥ ΒΟΛΟΥ (ΔΙΑΔΙΚΑΣΙΑ ΑΣΦΑΛΙΣΤΙΚΑ ΜΕΤΡΑ ) 95Η ΔΟΣΗΣ  ΔΙΑΚΑΝΟΝΙΣΜΟΥ ΟΦΕΙΛΩΝ ΦΙΛΥΡΑ ,  ΣΥΜΦΩΝΑ ΜΕ ΤΑ ΙΔΙΩΤΙΚΑ ΣΥΜΦΩΝΗΤΙΚΑ ΡΥΘΜΙΣΗΣ ΟΦΕΙΛΩΝ ΜΕ ΑΡΙΘ.20454,20463,20458 ΤΗΣ 23/11/17 ΤΗ ΓΝΩΜΑΤΕΥΣΗ ΜΕ ΑΡΙΘ.6305/20-03-2019  ΤΗΣ ΔΙΚΗΓΟΡΟΥ ΚΑΙ ΤΟ ΠΡΑΚΤΙΚΟ ΔΣ 13/04-04-2019 ΘΕΜΑ 7.(ΠΑΡΟΧΗ 10103869)",090071204,ΔΗΜΟΤΙΚΗ ΕΠΙΧΕΙΡΗΣΗ ΥΔΡΕΥΣΗΣ ΑΠΟΧΕΤΕΥΣΗΣ ΒΟΛΟΥ,25.0,,0841α06
9Σ4Ε4690ΒΩ-ΧΞ9,2025-11-25,"ΚΑΤΑΒΟΛΗ ΠΟΣΟΥ ΣΕ ΕΚΤΕΛΕΣΗ ΤΗΣ ΥΠ ΑΡΙΘ. 843/2021 ΑΠΟΦΑΣΗ ΤΟΥ ΜΟΜΟΜΕΛΟΥΣ  ΠΡΩΤΟΔΙΚΕΙΟΥ ΒΟΛΟΥ (ΔΙΑΔΙΚΑΣΙΑ ΑΣΦΑΛΙΣΤΙΚΑ ΜΕΤΡΑ ) 95Η ΔΟΣΗΣ  ΔΙΑΚΑΝΟΝΙΣΜΟΥ ΟΦΕΙΛΩΝ ΦΙΛΥΡΑ ,  ΣΥΜΦΩΝΑ ΜΕ ΤΑ ΙΔΙΩΤΙΚΑ ΣΥΜΦΩΝΗΤΙΚΑ ΡΥΘΜΙΣΗΣ ΟΦΕΙΛΩΝ ΜΕ ΑΡΙΘ.20454,20463,20458 ΤΗΣ 23/11/17 ΤΗ ΓΝΩΜΑΤΕΥΣΗ ΜΕ ΑΡΙΘ.6305/20-03-2019  ΤΗΣ ΔΙΚΗΓΟΡΟΥ ΚΑΙ ΤΟ ΠΡΑΚΤΙΚΟ ΔΣ 13/04-04-2019 ΘΕΜΑ 7.(ΠΑΡΟΧΗ 10103869",090071204,ΔΗΜΟΤΙΚΗ ΕΠΙΧΕΙΡΗΣΗ ΥΔΡΕΥΣΗΣ ΑΠΟΧΕΤΕΥΣΗΣ ΒΟΛΟΥ,25.0,,0841α06
93ΧΔ4690ΒΩ-ΟΓΒ,2025-11-25,"ΚΑΤΑΒΟΛΗ ΠΟΣΟΥ ΣΕ ΕΚΤΕΛΕΣΗ ΤΗΣ ΥΠ ΑΡΙΘ. 843/2021 ΑΠΟΦΑΣΗ ΤΟΥ ΜΟΜΟΜΕΛΟΥΣ  ΠΡΩΤΟΔΙΚΕΙΟΥ ΒΟΛΟΥ (ΔΙΑΔΙΚΑΣΙΑ ΑΣΦΑΛΙΣΤΙΚΑ ΜΕΤΡΑ ) 95Η ΔΟΣΗΣ  ΔΙΑΚΑΝΟΝΙΣΜΟΥ ΟΦΕΙΛΩΝ ΝΟΣΟΚΟΜΕΙΟΥ ,  ΣΥΜΦΩΝΑ ΜΕ ΤΑ ΙΔΙΩΤΙΚΑ ΣΥΜΦΩΝΗΤΙΚΑ ΡΥΘΜΙΣΗΣ ΟΦΕΙΛΩΝ ΜΕ ΑΡΙΘ.20454,20463,20458 ΤΗΣ 23/11/17 ΤΗ ΓΝΩΜΑΤΕΥΣΗ ΜΕ ΑΡΙΘ.6305/20-03-2019  ΤΗΣ ΔΙΚΗΓΟΡΟΥ ΚΑΙ ΤΟ ΠΡΑΚΤΙΚΟ ΔΣ 13/04-04-2019 ΘΕΜΑ 7.(ΠΑΡΟΧΗ 7763214,1473345)",090071204,ΔΗΜΟΤΙΚΗ ΕΠΙΧΕΙΡΗΣΗ ΥΔΡΕΥΣΗΣ ΑΠΟΧΕΤΕΥΣΗΣ ΒΟΛΟΥ,4504.0,,0841α01
ΨΤ2Μ4690ΒΩ-Γ1Ε,2025-11-25,: ΑΠΟΔΟΣΗ  ΥΠΕΡ ΨΥΧΙΚΗΣ ΥΓΕΙΑΣ   (Ν. 3580) ΕΠΙ ΤΩΝ ΕΞΟΦΛΗΘΕΝΤΩΝ ΧΕ ΜΗΝΟΣ ΟΚΤΩΒΡΙΟΥ 2025 (Φ100),099017070,ΥΠΟΥΡΓΕΙΟ ΥΓΕΙΑΣ ΠΡΟΝΟΙΑΣ,21726.95,,3391α01
9ΝΛΟ4690ΒΩ-ΞΑΣ,2025-11-25,ΑΠΟΔΟΣΗ  ΥΠΕΡ ΔΗΜΟΣΙΟΥ  (ΦΟΡΟΣ 20%) ΕΠΙ ΤΩΝ ΕΞΟΦΛΗΘΕΝΤΩΝ ΧΕ ΜΗΝΟΣ ΟΚΤΩΒΡΙΟΥ 2025 (Φ100),090165560,ΥΠΟΥΡΓΕΙΟ ΟΙΚΟΝΟΜΙΚΩΝ ΓΕΝΙΚΗ   ΔIEYΘΥΝΣΗ  Δ ΚΗΣΥΠ ΞΗΣ Δ ΟΙΚ,2997.83,,3391α01
9ΙΙΚ4690ΒΩ-ΤΝ3,2025-11-25,: ΑΠΟΔΟΣΗ  ΑΡΧΗΣ ΕΞΕΤΑΣΗΣ  ΠΡΟΔΙΚΑΣΤΙΚΩΝ ΠΡΟΣΦΥΓΩΝ   (ΑΕΠΠ) ΕΠΙ ΤΩΝ ΕΞΟΦΛΗΘΕΝΤΩΝ ΧΕ ΜΗΝΟΣ ΟΚΤΩΒΡΙΟΥ 2025 (Φ100),090169674,ΥΠΟΥΡΓΕΙΟ ΔΙΚΑΙΟΣΥΝΗΣ,0.04,,3399α01
Ψ4ΝΒ4690ΒΩ-1Θ9,2025-11-25,ΑΠΟΔΟΣΗ  ΥΠΕΡ ΔΗΜΟΣΙΟΥ  (ΕΑΑΔΗΣΥ ) ΕΠΙ ΤΩΝ ΕΞΟΦΛΗΘΕΝΤΩΝ ΧΕ ΜΗΝΟΣ ΟΚΤΩΒΡΙΟΥ 2025 (Φ100),090166291,ΥΠΟΥΡΓΕΙΟ ΑΝΑΠΤΥΞΗΣ,1014.35,,3399α01
ΨΛ1Ξ4690ΒΩ-ΕΙ4,2025-11-25,"ΑΠΟΔΟΣΗ  ΥΠΕΡ ΔΗΜΟΣΙΟΥ  (ΦΟΡΟΙ 1%,4%,8%) ΕΠΙ ΤΩΝ ΕΞΟΦΛΗΘΕΝΤΩΝ ΧΕ ΜΗΝΟΣ ΟΚΤΩΒΡΙΟΥ 2025 (Φ100)",090165560,ΥΠΟΥΡΓΕΙΟ ΟΙΚΟΝΟΜΙΚΩΝ ΓΕΝΙΚΗ   ΔIEYΘΥΝΣΗ  Δ ΚΗΣΥΠ ΞΗΣ Δ ΟΙΚ,52733.44,,3391α01
9ΒΠ54690ΒΩ-4ΜΡ,2025-11-25,ΑΠΟΔΟΣΗ  ΥΠΕΡ ΔΗΜΟΣΙΟΥ  ( ΧΑΡΤ.&ΟΓΑ ΧΑΡΤ ) ΕΠΙ ΤΩΝ ΕΞΟΦΛΗΘΕΝΤΩΝ ΧΕ ΜΗΝΟΣ ΟΚΤΩΒΡΙΟΥ 2025 (Φ100),090165560,ΥΠΟΥΡΓΕΙΟ ΟΙΚΟΝΟΜΙΚΩΝ ΓΕΝΙΚΗ   ΔIEYΘΥΝΣΗ  Δ ΚΗΣΥΠ ΞΗΣ Δ ΟΙΚ,34.5,,3391α01
60ΜΨ4690ΒΩ-ΔΝΝ,2025-11-18,ΕΝΤΑΛΜΑ ΠΛΗΡΩΜΗΣ ΕΜ.ΚΑ.ΤΕ. ΚΑΡΑΓΙΑΝΝΗΣ Ν.   ΣΙΑ ΟΕ (800332069),800332069,ΕΜ.ΚΑ.ΤΕ. ΚΑΡΑΓΙΑΝΝΗΣ Ν.   ΣΙΑ ΟΕ (800332069),86.8,,
ΨΛΒΧ4690ΒΩ-ΡΟ7,2025-11-17,ΕΝΤΑΛΜΑ ΠΛΗΡΩΜΗΣ ΠΡΩΤΟΝ A.E. (094442268),094442268,ΠΡΩΤΟΝ A.E. (094442268),940.16,,
ΨΦΡ54690ΒΩ-Δ4Ψ,2025-11-17,ΕΝΤΑΛΜΑ ΠΛΗΡΩΜΗΣ ΠΑΠΑΠΟΣΤΟΛΟΥ Ν. ΑΕ (095029193),095029193,ΠΑΠΑΠΟΣΤΟΛΟΥ Ν. ΑΕ (095029193),3844.0,,
Ψ2Σ84690ΒΩ-ΣΦ1,2025-11-18,ΕΝΤΑΛΜΑ ΠΛΗΡΩΜΗΣ ΜΕΝΤΙΣΑΠ ΑΕ (094447320),094447320,ΜΕΝΤΙΣΑΠ ΑΕ (094447320),3361.75,,
ΨΣΒΩ4690ΒΩ-4ΩΝ,2025-11-20,ΕΝΤΑΛΜΑ ΠΛΗΡΩΜΗΣ ΚΑΛΤΕΚ ΑΕ ΕΜΠΟΡΙΑ ΙΑΤΡΙΚΩΝ ΕΙΔΩΝ ΚΑΙ ΠΡΟΙΟΝΤΩΝ ΚΑΙ ΜΗΧΑΝΗΜΑΤΩΝ  ΑΝΩΝΥΜΗ ΕΤΑΙΡΕΙΑ (999307110),999307110,ΚΑΛΤΕΚ ΑΕ ΕΜΠΟΡΙΑ ΙΑΤΡΙΚΩΝ ΕΙΔΩΝ ΚΑΙ ΠΡΟΙΟΝΤΩΝ ΚΑΙ ΜΗΧΑΝΗΜΑΤΩΝ  ΑΝΩΝΥΜΗ ΕΤΑΙΡΕΙΑ (999307110),88.14,,
Ψ2ΖΜ4690ΒΩ-ΝΒΔ,2025-11-18,ΕΝΤΑΛΜΑ ΠΛΗΡΩΜΗΣ DRAEGER  HELLAS A.E (997799268),997799268,DRAEGER  HELLAS A.E (997799268),16533.33,,
ΨΞΡΛ4690ΒΩ-ΣΜ6,2025-11-18,ΕΝΤΑΛΜΑ ΠΛΗΡΩΜΗΣ ΕΜ.ΚΑ.ΤΕ. ΚΑΡΑΓΙΑΝΝΗΣ Ν.   ΣΙΑ ΟΕ (800332069),800332069,ΕΜ.ΚΑ.ΤΕ. ΚΑΡΑΓΙΑΝΝΗΣ Ν.   ΣΙΑ ΟΕ (800332069),4367.28,,
91ΧΧ4690ΒΩ-6ΑΒ,2025-11-19,ΕΝΤΑΛΜΑ ΠΛΗΡΩΜΗΣ TELEFLEX MEDICAL ΕΛΛΑΣ (ARROW HELLAS AEE) (094429990),094429990,TELEFLEX MEDICAL ΕΛΛΑΣ (ARROW HELLAS AEE) (094429990),2983.2,,
ΨΩ674690ΒΩ-Χ2Κ,2025-11-12,ΕΝΤΑΛΜΑ ΠΛΗΡΩΜΗΣ ΑΝΑΛΥΤΙΚΕΣ ΣΥΣΚΕΥΕΣ  Α.Ε. (094143441),094143441,ΑΝΑΛΥΤΙΚΕΣ ΣΥΣΚΕΥΕΣ  Α.Ε. (094143441),9484.76,,
ΨΒΙ04690ΒΩ-76Ω,2025-11-10,ΕΝΤΑΛΜΑ ΠΛΗΡΩΜΗΣ CARRIER Ν.ΑΝ.ΕΥΡΩΠΗΣ ΚΛΙΜ/ΣΜΟΥ Α.Ε. (094438519),094438519,CARRIER Ν.ΑΝ.ΕΥΡΩΠΗΣ ΚΛΙΜ/ΣΜΟΥ Α.Ε. (094438519),8001.09,,
6ΜΡΜ4690ΒΩ-Β15,2025-11-12,ΕΝΤΑΛΜΑ ΠΛΗΡΩΜΗΣ ΣΑΜΑΡΑΣ ΓΕΩΡΓΙΟΣ ΑΒΕΕ (094373861),094373861,ΣΑΜΑΡΑΣ ΓΕΩΡΓΙΟΣ ΑΒΕΕ (094373861),1198.67,,
9ΙΤΜ4690ΒΩ-52Α,2025-11-10,ΕΝΤΑΛΜΑ ΠΛΗΡΩΜΗΣ COMPUTER SOLUTIONS Α.E. (095403136),095403136,COMPUTER SOLUTIONS Α.E. (095403136),3113.64,,
ΨΜΤ54690ΒΩ-5ΚΟ,2025-11-10,ΕΝΤΑΛΜΑ ΠΛΗΡΩΜΗΣ CARRIER Ν.ΑΝ.ΕΥΡΩΠΗΣ ΚΛΙΜ/ΣΜΟΥ Α.Ε. (094438519),094438519,CARRIER Ν.ΑΝ.ΕΥΡΩΠΗΣ ΚΛΙΜ/ΣΜΟΥ Α.Ε. (094438519),7663.2,,
Ψ0Θ84690ΒΩ-5ΚΤ,2025-11-12,ΕΝΤΑΛΜΑ ΠΛΗΡΩΜΗΣ ΤΖΕΚΑ ΑΦΟΙ Ο.Ε (997663680),997663680,ΤΖΕΚΑ ΑΦΟΙ Ο.Ε (997663680),1178.54,,
682Ω4690ΒΩ-8ΜΠ,2025-11-12,ΕΝΤΑΛΜΑ ΠΛΗΡΩΜΗΣ ΤΖΕΚΑ ΑΦΟΙ Ο.Ε (997663680),997663680,ΤΖΕΚΑ ΑΦΟΙ Ο.Ε (997663680),1262.42,,
ΡΠΤ94690ΒΩ-5ΓΓ,2025-11-12,ΕΝΤΑΛΜΑ ΠΛΗΡΩΜΗΣ ΝΕΑ ΕΠΙΜΕΝΤ ΜΕΠΕ (999723663),999723663,ΝΕΑ ΕΠΙΜΕΝΤ ΜΕΠΕ (999723663),1860.0,,
680Γ4690ΒΩ-ΟΣ3,2025-11-14,ΕΝΤΑΛΜΑ ΠΛΗΡΩΜΗΣ Α.ΔΕΡΒΟΣ-Γ.ΔΗΜΗΤΡΑΚΟΠΟΥΛΟΣ κ.ΣΙΑ Α.Ε. (099518023),099518023,Α.ΔΕΡΒΟΣ-Γ.ΔΗΜΗΤΡΑΚΟΠΟΥΛΟΣ κ.ΣΙΑ Α.Ε. (099518023),4074.64,,
9ΟΟΑ4690ΒΩ-Υ4Ε,2025-11-12,ΕΝΤΑΛΜΑ ΠΛΗΡΩΜΗΣ STAGER-Ι.Δ. ΚΩΝΣΤΑΝΤΟΠΟΥΛΟΣ ΑΒΕΕ (800357297),800357297,STAGER-Ι.Δ. ΚΩΝΣΤΑΝΤΟΠΟΥΛΟΣ ΑΒΕΕ (800357297),14756.0,,
Ρ40Ε4690ΒΩ-59Σ,2025-11-06,ΑΜΟΙΒΕΣ ΚΑΙ ΠΡΟΜΗΘΕΙΕΣ ΤΡΑΠΕΖΩΝ ΓΙΑ ΕΞΕΡΧΟΜΕΝΕΣ ΜΕΤΑΦΟΡΕΣ ΠΙΣΤΩΣΕΩΝ ΣΕ ΤΡΑΠΕΖΕΣ ΤΟΥ ΕΞΩΤΕΡΙΚΟΥ ( (ΧΕ.2497/2025 ΒΟSTON,094014250,ΤΡΑΠΕΖΑ  EUROBANK AE (094014250),4.0,,0431α01
6ΣΤ34690ΒΩ-ΞΣ5,2025-11-12,ΕΝΤΑΛΜΑ ΠΛΗΡΩΜΗΣ ΠΑΠΑΠΟΣΤΟΛΟΥ Ν. ΑΕ (095029193),095029193,ΠΑΠΑΠΟΣΤΟΛΟΥ Ν. ΑΕ (095029193),19257.2,,
93ΦΠ4690ΒΩ-6Γ9,2025-11-10,ΕΝΤΑΛΜΑ ΠΛΗΡΩΜΗΣ ΠΑΠΑΠΟΣΤΟΛΟΥ Ν. ΑΕ (095029193),095029193,ΠΑΠΑΠΟΣΤΟΛΟΥ Ν. ΑΕ (095029193),17918.0,,
Ψ4Ζ74690ΒΩ-ΥΔΔ,2025-11-12,ΕΝΤΑΛΜΑ ΠΛΗΡΩΜΗΣ DRAEGER  HELLAS A.E (997799268),997799268,DRAEGER  HELLAS A.E (997799268),5487.0,,
9ΑΦΟ4690ΒΩ-34Χ,2025-11-12,ΕΝΤΑΛΜΑ ΠΛΗΡΩΜΗΣ ΠΡΩΤΟΝ A.E. (094442268),094442268,ΠΡΩΤΟΝ A.E. (094442268),1266.67,,
9ΣΠΗ4690ΒΩ-ΤΙΣ,2025-11-12,ΕΝΤΑΛΜΑ ΠΛΗΡΩΜΗΣ MEDIC PLAN HEALTH PROJECT IKE (999961120),999961120,MEDIC PLAN HEALTH PROJECT IKE (999961120),3744.8,,
Ρ6ΧΒ4690ΒΩ-424,2025-11-12,ΕΝΤΑΛΜΑ ΠΛΗΡΩΜΗΣ SANTAIR Α.Ε.ΙΑΤΡΙΚΩΝ ΕΦΑΡΜΟΓΩΝ (094497279),094497279,SANTAIR Α.Ε.ΙΑΤΡΙΚΩΝ ΕΦΑΡΜΟΓΩΝ (094497279),6000.0,,
63Σ94690ΒΩ-ΔΛ9,2025-11-12,ΕΝΤΑΛΜΑ ΠΛΗΡΩΜΗΣ MEDIPRIME ΙΑΤΡΟΦΑΡΜ.ΕΙΔΩΝ Α.Ε.Ε. (998283526),998283526,MEDIPRIME ΙΑΤΡΟΦΑΡΜ.ΕΙΔΩΝ Α.Ε.Ε. (998283526),14214.12,,
6ΔΜ24690ΒΩ-49Η,2025-11-12,ΕΝΤΑΛΜΑ ΠΛΗΡΩΜΗΣ ΠΑΝΑΓΙΩΤΗΣ ΑΝΔΡΟΝΙΚΙΔΗΣ ΚΑΙ ΣΙΑ ΟΕ (998693400),998693400,ΠΑΝΑΓΙΩΤΗΣ ΑΝΔΡΟΝΙΚΙΔΗΣ ΚΑΙ ΣΙΑ ΟΕ (998693400),3454.33,,
ΡΚ2Ψ4690ΒΩ-41Β,2025-11-12,ΕΝΤΑΛΜΑ ΠΛΗΡΩΜΗΣ V POWER Ι.ΒΕΝΕΤΗΣ ΣΙΑ Ε.Ε (999438956),999438956,V POWER Ι.ΒΕΝΕΤΗΣ ΣΙΑ Ε.Ε (999438956),1749.96,,
6ΝΣΑ4690ΒΩ-ΕΤΨ,2025-11-12,ΕΝΤΑΛΜΑ ΠΛΗΡΩΜΗΣ ΝΕΑ ΕΠΙΜΕΝΤ ΜΕΠΕ (999723663),999723663,ΝΕΑ ΕΠΙΜΕΝΤ ΜΕΠΕ (999723663),5332.0,,
ΡΥΨΑ4690ΒΩ-ΓΩΝ,2025-11-10,ΕΝΤΑΛΜΑ ΠΛΗΡΩΜΗΣ ΛΙΝΤΕ ΕΛΛΑΣ ΜΟΝΟΠΡΟΣΩΠΗ Ε.Π.Ε (095167018),095167018,ΛΙΝΤΕ ΕΛΛΑΣ ΜΟΝΟΠΡΟΣΩΠΗ Ε.Π.Ε (095167018),22703.6,,
ΨΧΕ64690ΒΩ-5ΒΟ,2025-11-12,ΕΝΤΑΛΜΑ ΠΛΗΡΩΜΗΣ ΚΟΣΜΙΔΗΣ  ΧΑΡ. ΠΕΤΡΟΣ     ΣΙΑ  Ε.Ε. (999685389),999685389,ΚΟΣΜΙΔΗΣ  ΧΑΡ. ΠΕΤΡΟΣ     ΣΙΑ  Ε.Ε. (999685389),8826.32,,
6ΘΨ84690ΒΩ-2ΒΨ,2025-11-12,ΕΝΤΑΛΜΑ ΠΛΗΡΩΜΗΣ ΠΑΝΕΠΙΣΤ/ΚΟ ΓΕΝ.ΝΟΣ/ΜΕΙΟ ΛΑΡΙΣΑΣ (999681575),999681575,ΠΑΝΕΠΙΣΤ/ΚΟ ΓΕΝ.ΝΟΣ/ΜΕΙΟ ΛΑΡΙΣΑΣ (999681575),4125.41,,
ΡΞΓΛ4690ΒΩ-7ΝΔ,2025-11-12,ΕΝΤΑΛΜΑ ΠΛΗΡΩΜΗΣ Γ.Ν.ΛΑΡΙΣΑΣ ΚΟΥΤΛΙΜΠΑΝΕΙΟ ΚΑΙ ΤΡΙΑΝΤΑΦΥΛΛΕΙΟ (996956397),996956397,Γ.Ν.ΛΑΡΙΣΑΣ ΚΟΥΤΛΙΜΠΑΝΕΙΟ ΚΑΙ ΤΡΙΑΝΤΑΦΥΛΛΕΙΟ (996956397),1741.92,,
ΨΦΗΛ4690ΒΩ-ΞΒΩ,2025-11-12,ΕΝΤΑΛΜΑ ΠΛΗΡΩΜΗΣ ΓΕΝΙΚΟ ΝΟΣΟΚΟΜΕΙΟ 'ΠΑΠΑΓΕΩΡΓΙΟΥ' (090074403),090074403,ΓΕΝΙΚΟ ΝΟΣΟΚΟΜΕΙΟ 'ΠΑΠΑΓΕΩΡΓΙΟΥ' (090074403),242.38,,
9Η7Φ4690ΒΩ-ΓΟΨ,2025-11-12,ΕΝΤΑΛΜΑ ΠΛΗΡΩΜΗΣ ΕΛΛΗΝΙΚΟ ΙΝΣΤΙΤΟΥΤΟ PASTEUR (090030420),090030420,ΕΛΛΗΝΙΚΟ ΙΝΣΤΙΤΟΥΤΟ PASTEUR (090030420),8190.89,,
ΨΝ4Η4690ΒΩ-ΩΦΞ,2025-11-10,ΕΝΤΑΛΜΑ ΠΛΗΡΩΜΗΣ ΛΙΝΤΕ ΕΛΛΑΣ ΜΟΝΟΠΡΟΣΩΠΗ Ε.Π.Ε (095167018),095167018,ΛΙΝΤΕ ΕΛΛΑΣ ΜΟΝΟΠΡΟΣΩΠΗ Ε.Π.Ε (095167018),1227.92,,
ΨΘΩΚ4690ΒΩ-ΧΡΚ,2025-11-10,ΕΝΤΑΛΜΑ ΠΛΗΡΩΜΗΣ ΒΙΟΔΥΝΑΜΙΚΗ ΑΕ (094138676),094138676,ΒΙΟΔΥΝΑΜΙΚΗ ΑΕ (094138676),3732.4,,
984Β4690ΒΩ-2ΔΧ,2025-11-10,ΕΝΤΑΛΜΑ ΠΛΗΡΩΜΗΣ ΞΕΝΕΞ-ΑΝΑΣΤΑΣΙΟΣ ΚΙΟΥΛΠΑΠΑΣ Α.Ε. (094285848),094285848,ΞΕΝΕΞ-ΑΝΑΣΤΑΣΙΟΣ ΚΙΟΥΛΠΑΠΑΣ Α.Ε. (094285848),1215.2,,
6ΗΠ54690ΒΩ-ΣΚΤ,2025-11-10,ΕΝΤΑΛΜΑ ΠΛΗΡΩΜΗΣ ΛΙΝΤΕ ΕΛΛΑΣ ΜΟΝΟΠΡΟΣΩΠΗ Ε.Π.Ε (095167018),095167018,ΛΙΝΤΕ ΕΛΛΑΣ ΜΟΝΟΠΡΟΣΩΠΗ Ε.Π.Ε (095167018),208.32,,
60ΒΩ4690ΒΩ-Ι4Ψ,2025-11-18,"ΕΙΣΦΟΡΕΣ ΥΠΕΡ ΕΦΚΑ ΤΟΥ ΔΙΕΚ (118,82) , ΙΕΚ (17,01)  ΜΗΝΟΣ ΣΕΠΤΕΜΒΡΙΟΥ 2025",090003373,ΙΚΑ,135.83,,0561α01
99Χ14690ΒΩ-ΩΘ7,2025-11-18,ΕΝΤΑΛΜΑ ΠΛΗΡΩΜΗΣ ΓΕΝΙΚΗ ΧΗΜΙΚΩΝ ΠΡΟΙΟΝΤΩΝ Α.Ε. (094133588),094133588,ΓΕΝΙΚΗ ΧΗΜΙΚΩΝ ΠΡΟΙΟΝΤΩΝ Α.Ε. (094133588),3238.12,,
ΨΟΚΡ4690ΒΩ-ΨΔΞ,2025-11-14,ΕΙΣΦΟΡΕΣ ΣΤΟΝ ΕΦΚΑ ΤΑΚΤΙΚΩΝ ΑΠΟΔΟΧΩΝ ΙΟΥΛΙΟΥ 2025 ΤΟΥ ΕΙΔΙΚΟΥ ΠΡΟΓΡΑΜΜΑΤΟΣ ΑΠΑΣΧΟΛΗΣΗΣ 1135 ΑΝΕΡΓΟΙ ΣΤΟ ΧΩΡΟ ΤΗΣ ΥΓΕΙΑ,090003373,ΙΚΑ,760.9,,0561α01
6Χ4Η4690ΒΩ-4Α8,2025-11-10,ΕΝΤΑΛΜΑ ΠΛΗΡΩΜΗΣ ΠΡΩΤΟΝ A.E. (094442268),094442268,ΠΡΩΤΟΝ A.E. (094442268),3720.0,,
ΨΜ2Δ4690ΒΩ-Δ9Θ,2025-11-10,ΕΝΤΑΛΜΑ ΠΛΗΡΩΜΗΣ ΚΟΣΜΙΔΗΣ  ΧΑΡ. ΠΕΤΡΟΣ     ΣΙΑ  Ε.Ε. (999685389),999685389,ΚΟΣΜΙΔΗΣ  ΧΑΡ. ΠΕΤΡΟΣ     ΣΙΑ  Ε.Ε. (999685389),13140.79,,
6Ξ9Ο4690ΒΩ-Ω3Τ,2025-11-10,ΕΝΤΑΛΜΑ ΠΛΗΡΩΜΗΣ ΑΦΟΙ ΠΑΠΑΝΑΣΤΑΣΙΟΥ ΟΕ (081308853),081308853,ΑΦΟΙ ΠΑΠΑΝΑΣΤΑΣΙΟΥ ΟΕ (081308853),1279.68,,
9Ρ884690ΒΩ-ΣΜΤ,2025-11-10,ΕΝΤΑΛΜΑ ΠΛΗΡΩΜΗΣ PAUL HARTMANN HELLAS AE (999862491),999862491,PAUL HARTMANN HELLAS AE (999862491),347.2,,
Ψ1ΥΩ4690ΒΩ-ΛΨΠ,2025-11-10,ΕΝΤΑΛΜΑ ΠΛΗΡΩΜΗΣ BIOKON ΙΑΤΡΙΚΑ   ΒΙΟΤΕΧ/ΚΑ ΠΡΟΙΟΝΤΑ ΕΠΕ (999656321),999656321,BIOKON ΙΑΤΡΙΚΑ   ΒΙΟΤΕΧ/ΚΑ ΠΡΟΙΟΝΤΑ ΕΠΕ (999656321),121.9,,
68ΠΛ4690ΒΩ-ΗΕ7,2025-11-10,ΕΝΤΑΛΜΑ ΠΛΗΡΩΜΗΣ RONTIS HELLAS AEBE (095335610),095335610,RONTIS HELLAS AEBE (095335610),558.0,,
6ΧΗΡ4690ΒΩ-ΓΣΒ,2025-11-10,ΕΝΤΑΛΜΑ ΠΛΗΡΩΜΗΣ ΤΡΑΠΕΖΑ  EUROBANK AE (094014250),094014250,ΤΡΑΠΕΖΑ  EUROBANK AE (094014250),1.2,,
6ΜΖΙ4690ΒΩ-Ο2Δ,2025-11-12,"ΠΡΟΜΗΘΕΙΑ ΜΠΑΤΑΡΙΩΝ, ΜΗΝΟΣ ΔΕΚΕΜΒΡΙΟΥ 2024, ΧΩΡΙΣ ΣΥΜΒΑΣΗ, ΜΕ ΑΠΟΦΑΣΗ ΔΙΟΙΚΗΤΗ 704/24 (ΑΠΟΦΑΣΗ ΔΣ 1/27-3-25 Θ.1 ΓΙΑ ΤΗ EΠΙΚΥΡΩΣΗ ΑΠΟΦΑΣΕΩΝ ΔΙΟΙΚΗΤΗ ΕΤΟΥΣ 2024), ΣΥΜΦΩΝΑ ΜΕ ΤΙΣ ΔΙΑΤΑΞΕΙΣ ΤΟΥ Ν.5216/2025 αρθ.44 (ΦΕΚ 118/ τ.Α΄/07/07/2025)",999961120,MEDIC PLAN HEALTH PROJECT ΑΝΩΝΥΜΗ ΕΤΑΙΡΙΑ,1349.12,,1439β01
6ΗΟ74690ΒΩ-7ΗΧ,2025-11-12,"ΠΡΟΜΗΘΕΙΑ ΑΝΤΑΛΛΑΚΤΙΚΩΝ ΓΙΑ ΤΗΝ ΕΠΙΣΚΕΥΗ ΔΙΠΟΛΙΚΗΣ ΛΑΒΙΔΑΣ ΑΙΜΟΣΤΑΣΗΣ, ΜΗΝΟΣ ΔΕΚΕΜΒΡΙΟΥ 2024, ΧΩΡΙΣ ΣΥΜΒΑΣΗ, ΜΕ ΑΠΟΦΑΣΗ ΔΙΟΙΚΗΤΗ 763/24 (ΑΠΟΦΑΣΗ ΔΣ 1/27-3-25 Θ.1 ΓΙΑ ΤΗ EΠΙΚΥΡΩΣΗ ΑΠΟΦΑΣΕΩΝ ΔΙΟΙΚΗΤΗ ΕΤΟΥΣ 2024) ΣΥΜΦΩΝΑ ΜΕ ΤΙΣ ΔΙΑΤΑΞΕΙΣ ΤΟΥ Ν.5216/2025 αρθ.44 (ΦΕΚ 118/ τ.Α΄/07/07/2025)",998170464,ΚΑΧΙΩΝΗΣ Α Π ΙΩΑΚΕΙΜΙΔΟΥ ΟΕ,1923.49,,1439β01
9ΜΤΞ4690ΒΩ-ΜΜΑ,2025-11-12,"ΠΡΟΜΗΘΕΙΑ Η/Υ ΚΑΙ ΒΟΗΘΗΤΙΚΩΝ ΜΗΧΑΝΩΝ (AUTOMATIC TRANSER SWITCH), ΜΗΝΟΣ ΔΕΚΕΜΒΡΙΟΥ 2024, ΧΩΡΙΣ ΣΥΜΒΑΣΗ, ΜΕ ΑΠΟΦΑΣΗ ΔΙΟΙΚΗΤΗ 625/24 (ΑΠΟΦΑΣΗ ΔΣ 1/27-3-25 Θ.1 ΓΙΑ ΤΗ EΠΙΚΥΡΩΣΗ ΑΠΟΦΑΣΕΩΝ ΔΙΟΙΚΗΤΗ ΕΤΟΥΣ 2024), ΣΥΜΦΩΝΑ ΜΕ ΤΙΣ ΔΙΑΤΑΞΕΙΣ ΤΟΥ Ν.5216/2025 αρθ.44 (ΦΕΚ 118/ τ.Α΄/07/07/2025) ΝΟΣ",095457728,ΜΑΣΤΟΡΑΚΗΣ ΓΣ ΚΩΣΤΑΚΗΣ ΝΙ ΕΠΕ,2029.63,,7123β01
Ψ5ΖΘ4690ΒΩ-ΒΒΛ,2025-11-12,"ΕΠΙΣΚΕΥΗ ΗΓΚ GE MAC 2000, ΜΗΝΟΣ ΔΕΚΕΜΒΡΙΟΥ 2024, ΧΩΡΙΣ ΣΥΜΒΑΣΗ, ΜΕ ΑΠΟΦΑΣΗ ΔΣ 23/16-5-24 Θ.13, ΣΥΜΦΩΝΑ ΜΕ ΤΙΣ ΔΙΑΤΑΞΕΙΣ ΤΟΥ Ν.5216/2025 αρθ.44 (ΦΕΚ 118/ τ.Α΄/07/07/2025) ΝΟΣ",011651035,"ΤΖΑΝΙΔΑΚΗΣ,,ΕΜΜΑΝΟΥΗΛ,ΤΗΛΕΜΑΧΟΣ",279.6,,0887β01
9ΑΜΣ4690ΒΩ-Θ0Ξ,2025-11-12,"ΣΥΝ/ΣΗ ΚΑΙ ΕΠΙΣΚΕΥΗ ΠΛΥΝΤΗΡΙΩΝ, ΜΗΝΟΣ ΔΕΚΕΜΒΡΙΟΥ 2024, ΧΩΡΙΣ ΣΥΜΒΑΣΗ, ΜΕ ΑΠΟΦΑΣΗ ΔΙΟΙΚΗΤΗ 727/24 (ΑΠΟΦΑΣΗ ΔΣ 1/27-3- 25 Θ.1 ΓΙΑ ΤΗ EΠΙΚΥΡΩΣΗ ΑΠΟΦΑΣΕΩΝ ΔΙΟΙΚΗΤΗ ΕΤΟΥΣ 2024), ΣΥΜΦΩΝΑ ΜΕ ΤΙΣ ΔΙΑΤΑΞΕΙΣ ΤΟΥ Ν.5216/2025 αρθ.44 (ΦΕΚ 118/ τ.Α΄/07/07/2025) ΝΟΣ",094285848,ΞΕΝΕΞ  ΑΝΑΣΤΑΣΙΟΣ ΚΙΟΥΛΠΑΠΑΣ ΑΝΩΝΥΜΗ ΕΤΑΙΡΕΙΑ ΕΞΟΠΛΙΣΜΩΝ ΠΛΥΝΤΗΡΙΩΝ ΜΑΓΕΙΡΕΙΩΝ,1488.0,,0879β01
9ΒΘ14690ΒΩ-ΘΨΑ,2025-11-12,"ΠΡΟΜΗΘΕΙΑ ΕΝΤΥΠΩΝ ( ΑΥΤΟΚΟΛΛΗΤΕΣ ΕΤΙΚΕΣ), ΜΗΝΟΣ ΔΕΚΕΜΒΡΙΟΥ 2024, ΧΩΡΙΣ ΣΥΜΒΑΣΗ, ΜΕ ΑΠΟΦΑΣΗ ΔΣ 45/27-9-24 Θ.46, ΣΥΜΦΩΝΑ ΜΕ ΤΙΣ ΔΙΑΤΑΞΕΙΣ ΤΟΥ Ν.5216/2025 αρθ.44 (ΦΕΚ 118/ τ.Α΄/07/07/2025) ΝΟΣ",073273209,"ΜΑΓΓΙΩΡΗΣ,,ΑΛΕΞΑΝΔΡΟΣ,ΑΘΑΝΑΣΙΟΣ",310.24,,1293β01
ΨΔΤΨ4690ΒΩ-ΕΙΤ,2025-11-04,ΕΝΤΑΛΜΑ ΠΛΗΡΩΜΗΣ ORTHOPRO IKE (800544160),800544160,ORTHOPRO IKE (800544160),11669.08,,
ΡΠΑΦ4690ΒΩ-ΤΥΝ,2025-11-06,ΕΝΤΑΛΜΑ ΠΛΗΡΩΜΗΣ BOSTON SCIENTIFIC ΕΛΛΑΣ Α.Ε. (094474807),094474807,BOSTON SCIENTIFIC ΕΛΛΑΣ Α.Ε. (094474807),5528.2,,
9ΦΓΕ4690ΒΩ-ΓΑ2,2025-11-05,ΕΝΤΑΛΜΑ ΠΛΗΡΩΜΗΣ MEDICAL MPARKA Μ.Ι.Κ.Ε (800530387),800530387,MEDICAL MPARKA Μ.Ι.Κ.Ε (800530387),2840.82,,
965Χ4690ΒΩ-2ΜΑ,2025-11-04,ΕΝΤΑΛΜΑ ΠΛΗΡΩΜΗΣ ORTHOPRO IKE (800544160),800544160,ORTHOPRO IKE (800544160),12605.27,,
61ΠΕ4690ΒΩ-Ι5Γ,2025-11-05,ΕΝΤΑΛΜΑ ΠΛΗΡΩΜΗΣ ORTHOPRO IKE (800544160),800544160,ORTHOPRO IKE (800544160),16777.88,,
ΡΟΚΠ4690ΒΩ-Ν3Α,2025-11-04,ΕΝΤΑΛΜΑ ΠΛΗΡΩΜΗΣ PHAREL ΜΟΝΟΠΡΟΣΩΠΗ ΙΚΕ (800745614),800745614,PHAREL ΜΟΝΟΠΡΟΣΩΠΗ ΙΚΕ (800745614),3083.43,,
ΨΡ484690ΒΩ-ΝΞ3,2025-11-05,ΕΝΤΑΛΜΑ ΠΛΗΡΩΜΗΣ ORTHOPRO IKE (800544160),800544160,ORTHOPRO IKE (800544160),11873.45,,
ΨΨΧ44690ΒΩ-ΠΔΠ,2025-11-07,ΕΝΤΑΛΜΑ ΠΛΗΡΩΜΗΣ ΑΚΑΗΑΙ-Γ.ΚΟΥΝΤΟΥΡΟΓΛΟΥ   ΣΙΑ ΕΕ (998856960),998856960,ΑΚΑΗΑΙ-Γ.ΚΟΥΝΤΟΥΡΟΓΛΟΥ   ΣΙΑ ΕΕ (998856960),1579.74,,
ΨΞΖ14690ΒΩ-ΝΩΩ,2025-11-07,ΕΝΤΑΛΜΑ ΠΛΗΡΩΜΗΣ ΙΝΕΞ Α.Ε. (094356041),094356041,ΙΝΕΞ Α.Ε. (094356041),632.8,,
9ΝΔ34690ΒΩ-Δ9Ρ,2025-11-10,ΕΝΤΑΛΜΑ ΠΛΗΡΩΜΗΣ ΜΑΥΡΟΓΕΝΗΣ ΑΝΑΣΤΑΣΙΟΣ ΑΕ ΙΑΤΡΟΤΕΧΝΟΛΟΓΙΚΑ ΕΙΔΗ (082525697),082525697,ΜΑΥΡΟΓΕΝΗΣ ΑΝΑΣΤΑΣΙΟΣ ΑΕ ΙΑΤΡΟΤΕΧΝΟΛΟΓΙΚΑ ΕΙΔΗ (082525697),2971.65,,
ΨΚΨ34690ΒΩ-ΠΚ9,2025-11-06,ΕΝΤΑΛΜΑ ΠΛΗΡΩΜΗΣ ΕΝΟΡΑΣΙΣ Α.Ε. (094503580),094503580,ΕΝΟΡΑΣΙΣ Α.Ε. (094503580),4408.2,,
ΡΟΛ64690ΒΩ-ΑΨΡ,2025-11-06,ΕΝΤΑΛΜΑ ΠΛΗΡΩΜΗΣ ΚΑΧΙΩΝΗΣ Α.-ΙΩΑΚΕΙΜΙΔΟΥ Π. ΟΕ (KI CONSTRUCTION) (998170464),998170464,ΚΑΧΙΩΝΗΣ Α.-ΙΩΑΚΕΙΜΙΔΟΥ Π. ΟΕ (KI CONSTRUCTION) (998170464),275.02,,
9ΥΧ64690ΒΩ-ΤΝΜ,2025-11-06,ΕΝΤΑΛΜΑ ΠΛΗΡΩΜΗΣ ΚΟΣΜΙΔΗΣ  ΧΑΡ. ΠΕΤΡΟΣ     ΣΙΑ  Ε.Ε. (999685389),999685389,ΚΟΣΜΙΔΗΣ  ΧΑΡ. ΠΕΤΡΟΣ     ΣΙΑ  Ε.Ε. (999685389),220.48,,
9ΒΖΚ4690ΒΩ-ΛΑ9,2025-11-13,"ΠΡΟΜΗΘΕΙΑ ΤΟΝΕΡ, ΜΗΝΟΣ ΔΕΚΕΜΒΡΙΟΥ 2024, ΧΩΡΙΣ ΣΥΜΒΑΣΗ, ΜΕ ΑΠΟΦΑΣΗ ΔΙΟΙΚΗΤΗ 711/24, (ΑΠΟΦΑΣΗ ΔΣ 1/27-3-25 Θ.1 ΓΙΑ ΤΗ EΠΙΚΥΡΩΣΗ ΑΠΟΦΑΣΕΩΝ ΔΙΟΙΚΗΤΗ ΕΤΟΥΣ 2024) ΣΥΜΦΩΝΑ ΜΕ ΤΙΣ ΔΙΑΤΑΞΕΙΣ ΤΟΥ Ν.5216/2025 αρθ.44 (ΦΕΚ 118/ τ.Α΄/07/07/2025)",094501457,Π ΝΙΚΟΛΑΚΟΠΟΥΛΟΣ ΔΙΑΓΡΑΜΜΑ ΑΝΩΝΥΜΗ ΕΜΠΟΡΙΚΗ ΚΑΙ ΠΑΡΟΧΗΣ ΥΠΗΡΕΣΙΩΝ ΕΤΑΙΡΕΙΑ,190.34,,1281β01
Ψ4ΜΑ4690ΒΩ-1ΓΤ,2025-11-13,"ΠΡΟΜ.ΕΙΔ.ΣΥΝΤ-ΕΠΙΣΚΕΥΗΣ ΛΟΙΠΩΝ ΜΟΝΙΜΩΝ ΕΓΚ/ΩΝ (ΤΗΛΕΦΩΝΙΚΕΣ ΣΥΣΚΕΥΕΣ), ΜΗΝΟΣ ΔΕΚΕΜΒΡΙΟΥ 2024, ΧΩΡΙΣ ΣΥΜΒΑΣΗ, ΜΕ ΑΠΟΦΑΣΗ ΔΙΟΙΚΗΤΗ 580/24 (ΑΠΟΦΑΣΗ ΔΣ 1/27-3-25 Θ.1 ΓΙΑ ΤΗ EΠΙΚΥΡΩΣΗ ΑΠΟΦΑΣΕΩΝ ΔΙΟΙΚΗΤΗ ΕΤΟΥΣ 2024), ΣΥΜΦΩΝΑ ΜΕ ΤΙΣ ΔΙΑΤΑΞΕΙΣ ΤΟΥ Ν.5216/2025 αρθ.44 (ΦΕΚ 118/ τ.Α΄/07/07/2025)ΚΨΥ",802163799,ELECTROSTORM K ΣΙΑ Ε Ε,124.0,,1429β09
Ψ7ΝΙ4690ΒΩ-8Λ8,2025-11-13,"ΠΡΟΜΗΘΕΙΑ ΑΝΤΑΛΛΑΚΤΙΚΩΝ, ΜΗΝΟΣ ΔΕΚΕΜΒΡΙΟΥ 2024, ΧΩΡΙΣ ΣΥΜΒΑΣΗ, ΜΕ ΑΠΟΦΑΣΗ ΔΙΟΙΚΗΤΗ 671/24, (ΑΠΟΦΑΣΗ ΔΣ 1/27-3-25 Θ.1 ΓΙΑ ΤΗ EΠΙΚΥΡΩΣΗ ΑΠΟΦΑΣΕΩΝ ΔΙΟΙΚΗΤΗ ΕΤΟΥΣ 2024) ΣΥΜΦΩΝΑ ΜΕ ΤΙΣ ΔΙΑΤΑΞΕΙΣ ΤΟΥ Ν.5216/2025 αρθ.44 (ΦΕΚ 118/ τ.Α΄/07/07/2025)",094285848,ΞΕΝΕΞ  ΑΝΑΣΤΑΣΙΟΣ ΚΙΟΥΛΠΑΠΑΣ ΑΝΩΝΥΜΗ ΕΤΑΙΡΕΙΑ ΕΞΟΠΛΙΣΜΩΝ ΠΛΥΝΤΗΡΙΩΝ ΜΑΓΕΙΡΕΙΩΝ,503.44,,1429β01
ΨΔΡ84690ΒΩ-ΙΔΙ,2025-11-13,"ΠΡΟΜΗΘΕΙΑ ΤΟΝΕΡ LEXMARK, ΜΗΝΟΣ ΔΕΚΕΜΒΡΙΟΥ 2024, ΧΩΡΙΣ ΣΥΜΒΑΣΗ, ΜΕ ΑΠΟΦΑΣΗ ΔΙΟΙΚΗΤΗ 680/24 (ΑΠΟΦΑΣΗ ΔΣ 1/27-3-25 Θ.1 ΓΙΑ ΤΗ EΠΙΚΥΡΩΣΗ ΑΠΟΦΑΣΕΩΝ ΔΙΟΙΚΗΤΗ ΕΤΟΥΣ 2024) , ΣΥΜΦΩΝΑ ΜΕ ΤΙΣ ΔΙΑΤΑΞΕΙΣ ΤΟΥ Ν.5216/2025 αρθ.44 (ΦΕΚ 118/ τ.Α΄/07/07/2025)",095457728,ΜΑΣΤΟΡΑΚΗΣ ΓΣ ΚΩΣΤΑΚΗΣ ΝΙ ΕΠΕ,445.09,,1281β01
900Β4690ΒΩ-ΘΥΠ,2025-11-13,"ΠΡΟΜΗΘΕΙΑ ΜΟΤΕΡ 3303 ΚΡΕΒΑΤΙ ΨΥΧΙΑΤΡΙΑΤΡΙΚΗΣ , ΜΗΝΟΣ ΔΕΚΕΜΒΡΙΟΥ 2024, ΧΩΡΙΣ ΣΥΜΒΑΣΗ, ΜΕ ΑΠΟΦΑΣΗ ΔΙΟΙΚΗΤΗ 637/24, (ΑΠΟΦΑΣΗ ΔΣ 1/27-3-25 Θ.1 ΓΙΑ ΤΗ EΠΙΚΥΡΩΣΗ ΑΠΟΦΑΣΕΩΝ ΔΙΟΙΚΗΤΗ ΕΤΟΥΣ 2024), ΣΥΜΦΩΝΑ ΜΕ ΤΙΣ ΔΙΑΤΑΞΕΙΣ ΤΟΥ Ν.5216/2025 αρθ.44 (ΦΕΚ 118/ τ.Α΄/07/07/2025), ΝΟΣ",999495127,ΛΕΩΝΙΔΑΣ ΨΗΛΙΑΚΟΣ ΚΑΙ ΣΙΑ ΕΤΑΙΡΕΙΑ ΠΕΡΙΟΡΙΣΜΕΝΗΣ ΕΥΘΥΝΗΣ,868.0,,1429β01
ΨΘΡ24690ΒΩ-357,2025-11-13,ΠΡΟΜΗΘΕΙΑ ΔΟΜΙΚΩΝ ΥΛΙΚΩΝ ΜΕ ΣΥΜΒΑΣΗ ( ΧΕ 714/24 443/2023) ΓΙΑ ΤΟΝ ΜΗΝΑ ΔΕΚΕΜΒΡΙΟ 2024 .,095003835,ΔΗΜ ΠΑΡ ΕΠΕ,2908.92,,1429β01
ΨΞΙ84690ΒΩ-ΣΧ6,2025-11-13,ΠΡΟΜΗΘΕΙΑ ΕΙΔΩΝ ΣΥΝΤΗΡΗΣΗΣ ΜΕ ΣΥΜΒΑΣΗ ΤΟ ΜΗΝΑ ΔΕΚΕΜΒΡΙΟ 2024 (ΣΥΜΒ. 235/2024) ΣΥΜΦΩΝΑ ΜΕ ΤΙΣ ΔΙΑΤΑΞΕΙΣ ΤΟΥ Ν.5216/2025 αρθ.44 (ΦΕΚ 118/ τ.Α΄/07/07/2025),094438519,AHI CARRIER ΝΟΤΙΑΣ ΑΝΑΤΟΛΙΚΗΣ ΕΥΡΩΠΗΣ ΚΛΙΜΑΤΙΣΜΟΥ  ΜΟΝΟΠΡΟΣΩΠΗ  ΑΝΩΝΥΜΗ  ΕΤΑΙΡΕΙΑ,21969.63,,1429β01
ΨΥ7Μ4690ΒΩ-ΙΗΧ,2025-11-13,ΠΡΟΜΗΘΕΙΑ ΕΙΔΩΝ ΣΥΝΤΗΡΗΣΗΣ ΚΑΙ ΕΠΙΣΚΕΥΩΝ ΜΕ ΣΥΜΒΑΣΗ ΤΟ ΜΗΝΑ ΔΕΚΕΜΒΡΙΟ 2024 (ΣΥΜΒ. 235/2024) ΣΥΜΦΩΝΑ ΜΕ ΤΙΣ ΔΙΑΤΑΞΕΙΣ ΤΟΥ Ν.5216/2025 αρθ.44 (ΦΕΚ 118/ τ.Α΄/07/07/2025),094438519,AHI CARRIER ΝΟΤΙΑΣ ΑΝΑΤΟΛΙΚΗΣ ΕΥΡΩΠΗΣ ΚΛΙΜΑΤΙΣΜΟΥ  ΜΟΝΟΠΡΟΣΩΠΗ  ΑΝΩΝΥΜΗ  ΕΤΑΙΡΕΙΑ,8729.6,,0879β01
9Σ5Ο4690ΒΩ-Ψ9Δ,2025-11-05,ΕΝΤΑΛΜΑ ΠΛΗΡΩΜΗΣ AXION HEALTH ΕΜΠΟΡΙΑ IAΤΡΟΦΑΡΜΑΚΕΥΤΙΚΗ ΠΡΟΙΟΝΤΩΝ ΚΑΛΛΥΝΤΙΚΩΝ ΕΠΕ (800384318),800384318,AXION HEALTH ΕΜΠΟΡΙΑ IAΤΡΟΦΑΡΜΑΚΕΥΤΙΚΗ ΠΡΟΙΟΝΤΩΝ ΚΑΛΛΥΝΤΙΚΩΝ ΕΠΕ (800384318),15955.6,,
654Δ4690ΒΩ-ΒΚΔ,2025-11-07,ΕΝΤΑΛΜΑ ΠΛΗΡΩΜΗΣ V L VIOLAK INTERNATIONAL   A.E. (099370337),099370337,V L VIOLAK INTERNATIONAL   A.E. (099370337),49.01,,
Ψ3Ι34690ΒΩ-Ι7Ι,2025-11-07,ΕΝΤΑΛΜΑ ΠΛΗΡΩΜΗΣ ΜΑΥΡΟΓΕΝΗΣ ΑΝΑΣΤΑΣΙΟΣ ΑΕ ΙΑΤΡΟΤΕΧΝΟΛΟΓΙΚΑ ΕΙΔΗ (082525697),082525697,ΜΑΥΡΟΓΕΝΗΣ ΑΝΑΣΤΑΣΙΟΣ ΑΕ ΙΑΤΡΟΤΕΧΝΟΛΟΓΙΚΑ ΕΙΔΗ (082525697),308.35,,
97Λ14690ΒΩ-6ΩΘ,2025-11-07,ΕΝΤΑΛΜΑ ΠΛΗΡΩΜΗΣ V L VIOLAK INTERNATIONAL   A.E. (099370337),099370337,V L VIOLAK INTERNATIONAL   A.E. (099370337),548.5,,
9ΒΤΖ4690ΒΩ-19Ψ,2025-11-13,ΠΡΟΜΗΘΕΙΑ ΥΓΕΙΟΝΟΜΙΚΟΥ ΥΛΙΚΟΥ (ΠΡΟΪΟΝΤΑ ΥΓΙΕΙΝΗΣ ΑΠΟ ΧΑΡΤI ) ΜΕ ΣΥΜΒΑΣΗΤΟΝ ΜΗΝΑ ΔΕΚΕΜΒΡΙΟ 2024 (ΣΥΜΒ.763/2023 ΧΕ 1242/2025),997672386,ΥΓΕΙΟΔΥΝΑΜΙΚΗ ΑΝΩΝΥΜΗ ΕΤΑΙΡΕΙΑ ΙΑΤΡΙΚΩΝ ΕΦΟΔΙΩΝ,1047.26,,1311β01
ΨΝ8Β4690ΒΩ-ΡΜΚ,2025-11-13,ΠΡΟΜΗΘΕΙΑ ΥΓΕΙΟΝΟΜΙΚΟΥ ΥΛΙΚΟΥ (ΣΑΚΟΙ ΓΙΑ ΟΥΡΑ) ΜΕ ΣΥΜΒΑΣΗ ΤΟΝ ΜΗΝΑ ΔΕΚΕΜΒΡΙΟ 2024 (ΣΥΜΒ.520/2024 ΧΕ 2230/2025),094133588,ΓΕΝΙΚΗ ΧΗΜΙΚΩΝ ΠΡΟΙΟΝΤΩΝ ΑΕ,1389.22,,1311β01
9Χ5Β4690ΒΩ-ΕΩΡ,2025-11-07,ΕΝΤΑΛΜΑ ΠΛΗΡΩΜΗΣ ΜΑΥΡΟΓΕΝΗΣ ΑΝΑΣΤΑΣΙΟΣ ΑΕ ΙΑΤΡΟΤΕΧΝΟΛΟΓΙΚΑ ΕΙΔΗ (082525697),082525697,ΜΑΥΡΟΓΕΝΗΣ ΑΝΑΣΤΑΣΙΟΣ ΑΕ ΙΑΤΡΟΤΕΧΝΟΛΟΓΙΚΑ ΕΙΔΗ (082525697),7525.93,,
ΡΩΑΦ4690ΒΩ-ΒΧΘ,2025-11-13,ΠΡΟΜΗΘΕΙΑ ΥΓΕΙΟΝΟΜΙΚΟΥ ΥΛΙΚΟΥ ΜΕ ΣΥΜΒΑΣΗ (ΣΥΜ.601/2024) ΓΙΑ ΤΟ ΜΗΝΑ ΝΟΕΜΒΡΙΟ 2024 ΣΥΜΦΩΝΑ ΜΕ ΤΙΣ ΔΙΑΤΑΞΕΙΣ ΤΟΥΝ.5216/2025 αρθ.44 (ΦΕΚ 118/ τ.Α΄/07/07/2025),099853415,ΑΛΑΦΟΥΖΟΥ ΑΜΑΛΙΑ ΑΛΑΦΟΥΖΟΥ ΜΑΡΙΑ ΟΕ,333.35,,1311β01
9ΚΓΥ4690ΒΩ-018,2025-11-07,ΕΝΤΑΛΜΑ ΠΛΗΡΩΜΗΣ V L VIOLAK INTERNATIONAL   A.E. (099370337),099370337,V L VIOLAK INTERNATIONAL   A.E. (099370337),231.76,,
ΨΖΨΥ4690ΒΩ-ΝΛΨ,2025-11-07,ΕΝΤΑΛΜΑ ΠΛΗΡΩΜΗΣ ΥΓΕΙΟΔΥΝΑΜΙΚΗ Α.Ε. ΙΑΤΡΙΚΩΝ ΕΦΟΔΙΩΝ (997672386),997672386,ΥΓΕΙΟΔΥΝΑΜΙΚΗ Α.Ε. ΙΑΤΡΙΚΩΝ ΕΦΟΔΙΩΝ (997672386),1541.32,,
Ψ0ΝΒ4690ΒΩ-ΗΝΜ,2025-11-13,ΠΡΟΜΗΘΕΙΑ ΥΓΕΙΟΝΟΜΙΚΟΥ ΥΛΙΚΟΥ (ΕΠΙΔΕΣΜΙΚΟΥ ΥΛΙΚΟΥ ) ΜΕ ΣΥΜΒΑΣΗ ΤΟΝ ΜΗΝΑ ΔΕΚΕΜΒΡΙΟ 2024 (ΣΥΜΒ. 617/2023 ΧΕ 2750/2024),094326835,ΑΝΩΝΥΜΗ ΕΙΣΑΓΩΓΙΚΗ ΕΜΠΟΡΙΚΗ ΕΤΑΙΡΕΙΑ ΙΑΤΡΙΚΩΝ ΕΙΔΩΝ ΞΕΝΟΦΩΝ ΓΕΡΜΑΝΟΣ,1457.7,,1311β01
ΡΒ0Χ4690ΒΩ-443,2025-11-13,ΠΡΟΜΗΘΕΙΑ ΥΓΕΙΟΝΟΜΙΚΟΥ ΥΛΙΚΟΥ (ΙΑΤΡΙΚΟΣ ΡΟΥΧΙΣΜΟΣ) ΜΕ ΣΥΜΒΑΣΗ ΤΟΝ ΜΗΝΑ ΔΕΚΕΜΒΡΙΟ 2024 (ΣΥΜΒ.247/2024 ΧΕ 1874/2025),999862491,PAUL HARTMANΝ HELLAS ΑΝΩΝΥΜΗ ΕΤΑΙΡΕΙΑ ΕΜΠΟΡΙΑΣ ΚΑΙ ΚΑΤΑΣΚΕΥΗΣ ΙΑΤΡΙΚΩΝ ΠΡΟΙΟΝΤΩΝ ΚΑΙ ΠΡΟΙΟΝΤΩΝ ΑΤΟΜΙΚΗΣ ΥΓΙΕΙΝΗΣ,1770.72,,1311β01
929Ν4690ΒΩ-ΙΑΛ,2025-11-13,ΠΡΟΜΗΘΕΙΑ ΥΓΕΙΟΝΟΜΙΚΟΥ ΥΛΙΚΟΥ (ΣΑΚΟΙ ΣΥΛΛΟΓΗΣ ΟΥΡΩΝ ) ΜΕ ΣΥΜΒΑΣΗ ΤΟΝ ΜΗΝΑ ΔΕΚΕΜΒΡΙΟ 2024 (ΣΥΜ.517/2024 ΧΕ 2220/2025),099370337,VIOLAK INTERNATIONAL ΝΟΣΟΚΟΜΕΙΑΚΟΥ ΕΞΟΠΛΙΣΜΟΥ ΑΝΩΝΥΜΗ ΕΜΠΟΡΙΚΗ ΕΤΑΙΡΕΙΑ,119.78,,1311β01
6ΦΒΓ4690ΒΩ-ΓΚ8,2025-11-13,ΠΡΟΜΗΘΕΙΑ ΥΓΕΙΟΝΟΜΙΚΟΥ ΥΛΙΚΟΥ (ΥΛΙΚΑ ΑΠΟΣΤΕΙΡΩΣΗΣ) ΜΕ ΣΥΜΒΑΣΗ ΤΟΝ ΜΗΝΑ ΔΕΚΕΜΒΡΙΟ 2024 (ΣΥΜ.646/2024 ΧΕ 1879/2025)  ΣΥΜΦΩΝΑ ΜΕ ΤΙΣ ΔΙΑΤΑΞΕΙΣ ΤΟΥ Ν.5216/2025 αρθ.44 (,999685389,ΠΕΤΡΟΣ ΧΑΡ ΚΟΣΜΙΔΗΣ ΚΑΙ ΣΙΑ ΕΕ,1330.87,,1311β01
ΨΜ6Ε4690ΒΩ-ΚΔΟ,2025-11-13,ΠΡΟΜΗΘΕΙΑ ΥΓΕΙΟΝΟΜΙΚΟΥ ΥΛΙΚΟΥ ΜΕ ΣΥΜΒΑΣΗ ΤΟΝ ΜΗΝΑ ΔΕΚΕΜΒΡΙΟ 2024 (ΣΥΜΒ.742/2024) ΣΥΜΦΩΝΑ ΜΕ ΤΙΣ ΔΙΑΤΑΞΕΙΣ ΤΟΥ Ν. 5216/2025 αρθ.44 (ΦΕΚ 118 /τ. Α'/ 07-07-2025,800896490,Α ΤΡΙΑΝΤΑΦΥΛΛΟΠΟΥΛΟΣ Ε Ε,3074.0,,1311β01
97ΥΡ4690ΒΩ-ΤΧΑ,2025-11-13,ΠΡΟΜΗΘΕΙΑ ΥΓΕΙΟΝΟΜΙΚΟΥ ΥΛΙΚΟΥ (ΥΛΙΚΑ ΑΓΓΕΙΟΓΡΑΦΙΑΣ)ΜΕ ΣΥΜΒΑΣΗ ΤΟΝ ΜΗΝΑ ΔΕΚΕΜΒΡΙΟ 2025 (ΣΥΜΒ.659/2024) ΣΥΜΦΩΝΑ ΜΕ ΤΙΣ ΔΙΑΤΑΞΕΙΣ ΤΟΥ Ν. 5216/2025 αρθ.44 (ΦΕΚ 118 /τ. Α'/ 07-07-2025,094474807,BOSTON SCIENTIFIC ΕΛΛΑΣ ΜΟΝΟΠΡΟΣΩΠΗ ΑΝΩΝΥΜΗ ΕΤΑΙΡΕΙΑ ΙΑΤΡΙΚΑ ΕΡΓΑΛΕΙΑ ΕΛΑΧΙΣΤΑ ΕΠΕΜΒΑΤΙΚΑ,4836.4,,1311β01
90144690ΒΩ-ΑΤΧ,2025-11-13,ΠΡΟΜΗΘΕΙΑ ΥΓΕΙΟΝΟΜΙΚΟΥ ΥΛΙΚΟΥ (ΠΡΟΙΟΝΤΑ ΜΕΤΑΓΓΙΣΗΣ ΑΙΜΑΤΟΣ) ΜΕ ΣΥΜΒΑΣΗ ΤΟΝ ΜΗΝΑ ΔΕΚΕΜΒΡΙΟ 2024 (ΣΥΜΒ.684/2024) ΣΥΜΦΩΝΑ ΜΕ ΤΙΣ ΔΙΑΤΑΞΕΙΣ ΤΟΥ Ν. 5216/2025 αρθ.44 (ΦΕΚ 118 /τ. Α'/ 07-07-2025,997985840,LERIVA ΠΑΡΑΓΩΓΗ ΚΑΙ ΕΜΠΟΡΙΑ ΠΡΟΙΟΝΤΩΝ ΥΓΕΙΑΣ ΚΑΙ ΟΜΟΡΦΙΑΣ ΑΝΩΝΥΜΗ ΕΤΑΙΡΕΙΑ,2083.2,,1311β01
ΨΚΖ34690ΒΩ-ΜΓ8,2025-11-13,ΠΡΟΜΗΘΕΙΑ ΥΓΕΙΟΝΟΜΙΚΟΥ ΥΛΙΚΟΥ (ΥΓΕΙΟΔΥΝΑΜΙΚΗ ΑΕ ΙΑΤΡΙΚΩΝ ΕΦΟΔΙΩΝ) ΜΕ ΣΥΜΒΑΣΗ ΤΟΝ ΜΗΝΑ ΔΕΚΕΜΒΡΙΟ 2024 (ΣΥΜΒ.685/2024) ΣΥΜΦΩΝΑ ΜΕ ΤΙΣ ΔΙΑΤΑΞΕΙΣ ΤΟΥ Ν. 5216/2025 αρθ.44 (ΦΕΚ 118 /τ. Α'/ 07-07-2025,997672386,ΥΓΕΙΟΔΥΝΑΜΙΚΗ ΑΝΩΝΥΜΗ ΕΤΑΙΡΕΙΑ ΙΑΤΡΙΚΩΝ ΕΦΟΔΙΩΝ,8370.0,,1311β01
973Ζ4690ΒΩ-ΥΔΨ,2025-11-13,ΠΡΟΜΗΘΕΙΑ ΥΓΕΙΟΝΟΜΙΚΟΥ ΥΛΙΚΟΥ (ΚΑΘΕΤΗΡΕΣ COMPACT) ΜΕ ΣΥΜΒΑΣΗ ΤΟΝ ΜΗΝΑ ΔΕΚΕΜΒΡΙΟ 2024 (ΣΥΜΒ.658/2024) ΣΥΜΦΩΝΑ ΜΕ ΤΙΣ ΔΙΑΤΑΞΕΙΣ ΤΟΥ Ν. 5216/2025 αρθ.44 (ΦΕΚ 118 /τ. Α'/ 07-07-2025,082525697,ΑΝΑΣΤΑΣΙΟΣ ΜΑΥΡΟΓΕΝΗΣ ΙΑΤΡΟΤΕΧΝΟΛΟΓΙΚΑ ΕΙΔΗ ΑΝΩΝΥΜΗ ΕΤΑΙΡΕΙΑ,12952.51,,1311β01
68ΚΧ4690ΒΩ-2ΤΛ,2025-11-04,ΕΝΤΑΛΜΑ ΠΛΗΡΩΜΗΣ ΚΑΛΤΕΚ ΑΕ ΕΜΠΟΡΙΑ ΙΑΤΡΙΚΩΝ ΕΙΔΩΝ ΚΑΙ ΠΡΟΙΟΝΤΩΝ ΚΑΙ ΜΗΧΑΝΗΜΑΤΩΝ  ΑΝΩΝΥΜΗ ΕΤΑΙΡΕΙΑ (999307110),999307110,ΚΑΛΤΕΚ ΑΕ ΕΜΠΟΡΙΑ ΙΑΤΡΙΚΩΝ ΕΙΔΩΝ ΚΑΙ ΠΡΟΙΟΝΤΩΝ ΚΑΙ ΜΗΧΑΝΗΜΑΤΩΝ  ΑΝΩΝΥΜΗ ΕΤΑΙΡΕΙΑ (999307110),16506.13,,
ΨΟΘΥ4690ΒΩ-ΙΞΒ,2025-11-04,ΕΝΤΑΛΜΑ ΠΛΗΡΩΜΗΣ ΚΟΠΕΡ Α.Ε. (094007897),094007897,ΚΟΠΕΡ Α.Ε. (094007897),49227.23,,
9ΗΒΞ4690ΒΩ-ΕΓ5,2025-11-12,ΠΡΟΜΗΘΕΙΑ ΥΓΕΙΟΝΟΜΙΚΟΥ ΥΛΙΚΟΥ (ΥΛΙΚΩΝ ΑΙΜΟΔΥΝΑΜΙΚΟΥ: Α) ΥΛΙΚΩΝ ΑΓΓΕΙΟΓΡΑΦΙΑΣ ΚΑΙ Β) ΑΓΓΕΙΑΚΩΝ ΠΡΟΘΕΣΕΩΝ )ΜΕ ΣΥΜΒΑΣΗ ΤΟΝ ΜΗΝΑ ΔΕΚΕΜΒΡΙΟ 2024 (ΣΥΜΒ. 203/2023 ΧΕ 2764/2024),999640490,ΔΟΥΡΜΟΥΣΟΓΛΟΥ ΑΝΩΝΥΜΗ ΕΜΠΟΡΙΚΗ ΒΙΟΜΗΧΑΝΙΚΗ ΕΤΑΙΡΕΙΑ ΙΑΤΡΙΚΩΝ ΕΙΔΩΝ,793.58,,1311β01
95ΛΜ4690ΒΩ-5ΙΟ,2025-11-12,ΠΡΟΜΗΘΕΙΑ ΥΓΕΙΟΝΟΜΙΚΟΥ ΥΛΙΚΟΥ (ΦΙΛΤΡΑ ΜΕΤΑΓΓΙΣΗΣ ΑΙΜΑΤΟΣ ) ΜΕ ΣΥΜΒΑΣΗ ΤΟΝ ΜΗΝΑ ΔΕΚΕΜΒΡΙΟ 2024 (ΣΥΜΒ. 299/2023 ΧΕ 2774/2024),999723663,ΝΕΑ ΕΠΙΜΕΝΤ ΕΤΑΡΙΑ ΕΙΣΑΓΩΓΗΣ ΚΑΙ ΔΙΑΝΟΜΗΣ ΙΑΤΡΙΚΟΥ ΝΟΣΟΚΟΜΕΙΑΚΟΥ ΥΛΙΚΟΥ ΜΟΝΟΠΡΟΣΩΠΗ ΕΤΑΡΙΑ ΠΕΡΙΟΡΙΣΜΕΝΗΣ ΕΥΘΥΝΗΣ,1190.4,,1311β01
6ΙΤ44690ΒΩ-ΡΙ2,2025-11-12,ΠΡΟΜΗΘΕΙΑ ΟΡΘΟΠΕΔΙΚΟΥ ΥΛΙΚΟΥ ΜΕ ΣΥΜΒΑΣΗ (ΣΥΜΒ 756/2024) ΓΙΑ ΤΟ ΜΗΝΑ ΔΕΚΕΜΒΡΙΟ 2024 ΑΠΑΞ ΠΑΡΑΓΓΕΛΙΑΣ ΣΥΜΦΩΝΑ ΜΕ ΤΙΣ ΔΙΑΤΑΞΕΙΣ ΤΟΥ Ν.5216/2025 αρθ.44 (ΦΕΚ 118/ τ.Α΄/07/07/2025),099805952,BIOGENESYS IKE,4270.27,,1313β01
9Ε9Δ4690ΒΩ-240,2025-11-05,ΕΝΤΑΛΜΑ ΠΛΗΡΩΜΗΣ ΑΡΘΡΩΣΙΣ Α.Ε (082899566),082899566,ΑΡΘΡΩΣΙΣ Α.Ε (082899566),1161.64,,
91Χ84690ΒΩ-ΚΜΞ,2025-11-05,ΕΝΤΑΛΜΑ ΠΛΗΡΩΜΗΣ ΙΑΤΡΙΚΑ ΠΕΝΥ ΕΠΕ (999117743),999117743,ΙΑΤΡΙΚΑ ΠΕΝΥ ΕΠΕ (999117743),5443.19,,
9Ξ684690ΒΩ-ΦΩ8,2025-11-04,ΕΝΤΑΛΜΑ ΠΛΗΡΩΜΗΣ BIOGENESYS  Ι.Κ.Ε. (099805952),099805952,BIOGENESYS  Ι.Κ.Ε. (099805952),11823.19,,
9ΞΜΩ4690ΒΩ-Η4Θ,2025-11-04,ΕΝΤΑΛΜΑ ΠΛΗΡΩΜΗΣ BIOGENESYS  Ι.Κ.Ε. (099805952),099805952,BIOGENESYS  Ι.Κ.Ε. (099805952),4270.27,,
ΨΝΔΞ4690ΒΩ-82Ι,2025-11-04,ΕΝΤΑΛΜΑ ΠΛΗΡΩΜΗΣ BIOGENESYS  Ι.Κ.Ε. (099805952),099805952,BIOGENESYS  Ι.Κ.Ε. (099805952),3037.44,,
9ΩΥΖ4690ΒΩ-Π36,2025-11-04,ΕΝΤΑΛΜΑ ΠΛΗΡΩΜΗΣ BIOGENESYS  Ι.Κ.Ε. (099805952),099805952,BIOGENESYS  Ι.Κ.Ε. (099805952),4270.27,,
6ΞΖΓ4690ΒΩ-ΣΙ9,2025-11-04,ΕΝΤΑΛΜΑ ΠΛΗΡΩΜΗΣ ORTHOPRO IKE (800544160),800544160,ORTHOPRO IKE (800544160),6629.43,,
97ΠΙ4690ΒΩ-4ΣΔ,2025-11-04,ΕΝΤΑΛΜΑ ΠΛΗΡΩΜΗΣ ΚΟΠΕΡ Α.Ε. (094007897),094007897,ΚΟΠΕΡ Α.Ε. (094007897),1222.05,,
9ΒΨΩ4690ΒΩ-725,2025-11-04,ΕΝΤΑΛΜΑ ΠΛΗΡΩΜΗΣ MEDIPLAT ΕΠΕ (800500360),800500360,MEDIPLAT ΕΠΕ (800500360),8463.67,,
Ψ7ΙΙ4690ΒΩ-ΘΔ8,2025-11-04,ΕΝΤΑΛΜΑ ΠΛΗΡΩΜΗΣ MEDIPLAT ΕΠΕ (800500360),800500360,MEDIPLAT ΕΠΕ (800500360),6219.28,,
9ΨΡ24690ΒΩ-ΞΦΚ,2025-11-05,ΕΝΤΑΛΜΑ ΠΛΗΡΩΜΗΣ ORTHOPRO IKE (800544160),800544160,ORTHOPRO IKE (800544160),5143.76,,
6ΙΦ54690ΒΩ-02Ψ,2025-11-12,ΠΡΟΜΗΘΕΙΑ ΥΓΕΙΟΝΟΜΙΚΟΥ ΥΛΙΚΟΥ (ΧΕΙΡΟΥΡΓΙΚΑ ΜΟΣΧΕΥΜΑΤΑ) ME ΣΥΜΒΑΣΗ ΤΟΝ ΜΗΝΑ ΔΕΚΕΜΒΡΙΟ 2024 (ΣΥΜΒ.485/2022 ΧΕ 537/2024),094501826,BECTON DICKINSON HELLAS A E,18546.69,,1311β01
6Σ6Μ4690ΒΩ-2ΘΥ,2025-11-07,ΕΝΤΑΛΜΑ ΠΛΗΡΩΜΗΣ ΤΡΑΠΕΖΑ  EUROBANK AE (094014250),094014250,ΤΡΑΠΕΖΑ  EUROBANK AE (094014250),2.4,,
6ΙΞΟ4690ΒΩ-ΙΟ1,2025-11-12,ΠΡΟΜΗΘΕΙΑ ΥΓΕΙΟΝΟΜΙΚΟΥ ΥΛΙΚΟΥ(ΜΕΣΑ ΕΡΓΑΣΤΗΡΙΑΚΗΣ ΚΑΛΛΙΕΡΓΕΙΑΣ) ΜΕ ΣΥΜΒΑΣΗ ΤΟΝ ΜΗΝΑ ΝΟΕΜΒΡΙΟ 2024 (ΣΥΜ.533/2024 ΧΕ 2210/2025) ΣΥΜΦΩΝΑ ΜΕ ΤΙΣ ΔΙΑΤΑΞΕΙΣ ΤΟΥ Ν.5216/2025 αρθ.44 (ΦΕΚ 118/ τ.Α΄/07/07/2025),800738217,ΠΗΓΑΣΟΣ ΙΑΤΡΙΚΟΣ ΚΑΙ ΕΠΙΣΤΗΜΟΝΙΚΟΣ ΕΞΟΠΛΙΣΜΟΣ ΑΝΩΝΥΜΗ ΕΤΑΙΡΕΙΑ,1458.24,,1311β01
ΨΘΔ04690ΒΩ-8ΦΦ,2025-11-06,ΕΝΤΑΛΜΑ ΠΛΗΡΩΜΗΣ ΤΡΑΠΕΖΑ  EUROBANK AE (094014250),094014250,ΤΡΑΠΕΖΑ  EUROBANK AE (094014250),4.0,,
ΨΛΤΜ4690ΒΩ-Γ74,2025-11-06,ΕΝΤΑΛΜΑ ΠΛΗΡΩΜΗΣ ΤΡΑΠΕΖΑ  EUROBANK AE (094014250),094014250,ΤΡΑΠΕΖΑ  EUROBANK AE (094014250),4.0,,
93Ο24690ΒΩ-606,2025-11-06,ΕΝΤΑΛΜΑ ΠΛΗΡΩΜΗΣ ΤΡΑΠΕΖΑ  EUROBANK AE (094014250),094014250,ΤΡΑΠΕΖΑ  EUROBANK AE (094014250),4.0,,
Ψ7Χ34690ΒΩ-ΦΓ2,2025-11-12,"ΠΡΟΜΗΘΕΙΑ ΤΡΑΠΕΖΙΚΩΝ ΕΡΓΑΣΙΩΝ ΓΙΑ ΕΞΕΡΧΟΜΕΝΕΣ ΜΕΤΑΦΟΡΕΣ ΠΙΣΤΩΣΕΩΝ ΣΕ ΤΡΑΠΕΖΕΣ ΤΟΥ ΕΞΩΤΕΡΙΚΟΥ (ATRON Χ.Ε. 2193, 2194,2195,2340)",094014250,EUROBANK ERGASIAS ΥΠΗΡΕΣΙΩΝ ΚΑΙ ΣΥΜΜΕΤΟΧΩΝ ΑΝΩΝΥΜΗ ΕΤΑΙΡΕΙΑ,4.0,,0431α01
963Ι4690ΒΩ-Κ4Ψ,2025-11-12,"ΠΡΟΜΗΘΕΙΑ ΤΡΑΠΕΖΙΚΩΝ ΕΡΓΑΣΙΩΝ ΓΙΑ ΕΞΕΡΧΟΜΕΝΕΣ ΜΕΤΑΦΟΡΕΣ ΠΙΣΤΩΣΕΩΝ ΣΕ ΤΡΑΠΕΖΕΣ ΤΟΥ ΕΞΩΤΕΡΙΚΟΥ (ORTHOPRO Χ.Ε. 2370, 2371,2372,2373)",094014250,EUROBANK ERGASIAS ΥΠΗΡΕΣΙΩΝ ΚΑΙ ΣΥΜΜΕΤΟΧΩΝ ΑΝΩΝΥΜΗ ΕΤΑΙΡΕΙΑ,4.0,,0431α01
ΨΓ2Ο4690ΒΩ-ΑΒΡ,2025-11-12,"ΠΡΟΜΗΘΕΙΑ ΤΡΑΠΕΖΙΚΩΝ ΕΡΓΑΣΙΩΝ ΓΙΑ ΕΞΕΡΧΟΜΕΝΕΣ ΜΕΤΑΦΟΡΕΣ ΠΙΣΤΩΣΕΩΝ ΣΕ ΤΡΑΠΕΖΕΣ ΤΟΥ ΕΞΩΤΕΡΙΚΟΥ (PHAREL Χ.Ε. 2343, 2362)",094014250,EUROBANK ERGASIAS ΥΠΗΡΕΣΙΩΝ ΚΑΙ ΣΥΜΜΕΤΟΧΩΝ ΑΝΩΝΥΜΗ ΕΤΑΙΡΕΙΑ,4.0,,0431α01
ΨΞ2Τ4690ΒΩ-2ΞΑ,2025-11-12,ΠΡΟΜΗΘΕΙΑ ΥΓΕΙΟΝΟΜΙΚΟΥ ΥΛΙΚΟΥ (ΥΛΙΚΑ ΑΓΓΕΙΟΓΡΑΦΙΑΣ) ΜΕ ΣΥΜΒΑΣΗ ΤΟΝ ΜΗΝΑ ΔΕΚΕΜΒΡΙΟ 2024 (ΣΥΜΒ.748/2024) ΣΥΜΦΩΝΑ ΜΕ ΤΙΣ ΔΙΑΤΑΞΕΙΣ ΤΟΥ Ν. 5216/2025 αρθ.44 (ΦΕΚ 118 /τ. Α'/ 07-07-2025,998477820,ZERONO ΑΝΩΝΥΜΗ ΕΤΑΙΡΕΙΑ ΕΙΣΑΓΩΓΗΣ ΕΞΑΓΩΓΗΣ ΚΑΙ ΕΜΠΟΡΙΑΣ ΙΑΤΡΟΦΑΡΜΑΚΕΥΤΙΚΟΥ ΥΛΙΚΟΥ,3390.0,,1311β01
606Δ4690ΒΩ-Η5Ξ,2025-11-12,"ΠΡΟΜΗΘΕΙΑ ΤΡΑΠΕΖΙΚΩΝ ΕΡΓΑΣΙΩΝ ΓΙΑ ΕΞΕΡΧΟΜΕΝΕΣ ΜΕΤΑΦΟΡΕΣ ΠΙΣΤΩΣΕΩΝ ΣΕ ΤΡΑΠΕΖΕΣ ΤΟΥ ΕΞΩΤΕΡΙΚΟΥ (ORTHOPRO Χ.Ε. 2374, 2375,2376)",094014250,EUROBANK ERGASIAS ΥΠΗΡΕΣΙΩΝ ΚΑΙ ΣΥΜΜΕΤΟΧΩΝ ΑΝΩΝΥΜΗ ΕΤΑΙΡΕΙΑ,4.0,,0431α01
6ΧΦΞ4690ΒΩ-ΒΞΜ,2025-11-12,ΠΡΟΜΗΘΕΙΑ ΤΡΑΠΕΖΙΚΩΝ ΕΡΓΑΣΙΩΝ ΓΙΑ ΕΞΕΡΧΟΜΕΝΕΣ ΜΕΤΑΦΟΡΕΣ ΠΙΣΤΩΣΕΩΝ ΣΕ ΤΡΑΠΕΖΕΣ ΤΟΥ ΕΞΩΤΕΡΙΚΟΥ (ΧΕ 2470/2025),094014250,EUROBANK ERGASIAS ΥΠΗΡΕΣΙΩΝ ΚΑΙ ΣΥΜΜΕΤΟΧΩΝ ΑΝΩΝΥΜΗ ΕΤΑΙΡΕΙΑ,2.4,,0431α01
91Ο04690ΒΩ-ΡΞΙ,2025-11-12,ΠΡΟΜΗΘΕΙΑ ΥΓΕΙΟΝΟΜΙΚΟΥ ΥΛΙΚΟΥ (ΔΙΑΓΝΩΣΤΙΚΕΣ ΟΥΣΙΕΣ) ΜΕ ΣΥΜΒΑΣΗ ΤΟ ΜΗΝΑ ΔΕΚΕΜΒΡΙΟ 2024 (ΣΥΜΒ. 657/2024)ΣΥΜΦΩΝΑ ΜΕ ΤΙΣ ΔΙΑΤΑΞΕΙΣ ΤΟΥ Ν.5216/2025 αρθ.44 (ΦΕΚ 118/ τ.Α΄/07/07/2025),091569759,ΑΦΟΙ Α ΣΕΛΙΔΗ ΑΝΩΝΥΜΗ ΕΤΑΙΡΙΑ ΕΠΙΣΤΗΜΟΝΙΚΟΥ ΕΞΟΠΛΙΣΜΟΥ,3990.9,,1359β01
980Τ4690ΒΩ-ΜΕΥ,2025-11-12,ΠΡΟΜΗΘΕΙΑ ΥΓΕΙΟΝΟΜΙΚΟΥ ΥΛΙΚΟΥ (ΙΑΤΡΙΚΑ ΔΙΑΛΥΜΑΤΑ) ΜΕ ΣΥΜΒΑΣΗ ΤΟΝ ΜΗΝΑ ΔΕΚΕΜΒΡΙΟ 2024 (ΣΥΜΒ.174/2023 ΧΕ 1111/2024),998283526,MEDIPRIME ΙΑΤΡΟΦΑΡΜΑΚΕΥΤΙΚΩΝ ΕΙΔΩΝ ΑΝΩΝΥΜΗ ΕΜΠΟΡΙΚΗ ΕΤΑΙΡΕΙΑ,7192.0,,1311β01
9Ω0Φ4690ΒΩ-Ι2Ξ,2025-11-12,ΠΡΟΜΗΘΕΙΑ ΥΓΕΙΟΝΟΜΙΚΟΥ ΥΛΙΚΟΥ (ΟΦΘΑΛΜΟΛΟΓΙΚΑ ΥΛΙΚΑ) ΜΕ ΣΥΜΒΑΣΗ ΤΟΝ ΜΗΝΑ ΔΕΚΕΜΒΡΙΟ 2024 (ΣΥΜΒ. 329/2023 ΧΕ 2670/2024),800719006,VISION MED HELLAS I K E,3100.0,,1311β01
9ΔΛΠ4690ΒΩ-3ΑΠ,2025-11-12,"ΠΡΟΜΗΘΕΙΑ ΥΓΕΙΟΝΟΜΙΚΟΥ ΥΛΙΚΟΥ (ΤΑΙΝΙΕΣ ΜΕΤΡΗΣΗΣ ΣΑΚΧΑΡΟΥ) ΜΕ ΣΥΜΒΑΣΗ ΤΟΥΣ ΜΗΝΕΣ ΣΕΠΤΕΜΒΡΙΟ,ΔΕΚΕΜΒΡΙΟ 2023 (ΣΥΜΒ. 499/2023 ΧΕ 2780/2024) ΣΥΜΦΩΝΑ ΜΕ ΤΙΣ ΔΙΑΤΑΞΕΙΣ ΤΟΥ Ν. 5216/2025 αρθ.44 (ΦΕΚ 118 /τ. Α'/ 07-07-2025",800896490,Α ΤΡΙΑΝΤΑΦΥΛΛΟΠΟΥΛΟΣ Ε Ε,277.77,,1311β01
90ΛΒ4690ΒΩ-Π3Ξ,2025-11-12,ΠΡΟΜΗΘΕΙΑ ΥΓΕΙΟΝΟΜΙΚΟΥ ΥΛΙΚΟΥ (ΕΠΙΔΕΣΜΙΚΟΥ ΥΛΙΚΟΥ ) ΜΕ ΣΥΜΒΑΣΗ ΤΟΥΣ ΜΗΝΕΣ ΔΕΚΕΜΒΡΙΟ 2024 (ΣΥΜΒ. 606/2023 ΧΕ 2740/2024),999656321,ΒΙΟΚΟΝ ΙΑΤΡΙΚΑ ΚΑΙ ΒΙΟΤΕΧΝΟΛΟΓΙΚΑ ΠΡΟΙΟΝΤΑ ΕΤΑΙΡΕΙΑ ΠΕΡΙΟΡΙΣΜΕΝΗΣ ΕΥΘΥΝΗΣ,667.83,,1311β01
98ΠΦ4690ΒΩ-Θ7Ζ,2025-11-12,"ΠΡΟΜΗΘΕΙΑ ΥΓΕΙΟΝΟΜΙΚΟΥ ΥΛΙΚΟΥ (ΕΠΙΔΕΣΜΙΚΟΥ ΥΛΙΚΟΥ ) ΜΕ ΣΥΜΒΑΣΗ ΤΟΥΣ ΜΗΝΕΣ ΝΟΕΜΒΡΙΟ 2023,ΙΑΝΟΥΑΡΙΟ 2024 (ΣΥΜΒ. 609/2023 ΧΕ 2743/2024)",800324752,ΧΡΙΣΤΟΔΟΥΛΟΣ ΑΝΑΓΝΩΣΤΟΥ ΚΑΙ ΣΙΑ ΕΕ,595.51,,1311β01
Ψ4ΑΘ4690ΒΩ-Χ43,2025-11-12,ΠΡΟΜΗΘΕΙΑ ΥΓΕΙΟΝΟΜΙΚΟΥ ΥΛΙΚΟΥ ΜΕ ΣΥΜΒΑΣΗ (ΣΥΜ.601/2024) ΓΙΑ ΤΟ ΜΗΝΑ ΝΟΕΜΒΡΙΟ 2024 ΣΥΜΦΩΝΑ ΜΕ ΤΙΣ ΔΙΑΤΑΞΕΙΣ ΤΟΥ Ν.5216/2025 αρθ.44 (ΦΕΚ 118/ τ.Α΄/07/07/2025),099853415,ΑΛΑΦΟΥΖΟΥ ΑΜΑΛΙΑ ΑΛΑΦΟΥΖΟΥ ΜΑΡΙΑ ΟΕ,1261.81,,1311β01
6Ξ0Ι4690ΒΩ-3ΘΑ,2025-11-12,ΠΡΟΜΗΘΕΙΑ ΥΓΕΙΟΝΟΜΙΚΟΥ ΥΛΙΚΟΥ (ΙΑΤΡΙΚΑ ΔΙΑΛΥΜΑΤΑ) ΜΕ ΣΥΜΒΑΣΗ ΤΟΝ ΜΗΝΑ ΔΕΚΕΜΒΡΙΟ 2024 (ΣΥΜΒ.367/2022 ΧΕ 2453/2023),094429990,TELEFLEX MEDICAL ΕΛΛΑΣ ΑΝΩΝΥΜΗ ΕΜΠΟΡΙΚΗ ΕΤΑΙΡΕΙΑ,610.2,,1311β01
Ψ9Κ64690ΒΩ-ΗΩΒ,2025-11-12,ΠΡΟΜΗΘΕΙΑ ΟΡΘΟΠΕΔΙΚΟΥ ΥΛΙΚΟΥ ΜΕ ΣΥΜΒΑΣΗ (ΣΥΜΒ 726/2024) ΓΙΑ ΤΟ ΜΗΝΑ ΔΕΚΕΜΒΡΙΟ 2024 ΑΠΑΞ ΠΑΡΑΓΓΕΛΙΑΣ ΣΥΜΦΩΝΑ ΜΕ ΤΙΣ ΔΙΑΤΑΞΕΙΣ ΤΟΥ Ν.5216/2025 αρθ.44 (ΦΕΚ 118/ τ.Α΄/07/07/2025),800544160,ORTHOPRO ΙΑΤΡΙΚΩΝ ΕΙΔΩΝ  ΙΔΙΩΤΙΚΗ ΚΕΦΑΛΑΙΟΥΧΙΚΗ ΕΤΑΙΡΕΙΑ,11669.08,,1313β01
988Χ4690ΒΩ-Δ10,2025-11-12,ΠΡΟΜΗΘΕΙΑ ΥΓΕΙΟΝΟΜΙΚΟΥ ΥΛΙΚΟΥ ΜΕ ΣΥΜΒΑΣΗ ΤΟΝ ΜΗΝΑ ΔΕΚΕΜΒΡΙΟ 2024 (ΣΥΜΒ.762/2023 ΧΕ 1241/2025),093628458,BBD ΝΙΚΟΛΑΟΣ ΛΑΙΝΙΩΤΗΣ ΑΕΒΕ ΠΑΡΑΓΩΓΗ ΕΙΣΑΓΩΓΗ ΚΑΙ ΕΜΠΟΡΙΑ ΥΓΕΙΟΝΟΜΙΚΟΥ ΥΛΙΚΟΥ ΑΝΩΝΥΜΟΣ ΕΜΠΟΡΙΚΗ ΒΙΟΜΗΧΑΝΙΚΗ ΕΤΑΙΡΕΙΑ,730.36,,1311β01
ΨΞΚΝ4690ΒΩ-Γ87,2025-11-12,ΠΡΟΜΗΘΕΙΑ ΥΓΕΙΟΝΟΜΙΚΟΥ ΥΛΙΚΟΥ (ΙΑΤΡΙΚΑ ΔΙΑΛΥΜΑΤΑ) ΜΕ ΣΥΜΒΑΣΗ ΤΟΝ ΜΗΝΑ ΔΕΚΕΜΒΡΙΟ 2024 (ΣΥΜΒ.173/2023 ΧΕ 1109/2024),094326835,ΑΝΩΝΥΜΗ ΕΙΣΑΓΩΓΙΚΗ ΕΜΠΟΡΙΚΗ ΕΤΑΙΡΕΙΑ ΙΑΤΡΙΚΩΝ ΕΙΔΩΝ ΞΕΝΟΦΩΝ ΓΕΡΜΑΝΟΣ,420.36,,1311β01
9Η3Ν4690ΒΩ-434,2025-11-12,ΠΡΟΜΗΘΕΙΑ ΛΟΙΠΟΥ ΧΗΜΙΚΟΥ ΥΛΙΚΟΥ (ΑΝΤΙΔΡΑΣΤΗΡΙΩΝ ΑΙΜΑΤΟΛΟΓΙΚΩΝ ΤΕΣΤ ME ΣΥΝΟΔΟ ΕΞΟΠΛΙΣΜΟ) ΜΕ ΣΥΜΒΑΣΗ ΤΟ ΜΗΝΑ ΔΕΚΕΜΒΡΙΟ 2024 (ΧΕ 1289/24 ΣΥΜΒ. 247/2023),094322455,MENARINI ΔΙΑΓΝΩΣΤΙΚΑ ΙΑΤΡΙΚΑ ΟΡΓΑΝΑ ΑΕΒΕ,178.08,,1359β01
ΨΝΒΥ4690ΒΩ-ΟΕΝ,2025-11-12,ΠΡΟΜΗΘΕΙΑ ΥΓΕΙΟΝΟΜΙΚΟΥ ΥΛΙΚΟΥ ΜΕ ΣΥΜΒΑΣΗ ΤΟ ΜΗΝΑ ΝΟΕΜΒΡΙΟ 2024 (ΣΥΜΒ.535 /2024 ΧΕ 2185/2025) ΣΥΜΦΩΝΑ ΜΕ ΤΙΣ ΔΙΑΤΑΞΕΙΣ ΤΟΥ Ν.5216/2025 αρθ.44 (ΦΕΚ 118/ τ.Α΄/07/07/2025),800502874,F M FEED ΜΟΝΟΠΡΟΣΩΠΗ ΙΔΙΩΤΙΚΗ ΚΕΦΑΛΑΙΟΥΧΙΚΗ ΕΤΑΙΡΕΙΑ,5288.6,,1311β01
9ΤΕΗ4690ΒΩ-4Α6,2025-11-12,"ΠΡΟΜΗΘΕΙΑ ΥΓΕΙΟΝΟΜΙΚΟΥ ΥΛΙΚΟΥ ΜΕ ΣΥΜΒΑΣΗ (ΣΥΜ.682 /2024) ΓΙΑ ΤΟ ΜΗΝΑ ΔΕΚΕΜΒΡΙΟ 2024, ΣΥΜΦΩΝΑ ΜΕ ΤΙΣ ΔΙΑΤΑΞΕΙΣ ΤΟΥ Ν.5216/2025 αρθ.44 (ΦΕΚ 118/ τ.Α΄/07/07/2025)",094503580,ΕΝΟΡΑΣΙΣ ΑΝΩΝΥΜΗ ΕΜΠ  ΙΑΤΡΙΚΩΝ ΥΛΙΚΩΝ ΚΑΙ  ΜΗΧΑΝΗΜΑΤΩΝ ΚΑΙ ΙΑΤΡΙΚΩΝ ΥΛΙΚΩΝ ΚΑΙ ΜΗΧΑΝΗΜΑΤ,10775.6,,1311β01
ΨΝΚΚ4690ΒΩ-ΡΞ9,2025-11-12,ΠΡΟΜΗΘΕΙΑ ΥΓΕΙΟΝΟΜΙΚΟΥ ΥΛΙΚΟΥ (ΙΑΤΡΙΚΟΣ ΡΟΥΧΙΣΜΟΣ) ΜΕ ΣΥΜΒΑΣΗ ΤΟ ΜΗΝΑ ΔΕΚΕΜΒΡΙΟ 2024 (ΣΥΜΒ.87/2024),998179225,MILONAS HEALTH ΙΑΤΡΙΚΑ ΠΡΟΙΟΝΤΑ ΑΝΩΝΥΜΟΣ ΕΤΑΙΡΕΙΑ,95.23,,1311β01
91ΑΘ4690ΒΩ-Α4Ν,2025-11-12,ΠΡΟΜΗΘΕΙΑ ΟΡΘΟΠΕΔΙΚΟΥ ΥΛΙΚΟΥ ΜΕ ΣΥΜΒΑΣΗ (ΣΥΜΒ 716/2024) ΓΙΑ ΤΟ ΜΗΝΑ ΔΕΚΕΜΒΡΙΟ 2024 ΑΠΑΞ ΠΑΡΑΓΓΕΛΙΑΣ ΣΥΜΦΩΝΑ ΜΕ ΤΙΣ ΔΙΑΤΑΞΕΙΣ ΤΟΥ Ν.5216/2025 αρθ.44 (ΦΕΚ 118/ τ.Α΄/07/07/2025),998333221,ΠΡΟΗΓΜΕΝΑ ΙΑΤΡΙΚΑ ΠΡΟΙΟΝΤΑ ΚΑΙ ΥΠΗΡΕΣΙΕΣ ΜΟΝΟΠΡΟΣΩΠΗ ΕΤΑΙΡΙΑ ΠΕΡΙΟΡΙΣΜΕΝΗΣ ΕΥΘΥΝΗΣ,3572.95,,1313β01
650Τ4690ΒΩ-ΑΥΞ,2025-11-12,ΠΡΟΜΗΘΕΙΑ ΟΡΘΟΠΕΔΙΚΟΥ ΥΛΙΚΟΥ ΜΕ ΣΥΜΒΑΣΗ (ΣΥΜΒ 715 /2024) ΓΙΑ ΤΟ ΜΗΝΑ ΔΕΚΕΜΒΡΙΟ 2024 ΑΠΑΞ ΠΑΡΑΓΓΕΛΙΑΣ ΣΥΜΦΩΝΑ ΜΕ ΤΙΣ ΔΙΑΤΑΞΕΙΣ ΤΟΥ Ν.5216/2025 αρθ.44 (ΦΕΚ 118/ τ.Α΄/07/07/2025),998333221,ΠΡΟΗΓΜΕΝΑ ΙΑΤΡΙΚΑ ΠΡΟΙΟΝΤΑ ΚΑΙ ΥΠΗΡΕΣΙΕΣ ΜΟΝΟΠΡΟΣΩΠΗ ΕΤΑΙΡΙΑ ΠΕΡΙΟΡΙΣΜΕΝΗΣ ΕΥΘΥΝΗΣ,2898.68,,1313β01
ΨΠΜΕ4690ΒΩ-8ΣΥ,2025-11-12,: ΠΡΟΜΗΘΕΙΑ ΟΡΘΟΠΕΔΙΚΟΥ ΥΛΙΚΟΥ ΜΕ ΣΥΜΒΑΣΗ (ΣΥΜΒ 714/2024) ΓΙΑ ΤΟ ΜΗΝΑ ΔΕΚΕΜΒΡΙΟ 2024 ΑΠΑΞ ΠΑΡΑΓΓΕΛΙΑΣ ΣΥΜΦΩΝΑ ΜΕ ΤΙΣ ΔΙΑΤΑΞΕΙΣ ΤΟΥ Ν.5216/2025 αρθ.44 (ΦΕΚ 118/ τ.Α΄/07/07/2025),998333221,ΠΡΟΗΓΜΕΝΑ ΙΑΤΡΙΚΑ ΠΡΟΙΟΝΤΑ ΚΑΙ ΥΠΗΡΕΣΙΕΣ ΜΟΝΟΠΡΟΣΩΠΗ ΕΤΑΙΡΙΑ ΠΕΡΙΟΡΙΣΜΕΝΗΣ ΕΥΘΥΝΗΣ,3705.61,,1313β01
6ΘΣΑ4690ΒΩ-02Ρ,2025-11-12,"ΠΡΟΜ.ΟΡΘΟΠΕΔ,ΠΡΟΣΘΕΤ.ΚΑΙ ΛΟΙΠΩΝ ΥΛΙΚΩΝ ΑΝΑΠΗΡΩΝ, ΜΗΝΟΣ ΔΕΚΕΜΒΡΙΟΥ 2025, ΧΩΡΙΣ ΣΥΜΒΑΣΗ, ΜΕ ΑΠΟΦΑΣΗ ΔΙΟΙΚΗΤΗ 754/24, (ΑΠΟΦΑΣΗ ΔΣ 1/27-3-25 Θ.1 ΓΙΑ ΤΗ EΠΙΚΥΡΩΣΗ ΑΠΟΦΑΣΕΩΝ ΔΙΟΙΚΗΤΗ ΕΤΟΥΣ 2024), ΣΥΜΦΩΝΑ ΜΕ ΤΙΣ ΔΙΑΤΑΞΕΙΣ ΤΟΥ Ν.5216/2025 αρθ.44 (ΦΕΚ 118/ τ.Α΄/07/07/2025)ΝΟΣ",997564511,ALLMED EE,206.17,,1313β01
9ΝΜΜ4690ΒΩ-06Δ,2025-11-12,ΠΡΟΜΗΘΕΙΑ ΟΡΘΟΠΕΔΙΚΟΥ ΥΛΙΚΟΥ ΜΕ ΣΥΜΒΑΣΗ (ΣΥΜΒ 675 /2024) ΓΙΑ ΤΟ ΜΗΝΑ ΔΕΚΕΜΒΡΙΟ 2024 ΑΠΑΞ ΠΑΡΑΓΓΕΛΙΑΣ ΣΥΜΦΩΝΑ ΜΕ ΤΙΣ ΔΙΑΤΑΞΕΙΣ ΤΟΥ Ν.5216/2025 αρθ.44 (ΦΕΚ 118/ τ.Α΄/07/07/2025),800838529,NUVAMED ΙΑΤΡΟΤΕΧΝΟΛΟΓΙΚΑ ΠΡΟΪΟΝΤΑ  ΙΔΙΩΤΙΚΗ ΚΕΦΑΛΑΙΟΥΧΙΚΗ ΕΤΑΙΡΕΙΑ,4649.1,,1313β01
96Κ74690ΒΩ-ΣΧΑ,2025-11-12,ΠΡΟΜΗΘΕΙΑ ΟΡΘΟΠΕΔΙΚΟΥ ΥΛΙΚΟΥ ΜΕ ΣΥΜΒΑΣΗ (ΣΥΜΒ 619/2024) ΓΙΑ ΤΟ ΜΗΝΑ ΔΕΚΕΜΒΡΙΟ 2024 ΑΠΑΞ ΠΑΡΑΓΓΕΛΙΑΣ ΣΥΜΦΩΝΑ ΜΕ ΤΙΣ ΔΙΑΤΑΞΕΙΣ ΤΟΥ Ν.5216/2025 αρθ.44 (ΦΕΚ 118/ τ.Α΄/07/07/2025),998333221,ΠΡΟΗΓΜΕΝΑ ΙΑΤΡΙΚΑ ΠΡΟΙΟΝΤΑ ΚΑΙ ΥΠΗΡΕΣΙΕΣ ΜΟΝΟΠΡΟΣΩΠΗ ΕΤΑΙΡΙΑ ΠΕΡΙΟΡΙΣΜΕΝΗΣ ΕΥΘΥΝΗΣ,4427.11,,1313β01
6Ζ844690ΒΩ-ΗΜΨ,2025-11-12,ΠΡΟΜΗΘΕΙΑ ΟΡΘΟΠΕΔΙΚΟΥ ΥΛΙΚΟΥ ΜΕ ΣΥΜΒΑΣΗ (ΣΥΜΒ 620 /2024) ΓΙΑ ΤΟ ΜΗΝΑ ΔΕΚΕΜΒΡΙΟ 2024 ΑΠΑΞ ΠΑΡΑΓΓΕΛΙΑΣ ΣΥΜΦΩΝΑ ΜΕ ΤΙΣ ΔΙΑΤΑΞΕΙΣ ΤΟΥ Ν.5216/2025 αρθ.44 (ΦΕΚ 118/ τ.Α΄/07/07/2025),998333221,ΠΡΟΗΓΜΕΝΑ ΙΑΤΡΙΚΑ ΠΡΟΙΟΝΤΑ ΚΑΙ ΥΠΗΡΕΣΙΕΣ ΜΟΝΟΠΡΟΣΩΠΗ ΕΤΑΙΡΙΑ ΠΕΡΙΟΡΙΣΜΕΝΗΣ ΕΥΘΥΝΗΣ,4427.11,,1313β01
62ΠΙ4690ΒΩ-2ΨΓ,2025-11-12,"ΠΡΟΜΗΘΕΙΑ ΥΓΕΙΟΝΟΜΙΚΟΥ ΥΛΙΚΟΥ (ΣΑΚΟΙ ΚΟΛΟΣΤΟΜΙΑΣ), ΜΗΝΟΣ ΔΕΚΕΜΒΡΙΟΥ 2024, ΜΕ ΑΠΟΦΑΣΗ ΔΙΟΙΗΚΗΤΗ 558/24, (ΑΠΟΦΑΣΗ ΔΣ 1/27-3-25 Θ.1 ΓΙΑ ΤΗ EΠΙΚΥΡΩΣΗ ΑΠΟΦΑΣΕΩΝ ΔΙΟΙΚΗΤΗ ΕΤΟΥΣ 2024) ΣΥΜΦΩΝΑ ΜΕ ΤΙΣ ΔΙΑΤΑΞΕΙΣ ΤΟΥ Ν.5216/2025 αρθ.44 (ΦΕΚ 118/ τ.Α΄/07/07/2025) ΝΟΣ",099999268,ΦΛΩΡΟΣ ΚΟΝΤΟΠΟΥΛΟΣ ΚΑΙ ΣΙΑ ΟΕ,610.2,,1311β01
ΨΡΚ94690ΒΩ-Γ3Θ,2025-10-28,ΕΝΤΑΛΜΑ ΠΛΗΡΩΜΗΣ ΙΑΜΕΞ  ΙΑΤΡΙΚΑ  ΕΙΔΗ  Α.Ε. (999212027),999212027,ΙΑΜΕΞ  ΙΑΤΡΙΚΑ  ΕΙΔΗ  Α.Ε. (999212027),9844.62,,
ΨΡΧΟ4690ΒΩ-5ΜΧ,2025-11-05,ΕΝΤΑΛΜΑ ΠΛΗΡΩΜΗΣ ΙΑΜΕΞ  ΙΑΤΡΙΚΑ  ΕΙΔΗ  Α.Ε. (999212027),999212027,ΙΑΜΕΞ  ΙΑΤΡΙΚΑ  ΕΙΔΗ  Α.Ε. (999212027),3399.04,,
ΨΥΧΞ4690ΒΩ-0Τ6,2025-11-12,": ΠΡΟΜΗΘΕΙΑ ΛΟΙΠΟΥ ΧΗΜΙΚΟΥ ΥΛΙΚΟΥ (ΦΙΑΛΙΔΙΑ ΓΙΑ ΤΗΝ ΑΝΙΧΝΕΥΣΗ ΑΕΡΟΒΙΩΝ ΜΙΚΡΟΒΙΩΝ), ΜΗΝΟΣ ΔΕΚΕΜΒΡΙΟΥ 2024, ΧΩΡΙΣ ΣΥΜΒΑΣΗ, ΜΕ ΑΠΟΦΑΣΗ ΔΙΟΙΚΗΤΗ 713/224 (ΑΠΟΦΑΣΗ ΔΣ 1/27-3-25 Θ.1 ΓΙΑ ΤΗ EΠΙΚΥΡΩΣΗ ΑΠΟΦΑΣΕΩΝ ΔΙΟΙΚΗΤΗ ΕΤΟΥΣ 2024) ΣΥΜΦΩΝΑ ΜΕ ΤΙΣ ΔΙΑΤΑΞΕΙΣ ΤΟΥ Ν.5216/2025 αρθ.44 (ΦΕΚ 118/ τ.Α΄/07/07/2025) ΝΟΣ",094047060,ΒΑΡΕΛΑΣ ΑΝΩΝΥΜΗ ΕΤΑΙΡΕΙΑ ΧΗΜΙΚΑ ΚΑΙ ΔΙΑΓΝΩΣΤΙΚΑ,1862.42,,1359β01
9ΦΜΤ4690ΒΩ-Κ7Δ,2025-11-05,ΕΝΤΑΛΜΑ ΠΛΗΡΩΜΗΣ ΙΑΜΕΞ  ΙΑΤΡΙΚΑ  ΕΙΔΗ  Α.Ε. (999212027),999212027,ΙΑΜΕΞ  ΙΑΤΡΙΚΑ  ΕΙΔΗ  Α.Ε. (999212027),6866.09,,
978Ψ4690ΒΩ-Τ6Δ,2025-11-12,"ΠΡΟΜΗΘΕΙΑ ΥΓΕΙΟΝΟΜΙΚΟΥ ΥΛΙΚΟΥ (ΣΥΡΜΑΤΑ ΑΓΓΕΙΟΠΛΑΣΤΙΚΗ & ΚΑΘΕΤΗΡΑΣ ΜΠΑΛΟΝΙ ΠΡΟΔΙΑΣΤΟΛΗΣ), ΜΗΝΟΣ ΔΕΚΕΜΒΡΙΟΥ 2024, ΧΩΡΙΣ ΣΥΜΒΑΣΗ, ΜΕ ΑΠΟΦΑΣΗ ΔΙΟΙΚΗΤΗ 756/24 (ΑΠΟΦΑΣΗ ΔΣ 1/27-3-25 Θ.1 ΓΙΑ ΤΗ EΠΙΚΥΡΩΣΗ ΑΠΟΦΑΣΕΩΝ ΔΙΟΙΚΗΤΗ ΕΤΟΥΣ 2024) ΣΥΜΦΩΝΑ ΜΕ ΤΙΣ ΔΙΑΤΑΞΕΙΣ ΤΟΥ Ν.5216/2025 αρθ.44 (ΦΕΚ 118/ τ.Α΄/07/07/2025) ΝΟΣ",095186426,Μ Σ ΙΑΚΩΒΙΔΗΣ ΕΛΛΑΣ ΑΝΩΝΥΜΟΣ ΕΜΠΟΡΙΚΗ ΕΤΑΙΡΕΙΑ ΙΑΤΡΟΤΕΧΝΟΛΟΓΙΚΟΥ ΥΛΙΚΟΥ,1885.09,,1311β01
Ψ9ΜΗ4690ΒΩ-3ΣΓ,2025-10-16,ΕΝΤΑΛΜΑ ΠΛΗΡΩΜΗΣ ΚΟΠΕΡ Α.Ε. (094007897),094007897,ΚΟΠΕΡ Α.Ε. (094007897),3550.48,,
6Τ694690ΒΩ-ΩΓΚ,2025-11-12,"ΠΡΟΜΗΘΕΙΑ ΥΓΕΙΟΝΟΜΙΚΟΥ ΥΛΙΚΟΥ (ΝΥΣΤΕΡΙΑ ΜΕ ΛΑΒΗ Νο 10 ), ΜΗΝΟΣ ΔΕΚΕΜΒΡΙΟΥ 2024, ΧΩΡΙΣ ΣΥΜΒΑΣΗ, ΜΕ ΑΠΟΦΑΣΗ ΔΙΟΙΚΗΤΤΗ 756/24 (ΑΠΟΦΑΣΗ ΔΣ 1/27-3-25 Θ.1 ΓΙΑ ΤΗ EΠΙΚΥΡΩΣΗ ΑΠΟΦΑΣΕΩΝ ΔΙΟΙΚΗΤΗ ΕΤΟΥΣ 2024) ΣΥΜΦΩΝΑ ΜΕ ΤΙΣ ΔΙΑΤΑΞΕΙΣ ΤΟΥ Ν.5216/2025 αρθ.44 (ΦΕΚ 118/ τ.Α΄/07/07/2025) ΝΟΣ",094074824,ΕΛΛΕΝΚΟ ΑΝΩΝΥΜΟΣ ΕΜΠΟΡΙΚΗ  ΕΤΑΙΡΕΙΑ ΙΑΤΡΙΚΩΝ ΕΙΔΩΝ,133.92,,1311β01
6ΦΖ94690ΒΩ-Φ5Ρ,2025-11-12,ΠΡΟΜΗΘΕΙΑ ΟΡΘΟΠΕΔΙΚΟΥ ΥΛΙΚΟΥ ΜΕ ΣΥΜΒΑΣΗ (ΣΥΜΒ 752/2024) ΓΙΑ ΤΟ ΜΗΝΑ ΔΕΚΕΜΒΡΙΟ 2024 ΑΠΑΞ ΠΑΡΑΓΓΕΛΙΑΣ ΣΥΜΦΩΝΑ ΜΕ ΤΙΣ ΔΙΑΤΑΞΕΙΣ ΤΟΥ Ν.5216/2025 αρθ.44 (ΦΕΚ 118/ τ.Α΄/07/07/2025),999212027,ΙΑΜΕΞ ΙΑΤΡΙΚΑ ΕΙΔΗ ΑΝΩΝΥΜΟΣ ΕΤΑΙΡΙΑ,4978.77,,1313β01
6Α1Π4690ΒΩ-85Α,2025-11-12,"ΠΡΟΜΗΘΕΙΑ ΥΓΕΙΟΝΟΜΙΚΟΥ ΥΛΙΚΟΥ (ΑΥΤΟΚΟΛΛΗΤΑ ΕΠΙΘΕΜΑΤΑ ΤΡΑΥΜΑΤΩΝ), ΜΗΝΟΣ ΔΕΚΕΜΒΡΙΟΥ 2024, ΧΩΡΙΣ ΣΥΜΒΑΣΗ, ΜΕ ΑΠΟΦΑΣΗ ΔΙΟΙΚΗΤΗ 578/24, (ΑΠΟΦΑΣΗ ΔΣ 1/27-3-25 Θ.1 ΓΙΑ ΤΗ EΠΙΚΥΡΩΣΗ ΑΠΟΦΑΣΕΩΝ ΔΙΟΙΚΗΤΗ ΕΤΟΥΣ 2024) ΣΥΜΦΩΝΑ ΜΕ ΤΙΣ ΔΙΑΤΑΞΕΙΣ ΤΟΥ Ν.5216/2025 αρθ.44 (ΦΕΚ 118/ τ.Α΄/07/07/2025) ΝΟΣ",094326835,ΑΝΩΝΥΜΗ ΕΙΣΑΓΩΓΙΚΗ ΕΜΠΟΡΙΚΗ ΕΤΑΙΡΕΙΑ ΙΑΤΡΙΚΩΝ ΕΙΔΩΝ ΞΕΝΟΦΩΝ ΓΕΡΜΑΝΟΣ,80.8,,1311β01
6ΙΘΔ4690ΒΩ-ΨΓΘ,2025-11-12,ΠΡΟΜΗΘΕΙΑ ΟΡΘΟΠΕΔΙΚΟΥ ΥΛΙΚΟΥ ΜΕ ΣΥΜΒΑΣΗ (ΣΥΜΒ 526/24 /2024) ΓΙΑ ΤΟ ΜΗΝΑ ΝΟΕΜΒΡΙΟ 2024 ΑΠΑΞ ΠΑΡΑΓΓΕΛΙΑΣ ΣΥΜΦΩΝΑ ΜΕ ΤΙΣ ΔΙΑΤΑΞΕΙΣ ΤΟΥ Ν.5216/2025 αρθ.44 (ΦΕΚ 118/ τ.Α΄/07/07/2025),999307110,ΚΑΛΤΕΚ ΕΜΠΟΡΙΑ ΙΑΤΡΙΚΩΝ ΕΙΔΩΝ ΠΡΟΙΟΝΤΩΝ ΚΑΙ ΜΗΧΑΝΗΜΑΤΩΝ ΜΟΝΟΠΡΟΣΩΠΗ ΑΝΩΝΥΜΗ ΕΤΑΙΡΙΑ,7440.0,,1313β01
ΨΜΣΥ4690ΒΩ-ΑΡ1,2025-11-12,"ΠΡΟΜΗΘΕΙΑ ΥΓΕΙΟΝΟΜΙΚΟΥ ΥΛΙΚΟΥ (ΙΜΑΝΤΕΣ ΠΕΡΙΔΕΣΗΣ ΑΚΡΩΝ), ΜΗΝΟΣ ΔΕΚΕΜΒΡΙΟΥ 2024, ΧΩΡΙΣ ΣΥΜΒΑΣΗ, ΜΕ ΑΠΟΦΑΣΗ ΔΙΟΙΚΗΤΗ 638/24 (ΑΠΟΦΑΣΗ ΔΣ 1/27-3-25 Θ.1 ΓΙΑ ΤΗ EΠΙΚΥΡΩΣΗ ΑΠΟΦΑΣΕΩΝ ΔΙΟΙΚΗΤΗ ΕΤΟΥΣ 2024) ΣΥΜΦΩΝΑ ΜΕ ΤΙΣ ΔΙΑΤΑΞΕΙΣ ΤΟΥ Ν.5216/2025 αρθ.44 (ΦΕΚ 118/ τ.Α΄/07/07/2025) ΝΟΣ",099007886,ΒΙΟΠΡΟΜΗΘΕΥΤΙΚΗ ΑΝΤΙΠΡΟΣΩΠΕΙΑ ΕΙΣΑΓΩΓΗ ΕΜΠΟΡΙΑ ΙΑΤΡΙΚΩΝ ΠΡΟΙΟΝΤΩΝ ΕΤΑΙΡΕΙΑ ΠΕΡΙΟΡΙΣΜΕΝΗΣ  ΕΥΘΥΝΗΣ,135.16,,1311β01
9ΔΞΣ4690ΒΩ-ΣΓΒ,2025-11-12,"ΠΡΟΜΗΘΕΙΑ ΥΓΕΙΟΝΟΜΙΚΟΥ ΥΛΙΚΟΥ (ΧΑΡΤΙΚΑ ΝΕΦΡΟΕΙΔΗ) , ΜΗΝΟΣ ΔΕΚΕΜΒΡΙΟΥ 2024, ΧΩΡΙΣ ΣΥΜΒΑΣΗ, ΜΕ ΑΠΟΦΑΣΗ ΔΙΟΙΚΗΤΗ 710/24 (ΑΠΟΦΑΣΗ ΔΣ 1/27-3-25 Θ.1 ΓΙΑ ΤΗ EΠΙΚΥΡΩΣΗ ΑΠΟΦΑΣΕΩΝ ΔΙΟΙΚΗΤΗ ΕΤΟΥΣ 2024) ΣΥΜΦΩΝΑ ΜΕ ΤΙΣ ΔΙΑΤΑΞΕΙΣ ΤΟΥ Ν.5216/2025 αρθ.44 (ΦΕΚ 118/ τ.Α΄/07/07/2025) ΝΟΣ",093628458,BBD ΝΙΚΟΛΑΟΣ ΛΑΙΝΙΩΤΗΣ ΑΕΒΕ ΠΑΡΑΓΩΓΗ ΕΙΣΑΓΩΓΗ ΚΑΙ ΕΜΠΟΡΙΑ ΥΓΕΙΟΝΟΜΙΚΟΥ ΥΛΙΚΟΥ ΑΝΩΝΥΜΟΣ ΕΜΠΟΡΙΚΗ ΒΙΟΜΗΧΑΝΙΚΗ ΕΤΑΙΡΕΙΑ,1554.96,,1311β01
Ψ41Τ4690ΒΩ-ΗΔΓ,2025-11-12,ΠΡΟΜΗΘΕΙΑ ΟΡΘΟΠΕΔΙΚΟΥ ΥΛΙΚΟΥ ΜΕ ΣΥΜΒΑΣΗ (ΣΥΜΒ 669 /2024) ΓΙΑ ΤΟ ΜΗΝΑ ΔΕΚΕΜΒΡΙΟ 2024 ΑΠΑΞ ΠΑΡΑΓΓΕΛΙΑΣ ΣΥΜΦΩΝΑ ΜΕ ΤΙΣ ΔΙΑΤΑΞΕΙΣ ΤΟΥ Ν.5216/2025 αρθ.44 (ΦΕΚ 118/ τ.Α΄/07/07/2025),998333221,ΠΡΟΗΓΜΕΝΑ ΙΑΤΡΙΚΑ ΠΡΟΙΟΝΤΑ ΚΑΙ ΥΠΗΡΕΣΙΕΣ ΜΟΝΟΠΡΟΣΩΠΗ ΕΤΑΙΡΙΑ ΠΕΡΙΟΡΙΣΜΕΝΗΣ ΕΥΘΥΝΗΣ,3706.85,,1313β01
ΨΖ4Τ4690ΒΩ-Ω4Ξ,2025-11-12,ΠΡΟΜΗΘΕΙΑ ΟΡΘΟΠΕΔΙΚΟΥ ΥΛΙΚΟΥ ΜΕ ΣΥΜΒΑΣΗ (ΣΥΜΒ 670 /2024) ΓΙΑ ΤΟ ΜΗΝΑ ΔΕΚΕΜΒΡΙΟ 2024 ΑΠΑΞ ΠΑΡΑΓΓΕΛΙΑΣ ΣΥΜΦΩΝΑ ΜΕ ΤΙΣ ΔΙΑΤΑΞΕΙΣ ΤΟΥ Ν.5216/2025 αρθ.44 (ΦΕΚ 118/ τ.Α΄/07/07/2025),998333221,ΠΡΟΗΓΜΕΝΑ ΙΑΤΡΙΚΑ ΠΡΟΙΟΝΤΑ ΚΑΙ ΥΠΗΡΕΣΙΕΣ ΜΟΝΟΠΡΟΣΩΠΗ ΕΤΑΙΡΙΑ ΠΕΡΙΟΡΙΣΜΕΝΗΣ ΕΥΘΥΝΗΣ,6164.43,,1313β01
Ψ5Ο34690ΒΩ-Ζ8Ψ,2025-11-12,"ΠΡΟΜΗΘΕΙΑ ΥΓΕΙΟΝΟΜΙΚΟΥ ΥΛΙΚΟΥ ΝΟΣ(ΑΝΑΡΡΟΦΗΣΕΙΣ ΥΓΡΩΝ ΜΕ ΡΥΓΧΟΣ 5,5), ΜΗΝΟΣ ΔΕΚΕΜΒΡΙΟΥ 2024, ΧΩΡΙΣ ΣΥΜΒΑΣΗ, ΜΕ ΑΠΟΦΑΣΗ ΔΣ 45/27-9-24 Θ. 42, ΣΥΜΦΩΝΑ ΜΕ ΤΙΣ ΔΙΑΤΑΞΕΙΣ ΤΟΥ Ν.5216/2025 αρθ.44 (ΦΕΚ 118/ τ.Α΄/07/07/2025)",800777790,INSIDE ΙΑΤΡΙΚΕΣ ΤΕΧΝΟΛΟΓΙΕΣ ΜΟΝΟΠΡΟΣΩΠΗ ΙΚΕ,581.56,,1311β01
Ψ51Ξ4690ΒΩ-61Μ,2025-11-05,ΕΝΤΑΛΜΑ ΠΛΗΡΩΜΗΣ DEVELOPED MEDICAL PRODUCTS SERVICES  LTD (998333221),998333221,DEVELOPED MEDICAL PRODUCTS SERVICES  LTD (998333221),6164.43,,
ΨΧ5Η4690ΒΩ-ΝΒΜ,2025-11-12,"ΠΡΟΜΗΘΕΙΑ ΥΓΕΙΟΝΟΜΙΚΟΥ ΥΛΙΚΟΥ (ΣΕΤ ΚΡΙΚΟΘΥΡΟΤΟΜΗΣ EASY CRIC, ΜΗΝΟΣ ΔΕΚΕΜΒΡΙΟΥ 2024, ΧΩΡΙΣ ΣΥΜΒΑΣΗ, ΜΕ ΑΠΟΦΑΣΗ ΔΙΟΙΚΗΤΗ 603/24, (ΑΠΟΦΑΣΗ ΔΣ 1/27-3-25 Θ.1 ΓΙΑ ΤΗ EΠΙΚΥΡΩΣΗ ΑΠΟΦΑΣΕΩΝ ΔΙΟΙΚΗΤΗ ΕΤΟΥΣ 2024) ΣΥΜΦΩΝΑ ΜΕ ΤΙΣ ΔΙΑΤΑΞΕΙΣ ΤΟΥ Ν.5216/2025 αρθ.44 (ΦΕΚ 118/ τ.Α΄/07/07/2025) ΝΟΣ",094429990,TELEFLEX MEDICAL ΕΛΛΑΣ ΑΝΩΝΥΜΗ ΕΜΠΟΡΙΚΗ ΕΤΑΙΡΕΙΑ,1830.6,,1311β01
6ΜΕΞ4690ΒΩ-5ΜΘ,2025-11-12,ΠΡΟΜΗΘΕΙΑ ΟΡΘΟΠΕΔΙΚΟΥ ΥΛΙΚΟΥ ΜΕ ΣΥΜΒΑΣΗ (ΣΥΜΒ 671/2024) ΓΙΑ ΤΟ ΜΗΝΑ ΔΕΚΕΜΒΡΙΟ 2024 ΑΠΑΞ ΠΑΡΑΓΓΕΛΙΑΣ ΣΥΜΦΩΝΑ ΜΕ ΤΙΣ ΔΙΑΤΑΞΕΙΣ ΤΟΥ Ν.5216/2025 αρθ.44 (ΦΕΚ 118/ τ.Α΄/07/07/2025),998333221,ΠΡΟΗΓΜΕΝΑ ΙΑΤΡΙΚΑ ΠΡΟΙΟΝΤΑ ΚΑΙ ΥΠΗΡΕΣΙΕΣ ΜΟΝΟΠΡΟΣΩΠΗ ΕΤΑΙΡΙΑ ΠΕΡΙΟΡΙΣΜΕΝΗΣ ΕΥΘΥΝΗΣ,3560.18,,1313β01
6ΘΚΗ4690ΒΩ-ΨΙΟ,2025-11-12,ΠΡΟΜΗΘΕΙΑ ΟΡΘΟΠΕΔΙΚΟΥ ΥΛΙΚΟΥ ΜΕ ΣΥΜΒΑΣΗ (ΣΥΜΒ 672 /2024) ΓΙΑ ΤΟ ΜΗΝΑ ΔΕΚΕΜΒΡΙΟ 2024 ΑΠΑΞ ΠΑΡΑΓΓΕΛΙΑΣ ΣΥΜΦΩΝΑ ΜΕ ΤΙΣ ΔΙΑΤΑΞΕΙΣ ΤΟΥ Ν.5216/2025 αρθ.44 (ΦΕΚ 118/ τ.Α΄/07/07/2025),998333221,ΠΡΟΗΓΜΕΝΑ ΙΑΤΡΙΚΑ ΠΡΟΙΟΝΤΑ ΚΑΙ ΥΠΗΡΕΣΙΕΣ ΜΟΝΟΠΡΟΣΩΠΗ ΕΤΑΙΡΙΑ ΠΕΡΙΟΡΙΣΜΕΝΗΣ ΕΥΘΥΝΗΣ,3698.04,,1313β01
9ΞΠΓ4690ΒΩ-Ι4Δ,2025-11-12,"ΠΡΟΜ.ΟΡΘΟΠΕΔ,ΠΡΟΣΘΕΤ.ΚΑΙ ΛΟΙΠΩΝ ΥΛΙΚΩΝ ΑΝΑΠΗΡΩΝ, ΜΗΝΟΣ ΔΕΚΕΜΒΡΙΟΥ 2024, ΧΩΡΙΣ ΣΥΜΒΑΣΗ, ΜΕ ΑΠΟΦΑΣΕΙΣ ΔΙΟΙΚΗΤΗ 568/24, 754/24 & 692/24,(ΑΠΟΦΑΣΗ ΔΣ 1/27-3-25 Θ.1 ΓΙΑ ΤΗ EΠΙΚΥΡΩΣΗ ΑΠΟΦΑΣΕΩΝ ΔΙΟΙΚΗΤΗ ΕΤΟΥΣ 2024), ΣΥΜΦΩΝΑ ΜΕ ΤΙΣ ΔΙΑΤΑΞΕΙΣ ΤΟΥ Ν.5216/2025 αρθ.44 (ΦΕΚ 118/ τ.Α΄/07/07/2025) ΝΟΣ",095548153,Α ΚΑΙ Ε ΜΠΕΚΥΡΑΣ ΑΝΩΝΥΜΗ ΕΤΑΙΡΕΙΑ ΙΑΤΡΙΚΩΝ ΦΑΡΜΑΚΕΥΤΙΚΩΝ ΚΑΙ ΚΑΛΛΥΝΤΙΚΩΝ ΠΡΟΙΟΝΤΩΝ,3612.84,,1313β01
9Ρ5Ε4690ΒΩ-ΡΞ4,2025-11-12,"ΠΡΟΜ.ΟΡΘΟΠΕΔ,ΠΡΟΣΘΕΤ.ΚΑΙ ΛΟΙΠΩΝ ΥΛΙΚΩΝ ΑΝΑΠΗΡΩΝ, ΜΗΝΟΣ ΔΕΚΜΒΡΙΟΥ 2024, ΧΩΡΙΣ ΣΥΜΒΑΣΗ, ΜΕ ΑΠΟΦΑΣΕΙΣ ΔΙΟΙΚΗΤΗ 568/24 & 692/24, (ΑΠΟΦΑΣΗ ΔΣ 1/27-3-25 Θ.1 ΓΙΑ ΤΗ EΠΙΚΥΡΩΣΗ ΑΠΟΦΑΣΕΩΝ ΔΙΟΙΚΗΤΗ ΕΤΟΥΣ 2024) ΣΥΜΦΩΝΑ ΜΕ ΤΙΣ ΔΙΑΤΑΞΕΙΣ ΤΟΥ Ν.5216/2025 αρθ.44 (ΦΕΚ 118/ τ.Α΄/07/07/2025)ΝΟΣ",998333221,ΠΡΟΗΓΜΕΝΑ ΙΑΤΡΙΚΑ ΠΡΟΙΟΝΤΑ ΚΑΙ ΥΠΗΡΕΣΙΕΣ ΜΟΝΟΠΡΟΣΩΠΗ ΕΤΑΙΡΙΑ ΠΕΡΙΟΡΙΣΜΕΝΗΣ ΕΥΘΥΝΗΣ,4242.03,,1313β01
6Υ134690ΒΩ-Μ7Η,2025-11-05,ΕΝΤΑΛΜΑ ΠΛΗΡΩΜΗΣ ZIMMER BIOMET ΕΛΛΑΣ ΜΟΝΟΠΡΟΣΩΠΗ  Α.Ε. (094437885),094437885,ZIMMER BIOMET ΕΛΛΑΣ ΜΟΝΟΠΡΟΣΩΠΗ  Α.Ε. (094437885),3621.88,,
9ΩΡΖ4690ΒΩ-ΘΙΦ,2025-11-12,"ΠΡΟΜΗΘΕΙΑ ΥΓΕΙΟΝΟΜΙΚΟΥ ΥΛΙΚΟΥ (ΚΑΘΕΤΗΡΕΣ ΝΕΦΡΟΣΤΟΜΙΑΣ), ΜΗΝΟΣ ΝΟΕΜΒΡΙΟΥ 2024, ΧΩΡΙΣ ΣΥΜΒΑΣΗ, ΜΕ ΑΠΟΦΑΣΗ ΔΣ 45/27-9-24 Θ.24, ΣΥΜΦΩΝΑ ΜΕ ΤΙΣ ΔΙΑΤΑΞΕΙΣ ΤΟΥ Ν.5216/2025 αρθ.44 (ΦΕΚ 118/ τ.Α΄/07/07/2025) ΝΟΣ",800541285,IMPROVEMED ΕΜΠΟΡΙΑ ΚΑΙ ΔΙΑΘΕΣΗ ΙΑΤΡΙΚΩΝ ΕΙΔΩΝ ΙΔΙΩΤΙΚΗ ΚΕΦΑΛΑΙΟΥΧΙΚΗ ΕΤΑΙΡΙΑ PRIVATE COMPANY,167.81,,1311β01
6Θ344690ΒΩ-48Β,2025-11-12,"ΠΡΟΜΗΘΕΙΑ ΥΓΕΙΟΝΟΜΙΚΟΥ ΥΛΙΚΟΥ (ΣΕΤ ΤΡΟΚΑΡ), ΜΗΝΟΣ ΔΕΚΕΜΒΡΙΟΥ 2024, ΧΩΡΙΣ ΣΥΜΒΑΣΗ, ΜΕ ΑΠΟΦΑΣΗ ΔΙΟΙΚΗΤΗ 606/24, (ΑΠΟΦΑΣΗ ΔΣ 1/27-3-25 Θ.1 ΓΙΑ ΤΗ EΠΙΚΥΡΩΣΗ ΑΠΟΦΑΣΕΩΝ ΔΙΟΙΚΗΤΗ ΕΤΟΥΣ 2024), ΣΥΜΦΩΝΑ ΜΕ ΤΙΣ ΔΙΑΤΑΞΕΙΣ ΤΟΥ Ν.5216/2025 αρθ.44 (ΦΕΚ 118/ τ.Α΄/07/07/2025) ΝΟΣ",094007897,ΚΟΠΕΡ ΦΑΡΜΑΚΟΒΙΟΜΗΧΑΝΙΑΑΝΩΝΥΜΗ ΕΤΑΙΡΕΙΑ,1934.4,,1311β01
9Π104690ΒΩ-85Τ,2025-11-05,ΕΝΤΑΛΜΑ ΠΛΗΡΩΜΗΣ ZIMMER BIOMET ΕΛΛΑΣ ΜΟΝΟΠΡΟΣΩΠΗ  Α.Ε. (094437885),094437885,ZIMMER BIOMET ΕΛΛΑΣ ΜΟΝΟΠΡΟΣΩΠΗ  Α.Ε. (094437885),87.68,,
9Α7Υ4690ΒΩ-47Ω,2025-11-12,"ΠΡΟΜΗΘΕΙΑ ΥΓΕΙΟΝΟΜΙΚΟΥ ΥΛΙΚΟΥ (ΣΚΟΥΦΑΚΙΑ ΛΟΥΣΙΜΑΤΟΣ ΑΣΘΕΝΩΝ, ΤΙΕΜΑΝΝ ΣΙΛΙΚΟΝΗΣ) ΜΗΝΟΣ ΝΟΕΜΒΡΙΟΥ 2024, ΧΩΡΙΣ ΣΥΜΒΑΣΗ, ΜΕ ΑΠΟΦΑΣΗ ΔΙΟΙΚΗΤΗ536/24 (ΑΠΟΦΑΣΗ ΔΣ 1/27-3-25 Θ.1 ΓΙΑ ΤΗ EΠΙΚΥΡΩΣΗ ΑΠΟΦΑΣΕΩΝ ΔΙΟΙΚΗΤΗ ΕΤΟΥΣ 2024) & ΑΠΟΦΑΣΗ ΔΣ 24/22-5- 24 Θ.13, ΣΥΜΦΩΝΑ ΜΕ ΤΙΣ ΔΙΑΤΑΞΕΙΣ ΤΟΥ Ν.5216/2025 αρθ.44 (ΦΕΚ 118/ τ.Α΄/07/07/2025) ΝΟΣ",999324154,ΜΑΡΙΝΑ ΓΕΩΡΓΑΚΗ ΚΑΙ ΣΙΑ ΕΕ,246.24,,1311β01
ΨΞΡΤ4690ΒΩ-ΘΧΖ,2025-11-12,"ΠΡΟΜΗΘΕΙΑ ΥΓΕΙΟΝΟΜΙΚΟΥ ΥΛΙΚΟΥ (ΤΙΕΜΑΝΝ ΣΙΛΙΚΟΝΗΣ), ΜΗΝΟΣ ΔΕΚΕΜΒΡΙΟΥ 2024, ΧΩΡΙΣ ΣΥΜΒΑΣΗ, ΜΕ ΑΠΟΦΑΣΗ ΔΙΟΙΚΗΤΗ 619/24, (ΑΠΟΦΑΣΗ ΔΣ 1/27-3-25 Θ.1 ΓΙΑ ΤΗ EΠΙΚΥΡΩΣΗ ΑΠΟΦΑΣΕΩΝ ΔΙΟΙΚΗΤΗ ΕΤΟΥΣ 2024), ΣΥΜΦΩΝΑ ΜΕ ΤΙΣ ΔΙΑΤΑΞΕΙΣ ΤΟΥ Ν.5216/2025 αρθ.44 (ΦΕΚ 118/ τ.Α΄/07/07/2025) ΝΟΣ",999324154,ΜΑΡΙΝΑ ΓΕΩΡΓΑΚΗ ΚΑΙ ΣΙΑ ΕΕ,604.09,,1311β01
94ΑΕ4690ΒΩ-ΕΛ5,2025-11-12,ΠΡΟΜΗΘΕΙΑ ΥΓΕΙΟΝΟΜΙΚΟΥ ΥΛΙΚΟΥ (ΕΠΙΔΕΣΜΙΚΟΥ ΥΛΙΚΟΥ ) ΜΕ ΣΥΜΒΑΣΗ ΤΟ ΜΗΝΑ ΔΕΚΕΜΒΡΙΟ 2024 (ΣΥΜΒ. 610/2023),999640490,ΔΟΥΡΜΟΥΣΟΓΛΟΥ ΑΝΩΝΥΜΗ ΕΜΠΟΡΙΚΗ ΒΙΟΜΗΧΑΝΙΚΗ ΕΤΑΙΡΕΙΑ ΙΑΤΡΙΚΩΝ ΕΙΔΩΝ,85.88,,1311β01
ΨΚ9Ι4690ΒΩ-ΥΣ3,2025-11-12,ΠΡΟΜΗΘΕΙΑ ΥΓΕΙΟΝΟΜΙΚΟΥ ΥΛΙΚΟΥ (ΙΑΤΡΙΚΑ ΔΙΑΛΥΜΑΤΑ) ΜΕ ΣΥΜΒΑΣΗ ΤΟ ΜΗΝΑ ΔΕΚΕΜΒΡΙΟ 2024 ( ΧΕ 1101/2024 ΣΥΜΒ.18/2023,998283526,MEDIPRIME ΙΑΤΡΟΦΑΡΜΑΚΕΥΤΙΚΩΝ ΕΙΔΩΝ ΑΝΩΝΥΜΗ ΕΜΠΟΡΙΚΗ ΕΤΑΙΡΕΙΑ,590.49,,1311β01
Ψ21Η4690ΒΩ-ΡΑΜ,2025-11-05,ΕΝΤΑΛΜΑ ΠΛΗΡΩΜΗΣ ZIMMER BIOMET ΕΛΛΑΣ ΜΟΝΟΠΡΟΣΩΠΗ  Α.Ε. (094437885),094437885,ZIMMER BIOMET ΕΛΛΑΣ ΜΟΝΟΠΡΟΣΩΠΗ  Α.Ε. (094437885),3325.54,,
9ΓΦΥ4690ΒΩ-320,2025-11-05,ΕΝΤΑΛΜΑ ΠΛΗΡΩΜΗΣ HEALTH TEAM ΙΑΤΡΙΚΑ Ι.Κ.Ε. (800925613),800925613,HEALTH TEAM ΙΑΤΡΙΚΑ Ι.Κ.Ε. (800925613),2895.96,,
ΨΤ4Η4690ΒΩ-ΛΡΘ,2025-11-05,ΕΝΤΑΛΜΑ ΠΛΗΡΩΜΗΣ HEALTH TEAM ΙΑΤΡΙΚΑ Ι.Κ.Ε. (800925613),800925613,HEALTH TEAM ΙΑΤΡΙΚΑ Ι.Κ.Ε. (800925613),1720.99,,
9Κ244690ΒΩ-ΘΤΙ,2025-11-05,ΕΝΤΑΛΜΑ ΠΛΗΡΩΜΗΣ ΠΑΠΑΕΛΛΗΝΑΣ  Α. ΚΩΣΤΑΣ (ΕΛΛΑΣ) Α.Ε.Β.Ε. (094075360),094075360,ΠΑΠΑΕΛΛΗΝΑΣ  Α. ΚΩΣΤΑΣ (ΕΛΛΑΣ) Α.Ε.Β.Ε. (094075360),3946.47,,
9ΚΔ04690ΒΩ-ΖΛΨ,2025-11-05,ΕΝΤΑΛΜΑ ΠΛΗΡΩΜΗΣ ZIMMER BIOMET ΕΛΛΑΣ ΜΟΝΟΠΡΟΣΩΠΗ  Α.Ε. (094437885),094437885,ZIMMER BIOMET ΕΛΛΑΣ ΜΟΝΟΠΡΟΣΩΠΗ  Α.Ε. (094437885),8578.96,,
ΨΦΡΟ4690ΒΩ-5ΕΜ,2025-11-05,ΕΝΤΑΛΜΑ ΠΛΗΡΩΜΗΣ ORTHOPRO IKE (800544160),800544160,ORTHOPRO IKE (800544160),2475.04,,
9ΜΗΘ4690ΒΩ-Ζ3Ν,2025-11-11,"ΠΡΟΜΗΘΕΙΑ ΥΓΕΙΟΝΟΜΙΚΟΥ ΥΛΙΚΟΥ (ΚΑΘΕΤΗΡΕΣ ΑΝΑΡΡΟΦΗΣΗΣ ΘΡΟΜΒΩΝ), ΜΗΝΟΣ ΔΕΚΕΜΒΡΙΟΥ 2024, ΧΩΡΙΣ ΣΥΜΒΑΣΗ, ΜΕ ΑΠΟΦΑΣΗ ΔΙΟΙΚΗΤΗ 756/24 (ΑΠΟΦΑΣΗ ΔΣ 1/27-3-25 Θ.1 ΓΙΑ ΤΗ EΠΙΚΥΡΩΣΗ ΑΠΟΦΑΣΕΩΝ ΔΙΟΙΚΗΤΗ ΕΤΟΥΣ 2024), ΣΥΜΦΩΝΑ ΜΕ ΤΙΣ ΔΙΑΤΑΞΕΙΣ ΤΟΥ Ν.5216/2025 αρθ.44 (ΦΕΚ 118/ τ.Α΄/07/07/2025) ΝΟΣ",998940383,ΥΓΕΙΑΣΗ ΑΝΩΝΥΜΗ ΕΤΑΙΡΕΙΑ ΕΙΣΑΓΩΓΕΣ ΕΞΑΓΩΓΕΣ ΔΙΑΘΕΣΗ ΙΑΤΡΟΤΕΧΝΟΛΟΓΙΚΩΝ ΠΡΟΙΟΝΤΩΝ,427.14,,1311β01
ΨΘΤΙ4690ΒΩ-ΗΩΗ,2025-11-11,"ΠΡΟΜΗΘΕΙΑ ΒΕΛΟΝΩΝ ΕΝΔΟΡΑΧΙΑΙΑΣ ΑΝΑΙΣΘΗΣΙΑΣ, ΜΗΝΟΣ ΔΕΚΕΜΒΡΙΟΥ 2024, ΧΩΡΙΣ ΣΥΜΒΑΣΗ, ΜΕ ΑΠΟΦΑΣΗ ΔΙΟΙΚΗΤΗ 654/24 (ΑΠΟΦΑΣΗ ΔΣ 1/27-3-25 Θ.1 ΓΙΑ ΤΗ EΠΙΚΥΡΩΣΗ ΑΠΟΦΑΣΕΩΝ ΔΙΟΙΚΗΤΗ ΕΤΟΥΣ 2024) ΣΥΜΦΩΝΑ ΜΕ ΤΙΣ ΔΙΑΤΑΞΕΙΣ ΤΟΥ Ν.5216/2025 αρθ.44 (ΦΕΚ 118/ τ.Α΄/07/07/2025) ΝΟΣ",094035927,ΒΙΟΣΕΡ ΑΕ ΒΙΟΜΗΧΑΝΙΑ ΠΑΡΕΝΤΕΡΙΚΩΝ ΔΙΑΛΥΜΑΤΩΝ,745.8,,1311β01
ΨΙ5Κ4690ΒΩ-ΜΗΖ,2025-11-11,"ΔΙΑΣΥΝΔΕΣΗ ΤΟΥ ΠΛΗΡΟΦΟΡΙΑΚΟΥ ΣΥΣΤΗΜΑΤΟΣ ΑΣΚΛΗΠΙΟΣ ΜΕ ΗΔΙΚΑ ΓΙΑ ΤΗ ΣΥΝΤΑΓΟΓΡΑΦΗΣΗ ΠΡΟΦΥΛΑΚΤΙΚΗΣ ΑΓΩΓΗΣ ΓΙΑ ΤΟΝ HIV, ΜΗΝΟΣ ΔΕΚΕΜΒΡΙΟΥ 2024, ΧΩΡΙΣ ΣΥΜΒΑΣΗ, ΜΕ ΑΠΟΦΑΣΗ ΔΙΟΙΚΗΤΗ 586/24 (ΑΠΟΦΑΣΗ ΔΣ 1/27-3-25 Θ.1 ΓΙΑ ΤΗ EΠΙΚΥΡΩΣΗ ΑΠΟΦΑΣΕΩΝ ΔΙΟΙΚΗΤΗ ΕΤΟΥΣ 2024), ΣΥΜΦΩΝΑ ΜΕ ΤΙΣ ΔΙΑΤΑΞΕΙΣ ΤΟΥ Ν.5216/2025 αρθ.44 (ΦΕΚ 118/ τ.Α΄/07/07/2025)",095403136,COMPUTER SOLUTIONS ΑΝΩΝΥΜΗ ΒΙΟΜΗΧΑΝΙΚΗ ΚΑΙ ΕΜΠΟΡΙΚΗ ΕΤΑΙΡΕΙΑ ΠΛΗΡΟΦΟΡΙΚΗΣ,2728.0,,0426β01
6Σ5Λ4690ΒΩ-5ΜΨ,2025-11-11,"ΕΠΙΣΚΕΥΗ K-WIRE GB641R ACCULAN 4, ΜΗΝΟΣ ΔΕΚΕΜΒΡΙΟΥ 2024, ΧΩΡΙΣ ΣΥΜΒΑΣΗ, ΜΕ ΑΠΟΦΑΣΗ ΔΣ 23/16-5-24 Θ.13, ΣΥΜΦΩΝΑ ΜΕ ΤΙΣ ΔΙΑΤΑΞΕΙΣ ΤΟΥ Ν.5216/2025 αρθ.44 (ΦΕΚ 118/ τ.Α΄/07/07/2025) ΝΟΣ",094075360,ΚΩΣΤΑΣ Α ΠΑΠΑΕΛΛΗΝΑΣ ΕΛΛΑΣ ΑΝΩΝΥΜΟΣ ΕΜΠΟΡIΚΗ ΒΙΟΜΗΧΑΝΙΚΗ ΕΤΑΙΡΕΙΑ,2719.32,,0887β01
9Ω634690ΒΩ-ΠΕ3,2025-11-11,"ΠΡΟΜΗΘΕΙΑ ΥΓΕΙΟΝΟΜΙΚΟΥ ΥΛΙΚΟΥ (ΣΩΛΗΝΑΡΙΑ FALCON), ΜΗΝΟΣ ΔΕΚΕΜΒΡΙΟΥ 2024, ΧΩΡΙΣ ΣΥΜΒΑΣΗ, ΜΕ ΑΠΟΦΑΣΗ ΔΙΟΙΚΗΤΗ 579/24 (ΑΠΟΦΑΣΗ ΔΣ 1/27-3-25 Θ.1 ΓΙΑ ΤΗ EΠΙΚΥΡΩΣΗ ΑΠΟΦΑΣΕΩΝ ΔΙΟΙΚΗΤΗ ΕΤΟΥΣ 2024), ΣΥΜΦΩΝΑ ΜΕ ΤΙΣ ΔΙΑΤΑΞΕΙΣ ΤΟΥ Ν.5216/2025 αρθ.44 (ΦΕΚ 118/ τ.Α΄/07/07/2025) ΝΟΣ",084221869,VAKTRO AEBE,458.8,,1311β01
612Κ4690ΒΩ-ΖΙ2,2025-11-11,"ΠΡΟΜΗΘΕΙΑ ΥΓΕΙΟΝΟΜΙΚΟΥ ΥΛΙΚΟΥ (ΑΙΜΟΔΥΝΑΜΙΚΕΣ ΓΑΖΕΣ), ΜΗΝΟΣ ΝΟΕΜΒΡΙΟΥ 2024, ΧΩΡΙΣ ΣΥΜΒΑΣΗ, ΜΕ ΑΠΟΦΑΣΗ ΔΙΟΙΚΗΤΗ 538/24 (ΑΠΟΦΑΣΗ ΔΣ 1/27-3-25 Θ.1 ΓΙΑ ΤΗ EΠΙΚΥΡΩΣΗ ΑΠΟΦΑΣΕΩΝ ΔΙΟΙΚΗΤΗ ΕΤΟΥΣ 2024), ΣΥΜΦΩΝΑ ΜΕ ΤΙΣ ΔΙΑΤΑΞΕΙΣ ΤΟΥ Ν.5216/2025 αρθ.44 (ΦΕΚ 118/ τ.Α΄/07/07/2025) ΝΟΣ",801437479,NEXTGEN MEDICALS ΕΤΕΡΟΡΡΥΘΜΗ ΕΤΑΙΡΕΙΑ,762.75,,1311β01
ΨΥ1Σ4690ΒΩ-ΔΚ7,2025-11-11,ΠΡΟΜΗΘΕΙΑ ΥΓΕΙΟΝΟΜΙΚΟΥ ΥΛΙΚΟΥ (ΜΗ ΧΗΜΙΚΑ ΙΑΤΡΙΚΑ ΑΝΑΛΩΣΙΜΑ ΥΛΙΚΑ ΜΙΑΣ ΧΡΗΣΗΣ ΚΑΙ ΑΙΜΑΤΟΛΟΓΙΚΩΝ ΑΝΑΛΩΣΙΜΩΝ ΥΛΙΚΩΝ) ΓΙΑ ΤΟ ΜΗΝΑ ΝΟΕΜΒΡΙΟ 2023 ΜΕ ΤΗ ΣΥΜΒΑΣΗ 74/2021 (1ο Χ.Ε 554/22),094074824,ΕΛΛΕΝΚΟ ΑΝΩΝΥΜΟΣ ΕΜΠΟΡΙΚΗ  ΕΤΑΙΡΕΙΑ ΙΑΤΡΙΚΩΝ ΕΙΔΩΝ,53.07,,1311β01
Ρ4ΡΒ4690ΒΩ-Υ7Ι,2025-11-11,ΠΡΟΜΗΘΕΙΑ ΑΠΟΛΥΜΑΝΤΙΚΟΥ ΥΛΙΚΟΥ ΜΕ ΣΥΜΒΑΣΗ ΤΟ ΜΗΝΑ ΔΕΚΕΜΒΡΙΟ 2024 (ΣΥΜΒ.218/2023),999685389,ΠΕΤΡΟΣ ΧΑΡ ΚΟΣΜΙΔΗΣ ΚΑΙ ΣΙΑ ΕΕ,1960.82,,1351β01
63ΨΞ4690ΒΩ-ΠΗ1,2025-11-11,"ΠΡΟΜ.ΟΡΘΟΠΕΔ,ΠΡΟΣΘΕΤ.ΚΑΙ ΛΟΙΠΩΝ ΥΛΙΚΩΝ ΑΝΑΠΗΡΩΝ, ΠΡΟΜΗΘΕΙΑ ΟΡΘΟΠΕΔΙΚΟΥ ΥΛΙΚΟΥ ΜΕ ΣΥΜΒΑΣΗ (ΣΥΜΒ 191 /2024) ΓΙΑ ΤΟ ΜΗΝΑ ΔΕΚΕΜΒΡΙΟ 2024 ΑΠΑΞ ΠΑΡΑΓΓΕΛΙΑΣ ΣΥΜΦΩΝΑ ΜΕ ΤΙΣ ΔΙΑΤΑΞΕΙΣ ΤΟΥ Ν.5216/2025 αρθ.44 (ΦΕΚ 118/ τ.Α΄/07/07/2025)ΝΟΣ",998465266,ΙΑΤΡΟΤΕΧΝΟΛΟΓΙΚΑ PS TEAM ΕΤΑΙΡΙΑ ΠΕΡΙΟΡΙΣΜΕΝΗΣ ΕΥΘΥΝΗΣ,2637.12,,1313β01
6ΧΥΔ4690ΒΩ-9ΦΦ,2025-11-11,ΠΡΟΜΗΘΕΙΑ ΟΡΘΟΠΕΔΙΚΟΥ ΥΛΙΚΟΥ ΜΕ ΣΥΜΒΑΣΗ (ΣΥΜΒ 667 /2024) ΓΙΑ ΤΟ ΜΗΝΑ ΔΕΚΕΜΒΡΙΟ 2024 ΑΠΑΞ ΠΑΡΑΓΓΕΛΙΑΣ ΣΥΜΦΩΝΑ ΜΕ ΤΙΣ ΔΙΑΤΑΞΕΙΣ ΤΟΥ Ν.5216/2025 αρθ.44 (ΦΕΚ 118/ τ.Α΄/07/07/2025),094007897,ΚΟΠΕΡ ΦΑΡΜΑΚΟΒΙΟΜΗΧΑΝΙΑΑΝΩΝΥΜΗ ΕΤΑΙΡΕΙΑ,4601.28,,1313β01
ΡΔΓΚ4690ΒΩ-ΘΡ7,2025-11-11,"ΠΡΟΜΗΘΕΙΑ ΥΓΕΙΟΝΟΜΙΚΟΥ ΥΛΙΚΟΥ (ΜΠΑΛΟΝΙ ΔΙΑΣΤΟΛΗΣ), ΜΗΝΟΣ ΔΕΚΕΜΒΡΙΟΥ 2024, ΧΩΡΙΣ ΣΥΜΒΑΣΗ, ΜΕ ΑΠΟΦΑΣΗ ΔΙΟΙΚΗΤΗ 756/24 (ΑΠΟΦΑΣΗ ΔΣ 1/27-3-25 Θ.1 ΓΙΑ ΤΗ EΠΙΚΥΡΩΣΗ ΑΠΟΦΑΣΕΩΝ ΔΙΟΙΚΗΤΗ ΕΤΟΥΣ 2024),ΣΥΜΦΩΝΑ ΜΕ ΤΙΣ ΔΙΑΤΑΞΕΙΣ ΤΟΥ Ν.5216/2025 αρθ.44 (ΦΕΚ 118/ τ.Α΄/07/07/2025) ΝΟΣ",999640490,ΔΟΥΡΜΟΥΣΟΓΛΟΥ ΑΝΩΝΥΜΗ ΕΜΠΟΡΙΚΗ ΒΙΟΜΗΧΑΝΙΚΗ ΕΤΑΙΡΕΙΑ ΙΑΤΡΙΚΩΝ ΕΙΔΩΝ,881.4,,1311β01
ΡΠΘΑ4690ΒΩ-1ΑΕ,2025-11-11,"ΠΡΟΜΗΘΕΙΑ ΥΓΕΙΟΝΟΜΙΚΟΥ ΥΛΙΚΟΥ (ΜΑΣΚΕΣ 3-PLY ΜΕ ΛΑΣΤΙΧΑ), ΜΗΝΟΣ ΔΕΚΕΜΒΡΙΟΥ 2024, ΧΩΡΙΣ ΣΥΜΒΑΣΗ, ΜΕ ΑΠΟΦΑΣΗ ΔΙΟΙΚΗΤΗ 734/24 (ΑΠΟΦΑΣΗ ΔΣ 1/27-3-25 Θ.1 ΓΙΑ ΤΗ EΠΙΚΥΡΩΣΗ ΑΠΟΦΑΣΕΩΝ ΔΙΟΙΚΗΤΗ ΕΤΟΥΣ 2024) ΣΥΜΦΩΝΑ ΜΕ ΤΙΣ ΔΙΑΤΑΞΕΙΣ ΤΟΥ Ν.5216/2025 αρθ.44 (ΦΕΚ 118/ τ.Α΄/07/07/2025)",998179225,MILONAS HEALTH ΙΑΤΡΙΚΑ ΠΡΟΙΟΝΤΑ ΑΝΩΝΥΜΟΣ ΕΤΑΙΡΕΙΑ,534.24,,1311β01
6Μ494690ΒΩ-ΜΨΩ,2025-11-11,ΠΡΟΜΗΘΕΙΑΣ ΟΡΘΟΠΕΔΙΚΟΥ ΥΛΙΚΟΥ ΜΕ ΣΥΜΒΑΣΗ (ΣΥΜ. 665/2024) ΓΙΑ ΤΟΝ ΜΗΝΑ ΔΕΚΕΜΒΡΙΟ 2024 ΣΥΜΦΩΝΑ ΜΕ ΤΙΣ ΔΙΑΤΑΞΕΙΣ ΤΟΥ Ν.5216/2025 αρθ.44 (ΦΕΚ 118/ τ.Α΄/07/07/2025),094007897,ΚΟΠΕΡ ΦΑΡΜΑΚΟΒΙΟΜΗΧΑΝΙΑΑΝΩΝΥΜΗ ΕΤΑΙΡΕΙΑ,2896.03,,1313β01
ΨΦΦΔ4690ΒΩ-ΒΑΔ,2025-11-11,"ΠΡΟΜ.ΟΡΘΟΠΕΔ,ΠΡΟΣΘΕΤ.ΚΑΙ ΛΟΙΠΩΝ ΥΛΙΚΩΝ ΑΝΑΠΗΡΩΝ, ΧΩΡΙΣ ΣΥΜΒΑΣΗ, ΜΕ ΑΠΟΦΑΣΕΙΣ ΔΙΟΙΚΗΤΗ 692/24,754/24(ΑΠΟΦΑΣΗ ΔΣ 1/27-3-25 Θ.1 ΓΙΑ ΤΗ EΠΙΚΥΡΩΣΗ ΑΠΟΦΑΣΕΩΝ ΔΙΟΙΚΗΤΗ ΕΤΟΥΣ 2024), ΣΥΜΦΩΝΑ ΜΕ ΤΙΣ ΔΙΑΤΑΞΕΙΣ ΤΟΥ Ν.5216/2025 αρθ.44 (ΦΕΚ 118/ τ.Α΄/07/07/2025) ΝΟΣ",998465266,ΙΑΤΡΟΤΕΧΝΟΛΟΓΙΚΑ PS TEAM ΕΤΑΙΡΙΑ ΠΕΡΙΟΡΙΣΜΕΝΗΣ ΕΥΘΥΝΗΣ,10306.82,,1313β01
ΨΖΓΟ4690ΒΩ-ΑΕ3,2025-11-11,ΠΡΟΜΗΘΕΙΑ ΟΡΘΟΠΕΔΙΚΟΥ ΥΛΙΚΟΥ ΜΕ ΣΥΜΒΑΣΗ (ΣΥΜ. 617/2024) ΓΙΑ ΤΟΝ ΜΗΝΑ ΔΕΚΕΜΒΡΙΟ 2024 ΣΥΜΦΩΝΑ ΜΕ ΤΙΣ ΔΙΑΤΑΞΕΙΣ ΤΟΥ Ν.5216/2025 αρθ.44 (ΦΕΚ 118/ τ.Α΄/07/07/2025),094007897,ΚΟΠΕΡ ΦΑΡΜΑΚΟΒΙΟΜΗΧΑΝΙΑΑΝΩΝΥΜΗ ΕΤΑΙΡΕΙΑ,9353.46,,1313β01
9ΔΩ64690ΒΩ-ΚΗΓ,2025-11-11,"ΠΡΟΜΗΘΕΙΑ ΥΓΕΙΟΝΟΜΙΚΟΥ ΥΛΙΚΟΥ (ΚΑΝΙΣΤΡΑ, ΣΕΤ ΣΠΟΓΓΟΥ), ΜΗΝΟΣ ΔΕΚΕΜΒΡΙΟΥ 2024, ΧΩΡΙΣ ΣΥΜΒΑΣΗ, ΜΕ ΑΠΟΦΑΣΗ ΔΙΟΙΚΗΤΗ 687/24 (ΑΠΟΦΑΣΗ ΔΣ 1/27-3-25 Θ.1 ΓΙΑ ΤΗ EΠΙΚΥΡΩΣΗ ΑΠΟΦΑΣΕΩΝ ΔΙΟΙΚΗΤΗ ΕΤΟΥΣ 2024), ΣΥΜΦΩΝΑ ΜΕ ΤΙΣ ΔΙΑΤΑΞΕΙΣ ΤΟΥ Ν.5216/2025 αρθ.44 (ΦΕΚ 118/ τ.Α΄/07/07/2025) ΝΟΣ",082525697,ΑΝΑΣΤΑΣΙΟΣ ΜΑΥΡΟΓΕΝΗΣ ΙΑΤΡΟΤΕΧΝΟΛΟΓΙΚΑ ΕΙΔΗ ΑΝΩΝΥΜΗ ΕΤΑΙΡΕΙΑ,4232.58,,1311β01
9ΒΨΧ4690ΒΩ-ΝΔΖ,2025-11-11,"ΠΡΟΜΗΘΕΙΑ ΒΙΒΛΙΟΥ ΑΛΛΗΛΟΓΡΑΦΙΑΣ, ΜΠΛΟΚ ΣΥΝΤΑΓΩΝ, ΦΑΚΕΛΩΝ, ΜΗΝΟΣ ΔΕΚΕΜΒΡΙΟΥ 2024, ΧΩΡΙΣ ΣΥΜΒΑΣΗ, ΜΕ ΑΠΟΦΑΣΕΙΣ ΔΣ 45/27-9-24 Θ.46 & 34/8-8-24 Θ.41, ΣΥΜΦΩΝΑ ΜΕ ΤΙΣ ΔΙΑΤΑΞΕΙΣ ΤΟΥ Ν.5216/2025 αρθ.44 (ΦΕΚ 118/ τ.Α΄/07/07/2025) ΝΟΣ",081576638,ΕΜΜΑΝΟΥΗΛ  Γ ΛΑΒΔΑΚΗΣ  ΟΕ,346.21,,1293β01
ΨΓΑΘ4690ΒΩ-ΞΩΙ,2025-11-11,"ΠΡΟΜ.ΟΡΘΟΠΕΔ,ΠΡΟΣΘΕΤ.ΚΑΙ ΛΟΙΠΩΝ ΥΛΙΚΩΝ ΑΝΑΠΗΡΩΝ, ΠΡΟΜΗΘΕΙΑ ΟΡΘΟΠΕΔΙΚΟΥ ΥΛΙΚΟΥ ΜΕ ΣΥΜΒΑΣΗ (ΣΥΜΒ 717 /2024) ΓΙΑ ΤΟ ΜΗΝΑ ΔΕΚΕΜΒΡΙΟ 2024 ΑΠΑΞ ΠΑΡΑΓΓΕΛΙΑΣ ΣΥΜΦΩΝΑ ΜΕ ΤΙΣ ΔΙΑΤΑΞΕΙΣ ΤΟΥ Ν.5216/2025 αρθ.44 (ΦΕΚ 118/ τ.Α΄/07/07/2025)ΝΟΣ",998465266,ΙΑΤΡΟΤΕΧΝΟΛΟΓΙΚΑ PS TEAM ΕΤΑΙΡΙΑ ΠΕΡΙΟΡΙΣΜΕΝΗΣ ΕΥΘΥΝΗΣ,17683.96,,1313β01
6ΝΦΝ4690ΒΩ-ΛΒ8,2025-11-11,"ΠΡΟΜ.ΟΡΘΟΠΕΔ,ΠΡΟΣΘΕΤ.ΚΑΙ ΛΟΙΠΩΝ ΥΛΙΚΩΝ ΑΝΑΠΗΡΩΝ, ΠΡΟΜΗΘΕΙΑ ΟΡΘΟΠΕΔΙΚΟΥ ΥΛΙΚΟΥ ΜΕ ΣΥΜΒΑΣΗ (ΣΥΜΒ 677 /2024) ΓΙΑ ΤΟ ΜΗΝΑ ΔΕΚΕΜΒΡΙΟ 2024 ΑΠΑΞ ΠΑΡΑΓΓΕΛΙΑΣ ΣΥΜΦΩΝΑ ΜΕ ΤΙΣ ΔΙΑΤΑΞΕΙΣ ΤΟΥ Ν.5216/2025 αρθ.44 (ΦΕΚ 118/ τ.Α΄/07/07/2025)ΝΟΣ",998465266,ΙΑΤΡΟΤΕΧΝΟΛΟΓΙΚΑ PS TEAM ΕΤΑΙΡΙΑ ΠΕΡΙΟΡΙΣΜΕΝΗΣ ΕΥΘΥΝΗΣ,15056.8,,1313β01
9ΩΝ34690ΒΩ-ΡΞ4,2025-11-11,"ΠΡΟΜ.ΟΡΘΟΠΕΔ,ΠΡΟΣΘΕΤ.ΚΑΙ ΛΟΙΠΩΝ ΥΛΙΚΩΝ ΑΝΑΠΗΡΩΝ, ΠΡΟΜΗΘΕΙΑ ΟΡΘΟΠΕΔΙΚΟΥ ΥΛΙΚΟΥ ΜΕ ΣΥΜΒΑΣΗ (ΣΥΜΒ 720 /2024) ΓΙΑ ΤΟ ΜΗΝΑ ΔΕΚΕΜΒΡΙΟ 2024 ΑΠΑΞ ΠΑΡΑΓΓΕΛΙΑΣ ΣΥΜΦΩΝΑ ΜΕ ΤΙΣ ΔΙΑΤΑΞΕΙΣ ΤΟΥ Ν.5216/2025 αρθ.44 (ΦΕΚ 118/ τ.Α΄/07/07/2025)ΝΟΣ",998465266,ΙΑΤΡΟΤΕΧΝΟΛΟΓΙΚΑ PS TEAM ΕΤΑΙΡΙΑ ΠΕΡΙΟΡΙΣΜΕΝΗΣ ΕΥΘΥΝΗΣ,10728.42,,1313β01
9ΨΗ54690ΒΩ-Τ8Β,2025-11-11,"ΠΡΟΜΗΘΕΙΑ ΡΑΜΜΑΤΩΝ Νο 2/0, ΜΗΝΟΣ ΔΕΚΕΜΒΡΙΟΥ 2024, ΧΩΡΙΣ ΣΥΜΒΑΣΗ, ΜΕ ΑΠΟΦΑΣΗ ΔΣ 45/27-9-24 Θ.36, ΣΥΜΦΩΝΑ ΜΕ ΤΙΣ ΔΙΑΤΑΞΕΙΣ ΤΟΥ Ν.5216/2025 αρθ.44 (ΦΕΚ 118/ τ.Α΄/07/07/2025) ΝΟ",998413964,ΑΤΛΑΣ ΜΕΝΤΙΚΑΛ ΕΜΠΟΡΙΑ ΙΑΤΡΟΦΑΡΜΑΚΕΥΤΙΚΩΝ ΚΑΙ ΙΑΤΡΟΤΕΧΝΟΛΟΓΙΚΩΝ ΕΙΔΩΝ ΑΝΩΝΥΜΗ ΕΤΑΙΡΕΙΑ,122.04,,1311β01
96Ω84690ΒΩ-4Δ2,2025-11-11,"ΠΡΟΜ.ΟΡΘΟΠΕΔ,ΠΡΟΣΘΕΤ.ΚΑΙ ΛΟΙΠΩΝ ΥΛΙΚΩΝ ΑΝΑΠΗΡΩΝ, ΠΡΟΜΗΘΕΙΑ ΟΡΘΟΠΕΔΙΚΟΥ ΥΛΙΚΟΥ ΜΕ ΣΥΜΒΑΣΗ (ΣΥΜΒ 758 /2024) ΓΙΑ ΤΟ ΜΗΝΑ ΔΕΚΕΜΒΡΙΟ 2024 ΑΠΑΞ ΠΑΡΑΓΓΕΛΙΑΣ ΣΥΜΦΩΝΑ ΜΕ ΤΙΣ ΔΙΑΤΑΞΕΙΣ ΤΟΥ Ν.5216/2025 αρθ.44 (ΦΕΚ 118/ τ.Α΄/07/07/2025)ΝΟΣ",998465266,ΙΑΤΡΟΤΕΧΝΟΛΟΓΙΚΑ PS TEAM ΕΤΑΙΡΙΑ ΠΕΡΙΟΡΙΣΜΕΝΗΣ ΕΥΘΥΝΗΣ,13201.48,,1313β01
9Ω6Η4690ΒΩ-ΗΕΕ,2025-11-11,"ΠΡΟΜΗΘΕΙΑ ΧΕΙΡΟΥΡΓΙΚΩΝ ΡΑΜΜΑΤΩΝ, ΜΗΝΟΣ ΔΕΚΕΜΒΡΙΟΥ 2024, ΧΩΡΙΣ ΣΥΜΒΑΣΗ, ΜΕ ΑΠΟΦΑΣΗ ΔΣ 25/30-5-24 Θ.18, ΣΥΜΦΩΝΑ ΜΕ ΤΙΣ ΔΙΑΤΑΞΕΙΣ ΤΟΥ Ν.5216/2025 αρθ.44 (ΦΕΚ 118/ τ.Α΄/07/07/2025) ΝΟΣ",099853415,ΑΛΑΦΟΥΖΟΥ ΑΜΑΛΙΑ ΑΛΑΦΟΥΖΟΥ ΜΑΡΙΑ ΟΕ,290.87,,1311β01
ΨΕΕΒ4690ΒΩ-ΦΝΑ,2025-11-11,"ΠΡΟΜ.ΕΙΔ.ΣΥΝΤ-ΕΠΙΣΚΕΥΗΣ ΛΟΙΠΩΝ ΜΟΝΙΜΩΝ ΕΓΚ/ΩΝ (ΦΙΛΤΡΟ & ΠΡΟΦΙΛΤΡΟ ΤΥΠΟΥ AAF), ΜΗΝΟΣ ΔΕΚΕΜΒΡΙΟΥ 2024, ΧΩΡΙΣ ΣΥΜΒΑΣΗ, ΜΕ ΑΠΟΦΑΣΗ ΔΣ 34/8-8-24 Θ.21, ΣΥΜΦΩΝΑ ΜΕ ΤΙΣ ΔΙΑΤΑΞΕΙΣ ΤΟΥ Ν.5216/2025 αρθ.44 (ΦΕΚ 118/ τ.Α΄/07/07/2025) ΝΟΣ",095076540,ΑΑF ΕΛΕΓΧΟΥ ΠΕΡΙΒΑΛΛΟΝΤΟΣ ΜΟΝΟΠΡΟΣΩΠΗ ΕΠΕ,1681.44,,1429β01
6Θ0Π4690ΒΩ-ΕΙ1,2025-11-11,"ΠΡΟΜΗΘΕΙΑ ΥΓΕΙΟΝΟΜΙΚΟΥ ΥΛΙΚΟΥ (CR GENERAL CASSETE, CR GENERAL PLATE), ΜΗΝΟΣ ΔΕΚΕΜΒΡΙΟΥ 2025, ΧΩΡΙΣ ΣΥΝΒΑΣΗ, ΜΕ ΑΠΟΦΑΣΗ ΔΣ 45/27-9-24 Θ.6, ΣΥΜΦΩΝΑ ΜΕ ΤΙΣ ΔΙΑΤΑΞΕΙΣ ΤΟΥ Ν.5216/2025 αρθ.44 (ΦΕΚ 118/ τ.Α΄/07/07/2025) ΝΟΣ",094025805,ΑΓΚΦΑ  ΓΚΕΒΕΡΤ  ΜΟΝΟΠΡΟΣΩΠΗ  ΑΝΩΝΥΜΟΣ   ΕΜΠΟΡΙΚΗ ΚΑΙ  ΒΙΟΜΗΧΑΝΙΚΗ  ΕΤΑΙΡΕΙΑ,1537.6,,1311β01
95ΗΞ4690ΒΩ-76Ψ,2025-11-11,"ΠΡΟΜΗΘΕΙΑ ΥΓΕΙΟΝΟΜΙΚΟΥ ΥΛΙΚΟΥ ( ΜΠΑΛΟΝΙΑ ΑΓΓΕΙΟΠΛΑΣΤΙΚΗΣ), ΜΗΝΟΣ ΔΕΚΕΜΒΡΙΟΥ 2024, ΧΩΡΙΣ ΣΥΜΒΑΣΗ, ΜΕ ΑΠΟΦΑΣΗ ΔΙΟΙΚΗΤΗ 756/24 (ΑΠΟΦΑΣΗ ΔΣ 1/27-3-25 Θ.1 ΓΙΑ ΤΗ EΠΙΚΥΡΩΣΗ ΑΠΟΦΑΣΕΩΝ ΔΙΟΙΚΗΤΗ ΕΤΟΥΣ 2024) ΣΥΜΦΩΝΑ ΜΕ ΤΙΣ ΔΙΑΤΑΞΕΙΣ ΤΟΥ Ν.5216/2025 αρθ.44 (ΦΕΚ 118/ τ.Α΄/07/07/2025) ΝΟΣ",800662220,ANAMEDIS IKE,2000.1,,1311β01
6Ι7Μ4690ΒΩ-ΣΕΨ,2025-11-11,"ΠΡΟΜΗΘΕΙΑ ΥΓΕΙΟΝΟΜΙΚΟΥ ΥΛΙΚΟΥ (ΣΥΣΚΕΥΕΣ ΕΞΩΤΕΡΙΚΗΣ ΑΙΜΟΣΤΑΤΙΚΗΣ ΠΙΕΣΗΣ), ΜΗΝΟΣ ΔΕΚΕΜΒΡΙΟΥ 2024, ΧΩΡΙΣ ΣΥΜΒΑΣΗ, ΜΕ ΑΠΟΦΑΣΗ ΔΙΟΙΚΗΤΗ 640/24, (ΑΠΟΦΑΣΗ ΔΣ 1/27-3-25 Θ.1 ΓΙΑ ΤΗ EΠΙΚΥΡΩΣΗ ΑΠΟΦΑΣΕΩΝ ΔΙΟΙΚΗΤΗ ΕΤΟΥΣ 2024), ΣΥΜΦΩΝΑ ΜΕ ΤΙΣ ΔΙΑΤΑΞΕΙΣ ΤΟΥ Ν.5216/2025 αρθ.44 (ΦΕΚ 118/ τ.Α΄/07/07/2025) ΝΟΣ",997673950,SCIBA ΑΝΩΝΥΜΗ ΕΙΣΑΓΩΓΙΚΗ ΕΞΑΓΩΓΙΚΗ ΕΤΑΙΡΕΙΑ ΕΙΔΩΝ ΚΑΙ ΥΠΗΡΕΣΙΩΝ ΥΓΕΙΑΣ,2074.27,,1311β01
9ΒΣΓ4690ΒΩ-8ΡΙ,2025-11-11,"ΠΡΟΜ.ΟΡΘΟΠΕΔ,ΠΡΟΣΘΕΤ.ΚΑΙ ΛΟΙΠΩΝ ΥΛΙΚΩΝ ΑΝΑΠΗΡΩΝ, ΠΡΟΜΗΘΕΙΑ ΟΡΘΟΠΕΔΙΚΟΥ ΥΛΙΚΟΥ ΜΕ ΣΥΜΒΑΣΗ (ΣΥΜΒ 718 /2024) ΓΙΑ ΤΟ ΜΗΝΑ ΔΕΚΕΜΒΡΙΟ 2024 ΑΠΑΞ ΠΑΡΑΓΓΕΛΙΑΣ ΣΥΜΦΩΝΑ ΜΕ ΤΙΣ ΔΙΑΤΑΞΕΙΣ ΤΟΥ Ν.5216/2025 αρθ.44 (ΦΕΚ 118/ τ.Α΄/07/07/2025)ΝΟΣ",998465266,ΙΑΤΡΟΤΕΧΝΟΛΟΓΙΚΑ PS TEAM ΕΤΑΙΡΙΑ ΠΕΡΙΟΡΙΣΜΕΝΗΣ ΕΥΘΥΝΗΣ,8567.92,,1313β01
9Λ8Λ4690ΒΩ-ΡΟ6,2025-11-11,"ΑΙΤΙΟΛΟΓΙΑ : ΠΡΟΜΗΘΕΙΑ ΥΓΕΙΟΝΟΜΙΚΟΥ ΥΛΙΚΟΥΜΕ ΣΥΜΒΑΣΗ (ΣΥΜ.608/2024) ΓΙΑ ΤΟ  ΜΗΝΑ  ΔΕΚΕΜΒΡΙΟ 2024, ΣΥΜΦΩΝΑ ΜΕ ΤΙΣ ΔΙΑΤΑΞΕΙΣ ΤΟΥ Ν.5216/2025 αρθ.44  (ΦΕΚ 118/ τ.Α΄/07/07/2025",094356041,ΙΝΕΞ ΑΝΩΝΥΜΗ ΕΜΠΟΡΙΚΗ ΕΤΑΙΡ ΙΑΤΡΙΚΩΝ ΝΟΣΟΚΟΜΕΙΑΚ ΕΙΔΩΝ,949.2,,1311β01
ΨΕΓΕ4690ΒΩ-Π38,2025-11-11,ΠΡΟΜΗΘΕΙΑ  ΟΡΘΟΠΕΔΙΚΟΥ ΥΛΙΚΟΥ  ΠΡΟΣΘΕΤΩΝ   ΚΑΙ ΛΟΙΠΩΝ ΥΛΙΚΩΝ ΝΟΣΟΚΟΜΕΙΟΥ ΓΙΑ ΤΟΝ ΜΗΝΑ  ΔΕΚΕΜΒΡΙΟ  2024 ΜΕ ΣΥΜΒΑΣΗ (ΣΥΜΒ.664/24)ΣΥΜΦΩΝΑ ΜΕ ΤΙΣ ΔΙΑΤΑΞΕΙΣ ΤΟΥ Ν.5216/2025 αρθ.44  (ΦΕΚ 118/ τ.Α΄/07/07/2025),094007897,ΚΟΠΕΡ ΦΑΡΜΑΚΟΒΙΟΜΗΧΑΝΙΑΑΝΩΝΥΜΗ ΕΤΑΙΡΕΙΑ,4052.14,,1313β01
948Χ4690ΒΩ-ΚΗΡ,2025-11-11,ΠΡΟΜΗΘΕΙΑ ΥΓΕΙΟΝΟΜΙΚΟΥ ΥΛΙΚΟΥ ΜΕ ΣΥΜΒΑΣΗ  (ΓΑΝΤΙΑ ΝΙΤΡΙΛΙΟΥ )  ( ΧΕ 2212/2025 ΣΥΜ.16/2024) ΓΙΑ ΤΟ  ΜΗΝΑ  ΔΕΚΕΜΒΡΙΟ 2024,094356041,ΙΝΕΞ ΑΝΩΝΥΜΗ ΕΜΠΟΡΙΚΗ ΕΤΑΙΡ ΙΑΤΡΙΚΩΝ ΝΟΣΟΚΟΜΕΙΑΚ ΕΙΔΩΝ,6928.16,,1311β01
Ψ84Σ4690ΒΩ-11Ν,2025-11-11,ΠΡΟΜΗΘΕΙΑ  ΟΡΘΟΠΕΔΙΚΟΥ ΥΛΙΚΟΥ  ΠΡΟΣΘΕΤΩΝ   ΚΑΙ ΛΟΙΠΩΝ ΥΛΙΚΩΝ ΝΟΣΟΚΟΜΕΙΟΥ ΓΙΑ ΤΟΝ ΜΗΝΑ  ΔΕΚΕΜΒΡΙΟ 2024 ΜΕ ΣΥΜΒΑΣΗ (ΣΥΜΒ.705/24) ΣΥΜΦΩΝΑ ΜΕ ΤΙΣ ΔΙΑΤΑΞΕΙΣ ΤΟΥ Ν.5216/2025 αρθ.44  (ΦΕΚ 118/ τ.Α΄/07/07/2025),094007897,ΚΟΠΕΡ ΦΑΡΜΑΚΟΒΙΟΜΗΧΑΝΙΑΑΝΩΝΥΜΗ ΕΤΑΙΡΕΙΑ,3037.44,,1313β01
92Ρ34690ΒΩ-0ΡΟ,2025-11-11,ΠΡΟΜΗΘΕΙΑΣ ΟΡΘΟΠΕΔΙΚΟΥ ΥΛΙΚΟΥ ΜΕ ΣΥΜΒΑΣΗ (ΣΥΜ. 707/2024) ΓΙΑ ΤΟΝ ΜΗΝΑ ΔΕΚΕΜΒΡΙΟ 2024 ΣΥΜΦΩΝΑ ΜΕ ΤΙΣ ΔΙΑΤΑΞΕΙΣ ΤΟΥ Ν.5216/2025 αρθ.44 (ΦΕΚ 118/ τ.Α΄/07/07/2025),094007897,ΚΟΠΕΡ ΦΑΡΜΑΚΟΒΙΟΜΗΧΑΝΙΑΑΝΩΝΥΜΗ ΕΤΑΙΡΕΙΑ,2938.45,,1313β01
62ΛΟ4690ΒΩ-Φ5Π,2025-11-11,ΠΡΟΜΗΘΕΙΑ ΥΓΕΙΟΝΟΜΙΚΟΥ ΥΛΙΚΟΥ  (ΥΛΙΚΩΝ ΑΙΜΟΔΥΝΑΜΙΚΟΥ: Α) ΥΛΙΚΩΝ ΑΓΓΕΙΟΓΡΑΦΙΑΣ ΚΑΙ Β) ΑΓΓΕΙΑΚΩΝ ΠΡΟΘΕΣΕΩΝ )ΜΕ ΣΥΜΒΑΣΗ ΤΟΥΣ ΜΗΝΑ   ΔΕΚΕΜΒΡΙΟ 2024 (ΧΕ 2766/24 ΣΥΜΒ. 205/2023),095367968,MEDICARE HELLAS ΑΝΩΝΥΜΗ ΕΤΑΙΡΕΙΑ ΕΜΠΟΡΙΑΣ ΝΟΣΟΚΟΜΕΙΑΚΩΝ ΕΙΔΩΝ,1913.09,,1311β01
6Σ934690ΒΩ-ΤΜΝ,2025-11-11,ΠΡΟΜΗΘΕΙΑ ΥΓΕΙΟΝΟΜΙΚΟΥ ΥΛΙΚΟΥ  (ΣΩΛΗΝΑΡΙΑ ΑΙΜΑΤΟΣ ) ΜΕ ΣΥΜΒΑΣΗ ΤΟ ΜΗΝΑ  ΔΕΚΕΜΒΡΙΟ  2024 (ΣΥΜΒ. ΧΕ 2210/25 533 /2024)ΣΥΜΦΩΝΑ ΜΕ ΤΙΣ ΔΙΑΤΑΞΕΙΣ ΤΟΥ Ν.5216/2025 αρθ.44  (ΦΕΚ 118/ τ.Α΄/07/07/2025),800738217,ΠΗΓΑΣΟΣ ΙΑΤΡΙΚΟΣ ΚΑΙ ΕΠΙΣΤΗΜΟΝΙΚΟΣ ΕΞΟΠΛΙΣΜΟΣ ΑΝΩΝΥΜΗ ΕΤΑΙΡΕΙΑ,2126.6,,1311β01
913Θ4690ΒΩ-ΓΟ6,2025-11-11,ΠΡΟΜΗΘΕΙΑ ΥΓΕΙΟΝΟΜΙΚΟΥ ΥΛΙΚΟΥ  (ΦΙΛΤΡΑ ΑΙΜΟΚΑΘΑΡΣΗΣ ) ΜΕ ΣΥΜΒΑΣΗ ΓΙΑ ΤΟ ΜΗΝΑ  ΔΕΚΕΜΒΡΙΟ 2024,998283526,MEDIPRIME ΙΑΤΡΟΦΑΡΜΑΚΕΥΤΙΚΩΝ ΕΙΔΩΝ ΑΝΩΝΥΜΗ ΕΜΠΟΡΙΚΗ ΕΤΑΙΡΕΙΑ,8013.6,,1311β01
Ρ76Φ4690ΒΩ-ΜΨΜ,2025-11-11,"ΠΡΟΜΗΘΕΙΑ ΛΟΙΠΟΥ ΧΗΜΙΚΟΥ ΥΛΙΚΟΥ (ΠΡΟΓΕΜΙΣΜΕΝΑ ΜΕ ΦΟΡΜΟΛΗ ΔΟΧΕΙΑ ΒΙΟΨΙΩΝ), ΜΗΝΟΣ ΔΕΚΕΜΒΡΙΟΥ 2024, ΧΩΡΙΣ ΣΥΜΒΑΣΗ, ΜΕ ΑΠΟΦΑΣΗ ΔΙΟΙΚΗΤΗ 736/24 (ΑΠΟΦΑΣΗ ΔΣ 1/27-3-25 Θ.1 ΓΙΑ ΤΗ EΠΙΚΥΡΩΣΗ ΑΠΟΦΑΣΕΩΝ ΔΙΟΙΚΗΤΗ ΕΤΟΥΣ 2024), ΣΥΜΦΩΝΑ ΜΕ ΤΙΣ ΔΙΑΤΑΞΕΙΣ ΤΟΥ Ν.5216/2025 αρθ.44 (ΦΕΚ 118/ τ.Α΄/07/07/2025) ΝΟΣ",095341314,ΔΙΑΓΝΩΣΤΙΚΑ ΧΗΜΙΚΗ ΟΡΓΑΝΟΛΟΓΙΑ ΑΝΩΝΥΜΗ ΕΤΑΙΡΙΑ,381.92,,1359β01
Ψ2Α24690ΒΩ-Τ61,2025-11-11,"ΠΡΟΜΗΘΕΙΑ ΥΓΕΙΟΝΟΜΙΚΟΥ ΥΛΙΚΟΥ (ΒΕΛΟΝΕΣ ΙΝΣΟΥΛΙΝΗΣ ΜΙΑΣ ΧΡΗΣΗΣ), ΜΗΝΟΣ ΔΕΚΕΜΒΡΙΟΥ 2024, ΧΩΡΙΣ ΣΥΜΒΑΣΗ, ΜΕ ΑΠΟΦΑΣΗ ΔΙΟΙΚΗΤΗ 688/24 (ΑΠΟΦΑΣΗ ΔΣ 1/27-3-25 Θ.1 ΓΙΑ ΤΗ EΠΙΚΥΡΩΣΗ ΑΠΟΦΑΣΕΩΝ ΔΙΟΙΚΗΤΗ ΕΤΟΥΣ 2024), ΣΥΜΦΩΝΑ ΜΕ ΤΙΣ ΔΙΑΤΑΞΕΙΣ ΤΟΥ Ν.5216/2025 αρθ.44 (ΦΕΚ 118/ τ.Α΄/07/07/2025)",068799772,"ΜΠΟΥΤΖΕΤΗ,,ΕΥΑΝΘΙΑ,ΜΙΧΑΗΛ",1240.74,,1311β01
ΨΣ424690ΒΩ-4ΔΛ,2025-11-11,ΠΡΟΜΗΘΕΙΑ ΟΡΘΟΠΕΔΙΚΟΥ ΥΛΙΚΟΥ ΠΡΟΣΘΕΤΩΝ ΚΑΙ ΛΟΙΠΩΝ ΥΛΙΚΩΝ ΝΟΣΟΚΟΜΕΙΟΥ ΓΙΑ ΤΟΝ ΜΗΝΑ ΔΕΚΕΜΒΡΙΟ 2024 ΜΕ ΣΥΜΒΑΣΗ (ΣΥΜΒ.613/24) ΣΥΜΦΩΝΑ ΜΕ ΤΙΣ ΔΙΑΤΑΞΕΙΣ ΤΟΥ Ν.5216/2025 αρθ.44 (ΦΕΚ 118/ τ.Α΄/07/07/2025),094007897,ΚΟΠΕΡ ΦΑΡΜΑΚΟΒΙΟΜΗΧΑΝΙΑΑΝΩΝΥΜΗ ΕΤΑΙΡΕΙΑ,6915.6,,1313β01
92ΛΤ4690ΒΩ-3Ν3,2025-11-11,ΠΡΟΜΗΘΕΙΑ ΑΠΟΛΥΜΑΝΤΙΚΟΥ ΥΛΙΚΟΥ ΜΕ ΣΥΜΒΑΣΗ ΤΟ ΜΗΝΑ ΝΟΕΜΒΡΙΟ 2024 ( ΧΕ 1199/2024 ΣΥΜΒ.220/2023),999961120,MEDIC PLAN HEALTH PROJECT ΑΝΩΝΥΜΗ ΕΤΑΙΡΙΑ,2480.0,,1351β01
ΨΡΣΙ4690ΒΩ-ΑΘΜ,2025-11-06,ΕΝΤΑΛΜΑ ΠΛΗΡΩΜΗΣ SIEMENS HEALTHINEERS ΕΛΛΑΣ ΜΟΝΟΠΡΟΣΩΠΗ Α.Ε. (094456875),094456875,SIEMENS HEALTHINEERS ΕΛΛΑΣ ΜΟΝΟΠΡΟΣΩΠΗ Α.Ε. (094456875),4583.44,,
941Τ4690ΒΩ-ΓΓΚ,2025-11-06,ΕΝΤΑΛΜΑ ΠΛΗΡΩΜΗΣ ΒΑΡΕΛΑΣ Α.Ε. (094047060),094047060,ΒΑΡΕΛΑΣ Α.Ε. (094047060),763.2,,
6Γ4Ι4690ΒΩ-ΩΒΧ,2025-11-05,ΕΝΤΑΛΜΑ ΠΛΗΡΩΜΗΣ ΚΥΡΙΑΚΙΔΗΣ Ι.Μ. Α.Ε. (094128820),094128820,ΚΥΡΙΑΚΙΔΗΣ Ι.Μ. Α.Ε. (094128820),148.4,,
ΨΥΥΥ4690ΒΩ-Λ49,2025-11-06,ΕΝΤΑΛΜΑ ΠΛΗΡΩΜΗΣ ΓΕΝΙΚΗ ΧΗΜΙΚΩΝ ΠΡΟΙΟΝΤΩΝ Α.Ε. (094133588),094133588,ΓΕΝΙΚΗ ΧΗΜΙΚΩΝ ΠΡΟΙΟΝΤΩΝ Α.Ε. (094133588),3023.06,,
9ΒΒΤ4690ΒΩ-ΧΒΩ,2025-11-06,ΕΝΤΑΛΜΑ ΠΛΗΡΩΜΗΣ ΓΕΝΙΚΗ ΧΗΜΙΚΩΝ ΠΡΟΙΟΝΤΩΝ Α.Ε. (094133588),094133588,ΓΕΝΙΚΗ ΧΗΜΙΚΩΝ ΠΡΟΙΟΝΤΩΝ Α.Ε. (094133588),3023.06,,
ΨΒΙΑ4690ΒΩ-ΚΚ5,2025-11-06,ΕΝΤΑΛΜΑ ΠΛΗΡΩΜΗΣ ΓΕΝΙΚΗ ΧΗΜΙΚΩΝ ΠΡΟΙΟΝΤΩΝ Α.Ε. (094133588),094133588,ΓΕΝΙΚΗ ΧΗΜΙΚΩΝ ΠΡΟΙΟΝΤΩΝ Α.Ε. (094133588),3023.06,,
Ρ5Γ64690ΒΩ-4Τ7,2025-11-06,ΕΝΤΑΛΜΑ ΠΛΗΡΩΜΗΣ ΑΡΗΤΗ Α.Ε (094251753),094251753,ΑΡΗΤΗ Α.Ε (094251753),6054.72,,
Ρ9614690ΒΩ-Μ21,2025-11-06,ΕΝΤΑΛΜΑ ΠΛΗΡΩΜΗΣ ΒΕΡΜΑ ΝΤΡΑΓΚΣ Α.Β.Ε.Ε. (099363426),099363426,ΒΕΡΜΑ ΝΤΡΑΓΚΣ Α.Β.Ε.Ε. (099363426),5045.6,,
Ρ7Ζ34690ΒΩ-7ΣΡ,2025-11-06,ΕΝΤΑΛΜΑ ΠΛΗΡΩΜΗΣ ΓΕΝΙΚΗ ΧΗΜΙΚΩΝ ΠΡΟΙΟΝΤΩΝ Α.Ε. (094133588),094133588,ΓΕΝΙΚΗ ΧΗΜΙΚΩΝ ΠΡΟΙΟΝΤΩΝ Α.Ε. (094133588),3023.06,,
9ΑΚΑ4690ΒΩ-ΔΑΞ,2025-11-06,ΕΝΤΑΛΜΑ ΠΛΗΡΩΜΗΣ ΝΟΣΟΚΟΜΕΙΑΚΗ ΓΡΑΜΜΗ Α.Ε. HOSPITAL LINE (094396063),094396063,ΝΟΣΟΚΟΜΕΙΑΚΗ ΓΡΑΜΜΗ Α.Ε. HOSPITAL LINE (094396063),2529.6,,
91ΤΗ4690ΒΩ-ΤΘΗ,2025-11-06,ΕΝΤΑΛΜΑ ΠΛΗΡΩΜΗΣ DEMO ABEE (094041553),094041553,DEMO ABEE (094041553),3546.02,,
ΡΚ924690ΒΩ-ΜΙΨ,2025-11-05,ΕΝΤΑΛΜΑ ΠΛΗΡΩΜΗΣ VAKTRO AEBE (084221869),084221869,VAKTRO AEBE (084221869),962.24,,
Ψ5ΠΡ4690ΒΩ-567,2025-11-06,ΕΝΤΑΛΜΑ ΠΛΗΡΩΜΗΣ ΑΡΝΑΟΥΤΗΣ ΠΑΥΛΟΣ Α.Ε (094178060),094178060,ΑΡΝΑΟΥΤΗΣ ΠΑΥΛΟΣ Α.Ε (094178060),2397.57,,
604Γ4690ΒΩ-ΠΘ7,2025-11-06,ΕΝΤΑΛΜΑ ΠΛΗΡΩΜΗΣ DIACHEL ΔΙΑΓΝΩΣΤΙΚΑ - ΧΗΜΙΚΗ ΟΡΓΑΝΟΛΟΓΙΑ  AE (095341314),095341314,DIACHEL ΔΙΑΓΝΩΣΤΙΚΑ - ΧΗΜΙΚΗ ΟΡΓΑΝΟΛΟΓΙΑ  AE (095341314),103.42,,
ΡΘ314690ΒΩ-6ΕΝ,2025-11-06,ΕΝΤΑΛΜΑ ΠΛΗΡΩΜΗΣ ΒΙΟΚΟΣΜΟΣ ΜΟΡΙΑΚΗ Α.Ε. (801646486),801646486,ΒΙΟΚΟΣΜΟΣ ΜΟΡΙΑΚΗ Α.Ε. (801646486),4897.2,,
ΡΛΑΘ4690ΒΩ-ΜΧ9,2025-11-05,ΕΝΤΑΛΜΑ ΠΛΗΡΩΜΗΣ Α.ΔΕΡΒΟΣ-Γ.ΔΗΜΗΤΡΑΚΟΠΟΥΛΟΣ κ.ΣΙΑ Α.Ε. (099518023),099518023,Α.ΔΕΡΒΟΣ-Γ.ΔΗΜΗΤΡΑΚΟΠΟΥΛΟΣ κ.ΣΙΑ Α.Ε. (099518023),1937.68,,
Ε4Ε94690ΒΩ-3Α3,2025-11-06,ΕΝΤΑΛΜΑ ΠΛΗΡΩΜΗΣ ΕΝΟΡΑΣΙΣ Α.Ε. (094503580),094503580,ΕΝΟΡΑΣΙΣ Α.Ε. (094503580),31382.67,,
9Ε7Σ4690ΒΩ-ΛΥΤ,2025-11-10,ΠΡΟΜΗΘΕΙΑ ΥΓΕΙΟΝΟΜΙΚΟΥ ΥΛΙΚΟΥ (ΑΝΤΙΔΡΑΣΤΗΡΙΑ ΑΙΜΟΔΟΣΙΑΣ ) ΜΕ ΣΥΜΒΑΣΗ ΤΟ ΜΗΝΑ ΔΕΚΕΜΒΡΙΟ 2024 (ΣΥΜΒ. ΧΕ 3069/24 31 /2024),997985840,LERIVA ΠΑΡΑΓΩΓΗ ΚΑΙ ΕΜΠΟΡΙΑ ΠΡΟΙΟΝΤΩΝ ΥΓΕΙΑΣ ΚΑΙ ΟΜΟΡΦΙΑΣ ΑΝΩΝΥΜΗ ΕΤΑΙΡΕΙΑ,1415.1,,1359β01
ΡΔΖΗ4690ΒΩ-ΔΕ8,2025-11-10,ΠΡΟΜΗΘΕΙΑ ΥΓΕΙΟΝΟΜΙΚΟΥ ΥΛΙΚΟΥ ΜΕ ΣΥΜΒΑΣΗ ΤΟΝ ΜΗΝΑ ΔΕΚΕΜΒΡΙΟ 2024 (ΣΥΜΒ.703/2024) ΑΠΑΞ ΠΑΡΑΓΓΕΛΙΑ ΣΥΜΦΩΝΑ ΜΕ ΤΙΣ ΔΙΑΤΑΞΕΙΣ ΤΟΥ Ν. 5216/2025 αρθ.44 (ΦΕΚ 118 /τ. Α'/ 07-07-2025,094133588,ΓΕΝΙΚΗ ΧΗΜΙΚΩΝ ΠΡΟΙΟΝΤΩΝ ΑΕ,4749.7,,1311β01
9ΝΜΧ4690ΒΩ-ΛΩ1,2025-11-10,ΠΡΟΜΗΘΕΙΑ ΥΓΕΙΟΝΟΜΙΚΟΥ ΥΛΙΚΟΥ ΜΕ ΣΥΜΒΑΣΗ ΤΟΝ ΜΗΝΑ ΔΕΚΕΜΒΡΙΟ 2024 (ΣΥΜΒ.702/2024) ΑΠΑΞ ΠΑΡΑΓΓΕΛΙΑ ΣΥΜΦΩΝΑ ΜΕ ΤΙΣ ΔΙΑΤΑΞΕΙΣ ΤΟΥ Ν. 5216/2025 αρθ.44 (ΦΕΚ 118 /τ. Α'/ 07-07-2025,094133588,ΓΕΝΙΚΗ ΧΗΜΙΚΩΝ ΠΡΟΙΟΝΤΩΝ ΑΕ,3829.06,,1311β01
Ρ4ΧΝ4690ΒΩ-Γ13,2025-11-10,ΠΡΟΜΗΘΕΙΑ ΥΓΕΙΟΝΟΜΙΚΟΥ ΥΛΙΚΟΥ (ΑΝΤΙΔΡΑΣΤΗΡΙΑ ΑΙΜΟΔΟΣΙΑΣ ) ΜΕ ΣΥΜΒΑΣΗ ΤΟ ΜΗΝΑ ΔΕΚΕΜΒΡΙΟ 2024 (ΣΥΜΒ. ΧΕ 2710/24 233 /2023,095618368,ΕΜΠΟΡΙΑ ΚΑΙ ΤΕΧΝΟΓΝΩΣΙΑ ΦΑΡΜΑΚΕΥΤΙΚΩΝ ΚΑΙ ΠΑΡΑΦΑΡΜΑΚΕΥΤΙΚΩΝ ΕΙΔΩΝ ΕΠΕ,748.89,,1359β01
6ΘΛΕ4690ΒΩ-5ΞΘ,2025-11-10,ΠΡΟΜΗΘΕΙΑ ΤΡΑΠΕΖΙΚΩΝ ΕΡΓΑΣΙΩΝ ΓΙΑ ΕΞΕΡΧΟΜΕΝΕΣ ΜΕΤΑΦΟΡΕΣ ΠΙΣΤΩΣΕΩΝ ΣΕ ΤΡΑΠΕΖΕΣ ΤΟΥ ΕΞΩΤΕΡΙΚΟΥ (ΝΕΑ ΔΙΑΓΝΩΣΤΙΚΗ Χ.Ε. 2436),094014250,EUROBANK ERGASIAS ΥΠΗΡΕΣΙΩΝ ΚΑΙ ΣΥΜΜΕΤΟΧΩΝ ΑΝΩΝΥΜΗ ΕΤΑΙΡΕΙΑ,1.2,,0431α01
639Ε4690ΒΩ-ΛΘΙ,2025-11-10,"ΠΡΟΜΗΘΕΙΑ ΛΟΙΠΟΥ ΧΗΜΙΚΟΥ ΥΛΙΚΟΥ , ΜΗΝΟΣ ΔΕΚΕΜΒΡΙΟΥ 2024, ΧΩΡΙΣ ΣΥΜΒΑΣΗ, ΜΕ ΑΠΟΦΑΣΗ ΔΙΟΙΚΗΤΗ 736/24 (ΑΠΟΦΑΣΗ ΔΣ 1/27-3-25 Θ.1 ΓΙΑ ΤΗ EΠΙΚΥΡΩΣΗ ΑΠΟΦΑΣΕΩΝ ΔΙΟΙΚΗΤΗ ΕΤΟΥΣ 2024), ΣΥΜΦΩΝΑ ΜΕ ΤΙΣ ΔΙΑΤΑΞΕΙΣ ΤΟΥ Ν.5216/2025 αρθ.44 (ΦΕΚ 118/ τ.Α΄/07/07/2025) ΝΟΣ",094464316,ΑΡΗΣ ΜΑΝΤΖΩΡΟΣ ΑΝΩΝΥΜΗ ΕΜΠΟΡΙΚΗ ΕΤΑΙΡΕΙΑ ΙΑΤΡΙΚΟΥ ΚΑΙ ΔΙΑΓΝΩΣΤΙΚΟΥ ΕΞΟΠΛΙΣΜΟΥ,1017.6,,1359β01
ΨΠΙ54690ΒΩ-ΕΓΕ,2025-11-10,"ΠΡΟΜΗΘΕΙΑ ΥΓΕΙΟΝΟΜΙΚΟΥ ΥΛΙΚΟΥ (ΚΥΚΛΩΜΑΤΑ ΑΝΑΙΣΘΗΣΙΑΣ ΕΝΗΛΙΚΩΝ), ΜΗΝΟΣ ΔΕΚΕΜΒΡΙΟΥ 2024, ΧΩΡΙΣ ΣΥΜΒΑΣΗ, ΜΕ ΑΠΟΦΑΣΗ ΔΙΟΙΚΗΤΗ 698/24, (ΑΠΟΦΑΣΗ ΔΣ 1/27-3-25 Θ.1 ΓΙΑ ΤΗ EΠΙΚΥΡΩΣΗ ΑΠΟΦΑΣΕΩΝ ΔΙΟΙΚΗΤΗ ΕΤΟΥΣ 2024), ΣΥΜΦΩΝΑ ΜΕ ΤΙΣ ΔΙΑΤΑΞΕΙΣ ΤΟΥ Ν.5216/2025 αρθ.44 (ΦΕΚ 118/ τ.Α΄/07/07/2025) ΝΟΣ",997799268,DRAEGER HELLAS ΜΟΝΟΠΡΟΣΩΠΗ ΑΝΩΝΥΜΗ ΕΤΑΡΕΙΑ ΙΑΤΡΟΤΕΧΝΙΚΩΝ ΠΡΟΙΟΝΤΩΝ ΚΑΙ ΠΡΟΙΟΝΤΩΝ ΤΕΧΝΙΚΗΣ ΑΣΦΑΛΕΙΑΣ,1919.52,,1311β01
99ΨΤ4690ΒΩ-87Β,2025-11-10,ΠΡΟΜΗΘΕΙΑ ΟΡΘΟΠΕΔΙΚΟΥ ΥΛΙΚΟΥ ΜΕ ΣΥΜΒΑΣΗ (ΣΥΜΒ 712 /2024) ΓΙΑ ΤΟ ΜΗΝΑ ΔΕΚΕΜΒΡΙΟ 2024 ΑΠΑΞ ΠΑΡΑΓΓΕΛΙΑΣ ΣΥΜΦΩΝΑ ΜΕ ΤΙΣ ΔΙΑΤΑΞΕΙΣ ΤΟΥ Ν.5216/2025 αρθ.44 (ΦΕΚ 118/ τ.Α΄/07/07/2025),094007897,ΚΟΠΕΡ ΦΑΡΜΑΚΟΒΙΟΜΗΧΑΝΙΑΑΝΩΝΥΜΗ ΕΤΑΙΡΕΙΑ,4180.18,,1313β01
9ΕΣΩ4690ΒΩ-Κ3Μ,2025-11-10,ΠΡΟΜΗΘΕΙΑ ΟΡΘΟΠΕΔΙΚΟΥ ΥΛΙΚΟΥ ΜΕ ΣΥΜΒΑΣΗ (ΣΥΜΒ 612 /2024) ΓΙΑ ΤΟ ΜΗΝΑ ΔΕΚΕΜΒΡΙΟ 2024 ΑΠΑΞ ΠΑΡΑΓΓΕΛΙΑΣ ΣΥΜΦΩΝΑ ΜΕ ΤΙΣ ΔΙΑΤΑΞΕΙΣ ΤΟΥ Ν.5216/2025 αρθ.44 (ΦΕΚ 118/ τ.Α΄/07/07/2025),094007897,ΚΟΠΕΡ ΦΑΡΜΑΚΟΒΙΟΜΗΧΑΝΙΑΑΝΩΝΥΜΗ ΕΤΑΙΡΕΙΑ,3646.53,,1313β01
6ΗΞ44690ΒΩ-6ΙΥ,2025-11-10,ΠΡΟΜΗΘΕΙΑ ΟΡΘΟΠΕΔΙΚΟΥ ΥΛΙΚΟΥ ΜΕ ΣΥΜΒΑΣΗ (ΣΥΜΒ 614 /2024) ΓΙΑ ΤΟ ΜΗΝΑ ΔΕΚΕΜΒΡΙΟ 2024 ΑΠΑΞ ΠΑΡΑΓΓΕΛΙΑΣ ΣΥΜΦΩΝΑ ΜΕ ΤΙΣ ΔΙΑΤΑΞΕΙΣ ΤΟΥ Ν.5216/2025 αρθ.44 (ΦΕΚ 118/ τ.Α΄/07/07/2025),094007897,ΚΟΠΕΡ ΦΑΡΜΑΚΟΒΙΟΜΗΧΑΝΙΑΑΝΩΝΥΜΗ ΕΤΑΙΡΕΙΑ,3656.27,,1313β01
ΨΧΝΧ4690ΒΩ-ΕΙΞ,2025-11-10,"ΠΡΟΜ.ΟΡΘΟΠΕΔ,ΠΡΟΣΘΕΤ.ΚΑΙ ΛΟΙΠΩΝ ΥΛΙΚΩΝ ΑΝΑΠΗΡΩΝ, ΠΡΟΜΗΘΕΙΑ ΟΡΘΟΠΕΔΙΚΟΥ ΥΛΙΚΟΥ ΜΕ ΣΥΜΒΑΣΗ (ΣΥΜΒ 719 /2024) ΓΙΑ ΤΟ ΜΗΝΑ ΔΕΚΕΜΒΡΙΟ 2024 ΑΠΑΞ ΠΑΡΑΓΓΕΛΙΑΣ ΣΥΜΦΩΝΑ ΜΕ ΤΙΣ ΔΙΑΤΑΞΕΙΣ ΤΟΥ Ν.5216/2025 αρθ.44 (ΦΕΚ 118/ τ.Α΄/07/07/2025)ΝΟΣ",998465266,ΙΑΤΡΟΤΕΧΝΟΛΟΓΙΚΑ PS TEAM ΕΤΑΙΡΙΑ ΠΕΡΙΟΡΙΣΜΕΝΗΣ ΕΥΘΥΝΗΣ,5332.0,,1313β01
ΨΥΟΞ4690ΒΩ-Κ65,2025-11-10,ΠΡΟΜΗΘΕΙΑ ΟΡΘΟΠΕΔΙΚΟΥ ΥΛΙΚΟΥ ΜΕ ΣΥΜΒΑΣΗ (ΣΥΜΒ 733 /2024) ΓΙΑ ΤΟ ΜΗΝΑ ΔΕΚΕΜΒΡΙΟ 2024 ΑΠΑΞ ΠΑΡΑΓΓΕΛΙΑΣ ΣΥΜΦΩΝΑ ΜΕ ΤΙΣ ΔΙΑΤΑΞΕΙΣ ΤΟΥ Ν.5216/2025 αρθ.44 (ΦΕΚ 118/ τ.Α΄/07/07/2025),800519113,ATRON HEALΤH ΙΑΤΡΙΚΑ ΠΡΟΙΟΝΤΑ ΚΑΙ ΜΗΧΑΝΗΜΑΤΑ  ΑΝΩΝΥΜΗ ΕΤΑΙΡΕΙΑ,3356.1,,1313β01
60Λ24690ΒΩ-ΜΦ9,2025-11-10,ΠΡΟΜΗΘΕΙΑ ΥΓΕΙΟΝΟΜΙΚΟΥ ΥΛΙΚΟΥ (ΧΕΙΡΟΥΡΓΙΚΑ ΓΑΝΤΙΑ) ΜΕ ΣΥΜΒΑΣΗ ΤΟΝ ΜΗΝΑ ΝΟΕΜΒΡΙΟ 2024 (ΣΥΜΒ.227/2024),094446034,Y LOGIMED ΜΟΝΟΠΡΟΣΩΠΗ ΑΝΩΝΥΜΗ ΕΤΑΙΡΕΙΑ ΕΙΣΑΓΩΓΗΣ ΕΜΠΟΡΙΑΣ ΚΑΙ ΕΦΟΔΙΑΣΜΟΥ ΙΑΤΡΟΤΕΧΝΟΛΟΓΙΚΩΝ ΠΡΟΙΟΝΤΩΝ,1407.68,,1311β01
ΨΛΚΗ4690ΒΩ-Ε6Η,2025-11-10,ΠΡΟΜΗΘΕΙΑ ΟΡΘΟΠΕΔΙΚΟΥ ΥΛΙΚΟΥ ΜΕ ΣΥΜΒΑΣΗ (ΣΥΜΒ 548 /2024) ΓΙΑ ΤΟ ΜΗΝΑ ΝΟΕΜΒΡΙΟ 2024 ΑΠΑΞ ΠΑΡΑΓΓΕΛΙΑΣ ΣΥΜΦΩΝΑ ΜΕ ΤΙΣ ΔΙΑΤΑΞΕΙΣ ΤΟΥ Ν.5216/2025 αρθ.44 (ΦΕΚ 118/ τ.Α΄/07/07/2025),094007897,ΚΟΠΕΡ ΦΑΡΜΑΚΟΒΙΟΜΗΧΑΝΙΑΑΝΩΝΥΜΗ ΕΤΑΙΡΕΙΑ,4026.54,,1313β01
ΨΨΚΘ4690ΒΩ-Σ7Η,2025-11-10,ΠΡΟΜΗΘΕΙΑ ΟΡΘΟΠΕΔΙΚΟΥ ΥΛΙΚΟΥ ΜΕ ΣΥΜΒΑΣΗ (ΣΥΜΒ 187 /2023) ΓΙΑ ΤΟ ΜΗΝΑ ΔΕΚΕΜΒΡΙΟ 2024 ΑΠΑΞ ΠΑΡΑΓΓΕΛΙΑΣ ΣΥΜΦΩΝΑ ΜΕ ΤΙΣ ΔΙΑΤΑΞΕΙΣ ΤΟΥ Ν.5216/2025 αρθ.44 (ΦΕΚ 118/ τ.Α΄/07/07/2025),800519113,ATRON HEALΤH ΙΑΤΡΙΚΑ ΠΡΟΙΟΝΤΑ ΚΑΙ ΜΗΧΑΝΗΜΑΤΑ  ΑΝΩΝΥΜΗ ΕΤΑΙΡΕΙΑ,2455.49,,1313β01
9ΘΗΠ4690ΒΩ-ΠΩΤ,2025-11-07,ΠΡΟΜΗΘΕΙΑ ΥΓΕΙΟΝΟΜΙΚΟΥ ΥΛΙΚΟΥ (ΣΑΚΟΙ ΓΙΑ ΟΥΡΑ) ΜΕ ΣΥΜΒΑΣΗ ΤΟΝ ΜΗΝΑ ΝΟΕΜΒΡΙΟ 2024 (ΣΥΜΒ.517/2024 ΧΕ 2220/2025),099370337,VIOLAK INTERNATIONAL ΝΟΣΟΚΟΜΕΙΑΚΟΥ ΕΞΟΠΛΙΣΜΟΥ ΑΝΩΝΥΜΗ ΕΜΠΟΡΙΚΗ ΕΤΑΙΡΕΙΑ,429.66,,1311β01
Ψ2ΤΗ4690ΒΩ-2ΦΩ,2025-11-07,"ΠΡΟΜΗΘΕΙΑ ΣΑΚΩΝ ΑΝΑΡΡΟΦΗΣΗΣ, ΜΗΝΟΣ ΔΕΚΕΜΒΡΙΟΥ 2024, ΧΩΡΙΣ ΣΥΜΒΑΣΗ, ΜΕ ΑΠΟΦΑΣΗ ΔΙΟΙΗΚΗΤΗ 606/24 (ΑΠΟΦΑΣΗ ΔΣ 1/27- 3-25 Θ.1 ΓΙΑ ΤΗ EΠΙΚΥΡΩΣΗ ΑΠΟΦΑΣΕΩΝ ΔΙΟΙΚΗΤΗ ΕΤΟΥΣ 2024) ΣΥΜΦΩΝΑ ΜΕ ΤΙΣ ΔΙΑΤΑΞΕΙΣ ΤΟΥ Ν.5216/2025 αρθ.44 (ΦΕΚ 118/ τ.Α΄/07/07/2025)  ΝΟΣ",094133588,ΓΕΝΙΚΗ ΧΗΜΙΚΩΝ ΠΡΟΙΟΝΤΩΝ ΑΕ,973.4,,1311β01
686Ψ4690ΒΩ-7ΣΔ,2025-11-07,"ΠΡΟΜΗΘΕΙΑ ΚΑΛΥΠΤΡΙΔΩΝ ΕΠΙΚΑΛΥΠΤΙΚΟΥ, ΜΗΝΟΣ ΔΕΚΕΜΒΡΙΟΥ 2024, ΧΩΡΙΣ ΣΥΜΒΑΣΗ, ΜΕ ΑΠΟΦΑΣΗ ΔΙΟΙΚΗΤΗ 59/2025 (ΑΠΟΦΑΣΗ ΔΣ 1/27-3-25 Θ.1 ΓΙΑ ΤΗ EΠΙΚΥΡΩΣΗ ΑΠΟΦΑΣΕΩΝ ΔΙΟΙΚΗΤΗ ΕΤΟΥΣ 2024) , ΣΥΜΦΩΝΑ ΜΕ ΤΙΣ ΔΙΑΤΑΞΕΙΣ ΤΟΥ Ν.5216/2025 αρθ.44 (ΦΕΚ 118/ τ.Α΄/07/07/2025) ΝΟΣ",094138676,ΒΙΟΔΥΝΑΜΙΚΗ ΑΝΩΝΥΜΟΣ ΕΜΠΟΡΙΚΗ ΤΕΧΝΙΚΗ ΚΑΙ ΒΙΟΜΗΧΑΝΙΚΗ ΕΤΑΙΡΕΙΑ,1878.97,,1311β01
ΡΘΟΛ4690ΒΩ-Λ7Ν,2025-11-07,ΠΡΟΜΗΘΕΙΑ ΟΡΘΟΠΕΔΙΚΟΥ ΥΛΙΚΟΥ ΜΕ ΣΥΜΒΑΣΗ (ΣΥΜΒ 713 /2024) ΓΙΑ ΤΟ ΜΗΝΑ ΔΕΚΕΜΒΡΙΟ 2024 ΑΠΑΞ ΠΑΡΑΓΓΕΛΙΑΣ ΣΥΜΦΩΝΑ ΜΕ ΤΙΣ ΔΙΑΤΑΞΕΙΣ ΤΟΥ Ν.5216/2025 αρθ.44 (ΦΕΚ 118/ τ.Α΄/07/07/2025),094007897,ΚΟΠΕΡ ΦΑΡΜΑΚΟΒΙΟΜΗΧΑΝΙΑΑΝΩΝΥΜΗ ΕΤΑΙΡΕΙΑ,2994.5,,1313β01
9Β5Θ4690ΒΩ-Υ5Χ,2025-11-07,ΠΡΟΜΗΘΕΙΑ ΟΡΘΟΠΕΔΙΚΟΥ ΥΛΙΚΟΥ ΜΕ ΣΥΜΒΑΣΗ (ΣΥΜΒ 678 /2024) ΓΙΑ ΤΟ ΜΗΝΑ ΔΕΚΕΜΒΡΙΟ 2024 ΑΠΑΞ ΠΑΡΑΓΓΕΛΙΑΣ ΣΥΜΦΩΝΑ ΜΕ ΤΙΣ ΔΙΑΤΑΞΕΙΣ ΤΟΥ Ν.5216/2025 αρθ.44 (ΦΕΚ 118/ τ.Α΄/07/07/2025),999117743,ΙΑΤΡΙΚΑ ΠΕΝΥ ΕΤΑΙΡΙΑ ΠΕΡΙΟΡΙΣΜΕΝΗΣ ΕΥΘΥΝΗΣ,4915.14,,1313β01
96ΜΜ4690ΒΩ-ΝΚΩ,2025-11-07,"ΠΡΟΜ.ΟΡΘΟΠΕΔ,ΠΡΟΣΘΕΤ.ΚΑΙ ΛΟΙΠΩΝ ΥΛΙΚΩΝ ΑΝΑΠΗΡΩΝ, ΜΗΝΟΣ ΔΕΚΕΜΒΡΙΟΥ 2024, ΧΩΡΙΣ ΣΥΜΒΑΣΗ, ΜΕ ΑΠΟΦΑΣΕΙΣ ΔΙΟΙΚΗΤΗ 568/24, 692/24 & 754/24 (ΑΠΟΦΑΣΗ ΔΣ 1/27-3-25 Θ.1 ΓΙΑ ΤΗ EΠΙΚΥΡΩΣΗ ΑΠΟΦΑΣΕΩΝ ΔΙΟΙΚΗΤΗ ΕΤΟΥΣ 2024), ΣΥΜΦΩΝΑ ΜΕ ΤΙΣ ΔΙΑΤΑΞΕΙΣ ΤΟΥ Ν.5216/2025 αρθ.44 (ΦΕΚ 118/ τ.Α΄/07/07/2025), ΝΟΣ",800519113,ATRON HEALΤH ΙΑΤΡΙΚΑ ΠΡΟΙΟΝΤΑ ΚΑΙ ΜΗΧΑΝΗΜΑΤΑ  ΑΝΩΝΥΜΗ ΕΤΑΙΡΕΙΑ,31185.38,,1313β01
ΡΠΞΩ4690ΒΩ-279,2025-11-07,"ΠΡΟΜ.ΟΡΘΟΠΕΔ,ΠΡΟΣΘΕΤ.ΚΑΙ ΛΟΙΠΩΝ ΥΛΙΚΩΝ ΑΝΑΠΗΡΩΝ, ΜΗΝΟΣ ΔΕΚΕΜΒΡΙΟΥ 2025, ΧΩΡΙΣ ΣΥΜΒΑΣΗ, ΜΕ ΑΠΟΦΑΣΕΙΣ ΔΣ ΔΙΟΙΚΗΤΗ 568/24, 692/24 & 754/24 (ΑΠΟΦΑΣΗ ΔΣ 1/27-3-25 Θ.1 ΓΙΑ ΤΗ EΠΙΚΥΡΩΣΗ ΑΠΟΦΑΣΕΩΝ ΔΙΟΙΚΗΤΗ ΕΤΟΥΣ 2024), ΣΥΜΦΩΝΑ ΜΕ ΤΙΣ ΔΙΑΤΑΞΕΙΣ ΤΟΥ Ν.5216/2025 αρθ.44 (ΦΕΚ 118/ τ.Α΄/07/07/2025)ΝΟΣ",800745614,PHAREL ΜΟΝΟΠΡΟΣΩΠΗ ΙΚΕ,26498.04,,1313β01
9ΑΛΖ4690ΒΩ-ΧΣΑ,2025-11-07,ΠΡΟΜΗΘΕΙΑ ΟΡΘΟΠΕΔΙΚΟΥ ΥΛΙΚΟΥ ΜΕ ΣΥΜΒΑΣΗ (ΣΥΜΒ 622 /2024) ΓΙΑ ΤΟ ΜΗΝΑ ΔΕΚΕΜΒΡΙΟ 2024 ΑΠΑΞ ΠΑΡΑΓΓΕΛΙΑΣ ΣΥΜΦΩΝΑ ΜΕ ΤΙΣ ΔΙΑΤΑΞΕΙΣ ΤΟΥ Ν.5216/2025 αρθ.44 (ΦΕΚ 118/ τ.Α΄/07/07/2025),094007897,ΚΟΠΕΡ ΦΑΡΜΑΚΟΒΙΟΜΗΧΑΝΙΑΑΝΩΝΥΜΗ ΕΤΑΙΡΕΙΑ,3724.16,,1313β01
6ΙΓΡ4690ΒΩ-ΤΥΣ,2025-11-07,ΠΡΟΜΗΘΕΙΑ ΟΡΘΟΠΕΔΙΚΟΥ ΥΛΙΚΟΥ ΜΕ ΣΥΜΒΑΣΗ (ΣΥΜΒ 706 /2024) ΓΙΑ ΤΟ ΜΗΝΑ ΔΕΚΕΜΒΡΙΟ 2024 ΑΠΑΞ ΠΑΡΑΓΓΕΛΙΑΣ ΣΥΜΦΩΝΑ ΜΕ ΤΙΣ ΔΙΑΤΑΞΕΙΣ ΤΟΥ Ν.5216/2025 αρθ.44 (ΦΕΚ 118/ τ.Α΄/07/07/2025),094007897,ΚΟΠΕΡ ΦΑΡΜΑΚΟΒΙΟΜΗΧΑΝΙΑΑΝΩΝΥΜΗ ΕΤΑΙΡΕΙΑ,5418.35,,1313β01
9ΓΡ84690ΒΩ-8Ε4,2025-11-07,ΠΡΟΜΗΘΕΙΑ ΟΡΘΟΠΕΔΙΚΟΥ ΥΛΙΚΟΥ ΜΕ ΣΥΜΒΑΣΗ (ΣΥΜΒ 749 /2024) ΓΙΑ ΤΟ ΜΗΝΑ ΔΕΚΕΜΒΡΙΟ 2024 ΑΠΑΞ ΠΑΡΑΓΓΕΛΙΑΣ ΣΥΜΦΩΝΑ ΜΕ ΤΙΣ ΔΙΑΤΑΞΕΙΣ ΤΟΥ Ν.5216/2025 αρθ.44 (ΦΕΚ 118/ τ.Α΄/07/07/2025),094007897,ΚΟΠΕΡ ΦΑΡΜΑΚΟΒΙΟΜΗΧΑΝΙΑΑΝΩΝΥΜΗ ΕΤΑΙΡΕΙΑ,4825.26,,1313β01
ΡΓ8Δ4690ΒΩ-1Ψ7,2025-11-07,ΠΡΟΜΗΘΕΙΑ ΟΡΘΟΠΕΔΙΚΟΥ ΥΛΙΚΟΥ ΜΕ ΣΥΜΒΑΣΗ (ΣΥΜΒ 722 /2024) ΓΙΑ ΤΟ ΜΗΝΑ ΔΕΚΕΜΒΡΙΟ 2024 ΑΠΑΞ ΠΑΡΑΓΓΕΛΙΑΣ ΣΥΜΦΩΝΑ ΜΕ ΤΙΣ ΔΙΑΤΑΞΕΙΣ ΤΟΥ Ν.5216/2025 αρθ.44 (ΦΕΚ 118/ τ.Α΄/07/07/2025),999117743,ΙΑΤΡΙΚΑ ΠΕΝΥ ΕΤΑΙΡΙΑ ΠΕΡΙΟΡΙΣΜΕΝΗΣ ΕΥΘΥΝΗΣ,6929.52,,1313β01
9ΘΦ24690ΒΩ-Ξ3Δ,2025-11-07,ΠΡΟΜΗΘΕΙΑ ΟΡΘΟΠΕΔΙΚΟΥ ΥΛΙΚΟΥ ΜΕ ΣΥΜΒΑΣΗ (ΣΥΜΒ 755 /2024) ΓΙΑ ΤΟ ΜΗΝΑ ΔΕΚΕΜΒΡΙΟ 2024 ΑΠΑΞ ΠΑΡΑΓΓΕΛΙΑΣ ΣΥΜΦΩΝΑ ΜΕ ΤΙΣ ΔΙΑΤΑΞΕΙΣ ΤΟΥ Ν.5216/2025 αρθ.44 (ΦΕΚ 118/ τ.Α΄/07/07/2025),800519113,ATRON HEALΤH ΙΑΤΡΙΚΑ ΠΡΟΙΟΝΤΑ ΚΑΙ ΜΗΧΑΝΗΜΑΤΑ  ΑΝΩΝΥΜΗ ΕΤΑΙΡΕΙΑ,5015.54,,1313β01
ΡΓ4Ξ4690ΒΩ-ΑΛΧ,2025-11-07,ΠΡΟΜΗΘΕΙΑ ΟΡΘΟΠΕΔΙΚΟΥ ΥΛΙΚΟΥ ΜΕ ΣΥΜΒΑΣΗ (ΣΥΜΒ 616 /2024) ΓΙΑ ΤΟ ΜΗΝΑ ΔΕΚΕΜΒΡΙΟ 2024 ΑΠΑΞ ΠΑΡΑΓΓΕΛΙΑΣ ΣΥΜΦΩΝΑ ΜΕ ΤΙΣ ΔΙΑΤΑΞΕΙΣ ΤΟΥ Ν.5216/2025 αρθ.44 (ΦΕΚ 118/ τ.Α΄/07/07/2025),094007897,ΚΟΠΕΡ ΦΑΡΜΑΚΟΒΙΟΜΗΧΑΝΙΑΑΝΩΝΥΜΗ ΕΤΑΙΡΕΙΑ,3529.39,,1313β01
Ψ9ΑΒ4690ΒΩ-ΡΦΜ,2025-11-07,ΠΡΟΜΗΘΕΙΑ ΟΡΘΟΠΕΔΙΚΟΥ ΥΛΙΚΟΥ ΜΕ ΣΥΜΒΑΣΗ (ΣΥΜΒ 615 /2024) ΓΙΑ ΤΟ ΜΗΝΑ ΔΕΚΕΜΒΡΙΟ 2024 ΑΠΑΞ ΠΑΡΑΓΓΕΛΙΑΣ ΣΥΜΦΩΝΑ ΜΕ ΤΙΣ ΔΙΑΤΑΞΕΙΣ ΤΟΥ Ν.5216/2025 αρθ.44 (ΦΕΚ 118/ τ.Α΄/07/07/2025),094007897,ΚΟΠΕΡ ΦΑΡΜΑΚΟΒΙΟΜΗΧΑΝΙΑΑΝΩΝΥΜΗ ΕΤΑΙΡΕΙΑ,3561.6,,1313β01
6ΙΕΣ4690ΒΩ-ΣΛΡ,2025-11-07,"ΠΡΟΜΗΘΕΙΑ ΑΥΤΟΜΑΤΩΝ ΣΚΑΡΦΙΣΤΗΡΩΝ ΑΣΦΑΛΕΙΑΣ, ΜΗΝΟΣ ΔΕΚΕΜΒΡΙΟΥ 2024, ΧΩΡΙΣ ΣΥΜΒΑΣΗ, ΜΕ ΑΠΟΦΑΣΗ ΔΙΟΙΚΗΤΗ 688/24 (ΑΠΟΦΑΣΗ ΔΣ 1/27-3-25 Θ.1 ΓΙΑ ΤΗ EΠΙΚΥΡΩΣΗ ΑΠΟΦΑΣΕΩΝ ΔΙΟΙΚΗΤΗ ΕΤΟΥΣ 2024) ΣΥΜΦΩΝΑ ΜΕ ΤΙΣ ΔΙΑΤΑΞΕΙΣ ΤΟΥ Ν.5216/2025 αρθ.44 (ΦΕΚ 118/ τ.Α΄/07/07/2025) ΝΟΣ",999687125,ΔΕΡΚΑ ΙΑΤΡΙΚΑ ΕΤΑΙΡΕΙΑ ΠΕΡΙΟΡΙΣΜΕΝΗΣ ΕΥΘΥΝΗΣ,1620.31,,1311β01
Ρ6814690ΒΩ-2ΦΩ,2025-11-07,"ΠΡΟΜΗΘΕΙΑ ΛΟΙΠΟΥ ΧΗΜΙΚΟΥ ΥΛΙΚΟΥ, ΜΗΝΟΣ ΔΕΚΕΜΒΡΙΟΥ 2024, ΧΩΡΙΣ ΣΥΜΒΑΣΗ, ΜΕ ΑΠΟΦΑΣΗ ΔΙΟΙΚΗΤΗ 696/24 (ΑΠΟΦΑΣΗ ΔΣ 1/27-3-25 Θ.1 ΓΙΑ ΤΗ EΠΙΚΥΡΩΣΗ ΑΠΟΦΑΣΕΩΝ ΔΙΟΙΚΗΤΗ ΕΤΟΥΣ 2024), ΣΥΜΦΩΝΑ ΜΕ ΤΙΣ ΔΙΑΤΑΞΕΙΣ ΤΟΥ Ν.5216/2025 αρθ.44 (ΦΕΚ 118/ τ.Α΄/07/07/2025) ΝΟΣ",997585069,ΚΑΛΛΙΦΡΟΝΑΣ ΕΜΠΟΡΙΚΗ ΑΝΩΝΥΜΗ ΕΤΑΙΡΕΙΑ,424.0,,1359β01
ΨΟΑΦ4690ΒΩ-ΘΝΕ,2025-11-07,"ΠΡΟΜΗΘΕΙΑ ΥΓΕΙΟΝΟΜΙΚΟΥ ΥΛΙΚΟΥ (ΕΝΤΕΡΙΚΟΙ ΚΑΘΕΤΗΡΕΣ), ΜΗΝΟΣ ΔΕΚΕΜΒΡΙΟΥ 2024, ΧΩΡΙΣ ΣΥΜΒΑΣΗ, ΜΕ ΑΠΟΦΑΣΗ ΔΙΟΙΚΗΤΗ 619/24, (ΑΠΟΦΑΣΗ ΔΣ 1/27-3-25 Θ.1 ΓΙΑ ΤΗ EΠΙΚΥΡΩΣΗ ΑΠΟΦΑΣΕΩΝ ΔΙΟΙΚΗΤΗ ΕΤΟΥΣ 2024), ΣΥΜΦΩΝΑ ΜΕ ΤΙΣ ΔΙΑΤΑΞΕΙΣ ΤΟΥ Ν.5216/2025 αρθ.44 (ΦΕΚ 118/ τ.Α΄/07/07/2025) ΝΟΣ",094501826,BECTON DICKINSON HELLAS A E,1497.25,,1311β01
ΨΝΓ04690ΒΩ-ΧΟΤ,2025-11-07,ΠΡΟΜΗΘΕΙΑ ΟΡΘΟΠΕΔΙΚΟΥ ΥΛΙΚΟΥ ΜΕ ΣΥΜΒΑΣΗ (ΣΥΜΒ 618 /2024) ΓΙΑ ΤΟ ΜΗΝΑ ΔΕΚΕΜΒΡΙΟ 2024 ΑΠΑΞ ΠΑΡΑΓΓΕΛΙΑΣ ΣΥΜΦΩΝΑ ΜΕ ΤΙΣ ΔΙΑΤΑΞΕΙΣ ΤΟΥ Ν.5216/2025 αρθ.44 (ΦΕΚ 118/ τ.Α΄/07/07/2025),999307110,ΚΑΛΤΕΚ ΕΜΠΟΡΙΑ ΙΑΤΡΙΚΩΝ ΕΙΔΩΝ ΠΡΟΙΟΝΤΩΝ ΚΑΙ ΜΗΧΑΝΗΜΑΤΩΝ ΜΟΝΟΠΡΟΣΩΠΗ ΑΝΩΝΥΜΗ ΕΤΑΙΡΙΑ,3504.18,,1313β01
ΨΜΘΣ4690ΒΩ-Ο3Ψ,2025-11-07,ΠΡΟΜΗΘΕΙΑ ΟΡΘΟΠΕΔΙΚΟΥ ΥΛΙΚΟΥ ΜΕ ΣΥΜΒΑΣΗ (ΣΥΜΒ 676 /2024) ΓΙΑ ΤΟ ΜΗΝΑ ΔΕΚΕΜΒΡΙΟ 2024 ΑΠΑΞ ΠΑΡΑΓΓΕΛΙΑΣ ΣΥΜΦΩΝΑ ΜΕ ΤΙΣ ΔΙΑΤΑΞΕΙΣ ΤΟΥ Ν.5216/2025 αρθ.44 (ΦΕΚ 118/ τ.Α΄/07/07/2025),999307110,ΚΑΛΤΕΚ ΕΜΠΟΡΙΑ ΙΑΤΡΙΚΩΝ ΕΙΔΩΝ ΠΡΟΙΟΝΤΩΝ ΚΑΙ ΜΗΧΑΝΗΜΑΤΩΝ ΜΟΝΟΠΡΟΣΩΠΗ ΑΝΩΝΥΜΗ ΕΤΑΙΡΙΑ,3788.08,,1313β01
9Ψ8Ρ4690ΒΩ-ΙΣΩ,2025-11-07,ΠΡΟΜΗΘΕΙΑ ΟΡΘΟΠΕΔΙΚΟΥ ΥΛΙΚΟΥ ΜΕ ΣΥΜΒΑΣΗ (ΣΥΜΒ 729 /2024) ΓΙΑ ΤΟ ΜΗΝΑ ΔΕΚΕΜΒΡΙΟ 2024 ΑΠΑΞ ΠΑΡΑΓΓΕΛΙΑΣ ΣΥΜΦΩΝΑ ΜΕ ΤΙΣ ΔΙΑΤΑΞΕΙΣ ΤΟΥ Ν.5216/2025 αρθ.44 (ΦΕΚ 118/ τ.Α΄/07/07/2025),999307110,ΚΑΛΤΕΚ ΕΜΠΟΡΙΑ ΙΑΤΡΙΚΩΝ ΕΙΔΩΝ ΠΡΟΙΟΝΤΩΝ ΚΑΙ ΜΗΧΑΝΗΜΑΤΩΝ ΜΟΝΟΠΡΟΣΩΠΗ ΑΝΩΝΥΜΗ ΕΤΑΙΡΙΑ,5563.88,,1313β01
98ΝΣ4690ΒΩ-89Δ,2025-11-07,ΠΡΟΜΗΘΕΙΑ ΟΡΘΟΠΕΔΙΚΟΥ ΥΛΙΚΟΥ ΜΕ ΣΥΜΒΑΣΗ (ΣΥΜΒ 778 /2024) ΓΙΑ ΤΟ ΜΗΝΑ ΔΕΚΕΜΒΡΙΟ 2024 ΑΠΑΞ ΠΑΡΑΓΓΕΛΙΑΣ ΣΥΜΦΩΝΑ ΜΕ ΤΙΣ ΔΙΑΤΑΞΕΙΣ ΤΟΥ Ν.5216/2025 αρθ.44 (ΦΕΚ 118/ τ.Α΄/07/07/2025),999307110,ΚΑΛΤΕΚ ΕΜΠΟΡΙΑ ΙΑΤΡΙΚΩΝ ΕΙΔΩΝ ΠΡΟΙΟΝΤΩΝ ΚΑΙ ΜΗΧΑΝΗΜΑΤΩΝ ΜΟΝΟΠΡΟΣΩΠΗ ΑΝΩΝΥΜΗ ΕΤΑΙΡΙΑ,5030.68,,1313β01
Ψ4Δ04690ΒΩ-ΧΣΘ,2025-11-07,ΠΡΟΜΗΘΕΙΑ ΟΡΘΟΠΕΔΙΚΟΥ ΥΛΙΚΟΥ ΜΕ ΣΥΜΒΑΣΗ (ΣΥΜΒ 750 /2024) ΓΙΑ ΤΟ ΜΗΝΑ ΔΕΚΕΜΒΡΙΟ 2024 ΑΠΑΞ ΠΑΡΑΓΓΕΛΙΑΣ ΣΥΜΦΩΝΑ ΜΕ ΤΙΣ ΔΙΑΤΑΞΕΙΣ ΤΟΥ Ν.5216/2025 αρθ.44 (ΦΕΚ 118/ τ.Α΄/07/07/2025),999307110,ΚΑΛΤΕΚ ΕΜΠΟΡΙΑ ΙΑΤΡΙΚΩΝ ΕΙΔΩΝ ΠΡΟΙΟΝΤΩΝ ΚΑΙ ΜΗΧΑΝΗΜΑΤΩΝ ΜΟΝΟΠΡΟΣΩΠΗ ΑΝΩΝΥΜΗ ΕΤΑΙΡΙΑ,6906.48,,1313β01
ΨΦΛ54690ΒΩ-ΡΟ6,2025-11-07,ΠΡΟΜΗΘΕΙΑ ΟΡΘΟΠΕΔΙΚΟΥ ΥΛΙΚΟΥ ΜΕ ΣΥΜΒΑΣΗ (ΣΥΜΒ 751 /2024) ΓΙΑ ΤΟ ΜΗΝΑ ΔΕΚΕΜΒΡΙΟ 2024 ΑΠΑΞ ΠΑΡΑΓΓΕΛΙΑΣ ΣΥΜΦΩΝΑ ΜΕ ΤΙΣ ΔΙΑΤΑΞΕΙΣ ΤΟΥ Ν.5216/2025 αρθ.44 (ΦΕΚ 118/ τ.Α΄/07/07/2025),999307110,ΚΑΛΤΕΚ ΕΜΠΟΡΙΑ ΙΑΤΡΙΚΩΝ ΕΙΔΩΝ ΠΡΟΙΟΝΤΩΝ ΚΑΙ ΜΗΧΑΝΗΜΑΤΩΝ ΜΟΝΟΠΡΟΣΩΠΗ ΑΝΩΝΥΜΗ ΕΤΑΙΡΙΑ,3788.08,,1313β01
9ΥΟΒ4690ΒΩ-ΑΡΖ,2025-11-07,ΠΡΟΜΗΘΕΙΑ ΟΡΘΟΠΕΔΙΚΟΥ ΥΛΙΚΟΥ ΜΕ ΣΥΜΒΑΣΗ (ΣΥΜΒ 757 /2024) ΓΙΑ ΤΟ ΜΗΝΑ ΔΕΚΕΜΒΡΙΟ 2024 ΑΠΑΞ ΠΑΡΑΓΓΕΛΙΑΣ ΣΥΜΦΩΝΑ ΜΕ ΤΙΣ ΔΙΑΤΑΞΕΙΣ ΤΟΥ Ν.5216/2025 αρθ.44 (ΦΕΚ 118/ τ.Α΄/07/07/2025),999117743,ΙΑΤΡΙΚΑ ΠΕΝΥ ΕΤΑΙΡΙΑ ΠΕΡΙΟΡΙΣΜΕΝΗΣ ΕΥΘΥΝΗΣ,3972.16,,1313β01
Ψ00Ρ4690ΒΩ-ΥΡΟ,2025-11-07,ΠΡΟΜΗΘΕΙΑ ΟΡΘΟΠΕΔΙΚΟΥ ΥΛΙΚΟΥ ΜΕ ΣΥΜΒΑΣΗ (ΣΥΜΒ 724 /2024) ΓΙΑ ΤΟ ΜΗΝΑ ΔΕΚΕΜΒΡΙΟ 2024 ΑΠΑΞ ΠΑΡΑΓΓΕΛΙΑΣ ΣΥΜΦΩΝΑ ΜΕ ΤΙΣ ΔΙΑΤΑΞΕΙΣ ΤΟΥ Ν.5216/2025 αρθ.44 (ΦΕΚ 118/ τ.Α΄/07/07/2025),999117743,ΙΑΤΡΙΚΑ ΠΕΝΥ ΕΤΑΙΡΙΑ ΠΕΡΙΟΡΙΣΜΕΝΗΣ ΕΥΘΥΝΗΣ,4568.05,,1313β01
9Τ0Π4690ΒΩ-Σ3Τ,2025-11-07,ΠΡΟΜΗΘΕΙΑ ΟΡΘΟΠΕΔΙΚΟΥ ΥΛΙΚΟΥ ΜΕ ΣΥΜΒΑΣΗ (ΣΥΜΒ 723 /2024) ΓΙΑ ΤΟ ΜΗΝΑ ΔΕΚΕΜΒΡΙΟ 2024 ΑΠΑΞ ΠΑΡΑΓΓΕΛΙΑΣ ΣΥΜΦΩΝΑ ΜΕ ΤΙΣ ΔΙΑΤΑΞΕΙΣ ΤΟΥ Ν.5216/2025 αρθ.44 (ΦΕΚ 118/ τ.Α΄/07/07/2025),999117743,ΙΑΤΡΙΚΑ ΠΕΝΥ ΕΤΑΙΡΙΑ ΠΕΡΙΟΡΙΣΜΕΝΗΣ ΕΥΘΥΝΗΣ,5979.35,,1313β01
62Κ84690ΒΩ-ΟΘΤ,2025-11-07,ΠΡΟΜΗΘΕΙΑ ΟΡΘΟΠΕΔΙΚΟΥ ΥΛΙΚΟΥ ΜΕ ΣΥΜΒΑΣΗ (ΣΥΜΒ 721 /2024) ΓΙΑ ΤΟ ΜΗΝΑ ΔΕΚΕΜΒΡΙΟ 2024 ΑΠΑΞ ΠΑΡΑΓΓΕΛΙΑΣ ΣΥΜΦΩΝΑ ΜΕ ΤΙΣ ΔΙΑΤΑΞΕΙΣ ΤΟΥ Ν.5216/2025 αρθ.44 (ΦΕΚ 118/ τ.Α΄/07/07/2025),999117743,ΙΑΤΡΙΚΑ ΠΕΝΥ ΕΤΑΙΡΙΑ ΠΕΡΙΟΡΙΣΜΕΝΗΣ ΕΥΘΥΝΗΣ,4218.04,,1313β01
9ΖΤΚ4690ΒΩ-Γ8Ψ,2025-11-07,ΠΡΟΜΗΘΕΙΑ ΟΡΘΟΠΕΔΙΚΟΥ ΥΛΙΚΟΥ ΜΕ ΣΥΜΒΑΣΗ (ΣΥΜΒ 666 /2024) ΓΙΑ ΤΟ ΜΗΝΑ ΔΕΚΕΜΒΡΙΟ 2024 ΑΠΑΞ ΠΑΡΑΓΓΕΛΙΑΣ ΣΥΜΦΩΝΑ ΜΕ ΤΙΣ ΔΙΑΤΑΞΕΙΣ ΤΟΥ Ν.5216/2025 αρθ.44 (ΦΕΚ 118/ τ.Α΄/07/07/2025),094007897,ΚΟΠΕΡ ΦΑΡΜΑΚΟΒΙΟΜΗΧΑΝΙΑΑΝΩΝΥΜΗ ΕΤΑΙΡΕΙΑ,3899.18,,1313β01
ΨΛΕΖ4690ΒΩ-68Ω,2025-11-07,ΠΡΟΜΗΘΕΙΑ ΥΓΕΙΟΝΟΜΙΚΟΥ ΥΛΙΚΟΥ (ΥΛΙΚΩΝ ΑΙΜΟΔΥΝΑΜΙΚΟΥ: Α) ΥΛΙΚΩΝ ΑΓΓΕΙΟΓΡΑΦΙΑΣ ΚΑΙ Β) ΑΓΓΕΙΑΚΩΝ ΠΡΟΘΕΣΕΩΝ )ΜΕ ΣΥΜΒΑΣΗ ΤΟΝ ΜΗΝΑ ΝΟΕΜΒΡΙΟ 2024 (ΣΥΜΒ. 203/2023 ΧΕ 2764/2024),999640490,ΔΟΥΡΜΟΥΣΟΓΛΟΥ ΑΝΩΝΥΜΗ ΕΜΠΟΡΙΚΗ ΒΙΟΜΗΧΑΝΙΚΗ ΕΤΑΙΡΕΙΑ ΙΑΤΡΙΚΩΝ ΕΙΔΩΝ,768.4,,1311β01
936Φ4690ΒΩ-61Υ,2025-11-07,ΠΡΟΜΗΘΕΙΑ ΥΓΕΙΟΝΟΜΙΚΟΥ ΥΛΙΚΟΥ (ΟΦΘΑΛΜΟΛΟΓΙΚΑ ΥΛΙΚΑ) ΜΕ ΣΥΜΒΑΣΗ ΤΟΝ ΜΗΝΑ ΝΟΕΜΒΡΙΟ 2024 (ΣΥΜΒ. 329/2023 ΧΕ 2670/2024),800719006,VISION MED HELLAS I K E,1550.0,,1311β01
9ΩΤΕ4690ΒΩ-ΑΕΖ,2025-11-07,ΠΡΟΜΗΘΕΙΑ ΥΓΕΙΟΝΟΜΙΚΟΥ ΥΛΙΚΟΥ (ΙΑΤΡΙΚΑ ΔΙΑΛΥΜΑΤΑ) ΜΕ ΣΥΜΒΑΣΗ ΤΟΝ ΜΗΝΑ ΝΟΕΜΒΡΙΟ 2024 (ΣΥΜΒ.173/2023 ΧΕ 1109/2024),094326835,ΑΝΩΝΥΜΗ ΕΙΣΑΓΩΓΙΚΗ ΕΜΠΟΡΙΚΗ ΕΤΑΙΡΕΙΑ ΙΑΤΡΙΚΩΝ ΕΙΔΩΝ ΞΕΝΟΦΩΝ ΓΕΡΜΑΝΟΣ,315.27,,1311β01
9ΝΜΤ4690ΒΩ-9ΒΚ,2025-11-07,ΠΡΟΜΗΘΕΙΑ ΥΓΕΙΟΝΟΜΙΚΟΥ ΥΛΙΚΟΥ (ΕΠΙΔΕΣΜΙΚΟΥ ΥΛΙΚΟΥ ) ΜΕ ΣΥΜΒΑΣΗ ΤΟΝ ΜΗΝΑ ΝΟΕΜΒΡΙΟ 2024 (ΣΥΜΒ. 618/2023 ΧΕ 2751/2024),093628458,BBD ΝΙΚΟΛΑΟΣ ΛΑΙΝΙΩΤΗΣ ΑΕΒΕ ΠΑΡΑΓΩΓΗ ΕΙΣΑΓΩΓΗ ΚΑΙ ΕΜΠΟΡΙΑ ΥΓΕΙΟΝΟΜΙΚΟΥ ΥΛΙΚΟΥ ΑΝΩΝΥΜΟΣ ΕΜΠΟΡΙΚΗ ΒΙΟΜΗΧΑΝΙΚΗ ΕΤΑΙΡΕΙΑ,905.13,,1311β01
ΨΣΞΦ4690ΒΩ-Υ3Ω,2025-11-07,ΠΡΟΜΗΘΕΙΑ ΥΓΕΙΟΝΟΜΙΚΟΥ ΥΛΙΚΟΥ (ΕΠΙΔΕΣΜΙΚΟΥ ΥΛΙΚΟΥ ) ΜΕ ΣΥΜΒΑΣΗ ΤΟΝ ΜΗΝΑ ΝΟΕΜΒΡΙΟ 2024 (ΣΥΜΒ. 615/2023 ΧΕ 2748/2024),082525697,ΑΝΑΣΤΑΣΙΟΣ ΜΑΥΡΟΓΕΝΗΣ ΙΑΤΡΟΤΕΧΝΟΛΟΓΙΚΑ ΕΙΔΗ ΑΝΩΝΥΜΗ ΕΤΑΙΡΕΙΑ,45.2,,1311β01
6ΝΚΛ4690ΒΩ-ΗΒΣ,2025-11-07,"ΠΡΟΜΗΘΕΙΑ ΥΓΕΙΟΝΟΜΙΚΟΥ ΥΛΙΚΟΥΜΕ ΣΥΜΒΑΣΗ (ΣΥΜ.639/2024) ΓΙΑ ΤΟ  ΜΗΝΑ   NOEMΒΡΙΟ 2024, ΣΥΜΦΩΝΑ ΜΕ ΤΙΣ ΔΙΑΤΑΞΕΙΣ ΤΟΥ Ν.5216/2025 αρθ.44  (ΦΕΚ 118/ τ.Α΄/07/07/2025)",091569759,ΑΦΟΙ Α ΣΕΛΙΔΗ ΑΝΩΝΥΜΗ ΕΤΑΙΡΙΑ ΕΠΙΣΤΗΜΟΝΙΚΟΥ ΕΞΟΠΛΙΣΜΟΥ,8184.0,,1311β01
9ΑΨ64690ΒΩ-Φ6Β,2025-11-07,ΠΡΟΜΗΘΕΙΑ ΥΓΕΙΟΝΟΜΙΚΟΥ ΥΛΙΚΟΥ (ΕΠΙΔΕΣΜΙΚΟΥ ΥΛΙΚΟΥ ) ΜΕ ΣΥΜΒΑΣΗ ΤΟΝ ΜΗΝΑ ΝΟΕΜΒΡΙΟ 2024 (ΣΥΜΒ. 608/2023 ΧΕ 2742/2024),094133588,ΓΕΝΙΚΗ ΧΗΜΙΚΩΝ ΠΡΟΙΟΝΤΩΝ ΑΕ,2011.4,,1311β01
Ψ9ΞΡ4690ΒΩ-9ΓΨ,2025-11-07,: ΠΡΟΜΗΘΕΙΑ ΥΓΕΙΟΝΟΜΙΚΟΥ ΥΛΙΚΟΥ (ΕΠΙΔΕΣΜΙΚΟΥ ΥΛΙΚΟΥ ) ΜΕ ΣΥΜΒΑΣΗ ΤΟΝ ΜΗΝΑ ΝΟΕΜΒΡΙΟ 2024 (ΣΥΜΒ. 610/2023 ΧΕ 2744/2024),999640490,ΔΟΥΡΜΟΥΣΟΓΛΟΥ ΑΝΩΝΥΜΗ ΕΜΠΟΡΙΚΗ ΒΙΟΜΗΧΑΝΙΚΗ ΕΤΑΙΡΕΙΑ ΙΑΤΡΙΚΩΝ ΕΙΔΩΝ,73.45,,1311β01
91054690ΒΩ-Β4Ι,2025-11-07,ΠΡΟΜΗΘΕΙΑ ΥΓΕΙΟΝΟΜΙΚΟΥ ΥΛΙΚΟΥ (ΕΠΙΔΕΣΜΙΚΟΥ ΥΛΙΚΟΥ ) ΜΕ ΣΥΜΒΑΣΗ ΤΟΝ ΜΗΝΑ ΝΟΕΜΒΡΙΟ  2024 (ΣΥΜΒ. 613/2023  ΧΕ 2747/2024),094446034,Y LOGIMED ΜΟΝΟΠΡΟΣΩΠΗ ΑΝΩΝΥΜΗ ΕΤΑΙΡΕΙΑ ΕΙΣΑΓΩΓΗΣ ΕΜΠΟΡΙΑΣ ΚΑΙ ΕΦΟΔΙΑΣΜΟΥ ΙΑΤΡΟΤΕΧΝΟΛΟΓΙΚΩΝ ΠΡΟΙΟΝΤΩΝ,495.79,,1311β01
9ΕΖΠ4690ΒΩ-Ι7Ε,2025-11-07,ΠΡΟΜΗΘΕΙΑ ΥΓΕΙΟΝΟΜΙΚΟΥ ΥΛΙΚΟΥ  (ΠΡΟΪΟΝΤΑ ΥΓΙΕΙΝΗΣ ΑΠΟ ΧΑΡΤI ) ΜΕ ΣΥΜΒΑΣΗ ΤΟΝ ΜΗΝΑ ΝΟΕΜΒΡΙΟ 2024 (ΣΥΜΒ.762/2023 ΧΕ 1241/2025),093628458,BBD ΝΙΚΟΛΑΟΣ ΛΑΙΝΙΩΤΗΣ ΑΕΒΕ ΠΑΡΑΓΩΓΗ ΕΙΣΑΓΩΓΗ ΚΑΙ ΕΜΠΟΡΙΑ ΥΓΕΙΟΝΟΜΙΚΟΥ ΥΛΙΚΟΥ ΑΝΩΝΥΜΟΣ ΕΜΠΟΡΙΚΗ ΒΙΟΜΗΧΑΝΙΚΗ ΕΤΑΙΡΕΙΑ,5453.99,,1311β01
ΨΩ6Λ4690ΒΩ-Π0Χ,2025-11-07,ΠΡΟΜΗΘΕΙΑ ΥΓΕΙΟΝΟΜΙΚΟΥ ΥΛΙΚΟΥ  (ΦΙΛΤΡΑ ΜΕΤΑΓΓΙΣΗΣ ΑΙΜΑΤΟΣ ) ΜΕ ΣΥΜΒΑΣΗ ΤΟΝ ΜΗΝΑ  ΝΟΕΜΒΡΙΟ 2024 (ΣΥΜΒ. 298/2023 ΧΕ 2773/2024),997985840,LERIVA ΠΑΡΑΓΩΓΗ ΚΑΙ ΕΜΠΟΡΙΑ ΠΡΟΙΟΝΤΩΝ ΥΓΕΙΑΣ ΚΑΙ ΟΜΟΡΦΙΑΣ ΑΝΩΝΥΜΗ ΕΤΑΙΡΕΙΑ,5704.0,,1311β01
Ψ2Α54690ΒΩ-4ΙΡ,2025-11-07,ΠΡΟΜΗΘΕΙΑ ΥΓΕΙΟΝΟΜΙΚΟΥ ΥΛΙΚΟΥ (ΔΙΑΤΑΞΕΙΣ ΕΝΔΟΣΚΟΠΙΑΣ ΚΑΙ ΕΝΔΟΧΕΙΡΟΥΡΓΙΚΗΣ ) ΜΕ ΣΥΜΒΑΣΗ ΤΟΝ ΜΗΝΑ ΝΟΕΜΒΡΙΟ 2024 (ΣΥΜΒ.681/2024) ΣΥΜΦΩΝΑ ΜΕ ΤΙΣ ΔΙΑΤΑΞΕΙΣ ΤΟΥ Ν. 5216/2025 αρθ.44 (ΦΕΚ 118 /τ. Α'/ 07-07-2025,082525697,ΑΝΑΣΤΑΣΙΟΣ ΜΑΥΡΟΓΕΝΗΣ ΙΑΤΡΟΤΕΧΝΟΛΟΓΙΚΑ ΕΙΔΗ ΑΝΩΝΥΜΗ ΕΤΑΙΡΕΙΑ,5952.0,,1311β01
6Ν6Υ4690ΒΩ-ΜΙ4,2025-11-07,ΤΑΚΤΙΚΕΣ ΑΠΟΔΟΧΕΣ - ΕΦΗΜΕΡΙΕΣ ΣΕΠΤΕΜΒΡΙΟΥ 2025  ΜΕ ΚΑΘΕΣΤΩΣ ΕΚΔΟΣΗΣ ΔΕΛΤΙΟΥ ΑΠΟΔΕΙΞΗΣ ΠΑΡΟΧΗΣ ΥΠΗΡΕΣΙΩΝ ΓΙΑ ΧΡΟΝΙΚΟ ΔΙΑΣΤΗΜΑ ΔΩΔΕΚΑ ΜΗΝΩΝ  ΜΕ ΕΝΑΡΞΗ 18-10-2014 ΚΑΙ ΛΗΞΗ 17-10-2025,061977768,"ΜΑΡΑΒΕΓΙΑΣ,,ΚΩΝΣΤΑΝΤΙΝΟΣ,ΑΡΙΣΤΟΤΕΛΗΣ",1634.01,,0413α01
90ΥΜ4690ΒΩ-Χ1Τ,2025-11-07,ΤΑΚΤΙΚΕΣ ΑΠΟΔΟΧΕΣ - ΕΦΗΜΕΡΙΕΣ  ΣΕΠΤΕΜΒΡΙΟΥ 2025 ΜΕ ΕΚΔΟΣΗ Α.Π.Υ.  ΓΙΑ ΤΗΝ ΚΑΛΥΨΗ ΕΠΙΤΑΚΤΙΚΩΝ ΑΝΑΓΚΩΝ ΩΤΟΡΙΝΟΛΑΡΥΓΓΟΛΟΓΙΚΟΥ ΤΜΗΜΑΤΟΣ ΠΡΩΙΝΟΥ ΤΑΚΤΙΚΟΥ ΩΡΑΡΙΟΥ  ΓΙΑ (12) ΔΩΔΕΚΑ  ΜΗΝΕΣ (15/5/2025 ΕΩΣ 14/5/2026),034322654,"ΚΑΡΑΓΚΟΥΝΗΣ,,ΠΑΝΑΓΙΩΤΗΣ,ΔΗΜΟΣ",1576.08,,0413α01
Ψ5Υ64690ΒΩ-09Θ,2025-11-07,ΑΜΟΙΒΗ ΙΔΙΩΤΗ ΙΑΤΡΟΥ ΓΙΑ ΕΦΗΜΕΡΙΕΣ ΣΤΟ Μ/Γ ΤΜΗΜΑ ΤΟΝ ΜΗΝΑ  ΣΕΠΤΕΜΒΡΙΟ 2025 ΜΕ ΚΑΘΕΣΤΩΣ ΕΚΔΟΣΗΣ ΔΕΛΤΙΟΥ ΑΠΟΔΕΙΞΗΣ ΠΑΡΟΧΗΣ ΥΠΗΡΕΣΙΩΝ ΓΙΑ ΤΡΕΙΣ ΜΗΝΕΣ ΑΠΟ 8/7/2025 ΕΩΣ 30/9/2025,120430983,"ΘΑΝΟΠΟΥΛΟΥ,,ΒΑΣΙΛΙΚΗ,ΔΗΜΗΤΡΙΟΣ",750.0,,0413α01
9Ο9Ψ4690ΒΩ-ΗΚΣ,2025-11-07,ΑΜΟΙΒΗ ΙΔΙΩΤΗ ΙΑΤΡΟΥ ΓΙΑ ΕΦΗΜΕΡΙΕΣ ΣΤΟ ΟΡΘΟΠΕΔΙΚΟ ΤΜΗΜΑ ΤΟΝ ΜΗΝΑ ΣΕΠΤΕΜΒΡΙΟ 2025 ΜΕ ΚΑΘΕΣΤΩΣ ΕΚΔΟΣΗΣ ΔΕΛΤΙΟΥ ΑΠΟΔΕΙΞΗΣ ΠΑΡΟΧΗΣ ΥΠΗΡΕΣΙΩΝ ΓΙΑ ΤΡΕΙΣ ΜΗΝΕΣ ΑΠΟ 8/7/2025 ΕΩΣ 30/9/2026,057539932,"ΜΠΕΗΣ,,ΚΩΝΣΤΑΝΤΙΝΟΣ,ΙΩΑΝΝΗΣ",1250.0,,0413α01
6ΖΠΤ4690ΒΩ-ΙΜ7,2025-11-07,ΠΡΟΜΗΘΕΙΑ ΥΓΕΙΟΝΟΜΙΚΟΥ ΥΛΙΚΟΥ (ΔΙΑΤΑΞΕΙΣ ΕΝΔΟΣΚΟΠΙΑΣ ΚΑΙ ΕΝΔΟΧΕΙΡΟΥΡΓΙΚΗΣ ) ΜΕ ΣΥΜΒΑΣΗ ΤΟΝ ΜΗΝΑ ΝΟΕΜΒΡΙΟ 2024 (ΣΥΜΒ.680/2024) ΣΥΜΦΩΝΑ ΜΕ ΤΙΣ ΔΙΑΤΑΞΕΙΣ ΤΟΥ Ν. 5216/2025 αρθ.44 (ΦΕΚ 118 /τ. Α'/ 07-07-2025,094007897,ΚΟΠΕΡ ΦΑΡΜΑΚΟΒΙΟΜΗΧΑΝΙΑΑΝΩΝΥΜΗ ΕΤΑΙΡΕΙΑ,13020.0,,1311β01
9ΕΦΚ4690ΒΩ-ΘΚΕ,2025-11-07,"ΠΡΟΜΗΘΕΙΑ ΥΓΕΙΟΝΟΜΙΚΟΥ ΥΛΙΚΟΥΜΕ ΣΥΜΒΑΣΗ (ΣΥΜ.640/2024) ΓΙΑ ΤΟ ΜΗΝΑ ΝΟΕΜΒΡΙΟ 2024, ΔΕΚΕΜΒΡΙΟ 2024 ΣΥΜΦΩΝΑ ΜΕ ΤΙΣ ΔΙΑΤΑΞΕΙΣ ΤΟΥ Ν.5216/2025 αρθ.44 (ΦΕΚ 118/ τ.Α΄/07/07/2025)",095335610,RONTIS HELLAS ΑΝΩΝΥΜΗ ΕΜΠΟΡΙΚΗ ΚΑΙ ΒΙΟΜΗΧΑΝΙΚΗ ΕΤΑΙΡΕΙΑ ΙΑΤΡΟΦΑΡΜΑΚΕΥΤΙΚΩΝ ΕΙΔΩΝ,5289.84,,1311β01
ΨΨ2Η4690ΒΩ-ΦΘΓ,2025-11-07,ΤΑΚΤΙΚΕΣ ΑΠΟΔΟΧΕΣ -  ΕΦΗΜΕΡΙΕΣ  ΣΕΠΤΕΜΒΡΙΟΥ 2025  ΜΕ ΕΚΔΟΣΗ Α.Π.Υ. ΓΙΑ ΤΗΝ ΚΑΛΥΨΗ ΕΠΙΤΑΚΤΙΚΩΝ ΑΝΑΓΚΩΝ  ΠΡΩΙΝΟΥ ΤΑΚΤΙΚΟΥ ΩΡΑΡΙΟΥ ΓΙΑ ΔΩΔΕΚΑ ΜΗΝΕΣ (17/2/2025  ΕΩΣ 16/2/2026) ΣΤΟ ΤΜΗΜΑ ΧΗΜΕΙΟΘΕΡΑΠΕΙΑΣ,156785626,"ΑΡΒΑΝΙΤΗ,,ΚΩΝΣΤΑΝΤΙΝΑ,ΓΕΩΡΓΙΟΣ",663.6,,0413α01
9ΒΓ34690ΒΩ-Π1Θ,2025-11-07,ΑΜΟΙΒΗ ΙΔΙΩΤΗ ΙΑΤΡΟΥ ΕΙΔΙΚΟΤΗΤΑΣ ΟΔΟΝΤΙΑΤΡΙΚΗΣ ΓΙΑ ΚΑΛΥΨΗ ΕΦΗΜΕΡΙΩΝΤΟΝ ΜΗΝΑ  ΣΕΠΤΕΡΜΒΡΙΟ 2025 ΜΕ ΕΚΔΟΣΗ ΔΕΛΤΙΟΥ ΑΠΟΔΕΙΞΗΣ ΠΑΡΟΧΗΣ ΥΠΗΡΕΣΙΩΝ ΓΙΑ ΤΟ ΧΡΟΝΙΚΟ ΔΙΑΣΤΗΜΑ  ΤΡΙΩΝ (3) ΜΗΝΩΝ ΑΠΟ 8/7/2025 ΕΩΣ 30/9/2025,050588536,"ΡΟΥΜΠΟΣ,,ΝΙΚΟΛ,ΙΩΑΝΝΗΣ",1250.0,,0413α01
ΨΑΦΝ4690ΒΩ-1ΞΘ,2025-11-07,ΠΡΟΜΗΘΕΙΑ ΥΓΕΙΟΝΟΜΙΚΟΥ ΥΛΙΚΟΥ (ΧΕΙΡΟΥΡΓΙΚΑ ΜΟΣΧΕΥΜΑΤΑ) ME ΣΥΜΒΑΣΗ ΤΟΝ ΜΗΝΑ ΝΟΕΜΒΡΙΟ 2024 (ΣΥΜΒ.484/2022 ΧΕ 537/2024),082525697,ΑΝΑΣΤΑΣΙΟΣ ΜΑΥΡΟΓΕΝΗΣ ΙΑΤΡΟΤΕΧΝΟΛΟΓΙΚΑ ΕΙΔΗ ΑΝΩΝΥΜΗ ΕΤΑΙΡΕΙΑ,32689.66,,1311β01
9Φ624690ΒΩ-ΧΩΕ,2025-11-07,ΑΜΟΙΒΗ ΙΔΙΩΤΗ ΙΑΤΡΟΥ ΓΙΑ ΕΦΗΜΕΡΙΕΣ ΣΤΟ ΧΕΙΡΟΥΡΓΙΚΟ ΤΜΗΜΑ ΤΟΝ ΜΗΝΑ ΣΕΠΤΕΜΒΡΙΟ 2025 ΜΕ ΚΑΘΕΣΤΩΣ ΕΚΔΟΣΗΣ ΔΕΛΤΙΟΥ ΑΠΟΔΕΙΞΗΣ ΠΑΡΟΧΗΣ ΥΠΗΡΕΣΙΩΝ ΓΙΑ ΤΡΕΙΣ ΜΗΝΕΣ ΑΠΟ 8/7/2025 ΕΩΣ 30/9/2025,113589615,"ΖΙΑΜΑΣ,,ΔΗΜΗΤΡΙΟΣ,ΧΡΗΣΤΟΣ",1250.0,,0413α01
ΨΝΞ14690ΒΩ-Η9Α,2025-11-07,ΠΡΟΜΗΘΕΙΑ ΥΓΕΙΟΝΟΜΙΚΟΥ ΥΛΙΚΟΥ (ΕΝΔΟΦΑΚΟΙ ΥΔΡΟΦΟΒΟΙ ) ME ΣΥΜΒΑΣΗ ΤΟΝ ΜΗΝΑ ΝΟΕΜΒΡΙΟ 2024 (ΣΥΜΒ.429/2024 ΧΕ 2120/2025),094264251,ΟΜΜΑ ΛΑΙΤ ΦΑΡΜΑΚΕΥΤΙΚΑ  ΟΠΤΙΚΑ  ΙΑΤΡΙΚΑ ΑΝΩΝ ΕΜΠ ΕΤΑΙΡΕΙΑ,6780.0,,1311β01
9ΘΟΞ4690ΒΩ-Ρ9Λ,2025-11-07,ΠΡΟΜΗΘΕΙΑ ΥΓΕΙΟΝΟΜΙΚΟΥ ΥΛΙΚΟΥ (ΙΑΤΡΙΚΑ ΔΙΑΛΥΜΑΤΑ) ΜΕ ΣΥΜΒΑΣΗ ΤΟΝ ΜΗΝΑ ΝΟΕΜΒΡΙΟ 2024 (ΣΥΜΒ.18/2023 ΧΕ 1101/2024),998283526,MEDIPRIME ΙΑΤΡΟΦΑΡΜΑΚΕΥΤΙΚΩΝ ΕΙΔΩΝ ΑΝΩΝΥΜΗ ΕΜΠΟΡΙΚΗ ΕΤΑΙΡΕΙΑ,2332.0,,1311β01
ΨΤ7Β4690ΒΩ-Σ5Ζ,2025-11-07,ΠΡΟΜΗΘΕΙΑ ΥΓΕΙΟΝΟΜΙΚΟΥ ΥΛΙΚΟΥ (ΚΑΘΕΤΗΡΕΣ) ΜΕ ΣΥΜΒΑΣΗ ΤΟΝ ΜΗΝΑ ΝΟΕΜΒΡΙΟ 2024 (ΣΥΜΒ. 609/2024) ΣΥΜΦΩΝΑ ΜΕ ΤΙΣ ΔΙΑΤΑΞΕΙΣ ΤΟΥ Ν. 5216/2025 αρθ.44 (ΦΕΚ 118 /τ. Α'/ 07-07-2025,094429990,TELEFLEX MEDICAL ΕΛΛΑΣ ΑΝΩΝΥΜΗ ΕΜΠΟΡΙΚΗ ΕΤΑΙΡΕΙΑ,474.6,,1311β01
61ΧΡ4690ΒΩ-Τ8Ε,2025-11-07,ΠΡΟΜΗΘΕΙΑ ΥΓΕΙΟΝΟΜΙΚΟΥ ΥΛΙΚΟΥ (ΕΝΔΟΦΑΚΟΙ ΥΔΡΟΦΟΒΟΙ ) ME ΣΥΜΒΑΣΗ ΤΟΝ ΜΗΝΑ ΝΟΕΜΒΡΙΟ 2024 (ΣΥΜΒ.426/2024 ΧΕ 2121/2025),094429222,AEGLI MEDICAL OPTICS ΑΝΩΝΥΜΗ ΕΤΑΙΡΕΙΑ,4113.2,,1311β01
6Η6Ι4690ΒΩ-3ΧΞ,2025-11-07,ΠΡΟΜΗΘΕΙΑ ΥΓΕΙΟΝΟΜΙΚΟΥ ΥΛΙΚΟΥ (ΔΙΑΤΑΞΕΙΣ ΕΝΔΟΣΚΟΠΙΑΣ ΚΑΙ ΕΝΔΟΧΕΙΡΟΥΡΓΙΚΗΣ ) ΜΕ ΣΥΜΒΑΣΗ ΤΟΝ ΜΗΝΑ ΝΟΕΜΒΡΙΟ 2024 (ΣΥΜΒ. 568/2024 ΧΕ 2256/2025) ΣΥΜΦΩΝΑ ΜΕ ΤΙΣ ΔΙΑΤΑΞΕΙΣ ΤΟΥ Ν. 5161/2024 αρθ.14 (ΦΕΚ 196/τ. Α΄/29-11-2024,082525697,ΑΝΑΣΤΑΣΙΟΣ ΜΑΥΡΟΓΕΝΗΣ ΙΑΤΡΟΤΕΧΝΟΛΟΓΙΚΑ ΕΙΔΗ ΑΝΩΝΥΜΗ ΕΤΑΙΡΕΙΑ,1846.67,,1311β01
9Φ4Γ4690ΒΩ-ΧΞΓ,2025-11-07,ΠΡΟΜΗΘΕΙΑ ΥΓΕΙΟΝΟΜΙΚΟΥ ΥΛΙΚΟΥ (ΕΝΔΟΦΑΚΟΙ ΥΔΡΟΦΟΒΟΙ ) ME ΣΥΜΒΑΣΗ ΤΟΝ ΜΗΝΑ ΝΟΕΜΒΡΙΟ 2024 (ΣΥΜΒ.427/2024 ΧΕ 2120/2025),082525697,ΑΝΑΣΤΑΣΙΟΣ ΜΑΥΡΟΓΕΝΗΣ ΙΑΤΡΟΤΕΧΝΟΛΟΓΙΚΑ ΕΙΔΗ ΑΝΩΝΥΜΗ ΕΤΑΙΡΕΙΑ,804.56,,1311β01
ΨΔ444690ΒΩ-9ΟΜ,2025-11-07,ΠΡΟΜΗΘΕΙΑ ΥΓΕΙΟΝΟΜΙΚΟΥ ΥΛΙΚΟΥ (ΙΑΤΡΙΚΟΣ ΡΟΥΧΙΣΜΟΣ) ΜΕ ΣΥΜΒΑΣΗ ΤΟΝ ΜΗΝΑ ΝΟΕΜΒΡΙΟ 2024 (ΣΥΜΒ.88/2024 ΧΕ 1779/2025),997672386,ΥΓΕΙΟΔΥΝΑΜΙΚΗ ΑΝΩΝΥΜΗ ΕΤΑΙΡΕΙΑ ΙΑΤΡΙΚΩΝ ΕΦΟΔΙΩΝ,1522.72,,1311β01
ΨΜΤΙ4690ΒΩ-ΡΝ5,2025-11-07,ΠΡΟΜΗΘΕΙΑ ΥΓΕΙΟΝΟΜΙΚΟΥ ΥΛΙΚΟΥ (ΡΑΜΜΑΤΑ) ΜΕ ΣΥΜΒΑΣΗ ΤΟΗ ΜΗΝΑ ΝΟΕΜΒΡΙΟ 2024 (ΣΥΜΒ.604/2024 ΧΕ 2237/2025),082525697,ΑΝΑΣΤΑΣΙΟΣ ΜΑΥΡΟΓΕΝΗΣ ΙΑΤΡΟΤΕΧΝΟΛΟΓΙΚΑ ΕΙΔΗ ΑΝΩΝΥΜΗ ΕΤΑΙΡΕΙΑ,3061.17,,1311β01
97ΜΤ4690ΒΩ-ΣΙ6,2025-11-07,ΠΡΟΜΗΘΕΙΑ ΥΓΕΙΟΝΟΜΙΚΟΥ ΥΛΙΚΟΥ (ΥΛΙΚΩΝ ΑΙΜΟΔΥΝΑΜΙΚΟΥ: Α) ΥΛΙΚΩΝ ΑΓΓΕΙΟΓΡΑΦΙΑΣ ΚΑΙ Β) ΑΓΓΕΙΑΚΩΝ ΠΡΟΘΕΣΕΩΝ )ΜΕ ΣΥΜΒΑΣΗ ΤΟΥΣ ΜΗΝΑ ΝΟΕΜΒΡΙΟ 2024 (ΣΥΜΒ. 208/2023 ΧΕ 2768/2024),094446034,Y LOGIMED ΜΟΝΟΠΡΟΣΩΠΗ ΑΝΩΝΥΜΗ ΕΤΑΙΡΕΙΑ ΕΙΣΑΓΩΓΗΣ ΕΜΠΟΡΙΑΣ ΚΑΙ ΕΦΟΔΙΑΣΜΟΥ ΙΑΤΡΟΤΕΧΝΟΛΟΓΙΚΩΝ ΠΡΟΙΟΝΤΩΝ,403.0,,1311β01
99ΔΜ4690ΒΩ-30Ο,2025-11-07,ΠΡΟΜΗΘΕΙΑ ΥΓΕΙΟΝΟΜΙΚΟΥ ΥΛΙΚΟΥ (ΔΙΑΤΑΞΕΙΣ ΝΕΦΡΙΚΗΣ ΥΠΟΣΤΗΡΙΞΗΣ ) ΜΕ ΣΥΜΒΑΣΗ ΤΟΝ ΜΗΝΑ ΝΟΕΜΒΡΙΟ 2024 (ΣΥΜΒ.106/2024 ΧΕ 1678/2025),999056180,ΑΣΤΡΙΣ ΑΝΑΠΤΥΞΗ ΜΟΝΑΔΩΝ ΥΓΕΙΑΣ ΕΤΑΙΡΕΙΑ ΠΕΡΙΟΡΙΣΜΕΝΗΣ ΕΥΘΥΝΗΣ,5045.6,,1311β01
ΨΕΝΕ4690ΒΩ-0ΡΧ,2025-11-07,ΠΡΟΜΗΘΕΙΑ ΥΓΕΙΟΝΟΜΙΚΟΥ ΥΛΙΚΟΥ (ΔΙΑΤΑΞΕΙΣ ΝΕΦΡΙΚΗΣ ΥΠΟΣΤΗΡΙΞΗΣ ) ΜΕ ΣΥΜΒΑΣΗ ΤΟΝ ΜΗΝΑ ΝΟΕΜΒΡΙΟ 2024 (ΣΥΜΒ.101/2024 ΧΕ 1678/2025),998283526,MEDIPRIME ΙΑΤΡΟΦΑΡΜΑΚΕΥΤΙΚΩΝ ΕΙΔΩΝ ΑΝΩΝΥΜΗ ΕΜΠΟΡΙΚΗ ΕΤΑΙΡΕΙΑ,6010.2,,1311β01
9ΓΔΨ4690ΒΩ-ΨΧΛ,2025-11-07,ΠΡΟΜΗΘΕΙΑ ΥΓΕΙΟΝΟΜΙΚΟΥ ΥΛΙΚΟΥ (ΔΙΑΤΑΞΕΙΣ ΝΕΦΡΙΚΗΣ ΥΠΟΣΤΗΡΙΞΗΣ ) ΜΕ ΣΥΜΒΑΣΗ ΤΟΝ ΜΗΝΑ ΝΟΕΜΒΡΙΟ 2024 (ΣΥΜΒ.103/2024 ΧΕ 1678/2025),999789340,HEALTH WAY ΕΙΣΑΓΩΓΗ ΕΜΠΟΡΙΑ ΚΑΙ ΕΚΜΕΤΑΛΛΕΥΣΗ ΙΑΤΡΙΚΟΥ ΚΑΙ ΥΓΕΙΟΝΟΜΙΚΟΥ ΥΛΙΚΟΥ ΕΠΕ,9052.4,,1311β01
6ΣΓΞ4690ΒΩ-ΜΝΥ,2025-11-07,ΠΡΟΜΗΘΕΙΑ ΥΓΕΙΟΝΟΜΙΚΟΥ ΥΛΙΚΟΥ (ΜΕΣΑ ΕΡΓΑΣΤΗΡΙΑΚΗΣ ΚΑΛΛΙΕΡΓΕΙΑΣ ) ΜΕ ΣΥΜΒΑΣΗ ΤΟΝ ΜΗΝΑ ΝΟΕΜΒΡΙΟ 2024 (ΣΥΜ.285/2024 ΧΕ 1621/2025) ΣΥΜΦΩΝΑ ΜΕ ΤΙΣ ΔΙΑΤΑΞΕΙΣ ΤΟΥ Ν.5216/2025 αρθ.44 (ΦΕΚ 118/ τ.Α΄/07/07/2025),800738217,ΠΗΓΑΣΟΣ ΙΑΤΡΙΚΟΣ ΚΑΙ ΕΠΙΣΤΗΜΟΝΙΚΟΣ ΕΞΟΠΛΙΣΜΟΣ ΑΝΩΝΥΜΗ ΕΤΑΙΡΕΙΑ,1041.6,,1311β01
9ΕΞΝ4690ΒΩ-3ΕΕ,2025-11-07,ΠΡΟΜΗΘΕΙΑ ΥΓΕΙΟΝΟΜΙΚΟΥ ΥΛΙΚΟΥ (ΔΙΑΤΑΞΕΙΣ ΝΕΦΡΙΚΗΣ ΥΠΟΣΤΗΡΙΞΗΣ ) ΜΕ ΣΥΜΒΑΣΗ ΤΟΝ ΜΗΝΑ ΝΟΕΜΒΡΙΟ 2024 (ΣΥΜΒ.102/2024 ΧΕ 1680/2025),099363426,ΒΕΡΜΑ ΝΤΡΑΓΚΣVERMA DRUGS ΑΝΩΝΥΜΗ ΒΙΟΜΗΧΑΝΙΚΗ ΕΜΠΟΡΙΚΗ ΕΤΑΙΡΕΙΑ ΦΑΡΜΑΚΩΝ,6010.2,,1311β01
91Υ34690ΒΩ-ΥΔΡ,2025-11-07,ΠΡΟΜΗΘΕΙΑ ΥΓΕΙΟΝΟΜΙΚΟΥ ΥΛΙΚΟΥ (ΙΑΤΡΙΚΟΣ ΡΟΥΧΙΣΜΟΣ) ΜΕ ΣΥΜΒΑΣΗ ΤΟΝ ΜΗΝΑ ΝΟΕΜΒΡΙΟ 2024 (ΣΥΜΒ.87/2024 ΧΕ 1778/2025),998179225,MILONAS HEALTH ΙΑΤΡΙΚΑ ΠΡΟΙΟΝΤΑ ΑΝΩΝΥΜΟΣ ΕΤΑΙΡΕΙΑ,560.4,,1311β01
Ψ5ΔΦ4690ΒΩ-0ΧΥ,2025-11-07,ΠΡΟΜΗΘΕΙΑ ΥΓΕΙΟΝΟΜΙΚΟΥ ΥΛΙΚΟΥ (ΦΙΛΤΡΑ ΜΕΤΑΓΓΙΣΗΣ ΑΙΜΑΤΟΣ ) ΜΕ ΣΥΜΒΑΣΗ ΤΟΝ ΜΗΝΑ ΝΟΕΜΒΡΙΟ 2024 (ΣΥΜΒ. 299/2023 ΧΕ 2774/2024),999723663,ΝΕΑ ΕΠΙΜΕΝΤ ΕΤΑΡΙΑ ΕΙΣΑΓΩΓΗΣ ΚΑΙ ΔΙΑΝΟΜΗΣ ΙΑΤΡΙΚΟΥ ΝΟΣΟΚΟΜΕΙΑΚΟΥ ΥΛΙΚΟΥ ΜΟΝΟΠΡΟΣΩΠΗ ΕΤΑΡΙΑ ΠΕΡΙΟΡΙΣΜΕΝΗΣ ΕΥΘΥΝΗΣ,297.6,,1311β01
Ψ69Δ4690ΒΩ-1ΥΞ,2025-11-07,ΠΡΟΜΗΘΕΙΑ ΤΡΑΠΕΖΙΚΩΝ ΕΡΓΑΣΙΩΝ ΓΙΑ ΕΞΕΡΧΟΜΕΝΕΣ ΜΕΤΑΦΟΡΕΣ ΠΙΣΤΩΣΕΩΝ ΣΕ ΤΡΑΠΕΖΕΣ ΤΟΥ ΕΞΩΤΕΡΙΚΟΥ (ΧΕ 2349/2025 ),094014250,EUROBANK ERGASIAS ΥΠΗΡΕΣΙΩΝ ΚΑΙ ΣΥΜΜΕΤΟΧΩΝ ΑΝΩΝΥΜΗ ΕΤΑΙΡΕΙΑ,1.2,,0431α01
Ψ0Υ34690ΒΩ-ΑΝΙ,2025-11-07,ΠΡΟΜΗΘΕΙΑ ΥΓΕΙΟΝΟΜΙΚΟΥ ΥΛΙΚΟΥ (ΥΛΙΚΩΝ ΑΙΜΟΔΥΝΑΜΙΚΟΥ: Α) ΥΛΙΚΩΝ ΑΓΓΕΙΟΓΡΑΦΙΑΣ ΚΑΙ Β) ΑΓΓΕΙΑΚΩΝ ΠΡΟΘΕΣΕΩΝ) ME ΣΥΜΒΑΣΗ ΤΟΝ ΜΗΝΑ ΝΟΕΜΒΡΙΟ 2024 (ΣΥΜΒ. 202/2023 ΧΕ 2763/2024),094474807,BOSTON SCIENTIFIC ΕΛΛΑΣ ΜΟΝΟΠΡΟΣΩΠΗ ΑΝΩΝΥΜΗ ΕΤΑΙΡΕΙΑ ΙΑΤΡΙΚΑ ΕΡΓΑΛΕΙΑ ΕΛΑΧΙΣΤΑ ΕΠΕΜΒΑΤΙΚΑ,1864.5,,1311β01
96Θ44690ΒΩ-ΩΑ2,2025-11-07,ΠΡΟΜΗΘΕΙΑ ΤΡΑΠΕΖΙΚΩΝ ΕΡΓΑΣΙΩΝ ΓΙΑ ΕΞΕΡΧΟΜΕΝΕΣ ΜΕΤΑΦΟΡΕΣ ΠΙΣΤΩΣΕΩΝ ΣΕ ΤΡΑΠΕΖΕΣ ΤΟΥ ΕΞΩΤΕΡΙΚΟΥ (ΧΕ 2329/2025 ),094014250,EUROBANK ERGASIAS ΥΠΗΡΕΣΙΩΝ ΚΑΙ ΣΥΜΜΕΤΟΧΩΝ ΑΝΩΝΥΜΗ ΕΤΑΙΡΕΙΑ,1.2,,0431α01
Ψ1Ε84690ΒΩ-Ρ0Α,2025-11-07,"ΠΡΟΜΗΘΕΙΑ ΥΓΕΙΟΝΟΜΙΚΟΥ ΥΛΙΚΟΥ (ΤΑΙΝΙΕΣ ΦΛΟΥΟΡΟΣΚΕΙΝΗΣ), ΜΗΝΟΣ ΝΟΕΜΒΡΙΟΥ 2024, ΧΩΡΙΣ ΣΥΜΒΑΣΗ, ΜΕ ΑΠΟΦΑΣΗ ΔΙΟΙΚΗΤΗ 578/24, (ΑΠΟΦΑΣΗ ΔΣ 1/27-3-25 Θ.1 ΓΙΑ ΤΗ EΠΙΚΥΡΩΣΗ ΑΠΟΦΑΣΕΩΝ ΔΙΟΙΚΗΤΗ ΕΤΟΥΣ 2024) , ΣΥΜΦΩΝΑ ΜΕ ΤΙΣ ΔΙΑΤΑΞΕΙΣ ΤΟΥ Ν.5216/2025 αρθ.44 (ΦΕΚ 118/ τ.Α΄/07/07/2025) ΝΟΣ",094264251,ΟΜΜΑ ΛΑΙΤ ΦΑΡΜΑΚΕΥΤΙΚΑ  ΟΠΤΙΚΑ  ΙΑΤΡΙΚΑ ΑΝΩΝ ΕΜΠ ΕΤΑΙΡΕΙΑ,63.24,,1311β01
ΨΝΟΒ4690ΒΩ-ΚΚΨ,2025-11-07,"ΠΡΟΜΗΘΕΙΑ ΡΟΟΜΕΤΡΩΝ ΦΙΑΛΩΝ ΟΞΥΓΩΝΟΥ ΜΕ ΥΓΡΑΝΤΗΡΑ, ΜΗΝΟΣ ΝΟΕΜΒΡΙΟΥ 2024 , ΧΩΡΙΣ ΣΥΜΒΑΣΗ, ΜΕ ΑΠΟΦΑΣΗ ΔΙΟΙΚΗΤΗ 580/24 (ΑΠΟΦΑΣΗ ΔΣ 1/27-3-25 Θ.1 ΓΙΑ ΤΗ EΠΙΚΥΡΩΣΗ ΑΠΟΦΑΣΕΩΝ ΔΙΟΙΚΗΤΗ ΕΤΟΥΣ 2024), ΣΥΜΦΩΝΑ ΜΕ ΤΙΣ ΔΙΑΤΑΞΕΙΣ ΤΟΥ Ν.5216/2025 αρθ.44 (ΦΕΚ 118/ τ.Α΄/07/07/2025) ΝΟ",998210454,Α ΘΩΜΑΔΑΚΗΣ ΚΑΙ ΣΙΑ ΕΕ,140.58,,1429β01
ΨΠ3Α4690ΒΩ-Χ23,2025-11-07,"ΠΡΟΜΗΘΕΙΑ ΑΝΤΑΛΛΑΚΤΙΚΩΝ ΓΙΑ ΤΗΝ ΕΠΙΣΚΕΥΗ ΚΑΡΔΙΟΓΡΑΦΟΥ & ΘΕΡΜΙΚΟΥ ΕΚΤΥΠΩΤΗ, ΜΗΝΩΝ ΟΚΤΩΒΡΙΟΥ & ΝΟΕΜΒΡΙΟΥ 2024, ΧΩΡΙΣ ΣΥΜΒΑΣΗ, ΜΕ ΑΠΟΦΑΣΕΙΣ ΔΣ 33/25-7-24 Θ.6 & 23/16-5-24 Θ.13, ΣΥΜΦΩΝΑ ΜΕ ΤΙΣ ΔΙΑΤΑΞΕΙΣ ΤΟΥ Ν.5216/2025 αρθ.44 (ΦΕΚ 118/ τ.Α΄/07/07/2025)",011651035,"ΤΖΑΝΙΔΑΚΗΣ,,ΕΜΜΑΝΟΥΗΛ,ΤΗΛΕΜΑΧΟΣ",905.2,,1439β01
ΡΓΔΤ4690ΒΩ-9ΤΞ,2025-11-06,"ΠΡΟΜ.ΟΡΘΟΠΕΔ,ΠΡΟΣΘΕΤ.ΚΑΙ ΛΟΙΠΩΝ ΥΛΙΚΩΝ ΑΝΑΠΗΡΩΝ, ΜΗΝΟΣ ΟΚΤΩΒΡΙΟΥ 2024, ΧΩΡΙΣ ΣΥΜΒΑΣΗ, ΜΕ ΑΠΟΦΑΣΗ ΔΣ 45/27-9-24 Θ.49, ΣΥΜΦΩΝΑ ΜΕ ΤΙΣ ΔΙΑΤΑΞΕΙΣ ΤΟΥ Ν.5216/2025 αρθ.44 (ΦΕΚ 118/ τ.Α΄/07/07/2025)ΝΟΣ",999117743,ΙΑΤΡΙΚΑ ΠΕΝΥ ΕΤΑΙΡΙΑ ΠΕΡΙΟΡΙΣΜΕΝΗΣ ΕΥΘΥΝΗΣ,1828.38,,1313β01
ΨΖΩΦ4690ΒΩ-ΚΑΑ,2025-11-06,"ΠΡΟΜ.ΟΡΘΟΠΕΔ,ΠΡΟΣΘΕΤ.ΚΑΙ ΛΟΙΠΩΝ ΥΛΙΚΩΝ ΑΝΑΠΗΡΩΝ, ΜΗΝΟΣ ΝΟΕΜΒΡΙΟΥ 2024, ΧΩΡΙΣ ΣΥΜΒΑΣΗ, ΜΕ ΑΠΟΦΑΣΗ ΔΣ 40/12-9-24, ΣΥΜΦΩΝΑ ΜΕ ΤΙΣ ΔΙΑΤΑΞΕΙΣ ΤΟΥ Ν.5216/2025 αρθ.44 (ΦΕΚ 118/ τ.Α΄/07/07/2025)ΝΟΣ",999117743,ΙΑΤΡΙΚΑ ΠΕΝΥ ΕΤΑΙΡΙΑ ΠΕΡΙΟΡΙΣΜΕΝΗΣ ΕΥΘΥΝΗΣ,166.78,,1313β01
965Χ4690ΒΩ-Ο3Ε,2025-11-06,ΠΡΟΜΗΘΕΙΑ ΥΓΕΙΟΝΟΜΙΚΟΥ ΥΛΙΚΟΥ (ΙΑΤΡΙΚΟΣ ΡΟΥΧΙΣΜΟΣ) ΜΕ ΣΥΜΒΑΣΗ ΤΟ ΜΗΝΑ ΝΟΕΜΒΡΙΟ 2024 (ΧΕ 1778/25 ΣΥΜΒ.91/2024),094446034,Y LOGIMED ΜΟΝΟΠΡΟΣΩΠΗ ΑΝΩΝΥΜΗ ΕΤΑΙΡΕΙΑ ΕΙΣΑΓΩΓΗΣ ΕΜΠΟΡΙΑΣ ΚΑΙ ΕΦΟΔΙΑΣΜΟΥ ΙΑΤΡΟΤΕΧΝΟΛΟΓΙΚΩΝ ΠΡΟΙΟΝΤΩΝ,2879.24,,1311β01
ΡΨΖΥ4690ΒΩ-ΚΗΒ,2025-11-06,"ΠΡΟΜΗΘΕΙΑ ΥΓΕΙΟΝΟΜΙΚΟΥ ΥΛΙΚΟΥ (ΡΑΜΜΑΤΑ ) ΜΕ ΣΥΜΒΑΣΗ ( 602 /2024) ΓΙΑ ΤΟΥΣ ΜΗΝΕΣ ΝΟΕΜΒΡΙΟ 2024,ΔΕΚΕΜΒΡΙΟ 2024",998413964,ΑΤΛΑΣ ΜΕΝΤΙΚΑΛ ΕΜΠΟΡΙΑ ΙΑΤΡΟΦΑΡΜΑΚΕΥΤΙΚΩΝ ΚΑΙ ΙΑΤΡΟΤΕΧΝΟΛΟΓΙΚΩΝ ΕΙΔΩΝ ΑΝΩΝΥΜΗ ΕΤΑΙΡΕΙΑ,808.45,,1311β01
9Υ0Β4690ΒΩ-ΑΗΥ,2025-11-06,"ΠΡΟΜΗΘΕΙΑ ΥΓΕΙΟΝΟΜΙΚΟΥ ΥΛΙΚΟΥ (ΡΑΜΜΑΤΑ ) ΜΕ ΣΥΜΒΑΣΗ (ΧΕ 2231/2025 603 /2024) ΓΙΑ ΤΟΥΣ ΜΗΝΕΣ ΝΟΕΜΒΡΙΟ 2024,ΔΕΚΕΜΒΡΙΟ 2024",095367968,MEDICARE HELLAS ΑΝΩΝΥΜΗ ΕΤΑΙΡΕΙΑ ΕΜΠΟΡΙΑΣ ΝΟΣΟΚΟΜΕΙΑΚΩΝ ΕΙΔΩΝ,3397.46,,1311β01
9Σ8Δ4690ΒΩ-Ο5Φ,2025-11-06,"ΠΡΟΜΗΘΕΙΑ ΣΥΣΤΗΜΑΤΩΝ ΕΞΩΤΕΡΙΚΗΣ ΚΟΙΛΙΑΚΗΣ ΠΑΡΟΧΕΤΕΥΣΗΣ & ΚΟΙΛΙΑΚΩΝ ΚΑΘΕΤΗΡΩΝ, ΜΗΝΟΣ ΝΟΕΜΒΡΙΟΥ 2024, ΧΩΡΙΣ ΣΥΜΒΑΣΗ, ΜΕ ΑΠΟΦΑΣΗ ΔΙΟΙΚΗΤΗ 524/24, ΣΥΜΦΩΝΑ ΜΕ ΤΙΣ ΔΙΑΤΑΞΕΙΣ ΤΟΥ Ν.5216/2025 αρθ.44 (ΦΕΚ 118/ τ.Α΄/07/07/2025)",998856960,ΑΚΑΗΑΙ ΓΕΩΡΓΙΟΣ ΚΟΥΝΤΟΥΡΟΓΛΟΥ ΚΑΙ ΣΙΑ ΕΕ,1527.76,,1313β01
9Ζ1Ρ4690ΒΩ-ΥΘΝ,2025-11-06,"ΠΡΟΜΗΘΕΙΑ ΥΓΕΙΟΝΟΜΙΚΟΥ ΥΛΙΚΟΥ (ΧΕΙΡΟΥΡΓ. ΠΕΔΙΑ), ΜΗΝΟΣ ΝΟΕΜΒΡΙΟΥ 2024, ΧΩΡΙΣ ΣΥΜΒΑΣΗ, ΜΕ ΑΠΟΦΑΣΗ ΔΣ 4/31-1-24 Θ.8, ΣΥΜΦΩΝΑ ΜΕ ΤΙΣ ΔΙΑΤΑΞΕΙΣ ΤΟΥ Ν.5216/2025 αρθ.44 (ΦΕΚ 118/ τ.Α΄/07/07/2025)",072548120,"ΙΩΑΝΝΙΔΗΣ,,ΓΕΩΡΓΙΟΣ,ΙΩΑΝΝΗΣ",878.01,,1311β01
9ΛΟ24690ΒΩ-ΙΣΓ,2025-11-06,"ΠΡΟΜΗΘΕΙΑ ΥΓΕΙΟΝΟΜΙΚΟΥ ΥΛΙΚΟΥ ( ΔΙΑΛΥΜΑΤΑ ΔΙΤΤΑΝΘΡΑΚΙΚΩΝ), ΜΗΝΟΣ ΝΟΕΜΒΡΙΟΥ 2024, ΧΩΡΙΣ ΣΥΜΒΑΣΗ, ΜΕ ΑΠΟΦΑΣΗ ΔΙΟΙΚΗΤΑ 531/24 (ΑΠΟΦΑΣΗ ΔΣ 1/27-3-25 Θ.1 ΓΙΑ ΤΗ EΠΙΚΥΡΩΣΗ ΑΠΟΦΑΣΕΩΝ ΔΙΟΙΚΗΤΗ ΕΤΟΥΣ 2024), ΣΥΜΦΩΝΑ ΜΕ ΤΙΣ ΔΙΑΤΑΞΕΙΣ ΤΟΥ Ν.5216/2025 αρθ.44 (ΦΕΚ 118/ τ.Α΄/07/07/2025)",998283526,MEDIPRIME ΙΑΤΡΟΦΑΡΜΑΚΕΥΤΙΚΩΝ ΕΙΔΩΝ ΑΝΩΝΥΜΗ ΕΜΠΟΡΙΚΗ ΕΤΑΙΡΕΙΑ,566.57,,1311β01
Ψ8Σ44690ΒΩ-3ΞΠ,2025-11-06,ΠΡΟΜΗΘΕΙΑ ΥΓΕΙΟΝΟΜΙΚΟΥ ΥΛΙΚΟΥ (ΥΛΙΚΩΝ ΑΙΜΟΔΥΝΑΜΙΚΟΥ: Α) ΥΛΙΚΩΝ ΑΓΓΕΙΟΓΡΑΦΙΑΣ ΚΑΙ Β) ΑΓΓΕΙΑΚΩΝ ΠΡΟΘΕΣΕΩΝ )ΜΕ ΣΥΜΒΑΣΗ ΤΟΥΣ ΜΗΝΑ ΝΟΕΜΒΡΙΟ 2024 (ΣΥΜΒ. 205/2023 ΧΕ 2766/2024),095367968,MEDICARE HELLAS ΑΝΩΝΥΜΗ ΕΤΑΙΡΕΙΑ ΕΜΠΟΡΙΑΣ ΝΟΣΟΚΟΜΕΙΑΚΩΝ ΕΙΔΩΝ,384.21,,1311β01
9ΞΔΜ4690ΒΩ-ΣΑΨ,2025-11-06,ΠΡΟΜΗΘΕΙΑ ΥΓΕΙΟΝΟΜΙΚΟΥ ΥΛΙΚΟΥ (ΣΑΚΟΙ ΓΙΑ ΟΥΡΑ) ΜΕ ΣΥΜΒΑΣΗ ΤΟΝ ΜΗΝΑ ΝΟΕΜΒΡΙΟ 2024 (ΣΥΜΒ.520/2024 ΧΕ 2230/2025),094133588,ΓΕΝΙΚΗ ΧΗΜΙΚΩΝ ΠΡΟΙΟΝΤΩΝ ΑΕ,4246.77,,1311β01
ΡΚΓ44690ΒΩ-7ΨΣ,2025-11-06,ΠΡΟΜΗΘΕΙΑ ΥΓΕΙΟΝΟΜΙΚΟΥ ΥΛΙΚΟΥ ΜΕ ΣΥΜΒΑΣΗ (ΓΑΝΤΙΑ ΝΙΤΡΙΛΙΟΥ ) ME ΣΥΜΒΑΣΗ ΤΟΝ ΜΗΝΑ ΝΟΕΜΒΡΙΟ 2024(ΣΥΜΒ.18/2024),099370337,VIOLAK INTERNATIONAL ΝΟΣΟΚΟΜΕΙΑΚΟΥ ΕΞΟΠΛΙΣΜΟΥ ΑΝΩΝΥΜΗ ΕΜΠΟΡΙΚΗ ΕΤΑΙΡΕΙΑ,473.56,,1311β01
9ΜΟΡ4690ΒΩ-922,2025-11-06,ΠΡΟΜΗΘΕΙΑ ΥΓΕΙΟΝΟΜΙΚΟΥ ΥΛΙΚΟΥ (ΔΙΑΤΑΞΕΙΣ ΝΕΦΡΙΚΗΣ ΥΠΟΣΤΗΡΙΞΗΣ ) ΜΕ ΣΥΜΒΑΣΗ ΤΟΝ ΜΗΝΑ ΝΟΕΜΒΡΙΟ 2024 (ΣΥΜΒ.104/2024 ΧΕ 1678/2025),094251753,ΑΡΗΤΗ ΑΝΩΝΥΜΗ ΕΤΑΙΡΕΙΑ ΦΑΡΜΑΚΕΥΤΙΚΩΝ ΚΑΙ ΙΑΤΡΙΚΩΝ ΠΡΟΙΟΝΤΩΝ,2404.08,,1311β01
6ΙΩΛ4690ΒΩ-ΓΑΜ,2025-11-06,ΠΡΟΜΗΘΕΙΑ ΥΓΕΙΟΝΟΜΙΚΟΥ ΥΛΙΚΟΥ (ΔΙΑΤΑΞΕΙΣ ΝΕΦΡΙΚΗΣ ΥΠΟΣΤΗΡΙΞΗΣ ) ΜΕ ΣΥΜΒΑΣΗ ΤΟΝ ΜΗΝΑ ΝΟΕΜΒΡΙΟ 2024 (ΣΥΜΒ.105/2024 ΧΕ 1682/2025),094041553,DEMO ΑΝΩΝΥΜΟΣ ΒΙΟΜΗΧΑΝΙΚΗ ΚΑΙ ΕΜΠΟΡΙΚΗ ΕΤΑΙΡΕΙΑ ΦΑΡΜΑΚΩΝ,6470.98,,1311β01
99ΟΩ4690ΒΩ-ΖΜΤ,2025-11-06,ΠΡΟΜΗΘΕΙΑ ΥΓΕΙΟΝΟΜΙΚΟΥ ΥΛΙΚΟΥ ΜΕ ΣΥΜΒΑΣΗ ΤΟ ΜΗΝΑ ΝΟΕΜΒΡΙΟ 2024 (ΣΥΜΒ.610/2024 ΧΕ 2246/2025) ΣΥΜΦΩΝΑ ΜΕ ΤΙΣ ΔΙΑΤΑΞΕΙΣ ΤΟΥ Ν.5216/2025 αρθ.44 (ΦΕΚ 118/ τ.Α΄/07/07/2025),094446034,Y LOGIMED ΜΟΝΟΠΡΟΣΩΠΗ ΑΝΩΝΥΜΗ ΕΤΑΙΡΕΙΑ ΕΙΣΑΓΩΓΗΣ ΕΜΠΟΡΙΑΣ ΚΑΙ ΕΦΟΔΙΑΣΜΟΥ ΙΑΤΡΟΤΕΧΝΟΛΟΓΙΚΩΝ ΠΡΟΙΟΝΤΩΝ,178.54,,1311β01
60ΥΚ4690ΒΩ-Λ7Ρ,2025-11-06,ΠΡΟΜΗΘΕΙΑ ΥΓΕΙΟΝΟΜΙΚΟΥ ΥΛΙΚΟΥ (ΕΠΙΔΕΣΜΙΚΟΥ ΥΛΙΚΟΥ ) ΜΕ ΣΥΜΒΑΣΗ ΤΟΝ ΜΗΝΑ ΝΟΕΜΒΡΙΟ 2024 (ΣΥΜΒ. 606/2023 ΧΕ 2740/2024),099370337,VIOLAK INTERNATIONAL ΝΟΣΟΚΟΜΕΙΑΚΟΥ ΕΞΟΠΛΙΣΜΟΥ ΑΝΩΝΥΜΗ ΕΜΠΟΡΙΚΗ ΕΤΑΙΡΕΙΑ,535.28,,1311β01
9ΒΗΟ4690ΒΩ-ΞΑ5,2025-11-06,ΠΡΟΜΗΘΕΙΑ ΥΓΕΙΟΝΟΜΙΚΟΥ ΥΛΙΚΟΥ (ΠΡΟΪΟΝΤΑ ΥΓΙΕΙΝΗΣ ΑΠΟ ΧΑΡΤI ) ΜΕ ΣΥΜΒΑΣΗ ΤΟΝ ΜΗΝΑ ΝΟΕΜΒΡΙΟ 2024 (ΣΥΜΒ.763/2023 ΧΕ 1242/2025),997672386,ΥΓΕΙΟΔΥΝΑΜΙΚΗ ΑΝΩΝΥΜΗ ΕΤΑΙΡΕΙΑ ΙΑΤΡΙΚΩΝ ΕΦΟΔΙΩΝ,877.85,,1311β01
9ΦΒ84690ΒΩ-ΦΛΠ,2025-11-06,ΠΡΟΜΗΘΕΙΑ ΥΓΕΙΟΝΟΜΙΚΟΥ ΥΛΙΚΟΥ (ΥΛΙΚΩΝ ΑΙΜΟΔΥΝΑΜΙΚΟΥ: Α) ΥΛΙΚΩΝ ΑΓΓΕΙΟΓΡΑΦΙΑΣ ΚΑΙ Β) ΑΓΓΕΙΑΚΩΝ ΠΡΟΘΕΣΕΩΝ )ΜΕ ΣΥΜΒΑΣΗ ΤΟΥΣ ΜΗΝΑ ΝΟΕΜΒΡΙΟ 2024 (ΣΥΜΒ. 213/2023 ΧΕ 2763/2024),094396063,ΝΟΣΟΚΟΜΕΙΑΚΗ ΓΡΑΜΜΗ ΑΕ ΕΙΣΑΓΩΓΗΣ ΚΑΙ ΕΜΠΟΡΙΑΣ ΙΑΤΡΙΚΟΥ ΝΟΣΟΚΟΜΕΙΑΚΟΥ ΚΑΙ ΦΑΡΜΑΚΕΥΤΙΚΟΥ ΥΛΙΚΟΥ,347.2,,1311β01
6Φ8Β4690ΒΩ-ΩΘΒ,2025-11-06,ΣΥΝ/ΣΗ ΚΑΙ ΕΠΙΣΚΕΥΗ ΜΗΧΑΝΗΜAΤΩΝ (ENΔΟΣΚΟΠΙΟΥ ) ΜΕ ΣΥΜΒΑΣΗ ΑΠΟ 28/11/2023 ΕΩΣ 27/11/2024 (ΣΥΜΒ.180/2022 ΧΕ 2009/2023),094504367,ΕΝΔΟΣΚΟΠΙΚΗ ΑΝΩΝΥΜΟΣ ΕΜΠΟΡΙΚΗ ΕΤΑΙΡΕΙΑ ΙΑΤΡΙΚΩΝ ΕΙΔΩΝ,14999.66,,0887β01
9Θ3Μ4690ΒΩ-ΤΣΧ,2025-11-06,"ΠΡΟΜΗΘΕΙΑ ΑΠΟΛΥΜΑΝΤΙΚΟΥ ΥΛΙΚΟΥ ΜΕ ΣΥΜΒΑΣΗ ΤΟΥΣ ΜΗΝΕΣ ΣΕΠΤΕΜΒΡΙΟ 2024,ΟΚΤΩΒΡΙΟ 2024,ΝΟΕΜΒΡΙΟ 2024 ( ΧΕ 1199/2024 ΣΥΜΒ.218/2023)",999685389,ΠΕΤΡΟΣ ΧΑΡ ΚΟΣΜΙΔΗΣ ΚΑΙ ΣΙΑ ΕΕ,4646.53,,1351β01
60ΖΣ4690ΒΩ-6ΒΥ,2025-11-06,"ΠΡΟΜΗΘΕΙΑ ΔΙΤΡΟΧΟΥ ΚΑΡΟΤΣΙΟΥ ΒΑΡΕΩΣ ΤΥΠΟΥ, ΜΗΝΟΣ ΣΕΠΤΕΜΒΡΙΟΥ 2024, ΧΩΡΙΣ ΣΥΜΒΑΣΗ, ΜΕ ΑΠΟΦΑΣΗ ΔΣ 24/22-5-24 Θ15, ΣΥΜΦΩΝΑ ΜΕ ΤΙΣ ΔΙΑΤΑΞΕΙΣ ΤΟΥ Ν.5216/2025 αρθ.44 (ΦΕΚ 118/ τ.Α΄/07/07/2025)",801193708,ΜΙΝΩΙΚΗ ΗΡΑΚΛΕΙΟΥ ΜΟΝΟΠΡΟΣΩΠΗ ΙΚΕ,396.8,,9749β01
9ΔΗΞ4690ΒΩ-Λ7Ν,2025-11-06,"ΠΡΟΜΗΘΕΙΑ AIR VALVE 3 WAY, ΜΗΝΟΣ ΣΕΠΤΕΜΒΡΙΟΥ 2024, ΧΩΡΙΣ ΣΥΜΒΑΣΗ, ΜΕ ΑΠΟΦΑΣΗ ΔΣ 40/12-9-2024 Θ.15, ΧΩΡΙΣ ΣΥΜΒΑΣΗ, ΜΕ ΑΠΟΦΑΣΗ ΔΣ 40/12-9-2024 Θ.15, ΣΥΜΦΩΝΑ ΜΕ ΤΙΣ ΔΙΑΤΑΞΕΙΣ ΤΟΥ Ν.5216/2025 αρθ.44 (ΦΕΚ 118/ τ.Α΄/07/07/2025)",094138676,ΒΙΟΔΥΝΑΜΙΚΗ ΑΝΩΝΥΜΟΣ ΕΜΠΟΡΙΚΗ ΤΕΧΝΙΚΗ ΚΑΙ ΒΙΟΜΗΧΑΝΙΚΗ ΕΤΑΙΡΕΙΑ,726.14,,1439β01
9ΧΗΧ4690ΒΩ-5ΒΚ,2025-11-06,ΠΡΟΜΗΘΕΙΑ ΥΓΕΙΟΝΟΜΙΚΟΥ ΥΛΙΚΟΥ (ΥΛΙΚΩΝ ΑΙΜΟΔΥΝΑΜΙΚΟΥ: Α) ΥΛΙΚΩΝ ΑΓΓΕΙΟΓΡΑΦΙΑΣ ΚΑΙ Β) ΑΓΓΕΙΑΚΩΝ ΠΡΟΘΕΣΕΩΝ )ΜΕ ΣΥΜΒΑΣΗ ΤΟΥΣ ΜΗΝΑ ΝΟΕΜΒΡΙΟ 2024 (ΣΥΜΒ. 209/2023 ΧΕ 2769/2024),998477820,ZERONO ΑΝΩΝΥΜΗ ΕΤΑΙΡΕΙΑ ΕΙΣΑΓΩΓΗΣ ΕΞΑΓΩΓΗΣ ΚΑΙ ΕΜΠΟΡΙΑΣ ΙΑΤΡΟΦΑΡΜΑΚΕΥΤΙΚΟΥ ΥΛΙΚΟΥ,1488.0,,1311β01
6ΥΔΘ4690ΒΩ-ΣΚΕ,2025-11-04,ΠΡΟΜΗΘΕΙΑ ΛΟΙΠΟΥ ΧΗΜΙΚΟΥ ΥΛΙΚΟΥ (ΑΝΤΙΔΡΑΣΤΗΡΙΩΝ ΕΡΓΑΣΤΗΡΙΩΝ ) ΜΕ ΣΥΜΒΑΣΗ ΤΟΝ ΜΗΝΑ ΑΠΡΙΛΙΟ 2024 (ΣΥΜΒ.638/2023 ΧΕ 733/2025),084221869,VAKTRO AEBE,25.44,,1359β01
60ΠΧ4690ΒΩ-ΠΗ3,2025-11-04,"ΠΡΟΜ.ΟΡΘΟΠΕΔ,ΠΡΟΣΘΕΤ.ΚΑΙ ΛΟΙΠΩΝ ΥΛΙΚΩΝ ΑΝΑΠΗΡΩΝ ΜΕ ΣΥΜΒΑΣΗ ΤΟΝ ΜΗΝΑ ΦΕΒΡΟΥΑΡΙΟ 2023 (ΣΥΜΒ.79/2018 (1ο ΘΕΩΡ. Χ/Ε 459/2018), ΠΑΡΑΤΑΣΗ ΣΥΜΒΑΣΗΣ ΜΕ ΑΠΟΦ. Δ.Σ: 8/21-2-2019 (Θ. 14)",094437885,ΖΙΜΜΕR ΒΙΟΜΕΤ ΕΛΛΑΣ ΜΟΝΟΠΡΟΣΩΠΗ ΑΝΩΝΥΜΗ ΕΜΠΟΡΙΚΗ ΚΑΙ ΒΙΟΜΗΧΑΝΙΚΗ ΕΤΑΙΡΕΙΑ ΙΑΤΡΙΚΩΝ ΚΑΙ ΦΑΡΜΑΚΕΥΤΙΚΩΝ ΕΙΔΩΝ,1005.64,,1313β01
916Α4690ΒΩ-72Ξ,2025-11-04,ΙΑΤΡΙΚΟΣ ΕΞΟΠΛΙΣΜΟΣ (ΝΕΥΡΟΔΙΕΓΕΡΤΕΣ) ΜΕ ΣΥΜΒΑΣΗ ΤΟΝ ΜΗΝΑ ΙΟΥΝΙΟ 2024 (ΣΥΜΒ.292/2024) ΣΥΜΦΩΝΑ ΜΕ ΤΙΣ ΔΙΑΤΑΞΕΙΣ ΤΟΥ Ν. 5216/2025 αρθ.44 (ΦΕΚ 118 /τ. Α'/ 07-07-2025,997799268,DRAEGER HELLAS ΜΟΝΟΠΡΟΣΩΠΗ ΑΝΩΝΥΜΗ ΕΤΑΡΕΙΑ ΙΑΤΡΟΤΕΧΝΙΚΩΝ ΠΡΟΙΟΝΤΩΝ ΚΑΙ ΠΡΟΙΟΝΤΩΝ ΤΕΧΝΙΚΗΣ ΑΣΦΑΛΕΙΑΣ,7092.8,,9749β01
6ΖΛΘ4690ΒΩ-2Γ5,2025-11-04,ΠΡΟΜΗΘΕΙΑ ΥΓΕΙΟΝΟΜΙΚΟΥ ΥΛΙΚΟΥ (ΕΡΓΑΛΕΙΑ ΧΕΙΡΟΥΡΓΕΙΟΥ) ΜΕ ΣΥΜΒΑΣΗ ΤΟΝ ΜΗΝΑ ΑΠΡΙΛΙΟ 2023 (ΣΥΜΒ.54/2023 ΧΕ 581/2024) ΣΥΜΦΩΝΑ ΜΕ ΤΙΣ ΔΙΑΤΑΞΕΙΣ ΤΟΥ Ν. 5057/2023 αρθ.19 (ΦΕΚ 164/τ. Α΄/6-10-2023),082525697,ΑΝΑΣΤΑΣΙΟΣ ΜΑΥΡΟΓΕΝΗΣ ΙΑΤΡΟΤΕΧΝΟΛΟΓΙΚΑ ΕΙΔΗ ΑΝΩΝΥΜΗ ΕΤΑΙΡΕΙΑ,682.0,,1311β01
ΨΡ164690ΒΩ-Ω6Ψ,2025-11-04,ΠΡΟΜΗΘΕΙΑ ΑΠΟΛΥΜΑΝΤΙΚΟΥ ΥΛΙΚΟΥ ΜΕ ΣΥΜΒΑΣΗ ΤΟ ΜΗΝA ΟΚΤΟΒΡΙΟ 2024 (ΧΕ 1199/2024 ΣΥΜΒ.221/2023,999862491,PAUL HARTMANΝ HELLAS ΑΝΩΝΥΜΗ ΕΤΑΙΡΕΙΑ ΕΜΠΟΡΙΑΣ ΚΑΙ ΚΑΤΑΣΚΕΥΗΣ ΙΑΤΡΙΚΩΝ ΠΡΟΙΟΝΤΩΝ ΚΑΙ ΠΡΟΙΟΝΤΩΝ ΑΤΟΜΙΚΗΣ ΥΓΙΕΙΝΗΣ,198.4,,1351β01
97Θ64690ΒΩ-4ΔΣ,2025-11-04,"ΠΡΟΜΗΘΕΙΑ ΡΑΦΙΩΝ, ΜΗΝΟΣ ΟΚΤΩΒΡΙΟΥ 2024, ΧΩΡΙΣ ΣΥΜΒΑΣΗ, ΜΕ ΑΠΟΦΑΣΗ ΔΣ 40/12-9-24 Θ.20, ΣΥΜΦΩΝΑ ΜΕ ΤΙΣ ΔΙΑΤΑΞΕΙΣ ΤΟΥ Ν.5216/2025 αρθ.44 (ΦΕΚ 118/ τ.Α΄/07/07/2025)",082947452,ΓΡΗΓΟΡΙΟΣ ΤΕΧΛΕΜΕΤΖΗΣ ΚΑΙ ΣΙΑ ΟΕ,2099.8,,1429β01
ΨΠΤΑ4690ΒΩ-56Ζ,2025-11-04,"ΠΡΟΜΗΘΕΙΑ ΕΚΠΑΙΔΕΥΤΙΚΟΥ ΓΙΛΕΚΟΥ ΠΝΙΓΜΟΝΗΣ, ΜΗΝΟΣ ΟΚΤΩΒΡΙΟΥ 2024, ΧΩΡΙΣ ΣΥΜΒΑΣΗ, ΜΕ ΑΠΟΦΑΣΗ ΔΣ 45/27-9-24 Θ.32, ΣΥΜΦΩΝΑ ΜΕ ΤΙΣ ΔΙΑΤΑΞΕΙΣ ΤΟΥ Ν.5216/2025 αρθ.44 (ΦΕΚ 118/ τ.Α΄/07/07/2025",999735059,ΧΑΤΖΗΑΝΑΣΤΑΣΙΟΥ Χ ΚΑΙ ΣΙΑ ΟΕ,357.12,,0899β01
Ψ3ΝΔ4690ΒΩ-Ψ2Υ,2025-11-04,ΠΡΟΜΗΘΕΙΑ ΤΡΑΠΕΖΙΚΩΝ ΕΡΓΑΣΙΩΝ ΓΙΑ ΕΞΕΡΧΟΜΕΝΕΣ ΜΕΤΑΦΟΡΕΣ ΠΙΣΤΩΣΕΩΝ ΣΕ ΤΡΑΠΕΖΕΣ ΤΟΥ ΕΞΩΤΕΡΙΚΟΥ (ΧΕ 2265/2025),094014250,EUROBANK ERGASIAS ΥΠΗΡΕΣΙΩΝ ΚΑΙ ΣΥΜΜΕΤΟΧΩΝ ΑΝΩΝΥΜΗ ΕΤΑΙΡΕΙΑ,1.2,,0431α01
6ΥΠΓ4690ΒΩ-ΩΚ3,2025-11-04,"ΠΡΟΜΗΘΕΙΑ ΤΡΟΧΗΛΑΤΩΝ ΤΡΑΠΕΖΙΩΝ, ΜΗΝΟΣ ΝΟΕΜΒΡΙΟΥ 2024, ΧΩΡΙΣ ΣΥΜΒΑΣΗ, ΜΕ ΑΠΟΦΑΣΗ ΔΣ 40/12-9-24 Θ.9, ΣΥΜΦΩΝΑ ΜΕ ΤΙΣ ΔΙΑΤΑΞΕΙΣ ΤΟΥ Ν.5216/2025 αρθ.44 (ΦΕΚ 118/ τ.Α΄/07/07/2025)",998618379,ΔΕΜΕΡΤΖΗ Μ ΚΑΙ ΣΙΑ ΕΕ,892.8,,9749β01
605Α4690ΒΩ-ΨΥΥ,2025-11-04,"ΠΡΟΜΗΘΕΙΑ ΣΤΑΤΩ ΟΡΟΥ ΙΝΟΧ, ΜΗΝΟΣ ΝΟΕΜΒΡΙΟΥ 2024, ΧΩΡΙΣ ΣΥΜΒΑΣΗ, ΜΕ ΑΠΟΦΑΣΗ ΔΣ 42/19-9-24 Θ.4, (ΑΠΟΦΑΣΗ ΔΣ 1/27-3-25 Θ.1 ΓΙΑ ΤΗ EΠΙΚΥΡΩΣΗ ΑΠΟΦΑΣΕΩΝ ΔΙΟΙΚΗΤΗ ΕΤΟΥΣ 2024), ΣΥΜΦΩΝΑ ΜΕ ΤΙΣ ΔΙΑΤΑΞΕΙΣ ΤΟΥ Ν.5216/2025 αρθ.44 (ΦΕΚ 118/ τ.Α΄/07/07/2025), ΝΟΣ",998618379,ΔΕΜΕΡΤΖΗ Μ ΚΑΙ ΣΙΑ ΕΕ,254.2,,1429β01
ΨΡΔΧ4690ΒΩ-1ΜΨ,2025-11-04,"ΠΡΟΜΗΘΕΙΑ ΜΑΡΚΑΔΟΡΩΝ & ΘΕΡΜΙΚΩΝ ΕΤΙΚΕΤΩΝ, ΜΗΝΟΣ ΝΟΕΜΒΡΙΟΥ 2024, ΧΩΡΙΣ ΣΥΜΒΑΣΗ, ΜΕ ΑΠΟΦΑΣΗ ΔΣ 45/27-9-24 Θ.38, ΣΥΜΦΩΝΑ ΜΕ ΤΙΣ ΔΙΑΤΑΞΕΙΣ ΤΟΥ Ν.5216/2025 αρθ.44 (ΦΕΚ 118/ τ.Α΄/07/07/2025)ΝΟΣ",800187440,ΕΥΑΓΓΕΛΟΣ ΔΑΝΙΗΛ ΚΑΙ ΣΙΑ ΟΕ,349.06,,1261β01
ΨΣΧΧ4690ΒΩ-Χ5Ζ,2025-11-04,"ΕΠΙΣΚΕΥΗ ΠΛΥΝΤΗΡΙΟΥ, ΜΗΝΟΣ ΝΟΕΜΒΡΙΟΥ 2024, ΧΩΡΙΣ ΣΥΜΒΑΣΗ, ΜΕ ΑΠΟΦΑΣΗ ΔΣ 45/27-9-24 Θ.47 ΣΥΜΦΩΝΑ ΜΕ ΤΙΣ ΔΙΑΤΑΞΕΙΣ ΤΟΥ Ν.5216/2025 αρθ.44 (ΦΕΚ 118/ τ.Α΄/07/07/2025)",094285848,ΞΕΝΕΞ  ΑΝΑΣΤΑΣΙΟΣ ΚΙΟΥΛΠΑΠΑΣ ΑΝΩΝΥΜΗ ΕΤΑΙΡΕΙΑ ΕΞΟΠΛΙΣΜΩΝ ΠΛΥΝΤΗΡΙΩΝ ΜΑΓΕΙΡΕΙΩΝ,1488.0,,0887β01
6Τ8Ε4690ΒΩ-Ο4Λ,2025-11-04,"ΠΡΟΜΗΘΕΙΑ ΛΑΜΠΤΗΡΩΝ, ΜΗΝΟΣ ΝΟΕΜΒΡΙΟΥ 2024, ΧΩΡΙΣ ΣΥΜΒΑΣΗ, ΜΕ ΑΠΟΦΑΣΗ ΔΙΟΙΚΗΤΗ 477/24 (ΑΠΟΦΑΣΗ ΔΣ 1/27-3-25 Θ.1 ΓΙΑ ΤΗ EΠΙΚΥΡΩΣΗ ΑΠΟΦΑΣΕΩΝ ΔΙΟΙΚΗΤΗ ΕΤΟΥΣ 2024), ΣΥΜΦΩΝΑ ΜΕ ΤΙΣ ΔΙΑΤΑΞΕΙΣ ΤΟΥ Ν.5216/2025 αρθ.44 (ΦΕΚ 118/ τ.Α΄/07/07/2025)",099965738,Α ΚΟΡΟΜΗΛΑΣ ΚΑΙ ΣΙΑ ΟΕ,917.6,,1439β01
Ψ9ΦΚ4690ΒΩ-32Ψ,2025-11-04,"ΠΡΟΜ.ΓΡΑΦ.ΥΛΗΣ(ΜΑΡΚΑΔΟΡΟΙ, ΓΟΜΕΣ, ΞΥΣΤΡΕΣ) , ΜΗΝΟΣ ΝΟΕΜΒΡΙΟΥ 2024, ΧΩΡΙΣ ΣΥΜΒΑΣΗ, ΜΕ ΑΠΟΦΑΣΗ ΔΣ 12/13-3-24 Θ.2, ΣΥΜΦΩΝΑ ΜΕ ΤΙΣ ΔΙΑΤΑΞΕΙΣ ΤΟΥ Ν.5216/2025 αρθ.44 (ΦΕΚ 118/ τ.Α΄/07/07/2025) ΑΡΙΑΔΝΗ",073273209,"ΜΑΓΓΙΩΡΗΣ,,ΑΛΕΞΑΝΔΡΟΣ,ΑΘΑΝΑΣΙΟΣ",82.93,,1261β05
6ΞΣΦ4690ΒΩ-ΒΥ7,2025-11-04,"ΠΡΟΜ.ΓΡΑΦ.ΥΛΗΣ ΚΑΙ ΜΙΚΡΟΑΝΤΙΚΕΙΜ.ΓΡΑΦΕΙΟΥ (ΜΑΡΚΑΔΟΡΟΙ, ΠΙΝΕΛΑ), ΜΗΝΟΣ ΝΟΕΜΒΡΙΟΥ 2024, ΧΩΡΙΣ ΣΥΜΒΑΣΗ, ΜΕ ΑΠΟΦΑΣΗ ΔΣ 55/11-12-23 Θ.16 ΣΥΜΦΩΝΑ ΜΕ ΤΙΣ ΔΙΑΤΑΞΕΙΣ ΤΟΥ Ν.5216/2025 αρθ.44 (ΦΕΚ 118/ τ.Α΄/07/07/2025) ΝΟΣ",073273209,"ΜΑΓΓΙΩΡΗΣ,,ΑΛΕΞΑΝΔΡΟΣ,ΑΘΑΝΑΣΙΟΣ",74.51,,1261β01
ΨΩΤ44690ΒΩ-8Ο7,2025-11-04,"ΠΡΟΜΗΘΕΙΑ ΜΗΝΟΣ ΝΟΕΜΒΡΙΟΥ 2024, ΧΩΡΙΣ ΣΥΜΒΑΣΗ, ΜΕ ΑΠΟΦΑΣΗ ΔΣ 33/25-7-24 Θ.6, ΣΥΜΦΩΝΑ ΜΕ ΤΙΣ ΔΙΑΤΑΞΕΙΣ ΤΟΥ Ν.5216/2025 αρθ.44 (ΦΕΚ 118/ τ.Α΄/07/07/2025)",998361490,KARL STORZ ENDOSKOPE GREECE GMBH ΜΟΝΟΠΡΟΣΩΠΗ ΕΤΑΙΡΙΑ ΠΕΡΙΟΡΙΣΜΕΝΗΣ ΕΥΘΥΝΗΣ,762.85,,1439β01
Ψ3Ξ54690ΒΩ-ΨΛΥ,2025-11-04,"ΕΠΙΣΚΕΥΗ BPM-190 SENTRY PLUS, ΜΗΝΟΣ ΝΟΕΜΒΡΙΟΥ 2024, ΧΩΡΙΣ ΣΥΜΒΑΣΗ, ΜΕ ΑΠΟΦΑΣΗ ΔΙΟΙΚΗΤΗ 477/24 (ΑΠΟΦΑΣΗ ΔΣ 1/27-3-25 Θ.1 ΓΙΑ ΤΗ EΠΙΚΥΡΩΣΗ ΑΠΟΦΑΣΕΩΝ ΔΙΟΙΚΗΤΗ ΕΤΟΥΣ 2024), ΣΥΜΦΩΝΑ ΜΕ ΤΙΣ ΔΙΑΤΑΞΕΙΣ ΤΟΥ Ν.5216/2025 αρθ.44 (ΦΕΚ 118/ τ.Α΄/07/07/2025) ΝΟ",094177837,Μ Ι ΠΡΙΝΙΩΤΑΚΗΣ ΕΠΙΣΤΗΜΟΝΙΚΕΣ ΣΥΣΚΕΥΕΣ ΚΑΙ ΟΡΓΑΝΑ ΑΝΩΝΥΜΟΣ ΕΜΠΟΡIKH ΚΑΙ ΒΙΟΜΗΧANIKH ΕΤΑΙΡΕΙΑ,62.0,,0887β01
ΨΙΛ64690ΒΩ-ΔΘΓ,2025-11-04,"ΠΡΟΜΗΘΕΙΑ ΠΟΛΥΘΡΟΝΑΣ ΓΡΑΦΕΙΟΥ, ΜΗΝΟΣ ΝΟΕΜΒΡΙΟΥ 2024, ΧΩΡΙΣ ΣΥΜΒΑΣΗ, ΜΕ ΑΠΟΦΑΣΗ ΔΙΟΙΚΗΤΗ 521/24 (ΑΠΟΦΑΣΗ ΔΣ 1/27- 3-25 Θ.1 ΓΙΑ ΤΗ EΠΙΚΥΡΩΣΗ ΑΠΟΦΑΣΕΩΝ ΔΙΟΙΚΗΤΗ ΕΤΟΥΣ 2024), ΣΥΜΦΩΝΑ ΜΕ ΤΙΣ ΔΙΑΤΑΞΕΙΣ ΤΟΥ Ν.5216/2025 αρθ.44 (ΦΕΚ 118/ τ.Α΄/07/07/2025)",800912666,ΔΗΜΗΤΡΙΟΣ Ν ΚΟΥΤΟΥΠΗΣ ΜΟΝΟΠΡΟΣΩΠΗ ΙΔΙΩΤΙΚΗ ΚΕΦΑΛΑΙΟΥΧΙΚΗ ΕΤΑΙΡΕΙΑ,223.2,,7111β01
Ψ1ΘΠ4690ΒΩ-ΒΧ0,2025-11-04,"ΠΡΟΜΗΘΕΙΑ ΑΝΤΑΛ/ΚΟΥ NIBP MODULE, ΜΗΝΟΣ ΝΟΕΜΒΡΙΟΥ 2024, ΧΩΡΙΣ ΣΥΜΒΑΣΗ, ΜΕ ΑΠΟΦΑΣΗ ΔΙΟΙΚΗΤΗ 447/24 (ΑΠΟΦΑΣΗ ΔΣ 1/27- 3-25 Θ.1 ΓΙΑ ΤΗ EΠΙΚΥΡΩΣΗ ΑΠΟΦΑΣΕΩΝ ΔΙΟΙΚΗΤΗ ΕΤΟΥΣ 2024), ΣΥΜΦΩΝΑ ΜΕ ΤΙΣ ΔΙΑΤΑΞΕΙΣ ΤΟΥ Ν.5216/2025 αρθ.44 (ΦΕΚ 118/ τ.Α΄/07/07/2025)",094177837,Μ Ι ΠΡΙΝΙΩΤΑΚΗΣ ΕΠΙΣΤΗΜΟΝΙΚΕΣ ΣΥΣΚΕΥΕΣ ΚΑΙ ΟΡΓΑΝΑ ΑΝΩΝΥΜΟΣ ΕΜΠΟΡIKH ΚΑΙ ΒΙΟΜΗΧANIKH ΕΤΑΙΡΕΙΑ,347.2,,1439β01
ΨΕΚ34690ΒΩ-ΤΛ8,2025-11-04,"ΠΡΟΜΗΘΕΙΑ ΣΦΟΥΓΓΑΡΙΩΝ, ΜΗΝΟΣ ΔΕΚΕΜΒΡΙΟΥ 2024, ΧΩΡΙΣ ΣΥΥΜΒΑΣΗ, ΜΕ ΑΠΟΦΑΣΗ ΔΙΟΙΚΗΤΗ 526/24 (ΑΠΟΦΑΣΗ ΔΣ 1/27-3-25 Θ.1 ΓΙΑ ΤΗ EΠΙΚΥΡΩΣΗ ΑΠΟΦΑΣΕΩΝ ΔΙΟΙΚΗΤΗ ΕΤΟΥΣ 2024) ΣΥΜΦΩΝΑ ΜΕ ΤΙΣ ΔΙΑΤΑΞΕΙΣ ΤΟΥ Ν.5216/2025 αρθ.44 (ΦΕΚ 118/ τ.Α΄/07/07/2025)",093401589,ΛΕΩΝΙΔΑΣ ΚΑΝΕΛΛΟΣ ΚΑΙ ΣΙΑ Ο Ε,154.38,,1381β01
6ΣΒ34690ΒΩ-Ε35,2025-11-04,"ΠΡΟΜΗΘΕΙΑ ΒΑΛΒΙΔΩΝ , SOLENOIL VALVE , ΜΗΝΟΣ ΟΚΤΩΒΡΙΟΥ 2024, ΧΩΡΙΣ ΣΥΜΒΑΣΗ, ΜΕ ΑΠΟΦΑΣΗ ΔΣ 45/27-9-24 Θ.47, ΣΥΜΦΩΝΑ ΜΕ ΤΙΣ ΔΙΑΤΑΞΕΙΣ ΤΟΥ Ν.5216/2025 αρθ.44 (ΦΕΚ 118/ τ.Α΄/07/07/2025)",094285848,ΞΕΝΕΞ  ΑΝΑΣΤΑΣΙΟΣ ΚΙΟΥΛΠΑΠΑΣ ΑΝΩΝΥΜΗ ΕΤΑΙΡΕΙΑ ΕΞΟΠΛΙΣΜΩΝ ΠΛΥΝΤΗΡΙΩΝ ΜΑΓΕΙΡΕΙΩΝ,699.05,,1429β01
ΨΑΦΥ4690ΒΩ-Μ49,2025-11-04,"ΠΡΟΜΗΘΕΙΑ ΛΑΒΙΔΩΝ 2024, ΧΩΡΙΣ ΣΥΜΒΑΣΗ, ΜΕ ΑΠΟΦΑΣΗ ΔΣ 5/8-2-24 Θ.15 ,ΣΥΜΦΩΝΑ ΜΕ ΤΙΣ ΔΙΑΤΑΞΕΙΣ ΤΟΥ Ν.5216/2025 αρθ.44 (ΦΕΚ 118/ τ.Α΄/07/07/2025)",998170464,ΚΑΧΙΩΝΗΣ Α Π ΙΩΑΚΕΙΜΙΔΟΥ ΟΕ,471.2,,1439β01
62Σ34690ΒΩ-ΩΨ7,2025-11-04,"ΠΡΟΜΗΘΕΙΑ ΑΠΟΛΥΜΑΝΤΙΚΟΥ ΥΛΙΚΟΥ, ΜΗΝΟΣ ΣΕΠΤΕΜΒΡΙΟΥ 2024, ΧΩΡΙΣ ΣΥΜΒΑΣΗ, ΜΕ ΑΠΟΦΑΣΗ ΔΣ 39/5-9-24 Θ.16 ΣΥΜΦΩΝΑ ΜΕ ΤΙΣ ΔΙΑΤΑΞΕΙΣ ΤΟΥ Ν.5216/2025 αρθ.44 (ΦΕΚ 118/ τ.Α΄/07/07/2025) ΝΟΣ",999685389,ΠΕΤΡΟΣ ΧΑΡ ΚΟΣΜΙΔΗΣ ΚΑΙ ΣΙΑ ΕΕ,715.5,,1351β01
9ΠΕΤ4690ΒΩ-6ΩΩ,2025-11-04,"ΠΑΡΑΚΛΙΝΙΚΕΣ ΕΞΕΤΑΣΕΙΣ ΤΩΝ ΑΣΘΕΝΩΝ ΤΟΥ ΝΟΣΟΚΟΜΕΙΟΥ ΓΙΑ ΤΟ ΜΗΝΑ ΣΕΠΤΕΜΒΡΙΟ 2024, ΣΥΜΦΩΝΑ ΜΕ ΤΙΣ ΔΙΑΤΑΞΕΙΣ ΤΟΥ Ν.5216/2025 αρθ.44 (ΦΕΚ 118/ τ.Α΄/07/07/2025)",090074403,ΓΕΝΙΚΟ ΝΟΣΟΚΟΜΕΙΟ ΠΑΠΑΓΕΩΡΓΙΟΥ,242.38,,0439β01
Ψ2ΗΗ4690ΒΩ-0ΝΤ,2025-11-04,"ΠΡΟΜΗΘΕΙΑ ΗΜΕΡΟΛΟΓΙΩΝ 2025, ΜΗΝΟΣ ΟΚΤΩΒΡΙΟΥ 2025, ΧΩΡΙΣ ΣΥΜΒΑΣΗ, ΜΕ ΑΠΟΦΑΣΗ ΔΣ 45/27-9-24 Θ.38, ΣΥΜΦΩΝΑ ΜΕ ΤΙΣ ΔΙΑΤΑΞΕΙΣ ΤΟΥ Ν.5216/2025 αρθ.44 (ΦΕΚ 118/ τ.Α΄/07/07/2025) ΚΨΥ",800187440,ΕΥΑΓΓΕΛΟΣ ΔΑΝΙΗΛ ΚΑΙ ΣΙΑ ΟΕ,47.12,,1261β09
ΨΒ734690ΒΩ-ΔΗΖ,2025-11-04,"ΣΥΝΤ-ΕΠΙΣΚ.ΛΟΙΠ.ΜΟΝΙΜ.ΕΓΚΑΤ.ΠΕΡΙΛΑΜΒΑΝ. (ΤΟΠΟΘΕΤΗΣΗ ΣΥΣΤΗΜΑΤΩΝ ΜΕΤΑΛΛΙΚΩΝ ΡΑΦΙΩΝ), ΜΗΝΟΣ ΟΚΤΩΒΡΙΟΥ 2024, ΧΩΡΙΣ ΣΥΜΒΑΣΗ, ΜΕ ΑΠΟΦΑΣΗ ΔΣ 40/12-9-24 Θ.20, ΣΥΜΦΩΝΑ ΜΕ ΤΙΣ ΔΙΑΤΑΞΕΙΣ ΤΟΥ Ν.5216/2025 αρθ.44 (ΦΕΚ 118/ τ.Α΄/07/07/2025) ΝΟΣ",082947452,ΓΡΗΓΟΡΙΟΣ ΤΕΧΛΕΜΕΤΖΗΣ ΚΑΙ ΣΙΑ ΟΕ,930.0,,0879β01
ΨΣΡ54690ΒΩ-Δ6Τ,2025-11-04,"ΠΡΟΜΗΘΕΙΑ ΕΝΔΙΑΜΕΣΟΥ ΚΑΛΩΔΙΟΥ ΠΑΛΜΙΚΗΣ ΟΞΥΜΕΤΡΙΑΣ 3,6, ΜΗΝΟΣ ΔΕΚΕΜΒΡΙΟΥ 2024, ΧΩΡΙΣ ΣΥΜΒΑΣΗ, ΜΕ ΑΠΟΦΑΣΗ ΔΙΟΙΚΗΤΗ 763/24, (ΑΠΟΦΑΣΗ ΔΣ 1/27-3-25 Θ.1 ΓΙΑ ΤΗ EΠΙΚΥΡΩΣΗ ΑΠΟΦΑΣΕΩΝ ΔΙΟΙΚΗΤΗ ΕΤΟΥΣ 2024)ΣΥΜΦΩΝΑ ΜΕ ΤΙΣ ΔΙΑΤΑΞΕΙΣ ΤΟΥ Ν.5216/2025 αρθ.44 (ΦΕΚ 118/ τ.Α΄/07/07/2025)",094497279,SANTAIR ΑΝΩΝΥΜΗ ΕΤΑΙΡΙΑ ΙΑΤΡΙΚΩΝ ΕΦΑΡΜΟΓΩΝ,595.2,,1439β01
60Ξ64690ΒΩ-Η2Ρ,2025-11-04,"ΠΡΟΜΗΘΕΙΑ ΕΠΙΠΛΩΝ (ΤΡΟΧΗΛΑΤΑ ΚΑΘΙΣΜΑΤΑ, ΤΡΑΠΕΖΙ), ΜΗΝΟΣ ΟΚΤΩΒΡΙΟΥ 2024, ΧΩΡΙΣ ΣΥΜΒΑΣΗ, ΜΕ ΑΠΟΦΑΣΗ ΔΣ 32/18-7-24 Θ.15, ΣΥΜΦΩΝΑ ΜΕ ΤΙΣ ΔΙΑΤΑΞΕΙΣ ΤΟΥ Ν.5216/2025 αρθ.44 (ΦΕΚ 118/ τ.Α΄/07/07/2025) ΝΟΣ",095380677,ΚΑS ΕΛΛΑΣ ΕΜΠΟΡΙΟ ΕΠΙΠΛΩΝ ΑΝΩΝΥΜΗ ΕΤΑΙΡΕΙΑ,1056.48,,7111β01
9Θ9Χ4690ΒΩ-ΦΝΒ,2025-11-03,ΑΥΤΟΜΑΤΗ ΕΓΓΡΑΦΗ (ΤΡΑΠΕΖΙΚΑ ΕΞΟΔΑ ) ΛΟΓΑΡΙΣΜΟΥ ΓΙΑ ΠΛΗΡΩΜΕΣ ΠΡΟΜΗΘΕΥΤΩΝ,094014213,ΤΡΑΠΕΖΑ ΤΗΣ ΕΛΛΑΔΟΣ ΑΕ,72.5,,0431α01
ΨΦΨ54690ΒΩ-Ζ45,2025-11-03,ΑΥΤΟΜΑΤΗ ΕΓΓΡΑΦΗ (ΤΡΑΠΕΖΙΚΑ ΕΞΟΔΑ ) ΛΟΓΑΡΙΣΜΟΥ ΓΙΑ ΠΛΗΡΩΜΕΣ ΠΡΟΜΗΘΕΥΤΩΝ,094014250,EUROBANK ERGASIAS ΥΠΗΡΕΣΙΩΝ ΚΑΙ ΣΥΜΜΕΤΟΧΩΝ ΑΝΩΝΥΜΗ ΕΤΑΙΡΕΙΑ,76.4,,0431α01
9Δ974690ΒΩ-Δ3Κ,2025-10-31,ΠΡΟΜΗΘΕΙΑ ΥΓΕΙΟΝΟΜΙΚΟΥ ΥΛΙΚΟΥ ΜΕ ΣΥΜΒΑΣΗ  (ΓΑΝΤΙΑ ΝΙΤΡΙΛΙΟΥ )  ( ΧΕ 2212/2025 ΣΥΜ.17/2024) ΓΙΑ ΤΟ  ΜΗΝΑ  ΟΚΤΩΒΡΙΟ 2024,094326835,ΑΝΩΝΥΜΗ ΕΙΣΑΓΩΓΙΚΗ ΕΜΠΟΡΙΚΗ ΕΤΑΙΡΕΙΑ ΙΑΤΡΙΚΩΝ ΕΙΔΩΝ ΞΕΝΟΦΩΝ ΓΕΡΜΑΝΟΣ,1378.0,,1311β01
9ΙΡ74690ΒΩ-ΦΞ8,2025-10-31,ΠΡΟΜΗΘΕΙΑ ΥΓΕΙΟΝΟΜΙΚΟΥ ΥΛΙΚΟΥ (ΡΑΜΜΑΤΑ ) ΜΕ ΣΥΜΒΑΣΗ (ΧΕ 2231/2025 604/2024) ΓΙΑ ΤΟ ΜΗΝΑ ΟΚΤΩΒΡΙΟ 2024,082525697,ΑΝΑΣΤΑΣΙΟΣ ΜΑΥΡΟΓΕΝΗΣ ΙΑΤΡΟΤΕΧΝΟΛΟΓΙΚΑ ΕΙΔΗ ΑΝΩΝΥΜΗ ΕΤΑΙΡΕΙΑ,7574.61,,1311β01
9Δ4Ψ4690ΒΩ-ΙΩΙ,2025-10-31,ΑΙΤΙΟΛΟΓΙΑ : ΠΡΟΜΗΘΕΙΑ ΥΓΕΙΟΝΟΜΙΚΟΥ ΥΛΙΚΟΥ (ΕΠΙΔΕΣΜΙΚΟΥ ΥΛΙΚΟΥ ) ΜΕ ΣΥΜΒΑΣΗ ΤΟΝ  ΜΗΝΑ ΟΚΤΩΒΡΙΟ 2024 (ΣΥΜΒ. 614/2023 ΧΕ 2740/2024,800407176,Ι Γ ΡΟΔΟΠΟΥΛΟΣ ΚΑΙ ΣΙΑ ΕΕ,1789.92,,1311β01
9Ν4Β4690ΒΩ-Γ2Ι,2025-10-31,ΥΓΕΙΟΝΟΜΙΚΟ 2 ME ΣΥΜΒΑΣΗ ΤΟΝ ΜΗΝΑ ΟΚΤΩΒΡΙΟ 2024 (ΣΥΜΒ.610/2024 ΧΕ 2246/2025) ΣΥΜΦΩΝΑ ΜΕ ΤΙΣ ΔΙΑΤΑΞΕΙΣ ΤΟΥ Ν. 5161/2024 αρθ.14 (ΦΕΚ 196/τ. Α΄/29-11-2024,094446034,Y LOGIMED ΜΟΝΟΠΡΟΣΩΠΗ ΑΝΩΝΥΜΗ ΕΤΑΙΡΕΙΑ ΕΙΣΑΓΩΓΗΣ ΕΜΠΟΡΙΑΣ ΚΑΙ ΕΦΟΔΙΑΣΜΟΥ ΙΑΤΡΟΤΕΧΝΟΛΟΓΙΚΩΝ ΠΡΟΙΟΝΤΩΝ,4068.0,,1311β01
6ΥΕ54690ΒΩ-ΕΓΖ,2025-10-31,ΠΡΟΜΗΘΕΙΑ ΥΓΕΙΟΝΟΜΙΚΟΥ ΥΛΙΚΟΥ (ΕΠΙΔΕΣΜΙΚΟΥ ΥΛΙΚΟΥ ) ΜΕ ΣΥΜΒΑΣΗ ΤΟΝ ΜΗΝΑ ΟΚΤΩΒΡΙΟ 2024 (ΣΥΜΒ. 613/2023 ΧΕ 2747/2024),094446034,Y LOGIMED ΜΟΝΟΠΡΟΣΩΠΗ ΑΝΩΝΥΜΗ ΕΤΑΙΡΕΙΑ ΕΙΣΑΓΩΓΗΣ ΕΜΠΟΡΙΑΣ ΚΑΙ ΕΦΟΔΙΑΣΜΟΥ ΙΑΤΡΟΤΕΧΝΟΛΟΓΙΚΩΝ ΠΡΟΙΟΝΤΩΝ,2203.51,,1311β01
ΨΓΦΓ4690ΒΩ-Ο7Β,2025-10-31,ΠΡΟΜΗΘΕΙΑ ΥΓΕΙΟΝΟΜΙΚΟΥ ΥΛΙΚΟΥ (ΔΙΑΤΑΞΕΙΣ ΕΝΔΟΣΚΟΠΙΑΣ ΚΑΙ ΕΝΔΟΧΕΙΡΟΥΡΓΙΚΗΣ ) ΜΕ ΣΥΜΒΑΣΗ ΤΟΝ ΜΗΝΑ ΟΚΤΩΒΡΙΟ 2024 ( ΧΕ 2256/25 ΣΥΜΒ. 567/24) ΣΥΜΦΩΝΑ ΜΕ ΤΙΣ ΔΙΑΤΑΞΕΙΣ ΤΟΥ Ν.5216/2025 αρθ.44 (ΦΕΚ 118/ τ.Α΄/07/07/2025),094007897,ΚΟΠΕΡ ΦΑΡΜΑΚΟΒΙΟΜΗΧΑΝΙΑΑΝΩΝΥΜΗ ΕΤΑΙΡΕΙΑ,21700.0,,1311β01
9ΠΓΦ4690ΒΩ-4Λ5,2025-10-31,"ΠΡΟΜΗΘΕΙΑ ΥΓΕΙΟΝΟΜΙΚΟΥ ΥΛΙΚΟΥ ΜΕ ΣΥΜΒΑΣΗ  (ΓΑΝΤΙΑ ΝΙΤΡΙΛΙΟΥ )  (ΣΥΜ.16/2024) ΓΙΑ ΤΟΥΣ  ΜΗΝΕΣ ΣΕΠΤΕΜΒΡΙΟ 2024, ΟΚΤΩΒΡΙΟ 20",094356041,ΙΝΕΞ ΑΝΩΝΥΜΗ ΕΜΠΟΡΙΚΗ ΕΤΑΙΡ ΙΑΤΡΙΚΩΝ ΝΟΣΟΚΟΜΕΙΑΚ ΕΙΔΩΝ,8386.72,,1311β01
68ΙΧ4690ΒΩ-ΕΓΓ,2025-10-31,ΠΡΟΜΗΘΕΙΑ ΥΓΕΙΟΝΟΜΙΚΟΥ ΥΛΙΚΟΥ (ΑΝΑΛΩΣΙΜΑ ΥΛΙΚΑ ΧΕΙΡΟΥΡΓΕΙΟΥ) ΜΕ ΣΥΜΑΣΗ ΤΟΝ ΜΗΝΑ ΟΚΤΩΒΡΙΟ 2024 (ΣΥΜΒ. 607/2024) ΣΥΜΦΩΝΑ ΜΕ ΤΙΣ ΔΙΑΤΑΞΕΙΣ ΤΟΥ Ν. 5161/2024 αρθ.14 (ΦΕΚ 196/τ. Α΄/29-11-2024,094007897,ΚΟΠΕΡ ΦΑΡΜΑΚΟΒΙΟΜΗΧΑΝΙΑΑΝΩΝΥΜΗ ΕΤΑΙΡΕΙΑ,4836.0,,1311β01
ΡΒΘ74690ΒΩ-Υ0Ν,2025-10-31,"ΠΡΟΜΗΘΕΙΑ ΥΓΕΙΟΝΟΜΙΚΟΥ ΥΛΙΚΟΥ  (ΙΑΤΡΙΚΟΣ ΡΟΥΧΙΣΜΟΣ) ΜΕ ΣΥΜΒΑΣΗ ΤΟ ΜΗΝΑ ,ΟΚΤΩΒΡΙΟ 2024 (ΧΕ 1778/25 ΣΥΜΒ.87/2024)",998179225,MILONAS HEALTH ΙΑΤΡΙΚΑ ΠΡΟΙΟΝΤΑ ΑΝΩΝΥΜΟΣ ΕΤΑΙΡΕΙΑ,1582.26,,1311β01
ΨΘΟΝ4690ΒΩ-2ΓΞ,2025-10-31,"ΠΡΟΜΗΘΕΙΑ ΥΓΕΙΟΝΟΜΙΚΟΥ ΥΛΙΚΟΥ ΜΕ ΣΥΜΒΑΣΗ  (ΓΑΝΤΙΑ ΝΙΤΡΙΛΙΟΥ )  ( ΧΕ 2212/2025 ΣΥΜ.18/2024) ΓΙΑ ΤΟΥΣ  ΜΗΝΕΣ ΣΕΠΤΕΜΒΡΙΟ 2024,  ΟΚΤΩΒΡΙΟ 2024,",099370337,VIOLAK INTERNATIONAL ΝΟΣΟΚΟΜΕΙΑΚΟΥ ΕΞΟΠΛΙΣΜΟΥ ΑΝΩΝΥΜΗ ΕΜΠΟΡΙΚΗ ΕΤΑΙΡΕΙΑ,4518.2,,1311β01
65ΥΡ4690ΒΩ-ΓΛΙ,2025-10-31,ΠΡΟΜΗΘΕΙΑ ΛΟΙΠΟΥ ΧΗΜΙΚΟΥ ΥΛΙΚΟΥ (ΑΝΤΙΔΡΑΣΤΗΡΙΩΝ ΕΡΓΑΣΤΗΡΙΩΝ ) ΜΕ ΣΥΜΒΑΣΗ ΤΟΝ ΜΗΝΑ ΣΕΠΤΕΜΒΡΙΟ 2024 (ΣΥΜΒ.641/2023  ΧΕ 738/2025),095341314,ΔΙΑΓΝΩΣΤΙΚΑ ΧΗΜΙΚΗ ΟΡΓΑΝΟΛΟΓΙΑ ΑΝΩΝΥΜΗ ΕΤΑΙΡΙΑ,1620.64,,1359β01
6Θ4Ζ4690ΒΩ-Ε89,2025-10-31,"ΠΡΟΜΗΘΕΙΑ ΥΓΕΙΟΝΟΜΙΚΟΥ ΥΛΙΚΟΥ ΜΕ ΣΥΜΒΑΣΗ  (ΣΑΚΟΙ ΣΥΛΛΟΓΗΣ ΟΥΡΩΝ  )  ( ΧΕ 220/25 ΣΥΜ.520/2024) ΓΙΑ ΤΟ ΜΗΝΑ  ΣΕΠΤΕΜΒΡΙΟ 2024, ΟΚΤΩΒΡΙΟ 2024",094133588,ΓΕΝΙΚΗ ΧΗΜΙΚΩΝ ΠΡΟΙΟΝΤΩΝ ΑΕ,1850.94,,1311β01
ΨΧ164690ΒΩ-ΟΑΤ,2025-10-31,"ΠΡΟΜΗΘΕΙΑ ΥΓΕΙΟΝΟΜΙΚΟΥ ΥΛΙΚΟΥ ΜΕ ΣΥΜΒΑΣΗ  (ΣΑΚΟΙ ΣΥΛΛΟΓΗΣ ΟΥΡΩΝ  )  (ΣΥΜ.517/2024) ΓΙΑ ΤΟΥΣ  ΜΗΝΕΣ ΣΕΠΤΕΜΒΡΙΟ 2024,  ΟΚΤΩΒΡΙΟ 2024,",099370337,VIOLAK INTERNATIONAL ΝΟΣΟΚΟΜΕΙΑΚΟΥ ΕΞΟΠΛΙΣΜΟΥ ΑΝΩΝΥΜΗ ΕΜΠΟΡΙΚΗ ΕΤΑΙΡΕΙΑ,6758.63,,1311β01
ΨΨΔΦ4690ΒΩ-ΧΗΝ,2025-10-31,"ΠΡΟΜΗΘΕΙΑ ΥΓΕΙΟΝΟΜΙΚΟΥ ΥΛΙΚΟΥ ΜΕ ΣΥΜΒΑΣΗ  (ΣΑΚΟΙ ΣΥΛΛΟΓΗΣ ΟΥΡΩΝ  )  ( ΧΕ 220/25 ΣΥΜ.519/2024) ΓΙΑ ΤΟ ΜΗΝΑ  ΣΕΠΤΕΜΒΡΙΟ 2024,",082525697,ΑΝΑΣΤΑΣΙΟΣ ΜΑΥΡΟΓΕΝΗΣ ΙΑΤΡΟΤΕΧΝΟΛΟΓΙΚΑ ΕΙΔΗ ΑΝΩΝΥΜΗ ΕΤΑΙΡΕΙΑ,4167.19,,1311β01
91ΑΗ4690ΒΩ-59Δ,2025-10-31,ΠΡΟΜΗΘΕΙΑ ΥΓΕΙΟΝΟΜΙΚΟΥ ΥΛΙΚΟΥ ΜΕ ΣΥΜΒΑΣΗ  (ΣΑΚΟΙ ΣΥΛΛΟΓΗΣ ΟΥΡΩΝ  )  (ΣΥΜ.518/2024) ΓΙΑ ΤΟ   ΜΗΝΑ   ΟΚΤΩΒΡΙΟ 2024,094074824,ΕΛΛΕΝΚΟ ΑΝΩΝΥΜΟΣ ΕΜΠΟΡΙΚΗ  ΕΤΑΙΡΕΙΑ ΙΑΤΡΙΚΩΝ ΕΙΔΩΝ,182.28,,1311β01
ΨΜΜΖ4690ΒΩ-ΠΗΨ,2025-10-31,ΠΡΟΜΗΘΕΙΑ ΟΡΘΟΠΕΔΙΚΟΥ  ΜΕ ΣΥΜΒΑΣΗ ΤΟ ΜΗΝΑ  ΟΚΤΩΒΡΙΟ 2024  ( ΣΥΜ.526/2024)ΣΥΜΦΩΝΑ ΜΕ ΤΙΣ ΔΙΑΤΑΞΕΙΣ ΤΟΥ Ν.5216/2025 αρθ.44  (ΦΕΚ 118/ τ.Α΄/07/07/2025),999307110,ΚΑΛΤΕΚ ΕΜΠΟΡΙΑ ΙΑΤΡΙΚΩΝ ΕΙΔΩΝ ΠΡΟΙΟΝΤΩΝ ΚΑΙ ΜΗΧΑΝΗΜΑΤΩΝ ΜΟΝΟΠΡΟΣΩΠΗ ΑΝΩΝΥΜΗ ΕΤΑΙΡΙΑ,12400.0,,1313β01
6Ζ614690ΒΩ-2ΝΗ,2025-10-31,ΠΡΟΜΗΘΕΙΑ ΟΡΘΟΠΕΔΙΚΟΥ ΥΛΙΚΟΥ ΜΕ ΣΥΜΒΑΣΗ (ΣΥΜΒ 406 /2023) ΓΙΑ ΤΟ ΜΗΝΑ ΣΕΠΤΕΜΒΡΙΟ 2023 ΑΠΑΞ ΠΑΡΑΓΓΕΛΙΑΣ ΣΥΜΦΩΝΑ ΜΕ ΤΙΣ ΔΙΑΤΑΞΕΙΣ ΤΟΥ Ν.5216/2025 αρθ.44 (ΦΕΚ 118/ τ.Α΄/07/07/2025),094007897,ΚΟΠΕΡ ΦΑΡΜΑΚΟΒΙΟΜΗΧΑΝΙΑΑΝΩΝΥΜΗ ΕΤΑΙΡΕΙΑ,3037.44,,1313β01
9ΝΦΜ4690ΒΩ-ΠΚΥ,2025-10-31,ΠΡΟΜΗΘΕΙΑ ΟΡΘΟΠΕΔΙΚΟΥ ΥΛΙΚΟΥ ΜΕ ΣΥΜΒΑΣΗ (ΣΥΜΒ 408 /2023) ΓΙΑ ΤΟ ΜΗΝΑ ΣΕΠΤΕΜΒΡΙΟ 2023 ΑΠΑΞ ΠΑΡΑΓΓΕΛΙΑΣ ΣΥΜΦΩΝΑ ΜΕ ΤΙΣ ΔΙΑΤΑΞΕΙΣ ΤΟΥ Ν.5216/2025 αρθ.44 (ΦΕΚ 118/ τ.Α΄/07/07/2025),094007897,ΚΟΠΕΡ ΦΑΡΜΑΚΟΒΙΟΜΗΧΑΝΙΑΑΝΩΝΥΜΗ ΕΤΑΙΡΕΙΑ,3037.44,,1313β01
9ΠΘΗ4690ΒΩ-2ΣΝ,2025-10-31,ΠΡΟΜΗΘΕΙΑ ΥΓΕΙΟΝΟΜΙΚΟΥ ΥΛΙΚΟΥ (ΔΙΑΤΑΞΕΙΣ ΕΝΔΟΣΚΟΠΙΑΣ ΚΑΙ ΕΝΔΟΧΕΙΡΟΥΡΓΙΚΗΣ ) ΜΕ ΣΥΜΒΑΣΗΤΟΝ ΜΗΝΑ ΟΚΩΒΡΙΟ 2024 (ΣΥΜΒ. 568/2024) ΣΥΜΦΩΝΑ ΜΕ ΤΙΣ ΔΙΑΤΑΞΕΙΣ ΤΟΥ Ν. 5161/2024 αρθ.14 (ΦΕΚ 196/τ. Α΄/29-11-2024,082525697,ΑΝΑΣΤΑΣΙΟΣ ΜΑΥΡΟΓΕΝΗΣ ΙΑΤΡΟΤΕΧΝΟΛΟΓΙΚΑ ΕΙΔΗ ΑΝΩΝΥΜΗ ΕΤΑΙΡΕΙΑ,2046.25,,1311β01
ΨΥΠΘ4690ΒΩ-4ΣΜ,2025-10-31,ΠΡΟΜΗΘΕΙΑ ΛΟΙΠΟΥ ΧΗΜΙΚΟΥ ΥΛΙΚΟΥ (ΚΑΛΛΙΕΡΓΕΙΕΣ ΜΙΚΡΟΒΙΟΛΟΓΙΑΣ ) ΜΕ ΣΥΜΒΑΣΗ ΤΟ ΜΗΝΑ ΝΟΕΜΒΡΙΟ 2024 (ΧΕ 441/2024 ΣΥΜΒ. 613/2022),094047060,ΒΑΡΕΛΑΣ ΑΝΩΝΥΜΗ ΕΤΑΙΡΕΙΑ ΧΗΜΙΚΑ ΚΑΙ ΔΙΑΓΝΩΣΤΙΚΑ,381.6,,1359β01
6ΝΘΠ4690ΒΩ-ΠΣΣ,2025-10-31,"ΠΡΟΜΗΘΕΙΑ ΥΓΕΙΟΝΟΜΙΚΟΥ ΥΛΙΚΟΥ (ΣΥΣΚ.ΒΡΟΓΧ.ΕΚΚΡΙΜΑΤΩΝ), ΜΗΝΟΣ ΟΚΤΩΒΡΙΟΥ 2024, ΧΩΡΙΣ ΣΥΜΒΑΣΗ, ΜΕ ΑΠΟΦΑΣΗ ΔΣ 45/24-9- 24 Θ.40, ΣΥΜΦΩΝΑ ΜΕ ΤΙΣ ΔΙΑΤΑΞΕΙΣ ΤΟΥ Ν.5216/2025 αρθ.44 (ΦΕΚ 118/ τ.Α΄/07/07/2025) ΝΟΣ",094074824,ΕΛΛΕΝΚΟ ΑΝΩΝΥΜΟΣ ΕΜΠΟΡΙΚΗ  ΕΤΑΙΡΕΙΑ ΙΑΤΡΙΚΩΝ ΕΙΔΩΝ,291.54,,1311β01
ΨΕΘΡ4690ΒΩ-ΡΣΥ,2025-10-31,"ΠΡΟΜΗΘΕΙΑ ΥΓΕΙΟΝΟΜΙΚΟΥ ΥΛΙΚΟΥ (ΕΠΙΔΕΣΜΙΚΟΥ ΥΛΙΚΟΥ ) ΜΕ ΣΥΜΒΑΣΗ ΤΟ ΜΗΝΑ ΑΥΓΟΥΣΤΟ 2024 (ΧΕ 2746/2024 ,ΣΥΜ.612/2023)",999307110,ΚΑΛΤΕΚ ΕΜΠΟΡΙΑ ΙΑΤΡΙΚΩΝ ΕΙΔΩΝ ΠΡΟΙΟΝΤΩΝ ΚΑΙ ΜΗΧΑΝΗΜΑΤΩΝ ΜΟΝΟΠΡΟΣΩΠΗ ΑΝΩΝΥΜΗ ΕΤΑΙΡΙΑ,822.64,,1311β01
ΨΜ444690ΒΩ-309,2025-10-31,ΠΡΟΜΗΘΕΙΑ ΟΡΘΟΠΕΔΙΚΟΥ ΥΛΙΚΟΥ ΜΕ ΣΥΜΒΑΣΗ (ΣΥΜΒ 394 /2023) ΓΙΑ ΤΟ ΜΗΝΑ ΣΕΠΤΕΜΒΡΙΟ 2023 ΑΠΑΞ ΠΑΡΑΓΓΕΛΙΑΣ ΣΥΜΦΩΝΑ ΜΕ ΤΙΣ ΔΙΑΤΑΞΕΙΣ ΤΟΥ Ν.5216/2025 αρθ.44 (ΦΕΚ 118/ τ.Α΄/07/07/2025),094007897,ΚΟΠΕΡ ΦΑΡΜΑΚΟΒΙΟΜΗΧΑΝΙΑΑΝΩΝΥΜΗ ΕΤΑΙΡΕΙΑ,3037.44,,1313β01
9ΕΙΙ4690ΒΩ-ΠΗΕ,2025-10-31,ΠΡΟΜΗΘΕΙΑ ΛΟΙΠΟΥ ΧΗΜΙΚΟΥ ΥΛΙΚΟΥ (ΑΝΤΙΔΡΑΣΤΗΡΙΑ ΒΙΟΧΗΜΙΚΟΥ  ) ΜΕ ΣΥΜΒΑΣΗ ΤΟ ΜΗΝΑ ΝΟΕΜΒΡΙΟ 2024 (ΧΕ 441/2024 ΣΥΜΒ. 58/,094027257,"ΑΜΠΟΤ ΛΑΜΠΟΡΑΤΟΡΙΣ (ΕΛΛΑΣ), ΒΙΟΜΗΧΑΝΙΚΗ ΚΑΙ ΕΜΠΟΡΙΚΗ ΑΝΩΝΥΜΗ ΕΤΑΙΡΕΙΑ",322.4,,1359β01
9ΑΕ84690ΒΩ-ΩΜ2,2025-10-31,ΠΡΟΜΗΘΕΙΑ ΟΡΘΟΠΕΔΙΚΟΥ ΥΛΙΚΟΥ ΜΕ ΣΥΜΒΑΣΗ (ΣΥΜΒ 407 /2023) ΓΙΑ ΤΟ ΜΗΝΑ ΣΕΠΤΕΜΒΡΙΟ 2023 ΑΠΑΞ ΠΑΡΑΓΓΕΛΙΑΣ ΣΥΜΦΩΝΑ ΜΕ ΤΙΣ ΔΙΑΤΑΞΕΙΣ ΤΟΥ Ν.5216/2025 αρθ.44 (ΦΕΚ 118/ τ.Α΄/07/07/2025),094007897,ΚΟΠΕΡ ΦΑΡΜΑΚΟΒΙΟΜΗΧΑΝΙΑΑΝΩΝΥΜΗ ΕΤΑΙΡΕΙΑ,3037.44,,1313β01
9ΑΞ54690ΒΩ-Δ46,2025-10-31,: ΠΡΟΜΗΘΕΙΑ ΛΟΙΠΟΥ ΧΗΜΙΚΟΥ ΥΛΙΚΟΥ  (ΑΝΤΙΔΡΑΣΤΗΡΙΑ ΑΙΜΟΠΔΟΣΙΑΣ ΓΙΑ ΤΗΝ ΕΞΑΚΡΙΒΩΣΗ ΤΗΣ ΟΜΑΔΑΣ ΑΙΜΑΤΟΣ) ΜΕ ΣΥΜΒΑΣΗ ΤΟΝ ΜΗΝΑ  ΝΟΕΜΒΡΙΟ 2024 (ΣΥΜΒ.574/2024) ΑΠΑΞ ΠΑΡΑΓΓΕΛΙΑ ΣΥΜΦΩΝΑ ΜΕ ΤΙΣ ΔΙΑΤΑΞΕΙΣ ΤΟΥ Ν.5216/2025 αρθ.44  (ΦΕΚ 118/ τ.Α΄/07/07/2025),999963462,BIO RAD LABORATORIES ΜΟΝΟΠΡΟΣΩΠΗ ΕΤΑΙΡΕΙΑ ΠΕΡΙΟΡΙΣΜΕΝΗΣ ΕΥΘΥΝΗΣ ΚΑΤΑΣΚΕΥΗΣ ΚΑΙ ΕΜΠΟΡΙΑΣ ΙΑΤΡΙΚΟΥ ΕΞΟΠΛΙΣΜΟΥ,682.0,,1359β01
6ΣΘΨ4690ΒΩ-45Κ,2025-10-31,: ΠΡΟΜΗΘΕΙΑ ΥΓΕΙΟΝΟΜΙΚΟΥ ΥΛΙΚΟΥ   ΜΕ ΣΥΜΒΑΣΗ ΤΟΠΝ ΜΗΝΑ ΟΚΤΩΒΡΙΟ 2024 (ΣΥΜΒ. 636/2024) ΣΥΜΦΩΝΑ ΜΕ ΤΙΣ ΔΙΑΤΑΞΕΙΣ ΤΟΥ Ν. 5161/2024 αρθ.14 (ΦΕΚ 196/τ. Α΄/29-11-2024,094133588,ΓΕΝΙΚΗ ΧΗΜΙΚΩΝ ΠΡΟΙΟΝΤΩΝ ΑΕ,3023.06,,1311β01
6ΑΧ34690ΒΩ-ΗΙ3,2025-10-31,"ΠΡΟΜΗΘΕΙΑ ΛΟΙΠΟΥ ΧΗΜΙΚΟΥ ΥΛΙΚΟΥ (ΑΝΤΙΔΡΑΣΤΗΡΙΩΝ OΡΟΛΟΓΙΑΣ ) ΜΕ ΣΥΜΒΑΣΗ ΤΟΥΣ ΜΗΝΕΣ ΣΕΠΤΕΜΒΡΙΟ , ΟΚΤΩΒΡΙΟ 2024 (ΣΥΜΒ.180/2023 1080/2024)",801646486,ΒΙΟΚΟΣΜΟΣ ΜΟΡΙΑΚΗ Α Ε,3424.86,,1359β01
996Ξ4690ΒΩ-6ΟΣ,2025-10-31,"ΠΡΟΜΗΘΕΙΑ ΤΡΑΠΕΖΙΚΩΝ ΕΡΓΑΣΙΩΝ ΓΙΑ ΕΞΕΡΧΟΜΕΝΕΣ ΜΕΤΑΦΟΡΕΣ ΠΙΣΤΩΣΕΩΝ ΣΕ ΤΡΑΠΕΖΕΣ ΤΟΥ ΕΞΩΤΕΡΙΚΟΥ (PHAREL X.E. 1985,1988)",094014250,EUROBANK ERGASIAS ΥΠΗΡΕΣΙΩΝ ΚΑΙ ΣΥΜΜΕΤΟΧΩΝ ΑΝΩΝΥΜΗ ΕΤΑΙΡΕΙΑ,4.0,,0431α01
ΨΛ344690ΒΩ-ΦΦΞ,2025-10-31,"ΠΡΟΜΗΘΕΙΑ ΥΓΕΙΟΝΟΜΙΚΟΥ ΥΛΙΚΟΥΜΕ ΣΥΜΒΑΣΗ (ΣΥΜ.608/2024) ΓΙΑ ΤΟ  ΜΗΝΑ   ΟΚΤΩΒΡΙΟ  2024, ΣΥΜΦΩΝΑ ΜΕ ΤΙΣ ΔΙΑΤΑΞΕΙΣ ΤΟΥ Ν.5216/2025 αρθ.44  (ΦΕΚ 118/ τ.Α΄/07/07/2025)",094356041,ΙΝΕΞ ΑΝΩΝΥΜΗ ΕΜΠΟΡΙΚΗ ΕΤΑΙΡ ΙΑΤΡΙΚΩΝ ΝΟΣΟΚΟΜΕΙΑΚ ΕΙΔΩΝ,3245.04,,1311β01
ΨΠΝ14690ΒΩ-4ΞΔ,2025-10-31,ΠΡΟΜΗΘΕΙΑ ΥΓΕΙΟΝΟΜΙΚΟΥ ΥΛΙΚΟΥ  (ΙΑΤΡΙΚΟΣ ΡΟΥΧΙΣΜΟΣ) ΜΕ ΣΥΜΒΑΣΗ ΤΟ ΜΗΝΑ ΟΚΤΩΒΡΙΟ 2024  (ΧΕ 1778/25 ΣΥΜΒ.88 /2024),997672386,ΥΓΕΙΟΔΥΝΑΜΙΚΗ ΑΝΩΝΥΜΗ ΕΤΑΙΡΕΙΑ ΙΑΤΡΙΚΩΝ ΕΦΟΔΙΩΝ,2131.56,,1311β01
ΨΛΑ74690ΒΩ-ΛΤΑ,2025-10-31,"ΠΡΟΜΗΘΕΙΑ ΛΟΙΠΟΥ ΧΗΜΙΚΟΥ ΥΛΙΚΟΥ (ΔΙΑΓΝΩΣΤΙΚΕΣ ΟΥΣΙΕΣ) ΜΕ ΣΥΜΒΑΣΗ ΤΟΝ ΜΗΝΑ ΟΚΤΩΒΡΙΟ 2024 (ΣΥΜΒ.566/2024) ΣΥΜΦΩΝΑ ΜΕ ΤΙΣ ΔΙΑΤΑΞΕΙΣ ΤΟΥ Ν. 5161/2024 αρθ.14 (ΦΕΚ 196/τ. Α΄/29-11-2024 ΔΙΚΑΙΟΛΟΓΗΤΙΚΑ : ΠΑΡΑΣΤΑΤΙΚΑ :1394,1395",091569759,ΑΦΟΙ Α ΣΕΛΙΔΗ ΑΝΩΝΥΜΗ ΕΤΑΙΡΙΑ ΕΠΙΣΤΗΜΟΝΙΚΟΥ ΕΞΟΠΛΙΣΜΟΥ,6137.4,,1359β01
Ψ27Μ4690ΒΩ-0ΑΘ,2025-10-31,ΠΡΟΜΗΘΕΙΑ ΥΓΕΙΟΝΟΜΙΚΟΥ ΥΛΙΚΟΥ ΜΕ ΣΥΜΒΑΣΗ (ΣΥΜ.608/2024) ΓΙΑ ΤΟ  ΜΗΝΑ   ΟΚΤΩΒΡΙΟ  2024 ΣΥΜΦΩΝΑ ΜΕ ΤΙΣ ΔΙΑΤΑΞΕΙΣ ΤΟΥ Ν.5216/2025 αρθ.44  (ΦΕΚ 118/ τ.Α΄/07/07/2025),094429990,TELEFLEX MEDICAL ΕΛΛΑΣ ΑΝΩΝΥΜΗ ΕΜΠΟΡΙΚΗ ΕΤΑΙΡΕΙΑ,949.2,,1311β01
6ΔΧΨ4690ΒΩ-ΦΣΙ,2025-10-31,ΠΡΟΜΗΘΕΙΑ ΥΓΕΙΟΝΟΜΙΚΟΥ ΥΛΙΚΟΥ  ΜΕ ΣΥΜΒΑΣΗ ΤΟΝ ΜΗΝΑ ΟΚΤΩΒΡΙΟ  2024 (ΣΥΜΒ.635/2024) ΣΥΜΦΩΝΑ ΜΕ ΤΙΣ ΔΙΑΤΑΞΕΙΣ ΤΟΥ Ν. 5161/2024 αρθ.14 (ΦΕΚ 196/τ. Α΄/29-11-2024,094133588,ΓΕΝΙΚΗ ΧΗΜΙΚΩΝ ΠΡΟΙΟΝΤΩΝ ΑΕ,3829.06,,1311β01
ΨΖΑ34690ΒΩ-Ρ3Ρ,2025-10-31,ΠΡΟΜΗΘΕΙΑ ΛΟΙΠΟΥ ΧΗΜΙΚΟΥ ΥΛΙΚΟΥ (ΑΝΤΙΔΡΑΣΤΗΡΙΩΝ ΕΡΓΑΣΤΗΡΙΩΝ ) ΜΕ ΣΥΜΒΑΣΗ ΤΟ ΜΗΝΑ ΝΟΕΜΒΡΙΟ 2024 (ΣΥΜΒ.655/2024),094322455,MENARINI ΔΙΑΓΝΩΣΤΙΚΑ ΙΑΤΡΙΚΑ ΟΡΓΑΝΑ ΑΕΒΕ,3975.0,,1359β01
9ΠΖ34690ΒΩ-8ΣΦ,2025-10-31,ΠΡΟΜΗΘΕΙΑ ΑΝΤΙΔΡΑΣΤΗΡΙΩΝ ΑΙΜΑΤΟΛΟΓΙΚΟΥ ΝΟΣΟΚΟΜΕΙΟΥ ΜΕ ΣΥΜΒΑΣΗ ΓΙΑ ΤΟ ΜΗΝΑ ΝΟΕΜΒΡΙΟ 2024 (ΣΥΜΒ. 31/2024),800356020,LERIVA ΔΙΑΓΝΩΣΤΙΚΑ ΥΓΕΙΑΣ ΑΝΩΝΥΜΗ ΕΜΠΟΡΙΚΗ ΕΤΑΙΡΕΙΑ,9936.44,,1359β01
ΨΑ7Θ4690ΒΩ-571,2025-10-31,ΠΡΟΜΗΘΕΙΑ ΟΡΘΟΠΕΔΙΚΟΥ ΥΛΙΚΟΥ ΜΕ ΣΥΜΒΑΣΗ (ΣΥΜΒ 642 /2024) ΓΙΑ ΤΟ ΜΗΝΑ ΝΟΕΜΒΡΙΟ  2024 ΑΠΑΞ ΠΑΡΑΓΓΕΛΙΑΣ ΣΥΜΦΩΝΑ ΜΕ ΤΙΣ ΔΙΑΤΑΞΕΙΣ ΤΟΥ Ν.5216/2025 αρθ.44 (ΦΕΚ 118/ τ.Α΄/07/07/2025),998333221,ΠΡΟΗΓΜΕΝΑ ΙΑΤΡΙΚΑ ΠΡΟΙΟΝΤΑ ΚΑΙ ΥΠΗΡΕΣΙΕΣ ΜΟΝΟΠΡΟΣΩΠΗ ΕΤΑΙΡΙΑ ΠΕΡΙΟΡΙΣΜΕΝΗΣ ΕΥΘΥΝΗΣ,5842.1,,1313β01
6Δ0Ξ4690ΒΩ-1ΣΗ,2025-10-31,ΠΡΟΜΗΘΕΙΑ ΟΡΘΟΠΕΔΙΚΟΥ ΥΛΙΚΟΥ ΜΕ ΣΥΜΒΑΣΗ (ΣΥΜΒ 189 /2023) ΓΙΑ ΤΟ ΜΗΝΑ ΝΟΕΜΒΡΙΟ  2024 ΑΠΑΞ ΠΑΡΑΓΓΕΛΙΑΣ ΣΥΜΦΩΝΑ ΜΕ ΤΙΣ ΔΙΑΤΑΞΕΙΣ ΤΟΥ Ν.5216/2025 αρθ.44 (ΦΕΚ 118/ τ.Α΄/07/07/2025),800544160,ORTHOPRO ΙΑΤΡΙΚΩΝ ΕΙΔΩΝ  ΙΔΙΩΤΙΚΗ ΚΕΦΑΛΑΙΟΥΧΙΚΗ ΕΤΑΙΡΕΙΑ,2571.88,,1313β01
ΨΔΦΘ4690ΒΩ-5ΣΖ,2025-10-31,ΠΡΟΜΗΘΕΙΑ ΥΓΕΙΟΝΟΜΙΚΟΥ ΥΛΙΚΟΥ ΜΕ ΣΥΜΒΑΣΗ (ΣΥΜ.533/2024) ΓΙΑ ΤΟ ΜΗΝΑ ΟΚΤΩΒΡΙΟ 2024 ΣΥΜΦΩΝΑ ΜΕ ΤΙΣ ΔΙΑΤΑΞΕΙΣ ΤΟΥ Ν.5216/2025 αρθ.44 (ΦΕΚ 118/ τ.Α΄/07/07/2025),800738217,ΠΗΓΑΣΟΣ ΙΑΤΡΙΚΟΣ ΚΑΙ ΕΠΙΣΤΗΜΟΝΙΚΟΣ ΕΞΟΠΛΙΣΜΟΣ ΑΝΩΝΥΜΗ ΕΤΑΙΡΕΙΑ,1215.2,,1311β01
Ψ5ΛΔ4690ΒΩ-6ΡΤ,2025-10-31,ΠΡΟΜΗΘΕΙΑ ΥΓΕΙΟΝΟΜΙΚΟΥ ΥΛΙΚΟΥ ΜΕ ΣΥΜΒΑΣΗ (ΣΥΜ.601/2024) ΓΙΑ ΤΟ ΜΗΝΑ ΟΚΤΩΒΡΙΟ 2024 ΣΥΜΦΩΝΑ ΜΕ ΤΙΣ ΔΙΑΤΑΞΕΙΣ ΤΟΥ Ν.5216/2025 αρθ.44 (ΦΕΚ 118/ τ.Α΄/07/07/2025),099853415,ΑΛΑΦΟΥΖΟΥ ΑΜΑΛΙΑ ΑΛΑΦΟΥΖΟΥ ΜΑΡΙΑ ΟΕ,1855.86,,1311β01
9ΛΟ74690ΒΩ-Ε7Δ,2025-10-30,ΠΡΟΜΗΘΕΙΑ ΥΓΕΙΟΝΟΜΙΚΟΥ ΥΛΙΚΟΥ (ΙΑΤΡΙΚΕΣ ΒΕΛΟΝΕΣ ) ΜΕ ΣΥΜΒΑΣΗ ΤΟ ΜΗΝΑ ΙΟΥΛΙΟ 2024 (ΣΥΜΒ. 85/2023),094326835,ΑΝΩΝΥΜΗ ΕΙΣΑΓΩΓΙΚΗ ΕΜΠΟΡΙΚΗ ΕΤΑΙΡΕΙΑ ΙΑΤΡΙΚΩΝ ΕΙΔΩΝ ΞΕΝΟΦΩΝ ΓΕΡΜΑΝΟΣ,101.7,,1311β01
ΡΡ124690ΒΩ-ΖΘΧ,2025-10-30,ΠΡΟΜΗΘΕΙΑ ΥΓΕΙΟΝΟΜΙΚΟΥ ΥΛΙΚΟΥ (ΥΛΙΚΩΝ ΑΙΜΟΔΥΝΑΜΙΚΟΥ: Α) ΥΛΙΚΩΝ ΑΓΓΕΙΟΓΡΑΦΙΑΣ ΚΑΙ Β) ΑΓΓΕΙΑΚΩΝ ΠΡΟΘΕΣΕΩΝ )ΜΕ ΣΥΜΒΑΣΗ ΤΟΝ ΜΗΝΑ ΟΚΤΩΒΡΙΟ 2024 (ΣΥΜΒ. 214/2023 ΧΕ 2771/2024),997672386,ΥΓΕΙΟΔΥΝΑΜΙΚΗ ΑΝΩΝΥΜΗ ΕΤΑΙΡΕΙΑ ΙΑΤΡΙΚΩΝ ΕΦΟΔΙΩΝ,6993.6,,1311β01
9Δ2Υ4690ΒΩ-5ΑΠ,2025-10-30,ΠΡΟΜΗΘΕΙΑ ΥΓΕΙΟΝΟΜΙΚΟΥ ΥΛΙΚΟΥ ΜΕ ΣΥΜΒΑΣΗ ΤΟΝ ΜΗΝΑ ΟΚΤΩΒΡΙΟ 2024 (ΣΥΜΒ. 763/2023 ΧΕ 1242/2025),997672386,ΥΓΕΙΟΔΥΝΑΜΙΚΗ ΑΝΩΝΥΜΗ ΕΤΑΙΡΕΙΑ ΙΑΤΡΙΚΩΝ ΕΦΟΔΙΩΝ,754.64,,1311β01
6ΑΦΝ4690ΒΩ-Ψ10,2025-10-30,ΠΡΟΜΗΘΕΙΑ ΥΓΕΙΟΝΟΜΙΚΟΥ ΥΛΙΚΟΥ ΜΕ ΣΥΜΒΑΣΗ ΤΟ ΜΗΝΑ ΟΚΤΩΒΡΙΟ 2024 (ΣΥΜΒ.496/24 ) ΣΥΜΦΩΝΑ ΜΕ ΤΙΣ ΔΙΑΤΑΞΕΙΣ ΤΟΥ Ν.5216/2025 αρθ.44 (ΦΕΚ 118/ τ.Α΄/07/07/2025),999307110,ΚΑΛΤΕΚ ΕΜΠΟΡΙΑ ΙΑΤΡΙΚΩΝ ΕΙΔΩΝ ΠΡΟΙΟΝΤΩΝ ΚΑΙ ΜΗΧΑΝΗΜΑΤΩΝ ΜΟΝΟΠΡΟΣΩΠΗ ΑΝΩΝΥΜΗ ΕΤΑΙΡΙΑ,5573.06,,1313β01
ΨΕΙΨ4690ΒΩ-8ΓΖ,2025-10-30,ΠΡΟΜΗΘΕΙΑ ΥΓΕΙΟΝΟΜΙΚΟΥ ΥΛΙΚΟΥ ΜΕ ΣΥΜΒΑΣΗ ΤΟ ΜΗΝΑ ΟΚΤΩΒΡΙΟ 2024 (ΣΥΜΒ.496/24 ) ΣΥΜΦΩΝΑ ΜΕ ΤΙΣ ΔΙΑΤΑΞΕΙΣ ΤΟΥ Ν.5216/2025 αρθ.44 (ΦΕΚ 118/ τ.Α΄/07/07/2025),800502874,F M FEED ΜΟΝΟΠΡΟΣΩΠΗ ΙΔΙΩΤΙΚΗ ΚΕΦΑΛΑΙΟΥΧΙΚΗ ΕΤΑΙΡΕΙΑ,15791.4,,1311β01
ΡΖ284690ΒΩ-Π61,2025-10-30,"ΠΡΟΜΗΘΕΙΑ ΤΡΑΠΕΖΙΚΩΝ ΕΡΓΑΣΙΩΝ ΓΙΑ ΕΞΕΡΧΟΜΕΝΕΣ ΜΕΤΑΦΟΡΕΣ ΠΙΣΤΩΣΕΩΝ ΣΕ ΤΡΑΠΕΖΕΣ ΤΟΥ ΕΞΩΤΕΡΙΚΟΥ (Χ.Ε. 2100,2115 Ν. ΔΙΑΓΝΩΣΤΙΚΗ",094014250,EUROBANK ERGASIAS ΥΠΗΡΕΣΙΩΝ ΚΑΙ ΣΥΜΜΕΤΟΧΩΝ ΑΝΩΝΥΜΗ ΕΤΑΙΡΕΙΑ,1.2,,0431α01
903Δ4690ΒΩ-ΨΒΑ,2025-10-30,ΠΡΟΜΗΘΕΙΑ ΥΓΕΙΟΝΟΜΙΚΟΥ ΥΛΙΚΟΥ ΜΕ ΣΥΜΒΑΣΗ ΤΟ ΜΗΝΑ ΟΚΤΩΒΡΙΟ 2024 (ΣΥΜΒ.535 /2024)ΣΥΜΦΩΝΑ ΜΕ ΤΙΣ ΔΙΑΤΑΞΕΙΣ ΤΟΥ Ν.5216/2025 αρθ.44 (ΦΕΚ 118/ τ.Α΄/07/07/2025),800502874,F M FEED ΜΟΝΟΠΡΟΣΩΠΗ ΙΔΙΩΤΙΚΗ ΚΕΦΑΛΑΙΟΥΧΙΚΗ ΕΤΑΙΡΕΙΑ,2548.2,,1311β01
ΨΖ614690ΒΩ-ΤΒΛ,2025-10-30,ΠΡΟΜΗΘΕΙΑ ΥΓΕΙΟΝΟΜΙΚΟΥ ΥΛΙΚΟΥ ΜΕ ΣΥΜΒΑΣΗ (ΣΥΜΒ. 624/2024 ΤΟ ΜΗΝΑ ΟΚΤΩΒΡΙΟ 2024 ΣΥΜΦΩΝΑ ΜΕ ΤΙΣ ΔΙΑΤΑΞΕΙΣ ΤΟΥ Ν.5216/2025 αρθ.44 (ΦΕΚ 118/ τ.Α΄/07/07/2025),094429990,TELEFLEX MEDICAL ΕΛΛΑΣ ΑΝΩΝΥΜΗ ΕΜΠΟΡΙΚΗ ΕΤΑΙΡΕΙΑ,7783.44,,1311β01
ΡΣΝΟ4690ΒΩ-ΤΟΤ,2025-10-30,ΠΡΟΜΗΘΕΙΑ ΥΓΕΙΟΝΟΜΙΚΟΥ ΥΛΙΚΟΥ ΜΕ ΣΥΜΒΑΣΗ ΤΟ ΜΗΝΑ ΟΚΤΩΒΡΙΟ 2024 (ΣΥΜΒ.610/2024)ΣΥΜΦΩΝΑ ΜΕ ΤΙΣ ΔΙΑΤΑΞΕΙΣ ΤΟΥ Ν.5216/2025 αρθ.44 (ΦΕΚ 118/ τ.Α΄/07/07/2025),094446034,Y LOGIMED ΜΟΝΟΠΡΟΣΩΠΗ ΑΝΩΝΥΜΗ ΕΤΑΙΡΕΙΑ ΕΙΣΑΓΩΓΗΣ ΕΜΠΟΡΙΑΣ ΚΑΙ ΕΦΟΔΙΑΣΜΟΥ ΙΑΤΡΟΤΕΧΝΟΛΟΓΙΚΩΝ ΠΡΟΙΟΝΤΩΝ,1488.6,,1311β01
9ΜΞ24690ΒΩ-3Ρ8,2025-10-30,ΠΡΟΜΗΘΕΙΑ ΥΓΕΙΟΝΟΜΙΚΟΥ ΥΛΙΚΟΥ ΜΕ ΣΥΜΒΑΣΗ ΤΟ ΜΗΝΑ ΟΚΤΩΒΡΙΟ 2024 (ΣΥΜΒ.611/2024)ΣΥΜΦΩΝΑ ΜΕ ΤΙΣ ΔΙΑΤΑΞΕΙΣ ΤΟΥ Ν.5216/2025 αρθ.44 (ΦΕΚ 118/ τ.Α΄/07/07/2025),095367968,MEDICARE HELLAS ΑΝΩΝΥΜΗ ΕΤΑΙΡΕΙΑ ΕΜΠΟΡΙΑΣ ΝΟΣΟΚΟΜΕΙΑΚΩΝ ΕΙΔΩΝ,4169.7,,1311β01
9Ο9Υ4690ΒΩ-ΙΝΖ,2025-10-30,"ΠΡΟΜΗΘΕΙΑ ΥΓΕΙΟΝΟΜΙΚΟΥ ΥΛΙΚΟΥ (ΚΑΘΕΤΗΡΕΣ, ΣΤΥΛΕΟΙ) , ΜΗΝΟΣ ΟΚΤΩΒΡΙΟΥ 2024, ΧΩΡΙΣ ΣΥΜΒΑΣΗ, ΜΕ ΑΠΟΦΑΣΗ ΔΣ 45/27-9-24 Θ.35, ΣΥΜΦΩΝΑ ΜΕ ΤΙΣ ΔΙΑΤΑΞΕΙΣ ΤΟΥ Ν.5216/2025 αρθ.44 (ΦΕΚ 118/ τ.Α΄/07/07/2025) ΝΟΣ",999324154,ΜΑΡΙΝΑ ΓΕΩΡΓΑΚΗ ΚΑΙ ΣΙΑ ΕΕ,1973.07,,1311β01
Ψ3ΝΙ4690ΒΩ-Μ4Η,2025-10-29,ΠΡΟΜΗΘΕΙΑ ΥΓΕΙΟΝΟΜΙΚΟΥ ΥΛΙΚΟΥ ΜΕ ΣΥΜΒΑΣΗ   (ΣΥΜΒ.531/2024)   ΤΟΝ ΜΗΝΑ ΣΕΠΤΕΜΒΡΙΟ 2024 ΣΥΜΦΩΝΑ ΜΕ ΤΙΣ ΔΙΑΤΑΞΕΙΣ ΤΟΥ Ν.5216/2025 αρθ.44  (ΦΕΚ 118/ τ.Α΄/07/07/2025),094503580,ΕΝΟΡΑΣΙΣ ΑΝΩΝΥΜΗ ΕΜΠ  ΙΑΤΡΙΚΩΝ ΥΛΙΚΩΝ ΚΑΙ  ΜΗΧΑΝΗΜΑΤΩΝ ΚΑΙ ΙΑΤΡΙΚΩΝ ΥΛΙΚΩΝ ΚΑΙ ΜΗΧΑΝΗΜΑΤ,6820.0,,1311β01
9ΦΗΑ4690ΒΩ-ΝΤΣ,2025-10-29,ΠΡΟΜΗΘΕΙΑ ΛΟΙΠΟΥ ΧΗΜΙΚΟΥ ΥΛΙΚΟΥ (ΔΙΑΓΝΩΣΤΙΚΕΣ ΟΥΣΙΕΣ) ΜΕ ΣΥΜΒΑΣΗ ΤΟΝ ΜΗΝΑ ΟΚΤΩΒΡΙΟ 2024 (ΣΥΜΒ.566/2024) ΣΥΜΦΩΝΑ ΜΕΤΙΣ ΔΙΑΤΑΞΕΙΣ ΤΟΥ Ν. 5161/2024 αρθ.14 (ΦΕΚ 196/τ. Α΄/29-11-2024,091569759,ΑΦΟΙ Α ΣΕΛΙΔΗ ΑΝΩΝΥΜΗ ΕΤΑΙΡΙΑ ΕΠΙΣΤΗΜΟΝΙΚΟΥ ΕΞΟΠΛΙΣΜΟΥ,4505.0,,1359β01
9ΝΖ34690ΒΩ-Ο7Ζ,2025-10-29,ΠΡΟΜΗΘΕΙΑ ΥΓΕΙΟΝΟΜΙΚΟΥ ΥΛΙΚΟΥ  (ΔΙΑΤΑΞΕΙΣ ΝΕΦΡΙΚΗΣ ΥΠΟΣΤΗΡΙΞΗΣ ) ΜΕ ΣΥΜΒΑΣΗ ΤΟ ΜΗΝΑ ΟΚΤΩΒΡΙΟ 2024 ( ΧΕ 1678/2024 ΣΥΜΒ.104/2024),094251753,ΑΡΗΤΗ ΑΝΩΝΥΜΗ ΕΤΑΙΡΕΙΑ ΦΑΡΜΑΚΕΥΤΙΚΩΝ ΚΑΙ ΙΑΤΡΙΚΩΝ ΠΡΟΙΟΝΤΩΝ,6054.72,,1311β01
ΡΨΣ34690ΒΩ-ΓΥΩ,2025-10-29,ΠΡΟΜΗΘΕΙΑ ΥΓΕΙΟΝΟΜΙΚΟΥ ΥΛΙΚΟΥ  (ΔΙΑΤΑΞΕΙΣ ΝΕΦΡΙΚΗΣ ΥΠΟΣΤΗΡΙΞΗΣ ) ΜΕ ΣΥΜΒΑΣΗ ΤΟ ΜΗΝΑ ΟΚΤΩΒΡΙΟ 2024 ( ΧΕ 1678/2024 ΣΥΜΒ.102/2024),099363426,ΒΕΡΜΑ ΝΤΡΑΓΚΣVERMA DRUGS ΑΝΩΝΥΜΗ ΒΙΟΜΗΧΑΝΙΚΗ ΕΜΠΟΡΙΚΗ ΕΤΑΙΡΕΙΑ ΦΑΡΜΑΚΩΝ,4808.16,,1311β01
ΡΦ9Δ4690ΒΩ-ΛΝΟ,2025-10-29,ΠΡΟΜΗΘΕΙΑ ΥΓΕΙΟΝΟΜΙΚΟΥ ΥΛΙΚΟΥ  (ΔΙΑΤΑΞΕΙΣ ΝΕΦΡΙΚΗΣ ΥΠΟΣΤΗΡΙΞΗΣ ) ΜΕ ΣΥΜΒΑΣΗ ΤΟ ΜΗΝΑ ΟΚΤΩΒΡΙΟ 2024 ( ΧΕ 1678/2024 ΣΥΜΒ.101/2024),998283526,MEDIPRIME ΙΑΤΡΟΦΑΡΜΑΚΕΥΤΙΚΩΝ ΕΙΔΩΝ ΑΝΩΝΥΜΗ ΕΜΠΟΡΙΚΗ ΕΤΑΙΡΕΙΑ,6010.2,,1311β01
9ΘΡ74690ΒΩ-4ΧΕ,2025-10-29,"ΠΡΟΜΗΘΕΙΑ ΥΓΕΙΟΝΟΜΙΚΟΥ ΥΛΙΚΟΥ (ΜΕΣΑ ΕΡΓΑΣΤΗΡΙΑΚΗΣ ΚΑΛΛΙΕΡΓΕΙΑΣ ) ΜΕ ΣΥΜΒΑΣΗ (ΧΕ 1621/25 ΣΥΜ.285/2024) ΓΙΑ ΤΟΥΣ ΜΗΝΕΣ ΣΕΠΤΕΜΒΡΙΟ 2024,ΟΚΤΩΒΡΙΟ 2024 ΣΥΜΦΩΝΑ ΜΕ ΤΙΣ ΔΙΑΤΑΞΕΙΣ ΤΟΥ Ν.5216/2025 αρθ.44  (ΦΕΚ 118/ τ.Α΄/07/07/2025)",800738217,ΠΗΓΑΣΟΣ ΙΑΤΡΙΚΟΣ ΚΑΙ ΕΠΙΣΤΗΜΟΝΙΚΟΣ ΕΞΟΠΛΙΣΜΟΣ ΑΝΩΝΥΜΗ ΕΤΑΙΡΕΙΑ,2604.0,,1311β01
ΨΛΟΑ4690ΒΩ-ΡΡΙ,2025-10-29,ΠΡΟΜΗΘΕΙΑ ΥΓΕΙΟΝΟΜΙΚΟΥ ΥΛΙΚΟΥ ΜΕ ΣΥΜΒΑΣΗ (ΣΥΜ.503/2024) ΓΙΑ ΤΟΝ ΜΗΝΑ ΣΕΠΤΕΜΒΡΙΟ 2024 ΣΥΜΦΩΝΑ ΜΕ ΤΙΣ ΔΙΑΤΑΞΕΙΣ ΤΟΥ Ν.5216/2025 αρθ.44  (ΦΕΚ 118/ τ.Α΄/07/07/2025),094007897,ΚΟΠΕΡ ΦΑΡΜΑΚΟΒΙΟΜΗΧΑΝΙΑΑΝΩΝΥΜΗ ΕΤΑΙΡΕΙΑ,11000.55,,1311β01
9Α5Γ4690ΒΩ-5ΜΝ,2025-10-29,ΠΡΟΜΗΘΕΙΑ ΥΓΕΙΟΝΟΜΙΚΟΥ ΥΛΙΚΟΥ   (ΦΙΛΤΡΑ ΜΕΤΑΓΓΙΣΗΣ ΑΙΜΑΤΟΣ ) ΜΕ ΣΥΜΒΑΣΗ ΤΟ ΜΗΝΑ ΣΕΠΤΕΜΒΡΙΟ  2024 ( ΧΕ 2273/24 ΣΥΜΒ. 300/2023),095186426,Μ Σ ΙΑΚΩΒΙΔΗΣ ΕΛΛΑΣ ΑΝΩΝΥΜΟΣ ΕΜΠΟΡΙΚΗ ΕΤΑΙΡΕΙΑ ΙΑΤΡΟΤΕΧΝΟΛΟΓΙΚΟΥ ΥΛΙΚΟΥ,5914.8,,1311β01
ΨΡΤΒ4690ΒΩ-4ΕΒ,2025-10-29,ΠΡΟΜΗΘΕΙΑ ΛΟΙΠΟΥ ΧΗΜΙΚΟΥ ΥΛΙΚΟΥ (ΑΝΤΙΔΡΑΣΤΗΡΙΑ ΑΙΜΟΔΟΣΙΑΣ ) ΜΕ ΣΥΜΒΑΣΗ ΤΟΥΣ ΜΗΝΕΣ ΜΑΪΟ 2024 (ΣΥΜΒ.234/2023 ΧΕ 2712/2024),094128820,Ι Μ ΚΥΡΙΑΚΙΔΗΣ ΑΝΤΙΠΡΟΣΩΠΕΙΑΙ ΕΜΠΟΡΙΟΝ ΕΙΣΑΓΩΓΑΙ ΤΟΥΡΙΣΤΙΚΑΙ ΚΑΙ ΤΕΧΝΙΚΑΙ ΕΠΙΧΕΙΡΗΣΕΙΣ,72.08,,1359β01
ΨΛΦΝ4690ΒΩ-ΚΗ7,2025-10-29,"ΠΡΟΜΗΘΕΙΑ ΥΓΕΙΟΝΟΜΙΚΟΥ ΥΛΙΚΟΥ (ΚΑΘΕΤΗΡΕΣ), ΜΗΝΟΣ ΟΚΤΩΒΡΙΟΥ 2024, ΧΩΡΙΣ ΣΥΜΒΑΣΗ, ΜΕ ΑΠΟΦΑΣΗ ΔΣ 45/27-9-24 Θ.24, ΣΥΜΦΩΝΑ ΜΕ ΤΙΣ ΔΙΑΤΑΞΕΙΣ ΤΟΥ Ν.5216/2025 αρθ.44 (ΦΕΚ 118/ τ.Α΄/07/07/2025)",800541285,IMPROVEMED ΕΜΠΟΡΙΑ ΚΑΙ ΔΙΑΘΕΣΗ ΙΑΤΡΙΚΩΝ ΕΙΔΩΝ ΙΔΙΩΤΙΚΗ ΚΕΦΑΛΑΙΟΥΧΙΚΗ ΕΤΑΙΡΙΑ PRIVATE COMPANY,1323.8,,1311β01
ΡΒ934690ΒΩ-Υ6Π,2025-10-29,ΠΡΟΜΗΘΕΙΑ ΤΡΑΠΕΖΙΚΩΝ ΕΡΓΑΣΙΩΝ ΓΙΑ ΕΞΕΡΧΟΜΕΝΕΣ ΜΕΤΑΦΟΡΕΣ ΠΙΣΤΩΣΕΩΝ ΣΕ ΤΡΑΠΕΖΕΣ ΤΟΥ ΕΞΩΤΕΡΙΚΟΥ (ATRON Χ.Ε. 2127),094014250,EUROBANK ERGASIAS ΥΠΗΡΕΣΙΩΝ ΚΑΙ ΣΥΜΜΕΤΟΧΩΝ ΑΝΩΝΥΜΗ ΕΤΑΙΡΕΙΑ,1.2,,0431α01
99ΖΦ4690ΒΩ-8Γ2,2025-10-29,ΠΡΟΜΗΘΕΙΑ ΟΡΘΟΠΕΔΙΚΟΥ ΥΛΙΚΟΥ ΜΕ ΣΥΜΒΑΣΗ (ΣΥΜΒ 450 /2024) ΓΙΑ ΤΟ ΜΗΝΑ ΣΕΠΤΕΜΒΡΙΟ 2024 ΑΠΑΞ ΠΑΡΑΓΓΕΛΙΑΣ ΣΥΜΦΩΝΑ ΜΕ ΤΙΣ ΔΙΑΤΑΞΕΙΣ ΤΟΥ Ν.5216/2025 αρθ.44 (ΦΕΚ 118/ τ.Α΄/07/07/2025),800519113,ATRON HEALΤH ΙΑΤΡΙΚΑ ΠΡΟΙΟΝΤΑ ΚΑΙ ΜΗΧΑΝΗΜΑΤΑ  ΑΝΩΝΥΜΗ ΕΤΑΙΡΕΙΑ,3356.1,,1313β01
Ψ3ΨΠ4690ΒΩ-7ΓΓ,2025-10-29,"ΠΡΟΜΗΘΕΙΑ ΥΓΕΙΟΝΟΜΙΚΟΥ ΥΛΙΚΟΥ (ΚΑΘΕΤΗΡΕΣ, ΣΕΤ ΚΑΘΕΤΗΡΩΝ 3-ΑΥΛΩΝ, ΣΕΤ ΑΡΤΙΡΙΑΚΩΝ ΚΑΘΕΤΗΡΩΝ, ΑΙΜΟΣΤΑΤΙΚΑ ΕΠΙΘΕΜΑΤΑ), ΜΗΝΩΝ ΟΚΤΩΒΡΙΟΥ, ΝΟΕΜΒΡΙΟΥ & ΔΕΚΕΜΒΡΙΟΥ 2024, ΧΩΡΙΣ ΣΥΜΒΑΣΗ, ΜΕ ΑΠΟΦΑΣΕΙΣ ΔΣ 24/22-5-24 Θ.13, 45/27-9-24 Θ.35, 13/21-3-24 Θ.8, ΑΠΟΦΑΣΕΙΣ ΔΙΟΙΚΗΤΗ 538/24 & 603/24 (ΑΠΟΦΑΣΗ ΔΣ 1/27-3-25 Θ.1 ΓΙΑ ΤΗ EΠΙΚΥΡΩΣΗ ΑΠΟΦΑΣΕΩΝ ΔΙΟΙΚΗΤΗ ΕΤΟΥΣ 2024), ΣΥΜΦΩΝΑ ΜΕ ΤΙΣ ΔΙΑΤΑΞΕΙΣ ΤΟΥ Ν.5216/2025 αρθ.44 (ΦΕΚ 118/ τ.Α΄/07/07/2025)",094429990,TELEFLEX MEDICAL ΕΛΛΑΣ ΑΝΩΝΥΜΗ ΕΜΠΟΡΙΚΗ ΕΤΑΙΡΕΙΑ,1243.0,,1311β01
6ΥΚΨ4690ΒΩ-Ω2Ι,2025-10-29,"ΠΡΟΜΗΘΕΙΑ ΥΓΕΙΟΝΟΜΙΚΟΥ ΥΛΙΚΟΥ (ΕΠΙΔΕΣΜΙΚΟΥ ΥΛΙΚΟΥ ) ΜΕ ΣΥΜΒΑΣΗ ΤΟΥΣ ΜΗΝΕΣ ΣΕΠΤΕΜΒΡΙΟ 2024, ΟΚΤΩΒΡΙΟ 2024 (ΧΕ 2744/2024 ,ΣΥΜ.610/2023)",999640490,ΔΟΥΡΜΟΥΣΟΓΛΟΥ ΑΝΩΝΥΜΗ ΕΜΠΟΡΙΚΗ ΒΙΟΜΗΧΑΝΙΚΗ ΕΤΑΙΡΕΙΑ ΙΑΤΡΙΚΩΝ ΕΙΔΩΝ,313.58,,1311β01
Ρ1ΣΑ4690ΒΩ-66Κ,2025-10-29,"ΠΡΟΜΗΘΕΙΑ ΥΓΕΙΟΝΟΜΙΚΟΥ ΥΛΙΚΟΥ (ΕΠΙΔΕΣΜΙΚΟΥ ΥΛΙΚΟΥ ) ΜΕ ΣΥΜΒΑΣΗ ΤΟ ΜΗΝΑ ΣΕΠΤΕΜΒΡΙΟ 2024 (ΧΕ 2749/2024 ,ΣΥΜ.616/2023)",999656321,ΒΙΟΚΟΝ ΙΑΤΡΙΚΑ ΚΑΙ ΒΙΟΤΕΧΝΟΛΟΓΙΚΑ ΠΡΟΙΟΝΤΑ ΕΤΑΙΡΕΙΑ ΠΕΡΙΟΡΙΣΜΕΝΗΣ ΕΥΘΥΝΗΣ,114.48,,1311β01
ΡΛΛΝ4690ΒΩ-Ξ0Α,2025-10-29,ΠΡΟΜΗΘΕΙΑ ΥΓΕΙΟΝΟΜΙΚΟΥ ΥΛΙΚΟΥ (ΥΛΙΚΩΝ ΑΙΜΟΔΥΝΑΜΙΚΟΥ: Α) ΥΛΙΚΩΝ ΑΓΓΕΙΟΓΡΑΦΙΑΣ ΚΑΙ Β) ΑΓΓΕΙΑΚΩΝ ΠΡΟΘΕΣΕΩΝ )ΜΕ ΣΥΜΒΑΣΗ ΤΟΥΣ ΜΗΝΑ ΙΑΝΟΥΑΡΙΟ 2024 ( ΧΕ 2771/24 ΣΥΜΒ. 213/2023),094396063,ΝΟΣΟΚΟΜΕΙΑΚΗ ΓΡΑΜΜΗ ΑΕ ΕΙΣΑΓΩΓΗΣ ΚΑΙ ΕΜΠΟΡΙΑΣ ΙΑΤΡΙΚΟΥ ΝΟΣΟΚΟΜΕΙΑΚΟΥ ΚΑΙ ΦΑΡΜΑΚΕΥΤΙΚΟΥ ΥΛΙΚΟΥ,694.4,,1311β01
9ΓΔΑ4690ΒΩ-4ΒΚ,2025-10-29,"ΠΡΟΜΗΘΕΙΑ ΥΓΕΙΟΝΟΜΙΚΟΥ ΥΛΙΚΟΥ   ΣΥΜΒΑΣΗ (ΣΥΜ 221/2024) ΓΙΑ ΤΟΝ ΜΗΝΑ ΜΑΙΟ 2024, ΙΟΥΝΙΟ 2024 ΣΥΜΦΩΝΑ ΜΕ ΤΙΣ ΔΙΑΤΑΞΕΙΣ ΤΟΥ Ν.5216/2025 αρθ.44  (ΦΕΚ 118/ τ.Α΄/07/07/2025)",094007897,ΚΟΠΕΡ ΦΑΡΜΑΚΟΒΙΟΜΗΧΑΝΙΑΑΝΩΝΥΜΗ ΕΤΑΙΡΕΙΑ,14667.4,,1311β01
ΡΒ5Ρ4690ΒΩ-803,2025-10-29,"ΠΡΟΜΗΘΕΙΑ ΥΓΕΙΟΝΟΜΙΚΟΥ ΥΛΙΚΟΥ (ΣΑΚΟΙ ΚΟΛΟΣΤΟΜΙΑΣ,ΣΑΚΟΙ ΟΥΡΗΤΟΣΤΟΜΙΑΣ, ΡΑΜΜΑ ΝΥΛΟΝ), ΜΗΝΟΣ ΟΚΤΩΒΡΙΟΥ 2024, ΧΩΡΙΣ ΣΥΜΒΑΣΗ, ΜΕ ΑΠΟΦΑΣΕΙΣ ΔΣ 42/19-9-24 Θ.5, 39/5-9-24 Θ.13, 45/27-9-24 Θ.36 , ΣΥΜΦΩΝΑ ΜΕ ΤΙΣ ΔΙΑΤΑΞΕΙΣ ΤΟΥ Ν.5216/2025 αρθ.44 (ΦΕΚ 118/ τ.Α΄/07/07/2025) ΝΟΣ",099999268,ΦΛΩΡΟΣ ΚΟΝΤΟΠΟΥΛΟΣ ΚΑΙ ΣΙΑ ΟΕ,1023.78,,1311β01
ΡΕΠΗ4690ΒΩ-Ζ5Λ,2025-10-29,ΠΡΟΜΗΘΕΙΑ ΥΓΕΙΟΝΟΜΙΚΟΥ ΥΛΙΚΟΥ (ΔΙΑΤΑΞΕΙΣ ΕΝΔΟΣΚΟΠΙΑΣ ΚΑΙ ΕΝΔΟΧΕΙΡΟΥΡΓΙΚΗΣ) ΜΕ ΣΥΜΒΑΣΗ ΤΟΝ ΜΗΝΑ ΙΟΥΛΙΟ 2024 ( ΧΕ 1863/2025 ΣΥΜΒ. 79/2024) ΣΥΜΦΩΝΑ ΜΕ ΤΙΣ ΔΙΑΤΑΞΕΙΣ ΤΟΥ Ν.5216/2025 αρθ.44 (ΦΕΚ 118/ τ.Α΄/07/07/2025),082525697,ΑΝΑΣΤΑΣΙΟΣ ΜΑΥΡΟΓΕΝΗΣ ΙΑΤΡΟΤΕΧΝΟΛΟΓΙΚΑ ΕΙΔΗ ΑΝΩΝΥΜΗ ΕΤΑΙΡΕΙΑ,3571.2,,1311β01
Ρ4544690ΒΩ-Ζ99,2025-10-29,"ΠΡΟΜΗΘΕΙΑ ΥΓΕΙΟΝΟΜΙΚΟΥ ΥΛΙΚΟΥ (ΕΝΔΟΦΑΚΟΙ ΥΔΡΟΦΟΒΟΙ ) ME ΣΥΜΒΑΣΗ ΤΟΥΣ ΜΗΝΕΣ ΑΥΓΟΥΣΤΟ 2024 ,ΣΕΠΤΕΜΒΡΙΟ 2024 ( ΣΥΜΒ.429/2024)",094264251,ΟΜΜΑ ΛΑΙΤ ΦΑΡΜΑΚΕΥΤΙΚΑ  ΟΠΤΙΚΑ  ΙΑΤΡΙΚΑ ΑΝΩΝ ΕΜΠ ΕΤΑΙΡΕΙΑ,8136.0,,1311β01
954Ν4690ΒΩ-Σ2Ν,2025-10-29,ΠΡΟΜΗΘΕΙΑ ΥΓΕΙΟΝΟΜΙΚΟΥ ΥΛΙΚΟΥ (ΟΦΘΑΛΜΟΛΟΓΙΚΑ ΥΛΙΚΑ) ΜΕ ΣΥΜΒΑΣΗ ΤΟ ΜΗΝΑ ΣΕΠΤΕΜΒΡΙΟ 2024 (ΣΥΜΒ. ΧΕ 2671/24 330/2023)ΣΥΜΦΩΝΑ ΜΕ ΤΙΣ ΔΙΑΤΑΞΕΙΣ ΤΟΥ Ν.5216/2025 αρθ.44 (ΦΕΚ 118/ τ.Α΄/07/07/2025),091538410,ΛΕΩΝ ΣΑΛΤΙΕΛ ΚΑΙ ΥΙΟΙ ΟΕ,1099.01,,1311β01
6ΣΟ94690ΒΩ-ΒΦΟ,2025-10-29,"ΠΡΟΜΗΘΕΙΑ ΥΓΕΙΟΝΟΜΙΚΟΥ ΥΛΙΚΟΥ (ΕΠΙΔΕΣΜΙΚΟΥ ΥΛΙΚΟΥ ) ΜΕ ΣΥΜΒΑΣΗ ΤΟ ΜΗΝΑ ΣΕΠΤΕΜΒΡΙΟ 2024 (ΧΕ 2750/2024 ,ΣΥΜ.617/2023)",094326835,ΑΝΩΝΥΜΗ ΕΙΣΑΓΩΓΙΚΗ ΕΜΠΟΡΙΚΗ ΕΤΑΙΡΕΙΑ ΙΑΤΡΙΚΩΝ ΕΙΔΩΝ ΞΕΝΟΦΩΝ ΓΕΡΜΑΝΟΣ,2271.18,,1311β01
90ΕΚ4690ΒΩ-Γ5Χ,2025-10-29,"ΠΡΟΜΗΘΕΙΑ ΥΓΕΙΟΝΟΜΙΚΟΥ ΥΛΙΚΟΥ (ΕΠΙΔΕΣΜΙΚΟΥ ΥΛΙΚΟΥ ) ΜΕ ΣΥΜΒΑΣΗ ΤΟ ΜΗΝΑ ΣΕΠΤΕΜΒΡΙΟ 2024 (ΧΕ 2742/2024 ,ΣΥΜ.608/2023)",094133588,ΓΕΝΙΚΗ ΧΗΜΙΚΩΝ ΠΡΟΙΟΝΤΩΝ ΑΕ,4119.98,,1311β01
Ρ9Ρ04690ΒΩ-ΜΧΟ,2025-10-29,ΠΡΟΜΗΘΕΙΑ ΥΓΕΙΟΝΟΜΙΚΟΥ ΥΛΙΚΟΥ (ΕΝΔΟΦΑΚΟΙ ΥΔΡΟΦΟΒΟΙ ) ME ΣΥΜΒΑΣΗ ΤΟ ΜΗΝΑ ΣΕΠΤΕΜΒΡΙΟ 2024 ( ΧΕ 2120 /2025 ΣΥΜΒ.426/2024),094429222,AEGLI MEDICAL OPTICS ΑΝΩΝΥΜΗ ΕΤΑΙΡΕΙΑ,7345.0,,1311β01
98ΟΜ4690ΒΩ-ΛΝΖ,2025-10-29,"ΠΡΟΜΗΘΕΙΑ ΥΓΕΙΟΝΟΜΙΚΟΥ ΥΛΙΚΟΥ (ΕΠΙΔΕΣΜΙΚΟΥ ΥΛΙΚΟΥ ) ΜΕ ΣΥΜΒΑΣΗ ΤΟ ΜΗΝΑ ΑΥΓΟΥΣΤΟ 2024 (ΧΕ 2746/2024 ,ΣΥΜ.612/2023)",999307110,ΚΑΛΤΕΚ ΕΜΠΟΡΙΑ ΙΑΤΡΙΚΩΝ ΕΙΔΩΝ ΠΡΟΙΟΝΤΩΝ ΚΑΙ ΜΗΧΑΝΗΜΑΤΩΝ ΜΟΝΟΠΡΟΣΩΠΗ ΑΝΩΝΥΜΗ ΕΤΑΙΡΙΑ,822.64,,1311β01
60Θ74690ΒΩ-ΘΘΝ,2025-10-29,"ΠΡΟΜΗΘΕΙΑ ΥΓΕΙΟΝΟΜΙΚΟΥ ΥΛΙΚΟΥ (ΕΠΙΔΕΣΜΙΚΟΥ ΥΛΙΚΟΥ ) ΜΕ ΣΥΜΒΑΣΗ ΤΟ ΜΗΝΑ ΣΕΠΤΕΜΒΡΙΟ 2024 (ΧΕ 2747/2024 ,ΣΥΜ.613/2023)",094446034,Y LOGIMED ΜΟΝΟΠΡΟΣΩΠΗ ΑΝΩΝΥΜΗ ΕΤΑΙΡΕΙΑ ΕΙΣΑΓΩΓΗΣ ΕΜΠΟΡΙΑΣ ΚΑΙ ΕΦΟΔΙΑΣΜΟΥ ΙΑΤΡΟΤΕΧΝΟΛΟΓΙΚΩΝ ΠΡΟΙΟΝΤΩΝ,6059.63,,1311β01
ΡΔΟ84690ΒΩ-Υ95,2025-10-29,ΠΡΟΜΗΘΕΙΑ ΥΓΕΙΟΝΟΜΙΚΟΥ ΥΛΙΚΟΥ ΜΕ ΣΥΜΒΑΣΗ ΤΟ ΜΗΝΑ ΣΕΠΤΕΜΒΡΙΟ 2024 ( ΧΕ 2346 /24 ΣΥΜΒ.514/2023) ΣΥΜΦΩΝΑ ΜΕ ΤΙΣ ΔΙΑΤΑΞΕΙΣ ΤΟΥ Ν.5216/2025 αρθ.44 (ΦΕΚ 118/ τ.Α΄/07/07/2025),094356041,ΙΝΕΞ ΑΝΩΝΥΜΗ ΕΜΠΟΡΙΚΗ ΕΤΑΙΡ ΙΑΤΡΙΚΩΝ ΝΟΣΟΚΟΜΕΙΑΚ ΕΙΔΩΝ,70.63,,1311β01
6ΘΛ84690ΒΩ-ΦΕ3,2025-10-29,ΠΡΟΜΗΘΕΙΑ ΥΓΕΙΟΝΟΜΙΚΟΥ ΥΛΙΚΟΥ ΜΕ ΣΥΜΒΑΣΗ ΤON MHNA ΙΟΥΛΙΟ 2024 ( ΧΕ 1778/25 ΣΥΜΒ.91/2024),094446034,Y LOGIMED ΜΟΝΟΠΡΟΣΩΠΗ ΑΝΩΝΥΜΗ ΕΤΑΙΡΕΙΑ ΕΙΣΑΓΩΓΗΣ ΕΜΠΟΡΙΑΣ ΚΑΙ ΕΦΟΔΙΑΣΜΟΥ ΙΑΤΡΟΤΕΧΝΟΛΟΓΙΚΩΝ ΠΡΟΙΟΝΤΩΝ,926.6,,1311β01
ΨΧΑΓ4690ΒΩ-ΟΡΩ,2025-10-29,ΠΡΟΜΗΘΕΙΑ ΥΓΕΙΟΝΟΜΙΚΟΥ ΥΛΙΚΟΥ (ΕΝΔΟΦΑΚΟΙ ΥΔΡΟΦΟΒΟΙ ) ME ΣΥΜΒΑΣΗ ΤΟΥΣ ΜΗΝΕΣ ΣΕΠΤΕΜΒΡΙΟ 2024 ( ΧΕ 2120 /2025 ΣΥΜΒ.428/2024),094450895,ΑΛΚΟΝ ΛΑΜΠΟΡΑΤΟΡΙΣ ΕΛΛΑΣ ΜΟΝΟΠΡΟΣΩΠΗ ΑΝΩΝΥΜΗ ΕΜΠΟΡΙΚΗ ΚΑΙ ΒΙΟΜΗΧΑΝΙΚΗ ΕΤΑΙΡΕΙΑ,90.4,,1311β01
9ΨΙΚ4690ΒΩ-ΚΔΓ,2025-10-29,ΠΡΟΜΗΘΕΙΑ ΥΓΕΙΟΝΟΜΙΚΟΥ ΥΛΙΚΟΥ ΝΟΣΟΚΟΜΕΙΟΥ ΓΙΑ ΤΟΝ ΜΗΝΑ ΟΚΤΩΒΡΙΟ 2024 ΜΕ ΣΥΜΒΑΣΗ (ΣΥΜ.580/24 ) ΣΥΜΦΩΝΑ ΜΕ ΤΙΣ ΔΙΑΤΑΞΕΙΣ ΤΟΥ Ν.5216/2025 αρθ.44 (ΦΕΚ 118/ τ.Α΄/07/07/2025),095367968,MEDICARE HELLAS ΑΝΩΝΥΜΗ ΕΤΑΙΡΕΙΑ ΕΜΠΟΡΙΑΣ ΝΟΣΟΚΟΜΕΙΑΚΩΝ ΕΙΔΩΝ,4905.44,,1311β01
90334690ΒΩ-9ΗΚ,2025-10-29,ΠΡΟΜΗΘΕΙΑ ΥΓΕΙΟΝΟΜΙΚΟΥ ΥΛΙΚΟΥ ΜΕ ΣΥΜΒΑΣΗ ΤΟ ΜΗΝΑ ΙΟΥΛΙΟ 2024 (ΣΥΜΒ.448/24 ) ΣΥΜΦΩΝΑ ΜΕ ΤΙΣ ΔΙΑΤΑΞΕΙΣ ΤΟΥ Ν.5216/2025 αρθ.44 (ΦΕΚ 118/ τ.Α΄/07/07/2025),800715333,EUROSUP ΑΕ,10848.0,,1311β01
6ΓΖ44690ΒΩ-Δ54,2025-10-29,ΕΛΕΓΧΟΣ ΠΟΙΟΤΗΤΑΣ ΜΙΚΡΟΒΙΟΛΟΓΙΚΟΥ ΕΡΓΑΣΤΗΡΙΟΥ ΜΕ ΣΥΜΒΑΣΗ ΤΟΝ ΜΗΝΑ ΣΕΠΤΕΜΒΡΙΟ 2024 (ΣΥΜΒ. 244/2024 ΧΕ 1667/2025) ΣΥΜΦΩΝΑ ΜΕ ΤΙΣ ΔΙΑΤΑΞΕΙΣ ΤΟΥ Ν. 5161/2024 αρθ.14 (ΦΕΚ 196/τ. Α΄/29-11-2024,095580571,ΑΛΦΑ ΜΕΝΤΙΚΑΛ ΕΙΣΑΓΩΓΕΣ ΚΑΙ ΑΝΤΙΠΡΟΣΩΠΕΙΕΣ ΙΑΤΡΟΤΕΧΝΟΛΟΓΙΚΩΝ ΚΑΙ ΦΑΡΜΑΚΕΥΤΙΚΩΝ ΠΡΟΙΟΝΤΩΝ ΑΝΩΝΥΜΟΣ ΕΜΠΟΡΙΚΗ  ΒΙΟΜΗΧΑΝΙΚΗ,3124.88,,1359β01
ΨΞΣΧ4690ΒΩ-ΞΟ1,2025-10-29,ΠΡΟΜΗΘΕΙΑ ΛΟΙΠΟΥ ΧΗΜΙΚΟΥ ΥΛΙΚΟΥ (ΑΝΤΙΔΡΑΣΤΗΡΙΑ ΕΡΓΑΣΤΗΡΙΩΝ (ΒΙΟΧΗΜΙΚΟΥ) ΜΕ ΣΥΜΒΑΣΗ ΤΟΝ ΜΗΝΑ ΟΚΤΩΒΡΙΟ 2024 (ΣΥΜΒ. 569/2024 ) ΑΠΑΞ ΠΑΡΑΓΓΕΛΙΑ ΣΥΜΦΩΝΑ ΜΕ ΤΙΣ ΔΙΑΤΑΞΕΙΣ ΤΟΥ Ν. 5161/2024 αρθ.14 (ΦΕΚ 196/τ. Α΄/29-11-2024,094211706,ΕΛΕΝΗ ΚΕΚΗ ΑΝΩΝΥΜΗ ΕΜΠΟΡΙΚΗ ΕΤΑΙΡΕΙΑ ΑΝΤΙΠΡΟΣΩΠΕΙΕΣ ΕΙΣΑΓΩΓΕΣ,7955.0,,1359β01
6ΓΖΧ4690ΒΩ-ΖΩΒ,2025-10-29,ΠΡΟΜΗΘΕΙΑ ΛΟΙΠΟΥ ΧΗΜΙΚΟΥ ΥΛΙΚΟΥ (ΑΝΤΙΔΡΑΣΤΗΡΙΑ ΑΙΜΟΠΔΟΣΙΑΣ ΓΙΑ ΤΗΝ ΕΞΑΛΡΙΒΩΣΗ ΤΗΣ ΟΜΑΔΑΣ ΑΙΜΑΤΟΣ) ΜΕ ΣΥΜΒΑΣΗ ΤΟΝ ΜΗΝΑ ΟΚΤΩΒΡΙΟ 2024 (ΣΥΜΒ.574/2024) ΑΠΑΞ ΠΑΡΑΓΓΕΛΙΑ ΣΥΜΦΩΝΑ ΜΕ ΤΙΣ ΔΙΑΤΑΞΕΙΣ ΤΟΥ Ν. 5161/2024 αρθ.14 (ΦΕΚ 196/τ. Α΄/29-11-2024,999963462,BIO RAD LABORATORIES ΜΟΝΟΠΡΟΣΩΠΗ ΕΤΑΙΡΕΙΑ ΠΕΡΙΟΡΙΣΜΕΝΗΣ ΕΥΘΥΝΗΣ ΚΑΤΑΣΚΕΥΗΣ ΚΑΙ ΕΜΠΟΡΙΑΣ ΙΑΤΡΙΚΟΥ ΕΞΟΠΛΙΣΜΟΥ,3738.0,,1359β01
6ΘΥ14690ΒΩ-ΩΓΙ,2025-10-29,ΠΡΟΜΗΘΕΙΑ ΛΟΙΠΟΥ ΧΗΜΙΚΟΥ ΥΛΙΚΟΥ (ΚΑΛΛΙΕΡΓΕΙΕΣ ΜΙΚΡΟΒΙΟΛΟΓΙΑΣ) ΜΕ ΣΥΜΒΑΣΗ ΤΟΝ ΜΗΝΑ ΟΚΤΩΒΡΙΟ 2024 ΑΠΑΞ ΠΑΡΑΓΓΕΛΙΑ (ΣΥΜΒ.630/2024) ΣΥΜΦΩΝΑ ΜΕ ΤΙΣ ΔΙΑΤΑΞΕΙΣ ΤΟΥ Ν. 5161/2024 αρθ.14 (ΦΕΚ 196/τ. Α΄/29-11-2024,094047060,ΒΑΡΕΛΑΣ ΑΝΩΝΥΜΗ ΕΤΑΙΡΕΙΑ ΧΗΜΙΚΑ ΚΑΙ ΔΙΑΓΝΩΣΤΙΚΑ,5638.14,,1359β01
9ΒΕΠ4690ΒΩ-2ΨΠ,2025-10-29,ΠΡΟΜΗΘΕΙΑ ΛΟΙΠΟΥ ΧΗΜΙΚΟΥ ΥΛΙΚΟΥ (ΔΙΑΓΝΩΣΤΙΚΕΣ ΟΥΣΙΕΣ) ΜΕ ΣΥΜΒΑΣΗ ΤΟΝ ΜΗΝΑ ΣΕΠΤΕΜΒΡΙΟ 2024 (ΣΥΜΒ.523/2024) ΑΠΑΞ ΠΑΡΑΓΓΕΛΙΑ ΣΥΜΦΩΝΑ ΜΕ ΤΙΣ ΔΙΑΤΑΞΕΙΣ ΤΟΥ Ν. 5161/2024 αρθ.14 (ΦΕΚ 196/τ. Α΄/29-11-2024,091569759,ΑΦΟΙ Α ΣΕΛΙΔΗ ΑΝΩΝΥΜΗ ΕΤΑΙΡΙΑ ΕΠΙΣΤΗΜΟΝΙΚΟΥ ΕΞΟΠΛΙΣΜΟΥ,5835.3,,1359β01
Ψ2ΘΒ4690ΒΩ-2Τ4,2025-10-29,ΠΡΟΜΗΘΕΙΑ ΥΓΕΙΟΝΟΜΙΚΟΥ ΥΛΙΚΟΥ ΜΕ ΣΥΜΒΑΣΗ ΤΟ ΜΗΝΑ ΣΕΠΤΕΜΒΡΙΟ 2024 (ΣΥΜΒ.473/24 ),094429222,AEGLI MEDICAL OPTICS ΑΝΩΝΥΜΗ ΕΤΑΙΡΕΙΑ,6780.0,,1311β01
ΨΧΛ54690ΒΩ-ΠΙ1,2025-10-29,ΠΡΟΜΗΘΕΙΑ ΥΓΕΙΟΝΟΜΙΚΟΥ ΥΛΙΚΟΥ ΝΟΣΟΚΟΜΕΙΟΥ ΓΙΑ ΤΟΝ ΜΗΝΑ ΟΚΤΩΒΡΙΟ 2024 ΜΕ ΣΥΜΒΑΣΗ (ΣΥΜ.581/24 ) ΣΥΜΦΩΝΑ ΜΕ ΤΙΣ ΔΙΑΤΑΞΕΙΣ ΤΟΥ Ν.5216/2025 αρθ.44 (ΦΕΚ 118/ τ.Α΄/07/07/2025),801028069,I M I  INFINITY SURGICAL INNOVATIONS ΜΟΝΟΠΡΟΣΩΠΗ ΙΚΕ,4402.0,,1311β01
979Ξ4690ΒΩ-Ε87,2025-10-29,ΠΡΟΜΗΘΕΙΑ ΥΓΕΙΟΝΟΜΙΚΟΥ ΥΛΙΚΟΥ ΝΟΣΟΚΟΜΕΙΟΥ ΓΙΑ ΤΟΝ ΜΗΝΑ ΟΚΤΩΒΡΙΟ 2024 ΜΕ ΣΥΜΒΑΣΗ (ΣΥΜ.579/24 ) ΣΥΜΦΩΝΑ ΜΕ ΤΙΣ ΔΙΑΤΑΞΕΙΣ ΤΟΥ Ν.5216/2025 αρθ.44 (ΦΕΚ 118/ τ.Α΄/07/07/2025),082525697,ΑΝΑΣΤΑΣΙΟΣ ΜΑΥΡΟΓΕΝΗΣ ΙΑΤΡΟΤΕΧΝΟΛΟΓΙΚΑ ΕΙΔΗ ΑΝΩΝΥΜΗ ΕΤΑΙΡΕΙΑ,21930.64,,1311β01
9ΡΓ84690ΒΩ-ΒΩΙ,2025-10-29,ΠΡΟΜΗΘΕΙΑ ΑΝΤΙΔΡΑΣΤΗΡΙΩΝ ΝΟΣΟΚΟΜΕΙΟΥ ΜΕ ΣΥΜΒΑΣΗ ΤΟΝ ΜΗΝΑ ΟΚΤΩΒΡΙΟ 2024 (ΣΥΜΒ. 31/2024 ΧΕ 3069/2024),800356020,LERIVA ΔΙΑΓΝΩΣΤΙΚΑ ΥΓΕΙΑΣ ΑΝΩΝΥΜΗ ΕΜΠΟΡΙΚΗ ΕΤΑΙΡΕΙΑ,7922.44,,1359β01
9Τ1Φ4690ΒΩ-ΩΞΒ,2025-10-29,ΠΡΟΜΗΘΕΙΑ ΤΡΑΠΕΖΙΚΩΝ ΕΡΓΑΣΙΩΝ ΓΙΑ ΕΞΕΡΧΟΜΕΝΕΣ ΜΕΤΑΦΟΡΕΣ ΠΙΣΤΩΣΕΩΝ ΣΕ ΤΡΑΠΕΖΕΣ ΤΟΥ ΕΞΩΤΕΡΙΚΟΥ (ΧΕ 2177/2025),094014250,EUROBANK ERGASIAS ΥΠΗΡΕΣΙΩΝ ΚΑΙ ΣΥΜΜΕΤΟΧΩΝ ΑΝΩΝΥΜΗ ΕΤΑΙΡΕΙΑ,1.2,,0431α01
96ΡΦ4690ΒΩ-545,2025-10-29,ΠΡΟΜΗΘΕΙΑ ΧΗΜΙΚΟΥ ΥΛΙΚΟΥ ΜΕ ΣΥΜΒΑΣΗ ΤΟΝ ΜΗΝΑ ΣΕΠΤΕΜΒΡΙΟ 2024 (ΣΥΜΒ.58/2024 ΧΕ 747/2025),094027257,"ΑΜΠΟΤ ΛΑΜΠΟΡΑΤΟΡΙΣ (ΕΛΛΑΣ), ΒΙΟΜΗΧΑΝΙΚΗ ΚΑΙ ΕΜΠΟΡΙΚΗ ΑΝΩΝΥΜΗ ΕΤΑΙΡΕΙΑ",23170.14,,1359β01
9ΚΘΧ4690ΒΩ-Κ3Φ,2025-10-29,ΠΡΟΜΗΘΕΙΑ ΛΟΙΠΟΥ ΧΗΜΙΚΟΥ ΥΛΙΚΟΥ (ΑΝΤΙΔΡΑΣΤΗΡΙΩΝ ΕΡΓΑΣΤΗΡΙΩΝ ) ΜΕ ΣΥΜΒΑΣΗ ΤΟΝ ΜΗΝΑ ΣΕΠΤΕΜΒΡΙΟ 2024 (ΣΥΜΒ.646/2023 ΧΕ 743/2025),099518023,Α ΔΕΡΒΟΣ Γ ΔΗΜΗΤΡΑΚΟΠΟΥΛΟΣ ΚΑΙ ΣΙΑ ΑΝΩΝΥΜΗ ΕΤΑΙΡΙΑ ΕΙΣΑΓΩΓΗΣ ΚΑΙ ΕΜΠΟΡΙΑΣ ΕΠΙΣΤΗΜΟΝΙΚΩΝ ΟΡΓΑΝΩΝ ΚΑΙ ΦΑΡΜΑΚΕΥΤΙΚΩΝ ΠΡΟΙΟΝ,637.36,,1359β01
9ΣΜΩ4690ΒΩ-ΧΡΗ,2025-10-29,ΠΡΟΜΗΘΕΙΑ ΛΟΙΠΟΥ ΧΗΜΙΚΟΥ ΥΛΙΚΟΥ (ΑΝΤΙΔΡΑΣΤΗΡΙΑ ΑΙΜΟΔΟΣΙΑΣ ) ΜΕ ΣΥΜΒΑΣΗ ΤΟΝ ΜΗΝΑ ΣΕΠΤΕΜΒΡΙΟ 2024 (ΣΥΜΒ. 233/2023 ΧΕ 2711/2024),095618368,ΕΜΠΟΡΙΑ ΚΑΙ ΤΕΧΝΟΓΝΩΣΙΑ ΦΑΡΜΑΚΕΥΤΙΚΩΝ ΚΑΙ ΠΑΡΑΦΑΡΜΑΚΕΥΤΙΚΩΝ ΕΙΔΩΝ ΕΠΕ,1698.12,,1359β01
ΨΕΤΑ4690ΒΩ-24Υ,2025-10-29,"ΠΡΟΜΗΘΕΙΑ ΥΓΕΙΟΝΟΜΙΚΟΥ ΥΛΙΚΟΥ (ΝΑΣΤΡΑΒΕΣΤΟΣ ΣΕ ΚΑΝΙΣΤΡΑ ΜΙΑΣ ΧΡΗΣΗΣ), ΜΗΝΟΣ ΟΚΤΩΒΡΙΟΥ 2024, ΧΩΡΙΣ ΣΥΜΒΑΣΗ, ΜΕ ΑΠΟΦΑΣΗ ΔΣ 43/25-9-24 Θ.27,  ΣΥΜΦΩΝΑ ΜΕ ΤΙΣ ΔΙΑΤΑΞΕΙΣ ΤΟΥ Ν.5216/2025 αρθ.44  (ΦΕΚ 118/ τ.Α΄/07/07/2025),   ΝΟΣ",999307110,ΚΑΛΤΕΚ ΕΜΠΟΡΙΑ ΙΑΤΡΙΚΩΝ ΕΙΔΩΝ ΠΡΟΙΟΝΤΩΝ ΚΑΙ ΜΗΧΑΝΗΜΑΤΩΝ ΜΟΝΟΠΡΟΣΩΠΗ ΑΝΩΝΥΜΗ ΕΤΑΙΡΙΑ,818.4,,1311
6ΞΘ94690ΒΩ-Ι9Ο,2025-10-29,"ΠΡΟΜ.ΟΡΘΟΠΕΔ,ΠΡΟΣΘΕΤ.ΚΑΙ ΛΟΙΠΩΝ ΥΛΙΚΩΝ ΑΝΑΠΗΡΩΝ, ΜΗΝΟΣ ΟΚΤΩΒΡΙΟΥ 2024, ΧΩΡΙΣ ΣΥΜΒΑΣΗ, ΜΕ ΑΠΟΦΑΣΗ ΔΣ 45/27-9-24 Θ.49, ΣΥΜΦΩΝΑ ΜΕ ΤΙΣ ΔΙΑΤΑΞΕΙΣ ΤΟΥ Ν.5216/2025 αρθ.44  (ΦΕΚ 118/ τ.Α΄/07/07/2025)ΝΟΣ",999307110,ΚΑΛΤΕΚ ΕΜΠΟΡΙΑ ΙΑΤΡΙΚΩΝ ΕΙΔΩΝ ΠΡΟΙΟΝΤΩΝ ΚΑΙ ΜΗΧΑΝΗΜΑΤΩΝ ΜΟΝΟΠΡΟΣΩΠΗ ΑΝΩΝΥΜΗ ΕΤΑΙΡΙΑ,3687.56,,1313
6ΗΙΡ4690ΒΩ-ΥΑ2,2025-10-29,"ΠΡΟΜ.ΟΡΘΟΠΕΔ,ΠΡΟΣΘΕΤ.ΚΑΙ ΛΟΙΠΩΝ ΥΛΙΚΩΝ ΑΝΑΠΗΡΩΝ, ΜΗΝΟΣ ΟΚΤΩΒΡΙΟΥ 2024, ΧΩΡΙΣ ΣΥΜΒΑΣΗ, ΜΕ ΑΠΟΦΑΣΗ ΔΣ 45/27-9-24 Θ.49, ΣΥΜΦΩΝΑ ΜΕ ΤΙΣ ΔΙΑΤΑΞΕΙΣ ΤΟΥ Ν.5216/2025 αρθ.44  (ΦΕΚ 118/ τ.Α΄/07/07/2025)ΝΟΣ",998333221,ΠΡΟΗΓΜΕΝΑ ΙΑΤΡΙΚΑ ΠΡΟΙΟΝΤΑ ΚΑΙ ΥΠΗΡΕΣΙΕΣ ΜΟΝΟΠΡΟΣΩΠΗ ΕΤΑΙΡΙΑ ΠΕΡΙΟΡΙΣΜΕΝΗΣ ΕΥΘΥΝΗΣ,4460.56,,1313
ΨΝ184690ΒΩ-7ΤΣ,2025-10-29,"ΠΡΟΜ.ΟΡΘΟΠΕΔ,ΠΡΟΣΘΕΤ.ΚΑΙ ΛΟΙΠΩΝ ΥΛΙΚΩΝ ΑΝΑΠΗΡΩΝ, ΜΗΝΟΣ ΟΚΤΩΒΡΙΟΥ 2024, ΧΩΡΙΣ ΣΥΜΒΑΣΗ, ΜΕ ΑΠΟΦΑΣΗ ΔΣ 45/27-9-24 Θ.49, ΣΥΜΦΩΝΑ ΜΕ ΤΙΣ ΔΙΑΤΑΞΕΙΣ ΤΟΥ Ν.5216/2025 αρθ.44  (ΦΕΚ 118/ τ.Α΄/07/07/2025)",094437885,ΖΙΜΜΕR ΒΙΟΜΕΤ ΕΛΛΑΣ ΜΟΝΟΠΡΟΣΩΠΗ ΑΝΩΝΥΜΗ ΕΜΠΟΡΙΚΗ ΚΑΙ ΒΙΟΜΗΧΑΝΙΚΗ ΕΤΑΙΡΕΙΑ ΙΑΤΡΙΚΩΝ ΚΑΙ ΦΑΡΜΑΚΕΥΤΙΚΩΝ ΕΙΔΩΝ,2371.64,,1313
Ψ9ΜΞ4690ΒΩ-2ΥΘ,2025-10-29,ΠΡΟΜΗΘΕΙΑ ΤΡΑΠΕΖΙΚΩΝ ΕΡΓΑΣΙΩΝ ΓΙΑ ΕΞΕΡΧΟΜΕΝΕΣ ΜΕΤΑΦΟΡΕΣ ΠΙΣΤΩΣΕΩΝ ΣΕ ΤΡΑΠΕΖΕΣ ΤΟΥ ΕΞΩΤΕΡΙΚΟΥ (ZIMMER Χ.Ε.2156),094014250,EUROBANK ERGASIAS ΥΠΗΡΕΣΙΩΝ ΚΑΙ ΣΥΜΜΕΤΟΧΩΝ ΑΝΩΝΥΜΗ ΕΤΑΙΡΕΙΑ,1.2,,0431
62Φ54690ΒΩ-ΝΔΡ,2025-10-29,"ΠΡΟΜ.ΟΡΘΟΠΕΔ,ΠΡΟΣΘΕΤ.ΚΑΙ ΛΟΙΠΩΝ ΥΛΙΚΩΝ ΑΝΑΠΗΡΩΝ, ΜΗΝΟΣ ΟΚΤΩΒΡΙΟΥ 2024, ΧΩΡΙΣ ΣΥΜΒΑΣΗ, ΜΕ ΑΠΟΦΑΣΗ ΔΣ 45/27-9-24 Θ. 49, ΣΥΜΦΩΝΑ ΜΕ ΤΙΣ ΔΙΑΤΑΞΕΙΣ ΤΟΥ Ν.5216/2025 αρθ.44  (ΦΕΚ 118/ τ.Α΄/07/07/2025)ΝΟΣ",800500360,ΜΕΝΤΙΠΛΑΤ ΕΜΠΟΡΙΑ ΙΑΤΡΙΚΩΝ ΕΙΔΩΝ ΕΤΑΙΡΕΙΑ ΠΕΡΙΟΡΙΣΜΕΝΗΣ ΕΥΘΥΝΗΣ,2487.03,,1313
9ΙΘΚ4690ΒΩ-81Φ,2025-10-29,ΠΡΟΜΗΘΕΙΑ ΤΡΑΠΕΖΙΚΩΝ ΕΡΓΑΣΙΩΝ ΓΙΑ ΕΞΕΡΧΟΜΕΝΕΣ ΜΕΤΑΦΟΡΕΣ ΠΙΣΤΩΣΕΩΝ ΣΕ ΤΡΑΠΕΖΕΣ ΤΟΥ ΕΞΩΤΕΡΙΚΟΥ (MEDIPLAT Χ.Ε. 2154),094014250,EUROBANK ERGASIAS ΥΠΗΡΕΣΙΩΝ ΚΑΙ ΣΥΜΜΕΤΟΧΩΝ ΑΝΩΝΥΜΗ ΕΤΑΙΡΕΙΑ,1.2,,0431
6Χ524690ΒΩ-ΝΕΩ,2025-10-29,"ΠΡΟΜ.ΟΡΘΟΠΕΔ,ΠΡΟΣΘΕΤ.ΚΑΙ ΛΟΙΠΩΝ ΥΛΙΚΩΝ ΑΝΑΠΗΡΩΝ, ΜΗΝΟΣ ΟΚΤΩΒΡΙΟΥ 2010, ΧΩΡΙΣ ΣΥΜΒΑΣΗ, ΜΕ ΑΠΟΦΑΣΗ ΔΣ 45/27-9-24 Θ.49, ΣΥΜΦΩΝΑ ΜΕ ΤΙΣ ΔΙΑΤΑΞΕΙΣ ΤΟΥ Ν.5216/2025 αρθ.44 (ΦΕΚ 118/ τ.Α΄/07/07/2025), ΝΟΣ",999212027,ΙΑΜΕΞ ΙΑΤΡΙΚΑ ΕΙΔΗ ΑΝΩΝΥΜΟΣ ΕΤΑΙΡΙΑ,2968.51,,1313
96ΥΝ4690ΒΩ-ΡΣΗ,2025-10-29,ΠΡΟΜΗΘΕΙΑ ΟΡΘΟΠΕΔΙΚΟΥ ΥΛΙΚΟΥ ΜΕ ΣΥΜΒΑΣΗ (ΣΥΜΒ 556 /2024) ΓΙΑ ΤΟ ΜΗΝΑ ΟΚΤΩΒΡΙΟ  2024 ΑΠΑΞ ΠΑΡΑΓΓΕΛΙΑΣ ΣΥΜΦΩΝΑ ΜΕ ΤΙΣ ΔΙΑΤΑΞΕΙΣ ΤΟΥ Ν.5216/2025 αρθ.44 (ΦΕΚ 118/ τ.Α΄/07/07/2025,999212027,ΙΑΜΕΞ ΙΑΤΡΙΚΑ ΕΙΔΗ ΑΝΩΝΥΜΟΣ ΕΤΑΙΡΙΑ,4492.88,,1313
9Ε364690ΒΩ-ΚΧΤ,2025-10-29,ΠΡΟΜΗΘΕΙΑ ΟΡΘΟΠΕΔΙΚΟΥ ΥΛΙΚΟΥ ΜΕ ΣΥΜΒΑΣΗ (ΣΥΜΒ 557/2024) ΓΙΑ ΤΟ ΜΗΝΑ ΟΚΤΩΒΡΙΟ  2024 ΑΠΑΞ ΠΑΡΑΓΓΕΛΙΑΣ ΣΥΜΦΩΝΑ ΜΕ ΤΙΣ ΔΙΑΤΑΞΕΙΣ ΤΟΥ Ν.5216/2025 αρθ.44 (ΦΕΚ 118/ τ.Α΄/07/07/2025,999212027,ΙΑΜΕΞ ΙΑΤΡΙΚΑ ΕΙΔΗ ΑΝΩΝΥΜΟΣ ΕΤΑΙΡΙΑ,2994.5,,1313
Ψ0ΖΤ4690ΒΩ-ΧΔΨ,2025-10-29,ΠΡΟΜΗΘΕΙΑ ΟΡΘΟΠΕΔΙΚΟΥ ΥΛΙΚΟΥ ΜΕ ΣΥΜΒΑΣΗ (ΣΥΜΒ 558 /2024) ΓΙΑ ΤΟ ΜΗΝΑ ΟΚΤΩΒΡΙΟ  2024 ΑΠΑΞ ΠΑΡΑΓΓΕΛΙΑΣ ΣΥΜΦΩΝΑ ΜΕ ΤΙΣ ΔΙΑΤΑΞΕΙΣ ΤΟΥ Ν.5216/2025 αρθ.44 (ΦΕΚ 118/ τ.Α΄/07/07/2025,999212027,ΙΑΜΕΞ ΙΑΤΡΙΚΑ ΕΙΔΗ ΑΝΩΝΥΜΟΣ ΕΤΑΙΡΙΑ,2994.5,,1313
ΨΑΠΙ4690ΒΩ-ΒΙΒ,2025-10-29,ΠΡΟΜΗΘΕΙΑ ΟΡΘΟΠΕΔΙΚΟΥ ΥΛΙΚΟΥ ΜΕ ΣΥΜΒΑΣΗ (ΣΥΜΒ 555 /2024) ΓΙΑ ΤΟ ΜΗΝΑ ΟΚΤΩΒΡΙΟ  2024 ΑΠΑΞ ΠΑΡΑΓΓΕΛΙΑΣ ΣΥΜΦΩΝΑ ΜΕ ΤΙΣ ΔΙΑΤΑΞΕΙΣ ΤΟΥ Ν.5216/2025 αρθ.44 (ΦΕΚ 118/ τ.Α΄/07/07/2025,999212027,ΙΑΜΕΞ ΙΑΤΡΙΚΑ ΕΙΔΗ ΑΝΩΝΥΜΟΣ ΕΤΑΙΡΙΑ,4067.2,,1313
62184690ΒΩ-ΥΥΙ,2025-10-29,ΠΡΟΜΗΘΕΙΑ ΟΡΘΟΠΕΔΙΚΟΥ ΥΛΙΚΟΥ ΜΕ ΣΥΜΒΑΣΗ (ΣΥΜΒ 547 /2024) ΓΙΑ ΤΟ ΜΗΝΑ ΟΚΤΩΒΡΙΟ  2024 ΑΠΑΞ ΠΑΡΑΓΓΕΛΙΑΣ ΣΥΜΦΩΝΑ ΜΕ ΤΙΣ ΔΙΑΤΑΞΕΙΣ ΤΟΥ Ν.5216/2025 αρθ.44 (ΦΕΚ 118/ τ.Α΄/07/07/2025,999212027,ΙΑΜΕΞ ΙΑΤΡΙΚΑ ΕΙΔΗ ΑΝΩΝΥΜΟΣ ΕΤΑΙΡΙΑ,3368.53,,1313
Ψ4ΗΝ4690ΒΩ-0Ν1,2025-10-29,"ΠΡΟΜ.ΟΡΘΟΠΕΔ,ΠΡΟΣΘΕΤ.ΚΑΙ ΛΟΙΠΩΝ ΥΛΙΚΩΝ ΑΝΑΠΗΡΩΝ, ΜΗΝΟΣ ΟΚΤΩΒΡΙΟΥ 2024, ΧΩΡΙΣ ΣΥΜΒΑΣΗ, ΜΕ ΑΠΟΦΑΣΗ ΔΣ 40/12-9-24 Θ.26, ΣΥΜΦΩΝΑ ΜΕ ΤΙΣ ΔΙΑΤΑΞΕΙΣ ΤΟΥ Ν.5216/2025 αρθ.44 (ΦΕΚ 118/ τ.Α΄/07/07/2025)",094007897,ΚΟΠΕΡ ΦΑΡΜΑΚΟΒΙΟΜΗΧΑΝΙΑΑΝΩΝΥΜΗ ΕΤΑΙΡΕΙΑ,21351.86,,1313β01
6ΤΤΠ4690ΒΩ-Α0Υ,2025-10-29,ΠΡΟΜΗΘΕΙΑ ΟΡΘΟΠΕΔΙΚΟΥ ΥΛΙΚΟΥ ΜΕ ΣΥΜΒΑΣΗ (ΣΥΜΒ 469 /2024) ΓΙΑ ΤΟ ΜΗΝΑ ΟΚΤΩΒΡΙΟ 2024 ΑΠΑΞ ΠΑΡΑΓΓΕΛΙΑΣ ΣΥΜΦΩΝΑ ΜΕ ΤΙΣ ΔΙΑΤΑΞΕΙΣ ΤΟΥ Ν.5216/2025 αρθ.44 (ΦΕΚ 118/ τ.Α΄/07/07/2025,094007897,ΚΟΠΕΡ ΦΑΡΜΑΚΟΒΙΟΜΗΧΑΝΙΑΑΝΩΝΥΜΗ ΕΤΑΙΡΕΙΑ,3944.16,,1313β01
ΨΟΗΘ4690ΒΩ-Χ11,2025-10-29,ΠΡΟΜΗΘΕΙΑ ΟΡΘΟΠΕΔΙΚΟΥ ΥΛΙΚΟΥ ΜΕ ΣΥΜΒΑΣΗ (ΣΥΜΒ 550 /2024) ΓΙΑ ΤΟ ΜΗΝΑ ΟΚΤΩΒΡΙΟ 2024 ΑΠΑΞ ΠΑΡΑΓΓΕΛΙΑΣ ΣΥΜΦΩΝΑ ΜΕ ΤΙΣ ΔΙΑΤΑΞΕΙΣ ΤΟΥ Ν.5216/2025 αρθ.44 (ΦΕΚ 118/ τ.Α΄/07/07/2025,094007897,ΚΟΠΕΡ ΦΑΡΜΑΚΟΒΙΟΜΗΧΑΝΙΑΑΝΩΝΥΜΗ ΕΤΑΙΡΕΙΑ,3616.0,,1313β01
9ΛΖΩ4690ΒΩ-2ΛΡ,2025-10-29,ΠΡΟΜΗΘΕΙΑ ΟΡΘΟΠΕΔΙΚΟΥ ΥΛΙΚΟΥ ΜΕ ΣΥΜΒΑΣΗ (ΣΥΜΒ 470 /2024) ΓΙΑ ΤΟ ΜΗΝΑ ΟΚΤΩΒΡΙΟ 2024 ΑΠΑΞ ΠΑΡΑΓΓΕΛΙΑΣ ΣΥΜΦΩΝΑ ΜΕ ΤΙΣ ΔΙΑΤΑΞΕΙΣ ΤΟΥ Ν.5216/2025 αρθ.44 (ΦΕΚ 118/ τ.Α΄/07/07/2025,094007897,ΚΟΠΕΡ ΦΑΡΜΑΚΟΒΙΟΜΗΧΑΝΙΑΑΝΩΝΥΜΗ ΕΤΑΙΡΕΙΑ,4499.03,,1313β01
Ψ3874690ΒΩ-ΝΥΦ,2025-10-29,ΠΡΟΜΗΘΕΙΑ ΟΡΘΟΠΕΔΙΚΟΥ ΥΛΙΚΟΥ ΜΕ ΣΥΜΒΑΣΗ (ΣΥΜΒ 551 /2024) ΓΙΑ ΤΟ ΜΗΝΑ ΟΚΤΩΒΡΙΟ 2024 ΑΠΑΞ ΠΑΡΑΓΓΕΛΙΑΣ ΣΥΜΦΩΝΑ ΜΕ ΤΙΣ ΔΙΑΤΑΞΕΙΣ ΤΟΥ Ν.5216/2025 αρθ.44 (ΦΕΚ 118/ τ.Α΄/07/07/2025,094007897,ΚΟΠΕΡ ΦΑΡΜΑΚΟΒΙΟΜΗΧΑΝΙΑΑΝΩΝΥΜΗ ΕΤΑΙΡΕΙΑ,4147.24,,1313β01
63ΥΕ4690ΒΩ-ΩΓ5,2025-10-29,ΠΡΟΜΗΘΕΙΑ ΟΡΘΟΠΕΔΙΚΟΥ ΥΛΙΚΟΥ ΜΕ ΣΥΜΒΑΣΗ (ΣΥΜΒ 471 /2024) ΓΙΑ ΤΟ ΜΗΝΑ ΟΚΤΩΒΡΙΟ 2024 ΑΠΑΞ ΠΑΡΑΓΓΕΛΙΑΣ ΣΥΜΦΩΝΑ ΜΕ ΤΙΣ ΔΙΑΤΑΞΕΙΣ ΤΟΥ Ν.5216/2025 αρθ.44 (ΦΕΚ 118/ τ.Α΄/07/07/2025,094007897,ΚΟΠΕΡ ΦΑΡΜΑΚΟΒΙΟΜΗΧΑΝΙΑΑΝΩΝΥΜΗ ΕΤΑΙΡΕΙΑ,3444.71,,1313β01
Ψ2Π34690ΒΩ-ΖΧ3,2025-10-29,"ΠΡΟΜ.ΟΡΘΟΠΕΔ,ΠΡΟΣΘΕΤ.ΚΑΙ ΛΟΙΠΩΝ ΥΛΙΚΩΝ ΑΝΑΠΗΡΩΝ, ΜΗΝΟΣ ΟΚΤΩΒΡΙΟΥ 2024, ΧΩΡΙΣ ΣΥΜΒΑΣΗ, ΜΕ ΑΠΟΦΑΣΗ ΔΣ 42/19-9-24 Θ.10 & 33/25-7-24 Θ.2, ΣΥΜΦΩΝΑ ΜΕ ΤΙΣ ΔΙΑΤΑΞΕΙΣ ΤΟΥ Ν.5216/2025 αρθ.44 (ΦΕΚ 118/ τ.Α΄/07/07/2025)",094007897,ΚΟΠΕΡ ΦΑΡΜΑΚΟΒΙΟΜΗΧΑΝΙΑΑΝΩΝΥΜΗ ΕΤΑΙΡΕΙΑ,27545.43,,1313β01
Ρ2ΦΠ4690ΒΩ-4ΟΓ,2025-10-27,ΠΡΟΜΗΘΕΙΑ ΟΡΘΟΠΕΔΙΚΟΥ ΥΛΙΚΟΥ ΜΕ ΣΥΜΒΑΣΗ (ΣΥΜΒ 552 /2024) ΓΙΑ ΤΟ ΜΗΝΑ ΟΚΤΩΒΡΙΟ 2024 ΑΠΑΞ ΠΑΡΑΓΓΕΛΙΑΣ ΣΥΜΦΩΝΑ ΜΕ ΤΙΣ ΔΙΑΤΑΞΕΙΣ ΤΟΥ Ν.5216/2025 αρθ.44 (ΦΕΚ 118/ τ.Α΄/07/07/2025,094007897,ΚΟΠΕΡ ΦΑΡΜΑΚΟΒΙΟΜΗΧΑΝΙΑΑΝΩΝΥΜΗ ΕΤΑΙΡΕΙΑ,3751.6,,1313β01
6ΦΣΧ4690ΒΩ-ΗΟΦ,2025-10-27,ΠΡΟΜΗΘΕΙΑ ΟΡΘΟΠΕΔΙΚΟΥ ΥΛΙΚΟΥ ΜΕ ΣΥΜΒΑΣΗ (ΣΥΜΒ 468 /2024) ΓΙΑ ΤΟ ΜΗΝΑ ΟΚΤΩΒΡΙΟ 2024 ΑΠΑΞ ΠΑΡΑΓΓΕΛΙΑΣ ΣΥΜΦΩΝΑ ΜΕ ΤΙΣ ΔΙΑΤΑΞΕΙΣ ΤΟΥ Ν.5216/2025 αρθ.44 (ΦΕΚ 118/ τ.Α΄/07/07/2025,094007897,ΚΟΠΕΡ ΦΑΡΜΑΚΟΒΙΟΜΗΧΑΝΙΑΑΝΩΝΥΜΗ ΕΤΑΙΡΕΙΑ,4089.37,,1313β01
97ΟΛ4690ΒΩ-ΨΡΦ,2025-10-27,ΠΡΟΜΗΘΕΙΑ ΥΓΕΙΟΝΟΜΙΚΟΥ ΥΛΙΚΟΥ (ΥΛΙΚΩΝ ΑΙΜΟΔΥΝΑΜΙΚΟΥ: Α) ΥΛΙΚΩΝ ΑΓΓΕΙΟΓΡΑΦΙΑΣ ΚΑΙ Β) ΑΓΓΕΙΑΚΩΝ ΠΡΟΘΕΣΕΩΝ) ME ΣΥΜΒΑΣΗ ΤΟΝ ΜΗΝΑ ΣΕΠΤΕΜΒΡΙΟ 2024 (ΣΥΜΒ. 213/2023 ΧΕ 2763/2024),094396063,ΝΟΣΟΚΟΜΕΙΑΚΗ ΓΡΑΜΜΗ ΑΕ ΕΙΣΑΓΩΓΗΣ ΚΑΙ ΕΜΠΟΡΙΑΣ ΙΑΤΡΙΚΟΥ ΝΟΣΟΚΟΜΕΙΑΚΟΥ ΚΑΙ ΦΑΡΜΑΚΕΥΤΙΚΟΥ ΥΛΙΚΟΥ,1388.8,,1311β01
9ΚΒΓ4690ΒΩ-Ξ73,2025-10-27,ΠΡΟΜΗΘΕΙΑ ΥΓΕΙΟΝΟΜΙΚΟΥ ΥΛΙΚΟΥ (ΥΛΙΚΩΝ ΑΙΜΟΔΥΝΑΜΙΚΟΥ: Α) ΥΛΙΚΩΝ ΑΓΓΕΙΟΓΡΑΦΙΑΣ ΚΑΙ Β) ΑΓΓΕΙΑΚΩΝ ΠΡΟΘΕΣΕΩΝ) ME ΣΥΜΒΑΣΗ ΤΟΝ ΜΗΝΑ ΣΕΠΤΕΜΒΡΙΟ 2024 (ΣΥΜΒ. 215/2023 ΧΕ 2763/2024),997672386,ΥΓΕΙΟΔΥΝΑΜΙΚΗ ΑΝΩΝΥΜΗ ΕΤΑΙΡΕΙΑ ΙΑΤΡΙΚΩΝ ΕΦΟΔΙΩΝ,10490.4,,1311β01
Ψ01Ζ4690ΒΩ-ΣΜ3,2025-10-27,"ΠΡΟΜΗΘΕΙΑ ΥΓΕΙΟΝΟΜΙΚΟΥ ΥΛΙΚΟΥ (ΥΛΙΚΩΝ ΑΙΜΟΔΥΝΑΜΙΚΟΥ: Α) ΥΛΙΚΩΝ ΑΓΓΕΙΟΓΡΑΦΙΑΣ ΚΑΙ Β) ΑΓΓΕΙΑΚΩΝ ΠΡΟΘΕΣΕΩΝ) ME ΣΥΜΒΑΣΗ ΤΟΥΣ ΜΗΝΕΣ ΣΕΠΤΕΜΒΡΙΟ, ΟΚΤΩΒΡΙΟ 2024 (ΣΥΜΒ. 20/2023 ΧΕ 2764/2024)",999640490,ΔΟΥΡΜΟΥΣΟΓΛΟΥ ΑΝΩΝΥΜΗ ΕΜΠΟΡΙΚΗ ΒΙΟΜΗΧΑΝΙΚΗ ΕΤΑΙΡΕΙΑ ΙΑΤΡΙΚΩΝ ΕΙΔΩΝ,2278.72,,1311β01
ΨΨ3Ο4690ΒΩ-ΘΩΨ,2025-10-27,ΠΡΟΜΗΘΕΙΑ ΥΓΕΙΟΝΟΜΙΚΟΥ ΥΛΙΚΟΥ (ΥΛΙΚΩΝ ΑΙΜΟΔΥΝΑΜΙΚΟΥ: Α) ΥΛΙΚΩΝ ΑΓΓΕΙΟΓΡΑΦΙΑΣ ΚΑΙ Β) ΑΓΓΕΙΑΚΩΝ ΠΡΟΘΕΣΕΩΝ) ME ΣΥΜΒΑΣΗ ΤΟΝ ΜΗΝΑ ΟΚΤΩΒΡΙΟ 2024 (ΣΥΜΒ. 205/2023 ΧΕ 2766/2024),095367968,MEDICARE HELLAS ΑΝΩΝΥΜΗ ΕΤΑΙΡΕΙΑ ΕΜΠΟΡΙΑΣ ΝΟΣΟΚΟΜΕΙΑΚΩΝ ΕΙΔΩΝ,576.31,,1311β01
ΡΜ0Η4690ΒΩ-ΝΤ8,2025-10-27,ΠΡΟΜΗΘΕΙΑ ΛΟΙΠΟΥ ΧΗΜΙΚΟΥ ΥΛΙΚΟΥ (ΑΝΤΙΔΡΑΣΤΗΡΙΩΝ ΕΡΓΑΣΤΗΡΙΩΝ ) ΜΕ ΣΥΜΒΑΣΗ ΤΟΝ ΜΗΝΑ ΣΕΠΤΕΕΜΒΡΙΟ 2024 (ΣΥΜΒ.642/2023 ΧΕ 739/2025),094322455,MENARINI ΔΙΑΓΝΩΣΤΙΚΑ ΙΑΤΡΙΚΑ ΟΡΓΑΝΑ ΑΕΒΕ,855.32,,1359β01
ΨΘΟΞ4690ΒΩ-ΜΔΧ,2025-10-27,ΠΡΟΜΗΘΕΙΑ ΥΓΕΙΟΝΟΜΙΚΟΥ ΥΛΙΚΟΥ (ΥΛΙΚΩΝ ΑΙΜΟΔΥΝΑΜΙΚΟΥ: Α) ΥΛΙΚΩΝ ΑΓΓΕΙΟΓΡΑΦΙΑΣ ΚΑΙ Β) ΑΓΓΕΙΑΚΩΝ ΠΡΟΘΕΣΕΩΝ) ME ΣΥΜΒΑΣΗ ΤΟΝ ΜΗΝΑ ΟΚΤΩΒΡΙΟ 2024 (ΣΥΜΒ. 202/2023 ΧΕ 2763/2024),094474807,BOSTON SCIENTIFIC ΕΛΛΑΣ ΜΟΝΟΠΡΟΣΩΠΗ ΑΝΩΝΥΜΗ ΕΤΑΙΡΕΙΑ ΙΑΤΡΙΚΑ ΕΡΓΑΛΕΙΑ ΕΛΑΧΙΣΤΑ ΕΠΕΜΒΑΤΙΚΑ,1050.9,,1311β01
Ψ5Υ04690ΒΩ-Γ16,2025-10-27,ΠΡΟΜΗΘΕΙΑ ΥΓΕΙΟΝΟΜΙΚΟΥ ΥΛΙΚΟΥ (ΥΛΙΚΩΝ ΑΙΜΟΔΥΝΑΜΙΚΟΥ: Α) ΥΛΙΚΩΝ ΑΓΓΕΙΟΓΡΑΦΙΑΣ ΚΑΙ Β) ΑΓΓΕΙΑΚΩΝ ΠΡΟΘΕΣΕΩΝ) ME ΣΥΜΒΑΣΗ ΤΟΝ ΜΗΝΑ ΣΕΠΤΕΜΒΡΙΟ 2024 (ΣΥΜΒ. 208/2023 ΧΕ 2768/2024),094446034,Y LOGIMED ΜΟΝΟΠΡΟΣΩΠΗ ΑΝΩΝΥΜΗ ΕΤΑΙΡΕΙΑ ΕΙΣΑΓΩΓΗΣ ΕΜΠΟΡΙΑΣ ΚΑΙ ΕΦΟΔΙΑΣΜΟΥ ΙΑΤΡΟΤΕΧΝΟΛΟΓΙΚΩΝ ΠΡΟΙΟΝΤΩΝ,8060.0,,1311β01
ΡΕ1Ψ4690ΒΩ-ΚΥΚ,2025-10-27,ΠΡΟΜΗΘΕΙΑ ΤΡΑΠΕΖΙΚΩΝ ΕΡΓΑΣΙΩΝ ΓΙΑ ΕΞΕΡΧΟΜΕΝΕΣ ΜΕΤΑΦΟΡΕΣ ΠΙΣΤΩΣΕΩΝ ΣΕ ΤΡΑΠΕΖΕΣ ΤΟΥ ΕΞΩΤΕΡΙΚΟΥ (ΧΕ 2101/2025),094014250,EUROBANK ERGASIAS ΥΠΗΡΕΣΙΩΝ ΚΑΙ ΣΥΜΜΕΤΟΧΩΝ ΑΝΩΝΥΜΗ ΕΤΑΙΡΕΙΑ,1.2,,0431α01
91ΘΗ4690ΒΩ-ΠΗ1,2025-10-27,"ΠΡΟΜΗΘΕΙΑ ΣΥΡΜΑΤΙΝΩΝ ΟΔΗΓΩΝ, ΜΗΝΟΣ ΟΚΤΩΒΡΙΟΥ 2024, ΧΩΡΙΣ ΣΥΜΒΑΣΗ, ΜΕ ΑΠΟΦΑΣΗ ΔΣ 45/27-9-24 Θ.24 ΣΥΜΦΩΝΑ ΜΕ ΤΙΣ ΔΙΑΤΑΞΕΙΣ ΤΟΥ Ν.5216/2025 αρθ.44 (ΦΕΚ 118/ τ.Α΄/07/07/2025)",095186426,Μ Σ ΙΑΚΩΒΙΔΗΣ ΕΛΛΑΣ ΑΝΩΝΥΜΟΣ ΕΜΠΟΡΙΚΗ ΕΤΑΙΡΕΙΑ ΙΑΤΡΟΤΕΧΝΟΛΟΓΙΚΟΥ ΥΛΙΚΟΥ,1091.2,,1311β01
9ΣΧ14690ΒΩ-Μ3Ο,2025-10-27,"ΠΡΟΜΗΘΕΙΑ ΥΓΕΙΟΝΟΜΙΚΟΥ ΥΛΙΚΟΥ (ΨΑΛΙΔΙ ΚΟΠΗΣ ΓΑΖΩΝ), ΜΗΝΩΝ ΣΕΠΤΕΜΒΡΙΟΥ & ΟΚΤΩΒΡΙΟΥ 2024, ΧΩΡΙΣ ΣΥΜΒΑΣΗ, ΜΕ ΑΠΟΦΑΣΗ ΔΣ 36/28-8-24 Θ.7, ΣΥΜΦΩΝΑ ΜΕ ΤΙΣ ΔΙΑΤΑΞΕΙΣ ΤΟΥ Ν.5216/2025 αρθ.44 (ΦΕΚ 118/ τ.Α΄/07/07/2025)",094075360,ΚΩΣΤΑΣ Α ΠΑΠΑΕΛΛΗΝΑΣ ΕΛΛΑΣ ΑΝΩΝΥΜΟΣ ΕΜΠΟΡIΚΗ ΒΙΟΜΗΧΑΝΙΚΗ ΕΤΑΙΡΕΙΑ,100.44,,1311β01
9ΒΒΖ4690ΒΩ-ΖΚΣ,2025-10-27,"ΠΡΟΜΗΘΕΙΑ ΑΝΤΑΛΛΑΚΤΙΟΥ ΓΙΑ ΤΗΝ ΕΠΙΣΚΕΥΗ ΚΛΙΝΗΣ AVANTGUARD 1200, ΜΗΝΟΣ ΟΚΤΩΒΡΙΟΥ 2024, ΧΩΡΙΣ ΣΥΜΒΑΣΗ, ΜΕ ΑΠΟΦΑΣΗ ΔΣ 40/12-9-24 Θ.15, ΣΥΜΦΩΝΑ ΜΕ ΤΙΣ ΔΙΑΤΑΞΕΙΣ ΤΟΥ Ν.5216/2025 αρθ.44 (ΦΕΚ 118/ τ.Α΄/07/07/2025)",099770660,ΝΙΚΟΣ ΧΑΤΖΗΙΩΑΝΝΙΔΗΣ ΠΑΡΟΧΗ ΥΠΗΡΕΣΙΩΝ ΚΑΙ ΕΞΟΠΛΙΣΜΟΥ ΣΤΟ ΧΩΡΟ ΤΗΣ ΥΓΕΙΑΣ ΚΑΙ ΤΗΣ ΑΙΣΘΗΤΙΚΗΣ ΑΝΩΝΥΜΗ ΕΤΑΙΡΙΑ,1078.8,,1359β01
Ψ11Ο4690ΒΩ-ΧΒΦ,2025-10-27,"ΠΡΟΜΗΘΕΙΑ ΤΑΜΠΟΝ ΡΙΝΟΣ, ΖΕΛΕ ΥΠΕΡΗΧΩΝ, ΚΑΛΥΜΜΑΤΩΝ ΛΑΠΑΡΟΣΚΟΠΙΚΗΣ ΚΑΜΕΡΑΣ, ΜΗΝΩΝ ΟΚΤΩΒΡΙΟΥ 2024, ΧΩΡΙΣ ΣΥΜΒΑΣΗ, ΜΕ ΑΠΟΦΑΣΕΙΣ ΔΣ 43/25-9-24 Θ.26, 45/27-9-24 Θ.25 & Θ.43, ΣΥΜΦΩΝΑ ΜΕ ΤΙΣ ΔΙΑΤΑΞΕΙΣ ΤΟΥ Ν.5216/2025 αρθ.44 (ΦΕΚ 118/ τ.Α΄/07/07/2025)",093401589,ΛΕΩΝΙΔΑΣ ΚΑΝΕΛΛΟΣ ΚΑΙ ΣΙΑ Ο Ε,711.09,,1311β01
96234690ΒΩ-ΨΦΒ,2025-10-27,"ΠΡΟΜΗΘΕΙΑ ΛΟΙΠΟΥ ΧΗΜΙΚΟΥ ΥΛΙΚΟΥ , ΧΩΡΙΣ ΣΥΜΒΑΣΗ, ΜΕ ΑΠΟΦΑΣΗ ΔΙΟΙΚΗΤΗ 490/24 (ΑΠΟΦΑΣΗ ΔΣ 1/27-3-25 Θ.1 ΓΙΑ ΤΗ EΠΙΚΥΡΩΣΗ ΑΠΟΦΑΣΕΩΝ ΔΙΟΙΚΗΤΗ ΕΤΟΥΣ 2024), ΣΥΜΦΩΝΑ ΜΕ ΤΙΣ ΔΙΑΤΑΞΕΙΣ ΤΟΥ Ν.5216/2025 αρθ.44 (ΦΕΚ 118/ τ.Α΄/07/07/2025)",099876011,ROCHE DIAGNOSTICS HELLAS  ΜΟΝΟΠΡΟΣΩΠΗ  ΑΝΩΝΥΜΗ ΕΤΑΙΡΕΙΑ ΕΜΠΟΡΙΑΣ ΙΑΤΡΟΤΕΧΝΟΛΟΓΙΚΩΝ ΠΡΟΙΟΝΤΩΝ,2106.43,,1359β01
93ΗΜ4690ΒΩ-ΦΒΤ,2025-10-27,": ΠΡΟΜΗΘΕΙΑ ΤΡΑΠΕΖΙΚΩΝ ΕΡΓΑΣΙΩΝ ΓΙΑ ΕΞΕΡΧΟΜΕΝΕΣ ΜΕΤΑΦΟΡΕΣ ΠΙΣΤΩΣΕΩΝ ΣΕ ΤΡΑΠΕΖΕΣ ΤΟΥ ΕΞΩΤΕΡΙΚΟΥ (PHAREL X.E. 1985,1988)",094014250,EUROBANK ERGASIAS ΥΠΗΡΕΣΙΩΝ ΚΑΙ ΣΥΜΜΕΤΟΧΩΝ ΑΝΩΝΥΜΗ ΕΤΑΙΡΕΙΑ,4.0,,0431α01
9ΔΛ24690ΒΩ-5Ι8,2025-10-27,"ΠΡΟΜΗΘΕΙΑ ΑΙΜΟΣΤΑΤΙΚΟΥ ΚΕΡΙΟΥ, ΜΗΝΟΣ ΟΚΤΩΒΡΙΟΥ 2024, ΧΩΡΙΣ ΣΥΜΒΑΣΗ, ΜΕ ΑΠΟΦΑΣΗ ΔΣ 45/27-9-24 Θ.42, ΣΥΜΦΩΝΑ ΜΕ ΤΙΣ ΔΙΑΤΑΞΕΙΣ ΤΟΥ Ν.5216/2025 αρθ.44 (ΦΕΚ 118/ τ.Α΄/07/07/2025)",800407176,Ι Γ ΡΟΔΟΠΟΥΛΟΣ ΚΑΙ ΣΙΑ ΕΕ,196.62,,1311β01
929Ρ4690ΒΩ-Φ6Χ,2025-10-27,"ΠΡΟΜΗΘΕΙΑ ΥΓΕΙΟΝΟΜΙΚΟΥ ΥΛΙΚΟΥ (ΝΑΣΤΡΑΒΕΣΤΟΣ, ΑΠΟΣΤΕΙΡΩΜΕΝΕΣ ΧΕΙΡΟΥΡΓΙΚΕΣ ΜΠΛΟΥΖΕΣ), ΜΗΝΟΣ ΟΚΤΩΒΡΙΟΥ 2024, ΧΩΡΙΣ ΣΥΜΒΑΣΗ, ΜΕ ΑΠΟΦΑΣΕΙΣ ΔΣ 43/25-9-24 Θ.27, 45/27-9-24 Θ.33 & Θ.40, ΣΥΜΦΩΝΑ ΜΕ ΤΙΣ ΔΙΑΤΑΞΕΙΣ ΤΟΥ Ν.5216/2025 αρθ.44 (ΦΕΚ 118/ τ.Α΄/07/07/2025)",997672386,ΥΓΕΙΟΔΥΝΑΜΙΚΗ ΑΝΩΝΥΜΗ ΕΤΑΙΡΕΙΑ ΙΑΤΡΙΚΩΝ ΕΦΟΔΙΩΝ,439.46,,1311β01
ΡΩ194690ΒΩ-37Ψ,2025-10-27,"ΠΡΟΜΗΘΕΙΑ ΔΙΣΚΩΝ ΑΝΤΙΒΙΩΤΙΚΩΝ , ΜΗΝΟΣ ΟΚΤΩΒΡΙΟΥ 2024, ΧΩΡΙΣ ΣΥΜΒΑΣΗ, ΜΕ ΑΠΟΔΑΣΗ ΔΣ 34/8-8-24 Θ.29, ΣΥΜΦΩΝΑ ΜΕ ΤΙΣ ΔΙΑΤΑΞΕΙΣ ΤΟΥ Ν.5216/2025 αρθ.44 (ΦΕΚ 118/ τ.Α΄/07/07/2025)",094178060,ΠΑΥΛΟΣ ΑΡΝΑΟΥΤΗΣ ΔΙΑΓΝΩΣΤΙΚΑ ΙΑΤΡΙΚΑ ΦΑΡΜΑΚΕΥΤΙΚΑ ΠΡΟΙΟΝΤΑ ΑΕ,1611.2,,1359β01
9Ν404690ΒΩ-ΞΗΣ,2025-10-27,"ΠΡΟΜΗΘΕΙΑ ΟΣΤΕΟΛΑΒΙΔΩΝ 15,0 cm, ΜΗΝΟΣ ΟΚΤΩΒΡΙΟΥ 2024, ΧΩΡΙΣ ΣΥΜΒΑΣΗ, ΜΕ ΑΠΟΦΑΣΗ ΔΣ 45/27-9-24 Θ.23, ΣΥΜΦΩΝΑ ΜΕ ΤΙΣ ΔΙΑΤΑΞΕΙΣ ΤΟΥ Ν.5216/2025 αρθ.44 (ΦΕΚ 118/ τ.Α΄/07/07/2025)",093635530,ΑΝΑΝΙΑΔΗΣ Γ ΕΕ,315.95,,1311β01
Ψ3ΔΛ4690ΒΩ-Ν36,2025-10-27,"ΠΡΟΜΗΘΕΙΑ ΛΟΙΠΟΥ ΧΗΜΙΚΟΥ ΥΛΙΚΟΥ (ΤΕΣΤ ΑΝΙΧΝΕΥΣΗΣ ΑΝΤΙΓΟΝΩΝ ΤΟΥ COVID 19), ΧΩΡΙΣ ΣΥΜΒΑΣΗ, ΜΕ ΑΠΟΦΑΣΗ ΔΣ 45/27-9-24 Θ.48, ΣΥΜΦΩΝΑ ΜΕ ΤΙΣ ΔΙΑΤΑΞΕΙΣ ΤΟΥ Ν.5216/2025 αρθ.44 (ΦΕΚ 118/ τ.Α΄/07/07/2025)",997845150,PROGNOSIS BIOTECH ΑΝΩΝΥΜΗ ΕΤΑΙΡΙΑ,2411.5,,1359β01
ΨΔΥ74690ΒΩ-ΘΡ0,2025-10-27,"ΠΡΟΜ.ΟΡΘΟΠΕΔ,ΠΡΟΣΘΕΤ.ΚΑΙ ΛΟΙΠΩΝ ΥΛΙΚΩΝ ΑΝΑΠΗΡΩΝ, ΜΗΝΟΣ ΟΚΤΩΒΡΙΟΥ 2024, ΧΩΡΙΣ ΣΥΜΒΑΣΗ, ΜΕ ΑΠΟΦΑΣΗ ΔΣ 45/27-9-24 Θ.49, ΣΥΜΦΩΝΑ ΜΕ ΤΙΣ ΔΙΑΤΑΞΕΙΣ ΤΟΥ Ν.5216/2025 αρθ.44 (ΦΕΚ 118/ τ.Α΄/07/07/2025) ΝΟΣ",094075360,ΚΩΣΤΑΣ Α ΠΑΠΑΕΛΛΗΝΑΣ ΕΛΛΑΣ ΑΝΩΝΥΜΟΣ ΕΜΠΟΡIΚΗ ΒΙΟΜΗΧΑΝΙΚΗ ΕΤΑΙΡΕΙΑ,1500.0,,1313β01
90Ω14690ΒΩ-2Σ4,2025-10-27,"ΠΡΟΜΗΘΕΙΑ ΛΟΙΠΟΥ ΧΗΜΙΚΟΥ ΥΛΙΚΟΥ (ΑΝΤΙΔΡΑΣΤΗΡΙΩΝ ΕΡΓΑΣΤΗΡΙΩΝ ) ΜΕ ΣΥΜΒΑΣΗ ΤΟΥΣ ΜΗΝΕΣ ΙΟΥΝΙΟ,ΟΚΤΩΒΡΙΟ 2024 (ΣΥΜΒ.646/2023 ΧΕ 743/2025)",099518023,Α ΔΕΡΒΟΣ Γ ΔΗΜΗΤΡΑΚΟΠΟΥΛΟΣ ΚΑΙ ΣΙΑ ΑΝΩΝΥΜΗ ΕΤΑΙΡΙΑ ΕΙΣΑΓΩΓΗΣ ΚΑΙ ΕΜΠΟΡΙΑΣ ΕΠΙΣΤΗΜΟΝΙΚΩΝ ΟΡΓΑΝΩΝ ΚΑΙ ΦΑΡΜΑΚΕΥΤΙΚΩΝ ΠΡΟΙΟΝ,503.5,,1359β01
63ΝΗ4690ΒΩ-ΦΜΔ,2025-10-27,"ΠΡΟΜΗΘΕΙΑ ΥΓΕΙΟΝΟΜΙΚΟΥ ΥΛΙΚΟΥ ΜΕ ΣΥΜΒΑΣΗ ΤΟ ΜΗΝΑ ΜΑΡΤΙΟ 2024 (ΣΥΜΒ. 38/2024,ΧΕ 1121/2025) ΣΥΜΦΩΝΑ ΜΕ ΤΙΣ ΔΙΑΤΑΞΕΙΣ ΤΟΥ Ν.5216/2025 αρθ.44 (ΦΕΚ 118/ τ.Α΄/07/07/2025)",094498111,MEDTRONIC HELLAS ΙΑΤΡΙΚΑ ΜΗΧΑΝΗΜΑΤΑ ΜΟΝΟΠΡΟΣΩΠΗ ΑΝΩΝΥΜΗ ΕΜΠΟΡΙΚΗ ΕΤΑΙΡΕΙΑ,167.4,,1311β01
ΨΑΚΓ4690ΒΩ-Υ74,2025-10-27,ΠΡΟΜΗΘΕΙΑ ΛΟΙΠΟΥ ΧΗΜΙΚΟΥ ΥΛΙΚΟΥ (ΑΝΤΙΔΡΑΣΤΗΡΙΩΝ ΕΡΓΑΣΤΗΡΙΩΝ ) ΜΕ ΣΥΜΒΑΣΗ ΤΟΝ ΜΗΝΑ ΣΕΠΤΕΜΒΡΙΟ 2024 (ΣΥΜΒ.636/2023 ΧΕ 735/25),094138676,ΒΙΟΔΥΝΑΜΙΚΗ ΑΝΩΝΥΜΟΣ ΕΜΠΟΡΙΚΗ ΤΕΧΝΙΚΗ ΚΑΙ ΒΙΟΜΗΧΑΝΙΚΗ ΕΤΑΙΡΕΙΑ,6386.32,,1359β01
ΡΩΔΡ4690ΒΩ-1Ο2,2025-10-27,ΠΡΟΜΗΘΕΙΑ ΟΡΘΟΠΕΔΙΚΟΥ ΥΛΙΚΟΥ ΜΕ ΣΥΜΒΑΣΗ ΤΟΝ ΜΗΝΑ ΜΑΪΟ 2024 (ΣΥΜΒ.266/2024) ΑΠΑΞ ΠΑΡΑΓΓΕΛΙΑ ΣΥΜΦΩΝΑ ΜΕ ΤΙΣ ΔΙΑΤΑΞΕΙΣ ΤΟΥ Ν. 5161/2024 αρθ.14 (ΦΕΚ 196/τ. Α΄/29-11-2024,998465266,ΙΑΤΡΟΤΕΧΝΟΛΟΓΙΚΑ PS TEAM ΕΤΑΙΡΙΑ ΠΕΡΙΟΡΙΣΜΕΝΗΣ ΕΥΘΥΝΗΣ,6285.32,,1313β01
97374690ΒΩ-Ψ08,2025-10-27,"ΠΡΟΜ.ΟΡΘΟΠΕΔ,ΠΡΟΣΘΕΤ.ΚΑΙ ΛΟΙΠΩΝ ΥΛΙΚΩΝ ΑΝΑΠΗΡΩΝ, ΜΗΝΟΣ ΟΚΤΩΒΡΙΟΥ 2024, ΧΩΡΙΣ ΣΥΜΒΑΣΗ, ΜΕ ΑΠΟΦΑΣΕΙΣ ΔΣ 40/12-9-24 Θ.26, 45/27-9-24 Θ.49, ,ΣΥΜΦΩΝΑ ΜΕ ΤΙΣ ΔΙΑΤΑΞΕΙΣ ΤΟΥ Ν.5216/2025 αρθ.44 (ΦΕΚ 118/ τ.Α΄/07/07/2025) ΝΟΣ",800745614,PHAREL ΜΟΝΟΠΡΟΣΩΠΗ ΙΚΕ,10107.29,,1313β01
9ΛΨΕ4690ΒΩ-Υ84,2025-10-27,"ΠΡΟΜΗΘΕΙΑ ΥΓΕΙΟΝΟΜΙΚΟΥ ΥΛΙΚΟΥ (ΘΕΡΜΟΓΡΑΦΙΚΟ ΧΑΡΤΙ), ΜΗΝΟΣ ΟΚΤΩΒΡΙΟΥ 2024, ΧΩΡΙΣ ΣΥΜΒΑΣΗ, ΜΕ ΑΠΟΦΑΣΗ ΔΣ 43/25-9-24 Θ.15, ΣΥΜΦΩΝΑ ΜΕ ΤΙΣ ΔΙΑΤΑΞΕΙΣ ΤΟΥ Ν.5216/2025 αρθ.44 (ΦΕΚ 118/ τ.Α΄/07/07/2025)",044958989,"ΦΕΤΕΙΝΙΔΟΥ,,ΑΙΚΑΤΕΡΙΝΗ,ΑΒΡΑΑΜ",193.44,,1311β01
Ψ3654690ΒΩ-644,2025-10-27,ΠΡΟΜΗΘΕΙΑ ΥΓΕΙΟΝΟΜΙΚΟΥ ΥΛΙΚΟΥ (ΖΕΥΓΗ ΗΛΕΚΤΡΟΔΙΩΝ) ΜΕ ΣΥΜΒΑΣΗ (ΣΥΜ.504/2024) ΓΙΑ ΤΟΝ ΜΗΝΑ ΣΕΠΤΕΜΒΡΙΟ 2024 ΣΥΜΦΩΝΑ ΜΕ ΤΙΣ ΔΙΑΤΑΞΕΙΣ ΤΟΥ Ν.5216/2025 αρθ.44 (ΦΕΚ 118/ τ.Α΄/07/07/2025),095186426,Μ Σ ΙΑΚΩΒΙΔΗΣ ΕΛΛΑΣ ΑΝΩΝΥΜΟΣ ΕΜΠΟΡΙΚΗ ΕΤΑΙΡΕΙΑ ΙΑΤΡΟΤΕΧΝΟΛΟΓΙΚΟΥ ΥΛΙΚΟΥ,5003.4,,1311β01
ΨΦ324690ΒΩ-0ΘΗ,2025-10-27,ΠΡΟΜΗΘΕΙΑ ΥΓΕΙΟΝΟΜΙΚΟΥ ΥΛΙΚΟΥ ΜΕ ΣΥΜΒΑΣΗ (ΣΥΜΒ.531/2024) ΤΟΝ ΜΗΝΑ ΣΕΠΤΕΜΒΡΙΟ 2024 ΣΥΜΦΩΝΑ ΜΕ ΤΙΣ ΔΙΑΤΑΞΕΙΣ ΤΟΥ Ν.5216/2025 αρθ.44 (ΦΕΚ 118/ τ.Α΄/07/07/2025),094503580,ΕΝΟΡΑΣΙΣ ΑΝΩΝΥΜΗ ΕΜΠ  ΙΑΤΡΙΚΩΝ ΥΛΙΚΩΝ ΚΑΙ  ΜΗΧΑΝΗΜΑΤΩΝ ΚΑΙ ΙΑΤΡΙΚΩΝ ΥΛΙΚΩΝ ΚΑΙ ΜΗΧΑΝΗΜΑΤ,6820.0,,1311β01
6ΧΛΤ4690ΒΩ-ΕΤΔ,2025-10-27,ΠΡΟΜΗΘΕΙΑ ΥΓΕΙΟΝΟΜΙΚΟΥ ΥΛΙΚΟΥ ΜΕ ΣΥΜΒΑΣΗ (ΣΥΜΒ.532/2024) ΤΟΝ ΜΗΝΑ ΣΕΠΤΕΜΒΡΙΟ 2024 ΣΥΜΦΩΝΑ ΜΕ ΤΙΣ ΔΙΑΤΑΞΕΙΣ ΤΟΥ Ν.5216/2025 αρθ.44 (ΦΕΚ 118/ τ.Α΄/07/07/2025),094503580,ΕΝΟΡΑΣΙΣ ΑΝΩΝΥΜΗ ΕΜΠ  ΙΑΤΡΙΚΩΝ ΥΛΙΚΩΝ ΚΑΙ  ΜΗΧΑΝΗΜΑΤΩΝ ΚΑΙ ΙΑΤΡΙΚΩΝ ΥΛΙΚΩΝ ΚΑΙ ΜΗΧΑΝΗΜΑΤ,5877.6,,1311β01
ΨΟΤΦ4690ΒΩ-2ΧΨ,2025-10-27,"ΠΡΟΜΗΘΕΙΑ ΥΓΕΙΟΝΟΜΙΚΟΥ ΥΛΙΚΟΥ (ΑΚΤΙΝΟΣΚΟΠΙΚΑ ΚΑΛΥΜΜΑΤΑ, ΜΑΡΚΑΔΟΡΟΙ ΔΕΡΜΑΤΟΣ), ΜΗΝΟΣ ΟΚΤΩΒΡΙΟΥ 2024, ΧΩΡΙΣ ΣΥΜΒΑΣΗ, ΜΕ ΑΠΟΦΑΣΗ ΔΣ 45/27-9-24 Θ.42, ΣΥΜΦΩΝΑ ΜΕ ΤΙΣ ΔΙΑΤΑΞΕΙΣ ΤΟΥ Ν.5216/2025 αρθ.44 (ΦΕΚ 118/ τ.Α΄/07/07/2025)",800777790,INSIDE ΙΑΤΡΙΚΕΣ ΤΕΧΝΟΛΟΓΙΕΣ ΜΟΝΟΠΡΟΣΩΠΗ ΙΚΕ,1140.8,,1311β01
9ΧΝΑ4690ΒΩ-Ρ6Υ,2025-10-27,"ΠΡΟΜΗΘΕΙΑ ΑΥΤΟΚΟΛΛΗΤΩΝ ΕΠΙΘΕΜΑΤΩΝ, ΜΗΝOS ΟΚΤΩΒΡΙΟΥ 2024, ΧΩΡΙΣ ΣΥΜΒΑΣΗ, ΜΕ ΑΠΟΦΑΣΗ ΔΣ 45/27-9-24 Θ.25 , ΣΥΜΦΩΝΑ ΜΕ ΤΙΣ ΔΙΑΤΑΞΕΙΣ ΤΟΥ Ν.5216/2025 αρθ.44 (ΦΕΚ 118/ τ.Α΄/07/07/2025)",094326835,ΑΝΩΝΥΜΗ ΕΙΣΑΓΩΓΙΚΗ ΕΜΠΟΡΙΚΗ ΕΤΑΙΡΕΙΑ ΙΑΤΡΙΚΩΝ ΕΙΔΩΝ ΞΕΝΟΦΩΝ ΓΕΡΜΑΝΟΣ,242.39,,1311β01
ΨΒ6Μ4690ΒΩ-ΡΩΒ,2025-10-27,ΠΡΟΜΗΘΕΙΑ ΤΡΑΠΕΖΙΚΩΝ ΕΡΓΑΣΙΩΝ ΓΙΑ ΕΞΕΡΧΟΜΕΝΕΣ ΜΕΤΑΦΟΡΕΣ ΠΙΣΤΩΣΕΩΝ ΣΕ ΤΡΑΠΕΖΕΣ ΤΟΥ ΕΞΩΤΕΡΙΚΟΥ (ΝΕΑ ΔΙΑΓΝΩΣΤΙΚΗ Χ.Ε. 2014),094014250,EUROBANK ERGASIAS ΥΠΗΡΕΣΙΩΝ ΚΑΙ ΣΥΜΜΕΤΟΧΩΝ ΑΝΩΝΥΜΗ ΕΤΑΙΡΕΙΑ,1.2,,0431α01
Ψ3Σ04690ΒΩ-ΒΑΛ,2025-10-27,"ΠΡΟΜΗΘΕΙΑ ΛΟΙΠΟΥ ΧΗΜΙΚΟΥ ΥΛΙΚΟΥ, ΜΗΝΩΝ ΙΟΥΛΙΟΥ & ΣΕΠΤΕΜΒΡΙΟΥ 2024, ΧΩΡΙΣ ΣΥΜΒΑΣΗ, ΜΕ ΑΠΟΦΑΣΗ ΔΣ 31/11-7-24 Θ.8, ΣΥΜΦΩΝΑ ΜΕ ΤΙΣ ΔΙΑΤΑΞΕΙΣ ΤΟΥ Ν.5216/2025 αρθ.44 (ΦΕΚ 118/ τ.Α΄/07/07/2025) Ν",095618368,ΕΜΠΟΡΙΑ ΚΑΙ ΤΕΧΝΟΓΝΩΣΙΑ ΦΑΡΜΑΚΕΥΤΙΚΩΝ ΚΑΙ ΠΑΡΑΦΑΡΜΑΚΕΥΤΙΚΩΝ ΕΙΔΩΝ ΕΠΕ,572.4,,1359β01
Ψ29Ο4690ΒΩ-3ΩΘ,2025-10-27,"ΠΡΟΜΗΘΕΙΑ ΚΑΘΑΡΗΣ ΒΕΝΖΙΝΗΣ, ΜΗΝΟΣ ΣΕΠΤΕΜΒΡΙΟΥ 2024, ΧΩΡΙΣ ΣΥΜΒΑΣΗ, ΜΕ ΑΠΟΦΑΣΗ ΔΣ 34/8-8-24 Θ.29, ΣΥΜΦΩΝΑ ΜΕ ΤΙΣ ΔΙΑΤΑΞΕΙΣ ΤΟΥ Ν.5216/2025 αρθ.44 (ΦΕΚ 118/ τ.Α΄/07/07/2025) ΝΟΣ",093401589,ΛΕΩΝΙΔΑΣ ΚΑΝΕΛΛΟΣ ΚΑΙ ΣΙΑ Ο Ε,192.2,,1359β01
6ΔΘΠ4690ΒΩ-ΚΡΓ,2025-10-24,"ΠΡΟΜΗΘΕΙΑ ΥΓΡΩΝ ΚΑΥΣΙΜΩΝ ΝΟΣΟΚΟΜΕΙΟΥ, ΓΙΑ ΤΑ ΥΠ΄ ΑΡΙΘΜ. ΚΥ 7140, ΚΗΗ 2952 , ΚΗΗ 6053, ΟΧΗΜΑΤΑ ΙΔΙΟΚΤΗΣΙΑΣ Γ.Ν.Β., ΜΕ ΣΥΜΒΑΣΗ ΓΙΑ ΤΟ ΜΗΝΑ  ΣΕΠΤΕΜΒΡΙΟ 2025,  (ΣΥΜΒ. 291/2024, 1οΧ.Ε. 2621/2024 ).",997663680,ΑΦΟΙ ΤΖΕΚΑ ΟΜΟΡΡΥΘΜΟΣ ΕΤΑΙΡΙΑ,336.06,,1611
ΨΞΘ94690ΒΩ-Ξ25,2025-10-24,ΑΜΟΙΒΕΣ   ΚΑΙ  ΠΡΟΜΗΘΕΙΕΣ  ΤΡΑΠΕΖΩΝ  ΓΙΑ ΕΞΕΡΧΟΜΕΝΕΣ ΜΕΤΑΦΟΡΕΣ ΠΙΣΤΩΣΕΩΝ  ΣΕ ΤΡΑΠΕΖΕΣ ΤΟΥ ΕΞΩΤΕΡΙΚΟΥ  (ΧΕ 2073/2025 ATRON),094014250,EUROBANK ERGASIAS ΥΠΗΡΕΣΙΩΝ ΚΑΙ ΣΥΜΜΕΤΟΧΩΝ ΑΝΩΝΥΜΗ ΕΤΑΙΡΕΙΑ,1.2,,0431
ΨΦΥΗ4690ΒΩ-1Ψ5,2025-10-24,"ΠΡΟΜΗΘΕΙΑ ΥΓΕΙΟΝΟΜΙΚΟΥ ΥΛΙΚΟΥ (ΧΕΙΡΟΥΡΓΙΚΑ ΜΟΣΧΕΥΜΑΤΑ) ME ΣΥΜΒΑΣΗ ΤΟΥΣ ΜΗΝΕΣ  ΑΥΓΟΥΣΤΟ 2024 ,ΣΕΠΤΕΜΒΡΙΟ 2024 ( ΧΕ 537/2024 ΣΥΜΒ.484/2022)",082525697,ΑΝΑΣΤΑΣΙΟΣ ΜΑΥΡΟΓΕΝΗΣ ΙΑΤΡΟΤΕΧΝΟΛΟΓΙΚΑ ΕΙΔΗ ΑΝΩΝΥΜΗ ΕΤΑΙΡΕΙΑ,3931.27,,1311
9ΝΣΑ4690ΒΩ-ΧΞΗ,2025-10-24,ΠΡΟΜΗΘΕΙΑ ΥΓΕΙΟΝΟΜΙΚΟΥ ΥΛΙΚΟΥ (ΜΕΣΑ ΕΡΓΑΣΤΗΡΙΑΚΗΣ ΚΑΛΛΙΕΡΓΕΙΑΣ) ΜΕ ΣΥΜΒΑΣΗ ΤΟΝ ΜΗΝΑ ΟΚΤΩΒΡΙΟ 2023 (ΧΕ 87/2024 ΣΥΜΒ. 323/2022) ΣΥΜΦΩΝΑ ΜΕ ΤΙΣ ΔΙΑΤΑΞΕΙΣ ΤΟΥ Ν.5216/2025 αρθ.44  (ΦΕΚ 118/ τ.Α΄/07/07/2025),095618368,ΕΜΠΟΡΙΑ ΚΑΙ ΤΕΧΝΟΓΝΩΣΙΑ ΦΑΡΜΑΚΕΥΤΙΚΩΝ ΚΑΙ ΠΑΡΑΦΑΡΜΑΚΕΥΤΙΚΩΝ ΕΙΔΩΝ ΕΠΕ,89.28,,1311
ΨΦΛΘ4690ΒΩ-ΒΧ7,2025-10-24,": ΠΡΟΜΗΘΕΙΑ ΥΓΕΙΟΝΟΜΙΚΟΥ ΥΛΙΚΟΥ   (ΓΑΝΤΙΑ ΧΗΜΕΙΟΠΡΟΣΤΑΣΙΑΣ ) ΓΙΑ ΤΟΥΣ  ΜΗΝΕΣ ΑΥΓΟΥΣΤΟ 2024, ΣΕΠΤΕΜΒΡΙΟ 2024 ΜΕ ΣΥΜΒΑΣΗ (ΣΥΜ.343/2024",800502874,F M FEED ΜΟΝΟΠΡΟΣΩΠΗ ΙΔΙΩΤΙΚΗ ΚΕΦΑΛΑΙΟΥΧΙΚΗ ΕΤΑΙΡΕΙΑ,5300.0,,1311β01
ΨΤΞΕ4690ΒΩ-4ΩΟ,2025-10-24,ΠΡΟΜΗΘΕΙΑΣ ΟΡΘΟΠΕΔΙΚΟΥ ΥΛΙΚΟΥ ΜΕ ΣΥΜΒΑΣΗ (ΣΥΜ. 452/2023) ΓΙΑ ΤΟΝ ΜΗΝΑ ΣΕΠΤΕΜΒΡΙΟ  2023 ΣΥΜΦΩΝΑ ΜΕ ΤΙΣ ΔΙΑΤΑΞΕΙΣ ΤΟΥ Ν.5216/2025 αρθ.44 (ΦΕΚ 118/ τ.Α΄/07/07/2025),094007897,ΚΟΠΕΡ ΦΑΡΜΑΚΟΒΙΟΜΗΧΑΝΙΑΑΝΩΝΥΜΗ ΕΤΑΙΡΕΙΑ,8373.3,,1313
Ψ2Δ24690ΒΩ-ΗΦ4,2025-10-24,ΠΡΟΜΗΘΕΙΑ ΛΟΙΠΟΥ ΧΗΜΙΚΟΥ ΥΛΙΚΟΥ  ΜΕ ΣΥΜΒΑΣΗ (ΣΥΜ.515/2024) ΓΙΑ ΤΟ ΜΗΝΑ ΣΕΠΤΕΜΒΡΙΟ 2024  ΣΥΜΦΩΝΑ ΜΕ ΤΙΣ ΔΙΑΤΑΞΕΙΣ ΤΟΥ Ν.5216/2025 αρθ.44  (ΦΕΚ 118/ τ.Α΄/07/07/2025),997585069,ΚΑΛΛΙΦΡΟΝΑΣ ΕΜΠΟΡΙΚΗ ΑΝΩΝΥΜΗ ΕΤΑΙΡΕΙΑ,2862.0,,1311
9ΛΣ84690ΒΩ-ΜΛ3,2025-10-24,"ΠΡΟΜΗΘΕΙΑ ΥΓΕΙΟΝΟΜΙΚΟΥ ΥΛΙΚΟΥ (ΑΝΑΛΩΣΙΜΑ ΥΛΙΚΑ ΧΕΙΡΟΥΡΓΕΙΟΥ 3 ) ΜΕ ΣΥΜΒΑΣΗ ΤΟΝ ΜΗΝΑ ΦΕΒΡΟΥΑΡΙΟ 2024 ( ΧΕ 925/2025, ΣΥΜΒ.30/2024) ΣΥΜΦΩΝΑ ΜΕ ΤΙΣ ΔΙΑΤΑΞΕΙΣ ΤΟΥ Ν.5216/2025 αρθ.44  (ΦΕΚ 118/ τ.Α΄/07/07/2025)",094007897,ΚΟΠΕΡ ΦΑΡΜΑΚΟΒΙΟΜΗΧΑΝΙΑΑΝΩΝΥΜΗ ΕΤΑΙΡΕΙΑ,2529.6,,1311
9ΘΤΚ4690ΒΩ-8ΧΑ,2025-10-24,"ΠΡΟΜΗΘΕΙΑ ΟΡΘΟΠΕΔΙΚΟΥ ΥΛΙΚΟΥ ΜΕ ΣΥΜΒΑΣΗ (ΣΥΜ.140/24)  ΓΙΑ ΤΟΥΣ ΜΗΝΕΣ ΔΕΚΕΜΒΡΙΟ 2023,ΑΠΡΙΛΙΟ 2024  ΓΙΑ  ΤΟΥΣ ΜΗΝΕΣ  ΣΥΜΦΩΝΑ ΜΕ ΤΙΣ ΔΙΑΤΑΞΕΙΣ ΤΟΥ Ν.5216/2025 αρθ.44  (ΦΕΚ 118/ τ.Α΄/07/07/2025)",800519113,ATRON HEALΤH ΙΑΤΡΙΚΑ ΠΡΟΙΟΝΤΑ ΚΑΙ ΜΗΧΑΝΗΜΑΤΑ  ΑΝΩΝΥΜΗ ΕΤΑΙΡΕΙΑ,3025.98,,1313
Ρ9Φ14690ΒΩ-ΟΕΘ,2025-10-24,: ΠΡΟΜΗΘΕΙΑ ΛΟΙΠΟΥ ΧΗΜΙΚΟΥ ΥΛΙΚΟΥ (ΑΝΤΙΔΡΑΣΤΗΡΙΩΝ ΕΡΓΑΣΤΗΡΙΩΝ ) ΜΕ ΣΥΜΒΑΣΗ ΤΟ ΜΗΝΑ ΣΕΠΤΕΜΒΡΙΟ  2024 (ΧΕ 741/2025 ΣΥΜΒ.644/2023),997585069,ΚΑΛΛΙΦΡΟΝΑΣ ΕΜΠΟΡΙΚΗ ΑΝΩΝΥΜΗ ΕΤΑΙΡΕΙΑ,364.64,,1359β01
ΡΟΦ54690ΒΩ-3Τ8,2025-10-24,ΠΡΟΜΗΘΕΙΑ ΛΟΙΠΟΥ ΧΗΜΙΚΟΥ ΥΛΙΚΟΥ (ΑΝΤΙΔΡΑΣΤΗΡΙΩΝ ΕΡΓΑΣΤΗΡΙΩΝ ) ΜΕ ΣΥΜΒΑΣΗ ΤΟΥΣ ΜΗΝΑ ΣΕΠΤΕΕΜΒΡΙΟ 2024 (ΣΥΜΒ.645/2023 ΧΕ  742/2025),095618368,ΕΜΠΟΡΙΑ ΚΑΙ ΤΕΧΝΟΓΝΩΣΙΑ ΦΑΡΜΑΚΕΥΤΙΚΩΝ ΚΑΙ ΠΑΡΑΦΑΡΜΑΚΕΥΤΙΚΩΝ ΕΙΔΩΝ ΕΠΕ,203.52,,1359
Ψ9544690ΒΩ-ΙΤΚ,2025-10-24,ΠΡΟΜΗΘΕΙΑ ΛΟΙΠΟΥ ΧΗΜΙΚΟΥ ΥΛΙΚΟΥ (ΑΝΤΙΔΡΑΣΤΗΡΙΩΝ ΕΡΓΑΣΤΗΡΙΩΝ ) ΜΕ ΣΥΜΒΑΣΗ ΤΟΝ ΜΗΝΑΣΕΠΤΕΜΒΡΙΟ 2024 (ΣΥΜΒ.638/2023 ΧΕ 733/2025),084221869,VAKTRO AEBE,784.24,,1359
93ΑΞ4690ΒΩ-ΔΜ1,2025-10-24,ΠΡΟΜΗΘΕΙΑ ΛΟΙΠΟΥ ΧΗΜΙΚΟΥ ΥΛΙΚΟΥ (ΑΝΤΙΔΡΑΣΤΗΡΙΩΝ ΕΡΓΑΣΤΗΡΙΩΝ ) ΜΕ ΣΥΜΒΑΣΗ ΤΟΝ ΜΗΝΑ ΣΕΠΤΕΜΒΡΙΟ 2024 (ΣΥΜΒ.635/2023 ΧΕ 732/2025),094047060,ΒΑΡΕΛΑΣ ΑΝΩΝΥΜΗ ΕΤΑΙΡΕΙΑ ΧΗΜΙΚΑ ΚΑΙ ΔΙΑΓΝΩΣΤΙΚΑ,858.6,,1359β01
6ΞΔ24690ΒΩ-ΥΨΔ,2025-10-24,ΠΡΟΜΗΘΕΙΑ ΛΟΙΠΟΥ ΧΗΜΙΚΟΥ ΥΛΙΚΟΥ (ΑΝΤΙΔΡΑΣΤΗΡΙΩΝ ΕΡΓΑΣΤΗΡΙΩΝ ) ΜΕ ΣΥΜΒΑΣΗ ΤΟΝ ΜΗΝΑ ΣΕΠΤΕΜΒΡΙΟ 2024 (ΣΥΜΒ.643/2023 ΧΕ 740/2025),094178060,ΠΑΥΛΟΣ ΑΡΝΑΟΥΤΗΣ ΔΙΑΓΝΩΣΤΙΚΑ ΙΑΤΡΙΚΑ ΦΑΡΜΑΚΕΥΤΙΚΑ ΠΡΟΙΟΝΤΑ ΑΕ,7577.84,,1359
Ψ62Ψ4690ΒΩ-7ΓΜ,2025-10-24,ΠΡΟΜΗΘΕΙΑ ΟΡΘΟΠΕΔΙΚΟΥ ΥΛΙΚΟΥ ΜΕ ΣΥΜΒΑΣΗ (ΣΥΜΒ  455 /2024) ΓΙΑ ΤΟ ΜΗΝΑ ΣΕΠΤΕΜΒΡΙΟ 2024 ΑΠΑΞ ΠΑΡΑΓΓΕΛΙΑΣ ΣΥΜΦΩΝΑ ΜΕ ΤΙΣ ΔΙΑΤΑΞΕΙΣ ΤΟΥ Ν.5216/2025 αρθ.44 (ΦΕΚ 118/,998333221,ΠΡΟΗΓΜΕΝΑ ΙΑΤΡΙΚΑ ΠΡΟΙΟΝΤΑ ΚΑΙ ΥΠΗΡΕΣΙΕΣ ΜΟΝΟΠΡΟΣΩΠΗ ΕΤΑΙΡΙΑ ΠΕΡΙΟΡΙΣΜΕΝΗΣ ΕΥΘΥΝΗΣ,6432.51,,1313β01
6ΥΝΙ4690ΒΩ-9ΞΓ,2025-10-24,ΡΟΜΗΘΕΙΑ ΟΡΘΟΠΕΔΙΚΟΥ ΥΛΙΚΟΥ ΜΕ ΣΥΜΒΑΣΗ (ΣΥΜΒ 361 /2024) ΓΙΑ ΤΟ ΜΗΝΑ ΑΥΓΟΥΣΤΟ 2024 ΑΠΑΞ ΠΑΡΑΓΓΕΛΙΑΣ ΣΥΜΦΩΝΑ ΜΕ ΤΙΣ ΔΙΑΤΑΞΕΙΣ ΤΟΥ Ν.5216/2025 αρθ.44 (ΦΕΚ 118/ τ.Α΄/07/07/2025) ΔΙΚΑΙΟΛΟΓΗΤΙΚΑ : ΠΑΡΑΣΤΑΤΙΚΑ :2444,998333221,ΠΡΟΗΓΜΕΝΑ ΙΑΤΡΙΚΑ ΠΡΟΙΟΝΤΑ ΚΑΙ ΥΠΗΡΕΣΙΕΣ ΜΟΝΟΠΡΟΣΩΠΗ ΕΤΑΙΡΙΑ ΠΕΡΙΟΡΙΣΜΕΝΗΣ ΕΥΘΥΝΗΣ,6105.51,,1313β01
99Ω54690ΒΩ-ΥΩΟ,2025-10-24,ΠΡΟΜΗΘΕΙΑ ΟΡΘΟΠΕΔΙΚΟΥ ΥΛΙΚΟΥ ΜΕ ΣΥΜΒΑΣΗ (ΣΥΜΒ 458 /2024) ΓΙΑ ΤΟ ΜΗΝΑ ΣΕΠΤΕΜΒΡΙΟ 2024 ΑΠΑΞ ΠΑΡΑΓΓΕΛΙΑΣ ΣΥΜΦΩΝΑ ΜΕ ΤΙΣ ΔΙΑΤΑΞΕΙΣ ΤΟΥ Ν.5216/2025 αρθ.44 (ΦΕΚ 118/ τ.Α΄/07/07/2025),998333221,ΠΡΟΗΓΜΕΝΑ ΙΑΤΡΙΚΑ ΠΡΟΙΟΝΤΑ ΚΑΙ ΥΠΗΡΕΣΙΕΣ ΜΟΝΟΠΡΟΣΩΠΗ ΕΤΑΙΡΙΑ ΠΕΡΙΟΡΙΣΜΕΝΗΣ ΕΥΘΥΝΗΣ,3919.29,,1313β01
9Π5Θ4690ΒΩ-2ΝΔ,2025-10-24,ΠΡΟΜΗΘΕΙΑ ΟΡΘΟΠΕΔΙΚΟΥ ΥΛΙΚΟΥ ΜΕ ΣΥΜΒΑΣΗ (ΣΥΜΒ 457 /2024) ΓΙΑ ΤΟ ΜΗΝΑ ΣΕΠΤΕΜΒΡΙΟ 2024 ΑΠΑΞ ΠΑΡΑΓΓΕΛΙΑΣ ΣΥΜΦΩΝΑ ΜΕ ΤΙΣ ΔΙΑΤΑΞΕΙΣ ΤΟΥ Ν.5216/2025 αρθ.44 (ΦΕΚ 118/ τ.Α΄/07/07/2025),998333221,ΠΡΟΗΓΜΕΝΑ ΙΑΤΡΙΚΑ ΠΡΟΙΟΝΤΑ ΚΑΙ ΥΠΗΡΕΣΙΕΣ ΜΟΝΟΠΡΟΣΩΠΗ ΕΤΑΙΡΙΑ ΠΕΡΙΟΡΙΣΜΕΝΗΣ ΕΥΘΥΝΗΣ,2846.24,,1313β01
ΨΥ0Ρ4690ΒΩ-ΛΡΞ,2025-10-24,ΠΡΟΜΗΘΕΙΑ ΟΡΘΟΠΕΔΙΚΟΥ ΥΛΙΚΟΥ ΜΕ ΣΥΜΒΑΣΗ (ΣΥΜΒ 544 /2024) ΓΙΑ ΤΟ ΜΗΝΑ ΣΕΠΤΕΜΒΡΙΟ 2024 ΑΠΑΞ ΠΑΡΑΓΓΕΛΙΑΣ ΣΥΜΦΩΝΑ ΜΕ ΤΙΣ ΔΙΑΤΑΞΕΙΣ ΤΟΥ Ν.5216/2025 αρθ.44 (ΦΕΚ 118/ τ.Α΄/07/07/2025),998333221,ΠΡΟΗΓΜΕΝΑ ΙΑΤΡΙΚΑ ΠΡΟΙΟΝΤΑ ΚΑΙ ΥΠΗΡΕΣΙΕΣ ΜΟΝΟΠΡΟΣΩΠΗ ΕΤΑΙΡΙΑ ΠΕΡΙΟΡΙΣΜΕΝΗΣ ΕΥΘΥΝΗΣ,2968.87,,1313β01
94Τ14690ΒΩ-ΞΣΞ,2025-10-24,ΠΡΟΜΗΘΕΙΑ ΟΡΘΟΠΕΔΙΚΟΥ ΥΛΙΚΟΥ ΜΕ ΣΥΜΒΑΣΗ (ΣΥΜΒ 456 /2024) ΓΙΑ ΤΟ ΜΗΝΑ ΣΕΠΤΕΜΒΡΙΟ 2024 ΑΠΑΞ ΠΑΡΑΓΓΕΛΙΑΣ ΣΥΜΦΩΝΑ ΜΕ ΤΙΣ ΔΙΑΤΑΞΕΙΣ ΤΟΥ Ν.5216/2025 αρθ.44 (ΦΕΚ 118/ τ.Α΄/07/07/2025),998333221,ΠΡΟΗΓΜΕΝΑ ΙΑΤΡΙΚΑ ΠΡΟΙΟΝΤΑ ΚΑΙ ΥΠΗΡΕΣΙΕΣ ΜΟΝΟΠΡΟΣΩΠΗ ΕΤΑΙΡΙΑ ΠΕΡΙΟΡΙΣΜΕΝΗΣ ΕΥΘΥΝΗΣ,2910.88,,1313β01
658Ι4690ΒΩ-ΠΗ2,2025-10-24,ΠΡΟΜΗΘΕΙΑ ΟΡΘΟΠΕΔΙΚΟΥ ΥΛΙΚΟΥ ΜΕ ΣΥΜΒΑΣΗ (ΣΥΜΒ 365 /2024) ΓΙΑ ΤΟ ΜΗΝΑ ΑΥΓΟΥΣΤΟ 2024 ΑΠΑΞ ΠΑΡΑΓΓΕΛΙΑΣ ΣΥΜΦΩΝΑ ΜΕ ΤΙΣ ΔΙΑΤΑΞΕΙΣ ΤΟΥ Ν.5216/2025 αρθ.44 (ΦΕΚ 118/ τ.Α΄/07/07/2025),999307110,ΚΑΛΤΕΚ ΕΜΠΟΡΙΑ ΙΑΤΡΙΚΩΝ ΕΙΔΩΝ ΠΡΟΙΟΝΤΩΝ ΚΑΙ ΜΗΧΑΝΗΜΑΤΩΝ ΜΟΝΟΠΡΟΣΩΠΗ ΑΝΩΝΥΜΗ ΕΤΑΙΡΙΑ,6115.48,,"6115,48"
6Η7Π4690ΒΩ-ΜΣΘ,2025-10-24,ΠΡΟΜΗΘΕΙΑ ΟΡΘΟΠΕΔΙΚΟΥ ΥΛΙΚΟΥ ΜΕ ΣΥΜΒΑΣΗ (ΣΥΜΒ 454 /2024) ΓΙΑ ΤΟ ΜΗΝΑ ΣΕΠΤΕΜΒΡΙΟ  2024 ΑΠΑΞ ΠΑΡΑΓΓΕΛΙΑΣ ΣΥΜΦΩΝΑ ΜΕ ΤΙΣ ΔΙΑΤΑΞΕΙΣ ΤΟΥ Ν.5216/2025 αρθ.44 (ΦΕΚ 118/ τ.Α΄/07/07/2025),999307110,ΚΑΛΤΕΚ ΕΜΠΟΡΙΑ ΙΑΤΡΙΚΩΝ ΕΙΔΩΝ ΠΡΟΙΟΝΤΩΝ ΚΑΙ ΜΗΧΑΝΗΜΑΤΩΝ ΜΟΝΟΠΡΟΣΩΠΗ ΑΝΩΝΥΜΗ ΕΤΑΙΡΙΑ,6106.28,,1313
9ΖΑ84690ΒΩ-ΚΗΧ,2025-10-24,ΠΡΟΜΗΘΕΙΑ ΟΡΘΟΠΕΔΙΚΟΥ ΥΛΙΚΟΥ ΜΕ ΣΥΜΒΑΣΗ (ΣΥΜΒ 3665 /2024) ΓΙΑ ΤΟ ΜΗΝΑ ΑΥΓΟΥΣΤΟ 2024 ΑΠΑΞ ΠΑΡΑΓΓΕΛΙΑΣ ΣΥΜΦΩΝΑ ΜΕ ΤΙΣ ΔΙΑΤΑΞΕΙΣ ΤΟΥ Ν.5216/2025 αρθ.44 (ΦΕΚ 118/ τ.Α΄/07/07/2025),999307110,ΚΑΛΤΕΚ ΕΜΠΟΡΙΑ ΙΑΤΡΙΚΩΝ ΕΙΔΩΝ ΠΡΟΙΟΝΤΩΝ ΚΑΙ ΜΗΧΑΝΗΜΑΤΩΝ ΜΟΝΟΠΡΟΣΩΠΗ ΑΝΩΝΥΜΗ ΕΤΑΙΡΙΑ,5348.74,,1313β01
6Ζ3Β4690ΒΩ-4ΔΘ,2025-10-24,ΠΡΟΜΗΘΕΙΑ ΟΡΘΟΠΕΔΙΚΟΥ ΥΛΙΚΟΥ ΜΕ ΣΥΜΒΑΣΗ (ΣΥΜΒ 453 /2024) ΓΙΑ ΤΟ ΜΗΝΑ ΣΕΠΤΕΜΒΡΙΟ  2024 ΑΠΑΞ ΠΑΡΑΓΓΕΛΙΑΣ ΣΥΜΦΩΝΑ ΜΕ ΤΙΣ ΔΙΑΤΑΞΕΙΣ ΤΟΥ Ν.5216/2025 αρθ.44 (ΦΕΚ 118/ τ.Α΄/07/07/2025),999307110,ΚΑΛΤΕΚ ΕΜΠΟΡΙΑ ΙΑΤΡΙΚΩΝ ΕΙΔΩΝ ΠΡΟΙΟΝΤΩΝ ΚΑΙ ΜΗΧΑΝΗΜΑΤΩΝ ΜΟΝΟΠΡΟΣΩΠΗ ΑΝΩΝΥΜΗ ΕΤΑΙΡΙΑ,5030.68,,1313
9ΗΥ84690ΒΩ-Β5Ρ,2025-10-24,ΠΡΟΜΗΘΕΙΑ ΟΡΘΟΠΕΔΙΚΟΥ ΥΛΙΚΟΥ ΜΕ ΣΥΜΒΑΣΗ (ΣΥΜΒ 465 /2024) ΓΙΑ ΤΟ ΜΗΝΑ ΣΕΠΤΕΜΒΡΙΟ  2024 ΑΠΑΞ ΠΑΡΑΓΓΕΛΙΑΣ ΣΥΜΦΩΝΑ ΜΕ ΤΙΣ ΔΙΑΤΑΞΕΙΣ ΤΟΥ Ν.5216/2025 αρθ.44 (ΦΕΚ 118/ τ.Α΄/07/07/2025),998465266,ΙΑΤΡΟΤΕΧΝΟΛΟΓΙΚΑ PS TEAM ΕΤΑΙΡΙΑ ΠΕΡΙΟΡΙΣΜΕΝΗΣ ΕΥΘΥΝΗΣ,17506.78,,1313β01
68744690ΒΩ-401,2025-10-24,ΠΡΟΜΗΘΕΙΑ ΟΡΘΟΠΕΔΙΚΟΥ ΥΛΙΚΟΥ ΜΕ ΣΥΜΒΑΣΗ (ΣΥΜΒ 364 /2024) ΓΙΑ ΤΟ ΜΗΝΑ ΑΥΓΟΥΣΤΟ 2024 ΑΠΑΞ ΠΑΡΑΓΓΕΛΙΑΣ ΣΥΜΦΩΝΑ ΜΕ ΤΙΣ ΔΙΑΤΑΞΕΙΣ ΤΟΥ Ν.5216/2025 αρθ.44 (ΦΕΚ 118/ τ.Α΄/07/07/2025),999307110,ΚΑΛΤΕΚ ΕΜΠΟΡΙΑ ΙΑΤΡΙΚΩΝ ΕΙΔΩΝ ΠΡΟΙΟΝΤΩΝ ΚΑΙ ΜΗΧΑΝΗΜΑΤΩΝ ΜΟΝΟΠΡΟΣΩΠΗ ΑΝΩΝΥΜΗ ΕΤΑΙΡΙΑ,5573.08,,1313
ΨΖ6Τ4690ΒΩ-9Ι1,2025-10-24,"ΠΡΟΜΗΘΕΙΑ ΔΙΑΓΝΩΣΤΙΚΩΝ & ΧΕΙΡΟΥΡΓΙΚΩΝ ΕΡΓΑΛΕΙΩΝ ΓΙΑ ΟΦΘΑΛΜΟΛΟΓΙΚΑ ΧΕΙΡΟΥΡΓΕΙΑ, ΜΗΝΟΣ ΣΕΠΤΕΜΒΡΙΟΥ 2024, ΧΩΡΙΣ ΣΥΜΒΑΣΗ, ΜΕ ΑΠΟΦΑΣΗ ΔΣ 33/25-7-24 Θ.11, ΣΥΜΦΩΝΑ ΜΕ ΤΙΣ ΔΙΑΤΑΞΕΙΣ ΤΟΥ Ν.5216/2025 αρθ.44 (ΦΕΚ 118/ τ.Α΄/07/07/2025) ΝΟ",095591419,SARSTEDT ΜΟΝΟΠΡΟΣΩΠΗ ΕΤΑΙΡΕΙΑ ΠΕΡΙΟΡΙΣΜΕΝΗΣ ΕΥΘΥΝΗΣ,47.17,,1311β01
9ΞΔ24690ΒΩ-5Γ7,2025-10-24,ΠΡΟΜΗΘΕΙΑ ΟΡΘΟΠΕΔΙΚΟΥ ΥΛΙΚΟΥ ΜΕ ΣΥΜΒΑΣΗ (ΣΥΜΒ 452 /2024) ΓΙΑ ΤΟ ΜΗΝΑ ΣΕΠΤΕΜΒΡΙΟ  2024 ΑΠΑΞ ΠΑΡΑΓΓΕΛΙΑΣ ΣΥΜΦΩΝΑ ΜΕ ΤΙΣ ΔΙΑΤΑΞΕΙΣ ΤΟΥ Ν.5216/2025 αρθ.44 (ΦΕΚ 118/ τ.Α΄/07/07/2025),999307110,ΚΑΛΤΕΚ ΕΜΠΟΡΙΑ ΙΑΤΡΙΚΩΝ ΕΙΔΩΝ ΠΡΟΙΟΝΤΩΝ ΚΑΙ ΜΗΧΑΝΗΜΑΤΩΝ ΜΟΝΟΠΡΟΣΩΠΗ ΑΝΩΝΥΜΗ ΕΤΑΙΡΙΑ,6775.85,,1313
6ΥΟΨ4690ΒΩ-Ν3Τ,2025-10-24,ΠΡΟΜΗΘΕΙΑ ΟΡΘΟΠΕΔΙΚΟΥ ΥΛΙΚΟΥ ΜΕ ΣΥΜΒΑΣΗ (ΣΥΜΒ 363 /2024) ΓΙΑ ΤΟ ΜΗΝΑΑΥΓΟΥΣΤΟ 2024 ΑΠΑΞ ΠΑΡΑΓΓΕΛΙΑΣ ΣΥΜΦΩΝΑ ΜΕ ΤΙΣ ΔΙΑΤΑΞΕΙΣ ΤΟΥ Ν.5216/2025 αρθ.44 (ΦΕΚ 118/ τ.Α΄/07/07/2025),999307110,ΚΑΛΤΕΚ ΕΜΠΟΡΙΑ ΙΑΤΡΙΚΩΝ ΕΙΔΩΝ ΠΡΟΙΟΝΤΩΝ ΚΑΙ ΜΗΧΑΝΗΜΑΤΩΝ ΜΟΝΟΠΡΟΣΩΠΗ ΑΝΩΝΥΜΗ ΕΤΑΙΡΙΑ,5030.68,,1313β01
ΨΓΘΗ4690ΒΩ-Θ41,2025-10-24,": ΠΡΟΜΗΘΕΙΑ ΔΙΑΓΝΩΣΤΙΚΩΝ & ΧΕΙΡΟΥΡΓΙΚΩΝ ΕΡΓΑΛΕΙΩΝ ΓΙΑ ΟΦΘΑΛΜΟΛΟΓΙΚΑ ΧΕΙΡΟΥΡΓΕΙΑ, ΜΗΝΟΣ ΣΕΠΤΕΜΒΡΙΟΥ 2024, ΧΩΡΙΣ ΣΥΜΒΑΣΗ, ΜΕ ΑΠΟΦΑΣΗ ΔΣ 33/25-7-24 Θ.11, ΣΥΜΦΩΝΑ ΜΕ ΤΙΣ ΔΙΑΤΑΞΕΙΣ ΤΟΥ Ν.5216/2025 αρθ.44 (ΦΕΚ 118/ τ.Α΄/07/07/2025) ΝΟΣ",801244043,OCULAR QUALITY SERVICES Ι Κ Ε,608.22,,1311β01
ΨΣΝΟ4690ΒΩ-ΠΛΡ,2025-10-24,"ΠΡΟΜ.ΟΡΘΟΠΕΔ,ΠΡΟΣΘΕΤ.ΚΑΙ ΛΟΙΠΩΝ ΥΛΙΚΩΝ ΑΝΑΠΗΡΩΝ, ΜΗΝΟΣ ΣΕΠΤΕΜΒΡΙΟΥ 2024, ΧΩΡΙΣ ΣΥΜΒΑΣΗ, ΜΕ ΑΠΟΦΑΣΕΙΣ ΔΣ 33/25-7-24 Θ.2, 42/19-9-24 Θ.10, 40/12-9-24 Θ.26, ΣΥΜΦΩΝΑ ΜΕ ΤΙΣ ΔΙΑΤΑΞΕΙΣ ΤΟΥ Ν.5216/2025 αρθ.44  (ΦΕΚ 118/ τ.Α΄/07/07/2025)",800745614,PHAREL ΜΟΝΟΠΡΟΣΩΠΗ ΙΚΕ,16117.86,,1313
6ΘΑΩ4690ΒΩ-ΜΟ6,2025-10-24,"ΡΟΜΗΘΕΙΑ ΒΕΛΟΝΩΝ KIRSCHNER,  MHNOΣ ΣΕΠΤΕΜΒΡΙΟΥ 2024, ΧΩΡΙΣ ΣΥΜΒΑΣΗ, ΜΕ ΑΠΟΦΑΣΗ ΔΣ 36/28-8-24 Θ.6, ΣΥΜΦΩΝΑ ΜΕ ΤΙΣ ΔΙΑΤΑΞΕΙΣ ΤΟΥ Ν.5216/2025 αρθ.44  (ΦΕΚ 118/ τ.Α΄/07/07/2025)",999685389,ΠΕΤΡΟΣ ΧΑΡ ΚΟΣΜΙΔΗΣ ΚΑΙ ΣΙΑ ΕΕ,88.59,,1313β01
ΨΜΕΘ4690ΒΩ-ΙΔ1,2025-10-24,"ΠΡΟΜΗΘΕΙΑ ΥΓΕΙΟΝΟΜΙΚΟΥ ΥΛΙΚΟΥ (ΣΩΛΗΝΕΣ ΑΝΑΡΡΟΦΗΣΗΣ, ΝΑΡΘΗΚΕΣ ΦΛΕΒΟΚΕΝΤΗΣΗΣ), ΜΗΝΟΣ ΣΕΠΤΕΜΒΡΙΟΥ 2024, ΧΩΡΙΣ ΣΥΜΒΑΣΗ, ΜΕ ΑΠΟΦΑΣΕΙΣ ΔΣ 24/22-5-24 Θ.9, 32/18-7-24 ΕΗΔ 1, 39/5-9-204 Θ.4, 45/19-10-23 Θ.5), ΣΥΜΦΩΝΑ ΜΕ ΤΙΣ ΔΙΑΤΑΞΕΙΣ ΤΟΥ Ν.5216/2025 αρθ.44 (ΦΕΚ 118/ τ.Α΄/07/07/2025) ΝΟΣ",999324154,ΜΑΡΙΝΑ ΓΕΩΡΓΑΚΗ ΚΑΙ ΣΙΑ ΕΕ,3153.07,,1311β01
6ΗΖΥ4690ΒΩ-ΑΕΧ,2025-10-24,"ΠΡΟΜ.ΟΡΘΟΠΕΔ,ΠΡΟΣΘΕΤ.ΚΑΙ ΛΟΙΠΩΝ ΥΛΙΚΩΝ ΑΝΑΠΗΡΩΝ, ΜΗΝΟΣ ΣΕΠΤΕΜΒΡΙΟΥ 2024, ΧΩΡΙΣ ΣΥΜΒΑΣΗ, ΜΕ ΑΠΟΦΑΣΗ ΔΣ 33/25-7-24 Θ.2, ΣΥΜΦΩΝΑ ΜΕ ΤΙΣ ΔΙΑΤΑΞΕΙΣ ΤΟΥ Ν.5216/2025 αρθ.44  (ΦΕΚ 118/ τ.Α΄/07/07/2025)ΝΟΣ",801028069,I M I  INFINITY SURGICAL INNOVATIONS ΜΟΝΟΠΡΟΣΩΠΗ ΙΚΕ,2463.4,,1313β01
991Ξ4690ΒΩ-4ΤΧ,2025-10-24,"ΠΡΟΜ.ΟΡΘΟΠΕΔ,ΠΡΟΣΘΕΤ.ΚΑΙ ΛΟΙΠΩΝ ΥΛΙΚΩΝ ΑΝΑΠΗΡΩΝ, ΜΗΝΩΝ ΑΥΓΟΥΣΤΟΥ & ΣΕΠΤΕΜΒΡΙΟΥ 2024, ΧΩΡΙΣ ΣΥΜΒΑΣΗ, ΜΕ ΑΠΟΦΑΣΕΙΣ ΔΣ 30/4-8-24 Θ.22, 40/12-9-24 Θ.26, 42/19-9-24 Θ.10), ΣΥΜΦΩΝΑ ΜΕ ΤΙΣ ΔΙΑΤΑΞΕΙΣ ΤΟΥ Ν.5216/2025 αρθ.44 (ΦΕΚ 118/ τ.Α΄/07/07/2025) ( ΝΟΣ",800500360,ΜΕΝΤΙΠΛΑΤ ΕΜΠΟΡΙΑ ΙΑΤΡΙΚΩΝ ΕΙΔΩΝ ΕΤΑΙΡΕΙΑ ΠΕΡΙΟΡΙΣΜΕΝΗΣ ΕΥΘΥΝΗΣ,6371.6,,1313β01
ΨΙΡΚ4690ΒΩ-ΜΞΨ,2025-10-24,"ΠΡΟΜΗΘΕΙΑ ΦΛΕΒΟΚΑΘΕΤΗΡΩΝ & ΒΑΛΒΙΔΩΝ, ΜΗΝΟΣ ΣΕΠΤΕΜΒΡΙΟΥ 2024, ΧΩΡΙΣ ΣΥΜΒΑΣΗ, ΜΕ ΑΠΟΦΑΣΕΙΣ ΔΣ 36/28-8-24 Θ.3 & 40/12- 9-24 Θ.8, ΣΥΜΦΩΝΑ ΜΕ ΤΙΣ ΔΙΑΤΑΞΕΙΣ ΤΟΥ Ν.5216/2025 αρθ.44 (ΦΕΚ 118/ τ.Α΄/07/07/2025) ΝΟΣ",094074824,ΕΛΛΕΝΚΟ ΑΝΩΝΥΜΟΣ ΕΜΠΟΡΙΚΗ  ΕΤΑΙΡΕΙΑ ΙΑΤΡΙΚΩΝ ΕΙΔΩΝ,439.12,,1311β01
ΨΡΦΓ4690ΒΩ-7Φ8,2025-10-24,"ΠΡΟΜ.ΟΡΘΟΠΕΔ,ΠΡΟΣΘΕΤ.ΚΑΙ ΛΟΙΠΩΝ ΥΛΙΚΩΝ ΑΝΑΠΗΡΩΝ, ΜΗΝOΣ ΣΕΠΤΕΜΒΡΙΟΥ 2024, ΧΩΡΙΣ ΣΥΜΒΑΣΗ, ΜΕ ΑΠΟΦΑΣΕΙΣ ΔΣ 33/25-7-24 Θ.2, 42/19-9-24 Θ.10 , 40/12-9-24 Θ.5, ΣΥΜΦΩΝΑ ΜΕ ΤΙΣ ΔΙΑΤΑΞΕΙΣ ΤΟΥ Ν.5216/2025 αρθ.44 (ΦΕΚ 118/ τ.Α΄/07/07/2025) ΝΟΣ",999117743,ΙΑΤΡΙΚΑ ΠΕΝΥ ΕΤΑΙΡΙΑ ΠΕΡΙΟΡΙΣΜΕΝΗΣ ΕΥΘΥΝΗΣ,7934.28,,1313β01
ΨΛ3Ι4690ΒΩ-ΨΣΨ,2025-10-24,": ΠΡΟΜ.ΟΡΘΟΠΕΔ,ΠΡΟΣΘΕΤ.ΚΑΙ ΛΟΙΠΩΝ ΥΛΙΚΩΝ ΑΝΑΠΗΡΩΝ, ΜΗΝΟΣ ΣΕΠΤΕΜΒΡΙΟΥ 2024, ΧΩΡΙΣ ΣΥΜΒΑΣΗ, ΜΕ ΑΠΟΦΑΣΕΙΣ ΔΣ 33/25-7- 24 Θ.2, 42/19-9-24 Θ.10, 40/12-9-24 Θ.26, ΣΥΜΦΩΝΑ ΜΕ ΤΙΣ ΔΙΑΤΑΞΕΙΣ ΤΟΥ Ν.5216/2025 αρθ.44 (ΦΕΚ 118/ τ.Α΄/07/07/2025) ΝΟΣ",999212027,ΙΑΜΕΞ ΙΑΤΡΙΚΑ ΕΙΔΗ ΑΝΩΝΥΜΟΣ ΕΤΑΙΡΙΑ,13081.75,,1313β01
Ψ0Χ24690ΒΩ-ΖΜΕ,2025-10-24,ΠΡΟΜΗΘΕΙΑ ΤΡΑΠΕΖΙΚΩΝ ΕΡΓΑΣΙΩΝ ΓΙΑ ΕΞΕΡΧΟΜΕΝΕΣ ΜΕΤΑΦΟΡΕΣ ΠΙΣΤΩΣΕΩΝ ΣΕ ΤΡΑΠΕΖΕΣ ΤΟΥ ΕΞΩΤΕΡΙΚΟΥ (MEDIPLAT X.E. 1947),094014250,EUROBANK ERGASIAS ΥΠΗΡΕΣΙΩΝ ΚΑΙ ΣΥΜΜΕΤΟΧΩΝ ΑΝΩΝΥΜΗ ΕΤΑΙΡΕΙΑ,2.4,,0431
ΨΜ184690ΒΩ-Φ7Ω,2025-10-23,ΠΡΟΜΗΘΕΙΑ ΕΙΔΩΝ ΙΜΑΤΙΣΜΟΥ (ΚΟΥΡΤΙΝΕΣ ΟΠΤΙΚΗΣ ΑΠΟΜΟΝΩΣΗΣ) ΜΕ ΣΥΜΒΑΣΗ (ΧΕ 885/2025 ΣΥΜ.3/2024) ΓΙΑ ΤΟ ΜΗΝΑ ΑΠΡΙΛΙΟ 202,094098300,ΥΦΑΝΤΟΥΡΓΕΙΑ Α ΚΑΡΥΠΙΔΗΣ ΑΝΩΝΥΜΟΣ ΒΙΟΜΗΧΑΝΙΚΗ ΕΜΠΟΡΙΚΗ ΕΤΑΙΡΙΑ,3922.49,,1529α01
ΡΟΦΨ4690ΒΩ-8ΙΟ,2025-10-23,"ΠΡΟΜΗΘΕΙΑ ΕΙΔΩΝ ΙΜΑΤΙΣΜΟΥ (ΜΑΞΙΛΑΡΙΑ -ΣΤΡΩΜΑΤΑ ) ΜΕ ΣΥΜΒΑΣΗ (ΧΕ 885/24 ΣΥΜ.4/2024) ΓΙΑ ΤΟΥΣ ΜΗΝΕΣ ΦΕΒΡΟΥΑΡΙΟ 2025,ΜΑΡΤΙΟ 2025 ΑΠΡΙΛΙΟ 2025 .",093781188,Ν ΚΑΡΑΛΗΣ ΚΑΙ ΣΙΑ ΕΕ,4075.97,,1529α01
6ΓΨΚ4690ΒΩ-Κ05,2025-10-21,": ΠΡΟΜ.ΟΡΘΟΠΕΔ,ΠΡΟΣΘΕΤ.ΚΑΙ ΛΟΙΠΩΝ ΥΛΙΚΩΝ ΑΝΑΠΗΡΩΝ, ΜΗΝΩΝ ΣΕΠΤΕΜΒΡΙΟΥ & ΟΚΤΩΒΡΙΟΥ 2024, ΧΩΡΙΣ ΣΥΜΒΑΣΗ , ΜΕ ΑΠΟΦΑΣΕΙΣ ΔΣ 40/12-9-24 Θ.26, 42/19-9-24 Θ.10, 45/27-9-24 Θ.49, ΣΥΜΦΩΝΑ ΜΕ ΤΙΣ ΔΙΑΤΑΞΕΙΣ ΤΟΥ Ν.5216/2025 αρθ.44 (ΦΕΚ 118/ τ.Α΄/07/07/2025) ΝΟΣ",800519113,ATRON HEALΤH ΙΑΤΡΙΚΑ ΠΡΟΙΟΝΤΑ ΚΑΙ ΜΗΧΑΝΗΜΑΤΑ  ΑΝΩΝΥΜΗ ΕΤΑΙΡΕΙΑ,15144.35,,1313β01
ΨΖ6Λ4690ΒΩ-Ο0Ι,2025-10-21,ΠΡΟΜΗΘΕΙΑ ΤΡΑΠΕΖΙΚΩΝ ΕΡΓΑΣΙΩΝ ΓΙΑ ΕΞΕΡΧΟΜΕΝΕΣ ΜΕΤΑΦΟΡΕΣ ΠΙΣΤΩΣΕΩΝ ΣΕ ΤΡΑΠΕΖΕΣ ΤΟΥ ΕΞΩΤΕΡΙΚΟΥ (BIOGENESIS X.E. 1980),094014250,EUROBANK ERGASIAS ΥΠΗΡΕΣΙΩΝ ΚΑΙ ΣΥΜΜΕΤΟΧΩΝ ΑΝΩΝΥΜΗ ΕΤΑΙΡΕΙΑ,4.0,,0431α01
Ψ4ΕΧ4690ΒΩ-Μ4Δ,2025-10-21,ΠΡΟΜΗΘΕΙΑ ΤΡΑΠΕΖΙΚΩΝ ΕΡΓΑΣΙΩΝ ΓΙΑ ΕΞΕΡΧΟΜΕΝΕΣ ΜΕΤΑΦΟΡΕΣ ΠΙΣΤΩΣΕΩΝ ΣΕ ΤΡΑΠΕΖΕΣ ΤΟΥ ΕΞΩΤΕΡΙΚΟΥ (ATRON X.E.1981),094014250,EUROBANK ERGASIAS ΥΠΗΡΕΣΙΩΝ ΚΑΙ ΣΥΜΜΕΤΟΧΩΝ ΑΝΩΝΥΜΗ ΕΤΑΙΡΕΙΑ,4.0,,0431α01
600Ι4690ΒΩ-Η6Τ,2025-10-21,"ΠΡΟΜ.ΟΡΘΟΠΕΔ,ΠΡΟΣΘΕΤ.ΚΑΙ ΛΟΙΠΩΝ ΥΛΙΚΩΝ ΑΝΑΠΗΡΩΝ, ΜΗΝΩΝ ΣΕΠΤΕΜΒΡΙΟΥ &Ν ΟΚΤΩΒΡΙΟΥ 2024, ΧΩΡΙΣ ΣΥΜΒΑΣΗ, ΜΕ ΔΣ 33/25- 7-24 Θ.2, 40/12-9-24 Θ.26, 42/19-9-24 Θ.10,45/27-9-24 Θ.49,ΣΥΜΦΩΝΑ ΜΕ ΤΙΣ ΔΙΑΤΑΞΕΙΣ ΤΟΥ Ν.5216/2025 αρθ.44 (ΦΕΚ 118/ τ.Α΄/07/07/2025",099805952,BIOGENESYS IKE,16888.98,,1313β01
ΨΒΙΚ4690ΒΩ-ΘΕ6,2025-10-21,"ΠΡΟΜ.ΟΡΘΟΠΕΔ,ΠΡΟΣΘΕΤ.ΚΑΙ ΛΟΙΠΩΝ ΥΛΙΚΩΝ ΑΝΑΠΗΡΩΝ, ΜΗΝΩΝ ΑΥΓΟΥΣΤΟΥ & ΣΕΠΤΕΜΒΡΙΟΥ 2024, ΧΩΡΙΣ ΣΥΜΒΑΣΗ, ΜΕ ΑΠΟΦΑΣΕΙΣ ΔΣ 30/4-7-24 Θ.22, 33/25-7-24 Θ.2, 40/12-9-24 Θ.26 & 42/19-9-24 Θ.10, ΣΥΜΦΩΝΑ ΜΕ ΤΙΣ ΔΙΑΤΑΞΕΙΣ ΤΟΥ Ν.5216/2025 αρθ.44 (ΦΕΚ 118/ τ.Α΄/07/07/2025)ΝΟΣ",998333221,ΠΡΟΗΓΜΕΝΑ ΙΑΤΡΙΚΑ ΠΡΟΙΟΝΤΑ ΚΑΙ ΥΠΗΡΕΣΙΕΣ ΜΟΝΟΠΡΟΣΩΠΗ ΕΤΑΙΡΙΑ ΠΕΡΙΟΡΙΣΜΕΝΗΣ ΕΥΘΥΝΗΣ,31544.31,,1313β01
ΡΡΨΕ4690ΒΩ-ΖΑΒ,2025-10-20,"ΠΡΟΜΗΘΕΙΑ ΒΕΛΟΝΩΝ ΗΛΕΚΤΡΟΜΥΟΓΡΑΦΟΥ, ΜΗΝΟΣ ΔΕΚΕΜΒΡΙΟΥ 2024, ΧΩΡΙΣ ΣΥΜΒΑΣΗ, ΜΕ ΑΠΟΦΑΣΗ ΔΙΟΙΚΗΤΗ 599/2024, (ΑΠΟΦΑΣΗ ΔΣ 1/27-3-25 Θ.1 ΓΙΑ ΤΗ EΠΙΚΥΡΩΣΗ ΑΠΟΦΑΣΕΩΝ ΔΙΟΙΚΗΤΗ ΕΤΟΥΣ 2024), ΣΥΜΦΩΝΑ ΜΕ ΤΙΣ ΔΙΑΤΑΞΕΙΣ ΤΟΥ Ν.5216/2025 αρθ.44  (ΦΕΚ 118/ τ.Α΄/07/07/2025)",099039141,ΙΝΝΟΒΑ ΜΕΝΤΙΚΑΛ ΜΟΝΟΠΡΟΣΩΠΗ  ΕΤΑΙΡΕΙΑ ΠΕΡΙΟΡΙΣΜΕΝΗΣ ΕΥΘΥΝΗΣ ΕΙΣΑΓΩΓΗΣ ΚΑΙ ΕΞΑΓΩΓΗΣ ΙΑΤΡΙΚΩΝ ΜΗΧΑΝΗΜΑΤΩΝ,1388.8,,9429β01
9ΨΡΠ4690ΒΩ-Ε71,2025-10-20,"ΠΡΟΜΗΘΕΙΑ SERVER LENOVO , ΜΗΝΟΣ ΙΑΝΟΥΑΡΙΟΥ 2025, ΧΩΡΙΣ ΣΥΜΒΑΣΗ , ΜΕ ΑΠΟΦΑΣΗ ΔΙΟΙΚΗΤΗ 625/24(ΑΠΟΦΑΣΗ ΔΣ 1/27-3-25 Θ.1 ΓΙΑ ΤΗ EΠΙΚΥΡΩΣΗ ΑΠΟΦΑΣΕΩΝ ΔΙΟΙΚΗΤΗ ΕΤΟΥΣ 2024), ΣΥΜΦΩΝΑ ΜΕ ΤΙΣ ΔΙΑΤΑΞΕΙΣ ΤΟΥ Ν.5216/2025 αρθ.44 (ΦΕΚ 118/ τ.Α΄/07/07/2025) ΝΟΣ",997776974,EUROSUPPLIES ΙΚΕ,1113.52,,7123α01
6ΞΙΣ4690ΒΩ-3Β5,2025-10-20,"ΠΡΟΜΗΘΕΙΑ ΥΓΕΙΟΝΟΜΙΚΟΥ ΥΛΙΚΟΥ (ΠΕΝΣΕΣ ΜΕ ΕΠΙΠΕΔΕΣ ΠΑΡΑΛΛΗΛΕΣ ΜΥΤΕΣ, ΔΙΑΣΤΟΛΙΚΑ ΚΗΡΙΑ, ΒΕΛΟΝΟΚΑΤΟΧΑ), ΜΗΝΩΝ ΟΚΤΩΒΡΙΟΥ 2024 & ΜΑΡΤΙΟΥ 2025, ΧΩΡΙΣ ΣΥΜΒΑΣΗ, ΜΕ ΑΠΟΦΑΣΗ ΔΣ 45/27-9-24 Θ.23 & ΑΠΟΦΑΣΗ ΔΙΟΙΚΗΤΗ 598/24 (ΑΠΟΦΑΣΗ ΔΣ 1/27-3-25 Θ.2 ΓΙΑ ΤΗ EΠΙΚΥΡΩΣΗ ΑΠΟΦΑΣΕΩΝ ΔΙΟΙΚΗΤΗ ΕΤΟΥΣ 2025), ΣΥΜΦΩΝΑ ΜΕ ΤΙΣ ΔΙΑΤΑΞΕΙΣ ΤΟΥ Ν.5216/2025 αρθ.44 (ΦΕΚ 118/ τ.Α΄/07/07/2025) ΝΟΣ",094289349,ΒΥΖΑΣ ΑΝΩΝΥΜΟΣ ΕΜΠΟΡΙΚΗ ΕΤΑΙΡΕΙΑ ΧΗΜΙΚΩΝ ΠΡΟΙΟΝΤΩΝ ΙΑΤΡΙΚΩΝ ΕΙΔΩΝ ΚΑΙ ΝΟΣΟΚΟΜΕΙΑΚΟΥ ΕΞΟΠΛΙΣΜΟΥ,272.8,,1311α01
6ΞΙΣ4690ΒΩ-3Β5,2025-10-20,"ΠΡΟΜΗΘΕΙΑ ΥΓΕΙΟΝΟΜΙΚΟΥ ΥΛΙΚΟΥ (ΠΕΝΣΕΣ ΜΕ ΕΠΙΠΕΔΕΣ ΠΑΡΑΛΛΗΛΕΣ ΜΥΤΕΣ, ΔΙΑΣΤΟΛΙΚΑ ΚΗΡΙΑ, ΒΕΛΟΝΟΚΑΤΟΧΑ), ΜΗΝΩΝ ΟΚΤΩΒΡΙΟΥ 2024 & ΜΑΡΤΙΟΥ 2025, ΧΩΡΙΣ ΣΥΜΒΑΣΗ, ΜΕ ΑΠΟΦΑΣΗ ΔΣ 45/27-9-24 Θ.23 & ΑΠΟΦΑΣΗ ΔΙΟΙΚΗΤΗ 598/24 (ΑΠΟΦΑΣΗ ΔΣ 1/27-3-25 Θ.2 ΓΙΑ ΤΗ EΠΙΚΥΡΩΣΗ ΑΠΟΦΑΣΕΩΝ ΔΙΟΙΚΗΤΗ ΕΤΟΥΣ 2025), ΣΥΜΦΩΝΑ ΜΕ ΤΙΣ ΔΙΑΤΑΞΕΙΣ ΤΟΥ Ν.5216/2025 αρθ.44 (ΦΕΚ 118/ τ.Α΄/07/07/2025) ΝΟΣ",094289349,ΒΥΖΑΣ ΑΝΩΝΥΜΟΣ ΕΜΠΟΡΙΚΗ ΕΤΑΙΡΕΙΑ ΧΗΜΙΚΩΝ ΠΡΟΙΟΝΤΩΝ ΙΑΤΡΙΚΩΝ ΕΙΔΩΝ ΚΑΙ ΝΟΣΟΚΟΜΕΙΑΚΟΥ ΕΞΟΠΛΙΣΜΟΥ,358.36,,1311β01
ΨΖΝΧ4690ΒΩ-ΩΧ7,2025-10-20,": ΠΡΟΜ.ΟΡΘΟΠΕΔ,ΠΡΟΣΘΕΤ.ΚΑΙ ΛΟΙΠΩΝ ΥΛΙΚΩΝ ΑΝΑΠΗΡΩΝ,ΜΗΝΩΝ ΔΕΚΕΜΒΡΙΟΥ 2024, ΙΑΝΟΥΑΡΙΟΥ & ΜΑΡΤΙΟΥ 2025, ΧΩΡΙΣ ΣΥΜΒΑΣΗ, ΜΕ ΑΠΟΦΑΣΗ ΔΣ 36/28-8-24 Θ.6 & ΑΠΟΦΑΣΕΙΣ ΔΙΟΙΚΗΤΗ 792/24, 523/24 (ΑΠΟΦΑΣΗ ΔΣ 1/27-3-25 Θ.2 ΓΙΑ ΤΗ EΠΙΚΥΡΩΣΗ ΑΠΟΦΑΣΕΩΝ ΔΙΟΙΚΗΤΗ ΕΤΟΥΣ 2025), ΣΥΜΦΩΝΑ ΜΕ ΤΙΣ ΔΙΑΤΑΞΕΙΣ ΤΟΥ Ν.5216/2025 αρθ.44 (ΦΕΚ 118/ τ.Α΄/07/07/2025) ΝΟ",094289349,ΒΥΖΑΣ ΑΝΩΝΥΜΟΣ ΕΜΠΟΡΙΚΗ ΕΤΑΙΡΕΙΑ ΧΗΜΙΚΩΝ ΠΡΟΙΟΝΤΩΝ ΙΑΤΡΙΚΩΝ ΕΙΔΩΝ ΚΑΙ ΝΟΣΟΚΟΜΕΙΑΚΟΥ ΕΞΟΠΛΙΣΜΟΥ,1588.6,,1313α01
ΨΖΝΧ4690ΒΩ-ΩΧ7,2025-10-20,": ΠΡΟΜ.ΟΡΘΟΠΕΔ,ΠΡΟΣΘΕΤ.ΚΑΙ ΛΟΙΠΩΝ ΥΛΙΚΩΝ ΑΝΑΠΗΡΩΝ,ΜΗΝΩΝ ΔΕΚΕΜΒΡΙΟΥ 2024, ΙΑΝΟΥΑΡΙΟΥ & ΜΑΡΤΙΟΥ 2025, ΧΩΡΙΣ ΣΥΜΒΑΣΗ, ΜΕ ΑΠΟΦΑΣΗ ΔΣ 36/28-8-24 Θ.6 & ΑΠΟΦΑΣΕΙΣ ΔΙΟΙΚΗΤΗ 792/24, 523/24 (ΑΠΟΦΑΣΗ ΔΣ 1/27-3-25 Θ.2 ΓΙΑ ΤΗ EΠΙΚΥΡΩΣΗ ΑΠΟΦΑΣΕΩΝ ΔΙΟΙΚΗΤΗ ΕΤΟΥΣ 2025), ΣΥΜΦΩΝΑ ΜΕ ΤΙΣ ΔΙΑΤΑΞΕΙΣ ΤΟΥ Ν.5216/2025 αρθ.44 (ΦΕΚ 118/ τ.Α΄/07/07/2025) ΝΟ",094289349,ΒΥΖΑΣ ΑΝΩΝΥΜΟΣ ΕΜΠΟΡΙΚΗ ΕΤΑΙΡΕΙΑ ΧΗΜΙΚΩΝ ΠΡΟΙΟΝΤΩΝ ΙΑΤΡΙΚΩΝ ΕΙΔΩΝ ΚΑΙ ΝΟΣΟΚΟΜΕΙΑΚΟΥ ΕΞΟΠΛΙΣΜΟΥ,431.26,,1313β01
97ΔΑ4690ΒΩ-ΧΡΗ,2025-10-20,"ΠΡΟΜΗΘΕΙΑ ΨΑΛΙΔΙΟΥ ΓΥΨΟΥ, ΜΗΝΟΣ ΜΑΡΤΙΟΥ 2025, ΧΩΡΙΣ ΣΥΜΒΑΣΗ, ΜΕ ΑΠΟΦΑΣΗ ΔΣ 40/21-9-24 Θ.15, ΣΥΜΦΩΝΑ ΜΕ ΤΙΣ ΔΙΑΤΑΞΕΙΣ ΤΟΥ Ν.5216/2025 αρθ.44 (ΦΕΚ 118/ τ.Α΄/07/07/2025)",094289349,ΒΥΖΑΣ ΑΝΩΝΥΜΟΣ ΕΜΠΟΡΙΚΗ ΕΤΑΙΡΕΙΑ ΧΗΜΙΚΩΝ ΠΡΟΙΟΝΤΩΝ ΙΑΤΡΙΚΩΝ ΕΙΔΩΝ ΚΑΙ ΝΟΣΟΚΟΜΕΙΑΚΟΥ ΕΞΟΠΛΙΣΜΟΥ,228.16,,1439α01
Ψ7ΕΥ4690ΒΩ-Δ06,2025-10-20,"ΠΡΟΜΗΘΕΙΑ ΠΡΟΪΟΝΤΩΝ ΚΑΘΑΡΙΣΜΟΥ ΜΕ ΣΥΜΒΑΣΗ ΤΟΥΣ ΜΗΝΕΣ (ΣΥΜ. 638/24) ΝΟΕΜΒΡΙΟ 2024,ΔΕΚΕΜΒΡΙΟ 2024 ,ΦΕΒΡΟΥΑΡΙΟ 2025 ΣΥΜΦΩΝΑ ΜΕ ΤΙΣ ΔΙΑΤΑΞΕΙΣ ΤΟΥ Ν.5216/2025 αρθ.44 (ΦΕΚ 118/ τ.Α΄/07/07/2025)",081857450,ΑΦΟΙ A ΜΟΥΡΟΠΟΥΛΟΥ ΟΕ,126.48,,1381α01
Ψ7ΕΥ4690ΒΩ-Δ06,2025-10-20,"ΠΡΟΜΗΘΕΙΑ ΠΡΟΪΟΝΤΩΝ ΚΑΘΑΡΙΣΜΟΥ ΜΕ ΣΥΜΒΑΣΗ ΤΟΥΣ ΜΗΝΕΣ (ΣΥΜ. 638/24) ΝΟΕΜΒΡΙΟ 2024,ΔΕΚΕΜΒΡΙΟ 2024 ,ΦΕΒΡΟΥΑΡΙΟ 2025 ΣΥΜΦΩΝΑ ΜΕ ΤΙΣ ΔΙΑΤΑΞΕΙΣ ΤΟΥ Ν.5216/2025 αρθ.44 (ΦΕΚ 118/ τ.Α΄/07/07/2025)",081857450,ΑΦΟΙ A ΜΟΥΡΟΠΟΥΛΟΥ ΟΕ,1636.8,,1381β01
Ψ1ΝΕ4690ΒΩ-Ξ0Ζ,2025-10-20,ΠΡΟΜΗΘΕΙΑ ΥΓΕΙΟΝΟΜΙΚΟΥ ΥΛΙΚΟΥ ΝΟΣΟΚΟΜΕΙΟΥ(ΑΝΑΛΩΣΙΜΑ ΥΛΙΚΑ ΧΕΙΡΟΥΡΓΕΙΟΥ ) ΜΕ ΣΥΜΒΑΣΗ (ΣΥΜ.52/2024) ΓΙΑ ΤΟ ΜΗΝΑ ΙΟΥΛΙΟ 2024 ΣΥΜΦΩΝΑ ΜΕ ΤΙΣ ΔΙΑΤΑΞΕΙΣ ΤΟΥ Ν.5216/2025 αρθ.44 (ΦΕΚ 118/ τ.Α΄/07/07/2025),082525697,ΑΝΑΣΤΑΣΙΟΣ ΜΑΥΡΟΓΕΝΗΣ ΙΑΤΡΟΤΕΧΝΟΛΟΓΙΚΑ ΕΙΔΗ ΑΝΩΝΥΜΗ ΕΤΑΙΡΕΙΑ,3100.0,,1311β01
90ΡΖ4690ΒΩ-9Ι0,2025-10-20,"ΠΡΟΜΗΘΕΙΑ ΥΓΕΙΟΝΟΜΙΚΟΥ ΥΛΙΚΟΥ (ΔΙΑΣΤΟΛΕΙΣ ΜΗΤΡΑΣ, ΜΗΛΗ ΔΙΠΛΟΥ ΑΚΡΟΥ, ΛΑΒΙΔΕΣ), ΜΗΝΟΣ ΟΚΤΩΒΡΙΟΥ 2024, ΧΩΡΙΣ ΣΥΜΒΑΣΗ, ΜΕ ΑΠΟΦΑΣΗ ΔΣ 45/27-9-24 Θ.23, ΣΥΜΦΩΝΑ ΜΕ ΤΙΣ ΔΙΑΤΑΞΕΙΣ ΤΟΥ Ν.5216/2025 αρθ.44 (ΦΕΚ 118/ τ.Α΄/07/07/2025) ΝΟΣ",095029193,ΠΑΠΑΠΟΣΤΟΛΟΥ Ν ΑΝΩΝΥΜΗ ΕΤΑΙΡΕΙΑ  ΕΤΑΙΡΕΙΑ ΕΜΠΟΡΙΑΣ ΚΑΙ ΑΝΤΙΠΡΟΣΩΠΕΙΩΝ ΙΑΤΡΙΚΩΝ ΕΡΓΑΛΕΙΩΝ ΚΑΙ ΜΗΧΑΝΗΜΑΤΩΝ,894.66,,1311β01
Ρ1Δ64690ΒΩ-ΙΛΒ,2025-10-20,"ΠΡΟΜΗΘΕΙΑ ΡΟΟΜΟΤΡΩΝ ΟΞΥΓΟΝΟΥ, ΜΗΝΟΣ ΔΕΚΕΜΒΡΙΟΥ 2024, ΧΩΡΙΣ ΣΥΜΒΑΣΗ, ΜΕ ΑΠΟΦΑΣΗ ΔΙΟΙΚΗΤΗ 637/24, (ΑΠΟΦΑΣΗ ΔΣ 1/27- 3-25 Θ.1 ΓΙΑ ΤΗ EΠΙΚΥΡΩΣΗ ΑΠΟΦΑΣΕΩΝ ΔΙΟΙΚΗΤΗ ΕΤΟΥΣ 2024) ΣΥΜΦΩΝΑ ΜΕ ΤΙΣ ΔΙΑΤΑΞΕΙΣ ΤΟΥ Ν.5216/2025 αρθ.44 (ΦΕΚ 118/ τ.Α΄/07/07/2025)",800896490,Α ΤΡΙΑΝΤΑΦΥΛΛΟΠΟΥΛΟΣ Ε Ε,218.55,,1429β01
6ΥΘΒ4690ΒΩ-Ξ4Ι,2025-10-20,"ΠΡΟΜΗΘΕΙΑ ΑΝΤΔΡΑΣΤΗΡΙΩΝ ΠΡΟΣΔΙΟΡΙΣΜΟΥ ΜΥΚΗΤΩΝ, ΜΗΝΟΣ ΟΚΤΩΒΡΙΟΥ 2024, ΧΩΡΙΣ ΣΥΜΒΑΣΗ, ΜΕ ΑΠΟΦΑΣΗ ΔΣ 43/5-9-24 Θ.19,  ΣΥΜΦΩΝΑ ΜΕ ΤΙΣ ΔΙΑΤΑΞΕΙΣ ΤΟΥ Ν.5216/2025",094499248,BIOMERIEUX ΕΛΛΑΣ ΑΝΩΝΥΜΗ ΕΤΑΙΡΙΑ ΕΙΣΑΓΩΓΗΣ ΕΜΠΟΡΙΑΣ ΚΑΙ ΔΙΑΝΟΜΗΣ ΙΑΤΡΙΚΩΝ ΚΑΙ ΔΙΑΓΝΩΣΤΙΚΩΝ ΠΡΟΙΟΝΤΩΝ,1653.6,,1359β01
ΡΚΖΡ4690ΒΩ-4ΜΧ,2025-10-20,"ΠΡΟΜΗΘΕΙΑ ΚΑΘΕΤΗΡΩΝ, ΜΗΝΟΣ ΦΕΒΡΟΥΑΡΙΟΥ 2024, ΧΩΡΙΣ ΣΥΜΒΑΣΗ, ΜΕ ΑΠΟΦΑΣΗ ΔΣ 4/31-1-24 Θ.6, ΧΩΡΙΣ ΣΥΜΒΑΣΗ, ΜΕ ΑΠΟΦΑΣΗ ΔΣ 4/31-1-24 Θ.6, ΣΥΜΦΩΝΑ ΜΕ ΤΙΣ ΔΙΑΤΑΞΕΙΣ ΤΟΥ Ν.5216/2025 αρθ.44 (ΦΕΚ 118/ τ.Α΄/07/07/2025) ΝΟΣ",094429990,TELEFLEX MEDICAL ΕΛΛΑΣ ΑΝΩΝΥΜΗ ΕΜΠΟΡΙΚΗ ΕΤΑΙΡΕΙΑ,1898.4,,1311β01
62674690ΒΩ-69Ξ,2025-10-20,"ΠΡΟΜΗΘΕΙΑ ΨΗΦΙΑΚΩΝ ΘΕΡΜΟΜΕΤΡΩΝ, ΜΗΝΟΣ ΟΚΤΩΒΡΙΟΥ 2024, ΧΩΡΙΣ ΣΥΜΒΑΣΗ, ΜΕ ΑΠΟΦΑΣΗ ΔΣ 45/27-9-24 Θ.43, ΣΥΜΦΩΝΑ ΜΕ ΤΙΣ ΔΙΑΤΑΞΕΙΣ ΤΟΥ Ν.5216/2025 αρθ.44 (ΦΕΚ 118/ τ.Α΄/07/07/2025) ΝΟΣ",800896490,Α ΤΡΙΑΝΤΑΦΥΛΛΟΠΟΥΛΟΣ Ε Ε,155.06,,1311β01
6ΗΒΨ4690ΒΩ-ΒΚΠ,2025-10-20,"ΠΡΟΜΗΘΕΙΑ ΛΟΙΠΟΥ ΧΗΜΙΚΟΥ ΥΛΙΚΟΥ (ΑΛΟΥΜΙΝΟΝΕΡΟ, ΟΞΥΖΕΝΕ, ΤΑΙΝΙΕΣ ΟΥΡΩΝ), ΜΗΝΟΣ ΔΕΚΕΜΒΡΙΟΥ 2024, ΧΩΡΙΣ ΣΥΜΒΑΣΗ, ΜΕ ΑΠΟΦΑΣΕΙΣ ΔΙΟΙΚΗΤΗ 581/24 & 736/24 (ΑΠΟΦΑΣΗ ΔΣ 1/27-3-25 Θ.1 ΓΙΑ ΤΗ EΠΙΚΥΡΩΣΗ ΑΠΟΦΑΣΕΩΝ ΔΙΟΙΚΗΤΗ ΕΤΟΥΣ 2024), ΣΥΜΦΩΝΑ ΜΕ ΤΙΣ ΔΙΑΤΑΞΕΙΣ ΤΟΥ Ν.5216/2025 αρθ.44 (ΦΕΚ 118/ τ.Α΄/07/07/2025) ΝΟΣ",800896490,Α ΤΡΙΑΝΤΑΦΥΛΛΟΠΟΥΛΟΣ Ε Ε,611.93,,1359β01
ΡΥΡ54690ΒΩ-Ο0Υ,2025-10-20,"ΠΡΟΜΗΘΕΙΑ ΥΓΕΙΟΝΟΜΙΚΟΥ ΥΛΙΚΟΥ (BIG TALE, ΖΕΥΓΗ ΕΡΓΑΛΕΙΩΝ ΠΛΥΣΗΣ, ΕΝΔΟΣΚΟΠΙΚΩΝ ΒΡΟΧΩΝ) ΜΗΝΩΝ ΙΟΥΛΙΟΥ 2023, ΣΕΠΤΕΜΒΡΙΟΥ , ΟΚΤΩΒΡΙΟΥ & ΝΟΕΜΒΡΙΟΥ 2024,ΧΩΙΣ ΣΥΜΒΑΣΗ, ΜΕ ΑΠΟΦΑΣΕΙΣ ΔΣ 24/28-6-23 Θ.12, 42/19-9-24 Θ.5, 33/25-7-24 Θ.11, 45/27-9-24 Θ.42Ν & Θ.35, 32/18-7-24 Θ.41, ΑΠΟΦΑΣΗ ΔΙΟΙΚΗΤΗ 535/24 (ΑΠΟΦΑΣΗ ΔΣ 1/27-3-25 Θ.1 ΓΙΑ ΤΗ EΠΙΚΥΡΩΣΗ ΑΠΟΦΑΣΕΩΝ ΔΙΟΙΚΗΤΗ ΕΤΟΥΣ 2024) ΝΟΣ",082525697,ΑΝΑΣΤΑΣΙΟΣ ΜΑΥΡΟΓΕΝΗΣ ΙΑΤΡΟΤΕΧΝΟΛΟΓΙΚΑ ΕΙΔΗ ΑΝΩΝΥΜΗ ΕΤΑΙΡΕΙΑ,10455.22,,1311β01
ΡΤΩΣ4690ΒΩ-Ω0Ο,2025-10-20,ΠΡΟΜΗΘΕΙΑ ΥΓΕΙΟΝΟΜΙΚΟΥ ΥΛΙΚΟΥ (ΟΦΘΑΛΜΟΛΟΓΙΚΑ ΥΛΙΚΑ ) ΜΕ ΣΥΜΒΑΣΗ (ΣΥΜ.525/2024) ΓΙΑ ΤΟ ΜΗΝΑ ΣΕΠΤΕΜΒΡΙΟ 2024 ΣΥΜΦΩΝΑ ΜΕ ΤΙΣ ΔΙΑΤΑΞΕΙΣ ΤΟΥ Ν.5216/2025 αρθ.44 (ΦΕΚ 118/ τ.Α΄/07/07/2025),094450895,ΑΛΚΟΝ ΛΑΜΠΟΡΑΤΟΡΙΣ ΕΛΛΑΣ ΜΟΝΟΠΡΟΣΩΠΗ ΑΝΩΝΥΜΗ ΕΜΠΟΡΙΚΗ ΚΑΙ ΒΙΟΜΗΧΑΝΙΚΗ ΕΤΑΙΡΕΙΑ,5475.84,,1311β01
6ΔΩΒ4690ΒΩ-ΣΥΤ,2025-10-20,: ΠΡΟΜ.ΕΙΔ.ΣΥΝΤΗΡΗΣΗΣ -ΕΠΙΣΚΕΥΗΣ ΛΟΙΠΩΝ ΜΟΝΙΜΩΝ ΕΓΚ/ΩΝ ΝΟΣΟΚΟΜΕΙΟΥ ΜΕ ΣΥΜΒΑΣΗ (ΣΥΜ.643/2024) ΓΙΑ ΤΟ ΜΗΝΑ ΝΟΕΜΒΡΙΟ 2024 ΣΥΜΦΩΝΑ ΜΕ ΤΙΣ ΔΙΑΤΑΞΕΙΣ ΤΟΥ Ν.5216/2025 αρθ.44 (ΦΕΚ 118/ τ.Α΄/07/07/2025),800435335,Δ ΚΟΥΝΟΒΕΛΗΣ ΙΔΙΩΤΙΚΗ ΚΕΦΑΛΑΙΟΥΧΙΚΗ ΕΤΑΙΡΕΙΑ,1214.75,,1429β01
ΨΑ8Κ4690ΒΩ-Γ3Δ,2025-10-20,ΠΡΟΜΗΘΕΙΑ ΟΡΘΟΠΕΔΙΚΟΥ ΥΛΙΚΟΥ ΜΕ ΣΥΜΒΑΣΗ (ΣΥΜΒ 362 /2024) ΓΙΑ ΤΟ ΜΗΝΑ ΑΥΓΟΥΣΤΟ 2024 ΑΠΑΞ ΠΑΡΑΓΓΕΛΙΑΣ ΣΥΜΦΩΝΑ ΜΕ ΤΙΣ ΔΙΑΤΑΞΕΙΣ ΤΟΥ Ν.5216/2025 αρθ.44 (ΦΕΚ 118/ τ.Α΄/07/07/2025),999307110,ΚΑΛΤΕΚ ΕΜΠΟΡΙΑ ΙΑΤΡΙΚΩΝ ΕΙΔΩΝ ΠΡΟΙΟΝΤΩΝ ΚΑΙ ΜΗΧΑΝΗΜΑΤΩΝ ΜΟΝΟΠΡΟΣΩΠΗ ΑΝΩΝΥΜΗ ΕΤΑΙΡΙΑ,6510.98,,1313β01
ΡΩΛΚ4690ΒΩ-Σ9Η,2025-10-20,ΠΡΟΜΗΘΕΙΑ ΟΡΘΟΠΕΔΙΚΟΥ ΥΛΙΚΟΥ ΜΕ ΣΥΜΒΑΣΗ (ΣΥΜΒ 464 /2024) ΓΙΑ ΤΟ ΜΗΝΑ ΣΕΠΤΕΜΒΡΙΟ 2024 ΑΠΑΞ ΠΑΡΑΓΓΕΛΙΑΣ ΣΥΜΦΩΝΑ ΜΕ ΤΙΣ ΔΙΑΤΑΞΕΙΣ ΤΟΥ Ν.5216/2025 αρθ.44 (ΦΕΚ 118/ τ.Α΄/07/07/2025),998465266,ΙΑΤΡΟΤΕΧΝΟΛΟΓΙΚΑ PS TEAM ΕΤΑΙΡΙΑ ΠΕΡΙΟΡΙΣΜΕΝΗΣ ΕΥΘΥΝΗΣ,15393.68,,1313β01
ΡΓΡΓ4690ΒΩ-ΓΜΓ,2025-10-20,"ΠΡΟΜΗΘΕΙΑ ΠΡΟΪΟΝΤΩΝ ΚΑΘΑΡΙΣΜΟΥ ΜΕ ΣΥΜΒΑΣΗ ΤΟΥΣ ΜΗΝΕΣ ΣΕΠΤΕΜΒΡΙΟΣ 2024, ΟΚΤΟΒΡΙΟΣ 2024 ,ΔΕΚΕΜΒΡΙΟΣ 2024( ΧΕ 2989/2024 ,ΣΥΜΒ.505/2023)",093471463,ΧΗΜΙΚΑ ΠΡΟΙΟΝΤΑ ΑΠΟΡΡΥΠΑΝΤΙΚΑ Δ ΠΑΠΑΜΙΧΑΗΛ ΚΑΙ ΣΙΑ ΕΕ,917.25,,1381β01
9Π3Ζ4690ΒΩ-3ΝΤ,2025-10-20,ΠΡΟΜΗΘΕΙΑ ΥΓΕΙΟΝΟΜΙΚΟΥ ΥΛΙΚΟΥ (ΑΝΑΛΩΣΙΜΑ ΥΛΙΚΑ ΧΕΙΡΟΥΡΓΕΙΟΥ) ΧΩΡΙΣ ΣΥΜΒΑΣΗ ΜΕ ΑΠΟΦΑΣΗ ΔΣ 24/22-52024(Θ.9ο) ΤΟΝ ΜΗΝΑ ΙΟΥΝΙΟ 2024 ΣΥΜΦΩΝΑ ΜΕ ΤΙΣ ΔΙΑΤΑΞΕΙΣ ΤΟΥ Ν. 5161/2024 αρθ.14 (ΦΕΚ 196/τ. Α΄/29-11-2024,094007897,ΚΟΠΕΡ ΦΑΡΜΑΚΟΒΙΟΜΗΧΑΝΙΑΑΝΩΝΥΜΗ ΕΤΑΙΡΕΙΑ,1934.4,,1311β01
6ΙΞΔ4690ΒΩ-ΨΦΘ,2025-10-20,ΠΡΟΜΗΘΕΙΑ ΕΙΔΩΝ ΚΑΘΑΡΙΟΤΗΤΑΣ ΜΕ ΣΥΜΒΑΣΗ ΤΟΥΣ ΜΗΝΑ ΝΟΕΜΒΡΙΟ 2024 ( ΧΕ 2722 /24 ΣΥΜΒ.584/2023) ΣΥΜΦΩΝΑ ΜΕ ΤΙΣ ΔΙΑΤΑΞΕΙΣ ΤΟΥ Ν.5216/2025 αρθ.44 (ΦΕΚ 118/ τ.Α΄/07/07/2025),999685389,ΠΕΤΡΟΣ ΧΑΡ ΚΟΣΜΙΔΗΣ ΚΑΙ ΣΙΑ ΕΕ,2741.34,,1381β01
ΨΤΜΠ4690ΒΩ-ΔΦΡ,2025-10-20,ΤΑΚΤΙΚΕΣ ΑΠΟΔΟΧΕΣ -  ΕΦΗΜΕΡΙΕΣ ΙΟΥΛΙΟΥ 2025  ΜΕ ΕΚΔΟΣΗ Α.Π.Υ. ΓΙΑ ΤΗΝ ΚΑΛΥΨΗ ΕΠΙΤΑΚΤΙΚΩΝ ΑΝΑΓΚΩΝ  ΠΡΩΙΝΟΥ ΤΑΚΤΙΚΟΥ ΩΡΑΡΙΟΥ ΓΙΑ ΔΩΔΕΚΑ ΜΗΝΕΣ (18/10/2024 ΕΩΣ 17/10/2025) ΣΤΟ ΧΕΙΡΟΥΡΓΙΚΟ ΤΜΗΜΑ,061977768,"ΜΑΡΑΒΕΓΙΑΣ,,ΚΩΝΣΤΑΝΤΙΝΟΣ,ΑΡΙΣΤΟΤΕΛΗΣ",1676.27,,0413α01
ΨΘ9Ρ4690ΒΩ-4Ψ7,2025-10-17,ΠΡΟΜΗΘΕΙΑ ΟΡΘΟΠΕΔΙΚΟΥ ΥΛΙΚΟΥ ΜΕ ΣΥΜΒΑΣΗ ΤΟΝ ΜΗΝΑ ΟΚΤΩΒΡΙΟ 2024 (ΣΥΜΒ.553/2024) ΑΠΑΞ ΠΑΡΑΓΓΕΛΙΑ ΣΥΜΦΩΝΑ ΜΕ ΤΙΣ ΔΙΑΤΑΞΕΙΣ ΤΟΥ Ν. 5161/2024 αρθ.14 (ΦΕΚ 196/τ. Α΄/29-11-2024,094437885,ΖΙΜΜΕR ΒΙΟΜΕΤ ΕΛΛΑΣ ΜΟΝΟΠΡΟΣΩΠΗ ΑΝΩΝΥΜΗ ΕΜΠΟΡΙΚΗ ΚΑΙ ΒΙΟΜΗΧΑΝΙΚΗ ΕΤΑΙΡΕΙΑ ΙΑΤΡΙΚΩΝ ΚΑΙ ΦΑΡΜΑΚΕΥΤΙΚΩΝ ΕΙΔΩΝ,3993.47,,1313β01
Ψ1ΧΔ4690ΒΩ-4Τ5,2025-10-17,ΠΡΟΜΗΘΕΙΑ ΟΡΘΟΠΕΔΙΚΟΥ ΥΛΙΚΟΥ ΜΕ ΣΥΜΒΑΣΗ ΤΟΝ ΜΗΝΑ ΟΚΤΩΒΡΙΟ 2024 (ΣΥΜΒ.543/2024) ΑΠΑΞ ΠΑΡΑΓΓΕΛΙΑ ΣΥΜΦΩΝΑ ΜΕ ΤΙΣ ΔΙΑΤΑΞΕΙΣ ΤΟΥ Ν. 5161/2024 αρθ.14 (ΦΕΚ 196/τ. Α΄/29-11-2024,094437885,ΖΙΜΜΕR ΒΙΟΜΕΤ ΕΛΛΑΣ ΜΟΝΟΠΡΟΣΩΠΗ ΑΝΩΝΥΜΗ ΕΜΠΟΡΙΚΗ ΚΑΙ ΒΙΟΜΗΧΑΝΙΚΗ ΕΤΑΙΡΕΙΑ ΙΑΤΡΙΚΩΝ ΚΑΙ ΦΑΡΜΑΚΕΥΤΙΚΩΝ ΕΙΔΩΝ,3958.53,,1313β01
6ΥΝ74690ΒΩ-ΘΦΝ,2025-10-17,ΠΡΟΜΗΘΕΙΑ ΟΡΘΟΠΕΔΙΚΟΥ ΥΛΙΚΟΥ ΜΕ ΣΥΜΒΑΣΗ ΤΟΝ ΜΗΝΑ ΣΕΠΤΕΜΒΡΙΟ 2024 (ΣΥΜΒ.460/2024) ΑΠΑΞ ΠΑΡΑΓΓΕΛΙΑ ΣΥΜΦΩΝΑ ΜΕ ΤΙΣ ΔΙΑΤΑΞΕΙΣ ΤΟΥ Ν. 5161/2024 αρθ.14 (ΦΕΚ 196/τ. Α΄/29-11-2024,094437885,ΖΙΜΜΕR ΒΙΟΜΕΤ ΕΛΛΑΣ ΜΟΝΟΠΡΟΣΩΠΗ ΑΝΩΝΥΜΗ ΕΜΠΟΡΙΚΗ ΚΑΙ ΒΙΟΜΗΧΑΝΙΚΗ ΕΤΑΙΡΕΙΑ ΙΑΤΡΙΚΩΝ ΚΑΙ ΦΑΡΜΑΚΕΥΤΙΚΩΝ ΕΙΔΩΝ,3866.23,,1313β01
Ψ63Ψ4690ΒΩ-25Δ,2025-10-17,"ΠΡΟΜΗΘΕΙΑ ΤΡΑΠΕΖΙΚΩΝ ΕΡΓΑΣΙΩΝ ΓΙΑ ΕΞΕΡΧΟΜΕΝΕΣ ΜΕΤΑΦΟΡΕΣ ΠΙΣΤΩΣΕΩΝ ΣΕ ΤΡΑΠΕΖΕΣ ΤΟΥ ΕΞΩΤΕΡΙΚΟΥ (ΧΕ 1994,1995,1996,1998/2025",094014250,EUROBANK ERGASIAS ΥΠΗΡΕΣΙΩΝ ΚΑΙ ΣΥΜΜΕΤΟΧΩΝ ΑΝΩΝΥΜΗ ΕΤΑΙΡΕΙΑ,4.0,,0431α01
ΨΗ424690ΒΩ-Η2Θ,2025-10-17,"ΠΡΟΜΗΘΕΙΑ ΦΑΡΜΑΚΕΥΤΙΚΟΥ ΥΛΙΚΟΥ ΜΗΝΩΝ ΑΠΡΙΛΙΟΥ, ΜΑΪΟΥ, ΙΟΥΛΙΟΥ, ΣΕΠΤΕΜΒΡΙΟΥ 2023, ΝΟΕΜΒΡΙΟΥ 2024 & ΜΑΪΟΥ 2025, ΣΥΜΦΩΝΑ ΜΕ ΤΙΣ ΔΙΑΤΑΞΕΙΣ ΤΟΥ Ν.5216/2025 αρθ.44 (ΦΕΚ 118/ τ.Α΄/07/07/2025) ΝΟΣ",800373365,LERIVA PHARMA ΑΝΩΝΥΜΟΣ ΕΤΑΙΡΕΙΑ,15103.39,,1312β01
Ψ8ΛΥ4690ΒΩ-ΣΒ3,2025-10-17,"ΠΡΟΜ.ΕΙΔ.ΣΥΝΤ-ΕΠΙΣΚΕΥΗΣ ΛΟΙΠΩΝ ΜΟΝΙΜΩΝ ΕΓΚ/ΩΝ (ΛΑΜΠΕΣ, ΜΠΑΑΤΡΙΕΣ, ΜΟΤΕΡ) ΜΗΝΩΝ ΟΚΤΩΒΡΙΟΥ, ΝΟΕΜΒΡΙΟΥ & ΔΕΚΕΜΒΡΙΟΥ 2024, ΧΩΡΙΣ ΣΥΜΒΑΣΗ, ΜΕ ΑΠΟΦΑΣΗ ΔΣ 42/19-9-24 Θ.4 & ΑΠΟΦΑΣΗ ΔΙΟΙΚΗΤΗ 580/24 (ΑΠΟΦΑΣΗ ΔΣ 1/27-3-25 Θ.1 ΓΙΑ ΤΗ EΠΙΚΥΡΩΣΗ ΑΠΟΦΑΣΕΩΝ ΔΙΟΙΚΗΤΗ ΕΤΟΥΣ 2024), ΣΥΜΦΩΝΑ ΜΕ ΤΙΣ ΔΙΑΤΑΞΕΙΣ ΤΟΥ Ν.5216/2025 αρθ.44 (ΦΕΚ 118/ τ.Α΄/07/07/2025)ΝΟΣ",802163799,ELECTROSTORM K ΣΙΑ Ε Ε,3791.99,,1429β01
61ΩΓ4690ΒΩ-9ΚΓ,2025-10-17,"ΠΡΟΜΗΘΕΙΑ ΥΓΕΙΟΝΟΜΙΚΟΥ ΥΛΙΚΟΥ (ΒΑΜΒΑΚΟΦΟΡΟΙ ΣΤΥΛΕΟΙ, ΛΑΜΕΣ ΜΕ ΠΛΑΣΤΙΚΗ ΛΑΒΗ, ΠΩΜΑΤΑ ΦΛΕΒΟΚΑΘΕΤΗΡΩΝ, ΜΠΛΟΥΖΕΣ), ΜΗΝΩΝ ΣΕΠΤΕΜΒΡΙΟΥ, ΟΚΤΩΒΡΙΟΥ, ΝΟΕΜΒΡΙΟΥ & ΔΕΚΕΜΒΡΙΟΥ 2024, ΧΩΡΙΣ ΣΥΜΒΑΣΗ, ΜΕ ΑΠΟΦΑΣΕΙΣ ΔΣ 11/7-3-24 Θ.16, 4/31-1-24 Θ.7, 37/2-9-24 Θ.2, 45/27-9-24 Θ.33 & Θ.41 & ΑΠΟΦΑΣΗ ΔΙΟΙΚΗΤΗ 606/24 (ΑΠΟΦΑΣΗ ΔΣ 1/27-3-25 Θ.1 ΓΙΑ ΤΗ EΠΙΚΥΡΩΣΗ ΑΠΟΦΑΣΕΩΝ ΔΙΟΙΚΗΤΗ ΕΤΟΥΣ 2024), ΣΥΜΦΩΝΑ ΜΕ ΤΙΣ ΔΙΑΤΑΞΕΙΣ ΤΟΥ Ν.5216/2025 αρθ.44 (ΦΕΚ 118/ τ.Α΄/07/07/2025) ΝΟΣ",099370337,VIOLAK INTERNATIONAL ΝΟΣΟΚΟΜΕΙΑΚΟΥ ΕΞΟΠΛΙΣΜΟΥ ΑΝΩΝΥΜΗ ΕΜΠΟΡΙΚΗ ΕΤΑΙΡΕΙΑ,5006.5,,1311β01
96484690ΒΩ-Η2Η,2025-10-17,: ΠΡΟΜΗΘΕΙΑ ΟΡΘΟΠΕΔΙΚΟΥ ΥΛΙΚΟΥ ΜΕ ΣΥΜΒΑΣΗ ΤΟΝ ΜΗΝΑ ΟΚΤΩΒΡΙΟ 2024 (ΣΥΜΒ.542/2024) ΑΠΑΞ ΠΑΡΑΓΓΕΛΙΑ ΣΥΜΦΩΝΑ ΜΕ ΤΙΣ ΔΙΑΤΑΞΕΙΣ ΤΟΥ Ν. 5161/2024 αρθ.14 (ΦΕΚ 196/τ. Α΄/29-11-2024,094437885,ΖΙΜΜΕR ΒΙΟΜΕΤ ΕΛΛΑΣ ΜΟΝΟΠΡΟΣΩΠΗ ΑΝΩΝΥΜΗ ΕΜΠΟΡΙΚΗ ΚΑΙ ΒΙΟΜΗΧΑΝΙΚΗ ΕΤΑΙΡΕΙΑ ΙΑΤΡΙΚΩΝ ΚΑΙ ΦΑΡΜΑΚΕΥΤΙΚΩΝ ΕΙΔΩΝ,2893.93,,1313β01
ΨΚΗΕ4690ΒΩ-ΔΘΣ,2025-10-16,ΠΡΟΜΗΘΕΙΑ ΟΡΘΟΠΕΔΙΚΟΥ ΥΛΙΚΟΥ ΜΕ ΣΥΜΒΑΣΗ ΤΟΝ ΜΗΝΑ ΙΟΥΝΙΟ 2024 (ΣΥΜΒ. 278/2024) ΑΠΑΞ ΠΑΡΑΓΓΕΛΙΑ ΣΥΜΦΩΝΑ ΜΕ ΤΙΣ ΔΙΑΤΑΞΕΙΣ ΤΟΥ Ν.5216/2025 αρθ.44 (ΦΕΚ 118/ τ.Α΄/07/07/2025) ΔΙΚΑΙΟΛΟΓΗΤΙΚΑ : ΠΑΡΑΣΤΑΤΙΚΑ :4539,094007897,ΚΟΠΕΡ ΦΑΡΜΑΚΟΒΙΟΜΗΧΑΝΙΑΑΝΩΝΥΜΗ ΕΤΑΙΡΕΙΑ,5651.11,,1313β01
ΡΦΟΥ4690ΒΩ-Τ7Ζ,2025-10-16,ΠΡΟΜΗΘΕΙΑ ΕΙΔΩΝ ΣΥΝΤΗΡΗΣΗΣ(ΔΙΑΦΟΡΑ  ΑΝΤΑΛΛΑΚΤΙΚΑ) ΜΕ ΣΥΜΒΑΣΗ ΤΟΝ ΜΗΝΑ ΔΕΚΕΜΒΡΙΟ 2024 (ΣΘΥΜΒ. 576/2024 ΧΕ 501/2025) ΣΥΜΦΩΝΑ ΜΕ ΤΙΣ ΔΙΑΤΑΞΕΙΣ ΤΟΥ Ν. 5216/2025 αρθ.44 (ΦΕΚ 118 /τ. Α'/ 07-07-2025,092930963,ΚΕΠΑ ΑΝΩΝΥΜΗ ΒΙΟΤΕΧΝΙΚΗ ΕΜΠΟΡΙΚΗ ΕΤΑΙΡΕΙΑ,9307.44,,1429β01
68ΨΖ4690ΒΩ-ΗΧΠ,2025-10-16,ΠΡΟΜΗΘΕΙΑ  ΟΡΘΟΠΕΔΙΚΟΥ ΥΛΙΚΟΥ  ΠΡΟΣΘΕΤΩΝ ΓΙΑ ΤΟΝ ΜΗΝΑ ΑΠΡΙΛΙΟ 2024 ΜΕ ΣΥΜΒΑΣΗ (ΣΥΜΒ.113/24 ) ΑΠΑΞ ΠΑΡΑΓΓΕΛΙΑΣ ΜΕ ΤΙΣ ΔΙΑΤΑΞΕΙΣ ΤΟΥ Ν.5216/2025 αρθ.44  (ΦΕΚ 118/ τ.Α΄/07/07/2025) ΔΙΚΑΙΟΛΟΓΗΤΙΚΑ : ΠΑΡΑΣΤΑΤΙΚΑ :2734,094007897,ΚΟΠΕΡ ΦΑΡΜΑΚΟΒΙΟΜΗΧΑΝΙΑΑΝΩΝΥΜΗ ΕΤΑΙΡΕΙΑ,3037.44,,1313β01
9ΖΓΕ4690ΒΩ-ΓΧ5,2025-10-16,ΡΟΜΗΘΕΙΑ  ΟΡΘΟΠΕΔΙΚΟΥ ΥΛΙΚΟΥ ΓΙΑ ΤΟΝ ΜΗΝΑ ΑΥΓΟΥΣΤΟ 2024 ΜΕ ΣΥΜΒΑΣΗ (ΣΥΜΒ.355/24 ) ΑΠΑΞ ΠΑΡΑΓΓΕΛΙΑΣ ΜΕ ΤΙΣ ΔΙΑΤΑΞΕΙΣ ΤΟΥ Ν.5216/2025 αρθ.44  (ΦΕΚ 118/ τ.Α΄/07/07/2025),094007897,ΚΟΠΕΡ ΦΑΡΜΑΚΟΒΙΟΜΗΧΑΝΙΑΑΝΩΝΥΜΗ ΕΤΑΙΡΕΙΑ,5982.22,,1313β01
9Μ4Π4690ΒΩ-ΔΩ6,2025-10-16,: ΠΡΟΜΗΘΕΙΑ  ΟΡΘΟΠΕΔΙΚΟΥ ΥΛΙΚΟΥ  ΠΡΟΣΘΕΤΩΝ ΓΙΑ ΤΟΝ ΜΗΝΑ ΑΥΓΟΥΣΤΟ  2024 ΜΕ ΣΥΜΒΑΣΗ (ΣΥΜΒ.356/24 ) ΑΠΑΞ ΠΑΡΑΓΓΕΛΙΑΣ ΜΕ ΤΙΣ ΔΙΑΤΑΞΕΙΣ ΤΟΥ Ν.5216/2025 αρθ.44  (ΦΕΚ 118/ τ.Α΄/07/07/2025),094007897,ΚΟΠΕΡ ΦΑΡΜΑΚΟΒΙΟΜΗΧΑΝΙΑΑΝΩΝΥΜΗ ΕΤΑΙΡΕΙΑ,4866.55,,1313β01
6ΦΗΒ4690ΒΩ-ΙΣΡ,2025-10-16,: ΠΡΟΜΗΘΕΙΑ ΟΡΘΟΠΕΔΙΚΟΥ ΥΛΙΚΟΥ ΜΕ ΣΥΜΒΑΣΗ ΤΟΝ ΜΗΝΑ ΙΟΥΝΙΟ 2024 (ΣΥΜΒ. 280/2024) ΑΠΑΞ ΠΑΡΑΓΓΕΛΙΑ ΣΥΜΦΩΝΑ ΜΕ ΤΙΣ ΔΙΑΤΑΞΕΙΣ ΤΟΥ Ν.5216/2025 αρθ.44 (ΦΕΚ 118/ τ.Α΄/07/07/2025),094007897,ΚΟΠΕΡ ΦΑΡΜΑΚΟΒΙΟΜΗΧΑΝΙΑΑΝΩΝΥΜΗ ΕΤΑΙΡΕΙΑ,3774.36,,1313β01
60ΝΠ4690ΒΩ-7ΔΛ,2025-10-16,ΠΡΟΜΗΘΕΙΑ ΟΡΘΟΠΕΔΙΚΟΥ ΥΛΙΚΟΥ ΜΕ ΣΥΜΒΑΣΗ ΤΟΝ ΜΗΝΑ ΙΟΥΝΙΟ 2024 (ΣΥΜΒ. 316/2024) ΑΠΑΞ ΠΑΡΑΓΓΕΛΙΑ ΣΥΜΦΩΝΑ ΜΕ ΤΙΣ ΔΙΑΤΑΞΕΙΣ ΤΟΥ Ν.5216/2025 αρθ.44 (ΦΕΚ 118/ τ.Α΄/07/07/2025),094007897,ΚΟΠΕΡ ΦΑΡΜΑΚΟΒΙΟΜΗΧΑΝΙΑΑΝΩΝΥΜΗ ΕΤΑΙΡΕΙΑ,3278.29,,1313β01
9ΒΔΦ4690ΒΩ-58Ρ,2025-10-16,: ΠΡΟΜΗΘΕΙΑ ΟΡΘΟΠΕΔΙΚΟΥ ΥΛΙΚΟΥ ΜΕ ΣΥΜΒΑΣΗ ΤΟΝ ΜΗΝΑ ΙΟΥΝΙΟ 2024 (ΣΥΜΒ. 317/2024) ΑΠΑΞ ΠΑΡΑΓΓΕΛΙΑ ΣΥΜΦΩΝΑ ΜΕ ΤΙΣ ΔΙΑΤΑΞΕΙΣ ΤΟΥ Ν.5216/2025 αρθ.44 (ΦΕΚ 118/ τ.Α΄/07/07/2025),094007897,ΚΟΠΕΡ ΦΑΡΜΑΚΟΒΙΟΜΗΧΑΝΙΑΑΝΩΝΥΜΗ ΕΤΑΙΡΕΙΑ,3037.44,,1313β01
9ΒΓΑ4690ΒΩ-Σ9Ω,2025-10-16,ΠΡΟΜΗΘΕΙΑ ΟΡΘΟΠΕΔΙΚΟΥ ΥΛΙΚΟΥ ΜΕ ΣΥΜΒΑΣΗ ΤΟΝ ΜΗΝΑ ΙΟΥΝΙΟ 2024 (ΣΥΜΒ. 277/2024) ΑΠΑΞ ΠΑΡΑΓΓΕΛΙΑ ΣΥΜΦΩΝΑ ΜΕ ΤΙΣ ΔΙΑΤΑΞΕΙΣ ΤΟΥ Ν.5216/2025 αρθ.44 (ΦΕΚ 118/ τ.Α΄/07/07/2025),094007897,ΚΟΠΕΡ ΦΑΡΜΑΚΟΒΙΟΜΗΧΑΝΙΑΑΝΩΝΥΜΗ ΕΤΑΙΡΕΙΑ,6086.68,,1313β01
6ΔΥΔ4690ΒΩ-9ΕΦ,2025-10-16,ΠΡΟΜΗΘΕΙΑ ΟΡΘΟΠΕΔΙΚΟΥ ΥΛΙΚΟΥ ΠΡΟΣΘΕΤΩΝ ΓΙΑ ΤΟΝ ΜΗΝΑ ΑΠΡΙΛΙΟ 2024 ΜΕ ΣΥΜΒΑΣΗ (ΣΥΜΒ.689/23 ) ΑΠΑΞ ΠΑΡΑΓΓΕΛΙΑΣ ΜΕ ΤΙΣ ΔΙΑΤΑΞΕΙΣ ΤΟΥ Ν.5216/2025 αρθ.44 (ΦΕΚ 118/ τ.Α΄/07/07/2025),094007897,ΚΟΠΕΡ ΦΑΡΜΑΚΟΒΙΟΜΗΧΑΝΙΑΑΝΩΝΥΜΗ ΕΤΑΙΡΕΙΑ,4976.52,,1313β01
ΨΤΨΘ4690ΒΩ-Υ41,2025-10-16,ΠΡΟΜΗΘΕΙΑ ΟΡΘΟΠΕΔΙΚΟΥ ΥΛΙΚΟΥ ΜΕ ΣΥΜΒΑΣΗ ΤΟΝ ΜΗΝΑ ΙΟΥΝΙΟ 2024 (ΣΥΜΒ. 282/2024) ΑΠΑΞ ΠΑΡΑΓΓΕΛΙΑ ΣΥΜΦΩΝΑ ΜΕ ΤΙΣ ΔΙΑΤΑΞΕΙΣ ΤΟΥ Ν.5216/2025 αρθ.44 (ΦΕΚ 118/ τ.Α΄/07/07/2025),094007897,ΚΟΠΕΡ ΦΑΡΜΑΚΟΒΙΟΜΗΧΑΝΙΑΑΝΩΝΥΜΗ ΕΤΑΙΡΕΙΑ,3264.04,,1313β01
91ΙΞ4690ΒΩ-ΛΩ2,2025-10-16,ΠΡΟΜΗΘΕΙΑ ΟΡΘΟΠΕΔΙΚΟΥ ΥΛΙΚΟΥ ΠΡΟΣΘΕΤΩΝ ΓΙΑ ΤΟΝ ΜΗΝΑ ΑΥΓΟΥΣΤΟ 2024 ΜΕ ΣΥΜΒΑΣΗ (ΣΥΜΒ.354/24 ) ΑΠΑΞ ΠΑΡΑΓΓΕΛΙΑΣ ΜΕ ΤΙΣ ΔΙΑΤΑΞΕΙΣ ΤΟΥ Ν.5216/2025 αρθ.44 (ΦΕΚ 118/ τ.Α΄/07/07/2025),094007897,ΚΟΠΕΡ ΦΑΡΜΑΚΟΒΙΟΜΗΧΑΝΙΑΑΝΩΝΥΜΗ ΕΤΑΙΡΕΙΑ,6474.51,,1311β01
6Μ0Ι4690ΒΩ-2ΝΧ,2025-10-16,: ΠΡΟΜΗΘΕΙΑ ΟΡΘΟΠΕΔΙΚΟΥ ΥΛΙΚΟΥ ΜΕ ΣΥΜΒΑΣΗ ΤΟΝ ΜΗΝΑ ΙΟΥΝΙΟ 2024 (ΣΥΜΒ. 283/2024) ΑΠΑΞ ΠΑΡΑΓΓΕΛΙΑ ΣΥΜΦΩΝΑ ΜΕ ΤΙΣ ΔΙΑΤΑΞΕΙΣ ΤΟΥ Ν.5216/2025 αρθ.44 (ΦΕΚ 118/ τ.Α΄/07/07/2025),094007897,ΚΟΠΕΡ ΦΑΡΜΑΚΟΒΙΟΜΗΧΑΝΙΑΑΝΩΝΥΜΗ ΕΤΑΙΡΕΙΑ,4831.32,,1313β01
6ΔΦΟ4690ΒΩ-Β2Σ,2025-10-16,ΠΡΟΜΗΘΕΙΑ ΟΡΘΟΠΕΔΙΚΟΥ ΥΛΙΚΟΥ ΜΕ ΣΥΜΒΑΣΗ ΤΟΝ ΜΗΝΑ ΙΟΥΝΙΟ 2024 (ΣΥΜΒ. 319/2024) ΑΠΑΞ ΠΑΡΑΓΓΕΛΙΑ ΣΥΜΦΩΝΑ ΜΕ ΤΙΣ ΔΙΑΤΑΞΕΙΣ ΤΟΥ Ν.5216/2025 αρθ.44 (ΦΕΚ 118/ τ.Α΄/07/07/2025),094007897,ΚΟΠΕΡ ΦΑΡΜΑΚΟΒΙΟΜΗΧΑΝΙΑΑΝΩΝΥΜΗ ΕΤΑΙΡΕΙΑ,3314.32,,1313β01
97Β84690ΒΩ-16Μ,2025-10-16,"ΚΟΙΝΟΧΡΗΣΤΑ ΔΙΑΜΕΡΙΣΜΑΤΟΣ Β1 ΕΠΙ ΤΗΣ ΣΕΦΕΛ 1 - ΙΑΣΟΝΟΣ ΞΕΝΩΝΑ ""ΦΙΛΥΡΑ"" ΙΔΙΟΚΤΗΣΙΑΣ ΓΝΒ ΓΙΑ ΤΟΝ ΜΗΝΑ ΑΥΓΟΥΣΤΟ 2025",020724195,"ΝΤΑΓΟΥΛΟΥΔΗΣ,,ΣΙΔΕΡΗΣ,ΜΙΧΑΗΛ",39.0,,0813α06
9ΗΝ04690ΒΩ-5ΗΡ,2025-10-16,ΔΙΑΦΗΜΙΣΕΙΣ- ΔΗΜΟΣΙΕΥΣΕΙΣ ΠΡΟΚΗΡΥΞΕΩΝ ΔΙΑΓΩΝΙΣΜΩΝ ΝΟΣΟΚΟΜΕΙΟΥ ΓΙΑ ΤΟ ΜΗΝΑ ΣΕΠΤΕΜΒΡΙΟ 2025,801818159,ΜΟΝΟΤΥΠΙΑ ΜΟΝΟΠΡΟΣΩΠΗ Ι Κ Ε,809.72,,0851α01
9ΓΣ04690ΒΩ-ΚΜΦ,2025-10-16,ΔΙΑΦΗΜΙΣΕΙΣ- ΔΗΜΟΣΙΕΥΣΕΙΣ ΠΡΟΚΗΡΥΞΕΩΝ ΔΙΑΓΩΝΙΣΜΩΝ ΝΟΣΟΚΟΜΕΙΟΥ ΓΙΑ ΤΟ ΜΗΝΑ ΣΕΠΤΕΜΒΡΙΟ 2025,130456160,"ΚΑΡΕΚΛΙΔΗΣ,,ΑΡΧΙΜΗΔΗΣ,ΓΕΩΡΓΙΟΣ",545.6,,0851α01
ΡΠ944690ΒΩ-490,2025-10-16,ΔΙΑΦΗΜΙΣΕΙΣ- ΔΗΜΟΣΙΕΥΣΕΙΣ ΠΡΟΚΗΡΥΞΕΩΝ ΔΙΑΓΩΝΙΣΜΩΝ ΝΟΣΟΚΟΜΕΙΟΥ ΓΙΑ ΤΟ ΜΗΝΑ ΣΕΠΤΕΜΒΡΙΟ 2025,047057290,"ΤΣΙΝΤΣΙΝΗ,,ΠΑΡΑΣΚΕΥΗ,ΓΕΩΡΓΙΟΣ",331.08,,0851α01
ΨΘΑ44690ΒΩ-ΧΟΣ,2025-10-16,ΠΡΟΜΗΘΕΙΑ ΟΡΘΟΠΕΔΙΚΟΥ ΥΛΙΚΟΥ ΜΕ ΣΥΜΒΑΣΗ ΤΟΝ ΜΗΝΑ ΣΕΠΤΕΜΒΡΙΟ 2024 (ΣΥΜΒ.554/2024) ΑΠΑΞ ΠΑΡΑΓΓΕΛΙΑ ΣΥΜΦΩΝΑ ΜΕ ΤΙΣΔΙΑΤΑΞΕΙΣ ΤΟΥ Ν. 5161/2024 αρθ.14 (ΦΕΚ 196/τ. Α΄/29-11-2024,999307110,ΚΑΛΤΕΚ ΕΜΠΟΡΙΑ ΙΑΤΡΙΚΩΝ ΕΙΔΩΝ ΠΡΟΙΟΝΤΩΝ ΚΑΙ ΜΗΧΑΝΗΜΑΤΩΝ ΜΟΝΟΠΡΟΣΩΠΗ ΑΝΩΝΥΜΗ ΕΤΑΙΡΙΑ,6282.8,,1313β01
ΨΤ1Ξ4690ΒΩ-ΚΡΑ,2025-10-16,ΠΡΟΜΗΘΕΙΑ ΟΡΘΟΠΕΔΙΚΟΥ ΥΛΙΚΟΥ ΜΕ ΣΥΜΒΑΣΗ ΤΟΝ ΜΗΝΑ ΙΟΥΝΙΟ 2024 (ΣΥΜΒ. 281/2024) ΑΠΑΞ ΠΑΡΑΓΓΕΛΙΑ ΣΥΜΦΩΝΑ ΜΕ ΤΙΣ ΔΙΑΤΑΞΕΙΣ ΤΟΥ Ν.5216/2025 αρθ.44 (ΦΕΚ 118/ τ.Α΄/07/07/2025),094007897,ΚΟΠΕΡ ΦΑΡΜΑΚΟΒΙΟΜΗΧΑΝΙΑΑΝΩΝΥΜΗ ΕΤΑΙΡΕΙΑ,7193.47,,1313β01
ΨΜΞΠ4690ΒΩ-ΝΕ1,2025-10-16,ΠΡΟΜΗΘΕΙΑ ΟΡΘΟΠΕΔΙΚΟΥ ΥΛΙΚΟΥ ΜΕ ΣΥΜΒΑΣΗ ΤΟΝ ΜΗΝΑ ΙΟΥΝΙΟ 2024 (ΣΥΜΒ. 276/2024) ΑΠΑΞ ΠΑΡΑΓΓΕΛΙΑ ΣΥΜΦΩΝΑ ΜΕ ΤΙΣ ΔΙΑΤΑΞΕΙΣ ΤΟΥ Ν.5216/2025 αρθ.44 (ΦΕΚ 118/ τ.Α΄/07/07/2025),094007897,ΚΟΠΕΡ ΦΑΡΜΑΚΟΒΙΟΜΗΧΑΝΙΑΑΝΩΝΥΜΗ ΕΤΑΙΡΕΙΑ,4688.32,,1313β01
ΨΟΦΙ4690ΒΩ-ΘΡΕ,2025-10-16,ΠΡΟΜΗΘΕΙΑ ΟΡΘΟΠΕΔΙΚΟΥ ΥΛΙΚΟΥ ΜΕ ΣΥΜΒΑΣΗ ΤΟΝ ΜΗΝΑ ΣΕΠΤΕΜΒΡΙΟ 2024 (ΣΥΜΒ.467/2024) ΑΠΑΞ ΠΑΡΓΓΕΛΙΑ ΣΥΜΦΩΝΑ ΜΕ ΤΙΣ ΔΙΑΤΑΞΕΙΣ ΤΟΥ Ν. 5161/2024 αρθ.14 (ΦΕΚ 196/τ. Α΄/29-11-2024,998465266,ΙΑΤΡΟΤΕΧΝΟΛΟΓΙΚΑ PS TEAM ΕΤΑΙΡΙΑ ΠΕΡΙΟΡΙΣΜΕΝΗΣ ΕΥΘΥΝΗΣ,17506.78,,1313β01
ΨΑΩΚ4690ΒΩ-Ε8Ρ,2025-10-16,ΠΡΟΜΗΘΕΙΑ ΟΡΘΟΠΕΔΙΚΟΥ ΥΛΙΚΟΥ ΜΕ ΣΥΜΒΑΣΗ ΤΟΝ ΜΗΝΑ ΣΕΠΤΕΜΒΡΙΟ 2024 (ΣΥΜΒ.545/2024) ΑΠΑΞ ΠΑΡΓΓΕΛΙΑ ΣΥΜΦΩΝΑ ΜΕ ΤΙΣ ΔΙΑΤΑΞΕΙΣ ΤΟΥ Ν. 5161/2024 αρθ.14 (ΦΕΚ 196/τ. Α΄/29-11-2024,998465266,ΙΑΤΡΟΤΕΧΝΟΛΟΓΙΚΑ PS TEAM ΕΤΑΙΡΙΑ ΠΕΡΙΟΡΙΣΜΕΝΗΣ ΕΥΘΥΝΗΣ,14625.28,,1313β01
93ΤΩ4690ΒΩ-ΘΑΒ,2025-10-15,ΑΠΟΔΟΣΗ ΥΠΕΡ ΑΡΧΗΣ ΕΞΕΤΑΣΗΣ ΠΡΟΔΙΚΑΣΤΙΚΩΝ ΠΡΟΣΦΥΓΩΝ  ( ΑΕΠΠ) ΤΩΝ ΕΞΟΦΛΗΘΕΝΤΩΝ  ΧΕ ΤΟΝ ΜΗΝΑ ΣΕΠΤΕΜΒΡΙΟ 2025 (Φ100),090169674,ΥΠΟΥΡΓΕΙΟ ΔΙΚΑΙΟΣΥΝΗΣ,2.86,,3399α01
9ΚΜΝ4690ΒΩ-Φ39,2025-10-15,ΑΠΟΔΟΣΗ ΥΠΕΡ ΨΥΧΙΚΗΣ ΥΓΕΙΑΣ  ( Ν.3580 ) ΤΩΝ ΕΞΟΦΛΗΘΕΝΤΩΝ  ΧΕ ΤΟΝ ΜΗΝΑ ΣΕΠΤΕΜΒΡΙΟ 2025 (Φ100),099017070,ΥΠΟΥΡΓΕΙΟ ΥΓΕΙΑΣ ΠΡΟΝΟΙΑΣ,6583.29,,3391α01
Ψ7ΤΗ4690ΒΩ-Α7Θ,2025-10-15,"ΑΠΟΔΟΣΗ ΥΠΕΡ  ΔΗΜΟΣΙΟΥ (ΦΟΡΟΣ 4%,8%) ΤΩΝ ΕΞΟΦΛΗΘΕΝΤΩΝ  ΧΕ ΤΟΝ ΜΗΝΑ ΣΕΠΤΕΜΒΡΙΟ 2025 (Φ100)",090165560,ΥΠΟΥΡΓΕΙΟ ΟΙΚΟΝΟΜΙΚΩΝ ΓΕΝΙΚΗ   ΔIEYΘΥΝΣΗ  Δ ΚΗΣΥΠ ΞΗΣ Δ ΟΙΚ,21626.06,,3391α06
9Ν4Ε4690ΒΩ-744,2025-10-15,: ΑΠΟΔΟΣΗ ΥΠΕΡ ΔΗΜΟΣΙΟΥ (ΧΑΡΤ&ΟΓΑ ΧΑΡΤ ) ΤΩΝ ΕΞΟΦΛΗΘΕΝΤΩΝ  ΧΕ ΤΟΝ ΜΗΝΑ ΣΕΠΤΕΜΒΡΙΟ 2025 (Φ100),090165560,ΥΠΟΥΡΓΕΙΟ ΟΙΚΟΝΟΜΙΚΩΝ ΓΕΝΙΚΗ   ΔIEYΘΥΝΣΗ  Δ ΚΗΣΥΠ ΞΗΣ Δ ΟΙΚ,67.55,,3391α01
6ΤΖΞ4690ΒΩ-ΝΥ1,2025-10-15,: ΑΠΟΔΟΣΗ ΥΠΕΡ ( ΦΟΡΟΣ 15% ) ΤΩΝ ΕΞΟΦΛΗΘΕΝΤΩΝ  ΧΕ ΤΟΝ ΜΗΝΑ ΣΕΠΤΕΜΒΡΙΟ 2025 (Φ100),090165560,ΥΠΟΥΡΓΕΙΟ ΟΙΚΟΝΟΜΙΚΩΝ ΓΕΝΙΚΗ   ΔIEYΘΥΝΣΗ  Δ ΚΗΣΥΠ ΞΗΣ Δ ΟΙΚ,235.44,,3391α01
9ΚΟΝ4690ΒΩ-2ΜΗ,2025-10-15,ΑΠΟΔΟΣΗ ΥΠΕΡ  ( ΕΦΚΑ ) ΤΩΝ ΕΞΟΦΛΗΘΕΝΤΩΝ  ΧΕ ΤΟΝ ΜΗΝΑ ΣΕΠΤΕΜΒΡΙΟ 2025 (Φ100),090003373,ΙΚΑ,262.08,,3371α01
Ψ6Γ34690ΒΩ-ΠΘΙ,2025-10-15,ΑΠΟΔΟΣΗ ΥΠΕΡ ( Μ.Τ.Π.Υ ) ΤΩΝ ΕΞΟΦΛΗΘΕΝΤΩΝ  ΧΕ ΤΟΝ ΜΗΝΑ ΣΕΠΤΕΜΒΡΙΟ 2025 (Φ100),090016713,ΜΕΤΟΧΙΚΟ ΤΑΜΕΙΟ ΠΟΛΙΤΙΚΩΝ ΥΠΑΛΛΗΛΩΝ,57.6,,3311α01
6ΦΑΙ4690ΒΩ-Θ1Μ,2025-10-15,ΑΠΟΔΟΣΗ ΥΠΕΡ ( Ε.Α.Α.Δ.Η.Σ.Υ ) ΤΩΝ ΕΞΟΦΛΗΘΕΝΤΩΝ  ΧΕ ΤΟΝ ΜΗΝΑ ΣΕΠΤΕΜΒΡΙΟ 2025 (Φ100),090166291,ΥΠΟΥΡΓΕΙΟ ΑΝΑΠΤΥΞΗΣ,328.17,,3399α01
6Η754690ΒΩ-ΧΛ4,2025-10-15,ΑΠΟΔΟΣΗ ΥΠΕΡ ΔΗΜΟΣΙΟΥ  ( ΦΟΡΟΣ 20% ) ΤΩΝ ΕΞΟΦΛΗΘΕΝΤΩΝ  ΧΕ ΤΟΝ ΜΗΝΑ ΣΕΠΤΕΜΒΡΙΟ 2025 (Φ100),090165560,ΥΠΟΥΡΓΕΙΟ ΟΙΚΟΝΟΜΙΚΩΝ ΓΕΝΙΚΗ   ΔIEYΘΥΝΣΗ  Δ ΚΗΣΥΠ ΞΗΣ Δ ΟΙΚ,2111.78,,3391α01
ΨΠ624690ΒΩ-2Τ6,2025-10-14,ΠΡΟΜΗΘΕΙΑ ΟΡΘΟΠΕΔΙΚΟΥ ΥΛΙΚΟΥ ΠΡΟΣΘΕΤΩΝ ΓΙΑ ΤΟΝ ΜΗΝΑ ΑΠΡΙΛΙΟ 2024 ΜΕ ΣΥΜΒΑΣΗ (ΣΥΜΒ.213/24 ) ΑΠΑΞ ΠΑΡΑΓΓΕΛΙΑΣ ΜΕ ΤΙΣ ΔΙΑΤΑΞΕΙΣ ΤΟΥ Ν.5216/2025 αρθ.44 (ΦΕΚ 118/ τ.Α΄/07/07/2025),094007897,ΚΟΠΕΡ ΦΑΡΜΑΚΟΒΙΟΜΗΧΑΝΙΑΑΝΩΝΥΜΗ ΕΤΑΙΡΕΙΑ,4478.05,,1313β01
6ΞΥΠ4690ΒΩ-Π03,2025-10-14,ΠΡΟΜΗΘΕΙΑ ΟΡΘΟΠΕΔΙΚΟΥ ΥΛΙΚΟΥ ΜΕ ΣΥΜΒΑΣΗ ΤΟΝ ΜΗΝΑ ΙΟΥΝΙΟ 2024 (ΣΥΜΒ. 315/2024) ΑΠΑΞ ΠΑΡΑΓΓΕΛΙΑ ΣΥΜΦΩΝΑ ΜΕ ΤΙΣ ΔΙΑΤΑΞΕΙΣ ΤΟΥ Ν.5216/2025 αρθ.44 (ΦΕΚ 118/ τ.Α΄/07/07/2025),094007897,ΚΟΠΕΡ ΦΑΡΜΑΚΟΒΙΟΜΗΧΑΝΙΑΑΝΩΝΥΜΗ ΕΤΑΙΡΕΙΑ,3037.44,,1313β01
97ΛΛ4690ΒΩ-ΖΞ8,2025-10-14,ΠΡΟΜΗΘΕΙΑ ΟΡΘΟΠΕΔΙΚΟΥ ΥΛΙΚΟΥ ΜΕ ΣΥΜΒΑΣΗ ΤΟΝ ΜΗΝΑ ΙΟΥΝΙΟ 2024 (ΣΥΜΒ. 352/2024) ΑΠΑΞ ΠΑΡΑΓΓΕΛΙΑ ΣΥΜΦΩΝΑ ΜΕ ΤΙΣ ΔΙΑΤΑΞΕΙΣ ΤΟΥ Ν.5216/2025 αρθ.44 (ΦΕΚ 118/ τ.Α΄/07/07/2025),094007897,ΚΟΠΕΡ ΦΑΡΜΑΚΟΒΙΟΜΗΧΑΝΙΑΑΝΩΝΥΜΗ ΕΤΑΙΡΕΙΑ,3878.16,,1313β01
9ΡΑΜ4690ΒΩ-Μ6Γ,2025-10-14,ΠΡΟΜΗΘΕΙΑ ΟΡΘΟΠΕΔΙΚΟΥ ΥΛΙΚΟΥ ΜΕ ΣΥΜΒΑΣΗ ΤΟΝ ΜΗΝΑ ΑΠΡΙΛΙΟ 2024 (ΣΥΜΒ. 190/2024) ΑΠΑΞ ΠΑΡΑΓΓΕΛΙΑ ΣΥΜΦΩΝΑ ΜΕ ΤΙΣ ΔΙΑΤΑΞΕΙΣ ΤΟΥ Ν.5216/2025 αρθ.44 (ΦΕΚ 118/ τ.Α΄/07/07/2025),094007897,ΚΟΠΕΡ ΦΑΡΜΑΚΟΒΙΟΜΗΧΑΝΙΑΑΝΩΝΥΜΗ ΕΤΑΙΡΕΙΑ,3037.44,,1313β01
6ΣΦ54690ΒΩ-ΤΔΦ,2025-10-14,"ΥΠΗΡΕΣΙΕΣ ΚΑΘΑΡΙΣΜΟΥ ΑΠΟΧΕΤΕΥΣΕΩΝ ΤΟΥΣ ΜΗΝΕΣ ΣΕΠΤΕΜΡΒΙΟ,ΝΟΕΜΒΡΙΟ 2024 , ΙΑΝΟΥΑΡΙΟ 2025 (ΣΥΜΒ.17/2023 ΧΕ 2512/2024)",037779844,"ΠΑΛΗΚΑΡΑΣ,,ΒΑΣΙΛΕΙΟΣ,ΓΕΩΡΓΙΟΣ",250.0,,0844α01
6ΣΦ54690ΒΩ-ΤΔΦ,2025-10-14,"ΥΠΗΡΕΣΙΕΣ ΚΑΘΑΡΙΣΜΟΥ ΑΠΟΧΕΤΕΥΣΕΩΝ ΤΟΥΣ ΜΗΝΕΣ ΣΕΠΤΕΜΡΒΙΟ,ΝΟΕΜΒΡΙΟ 2024 , ΙΑΝΟΥΑΡΙΟ 2025 (ΣΥΜΒ.17/2023 ΧΕ 2512/2024)",037779844,"ΠΑΛΗΚΑΡΑΣ,,ΒΑΣΙΛΕΙΟΣ,ΓΕΩΡΓΙΟΣ",1150.0,,0844β01
ΨΜΘ04690ΒΩ-Μ1Ω,2025-10-14,ΠΡΟΜΗΘΕΙΑ ΟΡΘΟΠΕΔΙΚΟΥ ΥΛΙΚΟΥ ΜΕ ΣΥΜΒΑΣΗ ΤΟΝ ΜΗΝΑ ΙΟΥΝΙΟ 2024 (ΣΥΜΒ. 279/2024) ΑΠΑΞ ΠΑΡΑΓΓΕΛΙΑ ΣΥΜΦΩΝΑ ΜΕ ΤΙΣ ΔΙΑΤΑΞΕΙΣ ΤΟΥ Ν.5216/2025 αρθ.44 (ΦΕΚ 118/ τ.Α΄/07/07/2025),094007897,ΚΟΠΕΡ ΦΑΡΜΑΚΟΒΙΟΜΗΧΑΝΙΑΑΝΩΝΥΜΗ ΕΤΑΙΡΕΙΑ,5320.67,,1313β01
ΨΜΟ04690ΒΩ-ΗΡ2,2025-10-14,ΠΡΟΜΗΘΕΙΑ ΟΡΘΟΠΕΔΙΚΟΥ ΥΛΙΚΟΥ ΜΕ ΣΥΜΒΑΣΗ ΤΟΝ ΜΗΝΑ ΙΟΥΝΙΟ 2024 (ΣΥΜΒ. 317/2024) ΑΠΑΞ ΠΑΡΑΓΓΕΛΙΑ ΣΥΜΦΩΝΑ ΜΕ ΤΙΣ ΔΙΑΤΑΞΕΙΣ ΤΟΥ Ν.5216/2025 αρθ.44 (ΦΕΚ 118/ τ.Α΄/07/07/2025),094007897,ΚΟΠΕΡ ΦΑΡΜΑΚΟΒΙΟΜΗΧΑΝΙΑΑΝΩΝΥΜΗ ΕΤΑΙΡΕΙΑ,2983.2,,1313β01
ΨΙΦΟ4690ΒΩ-Υ0Υ,2025-10-14,ΠΡΟΜΗΘΕΙΑ ΟΡΘΟΠΕΔΙΚΟΥ ΥΛΙΚΟΥ ΜΕ ΣΥΜΒΑΣΗ ΤΟΝ ΜΗΝΑ ΑΠΡΙΛΙΟ 2024 (ΣΥΜΒ. 199/2024) ΑΠΑΞ ΠΑΡΑΓΓΕΛΙΑ ΣΥΜΦΩΝΑ ΜΕ ΤΙΣ ΔΙΑΤΑΞΕΙΣ ΤΟΥ Ν.5216/2025 αρθ.44 (ΦΕΚ 118/ τ.Α΄/07/07/2025),094007897,ΚΟΠΕΡ ΦΑΡΜΑΚΟΒΙΟΜΗΧΑΝΙΑΑΝΩΝΥΜΗ ΕΤΑΙΡΕΙΑ,3037.44,,1313β01
ΨΑΒ34690ΒΩ-ΠΞ4,2025-10-14,ΠΡΟΜΗΘΕΙΑ ΟΡΘΟΠΕΔΙΚΟΥ ΥΛΙΚΟΥ ΜΕ ΣΥΜΒΑΣΗ ΤΟΝ ΜΗΝΑ ΙΟΥΝΙΟ 2024 (ΣΥΜΒ. 284/2024) ΑΠΑΞ ΠΑΡΑΓΓΕΛΙΑ ΣΥΜΦΩΝΑ ΜΕ ΤΙΣ ΔΙΑΤΑΞΕΙΣ ΤΟΥ Ν.5216/2025 αρθ.44 (ΦΕΚ 118/ τ.Α΄/07/07/2025),094007897,ΚΟΠΕΡ ΦΑΡΜΑΚΟΒΙΟΜΗΧΑΝΙΑΑΝΩΝΥΜΗ ΕΤΑΙΡΕΙΑ,3155.14,,1313β01
656Θ4690ΒΩ-31Ε,2025-10-14,ΠΡΟΜΗΘΕΙΑ ΟΡΘΟΠΕΔΙΚΟΥ ΥΛΙΚΟΥ ΜΕ ΣΥΜΒΑΣΗ ΤΟΝ ΜΗΝΑ ΑΠΡΙΛΙΟ 2024 (ΣΥΜΒ. 207/2024) ΑΠΑΞ ΠΑΡΑΓΓΕΛΙΑ ΣΥΜΦΩΝΑ ΜΕ ΤΙΣ ΔΙΑΤΑΞΕΙΣ ΤΟΥ Ν.5216/2025 αρθ.44 (ΦΕΚ 118/ τ.Α΄/07/07/2025),094007897,ΚΟΠΕΡ ΦΑΡΜΑΚΟΒΙΟΜΗΧΑΝΙΑΑΝΩΝΥΜΗ ΕΤΑΙΡΕΙΑ,4450.84,,1313β01
9ΝΤΒ4690ΒΩ-ΖΥ9,2025-10-13,: ΠΡΟΜΗΘΕΙΑ ΟΡΘΟΠΕΔΙΚΟΥ ΥΛΙΚΟΥ ΜΕ ΣΥΜΒΑΣΗ ΤΟΝ ΜΗΝΑ ΣΕΠΤΕΜΒΡΙΟ 2024 (ΣΥΜΒ.466/2024) ΑΠΑΞ ΠΑΡΓΓΕΛΙΑ ΣΥΜΦΩΝΑ ΜΕ ΤΙΣ ΔΙΑΤΑΞΕΙΣ ΤΟΥ Ν. 5161/2024 αρθ.14 (ΦΕΚ 196/τ. Α΄/29-11-2024,998465266,ΙΑΤΡΟΤΕΧΝΟΛΟΓΙΚΑ PS TEAM ΕΤΑΙΡΙΑ ΠΕΡΙΟΡΙΣΜΕΝΗΣ ΕΥΘΥΝΗΣ,13269.28,,1313β01
ΨΙ8Κ4690ΒΩ-ΔΥΓ,2025-10-13,ΠΡΟΜΗΘΕΙΑ ΟΡΘΟΠΕΔΙΚΟΥ ΥΛΙΚΟΥ ΜΕ ΣΥΜΒΑΣΗ ΤΟΝ ΜΗΝΑ ΣΕΠΤΕΜΒΡΙΟ 2024 (ΣΥΜΒ.463/2024) ΑΠΑΞ ΠΑΡΓΓΕΛΙΑ ΣΥΜΦΩΝΑ ΜΕ ΤΙΣ ΔΙΑΤΑΞΕΙΣ ΤΟΥ Ν. 5161/2024 αρθ.14 (ΦΕΚ 196/τ. Α΄/29-11-2024,999117743,ΙΑΤΡΙΚΑ ΠΕΝΥ ΕΤΑΙΡΙΑ ΠΕΡΙΟΡΙΣΜΕΝΗΣ ΕΥΘΥΝΗΣ,6765.06,,1313β01
6ΖΞ94690ΒΩ-8ΜΘ,2025-10-13,ΠΡΟΜΗΘΕΙΑ ΟΡΘΟΠΕΔΙΚΟΥ ΥΛΙΚΟΥ ΜΕ ΣΥΜΒΑΣΗ ΤΟΝ ΜΗΝΑ ΣΕΠΤΕΜΒΡΙΟ 2024 (ΣΥΜΒ.462/2024) ΑΠΑΞ ΠΑΡΓΓΕΛΙΑ ΣΥΜΦΩΝΑ ΜΕ ΤΙΣ ΔΙΑΤΑΞΕΙΣ ΤΟΥ Ν. 5161/2024 αρθ.14 (ΦΕΚ 196/τ. Α΄/29-11-2024,999117743,ΙΑΤΡΙΚΑ ΠΕΝΥ ΕΤΑΙΡΙΑ ΠΕΡΙΟΡΙΣΜΕΝΗΣ ΕΥΘΥΝΗΣ,4316.14,,1313β01
996Τ4690ΒΩ-ΒΥΦ,2025-10-13,ΠΡΟΜΗΘΕΙΑ ΟΡΘΟΠΕΔΙΚΟΥ ΥΛΙΚΟΥ ΜΕ ΣΥΜΒΑΣΗ ΤΟΝ ΜΗΝΑ ΣΕΠΤΕΜΒΡΙΟ 2024 (ΣΥΜΒ.461/2024) ΑΠΑΞ ΠΑΡΓΓΕΛΙΑ ΣΥΜΦΩΝΑ ΜΕ ΤΙΣ ΔΙΑΤΑΞΕΙΣ ΤΟΥ Ν. 5161/2024 αρθ.14 (ΦΕΚ 196/τ. Α΄/29-11-2024,999117743,ΙΑΤΡΙΚΑ ΠΕΝΥ ΕΤΑΙΡΙΑ ΠΕΡΙΟΡΙΣΜΕΝΗΣ ΕΥΘΥΝΗΣ,4482.92,,1313β01
9ΦΨΡ4690ΒΩ-ΕΓΘ,2025-10-13,ΠΡΟΜΗΘΕΙΑ ΟΡΘΟΠΕΔΙΚΟΥ ΥΛΙΚΟΥ ΜΕ ΣΥΜΒΑΣΗ ΤΟΝ ΜΗΝΑ ΑΥΓΟΥΣΤΟ 2024 (ΣΥΜΒ.351/2024) ΑΠΑΞ ΠΑΡΑΓΓΕΛΙΑ ΣΥΜΦΩΝΑ ΜΕ ΤΙΣ ΔΙΑΤΑΞΕΙΣ ΤΟΥ Ν. 5161/2024 αρθ.14 (ΦΕΚ 196/τ. Α΄/29-11-2024,094007897,ΚΟΠΕΡ ΦΑΡΜΑΚΟΒΙΟΜΗΧΑΝΙΑΑΝΩΝΥΜΗ ΕΤΑΙΡΕΙΑ,4052.95,,1313β01
91ΩΚ4690ΒΩ-Κ6Π,2025-10-13,ΠΡΟΜΗΘΕΙΑ ΟΡΘΟΠΕΔΙΚΟΥ ΥΛΙΚΟΥ (ΝΕΥΡΟΧΕΙΡΟΥΡΓΙΚΑ ΕΙΔΗ) ΜΕ ΣΥΜΒΑΣΗ ΤΟΝ ΜΗΝΑ ΣΕΠΤΕΜΒΡΙΟ 2024 (ΣΥΜΒ.374/2024) ΣΥΜΦΩΝΑ ΜΕ ΤΙΣ ΔΙΑΤΑΞΕΙΣ ΤΟΥ Ν. 5161/2024 αρθ.14 (ΦΕΚ 196/τ. Α΄/29-11-2024,998413534,SPINE ACTION ΕΠΕ ΕΙΣΑΓΩΓΩΝ ΕΞΑΓΩΓΩΝ ΚΑΙ ΕΜΠΟΡΙΑΣ ΙΑΤΡΙΚΩΝ ΥΛΙΚΩΝ ΕΜΦΥΤΕΥΣΙΜΩΝ Η ΜΗ ΙΑΤΡΙΚΩΝ ΕΡΓΑΛΕΙΩΝ ΕΙΔΩΝ ΕΞΟΠΛΙΣΜΟΥ,7581.68,,1313β01
ΨΦΑΛ4690ΒΩ-ΜΗ0,2025-10-13,"ΣΥΝΤΗΡΗΣΗΣ ΚΑΙ ΕΠΙΣΚΕΥΗΣ ΛΟΙΠΟΝ ΜΟΝΙΜΩΝ ΕΓΚΑΤΑΣΤΑΣΕΩΝ ΜΕ ΣΥΜΒΑΣΗ (ΣΥΜΒ.541/2024, ΧΕ 76/2025) ΓΙΑ ΤΟΥΣ ΜΗΝΕΣ ΝΟΕΜΒΡΙΟ, ΔΕΚΕΜΒΡΙΟ 2024 .",061367978,"ΚΑΖΑΡΙΑΝ,,ΚΩΝΣΤΑΝΤΙΝΟΣ,ΑΝΑΣΤΑΣΙΟΣ",1000.02,,0879β01
ΨΩΠ04690ΒΩ-ΩΥΡ,2025-10-13,ΠΡΟΜΗΘΕΙΑ ΕΙΔΩΝ ΣΥΝΤΗΡΗΣΗΣ ΕΠΙΣΚΕΥΗΣ ΑΝΕΛΚΥΣΤΗΡΑ L5 ΦΟΡΕΙΩΝ ΜΕ ΣΥΜΒΑΣΗ ΤΟΝ ΜΗΝΑ ΜΑΡΤΙΟ 2025 (ΣΥΜΒ.12/2025) ΣΥΜΦΩΝΑ ΜΕ ΤΙΣ ΔΙΑΤΑΞΕΙΣ ΤΟΥ Ν. 5216/2025 αρθ.44 (ΦΕΚ 118 /τ. Α'/ 07-07-2025,800357297,Ι Δ ΚΩΝΣΤΑΝΤΟΠΟΥΛΟΣ ΕΓΚΑΤΑΣΤΑΣΗ ΕΠΙΣΚΕΥΗ ΣΥΝΤΗΡΗΣΗ ΚΑΤΑΣΚΕΥΗ Κ ΕΜΠΟΡΙΑ ΕΙΔΩΝ ΑΝΕΛΚΥΣΤΗΡΩΝ ΑΒΕΕ,3472.0,,1429α01
ΨΣ574690ΒΩ-ΖΗΙ,2025-10-13,ΠΡΟΜΗΘΕΙΑ ΕΙΔΩΝ ΣΥΝΤΗΡΗΣΗΣ ΕΠΙΣΚΕΥΗΣ ΑΝΕΛΚΥΣΤΗΡΑ L8 ΜΕ ΣΥΜΒΑΣΗ ΤΟΝ ΜΗΝΑ ΜΑΡΤΙΟ 2025 (ΣΥΜΒ.29/2025) ΣΥΜΦΩΝΑ ΜΕ ΤΙΣ ΔΙΑΤΑΞΕΙΣ ΤΟΥ Ν. 5216/2025 αρθ.44 (ΦΕΚ 118 /τ. Α'/ 07-07-2025,800357297,Ι Δ ΚΩΝΣΤΑΝΤΟΠΟΥΛΟΣ ΕΓΚΑΤΑΣΤΑΣΗ ΕΠΙΣΚΕΥΗ ΣΥΝΤΗΡΗΣΗ ΚΑΤΑΣΚΕΥΗ Κ ΕΜΠΟΡΙΑ ΕΙΔΩΝ ΑΝΕΛΚΥΣΤΗΡΩΝ ΑΒΕΕ,3472.0,,1429α01
ΨΓΑΗ4690ΒΩ-9Ω6,2025-10-13,ΠΡΟΜΗΘΕΙΑ ΥΓΕΙΟΝΟΜΙΚΟΥ ΥΛΙΚΟΥ ΜΕ ΣΥΜΒΑΣΗ (ΣΥΜ 228/2024) ΓΙΑ ΤΟΝ ΜΗΝΑ ΑΠΡΙΛΙΟ 2024 ΣΥΜΦΩΝΑ ΜΕ ΤΙΣ ΔΙΑΤΑΞΕΙΣ ΤΟΥ Ν.5216/2025 αρθ.44 (ΦΕΚ 118/ τ.Α΄/07/07/2025),800502874,F M FEED ΜΟΝΟΠΡΟΣΩΠΗ ΙΔΙΩΤΙΚΗ ΚΕΦΑΛΑΙΟΥΧΙΚΗ ΕΤΑΙΡΕΙΑ,3893.68,,1311β01
Ψ6ΟΑ4690ΒΩ-Χ0Ι,2025-10-13,"ΜΕΡΗ ΑΝΤΛΙΩΝ ΘΕΡΜΟΤΗΤΑΣ ΜΕ ΣΥΜΒΑΣΗ ΤΟΝ ΜΗΝΑ ΑΠΡΙΛΙΟ 2024 , ΜΑΡΤΙΟ 2025 (ΣΥΜΒ. 747/2023)",095076540,ΑΑF ΕΛΕΓΧΟΥ ΠΕΡΙΒΑΛΛΟΝΤΟΣ ΜΟΝΟΠΡΟΣΩΠΗ ΕΠΕ,1652.92,,1429α01
Ψ6ΟΑ4690ΒΩ-Χ0Ι,2025-10-13,"ΜΕΡΗ ΑΝΤΛΙΩΝ ΘΕΡΜΟΤΗΤΑΣ ΜΕ ΣΥΜΒΑΣΗ ΤΟΝ ΜΗΝΑ ΑΠΡΙΛΙΟ 2024 , ΜΑΡΤΙΟ 2025 (ΣΥΜΒ. 747/2023)",095076540,ΑΑF ΕΛΕΓΧΟΥ ΠΕΡΙΒΑΛΛΟΝΤΟΣ ΜΟΝΟΠΡΟΣΩΠΗ ΕΠΕ,744.99,,1429β01
6ΜΑΟ4690ΒΩ-ΛΨ8,2025-10-13,ΠΡΟΜΗΘΕΙΑ ΟΡΘΟΠΕΔΙΚΟΥ ΥΛΙΚΟΥ ΜΕ ΣΥΜΒΑΣΗ ΤΟΝ ΜΗΝΑ ΣΕΠΤΕΜΒΡΙΟ 2024 (ΣΥΜΒ.546/2024) ΑΠΑΞ ΠΑΡΓΓΕΛΙΑ ΣΥΜΦΩΝΑ ΜΕ ΤΙΣ ΔΙΑΤΑΞΕΙΣ ΤΟΥ Ν. 5161/2024 αρθ.14 (ΦΕΚ 196/τ. Α΄/29-11-2024,999117743,ΙΑΤΡΙΚΑ ΠΕΝΥ ΕΤΑΙΡΙΑ ΠΕΡΙΟΡΙΣΜΕΝΗΣ ΕΥΘΥΝΗΣ,9185.08,,1313β01
61ΚΜ4690ΒΩ-ΤΧΝ,2025-10-10,ΑΠΟΔΟΣΗ ΦΜΥ ΠΡΟΣΘΕΤΩΝ ΑΠΟΔΟΧΩΝ ΑΠΡΙΛΙΟΥ 2025 ΤΟΥ ΕΙΔΙΚΟΥ ΠΡΟΓΡΑΜΜΑΤΟΣ ΑΠΑΣΧΟΛΗΣΗΣ 1135 ΑΝΕΡΓΟΙ ΣΤΟ ΧΩΡΟ ΤΗΣ ΥΓΕΙΑΣ,090165560,ΥΠΟΥΡΓΕΙΟ ΟΙΚΟΝΟΜΙΚΩΝ ΓΕΝΙΚΗ   ΔIEYΘΥΝΣΗ  Δ ΚΗΣΥΠ ΞΗΣ Δ ΟΙΚ,12.05,,0567α01
ΨΟΙΡ4690ΒΩ-Π6Ρ,2025-10-10,: ΣΥΝΤΗΡΗΣΗ - ΕΠΙΣΚΕΥΗ ΚΑΙ ΑΓΟΡΑ ΑΝΤΑΛΛΑΚΤΙΚΩΝ ΓΙΑ ΤΟΝ ΜΗΝΑ ΝΟΕΜΒΡΙΟ 2024 ΜΕ ΣΥΜΒΑΣΗ (ΣΥΜ.480/2024),061367978,"ΚΑΖΑΡΙΑΝ,,ΚΩΝΣΤΑΝΤΙΝΟΣ,ΑΝΑΣΤΑΣΙΟΣ",4951.82,,1429β01
ΨΑΗΖ4690ΒΩ-ΑΛΩ,2025-10-09,ΠΡΟΜΗΘΕΙΑ ΥΓΕΙΟΝΟΜΙΚΟΥ ΥΛΙΚΟΥ (ΧΕΙΡΟΥΡΓΙΚΑ ΜΟΣΧΕΥΜΑΤΑ) ME ΣΥΜΒΑΣΗ ΤΟ ΜΗΝΑ ΣΕΠΤΕΜΒΡΙΟ 2024 (ΣΥΜΒ.506/2024) ΣΥΜΦΩΝΑ ΜΕ ΤΙΣ ΔΙΑΤΑΞΕΙΣ ΤΟΥ Ν.5216/2025 αρθ.44 (ΦΕΚ 118/ τ.Α΄/07/07/2025),998856960,ΑΚΑΗΑΙ ΓΕΩΡΓΙΟΣ ΚΟΥΝΤΟΥΡΟΓΛΟΥ ΚΑΙ ΣΙΑ ΕΕ,4322.25,,1311β01
Ψ1ΑΣ4690ΒΩ-61Δ,2025-10-09,ΠΡΟΜΗΘΕΙΑ ΥΓΕΙΟΝΟΜΙΚΟΥ ΥΛΙΚΟΥ ΝΟΣΟΚΟΜΕΙΟΥ (ΥΛΙΚΑ ΑΠΟΣΤΕΙΡΩΣΗΣ) ΜΕ ΣΥΜΒΑΣΗ (ΣΥΜ.646/2024) ΓΙΑ ΤΟΝ ΜΗΝΑ ΝΟΕΜΒΡΙΟ 2024 ΣΥΜΦΩΝΑ ΜΕ ΤΙΣ ΔΙΑΤΑΞΕΙΣ ΤΟΥ Ν.5216/2025 αρθ.44 (ΦΕΚ 118/ τ.Α΄/07/07/2025),999685389,ΠΕΤΡΟΣ ΧΑΡ ΚΟΣΜΙΔΗΣ ΚΑΙ ΣΙΑ ΕΕ,4879.85,,1311β01
ΨΕΛ14690ΒΩ-08Ω,2025-10-09,ΠΡΟΜΗΘΕΙΑ ΥΓΕΙΟΝΟΜΙΚΟΥ ΥΛΙΚΟΥ ΝΟΣΟΚΟΜΕΙΟΥ (ΥΛΙΚΑ ΑΠΟΣΤΕΙΡΩΣΗΣ ) ΜΕ ΣΥΜΒΑΣΗ (ΣΥΜ. 578/2024) ΓΙΑ ΤΟΝ ΜΗΝΑ ΟΚΤΩΒΡΙΟ 2024 ΣΥΜΦΩΝΑ ΜΕ ΤΙΣ ΔΙΑΤΑΞΕΙΣ ΤΟΥ Ν.5216/2025 αρθ.44 (ΦΕΚ 118/ τ.Α΄/07/07/2025),999685389,ΠΕΤΡΟΣ ΧΑΡ ΚΟΣΜΙΔΗΣ ΚΑΙ ΣΙΑ ΕΕ,7742.32,,1311β01
Ρ7ΒΨ4690ΒΩ-7ΧΚ,2025-10-09,ΠΡΟΜΗΘΕΙΑ ΕΙΔΩΝ ΚΑΘΑΡΙΟΤΗΤΑΣ ΜΕ ΣΥΜΒΑΣΗ (ΣΥΜ.647/2024) ΓΙΑ ΤΟΝ ΜΗΝΑ ΔΕΚΕΜΒΡΙΟ 2024 ΣΥΜΦΩΝΑ ΜΕ ΤΙΣ ΔΙΑΤΑΞΕΙΣ ΤΟΥ Ν.5216/2025 αρθ.44 (ΦΕΚ 118/ τ.Α΄/07/07/2025),999685389,ΠΕΤΡΟΣ ΧΑΡ ΚΟΣΜΙΔΗΣ ΚΑΙ ΣΙΑ ΕΕ,6683.6,,1381β01
9ΧΧ14690ΒΩ-ΗΚΠ,2025-10-09,ΠΡΟΜΗΘΕΙΑ ΥΓΕΙΟΝΟΜΙΚΟΥ ΥΛΙΚΟΥ ΝΟΣΟΚΟΜΕΙΟΥ (ΥΛΙΚΑ ΑΠΟΣΤΕΙΡΩΣΗΣ ) ΜΕ ΣΥΜΒΑΣΗ (ΣΥΜ. 577/2024) ΓΙΑ ΤΟΝ ΜΗΝΑ ΟΚΤΩΒΡΙΟ 2024 ΣΥΜΦΩΝΑ ΜΕ ΤΙΣ ΔΙΑΤΑΞΕΙΣ ΤΟΥ Ν.5216/2025 αρθ.44 (ΦΕΚ 118/ τ.Α΄/07/07/2025),094133588,ΓΕΝΙΚΗ ΧΗΜΙΚΩΝ ΠΡΟΙΟΝΤΩΝ ΑΕ,3383.47,,1311β01
90814690ΒΩ-ΨΘΗ,2025-10-09,ΠΡΟΜΗΘΕΙΑ ΥΓΕΙΟΝΟΜΙΚΟΥ ΥΛΙΚΟΥ (ΚΑΘΕΤΗΡΕΣ ) ΜΕ ΣΥΜΒΑΣΗ (ΣΥΜ.255/2024) ΓΙΑ ΤΟΝ ΜΗΝΑ ΜΑΙΟ 2024 ΣΥΜΦΩΝΑ ΜΕ ΤΙΣ ΔΙΑΤΑΞΕΙΣ ΤΟΥ Ν.5216/2025 αρθ.44 (ΦΕΚ 118/ τ.Α΄/07/07/2025),082525697,ΑΝΑΣΤΑΣΙΟΣ ΜΑΥΡΟΓΕΝΗΣ ΙΑΤΡΟΤΕΧΝΟΛΟΓΙΚΑ ΕΙΔΗ ΑΝΩΝΥΜΗ ΕΤΑΙΡΕΙΑ,6071.49,,1311β01
Ρ6ΥΟ4690ΒΩ-ΔΞ4,2025-10-09,ΠΡΟΜΗΘΕΙΑ ΥΓΕΙΟΝΟΜΙΚΟΥ ΥΛΙΚΟΥ (ΕΡΓΑΛΕΙΑ ΧΕΙΡΟΥΡΓΕΙΟΥ ) ME ΣΥΜΒΑΣΗ ΤΟ ΜΗΝΑ AYΓΟΥΣΤΟ 2024 (ΣΥΜΒ.505/2024) ΣΥΜΦΩΝΑ ΜΕ ΤΙΣ ΔΙΑΤΑΞΕΙΣ ΤΟΥ Ν.5216/2025 αρθ.44 (ΦΕΚ 118/ τ.Α΄/07/07/2025),082525697,ΑΝΑΣΤΑΣΙΟΣ ΜΑΥΡΟΓΕΝΗΣ ΙΑΤΡΟΤΕΧΝΟΛΟΓΙΚΑ ΕΙΔΗ ΑΝΩΝΥΜΗ ΕΤΑΙΡΕΙΑ,19124.52,,1311β01
6Σ7Η4690ΒΩ-ΥΘ7,2025-10-09,: ΠΡΟΜΗΘΕΙΑ ΥΓΕΙΟΝΟΜΙΚΟΥ ΥΛΙΚΟΥ (ΡΑΜΜΑΤΑ ) ΜΕ ΣΥΜΒΑΣΗ (ΣΥΜ.299/2024) ΓΙΑ ΤΟΝ ΜΗΝΑ ΑΥΓΟΥΣΤΟ 2024 ΣΥΜΦΩΝΑ ΜΕ ΤΙΣ ΔΙΑΤΑΞΕΙΣ ΤΟΥ Ν.5216/2025 αρθ.44 (ΦΕΚ 118/ τ.Α΄/07/07/2025),094284004,ΕΥΡΟΜΑΡΤ ΑΝΩΝΥΜΗ ΕΤΑΙΡΕΙΑ ΕΜΠΟΡΙΚΕΣ ΕΠΙΧΕΙΡΗΣΕΙΣ ΑΝΤΙΠΡΟΣΩΠΕΙΕΣ ΕΙΣΑΓΩΓΕΣ ΕΞΑΓΩΓΕΣ,2477.41,,1311β01
9Π4Δ4690ΒΩ-05Ψ,2025-10-09,ΠΡΟΜΗΘΕΙΑ ΥΓΕΙΟΝΟΜΙΚΟΥ ΥΛΙΚΟΥ (ΡΑΜΜΑΤΑ ) ΜΕ ΣΥΜΒΑΣΗ (ΣΥΜ. 300/2024) ΓΙΑ ΤΟΝ ΜΗΝΑ ΙΟΥΝΙΟ 2024 ΣΥΜΦΩΝΑ ΜΕ ΤΙΣ ΔΙΑΤΑΞΕΙΣ ΤΟΥ Ν.5216/2025 αρθ.44 (ΦΕΚ 118/ τ.Α΄/07/07/2025),082525697,ΑΝΑΣΤΑΣΙΟΣ ΜΑΥΡΟΓΕΝΗΣ ΙΑΤΡΟΤΕΧΝΟΛΟΓΙΚΑ ΕΙΔΗ ΑΝΩΝΥΜΗ ΕΤΑΙΡΕΙΑ,5190.76,,1311β01
ΨΤ8Γ4690ΒΩ-Ο8Ψ,2025-10-09,"ΕΙΣΦΟΡΕΣ ΣΤΟΝ ΕΦΚΑ ΤΑΚΤΙΚΩΝ ΑΠΟΔΟΧΩΝ ΜΑΡΤΙΟΥ & ΙΟΥΝΙΟΥ 2025, ΤΟΥ ΕΙΔΙΚΟΥ ΠΡΟΓΡΑΜΜΑΤΟΣ ΑΠΑΣΧΟΛΗΣΗΣ 1135 ΑΝΕΡΓΟΙ ΣΤΟ ΧΩΡΟ ΤΗΣ ΥΓΕΙΑΣ",090003373,ΙΚΑ,1260.57,,0561α01
6Ι554690ΒΩ-Α6Β,2025-10-09,"ΑΜΟΙΒΗ ΔΙΚΑΣΤΙΚΟΥ ΕΠΙΜΕΛΗΤΗ ΓΙΑ ΕΠΙΔΟΣΕΙΣ ΑΠΟΦΑΣΕΩΝ ΤΟΝ ΜΗΝΑ ΙΟΥΝΙΟ 2025, ΣΥΜΦΩΝΑ ΜΕ ΤΙΣ ΔΙΑΤΑΞΕΙΣ ΤΟΥ Ν.5216/2025 αρθ.44 (ΦΕΚ 118/ τ.Α΄/07/07/2025)",069071098,"ΑΡΣΛΑΝΙΔΗ,,ΑΝΝΑ,ΚΛΕΑΝΘΗΣ",43.4,,0896α01
60ΟΠ4690ΒΩ-ΠΑΟ,2025-10-09,ΑΜΟΙΒΗ ΔΙΚΑΣΤΙΚΟΥ ΕΠΙΜΕΛΗΤΗ ΓΙΑ ΕΠΙΔΟΣΕΙΣ ΑΠΟΦΑΣΕΩΝ ΤΟΝ ΜΗΝΑ ΙΟΥΝΙΟ 2025 ΣΥΜΦΩΝΑ ΜΕ ΤΙΣ ΔΙΑΤΑΞΕΙΣ ΤΟΥ Ν.5216/2025 αρθ.44 (ΦΕΚ 118/ τ.Α΄/07/07/2025),997183124,Ν ΚΑΤΣΑΚΙΩΡΗΣ Δ ΤΣΙΤΣΩΝΗΣ ΑΣΤΙΚΗ ΕΠΑΓΓΕΛΜΑΤΙΚΗ ΕΤΑΙΡΙΑ ΔΙΚΑΣΤΙΚΩΝ ΕΠΙΜΕΛΗΤΩΝ,43.4,,0896α01
ΨΠΣΑ4690ΒΩ-8ΞΧ,2025-10-09,"ΠΡΟΜΗΘΕΙΑ ΒΙΟΑΤΡΙΚΟΥ ΕΞΟΠΛΙΣΜΟΥ ΚΑΙ ΥΠΗΡΕΣΙΕΣ ΕΠΙΣΚΕΥΗΣ ΚΑΙ ΣΥΝΤΗΡΗΣΗΣ ΜΕ ΣΥΜΒΑΣΗ (ΣΥΜ 511/24) ΓΙΑ ΤΟΝ ΜΗΝΑ ΣΕΠΤΕΜΒΡΙΟ 2024 ΟΚΤΩΒΡΙΟ 2024 ,ΝΟΕΜΒΡΙΟ 2024 ΣΥΜΦΩΝΑ ΜΕ ΤΙΣ ΔΙΑΤΑΞΕΙΣ ΤΟΥ Ν.5216/2025 αρθ.44 (ΦΕΚ 118/ τ.Α΄/07/07/2025)",095029193,ΠΑΠΑΠΟΣΤΟΛΟΥ Ν ΑΝΩΝΥΜΗ ΕΤΑΙΡΕΙΑ  ΕΤΑΙΡΕΙΑ ΕΜΠΟΡΙΑΣ ΚΑΙ ΑΝΤΙΠΡΟΣΩΠΕΙΩΝ ΙΑΤΡΙΚΩΝ ΕΡΓΑΛΕΙΩΝ ΚΑΙ ΜΗΧΑΝΗΜΑΤΩΝ,4941.4,,1439β01
6ΗΤΧ4690ΒΩ-5Κ7,2025-10-09,"ΠΡΟΜΗΘΕΙΑ ΒΙΟΑΤΡΙΚΟΥ ΕΞΟΠΛΙΣΜΟΥ ΚΑΙ ΥΠΗΡΕΣΙΕΣ ΕΠΙΣΚΕΥΗΣ ΚΑΙ ΣΥΝΤΗΡΗΣΗΣ ΜΕ ΣΥΜΒΑΣΗ (ΣΥΜ 512/24) ΓΙΑ ΤΟΝ ΜΗΝΑ ΣΕΠΤΕΜΒΡΙΟ 2024 ΟΚΤΩΒΡΙΟ 2024 ,ΝΟΕΜΒΡΙΟ 2024 ΣΥΜΦΩΝΑ ΜΕ ΤΙΣ ΔΙΑΤΑΞΕΙΣ ΤΟΥ Ν.5216/2025 αρθ.44 (ΦΕΚ 118/ τ.Α΄/07/07/2025)",094442268,ΠΡΩΤΟΝ Α Ε ΑΝΤΙΠΡ ΙΑΤΡΙΚΩΝ ΕΠΙΣΤΗΜΟΝΙΚΩΝ ΕΙΔΩΝ  ΜΗΧΑΝΗΜ ΚΑΙ ΣΥΣΤΗΜΑΤΩΝ ΑΣΦΑΛΕΙΑΣ ΙΔΙΩΤ ΕΠΙΧ ΠΑΡΟΧ ΥΠΗΡΕΣΙΩΝ ΑΣΦΑΛΕΙΑΣ,4467.16,,1439β01
6ΧΞ94690ΒΩ-ΓΩΕ,2025-10-09,: ΠΡΟΜΗΘΕΙΑ ΒΙΟΑΤΡΙΚΟΥ ΕΞΟΠΛΙΣΜΟΥ ΚΑΙ ΥΠΗΡΕΣΙΕΣ ΕΠΙΣΚΕΥΗΣ - ΣΥΝΤΗΡΗΣΗΣ ΜΕ ΣΥΜΒΑΣΗ (ΣΥΜ.513/2024) ΓΙΑ ΤΟΝ ΜΗΝΑ ΟΚΤΟΒΡΙΟ 2024 ΣΥΜΦΩΝΑ ΜΕ ΤΙΣ ΔΙΑΤΑΞΕΙΣ ΤΟΥ Ν.5216/2025 αρθ.44 (ΦΕΚ 118/ τ.Α΄/07/07/2025),998361490,KARL STORZ ENDOSKOPE GREECE GMBH ΜΟΝΟΠΡΟΣΩΠΗ ΕΤΑΙΡΙΑ ΠΕΡΙΟΡΙΣΜΕΝΗΣ ΕΥΘΥΝΗΣ,3100.0,,1439β01
ΨΜ0Ι4690ΒΩ-Ι4Θ,2025-10-09,ΠΡΟΜΗΘΕΙΑ ΒΙΟΑΤΡΙΚΟΥ ΕΞΟΠΛΙΣΜΟΥ ΚΑΙ ΥΠΗΡΕΣΙΕΣ ΕΠΙΣΚΕΥΗΣ - ΣΥΝΤΗΡΗΣΗΣ ΜΕ ΣΥΜΒΑΣΗ (ΣΥΜ.514/2024) ΓΙΑ ΤΟΝ ΜΗΝΑ ΣΕΠΤΕΜΒΡΙΟ 2024 ΣΥΜΦΩΝΑ ΜΕ ΤΙΣ ΔΙΑΤΑΞΕΙΣ ΤΟΥ Ν.5216/2025 αρθ.44 (ΦΕΚ 118/ τ.Α΄/07/07/2025),099518023,Α ΔΕΡΒΟΣ Γ ΔΗΜΗΤΡΑΚΟΠΟΥΛΟΣ ΚΑΙ ΣΙΑ ΑΝΩΝΥΜΗ ΕΤΑΙΡΙΑ ΕΙΣΑΓΩΓΗΣ ΚΑΙ ΕΜΠΟΡΙΑΣ ΕΠΙΣΤΗΜΟΝΙΚΩΝ ΟΡΓΑΝΩΝ ΚΑΙ ΦΑΡΜΑΚΕΥΤΙΚΩΝ ΠΡΟΙΟΝ,2269.2,,0887β01
635Ξ4690ΒΩ-ΚΓΨ,2025-10-09,ΠΡΟΜΗΘΕΙΑ ΒΙΟΑΤΡΙΚΟΥ ΕΞΟΠΛΙΣΜΟΥ ΚΑΙ ΥΠΗΡΕΣΙΕΣ ΕΠΙΣΚΕΥΗΣ - ΣΥΝΤΗΡΗΣΗΣ ΜΕ ΣΥΜΒΑΣΗ (ΣΥΜ.514/2024) ΓΙΑ ΤΟΝ ΜΗΝΑ ΣΕΠΤΕΒΡΙΟ 2024 ΣΥΜΦΩΝΑ ΜΕ ΤΙΣ ΔΙΑΤΑΞΕΙΣ ΤΟΥ Ν.5216/2025 αρθ.44 (ΦΕΚ 118/ τ.Α΄/07/07/2025),099518023,Α ΔΕΡΒΟΣ Γ ΔΗΜΗΤΡΑΚΟΠΟΥΛΟΣ ΚΑΙ ΣΙΑ ΑΝΩΝΥΜΗ ΕΤΑΙΡΙΑ ΕΙΣΑΓΩΓΗΣ ΚΑΙ ΕΜΠΟΡΙΑΣ ΕΠΙΣΤΗΜΟΝΙΚΩΝ ΟΡΓΑΝΩΝ ΚΑΙ ΦΑΡΜΑΚΕΥΤΙΚΩΝ ΠΡΟΙΟΝ,2678.4,,1439β01
ΨΒΝΣ4690ΒΩ-ΒΒ1,2025-10-08,"ΠΡΟΜΗΘΕΙΑ ΥΓΕΙΟΝΟΜΙΚΟΥ ΥΛΙΚΟΥ (ΚΑΘΕΤΗΡΕΣ) ΜΕ ΣΥΜΒΑΣΗ ΤΟΥΣ ΜΗΝΕΣ ΜΑΪΟ,ΙΟΥΝΙΟ 2024 (ΣΥΜΒ.257/2024) ΣΥΜΦΩΝΑ ΜΕ ΤΙΣ ΔΙΑΤΑΞΕΙΣ ΤΟΥ Ν. 5161/2024 αρθ.14 (ΦΕΚ 196/τ. Α΄/29-11-2024",082525697,ΑΝΑΣΤΑΣΙΟΣ ΜΑΥΡΟΓΕΝΗΣ ΙΑΤΡΟΤΕΧΝΟΛΟΓΙΚΑ ΕΙΔΗ ΑΝΩΝΥΜΗ ΕΤΑΙΡΕΙΑ,3390.0,,1311β01
9ΧΚ74690ΒΩ-Ξ2Θ,2025-10-08,ΠΡΟΜΗΘΕΙΑ ΥΓΕΙΟΝΟΜΙΚΟΥ ΥΛΙΚΟΥ (ΧΕΙΡΟΥΡΓΙΚΑ ΜΟΣΧΕΥΜΑΤΑ) ME ΣΥΜΒΑΣΗ ΤΟ ΜΗΝΑ AYΓΟΥΣΤΟ 2024 (ΣΥΜΒ.485/2024) ΣΥΜΦΩΝΑ ΜΕ ΤΙΣ ΔΙΑΤΑΞΕΙΣ ΤΟΥ Ν.5216/2025 αρθ.44 (ΦΕΚ 118/ τ.Α΄/07/07/2025),082525697,ΑΝΑΣΤΑΣΙΟΣ ΜΑΥΡΟΓΕΝΗΣ ΙΑΤΡΟΤΕΧΝΟΛΟΓΙΚΑ ΕΙΔΗ ΑΝΩΝΥΜΗ ΕΤΑΙΡΕΙΑ,8866.43,,1311β01
Ψ67Ν4690ΒΩ-3ΜΥ,2025-10-08,ΠΡΟΜΗΘΕΙΑ ΒΙΟΑΤΡΙΚΟΥ ΕΞΟΠΛΙΣΜΟΥ ΚΑΙ ΥΠΗΡΕΣΙΕΣ ΕΠΙΣΚΕΥΗΣ - ΣΥΝΤΗΡΗΣΗΣ ΜΕ ΣΥΜΒΑΣΗ (ΣΥΜ.632/2024) ΓΙΑ ΤΟΝ ΜΗΝΑ ΝΟΕΜΒΡΙΟ 2024 ΣΥΜΦΩΝΑ ΜΕ ΤΙΣ ΔΙΑΤΑΞΕΙΣ ΤΟΥ Ν.5216/2025 αρθ.44 (ΦΕΚ 118/ τ.Α΄/07/07/2025),095029193,ΠΑΠΑΠΟΣΤΟΛΟΥ Ν ΑΝΩΝΥΜΗ ΕΤΑΙΡΕΙΑ  ΕΤΑΙΡΕΙΑ ΕΜΠΟΡΙΑΣ ΚΑΙ ΑΝΤΙΠΡΟΣΩΠΕΙΩΝ ΙΑΤΡΙΚΩΝ ΕΡΓΑΛΕΙΩΝ ΚΑΙ ΜΗΧΑΝΗΜΑΤΩΝ,11160.0,,1439β01
ΡΙΘΠ4690ΒΩ-Ζ7Ξ,2025-10-08,"ΠΡΟΜΗΘΕΙΑ ΥΓΕΙΟΝΟΜΙΚΟΥ ΥΛΙΚΟΥ (ΧΕΙΡΟΥΡΓΙΚΑ ΜΟΣΧΕΥΜΑΤΑ) ME ΣΥΜΒΑΣΗ ΤΟ ΜΗΝΑ ΑΠΡΙΛΙΟ 2024,ΜΑΙΟ 2024 (ΧΕ 537/2024 ΣΥΜΒ.484/2022)",082525697,ΑΝΑΣΤΑΣΙΟΣ ΜΑΥΡΟΓΕΝΗΣ ΙΑΤΡΟΤΕΧΝΟΛΟΓΙΚΑ ΕΙΔΗ ΑΝΩΝΥΜΗ ΕΤΑΙΡΕΙΑ,11031.0,,1311β01
Ψ6ΩΙ4690ΒΩ-Ψ3Υ,2025-10-08,"ΠΡΟΜΗΘΕΙΑ ΠΡΟΪΟΝΤΩΝ ΚΑΘΑΡΙΣΜΟΥ ΜΕ ΣΥΜΒΑΣΗ ΤΟΥΣ ΜΗΝΕΣ ΟΚΤΟΒΡΙΟΣ 2024 ,ΝΟΕΜΒΡΙΟΣ 2024,ΔΕΚΕΜΒΡΙΟΣ 2024 ( ΧΕ 2989/2024 ,ΣΥΜΒ.504/2023)",997993920,ΒΙΟΜΗΧΑΝΙΑ ΠΛΑΣΤΙΚΩΝ ΚΑΙ ΥΛΙΚΩΝ ΣΥΣΚΕΥΑΣΙΑΣ ΓΙΟΥΚΑ ΑΝΩΝΥΜΗ ΕΤΑΙΡΙΑ,3887.4,,1381β01
ΨΙΧ44690ΒΩ-709,2025-10-08,"ΠΡΟΜΗΘΕΙΑ ΕΙΔΩΝ ΚΑΘΑΡΙΟΤΗΤΑΣ ΚΑΙ ΕΥΠΡΕΠΙΣΜΟΥ ΤΟΥ ΜΗΝΕΣ ,ΙΟΥΝΙΟ 2024,ΟΚΤΟΒΡΙΟ 2024, ΜΕ ΣΥΜΒΑΣΗ ( ΧΕ 1049/2024 ΣΥΜΒ.256/2023) ΣΥΜΦΩΝΑ ΜΕ ΤΙΣ ΔΙΑΤΑΞΕΙΣ ΤΟΥ Ν.5216/2025 αρθ.44 (ΦΕΚ 118/ τ.Α΄/07/07/2025)",999685389,ΠΕΤΡΟΣ ΧΑΡ ΚΟΣΜΙΔΗΣ ΚΑΙ ΣΙΑ ΕΕ,3601.85,,1381β01
62ΟΚ4690ΒΩ-Σ5Η,2025-10-08,"ΠΡΟΜΗΘΕΙΑ ΕΙΔΩΝ ΚΑΘΑΡΙΟΤΗΤΑΣ ΜΕ ΣΥΜΒΑΣΗ ( ΧΕ 1512/2025,ΣΥΜ. 2/2024 ) ΓΙΑ ΤΟΥΣ ΜΗΝΕΣ ΣΕΠΤΕΒΡΙΟ 2024,ΟΚΤΟΒΡΙΟ 2024,ΝΟΕΜΒΡΙΟ 2024.",999685389,ΠΕΤΡΟΣ ΧΑΡ ΚΟΣΜΙΔΗΣ ΚΑΙ ΣΙΑ ΕΕ,11813.23,,1381β01
ΨΟ3Λ4690ΒΩ-5ΕΕ,2025-10-08,"ΠΡΟΜΗΘΕΙΑ ΠΡΟΪΟΝΤΩΝ ΚΑΘΑΡΙΣΜΟΥ ΜΕ ΣΥΜΒΑΣΗ ΤΟΥΣ ΜΗΝΕΣ ΣΕΠΤΕΜΒΡΙΟ 2024,ΟΚΤΟΒΡΙΟ 2024,ΝΟΕΜΒΡΙΟ 2024, ΔΕΚΕΜΒΡΙΟ 2024 (ΧΕ2989/2024, ΣΥΜΒ.506/2023)",093628458,BBD ΝΙΚΟΛΑΟΣ ΛΑΙΝΙΩΤΗΣ ΑΕΒΕ ΠΑΡΑΓΩΓΗ ΕΙΣΑΓΩΓΗ ΚΑΙ ΕΜΠΟΡΙΑ ΥΓΕΙΟΝΟΜΙΚΟΥ ΥΛΙΚΟΥ ΑΝΩΝΥΜΟΣ ΕΜΠΟΡΙΚΗ ΒΙΟΜΗΧΑΝΙΚΗ ΕΤΑΙΡΕΙΑ,14300.26,,1381β01
Ψ9Τ54690ΒΩ-ΠΓΣ,2025-10-08,ΠΡΟΜΗΘΕΙΑ ΥΓΕΙΟΝΟΜΙΚΟΥ ΥΛΙΚΟΥ (ΕΝΔΟΦΘΑΛΜΙΟΙ ΦΑΚΟΙ ) ΜΕ ΣΥΜΒΑΣΗ ΤΟΝ ΜΗΝΑ ΑΠΡΙΛΙΟ 2024 (ΣΥΜΒ. 319/2023),082525697,ΑΝΑΣΤΑΣΙΟΣ ΜΑΥΡΟΓΕΝΗΣ ΙΑΤΡΟΤΕΧΝΟΛΟΓΙΚΑ ΕΙΔΗ ΑΝΩΝΥΜΗ ΕΤΑΙΡΕΙΑ,4022.8,,1311β01
9Δ3Ω4690ΒΩ-ΟΓ9,2025-10-08,"ΠΡΟΜΗΘΕΙΑ ΥΓΕΙΟΝΟΜΙΚΟΥ ΥΛΙΚΟΥ (ΙΑΤΡΙΚΟΣ ΡΟΥΧΙΣΜΟΣ) ΜΕ ΣΥΜΒΑΣΗ ΤΟΥΣ ΙΟΥΝΙΟ,ΑΥΓΟΥΣΤΟ,ΝΟΕΜΒΡΙΟ 2024 (ΣΥΜΒ.247/2024)",999862491,PAUL HARTMANΝ HELLAS ΑΝΩΝΥΜΗ ΕΤΑΙΡΕΙΑ ΕΜΠΟΡΙΑΣ ΚΑΙ ΚΑΤΑΣΚΕΥΗΣ ΙΑΤΡΙΚΩΝ ΠΡΟΙΟΝΤΩΝ ΚΑΙ ΠΡΟΙΟΝΤΩΝ ΑΤΟΜΙΚΗΣ ΥΓΙΕΙΝΗΣ,3941.96,,1311β01
6ΝΚ14690ΒΩ-ΛΕΝ,2025-10-08,ΠΡΟΜΗΘΕΙΑ ΟΡΘΟΠΕΔΙΚΟΥ ΥΛΙΚΟΥ ΜΕ ΣΥΜΒΑΣΗ ΤΟΝ ΜΗΝΑ ΜΑΪΟ 2024 (ΣΥΜΒ.274/2024) ΑΠΑΞ ΠΑΡΑΓΓΕΛΙΑ ΣΥΜΦΩΝΑ ΜΕ ΤΙΣ ΔΙΑΤΑΞΕΙΣ ΤΟΥ Ν. 5161/2024 αρθ.14 (ΦΕΚ 196/τ. Α΄/29-11-2024,998333221,ΠΡΟΗΓΜΕΝΑ ΙΑΤΡΙΚΑ ΠΡΟΙΟΝΤΑ ΚΑΙ ΥΠΗΡΕΣΙΕΣ ΜΟΝΟΠΡΟΣΩΠΗ ΕΤΑΙΡΙΑ ΠΕΡΙΟΡΙΣΜΕΝΗΣ ΕΥΘΥΝΗΣ,2963.54,,1313β01
9ΔΙ34690ΒΩ-ΨΛ7,2025-10-08,"ΠΡΟΜΗΘΕΙΑ ΟΡΘΟΠΕΔΙΚΟΥ ΥΛΙΚΟΥ ΧΩΡΙΣ ΣΥΜΒΑΣΗ ΜΕ ΑΠΟΦΑΣΗ ΔΣ 27/13-6-2024 (Θ.21ο) ,27/13-6-2024 (Θ.37ο) ΤΟΝ ΜΗΝΑ ΙΟΥΝΙΟ 2024 ΣΥΜΦΩΝΑ ΜΕ ΤΙΣ ΔΙΑΤΑΞΕΙΣ ΤΟΥ Ν. 5161/2024 αρθ.14 (ΦΕΚ 196/τ. Α΄/29-11-2024",998333221,ΠΡΟΗΓΜΕΝΑ ΙΑΤΡΙΚΑ ΠΡΟΙΟΝΤΑ ΚΑΙ ΥΠΗΡΕΣΙΕΣ ΜΟΝΟΠΡΟΣΩΠΗ ΕΤΑΙΡΙΑ ΠΕΡΙΟΡΙΣΜΕΝΗΣ ΕΥΘΥΝΗΣ,11955.85,,1313β01
ΨΜ064690ΒΩ-6ΑΥ,2025-10-08,ΠΡΟΜΗΘΕΙΑ ΦΑΡΜΑΚΕΥΤΙΚΟΥ ΥΛΙΚΟΥ ΝΟΣΟΚΟΜΕΙΟΥ ΓΙΑ ΤΟΥΣ ΜΗΝΕΣ ΙΟΥΛΙΟ ΕΩΣ ΝΟΕΜΒΡΙΟ 2023 (ΓΔΟΥ/οικ.59434/31-7-2018) ΠΡΟΣΘΕΤΟ REBATE Β' ΕΞΑΜΗΝΟΥ 2023 THΣ ΠΑΡ.3 TOY AΡΘΡΟ 35 TOY N. 3918/2011) ΚΑΙ ΣΥΜΦΩΝΑ ΜΕ ΤΙΣ ΔΙΑΤΑΞΕΙΣ ΤΟΥ Ν.5216/2025 αρθ.44 (ΦΕΚ 118/ τ.Α΄/07/07/2025),094041553,DEMO ΑΝΩΝΥΜΟΣ ΒΙΟΜΗΧΑΝΙΚΗ ΚΑΙ ΕΜΠΟΡΙΚΗ ΕΤΑΙΡΕΙΑ ΦΑΡΜΑΚΩΝ,62430.38,,1312β01
9ΩΡΜ4690ΒΩ-6ΥΨ,2025-10-08,ΥΠΗΡΕΣΙΕΣ ΑΣΘΕΝΟΦΟΡΩΝ ΓΙΑ ΤΗΝ ΕΞΥΠΗΡΕΤΣΗ ΔΕΥΤΕΡΟΓΕΝΩΝ ΔΙΑΚΟΜΙΔΩΝ ΜΕ ΣΥΜΒΑΣΗ ΑΠΟ 20/4/2024 ΕΩΣ 30/6/2024 (ΣΥΜΒ. 128/2025) ΣΥΜΦΩΝΑ ΜΕ ΤΙΣ ΔΙΑΤΑΞΕΙΣ ΤΟΥ Ν. 5216/2025 αρθ.44 (ΦΕΚ 118 /τ. Α'/ 07-07-2025,801448170,ΘΕΣΣΑΛΙΚΗ ΙΑΤΡΟΝΟΣΗΛΕΥΤΙΚΗ ΦΡΟΝΤΙΔΑ Ι Κ Ε,25283.1,,0439α01
ΨΘΛΡ4690ΒΩ-Ζ8Ω,2025-10-06,"ΤΑΚΤΙΚΕΣ ΑΠΟΔΟΧΕΣ - ΕΦΗΜΕΡΙΕΣ ΑΥΓΟΥΣΤΟΥ 2025 ,ΕΦΗΜΕΡΙΕΣ ΙΟΥΝΙΟΥ 2025   ΜΕ ΚΑΘΕΣΤΩΣ ΕΚΔΟΣΗΣ ΔΕΛΤΙΟΥ ΑΠΟΔΕΙΞΗΣ ΠΑΡΟΧΗΣ ΥΠΗΡΕΣΙΩΝ ΓΙΑ ΧΡΟΝΙΚΟ ΔΙΑΣΤΗΜΑ ΔΩΔΕΚΑ ΜΗΝΩΝ  ΜΕ ΕΝΑΡΞΗ 18-10-2014 ΚΑΙ ΛΗΞΗ 17-10-2025",061977768,"ΜΑΡΑΒΕΓΙΑΣ,,ΚΩΝΣΤΑΝΤΙΝΟΣ,ΑΡΙΣΤΟΤΕΛΗΣ",2753.65,,0413α01
63Π84690ΒΩ-ΦΘΒ,2025-10-06,ΤΑΚΤΙΚΤΕΣ ΑΠΟΔΟΧΕΣ - ΕΦΗΜΕΡΙΕΣ  ΑΥΓΟΥΣΤΟΥ 2025 ΜΕ ΕΚΔΟΣΗ Α.Π.Υ.  ΓΙΑ ΤΗΝ ΚΑΛΥΨΗ ΕΠΙΤΑΚΤΙΚΩΝ ΑΝΑΓΚΩΝ ΩΤΟΡΙΝΟΛΑΡΥΓΓΟΛΟΓΙΚΟΥ ΤΜΗΜΑΤΟΣ ΠΡΩΙΝΟΥ ΤΑΚΤΙΚΟΥ ΩΡΑΡΙΟΥ  ΓΙΑ (12) ΔΩΔΕΚΑ  ΜΗΝΕΣ (15/5/2025 ΕΩΣ 14/5/2026),034322654,"ΚΑΡΑΓΚΟΥΝΗΣ,,ΠΑΝΑΓΙΩΤΗΣ,ΔΗΜΟΣ",1576.08,,0413α01
984Γ4690ΒΩ-0Α0,2025-10-06,ΤΑΚΤΙΚΕΣ ΑΠΟΔΟΧΕΣ -  ΕΦΗΜΕΡΙΕΣ  ΑΥΓΟΥΣΤΟΥ 2025  ΜΕ ΕΚΔΟΣΗ Α.Π.Υ. ΓΙΑ ΤΗΝ ΚΑΛΥΨΗ ΕΠΙΤΑΚΤΙΚΩΝ ΑΝΑΓΚΩΝ  ΠΡΩΙΝΟΥ ΤΑΚΤΙΚΟΥ ΩΡΑΡΙΟΥ ΓΙΑ ΔΩΔΕΚΑ ΜΗΝΕΣ (17/2/2025  ΕΩΣ 16/2/2026) ΣΤΟ ΤΜΗΜΑ ΧΗΜΕΙΟΘΕΡΑΠΕΙΑΣ,156785626,"ΑΡΒΑΝΙΤΗ,,ΚΩΝΣΤΑΝΤΙΝΑ,ΓΕΩΡΓΙΟΣ",265.44,,0413α01
ΨΑΝΣ4690ΒΩ-5Λ3,2025-10-06,ΑΜΟΙΒΗ ΙΔΙΩΤΗ ΙΑΤΡΟΥ ΓΙΑ ΕΦΗΜΕΡΙΕΣ ΣΤΟ Μ/Γ ΤΜΗΜΑ ΤΟΝ ΜΗΝΑ  ΑΥΓΟΥΣΤΟ 2025 ΜΕ ΚΑΘΕΣΤΩΣ ΕΚΔΟΣΗΣ ΔΕΛΤΙΟΥ ΑΠΟΔΕΙΞΗΣ ΠΑΡΟΧΗΣ ΥΠΗΡΕΣΙΩΝ ΓΙΑ ΤΡΕΙΣ ΜΗΝΕΣ ΑΠΟ 8/7/2025 ΕΩΣ 30/9/2025,120430983,"ΘΑΝΟΠΟΥΛΟΥ,,ΒΑΣΙΛΙΚΗ,ΔΗΜΗΤΡΙΟΣ",750.0,,0413α01
ΡΗ8Β4690ΒΩ-Ι9Ρ,2025-10-06,ΑΜΟΙΒΗ ΙΔΙΩΤΗ ΙΑΤΡΟΥ ΓΙΑ ΕΦΗΜΕΡΙΕΣ ΣΤΟ ΟΡΘΟΠΕΔΙΚΟ ΤΜΗΜΑ ΤΟΝ ΜΗΝΑ  ΑΥΓΟΥΣΤΟ 2025 ΜΕ ΚΑΘΕΣΤΩΣ ΕΚΔΟΣΗΣ ΔΕΛΤΙΟΥ ΑΠΟΔΕΙΞΗΣ ΠΑΡΟΧΗΣ ΥΠΗΡΕΣΙΩΝ ΓΙΑ ΤΡΕΙΣ ΜΗΝΕΣ ΑΠΟ 8/7/2025 ΕΩΣ 30/9/2025,057539932,"ΜΠΕΗΣ,,ΚΩΝΣΤΑΝΤΙΝΟΣ,ΙΩΑΝΝΗΣ",1000.0,,0413α01
ΡΨΟΤ4690ΒΩ-ΩΒΑ,2025-10-06,ΑΜΟΙΒΗ ΙΔΙΩΤΗ ΙΑΤΡΟΥ ΓΙΑ ΕΦΗΜΕΡΙΕΣ ΣΤΟ ΧΕΙΡΟΥΡΓΙΚΟ ΤΜΗΜΑ ΤΟΝ ΜΗΝΑ  ΑΥΓΟΥΣΤΟ 2025 ΜΕ ΚΑΘΕΣΤΩΣ ΕΚΔΟΣΗΣ ΔΕΛΤΙΟΥ ΑΠΟΔΕΙΞΗΣ ΠΑΡΟΧΗΣ ΥΠΗΡΕΣΙΩΝ ΓΙΑ ΤΡΕΙΣ ΜΗΝΕΣ ΑΠΟ 8/7/2025 ΕΩΣ 30/9/2025,113589615,"ΖΙΑΜΑΣ,,ΔΗΜΗΤΡΙΟΣ,ΧΡΗΣΤΟΣ",1250.0,,0413α01
ΨΥΑ54690ΒΩ-8Ο0,2025-10-06,ΑΜΟΙΒΗ ΙΔΙΩΤΗ ΙΑΤΡΟΥ ΕΙΔΙΚΟΤΗΤΑΣ ΟΔΟΝΤΙΑΤΡΙΚΗΣ ΓΙΑ ΚΑΛΥΨΗ ΕΦΗΜΕΡΙΩΝΤΟΝ ΜΗΝΑ  ΑΥΓΟΥΣΤΟ 2025 ΜΕ ΕΚΔΟΣΗ ΔΕΛΤΙΟΥ ΑΠΟΔΕΙΞΗΣ ΠΑΡΟΧΗΣ ΥΠΗΡΕΣΙΩΝ ΓΙΑ ΤΟ ΧΡΟΝΙΚΟ ΔΙΑΣΤΗΜΑ  ΤΡΙΩΝ (3) ΜΗΝΩΝ ΑΠΟ 8/7/2025 ΕΩΣ 30/9/2025,050588536,"ΡΟΥΜΠΟΣ,,ΝΙΚΟΛ,ΙΩΑΝΝΗΣ",1250.0,,0413α01
94Υ74690ΒΩ-ΚΚΤ,2025-10-02,": ΠΡΟΜΗΘΕΙΑ ΥΓΕΙΟΝΟΜΙΚΟΥ ΥΛΙΚΟΥ (ΓΑΖΑ) ΜΕ ΣΥΜΒΑΣΗ (ΣΥΜ.534/2024) ΓΙΑ ΤΟΥΣ ΜΗΝΕΣ ΣΕΠΤΕΜΒΡΙΟ 2024,ΟΚΤΩΒΡΙΟ 2024 ΣΥΜΦΩΝΑ ΜΕ ΤΙΣ ΔΙΑΤΑΞΕΙΣ ΤΟΥ Ν.5216/2025 αρθ.44 (ΦΕΚ 118/ τ.Α΄/07/07/2025)",801043454,HIPPOKRATIS ΑΝΩΝΥΜΗ ΕΤΑΙΡΙΑ,7838.56,,1311β01
ΨΗΙ24690ΒΩ-6ΔΧ,2025-10-02,ΔΙΑΤΑΞΕΙΣ ΕΝΔΟΣΚΟΠΙΑΣ ΚΑΙ ΕΝΔΟΧΕΙΡΟΥΡΓΙΚΗΣ ΜΕ ΣΥΜΒΑΣΗ ΤΟΝ ΜΗΝΑ ΙΟΥΝΙΟ 2025 (ΣΥΜΒ. 408/2025) ΣΥΜΦΩΝΑ ΜΕ ΤΙΣ ΔΙΑΤΑΞΕΙΣ ΤΟΥ Ν. 5216/2025 αρθ.44 (ΦΕΚ 118 /τ. Α'/ 07-07-2025,094007897,ΚΟΠΕΡ ΦΑΡΜΑΚΟΒΙΟΜΗΧΑΝΙΑΑΝΩΝΥΜΗ ΕΤΑΙΡΕΙΑ,21700.0,,9429α01
97ΡΖ4690ΒΩ-ΖΒΟ,2025-10-02,ΥΓΕΙΟΝΟΜΙΚΟ ΥΛΙΚΟ ΜΕ ΣΥΜΒΑΣΗ ΤΟΝ ΜΗΝΑ ΙΑΝΟΥΑΡΙΟ 2025 (ΣΥΜΒ. 745/2024) ΑΠΑΞ ΠΑΡΑΓΓΕΛΙΑ ΣΥΜΦΩΝΑ ΜΕ ΤΙΣ ΔΙΑΤΑΞΕΙΣ ΤΟΥ Ν. 5216/2025 αρθ.44 (ΦΕΚ 118 /τ. Α'/ 07-07-2025,997802230,MILIMED  ΑΝΩΝΥΜΗ ΕΤΑΙΡΕΙΑ ΑΝΤΙΠΡΟΣΩΠΕΥΣΗΣ ΙΑΤΡΙΚΩΝ ΜΗΧΑΝΗΜΑΤΩΝ ΚΑΙ ΣΥΝΑΦΩΝ ΕΙΔΩΝ ΤΕΧΝΙΚΗ ΚΑΤΑΣΚΕΥΑΣΤΙΚΗ ΔΙΑΦΗΜΙΣΤΙΚΗ,3480.0,,9429α01
6ΤΤ04690ΒΩ-Θ0Ε,2025-10-02,ΕΡΓΑΛΕΙΑ ΧΕΙΡΟΥΡΓΕΙΟΥ ΙΙ ΜΕ ΣΥΜΒΑΣΗ ΤΟΝ ΜΗΝΑ ΝΟΕΜΒΡΙΟ 2024 (ΣΥΜΒ. 582/2024 ΧΕ 3190/2024) ΣΥΜΦΩΝΑ ΜΕ ΤΙΣ ΔΙΑΤΑΞΕΙΣ ΤΟΥ Ν. 5161/2024 αρθ.14 (ΦΕΚ 196/τ. Α΄/29-11-2024,082525697,ΑΝΑΣΤΑΣΙΟΣ ΜΑΥΡΟΓΕΝΗΣ ΙΑΤΡΟΤΕΧΝΟΛΟΓΙΚΑ ΕΙΔΗ ΑΝΩΝΥΜΗ ΕΤΑΙΡΕΙΑ,10909.52,,9429β01
ΨΥΤ64690ΒΩ-0ΩΨ,2025-10-02,ΠΡΟΜΗΘΕΙΑ ΤΡΑΠΕΖΙΚΩΝ ΕΡΓΑΣΙΩΝ ΓΙΑ ΕΞΕΡΧΟΜΕΝΕΣ ΜΕΤΑΦΟΡΕΣ ΠΙΣΤΩΣΕΩΝ ΣΕ ΤΡΑΠΕΖΕΣ ΤΟΥ ΕΞΩΤΕΡΙΚΟΥ (Χ.Ε. 1839/2025),094014250,EUROBANK ERGASIAS ΥΠΗΡΕΣΙΩΝ ΚΑΙ ΣΥΜΜΕΤΟΧΩΝ ΑΝΩΝΥΜΗ ΕΤΑΙΡΕΙΑ,1.2,,0431α01
Ψ4ΣΩ4690ΒΩ-ΜΧΝ,2025-10-02,ΕΡΓΑΛΕΙΑ ΧΕΙΡΟΥΡΓΕΙΟΥ Ι ΜΕ ΣΥΜΒΑΣΗ ΤΟΝ ΜΗΝΑ ΝΟΕΜΒΡΙΟ 2024 (ΣΥΜΒ. 585/2024 ΧΕ 3191/2024) ΣΥΜΦΩΝΑ ΜΕ ΤΙΣ ΔΙΑΤΑΞΕΙΣ ΤΟΥ Ν. 5161/2024 αρθ.14 (ΦΕΚ 196/τ. Α΄/29-11-2024,082525697,ΑΝΑΣΤΑΣΙΟΣ ΜΑΥΡΟΓΕΝΗΣ ΙΑΤΡΟΤΕΧΝΟΛΟΓΙΚΑ ΕΙΔΗ ΑΝΩΝΥΜΗ ΕΤΑΙΡΕΙΑ,2938.8,,9429β01
9ΤΣΔ4690ΒΩ-Μ9Κ,2025-10-02,ΠΡΟΜΗΘΕΙΑ ΤΡΑΠΕΖΙΚΩΝ ΕΡΓΑΣΙΩΝ ΓΙΑ ΕΞΕΡΧΟΜΕΝΕΣ ΜΕΤΑΦΟΡΕΣ ΠΙΣΤΩΣΕΩΝ ΣΕ ΤΡΑΠΕΖΕΣ ΤΟΥ ΕΞΩΤΕΡΙΚΟΥ (ΧΕ 1834/2025 ),094014250,EUROBANK ERGASIAS ΥΠΗΡΕΣΙΩΝ ΚΑΙ ΣΥΜΜΕΤΟΧΩΝ ΑΝΩΝΥΜΗ ΕΤΑΙΡΕΙΑ,1.2,,0431α01
97284690ΒΩ-439,2025-10-02,ΥΛΙΚΑ ΑΓΓΕΙΟΓΡΑΦΙΑΣ ΜΕ ΣΥΜΒΑΣΗ ΤΟΝ ΜΗΝΑ ΝΟΕΜΒΡΙΟ 2024 (ΣΥΜΒ.74/2024 ΧΕ 3173/2024) ΣΥΜΦΩΝΑ ΜΕ ΤΙΣ ΔΙΑΤΑΞΕΙΣ ΤΟΥ Ν. 5161/2024 αρθ.14 (ΦΕΚ 196/τ. Α΄/29-11-2024,801944625,INNOVIS MEDICAL DEVICES ΜΟΝΟΠΡΟΣΩΠΗ ΑΝΩΝΥΜΗ ΕΤΑΙΡΕΙΑ ΕΜΠΟΡΙΑΣ ΙΑΤΡΟΤΕΧΝΟΛΟΓΙΚΩΝ ΠΡΟΙΟΝΤΩΝ,2486.0,,9429β01
6ΧΙΧ4690ΒΩ-Χ4Τ,2025-10-02,"ΚΟΙΝΟΧΡΗΣΤΑ ΔΙΑΜΕΡΙΣΜΑΤΟΣ Β1 ΕΠΙ ΤΗΣ ΣΕΦΕΛ 1 - ΙΑΣΟΝΟΣ ΞΕΝΩΝΑ ""ΦΙΛΥΡΑ"" ΙΔΙΟΚΤΗΣΙΑΣ ΓΝΒ ΓΙΑ ΤΟΝ ΜΗΝΑ ΙΟΥΝΙΟ 2025",020724195,"ΝΤΑΓΟΥΛΟΥΔΗΣ,,ΣΙΔΕΡΗΣ,ΜΙΧΑΗΛ",37.0,,0813α06
ΨΥ344690ΒΩ-5ΑΕ,2025-10-02,ΣΥΝΤΗΡΗΣΗ ΕΠΙΣΚΕΥΗ ΑΝΕΛΚΥΣΤΗΡΩΝ ΣΤΟΝ ΞΕΝΩΝΑ ΄΄ΦΙΛΥΡΑ΄΄ ΜΕ ΣΥΜΒΑΣΗ ΑΠΟ 28/2/2025 ΕΩΣ 27/3/2025 (ΣΥΜΒ.537/2024 ΧΕ 78/2025 ),800357297,Ι Δ ΚΩΝΣΤΑΝΤΟΠΟΥΛΟΣ ΕΓΚΑΤΑΣΤΑΣΗ ΕΠΙΣΚΕΥΗ ΣΥΝΤΗΡΗΣΗ ΚΑΤΑΣΚΕΥΗ Κ ΕΜΠΟΡΙΑ ΕΙΔΩΝ ΑΝΕΛΚΥΣΤΗΡΩΝ ΑΒΕΕ,131.13,,0879α06
9ΗΞΥ4690ΒΩ-Ξ1Ι,2025-10-02,ΣΥΝΤΗΡΗΣΗ- ΕΠΙΣΚΕΥΗ ΑΝΕΛΚΥΣΤΗΡΩΝ ΞΕΝΩΝΑ ΄΄ΑΡΙΑΔΝΗ ΄΄ ΜΕ ΣΥΜΒΑΣΗ ΑΠΟ 28/2/2025 ΕΩΣ 27/3/2025 (ΣΥΜΒ. 537/2024 ΧΕ 77/2025,800357297,Ι Δ ΚΩΝΣΤΑΝΤΟΠΟΥΛΟΣ ΕΓΚΑΤΑΣΤΑΣΗ ΕΠΙΣΚΕΥΗ ΣΥΝΤΗΡΗΣΗ ΚΑΤΑΣΚΕΥΗ Κ ΕΜΠΟΡΙΑ ΕΙΔΩΝ ΑΝΕΛΚΥΣΤΗΡΩΝ ΑΒΕΕ,131.13,,0879α05
9ΓΓΝ4690ΒΩ-ΓΗΣ,2025-10-02,ΣΥΝΤΗΡΗΣΗ ΕΠΙΣΚΕΥΗ ΑΝΕΛΚΥΣΤΗΡΩΝ ΠΑΛΑΙΑΣ ΚΑΙ ΝΕΑΣ ΠΤΕΡΥΓΑΣ ΓΝΒ ΜΕ ΣΥΜΒΑΣΗ ΑΠΟ 28/2/2025 ΕΩΣ 27/3/2025 (ΣΥΜΒ. 537/2024 ΧΕ 76/2025,800357297,Ι Δ ΚΩΝΣΤΑΝΤΟΠΟΥΛΟΣ ΕΓΚΑΤΑΣΤΑΣΗ ΕΠΙΣΚΕΥΗ ΣΥΝΤΗΡΗΣΗ ΚΑΤΑΣΚΕΥΗ Κ ΕΜΠΟΡΙΑ ΕΙΔΩΝ ΑΝΕΛΚΥΣΤΗΡΩΝ ΑΒΕΕ,2098.08,,0879β01
9ΚΥ64690ΒΩ-3Σ2,2025-10-02,ΣΥΝΤΗΡΗΣΗ - ΕΠΙΣΚΕΥΗ ΑΝΕΛΚΥΣΤΗΡΩΝ ΚΨΥ ΜΕ ΣΥΜΒΑΣΗ ΑΠΟ 28/2/2025 ΕΩΣ 27/3/2025 (ΣΥΜΒ.537/2024 ΧΕ 79/2025),800357297,Ι Δ ΚΩΝΣΤΑΝΤΟΠΟΥΛΟΣ ΕΓΚΑΤΑΣΤΑΣΗ ΕΠΙΣΚΕΥΗ ΣΥΝΤΗΡΗΣΗ ΚΑΤΑΣΚΕΥΗ Κ ΕΜΠΟΡΙΑ ΕΙΔΩΝ ΑΝΕΛΚΥΣΤΗΡΩΝ ΑΒΕΕ,131.13,,0879α09
Ψ0Ο54690ΒΩ-ΟΛ3,2025-10-02,ΠΡΟΜΗΘΕΙΑ ΥΓΕΙΟΝΟΜΙΚΟΥ ΥΛΙΚΟΥ (ΔΙΑΤΑΞΕΙΣ ΕΝΔΟΣΚΟΠΙΑΣ ΚΑΙ ΕΝΔΟΧΕΙΡΟΥΡΓΙΚΗΣ) ΜΕ ΣΥΜΒΑΣΗ ΤΟΝ ΜΗΝΑ ΜΑΡΤΙΟ 2024(ΣΥΜΒ. 78/2024) ΣΥΜΦΩΝΑ ΜΕ ΤΙΣ ΔΙΑΤΑΞΕΙΣ ΤΟΥ Ν. 5161/2024 αρθ.14 (ΦΕΚ 196/τ. Α΄/29-11-2024,094007897,ΚΟΠΕΡ ΦΑΡΜΑΚΟΒΙΟΜΗΧΑΝΙΑΑΝΩΝΥΜΗ ΕΤΑΙΡΕΙΑ,21700.0,,1311β01
973Α4690ΒΩ-ΕΤ5,2025-10-02,ΠΡΟΜΗΘΕΙΑ ΥΓΕΙΟΝΟΜΙΚΟΥ ΥΛΙΚΟΥ (ΚΑΘΕΤΗΡΕΣ ) ΜΕ ΣΥΜΒΑΣΗ ΤΟΝ ΜΗΝΑ ΙΟΥΝΙΟ 2024 (ΣΥΜΒ. 312/2024) ΣΥΜΦΩΝΑ ΜΕ ΤΙΣ ΔΙΑΤΑΞΕΙΣ ΤΟΥ Ν. 5161/2024 αρθ.14 (ΦΕΚ 196/τ. Α΄/29-11-2024,082525697,ΑΝΑΣΤΑΣΙΟΣ ΜΑΥΡΟΓΕΝΗΣ ΙΑΤΡΟΤΕΧΝΟΛΟΓΙΚΑ ΕΙΔΗ ΑΝΩΝΥΜΗ ΕΤΑΙΡΕΙΑ,4047.66,,1311β01
9ΔΗ94690ΒΩ-Σ1Θ,2025-10-02,ΠΡΟΜΗΘΕΙΑ ΟΡΘΟΠΕΔΙΚΟΥ ΥΛΙΚΟΥ ΜΕ ΣΥΜΒΑΣΗ ΤΟΝ ΜΗΝΑ ΙΟΥΝΙΟ 2024 (ΣΥΜΒ.332/2024) ΑΠΑΞ ΠΑΡΑΓΓΕΛΙΑ ΣΥΜΦΩΝΑ ΜΕ ΤΙΣ ΔΙΑΤΑΞΕΙΣ ΤΟΥ Ν. 5161/2024 αρθ.14 (ΦΕΚ 196/τ. Α΄/29-11-2024,998333221,ΠΡΟΗΓΜΕΝΑ ΙΑΤΡΙΚΑ ΠΡΟΙΟΝΤΑ ΚΑΙ ΥΠΗΡΕΣΙΕΣ ΜΟΝΟΠΡΟΣΩΠΗ ΕΤΑΙΡΙΑ ΠΕΡΙΟΡΙΣΜΕΝΗΣ ΕΥΘΥΝΗΣ,3123.54,,1313β01
ΨΖΓΖ4690ΒΩ-1ΧΤ,2025-09-30,ΑΥΤΟΜΑΤΗ ΕΓΓΡΑΦΗ (ΤΡΑΠΕΖΙΚΑ ΕΞΟΔΑ ) ΛΟΓΑΡΙΣΜΟΥ ΓΙΑ ΠΛΗΡΩΜΕΣ ΠΡΟΜΗΘΕΥΤΩΝ,094014213,ΤΡΑΠΕΖΑ ΤΗΣ ΕΛΛΑΔΟΣ ΑΕ,48.1,,0431α01
ΡΦΠΜ4690ΒΩ-ΗΨΕ,2025-09-30,ΑΥΤΟΜΑΤΗ ΕΓΓΡΑΦΗ (ΤΡΑΠΕΖΙΚΑ ΕΞΟΔΑ ) ΛΟΓΑΡΙΣΜΟΥ ΓΙΑ ΠΛΗΡΩΜΕΣ ΠΡΟΜΗΘΕΥΤΩΝ,094014250,EUROBANK ERGASIAS ΥΠΗΡΕΣΙΩΝ ΚΑΙ ΣΥΜΜΕΤΟΧΩΝ ΑΝΩΝΥΜΗ ΕΤΑΙΡΕΙΑ,6.8,,0431α01
Ψ11Λ4690ΒΩ-8Φ0,2025-09-24,ΙΑΤΡΙΚΕΣ ΣΥΣΚΕΥΕΣ (ΣΥΣΤΗΜΑ ΕΚΤΥΠΩΣΗΣ ΚΑΣΕΤΩΝ ΒΙΟΨΙΑΣ ΚΑΙ ΑΝΤΙΚΕΙΜΕΝΟΦΟΡΩΝ ΠΛΑΚΩΝ ΜΕ ΣΥΜΒΑΣΗ ΤΟΝ ΜΗΝΑ ΣΕΠΤΕΜΒΡΙΟ 2024 ΣΥΜΒ.401/2024,099518023,Α ΔΕΡΒΟΣ Γ ΔΗΜΗΤΡΑΚΟΠΟΥΛΟΣ ΚΑΙ ΣΙΑ ΑΝΩΝΥΜΗ ΕΤΑΙΡΙΑ ΕΙΣΑΓΩΓΗΣ ΚΑΙ ΕΜΠΟΡΙΑΣ ΕΠΙΣΤΗΜΟΝΙΚΩΝ ΟΡΓΑΝΩΝ ΚΑΙ ΦΑΡΜΑΚΕΥΤΙΚΩΝ ΠΡΟΙΟΝ,58900.0,,9749β01
ΡΣΣΔ4690ΒΩ-ΜΜ2,2025-09-24,"ΠΡΟΜΗΘΕΙΑ ΝΩΠΩΝ ΚΡΕΑΤΩΝ ΜΕ ΣΥΜΒΑΣΗ ΤΟΥΣ ΜΗΝΕΣ ΔΕΚΕΜΒΡΙΟ 2024,ΙΑΝΟΥΑΡΙΟ,ΦΕΒΡΟΥΑΡΙΟ,ΜΑΡΤΙΟ 2025 (ΣΥΜΒ.738/2024) ΣΥΜΦΩΝΑ ΜΕ ΤΙΣ ΔΙΑΤΑΞΕΙΣ ΤΟΥ Ν. 5216/2025 αρθ.44 (ΦΕΚ 118 /τ. Α'/ 07-07-2025",997565624,ΑΙΓΑΙΟΝ ΓΕΝΙΚΗ ΠΡΟΜΗΘΕΥΤΙΚΗ ΤΡΟΦΙΜΩΝ ΕΠΕ,14551.58,,1511α01
ΡΣΣΔ4690ΒΩ-ΜΜ2,2025-09-24,"ΠΡΟΜΗΘΕΙΑ ΝΩΠΩΝ ΚΡΕΑΤΩΝ ΜΕ ΣΥΜΒΑΣΗ ΤΟΥΣ ΜΗΝΕΣ ΔΕΚΕΜΒΡΙΟ 2024,ΙΑΝΟΥΑΡΙΟ,ΦΕΒΡΟΥΑΡΙΟ,ΜΑΡΤΙΟ 2025 (ΣΥΜΒ.738/2024) ΣΥΜΦΩΝΑ ΜΕ ΤΙΣ ΔΙΑΤΑΞΕΙΣ ΤΟΥ Ν. 5216/2025 αρθ.44 (ΦΕΚ 118 /τ. Α'/ 07-07-2025",997565624,ΑΙΓΑΙΟΝ ΓΕΝΙΚΗ ΠΡΟΜΗΘΕΥΤΙΚΗ ΤΡΟΦΙΜΩΝ ΕΠΕ,2472.72,,1511β01
9ΔΦΗ4690ΒΩ-3Κ0,2026-07-03,ΕΝΤΑΛΜΑ ΠΛΗΡΩΜΗΣ ΓΕΝΙΚΟ ΝΟΣΟΚΟΜΕΙΟ 'ΠΑΠΑΓΕΩΡΓΙΟΥ' (090074403),090074403,ΓΕΝΙΚΟ ΝΟΣΟΚΟΜΕΙΟ 'ΠΑΠΑΓΕΩΡΓΙΟΥ' (090074403),534.24,,
9ΩΝΟ4690ΒΩ-ΔΦ5,2026-07-10,ΕΝΤΑΛΜΑ ΠΛΗΡΩΜΗΣ ΝΕΑ ΔΙΑΓΝΩΣΤΙΚΗ ΔΙΑΣΤΑΣΗ Ε.Π.Ε (095618368),095618368,ΝΕΑ ΔΙΑΓΝΩΣΤΙΚΗ ΔΙΑΣΤΑΣΗ Ε.Π.Ε (095618368),312.48,,
ΨΓΞΨ4690ΒΩ-ΦΙΡ,2026-07-07,ΕΝΤΑΛΜΑ ΠΛΗΡΩΜΗΣ ΚΟΥΚΟΥΣΕΛΗΣ ΑΝΑΣΤΑΣΙΟΣ ΜΟΝ. Ι.Κ.Ε. (800727737),800727737,ΚΟΥΚΟΥΣΕΛΗΣ ΑΝΑΣΤΑΣΙΟΣ ΜΟΝ. Ι.Κ.Ε. (800727737),641.84,,
Ψ1ΖΚ4690ΒΩ-ΖΒΠ,2026-07-08,ΕΝΤΑΛΜΑ ΠΛΗΡΩΜΗΣ ΕΛΛΕΝΚΟ ΑΕ (094074824),094074824,ΕΛΛΕΝΚΟ ΑΕ (094074824),466.02,,
ΨΜ934690ΒΩ-ΜΧ1,2026-07-09,ΕΝΤΑΛΜΑ ΠΛΗΡΩΜΗΣ ΛΕΩΝΙΔΑΣ ΚΑΝΕΛΛΟΣ    ΣΙΑ  Ο.Ε. (093401589),093401589,ΛΕΩΝΙΔΑΣ ΚΑΝΕΛΛΟΣ    ΣΙΑ  Ο.Ε. (093401589),223.2,,
ΨΠΨΑ4690ΒΩ-9ΞΝ,2026-07-08,ΕΝΤΑΛΜΑ ΠΛΗΡΩΜΗΣ ΕΘΝΙΚΟ   ΚΑΠΟΔΙΣΤΡΙΑΚΟ ΠΑΝΕΠΙΣΤΗΜΙΟ ΑΘΗΝΩΝ (090145420),090145420,ΕΘΝΙΚΟ   ΚΑΠΟΔΙΣΤΡΙΑΚΟ ΠΑΝΕΠΙΣΤΗΜΙΟ ΑΘΗΝΩΝ (090145420),500.0,,
ΨΧΜΨ4690ΒΩ-ΥΕΒ,2026-07-02,ΕΝΤΑΛΜΑ ΠΛΗΡΩΜΗΣ ΓΕΩΡΓΑΚΑΣ ΚΩΝΣΤΑΝΤΙΝΟΣ (062216690),062216690,ΓΕΩΡΓΑΚΑΣ ΚΩΝΣΤΑΝΤΙΝΟΣ (062216690),41.13,,
9ΧΖΝ4690ΒΩ-7ΛΧ,2026-07-02,ΕΝΤΑΛΜΑ ΠΛΗΡΩΜΗΣ ΟΡΑΜΑ Α.Ε (999873782),999873782,ΟΡΑΜΑ Α.Ε (999873782),292.64,,
ΡΡΟΛ4690ΒΩ-7Γ5,2026-07-02,ΕΝΤΑΛΜΑ ΠΛΗΡΩΜΗΣ ΚΟΥΚΙΟΥ Ε. ΜΟΝ. Ε.Π.Ε. (800407336),800407336,ΚΟΥΚΙΟΥ Ε. ΜΟΝ. Ε.Π.Ε. (800407336),235.6,,
ΨΕΨΘ4690ΒΩ-1ΚΣ,2026-07-15,ΕΝΤΑΛΜΑ ΠΛΗΡΩΜΗΣ MART HELLAS A.E. (999401508),999401508,MART HELLAS A.E. (999401508),472.44,,
9ΓΚΠ4690ΒΩ-ΝΥΤ,2026-07-07,ΕΝΤΑΛΜΑ ΠΛΗΡΩΜΗΣ DUCASCO ΔΟΥPΜΟΥΣΟΓΛΟΥ α.ε.β.ε (999640490),999640490,DUCASCO ΔΟΥPΜΟΥΣΟΓΛΟΥ α.ε.β.ε (999640490),592.12,,
ΨΕΔΦ4690ΒΩ-ΨΕ6,2026-07-02,ΕΝΤΑΛΜΑ ΠΛΗΡΩΜΗΣ INTER MEDICA  ΕΜΜ. Τ. ΤΖΑΝΙΔΑΚΗΣ (011651035),011651035,INTER MEDICA  ΕΜΜ. Τ. ΤΖΑΝΙΔΑΚΗΣ (011651035),868.0,,
9ΤΠΨ4690ΒΩ-Ρ29,2026-07-02,ΕΝΤΑΛΜΑ ΠΛΗΡΩΜΗΣ ΛΑΒΔΑΚΗΣ ΕΜΜΑΝΟΥΗΛ Ο.Ε (081576638),081576638,ΛΑΒΔΑΚΗΣ ΕΜΜΑΝΟΥΗΛ Ο.Ε (081576638),287.68,,
6ΑΨΥ4690ΒΩ-ΝΚΩ,2026-07-03,ΕΝΤΑΛΜΑ ΠΛΗΡΩΜΗΣ DAMPLAID ΕΜΠΟΡΙΟ ΙΑΤΡΙΚΩΝ ΕΙΔΩΝ Α.Ε. (999397435),999397435,DAMPLAID ΕΜΠΟΡΙΟ ΙΑΤΡΙΚΩΝ ΕΙΔΩΝ Α.Ε. (999397435),372.0,,
Ψ6ΩΨ4690ΒΩ-ΛΔΒ,2026-07-14,ΕΝΤΑΛΜΑ ΠΛΗΡΩΜΗΣ ΛΙΝΤΕ ΕΛΛΑΣ ΜΟΝΟΠΡΟΣΩΠΗ Ε.Π.Ε (095167018),095167018,ΛΙΝΤΕ ΕΛΛΑΣ ΜΟΝΟΠΡΟΣΩΠΗ Ε.Π.Ε (095167018),124.0,,
ΨΧΦ84690ΒΩ-ΥΛΨ,2026-07-10,ΕΝΤΑΛΜΑ ΠΛΗΡΩΜΗΣ ΑΛΚΟΝ ΛΑΜΠΟΡΑΤΟΡΙΣ ΕΛΛΑΣ ΑΕΒΕ (094450895),094450895,ΑΛΚΟΝ ΛΑΜΠΟΡΑΤΟΡΙΣ ΕΛΛΑΣ ΑΕΒΕ (094450895),935.79,,
Ψ1ΣΜ4690ΒΩ-ΠΧ0,2026-07-01,ΕΝΤΑΛΜΑ ΠΛΗΡΩΜΗΣ ΑΝΑΣΤΑΣΙΑΔΗΣ Σ. -ΜΑΡΚΟΠΟΥΛΟΣ Π.  Ο.Ε (099982692),099982692,ΑΝΑΣΤΑΣΙΑΔΗΣ Σ. -ΜΑΡΚΟΠΟΥΛΟΣ Π.  Ο.Ε (099982692),254.2,,
ΨΞ4Μ4690ΒΩ-ΗΛΨ,2026-07-02,ΕΝΤΑΛΜΑ ΠΛΗΡΩΜΗΣ ΑΝΑΣΤΑΣΙΑΔΗΣ Σ. -ΜΑΡΚΟΠΟΥΛΟΣ Π.  Ο.Ε (099982692),099982692,ΑΝΑΣΤΑΣΙΑΔΗΣ Σ. -ΜΑΡΚΟΠΟΥΛΟΣ Π.  Ο.Ε (099982692),111.6,,
9ΙΕΠ4690ΒΩ-ΘΗ8,2026-07-20,ΕΝΤΑΛΜΑ ΠΛΗΡΩΜΗΣ ΚΑΛΤΕΚ ΑΕ ΕΜΠΟΡΙΑ ΙΑΤΡΙΚΩΝ ΕΙΔΩΝ ΚΑΙ ΠΡΟΙΟΝΤΩΝ ΚΑΙ ΜΗΧΑΝΗΜΑΤΩΝ  ΑΝΩΝΥΜΗ ΕΤΑΙΡΕΙΑ (999307110),999307110,ΚΑΛΤΕΚ ΑΕ ΕΜΠΟΡΙΑ ΙΑΤΡΙΚΩΝ ΕΙΔΩΝ ΚΑΙ ΠΡΟΙΟΝΤΩΝ ΚΑΙ ΜΗΧΑΝΗΜΑΤΩΝ  ΑΝΩΝΥΜΗ ΕΤΑΙΡΕΙΑ (999307110),39127.14,,
ΡΨΕΓ4690ΒΩ-ΙΜΑ,2026-07-16,ΕΝΤΑΛΜΑ ΠΛΗΡΩΜΗΣ BIOGENESYS  Ι.Κ.Ε. (099805952),099805952,BIOGENESYS  Ι.Κ.Ε. (099805952),15070.81,,
ΨΠ0Ι4690ΒΩ-ΘΒΝ,2026-07-14,ΕΝΤΑΛΜΑ ΠΛΗΡΩΜΗΣ ΚΟΠΕΡ Α.Ε. (094007897),094007897,ΚΟΠΕΡ Α.Ε. (094007897),4527.4,,
ΨΜΔΑ4690ΒΩ-ΔΛΔ,2026-07-14,ΕΝΤΑΛΜΑ ΠΛΗΡΩΜΗΣ ΚΟΠΕΡ Α.Ε. (094007897),094007897,ΚΟΠΕΡ Α.Ε. (094007897),6893.0,,
6ΥΤΣ4690ΒΩ-ΦΙ7,2026-07-14,ΕΝΤΑΛΜΑ ΠΛΗΡΩΜΗΣ ΚΟΠΕΡ Α.Ε. (094007897),094007897,ΚΟΠΕΡ Α.Ε. (094007897),3037.44,,
98Χ04690ΒΩ-ΙΑ8,2026-07-14,ΕΝΤΑΛΜΑ ΠΛΗΡΩΜΗΣ ΚΟΠΕΡ Α.Ε. (094007897),094007897,ΚΟΠΕΡ Α.Ε. (094007897),3037.44,,
681Ξ4690ΒΩ-Ζ0Υ,2026-07-14,ΕΝΤΑΛΜΑ ΠΛΗΡΩΜΗΣ ΚΟΠΕΡ Α.Ε. (094007897),094007897,ΚΟΠΕΡ Α.Ε. (094007897),4495.14,,
Ψ0ΒΓ4690ΒΩ-ΒΜΓ,2026-07-14,ΕΝΤΑΛΜΑ ΠΛΗΡΩΜΗΣ ΚΟΠΕΡ Α.Ε. (094007897),094007897,ΚΟΠΕΡ Α.Ε. (094007897),7274.94,,
9ΦΦΜ4690ΒΩ-Φ2Κ,2026-07-17,ΕΝΤΑΛΜΑ ΠΛΗΡΩΜΗΣ ΤΡΑΠΕΖΑ  EUROBANK AE (094014250),094014250,ΤΡΑΠΕΖΑ  EUROBANK AE (094014250),4.0,,
ΨΕΠΖ4690ΒΩ-ΟΓ3,2026-07-17,ΕΝΤΑΛΜΑ ΠΛΗΡΩΜΗΣ BIOGENESYS  Ι.Κ.Ε. (099805952),099805952,BIOGENESYS  Ι.Κ.Ε. (099805952),6074.88,,
ΨΨΞΞ4690ΒΩ-ΓΛΥ,2026-07-16,ΕΝΤΑΛΜΑ ΠΛΗΡΩΜΗΣ BIOGENESYS  Ι.Κ.Ε. (099805952),099805952,BIOGENESYS  Ι.Κ.Ε. (099805952),2575.27,,
ΡΟΕ54690ΒΩ-ΒΡΟ,2026-07-16,ΕΝΤΑΛΜΑ ΠΛΗΡΩΜΗΣ BIOGENESYS  Ι.Κ.Ε. (099805952),099805952,BIOGENESYS  Ι.Κ.Ε. (099805952),5612.71,,
ΨΗ6Σ4690ΒΩ-Φ4Α,2026-07-16,ΕΝΤΑΛΜΑ ΠΛΗΡΩΜΗΣ BIOGENESYS  Ι.Κ.Ε. (099805952),099805952,BIOGENESYS  Ι.Κ.Ε. (099805952),6074.88,,
ΨΤΔ84690ΒΩ-ΘΗΚ,2026-07-14,ΕΝΤΑΛΜΑ ΠΛΗΡΩΜΗΣ ΚΟΠΕΡ Α.Ε. (094007897),094007897,ΚΟΠΕΡ Α.Ε. (094007897),3396.78,,
65ΞΗ4690ΒΩ-ΘΜΣ,2026-07-16,ΕΝΤΑΛΜΑ ΠΛΗΡΩΜΗΣ DUCASCO ΔΟΥPΜΟΥΣΟΓΛΟΥ α.ε.β.ε (999640490),999640490,DUCASCO ΔΟΥPΜΟΥΣΟΓΛΟΥ α.ε.β.ε (999640490),1926.81,,
ΡΨ1Π4690ΒΩ-613,2026-07-20,ΕΝΤΑΛΜΑ ΠΛΗΡΩΜΗΣ MEDIC PLAN HEALTH PROJECT IKE (999961120),999961120,MEDIC PLAN HEALTH PROJECT IKE (999961120),4203.6,,
6ΑΑΥ4690ΒΩ-Ξ98,2026-07-20,ΕΝΤΑΛΜΑ ΠΛΗΡΩΜΗΣ ΠΡΩΤΟΝ A.E. (094442268),094442268,ΠΡΩΤΟΝ A.E. (094442268),4017.6,,
ΨΒΙ84690ΒΩ-5Α6,2026-07-15,ΕΝΤΑΛΜΑ ΠΛΗΡΩΜΗΣ ΠΑΠΑΕΛΛΗΝΑΣ  Α. ΚΩΣΤΑΣ (ΕΛΛΑΣ) Α.Ε.Β.Ε. (094075360),094075360,ΠΑΠΑΕΛΛΗΝΑΣ  Α. ΚΩΣΤΑΣ (ΕΛΛΑΣ) Α.Ε.Β.Ε. (094075360),7223.99,,
ΨΔ894690ΒΩ-5ΚΙ,2026-07-20,ΕΝΤΑΛΜΑ ΠΛΗΡΩΜΗΣ ΘΕΣΣΑΛΙΚΗ ΙΑΤΡΟΝΟΣΗΛΕΥΤΙΚΗ ΦΡΟΝΤΙΔΑ ΙΚΕ (801448170),801448170,ΘΕΣΣΑΛΙΚΗ ΙΑΤΡΟΝΟΣΗΛΕΥΤΙΚΗ ΦΡΟΝΤΙΔΑ ΙΚΕ (801448170),14549.55,,
9ΣΓΥ4690ΒΩ-ΜΙ4,2026-07-20,ΕΝΤΑΛΜΑ ΠΛΗΡΩΜΗΣ SCIBA A.E (997673950),997673950,SCIBA A.E (997673950),892.7,,
ΨΨΣ14690ΒΩ-ΔΞΡ,2026-07-17,ΕΝΤΑΛΜΑ ΠΛΗΡΩΜΗΣ ΚΟΠΕΡ Α.Ε. (094007897),094007897,ΚΟΠΕΡ Α.Ε. (094007897),5952.84,,
Ψ9Κ14690ΒΩ-4ΩΝ,2026-07-20,ΕΝΤΑΛΜΑ ΠΛΗΡΩΜΗΣ ΠΑΠΑΠΟΣΤΟΛΟΥ Ν. ΑΕ (095029193),095029193,ΠΑΠΑΠΟΣΤΟΛΟΥ Ν. ΑΕ (095029193),1367.72,,
97ΘΤ4690ΒΩ-ΥΑΞ,2026-07-17,ΕΝΤΑΛΜΑ ΠΛΗΡΩΜΗΣ ΚΟΠΕΡ Α.Ε. (094007897),094007897,ΚΟΠΕΡ Α.Ε. (094007897),3037.44,,
93364690ΒΩ-2ΥΕ,2026-07-20,ΕΝΤΑΛΜΑ ΠΛΗΡΩΜΗΣ SANIMED-ΜΑΡΙΝΑ ΓΕΩΡΓΑΚΗ   ΣΙΑ Ε.Ε (999324154),999324154,SANIMED-ΜΑΡΙΝΑ ΓΕΩΡΓΑΚΗ   ΣΙΑ Ε.Ε (999324154),2572.52,,
Ψ0ΣΗ4690ΒΩ-ΤΡ5,2026-07-20,ΕΝΤΑΛΜΑ ΠΛΗΡΩΜΗΣ ΓΕΝΙΚΗ ΧΗΜΙΚΩΝ ΠΡΟΙΟΝΤΩΝ Α.Ε. (094133588),094133588,ΓΕΝΙΚΗ ΧΗΜΙΚΩΝ ΠΡΟΙΟΝΤΩΝ Α.Ε. (094133588),4965.45,,
942Μ4690ΒΩ-4ΜΤ,2026-07-03,ΕΝΤΑΛΜΑ ΠΛΗΡΩΜΗΣ ΒΙΟΠΡΟΜΗΘΕΥΤΙΚΗ ΜΟΝΟΠΡΟΣΩΠΗ  Ε.Π.Ε. (099007886),099007886,ΒΙΟΠΡΟΜΗΘΕΥΤΙΚΗ ΜΟΝΟΠΡΟΣΩΠΗ  Ε.Π.Ε. (099007886),1928.45,,
Ψ3ΘΙ4690ΒΩ-52Μ,2026-07-02,ΕΝΤΑΛΜΑ ΠΛΗΡΩΜΗΣ ΒΙΟΔΥΝΑΜΙΚΗ ΑΕ (094138676),094138676,ΒΙΟΔΥΝΑΜΙΚΗ ΑΕ (094138676),1562.4,,
9ΓΗΖ4690ΒΩ-Θ1Ρ,2026-07-02,ΕΝΤΑΛΜΑ ΠΛΗΡΩΜΗΣ KARTEX Ν.ΚΑΡΑΛΗΣ   ΣΙΑ Ε.Ε (093781188),093781188,KARTEX Ν.ΚΑΡΑΛΗΣ   ΣΙΑ Ε.Ε (093781188),1997.44,,
ΨΠΝΩ4690ΒΩ-ΟΨΡ,2026-07-14,ΕΝΤΑΛΜΑ ΠΛΗΡΩΜΗΣ ΓΕΝΙΚΗ ΧΗΜΙΚΩΝ ΠΡΟΙΟΝΤΩΝ Α.Ε. (094133588),094133588,ΓΕΝΙΚΗ ΧΗΜΙΚΩΝ ΠΡΟΙΟΝΤΩΝ Α.Ε. (094133588),3762.08,,
Ψ7ΩΩ4690ΒΩ-ΗΟ0,2026-07-08,ΕΝΤΑΛΜΑ ΠΛΗΡΩΜΗΣ ΣΤΑΜΑΤΟΠΟΥΛΟΣ ΘΕΟΔΩΡΟΣ τ. ΚΩΝ/ΝΟΥ (036533207),036533207,ΣΤΑΜΑΤΟΠΟΥΛΟΣ ΘΕΟΔΩΡΟΣ τ. ΚΩΝ/ΝΟΥ (036533207),2362.0,,
63ΛΞ4690ΒΩ-ΕΗ9,2026-07-10,ΕΝΤΑΛΜΑ ΠΛΗΡΩΜΗΣ DRAEGER  HELLAS A.E (997799268),997799268,DRAEGER  HELLAS A.E (997799268),1653.33,,
Ρ4ΖΤ4690ΒΩ-ΨΤΤ,2026-07-10,ΕΝΤΑΛΜΑ ΠΛΗΡΩΜΗΣ ABBOTT LABORATORIES  ΕΛΛΑΣ  Α.Β.Ε.Ε. (094027257),094027257,ABBOTT LABORATORIES  ΕΛΛΑΣ  Α.Β.Ε.Ε. (094027257),1496.73,,
6ΔΙ64690ΒΩ-ΛΜΝ,2026-07-08,ΕΝΤΑΛΜΑ ΠΛΗΡΩΜΗΣ ΑΝΤΙ-ΣΕΛ ΑΦΟΙ A.ΣΕΛΙΔΗ A.Ε. (091569759),091569759,ΑΝΤΙ-ΣΕΛ ΑΦΟΙ A.ΣΕΛΙΔΗ A.Ε. (091569759),13715.64,,
ΡΦ044690ΒΩ-ΦΙΔ,2026-07-08,ΕΝΤΑΛΜΑ ΠΛΗΡΩΜΗΣ LERIVA AE (997985840),997985840,LERIVA AE (997985840),4464.0,,
ΡΘ1Χ4690ΒΩ-1ΟΟ,2026-07-10,ΕΝΤΑΛΜΑ ΠΛΗΡΩΜΗΣ ΥΓΕΙΟΔΥΝΑΜΙΚΗ Α.Ε. ΙΑΤΡΙΚΩΝ ΕΦΟΔΙΩΝ (997672386),997672386,ΥΓΕΙΟΔΥΝΑΜΙΚΗ Α.Ε. ΙΑΤΡΙΚΩΝ ΕΦΟΔΙΩΝ (997672386),1905.23,,
ΨΙ9Φ4690ΒΩ-7ΣΟ,2026-07-14,ΕΝΤΑΛΜΑ ΠΛΗΡΩΜΗΣ ΞΙΩΤΙΔΗΣ ΒΑΣΙΛΕΙΟΣ   ΣΙΑ ΕΕ   (ΕΒΡΟΣΟΦΤ) (999748725),999748725,ΞΙΩΤΙΔΗΣ ΒΑΣΙΛΕΙΟΣ   ΣΙΑ ΕΕ   (ΕΒΡΟΣΟΦΤ) (999748725),319.18,,
Ρ5ΛΨ4690ΒΩ-2Ξ9,2026-07-14,ΕΝΤΑΛΜΑ ΠΛΗΡΩΜΗΣ ΜΟΚΚΑΣ ΝΙΚ. ΒΛΑΣΙΟΣ (043422663),043422663,ΜΟΚΚΑΣ ΝΙΚ. ΒΛΑΣΙΟΣ (043422663),750.66,,
9ΥΣΖ4690ΒΩ-ΜΙ0,2026-07-07,ΕΝΤΑΛΜΑ ΠΛΗΡΩΜΗΣ ΚΟΥΚΟΥΣΕΛΗΣ ΑΝΑΣΤΑΣΙΟΣ ΜΟΝ. Ι.Κ.Ε. (800727737),800727737,ΚΟΥΚΟΥΣΕΛΗΣ ΑΝΑΣΤΑΣΙΟΣ ΜΟΝ. Ι.Κ.Ε. (800727737),112.55,,
ΨΚ3Υ4690ΒΩ-Υ7Ψ,2026-07-10,ΕΝΤΑΛΜΑ ΠΛΗΡΩΜΗΣ ETEL A.E. (099554950),099554950,ETEL A.E. (099554950),3472.0,,
ΨΟΒΕ4690ΒΩ-6ΓΔ,2026-07-10,ΕΝΤΑΛΜΑ ΠΛΗΡΩΜΗΣ PROGNOSIS BIOTECH ΑΝΩΝΥΜΗ ΕΤΑΙΡΕΙΑ (997845150),997845150,PROGNOSIS BIOTECH ΑΝΩΝΥΜΗ ΕΤΑΙΡΕΙΑ (997845150),5181.28,,
ΨΦ9Α4690ΒΩ-3ΛΨ,2026-07-10,ΕΝΤΑΛΜΑ ΠΛΗΡΩΜΗΣ ΚΥΡΙΑΚΙΔΗΣ Ι.Μ. Α.Ε. (094128820),094128820,ΚΥΡΙΑΚΙΔΗΣ Ι.Μ. Α.Ε. (094128820),5897.74,,
9ΗΡΚ4690ΒΩ-4ΥΟ,2026-07-08,ΕΝΤΑΛΜΑ ΠΛΗΡΩΜΗΣ ΚΑΡΑΓΚΟΥΝΗΣ ΠΑΝΑΓΙΩΤΗΣ τ. ΔΗΜΟΥ (034322654),034322654,ΚΑΡΑΓΚΟΥΝΗΣ ΠΑΝΑΓΙΩΤΗΣ τ. ΔΗΜΟΥ (034322654),1589.13,,
6ΤΧΨ4690ΒΩ-5ΥΝ,2026-07-03,ΕΝΤΑΛΜΑ ΠΛΗΡΩΜΗΣ ΒΙΟΠΡΟΜΗΘΕΥΤΙΚΗ ΜΟΝΟΠΡΟΣΩΠΗ  Ε.Π.Ε. (099007886),099007886,ΒΙΟΠΡΟΜΗΘΕΥΤΙΚΗ ΜΟΝΟΠΡΟΣΩΠΗ  Ε.Π.Ε. (099007886),1857.04,,
6ΔΛΚ4690ΒΩ-8ΗΕ,2026-07-14,ΕΝΤΑΛΜΑ ΠΛΗΡΩΜΗΣ BOSTON SCIENTIFIC ΕΛΛΑΣ Α.Ε. (094474807),094474807,BOSTON SCIENTIFIC ΕΛΛΑΣ Α.Ε. (094474807),1683.7,,
Ψ7ΧΑ4690ΒΩ-ΝΙΝ,2026-07-08,ΕΝΤΑΛΜΑ ΠΛΗΡΩΜΗΣ ΚΑΡΑΓΕΩΡΓΙΟΥ ΚΩΝΣΤΑΝΤΙΝΟΣ ΤΟΥ ΔΗΜΗΤΡΙΟΥ (145461522),145461522,ΚΑΡΑΓΕΩΡΓΙΟΥ ΚΩΝΣΤΑΝΤΙΝΟΣ ΤΟΥ ΔΗΜΗΤΡΙΟΥ (145461522),1000.0,,
ΨΘΓΩ4690ΒΩ-5Μ9,2026-07-08,ΕΝΤΑΛΜΑ ΠΛΗΡΩΜΗΣ ΡΟΥΜΠΟΣ ΝΙΚΟΛΑΟΣ τ. ΙΩΑΝΝΗ (050588536),050588536,ΡΟΥΜΠΟΣ ΝΙΚΟΛΑΟΣ τ. ΙΩΑΝΝΗ (050588536),1000.0,,
9ΚΓ84690ΒΩ-Υ2Π,2026-07-14,ΕΝΤΑΛΜΑ ΠΛΗΡΩΜΗΣ ΤΣΑΓΚΑΛΗΣ ΑΝΤΩΝΙΟΣ τ. ΒΑΣΙΛΕΙΟΥ (051790865),051790865,ΤΣΑΓΚΑΛΗΣ ΑΝΤΩΝΙΟΣ τ. ΒΑΣΙΛΕΙΟΥ (051790865),1250.0,,
ΨΙΨ74690ΒΩ-0ΛΟ,2026-07-16,ΕΝΤΑΛΜΑ ΠΛΗΡΩΜΗΣ ΘΑΝΟΠΟΥΛΟΥ ΒΑΣΙΛΙΚΗ τ. ΔΗΜΗΤΡΙΟΥ (120430983),120430983,ΘΑΝΟΠΟΥΛΟΥ ΒΑΣΙΛΙΚΗ τ. ΔΗΜΗΤΡΙΟΥ (120430983),500.0,,
Ψ3Π84690ΒΩ-ΑΩ1,2026-07-16,ΕΝΤΑΛΜΑ ΠΛΗΡΩΜΗΣ ΤΡΑΠΕΖΑ  EUROBANK AE (094014250),094014250,ΤΡΑΠΕΖΑ  EUROBANK AE (094014250),4.0,,
Ρ07Β4690ΒΩ-0Σ9,2026-07-16,ΕΝΤΑΛΜΑ ΠΛΗΡΩΜΗΣ ZIMMER BIOMET ΕΛΛΑΣ ΜΟΝΟΠΡΟΣΩΠΗ  Α.Ε. (094437885),094437885,ZIMMER BIOMET ΕΛΛΑΣ ΜΟΝΟΠΡΟΣΩΠΗ  Α.Ε. (094437885),3129.26,,
6ΣΒΥ4690ΒΩ-ΕΘ3,2026-07-16,ΕΝΤΑΛΜΑ ΠΛΗΡΩΜΗΣ ZIMMER BIOMET ΕΛΛΑΣ ΜΟΝΟΠΡΟΣΩΠΗ  Α.Ε. (094437885),094437885,ZIMMER BIOMET ΕΛΛΑΣ ΜΟΝΟΠΡΟΣΩΠΗ  Α.Ε. (094437885),2837.61,,
ΨΓΗ84690ΒΩ-ΘΙΜ,2026-07-16,ΕΝΤΑΛΜΑ ΠΛΗΡΩΜΗΣ ZIMMER BIOMET ΕΛΛΑΣ ΜΟΝΟΠΡΟΣΩΠΗ  Α.Ε. (094437885),094437885,ZIMMER BIOMET ΕΛΛΑΣ ΜΟΝΟΠΡΟΣΩΠΗ  Α.Ε. (094437885),3875.74,,
936Α4690ΒΩ-4ΧΦ,2026-07-16,ΕΝΤΑΛΜΑ ΠΛΗΡΩΜΗΣ ZIMMER BIOMET ΕΛΛΑΣ ΜΟΝΟΠΡΟΣΩΠΗ  Α.Ε. (094437885),094437885,ZIMMER BIOMET ΕΛΛΑΣ ΜΟΝΟΠΡΟΣΩΠΗ  Α.Ε. (094437885),3319.72,,
ΡΕΙΨ4690ΒΩ-ΝΓΝ,2026-07-16,ΕΝΤΑΛΜΑ ΠΛΗΡΩΜΗΣ ZIMMER BIOMET ΕΛΛΑΣ ΜΟΝΟΠΡΟΣΩΠΗ  Α.Ε. (094437885),094437885,ZIMMER BIOMET ΕΛΛΑΣ ΜΟΝΟΠΡΟΣΩΠΗ  Α.Ε. (094437885),3837.48,,
ΨΩΖΖ4690ΒΩ-70Υ,2026-07-15,ΕΝΤΑΛΜΑ ΠΛΗΡΩΜΗΣ ΠΑΠΑΕΛΛΗΝΑΣ  Α. ΚΩΣΤΑΣ (ΕΛΛΑΣ) Α.Ε.Β.Ε. (094075360),094075360,ΠΑΠΑΕΛΛΗΝΑΣ  Α. ΚΩΣΤΑΣ (ΕΛΛΑΣ) Α.Ε.Β.Ε. (094075360),3659.49,,
6ΧΦΑ4690ΒΩ-ΕΩΥ,2026-07-10,ΕΝΤΑΛΜΑ ΠΛΗΡΩΜΗΣ ACROMED ΜΟΝΟΠΡΟΣΩΠΗ ΙΔΙΩΤΙΚΗ ΚΕΦΑΛΑΙΟΥΧΙΚΗ ΕΤΑΙΡΕΙΑ (801707750),801707750,ACROMED ΜΟΝΟΠΡΟΣΩΠΗ ΙΔΙΩΤΙΚΗ ΚΕΦΑΛΑΙΟΥΧΙΚΗ ΕΤΑΙΡΕΙΑ (801707750),723.77,,
ΨΒΩ34690ΒΩ-ΣΣΤ,2026-07-10,ΕΝΤΑΛΜΑ ΠΛΗΡΩΜΗΣ V L VIOLAK INTERNATIONAL   A.E. (099370337),099370337,V L VIOLAK INTERNATIONAL   A.E. (099370337),416.97,,
ΨΙΡΔ4690ΒΩ-ΥΜΓ,2026-07-14,ΕΝΤΑΛΜΑ ΠΛΗΡΩΜΗΣ ΛΙΝΤΕ ΕΛΛΑΣ ΜΟΝΟΠΡΟΣΩΠΗ Ε.Π.Ε (095167018),095167018,ΛΙΝΤΕ ΕΛΛΑΣ ΜΟΝΟΠΡΟΣΩΠΗ Ε.Π.Ε (095167018),1851.38,,
ΨΛΗΠ4690ΒΩ-Ν6Ν,2026-07-10,ΕΝΤΑΛΜΑ ΠΛΗΡΩΜΗΣ OPEN CARE  IKE (800423557),800423557,OPEN CARE  IKE (800423557),1052.51,,
9Ε144690ΒΩ-Δ55,2026-07-10,ΕΝΤΑΛΜΑ ΠΛΗΡΩΜΗΣ ΑΝΑΓΝΩΣΤΟΥ ΧΡΙΣΤΟΔΟΥΛΟΣ   ΣΙΑ Ε.Ε. (800324752),800324752,ΑΝΑΓΝΩΣΤΟΥ ΧΡΙΣΤΟΔΟΥΛΟΣ   ΣΙΑ Ε.Ε. (800324752),1536.8,,
ΨΜΙΒ4690ΒΩ-Θ3Δ,2026-07-10,ΕΝΤΑΛΜΑ ΠΛΗΡΩΜΗΣ ΑΛΦΑ ΜΕΝΤΙΚΑΛ ΑΕΒΕ (095580571),095580571,ΑΛΦΑ ΜΕΝΤΙΚΑΛ ΑΕΒΕ (095580571),1581.52,,
Ψ7Τ84690ΒΩ-ΒΔΦ,2026-07-13,ΕΝΤΑΛΜΑ ΠΛΗΡΩΜΗΣ ΑΛΦΑ ΜΕΝΤΙΚΑΛ ΑΕΒΕ (095580571),095580571,ΑΛΦΑ ΜΕΝΤΙΚΑΛ ΑΕΒΕ (095580571),2767.66,,
9ΝΛ24690ΒΩ-ΓΚΛ,2026-07-14,ΕΝΤΑΛΜΑ ΠΛΗΡΩΜΗΣ Y LOGIMED Α.Ε (094446034),094446034,Y LOGIMED Α.Ε (094446034),4802.5,,
Ψ45Φ4690ΒΩ-ΧΤΒ,2026-07-16,ΕΝΤΑΛΜΑ ΠΛΗΡΩΜΗΣ DRAEGER  HELLAS A.E (997799268),997799268,DRAEGER  HELLAS A.E (997799268),4482.6,,
ΨΡΨΞ4690ΒΩ-Κ2Γ,2026-07-10,ΕΝΤΑΛΜΑ ΠΛΗΡΩΜΗΣ ΚΟΣΜΙΔΗΣ  ΧΑΡ. ΠΕΤΡΟΣ     ΣΙΑ  Ε.Ε. (999685389),999685389,ΚΟΣΜΙΔΗΣ  ΧΑΡ. ΠΕΤΡΟΣ     ΣΙΑ  Ε.Ε. (999685389),3961.25,,
9Χ2Δ4690ΒΩ-3ΕΠ,2026-07-13,ΕΝΤΑΛΜΑ ΠΛΗΡΩΜΗΣ MEDIC PLAN HEALTH PROJECT IKE (999961120),999961120,MEDIC PLAN HEALTH PROJECT IKE (999961120),4960.0,,
ΨΜΓ64690ΒΩ-Ρ1Ξ,2026-07-13,ΕΝΤΑΛΜΑ ΠΛΗΡΩΜΗΣ ABBOTT LABORATORIES  ΕΛΛΑΣ  Α.Β.Ε.Ε. (094027257),094027257,ABBOTT LABORATORIES  ΕΛΛΑΣ  Α.Β.Ε.Ε. (094027257),30167.02,,
ΨΗΥΡ4690ΒΩ-ΠΜΧ,2026-07-15,ΕΝΤΑΛΜΑ ΠΛΗΡΩΜΗΣ ZIMMER BIOMET ΕΛΛΑΣ ΜΟΝΟΠΡΟΣΩΠΗ  Α.Ε. (094437885),094437885,ZIMMER BIOMET ΕΛΛΑΣ ΜΟΝΟΠΡΟΣΩΠΗ  Α.Ε. (094437885),3164.59,,
ΨΤΗ34690ΒΩ-ΡΕ9,2026-07-15,ΕΝΤΑΛΜΑ ΠΛΗΡΩΜΗΣ ΙΑΜΕΞ  ΙΑΤΡΙΚΑ  ΕΙΔΗ  Α.Ε. (999212027),999212027,ΙΑΜΕΞ  ΙΑΤΡΙΚΑ  ΕΙΔΗ  Α.Ε. (999212027),3075.86,,
ΡΠΑ84690ΒΩ-Μ7Α,2026-07-15,ΕΝΤΑΛΜΑ ΠΛΗΡΩΜΗΣ ZIMMER BIOMET ΕΛΛΑΣ ΜΟΝΟΠΡΟΣΩΠΗ  Α.Ε. (094437885),094437885,ZIMMER BIOMET ΕΛΛΑΣ ΜΟΝΟΠΡΟΣΩΠΗ  Α.Ε. (094437885),15645.54,,
6ΝΛΨ4690ΒΩ-5ΩΚ,2026-07-15,ΕΝΤΑΛΜΑ ΠΛΗΡΩΜΗΣ ΙΑΜΕΞ  ΙΑΤΡΙΚΑ  ΕΙΔΗ  Α.Ε. (999212027),999212027,ΙΑΜΕΞ  ΙΑΤΡΙΚΑ  ΕΙΔΗ  Α.Ε. (999212027),6765.31,,
ΨΠΙΓ4690ΒΩ-Ζ9Μ,2026-07-15,ΕΝΤΑΛΜΑ ΠΛΗΡΩΜΗΣ ZIMMER BIOMET ΕΛΛΑΣ ΜΟΝΟΠΡΟΣΩΠΗ  Α.Ε. (094437885),094437885,ZIMMER BIOMET ΕΛΛΑΣ ΜΟΝΟΠΡΟΣΩΠΗ  Α.Ε. (094437885),4832.92,,
ΨΑΔΛ4690ΒΩ-ΞΙΥ,2026-07-15,ΕΝΤΑΛΜΑ ΠΛΗΡΩΜΗΣ ZIMMER BIOMET ΕΛΛΑΣ ΜΟΝΟΠΡΟΣΩΠΗ  Α.Ε. (094437885),094437885,ZIMMER BIOMET ΕΛΛΑΣ ΜΟΝΟΠΡΟΣΩΠΗ  Α.Ε. (094437885),3205.76,,
Ρ7ΚΟ4690ΒΩ-ΚΡΚ,2026-07-15,ΕΝΤΑΛΜΑ ΠΛΗΡΩΜΗΣ ZIMMER BIOMET ΕΛΛΑΣ ΜΟΝΟΠΡΟΣΩΠΗ  Α.Ε. (094437885),094437885,ZIMMER BIOMET ΕΛΛΑΣ ΜΟΝΟΠΡΟΣΩΠΗ  Α.Ε. (094437885),3131.84,,
909Σ4690ΒΩ-ΔΡΩ,2026-07-14,ΕΝΤΑΛΜΑ ΠΛΗΡΩΜΗΣ ΚΟΠΕΡ Α.Ε. (094007897),094007897,ΚΟΠΕΡ Α.Ε. (094007897),8534.12,,
Ψ77Μ4690ΒΩ-75Φ,2026-07-14,ΕΝΤΑΛΜΑ ΠΛΗΡΩΜΗΣ ΚΟΠΕΡ Α.Ε. (094007897),094007897,ΚΟΠΕΡ Α.Ε. (094007897),3878.16,,
9Δ0Φ4690ΒΩ-ΥΤΡ,2026-07-14,ΕΝΤΑΛΜΑ ΠΛΗΡΩΜΗΣ ΚΟΠΕΡ Α.Ε. (094007897),094007897,ΚΟΠΕΡ Α.Ε. (094007897),2585.51,,
62Α24690ΒΩ-2ΗΞ,2026-07-15,ΕΝΤΑΛΜΑ ΠΛΗΡΩΜΗΣ ΠΑΠΑΕΛΛΗΝΑΣ  Α. ΚΩΣΤΑΣ (ΕΛΛΑΣ) Α.Ε.Β.Ε. (094075360),094075360,ΠΑΠΑΕΛΛΗΝΑΣ  Α. ΚΩΣΤΑΣ (ΕΛΛΑΣ) Α.Ε.Β.Ε. (094075360),3751.07,,
9ΓΚΝ4690ΒΩ-7Χ0,2026-07-15,ΕΝΤΑΛΜΑ ΠΛΗΡΩΜΗΣ ΙΑΜΕΞ  ΙΑΤΡΙΚΑ  ΕΙΔΗ  Α.Ε. (999212027),999212027,ΙΑΜΕΞ  ΙΑΤΡΙΚΑ  ΕΙΔΗ  Α.Ε. (999212027),2957.49,,
ΨΜ5Ε4690ΒΩ-ΗΚΓ,2026-07-15,ΕΝΤΑΛΜΑ ΠΛΗΡΩΜΗΣ ZIMMER BIOMET ΕΛΛΑΣ ΜΟΝΟΠΡΟΣΩΠΗ  Α.Ε. (094437885),094437885,ZIMMER BIOMET ΕΛΛΑΣ ΜΟΝΟΠΡΟΣΩΠΗ  Α.Ε. (094437885),3099.59,,
98ΟΗ4690ΒΩ-ΒΥ5,2026-07-14,ΕΝΤΑΛΜΑ ΠΛΗΡΩΜΗΣ ΚΟΠΕΡ Α.Ε. (094007897),094007897,ΚΟΠΕΡ Α.Ε. (094007897),3037.44,,
ΨΟΖ24690ΒΩ-ΑΕ8,2026-07-14,ΕΝΤΑΛΜΑ ΠΛΗΡΩΜΗΣ ΚΟΠΕΡ Α.Ε. (094007897),094007897,ΚΟΠΕΡ Α.Ε. (094007897),5952.84,,
ΨΞΚΖ4690ΒΩ-ΠΝΚ,2026-07-14,ΕΝΤΑΛΜΑ ΠΛΗΡΩΜΗΣ ΚΟΠΕΡ Α.Ε. (094007897),094007897,ΚΟΠΕΡ Α.Ε. (094007897),3539.75,,
65ΚΠ4690ΒΩ-36Ξ,2026-07-14,ΕΝΤΑΛΜΑ ΠΛΗΡΩΜΗΣ ΚΟΠΕΡ Α.Ε. (094007897),094007897,ΚΟΠΕΡ Α.Ε. (094007897),5952.84,,
9ΗΡ84690ΒΩ-ΑΑΕ,2026-07-14,ΕΝΤΑΛΜΑ ΠΛΗΡΩΜΗΣ ΚΟΠΕΡ Α.Ε. (094007897),094007897,ΚΟΠΕΡ Α.Ε. (094007897),3593.63,,
ΨΟΨ04690ΒΩ-ΕΡΘ,2026-07-14,ΕΝΤΑΛΜΑ ΠΛΗΡΩΜΗΣ ΚΟΠΕΡ Α.Ε. (094007897),094007897,ΚΟΠΕΡ Α.Ε. (094007897),3493.34,,
Ψ9ΕΥ4690ΒΩ-Ξ23,2026-07-17,ΕΝΤΑΛΜΑ ΠΛΗΡΩΜΗΣ ΔΙΑΧΕΙΡΙΣΗ ΠΟΛΥΚΑΤΟΙΚΙΑΣ ΑΝΑΓΩΣΤΟΠΟΥΛΟΥ 23 (997286291),997286291,ΔΙΑΧΕΙΡΙΣΗ ΠΟΛΥΚΑΤΟΙΚΙΑΣ ΑΝΑΓΩΣΤΟΠΟΥΛΟΥ 23 (997286291),18.35,,24209250001001
Ψ9ΕΥ4690ΒΩ-Ξ23,2026-07-17,ΕΝΤΑΛΜΑ ΠΛΗΡΩΜΗΣ ΔΙΑΧΕΙΡΙΣΗ ΠΟΛΥΚΑΤΟΙΚΙΑΣ ΑΝΑΓΩΣΤΟΠΟΥΛΟΥ 23 (997286291),997286291,ΔΙΑΧΕΙΡΙΣΗ ΠΟΛΥΚΑΤΟΙΚΙΑΣ ΑΝΑΓΝΩΣΤΟΠΟΥΛΟΥ 23 ΚΑΙ ΗΡΑΚΛΕΙΤΟΥ 19 ΑΘΗΝΑ,20.39,,24209250001002
96ΞΝ4690ΒΩ-ΚΜ8,2026-07-17,ΕΝΤΑΛΜΑ ΠΛΗΡΩΜΗΣ ΝΤΑΓΟΥΛΟΥΔΗΣ ΣΙΔΕΡΗΣ του ΜΙΧΑΗΛ (020724195),020724195,ΝΤΑΓΟΥΛΟΥΔΗΣ ΣΙΔΕΡΗΣ του ΜΙΧΑΗΛ (020724195),46.0,,
Ψ06Μ4690ΒΩ-ΔΘ8,2026-07-17,ΕΝΤΑΛΜΑ ΠΛΗΡΩΜΗΣ ΦΙΛΙΠΠΙΤΖΗΣ ΣΤ. ΣΠΥΡΟΣ (067794569),067794569,ΦΙΛΙΠΠΙΤΖΗΣ ΣΤ. ΣΠΥΡΟΣ (067794569),43.4,,
9Ξ9Ζ4690ΒΩ-ΤΕΓ,2026-07-14,ΕΝΤΑΛΜΑ ΠΛΗΡΩΜΗΣ MILONAS HEALTH A.E (998179225),998179225,MILONAS HEALTH A.E (998179225),6748.17,,
ΨΜΓ84690ΒΩ-ΚΔ7,2026-07-14,ΕΝΤΑΛΜΑ ΠΛΗΡΩΜΗΣ ΜΠΑΙΟΤΡΑΝΣ ΑΕ (999506681),999506681,ΜΠΑΙΟΤΡΑΝΣ ΑΕ (999506681),15208.23,,
6ΥΜΧ4690ΒΩ-Ξ4Γ,2026-07-10,ΕΝΤΑΛΜΑ ΠΛΗΡΩΜΗΣ HEALTH  WAY  ΕΠΕ (999789340),999789340,HEALTH  WAY  ΕΠΕ (999789340),12866.28,,
99ΕΒ4690ΒΩ-Ψ1Φ,2026-07-10,ΕΝΤΑΛΜΑ ΠΛΗΡΩΜΗΣ ABBOTT LABORATORIES  ΕΛΛΑΣ  Α.Β.Ε.Ε. (094027257),094027257,ABBOTT LABORATORIES  ΕΛΛΑΣ  Α.Β.Ε.Ε. (094027257),10727.2,,
9Υ0Β4690ΒΩ-Π9Υ,2026-07-10,ΕΝΤΑΛΜΑ ΠΛΗΡΩΜΗΣ ABBOTT LABORATORIES  ΕΛΛΑΣ  Α.Β.Ε.Ε. (094027257),094027257,ABBOTT LABORATORIES  ΕΛΛΑΣ  Α.Β.Ε.Ε. (094027257),27747.26,,
ΨΠ824690ΒΩ-8ΜΞ,2026-07-08,ΕΝΤΑΛΜΑ ΠΛΗΡΩΜΗΣ ΑΛΕΞΙΟΥ ΤΗΛΕΜΑΧΟΣ τ. ΑΠΟΣΤΟΛΟΥ (029727638),029727638,ΑΛΕΞΙΟΥ ΤΗΛΕΜΑΧΟΣ τ. ΑΠΟΣΤΟΛΟΥ (029727638),14095.2,,
6ΧΡ24690ΒΩ-96Η,2026-07-08,ΕΝΤΑΛΜΑ ΠΛΗΡΩΜΗΣ ΜΗΣΙΑΚΟΥ ΑΠΟΣΤΟΛΙΑ τ. ΔΗΜΗΤΡΙΟΥ (045947635),045947635,ΜΗΣΙΑΚΟΥ ΑΠΟΣΤΟΛΙΑ τ. ΔΗΜΗΤΡΙΟΥ (045947635),11145.6,,
ΨΛΡΕ4690ΒΩ-ΜΡ1,2026-07-14,ΕΝΤΑΛΜΑ ΠΛΗΡΩΜΗΣ BOSTON SCIENTIFIC ΕΛΛΑΣ Α.Ε. (094474807),094474807,BOSTON SCIENTIFIC ΕΛΛΑΣ Α.Ε. (094474807),15899.4,,
ΨΨΒΥ4690ΒΩ-1Ο8,2026-07-14,ΕΝΤΑΛΜΑ ΠΛΗΡΩΜΗΣ ΤΡΑΠΕΖΑ  EUROBANK AE (094014250),094014250,ΤΡΑΠΕΖΑ  EUROBANK AE (094014250),4.0,,
ΨΝΩ94690ΒΩ-ΜΕ6,2026-07-14,ΕΝΤΑΛΜΑ ΠΛΗΡΩΜΗΣ ΕΝΟΡΑΣΙΣ Α.Ε. (094503580),094503580,ΕΝΟΡΑΣΙΣ Α.Ε. (094503580),7440.0,,
99Λ14690ΒΩ-Η3Φ,2026-07-10,ΕΝΤΑΛΜΑ ΠΛΗΡΩΜΗΣ ΝΤΙΑΜΕΝΤ ΕΛΛΑΣ Α.Ε.Ε (095259724),095259724,ΝΤΙΑΜΕΝΤ ΕΛΛΑΣ Α.Ε.Ε (095259724),8321.92,,
68ΛΜ4690ΒΩ-57Ι,2026-07-14,ΕΝΤΑΛΜΑ ΠΛΗΡΩΜΗΣ HIPPOKRATIS  A.E. (801043454),801043454,HIPPOKRATIS  A.E. (801043454),2873.2,,
9ΠΓΦ4690ΒΩ-ΕΤΣ,2026-07-08,ΕΝΤΑΛΜΑ ΠΛΗΡΩΜΗΣ ΙΝΕΞ Α.Ε. (094356041),094356041,ΙΝΕΞ Α.Ε. (094356041),3360.4,,
Ψ4ΨΔ4690ΒΩ-ΠΓΚ,2026-07-14,ΕΝΤΑΛΜΑ ΠΛΗΡΩΜΗΣ BOSTON SCIENTIFIC ΕΛΛΑΣ Α.Ε. (094474807),094474807,BOSTON SCIENTIFIC ΕΛΛΑΣ Α.Ε. (094474807),791.0,,
Ψ3Α64690ΒΩ-Ω41,2026-07-14,ΕΝΤΑΛΜΑ ΠΛΗΡΩΜΗΣ HIPPOKRATIS  A.E. (801043454),801043454,HIPPOKRATIS  A.E. (801043454),3416.2,,
9ΕΛΧ4690ΒΩ-ΦΑ3,2026-07-13,ΕΝΤΑΛΜΑ ΠΛΗΡΩΜΗΣ ΒΕΡΜΑ ΝΤΡΑΓΚΣ Α.Β.Ε.Ε. (099363426),099363426,ΒΕΡΜΑ ΝΤΡΑΓΚΣ Α.Β.Ε.Ε. (099363426),11419.38,,
6ΣΞ84690ΒΩ-Β9Μ,2026-07-09,ΕΝΤΑΛΜΑ ΠΛΗΡΩΜΗΣ F  M FEED ΜΟΝΟΠΡΟΣΩΠΗ Ι.ΚΕ (800502874),800502874,F  M FEED ΜΟΝΟΠΡΟΣΩΠΗ Ι.ΚΕ (800502874),5443.6,,
ΨΗΑΡ4690ΒΩ-ΛΤΥ,2026-07-14,ΕΝΤΑΛΜΑ ΠΛΗΡΩΜΗΣ ΚΟΠΕΡ Α.Ε. (094007897),094007897,ΚΟΠΕΡ Α.Ε. (094007897),35504.65,,
ΨΦΖΨ4690ΒΩ-ΙΚΜ,2026-07-14,ΕΝΤΑΛΜΑ ΠΛΗΡΩΜΗΣ ΓΕΝΙΚΗ ΧΗΜΙΚΩΝ ΠΡΟΙΟΝΤΩΝ Α.Ε. (094133588),094133588,ΓΕΝΙΚΗ ΧΗΜΙΚΩΝ ΠΡΟΙΟΝΤΩΝ Α.Ε. (094133588),9499.4,,
9Η144690ΒΩ-13Μ,2026-07-10,ΕΝΤΑΛΜΑ ΠΛΗΡΩΜΗΣ ABBOTT LABORATORIES  ΕΛΛΑΣ  Α.Β.Ε.Ε. (094027257),094027257,ABBOTT LABORATORIES  ΕΛΛΑΣ  Α.Β.Ε.Ε. (094027257),24022.52,,
9Ε994690ΒΩ-6Α9,2026-07-10,ΕΝΤΑΛΜΑ ΠΛΗΡΩΜΗΣ MENARINI  HELLAS ΦΑΡΜΑΚΕΥΤΙΚΗ Α.Ε. (094141331),094141331,MENARINI  HELLAS ΦΑΡΜΑΚΕΥΤΙΚΗ Α.Ε. (094141331),293.98,,
ΡΧ4Φ4690ΒΩ-Λ3Τ,2026-07-13,ΕΝΤΑΛΜΑ ΠΛΗΡΩΜΗΣ LAVIPHARM  HELLAS (094355289),094355289,LAVIPHARM  HELLAS (094355289),20495.54,,
6ΣΤΛ4690ΒΩ-ΧΣΣ,2026-07-15,ΕΝΤΑΛΜΑ ΠΛΗΡΩΜΗΣ ΘΕΣΣΑΛΙΚΗ ΙΑΤΡΟΝΟΣΗΛΕΥΤΙΚΗ ΦΡΟΝΤΙΔΑ ΙΚΕ (801448170),801448170,ΘΕΣΣΑΛΙΚΗ ΙΑΤΡΟΝΟΣΗΛΕΥΤΙΚΗ ΦΡΟΝΤΙΔΑ ΙΚΕ (801448170),17843.7,,
9Β3Ξ4690ΒΩ-ΖΤΥ,2026-07-16,ΕΝΤΑΛΜΑ ΠΛΗΡΩΜΗΣ MENARINI  HELLAS ΦΑΡΜΑΚΕΥΤΙΚΗ Α.Ε. (094141331),094141331,MENARINI  HELLAS ΦΑΡΜΑΚΕΥΤΙΚΗ Α.Ε. (094141331),788.19,,
ΡΤΨΞ4690ΒΩ-ΝΓ6,2026-07-13,ΕΝΤΑΛΜΑ ΠΛΗΡΩΜΗΣ LAVIPHARM  HELLAS (094355289),094355289,LAVIPHARM  HELLAS (094355289),1279.33,,
ΡΥ7Η4690ΒΩ-ΘΟΡ,2026-07-10,ΕΝΤΑΛΜΑ ΠΛΗΡΩΜΗΣ ΝΟΡΜΑ  ΕΛΛΑΣ  ΑΕ (094030004),094030004,ΝΟΡΜΑ  ΕΛΛΑΣ  ΑΕ (094030004),61902.37,,
65ΨΒ4690ΒΩ-ΜΓΚ,2026-07-09,ΕΝΤΑΛΜΑ ΠΛΗΡΩΜΗΣ ANAMEDIS IKE (800662220),800662220,ANAMEDIS IKE (800662220),4666.9,,
9ΤΣΖ4690ΒΩ-4ΤΜ,2026-07-08,ΕΝΤΑΛΜΑ ΠΛΗΡΩΜΗΣ ΙΝΕΞ Α.Ε. (094356041),094356041,ΙΝΕΞ Α.Ε. (094356041),7292.8,,
95304690ΒΩ-ΜΚΨ,2026-07-08,ΕΝΤΑΛΜΑ ΠΛΗΡΩΜΗΣ ΕΥΑΓΓΕΛΟΣ ΔΑΝΙΗΛ   ΣΙΑ ΟΕ (800187440),800187440,ΕΥΑΓΓΕΛΟΣ ΔΑΝΙΗΛ   ΣΙΑ ΟΕ (800187440),6033.84,,
ΨΘ6Κ4690ΒΩ-Ρ6Σ,2026-07-09,ΕΝΤΑΛΜΑ ΠΛΗΡΩΜΗΣ SOFMEDICA ΕΛΛΑΣ ΙΑΤΡ. ΤΕΧΝΟΛΟΓΙΑ ΑΕ (999722678),999722678,SOFMEDICA ΕΛΛΑΣ ΙΑΤΡ. ΤΕΧΝΟΛΟΓΙΑ ΑΕ (999722678),3679.08,,
ΨΠΦΚ4690ΒΩ-ΥΥΓ,2026-07-09,ΕΝΤΑΛΜΑ ΠΛΗΡΩΜΗΣ SOFMEDICA ΕΛΛΑΣ ΙΑΤΡ. ΤΕΧΝΟΛΟΓΙΑ ΑΕ (999722678),999722678,SOFMEDICA ΕΛΛΑΣ ΙΑΤΡ. ΤΕΧΝΟΛΟΓΙΑ ΑΕ (999722678),5604.8,,
90ΛΡ4690ΒΩ-Θ9Β,2026-07-16,"ΑΠΟΔΟΣΗ ΥΠΕΡ ΔΗΜΟΣΙΟΥ (ΦΟΡΟΙ 1%,4% 8%) ΕΠΙ ΤΩΝ ΕΞΟΦΛΗΘΕΝΤΩΝ ΧΕ ΜΗΝΟΣ ΙΟΥΝΙΟΥ 2026 (Φ100)",090165560,ΥΠΟΥΡΓΕΙΟ ΟΙΚΟΝΟΜΙΚΩΝ ΓΕΝΙΚΗ   ΔIEYΘΥΝΣΗ  Δ ΚΗΣΥΠ ΞΗΣ Δ ΟΙΚ,110089.71,,59301890001001
9ΥΔΛ4690ΒΩ-ΝΒΧ,2026-07-16,ΑΠΟΔΟΣΗ ΥΠΕΡ ΔΗΜΟΣΙΟΥ (ΦΟΡΟΣ 20%) ΕΠΙ ΤΩΝ ΕΞΟΦΛΗΘΕΝΤΩΝ ΧΕ ΜΗΝΟΣ ΙΟΥΝΙΟΥ 2026 (Φ100),090165560,ΥΠΟΥΡΓΕΙΟ ΟΙΚΟΝΟΜΙΚΩΝ ΓΕΝΙΚΗ   ΔIEYΘΥΝΣΗ  Δ ΚΗΣΥΠ ΞΗΣ Δ ΟΙΚ,2316.39,,59309890001001
ΨΗ9Ω4690ΒΩ-5ΓΠ,2026-07-16,ΑΠΟΔΟΣΗ ΥΠΕΡ ΠΡΟΔΙΚΑΣΤΙΚΩΝ ΠΡΟΣΦΥΓΩΝ (ΑΕΠ) ΕΠΙ ΤΩΝ ΕΞΟΦΛΗΘΕΝΤΩΝ ΧΕ ΜΗΝΟΣ ΙΟΥΝΙΟΥ 2026 (Φ100),090169674,ΥΠΟΥΡΓΕΙΟ ΔΙΚΑΙΟΣΥΝΗΣ,6.52,,59309890001001
ΨΟΞ64690ΒΩ-ΖΛΚ,2026-07-16,ΑΠΟΔΟΣΗ ΥΠΕΡ ΕΑΑΔΗΣΥ ΕΠΙ ΤΩΝ ΕΞΟΦΛΗΘΕΝΤΩΝ ΧΕ ΜΗΝΟΣ ΙΟΥΝΙΟΥ 2026 (Φ100),090166291,ΥΠΟΥΡΓΕΙΟ ΑΝΑΠΤΥΞΗΣ,1909.8,,59309890001001
ΨΛΑ94690ΒΩ-3ΧΩ,2026-07-16,ΑΠΟΔΟΣΗ ΥΠΕΡ ΨΥΧΙΚΗΣ ΥΓΕΙΑΣ (Ν 3580 2%) ΕΠΙ ΤΩΝ ΕΞΟΦΛΗΘΕΝΤΩΝ ΧΕ ΜΗΝΟΣ ΙΟΥΝΙΟΥ 2026 (Φ100),099017070,ΥΠΟΥΡΓΕΙΟ ΥΓΕΙΑΣ ΠΡΟΝΟΙΑΣ,38207.32,,59309890001001
6ΑΙΗ4690ΒΩ-8Ι9,2026-07-10,ΕΝΤΑΛΜΑ ΠΛΗΡΩΜΗΣ WIN  MEDICA ΦΑΡΜΑΚΕΥΤΙΚΗ  ΑΕ (998764807),998764807,WIN  MEDICA ΦΑΡΜΑΚΕΥΤΙΚΗ  ΑΕ (998764807),227.73,,
Ψ8ΟΧ4690ΒΩ-ΘΙΗ,2026-07-10,ΕΝΤΑΛΜΑ ΠΛΗΡΩΜΗΣ ΝΟΡΜΑ  ΕΛΛΑΣ  ΑΕ (094030004),094030004,ΝΟΡΜΑ  ΕΛΛΑΣ  ΑΕ (094030004),4446.25,,
9ΣΜΜ4690ΒΩ-ΩΒ6,2026-07-10,ΕΝΤΑΛΜΑ ΠΛΗΡΩΜΗΣ WIN  MEDICA ΦΑΡΜΑΚΕΥΤΙΚΗ  ΑΕ (998764807),998764807,WIN  MEDICA ΦΑΡΜΑΚΕΥΤΙΚΗ  ΑΕ (998764807),27191.58,,
68ΘΚ4690ΒΩ-Λ2Τ,2026-07-09,ΕΝΤΑΛΜΑ ΠΛΗΡΩΜΗΣ SOFMEDICA ΕΛΛΑΣ ΙΑΤΡ. ΤΕΧΝΟΛΟΓΙΑ ΑΕ (999722678),999722678,SOFMEDICA ΕΛΛΑΣ ΙΑΤΡ. ΤΕΧΝΟΛΟΓΙΑ ΑΕ (999722678),6961.36,,
6ΧΖ54690ΒΩ-Μ41,2026-07-16,ΑΠΟΔΟΣΗ ΥΠΕΡ ΔΗΜΟΣΙΟΥ (ΧΑΡΤ & ΟΓΑ ΧΑΡΤ) ΕΠΙ ΤΩΝ ΕΞΟΦΛΗΘΕΝΤΩΝ ΧΕ ΜΗΝΟΣ ΙΟΥΝΙΟΥ 2026 (Φ100),090165560,ΥΠΟΥΡΓΕΙΟ ΟΙΚΟΝΟΜΙΚΩΝ ΓΕΝΙΚΗ   ΔIEYΘΥΝΣΗ  Δ ΚΗΣΥΠ ΞΗΣ Δ ΟΙΚ,21.69,,59309890001001
ΨΧΜΦ4690ΒΩ-Τ20,2026-07-16,ΑΠΟΔΟΣΗ ΥΠΕΡ ΔΗΜΟΣΙΟΥ (ΦΟΡΟΣ 15%) ΕΠΙ ΤΩΝ ΕΞΟΦΛΗΘΕΝΤΩΝ ΧΕ ΜΗΝΟΣ ΙΟΥΝΙΟΥ 2026 (Φ100),090165560,ΥΠΟΥΡΓΕΙΟ ΟΙΚΟΝΟΜΙΚΩΝ ΓΕΝΙΚΗ   ΔIEYΘΥΝΣΗ  Δ ΚΗΣΥΠ ΞΗΣ Δ ΟΙΚ,63.54,,59301890001001
93Ε74690ΒΩ-ΝΧΟ,2026-07-16,ΑΠΟΔΟΣΗ ΥΠΕΡ ΨΥΧΙΚΗΣ ΥΓΕΙΑΣ (Ν 3580) ΕΠΙ ΤΩΝ ΕΞΟΦΛΗΘΕΝΤΩΝ ΧΕ ΜΗΝΟΣ ΙΟΥΝΙΟΥ 2026 (Φ600),099017070,ΥΠΟΥΡΓΕΙΟ ΥΓΕΙΑΣ ΠΡΟΝΟΙΑΣ,8.44,,59309890001001
Ψ9ΦΓ4690ΒΩ-Ι3Λ,2026-07-16,ΑΠΟΔΟΣΗ ΥΠΕΡ ΕΑΑΔΗΣΥ ΕΠΙ ΤΩΝ ΕΞΟΦΛΗΘΕΝΤΩΝ ΧΕ ΜΗΝΟΣ ΙΟΥΝΙΟΥ 2026 (Φ600),090166291,ΥΠΟΥΡΓΕΙΟ ΑΝΑΠΤΥΞΗΣ,0.44,,59309890001001
ΨΟ8Ι4690ΒΩ-8Ν9,2026-07-16,ΑΠΟΔΟΣΗ ΥΠΕΡ ΔΗΜΟΣΙΟΥ (ΦΟΡΟΣ 8%) ΕΠΙ ΤΩΝ ΕΞΟΦΛΗΘΕΝΤΩΝ ΧΕ ΜΗΝΟΣ ΙΟΥΝΙΟΥ 2026 (Φ600),090165560,ΥΠΟΥΡΓΕΙΟ ΟΙΚΟΝΟΜΙΚΩΝ ΓΕΝΙΚΗ   ΔIEYΘΥΝΣΗ  Δ ΚΗΣΥΠ ΞΗΣ Δ ΟΙΚ,33.12,,59301890001001
ΨΡΒ04690ΒΩ-6ΜΓ,2026-07-16,ΑΠΟΔΟΣΗ ΥΠΕΡ ΕΑΑΔΗΣΥ ΕΠΙ ΤΩΝ ΕΞΟΦΛΗΘΕΝΤΩΝ ΧΕ ΜΗΝΟΣ ΙΟΥΝΙΟΥ 2026 (Φ400),090166291,ΥΠΟΥΡΓΕΙΟ ΑΝΑΠΤΥΞΗΣ,0.44,,59309890001001
9Θ664690ΒΩ-ΟΨ3,2026-07-16,ΑΠΟΔΟΣΗ ΥΠΕΡ ΨΥΧΙΚΗΣ (Ν.3580) ΕΠΙ ΤΩΝ ΕΞΟΦΛΗΘΕΝΤΩΝ ΧΕ ΜΗΝΟΣ ΙΟΥΝΙΟΥ 2026 (Φ400),099017070,ΥΠΟΥΡΓΕΙΟ ΥΓΕΙΑΣ ΠΡΟΝΟΙΑΣ,8.44,,59309890001001
68ΔΛ4690ΒΩ-Π3Ψ,2026-07-16,ΑΠΟΔΟΣΗ ΥΠΕΡ ΔΗΜΟΣΙΟΥ (ΦΟΡΟΣ 8%) ΕΠΙ ΤΩΝ ΕΞΟΦΛΗΘΕΝΤΩΝ ΧΕ ΜΗΝΟΣ ΙΟΥΝΙΟΥ 2026 (Φ400),090165560,ΥΠΟΥΡΓΕΙΟ ΟΙΚΟΝΟΜΙΚΩΝ ΓΕΝΙΚΗ   ΔIEYΘΥΝΣΗ  Δ ΚΗΣΥΠ ΞΗΣ Δ ΟΙΚ,33.12,,59301890001001
966Ι4690ΒΩ-ΓΓΞ,2026-07-16,ΑΠΟΔΟΣΗ ΥΠΕΡ ΔΗΜΟΣΙΟΥ (ΦΟΡΟΣ 8%) ΕΠΙ ΤΩΝ ΕΞΟΦΛΗΘΕΝΤΩΝ ΧΕ ΜΗΝΟΣ ΙΟΥΝΙΟΥ 2026 (Φ500),090165560,ΥΠΟΥΡΓΕΙΟ ΟΙΚΟΝΟΜΙΚΩΝ ΓΕΝΙΚΗ   ΔIEYΘΥΝΣΗ  Δ ΚΗΣΥΠ ΞΗΣ Δ ΟΙΚ,33.12,,59301890001001
ΨΨΣΒ4690ΒΩ-ΚΑ2,2026-07-16,ΑΠΟΔΟΣΗ ΥΠΕΡ ΕΑΑΔΥΣΥ ΕΠΙ ΤΩΝ ΕΞΟΦΛΗΘΕΝΤΩΝ ΧΕ ΜΗΝΟΣ ΙΟΥΝΙΟΥ 2026 (Φ500),099017070,ΥΠΟΥΡΓΕΙΟ ΥΓΕΙΑΣ ΠΡΟΝΟΙΑΣ,8.44,,59309890001001
ΨΓΞΚ4690ΒΩ-Τ23,2026-07-16,ΑΠΟΔΟΣΗ ΥΠΕΡ ΕΑΑΔΥΣΥ ΕΠΙ ΤΩΝ ΕΞΟΦΛΗΘΕΝΤΩΝ ΧΕ ΜΗΝΟΣ ΙΟΥΝΙΟΥ 2026 (Φ500),090166291,ΥΠΟΥΡΓΕΙΟ ΑΝΑΠΤΥΞΗΣ,0.44,,59309890001001
Ψ7ΙΦ4690ΒΩ-82Π,2026-07-09,ΕΝΤΑΛΜΑ ΠΛΗΡΩΜΗΣ EUROSUP MON. IKE ΕΜΠΟΡΙΟ ΕΠΙΔΕΣΜΙΚΟΥ ΥΛΙΚΟΥ (800715333),800715333,EUROSUP MON. IKE ΕΜΠΟΡΙΟ ΕΠΙΔΕΣΜΙΚΟΥ ΥΛΙΚΟΥ (800715333),16272.0,,
6ΤΦ14690ΒΩ-ΝΘΠ,2026-07-09,ΕΝΤΑΛΜΑ ΠΛΗΡΩΜΗΣ ΚΟΠΕΡ Α.Ε. (094007897),094007897,ΚΟΠΕΡ Α.Ε. (094007897),7737.6,,
ΨΟΜ74690ΒΩ-99Μ,2026-07-08,ΕΝΤΑΛΜΑ ΠΛΗΡΩΜΗΣ ΙΝΕΞ Α.Ε. (094356041),094356041,ΙΝΕΞ Α.Ε. (094356041),2831.78,,
9ΡΓΡ4690ΒΩ-ΗΦΟ,2026-07-02,ΕΝΤΑΛΜΑ ΠΛΗΡΩΜΗΣ ΛΙΑΠΗΣ ΙΩΑΝΝΗΣ (036142859),036142859,ΛΙΑΠΗΣ ΙΩΑΝΝΗΣ (036142859),1418.7,,
ΨΔΥ54690ΒΩ-187,2026-07-02,ΕΝΤΑΛΜΑ ΠΛΗΡΩΜΗΣ CARRIER Ν.ΑΝ.ΕΥΡΩΠΗΣ ΚΛΙΜ/ΣΜΟΥ Α.Ε. (094438519),094438519,CARRIER Ν.ΑΝ.ΕΥΡΩΠΗΣ ΚΛΙΜ/ΣΜΟΥ Α.Ε. (094438519),1988.96,,
9ΓΛ34690ΒΩ-ΨΜ6,2026-07-01,ΕΝΤΑΛΜΑ ΠΛΗΡΩΜΗΣ IMPACKT ΕΠΕ (998046649),998046649,IMPACKT ΕΠΕ (998046649),1041.6,,
ΡΩ6Α4690ΒΩ-ΑΨΣ,2026-07-01,ΕΝΤΑΛΜΑ ΠΛΗΡΩΜΗΣ IMPROVEMED  Ι.Κ.Ε. EMΠΟΡΙΟ-ΔΙΑΘΕΣΗ ΙΑΤΡΙΚΩΝ ΕΙΔΩΝ (800541285),800541285,IMPROVEMED  Ι.Κ.Ε. EMΠΟΡΙΟ-ΔΙΑΘΕΣΗ ΙΑΤΡΙΚΩΝ ΕΙΔΩΝ (800541285),1897.2,,
ΨΨΙ34690ΒΩ-ΘΗΑ,2026-07-01,ΕΝΤΑΛΜΑ ΠΛΗΡΩΜΗΣ ΤΡΑΠΕΖΑ  EUROBANK AE (094014250),094014250,ΤΡΑΠΕΖΑ  EUROBANK AE (094014250),1.2,,
ΡΩ9Ω4690ΒΩ-6ΛΓ,2026-07-09,ΕΝΤΑΛΜΑ ΠΛΗΡΩΜΗΣ ΚΟΠΕΡ Α.Ε. (094007897),094007897,ΚΟΠΕΡ Α.Ε. (094007897),16095.2,,
ΡΟΨΟ4690ΒΩ-ΚΧΩ,2026-07-14,ΕΝΤΑΛΜΑ ΠΛΗΡΩΜΗΣ ΚΑΛΤΕΚ ΑΕ ΕΜΠΟΡΙΑ ΙΑΤΡΙΚΩΝ ΕΙΔΩΝ ΚΑΙ ΠΡΟΙΟΝΤΩΝ ΚΑΙ ΜΗΧΑΝΗΜΑΤΩΝ  ΑΝΩΝΥΜΗ ΕΤΑΙΡΕΙΑ (999307110),999307110,ΚΑΛΤΕΚ ΑΕ ΕΜΠΟΡΙΑ ΙΑΤΡΙΚΩΝ ΕΙΔΩΝ ΚΑΙ ΠΡΟΙΟΝΤΩΝ ΚΑΙ ΜΗΧΑΝΗΜΑΤΩΝ  ΑΝΩΝΥΜΗ ΕΤΑΙΡΕΙΑ (999307110),52907.4,,
Ψ5ΕΞ4690ΒΩ-Β7Τ,2026-07-09,ΕΝΤΑΛΜΑ ΠΛΗΡΩΜΗΣ EUROSUP MON. IKE ΕΜΠΟΡΙΟ ΕΠΙΔΕΣΜΙΚΟΥ ΥΛΙΚΟΥ (800715333),800715333,EUROSUP MON. IKE ΕΜΠΟΡΙΟ ΕΠΙΔΕΣΜΙΚΟΥ ΥΛΙΚΟΥ (800715333),13560.0,,
ΡΩΛΧ4690ΒΩ-ΞΒΟ,2026-07-09,ΕΝΤΑΛΜΑ ΠΛΗΡΩΜΗΣ ΥΓΕΙΑΣΗ Α.Ε  ΙΑΤΡΟΤΕΧΝΙΚΑ ΠΡΟΪΟΝΤΑ (998940383),998940383,ΥΓΕΙΑΣΗ Α.Ε  ΙΑΤΡΟΤΕΧΝΙΚΑ ΠΡΟΪΟΝΤΑ (998940383),7135.95,,
9Ι034690ΒΩ-ΝΧΗ,2026-07-09,ΕΝΤΑΛΜΑ ΠΛΗΡΩΜΗΣ ΝΕΑ ΕΠΙΜΕΝΤ ΜΕΠΕ (999723663),999723663,ΝΕΑ ΕΠΙΜΕΝΤ ΜΕΠΕ (999723663),2430.4,,
9Σ514690ΒΩ-ΙΛ4,2026-07-09,ΕΝΤΑΛΜΑ ΠΛΗΡΩΜΗΣ ΤΡΑΠΕΖΑ  EUROBANK AE (094014250),094014250,ΤΡΑΠΕΖΑ  EUROBANK AE (094014250),1.2,,
6ΖΠΣ4690ΒΩ-ΩΝ8,2026-07-08,ΕΝΤΑΛΜΑ ΠΛΗΡΩΜΗΣ ΙΝΕΞ Α.Ε. (094356041),094356041,ΙΝΕΞ Α.Ε. (094356041),3744.8,,
ΨΦΧ84690ΒΩ-Ω3Τ,2026-07-07,ΕΝΤΑΛΜΑ ΠΛΗΡΩΜΗΣ INNOVIS MEDICAL DEVICES ΜΑΕ (801944625),801944625,INNOVIS MEDICAL DEVICES ΜΑΕ (801944625),2486.0,,
ΨΜΜΔ4690ΒΩ-Η4Ε,2026-07-07,ΕΝΤΑΛΜΑ ΠΛΗΡΩΜΗΣ ΤΡΑΠΕΖΑ  EUROBANK AE (094014250),094014250,ΤΡΑΠΕΖΑ  EUROBANK AE (094014250),1.2,,
93ΦΙ4690ΒΩ-2Σ4,2026-07-07,ΕΝΤΑΛΜΑ ΠΛΗΡΩΜΗΣ ΧΑΛΑΣΤΑΡΑΣ ΙΚΕ (800672980),800672980,ΧΑΛΑΣΤΑΡΑΣ ΙΚΕ (800672980),2715.6,,
ΨΜΘΜ4690ΒΩ-ΦΨ6,2026-06-24,ΕΝΤΑΛΜΑ ΠΛΗΡΩΜΗΣ ΛΙΝΤΕ ΕΛΛΑΣ ΜΟΝΟΠΡΟΣΩΠΗ Ε.Π.Ε (095167018),095167018,ΛΙΝΤΕ ΕΛΛΑΣ ΜΟΝΟΠΡΟΣΩΠΗ Ε.Π.Ε (095167018),2886.82,,
903Δ4690ΒΩ-ΒΜΡ,2026-07-01,ΕΝΤΑΛΜΑ ΠΛΗΡΩΜΗΣ ΣΥΜΕΩΝΙΔΗΣ   ΒΑΣ.  ΧΑΡΑΛΑΜΠΟΣ (125190308),125190308,ΣΥΜΕΩΝΙΔΗΣ   ΒΑΣ.  ΧΑΡΑΛΑΜΠΟΣ (125190308),1079.42,,
ΨΨΛΥ4690ΒΩ-ΛΗΝ,2026-07-01,ΕΝΤΑΛΜΑ ΠΛΗΡΩΜΗΣ BBD ΝΙΚ.ΛΑΙΝΙΩΤΗΣ Α.Ε.Β.Ε. (093628458),093628458,BBD ΝΙΚ.ΛΑΙΝΙΩΤΗΣ Α.Ε.Β.Ε. (093628458),1562.73,,
68Κ54690ΒΩ-22Ι,2026-07-01,ΕΝΤΑΛΜΑ ΠΛΗΡΩΜΗΣ ΖΥΡΙΧΙΔΗ  ΑΦΟΙ  Ο.Ε. (091282761),091282761,ΖΥΡΙΧΙΔΗ  ΑΦΟΙ  Ο.Ε. (091282761),1534.27,,
9Π3Ξ4690ΒΩ-Υ13,2026-07-01,ΕΝΤΑΛΜΑ ΠΛΗΡΩΜΗΣ MENARINI ΔΙΑΓΝΩΣΤΙΚΑ-ΙΑΤΡ.ΟΡΓΑΝΑ ΑΕΒΕ (094322455),094322455,MENARINI ΔΙΑΓΝΩΣΤΙΚΑ-ΙΑΤΡ.ΟΡΓΑΝΑ ΑΕΒΕ (094322455),1818.96,,
96ΙΝ4690ΒΩ-9Τ2,2026-07-01,ΕΝΤΑΛΜΑ ΠΛΗΡΩΜΗΣ DIACHEL ΔΙΑΓΝΩΣΤΙΚΑ - ΧΗΜΙΚΗ ΟΡΓΑΝΟΛΟΓΙΑ  AE (095341314),095341314,DIACHEL ΔΙΑΓΝΩΣΤΙΚΑ - ΧΗΜΙΚΗ ΟΡΓΑΝΟΛΟΓΙΑ  AE (095341314),1241.26,,
Ψ9ΩΝ4690ΒΩ-ΛΓΞ,2026-07-01,ΕΝΤΑΛΜΑ ΠΛΗΡΩΜΗΣ MEDICAL POINT - ΜΟΥΤΑΦΗΣ ΧΡΗΣΤΟΣ ΕΕ (998630320),998630320,MEDICAL POINT - ΜΟΥΤΑΦΗΣ ΧΡΗΣΤΟΣ ΕΕ (998630320),1134.84,,
Ψ9Φ64690ΒΩ-ΣΕΦ,2026-07-01,ΕΝΤΑΛΜΑ ΠΛΗΡΩΜΗΣ DENOVO  ΜΟΝΟΠΡΟΣΩΠΗ    Ι.Κ.Ε. (800642060),800642060,DENOVO  ΜΟΝΟΠΡΟΣΩΠΗ    Ι.Κ.Ε. (800642060),1240.0,,
9Ψ2Ψ4690ΒΩ-ΡΩ9,2026-07-08,ΕΝΤΑΛΜΑ ΠΛΗΡΩΜΗΣ ΤΡΑΠΕΖΑ  EUROBANK AE (094014250),094014250,ΤΡΑΠΕΖΑ  EUROBANK AE (094014250),1.2,,
9ΗΔΗ4690ΒΩ-Ε28,2026-07-08,ΑΠΟΔΟΣΗ ΥΠΕΡ ΕΦΚΑ ΚΑΙ ΛΟΙΠΩΝ ΑΣΦΑΛΙΣΤΙΚΩΝ ΤΑΜΕΙΩΝ ΕΠΙ ΤΩΝ ΕΞΟΦΛΗΘΕΝΤΩΝ ΧΕ ΜΙΣΘΟΔΟΣΙΑΣ ΜΗΝΟΣ ΙΟΥΝΙΟΥ 2026 ( Φ100 ΕΑΠ),090165560,ΥΠΟΥΡΓΕΙΟ ΟΙΚΟΝΟΜΙΚΩΝ ΓΕΝΙΚΗ   ΔIEYΘΥΝΣΗ  Δ ΚΗΣΥΠ ΞΗΣ Δ ΟΙΚ,84960.4,,59301010001001
9ΗΔΗ4690ΒΩ-Ε28,2026-07-08,ΑΠΟΔΟΣΗ ΥΠΕΡ ΕΦΚΑ ΚΑΙ ΛΟΙΠΩΝ ΑΣΦΑΛΙΣΤΙΚΩΝ ΤΑΜΕΙΩΝ ΕΠΙ ΤΩΝ ΕΞΟΦΛΗΘΕΝΤΩΝ ΧΕ ΜΙΣΘΟΔΟΣΙΑΣ ΜΗΝΟΣ ΙΟΥΝΙΟΥ 2026 ( Φ100 ΕΑΠ),090165560,ΥΠΟΥΡΓΕΙΟ ΟΙΚΟΝΟΜΙΚΩΝ ΓΕΝΙΚΗ   ΔIEYΘΥΝΣΗ  Δ ΚΗΣΥΠ ΞΗΣ Δ ΟΙΚ,5969.69,,59301890001001
9ΗΔΗ4690ΒΩ-Ε28,2026-07-08,ΑΠΟΔΟΣΗ ΥΠΕΡ ΕΦΚΑ ΚΑΙ ΛΟΙΠΩΝ ΑΣΦΑΛΙΣΤΙΚΩΝ ΤΑΜΕΙΩΝ ΕΠΙ ΤΩΝ ΕΞΟΦΛΗΘΕΝΤΩΝ ΧΕ ΜΙΣΘΟΔΟΣΙΑΣ ΜΗΝΟΣ ΙΟΥΝΙΟΥ 2026 ( Φ100 ΕΑΠ),090165560,ΥΠΟΥΡΓΕΙΟ ΟΙΚΟΝΟΜΙΚΩΝ ΓΕΝΙΚΗ   ΔIEYΘΥΝΣΗ  Δ ΚΗΣΥΠ ΞΗΣ Δ ΟΙΚ,55672.05,,59302020001001
9ΗΔΗ4690ΒΩ-Ε28,2026-07-08,ΑΠΟΔΟΣΗ ΥΠΕΡ ΕΦΚΑ ΚΑΙ ΛΟΙΠΩΝ ΑΣΦΑΛΙΣΤΙΚΩΝ ΤΑΜΕΙΩΝ ΕΠΙ ΤΩΝ ΕΞΟΦΛΗΘΕΝΤΩΝ ΧΕ ΜΙΣΘΟΔΟΣΙΑΣ ΜΗΝΟΣ ΙΟΥΝΙΟΥ 2026 ( Φ100 ΕΑΠ),090165560,ΥΠΟΥΡΓΕΙΟ ΟΙΚΟΝΟΜΙΚΩΝ ΓΕΝΙΚΗ   ΔIEYΘΥΝΣΗ  Δ ΚΗΣΥΠ ΞΗΣ Δ ΟΙΚ,5353.11,,59309890001001
Ψ7Ρ74690ΒΩ-ΒΓΩ,2026-07-08,ΑΠΟΔΟΣΕΙΣ ΕΣΟΔΩΝ ΠΟΥ ΕΙΣΠΡΑΧΘΗΚΑΝ ΥΠΕΡ ΔΗΜΟΣΙΟΥ ΚΑΙ ΤΡΙΤΩΝ ΑΠΟ ΧΡΗΜΑΤΟΔΟΤΗΣΕΙΣ ΤΟΥ ΠΡΟΓΡΑΜΜΑΤΟΣ ΔΗΜΟΣΙΟΥ ΕΠΕΝΔΥΣΕΩΝ (ΤΑΜΕΙΟ ΑΝΑΚΑΜΨΗΣ ΠΡΟΓΡΑΜΜΑ ΔΟΞΙΑΔΗ ) (Φ100),090165560,ΥΠΟΥΡΓΕΙΟ ΟΙΚΟΝΟΜΙΚΩΝ ΓΕΝΙΚΗ   ΔIEYΘΥΝΣΗ  Δ ΚΗΣΥΠ ΞΗΣ Δ ΟΙΚ,447.04,,59301010003001
Ψ7Ρ74690ΒΩ-ΒΓΩ,2026-07-08,ΑΠΟΔΟΣΕΙΣ ΕΣΟΔΩΝ ΠΟΥ ΕΙΣΠΡΑΧΘΗΚΑΝ ΥΠΕΡ ΔΗΜΟΣΙΟΥ ΚΑΙ ΤΡΙΤΩΝ ΑΠΟ ΧΡΗΜΑΤΟΔΟΤΗΣΕΙΣ ΤΟΥ ΠΡΟΓΡΑΜΜΑΤΟΣ ΔΗΜΟΣΙΟΥ ΕΠΕΝΔΥΣΕΩΝ (ΤΑΜΕΙΟ ΑΝΑΚΑΜΨΗΣ ΠΡΟΓΡΑΜΜΑ ΔΟΞΙΑΔΗ ) (Φ100),090165560,ΥΠΟΥΡΓΕΙΟ ΟΙΚΟΝΟΜΙΚΩΝ ΓΕΝΙΚΗ   ΔIEYΘΥΝΣΗ  Δ ΚΗΣΥΠ ΞΗΣ Δ ΟΙΚ,41.46,,59309890003001
ΨΦΗ14690ΒΩ-ΓΛΘ,2026-07-06,ΕΝΤΑΛΜΑ ΠΛΗΡΩΜΗΣ ΚΟΠΕΡ Α.Ε. (094007897),094007897,ΚΟΠΕΡ Α.Ε. (094007897),21700.0,,
9ΘΝΖ4690ΒΩ-ΠΞ7,2026-07-06,ΕΝΤΑΛΜΑ ΠΛΗΡΩΜΗΣ ΒΕΡΜΑ ΝΤΡΑΓΚΣ Α.Β.Ε.Ε. (099363426),099363426,ΒΕΡΜΑ ΝΤΡΑΓΚΣ Α.Β.Ε.Ε. (099363426),4146.72,,
ΡΖΜ44690ΒΩ-32Ξ,2026-07-03,ΕΝΤΑΛΜΑ ΠΛΗΡΩΜΗΣ ΠΑΝΕΠΙΣΤ/ΚΟ ΓΕΝ.ΝΟΣ/ΜΕΙΟ ΛΑΡΙΣΑΣ (999681575),999681575,ΠΑΝΕΠΙΣΤ/ΚΟ ΓΕΝ.ΝΟΣ/ΜΕΙΟ ΛΑΡΙΣΑΣ (999681575),3995.63,,
ΡΘΨ04690ΒΩ-ΗΕΡ,2026-07-03,ΕΝΤΑΛΜΑ ΠΛΗΡΩΜΗΣ Γ.Ν.ΛΑΡΙΣΑΣ ΚΟΥΤΛΙΜΠΑΝΕΙΟ ΚΑΙ ΤΡΙΑΝΤΑΦΥΛΛΕΙΟ (996956397),996956397,Γ.Ν.ΛΑΡΙΣΑΣ ΚΟΥΤΛΙΜΠΑΝΕΙΟ ΚΑΙ ΤΡΙΑΝΤΑΦΥΛΛΕΙΟ (996956397),14058.77,,
65884690ΒΩ-ΙΤ1,2026-07-06,ΕΝΤΑΛΜΑ ΠΛΗΡΩΜΗΣ ΜΟΝΟΤΥΠΙΑ ΜΟΝΟΠΡΟΣΩΠΗ ΙΚΕ (801818159),801818159,ΜΟΝΟΤΥΠΙΑ ΜΟΝΟΠΡΟΣΩΠΗ ΙΚΕ (801818159),744.0,,
Ρ8Ζ24690ΒΩ-ΟΧΩ,2026-07-06,ΕΝΤΑΛΜΑ ΠΛΗΡΩΜΗΣ ΚΑΡΕΚΛΙΔΗΣ Γ.ΑΡΧΙΜΗΔΗΣ (130456160),130456160,ΚΑΡΕΚΛΙΔΗΣ Γ.ΑΡΧΙΜΗΔΗΣ (130456160),610.08,,
ΕΒΑ14690ΒΩ-Β3Ι,2026-07-06,ΕΝΤΑΛΜΑ ΠΛΗΡΩΜΗΣ ΤΣΙΝΤΣΙΝΗ Γ.ΠΑΡΑΣΚΕΥΗ(ΜΑΓΝΗΤΗΣ) (047057290),047057290,ΤΣΙΝΤΣΙΝΗ Γ.ΠΑΡΑΣΚΕΥΗ(ΜΑΓΝΗΤΗΣ) (047057290),314.96,,
ΨΩΘΔ4690ΒΩ-ΥΕΥ,2026-07-07,ΑΠΟΔΟΣΗ ΦΜΥ ΤΑΚΤΙΚΩΝ ΑΠΟΔΟΧΩΝ ΙΟΥΝΙΟΥ 2025 ΤΟΥ ΤΟΥ ΕΙΔΙΚΟΥ ΠΡΟΓΡΑΜΜΑΤΟΣ ΑΠΑΣΧΟΛΗΣΗΣ 500 ΤΡΑΥΜΑΤΙΟΦΟΡΕΩΝ,090165560,ΥΠΟΥΡΓΕΙΟ ΟΙΚΟΝΟΜΙΚΩΝ ΓΕΝΙΚΗ   ΔIEYΘΥΝΣΗ  Δ ΚΗΣΥΠ ΞΗΣ Δ ΟΙΚ,68.1,,21903030024001
9ΘΧ74690ΒΩ-ΣΜΥ,2026-07-07,ΑΠΟΔΟΣΗ ΦΜΥ ΤΑΚΤΙΚΩΝ ΑΠΟΔΟΧΩΝ ΑΠΡΙΛΙΟΥ 2025 ΤΟΥ ΕΙΔΙΚΟΥ ΠΡΟΓΡΑΜΜΑΤΟΣ ΑΠΑΣΧΟΛΗΣΗΣ 1135 ΑΝΕΡΓΟΙ ΣΤΟ ΧΩΡΟ ΤΗΣ ΥΓΕΙΑΣ,090165560,ΥΠΟΥΡΓΕΙΟ ΟΙΚΟΝΟΜΙΚΩΝ ΓΕΝΙΚΗ   ΔIEYΘΥΝΣΗ  Δ ΚΗΣΥΠ ΞΗΣ Δ ΟΙΚ,22.87,,21903030024001
ΡΞΝΡ4690ΒΩ-1Α9,2026-07-03,ΕΝΤΑΛΜΑ ΠΛΗΡΩΜΗΣ ΥΓΕΙΟΔΥΝΑΜΙΚΗ Α.Ε. ΙΑΤΡΙΚΩΝ ΕΦΟΔΙΩΝ (997672386),997672386,ΥΓΕΙΟΔΥΝΑΜΙΚΗ Α.Ε. ΙΑΤΡΙΚΩΝ ΕΦΟΔΙΩΝ (997672386),9126.4,,
9ΥΞΕ4690ΒΩ-ΦΓΔ,2026-07-02,ΕΝΤΑΛΜΑ ΠΛΗΡΩΜΗΣ MY SERVICES HUMAN RESOURCES AND SERCURITY ΑΝΩΝΥΜΗ ΕΤΑΙΡΕΙΑ (801114586),801114586,MY SERVICES HUMAN RESOURCES AND SERCURITY ΑΝΩΝΥΜΗ ΕΤΑΙΡΕΙΑ (801114586),12133.4,,
65ΦΨ4690ΒΩ-55Λ,2026-07-02,ΕΝΤΑΛΜΑ ΠΛΗΡΩΜΗΣ ΒΙΟΣΕΡ Α.Ε. (094035927),094035927,ΒΙΟΣΕΡ Α.Ε. (094035927),12288.75,,
92864690ΒΩ-6ΚΒ,2026-07-02,ΕΝΤΑΛΜΑ ΠΛΗΡΩΜΗΣ ΑΣΤΡΙΣ  ΑΝΑΠΤΥΞΗ ΜΟΝΑΔΩΝ ΥΓΕΙΑΣ  Ε.Π.Ε. (999056180),999056180,ΑΣΤΡΙΣ  ΑΝΑΠΤΥΞΗ ΜΟΝΑΔΩΝ ΥΓΕΙΑΣ  Ε.Π.Ε. (999056180),7568.4,,
6ΑΙΑ4690ΒΩ-ΕΤΠ,2026-07-02,ΕΝΤΑΛΜΑ ΠΛΗΡΩΜΗΣ ΑΡΗΤΗ Α.Ε (094251753),094251753,ΑΡΗΤΗ Α.Ε (094251753),16605.96,,
9ΨΟ54690ΒΩ-ΒΑΓ,2026-07-02,ΕΝΤΑΛΜΑ ΠΛΗΡΩΜΗΣ ΑΡΗΤΗ Α.Ε (094251753),094251753,ΑΡΗΤΗ Α.Ε (094251753),6712.2,,
626Σ4690ΒΩ-671,2026-07-01,ΕΝΤΑΛΜΑ ΠΛΗΡΩΜΗΣ LERIVA AE (997985840),997985840,LERIVA AE (997985840),2083.2,,
Ψ1Α84690ΒΩ-85Ω,2026-07-01,ΕΝΤΑΛΜΑ ΠΛΗΡΩΜΗΣ INSIDE MEDICAL ΜΟΝΟΠΡΟΣΩΠΗ Ι.Κ.Ε. (800777790),800777790,INSIDE MEDICAL ΜΟΝΟΠΡΟΣΩΠΗ Ι.Κ.Ε. (800777790),3914.48,,
65914690ΒΩ-ΤΟΔ,2026-07-01,ΕΝΤΑΛΜΑ ΠΛΗΡΩΜΗΣ ΚΑΧΙΩΝΗΣ Α.-ΙΩΑΚΕΙΜΙΔΟΥ Π. ΟΕ (KI CONSTRUCTION) (998170464),998170464,ΚΑΧΙΩΝΗΣ Α.-ΙΩΑΚΕΙΜΙΔΟΥ Π. ΟΕ (KI CONSTRUCTION) (998170464),1495.9,,
9ΩΞΣ4690ΒΩ-0ΘΛ,2026-07-01,ΕΝΤΑΛΜΑ ΠΛΗΡΩΜΗΣ ELECTROSTORM   ΣΙΑ Ε.Ε (802163799),802163799,ELECTROSTORM   ΣΙΑ Ε.Ε (802163799),1402.07,,
6ΜΦΜ4690ΒΩ-8ΡΨ,2026-07-01,ΕΝΤΑΛΜΑ ΠΛΗΡΩΜΗΣ ΠΑΠΑΜΙΧΑΗΛ Δ.   ΣΙΑ ΕΕ -NILO (093471463),093471463,ΠΑΠΑΜΙΧΑΗΛ Δ.   ΣΙΑ ΕΕ -NILO (093471463),5159.52,,
63ΡΠ4690ΒΩ-9ΙΨ,2026-06-30,ΕΝΤΑΛΜΑ ΠΛΗΡΩΜΗΣ STAGER-Ι.Δ. ΚΩΝΣΤΑΝΤΟΠΟΥΛΟΣ ΑΒΕΕ (800357297),800357297,STAGER-Ι.Δ. ΚΩΝΣΤΑΝΤΟΠΟΥΛΟΣ ΑΒΕΕ (800357297),4290.4,,
92ΕΤ4690ΒΩ-7ΨΥ,2026-06-30,ΕΝΤΑΛΜΑ ΠΛΗΡΩΜΗΣ BBD ΝΙΚ.ΛΑΙΝΙΩΤΗΣ Α.Ε.Β.Ε. (093628458),093628458,BBD ΝΙΚ.ΛΑΙΝΙΩΤΗΣ Α.Ε.Β.Ε. (093628458),2171.48,,
9ΤΝΙ4690ΒΩ-ΑΚΒ,2026-06-30,ΕΝΤΑΛΜΑ ΠΛΗΡΩΜΗΣ ΤΡΑΠΕΖΑ  EUROBANK AE (094014250),094014250,ΤΡΑΠΕΖΑ  EUROBANK AE (094014250),1.2,,
Ψ3Ο34690ΒΩ-ΛΕΓ,2026-06-30,ΕΝΤΑΛΜΑ ΠΛΗΡΩΜΗΣ BBD ΝΙΚ.ΛΑΙΝΙΩΤΗΣ Α.Ε.Β.Ε. (093628458),093628458,BBD ΝΙΚ.ΛΑΙΝΙΩΤΗΣ Α.Ε.Β.Ε. (093628458),4712.49,,
ΨΚΣΕ4690ΒΩ-Θ3Μ,2026-07-01,ΕΝΤΑΛΜΑ ΠΛΗΡΩΜΗΣ BBD ΝΙΚ.ΛΑΙΝΙΩΤΗΣ Α.Ε.Β.Ε. (093628458),093628458,BBD ΝΙΚ.ΛΑΙΝΙΩΤΗΣ Α.Ε.Β.Ε. (093628458),5431.28,,
ΡΣΘ14690ΒΩ-1ΒΕ,2026-07-01,ΕΝΤΑΛΜΑ ΠΛΗΡΩΜΗΣ ΒΕΡΜΑ ΝΤΡΑΓΚΣ Α.Β.Ε.Ε. (099363426),099363426,ΒΕΡΜΑ ΝΤΡΑΓΚΣ Α.Β.Ε.Ε. (099363426),3816.0,,
ΡΛΓΨ4690ΒΩ-Σ9Χ,2026-07-01,ΕΝΤΑΛΜΑ ΠΛΗΡΩΜΗΣ ΛΕΩΝΙΔΑΣ ΚΑΝΕΛΛΟΣ    ΣΙΑ  Ο.Ε. (093401589),093401589,ΛΕΩΝΙΔΑΣ ΚΑΝΕΛΛΟΣ    ΣΙΑ  Ο.Ε. (093401589),3331.8,,
924Ι4690ΒΩ-4Γ6,2026-07-01,ΕΝΤΑΛΜΑ ΠΛΗΡΩΜΗΣ ΥΓΕΙΟΔΥΝΑΜΙΚΗ Α.Ε. ΙΑΤΡΙΚΩΝ ΕΦΟΔΙΩΝ (997672386),997672386,ΥΓΕΙΟΔΥΝΑΜΙΚΗ Α.Ε. ΙΑΤΡΙΚΩΝ ΕΦΟΔΙΩΝ (997672386),2627.0,,
95ΓΥ4690ΒΩ-ΑΓΜ,2026-07-01,ΕΝΤΑΛΜΑ ΠΛΗΡΩΜΗΣ MILONAS HEALTH A.E (998179225),998179225,MILONAS HEALTH A.E (998179225),1674.01,,
9Ν4Ζ4690ΒΩ-Ν6Κ,2026-07-01,ΕΝΤΑΛΜΑ ΠΛΗΡΩΜΗΣ INTER MEDICA  ΕΜΜ. Τ. ΤΖΑΝΙΔΑΚΗΣ (011651035),011651035,INTER MEDICA  ΕΜΜ. Τ. ΤΖΑΝΙΔΑΚΗΣ (011651035),4445.4,,
Ρ3Δ44690ΒΩ-6Ν2,2026-07-01,ΕΝΤΑΛΜΑ ΠΛΗΡΩΜΗΣ Β.ΤΥΜΠΑΝΙΔΗΣ Κ.ΜΟΥΣΤΑΚΑ Ο.Ε. (997808976),997808976,Β.ΤΥΜΠΑΝΙΔΗΣ Κ.ΜΟΥΣΤΑΚΑ Ο.Ε. (997808976),3484.52,,
ΨΤΒ54690ΒΩ-ΣΚ4,2026-07-01,ΕΝΤΑΛΜΑ ΠΛΗΡΩΜΗΣ ILEF ΕΜΠΟΡΙΚΗ ΕΝΕΡΓΕΙΑΚΗ ΚΑΤΑΣΚΕΥΑΣΤΙΚΗ (801491712),801491712,ILEF ΕΜΠΟΡΙΚΗ ΕΝΕΡΓΕΙΑΚΗ ΚΑΤΑΣΚΕΥΑΣΤΙΚΗ (801491712),2286.56,,
ΨΧΒΙ4690ΒΩ-ΝΛΤ,2026-06-30,ΕΝΤΑΛΜΑ ΠΛΗΡΩΜΗΣ MILIMED AE (997802230),997802230,MILIMED AE (997802230),1966.2,,
9ΒΒΣ4690ΒΩ-ΖΣΝ,2026-06-30,ΕΝΤΑΛΜΑ ΠΛΗΡΩΜΗΣ ΤΡΑΠΕΖΑ  EUROBANK AE (094014250),094014250,ΤΡΑΠΕΖΑ  EUROBANK AE (094014250),1.2,,
9ΣΚΥ4690ΒΩ-0ΩΑ,2026-06-30,ΕΝΤΑΛΜΑ ΠΛΗΡΩΜΗΣ ANAMEDIS IKE (800662220),800662220,ANAMEDIS IKE (800662220),2000.1,,
Ψ0Χ54690ΒΩ-32Ψ,2026-07-01,ΕΝΤΑΛΜΑ ΠΛΗΡΩΜΗΣ F  M FEED ΜΟΝΟΠΡΟΣΩΠΗ Ι.ΚΕ (800502874),800502874,F  M FEED ΜΟΝΟΠΡΟΣΩΠΗ Ι.ΚΕ (800502874),1928.2,,
9ΩΗΞ4690ΒΩ-0ΡΝ,2026-07-01,ΕΝΤΑΛΜΑ ΠΛΗΡΩΜΗΣ ΜΑΥΡΟΓΕΝΗΣ ΑΝΑΣΤΑΣΙΟΣ ΑΕ ΙΑΤΡΟΤΕΧΝΟΛΟΓΙΚΑ ΕΙΔΗ (082525697),082525697,ΜΑΥΡΟΓΕΝΗΣ ΑΝΑΣΤΑΣΙΟΣ ΑΕ ΙΑΤΡΟΤΕΧΝΟΛΟΓΙΚΑ ΕΙΔΗ (082525697),3472.0,,
ΨΚΨΣ4690ΒΩ-Ρ1Ι,2026-07-01,ΕΝΤΑΛΜΑ ΠΛΗΡΩΜΗΣ ΜΑΥΡΟΓΕΝΗΣ ΑΝΑΣΤΑΣΙΟΣ ΑΕ ΙΑΤΡΟΤΕΧΝΟΛΟΓΙΚΑ ΕΙΔΗ (082525697),082525697,ΜΑΥΡΟΓΕΝΗΣ ΑΝΑΣΤΑΣΙΟΣ ΑΕ ΙΑΤΡΟΤΕΧΝΟΛΟΓΙΚΑ ΕΙΔΗ (082525697),7588.8,,
ΨΣΓΜ4690ΒΩ-Φ1Κ,2026-07-01,ΕΝΤΑΛΜΑ ΠΛΗΡΩΜΗΣ ΓΕΝΙΚΗ ΧΕΙΡΟΥΡΓΙΚΗ' Ο.Ε. ΛΕΩΝ Δ. ΣΑΛΤΙΕΛ κ. ΥΙΟΙ (091538410),091538410,ΓΕΝΙΚΗ ΧΕΙΡΟΥΡΓΙΚΗ' Ο.Ε. ΛΕΩΝ Δ. ΣΑΛΤΙΕΛ κ. ΥΙΟΙ (091538410),7627.5,,
6ΥΣΕ4690ΒΩ-Α64,2026-07-01,ΕΝΤΑΛΜΑ ΠΛΗΡΩΜΗΣ ZERONO Α.Ε. (998477820),998477820,ZERONO Α.Ε. (998477820),11865.0,,
Ψ0024690ΒΩ-0Ο8,2026-07-01,ΕΝΤΑΛΜΑ ΠΛΗΡΩΜΗΣ MEDICIN Α.ΤΡΙΑΝΤΑΦΥΛΛΟΠΟΥΛΟΣ Ε.Ε. (800896490),800896490,MEDICIN Α.ΤΡΙΑΝΤΑΦΥΛΛΟΠΟΥΛΟΣ Ε.Ε. (800896490),3278.56,,
9Δ7Β4690ΒΩ-Ο78,2026-06-30,ΕΝΤΑΛΜΑ ΠΛΗΡΩΜΗΣ DRAEGER  HELLAS A.E (997799268),997799268,DRAEGER  HELLAS A.E (997799268),1562.4,,
ΨΗΡΤ4690ΒΩ-ΗΩΩ,2026-06-30,ΕΝΤΑΛΜΑ ΠΛΗΡΩΜΗΣ PAUL HARTMANN HELLAS AE (999862491),999862491,PAUL HARTMANN HELLAS AE (999862491),2996.42,,
6ΤΕΚ4690ΒΩ-ΨΟΞ,2026-07-02,ΕΙΣΦΟΡΕΣ ΥΠΕΡ ΕΦΚΑ ΔΙΕΚ ΜΗΝΟΣ ΙΟΥΝΙΟΥ 2026,090003373,ΙΚΑ,84.27,,21903010011001
Ψ99Ψ4690ΒΩ-ΒΝΑ,2026-07-02,ΕΙΣΦΟΡΕΣ ΥΠΕΡ ΕΦΚΑ ΜΗΝΟΣ ΙΟΥΝΙΟΥ 2026 ΤΟΥ (Κ.Β.)ΑΝΤΙΡΡΗΣΙΑ ΣΥΝΕΙΔΗΣΗΣ ΠΟΥ ΥΠΗΡΕΤΕΙ ΣΕ ΕΝΑΛΛΑΚΤΙΚΗ ΘΗΤΕΙΑ ΑΝΤΙ ΤΟΥ ΣΤΡΑΤΟΥ,090003373,ΙΚΑ,43.15,,21903010011001
92ΨΞ4690ΒΩ-ΙΗ6,2026-07-02,ΕΙΣΦΟΡΕΣ ΣΤΟΝ ΕΦΚΑ ΤΑΚΤΙΚΩΝ ΑΠΟΔΟΧΩΝ ΜΑΡΤΙΟΥ 2026 ΤΟΥ ΕΙΔΙΚΟΥ ΠΡΟΓΡΑΜΜΑΤΟΣ ΑΠΑΣΧΟΛΗΣΗΣ 1135 ΑΝΕΡΓΟΙ ΣΤΟ ΧΩΡΟ ΤΗΣ ΥΓΕΙΑΣ,090003373,ΙΚΑ,676.53,,21903010014001
99ΓΧ4690ΒΩ-86Ο,2026-07-02,ΕΙΣΦΟΡΕΣ ΣΤΟΝ ΕΦΚΑ ΤΑΚΤΙΚΩΝ ΑΠΟΔΟΧΩΝ ΜΑΡΤΙΟΥ 2026 ΤΟΥ ΕΙΔΙΚΟΥ ΠΡΟΓΡΑΜΜΑΤΟΣ ΑΠΑΣΧΟΛΗΣΗΣ 500 ΤΡΑΥΜΑΤΙΟΦΟΡΕΩΝ,090003373,ΙΚΑ,1711.96,,21903010014001
ΡΗ1Κ4690ΒΩ-ΦΔ5,2026-06-30,ΥΠΗΡΕΣΙΕΣ ΕΠΙΣΚΕΥΗΣ ΚΑΙ ΣΥΝΤΗΡΗΣΗΣ ΕΓΚΑΤΑΣΤΑΣΕΩΝ ΚΤΙΡΙΟΥ ΜΕ ΣΥΜΒΑΣΗ ΓΙΑ ΤΟΝ ΜΗΝΑ ΔΕΚΕΜΒΡΙΟ 2025 (ΣΥΜ 604/2025) ΣΥΜΦΩΝΑ ΜΕ ΤΙΣ ΔΙΑΤΑΞΕΙΣ ΤΟΥ Ν.5302/2026 αρθ.95 (ΦΕΚ/ A’ 78/20.05.2026),999723663,ΝΕΑ ΕΠΙΜΕΝΤ ΕΤΑΡΙΑ ΕΙΣΑΓΩΓΗΣ ΚΑΙ ΔΙΑΝΟΜΗΣ ΙΑΤΡΙΚΟΥ ΝΟΣΟΚΟΜΕΙΑΚΟΥ ΥΛΙΚΟΥ ΜΟΝΟΠΡΟΣΩΠΗ ΕΤΑΡΙΑ ΠΕΡΙΟΡΙΣΜΕΝΗΣ ΕΥΘΥΝΗΣ,3844.0,,24203010001002
Ψ2ΡΜ4690ΒΩ-Λ1Σ,2026-06-30,ΕΝΤΑΛΜΑ ΠΛΗΡΩΜΗΣ ΤΡΑΠΕΖΑ ΕΛΛΑΔΟΣ (094014213),094014213,ΤΡΑΠΕΖΑ ΕΛΛΑΔΟΣ (094014213),54.5,,
91ΔΒ4690ΒΩ-Ω4Δ,2026-06-30,ΕΝΤΑΛΜΑ ΠΛΗΡΩΜΗΣ ΤΡΑΠΕΖΑ  EUROBANK AE (094014250),094014250,ΤΡΑΠΕΖΑ  EUROBANK AE (094014250),125.7,,
ΨΚΥΓ4690ΒΩ-ΙΟ8,2026-06-24,ΕΝΤΑΛΜΑ ΠΛΗΡΩΜΗΣ ΝΕΑ ΕΠΙΜΕΝΤ ΜΕΠΕ (999723663),999723663,ΝΕΑ ΕΠΙΜΕΝΤ ΜΕΠΕ (999723663),3844.0,,
ΨΗΧΩ4690ΒΩ-9ΜΑ,2026-06-30,ΕΝΤΑΛΜΑ ΠΛΗΡΩΜΗΣ ΤΡΑΠΕΖΑ  EUROBANK AE (094014250),094014250,ΤΡΑΠΕΖΑ  EUROBANK AE (094014250),1.2,,
6ΑΘΜ4690ΒΩ-Α6Λ,2026-06-26,ΕΝΤΑΛΜΑ ΠΛΗΡΩΜΗΣ UNISON FACILITY SERVICES A.E.  (ΠΡΩΗΝ ISS FACILITY SERVICES AE) (094081864),094081864,UNISON FACILITY SERVICES A.E.  (ΠΡΩΗΝ ISS FACILITY SERVICES AE) (094081864),17583.2,,
65Η44690ΒΩ-ΔΙΥ,2026-06-29,ΕΝΤΑΛΜΑ ΠΛΗΡΩΜΗΣ ΡΟΥΜΠΟΥ ΑΙΚΑΤΕΡΙΝΗ τ.  ΧΑΡΑΛΑΜΠΟΥΣ (128554950),128554950,ΡΟΥΜΠΟΥ ΑΙΚΑΤΕΡΙΝΗ τ.  ΧΑΡΑΛΑΜΠΟΥΣ (128554950),11420.55,,
Ψ5ΤΥ4690ΒΩ-ΟΡΕ,2026-06-29,ΕΝΤΑΛΜΑ ΠΛΗΡΩΜΗΣ ΡΟΥΜΠΟΥ ΑΙΚΑΤΕΡΙΝΗ τ.  ΧΑΡΑΛΑΜΠΟΥΣ (128554950),128554950,ΡΟΥΜΠΟΥ ΑΙΚΑΤΕΡΙΝΗ τ.  ΧΑΡΑΛΑΜΠΟΥΣ (128554950),35000.0,,
9ΜΗΣ4690ΒΩ-Θ42,2026-06-29,ΕΝΤΑΛΜΑ ΠΛΗΡΩΜΗΣ ΜΑΡΙΑ ΡΟΥΜΠΟΥ χήρα ΧΑΡΑΛΑΜΠΟΥΣ το γένος ΤΣΑΚΑΝΙΚΑ (128559318),128559318,ΜΑΡΙΑ ΡΟΥΜΠΟΥ χήρα ΧΑΡΑΛΑΜΠΟΥΣ το γένος ΤΣΑΚΑΝΙΚΑ (128559318),35000.0,,
95ΟΓ4690ΒΩ-95Ν,2026-06-29,ΕΝΤΑΛΜΑ ΠΛΗΡΩΜΗΣ ΚΩΝΣΤΑΝΤΙΝΟΣ ΡΟΥΜΠΟΣ τ. ΧΑΡΑΛΑΜΠΟΥΣ (128570790),128570790,ΚΩΝΣΤΑΝΤΙΝΟΣ ΡΟΥΜΠΟΣ τ. ΧΑΡΑΛΑΜΠΟΥΣ (128570790),11420.55,,
6Α784690ΒΩ-ΨΦΙ,2026-06-29,ΕΝΤΑΛΜΑ ΠΛΗΡΩΜΗΣ ΜΑΡΙΑ ΡΟΥΜΠΟΥ χήρα ΧΑΡΑΛΑΜΠΟΥΣ το γένος ΤΣΑΚΑΝΙΚΑ (128559318),128559318,ΜΑΡΙΑ ΡΟΥΜΠΟΥ χήρα ΧΑΡΑΛΑΜΠΟΥΣ το γένος ΤΣΑΚΑΝΙΚΑ (128559318),11420.55,,
91ΡΓ4690ΒΩ-Ρ24,2026-06-26,ΕΝΤΑΛΜΑ ΠΛΗΡΩΜΗΣ UNISON FACILITY SERVICES A.E.  (ΠΡΩΗΝ ISS FACILITY SERVICES AE) (094081864),094081864,UNISON FACILITY SERVICES A.E.  (ΠΡΩΗΝ ISS FACILITY SERVICES AE) (094081864),52749.6,,
ΨΞΗ94690ΒΩ-Η9Τ,2026-06-29,ΕΝΤΑΛΜΑ ΠΛΗΡΩΜΗΣ ΚΩΝΣΤΑΝΤΙΝΟΣ ΡΟΥΜΠΟΣ τ. ΧΑΡΑΛΑΜΠΟΥΣ (128570790),128570790,ΚΩΝΣΤΑΝΤΙΝΟΣ ΡΟΥΜΠΟΣ τ. ΧΑΡΑΛΑΜΠΟΥΣ (128570790),35000.0,,
ΨΞ474690ΒΩ-7Σ9,2026-06-29,ΕΝΤΑΛΜΑ ΠΛΗΡΩΜΗΣ ΝΙΚΟΛΑΟΣ ΡΟΥΜΠΟΣ τ.  ΧΑΡΑΛΑΜΠΟΥΣ (120442318),120442318,ΝΙΚΟΛΑΟΣ ΡΟΥΜΠΟΣ τ.  ΧΑΡΑΛΑΜΠΟΥΣ (120442318),35000.0,,
9Ο4Ε4690ΒΩ-0Ρ0,2026-06-29,ΕΝΤΑΛΜΑ ΠΛΗΡΩΜΗΣ ΝΙΚΟΛΑΟΣ ΡΟΥΜΠΟΣ τ.  ΧΑΡΑΛΑΜΠΟΥΣ (120442318),120442318,ΝΙΚΟΛΑΟΣ ΡΟΥΜΠΟΣ τ.  ΧΑΡΑΛΑΜΠΟΥΣ (120442318),11420.55,,
9ΧΙ24690ΒΩ-9ΑΨ,2026-06-29,ΕΝΤΑΛΜΑ ΠΛΗΡΩΜΗΣ ΠΑΝΑΓΙΩΤΗΣ ΡΟΥΜΠΟΣ τ. ΧΑΡΑΛΑΜΠΟΥΣ (113593051),113593051,ΠΑΝΑΓΙΩΤΗΣ ΡΟΥΜΠΟΣ τ. ΧΑΡΑΛΑΜΠΟΥΣ (113593051),35000.0,,
9Τ8Φ4690ΒΩ-ΟΦΨ,2026-06-29,ΕΝΤΑΛΜΑ ΠΛΗΡΩΜΗΣ ΠΑΝΑΓΙΩΤΗΣ ΡΟΥΜΠΟΣ τ. ΧΑΡΑΛΑΜΠΟΥΣ (113593051),113593051,ΠΑΝΑΓΙΩΤΗΣ ΡΟΥΜΠΟΣ τ. ΧΑΡΑΛΑΜΠΟΥΣ (113593051),11420.55,,
6ΧΧΜ4690ΒΩ-ΜΒΘ,2026-06-29,ΕΝΤΑΛΜΑ ΠΛΗΡΩΜΗΣ ΝΤΙΝΟΥ ΛΟΥΚΙΑ τ. ΣΤΕΦΑΝΟΥ (042565941),042565941,ΝΤΙΝΟΥ ΛΟΥΚΙΑ τ. ΣΤΕΦΑΝΟΥ (042565941),3000.0,,
9ΛΥΜ4690ΒΩ-ΧΛ6,2026-06-24,ΕΝΤΑΛΜΑ ΠΛΗΡΩΜΗΣ ΜΟΦΙΛ Ο.Ε (801568037),801568037,ΜΟΦΙΛ Ο.Ε (801568037),372.0,,
ΨΛΛΤ4690ΒΩ-Τ78,2026-06-29,ΕΝΤΑΛΜΑ ΠΛΗΡΩΜΗΣ ΝΤΙΝΟΥ ΛΟΥΚΙΑ τ. ΣΤΕΦΑΝΟΥ (042565941),042565941,ΝΤΙΝΟΥ ΛΟΥΚΙΑ τ. ΣΤΕΦΑΝΟΥ (042565941),423.62,,
906Ν4690ΒΩ-Ρ0Μ,2026-06-29,ΕΝΤΑΛΜΑ ΠΛΗΡΩΜΗΣ ΚΟΚΚΑΛΗΣ ΜΑΡΙΟΣ-ΚΩΝΣΤΑΝΤΙΝΟΣ τ. ΙΩΑΝΝΗ (105496607),105496607,ΚΟΚΚΑΛΗΣ ΜΑΡΙΟΣ-ΚΩΝΣΤΑΝΤΙΝΟΣ τ. ΙΩΑΝΝΗ (105496607),150.0,,
ΨΙ5Ξ4690ΒΩ-0ΤΚ,2026-04-20,ΕΝΤΑΛΜΑ ΠΛΗΡΩΜΗΣ ΝΕΑ ΔΙΑΓΝΩΣΤΙΚΗ ΔΙΑΣΤΑΣΗ Ε.Π.Ε (095618368),095618368,ΝΕΑ ΔΙΑΓΝΩΣΤΙΚΗ ΔΙΑΣΤΑΣΗ Ε.Π.Ε (095618368),133.92,,32302030001002
Ψ5ΘΚ4690ΒΩ-0ΞΤ,2026-06-22,ΕΝΤΑΛΜΑ ΠΛΗΡΩΜΗΣ  I. Ν. ΓΙΟΥΒΑΝΟΥΛΗΣ Ο.Ε. (998679914),998679914,I. Ν. ΓΙΟΥΒΑΝΟΥΛΗΣ Ο.Ε. (998679914),1984.0,,
9ΟΓΨ4690ΒΩ-5ΨΖ,2026-06-22,ΕΝΤΑΛΜΑ ΠΛΗΡΩΜΗΣ  I. Ν. ΓΙΟΥΒΑΝΟΥΛΗΣ Ο.Ε. (998679914),998679914,I. Ν. ΓΙΟΥΒΑΝΟΥΛΗΣ Ο.Ε. (998679914),2790.0,,
9ΗΥΥ4690ΒΩ-9ΕΧ,2026-06-30,ΣΥΝΤΗΡΗΣΗ  ΕΠΙΣΚΕΥΗ ΑΚΤΙΝΟΔΙΑΠΕΡΑΤΗ ΕΠΕΜΒΑΤΙΚΗΣ ΤΡΑΠΕΖΑΣ ΒΗΜΑΤΟΔΟΤΗ ΜΕ ΣΥΜΒΑΣΗ ΑΠΟ 9/7/2024 ΕΩΣ 8/7/2025 (ΣΥΜΒ. 403/2024),800366706,BIOSENSE ΑΝΩΝΥΜΗ ΕΤΑΙΡΕΙΑ,5580.0,,
63ΧΑ4690ΒΩ-ΧΘΝ,2026-04-16,ΕΝΤΑΛΜΑ ΠΛΗΡΩΜΗΣ ESCO ΚΩΣΤΟΠΟΥΛΟΣ-ΤΣΙΜΠΡΗ ΒΑΣΙΛ. ΣΙΑ ΕΕ (999333810),999333810,ESCO ΚΩΣΤΟΠΟΥΛΟΣ-ΤΣΙΜΠΡΗ ΒΑΣΙΛ. ΣΙΑ ΕΕ (999333810),459.79,,
Ψ56Κ4690ΒΩ-ΥΒΠ,2026-06-15,ΕΝΤΑΛΜΑ ΠΛΗΡΩΜΗΣ COMPUTER SOLUTIONS Α.E. (095403136),095403136,COMPUTER SOLUTIONS Α.E. (095403136),11160.0,,
ΨΙΝΘ4690ΒΩ-1ΣΓ,2026-04-16,ΕΝΤΑΛΜΑ ΠΛΗΡΩΜΗΣ Β.ΤΥΜΠΑΝΙΔΗΣ Κ.ΜΟΥΣΤΑΚΑ Ο.Ε. (997808976),997808976,Β.ΤΥΜΠΑΝΙΔΗΣ Κ.ΜΟΥΣΤΑΚΑ Ο.Ε. (997808976),708.29,,
ΨΝ194690ΒΩ-ΜΑ5,2026-04-20,ΕΝΤΑΛΜΑ ΠΛΗΡΩΜΗΣ BIOKON ΙΑΤΡΙΚΑ   ΒΙΟΤΕΧ/ΚΑ ΠΡΟΙΟΝΤΑ ΕΠΕ (999656321),999656321,BIOKON ΙΑΤΡΙΚΑ   ΒΙΟΤΕΧ/ΚΑ ΠΡΟΙΟΝΤΑ ΕΠΕ (999656321),182.85,,
ΨΕ374690ΒΩ-2Ξ7,2026-06-15,ΕΝΤΑΛΜΑ ΠΛΗΡΩΜΗΣ COMPUTER SOLUTIONS Α.E. (095403136),095403136,COMPUTER SOLUTIONS Α.E. (095403136),4960.0,,
Ρ6ΠΣ4690ΒΩ-ΙΟ1,2026-04-20,ΕΝΤΑΛΜΑ ΠΛΗΡΩΜΗΣ ΒΙΟΠΡΟΜΗΘΕΥΤΙΚΗ ΜΟΝΟΠΡΟΣΩΠΗ  Ε.Π.Ε. (099007886),099007886,ΒΙΟΠΡΟΜΗΘΕΥΤΙΚΗ ΜΟΝΟΠΡΟΣΩΠΗ  Ε.Π.Ε. (099007886),562.74,,
9ΘΤΟ4690ΒΩ-ΧΤ4,2026-06-26,ΕΝΤΑΛΜΑ ΠΛΗΡΩΜΗΣ ΤΕΜΑΚ Α.Ε.Τ.Ε. (094373941),094373941,ΤΕΜΑΚ Α.Ε.Τ.Ε. (094373941),2590.36,,
9ΖΘΕ4690ΒΩ-ΠΔΓ,2026-06-26,ΕΝΤΑΛΜΑ ΠΛΗΡΩΜΗΣ ΝΕΑ ΕΠΙΜΕΝΤ ΜΕΠΕ (999723663),999723663,ΝΕΑ ΕΠΙΜΕΝΤ ΜΕΠΕ (999723663),2232.0,,
9ΘΟΛ4690ΒΩ-ΘΔΣ,2026-06-26,ΕΝΤΑΛΜΑ ΠΛΗΡΩΜΗΣ ΥΓΕΙΟΔΥΝΑΜΙΚΗ Α.Ε. ΙΑΤΡΙΚΩΝ ΕΦΟΔΙΩΝ (997672386),997672386,ΥΓΕΙΟΔΥΝΑΜΙΚΗ Α.Ε. ΙΑΤΡΙΚΩΝ ΕΦΟΔΙΩΝ (997672386),4250.72,,
622Κ4690ΒΩ-ΒΓΧ,2026-06-24,ΕΝΤΑΛΜΑ ΠΛΗΡΩΜΗΣ ΠΡΩΤΟΝ A.E. (094442268),094442268,ΠΡΩΤΟΝ A.E. (094442268),3609.64,,
ΡΟ3Β4690ΒΩ-ΑΚΝ,2026-04-16,ΕΝΤΑΛΜΑ ΠΛΗΡΩΜΗΣ ΕΛΛΕΝΚΟ ΑΕ (094074824),094074824,ΕΛΛΕΝΚΟ ΑΕ (094074824),748.34,,
9Λ1Μ4690ΒΩ-Μ6Ν,2026-04-16,ΕΝΤΑΛΜΑ ΠΛΗΡΩΜΗΣ ΓΕΡΜΑΝΟΣ ΞΕΝΟΦΩΝ ΑΕΕ (094326835),094326835,ΓΕΡΜΑΝΟΣ ΞΕΝΟΦΩΝ ΑΕΕ (094326835),441.38,,
ΨΩΒΧ4690ΒΩ-ΗΘ1,2026-06-26,ΕΝΤΑΛΜΑ ΠΛΗΡΩΜΗΣ V L VIOLAK INTERNATIONAL   A.E. (099370337),099370337,V L VIOLAK INTERNATIONAL   A.E. (099370337),3923.2,,
9ΘΣΤ4690ΒΩ-7ΘΞ,2026-06-26,ΕΝΤΑΛΜΑ ΠΛΗΡΩΜΗΣ SANIMED-ΜΑΡΙΝΑ ΓΕΩΡΓΑΚΗ   ΣΙΑ Ε.Ε (999324154),999324154,SANIMED-ΜΑΡΙΝΑ ΓΕΩΡΓΑΚΗ   ΣΙΑ Ε.Ε (999324154),4084.66,,
9Π0Δ4690ΒΩ-ΗΙΦ,2026-04-16,ΕΝΤΑΛΜΑ ΠΛΗΡΩΜΗΣ THERMOGRAFICA HELLAS ΕΠΕ (095083787),095083787,THERMOGRAFICA HELLAS ΕΠΕ (095083787),647.28,,
Ψ3ΙΕ4690ΒΩ-1ΤΤ,2026-06-26,ΕΝΤΑΛΜΑ ΠΛΗΡΩΜΗΣ ΥΙΟΙ ΕΥΘ. ΣΥΡΒΑΝΙΔΗ   Ο.Ε. (082903781),082903781,ΥΙΟΙ ΕΥΘ. ΣΥΡΒΑΝΙΔΗ   Ο.Ε. (082903781),986.42,,
9ΜΡ14690ΒΩ-ΓΑΝ,2026-06-26,ΕΝΤΑΛΜΑ ΠΛΗΡΩΜΗΣ ΝΕΑ ΔΙΑΓΝΩΣΤΙΚΗ ΔΙΑΣΤΑΣΗ Ε.Π.Ε (095618368),095618368,ΝΕΑ ΔΙΑΓΝΩΣΤΙΚΗ ΔΙΑΣΤΑΣΗ Ε.Π.Ε (095618368),1558.2,,
Ρ7ΒΡ4690ΒΩ-8ΘΞ,2026-06-26,ΕΝΤΑΛΜΑ ΠΛΗΡΩΜΗΣ ΟΛΟΚΛΗΡΩΜΕΝΑ ΣΥΣΤΗΜΑΤΑ ΚΑΘΑΡΙΣΜΟΥ ΑΒΕΕ (094343647),094343647,ΟΛΟΚΛΗΡΩΜΕΝΑ ΣΥΣΤΗΜΑΤΑ ΚΑΘΑΡΙΣΜΟΥ ΑΒΕΕ (094343647),748.96,,
ΨΘΝΔ4690ΒΩ-ΒΦ5,2026-04-17,ΕΝΤΑΛΜΑ ΠΛΗΡΩΜΗΣ OSMOS HELLAS ΜΟΝΟΠΡΟΣΩΠΗ ΙΚΕ (801925543),801925543,OSMOS HELLAS ΜΟΝΟΠΡΟΣΩΠΗ ΙΚΕ (801925543),123.38,,
9ΟΡΓ4690ΒΩ-ΚΗΝ,2026-06-26,ΕΝΤΑΛΜΑ ΠΛΗΡΩΜΗΣ ΣΑΜΑΡΑΣ ΑΕ (094294998),094294998,ΣΑΜΑΡΑΣ ΑΕ (094294998),1280.0,,
ΡΒ4Ψ4690ΒΩ-ΘΦ0,2026-06-26,ΕΝΤΑΛΜΑ ΠΛΗΡΩΜΗΣ ΣΚΟΥΠΡΑΣ ΝΙΚΟΛΑΟΣ (151486717),151486717,ΣΚΟΥΠΡΑΣ ΝΙΚΟΛΑΟΣ (151486717),1931.92,,
9Ψ6Κ4690ΒΩ-9ΗΥ,2026-04-17,ΕΝΤΑΛΜΑ ΠΛΗΡΩΜΗΣ MENARINI ΔΙΑΓΝΩΣΤΙΚΑ-ΙΑΤΡ.ΟΡΓΑΝΑ ΑΕΒΕ (094322455),094322455,MENARINI ΔΙΑΓΝΩΣΤΙΚΑ-ΙΑΤΡ.ΟΡΓΑΝΑ ΑΕΒΕ (094322455),474.88,,
9Ω7Λ4690ΒΩ-ΖΟ6,2026-06-26,ΕΝΤΑΛΜΑ ΠΛΗΡΩΜΗΣ ΦΑΝΟΥΡΑΚΗΣ-ΕΠΤΑΜΗΝΙΤΑΚΗ Ο.Ε (099304451),099304451,ΦΑΝΟΥΡΑΚΗΣ-ΕΠΤΑΜΗΝΙΤΑΚΗ Ο.Ε (099304451),2083.2,,
ΨΚΛΘ4690ΒΩ-871,2026-04-16,ΕΝΤΑΛΜΑ ΠΛΗΡΩΜΗΣ ΙΝΕΞ Α.Ε. (094356041),094356041,ΙΝΕΞ Α.Ε. (094356041),1762.8,,
Ψ1ΠΝ4690ΒΩ-ΗΛΖ,2026-06-26,ΕΝΤΑΛΜΑ ΠΛΗΡΩΜΗΣ THERMOGRAFICA HELLAS ΕΠΕ (095083787),095083787,THERMOGRAFICA HELLAS ΕΠΕ (095083787),4133.11,,
9ΜΣΧ4690ΒΩ-304,2026-06-26,ΕΝΤΑΛΜΑ ΠΛΗΡΩΜΗΣ α V.I.FARMA INTERNATIONAL s.a (999076399),999076399,α V.I.FARMA INTERNATIONAL s.a (999076399),1696.0,,
6ΖΛΜ4690ΒΩ-Ρ1Ψ,2026-04-16,ΕΝΤΑΛΜΑ ΠΛΗΡΩΜΗΣ ΑΚΑΗΑΙ-Γ.ΚΟΥΝΤΟΥΡΟΓΛΟΥ   ΣΙΑ ΕΕ (998856960),998856960,ΑΚΑΗΑΙ-Γ.ΚΟΥΝΤΟΥΡΟΓΛΟΥ   ΣΙΑ ΕΕ (998856960),339.0,,
65614690ΒΩ-5ΟΖ,2026-06-23,ΕΝΤΑΛΜΑ ΠΛΗΡΩΜΗΣ TELEFLEX MEDICAL ΕΛΛΑΣ (ARROW HELLAS AEE) (094429990),094429990,TELEFLEX MEDICAL ΕΛΛΑΣ (ARROW HELLAS AEE) (094429990),1243.0,,
ΨΓΑ34690ΒΩ-3ΕΚ,2026-06-23,ΕΝΤΑΛΜΑ ΠΛΗΡΩΜΗΣ DOCTUM ΦΑΡΜ/ΚΗ Κ.Τ.ΓΙΟΚΑΡΗ   ΣΙΑ Α.Ε. (094070315),094070315,DOCTUM ΦΑΡΜ/ΚΗ Κ.Τ.ΓΙΟΚΑΡΗ   ΣΙΑ Α.Ε. (094070315),3367.46,,
6ΝΖΠ4690ΒΩ-ΣΒΥ,2026-04-17,ΕΝΤΑΛΜΑ ΠΛΗΡΩΜΗΣ BIOMEDPAP  ΠΑΠΑΤΣΟΥΤΣΟΣ  ΔΗΜΗΤΡΙΟΣ (054022218),054022218,BIOMEDPAP  ΠΑΠΑΤΣΟΥΤΣΟΣ  ΔΗΜΗΤΡΙΟΣ (054022218),1222.34,,
9Υ094690ΒΩ-ΠΞΔ,2026-04-17,ΕΝΤΑΛΜΑ ΠΛΗΡΩΜΗΣ TELEFLEX MEDICAL ΕΛΛΑΣ (ARROW HELLAS AEE) (094429990),094429990,TELEFLEX MEDICAL ΕΛΛΑΣ (ARROW HELLAS AEE) (094429990),542.4,,
90ΩΡ4690ΒΩ-Ω1Λ,2026-04-17,ΕΝΤΑΛΜΑ ΠΛΗΡΩΜΗΣ Y LOGIMED Α.Ε (094446034),094446034,Y LOGIMED Α.Ε (094446034),2507.43,,
9Ψ7Ε4690ΒΩ-Α9Ρ,2026-04-16,ΕΝΤΑΛΜΑ ΠΛΗΡΩΜΗΣ ZERONO Α.Ε. (998477820),998477820,ZERONO Α.Ε. (998477820),179.8,,
ΨΤ314690ΒΩ-Δ3Σ,2026-04-16,ΕΝΤΑΛΜΑ ΠΛΗΡΩΜΗΣ MEDICIN Α.ΤΡΙΑΝΤΑΦΥΛΛΟΠΟΥΛΟΣ Ε.Ε. (800896490),800896490,MEDICIN Α.ΤΡΙΑΝΤΑΦΥΛΛΟΠΟΥΛΟΣ Ε.Ε. (800896490),146.33,,
9Τ924690ΒΩ-60Ε,2026-06-24,ΕΝΤΑΛΜΑ ΠΛΗΡΩΜΗΣ ALFAMED PLUS - Κ.ΤΕΛΙΔΗΣ Α.Ε. (998218488),998218488,ALFAMED PLUS - Κ.ΤΕΛΙΔΗΣ Α.Ε. (998218488),2684.06,,
94374690ΒΩ-ΖΣ4,2026-06-24,ΕΝΤΑΛΜΑ ΠΛΗΡΩΜΗΣ ΠΑΠΑΕΛΛΗΝΑΣ  Α. ΚΩΣΤΑΣ (ΕΛΛΑΣ) Α.Ε.Β.Ε. (094075360),094075360,ΠΑΠΑΕΛΛΗΝΑΣ  Α. ΚΩΣΤΑΣ (ΕΛΛΑΣ) Α.Ε.Β.Ε. (094075360),4950.04,,
Ψ2ΘΓ4690ΒΩ-7ΞΞ,2026-06-22,ΕΝΤΑΛΜΑ ΠΛΗΡΩΜΗΣ ΜΟΝΟΤΥΠΙΑ ΜΟΝΟΠΡΟΣΩΠΗ ΙΚΕ (801818159),801818159,ΜΟΝΟΤΥΠΙΑ ΜΟΝΟΠΡΟΣΩΠΗ ΙΚΕ (801818159),607.6,,
9ΞΕ64690ΒΩ-ΞΟΦ,2026-06-22,ΕΝΤΑΛΜΑ ΠΛΗΡΩΜΗΣ ΚΑΡΕΚΛΙΔΗΣ Γ.ΑΡΧΙΜΗΔΗΣ (130456160),130456160,ΚΑΡΕΚΛΙΔΗΣ Γ.ΑΡΧΙΜΗΔΗΣ (130456160),491.04,,
9ΤΥΗ4690ΒΩ-ΓΜΩ,2026-06-22,ΕΝΤΑΛΜΑ ΠΛΗΡΩΜΗΣ ΤΣΙΝΤΣΙΝΗ Γ.ΠΑΡΑΣΚΕΥΗ(ΜΑΓΝΗΤΗΣ) (047057290),047057290,ΤΣΙΝΤΣΙΝΗ Γ.ΠΑΡΑΣΚΕΥΗ(ΜΑΓΝΗΤΗΣ) (047057290),233.12,,
90Ν24690ΒΩ-ΦΙ7,2026-06-22,ΕΝΤΑΛΜΑ ΠΛΗΡΩΜΗΣ ΠΡΩΤΟΝ A.E. (094442268),094442268,ΠΡΩΤΟΝ A.E. (094442268),1402.64,,
90704690ΒΩ-ΤΙ4,2026-04-16,ΕΝΤΑΛΜΑ ΠΛΗΡΩΜΗΣ ΚΟΥΚΟΥΣΕΛΗΣ ΑΝΑΣΤΑΣΙΟΣ ΜΟΝ. Ι.Κ.Ε. (800727737),800727737,ΚΟΥΚΟΥΣΕΛΗΣ ΑΝΑΣΤΑΣΙΟΣ ΜΟΝ. Ι.Κ.Ε. (800727737),240.69,,
9Ρ9Τ4690ΒΩ-ΒΕ0,2026-06-19,ΕΝΤΑΛΜΑ ΠΛΗΡΩΜΗΣ ΒΥΖΑΣ ΑΝΩΝ. ΕΜΠΟΡΙΚΗ ΕΤΑΙΡΕΙΑ (094289349),094289349,ΒΥΖΑΣ ΑΝΩΝ. ΕΜΠΟΡΙΚΗ ΕΤΑΙΡΕΙΑ (094289349),166.34,,
ΨΑ8Ψ4690ΒΩ-13Η,2026-06-19,ΕΝΤΑΛΜΑ ΠΛΗΡΩΜΗΣ ΒΑΡΕΛΑΣ Α.Ε. (094047060),094047060,ΒΑΡΕΛΑΣ Α.Ε. (094047060),789.66,,
9ΛΗΨ4690ΒΩ-ΖΩ3,2026-06-19,ΕΝΤΑΛΜΑ ΠΛΗΡΩΜΗΣ ΒΕΡΜΑ ΝΤΡΑΓΚΣ Α.Β.Ε.Ε. (099363426),099363426,ΒΕΡΜΑ ΝΤΡΑΓΚΣ Α.Β.Ε.Ε. (099363426),2591.7,,
ΨΝ2Δ4690ΒΩ-Ν2Π,2026-06-24,ΕΝΤΑΛΜΑ ΠΛΗΡΩΜΗΣ ΑΡΘΡΩΣΙΣ Α.Ε (082899566),082899566,ΑΡΘΡΩΣΙΣ Α.Ε (082899566),1715.34,,
ΨΗΒΑ4690ΒΩ-Ω7Σ,2026-06-23,ΕΝΤΑΛΜΑ ΠΛΗΡΩΜΗΣ ΙΑΜΕΞ  ΙΑΤΡΙΚΑ  ΕΙΔΗ  Α.Ε. (999212027),999212027,ΙΑΜΕΞ  ΙΑΤΡΙΚΑ  ΕΙΔΗ  Α.Ε. (999212027),5993.01,,
9Γ7Ζ4690ΒΩ-ΛΟΧ,2026-06-24,ΕΝΤΑΛΜΑ ΠΛΗΡΩΜΗΣ HEALTH TEAM ΙΑΤΡΙΚΑ Ι.Κ.Ε. (800925613),800925613,HEALTH TEAM ΙΑΤΡΙΚΑ Ι.Κ.Ε. (800925613),8089.35,,
92ΔΧ4690ΒΩ-6ΘΜ,2026-06-23,ΕΝΤΑΛΜΑ ΠΛΗΡΩΜΗΣ MADISON MEDICAL M. ΕΠΕ (998011508),998011508,MADISON MEDICAL M. ΕΠΕ (998011508),8233.24,,
9Ζ9Τ4690ΒΩ-ΛΒΖ,2026-06-25,ΕΝΤΑΛΜΑ ΠΛΗΡΩΜΗΣ ΚΥΡΙΑΚΙΔΗΣ Ι.Μ. Α.Ε. (094128820),094128820,ΚΥΡΙΑΚΙΔΗΣ Ι.Μ. Α.Ε. (094128820),2518.56,,
ΡΕΩΩ4690ΒΩ-Ψ6Ε,2026-06-25,ΕΝΤΑΛΜΑ ΠΛΗΡΩΜΗΣ ΚΟΣΜΙΔΗΣ  ΧΑΡ. ΠΕΤΡΟΣ     ΣΙΑ  Ε.Ε. (999685389),999685389,ΚΟΣΜΙΔΗΣ  ΧΑΡ. ΠΕΤΡΟΣ     ΣΙΑ  Ε.Ε. (999685389),1565.1,,
Ρ43Τ4690ΒΩ-ΠΜ5,2026-06-24,ΕΝΤΑΛΜΑ ΠΛΗΡΩΜΗΣ BIOGENESYS  Ι.Κ.Ε. (099805952),099805952,BIOGENESYS  Ι.Κ.Ε. (099805952),675.74,,
ΨΘΗΔ4690ΒΩ-ΛΕ9,2026-06-24,ΕΝΤΑΛΜΑ ΠΛΗΡΩΜΗΣ ΤΡΑΠΕΖΑ  EUROBANK AE (094014250),094014250,ΤΡΑΠΕΖΑ  EUROBANK AE (094014250),1.2,,
6ΣΦΨ4690ΒΩ-12Ε,2026-06-24,ΕΝΤΑΛΜΑ ΠΛΗΡΩΜΗΣ ΙΝΝΟΒΑ ΜΕΝΤΙΚΑΛ ΜΟΝ/ΠΗ Ε.Π.Ε. (099039141),099039141,ΙΝΝΟΒΑ ΜΕΝΤΙΚΑΛ ΜΟΝ/ΠΗ Ε.Π.Ε. (099039141),682.0,,
9Θ4Κ4690ΒΩ-8ΕΖ,2026-06-25,ΕΝΤΑΛΜΑ ΠΛΗΡΩΜΗΣ Α.ΔΕΡΒΟΣ-Γ.ΔΗΜΗΤΡΑΚΟΠΟΥΛΟΣ κ.ΣΙΑ Α.Ε. (099518023),099518023,Α.ΔΕΡΒΟΣ-Γ.ΔΗΜΗΤΡΑΚΟΠΟΥΛΟΣ κ.ΣΙΑ Α.Ε. (099518023),1083.76,,
6Ν1Υ4690ΒΩ-2ΤΩ,2026-06-25,ΕΝΤΑΛΜΑ ΠΛΗΡΩΜΗΣ ΚΟΣΜΙΔΗΣ  ΧΑΡ. ΠΕΤΡΟΣ     ΣΙΑ  Ε.Ε. (999685389),999685389,ΚΟΣΜΙΔΗΣ  ΧΑΡ. ΠΕΤΡΟΣ     ΣΙΑ  Ε.Ε. (999685389),1431.0,,
ΡΣΞ54690ΒΩ-Δ4Ψ,2026-06-25,ΕΝΤΑΛΜΑ ΠΛΗΡΩΜΗΣ ΚΑΖΑΝΑΣ ΑΘΑΝΑΣΙΟΣ ΜΟΝΟΠΡΟΣΩΠΗ Ε.Π.Ε. (998632706),998632706,ΚΑΖΑΝΑΣ ΑΘΑΝΑΣΙΟΣ ΜΟΝΟΠΡΟΣΩΠΗ Ε.Π.Ε. (998632706),1156.92,,
Ψ8ΦΟ4690ΒΩ-ΗΒΒ,2026-06-25,ΕΝΤΑΛΜΑ ΠΛΗΡΩΜΗΣ ΔΕΡΚΑ  ΙΑΤΡΙΚΑ Ε.Π.Ε. (999687125),999687125,ΔΕΡΚΑ  ΙΑΤΡΙΚΑ Ε.Π.Ε. (999687125),2236.37,,
ΡΚΡ54690ΒΩ-04Ε,2026-06-26,ΕΝΤΑΛΜΑ ΠΛΗΡΩΜΗΣ ΝΟΣΟΚΟΜΕΙΑΚΗ ΓΡΑΜΜΗ Α.Ε. HOSPITAL LINE (094396063),094396063,ΝΟΣΟΚΟΜΕΙΑΚΗ ΓΡΑΜΜΗ Α.Ε. HOSPITAL LINE (094396063),4550.8,,
ΡΟΑΠ4690ΒΩ-ΗΚ6,2026-06-25,ΕΝΤΑΛΜΑ ΠΛΗΡΩΜΗΣ ACROMED ΜΟΝΟΠΡΟΣΩΠΗ ΙΔΙΩΤΙΚΗ ΚΕΦΑΛΑΙΟΥΧΙΚΗ ΕΤΑΙΡΕΙΑ (801707750),801707750,ACROMED ΜΟΝΟΠΡΟΣΩΠΗ ΙΔΙΩΤΙΚΗ ΚΕΦΑΛΑΙΟΥΧΙΚΗ ΕΤΑΙΡΕΙΑ (801707750),2317.56,,
ΡΠ0Χ4690ΒΩ-ΞΓΞ,2026-06-25,ΕΝΤΑΛΜΑ ΠΛΗΡΩΜΗΣ Α.ΔΕΡΒΟΣ-Γ.ΔΗΜΗΤΡΑΚΟΠΟΥΛΟΣ κ.ΣΙΑ Α.Ε. (099518023),099518023,Α.ΔΕΡΒΟΣ-Γ.ΔΗΜΗΤΡΑΚΟΠΟΥΛΟΣ κ.ΣΙΑ Α.Ε. (099518023),943.56,,
Ρ1ΑΡ4690ΒΩ-ΩΥ0,2026-06-25,ΕΝΤΑΛΜΑ ΠΛΗΡΩΜΗΣ ΓΕΝΙΚΗ ΧΗΜΙΚΩΝ ΠΡΟΙΟΝΤΩΝ Α.Ε. (094133588),094133588,ΓΕΝΙΚΗ ΧΗΜΙΚΩΝ ΠΡΟΙΟΝΤΩΝ Α.Ε. (094133588),5334.63,,
909Ε4690ΒΩ-Ε9Α,2026-06-24,ΕΝΤΑΛΜΑ ΠΛΗΡΩΜΗΣ ΙΑΜΕΞ  ΙΑΤΡΙΚΑ  ΕΙΔΗ  Α.Ε. (999212027),999212027,ΙΑΜΕΞ  ΙΑΤΡΙΚΑ  ΕΙΔΗ  Α.Ε. (999212027),3368.53,,
Ψ8ΦΨ4690ΒΩ-7ΟΕ,2026-06-24,ΕΝΤΑΛΜΑ ΠΛΗΡΩΜΗΣ ΤΡΑΠΕΖΑ  EUROBANK AE (094014250),094014250,ΤΡΑΠΕΖΑ  EUROBANK AE (094014250),4.0,,
ΨΣΩ54690ΒΩ-ΩΓΘ,2026-06-24,ΕΝΤΑΛΜΑ ΠΛΗΡΩΜΗΣ ORTHOPRO IKE (800544160),800544160,ORTHOPRO IKE (800544160),3109.76,,
ΡΨΥΞ4690ΒΩ-20Ε,2026-06-24,ΕΝΤΑΛΜΑ ΠΛΗΡΩΜΗΣ ORTHOPRO IKE (800544160),800544160,ORTHOPRO IKE (800544160),5243.32,,
ΨΓ3Θ4690ΒΩ-2ΗΦ,2026-06-24,ΕΝΤΑΛΜΑ ΠΛΗΡΩΜΗΣ ORTHOPRO IKE (800544160),800544160,ORTHOPRO IKE (800544160),9413.0,,
ΨΣ7Τ4690ΒΩ-ΞΛΑ,2026-06-24,ΕΝΤΑΛΜΑ ΠΛΗΡΩΜΗΣ ΤΡΑΠΕΖΑ  EUROBANK AE (094014250),094014250,ΤΡΑΠΕΖΑ  EUROBANK AE (094014250),4.0,,
9Β6Ε4690ΒΩ-ΨΚΧ,2026-06-24,ΕΝΤΑΛΜΑ ΠΛΗΡΩΜΗΣ ΛΙΝΤΕ ΕΛΛΑΣ ΜΟΝΟΠΡΟΣΩΠΗ Ε.Π.Ε (095167018),095167018,ΛΙΝΤΕ ΕΛΛΑΣ ΜΟΝΟΠΡΟΣΩΠΗ Ε.Π.Ε (095167018),2220.16,,
99ΓΕ4690ΒΩ-ΞΝΧ,2026-06-24,ΕΝΤΑΛΜΑ ΠΛΗΡΩΜΗΣ ΠΑΠΑΠΟΣΤΟΛΟΥ Ν. ΑΕ (095029193),095029193,ΠΑΠΑΠΟΣΤΟΛΟΥ Ν. ΑΕ (095029193),12037.18,,
97ΕΖ4690ΒΩ-1ΘΣ,2026-06-24,ΕΝΤΑΛΜΑ ΠΛΗΡΩΜΗΣ PHAREL ΜΟΝΟΠΡΟΣΩΠΗ ΙΚΕ (800745614),800745614,PHAREL ΜΟΝΟΠΡΟΣΩΠΗ ΙΚΕ (800745614),27504.42,,
Ψ52Δ4690ΒΩ-ΑΣ4,2026-06-23,ΕΝΤΑΛΜΑ ΠΛΗΡΩΜΗΣ ΚΑΛΤΕΚ ΑΕ ΕΜΠΟΡΙΑ ΙΑΤΡΙΚΩΝ ΕΙΔΩΝ ΚΑΙ ΠΡΟΙΟΝΤΩΝ ΚΑΙ ΜΗΧΑΝΗΜΑΤΩΝ  ΑΝΩΝΥΜΗ ΕΤΑΙΡΕΙΑ (999307110),999307110,ΚΑΛΤΕΚ ΑΕ ΕΜΠΟΡΙΑ ΙΑΤΡΙΚΩΝ ΕΙΔΩΝ ΚΑΙ ΠΡΟΙΟΝΤΩΝ ΚΑΙ ΜΗΧΑΝΗΜΑΤΩΝ  ΑΝΩΝΥΜΗ ΕΤΑΙΡΕΙΑ (999307110),3515.23,,
ΨΤΜΞ4690ΒΩ-ΙΡΩ,2026-06-24,ΕΝΤΑΛΜΑ ΠΛΗΡΩΜΗΣ MEDINOR E.E. (082802380),082802380,MEDINOR E.E. (082802380),3428.42,,
9Ι1Ω4690ΒΩ-2ΦΡ,2026-06-23,ΕΝΤΑΛΜΑ ΠΛΗΡΩΜΗΣ COMPUTER SOLUTIONS Α.E. (095403136),095403136,COMPUTER SOLUTIONS Α.E. (095403136),4464.0,,
ΨΥ384690ΒΩ-ΕΜ0,2026-06-24,ΕΝΤΑΛΜΑ ΠΛΗΡΩΜΗΣ MEDTRONIC HELLAS SA (094498111),094498111,MEDTRONIC HELLAS SA (094498111),40253.5,,
9ΨΖ34690ΒΩ-ΟΛΩ,2026-06-24,ΕΝΤΑΛΜΑ ΠΛΗΡΩΜΗΣ ΛΙΝΤΕ ΕΛΛΑΣ ΜΟΝΟΠΡΟΣΩΠΗ Ε.Π.Ε (095167018),095167018,ΛΙΝΤΕ ΕΛΛΑΣ ΜΟΝΟΠΡΟΣΩΠΗ Ε.Π.Ε (095167018),18277.6,,
Ψ31Μ4690ΒΩ-ΚΔ3,2026-06-24,ΕΝΤΑΛΜΑ ΠΛΗΡΩΜΗΣ ΛΙΝΤΕ ΕΛΛΑΣ ΜΟΝΟΠΡΟΣΩΠΗ Ε.Π.Ε (095167018),095167018,ΛΙΝΤΕ ΕΛΛΑΣ ΜΟΝΟΠΡΟΣΩΠΗ Ε.Π.Ε (095167018),788.64,,
91ΡΕ4690ΒΩ-ΙΧ1,2026-06-24,ΕΝΤΑΛΜΑ ΠΛΗΡΩΜΗΣ ΛΙΝΤΕ ΕΛΛΑΣ ΜΟΝΟΠΡΟΣΩΠΗ Ε.Π.Ε (095167018),095167018,ΛΙΝΤΕ ΕΛΛΑΣ ΜΟΝΟΠΡΟΣΩΠΗ Ε.Π.Ε (095167018),69.44,,
9ΤΙΡ4690ΒΩ-ΓΟ7,2026-06-23,ΕΝΤΑΛΜΑ ΠΛΗΡΩΜΗΣ ΚΟΣΜΙΔΗΣ  ΧΑΡ. ΠΕΤΡΟΣ     ΣΙΑ  Ε.Ε. (999685389),999685389,ΚΟΣΜΙΔΗΣ  ΧΑΡ. ΠΕΤΡΟΣ     ΣΙΑ  Ε.Ε. (999685389),21656.15,,
95ΖΨ4690ΒΩ-Π3Ν,2026-06-24,ΕΝΤΑΛΜΑ ΠΛΗΡΩΜΗΣ ΛΙΝΤΕ ΕΛΛΑΣ ΜΟΝΟΠΡΟΣΩΠΗ Ε.Π.Ε (095167018),095167018,ΛΙΝΤΕ ΕΛΛΑΣ ΜΟΝΟΠΡΟΣΩΠΗ Ε.Π.Ε (095167018),466.24,,
9ΞΡΦ4690ΒΩ-8Φ2,2026-06-24,ΕΝΤΑΛΜΑ ΠΛΗΡΩΜΗΣ ΛΙΝΤΕ ΕΛΛΑΣ ΜΟΝΟΠΡΟΣΩΠΗ Ε.Π.Ε (095167018),095167018,ΛΙΝΤΕ ΕΛΛΑΣ ΜΟΝΟΠΡΟΣΩΠΗ Ε.Π.Ε (095167018),191.58,,
6ΣΦΕ4690ΒΩ-6ΙΩ,2026-06-25,ΕΝΤΑΛΜΑ ΠΛΗΡΩΜΗΣ ΓΕΝΙΚΗ ΧΗΜΙΚΩΝ ΠΡΟΙΟΝΤΩΝ Α.Ε. (094133588),094133588,ΓΕΝΙΚΗ ΧΗΜΙΚΩΝ ΠΡΟΙΟΝΤΩΝ Α.Ε. (094133588),3829.06,,
9ΦΥ34690ΒΩ-Ε7Ε,2026-06-25,ΕΝΤΑΛΜΑ ΠΛΗΡΩΜΗΣ ΜΑΥΡΟΓΕΝΗΣ ΑΝΑΣΤΑΣΙΟΣ ΑΕ ΙΑΤΡΟΤΕΧΝΟΛΟΓΙΚΑ ΕΙΔΗ (082525697),082525697,ΜΑΥΡΟΓΕΝΗΣ ΑΝΑΣΤΑΣΙΟΣ ΑΕ ΙΑΤΡΟΤΕΧΝΟΛΟΓΙΚΑ ΕΙΔΗ (082525697),7161.0,,
9ΑΑΑ4690ΒΩ-ΒΩΟ,2026-06-25,ΕΝΤΑΛΜΑ ΠΛΗΡΩΜΗΣ ΜΑΥΡΟΓΕΝΗΣ ΑΝΑΣΤΑΣΙΟΣ ΑΕ ΙΑΤΡΟΤΕΧΝΟΛΟΓΙΚΑ ΕΙΔΗ (082525697),082525697,ΜΑΥΡΟΓΕΝΗΣ ΑΝΑΣΤΑΣΙΟΣ ΑΕ ΙΑΤΡΟΤΕΧΝΟΛΟΓΙΚΑ ΕΙΔΗ (082525697),4898.0,,
6Α8Κ4690ΒΩ-Τ15,2026-06-24,ΕΝΤΑΛΜΑ ΠΛΗΡΩΜΗΣ ΝΕΑ ΕΠΙΜΕΝΤ ΜΕΠΕ (999723663),999723663,ΝΕΑ ΕΠΙΜΕΝΤ ΜΕΠΕ (999723663),3844.0,,
9Α4Κ4690ΒΩ-1Φ4,2026-06-24,ΕΝΤΑΛΜΑ ΠΛΗΡΩΜΗΣ ΚΑΛΤΕΚ ΑΕ ΕΜΠΟΡΙΑ ΙΑΤΡΙΚΩΝ ΕΙΔΩΝ ΚΑΙ ΠΡΟΙΟΝΤΩΝ ΚΑΙ ΜΗΧΑΝΗΜΑΤΩΝ  ΑΝΩΝΥΜΗ ΕΤΑΙΡΕΙΑ (999307110),999307110,ΚΑΛΤΕΚ ΑΕ ΕΜΠΟΡΙΑ ΙΑΤΡΙΚΩΝ ΕΙΔΩΝ ΚΑΙ ΠΡΟΙΟΝΤΩΝ ΚΑΙ ΜΗΧΑΝΗΜΑΤΩΝ  ΑΝΩΝΥΜΗ ΕΤΑΙΡΕΙΑ (999307110),1226.06,,
ΨΩΔ94690ΒΩ-Χ6Ξ,2026-06-24,ΕΝΤΑΛΜΑ ΠΛΗΡΩΜΗΣ ΙΑΜΕΞ  ΙΑΤΡΙΚΑ  ΕΙΔΗ  Α.Ε. (999212027),999212027,ΙΑΜΕΞ  ΙΑΤΡΙΚΑ  ΕΙΔΗ  Α.Ε. (999212027),2957.49,,
9Ρ7Μ4690ΒΩ-ΟΕΑ,2026-06-24,ΕΝΤΑΛΜΑ ΠΛΗΡΩΜΗΣ ΙΑΜΕΞ  ΙΑΤΡΙΚΑ  ΕΙΔΗ  Α.Ε. (999212027),999212027,ΙΑΜΕΞ  ΙΑΤΡΙΚΑ  ΕΙΔΗ  Α.Ε. (999212027),3368.53,,
9Β4Π4690ΒΩ-4ΩΧ,2026-06-24,ΕΝΤΑΛΜΑ ΠΛΗΡΩΜΗΣ ΙΑΜΕΞ  ΙΑΤΡΙΚΑ  ΕΙΔΗ  Α.Ε. (999212027),999212027,ΙΑΜΕΞ  ΙΑΤΡΙΚΑ  ΕΙΔΗ  Α.Ε. (999212027),3125.58,,
ΨΛΧΔ4690ΒΩ-ΝΩΠ,2026-06-23,ΕΝΤΑΛΜΑ ΠΛΗΡΩΜΗΣ ΙΑΜΕΞ  ΙΑΤΡΙΚΑ  ΕΙΔΗ  Α.Ε. (999212027),999212027,ΙΑΜΕΞ  ΙΑΤΡΙΚΑ  ΕΙΔΗ  Α.Ε. (999212027),2994.5,,
9ΠΑΥ4690ΒΩ-Η5Β,2026-06-23,ΕΝΤΑΛΜΑ ΠΛΗΡΩΜΗΣ ΙΑΜΕΞ  ΙΑΤΡΙΚΑ  ΕΙΔΗ  Α.Ε. (999212027),999212027,ΙΑΜΕΞ  ΙΑΤΡΙΚΑ  ΕΙΔΗ  Α.Ε. (999212027),3368.53,,
9ΩΓ74690ΒΩ-ΦΞ4,2026-06-23,ΕΝΤΑΛΜΑ ΠΛΗΡΩΜΗΣ ΙΑΜΕΞ  ΙΑΤΡΙΚΑ  ΕΙΔΗ  Α.Ε. (999212027),999212027,ΙΑΜΕΞ  ΙΑΤΡΙΚΑ  ΕΙΔΗ  Α.Ε. (999212027),3368.53,,
ΨΝΙΔ4690ΒΩ-ΛΦΦ,2026-06-23,ΕΝΤΑΛΜΑ ΠΛΗΡΩΜΗΣ ΙΑΜΕΞ  ΙΑΤΡΙΚΑ  ΕΙΔΗ  Α.Ε. (999212027),999212027,ΙΑΜΕΞ  ΙΑΤΡΙΚΑ  ΕΙΔΗ  Α.Ε. (999212027),2957.49,,
Ψ5ΞΙ4690ΒΩ-0ΞΨ,2026-06-25,ΕΝΤΑΛΜΑ ΠΛΗΡΩΜΗΣ MILONAS HEALTH A.E (998179225),998179225,MILONAS HEALTH A.E (998179225),4729.47,,
Ψ5ΕΔ4690ΒΩ-ΓΕΜ,2026-06-23,ΕΝΤΑΛΜΑ ΠΛΗΡΩΜΗΣ ΙΑΜΕΞ  ΙΑΤΡΙΚΑ  ΕΙΔΗ  Α.Ε. (999212027),999212027,ΙΑΜΕΞ  ΙΑΤΡΙΚΑ  ΕΙΔΗ  Α.Ε. (999212027),3368.53,,
ΨΞΤ94690ΒΩ-3ΜΝ,2026-06-23,ΕΝΤΑΛΜΑ ΠΛΗΡΩΜΗΣ IMI INFINITY SURGIGAL INNOVATIONS ΜΟΝΟΠΡΟΣΩΠΗ  ΙΚΕ (801028069),801028069,IMI INFINITY SURGIGAL INNOVATIONS ΜΟΝΟΠΡΟΣΩΠΗ  ΙΚΕ (801028069),992.0,,
6Α5Δ4690ΒΩ-Σ1Θ,2026-06-23,ΕΝΤΑΛΜΑ ΠΛΗΡΩΜΗΣ ABBOTT LABORATORIES  ΕΛΛΑΣ  Α.Β.Ε.Ε. (094027257),094027257,ABBOTT LABORATORIES  ΕΛΛΑΣ  Α.Β.Ε.Ε. (094027257),84.8,,
9ΕΣΠ4690ΒΩ-Ι77,2026-06-25,ΕΝΤΑΛΜΑ ΠΛΗΡΩΜΗΣ Σ.ΚΩΝΣΤΑΝΤΙΝΙΔΗΣ   ΣΙΑ ΕΠΕ (099049158),099049158,Σ.ΚΩΝΣΤΑΝΤΙΝΙΔΗΣ   ΣΙΑ ΕΠΕ (099049158),2758.93,,
6Σ3Β4690ΒΩ-ΖΧΩ,2026-06-25,ΕΝΤΑΛΜΑ ΠΛΗΡΩΜΗΣ ATRON HEALTH A.E. (800519113),800519113,ATRON HEALTH A.E. (800519113),13206.74,,
ΨΒΜ54690ΒΩ-Υ09,2026-06-25,ΕΝΤΑΛΜΑ ΠΛΗΡΩΜΗΣ ΤΡΑΠΕΖΑ  EUROBANK AE (094014250),094014250,ΤΡΑΠΕΖΑ  EUROBANK AE (094014250),4.0,,
ΨΟΠΖ4690ΒΩ-Ζ6Ξ,2026-06-24,ΕΝΤΑΛΜΑ ΠΛΗΡΩΜΗΣ MEDTRONIC HELLAS SA (094498111),094498111,MEDTRONIC HELLAS SA (094498111),4839.72,,
Ψ0Β14690ΒΩ-Ο5Α,2026-06-24,ΕΝΤΑΛΜΑ ΠΛΗΡΩΜΗΣ BBD ΝΙΚ.ΛΑΙΝΙΩΤΗΣ Α.Ε.Β.Ε. (093628458),093628458,BBD ΝΙΚ.ΛΑΙΝΙΩΤΗΣ Α.Ε.Β.Ε. (093628458),3604.01,,
ΨΟ134690ΒΩ-ΛΜ7,2026-06-24,ΕΝΤΑΛΜΑ ΠΛΗΡΩΜΗΣ LERIVA AE (997985840),997985840,LERIVA AE (997985840),3100.0,,
9ΨΣ94690ΒΩ-339,2026-06-25,ΕΝΤΑΛΜΑ ΠΛΗΡΩΜΗΣ TELEFLEX MEDICAL ΕΛΛΑΣ (ARROW HELLAS AEE) (094429990),094429990,TELEFLEX MEDICAL ΕΛΛΑΣ (ARROW HELLAS AEE) (094429990),7783.44,,
68ΓΨ4690ΒΩ-ΓΤ0,2026-06-24,ΕΝΤΑΛΜΑ ΠΛΗΡΩΜΗΣ MEDIPRIME ΙΑΤΡΟΦΑΡΜ.ΕΙΔΩΝ Α.Ε.Ε. (998283526),998283526,MEDIPRIME ΙΑΤΡΟΦΑΡΜ.ΕΙΔΩΝ Α.Ε.Ε. (998283526),3099.24,,
ΨΩΣ64690ΒΩ-ΞΞΖ,2026-06-24,ΕΝΤΑΛΜΑ ΠΛΗΡΩΜΗΣ Y LOGIMED Α.Ε (094446034),094446034,Y LOGIMED Α.Ε (094446034),3842.0,,
6ΝΤ04690ΒΩ-ΣΞΕ,2026-06-25,ΕΝΤΑΛΜΑ ΠΛΗΡΩΜΗΣ ΚΑΛΤΕΚ ΑΕ ΕΜΠΟΡΙΑ ΙΑΤΡΙΚΩΝ ΕΙΔΩΝ ΚΑΙ ΠΡΟΙΟΝΤΩΝ ΚΑΙ ΜΗΧΑΝΗΜΑΤΩΝ  ΑΝΩΝΥΜΗ ΕΤΑΙΡΕΙΑ (999307110),999307110,ΚΑΛΤΕΚ ΑΕ ΕΜΠΟΡΙΑ ΙΑΤΡΙΚΩΝ ΕΙΔΩΝ ΚΑΙ ΠΡΟΙΟΝΤΩΝ ΚΑΙ ΜΗΧΑΝΗΜΑΤΩΝ  ΑΝΩΝΥΜΗ ΕΤΑΙΡΕΙΑ (999307110),20472.4,,
9ΞΥΦ4690ΒΩ-3ΥΘ,2026-06-25,ΕΝΤΑΛΜΑ ΠΛΗΡΩΜΗΣ Becton Dickinson Hellas A.E. (094501826),094501826,Becton Dickinson Hellas A.E. (094501826),2727.75,,
Ψ0ΙΠ4690ΒΩ-ΥΑΛ,2026-06-24,ΕΝΤΑΛΜΑ ΠΛΗΡΩΜΗΣ MEDIPRIME ΙΑΤΡΟΦΑΡΜ.ΕΙΔΩΝ Α.Ε.Ε. (998283526),998283526,MEDIPRIME ΙΑΤΡΟΦΑΡΜ.ΕΙΔΩΝ Α.Ε.Ε. (998283526),9631.07,,
9ΞΦΜ4690ΒΩ-3ΣΠ,2026-06-23,ΕΝΤΑΛΜΑ ΠΛΗΡΩΜΗΣ MEDIPRIME ΙΑΤΡΟΦΑΡΜ.ΕΙΔΩΝ Α.Ε.Ε. (998283526),998283526,MEDIPRIME ΙΑΤΡΟΦΑΡΜ.ΕΙΔΩΝ Α.Ε.Ε. (998283526),3691.76,,
ΨΛΤΞ4690ΒΩ-ΤΡΡ,2026-06-24,ΕΝΤΑΛΜΑ ΠΛΗΡΩΜΗΣ F  M FEED ΜΟΝΟΠΡΟΣΩΠΗ Ι.ΚΕ (800502874),800502874,F  M FEED ΜΟΝΟΠΡΟΣΩΠΗ Ι.ΚΕ (800502874),10633.0,,
ΨΟΤ04690ΒΩ-2ΒΨ,2026-06-24,ΕΝΤΑΛΜΑ ΠΛΗΡΩΜΗΣ ΚΟΣΜΙΔΗΣ  ΧΑΡ. ΠΕΤΡΟΣ     ΣΙΑ  Ε.Ε. (999685389),999685389,ΚΟΣΜΙΔΗΣ  ΧΑΡ. ΠΕΤΡΟΣ     ΣΙΑ  Ε.Ε. (999685389),7424.1,,
ΨΖ7Φ4690ΒΩ-ΣΒ8,2026-06-24,ΕΝΤΑΛΜΑ ΠΛΗΡΩΜΗΣ ΑΒΒΟTΤ ΜΕΝΤΙΚΑΛ ΕΛΛΑΣ ΕΜΠΟΡΙΚΗ ΕΤΑΙΡΕΙΑ ΠΕΡΙΟΡΙΣΜΕΝΗΣ ΕΥΘΥΝΗΣ (800396970),800396970,ΑΒΒΟTΤ ΜΕΝΤΙΚΑΛ ΕΛΛΑΣ ΕΜΠΟΡΙΚΗ ΕΤΑΙΡΕΙΑ ΠΕΡΙΟΡΙΣΜΕΝΗΣ ΕΥΘΥΝΗΣ (800396970),29038.5,,
6ΤΥΥ4690ΒΩ-23Κ,2026-06-24,ΕΝΤΑΛΜΑ ΠΛΗΡΩΜΗΣ CLINILAB  Α.   Ε. ΜΠΕΚΥΡΑΣ Α.Ε (095548153),095548153,CLINILAB  Α.   Ε. ΜΠΕΚΥΡΑΣ Α.Ε (095548153),7194.49,,
Ψ3ΤΠ4690ΒΩ-5ΒΞ,2026-06-24,ΕΝΤΑΛΜΑ ΠΛΗΡΩΜΗΣ ΜΑΥΡΟΓΕΝΗΣ ΑΝΑΣΤΑΣΙΟΣ ΑΕ ΙΑΤΡΟΤΕΧΝΟΛΟΓΙΚΑ ΕΙΔΗ (082525697),082525697,ΜΑΥΡΟΓΕΝΗΣ ΑΝΑΣΤΑΣΙΟΣ ΑΕ ΙΑΤΡΟΤΕΧΝΟΛΟΓΙΚΑ ΕΙΔΗ (082525697),7458.84,,
65454690ΒΩ-ΔΟΣ,2026-06-24,ΕΝΤΑΛΜΑ ΠΛΗΡΩΜΗΣ MART HELLAS A.E. (999401508),999401508,MART HELLAS A.E. (999401508),472.44,,
ΨΘΟΩ4690ΒΩ-Α9Γ,2026-06-25,ΕΝΤΑΛΜΑ ΠΛΗΡΩΜΗΣ ΓΕΝΙΚΗ ΧΕΙΡΟΥΡΓΙΚΗ' Ο.Ε. ΛΕΩΝ Δ. ΣΑΛΤΙΕΛ κ. ΥΙΟΙ (091538410),091538410,ΓΕΝΙΚΗ ΧΕΙΡΟΥΡΓΙΚΗ' Ο.Ε. ΛΕΩΝ Δ. ΣΑΛΤΙΕΛ κ. ΥΙΟΙ (091538410),2790.0,,
6ΣΛ14690ΒΩ-Χ25,2026-06-25,ΕΝΤΑΛΜΑ ΠΛΗΡΩΜΗΣ ARETEION MEDICALS A.E. (998283495),998283495,ARETEION MEDICALS A.E. (998283495),958.47,,
659Η4690ΒΩ-6ΧΙ,2026-06-23,ΕΝΤΑΛΜΑ ΠΛΗΡΩΜΗΣ ΚΑΛΤΕΚ ΑΕ ΕΜΠΟΡΙΑ ΙΑΤΡΙΚΩΝ ΕΙΔΩΝ ΚΑΙ ΠΡΟΙΟΝΤΩΝ ΚΑΙ ΜΗΧΑΝΗΜΑΤΩΝ  ΑΝΩΝΥΜΗ ΕΤΑΙΡΕΙΑ (999307110),999307110,ΚΑΛΤΕΚ ΑΕ ΕΜΠΟΡΙΑ ΙΑΤΡΙΚΩΝ ΕΙΔΩΝ ΚΑΙ ΠΡΟΙΟΝΤΩΝ ΚΑΙ ΜΗΧΑΝΗΜΑΤΩΝ  ΑΝΩΝΥΜΗ ΕΤΑΙΡΕΙΑ (999307110),4034.78,,
ΕΟΩ24690ΒΩ-7Ρ9,2026-06-23,ΕΝΤΑΛΜΑ ΠΛΗΡΩΜΗΣ ΚΑΛΤΕΚ ΑΕ ΕΜΠΟΡΙΑ ΙΑΤΡΙΚΩΝ ΕΙΔΩΝ ΚΑΙ ΠΡΟΙΟΝΤΩΝ ΚΑΙ ΜΗΧΑΝΗΜΑΤΩΝ  ΑΝΩΝΥΜΗ ΕΤΑΙΡΕΙΑ (999307110),999307110,ΚΑΛΤΕΚ ΑΕ ΕΜΠΟΡΙΑ ΙΑΤΡΙΚΩΝ ΕΙΔΩΝ ΚΑΙ ΠΡΟΙΟΝΤΩΝ ΚΑΙ ΜΗΧΑΝΗΜΑΤΩΝ  ΑΝΩΝΥΜΗ ΕΤΑΙΡΕΙΑ (999307110),4836.0,,
ΨΡΛΜ4690ΒΩ-ΠΜ9,2026-06-24,ΕΝΤΑΛΜΑ ΠΛΗΡΩΜΗΣ ΚΑΛΤΕΚ ΑΕ ΕΜΠΟΡΙΑ ΙΑΤΡΙΚΩΝ ΕΙΔΩΝ ΚΑΙ ΠΡΟΙΟΝΤΩΝ ΚΑΙ ΜΗΧΑΝΗΜΑΤΩΝ  ΑΝΩΝΥΜΗ ΕΤΑΙΡΕΙΑ (999307110),999307110,ΚΑΛΤΕΚ ΑΕ ΕΜΠΟΡΙΑ ΙΑΤΡΙΚΩΝ ΕΙΔΩΝ ΚΑΙ ΠΡΟΙΟΝΤΩΝ ΚΑΙ ΜΗΧΑΝΗΜΑΤΩΝ  ΑΝΩΝΥΜΗ ΕΤΑΙΡΕΙΑ (999307110),1163.9,,
ΨΓΡΒ4690ΒΩ-ΠΗ2,2026-06-24,ΕΝΤΑΛΜΑ ΠΛΗΡΩΜΗΣ ΦΙΛΙΠΠΟΣ ΚΟΥΛΟΥΡΗΣ ΜΟΝΟΠΡΟΣΩΠΗ ΕΠΕ (800527309),800527309,ΦΙΛΙΠΠΟΣ ΚΟΥΛΟΥΡΗΣ ΜΟΝΟΠΡΟΣΩΠΗ ΕΠΕ (800527309),15983.85,,
99ΛΗ4690ΒΩ-ΝΚΝ,2026-06-23,ΕΝΤΑΛΜΑ ΠΛΗΡΩΜΗΣ ΚΑΛΤΕΚ ΑΕ ΕΜΠΟΡΙΑ ΙΑΤΡΙΚΩΝ ΕΙΔΩΝ ΚΑΙ ΠΡΟΙΟΝΤΩΝ ΚΑΙ ΜΗΧΑΝΗΜΑΤΩΝ  ΑΝΩΝΥΜΗ ΕΤΑΙΡΕΙΑ (999307110),999307110,ΚΑΛΤΕΚ ΑΕ ΕΜΠΟΡΙΑ ΙΑΤΡΙΚΩΝ ΕΙΔΩΝ ΚΑΙ ΠΡΟΙΟΝΤΩΝ ΚΑΙ ΜΗΧΑΝΗΜΑΤΩΝ  ΑΝΩΝΥΜΗ ΕΤΑΙΡΕΙΑ (999307110),6115.48,,
Ρ0ΔΗ4690ΒΩ-4ΑΔ,2026-06-23,ΕΝΤΑΛΜΑ ΠΛΗΡΩΜΗΣ ΚΑΛΤΕΚ ΑΕ ΕΜΠΟΡΙΑ ΙΑΤΡΙΚΩΝ ΕΙΔΩΝ ΚΑΙ ΠΡΟΙΟΝΤΩΝ ΚΑΙ ΜΗΧΑΝΗΜΑΤΩΝ  ΑΝΩΝΥΜΗ ΕΤΑΙΡΕΙΑ (999307110),999307110,ΚΑΛΤΕΚ ΑΕ ΕΜΠΟΡΙΑ ΙΑΤΡΙΚΩΝ ΕΙΔΩΝ ΚΑΙ ΠΡΟΙΟΝΤΩΝ ΚΑΙ ΜΗΧΑΝΗΜΑΤΩΝ  ΑΝΩΝΥΜΗ ΕΤΑΙΡΕΙΑ (999307110),5426.18,,
ΨΞ9Ω4690ΒΩ-ΟΣΧ,2026-06-23,ΕΝΤΑΛΜΑ ΠΛΗΡΩΜΗΣ ΚΑΛΤΕΚ ΑΕ ΕΜΠΟΡΙΑ ΙΑΤΡΙΚΩΝ ΕΙΔΩΝ ΚΑΙ ΠΡΟΙΟΝΤΩΝ ΚΑΙ ΜΗΧΑΝΗΜΑΤΩΝ  ΑΝΩΝΥΜΗ ΕΤΑΙΡΕΙΑ (999307110),999307110,ΚΑΛΤΕΚ ΑΕ ΕΜΠΟΡΙΑ ΙΑΤΡΙΚΩΝ ΕΙΔΩΝ ΚΑΙ ΠΡΟΙΟΝΤΩΝ ΚΑΙ ΜΗΧΑΝΗΜΑΤΩΝ  ΑΝΩΝΥΜΗ ΕΤΑΙΡΕΙΑ (999307110),6906.48,,
Ψ4ΔΛ4690ΒΩ-9ΝΦ,2026-06-23,ΕΝΤΑΛΜΑ ΠΛΗΡΩΜΗΣ ΚΑΛΤΕΚ ΑΕ ΕΜΠΟΡΙΑ ΙΑΤΡΙΚΩΝ ΕΙΔΩΝ ΚΑΙ ΠΡΟΙΟΝΤΩΝ ΚΑΙ ΜΗΧΑΝΗΜΑΤΩΝ  ΑΝΩΝΥΜΗ ΕΤΑΙΡΕΙΑ (999307110),999307110,ΚΑΛΤΕΚ ΑΕ ΕΜΠΟΡΙΑ ΙΑΤΡΙΚΩΝ ΕΙΔΩΝ ΚΑΙ ΠΡΟΙΟΝΤΩΝ ΚΑΙ ΜΗΧΑΝΗΜΑΤΩΝ  ΑΝΩΝΥΜΗ ΕΤΑΙΡΕΙΑ (999307110),6906.48,,
ΨΥΙΤ4690ΒΩ-66Ψ,2026-06-23,ΕΝΤΑΛΜΑ ΠΛΗΡΩΜΗΣ ΚΑΛΤΕΚ ΑΕ ΕΜΠΟΡΙΑ ΙΑΤΡΙΚΩΝ ΕΙΔΩΝ ΚΑΙ ΠΡΟΙΟΝΤΩΝ ΚΑΙ ΜΗΧΑΝΗΜΑΤΩΝ  ΑΝΩΝΥΜΗ ΕΤΑΙΡΕΙΑ (999307110),999307110,ΚΑΛΤΕΚ ΑΕ ΕΜΠΟΡΙΑ ΙΑΤΡΙΚΩΝ ΕΙΔΩΝ ΚΑΙ ΠΡΟΙΟΝΤΩΝ ΚΑΙ ΜΗΧΑΝΗΜΑΤΩΝ  ΑΝΩΝΥΜΗ ΕΤΑΙΡΕΙΑ (999307110),17181.68,,
6ΝΒΡ4690ΒΩ-ΕΟ9,2026-06-23,ΕΝΤΑΛΜΑ ΠΛΗΡΩΜΗΣ ΚΑΛΤΕΚ ΑΕ ΕΜΠΟΡΙΑ ΙΑΤΡΙΚΩΝ ΕΙΔΩΝ ΚΑΙ ΠΡΟΙΟΝΤΩΝ ΚΑΙ ΜΗΧΑΝΗΜΑΤΩΝ  ΑΝΩΝΥΜΗ ΕΤΑΙΡΕΙΑ (999307110),999307110,ΚΑΛΤΕΚ ΑΕ ΕΜΠΟΡΙΑ ΙΑΤΡΙΚΩΝ ΕΙΔΩΝ ΚΑΙ ΠΡΟΙΟΝΤΩΝ ΚΑΙ ΜΗΧΑΝΗΜΑΤΩΝ  ΑΝΩΝΥΜΗ ΕΤΑΙΡΕΙΑ (999307110),17181.68,,
ΡΤ7Δ4690ΒΩ-ΤΚ1,2026-06-23,ΕΝΤΑΛΜΑ ΠΛΗΡΩΜΗΣ ΚΑΛΤΕΚ ΑΕ ΕΜΠΟΡΙΑ ΙΑΤΡΙΚΩΝ ΕΙΔΩΝ ΚΑΙ ΠΡΟΙΟΝΤΩΝ ΚΑΙ ΜΗΧΑΝΗΜΑΤΩΝ  ΑΝΩΝΥΜΗ ΕΤΑΙΡΕΙΑ (999307110),999307110,ΚΑΛΤΕΚ ΑΕ ΕΜΠΟΡΙΑ ΙΑΤΡΙΚΩΝ ΕΙΔΩΝ ΚΑΙ ΠΡΟΙΟΝΤΩΝ ΚΑΙ ΜΗΧΑΝΗΜΑΤΩΝ  ΑΝΩΝΥΜΗ ΕΤΑΙΡΕΙΑ (999307110),7697.48,,
ΡΤ4Φ4690ΒΩ-0Τ4,2026-06-23,ΕΝΤΑΛΜΑ ΠΛΗΡΩΜΗΣ ΚΑΛΤΕΚ ΑΕ ΕΜΠΟΡΙΑ ΙΑΤΡΙΚΩΝ ΕΙΔΩΝ ΚΑΙ ΠΡΟΙΟΝΤΩΝ ΚΑΙ ΜΗΧΑΝΗΜΑΤΩΝ  ΑΝΩΝΥΜΗ ΕΤΑΙΡΕΙΑ (999307110),999307110,ΚΑΛΤΕΚ ΑΕ ΕΜΠΟΡΙΑ ΙΑΤΡΙΚΩΝ ΕΙΔΩΝ ΚΑΙ ΠΡΟΙΟΝΤΩΝ ΚΑΙ ΜΗΧΑΝΗΜΑΤΩΝ  ΑΝΩΝΥΜΗ ΕΤΑΙΡΕΙΑ (999307110),6906.48,,
9ΚΚ44690ΒΩ-40Ζ,2026-06-23,ΕΝΤΑΛΜΑ ΠΛΗΡΩΜΗΣ ΚΑΛΤΕΚ ΑΕ ΕΜΠΟΡΙΑ ΙΑΤΡΙΚΩΝ ΕΙΔΩΝ ΚΑΙ ΠΡΟΙΟΝΤΩΝ ΚΑΙ ΜΗΧΑΝΗΜΑΤΩΝ  ΑΝΩΝΥΜΗ ΕΤΑΙΡΕΙΑ (999307110),999307110,ΚΑΛΤΕΚ ΑΕ ΕΜΠΟΡΙΑ ΙΑΤΡΙΚΩΝ ΕΙΔΩΝ ΚΑΙ ΠΡΟΙΟΝΤΩΝ ΚΑΙ ΜΗΧΑΝΗΜΑΤΩΝ  ΑΝΩΝΥΜΗ ΕΤΑΙΡΕΙΑ (999307110),3195.94,,
Ρ8914690ΒΩ-ΨΜΞ,2026-06-23,ΕΝΤΑΛΜΑ ΠΛΗΡΩΜΗΣ ΚΑΛΤΕΚ ΑΕ ΕΜΠΟΡΙΑ ΙΑΤΡΙΚΩΝ ΕΙΔΩΝ ΚΑΙ ΠΡΟΙΟΝΤΩΝ ΚΑΙ ΜΗΧΑΝΗΜΑΤΩΝ  ΑΝΩΝΥΜΗ ΕΤΑΙΡΕΙΑ (999307110),999307110,ΚΑΛΤΕΚ ΑΕ ΕΜΠΟΡΙΑ ΙΑΤΡΙΚΩΝ ΕΙΔΩΝ ΚΑΙ ΠΡΟΙΟΝΤΩΝ ΚΑΙ ΜΗΧΑΝΗΜΑΤΩΝ  ΑΝΩΝΥΜΗ ΕΤΑΙΡΕΙΑ (999307110),19052.55,,
ΨΥΔ64690ΒΩ-1ΗΝ,2026-06-22,ΕΝΤΑΛΜΑ ΠΛΗΡΩΜΗΣ ΒΙΟΠΡΟΜΗΘΕΥΤΙΚΗ ΜΟΝΟΠΡΟΣΩΠΗ  Ε.Π.Ε. (099007886),099007886,ΒΙΟΠΡΟΜΗΘΕΥΤΙΚΗ ΜΟΝΟΠΡΟΣΩΠΗ  Ε.Π.Ε. (099007886),1713.54,,
9ΠΥ14690ΒΩ-Θ5Ε,2026-06-19,ΕΝΤΑΛΜΑ ΠΛΗΡΩΜΗΣ MEDIPLAT ΕΠΕ (800500360),800500360,MEDIPLAT ΕΠΕ (800500360),10289.26,,
Ψ2ΠΘ4690ΒΩ-ΟΘΣ,2026-06-19,ΕΝΤΑΛΜΑ ΠΛΗΡΩΜΗΣ ΤΡΑΠΕΖΑ  EUROBANK AE (094014250),094014250,ΤΡΑΠΕΖΑ  EUROBANK AE (094014250),2.4,,
Ψ8ΣΤ4690ΒΩ-Ξ64,2026-06-23,ΕΝΤΑΛΜΑ ΠΛΗΡΩΜΗΣ ΚΑΛΤΕΚ ΑΕ ΕΜΠΟΡΙΑ ΙΑΤΡΙΚΩΝ ΕΙΔΩΝ ΚΑΙ ΠΡΟΙΟΝΤΩΝ ΚΑΙ ΜΗΧΑΝΗΜΑΤΩΝ  ΑΝΩΝΥΜΗ ΕΤΑΙΡΕΙΑ (999307110),999307110,ΚΑΛΤΕΚ ΑΕ ΕΜΠΟΡΙΑ ΙΑΤΡΙΚΩΝ ΕΙΔΩΝ ΚΑΙ ΠΡΟΙΟΝΤΩΝ ΚΑΙ ΜΗΧΑΝΗΜΑΤΩΝ  ΑΝΩΝΥΜΗ ΕΤΑΙΡΕΙΑ (999307110),26315.98,,
68Φ54690ΒΩ-Λ0Ι,2026-06-23,ΕΝΤΑΛΜΑ ΠΛΗΡΩΜΗΣ BBD ΝΙΚ.ΛΑΙΝΙΩΤΗΣ Α.Ε.Β.Ε. (093628458),093628458,BBD ΝΙΚ.ΛΑΙΝΙΩΤΗΣ Α.Ε.Β.Ε. (093628458),631.67,,
ΨΒ3Ζ4690ΒΩ-Κ73,2026-06-23,ΕΝΤΑΛΜΑ ΠΛΗΡΩΜΗΣ ΚΩΝ/ΝΟΣ   ΕΥΑΓ. ΚΑΤΣΑΝΑΚΗΣ Ο.Ε. (084257020),084257020,ΚΩΝ/ΝΟΣ   ΕΥΑΓ. ΚΑΤΣΑΝΑΚΗΣ Ο.Ε. (084257020),587.76,,
953Ι4690ΒΩ-ΒΒΔ,2026-06-23,ΕΝΤΑΛΜΑ ΠΛΗΡΩΜΗΣ ΜΙΧΑΗΛ ΣΚΑΜΑΓΚΑΣ ΑΒΕΕ (999717761),999717761,ΜΙΧΑΗΛ ΣΚΑΜΑΓΚΑΣ ΑΒΕΕ (999717761),2779.46,,
98ΓΛ4690ΒΩ-ΙΣΤ,2026-06-22,ΕΝΤΑΛΜΑ ΠΛΗΡΩΜΗΣ ΑΡΝΑΟΥΤΗΣ ΠΑΥΛΟΣ Α.Ε (094178060),094178060,ΑΡΝΑΟΥΤΗΣ ΠΑΥΛΟΣ Α.Ε (094178060),2031.81,,
93ΙΞ4690ΒΩ-ΝΑ3,2026-06-19,ΕΝΤΑΛΜΑ ΠΛΗΡΩΜΗΣ ΑΠΟΓΡΑΦΗ  Α.Ε. (997800653),997800653,ΑΠΟΓΡΑΦΗ  Α.Ε. (997800653),2597.55,,
9ΕΓ34690ΒΩ-ΓΗ2,2026-06-22,ΕΝΤΑΛΜΑ ΠΛΗΡΩΜΗΣ ΑΝΤΙ-ΣΕΛ ΑΦΟΙ A.ΣΕΛΙΔΗ A.Ε. (091569759),091569759,ΑΝΤΙ-ΣΕΛ ΑΦΟΙ A.ΣΕΛΙΔΗ A.Ε. (091569759),1258.6,,
9ΨΛΗ4690ΒΩ-ΦΥΜ,2026-06-19,ΕΝΤΑΛΜΑ ΠΛΗΡΩΜΗΣ ΒΥΖΑΣ ΑΝΩΝ. ΕΜΠΟΡΙΚΗ ΕΤΑΙΡΕΙΑ (094289349),094289349,ΒΥΖΑΣ ΑΝΩΝ. ΕΜΠΟΡΙΚΗ ΕΤΑΙΡΕΙΑ (094289349),604.5,,
6ΜΝΖ4690ΒΩ-ΘΝ8,2026-06-22,ΕΝΤΑΛΜΑ ΠΛΗΡΩΜΗΣ BIOKON ΙΑΤΡΙΚΑ   ΒΙΟΤΕΧ/ΚΑ ΠΡΟΙΟΝΤΑ ΕΠΕ (999656321),999656321,BIOKON ΙΑΤΡΙΚΑ   ΒΙΟΤΕΧ/ΚΑ ΠΡΟΙΟΝΤΑ ΕΠΕ (999656321),206.7,,
ΨΜΥΚ4690ΒΩ-Λ4Β,2026-06-22,ΕΝΤΑΛΜΑ ΠΛΗΡΩΜΗΣ ΒΙΟΗΛΕΚΤΡΟΝΙΚΗ Ι.Κ.Ε. - ΄΄BIOELECTRONICA ΄΄ (800780179),800780179,ΒΙΟΗΛΕΚΤΡΟΝΙΚΗ Ι.Κ.Ε. - ΄΄BIOELECTRONICA ΄΄ (800780179),948.6,,
91ΚΟ4690ΒΩ-ΘΣΗ,2026-06-22,ΕΝΤΑΛΜΑ ΠΛΗΡΩΜΗΣ ΒΙΟΣΕΡ Α.Ε. (094035927),094035927,ΒΙΟΣΕΡ Α.Ε. (094035927),29.66,,
ΨΖΙ14690ΒΩ-Η17,2026-06-22,ΕΝΤΑΛΜΑ ΠΛΗΡΩΜΗΣ ΑΝΤΙ-ΣΕΛ ΑΦΟΙ A.ΣΕΛΙΔΗ A.Ε. (091569759),091569759,ΑΝΤΙ-ΣΕΛ ΑΦΟΙ A.ΣΕΛΙΔΗ A.Ε. (091569759),212.0,,
ΨΘΓΙ4690ΒΩ-ΔΛΩ,2026-06-19,ΕΝΤΑΛΜΑ ΠΛΗΡΩΜΗΣ IMPROVEMED  Ι.Κ.Ε. EMΠΟΡΙΟ-ΔΙΑΘΕΣΗ ΙΑΤΡΙΚΩΝ ΕΙΔΩΝ (800541285),800541285,IMPROVEMED  Ι.Κ.Ε. EMΠΟΡΙΟ-ΔΙΑΘΕΣΗ ΙΑΤΡΙΚΩΝ ΕΙΔΩΝ (800541285),3134.72,,
ΨΦΒ04690ΒΩ-ΡΥΘ,2026-06-19,ΕΝΤΑΛΜΑ ΠΛΗΡΩΜΗΣ ΤΡΑΠΕΖΑ  EUROBANK AE (094014250),094014250,ΤΡΑΠΕΖΑ  EUROBANK AE (094014250),1.2,,
ΨΟ4Θ4690ΒΩ-ΖΡ7,2026-06-23,ΕΝΤΑΛΜΑ ΠΛΗΡΩΜΗΣ Δ. ΚΟΥΝΟΒΕΛΗΣ Ι.Κ.Ε. (800435335),800435335,Δ. ΚΟΥΝΟΒΕΛΗΣ Ι.Κ.Ε. (800435335),2478.09,,
91ΞΜ4690ΒΩ-ΓΔ0,2026-06-23,ΕΝΤΑΛΜΑ ΠΛΗΡΩΜΗΣ ΚΑΛΤΕΚ ΑΕ ΕΜΠΟΡΙΑ ΙΑΤΡΙΚΩΝ ΕΙΔΩΝ ΚΑΙ ΠΡΟΙΟΝΤΩΝ ΚΑΙ ΜΗΧΑΝΗΜΑΤΩΝ  ΑΝΩΝΥΜΗ ΕΤΑΙΡΕΙΑ (999307110),999307110,ΚΑΛΤΕΚ ΑΕ ΕΜΠΟΡΙΑ ΙΑΤΡΙΚΩΝ ΕΙΔΩΝ ΚΑΙ ΠΡΟΙΟΝΤΩΝ ΚΑΙ ΜΗΧΑΝΗΜΑΤΩΝ  ΑΝΩΝΥΜΗ ΕΤΑΙΡΕΙΑ (999307110),4836.0,,
ΨΚ1Ω4690ΒΩ-9Ι4,2026-06-17,ΕΝΤΑΛΜΑ ΠΛΗΡΩΜΗΣ MINOPTA IKE (801310825),801310825,MINOPTA IKE (801310825),744.0,,
Ψ6Β14690ΒΩ-Δ3Μ,2026-06-19,ΕΝΤΑΛΜΑ ΠΛΗΡΩΜΗΣ MILONAS HEALTH A.E (998179225),998179225,MILONAS HEALTH A.E (998179225),414.41,,
Ψ6ΤΔ4690ΒΩ-ΝΘΓ,2026-06-19,ΕΝΤΑΛΜΑ ΠΛΗΡΩΜΗΣ ΑΤΛΑΣ ΜΕΝΤΙΚΑΛ ΑΕ (998413964),998413964,ΑΤΛΑΣ ΜΕΝΤΙΚΑΛ ΑΕ (998413964),740.38,,
ΨΖΒΗ4690ΒΩ-43Ω,2026-06-17,ΕΝΤΑΛΜΑ ΠΛΗΡΩΜΗΣ DUCASCO ΔΟΥPΜΟΥΣΟΓΛΟΥ α.ε.β.ε (999640490),999640490,DUCASCO ΔΟΥPΜΟΥΣΟΓΛΟΥ α.ε.β.ε (999640490),376.29,,
ΨΝΡΘ4690ΒΩ-ΡΟΔ,2026-06-17,ΕΝΤΑΛΜΑ ΠΛΗΡΩΜΗΣ VAKTRO AEBE (084221869),084221869,VAKTRO AEBE (084221869),2852.0,,
ΨΟΩΞ4690ΒΩ-ΑΝ2,2026-06-19,ΕΝΤΑΛΜΑ ΠΛΗΡΩΜΗΣ DEMO ABEE (094041553),094041553,DEMO ABEE (094041553),7612.92,,
ΨΜ5Θ4690ΒΩ-Ω29,2026-06-19,ΕΝΤΑΛΜΑ ΠΛΗΡΩΜΗΣ MEDIPRIME ΙΑΤΡΟΦΑΡΜ.ΕΙΔΩΝ Α.Ε.Ε. (998283526),998283526,MEDIPRIME ΙΑΤΡΟΦΑΡΜ.ΕΙΔΩΝ Α.Ε.Ε. (998283526),7835.52,,
ΨΗΡΩ4690ΒΩ-ΩΜΠ,2026-06-22,ΕΝΤΑΛΜΑ ΠΛΗΡΩΜΗΣ ΜΑΥΡΟΓΕΝΗΣ ΑΝΑΣΤΑΣΙΟΣ ΑΕ ΙΑΤΡΟΤΕΧΝΟΛΟΓΙΚΑ ΕΙΔΗ (082525697),082525697,ΜΑΥΡΟΓΕΝΗΣ ΑΝΑΣΤΑΣΙΟΣ ΑΕ ΙΑΤΡΟΤΕΧΝΟΛΟΓΙΚΑ ΕΙΔΗ (082525697),7311.17,,
ΨΗΙ44690ΒΩ-Ψ53,2026-06-23,ΕΝΤΑΛΜΑ ΠΛΗΡΩΜΗΣ ΓΕΝΙΚΗ ΧΗΜΙΚΩΝ ΠΡΟΙΟΝΤΩΝ Α.Ε. (094133588),094133588,ΓΕΝΙΚΗ ΧΗΜΙΚΩΝ ΠΡΟΙΟΝΤΩΝ Α.Ε. (094133588),6182.12,,
9ΧΚΖ4690ΒΩ-ΖΚΜ,2026-06-23,ΕΝΤΑΛΜΑ ΠΛΗΡΩΜΗΣ Α.ΔΕΡΒΟΣ-Γ.ΔΗΜΗΤΡΑΚΟΠΟΥΛΟΣ κ.ΣΙΑ Α.Ε. (099518023),099518023,Α.ΔΕΡΒΟΣ-Γ.ΔΗΜΗΤΡΑΚΟΠΟΥΛΟΣ κ.ΣΙΑ Α.Ε. (099518023),4151.52,,
9ΥΧΠ4690ΒΩ-ΧΤΓ,2026-06-23,ΕΝΤΑΛΜΑ ΠΛΗΡΩΜΗΣ ΓΕΝΙΚΗ ΧΗΜΙΚΩΝ ΠΡΟΙΟΝΤΩΝ Α.Ε. (094133588),094133588,ΓΕΝΙΚΗ ΧΗΜΙΚΩΝ ΠΡΟΙΟΝΤΩΝ Α.Ε. (094133588),1921.0,,
Ψ1ΞΩ4690ΒΩ-ΙΡΟ,2026-06-22,ΕΝΤΑΛΜΑ ΠΛΗΡΩΜΗΣ BIOKON ΙΑΤΡΙΚΑ   ΒΙΟΤΕΧ/ΚΑ ΠΡΟΙΟΝΤΑ ΕΠΕ (999656321),999656321,BIOKON ΙΑΤΡΙΚΑ   ΒΙΟΤΕΧ/ΚΑ ΠΡΟΙΟΝΤΑ ΕΠΕ (999656321),1474.11,,
97ΔΗ4690ΒΩ-00Κ,2026-06-22,ΕΝΤΑΛΜΑ ΠΛΗΡΩΜΗΣ ΠΡΩΤΟΝ A.E. (094442268),094442268,ΠΡΩΤΟΝ A.E. (094442268),1240.0,,
ΨΗΧΙ4690ΒΩ-ΖΧ9,2026-06-17,ΕΝΤΑΛΜΑ ΠΛΗΡΩΜΗΣ Y LOGIMED Α.Ε (094446034),094446034,Y LOGIMED Α.Ε (094446034),5509.65,,
9ΡΙΧ4690ΒΩ-3ΞΒ,2026-06-16,ΕΝΤΑΛΜΑ ΠΛΗΡΩΜΗΣ V L VIOLAK INTERNATIONAL   A.E. (099370337),099370337,V L VIOLAK INTERNATIONAL   A.E. (099370337),2063.86,,
9ΧΓΣ4690ΒΩ-ΒΤΡ,2026-06-17,ΕΝΤΑΛΜΑ ΠΛΗΡΩΜΗΣ Y LOGIMED Α.Ε (094446034),094446034,Y LOGIMED Α.Ε (094446034),4030.0,,
Ψ3Δ64690ΒΩ-ΘΦΑ,2026-06-17,ΕΝΤΑΛΜΑ ΠΛΗΡΩΜΗΣ ZERONO Α.Ε. (998477820),998477820,ZERONO Α.Ε. (998477820),4960.0,,
92ΚΤ4690ΒΩ-ΡΤΞ,2026-06-16,ΕΝΤΑΛΜΑ ΠΛΗΡΩΜΗΣ V L VIOLAK INTERNATIONAL   A.E. (099370337),099370337,V L VIOLAK INTERNATIONAL   A.E. (099370337),879.27,,
ΨΖΗ54690ΒΩ-30Κ,2026-06-22,ΕΝΤΑΛΜΑ ΠΛΗΡΩΜΗΣ Y LOGIMED Α.Ε (094446034),094446034,Y LOGIMED Α.Ε (094446034),2137.96,,
9ΧΩΡ4690ΒΩ-ΔΓΝ,2026-06-17,ΕΝΤΑΛΜΑ ΠΛΗΡΩΜΗΣ TELEFLEX MEDICAL ΕΛΛΑΣ (ARROW HELLAS AEE) (094429990),094429990,TELEFLEX MEDICAL ΕΛΛΑΣ (ARROW HELLAS AEE) (094429990),10610.7,,
ΨΛΚΤ4690ΒΩ-22Τ,2026-06-16,ΕΝΤΑΛΜΑ ΠΛΗΡΩΜΗΣ ΚΟΣΜΙΔΗΣ  ΧΑΡ. ΠΕΤΡΟΣ     ΣΙΑ  Ε.Ε. (999685389),999685389,ΚΟΣΜΙΔΗΣ  ΧΑΡ. ΠΕΤΡΟΣ     ΣΙΑ  Ε.Ε. (999685389),4448.31,,
9ΤΥΞ4690ΒΩ-Θ4Ρ,2026-06-17,ΕΝΤΑΛΜΑ ΠΛΗΡΩΜΗΣ SANIMED-ΜΑΡΙΝΑ ΓΕΩΡΓΑΚΗ   ΣΙΑ Ε.Ε (999324154),999324154,SANIMED-ΜΑΡΙΝΑ ΓΕΩΡΓΑΚΗ   ΣΙΑ Ε.Ε (999324154),433.92,,
9ΦΡΜ4690ΒΩ-Ψ6Χ,2026-06-17,ΕΝΤΑΛΜΑ ΠΛΗΡΩΜΗΣ TELEFLEX MEDICAL ΕΛΛΑΣ (ARROW HELLAS AEE) (094429990),094429990,TELEFLEX MEDICAL ΕΛΛΑΣ (ARROW HELLAS AEE) (094429990),542.4,,
99Η84690ΒΩ-ΞΚΔ,2026-06-16,ΕΝΤΑΛΜΑ ΠΛΗΡΩΜΗΣ BBD ΝΙΚ.ΛΑΙΝΙΩΤΗΣ Α.Ε.Β.Ε. (093628458),093628458,BBD ΝΙΚ.ΛΑΙΝΙΩΤΗΣ Α.Ε.Β.Ε. (093628458),811.79,,
6Ζ2Ψ4690ΒΩ-9ΟΓ,2026-06-17,ΕΝΤΑΛΜΑ ΠΛΗΡΩΜΗΣ SCIBA A.E (997673950),997673950,SCIBA A.E (997673950),381.72,,
Ψ7ΣΗ4690ΒΩ-4ΨΕ,2026-06-22,ΕΝΤΑΛΜΑ ΠΛΗΡΩΜΗΣ BBD ΝΙΚ.ΛΑΙΝΙΩΤΗΣ Α.Ε.Β.Ε. (093628458),093628458,BBD ΝΙΚ.ΛΑΙΝΙΩΤΗΣ Α.Ε.Β.Ε. (093628458),353.58,,
ΨΓΑ54690ΒΩ-8ΒΘ,2026-06-22,ΕΝΤΑΛΜΑ ΠΛΗΡΩΜΗΣ V L VIOLAK INTERNATIONAL   A.E. (099370337),099370337,V L VIOLAK INTERNATIONAL   A.E. (099370337),74.13,,
ΨΟΜΙ4690ΒΩ-36Ν,2026-06-17,ΕΝΤΑΛΜΑ ΠΛΗΡΩΜΗΣ MINOPTA IKE (801310825),801310825,MINOPTA IKE (801310825),2480.0,,
9ΤΚ44690ΒΩ-ΠΗΗ,2026-06-19,ΕΝΤΑΛΜΑ ΠΛΗΡΩΜΗΣ ZIMMER BIOMET ΕΛΛΑΣ ΜΟΝΟΠΡΟΣΩΠΗ  Α.Ε. (094437885),094437885,ZIMMER BIOMET ΕΛΛΑΣ ΜΟΝΟΠΡΟΣΩΠΗ  Α.Ε. (094437885),5116.64,,
ΡΕΙΡ4690ΒΩ-ΠΝΚ,2026-06-19,ΕΝΤΑΛΜΑ ΠΛΗΡΩΜΗΣ ZIMMER BIOMET ΕΛΛΑΣ ΜΟΝΟΠΡΟΣΩΠΗ  Α.Ε. (094437885),094437885,ZIMMER BIOMET ΕΛΛΑΣ ΜΟΝΟΠΡΟΣΩΠΗ  Α.Ε. (094437885),4284.69,,
9ΛΟΙ4690ΒΩ-Υ9Ζ,2026-06-18,ΕΝΤΑΛΜΑ ΠΛΗΡΩΜΗΣ ZIMMER BIOMET ΕΛΛΑΣ ΜΟΝΟΠΡΟΣΩΠΗ  Α.Ε. (094437885),094437885,ZIMMER BIOMET ΕΛΛΑΣ ΜΟΝΟΠΡΟΣΩΠΗ  Α.Ε. (094437885),3022.12,,
959Φ4690ΒΩ-Φ33,2026-06-18,ΕΝΤΑΛΜΑ ΠΛΗΡΩΜΗΣ ZIMMER BIOMET ΕΛΛΑΣ ΜΟΝΟΠΡΟΣΩΠΗ  Α.Ε. (094437885),094437885,ZIMMER BIOMET ΕΛΛΑΣ ΜΟΝΟΠΡΟΣΩΠΗ  Α.Ε. (094437885),3121.51,,
Ψ8Ω84690ΒΩ-ΙΒΣ,2026-06-18,ΕΝΤΑΛΜΑ ΠΛΗΡΩΜΗΣ ZIMMER BIOMET ΕΛΛΑΣ ΜΟΝΟΠΡΟΣΩΠΗ  Α.Ε. (094437885),094437885,ZIMMER BIOMET ΕΛΛΑΣ ΜΟΝΟΠΡΟΣΩΠΗ  Α.Ε. (094437885),3905.73,,
9ΛΔΥ4690ΒΩ-ΓΘΡ,2026-06-18,ΕΝΤΑΛΜΑ ΠΛΗΡΩΜΗΣ ZIMMER BIOMET ΕΛΛΑΣ ΜΟΝΟΠΡΟΣΩΠΗ  Α.Ε. (094437885),094437885,ZIMMER BIOMET ΕΛΛΑΣ ΜΟΝΟΠΡΟΣΩΠΗ  Α.Ε. (094437885),3108.92,,
9Μ7Μ4690ΒΩ-ΩΟΤ,2026-06-18,ΕΝΤΑΛΜΑ ΠΛΗΡΩΜΗΣ ZIMMER BIOMET ΕΛΛΑΣ ΜΟΝΟΠΡΟΣΩΠΗ  Α.Ε. (094437885),094437885,ZIMMER BIOMET ΕΛΛΑΣ ΜΟΝΟΠΡΟΣΩΠΗ  Α.Ε. (094437885),3599.0,,
9Ε204690ΒΩ-ΤΩΞ,2026-06-18,ΕΝΤΑΛΜΑ ΠΛΗΡΩΜΗΣ ZIMMER BIOMET ΕΛΛΑΣ ΜΟΝΟΠΡΟΣΩΠΗ  Α.Ε. (094437885),094437885,ZIMMER BIOMET ΕΛΛΑΣ ΜΟΝΟΠΡΟΣΩΠΗ  Α.Ε. (094437885),3640.23,,
Ρ7ΤΗ4690ΒΩ-0ΨΙ,2026-06-18,ΕΝΤΑΛΜΑ ΠΛΗΡΩΜΗΣ ZIMMER BIOMET ΕΛΛΑΣ ΜΟΝΟΠΡΟΣΩΠΗ  Α.Ε. (094437885),094437885,ZIMMER BIOMET ΕΛΛΑΣ ΜΟΝΟΠΡΟΣΩΠΗ  Α.Ε. (094437885),3108.92,,
ΡΔΣΕ4690ΒΩ-Δ18,2026-06-17,ΕΝΤΑΛΜΑ ΠΛΗΡΩΜΗΣ HIPPOKRATIS  A.E. (801043454),801043454,HIPPOKRATIS  A.E. (801043454),1249.92,,
ΨΚΣΥ4690ΒΩ-ΕΓ8,2026-06-19,ΕΝΤΑΛΜΑ ΠΛΗΡΩΜΗΣ ΠΡΩΤΟΝ A.E. (094442268),094442268,ΠΡΩΤΟΝ A.E. (094442268),3880.82,,
68ΜΙ4690ΒΩ-443,2026-05-07,ΕΝΤΑΛΜΑ ΠΛΗΡΩΜΗΣ ΣΟΦΙΑ  Ε. ΣΑΜΑΡΑ (067802931),067802931,ΣΟΦΙΑ  Ε. ΣΑΜΑΡΑ (067802931),1308.29,,
9ΜΤΖ4690ΒΩ-ΨΤ3,2026-06-18,ΕΝΤΑΛΜΑ ΠΛΗΡΩΜΗΣ ΙΑΤΡΙΚΑ ΠΕΝΥ ΕΠΕ (999117743),999117743,ΙΑΤΡΙΚΑ ΠΕΝΥ ΕΠΕ (999117743),4316.14,,
9ΒΗ54690ΒΩ-ΘΜΧ,2026-06-18,ΕΝΤΑΛΜΑ ΠΛΗΡΩΜΗΣ ΙΑΤΡΙΚΑ ΠΕΝΥ ΕΠΕ (999117743),999117743,ΙΑΤΡΙΚΑ ΠΕΝΥ ΕΠΕ (999117743),3384.56,,
ΡΛΩΙ4690ΒΩ-ΡΧΨ,2026-06-17,ΕΝΤΑΛΜΑ ΠΛΗΡΩΜΗΣ DEVELOPED MEDICAL PRODUCTS SERVICES  LTD (998333221),998333221,DEVELOPED MEDICAL PRODUCTS SERVICES  LTD (998333221),4217.61,,
ΡΗ0Ε4690ΒΩ-ΖΒΦ,2026-06-17,ΕΝΤΑΛΜΑ ΠΛΗΡΩΜΗΣ DEVELOPED MEDICAL PRODUCTS SERVICES  LTD (998333221),998333221,DEVELOPED MEDICAL PRODUCTS SERVICES  LTD (998333221),3076.99,,
ΨΛ8Φ4690ΒΩ-1Ε3,2026-06-18,ΕΝΤΑΛΜΑ ΠΛΗΡΩΜΗΣ ZIMMER BIOMET ΕΛΛΑΣ ΜΟΝΟΠΡΟΣΩΠΗ  Α.Ε. (094437885),094437885,ZIMMER BIOMET ΕΛΛΑΣ ΜΟΝΟΠΡΟΣΩΠΗ  Α.Ε. (094437885),39958.43,,
ΨΑΠΩ4690ΒΩ-06Λ,2026-06-18,ΕΝΤΑΛΜΑ ΠΛΗΡΩΜΗΣ ΙΑΤΡΙΚΑ ΠΕΝΥ ΕΠΕ (999117743),999117743,ΙΑΤΡΙΚΑ ΠΕΝΥ ΕΠΕ (999117743),4294.32,,
ΨΦΧΩ4690ΒΩ-Τ55,2026-06-17,ΕΝΤΑΛΜΑ ΠΛΗΡΩΜΗΣ ΜΠΑΚΕΛΑΣ Α.Ε. (800462221),800462221,ΜΠΑΚΕΛΑΣ Α.Ε. (800462221),1054.0,,
9ΧΔΒ4690ΒΩ-6ΡΝ,2026-06-17,ΕΝΤΑΛΜΑ ΠΛΗΡΩΜΗΣ V POWER Ι.ΒΕΝΕΤΗΣ ΣΙΑ Ε.Ε (999438956),999438956,V POWER Ι.ΒΕΝΕΤΗΣ ΣΙΑ Ε.Ε (999438956),3499.93,,
ΨΠΛ74690ΒΩ-Β54,2026-06-15,ΕΝΤΑΛΜΑ ΠΛΗΡΩΜΗΣ MEDICAL MPARKA Μ.Ι.Κ.Ε (800530387),800530387,MEDICAL MPARKA Μ.Ι.Κ.Ε (800530387),4153.03,,
9ΛΙ84690ΒΩ-ΒΓΥ,2026-06-17,ΕΝΤΑΛΜΑ ΠΛΗΡΩΜΗΣ ICON DYNAMICS ΙΑΤΡΙΚΑ ΜΗΧΑΝΗΜΑΤΑ ΙΚΕ (998860010),998860010,ICON DYNAMICS ΙΑΤΡΙΚΑ ΜΗΧΑΝΗΜΑΤΑ ΙΚΕ (998860010),2250.0,,
6Υ0Ε4690ΒΩ-80Ι,2026-06-17,ΕΝΤΑΛΜΑ ΠΛΗΡΩΜΗΣ ΞΕΝΕΞ-ΑΝΑΣΤΑΣΙΟΣ ΚΙΟΥΛΠΑΠΑΣ Α.Ε. (094285848),094285848,ΞΕΝΕΞ-ΑΝΑΣΤΑΣΙΟΣ ΚΙΟΥΛΠΑΠΑΣ Α.Ε. (094285848),4761.6,,
95ΧΟ4690ΒΩ-ΗΦΖ,2026-06-17,ΕΝΤΑΛΜΑ ΠΛΗΡΩΜΗΣ MEDIC PLAN HEALTH PROJECT IKE (999961120),999961120,MEDIC PLAN HEALTH PROJECT IKE (999961120),4690.3,,
Ψ8ΠΗ4690ΒΩ-6ΝΗ,2026-06-15,ΕΝΤΑΛΜΑ ΠΛΗΡΩΜΗΣ HEALTH TEAM ΙΑΤΡΙΚΑ Ι.Κ.Ε. (800925613),800925613,HEALTH TEAM ΙΑΤΡΙΚΑ Ι.Κ.Ε. (800925613),3667.52,,
9Ε1Η4690ΒΩ-Ι7Θ,2026-06-17,ΕΝΤΑΛΜΑ ΠΛΗΡΩΜΗΣ DRAEGER  HELLAS A.E (997799268),997799268,DRAEGER  HELLAS A.E (997799268),2743.5,,
Ψ5ΑΗ4690ΒΩ-Κ0Π,2026-06-22,ΕΝΤΑΛΜΑ ΠΛΗΡΩΜΗΣ ΚΟΡΦΙΑΤΗΣ Α.   ΣΙΑ Ε.Ε (082261313),082261313,ΚΟΡΦΙΑΤΗΣ Α.   ΣΙΑ Ε.Ε (082261313),5828.0,,
9ΨΕΛ4690ΒΩ-7ΒΙ,2026-06-22,ΕΝΤΑΛΜΑ ΠΛΗΡΩΜΗΣ ΚΟΡΦΙΑΤΗΣ Α.   ΣΙΑ Ε.Ε (082261313),082261313,ΚΟΡΦΙΑΤΗΣ Α.   ΣΙΑ Ε.Ε (082261313),25494.4,,
6ΖΣΗ4690ΒΩ-ΣΡΜ,2026-06-15,ΕΝΤΑΛΜΑ ΠΛΗΡΩΜΗΣ ΠΑΠΑΕΛΛΗΝΑΣ  Α. ΚΩΣΤΑΣ (ΕΛΛΑΣ) Α.Ε.Β.Ε. (094075360),094075360,ΠΑΠΑΕΛΛΗΝΑΣ  Α. ΚΩΣΤΑΣ (ΕΛΛΑΣ) Α.Ε.Β.Ε. (094075360),5162.08,,
Ρ6Π04690ΒΩ-ΖΧ9,2026-06-15,ΕΝΤΑΛΜΑ ΠΛΗΡΩΜΗΣ ΤΡΑΠΕΖΑ  EUROBANK AE (094014250),094014250,ΤΡΑΠΕΖΑ  EUROBANK AE (094014250),1.2,,
9Γ274690ΒΩ-ΖΦΟ,2026-04-16,ΕΝΤΑΛΜΑ ΠΛΗΡΩΜΗΣ ΥΓΕΙΟΔΥΝΑΜΙΚΗ Α.Ε. ΙΑΤΡΙΚΩΝ ΕΦΟΔΙΩΝ (997672386),997672386,ΥΓΕΙΟΔΥΝΑΜΙΚΗ Α.Ε. ΙΑΤΡΙΚΩΝ ΕΦΟΔΙΩΝ (997672386),2265.35,,
9ΕΨ04690ΒΩ-7Ο9,2026-06-15,ΕΝΤΑΛΜΑ ΠΛΗΡΩΜΗΣ ORTHOPRO IKE (800544160),800544160,ORTHOPRO IKE (800544160),3865.03,,
Ψ0ΧΜ4690ΒΩ-Γ1Δ,2026-06-04,ΕΝΤΑΛΜΑ ΠΛΗΡΩΜΗΣ ΠΡΟΩΘΗΜΕΝΑ ΣΥΣΤΗΜΑΤΑ ΕΞΥΠΗΡΕΤΗΣ ΕΠΕ (095570589),095570589,ΠΡΟΩΘΗΜΕΝΑ ΣΥΣΤΗΜΑΤΑ ΕΞΥΠΗΡΕΤΗΣ ΕΠΕ (095570589),1224.5,,
ΨΝΧΕ4690ΒΩ-ΖΧΖ,2026-05-07,ΕΝΤΑΛΜΑ ΠΛΗΡΩΜΗΣ MΕDELLA ΦΑΡΜ/ΚΑ ΠΡΟΙΟΝΤΑ ΙΑΤΡΙΚΑ ΜΗΧ/ΤΑ ΑΕΒΕ (998871428),998871428,MΕDELLA ΦΑΡΜ/ΚΑ ΠΡΟΙΟΝΤΑ ΙΑΤΡΙΚΑ ΜΗΧ/ΤΑ ΑΕΒΕ (998871428),3360.63,,
68ΟΜ4690ΒΩ-ΘΩ0,2026-04-20,ΕΝΤΑΛΜΑ ΠΛΗΡΩΜΗΣ MILONAS HEALTH A.E (998179225),998179225,MILONAS HEALTH A.E (998179225),2248.52,,
ΨΨ3Ν4690ΒΩ-7Μ3,2026-05-07,ΕΝΤΑΛΜΑ ΠΛΗΡΩΜΗΣ MΕDELLA ΦΑΡΜ/ΚΑ ΠΡΟΙΟΝΤΑ ΙΑΤΡΙΚΑ ΜΗΧ/ΤΑ ΑΕΒΕ (998871428),998871428,MΕDELLA ΦΑΡΜ/ΚΑ ΠΡΟΙΟΝΤΑ ΙΑΤΡΙΚΑ ΜΗΧ/ΤΑ ΑΕΒΕ (998871428),992.16,,
9Π0Δ4690ΒΩ-Λ44,2026-05-12,ΕΝΤΑΛΜΑ ΠΛΗΡΩΜΗΣ ΜΑΥΡΟΓΕΝΗΣ ΑΝΑΣΤΑΣΙΟΣ ΑΕ ΙΑΤΡΟΤΕΧΝΟΛΟΓΙΚΑ ΕΙΔΗ (082525697),082525697,ΜΑΥΡΟΓΕΝΗΣ ΑΝΑΣΤΑΣΙΟΣ ΑΕ ΙΑΤΡΟΤΕΧΝΟΛΟΓΙΚΑ ΕΙΔΗ (082525697),2728.0,,
ΨΒΡ64690ΒΩ-ΗΨΞ,2026-06-17,ΕΝΤΑΛΜΑ ΠΛΗΡΩΜΗΣ DEVELOPED MEDICAL PRODUCTS SERVICES  LTD (998333221),998333221,DEVELOPED MEDICAL PRODUCTS SERVICES  LTD (998333221),5066.02,,
62304690ΒΩ-4ΛΙ,2026-06-17,ΕΝΤΑΛΜΑ ΠΛΗΡΩΜΗΣ ΠΡΩΤΟΝ A.E. (094442268),094442268,ΠΡΩΤΟΝ A.E. (094442268),1266.66,,
9ΘΖΟ4690ΒΩ-ΝΑΦ,2026-06-17,ΕΝΤΑΛΜΑ ΠΛΗΡΩΜΗΣ DEVELOPED MEDICAL PRODUCTS SERVICES  LTD (998333221),998333221,DEVELOPED MEDICAL PRODUCTS SERVICES  LTD (998333221),4949.17,,
924Μ4690ΒΩ-04Θ,2026-06-17,ΕΝΤΑΛΜΑ ΠΛΗΡΩΜΗΣ DEVELOPED MEDICAL PRODUCTS SERVICES  LTD (998333221),998333221,DEVELOPED MEDICAL PRODUCTS SERVICES  LTD (998333221),3933.53,,
9Φ1Ξ4690ΒΩ-Β1Γ,2026-04-16,ΕΝΤΑΛΜΑ ΠΛΗΡΩΜΗΣ ΜΑΥΡΟΓΕΝΗΣ ΑΝΑΣΤΑΣΙΟΣ ΑΕ ΙΑΤΡΟΤΕΧΝΟΛΟΓΙΚΑ ΕΙΔΗ (082525697),082525697,ΜΑΥΡΟΓΕΝΗΣ ΑΝΑΣΤΑΣΙΟΣ ΑΕ ΙΑΤΡΟΤΕΧΝΟΛΟΓΙΚΑ ΕΙΔΗ (082525697),1750.46,,
ΨΛ5Ρ4690ΒΩ-2Ε2,2026-04-16,ΕΝΤΑΛΜΑ ΠΛΗΡΩΜΗΣ ΒΕΡΜΑ ΝΤΡΑΓΚΣ Α.Β.Ε.Ε. (099363426),099363426,ΒΕΡΜΑ ΝΤΡΑΓΚΣ Α.Β.Ε.Ε. (099363426),2035.2,,
9ΗΕ24690ΒΩ-Χ7Ζ,2026-06-22,ΕΝΤΑΛΜΑ ΠΛΗΡΩΜΗΣ ΤΖΕΚΑ ΑΦΟΙ Ο.Ε (997663680),997663680,ΤΖΕΚΑ ΑΦΟΙ Ο.Ε (997663680),528.82,,
ΨΚΩ24690ΒΩ-ΧΤΡ,2026-04-17,ΕΝΤΑΛΜΑ ΠΛΗΡΩΜΗΣ ΠΗΓΑΣΟΣ ΙΑΤΡΙΚΟΣ ΚΑΙ ΕΠΙΣΤΗΜΟΝΙΚΟΣ ΕΞΟΠΛΙΣΜΟΣ Α.Ε. (800738217),800738217,ΠΗΓΑΣΟΣ ΙΑΤΡΙΚΟΣ ΚΑΙ ΕΠΙΣΤΗΜΟΝΙΚΟΣ ΕΞΟΠΛΙΣΜΟΣ Α.Ε. (800738217),2529.6,,
9ΠΨ64690ΒΩ-ΡΧΠ,2026-06-19,ΕΝΤΑΛΜΑ ΠΛΗΡΩΜΗΣ ZIMMER BIOMET ΕΛΛΑΣ ΜΟΝΟΠΡΟΣΩΠΗ  Α.Ε. (094437885),094437885,ZIMMER BIOMET ΕΛΛΑΣ ΜΟΝΟΠΡΟΣΩΠΗ  Α.Ε. (094437885),2872.01,,
ΨΖΠΤ4690ΒΩ-ΘΤΒ,2026-04-20,ΕΝΤΑΛΜΑ ΠΛΗΡΩΜΗΣ ΠΗΓΑΣΟΣ ΙΑΤΡΙΚΟΣ ΚΑΙ ΕΠΙΣΤΗΜΟΝΙΚΟΣ ΕΞΟΠΛΙΣΜΟΣ Α.Ε. (800738217),800738217,ΠΗΓΑΣΟΣ ΙΑΤΡΙΚΟΣ ΚΑΙ ΕΠΙΣΤΗΜΟΝΙΚΟΣ ΕΞΟΠΛΙΣΜΟΣ Α.Ε. (800738217),1822.8,,
Ψ7ΧΛ4690ΒΩ-ΖΗΞ,2026-05-07,ΕΝΤΑΛΜΑ ΠΛΗΡΩΜΗΣ NUMIL HELLAS  Α.Ε. (094446311),094446311,NUMIL HELLAS  Α.Ε. (094446311),1867.3,,
Ψ03Η4690ΒΩ-ΕΜΝ,2026-05-07,ΕΝΤΑΛΜΑ ΠΛΗΡΩΜΗΣ ΣΟΦΙΑ  Ε. ΣΑΜΑΡΑ (067802931),067802931,ΣΟΦΙΑ  Ε. ΣΑΜΑΡΑ (067802931),1306.92,,
9ΚΕΜ4690ΒΩ-ΓΡ5,2026-06-04,ΕΝΤΑΛΜΑ ΠΛΗΡΩΜΗΣ ΔΙΕΚ (ΤΕΙ-ΤΕΕ) (090003373),090003373,ΔΙΕΚ (ΤΕΙ-ΤΕΕ) (090003373),69.2,,
Ψ7ΚΩ4690ΒΩ-80Ε,2026-06-15,ΕΝΤΑΛΜΑ ΠΛΗΡΩΜΗΣ ΓΑΛΑΝΟΠΟΥΛΟΣ Κ. ΒΑΣΙΛΕΙΟΣ (070818165),070818165,ΓΑΛΑΝΟΠΟΥΛΟΣ Κ. ΒΑΣΙΛΕΙΟΣ (070818165),198.4,,
6ΔΝΖ4690ΒΩ-2ΑΖ,2026-05-19,ΕΝΤΑΛΜΑ ΠΛΗΡΩΜΗΣ ΕΛΛΗΝΙΚΗ  ΑΙΜΑΤΟΛΟΓ. ΕΤΑΙΡΕΙΑ  ΕΠΙΣΤ.  ΣΩΜΑΤ. (090280536),090280536,ΕΛΛΗΝΙΚΗ  ΑΙΜΑΤΟΛΟΓ. ΕΤΑΙΡΕΙΑ  ΕΠΙΣΤ.  ΣΩΜΑΤ. (090280536),400.0,,
95ΥΦ4690ΒΩ-ΧΡΝ,2026-05-15,ΕΝΤΑΛΜΑ ΠΛΗΡΩΜΗΣ ΔΙΑΓΝΩΣΤΙΚΗ - ΑΝΑΛΥΤΙΚΗ  Α.Ε (099109774),099109774,ΔΙΑΓΝΩΣΤΙΚΗ - ΑΝΑΛΥΤΙΚΗ  Α.Ε (099109774),597.2,,
9ΠΗ54690ΒΩ-Θ5Ο,2026-06-23,ΕΙΣΦΟΡΕΣ ΥΠΕΡ ΕΦΚΑ ΜΗΝΟΣ ΜΑΪΟΥ 2026  ΤΟΥ ΑΝΤΙΡΡΗΣΙΑ ΣΥΝΕΙΔΗΣΗΣ ΠΟΥ ΥΠΗΡΕΤΕΙ ΣΕ ΕΝΑΛΛΑΚΤΙΚΗ ΘΗΤΕΙΑ ΑΝΤΙ ΤΟΥ ΣΤΡΑΤΟΥ,090003373,ΙΚΑ,38.84,,21903010011001
9Ψ3Γ4690ΒΩ-Ζ02,2026-05-28,ΕΝΤΑΛΜΑ ΠΛΗΡΩΜΗΣ SIEMENS HEALTHINEERS ΕΛΛΑΣ ΜΟΝΟΠΡΟΣΩΠΗ Α.Ε. (094456875),094456875,SIEMENS HEALTHINEERS ΕΛΛΑΣ ΜΟΝΟΠΡΟΣΩΠΗ Α.Ε. (094456875),2794.16,,
Ψ1Φ24690ΒΩ-7Τ8,2026-05-12,ΕΝΤΑΛΜΑ ΠΛΗΡΩΜΗΣ ΚΥΡΙΑΚΙΔΗΣ Ι.Μ. Α.Ε. (094128820),094128820,ΚΥΡΙΑΚΙΔΗΣ Ι.Μ. Α.Ε. (094128820),148.4,,
9Ρ1Ξ4690ΒΩ-ΤΜΔ,2026-06-17,ΕΝΤΑΛΜΑ ΠΛΗΡΩΜΗΣ ΙΑΤΡΟΤΕΧΝΟΛΟΓΙΚΑ P.S.TEAM Ε.Π.Ε. (998465266),998465266,ΙΑΤΡΟΤΕΧΝΟΛΟΓΙΚΑ P.S.TEAM Ε.Π.Ε. (998465266),5332.0,,
6ΑΔ34690ΒΩ-ΣΘ9,2026-06-19,ΕΝΤΑΛΜΑ ΠΛΗΡΩΜΗΣ ΤΡΑΠΕΖΑ  EUROBANK AE (094014250),094014250,ΤΡΑΠΕΖΑ  EUROBANK AE (094014250),4.0,,
9ΗΗ14690ΒΩ-ΠΣΝ,2026-05-15,ΕΝΤΑΛΜΑ ΠΛΗΡΩΜΗΣ ΑΝΤΙ-ΣΕΛ ΑΦΟΙ A.ΣΕΛΙΔΗ A.Ε. (091569759),091569759,ΑΝΤΙ-ΣΕΛ ΑΦΟΙ A.ΣΕΛΙΔΗ A.Ε. (091569759),1778.68,,
933Ξ4690ΒΩ-7ΓΕ,2026-06-19,ΕΝΤΑΛΜΑ ΠΛΗΡΩΜΗΣ ΤΡΑΠΕΖΑ  EUROBANK AE (094014250),094014250,ΤΡΑΠΕΖΑ  EUROBANK AE (094014250),4.0,,
ΨΒΗΘ4690ΒΩ-14Ζ,2026-06-09,ΕΝΤΑΛΜΑ ΠΛΗΡΩΜΗΣ ΚΥΦΙΔΗΣ ΧΡΙΣΤΟΦΟΡΟΣ   ΣΙΑ Ε.Ε. (999986592),999986592,ΚΥΦΙΔΗΣ ΧΡΙΣΤΟΦΟΡΟΣ   ΣΙΑ Ε.Ε. (999986592),372.0,,
6ΔΚΚ4690ΒΩ-ΗΧΟ,2026-06-16,ΕΝΤΑΛΜΑ ΠΛΗΡΩΜΗΣ ΜΙΧΑΗΛ ΣΚΑΜΑΓΚΑΣ ΑΒΕΕ (999717761),999717761,ΜΙΧΑΗΛ ΣΚΑΜΑΓΚΑΣ ΑΒΕΕ (999717761),2730.11,,
9Λ8Ε4690ΒΩ-ΚΒΕ,2026-06-19,ΕΝΤΑΛΜΑ ΠΛΗΡΩΜΗΣ ZIMMER BIOMET ΕΛΛΑΣ ΜΟΝΟΠΡΟΣΩΠΗ  Α.Ε. (094437885),094437885,ZIMMER BIOMET ΕΛΛΑΣ ΜΟΝΟΠΡΟΣΩΠΗ  Α.Ε. (094437885),4647.1,,
6Ζ4Ε4690ΒΩ-Υ16,2026-06-17,ΕΝΤΑΛΜΑ ΠΛΗΡΩΜΗΣ DEVELOPED MEDICAL PRODUCTS SERVICES  LTD (998333221),998333221,DEVELOPED MEDICAL PRODUCTS SERVICES  LTD (998333221),4088.45,,
9ΙΜΩ4690ΒΩ-6ΓΘ,2026-06-17,ΕΝΤΑΛΜΑ ΠΛΗΡΩΜΗΣ DEVELOPED MEDICAL PRODUCTS SERVICES  LTD (998333221),998333221,DEVELOPED MEDICAL PRODUCTS SERVICES  LTD (998333221),3358.82,,
9ΑΟΙ4690ΒΩ-ΟΙΔ,2026-06-03,ΕΝΤΑΛΜΑ ΠΛΗΡΩΜΗΣ GB MACHINE ΜΟΝΟΠΡΟΣΩΠΗ ΙΚΕ (802356874),802356874,GB MACHINE ΜΟΝΟΠΡΟΣΩΠΗ ΙΚΕ (802356874),828.94,,
ΨΑ5Ρ4690ΒΩ-ΣΒ6,2026-06-17,ΕΝΤΑΛΜΑ ΠΛΗΡΩΜΗΣ DEVELOPED MEDICAL PRODUCTS SERVICES  LTD (998333221),998333221,DEVELOPED MEDICAL PRODUCTS SERVICES  LTD (998333221),4275.44,,
9Κ8Ψ4690ΒΩ-ΤΚΓ,2026-06-17,ΕΝΤΑΛΜΑ ΠΛΗΡΩΜΗΣ DEVELOPED MEDICAL PRODUCTS SERVICES  LTD (998333221),998333221,DEVELOPED MEDICAL PRODUCTS SERVICES  LTD (998333221),2897.55,,
Ψ1Ι54690ΒΩ-ΤΛΦ,2026-06-17,ΕΝΤΑΛΜΑ ΠΛΗΡΩΜΗΣ DEVELOPED MEDICAL PRODUCTS SERVICES  LTD (998333221),998333221,DEVELOPED MEDICAL PRODUCTS SERVICES  LTD (998333221),4585.99,,
9ΕΣΑ4690ΒΩ-420,2026-06-03,ΕΝΤΑΛΜΑ ΠΛΗΡΩΜΗΣ ΜΑΥΡΟΥΔΗΣ Α.Ε. (997998085),997998085,ΜΑΥΡΟΥΔΗΣ Α.Ε. (997998085),2154.44,,
Ψ3ΙΘ4690ΒΩ-66Ψ,2026-05-07,ΕΝΤΑΛΜΑ ΠΛΗΡΩΜΗΣ ΤΡΑΠΕΖΑ  EUROBANK AE (094014250),094014250,ΤΡΑΠΕΖΑ  EUROBANK AE (094014250),1.2,,
ΨΔ1Μ4690ΒΩ-ΥΤΑ,2026-06-17,ΕΝΤΑΛΜΑ ΠΛΗΡΩΜΗΣ DEVELOPED MEDICAL PRODUCTS SERVICES  LTD (998333221),998333221,DEVELOPED MEDICAL PRODUCTS SERVICES  LTD (998333221),4200.36,,
ΨΑΦ44690ΒΩ-3Γ7,2026-06-16,ΕΝΤΑΛΜΑ ΠΛΗΡΩΜΗΣ ΚΟΠΕΡ Α.Ε. (094007897),094007897,ΚΟΠΕΡ Α.Ε. (094007897),5190.8,,
9ΔΨΗ4690ΒΩ-Ω0Φ,2026-06-16,ΕΝΤΑΛΜΑ ΠΛΗΡΩΜΗΣ ΚΟΠΕΡ Α.Ε. (094007897),094007897,ΚΟΠΕΡ Α.Ε. (094007897),2848.07,,
9ΡΕΩ4690ΒΩ-Ν5Ξ,2026-06-16,ΕΝΤΑΛΜΑ ΠΛΗΡΩΜΗΣ ΚΟΠΕΡ Α.Ε. (094007897),094007897,ΚΟΠΕΡ Α.Ε. (094007897),3368.53,,
ΨΥ7Ε4690ΒΩ-Δ2Γ,2026-06-16,ΕΝΤΑΛΜΑ ΠΛΗΡΩΜΗΣ ΚΟΠΕΡ Α.Ε. (094007897),094007897,ΚΟΠΕΡ Α.Ε. (094007897),2915.4,,
9ΖΧΞ4690ΒΩ-ΞΝ6,2026-06-16,ΕΝΤΑΛΜΑ ΠΛΗΡΩΜΗΣ ΚΟΠΕΡ Α.Ε. (094007897),094007897,ΚΟΠΕΡ Α.Ε. (094007897),6081.4,,
ΡΧΠΩ4690ΒΩ-3ΨΥ,2026-06-16,ΕΝΤΑΛΜΑ ΠΛΗΡΩΜΗΣ ΚΟΠΕΡ Α.Ε. (094007897),094007897,ΚΟΠΕΡ Α.Ε. (094007897),4041.29,,
9ΕΣΤ4690ΒΩ-ΓΔΩ,2026-06-17,ΕΝΤΑΛΜΑ ΠΛΗΡΩΜΗΣ AEGLI MEDICAL OPTICS  A.Ε. (094429222),094429222,AEGLI MEDICAL OPTICS  A.Ε. (094429222),5424.0,,
ΨΩΗΞ4690ΒΩ-ΩΛ0,2026-06-17,ΕΝΤΑΛΜΑ ΠΛΗΡΩΜΗΣ BAYER ΕΛΛΑΣ ΑΒΕΕ (094056437),094056437,BAYER ΕΛΛΑΣ ΑΒΕΕ (094056437),14059.12,,
Ψ5Π84690ΒΩ-ΜΚΦ,2026-06-16,ΕΝΤΑΛΜΑ ΠΛΗΡΩΜΗΣ ΚΟΠΕΡ Α.Ε. (094007897),094007897,ΚΟΠΕΡ Α.Ε. (094007897),5325.11,,
Ψ24Χ4690ΒΩ-ΗΩΔ,2026-06-16,ΕΝΤΑΛΜΑ ΠΛΗΡΩΜΗΣ ΚΟΠΕΡ Α.Ε. (094007897),094007897,ΚΟΠΕΡ Α.Ε. (094007897),5577.5,,
937Χ4690ΒΩ-7ΝΞ,2026-06-16,ΕΝΤΑΛΜΑ ΠΛΗΡΩΜΗΣ ΚΟΠΕΡ Α.Ε. (094007897),094007897,ΚΟΠΕΡ Α.Ε. (094007897),3616.0,,
ΨΤΣΝ4690ΒΩ-ΙΧ6,2026-06-16,ΕΝΤΑΛΜΑ ΠΛΗΡΩΜΗΣ ΚΟΠΕΡ Α.Ε. (094007897),094007897,ΚΟΠΕΡ Α.Ε. (094007897),3037.44,,
9Ε364690ΒΩ-ΗΥΖ,2026-06-16,ΕΝΤΑΛΜΑ ΠΛΗΡΩΜΗΣ ΚΟΠΕΡ Α.Ε. (094007897),094007897,ΚΟΠΕΡ Α.Ε. (094007897),3519.36,,
ΡΦΡΑ4690ΒΩ-Ξ4Ο,2026-06-15,ΕΝΤΑΛΜΑ ΠΛΗΡΩΜΗΣ ΜΕΝΤΙΣΑΠ ΑΕ (094447320),094447320,ΜΕΝΤΙΣΑΠ ΑΕ (094447320),156.24,,
9ΞΒΩ4690ΒΩ-ΓΗΜ,2026-06-17,ΕΝΤΑΛΜΑ ΠΛΗΡΩΜΗΣ PAUL HARTMANN HELLAS AE (999862491),999862491,PAUL HARTMANN HELLAS AE (999862491),3312.04,,
ΡΩ5Ε4690ΒΩ-ΕΥΤ,2026-06-17,ΕΝΤΑΛΜΑ ΠΛΗΡΩΜΗΣ CONTROLINE Α.Ε (999844160),999844160,CONTROLINE Α.Ε (999844160),6789.0,,
ΡΠ7Ι4690ΒΩ-7ΗΤ,2026-06-15,ΕΝΤΑΛΜΑ ΠΛΗΡΩΜΗΣ I.G.KATSIVELOS ENGINEERING E.E (802655689),802655689,I.G.KATSIVELOS ENGINEERING E.E (802655689),7564.0,,
Ρ7ΝΥ4690ΒΩ-ΞΔΕ,2026-06-16,ΕΝΤΑΛΜΑ ΠΛΗΡΩΜΗΣ BBD ΝΙΚ.ΛΑΙΝΙΩΤΗΣ Α.Ε.Β.Ε. (093628458),093628458,BBD ΝΙΚ.ΛΑΙΝΙΩΤΗΣ Α.Ε.Β.Ε. (093628458),13121.07,,
91ΡΝ4690ΒΩ-ΠΣΣ,2026-06-22,"ΑΠΟΔΟΣΗ ΦΜΥ ΤΑΚΤΙΚΩΝ ΑΠΟΔΟΧΩΝ ΤΟΥ ΕΙΔΙΚΟΥ ΠΡΟΓΡΑΜΜΑΤΟΣ ΑΠΑΣΧΟΛΗΣΗΣ 500 ΤΡΑΥΜΑΤΙΟΦΟΡΕΩΝ ΓΙΑ ΤΟΥΣ ΜΗΝΕΣ ΦΕΒΡΟΥΑΡΙΟ, ΜΑΡΤΙΟ & ΑΠΡΙΛΙΟ 2026",090003373,ΙΚΑ,220.72,,21903030024001
Ρ0Ν94690ΒΩ-8ΞΝ,2026-06-17,"ΠΡΟΜΗΘΕΙΑ ΟΡΘΟΠΕΔΙΚΟΥ ΥΛΙΚΟΥ ΠΡΟΣΘΕΤΩΝ ΓΙΑ ΤΟΥΣ ΜΗΝΕΣ ΟΚΤΩΒΡΙΟ & ΔΕΚΕΜΒΡΙΟ  2025 ΧΩΡΙΣ  ΣΥΜΒΑΣΗ, ΜΕ ΑΠΟΦΑΣΕΙΣ ΔΣ  27/16-10-25 Θ.16 & Θ.17 ,  32/12-12-25 Θ.39 & Θ.40, 36/23-12-25 Θ.14,   ΣΥΜΦΩΝΑ ΜΕ ΤΙΣ ΔΙΑΤΑΞΕΙΣ ΤΟΥ Ν. 5302/2026 αρθ.95 (ΦΕK  78/τ. Α΄/ 20-5 2026 )",998333221,ΠΡΟΗΓΜΕΝΑ ΙΑΤΡΙΚΑ ΠΡΟΙΟΝΤΑ ΚΑΙ ΥΠΗΡΕΣΙΕΣ ΜΟΝΟΠΡΟΣΩΠΗ ΕΤΑΙΡΙΑ ΠΕΡΙΟΡΙΣΜΕΝΗΣ ΕΥΘΥΝΗΣ,38768.5,,32302040001002
984Ε4690ΒΩ-ΦΚ8,2026-06-16,ΕΝΤΑΛΜΑ ΠΛΗΡΩΜΗΣ ΚΟΠΕΡ Α.Ε. (094007897),094007897,ΚΟΠΕΡ Α.Ε. (094007897),3037.44,,
ΨΤΞΤ4690ΒΩ-ΨΗΖ,2026-06-16,ΕΝΤΑΛΜΑ ΠΛΗΡΩΜΗΣ ΚΟΠΕΡ Α.Ε. (094007897),094007897,ΚΟΠΕΡ Α.Ε. (094007897),3616.0,,
9Κ1Γ4690ΒΩ-ΔΒΝ,2026-06-16,ΕΝΤΑΛΜΑ ΠΛΗΡΩΜΗΣ ΚΟΠΕΡ Α.Ε. (094007897),094007897,ΚΟΠΕΡ Α.Ε. (094007897),5938.15,,
9Σ5Φ4690ΒΩ-844,2026-06-16,ΕΝΤΑΛΜΑ ΠΛΗΡΩΜΗΣ ΚΟΠΕΡ Α.Ε. (094007897),094007897,ΚΟΠΕΡ Α.Ε. (094007897),5032.44,,
ΡΒΦΞ4690ΒΩ-3Υ0,2026-06-16,ΕΝΤΑΛΜΑ ΠΛΗΡΩΜΗΣ ΚΟΠΕΡ Α.Ε. (094007897),094007897,ΚΟΠΕΡ Α.Ε. (094007897),6793.6,,
ΨΧΘ24690ΒΩ-ΦΜΑ,2026-06-18,ΕΝΤΑΛΜΑ ΠΛΗΡΩΜΗΣ ΝΤΑΓΟΥΛΟΥΔΗΣ ΣΙΔΕΡΗΣ του ΜΙΧΑΗΛ (020724195),020724195,ΝΤΑΓΟΥΛΟΥΔΗΣ ΣΙΔΕΡΗΣ του ΜΙΧΑΗΛ (020724195),43.0,,
Ρ5ΨΜ4690ΒΩ-ΒΤ8,2026-06-17,ΕΝΤΑΛΜΑ ΠΛΗΡΩΜΗΣ BIOGENESYS  Ι.Κ.Ε. (099805952),099805952,BIOGENESYS  Ι.Κ.Ε. (099805952),16448.28,,
ΨΧΚΨ4690ΒΩ-ΟΨ8,2026-06-19,ΕΝΤΑΛΜΑ ΠΛΗΡΩΜΗΣ ΤΡΑΠΕΖΑ  EUROBANK AE (094014250),094014250,ΤΡΑΠΕΖΑ  EUROBANK AE (094014250),4.0,,
9Ω114690ΒΩ-ΧΘΥ,2026-06-17,ΕΝΤΑΛΜΑ ΠΛΗΡΩΜΗΣ BIOGENESYS  Ι.Κ.Ε. (099805952),099805952,BIOGENESYS  Ι.Κ.Ε. (099805952),3037.44,,
9Ν764690ΒΩ-5ΓΝ,2026-06-17,ΕΝΤΑΛΜΑ ΠΛΗΡΩΜΗΣ BIOGENESYS  Ι.Κ.Ε. (099805952),099805952,BIOGENESYS  Ι.Κ.Ε. (099805952),3955.0,,
ΡΚ9Ω4690ΒΩ-Β2Τ,2026-06-17,ΕΝΤΑΛΜΑ ΠΛΗΡΩΜΗΣ BIOGENESYS  Ι.Κ.Ε. (099805952),099805952,BIOGENESYS  Ι.Κ.Ε. (099805952),3037.44,,
9Μ7Φ4690ΒΩ-Μ7Ζ,2026-06-17,ΕΝΤΑΛΜΑ ΠΛΗΡΩΜΗΣ BIOGENESYS  Ι.Κ.Ε. (099805952),099805952,BIOGENESYS  Ι.Κ.Ε. (099805952),3037.44,,
9Β1Π4690ΒΩ-ΖΓΦ,2026-06-17,ΕΝΤΑΛΜΑ ΠΛΗΡΩΜΗΣ BIOGENESYS  Ι.Κ.Ε. (099805952),099805952,BIOGENESYS  Ι.Κ.Ε. (099805952),3037.44,,
ΨΕ654690ΒΩ-0Ξ7,2026-06-17,ΕΝΤΑΛΜΑ ΠΛΗΡΩΜΗΣ ΙΑΤΡΟΤΕΧΝΟΛΟΓΙΚΑ P.S.TEAM Ε.Π.Ε. (998465266),998465266,ΙΑΤΡΟΤΕΧΝΟΛΟΓΙΚΑ P.S.TEAM Ε.Π.Ε. (998465266),17789.28,,
Ψ3ΟΧ4690ΒΩ-3Θ8,2026-06-17,ΕΝΤΑΛΜΑ ΠΛΗΡΩΜΗΣ ΙΑΤΡΟΤΕΧΝΟΛΟΓΙΚΑ P.S.TEAM Ε.Π.Ε. (998465266),998465266,ΙΑΤΡΟΤΕΧΝΟΛΟΓΙΚΑ P.S.TEAM Ε.Π.Ε. (998465266),16150.78,,
ΨΟΥΜ4690ΒΩ-ΥΦΕ,2026-06-17,ΕΝΤΑΛΜΑ ΠΛΗΡΩΜΗΣ ΙΑΤΡΟΤΕΧΝΟΛΟΓΙΚΑ P.S.TEAM Ε.Π.Ε. (998465266),998465266,ΙΑΤΡΟΤΕΧΝΟΛΟΓΙΚΑ P.S.TEAM Ε.Π.Ε. (998465266),13889.77,,
94ΑΠ4690ΒΩ-ΤΥΦ,2026-06-19,"ΑΜΟΙΒΗ ΓΙΑ ΣΥΛΛΟΓΗ , ΛΗΨΗ ΑΝΤΙΓΡΑΦΩΝ,ΕΠΕΞΕΡΓΑΣΙΑ ΚΑΙ ΗΛΕΚΤΡΟΝΙΚΗ ΚΑΤΑΧΩΡΙΣΗ ΔΙΚΑΣΤΙΚΩΝ ΑΠΟΦΑΣΕΩΝ (ΣτΕ & ΔΙΟΙΚΗΤΙΚΑ ΔΙΚΑΣΤΗΡΙΑ ΤΕΛΕΥΤΑΙΑΣ ΕΞΑΕΤΙΑΣ)",070818165,"ΓΑΛΑΝΟΠΟΥΛΟΣ,,ΒΑΣΙΛΕΙΟΣ,ΚΩΝΣΤΑΝΤΙΝΟΣ",4960.0,,24209010001001
9ΖΘΥ4690ΒΩ-ΠΟ9,2026-06-17,ΕΝΤΑΛΜΑ ΠΛΗΡΩΜΗΣ ΕΝΔΟΣΚΟΠΙΚΗ Α.Ε. (094504367),094504367,ΕΝΔΟΣΚΟΠΙΚΗ Α.Ε. (094504367),7499.83,,
9ΡΖΜ4690ΒΩ-53Φ,2026-06-17,ΕΝΤΑΛΜΑ ΠΛΗΡΩΜΗΣ ΠΑΠΟΥΔΗΣ Γ. ΑΠΟΣΤΟΛΟΣ   ΥΙΟΣ Α.Ε. (094512503),094512503,ΠΑΠΟΥΔΗΣ Γ. ΑΠΟΣΤΟΛΟΣ   ΥΙΟΣ Α.Ε. (094512503),7068.0,,
9ΑΠΜ4690ΒΩ-6ΟΘ,2026-06-17,ΕΝΤΑΛΜΑ ΠΛΗΡΩΜΗΣ ΠΑΠΑΠΟΣΤΟΛΟΥ Ν. ΑΕ (095029193),095029193,ΠΑΠΑΠΟΣΤΟΛΟΥ Ν. ΑΕ (095029193),12698.0,,
Ψ1ΧΟ4690ΒΩ-ΦΥΑ,2026-06-17,ΕΝΤΑΛΜΑ ΠΛΗΡΩΜΗΣ MEDIPRIME ΙΑΤΡΟΦΑΡΜ.ΕΙΔΩΝ Α.Ε.Ε. (998283526),998283526,MEDIPRIME ΙΑΤΡΟΦΑΡΜ.ΕΙΔΩΝ Α.Ε.Ε. (998283526),7107.06,,
9ΓΧ94690ΒΩ-2Ω3,2026-06-17,ΕΝΤΑΛΜΑ ΠΛΗΡΩΜΗΣ GE HEALTHCARE ΕΜΠΟΡΙΚΗ ΚΑΙ ΒΙΟΜΗΧΑΝΙΚΗ Α.Ε (094472918),094472918,GE HEALTHCARE ΕΜΠΟΡΙΚΗ ΚΑΙ ΒΙΟΜΗΧΑΝΙΚΗ Α.Ε (094472918),27084.08,,
6Χ244690ΒΩ-ΤΤ7,2026-06-15,ΕΝΤΑΛΜΑ ΠΛΗΡΩΜΗΣ ΚΥΡΙΑΚΙΔΗΣ Ι.Μ. Α.Ε. (094128820),094128820,ΚΥΡΙΑΚΙΔΗΣ Ι.Μ. Α.Ε. (094128820),19016.4,,
Ψ6ΠΛ4690ΒΩ-2Ε8,2026-06-15,ΕΝΤΑΛΜΑ ΠΛΗΡΩΜΗΣ STAGER-Ι.Δ. ΚΩΝΣΤΑΝΤΟΠΟΥΛΟΣ ΑΒΕΕ (800357297),800357297,STAGER-Ι.Δ. ΚΩΝΣΤΑΝΤΟΠΟΥΛΟΣ ΑΒΕΕ (800357297),7736.67,,
9ΜΘΙ4690ΒΩ-ΟΒΤ,2026-06-15,ΕΝΤΑΛΜΑ ΠΛΗΡΩΜΗΣ STAGER-Ι.Δ. ΚΩΝΣΤΑΝΤΟΠΟΥΛΟΣ ΑΒΕΕ (800357297),800357297,STAGER-Ι.Δ. ΚΩΝΣΤΑΝΤΟΠΟΥΛΟΣ ΑΒΕΕ (800357297),524.52,,
ΨΘΔΑ4690ΒΩ-ΗΥ6,2026-06-15,ΕΝΤΑΛΜΑ ΠΛΗΡΩΜΗΣ STAGER-Ι.Δ. ΚΩΝΣΤΑΝΤΟΠΟΥΛΟΣ ΑΒΕΕ (800357297),800357297,STAGER-Ι.Δ. ΚΩΝΣΤΑΝΤΟΠΟΥΛΟΣ ΑΒΕΕ (800357297),524.52,,
97ΡΥ4690ΒΩ-Α0Μ,2026-06-15,ΕΝΤΑΛΜΑ ΠΛΗΡΩΜΗΣ STAGER-Ι.Δ. ΚΩΝΣΤΑΝΤΟΠΟΥΛΟΣ ΑΒΕΕ (800357297),800357297,STAGER-Ι.Δ. ΚΩΝΣΤΑΝΤΟΠΟΥΛΟΣ ΑΒΕΕ (800357297),524.52,,
6ΤΑΜ4690ΒΩ-ΚΧΕ,2026-05-28,ΕΝΤΑΛΜΑ ΠΛΗΡΩΜΗΣ ΒΑΡΕΛΑΣ Α.Ε. (094047060),094047060,ΒΑΡΕΛΑΣ Α.Ε. (094047060),4789.08,,
ΨΧ514690ΒΩ-ΣΓΞ,2026-06-17,"ΠΡΟΜΗΘΕΙΑ ΟΡΘΟΠΕΔΙΚΟΥ ΥΛΙΚΟΥ ΠΡΟΣΘΕΤΩΝ ΓΙΑ ΤΟΝ ΜΗΝΑ ΔΕΚΕΜΒΡΙΟ 2025 ΜΕ ΣΥΜΒΑΣΗ (ΣΥΜΒ. 754/25 ) ΑΠΑΞ ΠΑΡΑΓΓΕΛΙΑΣ ,ΣΥΜΦΩΝΑ ΜΕ ΤΙΣ ΔΙΑΤΑΞΕΙΣ ΤΟΥ Ν. 5302/2026 αρθ.95 (ΦΕK 78/τ. Α΄/ 20-5-2026 )",094007897,ΚΟΠΕΡ ΦΑΡΜΑΚΟΒΙΟΜΗΧΑΝΙΑΑΝΩΝΥΜΗ ΕΤΑΙΡΕΙΑ,3468.76,,32302040001002
ΨΤΒΜ4690ΒΩ-ΤΟΒ,2026-06-17,"ΠΡΟΜΗΘΕΙΑ ΟΡΘΟΠΕΔΙΚΟΥ ΥΛΙΚΟΥ ΠΡΟΣΘΕΤΩΝ ΓΙΑ ΤΟΝ ΜΗΝΑ ΔΕΚΕΜΒΡΙΟ 2025 ΜΕ ΣΥΜΒΑΣΗ (ΣΥΜΒ. 755/25 ) ΑΠΑΞ ΠΑΡΑΓΓΕΛΙΑΣ, ,ΣΥΜΦΩΝΑ ΜΕ ΤΙΣ ΔΙΑΤΑΞΕΙΣ ΤΟΥ Ν. 5302/2026 αρθ.95 (ΦΕK 78/τ. Α΄/ 20-5-2026 )",094007897,ΚΟΠΕΡ ΦΑΡΜΑΚΟΒΙΟΜΗΧΑΝΙΑΑΝΩΝΥΜΗ ΕΤΑΙΡΕΙΑ,4737.68,,32302040001002
ΨΧΨΨ4690ΒΩ-ΣΙΛ,2026-06-17,"ΠΡΟΜΗΘΕΙΑ ΟΡΘΟΠΕΔΙΚΟΥ ΥΛΙΚΟΥ ΠΡΟΣΘΕΤΩΝ ΓΙΑ ΤΟΝ ΜΗΝΑ ΔΕΚΕΜΒΡΙΟ 2025 ΜΕ ΣΥΜΒΑΣΗ (ΣΥΜΒ. 750/25 ) ΑΠΑΞ ΠΑΡΑΓΓΕΛΙΑΣ, ,ΣΥΜΦΩΝΑ ΜΕ ΤΙΣ ΔΙΑΤΑΞΕΙΣ ΤΟΥ Ν. 5302/2026 αρθ.95 (ΦΕK 78/τ. Α΄/ 20-5-2026 )",094007897,ΚΟΠΕΡ ΦΑΡΜΑΚΟΒΙΟΜΗΧΑΝΙΑΑΝΩΝΥΜΗ ΕΤΑΙΡΕΙΑ,3805.39,,32302040001002
9ΟΔ44690ΒΩ-2ΛΖ,2026-06-17,"ΠΡΟΜΗΘΕΙΑ ΟΡΘΟΠΕΔΙΚΟΥ ΥΛΙΚΟΥ ΠΡΟΣΘΕΤΩΝ ΓΙΑ ΤΟΝ ΜΗΝΑ ΔΕΚΕΜΒΡΙΟ 2025 ΜΕ ΣΥΜΒΑΣΗ (ΣΥΜΒ. 751/25 ) ΑΠΑΞ ΠΑΡΑΓΓΕΛΙΑΣ, ,ΣΥΜΦΩΝΑ ΜΕ ΤΙΣ ΔΙΑΤΑΞΕΙΣ ΤΟΥ Ν. 5302/2026 αρθ.95 (ΦΕK 78/τ. Α΄/ 20-5-2026 )",094007897,ΚΟΠΕΡ ΦΑΡΜΑΚΟΒΙΟΜΗΧΑΝΙΑΑΝΩΝΥΜΗ ΕΤΑΙΡΕΙΑ,3138.91,,32302040001002
Ψ4ΗΔ4690ΒΩ-Ι2Ρ,2026-06-17,"ΠΡΟΜΗΘΕΙΑ ΟΡΘΟΠΕΔΙΚΟΥ ΥΛΙΚΟΥ ΠΡΟΣΘΕΤΩΝ ΓΙΑ ΤΟΝ ΜΗΝΑ ΔΕΚΕΜΒΡΙΟ 2025 ΜΕ ΣΥΜΒΑΣΗ (ΣΥΜΒ. 749/25 ) ΑΠΑΞ ΠΑΡΑΓΓΕΛΙΑΣ, ,ΣΥΜΦΩΝΑ ΜΕ ΤΙΣ ΔΙΑΤΑΞΕΙΣ ΤΟΥ Ν. 5302/2026 αρθ.95 (ΦΕK 78/τ. Α΄/ 20-5-2026 )",094007897,ΚΟΠΕΡ ΦΑΡΜΑΚΟΒΙΟΜΗΧΑΝΙΑΑΝΩΝΥΜΗ ΕΤΑΙΡΕΙΑ,5388.82,,32302040001002
ΨΞ1Δ4690ΒΩ-ΞΡΠ,2026-06-17,"ΠΡΟΜΗΘΕΙΑ ΟΡΘΟΠΕΔΙΚΟΥ ΥΛΙΚΟΥ ΠΡΟΣΘΕΤΩΝ ΓΙΑ ΤΟΝ ΜΗΝΑ ΔΕΚΕΜΒΡΙΟ 2025 ΜΕ ΣΥΜΒΑΣΗ (ΣΥΜΒ. 746/25 ) ΑΠΑΞ ΠΑΡΑΓΓΕΛΙΑΣ, ,ΣΥΜΦΩΝΑ ΜΕ ΤΙΣ ΔΙΑΤΑΞΕΙΣ ΤΟΥ Ν. 5302/2026 αρθ.95 (ΦΕK 78/τ. Α΄/ 20-5-2026 )",094007897,ΚΟΠΕΡ ΦΑΡΜΑΚΟΒΙΟΜΗΧΑΝΙΑΑΝΩΝΥΜΗ ΕΤΑΙΡΕΙΑ,5952.84,,32302040001002
97Β74690ΒΩ-8ΣΔ,2026-06-17,"ΠΡΟΜΗΘΕΙΑ ΣΕΤ ΤΡΟΚΑΡ, ΜΗΝΩΝ ΙΟΥΝΙΟΥ, ΟΚΤΩΒΡΙΟΥ & ΝΟΕΜΒΡΙΟΥ 2025, ΧΩΡΙΣ ΣΥΜΒΑΣΗ, ΜΕ ΑΠΟΦΑΣΗ ΔΣ 7/2-5-25 Θ.3 & ΑΠΟΦΑΣΗ ΔΙΟΙΚΗΤΗ 741/25 (ΑΠΟΦΑΣΗ ΔΣ 1/27-3-25 Θ.2 ΓΙΑ ΤΗ EΠΙΚΥΡΩΣΗ ΑΠΟΦΑΣΕΩΝ ΔΙΟΙΚΗΤΗ ΕΤΟΥΣ 2025) ΣΥΜΦΩΝΑ ΜΕ ΤΙΣ ΔΙΑΤΑΞΕΙΣ ΤΟΥ Ν. 5302/2026 αρθ.95 (ΦΕK 78/τ. Α΄/ 20-5-2026 )",094007897,ΚΟΠΕΡ ΦΑΡΜΑΚΟΒΙΟΜΗΧΑΝΙΑΑΝΩΝΥΜΗ ΕΤΑΙΡΕΙΑ,4545.84,,32302030001002
93ΘΖ4690ΒΩ-Φ44,2026-05-11,ΕΝΤΑΛΜΑ ΠΛΗΡΩΜΗΣ V L VIOLAK INTERNATIONAL   A.E. (099370337),099370337,V L VIOLAK INTERNATIONAL   A.E. (099370337),5352.2,,
94ΘΦ4690ΒΩ-ΞΦ0,2026-05-28,ΕΝΤΑΛΜΑ ΠΛΗΡΩΜΗΣ BIOMERIEUX ΕΛΛΑΣ Α.Ε. (094499248),094499248,BIOMERIEUX ΕΛΛΑΣ Α.Ε. (094499248),5247.0,,
9Υ134690ΒΩ-275,2026-05-28,ΕΝΤΑΛΜΑ ΠΛΗΡΩΜΗΣ BIOMERIEUX ΕΛΛΑΣ Α.Ε. (094499248),094499248,BIOMERIEUX ΕΛΛΑΣ Α.Ε. (094499248),3307.2,,
ΨΖΗΝ4690ΒΩ-ΙΕΣ,2026-06-16,ΕΝΤΑΛΜΑ ΠΛΗΡΩΜΗΣ ΓΑΛΑΝΟΠΟΥΛΟΣ Κ. ΒΑΣΙΛΕΙΟΣ (070818165),070818165,ΓΑΛΑΝΟΠΟΥΛΟΣ Κ. ΒΑΣΙΛΕΙΟΣ (070818165),4960.0,,
Ρ97Μ4690ΒΩ-ΒΡΝ,2026-06-16,ΑΠΟΔΟΣΗ  ΨΥΧΙΚΗΣ ΥΓΕΙΑΣ (Ν. 3580)  ΕΠΙ ΤΩΝ ΕΞΟΦΛΗΘΕΝΤΩΝ  ΧΕ ΜΗΝΟΣ ΜΑΙΟΥ 2026 (Φ300),099017070,ΥΠΟΥΡΓΕΙΟ ΥΓΕΙΑΣ ΠΡΟΝΟΙΑΣ,54.39,,
Ρ6Υ74690ΒΩ-Θ8Λ,2026-06-16,ΑΠΟΔΟΣΗ ΥΠΕΡ ΨΥΧΙΚΗΣ ΥΓΕΙΑΣ (Ν. 3580)  ΕΠΙ ΤΩΝ ΧΕ ΕΞΟΦΛΗΘΕΝΤΩΝ  ΜΗΝΟΣ ΜΑΙΟΥ 2026 (Φ500),099017070,ΥΠΟΥΡΓΕΙΟ ΥΓΕΙΑΣ ΠΡΟΝΟΙΑΣ,72.78,,
922Τ4690ΒΩ-Τ96,2026-06-16,ΑΠΟΔΟΣΗ ΥΠΕΡ ΨΥΧΙΚΗΣ ΥΓΕΙΑΣ (Ν. 3580)  ΕΠΙ ΤΩΝ ΕΞΟΦΛΗΘΕΝΤΩΝ  ΧΕ ΜΗΝΟΣ ΜΑΙΟΥ 2026 (Φ400),099017070,ΥΠΟΥΡΓΕΙΟ ΥΓΕΙΑΣ ΠΡΟΝΟΙΑΣ,92.78,,
ΨΛ7Τ4690ΒΩ-ΡΗΝ,2026-06-16,"ΑΠΟΔΟΣΗ ΥΠΕΡ ΔΗΜΟΣΙΟΥ (ΦΟΡΟΣ 1,4,8%)  ΕΠΙ ΤΩΝ ΕΞΟΦΛΗΘΕΝΤΩΝ   ΧΕ ΜΗΝΟΣ ΜΑΙΟΥ 2026 (Φ100)",090165560,ΥΠΟΥΡΓΕΙΟ ΟΙΚΟΝΟΜΙΚΩΝ ΓΕΝΙΚΗ   ΔIEYΘΥΝΣΗ  Δ ΚΗΣΥΠ ΞΗΣ Δ ΟΙΚ,55959.19,,
ΨΗ5Μ4690ΒΩ-ΧΙΟ,2026-06-16,ΑΠΟΔΟΣΗ ΥΠΕΡ ΔΗΜΟΣΙΟΥ (ΦΟΡΟΣ 20%)  ΕΠΙ ΤΩΝ ΕΞΟΦΛΗΘΕΝΤΩΝ ΧΕ ΜΗΝΟΣ ΜΑΙΟΥ 2026 (Φ100),090165560,ΥΠΟΥΡΓΕΙΟ ΟΙΚΟΝΟΜΙΚΩΝ ΓΕΝΙΚΗ   ΔIEYΘΥΝΣΗ  Δ ΚΗΣΥΠ ΞΗΣ Δ ΟΙΚ,893.41,,
65Π54690ΒΩ-ΗΑΤ,2026-06-16,ΑΠΟΔΟΣΗ ΥΠΕΡ ΔΗΜΟΣΙΟΥ (ΦΟΡΟΣ 20%)  ΕΠΙ ΤΩΝ ΕΞΟΦΛΗΘΕΝΤΩΝ ΧΕ ΜΗΝΟΣ ΜΑΙΟΥ 2026 (Φ100),090165560,ΥΠΟΥΡΓΕΙΟ ΟΙΚΟΝΟΜΙΚΩΝ ΓΕΝΙΚΗ   ΔIEYΘΥΝΣΗ  Δ ΚΗΣΥΠ ΞΗΣ Δ ΟΙΚ,893.41,,
ΨΘΕΠ4690ΒΩ-ΥΡ0,2026-06-16,ΑΠΟΔΟΣΗ ΥΠΕΡ ΔΗΜΟΣΙΟΥ (ΧΑΡΤ & ΟΓΑ  ΧΑΡΤ )  ΕΠΙ ΤΩΝ ΕΞΟΦΛΗΘΕΝΤΩΝ  ΧΕ ΜΗΝΟΣ ΜΑΙΟΥ 2026 (Φ100),090165560,ΥΠΟΥΡΓΕΙΟ ΟΙΚΟΝΟΜΙΚΩΝ ΓΕΝΙΚΗ   ΔIEYΘΥΝΣΗ  Δ ΚΗΣΥΠ ΞΗΣ Δ ΟΙΚ,8.51,,
Ψ57Φ4690ΒΩ-ΤΟ7,2026-06-16,ΑΠΟΔΟΣΗ ΥΠΕΡ ΔΗΜΟΣΙΟΥ (ΦΟΡΟΣ 1%)  ΕΠΙ ΤΩΝ ΕΞΟΦΛΗΘΕΝΤΩΝ  ΧΕ ΜΗΝΟΣ ΜΑΙΟΥ 2026 (Φ500),090165560,ΥΠΟΥΡΓΕΙΟ ΟΙΚΟΝΟΜΙΚΩΝ ΓΕΝΙΚΗ   ΔIEYΘΥΝΣΗ  Δ ΚΗΣΥΠ ΞΗΣ Δ ΟΙΚ,35.66,,
971Ε4690ΒΩ-ΟΔΑ,2026-06-16,ΑΠΟΔΟΣΗ ΥΠΕΡ ΔΗΜΟΣΙΟΥ (ΦΟΡΟΣ 4%)  ΕΠΙ ΤΩΝ ΕΞΟΦΛΗΘΕΝΤΩΝ  ΧΕ ΜΗΝΟΣ ΜΑΙΟΥ 2026 (Φ500),090165560,ΥΠΟΥΡΓΕΙΟ ΟΙΚΟΝΟΜΙΚΩΝ ΓΕΝΙΚΗ   ΔIEYΘΥΝΣΗ  Δ ΚΗΣΥΠ ΞΗΣ Δ ΟΙΚ,41.94,,
6ΖΡΧ4690ΒΩ-Κ7Ζ,2026-06-16,ΑΠΟΔΟΣΗ ΥΠΕΡ ΔΗΜΟΣΙΟΥ (ΦΟΡΟΣ 1%)  ΕΠΙ ΤΩΝ ΕΞΟΦΛΗΘΕΝΤΩΝ ΧΕ ΜΗΝΟΣ ΜΑΙΟΥ 2026 (Φ300),090165560,ΥΠΟΥΡΓΕΙΟ ΟΙΚΟΝΟΜΙΚΩΝ ΓΕΝΙΚΗ   ΔIEYΘΥΝΣΗ  Δ ΚΗΣΥΠ ΞΗΣ Δ ΟΙΚ,26.64,,
9ΜΒ94690ΒΩ-ΕΨΕ,2026-06-16,ΑΠΟΔΟΣΗ ΥΠΕΡ ΕΑΑΔΗΣΥ  ΕΠΙ ΤΩΝ ΕΞΟΦΛΗΘΕΝΤΩΝ  ΧΕ ΜΗΝΟΣ ΜΑΙΟΥ 2026 (Φ300),090166291,ΥΠΟΥΡΓΕΙΟ ΑΝΑΠΤΥΞΗΣ,2.72,,
93Θ34690ΒΩ-7Κ8,2026-06-16,ΑΠΟΔΟΣΗ ΥΠΕΡ ΕΑΑΔΗΣΥ   ΕΠΙ ΤΩΝ ΕΞΟΦΛΗΘΕΝΤΩΝ  ΧΕ ΜΗΝΟΣ ΜΑΙΟΥ 2026 (Φ500),090166291,ΥΠΟΥΡΓΕΙΟ ΑΝΑΠΤΥΞΗΣ,3.66,,
9ΟΨΙ4690ΒΩ-1ΜΘ,2026-06-16,ΑΠΟΔΟΣΗ ΥΠΕΡ ΕΑΑΔΗΣΥ ΕΠΙ ΤΩΝ ΕΞΟΦΛΗΘΕΝΤΩΝ ΧΕ ΜΗΝΟΣ ΜΑΙΟΥ 2026 (Φ400),090166291,ΥΠΟΥΡΓΕΙΟ ΑΝΑΠΤΥΞΗΣ,4.64,,
Ψ5Ξ94690ΒΩ-ΓΟΙ,2026-06-16,ΑΠΟΔΟΣΗ ΥΠΕΡ ΕΑΑΔΗΣΥ  ΕΠΙ ΤΩΝ  ΕΞΟΦΛΗΘΕΝΤΩΝ ΧΕ ΜΗΝΟΣ ΜΑΙΟΥ 2026 (Φ100),090166291,ΥΠΟΥΡΓΕΙΟ ΑΝΑΠΤΥΞΗΣ,1431.91,,
62Ε54690ΒΩ-ΞΙ3,2026-06-16,ΑΠΟΔΟΣΗ ΥΠΕΡ ΔΗΜΟΣΙΟΥ (ΦΟΡΟΣ 1%)  ΕΠΙ ΤΩΝ ΕΞΟΦΛΗΘΕΝΤΩΝ ΧΕ  ΜΗΝΟΣ ΜΑΙΟΥ 2026 (Φ400),090165560,ΥΠΟΥΡΓΕΙΟ ΟΙΚΟΝΟΜΙΚΩΝ ΓΕΝΙΚΗ   ΔIEYΘΥΝΣΗ  Δ ΚΗΣΥΠ ΞΗΣ Δ ΟΙΚ,45.47,,
9ΙΚΑ4690ΒΩ-ΙΛΞ,2026-06-16,ΑΠΟΔΟΣΗ ΥΠΕΡ ΨΥΧΙΚΗΣ ΥΓΕΙΑΣ  (Ν. 3580 )  ΕΠΙ ΤΩΝ  ΕΞΟΦΛΗΘΕΝΤΩΝ ΧΕ ΜΗΝΟΣ ΜΑΙΟΥ 2026 (Φ100),099017070,ΥΠΟΥΡΓΕΙΟ ΥΓΕΙΑΣ ΠΡΟΝΟΙΑΣ,32644.05,,
Ψ01Ψ4690ΒΩ-7Λ2,2026-04-15,ΕΝΤΑΛΜΑ ΠΛΗΡΩΜΗΣ ΙΩΝΙΚΗ ΑΒΕΕ (094102483),094102483,ΙΩΝΙΚΗ ΑΒΕΕ (094102483),728.24,,
9ΑΩΔ4690ΒΩ-ΚΚΛ,2026-04-15,ΕΝΤΑΛΜΑ ΠΛΗΡΩΜΗΣ ΦΙΛΙΠΠΙΤΖΗΣ ΣΤ. ΣΠΥΡΟΣ (067794569),067794569,ΦΙΛΙΠΠΙΤΖΗΣ ΣΤ. ΣΠΥΡΟΣ (067794569),43.4,,
94Γ04690ΒΩ-ΥΡΤ,2026-04-15,ΕΝΤΑΛΜΑ ΠΛΗΡΩΜΗΣ ΓΕΩΡΓΑΚΑΣ ΚΩΝΣΤΑΝΤΙΝΟΣ (062216690),062216690,ΓΕΩΡΓΑΚΑΣ ΚΩΝΣΤΑΝΤΙΝΟΣ (062216690),74.82,,
Ψ1714690ΒΩ-ΚΟΘ,2026-04-15,ΕΝΤΑΛΜΑ ΠΛΗΡΩΜΗΣ ΓΕΡΜΑΝΟΣ Κ.ΙΑΤΡΙΚΑ ΑΕΕ (081734344),081734344,ΓΕΡΜΑΝΟΣ Κ.ΙΑΤΡΙΚΑ ΑΕΕ (081734344),29.14,,
9ΞΙΥ4690ΒΩ-Μ26,2026-04-15,ΕΝΤΑΛΜΑ ΠΛΗΡΩΜΗΣ ΓΕΡΜΑΝΟΣ ΞΕΝΟΦΩΝ ΑΕΕ (094326835),094326835,ΓΕΡΜΑΝΟΣ ΞΕΝΟΦΩΝ ΑΕΕ (094326835),284.76,,
93ΓΔ4690ΒΩ-Ξ6Ψ,2026-04-15,ΕΝΤΑΛΜΑ ΠΛΗΡΩΜΗΣ Α.ΔΕΡΒΟΣ-Γ.ΔΗΜΗΤΡΑΚΟΠΟΥΛΟΣ κ.ΣΙΑ Α.Ε. (099518023),099518023,Α.ΔΕΡΒΟΣ-Γ.ΔΗΜΗΤΡΑΚΟΠΟΥΛΟΣ κ.ΣΙΑ Α.Ε. (099518023),620.0,,
ΨΥΣ44690ΒΩ-468,2026-04-16,ΕΝΤΑΛΜΑ ΠΛΗΡΩΜΗΣ ΜΑΥΡΟΥΔΗΣ Α.Ε. (997998085),997998085,ΜΑΥΡΟΥΔΗΣ Α.Ε. (997998085),370.25,,
ΨΤΤ54690ΒΩ-ΧΑ5,2026-04-14,ΕΝΤΑΛΜΑ ΠΛΗΡΩΜΗΣ ΑΡΝΑΟΥΤΗΣ ΠΑΥΛΟΣ Α.Ε (094178060),094178060,ΑΡΝΑΟΥΤΗΣ ΠΑΥΛΟΣ Α.Ε (094178060),198.43,,
9ΡΓΒ4690ΒΩ-0ΒΝ,2026-05-07,ΕΝΤΑΛΜΑ ΠΛΗΡΩΜΗΣ ΚΟΠΕΡ Α.Ε. (094007897),094007897,ΚΟΠΕΡ Α.Ε. (094007897),2865.6,,
6ΥΧΔ4690ΒΩ-ΖΡΑ,2026-06-15,ΕΝΤΑΛΜΑ ΠΛΗΡΩΜΗΣ ΚΑΛΤΕΚ ΑΕ ΕΜΠΟΡΙΑ ΙΑΤΡΙΚΩΝ ΕΙΔΩΝ ΚΑΙ ΠΡΟΙΟΝΤΩΝ ΚΑΙ ΜΗΧΑΝΗΜΑΤΩΝ  ΑΝΩΝΥΜΗ ΕΤΑΙΡΕΙΑ (999307110),999307110,ΚΑΛΤΕΚ ΑΕ ΕΜΠΟΡΙΑ ΙΑΤΡΙΚΩΝ ΕΙΔΩΝ ΚΑΙ ΠΡΟΙΟΝΤΩΝ ΚΑΙ ΜΗΧΑΝΗΜΑΤΩΝ  ΑΝΩΝΥΜΗ ΕΤΑΙΡΕΙΑ (999307110),4694.97,,
ΨΩ3Θ4690ΒΩ-ΣΒΙ,2026-06-15,ΕΝΤΑΛΜΑ ΠΛΗΡΩΜΗΣ ΚΑΛΤΕΚ ΑΕ ΕΜΠΟΡΙΑ ΙΑΤΡΙΚΩΝ ΕΙΔΩΝ ΚΑΙ ΠΡΟΙΟΝΤΩΝ ΚΑΙ ΜΗΧΑΝΗΜΑΤΩΝ  ΑΝΩΝΥΜΗ ΕΤΑΙΡΕΙΑ (999307110),999307110,ΚΑΛΤΕΚ ΑΕ ΕΜΠΟΡΙΑ ΙΑΤΡΙΚΩΝ ΕΙΔΩΝ ΚΑΙ ΠΡΟΙΟΝΤΩΝ ΚΑΙ ΜΗΧΑΝΗΜΑΤΩΝ  ΑΝΩΝΥΜΗ ΕΤΑΙΡΕΙΑ (999307110),24180.0,,
6ΣΡ14690ΒΩ-ΖΙΧ,2026-06-15,ΕΝΤΑΛΜΑ ΠΛΗΡΩΜΗΣ AEGLI MEDICAL OPTICS  A.Ε. (094429222),094429222,AEGLI MEDICAL OPTICS  A.Ε. (094429222),8079.5,,
ΨΝΝΩ4690ΒΩ-ΟΧΑ,2026-05-05,ΕΝΤΑΛΜΑ ΠΛΗΡΩΜΗΣ ΚΕΚΗ ΕΛΕΝΗ Α.Ε.Ε. (094211706),094211706,ΚΕΚΗ ΕΛΕΝΗ Α.Ε.Ε. (094211706),4918.4,,
9ΚΝΖ4690ΒΩ-ΛΝΟ,2026-04-14,ΕΝΤΑΛΜΑ ΠΛΗΡΩΜΗΣ ΔΙΑΓΝΩΣΤΙΚΗ - ΑΝΑΛΥΤΙΚΗ  Α.Ε (099109774),099109774,ΔΙΑΓΝΩΣΤΙΚΗ - ΑΝΑΛΥΤΙΚΗ  Α.Ε (099109774),820.44,,
Ψ5924690ΒΩ-ΧΤΦ,2026-06-10,ΕΝΤΑΛΜΑ ΠΛΗΡΩΜΗΣ ΡΟΥΜΠΟΣ ΝΙΚΟΛΑΟΣ τ. ΙΩΑΝΝΗ (050588536),050588536,ΡΟΥΜΠΟΣ ΝΙΚΟΛΑΟΣ τ. ΙΩΑΝΝΗ (050588536),500.0,,
ΨΥΩΧ4690ΒΩ-ΥΝΝ,2026-06-10,ΕΝΤΑΛΜΑ ΠΛΗΡΩΜΗΣ ΚΑΡΑΓΕΩΡΓΙΟΥ ΚΩΝΣΤΑΝΤΙΝΟΣ ΤΟΥ ΔΗΜΗΤΡΙΟΥ (145461522),145461522,ΚΑΡΑΓΕΩΡΓΙΟΥ ΚΩΝΣΤΑΝΤΙΝΟΣ ΤΟΥ ΔΗΜΗΤΡΙΟΥ (145461522),500.0,,
ΨΡΟΒ4690ΒΩ-Κ1Τ,2026-05-13,ΕΝΤΑΛΜΑ ΠΛΗΡΩΜΗΣ ΚΑΡΑΓΕΩΡΓΙΟΥ ΚΩΝΣΤΑΝΤΙΝΟΣ ΤΟΥ ΔΗΜΗΤΡΙΟΥ (145461522),145461522,ΚΑΡΑΓΕΩΡΓΙΟΥ ΚΩΝΣΤΑΝΤΙΝΟΣ ΤΟΥ ΔΗΜΗΤΡΙΟΥ (145461522),1000.0,,
Ψ6Β14690ΒΩ-ΜΟΚ,2026-06-09,ΕΝΤΑΛΜΑ ΠΛΗΡΩΜΗΣ ΔΡΙΒΑ ΧΡΙΣΤΙΝΑ τ. ΓΕΩΡΓΙΟΥ (143463998),143463998,ΔΡΙΒΑ ΧΡΙΣΤΙΝΑ τ. ΓΕΩΡΓΙΟΥ (143463998),630.0,,
ΨΩ9Ν4690ΒΩ-Ω7Δ,2026-06-10,ΕΝΤΑΛΜΑ ΠΛΗΡΩΜΗΣ ΚΑΡΑΓΚΟΥΝΗΣ ΠΑΝΑΓΙΩΤΗΣ τ. ΔΗΜΟΥ (034322654),034322654,ΚΑΡΑΓΚΟΥΝΗΣ ΠΑΝΑΓΙΩΤΗΣ τ. ΔΗΜΟΥ (034322654),1582.75,,
Ψ33Α4690ΒΩ-0Ω0,2026-06-10,ΕΝΤΑΛΜΑ ΠΛΗΡΩΜΗΣ ΤΣΑΓΚΑΛΗΣ ΑΝΤΩΝΙΟΣ τ. ΒΑΣΙΛΕΙΟΥ (051790865),051790865,ΤΣΑΓΚΑΛΗΣ ΑΝΤΩΝΙΟΣ τ. ΒΑΣΙΛΕΙΟΥ (051790865),1000.0,,
9Ρ154690ΒΩ-1ΓΞ,2026-06-10,ΕΝΤΑΛΜΑ ΠΛΗΡΩΜΗΣ ΘΑΝΟΠΟΥΛΟΥ ΒΑΣΙΛΙΚΗ τ. ΔΗΜΗΤΡΙΟΥ (120430983),120430983,ΘΑΝΟΠΟΥΛΟΥ ΒΑΣΙΛΙΚΗ τ. ΔΗΜΗΤΡΙΟΥ (120430983),500.0,,
Ρ3Τ34690ΒΩ-Ζ69,2026-06-15,"ΠΡΟΜΗΘΕΙΑ ΣΩΛΗΝΩΝ ΑΝΑΡΡΟΦΗΣΗΣ, ΓΙΑ ΤΟ ΜΗΝΑ ΙΟΥΝΙΟ 2025, ΧΩΡΙΣ ΣΥΜΒΑΣΗ, ΜΕ ΑΠΟΦΑΣΗ ΔΣ 9/4-6-25 Θ.8 , ΣΥΜΦΩΝΑ ΜΕ ΤΙΣ ΔΙΑΤΑΞΕΙΣ ΤΟΥ Ν.5264/2025 αρθ.105 (ΦΕΚ 239/ τ.Α΄/19/12/2025)",800407176,Ι Γ ΡΟΔΟΠΟΥΛΟΣ ΚΑΙ ΣΙΑ ΕΕ,689.44,,32302030001002
ΡΝΟΩ4690ΒΩ-ΝΑΚ,2026-04-16,ΕΝΤΑΛΜΑ ΠΛΗΡΩΜΗΣ ΛΕΩΝΙΔΑΣ ΚΑΝΕΛΛΟΣ    ΣΙΑ  Ο.Ε. (093401589),093401589,ΛΕΩΝΙΔΑΣ ΚΑΝΕΛΛΟΣ    ΣΙΑ  Ο.Ε. (093401589),191.58,,
Ρ09Ζ4690ΒΩ-ΚΗ3,2026-04-15,ΕΝΤΑΛΜΑ ΠΛΗΡΩΜΗΣ ΔΕΡΚΑ  ΙΑΤΡΙΚΑ Ε.Π.Ε. (999687125),999687125,ΔΕΡΚΑ  ΙΑΤΡΙΚΑ Ε.Π.Ε. (999687125),682.0,,
ΨΤΣΟ4690ΒΩ-Κ9Ι,2026-04-15,ΕΝΤΑΛΜΑ ΠΛΗΡΩΜΗΣ ΑΝΑΣΤΑΣΙΟΣ ΔΙΓΚΑΣ Ι.Κ.Ε. (997826122),997826122,ΑΝΑΣΤΑΣΙΟΣ ΔΙΓΚΑΣ Ι.Κ.Ε. (997826122),493.15,,
Ρ2Ζ84690ΒΩ-4Ψ4,2026-04-16,ΕΝΤΑΛΜΑ ΠΛΗΡΩΜΗΣ ΚΟΡΤΕΣΗΣ Δ. ΣΙΑ Ε.Ε ΙΑΤΡΙΚΑ (999658897),999658897,ΚΟΡΤΕΣΗΣ Δ. ΣΙΑ Ε.Ε ΙΑΤΡΙΚΑ (999658897),137.39,,
ΨΕΡ94690ΒΩ-1ΩΠ,2026-04-16,ΕΝΤΑΛΜΑ ΠΛΗΡΩΜΗΣ ΚΟΣΜΙΔΗΣ  ΧΑΡ. ΠΕΤΡΟΣ     ΣΙΑ  Ε.Ε. (999685389),999685389,ΚΟΣΜΙΔΗΣ  ΧΑΡ. ΠΕΤΡΟΣ     ΣΙΑ  Ε.Ε. (999685389),357.12,,
9ΞΤΚ4690ΒΩ-Ρ06,2026-06-15,ΕΝΤΑΛΜΑ ΠΛΗΡΩΜΗΣ ΤΡΑΠΕΖΑ  EUROBANK AE (094014250),094014250,ΤΡΑΠΕΖΑ  EUROBANK AE (094014250),1.2,,
6ΤΒΤ4690ΒΩ-Ρ97,2026-04-17,ΕΝΤΑΛΜΑ ΠΛΗΡΩΜΗΣ ΣΚΟΥΠΡΑΣ ΝΙΚΟΛΑΟΣ (151486717),151486717,ΣΚΟΥΠΡΑΣ ΝΙΚΟΛΑΟΣ (151486717),996.96,,
95ΠΗ4690ΒΩ-Ο0Θ,2026-04-17,ΕΝΤΑΛΜΑ ΠΛΗΡΩΜΗΣ ΤΖΑΛΑΚΑΣ  ΑΘΑΝΑΣΙΟΣ (141944657),141944657,ΤΖΑΛΑΚΑΣ  ΑΘΑΝΑΣΙΟΣ (141944657),45.0,,
ΡΥΡ04690ΒΩ-ΜΥΞ,2026-04-17,ΕΝΤΑΛΜΑ ΠΛΗΡΩΜΗΣ ΧΑΛΑΤΣΗΣ ΒΑΣ.   ΣΙΑ ΟΕ (099846608),099846608,ΧΑΛΑΤΣΗΣ ΒΑΣ.   ΣΙΑ ΟΕ (099846608),372.0,,
ΡΛΜΝ4690ΒΩ-ΝΚΡ,2026-04-21,ΕΝΤΑΛΜΑ ΠΛΗΡΩΜΗΣ CUREPLAST EE (800434062),800434062,CUREPLAST EE (800434062),229.96,,
65ΩΞ4690ΒΩ-1ΡΚ,2026-04-21,ΕΝΤΑΛΜΑ ΠΛΗΡΩΜΗΣ CONNEKTA HELLAS AE (998306199),998306199,CONNEKTA HELLAS AE (998306199),334.8,,
96Χ44690ΒΩ-ΘΝ9,2026-04-21,ΕΝΤΑΛΜΑ ΠΛΗΡΩΜΗΣ DEMO ABEE (094041553),094041553,DEMO ABEE (094041553),166.68,,
9ΑΘΣ4690ΒΩ-ΞΦΛ,2026-04-16,ΕΝΤΑΛΜΑ ΠΛΗΡΩΜΗΣ ΜΠΟΥΤΖΕΤΗ ΕΥΑΝΘΙΑ ΕΜΠΟΡΙΟ ΙΑΤΡΙΚΩΝ ΕΙΔΩΝ (068799772),068799772,ΜΠΟΥΤΖΕΤΗ ΕΥΑΝΘΙΑ ΕΜΠΟΡΙΟ ΙΑΤΡΙΚΩΝ ΕΙΔΩΝ (068799772),559.35,,
62ΣΗ4690ΒΩ-2ΥΙ,2026-04-16,ΕΝΤΑΛΜΑ ΠΛΗΡΩΜΗΣ ΜΙΔΗ Ε.Ε Δ. ΤΣΙΜΠΙΔΑΡΟΣ ΚΑΙ ΣΙΑ  Ε.Ε. (084175074),084175074,ΜΙΔΗ Ε.Ε Δ. ΤΣΙΜΠΙΔΑΡΟΣ ΚΑΙ ΣΙΑ  Ε.Ε. (084175074),779.96,,
9ΘΨΑ4690ΒΩ-ΥΔΘ,2026-04-16,ΕΝΤΑΛΜΑ ΠΛΗΡΩΜΗΣ Α.ΜΕΛΕΤΗΣ ΚΑΙ ΣΙΑ Ε.Ε. (802259160),802259160,Α.ΜΕΛΕΤΗΣ ΚΑΙ ΣΙΑ Ε.Ε. (802259160),186.0,,
ΨΑΩΑ4690ΒΩ-Ζ4Ο,2026-04-16,ΕΝΤΑΛΜΑ ΠΛΗΡΩΜΗΣ ΚΟΝΤΟΠΟΥΛΟΣ Φ.   ΣΙΑ ΟΕ (099999268),099999268,ΚΟΝΤΟΠΟΥΛΟΣ Φ.   ΣΙΑ ΟΕ (099999268),576.3,,
Ρ98Γ4690ΒΩ-ΟΩΕ,2026-04-16,ΕΝΤΑΛΜΑ ΠΛΗΡΩΜΗΣ ΚΑΖΑΝΑΣ ΑΘΑΝΑΣΙΟΣ ΜΟΝΟΠΡΟΣΩΠΗ Ε.Π.Ε. (998632706),998632706,ΚΑΖΑΝΑΣ ΑΘΑΝΑΣΙΟΣ ΜΟΝΟΠΡΟΣΩΠΗ Ε.Π.Ε. (998632706),476.16,,
ΨΥΡΥ4690ΒΩ-ΨΘΑ,2026-04-17,ΕΝΤΑΛΜΑ ΠΛΗΡΩΜΗΣ ΝΑΚΟΣ Η. Α.Ε (099220335),099220335,ΝΑΚΟΣ Η. Α.Ε (099220335),440.0,,
6ΜΘ84690ΒΩ-Β5Τ,2026-04-17,ΕΝΤΑΛΜΑ ΠΛΗΡΩΜΗΣ ΝΟΣΟΚΟΜΕΙΑΚΗ ΓΡΑΜΜΗ Α.Ε. HOSPITAL LINE (094396063),094396063,ΝΟΣΟΚΟΜΕΙΑΚΗ ΓΡΑΜΜΗ Α.Ε. HOSPITAL LINE (094396063),917.6,,
9ΜΣ14690ΒΩ-Ι0Τ,2026-04-17,ΕΝΤΑΛΜΑ ΠΛΗΡΩΜΗΣ ΠΕΤΡΟΣ ΑΓΑΠΙΟΥ ΜΑΚΡΙΔΗΣ ΟΕ (099412972),099412972,ΠΕΤΡΟΣ ΑΓΑΠΙΟΥ ΜΑΚΡΙΔΗΣ ΟΕ (099412972),375.72,,
Ψ0ΜΗ4690ΒΩ-95Υ,2026-04-21,ΕΝΤΑΛΜΑ ΠΛΗΡΩΜΗΣ ΒΙΟΠΡΟΜΗΘΕΥΤΙΚΗ ΜΟΝΟΠΡΟΣΩΠΗ  Ε.Π.Ε. (099007886),099007886,ΒΙΟΠΡΟΜΗΘΕΥΤΙΚΗ ΜΟΝΟΠΡΟΣΩΠΗ  Ε.Π.Ε. (099007886),168.82,,
ΡΞΚΧ4690ΒΩ-9ΨΓ,2026-06-15,ΕΝΤΑΛΜΑ ΠΛΗΡΩΜΗΣ MILIMED AE (997802230),997802230,MILIMED AE (997802230),3906.0,,
ΡΚΜΒ4690ΒΩ-ΟΡΟ,2026-06-15,ΕΝΤΑΛΜΑ ΠΛΗΡΩΜΗΣ ΜΑΥΡΟΓΕΝΗΣ ΑΝΑΣΤΑΣΙΟΣ ΑΕ ΙΑΤΡΟΤΕΧΝΟΛΟΓΙΚΑ ΕΙΔΗ (082525697),082525697,ΜΑΥΡΟΓΕΝΗΣ ΑΝΑΣΤΑΣΙΟΣ ΑΕ ΙΑΤΡΟΤΕΧΝΟΛΟΓΙΚΑ ΕΙΔΗ (082525697),15120.56,,
ΨΨ7Β4690ΒΩ-000,2026-06-15,ΕΝΤΑΛΜΑ ΠΛΗΡΩΜΗΣ MEDICARE HELLAS Α.Ε (095367968),095367968,MEDICARE HELLAS Α.Ε (095367968),9486.0,,
ΨΑΚΥ4690ΒΩ-ΥΛΝ,2026-06-15,ΕΝΤΑΛΜΑ ΠΛΗΡΩΜΗΣ ICON DYNAMICS ΙΑΤΡΙΚΑ ΜΗΧΑΝΗΜΑΤΑ ΙΚΕ (998860010),998860010,ICON DYNAMICS ΙΑΤΡΙΚΑ ΜΗΧΑΝΗΜΑΤΑ ΙΚΕ (998860010),17980.0,,
ΨΒΔ54690ΒΩ-ΥΨ0,2026-06-15,ΕΝΤΑΛΜΑ ΠΛΗΡΩΜΗΣ ΜΑΥΡΟΓΕΝΗΣ ΑΝΑΣΤΑΣΙΟΣ ΑΕ ΙΑΤΡΟΤΕΧΝΟΛΟΓΙΚΑ ΕΙΔΗ (082525697),082525697,ΜΑΥΡΟΓΕΝΗΣ ΑΝΑΣΤΑΣΙΟΣ ΑΕ ΙΑΤΡΟΤΕΧΝΟΛΟΓΙΚΑ ΕΙΔΗ (082525697),35377.2,,
ΡΞ3Μ4690ΒΩ-ΟΑΜ,2026-06-15,ΕΝΤΑΛΜΑ ΠΛΗΡΩΜΗΣ Ipirotiki Facility Services  Α.Ε. (998309282),998309282,Ipirotiki Facility Services  Α.Ε. (998309282),24911.6,,
ΨΧΑΩ4690ΒΩ-ΨΛΕ,2026-06-15,ΕΝΤΑΛΜΑ ΠΛΗΡΩΜΗΣ Ipirotiki Facility Services  Α.Ε. (998309282),998309282,Ipirotiki Facility Services  Α.Ε. (998309282),146673.52,,
Ψ60Μ4690ΒΩ-7ΩΩ,2026-06-10,ΕΝΤΑΛΜΑ ΠΛΗΡΩΜΗΣ ΜΠΑΚΕΛΑΣ Α.Ε. (800462221),800462221,ΜΠΑΚΕΛΑΣ Α.Ε. (800462221),5051.76,,
Ρ7Π64690ΒΩ-95Χ,2026-06-08,ΕΝΤΑΛΜΑ ΠΛΗΡΩΜΗΣ ΜΠΑΚΕΛΑΣ Α.Ε. (800462221),800462221,ΜΠΑΚΕΛΑΣ Α.Ε. (800462221),4664.88,,
9Λ9Σ4690ΒΩ-ΒΛΒ,2026-06-12,ΕΝΤΑΛΜΑ ΠΛΗΡΩΜΗΣ FRANTZIS CONSTRUCTION OE (801646818),801646818,FRANTZIS CONSTRUCTION OE (801646818),5185.27,,
ΨΘΩΧ4690ΒΩ-ΩΘΛ,2026-06-12,ΕΝΤΑΛΜΑ ΠΛΗΡΩΜΗΣ FRANTZIS CONSTRUCTION OE (801646818),801646818,FRANTZIS CONSTRUCTION OE (801646818),16258.88,,
97ΣΛ4690ΒΩ-ΖΡ7,2026-06-10,ΕΝΤΑΛΜΑ ΠΛΗΡΩΜΗΣ MEDTRONIC HELLAS SA (094498111),094498111,MEDTRONIC HELLAS SA (094498111),16264.0,,
631Μ4690ΒΩ-ΜΑΣ,2026-06-10,ΕΝΤΑΛΜΑ ΠΛΗΡΩΜΗΣ MINOPTA IKE (801310825),801310825,MINOPTA IKE (801310825),1240.0,,
9Υ374690ΒΩ-ΖΜΠ,2026-06-05,ΕΝΤΑΛΜΑ ΠΛΗΡΩΜΗΣ FRANTZIS CONSTRUCTION OE (801646818),801646818,FRANTZIS CONSTRUCTION OE (801646818),32145.63,,
ΨΠΙ54690ΒΩ-5Δ8,2026-06-05,ΕΝΤΑΛΜΑ ΠΛΗΡΩΜΗΣ FRANTZIS CONSTRUCTION OE (801646818),801646818,FRANTZIS CONSTRUCTION OE (801646818),146413.46,,
6Α7Φ4690ΒΩ-ΠΕ2,2026-06-09,ΕΝΤΑΛΜΑ ΠΛΗΡΩΜΗΣ ΦΙΛΙΠΣ  ΕΛΛΑΣ ΜΟΝΟΠΡΟΣΩΠΗ  Α.Ε.Β.Ε. (094014759),094014759,ΦΙΛΙΠΣ  ΕΛΛΑΣ ΜΟΝΟΠΡΟΣΩΠΗ  Α.Ε.Β.Ε. (094014759),28551.0,,
ΨΔΟ04690ΒΩ-136,2026-05-13,ΕΝΤΑΛΜΑ ΠΛΗΡΩΜΗΣ ΘΕΣΣΑΛΙΚΕΣ ΑΝΤΙΠΡΟΣΩΠΕΙΕΣ Ε.Π.Ε (095508794),095508794,ΘΕΣΣΑΛΙΚΕΣ ΑΝΤΙΠΡΟΣΩΠΕΙΕΣ Ε.Π.Ε (095508794),551.99,,
ΨΠ3Ρ4690ΒΩ-2ΥΔ,2026-05-13,ΕΝΤΑΛΜΑ ΠΛΗΡΩΜΗΣ ΣΟΦΙΑ  Ε. ΣΑΜΑΡΑ (067802931),067802931,ΣΟΦΙΑ  Ε. ΣΑΜΑΡΑ (067802931),3076.89,,
97Ζ84690ΒΩ-Τ2Θ,2026-05-13,ΕΝΤΑΛΜΑ ΠΛΗΡΩΜΗΣ FOODTRADE KARAKOUTAS IKE (801738031),801738031,FOODTRADE KARAKOUTAS IKE (801738031),8485.99,,
9Κ7Χ4690ΒΩ-ΣΕΑ,2026-05-12,ΕΝΤΑΛΜΑ ΠΛΗΡΩΜΗΣ ΑΙΓΑΙΟΝ  Ε.Π.Ε. (997565624),997565624,ΑΙΓΑΙΟΝ  Ε.Π.Ε. (997565624),1453.07,,
93664690ΒΩ-7ΑΒ,2026-05-21,ΕΝΤΑΛΜΑ ΠΛΗΡΩΜΗΣ MEDICIN Α.ΤΡΙΑΝΤΑΦΥΛΛΟΠΟΥΛΟΣ Ε.Ε. (800896490),800896490,MEDICIN Α.ΤΡΙΑΝΤΑΦΥΛΛΟΠΟΥΛΟΣ Ε.Ε. (800896490),136.4,,
ΨΟΧΨ4690ΒΩ-0ΩΞ,2026-05-19,ΕΝΤΑΛΜΑ ΠΛΗΡΩΜΗΣ MEDICARE HELLAS Α.Ε (095367968),095367968,MEDICARE HELLAS Α.Ε (095367968),558.0,,
68ΛΙ4690ΒΩ-9ΛΡ,2026-05-25,ΕΝΤΑΛΜΑ ΠΛΗΡΩΜΗΣ ΑΛΦΑ ΜΕΝΤΙΚΑΛ ΑΕΒΕ (095580571),095580571,ΑΛΦΑ ΜΕΝΤΙΚΑΛ ΑΕΒΕ (095580571),773.8,,
ΨΕΚΜ4690ΒΩ-Υ2Ξ,2026-04-23,ΕΝΤΑΛΜΑ ΠΛΗΡΩΜΗΣ ΚΟΣΜΙΔΗΣ  ΧΑΡ. ΠΕΤΡΟΣ     ΣΙΑ  Ε.Ε. (999685389),999685389,ΚΟΣΜΙΔΗΣ  ΧΑΡ. ΠΕΤΡΟΣ     ΣΙΑ  Ε.Ε. (999685389),79.5,,
68ΩΘ4690ΒΩ-95Ε,2026-04-22,ΕΝΤΑΛΜΑ ΠΛΗΡΩΜΗΣ ΝΕΑ ΔΙΑΓΝΩΣΤΙΚΗ ΔΙΑΣΤΑΣΗ Ε.Π.Ε (095618368),095618368,ΝΕΑ ΔΙΑΓΝΩΣΤΙΚΗ ΔΙΑΣΤΑΣΗ Ε.Π.Ε (095618368),96.46,,
63ΝΓ4690ΒΩ-ΚΣΕ,2026-04-24,ΕΝΤΑΛΜΑ ΠΛΗΡΩΜΗΣ ΠΛΗΡΟΦΟΡΙΚΗ ΕΛΛΑΔΟΣ Ε.Π.Ε (095659768),095659768,ΠΛΗΡΟΦΟΡΙΚΗ ΕΛΛΑΔΟΣ Ε.Π.Ε (095659768),744.0,,
9ΝΡΘ4690ΒΩ-3ΗΗ,2026-05-19,ΕΝΤΑΛΜΑ ΠΛΗΡΩΜΗΣ ΑΓΡΟΤΙΚΟΣ ΣΥΝΕΤΑΙΡΙΣΜΟΣ ΒΟΛΟΥ -ΕΒΟΛ (096000124),096000124,ΑΓΡΟΤΙΚΟΣ ΣΥΝΕΤΑΙΡΙΣΜΟΣ ΒΟΛΟΥ -ΕΒΟΛ (096000124),559.35,,
ΨΑΠ24690ΒΩ-05Φ,2026-06-09,ΕΝΤΑΛΜΑ ΠΛΗΡΩΜΗΣ ΦΙΛΙΠΣ  ΕΛΛΑΣ ΜΟΝΟΠΡΟΣΩΠΗ  Α.Ε.Β.Ε. (094014759),094014759,ΦΙΛΙΠΣ  ΕΛΛΑΣ ΜΟΝΟΠΡΟΣΩΠΗ  Α.Ε.Β.Ε. (094014759),12400.0,,
9ΕΗΥ4690ΒΩ-Ν5Β,2026-04-28,ΕΝΤΑΛΜΑ ΠΛΗΡΩΜΗΣ ΞΙΩΤΙΔΗΣ ΒΑΣΙΛΕΙΟΣ   ΣΙΑ ΕΕ   (ΕΒΡΟΣΟΦΤ) (999748725),999748725,ΞΙΩΤΙΔΗΣ ΒΑΣΙΛΕΙΟΣ   ΣΙΑ ΕΕ   (ΕΒΡΟΣΟΦΤ) (999748725),531.96,,
9ΞΞ94690ΒΩ-ΓΞ5,2026-06-10,ΕΝΤΑΛΜΑ ΠΛΗΡΩΜΗΣ ΛΙΝΤΕ ΕΛΛΑΣ ΜΟΝΟΠΡΟΣΩΠΗ Ε.Π.Ε (095167018),095167018,ΛΙΝΤΕ ΕΛΛΑΣ ΜΟΝΟΠΡΟΣΩΠΗ Ε.Π.Ε (095167018),25792.43,,
9ΡΗ34690ΒΩ-ΨΞ2,2026-06-10,ΕΝΤΑΛΜΑ ΠΛΗΡΩΜΗΣ ΛΙΝΤΕ ΕΛΛΑΣ ΜΟΝΟΠΡΟΣΩΠΗ Ε.Π.Ε (095167018),095167018,ΛΙΝΤΕ ΕΛΛΑΣ ΜΟΝΟΠΡΟΣΩΠΗ Ε.Π.Ε (095167018),585.28,,
ΨΙΚΗ4690ΒΩ-ΓΤΣ,2026-06-10,ΕΝΤΑΛΜΑ ΠΛΗΡΩΜΗΣ ΓΕΝΙΚΗ ΧΗΜΙΚΩΝ ΠΡΟΙΟΝΤΩΝ Α.Ε. (094133588),094133588,ΓΕΝΙΚΗ ΧΗΜΙΚΩΝ ΠΡΟΙΟΝΤΩΝ Α.Ε. (094133588),4749.7,,
6Α4Β4690ΒΩ-8Μ9,2026-06-10,ΕΝΤΑΛΜΑ ΠΛΗΡΩΜΗΣ ΓΕΝΙΚΗ ΧΗΜΙΚΩΝ ΠΡΟΙΟΝΤΩΝ Α.Ε. (094133588),094133588,ΓΕΝΙΚΗ ΧΗΜΙΚΩΝ ΠΡΟΙΟΝΤΩΝ Α.Ε. (094133588),11111.4,,
6Δ5Ω4690ΒΩ-ΒΛΚ,2026-05-14,ΕΝΤΑΛΜΑ ΠΛΗΡΩΜΗΣ ΤΡΑΠΕΖΑ  EUROBANK AE (094014250),094014250,ΤΡΑΠΕΖΑ  EUROBANK AE (094014250),1.2,,
6Ζ2Μ4690ΒΩ-ΧΥ0,2026-04-21,ΕΝΤΑΛΜΑ ΠΛΗΡΩΜΗΣ ΚΟΠΕΡ Α.Ε. (094007897),094007897,ΚΟΠΕΡ Α.Ε. (094007897),513.36,,
65ΗΣ4690ΒΩ-ΩΝ4,2026-04-30,ΕΝΤΑΛΜΑ ΠΛΗΡΩΜΗΣ IMPROVEMED  Ι.Κ.Ε. EMΠΟΡΙΟ-ΔΙΑΘΕΣΗ ΙΑΤΡΙΚΩΝ ΕΙΔΩΝ (800541285),800541285,IMPROVEMED  Ι.Κ.Ε. EMΠΟΡΙΟ-ΔΙΑΘΕΣΗ ΙΑΤΡΙΚΩΝ ΕΙΔΩΝ (800541285),791.0,,
ΨΤΕΡ4690ΒΩ-Ι7Η,2026-04-30,ΕΝΤΑΛΜΑ ΠΛΗΡΩΜΗΣ TELEFLEX MEDICAL ΕΛΛΑΣ (ARROW HELLAS AEE) (094429990),094429990,TELEFLEX MEDICAL ΕΛΛΑΣ (ARROW HELLAS AEE) (094429990),203.4,,
9Ω6Χ4690ΒΩ-ΞΡΑ,2026-05-19,ΕΝΤΑΛΜΑ ΠΛΗΡΩΜΗΣ ΜΑΥΡΟΓΕΝΗΣ ΑΝΑΣΤΑΣΙΟΣ ΑΕ ΙΑΤΡΟΤΕΧΝΟΛΟΓΙΚΑ ΕΙΔΗ (082525697),082525697,ΜΑΥΡΟΓΕΝΗΣ ΑΝΑΣΤΑΣΙΟΣ ΑΕ ΙΑΤΡΟΤΕΧΝΟΛΟΓΙΚΑ ΕΙΔΗ (082525697),2437.93,,
9ΕΨΝ4690ΒΩ-ΖΓΘ,2026-05-06,ΕΝΤΑΛΜΑ ΠΛΗΡΩΜΗΣ HIPPOKRATIS  A.E. (801043454),801043454,HIPPOKRATIS  A.E. (801043454),932.48,,
9Π294690ΒΩ-1ΥΦ,2026-06-09,ΕΝΤΑΛΜΑ ΠΛΗΡΩΜΗΣ MY SERVICES HUMAN RESOURCES AND SERCURITY ΑΝΩΝΥΜΗ ΕΤΑΙΡΕΙΑ (801114586),801114586,MY SERVICES HUMAN RESOURCES AND SERCURITY ΑΝΩΝΥΜΗ ΕΤΑΙΡΕΙΑ (801114586),12325.6,,
ΨΔΠΦ4690ΒΩ-ΟΝ5,2026-06-10,ΕΝΤΑΛΜΑ ΠΛΗΡΩΜΗΣ MEDTRONIC HELLAS SA (094498111),094498111,MEDTRONIC HELLAS SA (094498111),14611.0,,
9ΗΜΨ4690ΒΩ-ΩΣ0,2026-05-19,ΕΝΤΑΛΜΑ ΠΛΗΡΩΜΗΣ ΜΑΥΡΟΓΕΝΗΣ ΑΝΑΣΤΑΣΙΟΣ ΑΕ ΙΑΤΡΟΤΕΧΝΟΛΟΓΙΚΑ ΕΙΔΗ (082525697),082525697,ΜΑΥΡΟΓΕΝΗΣ ΑΝΑΣΤΑΣΙΟΣ ΑΕ ΙΑΤΡΟΤΕΧΝΟΛΟΓΙΚΑ ΕΙΔΗ (082525697),524.09,,
98Ι34690ΒΩ-ΡΤΒ,2026-04-20,ΕΝΤΑΛΜΑ ΠΛΗΡΩΜΗΣ ΑΝΑΓΝΩΣΤΟΥ ΧΡΙΣΤΟΔΟΥΛΟΣ   ΣΙΑ Ε.Ε. (800324752),800324752,ΑΝΑΓΝΩΣΤΟΥ ΧΡΙΣΤΟΔΟΥΛΟΣ   ΣΙΑ Ε.Ε. (800324752),894.4,,
9ΓΨΦ4690ΒΩ-ΖΦΨ,2026-05-21,ΕΝΤΑΛΜΑ ΠΛΗΡΩΜΗΣ Α.ΜΕΛΕΤΗΣ ΚΑΙ ΣΙΑ Ε.Ε. (802259160),802259160,Α.ΜΕΛΕΤΗΣ ΚΑΙ ΣΙΑ Ε.Ε. (802259160),725.4,,
ΡΩΡΧ4690ΒΩ-Ι3Θ,2026-05-19,ΕΝΤΑΛΜΑ ΠΛΗΡΩΜΗΣ ΑΙΓΑΙΟΝ  Ε.Π.Ε. (997565624),997565624,ΑΙΓΑΙΟΝ  Ε.Π.Ε. (997565624),178.99,,
ΨΠ174690ΒΩ-Ψ5Θ,2026-05-15,ΕΝΤΑΛΜΑ ΠΛΗΡΩΜΗΣ ΒΑΡΕΛΑΣ Α.Ε. (094047060),094047060,ΒΑΡΕΛΑΣ Α.Ε. (094047060),286.2,,
ΡΥΧΑ4690ΒΩ-78Π,2026-04-30,ΕΝΤΑΛΜΑ ΠΛΗΡΩΜΗΣ ΚΟΣΜΙΔΗΣ  ΧΑΡ. ΠΕΤΡΟΣ     ΣΙΑ  Ε.Ε. (999685389),999685389,ΚΟΣΜΙΔΗΣ  ΧΑΡ. ΠΕΤΡΟΣ     ΣΙΑ  Ε.Ε. (999685389),821.02,,
ΨΓΥ94690ΒΩ-ΟΓΧ,2026-05-07,ΕΝΤΑΛΜΑ ΠΛΗΡΩΜΗΣ ΘΕΣΣΑΛΙΚΕΣ ΑΝΤΙΠΡΟΣΩΠΕΙΕΣ Ε.Π.Ε (095508794),095508794,ΘΕΣΣΑΛΙΚΕΣ ΑΝΤΙΠΡΟΣΩΠΕΙΕΣ Ε.Π.Ε (095508794),403.01,,
9ΝΤ74690ΒΩ-Ξ0Ρ,2026-06-04,ΕΝΤΑΛΜΑ ΠΛΗΡΩΜΗΣ MEDICARE HELLAS Α.Ε (095367968),095367968,MEDICARE HELLAS Α.Ε (095367968),449.18,,
945Η4690ΒΩ-ΕΩ5,2026-04-22,ΕΝΤΑΛΜΑ ΠΛΗΡΩΜΗΣ ΝΕΑ ΔΙΑΓΝΩΣΤΙΚΗ ΔΙΑΣΤΑΣΗ Ε.Π.Ε (095618368),095618368,ΝΕΑ ΔΙΑΓΝΩΣΤΙΚΗ ΔΙΑΣΤΑΣΗ Ε.Π.Ε (095618368),1711.37,,
98ΤΚ4690ΒΩ-ΚΥ3,2026-04-24,ΕΝΤΑΛΜΑ ΠΛΗΡΩΜΗΣ DIACHEL ΔΙΑΓΝΩΣΤΙΚΑ - ΧΗΜΙΚΗ ΟΡΓΑΝΟΛΟΓΙΑ  AE (095341314),095341314,DIACHEL ΔΙΑΓΝΩΣΤΙΚΑ - ΧΗΜΙΚΗ ΟΡΓΑΝΟΛΟΓΙΑ  AE (095341314),1355.47,,
ΨΡΞ54690ΒΩ-Ο2Ω,2026-05-22,ΕΝΤΑΛΜΑ ΠΛΗΡΩΜΗΣ FOODTRADE KARAKOUTAS IKE (801738031),801738031,FOODTRADE KARAKOUTAS IKE (801738031),1034.67,,
9ΓΙΗ4690ΒΩ-ΝΣ9,2026-06-03,ΕΝΤΑΛΜΑ ΠΛΗΡΩΜΗΣ MEDIPLAT ΕΠΕ (800500360),800500360,MEDIPLAT ΕΠΕ (800500360),5489.54,,
9ΝΖΜ4690ΒΩ-Φ76,2026-06-03,ΕΝΤΑΛΜΑ ΠΛΗΡΩΜΗΣ ΑΝΤΙ-ΣΕΛ ΑΦΟΙ A.ΣΕΛΙΔΗ A.Ε. (091569759),091569759,ΑΝΤΙ-ΣΕΛ ΑΦΟΙ A.ΣΕΛΙΔΗ A.Ε. (091569759),7282.2,,
9Β1Χ4690ΒΩ-Θ17,2026-06-05,ΕΝΤΑΛΜΑ ΠΛΗΡΩΜΗΣ ΛΟΥΛΟΥΔΗΣ ΛΕΩΝΙΔΑΣ ΜΟΝΟΠΡΟΣΩΠΗ Ι.Κ.Ε. (801458499),801458499,ΛΟΥΛΟΥΔΗΣ ΛΕΩΝΙΔΑΣ ΜΟΝΟΠΡΟΣΩΠΗ Ι.Κ.Ε. (801458499),35960.0,,
9Η4Φ4690ΒΩ-ΗΥΕ,2026-05-12,ΕΝΤΑΛΜΑ ΠΛΗΡΩΜΗΣ ΕΝΟΡΑΣΙΣ Α.Ε. (094503580),094503580,ΕΝΟΡΑΣΙΣ Α.Ε. (094503580),9211.4,,
ΡΜ124690ΒΩ-ΠΓΒ,2026-06-05,ΕΝΤΑΛΜΑ ΠΛΗΡΩΜΗΣ ΛΟΥΛΟΥΔΗΣ ΛΕΩΝΙΔΑΣ ΜΟΝΟΠΡΟΣΩΠΗ Ι.Κ.Ε. (801458499),801458499,ΛΟΥΛΟΥΔΗΣ ΛΕΩΝΙΔΑΣ ΜΟΝΟΠΡΟΣΩΠΗ Ι.Κ.Ε. (801458499),60760.0,,
ΨΧΥ94690ΒΩ-ΟΨΟ,2026-06-05,ΕΝΤΑΛΜΑ ΠΛΗΡΩΜΗΣ AAF-ΕΛΕΓΧΟΥ ΠΕΡΙΒΑΛΛΟΝΤΟΣ ΜΟΝ/ΠΗ ΕΠΕ (095076540),095076540,AAF-ΕΛΕΓΧΟΥ ΠΕΡΙΒΑΛΛΟΝΤΟΣ ΜΟΝ/ΠΗ ΕΠΕ (095076540),7836.8,,
9ΜΦ54690ΒΩ-Ο9Θ,2026-06-04,ΕΝΤΑΛΜΑ ΠΛΗΡΩΜΗΣ ΚΟΡΦΙΑΤΗΣ Α.   ΣΙΑ Ε.Ε (082261313),082261313,ΚΟΡΦΙΑΤΗΣ Α.   ΣΙΑ Ε.Ε (082261313),47988.0,,
96024690ΒΩ-Χ72,2026-06-05,ΕΝΤΑΛΜΑ ΠΛΗΡΩΜΗΣ ΚΡΑΒΑΡΙΤΗΣ SOLUTIONS (802838003),802838003,ΚΡΑΒΑΡΙΤΗΣ SOLUTIONS (802838003),3999.0,,
ΡΨ6Θ4690ΒΩ-Ι97,2026-06-05,ΕΝΤΑΛΜΑ ΠΛΗΡΩΜΗΣ ΤΕΜΑΚ Α.Ε.Τ.Ε. (094373941),094373941,ΤΕΜΑΚ Α.Ε.Τ.Ε. (094373941),4327.61,,
ΨΔΔΥ4690ΒΩ-ΜΘΒ,2026-06-03,ΕΝΤΑΛΜΑ ΠΛΗΡΩΜΗΣ CLINILAB  Α.   Ε. ΜΠΕΚΥΡΑΣ Α.Ε (095548153),095548153,CLINILAB  Α.   Ε. ΜΠΕΚΥΡΑΣ Α.Ε (095548153),4308.69,,
93ΜΣ4690ΒΩ-ΟΕΕ,2026-06-03,ΕΝΤΑΛΜΑ ΠΛΗΡΩΜΗΣ CLINILAB  Α.   Ε. ΜΠΕΚΥΡΑΣ Α.Ε (095548153),095548153,CLINILAB  Α.   Ε. ΜΠΕΚΥΡΑΣ Α.Ε (095548153),4440.23,,
9ΨΧ94690ΒΩ-Ψ1Σ,2026-06-03,ΕΝΤΑΛΜΑ ΠΛΗΡΩΜΗΣ CLINILAB  Α.   Ε. ΜΠΕΚΥΡΑΣ Α.Ε (095548153),095548153,CLINILAB  Α.   Ε. ΜΠΕΚΥΡΑΣ Α.Ε (095548153),4287.68,,
ΨΜΦΓ4690ΒΩ-ΚΤΣ,2026-06-03,ΕΝΤΑΛΜΑ ΠΛΗΡΩΜΗΣ CLINILAB  Α.   Ε. ΜΠΕΚΥΡΑΣ Α.Ε (095548153),095548153,CLINILAB  Α.   Ε. ΜΠΕΚΥΡΑΣ Α.Ε (095548153),5453.38,,
93ΔΩ4690ΒΩ-ΝΟΤ,2026-06-03,ΕΝΤΑΛΜΑ ΠΛΗΡΩΜΗΣ CLINILAB  Α.   Ε. ΜΠΕΚΥΡΑΣ Α.Ε (095548153),095548153,CLINILAB  Α.   Ε. ΜΠΕΚΥΡΑΣ Α.Ε (095548153),2918.12,,
ΡΕΗΞ4690ΒΩ-4ΑΛ,2026-06-04,ΕΝΤΑΛΜΑ ΠΛΗΡΩΜΗΣ AXION HEALTH ΕΜΠΟΡΙΑ IAΤΡΟΦΑΡΜΑΚΕΥΤΙΚΗ ΠΡΟΙΟΝΤΩΝ ΚΑΛΛΥΝΤΙΚΩΝ ΕΠΕ (800384318),800384318,AXION HEALTH ΕΜΠΟΡΙΑ IAΤΡΟΦΑΡΜΑΚΕΥΤΙΚΗ ΠΡΟΙΟΝΤΩΝ ΚΑΛΛΥΝΤΙΚΩΝ ΕΠΕ (800384318),12356.55,,
ΡΓΛ34690ΒΩ-ΖΕΚ,2026-06-04,ΕΝΤΑΛΜΑ ΠΛΗΡΩΜΗΣ ΜΑΥΡΟΓΕΝΗΣ ΑΝΑΣΤΑΣΙΟΣ ΑΕ ΙΑΤΡΟΤΕΧΝΟΛΟΓΙΚΑ ΕΙΔΗ (082525697),082525697,ΜΑΥΡΟΓΕΝΗΣ ΑΝΑΣΤΑΣΙΟΣ ΑΕ ΙΑΤΡΟΤΕΧΝΟΛΟΓΙΚΑ ΕΙΔΗ (082525697),21842.97,,
ΨΖ644690ΒΩ-ΘΩΠ,2026-06-05,ΕΝΤΑΛΜΑ ΠΛΗΡΩΜΗΣ ΣΑΜΑΡΑΣ ΓΕΩΡΓΙΟΣ ΑΒΕΕ (094373861),094373861,ΣΑΜΑΡΑΣ ΓΕΩΡΓΙΟΣ ΑΒΕΕ (094373861),5524.2,,
683Τ4690ΒΩ-Β53,2026-06-03,ΕΝΤΑΛΜΑ ΠΛΗΡΩΜΗΣ ΚΑΖΑΡΙΑΝ ΚΩΝΣΤΑΝΤΙΝΟΣ (061367978),061367978,ΚΑΖΑΡΙΑΝ ΚΩΝΣΤΑΝΤΙΝΟΣ (061367978),1860.0,,
Ψ8Η44690ΒΩ-ΜΓΗ,2026-06-05,ΕΝΤΑΛΜΑ ΠΛΗΡΩΜΗΣ ΣΑΜΑΡΑΣ ΓΕΩΡΓΙΟΣ ΑΒΕΕ (094373861),094373861,ΣΑΜΑΡΑΣ ΓΕΩΡΓΙΟΣ ΑΒΕΕ (094373861),744.0,,
638Ψ4690ΒΩ-ΧΜΧ,2026-06-05,ΕΝΤΑΛΜΑ ΠΛΗΡΩΜΗΣ ΚΑΖΑΡΙΑΝ ΚΩΝΣΤΑΝΤΙΝΟΣ (061367978),061367978,ΚΑΖΑΡΙΑΝ ΚΩΝΣΤΑΝΤΙΝΟΣ (061367978),3422.4,,
ΨΡ5Ι4690ΒΩ-34Ε,2026-06-05,ΕΝΤΑΛΜΑ ΠΛΗΡΩΜΗΣ ΚΑΖΑΡΙΑΝ ΚΩΝΣΤΑΝΤΙΝΟΣ (061367978),061367978,ΚΑΖΑΡΙΑΝ ΚΩΝΣΤΑΝΤΙΝΟΣ (061367978),868.0,,
ΨΑΟΞ4690ΒΩ-3Φ3,2026-06-03,ΕΝΤΑΛΜΑ ΠΛΗΡΩΜΗΣ ΚΑΖΑΡΙΑΝ ΚΩΝΣΤΑΝΤΙΝΟΣ (061367978),061367978,ΚΑΖΑΡΙΑΝ ΚΩΝΣΤΑΝΤΙΝΟΣ (061367978),4588.0,,
9Γ9Α4690ΒΩ-ΗΨΝ,2026-05-07,ΕΝΤΑΛΜΑ ΠΛΗΡΩΜΗΣ NUMIL HELLAS  Α.Ε. (094446311),094446311,NUMIL HELLAS  Α.Ε. (094446311),2020.2,,
9Β3Λ4690ΒΩ-205,2026-06-04,ΕΝΤΑΛΜΑ ΠΛΗΡΩΜΗΣ FRANTZIS CONSTRUCTION OE (801646818),801646818,FRANTZIS CONSTRUCTION OE (801646818),3387.77,,
91ΚΑ4690ΒΩ-ΨΔΩ,2026-06-04,ΕΝΤΑΛΜΑ ΠΛΗΡΩΜΗΣ FRANTZIS CONSTRUCTION OE (801646818),801646818,FRANTZIS CONSTRUCTION OE (801646818),1196.24,,
6ΧΤ34690ΒΩ-1Α7,2026-06-04,ΕΝΤΑΛΜΑ ΠΛΗΡΩΜΗΣ FRANTZIS CONSTRUCTION OE (801646818),801646818,FRANTZIS CONSTRUCTION OE (801646818),7068.0,,
9ΒΡ14690ΒΩ-Η62,2026-06-04,ΕΝΤΑΛΜΑ ΠΛΗΡΩΜΗΣ FRANTZIS CONSTRUCTION OE (801646818),801646818,FRANTZIS CONSTRUCTION OE (801646818),355.93,,
62ΧΗ4690ΒΩ-ΟΒΩ,2026-06-04,ΕΝΤΑΛΜΑ ΠΛΗΡΩΜΗΣ FRANTZIS CONSTRUCTION OE (801646818),801646818,FRANTZIS CONSTRUCTION OE (801646818),15314.0,,
Ρ7Ο04690ΒΩ-4Ω9,2026-06-04,ΕΝΤΑΛΜΑ ΠΛΗΡΩΜΗΣ FRANTZIS CONSTRUCTION OE (801646818),801646818,FRANTZIS CONSTRUCTION OE (801646818),5255.81,,
Ψ9Υ74690ΒΩ-ΧΑΤ,2026-04-30,ΕΝΤΑΛΜΑ ΠΛΗΡΩΜΗΣ SANIMED-ΜΑΡΙΝΑ ΓΕΩΡΓΑΚΗ   ΣΙΑ Ε.Ε (999324154),999324154,SANIMED-ΜΑΡΙΝΑ ΓΕΩΡΓΑΚΗ   ΣΙΑ Ε.Ε (999324154),1328.88,,
9ΤΓ64690ΒΩ-0ΔΒ,2026-05-13,ΕΝΤΑΛΜΑ ΠΛΗΡΩΜΗΣ ΤΖΑΛΑΚΑΣ  ΑΘΑΝΑΣΙΟΣ (141944657),141944657,ΤΖΑΛΑΚΑΣ  ΑΘΑΝΑΣΙΟΣ (141944657),305.4,,
ΨΠΤΒ4690ΒΩ-Α0Α,2026-06-03,ΕΝΤΑΛΜΑ ΠΛΗΡΩΜΗΣ ΤΡΑΠΕΖΑ  EUROBANK AE (094014250),094014250,ΤΡΑΠΕΖΑ  EUROBANK AE (094014250),1.2,,
ΨΑ434690ΒΩ-5Β9,2026-05-25,ΕΝΤΑΛΜΑ ΠΛΗΡΩΜΗΣ ΑΛΦΑ ΜΕΝΤΙΚΑΛ ΑΕΒΕ (095580571),095580571,ΑΛΦΑ ΜΕΝΤΙΚΑΛ ΑΕΒΕ (095580571),3937.9,,
ΨΗΟΗ4690ΒΩ-525,2026-05-19,ΕΝΤΑΛΜΑ ΠΛΗΡΩΜΗΣ INNOVIS MEDICAL DEVICES ΜΑΕ (801944625),801944625,INNOVIS MEDICAL DEVICES ΜΑΕ (801944625),2486.0,,
ΨΘΔΤ4690ΒΩ-Μ3Χ,2026-05-19,ΕΝΤΑΛΜΑ ΠΛΗΡΩΜΗΣ ΤΡΑΠΕΖΑ  EUROBANK AE (094014250),094014250,ΤΡΑΠΕΖΑ  EUROBANK AE (094014250),1.2,,
Ψ0ΤΓ4690ΒΩ-ΟΡΕ,2026-05-21,ΕΝΤΑΛΜΑ ΠΛΗΡΩΜΗΣ MEDICIN Α.ΤΡΙΑΝΤΑΦΥΛΛΟΠΟΥΛΟΣ Ε.Ε. (800896490),800896490,MEDICIN Α.ΤΡΙΑΝΤΑΦΥΛΛΟΠΟΥΛΟΣ Ε.Ε. (800896490),1811.41,,
628Γ4690ΒΩ-Ε1Ζ,2026-04-30,ΕΝΤΑΛΜΑ ΠΛΗΡΩΜΗΣ DUCASCO ΔΟΥPΜΟΥΣΟΓΛΟΥ α.ε.β.ε (999640490),999640490,DUCASCO ΔΟΥPΜΟΥΣΟΓΛΟΥ α.ε.β.ε (999640490),1507.42,,
9Κ6Ζ4690ΒΩ-ΘΡΛ,2026-04-17,ΕΝΤΑΛΜΑ ΠΛΗΡΩΜΗΣ ΑΤΛΑΣ ΜΕΝΤΙΚΑΛ ΑΕ (998413964),998413964,ΑΤΛΑΣ ΜΕΝΤΙΚΑΛ ΑΕ (998413964),3581.42,,
9Σ9Θ4690ΒΩ-Ι42,2026-04-17,ΕΝΤΑΛΜΑ ΠΛΗΡΩΜΗΣ AEGLI MEDICAL OPTICS  A.Ε. (094429222),094429222,AEGLI MEDICAL OPTICS  A.Ε. (094429222),3390.0,,
9ΥΔΓ4690ΒΩ-Ο7Π,2026-04-28,ΕΝΤΑΛΜΑ ΠΛΗΡΩΜΗΣ ΙΑΚΩΒΙΔΗΣ Μ. Σ. ΕΛΛΑΣ Α.Ε. (095186426),095186426,ΙΑΚΩΒΙΔΗΣ Μ. Σ. ΕΛΛΑΣ Α.Ε. (095186426),1178.0,,
6ΧΧΤ4690ΒΩ-4Δ3,2026-05-05,ΕΝΤΑΛΜΑ ΠΛΗΡΩΜΗΣ ΜΑΥΡΟΓΕΝΗΣ ΑΝΑΣΤΑΣΙΟΣ ΑΕ ΙΑΤΡΟΤΕΧΝΟΛΟΓΙΚΑ ΕΙΔΗ (082525697),082525697,ΜΑΥΡΟΓΕΝΗΣ ΑΝΑΣΤΑΣΙΟΣ ΑΕ ΙΑΤΡΟΤΕΧΝΟΛΟΓΙΚΑ ΕΙΔΗ (082525697),4047.66,,
902Ζ4690ΒΩ-ΨΒΜ,2026-06-03,ΕΝΤΑΛΜΑ ΠΛΗΡΩΜΗΣ ΜΕΝΤΙΣΑΠ ΑΕ (094447320),094447320,ΜΕΝΤΙΣΑΠ ΑΕ (094447320),6919.67,,
Ψ3ΑΒ4690ΒΩ-ΗΤ4,2026-06-04,ΕΝΤΑΛΜΑ ΠΛΗΡΩΜΗΣ FRANTZIS CONSTRUCTION OE (801646818),801646818,FRANTZIS CONSTRUCTION OE (801646818),13144.0,,
ΨΤΛ94690ΒΩ-5ΨΙ,2026-06-04,ΕΝΤΑΛΜΑ ΠΛΗΡΩΜΗΣ FRANTZIS CONSTRUCTION OE (801646818),801646818,FRANTZIS CONSTRUCTION OE (801646818),3186.3,,
ΡΒ9Ρ4690ΒΩ-ΣΛΖ,2026-06-04,ΕΝΤΑΛΜΑ ΠΛΗΡΩΜΗΣ FRANTZIS CONSTRUCTION OE (801646818),801646818,FRANTZIS CONSTRUCTION OE (801646818),4803.91,,
9Υ374690ΒΩ-ΓΧΕ,2026-06-04,ΕΝΤΑΛΜΑ ΠΛΗΡΩΜΗΣ FRANTZIS CONSTRUCTION OE (801646818),801646818,FRANTZIS CONSTRUCTION OE (801646818),19429.6,,
98ΗΥ4690ΒΩ-ΟΒ3,2026-04-17,ΕΝΤΑΛΜΑ ΠΛΗΡΩΜΗΣ MEDIPRIME ΙΑΤΡΟΦΑΡΜ.ΕΙΔΩΝ Α.Ε.Ε. (998283526),998283526,MEDIPRIME ΙΑΤΡΟΦΑΡΜ.ΕΙΔΩΝ Α.Ε.Ε. (998283526),3784.2,,
ΨΣΠ94690ΒΩ-9ΧΡ,2026-05-25,ΕΝΤΑΛΜΑ ΠΛΗΡΩΜΗΣ ABBOTT LABORATORIES  ΕΛΛΑΣ  Α.Β.Ε.Ε. (094027257),094027257,ABBOTT LABORATORIES  ΕΛΛΑΣ  Α.Β.Ε.Ε. (094027257),22568.98,,
ΨΜ9Ξ4690ΒΩ-ΣΣΛ,2026-06-04,ΕΝΤΑΛΜΑ ΠΛΗΡΩΜΗΣ CARRIER Ν.ΑΝ.ΕΥΡΩΠΗΣ ΚΛΙΜ/ΣΜΟΥ Α.Ε. (094438519),094438519,CARRIER Ν.ΑΝ.ΕΥΡΩΠΗΣ ΚΛΙΜ/ΣΜΟΥ Α.Ε. (094438519),6911.49,,
ΨΛΨΖ4690ΒΩ-ΧΥΓ,2026-06-04,ΕΝΤΑΛΜΑ ΠΛΗΡΩΜΗΣ CARRIER Ν.ΑΝ.ΕΥΡΩΠΗΣ ΚΛΙΜ/ΣΜΟΥ Α.Ε. (094438519),094438519,CARRIER Ν.ΑΝ.ΕΥΡΩΠΗΣ ΚΛΙΜ/ΣΜΟΥ Α.Ε. (094438519),16675.52,,
ΨΦΑΣ4690ΒΩ-ΥΛ9,2026-06-04,ΕΝΤΑΛΜΑ ΠΛΗΡΩΜΗΣ CARRIER Ν.ΑΝ.ΕΥΡΩΠΗΣ ΚΛΙΜ/ΣΜΟΥ Α.Ε. (094438519),094438519,CARRIER Ν.ΑΝ.ΕΥΡΩΠΗΣ ΚΛΙΜ/ΣΜΟΥ Α.Ε. (094438519),503.76,,
9Θ8Τ4690ΒΩ-9Κ7,2026-06-03,ΕΝΤΑΛΜΑ ΠΛΗΡΩΜΗΣ MY SERVICES HUMAN RESOURCES AND SERCURITY ΑΝΩΝΥΜΗ ΕΤΑΙΡΕΙΑ (801114586),801114586,MY SERVICES HUMAN RESOURCES AND SERCURITY ΑΝΩΝΥΜΗ ΕΤΑΙΡΕΙΑ (801114586),37193.8,,
ΨΥΘΝ4690ΒΩ-ΖΔΚ,2026-05-13,ΕΝΤΑΛΜΑ ΠΛΗΡΩΜΗΣ ΤΣΑΓΚΑΛΗΣ ΑΝΤΩΝΙΟΣ τ. ΒΑΣΙΛΕΙΟΥ (051790865),051790865,ΤΣΑΓΚΑΛΗΣ ΑΝΤΩΝΙΟΣ τ. ΒΑΣΙΛΕΙΟΥ (051790865),1250.0,,
ΡΗΜΘ4690ΒΩ-4ΝΨ,2026-05-13,ΕΝΤΑΛΜΑ ΠΛΗΡΩΜΗΣ ΑΠΟΣΤΟΛΟΠΟΥΛΟΣ ΔΗΜΗΤΡΙΟΣ τ. ΝΙΚΟΛΑΟΥ (136828572),136828572,ΑΠΟΣΤΟΛΟΠΟΥΛΟΣ ΔΗΜΗΤΡΙΟΣ τ. ΝΙΚΟΛΑΟΥ (136828572),2000.0,,
99Ψ64690ΒΩ-9ΓΩ,2026-05-14,ΕΝΤΑΛΜΑ ΠΛΗΡΩΜΗΣ ΚΑΡΑΓΚΟΥΝΗΣ ΠΑΝΑΓΙΩΤΗΣ τ. ΔΗΜΟΥ (034322654),034322654,ΚΑΡΑΓΚΟΥΝΗΣ ΠΑΝΑΓΙΩΤΗΣ τ. ΔΗΜΟΥ (034322654),1812.7,,
9Ο1Ν4690ΒΩ-2ΜΞ,2026-05-13,ΕΝΤΑΛΜΑ ΠΛΗΡΩΜΗΣ ΡΟΥΜΠΟΣ ΝΙΚΟΛΑΟΣ τ. ΙΩΑΝΝΗ (050588536),050588536,ΡΟΥΜΠΟΣ ΝΙΚΟΛΑΟΣ τ. ΙΩΑΝΝΗ (050588536),1000.0,,
627Φ4690ΒΩ-3Θ1,2026-05-15,ΕΝΤΑΛΜΑ ΠΛΗΡΩΜΗΣ ΘΑΝΟΠΟΥΛΟΥ ΒΑΣΙΛΙΚΗ τ. ΔΗΜΗΤΡΙΟΥ (120430983),120430983,ΘΑΝΟΠΟΥΛΟΥ ΒΑΣΙΛΙΚΗ τ. ΔΗΜΗΤΡΙΟΥ (120430983),500.0,,
92ΟΩ4690ΒΩ-ΘΧ0,2026-05-07,ΕΝΤΑΛΜΑ ΠΛΗΡΩΜΗΣ Ν.ΝΑΥΡΙΝΙΑΔΗΣ ΚΑΙ ΣΙΑ ΕΕ (998524941),998524941,Ν.ΝΑΥΡΙΝΙΑΔΗΣ ΚΑΙ ΣΙΑ ΕΕ (998524941),1132.26,,
ΨΘΣ24690ΒΩ-4ΝΡ,2026-05-05,ΕΝΤΑΛΜΑ ΠΛΗΡΩΜΗΣ ATRON HEALTH A.E. (800519113),800519113,ATRON HEALTH A.E. (800519113),3356.1,,
Ρ6ΝΕ4690ΒΩ-ΜΟΝ,2026-05-05,ΕΝΤΑΛΜΑ ΠΛΗΡΩΜΗΣ ΤΡΑΠΕΖΑ  EUROBANK AE (094014250),094014250,ΤΡΑΠΕΖΑ  EUROBANK AE (094014250),1.2,,
977Ι4690ΒΩ-ΨΝ2,2026-05-13,ΕΝΤΑΛΜΑ ΠΛΗΡΩΜΗΣ MAXMED ΙΑΤΡΟΤΕΧΝΟΛΟΓΙΚΑ ΠΡΟΙΟΝΤΑ Ε.Ε. (801269191),801269191,MAXMED ΙΑΤΡΟΤΕΧΝΟΛΟΓΙΚΑ ΠΡΟΙΟΝΤΑ Ε.Ε. (801269191),3224.0,,
96Υ54690ΒΩ-Λ9Μ,2026-05-27,ΕΝΤΑΛΜΑ ΠΛΗΡΩΜΗΣ ΑΓΚΦΑ-ΓΚΕΒΕΡΤ ΜΟΝ/ΠΗ ΑΕΒΕ (ΠΡΩΗΝ ΑΓΚΦΑ ΓΚΕΒΕΡΤ ΑΕΒΕ) (094025805),094025805,ΑΓΚΦΑ-ΓΚΕΒΕΡΤ ΜΟΝ/ΠΗ ΑΕΒΕ (ΠΡΩΗΝ ΑΓΚΦΑ ΓΚΕΒΕΡΤ ΑΕΒΕ) (094025805),6045.0,,
Ψ3ΚΩ4690ΒΩ-ΒΡΨ,2026-05-29,ΕΝΤΑΛΜΑ ΠΛΗΡΩΜΗΣ MEDICARE HELLAS Α.Ε (095367968),095367968,MEDICARE HELLAS Α.Ε (095367968),4650.0,,
90Φ04690ΒΩ-Ι89,2026-05-25,ΕΝΤΑΛΜΑ ΠΛΗΡΩΜΗΣ MENARINI ΔΙΑΓΝΩΣΤΙΚΑ-ΙΑΤΡ.ΟΡΓΑΝΑ ΑΕΒΕ (094322455),094322455,MENARINI ΔΙΑΓΝΩΣΤΙΚΑ-ΙΑΤΡ.ΟΡΓΑΝΑ ΑΕΒΕ (094322455),1596.15,,
911Β4690ΒΩ-ΝΗΟ,2026-05-25,ΕΝΤΑΛΜΑ ΠΛΗΡΩΜΗΣ Α.ΔΕΡΒΟΣ-Γ.ΔΗΜΗΤΡΑΚΟΠΟΥΛΟΣ κ.ΣΙΑ Α.Ε. (099518023),099518023,Α.ΔΕΡΒΟΣ-Γ.ΔΗΜΗΤΡΑΚΟΠΟΥΛΟΣ κ.ΣΙΑ Α.Ε. (099518023),1452.34,,
900Ρ4690ΒΩ-ΙΝΟ,2026-05-28,ΕΝΤΑΛΜΑ ΠΛΗΡΩΜΗΣ ΑΝΤΙ-ΣΕΛ ΑΦΟΙ A.ΣΕΛΙΔΗ A.Ε. (091569759),091569759,ΑΝΤΙ-ΣΕΛ ΑΦΟΙ A.ΣΕΛΙΔΗ A.Ε. (091569759),18600.0,,
942Λ4690ΒΩ-ΗΜΕ,2026-05-05,ΕΝΤΑΛΜΑ ΠΛΗΡΩΜΗΣ ΜΑΥΡΟΓΕΝΗΣ ΑΝΑΣΤΑΣΙΟΣ ΑΕ ΙΑΤΡΟΤΕΧΝΟΛΟΓΙΚΑ ΕΙΔΗ (082525697),082525697,ΜΑΥΡΟΓΕΝΗΣ ΑΝΑΣΤΑΣΙΟΣ ΑΕ ΙΑΤΡΟΤΕΧΝΟΛΟΓΙΚΑ ΕΙΔΗ (082525697),4857.19,,
ΨΖΡΝ4690ΒΩ-ΠΗΗ,2026-04-24,ΕΝΤΑΛΜΑ ΠΛΗΡΩΜΗΣ ΑΝΤΙ-ΣΕΛ ΑΦΟΙ A.ΣΕΛΙΔΗ A.Ε. (091569759),091569759,ΑΝΤΙ-ΣΕΛ ΑΦΟΙ A.ΣΕΛΙΔΗ A.Ε. (091569759),1367.4,,
Ρ63Ν4690ΒΩ-Ω2Δ,2026-04-24,ΕΝΤΑΛΜΑ ΠΛΗΡΩΜΗΣ ΒΑΡΕΛΑΣ Α.Ε. (094047060),094047060,ΒΑΡΕΛΑΣ Α.Ε. (094047060),1431.0,,
ΨΞ3Ε4690ΒΩ-57Ζ,2026-05-25,ΕΝΤΑΛΜΑ ΠΛΗΡΩΜΗΣ ΑΛΦΑ ΜΕΝΤΙΚΑΛ ΑΕΒΕ (095580571),095580571,ΑΛΦΑ ΜΕΝΤΙΚΑΛ ΑΕΒΕ (095580571),1139.5,,
9ΡΧ24690ΒΩ-Ξ7Β,2026-05-28,ΕΝΤΑΛΜΑ ΠΛΗΡΩΜΗΣ ΠΗΓΑΣΟΣ ΙΑΤΡΙΚΟΣ ΚΑΙ ΕΠΙΣΤΗΜΟΝΙΚΟΣ ΕΞΟΠΛΙΣΜΟΣ Α.Ε. (800738217),800738217,ΠΗΓΑΣΟΣ ΙΑΤΡΙΚΟΣ ΚΑΙ ΕΠΙΣΤΗΜΟΝΙΚΟΣ ΕΞΟΠΛΙΣΜΟΣ Α.Ε. (800738217),2925.6,,
ΨΜΣ94690ΒΩ-ΤΔΠ,2026-06-02,ΕΝΤΑΛΜΑ ΠΛΗΡΩΜΗΣ Δ.Ε.Η.  ΒΟΛΟΥ (090000045),090000045,Δ.Ε.Η.  ΒΟΛΟΥ (090000045),1457210.0,,
Ψ19Ρ4690ΒΩ-Η3Ρ,2026-05-29,ΕΝΤΑΛΜΑ ΠΛΗΡΩΜΗΣ ΤΡΑΠΕΖΑ ΕΛΛΑΔΟΣ (094014213),094014213,ΤΡΑΠΕΖΑ ΕΛΛΑΔΟΣ (094014213),55.7,,
ΕΟΗΩ4690ΒΩ-584,2026-05-29,ΕΝΤΑΛΜΑ ΠΛΗΡΩΜΗΣ ΤΡΑΠΕΖΑ  EUROBANK AE (094014250),094014250,ΤΡΑΠΕΖΑ  EUROBANK AE (094014250),58.4,,
ΡΡΠΑ4690ΒΩ-ΕΗΦ,2026-05-28,ΕΝΤΑΛΜΑ ΠΛΗΡΩΜΗΣ Δ.Ε.Η.  ΒΟΛΟΥ (090000045),090000045,Δ.Ε.Η.  ΒΟΛΟΥ (090000045),104912.0,,24202010001002
ΨΩ7Ν4690ΒΩ-Λ5Ψ,2026-05-19,ΕΝΤΑΛΜΑ ΠΛΗΡΩΜΗΣ ΜΑΥΡΟΓΕΝΗΣ ΑΝΑΣΤΑΣΙΟΣ ΑΕ ΙΑΤΡΟΤΕΧΝΟΛΟΓΙΚΑ ΕΙΔΗ (082525697),082525697,ΜΑΥΡΟΓΕΝΗΣ ΑΝΑΣΤΑΣΙΟΣ ΑΕ ΙΑΤΡΟΤΕΧΝΟΛΟΓΙΚΑ ΕΙΔΗ (082525697),4637.6,,
9Γ264690ΒΩ-Η6Μ,2026-05-27,ΕΝΤΑΛΜΑ ΠΛΗΡΩΜΗΣ ΘΕΣΣΑΛΙΚΗ ΙΑΤΡΟΝΟΣΗΛΕΥΤΙΚΗ ΦΡΟΝΤΙΔΑ ΙΚΕ (801448170),801448170,ΘΕΣΣΑΛΙΚΗ ΙΑΤΡΟΝΟΣΗΛΕΥΤΙΚΗ ΦΡΟΝΤΙΔΑ ΙΚΕ (801448170),16172.7,,
ΡΧΞΛ4690ΒΩ-ΝΘΝ,2026-05-19,ΕΝΤΑΛΜΑ ΠΛΗΡΩΜΗΣ ΜΑΥΡΟΓΕΝΗΣ ΑΝΑΣΤΑΣΙΟΣ ΑΕ ΙΑΤΡΟΤΕΧΝΟΛΟΓΙΚΑ ΕΙΔΗ (082525697),082525697,ΜΑΥΡΟΓΕΝΗΣ ΑΝΑΣΤΑΣΙΟΣ ΑΕ ΙΑΤΡΟΤΕΧΝΟΛΟΓΙΚΑ ΕΙΔΗ (082525697),6680.1,,
ΡΧΣΘ4690ΒΩ-ΜΞΡ,2026-05-19,ΕΝΤΑΛΜΑ ΠΛΗΡΩΜΗΣ MEDTRONIC HELLAS SA (094498111),094498111,MEDTRONIC HELLAS SA (094498111),3610.35,,
ΨΜ2Φ4690ΒΩ-ΟΤΓ,2026-05-25,ΕΝΤΑΛΜΑ ΠΛΗΡΩΜΗΣ ΚΕΚΗ ΕΛΕΝΗ Α.Ε.Ε. (094211706),094211706,ΚΕΚΗ ΕΛΕΝΗ Α.Ε.Ε. (094211706),4062.6,,
ΨΛΚΨ4690ΒΩ-1ΒΨ,2026-05-28,ΕΝΤΑΛΜΑ ΠΛΗΡΩΜΗΣ SIEMENS HEALTHINEERS ΕΛΛΑΣ ΜΟΝΟΠΡΟΣΩΠΗ Α.Ε. (094456875),094456875,SIEMENS HEALTHINEERS ΕΛΛΑΣ ΜΟΝΟΠΡΟΣΩΠΗ Α.Ε. (094456875),15053.74,,
ΨΞΕΓ4690ΒΩ-3Η6,2026-05-28,ΕΝΤΑΛΜΑ ΠΛΗΡΩΜΗΣ ABBOTT LABORATORIES  ΕΛΛΑΣ  Α.Β.Ε.Ε. (094027257),094027257,ABBOTT LABORATORIES  ΕΛΛΑΣ  Α.Β.Ε.Ε. (094027257),19682.72,,
9ΟΤ54690ΒΩ-ΡΚ2,2026-05-28,ΕΝΤΑΛΜΑ ΠΛΗΡΩΜΗΣ LERIVA AE (997985840),997985840,LERIVA AE (997985840),10354.0,,
ΡΜΞΨ4690ΒΩ-ΜΘ3,2026-05-19,ΕΝΤΑΛΜΑ ΠΛΗΡΩΜΗΣ IMPROVEMED  Ι.Κ.Ε. EMΠΟΡΙΟ-ΔΙΑΘΕΣΗ ΙΑΤΡΙΚΩΝ ΕΙΔΩΝ (800541285),800541285,IMPROVEMED  Ι.Κ.Ε. EMΠΟΡΙΟ-ΔΙΑΘΕΣΗ ΙΑΤΡΙΚΩΝ ΕΙΔΩΝ (800541285),1860.3,,
Ψ6ΣΗ4690ΒΩ-ΞΥΒ,2026-05-19,ΕΝΤΑΛΜΑ ΠΛΗΡΩΜΗΣ ΤΡΑΠΕΖΑ  EUROBANK AE (094014250),094014250,ΤΡΑΠΕΖΑ  EUROBANK AE (094014250),1.2,,
Ψ5ΙΑ4690ΒΩ-ΟΦΘ,2026-05-28,ΕΝΤΑΛΜΑ ΠΛΗΡΩΜΗΣ SIEMENS HEALTHINEERS ΕΛΛΑΣ ΜΟΝΟΠΡΟΣΩΠΗ Α.Ε. (094456875),094456875,SIEMENS HEALTHINEERS ΕΛΛΑΣ ΜΟΝΟΠΡΟΣΩΠΗ Α.Ε. (094456875),23787.42,,
93ΚΨ4690ΒΩ-ΦΞΒ,2026-05-28,ΕΝΤΑΛΜΑ ΠΛΗΡΩΜΗΣ BIOMERIEUX ΕΛΛΑΣ Α.Ε. (094499248),094499248,BIOMERIEUX ΕΛΛΑΣ Α.Ε. (094499248),14469.0,,
94ΦΩ4690ΒΩ-ΨΛΜ,2026-05-19,ΕΝΤΑΛΜΑ ΠΛΗΡΩΜΗΣ MEDTRONIC HELLAS SA (094498111),094498111,MEDTRONIC HELLAS SA (094498111),1612.0,,
ΡΦΞΧ4690ΒΩ-ΕΟΟ,2026-05-22,ΕΝΤΑΛΜΑ ΠΛΗΡΩΜΗΣ ΠΑΠΑΕΛΛΗΝΑΣ  Α. ΚΩΣΤΑΣ (ΕΛΛΑΣ) Α.Ε.Β.Ε. (094075360),094075360,ΠΑΠΑΕΛΛΗΝΑΣ  Α. ΚΩΣΤΑΣ (ΕΛΛΑΣ) Α.Ε.Β.Ε. (094075360),1399.4,,
ΨΡΠΤ4690ΒΩ-1Ν5,2026-05-19,ΕΝΤΑΛΜΑ ΠΛΗΡΩΜΗΣ ΜΑΥΡΟΓΕΝΗΣ ΑΝΑΣΤΑΣΙΟΣ ΑΕ ΙΑΤΡΟΤΕΧΝΟΛΟΓΙΚΑ ΕΙΔΗ (082525697),082525697,ΜΑΥΡΟΓΕΝΗΣ ΑΝΑΣΤΑΣΙΟΣ ΑΕ ΙΑΤΡΟΤΕΧΝΟΛΟΓΙΚΑ ΕΙΔΗ (082525697),4529.82,,
ΡΨΘΙ4690ΒΩ-ΜΩ7,2026-05-21,ΕΝΤΑΛΜΑ ΠΛΗΡΩΜΗΣ ΠΡΩΤΟΝ A.E. (094442268),094442268,ΠΡΩΤΟΝ A.E. (094442268),3100.0,,
9Ι634690ΒΩ-2Δ2,2026-05-19,ΕΝΤΑΛΜΑ ΠΛΗΡΩΜΗΣ MEDICARE HELLAS Α.Ε (095367968),095367968,MEDICARE HELLAS Α.Ε (095367968),3794.4,,
6ΣΞ24690ΒΩ-ΦΓΗ,2026-05-19,ΕΝΤΑΛΜΑ ΠΛΗΡΩΜΗΣ MEDTRONIC HELLAS SA (094498111),094498111,MEDTRONIC HELLAS SA (094498111),6448.0,,
ΨΛΙΩ4690ΒΩ-ΒΣΤ,2026-05-19,ΕΝΤΑΛΜΑ ΠΛΗΡΩΜΗΣ ΜΑΥΡΟΓΕΝΗΣ ΑΝΑΣΤΑΣΙΟΣ ΑΕ ΙΑΤΡΟΤΕΧΝΟΛΟΓΙΚΑ ΕΙΔΗ (082525697),082525697,ΜΑΥΡΟΓΕΝΗΣ ΑΝΑΣΤΑΣΙΟΣ ΑΕ ΙΑΤΡΟΤΕΧΝΟΛΟΓΙΚΑ ΕΙΔΗ (082525697),7163.73,,
9Ν2Η4690ΒΩ-Ν1Α,2026-05-25,ΕΝΤΑΛΜΑ ΠΛΗΡΩΜΗΣ ΛΙΝΤΕ ΕΛΛΑΣ ΜΟΝΟΠΡΟΣΩΠΗ Ε.Π.Ε (095167018),095167018,ΛΙΝΤΕ ΕΛΛΑΣ ΜΟΝΟΠΡΟΣΩΠΗ Ε.Π.Ε (095167018),3572.44,,
ΡΓΖ64690ΒΩ-8ΘΝ,2026-05-25,ΕΝΤΑΛΜΑ ΠΛΗΡΩΜΗΣ MEDICON HELLAS AE (094240321),094240321,MEDICON HELLAS AE (094240321),93459.26,,
9Π3Φ4690ΒΩ-ΠΒΜ,2026-05-25,ΕΝΤΑΛΜΑ ΠΛΗΡΩΜΗΣ HELIX SQUARED ΙΔΙΩΤΙΚΗ ΚΕΦΑΛΑΙΟΥΧΙΚΗ ΕΤΑΙΡΕΙΑ (800633585),800633585,HELIX SQUARED ΙΔΙΩΤΙΚΗ ΚΕΦΑΛΑΙΟΥΧΙΚΗ ΕΤΑΙΡΕΙΑ (800633585),4511.04,,
6ΥΣ44690ΒΩ-ΞΕ6,2026-05-19,ΕΝΤΑΛΜΑ ΠΛΗΡΩΜΗΣ ΜΑΥΡΟΓΕΝΗΣ ΑΝΑΣΤΑΣΙΟΣ ΑΕ ΙΑΤΡΟΤΕΧΝΟΛΟΓΙΚΑ ΕΙΔΗ (082525697),082525697,ΜΑΥΡΟΓΕΝΗΣ ΑΝΑΣΤΑΣΙΟΣ ΑΕ ΙΑΤΡΟΤΕΧΝΟΛΟΓΙΚΑ ΕΙΔΗ (082525697),8581.57,,
6ΜΚ24690ΒΩ-Ψ67,2026-05-19,ΕΝΤΑΛΜΑ ΠΛΗΡΩΜΗΣ MEDTRONIC HELLAS SA (094498111),094498111,MEDTRONIC HELLAS SA (094498111),4315.69,,
ΨΥ254690ΒΩ-ΚΤΥ,2026-05-19,ΕΝΤΑΛΜΑ ΠΛΗΡΩΜΗΣ ΜΑΥΡΟΓΕΝΗΣ ΑΝΑΣΤΑΣΙΟΣ ΑΕ ΙΑΤΡΟΤΕΧΝΟΛΟΓΙΚΑ ΕΙΔΗ (082525697),082525697,ΜΑΥΡΟΓΕΝΗΣ ΑΝΑΣΤΑΣΙΟΣ ΑΕ ΙΑΤΡΟΤΕΧΝΟΛΟΓΙΚΑ ΕΙΔΗ (082525697),7161.0,,
97ΓΜ4690ΒΩ-ΚΓ9,2026-05-27,ΕΝΤΑΛΜΑ ΠΛΗΡΩΜΗΣ COMPULAND AE (095387617),095387617,COMPULAND AE (095387617),8817.87,,
ΡΒΑΨ4690ΒΩ-ΖΛΜ,2026-05-05,ΕΝΤΑΛΜΑ ΠΛΗΡΩΜΗΣ ΒΙΟΠΡΟΜΗΘΕΥΤΙΚΗ ΜΟΝΟΠΡΟΣΩΠΗ  Ε.Π.Ε. (099007886),099007886,ΒΙΟΠΡΟΜΗΘΕΥΤΙΚΗ ΜΟΝΟΠΡΟΣΩΠΗ  Ε.Π.Ε. (099007886),1285.63,,
ΨΔ654690ΒΩ-Ι9Ρ,2026-05-05,ΕΝΤΑΛΜΑ ΠΛΗΡΩΜΗΣ F  M FEED ΜΟΝΟΠΡΟΣΩΠΗ Ι.ΚΕ (800502874),800502874,F  M FEED ΜΟΝΟΠΡΟΣΩΠΗ Ι.ΚΕ (800502874),8928.0,,
9ΘΕΩ4690ΒΩ-Σ2Φ,2026-05-07,ΕΝΤΑΛΜΑ ΠΛΗΡΩΜΗΣ ΑΓΚΦΑ-ΓΚΕΒΕΡΤ ΜΟΝ/ΠΗ ΑΕΒΕ (ΠΡΩΗΝ ΑΓΚΦΑ ΓΚΕΒΕΡΤ ΑΕΒΕ) (094025805),094025805,ΑΓΚΦΑ-ΓΚΕΒΕΡΤ ΜΟΝ/ΠΗ ΑΕΒΕ (ΠΡΩΗΝ ΑΓΚΦΑ ΓΚΕΒΕΡΤ ΑΕΒΕ) (094025805),16926.0,,
6ΝΖΖ4690ΒΩ-ΘΟ1,2026-05-07,ΕΝΤΑΛΜΑ ΠΛΗΡΩΜΗΣ CARESTREAM HEALTH HELLAS ΜΟΝ/ΠΗ Ε.Π.Ε. (998570797),998570797,CARESTREAM HEALTH HELLAS ΜΟΝ/ΠΗ Ε.Π.Ε. (998570797),12276.0,,
ΨΦ714690ΒΩ-ΞΝΤ,2026-05-06,ΕΝΤΑΛΜΑ ΠΛΗΡΩΜΗΣ V L VIOLAK INTERNATIONAL   A.E. (099370337),099370337,V L VIOLAK INTERNATIONAL   A.E. (099370337),6373.72,,
92ΟΒ4690ΒΩ-Β4Ξ,2026-05-06,ΕΝΤΑΛΜΑ ΠΛΗΡΩΜΗΣ V L VIOLAK INTERNATIONAL   A.E. (099370337),099370337,V L VIOLAK INTERNATIONAL   A.E. (099370337),7613.05,,
996Θ4690ΒΩ-ΧΓ0,2026-05-06,ΕΝΤΑΛΜΑ ΠΛΗΡΩΜΗΣ V L VIOLAK INTERNATIONAL   A.E. (099370337),099370337,V L VIOLAK INTERNATIONAL   A.E. (099370337),7177.76,,
Ψ2664690ΒΩ-ΗΒ9,2026-05-06,ΕΝΤΑΛΜΑ ΠΛΗΡΩΜΗΣ Becton Dickinson Hellas A.E. (094501826),094501826,Becton Dickinson Hellas A.E. (094501826),13555.6,,
ΨΛΣ74690ΒΩ-9ΒΣ,2026-05-07,ΕΝΤΑΛΜΑ ΠΛΗΡΩΜΗΣ ΜΑΥΡΟΓΕΝΗΣ ΑΝΑΣΤΑΣΙΟΣ ΑΕ ΙΑΤΡΟΤΕΧΝΟΛΟΓΙΚΑ ΕΙΔΗ (082525697),082525697,ΜΑΥΡΟΓΕΝΗΣ ΑΝΑΣΤΑΣΙΟΣ ΑΕ ΙΑΤΡΟΤΕΧΝΟΛΟΓΙΚΑ ΕΙΔΗ (082525697),22816.0,,
9Ω224690ΒΩ-ΡΚ0,2026-05-15,ΕΝΤΑΛΜΑ ΠΛΗΡΩΜΗΣ VAKTRO AEBE (084221869),084221869,VAKTRO AEBE (084221869),4662.4,,
ΨΕ7Η4690ΒΩ-4ΒΚ,2026-05-06,ΕΝΤΑΛΜΑ ΠΛΗΡΩΜΗΣ Becton Dickinson Hellas A.E. (094501826),094501826,Becton Dickinson Hellas A.E. (094501826),2712.0,,
9ΤΚΝ4690ΒΩ-ΠΥΙ,2026-05-15,ΕΝΤΑΛΜΑ ΠΛΗΡΩΜΗΣ ΒΑΡΕΛΑΣ Α.Ε. (094047060),094047060,ΒΑΡΕΛΑΣ Α.Ε. (094047060),5650.86,,
6ΜΒ64690ΒΩ-8ΑΒ,2026-05-14,ΕΝΤΑΛΜΑ ΠΛΗΡΩΜΗΣ ΚΥΡΙΑΚΙΔΗΣ Ι.Μ. Α.Ε. (094128820),094128820,ΚΥΡΙΑΚΙΔΗΣ Ι.Μ. Α.Ε. (094128820),371.0,,
Ψ4ΥΜ4690ΒΩ-ΔΦΣ,2026-05-15,ΕΝΤΑΛΜΑ ΠΛΗΡΩΜΗΣ ΖΑΦΕΙΡΟΠΟΥΛΟΣ  Π.  Α.Ε. (094280343),094280343,ΖΑΦΕΙΡΟΠΟΥΛΟΣ  Π.  Α.Ε. (094280343),4070.4,,
6ΖΝΘ4690ΒΩ-ΖΝ3,2026-05-15,ΕΝΤΑΛΜΑ ΠΛΗΡΩΜΗΣ ΒΙΟΔΥΝΑΜΙΚΗ ΑΕ (094138676),094138676,ΒΙΟΔΥΝΑΜΙΚΗ ΑΕ (094138676),4952.32,,
ΨΤ714690ΒΩ-ΗΝΨ,2026-05-15,ΕΝΤΑΛΜΑ ΠΛΗΡΩΜΗΣ BIOANALYTICA AE (099936534),099936534,BIOANALYTICA AE (099936534),1438.84,,
Ψ96Ω4690ΒΩ-8ΞΟ,2026-05-15,ΕΝΤΑΛΜΑ ΠΛΗΡΩΜΗΣ ΒΙΟΚΟΣΜΟΣ ΜΟΡΙΑΚΗ Α.Ε. (801646486),801646486,ΒΙΟΚΟΣΜΟΣ ΜΟΡΙΑΚΗ Α.Ε. (801646486),7778.28,,
92ΔΚ4690ΒΩ-Η0Η,2026-05-15,ΕΝΤΑΛΜΑ ΠΛΗΡΩΜΗΣ ΝΤΙΑΜΕΝΤ ΕΛΛΑΣ Α.Ε.Ε (095259724),095259724,ΝΤΙΑΜΕΝΤ ΕΛΛΑΣ Α.Ε.Ε (095259724),20823.33,,
Ψ2ΡΛ4690ΒΩ-Α0Σ,2026-05-21,ΕΝΤΑΛΜΑ ΠΛΗΡΩΜΗΣ ΔΗΜΟΣ ΒΟΛΟΥ (997898793),997898793,ΔΗΜΟΣ ΒΟΛΟΥ (997898793),14.85,,
ΨΒΠΞ4690ΒΩ-ΦΧ8,2026-05-22,ΕΝΤΑΛΜΑ ΠΛΗΡΩΜΗΣ Δ.Ε.Η.  ΒΟΛΟΥ (090000045),090000045,Δ.Ε.Η.  ΒΟΛΟΥ (090000045),2412.0,,
ΡΩΟΤ4690ΒΩ-ΔΡΨ,2026-05-14,ΕΝΤΑΛΜΑ ΠΛΗΡΩΜΗΣ BIOMERIEUX ΕΛΛΑΣ Α.Ε. (094499248),094499248,BIOMERIEUX ΕΛΛΑΣ Α.Ε. (094499248),29.76,,
65ΧΝ4690ΒΩ-ΧΧΙ,2026-05-05,ΕΝΤΑΛΜΑ ΠΛΗΡΩΜΗΣ ΚΟΣΜΙΔΗΣ  ΧΑΡ. ΠΕΤΡΟΣ     ΣΙΑ  Ε.Ε. (999685389),999685389,ΚΟΣΜΙΔΗΣ  ΧΑΡ. ΠΕΤΡΟΣ     ΣΙΑ  Ε.Ε. (999685389),16515.18,,
Ψ4Ξ14690ΒΩ-Η98,2026-05-14,ΕΝΤΑΛΜΑ ΠΛΗΡΩΜΗΣ DIACHEL ΔΙΑΓΝΩΣΤΙΚΑ - ΧΗΜΙΚΗ ΟΡΓΑΝΟΛΟΓΙΑ  AE (095341314),095341314,DIACHEL ΔΙΑΓΝΩΣΤΙΚΑ - ΧΗΜΙΚΗ ΟΡΓΑΝΟΛΟΓΙΑ  AE (095341314),5291.43,,
96ΟΤ4690ΒΩ-Κ5Σ,2026-05-15,ΕΝΤΑΛΜΑ ΠΛΗΡΩΜΗΣ ΑΡΝΑΟΥΤΗΣ ΠΑΥΛΟΣ Α.Ε (094178060),094178060,ΑΡΝΑΟΥΤΗΣ ΠΑΥΛΟΣ Α.Ε (094178060),8282.38,,
6ΧΤΡ4690ΒΩ-ΘΘΒ,2026-05-05,ΕΝΤΑΛΜΑ ΠΛΗΡΩΜΗΣ BBD ΝΙΚ.ΛΑΙΝΙΩΤΗΣ Α.Ε.Β.Ε. (093628458),093628458,BBD ΝΙΚ.ΛΑΙΝΙΩΤΗΣ Α.Ε.Β.Ε. (093628458),5289.5,,
68Τ64690ΒΩ-ΗΗΗ,2026-05-12,ΕΝΤΑΛΜΑ ΠΛΗΡΩΜΗΣ COMPUTER SOLUTIONS Α.E. (095403136),095403136,COMPUTER SOLUTIONS Α.E. (095403136),21452.0,,
9ΞΚΜ4690ΒΩ-ΑΔΖ,2026-05-12,ΕΝΤΑΛΜΑ ΠΛΗΡΩΜΗΣ ABBOTT LABORATORIES  ΕΛΛΑΣ  Α.Β.Ε.Ε. (094027257),094027257,ABBOTT LABORATORIES  ΕΛΛΑΣ  Α.Β.Ε.Ε. (094027257),24446.24,,
ΨΡΦ44690ΒΩ-Υ5Ρ,2026-05-05,ΕΝΤΑΛΜΑ ΠΛΗΡΩΜΗΣ ΚΟΣΜΙΔΗΣ  ΧΑΡ. ΠΕΤΡΟΣ     ΣΙΑ  Ε.Ε. (999685389),999685389,ΚΟΣΜΙΔΗΣ  ΧΑΡ. ΠΕΤΡΟΣ     ΣΙΑ  Ε.Ε. (999685389),13573.33,,
ΨΥΩΩ4690ΒΩ-Η7Ρ,2026-05-11,ΕΝΤΑΛΜΑ ΠΛΗΡΩΜΗΣ IMI INFINITY SURGIGAL INNOVATIONS ΜΟΝΟΠΡΟΣΩΠΗ  ΙΚΕ (801028069),801028069,IMI INFINITY SURGIGAL INNOVATIONS ΜΟΝΟΠΡΟΣΩΠΗ  ΙΚΕ (801028069),3247.62,,
ΨΧΨ64690ΒΩ-Δ6Κ,2026-05-12,ΕΝΤΑΛΜΑ ΠΛΗΡΩΜΗΣ EUROSUP MON. IKE ΕΜΠΟΡΙΟ ΕΠΙΔΕΣΜΙΚΟΥ ΥΛΙΚΟΥ (800715333),800715333,EUROSUP MON. IKE ΕΜΠΟΡΙΟ ΕΠΙΔΕΣΜΙΚΟΥ ΥΛΙΚΟΥ (800715333),16272.0,,
68054690ΒΩ-Τ0Χ,2026-05-12,ΕΝΤΑΛΜΑ ΠΛΗΡΩΜΗΣ ΚΥΡΙΑΚΙΔΗΣ Ι.Μ. Α.Ε. (094128820),094128820,ΚΥΡΙΑΚΙΔΗΣ Ι.Μ. Α.Ε. (094128820),10703.86,,
9ΩΧΘ4690ΒΩ-ΚΣΒ,2026-05-07,ΕΝΤΑΛΜΑ ΠΛΗΡΩΜΗΣ SYN INNOVATION LABORATORIES ΕΜΠΟΡ. ΠΑΡΑΓ.ΦΑΡΜ.ΔΙΑΤΡ. ΒΙΟΤ.ΠΡΟΙΝΤ.ΑΕ (800537801),800537801,SYN INNOVATION LABORATORIES ΕΜΠΟΡ. ΠΑΡΑΓ.ΦΑΡΜ.ΔΙΑΤΡ. ΒΙΟΤ.ΠΡΟΙΝΤ.ΑΕ (800537801),2071.73,,
9ΗΤ94690ΒΩ-ΧΤ8,2026-05-07,ΕΝΤΑΛΜΑ ΠΛΗΡΩΜΗΣ ΜΕΒΓΑΛ Α.Ε. (094055557),094055557,ΜΕΒΓΑΛ Α.Ε. (094055557),10751.22,,
6ΥΗΠ4690ΒΩ-ΞΚΨ,2026-05-15,ΕΝΤΑΛΜΑ ΠΛΗΡΩΜΗΣ ΚΑΛΛΙΦΡΟΝΑΣ ΕΜΠΟΡΙΚΗ Α.Ε. (997585069),997585069,ΚΑΛΛΙΦΡΟΝΑΣ ΕΜΠΟΡΙΚΗ Α.Ε. (997585069),14036.44,,
63884690ΒΩ-42Λ,2026-05-14,ΕΝΤΑΛΜΑ ΠΛΗΡΩΜΗΣ ΚΥΡΙΑΚΙΔΗΣ Ι.Μ. Α.Ε. (094128820),094128820,ΚΥΡΙΑΚΙΔΗΣ Ι.Μ. Α.Ε. (094128820),7145.46,,
97Τ14690ΒΩ-ΣΝ4,2026-05-15,ΕΝΤΑΛΜΑ ΠΛΗΡΩΜΗΣ LERIVA ΔΙΑΓΝΩΣΤΙΚΑ Α.Ε (800356020),800356020,LERIVA ΔΙΑΓΝΩΣΤΙΚΑ Α.Ε (800356020),14986.28,,
ΡΒΙΓ4690ΒΩ-Σ8Ρ,2026-05-14,ΕΝΤΑΛΜΑ ΠΛΗΡΩΜΗΣ SIEMENS HEALTHINEERS ΕΛΛΑΣ ΜΟΝΟΠΡΟΣΩΠΗ Α.Ε. (094456875),094456875,SIEMENS HEALTHINEERS ΕΛΛΑΣ ΜΟΝΟΠΡΟΣΩΠΗ Α.Ε. (094456875),12049.02,,
Ρ6ΠΥ4690ΒΩ-ΦΕ9,2026-05-20,ΠΡΟΜΗΘΕΙΑ ΚΑΘΕΤΗΡΕΣ,094501826,BECTON DICKINSON HELLAS A E,2712.0,,32302030001002
ΡΙ5Π4690ΒΩ-2ΧΡ,2026-05-13,ΕΝΤΑΛΜΑ ΠΛΗΡΩΜΗΣ ATRON HEALTH A.E. (800519113),800519113,ATRON HEALTH A.E. (800519113),14167.94,,
9Ν974690ΒΩ-ΡΞΚ,2026-05-13,ΕΝΤΑΛΜΑ ΠΛΗΡΩΜΗΣ ATRON HEALTH A.E. (800519113),800519113,ATRON HEALTH A.E. (800519113),12965.58,,
6ΝΨ44690ΒΩ-64Ο,2026-05-14,ΕΝΤΑΛΜΑ ΠΛΗΡΩΜΗΣ ΑΙΓΑΙΟΝ  Ε.Π.Ε. (997565624),997565624,ΑΙΓΑΙΟΝ  Ε.Π.Ε. (997565624),10690.95,,
63ΒΒ4690ΒΩ-ΣΘ8,2026-05-07,ΕΝΤΑΛΜΑ ΠΛΗΡΩΜΗΣ ΑΙΓΑΙΟΝ  Ε.Π.Ε. (997565624),997565624,ΑΙΓΑΙΟΝ  Ε.Π.Ε. (997565624),95205.54,,
950Φ4690ΒΩ-ΡΩ9,2026-04-14,ΕΝΤΑΛΜΑ ΠΛΗΡΩΜΗΣ Δ.Ε.Η.  ΒΟΛΟΥ (090000045),090000045,Δ.Ε.Η.  ΒΟΛΟΥ (090000045),1177.0,,
ΨΣΚ74690ΒΩ-ΗΙΨ,2026-04-14,ΕΝΤΑΛΜΑ ΠΛΗΡΩΜΗΣ Δ.Ε.Η.  ΒΟΛΟΥ (090000045),090000045,Δ.Ε.Η.  ΒΟΛΟΥ (090000045),3635.0,,
942Ω4690ΒΩ-9ΓΡ,2026-05-11,ΕΝΤΑΛΜΑ ΠΛΗΡΩΜΗΣ ΑΙΓΑΙΟΝ  Ε.Π.Ε. (997565624),997565624,ΑΙΓΑΙΟΝ  Ε.Π.Ε. (997565624),3091.06,,
ΡΘΗ54690ΒΩ-ΦΔΒ,2026-05-11,ΕΝΤΑΛΜΑ ΠΛΗΡΩΜΗΣ UNI-PHARMA ΚΛΕΩΝ ΤΣΕΤΗΣ ΑΒΕΕ (094320634),094320634,UNI-PHARMA ΚΛΕΩΝ ΤΣΕΤΗΣ ΑΒΕΕ (094320634),5544.16,,
6ΤΘΗ4690ΒΩ-ΘΕΧ,2026-05-06,ΕΝΤΑΛΜΑ ΠΛΗΡΩΜΗΣ V L VIOLAK INTERNATIONAL   A.E. (099370337),099370337,V L VIOLAK INTERNATIONAL   A.E. (099370337),1445.49,,
ΨΓ0Ι4690ΒΩ-49Γ,2026-05-06,ΕΝΤΑΛΜΑ ΠΛΗΡΩΜΗΣ V L VIOLAK INTERNATIONAL   A.E. (099370337),099370337,V L VIOLAK INTERNATIONAL   A.E. (099370337),1371.25,,
ΡΘΒ34690ΒΩ-845,2026-05-11,ΕΝΤΑΛΜΑ ΠΛΗΡΩΜΗΣ ΑΜΒΡΟΣΙΑΔΗΣ ΑΒΕΕ (081932139),081932139,ΑΜΒΡΟΣΙΑΔΗΣ ΑΒΕΕ (081932139),5345.62,,
ΡΚΠΞ4690ΒΩ-ΘΗΣ,2026-05-07,ΕΝΤΑΛΜΑ ΠΛΗΡΩΜΗΣ ΑΜΒΡΟΣΙΑΔΗΣ ΑΒΕΕ (081932139),081932139,ΑΜΒΡΟΣΙΑΔΗΣ ΑΒΕΕ (081932139),15572.63,,
9Θ6Ν4690ΒΩ-ΥΞΒ,2026-05-07,ΕΝΤΑΛΜΑ ΠΛΗΡΩΜΗΣ ΑΦΟΙ Η. ΦΟΥΦΑ  Α.Ε (094355230),094355230,ΑΦΟΙ Η. ΦΟΥΦΑ  Α.Ε (094355230),7548.4,,
ΡΘ4Θ4690ΒΩ-ΤΛΛ,2026-05-18,"ΠΡΟΜΗΘΕΙΑ ΟΡΘΟΠΕΔΙΚΟΥ ΥΛΙΚΟΥ ΠΡΟΣΘΕΤΩΝ ΓΙΑ ΤΟΥΣ ΜΗΝΕΣ ΟΚΤΩΒΡΙΟ & ΔΕΚΕΜΒΡΙΟ 2025 ΧΩΡΙΣ ΣΥΜΒΑΣΗ, ΜΕ ΑΠΟΦΑΣΕΙΣ ΔΣ 17/31-7-25 Θ.31, 22/10-9-25 Θ.17, 27/16-10-25 Θ.16 & Θ.17, 32/12-12-25 Θ.39 & Θ.40, & ΜΕ ΑΠΟΦΑΣΗ ΔΙΟΙΚΗΤΗ 179/25 (ΑΠΟΦΑΣΗ ΔΣ 1/27-3-25 Θ.2 ΓΙΑ ΤΗ EΠΙΚΥΡΩΣΗ ΑΠΟΦΑΣΕΩΝ ΔΙΟΙΚΗΤΗ ΕΤΟΥΣ 2025) ΣΥΜΦΩΝΑ ΜΕ ΤΙΣ ΔΙΑΤΑΞΕΙΣ ΤΟΥ Ν.5264/2025 αρθ.105 (ΦΕΚ 239/ τ.Α΄/19/12/2025)",094007897,ΚΟΠΕΡ ΦΑΡΜΑΚΟΒΙΟΜΗΧΑΝΙΑΑΝΩΝΥΜΗ ΕΤΑΙΡΕΙΑ,47705.65,,32302040001002
ΡΘΞΙ4690ΒΩ-6Γ8,2026-05-13,ΕΝΤΑΛΜΑ ΠΛΗΡΩΜΗΣ DEMO ABEE (094041553),094041553,DEMO ABEE (094041553),30302.94,,
9ΖΝ84690ΒΩ-ΔΞΞ,2026-05-13,ΕΝΤΑΛΜΑ ΠΛΗΡΩΜΗΣ ΒΙΟΣΕΡ Α.Ε. (094035927),094035927,ΒΙΟΣΕΡ Α.Ε. (094035927),73732.36,,
9ΑΛΙ4690ΒΩ-1Δ0,2026-05-13,ΕΝΤΑΛΜΑ ΠΛΗΡΩΜΗΣ ΤΡΑΠΕΖΑ  EUROBANK AE (094014250),094014250,ΤΡΑΠΕΖΑ  EUROBANK AE (094014250),4.0,,
62ΕΒ4690ΒΩ-ΛΦ8,2026-05-11,ΕΝΤΑΛΜΑ ΠΛΗΡΩΜΗΣ ΚΟΠΕΡ Α.Ε. (094007897),094007897,ΚΟΠΕΡ Α.Ε. (094007897),1526.4,,
9Θ624690ΒΩ-ΣΩΗ,2026-04-16,ΕΝΤΑΛΜΑ ΠΛΗΡΩΜΗΣ ΙΝΕΞ Α.Ε. (094356041),094356041,ΙΝΕΞ Α.Ε. (094356041),1769.88,,
9Φ2Χ4690ΒΩ-82Ρ,2026-04-16,ΕΝΤΑΛΜΑ ΠΛΗΡΩΜΗΣ Μ-ΤΕΣΤ ΣΠ.ΝΙΚΟΛΑΟΥ   ΣΙΑ Ε.Ε (999961106),999961106,Μ-ΤΕΣΤ ΣΠ.ΝΙΚΟΛΑΟΥ   ΣΙΑ Ε.Ε (999961106),1319.94,,
ΨΑΒ44690ΒΩ-Υ99,2026-04-16,ΕΝΤΑΛΜΑ ΠΛΗΡΩΜΗΣ ΚΥΡΙΑΚΙΔΗΣ Ι.Μ. Α.Ε. (094128820),094128820,ΚΥΡΙΑΚΙΔΗΣ Ι.Μ. Α.Ε. (094128820),1560.32,,
ΨΚΟΛ4690ΒΩ-ΠΦΥ,2026-04-16,ΕΝΤΑΛΜΑ ΠΛΗΡΩΜΗΣ ΚΑΛΛΙΦΡΟΝΑΣ ΕΜΠΟΡΙΚΗ Α.Ε. (997585069),997585069,ΚΑΛΛΙΦΡΟΝΑΣ ΕΜΠΟΡΙΚΗ Α.Ε. (997585069),1543.8,,
ΨΡΜ84690ΒΩ-ΚΩΛ,2026-05-12,ΕΝΤΑΛΜΑ ΠΛΗΡΩΜΗΣ ΝΤΑΓΟΥΛΟΥΔΗΣ ΣΙΔΕΡΗΣ του ΜΙΧΑΗΛ (020724195),020724195,ΝΤΑΓΟΥΛΟΥΔΗΣ ΣΙΔΕΡΗΣ του ΜΙΧΑΗΛ (020724195),103.84,,
Ψ2ΓΞ4690ΒΩ-ΟΙΔ,2026-04-17,ΕΝΤΑΛΜΑ ΠΛΗΡΩΜΗΣ ΧΑΤΖΗΕΥΦΡΑΙΜΙΔΗΣ ΧΡΗΣΤΟΣ (061184800),061184800,ΧΑΤΖΗΕΥΦΡΑΙΜΙΔΗΣ ΧΡΗΣΤΟΣ (061184800),1227.6,,
9ΓΛΖ4690ΒΩ-4ΓΘ,2026-04-17,ΕΝΤΑΛΜΑ ΠΛΗΡΩΜΗΣ ABBOTT LABORATORIES  ΕΛΛΑΣ  Α.Β.Ε.Ε. (094027257),094027257,ABBOTT LABORATORIES  ΕΛΛΑΣ  Α.Β.Ε.Ε. (094027257),1611.2,,
Ψ5Υ64690ΒΩ-Η3Τ,2026-04-17,ΕΝΤΑΛΜΑ ΠΛΗΡΩΜΗΣ ΜΑΓΕΙΡΑΣ ΔΙΑΓΝΩΣΤΙΚΑ ΜΗΧΑΝΗΜΑΤΑ Α.Ε. (095444407),095444407,ΜΑΓΕΙΡΑΣ ΔΙΑΓΝΩΣΤΙΚΑ ΜΗΧΑΝΗΜΑΤΑ Α.Ε. (095444407),2332.0,,
90ΟΩ4690ΒΩ-ΞΡ6,2026-04-21,ΕΝΤΑΛΜΑ ΠΛΗΡΩΜΗΣ BIOMERIEUX ΕΛΛΑΣ Α.Ε. (094499248),094499248,BIOMERIEUX ΕΛΛΑΣ Α.Ε. (094499248),1515.8,,
ΨΟΜΞ4690ΒΩ-Ζ3Δ,2026-05-08,ΕΝΤΑΛΜΑ ΠΛΗΡΩΜΗΣ ΚΟΥΚΙΟΥ Ε. ΜΟΝ. Ε.Π.Ε. (800407336),800407336,ΚΟΥΚΙΟΥ Ε. ΜΟΝ. Ε.Π.Ε. (800407336),24.8,,
9ΙΔΔ4690ΒΩ-75Ξ,2026-04-22,ΕΝΤΑΛΜΑ ΠΛΗΡΩΜΗΣ SARSTEDT Μ. ΕΠΕ (095591419),095591419,SARSTEDT Μ. ΕΠΕ (095591419),619.69,,
9ΖΓΙ4690ΒΩ-ΤΦ4,2026-04-22,ΕΝΤΑΛΜΑ ΠΛΗΡΩΜΗΣ THERMOGRAFICA HELLAS ΕΠΕ (095083787),095083787,THERMOGRAFICA HELLAS ΕΠΕ (095083787),699.36,,
9ΨΦΑ4690ΒΩ-0ΝΛ,2026-04-22,ΕΝΤΑΛΜΑ ΠΛΗΡΩΜΗΣ TELEFLEX MEDICAL ΕΛΛΑΣ (ARROW HELLAS AEE) (094429990),094429990,TELEFLEX MEDICAL ΕΛΛΑΣ (ARROW HELLAS AEE) (094429990),1163.63,,
ΨΟΦΩ4690ΒΩ-ΑΟ6,2026-04-14,ΕΝΤΑΛΜΑ ΠΛΗΡΩΜΗΣ ΑΝΤΙ-ΣΕΛ ΑΦΟΙ A.ΣΕΛΙΔΗ A.Ε. (091569759),091569759,ΑΝΤΙ-ΣΕΛ ΑΦΟΙ A.ΣΕΛΙΔΗ A.Ε. (091569759),2604.0,,
91ΨΠ4690ΒΩ-ΘΟΞ,2026-02-25,ΕΝΤΑΛΜΑ ΠΛΗΡΩΜΗΣ ΠΑΠΠΑΣ Ν.   ΣΙΑ ΟΕ (997565095),997565095,ΠΑΠΠΑΣ Ν.   ΣΙΑ ΟΕ (997565095),446.4,,
ΨΝΒΟ4690ΒΩ-Ρ2Ο,2026-04-16,ΕΝΤΑΛΜΑ ΠΛΗΡΩΜΗΣ ΛΕΩΝΙΔΑΣ ΚΑΝΕΛΛΟΣ    ΣΙΑ  Ο.Ε. (093401589),093401589,ΛΕΩΝΙΔΑΣ ΚΑΝΕΛΛΟΣ    ΣΙΑ  Ο.Ε. (093401589),1362.14,,
ΨΩΝΑ4690ΒΩ-2ΑΕ,2026-04-15,ΕΝΤΑΛΜΑ ΠΛΗΡΩΜΗΣ ΔΕΛΤΑ ΙΑΤΡΙΚΗ Α.Ε.   ΑΝΩΝ. ΕΤΑΙΡΙΑ ΙΑΤΡΙΚΩΝ ΕΙΔΩΝ (094437130),094437130,ΔΕΛΤΑ ΙΑΤΡΙΚΗ Α.Ε.   ΑΝΩΝ. ΕΤΑΙΡΙΑ ΙΑΤΡΙΚΩΝ ΕΙΔΩΝ (094437130),2232.0,,
94444690ΒΩ-Ξ2Π,2026-04-16,ΕΝΤΑΛΜΑ ΠΛΗΡΩΜΗΣ ΕΝΟΡΑΣΙΣ Α.Ε. (094503580),094503580,ΕΝΟΡΑΣΙΣ Α.Ε. (094503580),2253.51,,
68Π04690ΒΩ-ΧΡ6,2026-04-16,ΕΝΤΑΛΜΑ ΠΛΗΡΩΜΗΣ ΙΠΠΟΚΡΑΤΕΙΟΝ ΑΛΕΞ.ΟΡΦΑΝΟΥΔΑΚΗ ΣΙΑ ΟΕ (999144179),999144179,ΙΠΠΟΚΡΑΤΕΙΟΝ ΑΛΕΞ.ΟΡΦΑΝΟΥΔΑΚΗ ΣΙΑ ΟΕ (999144179),2120.4,,
6Μ3Φ4690ΒΩ-ΘΑΝ,2026-04-21,ΕΝΤΑΛΜΑ ΠΛΗΡΩΜΗΣ IMPROVEMED  Ι.Κ.Ε. EMΠΟΡΙΟ-ΔΙΑΘΕΣΗ ΙΑΤΡΙΚΩΝ ΕΙΔΩΝ (800541285),800541285,IMPROVEMED  Ι.Κ.Ε. EMΠΟΡΙΟ-ΔΙΑΘΕΣΗ ΙΑΤΡΙΚΩΝ ΕΙΔΩΝ (800541285),904.0,,
9Ω6Κ4690ΒΩ-ΟΟΞ,2026-04-15,ΕΝΤΑΛΜΑ ΠΛΗΡΩΜΗΣ DUCASCO ΔΟΥPΜΟΥΣΟΓΛΟΥ α.ε.β.ε (999640490),999640490,DUCASCO ΔΟΥPΜΟΥΣΟΓΛΟΥ α.ε.β.ε (999640490),1685.96,,
6ΤΜΧ4690ΒΩ-ΔΡ3,2026-04-21,ΕΝΤΑΛΜΑ ΠΛΗΡΩΜΗΣ KLINIKUM   PLUS   ΜΟΝΟΠΡΟΣΩΠΗ  Ι.Κ.Ε. (800888293),800888293,KLINIKUM   PLUS   ΜΟΝΟΠΡΟΣΩΠΗ  Ι.Κ.Ε. (800888293),148.4,,
6Ν674690ΒΩ-ΟΨΜ,2026-04-22,ΕΝΤΑΛΜΑ ΠΛΗΡΩΜΗΣ MENARINI ΔΙΑΓΝΩΣΤΙΚΑ-ΙΑΤΡ.ΟΡΓΑΝΑ ΑΕΒΕ (094322455),094322455,MENARINI ΔΙΑΓΝΩΣΤΙΚΑ-ΙΑΤΡ.ΟΡΓΑΝΑ ΑΕΒΕ (094322455),3552.27,,
913Ν4690ΒΩ-ΝΣΦ,2026-04-22,ΕΝΤΑΛΜΑ ΠΛΗΡΩΜΗΣ MENARINI ΔΙΑΓΝΩΣΤΙΚΑ-ΙΑΤΡ.ΟΡΓΑΝΑ ΑΕΒΕ (094322455),094322455,MENARINI ΔΙΑΓΝΩΣΤΙΚΑ-ΙΑΤΡ.ΟΡΓΑΝΑ ΑΕΒΕ (094322455),313.99,,
ΨΩΔΖ4690ΒΩ-ΥΑΡ,2026-04-22,ΕΝΤΑΛΜΑ ΠΛΗΡΩΜΗΣ MEDTRONIC HELLAS SA (094498111),094498111,MEDTRONIC HELLAS SA (094498111),216.96,,
9ΧΖ84690ΒΩ-ΙΡΦ,2026-04-22,ΕΝΤΑΛΜΑ ΠΛΗΡΩΜΗΣ NEUROMED  Ε. ΧΑΤΖΗΕΦΡΑΙΜΙΔΗΣ ΜΟΝΟΠΡΟΣΩΠΗ ΕΤΑΙΡΙΑ ΠΕΡΙΟΡΙΣΜΕΝΗΣ ΕΥΘΥΝΗΣ (999430320),999430320,NEUROMED  Ε. ΧΑΤΖΗΕΦΡΑΙΜΙΔΗΣ ΜΟΝΟΠΡΟΣΩΠΗ ΕΤΑΙΡΙΑ ΠΕΡΙΟΡΙΣΜΕΝΗΣ ΕΥΘΥΝΗΣ (999430320),1855.78,,
94454690ΒΩ-ΩΜ5,2026-04-16,ΕΝΤΑΛΜΑ ΠΛΗΡΩΜΗΣ ΕΥΡΟΜΑΡΤ Α.Ε. (094284004),094284004,ΕΥΡΟΜΑΡΤ Α.Ε. (094284004),1388.77,,
ΨΙ6Η4690ΒΩ-46Β,2026-04-22,ΕΝΤΑΛΜΑ ΠΛΗΡΩΜΗΣ NEODENT   AE (094371474),094371474,NEODENT   AE (094371474),576.35,,
ΨΤ1Ε4690ΒΩ-ΘΚ2,2026-04-22,ΕΝΤΑΛΜΑ ΠΛΗΡΩΜΗΣ ΝΕΑ ΔΙΑΓΝΩΣΤΙΚΗ ΔΙΑΣΤΑΣΗ Ε.Π.Ε (095618368),095618368,ΝΕΑ ΔΙΑΓΝΩΣΤΙΚΗ ΔΙΑΣΤΑΣΗ Ε.Π.Ε (095618368),303.16,,
ΨΨΡΓ4690ΒΩ-ΛΦ1,2026-04-22,ΕΝΤΑΛΜΑ ΠΛΗΡΩΜΗΣ NEPHRODYNAMIC HELLAS A.E (999213859),999213859,NEPHRODYNAMIC HELLAS A.E (999213859),591.48,,
9Ο8Κ4690ΒΩ-2ΣΨ,2026-04-22,ΕΝΤΑΛΜΑ ΠΛΗΡΩΜΗΣ OPEN CARE  IKE (800423557),800423557,OPEN CARE  IKE (800423557),263.52,,
Ψ39Ξ4690ΒΩ-ΛΓΛ,2026-04-22,ΕΝΤΑΛΜΑ ΠΛΗΡΩΜΗΣ RETHINK Α.Ε.Β.Ε (999125269),999125269,RETHINK Α.Ε.Β.Ε (999125269),79.36,,
9Α9Τ4690ΒΩ-ΤΟΤ,2026-04-22,ΕΝΤΑΛΜΑ ΠΛΗΡΩΜΗΣ SCIBA A.E (997673950),997673950,SCIBA A.E (997673950),1083.29,,
ΨΘΦ64690ΒΩ-82Θ,2026-04-22,ΕΝΤΑΛΜΑ ΠΛΗΡΩΜΗΣ α V.I.FARMA INTERNATIONAL s.a (999076399),999076399,α V.I.FARMA INTERNATIONAL s.a (999076399),508.8,,
Ψ13Σ4690ΒΩ-ΦΥ5,2026-04-23,ΕΝΤΑΛΜΑ ΠΛΗΡΩΜΗΣ VAKTRO AEBE (084221869),084221869,VAKTRO AEBE (084221869),42.16,,
92364690ΒΩ-Ω62,2026-04-23,ΕΝΤΑΛΜΑ ΠΛΗΡΩΜΗΣ ZERONO Α.Ε. (998477820),998477820,ZERONO Α.Ε. (998477820),1500.4,,
9ΝΠΩ4690ΒΩ-ΨΟΓ,2026-04-22,ΕΝΤΑΛΜΑ ΠΛΗΡΩΜΗΣ SIEMENS HEALTHINEERS ΕΛΛΑΣ ΜΟΝΟΠΡΟΣΩΠΗ Α.Ε. (094456875),094456875,SIEMENS HEALTHINEERS ΕΛΛΑΣ ΜΟΝΟΠΡΟΣΩΠΗ Α.Ε. (094456875),841.22,,
65ΩΑ4690ΒΩ-5ΡΣ,2026-04-22,ΕΝΤΑΛΜΑ ΠΛΗΡΩΜΗΣ PAUL HARTMANN HELLAS AE (999862491),999862491,PAUL HARTMANN HELLAS AE (999862491),2384.48,,
Ψ7ΟΕ4690ΒΩ-ΓΑ6,2026-04-17,ΕΝΤΑΛΜΑ ΠΛΗΡΩΜΗΣ ΣΑΜΑΡΑΣ ΑΕ (094294998),094294998,ΣΑΜΑΡΑΣ ΑΕ (094294998),1300.0,,
ΨΚΞΖ4690ΒΩ-59Τ,2026-04-17,ΕΝΤΑΛΜΑ ΠΛΗΡΩΜΗΣ Β.ΤΥΜΠΑΝΙΔΗΣ Κ.ΜΟΥΣΤΑΚΑ Ο.Ε. (997808976),997808976,Β.ΤΥΜΠΑΝΙΔΗΣ Κ.ΜΟΥΣΤΑΚΑ Ο.Ε. (997808976),1233.8,,
ΨΙΓ54690ΒΩ-1ΙΧ,2026-05-13,ΠΑΡΑΚΛΙΝΙΚΕΣ ΕΞΕΤΑΣΕΙΣ ΤΩΝ ΑΣΘΕΝΩΝ ΤΟΥ ΝΟΣΟΚΟΜΕΙΟΥ ΓΙΑ ΤΟ ΜΗΝΑ ΜΑΪΟ 2025 ΣΥΜΦΩΝΑ ΜΕ ΤΙΣ ΔΙΑΤΑΞΕΙΣ ΤΟΥ Ν.5264/2025 αρθ.105 (ΦΕΚ 239/ τ.Α΄/19/12/2025),999332720,ΓΕΝΙΚΟ ΝΟΣΟΚΟΜΕΙΟ ΝΟΣΗΜΑΤΩΝ ΘΩΡΑΚΟΣ ΑΘΗΝΩΝ Η ΣΩΤΗΡΙΑ,40.0,,24209890001002
98584690ΒΩ-ΒΤΩ,2026-03-23,ΠΑΡΑΚΛΙΝΙΚΕΣ ΕΞΕΤΑΣΕΙΣ ΤΩΝ ΑΣΘΕΝΩΝ ΤΟΥ ΝΟΣΟΚΟΜΕΙΟΥ ΓΙΑ ΤΟ ΜΗΝΑ ΙΟΥΛΙΟ 2025 ΣΥΜΦΩΝΑ ΜΕ ΤΙΣ ΔΙΑΤΑΞΕΙΣ ΤΟΥ Ν.5264/2025 αρθ.105 (ΦΕΚ 239/ τ.Α΄/19/12/2025),999294028,ΓΕΝΙΚΟ ΝΟΣΟΚΟΜΕΙΟ ΘΕΣΣΑΛΟΝΙΚΗΣ Γ ΠΑΠΑΝΙΚΟΛΑΟΥ,150.0,,24209890001002
ΨΙΒ64690ΒΩ-5ΛΨ,2026-03-23,ΠΑΡΑΚΛΙΝΙΚΕΣ ΕΞΕΤΑΣΕΙΣ ΤΩΝ ΑΣΘΕΝΩΝ ΤΟΥ ΝΟΣΟΚΟΜΕΙΟΥ ΓΙΑ ΤΟΥΣ ΜΗΝΑ ΙΟΥΛΙΟ 2025 ΣΥΜΦΩΝΑ ΜΕ ΤΙΣ ΔΙΑΤΑΞΕΙΣ ΤΟΥ Ν.5264/2025 αρθ.105 (ΦΕΚ 239/ τ.Α΄/19/12/2025),999332770,ΓΕΝΙΚΟ ΝΟΣΟΚΟΜΕΙΟ ΠΑΙΔΩΝ ΑΘΗΝΩΝ Η ΑΓΙΑ ΣΟΦΙΑ ΠΑΙΔΩΝ,373.37,,2429890001002
ΨΧ694690ΒΩ-ΘΟΓ,2026-03-20,ΕΝΤΑΛΜΑ ΠΛΗΡΩΜΗΣ ΛΙΑΠΗΣ ΙΩΑΝΝΗΣ (036142859),036142859,ΛΙΑΠΗΣ ΙΩΑΝΝΗΣ (036142859),210.8,,
ΨΡ5Η4690ΒΩ-6Μ2,2026-03-20,ΕΝΤΑΛΜΑ ΠΛΗΡΩΜΗΣ ΠΑΡΑΣΧΟΣ Β.   ΣΙΑ ΕΕ (099905778),099905778,ΠΑΡΑΣΧΟΣ Β.   ΣΙΑ ΕΕ (099905778),1934.03,,
Ψ5Ψ14690ΒΩ-9Ι7,2026-03-20,ΕΝΤΑΛΜΑ ΠΛΗΡΩΜΗΣ ΜΑΥΡΟΥΔΗΣ Α.Ε. (997998085),997998085,ΜΑΥΡΟΥΔΗΣ Α.Ε. (997998085),1017.1,,
621Ρ4690ΒΩ-ΒΧΝ,2026-03-20,ΕΝΤΑΛΜΑ ΠΛΗΡΩΜΗΣ Α.ΔΕΡΒΟΣ-Γ.ΔΗΜΗΤΡΑΚΟΠΟΥΛΟΣ κ.ΣΙΑ Α.Ε. (099518023),099518023,Α.ΔΕΡΒΟΣ-Γ.ΔΗΜΗΤΡΑΚΟΠΟΥΛΟΣ κ.ΣΙΑ Α.Ε. (099518023),483.6,,
68Υ64690ΒΩ-ΟΥ4,2026-03-20,ΕΝΤΑΛΜΑ ΠΛΗΡΩΜΗΣ MEDIC PLAN HEALTH PROJECT IKE (999961120),999961120,MEDIC PLAN HEALTH PROJECT IKE (999961120),992.0,,
Ψ8ΤΩ4690ΒΩ-Τ1Τ,2026-03-20,ΕΝΤΑΛΜΑ ΠΛΗΡΩΜΗΣ ΠΑΠΑΜΙΧΑΗΛ Δ.   ΣΙΑ ΕΕ -NILO (093471463),093471463,ΠΑΠΑΜΙΧΑΗΛ Δ.   ΣΙΑ ΕΕ -NILO (093471463),98.21,,
9ΣΝ84690ΒΩ-5ΞΩ,2026-03-20,ΕΝΤΑΛΜΑ ΠΛΗΡΩΜΗΣ ΝΙΚΗ ΚΟΡΟΜΠΙΛΗ- ΚΩΝΣΤΑΝΤΙΝΟΣ  ΠΑΠΑΚΩΣΤΑΣ Ο.Ε. (082675952),082675952,ΝΙΚΗ ΚΟΡΟΜΠΙΛΗ- ΚΩΝΣΤΑΝΤΙΝΟΣ  ΠΑΠΑΚΩΣΤΑΣ Ο.Ε. (082675952),28.33,,
ΨΝΑΖ4690ΒΩ-ΕΦΟ,2026-03-20,ΕΝΤΑΛΜΑ ΠΛΗΡΩΜΗΣ ΝΙΚΟΛΑΚΟΠΟΥΛΟΣ Π. - ΔΙΑΓΡΑΜΜΑ ΑΕ (094501457),094501457,ΝΙΚΟΛΑΚΟΠΟΥΛΟΣ Π. - ΔΙΑΓΡΑΜΜΑ ΑΕ (094501457),62.0,,
6ΝΘ04690ΒΩ-ΒΡ2,2026-04-27,ΕΝΤΑΛΜΑ ΠΛΗΡΩΜΗΣ BIOMERIEUX ΕΛΛΑΣ Α.Ε. (094499248),094499248,BIOMERIEUX ΕΛΛΑΣ Α.Ε. (094499248),74.4,,
62Ξ84690ΒΩ-9ΕΣ,2026-04-16,ΕΝΤΑΛΜΑ ΠΛΗΡΩΜΗΣ ΕΝΟΡΑΣΙΣ Α.Ε. (094503580),094503580,ΕΝΟΡΑΣΙΣ Α.Ε. (094503580),67.46,,
9ΦΔΛ4690ΒΩ-2Σ2,2026-03-20,ΕΝΤΑΛΜΑ ΠΛΗΡΩΜΗΣ PAUL HARTMANN HELLAS AE (999862491),999862491,PAUL HARTMANN HELLAS AE (999862491),431.52,,
ΨΤ4Ν4690ΒΩ-Ζ5Κ,2026-04-27,ΕΝΤΑΛΜΑ ΠΛΗΡΩΜΗΣ BIOSNA Α.Ε ΜΠΑΣΚΛΑΒΑΝΗΣ-ΠΕΡΡΟΣ ΔΙΑΓΝΩΣΤΙΚΑ-ΧΗΜΙΚΑ (094415660),094415660,BIOSNA Α.Ε ΜΠΑΣΚΛΑΒΑΝΗΣ-ΠΕΡΡΟΣ ΔΙΑΓΝΩΣΤΙΚΑ-ΧΗΜΙΚΑ (094415660),16.96,,
ΨΧΚΣ4690ΒΩ-ΗΦ7,2026-04-27,ΕΝΤΑΛΜΑ ΠΛΗΡΩΜΗΣ ΑΛΦΑ ΜΕΝΤΙΚΑΛ ΑΕΒΕ (095580571),095580571,ΑΛΦΑ ΜΕΝΤΙΚΑΛ ΑΕΒΕ (095580571),773.8,,
6ΜΣΓ4690ΒΩ-4ΛΘ,2026-04-14,ΕΝΤΑΛΜΑ ΠΛΗΡΩΜΗΣ ΒΥΖΑΣ ΑΝΩΝ. ΕΜΠΟΡΙΚΗ ΕΤΑΙΡΕΙΑ (094289349),094289349,ΒΥΖΑΣ ΑΝΩΝ. ΕΜΠΟΡΙΚΗ ΕΤΑΙΡΕΙΑ (094289349),297.6,,
ΨΘ8Ζ4690ΒΩ-Ω34,2026-03-23,ΕΝΤΑΛΜΑ ΠΛΗΡΩΜΗΣ ΛΑΒΔΑΚΗΣ ΕΜΜΑΝΟΥΗΛ Ο.Ε (081576638),081576638,ΛΑΒΔΑΚΗΣ ΕΜΜΑΝΟΥΗΛ Ο.Ε (081576638),254.2,,
Ψ4ΦΟ4690ΒΩ-2ΥΦ,2026-03-23,ΕΝΤΑΛΜΑ ΠΛΗΡΩΜΗΣ Ν.    Ρ.  ΚΟΛΥΤΟΣ  ΟΕ (082325792),082325792,Ν.    Ρ.  ΚΟΛΥΤΟΣ  ΟΕ (082325792),183.52,,
9Ξ5Α4690ΒΩ-31Α,2026-04-14,ΕΝΤΑΛΜΑ ΠΛΗΡΩΜΗΣ ΑΛΦΑ ΜΕΝΤΙΚΑΛ ΑΕΒΕ (095580571),095580571,ΑΛΦΑ ΜΕΝΤΙΚΑΛ ΑΕΒΕ (095580571),1515.8,,
ΡΓΤΒ4690ΒΩ-ΘΡΥ,2026-04-14,ΕΝΤΑΛΜΑ ΠΛΗΡΩΜΗΣ BIOKON ΙΑΤΡΙΚΑ   ΒΙΟΤΕΧ/ΚΑ ΠΡΟΙΟΝΤΑ ΕΠΕ (999656321),999656321,BIOKON ΙΑΤΡΙΚΑ   ΒΙΟΤΕΧ/ΚΑ ΠΡΟΙΟΝΤΑ ΕΠΕ (999656321),477.0,,
9Β0Γ4690ΒΩ-4ΛΑ,2026-03-20,ΕΝΤΑΛΜΑ ΠΛΗΡΩΜΗΣ ΕΡΓΟΣΥΣΤΕΜΣ ΕΠΕ (095457728),095457728,ΕΡΓΟΣΥΣΤΕΜΣ ΕΠΕ (095457728),842.12,,
ΨΞΕΡ4690ΒΩ-ΠΞΡ,2026-03-20,ΕΝΤΑΛΜΑ ΠΛΗΡΩΜΗΣ NEUROMED  Ε. ΧΑΤΖΗΕΦΡΑΙΜΙΔΗΣ ΜΟΝΟΠΡΟΣΩΠΗ ΕΤΑΙΡΙΑ ΠΕΡΙΟΡΙΣΜΕΝΗΣ ΕΥΘΥΝΗΣ (999430320),999430320,NEUROMED  Ε. ΧΑΤΖΗΕΦΡΑΙΜΙΔΗΣ ΜΟΝΟΠΡΟΣΩΠΗ ΕΤΑΙΡΙΑ ΠΕΡΙΟΡΙΣΜΕΝΗΣ ΕΥΘΥΝΗΣ (999430320),744.0,,
Ρ08Θ4690ΒΩ-Κ6Ξ,2026-04-15,ΕΝΤΑΛΜΑ ΠΛΗΡΩΜΗΣ ΒΙΟΣΕΡ Α.Ε. (094035927),094035927,ΒΙΟΣΕΡ Α.Ε. (094035927),284.2,,
Ρ9Π94690ΒΩ-ΚΔΥ,2026-04-14,ΕΝΤΑΛΜΑ ΠΛΗΡΩΜΗΣ ΒΥΖΑΣ ΑΝΩΝ. ΕΜΠΟΡΙΚΗ ΕΤΑΙΡΕΙΑ (094289349),094289349,ΒΥΖΑΣ ΑΝΩΝ. ΕΜΠΟΡΙΚΗ ΕΤΑΙΡΕΙΑ (094289349),961.0,,
ΡΙ4Θ4690ΒΩ-Σ17,2026-04-14,ΕΝΤΑΛΜΑ ΠΛΗΡΩΜΗΣ BIOKON ΙΑΤΡΙΚΑ   ΒΙΟΤΕΧ/ΚΑ ΠΡΟΙΟΝΤΑ ΕΠΕ (999656321),999656321,BIOKON ΙΑΤΡΙΚΑ   ΒΙΟΤΕΧ/ΚΑ ΠΡΟΙΟΝΤΑ ΕΠΕ (999656321),114.48,,
6Α2Χ4690ΒΩ-ΦΣΘ,2026-04-28,ΕΝΤΑΛΜΑ ΠΛΗΡΩΜΗΣ ΓΕΝΙΚΗ ΧΗΜΙΚΩΝ ΠΡΟΙΟΝΤΩΝ Α.Ε. (094133588),094133588,ΓΕΝΙΚΗ ΧΗΜΙΚΩΝ ΠΡΟΙΟΝΤΩΝ Α.Ε. (094133588),472.44,,
9Ξ0Β4690ΒΩ-ΩΞΘ,2026-03-19,ΕΝΤΑΛΜΑ ΠΛΗΡΩΜΗΣ ΛΕΩΝΙΔΑΣ ΚΑΝΕΛΛΟΣ    ΣΙΑ  Ο.Ε. (093401589),093401589,ΛΕΩΝΙΔΑΣ ΚΑΝΕΛΛΟΣ    ΣΙΑ  Ο.Ε. (093401589),1080.66,,
ΨΡΤΕ4690ΒΩ-ΤΔ2,2026-03-19,ΕΝΤΑΛΜΑ ΠΛΗΡΩΜΗΣ BBD ΝΙΚ.ΛΑΙΝΙΩΤΗΣ Α.Ε.Β.Ε. (093628458),093628458,BBD ΝΙΚ.ΛΑΙΝΙΩΤΗΣ Α.Ε.Β.Ε. (093628458),2205.22,,
ΨΘΥ54690ΒΩ-7ΑΦ,2026-03-19,ΕΝΤΑΛΜΑ ΠΛΗΡΩΜΗΣ ΜΠΑΚΕΛΑΣ Α.Ε. (800462221),800462221,ΜΠΑΚΕΛΑΣ Α.Ε. (800462221),2306.4,,
ΡΑ6Χ4690ΒΩ-ΦΕΟ,2026-04-27,ΕΝΤΑΛΜΑ ΠΛΗΡΩΜΗΣ MEDICON HELLAS AE (094240321),094240321,MEDICON HELLAS AE (094240321),1166.0,,
Ρ6204690ΒΩ-2ΔΧ,2026-03-19,ΕΝΤΑΛΜΑ ΠΛΗΡΩΜΗΣ Ατομική Φροντίδα ΑΒΕΕ (998476060),998476060,Ατομική Φροντίδα ΑΒΕΕ (998476060),1897.2,,
922Γ4690ΒΩ-Υ1Ν,2026-04-27,ΕΝΤΑΛΜΑ ΠΛΗΡΩΜΗΣ ΒΑΡΕΛΑΣ Α.Ε. (094047060),094047060,ΒΑΡΕΛΑΣ Α.Ε. (094047060),5638.14,,
Ψ79Β4690ΒΩ-ΛΘΕ,2026-04-08,ΕΝΤΑΛΜΑ ΠΛΗΡΩΜΗΣ ΙΑΜΕΞ  ΙΑΤΡΙΚΑ  ΕΙΔΗ  Α.Ε. (999212027),999212027,ΙΑΜΕΞ  ΙΑΤΡΙΚΑ  ΕΙΔΗ  Α.Ε. (999212027),3088.57,,
Ψ67Μ4690ΒΩ-ΕΓ3,2026-03-23,ΕΝΤΑΛΜΑ ΠΛΗΡΩΜΗΣ ΕΡΓΟΣΥΣΤΕΜΣ ΕΠΕ (095457728),095457728,ΕΡΓΟΣΥΣΤΕΜΣ ΕΠΕ (095457728),3030.34,,
Ψ3Α64690ΒΩ-9Ν4,2026-04-15,ΕΝΤΑΛΜΑ ΠΛΗΡΩΜΗΣ ΕΛΛΕΝΚΟ ΑΕ (094074824),094074824,ΕΛΛΕΝΚΟ ΑΕ (094074824),2224.07,,
96Ω34690ΒΩ-ΖΧΤ,2026-04-30,ΕΝΤΑΛΜΑ ΠΛΗΡΩΜΗΣ ΙΑΚΩΒΙΔΗΣ Μ. Σ. ΕΛΛΑΣ Α.Ε. (095186426),095186426,ΙΑΚΩΒΙΔΗΣ Μ. Σ. ΕΛΛΑΣ Α.Ε. (095186426),2012.53,,
6ΤΚΛ4690ΒΩ-Λ95,2026-05-07,ΕΝΤΑΛΜΑ ΠΛΗΡΩΜΗΣ ΔΗΜΟΠΟΥΛΟΣ ΚΩΝ ΧΡΗΣΤΟΣ(MEDIHUB) (118705853),118705853,ΔΗΜΟΠΟΥΛΟΣ ΚΩΝ ΧΡΗΣΤΟΣ(MEDIHUB) (118705853),3408.39,,
9ΧΤΩ4690ΒΩ-Ξ79,2026-04-30,ΕΝΤΑΛΜΑ ΠΛΗΡΩΜΗΣ ΥΓΕΙΑΣΗ Α.Ε  ΙΑΤΡΟΤΕΧΝΙΚΑ ΠΡΟΪΟΝΤΑ (998940383),998940383,ΥΓΕΙΑΣΗ Α.Ε  ΙΑΤΡΟΤΕΧΝΙΚΑ ΠΡΟΪΟΝΤΑ (998940383),2695.05,,
ΨΤΨΞ4690ΒΩ-0ΞΞ,2026-05-05,ΕΝΤΑΛΜΑ ΠΛΗΡΩΜΗΣ ΒΑΡΕΛΑΣ Α.Ε. (094047060),094047060,ΒΑΡΕΛΑΣ Α.Ε. (094047060),5916.92,,
9ΖΜΚ4690ΒΩ-ΩΣΦ,2026-05-05,ΕΝΤΑΛΜΑ ΠΛΗΡΩΜΗΣ ΜΑΥΡΟΓΕΝΗΣ ΑΝΑΣΤΑΣΙΟΣ ΑΕ ΙΑΤΡΟΤΕΧΝΟΛΟΓΙΚΑ ΕΙΔΗ (082525697),082525697,ΜΑΥΡΟΓΕΝΗΣ ΑΝΑΣΤΑΣΙΟΣ ΑΕ ΙΑΤΡΟΤΕΧΝΟΛΟΓΙΚΑ ΕΙΔΗ (082525697),8927.93,,
ΡΥ9Δ4690ΒΩ-7Ο8,2026-05-05,ΕΝΤΑΛΜΑ ΠΛΗΡΩΜΗΣ BIOMERIEUX ΕΛΛΑΣ Α.Ε. (094499248),094499248,BIOMERIEUX ΕΛΛΑΣ Α.Ε. (094499248),14469.0,,
ΨΨ7Α4690ΒΩ-ΔΚΔ,2026-05-05,ΕΝΤΑΛΜΑ ΠΛΗΡΩΜΗΣ ΚΟΣΜΙΔΗΣ  ΧΑΡ. ΠΕΤΡΟΣ     ΣΙΑ  Ε.Ε. (999685389),999685389,ΚΟΣΜΙΔΗΣ  ΧΑΡ. ΠΕΤΡΟΣ     ΣΙΑ  Ε.Ε. (999685389),3316.46,,
Ψ8ΨΨ4690ΒΩ-4Ι2,2026-05-05,ΕΝΤΑΛΜΑ ΠΛΗΡΩΜΗΣ MEDICIN Α.ΤΡΙΑΝΤΑΦΥΛΛΟΠΟΥΛΟΣ Ε.Ε. (800896490),800896490,MEDICIN Α.ΤΡΙΑΝΤΑΦΥΛΛΟΠΟΥΛΟΣ Ε.Ε. (800896490),3401.44,,
9Ε8Η4690ΒΩ-ΡΟΚ,2026-05-05,ΕΝΤΑΛΜΑ ΠΛΗΡΩΜΗΣ BBD ΝΙΚ.ΛΑΙΝΙΩΤΗΣ Α.Ε.Β.Ε. (093628458),093628458,BBD ΝΙΚ.ΛΑΙΝΙΩΤΗΣ Α.Ε.Β.Ε. (093628458),3822.3,,
ΨΣΘΜ4690ΒΩ-ΙΞΣ,2026-04-30,ΕΝΤΑΛΜΑ ΠΛΗΡΩΜΗΣ ZERONO Α.Ε. (998477820),998477820,ZERONO Α.Ε. (998477820),5456.0,,
ΨΙΥΩ4690ΒΩ-4Ο3,2026-05-05,ΕΝΤΑΛΜΑ ΠΛΗΡΩΜΗΣ ΜΑΥΡΟΓΕΝΗΣ ΑΝΑΣΤΑΣΙΟΣ ΑΕ ΙΑΤΡΟΤΕΧΝΟΛΟΓΙΚΑ ΕΙΔΗ (082525697),082525697,ΜΑΥΡΟΓΕΝΗΣ ΑΝΑΣΤΑΣΙΟΣ ΑΕ ΙΑΤΡΟΤΕΧΝΟΛΟΓΙΚΑ ΕΙΔΗ (082525697),4047.66,,
9ΣΩΕ4690ΒΩ-ΣΣ1,2026-05-05,ΕΝΤΑΛΜΑ ΠΛΗΡΩΜΗΣ ΜΑΥΡΟΓΕΝΗΣ ΑΝΑΣΤΑΣΙΟΣ ΑΕ ΙΑΤΡΟΤΕΧΝΟΛΟΓΙΚΑ ΕΙΔΗ (082525697),082525697,ΜΑΥΡΟΓΕΝΗΣ ΑΝΑΣΤΑΣΙΟΣ ΑΕ ΙΑΤΡΟΤΕΧΝΟΛΟΓΙΚΑ ΕΙΔΗ (082525697),31116.26,,
9ΒΞΖ4690ΒΩ-05Υ,2026-04-29,ΕΝΤΑΛΜΑ ΠΛΗΡΩΜΗΣ ΕΠΑ ΘΕΣΣΑΛΟΝΙΚΗΣ-ΘΕΣΣΑΛΙΑΣ ΑΕ (997998048),997998048,ΕΠΑ ΘΕΣΣΑΛΟΝΙΚΗΣ-ΘΕΣΣΑΛΙΑΣ ΑΕ (997998048),405506.69,,
ΨΗΨ14690ΒΩ-ΓΧΡ,2026-04-29,ΕΝΤΑΛΜΑ ΠΛΗΡΩΜΗΣ ΕΠΑ ΘΕΣΣΑΛΟΝΙΚΗΣ-ΘΕΣΣΑΛΙΑΣ ΑΕ (997998048),997998048,ΕΠΑ ΘΕΣΣΑΛΟΝΙΚΗΣ-ΘΕΣΣΑΛΙΑΣ ΑΕ (997998048),706.76,,
9Λ1Β4690ΒΩ-ΟΓΡ,2026-04-29,ΕΝΤΑΛΜΑ ΠΛΗΡΩΜΗΣ ΕΠΑ ΘΕΣΣΑΛΟΝΙΚΗΣ-ΘΕΣΣΑΛΙΑΣ ΑΕ (997998048),997998048,ΕΠΑ ΘΕΣΣΑΛΟΝΙΚΗΣ-ΘΕΣΣΑΛΙΑΣ ΑΕ (997998048),2015.14,,
ΨΦΗΑ4690ΒΩ-7Ι1,2026-04-29,ΕΝΤΑΛΜΑ ΠΛΗΡΩΜΗΣ ΕΠΑ ΘΕΣΣΑΛΟΝΙΚΗΣ-ΘΕΣΣΑΛΙΑΣ ΑΕ (997998048),997998048,ΕΠΑ ΘΕΣΣΑΛΟΝΙΚΗΣ-ΘΕΣΣΑΛΙΑΣ ΑΕ (997998048),84531.3,,
68474690ΒΩ-6ΨΜ,2026-04-29,ΕΝΤΑΛΜΑ ΠΛΗΡΩΜΗΣ ΕΠΑ ΘΕΣΣΑΛΟΝΙΚΗΣ-ΘΕΣΣΑΛΙΑΣ ΑΕ (997998048),997998048,ΕΠΑ ΘΕΣΣΑΛΟΝΙΚΗΣ-ΘΕΣΣΑΛΙΑΣ ΑΕ (997998048),4643.64,,
ΨΛΕΜ4690ΒΩ-ΖΦ0,2026-04-30,ΕΝΤΑΛΜΑ ΠΛΗΡΩΜΗΣ ΕΠΑ ΘΕΣΣΑΛΟΝΙΚΗΣ-ΘΕΣΣΑΛΙΑΣ ΑΕ (997998048),997998048,ΕΠΑ ΘΕΣΣΑΛΟΝΙΚΗΣ-ΘΕΣΣΑΛΙΑΣ ΑΕ (997998048),3716.1,,
Ψ08Θ4690ΒΩ-ΥΧΟ,2026-05-08,ΕΝΤΑΛΜΑ ΠΛΗΡΩΜΗΣ ΤΡΑΠΕΖΑ  EUROBANK AE (094014250),094014250,ΤΡΑΠΕΖΑ  EUROBANK AE (094014250),4.0,,
9ΤΛ04690ΒΩ-ΒΒΖ,2026-05-08,ΕΙΣΦΟΡΕΣ ΣΤΟΝ ΕΦΚΑ ΤΑΚΤΙΚΩΝ ΑΠΟΔΟΧΩΝ ΙΑΝΟΥΑΡΙΟΥ 2026 ΤΟΥ ΕΙΔΙΚΟΥ ΠΡΟΓΡΑΜΜΑΤΟΣ ΑΠΑΣΧΟΛΗΣΗΣ 1135 ΑΝΕΡΓΟΙ ΣΤΟ ΧΩΡΟ ΤΗΣ ΥΓΕΙΑ,090003373,ΙΚΑ,676.53,,21903010014001
9ΠΗ14690ΒΩ-ΗΥΚ,2026-05-04,ΕΝΤΑΛΜΑ ΠΛΗΡΩΜΗΣ DEMO ABEE (094041553),094041553,DEMO ABEE (094041553),110062.36,,
9ΕΡΤ4690ΒΩ-ΚΚΠ,2026-04-27,ΕΝΤΑΛΜΑ ΠΛΗΡΩΜΗΣ DIACHEL ΔΙΑΓΝΩΣΤΙΚΑ - ΧΗΜΙΚΗ ΟΡΓΑΝΟΛΟΓΙΑ  AE (095341314),095341314,DIACHEL ΔΙΑΓΝΩΣΤΙΚΑ - ΧΗΜΙΚΗ ΟΡΓΑΝΟΛΟΓΙΑ  AE (095341314),1577.28,,
62Η04690ΒΩ-ΔΛ5,2026-04-27,ΕΝΤΑΛΜΑ ΠΛΗΡΩΜΗΣ MEDICON HELLAS AE (094240321),094240321,MEDICON HELLAS AE (094240321),2513.4,,
ΨΦ9Ω4690ΒΩ-2ΑΝ,2026-04-27,ΕΝΤΑΛΜΑ ΠΛΗΡΩΜΗΣ ΝΤΙΑΜΕΝΤ ΕΛΛΑΣ Α.Ε.Ε (095259724),095259724,ΝΤΙΑΜΕΝΤ ΕΛΛΑΣ Α.Ε.Ε (095259724),140.77,,
980Α4690ΒΩ-ΞΣ2,2026-04-30,ΕΝΤΑΛΜΑ ΠΛΗΡΩΜΗΣ BOSTON SCIENTIFIC ΕΛΛΑΣ Α.Ε. (094474807),094474807,BOSTON SCIENTIFIC ΕΛΛΑΣ Α.Ε. (094474807),14735.2,,
9ΧΣ04690ΒΩ-ΨΝΤ,2026-04-30,ΕΝΤΑΛΜΑ ΠΛΗΡΩΜΗΣ SCIBA A.E (997673950),997673950,SCIBA A.E (997673950),4102.05,,
95974690ΒΩ-ΒΤΜ,2026-04-30,ΕΝΤΑΛΜΑ ΠΛΗΡΩΜΗΣ Β.ΤΥΜΠΑΝΙΔΗΣ Κ.ΜΟΥΣΤΑΚΑ Ο.Ε. (997808976),997808976,Β.ΤΥΜΠΑΝΙΔΗΣ Κ.ΜΟΥΣΤΑΚΑ Ο.Ε. (997808976),6581.7,,
62Χ14690ΒΩ-ΠΔ3,2026-04-28,ΕΝΤΑΛΜΑ ΠΛΗΡΩΜΗΣ SANIMED-ΜΑΡΙΝΑ ΓΕΩΡΓΑΚΗ   ΣΙΑ Ε.Ε (999324154),999324154,SANIMED-ΜΑΡΙΝΑ ΓΕΩΡΓΑΚΗ   ΣΙΑ Ε.Ε (999324154),3015.5,,
Ρ2ΣΑ4690ΒΩ-ΖΞΣ,2026-04-28,ΕΝΤΑΛΜΑ ΠΛΗΡΩΜΗΣ EDWARDS LIFESCIENCES HELLAS  ΕΠΕ (999869222),999869222,EDWARDS LIFESCIENCES HELLAS  ΕΠΕ (999869222),1364.0,,
ΨΖΗΖ4690ΒΩ-ΑΜΒ,2026-04-28,ΕΝΤΑΛΜΑ ΠΛΗΡΩΜΗΣ ΚΟΡΤΕΣΗΣ Δ. ΣΙΑ Ε.Ε ΙΑΤΡΙΚΑ (999658897),999658897,ΚΟΡΤΕΣΗΣ Δ. ΣΙΑ Ε.Ε ΙΑΤΡΙΚΑ (999658897),847.01,,
9ΚΗ44690ΒΩ-ΥΥ5,2026-04-22,ΕΝΤΑΛΜΑ ΠΛΗΡΩΜΗΣ SANIMED-ΜΑΡΙΝΑ ΓΕΩΡΓΑΚΗ   ΣΙΑ Ε.Ε (999324154),999324154,SANIMED-ΜΑΡΙΝΑ ΓΕΩΡΓΑΚΗ   ΣΙΑ Ε.Ε (999324154),1248.65,,
ΡΟΟΣ4690ΒΩ-ΞΦΔ,2026-04-21,ΕΝΤΑΛΜΑ ΠΛΗΡΩΜΗΣ ΜΕΝΤΙΣΑΠ ΑΕ (094447320),094447320,ΜΕΝΤΙΣΑΠ ΑΕ (094447320),836.38,,
91ΡΤ4690ΒΩ-Β6Υ,2026-04-30,ΕΝΤΑΛΜΑ ΠΛΗΡΩΜΗΣ ΜΑΥΡΟΓΕΝΗΣ ΑΝΑΣΤΑΣΙΟΣ ΑΕ ΙΑΤΡΟΤΕΧΝΟΛΟΓΙΚΑ ΕΙΔΗ (082525697),082525697,ΜΑΥΡΟΓΕΝΗΣ ΑΝΑΣΤΑΣΙΟΣ ΑΕ ΙΑΤΡΟΤΕΧΝΟΛΟΓΙΚΑ ΕΙΔΗ (082525697),42352.2,,
Ψ0ΞΣ4690ΒΩ-ΙΑΠ,2026-04-30,ΕΝΤΑΛΜΑ ΠΛΗΡΩΜΗΣ Y LOGIMED Α.Ε (094446034),094446034,Y LOGIMED Α.Ε (094446034),8060.0,,
90Γ44690ΒΩ-Δ3Ξ,2026-04-30,ΕΝΤΑΛΜΑ ΠΛΗΡΩΜΗΣ BAYER ΕΛΛΑΣ ΑΒΕΕ (094056437),094056437,BAYER ΕΛΛΑΣ ΑΒΕΕ (094056437),14059.12,,
9ΚΘΚ4690ΒΩ-ΕΙΑ,2026-04-29,ΕΝΤΑΛΜΑ ΠΛΗΡΩΜΗΣ ΤΖΕΚΑ ΑΦΟΙ Ο.Ε (997663680),997663680,ΤΖΕΚΑ ΑΦΟΙ Ο.Ε (997663680),657.11,,
ΨΛ7Γ4690ΒΩ-Ε60,2026-04-30,ΕΝΤΑΛΜΑ ΠΛΗΡΩΜΗΣ Φ.ΚΟΥΡΟΜΠΛΗ - Ε.ΓΙΑΝΝΟΥΛΑΚΗ ΑΕΕΔΕ (996732943),996732943,Φ.ΚΟΥΡΟΜΠΛΗ - Ε.ΓΙΑΝΝΟΥΛΑΚΗ ΑΕΕΔΕ (996732943),260.4,,
9ΖΦΗ4690ΒΩ-6ΑΩ,2026-04-28,ΕΝΤΑΛΜΑ ΠΛΗΡΩΜΗΣ ΙΝΕΞ Α.Ε. (094356041),094356041,ΙΝΕΞ Α.Ε. (094356041),421.88,,
9ΞΡΡ4690ΒΩ-ΙΑΗ,2026-04-28,ΕΝΤΑΛΜΑ ΠΛΗΡΩΜΗΣ ARETEION MEDICALS A.E. (998283495),998283495,ARETEION MEDICALS A.E. (998283495),1779.22,,
ΨΖΞΑ4690ΒΩ-1Η5,2026-04-28,ΕΝΤΑΛΜΑ ΠΛΗΡΩΜΗΣ ΒΙΟΠΡΟΜΗΘΕΥΤΙΚΗ ΜΟΝΟΠΡΟΣΩΠΗ  Ε.Π.Ε. (099007886),099007886,ΒΙΟΠΡΟΜΗΘΕΥΤΙΚΗ ΜΟΝΟΠΡΟΣΩΠΗ  Ε.Π.Ε. (099007886),1563.62,,
ΨΞΨΧ4690ΒΩ-ΟΚ8,2026-04-28,ΕΝΤΑΛΜΑ ΠΛΗΡΩΜΗΣ ΒΙΟΣΕΡ Α.Ε. (094035927),094035927,ΒΙΟΣΕΡ Α.Ε. (094035927),1317.02,,
ΨΤΙ44690ΒΩ-Κ5Γ,2026-04-28,ΕΝΤΑΛΜΑ ΠΛΗΡΩΜΗΣ MEDICARE HELLAS Α.Ε (095367968),095367968,MEDICARE HELLAS Α.Ε (095367968),1116.0,,
ΨΤΟΒ4690ΒΩ-ΜΥ5,2026-04-28,ΕΝΤΑΛΜΑ ΠΛΗΡΩΜΗΣ ΥΓΕΙΟΔΥΝΑΜΙΚΗ Α.Ε. ΙΑΤΡΙΚΩΝ ΕΦΟΔΙΩΝ (997672386),997672386,ΥΓΕΙΟΔΥΝΑΜΙΚΗ Α.Ε. ΙΑΤΡΙΚΩΝ ΕΦΟΔΙΩΝ (997672386),2151.4,,
93ΧΕ4690ΒΩ-1Δ6,2026-04-28,ΕΝΤΑΛΜΑ ΠΛΗΡΩΜΗΣ ΜΕΝΤΙΣΑΠ ΑΕ (094447320),094447320,ΜΕΝΤΙΣΑΠ ΑΕ (094447320),3468.54,,
ΨΖΕ94690ΒΩ-ΨΨ6,2026-04-28,ΕΝΤΑΛΜΑ ΠΛΗΡΩΜΗΣ TELEFLEX MEDICAL ΕΛΛΑΣ (ARROW HELLAS AEE) (094429990),094429990,TELEFLEX MEDICAL ΕΛΛΑΣ (ARROW HELLAS AEE) (094429990),3864.6,,
ΨΔ1Χ4690ΒΩ-0ΟΚ,2026-04-28,ΕΝΤΑΛΜΑ ΠΛΗΡΩΜΗΣ ΚΑΛΤΕΚ ΑΕ ΕΜΠΟΡΙΑ ΙΑΤΡΙΚΩΝ ΕΙΔΩΝ ΚΑΙ ΠΡΟΙΟΝΤΩΝ ΚΑΙ ΜΗΧΑΝΗΜΑΤΩΝ  ΑΝΩΝΥΜΗ ΕΤΑΙΡΕΙΑ (999307110),999307110,ΚΑΛΤΕΚ ΑΕ ΕΜΠΟΡΙΑ ΙΑΤΡΙΚΩΝ ΕΙΔΩΝ ΚΑΙ ΠΡΟΙΟΝΤΩΝ ΚΑΙ ΜΗΧΑΝΗΜΑΤΩΝ  ΑΝΩΝΥΜΗ ΕΤΑΙΡΕΙΑ (999307110),4894.08,,
ΡΒΜΤ4690ΒΩ-ΤΨΟ,2026-04-28,ΕΝΤΑΛΜΑ ΠΛΗΡΩΜΗΣ ΕΝΟΡΑΣΙΣ Α.Ε. (094503580),094503580,ΕΝΟΡΑΣΙΣ Α.Ε. (094503580),7440.0,,
6Χ5Φ4690ΒΩ-Ω26,2026-04-28,ΕΝΤΑΛΜΑ ΠΛΗΡΩΜΗΣ Y LOGIMED Α.Ε (094446034),094446034,Y LOGIMED Α.Ε (094446034),8476.6,,
ΨΡΠΗ4690ΒΩ-ΣΟΚ,2026-04-28,ΕΝΤΑΛΜΑ ΠΛΗΡΩΜΗΣ MEDTRONIC HELLAS SA (094498111),094498111,MEDTRONIC HELLAS SA (094498111),12896.0,,
ΨΧ3Δ4690ΒΩ-ΞΝ5,2026-04-28,ΕΝΤΑΛΜΑ ΠΛΗΡΩΜΗΣ ΠΑΠΑΠΟΣΤΟΛΟΥ Ν. ΑΕ (095029193),095029193,ΠΑΠΑΠΟΣΤΟΛΟΥ Ν. ΑΕ (095029193),1798.0,,
ΨΝΓ44690ΒΩ-9ΗΥ,2026-04-08,ΕΝΤΑΛΜΑ ΠΛΗΡΩΜΗΣ ΚΟΠΕΡ Α.Ε. (094007897),094007897,ΚΟΠΕΡ Α.Ε. (094007897),3968.05,,
ΨΓ6Ψ4690ΒΩ-4ΕΟ,2026-04-08,ΕΝΤΑΛΜΑ ΠΛΗΡΩΜΗΣ ΙΑΜΕΞ  ΙΑΤΡΙΚΑ  ΕΙΔΗ  Α.Ε. (999212027),999212027,ΙΑΜΕΞ  ΙΑΤΡΙΚΑ  ΕΙΔΗ  Α.Ε. (999212027),3600.17,,
ΨΤΤ94690ΒΩ-5Ε7,2026-04-06,ΕΝΤΑΛΜΑ ΠΛΗΡΩΜΗΣ ΚΑΛΤΕΚ ΑΕ ΕΜΠΟΡΙΑ ΙΑΤΡΙΚΩΝ ΕΙΔΩΝ ΚΑΙ ΠΡΟΙΟΝΤΩΝ ΚΑΙ ΜΗΧΑΝΗΜΑΤΩΝ  ΑΝΩΝΥΜΗ ΕΤΑΙΡΕΙΑ (999307110),999307110,ΚΑΛΤΕΚ ΑΕ ΕΜΠΟΡΙΑ ΙΑΤΡΙΚΩΝ ΕΙΔΩΝ ΚΑΙ ΠΡΟΙΟΝΤΩΝ ΚΑΙ ΜΗΧΑΝΗΜΑΤΩΝ  ΑΝΩΝΥΜΗ ΕΤΑΙΡΕΙΑ (999307110),2349.72,,
ΨΖΑΑ4690ΒΩ-ΨΜ2,2026-03-20,ΕΝΤΑΛΜΑ ΠΛΗΡΩΜΗΣ RAMMA DENTAL I.K.E. (801925162),801925162,RAMMA DENTAL I.K.E. (801925162),1267.76,,
9ΓΤΙ4690ΒΩ-7ΓΓ,2026-04-30,ΕΝΤΑΛΜΑ ΠΛΗΡΩΜΗΣ ΤΡΑΠΕΖΑ ΕΛΛΑΔΟΣ (094014213),094014213,ΤΡΑΠΕΖΑ ΕΛΛΑΔΟΣ (094014213),57.35,,
9ΤΠΠ4690ΒΩ-Ζ1Γ,2026-04-30,ΕΝΤΑΛΜΑ ΠΛΗΡΩΜΗΣ ΤΡΑΠΕΖΑ  EUROBANK AE (094014250),094014250,ΤΡΑΠΕΖΑ  EUROBANK AE (094014250),66.1,,
ΨΡΠΟ4690ΒΩ-Τ0Ν,2026-04-27,ΕΝΤΑΛΜΑ ΠΛΗΡΩΜΗΣ ΜΑΥΡΟΥΔΗΣ Α.Ε. (997998085),997998085,ΜΑΥΡΟΥΔΗΣ Α.Ε. (997998085),7568.71,,
ΨΞΧΔ4690ΒΩ-ΝΨ7,2026-04-27,ΕΝΤΑΛΜΑ ΠΛΗΡΩΜΗΣ ΤΡΑΠΕΖΑ  EUROBANK AE (094014250),094014250,ΤΡΑΠΕΖΑ  EUROBANK AE (094014250),1.2,,
62Ι84690ΒΩ-ΝΑ6,2026-04-27,ΕΝΤΑΛΜΑ ΠΛΗΡΩΜΗΣ HELIX SQUARED ΙΔΙΩΤΙΚΗ ΚΕΦΑΛΑΙΟΥΧΙΚΗ ΕΤΑΙΡΕΙΑ (800633585),800633585,HELIX SQUARED ΙΔΙΩΤΙΚΗ ΚΕΦΑΛΑΙΟΥΧΙΚΗ ΕΤΑΙΡΕΙΑ (800633585),4399.44,,
9Φ1Β4690ΒΩ-0ΕΙ,2026-04-29,ΕΝΤΑΛΜΑ ΠΛΗΡΩΜΗΣ ΚΟΥΤΣΟΡΕΒΥΘΗΣ    ΣΙΑ  Ο.Ε (998427667),998427667,ΚΟΥΤΣΟΡΕΒΥΘΗΣ    ΣΙΑ  Ο.Ε (998427667),6066.72,,
Ψ9ΗΧ4690ΒΩ-29Ω,2026-04-27,ΕΝΤΑΛΜΑ ΠΛΗΡΩΜΗΣ ABBOTT LABORATORIES  ΕΛΛΑΣ  Α.Β.Ε.Ε. (094027257),094027257,ABBOTT LABORATORIES  ΕΛΛΑΣ  Α.Β.Ε.Ε. (094027257),3504.7,,
ΨΦΒ44690ΒΩ-4ΧΨ,2026-04-30,ΚΑΛΛΙΕΡΓΕΙΕΣ ΜΙΚΡΟΒΙΟΛΟΓΙΑΣ,094499248,BIOMERIEUX ΕΛΛΑΣ ΑΝΩΝΥΜΗ ΕΤΑΙΡΙΑ ΕΙΣΑΓΩΓΗΣ ΕΜΠΟΡΙΑΣ ΚΑΙ ΔΙΑΝΟΜΗΣ ΙΑΤΡΙΚΩΝ ΚΑΙ ΔΙΑΓΝΩΣΤΙΚΩΝ ΠΡΟΙΟΝΤΩΝ,14469.0,,32302050001002
9Μ6Τ4690ΒΩ-ΕΔΚ,2026-04-30,ΑΝΤΙΔΡΑΣΤΗΡΙΑ ΑΙΜΟΣΤΑΣΗΣ ΜΕ ΣΥΜΒΑΣΗ ΤΟΝ ΜΗΝΑ ΙΟΥΛΙΟ 2025,094456875,SIEMENS HEALTHINEERS ΕΛΛΑΣ ΜΟΝΟΠΡΟΣΩΠΗ ΑΝΩΝΥΜΗ ΕΤΑΙΡΕΙΑ,9049.82,,32302050001002
Ψ1ΝΔ4690ΒΩ-ΨΛΒ,2026-04-22,ΕΝΤΑΛΜΑ ΠΛΗΡΩΜΗΣ MILONAS HEALTH A.E (998179225),998179225,MILONAS HEALTH A.E (998179225),2261.76,,
ΨΗΑΑ4690ΒΩ-1ΣΞ,2026-04-16,ΕΝΤΑΛΜΑ ΠΛΗΡΩΜΗΣ MEDICARE HELLAS Α.Ε (095367968),095367968,MEDICARE HELLAS Α.Ε (095367968),2846.24,,
Ρ6264690ΒΩ-ΓΤΕ,2026-04-15,ΕΝΤΑΛΜΑ ΠΛΗΡΩΜΗΣ INSIDE MEDICAL ΜΟΝΟΠΡΟΣΩΠΗ Ι.Κ.Ε. (800777790),800777790,INSIDE MEDICAL ΜΟΝΟΠΡΟΣΩΠΗ Ι.Κ.Ε. (800777790),3356.1,,
9Γ8Δ4690ΒΩ-ΗΜΧ,2026-04-15,ΕΝΤΑΛΜΑ ΠΛΗΡΩΜΗΣ VAKTRO AEBE (084221869),084221869,VAKTRO AEBE (084221869),2838.11,,
ΨΙΤ34690ΒΩ-ΩΥ3,2026-04-15,ΕΝΤΑΛΜΑ ΠΛΗΡΩΜΗΣ MEDIPRIME ΙΑΤΡΟΦΑΡΜ.ΕΙΔΩΝ Α.Ε.Ε. (998283526),998283526,MEDIPRIME ΙΑΤΡΟΦΑΡΜ.ΕΙΔΩΝ Α.Ε.Ε. (998283526),2882.94,,
ΨΦ0Θ4690ΒΩ-ΞΙ3,2026-04-28,ΕΝΤΑΛΜΑ ΠΛΗΡΩΜΗΣ ΜΑΥΡΟΥΔΗΣ Α.Ε. (997998085),997998085,ΜΑΥΡΟΥΔΗΣ Α.Ε. (997998085),3955.78,,
9ΞΓ84690ΒΩ-ΨΔΨ,2026-04-28,ΕΝΤΑΛΜΑ ΠΛΗΡΩΜΗΣ ΝΟΣΟΚΟΜΕΙΑΚΗ ΓΡΑΜΜΗ Α.Ε. HOSPITAL LINE (094396063),094396063,ΝΟΣΟΚΟΜΕΙΑΚΗ ΓΡΑΜΜΗ Α.Ε. HOSPITAL LINE (094396063),7588.8,,
ΨΨΛΗ4690ΒΩ-ΜΛΝ,2026-04-24,ΕΝΤΑΛΜΑ ΠΛΗΡΩΜΗΣ ΥΓΕΙΟΔΥΝΑΜΙΚΗ Α.Ε. ΙΑΤΡΙΚΩΝ ΕΦΟΔΙΩΝ (997672386),997672386,ΥΓΕΙΟΔΥΝΑΜΙΚΗ Α.Ε. ΙΑΤΡΙΚΩΝ ΕΦΟΔΙΩΝ (997672386),3720.0,,
Ρ4ΟΙ4690ΒΩ-Χ1Ν,2026-04-08,ΕΝΤΑΛΜΑ ΠΛΗΡΩΜΗΣ ΑΛΚΟΝ ΛΑΜΠΟΡΑΤΟΡΙΣ ΕΛΛΑΣ ΑΕΒΕ (094450895),094450895,ΑΛΚΟΝ ΛΑΜΠΟΡΑΤΟΡΙΣ ΕΛΛΑΣ ΑΕΒΕ (094450895),8332.8,,
95ΞΒ4690ΒΩ-418,2026-04-24,ΕΝΤΑΛΜΑ ΠΛΗΡΩΜΗΣ COMPUTER SOLUTIONS Α.E. (095403136),095403136,COMPUTER SOLUTIONS Α.E. (095403136),75082.0,,
Ψ8234690ΒΩ-Ρ01,2026-04-27,ΕΝΤΑΛΜΑ ΠΛΗΡΩΜΗΣ ΝΤΙΑΜΕΝΤ ΕΛΛΑΣ Α.Ε.Ε (095259724),095259724,ΝΤΙΑΜΕΝΤ ΕΛΛΑΣ Α.Ε.Ε (095259724),26882.98,,
9ΖΖΥ4690ΒΩ-Ο79,2026-04-21,ΕΝΤΑΛΜΑ ΠΛΗΡΩΜΗΣ DIACHEL ΔΙΑΓΝΩΣΤΙΚΑ - ΧΗΜΙΚΗ ΟΡΓΑΝΟΛΟΓΙΑ  AE (095341314),095341314,DIACHEL ΔΙΑΓΝΩΣΤΙΚΑ - ΧΗΜΙΚΗ ΟΡΓΑΝΟΛΟΓΙΑ  AE (095341314),1842.11,,
Ψ5ΤΦ4690ΒΩ-ΚΤ6,2026-04-21,ΕΝΤΑΛΜΑ ΠΛΗΡΩΜΗΣ DRAEGER  HELLAS A.E (997799268),997799268,DRAEGER  HELLAS A.E (997799268),1793.04,,
9ΡΝΚ4690ΒΩ-ΓΒ5,2026-04-21,ΕΝΤΑΛΜΑ ΠΛΗΡΩΜΗΣ F  M FEED ΜΟΝΟΠΡΟΣΩΠΗ Ι.ΚΕ (800502874),800502874,F  M FEED ΜΟΝΟΠΡΟΣΩΠΗ Ι.ΚΕ (800502874),2887.0,,
95ΧΩ4690ΒΩ-ΛΦΟ,2026-04-21,ΕΝΤΑΛΜΑ ΠΛΗΡΩΜΗΣ ΝΤΙΑΜΕΝΤ ΕΛΛΑΣ Α.Ε.Ε (095259724),095259724,ΝΤΙΑΜΕΝΤ ΕΛΛΑΣ Α.Ε.Ε (095259724),2078.8,,
9Φ944690ΒΩ-Λ0Φ,2026-04-21,ΕΝΤΑΛΜΑ ΠΛΗΡΩΜΗΣ MEDICIN Α.ΤΡΙΑΝΤΑΦΥΛΛΟΠΟΥΛΟΣ Ε.Ε. (800896490),800896490,MEDICIN Α.ΤΡΙΑΝΤΑΦΥΛΛΟΠΟΥΛΟΣ Ε.Ε. (800896490),2101.69,,
99Ε64690ΒΩ-ΥΓΕ,2026-04-21,ΕΝΤΑΛΜΑ ΠΛΗΡΩΜΗΣ INSIDE MEDICAL ΜΟΝΟΠΡΟΣΩΠΗ Ι.Κ.Ε. (800777790),800777790,INSIDE MEDICAL ΜΟΝΟΠΡΟΣΩΠΗ Ι.Κ.Ε. (800777790),2998.73,,
ΨΞΑ74690ΒΩ-ΙΜΙ,2026-04-24,ΕΝΤΑΛΜΑ ΠΛΗΡΩΜΗΣ ΠΛΗΡΟΦΟΡΙΚΗ ΕΛΛΑΔΟΣ Ε.Π.Ε (095659768),095659768,ΠΛΗΡΟΦΟΡΙΚΗ ΕΛΛΑΔΟΣ Ε.Π.Ε (095659768),5347.5,,
9ΚΓΖ4690ΒΩ-Η53,2026-04-24,ΕΝΤΑΛΜΑ ΠΛΗΡΩΜΗΣ ΝΤΑΤΑ ΒΕΡΣ Ε.Π.Ε. (998682224),998682224,ΝΤΑΤΑ ΒΕΡΣ Ε.Π.Ε. (998682224),1674.0,,
ΡΒ924690ΒΩ-Β9Ρ,2026-04-27,ΕΝΤΑΛΜΑ ΠΛΗΡΩΜΗΣ ΔΕΥΑΜΒ (090071204),090071204,ΔΕΥΑΜΒ (090071204),327.34,,
Ψ1ΦΒ4690ΒΩ-Ω61,2026-04-27,ΕΝΤΑΛΜΑ ΠΛΗΡΩΜΗΣ ΔΕΥΑΜΒ (090071204),090071204,ΔΕΥΑΜΒ (090071204),1805.24,,
6Σ844690ΒΩ-4ΡΜ,2026-04-27,ΕΝΤΑΛΜΑ ΠΛΗΡΩΜΗΣ ΔΕΥΑΜΒ (090071204),090071204,ΔΕΥΑΜΒ (090071204),1093.35,,
9ΠΒΔ4690ΒΩ-1ΝΜ,2026-04-27,ΕΝΤΑΛΜΑ ΠΛΗΡΩΜΗΣ ΔΕΥΑΜΒ (090071204),090071204,ΔΕΥΑΜΒ (090071204),11.98,,
ΨΨ3Ψ4690ΒΩ-ΩΑ2,2026-04-24,ΕΝΤΑΛΜΑ ΠΛΗΡΩΜΗΣ ΔΕΥΑΜΒ (090071204),090071204,ΔΕΥΑΜΒ (090071204),4673.7,,
6Μ1Ε4690ΒΩ-4ΟΧ,2026-04-21,ΕΝΤΑΛΜΑ ΠΛΗΡΩΜΗΣ ΔΕΥΑΜΒ (090071204),090071204,ΔΕΥΑΜΒ (090071204),4504.0,,
6ΣΚ04690ΒΩ-Υ67,2026-04-24,ΕΝΤΑΛΜΑ ΠΛΗΡΩΜΗΣ ΔΕΥΑΜΒ (090071204),090071204,ΔΕΥΑΜΒ (090071204),4504.0,,
62ΤΟ4690ΒΩ-ΒΞΡ,2026-04-24,ΕΝΤΑΛΜΑ ΠΛΗΡΩΜΗΣ ΔΕΥΑΜΒ (090071204),090071204,ΔΕΥΑΜΒ (090071204),17.92,,
94Τ34690ΒΩ-ΚΡ5,2026-04-24,ΕΝΤΑΛΜΑ ΠΛΗΡΩΜΗΣ ΔΕΥΑΜΒ (090071204),090071204,ΔΕΥΑΜΒ (090071204),50.8,,
94ΠΟ4690ΒΩ-ΒΙΛ,2026-04-16,ΕΝΤΑΛΜΑ ΠΛΗΡΩΜΗΣ MEDICAL MPARKA Μ.Ι.Κ.Ε (800530387),800530387,MEDICAL MPARKA Μ.Ι.Κ.Ε (800530387),6482.79,,
ΨΦΥΑ4690ΒΩ-0Μ6,2026-04-27,ΕΝΤΑΛΜΑ ΠΛΗΡΩΜΗΣ ΔΕΥΑΜΒ (090071204),090071204,ΔΕΥΑΜΒ (090071204),567.14,,
9ΞΝΞ4690ΒΩ-ΔΘ4,2026-04-24,ΕΝΤΑΛΜΑ ΠΛΗΡΩΜΗΣ ΔΕΥΑΜΒ (090071204),090071204,ΔΕΥΑΜΒ (090071204),26624.75,,
9ΛΙΣ4690ΒΩ-ΙΦ8,2026-04-15,ΕΝΤΑΛΜΑ ΠΛΗΡΩΜΗΣ INSIDE MEDICAL ΜΟΝΟΠΡΟΣΩΠΗ Ι.Κ.Ε. (800777790),800777790,INSIDE MEDICAL ΜΟΝΟΠΡΟΣΩΠΗ Ι.Κ.Ε. (800777790),3700.16,,
9Ω1Ω4690ΒΩ-ΤΒΚ,2026-04-22,ΕΝΤΑΛΜΑ ΠΛΗΡΩΜΗΣ SADENT Α.Ε.Β.Ε (094134087),094134087,SADENT Α.Ε.Β.Ε (094134087),1860.0,,
ΡΦΕ74690ΒΩ-ΦΣΕ,2026-04-21,ΕΝΤΑΛΜΑ ΠΛΗΡΩΜΗΣ DENOVO  ΜΟΝΟΠΡΟΣΩΠΗ    Ι.Κ.Ε. (800642060),800642060,DENOVO  ΜΟΝΟΠΡΟΣΩΠΗ    Ι.Κ.Ε. (800642060),2976.0,,
ΨΡ6Ν4690ΒΩ-ΥΚΙ,2026-04-21,ΕΝΤΑΛΜΑ ΠΛΗΡΩΜΗΣ DOCTUM ΦΑΡΜ/ΚΗ Κ.Τ.ΓΙΟΚΑΡΗ   ΣΙΑ Α.Ε. (094070315),094070315,DOCTUM ΦΑΡΜ/ΚΗ Κ.Τ.ΓΙΟΚΑΡΗ   ΣΙΑ Α.Ε. (094070315),2994.6,,
ΨΑΒ34690ΒΩ-Χ87,2026-04-16,ΕΝΤΑΛΜΑ ΠΛΗΡΩΜΗΣ MILONAS HEALTH A.E (998179225),998179225,MILONAS HEALTH A.E (998179225),2195.37,,
6ΧΧΡ4690ΒΩ-4ΧΖ,2026-04-23,ΕΝΤΑΛΜΑ ΠΛΗΡΩΜΗΣ Y LOGIMED Α.Ε (094446034),094446034,Y LOGIMED Α.Ε (094446034),2903.1,,
ΨΨ7Σ4690ΒΩ-ΙΣΒ,2026-04-17,ΕΝΤΑΛΜΑ ΠΛΗΡΩΜΗΣ ALLERTEC HELLAS A.E. ΙΑΤΡΙΚΑ ΜΗΧΑΝΗΜΑΤΑ-ΦΑΡΜΑΚΕΥΤΙ (099357339),099357339,ALLERTEC HELLAS A.E. ΙΑΤΡΙΚΑ ΜΗΧΑΝΗΜΑΤΑ-ΦΑΡΜΑΚΕΥΤΙ (099357339),2508.6,,
Ρ9Ζ84690ΒΩ-ΖΤ8,2026-04-15,ΕΝΤΑΛΜΑ ΠΛΗΡΩΜΗΣ ΓΕΝΙΚΗ ΧΗΜΙΚΩΝ ΠΡΟΙΟΝΤΩΝ Α.Ε. (094133588),094133588,ΓΕΝΙΚΗ ΧΗΜΙΚΩΝ ΠΡΟΙΟΝΤΩΝ Α.Ε. (094133588),2961.12,,
ΨΩ504690ΒΩ-ΧΡΨ,2026-03-20,ΕΝΤΑΛΜΑ ΠΛΗΡΩΜΗΣ ΕΡΓΟΣΥΣΤΕΜΣ ΕΠΕ (095457728),095457728,ΕΡΓΟΣΥΣΤΕΜΣ ΕΠΕ (095457728),2698.67,,
953Δ4690ΒΩ-ΤΜΟ,2026-04-16,ΕΝΤΑΛΜΑ ΠΛΗΡΩΜΗΣ ΙΑΚΩΒΙΔΗΣ Μ. Σ. ΕΛΛΑΣ Α.Ε. (095186426),095186426,ΙΑΚΩΒΙΔΗΣ Μ. Σ. ΕΛΛΑΣ Α.Ε. (095186426),2015.0,,
ΡΛΥ74690ΒΩ-Ψ1Κ,2026-04-14,ΕΝΤΑΛΜΑ ΠΛΗΡΩΜΗΣ ΒΙΟΠΡΟΜΗΘΕΥΤΙΚΗ ΜΟΝΟΠΡΟΣΩΠΗ  Ε.Π.Ε. (099007886),099007886,ΒΙΟΠΡΟΜΗΘΕΥΤΙΚΗ ΜΟΝΟΠΡΟΣΩΠΗ  Ε.Π.Ε. (099007886),4793.03,,
6ΑΗΚ4690ΒΩ-4ΝΒ,2026-04-01,ΕΝΤΑΛΜΑ ΠΛΗΡΩΜΗΣ ΑΡΘΡΩΣΙΣ Α.Ε (082899566),082899566,ΑΡΘΡΩΣΙΣ Α.Ε (082899566),779.7,,
ΨΦΗ24690ΒΩ-5Τ5,2026-04-09,ΕΝΤΑΛΜΑ ΠΛΗΡΩΜΗΣ ALFAMED PLUS - Κ.ΤΕΛΙΔΗΣ Α.Ε. (998218488),998218488,ALFAMED PLUS - Κ.ΤΕΛΙΔΗΣ Α.Ε. (998218488),892.8,,
ΨΖ9Η4690ΒΩ-9ΞΖ,2026-04-08,ΕΝΤΑΛΜΑ ΠΛΗΡΩΜΗΣ ZIMMER BIOMET ΕΛΛΑΣ ΜΟΝΟΠΡΟΣΩΠΗ  Α.Ε. (094437885),094437885,ZIMMER BIOMET ΕΛΛΑΣ ΜΟΝΟΠΡΟΣΩΠΗ  Α.Ε. (094437885),2893.93,,
9Ρ344690ΒΩ-ΦΤΣ,2026-04-08,ΕΝΤΑΛΜΑ ΠΛΗΡΩΜΗΣ ΤΡΑΠΕΖΑ  EUROBANK AE (094014250),094014250,ΤΡΑΠΕΖΑ  EUROBANK AE (094014250),1.2,,
62ΗΕ4690ΒΩ-ΗΥΥ,2026-04-09,ΕΝΤΑΛΜΑ ΠΛΗΡΩΜΗΣ ALLMED E.E. (997564511),997564511,ALLMED E.E. (997564511),2299.44,,
9ΒΣΙ4690ΒΩ-ΔΤΓ,2026-04-09,ΕΝΤΑΛΜΑ ΠΛΗΡΩΜΗΣ HERAEUS HELLAS ΜΟΝΟΠΡΟΣΩΠΗ ΕΠΕ (998858098),998858098,HERAEUS HELLAS ΜΟΝΟΠΡΟΣΩΠΗ ΕΠΕ (998858098),3272.2,,
ΨΧΚΔ4690ΒΩ-ΘΚ2,2026-04-09,ΕΝΤΑΛΜΑ ΠΛΗΡΩΜΗΣ VAKTRO AEBE (084221869),084221869,VAKTRO AEBE (084221869),4766.25,,
6Α854690ΒΩ-ΣΜΓ,2026-04-14,ΕΝΤΑΛΜΑ ΠΛΗΡΩΜΗΣ ΚΑΛΤΕΚ ΑΕ ΕΜΠΟΡΙΑ ΙΑΤΡΙΚΩΝ ΕΙΔΩΝ ΚΑΙ ΠΡΟΙΟΝΤΩΝ ΚΑΙ ΜΗΧΑΝΗΜΑΤΩΝ  ΑΝΩΝΥΜΗ ΕΤΑΙΡΕΙΑ (999307110),999307110,ΚΑΛΤΕΚ ΑΕ ΕΜΠΟΡΙΑ ΙΑΤΡΙΚΩΝ ΕΙΔΩΝ ΚΑΙ ΠΡΟΙΟΝΤΩΝ ΚΑΙ ΜΗΧΑΝΗΜΑΤΩΝ  ΑΝΩΝΥΜΗ ΕΤΑΙΡΕΙΑ (999307110),1275.77,,
Ψ5ΔΩ4690ΒΩ-Ε29,2026-04-07,ΕΝΤΑΛΜΑ ΠΛΗΡΩΜΗΣ ΑΝΑΓΝΩΣΤΟΥ ΧΡΙΣΤΟΔΟΥΛΟΣ   ΣΙΑ Ε.Ε. (800324752),800324752,ΑΝΑΓΝΩΣΤΟΥ ΧΡΙΣΤΟΔΟΥΛΟΣ   ΣΙΑ Ε.Ε. (800324752),347.2,,
ΨΕΤΞ4690ΒΩ-ΣΔΟ,2026-04-06,ΕΝΤΑΛΜΑ ΠΛΗΡΩΜΗΣ MART HELLAS A.E. (999401508),999401508,MART HELLAS A.E. (999401508),3037.14,,
972Κ4690ΒΩ-ΕΥΘ,2026-04-22,ΕΝΤΑΛΜΑ ΠΛΗΡΩΜΗΣ PAUL HARTMANN HELLAS AE (999862491),999862491,PAUL HARTMANN HELLAS AE (999862491),3067.72,,
6ΧΠΦ4690ΒΩ-ΖΣ9,2026-04-21,ΕΝΤΑΛΜΑ ΠΛΗΡΩΜΗΣ MAXMED ΙΑΤΡΟΤΕΧΝΟΛΟΓΙΚΑ ΠΡΟΙΟΝΤΑ Ε.Ε. (801269191),801269191,MAXMED ΙΑΤΡΟΤΕΧΝΟΛΟΓΙΚΑ ΠΡΟΙΟΝΤΑ Ε.Ε. (801269191),3025.6,,
99Ζ64690ΒΩ-ΜΔΝ,2026-04-17,ΕΝΤΑΛΜΑ ΠΛΗΡΩΜΗΣ ΣΑΜΑΡΑΣ ΑΕ (094294998),094294998,ΣΑΜΑΡΑΣ ΑΕ (094294998),3098.0,,
9ΓΧΝ4690ΒΩ-4Η0,2026-04-08,ΕΝΤΑΛΜΑ ΠΛΗΡΩΜΗΣ ΚΟΠΕΡ Α.Ε. (094007897),094007897,ΚΟΠΕΡ Α.Ε. (094007897),3498.33,,
Ψ4ΔΗ4690ΒΩ-ΝΞΟ,2026-04-06,ΕΝΤΑΛΜΑ ΠΛΗΡΩΜΗΣ MART HELLAS A.E. (999401508),999401508,MART HELLAS A.E. (999401508),3943.7,,
6ΔΧΩ4690ΒΩ-ΟΑ4,2026-04-15,ΕΝΤΑΛΜΑ ΠΛΗΡΩΜΗΣ ΓΕΝΙΚΗ ΧΕΙΡΟΥΡΓΙΚΗ' Ο.Ε. ΛΕΩΝ Δ. ΣΑΛΤΙΕΛ κ. ΥΙΟΙ (091538410),091538410,ΓΕΝΙΚΗ ΧΕΙΡΟΥΡΓΙΚΗ' Ο.Ε. ΛΕΩΝ Δ. ΣΑΛΤΙΕΛ κ. ΥΙΟΙ (091538410),3082.64,,
9ΔΔΥ4690ΒΩ-77Κ,2026-04-17,ΕΝΤΑΛΜΑ ΠΛΗΡΩΜΗΣ ΠΗΓΑΣΟΣ ΙΑΤΡΙΚΟΣ ΚΑΙ ΕΠΙΣΤΗΜΟΝΙΚΟΣ ΕΞΟΠΛΙΣΜΟΣ Α.Ε. (800738217),800738217,ΠΗΓΑΣΟΣ ΙΑΤΡΙΚΟΣ ΚΑΙ ΕΠΙΣΤΗΜΟΝΙΚΟΣ ΕΞΟΠΛΙΣΜΟΣ Α.Ε. (800738217),4792.6,,
9ΝΝ04690ΒΩ-ΑΘΘ,2026-04-17,ΕΝΤΑΛΜΑ ΠΛΗΡΩΜΗΣ BBD ΝΙΚ.ΛΑΙΝΙΩΤΗΣ Α.Ε.Β.Ε. (093628458),093628458,BBD ΝΙΚ.ΛΑΙΝΙΩΤΗΣ Α.Ε.Β.Ε. (093628458),4870.2,,
629Ι4690ΒΩ-ΣΛΕ,2026-04-22,ΕΝΤΑΛΜΑ ΠΛΗΡΩΜΗΣ V L VIOLAK INTERNATIONAL   A.E. (099370337),099370337,V L VIOLAK INTERNATIONAL   A.E. (099370337),5452.6,,
Ψ9ΦΗ4690ΒΩ-0Ι1,2026-04-17,ΕΝΤΑΛΜΑ ΠΛΗΡΩΜΗΣ ΥΓΕΙΟΔΥΝΑΜΙΚΗ Α.Ε. ΙΑΤΡΙΚΩΝ ΕΦΟΔΙΩΝ (997672386),997672386,ΥΓΕΙΟΔΥΝΑΜΙΚΗ Α.Ε. ΙΑΤΡΙΚΩΝ ΕΦΟΔΙΩΝ (997672386),7090.32,,
ΨΜΦΧ4690ΒΩ-ΤΚ7,2026-04-08,ΕΝΤΑΛΜΑ ΠΛΗΡΩΜΗΣ ΚΟΠΕΡ Α.Ε. (094007897),094007897,ΚΟΠΕΡ Α.Ε. (094007897),3524.17,,
9ΝΝΥ4690ΒΩ-ΥΤ7,2026-04-08,ΕΝΤΑΛΜΑ ΠΛΗΡΩΜΗΣ ΚΟΠΕΡ Α.Ε. (094007897),094007897,ΚΟΠΕΡ Α.Ε. (094007897),3037.44,,
ΨΝΣΣ4690ΒΩ-37Ο,2026-04-08,ΕΝΤΑΛΜΑ ΠΛΗΡΩΜΗΣ ΙΑΤΡΙΚΑ ΠΕΝΥ ΕΠΕ (999117743),999117743,ΙΑΤΡΙΚΑ ΠΕΝΥ ΕΠΕ (999117743),3217.78,,
923Α4690ΒΩ-03Θ,2026-03-26,ΕΝΤΑΛΜΑ ΠΛΗΡΩΜΗΣ UNISON FACILITY SERVICES A.E.  (ΠΡΩΗΝ ISS FACILITY SERVICES AE) (094081864),094081864,UNISON FACILITY SERVICES A.E.  (ΠΡΩΗΝ ISS FACILITY SERVICES AE) (094081864),52749.6,,
9ΥΨΠ4690ΒΩ-Ο21,2026-04-01,ΕΝΤΑΛΜΑ ΠΛΗΡΩΜΗΣ ΚΟΠΕΡ Α.Ε. (094007897),094007897,ΚΟΠΕΡ Α.Ε. (094007897),3080.19,,
Ψ2Λ94690ΒΩ-ΘΓΜ,2026-04-01,ΕΝΤΑΛΜΑ ΠΛΗΡΩΜΗΣ ΚΟΠΕΡ Α.Ε. (094007897),094007897,ΚΟΠΕΡ Α.Ε. (094007897),3164.55,,
ΨΦΗ44690ΒΩ-59Ο,2026-04-15,ΕΝΤΑΛΜΑ ΠΛΗΡΩΜΗΣ ΜΑΥΡΟΓΕΝΗΣ ΑΝΑΣΤΑΣΙΟΣ ΑΕ ΙΑΤΡΟΤΕΧΝΟΛΟΓΙΚΑ ΕΙΔΗ (082525697),082525697,ΜΑΥΡΟΓΕΝΗΣ ΑΝΑΣΤΑΣΙΟΣ ΑΕ ΙΑΤΡΟΤΕΧΝΟΛΟΓΙΚΑ ΕΙΔΗ (082525697),1987.9,,
ΨΩ904690ΒΩ-ΧΚΔ,2026-03-26,ΕΝΤΑΛΜΑ ΠΛΗΡΩΜΗΣ UNISON FACILITY SERVICES A.E.  (ΠΡΩΗΝ ISS FACILITY SERVICES AE) (094081864),094081864,UNISON FACILITY SERVICES A.E.  (ΠΡΩΗΝ ISS FACILITY SERVICES AE) (094081864),16653.82,,
9Ρ7Δ4690ΒΩ-ΗΦΠ,2026-04-01,ΕΝΤΑΛΜΑ ΠΛΗΡΩΜΗΣ ΚΟΠΕΡ Α.Ε. (094007897),094007897,ΚΟΠΕΡ Α.Ε. (094007897),2843.82,,
6ΤΜΠ4690ΒΩ-7ΧΖ,2026-04-01,ΕΝΤΑΛΜΑ ΠΛΗΡΩΜΗΣ ΚΟΠΕΡ Α.Ε. (094007897),094007897,ΚΟΠΕΡ Α.Ε. (094007897),2873.25,,
Ρ8ΣΨ4690ΒΩ-2ΒΗ,2026-04-01,ΕΝΤΑΛΜΑ ΠΛΗΡΩΜΗΣ ΙΑΜΕΞ  ΙΑΤΡΙΚΑ  ΕΙΔΗ  Α.Ε. (999212027),999212027,ΙΑΜΕΞ  ΙΑΤΡΙΚΑ  ΕΙΔΗ  Α.Ε. (999212027),3005.81,,
9ΛΡΙ4690ΒΩ-754,2026-04-01,ΕΝΤΑΛΜΑ ΠΛΗΡΩΜΗΣ ΠΑΠΑΕΛΛΗΝΑΣ  Α. ΚΩΣΤΑΣ (ΕΛΛΑΣ) Α.Ε.Β.Ε. (094075360),094075360,ΠΑΠΑΕΛΛΗΝΑΣ  Α. ΚΩΣΤΑΣ (ΕΛΛΑΣ) Α.Ε.Β.Ε. (094075360),2953.13,,
959Γ4690ΒΩ-ΩΒΓ,2026-02-25,ΕΝΤΑΛΜΑ ΠΛΗΡΩΜΗΣ ELECTROSTORM   ΣΙΑ Ε.Ε (802163799),802163799,ELECTROSTORM   ΣΙΑ Ε.Ε (802163799),68.28,,
ΨΣΘΡ4690ΒΩ-ΙΥΧ,2026-04-27,ΠΡΟΜΗΘΕΙΑ ΟΡΘΟΠΕΔΙΚΟΥ ΥΛΙΚΟΥ ΠΡΟΣΘΕΤΩΝ ΓΙΑ ΤΟΝ ΜΗΝΑ ΙΟΥΛΙΟ 2025 ΜΕ ΣΥΜΒΑΣΗ (ΣΥΜΒ.330/25 )  ΣΥΜΦΩΝΑ ΜΕ ΤΙΣ ΔΙΑΤΑΞΕΙΣ ΤΟΥ Ν.5264/2025 αρθ.105 (ΦΕΚ 239/ τ.Α΄/19/12/2025) (1ο Χ.Ε. 535/26),999307110,ΚΑΛΤΕΚ ΕΜΠΟΡΙΑ ΙΑΤΡΙΚΩΝ ΕΙΔΩΝ ΠΡΟΙΟΝΤΩΝ ΚΑΙ ΜΗΧΑΝΗΜΑΤΩΝ ΜΟΝΟΠΡΟΣΩΠΗ ΑΝΩΝΥΜΗ ΕΤΑΙΡΙΑ,1275.77,,32302040001002
ΡΒ2Ε4690ΒΩ-868,2026-04-27,ΠΡΟΜΗΘΕΙΑ ΟΡΘΟΠΕΔΙΚΟΥ ΥΛΙΚΟΥ ΠΡΟΣΘΕΤΩΝ ΓΙΑ ΤΟΝ ΜΗΝΑ ΣΕΠΤΕΜΒΡΙΟ 2025 ΜΕ ΣΥΜΒΑΣΗ (ΣΥΜΒ.148/24 ) ΑΠΑΞ ΠΑΡΑΓΓΕΛΙΑΣ ΣΥΜΦΩΝΑ ΜΕ ΤΙΣ ΔΙΑΤΑΞΕΙΣ ΤΟΥ Ν.5264/2025 αρθ.105 (ΦΕΚ 239/ τ.Α΄/19/12/2025),094007897,ΚΟΠΕΡ ΦΑΡΜΑΚΟΒΙΟΜΗΧΑΝΙΑΑΝΩΝΥΜΗ ΕΤΑΙΡΕΙΑ,3037.44,,32302040001002
95ΕΡ4690ΒΩ-Χ4Ο,2026-04-27,ΠΡΟΜΗΘΕΙΑ ΥΓΕΙΟΝΟΜΙΚΟΥ ΥΛΙΚΟΥ (ΓΑΖΑ) ΜΕ ΣΥΜΒΑΣΗ ΓΙΑ ΤΟ ΜΗΝΑ ΙΟΥΛΙΟ 2025 (ΣΥΜΒ.1/2025) ΣΥΜΦΩΝΑ ΜΕ ΤΙΣ ΔΙΑΤΑΞΕΙΣ ΤΟΥ Ν.5264/2025 αρθ.105 (ΦΕΚ 239/ τ.Α΄/19/12/2025) (1ο Χ.Ε. 3084/2025),801043454,HIPPOKRATIS ΑΝΩΝΥΜΗ ΕΤΑΙΡΙΑ,1872.69,,32302030001002
Ψ4ΗΔ4690ΒΩ-92Τ,2026-04-01,ΕΝΤΑΛΜΑ ΠΛΗΡΩΜΗΣ HIPPOKRATIS  A.E. (801043454),801043454,HIPPOKRATIS  A.E. (801043454),1872.69,,
ΨΟΨΡ4690ΒΩ-ΤΕ3,2026-04-01,ΕΝΤΑΛΜΑ ΠΛΗΡΩΜΗΣ HIPPOKRATIS  A.E. (801043454),801043454,HIPPOKRATIS  A.E. (801043454),1872.69,,
9ΜΩΑ4690ΒΩ-ΞΒΗ,2026-04-01,ΕΝΤΑΛΜΑ ΠΛΗΡΩΜΗΣ ΠΑΠΑΕΛΛΗΝΑΣ  Α. ΚΩΣΤΑΣ (ΕΛΛΑΣ) Α.Ε.Β.Ε. (094075360),094075360,ΠΑΠΑΕΛΛΗΝΑΣ  Α. ΚΩΣΤΑΣ (ΕΛΛΑΣ) Α.Ε.Β.Ε. (094075360),2783.9,,
Ψ17Ι4690ΒΩ-ΩΕ3,2026-04-17,ΕΝΤΑΛΜΑ ΠΛΗΡΩΜΗΣ LERIVA AE (997985840),997985840,LERIVA AE (997985840),9411.6,,32302030001002
65ΨΧ4690ΒΩ-Ξ01,2026-04-21,ΕΝΤΑΛΜΑ ΠΛΗΡΩΜΗΣ ΑΛΚΟΝ ΛΑΜΠΟΡΑΤΟΡΙΣ ΕΛΛΑΣ ΑΕΒΕ (094450895),094450895,ΑΛΚΟΝ ΛΑΜΠΟΡΑΤΟΡΙΣ ΕΛΛΑΣ ΑΕΒΕ (094450895),8830.0,,
ΨΞΣΨ4690ΒΩ-24Λ,2026-04-22,ΕΝΤΑΛΜΑ ΠΛΗΡΩΜΗΣ ΑΡΝΑΟΥΤΗΣ ΠΑΥΛΟΣ Α.Ε (094178060),094178060,ΑΡΝΑΟΥΤΗΣ ΠΑΥΛΟΣ Α.Ε (094178060),7933.82,,
91Χ74690ΒΩ-ΓΔΤ,2026-04-22,ΕΝΤΑΛΜΑ ΠΛΗΡΩΜΗΣ ΚΑΛΛΙΦΡΟΝΑΣ ΕΜΠΟΡΙΚΗ Α.Ε. (997585069),997585069,ΚΑΛΛΙΦΡΟΝΑΣ ΕΜΠΟΡΙΚΗ Α.Ε. (997585069),24521.72,,
Ψ7054690ΒΩ-1Γ5,2026-04-22,ΕΝΤΑΛΜΑ ΠΛΗΡΩΜΗΣ ΚΥΡΙΑΚΙΔΗΣ Ι.Μ. Α.Ε. (094128820),094128820,ΚΥΡΙΑΚΙΔΗΣ Ι.Μ. Α.Ε. (094128820),34125.22,,
6ΜΖ14690ΒΩ-5ΧΔ,2026-04-23,ΕΝΤΑΛΜΑ ΠΛΗΡΩΜΗΣ BIOMERIEUX ΕΛΛΑΣ Α.Ε. (094499248),094499248,BIOMERIEUX ΕΛΛΑΣ Α.Ε. (094499248),6890.0,,
959Π4690ΒΩ-ΧΚΠ,2026-04-23,ΕΝΤΑΛΜΑ ΠΛΗΡΩΜΗΣ SIEMENS HEALTHINEERS ΕΛΛΑΣ ΜΟΝΟΠΡΟΣΩΠΗ Α.Ε. (094456875),094456875,SIEMENS HEALTHINEERS ΕΛΛΑΣ ΜΟΝΟΠΡΟΣΩΠΗ Α.Ε. (094456875),19270.8,,
9Ω1Ω4690ΒΩ-ΙΗΙ,2026-04-22,ΕΝΤΑΛΜΑ ΠΛΗΡΩΜΗΣ ΑΛΦΑ ΜΕΝΤΙΚΑΛ ΑΕΒΕ (095580571),095580571,ΑΛΦΑ ΜΕΝΤΙΚΑΛ ΑΕΒΕ (095580571),381.6,,
9ΥΜΣ4690ΒΩ-Χ94,2026-04-23,ΕΝΤΑΛΜΑ ΠΛΗΡΩΜΗΣ ΒΙΟΣΕΡ Α.Ε. (094035927),094035927,ΒΙΟΣΕΡ Α.Ε. (094035927),306374.91,,
Ψ1ΤΔ4690ΒΩ-1ΤΞ,2026-04-23,ΕΝΤΑΛΜΑ ΠΛΗΡΩΜΗΣ MENARINI ΔΙΑΓΝΩΣΤΙΚΑ-ΙΑΤΡ.ΟΡΓΑΝΑ ΑΕΒΕ (094322455),094322455,MENARINI ΔΙΑΓΝΩΣΤΙΚΑ-ΙΑΤΡ.ΟΡΓΑΝΑ ΑΕΒΕ (094322455),10865.0,,
9ΒΙ54690ΒΩ-ΒΙΗ,2026-04-22,ΕΝΤΑΛΜΑ ΠΛΗΡΩΜΗΣ SIEMENS HEALTHINEERS ΕΛΛΑΣ ΜΟΝΟΠΡΟΣΩΠΗ Α.Ε. (094456875),094456875,SIEMENS HEALTHINEERS ΕΛΛΑΣ ΜΟΝΟΠΡΟΣΩΠΗ Α.Ε. (094456875),2862.0,,
9ΓΑ34690ΒΩ-1ΨΟ,2026-04-22,ΕΝΤΑΛΜΑ ΠΛΗΡΩΜΗΣ MENARINI ΔΙΑΓΝΩΣΤΙΚΑ-ΙΑΤΡ.ΟΡΓΑΝΑ ΑΕΒΕ (094322455),094322455,MENARINI ΔΙΑΓΝΩΣΤΙΚΑ-ΙΑΤΡ.ΟΡΓΑΝΑ ΑΕΒΕ (094322455),3221.31,,
Ψ46Α4690ΒΩ-ΗΩΘ,2026-04-08,ΕΝΤΑΛΜΑ ΠΛΗΡΩΜΗΣ ΑΛΦΑ ΜΕΝΤΙΚΑΛ ΑΕΒΕ (095580571),095580571,ΑΛΦΑ ΜΕΝΤΙΚΑΛ ΑΕΒΕ (095580571),1743.7,,
9Λ9Ζ4690ΒΩ-Ρ01,2026-04-09,ΕΝΤΑΛΜΑ ΠΛΗΡΩΜΗΣ ΑΛΦΑ ΜΕΝΤΙΚΑΛ ΑΕΒΕ (095580571),095580571,ΑΛΦΑ ΜΕΝΤΙΚΑΛ ΑΕΒΕ (095580571),10229.0,,
98684690ΒΩ-Ο6Ο,2026-04-08,ΕΝΤΑΛΜΑ ΠΛΗΡΩΜΗΣ ΑΛΦΑ ΜΕΝΤΙΚΑΛ ΑΕΒΕ (095580571),095580571,ΑΛΦΑ ΜΕΝΤΙΚΑΛ ΑΕΒΕ (095580571),3418.5,,
ΕΠΒ04690ΒΩ-Υ6Α,2026-04-17,ΕΝΤΑΛΜΑ ΠΛΗΡΩΜΗΣ TELEFLEX MEDICAL ΕΛΛΑΣ (ARROW HELLAS AEE) (094429990),094429990,TELEFLEX MEDICAL ΕΛΛΑΣ (ARROW HELLAS AEE) (094429990),7783.44,,
Ρ8ΩΜ4690ΒΩ-Θ39,2026-04-20,ΕΝΤΑΛΜΑ ΠΛΗΡΩΜΗΣ HEALTH  WAY  ΕΠΕ (999789340),999789340,HEALTH  WAY  ΕΠΕ (999789340),24956.43,,
ΨΩΘ14690ΒΩ-ΟΣ3,2026-04-08,ΕΝΤΑΛΜΑ ΠΛΗΡΩΜΗΣ ΚΑΡΑΓΕΩΡΓΙΟΥ ΚΩΝΣΤΑΝΤΙΝΟΣ ΤΟΥ ΔΗΜΗΤΡΙΟΥ (145461522),145461522,ΚΑΡΑΓΕΩΡΓΙΟΥ ΚΩΝΣΤΑΝΤΙΝΟΣ ΤΟΥ ΔΗΜΗΤΡΙΟΥ (145461522),2000.0,,
ΡΞΧΒ4690ΒΩ-ΖΚΧ,2026-04-16,ΕΝΤΑΛΜΑ ΠΛΗΡΩΜΗΣ ΙΝΕΞ Α.Ε. (094356041),094356041,ΙΝΕΞ Α.Ε. (094356041),14403.28,,
ΨΔΚΒ4690ΒΩ-ΨΟ2,2026-04-08,ΕΝΤΑΛΜΑ ΠΛΗΡΩΜΗΣ ΑΡΗΤΗ Α.Ε (094251753),094251753,ΑΡΗΤΗ Α.Ε (094251753),14201.88,,
9ΓΘΨ4690ΒΩ-Α9Γ,2026-04-09,ΕΝΤΑΛΜΑ ΠΛΗΡΩΜΗΣ CLINILAB  Α.   Ε. ΜΠΕΚΥΡΑΣ Α.Ε (095548153),095548153,CLINILAB  Α.   Ε. ΜΠΕΚΥΡΑΣ Α.Ε (095548153),16069.64,,
9ΧΞΓ4690ΒΩ-ΘΗΔ,2026-04-17,ΕΝΤΑΛΜΑ ΠΛΗΡΩΜΗΣ TELEFLEX MEDICAL ΕΛΛΑΣ (ARROW HELLAS AEE) (094429990),094429990,TELEFLEX MEDICAL ΕΛΛΑΣ (ARROW HELLAS AEE) (094429990),16954.58,,
9ΡΑ44690ΒΩ-Ι3Η,2026-04-16,ΕΝΤΑΛΜΑ ΠΛΗΡΩΜΗΣ ΓΕΡΜΑΝΟΣ ΞΕΝΟΦΩΝ ΑΕΕ (094326835),094326835,ΓΕΡΜΑΝΟΣ ΞΕΝΟΦΩΝ ΑΕΕ (094326835),6603.16,,
68544690ΒΩ-3ΕΗ,2026-04-16,ΕΝΤΑΛΜΑ ΠΛΗΡΩΜΗΣ LERIVA AE (997985840),997985840,LERIVA AE (997985840),5914.8,,
ΨΖΩ84690ΒΩ-0ΥΗ,2026-04-16,ΕΝΤΑΛΜΑ ΠΛΗΡΩΜΗΣ MEDICARE HELLAS Α.Ε (095367968),095367968,MEDICARE HELLAS Α.Ε (095367968),8717.2,,
906Ψ4690ΒΩ-Θ5Ζ,2026-04-16,ΕΝΤΑΛΜΑ ΠΛΗΡΩΜΗΣ ΓΕΡΜΑΝΟΣ ΞΕΝΟΦΩΝ ΑΕΕ (094326835),094326835,ΓΕΡΜΑΝΟΣ ΞΕΝΟΦΩΝ ΑΕΕ (094326835),8973.33,,
ΡΝ114690ΒΩ-Β72,2026-04-06,ΕΝΤΑΛΜΑ ΠΛΗΡΩΜΗΣ ΚΑΛΤΕΚ ΑΕ ΕΜΠΟΡΙΑ ΙΑΤΡΙΚΩΝ ΕΙΔΩΝ ΚΑΙ ΠΡΟΙΟΝΤΩΝ ΚΑΙ ΜΗΧΑΝΗΜΑΤΩΝ  ΑΝΩΝΥΜΗ ΕΤΑΙΡΕΙΑ (999307110),999307110,ΚΑΛΤΕΚ ΑΕ ΕΜΠΟΡΙΑ ΙΑΤΡΙΚΩΝ ΕΙΔΩΝ ΚΑΙ ΠΡΟΙΟΝΤΩΝ ΚΑΙ ΜΗΧΑΝΗΜΑΤΩΝ  ΑΝΩΝΥΜΗ ΕΤΑΙΡΕΙΑ (999307110),17932.78,,
97ΙΥ4690ΒΩ-ΟΟΓ,2026-04-15,ΕΝΤΑΛΜΑ ΠΛΗΡΩΜΗΣ ΜΑΥΡΟΓΕΝΗΣ ΑΝΑΣΤΑΣΙΟΣ ΑΕ ΙΑΤΡΟΤΕΧΝΟΛΟΓΙΚΑ ΕΙΔΗ (082525697),082525697,ΜΑΥΡΟΓΕΝΗΣ ΑΝΑΣΤΑΣΙΟΣ ΑΕ ΙΑΤΡΟΤΕΧΝΟΛΟΓΙΚΑ ΕΙΔΗ (082525697),9557.79,,
ΡΛΚΝ4690ΒΩ-ΕΞΞ,2026-04-21,ΕΝΤΑΛΜΑ ΠΛΗΡΩΜΗΣ ΜΑΥΡΟΓΕΝΗΣ ΑΝΑΣΤΑΣΙΟΣ ΑΕ ΙΑΤΡΟΤΕΧΝΟΛΟΓΙΚΑ ΕΙΔΗ (082525697),082525697,ΜΑΥΡΟΓΕΝΗΣ ΑΝΑΣΤΑΣΙΟΣ ΑΕ ΙΑΤΡΟΤΕΧΝΟΛΟΓΙΚΑ ΕΙΔΗ (082525697),486.13,,
Ψ60Ν4690ΒΩ-ΚΨΛ,2026-04-01,ΕΝΤΑΛΜΑ ΠΛΗΡΩΜΗΣ MEDIPLAT ΕΠΕ (800500360),800500360,MEDIPLAT ΕΠΕ (800500360),3788.2,,
Ρ3ΑΔ4690ΒΩ-ΝΘΞ,2026-04-14,ΕΝΤΑΛΜΑ ΠΛΗΡΩΜΗΣ MEDIPLAT ΕΠΕ (800500360),800500360,MEDIPLAT ΕΠΕ (800500360),2899.64,,
9ΕΞΣ4690ΒΩ-ΜΡΗ,2026-04-14,ΕΝΤΑΛΜΑ ΠΛΗΡΩΜΗΣ ΤΡΑΠΕΖΑ  EUROBANK AE (094014250),094014250,ΤΡΑΠΕΖΑ  EUROBANK AE (094014250),2.4,,
ΨΠ394690ΒΩ-ΑΗΗ,2026-04-17,ΕΝΤΑΛΜΑ ΠΛΗΡΩΜΗΣ Y LOGIMED Α.Ε (094446034),094446034,Y LOGIMED Α.Ε (094446034),4030.0,,
Ψ1ΤΘ4690ΒΩ-Ζ0Α,2026-04-16,ΕΝΤΑΛΜΑ ΠΛΗΡΩΜΗΣ PAUL HARTMANN HELLAS AE (999862491),999862491,PAUL HARTMANN HELLAS AE (999862491),3361.64,,
ΨΗΤΜ4690ΒΩ-7ΤΜ,2026-04-16,ΕΝΤΑΛΜΑ ΠΛΗΡΩΜΗΣ PAUL HARTMANN HELLAS AE (999862491),999862491,PAUL HARTMANN HELLAS AE (999862491),4740.52,,
Ρ8ΑΡ4690ΒΩ-ΟΝΠ,2026-04-15,ΕΝΤΑΛΜΑ ΠΛΗΡΩΜΗΣ ΜΑΥΡΟΓΕΝΗΣ ΑΝΑΣΤΑΣΙΟΣ ΑΕ ΙΑΤΡΟΤΕΧΝΟΛΟΓΙΚΑ ΕΙΔΗ (082525697),082525697,ΜΑΥΡΟΓΕΝΗΣ ΑΝΑΣΤΑΣΙΟΣ ΑΕ ΙΑΤΡΟΤΕΧΝΟΛΟΓΙΚΑ ΕΙΔΗ (082525697),8900.78,,
9ΦΧΑ4690ΒΩ-ΚΚ1,2026-04-16,ΕΝΤΑΛΜΑ ΠΛΗΡΩΜΗΣ ΕΝΟΡΑΣΙΣ Α.Ε. (094503580),094503580,ΕΝΟΡΑΣΙΣ Α.Ε. (094503580),30504.0,,
9ΨΥΖ4690ΒΩ-0ΞΟ,2026-04-23,ΒΙΟΙΑΤΡΙΚΟΣ ΕΞΟΠΛΙΣΜΟΣ ΜΕ ΣΥΜΒΑΣΗ ΤΟΝ ΜΗΝΑ ΣΕΠΤΕΜΒΡΙΟ 2025 (ΣΥΜΒ.552/2025) ΑΠΑΞ ΠΑΡΑΓΓΕΛΙΑ ΣΥΜΦΩΝΑ ΜΕ ΤΙΣ ΔΙΑΤΑΞΕΙΣ ΤΟΥ Ν. 5264/2025 αρθ.108 (ΦΕK  239/τ. Α΄/ 19-12-2025,998860010,ICON DYNAMICS ΙΑΤΡΙΚΑ ΜΗΧΑΝΗΜΑΤΑ ΙΔΙΩΤΙΚΗ ΚΕΦΑΛΑΙΟΥΧΙΚΗ ΕΤΑΙΡΕΙΑ,13020.0,,24101080001002
Ψ77Ζ4690ΒΩ-ΨΡΓ,2026-04-23,ΒΙΟΙΑΤΡΙΚΟΣ ΕΞΟΠΛΙΣΜΟΣ ΜΕ ΣΥΜΝΒΑΣΗ ΤΟΝ ΜΗΝΑ ΑΥΓΟΥΣΤΟ 2025 (ΣΥΜΒ.467/2025) ΣΥΜΦΩΝΑ ΜΕ ΤΙΣ ΔΙΑΤΑΞΕΙΣ ΤΟΥ Ν. 5264/2025 αρθ.108 (ΦΕK  239/τ. Α΄/ 19-12-2025,999234290,Σ ΚΑΤΕΧΗΣ ΚΑΙ ΣΙΑ ΟΕ,6782.8,,24101080001002
976Κ4690ΒΩ-Η8Β,2026-04-08,ΕΝΤΑΛΜΑ ΠΛΗΡΩΜΗΣ ΚΟΠΕΡ Α.Ε. (094007897),094007897,ΚΟΠΕΡ Α.Ε. (094007897),46012.18,,
Ρ7ΦΘ4690ΒΩ-194,2026-04-23,ΚΑΘΕΤΗΡΕΣ 2 ΜΕ ΣΥΜΒΑΣΗ ΤΟΝ ΜΗΝΑ ΣΕΠΤΕΜΒΡΙΟ 2025 (ΣΥΜΒ.529/2025) ΣΥΜΦΩΝΑ ΜΕ ΤΙΣ ΔΙΑΤΑΞΕΙΣ ΤΟΥ Ν. 5264/2025 αρθ.108 (ΦΕK  239/τ. Α΄/ 19-12-2025,094356041,ΙΝΕΞ ΑΝΩΝΥΜΗ ΕΜΠΟΡΙΚΗ ΕΤΑΙΡ ΙΑΤΡΙΚΩΝ ΝΟΣΟΚΟΜΕΙΑΚ ΕΙΔΩΝ,5464.68,,32302030001002
65Ρ84690ΒΩ-0ΓΞ,2026-04-08,ΕΝΤΑΛΜΑ ΠΛΗΡΩΜΗΣ ΚΟΠΕΡ Α.Ε. (094007897),094007897,ΚΟΠΕΡ Α.Ε. (094007897),4955.43,,
9ΨΦΨ4690ΒΩ-ΧΡΠ,2026-04-23,ΔΙΑΓΝΩΣΤΙΚΕΣ ΟΥΣΙΕΣ ΜΕ ΣΥΜΒΑΣΗ ΤΟΝ ΜΗΝΑ ΙΟΥΝΙΟ 2025 (ΣΥΜΒ.392/2025) ΣΥΜΦΩΝΑ ΜΕ ΤΙΣ ΔΙΑΤΑΞΕΙΣ ΤΟΥ Ν. 5264/2025 αρθ.108 (ΦΕK  239/τ. Α΄/ 19-12-2025,091569759,ΑΦΟΙ Α ΣΕΛΙΔΗ ΑΝΩΝΥΜΗ ΕΤΑΙΡΙΑ ΕΠΙΣΤΗΜΟΝΙΚΟΥ ΕΞΟΠΛΙΣΜΟΥ,8697.3,,32302050001002
9Ι0Ψ4690ΒΩ-ΙΜΡ,2026-04-23,ΣΥΡΙΓΓΕΣ-ΒΕΛΟΝΕΣ  ΜΕ ΣΥΜΒΑΣΗ ΤΟΝ ΜΗΝΑ ΑΥΓΟΥΣΤΟ 2025 (ΣΥΜΒ.492/2025) ΣΥΜΦΩΝΑ ΜΕ ΤΙΣ ΔΙΑΤΑΞΕΙΣ ΤΟΥ Ν. 5264/2025 αρθ.108 (ΦΕK  239/τ. Α΄/ 19-12-2025,094356041,ΙΝΕΞ ΑΝΩΝΥΜΗ ΕΜΠΟΡΙΚΗ ΕΤΑΙΡ ΙΑΤΡΙΚΩΝ ΝΟΣΟΚΟΜΕΙΑΚ ΕΙΔΩΝ,6966.32,,32302030001002
ΨΟΛΥ4690ΒΩ-ΒΙΞ,2026-04-23,ΑΝΑΛΩΣΙΜΑ ΥΛΙΚΑ ΧΕΙΡΟΥΡΓΕΙΟΥ ΜΝΕ ΣΥΜΒΑΣΗ ΤΟΝ ΜΗΝΑ ΣΕΠΤΕΜΒΡΙΟ 2025 (ΣΥΜΒ.528/2025) ΣΥΜΦΩΝΑ ΜΕ ΤΙΣ ΔΙΑΤΑΞΕΙΣ ΤΟΥ Ν. 5264/2025 αρθ.108 (ΦΕK  239/τ. Α΄/ 19-12-2025,800777790,INSIDE ΙΑΤΡΙΚΕΣ ΤΕΧΝΟΛΟΓΙΕΣ ΜΟΝΟΠΡΟΣΩΠΗ ΙΚΕ,5733.58,,32302030001002
ΨΩΞΨ4690ΒΩ-ΧΗΔ,2026-04-23,ΑΝΑΛΩΣΙΜΑ ΥΛΙΚΑ ΧΕΙΡΟΥΡΓΕΙΟΥ ME ΣΥΜΒΑΣΗ ΤΟΝ ΜΗΝΑ ΣΕΠΤΕΜΒΡΙΟ 2025 (ΣΥΜΒ.527/2025) ΣΥΜΦΩΝΑ ΜΕ ΤΙΣ ΔΙΑΤΑΞΕΙΣ ΤΟΥ Ν. 5264/2025 αρθ.108 (ΦΕK  239/τ. Α΄/ 19-12-2025,094007897,ΚΟΠΕΡ ΦΑΡΜΑΚΟΒΙΟΜΗΧΑΝΙΑΑΝΩΝΥΜΗ ΕΤΑΙΡΕΙΑ,6770.4,,32302030001002
ΨΚΩΤ4690ΒΩ-6ΓΦ,2026-04-22,"ΠΡΟΜΗΘΕΙΑ ΥΓΕΙΟΝΟΜΙΚΟΥ ΥΛΙΚΟΥ (ΕΡΓΑΛΕΙΑ ΧΕΙΡΟΥΡΓΕΙΟΥ) ΜΕ ΣΥΜΒΑΣΞΗ ΤΟΝ ΜΗΝΑ ΙΟΥΝΙΟ, ΑΥΓΟΥΣΤΟ, ΣΕΠΤΕΜΒΡΙΟ 2025 (ΣΥΜΒ.73/2025 ΧΕ 3511/2025)",800407176,Ι Γ ΡΟΔΟΠΟΥΛΟΣ ΚΑΙ ΣΙΑ ΕΕ,10437.08,,32302030001002
Ρ4ΖΑ4690ΒΩ-29Α,2026-04-16,ΕΝΤΑΛΜΑ ΠΛΗΡΩΜΗΣ Α.ΔΕΡΒΟΣ-Γ.ΔΗΜΗΤΡΑΚΟΠΟΥΛΟΣ κ.ΣΙΑ Α.Ε. (099518023),099518023,Α.ΔΕΡΒΟΣ-Γ.ΔΗΜΗΤΡΑΚΟΠΟΥΛΟΣ κ.ΣΙΑ Α.Ε. (099518023),2410.56,,
93Υ44690ΒΩ-Τ56,2026-04-16,ΕΝΤΑΛΜΑ ΠΛΗΡΩΜΗΣ ΒΙΟΔΥΝΑΜΙΚΗ ΑΕ (094138676),094138676,ΒΙΟΔΥΝΑΜΙΚΗ ΑΕ (094138676),1874.88,,
6Ν2Χ4690ΒΩ-Μ3Θ,2026-04-17,ΕΝΤΑΛΜΑ ΠΛΗΡΩΜΗΣ ΑΝΤΙ-ΣΕΛ ΑΦΟΙ A.ΣΕΛΙΔΗ A.Ε. (091569759),091569759,ΑΝΤΙ-ΣΕΛ ΑΦΟΙ A.ΣΕΛΙΔΗ A.Ε. (091569759),10340.3,,
ΨΝΒΜ4690ΒΩ-70Ξ,2026-04-17,ΕΝΤΑΛΜΑ ΠΛΗΡΩΜΗΣ ΚΟΠΕΡ Α.Ε. (094007897),094007897,ΚΟΠΕΡ Α.Ε. (094007897),21700.0,,
6Τ704690ΒΩ-5ΓΦ,2026-04-17,ΕΝΤΑΛΜΑ ΠΛΗΡΩΜΗΣ BBD ΝΙΚ.ΛΑΙΝΙΩΤΗΣ Α.Ε.Β.Ε. (093628458),093628458,BBD ΝΙΚ.ΛΑΙΝΙΩΤΗΣ Α.Ε.Β.Ε. (093628458),235.13,,
9ΩΦΕ4690ΒΩ-Θ7Τ,2026-04-17,ΕΝΤΑΛΜΑ ΠΛΗΡΩΜΗΣ BBD ΝΙΚ.ΛΑΙΝΙΩΤΗΣ Α.Ε.Β.Ε. (093628458),093628458,BBD ΝΙΚ.ΛΑΙΝΙΩΤΗΣ Α.Ε.Β.Ε. (093628458),1125.92,,
92ΟΨ4690ΒΩ-ΧΥ3,2026-04-16,ΕΝΤΑΛΜΑ ΠΛΗΡΩΜΗΣ Y LOGIMED Α.Ε (094446034),094446034,Y LOGIMED Α.Ε (094446034),2887.15,,
ΨΚΖΗ4690ΒΩ-Ρ57,2026-04-17,ΕΝΤΑΛΜΑ ΠΛΗΡΩΜΗΣ BBD ΝΙΚ.ΛΑΙΝΙΩΤΗΣ Α.Ε.Β.Ε. (093628458),093628458,BBD ΝΙΚ.ΛΑΙΝΙΩΤΗΣ Α.Ε.Β.Ε. (093628458),388.57,,
ΨΟΧΤ4690ΒΩ-699,2026-04-17,ΕΝΤΑΛΜΑ ΠΛΗΡΩΜΗΣ BBD ΝΙΚ.ΛΑΙΝΙΩΤΗΣ Α.Ε.Β.Ε. (093628458),093628458,BBD ΝΙΚ.ΛΑΙΝΙΩΤΗΣ Α.Ε.Β.Ε. (093628458),4776.64,,
9Ε4Σ4690ΒΩ-Ε6Μ,2026-04-15,ΕΝΤΑΛΜΑ ΠΛΗΡΩΜΗΣ ΚΑΛΤΕΚ ΑΕ ΕΜΠΟΡΙΑ ΙΑΤΡΙΚΩΝ ΕΙΔΩΝ ΚΑΙ ΠΡΟΙΟΝΤΩΝ ΚΑΙ ΜΗΧΑΝΗΜΑΤΩΝ  ΑΝΩΝΥΜΗ ΕΤΑΙΡΕΙΑ (999307110),999307110,ΚΑΛΤΕΚ ΑΕ ΕΜΠΟΡΙΑ ΙΑΤΡΙΚΩΝ ΕΙΔΩΝ ΚΑΙ ΠΡΟΙΟΝΤΩΝ ΚΑΙ ΜΗΧΑΝΗΜΑΤΩΝ  ΑΝΩΝΥΜΗ ΕΤΑΙΡΕΙΑ (999307110),7254.0,,
99ΓΨ4690ΒΩ-Ε44,2026-04-16,ΕΝΤΑΛΜΑ ΠΛΗΡΩΜΗΣ ΙΝΕΞ Α.Ε. (094356041),094356041,ΙΝΕΞ Α.Ε. (094356041),9472.36,,
970Α4690ΒΩ-30Ν,2026-04-16,ΕΝΤΑΛΜΑ ΠΛΗΡΩΜΗΣ ΕΝΟΡΑΣΙΣ Α.Ε. (094503580),094503580,ΕΝΟΡΑΣΙΣ Α.Ε. (094503580),9287.6,,
Ψ9Ι94690ΒΩ-2ΕΘ,2026-04-16,ΕΝΤΑΛΜΑ ΠΛΗΡΩΜΗΣ ΘΕΡΑΣΥΣ ΙΑΤΡΙΚΑ Ε.Ε. (998768277),998768277,ΘΕΡΑΣΥΣ ΙΑΤΡΙΚΑ Ε.Ε. (998768277),12542.6,,
901Σ4690ΒΩ-ΨΘΥ,2026-04-16,ΕΝΤΑΛΜΑ ΠΛΗΡΩΜΗΣ ΟΜΜΑ   ΛΑΪΤ  ΑΕ (094264251),094264251,ΟΜΜΑ   ΛΑΪΤ  ΑΕ (094264251),10848.0,,
9ΧΩΧ4690ΒΩ-77Θ,2026-04-15,ΕΝΤΑΛΜΑ ΠΛΗΡΩΜΗΣ MEDIPRIME ΙΑΤΡΟΦΑΡΜ.ΕΙΔΩΝ Α.Ε.Ε. (998283526),998283526,MEDIPRIME ΙΑΤΡΟΦΑΡΜ.ΕΙΔΩΝ Α.Ε.Ε. (998283526),5765.88,,
6ΧΖΚ4690ΒΩ-33Ι,2026-04-15,ΕΝΤΑΛΜΑ ΠΛΗΡΩΜΗΣ F  M FEED ΜΟΝΟΠΡΟΣΩΠΗ Ι.ΚΕ (800502874),800502874,F  M FEED ΜΟΝΟΠΡΟΣΩΠΗ Ι.ΚΕ (800502874),7130.77,,
9Ο6Ψ4690ΒΩ-ΑΟΦ,2026-04-16,ΕΝΤΑΛΜΑ ΠΛΗΡΩΜΗΣ ΒΕΡΜΑ ΝΤΡΑΓΚΣ Α.Β.Ε.Ε. (099363426),099363426,ΒΕΡΜΑ ΝΤΡΑΓΚΣ Α.Β.Ε.Ε. (099363426),9616.32,,
ΡΠΜΡ4690ΒΩ-ΡΙΕ,2026-04-14,ΕΝΤΑΛΜΑ ΠΛΗΡΩΜΗΣ MEDIPLAT ΕΠΕ (800500360),800500360,MEDIPLAT ΕΠΕ (800500360),5484.34,,
6ΧΔΝ4690ΒΩ-ΟΦΔ,2026-04-14,ΕΝΤΑΛΜΑ ΠΛΗΡΩΜΗΣ ΚΑΛΤΕΚ ΑΕ ΕΜΠΟΡΙΑ ΙΑΤΡΙΚΩΝ ΕΙΔΩΝ ΚΑΙ ΠΡΟΙΟΝΤΩΝ ΚΑΙ ΜΗΧΑΝΗΜΑΤΩΝ  ΑΝΩΝΥΜΗ ΕΤΑΙΡΕΙΑ (999307110),999307110,ΚΑΛΤΕΚ ΑΕ ΕΜΠΟΡΙΑ ΙΑΤΡΙΚΩΝ ΕΙΔΩΝ ΚΑΙ ΠΡΟΙΟΝΤΩΝ ΚΑΙ ΜΗΧΑΝΗΜΑΤΩΝ  ΑΝΩΝΥΜΗ ΕΤΑΙΡΕΙΑ (999307110),5877.05,,
9ΔΔΤ4690ΒΩ-Γ18,2026-04-08,ΕΝΤΑΛΜΑ ΠΛΗΡΩΜΗΣ ΙΑΜΕΞ  ΙΑΤΡΙΚΑ  ΕΙΔΗ  Α.Ε. (999212027),999212027,ΙΑΜΕΞ  ΙΑΤΡΙΚΑ  ΕΙΔΗ  Α.Ε. (999212027),11072.51,,
ΡΒ004690ΒΩ-ΗΘΚ,2026-04-07,ΕΝΤΑΛΜΑ ΠΛΗΡΩΜΗΣ ΙΑΜΕΞ  ΙΑΤΡΙΚΑ  ΕΙΔΗ  Α.Ε. (999212027),999212027,ΙΑΜΕΞ  ΙΑΤΡΙΚΑ  ΕΙΔΗ  Α.Ε. (999212027),6053.8,,
Ψ0Τ44690ΒΩ-Ι04,2026-04-07,ΕΝΤΑΛΜΑ ΠΛΗΡΩΜΗΣ ΙΑΤΡΟΤΕΧΝΟΛΟΓΙΚΑ P.S.TEAM Ε.Π.Ε. (998465266),998465266,ΙΑΤΡΟΤΕΧΝΟΛΟΓΙΚΑ P.S.TEAM Ε.Π.Ε. (998465266),18866.93,,
ΨΧΝΟ4690ΒΩ-09Τ,2026-04-07,ΕΝΤΑΛΜΑ ΠΛΗΡΩΜΗΣ ΙΑΤΡΟΤΕΧΝΟΛΟΓΙΚΑ P.S.TEAM Ε.Π.Ε. (998465266),998465266,ΙΑΤΡΟΤΕΧΝΟΛΟΓΙΚΑ P.S.TEAM Ε.Π.Ε. (998465266),13020.68,,
9ΥΠ24690ΒΩ-ΞΟΩ,2026-04-08,ΕΝΤΑΛΜΑ ΠΛΗΡΩΜΗΣ ΙΑΤΡΙΚΑ ΠΕΝΥ ΕΠΕ (999117743),999117743,ΙΑΤΡΙΚΑ ΠΕΝΥ ΕΠΕ (999117743),7811.38,,
6ΝΑΜ4690ΒΩ-ΧΒΟ,2026-04-17,ΕΝΤΑΛΜΑ ΠΛΗΡΩΜΗΣ Ipirotiki Facility Services  Α.Ε. (998309282),998309282,Ipirotiki Facility Services  Α.Ε. (998309282),146673.52,,
6ΧΛΚ4690ΒΩ-ΒΓΩ,2026-04-14,ΕΝΤΑΛΜΑ ΠΛΗΡΩΜΗΣ Ipirotiki Facility Services  Α.Ε. (998309282),998309282,Ipirotiki Facility Services  Α.Ε. (998309282),24911.6,,
ΨΣΑΙ4690ΒΩ-1Ω4,2026-04-09,: ΑΠΟΔΟΣΗ ΚΡΑΤΗΣΕΩΝ ΥΠΕΡ  ΔΗΜΟΣΙΟΥ (ΦΟΡΟΣ 8%) ΕΠΙ   ΤΩΝ  ΕΞΟΦΛΗΘΕΝΩΝ ΧΕ ΤΟΝ ΜΗΝΑ ΜΑΡΤΙΟ 2026 (Φ600),090165560,ΥΠΟΥΡΓΕΙΟ ΟΙΚΟΝΟΜΙΚΩΝ ΓΕΝΙΚΗ   ΔIEYΘΥΝΣΗ  Δ ΚΗΣΥΠ ΞΗΣ Δ ΟΙΚ,23.58,,59301890001001
ΨΞΚ74690ΒΩ-Δ2Μ,2026-04-09,ΑΠΟΔΟΣΗ ΚΡΑΤΗΣΕΩΝ ΥΠΕΡ  ΨΥΧΙΚΗΣ ΥΓΕΙΑΣ  (Ν.3580 ) ΕΠΙ   ΤΩΝ  ΕΞΟΦΛΗΘΕΝΩΝ ΧΕ ΤΟΝ ΜΗΝΑ ΜΑΡΤΙΟ 2026 (Φ600),099017070,ΥΠΟΥΡΓΕΙΟ ΥΓΕΙΑΣ ΠΡΟΝΟΙΑΣ,0.92,,59309890001001
9ΨΑΓ4690ΒΩ-Η0Ι,2026-04-09,ΑΠΟΔΟΣΗ ΚΡΑΤΗΣΕΩΝ ΥΠΕΡ  ΕΑΑΔΗΣΥ (ΦΟΡΟΣ 8%) ΕΠΙ   ΤΩΝ  ΕΞΟΦΛΗΘΕΝΩΝ ΧΕ ΤΟΝ ΜΗΝΑ ΜΑΡΤΙΟ 2026 (Φ600),090166291,ΥΠΟΥΡΓΕΙΟ ΑΝΑΠΤΥΞΗΣ,0.05,,59309890001001
9ΙΚΕ4690ΒΩ-ΡΦ5,2026-04-09,ΑΠΟΔΟΣΗ ΚΡΑΤΗΣΕΩΝ ΥΠΕΡ  ΔΗΜΟΣΙΟΥ (ΦΟΡΟΣ 8%) ΕΠΙ   ΤΩΝ  ΕΞΟΦΛΗΘΕΝΩΝ ΧΕ ΤΟΝ ΜΗΝΑ ΜΑΡΤΙΟ 2026 (Φ300),090165560,ΥΠΟΥΡΓΕΙΟ ΟΙΚΟΝΟΜΙΚΩΝ ΓΕΝΙΚΗ   ΔIEYΘΥΝΣΗ  Δ ΚΗΣΥΠ ΞΗΣ Δ ΟΙΚ,4.23,,59301890001001
ΨΖΤΤ4690ΒΩ-7ΜΖ,2026-04-09,ΑΠΟΔΟΣΗ ΚΡΑΤΗΣΕΩΝ ΥΠΕΡ  ΨΥΧΙΚΗΣ ΥΓΕΙΑΣ  (Ν. 3580 ) ΕΠΙ   ΤΩΝ  ΕΞΟΦΛΗΘΕΝΩΝ ΧΕ ΤΟΝ ΜΗΝΑ ΜΑΡΤΙΟ 2026 (Φ300),099017070,ΥΠΟΥΡΓΕΙΟ ΥΓΕΙΑΣ ΠΡΟΝΟΙΑΣ,1.09,,59309890001001
ΨΖ874690ΒΩ-ΩΥΒ,2026-04-09,ΑΠΟΔΟΣΗ ΚΡΑΤΗΣΕΩΝ ΥΠΕΡ  ΕΑΑΔΗΣΥ ΕΠΙ   ΤΩΝ  ΕΞΟΦΛΗΘΕΝΩΝ ΧΕ ΤΟΝ ΜΗΝΑ ΜΑΡΤΙΟ 2026 (Φ300),090166291,ΥΠΟΥΡΓΕΙΟ ΑΝΑΠΤΥΞΗΣ,0.06,,59309890001001
ΨΠΟ34690ΒΩ-ΜΟ5,2026-04-09,ΑΠΟΔΟΣΗ ΚΡΑΤΗΣΕΩΝ ΥΠΕΡ  ΨΥΧΙΚΗΣ ΥΓΕΙΑΣ   (Ν. 3580 ) ΕΠΙ   ΤΩΝ  ΕΞΟΦΛΗΘΕΝΩΝ ΧΕ ΤΟΝ ΜΗΝΑ ΜΑΡΤΙΟ 2026 (Φ400),099017070,ΥΠΟΥΡΓΕΙΟ ΥΓΕΙΑΣ ΠΡΟΝΟΙΑΣ,1.01,,59309890001001
ΨΙΞΚ4690ΒΩ-ΗΜΔ,2026-04-09,ΑΠΟΔΟΣΗ ΚΡΑΤΗΣΕΩΝ ΥΠΕΡ  ΕΑΑΔΗΣΥ  ΕΠΙ   ΤΩΝ  ΕΞΟΦΛΗΘΕΝΩΝ ΧΕ ΤΟΝ ΜΗΝΑ ΜΑΡΤΙΟ 2026 (Φ400),090166291,ΥΠΟΥΡΓΕΙΟ ΑΝΑΠΤΥΞΗΣ,0.05,,59309890001001
ΨΓΠΔ4690ΒΩ-Ξ6Ρ,2026-04-09,ΑΠΟΔΟΣΗ ΚΡΑΤΗΣΕΩΝ ΥΠΕΡ  ΔΗΜΟΣΙΟΥ (ΦΟΡΟΣ 8%) ΕΠΙ   ΤΩΝ  ΕΞΟΦΛΗΘΕΝΩΝ ΧΕ ΤΟΝ ΜΗΝΑ ΜΑΡΤΙΟ 2026 (Φ400),090165560,ΥΠΟΥΡΓΕΙΟ ΟΙΚΟΝΟΜΙΚΩΝ ΓΕΝΙΚΗ   ΔIEYΘΥΝΣΗ  Δ ΚΗΣΥΠ ΞΗΣ Δ ΟΙΚ,3.91,,59301890001001
9Κ4Μ4690ΒΩ-Σ45,2026-04-09,ΑΠΟΔΟΣΗ ΚΡΑΤΗΣΕΩΝ  ΥΠΕΡ ΕΑΑΔΗΣΥ  (ΦΟΡΟΣ 8%) ΕΠΙ   ΤΩΝ  ΕΞΟΦΛΗΘΕΝΩΝ ΧΕ ΤΟΝ ΜΗΝΑ ΜΑΡΤΙΟ 2026 (Φ500),090166291,ΥΠΟΥΡΓΕΙΟ ΑΝΑΠΤΥΞΗΣ,0.04,,59309890001001
90514690ΒΩ-ΤΟΨ,2026-04-09,ΑΠΟΔΟΣΗ ΚΡΑΤΗΣΕΩΝ ΥΠΕΡ  ΔΗΜΟΣΙΟΥ (ΦΟΡΟΣ 8%) ΕΠΙ   ΤΩΝ  ΕΞΟΦΛΗΘΕΝΩΝ ΧΕ ΤΟΝ ΜΗΝΑ ΜΑΡΤΙΟ 2026 (Φ500),090165560,ΥΠΟΥΡΓΕΙΟ ΟΙΚΟΝΟΜΙΚΩΝ ΓΕΝΙΚΗ   ΔIEYΘΥΝΣΗ  Δ ΚΗΣΥΠ ΞΗΣ Δ ΟΙΚ,3.26,,59301890001001
6Τ344690ΒΩ-82Β,2026-04-09,ΑΠΟΔΟΣΗ ΚΡΑΤΗΣΕΩΝ ΥΠΕΡ ΨΥΧΙΚΗΣ ΥΓΕΙΑΣ  (Ν 3580) ΕΠΙ   ΤΩΝ  ΕΞΟΦΛΗΘΕΝΩΝ ΧΕ ΤΟΝ ΜΗΝΑ ΜΑΡΤΙΟ 2026 (Φ500),099017070,ΥΠΟΥΡΓΕΙΟ ΥΓΕΙΑΣ ΠΡΟΝΟΙΑΣ,0.84,,59309890001001
ΨΜ394690ΒΩ-Ξ2Φ,2026-04-09,ΑΠΟΔΟΣΗ ΚΡΑΤΗΣΕΩΝ ΥΠΕΡ ΔΗΜΟΣΙΟΥ  (ΦΟΡΟΣ 20%) ΕΠΙ ΤΩΝ ΕΞΟΦΛΗΘΕΝΤΩΝ ΧΕ  ΤΟΝ ΜΗΝΑ ΜΑΡΤΙΟ 2026 (Φ100),090165560,ΥΠΟΥΡΓΕΙΟ ΟΙΚΟΝΟΜΙΚΩΝ ΓΕΝΙΚΗ   ΔIEYΘΥΝΣΗ  Δ ΚΗΣΥΠ ΞΗΣ Δ ΟΙΚ,24.0,,59301890001001
ΨΦΓΖ4690ΒΩ-1ΝΧ,2026-04-09,ΑΠΟΔΟΣΗ ΚΡΑΤΗΣΕΩΝ ΥΠΕΡ ΕΑΑΔΗΣΥ  ΕΠΙ ΤΩΝ ΕΞΟΦΛΗΘΕΝΤΩΝ ΧΕ ΤΟΝ ΜΗΝΑ ΜΑΡΤΙΟ 2026 (Φ100),090166291,ΥΠΟΥΡΓΕΙΟ ΑΝΑΠΤΥΞΗΣ,1552.86,,59309890001001
914Σ4690ΒΩ-ΥΜΙ,2026-04-09,ΑΠΟΔΟΣΗ ΚΡΑΤΗΣΕΩΝ ΥΠΕΡ ΕΞΕΤΑΣΗΣ   ΑΡΧΗΣ  ΠΡΟΔΙΚΑΣΤΙΚΩΝ ΠΡΟΣΦΥΓΩΝ (ΑΕΠΠ) ΕΠΙ ΤΩΝ ΕΞΟΦΛΗΘΕΝΤΩΝ ΧΕ ΤΟΝ ΜΗΝΑ ΜΑΡΤΙΟ 2026 (Φ100),090169674,ΥΠΟΥΡΓΕΙΟ ΔΙΚΑΙΟΣΥΝΗΣ,6.76,,59309890001001
ΨΩ9Γ4690ΒΩ-Τ5Β,2026-04-08,ΕΝΤΑΛΜΑ ΠΛΗΡΩΜΗΣ ΑΛΕΞΟΠΟΥΛΟΥ ΕΥΑΝΘΙΑ ΤΟΥ ΠΑΝΑΓΙΩΤΗ (073891466),073891466,ΑΛΕΞΟΠΟΥΛΟΥ ΕΥΑΝΘΙΑ ΤΟΥ ΠΑΝΑΓΙΩΤΗ (073891466),2926.98,,
9ΦΠΩ4690ΒΩ-ΥΥΛ,2026-04-09,ΑΠΟΔΟΣΗ ΚΡΑΤΗΣΕΩΝ ΥΠΕΡ ΨΥΧΙΚΗΣ ΥΓΕΙΑΣ  (Ν. 3580) ΕΠΙ ΤΩΝ ΕΞΟΦΛΗΘΕΝΤΩΝ ΧΕ ΤΟΝ ΜΗΝΑ ΜΑΡΤΙΟ 2026 (Φ100),099017070,ΥΠΟΥΡΓΕΙΟ ΥΓΕΙΑΣ ΠΡΟΝΟΙΑΣ,30946.94,,59309890001001
9ΛΒΝ4690ΒΩ-91Τ,2026-04-09,ΑΠΟΔΟΣΗ ΚΡΑΤΗΣΕΩΝ ΥΠΕΡ ΔΗΜΟΣΙΟΥ  (ΧΑΡ&ΟΓΑ ΧΑΡΤ) ΕΠΙ ΤΩΝ ΕΞΟΦΛΗΘΕΝΤΩΝ ΧΕ ΤΟΝ ΜΗΝΑ ΜΑΡΤΙΟ 2026 (Φ100),090165560,ΥΠΟΥΡΓΕΙΟ ΟΙΚΟΝΟΜΙΚΩΝ ΓΕΝΙΚΗ   ΔIEYΘΥΝΣΗ  Δ ΚΗΣΥΠ ΞΗΣ Δ ΟΙΚ,16.26,,59301890001001
9Τ9Π4690ΒΩ-ΔΞ3,2026-04-09,ΑΠΟΔΟΣΗ ΚΡΑΤΗΣΕΩΝ ΥΠΕΡ ΔΗΜΟΣΙΟΥ (ΦΟΡΟΣ 4&8%) ΕΠΙ  ΤΩΝ ΕΞΟΦΛΗΘΕΝΤΩΝ ΧΕ ΜΗΝΑ ΜΑΡΤΙΟ 2026 (Φ100),090165560,ΥΠΟΥΡΓΕΙΟ ΟΙΚΟΝΟΜΙΚΩΝ ΓΕΝΙΚΗ   ΔIEYΘΥΝΣΗ  Δ ΚΗΣΥΠ ΞΗΣ Δ ΟΙΚ,94102.78,,59301890001001
9ΛΝΩ4690ΒΩ-Ψ8Π,2026-04-02,ΕΝΤΑΛΜΑ ΠΛΗΡΩΜΗΣ MEDINOR E.E. (082802380),082802380,MEDINOR E.E. (082802380),67.8,,
90ΚΡ4690ΒΩ-Ξ62,2026-03-12,ΕΝΤΑΛΜΑ ΠΛΗΡΩΜΗΣ SOL HELLAS A.E. (094073495),094073495,SOL HELLAS A.E. (094073495),74.4,,
ΨΟ0Η4690ΒΩ-6ΓΜ,2026-03-12,ΕΝΤΑΛΜΑ ΠΛΗΡΩΜΗΣ SOL HELLAS A.E. (094073495),094073495,SOL HELLAS A.E. (094073495),1345.4,,
ΨΡ4Μ4690ΒΩ-3Ο9,2026-03-17,ΕΝΤΑΛΜΑ ΠΛΗΡΩΜΗΣ HOSPITECNICA ΕΠΕ (095526068),095526068,HOSPITECNICA ΕΠΕ (095526068),15717.0,,
ΨΚ6Κ4690ΒΩ-11Θ,2026-03-20,ΕΝΤΑΛΜΑ ΠΛΗΡΩΜΗΣ ΠΑΛΗΚΑΡΑΣ Γ. ΒΑΣΙΛΕΙΟΣ (037779844),037779844,ΠΑΛΗΚΑΡΑΣ Γ. ΒΑΣΙΛΕΙΟΣ (037779844),1600.0,,
9Ω7Π4690ΒΩ-Φ4Ξ,2026-03-17,ΕΝΤΑΛΜΑ ΠΛΗΡΩΜΗΣ Χ.ΜΠΑΡΜΠΑΣ ΚΑΙ ΣΙΑ ΕΕ (800344879),800344879,Χ.ΜΠΑΡΜΠΑΣ ΚΑΙ ΣΙΑ ΕΕ (800344879),2467.2,,
9ΛΣΑ4690ΒΩ-ΠΦΙ,2026-03-12,ΕΝΤΑΛΜΑ ΠΛΗΡΩΜΗΣ SOL HELLAS A.E. (094073495),094073495,SOL HELLAS A.E. (094073495),5431.2,,
9ΥΡΟ4690ΒΩ-Σ4Δ,2026-03-12,ΕΝΤΑΛΜΑ ΠΛΗΡΩΜΗΣ ATC ΟΡΚΩΤΟΙ ΕΛΕΓΚΤΕΣ ΛΟΓΙΣΤΕΣ ΕΠΕ (800390012),800390012,ATC ΟΡΚΩΤΟΙ ΕΛΕΓΚΤΕΣ ΛΟΓΙΣΤΕΣ ΕΠΕ (800390012),3633.2,,
659Τ4690ΒΩ-ΛΥΘ,2026-04-08,ΕΝΤΑΛΜΑ ΠΛΗΡΩΜΗΣ ΜΠΑΙΟΤΡΑΝΣ ΑΕ (999506681),999506681,ΜΠΑΙΟΤΡΑΝΣ ΑΕ (999506681),28152.23,,
Ψ0ΡΣ4690ΒΩ-5Γ7,2026-04-09,ΑΠΟΔΟΣΗ ΦΜΥ ΤΑΚΤΙΚΩΝ ΑΠΟΔΟΧΩΝ ΙΟΥΝΙΟΥ 2025 ΤΟΥ ΤΟΥ ΕΙΔΙΚΟΥ ΠΡΟΓΡΑΜΜΑΤΟΣ ΑΠΑΣΧΟΛΗΣΗΣ 500 ΤΡΑΥΜΑΤΙΟΦΟΡΕΩΝ ΓΙΑ ΤΟΥΣ ΜΗΝΕΣ ΙΟΥΝΙΟ ΕΩΣ ΔΕΚΕΜΒΡΙΟ 2025,090165560,ΥΠΟΥΡΓΕΙΟ ΟΙΚΟΝΟΜΙΚΩΝ ΓΕΝΙΚΗ   ΔIEYΘΥΝΣΗ  Δ ΚΗΣΥΠ ΞΗΣ Δ ΟΙΚ,553.16,,21903030024002
9ΔΧΑ4690ΒΩ-ΑΚ5,2026-04-09,"ΕΙΣΦΟΡΕΣ ΣΤΟΝ ΕΦΚΑ ΤΑΚΤΙΚΩΝ ΑΠΟΔΟΧΩΝ ΤΟΥ ΕΙΔΙΚΟΥ ΠΡΟΓΡΑΜΜΑΤΟΣ ΑΠΑΣΧΟΛΗΣΗΣ 500 ΤΡΑΥΜΑΤΙΟΦΟΡΕΩΝ ΜΗΝΩΝ ΜΑΪΟΥ, ΙΟΥΝΙΟΥ, ΙΟΥΛΙΟΥ,ΣΕΠΤΕΜΒΡΙΟΥ, ΟΚΤΩΒΡΙΟΥ & ΔΕΚΕΜΒΡΙΟΥ 2025",090003373,ΙΚΑ,10853.79,,21903010014002
91Γ54690ΒΩ-ΟΛ8,2026-04-09,ΑΠΟΔΟΣΗ ΦΜΥ ΤΑΚΤΙΚΩΝ ΑΠΟΔΟΧΩΝ ΤΟΥ ΕΙΔΙΚΟΥ ΠΡΟΓΡΑΜΜΑΤΟΣ ΑΠΑΣΧΟΛΗΣΗΣ 500 ΤΡΑΥΜΑΤΙΟΦΟΡΕΩΝ ΓΙΑ ΤΟ ΜΗΝΑ ΙΑΝΟΥΑΡΙΟ 2026,090165560,ΥΠΟΥΡΓΕΙΟ ΟΙΚΟΝΟΜΙΚΩΝ ΓΕΝΙΚΗ   ΔIEYΘΥΝΣΗ  Δ ΚΗΣΥΠ ΞΗΣ Δ ΟΙΚ,73.57,,21903030024001
ΨΟΙΤ4690ΒΩ-Α3Ψ,2026-04-09,ΕΙΣΦΟΡΕΣ ΣΤΟΝ ΕΦΚΑ ΤΑΚΤΙΚΩΝ ΑΠΟΔΟΧΩΝ ΔΕΚΕΜΒΡΙΟΥ 2025 ΤΟΥ ΕΙΔΙΚΟΥ ΠΡΟΓΡΑΜΜΑΤΟΣ ΑΠΑΣΧΟΛΗΣΗΣ 1135 ΑΝΕΡΓΟΙ ΣΤΟ ΧΩΡΟ ΤΗΣ ΥΓΕΙΑΣ,090003373,ΙΚΑ,676.53,,21903010014002
Ψ3Φ74690ΒΩ-ΩΗΛ,2026-04-07,ΕΝΤΑΛΜΑ ΠΛΗΡΩΜΗΣ SWEDISH SYSTEMS SECURITY ΜΟΝ. Ε.Π.Ε. (099796300),099796300,SWEDISH SYSTEMS SECURITY ΜΟΝ. Ε.Π.Ε. (099796300),35877.34,,
9ΚΦ44690ΒΩ-ΚΥΑ,2026-04-03,ΕΝΤΑΛΜΑ ΠΛΗΡΩΜΗΣ ΤΖΕΚΑ ΑΦΟΙ Ο.Ε (997663680),997663680,ΤΖΕΚΑ ΑΦΟΙ Ο.Ε (997663680),839.43,,
ΡΗ8Θ4690ΒΩ-ΤΙΤ,2026-04-07,ΕΝΤΑΛΜΑ ΠΛΗΡΩΜΗΣ ΑΠΟΣΤΟΛΟΠΟΥΛΟΣ ΔΗΜΗΤΡΙΟΣ τ. ΝΙΚΟΛΑΟΥ (136828572),136828572,ΑΠΟΣΤΟΛΟΠΟΥΛΟΣ ΔΗΜΗΤΡΙΟΣ τ. ΝΙΚΟΛΑΟΥ (136828572),2000.0,,
Ρ4ΡΦ4690ΒΩ-ΒΔΜ,2026-04-07,ΕΝΤΑΛΜΑ ΠΛΗΡΩΜΗΣ ΘΑΝΟΠΟΥΛΟΥ ΒΑΣΙΛΙΚΗ τ. ΔΗΜΗΤΡΙΟΥ (120430983),120430983,ΘΑΝΟΠΟΥΛΟΥ ΒΑΣΙΛΙΚΗ τ. ΔΗΜΗΤΡΙΟΥ (120430983),500.0,,
6ΑΧ94690ΒΩ-0ΗΠ,2026-04-07,ΕΝΤΑΛΜΑ ΠΛΗΡΩΜΗΣ ΚΑΡΑΓΚΟΥΝΗΣ ΠΑΝΑΓΙΩΤΗΣ τ. ΔΗΜΟΥ (034322654),034322654,ΚΑΡΑΓΚΟΥΝΗΣ ΠΑΝΑΓΙΩΤΗΣ τ. ΔΗΜΟΥ (034322654),1576.08,,
ΨΔΟΖ4690ΒΩ-ΑΜΟ,2026-04-07,ΕΝΤΑΛΜΑ ΠΛΗΡΩΜΗΣ ΜΠΕΛΙΒΑΝΑΚΗΣ ΓΡΗΓΟΡΙΟΣ ΤΟΥ ΠΑΥΛΟΥ (079559585),079559585,ΜΠΕΛΙΒΑΝΑΚΗΣ ΓΡΗΓΟΡΙΟΣ ΤΟΥ ΠΑΥΛΟΥ (079559585),250.0,,
98ΒΩ4690ΒΩ-ΑΣΙ,2026-04-07,ΕΝΤΑΛΜΑ ΠΛΗΡΩΜΗΣ ΤΣΑΓΚΑΛΗΣ ΑΝΤΩΝΙΟΣ τ. ΒΑΣΙΛΕΙΟΥ (051790865),051790865,ΤΣΑΓΚΑΛΗΣ ΑΝΤΩΝΙΟΣ τ. ΒΑΣΙΛΕΙΟΥ (051790865),1250.0,,
ΨΣΡ74690ΒΩ-000,2026-04-07,ΕΝΤΑΛΜΑ ΠΛΗΡΩΜΗΣ ΑΡΒΑΝΙΤΗ  ΚΩΝΣΤΑΝΤΙΝΑ τ. ΓΕΩΡΓΙΟΥ (156785626),156785626,ΑΡΒΑΝΙΤΗ  ΚΩΝΣΤΑΝΤΙΝΑ τ. ΓΕΩΡΓΙΟΥ (156785626),398.16,,
ΨΤΚ84690ΒΩ-6Μ3,2026-04-03,ΕΝΤΑΛΜΑ ΠΛΗΡΩΜΗΣ ΤΡΑΠΕΖΑ  EUROBANK AE (094014250),094014250,ΤΡΑΠΕΖΑ  EUROBANK AE (094014250),4.0,,
9ΕΜΖ4690ΒΩ-ΤΒΝ,2026-04-03,ΕΝΤΑΛΜΑ ΠΛΗΡΩΜΗΣ ΤΡΑΠΕΖΑ  EUROBANK AE (094014250),094014250,ΤΡΑΠΕΖΑ  EUROBANK AE (094014250),4.0,,
ΨΧ9Β4690ΒΩ-ΣΓΧ,2026-03-26,ΕΝΤΑΛΜΑ ΠΛΗΡΩΜΗΣ ORTHOPRO IKE (800544160),800544160,ORTHOPRO IKE (800544160),14924.34,,
62374690ΒΩ-ΙΝ5,2026-04-01,ΕΝΤΑΛΜΑ ΠΛΗΡΩΜΗΣ BIOGENESYS  Ι.Κ.Ε. (099805952),099805952,BIOGENESYS  Ι.Κ.Ε. (099805952),3037.44,,
ΨΒ464690ΒΩ-ΟΩΚ,2026-04-02,ΕΝΤΑΛΜΑ ΠΛΗΡΩΜΗΣ ΚΑΛΤΕΚ ΑΕ ΕΜΠΟΡΙΑ ΙΑΤΡΙΚΩΝ ΕΙΔΩΝ ΚΑΙ ΠΡΟΙΟΝΤΩΝ ΚΑΙ ΜΗΧΑΝΗΜΑΤΩΝ  ΑΝΩΝΥΜΗ ΕΤΑΙΡΕΙΑ (999307110),999307110,ΚΑΛΤΕΚ ΑΕ ΕΜΠΟΡΙΑ ΙΑΤΡΙΚΩΝ ΕΙΔΩΝ ΚΑΙ ΠΡΟΙΟΝΤΩΝ ΚΑΙ ΜΗΧΑΝΗΜΑΤΩΝ  ΑΝΩΝΥΜΗ ΕΤΑΙΡΕΙΑ (999307110),3827.31,,
9Υ0Κ4690ΒΩ-ΖΙΛ,2026-04-01,ΕΝΤΑΛΜΑ ΠΛΗΡΩΜΗΣ ΚΟΠΕΡ Α.Ε. (094007897),094007897,ΚΟΠΕΡ Α.Ε. (094007897),6208.55,,
Ψ6Τ24690ΒΩ-ΑΧΙ,2026-04-01,ΕΝΤΑΛΜΑ ΠΛΗΡΩΜΗΣ ΚΟΠΕΡ Α.Ε. (094007897),094007897,ΚΟΠΕΡ Α.Ε. (094007897),5981.72,,
639Τ4690ΒΩ-60Τ,2026-04-01,ΕΝΤΑΛΜΑ ΠΛΗΡΩΜΗΣ ΚΟΠΕΡ Α.Ε. (094007897),094007897,ΚΟΠΕΡ Α.Ε. (094007897),4272.69,,
Ρ95Α4690ΒΩ-ΩΝΚ,2026-04-01,ΕΝΤΑΛΜΑ ΠΛΗΡΩΜΗΣ BIOGENESYS  Ι.Κ.Ε. (099805952),099805952,BIOGENESYS  Ι.Κ.Ε. (099805952),21983.02,,
Ψ7654690ΒΩ-561,2026-04-01,ΕΝΤΑΛΜΑ ΠΛΗΡΩΜΗΣ ΚΑΛΤΕΚ ΑΕ ΕΜΠΟΡΙΑ ΙΑΤΡΙΚΩΝ ΕΙΔΩΝ ΚΑΙ ΠΡΟΙΟΝΤΩΝ ΚΑΙ ΜΗΧΑΝΗΜΑΤΩΝ  ΑΝΩΝΥΜΗ ΕΤΑΙΡΕΙΑ (999307110),999307110,ΚΑΛΤΕΚ ΑΕ ΕΜΠΟΡΙΑ ΙΑΤΡΙΚΩΝ ΕΙΔΩΝ ΚΑΙ ΠΡΟΙΟΝΤΩΝ ΚΑΙ ΜΗΧΑΝΗΜΑΤΩΝ  ΑΝΩΝΥΜΗ ΕΤΑΙΡΕΙΑ (999307110),5030.68,,
Ψ33Ρ4690ΒΩ-828,2026-04-01,ΕΝΤΑΛΜΑ ΠΛΗΡΩΜΗΣ ΙΑΤΡΟΤΕΧΝΟΛΟΓΙΚΑ P.S.TEAM Ε.Π.Ε. (998465266),998465266,ΙΑΤΡΟΤΕΧΝΟΛΟΓΙΚΑ P.S.TEAM Ε.Π.Ε. (998465266),5495.12,,
68754690ΒΩ-ΒΒΒ,2026-04-01,ΕΝΤΑΛΜΑ ΠΛΗΡΩΜΗΣ ΙΑΤΡΙΚΑ ΠΕΝΥ ΕΠΕ (999117743),999117743,ΙΑΤΡΙΚΑ ΠΕΝΥ ΕΠΕ (999117743),3992.18,,
Ψ5ΑΟ4690ΒΩ-Θ2Ξ,2026-04-01,ΕΝΤΑΛΜΑ ΠΛΗΡΩΜΗΣ ΙΑΜΕΞ  ΙΑΤΡΙΚΑ  ΕΙΔΗ  Α.Ε. (999212027),999212027,ΙΑΜΕΞ  ΙΑΤΡΙΚΑ  ΕΙΔΗ  Α.Ε. (999212027),5549.9,,
90ΓΒ4690ΒΩ-ΝΛΛ,2026-04-01,ΕΝΤΑΛΜΑ ΠΛΗΡΩΜΗΣ ΙΑΤΡΟΤΕΧΝΟΛΟΓΙΚΑ P.S.TEAM Ε.Π.Ε. (998465266),998465266,ΙΑΤΡΟΤΕΧΝΟΛΟΓΙΚΑ P.S.TEAM Ε.Π.Ε. (998465266),10873.12,,
9ΥΖ14690ΒΩ-8ΛΟ,2026-04-01,ΕΝΤΑΛΜΑ ΠΛΗΡΩΜΗΣ ΚΟΠΕΡ Α.Ε. (094007897),094007897,ΚΟΠΕΡ Α.Ε. (094007897),4592.07,,
621Χ4690ΒΩ-ΡΩΑ,2026-04-01,ΕΝΤΑΛΜΑ ΠΛΗΡΩΜΗΣ ΙΑΜΕΞ  ΙΑΤΡΙΚΑ  ΕΙΔΗ  Α.Ε. (999212027),999212027,ΙΑΜΕΞ  ΙΑΤΡΙΚΑ  ΕΙΔΗ  Α.Ε. (999212027),6767.57,,
ΨΒ5Ψ4690ΒΩ-Φ61,2026-04-01,ΕΝΤΑΛΜΑ ΠΛΗΡΩΜΗΣ ΤΣΙΝΤΣΙΝΗ Γ.ΠΑΡΑΣΚΕΥΗ(ΜΑΓΝΗΤΗΣ) (047057290),047057290,ΤΣΙΝΤΣΙΝΗ Γ.ΠΑΡΑΣΚΕΥΗ(ΜΑΓΝΗΤΗΣ) (047057290),277.76,,
ΨΑΓΛ4690ΒΩ-ΜΝΗ,2026-04-01,ΕΝΤΑΛΜΑ ΠΛΗΡΩΜΗΣ ΚΑΛΤΕΚ ΑΕ ΕΜΠΟΡΙΑ ΙΑΤΡΙΚΩΝ ΕΙΔΩΝ ΚΑΙ ΠΡΟΙΟΝΤΩΝ ΚΑΙ ΜΗΧΑΝΗΜΑΤΩΝ  ΑΝΩΝΥΜΗ ΕΤΑΙΡΕΙΑ (999307110),999307110,ΚΑΛΤΕΚ ΑΕ ΕΜΠΟΡΙΑ ΙΑΤΡΙΚΩΝ ΕΙΔΩΝ ΚΑΙ ΠΡΟΙΟΝΤΩΝ ΚΑΙ ΜΗΧΑΝΗΜΑΤΩΝ  ΑΝΩΝΥΜΗ ΕΤΑΙΡΕΙΑ (999307110),10149.33,,
9ΧΩΝ4690ΒΩ-Α4Τ,2026-04-01,ΕΝΤΑΛΜΑ ΠΛΗΡΩΜΗΣ ΚΟΠΕΡ Α.Ε. (094007897),094007897,ΚΟΠΕΡ Α.Ε. (094007897),15448.26,,
92Γ94690ΒΩ-ΝΨΓ,2026-04-01,ΕΝΤΑΛΜΑ ΠΛΗΡΩΜΗΣ ΙΛΥΔΑ  Α.Ε. (094359854),094359854,ΙΛΥΔΑ  Α.Ε. (094359854),2219.6,,
ΨΑΤΤ4690ΒΩ-93Ν,2026-04-01,ΕΝΤΑΛΜΑ ΠΛΗΡΩΜΗΣ ΜΟΝΟΤΥΠΙΑ ΜΟΝΟΠΡΟΣΩΠΗ ΙΚΕ (801818159),801818159,ΜΟΝΟΤΥΠΙΑ ΜΟΝΟΠΡΟΣΩΠΗ ΙΚΕ (801818159),647.28,,
9ΚΗΤ4690ΒΩ-Α3Κ,2026-04-01,ΕΝΤΑΛΜΑ ΠΛΗΡΩΜΗΣ ΚΑΡΕΚΛΙΔΗΣ Γ.ΑΡΧΙΜΗΔΗΣ (130456160),130456160,ΚΑΡΕΚΛΙΔΗΣ Γ.ΑΡΧΙΜΗΔΗΣ (130456160),623.1,,
6ΑΟΒ4690ΒΩ-ΛΩΩ,2026-04-02,ΕΝΤΑΛΜΑ ΠΛΗΡΩΜΗΣ ΓΑΛΑΝΟΠΟΥΛΟΣ Κ. ΒΑΣΙΛΕΙΟΣ (070818165),070818165,ΓΑΛΑΝΟΠΟΥΛΟΣ Κ. ΒΑΣΙΛΕΙΟΣ (070818165),198.4,,
Ψ9ΔΧ4690ΒΩ-5Λ7,2026-04-02,ΕΝΤΑΛΜΑ ΠΛΗΡΩΜΗΣ HIPPOKRATIS  A.E. (801043454),801043454,HIPPOKRATIS  A.E. (801043454),7204.16,,
Ρ6ΗΩ4690ΒΩ-ΔΑ1,2026-04-02,ΕΝΤΑΛΜΑ ΠΛΗΡΩΜΗΣ ΘΕΟΧΑΡΗΣ ΑΧΙΛΛΕΥΣ ΧΡΗΣΤΟΣ (116607956),116607956,ΘΕΟΧΑΡΗΣ ΑΧΙΛΛΕΥΣ ΧΡΗΣΤΟΣ (116607956),648.52,,
9ΧΩΠ4690ΒΩ-Τ2Θ,2026-03-31,ΕΝΤΑΛΜΑ ΠΛΗΡΩΜΗΣ ΤΡΑΠΕΖΑ  EUROBANK AE (094014250),094014250,ΤΡΑΠΕΖΑ  EUROBANK AE (094014250),39.4,,
9ΙΥΤ4690ΒΩ-0ΞΖ,2026-03-31,ΕΝΤΑΛΜΑ ΠΛΗΡΩΜΗΣ ΤΡΑΠΕΖΑ ΕΛΛΑΔΟΣ (094014213),094014213,ΤΡΑΠΕΖΑ ΕΛΛΑΔΟΣ (094014213),5.75,,
ΨΔ4Π4690ΒΩ-ΣΧ0,2026-03-31,ΕΝΤΑΛΜΑ ΠΛΗΡΩΜΗΣ ΤΖΕΚΑ ΑΦΟΙ Ο.Ε (997663680),997663680,ΤΖΕΚΑ ΑΦΟΙ Ο.Ε (997663680),2351.97,,
ΨΤΕΣ4690ΒΩ-ΙΚΑ,2026-04-02,ΚΑΤΑΒΟΛΗ  ΠΑΡΑΒΟΛΟΥ ΓΙΑ ΑΠΟΔΟΧΗ  ΚΛΗΡΟΝΟΜΙΑΣ (ΑΡ.17.865),997001671,ΥΠΟΥΡΓΕΙΟ ΨΗΦΙΑΚΗΣ ΔΙΑΚΥΒΕΡΝΗΣΗΣ,18.5,,24209890001001
Ψ7Ρ34690ΒΩ-Ρ18,2026-03-26,ΕΝΤΑΛΜΑ ΠΛΗΡΩΜΗΣ ΚΑΡΑΓΚΟΥΝΗΣ ΠΑΝΑΓΙΩΤΗΣ τ. ΔΗΜΟΥ (034322654),034322654,ΚΑΡΑΓΚΟΥΝΗΣ ΠΑΝΑΓΙΩΤΗΣ τ. ΔΗΜΟΥ (034322654),1872.01,,
9ΝΥ24690ΒΩ-Ν60,2026-03-26,ΕΝΤΑΛΜΑ ΠΛΗΡΩΜΗΣ ΑΡΒΑΝΙΤΗ  ΚΩΝΣΤΑΝΤΙΝΑ τ. ΓΕΩΡΓΙΟΥ (156785626),156785626,ΑΡΒΑΝΙΤΗ  ΚΩΝΣΤΑΝΤΙΝΑ τ. ΓΕΩΡΓΙΟΥ (156785626),398.16,,
9Φ9Ι4690ΒΩ-Κ51,2026-03-26,ΕΝΤΑΛΜΑ ΠΛΗΡΩΜΗΣ ΡΟΥΜΠΟΣ ΝΙΚΟΛΑΟΣ τ. ΙΩΑΝΝΗ (050588536),050588536,ΡΟΥΜΠΟΣ ΝΙΚΟΛΑΟΣ τ. ΙΩΑΝΝΗ (050588536),1000.0,,
9ΞΟ64690ΒΩ-ΨΨΦ,2026-03-26,ΕΝΤΑΛΜΑ ΠΛΗΡΩΜΗΣ ΑΠΟΣΤΟΛΟΠΟΥΛΟΣ ΔΗΜΗΤΡΙΟΣ τ. ΝΙΚΟΛΑΟΥ (136828572),136828572,ΑΠΟΣΤΟΛΟΠΟΥΛΟΣ ΔΗΜΗΤΡΙΟΣ τ. ΝΙΚΟΛΑΟΥ (136828572),2000.0,,
ΨΤ6Β4690ΒΩ-8ΤΒ,2026-03-26,ΕΝΤΑΛΜΑ ΠΛΗΡΩΜΗΣ ΘΑΝΟΠΟΥΛΟΥ ΒΑΣΙΛΙΚΗ τ. ΔΗΜΗΤΡΙΟΥ (120430983),120430983,ΘΑΝΟΠΟΥΛΟΥ ΒΑΣΙΛΙΚΗ τ. ΔΗΜΗΤΡΙΟΥ (120430983),500.0,,
9ΑΕΒ4690ΒΩ-345,2026-03-31,ΕΝΤΑΛΜΑ ΠΛΗΡΩΜΗΣ MY SERVICES HUMAN RESOURCES AND SERCURITY ΑΝΩΝΥΜΗ ΕΤΑΙΡΕΙΑ (801114586),801114586,MY SERVICES HUMAN RESOURCES AND SERCURITY ΑΝΩΝΥΜΗ ΕΤΑΙΡΕΙΑ (801114586),37138.0,,
96ΖΓ4690ΒΩ-ΥΨ5,2026-03-19,ΕΝΤΑΛΜΑ ΠΛΗΡΩΜΗΣ ΠΑΠΑΜΙΧΑΗΛ Δ.   ΣΙΑ ΕΕ -NILO (093471463),093471463,ΠΑΠΑΜΙΧΑΗΛ Δ.   ΣΙΑ ΕΕ -NILO (093471463),924.54,,
9ΩΝΧ4690ΒΩ-ΥΨΧ,2026-03-13,ΕΝΤΑΛΜΑ ΠΛΗΡΩΜΗΣ ΑΙΓΑΙΟΝ  Ε.Π.Ε. (997565624),997565624,ΑΙΓΑΙΟΝ  Ε.Π.Ε. (997565624),2629.89,,
6ΝΠ74690ΒΩ-ΦΜ8,2026-03-16,ΕΝΤΑΛΜΑ ΠΛΗΡΩΜΗΣ VOLPCITY ΑΦΟΙ ΧΑΤΖΗΣΤΑΜΟΥΛΗ ΙΚΕ (802536420),802536420,VOLPCITY ΑΦΟΙ ΧΑΤΖΗΣΤΑΜΟΥΛΗ ΙΚΕ (802536420),3310.8,,
ΨΘΕΞ4690ΒΩ-62Σ,2026-03-20,ΕΝΤΑΛΜΑ ΠΛΗΡΩΜΗΣ BBD ΝΙΚ.ΛΑΙΝΙΩΤΗΣ Α.Ε.Β.Ε. (093628458),093628458,BBD ΝΙΚ.ΛΑΙΝΙΩΤΗΣ Α.Ε.Β.Ε. (093628458),1866.55,,
ΨΥΕΨ4690ΒΩ-ΕΜΛ,2026-03-16,ΕΝΤΑΛΜΑ ΠΛΗΡΩΜΗΣ VOLPCITY ΑΦΟΙ ΧΑΤΖΗΣΤΑΜΟΥΛΗ ΙΚΕ (802536420),802536420,VOLPCITY ΑΦΟΙ ΧΑΤΖΗΣΤΑΜΟΥΛΗ ΙΚΕ (802536420),4394.88,,
Ψ7ΔΧ4690ΒΩ-5ΜΑ,2026-03-20,ΕΝΤΑΛΜΑ ΠΛΗΡΩΜΗΣ EURO SUPPLIES IKE (997776974),997776974,EURO SUPPLIES IKE (997776974),5692.11,,
9ΛΟ64690ΒΩ-ΣΗΓ,2026-03-17,ΕΝΤΑΛΜΑ ΠΛΗΡΩΜΗΣ ΑΓΡΟΤΙΚΟΣ ΣΥΝΕΤΑΙΡΙΣΜΟΣ ΒΟΛΟΥ -ΕΒΟΛ (096000124),096000124,ΑΓΡΟΤΙΚΟΣ ΣΥΝΕΤΑΙΡΙΣΜΟΣ ΒΟΛΟΥ -ΕΒΟΛ (096000124),6290.75,,
ΨΘΛ74690ΒΩ-ΩΤΙ,2026-03-17,ΕΝΤΑΛΜΑ ΠΛΗΡΩΜΗΣ ΑΓΡΟΤΙΚΟΣ ΣΥΝΕΤΑΙΡΙΣΜΟΣ ΒΟΛΟΥ -ΕΒΟΛ (096000124),096000124,ΑΓΡΟΤΙΚΟΣ ΣΥΝΕΤΑΙΡΙΣΜΟΣ ΒΟΛΟΥ -ΕΒΟΛ (096000124),1751.5,,
ΨΜ3Μ4690ΒΩ-ΒΦΚ,2026-03-16,ΕΝΤΑΛΜΑ ΠΛΗΡΩΜΗΣ ΠΑΠΑΠΟΣΤΟΛΟΥ Ν. ΑΕ (095029193),095029193,ΠΑΠΑΠΟΣΤΟΛΟΥ Ν. ΑΕ (095029193),2611.44,,
9ΞΘ04690ΒΩ-Π9Κ,2026-03-16,ΕΝΤΑΛΜΑ ΠΛΗΡΩΜΗΣ ΠΑΠΑΠΟΣΤΟΛΟΥ Ν. ΑΕ (095029193),095029193,ΠΑΠΑΠΟΣΤΟΛΟΥ Ν. ΑΕ (095029193),2638.22,,
9ΩΑΚ4690ΒΩ-ΑΨ3,2026-03-18,ΕΝΤΑΛΜΑ ΠΛΗΡΩΜΗΣ ΣΤΑΜΟΥΛΗ Γ. ΜΑΡΙΑ (047059443),047059443,ΣΤΑΜΟΥΛΗ Γ. ΜΑΡΙΑ (047059443),3261.2,,
6ΖΜΨ4690ΒΩ-ΞΧΦ,2026-03-27,ΕΝΤΑΛΜΑ ΠΛΗΡΩΜΗΣ ΘΕΣΣΑΛΙΚΗ ΙΑΤΡΟΝΟΣΗΛΕΥΤΙΚΗ ΦΡΟΝΤΙΔΑ ΙΚΕ (801448170),801448170,ΘΕΣΣΑΛΙΚΗ ΙΑΤΡΟΝΟΣΗΛΕΥΤΙΚΗ ΦΡΟΝΤΙΔΑ ΙΚΕ (801448170),4622.55,,
ΨΔΓΒ4690ΒΩ-ΛΙ9,2026-03-20,ΕΝΤΑΛΜΑ ΠΛΗΡΩΜΗΣ ΚΟΣΜΙΔΗΣ  ΧΑΡ. ΠΕΤΡΟΣ     ΣΙΑ  Ε.Ε. (999685389),999685389,ΚΟΣΜΙΔΗΣ  ΧΑΡ. ΠΕΤΡΟΣ     ΣΙΑ  Ε.Ε. (999685389),7948.66,,
Ψ7ΕΨ4690ΒΩ-7ΟΗ,2026-03-27,ΕΝΤΑΛΜΑ ΠΛΗΡΩΜΗΣ ΘΕΣΣΑΛΙΚΗ ΙΑΤΡΟΝΟΣΗΛΕΥΤΙΚΗ ΦΡΟΝΤΙΔΑ ΙΚΕ (801448170),801448170,ΘΕΣΣΑΛΙΚΗ ΙΑΤΡΟΝΟΣΗΛΕΥΤΙΚΗ ΦΡΟΝΤΙΔΑ ΙΚΕ (801448170),2541.0,,
9ΨΖΣ4690ΒΩ-0ΑΖ,2026-03-17,ΕΝΤΑΛΜΑ ΠΛΗΡΩΜΗΣ ΛΙΝΤΕ ΕΛΛΑΣ ΜΟΝΟΠΡΟΣΩΠΗ Ε.Π.Ε (095167018),095167018,ΛΙΝΤΕ ΕΛΛΑΣ ΜΟΝΟΠΡΟΣΩΠΗ Ε.Π.Ε (095167018),15369.8,,
Ψ5ΖΜ4690ΒΩ-Ν0Ω,2026-03-26,ΕΝΤΑΛΜΑ ΠΛΗΡΩΜΗΣ DEVELOPED MEDICAL PRODUCTS SERVICES  LTD (998333221),998333221,DEVELOPED MEDICAL PRODUCTS SERVICES  LTD (998333221),5039.69,,
ΨΡΗΩ4690ΒΩ-Θ72,2026-03-26,ΕΝΤΑΛΜΑ ΠΛΗΡΩΜΗΣ DEVELOPED MEDICAL PRODUCTS SERVICES  LTD (998333221),998333221,DEVELOPED MEDICAL PRODUCTS SERVICES  LTD (998333221),3635.37,,
9Σ5Σ4690ΒΩ-ΤΤΔ,2026-03-26,ΕΝΤΑΛΜΑ ΠΛΗΡΩΜΗΣ DEVELOPED MEDICAL PRODUCTS SERVICES  LTD (998333221),998333221,DEVELOPED MEDICAL PRODUCTS SERVICES  LTD (998333221),3747.31,,
ΡΒΘΕ4690ΒΩ-ΝΝΙ,2026-03-26,ΕΝΤΑΛΜΑ ΠΛΗΡΩΜΗΣ DEVELOPED MEDICAL PRODUCTS SERVICES  LTD (998333221),998333221,DEVELOPED MEDICAL PRODUCTS SERVICES  LTD (998333221),2900.94,,
62ΒΤ4690ΒΩ-2ΔΠ,2026-03-26,ΕΝΤΑΛΜΑ ΠΛΗΡΩΜΗΣ DEVELOPED MEDICAL PRODUCTS SERVICES  LTD (998333221),998333221,DEVELOPED MEDICAL PRODUCTS SERVICES  LTD (998333221),3015.52,,
Ρ48Η4690ΒΩ-ΞΞ7,2026-03-26,ΕΝΤΑΛΜΑ ΠΛΗΡΩΜΗΣ DEVELOPED MEDICAL PRODUCTS SERVICES  LTD (998333221),998333221,DEVELOPED MEDICAL PRODUCTS SERVICES  LTD (998333221),3189.54,,
6Μ614690ΒΩ-Β2Ο,2026-03-26,ΕΝΤΑΛΜΑ ΠΛΗΡΩΜΗΣ ATRON HEALTH A.E. (800519113),800519113,ATRON HEALTH A.E. (800519113),3356.1,,
9ΩΖΜ4690ΒΩ-7Λ4,2026-03-24,ΕΝΤΑΛΜΑ ΠΛΗΡΩΜΗΣ ATRON HEALTH A.E. (800519113),800519113,ATRON HEALTH A.E. (800519113),15820.96,,
9ΓΣΛ4690ΒΩ-Π77,2026-03-24,ΕΝΤΑΛΜΑ ΠΛΗΡΩΜΗΣ ATRON HEALTH A.E. (800519113),800519113,ATRON HEALTH A.E. (800519113),9201.68,,
9ΒΘ24690ΒΩ-Β0Α,2026-03-24,ΕΝΤΑΛΜΑ ΠΛΗΡΩΜΗΣ ATRON HEALTH A.E. (800519113),800519113,ATRON HEALTH A.E. (800519113),17629.2,,
90Μ54690ΒΩ-Ψ9Φ,2026-03-26,ΕΝΤΑΛΜΑ ΠΛΗΡΩΜΗΣ ORTHOPRO IKE (800544160),800544160,ORTHOPRO IKE (800544160),16728.39,,
9ΙΛΚ4690ΒΩ-ΘΞ5,2026-03-26,ΕΝΤΑΛΜΑ ΠΛΗΡΩΜΗΣ ORTHOPRO IKE (800544160),800544160,ORTHOPRO IKE (800544160),22820.67,,
ΨΘΒΟ4690ΒΩ-ΤΩΥ,2026-03-27,ΕΝΤΑΛΜΑ ΠΛΗΡΩΜΗΣ ΤΡΑΠΕΖΑ  EUROBANK AE (094014250),094014250,ΤΡΑΠΕΖΑ  EUROBANK AE (094014250),4.0,,
9ΘΕ94690ΒΩ-ΓΞΓ,2026-03-26,ΕΝΤΑΛΜΑ ΠΛΗΡΩΜΗΣ DEVELOPED MEDICAL PRODUCTS SERVICES  LTD (998333221),998333221,DEVELOPED MEDICAL PRODUCTS SERVICES  LTD (998333221),41347.6,,
63Σ14690ΒΩ-5Ο3,2026-03-19,ΕΝΤΑΛΜΑ ΠΛΗΡΩΜΗΣ ΑΦΟΙ Α.ΜΟΥΡΟΠΟΥΛΟΥ Ο.Ε. (081857450),081857450,ΑΦΟΙ Α.ΜΟΥΡΟΠΟΥΛΟΥ Ο.Ε. (081857450),716.72,,
Ψ95Σ4690ΒΩ-Θ2Ι,2026-03-19,ΕΝΤΑΛΜΑ ΠΛΗΡΩΜΗΣ OPEN CARE  IKE (800423557),800423557,OPEN CARE  IKE (800423557),3811.76,,
9ΠΓΞ4690ΒΩ-ΡΞΒ,2026-03-19,ΕΝΤΑΛΜΑ ΠΛΗΡΩΜΗΣ ΚΟΣΜΙΔΗΣ  ΧΑΡ. ΠΕΤΡΟΣ     ΣΙΑ  Ε.Ε. (999685389),999685389,ΚΟΣΜΙΔΗΣ  ΧΑΡ. ΠΕΤΡΟΣ     ΣΙΑ  Ε.Ε. (999685389),24591.33,,
Ψ2Μ94690ΒΩ-1ΔΩ,2026-03-23,ΕΝΤΑΛΜΑ ΠΛΗΡΩΜΗΣ BBD ΝΙΚ.ΛΑΙΝΙΩΤΗΣ Α.Ε.Β.Ε. (093628458),093628458,BBD ΝΙΚ.ΛΑΙΝΙΩΤΗΣ Α.Ε.Β.Ε. (093628458),11318.44,,
6ΜΚ34690ΒΩ-ΥΞ2,2026-03-19,ΕΝΤΑΛΜΑ ΠΛΗΡΩΜΗΣ ΚΟΣΜΙΔΗΣ  ΧΑΡ. ΠΕΤΡΟΣ     ΣΙΑ  Ε.Ε. (999685389),999685389,ΚΟΣΜΙΔΗΣ  ΧΑΡ. ΠΕΤΡΟΣ     ΣΙΑ  Ε.Ε. (999685389),4527.88,,
ΨΚΡΤ4690ΒΩ-Τ5Γ,2026-03-18,ΕΝΤΑΛΜΑ ΠΛΗΡΩΜΗΣ VOLPCITY ΑΦΟΙ ΧΑΤΖΗΣΤΑΜΟΥΛΗ ΙΚΕ (802536420),802536420,VOLPCITY ΑΦΟΙ ΧΑΤΖΗΣΤΑΜΟΥΛΗ ΙΚΕ (802536420),4092.0,,
9ΧΙΣ4690ΒΩ-Ψ2Β,2026-03-24,ΕΝΤΑΛΜΑ ΠΛΗΡΩΜΗΣ GB MACHINE ΜΟΝΟΠΡΟΣΩΠΗ ΙΚΕ (802356874),802356874,GB MACHINE ΜΟΝΟΠΡΟΣΩΠΗ ΙΚΕ (802356874),2818.76,,
6ΥΥΑ4690ΒΩ-Φ09,2026-03-19,ΕΝΤΑΛΜΑ ΠΛΗΡΩΜΗΣ ΞΕΝΕΞ-ΑΝΑΣΤΑΣΙΟΣ ΚΙΟΥΛΠΑΠΑΣ Α.Ε. (094285848),094285848,ΞΕΝΕΞ-ΑΝΑΣΤΑΣΙΟΣ ΚΙΟΥΛΠΑΠΑΣ Α.Ε. (094285848),3095.17,,
Ψ6Μ54690ΒΩ-ΟΑΟ,2026-03-27,ΕΝΤΑΛΜΑ ΠΛΗΡΩΜΗΣ SIEMENS HEALTHINEERS ΕΛΛΑΣ ΜΟΝΟΠΡΟΣΩΠΗ Α.Ε. (094456875),094456875,SIEMENS HEALTHINEERS ΕΛΛΑΣ ΜΟΝΟΠΡΟΣΩΠΗ Α.Ε. (094456875),11404.72,,
ΨΩΥΨ4690ΒΩ-Δ11,2026-03-20,ΕΝΤΑΛΜΑ ΠΛΗΡΩΜΗΣ MILONAS HEALTH A.E (998179225),998179225,MILONAS HEALTH A.E (998179225),2266.22,,
ΨΓΧΣ4690ΒΩ-8ΥΙ,2026-03-24,ΕΝΤΑΛΜΑ ΠΛΗΡΩΜΗΣ BIOKON ΙΑΤΡΙΚΑ   ΒΙΟΤΕΧ/ΚΑ ΠΡΟΙΟΝΤΑ ΕΠΕ (999656321),999656321,BIOKON ΙΑΤΡΙΚΑ   ΒΙΟΤΕΧ/ΚΑ ΠΡΟΙΟΝΤΑ ΕΠΕ (999656321),276.5,,
ΨΜΣ24690ΒΩ-ΞΨΥ,2026-03-19,ΕΝΤΑΛΜΑ ΠΛΗΡΩΜΗΣ ΥΓΕΙΟΔΥΝΑΜΙΚΗ Α.Ε. ΙΑΤΡΙΚΩΝ ΕΦΟΔΙΩΝ (997672386),997672386,ΥΓΕΙΟΔΥΝΑΜΙΚΗ Α.Ε. ΙΑΤΡΙΚΩΝ ΕΦΟΔΙΩΝ (997672386),3372.79,,
Ψ4ΥΓ4690ΒΩ-91Ζ,2026-03-17,ΕΝΤΑΛΜΑ ΠΛΗΡΩΜΗΣ ΞΕΝΕΞ-ΑΝΑΣΤΑΣΙΟΣ ΚΙΟΥΛΠΑΠΑΣ Α.Ε. (094285848),094285848,ΞΕΝΕΞ-ΑΝΑΣΤΑΣΙΟΣ ΚΙΟΥΛΠΑΠΑΣ Α.Ε. (094285848),731.6,,
ΨΠΠΘ4690ΒΩ-2ΗΜ,2026-03-26,ΕΝΤΑΛΜΑ ΠΛΗΡΩΜΗΣ EURO SUPPLIES IKE (997776974),997776974,EURO SUPPLIES IKE (997776974),3125.64,,
6ΧΘ14690ΒΩ-7ΞΕ,2026-03-26,ΕΝΤΑΛΜΑ ΠΛΗΡΩΜΗΣ EURO SUPPLIES IKE (997776974),997776974,EURO SUPPLIES IKE (997776974),2826.38,,
9Φ2Τ4690ΒΩ-ΚΕΑ,2026-03-17,ΕΝΤΑΛΜΑ ΠΛΗΡΩΜΗΣ ΛΙΝΤΕ ΕΛΛΑΣ ΜΟΝΟΠΡΟΣΩΠΗ Ε.Π.Ε (095167018),095167018,ΛΙΝΤΕ ΕΛΛΑΣ ΜΟΝΟΠΡΟΣΩΠΗ Ε.Π.Ε (095167018),35558.24,,
62614690ΒΩ-Χ2Υ,2026-03-13,ΕΝΤΑΛΜΑ ΠΛΗΡΩΜΗΣ ΛΙΝΤΕ ΕΛΛΑΣ ΜΟΝΟΠΡΟΣΩΠΗ Ε.Π.Ε (095167018),095167018,ΛΙΝΤΕ ΕΛΛΑΣ ΜΟΝΟΠΡΟΣΩΠΗ Ε.Π.Ε (095167018),4208.79,,
6ΖΚΓ4690ΒΩ-ΑΞΙ,2026-03-18,ΕΝΤΑΛΜΑ ΠΛΗΡΩΜΗΣ Α.ΔΕΡΒΟΣ-Γ.ΔΗΜΗΤΡΑΚΟΠΟΥΛΟΣ κ.ΣΙΑ Α.Ε. (099518023),099518023,Α.ΔΕΡΒΟΣ-Γ.ΔΗΜΗΤΡΑΚΟΠΟΥΛΟΣ κ.ΣΙΑ Α.Ε. (099518023),2678.4,,
9ΚΝΠ4690ΒΩ-Ο4Θ,2026-03-18,ΕΝΤΑΛΜΑ ΠΛΗΡΩΜΗΣ ΠΑΠΑΠΟΣΤΟΛΟΥ Ν. ΑΕ (095029193),095029193,ΠΑΠΑΠΟΣΤΟΛΟΥ Ν. ΑΕ (095029193),4550.8,,
9ΓΣ24690ΒΩ-342,2026-03-18,ΕΝΤΑΛΜΑ ΠΛΗΡΩΜΗΣ ΠΑΠΑΠΟΣΤΟΛΟΥ Ν. ΑΕ (095029193),095029193,ΠΑΠΑΠΟΣΤΟΛΟΥ Ν. ΑΕ (095029193),1931.92,,
Ψ6ΕΨ4690ΒΩ-ΑΧ3,2026-03-24,ΕΝΤΑΛΜΑ ΠΛΗΡΩΜΗΣ ΚΟΣΜΙΔΗΣ  ΧΑΡ. ΠΕΤΡΟΣ     ΣΙΑ  Ε.Ε. (999685389),999685389,ΚΟΣΜΙΔΗΣ  ΧΑΡ. ΠΕΤΡΟΣ     ΣΙΑ  Ε.Ε. (999685389),3208.83,,
9ΗΠ34690ΒΩ-ΑΤ2,2026-03-09,ΕΝΤΑΛΜΑ ΠΛΗΡΩΜΗΣ ΥΙΟΙ ΕΥΘ. ΣΥΡΒΑΝΙΔΗ   Ο.Ε. (082903781),082903781,ΥΙΟΙ ΕΥΘ. ΣΥΡΒΑΝΙΔΗ   Ο.Ε. (082903781),61.83,,
9ΠΤΙ4690ΒΩ-ΠΟΘ,2026-03-16,ΕΝΤΑΛΜΑ ΠΛΗΡΩΜΗΣ CLIMATAIR O.E. (802611761),802611761,CLIMATAIR O.E. (802611761),3453.4,,
92ΚΒ4690ΒΩ-ΕΑΕ,2026-03-16,ΕΝΤΑΛΜΑ ΠΛΗΡΩΜΗΣ CLIMATAIR O.E. (802611761),802611761,CLIMATAIR O.E. (802611761),496.0,,
9ΥΘΕ4690ΒΩ-Ω3Φ,2026-03-24,ΕΝΤΑΛΜΑ ΠΛΗΡΩΜΗΣ ΓΕΝΙΚΗ ΧΗΜΙΚΩΝ ΠΡΟΙΟΝΤΩΝ Α.Ε. (094133588),094133588,ΓΕΝΙΚΗ ΧΗΜΙΚΩΝ ΠΡΟΙΟΝΤΩΝ Α.Ε. (094133588),6876.75,,
6ΑΣ64690ΒΩ-ΗΛΥ,2026-03-27,ΕΝΤΑΛΜΑ ΠΛΗΡΩΜΗΣ MEDICON HELLAS AE (094240321),094240321,MEDICON HELLAS AE (094240321),119428.06,,
Ψ17Ξ4690ΒΩ-ΒΤΔ,2026-03-26,ΕΝΤΑΛΜΑ ΠΛΗΡΩΜΗΣ ABBOTT LABORATORIES  ΕΛΛΑΣ  Α.Β.Ε.Ε. (094027257),094027257,ABBOTT LABORATORIES  ΕΛΛΑΣ  Α.Β.Ε.Ε. (094027257),97941.23,,
ΨΤΨ14690ΒΩ-ΞΦΧ,2026-03-26,ΕΝΤΑΛΜΑ ΠΛΗΡΩΜΗΣ ABBOTT LABORATORIES  ΕΛΛΑΣ  Α.Β.Ε.Ε. (094027257),094027257,ABBOTT LABORATORIES  ΕΛΛΑΣ  Α.Β.Ε.Ε. (094027257),61588.28,,
Ψ01Ε4690ΒΩ-ΣΧ9,2026-03-27,ΕΝΤΑΛΜΑ ΠΛΗΡΩΜΗΣ LERIVA ΔΙΑΓΝΩΣΤΙΚΑ Α.Ε (800356020),800356020,LERIVA ΔΙΑΓΝΩΣΤΙΚΑ Α.Ε (800356020),29948.18,,
9ΞΖ44690ΒΩ-Κ3Ξ,2026-03-13,ΕΝΤΑΛΜΑ ΠΛΗΡΩΜΗΣ ΛΙΝΤΕ ΕΛΛΑΣ ΜΟΝΟΠΡΟΣΩΠΗ Ε.Π.Ε (095167018),095167018,ΛΙΝΤΕ ΕΛΛΑΣ ΜΟΝΟΠΡΟΣΩΠΗ Ε.Π.Ε (095167018),242.35,,
9Ε604690ΒΩ-Ρ8Ω,2026-03-26,ΕΝΤΑΛΜΑ ΠΛΗΡΩΜΗΣ ZIMMER BIOMET ΕΛΛΑΣ ΜΟΝΟΠΡΟΣΩΠΗ  Α.Ε. (094437885),094437885,ZIMMER BIOMET ΕΛΛΑΣ ΜΟΝΟΠΡΟΣΩΠΗ  Α.Ε. (094437885),4118.76,,
ΨΧΜΚ4690ΒΩ-2ΞΞ,2026-03-13,ΕΝΤΑΛΜΑ ΠΛΗΡΩΜΗΣ ΛΙΝΤΕ ΕΛΛΑΣ ΜΟΝΟΠΡΟΣΩΠΗ Ε.Π.Ε (095167018),095167018,ΛΙΝΤΕ ΕΛΛΑΣ ΜΟΝΟΠΡΟΣΩΠΗ Ε.Π.Ε (095167018),8141.84,,
ΨΖ464690ΒΩ-73Ν,2026-03-26,ΕΝΤΑΛΜΑ ΠΛΗΡΩΜΗΣ ZIMMER BIOMET ΕΛΛΑΣ ΜΟΝΟΠΡΟΣΩΠΗ  Α.Ε. (094437885),094437885,ZIMMER BIOMET ΕΛΛΑΣ ΜΟΝΟΠΡΟΣΩΠΗ  Α.Ε. (094437885),2872.01,,
Ψ6ΡΩ4690ΒΩ-ΡΑΤ,2026-03-26,ΕΝΤΑΛΜΑ ΠΛΗΡΩΜΗΣ ZIMMER BIOMET ΕΛΛΑΣ ΜΟΝΟΠΡΟΣΩΠΗ  Α.Ε. (094437885),094437885,ZIMMER BIOMET ΕΛΛΑΣ ΜΟΝΟΠΡΟΣΩΠΗ  Α.Ε. (094437885),3661.27,,
62ΗΜ4690ΒΩ-ΤΦ2,2026-03-26,ΕΝΤΑΛΜΑ ΠΛΗΡΩΜΗΣ ZIMMER BIOMET ΕΛΛΑΣ ΜΟΝΟΠΡΟΣΩΠΗ  Α.Ε. (094437885),094437885,ZIMMER BIOMET ΕΛΛΑΣ ΜΟΝΟΠΡΟΣΩΠΗ  Α.Ε. (094437885),3515.14,,
ΨΘΝΙ4690ΒΩ-ΦΜΦ,2026-03-13,ΕΝΤΑΛΜΑ ΠΛΗΡΩΜΗΣ ΛΙΝΤΕ ΕΛΛΑΣ ΜΟΝΟΠΡΟΣΩΠΗ Ε.Π.Ε (095167018),095167018,ΛΙΝΤΕ ΕΛΛΑΣ ΜΟΝΟΠΡΟΣΩΠΗ Ε.Π.Ε (095167018),497.49,,
Ψ8ΥΦ4690ΒΩ-ΑΟ9,2026-03-26,ΕΝΤΑΛΜΑ ΠΛΗΡΩΜΗΣ ZIMMER BIOMET ΕΛΛΑΣ ΜΟΝΟΠΡΟΣΩΠΗ  Α.Ε. (094437885),094437885,ZIMMER BIOMET ΕΛΛΑΣ ΜΟΝΟΠΡΟΣΩΠΗ  Α.Ε. (094437885),4708.03,,
9Λ3Μ4690ΒΩ-ΔΙΤ,2026-03-27,ΕΝΤΑΛΜΑ ΠΛΗΡΩΜΗΣ ΤΡΑΠΕΖΑ  EUROBANK AE (094014250),094014250,ΤΡΑΠΕΖΑ  EUROBANK AE (094014250),4.0,,
ΨΛ1Ο4690ΒΩ-ΓΕ0,2026-03-26,ΕΝΤΑΛΜΑ ΠΛΗΡΩΜΗΣ ZIMMER BIOMET ΕΛΛΑΣ ΜΟΝΟΠΡΟΣΩΠΗ  Α.Ε. (094437885),094437885,ZIMMER BIOMET ΕΛΛΑΣ ΜΟΝΟΠΡΟΣΩΠΗ  Α.Ε. (094437885),16477.66,,
Ρ8ΞΚ4690ΒΩ-ΝΡΔ,2026-03-20,ΕΝΤΑΛΜΑ ΠΛΗΡΩΜΗΣ ΠΑΡΑΣΧΟΣ Β.   ΣΙΑ ΕΕ (099905778),099905778,ΠΑΡΑΣΧΟΣ Β.   ΣΙΑ ΕΕ (099905778),568.49,,
9ΓΤΥ4690ΒΩ-ΞΘ8,2026-03-27,ΕΝΤΑΛΜΑ ΠΛΗΡΩΜΗΣ ΒΙΟΚΟΣΜΟΣ ΜΟΡΙΑΚΗ Α.Ε. (801646486),801646486,ΒΙΟΚΟΣΜΟΣ ΜΟΡΙΑΚΗ Α.Ε. (801646486),24639.7,,
ΡΗΚΣ4690ΒΩ-ΧΕΟ,2026-03-20,ΕΝΤΑΛΜΑ ΠΛΗΡΩΜΗΣ ΣΥΜΕΩΝΙΔΗΣ   ΒΑΣ.  ΧΑΡΑΛΑΜΠΟΣ (125190308),125190308,ΣΥΜΕΩΝΙΔΗΣ   ΒΑΣ.  ΧΑΡΑΛΑΜΠΟΣ (125190308),460.04,,
9ΥΕΨ4690ΒΩ-ΛΤΗ,2026-03-26,ΕΝΤΑΛΜΑ ΠΛΗΡΩΜΗΣ PHAREL ΜΟΝΟΠΡΟΣΩΠΗ ΙΚΕ (800745614),800745614,PHAREL ΜΟΝΟΠΡΟΣΩΠΗ ΙΚΕ (800745614),17312.54,,
9ΒΚΚ4690ΒΩ-9ΤΕ,2026-03-26,ΕΝΤΑΛΜΑ ΠΛΗΡΩΜΗΣ ATRON HEALTH A.E. (800519113),800519113,ATRON HEALTH A.E. (800519113),5830.8,,
944Γ4690ΒΩ-64Κ,2026-03-26,ΕΝΤΑΛΜΑ ΠΛΗΡΩΜΗΣ ATRON HEALTH A.E. (800519113),800519113,ATRON HEALTH A.E. (800519113),13200.66,,
ΡΕΙ54690ΒΩ-3ΞΤ,2026-03-19,ΕΝΤΑΛΜΑ ΠΛΗΡΩΜΗΣ OPEN CARE  IKE (800423557),800423557,OPEN CARE  IKE (800423557),304.67,,
95Θ14690ΒΩ-5ΝΥ,2026-03-26,ΕΝΤΑΛΜΑ ΠΛΗΡΩΜΗΣ PHAREL ΜΟΝΟΠΡΟΣΩΠΗ ΙΚΕ (800745614),800745614,PHAREL ΜΟΝΟΠΡΟΣΩΠΗ ΙΚΕ (800745614),11061.97,,
ΡΑΙΙ4690ΒΩ-ΡΑ0,2026-03-26,ΕΝΤΑΛΜΑ ΠΛΗΡΩΜΗΣ ATRON HEALTH A.E. (800519113),800519113,ATRON HEALTH A.E. (800519113),2915.4,,
96ΡΩ4690ΒΩ-ΥΨΛ,2026-03-26,ΕΝΤΑΛΜΑ ΠΛΗΡΩΜΗΣ ΤΡΑΠΕΖΑ  EUROBANK AE (094014250),094014250,ΤΡΑΠΕΖΑ  EUROBANK AE (094014250),4.0,,
6Α2Ο4690ΒΩ-4ΒΕ,2026-03-26,ΕΝΤΑΛΜΑ ΠΛΗΡΩΜΗΣ ΤΡΑΠΕΖΑ  EUROBANK AE (094014250),094014250,ΤΡΑΠΕΖΑ  EUROBANK AE (094014250),4.0,,
6ΔΕΡ4690ΒΩ-Ω77,2026-03-24,ΕΝΤΑΛΜΑ ΠΛΗΡΩΜΗΣ ΒΕΡΜΑ ΝΤΡΑΓΚΣ Α.Β.Ε.Ε. (099363426),099363426,ΒΕΡΜΑ ΝΤΡΑΓΚΣ Α.Β.Ε.Ε. (099363426),5525.67,,
ΨΝΡΒ4690ΒΩ-Κ71,2026-03-24,ΕΝΤΑΛΜΑ ΠΛΗΡΩΜΗΣ ΒΕΡΜΑ ΝΤΡΑΓΚΣ Α.Β.Ε.Ε. (099363426),099363426,ΒΕΡΜΑ ΝΤΡΑΓΚΣ Α.Β.Ε.Ε. (099363426),13643.9,,
ΨΝΚΛ4690ΒΩ-ΕΨΙ,2026-03-20,ΕΝΤΑΛΜΑ ΠΛΗΡΩΜΗΣ ΖΥΡΙΧΙΔΗ  ΑΦΟΙ  Ο.Ε. (091282761),091282761,ΖΥΡΙΧΙΔΗ  ΑΦΟΙ  Ο.Ε. (091282761),9398.14,,
ΨΓΙ04690ΒΩ-ΧΤΜ,2026-03-26,ΕΝΤΑΛΜΑ ΠΛΗΡΩΜΗΣ ΒΙΟΣΕΡ Α.Ε. (094035927),094035927,ΒΙΟΣΕΡ Α.Ε. (094035927),13750.98,,
6ΖΣΚ4690ΒΩ-Χ1Ο,2026-03-26,ΕΝΤΑΛΜΑ ΠΛΗΡΩΜΗΣ ΓΕΝΙΚΗ ΧΗΜΙΚΩΝ ΠΡΟΙΟΝΤΩΝ Α.Ε. (094133588),094133588,ΓΕΝΙΚΗ ΧΗΜΙΚΩΝ ΠΡΟΙΟΝΤΩΝ Α.Ε. (094133588),5307.2,,
9ΗΙ84690ΒΩ-ΒΙΗ,2026-03-24,ΕΝΤΑΛΜΑ ΠΛΗΡΩΜΗΣ ΓΕΝΙΚΗ ΧΗΜΙΚΩΝ ΠΡΟΙΟΝΤΩΝ Α.Ε. (094133588),094133588,ΓΕΝΙΚΗ ΧΗΜΙΚΩΝ ΠΡΟΙΟΝΤΩΝ Α.Ε. (094133588),11639.31,,
ΡΠ794690ΒΩ-ΘΟ7,2026-03-26,ΕΝΤΑΛΜΑ ΠΛΗΡΩΜΗΣ ΓΕΝΙΚΗ ΧΗΜΙΚΩΝ ΠΡΟΙΟΝΤΩΝ Α.Ε. (094133588),094133588,ΓΕΝΙΚΗ ΧΗΜΙΚΩΝ ΠΡΟΙΟΝΤΩΝ Α.Ε. (094133588),5434.67,,
Ψ92Ο4690ΒΩ-ΔΔ1,2026-03-26,ΕΝΤΑΛΜΑ ΠΛΗΡΩΜΗΣ PHAREL ΜΟΝΟΠΡΟΣΩΠΗ ΙΚΕ (800745614),800745614,PHAREL ΜΟΝΟΠΡΟΣΩΠΗ ΙΚΕ (800745614),10850.97,,
ΨΨΙΑ4690ΒΩ-ΥΡΩ,2026-03-26,ΕΝΤΑΛΜΑ ΠΛΗΡΩΜΗΣ ΤΡΑΠΕΖΑ  EUROBANK AE (094014250),094014250,ΤΡΑΠΕΖΑ  EUROBANK AE (094014250),4.0,,
9ΥΙ24690ΒΩ-ΛΝΞ,2026-03-26,ΕΝΤΑΛΜΑ ΠΛΗΡΩΜΗΣ Ο.Τ.Ε.  ΒΟΛΟΥ (094019245),094019245,Ο.Τ.Ε.  ΒΟΛΟΥ (094019245),153.98,,
Ψ2ΙΟ4690ΒΩ-ΙΙΖ,2026-03-26,ΕΝΤΑΛΜΑ ΠΛΗΡΩΜΗΣ Ο.Τ.Ε.  ΒΟΛΟΥ (094019245),094019245,Ο.Τ.Ε.  ΒΟΛΟΥ (094019245),201.68,,
95ΝΓ4690ΒΩ-ΞΑΠ,2026-03-26,ΕΝΤΑΛΜΑ ΠΛΗΡΩΜΗΣ Ο.Τ.Ε.  ΒΟΛΟΥ (094019245),094019245,Ο.Τ.Ε.  ΒΟΛΟΥ (094019245),307.52,,
ΨΗ3Τ4690ΒΩ-ΣΚΓ,2026-03-26,ΕΝΤΑΛΜΑ ΠΛΗΡΩΜΗΣ Ο.Τ.Ε.  ΒΟΛΟΥ (094019245),094019245,Ο.Τ.Ε.  ΒΟΛΟΥ (094019245),307.52,,
910Α4690ΒΩ-6Τ3,2026-03-26,ΕΝΤΑΛΜΑ ΠΛΗΡΩΜΗΣ Ο.Τ.Ε.  ΒΟΛΟΥ (094019245),094019245,Ο.Τ.Ε.  ΒΟΛΟΥ (094019245),247.6,,
902Κ4690ΒΩ-Χ4Σ,2026-03-23,ΕΝΤΑΛΜΑ ΠΛΗΡΩΜΗΣ DRAEGER  HELLAS A.E (997799268),997799268,DRAEGER  HELLAS A.E (997799268),9919.98,,
ΨΘΟ94690ΒΩ-ΡΥ7,2026-03-12,ΕΝΤΑΛΜΑ ΠΛΗΡΩΜΗΣ ΣΑΜΑΡΑΣ ΓΕΩΡΓΙΟΣ ΑΒΕΕ (094373861),094373861,ΣΑΜΑΡΑΣ ΓΕΩΡΓΙΟΣ ΑΒΕΕ (094373861),7154.8,,
Ψ4ΩΤ4690ΒΩ-ΠΑΡ,2026-03-24,ΕΝΤΑΛΜΑ ΠΛΗΡΩΜΗΣ GB MACHINE ΜΟΝΟΠΡΟΣΩΠΗ ΙΚΕ (802356874),802356874,GB MACHINE ΜΟΝΟΠΡΟΣΩΠΗ ΙΚΕ (802356874),6101.42,,
9ΜΚΠ4690ΒΩ-ΕΙ8,2026-03-19,ΕΝΤΑΛΜΑ ΠΛΗΡΩΜΗΣ ΚΡΑΒΑΡΙΤΗΣ SOLUTIONS (802838003),802838003,ΚΡΑΒΑΡΙΤΗΣ SOLUTIONS (802838003),4306.21,,
9Χ0Κ4690ΒΩ-08Ρ,2026-03-04,ΕΝΤΑΛΜΑ ΠΛΗΡΩΜΗΣ DRAEGER  HELLAS A.E (997799268),997799268,DRAEGER  HELLAS A.E (997799268),10974.0,,
ΨΟ4Ο4690ΒΩ-Ζ7Μ,2026-03-19,ΕΝΤΑΛΜΑ ΠΛΗΡΩΜΗΣ Α.ΔΕΡΒΟΣ-Γ.ΔΗΜΗΤΡΑΚΟΠΟΥΛΟΣ κ.ΣΙΑ Α.Ε. (099518023),099518023,Α.ΔΕΡΒΟΣ-Γ.ΔΗΜΗΤΡΑΚΟΠΟΥΛΟΣ κ.ΣΙΑ Α.Ε. (099518023),5952.0,,
ΨΔ544690ΒΩ-ΗΞ5,2026-03-26,ΕΝΤΑΛΜΑ ΠΛΗΡΩΜΗΣ ΓΕΝΙΚΗ ΧΗΜΙΚΩΝ ΠΡΟΙΟΝΤΩΝ Α.Ε. (094133588),094133588,ΓΕΝΙΚΗ ΧΗΜΙΚΩΝ ΠΡΟΙΟΝΤΩΝ Α.Ε. (094133588),3509.94,,
ΨΤΜΗ4690ΒΩ-ΖΙΛ,2026-03-09,ΕΝΤΑΛΜΑ ΠΛΗΡΩΜΗΣ ΜΟΚΚΑΣ ΝΙΚ. ΒΛΑΣΙΟΣ (043422663),043422663,ΜΟΚΚΑΣ ΝΙΚ. ΒΛΑΣΙΟΣ (043422663),3988.73,,
ΨΣΞΘ4690ΒΩ-3ΛΛ,2026-03-26,ΕΝΤΑΛΜΑ ΠΛΗΡΩΜΗΣ Ο.Τ.Ε.  ΒΟΛΟΥ (094019245),094019245,Ο.Τ.Ε.  ΒΟΛΟΥ (094019245),533.89,,
ΨΨΖΣ4690ΒΩ-ΛΩ5,2026-03-26,ΕΝΤΑΛΜΑ ΠΛΗΡΩΜΗΣ Ο.Τ.Ε.  ΒΟΛΟΥ (094019245),094019245,Ο.Τ.Ε.  ΒΟΛΟΥ (094019245),469.05,,
ΨΗ8Λ4690ΒΩ-1Ε1,2026-03-26,ΕΝΤΑΛΜΑ ΠΛΗΡΩΜΗΣ Ο.Τ.Ε.  ΒΟΛΟΥ (094019245),094019245,Ο.Τ.Ε.  ΒΟΛΟΥ (094019245),68.53,,
9ΖΙΧ4690ΒΩ-5Κ4,2026-03-26,ΕΝΤΑΛΜΑ ΠΛΗΡΩΜΗΣ Ο.Τ.Ε.  ΒΟΛΟΥ (094019245),094019245,Ο.Τ.Ε.  ΒΟΛΟΥ (094019245),68.54,,
Ψ32Ψ4690ΒΩ-ΕΚΒ,2026-03-26,ΕΝΤΑΛΜΑ ΠΛΗΡΩΜΗΣ Ο.Τ.Ε.  ΒΟΛΟΥ (094019245),094019245,Ο.Τ.Ε.  ΒΟΛΟΥ (094019245),161.14,,
6Ν134690ΒΩ-ΦΞΟ,2026-03-26,ΕΝΤΑΛΜΑ ΠΛΗΡΩΜΗΣ Ο.Τ.Ε.  ΒΟΛΟΥ (094019245),094019245,Ο.Τ.Ε.  ΒΟΛΟΥ (094019245),69.51,,
Ψ0ΧΝ4690ΒΩ-ΦΚΒ,2026-03-26,ΕΝΤΑΛΜΑ ΠΛΗΡΩΜΗΣ Ο.Τ.Ε.  ΒΟΛΟΥ (094019245),094019245,Ο.Τ.Ε.  ΒΟΛΟΥ (094019245),68.54,,
913Θ4690ΒΩ-ΧΚΚ,2026-03-26,ΕΝΤΑΛΜΑ ΠΛΗΡΩΜΗΣ Ο.Τ.Ε.  ΒΟΛΟΥ (094019245),094019245,Ο.Τ.Ε.  ΒΟΛΟΥ (094019245),5029.31,,
ΨΣΔ94690ΒΩ-Δ6Ε,2026-03-26,ΕΝΤΑΛΜΑ ΠΛΗΡΩΜΗΣ Ο.Τ.Ε.  ΒΟΛΟΥ (094019245),094019245,Ο.Τ.Ε.  ΒΟΛΟΥ (094019245),75.31,,
65Μ64690ΒΩ-ΦΑΗ,2026-03-26,ΕΝΤΑΛΜΑ ΠΛΗΡΩΜΗΣ Ο.Τ.Ε.  ΒΟΛΟΥ (094019245),094019245,Ο.Τ.Ε.  ΒΟΛΟΥ (094019245),307.52,,
ΨΗΡΖ4690ΒΩ-ΤΥΗ,2026-03-26,ΕΝΤΑΛΜΑ ΠΛΗΡΩΜΗΣ Ο.Τ.Ε.  ΒΟΛΟΥ (094019245),094019245,Ο.Τ.Ε.  ΒΟΛΟΥ (094019245),782.54,,
9ΗΠΔ4690ΒΩ-Μ1Τ,2026-03-26,ΕΝΤΑΛΜΑ ΠΛΗΡΩΜΗΣ Ο.Τ.Ε.  ΒΟΛΟΥ (094019245),094019245,Ο.Τ.Ε.  ΒΟΛΟΥ (094019245),307.52,,
9ΕΞΟ4690ΒΩ-Π65,2026-03-26,ΕΝΤΑΛΜΑ ΠΛΗΡΩΜΗΣ Ο.Τ.Ε.  ΒΟΛΟΥ (094019245),094019245,Ο.Τ.Ε.  ΒΟΛΟΥ (094019245),461.28,,
9ΔΦΚ4690ΒΩ-1ΚΛ,2026-03-16,ΕΝΤΑΛΜΑ ΠΛΗΡΩΜΗΣ GE HEALTHCARE ΕΜΠΟΡΙΚΗ ΚΑΙ ΒΙΟΜΗΧΑΝΙΚΗ Α.Ε (094472918),094472918,GE HEALTHCARE ΕΜΠΟΡΙΚΗ ΚΑΙ ΒΙΟΜΗΧΑΝΙΚΗ Α.Ε (094472918),3224.0,,
ΡΟ1Τ4690ΒΩ-ΩΟ7,2026-03-18,ΕΝΤΑΛΜΑ ΠΛΗΡΩΜΗΣ ΠΑΠΑΠΟΣΤΟΛΟΥ Ν. ΑΕ (095029193),095029193,ΠΑΠΑΠΟΣΤΟΛΟΥ Ν. ΑΕ (095029193),4654.96,,
ΨΜ554690ΒΩ-ΚΞΡ,2026-03-18,ΕΝΤΑΛΜΑ ΠΛΗΡΩΜΗΣ ΠΑΠΑΠΟΣΤΟΛΟΥ Ν. ΑΕ (095029193),095029193,ΠΑΠΑΠΟΣΤΟΛΟΥ Ν. ΑΕ (095029193),6119.4,,
ΨΛΥΜ4690ΒΩ-8ΤΚ,2026-03-24,ΕΝΤΑΛΜΑ ΠΛΗΡΩΜΗΣ ΒΕΡΜΑ ΝΤΡΑΓΚΣ Α.Β.Ε.Ε. (099363426),099363426,ΒΕΡΜΑ ΝΤΡΑΓΚΣ Α.Β.Ε.Ε. (099363426),3052.8,,
ΕΩ514690ΒΩ-ΦΡΒ,2026-03-18,ΕΝΤΑΛΜΑ ΠΛΗΡΩΜΗΣ RONTIS HELLAS AEBE (095335610),095335610,RONTIS HELLAS AEBE (095335610),12290.38,,
Ρ4ΠΜ4690ΒΩ-5ΧΔ,2026-03-18,ΕΝΤΑΛΜΑ ΠΛΗΡΩΜΗΣ RONTIS HELLAS AEBE (095335610),095335610,RONTIS HELLAS AEBE (095335610),1240.0,,
9Χ2Σ4690ΒΩ-ΖΛ4,2026-03-18,ΕΝΤΑΛΜΑ ΠΛΗΡΩΜΗΣ KARL STORZ ΕΝΔΟΣΚΟΠΙΑ ΕΛΛΑΔΟΣ ΕΠΕ(ΘΕΣΣΑΛΟΝΙΚΗ) (998361490),998361490,KARL STORZ ΕΝΔΟΣΚΟΠΙΑ ΕΛΛΑΔΟΣ ΕΠΕ(ΘΕΣΣΑΛΟΝΙΚΗ) (998361490),4144.08,,
Ρ0304690ΒΩ-Ρ78,2026-03-23,ΕΝΤΑΛΜΑ ΠΛΗΡΩΜΗΣ ΕΘΝΙΚΟ   ΚΑΠΟΔΙΣΤΡΙΑΚΟ ΠΑΝΕΠΙΣΤΗΜΙΟ ΑΘΗΝΩΝ (090145420),090145420,ΕΘΝΙΚΟ   ΚΑΠΟΔΙΣΤΡΙΑΚΟ ΠΑΝΕΠΙΣΤΗΜΙΟ ΑΘΗΝΩΝ (090145420),5410.0,,
908Τ4690ΒΩ-ΞΩΝ,2026-03-18,ΕΝΤΑΛΜΑ ΠΛΗΡΩΜΗΣ ΤΡΑΠΕΖΑ  EUROBANK AE (094014250),094014250,ΤΡΑΠΕΖΑ  EUROBANK AE (094014250),4.0,,
9ΤΜΧ4690ΒΩ-ΖΡΛ,2026-03-24,ΕΝΤΑΛΜΑ ΠΛΗΡΩΜΗΣ ΚΟΡΦΙΑΤΗΣ Α.   ΣΙΑ Ε.Ε (082261313),082261313,ΚΟΡΦΙΑΤΗΣ Α.   ΣΙΑ Ε.Ε (082261313),37200.0,,
ΡΩΔΛ4690ΒΩ-50Ω,2026-03-23,ΕΝΤΑΛΜΑ ΠΛΗΡΩΜΗΣ ΠΑΝΕΠΙΣΤ/ΚΟ ΓΕΝ.ΝΟΣ/ΜΕΙΟ ΛΑΡΙΣΑΣ (999681575),999681575,ΠΑΝΕΠΙΣΤ/ΚΟ ΓΕΝ.ΝΟΣ/ΜΕΙΟ ΛΑΡΙΣΑΣ (999681575),6927.07,,
ΡΦΟΝ4690ΒΩ-Ν08,2026-03-23,ΕΝΤΑΛΜΑ ΠΛΗΡΩΜΗΣ Γ.Ν.ΛΑΡΙΣΑΣ ΚΟΥΤΛΙΜΠΑΝΕΙΟ ΚΑΙ ΤΡΙΑΝΤΑΦΥΛΛΕΙΟ (996956397),996956397,Γ.Ν.ΛΑΡΙΣΑΣ ΚΟΥΤΛΙΜΠΑΝΕΙΟ ΚΑΙ ΤΡΙΑΝΤΑΦΥΛΛΕΙΟ (996956397),33634.69,,
ΡΓ8Ζ4690ΒΩ-Π75,2026-03-19,ΕΝΤΑΛΜΑ ΠΛΗΡΩΜΗΣ ΟΛΟΚΛΗΡΩΜΕΝΑ ΣΥΣΤΗΜΑΤΑ ΚΑΘΑΡΙΣΜΟΥ ΑΒΕΕ (094343647),094343647,ΟΛΟΚΛΗΡΩΜΕΝΑ ΣΥΣΤΗΜΑΤΑ ΚΑΘΑΡΙΣΜΟΥ ΑΒΕΕ (094343647),1783.62,,
ΡΛΙΑ4690ΒΩ-2ΤΗ,2026-02-26,ΕΝΤΑΛΜΑ ΠΛΗΡΩΜΗΣ ΚΟΣΜΙΔΗΣ  ΧΑΡ. ΠΕΤΡΟΣ     ΣΙΑ  Ε.Ε. (999685389),999685389,ΚΟΣΜΙΔΗΣ  ΧΑΡ. ΠΕΤΡΟΣ     ΣΙΑ  Ε.Ε. (999685389),64.41,,
68Ζ74690ΒΩ-ΡΦΝ,2026-02-25,ΕΝΤΑΛΜΑ ΠΛΗΡΩΜΗΣ ΜΑΜΑΛΙΓΚΑΣ Γ.   ΣΙΑ Ε.Ε. (801420577),801420577,ΜΑΜΑΛΙΓΚΑΣ Γ.   ΣΙΑ Ε.Ε. (801420577),1763.28,,
Ρ6754690ΒΩ-ΙΚ1,2026-02-25,ΕΝΤΑΛΜΑ ΠΛΗΡΩΜΗΣ BIOENGIN ΦΕΤΕΙΝΙΔΟΥ ΑΙΚΑΤΕΡΙΝΗ (044958989),044958989,BIOENGIN ΦΕΤΕΙΝΙΔΟΥ ΑΙΚΑΤΕΡΙΝΗ (044958989),767.81,,
6ΝΛ14690ΒΩ-6ΞΥ,2026-02-25,ΕΝΤΑΛΜΑ ΠΛΗΡΩΜΗΣ ΒΕΛΕΝΤΖΑΣ  Ρ. ΙΩΑΝΝΗΣ (101015419),101015419,ΒΕΛΕΝΤΖΑΣ  Ρ. ΙΩΑΝΝΗΣ (101015419),531.96,,
908Ο4690ΒΩ-ΨΚΜ,2026-02-25,ΕΝΤΑΛΜΑ ΠΛΗΡΩΜΗΣ MEDICIN Α.ΤΡΙΑΝΤΑΦΥΛΛΟΠΟΥΛΟΣ Ε.Ε. (800896490),800896490,MEDICIN Α.ΤΡΙΑΝΤΑΦΥΛΛΟΠΟΥΛΟΣ Ε.Ε. (800896490),962.61,,
ΨΥ2Φ4690ΒΩ-3ΔΙ,2026-02-25,ΕΝΤΑΛΜΑ ΠΛΗΡΩΜΗΣ ΠΕΙΡΑΪΚΗ ΕΦΟΔΙΑΣΤΙΚΗ  Σ.ΚΑΤΕΧΗΣ   ΣΙΑ ΟΕ (999234290),999234290,ΠΕΙΡΑΪΚΗ ΕΦΟΔΙΑΣΤΙΚΗ  Σ.ΚΑΤΕΧΗΣ   ΣΙΑ ΟΕ (999234290),992.0,,
ΨΛΕΟ4690ΒΩ-Κ3Ν,2026-02-24,ΕΝΤΑΛΜΑ ΠΛΗΡΩΜΗΣ ΒΙΟΠΡΟΜΗΘΕΥΤΙΚΗ ΜΟΝΟΠΡΟΣΩΠΗ  Ε.Π.Ε. (099007886),099007886,ΒΙΟΠΡΟΜΗΘΕΥΤΙΚΗ ΜΟΝΟΠΡΟΣΩΠΗ  Ε.Π.Ε. (099007886),483.6,,
ΨΔΗ64690ΒΩ-ΠΝΝ,2026-02-24,ΕΝΤΑΛΜΑ ΠΛΗΡΩΜΗΣ ΘΩΜΑΔΑΚΗΣ Α.   ΣΙΑ ΕΕ (998210454),998210454,ΘΩΜΑΔΑΚΗΣ Α.   ΣΙΑ ΕΕ (998210454),1079.85,,
ΨΘΩ84690ΒΩ-5Τ7,2026-03-12,ΕΝΤΑΛΜΑ ΠΛΗΡΩΜΗΣ ΠΑΝΑΓΙΩΤΗΣ ΑΝΔΡΟΝΙΚΙΔΗΣ ΚΑΙ ΣΙΑ ΟΕ (998693400),998693400,ΠΑΝΑΓΙΩΤΗΣ ΑΝΔΡΟΝΙΚΙΔΗΣ ΚΑΙ ΣΙΑ ΟΕ (998693400),3454.33,,
6Τ5Γ4690ΒΩ-811,2026-03-12,ΕΝΤΑΛΜΑ ΠΛΗΡΩΜΗΣ ΤΕΜΑΚ Α.Ε.Τ.Ε. (094373941),094373941,ΤΕΜΑΚ Α.Ε.Τ.Ε. (094373941),2566.8,,
ΨΙΞ44690ΒΩ-ΚΔΓ,2026-03-12,ΕΝΤΑΛΜΑ ΠΛΗΡΩΜΗΣ V POWER Ι.ΒΕΝΕΤΗΣ ΣΙΑ Ε.Ε (999438956),999438956,V POWER Ι.ΒΕΝΕΤΗΣ ΣΙΑ Ε.Ε (999438956),1749.96,,
6Ζ5Μ4690ΒΩ-ΚΤΜ,2026-02-24,ΕΝΤΑΛΜΑ ΠΛΗΡΩΜΗΣ ΥΙΟΙ ΕΥΘ. ΣΥΡΒΑΝΙΔΗ   Ο.Ε. (082903781),082903781,ΥΙΟΙ ΕΥΘ. ΣΥΡΒΑΝΙΔΗ   Ο.Ε. (082903781),287.47,,
Ψ7ΣΣ4690ΒΩ-ΜΜ4,2026-02-24,ΕΝΤΑΛΜΑ ΠΛΗΡΩΜΗΣ ΚΟΡΟΜΗΛΑΣ Α.   ΣΙΑ Ο.Ε. (099965738),099965738,ΚΟΡΟΜΗΛΑΣ Α.   ΣΙΑ Ο.Ε. (099965738),2703.2,,
Ψ01Ζ4690ΒΩ-9ΗΥ,2026-02-24,ΕΝΤΑΛΜΑ ΠΛΗΡΩΜΗΣ ΨΗΛΙΑΚΟΣ ΛΕΩΝΙΔΑΣ   ΣΙΑ ΕΠΕ (999495127),999495127,ΨΗΛΙΑΚΟΣ ΛΕΩΝΙΔΑΣ   ΣΙΑ ΕΠΕ (999495127),738.3,,
ΨΛ1Β4690ΒΩ-6ΗΝ,2026-02-24,ΕΝΤΑΛΜΑ ΠΛΗΡΩΜΗΣ MEDITIME ΧΑΤΖΗΙΩΑΝΝΙΔΗΣ ΝΙΚΟΛΑΟΣ Α.Ε (099770660),099770660,MEDITIME ΧΑΤΖΗΙΩΑΝΝΙΔΗΣ ΝΙΚΟΛΑΟΣ Α.Ε (099770660),3524.7,,
Ψ47Ψ4690ΒΩ-ΥΑΧ,2026-02-24,ΕΝΤΑΛΜΑ ΠΛΗΡΩΜΗΣ ΚΟΡΤΕΣΗΣ Δ. ΣΙΑ Ε.Ε ΙΑΤΡΙΚΑ (999658897),999658897,ΚΟΡΤΕΣΗΣ Δ. ΣΙΑ Ε.Ε ΙΑΤΡΙΚΑ (999658897),241.8,,
Ψ1Ο74690ΒΩ-6Σ3,2026-03-11,ΕΝΤΑΛΜΑ ΠΛΗΡΩΜΗΣ ΒΙΟΔΥΝΑΜΙΚΗ ΑΕ (094138676),094138676,ΒΙΟΔΥΝΑΜΙΚΗ ΑΕ (094138676),4011.4,,
6ΥΗ94690ΒΩ-2Δ5,2026-03-12,ΕΝΤΑΛΜΑ ΠΛΗΡΩΜΗΣ ΑΙΓΑΙΟΝ  Ε.Π.Ε. (997565624),997565624,ΑΙΓΑΙΟΝ  Ε.Π.Ε. (997565624),2840.81,,
9ΟΖ24690ΒΩ-ΒΣΨ,2026-03-13,ΕΝΤΑΛΜΑ ΠΛΗΡΩΜΗΣ ΛΙΝΤΕ ΕΛΛΑΣ ΜΟΝΟΠΡΟΣΩΠΗ Ε.Π.Ε (095167018),095167018,ΛΙΝΤΕ ΕΛΛΑΣ ΜΟΝΟΠΡΟΣΩΠΗ Ε.Π.Ε (095167018),751.44,,
Ψ6ΣΨ4690ΒΩ-320,2026-03-13,ΕΝΤΑΛΜΑ ΠΛΗΡΩΜΗΣ ΛΙΝΤΕ ΕΛΛΑΣ ΜΟΝΟΠΡΟΣΩΠΗ Ε.Π.Ε (095167018),095167018,ΛΙΝΤΕ ΕΛΛΑΣ ΜΟΝΟΠΡΟΣΩΠΗ Ε.Π.Ε (095167018),575.36,,
ΨΕ1Ρ4690ΒΩ-ΕΕΔ,2026-03-13,ΕΝΤΑΛΜΑ ΠΛΗΡΩΜΗΣ ΛΙΝΤΕ ΕΛΛΑΣ ΜΟΝΟΠΡΟΣΩΠΗ Ε.Π.Ε (095167018),095167018,ΛΙΝΤΕ ΕΛΛΑΣ ΜΟΝΟΠΡΟΣΩΠΗ Ε.Π.Ε (095167018),35200.58,,
Ψ06Ν4690ΒΩ-ΝΧΠ,2026-02-24,ΕΝΤΑΛΜΑ ΠΛΗΡΩΜΗΣ DRAEGER  HELLAS A.E (997799268),997799268,DRAEGER  HELLAS A.E (997799268),4606.44,,
91Π84690ΒΩ-830,2026-03-19,ΑΠΟΔΟΣΗ ΥΠΕΡ ΨΥΧΙΚΗΣ ΥΓΕΙΑΣ  ΕΠΙ ΤΩΝ ΕΞΟΦΛΗΘΕΝΤΩΝ ΧΕ ΜΗΝΟΣ ΦΕΒΡΟΥΑΡΙΟΥ 2026 (Φ500),099017070,ΥΠΟΥΡΓΕΙΟ ΥΓΕΙΑΣ ΠΡΟΝΟΙΑΣ,65.06,,59309890001001
ΡΗΤΡ4690ΒΩ-ΥΔΒ,2026-03-19,ΕΝΤΑΛΜΑ ΠΛΗΡΩΜΗΣ ΝΤΑΓΟΥΛΟΥΔΗΣ ΣΙΔΕΡΗΣ του ΜΙΧΑΗΛ (020724195),020724195,ΝΤΑΓΟΥΛΟΥΔΗΣ ΣΙΔΕΡΗΣ του ΜΙΧΑΗΛ (020724195),81.0,,
ΨΜΩ64690ΒΩ-ΔΗΡ,2026-03-19,ΑΠΟΔΟΣΗ ΥΠΕΡ ΔΗΜΟΣΙΟΥ (ΦΟΡΟΙ 1%) ΕΠΙ ΤΩΝ ΕΞΟΦΛΗΘΕΝΤΩΝ ΧΕ ΜΗΝΟΣ ΦΕΒΡΟΥΑΡΙΟΥ 2026 (Φ500),090165560,ΥΠΟΥΡΓΕΙΟ ΟΙΚΟΝΟΜΙΚΩΝ ΓΕΝΙΚΗ   ΔIEYΘΥΝΣΗ  Δ ΚΗΣΥΠ ΞΗΣ Δ ΟΙΚ,31.87,,59301890001001
ΨΥΝΘ4690ΒΩ-ΜΡΡ,2026-03-19,ΑΠΟΔΟΣΗ ΥΠΕΡ ΕΑΑΔΗΣΥ  ΕΠΙ ΤΩΝ ΕΞΟΦΛΗΘΕΝΤΩΝ ΧΕ ΜΗΝΟΣ ΦΕΒΡΟΥΑΡΙΟΥ 2026 (Φ500),090166291,ΥΠΟΥΡΓΕΙΟ ΑΝΑΠΤΥΞΗΣ,3.26,,59309890001001
9ΝΝ04690ΒΩ-1ΧΧ,2026-03-19,ΑΠΟΔΟΣΗ ΥΠΕΡ ΕΑΑΔΗΣΥ  ΕΠΙ ΤΩΝ ΕΞΟΦΛΗΘΕΝΤΩΝ ΧΕ ΜΗΝΟΣ ΦΕΒΡΟΥΑΡΙΟΥ 2026 (Φ100),090166291,ΥΠΟΥΡΓΕΙΟ ΑΝΑΠΤΥΞΗΣ,357.45,,59309890001001
6ΥΥ14690ΒΩ-ΩΧ0,2026-03-19,ΑΠΟΔΟΣΗ ΥΠΕΡ ΨΥΧΙΚΗΣ ΥΓΕΙΑΣ (Ν.3580) ΕΠΙ ΤΩΝ ΕΞΟΦΛΗΘΕΝΤΩΝ ΧΕ ΜΗΝΟΣ ΦΕΒΡΟΥΑΡΙΟΥ 2026 (Φ500),099017070,ΥΠΟΥΡΓΕΙΟ ΥΓΕΙΑΣ ΠΡΟΝΟΙΑΣ,7141.7,,59309890001001
9ΥΛΣ4690ΒΩ-ΩΔΒ,2026-03-19,ΑΠΟΔΟΣΗ ΥΠΕΡ ΔΗΜΟΣΙΟΥ (ΧΑΡΤ)  ΕΠΙ ΤΩΝ ΕΞΟΦΛΗΘΕΝΤΩΝ ΧΕ ΜΗΝΟΣ ΦΕΒΡΟΥΑΡΙΟΥ 2026 (Φ100),090165560,ΥΠΟΥΡΓΕΙΟ ΟΙΚΟΝΟΜΙΚΩΝ ΓΕΝΙΚΗ   ΔIEYΘΥΝΣΗ  Δ ΚΗΣΥΠ ΞΗΣ Δ ΟΙΚ,0.04,,59301890001001
ΡΙΨΠ4690ΒΩ-406,2026-03-19,ΑΠΟΔΟΣΗ ΥΠΕΡ ΔΗΜΟΣΙΟΥ   ΕΠΙ ΤΩΝ ΕΞΟΦΛΗΘΕΝΤΩΝ ΧΕ ΜΗΝΟΣ ΦΕΒΡΟΥΑΡΙΟΥ 2026 (Φ100),090165560,ΥΠΟΥΡΓΕΙΟ ΟΙΚΟΝΟΜΙΚΩΝ ΓΕΝΙΚΗ   ΔIEYΘΥΝΣΗ  Δ ΚΗΣΥΠ ΞΗΣ Δ ΟΙΚ,18624.66,,59301890001001
9ΙΣ74690ΒΩ-ΣΡΔ,2026-03-03,ΕΝΤΑΛΜΑ ΠΛΗΡΩΜΗΣ MEDIPRIME ΙΑΤΡΟΦΑΡΜ.ΕΙΔΩΝ Α.Ε.Ε. (998283526),998283526,MEDIPRIME ΙΑΤΡΟΦΑΡΜ.ΕΙΔΩΝ Α.Ε.Ε. (998283526),28428.24,,
ΨΡΚ04690ΒΩ-3ΦΜ,2026-03-19,ΑΠΟΔΟΣΗ ΥΠΕΡ ΔΗΜΟΣΙΟΥ (ΦΟΡΟΣ 20%) ΕΠΙ ΤΩΝ ΕΞΟΦΛΗΘΕΝΤΩΝ ΧΕ ΜΗΝΟΣ ΦΕΒΡΟΥΑΡΙΟΥ 2026 (Φ100),090165560,ΥΠΟΥΡΓΕΙΟ ΟΙΚΟΝΟΜΙΚΩΝ ΓΕΝΙΚΗ   ΔIEYΘΥΝΣΗ  Δ ΚΗΣΥΠ ΞΗΣ Δ ΟΙΚ,18624.66,,59301890001001
90ΩΤ4690ΒΩ-2Α9,2026-03-12,ΕΝΤΑΛΜΑ ΠΛΗΡΩΜΗΣ ΦΙΛΙΠΣ  ΕΛΛΑΣ ΜΟΝΟΠΡΟΣΩΠΗ  Α.Ε.Β.Ε. (094014759),094014759,ΦΙΛΙΠΣ  ΕΛΛΑΣ ΜΟΝΟΠΡΟΣΩΠΗ  Α.Ε.Β.Ε. (094014759),12400.0,,
6ΝΩΖ4690ΒΩ-4ΞΔ,2026-03-04,ΕΝΤΑΛΜΑ ΠΛΗΡΩΜΗΣ MEDIC PLAN HEALTH PROJECT IKE (999961120),999961120,MEDIC PLAN HEALTH PROJECT IKE (999961120),18761.2,,
6ΝΛΑ4690ΒΩ-ΛΑΖ,2026-03-10,ΕΝΤΑΛΜΑ ΠΛΗΡΩΜΗΣ ΠΡΩΤΟΝ A.E. (094442268),094442268,ΠΡΩΤΟΝ A.E. (094442268),4315.2,,
ΡΩΚΘ4690ΒΩ-7ΑΛ,2026-03-19,ΑΠΟΔΟΣΗ ΥΠΕΡ ΕΑΑΔΗΣΥ  ΕΠΙ ΤΩΝ ΕΞΟΦΛΗΘΕΝΤΩΝ ΧΕ ΤΟΝ ΜΗΝΑ ΦΕΒΡΟΥΑΡΙΟ 2026 (Φ600),099017070,ΥΠΟΥΡΓΕΙΟ ΥΓΕΙΑΣ ΠΡΟΝΟΙΑΣ,1.53,,59309890001001
Ρ7ΨΔ4690ΒΩ-ΓΟ7,2026-03-19,ΑΠΟΔΟΣΗ ΥΠΕΡ ΨΥΧΙΚΗΣ ΥΓΕΙΑΣ   (Ν 3580 ) ΕΠΙ ΤΩΝ ΕΞΟΦΛΗΘΕΝΤΩΝ ΧΕ ΤΟΝ ΜΗΝΑ ΦΕΒΡΟΥΑΡΙΟ 2026 (Φ600),099017070,ΥΠΟΥΡΓΕΙΟ ΥΓΕΙΑΣ ΠΡΟΝΟΙΑΣ,30.53,,59309890001001
Ψ11Μ4690ΒΩ-ΜΧ5,2026-03-19,ΑΠΟΔΟΣΗ ΥΠΕΡ ΔΗΜΟΣΙΟΥ   (ΧΑΡΤ &ΟΓΑ ΧΑΡΤ) ΕΠΙ ΤΩΝ ΕΞΟΦΛΗΘΕΝΤΩΝ ΧΕ ΤΟΝ ΜΗΝΑ ΦΕΒΡΟΥΑΡΙΟ 2026 (Φ600),090165560,ΥΠΟΥΡΓΕΙΟ ΟΙΚΟΝΟΜΙΚΩΝ ΓΕΝΙΚΗ   ΔIEYΘΥΝΣΗ  Δ ΚΗΣΥΠ ΞΗΣ Δ ΟΙΚ,0.06,,59301890001001
ΡΕΖΒ4690ΒΩ-ΟΛΕ,2026-03-19,ΑΠΟΔΟΣΗ ΥΠΕΡ ΔΗΜΟΣΙΟΥ  (ΦΟΡΟΣ 1% ) ΕΠΙ ΤΩΝ ΕΞΟΦΛΗΘΕΝΤΩΝ ΧΕ ΤΟΝ ΜΗΝΑ ΦΕΒΡΟΥΑΡΙΟ 2026 (Φ600),090165560,ΥΠΟΥΡΓΕΙΟ ΟΙΚΟΝΟΜΙΚΩΝ ΓΕΝΙΚΗ   ΔIEYΘΥΝΣΗ  Δ ΚΗΣΥΠ ΞΗΣ Δ ΟΙΚ,14.96,,59301890001001
9ΣΒΜ4690ΒΩ-ΑΔ9,2026-03-19,ΑΠΟΔΟΣΗ ΥΠΕΡ ΕΑΑΔΗΣΥ  ΕΠΙ ΤΩΝ ΕΞΟΦΛΗΘΕΝΤΩΝ ΧΕ ΤΟΝ ΜΗΝΑ ΦΕΒΡΟΥΑΡΙΟ 2026 (Φ300),090166291,ΥΠΟΥΡΓΕΙΟ ΑΝΑΠΤΥΞΗΣ,0.76,,59309890001001
9ΔΠ44690ΒΩ-5ΦΚ,2026-03-19,ΑΠΟΔΟΣΗ ΥΠΕΡ ΨΥΧΙΚΗΣ ΥΓΕΙΑΣ (Ν. 3580 ) ΕΠΙ ΤΩΝ ΕΞΟΦΛΗΘΕΝΤΩΝ ΧΕ ΤΟΝ ΜΗΝΑ ΦΕΒΡΟΥΑΡΙΟ 2026 (Φ300),099017070,ΥΠΟΥΡΓΕΙΟ ΥΓΕΙΑΣ ΠΡΟΝΟΙΑΣ,15.4,,593098900001001
9ΗΙΥ4690ΒΩ-91Ν,2026-03-19,ΑΠΟΔΟΣΗ ΥΠΕΡ ΔΗΜΟΣΙΟΥ (ΦΟΡΟΣ 1%) ΕΠΙ ΤΩΝ ΕΞΟΦΛΗΘΕΝΤΩΝ ΧΕ ΤΟΝ ΜΗΝΑ ΦΕΒΡΟΥΑΡΙΟ 2026 (Φ400),090165560,ΥΠΟΥΡΓΕΙΟ ΟΙΚΟΝΟΜΙΚΩΝ ΓΕΝΙΚΗ   ΔIEYΘΥΝΣΗ  Δ ΚΗΣΥΠ ΞΗΣ Δ ΟΙΚ,7.54,,59304890001001
ΡΞΑΚ4690ΒΩ-4ΣΘ,2026-03-19,ΑΠΟΔΟΣΗ ΥΠΕΡ ΕΑΑΔΗΣΥ  ΕΠΙ ΤΩΝ ΕΞΟΦΛΗΘΕΝΤΩΝ ΧΕ ΤΟΝ ΜΗΝΑ ΦΕΒΡΟΥΑΡΙΟ 2026 (Φ300),090166291,ΥΠΟΥΡΓΕΙΟ ΑΝΑΠΤΥΞΗΣ,0.76,,59309890001001
99ΔΤ4690ΒΩ-Η1Ο,2026-03-19,ΑΠΟΔΟΣΗ ΥΠΕΡ ΕΑΑΔΗΣΥ  ΕΠΙ ΤΩΝ ΕΞΟΦΛΗΘΕΝΤΩΝ ΧΕ ΤΟΝ ΜΗΝΑ ΦΕΒΡΟΥΑΡΙΟ 2026 (Φ400),090166291,ΥΠΟΥΡΓΕΙΟ ΑΝΑΠΤΥΞΗΣ,3.31,,59309890001001
ΨΙΣΗ4690ΒΩ-ΨΥΝ,2026-03-19,ΑΠΟΔΟΣΗ ΥΠΕΡ ΨΥΧΙΚΗΣ ΥΓΕΙΑΣ (Ν. 3580 ) ΕΠΙ ΤΩΝ ΕΞΟΦΛΗΘΕΝΤΩΝ ΧΕ ΤΟΝ ΜΗΝΑ ΦΕΒΡΟΥΑΡΙΟ 2026 (Φ400),099017070,ΥΠΟΥΡΓΕΙΟ ΥΓΕΙΑΣ ΠΡΟΝΟΙΑΣ,64.14,,59309890001001
ΨΦΑΙ4690ΒΩ-ΤΗ2,2026-03-19,ΑΠΟΔΟΣΗ ΥΠΕΡ ΔΗΜΟΣΙΟΥ (ΦΟΡΟΣ 1%) ΕΠΙ ΤΩΝ ΕΞΟΦΛΗΘΕΝΤΩΝ ΧΕ ΤΟΝ ΜΗΝΑ ΦΕΒΡΟΥΑΡΙΟ 2026 (Φ400),090165560,ΥΠΟΥΡΓΕΙΟ ΟΙΚΟΝΟΜΙΚΩΝ ΓΕΝΙΚΗ   ΔIEYΘΥΝΣΗ  Δ ΚΗΣΥΠ ΞΗΣ Δ ΟΙΚ,32.4,,59301890001001
6ΥΦΕ4690ΒΩ-269,2026-03-09,ΕΝΤΑΛΜΑ ΠΛΗΡΩΜΗΣ MEDIC PLAN HEALTH PROJECT IKE (999961120),999961120,MEDIC PLAN HEALTH PROJECT IKE (999961120),12697.6,,
ΨΞΝΩ4690ΒΩ-ΕΒ3,2026-03-10,ΕΝΤΑΛΜΑ ΠΛΗΡΩΜΗΣ ΠΡΩΤΟΝ A.E. (094442268),094442268,ΠΡΩΤΟΝ A.E. (094442268),1266.67,,
93284690ΒΩ-ΦΘΕ,2026-03-05,ΕΝΤΑΛΜΑ ΠΛΗΡΩΜΗΣ ICON DYNAMICS ΙΑΤΡΙΚΑ ΜΗΧΑΝΗΜΑΤΑ ΙΚΕ (998860010),998860010,ICON DYNAMICS ΙΑΤΡΙΚΑ ΜΗΧΑΝΗΜΑΤΑ ΙΚΕ (998860010),2250.0,,
ΡΨΧΠ4690ΒΩ-Ω1Μ,2026-03-03,ΕΝΤΑΛΜΑ ΠΛΗΡΩΜΗΣ ICON DYNAMICS ΙΑΤΡΙΚΑ ΜΗΧΑΝΗΜΑΤΑ ΙΚΕ (998860010),998860010,ICON DYNAMICS ΙΑΤΡΙΚΑ ΜΗΧΑΝΗΜΑΤΑ ΙΚΕ (998860010),10250.0,,
961Α4690ΒΩ-ΠΒΤ,2026-03-05,ΕΝΤΑΛΜΑ ΠΛΗΡΩΜΗΣ SANTAIR Α.Ε.ΙΑΤΡΙΚΩΝ ΕΦΑΡΜΟΓΩΝ (094497279),094497279,SANTAIR Α.Ε.ΙΑΤΡΙΚΩΝ ΕΦΑΡΜΟΓΩΝ (094497279),1497.3,,
9ΠΒΒ4690ΒΩ-Η7Κ,2026-03-04,ΕΝΤΑΛΜΑ ΠΛΗΡΩΜΗΣ ΠΡΩΤΟΝ A.E. (094442268),094442268,ΠΡΩΤΟΝ A.E. (094442268),6333.3,,
ΨΛΛΗ4690ΒΩ-Θ63,2026-03-03,ΕΝΤΑΛΜΑ ΠΛΗΡΩΜΗΣ ΑΓΚΦΑ-ΓΚΕΒΕΡΤ ΜΟΝ/ΠΗ ΑΕΒΕ (ΠΡΩΗΝ ΑΓΚΦΑ ΓΚΕΒΕΡΤ ΑΕΒΕ) (094025805),094025805,ΑΓΚΦΑ-ΓΚΕΒΕΡΤ ΜΟΝ/ΠΗ ΑΕΒΕ (ΠΡΩΗΝ ΑΓΚΦΑ ΓΚΕΒΕΡΤ ΑΕΒΕ) (094025805),3999.99,,
ΨΝΒΙ4690ΒΩ-27Ο,2026-03-10,ΕΝΤΑΛΜΑ ΠΛΗΡΩΜΗΣ ΘΕΣΣΑΛΙΚΗ ΙΑΤΡΟΝΟΣΗΛΕΥΤΙΚΗ ΦΡΟΝΤΙΔΑ ΙΚΕ (801448170),801448170,ΘΕΣΣΑΛΙΚΗ ΙΑΤΡΟΝΟΣΗΛΕΥΤΙΚΗ ΦΡΟΝΤΙΔΑ ΙΚΕ (801448170),4716.0,,
ΨΡΥΠ4690ΒΩ-ΠΦ0,2026-03-12,ΕΝΤΑΛΜΑ ΠΛΗΡΩΜΗΣ ΓΑΚΗΣ ΑΘΑΝΑΣΙΟΣ (067819507),067819507,ΓΑΚΗΣ ΑΘΑΝΑΣΙΟΣ (067819507),6820.0,,
Ψ07Δ4690ΒΩ-ΧΡ3,2026-03-13,ΕΝΤΑΛΜΑ ΠΛΗΡΩΜΗΣ ΛΙΝΤΕ ΕΛΛΑΣ ΜΟΝΟΠΡΟΣΩΠΗ Ε.Π.Ε (095167018),095167018,ΛΙΝΤΕ ΕΛΛΑΣ ΜΟΝΟΠΡΟΣΩΠΗ Ε.Π.Ε (095167018),535.68,,
6ΥΘΖ4690ΒΩ-ΝΛ5,2026-03-12,ΕΝΤΑΛΜΑ ΠΛΗΡΩΜΗΣ ΛΙΝΤΕ ΕΛΛΑΣ ΜΟΝΟΠΡΟΣΩΠΗ Ε.Π.Ε (095167018),095167018,ΛΙΝΤΕ ΕΛΛΑΣ ΜΟΝΟΠΡΟΣΩΠΗ Ε.Π.Ε (095167018),22.32,,
Ψ9ΛΠ4690ΒΩ-542,2026-03-12,ΕΝΤΑΛΜΑ ΠΛΗΡΩΜΗΣ PUBLIC AUDIT SERVICES (802035894),802035894,PUBLIC AUDIT SERVICES (802035894),4464.0,,
ΨΛ6Ζ4690ΒΩ-ΡΛΒ,2026-03-13,ΕΝΤΑΛΜΑ ΠΛΗΡΩΜΗΣ ΑΙΓΑΙΟΝ  Ε.Π.Ε. (997565624),997565624,ΑΙΓΑΙΟΝ  Ε.Π.Ε. (997565624),1851.7,,
ΨΨΕΠ4690ΒΩ-32Ε,2026-03-10,ΕΝΤΑΛΜΑ ΠΛΗΡΩΜΗΣ ΜΟΡΒΑΤΙΔΗΣ ΣΥΜΕΩΝ (103909496),103909496,ΜΟΡΒΑΤΙΔΗΣ ΣΥΜΕΩΝ (103909496),5579.16,,
Ψ26Ι4690ΒΩ-8ΦΚ,2026-03-05,ΕΝΤΑΛΜΑ ΠΛΗΡΩΜΗΣ KARTEX Ν.ΚΑΡΑΛΗΣ   ΣΙΑ Ε.Ε (093781188),093781188,KARTEX Ν.ΚΑΡΑΛΗΣ   ΣΙΑ Ε.Ε (093781188),998.89,,
91ΟΟ4690ΒΩ-3ΔΧ,2026-03-05,ΕΝΤΑΛΜΑ ΠΛΗΡΩΜΗΣ KARTEX Ν.ΚΑΡΑΛΗΣ   ΣΙΑ Ε.Ε (093781188),093781188,KARTEX Ν.ΚΑΡΑΛΗΣ   ΣΙΑ Ε.Ε (093781188),223.2,,
6ΤΑΙ4690ΒΩ-ΛΞΓ,2026-03-05,ΕΝΤΑΛΜΑ ΠΛΗΡΩΜΗΣ KARTEX Ν.ΚΑΡΑΛΗΣ   ΣΙΑ Ε.Ε (093781188),093781188,KARTEX Ν.ΚΑΡΑΛΗΣ   ΣΙΑ Ε.Ε (093781188),3750.7,,
ΨΧΟΡ4690ΒΩ-ΚΣΩ,2026-03-12,ΕΝΤΑΛΜΑ ΠΛΗΡΩΜΗΣ ΑΙΓΑΙΟΝ  Ε.Π.Ε. (997565624),997565624,ΑΙΓΑΙΟΝ  Ε.Π.Ε. (997565624),274.92,,
9Π4Ζ4690ΒΩ-Θ6Σ,2026-03-10,ΕΝΤΑΛΜΑ ΠΛΗΡΩΜΗΣ ASPEN Ηelleniq Innovations Moνοπρόσωπη ΙΚE (802735143),802735143,ASPEN Ηelleniq Innovations Moνοπρόσωπη ΙΚE (802735143),1001.88,,
ΨΕΡΨ4690ΒΩ-ΚΩΘ,2026-03-12,ΕΝΤΑΛΜΑ ΠΛΗΡΩΜΗΣ ΛΙΝΤΕ ΕΛΛΑΣ ΜΟΝΟΠΡΟΣΩΠΗ Ε.Π.Ε (095167018),095167018,ΛΙΝΤΕ ΕΛΛΑΣ ΜΟΝΟΠΡΟΣΩΠΗ Ε.Π.Ε (095167018),3533.85,,
ΨΛ8Η4690ΒΩ-ΛΘΠ,2026-03-10,ΕΝΤΑΛΜΑ ΠΛΗΡΩΜΗΣ ASPEN Ηelleniq Innovations Moνοπρόσωπη ΙΚE (802735143),802735143,ASPEN Ηelleniq Innovations Moνοπρόσωπη ΙΚE (802735143),56.75,,
ΡΙ0Λ4690ΒΩ-40Φ,2026-03-10,ΕΝΤΑΛΜΑ ΠΛΗΡΩΜΗΣ ASPEN Ηelleniq Innovations Moνοπρόσωπη ΙΚE (802735143),802735143,ASPEN Ηelleniq Innovations Moνοπρόσωπη ΙΚE (802735143),51.59,,
9ΙΣΚ4690ΒΩ-ΤΤ2,2026-03-10,ΕΝΤΑΛΜΑ ΠΛΗΡΩΜΗΣ ASPEN Ηelleniq Innovations Moνοπρόσωπη ΙΚE (802735143),802735143,ASPEN Ηelleniq Innovations Moνοπρόσωπη ΙΚE (802735143),67.07,,
Ρ1ΚΛ4690ΒΩ-33Α,2026-03-11,ΕΝΤΑΛΜΑ ΠΛΗΡΩΜΗΣ ΚΟΥΤΣΟΡΕΒΥΘΗΣ    ΣΙΑ  Ο.Ε (998427667),998427667,ΚΟΥΤΣΟΡΕΒΥΘΗΣ    ΣΙΑ  Ο.Ε (998427667),4549.98,,
ΡΝ234690ΒΩ-4ΘΔ,2026-03-12,ΕΝΤΑΛΜΑ ΠΛΗΡΩΜΗΣ ΠΡΟΩΘΗΜΕΝΑ ΣΥΣΤΗΜΑΤΑ ΕΞΥΠΗΡΕΤΗΣ ΕΠΕ (095570589),095570589,ΠΡΟΩΘΗΜΕΝΑ ΣΥΣΤΗΜΑΤΑ ΕΞΥΠΗΡΕΤΗΣ ΕΠΕ (095570589),2857.13,,
68ΔΦ4690ΒΩ-8ΙΨ,2026-03-10,ΕΝΤΑΛΜΑ ΠΛΗΡΩΜΗΣ ASPEN Ηelleniq Innovations Moνοπρόσωπη ΙΚE (802735143),802735143,ASPEN Ηelleniq Innovations Moνοπρόσωπη ΙΚE (802735143),61.91,,
9ΙΨ54690ΒΩ-Γ5Ν,2026-03-09,ΕΝΤΑΛΜΑ ΠΛΗΡΩΜΗΣ ΤΡΑΠΕΖΑ  EUROBANK AE (094014250),094014250,ΤΡΑΠΕΖΑ  EUROBANK AE (094014250),2.4,,
634Β4690ΒΩ-Ξ1Θ,2026-02-24,ΕΝΤΑΛΜΑ ΠΛΗΡΩΜΗΣ ΑΜΒΡΟΣΙΑΔΗΣ ΑΒΕΕ (081932139),081932139,ΑΜΒΡΟΣΙΑΔΗΣ ΑΒΕΕ (081932139),4990.51,,
ΨΩΒΦ4690ΒΩ-8ΦΑ,2026-02-24,ΕΝΤΑΛΜΑ ΠΛΗΡΩΜΗΣ ΑΜΒΡΟΣΙΑΔΗΣ ΑΒΕΕ (081932139),081932139,ΑΜΒΡΟΣΙΑΔΗΣ ΑΒΕΕ (081932139),15136.23,,
ΨΕ8Φ4690ΒΩ-ΖΗΣ,2026-03-02,ΕΝΤΑΛΜΑ ΠΛΗΡΩΜΗΣ ΠΡΩΤΟΝ A.E. (094442268),094442268,ΠΡΩΤΟΝ A.E. (094442268),6583.16,,
9Β1Σ4690ΒΩ-5Ι7,2026-03-02,ΕΝΤΑΛΜΑ ΠΛΗΡΩΜΗΣ ΠΡΩΤΟΝ A.E. (094442268),094442268,ΠΡΩΤΟΝ A.E. (094442268),1054.0,,
9ΖΥΓ4690ΒΩ-ΧΛ2,2026-02-25,ΕΝΤΑΛΜΑ ΠΛΗΡΩΜΗΣ STAGER-Ι.Δ. ΚΩΝΣΤΑΝΤΟΠΟΥΛΟΣ ΑΒΕΕ (800357297),800357297,STAGER-Ι.Δ. ΚΩΝΣΤΑΝΤΟΠΟΥΛΟΣ ΑΒΕΕ (800357297),843.2,,
Ρ2ΡΗ4690ΒΩ-ΙΚΖ,2026-02-25,ΕΝΤΑΛΜΑ ΠΛΗΡΩΜΗΣ FRANTZIS CONSTRUCTION OE (801646818),801646818,FRANTZIS CONSTRUCTION OE (801646818),2356.0,,
6ΣΠΝ4690ΒΩ-9Ψ3,2026-03-10,ΕΝΤΑΛΜΑ ΠΛΗΡΩΜΗΣ ΘΕΣΣΑΛΙΚΗ ΙΑΤΡΟΝΟΣΗΛΕΥΤΙΚΗ ΦΡΟΝΤΙΔΑ ΙΚΕ (801448170),801448170,ΘΕΣΣΑΛΙΚΗ ΙΑΤΡΟΝΟΣΗΛΕΥΤΙΚΗ ΦΡΟΝΤΙΔΑ ΙΚΕ (801448170),10539.6,,
9ΒΑ14690ΒΩ-0ΘΤ,2026-03-10,ΕΝΤΑΛΜΑ ΠΛΗΡΩΜΗΣ ΘΕΣΣΑΛΙΚΗ ΙΑΤΡΟΝΟΣΗΛΕΥΤΙΚΗ ΦΡΟΝΤΙΔΑ ΙΚΕ (801448170),801448170,ΘΕΣΣΑΛΙΚΗ ΙΑΤΡΟΝΟΣΗΛΕΥΤΙΚΗ ΦΡΟΝΤΙΔΑ ΙΚΕ (801448170),16819.5,,
9Α234690ΒΩ-ΠΜΗ,2026-02-27,ΕΝΤΑΛΜΑ ΠΛΗΡΩΜΗΣ STAGER-Ι.Δ. ΚΩΝΣΤΑΝΤΟΠΟΥΛΟΣ ΑΒΕΕ (800357297),800357297,STAGER-Ι.Δ. ΚΩΝΣΤΑΝΤΟΠΟΥΛΟΣ ΑΒΕΕ (800357297),14817.69,,
9Λ5Θ4690ΒΩ-ΛΘ7,2026-02-27,ΕΝΤΑΛΜΑ ΠΛΗΡΩΜΗΣ ΤΕΜΑΚ Α.Ε.Τ.Ε. (094373941),094373941,ΤΕΜΑΚ Α.Ε.Τ.Ε. (094373941),5133.6,,
Ρ4Τ64690ΒΩ-ΜΧΤ,2026-02-27,ΕΝΤΑΛΜΑ ΠΛΗΡΩΜΗΣ COMPULAND AE (095387617),095387617,COMPULAND AE (095387617),9427.96,,
627Θ4690ΒΩ-Ι4Α,2026-02-27,ΕΝΤΑΛΜΑ ΠΛΗΡΩΜΗΣ COMPULAND AE (095387617),095387617,COMPULAND AE (095387617),2976.81,,
ΕΟΣΞ4690ΒΩ-ΖΝΧ,2026-03-05,ΕΙΣΦΟΡΕΣ ΣΤΟΝ ΕΦΚΑ ΤΑΚΤΙΚΩΝ ΑΠΟΔΟΧΩΝ ΟΚΤΩΒΡΙΟΥ & ΝΟΕΜΡΙΟΥ 2025 ΤΟΥ ΕΙΔΙΚΟΥ ΠΡΟΓΡΑΜΜΑΤΟΣ ΑΠΑΣΧΟΛΗΣΗΣ 1135 ΑΝΕΡΓΟΙ ΣΤΟ ΧΩΡΟ ΤΗΣ ΥΓΕΙΑΣ,090003373,ΙΚΑ,1353.06,,21903010014002
Ψ8ΕΧ4690ΒΩ-1Ξ1,2026-02-27,ΕΝΤΑΛΜΑ ΠΛΗΡΩΜΗΣ Ipirotiki Facility Services  Α.Ε. (998309282),998309282,Ipirotiki Facility Services  Α.Ε. (998309282),24911.6,,
655Ι4690ΒΩ-Ρ26,2026-03-02,"ΠΡΟΜΗΘΕΙΑ ΔΙΑΦΟΡΩΝ ΑΝΤΑΛΛΑΚΤΙΚΩΝ, ΜΗΝΩΝ ΙΟΥΛΙΟΥ & ΣΕΠΤΕΜΒΡΙΟΥ 2025, ΧΩΡΙΣ ΣΥΜΒΑΣΗ, ΜΕ ΑΠΟΦΑΣΕΙΣ ΔΣ 10/12-6-25 Θ.19 & 15/16-7-25 Θ.18, ΣΥΜΦΩΝΑ ΜΕ ΤΙΣ ΔΙΑΤΑΞΕΙΣ ΤΟΥ Ν.5264/2025 αρθ.105 (ΦΕΚ 239/ τ.Α΄/19/12/2025)",094285848,ΞΕΝΕΞ  ΑΝΑΣΤΑΣΙΟΣ ΚΙΟΥΛΠΑΠΑΣ ΑΝΩΝΥΜΗ ΕΤΑΙΡΕΙΑ ΕΞΟΠΛΙΣΜΩΝ ΠΛΥΝΤΗΡΙΩΝ ΜΑΓΕΙΡΕΙΩΝ,2801.16,,24101060001002
63Γ84690ΒΩ-5Σ3,2026-02-27,ΕΝΤΑΛΜΑ ΠΛΗΡΩΜΗΣ FRANTZIS CONSTRUCTION OE (801646818),801646818,FRANTZIS CONSTRUCTION OE (801646818),86490.0,,
ΡΗΩ04690ΒΩ-Δ5Ζ,2026-03-02,ΕΝΤΑΛΜΑ ΠΛΗΡΩΜΗΣ STAGER-Ι.Δ. ΚΩΝΣΤΑΝΤΟΠΟΥΛΟΣ ΑΒΕΕ (800357297),800357297,STAGER-Ι.Δ. ΚΩΝΣΤΑΝΤΟΠΟΥΛΟΣ ΑΒΕΕ (800357297),3844.0,,
9Ψ3Χ4690ΒΩ-ΥΔΣ,2026-02-26,ΕΝΤΑΛΜΑ ΠΛΗΡΩΜΗΣ FRANTZIS CONSTRUCTION OE (801646818),801646818,FRANTZIS CONSTRUCTION OE (801646818),32006.85,,
ΡΤΞ54690ΒΩ-7ΨΧ,2026-02-26,ΕΝΤΑΛΜΑ ΠΛΗΡΩΜΗΣ FRANTZIS CONSTRUCTION OE (801646818),801646818,FRANTZIS CONSTRUCTION OE (801646818),81530.0,,
ΨΙΦΥ4690ΒΩ-ΨΑΚ,2026-02-26,ΕΝΤΑΛΜΑ ΠΛΗΡΩΜΗΣ FRANTZIS CONSTRUCTION OE (801646818),801646818,FRANTZIS CONSTRUCTION OE (801646818),9148.47,,
9Ξ5Χ4690ΒΩ-Φ0Υ,2026-02-27,ΕΝΤΑΛΜΑ ΠΛΗΡΩΜΗΣ FRANTZIS CONSTRUCTION OE (801646818),801646818,FRANTZIS CONSTRUCTION OE (801646818),41974.0,,
Ψ3ΩΓ4690ΒΩ-8ΜΧ,2026-02-27,ΕΝΤΑΛΜΑ ΠΛΗΡΩΜΗΣ ΚΑΖΑΡΙΑΝ ΚΩΝΣΤΑΝΤΙΝΟΣ (061367978),061367978,ΚΑΖΑΡΙΑΝ ΚΩΝΣΤΑΝΤΙΝΟΣ (061367978),2000.0,,
906Ι4690ΒΩ-Λ4Ν,2026-02-26,ΕΝΤΑΛΜΑ ΠΛΗΡΩΜΗΣ FRANTZIS CONSTRUCTION OE (801646818),801646818,FRANTZIS CONSTRUCTION OE (801646818),3155.38,,
988Λ4690ΒΩ-695,2026-02-26,ΕΝΤΑΛΜΑ ΠΛΗΡΩΜΗΣ ΜΙΧΑΗΛ ΣΚΑΜΑΓΚΑΣ ΑΒΕΕ (999717761),999717761,ΜΙΧΑΗΛ ΣΚΑΜΑΓΚΑΣ ΑΒΕΕ (999717761),10733.32,,
63ΓΚ4690ΒΩ-ΜΒΜ,2026-03-02,ΕΝΤΑΛΜΑ ΠΛΗΡΩΜΗΣ STAGER-Ι.Δ. ΚΩΝΣΤΑΝΤΟΠΟΥΛΟΣ ΑΒΕΕ (800357297),800357297,STAGER-Ι.Δ. ΚΩΝΣΤΑΝΤΟΠΟΥΛΟΣ ΑΒΕΕ (800357297),131.13,,
9Ξ984690ΒΩ-Α4Λ,2026-02-26,ΕΝΤΑΛΜΑ ΠΛΗΡΩΜΗΣ Ipirotiki Facility Services  Α.Ε. (998309282),998309282,Ipirotiki Facility Services  Α.Ε. (998309282),215564.08,,24202050001002
ΨΧΥΜ4690ΒΩ-8ΘΔ,2026-02-26,ΕΝΤΑΛΜΑ ΠΛΗΡΩΜΗΣ Ipirotiki Facility Services  Α.Ε. (998309282),998309282,Ipirotiki Facility Services  Α.Ε. (998309282),37252.08,,
90Ρ24690ΒΩ-3Φ1,2026-02-25,ΕΝΤΑΛΜΑ ΠΛΗΡΩΜΗΣ UNISON FACILITY SERVICES A.E.  (ΠΡΩΗΝ ISS FACILITY SERVICES AE) (094081864),094081864,UNISON FACILITY SERVICES A.E.  (ΠΡΩΗΝ ISS FACILITY SERVICES AE) (094081864),132511.41,,
Ψ02Ω4690ΒΩ-ΟΘ6,2026-02-26,ΕΝΤΑΛΜΑ ΠΛΗΡΩΜΗΣ ΔΡΙΒΑ ΧΡΙΣΤΙΝΑ τ. ΓΕΩΡΓΙΟΥ (143463998),143463998,ΔΡΙΒΑ ΧΡΙΣΤΙΝΑ τ. ΓΕΩΡΓΙΟΥ (143463998),630.0,,
ΨΗΡΣ4690ΒΩ-556,2026-02-26,ΕΝΤΑΛΜΑ ΠΛΗΡΩΜΗΣ MY SERVICES HUMAN RESOURCES AND SERCURITY ΑΝΩΝΥΜΗ ΕΤΑΙΡΕΙΑ (801114586),801114586,MY SERVICES HUMAN RESOURCES AND SERCURITY ΑΝΩΝΥΜΗ ΕΤΑΙΡΕΙΑ (801114586),37138.0,,
9Η1Τ4690ΒΩ-ΗΒ7,2026-02-25,ΕΝΤΑΛΜΑ ΠΛΗΡΩΜΗΣ SWEDISH SYSTEMS SECURITY ΜΟΝ. Ε.Π.Ε. (099796300),099796300,SWEDISH SYSTEMS SECURITY ΜΟΝ. Ε.Π.Ε. (099796300),53816.01,,
9Ο944690ΒΩ-2ΚΟ,2026-08-11,ΕΝΤΑΛΜΑ ΠΛΗΡΩΜΗΣ ΚΑΛΛΙΦΡΟΝΑΣ ΕΜΠΟΡΙΚΗ Α.Ε. (997585069),997585069,ΚΑΛΛΙΦΡΟΝΑΣ ΕΜΠΟΡΙΚΗ Α.Ε. (997585069),1742.64,,
ΨΔΜΤ4690ΒΩ-ΣΡ5,2026-08-10,ΕΝΤΑΛΜΑ ΠΛΗΡΩΜΗΣ SIEMENS HEALTHINEERS ΕΛΛΑΣ ΜΟΝΟΠΡΟΣΩΠΗ Α.Ε. (094456875),094456875,SIEMENS HEALTHINEERS ΕΛΛΑΣ ΜΟΝΟΠΡΟΣΩΠΗ Α.Ε. (094456875),15702.87,,
ΨΧΛΓ4690ΒΩ-ΕΡΩ,2026-08-07,ΕΝΤΑΛΜΑ ΠΛΗΡΩΜΗΣ Y LOGIMED Α.Ε (094446034),094446034,Y LOGIMED Α.Ε (094446034),4394.25,,
9ΥΘΚ4690ΒΩ-Λ0Τ,2026-08-10,ΕΝΤΑΛΜΑ ΠΛΗΡΩΜΗΣ ΑΡΝΑΟΥΤΗΣ ΠΑΥΛΟΣ Α.Ε (094178060),094178060,ΑΡΝΑΟΥΤΗΣ ΠΑΥΛΟΣ Α.Ε (094178060),3726.06,,
Ψ0ΤΖ4690ΒΩ-8Η9,2026-08-10,ΕΝΤΑΛΜΑ ΠΛΗΡΩΜΗΣ ΜΙΧΑΗΛ ΣΚΑΜΑΓΚΑΣ ΑΒΕΕ (999717761),999717761,ΜΙΧΑΗΛ ΣΚΑΜΑΓΚΑΣ ΑΒΕΕ (999717761),5558.17,,
ΡΠΟΧ4690ΒΩ-Μ1Β,2026-08-10,ΕΝΤΑΛΜΑ ΠΛΗΡΩΜΗΣ MEDICARE HELLAS Α.Ε (095367968),095367968,MEDICARE HELLAS Α.Ε (095367968),5826.76,,
ΡΟΟΜ4690ΒΩ-Ε2Ι,2026-08-10,ΕΝΤΑΛΜΑ ΠΛΗΡΩΜΗΣ MEDICARE HELLAS Α.Ε (095367968),095367968,MEDICARE HELLAS Α.Ε (095367968),5345.56,,
9Η144690ΒΩ-ΙΔΩ,2026-08-10,ΕΝΤΑΛΜΑ ΠΛΗΡΩΜΗΣ BIOMERIEUX ΕΛΛΑΣ Α.Ε. (094499248),094499248,BIOMERIEUX ΕΛΛΑΣ Α.Ε. (094499248),4611.0,,
Ψ77Κ4690ΒΩ-ΒΓΕ,2026-08-10,ΕΝΤΑΛΜΑ ΠΛΗΡΩΜΗΣ ABBOTT LABORATORIES  ΕΛΛΑΣ  Α.Β.Ε.Ε. (094027257),094027257,ABBOTT LABORATORIES  ΕΛΛΑΣ  Α.Β.Ε.Ε. (094027257),25001.89,,
ΨΥΣΕ4690ΒΩ-1Θ1,2026-08-10,ΕΝΤΑΛΜΑ ΠΛΗΡΩΜΗΣ Becton Dickinson Hellas A.E. (094501826),094501826,Becton Dickinson Hellas A.E. (094501826),6326.68,,
ΨΓΕΗ4690ΒΩ-4Ρ6,2026-08-10,ΕΝΤΑΛΜΑ ΠΛΗΡΩΜΗΣ ΚΕΚΗ ΕΛΕΝΗ Α.Ε.Ε. (094211706),094211706,ΚΕΚΗ ΕΛΕΝΗ Α.Ε.Ε. (094211706),5753.2,,
9ΧΑΠ4690ΒΩ-5ΗΕ,2026-08-07,ΕΝΤΑΛΜΑ ΠΛΗΡΩΜΗΣ ΜΑΥΡΟΓΕΝΗΣ ΑΝΑΣΤΑΣΙΟΣ ΑΕ ΙΑΤΡΟΤΕΧΝΟΛΟΓΙΚΑ ΕΙΔΗ (082525697),082525697,ΜΑΥΡΟΓΕΝΗΣ ΑΝΑΣΤΑΣΙΟΣ ΑΕ ΙΑΤΡΟΤΕΧΝΟΛΟΓΙΚΑ ΕΙΔΗ (082525697),26811.18,,
6Σ1Α4690ΒΩ-Ξ2Ω,2026-08-10,ΕΝΤΑΛΜΑ ΠΛΗΡΩΜΗΣ ΓΕΝΙΚΗ ΧΗΜΙΚΩΝ ΠΡΟΙΟΝΤΩΝ Α.Ε. (094133588),094133588,ΓΕΝΙΚΗ ΧΗΜΙΚΩΝ ΠΡΟΙΟΝΤΩΝ Α.Ε. (094133588),2635.0,,
6ΜΛΞ4690ΒΩ-ΓΓΣ,2026-08-10,ΕΝΤΑΛΜΑ ΠΛΗΡΩΜΗΣ MEDICARE HELLAS Α.Ε (095367968),095367968,MEDICARE HELLAS Α.Ε (095367968),1720.43,,
ΡΩΠ54690ΒΩ-ΦΣΟ,2026-08-11,ΕΝΤΑΛΜΑ ΠΛΗΡΩΜΗΣ Y LOGIMED Α.Ε (094446034),094446034,Y LOGIMED Α.Ε (094446034),3761.77,,
9ΧΔ04690ΒΩ-ΘΝ5,2026-08-11,ΕΝΤΑΛΜΑ ΠΛΗΡΩΜΗΣ Y LOGIMED Α.Ε (094446034),094446034,Y LOGIMED Α.Ε (094446034),1209.0,,
9ΩΡΧ4690ΒΩ-Α39,2026-08-11,ΕΝΤΑΛΜΑ ΠΛΗΡΩΜΗΣ ΜΑΥΡΟΓΕΝΗΣ ΑΝΑΣΤΑΣΙΟΣ ΑΕ ΙΑΤΡΟΤΕΧΝΟΛΟΓΙΚΑ ΕΙΔΗ (082525697),082525697,ΜΑΥΡΟΓΕΝΗΣ ΑΝΑΣΤΑΣΙΟΣ ΑΕ ΙΑΤΡΟΤΕΧΝΟΛΟΓΙΚΑ ΕΙΔΗ (082525697),7836.8,,
Ρ72Τ4690ΒΩ-33Μ,2026-08-11,ΕΝΤΑΛΜΑ ΠΛΗΡΩΜΗΣ ΠΑΠΑΠΟΣΤΟΛΟΥ Ν. ΑΕ (095029193),095029193,ΠΑΠΑΠΟΣΤΟΛΟΥ Ν. ΑΕ (095029193),7400.0,,
ΨΓΡΖ4690ΒΩ-ΨΔΜ,2026-08-11,ΕΝΤΑΛΜΑ ΠΛΗΡΩΜΗΣ ΠΑΠΑΕΛΛΗΝΑΣ  Α. ΚΩΣΤΑΣ (ΕΛΛΑΣ) Α.Ε.Β.Ε. (094075360),094075360,ΠΑΠΑΕΛΛΗΝΑΣ  Α. ΚΩΣΤΑΣ (ΕΛΛΑΣ) Α.Ε.Β.Ε. (094075360),27529.49,,
ΨΟ454690ΒΩ-Ν7Θ,2026-08-10,ΕΝΤΑΛΜΑ ΠΛΗΡΩΜΗΣ ΜΑΥΡΟΓΕΝΗΣ ΑΝΑΣΤΑΣΙΟΣ ΑΕ ΙΑΤΡΟΤΕΧΝΟΛΟΓΙΚΑ ΕΙΔΗ (082525697),082525697,ΜΑΥΡΟΓΕΝΗΣ ΑΝΑΣΤΑΣΙΟΣ ΑΕ ΙΑΤΡΟΤΕΧΝΟΛΟΓΙΚΑ ΕΙΔΗ (082525697),22744.46,,
9ΦΠ74690ΒΩ-ΑΤ5,2026-08-11,ΕΝΤΑΛΜΑ ΠΛΗΡΩΜΗΣ Y LOGIMED Α.Ε (094446034),094446034,Y LOGIMED Α.Ε (094446034),7798.53,,
ΡΠΨΠ4690ΒΩ-ΑΕΟ,2026-08-11,ΕΝΤΑΛΜΑ ΠΛΗΡΩΜΗΣ TELEFLEX MEDICAL ΕΛΛΑΣ (ARROW HELLAS AEE) (094429990),094429990,TELEFLEX MEDICAL ΕΛΛΑΣ (ARROW HELLAS AEE) (094429990),13652.4,,
Ψ5ΔΧ4690ΒΩ-ΕΒΗ,2026-08-11,ΕΝΤΑΛΜΑ ΠΛΗΡΩΜΗΣ TELEFLEX MEDICAL ΕΛΛΑΣ (ARROW HELLAS AEE) (094429990),094429990,TELEFLEX MEDICAL ΕΛΛΑΣ (ARROW HELLAS AEE) (094429990),6141.55,,
6ΣΘΘ4690ΒΩ-ΓΔ0,2026-08-13,ΠΑΡΑΚΛΙΝΙΚΕΣ ΕΞΕΤΑΣΕΙΣ ΤΩΝ ΑΣΘΕΝΩΝ ΤΟΥ ΝΟΣΟΚΟΜΕΙΟΥ ΓΙΑ ΤΟ ΜΗΝΑ ΝΟΕΜΒΡΙΟ 2025 ΣΥΜΦΩΝΑ ΜΕ ΤΙΣ ΔΙΑΤΑΞΕΙΣ ΤΟΥ Ν. 5302/2026 αρθ.95 (ΦΕK 78/τ. Α΄/ 20-5-2026 ),999336270,ΓΕΝΙΚΟ ΝΟΣΟΚΟΜΕΙΟ ΑΘΗΝΩΝ Ο ΕΥΑΓΓΕΛΙΣΜΟΣ ΠΟΛΥΚΛΙΝΙΚΗ,15.0,,24209890001002
9Η864690ΒΩ-ΑΨΙ,2026-07-27,ΕΝΤΑΛΜΑ ΠΛΗΡΩΜΗΣ ΙΑΚΩΒΙΔΗΣ Μ. Σ. ΕΛΛΑΣ Α.Ε. (095186426),095186426,ΙΑΚΩΒΙΔΗΣ Μ. Σ. ΕΛΛΑΣ Α.Ε. (095186426),3571.2,,
94ΑΡ4690ΒΩ-ΖΦ3,2026-07-27,ΕΝΤΑΛΜΑ ΠΛΗΡΩΜΗΣ ΙΑΚΩΒΙΔΗΣ Μ. Σ. ΕΛΛΑΣ Α.Ε. (095186426),095186426,ΙΑΚΩΒΙΔΗΣ Μ. Σ. ΕΛΛΑΣ Α.Ε. (095186426),2083.2,,
ΨΓ3Η4690ΒΩ-ΝΝΥ,2026-07-22,ΕΝΤΑΛΜΑ ΠΛΗΡΩΜΗΣ MADISON MEDICAL M. ΕΠΕ (998011508),998011508,MADISON MEDICAL M. ΕΠΕ (998011508),6992.49,,
9ΤΠΤ4690ΒΩ-9ΣΞ,2026-07-23,ΕΝΤΑΛΜΑ ΠΛΗΡΩΜΗΣ ΠΑΛΗΚΑΡΑΣ Γ. ΒΑΣΙΛΕΙΟΣ (037779844),037779844,ΠΑΛΗΚΑΡΑΣ Γ. ΒΑΣΙΛΕΙΟΣ (037779844),200.0,,
9Ω944690ΒΩ-ΟΚ7,2026-07-28,ΕΝΤΑΛΜΑ ΠΛΗΡΩΜΗΣ MEDICON HELLAS AE (094240321),094240321,MEDICON HELLAS AE (094240321),2816.42,,
Ρ6Ω74690ΒΩ-ΝΘΓ,2026-07-22,ΕΝΤΑΛΜΑ ΠΛΗΡΩΜΗΣ SANTAIR Α.Ε.ΙΑΤΡΙΚΩΝ ΕΦΑΡΜΟΓΩΝ (094497279),094497279,SANTAIR Α.Ε.ΙΑΤΡΙΚΩΝ ΕΦΑΡΜΟΓΩΝ (094497279),1497.3,,
9ΚΑΑ4690ΒΩ-ΘΧ9,2026-07-22,ΕΝΤΑΛΜΑ ΠΛΗΡΩΜΗΣ Α.ΔΕΡΒΟΣ-Γ.ΔΗΜΗΤΡΑΚΟΠΟΥΛΟΣ κ.ΣΙΑ Α.Ε. (099518023),099518023,Α.ΔΕΡΒΟΣ-Γ.ΔΗΜΗΤΡΑΚΟΠΟΥΛΟΣ κ.ΣΙΑ Α.Ε. (099518023),2201.0,,
9Ψ704690ΒΩ-Σ72,2026-07-22,ΕΝΤΑΛΜΑ ΠΛΗΡΩΜΗΣ ΠΡΩΤΟΝ A.E. (094442268),094442268,ΠΡΩΤΟΝ A.E. (094442268),1940.41,,
9ΩΦΒ4690ΒΩ-097,2026-07-31,ΕΝΤΑΛΜΑ ΠΛΗΡΩΜΗΣ Y LOGIMED Α.Ε (094446034),094446034,Y LOGIMED Α.Ε (094446034),2274.4,,
ΨΙ8Θ4690ΒΩ-3ΓΕ,2026-07-22,ΕΝΤΑΛΜΑ ΠΛΗΡΩΜΗΣ ΔΙΑΧΕΙΡΙΣΗ ΠΟΛΥΚΑΤΟΙΚΙΑΣ ΑΝΑΓΩΣΤΟΠΟΥΛΟΥ 23 (997286291),997286291,ΔΙΑΧΕΙΡΙΣΗ ΠΟΛΥΚΑΤΟΙΚΙΑΣ ΑΝΑΓΩΣΤΟΠΟΥΛΟΥ 23 (997286291),34.03,,
ΨΤΦ14690ΒΩ-ΗΩΦ,2026-07-29,ΕΝΤΑΛΜΑ ΠΛΗΡΩΜΗΣ ΥΓΕΙΑΣΗ Α.Ε  ΙΑΤΡΟΤΕΧΝΙΚΑ ΠΡΟΪΟΝΤΑ (998940383),998940383,ΥΓΕΙΑΣΗ Α.Ε  ΙΑΤΡΟΤΕΧΝΙΚΑ ΠΡΟΪΟΝΤΑ (998940383),651.0,,
Ψ4ΓΓ4690ΒΩ-ΠΕΔ,2026-07-29,ΕΝΤΑΛΜΑ ΠΛΗΡΩΜΗΣ SPINE ACTION EΠE (998413534),998413534,SPINE ACTION EΠE (998413534),2499.84,,
9ΕΠΘ4690ΒΩ-0ΗΕ,2026-07-22,ΕΝΤΑΛΜΑ ΠΛΗΡΩΜΗΣ NUVAMED I.K.E. (800838529),800838529,NUVAMED I.K.E. (800838529),1932.3,,
Ψ1ΣΧ4690ΒΩ-ΩΜΦ,2026-07-28,ΕΝΤΑΛΜΑ ΠΛΗΡΩΜΗΣ ΑΦΟΙ Β.ΚΑΡΑΛΗ Ο.Ε (099963850),099963850,ΑΦΟΙ Β.ΚΑΡΑΛΗ Ο.Ε (099963850),545.6,,
9Ψ1Κ4690ΒΩ-1ΛΟ,2026-08-07,ΕΝΤΑΛΜΑ ΠΛΗΡΩΜΗΣ ΚΟΡΦΙΑΤΗΣ Α.   ΣΙΑ Ε.Ε (082261313),082261313,ΚΟΡΦΙΑΤΗΣ Α.   ΣΙΑ Ε.Ε (082261313),23436.0,,
ΨΝΘΧ4690ΒΩ-ΒΨΤ,2026-07-23,ΕΝΤΑΛΜΑ ΠΛΗΡΩΜΗΣ ΒΙΟΗΛΕΚΤΡΟΝΙΚΗ Ι.Κ.Ε. - ΄΄BIOELECTRONICA ΄΄ (800780179),800780179,ΒΙΟΗΛΕΚΤΡΟΝΙΚΗ Ι.Κ.Ε. - ΄΄BIOELECTRONICA ΄΄ (800780179),186.0,,
981Μ4690ΒΩ-Ψ6Γ,2026-07-23,ΕΝΤΑΛΜΑ ΠΛΗΡΩΜΗΣ ΕΛΛΕΝΙΚ  ΛΑΜΠΓΟΥΕΡ Α.Ε. (094212309),094212309,ΕΛΛΕΝΙΚ  ΛΑΜΠΓΟΥΕΡ Α.Ε. (094212309),620.0,,
9ΡΓΗ4690ΒΩ-7ΦΒ,2026-07-24,ΕΝΤΑΛΜΑ ΠΛΗΡΩΜΗΣ INTER MEDICA  ΕΜΜ. Τ. ΤΖΑΝΙΔΑΚΗΣ (011651035),011651035,INTER MEDICA  ΕΜΜ. Τ. ΤΖΑΝΙΔΑΚΗΣ (011651035),843.2,,
ΨΒ1Ρ4690ΒΩ-85Π,2026-07-24,ΕΝΤΑΛΜΑ ΠΛΗΡΩΜΗΣ INTER MEDICA  ΕΜΜ. Τ. ΤΖΑΝΙΔΑΚΗΣ (011651035),011651035,INTER MEDICA  ΕΜΜ. Τ. ΤΖΑΝΙΔΑΚΗΣ (011651035),1463.2,,
63ΚΖ4690ΒΩ-9ΥΑ,2026-07-22,ΕΝΤΑΛΜΑ ΠΛΗΡΩΜΗΣ ΛΙΝΤΕ ΕΛΛΑΣ ΜΟΝΟΠΡΟΣΩΠΗ Ε.Π.Ε (095167018),095167018,ΛΙΝΤΕ ΕΛΛΑΣ ΜΟΝΟΠΡΟΣΩΠΗ Ε.Π.Ε (095167018),297.6,,
ΡΛΣ14690ΒΩ-ΔΩ1,2026-07-22,ΕΝΤΑΛΜΑ ΠΛΗΡΩΜΗΣ HEALTH TEAM ΙΑΤΡΙΚΑ Ι.Κ.Ε. (800925613),800925613,HEALTH TEAM ΙΑΤΡΙΚΑ Ι.Κ.Ε. (800925613),1135.65,,
ΨΕ644690ΒΩ-4ΚΝ,2026-07-22,ΕΝΤΑΛΜΑ ΠΛΗΡΩΜΗΣ ALFAMED PLUS - Κ.ΤΕΛΙΔΗΣ Α.Ε. (998218488),998218488,ALFAMED PLUS - Κ.ΤΕΛΙΔΗΣ Α.Ε. (998218488),328.6,,
6Δ6Κ4690ΒΩ-ΝΤ2,2026-08-06,ΕΝΤΑΛΜΑ ΠΛΗΡΩΜΗΣ ΔΕΥΑΜΒ (090071204),090071204,ΔΕΥΑΜΒ (090071204),1147.76,,
ΨΑΓ74690ΒΩ-ΔΩΙ,2026-08-06,ΕΝΤΑΛΜΑ ΠΛΗΡΩΜΗΣ ΔΕΥΑΜΒ (090071204),090071204,ΔΕΥΑΜΒ (090071204),444.6,,
9ΣΠΕ4690ΒΩ-4ΣΤ,2026-08-06,ΕΝΤΑΛΜΑ ΠΛΗΡΩΜΗΣ ΔΕΥΑΜΒ (090071204),090071204,ΔΕΥΑΜΒ (090071204),51.32,,
ΨΙΕΖ4690ΒΩ-ΘΤΡ,2026-08-06,ΕΝΤΑΛΜΑ ΠΛΗΡΩΜΗΣ ΔΕΥΑΜΒ (090071204),090071204,ΔΕΥΑΜΒ (090071204),654.68,,
ΡΟΨΩ4690ΒΩ-712,2026-08-06,ΕΝΤΑΛΜΑ ΠΛΗΡΩΜΗΣ ΔΕΥΑΜΒ (090071204),090071204,ΔΕΥΑΜΒ (090071204),25074.37,,
68ΕΩ4690ΒΩ-Κ7Σ,2026-08-06,ΕΝΤΑΛΜΑ ΠΛΗΡΩΜΗΣ ΔΕΥΑΜΒ (090071204),090071204,ΔΕΥΑΜΒ (090071204),43.33,,
9ΒΑΠ4690ΒΩ-Ζ17,2026-08-07,ΕΝΤΑΛΜΑ ΠΛΗΡΩΜΗΣ ΔΕΥΑΜΒ (090071204),090071204,ΔΕΥΑΜΒ (090071204),16.12,,
9Ο504690ΒΩ-ΜΥ3,2026-08-06,ΕΝΤΑΛΜΑ ΠΛΗΡΩΜΗΣ ΔΕΥΑΜΒ (090071204),090071204,ΔΕΥΑΜΒ (090071204),23.35,,
ΨΓ304690ΒΩ-ΩΔ2,2026-08-04,ΕΝΤΑΛΜΑ ΠΛΗΡΩΜΗΣ ΑΛΦΑ ΜΕΝΤΙΚΑΛ ΑΕΒΕ (095580571),095580571,ΑΛΦΑ ΜΕΝΤΙΚΑΛ ΑΕΒΕ (095580571),8316.76,,
9Κ224690ΒΩ-6ΦΖ,2026-08-04,ΕΝΤΑΛΜΑ ΠΛΗΡΩΜΗΣ DIACHEL ΔΙΑΓΝΩΣΤΙΚΑ - ΧΗΜΙΚΗ ΟΡΓΑΝΟΛΟΓΙΑ  AE (095341314),095341314,DIACHEL ΔΙΑΓΝΩΣΤΙΚΑ - ΧΗΜΙΚΗ ΟΡΓΑΝΟΛΟΓΙΑ  AE (095341314),12860.18,,
ΨΣ2Ρ4690ΒΩ-Α7Δ,2026-08-04,ΕΝΤΑΛΜΑ ΠΛΗΡΩΜΗΣ ΑΡΝΑΟΥΤΗΣ ΠΑΥΛΟΣ Α.Ε (094178060),094178060,ΑΡΝΑΟΥΤΗΣ ΠΑΥΛΟΣ Α.Ε (094178060),10478.78,,
ΨΥΩΨ4690ΒΩ-43Σ,2026-08-06,ΕΝΤΑΛΜΑ ΠΛΗΡΩΜΗΣ ABBOTT LABORATORIES  ΕΛΛΑΣ  Α.Β.Ε.Ε. (094027257),094027257,ABBOTT LABORATORIES  ΕΛΛΑΣ  Α.Β.Ε.Ε. (094027257),48059.66,,
ΡΠΓ94690ΒΩ-ΠΛΤ,2026-08-04,ΕΝΤΑΛΜΑ ΠΛΗΡΩΜΗΣ ΚΑΛΛΙΦΡΟΝΑΣ ΕΜΠΟΡΙΚΗ Α.Ε. (997585069),997585069,ΚΑΛΛΙΦΡΟΝΑΣ ΕΜΠΟΡΙΚΗ Α.Ε. (997585069),25695.22,,
9ΤΘ04690ΒΩ-ΖΡ1,2026-08-06,ΕΝΤΑΛΜΑ ΠΛΗΡΩΜΗΣ MEDICON HELLAS AE (094240321),094240321,MEDICON HELLAS AE (094240321),76578.17,,
ΨΠΣΨ4690ΒΩ-ΥΝ3,2026-08-06,ΕΝΤΑΛΜΑ ΠΛΗΡΩΜΗΣ ΕΠΑ ΘΕΣΣΑΛΟΝΙΚΗΣ-ΘΕΣΣΑΛΙΑΣ ΑΕ (997998048),997998048,ΕΠΑ ΘΕΣΣΑΛΟΝΙΚΗΣ-ΘΕΣΣΑΛΙΑΣ ΑΕ (997998048),2912.88,,
9ΕΓΦ4690ΒΩ-Α9Λ,2026-08-07,ΕΝΤΑΛΜΑ ΠΛΗΡΩΜΗΣ ΕΘΝΙΚΟ ΚΤΗΜΑΤΟΛΟΓΙΟ (997001671),997001671,ΕΘΝΙΚΟ ΚΤΗΜΑΤΟΛΟΓΙΟ (997001671),15.0,,
6ΤΩΧ4690ΒΩ-303,2026-08-06,ΕΝΤΑΛΜΑ ΠΛΗΡΩΜΗΣ ΕΠΑ ΘΕΣΣΑΛΟΝΙΚΗΣ-ΘΕΣΣΑΛΙΑΣ ΑΕ (997998048),997998048,ΕΠΑ ΘΕΣΣΑΛΟΝΙΚΗΣ-ΘΕΣΣΑΛΙΑΣ ΑΕ (997998048),4406.07,,
ΨΨΖ94690ΒΩ-ΟΨΖ,2026-08-04,ΕΝΤΑΛΜΑ ΠΛΗΡΩΜΗΣ VAKTRO AEBE (084221869),084221869,VAKTRO AEBE (084221869),5114.4,,
65ΩΝ4690ΒΩ-ΓΨΕ,2026-08-04,ΕΝΤΑΛΜΑ ΠΛΗΡΩΜΗΣ ΒΑΡΕΛΑΣ Α.Ε. (094047060),094047060,ΒΑΡΕΛΑΣ Α.Ε. (094047060),4293.0,,
ΨΔΧΣ4690ΒΩ-ΨΛΤ,2026-08-04,ΕΝΤΑΛΜΑ ΠΛΗΡΩΜΗΣ MENARINI ΔΙΑΓΝΩΣΤΙΚΑ-ΙΑΤΡ.ΟΡΓΑΝΑ ΑΕΒΕ (094322455),094322455,MENARINI ΔΙΑΓΝΩΣΤΙΚΑ-ΙΑΤΡ.ΟΡΓΑΝΑ ΑΕΒΕ (094322455),5466.63,,
6ΧΖΓ4690ΒΩ-ΩΓΗ,2026-08-04,ΕΝΤΑΛΜΑ ΠΛΗΡΩΜΗΣ ΒΙΟΔΥΝΑΜΙΚΗ ΑΕ (094138676),094138676,ΒΙΟΔΥΝΑΜΙΚΗ ΑΕ (094138676),17130.14,,
94ΞΓ4690ΒΩ-4Φ5,2026-08-04,ΕΝΤΑΛΜΑ ΠΛΗΡΩΜΗΣ ΝΤΙΑΜΕΝΤ ΕΛΛΑΣ Α.Ε.Ε (095259724),095259724,ΝΤΙΑΜΕΝΤ ΕΛΛΑΣ Α.Ε.Ε (095259724),35743.35,,
975Μ4690ΒΩ-ΦΣΘ,2026-08-04,ΕΝΤΑΛΜΑ ΠΛΗΡΩΜΗΣ MENARINI ΔΙΑΓΝΩΣΤΙΚΑ-ΙΑΤΡ.ΟΡΓΑΝΑ ΑΕΒΕ (094322455),094322455,MENARINI ΔΙΑΓΝΩΣΤΙΚΑ-ΙΑΤΡ.ΟΡΓΑΝΑ ΑΕΒΕ (094322455),5300.0,,
ΨΔΜΒ4690ΒΩ-Μ9Ν,2026-08-04,ΕΝΤΑΛΜΑ ΠΛΗΡΩΜΗΣ ΒΑΡΕΛΑΣ Α.Ε. (094047060),094047060,ΒΑΡΕΛΑΣ Α.Ε. (094047060),3724.84,,
95ΦΤ4690ΒΩ-ΧΔ4,2026-07-29,ΕΝΤΑΛΜΑ ΠΛΗΡΩΜΗΣ FOODTRADE KARAKOUTAS IKE (801738031),801738031,FOODTRADE KARAKOUTAS IKE (801738031),2380.21,,
9ΜΦΕ4690ΒΩ-Ψ4Η,2026-07-29,ΕΝΤΑΛΜΑ ΠΛΗΡΩΜΗΣ ΘΕΣΣΑΛΙΚΕΣ ΑΝΤΙΠΡΟΣΩΠΕΙΕΣ Ε.Π.Ε (095508794),095508794,ΘΕΣΣΑΛΙΚΕΣ ΑΝΤΙΠΡΟΣΩΠΕΙΕΣ Ε.Π.Ε (095508794),645.68,,
94ΟΑ4690ΒΩ-ΣΩ7,2026-07-29,ΕΝΤΑΛΜΑ ΠΛΗΡΩΜΗΣ ΣΟΦΙΑ  Ε. ΣΑΜΑΡΑ (067802931),067802931,ΣΟΦΙΑ  Ε. ΣΑΜΑΡΑ (067802931),1574.46,,
ΡΓ0Ρ4690ΒΩ-ΥΡΤ,2026-07-29,ΕΝΤΑΛΜΑ ΠΛΗΡΩΜΗΣ ΜΠΟΥΤΛΑΣ ΣΤ.ΣΠΥΡΙΔΩΝ (027877497),027877497,ΜΠΟΥΤΛΑΣ ΣΤ.ΣΠΥΡΙΔΩΝ (027877497),846.23,,
ΨΕΦΙ4690ΒΩ-ΣΕΛ,2026-07-29,ΕΝΤΑΛΜΑ ΠΛΗΡΩΜΗΣ ΜΕΒΓΑΛ Α.Ε. (094055557),094055557,ΜΕΒΓΑΛ Α.Ε. (094055557),21417.68,,
9ΖΠ54690ΒΩ-2ΛΟ,2026-08-05,ΕΝΤΑΛΜΑ ΠΛΗΡΩΜΗΣ ΕΠΑ ΘΕΣΣΑΛΟΝΙΚΗΣ-ΘΕΣΣΑΛΙΑΣ ΑΕ (997998048),997998048,ΕΠΑ ΘΕΣΣΑΛΟΝΙΚΗΣ-ΘΕΣΣΑΛΙΑΣ ΑΕ (997998048),474.72,,
ΡΟ614690ΒΩ-2Λ9,2026-08-05,ΕΝΤΑΛΜΑ ΠΛΗΡΩΜΗΣ ΕΠΑ ΘΕΣΣΑΛΟΝΙΚΗΣ-ΘΕΣΣΑΛΙΑΣ ΑΕ (997998048),997998048,ΕΠΑ ΘΕΣΣΑΛΟΝΙΚΗΣ-ΘΕΣΣΑΛΙΑΣ ΑΕ (997998048),173266.4,,
ΡΡ954690ΒΩ-ΙΩ4,2026-08-05,ΕΝΤΑΛΜΑ ΠΛΗΡΩΜΗΣ ΕΠΑ ΘΕΣΣΑΛΟΝΙΚΗΣ-ΘΕΣΣΑΛΙΑΣ ΑΕ (997998048),997998048,ΕΠΑ ΘΕΣΣΑΛΟΝΙΚΗΣ-ΘΕΣΣΑΛΙΑΣ ΑΕ (997998048),23700.25,,
ΨΙΑΛ4690ΒΩ-4Ψ7,2026-08-05,ΕΝΤΑΛΜΑ ΠΛΗΡΩΜΗΣ ΕΠΑ ΘΕΣΣΑΛΟΝΙΚΗΣ-ΘΕΣΣΑΛΙΑΣ ΑΕ (997998048),997998048,ΕΠΑ ΘΕΣΣΑΛΟΝΙΚΗΣ-ΘΕΣΣΑΛΙΑΣ ΑΕ (997998048),422.35,,
ΡΤΔΘ4690ΒΩ-32Ρ,2026-07-29,ΕΝΤΑΛΜΑ ΠΛΗΡΩΜΗΣ ΑΙΓΑΙΟΝ  Ε.Π.Ε. (997565624),997565624,ΑΙΓΑΙΟΝ  Ε.Π.Ε. (997565624),664.44,,
Ψ4ΥΠ4690ΒΩ-ΡΑΟ,2026-07-21,ΕΝΤΑΛΜΑ ΠΛΗΡΩΜΗΣ PHAREL ΜΟΝΟΠΡΟΣΩΠΗ ΙΚΕ (800745614),800745614,PHAREL ΜΟΝΟΠΡΟΣΩΠΗ ΙΚΕ (800745614),15530.52,,
6ΤΗ44690ΒΩ-ΞΧΝ,2026-07-21,ΕΝΤΑΛΜΑ ΠΛΗΡΩΜΗΣ PHAREL ΜΟΝΟΠΡΟΣΩΠΗ ΙΚΕ (800745614),800745614,PHAREL ΜΟΝΟΠΡΟΣΩΠΗ ΙΚΕ (800745614),17562.52,,
Ρ0ΘΝ4690ΒΩ-ΕΚ1,2026-07-21,ΕΝΤΑΛΜΑ ΠΛΗΡΩΜΗΣ ΤΡΑΠΕΖΑ  EUROBANK AE (094014250),094014250,ΤΡΑΠΕΖΑ  EUROBANK AE (094014250),4.0,,
9Ι3Ι4690ΒΩ-ΔΥΜ,2026-08-06,"ΕΙΣΦΟΡΕΣ ΥΠΕΡ ΕΦΚΑ ΔΙΕΚ (77,20) & ΙΕΚ (7,53) ΜΗΝΟΣ ΙΟΥΛΟΥ 2026",090003373,ΙΚΑ,84.73,,21903010011001
95ΤΠ4690ΒΩ-ΑΟ0,2026-08-04,ΕΝΤΑΛΜΑ ΠΛΗΡΩΜΗΣ ΚΥΡΙΑΚΙΔΗΣ Ι.Μ. Α.Ε. (094128820),094128820,ΚΥΡΙΑΚΙΔΗΣ Ι.Μ. Α.Ε. (094128820),49413.26,,
ΨΛΧΡ4690ΒΩ-ΕΨΜ,2026-08-04,ΕΝΤΑΛΜΑ ΠΛΗΡΩΜΗΣ MEDICON HELLAS AE (094240321),094240321,MEDICON HELLAS AE (094240321),39442.54,,
9ΑΓΧ4690ΒΩ-ΖΒ3,2026-08-04,ΕΝΤΑΛΜΑ ΠΛΗΡΩΜΗΣ ABBOTT LABORATORIES  ΕΛΛΑΣ  Α.Β.Ε.Ε. (094027257),094027257,ABBOTT LABORATORIES  ΕΛΛΑΣ  Α.Β.Ε.Ε. (094027257),70235.6,,
9ΤΟ44690ΒΩ-2ΗΑ,2026-08-04,ΕΝΤΑΛΜΑ ΠΛΗΡΩΜΗΣ ΒΙΟΚΟΣΜΟΣ ΜΟΡΙΑΚΗ Α.Ε. (801646486),801646486,ΒΙΟΚΟΣΜΟΣ ΜΟΡΙΑΚΗ Α.Ε. (801646486),26159.74,,
ΨΒΑΦ4690ΒΩ-ΛΕ8,2026-08-04,ΕΝΤΑΛΜΑ ΠΛΗΡΩΜΗΣ LERIVA ΔΙΑΓΝΩΣΤΙΚΑ Α.Ε (800356020),800356020,LERIVA ΔΙΑΓΝΩΣΤΙΚΑ Α.Ε (800356020),25048.86,,
Ψ6ΕΞ4690ΒΩ-7ΕΞ,2026-08-04,ΕΝΤΑΛΜΑ ΠΛΗΡΩΜΗΣ ABBOTT LABORATORIES  ΕΛΛΑΣ  Α.Β.Ε.Ε. (094027257),094027257,ABBOTT LABORATORIES  ΕΛΛΑΣ  Α.Β.Ε.Ε. (094027257),20744.25,,
ΡΗΝΡ4690ΒΩ-ΦΙΣ,2026-07-23,ΕΝΤΑΛΜΑ ΠΛΗΡΩΜΗΣ GILEAD SCIENCES ΕΛΛΑΣ ΜΟΝ.ΕΠΕ (099989853),099989853,GILEAD SCIENCES ΕΛΛΑΣ ΜΟΝ.ΕΠΕ (099989853),16.82,,
ΕΩΤΙ4690ΒΩ-Υ9Ε,2026-07-23,ΕΝΤΑΛΜΑ ΠΛΗΡΩΜΗΣ ASTELLAS PHARMACEUTICALS A.E.B.E. (999211645),999211645,ASTELLAS PHARMACEUTICALS A.E.B.E. (999211645),3284.19,,
ΡΥΤΜ4690ΒΩ-ΛΝΤ,2026-08-05,ΑΠΟΔΟΣΗ ΦΜΥ ΤΑΚΤΙΚΩΝ ΑΠΟΔΟΧΩΝ ΙΟΥΝΙΟΥ 2026 ΤΟΥ ΕΙΔΙΚΟΥ ΠΡΟΓΡΑΜΜΑΤΟΣ ΑΠΑΣΧΟΛΗΣΗΣ 1135 ΑΝΕΡΓΟΙ ΣΤΟ ΧΩΡΟ ΤΗΣ ΥΓΕΙΑΣ,090165560,ΥΠΟΥΡΓΕΙΟ ΟΙΚΟΝΟΜΙΚΩΝ ΓΕΝΙΚΗ   ΔIEYΘΥΝΣΗ  Δ ΚΗΣΥΠ ΞΗΣ Δ ΟΙΚ,20.55,,21903030024001
ΡΞΔ74690ΒΩ-4ΒΨ,2026-08-05,ΑΠΟΔΟΣΗ ΦΜΥ ΤΑΚΤΙΚΩΝ ΑΠΟΔΟΧΩΝ ΙΟΥΝΙΟΥ 2026 ΤΟΥ ΤΟΥ ΕΙΔΙΚΟΥ ΠΡΟΓΡΑΜΜΑΤΟΣ ΑΠΑΣΧΟΛΗΣΗΣ 500 ΤΡΑΥΜΑΤΙΟΦΟΡΕΩΝ,090165560,ΥΠΟΥΡΓΕΙΟ ΟΙΚΟΝΟΜΙΚΩΝ ΓΕΝΙΚΗ   ΔIEYΘΥΝΣΗ  Δ ΚΗΣΥΠ ΞΗΣ Δ ΟΙΚ,99.68,,21903030024001
ΨΙ7Ε4690ΒΩ-ΛΗΩ,2026-08-05,ΕΙΣΦΟΡΕΣ ΣΤΟΝ ΕΦΚΑ ΤΑΚΤΙΚΩΝ ΑΠΟΔΟΧΩΝ ΑΠΡΙΛΙΟΥ 2026 ΤΟΥ ΕΙΔΙΚΟΥ ΠΡΟΓΡΑΜΜΑΤΟΣ ΑΠΑΣΧΟΛΗΣΗΣ 500 ΤΡΑΥΜΑΤΙΟΦΟΡΕΩΝ,090003373,ΙΚΑ,1711.96,,21903010014001
9Λ6Η4690ΒΩ-ΔΚ0,2026-07-30,ΕΝΤΑΛΜΑ ΠΛΗΡΩΜΗΣ Ο.Τ.Ε.  ΒΟΛΟΥ (094019245),094019245,Ο.Τ.Ε.  ΒΟΛΟΥ (094019245),938.94,,24201010001001
ΨΝΞΞ4690ΒΩ-0ΝΞ,2026-08-05,ΕΙΣΦΟΡΕΣ ΣΤΟΝ ΕΦΚΑ ΤΑΚΤΙΚΩΝ ΑΠΟΔΟΧΩΝ ΑΠΡΙΛΙΟΥ 2026 ΤΟΥ ΕΙΔΙΚΟΥ ΠΡΟΓΡΑΜΜΑΤΟΣ ΑΠΑΣΧΟΛΗΣΗΣ 1135 ΑΝΕΡΓΟΙ ΣΤΟ ΧΩΡΟ ΤΗΣ ΥΓΕΙΑΣ,090003373,ΙΚΑ,789.37,,21903010014001
ΨΛ6Ξ4690ΒΩ-ΧΣΦ,2026-08-04,ΕΝΤΑΛΜΑ ΠΛΗΡΩΜΗΣ ΤΖΕΚΑ ΑΦΟΙ Ο.Ε (997663680),997663680,ΤΖΕΚΑ ΑΦΟΙ Ο.Ε (997663680),449.13,,
ΨΞΤΧ4690ΒΩ-Κ3Η,2026-08-04,ΕΝΤΑΛΜΑ ΠΛΗΡΩΜΗΣ ΜΑΥΡΟΓΕΝΗΣ ΑΝΑΣΤΑΣΙΟΣ ΑΕ ΙΑΤΡΟΤΕΧΝΟΛΟΓΙΚΑ ΕΙΔΗ (082525697),082525697,ΜΑΥΡΟΓΕΝΗΣ ΑΝΑΣΤΑΣΙΟΣ ΑΕ ΙΑΤΡΟΤΕΧΝΟΛΟΓΙΚΑ ΕΙΔΗ (082525697),298.6,,
Ρ7Γ74690ΒΩ-ΤΚ5,2026-08-04,ΕΝΤΑΛΜΑ ΠΛΗΡΩΜΗΣ ΤΖΕΚΑ ΑΦΟΙ Ο.Ε (997663680),997663680,ΤΖΕΚΑ ΑΦΟΙ Ο.Ε (997663680),1033.97,,
ΨΕΞΝ4690ΒΩ-1Φ5,2026-08-04,ΕΝΤΑΛΜΑ ΠΛΗΡΩΜΗΣ ΜΑΥΡΟΓΕΝΗΣ ΑΝΑΣΤΑΣΙΟΣ ΑΕ ΙΑΤΡΟΤΕΧΝΟΛΟΓΙΚΑ ΕΙΔΗ (082525697),082525697,ΜΑΥΡΟΓΕΝΗΣ ΑΝΑΣΤΑΣΙΟΣ ΑΕ ΙΑΤΡΟΤΕΧΝΟΛΟΓΙΚΑ ΕΙΔΗ (082525697),2622.2,,
ΨΩΧ04690ΒΩ-Φ45,2026-08-04,ΕΝΤΑΛΜΑ ΠΛΗΡΩΜΗΣ ΜΑΥΡΟΓΕΝΗΣ ΑΝΑΣΤΑΣΙΟΣ ΑΕ ΙΑΤΡΟΤΕΧΝΟΛΟΓΙΚΑ ΕΙΔΗ (082525697),082525697,ΜΑΥΡΟΓΕΝΗΣ ΑΝΑΣΤΑΣΙΟΣ ΑΕ ΙΑΤΡΟΤΕΧΝΟΛΟΓΙΚΑ ΕΙΔΗ (082525697),2728.0,,
ΨΟΒΨ4690ΒΩ-ΛΥ9,2026-08-04,ΕΝΤΑΛΜΑ ΠΛΗΡΩΜΗΣ ΜΑΥΡΟΓΕΝΗΣ ΑΝΑΣΤΑΣΙΟΣ ΑΕ ΙΑΤΡΟΤΕΧΝΟΛΟΓΙΚΑ ΕΙΔΗ (082525697),082525697,ΜΑΥΡΟΓΕΝΗΣ ΑΝΑΣΤΑΣΙΟΣ ΑΕ ΙΑΤΡΟΤΕΧΝΟΛΟΓΙΚΑ ΕΙΔΗ (082525697),3484.4,,
Ψ9Π54690ΒΩ-Η3Ο,2026-08-04,ΕΝΤΑΛΜΑ ΠΛΗΡΩΜΗΣ ΜΑΥΡΟΓΕΝΗΣ ΑΝΑΣΤΑΣΙΟΣ ΑΕ ΙΑΤΡΟΤΕΧΝΟΛΟΓΙΚΑ ΕΙΔΗ (082525697),082525697,ΜΑΥΡΟΓΕΝΗΣ ΑΝΑΣΤΑΣΙΟΣ ΑΕ ΙΑΤΡΟΤΕΧΝΟΛΟΓΙΚΑ ΕΙΔΗ (082525697),2293.67,,
62ΜΙ4690ΒΩ-Ξ7Β,2026-08-04,ΕΝΤΑΛΜΑ ΠΛΗΡΩΜΗΣ Ipirotiki Facility Services  Α.Ε. (998309282),998309282,Ipirotiki Facility Services  Α.Ε. (998309282),12455.8,,
ΨΕ324690ΒΩ-Υ53,2026-08-04,ΕΝΤΑΛΜΑ ΠΛΗΡΩΜΗΣ Ipirotiki Facility Services  Α.Ε. (998309282),998309282,Ipirotiki Facility Services  Α.Ε. (998309282),73336.76,,
9ΦΨΩ4690ΒΩ-ΡΝΤ,2026-08-04,ΕΝΤΑΛΜΑ ΠΛΗΡΩΜΗΣ ΜΑΥΡΟΓΕΝΗΣ ΑΝΑΣΤΑΣΙΟΣ ΑΕ ΙΑΤΡΟΤΕΧΝΟΛΟΓΙΚΑ ΕΙΔΗ (082525697),082525697,ΜΑΥΡΟΓΕΝΗΣ ΑΝΑΣΤΑΣΙΟΣ ΑΕ ΙΑΤΡΟΤΕΧΝΟΛΟΓΙΚΑ ΕΙΔΗ (082525697),8943.09,,
9ΠΓΘ4690ΒΩ-ΞΨΔ,2026-08-04,ΕΝΤΑΛΜΑ ΠΛΗΡΩΜΗΣ ΜΑΥΡΟΓΕΝΗΣ ΑΝΑΣΤΑΣΙΟΣ ΑΕ ΙΑΤΡΟΤΕΧΝΟΛΟΓΙΚΑ ΕΙΔΗ (082525697),082525697,ΜΑΥΡΟΓΕΝΗΣ ΑΝΑΣΤΑΣΙΟΣ ΑΕ ΙΑΤΡΟΤΕΧΝΟΛΟΓΙΚΑ ΕΙΔΗ (082525697),19287.39,,
9ΩΞΥ4690ΒΩ-Κ2Ω,2026-08-04,ΕΝΤΑΛΜΑ ΠΛΗΡΩΜΗΣ ΜΑΥΡΟΓΕΝΗΣ ΑΝΑΣΤΑΣΙΟΣ ΑΕ ΙΑΤΡΟΤΕΧΝΟΛΟΓΙΚΑ ΕΙΔΗ (082525697),082525697,ΜΑΥΡΟΓΕΝΗΣ ΑΝΑΣΤΑΣΙΟΣ ΑΕ ΙΑΤΡΟΤΕΧΝΟΛΟΓΙΚΑ ΕΙΔΗ (082525697),11796.07,,
6ΤΖΜ4690ΒΩ-Τ3Ρ,2026-08-04,ΕΝΤΑΛΜΑ ΠΛΗΡΩΜΗΣ ΜΑΥΡΟΓΕΝΗΣ ΑΝΑΣΤΑΣΙΟΣ ΑΕ ΙΑΤΡΟΤΕΧΝΟΛΟΓΙΚΑ ΕΙΔΗ (082525697),082525697,ΜΑΥΡΟΓΕΝΗΣ ΑΝΑΣΤΑΣΙΟΣ ΑΕ ΙΑΤΡΟΤΕΧΝΟΛΟΓΙΚΑ ΕΙΔΗ (082525697),55638.8,,
6Δ8Ν4690ΒΩ-8ΤΑ,2026-07-30,ΕΝΤΑΛΜΑ ΠΛΗΡΩΜΗΣ Ο.Τ.Ε.  ΒΟΛΟΥ (094019245),094019245,Ο.Τ.Ε.  ΒΟΛΟΥ (094019245),307.52,,
ΨΓ3Θ4690ΒΩ-ΦΞΚ,2026-07-30,ΕΝΤΑΛΜΑ ΠΛΗΡΩΜΗΣ Ο.Τ.Ε.  ΒΟΛΟΥ (094019245),094019245,Ο.Τ.Ε.  ΒΟΛΟΥ (094019245),247.58,,
ΨΠ4Θ4690ΒΩ-5Σ5,2026-07-30,ΕΝΤΑΛΜΑ ΠΛΗΡΩΜΗΣ Ο.Τ.Ε.  ΒΟΛΟΥ (094019245),094019245,Ο.Τ.Ε.  ΒΟΛΟΥ (094019245),586.82,,
9Ε4Κ4690ΒΩ-ΞΘΛ,2026-07-30,ΕΝΤΑΛΜΑ ΠΛΗΡΩΜΗΣ Ο.Τ.Ε.  ΒΟΛΟΥ (094019245),094019245,Ο.Τ.Ε.  ΒΟΛΟΥ (094019245),161.12,,
9ΚΩΞ4690ΒΩ-7ΣΥ,2026-07-30,ΕΝΤΑΛΜΑ ΠΛΗΡΩΜΗΣ Ο.Τ.Ε.  ΒΟΛΟΥ (094019245),094019245,Ο.Τ.Ε.  ΒΟΛΟΥ (094019245),68.7,,
6ΥΔΡ4690ΒΩ-ΗΚΔ,2026-07-30,ΕΝΤΑΛΜΑ ΠΛΗΡΩΜΗΣ Ο.Τ.Ε.  ΒΟΛΟΥ (094019245),094019245,Ο.Τ.Ε.  ΒΟΛΟΥ (094019245),307.52,,
63794690ΒΩ-ΘΜΝ,2026-07-30,ΕΝΤΑΛΜΑ ΠΛΗΡΩΜΗΣ Ο.Τ.Ε.  ΒΟΛΟΥ (094019245),094019245,Ο.Τ.Ε.  ΒΟΛΟΥ (094019245),158.98,,
65ΥΟ4690ΒΩ-Θ5Λ,2026-07-30,ΕΝΤΑΛΜΑ ΠΛΗΡΩΜΗΣ Ο.Τ.Ε.  ΒΟΛΟΥ (094019245),094019245,Ο.Τ.Ε.  ΒΟΛΟΥ (094019245),307.52,,
Ψ2274690ΒΩ-02Κ,2026-07-30,ΕΝΤΑΛΜΑ ΠΛΗΡΩΜΗΣ Ο.Τ.Ε.  ΒΟΛΟΥ (094019245),094019245,Ο.Τ.Ε.  ΒΟΛΟΥ (094019245),75.02,,
ΨΜ0Η4690ΒΩ-7ΨΤ,2026-07-30,ΕΝΤΑΛΜΑ ΠΛΗΡΩΜΗΣ Ο.Τ.Ε.  ΒΟΛΟΥ (094019245),094019245,Ο.Τ.Ε.  ΒΟΛΟΥ (094019245),4109.39,,
ΨΥ2Τ4690ΒΩ-Β74,2026-07-30,ΕΝΤΑΛΜΑ ΠΛΗΡΩΜΗΣ Ο.Τ.Ε.  ΒΟΛΟΥ (094019245),094019245,Ο.Τ.Ε.  ΒΟΛΟΥ (094019245),593.73,,
Ψ7ΟΩ4690ΒΩ-3Υ2,2026-07-30,ΕΝΤΑΛΜΑ ΠΛΗΡΩΜΗΣ Ο.Τ.Ε.  ΒΟΛΟΥ (094019245),094019245,Ο.Τ.Ε.  ΒΟΛΟΥ (094019245),307.52,,
6ΜΛΖ4690ΒΩ-ΔΞΣ,2026-07-30,ΕΝΤΑΛΜΑ ΠΛΗΡΩΜΗΣ Ο.Τ.Ε.  ΒΟΛΟΥ (094019245),094019245,Ο.Τ.Ε.  ΒΟΛΟΥ (094019245),68.52,,
9ΓΖΗ4690ΒΩ-ΟΥΑ,2026-07-30,ΕΝΤΑΛΜΑ ΠΛΗΡΩΜΗΣ Ο.Τ.Ε.  ΒΟΛΟΥ (094019245),094019245,Ο.Τ.Ε.  ΒΟΛΟΥ (094019245),68.52,,
ΨΠΤ74690ΒΩ-ΩΚΡ,2026-07-30,ΕΝΤΑΛΜΑ ΠΛΗΡΩΜΗΣ Ο.Τ.Ε.  ΒΟΛΟΥ (094019245),094019245,Ο.Τ.Ε.  ΒΟΛΟΥ (094019245),94.56,,
Ψ4ΓΤ4690ΒΩ-ΘΣ1,2026-07-30,ΕΝΤΑΛΜΑ ΠΛΗΡΩΜΗΣ Ο.Τ.Ε.  ΒΟΛΟΥ (094019245),094019245,Ο.Τ.Ε.  ΒΟΛΟΥ (094019245),68.52,,
659Ν4690ΒΩ-ΣΓΝ,2026-07-29,ΕΝΤΑΛΜΑ ΠΛΗΡΩΜΗΣ ΑΦΟΙ Η. ΦΟΥΦΑ  Α.Ε (094355230),094355230,ΑΦΟΙ Η. ΦΟΥΦΑ  Α.Ε (094355230),13710.29,,
9ΕΛΣ4690ΒΩ-Ρ0Γ,2026-07-28,ΕΝΤΑΛΜΑ ΠΛΗΡΩΜΗΣ ΚΟΣΜΙΔΗΣ  ΧΑΡ. ΠΕΤΡΟΣ     ΣΙΑ  Ε.Ε. (999685389),999685389,ΚΟΣΜΙΔΗΣ  ΧΑΡ. ΠΕΤΡΟΣ     ΣΙΑ  Ε.Ε. (999685389),922.2,,
9ΜΚ24690ΒΩ-1ΔΣ,2026-07-28,ΕΝΤΑΛΜΑ ΠΛΗΡΩΜΗΣ ΚΟΣΜΙΔΗΣ  ΧΑΡ. ΠΕΤΡΟΣ     ΣΙΑ  Ε.Ε. (999685389),999685389,ΚΟΣΜΙΔΗΣ  ΧΑΡ. ΠΕΤΡΟΣ     ΣΙΑ  Ε.Ε. (999685389),18294.91,,
ΨΦΡΓ4690ΒΩ-ΞΓΒ,2026-07-28,ΕΝΤΑΛΜΑ ΠΛΗΡΩΜΗΣ OPEN CARE  IKE (800423557),800423557,OPEN CARE  IKE (800423557),1629.86,,
9ΠΚΚ4690ΒΩ-Ν0Ω,2026-07-22,ΕΝΤΑΛΜΑ ΠΛΗΡΩΜΗΣ MILIMED AE (997802230),997802230,MILIMED AE (997802230),2423.09,,
6ΑΔ64690ΒΩ-04Λ,2026-07-22,ΕΝΤΑΛΜΑ ΠΛΗΡΩΜΗΣ ΤΡΑΠΕΖΑ  EUROBANK AE (094014250),094014250,ΤΡΑΠΕΖΑ  EUROBANK AE (094014250),4.0,,
96194690ΒΩ-Ζ2Κ,2026-07-31,ΕΝΤΑΛΜΑ ΠΛΗΡΩΜΗΣ ΤΡΑΠΕΖΑ  EUROBANK AE (094014250),094014250,ΤΡΑΠΕΖΑ  EUROBANK AE (094014250),1.2,,
ΨΣ5Κ4690ΒΩ-1ΒΛ,2026-07-21,ΕΝΤΑΛΜΑ ΠΛΗΡΩΜΗΣ ΑΡΘΡΩΣΙΣ Α.Ε (082899566),082899566,ΑΡΘΡΩΣΙΣ Α.Ε (082899566),1243.88,,
65ΜΧ4690ΒΩ-Θ69,2026-07-22,ΕΝΤΑΛΜΑ ΠΛΗΡΩΜΗΣ DEVELOPED MEDICAL PRODUCTS SERVICES  LTD (998333221),998333221,DEVELOPED MEDICAL PRODUCTS SERVICES  LTD (998333221),4896.74,,
9Θ0Π4690ΒΩ-ΡΦΝ,2026-07-22,ΕΝΤΑΛΜΑ ΠΛΗΡΩΜΗΣ CLINILAB  Α.   Ε. ΜΠΕΚΥΡΑΣ Α.Ε (095548153),095548153,CLINILAB  Α.   Ε. ΜΠΕΚΥΡΑΣ Α.Ε (095548153),2168.47,,
9ΗΗΖ4690ΒΩ-Φ7Ξ,2026-07-22,ΕΝΤΑΛΜΑ ΠΛΗΡΩΜΗΣ MEDIPLAT ΕΠΕ (800500360),800500360,MEDIPLAT ΕΠΕ (800500360),5725.12,,
ΨΓ034690ΒΩ-ΒΙ9,2026-07-22,ΕΝΤΑΛΜΑ ΠΛΗΡΩΜΗΣ DEVELOPED MEDICAL PRODUCTS SERVICES  LTD (998333221),998333221,DEVELOPED MEDICAL PRODUCTS SERVICES  LTD (998333221),5301.96,,
62Ι84690ΒΩ-Ξ96,2026-07-22,ΕΝΤΑΛΜΑ ΠΛΗΡΩΜΗΣ ΤΡΑΠΕΖΑ  EUROBANK AE (094014250),094014250,ΤΡΑΠΕΖΑ  EUROBANK AE (094014250),4.0,,
Ψ2ΠΦ4690ΒΩ-79Ξ,2026-07-22,ΕΝΤΑΛΜΑ ΠΛΗΡΩΜΗΣ DEVELOPED MEDICAL PRODUCTS SERVICES  LTD (998333221),998333221,DEVELOPED MEDICAL PRODUCTS SERVICES  LTD (998333221),32053.28,,
99ΙΞ4690ΒΩ-ΚΡ8,2026-07-22,ΕΝΤΑΛΜΑ ΠΛΗΡΩΜΗΣ ATRON HEALTH A.E. (800519113),800519113,ATRON HEALTH A.E. (800519113),17273.21,,
Ε7Σ84690ΒΩ-ΤΓ7,2026-07-24,ΕΝΤΑΛΜΑ ΠΛΗΡΩΜΗΣ ΑΓΚΦΑ-ΓΚΕΒΕΡΤ ΜΟΝ/ΠΗ ΑΕΒΕ (ΠΡΩΗΝ ΑΓΚΦΑ ΓΚΕΒΕΡΤ ΑΕΒΕ) (094025805),094025805,ΑΓΚΦΑ-ΓΚΕΒΕΡΤ ΜΟΝ/ΠΗ ΑΕΒΕ (ΠΡΩΗΝ ΑΓΚΦΑ ΓΚΕΒΕΡΤ ΑΕΒΕ) (094025805),6045.0,,
9ΛΙ14690ΒΩ-ΗΔΝ,2026-07-24,ΕΝΤΑΛΜΑ ΠΛΗΡΩΜΗΣ ΚΑΤΣΙΒΕΛΟΣ Γ. ΙΩΑΝΝΗΣ (143498612),143498612,ΚΑΤΣΙΒΕΛΟΣ Γ. ΙΩΑΝΝΗΣ (143498612),24202.32,,
ΡΕΔΜ4690ΒΩ-ΥΩ1,2026-07-22,ΕΝΤΑΛΜΑ ΠΛΗΡΩΜΗΣ ΠΡΩΤΟΝ A.E. (094442268),094442268,ΠΡΩΤΟΝ A.E. (094442268),1049.0,,
ΡΚΩΧ4690ΒΩ-ΠΕ5,2026-07-23,ΕΝΤΑΛΜΑ ΠΛΗΡΩΜΗΣ ICON DYNAMICS ΙΑΤΡΙΚΑ ΜΗΧΑΝΗΜΑΤΑ ΙΚΕ (998860010),998860010,ICON DYNAMICS ΙΑΤΡΙΚΑ ΜΗΧΑΝΗΜΑΤΑ ΙΚΕ (998860010),10250.0,,
6Ν7Ο4690ΒΩ-Δ2Υ,2026-07-22,ΕΝΤΑΛΜΑ ΠΛΗΡΩΜΗΣ ΠΑΠΑΠΟΣΤΟΛΟΥ Ν. ΑΕ (095029193),095029193,ΠΑΠΑΠΟΣΤΟΛΟΥ Ν. ΑΕ (095029193),19257.2,,
Ψ32Γ4690ΒΩ-07Α,2026-07-22,ΕΝΤΑΛΜΑ ΠΛΗΡΩΜΗΣ HOSPITECNICA ΕΠΕ (095526068),095526068,HOSPITECNICA ΕΠΕ (095526068),15717.0,,
9ΖΓ54690ΒΩ-Ν28,2026-07-22,ΕΝΤΑΛΜΑ ΠΛΗΡΩΜΗΣ GE HEALTHCARE ΕΜΠΟΡΙΚΗ ΚΑΙ ΒΙΟΜΗΧΑΝΙΚΗ Α.Ε (094472918),094472918,GE HEALTHCARE ΕΜΠΟΡΙΚΗ ΚΑΙ ΒΙΟΜΗΧΑΝΙΚΗ Α.Ε (094472918),27084.7,,
6ΖΣΕ4690ΒΩ-ΟΗ2,2026-07-22,ΕΝΤΑΛΜΑ ΠΛΗΡΩΜΗΣ ΠΑΠΑΠΟΣΤΟΛΟΥ Ν. ΑΕ (095029193),095029193,ΠΑΠΑΠΟΣΤΟΛΟΥ Ν. ΑΕ (095029193),10473.66,,
ΨΤΩΙ4690ΒΩ-Ψ3Α,2026-07-23,ΕΝΤΑΛΜΑ ΠΛΗΡΩΜΗΣ ΠΑΛΗΚΑΡΑΣ Γ. ΒΑΣΙΛΕΙΟΣ (037779844),037779844,ΠΑΛΗΚΑΡΑΣ Γ. ΒΑΣΙΛΕΙΟΣ (037779844),4340.0,,
6ΜΨΥ4690ΒΩ-ΡΙ4,2026-07-23,ΕΝΤΑΛΜΑ ΠΛΗΡΩΜΗΣ ΑΓΚΦΑ-ΓΚΕΒΕΡΤ ΜΟΝ/ΠΗ ΑΕΒΕ (ΠΡΩΗΝ ΑΓΚΦΑ ΓΚΕΒΕΡΤ ΑΕΒΕ) (094025805),094025805,ΑΓΚΦΑ-ΓΚΕΒΕΡΤ ΜΟΝ/ΠΗ ΑΕΒΕ (ΠΡΩΗΝ ΑΓΚΦΑ ΓΚΕΒΕΡΤ ΑΕΒΕ) (094025805),3999.99,,
6ΑΡ04690ΒΩ-Β6Κ,2026-07-23,ΕΝΤΑΛΜΑ ΠΛΗΡΩΜΗΣ INTER MEDICA  ΕΜΜ. Τ. ΤΖΑΝΙΔΑΚΗΣ (011651035),011651035,INTER MEDICA  ΕΜΜ. Τ. ΤΖΑΝΙΔΑΚΗΣ (011651035),9461.2,,
Ψ7ΦΡ4690ΒΩ-Φ73,2026-07-21,ΕΝΤΑΛΜΑ ΠΛΗΡΩΜΗΣ SWEDISH SYSTEMS SECURITY ΜΟΝ. Ε.Π.Ε. (099796300),099796300,SWEDISH SYSTEMS SECURITY ΜΟΝ. Ε.Π.Ε. (099796300),17938.67,,
