ada,issue_date,subject,supplier_afm,supplier_name,amount_eur,reason
ΩΖΤ64690Β3-ΞΘΡ,2021-12-28,ΕΝΤΑΛΜΑ ΠΛΗΡΩΜΗΣ ΑΠΟΖΗΜΙΩΣΗ ΓΙΑ ΝΥΧΤΕΡΙΝΑ-ΕΞΑΙΡΕΣΙΜΑ-ΥΠΕΡΩΡ.ΑΠΑΣΧΟΛΗΣΗ (001628),,,100.32,anonymous sponsor (empty sponsorAFMName)
6ΘΞΔ4690Β3-ΜΓ5,2021-12-28,ΕΝΤΑΛΜΑ ΠΛΗΡΩΜΗΣ ΑΠΟΖΗΜΙΩΣΗ ΓΙΑ ΝΥΧΤΕΡΙΝΑ-ΕΞΑΙΡΕΣΙΜΑ-ΥΠΕΡΩΡ.ΑΠΑΣΧΟΛΗΣΗ (001628),,,1825.81,anonymous sponsor (empty sponsorAFMName)
65ΕΤ4690Β3-7ΑΧ,2021-12-28,ΕΝΤΑΛΜΑ ΠΛΗΡΩΜΗΣ ΑΠΟΖΗΜΙΩΣΗ ΓΙΑ ΝΥΧΤΕΡΙΝΑ-ΕΞΑΙΡΕΣΙΜΑ-ΥΠΕΡΩΡ.ΑΠΑΣΧΟΛΗΣΗ (001628),,,138.84,anonymous sponsor (empty sponsorAFMName)
6ΣΖΣ4690Β3-ΝΙΑ,2021-12-28,ΕΝΤΑΛΜΑ ΠΛΗΡΩΜΗΣ ΑΠΟΖΗΜΙΩΣΗ ΓΙΑ ΝΥΧΤΕΡΙΝΑ-ΕΞΑΙΡΕΣΙΜΑ-ΥΠΕΡΩΡ.ΑΠΑΣΧΟΛΗΣΗ (001628),,,3198.07,anonymous sponsor (empty sponsorAFMName)
ΩΧΓ64690Β3-814,2021-12-28,ΕΝΤΑΛΜΑ ΠΛΗΡΩΜΗΣ ΑΠΟΖΗΜΙΩΣΗ ΓΙΑ ΝΥΧΤΕΡΙΝΑ-ΕΞΑΙΡΕΣΙΜΑ-ΥΠΕΡΩΡ.ΑΠΑΣΧΟΛΗΣΗ (001628),,,6261.96,anonymous sponsor (empty sponsorAFMName)
6ΥΛΖ4690Β3-ΦΕΚ,2021-12-28,ΕΝΤΑΛΜΑ ΠΛΗΡΩΜΗΣ ΑΠΟΖΗΜΙΩΣΗ ΓΙΑ ΝΥΧΤΕΡΙΝΑ-ΕΞΑΙΡΕΣΙΜΑ-ΥΠΕΡΩΡ.ΑΠΑΣΧΟΛΗΣΗ (001628),,,1645.81,anonymous sponsor (empty sponsorAFMName)
6ΒΥΚ4690Β3-4ΑΝ,2021-12-28,ΕΝΤΑΛΜΑ ΠΛΗΡΩΜΗΣ ΑΠΟΖΗΜΙΩΣΗ ΓΙΑ ΝΥΧΤΕΡΙΝΑ-ΕΞΑΙΡΕΣΙΜΑ-ΥΠΕΡΩΡ.ΑΠΑΣΧΟΛΗΣΗ (001628),,,1064.56,anonymous sponsor (empty sponsorAFMName)
Ψ4ΓΛ4690Β3-5Β6,2021-12-28,ΕΝΤΑΛΜΑ ΠΛΗΡΩΜΗΣ ΑΠΟΖΗΜΙΩΣΗ ΓΙΑ ΝΥΧΤΕΡΙΝΑ-ΕΞΑΙΡΕΣΙΜΑ-ΥΠΕΡΩΡ.ΑΠΑΣΧΟΛΗΣΗ (001628),,,402.93,anonymous sponsor (empty sponsorAFMName)
6Ρ894690Β3-ΟΔ9,2021-12-28,ΕΝΤΑΛΜΑ ΠΛΗΡΩΜΗΣ ΑΠΟΖΗΜΙΩΣΗ ΓΙΑ ΝΥΧΤΕΡΙΝΑ-ΕΞΑΙΡΕΣΙΜΑ-ΥΠΕΡΩΡ.ΑΠΑΣΧΟΛΗΣΗ (001628),,,95.28,anonymous sponsor (empty sponsorAFMName)
ΩΔΨΜ4690Β3-3Λ6,2021-12-28,ΕΝΤΑΛΜΑ ΠΛΗΡΩΜΗΣ ΑΠΟΖΗΜΙΩΣΗ ΓΙΑ ΝΥΧΤΕΡΙΝΑ-ΕΞΑΙΡΕΣΙΜΑ-ΥΠΕΡΩΡ.ΑΠΑΣΧΟΛΗΣΗ (001628),,,5426.28,anonymous sponsor (empty sponsorAFMName)
ΨΩΣΒ4690Β3-Σ1Ρ,2021-12-28,ΕΝΤΑΛΜΑ ΠΛΗΡΩΜΗΣ ΑΠΟΖΗΜΙΩΣΗ ΓΙΑ ΝΥΧΤΕΡΙΝΑ-ΕΞΑΙΡΕΣΙΜΑ-ΥΠΕΡΩΡ.ΑΠΑΣΧΟΛΗΣΗ (001628),,,1495.50,anonymous sponsor (empty sponsorAFMName)
6Γ6Σ4690Β3-ΤΕΑ,2021-12-28,ΕΝΤΑΛΜΑ ΠΛΗΡΩΜΗΣ ΑΠΟΖΗΜΙΩΣΗ ΓΙΑ ΝΥΧΤΕΡΙΝΑ-ΕΞΑΙΡΕΣΙΜΑ-ΥΠΕΡΩΡ.ΑΠΑΣΧΟΛΗΣΗ (001628),,,47.03,anonymous sponsor (empty sponsorAFMName)
ΩΖΨΟ4690Β3-7ΦΟ,2021-12-28,ΕΝΤΑΛΜΑ ΠΛΗΡΩΜΗΣ ΑΠΟΖΗΜΙΩΣΗ ΓΙΑ ΝΥΧΤΕΡΙΝΑ-ΕΞΑΙΡΕΣΙΜΑ-ΥΠΕΡΩΡ.ΑΠΑΣΧΟΛΗΣΗ (001628),,,271.90,anonymous sponsor (empty sponsorAFMName)
65ΓΛ4690Β3-8ΟΚ,2021-12-28,ΕΝΤΑΛΜΑ ΠΛΗΡΩΜΗΣ ΑΠΟΖΗΜΙΩΣΗ ΓΙΑ ΝΥΧΤΕΡΙΝΑ-ΕΞΑΙΡΕΣΙΜΑ-ΥΠΕΡΩΡ.ΑΠΑΣΧΟΛΗΣΗ (001628),,,13885.83,anonymous sponsor (empty sponsorAFMName)
614Θ4690Β3-7ΛΓ,2021-12-28,ΕΝΤΑΛΜΑ ΠΛΗΡΩΜΗΣ ΑΠΟΖΗΜΙΩΣΗ ΓΙΑ ΝΥΧΤΕΡΙΝΑ-ΕΞΑΙΡΕΣΙΜΑ-ΥΠΕΡΩΡ.ΑΠΑΣΧΟΛΗΣΗ (001628),,,980.07,anonymous sponsor (empty sponsorAFMName)
6Μ8Ξ4690Β3-ΓΓΖ,2021-12-28,ΕΝΤΑΛΜΑ ΠΛΗΡΩΜΗΣ ΑΠΟΖΗΜΙΩΣΗ ΓΙΑ ΝΥΧΤΕΡΙΝΑ-ΕΞΑΙΡΕΣΙΜΑ-ΥΠΕΡΩΡ.ΑΠΑΣΧΟΛΗΣΗ (001628),,,325.84,anonymous sponsor (empty sponsorAFMName)
ΩΑΞΦ4690Β3-3ΦΚ,2021-12-28,ΕΝΤΑΛΜΑ ΠΛΗΡΩΜΗΣ ΑΠΟΖΗΜΙΩΣΗ ΓΙΑ ΝΥΧΤΕΡΙΝΑ-ΕΞΑΙΡΕΣΙΜΑ-ΥΠΕΡΩΡ.ΑΠΑΣΧΟΛΗΣΗ (001628),,,1264.43,anonymous sponsor (empty sponsorAFMName)
Ω1ΙΩ4690Β3-ΣΨΟ,2021-12-28,ΕΝΤΑΛΜΑ ΠΛΗΡΩΜΗΣ ΑΠΟΖΗΜΙΩΣΗ ΓΙΑ ΝΥΧΤΕΡΙΝΑ-ΕΞΑΙΡΕΣΙΜΑ-ΥΠΕΡΩΡ.ΑΠΑΣΧΟΛΗΣΗ (001628),,,6306.73,anonymous sponsor (empty sponsorAFMName)
6Μ514690Β3-Ν7Η,2021-12-28,ΕΝΤΑΛΜΑ ΠΛΗΡΩΜΗΣ ΑΠΟΖΗΜΙΩΣΗ ΓΙΑ ΝΥΧΤΕΡΙΝΑ-ΕΞΑΙΡΕΣΙΜΑ-ΥΠΕΡΩΡ.ΑΠΑΣΧΟΛΗΣΗ (001628),,,1403.93,anonymous sponsor (empty sponsorAFMName)
ΩΙ304690Β3-Τ8Ω,2021-12-28,ΕΝΤΑΛΜΑ ΠΛΗΡΩΜΗΣ ΑΠΟΖΗΜΙΩΣΗ ΓΙΑ ΝΥΧΤΕΡΙΝΑ-ΕΞΑΙΡΕΣΙΜΑ-ΥΠΕΡΩΡ.ΑΠΑΣΧΟΛΗΣΗ (001628),,,1024.39,anonymous sponsor (empty sponsorAFMName)
6ΤΨ94690Β3-ΡΤΙ,2021-12-28,ΕΝΤΑΛΜΑ ΠΛΗΡΩΜΗΣ ΑΠΟΖΗΜΙΩΣΗ ΓΙΑ ΝΥΧΤΕΡΙΝΑ-ΕΞΑΙΡΕΣΙΜΑ-ΥΠΕΡΩΡ.ΑΠΑΣΧΟΛΗΣΗ (001628),,,4895.83,anonymous sponsor (empty sponsorAFMName)
Ω8Ψ24690Β3-0ΦΕ,2021-12-23,ΕΝΤΑΛΜΑ ΠΛΗΡΩΜΗΣ ΑΠΟΖΗΜΙΩΣΗ ΕΦΗΜΕΡΙΩΝ (002535),,,1032.94,anonymous sponsor (empty sponsorAFMName)
ΩΜΤΞ4690Β3-ΤΙΑ,2021-12-23,ΕΝΤΑΛΜΑ ΠΛΗΡΩΜΗΣ ΑΠΟΖΗΜΙΩΣΗ ΕΦΗΜΕΡΙΩΝ (002535),,,16201.23,anonymous sponsor (empty sponsorAFMName)
Ψ9ΔΜ4690Β3-ΔΓ5,2021-12-23,ΕΝΤΑΛΜΑ ΠΛΗΡΩΜΗΣ ΑΠΟΖΗΜΙΩΣΗ ΕΦΗΜΕΡΙΩΝ (002535),,,96000.86,anonymous sponsor (empty sponsorAFMName)
6Θ544690Β3-ΤΗΥ,2021-12-23,ΕΝΤΑΛΜΑ ΠΛΗΡΩΜΗΣ ΑΠΟΖΗΜΙΩΣΗ ΕΦΗΜΕΡΙΩΝ (002535),,,1758.48,anonymous sponsor (empty sponsorAFMName)
6ΕΓΧ4690Β3-ΞΗΒ,2021-12-23,ΕΝΤΑΛΜΑ ΠΛΗΡΩΜΗΣ ΑΠΟΖΗΜΙΩΣΗ ΕΦΗΜΕΡΙΩΝ (002535),,,26284.20,anonymous sponsor (empty sponsorAFMName)
6ΖΛ34690Β3-Δ24,2021-12-23,ΕΝΤΑΛΜΑ ΠΛΗΡΩΜΗΣ ΑΠΟΖΗΜΙΩΣΗ ΕΦΗΜΕΡΙΩΝ (002535),,,1279.50,anonymous sponsor (empty sponsorAFMName)
67214690Β3-ΑΥ2,2021-12-23,ΕΝΤΑΛΜΑ ΠΛΗΡΩΜΗΣ ΑΠΟΖΗΜΙΩΣΗ ΕΦΗΜΕΡΙΩΝ (002535),,,526.82,anonymous sponsor (empty sponsorAFMName)
6ΓΞ04690Β3-ΡΒ9,2021-12-23,ΕΝΤΑΛΜΑ ΠΛΗΡΩΜΗΣ ΑΠΟΖΗΜΙΩΣΗ ΕΦΗΜΕΡΙΩΝ (002535),,,8223.29,anonymous sponsor (empty sponsorAFMName)
61ΙΩ4690Β3-Κ4Τ,2021-12-23,ΕΝΤΑΛΜΑ ΠΛΗΡΩΜΗΣ ΑΠΟΖΗΜΙΩΣΗ ΕΦΗΜΕΡΙΩΝ (002535),,,3382.12,anonymous sponsor (empty sponsorAFMName)
6ΝΞ44690Β3-ΜΦ8,2021-12-22,ΕΝΤΑΛΜΑ ΠΛΗΡΩΜΗΣ ΚΡΑΤ.3391-54.03.00.0001 Φ.Μ.Υ. (001512),,,100.81,anonymous sponsor (empty sponsorAFMName)
ΨΠΚΜ4690Β3-5ΒΩ,2021-12-22,ΕΝΤΑΛΜΑ ΠΛΗΡΩΜΗΣ ΚΡΑΤ.3391-54.03.00.0001 Φ.Μ.Υ. (001512),,,245.80,anonymous sponsor (empty sponsorAFMName)
ΩΜ1Υ4690Β3-ΩΚΨ,2021-12-22,ΕΝΤΑΛΜΑ ΠΛΗΡΩΜΗΣ ΕΙΣΦΟΡΕΣ ΑΠΑΣΧ/ΝΩΝ ΟΑΕΔ ΜΕΣΩ ΠΡΟΓ. ΚΟΙΝΩΦ. ΧΑΡΑΚΤΗΡΑ (1657),,,2601.10,anonymous sponsor (empty sponsorAFMName)
ΩΥ4Ε4690Β3-ΗΜΕ,2021-12-22,ΕΝΤΑΛΜΑ ΠΛΗΡΩΜΗΣ ΕΙΣΦΟΡΕΣ ΑΠΑΣΧ/ΝΩΝ ΟΑΕΔ ΜΕΣΩ ΠΡΟΓ. ΚΟΙΝΩΦ. ΧΑΡΑΚΤΗΡΑ (1657),,,4877.59,anonymous sponsor (empty sponsorAFMName)
ΨΑΣΥ4690Β3-Ρ0Ξ,2021-12-22,ΧΕ 0/2111 ΑΠΟΔΟΣΗ ΚΡΑΤΗΣΕΩΝ Χ/ΜΟ ΚΑΙ ΟΓΑ  ΜΗΝΟΣ ΟΚΤΩΒΡΙΟΥ 2021 ΣΤΟ  Ψ.Τ. ΤΟΥ Γ.Ν.Κ.,,,,no sponsor block
6ΨΔΥ4690Β3-ΜΣΩ,2021-12-22,ΧΕ 0/2110 ΑΠΟΔΟΣΗ ΚΡΑΤΗΣΕΩΝ ΥΠΕΡ ΨΥΧΙΚΗΣ ΥΓΕΙΑΣ  ΜΗΝΟΣ ΟΚΤΩΒΡΙΟΥ 2021 ΣΤΟ  Ψ.Τ. ΤΟΥ Γ.Ν.Κ.,,,,no sponsor block
ΨΓ8Ε4690Β3-Β25,2021-12-22,ΧΕ 0/2109 ΑΠΟΔΟΣΗ ΚΡΑΤΗΣΕΩΝ Ε.Α.Α.ΑΔΗ.ΣΥ  ΜΗΝΟΣ ΟΚΤΩΒΡΙΟΥ 2021 ΣΤΟ  Ψ.Τ. ΤΟΥ Γ.Ν.Κ.,,,,no sponsor block
6ΙΤΝ4690Β3-1ΔΣ,2021-12-22,ΧΕ 0/2108 ΑΠΟΔΟΣΗ ΚΡΑΤΗΣΕΩΝ Χ/ΜΟ ΚΑΙ ΟΓΑ ΜΗΝΟΣ ΟΚΤΩΒΡΙΟΥ 2021 ΣΤΟ  Γ.Ν.Κ.,,,,no sponsor block
61ΘΘ4690Β3-Ξ6Ρ,2021-12-22,"ΧΕ 0/2107 ΑΠΟΔΟΣΗ ΦΟΡΟΥ 4,8%  ΜΗΝΟΣ ΟΚΤΩΒΡΙΟΥ 2021 ΣΤΟ  Γ.Ν.Κ.",,,,no sponsor block
6ΧΒΧ4690Β3-ΠΘΒ,2021-12-22,ΧΕ 0/2106 ΑΠΟΔΟΣΗ ΚΡΑΤΗΣΕΩΝ ΥΠΕΡ ΨΥΧΙΚΗΣ ΥΓΕΙΑΣ ΜΗΝΟΣ ΟΚΤΩΒΡΙΟΥ 2021 ΣΤΟ  Γ.Ν.Κ.,,,,no sponsor block
6Η4Η4690Β3-ΠΛ0,2021-12-22,ΧΕ 0/2105 ΑΠΟΔΟΣΗ ΚΡΑΤΗΣΕΩΝ Ε.Α.Α.ΔΗ.ΣΥ. ΜΗΝΟΣ ΟΚΤΩΒΡΙΟΥ 2021 ΣΤΟ  Γ.Ν.Κ.,,,,no sponsor block
67ΧΤ4690Β3-ΥΨ0,2021-12-22,ΧΕ 0/2104 ΑΠΟΔΟΣΗ ΚΡΑΤΗΣΕΩΝ ΓΔΣΠ ΜΗΝΟΣ ΟΚΤΩΒΡΙΟΥ 2021 ΣΤΟ  Γ.Ν.Κ.,,,,no sponsor block
ΨΦ5Ψ4690Β3-ΑΧΥ,2021-12-22,ΧΕ 0/2103 ΑΠΟΔΟΣΗ ΚΡΑΤΗΣΕΩΝ Α.Ε.Π.Π ΜΗΝΟΣ ΟΚΤΩΒΡΙΟΥ 2021 ΣΤΟ  Γ.Ν.Κ.,,,,no sponsor block
6Α3Ζ4690Β3-ΑΣΤ,2021-12-17,ΧΕ 1/772 ΕΚΤΕΛΕΣΗ ΔΙΚΑΣΤΙΚΗΣ ΑΠΟΦΑΣΗΣ,,,,no sponsor block
68ΣΟ4690Β3-ΛΧΖ,2021-12-14,ΧΕ 0/2000 ΑΠΟΔΟΣΗ ΚΡΑΤΗΣΕΩΝ Χ/ΜΟ ΚΑΙ ΟΓΑ ΜΗΝΟΣ ΟΚΤΩΒΡΙΟΥ 2021 ΕΞΟΦΛΗΣΕΩΝ ΤΙΜΟΛΟΓΙΩΝ ΔΑΠΑΝΩΝ INTERREG ΕΛΛΑΔΑ-ΙΤΑΛΙΑ,,,,no sponsor block
ΩΞ5Ε4690Β3-25Γ,2021-12-14,ΧΕ 0/1999 ΑΠΟΔΟΣΗ ΦΟΡΟΥ 4% ΜΗΝΟΣ ΟΚΤΩΒΡΙΟΥ 2021 ΕΞΟΦΛΗΣΕΩΝ ΤΙΜΟΛΟΓΙΩΝ ΔΑΠΑΝΩΝ INTERREG ΕΛΛΑΔΑ-ΙΤΑΛΙΑ,,,,no sponsor block
ΩΧΛΥ4690Β3-101,2021-12-14,ΧΕ 0/1998 ΑΠΟΔΟΣΗ ΚΡΑΤΗΣΕΩΝ ΥΠΕΡ ΨΥΧΙΚΗΣ ΥΓΕΙΑΣ  ΜΗΝΟΣ ΟΚΤΩΒΡΙΟΥ 2021 ΕΞΟΦΛΗΣΕΩΝ ΤΙΜΟΛΟΓΙΩΝ ΔΑΠΑΝΩΝ INTERREG ΕΛΛΑΔΑ-ΙΤΑΛΙΑ,,,,no sponsor block
Ω0Μ64690Β3-ΔΣΤ,2021-12-14,ΧΕ 0/1997 ΑΠΟΔΟΣΗ ΚΡΑΤΗΣΕΩΝ Ε.Α.Α.ΑΔΗ.ΣΥ. ΜΗΝΟΣ ΟΚΤΩΒΡΙΟΥ 2021 ΕΞΟΦΛΗΣΕΩΝ ΤΙΜΟΛΟΓΙΩΝ ΔΑΠΑΝΩΝ INTERREG ΕΛΛΑΔΑ-ΙΤΑΛΙΑ,,,,no sponsor block
Ψ7Ρ64690Β3-0ΩΣ,2021-12-14,ΧΕ 0/1996 ΑΠΟΔΟΣΗ ΚΡΑΤΗΣΕΩΝ Α.Ε.Π.Π. ΜΗΝΟΣ ΟΚΤΩΒΡΙΟΥ 2021 ΕΞΟΦΛΗΣΕΩΝ ΤΙΜΟΛΟΓΙΩΝ ΔΑΠΑΝΩΝ INTERREG ΕΛΛΑΔΑ-ΙΤΑΛΙΑ,,,,no sponsor block
62ΓΝ4690Β3-ΒΘΒ,2021-12-14,ΧΕ 0/1995 ΑΠΟΔΟΣΗ ΚΡΑΤΗΣΕΩΝ Α.Ε.Π.Π. ΜΗΝΟΣ ΔΕΚΕΜΒΡΙΟΥ 2021 ΕΞΟΦΛΗΣΕΩΝ ΠΡΟΓΡΑΜΜΑΤΟΣ INTERREG ΕΛΛΑΔΑ-ΙΤΑΛΙΑ,,,,no sponsor block
Ψ94Ω4690Β3-4ΘΝ,2021-12-14,ΧΕ 0/1994 ΑΠΟΔΟΣΗ ΦΟΡΟΥ 4% ΜΗΝΟΣ ΔΕΚΕΜΒΡΙΟΥ 2021 ΕΞΟΦΛΗΣΕΩΝ ΠΡΟΓΡΑΜΜΑΤΟΣ INTERREG ΕΛΛΑΔΑ-ΙΤΑΛΙΑ,,,,no sponsor block
ΨΞΕ54690Β3-ΝΙΛ,2021-12-14,ΧΕ 0/1993 ΑΠΟΔΟΣΗ ΚΡΑΤΗΣΕΩΝ ΥΠΕΡ ΨΥΧΙΚΗΣ ΥΓΕΙΑΣ ΜΗΝΟΣ ΔΕΚΕΜΒΡΙΟΥ 2021 ΕΞΟΦΛΗΣΕΩΝ ΠΡΟΓΡΑΜΜΑΤΟΣ INTERREG ΕΛΛΑΔΑ-ΙΤΑΛΙΑ,,,,no sponsor block
ΩΦ8Ι4690Β3-ΥΧ4,2021-12-14,ΧΕ 0/1992 ΑΠΟΔΟΣΗ ΚΡΑΤΗΣΕΩΝ Ε..Α.Α.ΔΗ.ΣΥ.  ΜΗΝΟΣ ΔΕΚΕΜΒΡΙΟΥ 2021 ΕΞΟΦΛΗΣΕΩΝ ΠΡΟΓΡΑΜΜΑΤΟΣ INTERREG ΕΛΛΑΔΑ-ΙΤΑΛΙΑ,,,,no sponsor block
62ΣΤ4690Β3-Η6Ε,2021-12-14,ΧΕ 0/1991 ΑΠΟΔΟΣΗ ΚΡΑΤΗΣΕΩΝ Α.Ε.Π.Π. ΜΗΝΟΣ ΔΕΚΕΜΒΡΙΟΥ 2021 ΕΞΟΦΛΗΣΕΩΝ ΠΡΟΓΡΑΜΜΑΤΟΣ INTERREG ΕΛΛΑΔΑ-ΙΤΑΛΙΑ,,,,no sponsor block
Ψ7ΨΡ4690Β3-ΨΤΛ,2021-12-02,ΧΕ 1/727 ΕΦΗΜΕΡΙΕΣ ΕΙΔΙΚ/ΝΩΝ ΙΑΤΡΩΝ ΕΣΥ ΜΗΝΟΣ ΟΚΤΩΒΡΙΟΥ 2021 ΕΚΤ. ΠΡΟΣΛΗΨΗ COVID-19,,,,no sponsor block
62ΝΕ4690Β3-ΒΨΞ,2021-12-02,ΧΕ 1/726 ΕΦΗΜΕΡΙΕΣ ΕΠΙΚΟΥΡΙΚΩΝ ΙΑΤΡΩΝ ΕΣΥ ΜΗΝΟΣ ΟΚΤΩΒΡΙΟΥ 2021 ΕΚΤ. ΠΡΟΣΛΗΨΗ COVID-19,,,,no sponsor block
ΩΑΒΞ4690Β3-ΓΡΑ,2021-12-02,ΧΕ 1/725 ΕΦΗΜΕΡΙΕΣ ΕΠΙΚΟΥΡΙΚΩΝ ΙΑΤΡΩΝ ΕΣΥ ΜΗΝΟΣ ΟΚΤΩΒΡΙΟΥ 2021,,,,no sponsor block
696Σ4690Β3-3ΕΕ,2021-12-02,ΧΕ 1/724 ΕΦΗΜΕΡΙΕΣ ΙΑΤΡΟΥ  ΕΣΥ ΜΗΝΟΣ ΟΚΤΩΒΡΙΟΥ 2021 ΤΟΥ Κ.Ψ.Υ.,,,,no sponsor block
6ΘΤ14690Β3-ΛΝΔ,2021-12-02,ΧΕ 1/723 ΕΦΗΜΕΡΙΕΣ ΕΙΔΙΚ/ΝΩΝ ΙΑΤΡΩΝ ΕΣΥ ΜΗΝΟΣ ΟΚΤΩΒΡΙΟΥ 2021,,,,no sponsor block
6ΤΘΝ4690Β3-ΗΘΣ,2021-12-02,ΧΕ 1/722 ΕΦΗΜΕΡΙΕΣ ΑΓΡΟΤΙΚΩΝ ΙΑΤΡΩΝ ΕΣΥ ΜΗΝΟΣ ΟΚΤΩΒΡΙΟΥ 2021,,,,no sponsor block
6Κ3Θ4690Β3-ΛΕΣ,2021-12-02,ΧΕ 1/721 ΕΦΗΜΕΡΙΕΣ ΙΑΤΡΟΥ ΕΣΥ ΜΗΝΟΣ ΟΚΤΩΒΡΙΟΥ 2021,,,,no sponsor block
ΨΟΙΚ4690Β3-ΘΝΖ,2021-12-02,ΧΕ 1/720 ΕΦΗΜΕΡΙΕΣ ΙΑΤΡΩΝ ΕΣΥ ΜΗΝΟΣ ΟΚΤΩΒΡΙΟΥ 2021,,,,no sponsor block
63Θ64690Β3-ΖΨΖ,2021-12-02,ΧΕ 1/745 ΑΠΟΖ/ΣΗ ΥΠΕΡΩΡΙΑΚΗΣ ΑΠΑΣΧΟΛΗΣΗΣ ΕΞΑΙΡΣΙΜΩΝ -ΝΥΚΤΕΡΙΝΩΝ ΔΙΟΙΚΗΤΙΚΟΥ ΠΡΟΣΩΠΙΚΟΥ  ΜΗΝΟΣ ΟΚΤΩΒΡΙΟΥ 2021 ΤΟΥ Κ.Ψ.Υ.,,,,no sponsor block
ΨΒΟ74690Β3-2Η6,2021-12-02,ΧΕ 1/744 ΑΠΟΖ/ΣΗ ΥΠΕΡΩΡΙΑΚΗΣ ΑΠΑΣΧΟΛΗΣΗΣ ΕΞΑΙΡΣΙΜΩΝ -ΝΥΚΤΕΡΙΝΩΝ ΠΡΟΣΩΠΙΚΟΥ ΚΑΤ. ΙΔΑΧ ΜΗΝΟΣ ΟΚΤΩΒΡΙΟΥ 2021,,,,no sponsor block
ΩΚΜ34690Β3-ΦΛ1,2021-12-02,ΧΕ 1/743 ΑΠΟΖ/ΣΗ ΥΠΕΡΩΡΙΑΚΗΣ ΑΠΑΣΧΟΛΗΣΗΣ ΕΞΑΙΡΣΙΜΩΝ -ΝΥΚΤΕΡΙΝΩΝ ΣΕ ΕΠΙ ΘΗΤΕΙΑ ΝΟΣΗΛΕΥΤΙΚΟΥ ΠΡΟΣΩΠΙΚΟΥ ΚΑΤ. ΠΕ ΜΗΝΟΣ ΟΚΤΩΒΡΙΟΥ 2021,,,,no sponsor block
ΩΓ1Δ4690Β3-8ΞΓ,2021-12-02,ΧΕ 1/742 ΑΠΟΖ/ΣΗ ΥΠΕΡΩΡΙΑΚΗΣ ΑΠΑΣΧΟΛΗΣΗΣ ΕΞΑΙΡΣΙΜΩΝ -ΝΥΚΤΕΡΙΝΩΝ ΠΡΟΣΩΠΙΚΟΥ ΚΑΤ. ΤΕ ΜΗΝΟΣ ΟΚΤΩΒΡΙΟΥ 2021,,,,no sponsor block
6ΧΔΝ4690Β3-ΧΕ9,2021-12-02,ΧΕ 1/741 ΑΠΟΖ/ΣΗ ΥΠΕΡΩΡΙΑΚΗΣ ΑΠΑΣΧΟΛΗΣΗΣ ΕΞΑΙΡΣΙΜΩΝ -ΝΥΚΤΕΡΙΝΩΝ  ΠΡΟΣΩΠΙΚΟΥ ΚΑΤ. ΥΕ ΜΗΝΟΣ ΟΚΤΩΒΡΙΟΥ 2021,,,,no sponsor block
65Π64690Β3-ΡΦ0,2021-12-02,ΧΕ 1/740 ΑΠΟΖ/ΣΗ ΥΠΕΡΩΡΙΑΚΗΣ ΑΠΑΣΧΟΛΗΣΗΣ ΕΞΑΙΡΣΙΜΩΝ -ΝΥΚΤΕΡΙΝΩΝ ΠΡΟΣΩΠΙΚΟΥ ΚΑΤ. ΔΕ ΜΗΝΟΣ ΟΚΤΩΒΡΙΟΥ 2021,,,,no sponsor block
ΨΛΟ54690Β3-Η7Σ,2021-12-02,ΧΕ 1/739 ΑΠΟΖ/ΣΗ ΥΠΕΡΩΡΙΑΚΗΣ ΑΠΑΣΧΟΛΗΣΗΣ ΕΞΑΙΡΣΙΜΩΝ -ΝΥΚΤΕΡΙΝΩΝ  ΠΡΟΣΩΠΙΚΟΥ ΚΑΤ. ΤΕ ΜΗΝΟΣ ΟΚΤΩΒΡΙΟΥ 2021,,,,no sponsor block
610Η4690Β3-23Θ,2021-12-02,ΧΕ 1/738 ΑΠΟΖ/ΣΗ ΥΠΕΡΩΡΙΑΚΗΣ ΑΠΑΣΧΟΛΗΣΗΣ ΕΞΑΙΡΣΙΜΩΝ -ΝΥΚΤΕΡΙΝΩΝ ΝΟΣΗΛΕΥΤΙΚΟΥ ΠΡΟΣΩΠΙΚΟΥ ΚΑΤ. ΠΕ ΜΗΝΟΣ ΟΚΤΩΒΡΙΟΥ 2021,,,,no sponsor block
6Ρ6Τ4690Β3-609,2021-12-02,ΧΕ 1/737 ΑΠΟΖ/ΣΗ ΥΠΕΡΩΡΙΑΚΗΣ ΑΠΑΣΧΟΛΗΣΗΣ ΕΞΑΙΡΣΙΜΩΝ -ΝΥΚΤΕΡΙΝΩΝ ΣΕ ΠΑΡΑΣΚΕΥΑΣΤΕΣ ΜΗΝΟΣ ΟΚΤΩΒΡΙΟΥ 2021,,,,no sponsor block
Ψ1ΡΜ4690Β3-ΚΩΓ,2021-12-02,ΧΕ 1/736 ΑΠΟΖ/ΣΗ ΥΠΕΡΩΡΙΑΚΗΣ ΑΠΑΣΧΟΛΗΣΗΣ ΕΞΑΙΡΕΣΙΜΩΝ -ΝΥΚΤΕΡΙΝΩΝ ΠΡΟΣΩΠΙΚΟΥ ΚΑΤ. Υ.Ε ΜΗΝΟΣ ΟΚΤΩΒΡΙΟΥ 2021,,,,no sponsor block
Ω1ΟΟ4690Β3-ΤΤΛ,2021-12-02,ΧΕ  1/735 ΑΠΟΖ/ΣΗ ΥΠΕΡΩΡΙΑΚΗΣ ΕΡΓΑΣΙΑΣ ΕΞΑΙΡΕΣΙΜΩΝ -ΝΥΚΤΕΡΙΝΩΝ ΤΕΧΝΙΚΟΥ ΠΡΟΣΩΠΙΚΟΥ ΜΗΝΟΣ ΟΚΤΩΒΡΙΟΥ 2021,,,,no sponsor block
6ΨΕΑ4690Β3-Γ3Χ,2021-12-02,ΧΕ  1/734 ΑΠΟΖ/ΣΗ ΥΠΕΡΩΡΙΑΚΗΣ ΕΡΓΑΣΙΑΣ ΕΞΑΙΡΕΣΙΜΩΝ -ΝΥΚΤΕΡΙΝΩΝ ΝΟΣΗΛΕΥΤΙΚΟΥ ΠΡΟΣΩΠΙΚΟΥ ΜΗΝΟΣ ΟΚΤΩΒΡΙΟΥ 2021,,,,no sponsor block
ΩΣΚ54690Β3-ΕΙ7,2021-12-02,ΧΕ  1/733 ΑΠΟΖ/ΣΗ ΥΠΕΡΩΡΙΑΚΗΣ ΕΡΓΑΣΙΑΣ ΕΞΑΙΡΕΣΙΜΩΝ -ΝΥΚΤΕΡΙΝΩΝ ΔΙΟΙΚΗΤΙΚΟΥ ΠΡΟΣΩΠΙΚΟΥ ΜΗΝΟΣ ΟΚΤΩΒΡΙΟΥ 2021,,,,no sponsor block
6Μ794690Β3-ΝΦΤ,2021-12-02,ΧΕ  1/732 ΑΠΟΖ/ΣΗ ΥΠΕΡΩΡΙΑΚΗΣ ΕΡΓΑΣΙΑΣ ΕΞΑΙΡΕΣΙΜΩΝ -ΝΥΚΤΕΡΙΝΩΝ ΝΟΣΗΛΕΥΤΙΚΟΥ ΠΡΟΣΩΠΙΚΟΥ ΜΗΝΟΣ ΟΚΤΩΒΡΙΟΥ 2021 ΤΟΥ Κ.Ψ.Υ.,,,,no sponsor block
6ΧΚ04690Β3-ΝΓΖ,2021-12-02,ΧΕ  1/731 ΑΠΟΖ/ΣΗ ΥΠΕΡΩΡΙΑΚΗΣ ΕΡΓΑΣΙΑΣ ΕΞΑΙΡΕΣΙΜΩΝ -ΝΥΚΤΕΡΙΝΩΝ ΝΟΣΗΛΕΥΤΙΚΟΥ ΠΡΟΣΩΠΙΚΟΥ ΜΗΝΟΣ ΟΚΤΩΒΡΙΟΥ 2021 ΤΟΥ Κ.Ψ.Υ,,,,no sponsor block
68Α54690Β3-Η8Ε,2021-12-02,ΧΕ  1/730 ΑΠΟΖ/ΣΗ ΥΠΕΡΩΡΙΑΚΗΣ ΕΡΓΑΣΙΑΣ ΕΞΑΙΡΕΣΙΜΩΝ -ΝΥΚΤΕΡΙΝΩΝ  ΠΡΟΣΩΠΙΚΟΥ ΜΗΝΟΣ ΟΚΤΩΒΡΙΟΥ 2021 ΤΟΥ Κ.Ψ.Υ.,,,,no sponsor block
Ω5ΖΡ4690Β3-7Ψ1,2021-12-02,ΧΕ  1/729 ΑΠΟΖ/ΣΗ ΥΠΕΡΩΡΙΑΚΗΣ ΕΡΓΑΣΙΑΣ ΕΞΑΙΡΕΣΙΜΩΝ -ΝΥΚΤΕΡΙΝΩΝ ΝΟΣΗΛΕΥΤΙΚΟΥ ΠΡΟΣΩΠΙΚΟΥ ΜΗΝΟΣ ΟΚΤΩΒΡΙΟΥ 2021 ΤΟΥ Κ.Ψ.Υ.,,,,no sponsor block
ΩΘ1Κ4690Β3-ΗΝ1,2021-12-02,ΧΕ  1/728 ΑΠΟΖ/ΣΗ ΥΠΕΡΩΡΙΑΚΗΣ ΕΡΓΑΣΙΑΣ ΕΞΑΙΡΕΣΙΜΩΝ -ΝΥΚΤΕΡΙΝΩΝ ΝΟΣΗΛΕΥΤΙΚΟΥ  ΠΡΟΣΩΠΙΚΟΥ ΜΗΝΟΣ ΟΚΤΩΒΡΙΟΥ 2021 ΤΟΥ Κ.Ψ.Υ.,,,,no sponsor block
6ΙΦΓ4690Β3-Ω9Χ,2021-12-02,ΧΕ  1/753 ΑΠΟΖ/ΣΗ ΥΠΕΡΩΡΙΑΚΗΣ ΕΡΓΑΣΙΑΣ ΕΞΑΙΡΕΣΙΜΩΝ -ΝΥΚΤΕΡΙΝΩΝ ΕΠΙΣΤΗΜΟΝΙΚΟΥ ΠΡΟΣΩΠΙΚΟΥ ΜΗΝΟΣ ΟΚΤΩΒΡΙΟΥ 2021,,,,no sponsor block
6Η9Ξ4690Β3-Ρ6Σ,2021-12-02,ΧΕ  1/752 ΑΠΟΖ/ΣΗ ΥΠΕΡΩΡΙΑΚΗΣ ΕΡΓΑΣΙΑΣ ΕΞΑΙΡΕΣΙΜΩΝ -ΝΥΚΤΕΡΙΝΩΝ ΕΠΙΚΟΥΡΙΚΟΥ ΠΡΟΣΩΠΙΚΟΥ ΕΠΙ ΣΧΕΣΕΙ ΕΡΓΑΣΙΑΣ Ι.Δ. ΜΗΝΟΣ ΟΚΤΩΒΡΙΟΥ 2021,,,,no sponsor block
ΩΝΠΟ4690Β3-4Θ3,2021-12-02,ΧΕ  1/751 ΑΠΟΖ/ΣΗ ΥΠΕΡΩΡΙΑΚΗΣ ΕΡΓΑΣΙΑΣ ΕΞΑΙΡΕΣΙΜΩΝ -ΝΥΚΤΕΡΙΝΩΝ ΕΠΙΚΟΥΡΙΚΟΥ ΠΡΟΣΩΠΙΚΟΥ ΜΗΝΟΣ ΟΚΤΩΒΡΙΟΥ 2021,,,,no sponsor block
ΨΕΜΑ4690Β3-ΧΑΞ,2021-12-02,ΧΕ  1/750 ΑΠΟΖ/ΣΗ ΥΠΕΡΩΡΙΑΚΗΣ ΕΡΓΑΣΙΑΣ ΕΞΑΙΡΕΣΙΜΩΝ -ΝΥΚΤΕΡΙΝΩΝ ΕΠΟΧΙΚΟΥ  ΠΡΟΣΩΠΙΚΟΥ ΚΑΤ. ΙΔΟΧ ΜΗΝΟΣ ΟΚΤΩΒΡΙΟΥ 2021 ΤΟΥ Κ.Ψ.Υ.,,,,no sponsor block
ΨΕΜ54690Β3-ΙΡΡ,2021-12-02,ΧΕ  1/749 ΑΠΟΖ/ΣΗ ΥΠΕΡΩΡΙΑΚΗΣ ΕΡΓΑΣΙΑΣ ΕΞΑΙΡΕΣΙΜΩΝ -ΝΥΚΤΕΡΙΝΩΝ ΝΟΣΗΛΕΥΤΙΚΟΥ ΠΡΟΣΩΠΙΚΟΥ ΜΗΝΟΣ ΟΚΤΩΒΡΙΟΥ 2021,,,,no sponsor block
62ΥΗ4690Β3-9ΗΔ,2021-12-02,ΧΕ  1/748 ΑΠΟΖ/ΣΗ ΥΠΕΡΩΡΙΑΚΗΣ ΕΡΓΑΣΙΑΣ ΕΞΑΙΡΕΣΙΜΩΝ -ΝΥΚΤΕΡΙΝΩΝ ΕΠΙΚΟΥΡΙΚΟΥ ΝΟΣΗΛΕΥΤΙΚΟΥ ΠΡΟΣΩΠΙΚΟΥ ΜΗΝΟΣ ΟΚΤΩΒΡΙΟΥ 2021 ΤΟΥ Κ.Ψ.Υ.,,,,no sponsor block
66ΚΒ4690Β3-ΑΑΠ,2021-12-02,ΧΕ  1/747 ΑΠΟΖ/ΣΗ ΥΠΕΡΩΡΙΑΚΗΣ ΕΡΓΑΣΙΑΣ ΕΞΑΙΡΕΣΙΜΩΝ -ΝΥΚΤΕΡΙΝΩΝ ΕΠΙΚΟΥΡΙΚΟΥ ΠΡΟΣΩΠΙΚΟΥ ΜΗΝΟΣ ΟΚΤΩΒΡΙΟΥ 2021 ΕΚΤ. ΠΡΟΣΛΗΨΗ COVID-19,,,,no sponsor block
6ΩΑΥ4690Β3-Σ2Ψ,2021-12-02,ΧΕ  1/746 ΑΠΟΖ/ΣΗ ΥΠΕΡΩΡΙΑΚΗΣ ΕΡΓΑΣΙΑΣ ΕΞΑΙΡΕΣΙΜΩΝ -ΝΥΚΤΕΡΙΝΩΝ ΝΟΣΗΛΕΥΤΙΚΟΥ ΠΡΟΣΩΠΙΚΟΥ ΜΗΝΟΣ ΟΚΤΩΒΡΙΟΥ 2021,,,,no sponsor block
6Ψ544690Β3-ΧΣ8,2021-12-02,ΧΕ  1/755 ΑΠΟΖ/ΣΗ ΥΠΕΡΩΡΙΑΚΗΣ ΕΡΓΑΣΙΑΣ ΕΞΑΙΡΕΣΙΜΩΝ -ΝΥΚΤΕΡΙΝΩΝ ΕΠΙΚΟΥΡΙΚΟΥ ΠΡΟΣΩΠΙΚΟΥ ΜΗΝΟΣ ΟΚΤΩΒΡΙΟΥ 2021,,,,no sponsor block
6ΞΛ44690Β3-Ι6Ω,2021-12-01,ΧΕ 0/1893 ΜΙΣΘΟΔΟΣΙΑ ΜΗΝΟΣ ΝΟΕΜΒΡΙΟΥ 2021 ΕΠΙΚΟΥΡΙΚΟΥ ΠΡΟΣΩΠΙΚΟΥ ΕΠΙΧ/ΝΟΥ ΜΕΣΩ ΕΣΠΑ-ΠΙΝ,,,,no sponsor block
ΨΦ854690Β3-4ΡΟ,2021-12-01,1/719 ΑΠΟΖ/ΣΗ ΜΗ ΧΟΡΗΓΗΣΗΣ ΑΔΕΙΑΣ ΕΠΙΚΟΥΡΙΚΟΥ ΙΑΤΡΟΥ,,,,no sponsor block
6Ξ0Β4690Β3-Ζ0Μ,2021-12-01,ΧΕ 1/719 ΑΠΟΖ/ΣΗ ΜΗ ΧΟΡΗΓΗΣΗΣ ΑΔΕΙΑΣ ΕΠΙΚΟΥΡΙΚΟΥ ΙΑΤΡΟΥ,,,,no sponsor block
666Τ4690Β3-ΙΧ4,2021-12-01,ΧΕ 1/719 ΑΠΟΖ/ΣΗ ΜΗ ΧΟΡΗΓΗΣΗΣ ΑΔΕΙΑΣ ΕΠΙΚΟΥΡΙΚΟΥ ΙΑΤΡΟΥ,,,,no sponsor block
63694690Β3-ΘΔΕ,2021-12-01,ΧΕ 0/1892 ΜΙΣΘΟΔΟΣΙΑ ΠΡΟΣΩΠΙΚΟΥ ΤΡΑΠΕΖΟΚΟΜΙΑΣ ΚΑΤ. ΙΔΟΧ ΜΗΝΟΣ ΝΟΕΜΒΡΙΟΥ 2021,,,,no sponsor block
ΨΚΣ64690Β3-392,2021-12-01,ΧΕ 0/1891 ΜΙΣΘΟΔΟΣΙΑ ΠΡΟΣΩΠΙΚΟΥ ΚΑΘΑΡΙΟΤΗΤΑΣ ΚΑΤ. ΙΔΟΧ ΜΗΝΟΣ ΝΟΕΜΒΡΙΟΥ 2021,,,,no sponsor block
6ΥΚΩ4690Β3-Κ30,2021-12-01,ΧΕ 0/1890 ΜΙΣΘΟΔΟΣΙΑ ΕΠΙΚΟΥΡΙΚΟΥ ΠΡΟΣΩΠΙΚΟΥ ΜΗΝΟΣ ΝΟΕΜΒΡΙΟΥ 2021,,,,no sponsor block
ΨΟΧΧ4690Β3-ΨΓΣ,2021-12-01,ΧΕ 0/1889 ΜΙΣΘΟΔΟΣΙΑ ΕΠΙΚΟΥΡΙΚΟΥ ΠΡΟΣΩΠΙΚΟΥ ΜΗΝΟΣ ΝΟΕΜΒΡΙΟΥ 2021,,,,no sponsor block
6ΥΡ84690Β3-ΘΜΒ,2021-11-30,ΧΕ 0/1888 ΜΙΣΘΟΔΟΣΙΑ ΜΗΝΟΣ ΝΟΕΜΒΡΙΟΥ 2021 ΕΠΙΣΤΗΜΟΝΙΚΟΥ ΠΡΟΣΩΠΙΚΟΥ ΕΚΤ. ΠΡΟΣΛΗΨΗ  COVID-19,,,,no sponsor block
Ω22Χ4690Β3-ΚΩΗ,2021-11-30,ΧΕ 0/1887 ΜΙΣΘΟΔΟΣΙΑ ΜΗΝΟΣ ΝΟΕΜΒΡΙΟΥ 2021 ΕΠΙΚΟΥΡΙΚΟΥ ΠΡΟΣΩΠΙΚΟΥ ΕΚΤ. ΠΡΟΣΛΗΨΗ  COVID-19,,,,no sponsor block
ΩΦΣ04690Β3-4Ξ4,2021-11-30,ΧΕ 0/1886 ΜΙΣΘΟΔΟΣΙΑ ΜΗΝΟΣ ΝΟΕΜΒΡΙΟΥ 2021 ΕΠΙΚΟΥΡΙΚΩΝ ΙΑΤΡΩΝ ΕΣΥ ΕΚΤ. ΠΡΟΣΛΗΨΗ  COVID-19,,,,no sponsor block
Ω39Χ4690Β3-ΕΣ5,2021-11-30,ΧΕ 1/718 ΜΙΣΘΟΔΟΣΙΑ ΝΕΟΠΡΟΣΛΑΜΒΑΝΟΜΕΝΟΥ ΕΠΙΚΟΥΡΙΚΟΥ ΠΡΟΣΩΠΙΚΟΥ ΜΗΝΟΣ ΝΟΕΜΒΡΙΟΥ 2021,,,,no sponsor block
ΩΣΙΧ4690Β3-1ΔΝ,2021-11-30,ΧΕ 0/1885 ΜΙΣΘΟΔΟΣΙΑ ΣΠΟΥΔΑΣΤΩΝ Τ.Ε.Ι. ΜΗΝΟΣ ΝΟΕΜΒΡΙΟΥ 2021,,,,no sponsor block
ΨΑΩ84690Β3-ΔΝ0,2021-11-30,ΧΕ 1/717 ΜΙΣΘΟΔΟΣΙΑ ΝΕΟΠΡΟΣΛΑΜΒΑΝΟΜΕΝΟΥ ΕΠΙΚΟΥΡΙΚΟΥ ΠΡΟΣΩΠΙΚΟΥ ΜΗΝΟΣ ΝΟΕΜΒΡΙΟΥ 2021,,,,no sponsor block
ΩΧΟΙ4690Β3-Π1Υ,2021-11-24,ΧΕ 0/1844 ΑΠΟΔΟΣΗ Φ.Μ.Υ.ΜΗΝΟΣ ΣΕΠΤΕΜΒΡΙΟΥ 2021 ΑΠΑΣΧ/ΝΩΝ ΜΕΣΩ ΠΡΟΓ/ΤΟΣ ΚΟΙΝΩΦ. ΕΡΓΑΣΙΑΣ ΟΑΕΔ ΠΡΟΣΚΛΗΣΗ 10/2017,,,,no sponsor block
ΨΥ6Α4690Β3-ΚΞΑ,2021-11-24,ΧΕ 0/1843 ΑΠΟΔΟΣΗ ΑΣΦΑΛΙΣΤΙΚΩΝ ΕΙΣΦΟΡΩΝ ΜΗΝΟΣ ΣΕΠΤΕΜΒΡΙΟΥ 2021 ΑΠΑΣΧ/ΝΩΝ ΜΕΣΩ ΠΡΟΓ/ΤΟΣ ΚΟΙΝΩΦ. ΕΡΓΑΣΙΑΣ ΟΑΕΔ ΠΡΟΣΚΛΗΣΗ 10/2017,,,,no sponsor block
60ΝΑ4690Β3-ΙΚΙ,2021-11-24,ΧΕ 0/1842 ΑΠΟΔΟΣΗ Φ.Μ.Υ. ΜΗΝΟΣ ΣΕΠΤΕΜΒΡΙΟΥ 2021 ΑΠΑΣΧ/ΝΩΝ ΜΕΣΩ ΠΡΟΓ/ΤΟΣ ΚΟΙΝΩΦ. ΕΡΓΑΣΙΑΣ ΟΑΕΔ ΠΡΟΣΚΛΗΣΗ 13/2016,,,,no sponsor block
99ΤΩ4690Β3-7ΕΨ,2021-11-24,ΧΕ 0/1841 ΑΠΟΔΟΣΗ ΑΣΦΑΛΙΣΤΙΚΩΝ ΕΙΣΦΟΡΩΝ ΜΗΝΟΣ ΣΕΠΤΕΜΒΡΙΟΥ 2021 ΑΠΑΣΧ/ΝΩΝ ΜΕΣΩ ΠΡΟΓ/ΤΟΣ ΚΟΙΝΩΦ. ΕΡΓΑΣΙΑΣ ΟΑΕΔ ΠΡΟΣΚΛΗΣΗ 13/2016,,,,no sponsor block
ΩΣ6Μ4690Β3-ΘΧ8,2021-11-24,ΧΕ 0/1830 ΑΠΟΔΟΣΗ ΚΡΑΤΗΣΕΩΝ  Χ/ΜΟ ΚΑΙ ΟΓΑ ΜΗΝΟΣ ΣΕΠΤΕΜΒΡΙΟΥ 2021 ΣΤΟ Ψ.Τ. ΤΟΥ Γ.Ν.Κ.,,,,no sponsor block
6ΥΘΠ4690Β3-ΔΒ8,2021-11-24,ΧΕ 0/1829 ΑΠΟΔΟΣΗ ΚΡΑΤΗΣΕΩΝ  ΥΠΕΡ ΨΥΧΙΚΗΣ ΥΓΕΙΑΣ ΜΗΝΟΣ ΣΕΠΤΕΜΒΡΙΟΥ 2021 ΣΤΟ Ψ.Τ. ΤΟΥ Γ.Ν.Κ.,,,,no sponsor block
6ΠΘ54690Β3-773,2021-11-24,ΧΕ 0/1828 ΑΠΟΔΟΣΗ ΚΡΑΤΗΣΕΩΝ  Ε.Α.Α.ΔΗ.ΣΥ ΜΗΝΟΣ ΣΕΠΤΕΜΒΡΙΟΥ 2021 ΣΤΟ Ψ.Τ. ΤΟΥ Γ.Ν.Κ.,,,,no sponsor block
Ω0Λ14690Β3-ΧΣΚ,2021-11-24,ΧΕ 0/1827 ΑΠΟΔΟΣΗ ΚΡΑΤΗΣΕΩΝ  Χ/ΜΟ ΚΑΙ ΟΓΑ ΜΗΝΟΣ ΣΕΠΤΕΜΒΡΙΟΥ 2021 ΣΤΟ Γ.Ν.Κ.,,,,no sponsor block
607Η4690Β3-Σ2Χ,2021-11-24,ΧΕ 0/1826 ΑΠΟΔΟΣΗ ΦΟΡΟΥ 20%  ΜΗΝΟΣ ΣΕΠΤΕΜΒΡΙΟΥ 2021 ΣΤΟ Γ.Ν.Κ.,,,,no sponsor block
Ψ7ΦΨ4690Β3-Γ09,2021-11-24,"ΧΕ 0/1825 ΑΠΟΔΟΣΗ ΦΟΡΟΥ 1,4,8%  ΜΗΝΟΣ ΣΕΠΤΕΜΒΡΙΟΥ 2021 ΣΤΟ Γ.Ν.Κ.",,,,no sponsor block
6Τ1Β4690Β3-ΦΕ6,2021-11-24,ΧΕ 0/1824 ΑΠΟΔΟΣΗ ΚΡΑΤΗΣΕΩΝ  ΥΠΕΡ ΨΥΧΙΚΗΣ ΥΓΕΙΑΣ  ΜΗΝΟΣ ΣΕΠΤΕΜΒΡΙΟΥ 2021 ΣΤΟ Γ.Ν.Κ.,,,,no sponsor block
68Β14690Β3-Χ20,2021-11-24,ΧΕ 0/1823 ΑΠΟΔΟΣΗ ΚΡΑΤΗΣΕΩΝ ΥΠΕΡ ΓΔΠΣ  ΜΗΝΟΣ ΣΕΠΤΕΜΒΡΙΟΥ 2021 ΣΤΟ Γ.Ν.Κ.,,,,no sponsor block
6ΣΚ64690Β3-ΩΑΜ,2021-11-24,ΧΕ 0/1822 ΑΠΟΔΟΣΗ ΚΡΑΤΗΣΕΩΝ  Ε.Α.Α.ΔΗ.ΣΥ. ΜΗΝΟΣ ΣΕΠΤΕΜΒΡΙΟΥ 2021 ΣΤΟ Γ.Ν.Κ.,,,,no sponsor block
ΨΨΔΨ4690Β3-ΤΨ2,2021-11-24,ΧΕ 0/1821 ΑΠΟΔΟΣΗ ΚΡΑΤΗΣΕΩΝ Α.Ε.Π.Π.ΜΗΝΟΣ ΣΕΠΤΕΜΒΡΙΟΥ 2021 ΣΤΟ Γ.Ν.Κ.,,,,no sponsor block
ΨΞΣΒ4690Β3-ΩΧ2,2021-11-24,ΧΕ 0/1820 ΑΠΟΔΟΣΗ ΚΡΑΤΗΣΕΩΝ  ΜΤΠΥ ΜΗΝΟΣ ΣΕΠΤΕΜΒΡΙΟΥ 2021 ΣΤΟ Γ.Ν.Κ.,,,,no sponsor block
63ΨΑ4690Β3-4ΑΝ,2021-11-23,ΧΕ 0/1809 ΤΕΛΗ ΑΔΕΙΑΣ ΚΥΚΛΟΦΟΡΙΑΣ ΥΠΗΡΕΣΙΑΚΟΥ ΟΧΗΜΑΤΟΣ,,,,no sponsor block
6ΨΑ54690Β3-Σ48,2021-11-22,ΧΕ 1/687 ΕΠΙΣΤΡΟΦΗ ΔΑΠΑΝΗΣ ΕΞΕΤΑΣΕΩΝ ΝΟΣΗΛΕΥΟΜΕΝΩΝ ΑΣΘΕΝΩΝ ΜΗΝΩΝ ΣΕΠΤΕΜΒΡΙΟΥ-ΟΚΤΩΒΡΙΟΥ 2021 ΚΑΙ ΕΚΚΡΕΜΟΤΗΤΕΣ ΑΙΤΗΣΕΩΝ 2019-2020 ΝΟΣΗΛΕΘΟΜΕΝΩΝ ΑΣΘΕΝΩΝ ΣΤΟ Ψ.Τ.ΕΠΙΣΤΡΟΦΗ,,,,no sponsor block
6ΚΥΠ4690Β3-ΗΧΙ,2021-11-18,ΧΕ 0/1807 ΚΟΙΝΟΧΡΗΣΤΑ,,,,no sponsor block
ΨΟ3Η4690Β3-Η8Ψ,2021-11-12,ΧΕ 1/684 ΟΔΟΙΠΟΡΙΚΑ ΕΞΟΔΑ ΚΑΙ ΗΜΕΡ. ΑΠΟΖ/ΣΗ ΜΕΤΑΚΙΝΗΣΗΣ ΥΠΑΛΛΗΛΩΝ ΕΚΤΟΣ ΕΔΡΑΣ,,,,no sponsor block
6ΘΙ64690Β3-0ΚΜ,2021-11-12,ΧΕ 1/683 ΟΔΟΙΠΟΡΙΚΑ ΕΞΟΔΑ ΚΑΙ ΗΜΕΡ. ΑΠΟΖ/ΣΗ ΜΕΤΑΚΙΝΗΣΗΣ ΥΠΑΛΛΗΛΩΝ ΕΚΤΟΣ ΕΔΡΑΣ,,,,no sponsor block
Ω2ΟΠ4690Β3-ΣΞΕ,2021-11-12,ΧΕ 1/682 ΟΔΟΙΠΟΡΙΚΑ ΕΞΟΔΑ ΚΑΙ ΗΜΕΡ. ΑΠΟΖ/ΣΗ ΜΕΤΑΚΙΝΗΣΗΣ ΥΠΑΛΛΗΛΩΝ ΕΚΤΟΣ ΕΔΡΑΣ,,,,no sponsor block
Ψ4ΠΝ4690Β3-Ω7Π,2021-11-09,ΧΕ 1/678 ΕΦΗΜΕΡΙΕΣ ΠΕΡΑΝ ΤΟΥ ΠΛΑΦΟΝ ΕΙΔΙΚ/ΝΩΝ ΙΑΤΡΩΝ ΕΣΥ ΤΟΥ Γ.Ν.Κ. ΜΗΝΟΣ ΜΑΡΤΙΟΥ 2021 ΕΚΤ. ΠΡΟΣΛΗΨΗ COVID-19,,,,no sponsor block
6ΘΝΔ4690Β3-ΔΧΠ,2021-11-09,ΧΕ 1/677 ΕΦΗΜΕΡΙΕΣ ΠΕΡΑΝ ΤΟΥ ΠΛΑΦΟΝ ΕΠΙΚΟΥΡΙΚΩΝ ΙΑΤΡΩΝ ΕΣΥ ΤΟΥ Γ.Ν.Κ. ΜΗΝΟΣ ΜΑΡΤΙΟΥ 2021 ΕΚΤ. ΠΡΟΣΛΗΨΗ COVID-19,,,,no sponsor block
ΩΔΩΨ4690Β3-7ΣΜ,2021-11-09,ΧΕ 1/676 ΕΦΗΜΕΡΙΕΣ ΠΕΡΑΝ ΤΟΥ ΠΛΑΦΟΝ ΕΙΔΙΚ/ΝΩΝ ΙΑΤΡΩΝ ΕΣΥ ΤΟΥ Γ.Ν.Κ. ΜΗΝΟΣ ΜΑΡΤΙΟΥ 2021,,,,no sponsor block
ΨΓ454690Β3-ΒΓΝ,2021-11-09,ΧΕ 1/675 ΕΦΗΜΕΡΙΕΣ ΠΕΡΑΝ ΤΟΥ ΠΛΑΦΟΝ ΕΠΙΚΟΥΡΙΚΩΝ ΙΑΤΡΩΝ ΕΣΥ ΤΟΥ Γ.Ν.Κ. ΜΗΝΟΣ ΜΑΡΤΙΟΥ 2021,,,,no sponsor block
6Ζ4Φ4690Β3-ΥΛΖ,2021-11-09,ΧΕ 1/674 ΕΦΗΜΕΡΙΕΣ ΠΕΡΑΝ ΤΟΥ ΠΛΑΦΟΝ ΙΑΤΡΩΝ ΕΣΥ ΤΟΥ Κ.Ψ.Υ. ΤΟΥ Γ.Ν.Κ. ΜΗΝΟΣ ΜΑΡΤΙΟΥ 2021,,,,no sponsor block
6ΓΖΜ4690Β3-Γ7Ι,2021-11-09,ΧΕ 1/673 ΕΦΗΜΕΡΙΕΣ ΠΕΡΑΝ ΤΟΥ ΠΛΑΦΟΝ ΙΑΤΡΩΝ ΕΣΥ ΤΟΥ Γ.Ν.Κ. ΜΗΝΟΣ ΜΑΡΤΙΟΥ 2021,,,,no sponsor block
ΩΑ3Ι4690Β3-Ι2Η,2021-11-09,ΧΕ 1/672 ΑΠΟΖ/ΣΗ ΜΕΛΩΝ Δ.Σ.,,,,no sponsor block
Ψ8ΔΗ4690Β3-Μ92,2021-11-04,ΧΕ 1/668 ΚΑΤΑΒΟΛΗ ΥΠΟΛΟΙΠΟΥ ΦΟΡΟΥ ΕΙΣΟΔΗΜΑΤΟΣ ΕΤΟΥΣ 2020,,,,no sponsor block
9ΞΘ94690Β3-Σ0Δ,2021-11-03,ΧΕ 1/667 ΑΠΟΖ/ΣΗ ΥΠΕΡΩΡΙΑΚΗΣ ΑΠΑΣΧΟΛΗΣΗΣ ΝΥΚΤΕΡΙΝΩΝ ΚΑΙ ΕΞΑΙΡΕΣΙΜΩΝ ΜΗΝΟΣ ΣΕΠΤΕΜΒΡΙΟΥ 2021 ΣΕ ΕΠΙΣΤΗΜΟΝΙΚΟ ΠΡΟΣΩΠΙΚΟ ΕΚΤ. ΠΡΟΣΛΗΨΗ COVID-19,,,,no sponsor block
9Υ094690Β3-ΜΞ1,2021-11-03,ΧΕ 1/666 ΑΠΟΖ/ΣΗ ΥΠΕΡΩΡΙΑΚΗΣ ΑΠΑΣΧΟΛΗΣΗΣ ΝΥΚΤΕΡΙΝΩΝ ΚΑΙ ΕΞΑΙΡΕΣΙΜΩΝ ΜΗΝΟΣ ΣΕΠΤΕΜΒΡΙΟΥ 2021 ΣΕ ΕΠΙΚΟΥΡΙΚΟ ΠΡΟΣΩΠΙΚΟ ΕΚΤ. ΠΡΟΣΛΗΨΗ COVID-19,,,,no sponsor block
ΨΞΝ14690Β3-2ΓΦ,2021-11-03,ΧΕ 1/665 ΑΠΟΖ/ΣΗ ΥΠΕΡΩΡΙΑΚΗΣ ΑΠΑΣΧΟΛΗΣΗΣ ΝΥΚΤΕΡΙΝΩΝ ΚΑΙ ΕΞΑΙΡΕΣΙΜΩΝ ΜΗΝΟΣ ΣΕΠΤΕΜΒΡΙΟΥ 2021 ΣΕ ΕΠΙΣΤΗΜΟΝΙΚΟ ΠΡΟΣΩΠΙΚΟ,,,,no sponsor block
9Ι5Ξ4690Β3-ΦΨΑ,2021-11-03,ΧΕ 1/664 ΑΠΟΖ/ΣΗ ΥΠΕΡΩΡΙΑΚΗΣ ΑΠΑΣΧΟΛΗΣΗΣ ΝΥΚΤΕΡΙΝΩΝ ΚΑΙ ΕΞΑΙΡΕΣΙΜΩΝ ΜΗΝΟΣ ΣΕΠΤΕΜΒΡΙΟΥ 2021 ΣΕ ΕΠΟΧΙΚΟ ΠΡΟΣΩΠΙΚΟ ΙΔΟΧ,,,,no sponsor block
ΨΧΤΔ4690Β3-ΩΞ1,2021-11-03,ΧΕ 1/663 ΑΠΟΖ/ΣΗ ΥΠΕΡΩΡΙΑΚΗΣ ΑΠΑΣΧΟΛΗΣΗΣ ΝΥΚΤΕΡΙΝΩΝ ΚΑΙ ΕΞΑΙΡΕΣΙΜΩΝ ΜΗΝΟΣ ΣΕΠΤΕΜΒΡΙΟΥ 2021 ΣΕ ΕΠΙΚΟΥΡΙΚΟ ΠΡΟΣΩΠΙΚΟ,,,,no sponsor block
63ΙΦ4690Β3-ΑΒ5,2021-11-03,ΧΕ 1/662 ΑΠΟΖ/ΣΗ ΥΠΕΡΩΡΙΑΚΗΣ ΑΠΑΣΧΟΛΗΣΗΣ ΝΥΚΤΕΡΙΝΩΝ ΚΑΙ ΕΞΑΙΡΕΣΙΜΩΝ ΜΗΝΟΣ ΣΕΠΤΕΜΒΡΙΟΥ 2021 ΣΕ ΕΠΙΚΟΥΡΙΚΟ ΠΡΟΣΩΠΙΚΟ ΕΠΙΧ/ΜΕΝΟΥ ΜΕΣΩ ΕΣΠΑ-ΠΙΝ,,,,no sponsor block
ΨΝΝΞ4690Β3-ΠΡΛ,2021-11-03,ΧΕ 1/661 ΑΠΟΖ/ΣΗ ΥΠΕΡΩΡΙΑΚΗΣ ΑΠΑΣΧΟΛΗΣΗΣ ΝΥΚΤΕΡΙΝΩΝ ΚΑΙ ΕΞΑΙΡΕΣΙΜΩΝ ΜΗΝΟΣ ΣΕΠΤΕΜΒΡΙΟΥ 2021 ΣΕ ΠΡΟΣΩΠΙΚΟ ΕΠΙ ΣΧΕΣΗ ΕΡΓΑΣΙΑΣ ΙΔΑΧ ΤΟΥ Κ.Ψ.Υ.,,,,no sponsor block
9ΛΥΗ4690Β3-ΟΑΨ,2021-11-03,ΧΕ 1/660 ΑΠΟΖ/ΣΗ ΥΠΕΡΩΡΙΑΚΗΣ ΑΠΑΣΧΟΛΗΣΗΣ ΝΥΚΤΕΡΙΝΩΝ ΚΑΙ ΕΞΑΙΡΕΣΙΜΩΝ ΜΗΝΟΣ ΣΕΠΤΕΜΒΡΙΟΥ 2021 ΣΕ ΝΟΣΗΛΕΥΤΙΚΟ ΠΡΟΣΩΠΙΚΟ ΚΑΤ. Τ.Ε. ΤΟΥ Κ.Ψ.Υ.,,,,no sponsor block
ΨΤ5Ο4690Β3-ΨΘΨ,2021-11-03,ΧΕ 1/659 ΑΠΟΖ/ΣΗ ΥΠΕΡΩΡΙΑΚΗΣ ΑΠΑΣΧΟΛΗΣΗΣ ΝΥΚΤΕΡΙΝΩΝ ΚΑΙ ΕΞΑΙΡΕΣΙΜΩΝ ΜΗΝΟΣ ΣΕΠΤΕΜΒΡΙΟΥ 2021 ΣΕ  ΠΡΟΣΩΠΙΚΟ ΚΑΤ. Υ.Ε. ΤΟΥ Κ.Ψ.Υ.,,,,no sponsor block
Ω11Μ4690Β3-17Φ,2021-11-03,ΧΕ 1/658 ΑΠΟΖ/ΣΗ ΥΠΕΡΩΡΙΑΚΗΣ ΑΠΑΣΧΟΛΗΣΗΣ ΝΥΚΤΕΡΙΝΩΝ ΚΑΙ ΕΞΑΙΡΕΣΙΜΩΝ ΜΗΝΟΣ ΣΕΠΤΕΜΒΡΙΟΥ 2021 ΣΕ ΝΟΣΗΛΕΥΤΙΚΟ ΠΡΟΣΩΠΙΚΟ ΚΑΤ. Υ.Ε. ΤΟΥ Κ.Ψ.Υ.,,,,no sponsor block
6ΚΞΘ4690Β3-7Β4,2021-11-03,ΧΕ 1/657 ΑΠΟΖ/ΣΗ ΥΠΕΡΩΡΙΑΚΗΣ ΑΠΑΣΧΟΛΗΣΗΣ ΝΥΚΤΕΡΙΝΩΝ ΚΑΙ ΕΞΑΙΡΕΣΙΜΩΝ ΜΗΝΟΣ ΣΕΠΤΕΜΒΡΙΟΥ 2021 ΣΕ ΝΟΣΗΛΕΥΤΙΚΟ ΠΡΟΣΩΠΙΚΟ ΚΑΤ. Δ.Ε. ΤΟΥ Κ.Ψ.Υ.,,,,no sponsor block
Ω31Α4690Β3-4ΝΥ,2021-11-03,ΧΕ 1/656 ΑΠΟΖ/ΣΗ ΥΠΕΡΩΡΙΑΚΗΣ ΑΠΑΣΧΟΛΗΣΗΣ ΝΥΚΤΕΡΙΝΩΝ ΚΑΙ ΕΞΑΙΡΕΣΙΜΩΝ ΜΗΝΟΣ ΣΕΠΤΕΜΒΡΙΟΥ 2021 ΣΕ ΔΙΟΙΚΗΤΙΚΟ ΠΡΟΣΩΠΙΚΟ,,,,no sponsor block
ΩΖΨΙ4690Β3-9Ο2,2021-11-03,ΧΕ 1/655 ΑΠΟΖ/ΣΗ ΥΠΕΡΩΡΙΑΚΗΣ ΑΠΑΣΧΟΛΗΣΗΣ ΝΥΚΤΕΡΙΝΩΝ ΚΑΙ ΕΞΑΙΡΕΣΙΜΩΝ ΜΗΝΟΣ ΣΕΠΤΕΜΒΡΙΟΥ 2021 ΣΕ ΤΕΧΝΙΚΟ ΠΡΟΣΩΠΙΚΟ,,,,no sponsor block
ΨΠΖΛ4690Β3-ΥΚΥ,2021-11-03,ΧΕ 1/654 ΑΠΟΖ/ΣΗ ΥΠΕΡΩΡΙΑΚΗΣ ΑΠΑΣΧΟΛΗΣΗΣ ΝΥΚΤΕΡΙΝΩΝ ΚΑΙ ΕΞΑΙΡΕΣΙΜΩΝ ΜΗΝΟΣ ΣΕΠΤΕΜΒΡΙΟΥ 2021 ΣΕ ΝΟΣΗΛΕΥΤΙΚΟ ΠΡΟΣΩΠΙΚΟ ΕΠΙ ΣΧΕΣΗ ΕΡΓΑΣΙΑΣ ΙΔΑΧ,,,,no sponsor block
6ΞΗΛ4690Β3-9Ω5,2021-11-03,ΧΕ 1/653 ΑΠΟΖ/ΣΗ ΥΠΕΡΩΡΙΑΚΗΣ ΑΠΑΣΧΟΛΗΣΗΣ ΝΥΚΤΕΡΙΝΩΝ ΚΑΙ ΕΞΑΙΡΕΣΙΜΩΝ ΜΗΝΟΣ ΣΕΠΤΕΜΒΡΙΟΥ 2021 ΣΕ ΕΠΙ ΘΗΤΕΙΑ ΝΟΣΗΛΕΥΤΙΚΟ ΠΡΟΣΩΠΙΚΟ,,,,no sponsor block
9ΗΒ24690Β3-ΑΩ8,2021-11-03,ΧΕ 1/652 ΑΠΟΖ/ΣΗ ΥΠΕΡΩΡΙΑΚΗΣ ΑΠΑΣΧΟΛΗΣΗΣ ΝΥΚΤΕΡΙΝΩΝ ΚΑΙ ΕΞΑΙΡΕΣΙΜΩΝ ΜΗΝΟΣ ΣΕΠΤΕΜΒΡΙΟΥ 2021 ΣΕ ΝΟΣΗΛΕΥΤΙΚΟ ΠΡΟΣΩΠΙΚΟ ΚΑΤ. Τ.Ε.,,,,no sponsor block
Ω8ΣΟ4690Β3-ΝΞΟ,2021-11-03,ΧΕ 1/651 ΑΠΟΖ/ΣΗ ΥΠΕΡΩΡΙΑΚΗΣ ΑΠΑΣΧΟΛΗΣΗΣ ΝΥΚΤΕΡΙΝΩΝ ΚΑΙ ΕΞΑΙΡΕΣΙΜΩΝ ΜΗΝΟΣ ΣΕΠΤΕΜΒΡΙΟΥ 2021 ΣΕ ΠΡΟΣΩΠΙΚΟ ΚΑΤ. Υ.Ε.,,,,no sponsor block
ΩΙΧΗ4690Β3-Χ00,2021-11-03,ΧΕ 1/650 ΑΠΟΖ/ΣΗ ΥΠΕΡΩΡΙΑΚΗΣ ΑΠΑΣΧΟΛΗΣΗΣ ΝΥΚΤΕΡΙΝΩΝ ΚΑΙ ΕΞΑΙΡΕΣΙΜΩΝ ΜΗΝΟΣ ΣΕΠΤΕΜΒΡΙΟΥ 2021 ΣΕ  ΠΡΟΣΩΠΙΚΟ ΚΑΤ. Δ.Ε.,,,,no sponsor block
67ΦΛ4690Β3-30Φ,2021-11-03,ΧΕ 1/649 ΑΠΟΖ/ΣΗ ΥΠΕΡΩΡΙΑΚΗΣ ΑΠΑΣΧΟΛΗΣΗΣ ΝΥΚΤΕΡΙΝΩΝ ΚΑΙ ΕΞΑΙΡΕΣΙΜΩΝ ΜΗΝΟΣ ΣΕΠΤΕΜΒΡΙΟΥ 2021 ΣΕ ΝΟΣΗΛΕΥΤΙΚΟ ΠΡΟΣΩΠΙΚΟ ΚΑΤ. Π.Ε.,,,,no sponsor block
9ΔΠΞ4690Β3-8Λ2,2021-11-03,ΧΕ 1/648 ΑΠΟΖ/ΣΗ ΥΠΕΡΩΡΙΑΚΗΣ ΑΠΑΣΧΟΛΗΣΗΣ ΝΥΚΤΕΡΙΝΩΝ ΚΑΙ ΕΞΑΙΡΕΣΙΜΩΝ ΜΗΝΟΣ ΣΕΠΤΕΜΒΡΙΟΥ 2021 ΣΕ ΠΑΡΑΣΚΕΥΑΣ-ΤΡΙΕΣ/ΤΕΣ,,,,no sponsor block
6ΝΕ74690Β3-Δ9Β,2021-11-03,ΧΕ 1/647 ΑΠΟΖ/ΣΗ ΥΠΕΡΩΡΙΑΚΗΣ ΑΠΑΣΧΟΛΗΣΗΣ ΝΥΚΤΕΡΙΝΩΝ ΚΑΙ ΕΞΑΙΡΕΣΙΜΩΝ ΜΗΝΟΣ ΣΕΠΤΕΜΒΡΙΟΥ 2021 ΣΕ ΝΟΣΗΛΕΥΤΙΚΟ ΠΡΟΣΩΠΙΚΟ ΚΑΤ. Υ.Ε.,,,,no sponsor block
ΨΜ5Μ4690Β3-0ΗΔ,2021-11-03,ΧΕ 1/646 ΑΠΟΖ/ΣΗ ΥΠΕΡΩΡΙΑΚΗΣ ΑΠΑΣΧΟΛΗΣΗΣ ΝΥΚΤΕΡΙΝΩΝ ΚΑΙ ΕΞΑΙΡΕΣΙΜΩΝ ΜΗΝΟΣ ΣΕΠΤΕΜΒΡΙΟΥ 2021 ΣΕ ΝΟΣΗΛΕΥΤΙΚΟ ΠΡΟΣΩΠΙΚΟ ΚΑΤ. Δ.Ε.,,,,no sponsor block
91Ζ94690Β3-ΗΓ8,2021-11-01,ΧΕ 1/644 ΕΦΗΜΕΡΙΕΣ ΕΙΔΙΚ/ΝΩΝ ΙΑΤΡΩΝ ΕΣΥ ΜΗΝΟΣ ΣΕΠΤΕΜΒΡΙΟΥ 2021 ΕΚΤ. ΠΡΟΣΛΗΨΗ COVID-19,,,,no sponsor block
94ΔΘ4690Β3-146,2021-11-01,ΧΕ 1/643 ΕΦΗΜΕΡΙΕΣ ΕΠΙΚΟΥΡΙΚΩΝ ΙΑΤΡΩΝ ΕΣΥ ΜΗΝΟΣ ΣΕΠΤΕΜΒΡΙΟΥ 2021 ΕΚΤ. ΠΡΟΣΛΗΨΗ COVID-19,,,,no sponsor block
ΨΛΩΜ4690Β3-3Δ8,2021-11-01,ΧΕ 1/642 ΕΦΗΜΕΡΙΕΣ ΕΠΙΚΟΥΡΙΚΩΝ ΙΑΤΡΩΝ ΕΣΥ ΚΑΤ. ΙΔΟΧ ΜΗΝΟΣ ΣΕΠΤΕΜΒΡΙΟΥ 2021,,,,no sponsor block
ΨΨΕΣ4690Β3-22Θ,2021-11-01,ΧΕ 1/641 ΕΦΗΜΕΡΙΕΣ ΙΑΤΡΟΥ ΕΣΥ ΤΟΥ ΚΕΝΤΡΟΥ ΨΥΧΙΚΗΣ ΥΓΕΙΑΣ ΜΗΝΟΣ ΣΕΠΤΕΜΒΡΙΟΥ 2021,,,,no sponsor block
6ΨΙ84690Β3-ΧΥΡ,2021-11-01,ΧΕ 1/640 ΕΦΗΜΕΡΙΕΣ ΑΓΡΟΤΙΚΩΝ ΙΑΤΡΩΝ ΕΣΥ ΜΗΝΟΣ ΣΕΠΤΕΜΒΡΙΟΥ 2021,,,,no sponsor block
94ΥΖ4690Β3-ΥΔ7,2021-11-01,ΧΕ 1/639 ΕΦΗΜΕΡΙΕΣ ΕΙΔΙΚ/ΝΩΝ ΙΑΤΡΩΝ ΕΣΥ  ΜΗΝΟΣ ΣΕΠΤΕΜΒΡΙΟΥ 2021,,,,no sponsor block
ΨΚ6Υ4690Β3-7ΩΒ,2021-11-01,ΧΕ 1/638 ΕΦΗΜΕΡΙΕΣ ΙΑΤΡΟΥ  ΕΣΥ ΜΗΝΟΣ ΣΕΠΤΕΜΒΡΙΟΥ 2021,,,,no sponsor block
6ΣΦΠ4690Β3-ΞΡ2,2021-11-01,ΧΕ 1/637 ΕΦΗΜΕΡΙΕΣ ΙΑΤΡΙΚΟΥ ΠΡΟΣΩΠΙΚΟΥ ΕΣΥ ΜΗΝΟΣ ΣΕΠΤΕΜΒΡΙΟΥ 2021,,,,no sponsor block
ΨΟ8Γ4690Β3-ΑΗΚ,2021-11-01,ΧΕ 0/1680 ΜΙΣΘΟΔΟΣΙΑ ΜΗΝΟΣ ΟΚΤΩΒΡΙΟΥ 2021 ΣΠΟΥΔΑΣΤΩΝ Τ.Ε.Ι.,,,,no sponsor block
ΨΝΒ74690Β3-ΕΓ1,2021-11-01,ΧΕ 0/1679 ΜΙΣΘΟΔΟΣΙΑ ΜΗΝΟΣ ΟΚΤΩΒΡΙΟΥ 2021 ΕΠΙΚΟΥΡΙΚΟΥ ΠΡΟΣΩΠΙΚΟΥ ΟΡΙΣΜΕΝΟΥ ΧΡΟΝΟΥ,,,,no sponsor block
6Ε9Π4690Β3-6ΧΓ,2021-11-01,ΧΕ 0/1678 ΜΙΣΘΟΔΟΣΙΑ ΜΗΝΟΣ ΟΚΤΩΒΡΙΟΥ 2021 ΕΠΙΚΟΥΡΙΚΩΝ ΙΑΤΡΩΝ ΕΣΥ ΟΡΙΣΜΕΝΟΥ ΧΡΟΝΟΥ,,,,no sponsor block
ΨΚ494690Β3-7ΥΙ,2021-11-01,ΧΕ 0/1677 ΜΙΣΘΟΔΟΣΙΑ ΜΗΝΟΣ ΟΚΤΩΒΡΙΟΥ 2021  ΕΠΟΧΙΚΟΥ ΠΡΟΣΩΠΙΚΟΥ Ι.Δ.Ο.Χ.,,,,no sponsor block
6ΦΧΨ4690Β3-Δ30,2021-11-01,ΧΕ 0/1676 ΑΝΑΔΡΟΜΙΚΑ ΜΙΣΘΟΛΟΓΙΚΟΥ ΚΛΙΜΑΚΙΟΥ ΣΕ  ΕΠΙΚΟΥΡΙΚΟ ΕΠΙΣΤΗΜΟΝΙΚΟ ΠΡΟΣΩΠΙΚΟ ΠΡΟΣΛ/ΝΟΥ ΛΟΓΩ ΠΑΝΔΗΜΙΑΣ COVID-19,,,,no sponsor block
ΨΛΧΝ4690Β3-ΦΤΑ,2021-11-01,ΧΕ 0/1675 ΜΙΣΘΟΔΟΣΙΑ ΜΗΝΟΣ ΟΚΤΩΒΡΙΟΥ 2021 ΕΠΙΚΟΥΡΙΚΟΥ ΕΠΙΣΤΗΜΟΝΙΚΟΥ ΠΡΟΣΩΠΙΚΟΥ ΠΡΟΣΛ/ΝΟΥ ΛΟΓΩ ΠΑΝΔΗΜΙΑΣ COVID-19,,,,no sponsor block
6ΦΞΖ4690Β3-ΚΚΥ,2021-11-01,ΧΕ 0/1674 ΜΙΣΘΟΔΟΣΙΑ ΜΗΝΟΣ ΟΚΤΩΒΡΙΟΥ 2021 ΕΠΙΚΟΥΡΙΚΟΥ ΠΡΟΣΩΠΙΚΟΥ ΠΡΟΣΛ/ΝΟΥ ΛΟΓΩ ΠΑΝΔΗΜΙΑΣ COVID-19,,,,no sponsor block
ΨΩΦ94690Β3-ΕΜΔ,2021-11-01,ΧΕ 0/1673 ΜΙΣΘΟΔΟΣΙΑ ΜΗΝΟΣ ΟΚΤΩΒΡΙΟΥ 2021 ΕΠΙΚΟΥΡΙΚΟΥ ΠΡΟΣΩΠΙΚΟΥ ΠΡΟΣΛ/ΝΟΥ ΛΟΓΩ ΠΑΝΔΗΜΙΑΣ COVID-19,,,,no sponsor block
ΨΙΑΝ4690Β3-2ΒΘ,2021-11-01,ΧΕ 0/1672 ΜΙΣΘΟΔΟΣΙΑ ΜΗΝΟΣ ΟΚΤΩΒΡΙΟΥ 2021 ΕΠΙΚΟΥΡΙΚΩΝ ΙΑΤΡΩΝ ΕΣΥ ΠΡΟΣΛ/ΝΟΥ ΛΟΓΩ ΠΑΝΔΗΜΙΑΣ COVID-19,,,,no sponsor block
ΨΜΞΣ4690Β3-ΗΨΛ,2021-11-01,ΧΕ 1/636 ΜΙΣΘΟΔΟΣΙΑ ΝΕΟΠΡΟΣΛΑΜΒΑΝΟΜΕΝΟΥ ΕΠΙΚΟΥΡΙΚΟΥ ΠΡΟΣΩΠΙΚΟΥ ΛΟΓΩ ΠΑΝΔΗΜΙΑΣ COVID-19,,,,no sponsor block
ΨΓΗ24690Β3-Β4Ψ,2021-11-01,ΧΕ 1/635 ΜΙΣΘΟΔΟΣΙΑ ΝΕΟΠΡΟΣΛΑΜΒΑΝΟΜΕΝΟΥ ΕΠΙΚΟΥΡΙΚΟΥ ΠΡΟΣΩΠΙΚΟΥ ΛΟΓΩ ΠΑΝΔΗΜΙΑΣ COVID-19,,,,no sponsor block
67Φ24690Β3-ΡΧΡ,2021-11-01,0/1671 ΜΙΣΘΟΔΟΣΙΑ ΜΗΝΟΣ ΟΚΤΩΒΡΙΟΥ 2021 ΕΠΙΚΟΥΡΙΚΟΥ ΠΡΟΣΩΠΙΚΟΥ ΕΠΙΧ/ΝΟΥ ΜΕΣΩ Ε.Σ.Π.Α. -Π.Ι.Ν.,,,,no sponsor block
65ΧΜ4690Β3-ΜΟ1,2021-11-01,ΧΕ 0/1670 ΜΙΣΘΟΔΟΣΙΑ ΜΗΝΟΣ ΟΚΤΩΒΡΙΟΥ 2021 ΕΠΙΚΟΥΡΙΚΟΥ ΠΡΟΣΩΠΙΚΟΥ ΕΠΙΧ/ΝΟΥ ΜΕΣΩ Ε.Σ.Π.Α. -Π.Ι.Ν.,,,,no sponsor block
ΨΡ5Λ4690Β3-ΔΒΖ,2021-10-22,ΧΕ 0/1642 ΑΠΟΔΟΣΗ ΑΣΦΑΛΙΣΤΙΚΩΝ ΕΙΣΦΟΡΩΝ  ΜΗΝΟΣ ΑΥΓΟΥΣΤΟΥ 2021 ΑΠΑΣΧ/ΝΩΝ ΜΕΣΩ ΠΡΟΓ/ΤΟΣ ΚΟΙΝΩΦΕΛΟΥΣ ΕΡΓΑΣΙΑΣ Ο.Α.Ε.Δ. ΠΡΟΣΚΛΗΣΗ 10/2017,,,,no sponsor block
Ω2164690Β3-ΜΓ1,2021-10-22,ΧΕ 0/1641 ΑΠΟΔΟΣΗ Φ.Μ.Υ.  ΜΗΝΟΣ ΑΥΓΟΥΣΤΟΥ 2021 ΑΠΑΣΧ/ΝΩΝ ΜΕΣΩ ΠΡΟΓ/ΤΟΣ ΚΟΙΝΩΦΕΛΟΥΣ ΕΡΓΑΣΙΑΣ Ο.Α.Ε.Δ. ΠΡΟΣΚΛΗΣΗ 10/2017,,,,no sponsor block
6Ω114690Β3-ΡΙΩ,2021-10-22,ΧΕ 0/1640 ΑΠΟΔΟΣΗ ΑΣΦΑΛΙΣΤΙΚΩΝ ΕΙΣΦΟΡΩΝ  ΜΗΝΟΣ ΑΥΓΟΥΣΤΟΥ 2021 ΑΠΑΣΧ/ΝΩΝ ΜΕΣΩ ΠΡΟΓ/ΤΟΣ ΚΟΙΝΩΦΕΛΟΥΣ ΕΡΓΑΣΙΑΣ Ο.Α.Ε.Δ. ΠΡΟΣΚΛΗΣΗ 13/2016,,,,no sponsor block
ΨΟΖΘ4690Β3-Ε0Φ,2021-10-22,ΧΕ 0/1639 ΑΠΟΔΟΣΗ Φ.Μ.Υ.  ΜΗΝΟΣ ΑΥΓΟΥΣΤΟΥ 2021 ΑΠΑΣΧ/ΝΩΝ ΜΕΣΩ ΠΡΟΓ/ΤΟΣ ΚΟΙΝΩΦΕΛΟΥΣ ΕΡΓΑΣΙΑΣ Ο.Α.Ε.Δ. ΠΡΟΣΚΛΗΣΗ 13/2016,,,,no sponsor block
ΩΑ024690Β3-ΟΤΑ,2021-10-22,ΧΕ 0/1638 ΑΠΟΔΟΣΗ ΚΡΑΤΗΣΕΩΝ Χ/ΜΟ ΚΑΙ ΟΓΑ ΜΗΝΟΣ ΑΥΓΟΥΣΤΟΥ 2021 ΤΟΥ Ψ.ΤΟΜΕΑ,,,,no sponsor block
6ΡΣΑ4690Β3-7Λ6,2021-10-22,ΧΕ 0/1637 ΑΠΟΔΟΣΗ ΚΡΑΤΗΣΕΩΝ ΥΠΕΡ ΨΥΧΙΚΗΣ ΥΓΕΙΑΣ ΜΗΝΟΣ ΑΥΓΟΥΣΤΟΥ 2021 ΤΟΥ Ψ.ΤΟΜΕΑ,,,,no sponsor block
ΨΒΜΝ4690Β3-1ΧΤ,2021-10-22,ΧΕ 0/1636 ΑΠΟΔΟΣΗ ΚΡΑΤΗΣΕΩΝ ΕΑΑΔΗΣΥ ΜΗΝΟΣ ΑΥΓΟΥΣΤΟΥ 2021  ΤΟΥ Ψ.ΤΟΜΕΑ,,,,no sponsor block
ΩΔΓΨ4690Β3-ΨΜΣ,2021-10-22,ΧΕ 0/1635 ΑΠΟΔΟΣΗ ΚΡΑΤΗΣΕΩΝ Χ/ΜΟ ΚΑΙ ΟΓΑ ΜΗΝΟΣ ΑΥΓΟΥΣΤΟΥ 2021 ΤΟΥ Γ.Ν.Κ.,,,,no sponsor block
647Ω4690Β3-Ρ3Ξ,2021-10-22,ΧΕ 0/1634 ΑΠΟΔΟΣΗ ΚΡΑΤΗΣΕΩΝ ΥΠΕΡ ΨΥΧΙΚΗΣ ΥΓΕΙΑΣ ΜΗΝΟΣ ΑΥΓΟΥΣΤΟΥ 2021 ΤΟΥ Γ.Ν.Κ.,,,,no sponsor block
6ΚΘΙ4690Β3-5ΩΖ,2021-10-22,ΧΕ 0/1633 ΑΠΟΔΟΣΗ ΚΡΑΤΗΣΕΩΝ ΕΑΑΔΗΣΥ ΜΗΝΟΣ ΑΥΓΟΥΣΤΟΥ 2021 ΣΤΟ Γ.Ν.Κ.,,,,no sponsor block
Ψ3ΠΡ4690Β3-ΜΟΙ,2021-10-22,ΧΕ 0/1632 ΑΠΟΔΟΣΗ ΚΑΡΑΤΗΣΕΩΝ Α.Ε.Π.Π. ΜΗΝΟΣ ΑΥΓΟΥΣΤΟΥ 2021 ΣΤΟ Γ.Ν.Κ.,,,,no sponsor block
ΩΦΠΙ4690Β3-Ρ06,2021-10-22,ΧΕ 0/1631 ΑΠΟΔΟΣΗ ΦΟΡΟΥ ΜΗΝΟΣ ΑΥΓΟΥΣΤΟΥ 2021 ΤΟΥ Γ.Ν.Κ.,,,,no sponsor block
676Υ4690Β3-ΨΛ8,2021-09-30,ΧΕ 0/1477 ΑΠΟΚΑΤΑΣΤΑΣΗ ΠΑΓΙΑΣ ΠΡΟΚΑΤΑΒΟΛΗΣ,,,,no sponsor block
ΩΚΥΗ4690Β3-Φ3Λ,2021-09-30,ΧΕ 1/602 ΑΠΟΖ/ΣΗ  ΕΞΑΙΡΕΣΙΜΩΝ-ΝΥΚΤΕΡΙΝΩΝ ΜΗΝΟΣ ΑΥΓΟΥΣΤΟΥ 2021 ΣΕ ΝΟΣΗΛΕΥΤΙΚΟ ΠΡΟΣΩΠΙΚΟ ΚΑΤ. Ι.Δ.Α.Χ. ΤΟΥ ΚΕΝΤΡΟΥ ΨΥΧΙΚΗΣ ΥΓΕΙΑΣ,,,,no sponsor block
Ψ3Θ14690Β3-ΑΞΘ,2021-09-30,ΧΕ 1/601 ΑΠΟΖ/ΣΗ  ΕΞΑΙΡΕΣΙΜΩΝ-ΝΥΚΤΕΡΙΝΩΝ ΜΗΝΟΣ ΑΥΓΟΥΣΤΟΥ 2021 ΣΕ  ΠΡΟΣΩΠΙΚΟ ΤΟΥ ΚΕΝΤΡΟΥ ΨΥΧΙΚΗΣ ΥΓΕΙΑΣ,,,,no sponsor block
Ω1Φ84690Β3-920,2021-09-30,ΧΕ 1/600 ΑΠΟΖ/ΣΗ  ΕΞΑΙΡΕΣΙΜΩΝ-ΝΥΚΤΕΡΙΝΩΝ ΜΗΝΟΣ ΑΥΓΟΥΣΤΟΥ 2021 ΣΕ ΝΟΣΗΛΕΥΤΙΚΟ ΠΡΟΣΩΠΙΚΟ ΤΟΥ ΚΕΝΤΡΟΥ ΨΥΧΙΚΗΣ ΥΓΕΙΑΣ,,,,no sponsor block
9ΒΦΚ4690Β3-5ΟΟ,2021-09-30,ΧΕ 1/599 ΑΠΟΖ/ΣΗ  ΕΞΑΙΡΕΣΙΜΩΝ-ΝΥΚΤΕΡΙΝΩΝ ΜΗΝΟΣ ΑΥΓΟΥΣΤΟΥ 2021 ΣΕ ΝΟΣΗΛΕΥΤΙΚΟ ΠΡΟΣΩΠΙΚΟ ΤΟΥ ΚΕΝΤΡΟΥ ΨΥΧΙΚΗΣ ΥΓΕΙΑΣ,,,,no sponsor block
9ΟΥ04690Β3-ΥΒ9,2021-09-30,ΧΕ 1/598 ΑΠΟΖ/ΣΗ  ΕΞΑΙΡΕΣΙΜΩΝ-ΝΥΚΤΕΡΙΝΩΝ ΜΗΝΟΣ ΑΥΓΟΥΣΤΟΥ 2021 ΣΕ ΝΟΣΗΛΕΥΤΙΚΟ ΠΡΟΣΩΠΙΚΟ ΤΟΥ ΚΕΝΤΡΟΥ ΨΥΧΙΚΗΣ ΥΓΕΙΑΣ,,,,no sponsor block
Ω3Θ14690Β3-40Ν,2021-09-30,ΧΕ 1/597 ΑΠΟΖ/ΣΗ  ΕΞΑΙΡΕΣΙΜΩΝ-ΝΥΚΤΕΡΙΝΩΝ ΜΗΝΟΣ ΑΥΓΟΥΣΤΟΥ 2021 ΣΕ ΠΡΟΣΩΠΙΚΟ ΕΠΙ ΣΧΕΣΕΙ ΕΡΓΑΣΙΑΣ Ι.Δ.Α.Χ. ΤΟΥ Γ.Ν.Κ.,,,,no sponsor block
Ω1Κ24690Β3-3Ω9,2021-09-30,ΧΕ 1/596 ΑΠΟΖ/ΣΗ  ΕΞΑΙΡΕΣΙΜΩΝ-ΝΥΚΤΕΡΙΝΩΝ ΜΗΝΟΣ ΑΥΓΟΥΣΤΟΥ 2021 ΣΕ ΝΟΣΗΛΕΥΤΙΚΟ ΠΡΟΣΩΠΙΚΟ ΤΟΥ Γ.Ν.Κ.,,,,no sponsor block
9ΕΑΝ4690Β3-Θ99,2021-09-30,ΧΕ 1/595 ΑΠΟΖ/ΣΗ  ΓΙΑ ΥΠΗΕΩΡΙΑΚΗ ΕΡΓΑΣΙΑ ΕΞΑΙΡΕΣΙΜΩΝ-ΝΥΚΤΕΡΙΝΩΝ ΜΗΝΟΣ ΑΥΓΟΥΣΤΟΥ 2021 ΣΕ ΝΟΣΗΛΕΥΤΙΚΟ ΠΡΟΣΩΠΙΚΟ ΤΟΥ Γ.Ν.Κ.,,,,no sponsor block
6ΓΓΔ4690Β3-Β5Ν,2021-09-30,ΧΕ 1/594 ΑΠΟΖ/ΣΗ  ΕΞΑΙΡΕΣΙΜΩΝ-ΝΥΚΤΕΡΙΝΩΝ ΜΗΝΟΣ ΑΥΓΟΥΣΤΟΥ 2021 ΣΕ  ΠΡΟΣΩΠΙΚΟ ΤΟΥ Γ.Ν.Κ.,,,,no sponsor block
6ΖΑ94690Β3-ΚΡΠ,2021-09-30,ΧΕ 1/593 ΑΠΟΖ/ΣΗ  ΕΞΑΙΡΕΣΙΜΩΝ-ΝΥΚΤΕΡΙΝΩΝ ΜΗΝΟΣ ΑΥΓΟΥΣΤΟΥ 2021 ΣΕ ΝΟΣΗΛΕΥΤΙΚΟ ΠΡΟΣΩΠΙΚΟ ΤΟΥ Γ.Ν.Κ.,,,,no sponsor block
6ΘΛΟ4690Β3-ΛΓΒ,2021-09-30,ΧΕ 1/592 ΑΠΟΖ/ΣΗ  ΕΞΑΙΡΕΣΙΜΩΝ-ΝΥΚΤΕΡΙΝΩΝ ΜΗΝΟΣ ΑΥΓΟΥΣΤΟΥ 2021 ΣΕ ΝΟΣΗΛΕΥΤΙΚΟ ΠΡΟΣΩΠΙΚΟ ΤΟΥ Γ.Ν.Κ. ΚΑΤ. Υ.Ε,,,,no sponsor block
61Κ14690Β3-ΓΕ2,2021-09-30,ΧΕ 1/591 ΑΠΟΖ/ΣΗ  ΕΞΑΙΡΕΣΙΜΩΝ-ΝΥΚΤΕΡΙΝΩΝ ΜΗΝΟΣ ΑΥΓΟΥΣΤΟΥ 2021 ΣΕ ΔΙΟΙΚΗΤΙΚΟ ΠΡΟΣΩΠΙΚΟ ΤΟΥ Γ.Ν.Κ.,,,,no sponsor block
ΩΙΖΘ4690Β3-ΦΕΚ,2021-09-30,ΧΕ 1/590 ΑΠΟΖ/ΣΗ  ΕΞΑΙΡΕΣΙΜΩΝ-ΝΥΚΤΕΡΙΝΩΝ ΜΗΝΟΣ ΑΥΓΟΥΣΤΟΥ 2021 ΣΕ ΝΟΣΗΛΕΥΤΙΚΟ  ΠΡΟΣΩΠΙΚΟ ΤΟΥ Γ.Ν.Κ. ΚΑΤ. Π.Ε,,,,no sponsor block
9ΦΣΨ4690Β3-ΠΒΜ,2021-09-30,ΧΕ 1/589 ΑΠΟΖ/ΣΗ  ΥΠΕΡΩΡΙΚΗΣ ΕΡΓΑΣΙΑΣ- ΕΞΑΙΡΕΣΙΜΩΝ-ΝΥΚΤΕΡΙΝΩΝ ΜΗΝΟΣ ΑΥΓΟΥΣΤΟΥ 2021 ΣΕ ΠΑΡΑΣΚΕΥΑΣ-ΤΡΙΕΣ/ΤΕΣ  ΤΟΥ Γ.Ν.Κ.,,,,no sponsor block
9Π0Μ4690Β3-07Ο,2021-09-30,ΧΕ 1/588 ΑΠΟΖ/ΣΗ  ΕΞΑΙΡΕΣΙΜΩΝ-ΝΥΚΤΕΡΙΝΩΝ ΜΗΝΟΣ ΑΥΓΟΥΣΤΟΥ 2021 ΣΕ ΤΕΧΝΙΚΟ ΠΡΟΣΩΠΙΚΟ ΤΟΥ Γ.Ν.Κ.,,,,no sponsor block
6Π914690Β3-ΟΩ6,2021-09-30,ΧΕ 1/587 ΑΠΟΖ/ΣΗ  ΕΞΑΙΡΕΣΙΜΩΝ-ΝΥΚΤΕΡΙΝΩΝ ΜΗΝΟΣ ΑΥΓΟΥΣΤΟΥ 2021 ΣΕ ΝΟΣΗΛΕΥΤΙΚΟ ΠΡΟΣΩΠΙΚΟ ΤΟΥ Γ.Ν.Κ.,,,,no sponsor block
ΩΖ2Α4690Β3-Ω6Ψ,2021-09-30,ΧΕ 1/605 ΑΠΟΖ/ΣΗ  ΕΞΑΙΡΕΣΙΜΩΝ-ΝΥΚΤΕΡΙΝΩΝ ΜΗΝΟΣ ΑΥΓΟΥΣΤΟΥ 2021 ΣΕ  ΠΡΟΣΩΠΙΚΟ ΕΠΙ ΣΧΕΣΕΙ ΕΡΓΑΣΙΑΣ Ι.Δ. ΤΟΥ Γ.Ν.Κ.,,,,no sponsor block
679Β4690Β3-ΩΞΡ,2021-09-30,ΧΕ 1/604 ΑΠΟΖ/ΣΗ  ΕΞΑΙΡΕΣΙΜΩΝ-ΝΥΚΤΕΡΙΝΩΝ ΜΗΝΟΣ ΑΥΓΟΥΣΤΟΥ 2021 ΣΕ ΕΠΟΧΙΚΟ ΠΡΟΣΩΠΙΚΟ Ι.Δ.Ο.Χ.,,,,no sponsor block
Ω38Ω4690Β3-54Θ,2021-09-30,ΧΕ 1/603 ΑΠΟΖ/ΣΗ  ΕΞΑΙΡΕΣΙΜΩΝ-ΝΥΚΤΕΡΙΝΩΝ ΜΗΝΟΣ ΑΥΓΟΥΣΤΟΥ 2021 ΣΕ ΕΠΙΚΟΥΡΙΚΟ ΠΡΟΣΩΠΙΚΟ ΤΟΥ Γ.Ν.Κ.,,,,no sponsor block
ΩΤΘΔ4690Β3-ΛΣΓ,2021-09-30,ΧΕ 1/609 ΑΠΟΖ/ΣΗ  ΓΙΑ ΥΠΕΡΩΡΙΑΚΗ ΕΡΓΑΣΙΑ-ΕΞΑΙΡΕΣΙΜΩΝ-ΝΥΚΤΕΡΙΝΩΝ ΜΗΝΟΣ ΑΥΓΟΥΣΤΟΥ 2021 ΣΕ  ΠΡΟΣΩΠΙΚΟ ΕΠΙ ΣΧΕΣΕΙ ΕΡΓΑΣΙΑΣ Ι.Δ. ΤΟΥ Γ.Ν.Κ. ΕΚΤ. ΠΡΟΣΛΗΨΗ COVID-19,,,,no sponsor block
ΨΓΨΙ4690Β3-ΕΘΨ,2021-09-30,ΧΕ 1/608 ΑΠΟΖ/ΣΗ  ΓΙΑ ΥΠΕΡΩΡΙΑΚΗ ΕΡΓΑΣΙΑ-ΕΞΑΙΡΕΣΙΜΩΝ-ΝΥΚΤΕΡΙΝΩΝ ΜΗΝΟΣ ΑΥΓΟΥΣΤΟΥ 2021 ΣΕ ΕΠΙΣΤΗΜΟΝΙΚΟ ΠΡΟΣΩΠΙΚΟ ΤΟΥ Γ.Ν.Κ. ΕΚΤ. ΠΡΟΣΛΗΨΗ COVID-19,,,,no sponsor block
ΨΜ4Κ4690Β3-4ΧΗ,2021-09-30,ΧΕ 1/607 ΑΠΟΖ/ΣΗ  ΓΙΑ ΥΠΕΡΩΡΙΑΚΗ ΕΡΓΑΣΙΑ-ΕΞΑΙΡΕΣΙΜΩΝ-ΝΥΚΤΕΡΙΝΩΝ ΜΗΝΟΣ ΑΥΓΟΥΣΤΟΥ 2021 ΣΕ ΕΠΙΚΟΥΡΙΚΟ ΠΡΟΣΩΠΙΚΟ ΤΟΥ Γ.Ν.Κ. ΕΚΤ. ΠΡΟΣΛΗΨΗ COVID-19,,,,no sponsor block
Ω3ΤΙ4690Β3-ΧΝΑ,2021-09-30,ΧΕ 1/610 ΑΠΟΖ/ΣΗ  ΓΙΑ ΥΠΕΡΩΡΙΑΚΗ ΕΡΓΑΣΙΑ-ΕΞΑΙΡΕΣΙΜΩΝ-ΝΥΚΤΕΡΙΝΩΝ ΜΗΝΟΣ ΑΥΓΟΥΣΤΟΥ 2021 ΣΕ ΕΠΙΣΤΗΜΟΝΙΚΟ ΠΡΟΣΩΠΙΚΟ,,,,no sponsor block
ΩΓ1Α4690Β3-Γ5Δ,2021-09-30,ΧΕ 1/606 ΑΠΟΖ/ΣΗ  ΕΞΑΙΡΕΣΙΜΩΝ-ΝΥΚΤΕΡΙΝΩΝ ΜΗΝΟΣ ΑΥΓΟΥΣΤΟΥ 2021 ΣΕ ΕΠΙΚΟΥΡΙΚΟ ΠΡΟΣΩΠΙΚΟ ΕΠΙΧ/ΝΟΥ ΜΕΣΩ Ε.Σ.Π.Α.-Π.Ι.Ν.,,,,no sponsor block
9Χ7Κ4690Β3-29Γ,2021-09-29,ΧΕ 0/1476 ΜΙΣΘΟΔΟΣΙΑ ΕΠΙΚΟΥΡΙΚΟΥ ΠΡΟΣΩΠΙΚΟΥ ΜΗΝΟΣ ΣΕΠΤΕΜΒΡΙΟΥ 2021 ΕΠΙΧ/ΝΟΥ ΜΕΣΩ Ε.Σ.Π.Α.-Π.Ι.Ν,,,,no sponsor block
Ω2ΞΑ4690Β3-ΥΥΖ,2021-09-29,ΧΕ 1/586 ΕΦΗΜΕΡΙΕΣ ΕΙΔΙΚ/ΝΩΝ  ΙΑΤΡΩΝ ΕΣΥ ΜΗΝΟΣ ΑΥΓΟΥΣΤΟΥ 2021 ΕΚΤ. ΠΡΟΣΛΗΨΗ COVID-19,,,,no sponsor block
93Λ94690Β3-Λ3Ο,2021-09-29,ΧΕ 1/585 ΕΦΗΜΕΡΙΕΣ ΕΠΙΚΟΥΡΙΚΩΝ ΙΑΤΡΩΝ ΕΣΥ ΜΗΝΟΣ ΑΥΓΟΥΣΤΟΥ 2021 ΕΚΤ. ΠΡΟΣΛΗΨΗ COVID-19,,,,no sponsor block
9ΠΦ84690Β3-ΗΣΛ,2021-09-29,ΧΕ 1/584 ΕΦΗΜΕΡΙΕΣ  ΙΑΤΡΟΥ ΕΣΥ ΜΗΝΟΣ ΑΥΓΟΥΣΤΟΥ 2021 ΤΟΥ ΚΕΝΤΡΟΥ ΨΥΧΙΚΗΣ ΥΓΕΙΑΣ,,,,no sponsor block
ΩΝΧΚ4690Β3-33Φ,2021-09-29,ΧΕ 1/583 ΕΦΗΜΕΡΙΕΣ ΑΓΡΟΤΙΚΩΝ ΙΑΤΡΩΝ ΕΣΥ ΜΗΝΟΣ ΑΥΓΟΥΣΤΟΥ 2021,,,,no sponsor block
Ψ3ΞΑ4690Β3-100,2021-09-29,ΧΕ 1/582 ΕΦΗΜΕΡΙΕΣ ΙΑΤΡΟΥ ΕΣΥ ΜΗΝΟΣ ΑΥΓΟΥΣΤΟΥ 2021,,,,no sponsor block
Ψ8ΛΩ4690Β3-Δ5Π,2021-09-29,ΧΕ 1/581 ΕΦΗΜΕΡΙΕΣ ΕΙΔΙΚ/ΝΩΝ ΙΑΤΡΩΝ ΕΣΥ ΜΗΝΟΣ ΑΥΓΟΥΣΤΟΥ 2021,,,,no sponsor block
94ΚΔ4690Β3-Υ2Φ,2021-09-29,ΧΕ 1/580 ΕΦΗΜΕΡΙΕΣ ΕΠΙΚΟΥΡΙΚΩΝ ΙΑΤΡΩΝ ΕΣΥ ΜΗΝΟΣ ΑΥΓΟΥΣΤΟΥ 2021,,,,no sponsor block
9ΗΝΚ4690Β3-ΖΙ1,2021-09-29,ΧΕ 1/579 ΕΦΗΜΕΡΙΕΣ  ΙΑΤΡΩΝ ΕΣΥ ΜΗΝΟΣ ΑΥΓΟΥΣΤΟΥ 2021,,,,no sponsor block
Ψ8ΒΘ4690Β3-ΞΝΔ,2021-09-29,ΧΕ 0/1475 ΑΝΑΔΡΟΜΙΚΑ ΕΠΙΔΟΜΑ ΓΑΜΟΥ ΕΠΙΚΟΥΡΙΚΟΥ ΠΡΟΣΩΠΙΚΟΥ  ΕΚΤ. ΠΡΟΣΛΗΨΗ COVID-19,,,,no sponsor block
Ω3Ν94690Β3-ΔΚΠ,2021-09-29,ΧΕ 0/1474 ΑΝΑΔΡΟΜΙΚΑ ΚΛΙΜΑΚΙΟΥ ΣΕ ΕΠΙΚΟΥΡΙΚΟ ΙΑΤΡΟ  ΕΚΤ. ΠΡΟΣΛΗΨΗ COVID-19,,,,no sponsor block
9Λ2Λ4690Β3-ΕΧ6,2021-09-29,ΧΕ 0/1473 ΜΙΣΘΟΔΟΣΙΑ ΜΗΝΟΣ ΣΕΠΤΕΜΒΡΙΟΥ 2021 ΠΡΟΣΩΠΙΚΟΥ ΕΠΙ ΣΧΕΣΕΙ ΕΡΓΑΣΙΑΣ Ι.Δ ΕΚΤ. ΠΡΟΣΛΗΨΗ COVID-19,,,,no sponsor block
63ΡΔ4690Β3-8Ι7,2021-09-29,ΧΕ 0/1472 ΜΙΣΘΟΔΟΣΙΑ ΜΗΝΟΣ ΣΕΠΤΕΜΒΡΙΟΥ 2021 ΕΠΙΚΟΥΡΙΚΟΥ ΠΡΟΣΩΠΙΚΟΥ  ΕΚΤ. ΠΡΟΣΛΗΨΗ COVID-19,,,,no sponsor block
Ω8ΑΒ4690Β3-ΑΟΩ,2021-09-29,ΧΕ 0/1471 ΜΙΣΘΟΔΟΣΙΑ ΜΗΝΟΣ ΣΕΠΤΕΜΒΡΙΟΥ 2021 ΕΠΙΚΟΥΡΙΚΟΥ ΠΡΟΣΩΠΙΚΟΥ  ΕΚΤ. ΠΡΟΣΛΗΨΗ COVID-19,,,,no sponsor block
6ΦΣΔ4690Β3-ΒΜ3,2021-09-29,ΧΕ 0/1470 ΜΙΣΘΟΔΟΣΙΑ ΜΗΝΟΣ ΣΕΠΤΕΜΒΡΙΟΥ 2021 ΕΠΙΚΟΥΡΙΚΩΝ ΙΑΤΡΩΝ  ΕΚΤ. ΠΡΟΣΛΗΨΗ COVID-19,,,,no sponsor block
6ΧΕΛ4690Β3-Θ1Λ,2021-09-29,ΧΕ 0/1467 ΜΙΣΘΟΔΟΣΙΑ ΜΗΝΟΣ ΣΕΠΤΕΜΒΡΙΟΥ 2021 ΑΣΚΟΥΜΕΝΟΥ Ο.Α.Ε.Δ.,,,,no sponsor block
ΩΧ344690Β3-84Θ,2021-09-29,ΧΕ 0/1466 ΜΙΣΘΟΔΟΣΙΑ ΜΗΝΟΣ ΣΕΠΤΕΜΒΡΙΟΥ 2021 ΣΠΟΥΔΑΣΤΩΝ Τ.Ε.Ι.,,,,no sponsor block
66ΣΕ4690Β3-ΝΞ6,2021-09-29,ΧΕ 0/1464 ΑΝΑΔΡΑΟΜΙΚΑ ΧΟΡΗΓΗΣΗΣ ΚΛΙΜΑΚΙΟΥ,,,,no sponsor block
Ψ6Ψ94690Β3-Δ2Ζ,2021-09-29,ΧΕ 0/1464-2021 ΜΙΣΘΟΔΟΣΙΑ ΜΗΝΟΣ ΣΕΠΤΕΜΒΡΙΟΥ 2021 ΕΠΙΚΟΥΡΙΚΟΥ ΠΡΟΣΩΠΙΚΟΥ,,,,no sponsor block
ΨΕΩΕ4690Β3-ΠΣΙ,2021-09-29,ΧΕ 0/1463 ΜΙΣΘΟΔΟΣΙΑ ΜΗΝΟΣ ΣΕΠΤΕΜΒΡΙΟΥ 2021 ΕΠΙΚΟΥΡΙΚΩΝ ΙΑΤΡΩΝ ΕΣΥ,,,,no sponsor block
6ΜΖΒ4690Β3-ΧΚΚ,2021-09-29,ΧΕ 0/1469 ΜΙΣΘΟΔΟΣΙΑ ΜΗΝΟΣ ΣΕΠΤΕΜΒΡΙΟΥ 2021  ΠΡΟΣΩΠΙΚΟΥ  ΕΠΙ ΣΧΕΣΕΙ ΕΡΓΑΣΙΑΣ Ι.Δ.,,,,no sponsor block
99ΧΘ4690Β3-926,2021-09-29,ΧΕ 0/1468 ΜΙΣΘΟΔΟΣΙΑ ΜΗΝΟΣ ΣΕΠΤΕΜΒΡΙΟΥ 2021 ΕΠΟΧΙΚΟΥ ΠΡΟΣΩΠΙΚΟΥ Ι.Δ.Ο.Χ.,,,,no sponsor block
68ΞΨ4690Β3-Γ4Β,2021-09-29,ΧΕ 1/578 ΜΙΣΘΟΔΟΣΙΑ ΜΗΝΟΣ ΣΕΠΤΕΜΒΡΙΟΥ 2021 ΝΕΟΠΡΟΣΛΑΜΒΑΝΟΜΕΝΟΥ ΕΠΙΚΟΥΡΙΚΟΥ ΠΡΟΣΩΠΙΚΟΥ   ΕΚΤ. ΠΡΟΣΛΗΨΗ COVID-19,,,,no sponsor block
9ΠΜ94690Β3-Ω7Τ,2021-09-28,ΧΕ 0/1461 ΕΠΙΣΤΡΟΦΗ ΔΑΠΑΝΗΣ ΝΟΣΗΛΕΥΟΜΕΝΩΝ ΑΣΘΕΝΩΝ ΤΟΥ ΝΟΣΟΚΟΜΕΙΟΥ,,,,no sponsor block
ΨΝΨ44690Β3-ΨΞΤ,2021-09-24,ΧΕ 0/1437 ΑΠΟΔΟΣΗ ΑΣΦΑΛΙΣΤΙΚΩΝ ΕΙΣΦΟΡΩΝ  ΜΗΝΟΣ ΙΟΥΛΙΟΥ ΑΠΑΣΧ/ΝΩΝ Ο.Α.Ε.Δ. ΠΡΟΣΚΛΗΣΗ 04/2020,,,,no sponsor block
6Χ8Ζ4690Β3-Α1Ω,2021-09-24,ΧΕ 0/1436 ΑΠΟΔΟΣΗ ΑΣΦΑΛΙΣΤΙΚΩΝ ΕΙΣΦΟΡΩΝ ΜΗΝΟΣ ΙΟΥΛΙΟΥ ΑΠΑΣΧ/ΝΩΝ Ο.Α.Ε.Δ. ΠΡΟΣΚΛΗΣΗ 10/2017,,,,no sponsor block
ΩΤΟ44690Β3-ΨΑΙ,2021-09-24,ΧΕ 0/1435 ΑΠΟΔΟΣΗ Φ.Μ.Υ. ΜΗΝΟΣ ΙΟΥΛΙΟΥ ΑΠΑΣΧ/ΝΩΝ Ο.Α.Ε.Δ. ΠΡΟΣΚΛΗΣΗ 10/2017,,,,no sponsor block
ΨΤΗΟ4690Β3-705,2021-09-24,ΧΕ 0/1434 ΑΠΟΔΟΣΗ Φ.Μ.Υ.ΜΗΝΟΣ ΙΟΥΛΙΟΥ ΑΠΑΣΧ/ΝΩΝ Ο.Α.Ε.Δ. ΠΡΟΣΚΛΗΣΗ 13/2016,,,,no sponsor block
6ΛΝΥ4690Β3-Ζ0Ω,2021-09-24,ΧΕ 0/1433 ΑΠΟΔΟΣΗ ΑΣΦΑΛΙΣΤΙΚΩΝ ΕΙΣΦΟΡΩΝ ΜΗΝΟΣ ΙΟΥΛΙΟΥ ΑΠΑΣΧ/ΝΩΝ Ο.Α.Ε.Δ. ΠΡΟΣΚΛΗΣΗ 13/2016,,,,no sponsor block
ΨΧΤ44690Β3-ΝΗΡ,2021-09-24,ΧΕ 0/1432 ΑΠΟΔΟΣΗ ΚΡΑΤΗΣΕΩΝ ΜΗΝΟΣ ΙΟΥΛΙΟΥ 2021 Χ/ΜΟ ΚΑΙ ΟΓΑ ΤΟΥ Ψ.Τ. ΤΟΥ Γ.Ν.Κ.,,,,no sponsor block
6ΩΛ84690Β3-ΙΡΡ,2021-09-24,ΧΕ 0/1431 ΑΠΟΔΟΣΗ ΚΡΑΤΗΣΕΩΝ ΜΗΝΟΣ ΙΟΥΛΙΟΥ 2021 ΥΠΕΡ ΨΥΧΙΚΗΣ ΥΓΕΙΑΣ ΤΟΥ Ψ.Τ. ΤΟΥ Γ.Ν.Κ.,,,,no sponsor block
ΨΗΒΓ4690Β3-Ω9Ω,2021-09-24,ΧΕ 0/1430 ΑΠΟΔΟΣΗ ΚΡΑΤΗΣΕΩΝ ΜΗΝΟΣ ΙΟΥΛΙΟΥ 2021 ΣΤΟ Ε.Α.Α.ΔΗ.ΣΥ. ΤΟΥ Ψ.Τ. ΤΟΥ Γ.Ν.Κ.,,,,no sponsor block
61ΑΥ4690Β3-Φ1Ρ,2021-09-24,ΧΕ 0/1429 ΑΠΟΔΟΣΗ ΚΡΑΤΗΣΕΩΝ ΜΗΝΟΣ ΙΟΥΛΙΟΥ 2021 Χ/ΜΟ ΚΑΙ ΟΓΑ,,,,no sponsor block
68ΚΙ4690Β3-02Ζ,2021-09-24,"ΧΕ 0/1428 ΑΠΟΔΟΣΗ ΦΟΡΟΥ 1,4,8% ΜΗΝΟΣ ΙΟΥΛΙΟΥ 2021",,,,no sponsor block
Ω1ΞΡ4690Β3-Δ96,2021-09-24,ΧΕ 0/1427 ΑΠΟΔΟΣΗ ΚΡΑΤΗΣΕΩΝ ΜΗΝΟΣ ΙΟΥΛΙΟΥ 2021 ΥΠΕΡ ΨΥΧΙΚΗΣ ΥΓΕΙΑΣ,,,,no sponsor block
6ΤΘΑ4690Β3-ΙΣ3,2021-09-24,ΧΕ 0/1426 ΑΠΟΔΟΣΗ ΚΡΑΤΗΣΕΩΝ ΜΗΝΟΣ ΙΟΥΛΙΟΥ 2021 ΣΤΟ Ε.Α.Α.ΔΗ.ΣΥ.,,,,no sponsor block
6ΖΑΓ4690Β3-ΞΛΟ,2021-09-24,ΧΕ 0/1425 ΑΠΟΔΟΣΗ ΚΡΑΤΗΣΕΩΝ ΜΗΝΟΣ ΙΟΥΛΙΟΥ 2021 ΣΤΟ Α.Ε.Π.Π.,,,,no sponsor block
ΨΘ2Ε4690Β3-ΥΕ3,2021-09-24,ΧΕ 0/1424 ΑΠΟΚΑΤΑΣΤΑΣΗ ΠΑΓΙΑΣ ΠΡΟΚΑΤΑΒΟΛΗΣ,,,,no sponsor block
ΩΗ2Ν4690Β3-29Ρ,2021-09-23,ΧΕ 1/574 ΑΠΟΖ/ΣΗ ΜΕΤΑΚΙΝΗΣΗΣ ΥΠΑΛΛΗΛΟΥ ΕΚΤΟΣ ΕΔΡΑΣ,,,,no sponsor block
68ΠΜ4690Β3-ΠΡΦ,2021-09-23,ΧΕ 1/573 ΑΠΟΖ/ΣΗ ΜΕΤΑΚΙΝΗΣΗΣ ΥΠΑΛΛΗΛΟΥ ΕΚΤΟΣ ΕΔΡΑΣ,,,,no sponsor block
ΨΞΞΨ4690Β3-ΙΧΓ,2021-09-23,ΧΕ 1/572 ΑΠΟΖ/ΣΗ ΜΕΤΑΚΙΝΗΣΗΣ ΥΠΑΛΛΗΛΟΥ ΕΚΤΟΣ ΕΔΡΑΣ,,,,no sponsor block
ΩΞΘΔ4690Β3-Γ3Ω,2021-09-23,ΧΕ 1/571 ΑΠΟΖ/ΣΗ ΜΕΤΑΚΙΝΗΣΗΣ ΥΠΑΛΛΗΛΟΥ ΕΚΤΟΣ ΕΔΡΑΣ,,,,no sponsor block
90ΘΔ4690Β3-05Π,2021-09-23,ΧΕ 1/570 ΑΠΟΖ/ΣΗ ΜΕΤΑΚΙΝΗΣΗΣ ΥΠΑΛΛΗΛΟΥ ΕΚΤΟΣ ΕΔΡΑΣ,,,,no sponsor block
69ΗΑ4690Β3-ΥΙ7,2021-09-23,ΧΕ 1/569 ΑΠΟΖ/ΣΗ ΜΕΤΑΚΙΝΗΣΗΣ ΥΠΑΛΛΗΛΟΥ ΕΚΤΟΣ ΕΔΡΑΣ,,,,no sponsor block
ΨΞ364690Β3-0ΓΧ,2021-09-23,ΧΕ 1/568 ΑΠΟΖ/ΣΗ ΜΕΤΑΚΙΝΗΣΗΣ ΥΠΑΛΛΗΛΟΥ ΕΚΤΟΣ ΕΔΡΑΣ,,,,no sponsor block
Ψ02Ψ4690Β3-81Θ,2021-09-23,ΧΕ 1/567 ΑΠΟΖ/ΣΗ ΜΕΤΑΚΙΝΗΣΗΣ ΥΠΑΛΛΗΛΟΥ ΕΚΤΟΣ ΕΔΡΑΣ,,,,no sponsor block
Ψ1ΖΡ4690Β3-4ΞΦ,2021-09-23,ΧΕ 1/566 ΑΠΟΖ/ΣΗ ΜΕΤΑΚΙΝΗΣΗΣ ΕΚΤΟΣ ΕΔΡΑΣ ΤΟΥ ΔΙΟΙΚΗΤΗ ΤΟΥ Γ.Ν.Κ.,,,,no sponsor block
ΩΧ6Λ4690Β3-1ΨΕ,2021-09-23,ΧΕ 1/565 ΑΠΟΖ/ΣΗ ΜΕΤΑΚΙΝΗΣΗΣ ΥΠΑΛΛΗΛΟΥ ΕΚΤΟΣ ΕΔΡΑΣ,,,,no sponsor block
6Χ3Α4690Β3-ΛΓΒ,2021-09-23,ΧΕ 1/564 ΑΠΟΖ/ΣΗ ΜΕΤΑΚΙΝΗΣΗΣ ΥΠΑΛΛΗΛΟΥ ΕΚΤΟΣ ΕΔΡΑΣ,,,,no sponsor block
Ψ0Δ74690Β3-ΩΗΠ,2021-09-23,ΧΕ 1/563 ΑΠΟΖ/ΣΗ ΜΕΤΑΚΙΝΗΣΗΣ ΥΠΑΛΛΗΛΟΥ ΕΚΤΟΣ ΕΔΡΑΣ,,,,no sponsor block
ΨΠΚΛ4690Β3-ΠΡ3,2021-09-23,ΧΕ 1/562 ΑΠΟΖ/ΣΗ ΜΕΤΑΚΙΝΗΣΗΣ ΥΠΑΛΛΗΛΟΥ ΕΚΤΟΣ ΕΔΡΑΣ,,,,no sponsor block
68ΗΔ4690Β3-Σ1Μ,2021-09-23,ΧΕ 1/561 ΑΠΟΖ/ΣΗ ΜΕΤΑΚΙΝΗΣΗΣ ΥΠΑΛΛΗΛΟΥ ΕΚΤΟΣ ΕΔΡΑΣ,,,,no sponsor block
61Κ64690Β3-31Τ,2021-09-23,ΧΕ 1/560 ΑΠΟΚΑΤΑΣΤΑΣΗ ΠΑΓΙΑΣ ΠΡΟΚΑΤΑΒΟΛΗΣ,,,,no sponsor block
68ΕΓ4690Β3-ΙΑ7,2021-09-13,ΧΕ 1/554 ΠΛΗΡΩΜΗ ΔΟΣΕΩΝ ΦΟΥΡΟΥ ΕΤΟΥΣ 2020,,,,no sponsor block
Ψ63Ο4690Β3-Μ4Χ,2021-09-09,ΧΕ 1/550 ΠΡΟΜΗΘΕΙΑ ΦΑΡΜΑΚΕΥΤΙΚΟΥ ΥΛΙΚΟΥ (Α' ΤΡΙΜΗΝΟ REBATE ΕΤΟΥΣ ΕΤΟΥΣ 2020),094043896,MERCK SHARP AND DOHME ΦΑΡΜΑΚΕΥΤΙΚΗ ΒΙΟΜΗΧΑΝΙΚΗ ΚΑΙ ΕΜΠΟΡΙΚΗ ΑΝΩΝΥΜΗ ΕΤΑΙΡΕΙΑ,-738.67,negative amount
ΩΑΘ94690Β3-ΖΘΗ,2021-09-02,ΧΕ 1/530 ΑΠΟΖ/ΣΗ ΥΠΕΡΩΡΙΑΚΗΣ ΑΠΑΣΧΟΛΗΣΗΣ ΜΗΝΟΣ ΙΟΥΛΙΟΥ 2021 ΕΠΙΣΤΗΜΟΝΙΚΟΥ ΠΡΟΣΩΠΙΚΟΥ ΕΚΤ. ΠΡΟΣΛΗΨΗ  COVID-19,,,,no sponsor block
6ΩΥΚ4690Β3-Υ7Χ,2021-09-02,ΧΕ 1/529 ΑΠΟΖ/ΣΗ ΥΠΕΡΩΡΙΑΚΗΣ ΑΠΑΣΧΟΛΗΣΗΣ ΜΗΝΟΣ ΙΟΥΛΙΟΥ 2021 ΠΡΟΣΩΠΙΚΟΥ ΕΠΙ ΣΧΕΣΕΙ ΕΡΓΑΣΙΑΣ Ι.Δ. ΕΚΤ. ΠΡΟΣΛΗΨΗ  COVID-19,,,,no sponsor block
6Λ7Α4690Β3-ΠΩΜ,2021-09-02,ΧΕ 1/528 ΑΠΟΖ/ΣΗ ΥΠΕΡΩΡΙΑΚΗΣ ΑΠΑΣΧΟΛΗΣΗΣ ΜΗΝΟΣ ΙΟΥΛΙΟΥ 2021 ΕΠΙΚΟΥΡΙΚΟΥ ΠΡΟΣΩΠΙΚΟΥ ΕΚΤ. ΠΡΟΣΛΗΨΗ  COVID-19,,,,no sponsor block
ΨΨΥΚ4690Β3-41Α,2021-09-02,ΧΕ 1/527 ΑΠΟΖ/ΣΗ ΥΠΕΡΩΡΙΑΚΗΣ ΑΠΑΣΧΟΛΗΣΗΣ ΝΥΚΤΕΡΙΝΩΝ ΚΑΙ ΕΞΑΙΡΕΣΙΜΩΝ ΜΗΝΟΣ ΙΟΥΛΙΟΥ 2021 ΕΠΙΚΟΥΡΙΚΟΥ ΠΡΟΣΩΠΙΚΟΥ ΕΠΙΧ/ΝΟΥ ΜΕΣΩ Ε.Σ.Π.Α. -Π.Ι.Ν,,,,no sponsor block
629Ξ4690Β3-ΙΙΛ,2021-09-02,ΧΕ 1/526 ΕΦΗΜΕΡΙΕΣ ΠΕΡΑΝ ΤΟΥ ΠΛΑΦΟΝ ΜΗΝΟΣ ΦΕΒΡΟΥΑΡΙΟΥ 2021 ΕΙΔΙΚ/ΝΟΥ  ΙΑΤΡΙΚΟΥ ΠΡΟΣΩΠΙΚΟΥ ΤΟΥ Γ.Ν.Κ.,,,,no sponsor block
6ΕΣΙ4690Β3-Κ8Ο,2021-09-02,ΧΕ 1/525 ΕΦΗΜΕΡΙΕΣ ΠΕΡΑΝ ΤΟΥ ΠΛΑΦΟΝ ΜΗΝΟΣ ΦΕΒΡΟΥΑΡΙΟΥ 2021 ΙΟΥΛΙΟΥ 2021 ΕΠΙΚΟΥΡΙΚΟΥ ΙΑΤΡΙΚΟΥ ΠΡΟΣΩΠΙΚΟΥ ΤΟΥ Γ.Ν.Κ.,,,,no sponsor block
6ΕΦΜ4690Β3-7ΕΥ,2021-09-02,ΧΕ 1/524 ΕΦΗΜΕΡΙΕΣ ΠΕΡΑΝ ΤΟΥ ΠΛΑΦΟΝ ΜΗΝΟΣ ΦΕΒΡΟΥΑΡΙΟΥ 2021 ΙΟΥΛΙΟΥ 2021 ΕΙΔΙΚ/ΝΟΥ ΙΑΤΡΙΚΟΥ ΠΡΟΣΩΠΙΚΟΥ ΤΟΥ Γ.Ν.Κ.,,,,no sponsor block
63Β94690Β3-Η37,2021-09-02,ΧΕ 1/522 ΕΦΗΜΕΡΙΕΣ ΠΕΡΑΝ ΤΟΥ ΠΛΑΦΟΝ ΜΗΝΟΣ ΦΕΒΡΟΥΑΡΙΟΥ 2021 ΙΟΥΛΙΟΥ 2021 ΙΑΤΡΙΚΟΥ ΠΡΟΣΩΠΙΚΟΥ ΤΟΥ Γ.Ν.Κ.,,,,no sponsor block
ΩΣΑΗ4690Β3-ΛΞΜ,2021-09-02,ΧΕ 1/523 ΕΦΗΜΕΡΙΕΣ ΠΕΡΑΝ ΤΟΥ ΠΛΑΦΟΝ ΜΗΝΟΣ ΦΕΒΡΟΥΑΡΙΟΥ 2021 ΙΟΥΛΙΟΥ 2021 ΕΠΙΚΟΥΡΙΚΟΥ ΙΑΤΡΙΚΟΥ ΠΡΟΣΩΠΙΟΥΤΟΥ Γ.Ν.Κ.,,,,no sponsor block
ΨΦΟ94690Β3-3ΣΜ,2021-09-02,ΧΕ 1/521 ΑΠΟΖΗΜΙΩΣΗ ΥΠΕΡΩΡΙΑΚΗΣ ΑΠΑΣΧΟΛΗΣΗΣ ΝΥΚΤΕΡΙΝΩΝ ΚΑΙ ΕΞΑΙΡΕΣΙΜΩΝ ΜΗΝΟΣ ΙΟΥΛΙΟΥ 2021 ΠΡΟΣΩΠΙΚΟΥ ΕΠΙ ΣΧΕΣΕΙ ΕΡΓΑΣΙΑΣ ΤΟΥ Γ.Ν.Κ.,,,,no sponsor block
64ΒΓ4690Β3-ΣΤ8,2021-09-02,ΧΕ 1/520 ΑΠΟΖΗΜΙΩΣΗ ΥΠΕΡΩΡΙΑΚΗΣ ΑΠΑΣΧΟΛΗΣΗΣ ΝΥΚΤΕΡΙΝΩΝ ΚΑΙ ΕΞΑΙΡΕΣΙΜΩΝ ΜΗΝΟΣ ΙΟΥΛΙΟΥ 2021 ΕΠΟΧΙΚΟΥ  ΠΡΟΣΩΠΙΚΟΥ  Ι.Δ.Α.Χ. ΤΟΥ Γ.Ν.Κ.,,,,no sponsor block
ΩΝ9Υ4690Β3-Λ11,2021-09-02,ΧΕ 1/519 ΑΠΟΖΗΜΙΩΣΗ ΥΠΕΡΩΡΙΑΚΗΣ ΑΠΑΣΧΟΛΗΣΗΣ ΝΥΚΤΕΡΙΝΩΝ ΚΑΙ ΕΞΑΙΡΕΣΙΜΩΝ ΜΗΝΟΣ ΙΟΥΛΙΟΥ 2021 ΕΠΙΚΟΥΡΙΚΟΥ ΠΡΟΣΩΠΙΚΟΥ  ΤΟΥ Κ.Ψ.Υ. ΤΟΥ Γ.Ν.Κ.,,,,no sponsor block
ΨΥ4Χ4690Β3-842,2021-09-02,ΧΕ 1/518 ΑΠΟΖΗΜΙΩΣΗ ΥΠΕΡΩΡΙΑΚΗΣ ΑΠΑΣΧΟΛΗΣΗΣ ΝΥΚΤΕΡΙΝΩΝ ΚΑΙ ΕΞΑΙΡΕΣΙΜΩΝ ΜΗΝΟΣ ΙΟΥΛΙΟΥ 2021 ΝΟΣΗΛΕΥΤΙΚΟΥ ΠΡΟΣΩΠΙΚΟΥ ΕΠΙ ΣΧΕΣΕΙ ΕΡΓΑΣΙΑΣ ΚΑΤ. Δ.Ε Κ.Ψ.Υ. ΤΟΥ Γ.Ν.Κ.,,,,no sponsor block
6ΤΓΣ4690Β3-Κ57,2021-09-02,ΧΕ 1/517 ΑΠΟΖΗΜΙΩΣΗ ΥΠΕΡΩΡΙΑΚΗΣ ΑΠΑΣΧΟΛΗΣΗΣ ΝΥΚΤΕΡΙΝΩΝ ΚΑΙ ΕΞΑΙΡΕΣΙΜΩΝ ΜΗΝΟΣ ΙΟΥΛΙΟΥ 2021  ΝΟΣΗΛΕΥΤΙΚΟΥ ΠΡΟΣΩΠΙΚΟΥ ΚΑΤ. Υ.Ε.  ΤΟΥ Κ.Ψ.Υ. ΤΟΥ Γ.Ν.Κ.,,,,no sponsor block
ΨΙ014690Β3-ΙΞ7,2021-09-02,ΧΕ 1/516 ΑΠΟΖΗΜΙΩΣΗ ΥΠΕΡΩΡΙΑΚΗΣ ΑΠΑΣΧΟΛΗΣΗΣ ΝΥΚΤΕΡΙΝΩΝ ΚΑΙ ΕΞΑΙΡΕΣΙΜΩΝ ΜΗΝΟΣ ΙΟΥΛΙΟΥ 2021 ΠΡΟΣΩΠΙΚΟΥ ΚΑΤ. Υ.Ε.  ΤΟΥ Γ.Ν.Κ.,,,,no sponsor block
6ΒΡΨ4690Β3-ΒΑΟ,2021-09-02,ΧΕ 1/515 ΑΠΟΖΗΜΙΩΣΗ ΥΠΕΡΩΡΙΑΚΗΣ ΑΠΑΣΧΟΛΗΣΗΣ ΝΥΚΤΕΡΙΝΩΝ ΚΑΙ ΕΞΑΙΡΕΣΙΜΩΝ ΜΗΝΟΣ ΙΟΥΛΙΟΥ 2021  ΝΟΣΗΛΕΥΤΙΚΟΥ ΠΡΟΣΩΠΙΚΟΥ ΚΑΤ. Τ.Ε. ΤΟΥ Κ.Ψ.Υ. ΤΟΥ Γ.Ν.Κ.,,,,no sponsor block
6ΤΛΟ4690Β3-81Π,2021-09-02,ΧΕ 1/514 ΑΠΟΖΗΜΙΩΣΗ ΥΠΕΡΩΡΙΑΚΗΣ ΑΠΑΣΧΟΛΗΣΗΣ ΝΥΚΤΕΡΙΝΩΝ ΚΑΙ ΕΞΑΙΡΕΣΙΜΩΝ ΜΗΝΟΣ ΙΟΥΛΙΟΥ 2021  ΠΡΟΣΩΠΙΚΟΥ ΕΠΙ ΣΧΕΣΕΙ ΕΡΓΑΣΙΑΣ Ι.Δ.Α.Χ. ΤΟΥ Κ.Ψ.Υ. ΤΟΥ Γ.Ν.Κ.,,,,no sponsor block
ΩΙΔΥ4690Β3-ΔΝΨ,2021-09-02,ΧΕ 1/513 ΑΠΟΖΗΜΙΩΣΗ ΥΠΕΡΩΡΙΑΚΗΣ ΑΠΑΣΧΟΛΗΣΗΣ ΝΥΚΤΕΡΙΝΩΝ ΚΑΙ ΕΞΑΙΡΕΣΙΜΩΝ ΜΗΝΟΣ ΙΟΥΛΙΟΥ 2021  ΕΠΙΣΤΗΜΟΝΙΚΟΥ ΠΡΟΣΩΠΙΚΟΥ ΤΟΥ Γ.Ν.Κ.,,,,no sponsor block
ΨΟΞΟ4690Β3-ΕΙΙ,2021-09-02,ΧΕ 1/512 ΑΠΟΖΗΜΙΩΣΗ ΥΠΕΡΩΡΙΑΚΗΣ ΑΠΑΣΧΟΛΗΣΗΣ ΝΥΚΤΕΡΙΝΩΝ ΚΑΙ ΕΞΑΙΡΕΣΙΜΩΝ ΜΗΝΟΣ ΙΟΥΛΙΟΥ 2021 ΕΠΙ ΘΗΤΕΙΑ ΝΟΣΗΛΕΥΤΙΚΟ  ΠΡΟΣΩΠΙΚΟ  ΤΟΥ Γ.Ν.Κ.,,,,no sponsor block
Ω50Σ4690Β3-8ΥΓ,2021-09-02,ΧΕ 1/511 ΑΠΟΖΗΜΙΩΣΗ ΥΠΕΡΩΡΙΑΚΗΣ ΑΠΑΣΧΟΛΗΣΗΣ ΝΥΚΤΕΡΙΝΩΝ ΚΑΙ ΕΞΑΙΡΕΣΙΜΩΝ ΜΗΝΟΣ ΙΟΥΛΙΟΥ 2021  ΠΡΟΣΩΠΙΚΟΥ ΕΠΙ ΣΧΕΣΕΙ ΕΡΓΑΣΙΑΣ Ι.Δ.Α.Χ.ΤΟΥ Γ.Ν.Κ.,,,,no sponsor block
6ΨΡ24690Β3-Μ2Ο,2021-09-02,ΧΕ 1/510 ΑΠΟΖΗΜΙΩΣΗ ΥΠΕΡΩΡΙΑΚΗΣ ΑΠΑΣΧΟΛΗΣΗΣ ΝΥΚΤΕΡΙΝΩΝ ΚΑΙ ΕΞΑΙΡΕΣΙΜΩΝ ΜΗΝΟΣ ΙΟΥΛΙΟΥ 2021  ΠΡΟΣΩΠΙΚΟΥ ΚΑΤ. Υ.Ε ΤΟΥ Γ.Ν.Κ.,,,,no sponsor block
Ψ4ΚΩ4690Β3-938,2021-09-02,ΧΕ 1/509 ΑΠΟΖΗΜΙΩΣΗ ΥΠΕΡΩΡΙΑΚΗΣ ΑΠΑΣΧΟΛΗΣΗΣ ΝΥΚΤΕΡΙΝΩΝ ΚΑΙ ΕΞΑΙΡΕΣΙΜΩΝ ΜΗΝΟΣ ΙΟΥΛΙΟΥ 2021 ΠΡΟΣΩΠΙΚΟΥ ΚΑΤ. Δ.Ε ΤΟΥ Γ.Ν.Κ.,,,,no sponsor block
ΨΚΩ24690Β3-5Χ6,2021-09-02,ΧΕ 1/508 ΑΠΟΖΗΜΙΩΣΗ ΥΠΕΡΩΡΙΑΚΗΣ ΑΠΑΣΧΟΛΗΣΗΣ ΝΥΚΤΕΡΙΝΩΝ ΚΑΙ ΕΞΑΙΡΕΣΙΜΩΝ ΜΗΝΟΣ ΙΟΥΛΙΟΥ 2021 ΝΟΣΗΛΕΥΤΙΚΟΥ ΠΡΟΣΩΠΙΚΟΥ ΚΑΤ. Π.Ε ΤΟΥ Γ.Ν.Κ.,,,,no sponsor block
ΨΡΓΣ4690Β3-ΟΙΖ,2021-09-02,ΧΕ 1/507 ΑΠΟΖΗΜΙΩΣΗ ΥΠΕΡΩΡΙΑΚΗΣ ΑΠΑΣΧΟΛΗΣΗΣ ΝΥΚΤΕΡΙΝΩΝ ΚΑΙ ΕΞΑΙΡΕΣΙΜΩΝ ΜΗΝΟΣ ΙΟΥΛΙΟΥ 2021  ΠΡΟΣΩΠΙΚΟΥ ΠΑΡΑΣΚΕΥΑΣ-ΤΡΙΕΣ/ΤΕΣ ΤΟΥ Γ.Ν.Κ.,,,,no sponsor block
ΨΟΦΒ4690Β3-ΛΨ1,2021-09-02,ΧΕ 1/506 ΑΠΟΖΗΜΙΩΣΗ ΥΠΕΡΩΡΙΑΚΗΣ ΑΠΑΣΧΟΛΗΣΗΣ ΝΥΚΤΕΡΙΝΩΝ ΚΑΙ ΕΞΑΙΡΕΣΙΜΩΝ ΜΗΝΟΣ ΙΟΥΛΙΟΥ 2021 ΝΟΣΗΛΕΥΤΙΚΟΥ ΠΡΟΣΩΠΙΚΟΥ ΚΑΤ. Υ.Ε ΤΟΥ Γ.Ν.Κ.,,,,no sponsor block
6Θ2Ψ4690Β3-ΒΡΧ,2021-09-02,ΧΕ 1/505 ΑΠΟΖΗΜΙΩΣΗ ΥΠΕΡΩΡΙΑΚΗΣ ΑΠΑΣΧΟΛΗΣΗΣ ΝΥΚΤΕΡΙΝΩΝ ΚΑΙ ΕΞΑΙΡΕΣΙΜΩΝ ΜΗΝΟΣ ΙΟΥΛΙΟΥ 2021 ΤΕΧΝΙΚΟΥ ΠΡΟΣΩΠΙΚΟΥ  ΤΟΥ Γ.Ν.Κ.,,,,no sponsor block
ΩΙΔΨ4690Β3-6Σ2,2021-09-02,ΧΕ 1/504 ΑΠΟΖΗΜΙΩΣΗ ΝΥΚΤΕΡΙΝΩΝ ΚΑΙ ΕΞΑΙΡΕΣΙΜΩΝ ΜΗΝΟΣ ΙΟΥΛΙΟΥ 2021 ΝΟΣΗΛΕΥΤΙΚΟΥ ΠΡΟΣΩΠΙΚΟΥ ΚΑΤ. Δ.Ε ΤΟΥ Γ.Ν.Κ.,,,,no sponsor block
ΩΓΔ34690Β3-3ΨΞ,2021-09-02,ΧΕ 1/503 ΑΠΟΖΗΜΙΩΣΗ ΝΥΚΤΕΡΙΝΩΝ ΚΑΙ ΕΞΑΙΡΕΣΙΜΩΝ ΜΗΝΟΣ ΙΟΥΛΙΟΥ 2021  ΔΙΟΙΚΗΤΙΚΟΥ ΠΡΟΣΩΠΙΚΟΥ ΤΟΥ Γ.Ν.Κ.,,,,no sponsor block
6ΦΜ44690Β3-ΙΒΧ,2021-09-02,ΧΕ 1/502 ΑΠΟΖΗΜΙΩΣΗ ΝΥΚΤΕΡΙΝΩΝ ΚΑΙ ΕΞΑΙΡΕΣΙΜΩΝ ΜΗΝΟΣ ΙΟΥΛΙΟΥ 2021  ΠΡΟΣΩΠΙΚΟΥ ΚΑΤ. Τ.Ε ΤΟΥ Γ.Ν.Κ.,,,,no sponsor block
6ΗΖ94690Β3-Τ9Ω,2021-09-01,ΧΕ 1/501 ΕΦΗΜΕΡΙΕΣ ΕΙΔΙΚ/ΝΩΝ ΙΑΤΡΩΝ ΕΣΥ ΤΟΥ Γ.Ν.Κ. ΜΗΝΟΣ ΙΟΥΛΙΟΥ 2021 ΕΚΤ. ΠΡΟΣΛΗΨΗ COVID-19,,,,no sponsor block
ΩΓ8Χ4690Β3-ΧΒΞ,2021-09-01,ΧΕ 1/500 ΕΦΗΜΕΡΙΕΣ ΕΠΙΚΟΥΡΙΚΩΝ  ΙΑΤΡΩΝ ΕΣΥ ΤΟΥ Γ.Ν.Κ. ΜΗΝΟΣ ΙΟΥΛΙΟΥ 2021 ΕΚΤ. ΠΡΟΣΛΗΨΗ COVID-19,,,,no sponsor block
ΩΦΜ24690Β3-2ΟΙ,2021-09-01,ΧΕ 1/499 ΕΦΗΜΕΡΙΕΣ ΙΑΤΡΟΥ ΕΣΥ ΤΟΥ ΚΕΝΤΡΟΥ ΨΥΧΙΚΗΣ ΥΓΕΙΑΣ ΤΟΥ Γ.Ν.Κ. ΜΗΝΟΣ ΙΟΥΛΙΟΥ 2021,,,,no sponsor block
ΩΤΖΡ4690Β3-ΩΥΩ,2021-09-01,ΧΕ 1/498 ΕΦΗΜΕΡΙΕΣ ΑΓΡΟΤΙΚΩΝ ΙΑΤΡΩΝ ΕΣΥ ΤΟΥ Γ.Ν.Κ. ΜΗΝΟΣ ΙΟΥΛΙΟΥ 2021,,,,no sponsor block
ΨΡ444690Β3-5ΙΑ,2021-09-01,ΧΕ 1/497 ΕΦΗΜΕΡΙΕΣ ΕΠΙΚΟΥΡΙΚΩΝ ΙΑΤΡΩΝ ΕΣΥ ΤΟΥ Γ.Ν.Κ. ΜΗΝΟΣ ΙΟΥΛΙΟΥ 2021,,,,no sponsor block
ΩΧΟ54690Β3-ΘΓΨ,2021-09-01,ΧΕ 1/496 ΕΦΗΜΕΡΙΕΣ ΕΙΔΙΚ/ΝΩΝ  ΙΑΤΡΩΝ ΕΣΥ ΤΟΥ Γ.Ν.Κ. ΜΗΝΟΣ ΙΟΥΛΙΟΥ 2021,,,,no sponsor block
ΨΕΒΚ4690Β3-4Δ6,2021-09-01,ΧΕ 1/495 ΕΦΗΜΕΡΙΕΣ ΙΑΤΡΩΝ ΕΣΥ ΤΟΥ Γ.Ν.Κ. ΜΗΝΟΣ ΙΟΥΛΙΟΥ 2021,,,,no sponsor block
ΩΓΥΠ4690Β3-Υ7Κ,2021-08-31,ΧΕ 0/1357  ΜΙΣΘΟΔΟΣΙΑ ΠΡΟΣΩΠΙΚΟΥ ΕΠΙ ΣΧΕΣΕΙ ΡΓΑΣΙΑΣ Ι.Δ. ΕΚΤ. ΠΡΟΣΛΗΨΗ COVID-19 ΜΗΝΟΣ ΑΥΓΟΥΣΤΟΥ 2021,,,,no sponsor block
9Γ1Ρ4690Β3-ΦΩΞ,2021-08-31,ΧΕ 0/1356  ΜΙΣΘΟΔΟΣΙΑ ΕΠΙΣΤΗΜΟΝΙΚΟΥ ΠΡΟΣΩΠΙΚΟΥ ΕΚΤ. ΠΡΟΣΛΗΨΗ COVID-19 ΜΗΝΟΣ ΑΥΓΟΥΣΤΟΥ 2021,,,,no sponsor block
6Λ9Χ4690Β3-ΛΚΓ,2021-08-31,ΧΕ 0/1355  ΜΙΣΘΟΔΟΣΙΑ ΕΠΙΚΟΥΡΙΚΟΥ ΠΡΟΣΩΠΙΚΟΥ ΕΚΤ. ΠΡΟΣΛΗΨΗ COVID-19 ΜΗΝΟΣ ΑΥΓΟΥΣΤΟΥ 2021,,,,no sponsor block
ΨΖΝ94690Β3-Θ5Λ,2021-08-31,ΧΕ 0/1354 ΜΙΣΘΟΔΟΣΙΑ ΕΠΙΚΟΥΡΙΚΩΝ ΙΑΤΡΩΝ ΕΣΥ ΕΚΤ. ΠΡΟΣΛΗΨΗ COVID-19 ΜΗΝΟΣ ΑΥΓΟΥΣΤΟΥ 2021,,,,no sponsor block
Ψ0ΛΜ4690Β3-Ρ7Π,2021-08-31,ΧΕ 0/1350 ΜΙΣΘΟΔΟΣΙΑ ΜΗΝΟΣ ΑΥΓΟΥΣΤΟΥ 2021 ΣΠΟΥΔΑΣΤΩΝ Τ.Ε.Ι.,,,,no sponsor block
67ΓΞ4690Β3-ΦΚΡ,2021-08-31,ΧΕ 0/1349 ΑΝΔΡΟΜΙΚΑ (ΕΠΙΔΟΜΑ ΑΔΕΙΑΣ),,,,no sponsor block
Ψ9ΦΛ4690Β3-ΩΤΝ,2021-08-31,ΧΕ 0/1348 ΜΙΣΘΟΔΟΣΙΑ ΜΗΝΟΣ ΑΥΓΟΥΣΤΟΥ 2021 ΑΣΚΟΥΜΕΝΩΝ Ο.Α.Ε.Δ.,,,,no sponsor block
6ΙΨΙ4690Β3-ΒΝΑ,2021-08-31,ΧΕ 0/1347 ΜΙΣΘΟΔΟΣΙΑ ΜΗΝΟΣ ΑΥΓΟΥΣΤΟΥ 2021 ΕΠΙΚΟΥΡΙΚΟΥ ΠΡΟΣΩΠΙΚΟΥ  ΤΟΥ Γ.Ν.Κ.,,,,no sponsor block
Ψ62Χ4690Β3-Τ0Γ,2021-08-31,ΧΕ 0/1346 ΜΙΣΘΟΔΟΣΙΑ ΜΗΝΟΣ ΑΥΓΟΥΣΤΟΥ 2021 ΕΠΙΚΟΥΡΙΚΩΝ ΙΑΤΡΩΝ ΕΣΥ ΤΟΥ Γ.Ν.Κ.,,,,no sponsor block
66Δ34690Β3-ΜΟΟ,2021-08-31,ΧΕ 1/494  ΜΙΣΘΟΔΟΣΙΑ ΜΗΝΟΣ ΑΥΓΟΥΣΤΟΥ 2021 ΝΕΟΠΡΟΣΛΑΜΒΑΝΟΜΕΝΟΥ ΕΠΙΚΟΥΡΙΚΟΥ ΠΡΟΣΩΠΙΚΟΥ ΤΟΥ Γ.Ν.Κ.,,,,no sponsor block
ΨΑ964690Β3-ΗΥ8,2021-08-31,ΧΕ 0/1352 ΜΙΣΘΟΔΟΣΙΑ ΜΗΝΟΣ ΑΥΓΟΥΣΤΟΥ 2021 ΠΡΟΣΩΠΙΚΟΥ ΕΠΙ ΣΧΕΣΕΙ ΕΡΓΑΣΙΑΣ Ι.Δ. ΜΗΝΟΣ ΑΥΓΟΥΣΤΟΥ 2021 ΤΟΥ Γ.Ν.Κ.,,,,no sponsor block
ΨΟΧΕ4690Β3-3Λ3,2021-08-31,ΧΕ 0/1351 ΜΙΣΘΟΔΟΣΙΑ ΜΗΝΟΣ ΑΥΓΟΥΣΤΟΥ 2021 ΕΠΟΧΙΚΟΥ ΠΡΟΣΩΠΙΚΟΥ Ι.Δ.Ο.Χ. ΜΗΝΟΣ ΑΥΓΟΥΣΤΟΥ 2021 ΤΟΥ Γ.Ν.Κ.,,,,no sponsor block
ΩΜΙΔ4690Β3-ΓΣΣ,2021-08-31,ΧΕ 0/1345 ΑΠΟΚΑΤΑΣΤΑΣΗ ΠΑΓΙΑΣ ΠΡΟΚΑΤΑΒΟΛΗΣ,,,,no sponsor block
9ΧΨΜ4690Β3-ΥΦΔ,2021-08-30,ΧΕ 1/493 ΕΠΙΣΤΡΟΦΗ ΑΔΙΑΘΕΤΩΝ ΥΠΟΛΟΙΠΩΝ ΕΠΥΧΟΡΗΓΗΣΕΩΝ ΕΤΟΥΣ 2019-2020,,,,no sponsor block
6ΕΝΝ4690Β3-Ε0Δ,2021-08-23,ΧΕ 0/1300 ΑΠΟΔΟΣΗ ΑΣΦΑΛΙΣΤΙΚΩΝ ΕΙΣΦΟΡΩΝ  ΜΗΝΟΣ ΙΟΥΝΙΟΥ 2021 ΑΠΑΣΧ/ΝΩΝ ΜΕΣΩ ΠΡΟΓ/ΤΟΣ ΚΟΙΝΟΦΕΛΟΥΣ ΕΡΓΑΣΙΑΣ Ο.Α.Ε.Δ. ΠΡΟΣΚΛΗΣΗ 10/2017,,,,no sponsor block
6ΨΔΨ4690Β3-3ΚΕ,2021-08-23,ΧΕ 0/1299 ΑΠΟΔΟΣΗ Φ.Μ.Υ.  ΜΗΝΟΣ ΙΟΥΝΙΟΥ 2021 ΑΠΑΣΧ/ΝΩΝ ΜΕΣΩ ΠΡΟΓ/ΤΟΣ ΚΟΙΝΟΦΕΛΟΥΣ ΕΡΓΑΣΙΑΣ Ο.Α.Ε.Δ. ΠΡΟΣΚΛΗΣΗ 10/2017,,,,no sponsor block
ΨΗΒΑ4690Β3-Π58,2021-08-23,ΧΕ 0/1298 ΑΠΟΔΟΣΗ ΑΣΦΑΛΙΣΤΙΚΩΝ ΕΙΣΦΟΡΩΝ ΜΗΝΟΣ ΙΟΥΝΙΟΥ 2021 ΑΠΑΣΧ/ΝΩΝ ΜΕΣΩ ΠΡΟΓ/ΤΟΣ ΚΟΙΝΟΦΕΛΟΥΣ ΕΡΓΑΣΙΑΣ Ο.Α.Ε.Δ. ΠΡΟΣΚΛΗΣΗ 13/2016,,,,no sponsor block
65ΦΝ4690Β3-8ΑΣ,2021-08-23,ΧΕ 0/1297 ΑΠΟΔΟΣΗ Φ.Μ.Υ.  ΜΗΝΟΣ ΙΟΥΝΙΟΥ 2021 ΑΠΑΣΧ/ΝΩΝ ΜΕΣΩ ΠΡΟΓ/ΤΟΣ ΚΟΙΝΟΦΕΛΟΥΣ ΕΡΓΑΣΙΑΣ Ο.Α.Ε.Δ. ΠΡΟΣΚΛΗΣΗ 13/2016,,,,no sponsor block
ΩΥΩΔ4690Β3-ΞΧΠ,2021-08-23,ΧΕ 0/1296 ΑΠΟΔΟΣΗ ΑΦΑΛΙΣΤΙΚΩΝ ΕΙΣΦΟΡΩΝ  ΜΗΝΟΣ ΙΟΥΝΙΟΥ 2021 ΑΠΑΣΧ/ΝΩΝ ΜΕΣΩ ΠΡΟΓ/ΤΟΣ ΚΟΙΝΟΦΕΛΟΥΣ ΕΡΓΑΣΙΑΣ Ο.Α.Ε.Δ. ΠΡΟΣΚΛΗΣΗ 04/2020,,,,no sponsor block
6ΞΑΒ4690Β3-ΥΧΔ,2021-08-23,ΧΕ 0/1313 ΑΠΟΔΟΣΗ ΚΡΑΤΗΣΕΩΝ ΤΟΥ Ψ.Τ. ΤΟΥ Γ.Ν.Κ. ΜΗΝΟΣ ΙΟΥΝΙΟΥ 2021,,,,no sponsor block
ΨΒ9Ξ4690Β3-8ΓΥ,2021-08-23,ΧΕ 0/1312 ΑΠΟΔΟΣΗ ΦΟΡΟΥ ΤΟΥ Ψ.Τ. ΤΟΥ Γ.Ν.Κ. ΜΗΝΟΣ ΙΟΥΝΙΟΥ 2021,,,,no sponsor block
6ΨΦΗ4690Β3-ΓΚ1,2021-08-23,ΧΕ 0/1311 ΑΠΟΔΟΣΗ ΚΡΑΤΗΣΕΩΝ ΤΟΥ Ψ.Τ. ΤΟΥ Γ.Ν.Κ. ΜΗΝΟΣ ΙΟΥΝΙΟΥ 2021,,,,no sponsor block
6ΠΗ14690Β3-ΤΝΡ,2021-08-23,ΧΕ 0/1310 ΑΠΟΔΟΣΗ ΚΡΑΤΗΣΕΩΝ ΤΟΥ Ψ.Τ. ΤΟΥ Γ.Ν.Κ. ΜΗΝΟΣ ΙΟΥΝΙΟΥ 2021,,,,no sponsor block
ΨΟΙ64690Β3-ΨΥΝ,2021-08-23,ΧΕ 0/1309 ΑΠΟΔΟΣΗ ΚΡΑΤΗΣΕΩΝ ΤΟΥ Ψ.Τ. ΤΟΥ Γ.Ν.Κ. ΜΗΝΟΣ ΙΟΥΝΙΟΥ 2021,,,,no sponsor block
Ψ0Π64690Β3-9Χ7,2021-08-23,ΧΕ 0/1308 ΑΠΟΔΟΣΗ ΚΡΑΤΗΣΕΩΝ ΤΟΥ Γ.Ν.Κ. ΜΗΝΟΣ ΙΟΥΝΙΟΥ 2021,,,,no sponsor block
6ΒΡ04690Β3-Ε1Γ,2021-08-23,ΧΕ 0/1307 ΑΠΟΔΟΣΗ ΚΡΑΤΗΣΕΩΝ ΤΟΥ Γ.Ν.Κ. ΜΗΝΟΣ ΙΟΥΝΙΟΥ 2021,,,,no sponsor block
6ΝΜΜ4690Β3-9ΣΔ,2021-08-23,ΧΕ 0/1306 ΑΠΟΔΟΣΗ ΦΟΡΟΥ ΤΟΥ Γ.Ν.Κ. ΜΗΝΟΣ ΙΟΥΝΙΟΥ 2021,,,,no sponsor block
Ψ18Β4690Β3-7Ν1,2021-08-23,ΧΕ 0/1305 ΑΠΟΔΟΣΗ ΚΡΑΤΗΣΕΩΝ ΤΟΥ Γ.Ν.Κ. ΜΗΝΟΣ ΙΟΥΝΙΟΥ 2021,,,,no sponsor block
68Ο24690Β3-ΛΦΦ,2021-08-23,ΧΕ 0/1304 ΑΠΟΔΟΣΗ ΦΟΡΟΥ ΤΟΥ Γ.Ν.Κ. ΜΗΝΟΣ ΙΟΥΝΙΟΥ 2021,,,,no sponsor block
66ΒΥ4690Β3-83Λ,2021-08-23,ΧΕ 0/1303 ΑΠΟΔΟΣΗ ΚΡΑΤΗΣΕΩΝ ΤΟΥ Γ.Ν.Κ. ΜΗΝΟΣ ΙΟΥΝΙΟΥ 2021,,,,no sponsor block
ΨΒ7Μ4690Β3-2ΔΞ,2021-08-23,ΧΕ 0/1302 ΑΠΟΔΟΣΗ ΚΡΑΤΗΣΕΩΝ ΤΟΥ Γ.Ν.Κ. ΜΗΝΟΣ ΙΟΥΝΙΟΥ 2021,,,,no sponsor block
ΩΧΟΚ4690Β3-ΙΦΥ,2021-08-23,ΧΕ 0/1301 ΑΠΟΔΟΣΗ ΚΡΑΤΗΣΕΩΝ ΤΟΥ Γ.Ν.Κ. ΜΗΝΟΣ ΙΟΥΝΙΟΥ 2021,,,,no sponsor block
Ω5ΓΔ4690Β3-4ΕΙ,2021-08-10,ΧΕ 0/1226 ΤΕΛΙΚΟΣ ΛΟΓΑΡΙΑΣΜΟΣ ΟΙΚΟΤΡΟΦΕΙΟΥ ΤΕΡΨΥΧΟΡΗ ΤΟΥ Ψ.Τ. ΤΟΥ Γ.Ν.Κ.,090000045,ΔΗΜΟΣΙΑ ΕΠΙΧΕΙΡΗΣΗ ΗΛΕΚΤΡΙΣΜΟΥ ΑΝΩΝΥΜΗ ΕΤΑΙΡΙΑ,-350.31,negative amount
6Φ8Ζ4690Β3-0ΕΟ,2021-08-10,ΧΕ 0/1225 ΚΟΙΝΟΧΡΗΣΤΑ ΠΡΟΣΤ/ΝΩΝ ΔΙΑΜΕΡΙΣΜΑΤΩΝ ΠΟΛΗΣ ΤΟΥ Ψ.Τ.,,,,no sponsor block
ΨΞΕΧ4690Β3-Τ7Υ,2021-08-05,ΧΕ 0/1191 ΑΠΟΚΑΤΑΣΤΑΣΗ ΠΑΓΙΑΣ ΠΡΟΚΑΤΑΒΟΛΗΣ,,,,no sponsor block
ΩΞΒ24690Β3-ΘΛΥ,2021-08-03,ΧΕ 1/468 ΑΠΟΖ/ΣΗ ΥΠΕΡΩΡΙΑΚΗΣ ΑΠΑΣΧ/ΣΗΣ ΝΥΚΤΕΡΙΝΩΝ ΚΑΙ ΕΞΑΙΡΕΣΙΜΩΝ ΜΗΝΟΣ ΙΟΥΝΙΟΥ 2021 ΣΕ  ΠΡΟΣΩΠΙΚΟ ΚΑΤ. Υ.Ε. ΤΟΥ Κ.Ψ.Υ. ΤΟΥ Γ.Ν.Κ.,,,,no sponsor block
ΨΚ8Ξ4690Β3-Μ8Ρ,2021-08-03,ΧΕ 1/467 ΑΠΟΖ/ΣΗ ΥΠΕΡΩΡΙΑΚΗΣ ΑΠΑΣΧ/ΣΗΣ ΝΥΚΤΕΡΙΝΩΝ ΚΑΙ ΕΞΑΙΡΕΣΙΜΩΝ ΜΗΝΟΣ ΙΟΥΝΙΟΥ 2021 ΣΕ  ΠΡΟΣΩΠΙΚΟ ΚΑΤ. Υ.Ε. ΤΟΥ Γ.Ν.Κ.,,,,no sponsor block
Ω5ΨΥ4690Β3-Φ3Μ,2021-08-03,ΧΕ 1/466 ΑΠΟΖ/ΣΗ ΥΠΕΡΩΡΙΑΚΗΣ ΑΠΑΣΧ/ΣΗΣ ΝΥΚΤΕΡΙΝΩΝ ΚΑΙ ΕΞΑΙΡΕΣΙΜΩΝ ΜΗΝΟΣ ΙΟΥΝΙΟΥ 2021 ΣΕ  ΠΑΡΑΣΚΕΥΑΣ-ΤΡΙΕΣ/ΤΕΣ  ΤΟΥ Γ.Ν.Κ.,,,,no sponsor block
ΩΥ7Τ4690Β3-6ΘΤ,2021-08-03,ΧΕ 1/465 ΑΠΟΖ/ΣΗ ΥΠΕΡΩΡΙΑΚΗΣ ΑΠΑΣΧ/ΣΗΣ ΝΥΚΤΕΡΙΝΩΝ ΚΑΙ ΕΞΑΙΡΕΣΙΜΩΝ ΜΗΝΟΣ ΙΟΥΝΙΟΥ 2021 ΣΕ  ΝΟΣΗΛΕΥΤΙΚΟ ΠΡΟΣΩΠΙΚΟ ΚΑΤ. Δ.Ε. ΤΟΥ Κ.Ψ.Υ ΤΟΥ Γ.Ν.Κ.,,,,no sponsor block
Ψ62Φ4690Β3-ΞΡ0,2021-08-03,ΧΕ 1/464 ΑΠΟΖ/ΣΗ ΥΠΕΡΩΡΙΑΚΗΣ ΑΠΑΣΧ/ΣΗΣ ΝΥΚΤΕΡΙΝΩΝ ΚΑΙ ΕΞΑΙΡΕΣΙΜΩΝ ΜΗΝΟΣ ΙΟΥΝΙΟΥ 2021 ΣΕ  ΤΕΧΝΙΚΟ ΠΡΟΣΩΠΙΚΟ ΤΟΥ Γ.Ν.Κ.,,,,no sponsor block
6ΤΨ74690Β3-61Φ,2021-08-03,ΧΕ 1/463 ΑΠΟΖ/ΣΗ ΥΠΕΡΩΡΙΑΚΗΣ ΑΠΑΣΧ/ΣΗΣ ΝΥΚΤΕΡΙΝΩΝ ΚΑΙ ΕΞΑΙΡΕΣΙΜΩΝ ΜΗΝΟΣ ΙΟΥΝΙΟΥ 2021 ΣΕ ΝΟΣΗΛΕΥΤΙΚΟ ΠΡΟΣΩΠΙΚΟ ΚΑΤ. Υ.Ε. ΤΟΥ Γ.Ν.Κ.,,,,no sponsor block
63ΔΞ4690Β3-ΚΩΗ,2021-08-03,ΧΕ 1/462 ΑΠΟΖ/ΣΗ ΥΠΕΡΩΡΙΑΚΗΣ ΑΠΑΣΧ/ΣΗΣ ΝΥΚΤΕΡΙΝΩΝ ΚΑΙ ΕΞΑΙΡΕΣΙΜΩΝ ΜΗΝΟΣ ΙΟΥΝΙΟΥ 2021 ΣΕ  ΝΟΣΗΛΕΥΤΙΚΟ ΠΡΟΣΩΠΙΚΟ ΚΑΤ. Υ.Ε. ΤΟΥ Κ.Ψ.Υ. ΤΟΥ Γ.Ν.Κ.,,,,no sponsor block
ΨΡΡΠ4690Β3-ΦΦ2,2021-08-03,ΧΕ 1/461 ΑΠΟΖ/ΣΗ ΥΠΕΡΩΡΙΑΚΗΣ ΑΠΑΣΧ/ΣΗΣ ΝΥΚΤΕΡΙΝΩΝ ΚΑΙ ΕΞΑΙΡΕΣΙΜΩΝ ΜΗΝΟΣ ΙΟΥΝΙΟΥ 2021 ΣΕ ΕΠΙΚΟΥΡΙΚΟ ΠΡΟΣΩΠΙΚΟ ΚΑΤ. ΙΔΟΧ ΤΟΥ Γ.Ν.Κ.,,,,no sponsor block
ΨΞΜΨ4690Β3-ΥΡΔ,2021-08-03,ΧΕ 1/460 ΑΠΟΖ/ΣΗ ΥΠΕΡΩΡΙΑΚΗΣ ΑΠΑΣΧ/ΣΗΣ ΝΥΚΤΕΡΙΝΩΝ ΚΑΙ ΕΞΑΙΡΕΣΙΜΩΝ ΜΗΝΟΣ ΙΟΥΝΙΟΥ 2021 ΣΕ  ΠΡΟΣΩΠΙΚΟ ΚΑΤ. ΙΔΟΧ. ΤΟΥ Γ.Ν.Κ.,,,,no sponsor block
69ΡΛ4690Β3-Η9Ι,2021-08-03,ΧΕ 1/459 ΑΠΟΖ/ΣΗ ΥΠΕΡΩΡΙΑΚΗΣ ΑΠΑΣΧ/ΣΗΣ ΝΥΚΤΕΡΙΝΩΝ ΚΑΙ ΕΞΑΙΡΕΣΙΜΩΝ ΜΗΝΟΣ ΙΟΥΝΙΟΥ 2021 ΣΕ  ΕΠΟΧΙΚΟ ΠΡΟΣΩΠΙΚΟ ΚΑΤ. ΙΔΟΧ ΤΟΥ Γ.Ν.Κ.,,,,no sponsor block
67ΜΦ4690Β3-ΝΒΧ,2021-08-03,ΧΕ 1/458 ΑΠΟΖ/ΣΗ ΥΠΕΡΩΡΙΑΚΗΣ ΑΠΑΣΧ/ΣΗΣ ΝΥΚΤΕΡΙΝΩΝ ΚΑΙ ΕΞΑΙΡΕΣΙΜΩΝ ΜΗΝΟΣ ΙΟΥΝΙΟΥ 2021 ΕΠΙΣΤΗΜΟΝΙΚΟΥ ΠΡΟΣΩΠΙΚΟΥ ΤΟΥ Γ.Ν.Κ.,,,,no sponsor block
ΨΠΦΒ4690Β3-3ΑΞ,2021-08-03,ΧΕ 1/457 ΑΠΟΖ/ΣΗ ΥΠΕΡΩΡΙΑΚΗΣ ΑΠΑΣΧ/ΣΗΣ ΝΥΚΤΕΡΙΝΩΝ ΚΑΙ ΕΞΑΙΡΕΣΙΜΩΝ ΜΗΝΟΣ ΙΟΥΝΙΟΥ 2021 ΣΕ ΝΟΣΗΛΕΥΤΙΟ  ΠΡΟΣΩΠΙΚΟ ΚΑΤ. Τ.Ε. ΤΟΥ Γ.Ν.Κ.,,,,no sponsor block
ΨΒΒΠ4690Β3-9ΓΚ,2021-08-03,ΧΕ 1/456 ΑΠΟΖ/ΣΗ ΥΠΕΡΩΡΙΑΚΗΣ ΑΠΑΣΧ/ΣΗΣ ΝΥΚΤΕΡΙΝΩΝ ΚΑΙ ΕΞΑΙΡΕΣΙΜΩΝ ΜΗΝΟΣ ΙΟΥΝΙΟΥ 2021 ΣΕ  ΠΡΟΣΩΠΙΚΟ ΚΑΤ. Π.Ε. ΤΟΥ Γ.Ν.Κ.,,,,no sponsor block
6ΞΜΩ4690Β3-ΔΒ1,2021-08-03,ΧΕ 1/455 ΑΠΟΖ/ΣΗ ΥΠΕΡΩΡΙΑΚΗΣ ΑΠΑΣΧ/ΣΗΣ ΝΥΚΤΕΡΙΝΩΝ ΚΑΙ ΕΞΑΙΡΕΣΙΜΩΝ ΜΗΝΟΣ ΙΟΥΝΙΟΥ 2021 ΝΟΣΗΛΕΥΤΙΚΟΥ ΠΡΟΣΩΠΙΚΟΥ ΚΑΤ. Τ.Ε. ΤΟΥ Κ.Ψ.Υ. ΤΟΥ Γ.Ν.Κ.,,,,no sponsor block
ΩΦ634690Β3-0ΝΝ,2021-08-03,ΧΕ 1/454 ΑΠΟΖ/ΣΗ ΥΠΕΡΩΡΙΑΚΗΣ ΑΠΑΣΧ/ΣΗΣ ΝΥΚΤΕΡΙΝΩΝ ΚΑΙ ΕΞΑΙΡΕΣΙΜΩΝ ΜΗΝΟΣ ΙΟΥΝΙΟΥ 2021 ΣΕΠΡΟΣΩΠΙΚΟ ΚΑΤ. ΙΔΑΧ ΤΟΥ Γ.Ν.Κ.,,,,no sponsor block
ΨΕΣΒ4690Β3-ΦΕΝ,2021-08-03,ΧΕ 1/453 ΑΠΟΖ/ΣΗ ΥΠΕΡΩΡΙΑΚΗΣ ΑΠΑΣΧ/ΣΗΣ ΝΥΚΤΕΡΙΝΩΝ ΚΑΙ ΕΞΑΙΡΕΣΙΜΩΝ ΜΗΝΟΣ ΙΟΥΝΙΟΥ 2021 ΝΟΣΗΛΕΥΤΙΚΟΥ ΠΡΟΣΩΠΙΚΟΥ ΚΑΤ. Δ.Ε. ΤΟΥ Γ.Ν.Κ.,,,,no sponsor block
ΨΞΚ54690Β3-8ΓΖ,2021-08-03,ΧΕ 1/452 ΑΠΟΖ/ΣΗ ΥΠΕΡΩΡΙΑΚΗΣ ΑΠΑΣΧ/ΣΗΣ ΝΥΚΤΕΡΙΝΩΝ ΚΑΙ ΕΞΑΙΡΕΣΙΜΩΝ ΜΗΝΟΣ ΙΟΥΝΙΟΥ 2021 ΝΟΣΗΛΕΥΤΙΚΟΥ ΠΡΟΣΩΠΙΚΟΥ  ΚΑΤ. ΙΔΑΧ ΤΟ ΥΚ.Ψ.Υ.  ΤΟΥ Γ.Ν.Κ.,,,,no sponsor block
Ω5ΖΑ4690Β3-ΑΡΗ,2021-08-03,ΧΕ 1/451 ΑΠΟΖ/ΣΗ ΥΠΕΡΩΡΙΑΚΗΣ ΑΠΑΣΧ/ΣΗΣ ΝΥΚΤΕΡΙΝΩΝ ΚΑΙ ΕΞΑΙΡΕΣΙΜΩΝ ΜΗΝΟΣ ΙΟΥΝΙΟΥ 2021 ΝΟΣΗΛΕΥΤΙΚΟΥ ΠΡΟΣΩΠΙΚΟΥ  ΚΑΤ. ΙΔΟΧ. ΤΟΥ Γ.Ν.Κ.,,,,no sponsor block
ΨΡΤΗ4690Β3-69Δ,2021-08-03,ΧΕ 1/450 ΑΠΟΖ/ΣΗ ΥΠΕΡΩΡΙΑΚΗΣ ΑΠΑΣΧ/ΣΗΣ ΝΥΚΤΕΡΙΝΩΝ ΚΑΙ ΕΞΑΙΡΕΣΙΜΩΝ ΜΗΝΟΣ ΙΟΥΝΙΟΥ 2021 ΣΕ  ΠΡΟΣΩΠΙΚΟ ΚΑΤ. Δ.Ε. ΤΟΥ Γ.Ν.Κ.,,,,no sponsor block
6ΕΕ04690Β3-9ΑΟ,2021-08-03,ΧΕ 1/449 ΑΠΟΖ/ΣΗ ΥΠΕΡΩΡΙΑΚΗΣ ΑΠΑΣΧ/ΣΗΣ ΝΥΚΤΕΡΙΝΩΝ ΚΑΙ ΕΞΑΙΡΕΣΙΜΩΝ ΜΗΝΟΣ ΙΟΥΝΙΟΥ 2021 ΔΙΟΙΚΗΤΙΚΟΥ ΠΡΟΣΩΠΙΚΟΥ ΤΟΥ Γ.Ν.Κ.,,,,no sponsor block
ΩΤΟΩ4690Β3-4ΦΛ,2021-08-03,ΧΕ 1/446 ΑΠΟΖ/ΣΗ ΥΠΕΡΩΡΙΑΚΗΣ ΑΠΑΣΧ/ΣΗΣ ΝΥΚΤΕΡΙΝΩΝ ΚΑΙ ΕΞΑΙΡΕΣΙΜΩΝ ΜΗΝΟΣ ΙΟΥΝΙΟΥ 2021 ΣΕ ΕΠΙΚΟΥΡΙΚΟ ΠΡΟΣΩΠΙΚΟ ΤΟΥ Γ.Ν.Κ. ΕΚΤ. ΠΡΟΣΛΗΨΗ COVID-19,,,,no sponsor block
6Τ3Π4690Β3-ΠΡΙ,2021-08-03,ΧΕ 1/447 ΑΠΟΖ/ΣΗ ΥΠΕΡΩΡΙΑΚΗΣ ΑΠΑΣΧ/ΣΗΣ ΝΥΚΤΕΡΙΝΩΝ ΚΑΙ ΕΞΑΙΡΕΣΙΜΩΝ ΜΗΝΟΣ ΙΟΥΝΙΟΥ 2021 ΣΕ ΠΡΟΣΩΠΙΚΟ ΤΡΑΠΕΖΟΚΟΜΙΑΣ ΤΟΥ Γ.Ν.Κ. ΕΚΤ. ΠΡΟΣΛΗΨΗ COVID-19,,,,no sponsor block
Ψ9ΓΠ4690Β3-04Ω,2021-08-03,ΧΕ 1/448 ΑΠΟΖ/ΣΗ ΥΠΕΡΩΡΙΑΚΗΣ ΑΠΑΣΧ/ΣΗΣ ΝΥΚΤΕΡΙΝΩΝ ΚΑΙ ΕΞΑΙΡΕΣΙΜΩΝ ΜΗΝΟΣ ΙΟΥΝΙΟΥ 2021 ΣΕ ΕΠΙΣΤΗΜΟΝΙΚΟ ΠΡΟΣΩΠΙΚΟ ΤΟΥ Γ.Ν.Κ. ΕΚΤ. ΠΡΟΣΛΗΨΗ COVID-19,,,,no sponsor block
ΨΩΩΔ4690Β3-ΔΥΟ,2021-08-03,ΧΕ 1/469 ΕΦΗΜΕΡΙΕΣ ΜΗΝΟΣ ΙΟΥΝΙΟΥ 2021 ΙΑΤΡΩΝ ΕΣΥ ΤΟΥ Γ.Ν.Κ.,,,,no sponsor block
ΩΔ204690Β3-4ΧΨ,2021-08-03,ΧΕ 1/445 ΕΦΗΜΕΡΙΕΣ ΜΗΝΟΣ ΙΟΥΝΙΟΥ 2021 ΕΙΔΙΚ/ΝΩΝ ΙΑΤΡΩΝ ΕΣΥ ΕΚΤ. ΠΡΟΣΛΗΨΗ COVID-19,,,,no sponsor block
ΩΧ7Β4690Β3-70Ζ,2021-08-03,ΧΕ 1/444 ΕΦΗΜΕΡΙΕΣ ΜΗΝΟΣ ΙΟΥΝΙΟΥ 2021 ΕΠΙΚΟΥΡΙΚΩΝ  ΙΑΤΡΩΝ ΕΣΥ ΕΚΤ. ΠΡΟΣΛΗΨΗ COVID-19,,,,no sponsor block
Ω0ΡΕ4690Β3-ΚΡ4,2021-08-03,ΧΕ 1/441 ΕΦΗΜΕΡΙΕΣ ΜΗΝΟΣ ΙΟΥΝΙΟΥ 2021 ΕΙΔΙΚ/ΝΩΝ ΙΑΤΡΩΝ ΕΣΥ,,,,no sponsor block
6Ν694690Β3-Ξ4Τ,2021-08-03,ΧΕ 1/442 ΕΦΗΜΕΡΙΕΣ ΜΗΝΟΣ ΙΟΥΝΙΟΥ 2021 ΕΠΙΚΟΥΡΙΚΟΥ ΙΑΤΡΙΚΟΥ ΠΡΟΣΩΠΙΚΟΥ,,,,no sponsor block
ΨΨΘ24690Β3-55Ν,2021-08-03,ΧΕ 1/443 ΕΦΗΜΕΡΙΕΣ ΜΗΝΟΣ ΙΟΥΝΙΟΥ 2021 ΙΑΤΡΙΚΟΥ ΠΡΟΣΩΠΙΚΟΥ,,,,no sponsor block
6ΨΒΨ4690Β3-314,2021-08-02,"ΧΕ 1/440 ΑΠΟΖΗΜΙΩΣΗ ΥΠΕΡΩΡΙΑΚΗΣ ΑΠΑΣΧ/ΣΗΣ ΝΥΚΤΕΡΙΝΩΝ ΚΑΙ ΕΞΑΙΡΕΣΙΜΩΝ ΜΗΝΟΣ ΙΟΥΝΙΟΥ 2021, ΕΠΙΚΟΥΡΙΚΟΥ ΠΡΟΣΩΠΙΚΟΥ ΕΠΙΧ/ΝΟΥ ΜΕΣΩ Ε.Σ.Π.Α. -Π.Ι.Ν.",,,,no sponsor block
ΨΚΛΕ4690Β3-3ΧΦ,2022-05-27,ΕΝΤΑΛΜΑ ΠΛΗΡΩΜΗΣ ΟΔΟΙΠΟΡΙΚΑ ΕΞΟΔΑ ΠΡΟΣ. ΝΟΣ/ΜΕΙΟΥ (001626),,,873.88,anonymous sponsor (empty sponsorAFMName)
9ΤΡΘ4690Β3-Ρ96,2022-05-27,ΕΝΤΑΛΜΑ ΠΛΗΡΩΜΗΣ ΑΠΟΖΗΜΙΩΣΗ ΕΦΗΜΕΡΙΩΝ (002535),,,17174.36,anonymous sponsor (empty sponsorAFMName)
6Α4Χ4690Β3-ΥΗΨ,2022-05-27,ΕΝΤΑΛΜΑ ΠΛΗΡΩΜΗΣ ΑΠΟΖΗΜΙΩΣΗ ΕΦΗΜΕΡΙΩΝ (002535),,,1318.03,anonymous sponsor (empty sponsorAFMName)
66Μ54690Β3-Σ2Τ,2022-05-27,ΕΝΤΑΛΜΑ ΠΛΗΡΩΜΗΣ ΑΠΟΖΗΜΙΩΣΗ ΕΦΗΜΕΡΙΩΝ (002535),,,4904.12,anonymous sponsor (empty sponsorAFMName)
66424690Β3-Ο9Θ,2022-05-27,ΕΝΤΑΛΜΑ ΠΛΗΡΩΜΗΣ ΑΠΟΖΗΜΙΩΣΗ ΕΦΗΜΕΡΙΩΝ (002535),,,5935.18,anonymous sponsor (empty sponsorAFMName)
6ΝΤΒ4690Β3-ΥΥ8,2022-05-27,ΕΝΤΑΛΜΑ ΠΛΗΡΩΜΗΣ ΑΠΟΖΗΜΙΩΣΗ ΕΦΗΜΕΡΙΩΝ (002535),,,820.56,anonymous sponsor (empty sponsorAFMName)
ΨΞΩΙ4690Β3-05Β,2022-05-27,ΕΝΤΑΛΜΑ ΠΛΗΡΩΜΗΣ ΑΠΟΖΗΜΙΩΣΗ ΕΦΗΜΕΡΙΩΝ (002535),,,17585.75,anonymous sponsor (empty sponsorAFMName)
64ΕΥ4690Β3-Α4Φ,2022-05-27,ΕΝΤΑΛΜΑ ΠΛΗΡΩΜΗΣ ΑΠΟΖΗΜΙΩΣΗ ΕΦΗΜΕΡΙΩΝ (002535),,,84171.95,anonymous sponsor (empty sponsorAFMName)
6ΧΤΤ4690Β3-ΡΕΒ,2022-05-26,ΕΝΤΑΛΜΑ ΠΛΗΡΩΜΗΣ ΑΠΟΖΗΜΙΩΣΗ ΔΙΚΑΣΤΙΚΗΣ ΑΠΟΦΑΣΗΣ (001613),,,11901.75,anonymous sponsor (empty sponsorAFMName)
ΨΚΙΕ4690Β3-9ΦΓ,2022-05-25,ΕΝΤΑΛΜΑ ΠΛΗΡΩΜΗΣ ΕΙΣΦΟΡΕΣ ΑΠΑΣΧ/ΝΩΝ ΟΑΕΔ ΜΕΣΩ ΠΡΟΓ. ΚΟΙΝΩΦ. ΧΑΡΑΚΤΗΡΑ (1657),,,2163.90,anonymous sponsor (empty sponsorAFMName)
62ΠΙ4690Β3-ΣΥΧ,2022-05-25,ΕΝΤΑΛΜΑ ΠΛΗΡΩΜΗΣ ΚΡΑΤ.3391-54.03.00.0001 Φ.Μ.Υ. (001512),,,74.88,anonymous sponsor (empty sponsorAFMName)
ΨΞΔΕ4690Β3-ΥΕΙ,2022-05-25,ΕΝΤΑΛΜΑ ΠΛΗΡΩΜΗΣ ΕΙΣΦΟΡΕΣ ΑΠΑΣΧ/ΝΩΝ ΟΑΕΔ ΜΕΣΩ ΠΡΟΓ. ΚΟΙΝΩΦ. ΧΑΡΑΚΤΗΡΑ (1657),,,5331.55,anonymous sponsor (empty sponsorAFMName)
ΨΥΧΤ4690Β3-ΛΘ0,2022-05-25,ΕΝΤΑΛΜΑ ΠΛΗΡΩΜΗΣ ΚΡΑΤ.3391-54.03.00.0001 Φ.Μ.Υ. (001512),,,264.46,anonymous sponsor (empty sponsorAFMName)
6ΞΦΟ4690Β3-5ΕΚ,2022-05-25,ΕΝΤΑΛΜΑ ΠΛΗΡΩΜΗΣ ΚΡΑΤ.3391-54.04.02.0001 Χ/ΜΑ και ΟΓΑ Χ/ΜΩΝ (001514),,,0.97,anonymous sponsor (empty sponsorAFMName)
6ΘΘΖ4690Β3-7ΔΗ,2022-05-25,ΕΝΤΑΛΜΑ ΠΛΗΡΩΜΗΣ ΚΡΑΤ.3391-53.20.00.0001 ΕΛΛΗΝΙΚΟ ΔΗΜΟΣΙΟ (001506),,,568.60,anonymous sponsor (empty sponsorAFMName)
Ψ7ΡΜ4690Β3-1ΞΣ,2022-05-25,ΕΝΤΑΛΜΑ ΠΛΗΡΩΜΗΣ ΚΡΑΤ.3391-53.20.00.0001 ΕΛΛΗΝΙΚΟ ΔΗΜΟΣΙΟ (001506),,,28.45,anonymous sponsor (empty sponsorAFMName)
6ΖΧΠ4690Β3-ΙΨ5,2022-05-25,ΕΝΤΑΛΜΑ ΠΛΗΡΩΜΗΣ ΚΡΑΤ.3391-54.04.02.0001 Χ/ΜΑ και ΟΓΑ Χ/ΜΩΝ (001514),,,21.53,anonymous sponsor (empty sponsorAFMName)
ΨΞ794690Β3-ΓΧΚ,2022-05-25,ΕΝΤΑΛΜΑ ΠΛΗΡΩΜΗΣ ΚΡΑΤ.3391-54.09.14.0001 ΦΟΡΟΣ ΠΡΟΜΗΘΕΥΤΩΝ (001510),,,18098.30,anonymous sponsor (empty sponsorAFMName)
6ΘΤΜ4690Β3-ΥΦΧ,2022-05-25,ΕΝΤΑΛΜΑ ΠΛΗΡΩΜΗΣ ΚΡΑΤ.3391-53.20.00.0001 ΕΛΛΗΝΙΚΟ ΔΗΜΟΣΙΟ (001506),,,8525.61,anonymous sponsor (empty sponsorAFMName)
6Φ4Ρ4690Β3-ΘΓ4,2022-05-25,ΕΝΤΑΛΜΑ ΠΛΗΡΩΜΗΣ ΚΡΑΤ.3391-53.20.00.0001 ΕΛΛΗΝΙΚΟ ΔΗΜΟΣΙΟ (001506),,,319.12,anonymous sponsor (empty sponsorAFMName)
62ΑΛ4690Β3-ΦΥΜ,2022-05-25,ΕΝΤΑΛΜΑ ΠΛΗΡΩΜΗΣ ΚΡΑΤ.3391-53.20.00.0001 ΕΛΛΗΝΙΚΟ ΔΗΜΟΣΙΟ (001506),,,2.96,anonymous sponsor (empty sponsorAFMName)
ΨΖΖ74690Β3-ΥΡΡ,2022-05-25,ΕΝΤΑΛΜΑ ΠΛΗΡΩΜΗΣ ΚΡΑΤ.3391-53.20.00.0001 ΕΛΛΗΝΙΚΟ ΔΗΜΟΣΙΟ (001506),,,290.66,anonymous sponsor (empty sponsorAFMName)
9ΕΦΧ4690Β3-7Ξ8,2022-05-19,ΕΝΤΑΛΜΑ ΠΛΗΡΩΜΗΣ LUNDBECK HELLAS S.A (094434000),,,763.06,anonymous sponsor (empty sponsorAFMName)
6Ε0Ε4690Β3-ΛΝ5,2022-05-10,ΕΝΤΑΛΜΑ ΠΛΗΡΩΜΗΣ ΑΠΟΖΗΜΙΩΣΗ ΔΙΚΑΣΤΙΚΗΣ ΑΠΟΦΑΣΗΣ (001613),,,58150.24,anonymous sponsor (empty sponsorAFMName)
6ΕΜΦ4690Β3-3ΜΡ,2022-05-10,ΕΝΤΑΛΜΑ ΠΛΗΡΩΜΗΣ ΑΠΟΖΗΜΙΩΣΗ ΔΙΚΑΣΤΙΚΗΣ ΑΠΟΦΑΣΗΣ (001613),,,58150.24,anonymous sponsor (empty sponsorAFMName)
6ΞΘΦ4690Β3-Φ6Φ,2022-05-10,ΕΝΤΑΛΜΑ ΠΛΗΡΩΜΗΣ ΑΠΟΖΗΜΙΩΣΗ ΔΙΚΑΣΤΙΚΗΣ ΑΠΟΦΑΣΗΣ (001613),,,93040.38,anonymous sponsor (empty sponsorAFMName)
ΨΓΥΧ4690Β3-95Η,2022-05-09,ΕΝΤΑΛΜΑ ΠΛΗΡΩΜΗΣ ΑΠΟΖΗΜΙΩΣΗ ΔΙΚΑΣΤΙΚΗΣ ΑΠΟΦΑΣΗΣ (001613),,,43807.12,anonymous sponsor (empty sponsorAFMName)
6ΥΝΨ4690Β3-ΘΒ8,2022-05-09,ΕΝΤΑΛΜΑ ΠΛΗΡΩΜΗΣ ΑΠΟΖΗΜΙΩΣΗ ΔΙΚΑΣΤΙΚΗΣ ΑΠΟΦΑΣΗΣ (001613),,,43807.12,anonymous sponsor (empty sponsorAFMName)
63ΤΚ4690Β3-ΒΒΔ,2022-05-09,ΕΝΤΑΛΜΑ ΠΛΗΡΩΜΗΣ ΑΠΟΖΗΜΙΩΣΗ ΔΙΚΑΣΤΙΚΗΣ ΑΠΟΦΑΣΗΣ (001613),,,87614.25,anonymous sponsor (empty sponsorAFMName)
6ΘΤΑ4690Β3-ΜΚΙ,2022-05-03,ΕΝΤΑΛΜΑ ΠΛΗΡΩΜΗΣ ΕΠΙΚΟΥΡΙΚΟ ΝΟΣΗΛΕΥΤΙΚΟ-ΠΑΡΑΪΑΤΡΙΚΟ ΠΡΟΣΩΠΙΚΟ (000001634),,,34441.40,anonymous sponsor (empty sponsorAFMName)
ΩΑΜΗ4690Β3-9Η8,2022-05-03,ΕΝΤΑΛΜΑ ΠΛΗΡΩΜΗΣ ΕΠΙΚΟΥΡΙΚΟ ΝΟΣΗΛΕΥΤΙΚΟ-ΠΑΡΑΪΑΤΡΙΚΟ ΠΡΟΣΩΠΙΚΟ (000001634),,,3235.07,anonymous sponsor (empty sponsorAFMName)
ΩΜΔ34690Β3-Η9Λ,2022-05-03,ΕΝΤΑΛΜΑ ΠΛΗΡΩΜΗΣ ΕΠΙΚΟΥΡΙΚΟ ΝΟΣΗΛΕΥΤΙΚΟ-ΠΑΡΑΪΑΤΡΙΚΟ ΠΡΟΣΩΠΙΚΟ (000001634),,,71999.72,anonymous sponsor (empty sponsorAFMName)
6ΒΝΝ4690Β3-ΝΓ6,2022-05-03,ΕΝΤΑΛΜΑ ΠΛΗΡΩΜΗΣ EΠΙΚΟΥΡΙΚΟΙ ΙΑΤΡΟΙ Ε.Σ.Υ. (000001629),,,12732.62,anonymous sponsor (empty sponsorAFMName)
ΩΔΤ34690Β3-ΟΔΙ,2022-05-03,ΕΝΤΑΛΜΑ ΠΛΗΡΩΜΗΣ ΑΠΟΖΗΜΕΙΩΣΗ ΤΕΙ-ΑΣΚΟΥΜΕΝΩΝ Ο.Α.Ε.Δ. (001607),,,1196.33,anonymous sponsor (empty sponsorAFMName)
ΩΘΑΘ4690Β3-Ε6Α,2022-05-03,ΕΝΤΑΛΜΑ ΠΛΗΡΩΜΗΣ ΑΠΟΖΗΜΕΙΩΣΗ ΤΕΙ-ΑΣΚΟΥΜΕΝΩΝ Ο.Α.Ε.Δ. (001607),,,186.19,anonymous sponsor (empty sponsorAFMName)
ΨΙΩΙ4690Β3-ΙΒ3,2022-05-03,ΕΝΤΑΛΜΑ ΠΛΗΡΩΜΗΣ ΑΠΟΖΗΜΕΙΩΣΗ ΤΕΙ-ΑΣΚΟΥΜΕΝΩΝ Ο.Α.Ε.Δ. (001607),,,1.76,anonymous sponsor (empty sponsorAFMName)
6ΤΨ54690Β3-ΓΜΗ,2022-05-03,ΕΝΤΑΛΜΑ ΠΛΗΡΩΜΗΣ ΕΠΙΚΟΥΡΙΚΟ ΝΟΣΗΛΕΥΤΙΚΟ-ΠΑΡΑΪΑΤΡΙΚΟ ΠΡΟΣΩΠΙΚΟ (000001634),,,29913.34,anonymous sponsor (empty sponsorAFMName)
6ΚΨΒ4690Β3-1Τ9,2022-05-03,ΕΝΤΑΛΜΑ ΠΛΗΡΩΜΗΣ ΕΠΟΧΙΚΟ ΠΡΟΣΩΠΙΚΟ ΚΑΘΑΡΙΟΤΗΤΑΣ (999111999),,,40313.12,anonymous sponsor (empty sponsorAFMName)
6Ν554690Β3-Τ6Δ,2022-05-03,ΕΝΤΑΛΜΑ ΠΛΗΡΩΜΗΣ ΠΡΟΣΩΠΙΚΟ ΤΡΑΠΕΖΟΚΟΜΙΑΣ Ι.Δ.Ο.Χ. (999000000),,,2301.93,anonymous sponsor (empty sponsorAFMName)
ΨΘΠ54690Β3-ΤΝ2,2022-05-03,ΕΝΤΑΛΜΑ ΠΛΗΡΩΜΗΣ EΠΙΚΟΥΡΙΚΟΙ ΙΑΤΡΟΙ Ε.Σ.Υ. (000001629),,,39975.79,anonymous sponsor (empty sponsorAFMName)
911Φ4690Β3-ΕΓΗ,2022-04-27,ΕΝΤΑΛΜΑ ΠΛΗΡΩΜΗΣ ΑΠΟΖΗΜΙΩΣΗ ΕΦΗΜΕΡΙΩΝ (002535),,,6173.30,anonymous sponsor (empty sponsorAFMName)
ΨΟ554690Β3-Λ94,2022-04-27,ΕΝΤΑΛΜΑ ΠΛΗΡΩΜΗΣ ΑΠΟΖΗΜΙΩΣΗ ΕΦΗΜΕΡΙΩΝ (002535),,,4007.86,anonymous sponsor (empty sponsorAFMName)
90Δ24690Β3-ΨΔΚ,2022-04-27,ΕΝΤΑΛΜΑ ΠΛΗΡΩΜΗΣ ΑΠΟΖΗΜΙΩΣΗ ΕΦΗΜΕΡΙΩΝ (002535),,,1324.62,anonymous sponsor (empty sponsorAFMName)
96ΝΟ4690Β3-ΘΗΦ,2022-04-27,ΕΝΤΑΛΜΑ ΠΛΗΡΩΜΗΣ ΑΠΟΖΗΜΙΩΣΗ ΕΦΗΜΕΡΙΩΝ (002535),,,17773.82,anonymous sponsor (empty sponsorAFMName)
ΨΩΜΕ4690Β3-Θ5Π,2022-04-27,ΕΝΤΑΛΜΑ ΠΛΗΡΩΜΗΣ ΑΠΟΖΗΜΙΩΣΗ ΕΦΗΜΕΡΙΩΝ (002535),,,772.18,anonymous sponsor (empty sponsorAFMName)
ΨΜΧΖ4690Β3-ΘΗΜ,2022-04-27,ΕΝΤΑΛΜΑ ΠΛΗΡΩΜΗΣ ΑΠΟΖΗΜΙΩΣΗ ΕΦΗΜΕΡΙΩΝ (002535),,,14006.94,anonymous sponsor (empty sponsorAFMName)
ΩΔ9Κ4690Β3-ΟΟΧ,2022-04-27,ΕΝΤΑΛΜΑ ΠΛΗΡΩΜΗΣ ΑΠΟΖΗΜΙΩΣΗ ΕΦΗΜΕΡΙΩΝ (002535),,,82869.80,anonymous sponsor (empty sponsorAFMName)
9ΔΒΘ4690Β3-2Ψ9,2022-04-27,ΕΝΤΑΛΜΑ ΠΛΗΡΩΜΗΣ ΑΠΟΖΗΜΙΩΣΗ ΓΙΑ ΝΥΧΤΕΡΙΝΑ-ΕΞΑΙΡΕΣΙΜΑ-ΥΠΕΡΩΡ.ΑΠΑΣΧΟΛΗΣΗ (001628),,,1866.14,anonymous sponsor (empty sponsorAFMName)
Ψ0934690Β3-2ΗΔ,2022-04-27,ΕΝΤΑΛΜΑ ΠΛΗΡΩΜΗΣ ΑΠΟΖΗΜΙΩΣΗ ΓΙΑ ΝΥΧΤΕΡΙΝΑ-ΕΞΑΙΡΕΣΙΜΑ-ΥΠΕΡΩΡ.ΑΠΑΣΧΟΛΗΣΗ (001628),,,1109.84,anonymous sponsor (empty sponsorAFMName)
ΨΥΥ44690Β3-54Ο,2022-04-27,ΕΝΤΑΛΜΑ ΠΛΗΡΩΜΗΣ ΑΠΟΖΗΜΙΩΣΗ ΓΙΑ ΝΥΧΤΕΡΙΝΑ-ΕΞΑΙΡΕΣΙΜΑ-ΥΠΕΡΩΡ.ΑΠΑΣΧΟΛΗΣΗ (001628),,,369.41,anonymous sponsor (empty sponsorAFMName)
9ΠΦ94690Β3-7ΑΞ,2022-04-27,ΕΝΤΑΛΜΑ ΠΛΗΡΩΜΗΣ ΑΠΟΖΗΜΙΩΣΗ ΓΙΑ ΝΥΧΤΕΡΙΝΑ-ΕΞΑΙΡΕΣΙΜΑ-ΥΠΕΡΩΡ.ΑΠΑΣΧΟΛΗΣΗ (001628),,,476.37,anonymous sponsor (empty sponsorAFMName)
ΩΘ584690Β3-Ζ4Χ,2022-04-27,ΕΝΤΑΛΜΑ ΠΛΗΡΩΜΗΣ ΑΠΟΖΗΜΙΩΣΗ ΓΙΑ ΝΥΧΤΕΡΙΝΑ-ΕΞΑΙΡΕΣΙΜΑ-ΥΠΕΡΩΡ.ΑΠΑΣΧΟΛΗΣΗ (001628),,,5545.25,anonymous sponsor (empty sponsorAFMName)
6ΦΦΟ4690Β3-ΑΛΧ,2022-04-27,ΕΝΤΑΛΜΑ ΠΛΗΡΩΜΗΣ ΑΠΟΖΗΜΙΩΣΗ ΓΙΑ ΝΥΧΤΕΡΙΝΑ-ΕΞΑΙΡΕΣΙΜΑ-ΥΠΕΡΩΡ.ΑΠΑΣΧΟΛΗΣΗ (001628),,,459.18,anonymous sponsor (empty sponsorAFMName)
ΨΡ4Ε4690Β3-ΑΗΧ,2022-04-27,ΕΝΤΑΛΜΑ ΠΛΗΡΩΜΗΣ ΑΠΟΖΗΜΙΩΣΗ ΓΙΑ ΝΥΧΤΕΡΙΝΑ-ΕΞΑΙΡΕΣΙΜΑ-ΥΠΕΡΩΡ.ΑΠΑΣΧΟΛΗΣΗ (001628),,,351.79,anonymous sponsor (empty sponsorAFMName)
9Θ324690Β3-ΛΓ0,2022-04-27,ΕΝΤΑΛΜΑ ΠΛΗΡΩΜΗΣ ΑΠΟΖΗΜΙΩΣΗ ΓΙΑ ΝΥΧΤΕΡΙΝΑ-ΕΞΑΙΡΕΣΙΜΑ-ΥΠΕΡΩΡ.ΑΠΑΣΧΟΛΗΣΗ (001628),,,8848.85,anonymous sponsor (empty sponsorAFMName)
ΨΘΨ04690Β3-9ΦΗ,2022-04-27,ΕΝΤΑΛΜΑ ΠΛΗΡΩΜΗΣ ΑΠΟΖΗΜΙΩΣΗ ΓΙΑ ΝΥΧΤΕΡΙΝΑ-ΕΞΑΙΡΕΣΙΜΑ-ΥΠΕΡΩΡ.ΑΠΑΣΧΟΛΗΣΗ (001628),,,624.33,anonymous sponsor (empty sponsorAFMName)
6ΝΝΞ4690Β3-ΧΟΜ,2022-04-27,ΕΝΤΑΛΜΑ ΠΛΗΡΩΜΗΣ ΑΠΟΖΗΜΙΩΣΗ ΓΙΑ ΝΥΧΤΕΡΙΝΑ-ΕΞΑΙΡΕΣΙΜΑ-ΥΠΕΡΩΡ.ΑΠΑΣΧΟΛΗΣΗ (001628),,,529.12,anonymous sponsor (empty sponsorAFMName)
ΨΨΜΖ4690Β3-ΜΟΗ,2022-04-27,ΕΝΤΑΛΜΑ ΠΛΗΡΩΜΗΣ ΑΠΟΖΗΜΙΩΣΗ ΓΙΑ ΝΥΧΤΕΡΙΝΑ-ΕΞΑΙΡΕΣΙΜΑ-ΥΠΕΡΩΡ.ΑΠΑΣΧΟΛΗΣΗ (001628),,,1682.16,anonymous sponsor (empty sponsorAFMName)
6Κ084690Β3-ΡΥΛ,2022-04-27,ΕΝΤΑΛΜΑ ΠΛΗΡΩΜΗΣ ΑΠΟΖΗΜΙΩΣΗ ΓΙΑ ΝΥΧΤΕΡΙΝΑ-ΕΞΑΙΡΕΣΙΜΑ-ΥΠΕΡΩΡ.ΑΠΑΣΧΟΛΗΣΗ (001628),,,3105.44,anonymous sponsor (empty sponsorAFMName)
9Τ594690Β3-60Ν,2022-04-27,ΕΝΤΑΛΜΑ ΠΛΗΡΩΜΗΣ ΑΠΟΖΗΜΙΩΣΗ ΓΙΑ ΝΥΧΤΕΡΙΝΑ-ΕΞΑΙΡΕΣΙΜΑ-ΥΠΕΡΩΡ.ΑΠΑΣΧΟΛΗΣΗ (001628),,,1659.69,anonymous sponsor (empty sponsorAFMName)
97ΨΘ4690Β3-0Ρ5,2022-04-27,ΕΝΤΑΛΜΑ ΠΛΗΡΩΜΗΣ ΑΠΟΖΗΜΙΩΣΗ ΓΙΑ ΝΥΧΤΕΡΙΝΑ-ΕΞΑΙΡΕΣΙΜΑ-ΥΠΕΡΩΡ.ΑΠΑΣΧΟΛΗΣΗ (001628),,,1038.21,anonymous sponsor (empty sponsorAFMName)
Ψ5ΑΗ4690Β3-ΣΝΧ,2022-04-27,ΕΝΤΑΛΜΑ ΠΛΗΡΩΜΗΣ ΑΠΟΖΗΜΙΩΣΗ ΓΙΑ ΝΥΧΤΕΡΙΝΑ-ΕΞΑΙΡΕΣΙΜΑ-ΥΠΕΡΩΡ.ΑΠΑΣΧΟΛΗΣΗ (001628),,,8872.50,anonymous sponsor (empty sponsorAFMName)
Ω8ΝΟ4690Β3-ΨΗΩ,2022-04-27,ΕΝΤΑΛΜΑ ΠΛΗΡΩΜΗΣ ΑΠΟΖΗΜΙΩΣΗ ΓΙΑ ΝΥΧΤΕΡΙΝΑ-ΕΞΑΙΡΕΣΙΜΑ-ΥΠΕΡΩΡ.ΑΠΑΣΧΟΛΗΣΗ (001628),,,276.12,anonymous sponsor (empty sponsorAFMName)
9Τ2Υ4690Β3-Ζ4Υ,2022-04-27,ΕΝΤΑΛΜΑ ΠΛΗΡΩΜΗΣ ΑΠΟΖΗΜΙΩΣΗ ΓΙΑ ΝΥΧΤΕΡΙΝΑ-ΕΞΑΙΡΕΣΙΜΑ-ΥΠΕΡΩΡ.ΑΠΑΣΧΟΛΗΣΗ (001628),,,904.51,anonymous sponsor (empty sponsorAFMName)
9ΟΙ14690Β3-ΕΧΚ,2022-04-27,ΕΝΤΑΛΜΑ ΠΛΗΡΩΜΗΣ ΑΠΟΖΗΜΙΩΣΗ ΓΙΑ ΝΥΧΤΕΡΙΝΑ-ΕΞΑΙΡΕΣΙΜΑ-ΥΠΕΡΩΡ.ΑΠΑΣΧΟΛΗΣΗ (001628),,,4863.84,anonymous sponsor (empty sponsorAFMName)
ΩΝΤΣ4690Β3-ΜΟ7,2022-04-27,ΕΝΤΑΛΜΑ ΠΛΗΡΩΜΗΣ ΑΠΟΖΗΜΙΩΣΗ ΓΙΑ ΝΥΧΤΕΡΙΝΑ-ΕΞΑΙΡΕΣΙΜΑ-ΥΠΕΡΩΡ.ΑΠΑΣΧΟΛΗΣΗ (001628),,,100.32,anonymous sponsor (empty sponsorAFMName)
6ΞΔΤ4690Β3-ΟΚΘ,2022-04-27,ΕΝΤΑΛΜΑ ΠΛΗΡΩΜΗΣ ΑΠΟΖΗΜΙΩΣΗ ΓΙΑ ΝΥΧΤΕΡΙΝΑ-ΕΞΑΙΡΕΣΙΜΑ-ΥΠΕΡΩΡ.ΑΠΑΣΧΟΛΗΣΗ (001628),,,2224.15,anonymous sponsor (empty sponsorAFMName)
Ω35Ω4690Β3-ΒΟ6,2022-04-27,ΕΝΤΑΛΜΑ ΠΛΗΡΩΜΗΣ ΑΠΟΖΗΜΙΩΣΗ ΓΙΑ ΝΥΧΤΕΡΙΝΑ-ΕΞΑΙΡΕΣΙΜΑ-ΥΠΕΡΩΡ.ΑΠΑΣΧΟΛΗΣΗ (001628),,,207.26,anonymous sponsor (empty sponsorAFMName)
ΩΤ9Κ4690Β3-ΣΦΜ,2022-04-27,ΕΝΤΑΛΜΑ ΠΛΗΡΩΜΗΣ ΑΠΟΖΗΜΙΩΣΗ ΓΙΑ ΝΥΧΤΕΡΙΝΑ-ΕΞΑΙΡΕΣΙΜΑ-ΥΠΕΡΩΡ.ΑΠΑΣΧΟΛΗΣΗ (001628),,,2182.32,anonymous sponsor (empty sponsorAFMName)
6ΔΞ64690Β3-ΝΣ6,2022-04-27,ΕΝΤΑΛΜΑ ΠΛΗΡΩΜΗΣ ΑΠΟΖΗΜΙΩΣΗ ΓΙΑ ΝΥΧΤΕΡΙΝΑ-ΕΞΑΙΡΕΣΙΜΑ-ΥΠΕΡΩΡ.ΑΠΑΣΧΟΛΗΣΗ (001628),,,5559.60,anonymous sponsor (empty sponsorAFMName)
9ΣΘ84690Β3-ΗΦΖ,2022-04-27,ΕΝΤΑΛΜΑ ΠΛΗΡΩΜΗΣ ΑΠΟΖΗΜΙΩΣΗ ΓΙΑ ΝΥΧΤΕΡΙΝΑ-ΕΞΑΙΡΕΣΙΜΑ-ΥΠΕΡΩΡ.ΑΠΑΣΧΟΛΗΣΗ (001628),,,1844.82,anonymous sponsor (empty sponsorAFMName)
9ΛΡΠ4690Β3-1Ω5,2022-04-19,ΕΝΤΑΛΜΑ ΠΛΗΡΩΜΗΣ ΚΡΑΤ.3391-54.03.00.0001 Φ.Μ.Υ. (001512),,,73.10,anonymous sponsor (empty sponsorAFMName)
ΨΡΚΜ4690Β3-Ν02,2022-04-19,ΕΝΤΑΛΜΑ ΠΛΗΡΩΜΗΣ ΚΡΑΤ.3391-54.03.00.0001 Φ.Μ.Υ. (001512),,,218.58,anonymous sponsor (empty sponsorAFMName)
6Ν834690Β3-ΑΧ4,2022-04-19,ΕΝΤΑΛΜΑ ΠΛΗΡΩΜΗΣ ΕΙΣΦΟΡΕΣ ΑΠΑΣΧ/ΝΩΝ ΟΑΕΔ ΜΕΣΩ ΠΡΟΓ. ΚΟΙΝΩΦ. ΧΑΡΑΚΤΗΡΑ (1657),,,5331.55,anonymous sponsor (empty sponsorAFMName)
ΩΔΓΚ4690Β3-ΠΘΛ,2022-04-19,ΕΝΤΑΛΜΑ ΠΛΗΡΩΜΗΣ ΕΙΣΦΟΡΕΣ ΑΠΑΣΧ/ΝΩΝ ΟΑΕΔ ΜΕΣΩ ΠΡΟΓ. ΚΟΙΝΩΦ. ΧΑΡΑΚΤΗΡΑ (1657),,,2163.90,anonymous sponsor (empty sponsorAFMName)
Ω8ΓΦ4690Β3-Χ70,2022-04-19,ΕΝΤΑΛΜΑ ΠΛΗΡΩΜΗΣ ΚΡΑΤ.3391-53.20.00.0001 ΕΛΛΗΝΙΚΟ ΔΗΜΟΣΙΟ (001506),,,0.20,anonymous sponsor (empty sponsorAFMName)
Ψ7ΒΑ4690Β3-ΝΒΠ,2022-04-19,ΕΝΤΑΛΜΑ ΠΛΗΡΩΜΗΣ ΚΡΑΤ.3391-54.04.02.0001 Χ/ΜΑ και ΟΓΑ Χ/ΜΩΝ (001514),,,0.63,anonymous sponsor (empty sponsorAFMName)
6ΥΜΤ4690Β3-3ΣΩ,2022-04-19,ΕΝΤΑΛΜΑ ΠΛΗΡΩΜΗΣ ΚΡΑΤ.3391-53.20.00.0001 ΕΛΛΗΝΙΚΟ ΔΗΜΟΣΙΟ (001506),,,18.27,anonymous sponsor (empty sponsorAFMName)
6ΟΧΡ4690Β3-533,2022-04-19,ΕΝΤΑΛΜΑ ΠΛΗΡΩΜΗΣ ΚΡΑΤ.3391-53.20.00.0001 ΕΛΛΗΝΙΚΟ ΔΗΜΟΣΙΟ (001506),,,365.02,anonymous sponsor (empty sponsorAFMName)
Ω2ΤΘ4690Β3-1ΚΖ,2022-04-19,ΕΝΤΑΛΜΑ ΠΛΗΡΩΜΗΣ ΚΡΑΤ.3391-54.09.14.0001 ΦΟΡΟΣ ΠΡΟΜΗΘΕΥΤΩΝ (001510),,,12.99,anonymous sponsor (empty sponsorAFMName)
61ΥΣ4690Β3-ΤΒ7,2022-04-19,ΕΝΤΑΛΜΑ ΠΛΗΡΩΜΗΣ ΚΡΑΤ.3391-54.04.02.0001 Χ/ΜΑ και ΟΓΑ Χ/ΜΩΝ (001514),,,26.85,anonymous sponsor (empty sponsorAFMName)
Ψ0ΞΣ4690Β3-ΟΘΤ,2022-04-19,ΕΝΤΑΛΜΑ ΠΛΗΡΩΜΗΣ ΚΡΑΤ.3391-54.09.14.0001 ΦΟΡΟΣ ΠΡΟΜΗΘΕΥΤΩΝ (001510),,,27213.41,anonymous sponsor (empty sponsorAFMName)
ΨΦΜ64690Β3-Γ3Σ,2022-04-19,ΕΝΤΑΛΜΑ ΠΛΗΡΩΜΗΣ ΚΡΑΤ.3391-53.20.00.0001 ΕΛΛΗΝΙΚΟ ΔΗΜΟΣΙΟ (001506),,,10793.78,anonymous sponsor (empty sponsorAFMName)
ΨΜΟΔ4690Β3-ΝΞΡ,2022-04-19,ΕΝΤΑΛΜΑ ΠΛΗΡΩΜΗΣ ΚΡΑΤ.3391-53.20.00.0001 ΕΛΛΗΝΙΚΟ ΔΗΜΟΣΙΟ (001506),,,16.12,anonymous sponsor (empty sponsorAFMName)
9Β664690Β3-ΛΣΨ,2022-04-19,ΕΝΤΑΛΜΑ ΠΛΗΡΩΜΗΣ ΚΡΑΤ.3391-53.20.00.0001 ΕΛΛΗΝΙΚΟ ΔΗΜΟΣΙΟ (001506),,,392.84,anonymous sponsor (empty sponsorAFMName)
ΨΠΥΖ4690Β3-ΖΔΗ,2022-04-19,ΕΝΤΑΛΜΑ ΠΛΗΡΩΜΗΣ ΚΡΑΤ.3391-53.20.00.0001 ΕΛΛΗΝΙΚΟ ΔΗΜΟΣΙΟ (001506),,,377.13,anonymous sponsor (empty sponsorAFMName)
ΨΥΨΟ4690Β3-Α6Ξ,2022-04-11,ΕΝΤΑΛΜΑ ΠΛΗΡΩΜΗΣ ΙΩΑΝΝΟΥ Γ. - ΚΩΣΤΗΣ Γ. Ο.Ε. ΝΑΡΘΗΚΑΣ (800415385),,,84.75,anonymous sponsor (empty sponsorAFMName)
ΩΔΩΒ4690Β3-ΦΝΡ,2022-04-07,ΕΝΤΑΛΜΑ ΠΛΗΡΩΜΗΣ ΚΡΑΤ.3391-54.04.02.0001 Χ/ΜΑ και ΟΓΑ Χ/ΜΩΝ (001514),,,21.76,anonymous sponsor (empty sponsorAFMName)
Ψ4ΕΑ4690Β3-ΞΨ8,2022-04-07,ΕΝΤΑΛΜΑ ΠΛΗΡΩΜΗΣ ΚΡΑΤ.3391-54.09.14.0001 ΦΟΡΟΣ ΠΡΟΜΗΘΕΥΤΩΝ (001510),,,18571.23,anonymous sponsor (empty sponsorAFMName)
ΨΛΘ24690Β3-Δ29,2022-04-07,ΕΝΤΑΛΜΑ ΠΛΗΡΩΜΗΣ ΚΡΑΤ.3391-53.20.00.0001 ΕΛΛΗΝΙΚΟ ΔΗΜΟΣΙΟ (001506),,,325.50,anonymous sponsor (empty sponsorAFMName)
9ΗΕΛ4690Β3-ΑΕΤ,2022-04-07,ΕΝΤΑΛΜΑ ΠΛΗΡΩΜΗΣ ΚΡΑΤ.3391-53.20.00.0001 ΕΛΛΗΝΙΚΟ ΔΗΜΟΣΙΟ (001506),,,279.00,anonymous sponsor (empty sponsorAFMName)
Ψ5ΟΑ4690Β3-Σ5Ε,2022-04-05,ΕΝΤΑΛΜΑ ΠΛΗΡΩΜΗΣ ΔΙΚΑΙΟΥΧΟΙ ΑΜΟΙΒΩΝ (001600),,,40.00,anonymous sponsor (empty sponsorAFMName)
6ΚΜΡ4690Β3-ΛΕ6,2022-04-05,ΕΝΤΑΛΜΑ ΠΛΗΡΩΜΗΣ Γ.Ν.ΝΟΣΗΜΑΤΩΝ ΘΩΡΑΚΟΣ ΑΘΗΝ. Η ΣΩΤΗΡΙΑ (999332720),,,492.22,anonymous sponsor (empty sponsorAFMName)
Ψ2Ξ94690Β3-Ν7Φ,2022-04-04,ΕΝΤΑΛΜΑ ΠΛΗΡΩΜΗΣ ΟΔΟΙΠΟΡΙΚΑ ΕΞΟΔΑ ΠΡΟΣ. ΝΟΣ/ΜΕΙΟΥ (001626),,,327.94,anonymous sponsor (empty sponsorAFMName)
ΩΑΝ54690Β3-16Φ,2022-04-04,ΕΝΤΑΛΜΑ ΠΛΗΡΩΜΗΣ ΕΠΙΚΟΥΡΙΚΟ ΝΟΣΗΛΕΥΤΙΚΟ-ΠΑΡΑΪΑΤΡΙΚΟ ΠΡΟΣΩΠΙΚΟ (000001634),,,870.46,anonymous sponsor (empty sponsorAFMName)
Ψ9ΨΒ4690Β3-4ΓΔ,2022-04-04,ΕΝΤΑΛΜΑ ΠΛΗΡΩΜΗΣ ΕΠΙΚΟΥΡΙΚΟ ΝΟΣΗΛΕΥΤΙΚΟ-ΠΑΡΑΪΑΤΡΙΚΟ ΠΡΟΣΩΠΙΚΟ (000001634),,,435.23,anonymous sponsor (empty sponsorAFMName)
6ΔΣΡ4690Β3-ΧΚΝ,2022-04-01,ΕΝΤΑΛΜΑ ΠΛΗΡΩΜΗΣ ΕΠΙΚΟΥΡΙΚΟ ΝΟΣΗΛΕΥΤΙΚΟ-ΠΑΡΑΪΑΤΡΙΚΟ ΠΡΟΣΩΠΙΚΟ (000001634),,,1176.27,anonymous sponsor (empty sponsorAFMName)
ΨΝΝΝ4690Β3-Γ07,2022-03-31,ΕΝΤΑΛΜΑ ΠΛΗΡΩΜΗΣ ΑΠΟΖΗΜΙΩΣΗ ΓΙΑ ΝΥΧΤΕΡΙΝΑ-ΕΞΑΙΡΕΣΙΜΑ-ΥΠΕΡΩΡ.ΑΠΑΣΧΟΛΗΣΗ (001628),,,100.32,anonymous sponsor (empty sponsorAFMName)
ΨΛΗ24690Β3-ΥΩΑ,2022-03-31,ΕΝΤΑΛΜΑ ΠΛΗΡΩΜΗΣ ΑΠΟΖΗΜΙΩΣΗ ΓΙΑ ΝΥΧΤΕΡΙΝΑ-ΕΞΑΙΡΕΣΙΜΑ-ΥΠΕΡΩΡ.ΑΠΑΣΧΟΛΗΣΗ (001628),,,1584.08,anonymous sponsor (empty sponsorAFMName)
926Ν4690Β3-ΑΞΜ,2022-03-31,ΕΝΤΑΛΜΑ ΠΛΗΡΩΜΗΣ ΑΠΟΖΗΜΙΩΣΗ ΓΙΑ ΝΥΧΤΕΡΙΝΑ-ΕΞΑΙΡΕΣΙΜΑ-ΥΠΕΡΩΡ.ΑΠΑΣΧΟΛΗΣΗ (001628),,,137.35,anonymous sponsor (empty sponsorAFMName)
96ΓΟ4690Β3-ΜΝΩ,2022-03-31,ΕΝΤΑΛΜΑ ΠΛΗΡΩΜΗΣ ΑΠΟΖΗΜΙΩΣΗ ΓΙΑ ΝΥΧΤΕΡΙΝΑ-ΕΞΑΙΡΕΣΙΜΑ-ΥΠΕΡΩΡ.ΑΠΑΣΧΟΛΗΣΗ (001628),,,1748.42,anonymous sponsor (empty sponsorAFMName)
Ψ8ΓΚ4690Β3-Χ28,2022-03-31,ΕΝΤΑΛΜΑ ΠΛΗΡΩΜΗΣ ΑΠΟΖΗΜΙΩΣΗ ΓΙΑ ΝΥΧΤΕΡΙΝΑ-ΕΞΑΙΡΕΣΙΜΑ-ΥΠΕΡΩΡ.ΑΠΑΣΧΟΛΗΣΗ (001628),,,687.28,anonymous sponsor (empty sponsorAFMName)
ΨΝΣ24690Β3-090,2022-03-31,ΕΝΤΑΛΜΑ ΠΛΗΡΩΜΗΣ ΑΠΟΖΗΜΙΩΣΗ ΓΙΑ ΝΥΧΤΕΡΙΝΑ-ΕΞΑΙΡΕΣΙΜΑ-ΥΠΕΡΩΡ.ΑΠΑΣΧΟΛΗΣΗ (001628),,,3757.75,anonymous sponsor (empty sponsorAFMName)
634Σ4690Β3-68Β,2022-03-31,ΕΝΤΑΛΜΑ ΠΛΗΡΩΜΗΣ ΑΠΟΖΗΜΙΩΣΗ ΓΙΑ ΝΥΧΤΕΡΙΝΑ-ΕΞΑΙΡΕΣΙΜΑ-ΥΠΕΡΩΡ.ΑΠΑΣΧΟΛΗΣΗ (001628),,,5190.92,anonymous sponsor (empty sponsorAFMName)
ΨΟ3Τ4690Β3-ΒΓΚ,2022-03-31,ΕΝΤΑΛΜΑ ΠΛΗΡΩΜΗΣ ΑΠΟΖΗΜΙΩΣΗ ΓΙΑ ΝΥΧΤΕΡΙΝΑ-ΕΞΑΙΡΕΣΙΜΑ-ΥΠΕΡΩΡ.ΑΠΑΣΧΟΛΗΣΗ (001628),,,1811.65,anonymous sponsor (empty sponsorAFMName)
69ΟΒ4690Β3-ΣΩΔ,2022-03-31,ΕΝΤΑΛΜΑ ΠΛΗΡΩΜΗΣ ΑΠΟΖΗΜΙΩΣΗ ΓΙΑ ΝΥΧΤΕΡΙΝΑ-ΕΞΑΙΡΕΣΙΜΑ-ΥΠΕΡΩΡ.ΑΠΑΣΧΟΛΗΣΗ (001628),,,391.98,anonymous sponsor (empty sponsorAFMName)
ΨΡΖΔ4690Β3-Χ38,2022-03-31,ΕΝΤΑΛΜΑ ΠΛΗΡΩΜΗΣ ΑΠΟΖΗΜΙΩΣΗ ΓΙΑ ΝΥΧΤΕΡΙΝΑ-ΕΞΑΙΡΕΣΙΜΑ-ΥΠΕΡΩΡ.ΑΠΑΣΧΟΛΗΣΗ (001628),,,860.88,anonymous sponsor (empty sponsorAFMName)
ΨΖΨ54690Β3-ΜΤΦ,2022-03-31,ΕΝΤΑΛΜΑ ΠΛΗΡΩΜΗΣ ΑΠΟΖΗΜΙΩΣΗ ΓΙΑ ΝΥΧΤΕΡΙΝΑ-ΕΞΑΙΡΕΣΙΜΑ-ΥΠΕΡΩΡ.ΑΠΑΣΧΟΛΗΣΗ (001628),,,450.70,anonymous sponsor (empty sponsorAFMName)
Ψ5ΕΧ4690Β3-ΠΔΖ,2022-03-31,ΕΝΤΑΛΜΑ ΠΛΗΡΩΜΗΣ ΑΠΟΖΗΜΙΩΣΗ ΓΙΑ ΝΥΧΤΕΡΙΝΑ-ΕΞΑΙΡΕΣΙΜΑ-ΥΠΕΡΩΡ.ΑΠΑΣΧΟΛΗΣΗ (001628),,,338.24,anonymous sponsor (empty sponsorAFMName)
9ΚΑ94690Β3-ΔΗ7,2022-03-31,ΕΝΤΑΛΜΑ ΠΛΗΡΩΜΗΣ ΑΠΟΖΗΜΙΩΣΗ ΓΙΑ ΝΥΧΤΕΡΙΝΑ-ΕΞΑΙΡΕΣΙΜΑ-ΥΠΕΡΩΡ.ΑΠΑΣΧΟΛΗΣΗ (001628),,,366.46,anonymous sponsor (empty sponsorAFMName)
ΨΧΟΧ4690Β3-ΘΡΧ,2022-03-31,ΕΝΤΑΛΜΑ ΠΛΗΡΩΜΗΣ ΑΠΟΖΗΜΙΩΣΗ ΓΙΑ ΝΥΧΤΕΡΙΝΑ-ΕΞΑΙΡΕΣΙΜΑ-ΥΠΕΡΩΡ.ΑΠΑΣΧΟΛΗΣΗ (001628),,,3998.57,anonymous sponsor (empty sponsorAFMName)
9ΥΩ74690Β3-Γ7Α,2022-03-31,ΕΝΤΑΛΜΑ ΠΛΗΡΩΜΗΣ ΑΠΟΖΗΜΙΩΣΗ ΓΙΑ ΝΥΧΤΕΡΙΝΑ-ΕΞΑΙΡΕΣΙΜΑ-ΥΠΕΡΩΡ.ΑΠΑΣΧΟΛΗΣΗ (001628),,,1387.49,anonymous sponsor (empty sponsorAFMName)
Ψ6ΕΡ4690Β3-ΤΤΔ,2022-03-31,ΕΝΤΑΛΜΑ ΠΛΗΡΩΜΗΣ ΑΠΟΖΗΜΙΩΣΗ ΓΙΑ ΝΥΧΤΕΡΙΝΑ-ΕΞΑΙΡΕΣΙΜΑ-ΥΠΕΡΩΡ.ΑΠΑΣΧΟΛΗΣΗ (001628),,,933.83,anonymous sponsor (empty sponsorAFMName)
9ΟΑΥ4690Β3-ΙΚΦ,2022-03-31,ΕΝΤΑΛΜΑ ΠΛΗΡΩΜΗΣ ΑΠΟΖΗΜΙΩΣΗ ΓΙΑ ΝΥΧΤΕΡΙΝΑ-ΕΞΑΙΡΕΣΙΜΑ-ΥΠΕΡΩΡ.ΑΠΑΣΧΟΛΗΣΗ (001628),,,371.54,anonymous sponsor (empty sponsorAFMName)
9ΘΩΕ4690Β3-ΓΘΕ,2022-03-31,ΕΝΤΑΛΜΑ ΠΛΗΡΩΜΗΣ ΑΠΟΖΗΜΙΩΣΗ ΓΙΑ ΝΥΧΤΕΡΙΝΑ-ΕΞΑΙΡΕΣΙΜΑ-ΥΠΕΡΩΡ.ΑΠΑΣΧΟΛΗΣΗ (001628),,,4368.91,anonymous sponsor (empty sponsorAFMName)
9ΨΠΝ4690Β3-58Ψ,2022-03-31,ΕΝΤΑΛΜΑ ΠΛΗΡΩΜΗΣ ΑΠΟΖΗΜΙΩΣΗ ΓΙΑ ΝΥΧΤΕΡΙΝΑ-ΕΞΑΙΡΕΣΙΜΑ-ΥΠΕΡΩΡ.ΑΠΑΣΧΟΛΗΣΗ (001628),,,337.87,anonymous sponsor (empty sponsorAFMName)
6Ι8Ω4690Β3-ΨΧ5,2022-03-31,ΕΝΤΑΛΜΑ ΠΛΗΡΩΜΗΣ ΑΠΟΖΗΜΙΩΣΗ ΓΙΑ ΝΥΧΤΕΡΙΝΑ-ΕΞΑΙΡΕΣΙΜΑ-ΥΠΕΡΩΡ.ΑΠΑΣΧΟΛΗΣΗ (001628),,,290.41,anonymous sponsor (empty sponsorAFMName)
ΨΠ2Κ4690Β3-66Δ,2022-03-31,ΕΝΤΑΛΜΑ ΠΛΗΡΩΜΗΣ ΑΠΟΖΗΜΙΩΣΗ ΓΙΑ ΝΥΧΤΕΡΙΝΑ-ΕΞΑΙΡΕΣΙΜΑ-ΥΠΕΡΩΡ.ΑΠΑΣΧΟΛΗΣΗ (001628),,,1315.12,anonymous sponsor (empty sponsorAFMName)
ΨΓΔΨ4690Β3-ΝΓΝ,2022-03-31,ΕΝΤΑΛΜΑ ΠΛΗΡΩΜΗΣ ΑΠΟΖΗΜΙΩΣΗ ΓΙΑ ΝΥΧΤΕΡΙΝΑ-ΕΞΑΙΡΕΣΙΜΑ-ΥΠΕΡΩΡ.ΑΠΑΣΧΟΛΗΣΗ (001628),,,7736.55,anonymous sponsor (empty sponsorAFMName)
6Ο2Τ4690Β3-ΙΕ8,2022-03-31,ΕΝΤΑΛΜΑ ΠΛΗΡΩΜΗΣ ΑΠΟΖΗΜΙΩΣΗ ΓΙΑ ΝΥΧΤΕΡΙΝΑ-ΕΞΑΙΡΕΣΙΜΑ-ΥΠΕΡΩΡ.ΑΠΑΣΧΟΛΗΣΗ (001628),,,7772.76,anonymous sponsor (empty sponsorAFMName)
63ΒΦ4690Β3-ΛΝΝ,2022-03-31,ΕΝΤΑΛΜΑ ΠΛΗΡΩΜΗΣ ΑΠΟΖΗΜΙΩΣΗ ΓΙΑ ΝΥΧΤΕΡΙΝΑ-ΕΞΑΙΡΕΣΙΜΑ-ΥΠΕΡΩΡ.ΑΠΑΣΧΟΛΗΣΗ (001628),,,1258.30,anonymous sponsor (empty sponsorAFMName)
ΨΣ9Π4690Β3-Τ9Υ,2022-03-31,ΕΝΤΑΛΜΑ ΠΛΗΡΩΜΗΣ ΑΠΟΖΗΜΙΩΣΗ ΕΦΗΜΕΡΙΩΝ (002535),,,3516.96,anonymous sponsor (empty sponsorAFMName)
9Ξ4Γ4690Β3-1Φ7,2022-03-31,ΕΝΤΑΛΜΑ ΠΛΗΡΩΜΗΣ ΑΠΟΖΗΜΙΩΣΗ ΕΦΗΜΕΡΙΩΝ (002535),,,5516.02,anonymous sponsor (empty sponsorAFMName)
6ΔΣ94690Β3-Χ30,2022-03-31,ΕΝΤΑΛΜΑ ΠΛΗΡΩΜΗΣ ΑΠΟΖΗΜΙΩΣΗ ΕΦΗΜΕΡΙΩΝ (002535),,,1634.86,anonymous sponsor (empty sponsorAFMName)
ΨΙΞΝ4690Β3-ΦΣΣ,2022-03-31,ΕΝΤΑΛΜΑ ΠΛΗΡΩΜΗΣ ΑΠΟΖΗΜΙΩΣΗ ΕΦΗΜΕΡΙΩΝ (002535),,,460.36,anonymous sponsor (empty sponsorAFMName)
Ω3ΩΕ4690Β3-8ΘΑ,2022-03-31,ΕΝΤΑΛΜΑ ΠΛΗΡΩΜΗΣ ΑΠΟΖΗΜΙΩΣΗ ΕΦΗΜΕΡΙΩΝ (002535),,,16438.05,anonymous sponsor (empty sponsorAFMName)
ΩΑΝΝ4690Β3-ΖΨ8,2022-03-31,ΕΝΤΑΛΜΑ ΠΛΗΡΩΜΗΣ ΑΠΟΖΗΜΙΩΣΗ ΕΦΗΜΕΡΙΩΝ (002535),,,1226.79,anonymous sponsor (empty sponsorAFMName)
963Χ4690Β3-ΚΚΗ,2022-03-31,ΕΝΤΑΛΜΑ ΠΛΗΡΩΜΗΣ ΑΠΟΖΗΜΙΩΣΗ ΕΦΗΜΕΡΙΩΝ (002535),,,14169.96,anonymous sponsor (empty sponsorAFMName)
ΨΑΞ54690Β3-ΡΙ5,2022-03-31,ΕΝΤΑΛΜΑ ΠΛΗΡΩΜΗΣ ΑΠΟΖΗΜΙΩΣΗ ΕΦΗΜΕΡΙΩΝ (002535),,,79788.35,anonymous sponsor (empty sponsorAFMName)
6Γ044690Β3-Χ17,2022-03-31,ΕΝΤΑΛΜΑ ΠΛΗΡΩΜΗΣ ΑΠΟΖΗΜΙΩΣΗ ΓΙΑ ΝΥΧΤΕΡΙΝΑ-ΕΞΑΙΡΕΣΙΜΑ-ΥΠΕΡΩΡ.ΑΠΑΣΧΟΛΗΣΗ (001628),,,844.03,anonymous sponsor (empty sponsorAFMName)
ΨΓΗΜ4690Β3-8ΘΩ,2022-03-31,ΕΝΤΑΛΜΑ ΠΛΗΡΩΜΗΣ ΑΠΟΖΗΜΙΩΣΗ ΓΙΑ ΝΥΧΤΕΡΙΝΑ-ΕΞΑΙΡΕΣΙΜΑ-ΥΠΕΡΩΡ.ΑΠΑΣΧΟΛΗΣΗ (001628),,,5308.65,anonymous sponsor (empty sponsorAFMName)
6ΕΛΒ4690Β3-ΝΜΥ,2022-03-31,ΕΝΤΑΛΜΑ ΠΛΗΡΩΜΗΣ ΑΠΟΖΗΜΙΩΣΗ ΓΙΑ ΝΥΧΤΕΡΙΝΑ-ΕΞΑΙΡΕΣΙΜΑ-ΥΠΕΡΩΡ.ΑΠΑΣΧΟΛΗΣΗ (001628),,,234.08,anonymous sponsor (empty sponsorAFMName)
60Ο14690Β3-ΩΛ9,2022-03-31,ΕΝΤΑΛΜΑ ΠΛΗΡΩΜΗΣ ΑΠΟΖΗΜΙΩΣΗ ΓΙΑ ΝΥΧΤΕΡΙΝΑ-ΕΞΑΙΡΕΣΙΜΑ-ΥΠΕΡΩΡ.ΑΠΑΣΧΟΛΗΣΗ (001628),,,2471.14,anonymous sponsor (empty sponsorAFMName)
ΨΩΤΠ4690Β3-ΤΒΥ,2022-03-31,ΕΝΤΑΛΜΑ ΠΛΗΡΩΜΗΣ ΑΠΟΖΗΜΙΩΣΗ ΓΙΑ ΝΥΧΤΕΡΙΝΑ-ΕΞΑΙΡΕΣΙΜΑ-ΥΠΕΡΩΡ.ΑΠΑΣΧΟΛΗΣΗ (001628),,,121.59,anonymous sponsor (empty sponsorAFMName)
Ω31Λ4690Β3-ΝΩΡ,2022-03-31,ΕΝΤΑΛΜΑ ΠΛΗΡΩΜΗΣ ΑΠΟΖΗΜΙΩΣΗ ΓΙΑ ΝΥΧΤΕΡΙΝΑ-ΕΞΑΙΡΕΣΙΜΑ-ΥΠΕΡΩΡ.ΑΠΑΣΧΟΛΗΣΗ (001628),,,1930.39,anonymous sponsor (empty sponsorAFMName)
ΩΔ2Κ4690Β3-ΦΗ3,2022-03-31,ΕΝΤΑΛΜΑ ΠΛΗΡΩΜΗΣ ΑΠΟΖΗΜΙΩΣΗ ΓΙΑ ΝΥΧΤΕΡΙΝΑ-ΕΞΑΙΡΕΣΙΜΑ-ΥΠΕΡΩΡ.ΑΠΑΣΧΟΛΗΣΗ (001628),,,6003.96,anonymous sponsor (empty sponsorAFMName)
60ΩΩ4690Β3-ΤΑΟ,2022-03-31,ΕΝΤΑΛΜΑ ΠΛΗΡΩΜΗΣ ΑΠΟΖΗΜΙΩΣΗ ΓΙΑ ΝΥΧΤΕΡΙΝΑ-ΕΞΑΙΡΕΣΙΜΑ-ΥΠΕΡΩΡ.ΑΠΑΣΧΟΛΗΣΗ (001628),,,2255.08,anonymous sponsor (empty sponsorAFMName)
ΨΝ5Ν4690Β3-ΚΛΞ,2022-03-31,ΕΝΤΑΛΜΑ ΠΛΗΡΩΜΗΣ ΑΠΟΖΗΜΙΩΣΗ ΓΙΑ ΝΥΧΤΕΡΙΝΑ-ΕΞΑΙΡΕΣΙΜΑ-ΥΠΕΡΩΡ.ΑΠΑΣΧΟΛΗΣΗ (001628),,,2238.84,anonymous sponsor (empty sponsorAFMName)
Ψ6Ι34690Β3-ΦΡ3,2022-03-30,ΕΝΤΑΛΜΑ ΠΛΗΡΩΜΗΣ EΠΙΚΟΥΡΙΚΟΙ ΙΑΤΡΟΙ Ε.Σ.Υ. (000001629),,,3025.40,anonymous sponsor (empty sponsorAFMName)
Ψ6ΙΘ4690Β3-6Ω1,2022-03-31,ΕΝΤΑΛΜΑ ΠΛΗΡΩΜΗΣ ΕΠΙΚΟΥΡΙΚΟ ΝΟΣΗΛΕΥΤΙΚΟ-ΠΑΡΑΪΑΤΡΙΚΟ ΠΡΟΣΩΠΙΚΟ (000001634),,,34441.40,anonymous sponsor (empty sponsorAFMName)
ΨΑΛ94690Β3-ΜΧΑ,2022-03-30,ΕΝΤΑΛΜΑ ΠΛΗΡΩΜΗΣ ΕΠΙΚΟΥΡΙΚΟ ΝΟΣΗΛΕΥΤΙΚΟ-ΠΑΡΑΪΑΤΡΙΚΟ ΠΡΟΣΩΠΙΚΟ (000001634),,,69700.31,anonymous sponsor (empty sponsorAFMName)
66ΛΔ4690Β3-ΚΝ4,2022-03-30,ΕΝΤΑΛΜΑ ΠΛΗΡΩΜΗΣ ΕΠΙΚΟΥΡΙΚΟ ΝΟΣΗΛΕΥΤΙΚΟ-ΠΑΡΑΪΑΤΡΙΚΟ ΠΡΟΣΩΠΙΚΟ (000001634),,,533.31,anonymous sponsor (empty sponsorAFMName)
ΩΖΖ84690Β3-ΦΘ0,2022-03-30,ΕΝΤΑΛΜΑ ΠΛΗΡΩΜΗΣ ΕΠΙΚΟΥΡΙΚΟ ΝΟΣΗΛΕΥΤΙΚΟ-ΠΑΡΑΪΑΤΡΙΚΟ ΠΡΟΣΩΠΙΚΟ (000001634),,,3235.07,anonymous sponsor (empty sponsorAFMName)
606Ι4690Β3-6ΑΧ,2022-03-30,ΕΝΤΑΛΜΑ ΠΛΗΡΩΜΗΣ EΠΙΚΟΥΡΙΚΟΙ ΙΑΤΡΟΙ Ε.Σ.Υ. (000001629),,,12732.62,anonymous sponsor (empty sponsorAFMName)
64874690Β3-8ΜΚ,2022-03-30,ΕΝΤΑΛΜΑ ΠΛΗΡΩΜΗΣ ΕΠΟΧΙΚΟ ΠΡΟΣΩΠΙΚΟ ΚΑΘΑΡΙΟΤΗΤΑΣ (999111999),,,43032.44,anonymous sponsor (empty sponsorAFMName)
Ω3Ε34690Β3-1ΔΓ,2022-03-30,ΕΝΤΑΛΜΑ ΠΛΗΡΩΜΗΣ ΕΠΙΚΟΥΡΙΚΟ ΝΟΣΗΛΕΥΤΙΚΟ-ΠΑΡΑΪΑΤΡΙΚΟ ΠΡΟΣΩΠΙΚΟ (000001634),,,358.36,anonymous sponsor (empty sponsorAFMName)
ΨΩ2Κ4690Β3-7ΩΜ,2022-03-30,ΕΝΤΑΛΜΑ ΠΛΗΡΩΜΗΣ ΕΠΙΚΟΥΡΙΚΟ ΝΟΣΗΛΕΥΤΙΚΟ-ΠΑΡΑΪΑΤΡΙΚΟ ΠΡΟΣΩΠΙΚΟ (000001634),,,29850.10,anonymous sponsor (empty sponsorAFMName)
6ΥΟΟ4690Β3-ΕΗ1,2022-03-30,ΕΝΤΑΛΜΑ ΠΛΗΡΩΜΗΣ EΠΙΚΟΥΡΙΚΟΙ ΙΑΤΡΟΙ Ε.Σ.Υ. (000001629),,,40162.28,anonymous sponsor (empty sponsorAFMName)
675Γ4690Β3-51Φ,2022-03-30,ΕΝΤΑΛΜΑ ΠΛΗΡΩΜΗΣ ΠΡΟΣΩΠΙΚΟ ΤΡΑΠΕΖΟΚΟΜΙΑΣ Ι.Δ.Ο.Χ. (999000000),,,3440.25,anonymous sponsor (empty sponsorAFMName)
65ΤΧ4690Β3-Ω6Ν,2022-03-30,ΕΝΤΑΛΜΑ ΠΛΗΡΩΜΗΣ ΑΠΟΖΗΜΕΙΩΣΗ ΤΕΙ-ΑΣΚΟΥΜΕΝΩΝ Ο.Α.Ε.Δ. (001607),,,1.76,anonymous sponsor (empty sponsorAFMName)
68ΧΣ4690Β3-Ρ2Ω,2022-03-30,ΕΝΤΑΛΜΑ ΠΛΗΡΩΜΗΣ ΑΠΟΖΗΜΕΙΩΣΗ ΤΕΙ-ΑΣΚΟΥΜΕΝΩΝ Ο.Α.Ε.Δ. (001607),,,186.19,anonymous sponsor (empty sponsorAFMName)
ΩΖΥΜ4690Β3-ΠΕΥ,2022-03-30,ΕΝΤΑΛΜΑ ΠΛΗΡΩΜΗΣ ΑΠΟΖΗΜΙΩΣΗ ΓΙΑ ΝΥΧΤΕΡΙΝΑ-ΕΞΑΙΡΕΣΙΜΑ-ΥΠΕΡΩΡ.ΑΠΑΣΧΟΛΗΣΗ (001628),,,1209.90,anonymous sponsor (empty sponsorAFMName)
Ω2ΜΙ4690Β3-3ΤΝ,2022-03-30,ΕΝΤΑΛΜΑ ΠΛΗΡΩΜΗΣ ΑΠΟΖΗΜΙΩΣΗ ΓΙΑ ΝΥΧΤΕΡΙΝΑ-ΕΞΑΙΡΕΣΙΜΑ-ΥΠΕΡΩΡ.ΑΠΑΣΧΟΛΗΣΗ (001628),,,387.64,anonymous sponsor (empty sponsorAFMName)
Ψ28Υ4690Β3-9ΝΘ,2022-03-30,ΕΝΤΑΛΜΑ ΠΛΗΡΩΜΗΣ ΑΠΟΖΗΜΙΩΣΗ ΓΙΑ ΝΥΧΤΕΡΙΝΑ-ΕΞΑΙΡΕΣΙΜΑ-ΥΠΕΡΩΡ.ΑΠΑΣΧΟΛΗΣΗ (001628),,,385.90,anonymous sponsor (empty sponsorAFMName)
9ΠΠΦ4690Β3-Ο5Α,2022-03-30,ΕΝΤΑΛΜΑ ΠΛΗΡΩΜΗΣ ΑΠΟΖΗΜΙΩΣΗ ΓΙΑ ΝΥΧΤΕΡΙΝΑ-ΕΞΑΙΡΕΣΙΜΑ-ΥΠΕΡΩΡ.ΑΠΑΣΧΟΛΗΣΗ (001628),,,6598.42,anonymous sponsor (empty sponsorAFMName)
ΩΔ9Η4690Β3-ΞΓΜ,2022-03-30,ΕΝΤΑΛΜΑ ΠΛΗΡΩΜΗΣ ΑΠΟΖΗΜΙΩΣΗ ΓΙΑ ΝΥΧΤΕΡΙΝΑ-ΕΞΑΙΡΕΣΙΜΑ-ΥΠΕΡΩΡ.ΑΠΑΣΧΟΛΗΣΗ (001628),,,1792.41,anonymous sponsor (empty sponsorAFMName)
6ΓΧ24690Β3-ΡΦ4,2022-03-30,ΕΝΤΑΛΜΑ ΠΛΗΡΩΜΗΣ ΑΠΟΖΗΜΙΩΣΗ ΓΙΑ ΝΥΧΤΕΡΙΝΑ-ΕΞΑΙΡΕΣΙΜΑ-ΥΠΕΡΩΡ.ΑΠΑΣΧΟΛΗΣΗ (001628),,,1122.32,anonymous sponsor (empty sponsorAFMName)
Ω5ΕΟ4690Β3-ΘΛΛ,2022-03-30,ΕΝΤΑΛΜΑ ΠΛΗΡΩΜΗΣ ΑΠΟΖΗΜΙΩΣΗ ΓΙΑ ΝΥΧΤΕΡΙΝΑ-ΕΞΑΙΡΕΣΙΜΑ-ΥΠΕΡΩΡ.ΑΠΑΣΧΟΛΗΣΗ (001628),,,617.09,anonymous sponsor (empty sponsorAFMName)
646Μ4690Β3-7Ι8,2022-03-30,ΕΝΤΑΛΜΑ ΠΛΗΡΩΜΗΣ ΑΠΟΖΗΜΙΩΣΗ ΓΙΑ ΝΥΧΤΕΡΙΝΑ-ΕΞΑΙΡΕΣΙΜΑ-ΥΠΕΡΩΡ.ΑΠΑΣΧΟΛΗΣΗ (001628),,,764.71,anonymous sponsor (empty sponsorAFMName)
93ΩΦ4690Β3-ΚΞΝ,2022-03-30,ΕΝΤΑΛΜΑ ΠΛΗΡΩΜΗΣ ΑΠΟΖΗΜΙΩΣΗ ΓΙΑ ΝΥΧΤΕΡΙΝΑ-ΕΞΑΙΡΕΣΙΜΑ-ΥΠΕΡΩΡ.ΑΠΑΣΧΟΛΗΣΗ (001628),,,427.84,anonymous sponsor (empty sponsorAFMName)
Ω3ΩΨ4690Β3-ΞΒΓ,2022-03-30,ΕΝΤΑΛΜΑ ΠΛΗΡΩΜΗΣ ΑΠΟΖΗΜΙΩΣΗ ΓΙΑ ΝΥΧΤΕΡΙΝΑ-ΕΞΑΙΡΕΣΙΜΑ-ΥΠΕΡΩΡ.ΑΠΑΣΧΟΛΗΣΗ (001628),,,966.48,anonymous sponsor (empty sponsorAFMName)
ΩΖΜΜ4690Β3-Ρ4Π,2022-03-30,ΕΝΤΑΛΜΑ ΠΛΗΡΩΜΗΣ ΑΠΟΖΗΜΙΩΣΗ ΓΙΑ ΝΥΧΤΕΡΙΝΑ-ΕΞΑΙΡΕΣΙΜΑ-ΥΠΕΡΩΡ.ΑΠΑΣΧΟΛΗΣΗ (001628),,,3239.26,anonymous sponsor (empty sponsorAFMName)
ΨΛΖΔ4690Β3-ΠΜΡ,2022-03-30,ΕΝΤΑΛΜΑ ΠΛΗΡΩΜΗΣ ΑΠΟΖΗΜΙΩΣΗ ΓΙΑ ΝΥΧΤΕΡΙΝΑ-ΕΞΑΙΡΕΣΙΜΑ-ΥΠΕΡΩΡ.ΑΠΑΣΧΟΛΗΣΗ (001628),,,354.44,anonymous sponsor (empty sponsorAFMName)
92494690Β3-ΔΞ5,2022-03-30,ΕΝΤΑΛΜΑ ΠΛΗΡΩΜΗΣ ΑΠΟΖΗΜΙΩΣΗ ΓΙΑ ΝΥΧΤΕΡΙΝΑ-ΕΞΑΙΡΕΣΙΜΑ-ΥΠΕΡΩΡ.ΑΠΑΣΧΟΛΗΣΗ (001628),,,1700.73,anonymous sponsor (empty sponsorAFMName)
ΨΒ7Υ4690Β3-6Α8,2022-03-30,ΕΝΤΑΛΜΑ ΠΛΗΡΩΜΗΣ ΑΠΟΖΗΜΙΩΣΗ ΓΙΑ ΝΥΧΤΕΡΙΝΑ-ΕΞΑΙΡΕΣΙΜΑ-ΥΠΕΡΩΡ.ΑΠΑΣΧΟΛΗΣΗ (001628),,,9829.81,anonymous sponsor (empty sponsorAFMName)
9ΤΙΨ4690Β3-Σ3Φ,2022-03-30,ΕΝΤΑΛΜΑ ΠΛΗΡΩΜΗΣ ΑΠΟΖΗΜΙΩΣΗ ΓΙΑ ΝΥΧΤΕΡΙΝΑ-ΕΞΑΙΡΕΣΙΜΑ-ΥΠΕΡΩΡ.ΑΠΑΣΧΟΛΗΣΗ (001628),,,1426.19,anonymous sponsor (empty sponsorAFMName)
6Α4Ο4690Β3-ΓΨ0,2022-03-30,ΕΝΤΑΛΜΑ ΠΛΗΡΩΜΗΣ ΑΠΟΖΗΜΙΩΣΗ ΓΙΑ ΝΥΧΤΕΡΙΝΑ-ΕΞΑΙΡΕΣΙΜΑ-ΥΠΕΡΩΡ.ΑΠΑΣΧΟΛΗΣΗ (001628),,,11034.57,anonymous sponsor (empty sponsorAFMName)
90ΟΘ4690Β3-ΠΝΠ,2022-03-30,ΕΝΤΑΛΜΑ ΠΛΗΡΩΜΗΣ ΟΔΟΙΠΟΡΙΚΑ ΕΞΟΔΑ ΠΡΟΣ. ΝΟΣ/ΜΕΙΟΥ (001626),,,775.44,anonymous sponsor (empty sponsorAFMName)
6ΨΓ34690Β3-Α5Ω,2022-03-30,ΕΝΤΑΛΜΑ ΠΛΗΡΩΜΗΣ ΟΔΟΙΠΟΡΙΚΑ ΕΞΟΔΑ ΠΡΟΣ. ΝΟΣ/ΜΕΙΟΥ (001626),,,80.80,anonymous sponsor (empty sponsorAFMName)
6ΥΘΟ4690Β3-Ν33,2022-03-29,ΕΝΤΑΛΜΑ ΠΛΗΡΩΜΗΣ ΕΙΣΦΟΡΕΣ ΑΠΑΣΧ/ΝΩΝ ΟΑΕΔ ΜΕΣΩ ΠΡΟΓ. ΚΟΙΝΩΦ. ΧΑΡΑΚΤΗΡΑ (1657),,,5149.96,anonymous sponsor (empty sponsorAFMName)
984Ζ4690Β3-94Φ,2022-03-29,ΕΝΤΑΛΜΑ ΠΛΗΡΩΜΗΣ ΕΙΣΦΟΡΕΣ ΑΠΑΣΧ/ΝΩΝ ΟΑΕΔ ΜΕΣΩ ΠΡΟΓ. ΚΟΙΝΩΦ. ΧΑΡΑΚΤΗΡΑ (1657),,,2163.90,anonymous sponsor (empty sponsorAFMName)
Ψ96Θ4690Β3-ΘΡ7,2022-03-29,ΕΝΤΑΛΜΑ ΠΛΗΡΩΜΗΣ ΚΡΑΤ.3391-54.03.00.0001 Φ.Μ.Υ. (001512),,,245.52,anonymous sponsor (empty sponsorAFMName)
6Δ0Δ4690Β3-Λ9Λ,2022-03-29,ΕΝΤΑΛΜΑ ΠΛΗΡΩΜΗΣ ΚΡΑΤ.3391-54.03.00.0001 Φ.Μ.Υ. (001512),,,86.41,anonymous sponsor (empty sponsorAFMName)
ΨΜΛΓ4690Β3-ΠΔ0,2022-03-29,ΕΝΤΑΛΜΑ ΠΛΗΡΩΜΗΣ ΑΠΟΖΗΜΙΩΣΗ ΕΦΗΜΕΡΙΩΝ (002535),,,6455.04,anonymous sponsor (empty sponsorAFMName)
ΩΑΣΦ4690Β3-ΠΑ5,2022-03-29,ΕΝΤΑΛΜΑ ΠΛΗΡΩΜΗΣ ΑΠΟΖΗΜΙΩΣΗ ΕΦΗΜΕΡΙΩΝ (002535),,,3516.96,anonymous sponsor (empty sponsorAFMName)
69ΘΣ4690Β3-ΑΕ3,2022-03-29,ΕΝΤΑΛΜΑ ΠΛΗΡΩΜΗΣ ΑΠΟΖΗΜΙΩΣΗ ΕΦΗΜΕΡΙΩΝ (002535),,,1244.94,anonymous sponsor (empty sponsorAFMName)
ΨΣΖ94690Β3-8Χ6,2022-03-29,ΕΝΤΑΛΜΑ ΠΛΗΡΩΜΗΣ ΑΠΟΖΗΜΙΩΣΗ ΕΦΗΜΕΡΙΩΝ (002535),,,19486.18,anonymous sponsor (empty sponsorAFMName)
92824690Β3-ΣΙΗ,2022-03-29,ΕΝΤΑΛΜΑ ΠΛΗΡΩΜΗΣ ΑΠΟΖΗΜΙΩΣΗ ΕΦΗΜΕΡΙΩΝ (002535),,,1191.88,anonymous sponsor (empty sponsorAFMName)
98ΝΟ4690Β3-ΤΥ0,2022-03-29,ΕΝΤΑΛΜΑ ΠΛΗΡΩΜΗΣ ΑΠΟΖΗΜΙΩΣΗ ΕΦΗΜΕΡΙΩΝ (002535),,,14827.94,anonymous sponsor (empty sponsorAFMName)
9ΝΘΖ4690Β3-ΩΑ9,2022-03-29,ΕΝΤΑΛΜΑ ΠΛΗΡΩΜΗΣ ΑΠΟΖΗΜΙΩΣΗ ΕΦΗΜΕΡΙΩΝ (002535),,,92181.04,anonymous sponsor (empty sponsorAFMName)
9Η5Ε4690Β3-03Φ,2022-03-29,ΕΝΤΑΛΜΑ ΠΛΗΡΩΜΗΣ EΠΙΚΟΥΡΙΚΟΙ ΙΑΤΡΟΙ Ε.Σ.Υ. (000001629),,,2916.53,anonymous sponsor (empty sponsorAFMName)
6Ε8Σ4690Β3-0Τ7,2022-03-28,ΕΝΤΑΛΜΑ ΠΛΗΡΩΜΗΣ ΑΠΟΖΗΜΙΩΣΗ ΓΙΑ ΝΥΧΤΕΡΙΝΑ-ΕΞΑΙΡΕΣΙΜΑ-ΥΠΕΡΩΡ.ΑΠΑΣΧΟΛΗΣΗ (001628),,,220.35,anonymous sponsor (empty sponsorAFMName)
659Θ4690Β3-ΦΝΦ,2022-03-28,ΕΝΤΑΛΜΑ ΠΛΗΡΩΜΗΣ ΑΠΟΖΗΜΙΩΣΗ ΓΙΑ ΝΥΧΤΕΡΙΝΑ-ΕΞΑΙΡΕΣΙΜΑ-ΥΠΕΡΩΡ.ΑΠΑΣΧΟΛΗΣΗ (001628),,,690.43,anonymous sponsor (empty sponsorAFMName)
9ΙΤ74690Β3-7ΣΩ,2022-03-28,ΕΝΤΑΛΜΑ ΠΛΗΡΩΜΗΣ ΑΠΟΖΗΜΙΩΣΗ ΓΙΑ ΝΥΧΤΕΡΙΝΑ-ΕΞΑΙΡΕΣΙΜΑ-ΥΠΕΡΩΡ.ΑΠΑΣΧΟΛΗΣΗ (001628),,,6531.33,anonymous sponsor (empty sponsorAFMName)
Ω3Μ64690Β3-3ΔΒ,2022-03-28,ΕΝΤΑΛΜΑ ΠΛΗΡΩΜΗΣ ΑΠΟΖΗΜΙΩΣΗ ΓΙΑ ΝΥΧΤΕΡΙΝΑ-ΕΞΑΙΡΕΣΙΜΑ-ΥΠΕΡΩΡ.ΑΠΑΣΧΟΛΗΣΗ (001628),,,4247.55,anonymous sponsor (empty sponsorAFMName)
6ΑΦ44690Β3-ΕΞΚ,2022-03-28,ΕΝΤΑΛΜΑ ΠΛΗΡΩΜΗΣ ΑΠΟΖΗΜΙΩΣΗ ΓΙΑ ΝΥΧΤΕΡΙΝΑ-ΕΞΑΙΡΕΣΙΜΑ-ΥΠΕΡΩΡ.ΑΠΑΣΧΟΛΗΣΗ (001628),,,83.60,anonymous sponsor (empty sponsorAFMName)
627Η4690Β3-023,2022-03-28,ΕΝΤΑΛΜΑ ΠΛΗΡΩΜΗΣ ΑΠΟΖΗΜΙΩΣΗ ΓΙΑ ΝΥΧΤΕΡΙΝΑ-ΕΞΑΙΡΕΣΙΜΑ-ΥΠΕΡΩΡ.ΑΠΑΣΧΟΛΗΣΗ (001628),,,1981.51,anonymous sponsor (empty sponsorAFMName)
9ΥΘΔ4690Β3-Θ13,2022-03-28,ΕΝΤΑΛΜΑ ΠΛΗΡΩΜΗΣ ΑΠΟΖΗΜΙΩΣΗ ΓΙΑ ΝΥΧΤΕΡΙΝΑ-ΕΞΑΙΡΕΣΙΜΑ-ΥΠΕΡΩΡ.ΑΠΑΣΧΟΛΗΣΗ (001628),,,218.59,anonymous sponsor (empty sponsorAFMName)
6ΑΤΣ4690Β3-6ΥΞ,2022-03-28,ΕΝΤΑΛΜΑ ΠΛΗΡΩΜΗΣ ΑΠΟΖΗΜΙΩΣΗ ΓΙΑ ΝΥΧΤΕΡΙΝΑ-ΕΞΑΙΡΕΣΙΜΑ-ΥΠΕΡΩΡ.ΑΠΑΣΧΟΛΗΣΗ (001628),,,1868.90,anonymous sponsor (empty sponsorAFMName)
Ψ8ΗΗ4690Β3-Τ7Ρ,2022-03-28,ΕΝΤΑΛΜΑ ΠΛΗΡΩΜΗΣ ΑΠΟΖΗΜΙΩΣΗ ΓΙΑ ΝΥΧΤΕΡΙΝΑ-ΕΞΑΙΡΕΣΙΜΑ-ΥΠΕΡΩΡ.ΑΠΑΣΧΟΛΗΣΗ (001628),,,1644.44,anonymous sponsor (empty sponsorAFMName)
Ω2ΞΛ4690Β3-0ΕΓ,2022-03-28,ΕΝΤΑΛΜΑ ΠΛΗΡΩΜΗΣ ΑΠΟΖΗΜΙΩΣΗ ΓΙΑ ΝΥΧΤΕΡΙΝΑ-ΕΞΑΙΡΕΣΙΜΑ-ΥΠΕΡΩΡ.ΑΠΑΣΧΟΛΗΣΗ (001628),,,440.34,anonymous sponsor (empty sponsorAFMName)
6ΖΩΡ4690Β3-Τ5Ε,2022-03-28,ΕΝΤΑΛΜΑ ΠΛΗΡΩΜΗΣ ΑΠΟΖΗΜΙΩΣΗ ΓΙΑ ΝΥΧΤΕΡΙΝΑ-ΕΞΑΙΡΕΣΙΜΑ-ΥΠΕΡΩΡ.ΑΠΑΣΧΟΛΗΣΗ (001628),,,5800.07,anonymous sponsor (empty sponsorAFMName)
6ΖΣΑ4690Β3-Λ6Θ,2022-03-28,ΕΝΤΑΛΜΑ ΠΛΗΡΩΜΗΣ ΑΠΟΖΗΜΙΩΣΗ ΓΙΑ ΝΥΧΤΕΡΙΝΑ-ΕΞΑΙΡΕΣΙΜΑ-ΥΠΕΡΩΡ.ΑΠΑΣΧΟΛΗΣΗ (001628),,,1031.90,anonymous sponsor (empty sponsorAFMName)
9ΨΙΑ4690Β3-Ε13,2022-03-28,ΕΝΤΑΛΜΑ ΠΛΗΡΩΜΗΣ ΑΠΟΖΗΜΙΩΣΗ ΓΙΑ ΝΥΧΤΕΡΙΝΑ-ΕΞΑΙΡΕΣΙΜΑ-ΥΠΕΡΩΡ.ΑΠΑΣΧΟΛΗΣΗ (001628),,,521.76,anonymous sponsor (empty sponsorAFMName)
ΨΠΥΟ4690Β3-ΓΛΥ,2022-03-28,ΕΝΤΑΛΜΑ ΠΛΗΡΩΜΗΣ ΑΠΟΖΗΜΙΩΣΗ ΓΙΑ ΝΥΧΤΕΡΙΝΑ-ΕΞΑΙΡΕΣΙΜΑ-ΥΠΕΡΩΡ.ΑΠΑΣΧΟΛΗΣΗ (001628),,,431.94,anonymous sponsor (empty sponsorAFMName)
ΨΚ4Μ4690Β3-ΞΧΒ,2022-03-28,ΕΝΤΑΛΜΑ ΠΛΗΡΩΜΗΣ ΑΠΟΖΗΜΙΩΣΗ ΓΙΑ ΝΥΧΤΕΡΙΝΑ-ΕΞΑΙΡΕΣΙΜΑ-ΥΠΕΡΩΡ.ΑΠΑΣΧΟΛΗΣΗ (001628),,,395.52,anonymous sponsor (empty sponsorAFMName)
ΨΥ824690Β3-20Ν,2022-03-28,ΕΝΤΑΛΜΑ ΠΛΗΡΩΜΗΣ ΑΠΟΖΗΜΙΩΣΗ ΓΙΑ ΝΥΧΤΕΡΙΝΑ-ΕΞΑΙΡΕΣΙΜΑ-ΥΠΕΡΩΡ.ΑΠΑΣΧΟΛΗΣΗ (001628),,,1061.16,anonymous sponsor (empty sponsorAFMName)
Ω3ΙΣ4690Β3-ΣΣΗ,2022-03-28,ΕΝΤΑΛΜΑ ΠΛΗΡΩΜΗΣ ΑΠΟΖΗΜΙΩΣΗ ΓΙΑ ΝΥΧΤΕΡΙΝΑ-ΕΞΑΙΡΕΣΙΜΑ-ΥΠΕΡΩΡ.ΑΠΑΣΧΟΛΗΣΗ (001628),,,521.80,anonymous sponsor (empty sponsorAFMName)
9ΑΤΛ4690Β3-ΨΓΥ,2022-03-28,ΕΝΤΑΛΜΑ ΠΛΗΡΩΜΗΣ ΑΠΟΖΗΜΙΩΣΗ ΓΙΑ ΝΥΧΤΕΡΙΝΑ-ΕΞΑΙΡΕΣΙΜΑ-ΥΠΕΡΩΡ.ΑΠΑΣΧΟΛΗΣΗ (001628),,,3510.17,anonymous sponsor (empty sponsorAFMName)
ΩΜ754690Β3-ΣΞ1,2022-03-28,ΕΝΤΑΛΜΑ ΠΛΗΡΩΜΗΣ ΑΠΟΖΗΜΙΩΣΗ ΓΙΑ ΝΥΧΤΕΡΙΝΑ-ΕΞΑΙΡΕΣΙΜΑ-ΥΠΕΡΩΡ.ΑΠΑΣΧΟΛΗΣΗ (001628),,,315.16,anonymous sponsor (empty sponsorAFMName)
ΨΘΣΗ4690Β3-Η09,2022-03-28,ΕΝΤΑΛΜΑ ΠΛΗΡΩΜΗΣ ΑΠΟΖΗΜΙΩΣΗ ΓΙΑ ΝΥΧΤΕΡΙΝΑ-ΕΞΑΙΡΕΣΙΜΑ-ΥΠΕΡΩΡ.ΑΠΑΣΧΟΛΗΣΗ (001628),,,1561.86,anonymous sponsor (empty sponsorAFMName)
9ΑΒΚ4690Β3-9ΤΘ,2022-03-28,ΕΝΤΑΛΜΑ ΠΛΗΡΩΜΗΣ ΑΠΟΖΗΜΙΩΣΗ ΓΙΑ ΝΥΧΤΕΡΙΝΑ-ΕΞΑΙΡΕΣΙΜΑ-ΥΠΕΡΩΡ.ΑΠΑΣΧΟΛΗΣΗ (001628),,,8078.41,anonymous sponsor (empty sponsorAFMName)
69ΧΛ4690Β3-Σ2Υ,2022-03-28,ΕΝΤΑΛΜΑ ΠΛΗΡΩΜΗΣ ΑΠΟΖΗΜΙΩΣΗ ΓΙΑ ΝΥΧΤΕΡΙΝΑ-ΕΞΑΙΡΕΣΙΜΑ-ΥΠΕΡΩΡ.ΑΠΑΣΧΟΛΗΣΗ (001628),,,9920.75,anonymous sponsor (empty sponsorAFMName)
ΨΡΖ34690Β3-ΧΡΘ,2022-03-28,ΕΝΤΑΛΜΑ ΠΛΗΡΩΜΗΣ ΑΠΟΖΗΜΙΩΣΗ ΓΙΑ ΝΥΧΤΕΡΙΝΑ-ΕΞΑΙΡΕΣΙΜΑ-ΥΠΕΡΩΡ.ΑΠΑΣΧΟΛΗΣΗ (001628),,,1505.81,anonymous sponsor (empty sponsorAFMName)
6ΟΞΟ4690Β3-Ξ94,2022-03-28,ΕΝΤΑΛΜΑ ΠΛΗΡΩΜΗΣ ΑΠΟΖΗΜΙΩΣΗ ΕΦΗΜΕΡΙΩΝ (002535),,,879.24,anonymous sponsor (empty sponsorAFMName)
ΨΦΔΚ4690Β3-ΥΡΞ,2022-03-28,ΕΝΤΑΛΜΑ ΠΛΗΡΩΜΗΣ ΑΠΟΖΗΜΙΩΣΗ ΕΦΗΜΕΡΙΩΝ (002535),,,3900.61,anonymous sponsor (empty sponsorAFMName)
Ψ8Ε74690Β3-5Β5,2022-03-28,ΕΝΤΑΛΜΑ ΠΛΗΡΩΜΗΣ ΑΠΟΖΗΜΙΩΣΗ ΕΦΗΜΕΡΙΩΝ (002535),,,8251.46,anonymous sponsor (empty sponsorAFMName)
95ΦΡ4690Β3-ΠΕΥ,2022-03-28,ΕΝΤΑΛΜΑ ΠΛΗΡΩΜΗΣ ΑΠΟΖΗΜΙΩΣΗ ΕΦΗΜΕΡΙΩΝ (002535),,,4169.56,anonymous sponsor (empty sponsorAFMName)
6Β694690Β3-8ΓΤ,2022-03-28,ΕΝΤΑΛΜΑ ΠΛΗΡΩΜΗΣ ΑΠΟΖΗΜΙΩΣΗ ΕΦΗΜΕΡΙΩΝ (002535),,,772.18,anonymous sponsor (empty sponsorAFMName)
ΩΤΠΕ4690Β3-5ΝΤ,2022-03-28,ΕΝΤΑΛΜΑ ΠΛΗΡΩΜΗΣ ΑΠΟΖΗΜΙΩΣΗ ΕΦΗΜΕΡΙΩΝ (002535),,,15549.48,anonymous sponsor (empty sponsorAFMName)
6ΟΟΦ4690Β3-ΘΔΖ,2022-03-28,ΕΝΤΑΛΜΑ ΠΛΗΡΩΜΗΣ ΑΠΟΖΗΜΙΩΣΗ ΕΦΗΜΕΡΙΩΝ (002535),,,18684.58,anonymous sponsor (empty sponsorAFMName)
603Φ4690Β3-ΙΘΨ,2022-03-28,ΕΝΤΑΛΜΑ ΠΛΗΡΩΜΗΣ ΑΠΟΖΗΜΙΩΣΗ ΕΦΗΜΕΡΙΩΝ (002535),,,1279.50,anonymous sponsor (empty sponsorAFMName)
ΨΓΓΤ4690Β3-ΤΟΘ,2022-03-28,ΕΝΤΑΛΜΑ ΠΛΗΡΩΜΗΣ ΑΠΟΖΗΜΙΩΣΗ ΕΦΗΜΕΡΙΩΝ (002535),,,84375.13,anonymous sponsor (empty sponsorAFMName)
6ΛΒΔ4690Β3-9ΞΒ,2022-03-21,ΕΝΤΑΛΜΑ ΠΛΗΡΩΜΗΣ ΚΡΑΤ.3391-54.04.02.0001 Χ/ΜΑ και ΟΓΑ Χ/ΜΩΝ (001514),,,1.11,anonymous sponsor (empty sponsorAFMName)
9ΠΡ64690Β3-ΤΗΛ,2022-03-21,ΕΝΤΑΛΜΑ ΠΛΗΡΩΜΗΣ ΚΡΑΤ.3391-54.09.14.0001 ΦΟΡΟΣ ΠΡΟΜΗΘΕΥΤΩΝ (001510),,,2128.91,anonymous sponsor (empty sponsorAFMName)
ΨΔ4Φ4690Β3-ΝΕ9,2022-03-21,ΕΝΤΑΛΜΑ ΠΛΗΡΩΜΗΣ ΚΡΑΤ.3391-53.20.00.0001 ΕΛΛΗΝΙΚΟ ΔΗΜΟΣΙΟ (001506),,,481.93,anonymous sponsor (empty sponsorAFMName)
Ω8Τ04690Β3-971,2022-03-21,ΕΝΤΑΛΜΑ ΠΛΗΡΩΜΗΣ ΚΡΑΤ.3391-53.20.00.0001 ΕΛΛΗΝΙΚΟ ΔΗΜΟΣΙΟ (001506),,,14.46,anonymous sponsor (empty sponsorAFMName)
ΩΥΛΜ4690Β3-1ΨΡ,2022-03-21,ΕΝΤΑΛΜΑ ΠΛΗΡΩΜΗΣ ΚΡΑΤ.3391-53.20.00.0001 ΕΛΛΗΝΙΚΟ ΔΗΜΟΣΙΟ (001506),,,16.26,anonymous sponsor (empty sponsorAFMName)
6ΥΕΘ4690Β3-974,2022-03-18,ΧΕ 1/63 ΟΔΟΙΠΟΡΙΚΑ  ΕΞΟΔΑ,,,,no sponsor block
ΨΝΖΛ4690Β3-Ξ1Δ,2022-03-18,ΧΕ 1/62 ΟΔΟΙΠΟΡΙΚΑ,,,,no sponsor block
Ω2874690Β3-ΖΧΘ,2022-03-18,ΕΝΤΑΛΜΑ ΠΛΗΡΩΜΗΣ ΕΠΙΣΤΡΟΦΗ ΕΞΕΤ/ΤΡΩΝ ΛΟΓΩ ΝΟΣΗΛΕΙΑΣ (001633),,,3224.00,anonymous sponsor (empty sponsorAFMName)
6ΧΒΔ4690Β3-ΞΙΧ,2022-03-18,ΕΝΤΑΛΜΑ ΠΛΗΡΩΜΗΣ ΚΡΑΤ.3391-54.04.02.0001 Χ/ΜΑ και ΟΓΑ Χ/ΜΩΝ (001514),,,32.22,anonymous sponsor (empty sponsorAFMName)
ΨΥΣΘ4690Β3-0ΗΣ,2022-03-18,ΕΝΤΑΛΜΑ ΠΛΗΡΩΜΗΣ ΚΡΑΤ.3391-54.04.00.0001 ΦΟΡΟΣ ΕΛΕΥΘΕΡ.ΕΠΑΓΓΕΛΜΑΤ (001511),,,179.00,anonymous sponsor (empty sponsorAFMName)
Ω2ΙΔ4690Β3-7Β5,2022-03-01,ΕΝΤΑΛΜΑ ΠΛΗΡΩΜΗΣ ΠΡΟΣΩΠΙΚΟ ΤΡΑΠΕΖΟΚΟΜΙΑΣ Ι.Δ.Ο.Χ. (999000000),,,3440.25,anonymous sponsor (empty sponsorAFMName)
ΨΤΖΜ4690Β3-54Ζ,2022-03-01,ΕΝΤΑΛΜΑ ΠΛΗΡΩΜΗΣ EΠΙΚΟΥΡΙΚΟΙ ΙΑΤΡΟΙ Ε.Σ.Υ. (000001629),,,4166.46,anonymous sponsor (empty sponsorAFMName)
ΨΙ0Ν4690Β3-ΔΘ5,2022-03-01,ΕΝΤΑΛΜΑ ΠΛΗΡΩΜΗΣ ΕΠΟΧΙΚΟ ΠΡΟΣΩΠΙΚΟ ΚΑΘΑΡΙΟΤΗΤΑΣ (999111999),,,43032.44,anonymous sponsor (empty sponsorAFMName)
ΩΣΝ74690Β3-ΛΩΤ,2022-03-01,ΕΝΤΑΛΜΑ ΠΛΗΡΩΜΗΣ ΑΠΟΖΗΜΕΙΩΣΗ ΤΕΙ-ΑΣΚΟΥΜΕΝΩΝ Ο.Α.Ε.Δ. (001607),,,186.19,anonymous sponsor (empty sponsorAFMName)
6Θ8Ζ4690Β3-ΑΑ4,2022-03-01,ΕΝΤΑΛΜΑ ΠΛΗΡΩΜΗΣ ΕΠΙΚΟΥΡΙΚΟ ΝΟΣΗΛΕΥΤΙΚΟ-ΠΑΡΑΪΑΤΡΙΚΟ ΠΡΟΣΩΠΙΚΟ (000001634),,,29940.88,anonymous sponsor (empty sponsorAFMName)
ΨΝΙΞ4690Β3-Α8Λ,2022-03-01,ΕΝΤΑΛΜΑ ΠΛΗΡΩΜΗΣ EΠΙΚΟΥΡΙΚΟΙ ΙΑΤΡΟΙ Ε.Σ.Υ. (000001629),,,42681.20,anonymous sponsor (empty sponsorAFMName)
6ΧΗ74690Β3-ΗΡΦ,2022-03-01,ΕΝΤΑΛΜΑ ΠΛΗΡΩΜΗΣ ΕΠΙΚΟΥΡΙΚΟ ΝΟΣΗΛΕΥΤΙΚΟ-ΠΑΡΑΪΑΤΡΙΚΟ ΠΡΟΣΩΠΙΚΟ (000001634),,,68559.21,anonymous sponsor (empty sponsorAFMName)
ΩΝ9Ξ4690Β3-Δ35,2022-03-01,ΕΝΤΑΛΜΑ ΠΛΗΡΩΜΗΣ ΕΠΙΚΟΥΡΙΚΟ ΝΟΣΗΛΕΥΤΙΚΟ-ΠΑΡΑΪΑΤΡΙΚΟ ΠΡΟΣΩΠΙΚΟ (000001634),,,3235.07,anonymous sponsor (empty sponsorAFMName)
6ΓΒΠ4690Β3-ΗΝΝ,2022-03-01,ΕΝΤΑΛΜΑ ΠΛΗΡΩΜΗΣ EΠΙΚΟΥΡΙΚΟΙ ΙΑΤΡΟΙ Ε.Σ.Υ. (000001629),,,12732.62,anonymous sponsor (empty sponsorAFMName)
ΨΘ0Μ4690Β3-Β1Ν,2022-02-28,ΕΝΤΑΛΜΑ ΠΛΗΡΩΜΗΣ ΕΠΙΚΟΥΡΙΚΟ ΝΟΣΗΛΕΥΤΙΚΟ-ΠΑΡΑΪΑΤΡΙΚΟ ΠΡΟΣΩΠΙΚΟ (000001634),,,34157.51,anonymous sponsor (empty sponsorAFMName)
9ΦΒΠ4690Β3-ΟΒ2,2022-02-28,ΕΝΤΑΛΜΑ ΠΛΗΡΩΜΗΣ ΕΠΙΚΟΥΡΙΚΟ ΝΟΣΗΛΕΥΤΙΚΟ-ΠΑΡΑΪΑΤΡΙΚΟ ΠΡΟΣΩΠΙΚΟ (000001634),,,1317.42,anonymous sponsor (empty sponsorAFMName)
ΨΝ8Σ4690Β3-ΦΘΠ,2022-02-28,ΕΝΤΑΛΜΑ ΠΛΗΡΩΜΗΣ ΚΡΑΤ.3391-54.04.02.0001 Χ/ΜΑ και ΟΓΑ Χ/ΜΩΝ (001514),,,58.27,anonymous sponsor (empty sponsorAFMName)
9ΒΚΠ4690Β3-9Β9,2022-02-28,ΕΝΤΑΛΜΑ ΠΛΗΡΩΜΗΣ ΚΡΑΤ.3391-53.20.00.0001 ΕΛΛΗΝΙΚΟ ΔΗΜΟΣΙΟ (001506),,,25917.92,anonymous sponsor (empty sponsorAFMName)
6ΧΞ94690Β3-Α66,2022-02-28,ΕΝΤΑΛΜΑ ΠΛΗΡΩΜΗΣ ΚΡΑΤ.3391-53.20.00.0001 ΕΛΛΗΝΙΚΟ ΔΗΜΟΣΙΟ (001506),,,6.00,anonymous sponsor (empty sponsorAFMName)
ΨΚ2Τ4690Β3-ΞΨΔ,2022-02-28,ΕΝΤΑΛΜΑ ΠΛΗΡΩΜΗΣ ΚΡΑΤ.3391-53.20.00.0001 ΕΛΛΗΝΙΚΟ ΔΗΜΟΣΙΟ (001506),,,822.16,anonymous sponsor (empty sponsorAFMName)
Ψ1ΩΕ4690Β3-6ΡΜ,2022-02-28,ΕΝΤΑΛΜΑ ΠΛΗΡΩΜΗΣ ΚΡΑΤ.3391-53.20.00.0001 ΕΛΛΗΝΙΚΟ ΔΗΜΟΣΙΟ (001506),,,845.25,anonymous sponsor (empty sponsorAFMName)
ΩΝΗ74690Β3-42Φ,2022-02-28,ΕΝΤΑΛΜΑ ΠΛΗΡΩΜΗΣ ΚΡΑΤ.3391-54.04.02.0001 Χ/ΜΑ και ΟΓΑ Χ/ΜΩΝ (001514),,,1.93,anonymous sponsor (empty sponsorAFMName)
9Ω7Ν4690Β3-ΡΙ9,2022-02-28,ΕΝΤΑΛΜΑ ΠΛΗΡΩΜΗΣ ΚΡΑΤ.3391-53.20.00.0001 ΕΛΛΗΝΙΚΟ ΔΗΜΟΣΙΟ (001506),,,1121.23,anonymous sponsor (empty sponsorAFMName)
9ΨΑ04690Β3-ΓΤΥ,2022-02-28,ΕΝΤΑΛΜΑ ΠΛΗΡΩΜΗΣ ΚΡΑΤ.3391-53.20.00.0001 ΕΛΛΗΝΙΚΟ ΔΗΜΟΣΙΟ (001506),,,56.13,anonymous sponsor (empty sponsorAFMName)
ΩΑ574690Β3-Χ4Δ,2022-02-25,"ΕΚΔΟΣΗ ΧΡΗΜΑΤΙΚΟΥ ΕΝΤΑΛΜΑΤΟΣ ΠΛΗΡΩΜΗΣ ΠΟΣΟΥ 82,25€ ΣΕ ΒΑΡΟΣ ΤΟΥ ΚΑΕ 3391α01 του Π/Υ ΕΞΟΔΩΝ του Γ.Ν. ΚΕΡΚΥΡΑΣ ΓΙΑ ΑΠΟΔΟΣΗ Φ.Μ.Υ. ΜΗΝΟΣ ΔΕΚΕΜΒΡΙΟΥ 2021 ΑΠΑΣΧ/ΝΩΝ ΜΕΣΩ ΠΡΟΓ/ΤΟΣ ΚΟΙΝΩΦΕΛΟΥΣ ΕΡΓΑΣΙΑΣ Ο.Α.Ε.Δ. (ΠΡΟΣΚΛΗΣΗ 10/2017)",,,,no sponsor block
60ΓΝ4690Β3-ΓΦΣ,2022-02-25,"ΕΚΔΟΣΗ ΧΡΗΜΑΤΙΚΟΥ ΕΝΤΑΛΜΑΤΟΣ ΠΛΗΡΩΜΗΣ ΠΟΣΟΥ 2.163,90€ ΣΕ ΒΑΡΟΣ ΤΟΥ ΚΑΕ 0561α01 του Π/Υ ΕΞΟΔΩΝ του Γ.Ν. ΚΕΡΚΥΡΑΣ ΓΙΑ ΑΠΟΔΟΣΗ ΑΣΦΑΛΙΣΤΙΚΩΝ ΕΙΣΦΟΡΩΝ ΜΗΝΟΣ ΔΕΚΕΜΒΡΙΟΥ 2021 ΑΠΑΣΧ/ΝΩΝ ΜΕΣΩ ΠΡΟΓ/ΤΟΣ ΚΟΙΝΩΦΕΛΟΥΣ ΕΡΓΑΣΙΑΣ Ο.Α.Ε.Δ. (ΠΡΟΣΚΛΗΣΗ 10/2017)",,,,no sponsor block
ΨΕΩΧ4690Β3-ΝΤΠ,2022-02-25,"ΕΚΔΟΣΗ ΧΡΗΜΑΤΙΚΟΥ ΕΝΤΑΛΜΑΤΟΣ ΠΛΗΡΩΜΗΣ ΠΟΣΟΥ 256,02€ ΣΕ ΒΑΡΟΣ ΤΟΥ ΚΑΕ 3391α01 του Π/Υ ΕΞΟΔΩΝ του Γ.Ν. ΚΕΡΚΥΡΑΣ ΓΙΑ ΑΠΟΔΟΣΗ Φ.Μ.Υ. ΜΗΝΟΣ ΔΕΚΕΜΒΡΙΟΥ 2021 ΑΠΑΣΧ/ΝΩΝ ΜΕΣΩ ΠΡΟΓ/ΤΟΣ ΚΟΙΝΩΦΕΛΟΥΣ ΕΡΓΑΣΙΑΣ Ο.Α.Ε.Δ. (ΠΡΟΣΚΛΗΣΗ 13/2016)",,,,no sponsor block
9ΞΞ34690Β3-Ζ71,2022-02-23,ΕΝΤΑΛΜΑ ΠΛΗΡΩΜΗΣ ΑΠΟΖΗΜΙΩΣΗ ΕΦΗΜΕΡΙΩΝ (002535),,,851.65,anonymous sponsor (empty sponsorAFMName)
ΨΧ114690Β3-4ΙΘ,2022-02-23,ΕΝΤΑΛΜΑ ΠΛΗΡΩΜΗΣ ΑΠΟΖΗΜΙΩΣΗ ΕΦΗΜΕΡΙΩΝ (002535),,,1116.64,anonymous sponsor (empty sponsorAFMName)
Ω8ΤΥ4690Β3-ΡΟΩ,2022-02-23,ΕΝΤΑΛΜΑ ΠΛΗΡΩΜΗΣ ΑΠΟΖΗΜΙΩΣΗ ΕΦΗΜΕΡΙΩΝ (002535),,,620.10,anonymous sponsor (empty sponsorAFMName)
6ΙΣΗ4690Β3-ΤΨ4,2022-02-23,ΕΝΤΑΛΜΑ ΠΛΗΡΩΜΗΣ ΑΠΟΖΗΜΙΩΣΗ ΕΦΗΜΕΡΙΩΝ (002535),,,3462.44,anonymous sponsor (empty sponsorAFMName)
ΨΟΥΠ4690Β3-ΝΙ0,2022-02-23,ΕΝΤΑΛΜΑ ΠΛΗΡΩΜΗΣ ΑΠΟΖΗΜΙΩΣΗ ΕΦΗΜΕΡΙΩΝ (002535),,,114.56,anonymous sponsor (empty sponsorAFMName)
ΩΧ3Ψ4690Β3-ΨΜ7,2022-02-23,ΕΝΤΑΛΜΑ ΠΛΗΡΩΜΗΣ ΑΠΟΖΗΜΙΩΣΗ ΕΦΗΜΕΡΙΩΝ (002535),,,12099.66,anonymous sponsor (empty sponsorAFMName)
Ψ9Ξ64690Β3-ΣΨΞ,2022-02-23,ΕΝΤΑΛΜΑ ΠΛΗΡΩΜΗΣ ΑΠΟΖΗΜΙΩΣΗ ΕΦΗΜΕΡΙΩΝ (002535),,,425.96,anonymous sponsor (empty sponsorAFMName)
97ΜΔ4690Β3-ΒΙΧ,2022-02-23,ΕΝΤΑΛΜΑ ΠΛΗΡΩΜΗΣ ΑΠΟΖΗΜΙΩΣΗ ΕΦΗΜΕΡΙΩΝ (002535),,,719.44,anonymous sponsor (empty sponsorAFMName)
6ΙΒΤ4690Β3-1ΗΛ,2022-02-23,ΕΝΤΑΛΜΑ ΠΛΗΡΩΜΗΣ ΑΠΟΖΗΜΙΩΣΗ ΕΦΗΜΕΡΙΩΝ (002535),,,17.39,anonymous sponsor (empty sponsorAFMName)
6ΥΣΤ4690Β3-ΝΑΩ,2022-02-23,ΕΝΤΑΛΜΑ ΠΛΗΡΩΜΗΣ ΑΠΟΖΗΜΙΩΣΗ ΕΦΗΜΕΡΙΩΝ (002535),,,3215.98,anonymous sponsor (empty sponsorAFMName)
6ΤΞΩ4690Β3-ΤΚΟ,2022-02-23,ΕΝΤΑΛΜΑ ΠΛΗΡΩΜΗΣ ΑΠΟΖΗΜΙΩΣΗ ΕΦΗΜΕΡΙΩΝ (002535),,,275.02,anonymous sponsor (empty sponsorAFMName)
Ω2ΡΜ4690Β3-Λ10,2022-02-23,ΕΝΤΑΛΜΑ ΠΛΗΡΩΜΗΣ ΑΠΟΖΗΜΙΩΣΗ ΕΦΗΜΕΡΙΩΝ (002535),,,658.24,anonymous sponsor (empty sponsorAFMName)
69ΕΙ4690Β3-7ΣΨ,2022-02-23,ΕΝΤΑΛΜΑ ΠΛΗΡΩΜΗΣ ΑΠΟΖΗΜΙΩΣΗ ΕΦΗΜΕΡΙΩΝ (002535),,,12369.47,anonymous sponsor (empty sponsorAFMName)
Ψ92Ξ4690Β3-Γ2Ω,2022-02-23,ΕΝΤΑΛΜΑ ΠΛΗΡΩΜΗΣ ΑΠΟΖΗΜΙΩΣΗ ΕΦΗΜΕΡΙΩΝ (002535),,,383.84,anonymous sponsor (empty sponsorAFMName)
ΩΤΛΥ4690Β3-4ΑΞ,2022-02-23,ΕΝΤΑΛΜΑ ΠΛΗΡΩΜΗΣ ΑΠΟΖΗΜΙΩΣΗ ΕΦΗΜΕΡΙΩΝ (002535),,,661.98,anonymous sponsor (empty sponsorAFMName)
ΨΒΚ24690Β3-ΠΩΒ,2022-02-23,ΕΝΤΑΛΜΑ ΠΛΗΡΩΜΗΣ ΑΠΟΖΗΜΙΩΣΗ ΕΦΗΜΕΡΙΩΝ (002535),,,847.27,anonymous sponsor (empty sponsorAFMName)
6ΝΟΤ4690Β3-Θ2Ζ,2022-02-23,ΕΝΤΑΛΜΑ ΠΛΗΡΩΜΗΣ ΑΠΟΖΗΜΙΩΣΗ ΕΦΗΜΕΡΙΩΝ (002535),,,2268.22,anonymous sponsor (empty sponsorAFMName)
64494690Β3-Ρ08,2022-02-23,ΕΝΤΑΛΜΑ ΠΛΗΡΩΜΗΣ ΑΠΟΖΗΜΙΩΣΗ ΕΦΗΜΕΡΙΩΝ (002535),,,11917.84,anonymous sponsor (empty sponsorAFMName)
966Α4690Β3-9Β8,2022-02-11,ΕΝΤΑΛΜΑ ΠΛΗΡΩΜΗΣ Κ. ΔΑΜΑΛΑ ΙΚΕ-ORTHOSTEP (997907432),,,403.00,anonymous sponsor (empty sponsorAFMName)
6ΦΔΗ4690Β3-Λ0Σ,2022-02-10,ΕΝΤΑΛΜΑ ΠΛΗΡΩΜΗΣ ΕΠΙΣΤΡΟΦΗ ΕΞΕΤ/ΤΡΩΝ ΛΟΓΩ ΝΟΣΗΛΕΙΑΣ (001633),,,8682.44,anonymous sponsor (empty sponsorAFMName)
6Γ9Π4690Β3-ΖΩ5,2022-02-04,"ΕΓΚΡΙΣΗ ΠΛΗΡΩΜΗΣ ΠΟΣΟΥ 684,01€ ΣΕ ΒΑΡΟΣ ΤΩΝ ΚΑΕ 0711α01, 0721α01 του Π/Υ ΕΞΟΔΩΝ του Γ.Ν. ΚΕΡΚΥΡΑΣ ΓΙΑ ΠΛΗΡΩΜΗ ΔΑΠΑΝΗΣ ΟΔΟΙΠΟΡΙΚΩΝ ΕΞΟΔΩΝ & ΗΜΕΡΗΣΙΑΣ ΑΠΟΖΗΜΙΩΣΗΣ ΜΕΤΑΚΙΝΗΣΗΣ ΕΚΤΟΣ ΕΔΡΑΣ ΠΡΟΣΩΠΙΚΟΥ ΓΙΑ ΕΚΤΕΛΕΣΗ ΥΠΗΡΕΣΙΑΣ",,,,no sponsor block
ΩΑ154690Β3-ΡΣΨ,2022-02-03,ΕΝΤΑΛΜΑ ΠΛΗΡΩΜΗΣ ΕΠΙΚΟΥΡΙΚΟ ΝΟΣΗΛΕΥΤΙΚΟ-ΠΑΡΑΪΑΤΡΙΚΟ ΠΡΟΣΩΠΙΚΟ (000001634),,,35164.39,anonymous sponsor (empty sponsorAFMName)
Ω2ΣΔ4690Β3-Ξ8Π,2022-02-02,ΕΝΤΑΛΜΑ ΠΛΗΡΩΜΗΣ ΑΠΟΖΗΜΕΙΩΣΗ ΤΕΙ-ΑΣΚΟΥΜΕΝΩΝ Ο.Α.Ε.Δ. (001607),,,186.19,anonymous sponsor (empty sponsorAFMName)
ΩΣ6Ζ4690Β3-ΣΓ6,2022-02-02,ΕΝΤΑΛΜΑ ΠΛΗΡΩΜΗΣ ΑΠΟΖΗΜΕΙΩΣΗ ΤΕΙ-ΑΣΚΟΥΜΕΝΩΝ Ο.Α.Ε.Δ. (001607),,,558.57,anonymous sponsor (empty sponsorAFMName)
6ΗΙ74690Β3-ΗΧΤ,2022-02-02,ΕΝΤΑΛΜΑ ΠΛΗΡΩΜΗΣ EΠΙΚΟΥΡΙΚΟΙ ΙΑΤΡΟΙ Ε.Σ.Υ. (000001629),,,171.90,anonymous sponsor (empty sponsorAFMName)
9ΞΦΕ4690Β3-ΚΕΩ,2022-02-02,ΕΝΤΑΛΜΑ ΠΛΗΡΩΜΗΣ ΠΡΟΣΩΠΙΚΟ ΤΡΑΠΕΖΟΚΟΜΙΑΣ Ι.Δ.Ο.Χ. (999000000),,,3440.25,anonymous sponsor (empty sponsorAFMName)
Ω8Τ24690Β3-ΚΦΠ,2022-02-02,ΕΝΤΑΛΜΑ ΠΛΗΡΩΜΗΣ ΕΠΟΧΙΚΟ ΠΡΟΣΩΠΙΚΟ ΚΑΘΑΡΙΟΤΗΤΑΣ (999111999),,,44065.36,anonymous sponsor (empty sponsorAFMName)
9ΨΛΒ4690Β3-ΝΓΜ,2022-02-02,ΕΝΤΑΛΜΑ ΠΛΗΡΩΜΗΣ ΕΠΙΚΟΥΡΙΚΟ ΝΟΣΗΛΕΥΤΙΚΟ-ΠΑΡΑΪΑΤΡΙΚΟ ΠΡΟΣΩΠΙΚΟ (000001634),,,28392.10,anonymous sponsor (empty sponsorAFMName)
9ΨΨΑ4690Β3-Ψ7Ω,2022-02-02,ΕΝΤΑΛΜΑ ΠΛΗΡΩΜΗΣ EΠΙΚΟΥΡΙΚΟΙ ΙΑΤΡΟΙ Ε.Σ.Υ. (000001629),,,42550.66,anonymous sponsor (empty sponsorAFMName)
ΨΗΥΩ4690Β3-Ψ3Λ,2022-02-02,ΕΝΤΑΛΜΑ ΠΛΗΡΩΜΗΣ ΕΠΙΚΟΥΡΙΚΟ ΝΟΣΗΛΕΥΤΙΚΟ-ΠΑΡΑΪΑΤΡΙΚΟ ΠΡΟΣΩΠΙΚΟ (000001634),,,468.39,anonymous sponsor (empty sponsorAFMName)
6ΡΦΟ4690Β3-ΠΓΒ,2022-02-02,ΕΝΤΑΛΜΑ ΠΛΗΡΩΜΗΣ ΕΠΙΚΟΥΡΙΚΟ ΝΟΣΗΛΕΥΤΙΚΟ-ΠΑΡΑΪΑΤΡΙΚΟ ΠΡΟΣΩΠΙΚΟ (000001634),,,3235.07,anonymous sponsor (empty sponsorAFMName)
6Μ0Π4690Β3-64Κ,2022-02-02,ΕΝΤΑΛΜΑ ΠΛΗΡΩΜΗΣ ΕΠΙΚΟΥΡΙΚΟ ΝΟΣΗΛΕΥΤΙΚΟ-ΠΑΡΑΪΑΤΡΙΚΟ ΠΡΟΣΩΠΙΚΟ (000001634),,,64501.62,anonymous sponsor (empty sponsorAFMName)
ΨΨΛΓ4690Β3-5ΚΗ,2022-02-02,ΕΝΤΑΛΜΑ ΠΛΗΡΩΜΗΣ EΠΙΚΟΥΡΙΚΟΙ ΙΑΤΡΟΙ Ε.Σ.Υ. (000001629),,,15365.71,anonymous sponsor (empty sponsorAFMName)
Ψ7ΝΑ4690Β3-Ι4Σ,2022-02-02,ΕΝΤΑΛΜΑ ΠΛΗΡΩΜΗΣ ΕΠΙΚΟΥΡΙΚΟ ΝΟΣΗΛΕΥΤΙΚΟ-ΠΑΡΑΪΑΤΡΙΚΟ ΠΡΟΣΩΠΙΚΟ (000001634),,,1402.41,anonymous sponsor (empty sponsorAFMName)
ΨΓΕΣ4690Β3-207,2022-01-31,ΕΝΤΑΛΜΑ ΠΛΗΡΩΜΗΣ ΤΕΛΗ ΚΥΚΛΟΦΟΡΙΑΣ (001698),,,151.20,anonymous sponsor (empty sponsorAFMName)
6ΣΜΛ4690Β3-ΚΡΡ,2022-01-26,ΕΝΤΑΛΜΑ ΠΛΗΡΩΜΗΣ ΕΙΣΦΟΡΕΣ ΑΠΑΣΧ/ΝΩΝ ΟΑΕΔ ΜΕΣΩ ΠΡΟΓ. ΚΟΙΝΩΦ. ΧΑΡΑΚΤΗΡΑ (1657),,,2581.54,anonymous sponsor (empty sponsorAFMName)
668Β4690Β3-11Ψ,2022-01-26,ΕΝΤΑΛΜΑ ΠΛΗΡΩΜΗΣ ΕΙΣΦΟΡΕΣ ΑΠΑΣΧ/ΝΩΝ ΟΑΕΔ ΜΕΣΩ ΠΡΟΓ. ΚΟΙΝΩΦ. ΧΑΡΑΚΤΗΡΑ (1657),,,4877.59,anonymous sponsor (empty sponsorAFMName)
ΩΖΑ94690Β3-ΕΦΙ,2022-01-26,ΕΝΤΑΛΜΑ ΠΛΗΡΩΜΗΣ ΚΡΑΤ.3391-54.03.00.0001 Φ.Μ.Υ. (001512),,,86.53,anonymous sponsor (empty sponsorAFMName)
Ψ0ΔΥ4690Β3-Ξ7Ι,2022-01-26,ΕΝΤΑΛΜΑ ΠΛΗΡΩΜΗΣ ΚΡΑΤ.3391-54.03.00.0001 Φ.Μ.Υ. (001512),,,265.21,anonymous sponsor (empty sponsorAFMName)
6Χ3Ρ4690Β3-ΦΩΧ,2022-01-24,ΕΝΤΑΛΜΑ ΠΛΗΡΩΜΗΣ ΚΡΑΤ.3391-54.04.02.0001 Χ/ΜΑ και ΟΓΑ Χ/ΜΩΝ (001514),,,0.48,anonymous sponsor (empty sponsorAFMName)
6ΞΞΚ4690Β3-60Κ,2022-01-24,ΕΝΤΑΛΜΑ ΠΛΗΡΩΜΗΣ ΚΡΑΤ.3391-53.20.00.0001 ΕΛΛΗΝΙΚΟ ΔΗΜΟΣΙΟ (001506),,,277.38,anonymous sponsor (empty sponsorAFMName)
ΨΞ9Χ4690Β3-Ξ4Θ,2022-01-24,ΕΝΤΑΛΜΑ ΠΛΗΡΩΜΗΣ ΚΡΑΤ.3391-53.20.00.0001 ΕΛΛΗΝΙΚΟ ΔΗΜΟΣΙΟ (001506),,,13.88,anonymous sponsor (empty sponsorAFMName)
94864690Β3-ΟΕΞ,2022-01-24,ΕΝΤΑΛΜΑ ΠΛΗΡΩΜΗΣ ΚΡΑΤ.3391-54.04.02.0001 Χ/ΜΑ και ΟΓΑ Χ/ΜΩΝ (001514),,,24.53,anonymous sponsor (empty sponsorAFMName)
6ΦΧ14690Β3-ΛΚΡ,2022-01-24,ΕΝΤΑΛΜΑ ΠΛΗΡΩΜΗΣ ΚΡΑΤ.3391-54.04.00.0001 ΦΟΡΟΣ ΕΛΕΥΘΕΡ.ΕΠΑΓΓΕΛΜΑΤ (001511),,,419.48,anonymous sponsor (empty sponsorAFMName)
68ΠΤ4690Β3-32Ν,2022-01-24,ΕΝΤΑΛΜΑ ΠΛΗΡΩΜΗΣ ΚΡΑΤ.3391-54.09.14.0001 ΦΟΡΟΣ ΠΡΟΜΗΘΕΥΤΩΝ (001510),,,26729.83,anonymous sponsor (empty sponsorAFMName)
6Π5Θ4690Β3-ΣΝ4,2022-01-24,ΕΝΤΑΛΜΑ ΠΛΗΡΩΜΗΣ ΚΡΑΤ.3391-53.20.00.0001 ΕΛΛΗΝΙΚΟ ΔΗΜΟΣΙΟ (001506),,,9705.49,anonymous sponsor (empty sponsorAFMName)
6ΓΑΖ4690Β3-138,2022-01-24,ΕΝΤΑΛΜΑ ΠΛΗΡΩΜΗΣ ΚΡΑΤ.3391-53.20.00.0001 ΕΛΛΗΝΙΚΟ ΔΗΜΟΣΙΟ (001506),,,320.42,anonymous sponsor (empty sponsorAFMName)
6ΨΛΥ4690Β3-Ρ5Ν,2022-01-24,ΕΝΤΑΛΜΑ ΠΛΗΡΩΜΗΣ ΚΡΑΤ.3391-53.20.00.0001 ΕΛΛΗΝΙΚΟ ΔΗΜΟΣΙΟ (001506),,,369.51,anonymous sponsor (empty sponsorAFMName)
60Λ54690Β3-ΧΣ7,2021-12-30,ΕΝΤΑΛΜΑ ΠΛΗΡΩΜΗΣ ΔΙΚΑΙΟΥΧΟΙ ΑΜΟΙΒΩΝ (001600),,,900.00,anonymous sponsor (empty sponsorAFMName)
Ω3904690Β3-Ξ1Δ,2021-12-30,ΕΝΤΑΛΜΑ ΠΛΗΡΩΜΗΣ ΔΙΚΑΙΟΥΧΟΙ ΑΜΟΙΒΩΝ (001600),,,1040.00,anonymous sponsor (empty sponsorAFMName)
ΨΤΥΗ4690Β3-ΙΞ1,2021-12-30,ΕΝΤΑΛΜΑ ΠΛΗΡΩΜΗΣ ΔΙΚΑΙΟΥΧΟΙ ΑΜΟΙΒΩΝ (001600),,,160.00,anonymous sponsor (empty sponsorAFMName)
6ΙΕΟ4690Β3-22Υ,2021-12-30,ΕΝΤΑΛΜΑ ΠΛΗΡΩΜΗΣ ΔΙΚΑΙΟΥΧΟΙ ΑΜΟΙΒΩΝ (001600),,,820.00,anonymous sponsor (empty sponsorAFMName)
6Ω2Ο4690Β3-6ΦΩ,2021-12-30,ΕΝΤΑΛΜΑ ΠΛΗΡΩΜΗΣ ΔΙΚΑΙΟΥΧΟΙ ΑΜΟΙΒΩΝ (001600),,,20.00,anonymous sponsor (empty sponsorAFMName)
61Τ94690Β3-ΛΜΓ,2021-12-30,ΕΝΤΑΛΜΑ ΠΛΗΡΩΜΗΣ ΔΙΚΑΙΟΥΧΟΙ ΑΜΟΙΒΩΝ (001600),,,460.00,anonymous sponsor (empty sponsorAFMName)
60ΩΥ4690Β3-ΡΚΒ,2021-12-30,ΕΝΤΑΛΜΑ ΠΛΗΡΩΜΗΣ ΔΙΚΑΙΟΥΧΟΙ ΑΜΟΙΒΩΝ (001600),,,220.00,anonymous sponsor (empty sponsorAFMName)
6ΗΓΨ4690Β3-70Ψ,2021-12-30,ΕΝΤΑΛΜΑ ΠΛΗΡΩΜΗΣ ΔΙΚΑΙΟΥΧΟΙ ΑΜΟΙΒΩΝ (001600),,,160.00,anonymous sponsor (empty sponsorAFMName)
68Α94690Β3-Α01,2021-12-30,ΕΝΤΑΛΜΑ ΠΛΗΡΩΜΗΣ ΔΙΚΑΙΟΥΧΟΙ ΑΜΟΙΒΩΝ (001600),,,480.00,anonymous sponsor (empty sponsorAFMName)
6ΘΓΦ4690Β3-ΩΔΚ,2021-12-30,ΕΝΤΑΛΜΑ ΠΛΗΡΩΜΗΣ ΔΙΚΑΙΟΥΧΟΙ ΑΜΟΙΒΩΝ (001600),,,3040.00,anonymous sponsor (empty sponsorAFMName)
6ΛΟΤ4690Β3-ΚΒ6,2021-12-30,ΕΝΤΑΛΜΑ ΠΛΗΡΩΜΗΣ ΔΙΚΑΙΟΥΧΟΙ ΑΜΟΙΒΩΝ (001600),,,1820.00,anonymous sponsor (empty sponsorAFMName)
Ω3364690Β3-1ΟΧ,2021-12-30,ΕΝΤΑΛΜΑ ΠΛΗΡΩΜΗΣ ΑΠΟΖΗΜΕΙΩΣΗ ΤΕΙ-ΑΣΚΟΥΜΕΝΩΝ Ο.Α.Ε.Δ. (001607),,,558.57,anonymous sponsor (empty sponsorAFMName)
63754690Β3-ΒΥ0,2021-12-30,ΕΝΤΑΛΜΑ ΠΛΗΡΩΜΗΣ ΕΠΙΚΟΥΡΙΚΟ ΝΟΣΗΛΕΥΤΙΚΟ-ΠΑΡΑΪΑΤΡΙΚΟ ΠΡΟΣΩΠΙΚΟ (000001634),,,969.78,anonymous sponsor (empty sponsorAFMName)
Ω18Β4690Β3-1Φ7,2021-12-30,ΕΝΤΑΛΜΑ ΠΛΗΡΩΜΗΣ ΑΠΟΖΗΜΕΙΩΣΗ ΤΕΙ-ΑΣΚΟΥΜΕΝΩΝ Ο.Α.Ε.Δ. (001607),,,268.12,anonymous sponsor (empty sponsorAFMName)
Ω30Λ4690Β3-Γ8Λ,2021-12-30,ΕΝΤΑΛΜΑ ΠΛΗΡΩΜΗΣ ΕΠΙΚΟΥΡΙΚΟ ΝΟΣΗΛΕΥΤΙΚΟ-ΠΑΡΑΪΑΤΡΙΚΟ ΠΡΟΣΩΠΙΚΟ (000001634),,,3235.07,anonymous sponsor (empty sponsorAFMName)
643Χ4690Β3-1ΤΓ,2021-12-30,ΕΝΤΑΛΜΑ ΠΛΗΡΩΜΗΣ ΕΠΙΚΟΥΡΙΚΟ ΝΟΣΗΛΕΥΤΙΚΟ-ΠΑΡΑΪΑΤΡΙΚΟ ΠΡΟΣΩΠΙΚΟ (000001634),,,781.65,anonymous sponsor (empty sponsorAFMName)
ΨΓ3Μ4690Β3-3ΛΖ,2021-12-30,ΕΝΤΑΛΜΑ ΠΛΗΡΩΜΗΣ ΕΠΙΚΟΥΡΙΚΟ ΝΟΣΗΛΕΥΤΙΚΟ-ΠΑΡΑΪΑΤΡΙΚΟ ΠΡΟΣΩΠΙΚΟ (000001634),,,62311.06,anonymous sponsor (empty sponsorAFMName)
6ΘΝ04690Β3-8ΦΨ,2021-12-30,ΕΝΤΑΛΜΑ ΠΛΗΡΩΜΗΣ EΠΙΚΟΥΡΙΚΟΙ ΙΑΤΡΟΙ Ε.Σ.Υ. (000001629),,,15365.71,anonymous sponsor (empty sponsorAFMName)
ΨΧΙ44690Β3-ΗΙΥ,2021-12-30,ΕΝΤΑΛΜΑ ΠΛΗΡΩΜΗΣ ΠΡΟΣΩΠΙΚΟ ΤΡΑΠΕΖΟΚΟΜΙΑΣ Ι.Δ.Ο.Χ. (999000000),,,3440.25,anonymous sponsor (empty sponsorAFMName)
ΩΝΡΓ4690Β3-ΨΚ9,2021-12-30,ΕΝΤΑΛΜΑ ΠΛΗΡΩΜΗΣ ΕΠΟΧΙΚΟ ΠΡΟΣΩΠΙΚΟ ΚΑΘΑΡΙΟΤΗΤΑΣ (999111999),,,339.00,anonymous sponsor (empty sponsorAFMName)
9Π6Σ4690Β3-5Γ6,2021-12-30,ΕΝΤΑΛΜΑ ΠΛΗΡΩΜΗΣ ΕΠΟΧΙΚΟ ΠΡΟΣΩΠΙΚΟ ΚΑΘΑΡΙΟΤΗΤΑΣ (999111999),,,42608.31,anonymous sponsor (empty sponsorAFMName)
ΨΚΚ94690Β3-49Τ,2021-12-30,ΕΝΤΑΛΜΑ ΠΛΗΡΩΜΗΣ ΕΠΙΚΟΥΡΙΚΟ ΝΟΣΗΛΕΥΤΙΚΟ-ΠΑΡΑΪΑΤΡΙΚΟ ΠΡΟΣΩΠΙΚΟ (000001634),,,1949.90,anonymous sponsor (empty sponsorAFMName)
9ΒΒΝ4690Β3-Ν6Ω,2021-12-30,ΕΝΤΑΛΜΑ ΠΛΗΡΩΜΗΣ ΕΠΙΚΟΥΡΙΚΟ ΝΟΣΗΛΕΥΤΙΚΟ-ΠΑΡΑΪΑΤΡΙΚΟ ΠΡΟΣΩΠΙΚΟ (000001634),,,27686.42,anonymous sponsor (empty sponsorAFMName)
ΩΔΘΨ4690Β3-Χ19,2021-12-30,ΕΝΤΑΛΜΑ ΠΛΗΡΩΜΗΣ EΠΙΚΟΥΡΙΚΟΙ ΙΑΤΡΟΙ Ε.Σ.Υ. (000001629),,,466.69,anonymous sponsor (empty sponsorAFMName)
ΩΤΛ24690Β3-Ν0Τ,2021-12-30,ΕΝΤΑΛΜΑ ΠΛΗΡΩΜΗΣ EΠΙΚΟΥΡΙΚΟΙ ΙΑΤΡΟΙ Ε.Σ.Υ. (000001629),,,42430.07,anonymous sponsor (empty sponsorAFMName)
6ΑΒ54690Β3-Β59,2021-12-30,ΕΝΤΑΛΜΑ ΠΛΗΡΩΜΗΣ ΕΠΙΚΟΥΡΙΚΟ ΝΟΣΗΛΕΥΤΙΚΟ-ΠΑΡΑΪΑΤΡΙΚΟ ΠΡΟΣΩΠΙΚΟ (000001634),,,212.49,anonymous sponsor (empty sponsorAFMName)
ΩΝ5Α4690Β3-ΒΦΡ,2021-12-30,ΕΝΤΑΛΜΑ ΠΛΗΡΩΜΗΣ ΕΠΙΚΟΥΡΙΚΟ ΝΟΣΗΛΕΥΤΙΚΟ-ΠΑΡΑΪΑΤΡΙΚΟ ΠΡΟΣΩΠΙΚΟ (000001634),,,33973.25,anonymous sponsor (empty sponsorAFMName)
9ΕΡΨ4690Β3-1ΓΛ,2021-12-29,ΕΝΤΑΛΜΑ ΠΛΗΡΩΜΗΣ ΑΠΟΖΗΜΙΩΣΗ ΕΦΗΜΕΡΙΩΝ (002535),,,1009.98,anonymous sponsor (empty sponsorAFMName)
9ΕΩΗ4690Β3-61Ν,2021-12-29,ΕΝΤΑΛΜΑ ΠΛΗΡΩΜΗΣ ΑΠΟΖΗΜΙΩΣΗ ΕΦΗΜΕΡΙΩΝ (002535),,,872.96,anonymous sponsor (empty sponsorAFMName)
ΨΜΞΛ4690Β3-2Δ6,2021-12-29,ΕΝΤΑΛΜΑ ΠΛΗΡΩΜΗΣ ΑΠΟΖΗΜΙΩΣΗ ΕΦΗΜΕΡΙΩΝ (002535),,,1616.61,anonymous sponsor (empty sponsorAFMName)
ΨΓΨ94690Β3-ΚΘΥ,2021-12-29,ΕΝΤΑΛΜΑ ΠΛΗΡΩΜΗΣ ΑΠΟΖΗΜΙΩΣΗ ΕΦΗΜΕΡΙΩΝ (002535),,,2943.60,anonymous sponsor (empty sponsorAFMName)
90ΩΜ4690Β3-Β7Ζ,2021-12-29,ΕΝΤΑΛΜΑ ΠΛΗΡΩΜΗΣ ΑΠΟΖΗΜΙΩΣΗ ΕΦΗΜΕΡΙΩΝ (002535),,,23.80,anonymous sponsor (empty sponsorAFMName)
6ΧΧ64690Β3-ΚΓΜ,2021-12-29,ΕΝΤΑΛΜΑ ΠΛΗΡΩΜΗΣ ΑΠΟΖΗΜΙΩΣΗ ΕΦΗΜΕΡΙΩΝ (002535),,,13808.35,anonymous sponsor (empty sponsorAFMName)
ΨΦΘΦ4690Β3-ΣΦΣ,2021-12-29,ΕΝΤΑΛΜΑ ΠΛΗΡΩΜΗΣ ΑΠΟΖΗΜΙΩΣΗ ΕΦΗΜΕΡΙΩΝ (002535),,,503.88,anonymous sponsor (empty sponsorAFMName)
6ΓΕ64690Β3-ΦΙΡ,2021-12-29,ΕΝΤΑΛΜΑ ΠΛΗΡΩΜΗΣ ΑΠΟΖΗΜΙΩΣΗ ΕΦΗΜΕΡΙΩΝ (002535),,,888.08,anonymous sponsor (empty sponsorAFMName)
66ΓΔ4690Β3-31Λ,2021-12-29,ΕΝΤΑΛΜΑ ΠΛΗΡΩΜΗΣ ΑΠΟΖΗΜΙΩΣΗ ΕΦΗΜΕΡΙΩΝ (002535),,,1138.77,anonymous sponsor (empty sponsorAFMName)
9ΑΘΝ4690Β3-ΞΕΛ,2021-12-29,ΕΝΤΑΛΜΑ ΠΛΗΡΩΜΗΣ ΑΠΟΖΗΜΙΩΣΗ ΕΦΗΜΕΡΙΩΝ (002535),,,2307.94,anonymous sponsor (empty sponsorAFMName)
6ΠΩ84690Β3-ΤΦΗ,2021-12-29,ΕΝΤΑΛΜΑ ΠΛΗΡΩΜΗΣ ΑΠΟΖΗΜΙΩΣΗ ΕΦΗΜΕΡΙΩΝ (002535),,,10855.74,anonymous sponsor (empty sponsorAFMName)
ΨΜΕΦ4690Β3-ΩΓ9,2021-12-29,ΕΝΤΑΛΜΑ ΠΛΗΡΩΜΗΣ ΕΠΙΚΟΥΡΙΚΟ ΝΟΣΗΛΕΥΤΙΚΟ-ΠΑΡΑΪΑΤΡΙΚΟ ΠΡΟΣΩΠΙΚΟ (000001634),,,870.46,anonymous sponsor (empty sponsorAFMName)
6ΟΨΑ4690Β3-6Α0,2021-12-29,ΕΝΤΑΛΜΑ ΠΛΗΡΩΜΗΣ ΕΠΙΚΟΥΡΙΚΟ ΝΟΣΗΛΕΥΤΙΚΟ-ΠΑΡΑΪΑΤΡΙΚΟ ΠΡΟΣΩΠΙΚΟ (000001634),,,435.23,anonymous sponsor (empty sponsorAFMName)
67ΛΟ4690Β3-ΑΔ4,2021-12-29,ΕΝΤΑΛΜΑ ΠΛΗΡΩΜΗΣ ΑΠΟΖΗΜΙΩΣΗ ΓΙΑ ΝΥΧΤΕΡΙΝΑ-ΕΞΑΙΡΕΣΙΜΑ-ΥΠΕΡΩΡ.ΑΠΑΣΧΟΛΗΣΗ (001628),,,1983.22,anonymous sponsor (empty sponsorAFMName)
6Δ4Ι4690Β3-6Δ1,2021-12-29,ΕΝΤΑΛΜΑ ΠΛΗΡΩΜΗΣ ΑΠΟΖΗΜΙΩΣΗ ΓΙΑ ΝΥΧΤΕΡΙΝΑ-ΕΞΑΙΡΕΣΙΜΑ-ΥΠΕΡΩΡ.ΑΠΑΣΧΟΛΗΣΗ (001628),,,1981.13,anonymous sponsor (empty sponsorAFMName)
ΨΛΤΘ4690Β3-ΓΝΖ,2021-12-29,ΕΝΤΑΛΜΑ ΠΛΗΡΩΜΗΣ ΑΠΟΖΗΜΙΩΣΗ ΓΙΑ ΝΥΧΤΕΡΙΝΑ-ΕΞΑΙΡΕΣΙΜΑ-ΥΠΕΡΩΡ.ΑΠΑΣΧΟΛΗΣΗ (001628),,,598.08,anonymous sponsor (empty sponsorAFMName)
63ΘΣ4690Β3-1ΙΜ,2021-12-29,ΕΝΤΑΛΜΑ ΠΛΗΡΩΜΗΣ ΑΠΟΖΗΜΙΩΣΗ ΓΙΑ ΝΥΧΤΕΡΙΝΑ-ΕΞΑΙΡΕΣΙΜΑ-ΥΠΕΡΩΡ.ΑΠΑΣΧΟΛΗΣΗ (001628),,,166.10,anonymous sponsor (empty sponsorAFMName)
6ΠΥΙ4690Β3-ΤΥΙ,2021-12-29,ΕΝΤΑΛΜΑ ΠΛΗΡΩΜΗΣ ΑΠΟΖΗΜΙΩΣΗ ΓΙΑ ΝΥΧΤΕΡΙΝΑ-ΕΞΑΙΡΕΣΙΜΑ-ΥΠΕΡΩΡ.ΑΠΑΣΧΟΛΗΣΗ (001628),,,5355.04,anonymous sponsor (empty sponsorAFMName)
9Υ4Η4690Β3-7ΚΣ,2022-10-21,ΕΝΤΑΛΜΑ ΠΛΗΡΩΜΗΣ Κ. ΔΑΜΑΛΑ ΙΚΕ-ORTHOSTEP (997907432),,,6150.40,anonymous sponsor (empty sponsorAFMName)
9ΨΠΜ4690Β3-ΚΜΥ,2022-10-21,ΕΝΤΑΛΜΑ ΠΛΗΡΩΜΗΣ ΔΙΚΑΙΟΥΧΟΙ ΑΜΟΙΒΩΝ (001600),,,4810.85,anonymous sponsor (empty sponsorAFMName)
ΨΩ0Ο4690Β3-ΞΜ9,2022-10-19,ΕΝΤΑΛΜΑ ΠΛΗΡΩΜΗΣ LUNDBECK HELLAS S.A (094434000),,,553.25,anonymous sponsor (empty sponsorAFMName)
ΩΔΒ44690Β3-ΟΦΝ,2022-10-17,ΕΝΤΑΛΜΑ ΠΛΗΡΩΜΗΣ ΑΠΟΖΗΜΙΩΣΗ ΕΦΗΜΕΡΙΩΝ (002535),,,614.98,anonymous sponsor (empty sponsorAFMName)
ΩΑ0Ψ4690Β3-Η5Ω,2022-10-06,ΕΝΤΑΛΜΑ ΠΛΗΡΩΜΗΣ ΔΙΚΑΙΟΥΧΟΙ ΑΜΟΙΒΩΝ (001600),,,40.00,anonymous sponsor (empty sponsorAFMName)
Ψ10Π4690Β3-5ΦΥ,2022-10-06,ΕΝΤΑΛΜΑ ΠΛΗΡΩΜΗΣ ΔΙΚΑΙΟΥΧΟΙ ΑΜΟΙΒΩΝ (001600),,,80.00,anonymous sponsor (empty sponsorAFMName)
66ΣΘ4690Β3-ΤΜΒ,2022-10-06,ΕΝΤΑΛΜΑ ΠΛΗΡΩΜΗΣ ΔΙΚΑΙΟΥΧΟΙ ΑΜΟΙΒΩΝ (001600),,,20.00,anonymous sponsor (empty sponsorAFMName)
6ΚΑΘ4690Β3-65Ε,2022-10-06,ΕΝΤΑΛΜΑ ΠΛΗΡΩΜΗΣ ΔΙΚΑΙΟΥΧΟΙ ΑΜΟΙΒΩΝ (001600),,,20.00,anonymous sponsor (empty sponsorAFMName)
Ψ6ΜΒ4690Β3-4Α1,2022-10-06,ΕΝΤΑΛΜΑ ΠΛΗΡΩΜΗΣ ΔΙΚΑΙΟΥΧΟΙ ΑΜΟΙΒΩΝ (001600),,,140.00,anonymous sponsor (empty sponsorAFMName)
ΨΠ094690Β3-Ι9Ι,2022-10-06,ΕΝΤΑΛΜΑ ΠΛΗΡΩΜΗΣ ΔΙΚΑΙΟΥΧΟΙ ΑΜΟΙΒΩΝ (001600),,,80.00,anonymous sponsor (empty sponsorAFMName)
62ΨΝ4690Β3-Γ9Σ,2022-10-06,ΕΝΤΑΛΜΑ ΠΛΗΡΩΜΗΣ ΔΙΚΑΙΟΥΧΟΙ ΑΜΟΙΒΩΝ (001600),,,40.00,anonymous sponsor (empty sponsorAFMName)
6ΓΕΟ4690Β3-87Α,2022-10-06,ΕΝΤΑΛΜΑ ΠΛΗΡΩΜΗΣ ΔΙΚΑΙΟΥΧΟΙ ΑΜΟΙΒΩΝ (001600),,,100.00,anonymous sponsor (empty sponsorAFMName)
9ΩΦΚ4690Β3-ΒΞΖ,2022-10-06,ΕΝΤΑΛΜΑ ΠΛΗΡΩΜΗΣ ΔΙΚΑΙΟΥΧΟΙ ΑΜΟΙΒΩΝ (001600),,,60.00,anonymous sponsor (empty sponsorAFMName)
6ΥΤ84690Β3-ΡΛΖ,2022-10-06,ΕΝΤΑΛΜΑ ΠΛΗΡΩΜΗΣ ΔΙΚΑΙΟΥΧΟΙ ΑΜΟΙΒΩΝ (001600),,,40.00,anonymous sponsor (empty sponsorAFMName)
6ΧΙ04690Β3-893,2022-10-06,ΕΝΤΑΛΜΑ ΠΛΗΡΩΜΗΣ ΔΙΚΑΙΟΥΧΟΙ ΑΜΟΙΒΩΝ (001600),,,60.00,anonymous sponsor (empty sponsorAFMName)
9ΦΓΖ4690Β3-ΝΩΦ,2022-10-06,ΕΝΤΑΛΜΑ ΠΛΗΡΩΜΗΣ ΔΙΚΑΙΟΥΧΟΙ ΑΜΟΙΒΩΝ (001600),,,160.00,anonymous sponsor (empty sponsorAFMName)
9ΞΩΣ4690Β3-Θ3Κ,2022-10-06,ΕΝΤΑΛΜΑ ΠΛΗΡΩΜΗΣ ΔΙΚΑΙΟΥΧΟΙ ΑΜΟΙΒΩΝ (001600),,,60.00,anonymous sponsor (empty sponsorAFMName)
61ΨΞ4690Β3-ΒΑΣ,2022-10-06,ΕΝΤΑΛΜΑ ΠΛΗΡΩΜΗΣ ΔΙΚΑΙΟΥΧΟΙ ΑΜΟΙΒΩΝ (001600),,,20.00,anonymous sponsor (empty sponsorAFMName)
9ΑΛ44690Β3-ΣΟΚ,2022-10-06,ΕΝΤΑΛΜΑ ΠΛΗΡΩΜΗΣ ΔΙΚΑΙΟΥΧΟΙ ΑΜΟΙΒΩΝ (001600),,,40.00,anonymous sponsor (empty sponsorAFMName)
9Β4Ν4690Β3-ΚΕΛ,2022-10-06,ΕΝΤΑΛΜΑ ΠΛΗΡΩΜΗΣ ΔΙΚΑΙΟΥΧΟΙ ΑΜΟΙΒΩΝ (001600),,,160.00,anonymous sponsor (empty sponsorAFMName)
6ΖΙΤ4690Β3-6ΛΘ,2022-10-06,ΕΝΤΑΛΜΑ ΠΛΗΡΩΜΗΣ ΔΙΚΑΙΟΥΧΟΙ ΑΜΟΙΒΩΝ (001600),,,40.00,anonymous sponsor (empty sponsorAFMName)
9ΗΠΙ4690Β3-ΠΡ4,2022-10-06,ΕΝΤΑΛΜΑ ΠΛΗΡΩΜΗΣ ΔΙΚΑΙΟΥΧΟΙ ΑΜΟΙΒΩΝ (001600),,,20.00,anonymous sponsor (empty sponsorAFMName)
6Υ964690Β3-ΦΗΗ,2022-10-06,ΕΝΤΑΛΜΑ ΠΛΗΡΩΜΗΣ ΔΙΚΑΙΟΥΧΟΙ ΑΜΟΙΒΩΝ (001600),,,40.00,anonymous sponsor (empty sponsorAFMName)
98004690Β3-Ν1Ι,2022-10-06,ΕΝΤΑΛΜΑ ΠΛΗΡΩΜΗΣ ΔΙΚΑΙΟΥΧΟΙ ΑΜΟΙΒΩΝ (001600),,,160.00,anonymous sponsor (empty sponsorAFMName)
ΨΩΝΨ4690Β3-ΩΛΡ,2022-10-06,ΕΝΤΑΛΜΑ ΠΛΗΡΩΜΗΣ ΔΙΚΑΙΟΥΧΟΙ ΑΜΟΙΒΩΝ (001600),,,300.00,anonymous sponsor (empty sponsorAFMName)
9ΧΧΖ4690Β3-5Υ6,2022-10-06,ΕΝΤΑΛΜΑ ΠΛΗΡΩΜΗΣ ΔΙΚΑΙΟΥΧΟΙ ΑΜΟΙΒΩΝ (001600),,,180.00,anonymous sponsor (empty sponsorAFMName)
9Ψ0Μ4690Β3-55Β,2022-10-06,ΕΝΤΑΛΜΑ ΠΛΗΡΩΜΗΣ ΑΠΟΖΗΜΙΩΣΗ ΕΦΗΜΕΡΙΩΝ (002535),,,750.00,anonymous sponsor (empty sponsorAFMName)
9ΗΘΚ4690Β3-ΓΓΛ,2022-10-06,ΕΝΤΑΛΜΑ ΠΛΗΡΩΜΗΣ ΑΠΟΖΗΜΙΩΣΗ ΕΦΗΜΕΡΙΩΝ (002535),,,9500.00,anonymous sponsor (empty sponsorAFMName)
ΨΘΥ94690Β3-04Ι,2022-10-06,ΕΝΤΑΛΜΑ ΠΛΗΡΩΜΗΣ ΑΠΟΖΗΜΙΩΣΗ ΕΦΗΜΕΡΙΩΝ (002535),,,250.00,anonymous sponsor (empty sponsorAFMName)
6Ι6Υ4690Β3-50Γ,2022-10-06,ΕΝΤΑΛΜΑ ΠΛΗΡΩΜΗΣ ΑΠΟΖΗΜΙΩΣΗ ΕΦΗΜΕΡΙΩΝ (002535),,,6250.00,anonymous sponsor (empty sponsorAFMName)
690Ψ4690Β3-ΔΡΧ,2022-10-06,ΕΝΤΑΛΜΑ ΠΛΗΡΩΜΗΣ ΑΠΟΖΗΜΙΩΣΗ ΕΦΗΜΕΡΙΩΝ (002535),,,750.00,anonymous sponsor (empty sponsorAFMName)
Ψ5ΞΙ4690Β3-0ΔΥ,2022-10-06,ΕΝΤΑΛΜΑ ΠΛΗΡΩΜΗΣ ΑΠΟΖΗΜΙΩΣΗ ΕΦΗΜΕΡΙΩΝ (002535),,,8500.00,anonymous sponsor (empty sponsorAFMName)
ΨΗΧΘ4690Β3-Ζ3Π,2022-10-06,ΕΝΤΑΛΜΑ ΠΛΗΡΩΜΗΣ ΑΠΟΖΗΜΙΩΣΗ ΕΦΗΜΕΡΙΩΝ (002535),,,6250.00,anonymous sponsor (empty sponsorAFMName)
ΨΚΖΠ4690Β3-ΣΡ6,2022-10-06,ΕΝΤΑΛΜΑ ΠΛΗΡΩΜΗΣ ΕΠΙΣΤΡΟΦΕΣ ΛΟΙΠΩΝ ΠΕΡΙΠΤΩΣΕΩΝ (001653),,,288570.92,anonymous sponsor (empty sponsorAFMName)
6ΞΧΘ4690Β3-3ΛΚ,2022-10-03,ΕΝΤΑΛΜΑ ΠΛΗΡΩΜΗΣ ΟΔΟΙΠΟΡΙΚΑ ΕΞΟΔΑ ΠΡΟΣ. ΝΟΣ/ΜΕΙΟΥ (001626),,,18.00,anonymous sponsor (empty sponsorAFMName)
ΨΕΛ54690Β3-0ΚΜ,2022-10-03,ΕΝΤΑΛΜΑ ΠΛΗΡΩΜΗΣ ΑΠΟΖΗΜΙΩΣΗ ΓΙΑ ΝΥΧΤΕΡΙΝΑ-ΕΞΑΙΡΕΣΙΜΑ-ΥΠΕΡΩΡ.ΑΠΑΣΧΟΛΗΣΗ (001628),,,50.16,anonymous sponsor (empty sponsorAFMName)
Ψ1504690Β3-ΕΘΔ,2022-10-03,ΕΝΤΑΛΜΑ ΠΛΗΡΩΜΗΣ ΑΠΟΖΗΜΙΩΣΗ ΓΙΑ ΝΥΧΤΕΡΙΝΑ-ΕΞΑΙΡΕΣΙΜΑ-ΥΠΕΡΩΡ.ΑΠΑΣΧΟΛΗΣΗ (001628),,,2077.33,anonymous sponsor (empty sponsorAFMName)
Ω2Σ34690Β3-25Ω,2022-10-03,ΕΝΤΑΛΜΑ ΠΛΗΡΩΜΗΣ ΑΠΟΖΗΜΙΩΣΗ ΓΙΑ ΝΥΧΤΕΡΙΝΑ-ΕΞΑΙΡΕΣΙΜΑ-ΥΠΕΡΩΡ.ΑΠΑΣΧΟΛΗΣΗ (001628),,,190.52,anonymous sponsor (empty sponsorAFMName)
ΨΥ934690Β3-ΗΡΑ,2022-10-03,ΕΝΤΑΛΜΑ ΠΛΗΡΩΜΗΣ ΑΠΟΖΗΜΙΩΣΗ ΓΙΑ ΝΥΧΤΕΡΙΝΑ-ΕΞΑΙΡΕΣΙΜΑ-ΥΠΕΡΩΡ.ΑΠΑΣΧΟΛΗΣΗ (001628),,,2034.42,anonymous sponsor (empty sponsorAFMName)
Ψ7ΠΔ4690Β3-8Ι5,2022-10-03,ΕΝΤΑΛΜΑ ΠΛΗΡΩΜΗΣ ΑΠΟΖΗΜΙΩΣΗ ΓΙΑ ΝΥΧΤΕΡΙΝΑ-ΕΞΑΙΡΕΣΙΜΑ-ΥΠΕΡΩΡ.ΑΠΑΣΧΟΛΗΣΗ (001628),,,165.14,anonymous sponsor (empty sponsorAFMName)
ΩΤΒ04690Β3-ΣΥ1,2022-10-03,ΕΝΤΑΛΜΑ ΠΛΗΡΩΜΗΣ ΑΠΟΖΗΜΙΩΣΗ ΓΙΑ ΝΥΧΤΕΡΙΝΑ-ΕΞΑΙΡΕΣΙΜΑ-ΥΠΕΡΩΡ.ΑΠΑΣΧΟΛΗΣΗ (001628),,,5438.62,anonymous sponsor (empty sponsorAFMName)
ΨΦΠΟ4690Β3-ΠΓ7,2022-10-03,ΕΝΤΑΛΜΑ ΠΛΗΡΩΜΗΣ ΑΠΟΖΗΜΙΩΣΗ ΓΙΑ ΝΥΧΤΕΡΙΝΑ-ΕΞΑΙΡΕΣΙΜΑ-ΥΠΕΡΩΡ.ΑΠΑΣΧΟΛΗΣΗ (001628),,,536.99,anonymous sponsor (empty sponsorAFMName)
ΨΒΠΣ4690Β3-3Μ8,2022-10-03,ΕΝΤΑΛΜΑ ΠΛΗΡΩΜΗΣ ΑΠΟΖΗΜΙΩΣΗ ΓΙΑ ΝΥΧΤΕΡΙΝΑ-ΕΞΑΙΡΕΣΙΜΑ-ΥΠΕΡΩΡ.ΑΠΑΣΧΟΛΗΣΗ (001628),,,6524.51,anonymous sponsor (empty sponsorAFMName)
Ψ8Σ04690Β3-7ΓΚ,2022-09-30,ΕΝΤΑΛΜΑ ΠΛΗΡΩΜΗΣ ΑΠΟΖΗΜΙΩΣΗ ΓΙΑ ΝΥΧΤΕΡΙΝΑ-ΕΞΑΙΡΕΣΙΜΑ-ΥΠΕΡΩΡ.ΑΠΑΣΧΟΛΗΣΗ (001628),,,1344.51,anonymous sponsor (empty sponsorAFMName)
9ΞΖΦ4690Β3-4Χ1,2022-09-30,ΕΝΤΑΛΜΑ ΠΛΗΡΩΜΗΣ ΑΠΟΖΗΜΙΩΣΗ ΓΙΑ ΝΥΧΤΕΡΙΝΑ-ΕΞΑΙΡΕΣΙΜΑ-ΥΠΕΡΩΡ.ΑΠΑΣΧΟΛΗΣΗ (001628),,,386.12,anonymous sponsor (empty sponsorAFMName)
ΨΞΝΚ4690Β3-6ΛΑ,2022-09-30,ΕΝΤΑΛΜΑ ΠΛΗΡΩΜΗΣ ΑΠΟΖΗΜΙΩΣΗ ΓΙΑ ΝΥΧΤΕΡΙΝΑ-ΕΞΑΙΡΕΣΙΜΑ-ΥΠΕΡΩΡ.ΑΠΑΣΧΟΛΗΣΗ (001628),,,361.76,anonymous sponsor (empty sponsorAFMName)
6ΖΙ84690Β3-ΜΡΛ,2022-09-30,ΕΝΤΑΛΜΑ ΠΛΗΡΩΜΗΣ ΑΠΟΖΗΜΙΩΣΗ ΓΙΑ ΝΥΧΤΕΡΙΝΑ-ΕΞΑΙΡΕΣΙΜΑ-ΥΠΕΡΩΡ.ΑΠΑΣΧΟΛΗΣΗ (001628),,,5694.58,anonymous sponsor (empty sponsorAFMName)
ΨΑΛΗ4690Β3-Π6Ψ,2022-09-30,ΕΝΤΑΛΜΑ ΠΛΗΡΩΜΗΣ ΑΠΟΖΗΜΙΩΣΗ ΓΙΑ ΝΥΧΤΕΡΙΝΑ-ΕΞΑΙΡΕΣΙΜΑ-ΥΠΕΡΩΡ.ΑΠΑΣΧΟΛΗΣΗ (001628),,,1120.23,anonymous sponsor (empty sponsorAFMName)
6ΥΘΗ4690Β3-ΙΦ0,2022-09-30,ΕΝΤΑΛΜΑ ΠΛΗΡΩΜΗΣ ΑΠΟΖΗΜΙΩΣΗ ΓΙΑ ΝΥΧΤΕΡΙΝΑ-ΕΞΑΙΡΕΣΙΜΑ-ΥΠΕΡΩΡ.ΑΠΑΣΧΟΛΗΣΗ (001628),,,489.19,anonymous sponsor (empty sponsorAFMName)
60Π64690Β3-ΠΟ7,2022-09-30,ΕΝΤΑΛΜΑ ΠΛΗΡΩΜΗΣ ΑΠΟΖΗΜΙΩΣΗ ΓΙΑ ΝΥΧΤΕΡΙΝΑ-ΕΞΑΙΡΕΣΙΜΑ-ΥΠΕΡΩΡ.ΑΠΑΣΧΟΛΗΣΗ (001628),,,828.37,anonymous sponsor (empty sponsorAFMName)
60ΟΒ4690Β3-2Γ3,2022-09-30,ΕΝΤΑΛΜΑ ΠΛΗΡΩΜΗΣ ΑΠΟΖΗΜΙΩΣΗ ΓΙΑ ΝΥΧΤΕΡΙΝΑ-ΕΞΑΙΡΕΣΙΜΑ-ΥΠΕΡΩΡ.ΑΠΑΣΧΟΛΗΣΗ (001628),,,611.96,anonymous sponsor (empty sponsorAFMName)
6ΥΕΘ4690Β3-Π34,2022-09-30,ΕΝΤΑΛΜΑ ΠΛΗΡΩΜΗΣ ΑΠΟΖΗΜΙΩΣΗ ΓΙΑ ΝΥΧΤΕΡΙΝΑ-ΕΞΑΙΡΕΣΙΜΑ-ΥΠΕΡΩΡ.ΑΠΑΣΧΟΛΗΣΗ (001628),,,1250.77,anonymous sponsor (empty sponsorAFMName)
ΩΣΔ94690Β3-8ΦΔ,2022-09-30,ΕΝΤΑΛΜΑ ΠΛΗΡΩΜΗΣ ΑΠΟΖΗΜΙΩΣΗ ΓΙΑ ΝΥΧΤΕΡΙΝΑ-ΕΞΑΙΡΕΣΙΜΑ-ΥΠΕΡΩΡ.ΑΠΑΣΧΟΛΗΣΗ (001628),,,444.72,anonymous sponsor (empty sponsorAFMName)
6Β9Σ4690Β3-ΙΟΑ,2022-09-30,ΕΝΤΑΛΜΑ ΠΛΗΡΩΜΗΣ ΑΠΟΖΗΜΙΩΣΗ ΓΙΑ ΝΥΧΤΕΡΙΝΑ-ΕΞΑΙΡΕΣΙΜΑ-ΥΠΕΡΩΡ.ΑΠΑΣΧΟΛΗΣΗ (001628),,,3105.08,anonymous sponsor (empty sponsorAFMName)
6ΣΜ44690Β3-Τ55,2022-09-30,ΕΝΤΑΛΜΑ ΠΛΗΡΩΜΗΣ ΑΠΟΖΗΜΙΩΣΗ ΓΙΑ ΝΥΧΤΕΡΙΝΑ-ΕΞΑΙΡΕΣΙΜΑ-ΥΠΕΡΩΡ.ΑΠΑΣΧΟΛΗΣΗ (001628),,,292.70,anonymous sponsor (empty sponsorAFMName)
9Λ3Θ4690Β3-ΜΗΜ,2022-09-30,ΕΝΤΑΛΜΑ ΠΛΗΡΩΜΗΣ ΑΠΟΖΗΜΙΩΣΗ ΓΙΑ ΝΥΧΤΕΡΙΝΑ-ΕΞΑΙΡΕΣΙΜΑ-ΥΠΕΡΩΡ.ΑΠΑΣΧΟΛΗΣΗ (001628),,,1513.99,anonymous sponsor (empty sponsorAFMName)
658Ο4690Β3-6Γ4,2022-09-30,ΕΝΤΑΛΜΑ ΠΛΗΡΩΜΗΣ ΑΠΟΖΗΜΙΩΣΗ ΓΙΑ ΝΥΧΤΕΡΙΝΑ-ΕΞΑΙΡΕΣΙΜΑ-ΥΠΕΡΩΡ.ΑΠΑΣΧΟΛΗΣΗ (001628),,,7439.15,anonymous sponsor (empty sponsorAFMName)
6Π4Π4690Β3-Ξ9Τ,2022-09-30,ΕΝΤΑΛΜΑ ΠΛΗΡΩΜΗΣ ΑΠΟΖΗΜΙΩΣΗ ΓΙΑ ΝΥΧΤΕΡΙΝΑ-ΕΞΑΙΡΕΣΙΜΑ-ΥΠΕΡΩΡ.ΑΠΑΣΧΟΛΗΣΗ (001628),,,7680.11,anonymous sponsor (empty sponsorAFMName)
9ΗΦΔ4690Β3-316,2022-09-30,ΕΝΤΑΛΜΑ ΠΛΗΡΩΜΗΣ ΑΠΟΖΗΜΙΩΣΗ ΓΙΑ ΝΥΧΤΕΡΙΝΑ-ΕΞΑΙΡΕΣΙΜΑ-ΥΠΕΡΩΡ.ΑΠΑΣΧΟΛΗΣΗ (001628),,,1161.20,anonymous sponsor (empty sponsorAFMName)
Ψ90Α4690Β3-6Β4,2022-09-30,ΕΝΤΑΛΜΑ ΠΛΗΡΩΜΗΣ ΑΠΟΖΗΜΙΩΣΗ ΕΦΗΜΕΡΙΩΝ (002535),,,879.24,anonymous sponsor (empty sponsorAFMName)
9ΡΠΠ4690Β3-ΒΦ0,2022-09-30,ΕΝΤΑΛΜΑ ΠΛΗΡΩΜΗΣ ΑΠΟΖΗΜΙΩΣΗ ΕΦΗΜΕΡΙΩΝ (002535),,,4851.24,anonymous sponsor (empty sponsorAFMName)
6ΑΠ24690Β3-Ε57,2022-09-30,ΕΝΤΑΛΜΑ ΠΛΗΡΩΜΗΣ ΑΠΟΖΗΜΙΩΣΗ ΕΦΗΜΕΡΙΩΝ (002535),,,1285.06,anonymous sponsor (empty sponsorAFMName)
6ΟΝΓ4690Β3-4ΩΑ,2022-09-30,ΕΝΤΑΛΜΑ ΠΛΗΡΩΜΗΣ ΑΠΟΖΗΜΙΩΣΗ ΕΦΗΜΕΡΙΩΝ (002535),,,926.17,anonymous sponsor (empty sponsorAFMName)
6Χ574690Β3-Κ7Υ,2022-09-30,ΕΝΤΑΛΜΑ ΠΛΗΡΩΜΗΣ ΑΠΟΖΗΜΙΩΣΗ ΕΦΗΜΕΡΙΩΝ (002535),,,21200.65,anonymous sponsor (empty sponsorAFMName)
ΨΗΕΜ4690Β3-04Τ,2022-09-30,ΕΝΤΑΛΜΑ ΠΛΗΡΩΜΗΣ ΑΠΟΖΗΜΙΩΣΗ ΕΦΗΜΕΡΙΩΝ (002535),,,20795.38,anonymous sponsor (empty sponsorAFMName)
9ΞΦΨ4690Β3-6ΒΨ,2022-09-30,ΕΝΤΑΛΜΑ ΠΛΗΡΩΜΗΣ ΑΠΟΖΗΜΙΩΣΗ ΕΦΗΜΕΡΙΩΝ (002535),,,81672.59,anonymous sponsor (empty sponsorAFMName)
6ΖΧ34690Β3-ΑΞ8,2022-09-30,ΕΝΤΑΛΜΑ ΠΛΗΡΩΜΗΣ ΑΠΟΖΗΜΙΩΣΗ ΓΙΑ ΝΥΧΤΕΡΙΝΑ-ΕΞΑΙΡΕΣΙΜΑ-ΥΠΕΡΩΡ.ΑΠΑΣΧΟΛΗΣΗ (001628),,,1821.23,anonymous sponsor (empty sponsorAFMName)
9ΒΞΒ4690Β3-Κ6Ζ,2022-09-29,ΕΝΤΑΛΜΑ ΠΛΗΡΩΜΗΣ ΔΙΚΑΙΟΥΧΟΙ ΑΜΟΙΒΩΝ (001600),,,771.00,anonymous sponsor (empty sponsorAFMName)
6ΧΠΩ4690Β3-ΜΩΚ,2022-09-29,ΕΝΤΑΛΜΑ ΠΛΗΡΩΜΗΣ ΙΩΑΝΝΟΥ Γ. - ΚΩΣΤΗΣ Γ. Ο.Ε. ΝΑΡΘΗΚΑΣ (800415385),,,345.78,anonymous sponsor (empty sponsorAFMName)
ΨΧ0Τ4690Β3-ΒΧ2,2022-09-29,ΕΝΤΑΛΜΑ ΠΛΗΡΩΜΗΣ ΔΙΚΑΙΟΥΧΟΙ ΑΜΟΙΒΩΝ (001600),,,1000.00,anonymous sponsor (empty sponsorAFMName)
66ΜΔ4690Β3-Χ6Ξ,2022-09-29,ΕΝΤΑΛΜΑ ΠΛΗΡΩΜΗΣ ΟΔΟΙΠΟΡΙΚΑ ΕΞΟΔΑ ΠΡΟΣ. ΝΟΣ/ΜΕΙΟΥ (001626),,,409.44,anonymous sponsor (empty sponsorAFMName)
9ΚΣ74690Β3-ΜΣ7,2022-09-28,ΕΝΤΑΛΜΑ ΠΛΗΡΩΜΗΣ ΑΠΟΖΗΜΕΙΩΣΗ ΤΕΙ-ΑΣΚΟΥΜΕΝΩΝ Ο.Α.Ε.Δ. (001607),,,16.54,anonymous sponsor (empty sponsorAFMName)
9ΩΔΩ4690Β3-8ΛΓ,2022-09-28,ΕΝΤΑΛΜΑ ΠΛΗΡΩΜΗΣ ΑΠΟΖΗΜΕΙΩΣΗ ΤΕΙ-ΑΣΚΟΥΜΕΝΩΝ Ο.Α.Ε.Δ. (001607),,,296.66,anonymous sponsor (empty sponsorAFMName)
ΨΘ644690Β3-ΗΡΛ,2022-09-28,ΕΝΤΑΛΜΑ ΠΛΗΡΩΜΗΣ ΠΡΟΣΩΠΙΚΟ ΤΡΑΠΕΖΟΚΟΜΙΑΣ Ι.Δ.Ο.Χ. (999000000),,,2297.38,anonymous sponsor (empty sponsorAFMName)
6ΧΤ34690Β3-Τ77,2022-09-28,ΕΝΤΑΛΜΑ ΠΛΗΡΩΜΗΣ ΕΠΟΧΙΚΟ ΠΡΟΣΩΠΙΚΟ ΚΑΘΑΡΙΟΤΗΤΑΣ (999111999),,,37721.36,anonymous sponsor (empty sponsorAFMName)
ΩΑΛΗ4690Β3-Θ09,2022-09-28,ΕΝΤΑΛΜΑ ΠΛΗΡΩΜΗΣ ΑΠΟΖΗΜΕΙΩΣΗ ΤΕΙ-ΑΣΚΟΥΜΕΝΩΝ Ο.Α.Ε.Δ. (001607),,,744.76,anonymous sponsor (empty sponsorAFMName)
ΨΟ9Π4690Β3-ΥΕΑ,2022-09-28,ΕΝΤΑΛΜΑ ΠΛΗΡΩΜΗΣ ΕΠΙΚΟΥΡΙΚΟ ΝΟΣΗΛΕΥΤΙΚΟ-ΠΑΡΑΪΑΤΡΙΚΟ ΠΡΟΣΩΠΙΚΟ (000001634),,,27651.20,anonymous sponsor (empty sponsorAFMName)
9Ε9Α4690Β3-459,2022-09-28,ΕΝΤΑΛΜΑ ΠΛΗΡΩΜΗΣ EΠΙΚΟΥΡΙΚΟΙ ΙΑΤΡΟΙ Ε.Σ.Υ. (000001629),,,481.75,anonymous sponsor (empty sponsorAFMName)
ΨΠΒΔ4690Β3-ΔΡΠ,2022-09-28,ΕΝΤΑΛΜΑ ΠΛΗΡΩΜΗΣ EΠΙΚΟΥΡΙΚΟΙ ΙΑΤΡΟΙ Ε.Σ.Υ. (000001629),,,49738.72,anonymous sponsor (empty sponsorAFMName)
Ω8ΥΘ4690Β3-Λ5Ξ,2022-09-28,ΕΝΤΑΛΜΑ ΠΛΗΡΩΜΗΣ EΠΙΚΟΥΡΙΚΟΙ ΙΑΤΡΟΙ Ε.Σ.Υ. (000001629),,,3356.68,anonymous sponsor (empty sponsorAFMName)
ΨΣΑΟ4690Β3-2ΛΞ,2022-09-28,ΕΝΤΑΛΜΑ ΠΛΗΡΩΜΗΣ EΠΙΚΟΥΡΙΚΟΙ ΙΑΤΡΟΙ Ε.Σ.Υ. (000001629),,,12771.54,anonymous sponsor (empty sponsorAFMName)
ΨΒΦΩ4690Β3-ΧΘΤ,2022-09-28,ΕΝΤΑΛΜΑ ΠΛΗΡΩΜΗΣ ΕΠΙΚΟΥΡΙΚΟ ΝΟΣΗΛΕΥΤΙΚΟ-ΠΑΡΑΪΑΤΡΙΚΟ ΠΡΟΣΩΠΙΚΟ (000001634),,,2250.49,anonymous sponsor (empty sponsorAFMName)
6ΥΗΦ4690Β3-Α1Γ,2022-09-28,ΕΝΤΑΛΜΑ ΠΛΗΡΩΜΗΣ ΕΠΙΚΟΥΡΙΚΟ ΝΟΣΗΛΕΥΤΙΚΟ-ΠΑΡΑΪΑΤΡΙΚΟ ΠΡΟΣΩΠΙΚΟ (000001634),,,932.55,anonymous sponsor (empty sponsorAFMName)
ΨΕ4Υ4690Β3-0ΕΒ,2022-09-28,ΕΝΤΑΛΜΑ ΠΛΗΡΩΜΗΣ ΕΠΙΚΟΥΡΙΚΟ ΝΟΣΗΛΕΥΤΙΚΟ-ΠΑΡΑΪΑΤΡΙΚΟ ΠΡΟΣΩΠΙΚΟ (000001634),,,1541.08,anonymous sponsor (empty sponsorAFMName)
ΩΜ8Γ4690Β3-2ΛΡ,2022-09-28,ΕΝΤΑΛΜΑ ΠΛΗΡΩΜΗΣ ΕΠΙΚΟΥΡΙΚΟ ΝΟΣΗΛΕΥΤΙΚΟ-ΠΑΡΑΪΑΤΡΙΚΟ ΠΡΟΣΩΠΙΚΟ (000001634),,,83799.66,anonymous sponsor (empty sponsorAFMName)
ΨΑΑ84690Β3-ΛΒΚ,2022-09-28,ΕΝΤΑΛΜΑ ΠΛΗΡΩΜΗΣ ΕΠΙΚΟΥΡΙΚΟ ΝΟΣΗΛΕΥΤΙΚΟ-ΠΑΡΑΪΑΤΡΙΚΟ ΠΡΟΣΩΠΙΚΟ (000001634),,,85.40,anonymous sponsor (empty sponsorAFMName)
6ΘΜΝ4690Β3-Ο6Υ,2022-09-28,ΕΝΤΑΛΜΑ ΠΛΗΡΩΜΗΣ ΕΠΙΚΟΥΡΙΚΟ ΝΟΣΗΛΕΥΤΙΚΟ-ΠΑΡΑΪΑΤΡΙΚΟ ΠΡΟΣΩΠΙΚΟ (000001634),,,33717.91,anonymous sponsor (empty sponsorAFMName)
6ΧΚ24690Β3-Θ0Ζ,2022-09-28,ΕΝΤΑΛΜΑ ΠΛΗΡΩΜΗΣ ΚΟΙΝΟΧΡΗΣΤΑ (001648),,,208.32,anonymous sponsor (empty sponsorAFMName)
6ΥΓ64690Β3-8Ε3,2022-09-27,ΕΝΤΑΛΜΑ ΠΛΗΡΩΜΗΣ Γ.Ν.ΝΟΣΗΜΑΤΩΝ ΘΩΡΑΚΟΣ ΑΘΗΝ. Η ΣΩΤΗΡΙΑ (999332720),,,540.50,anonymous sponsor (empty sponsorAFMName)
6ΨΦΞ4690Β3-ΓΒ0,2022-09-26,ΕΝΤΑΛΜΑ ΠΛΗΡΩΜΗΣ ΚΡΑΤ.3391-54.04.02.0001 Χ/ΜΑ και ΟΓΑ Χ/ΜΩΝ (001514),,,0.94,anonymous sponsor (empty sponsorAFMName)
Ψ8Β84690Β3-ΝΩΩ,2022-09-26,ΕΝΤΑΛΜΑ ΠΛΗΡΩΜΗΣ ΚΡΑΤ.3391-53.20.00.0001 ΕΛΛΗΝΙΚΟ ΔΗΜΟΣΙΟ (001506),,,536.20,anonymous sponsor (empty sponsorAFMName)
6ΨΠ24690Β3-Ω3Η,2022-09-26,ΕΝΤΑΛΜΑ ΠΛΗΡΩΜΗΣ ΚΡΑΤ.3391-53.20.00.0001 ΕΛΛΗΝΙΚΟ ΔΗΜΟΣΙΟ (001506),,,26.85,anonymous sponsor (empty sponsorAFMName)
ΩΣΣΛ4690Β3-3Θ0,2022-09-26,ΕΝΤΑΛΜΑ ΠΛΗΡΩΜΗΣ ΚΡΑΤ.3391-54.04.02.0001 Χ/ΜΑ και ΟΓΑ Χ/ΜΩΝ (001514),,,4112.54,anonymous sponsor (empty sponsorAFMName)
6ΛΑΜ4690Β3-9Η7,2022-09-26,ΕΝΤΑΛΜΑ ΠΛΗΡΩΜΗΣ ΚΡΑΤ.3391-54.04.02.0001 Χ/ΜΑ και ΟΓΑ Χ/ΜΩΝ (001514),,,19.30,anonymous sponsor (empty sponsorAFMName)
6ΨΖ04690Β3-ΤΤΒ,2022-09-26,ΕΝΤΑΛΜΑ ΠΛΗΡΩΜΗΣ ΚΡΑΤ.3391-54.04.00.0001 ΦΟΡΟΣ ΕΛΕΥΘΕΡ.ΕΠΑΓΓΕΛΜΑΤ (),,,17135.59,anonymous sponsor (empty sponsorAFMName)
ΨΙΙΛ4690Β3-578,2022-09-26,ΕΝΤΑΛΜΑ ΠΛΗΡΩΜΗΣ ΚΡΑΤ.3391-54.09.14.0001 ΦΟΡΟΣ ΠΡΟΜΗΘΕΥΤΩΝ (001510),,,20531.15,anonymous sponsor (empty sponsorAFMName)
60894690Β3-2Ο8,2022-09-26,ΕΝΤΑΛΜΑ ΠΛΗΡΩΜΗΣ ΚΡΑΤ.3391-53.20.00.0001 ΕΛΛΗΝΙΚΟ ΔΗΜΟΣΙΟ (001506),,,7753.08,anonymous sponsor (empty sponsorAFMName)
ΨΗΧ84690Β3-ΡΟΕ,2022-09-26,ΕΝΤΑΛΜΑ ΠΛΗΡΩΜΗΣ ΚΡΑΤ.3391-53.20.00.0001 ΕΛΛΗΝΙΚΟ ΔΗΜΟΣΙΟ (001506),,,8.10,anonymous sponsor (empty sponsorAFMName)
64Γ14690Β3-Π2Θ,2022-09-26,ΕΝΤΑΛΜΑ ΠΛΗΡΩΜΗΣ ΚΡΑΤ.3391-53.20.00.0001 ΕΛΛΗΝΙΚΟ ΔΗΜΟΣΙΟ (001506),,,286.50,anonymous sponsor (empty sponsorAFMName)
ΨΓΟΦ4690Β3-ΧΝΙ,2022-09-26,ΕΝΤΑΛΜΑ ΠΛΗΡΩΜΗΣ ΚΡΑΤ.3391-53.20.00.0001 ΕΛΛΗΝΙΚΟ ΔΗΜΟΣΙΟ (001506),,,265.45,anonymous sponsor (empty sponsorAFMName)
6ΣΙ64690Β3-ΙΛ7,2022-09-26,ΕΝΤΑΛΜΑ ΠΛΗΡΩΜΗΣ ΚΡΑΤ.3391-54.03.00.0001 Φ.Μ.Υ. (001512),,,82.69,anonymous sponsor (empty sponsorAFMName)
6ΠΗ94690Β3-ΚΓ8,2022-09-26,ΕΝΤΑΛΜΑ ΠΛΗΡΩΜΗΣ ΕΙΣΦΟΡΕΣ ΑΠΑΣΧ/ΝΩΝ ΟΑΕΔ ΜΕΣΩ ΠΡΟΓ. ΚΟΙΝΩΦ. ΧΑΡΑΚΤΗΡΑ (),,,2139.97,anonymous sponsor (empty sponsorAFMName)
ΨΓΚΩ4690Β3-ΨΙΚ,2022-09-26,ΕΝΤΑΛΜΑ ΠΛΗΡΩΜΗΣ ΕΙΣΦΟΡΕΣ ΑΠΑΣΧ/ΝΩΝ ΟΑΕΔ ΜΕΣΩ ΠΡΟΓ. ΚΟΙΝΩΦ. ΧΑΡΑΚΤΗΡΑ (),,,5038.42,anonymous sponsor (empty sponsorAFMName)
6ΣΑΕ4690Β3-ΤΔΥ,2022-09-26,ΕΝΤΑΛΜΑ ΠΛΗΡΩΜΗΣ ΚΡΑΤ.3391-54.03.00.0001 Φ.Μ.Υ. (001512),,,231.18,anonymous sponsor (empty sponsorAFMName)
ΩΔ544690Β3-664,2022-09-26,ΕΝΤΑΛΜΑ ΠΛΗΡΩΜΗΣ ΕΚΤΟΣ ΕΔΡΑΣ ΠΡΟΣ/ΚΟΥ ΝΟΣΟΚΟΜΕΙΟΥ (001601),,,20.00,anonymous sponsor (empty sponsorAFMName)
ΨΔΔΓ4690Β3-0ΗΙ,2022-09-21,ΕΝΤΑΛΜΑ ΠΛΗΡΩΜΗΣ ΕΚΤΟΣ ΕΔΡΑΣ ΠΡΟΣ/ΚΟΥ ΝΟΣΟΚΟΜΕΙΟΥ (001601),,,40.60,anonymous sponsor (empty sponsorAFMName)
6Γ7Π4690Β3-ΨΡ8,2022-09-21,ΕΝΤΑΛΜΑ ΠΛΗΡΩΜΗΣ ΟΔΟΙΠΟΡΙΚΑ ΕΞΟΔΑ ΠΡΟΣ. ΝΟΣ/ΜΕΙΟΥ (001626),,,195.00,anonymous sponsor (empty sponsorAFMName)
6ΑΛ84690Β3-Η36,2022-09-21,ΕΝΤΑΛΜΑ ΠΛΗΡΩΜΗΣ ΟΔΟΙΠΟΡΙΚΑ ΕΞΟΔΑ ΠΡΟΣ. ΝΟΣ/ΜΕΙΟΥ (001626),,,84.30,anonymous sponsor (empty sponsorAFMName)
6Υ314690Β3-Λ3Ν,2022-09-21,ΕΝΤΑΛΜΑ ΠΛΗΡΩΜΗΣ ΟΔΟΙΠΟΡΙΚΑ ΕΞΟΔΑ ΠΡΟΣ. ΝΟΣ/ΜΕΙΟΥ (001626),,,18.00,anonymous sponsor (empty sponsorAFMName)
Ω3284690Β3-ΒΦΥ,2022-09-21,ΕΝΤΑΛΜΑ ΠΛΗΡΩΜΗΣ ΟΔΟΙΠΟΡΙΚΑ ΕΞΟΔΑ ΠΡΟΣ. ΝΟΣ/ΜΕΙΟΥ (001626),,,35.80,anonymous sponsor (empty sponsorAFMName)
6ΠΜ24690Β3-5ΓΟ,2022-09-21,ΕΝΤΑΛΜΑ ΠΛΗΡΩΜΗΣ ΟΔΟΙΠΟΡΙΚΑ ΕΞΟΔΑ ΠΡΟΣ. ΝΟΣ/ΜΕΙΟΥ (001626),,,20.30,anonymous sponsor (empty sponsorAFMName)
6ΙΓ44690Β3-310,2022-09-21,ΕΝΤΑΛΜΑ ΠΛΗΡΩΜΗΣ ΚΟΙΝΟΧΡΗΣΤΑ (001648),,,463.81,anonymous sponsor (empty sponsorAFMName)
Ψ4ΤΤ4690Β3-5ΔΞ,2022-09-20,ΕΝΤΑΛΜΑ ΠΛΗΡΩΜΗΣ ΔΑΠΕΡΓΟΛΑΣ Γ. ΚΩΝΣΤΑΝΤΙΝΟΣ- ΑΝΔΡΟΝΙΚΟΣ (129585310),,,892.80,anonymous sponsor (empty sponsorAFMName)
6ΓΧΦ4690Β3-Ρ1Υ,2022-09-19,ΕΝΤΑΛΜΑ ΠΛΗΡΩΜΗΣ LUNDBECK HELLAS S.A (094434000),,,484.17,anonymous sponsor (empty sponsorAFMName)
65ΤΔ4690Β3-ΥΧΕ,2022-09-19,ΕΝΤΑΛΜΑ ΠΛΗΡΩΜΗΣ ΕΝΟΡΑΣΙΣ ΑΕ (094503580),,,6334.12,anonymous sponsor (empty sponsorAFMName)
ΨΣΩΡ4690Β3-ΧΣ1,2022-09-02,ΕΝΤΑΛΜΑ ΠΛΗΡΩΜΗΣ ΟΔΟΙΠΟΡΙΚΑ ΕΞΟΔΑ ΠΡΟΣ. ΝΟΣ/ΜΕΙΟΥ (001626),,,46.80,anonymous sponsor (empty sponsorAFMName)
99Υ14690Β3-ΟΞΡ,2022-09-02,ΕΝΤΑΛΜΑ ΠΛΗΡΩΜΗΣ ΕΚΤΟΣ ΕΔΡΑΣ ΠΡΟΣ/ΚΟΥ ΝΟΣΟΚΟΜΕΙΟΥ (001601),,,25.60,anonymous sponsor (empty sponsorAFMName)
ΨΘΣ94690Β3-6Ν5,2022-09-02,ΕΝΤΑΛΜΑ ΠΛΗΡΩΜΗΣ ΟΔΟΙΠΟΡΙΚΑ ΕΞΟΔΑ ΠΡΟΣ. ΝΟΣ/ΜΕΙΟΥ (001626),,,33.10,anonymous sponsor (empty sponsorAFMName)
99Χ74690Β3-84Α,2022-09-02,ΕΝΤΑΛΜΑ ΠΛΗΡΩΜΗΣ ΔΙΚΑΙΟΥΧΟΙ ΑΜΟΙΒΩΝ (001600),,,771.00,anonymous sponsor (empty sponsorAFMName)
9ΟΨ24690Β3-4ΝΟ,2022-09-02,ΕΝΤΑΛΜΑ ΠΛΗΡΩΜΗΣ ΑΠΟΖΗΜΙΩΣΗ ΓΙΑ ΝΥΧΤΕΡΙΝΑ-ΕΞΑΙΡΕΣΙΜΑ-ΥΠΕΡΩΡ.ΑΠΑΣΧΟΛΗΣΗ (001628),,,5990.72,anonymous sponsor (empty sponsorAFMName)
96ΥΠ4690Β3-ΟΡ3,2022-09-02,ΕΝΤΑΛΜΑ ΠΛΗΡΩΜΗΣ ΑΠΟΖΗΜΙΩΣΗ ΓΙΑ ΝΥΧΤΕΡΙΝΑ-ΕΞΑΙΡΕΣΙΜΑ-ΥΠΕΡΩΡ.ΑΠΑΣΧΟΛΗΣΗ (001628),,,910.45,anonymous sponsor (empty sponsorAFMName)
ΨΥΕ44690Β3-2Θ8,2022-09-02,ΕΝΤΑΛΜΑ ΠΛΗΡΩΜΗΣ ΑΠΟΖΗΜΙΩΣΗ ΓΙΑ ΝΥΧΤΕΡΙΝΑ-ΕΞΑΙΡΕΣΙΜΑ-ΥΠΕΡΩΡ.ΑΠΑΣΧΟΛΗΣΗ (001628),,,5291.35,anonymous sponsor (empty sponsorAFMName)
6ΘΝΑ4690Β3-Λ84,2022-09-02,ΕΝΤΑΛΜΑ ΠΛΗΡΩΜΗΣ ΑΠΟΖΗΜΙΩΣΗ ΓΙΑ ΝΥΧΤΕΡΙΝΑ-ΕΞΑΙΡΕΣΙΜΑ-ΥΠΕΡΩΡ.ΑΠΑΣΧΟΛΗΣΗ (001628),,,100.32,anonymous sponsor (empty sponsorAFMName)
Ψ8ΞΥ4690Β3-5ΧΘ,2022-09-02,ΕΝΤΑΛΜΑ ΠΛΗΡΩΜΗΣ ΑΠΟΖΗΜΙΩΣΗ ΓΙΑ ΝΥΧΤΕΡΙΝΑ-ΕΞΑΙΡΕΣΙΜΑ-ΥΠΕΡΩΡ.ΑΠΑΣΧΟΛΗΣΗ (001628),,,1871.26,anonymous sponsor (empty sponsorAFMName)
6Κ174690Β3-Ψ50,2022-09-02,ΕΝΤΑΛΜΑ ΠΛΗΡΩΜΗΣ ΑΠΟΖΗΜΙΩΣΗ ΓΙΑ ΝΥΧΤΕΡΙΝΑ-ΕΞΑΙΡΕΣΙΜΑ-ΥΠΕΡΩΡ.ΑΠΑΣΧΟΛΗΣΗ (001628),,,108.29,anonymous sponsor (empty sponsorAFMName)
6ΝΜΩ4690Β3-ΝΡ7,2022-09-02,ΕΝΤΑΛΜΑ ΠΛΗΡΩΜΗΣ ΑΠΟΖΗΜΙΩΣΗ ΓΙΑ ΝΥΧΤΕΡΙΝΑ-ΕΞΑΙΡΕΣΙΜΑ-ΥΠΕΡΩΡ.ΑΠΑΣΧΟΛΗΣΗ (001628),,,2089.93,anonymous sponsor (empty sponsorAFMName)
9ΨΗΔ4690Β3-Μ3Η,2022-09-02,ΕΝΤΑΛΜΑ ΠΛΗΡΩΜΗΣ ΑΠΟΖΗΜΙΩΣΗ ΓΙΑ ΝΥΧΤΕΡΙΝΑ-ΕΞΑΙΡΕΣΙΜΑ-ΥΠΕΡΩΡ.ΑΠΑΣΧΟΛΗΣΗ (001628),,,1438.12,anonymous sponsor (empty sponsorAFMName)
ΨΝΩΧ4690Β3-6Ρ8,2022-09-02,ΕΝΤΑΛΜΑ ΠΛΗΡΩΜΗΣ ΑΠΟΖΗΜΙΩΣΗ ΓΙΑ ΝΥΧΤΕΡΙΝΑ-ΕΞΑΙΡΕΣΙΜΑ-ΥΠΕΡΩΡ.ΑΠΑΣΧΟΛΗΣΗ (001628),,,380.37,anonymous sponsor (empty sponsorAFMName)
6Ζ9Π4690Β3-2ΨΚ,2022-09-02,ΕΝΤΑΛΜΑ ΠΛΗΡΩΜΗΣ ΑΠΟΖΗΜΙΩΣΗ ΓΙΑ ΝΥΧΤΕΡΙΝΑ-ΕΞΑΙΡΕΣΙΜΑ-ΥΠΕΡΩΡ.ΑΠΑΣΧΟΛΗΣΗ (001628),,,409.87,anonymous sponsor (empty sponsorAFMName)
6Η5Ε4690Β3-93Μ,2022-09-02,ΕΝΤΑΛΜΑ ΠΛΗΡΩΜΗΣ ΑΠΟΖΗΜΙΩΣΗ ΓΙΑ ΝΥΧΤΕΡΙΝΑ-ΕΞΑΙΡΕΣΙΜΑ-ΥΠΕΡΩΡ.ΑΠΑΣΧΟΛΗΣΗ (001628),,,5252.96,anonymous sponsor (empty sponsorAFMName)
ΨΣΣ64690Β3-ΞΦΒ,2022-09-02,ΕΝΤΑΛΜΑ ΠΛΗΡΩΜΗΣ ΑΠΟΖΗΜΙΩΣΗ ΓΙΑ ΝΥΧΤΕΡΙΝΑ-ΕΞΑΙΡΕΣΙΜΑ-ΥΠΕΡΩΡ.ΑΠΑΣΧΟΛΗΣΗ (001628),,,1399.78,anonymous sponsor (empty sponsorAFMName)
6ΨΩΘ4690Β3-Ρ7Κ,2022-09-02,ΕΝΤΑΛΜΑ ΠΛΗΡΩΜΗΣ ΑΠΟΖΗΜΙΩΣΗ ΓΙΑ ΝΥΧΤΕΡΙΝΑ-ΕΞΑΙΡΕΣΙΜΑ-ΥΠΕΡΩΡ.ΑΠΑΣΧΟΛΗΣΗ (001628),,,43.40,anonymous sponsor (empty sponsorAFMName)
6ΠΨΙ4690Β3-5ΑΤ,2022-09-02,ΕΝΤΑΛΜΑ ΠΛΗΡΩΜΗΣ ΑΠΟΖΗΜΙΩΣΗ ΓΙΑ ΝΥΧΤΕΡΙΝΑ-ΕΞΑΙΡΕΣΙΜΑ-ΥΠΕΡΩΡ.ΑΠΑΣΧΟΛΗΣΗ (001628),,,445.46,anonymous sponsor (empty sponsorAFMName)
ΨΟΤΛ4690Β3-ΣΘΡ,2022-09-02,ΕΝΤΑΛΜΑ ΠΛΗΡΩΜΗΣ ΑΠΟΖΗΜΙΩΣΗ ΓΙΑ ΝΥΧΤΕΡΙΝΑ-ΕΞΑΙΡΕΣΙΜΑ-ΥΠΕΡΩΡ.ΑΠΑΣΧΟΛΗΣΗ (001628),,,577.82,anonymous sponsor (empty sponsorAFMName)
9Ο4Κ4690Β3-Υ4Λ,2022-09-02,ΕΝΤΑΛΜΑ ΠΛΗΡΩΜΗΣ ΑΠΟΖΗΜΙΩΣΗ ΓΙΑ ΝΥΧΤΕΡΙΝΑ-ΕΞΑΙΡΕΣΙΜΑ-ΥΠΕΡΩΡ.ΑΠΑΣΧΟΛΗΣΗ (001628),,,515.92,anonymous sponsor (empty sponsorAFMName)
Ψ89Η4690Β3-ΙΙΣ,2022-09-02,ΕΝΤΑΛΜΑ ΠΛΗΡΩΜΗΣ ΑΠΟΖΗΜΙΩΣΗ ΓΙΑ ΝΥΧΤΕΡΙΝΑ-ΕΞΑΙΡΕΣΙΜΑ-ΥΠΕΡΩΡ.ΑΠΑΣΧΟΛΗΣΗ (001628),,,888.34,anonymous sponsor (empty sponsorAFMName)
ΨΥ2Ξ4690Β3-0ΥΤ,2022-09-02,ΕΝΤΑΛΜΑ ΠΛΗΡΩΜΗΣ ΑΠΟΖΗΜΙΩΣΗ ΓΙΑ ΝΥΧΤΕΡΙΝΑ-ΕΞΑΙΡΕΣΙΜΑ-ΥΠΕΡΩΡ.ΑΠΑΣΧΟΛΗΣΗ (001628),,,380.38,anonymous sponsor (empty sponsorAFMName)
9ΛΖΨ4690Β3-ΣΙΧ,2022-09-02,ΕΝΤΑΛΜΑ ΠΛΗΡΩΜΗΣ ΑΠΟΖΗΜΙΩΣΗ ΓΙΑ ΝΥΧΤΕΡΙΝΑ-ΕΞΑΙΡΕΣΙΜΑ-ΥΠΕΡΩΡ.ΑΠΑΣΧΟΛΗΣΗ (001628),,,245.27,anonymous sponsor (empty sponsorAFMName)
67894690Β3-Υ7Θ,2022-09-02,ΕΝΤΑΛΜΑ ΠΛΗΡΩΜΗΣ ΑΠΟΖΗΜΙΩΣΗ ΓΙΑ ΝΥΧΤΕΡΙΝΑ-ΕΞΑΙΡΕΣΙΜΑ-ΥΠΕΡΩΡ.ΑΠΑΣΧΟΛΗΣΗ (001628),,,2994.87,anonymous sponsor (empty sponsorAFMName)
961Κ4690Β3-649,2022-09-02,ΕΝΤΑΛΜΑ ΠΛΗΡΩΜΗΣ ΑΠΟΖΗΜΙΩΣΗ ΓΙΑ ΝΥΧΤΕΡΙΝΑ-ΕΞΑΙΡΕΣΙΜΑ-ΥΠΕΡΩΡ.ΑΠΑΣΧΟΛΗΣΗ (001628),,,1467.43,anonymous sponsor (empty sponsorAFMName)
Ψ91Φ4690Β3-294,2022-09-02,ΕΝΤΑΛΜΑ ΠΛΗΡΩΜΗΣ ΑΠΟΖΗΜΙΩΣΗ ΓΙΑ ΝΥΧΤΕΡΙΝΑ-ΕΞΑΙΡΕΣΙΜΑ-ΥΠΕΡΩΡ.ΑΠΑΣΧΟΛΗΣΗ (001628),,,7472.83,anonymous sponsor (empty sponsorAFMName)
6ΧΓ24690Β3-ΤΙΠ,2022-09-02,ΕΝΤΑΛΜΑ ΠΛΗΡΩΜΗΣ ΑΠΟΖΗΜΙΩΣΗ ΓΙΑ ΝΥΧΤΕΡΙΝΑ-ΕΞΑΙΡΕΣΙΜΑ-ΥΠΕΡΩΡ.ΑΠΑΣΧΟΛΗΣΗ (001628),,,8020.99,anonymous sponsor (empty sponsorAFMName)
9Ω034690Β3-3ΔΑ,2022-09-02,ΕΝΤΑΛΜΑ ΠΛΗΡΩΜΗΣ ΑΠΟΖΗΜΙΩΣΗ ΓΙΑ ΝΥΧΤΕΡΙΝΑ-ΕΞΑΙΡΕΣΙΜΑ-ΥΠΕΡΩΡ.ΑΠΑΣΧΟΛΗΣΗ (001628),,,1325.86,anonymous sponsor (empty sponsorAFMName)
6ΜΝ54690Β3-9ΩΜ,2022-09-02,ΕΝΤΑΛΜΑ ΠΛΗΡΩΜΗΣ ΑΠΟΖΗΜΙΩΣΗ ΓΙΑ ΝΥΧΤΕΡΙΝΑ-ΕΞΑΙΡΕΣΙΜΑ-ΥΠΕΡΩΡ.ΑΠΑΣΧΟΛΗΣΗ (001628),,,2349.25,anonymous sponsor (empty sponsorAFMName)
Ω25Σ4690Β3-Ψ2Κ,2022-09-01,ΕΝΤΑΛΜΑ ΠΛΗΡΩΜΗΣ ΑΠΟΖΗΜΙΩΣΗ ΕΦΗΜΕΡΙΩΝ (002535),,,4939.20,anonymous sponsor (empty sponsorAFMName)
ΨΡΚΘ4690Β3-ΒΔΔ,2022-09-01,ΕΝΤΑΛΜΑ ΠΛΗΡΩΜΗΣ ΑΠΟΖΗΜΙΩΣΗ ΕΦΗΜΕΡΙΩΝ (002535),,,1437.32,anonymous sponsor (empty sponsorAFMName)
6ΤΒΓ4690Β3-Χ1Ζ,2022-09-01,ΕΝΤΑΛΜΑ ΠΛΗΡΩΜΗΣ ΑΠΟΖΗΜΙΩΣΗ ΕΦΗΜΕΡΙΩΝ (002535),,,226.64,anonymous sponsor (empty sponsorAFMName)
ΨΨ9Ξ4690Β3-3ΓΔ,2022-09-01,ΕΝΤΑΛΜΑ ΠΛΗΡΩΜΗΣ ΑΠΟΖΗΜΙΩΣΗ ΕΦΗΜΕΡΙΩΝ (002535),,,19833.72,anonymous sponsor (empty sponsorAFMName)
6ΛΜΠ4690Β3-991,2022-09-01,ΕΝΤΑΛΜΑ ΠΛΗΡΩΜΗΣ ΑΠΟΖΗΜΙΩΣΗ ΕΦΗΜΕΡΙΩΝ (002535),,,80159.36,anonymous sponsor (empty sponsorAFMName)
ΨΛ5Υ4690Β3-4ΤΕ,2022-09-01,ΕΝΤΑΛΜΑ ΠΛΗΡΩΜΗΣ ΑΠΟΖΗΜΙΩΣΗ ΕΦΗΜΕΡΙΩΝ (002535),,,20289.66,anonymous sponsor (empty sponsorAFMName)
ΨΛΦΜ4690Β3-Ι6Σ,2022-09-01,ΕΝΤΑΛΜΑ ΠΛΗΡΩΜΗΣ ΕΝΟΡΑΣΙΣ ΑΕ (094503580),,,535.68,anonymous sponsor (empty sponsorAFMName)
6ΓΧΘ4690Β3-0Ω7,2022-08-31,ΕΝΤΑΛΜΑ ΠΛΗΡΩΜΗΣ ΕΠΙΚΟΥΡΙΚΟ ΝΟΣΗΛΕΥΤΙΚΟ-ΠΑΡΑΪΑΤΡΙΚΟ ΠΡΟΣΩΠΙΚΟ (000001634),,,82719.48,anonymous sponsor (empty sponsorAFMName)
61ΜΟ4690Β3-Δ1Δ,2022-08-31,ΕΝΤΑΛΜΑ ΠΛΗΡΩΜΗΣ ΕΠΙΚΟΥΡΙΚΟ ΝΟΣΗΛΕΥΤΙΚΟ-ΠΑΡΑΪΑΤΡΙΚΟ ΠΡΟΣΩΠΙΚΟ (000001634),,,858.17,anonymous sponsor (empty sponsorAFMName)
9Υ744690Β3-Ξ47,2022-08-31,ΕΝΤΑΛΜΑ ΠΛΗΡΩΜΗΣ ΕΠΙΚΟΥΡΙΚΟ ΝΟΣΗΛΕΥΤΙΚΟ-ΠΑΡΑΪΑΤΡΙΚΟ ΠΡΟΣΩΠΙΚΟ (000001634),,,1693.59,anonymous sponsor (empty sponsorAFMName)
Ψ5ΔΗ4690Β3-ΠΣ4,2022-08-31,ΕΝΤΑΛΜΑ ΠΛΗΡΩΜΗΣ EΠΙΚΟΥΡΙΚΟΙ ΙΑΤΡΟΙ Ε.Σ.Υ. (000001629),,,12871.54,anonymous sponsor (empty sponsorAFMName)
6ΨΣ34690Β3-ΑΒΜ,2022-08-31,ΕΝΤΑΛΜΑ ΠΛΗΡΩΜΗΣ ΕΠΙΚΟΥΡΙΚΟ ΝΟΣΗΛΕΥΤΙΚΟ-ΠΑΡΑΪΑΤΡΙΚΟ ΠΡΟΣΩΠΙΚΟ (000001634),,,3378.78,anonymous sponsor (empty sponsorAFMName)
9Ο6Β4690Β3-Β57,2022-08-31,ΕΝΤΑΛΜΑ ΠΛΗΡΩΜΗΣ ΠΡΟΣΩΠΙΚΟ ΤΡΑΠΕΖΟΚΟΜΙΑΣ Ι.Δ.Ο.Χ. (999000000),,,2328.55,anonymous sponsor (empty sponsorAFMName)
ΨΖ6Π4690Β3-3Θ6,2022-08-31,ΕΝΤΑΛΜΑ ΠΛΗΡΩΜΗΣ ΕΠΟΧΙΚΟ ΠΡΟΣΩΠΙΚΟ ΚΑΘΑΡΙΟΤΗΤΑΣ (999111999),,,38404.48,anonymous sponsor (empty sponsorAFMName)
ΨΛ3Γ4690Β3-ΟΣΜ,2022-08-31,ΕΝΤΑΛΜΑ ΠΛΗΡΩΜΗΣ ΑΠΟΖΗΜΕΙΩΣΗ ΤΕΙ-ΑΣΚΟΥΜΕΝΩΝ Ο.Α.Ε.Δ. (001607),,,744.76,anonymous sponsor (empty sponsorAFMName)
ΩΧ5Μ4690Β3-00Ξ,2022-08-31,ΕΝΤΑΛΜΑ ΠΛΗΡΩΜΗΣ ΕΠΙΚΟΥΡΙΚΟ ΝΟΣΗΛΕΥΤΙΚΟ-ΠΑΡΑΪΑΤΡΙΚΟ ΠΡΟΣΩΠΙΚΟ (000001634),,,27492.48,anonymous sponsor (empty sponsorAFMName)
6ΒΟΝ4690Β3-ΦΥ4,2022-08-31,ΕΝΤΑΛΜΑ ΠΛΗΡΩΜΗΣ EΠΙΚΟΥΡΙΚΟΙ ΙΑΤΡΟΙ Ε.Σ.Υ. (000001629),,,50440.56,anonymous sponsor (empty sponsorAFMName)
ΨΥΡΜ4690Β3-07Σ,2022-08-31,ΕΝΤΑΛΜΑ ΠΛΗΡΩΜΗΣ EΠΙΚΟΥΡΙΚΟΙ ΙΑΤΡΟΙ Ε.Σ.Υ. (000001629),,,1670.60,anonymous sponsor (empty sponsorAFMName)
ΨΤΟΦ4690Β3-ΠΗΧ,2022-08-31,ΕΝΤΑΛΜΑ ΠΛΗΡΩΜΗΣ ΕΠΙΚΟΥΡΙΚΟ ΝΟΣΗΛΕΥΤΙΚΟ-ΠΑΡΑΪΑΤΡΙΚΟ ΠΡΟΣΩΠΙΚΟ (000001634),,,34217.91,anonymous sponsor (empty sponsorAFMName)
6ΚΛΥ4690Β3-ΣΧΤ,2022-08-31,ΕΝΤΑΛΜΑ ΠΛΗΡΩΜΗΣ ΚΡΑΤ.3391-53.20.00.0001 ΕΛΛΗΝΙΚΟ ΔΗΜΟΣΙΟ (001506),,,126397.60,anonymous sponsor (empty sponsorAFMName)
6ΤΨ74690Β3-4Μ4,2022-08-26,ΕΝΤΑΛΜΑ ΠΛΗΡΩΜΗΣ ΚΡΑΤ.3391-54.04.02.0001 Χ/ΜΑ και ΟΓΑ Χ/ΜΩΝ (001514),,,0.51,anonymous sponsor (empty sponsorAFMName)
Ω2ΚΡ4690Β3-Π9Α,2022-08-26,ΕΝΤΑΛΜΑ ΠΛΗΡΩΜΗΣ ΚΡΑΤ.3391-53.20.00.0001 ΕΛΛΗΝΙΚΟ ΔΗΜΟΣΙΟ (001506),,,299.45,anonymous sponsor (empty sponsorAFMName)
6ΦΘΒ4690Β3-ΜΔΛ,2022-08-26,ΕΝΤΑΛΜΑ ΠΛΗΡΩΜΗΣ ΚΡΑΤ.3391-53.20.00.0001 ΕΛΛΗΝΙΚΟ ΔΗΜΟΣΙΟ (001506),,,14.99,anonymous sponsor (empty sponsorAFMName)
99854690Β3-Ε6Υ,2022-08-26,ΕΝΤΑΛΜΑ ΠΛΗΡΩΜΗΣ ΚΡΑΤ.3391-54.04.02.0001 Χ/ΜΑ και ΟΓΑ Χ/ΜΩΝ (001514),,,97.73,anonymous sponsor (empty sponsorAFMName)
6Μ0Α4690Β3-ΛΧΕ,2022-08-26,ΕΝΤΑΛΜΑ ΠΛΗΡΩΜΗΣ ΚΡΑΤ.3391-54.04.02.0001 Χ/ΜΑ και ΟΓΑ Χ/ΜΩΝ (001514),,,30.83,anonymous sponsor (empty sponsorAFMName)
6ΝΡΑ4690Β3-Τ5Λ,2022-08-26,ΕΝΤΑΛΜΑ ΠΛΗΡΩΜΗΣ ΚΡΑΤ.3391-54.09.14.0001 ΦΟΡΟΣ ΠΡΟΜΗΘΕΥΤΩΝ (001510),,,31854.41,anonymous sponsor (empty sponsorAFMName)
ΨΛ5Μ4690Β3-ΥΗΙ,2022-08-26,ΕΝΤΑΛΜΑ ΠΛΗΡΩΜΗΣ ΚΡΑΤ.3391-53.20.00.0001 ΕΛΛΗΝΙΚΟ ΔΗΜΟΣΙΟ (001506),,,13027.52,anonymous sponsor (empty sponsorAFMName)
6ΔΣΖ4690Β3-ΧΧ4,2022-08-26,ΕΝΤΑΛΜΑ ΠΛΗΡΩΜΗΣ ΚΡΑΤ.3391-53.20.00.0001 ΕΛΛΗΝΙΚΟ ΔΗΜΟΣΙΟ (001506),,,466.32,anonymous sponsor (empty sponsorAFMName)
6Η4Ν4690Β3-3ΦΟ,2022-08-26,ΕΝΤΑΛΜΑ ΠΛΗΡΩΜΗΣ ΚΡΑΤ.3391-53.20.00.0001 ΕΛΛΗΝΙΚΟ ΔΗΜΟΣΙΟ (001506),,,2.66,anonymous sponsor (empty sponsorAFMName)
92ΣΒ4690Β3-ΖΛ2,2022-08-26,ΕΝΤΑΛΜΑ ΠΛΗΡΩΜΗΣ ΚΡΑΤ.3391-53.20.00.0001 ΕΛΛΗΝΙΚΟ ΔΗΜΟΣΙΟ (001506),,,409.04,anonymous sponsor (empty sponsorAFMName)
ΩΥΑΣ4690Β3-ΛΘΣ,2022-08-26,ΕΝΤΑΛΜΑ ΠΛΗΡΩΜΗΣ ΚΡΑΤ.3391-54.04.00.0001 ΦΟΡΟΣ ΕΛΕΥΘΕΡ.ΕΠΑΓΓΕΛΜΑΤ (),,,583.96,anonymous sponsor (empty sponsorAFMName)
6Σ4Ψ4690Β3-ΟΤ2,2022-08-26,ΕΝΤΑΛΜΑ ΠΛΗΡΩΜΗΣ ΕΙΣΦΟΡΕΣ ΑΠΑΣΧ/ΝΩΝ ΟΑΕΔ ΜΕΣΩ ΠΡΟΓ. ΚΟΙΝΩΦ. ΧΑΡΑΚΤΗΡΑ (),,,1691.03,anonymous sponsor (empty sponsorAFMName)
Ω2Σ34690Β3-3ΑΙ,2022-08-26,ΕΝΤΑΛΜΑ ΠΛΗΡΩΜΗΣ ΚΡΑΤ.3391-54.03.00.0001 Φ.Μ.Υ. (001512),,,65.77,anonymous sponsor (empty sponsorAFMName)
ΨΔΛΛ4690Β3-Δ0Σ,2022-08-26,ΕΝΤΑΛΜΑ ΠΛΗΡΩΜΗΣ ΕΙΣΦΟΡΕΣ ΑΠΑΣΧ/ΝΩΝ ΟΑΕΔ ΜΕΣΩ ΠΡΟΓ. ΚΟΙΝΩΦ. ΧΑΡΑΚΤΗΡΑ (),,,5271.87,anonymous sponsor (empty sponsorAFMName)
ΨΛΗ14690Β3-ΛΑ0,2022-08-26,ΕΝΤΑΛΜΑ ΠΛΗΡΩΜΗΣ ΚΡΑΤ.3391-54.03.00.0001 Φ.Μ.Υ. (001512),,,221.17,anonymous sponsor (empty sponsorAFMName)
97ΙΘ4690Β3-ΨΥΕ,2022-08-17,"ΕΚΔΟΣΗ ΧΡΗΜΑΤΙΚΟΥ ΕΝΤΑΛΜΑΤΟΣ ΠΛΗΡΩΜΗΣ ΠΟΣΟΥ 60,00€ ΣΕ ΒΑΡΟΣ ΤΩΝ ΚΑΕ 0711α01, 0721α01 του Π/Υ ΕΞΟΔΩΝ του Γ.Ν. ΚΕΡΚΥΡΑΣ ΓΙΑ ΚΑΤΑΒΟΛΗ ΟΔΟΙΠΟΡΙΚΩΝ ΕΞΟΔΩΝ & ΗΜΕΡΗΣΙΑΣ ΕΚΤΟΣ ΕΔΡΑΣ ΑΠΟΖΗΜΙΩΣΗΣ ΥΠΑΛΛΗΛΟΥ ΓΙΑ ΕΚΤΕΛΕΣΗ ΥΠΗΡΕΣΙΑΣ",,,,no sponsor block
6Μ1Μ4690Β3-Ν7Γ,2022-08-17,"ΕΚΔΟΣΗ ΧΡΗΜΑΤΙΚΟΥ ΕΝΤΑΛΜΑΤΟΣ ΠΛΗΡΩΜΗΣ ΠΟΣΟΥ 60,00€ ΣΕ ΒΑΡΟΣ ΤΩΝ ΚΑΕ 0711α01, 0721α01 του Π/Υ ΕΞΟΔΩΝ του Γ.Ν. ΚΕΡΚΥΡΑΣ ΓΙΑ ΚΑΤΑΒΟΛΗ ΟΔΟΙΠΟΡΙΚΩΝ ΕΞΟΔΩΝ & ΗΜΕΡΗΣΙΑΣ ΕΚΤΟΣ ΕΔΡΑΣ ΑΠΟΖΗΜΙΩΣΗΣ ΥΠΑΛΛΗΛΟΥ ΓΙΑ ΕΚΤΕΛΕΣΗ ΥΠΗΡΕΣΙΑΣ",,,,no sponsor block
Ρ3104690Β3-7Λ0,2022-08-17,"ΕΚΔΟΣΗ ΧΡΗΜΑΤΙΚΟΥ ΕΝΤΑΛΜΑΤΟΣ ΠΛΗΡΩΜΗΣ ΠΟΣΟΥ 60,00€ ΣΕ ΒΑΡΟΣ ΤΩΝ ΚΑΕ 0711α01, 0721α01 του Π/Υ ΕΞΟΔΩΝ του Γ.Ν. ΚΕΡΚΥΡΑΣ ΓΙΑ ΚΑΤΑΒΟΛΗ ΟΔΟΙΠΟΡΙΚΩΝ ΕΞΟΔΩΝ & ΗΜΕΡΗΣΙΑΣ ΕΚΤΟΣ ΕΔΡΑΣ ΑΠΟΖΗΜΙΩΣΗΣ ΥΠΑΛΛΗΛΟΥ ΓΙΑ ΕΚΤΕΛΕΣΗ ΥΠΗΡΕΣΙΑΣ",,,,no sponsor block
ΨΖ6Χ4690Β3-Δ47,2022-08-17,"ΧΡΗΜΑΤΙΚΟ ΕΝΤΑΛΜΑ ΠΛΗΡΩΜΗΣ ΠΟΣΟΥ 694,36€ ΣΕ ΒΑΡΟΣ ΤΩΝ ΚΑΕ 0711α01, 0721α01, του Π/Υ ΕΞΟΔΩΝ του Γ.Ν. ΚΕΡΚΥΡΑΣ ΓΙΑ ΠΛΗΡΩΜΗ ΔΑΠΑΝΗΣ ΟΔΟΙΠΟΡΙΚΩΝ ΕΞΟΔΩΝ & ΗΜΕΡΗΣΙΑΣ ΑΠΟΖΗΜΙΩΣΗΣ ΜΕΤΑΚΙΝΗΣΕΩΣ ΕΚΤΟΣ ΕΔΡΑΣ ΥΠΑΛΛΗΛΟΥ ΓΙΑ ΕΚΤΕΛΕΣΗ ΥΠΗΡΕΣΙΑΣ",,,,no sponsor block
Ω8ΘΡ4690Β3-3ΤΒ,2022-08-03,ΕΝΤΑΛΜΑ ΠΛΗΡΩΜΗΣ ΔΙΚΑΙΟΥΧΟΙ ΑΜΟΙΒΩΝ (001600),,,771.00,anonymous sponsor (empty sponsorAFMName)
942Γ4690Β3-6Τ2,2022-08-02,ΕΝΤΑΛΜΑ ΠΛΗΡΩΜΗΣ ΟΔΟΙΠΟΡΙΚΑ ΕΞΟΔΑ ΠΡΟΣ. ΝΟΣ/ΜΕΙΟΥ (001626),,,67.90,anonymous sponsor (empty sponsorAFMName)
ΨΚΠ54690Β3-8ΧΡ,2022-08-02,ΕΝΤΑΛΜΑ ΠΛΗΡΩΜΗΣ ΟΔΟΙΠΟΡΙΚΑ ΕΞΟΔΑ ΠΡΟΣ. ΝΟΣ/ΜΕΙΟΥ (001626),,,504.14,anonymous sponsor (empty sponsorAFMName)
6ΒΚΚ4690Β3-96Μ,2022-08-02,ΕΝΤΑΛΜΑ ΠΛΗΡΩΜΗΣ ΔΙΚΑΙΟΥΧΟΙ ΑΜΟΙΒΩΝ (001600),,,20.00,anonymous sponsor (empty sponsorAFMName)
9Ξ8Θ4690Β3-34Ξ,2022-08-01,ΕΝΤΑΛΜΑ ΠΛΗΡΩΜΗΣ ΑΠΟΖΗΜΙΩΣΗ ΓΙΑ ΝΥΧΤΕΡΙΝΑ-ΕΞΑΙΡΕΣΙΜΑ-ΥΠΕΡΩΡ.ΑΠΑΣΧΟΛΗΣΗ (001628),,,83.60,anonymous sponsor (empty sponsorAFMName)
9ΧΧΦ4690Β3-ΑΒΑ,2022-08-01,ΕΝΤΑΛΜΑ ΠΛΗΡΩΜΗΣ ΑΠΟΖΗΜΙΩΣΗ ΓΙΑ ΝΥΧΤΕΡΙΝΑ-ΕΞΑΙΡΕΣΙΜΑ-ΥΠΕΡΩΡ.ΑΠΑΣΧΟΛΗΣΗ (001628),,,1947.34,anonymous sponsor (empty sponsorAFMName)
ΩΣΡΓ4690Β3-ΝΥΟ,2022-08-01,ΕΝΤΑΛΜΑ ΠΛΗΡΩΜΗΣ ΑΠΟΖΗΜΙΩΣΗ ΓΙΑ ΝΥΧΤΕΡΙΝΑ-ΕΞΑΙΡΕΣΙΜΑ-ΥΠΕΡΩΡ.ΑΠΑΣΧΟΛΗΣΗ (001628),,,118.16,anonymous sponsor (empty sponsorAFMName)
Ω2Κ24690Β3-ΕΓ7,2022-08-01,ΕΝΤΑΛΜΑ ΠΛΗΡΩΜΗΣ ΑΠΟΖΗΜΙΩΣΗ ΓΙΑ ΝΥΧΤΕΡΙΝΑ-ΕΞΑΙΡΕΣΙΜΑ-ΥΠΕΡΩΡ.ΑΠΑΣΧΟΛΗΣΗ (001628),,,1935.96,anonymous sponsor (empty sponsorAFMName)
9Ι7Υ4690Β3-Χ2Θ,2022-08-01,ΕΝΤΑΛΜΑ ΠΛΗΡΩΜΗΣ ΑΠΟΖΗΜΙΩΣΗ ΓΙΑ ΝΥΧΤΕΡΙΝΑ-ΕΞΑΙΡΕΣΙΜΑ-ΥΠΕΡΩΡ.ΑΠΑΣΧΟΛΗΣΗ (001628),,,884.26,anonymous sponsor (empty sponsorAFMName)
Ω80Κ4690Β3-ΔΨΤ,2022-08-01,ΕΝΤΑΛΜΑ ΠΛΗΡΩΜΗΣ ΑΠΟΖΗΜΙΩΣΗ ΓΙΑ ΝΥΧΤΕΡΙΝΑ-ΕΞΑΙΡΕΣΙΜΑ-ΥΠΕΡΩΡ.ΑΠΑΣΧΟΛΗΣΗ (001628),,,25.76,anonymous sponsor (empty sponsorAFMName)
ΨΓΟΒ4690Β3-ΡΙΕ,2022-08-01,ΕΝΤΑΛΜΑ ΠΛΗΡΩΜΗΣ ΑΠΟΖΗΜΙΩΣΗ ΓΙΑ ΝΥΧΤΕΡΙΝΑ-ΕΞΑΙΡΕΣΙΜΑ-ΥΠΕΡΩΡ.ΑΠΑΣΧΟΛΗΣΗ (001628),,,4500.66,anonymous sponsor (empty sponsorAFMName)
9Σ004690Β3-ΖΩ8,2022-08-01,ΕΝΤΑΛΜΑ ΠΛΗΡΩΜΗΣ ΑΠΟΖΗΜΙΩΣΗ ΓΙΑ ΝΥΧΤΕΡΙΝΑ-ΕΞΑΙΡΕΣΙΜΑ-ΥΠΕΡΩΡ.ΑΠΑΣΧΟΛΗΣΗ (001628),,,1724.20,anonymous sponsor (empty sponsorAFMName)
ΨΕΗΡ4690Β3-ΝΜΦ,2022-08-01,ΕΝΤΑΛΜΑ ΠΛΗΡΩΜΗΣ ΑΠΟΖΗΜΙΩΣΗ ΓΙΑ ΝΥΧΤΕΡΙΝΑ-ΕΞΑΙΡΕΣΙΜΑ-ΥΠΕΡΩΡ.ΑΠΑΣΧΟΛΗΣΗ (001628),,,5515.45,anonymous sponsor (empty sponsorAFMName)
Ψ64Α4690Β3-9ΗΘ,2022-08-01,ΕΝΤΑΛΜΑ ΠΛΗΡΩΜΗΣ ΑΠΟΖΗΜΙΩΣΗ ΓΙΑ ΝΥΧΤΕΡΙΝΑ-ΕΞΑΙΡΕΣΙΜΑ-ΥΠΕΡΩΡ.ΑΠΑΣΧΟΛΗΣΗ (001628),,,1299.90,anonymous sponsor (empty sponsorAFMName)
91ΣΛ4690Β3-ΕΩ2,2022-08-01,ΕΝΤΑΛΜΑ ΠΛΗΡΩΜΗΣ ΑΠΟΖΗΜΙΩΣΗ ΓΙΑ ΝΥΧΤΕΡΙΝΑ-ΕΞΑΙΡΕΣΙΜΑ-ΥΠΕΡΩΡ.ΑΠΑΣΧΟΛΗΣΗ (001628),,,386.96,anonymous sponsor (empty sponsorAFMName)
ΩΔ174690Β3-ΡΥΦ,2022-08-01,ΕΝΤΑΛΜΑ ΠΛΗΡΩΜΗΣ ΑΠΟΖΗΜΙΩΣΗ ΓΙΑ ΝΥΧΤΕΡΙΝΑ-ΕΞΑΙΡΕΣΙΜΑ-ΥΠΕΡΩΡ.ΑΠΑΣΧΟΛΗΣΗ (001628),,,363.04,anonymous sponsor (empty sponsorAFMName)
ΨΑΤΩ4690Β3-ΑΚΡ,2022-08-01,ΕΝΤΑΛΜΑ ΠΛΗΡΩΜΗΣ ΑΠΟΖΗΜΙΩΣΗ ΓΙΑ ΝΥΧΤΕΡΙΝΑ-ΕΞΑΙΡΕΣΙΜΑ-ΥΠΕΡΩΡ.ΑΠΑΣΧΟΛΗΣΗ (001628),,,5137.75,anonymous sponsor (empty sponsorAFMName)
6Α1Ι4690Β3-ΩΓΡ,2022-08-01,ΕΝΤΑΛΜΑ ΠΛΗΡΩΜΗΣ ΑΠΟΖΗΜΙΩΣΗ ΓΙΑ ΝΥΧΤΕΡΙΝΑ-ΕΞΑΙΡΕΣΙΜΑ-ΥΠΕΡΩΡ.ΑΠΑΣΧΟΛΗΣΗ (001628),,,1410.05,anonymous sponsor (empty sponsorAFMName)
66ΗΒ4690Β3-2ΒΚ,2022-08-01,ΕΝΤΑΛΜΑ ΠΛΗΡΩΜΗΣ ΑΠΟΖΗΜΙΩΣΗ ΓΙΑ ΝΥΧΤΕΡΙΝΑ-ΕΞΑΙΡΕΣΙΜΑ-ΥΠΕΡΩΡ.ΑΠΑΣΧΟΛΗΣΗ (001628),,,418.94,anonymous sponsor (empty sponsorAFMName)
901Ι4690Β3-ΜΤ7,2022-08-01,ΕΝΤΑΛΜΑ ΠΛΗΡΩΜΗΣ ΑΠΟΖΗΜΙΩΣΗ ΓΙΑ ΝΥΧΤΕΡΙΝΑ-ΕΞΑΙΡΕΣΙΜΑ-ΥΠΕΡΩΡ.ΑΠΑΣΧΟΛΗΣΗ (001628),,,688.54,anonymous sponsor (empty sponsorAFMName)
6ΦΕΖ4690Β3-69Θ,2022-08-01,ΕΝΤΑΛΜΑ ΠΛΗΡΩΜΗΣ ΑΠΟΖΗΜΙΩΣΗ ΓΙΑ ΝΥΧΤΕΡΙΝΑ-ΕΞΑΙΡΕΣΙΜΑ-ΥΠΕΡΩΡ.ΑΠΑΣΧΟΛΗΣΗ (001628),,,505.94,anonymous sponsor (empty sponsorAFMName)
6Δ6Ψ4690Β3-8ΕΠ,2022-08-01,ΕΝΤΑΛΜΑ ΠΛΗΡΩΜΗΣ ΑΠΟΖΗΜΙΩΣΗ ΓΙΑ ΝΥΧΤΕΡΙΝΑ-ΕΞΑΙΡΕΣΙΜΑ-ΥΠΕΡΩΡ.ΑΠΑΣΧΟΛΗΣΗ (001628),,,1037.25,anonymous sponsor (empty sponsorAFMName)
6Ξ7Α4690Β3-Χ2Ε,2022-08-01,ΕΝΤΑΛΜΑ ΠΛΗΡΩΜΗΣ ΑΠΟΖΗΜΙΩΣΗ ΓΙΑ ΝΥΧΤΕΡΙΝΑ-ΕΞΑΙΡΕΣΙΜΑ-ΥΠΕΡΩΡ.ΑΠΑΣΧΟΛΗΣΗ (001628),,,472.86,anonymous sponsor (empty sponsorAFMName)
ΩΖ2Ω4690Β3-597,2022-08-01,ΕΝΤΑΛΜΑ ΠΛΗΡΩΜΗΣ ΑΠΟΖΗΜΙΩΣΗ ΓΙΑ ΝΥΧΤΕΡΙΝΑ-ΕΞΑΙΡΕΣΙΜΑ-ΥΠΕΡΩΡ.ΑΠΑΣΧΟΛΗΣΗ (001628),,,258.72,anonymous sponsor (empty sponsorAFMName)
ΨΝΨΜ4690Β3-ΦΒ0,2022-08-01,ΕΝΤΑΛΜΑ ΠΛΗΡΩΜΗΣ ΑΠΟΖΗΜΙΩΣΗ ΓΙΑ ΝΥΧΤΕΡΙΝΑ-ΕΞΑΙΡΕΣΙΜΑ-ΥΠΕΡΩΡ.ΑΠΑΣΧΟΛΗΣΗ (001628),,,1674.58,anonymous sponsor (empty sponsorAFMName)
6ΙΘΛ4690Β3-Θ1Η,2022-08-01,ΕΝΤΑΛΜΑ ΠΛΗΡΩΜΗΣ ΑΠΟΖΗΜΙΩΣΗ ΓΙΑ ΝΥΧΤΕΡΙΝΑ-ΕΞΑΙΡΕΣΙΜΑ-ΥΠΕΡΩΡ.ΑΠΑΣΧΟΛΗΣΗ (001628),,,7643.37,anonymous sponsor (empty sponsorAFMName)
6ΝΓΕ4690Β3-220,2022-08-01,ΕΝΤΑΛΜΑ ΠΛΗΡΩΜΗΣ ΑΠΟΖΗΜΙΩΣΗ ΓΙΑ ΝΥΧΤΕΡΙΝΑ-ΕΞΑΙΡΕΣΙΜΑ-ΥΠΕΡΩΡ.ΑΠΑΣΧΟΛΗΣΗ (001628),,,3173.73,anonymous sponsor (empty sponsorAFMName)
9ΡΖΝ4690Β3-Ξ7Φ,2022-08-01,ΕΝΤΑΛΜΑ ΠΛΗΡΩΜΗΣ ΑΠΟΖΗΜΙΩΣΗ ΓΙΑ ΝΥΧΤΕΡΙΝΑ-ΕΞΑΙΡΕΣΙΜΑ-ΥΠΕΡΩΡ.ΑΠΑΣΧΟΛΗΣΗ (001628),,,8484.38,anonymous sponsor (empty sponsorAFMName)
6ΚΧΘ4690Β3-ΣΞΩ,2022-08-01,ΕΝΤΑΛΜΑ ΠΛΗΡΩΜΗΣ ΑΠΟΖΗΜΙΩΣΗ ΓΙΑ ΝΥΧΤΕΡΙΝΑ-ΕΞΑΙΡΕΣΙΜΑ-ΥΠΕΡΩΡ.ΑΠΑΣΧΟΛΗΣΗ (001628),,,1383.59,anonymous sponsor (empty sponsorAFMName)
Ψ2ΥΞ4690Β3-ΕΡΩ,2022-08-01,ΕΝΤΑΛΜΑ ΠΛΗΡΩΜΗΣ ΑΠΟΖΗΜΙΩΣΗ ΕΦΗΜΕΡΙΩΝ (002535),,,1920.18,anonymous sponsor (empty sponsorAFMName)
6ΨΓΩ4690Β3-Γ7Χ,2022-08-01,ΕΝΤΑΛΜΑ ΠΛΗΡΩΜΗΣ ΑΠΟΖΗΜΙΩΣΗ ΕΦΗΜΕΡΙΩΝ (002535),,,5860.66,anonymous sponsor (empty sponsorAFMName)
ΨΕΦΗ4690Β3-Θ63,2022-08-01,ΕΝΤΑΛΜΑ ΠΛΗΡΩΜΗΣ ΑΠΟΖΗΜΙΩΣΗ ΕΦΗΜΕΡΙΩΝ (002535),,,1329.31,anonymous sponsor (empty sponsorAFMName)
6ΒΜ64690Β3-5ΜΝ,2022-08-01,ΕΝΤΑΛΜΑ ΠΛΗΡΩΜΗΣ ΑΠΟΖΗΜΙΩΣΗ ΕΦΗΜΕΡΙΩΝ (002535),,,21776.11,anonymous sponsor (empty sponsorAFMName)
605Υ4690Β3-Μ5Ε,2022-08-01,ΕΝΤΑΛΜΑ ΠΛΗΡΩΜΗΣ ΑΠΟΖΗΜΙΩΣΗ ΕΦΗΜΕΡΙΩΝ (002535),,,113.32,anonymous sponsor (empty sponsorAFMName)
6ΣΤ94690Β3-2ΨΜ,2022-08-01,ΕΝΤΑΛΜΑ ΠΛΗΡΩΜΗΣ ΑΠΟΖΗΜΙΩΣΗ ΕΦΗΜΕΡΙΩΝ (002535),,,604.22,anonymous sponsor (empty sponsorAFMName)
Ω5Η14690Β3-75Ρ,2022-08-01,ΕΝΤΑΛΜΑ ΠΛΗΡΩΜΗΣ ΑΠΟΖΗΜΙΩΣΗ ΕΦΗΜΕΡΙΩΝ (002535),,,19421.20,anonymous sponsor (empty sponsorAFMName)
9ΒΑΔ4690Β3-6ΕΖ,2022-08-01,ΕΝΤΑΛΜΑ ΠΛΗΡΩΜΗΣ ΑΠΟΖΗΜΙΩΣΗ ΕΦΗΜΕΡΙΩΝ (002535),,,81388.63,anonymous sponsor (empty sponsorAFMName)
ΨΣ2Ζ4690Β3-ΟΗΛ,2022-08-01,ΕΝΤΑΛΜΑ ΠΛΗΡΩΜΗΣ ΕΠΙΚΟΥΡΙΚΟ ΝΟΣΗΛΕΥΤΙΚΟ-ΠΑΡΑΪΑΤΡΙΚΟ ΠΡΟΣΩΠΙΚΟ (000001634),,,3228.57,anonymous sponsor (empty sponsorAFMName)
ΩΜ9Ω4690Β3-Ο28,2022-08-01,ΕΝΤΑΛΜΑ ΠΛΗΡΩΜΗΣ EΠΙΚΟΥΡΙΚΟΙ ΙΑΤΡΟΙ Ε.Σ.Υ. (000001629),,,124.74,anonymous sponsor (empty sponsorAFMName)
ΨΝΣ94690Β3-Ο0Λ,2022-08-01,ΕΝΤΑΛΜΑ ΠΛΗΡΩΜΗΣ EΠΙΚΟΥΡΙΚΟΙ ΙΑΤΡΟΙ Ε.Σ.Υ. (000001629),,,12707.02,anonymous sponsor (empty sponsorAFMName)
99Β04690Β3-1Τ3,2022-08-01,ΕΝΤΑΛΜΑ ΠΛΗΡΩΜΗΣ ΕΠΙΚΟΥΡΙΚΟ ΝΟΣΗΛΕΥΤΙΚΟ-ΠΑΡΑΪΑΤΡΙΚΟ ΠΡΟΣΩΠΙΚΟ (000001634),,,70074.92,anonymous sponsor (empty sponsorAFMName)
6ΠΖ14690Β3-ΝΤΧ,2022-08-01,ΕΝΤΑΛΜΑ ΠΛΗΡΩΜΗΣ ΕΠΙΚΟΥΡΙΚΟ ΝΟΣΗΛΕΥΤΙΚΟ-ΠΑΡΑΪΑΤΡΙΚΟ ΠΡΟΣΩΠΙΚΟ (000001634),,,44.67,anonymous sponsor (empty sponsorAFMName)
ΨΟΦΥ4690Β3-ΚΥΡ,2022-08-01,ΕΝΤΑΛΜΑ ΠΛΗΡΩΜΗΣ ΕΠΙΚΟΥΡΙΚΟ ΝΟΣΗΛΕΥΤΙΚΟ-ΠΑΡΑΪΑΤΡΙΚΟ ΠΡΟΣΩΠΙΚΟ (000001634),,,33668.34,anonymous sponsor (empty sponsorAFMName)
6ΤΖ54690Β3-2ΣΖ,2022-07-29,ΕΝΤΑΛΜΑ ΠΛΗΡΩΜΗΣ ΕΠΙΚΟΥΡΙΚΟ ΝΟΣΗΛΕΥΤΙΚΟ-ΠΑΡΑΪΑΤΡΙΚΟ ΠΡΟΣΩΠΙΚΟ (000001634),,,12407.75,anonymous sponsor (empty sponsorAFMName)
6ΑΧΡ4690Β3-ΩΘΞ,2022-07-29,ΕΝΤΑΛΜΑ ΠΛΗΡΩΜΗΣ ΕΠΙΚΟΥΡΙΚΟ ΝΟΣΗΛΕΥΤΙΚΟ-ΠΑΡΑΪΑΤΡΙΚΟ ΠΡΟΣΩΠΙΚΟ (000001634),,,704.37,anonymous sponsor (empty sponsorAFMName)
913Κ4690Β3-ΖΥΡ,2022-07-29,ΕΝΤΑΛΜΑ ΠΛΗΡΩΜΗΣ ΕΠΙΚΟΥΡΙΚΟ ΝΟΣΗΛΕΥΤΙΚΟ-ΠΑΡΑΪΑΤΡΙΚΟ ΠΡΟΣΩΠΙΚΟ (000001634),,,26690.86,anonymous sponsor (empty sponsorAFMName)
ΨΙ0Μ4690Β3-2ΛΨ,2022-07-29,ΕΝΤΑΛΜΑ ΠΛΗΡΩΜΗΣ ΠΡΟΣΩΠΙΚΟ ΤΡΑΠΕΖΟΚΟΜΙΑΣ Ι.Δ.Ο.Χ. (999000000),,,2297.38,anonymous sponsor (empty sponsorAFMName)
Ψ7ΕΜ4690Β3-Α6Φ,2022-07-29,ΕΝΤΑΛΜΑ ΠΛΗΡΩΜΗΣ ΕΠΟΧΙΚΟ ΠΡΟΣΩΠΙΚΟ ΚΑΘΑΡΙΟΤΗΤΑΣ (999111999),,,37784.48,anonymous sponsor (empty sponsorAFMName)
97154690Β3-Α1Θ,2022-07-29,ΕΝΤΑΛΜΑ ΠΛΗΡΩΜΗΣ ΑΠΟΖΗΜΕΙΩΣΗ ΤΕΙ-ΑΣΚΟΥΜΕΝΩΝ Ο.Α.Ε.Δ. (001607),,,611.00,anonymous sponsor (empty sponsorAFMName)
ΨΟ7Ν4690Β3-93Η,2022-07-29,ΕΝΤΑΛΜΑ ΠΛΗΡΩΜΗΣ ΑΠΟΖΗΜΕΙΩΣΗ ΤΕΙ-ΑΣΚΟΥΜΕΝΩΝ Ο.Α.Ε.Δ. (001607),,,744.76,anonymous sponsor (empty sponsorAFMName)
ΨΘΩ54690Β3-ΒΥ9,2022-07-29,ΕΝΤΑΛΜΑ ΠΛΗΡΩΜΗΣ EΠΙΚΟΥΡΙΚΟΙ ΙΑΤΡΟΙ Ε.Σ.Υ. (000001629),,,247.33,anonymous sponsor (empty sponsorAFMName)
ΩΥΘΛ4690Β3-ΕΡΗ,2022-07-29,ΕΝΤΑΛΜΑ ΠΛΗΡΩΜΗΣ EΠΙΚΟΥΡΙΚΟΙ ΙΑΤΡΟΙ Ε.Σ.Υ. (000001629),,,46458.67,anonymous sponsor (empty sponsorAFMName)
ΩΥ7Γ4690Β3-ΦΑ4,2022-07-28,ΕΝΤΑΛΜΑ ΠΛΗΡΩΜΗΣ ΕΝΟΡΑΣΙΣ ΑΕ (094503580),,,48574.43,anonymous sponsor (empty sponsorAFMName)
6Χ2Ε4690Β3-ΒΕ2,2022-07-25,ΕΝΤΑΛΜΑ ΠΛΗΡΩΜΗΣ ΔΑΠΕΡΓΟΛΑΣ Γ. ΚΩΝΣΤΑΝΤΙΝΟΣ- ΑΝΔΡΟΝΙΚΟΣ (129585310),,,2950.00,anonymous sponsor (empty sponsorAFMName)
ΩΑΩΟ4690Β3-63Ρ,2022-07-25,ΕΝΤΑΛΜΑ ΠΛΗΡΩΜΗΣ ΔΑΠΕΡΓΟΛΑΣ Γ. ΚΩΝΣΤΑΝΤΙΝΟΣ- ΑΝΔΡΟΝΙΚΟΣ (129585310),,,1500.00,anonymous sponsor (empty sponsorAFMName)
Ψ8ΑΘ4690Β3-3ΜΞ,2022-07-25,ΕΝΤΑΛΜΑ ΠΛΗΡΩΜΗΣ ΔΑΠΕΡΓΟΛΑΣ Γ. ΚΩΝΣΤΑΝΤΙΝΟΣ- ΑΝΔΡΟΝΙΚΟΣ (129585310),,,830.80,anonymous sponsor (empty sponsorAFMName)
9ΒΨ74690Β3-ΜΗΦ,2022-07-25,ΕΝΤΑΛΜΑ ΠΛΗΡΩΜΗΣ ΔΑΠΕΡΓΟΛΑΣ Γ. ΚΩΝΣΤΑΝΤΙΝΟΣ- ΑΝΔΡΟΝΙΚΟΣ (129585310),,,1748.40,anonymous sponsor (empty sponsorAFMName)
6ΖΨ54690Β3-753,2022-07-25,ΕΝΤΑΛΜΑ ΠΛΗΡΩΜΗΣ ΚΡΑΤ.3391-54.03.00.0001 Φ.Μ.Υ. (001512),,,49.93,anonymous sponsor (empty sponsorAFMName)
6ΦΖΘ4690Β3-ΨΔΖ,2022-07-25,ΕΝΤΑΛΜΑ ΠΛΗΡΩΜΗΣ ΕΙΣΦΟΡΕΣ ΑΠΑΣΧ/ΝΩΝ ΟΑΕΔ ΜΕΣΩ ΠΡΟΓ. ΚΟΙΝΩΦ. ΧΑΡΑΚΤΗΡΑ (),,,1709.94,anonymous sponsor (empty sponsorAFMName)
6ΔΝ44690Β3-ΞΨΥ,2022-07-25,ΕΝΤΑΛΜΑ ΠΛΗΡΩΜΗΣ ΚΡΑΤ.3391-54.03.00.0001 Φ.Μ.Υ. (001512),,,289.38,anonymous sponsor (empty sponsorAFMName)
6ΠΣΤ4690Β3-Ρ5Τ,2022-07-25,ΕΝΤΑΛΜΑ ΠΛΗΡΩΜΗΣ ΕΙΣΦΟΡΕΣ ΑΠΑΣΧ/ΝΩΝ ΟΑΕΔ ΜΕΣΩ ΠΡΟΓ. ΚΟΙΝΩΦ. ΧΑΡΑΚΤΗΡΑ (),,,5331.55,anonymous sponsor (empty sponsorAFMName)
63ΡΥ4690Β3-ΡΕΧ,2022-07-25,ΕΝΤΑΛΜΑ ΠΛΗΡΩΜΗΣ ΚΡΑΤ.3391-53.20.00.0001 ΕΛΛΗΝΙΚΟ ΔΗΜΟΣΙΟ (001506),,,428.29,anonymous sponsor (empty sponsorAFMName)
Ψ6Κ94690Β3-Ο2Φ,2022-07-25,ΕΝΤΑΛΜΑ ΠΛΗΡΩΜΗΣ ΚΡΑΤ.3391-53.20.00.0001 ΕΛΛΗΝΙΚΟ ΔΗΜΟΣΙΟ (001506),,,0.74,anonymous sponsor (empty sponsorAFMName)
6Ξ6Ψ4690Β3-Π44,2022-07-25,ΕΝΤΑΛΜΑ ΠΛΗΡΩΜΗΣ ΚΡΑΤ.3391-53.20.00.0001 ΕΛΛΗΝΙΚΟ ΔΗΜΟΣΙΟ (001506),,,21.42,anonymous sponsor (empty sponsorAFMName)
ΩΣΣΔ4690Β3-ΚΞ9,2022-07-25,ΕΝΤΑΛΜΑ ΠΛΗΡΩΜΗΣ ΚΡΑΤ.3391-54.04.02.0001 Χ/ΜΑ και ΟΓΑ Χ/ΜΩΝ (001514),,,1604.49,anonymous sponsor (empty sponsorAFMName)
66Ο24690Β3-8ΛΥ,2022-07-25,ΕΝΤΑΛΜΑ ΠΛΗΡΩΜΗΣ ΚΡΑΤ.3391-54.04.02.0001 Χ/ΜΑ και ΟΓΑ Χ/ΜΩΝ (001514),,,97.70,anonymous sponsor (empty sponsorAFMName)
ΨΙ9Ι4690Β3-ΘΨ8,2022-07-25,ΕΝΤΑΛΜΑ ΠΛΗΡΩΜΗΣ ΚΡΑΤ.3391-54.04.00.0001 ΦΟΡΟΣ ΕΛΕΥΘΕΡ.ΕΠΑΓΓΕΛΜΑΤ (),,,6685.42,anonymous sponsor (empty sponsorAFMName)
63ΧΠ4690Β3-1ΚΒ,2022-07-25,ΕΝΤΑΛΜΑ ΠΛΗΡΩΜΗΣ ΚΡΑΤ.3391-54.09.14.0001 ΦΟΡΟΣ ΠΡΟΜΗΘΕΥΤΩΝ (001510),,,95633.56,anonymous sponsor (empty sponsorAFMName)
ΨΚΒΕ4690Β3-0Β3,2022-07-25,ΕΝΤΑΛΜΑ ΠΛΗΡΩΜΗΣ ΚΡΑΤ.3391-53.20.00.0001 ΕΛΛΗΝΙΚΟ ΔΗΜΟΣΙΟ (001506),,,41237.00,anonymous sponsor (empty sponsorAFMName)
ΨΒΝΚ4690Β3-ΨΥΜ,2022-07-25,ΕΝΤΑΛΜΑ ΠΛΗΡΩΜΗΣ ΚΡΑΤ.3391-53.20.00.0001 ΕΛΛΗΝΙΚΟ ΔΗΜΟΣΙΟ (001506),,,1455.99,anonymous sponsor (empty sponsorAFMName)
ΨΠ024690Β3-ΝΙΤ,2022-07-25,ΕΝΤΑΛΜΑ ΠΛΗΡΩΜΗΣ ΚΡΑΤ.3391-53.20.00.0001 ΕΛΛΗΝΙΚΟ ΔΗΜΟΣΙΟ (001506),,,29.73,anonymous sponsor (empty sponsorAFMName)
ΨΦ4Β4690Β3-ΕΜΑ,2022-07-25,ΕΝΤΑΛΜΑ ΠΛΗΡΩΜΗΣ ΚΡΑΤ.3391-53.20.00.0001 ΕΛΛΗΝΙΚΟ ΔΗΜΟΣΙΟ (001506),,,1300.80,anonymous sponsor (empty sponsorAFMName)
Ψ02Μ4690Β3-ΛΟΑ,2022-07-08,ΕΝΤΑΛΜΑ ΠΛΗΡΩΜΗΣ ΕΠΙΣΤΡΟΦΕΣ ΛΟΙΠΩΝ ΠΕΡΙΠΤΩΣΕΩΝ (001653),,,45410.94,anonymous sponsor (empty sponsorAFMName)
6ΔΨΣ4690Β3-Ψ2Α,2022-07-07,ΕΝΤΑΛΜΑ ΠΛΗΡΩΜΗΣ ΑΠΟΖΗΜΙΩΣΗ ΔΙΚΑΣΤΙΚΗΣ ΑΠΟΦΑΣΗΣ (001613),,,4006.85,anonymous sponsor (empty sponsorAFMName)
ΨΞ8Τ4690Β3-7ΤΛ,2022-07-07,ΕΝΤΑΛΜΑ ΠΛΗΡΩΜΗΣ ΑΠΟΖΗΜΙΩΣΗ ΔΙΚΑΣΤΙΚΗΣ ΑΠΟΦΑΣΗΣ (001613),,,6410.96,anonymous sponsor (empty sponsorAFMName)
ΩΖΠΠ4690Β3-ΚΔΚ,2022-07-07,ΕΝΤΑΛΜΑ ΠΛΗΡΩΜΗΣ ΑΠΟΖΗΜΙΩΣΗ ΔΙΚΑΣΤΙΚΗΣ ΑΠΟΦΑΣΗΣ (001613),,,3205.48,anonymous sponsor (empty sponsorAFMName)
6Κ1Τ4690Β3-ΗΧ1,2022-07-07,ΕΝΤΑΛΜΑ ΠΛΗΡΩΜΗΣ ΑΠΟΖΗΜΙΩΣΗ ΔΙΚΑΣΤΙΚΗΣ ΑΠΟΦΑΣΗΣ (001613),,,3205.48,anonymous sponsor (empty sponsorAFMName)
6ΟΓ34690Β3-3Ν8,2022-07-07,ΕΝΤΑΛΜΑ ΠΛΗΡΩΜΗΣ ΑΠΟΖΗΜΙΩΣΗ ΔΙΚΑΣΤΙΚΗΣ ΑΠΟΦΑΣΗΣ (001613),,,6410.96,anonymous sponsor (empty sponsorAFMName)
6ΟΦΚ4690Β3-Μ36,2022-07-07,ΕΝΤΑΛΜΑ ΠΛΗΡΩΜΗΣ ΑΠΟΖΗΜΙΩΣΗ ΔΙΚΑΣΤΙΚΗΣ ΑΠΟΦΑΣΗΣ (001613),,,4006.85,anonymous sponsor (empty sponsorAFMName)
6ΖΦΓ4690Β3-6Ρ1,2022-07-07,ΕΝΤΑΛΜΑ ΠΛΗΡΩΜΗΣ ΕΠΙΣΤΡΟΦΗ ΕΞΕΤ/ΤΡΩΝ ΛΟΓΩ ΝΟΣΗΛΕΙΑΣ (001633),,,9097.00,anonymous sponsor (empty sponsorAFMName)
ΨΠ154690Β3-ΔΧΥ,2022-07-07,ΕΝΤΑΛΜΑ ΠΛΗΡΩΜΗΣ ΕΠΙΣΤΡΟΦΕΣ ΛΟΙΠΩΝ ΠΕΡΙΠΤΩΣΕΩΝ (001653),,,249156.24,anonymous sponsor (empty sponsorAFMName)
Ψ4324690Β3-Τ7Ξ,2022-07-07,ΕΝΤΑΛΜΑ ΠΛΗΡΩΜΗΣ ΟΔΟΙΠΟΡΙΚΑ ΕΞΟΔΑ ΠΡΟΣ. ΝΟΣ/ΜΕΙΟΥ (001626),,,156.29,anonymous sponsor (empty sponsorAFMName)
65ΜΘ4690Β3-6ΕΔ,2022-07-07,ΕΝΤΑΛΜΑ ΠΛΗΡΩΜΗΣ ΟΔΟΙΠΟΡΙΚΑ ΕΞΟΔΑ ΠΡΟΣ. ΝΟΣ/ΜΕΙΟΥ (001626),,,203.29,anonymous sponsor (empty sponsorAFMName)
Ω31Σ4690Β3-ΦΓΖ,2022-07-04,ΕΝΤΑΛΜΑ ΠΛΗΡΩΜΗΣ ΔΙΚΑΙΟΥΧΟΙ ΑΜΟΙΒΩΝ (001600),,,6939.00,anonymous sponsor (empty sponsorAFMName)
ΨΟ2Δ4690Β3-ΤΡ3,2022-06-30,ΕΝΤΑΛΜΑ ΠΛΗΡΩΜΗΣ ΑΠΟΖΗΜΙΩΣΗ ΔΙΚΑΣΤΙΚΗΣ ΑΠΟΦΑΣΗΣ (001613),,,392251.73,anonymous sponsor (empty sponsorAFMName)
6ΛΟΥ4690Β3-Ψ2Δ,2022-06-30,ΕΝΤΑΛΜΑ ΠΛΗΡΩΜΗΣ ΑΠΟΖΗΜΙΩΣΗ ΓΙΑ ΝΥΧΤΕΡΙΝΑ-ΕΞΑΙΡΕΣΙΜΑ-ΥΠΕΡΩΡ.ΑΠΑΣΧΟΛΗΣΗ (001628),,,394.76,anonymous sponsor (empty sponsorAFMName)
6Ζ594690Β3-2ΑΑ,2022-06-30,ΕΝΤΑΛΜΑ ΠΛΗΡΩΜΗΣ ΑΠΟΖΗΜΙΩΣΗ ΓΙΑ ΝΥΧΤΕΡΙΝΑ-ΕΞΑΙΡΕΣΙΜΑ-ΥΠΕΡΩΡ.ΑΠΑΣΧΟΛΗΣΗ (001628),,,417.28,anonymous sponsor (empty sponsorAFMName)
ΨΞΧΜ4690Β3-ΛΙΘ,2022-06-30,ΕΝΤΑΛΜΑ ΠΛΗΡΩΜΗΣ ΑΠΟΖΗΜΙΩΣΗ ΓΙΑ ΝΥΧΤΕΡΙΝΑ-ΕΞΑΙΡΕΣΙΜΑ-ΥΠΕΡΩΡ.ΑΠΑΣΧΟΛΗΣΗ (001628),,,6050.26,anonymous sponsor (empty sponsorAFMName)
6Π874690Β3-49Υ,2022-06-30,ΕΝΤΑΛΜΑ ΠΛΗΡΩΜΗΣ ΑΠΟΖΗΜΙΩΣΗ ΓΙΑ ΝΥΧΤΕΡΙΝΑ-ΕΞΑΙΡΕΣΙΜΑ-ΥΠΕΡΩΡ.ΑΠΑΣΧΟΛΗΣΗ (001628),,,1307.36,anonymous sponsor (empty sponsorAFMName)
ΩΤΔΡ4690Β3-ΖΓΔ,2022-06-30,ΕΝΤΑΛΜΑ ΠΛΗΡΩΜΗΣ ΑΠΟΖΗΜΙΩΣΗ ΓΙΑ ΝΥΧΤΕΡΙΝΑ-ΕΞΑΙΡΕΣΙΜΑ-ΥΠΕΡΩΡ.ΑΠΑΣΧΟΛΗΣΗ (001628),,,882.38,anonymous sponsor (empty sponsorAFMName)
ΨΓ554690Β3-23Π,2022-06-30,ΕΝΤΑΛΜΑ ΠΛΗΡΩΜΗΣ ΑΠΟΖΗΜΙΩΣΗ ΓΙΑ ΝΥΧΤΕΡΙΝΑ-ΕΞΑΙΡΕΣΙΜΑ-ΥΠΕΡΩΡ.ΑΠΑΣΧΟΛΗΣΗ (001628),,,596.34,anonymous sponsor (empty sponsorAFMName)
9Ω1Δ4690Β3-3Η7,2022-06-30,ΕΝΤΑΛΜΑ ΠΛΗΡΩΜΗΣ ΑΠΟΖΗΜΙΩΣΗ ΓΙΑ ΝΥΧΤΕΡΙΝΑ-ΕΞΑΙΡΕΣΙΜΑ-ΥΠΕΡΩΡ.ΑΠΑΣΧΟΛΗΣΗ (001628),,,508.33,anonymous sponsor (empty sponsorAFMName)
ΩΥΛΛ4690Β3-4Ξ8,2022-06-30,ΕΝΤΑΛΜΑ ΠΛΗΡΩΜΗΣ ΑΠΟΖΗΜΙΩΣΗ ΓΙΑ ΝΥΧΤΕΡΙΝΑ-ΕΞΑΙΡΕΣΙΜΑ-ΥΠΕΡΩΡ.ΑΠΑΣΧΟΛΗΣΗ (001628),,,1563.96,anonymous sponsor (empty sponsorAFMName)
6ΠΤΑ4690Β3-Α1Ζ,2022-06-30,ΕΝΤΑΛΜΑ ΠΛΗΡΩΜΗΣ ΑΠΟΖΗΜΙΩΣΗ ΓΙΑ ΝΥΧΤΕΡΙΝΑ-ΕΞΑΙΡΕΣΙΜΑ-ΥΠΕΡΩΡ.ΑΠΑΣΧΟΛΗΣΗ (001628),,,1755.42,anonymous sponsor (empty sponsorAFMName)
ΩΖ264690Β3-ΤΘΧ,2022-06-29,ΕΝΤΑΛΜΑ ΠΛΗΡΩΜΗΣ ΑΠΟΖΗΜΙΩΣΗ ΓΙΑ ΝΥΧΤΕΡΙΝΑ-ΕΞΑΙΡΕΣΙΜΑ-ΥΠΕΡΩΡ.ΑΠΑΣΧΟΛΗΣΗ (001628),,,3619.90,anonymous sponsor (empty sponsorAFMName)
ΨΜΡΑ4690Β3-Ζ1Ξ,2022-06-29,ΕΝΤΑΛΜΑ ΠΛΗΡΩΜΗΣ ΑΠΟΖΗΜΙΩΣΗ ΓΙΑ ΝΥΧΤΕΡΙΝΑ-ΕΞΑΙΡΕΣΙΜΑ-ΥΠΕΡΩΡ.ΑΠΑΣΧΟΛΗΣΗ (001628),,,437.60,anonymous sponsor (empty sponsorAFMName)
Ψ89Ξ4690Β3-ΖΣΕ,2022-06-29,ΕΝΤΑΛΜΑ ΠΛΗΡΩΜΗΣ ΑΠΟΖΗΜΙΩΣΗ ΓΙΑ ΝΥΧΤΕΡΙΝΑ-ΕΞΑΙΡΕΣΙΜΑ-ΥΠΕΡΩΡ.ΑΠΑΣΧΟΛΗΣΗ (001628),,,382.27,anonymous sponsor (empty sponsorAFMName)
ΨΣΒΥ4690Β3-ΗΓΗ,2022-06-29,ΕΝΤΑΛΜΑ ΠΛΗΡΩΜΗΣ ΑΠΟΖΗΜΙΩΣΗ ΓΙΑ ΝΥΧΤΕΡΙΝΑ-ΕΞΑΙΡΕΣΙΜΑ-ΥΠΕΡΩΡ.ΑΠΑΣΧΟΛΗΣΗ (001628),,,1891.01,anonymous sponsor (empty sponsorAFMName)
6ΗΨΘ4690Β3-7Υ9,2022-06-29,ΕΝΤΑΛΜΑ ΠΛΗΡΩΜΗΣ ΑΠΟΖΗΜΙΩΣΗ ΓΙΑ ΝΥΧΤΕΡΙΝΑ-ΕΞΑΙΡΕΣΙΜΑ-ΥΠΕΡΩΡ.ΑΠΑΣΧΟΛΗΣΗ (001628),,,8281.54,anonymous sponsor (empty sponsorAFMName)
94Ν94690Β3-ΕΚΓ,2022-06-29,ΕΝΤΑΛΜΑ ΠΛΗΡΩΜΗΣ ΑΠΟΖΗΜΙΩΣΗ ΓΙΑ ΝΥΧΤΕΡΙΝΑ-ΕΞΑΙΡΕΣΙΜΑ-ΥΠΕΡΩΡ.ΑΠΑΣΧΟΛΗΣΗ (001628),,,8965.88,anonymous sponsor (empty sponsorAFMName)
63ΛΩ4690Β3-Λ10,2022-06-29,ΕΝΤΑΛΜΑ ΠΛΗΡΩΜΗΣ ΑΠΟΖΗΜΙΩΣΗ ΓΙΑ ΝΥΧΤΕΡΙΝΑ-ΕΞΑΙΡΕΣΙΜΑ-ΥΠΕΡΩΡ.ΑΠΑΣΧΟΛΗΣΗ (001628),,,1511.27,anonymous sponsor (empty sponsorAFMName)
ΨΞΚ94690Β3-7ΟΖ,2022-06-30,ΕΝΤΑΛΜΑ ΠΛΗΡΩΜΗΣ ΑΠΟΖΗΜΙΩΣΗ ΓΙΑ ΝΥΧΤΕΡΙΝΑ-ΕΞΑΙΡΕΣΙΜΑ-ΥΠΕΡΩΡ.ΑΠΑΣΧΟΛΗΣΗ (001628),,,167.20,anonymous sponsor (empty sponsorAFMName)
Ω3454690Β3-Α3Ψ,2022-06-30,ΕΝΤΑΛΜΑ ΠΛΗΡΩΜΗΣ ΑΠΟΖΗΜΙΩΣΗ ΓΙΑ ΝΥΧΤΕΡΙΝΑ-ΕΞΑΙΡΕΣΙΜΑ-ΥΠΕΡΩΡ.ΑΠΑΣΧΟΛΗΣΗ (001628),,,2426.61,anonymous sponsor (empty sponsorAFMName)
ΨΩΗ44690Β3-Ε21,2022-06-30,ΕΝΤΑΛΜΑ ΠΛΗΡΩΜΗΣ ΑΠΟΖΗΜΙΩΣΗ ΓΙΑ ΝΥΧΤΕΡΙΝΑ-ΕΞΑΙΡΕΣΙΜΑ-ΥΠΕΡΩΡ.ΑΠΑΣΧΟΛΗΣΗ (001628),,,175.74,anonymous sponsor (empty sponsorAFMName)
ΨΙΑ24690Β3-ΚΩΤ,2022-06-30,ΕΝΤΑΛΜΑ ΠΛΗΡΩΜΗΣ ΑΠΟΖΗΜΙΩΣΗ ΓΙΑ ΝΥΧΤΕΡΙΝΑ-ΕΞΑΙΡΕΣΙΜΑ-ΥΠΕΡΩΡ.ΑΠΑΣΧΟΛΗΣΗ (001628),,,2359.28,anonymous sponsor (empty sponsorAFMName)
6ΔΜΡ4690Β3-Ν39,2022-06-30,ΕΝΤΑΛΜΑ ΠΛΗΡΩΜΗΣ ΑΠΟΖΗΜΙΩΣΗ ΓΙΑ ΝΥΧΤΕΡΙΝΑ-ΕΞΑΙΡΕΣΙΜΑ-ΥΠΕΡΩΡ.ΑΠΑΣΧΟΛΗΣΗ (001628),,,817.82,anonymous sponsor (empty sponsorAFMName)
6ΧΨΧ4690Β3-Ρ5Α,2022-06-30,ΕΝΤΑΛΜΑ ΠΛΗΡΩΜΗΣ ΑΠΟΖΗΜΙΩΣΗ ΓΙΑ ΝΥΧΤΕΡΙΝΑ-ΕΞΑΙΡΕΣΙΜΑ-ΥΠΕΡΩΡ.ΑΠΑΣΧΟΛΗΣΗ (001628),,,4493.40,anonymous sponsor (empty sponsorAFMName)
Ψ0ΓΔ4690Β3-8ΣΤ,2022-06-30,ΕΝΤΑΛΜΑ ΠΛΗΡΩΜΗΣ ΑΠΟΖΗΜΙΩΣΗ ΓΙΑ ΝΥΧΤΕΡΙΝΑ-ΕΞΑΙΡΕΣΙΜΑ-ΥΠΕΡΩΡ.ΑΠΑΣΧΟΛΗΣΗ (001628),,,5935.80,anonymous sponsor (empty sponsorAFMName)
ΨΠΠΝ4690Β3-0ΕΔ,2022-06-29,ΕΝΤΑΛΜΑ ΠΛΗΡΩΜΗΣ ΑΠΟΖΗΜΙΩΣΗ ΓΙΑ ΝΥΧΤΕΡΙΝΑ-ΕΞΑΙΡΕΣΙΜΑ-ΥΠΕΡΩΡ.ΑΠΑΣΧΟΛΗΣΗ (001628),,,2450.13,anonymous sponsor (empty sponsorAFMName)
ΨΩΙΥ4690Β3-ΛΔΘ,2022-06-29,ΕΝΤΑΛΜΑ ΠΛΗΡΩΜΗΣ ΑΠΟΖΗΜΙΩΣΗ ΕΦΗΜΕΡΙΩΝ (002535),,,1758.48,anonymous sponsor (empty sponsorAFMName)
ΩΤΕ24690Β3-ΗΘ0,2022-06-29,ΕΝΤΑΛΜΑ ΠΛΗΡΩΜΗΣ ΑΠΟΖΗΜΙΩΣΗ ΕΦΗΜΕΡΙΩΝ (002535),,,5945.35,anonymous sponsor (empty sponsorAFMName)
ΨΙΛΘ4690Β3-ΔΘΝ,2022-06-29,ΕΝΤΑΛΜΑ ΠΛΗΡΩΜΗΣ ΑΠΟΖΗΜΙΩΣΗ ΕΦΗΜΕΡΙΩΝ (002535),,,17115.61,anonymous sponsor (empty sponsorAFMName)
66Η84690Β3-ΨΒ3,2022-06-29,ΕΝΤΑΛΜΑ ΠΛΗΡΩΜΗΣ ΑΠΟΖΗΜΙΩΣΗ ΕΦΗΜΕΡΙΩΝ (002535),,,1335.91,anonymous sponsor (empty sponsorAFMName)
ΨΒ0Ν4690Β3-ΠΨΦ,2022-06-29,ΕΝΤΑΛΜΑ ΠΛΗΡΩΜΗΣ ΑΠΟΖΗΜΙΩΣΗ ΕΦΗΜΕΡΙΩΝ (002535),,,550.04,anonymous sponsor (empty sponsorAFMName)
62ΒΣ4690Β3-ΠΤΦ,2022-06-29,ΕΝΤΑΛΜΑ ΠΛΗΡΩΜΗΣ ΑΠΟΖΗΜΙΩΣΗ ΕΦΗΜΕΡΙΩΝ (002535),,,20778.36,anonymous sponsor (empty sponsorAFMName)
ΩΜ5Ψ4690Β3-0Μ1,2022-06-29,ΕΝΤΑΛΜΑ ΠΛΗΡΩΜΗΣ ΑΠΟΖΗΜΙΩΣΗ ΕΦΗΜΕΡΙΩΝ (002535),,,82622.23,anonymous sponsor (empty sponsorAFMName)
Ψ8ΞΞ4690Β3-ΓΛ2,2022-06-28,ΕΝΤΑΛΜΑ ΠΛΗΡΩΜΗΣ ΠΡΟΣΩΠΙΚΟ ΤΡΑΠΕΖΟΚΟΜΙΑΣ Ι.Δ.Ο.Χ. (999000000),,,2297.38,anonymous sponsor (empty sponsorAFMName)
6ΔΜ34690Β3-ΩΙΓ,2022-06-28,ΕΝΤΑΛΜΑ ΠΛΗΡΩΜΗΣ ΕΠΟΧΙΚΟ ΠΡΟΣΩΠΙΚΟ ΚΑΘΑΡΙΟΤΗΤΑΣ (999111999),,,39104.00,anonymous sponsor (empty sponsorAFMName)
65ΒΝ4690Β3-ΩΗΔ,2022-06-28,ΕΝΤΑΛΜΑ ΠΛΗΡΩΜΗΣ ΑΠΟΖΗΜΕΙΩΣΗ ΤΕΙ-ΑΣΚΟΥΜΕΝΩΝ Ο.Α.Ε.Δ. (001607),,,808.16,anonymous sponsor (empty sponsorAFMName)
6ΛΦΔ4690Β3-5ΜΚ,2022-06-28,ΕΝΤΑΛΜΑ ΠΛΗΡΩΜΗΣ ΑΠΟΖΗΜΕΙΩΣΗ ΤΕΙ-ΑΣΚΟΥΜΕΝΩΝ Ο.Α.Ε.Δ. (001607),,,744.76,anonymous sponsor (empty sponsorAFMName)
6ΔΕΜ4690Β3-ΗΗΚ,2022-06-28,ΕΝΤΑΛΜΑ ΠΛΗΡΩΜΗΣ ΕΠΙΚΟΥΡΙΚΟ ΝΟΣΗΛΕΥΤΙΚΟ-ΠΑΡΑΪΑΤΡΙΚΟ ΠΡΟΣΩΠΙΚΟ (000001634),,,371.11,anonymous sponsor (empty sponsorAFMName)
9ΩΨ04690Β3-Ζ98,2022-06-28,ΕΝΤΑΛΜΑ ΠΛΗΡΩΜΗΣ ΕΠΙΚΟΥΡΙΚΟ ΝΟΣΗΛΕΥΤΙΚΟ-ΠΑΡΑΪΑΤΡΙΚΟ ΠΡΟΣΩΠΙΚΟ (000001634),,,29701.68,anonymous sponsor (empty sponsorAFMName)
9ΟΓΒ4690Β3-Γ9Ξ,2022-06-28,ΕΝΤΑΛΜΑ ΠΛΗΡΩΜΗΣ EΠΙΚΟΥΡΙΚΟΙ ΙΑΤΡΟΙ Ε.Σ.Υ. (000001629),,,769.95,anonymous sponsor (empty sponsorAFMName)
ΩΜΩΠ4690Β3-Ο4Κ,2022-06-28,ΕΝΤΑΛΜΑ ΠΛΗΡΩΜΗΣ EΠΙΚΟΥΡΙΚΟΙ ΙΑΤΡΟΙ Ε.Σ.Υ. (000001629),,,40153.54,anonymous sponsor (empty sponsorAFMName)
9Ψ2Υ4690Β3-ΔΓ2,2022-06-28,ΕΝΤΑΛΜΑ ΠΛΗΡΩΜΗΣ ΕΠΙΚΟΥΡΙΚΟ ΝΟΣΗΛΕΥΤΙΚΟ-ΠΑΡΑΪΑΤΡΙΚΟ ΠΡΟΣΩΠΙΚΟ (000001634),,,3228.57,anonymous sponsor (empty sponsorAFMName)
ΨΩΔΚ4690Β3-ΟΨ4,2022-06-28,ΕΝΤΑΛΜΑ ΠΛΗΡΩΜΗΣ ΕΠΙΚΟΥΡΙΚΟ ΝΟΣΗΛΕΥΤΙΚΟ-ΠΑΡΑΪΑΤΡΙΚΟ ΠΡΟΣΩΠΙΚΟ (000001634),,,1259.76,anonymous sponsor (empty sponsorAFMName)
9Κ1Υ4690Β3-6ΩΗ,2022-06-28,ΕΝΤΑΛΜΑ ΠΛΗΡΩΜΗΣ ΕΠΙΚΟΥΡΙΚΟ ΝΟΣΗΛΕΥΤΙΚΟ-ΠΑΡΑΪΑΤΡΙΚΟ ΠΡΟΣΩΠΙΚΟ (000001634),,,70308.44,anonymous sponsor (empty sponsorAFMName)
Ω56Ι4690Β3-ΔΘΘ,2022-06-28,ΕΝΤΑΛΜΑ ΠΛΗΡΩΜΗΣ EΠΙΚΟΥΡΙΚΟΙ ΙΑΤΡΟΙ Ε.Σ.Υ. (000001629),,,12707.02,anonymous sponsor (empty sponsorAFMName)
ΨΝΝΗ4690Β3-873,2022-06-28,ΕΝΤΑΛΜΑ ΠΛΗΡΩΜΗΣ ΕΠΙΚΟΥΡΙΚΟ ΝΟΣΗΛΕΥΤΙΚΟ-ΠΑΡΑΪΑΤΡΙΚΟ ΠΡΟΣΩΠΙΚΟ (000001634),,,1498.35,anonymous sponsor (empty sponsorAFMName)
6ΡΖΓ4690Β3-ΦΥΔ,2022-06-28,ΕΝΤΑΛΜΑ ΠΛΗΡΩΜΗΣ EΠΙΚΟΥΡΙΚΟΙ ΙΑΤΡΟΙ Ε.Σ.Υ. (000001629),,,6428.09,anonymous sponsor (empty sponsorAFMName)
Ψ9ΓΩ4690Β3-Ζ9Υ,2022-06-28,ΕΝΤΑΛΜΑ ΠΛΗΡΩΜΗΣ ΕΠΙΚΟΥΡΙΚΟ ΝΟΣΗΛΕΥΤΙΚΟ-ΠΑΡΑΪΑΤΡΙΚΟ ΠΡΟΣΩΠΙΚΟ (000001634),,,33806.76,anonymous sponsor (empty sponsorAFMName)
9ΓΗΕ4690Β3-ΞΓ0,2022-06-24,ΕΝΤΑΛΜΑ ΠΛΗΡΩΜΗΣ LUNDBECK HELLAS S.A (094434000),,,1196.40,anonymous sponsor (empty sponsorAFMName)
Ψ03Ο4690Β3-7ΓΨ,2022-06-27,ΕΝΤΑΛΜΑ ΠΛΗΡΩΜΗΣ ΚΡΑΤ.3391-54.03.00.0001 Φ.Μ.Υ. (001512),,,75.87,anonymous sponsor (empty sponsorAFMName)
64724690Β3-ΙΜΛ,2022-06-27,ΕΝΤΑΛΜΑ ΠΛΗΡΩΜΗΣ ΕΙΣΦΟΡΕΣ ΑΠΑΣΧ/ΝΩΝ ΟΑΕΔ ΜΕΣΩ ΠΡΟΓ. ΚΟΙΝΩΦ. ΧΑΡΑΚΤΗΡΑ (1657),,,2109.43,anonymous sponsor (empty sponsorAFMName)
92ΨΕ4690Β3-37Μ,2022-06-27,ΕΝΤΑΛΜΑ ΠΛΗΡΩΜΗΣ ΚΡΑΤ.3391-54.03.00.0001 Φ.Μ.Υ. (001512),,,260.91,anonymous sponsor (empty sponsorAFMName)
ΩΜ8Θ4690Β3-ΣΡΦ,2022-06-27,ΕΝΤΑΛΜΑ ΠΛΗΡΩΜΗΣ ΕΙΣΦΟΡΕΣ ΑΠΑΣΧ/ΝΩΝ ΟΑΕΔ ΜΕΣΩ ΠΡΟΓ. ΚΟΙΝΩΦ. ΧΑΡΑΚΤΗΡΑ (1657),,,5331.55,anonymous sponsor (empty sponsorAFMName)
61ΖΔ4690Β3-ΝΤ7,2022-06-27,ΕΝΤΑΛΜΑ ΠΛΗΡΩΜΗΣ ΚΡΑΤ.3391-54.04.02.0001 Χ/ΜΑ και ΟΓΑ Χ/ΜΩΝ (001514),,,1.82,anonymous sponsor (empty sponsorAFMName)
ΨΠΩΖ4690Β3-7Χ2,2022-06-27,ΕΝΤΑΛΜΑ ΠΛΗΡΩΜΗΣ ΚΡΑΤ.3391-53.20.00.0001 ΕΛΛΗΝΙΚΟ ΔΗΜΟΣΙΟ (001506),,,1042.95,anonymous sponsor (empty sponsorAFMName)
6ΛΟΜ4690Β3-ΚΒΒ,2022-06-27,ΕΝΤΑΛΜΑ ΠΛΗΡΩΜΗΣ ΚΡΑΤ.3391-53.20.00.0001 ΕΛΛΗΝΙΚΟ ΔΗΜΟΣΙΟ (001506),,,52.22,anonymous sponsor (empty sponsorAFMName)
ΩΥ1Ζ4690Β3-ΕΞ3,2022-06-27,ΕΝΤΑΛΜΑ ΠΛΗΡΩΜΗΣ ΚΡΑΤ.3391-54.04.02.0001 Χ/ΜΑ και ΟΓΑ Χ/ΜΩΝ (001514),,,28.93,anonymous sponsor (empty sponsorAFMName)
ΨΨ6Κ4690Β3-ΡΟΦ,2022-06-27,ΕΝΤΑΛΜΑ ΠΛΗΡΩΜΗΣ ΚΡΑΤ.3391-54.09.14.0001 ΦΟΡΟΣ ΠΡΟΜΗΘΕΥΤΩΝ (001510),,,31888.97,anonymous sponsor (empty sponsorAFMName)
Ψ5ΘΕ4690Β3-ΣΒΗ,2022-06-27,ΕΝΤΑΛΜΑ ΠΛΗΡΩΜΗΣ ΚΡΑΤ.3391-53.20.00.0001 ΕΛΛΗΝΙΚΟ ΔΗΜΟΣΙΟ (001506),,,11630.79,anonymous sponsor (empty sponsorAFMName)
ΩΣ4Τ4690Β3-Λ43,2022-06-27,ΕΝΤΑΛΜΑ ΠΛΗΡΩΜΗΣ ΚΡΑΤ.3391-53.20.00.0001 ΕΛΛΗΝΙΚΟ ΔΗΜΟΣΙΟ (001506),,,22.97,anonymous sponsor (empty sponsorAFMName)
Ω83Θ4690Β3-2ΓΞ,2022-06-27,ΕΝΤΑΛΜΑ ΠΛΗΡΩΜΗΣ ΚΡΑΤ.3391-53.20.00.0001 ΕΛΛΗΝΙΚΟ ΔΗΜΟΣΙΟ (001506),,,427.04,anonymous sponsor (empty sponsorAFMName)
ΩΥΥΒ4690Β3-ΒΨΗ,2022-06-27,ΕΝΤΑΛΜΑ ΠΛΗΡΩΜΗΣ ΚΡΑΤ.3391-53.20.00.0001 ΕΛΛΗΝΙΚΟ ΔΗΜΟΣΙΟ (001506),,,391.55,anonymous sponsor (empty sponsorAFMName)
ΨΡΕΛ4690Β3-ΗΜΖ,2022-06-21,ΕΝΤΑΛΜΑ ΠΛΗΡΩΜΗΣ ΟΔΟΙΠΟΡΙΚΑ ΕΞΟΔΑ ΠΡΟΣ. ΝΟΣ/ΜΕΙΟΥ (001626),,,137.60,anonymous sponsor (empty sponsorAFMName)
ΩΑΨ04690Β3-ΔΕ3,2022-06-17,ΕΝΤΑΛΜΑ ΠΛΗΡΩΜΗΣ ΑΠΟΖΗΜΙΩΣΗ ΕΦΗΜΕΡΙΩΝ (002535),,,680.05,anonymous sponsor (empty sponsorAFMName)
ΨΒ2Ω4690Β3-ΤΒ4,2022-06-17,ΕΝΤΑΛΜΑ ΠΛΗΡΩΜΗΣ ΑΠΟΖΗΜΙΩΣΗ ΕΦΗΜΕΡΙΩΝ (002535),,,362.78,anonymous sponsor (empty sponsorAFMName)
ΨΚΘΓ4690Β3-Λ7Φ,2022-06-17,ΕΝΤΑΛΜΑ ΠΛΗΡΩΜΗΣ ΑΠΟΖΗΜΙΩΣΗ ΕΦΗΜΕΡΙΩΝ (002535),,,17.39,anonymous sponsor (empty sponsorAFMName)
6Ξ9Υ4690Β3-ΟΑ8,2022-06-17,ΕΝΤΑΛΜΑ ΠΛΗΡΩΜΗΣ ΑΠΟΖΗΜΙΩΣΗ ΕΦΗΜΕΡΙΩΝ (002535),,,1086.10,anonymous sponsor (empty sponsorAFMName)
Ψ3Φ64690Β3-ΝΤ8,2022-06-17,ΕΝΤΑΛΜΑ ΠΛΗΡΩΜΗΣ ΑΠΟΖΗΜΙΩΣΗ ΕΦΗΜΕΡΙΩΝ (002535),,,43.88,anonymous sponsor (empty sponsorAFMName)
ΨΑ784690Β3-6Β3,2022-06-17,ΕΝΤΑΛΜΑ ΠΛΗΡΩΜΗΣ ΑΠΟΖΗΜΙΩΣΗ ΕΦΗΜΕΡΙΩΝ (002535),,,3171.20,anonymous sponsor (empty sponsorAFMName)
Ψ2Β24690Β3-ΚΗΨ,2022-06-17,ΕΝΤΑΛΜΑ ΠΛΗΡΩΜΗΣ ΑΠΟΖΗΜΙΩΣΗ ΕΦΗΜΕΡΙΩΝ (002535),,,14772.63,anonymous sponsor (empty sponsorAFMName)
69Β84690Β3-Υ4Ψ,2022-06-17,ΕΝΤΑΛΜΑ ΠΛΗΡΩΜΗΣ ΑΠΟΖΗΜΙΩΣΗ ΕΦΗΜΕΡΙΩΝ (002535),,,899.64,anonymous sponsor (empty sponsorAFMName)
6ΕΗΙ4690Β3-ΓΕΒ,2022-06-17,ΕΝΤΑΛΜΑ ΠΛΗΡΩΜΗΣ ΑΠΟΖΗΜΙΩΣΗ ΕΦΗΜΕΡΙΩΝ (002535),,,302.34,anonymous sponsor (empty sponsorAFMName)
Ω8Ο64690Β3-ΠΚΨ,2022-06-17,ΕΝΤΑΛΜΑ ΠΛΗΡΩΜΗΣ ΑΠΟΖΗΜΙΩΣΗ ΕΦΗΜΕΡΙΩΝ (002535),,,60.21,anonymous sponsor (empty sponsorAFMName)
ΩΑ034690Β3-ΨΦΖ,2022-06-17,ΕΝΤΑΛΜΑ ΠΛΗΡΩΜΗΣ ΑΠΟΖΗΜΙΩΣΗ ΕΦΗΜΕΡΙΩΝ (002535),,,463.42,anonymous sponsor (empty sponsorAFMName)
Ψ6ΝΕ4690Β3-46Ν,2022-06-17,ΕΝΤΑΛΜΑ ΠΛΗΡΩΜΗΣ ΑΠΟΖΗΜΙΩΣΗ ΕΦΗΜΕΡΙΩΝ (002535),,,10.76,anonymous sponsor (empty sponsorAFMName)
Ω85Θ4690Β3-770,2022-06-17,ΕΝΤΑΛΜΑ ΠΛΗΡΩΜΗΣ ΑΠΟΖΗΜΙΩΣΗ ΕΦΗΜΕΡΙΩΝ (002535),,,3416.22,anonymous sponsor (empty sponsorAFMName)
Ψ71Φ4690Β3-Υ17,2022-06-17,ΕΝΤΑΛΜΑ ΠΛΗΡΩΜΗΣ ΑΠΟΖΗΜΙΩΣΗ ΕΦΗΜΕΡΙΩΝ (002535),,,12041.97,anonymous sponsor (empty sponsorAFMName)
9ΥΑΟ4690Β3-ΓΚΛ,2022-06-03,ΕΝΤΑΛΜΑ ΠΛΗΡΩΜΗΣ ΕΚΤΟΣ ΕΔΡΑΣ ΠΡΟΣ/ΚΟΥ ΝΟΣΟΚΟΜΕΙΟΥ (001601),,,20.00,anonymous sponsor (empty sponsorAFMName)
6Ω5Γ4690Β3-ΘΒ4,2022-06-03,ΕΝΤΑΛΜΑ ΠΛΗΡΩΜΗΣ ΕΚΤΟΣ ΕΔΡΑΣ ΠΡΟΣ/ΚΟΥ ΝΟΣΟΚΟΜΕΙΟΥ (001601),,,37.19,anonymous sponsor (empty sponsorAFMName)
Ψ5ΒΦ4690Β3-Γ6Ζ,2022-06-02,ΕΝΤΑΛΜΑ ΠΛΗΡΩΜΗΣ ΟΔΟΙΠΟΡΙΚΑ ΕΞΟΔΑ ΠΡΟΣ. ΝΟΣ/ΜΕΙΟΥ (001626),,,265.80,anonymous sponsor (empty sponsorAFMName)
9ΛΤΩ4690Β3-22Τ,2022-06-02,ΕΝΤΑΛΜΑ ΠΛΗΡΩΜΗΣ ΟΔΟΙΠΟΡΙΚΑ ΕΞΟΔΑ ΠΡΟΣ. ΝΟΣ/ΜΕΙΟΥ (001626),,,15.60,anonymous sponsor (empty sponsorAFMName)
Ψ7Ρ84690Β3-09Ε,2022-06-02,ΕΝΤΑΛΜΑ ΠΛΗΡΩΜΗΣ ΕΚΤΟΣ ΕΔΡΑΣ ΠΡΟΣ/ΚΟΥ ΝΟΣΟΚΟΜΕΙΟΥ (001601),,,68.10,anonymous sponsor (empty sponsorAFMName)
67ΦΤ4690Β3-0ΛΥ,2022-06-02,ΕΝΤΑΛΜΑ ΠΛΗΡΩΜΗΣ ΕΚΤΟΣ ΕΔΡΑΣ ΠΡΟΣ/ΚΟΥ ΝΟΣΟΚΟΜΕΙΟΥ (001601),,,30.40,anonymous sponsor (empty sponsorAFMName)
ΨΤΗ84690Β3-ΘΑΝ,2022-06-02,ΕΝΤΑΛΜΑ ΠΛΗΡΩΜΗΣ ΕΚΤΟΣ ΕΔΡΑΣ ΠΡΟΣ/ΚΟΥ ΝΟΣΟΚΟΜΕΙΟΥ (001601),,,10.00,anonymous sponsor (empty sponsorAFMName)
ΨΥ044690Β3-ΖΑ7,2022-06-01,ΕΝΤΑΛΜΑ ΠΛΗΡΩΜΗΣ ΑΠΟΖΗΜΙΩΣΗ ΓΙΑ ΝΥΧΤΕΡΙΝΑ-ΕΞΑΙΡΕΣΙΜΑ-ΥΠΕΡΩΡ.ΑΠΑΣΧΟΛΗΣΗ (001628),,,133.76,anonymous sponsor (empty sponsorAFMName)
ΨΛ834690Β3-ΠΞΨ,2022-06-01,ΕΝΤΑΛΜΑ ΠΛΗΡΩΜΗΣ ΑΠΟΖΗΜΙΩΣΗ ΓΙΑ ΝΥΧΤΕΡΙΝΑ-ΕΞΑΙΡΕΣΙΜΑ-ΥΠΕΡΩΡ.ΑΠΑΣΧΟΛΗΣΗ (001628),,,2352.00,anonymous sponsor (empty sponsorAFMName)
6Β154690Β3-ΨΑ0,2022-06-01,ΕΝΤΑΛΜΑ ΠΛΗΡΩΜΗΣ ΑΠΟΖΗΜΙΩΣΗ ΓΙΑ ΝΥΧΤΕΡΙΝΑ-ΕΞΑΙΡΕΣΙΜΑ-ΥΠΕΡΩΡ.ΑΠΑΣΧΟΛΗΣΗ (001628),,,203.30,anonymous sponsor (empty sponsorAFMName)
66ΔΛ4690Β3-ΤΛ3,2022-06-01,ΕΝΤΑΛΜΑ ΠΛΗΡΩΜΗΣ ΑΠΟΖΗΜΙΩΣΗ ΓΙΑ ΝΥΧΤΕΡΙΝΑ-ΕΞΑΙΡΕΣΙΜΑ-ΥΠΕΡΩΡ.ΑΠΑΣΧΟΛΗΣΗ (001628),,,2244.47,anonymous sponsor (empty sponsorAFMName)
ΨΟ9Κ4690Β3-ΕΛΝ,2022-06-01,ΕΝΤΑΛΜΑ ΠΛΗΡΩΜΗΣ ΑΠΟΖΗΜΙΩΣΗ ΓΙΑ ΝΥΧΤΕΡΙΝΑ-ΕΞΑΙΡΕΣΙΜΑ-ΥΠΕΡΩΡ.ΑΠΑΣΧΟΛΗΣΗ (001628),,,802.94,anonymous sponsor (empty sponsorAFMName)
63Δ14690Β3-Ρ6Σ,2022-06-01,ΕΝΤΑΛΜΑ ΠΛΗΡΩΜΗΣ ΑΠΟΖΗΜΙΩΣΗ ΓΙΑ ΝΥΧΤΕΡΙΝΑ-ΕΞΑΙΡΕΣΙΜΑ-ΥΠΕΡΩΡ.ΑΠΑΣΧΟΛΗΣΗ (001628),,,5280.12,anonymous sponsor (empty sponsorAFMName)
Ψ4344690Β3-Β2Ξ,2022-06-01,ΕΝΤΑΛΜΑ ΠΛΗΡΩΜΗΣ ΑΠΟΖΗΜΙΩΣΗ ΓΙΑ ΝΥΧΤΕΡΙΝΑ-ΕΞΑΙΡΕΣΙΜΑ-ΥΠΕΡΩΡ.ΑΠΑΣΧΟΛΗΣΗ (001628),,,1654.15,anonymous sponsor (empty sponsorAFMName)
Ψ07Κ4690Β3-9Ω4,2022-06-01,ΕΝΤΑΛΜΑ ΠΛΗΡΩΜΗΣ ΑΠΟΖΗΜΙΩΣΗ ΓΙΑ ΝΥΧΤΕΡΙΝΑ-ΕΞΑΙΡΕΣΙΜΑ-ΥΠΕΡΩΡ.ΑΠΑΣΧΟΛΗΣΗ (001628),,,420.68,anonymous sponsor (empty sponsorAFMName)
ΩΜΠΑ4690Β3-ΓΗ9,2022-06-01,ΕΝΤΑΛΜΑ ΠΛΗΡΩΜΗΣ ΑΠΟΖΗΜΙΩΣΗ ΓΙΑ ΝΥΧΤΕΡΙΝΑ-ΕΞΑΙΡΕΣΙΜΑ-ΥΠΕΡΩΡ.ΑΠΑΣΧΟΛΗΣΗ (001628),,,368.81,anonymous sponsor (empty sponsorAFMName)
ΨΠΩΤ4690Β3-ΖΔ8,2022-06-01,ΕΝΤΑΛΜΑ ΠΛΗΡΩΜΗΣ ΑΠΟΖΗΜΙΩΣΗ ΓΙΑ ΝΥΧΤΕΡΙΝΑ-ΕΞΑΙΡΕΣΙΜΑ-ΥΠΕΡΩΡ.ΑΠΑΣΧΟΛΗΣΗ (001628),,,5637.01,anonymous sponsor (empty sponsorAFMName)
6Υ2Χ4690Β3-ΓΕΩ,2022-06-01,ΕΝΤΑΛΜΑ ΠΛΗΡΩΜΗΣ ΑΠΟΖΗΜΙΩΣΗ ΓΙΑ ΝΥΧΤΕΡΙΝΑ-ΕΞΑΙΡΕΣΙΜΑ-ΥΠΕΡΩΡ.ΑΠΑΣΧΟΛΗΣΗ (001628),,,1661.81,anonymous sponsor (empty sponsorAFMName)
Ω3Π14690Β3-8ΛΤ,2022-06-01,ΕΝΤΑΛΜΑ ΠΛΗΡΩΜΗΣ ΑΠΟΖΗΜΙΩΣΗ ΓΙΑ ΝΥΧΤΕΡΙΝΑ-ΕΞΑΙΡΕΣΙΜΑ-ΥΠΕΡΩΡ.ΑΠΑΣΧΟΛΗΣΗ (001628),,,7043.01,anonymous sponsor (empty sponsorAFMName)
ΩΤΖΛ4690Β3-ΚΡ3,2022-06-01,ΕΝΤΑΛΜΑ ΠΛΗΡΩΜΗΣ ΑΠΟΖΗΜΙΩΣΗ ΓΙΑ ΝΥΧΤΕΡΙΝΑ-ΕΞΑΙΡΕΣΙΜΑ-ΥΠΕΡΩΡ.ΑΠΑΣΧΟΛΗΣΗ (001628),,,465.48,anonymous sponsor (empty sponsorAFMName)
62ΑΤ4690Β3-Λ7Θ,2022-06-01,ΕΝΤΑΛΜΑ ΠΛΗΡΩΜΗΣ ΑΠΟΖΗΜΙΩΣΗ ΓΙΑ ΝΥΧΤΕΡΙΝΑ-ΕΞΑΙΡΕΣΙΜΑ-ΥΠΕΡΩΡ.ΑΠΑΣΧΟΛΗΣΗ (001628),,,736.36,anonymous sponsor (empty sponsorAFMName)
66ΨΨ4690Β3-ΜΘΒ,2022-06-01,ΕΝΤΑΛΜΑ ΠΛΗΡΩΜΗΣ ΑΠΟΖΗΜΙΩΣΗ ΓΙΑ ΝΥΧΤΕΡΙΝΑ-ΕΞΑΙΡΕΣΙΜΑ-ΥΠΕΡΩΡ.ΑΠΑΣΧΟΛΗΣΗ (001628),,,700.40,anonymous sponsor (empty sponsorAFMName)
6ΛΦ84690Β3-Ζ76,2022-06-01,ΕΝΤΑΛΜΑ ΠΛΗΡΩΜΗΣ ΑΠΟΖΗΜΙΩΣΗ ΓΙΑ ΝΥΧΤΕΡΙΝΑ-ΕΞΑΙΡΕΣΙΜΑ-ΥΠΕΡΩΡ.ΑΠΑΣΧΟΛΗΣΗ (001628),,,1413.46,anonymous sponsor (empty sponsorAFMName)
ΨΒΔΡ4690Β3-ΧΘΒ,2022-06-01,ΕΝΤΑΛΜΑ ΠΛΗΡΩΜΗΣ ΑΠΟΖΗΜΙΩΣΗ ΓΙΑ ΝΥΧΤΕΡΙΝΑ-ΕΞΑΙΡΕΣΙΜΑ-ΥΠΕΡΩΡ.ΑΠΑΣΧΟΛΗΣΗ (001628),,,917.31,anonymous sponsor (empty sponsorAFMName)
ΨΟΣΠ4690Β3-ΗΛΝ,2022-06-01,ΕΝΤΑΛΜΑ ΠΛΗΡΩΜΗΣ ΑΠΟΖΗΜΙΩΣΗ ΓΙΑ ΝΥΧΤΕΡΙΝΑ-ΕΞΑΙΡΕΣΙΜΑ-ΥΠΕΡΩΡ.ΑΠΑΣΧΟΛΗΣΗ (001628),,,3331.64,anonymous sponsor (empty sponsorAFMName)
6Χ1Ε4690Β3-ΝΤΞ,2022-06-01,ΕΝΤΑΛΜΑ ΠΛΗΡΩΜΗΣ ΑΠΟΖΗΜΙΩΣΗ ΓΙΑ ΝΥΧΤΕΡΙΝΑ-ΕΞΑΙΡΕΣΙΜΑ-ΥΠΕΡΩΡ.ΑΠΑΣΧΟΛΗΣΗ (001628),,,344.56,anonymous sponsor (empty sponsorAFMName)
ΨΥΟ64690Β3-Χ7Κ,2022-06-01,ΕΝΤΑΛΜΑ ΠΛΗΡΩΜΗΣ ΑΠΟΖΗΜΙΩΣΗ ΓΙΑ ΝΥΧΤΕΡΙΝΑ-ΕΞΑΙΡΕΣΙΜΑ-ΥΠΕΡΩΡ.ΑΠΑΣΧΟΛΗΣΗ (001628),,,1859.48,anonymous sponsor (empty sponsorAFMName)
6ΔΙΑ4690Β3-1ΜΕ,2022-06-01,ΕΝΤΑΛΜΑ ΠΛΗΡΩΜΗΣ ΑΠΟΖΗΜΙΩΣΗ ΓΙΑ ΝΥΧΤΕΡΙΝΑ-ΕΞΑΙΡΕΣΙΜΑ-ΥΠΕΡΩΡ.ΑΠΑΣΧΟΛΗΣΗ (001628),,,9039.53,anonymous sponsor (empty sponsorAFMName)
ΨΠΤΒ4690Β3-Ι7Χ,2022-06-01,ΕΝΤΑΛΜΑ ΠΛΗΡΩΜΗΣ ΑΠΟΖΗΜΙΩΣΗ ΓΙΑ ΝΥΧΤΕΡΙΝΑ-ΕΞΑΙΡΕΣΙΜΑ-ΥΠΕΡΩΡ.ΑΠΑΣΧΟΛΗΣΗ (001628),,,9787.20,anonymous sponsor (empty sponsorAFMName)
ΩΤΤΓ4690Β3-ΟΓΕ,2022-06-01,ΕΝΤΑΛΜΑ ΠΛΗΡΩΜΗΣ ΑΠΟΖΗΜΙΩΣΗ ΓΙΑ ΝΥΧΤΕΡΙΝΑ-ΕΞΑΙΡΕΣΙΜΑ-ΥΠΕΡΩΡ.ΑΠΑΣΧΟΛΗΣΗ (001628),,,1431.81,anonymous sponsor (empty sponsorAFMName)
Ψ9ΣΜ4690Β3-ΝΦΦ,2022-06-01,ΕΝΤΑΛΜΑ ΠΛΗΡΩΜΗΣ ΑΠΟΖΗΜΙΩΣΗ ΓΙΑ ΝΥΧΤΕΡΙΝΑ-ΕΞΑΙΡΕΣΙΜΑ-ΥΠΕΡΩΡ.ΑΠΑΣΧΟΛΗΣΗ (001628),,,2346.86,anonymous sponsor (empty sponsorAFMName)
6ΥΓΡ4690Β3-ΔΔ7,2022-06-01,ΕΝΤΑΛΜΑ ΠΛΗΡΩΜΗΣ EΠΙΚΟΥΡΙΚΟΙ ΙΑΤΡΟΙ Ε.Σ.Υ. (000001629),,,577.53,anonymous sponsor (empty sponsorAFMName)
991Ν4690Β3-ΤΜΘ,2022-06-01,ΕΝΤΑΛΜΑ ΠΛΗΡΩΜΗΣ ΑΠΟΖΗΜΕΙΩΣΗ ΤΕΙ-ΑΣΚΟΥΜΕΝΩΝ Ο.Α.Ε.Δ. (001607),,,1.76,anonymous sponsor (empty sponsorAFMName)
66ΨΕ4690Β3-ΜΚ5,2022-06-01,ΕΝΤΑΛΜΑ ΠΛΗΡΩΜΗΣ ΑΠΟΖΗΜΕΙΩΣΗ ΤΕΙ-ΑΣΚΟΥΜΕΝΩΝ Ο.Α.Ε.Δ. (001607),,,638.40,anonymous sponsor (empty sponsorAFMName)
6ΤΞΦ4690Β3-71Ο,2022-06-01,ΕΝΤΑΛΜΑ ΠΛΗΡΩΜΗΣ ΑΠΟΖΗΜΕΙΩΣΗ ΤΕΙ-ΑΣΚΟΥΜΕΝΩΝ Ο.Α.Ε.Δ. (001607),,,558.57,anonymous sponsor (empty sponsorAFMName)
6ΙΧΓ4690Β3-ΨΥΑ,2022-06-01,ΕΝΤΑΛΜΑ ΠΛΗΡΩΜΗΣ ΕΠΟΧΙΚΟ ΠΡΟΣΩΠΙΚΟ ΚΑΘΑΡΙΟΤΗΤΑΣ (999111999),,,505.92,anonymous sponsor (empty sponsorAFMName)
9Ρ994690Β3-ΝΨΨ,2022-06-01,ΕΝΤΑΛΜΑ ΠΛΗΡΩΜΗΣ ΠΡΟΣΩΠΙΚΟ ΤΡΑΠΕΖΟΚΟΜΙΑΣ Ι.Δ.Ο.Χ. (999000000),,,2301.93,anonymous sponsor (empty sponsorAFMName)
6Μ3Υ4690Β3-7ΙΑ,2022-06-01,ΕΝΤΑΛΜΑ ΠΛΗΡΩΜΗΣ ΕΠΟΧΙΚΟ ΠΡΟΣΩΠΙΚΟ ΚΑΘΑΡΙΟΤΗΤΑΣ (999111999),,,40313.12,anonymous sponsor (empty sponsorAFMName)
ΨΖΤΒ4690Β3-830,2022-06-01,ΕΝΤΑΛΜΑ ΠΛΗΡΩΜΗΣ ΕΠΙΚΟΥΡΙΚΟ ΝΟΣΗΛΕΥΤΙΚΟ-ΠΑΡΑΪΑΤΡΙΚΟ ΠΡΟΣΩΠΙΚΟ (000001634),,,30645.46,anonymous sponsor (empty sponsorAFMName)
Ψ0ΚΤ4690Β3-ΞΕΥ,2022-06-01,ΕΝΤΑΛΜΑ ΠΛΗΡΩΜΗΣ EΠΙΚΟΥΡΙΚΟΙ ΙΑΤΡΟΙ Ε.Σ.Υ. (000001629),,,39975.79,anonymous sponsor (empty sponsorAFMName)
ΨΙ5Φ4690Β3-ΨΜΞ,2022-06-01,ΕΝΤΑΛΜΑ ΠΛΗΡΩΜΗΣ ΕΠΙΚΟΥΡΙΚΟ ΝΟΣΗΛΕΥΤΙΚΟ-ΠΑΡΑΪΑΤΡΙΚΟ ΠΡΟΣΩΠΙΚΟ (000001634),,,34685.72,anonymous sponsor (empty sponsorAFMName)
ΨΒ094690Β3-Π69,2022-06-01,ΕΝΤΑΛΜΑ ΠΛΗΡΩΜΗΣ ΕΠΙΚΟΥΡΙΚΟ ΝΟΣΗΛΕΥΤΙΚΟ-ΠΑΡΑΪΑΤΡΙΚΟ ΠΡΟΣΩΠΙΚΟ (000001634),,,3235.07,anonymous sponsor (empty sponsorAFMName)
6ΚΗΔ4690Β3-Κ2Λ,2022-06-01,ΕΝΤΑΛΜΑ ΠΛΗΡΩΜΗΣ ΕΠΙΚΟΥΡΙΚΟ ΝΟΣΗΛΕΥΤΙΚΟ-ΠΑΡΑΪΑΤΡΙΚΟ ΠΡΟΣΩΠΙΚΟ (000001634),,,69664.90,anonymous sponsor (empty sponsorAFMName)
6ΛΣ84690Β3-Δ7Γ,2022-06-01,ΕΝΤΑΛΜΑ ΠΛΗΡΩΜΗΣ EΠΙΚΟΥΡΙΚΟΙ ΙΑΤΡΟΙ Ε.Σ.Υ. (000001629),,,12732.62,anonymous sponsor (empty sponsorAFMName)
ΩΜΞΩ4690Β3-42Ι,2022-06-01,ΕΝΤΑΛΜΑ ΠΛΗΡΩΜΗΣ ΑΠΟΖΗΜΕΙΩΣΗ ΤΕΙ-ΑΣΚΟΥΜΕΝΩΝ Ο.Α.Ε.Δ. (001607),,,177.84,anonymous sponsor (empty sponsorAFMName)
66ΗΔ4690Β3-ΝΛ9,2023-03-20,ΕΝΤΑΛΜΑ ΠΛΗΡΩΜΗΣ ΔΑΠΕΡΓΟΛΑΣ Γ. ΚΩΝΣΤΑΝΤΙΝΟΣ- ΑΝΔΡΟΝΙΚΟΣ (129585310),,,2790.00,anonymous sponsor (empty sponsorAFMName)
6ΒΞΤ4690Β3-Κ9Ξ,2023-03-17,ΕΝΤΑΛΜΑ ΠΛΗΡΩΜΗΣ ΔΑΠΕΡΓΟΛΑΣ Γ. ΚΩΝΣΤΑΝΤΙΝΟΣ- ΑΝΔΡΟΝΙΚΟΣ (129585310),,,678.00,anonymous sponsor (empty sponsorAFMName)
9ΧΞΙ4690Β3-1ΩΒ,2023-03-17,ΕΝΤΑΛΜΑ ΠΛΗΡΩΜΗΣ EΠΙΚΟΥΡΙΚΟΙ ΙΑΤΡΟΙ Ε.Σ.Υ. (000001629),,,5182.65,anonymous sponsor (empty sponsorAFMName)
9Ω6Ρ4690Β3-ΘΨΟ,2023-03-17,ΕΝΤΑΛΜΑ ΠΛΗΡΩΜΗΣ ΑΠΟΖΗΜΙΩΣΗ ΓΙΑ ΝΥΧΤΕΡΙΝΑ-ΕΞΑΙΡΕΣΙΜΑ-ΥΠΕΡΩΡ.ΑΠΑΣΧΟΛΗΣΗ (001628),,,2495.64,anonymous sponsor (empty sponsorAFMName)
ΨΔ9Ζ4690Β3-ΗΧΩ,2023-03-17,ΕΝΤΑΛΜΑ ΠΛΗΡΩΜΗΣ EΠΙΚΟΥΡΙΚΟΙ ΙΑΤΡΟΙ Ε.Σ.Υ. (000001629),,,33192.29,anonymous sponsor (empty sponsorAFMName)
92ΠΝ4690Β3-ΠΛ5,2023-03-17,ΕΝΤΑΛΜΑ ΠΛΗΡΩΜΗΣ EΠΙΚΟΥΡΙΚΟΙ ΙΑΤΡΟΙ Ε.Σ.Υ. (000001629),,,1566.53,anonymous sponsor (empty sponsorAFMName)
6ΞΘ64690Β3-6ΒΨ,2023-03-17,ΕΝΤΑΛΜΑ ΠΛΗΡΩΜΗΣ ΑΠΟΖΗΜΙΩΣΗ ΕΦΗΜΕΡΙΩΝ (002535),,,500.00,anonymous sponsor (empty sponsorAFMName)
6ΨΣ74690Β3-ΑΔΣ,2023-03-17,ΕΝΤΑΛΜΑ ΠΛΗΡΩΜΗΣ ΑΠΟΖΗΜΙΩΣΗ ΕΦΗΜΕΡΙΩΝ (002535),,,6000.00,anonymous sponsor (empty sponsorAFMName)
Ψ3ΒΗ4690Β3-Ν8Ψ,2023-03-17,ΕΝΤΑΛΜΑ ΠΛΗΡΩΜΗΣ ΑΠΟΖΗΜΙΩΣΗ ΓΙΑ ΝΥΧΤΕΡΙΝΑ-ΕΞΑΙΡΕΣΙΜΑ-ΥΠΕΡΩΡ.ΑΠΑΣΧΟΛΗΣΗ (001628),,,180.78,anonymous sponsor (empty sponsorAFMName)
6ΔΦΣ4690Β3-ΒΗΤ,2023-03-17,ΕΝΤΑΛΜΑ ΠΛΗΡΩΜΗΣ ΑΠΟΖΗΜΙΩΣΗ ΓΙΑ ΝΥΧΤΕΡΙΝΑ-ΕΞΑΙΡΕΣΙΜΑ-ΥΠΕΡΩΡ.ΑΠΑΣΧΟΛΗΣΗ (001628),,,512.76,anonymous sponsor (empty sponsorAFMName)
ΨΚ0Θ4690Β3-ΖΕΝ,2023-03-17,ΕΝΤΑΛΜΑ ΠΛΗΡΩΜΗΣ ΑΠΟΖΗΜΙΩΣΗ ΓΙΑ ΝΥΧΤΕΡΙΝΑ-ΕΞΑΙΡΕΣΙΜΑ-ΥΠΕΡΩΡ.ΑΠΑΣΧΟΛΗΣΗ (001628),,,6553.36,anonymous sponsor (empty sponsorAFMName)
6ΗΩΓ4690Β3-ΔΩΒ,2023-03-16,ΕΝΤΑΛΜΑ ΠΛΗΡΩΜΗΣ ΑΠΟΖΗΜΙΩΣΗ ΓΙΑ ΝΥΧΤΕΡΙΝΑ-ΕΞΑΙΡΕΣΙΜΑ-ΥΠΕΡΩΡ.ΑΠΑΣΧΟΛΗΣΗ (001628),,,148.18,anonymous sponsor (empty sponsorAFMName)
6ΖΠΠ4690Β3-ΘΥΧ,2023-03-16,ΕΝΤΑΛΜΑ ΠΛΗΡΩΜΗΣ ΑΠΟΖΗΜΙΩΣΗ ΓΙΑ ΝΥΧΤΕΡΙΝΑ-ΕΞΑΙΡΕΣΙΜΑ-ΥΠΕΡΩΡ.ΑΠΑΣΧΟΛΗΣΗ (001628),,,83.60,anonymous sponsor (empty sponsorAFMName)
Ψ2Ν14690Β3-Φ9Μ,2023-03-16,ΕΝΤΑΛΜΑ ΠΛΗΡΩΜΗΣ ΑΠΟΖΗΜΙΩΣΗ ΓΙΑ ΝΥΧΤΕΡΙΝΑ-ΕΞΑΙΡΕΣΙΜΑ-ΥΠΕΡΩΡ.ΑΠΑΣΧΟΛΗΣΗ (001628),,,2149.95,anonymous sponsor (empty sponsorAFMName)
ΨΓ234690Β3-ΣΦ5,2023-03-16,ΕΝΤΑΛΜΑ ΠΛΗΡΩΜΗΣ ΑΠΟΖΗΜΙΩΣΗ ΓΙΑ ΝΥΧΤΕΡΙΝΑ-ΕΞΑΙΡΕΣΙΜΑ-ΥΠΕΡΩΡ.ΑΠΑΣΧΟΛΗΣΗ (001628),,,2440.00,anonymous sponsor (empty sponsorAFMName)
6Λ9Ζ4690Β3-ΧΕΦ,2023-03-16,ΕΝΤΑΛΜΑ ΠΛΗΡΩΜΗΣ ΑΠΟΖΗΜΙΩΣΗ ΓΙΑ ΝΥΧΤΕΡΙΝΑ-ΕΞΑΙΡΕΣΙΜΑ-ΥΠΕΡΩΡ.ΑΠΑΣΧΟΛΗΣΗ (001628),,,1312.21,anonymous sponsor (empty sponsorAFMName)
ΨΩΕ74690Β3-861,2023-03-16,ΕΝΤΑΛΜΑ ΠΛΗΡΩΜΗΣ ΑΠΟΖΗΜΙΩΣΗ ΓΙΑ ΝΥΧΤΕΡΙΝΑ-ΕΞΑΙΡΕΣΙΜΑ-ΥΠΕΡΩΡ.ΑΠΑΣΧΟΛΗΣΗ (001628),,,382.24,anonymous sponsor (empty sponsorAFMName)
6Κ034690Β3-ΒΝ7,2023-03-16,ΕΝΤΑΛΜΑ ΠΛΗΡΩΜΗΣ ΑΠΟΖΗΜΙΩΣΗ ΓΙΑ ΝΥΧΤΕΡΙΝΑ-ΕΞΑΙΡΕΣΙΜΑ-ΥΠΕΡΩΡ.ΑΠΑΣΧΟΛΗΣΗ (001628),,,659.93,anonymous sponsor (empty sponsorAFMName)
6ΕΡΩ4690Β3-ΓΡΗ,2023-03-16,ΕΝΤΑΛΜΑ ΠΛΗΡΩΜΗΣ ΑΠΟΖΗΜΙΩΣΗ ΓΙΑ ΝΥΧΤΕΡΙΝΑ-ΕΞΑΙΡΕΣΙΜΑ-ΥΠΕΡΩΡ.ΑΠΑΣΧΟΛΗΣΗ (001628),,,1175.75,anonymous sponsor (empty sponsorAFMName)
Ω8ΥΙ4690Β3-6ΓΟ,2023-03-16,ΕΝΤΑΛΜΑ ΠΛΗΡΩΜΗΣ ΑΠΟΖΗΜΙΩΣΗ ΓΙΑ ΝΥΧΤΕΡΙΝΑ-ΕΞΑΙΡΕΣΙΜΑ-ΥΠΕΡΩΡ.ΑΠΑΣΧΟΛΗΣΗ (001628),,,1016.68,anonymous sponsor (empty sponsorAFMName)
Ω8934690Β3-ΤΡΙ,2023-03-16,ΕΝΤΑΛΜΑ ΠΛΗΡΩΜΗΣ ΑΠΟΖΗΜΙΩΣΗ ΓΙΑ ΝΥΧΤΕΡΙΝΑ-ΕΞΑΙΡΕΣΙΜΑ-ΥΠΕΡΩΡ.ΑΠΑΣΧΟΛΗΣΗ (001628),,,1351.77,anonymous sponsor (empty sponsorAFMName)
ΨΔΤΜ4690Β3-ΙΚΧ,2023-03-16,ΕΝΤΑΛΜΑ ΠΛΗΡΩΜΗΣ ΑΠΟΖΗΜΙΩΣΗ ΓΙΑ ΝΥΧΤΕΡΙΝΑ-ΕΞΑΙΡΕΣΙΜΑ-ΥΠΕΡΩΡ.ΑΠΑΣΧΟΛΗΣΗ (001628),,,5859.46,anonymous sponsor (empty sponsorAFMName)
6Δ5Α4690Β3-ΨΥ7,2023-03-16,ΕΝΤΑΛΜΑ ΠΛΗΡΩΜΗΣ ΑΠΟΖΗΜΙΩΣΗ ΓΙΑ ΝΥΧΤΕΡΙΝΑ-ΕΞΑΙΡΕΣΙΜΑ-ΥΠΕΡΩΡ.ΑΠΑΣΧΟΛΗΣΗ (001628),,,6856.76,anonymous sponsor (empty sponsorAFMName)
6ΓΑΘ4690Β3-8ΡΣ,2023-03-16,ΕΝΤΑΛΜΑ ΠΛΗΡΩΜΗΣ ΑΠΟΖΗΜΙΩΣΗ ΓΙΑ ΝΥΧΤΕΡΙΝΑ-ΕΞΑΙΡΕΣΙΜΑ-ΥΠΕΡΩΡ.ΑΠΑΣΧΟΛΗΣΗ (001628),,,364.88,anonymous sponsor (empty sponsorAFMName)
6Λ8Σ4690Β3-ΖΩΕ,2023-03-16,ΕΝΤΑΛΜΑ ΠΛΗΡΩΜΗΣ ΑΠΟΖΗΜΙΩΣΗ ΓΙΑ ΝΥΧΤΕΡΙΝΑ-ΕΞΑΙΡΕΣΙΜΑ-ΥΠΕΡΩΡ.ΑΠΑΣΧΟΛΗΣΗ (001628),,,5655.49,anonymous sponsor (empty sponsorAFMName)
ΨΘΓΞ4690Β3-Γ7Α,2023-03-16,ΕΝΤΑΛΜΑ ΠΛΗΡΩΜΗΣ ΑΠΟΖΗΜΙΩΣΗ ΓΙΑ ΝΥΧΤΕΡΙΝΑ-ΕΞΑΙΡΕΣΙΜΑ-ΥΠΕΡΩΡ.ΑΠΑΣΧΟΛΗΣΗ (001628),,,1232.01,anonymous sponsor (empty sponsorAFMName)
677Σ4690Β3-ΧΙΚ,2023-03-16,ΕΝΤΑΛΜΑ ΠΛΗΡΩΜΗΣ ΑΠΟΖΗΜΙΩΣΗ ΓΙΑ ΝΥΧΤΕΡΙΝΑ-ΕΞΑΙΡΕΣΙΜΑ-ΥΠΕΡΩΡ.ΑΠΑΣΧΟΛΗΣΗ (001628),,,364.22,anonymous sponsor (empty sponsorAFMName)
6ΔΠΚ4690Β3-ΨΟΤ,2023-03-16,ΕΝΤΑΛΜΑ ΠΛΗΡΩΜΗΣ ΑΠΟΖΗΜΙΩΣΗ ΓΙΑ ΝΥΧΤΕΡΙΝΑ-ΕΞΑΙΡΕΣΙΜΑ-ΥΠΕΡΩΡ.ΑΠΑΣΧΟΛΗΣΗ (001628),,,3610.63,anonymous sponsor (empty sponsorAFMName)
ΨΠΣΛ4690Β3-ΛΧΡ,2023-03-16,ΕΝΤΑΛΜΑ ΠΛΗΡΩΜΗΣ ΑΠΟΖΗΜΙΩΣΗ ΓΙΑ ΝΥΧΤΕΡΙΝΑ-ΕΞΑΙΡΕΣΙΜΑ-ΥΠΕΡΩΡ.ΑΠΑΣΧΟΛΗΣΗ (001628),,,1754.26,anonymous sponsor (empty sponsorAFMName)
6ΚΖ34690Β3-ΣΚΠ,2023-03-16,ΕΝΤΑΛΜΑ ΠΛΗΡΩΜΗΣ ΑΠΟΖΗΜΙΩΣΗ ΓΙΑ ΝΥΧΤΕΡΙΝΑ-ΕΞΑΙΡΕΣΙΜΑ-ΥΠΕΡΩΡ.ΑΠΑΣΧΟΛΗΣΗ (001628),,,7481.99,anonymous sponsor (empty sponsorAFMName)
Ψ62Β4690Β3-ΤΔΛ,2023-03-16,ΕΝΤΑΛΜΑ ΠΛΗΡΩΜΗΣ ΑΠΟΖΗΜΙΩΣΗ ΓΙΑ ΝΥΧΤΕΡΙΝΑ-ΕΞΑΙΡΕΣΙΜΑ-ΥΠΕΡΩΡ.ΑΠΑΣΧΟΛΗΣΗ (001628),,,9052.94,anonymous sponsor (empty sponsorAFMName)
60ΞΗ4690Β3-25Ο,2023-03-16,ΕΝΤΑΛΜΑ ΠΛΗΡΩΜΗΣ ΑΠΟΖΗΜΙΩΣΗ ΓΙΑ ΝΥΧΤΕΡΙΝΑ-ΕΞΑΙΡΕΣΙΜΑ-ΥΠΕΡΩΡ.ΑΠΑΣΧΟΛΗΣΗ (001628),,,1342.07,anonymous sponsor (empty sponsorAFMName)
9Τ054690Β3-1Η5,2023-03-16,ΕΝΤΑΛΜΑ ΠΛΗΡΩΜΗΣ ΑΠΟΖΗΜΙΩΣΗ ΕΦΗΜΕΡΙΩΝ (002535),,,879.24,anonymous sponsor (empty sponsorAFMName)
ΨΠΕΘ4690Β3-ΖΗΕ,2023-03-16,ΕΝΤΑΛΜΑ ΠΛΗΡΩΜΗΣ ΑΠΟΖΗΜΙΩΣΗ ΕΦΗΜΕΡΙΩΝ (002535),,,5101.08,anonymous sponsor (empty sponsorAFMName)
Ψ6ΖΘ4690Β3-ΣΤΒ,2023-03-16,ΕΝΤΑΛΜΑ ΠΛΗΡΩΜΗΣ ΑΠΟΖΗΜΙΩΣΗ ΕΦΗΜΕΡΙΩΝ (002535),,,18308.82,anonymous sponsor (empty sponsorAFMName)
9ΞΕ64690Β3-ΝΩΑ,2023-03-16,ΕΝΤΑΛΜΑ ΠΛΗΡΩΜΗΣ ΑΠΟΖΗΜΙΩΣΗ ΕΦΗΜΕΡΙΩΝ (002535),,,879.24,anonymous sponsor (empty sponsorAFMName)
9ΚΤΒ4690Β3-ΨΚΗ,2023-03-16,ΕΝΤΑΛΜΑ ΠΛΗΡΩΜΗΣ ΑΠΟΖΗΜΙΩΣΗ ΕΦΗΜΕΡΙΩΝ (002535),,,23977.43,anonymous sponsor (empty sponsorAFMName)
95Η74690Β3-ΑΧΗ,2023-03-16,ΕΝΤΑΛΜΑ ΠΛΗΡΩΜΗΣ ΑΠΟΖΗΜΙΩΣΗ ΕΦΗΜΕΡΙΩΝ (002535),,,1426.04,anonymous sponsor (empty sponsorAFMName)
9ΚΤ34690Β3-ΜΕΛ,2023-03-16,ΕΝΤΑΛΜΑ ΠΛΗΡΩΜΗΣ ΑΠΟΖΗΜΙΩΣΗ ΕΦΗΜΕΡΙΩΝ (002535),,,79092.34,anonymous sponsor (empty sponsorAFMName)
ΨΦΤΜ4690Β3-Μ40,2023-03-13,ΕΝΤΑΛΜΑ ΠΛΗΡΩΜΗΣ ΕΚΤΟΣ ΕΔΡΑΣ ΠΡΟΣ/ΚΟΥ ΝΟΣΟΚΟΜΕΙΟΥ (001601),,,66.80,anonymous sponsor (empty sponsorAFMName)
ΨΒ0Τ4690Β3-ΒΨΡ,2023-03-13,ΕΝΤΑΛΜΑ ΠΛΗΡΩΜΗΣ ΟΔΟΙΠΟΡΙΚΑ ΕΞΟΔΑ ΠΡΟΣ. ΝΟΣ/ΜΕΙΟΥ (001626),,,134.20,anonymous sponsor (empty sponsorAFMName)
6Ο5Ζ4690Β3-ΜΣ6,2023-03-13,ΕΝΤΑΛΜΑ ΠΛΗΡΩΜΗΣ ΟΔΟΙΠΟΡΙΚΑ ΕΞΟΔΑ ΠΡΟΣ. ΝΟΣ/ΜΕΙΟΥ (001626),,,115.10,anonymous sponsor (empty sponsorAFMName)
6ΒΚΣ4690Β3-ΣΦΜ,2023-03-13,ΕΝΤΑΛΜΑ ΠΛΗΡΩΜΗΣ ΟΔΟΙΠΟΡΙΚΑ ΕΞΟΔΑ ΠΡΟΣ. ΝΟΣ/ΜΕΙΟΥ (001626),,,420.56,anonymous sponsor (empty sponsorAFMName)
6Β5Ψ4690Β3-ΟΝ2,2023-03-13,ΕΝΤΑΛΜΑ ΠΛΗΡΩΜΗΣ ΟΔΟΙΠΟΡΙΚΑ ΕΞΟΔΑ ΠΡΟΣ. ΝΟΣ/ΜΕΙΟΥ (001626),,,1642.70,anonymous sponsor (empty sponsorAFMName)
ΨΗΣΟ4690Β3-ΓΦΜ,2023-03-10,ΕΝΤΑΛΜΑ ΠΛΗΡΩΜΗΣ ΙΩΑΝΝΟΥ Γ. - ΚΩΣΤΗΣ Γ. Ο.Ε. ΝΑΡΘΗΚΑΣ (800415385),,,384.20,anonymous sponsor (empty sponsorAFMName)
6Φ9Ξ4690Β3-8Η3,2023-03-08,ΕΝΤΑΛΜΑ ΠΛΗΡΩΜΗΣ ΑΠΟΖΗΜΙΩΣΗ ΓΙΑ ΝΥΧΤΕΡΙΝΑ-ΕΞΑΙΡΕΣΙΜΑ-ΥΠΕΡΩΡ.ΑΠΑΣΧΟΛΗΣΗ (001628),,,459.84,anonymous sponsor (empty sponsorAFMName)
ΨΛ5Π4690Β3-5Ψ1,2023-03-08,ΕΝΤΑΛΜΑ ΠΛΗΡΩΜΗΣ ΑΠΟΖΗΜΙΩΣΗ ΓΙΑ ΝΥΧΤΕΡΙΝΑ-ΕΞΑΙΡΕΣΙΜΑ-ΥΠΕΡΩΡ.ΑΠΑΣΧΟΛΗΣΗ (001628),,,77.28,anonymous sponsor (empty sponsorAFMName)
6ΘΗΔ4690Β3-ΦΥΣ,2023-03-08,ΕΝΤΑΛΜΑ ΠΛΗΡΩΜΗΣ ΑΠΟΖΗΜΙΩΣΗ ΓΙΑ ΝΥΧΤΕΡΙΝΑ-ΕΞΑΙΡΕΣΙΜΑ-ΥΠΕΡΩΡ.ΑΠΑΣΧΟΛΗΣΗ (001628),,,7264.00,anonymous sponsor (empty sponsorAFMName)
6ΑΣΧ4690Β3-Ν0Ζ,2023-03-08,ΕΝΤΑΛΜΑ ΠΛΗΡΩΜΗΣ ΑΠΟΖΗΜΙΩΣΗ ΓΙΑ ΝΥΧΤΕΡΙΝΑ-ΕΞΑΙΡΕΣΙΜΑ-ΥΠΕΡΩΡ.ΑΠΑΣΧΟΛΗΣΗ (001628),,,6854.91,anonymous sponsor (empty sponsorAFMName)
6ΞΝΘ4690Β3-Ε91,2023-03-08,ΕΝΤΑΛΜΑ ΠΛΗΡΩΜΗΣ ΑΠΟΖΗΜΙΩΣΗ ΓΙΑ ΝΥΧΤΕΡΙΝΑ-ΕΞΑΙΡΕΣΙΜΑ-ΥΠΕΡΩΡ.ΑΠΑΣΧΟΛΗΣΗ (001628),,,87.13,anonymous sponsor (empty sponsorAFMName)
6ΟΓΞ4690Β3-ΞΙ8,2023-03-08,ΕΝΤΑΛΜΑ ΠΛΗΡΩΜΗΣ ΑΠΟΖΗΜΙΩΣΗ ΓΙΑ ΝΥΧΤΕΡΙΝΑ-ΕΞΑΙΡΕΣΙΜΑ-ΥΠΕΡΩΡ.ΑΠΑΣΧΟΛΗΣΗ (001628),,,1693.71,anonymous sponsor (empty sponsorAFMName)
ΨΚΟΞ4690Β3-ΩΝ1,2023-03-08,ΕΝΤΑΛΜΑ ΠΛΗΡΩΜΗΣ ΑΠΟΖΗΜΙΩΣΗ ΓΙΑ ΝΥΧΤΕΡΙΝΑ-ΕΞΑΙΡΕΣΙΜΑ-ΥΠΕΡΩΡ.ΑΠΑΣΧΟΛΗΣΗ (001628),,,2044.86,anonymous sponsor (empty sponsorAFMName)
ΨΛΕΑ4690Β3-Ρ7Ζ,2023-03-08,ΕΝΤΑΛΜΑ ΠΛΗΡΩΜΗΣ ΑΠΟΖΗΜΙΩΣΗ ΓΙΑ ΝΥΧΤΕΡΙΝΑ-ΕΞΑΙΡΕΣΙΜΑ-ΥΠΕΡΩΡ.ΑΠΑΣΧΟΛΗΣΗ (001628),,,3054.55,anonymous sponsor (empty sponsorAFMName)
6Σ214690Β3-ΚΜΕ,2023-03-08,ΕΝΤΑΛΜΑ ΠΛΗΡΩΜΗΣ ΑΠΟΖΗΜΙΩΣΗ ΓΙΑ ΝΥΧΤΕΡΙΝΑ-ΕΞΑΙΡΕΣΙΜΑ-ΥΠΕΡΩΡ.ΑΠΑΣΧΟΛΗΣΗ (001628),,,319.62,anonymous sponsor (empty sponsorAFMName)
ΨΠ524690Β3-7ΣΒ,2023-03-08,ΕΝΤΑΛΜΑ ΠΛΗΡΩΜΗΣ ΑΠΟΖΗΜΙΩΣΗ ΓΙΑ ΝΥΧΤΕΡΙΝΑ-ΕΞΑΙΡΕΣΙΜΑ-ΥΠΕΡΩΡ.ΑΠΑΣΧΟΛΗΣΗ (001628),,,1424.58,anonymous sponsor (empty sponsorAFMName)
6Η1Γ4690Β3-ΦΡΞ,2023-03-08,ΕΝΤΑΛΜΑ ΠΛΗΡΩΜΗΣ ΑΠΟΖΗΜΙΩΣΗ ΓΙΑ ΝΥΧΤΕΡΙΝΑ-ΕΞΑΙΡΕΣΙΜΑ-ΥΠΕΡΩΡ.ΑΠΑΣΧΟΛΗΣΗ (001628),,,7229.90,anonymous sponsor (empty sponsorAFMName)
6Ρ8Ο4690Β3-74Ρ,2023-03-08,ΕΝΤΑΛΜΑ ΠΛΗΡΩΜΗΣ ΑΠΟΖΗΜΙΩΣΗ ΓΙΑ ΝΥΧΤΕΡΙΝΑ-ΕΞΑΙΡΕΣΙΜΑ-ΥΠΕΡΩΡ.ΑΠΑΣΧΟΛΗΣΗ (001628),,,8120.32,anonymous sponsor (empty sponsorAFMName)
ΨΨΝΕ4690Β3-ΕΩΡ,2023-03-08,ΕΝΤΑΛΜΑ ΠΛΗΡΩΜΗΣ ΑΠΟΖΗΜΙΩΣΗ ΓΙΑ ΝΥΧΤΕΡΙΝΑ-ΕΞΑΙΡΕΣΙΜΑ-ΥΠΕΡΩΡ.ΑΠΑΣΧΟΛΗΣΗ (001628),,,1430.08,anonymous sponsor (empty sponsorAFMName)
Ψ6Ψ24690Β3-1ΚΝ,2023-03-08,ΕΝΤΑΛΜΑ ΠΛΗΡΩΜΗΣ ΑΠΟΖΗΜΙΩΣΗ ΓΙΑ ΝΥΧΤΕΡΙΝΑ-ΕΞΑΙΡΕΣΙΜΑ-ΥΠΕΡΩΡ.ΑΠΑΣΧΟΛΗΣΗ (001628),,,164.37,anonymous sponsor (empty sponsorAFMName)
6ΑΙ94690Β3-ΛΧΦ,2023-03-08,ΕΝΤΑΛΜΑ ΠΛΗΡΩΜΗΣ ΑΠΟΖΗΜΙΩΣΗ ΓΙΑ ΝΥΧΤΕΡΙΝΑ-ΕΞΑΙΡΕΣΙΜΑ-ΥΠΕΡΩΡ.ΑΠΑΣΧΟΛΗΣΗ (001628),,,747.40,anonymous sponsor (empty sponsorAFMName)
ΨΦ864690Β3-Η74,2023-03-08,ΕΝΤΑΛΜΑ ΠΛΗΡΩΜΗΣ ΑΠΟΖΗΜΙΩΣΗ ΓΙΑ ΝΥΧΤΕΡΙΝΑ-ΕΞΑΙΡΕΣΙΜΑ-ΥΠΕΡΩΡ.ΑΠΑΣΧΟΛΗΣΗ (001628),,,408.32,anonymous sponsor (empty sponsorAFMName)
69474690Β3-ΣΤ7,2023-03-08,ΕΝΤΑΛΜΑ ΠΛΗΡΩΜΗΣ ΑΠΟΖΗΜΙΩΣΗ ΓΙΑ ΝΥΧΤΕΡΙΝΑ-ΕΞΑΙΡΕΣΙΜΑ-ΥΠΕΡΩΡ.ΑΠΑΣΧΟΛΗΣΗ (001628),,,984.18,anonymous sponsor (empty sponsorAFMName)
628Η4690Β3-ΒΦ4,2023-03-08,ΕΝΤΑΛΜΑ ΠΛΗΡΩΜΗΣ ΑΠΟΖΗΜΙΩΣΗ ΓΙΑ ΝΥΧΤΕΡΙΝΑ-ΕΞΑΙΡΕΣΙΜΑ-ΥΠΕΡΩΡ.ΑΠΑΣΧΟΛΗΣΗ (001628),,,310.71,anonymous sponsor (empty sponsorAFMName)
6ΗΟΠ4690Β3-Ι5Ξ,2023-03-08,ΕΝΤΑΛΜΑ ΠΛΗΡΩΜΗΣ ΑΠΟΖΗΜΙΩΣΗ ΓΙΑ ΝΥΧΤΕΡΙΝΑ-ΕΞΑΙΡΕΣΙΜΑ-ΥΠΕΡΩΡ.ΑΠΑΣΧΟΛΗΣΗ (001628),,,270.06,anonymous sponsor (empty sponsorAFMName)
ΨΦΨΙ4690Β3-0ΕΞ,2023-03-08,ΕΝΤΑΛΜΑ ΠΛΗΡΩΜΗΣ ΑΠΟΖΗΜΙΩΣΗ ΓΙΑ ΝΥΧΤΕΡΙΝΑ-ΕΞΑΙΡΕΣΙΜΑ-ΥΠΕΡΩΡ.ΑΠΑΣΧΟΛΗΣΗ (001628),,,311.32,anonymous sponsor (empty sponsorAFMName)
ΨΒ7Ν4690Β3-Υ7Ω,2023-03-08,ΕΝΤΑΛΜΑ ΠΛΗΡΩΜΗΣ ΑΠΟΖΗΜΙΩΣΗ ΓΙΑ ΝΥΧΤΕΡΙΝΑ-ΕΞΑΙΡΕΣΙΜΑ-ΥΠΕΡΩΡ.ΑΠΑΣΧΟΛΗΣΗ (001628),,,6280.37,anonymous sponsor (empty sponsorAFMName)
ΩΧΙΑ4690Β3-Ι1Ο,2023-03-08,ΕΝΤΑΛΜΑ ΠΛΗΡΩΜΗΣ ΑΠΟΖΗΜΙΩΣΗ ΓΙΑ ΝΥΧΤΕΡΙΝΑ-ΕΞΑΙΡΕΣΙΜΑ-ΥΠΕΡΩΡ.ΑΠΑΣΧΟΛΗΣΗ (001628),,,1888.35,anonymous sponsor (empty sponsorAFMName)
Ψ1ΖΗ4690Β3-ΤΒΕ,2023-03-08,ΕΝΤΑΛΜΑ ΠΛΗΡΩΜΗΣ ΑΠΟΖΗΜΙΩΣΗ ΓΙΑ ΝΥΧΤΕΡΙΝΑ-ΕΞΑΙΡΕΣΙΜΑ-ΥΠΕΡΩΡ.ΑΠΑΣΧΟΛΗΣΗ (001628),,,1973.13,anonymous sponsor (empty sponsorAFMName)
69ΙΗ4690Β3-3ΕΤ,2023-03-08,ΕΝΤΑΛΜΑ ΠΛΗΡΩΜΗΣ ΑΠΟΖΗΜΙΩΣΗ ΕΦΗΜΕΡΙΩΝ (002535),,,1338.78,anonymous sponsor (empty sponsorAFMName)
ΨΛ374690Β3-ΔΟΨ,2023-03-08,ΕΝΤΑΛΜΑ ΠΛΗΡΩΜΗΣ ΑΠΟΖΗΜΙΩΣΗ ΕΦΗΜΕΡΙΩΝ (002535),,,2521.84,anonymous sponsor (empty sponsorAFMName)
6Ο7Β4690Β3-ΙΞΟ,2023-03-08,ΕΝΤΑΛΜΑ ΠΛΗΡΩΜΗΣ ΑΠΟΖΗΜΙΩΣΗ ΕΦΗΜΕΡΙΩΝ (002535),,,17834.17,anonymous sponsor (empty sponsorAFMName)
ΨΓΑΥ4690Β3-1ΛΚ,2023-03-08,ΕΝΤΑΛΜΑ ΠΛΗΡΩΜΗΣ ΑΠΟΖΗΜΙΩΣΗ ΕΦΗΜΕΡΙΩΝ (002535),,,23590.31,anonymous sponsor (empty sponsorAFMName)
6ΤΟΠ4690Β3-4ΔΜ,2023-03-08,ΕΝΤΑΛΜΑ ΠΛΗΡΩΜΗΣ ΑΠΟΖΗΜΙΩΣΗ ΕΦΗΜΕΡΙΩΝ (002535),,,992.56,anonymous sponsor (empty sponsorAFMName)
677Α4690Β3-87Ν,2023-03-08,ΕΝΤΑΛΜΑ ΠΛΗΡΩΜΗΣ ΑΠΟΖΗΜΙΩΣΗ ΕΦΗΜΕΡΙΩΝ (002535),,,1386.46,anonymous sponsor (empty sponsorAFMName)
ΨΧΖΛ4690Β3-ΔΚΝ,2023-03-08,ΕΝΤΑΛΜΑ ΠΛΗΡΩΜΗΣ ΑΠΟΖΗΜΙΩΣΗ ΕΦΗΜΕΡΙΩΝ (002535),,,76830.21,anonymous sponsor (empty sponsorAFMName)
6ΡΜΡ4690Β3-ΤΑ3,2023-02-28,ΕΝΤΑΛΜΑ ΠΛΗΡΩΜΗΣ ΕΠΙΚΟΥΡΙΚΟ ΝΟΣΗΛΕΥΤΙΚΟ-ΠΑΡΑΪΑΤΡΙΚΟ ΠΡΟΣΩΠΙΚΟ (000001634),,,30592.89,anonymous sponsor (empty sponsorAFMName)
ΨΘΨΟ4690Β3-Ω0Γ,2023-02-28,ΕΝΤΑΛΜΑ ΠΛΗΡΩΜΗΣ ΕΠΙΚΟΥΡΙΚΟ ΝΟΣΗΛΕΥΤΙΚΟ-ΠΑΡΑΪΑΤΡΙΚΟ ΠΡΟΣΩΠΙΚΟ (000001634),,,1590.99,anonymous sponsor (empty sponsorAFMName)
9Ι2Α4690Β3-ΩΑ1,2023-02-28,ΕΝΤΑΛΜΑ ΠΛΗΡΩΜΗΣ ΕΠΙΚΟΥΡΙΚΟ ΝΟΣΗΛΕΥΤΙΚΟ-ΠΑΡΑΪΑΤΡΙΚΟ ΠΡΟΣΩΠΙΚΟ (000001634),,,1465.90,anonymous sponsor (empty sponsorAFMName)
ΡΛΛ34690Β3-ΟΩΞ,2023-02-28,ΕΝΤΑΛΜΑ ΠΛΗΡΩΜΗΣ ΕΠΙΚΟΥΡΙΚΟ ΝΟΣΗΛΕΥΤΙΚΟ-ΠΑΡΑΪΑΤΡΙΚΟ ΠΡΟΣΩΠΙΚΟ (000001634),,,244.09,anonymous sponsor (empty sponsorAFMName)
9ΦΘΕ4690Β3-ΩΙΤ,2023-02-28,ΕΝΤΑΛΜΑ ΠΛΗΡΩΜΗΣ EΠΙΚΟΥΡΙΚΟΙ ΙΑΤΡΟΙ Ε.Σ.Υ. (000001629),,,6331.81,anonymous sponsor (empty sponsorAFMName)
655Ξ4690Β3-ΞΓΟ,2023-02-28,ΕΝΤΑΛΜΑ ΠΛΗΡΩΜΗΣ ΕΠΙΚΟΥΡΙΚΟ ΝΟΣΗΛΕΥΤΙΚΟ-ΠΑΡΑΪΑΤΡΙΚΟ ΠΡΟΣΩΠΙΚΟ (000001634),,,76054.76,anonymous sponsor (empty sponsorAFMName)
ΨΠ604690Β3-ΘΩΙ,2023-02-28,ΕΝΤΑΛΜΑ ΠΛΗΡΩΜΗΣ ΑΠΟΖΗΜΕΙΩΣΗ ΤΕΙ-ΑΣΚΟΥΜΕΝΩΝ Ο.Α.Ε.Δ. (001607),,,1.76,anonymous sponsor (empty sponsorAFMName)
ΨΥΕ94690Β3-ΣΝΡ,2023-02-28,ΕΝΤΑΛΜΑ ΠΛΗΡΩΜΗΣ ΑΠΟΖΗΜΕΙΩΣΗ ΤΕΙ-ΑΣΚΟΥΜΕΝΩΝ Ο.Α.Ε.Δ. (001607),,,99.24,anonymous sponsor (empty sponsorAFMName)
ΨΥΜ44690Β3-ΡΘΕ,2023-02-28,ΕΝΤΑΛΜΑ ΠΛΗΡΩΜΗΣ ΑΠΟΖΗΜΕΙΩΣΗ ΤΕΙ-ΑΣΚΟΥΜΕΝΩΝ Ο.Α.Ε.Δ. (001607),,,508.08,anonymous sponsor (empty sponsorAFMName)
9ΨΨΛ4690Β3-ΙΤ2,2023-02-28,ΕΝΤΑΛΜΑ ΠΛΗΡΩΜΗΣ ΕΠΟΧΙΚΟ ΠΡΟΣΩΠΙΚΟ ΚΑΘΑΡΙΟΤΗΤΑΣ (999111999),,,296.08,anonymous sponsor (empty sponsorAFMName)
9ΛΘΤ4690Β3-Κ7Ξ,2023-02-28,ΕΝΤΑΛΜΑ ΠΛΗΡΩΜΗΣ ΕΠΟΧΙΚΟ ΠΡΟΣΩΠΙΚΟ ΚΑΘΑΡΙΟΤΗΤΑΣ (999111999),,,37259.80,anonymous sponsor (empty sponsorAFMName)
9ΕΥ84690Β3-ΘΛ7,2023-02-28,ΕΝΤΑΛΜΑ ΠΛΗΡΩΜΗΣ ΕΠΙΚΟΥΡΙΚΟ ΝΟΣΗΛΕΥΤΙΚΟ-ΠΑΡΑΪΑΤΡΙΚΟ ΠΡΟΣΩΠΙΚΟ (000001634),,,27076.91,anonymous sponsor (empty sponsorAFMName)
922Τ4690Β3-ΦΤΔ,2023-02-28,ΕΝΤΑΛΜΑ ΠΛΗΡΩΜΗΣ EΠΙΚΟΥΡΙΚΟΙ ΙΑΤΡΟΙ Ε.Σ.Υ. (000001629),,,114.95,anonymous sponsor (empty sponsorAFMName)
978Ο4690Β3-Ω9Ζ,2023-02-28,ΕΝΤΑΛΜΑ ΠΛΗΡΩΜΗΣ EΠΙΚΟΥΡΙΚΟΙ ΙΑΤΡΟΙ Ε.Σ.Υ. (000001629),,,46904.81,anonymous sponsor (empty sponsorAFMName)
ΨΟΜΚ4690Β3-2ΑΘ,2023-02-28,ΕΝΤΑΛΜΑ ΠΛΗΡΩΜΗΣ EΠΙΚΟΥΡΙΚΟΙ ΙΑΤΡΟΙ Ε.Σ.Υ. (000001629),,,2954.44,anonymous sponsor (empty sponsorAFMName)
6Ξ834690Β3-9ΓΖ,2023-02-28,ΕΝΤΑΛΜΑ ΠΛΗΡΩΜΗΣ ΔΙΚΑΙΟΥΧΟΙ ΑΜΟΙΒΩΝ (001600),,,771.00,anonymous sponsor (empty sponsorAFMName)
Ψ0ΣΙ4690Β3-ΟΨΞ,2023-02-24,ΕΝΤΑΛΜΑ ΠΛΗΡΩΜΗΣ ΤΕΛΗ ΚΥΚΛΟΦΟΡΙΑΣ (001698),,,1506.20,anonymous sponsor (empty sponsorAFMName)
Ψ1ΒΝ4690Β3-ΔΩΖ,2023-02-23,ΕΝΤΑΛΜΑ ΠΛΗΡΩΜΗΣ ΟΔΟΙΠΟΡΙΚΑ ΕΞΟΔΑ ΠΡΟΣ. ΝΟΣ/ΜΕΙΟΥ (001626),,,115.40,anonymous sponsor (empty sponsorAFMName)
6ΟΖΣ4690Β3-Μ5Ο,2023-02-23,ΕΝΤΑΛΜΑ ΠΛΗΡΩΜΗΣ ΟΔΟΙΠΟΡΙΚΑ ΕΞΟΔΑ ΠΡΟΣ. ΝΟΣ/ΜΕΙΟΥ (001626),,,115.40,anonymous sponsor (empty sponsorAFMName)
6ΞΒΜ4690Β3-Δ24,2023-02-23,ΕΝΤΑΛΜΑ ΠΛΗΡΩΜΗΣ ΟΔΟΙΠΟΡΙΚΑ ΕΞΟΔΑ ΠΡΟΣ. ΝΟΣ/ΜΕΙΟΥ (001626),,,105.50,anonymous sponsor (empty sponsorAFMName)
ΩΧΖ94690Β3-Ω5Τ,2023-02-23,ΕΝΤΑΛΜΑ ΠΛΗΡΩΜΗΣ ΟΔΟΙΠΟΡΙΚΑ ΕΞΟΔΑ ΠΡΟΣ. ΝΟΣ/ΜΕΙΟΥ (001626),,,175.00,anonymous sponsor (empty sponsorAFMName)
ΨΤΤΡ4690Β3-7ΕΙ,2023-02-23,ΕΝΤΑΛΜΑ ΠΛΗΡΩΜΗΣ ΕΚΤΟΣ ΕΔΡΑΣ ΠΡΟΣ/ΚΟΥ ΝΟΣΟΚΟΜΕΙΟΥ (001601),,,25.60,anonymous sponsor (empty sponsorAFMName)
Ψ1ΤΨ4690Β3-0ΜΥ,2023-02-23,ΕΝΤΑΛΜΑ ΠΛΗΡΩΜΗΣ ΕΚΤΟΣ ΕΔΡΑΣ ΠΡΟΣ/ΚΟΥ ΝΟΣΟΚΟΜΕΙΟΥ (001601),,,20.00,anonymous sponsor (empty sponsorAFMName)
6Μ624690Β3-0Κ0,2023-02-22,ΕΝΤΑΛΜΑ ΠΛΗΡΩΜΗΣ ΚΟΙΝΟΧΡΗΣΤΑ (001648),,,172.20,anonymous sponsor (empty sponsorAFMName)
96ΩΟ4690Β3-Μ9Ε,2023-02-22,ΕΝΤΑΛΜΑ ΠΛΗΡΩΜΗΣ ΚΡΑΤ.3391-54.03.00.0001 Φ.Μ.Υ. (001512),,,86.62,anonymous sponsor (empty sponsorAFMName)
Ψ5ΕΧ4690Β3-ΤΜ8,2023-02-22,ΕΝΤΑΛΜΑ ΠΛΗΡΩΜΗΣ ΚΡΑΤ.3391-54.03.00.0001 Φ.Μ.Υ. (001512),,,242.70,anonymous sponsor (empty sponsorAFMName)
Ψ8ΙΖ4690Β3-89Η,2023-02-22,ΕΝΤΑΛΜΑ ΠΛΗΡΩΜΗΣ ΕΙΣΦΟΡΕΣ ΑΠΑΣΧ/ΝΩΝ ΟΑΕΔ ΜΕΣΩ ΠΡΟΓ. ΚΟΙΝΩΦ. ΧΑΡΑΚΤΗΡΑ (),,,4822.93,anonymous sponsor (empty sponsorAFMName)
ΩΜΛΞ4690Β3-ΓΔ2,2023-02-22,ΕΝΤΑΛΜΑ ΠΛΗΡΩΜΗΣ ΕΙΣΦΟΡΕΣ ΑΠΑΣΧ/ΝΩΝ ΟΑΕΔ ΜΕΣΩ ΠΡΟΓ. ΚΟΙΝΩΦ. ΧΑΡΑΚΤΗΡΑ (),,,2139.97,anonymous sponsor (empty sponsorAFMName)
6ΨΥ64690Β3-ΕΣΠ,2023-02-22,ΕΝΤΑΛΜΑ ΠΛΗΡΩΜΗΣ ΚΡΑΤ.3391-54.04.02.0001 Χ/ΜΑ και ΟΓΑ Χ/ΜΩΝ (001514),,,0.94,anonymous sponsor (empty sponsorAFMName)
6ΝΓΚ4690Β3-Σ2Δ,2023-02-22,ΕΝΤΑΛΜΑ ΠΛΗΡΩΜΗΣ ΚΡΑΤ.3391-53.20.00.0001 ΕΛΛΗΝΙΚΟ ΔΗΜΟΣΙΟ (001506),,,545.75,anonymous sponsor (empty sponsorAFMName)
Ψ2ΤΩ4690Β3-ΧΕ3,2023-02-22,ΕΝΤΑΛΜΑ ΠΛΗΡΩΜΗΣ ΚΡΑΤ.3391-53.20.00.0001 ΕΛΛΗΝΙΚΟ ΔΗΜΟΣΙΟ (001506),,,27.30,anonymous sponsor (empty sponsorAFMName)
ΨΦΚ64690Β3-2ΣΕ,2023-02-22,ΕΝΤΑΛΜΑ ΠΛΗΡΩΜΗΣ ΚΡΑΤ.3391-54.04.02.0001 Χ/ΜΑ και ΟΓΑ Χ/ΜΩΝ (001514),,,32.98,anonymous sponsor (empty sponsorAFMName)
ΨΚΒ84690Β3-ΠΨ6,2023-02-22,ΕΝΤΑΛΜΑ ΠΛΗΡΩΜΗΣ ΚΡΑΤ.3391-54.09.14.0001 ΦΟΡΟΣ ΠΡΟΜΗΘΕΥΤΩΝ (001510),,,41558.14,anonymous sponsor (empty sponsorAFMName)
6Ο6Ν4690Β3-ΤΓ1,2023-02-22,ΕΝΤΑΛΜΑ ΠΛΗΡΩΜΗΣ ΚΡΑΤ.3391-53.20.00.0001 ΕΛΛΗΝΙΚΟ ΔΗΜΟΣΙΟ (001506),,,15144.80,anonymous sponsor (empty sponsorAFMName)
Ψ27Η4690Β3-ΨΟΘ,2023-02-22,ΕΝΤΑΛΜΑ ΠΛΗΡΩΜΗΣ ΚΡΑΤ.3391-53.20.00.0001 ΕΛΛΗΝΙΚΟ ΔΗΜΟΣΙΟ (001506),,,34.09,anonymous sponsor (empty sponsorAFMName)
ΨΠΛΩ4690Β3-2ΑΧ,2023-02-22,ΕΝΤΑΛΜΑ ΠΛΗΡΩΜΗΣ ΚΡΑΤ.3391-53.20.00.0001 ΕΛΛΗΝΙΚΟ ΔΗΜΟΣΙΟ (001506),,,817.01,anonymous sponsor (empty sponsorAFMName)
ΨΓΤΙ4690Β3-Χ92,2023-02-22,ΕΝΤΑΛΜΑ ΠΛΗΡΩΜΗΣ ΚΡΑΤ.3391-53.20.00.0001 ΕΛΛΗΝΙΚΟ ΔΗΜΟΣΙΟ (001506),,,129.05,anonymous sponsor (empty sponsorAFMName)
6Δ814690Β3-Ξ9Μ,2023-02-21,ΕΝΤΑΛΜΑ ΠΛΗΡΩΜΗΣ ΑΠΟΖΗΜΙΩΣΗ ΕΦΗΜΕΡΙΩΝ (002535),,,334.16,anonymous sponsor (empty sponsorAFMName)
6Γ6Ο4690Β3-ΡΛ8,2023-02-21,ΕΝΤΑΛΜΑ ΠΛΗΡΩΜΗΣ ΑΠΟΖΗΜΙΩΣΗ ΕΦΗΜΕΡΙΩΝ (002535),,,1122.85,anonymous sponsor (empty sponsorAFMName)
6Ψ4Κ4690Β3-Ψ5Ο,2023-02-21,ΕΝΤΑΛΜΑ ΠΛΗΡΩΜΗΣ ΑΠΟΖΗΜΙΩΣΗ ΕΦΗΜΕΡΙΩΝ (002535),,,1518.58,anonymous sponsor (empty sponsorAFMName)
6ΖΒΜ4690Β3-ΛΛΩ,2023-02-21,ΕΝΤΑΛΜΑ ΠΛΗΡΩΜΗΣ ΑΠΟΖΗΜΙΩΣΗ ΕΦΗΜΕΡΙΩΝ (002535),,,4193.66,anonymous sponsor (empty sponsorAFMName)
ΨΖΦ54690Β3-2Ι3,2023-02-21,ΕΝΤΑΛΜΑ ΠΛΗΡΩΜΗΣ ΑΠΟΖΗΜΙΩΣΗ ΕΦΗΜΕΡΙΩΝ (002535),,,10971.10,anonymous sponsor (empty sponsorAFMName)
ΩΖΗΨ4690Β3-6Μ1,2023-02-21,ΕΝΤΑΛΜΑ ΠΛΗΡΩΜΗΣ ΑΠΟΖΗΜΙΩΣΗ ΕΦΗΜΕΡΙΩΝ (002535),,,59.73,anonymous sponsor (empty sponsorAFMName)
662Η4690Β3-ΙΗΧ,2023-02-21,ΕΝΤΑΛΜΑ ΠΛΗΡΩΜΗΣ ΑΠΟΖΗΜΙΩΣΗ ΕΦΗΜΕΡΙΩΝ (002535),,,933.24,anonymous sponsor (empty sponsorAFMName)
ΨΖΖ44690Β3-ΓΗ2,2023-02-21,ΕΝΤΑΛΜΑ ΠΛΗΡΩΜΗΣ ΑΠΟΖΗΜΙΩΣΗ ΕΦΗΜΕΡΙΩΝ (002535),,,940.77,anonymous sponsor (empty sponsorAFMName)
ΩΧΧΤ4690Β3-204,2023-02-21,ΕΝΤΑΛΜΑ ΠΛΗΡΩΜΗΣ ΑΠΟΖΗΜΙΩΣΗ ΕΦΗΜΕΡΙΩΝ (002535),,,2731.86,anonymous sponsor (empty sponsorAFMName)
ΨΘΤΞ4690Β3-2ΘΧ,2023-02-21,ΕΝΤΑΛΜΑ ΠΛΗΡΩΜΗΣ ΑΠΟΖΗΜΙΩΣΗ ΕΦΗΜΕΡΙΩΝ (002535),,,10586.77,anonymous sponsor (empty sponsorAFMName)
ΨΩ8Ζ4690Β3-ΗΥΑ,2023-02-16,ΕΝΤΑΛΜΑ ΠΛΗΡΩΜΗΣ ΔΑΠΕΡΓΟΛΑΣ Γ. ΚΩΝΣΤΑΝΤΙΝΟΣ- ΑΝΔΡΟΝΙΚΟΣ (129585310),,,700.00,anonymous sponsor (empty sponsorAFMName)
6ΙΖΡ4690Β3-Γ1Υ,2023-02-16,ΕΝΤΑΛΜΑ ΠΛΗΡΩΜΗΣ ΔΑΠΕΡΓΟΛΑΣ Γ. ΚΩΝΣΤΑΝΤΙΝΟΣ- ΑΝΔΡΟΝΙΚΟΣ (129585310),,,1200.00,anonymous sponsor (empty sponsorAFMName)
6ΛΗΘ4690Β3-ΑΓΟ,2023-02-16,ΕΝΤΑΛΜΑ ΠΛΗΡΩΜΗΣ ΔΑΠΕΡΓΟΛΑΣ Γ. ΚΩΝΣΤΑΝΤΙΝΟΣ- ΑΝΔΡΟΝΙΚΟΣ (129585310),,,496.00,anonymous sponsor (empty sponsorAFMName)
Ω8Ζ54690Β3-60Ν,2023-02-16,ΕΝΤΑΛΜΑ ΠΛΗΡΩΜΗΣ ΔΑΠΕΡΓΟΛΑΣ Γ. ΚΩΝΣΤΑΝΤΙΝΟΣ- ΑΝΔΡΟΝΙΚΟΣ (129585310),,,204.60,anonymous sponsor (empty sponsorAFMName)
9Υ4Ρ4690Β3-1ΣΓ,2023-02-03,ΕΝΤΑΛΜΑ ΠΛΗΡΩΜΗΣ ΔΙΚΑΙΟΥΧΟΙ ΑΜΟΙΒΩΝ (001600),,,771.00,anonymous sponsor (empty sponsorAFMName)
ΨΔ614690Β3-Κ1Ι,2023-02-01,ΕΝΤΑΛΜΑ ΠΛΗΡΩΜΗΣ ΕΠΙΚΟΥΡΙΚΟ ΝΟΣΗΛΕΥΤΙΚΟ-ΠΑΡΑΪΑΤΡΙΚΟ ΠΡΟΣΩΠΙΚΟ (000001634),,,1541.08,anonymous sponsor (empty sponsorAFMName)
ΨΛ914690Β3-ΦΦΑ,2023-02-01,ΕΝΤΑΛΜΑ ΠΛΗΡΩΜΗΣ ΕΠΙΚΟΥΡΙΚΟ ΝΟΣΗΛΕΥΤΙΚΟ-ΠΑΡΑΪΑΤΡΙΚΟ ΠΡΟΣΩΠΙΚΟ (000001634),,,112.24,anonymous sponsor (empty sponsorAFMName)
66ΖΡ4690Β3-ΗΣ4,2023-02-01,ΕΝΤΑΛΜΑ ΠΛΗΡΩΜΗΣ ΕΠΙΚΟΥΡΙΚΟ ΝΟΣΗΛΕΥΤΙΚΟ-ΠΑΡΑΪΑΤΡΙΚΟ ΠΡΟΣΩΠΙΚΟ (000001634),,,1486.99,anonymous sponsor (empty sponsorAFMName)
ΨΞΨ34690Β3-Λ01,2023-02-01,ΕΝΤΑΛΜΑ ΠΛΗΡΩΜΗΣ ΕΠΙΚΟΥΡΙΚΟ ΝΟΣΗΛΕΥΤΙΚΟ-ΠΑΡΑΪΑΤΡΙΚΟ ΠΡΟΣΩΠΙΚΟ (000001634),,,97.15,anonymous sponsor (empty sponsorAFMName)
Ψ8ΣΤ4690Β3-ΗΩ8,2023-02-01,ΕΝΤΑΛΜΑ ΠΛΗΡΩΜΗΣ ΕΠΙΚΟΥΡΙΚΟ ΝΟΣΗΛΕΥΤΙΚΟ-ΠΑΡΑΪΑΤΡΙΚΟ ΠΡΟΣΩΠΙΚΟ (000001634),,,76237.68,anonymous sponsor (empty sponsorAFMName)
ΨΥ6Σ4690Β3-Β22,2023-02-01,ΕΝΤΑΛΜΑ ΠΛΗΡΩΜΗΣ EΠΙΚΟΥΡΙΚΟΙ ΙΑΤΡΟΙ Ε.Σ.Υ. (000001629),,,5113.34,anonymous sponsor (empty sponsorAFMName)
9ΞΟ14690Β3-ΜΡΒ,2023-01-31,ΕΝΤΑΛΜΑ ΠΛΗΡΩΜΗΣ ΕΠΟΧΙΚΟ ΠΡΟΣΩΠΙΚΟ ΚΑΘΑΡΙΟΤΗΤΑΣ (999111999),,,651.35,anonymous sponsor (empty sponsorAFMName)
9Ρ5Λ4690Β3-8ΦΑ,2023-01-31,ΕΝΤΑΛΜΑ ΠΛΗΡΩΜΗΣ ΕΠΟΧΙΚΟ ΠΡΟΣΩΠΙΚΟ ΚΑΘΑΡΙΟΤΗΤΑΣ (999111999),,,38560.22,anonymous sponsor (empty sponsorAFMName)
932Ι4690Β3-97Π,2023-01-31,ΕΝΤΑΛΜΑ ΠΛΗΡΩΜΗΣ ΑΠΟΖΗΜΕΙΩΣΗ ΤΕΙ-ΑΣΚΟΥΜΕΝΩΝ Ο.Α.Ε.Δ. (001607),,,99.24,anonymous sponsor (empty sponsorAFMName)
9ΟΟ14690Β3-ΓΝΦ,2023-01-31,ΕΝΤΑΛΜΑ ΠΛΗΡΩΜΗΣ ΑΠΟΖΗΜΕΙΩΣΗ ΤΕΙ-ΑΣΚΟΥΜΕΝΩΝ Ο.Α.Ε.Δ. (001607),,,586.01,anonymous sponsor (empty sponsorAFMName)
ΨΥΣ04690Β3-Τ9Ι,2023-01-31,ΕΝΤΑΛΜΑ ΠΛΗΡΩΜΗΣ ΕΠΙΚΟΥΡΙΚΟ ΝΟΣΗΛΕΥΤΙΚΟ-ΠΑΡΑΪΑΤΡΙΚΟ ΠΡΟΣΩΠΙΚΟ (000001634),,,27.77,anonymous sponsor (empty sponsorAFMName)
ΩΝΑΖ4690Β3-Δ9Ρ,2023-01-31,ΕΝΤΑΛΜΑ ΠΛΗΡΩΜΗΣ ΕΠΙΚΟΥΡΙΚΟ ΝΟΣΗΛΕΥΤΙΚΟ-ΠΑΡΑΪΑΤΡΙΚΟ ΠΡΟΣΩΠΙΚΟ (000001634),,,57350.40,anonymous sponsor (empty sponsorAFMName)
9Σ584690Β3-7ΥΠ,2023-01-31,ΕΝΤΑΛΜΑ ΠΛΗΡΩΜΗΣ EΠΙΚΟΥΡΙΚΟΙ ΙΑΤΡΟΙ Ε.Σ.Υ. (000001629),,,42986.29,anonymous sponsor (empty sponsorAFMName)
91ΦΝ4690Β3-Α52,2023-01-31,ΕΝΤΑΛΜΑ ΠΛΗΡΩΜΗΣ ΕΠΙΚΟΥΡΙΚΟ ΝΟΣΗΛΕΥΤΙΚΟ-ΠΑΡΑΪΑΤΡΙΚΟ ΠΡΟΣΩΠΙΚΟ (000001634),,,1496.90,anonymous sponsor (empty sponsorAFMName)
6Φ8Υ4690Β3-ΟΑΦ,2023-01-26,ΕΝΤΑΛΜΑ ΠΛΗΡΩΜΗΣ ΚΡΑΤ.3391-54.03.00.0001 Φ.Μ.Υ. (001512),,,84.15,anonymous sponsor (empty sponsorAFMName)
ΨΟΥΔ4690Β3-Λ3Ι,2023-01-26,ΕΝΤΑΛΜΑ ΠΛΗΡΩΜΗΣ ΕΙΣΦΟΡΕΣ ΑΠΑΣΧ/ΝΩΝ ΟΑΕΔ ΜΕΣΩ ΠΡΟΓ. ΚΟΙΝΩΦ. ΧΑΡΑΚΤΗΡΑ (),,,2139.97,anonymous sponsor (empty sponsorAFMName)
9ΝΟ64690Β3-ΖΛΛ,2023-01-26,ΕΝΤΑΛΜΑ ΠΛΗΡΩΜΗΣ ΚΡΑΤ.3391-54.03.00.0001 Φ.Μ.Υ. (001512),,,201.18,anonymous sponsor (empty sponsorAFMName)
ΨΟ844690Β3-ΔΝ3,2023-01-26,ΕΝΤΑΛΜΑ ΠΛΗΡΩΜΗΣ ΕΙΣΦΟΡΕΣ ΑΠΑΣΧ/ΝΩΝ ΟΑΕΔ ΜΕΣΩ ΠΡΟΓ. ΚΟΙΝΩΦ. ΧΑΡΑΚΤΗΡΑ (),,,4822.93,anonymous sponsor (empty sponsorAFMName)
6Ι724690Β3-Ω6Ο,2023-01-26,ΕΝΤΑΛΜΑ ΠΛΗΡΩΜΗΣ ΚΡΑΤ.3391-54.04.02.0001 Χ/ΜΑ και ΟΓΑ Χ/ΜΩΝ (001514),,,0.60,anonymous sponsor (empty sponsorAFMName)
96ΘΝ4690Β3-7ΕΙ,2023-01-26,ΕΝΤΑΛΜΑ ΠΛΗΡΩΜΗΣ ΚΡΑΤ.3391-53.20.00.0001 ΕΛΛΗΝΙΚΟ ΔΗΜΟΣΙΟ (001506),,,340.33,anonymous sponsor (empty sponsorAFMName)
9ΙΟΓ4690Β3-ΒΡΚ,2023-01-26,ΕΝΤΑΛΜΑ ΠΛΗΡΩΜΗΣ ΚΡΑΤ.3391-53.20.00.0001 ΕΛΛΗΝΙΚΟ ΔΗΜΟΣΙΟ (001506),,,17.04,anonymous sponsor (empty sponsorAFMName)
ΨΤΓΝ4690Β3-ΚΥΤ,2023-01-26,ΕΝΤΑΛΜΑ ΠΛΗΡΩΜΗΣ ΚΡΑΤ.3391-54.04.02.0001 Χ/ΜΑ και ΟΓΑ Χ/ΜΩΝ (001514),,,40.25,anonymous sponsor (empty sponsorAFMName)
9ΖΚ24690Β3-Ζ9Κ,2023-01-26,ΕΝΤΑΛΜΑ ΠΛΗΡΩΜΗΣ ΚΡΑΤ.3391-54.09.14.0001 ΦΟΡΟΣ ΠΡΟΜΗΘΕΥΤΩΝ (001510),,,39493.76,anonymous sponsor (empty sponsorAFMName)
ΨΜΓΖ4690Β3-40Χ,2023-01-26,ΕΝΤΑΛΜΑ ΠΛΗΡΩΜΗΣ ΚΡΑΤ.3391-53.20.00.0001 ΕΛΛΗΝΙΚΟ ΔΗΜΟΣΙΟ (001506),,,15928.33,anonymous sponsor (empty sponsorAFMName)
9ΤΝ04690Β3-34Υ,2023-01-26,ΕΝΤΑΛΜΑ ΠΛΗΡΩΜΗΣ ΚΡΑΤ.3391-53.20.00.0001 ΕΛΛΗΝΙΚΟ ΔΗΜΟΣΙΟ (001506),,,602.31,anonymous sponsor (empty sponsorAFMName)
Ψ63Τ4690Β3-9ΧΥ,2023-01-26,ΕΝΤΑΛΜΑ ΠΛΗΡΩΜΗΣ ΚΡΑΤ.3391-53.20.00.0001 ΕΛΛΗΝΙΚΟ ΔΗΜΟΣΙΟ (001506),,,30.73,anonymous sponsor (empty sponsorAFMName)
Ψ7Μ64690Β3-ΧΒΒ,2023-01-26,ΕΝΤΑΛΜΑ ΠΛΗΡΩΜΗΣ ΚΡΑΤ.3391-53.20.00.0001 ΕΛΛΗΝΙΚΟ ΔΗΜΟΣΙΟ (001506),,,534.21,anonymous sponsor (empty sponsorAFMName)
ΨΨΕΣ4690Β3-Χ1Λ,2023-01-20,ΕΝΤΑΛΜΑ ΠΛΗΡΩΜΗΣ ΟΔΟΙΠΟΡΙΚΑ ΕΞΟΔΑ ΠΡΟΣ. ΝΟΣ/ΜΕΙΟΥ (001626),,,490.94,anonymous sponsor (empty sponsorAFMName)
ΨΖΖΜ4690Β3-Α6Υ,2023-01-12,"ΕΚΔΟΣΗ ΧΡΗΜΑΤΙΚΟΥ ΕΝΤΑΛΜΑΤΟΣ ΠΛΗΡΩΜΗΣ ΠΟΣΟΥ 771,00€ ΣΕ ΒΑΡΟΣ ΤΟΥ ΚΑΕ 0639α01 ΤΟΥ Π/Υ ΕΞΟΔΩΝ του Γ.Ν. ΚΕΡΚΥΡΑΣ ΓΙΑ ΚΑΤΑΒΟΛΗ ΕΠΙΔΟΜΑΤΟΣ ΠΑΡΑΠΛΗΓΙΑΣ ΜΗΝΟΣ ΔΕΚΕΜΒΡΙΟΥ 2022 ΕΝ ΕΝΕΡΓΕΙΑ ΥΠΑΛΛΗΛΟΥ",,,,no sponsor block
67Ξ44690Β3-ΙΘΚ,2022-12-31,ΕΝΤΑΛΜΑ ΠΛΗΡΩΜΗΣ ΚΡΑΤ.3391-53.20.00.0001 ΕΛΛΗΝΙΚΟ ΔΗΜΟΣΙΟ (001506),,,169300.05,anonymous sponsor (empty sponsorAFMName)
Ψ8ΖΗ4690Β3-5ΤΔ,2022-12-28,ΕΝΤΑΛΜΑ ΠΛΗΡΩΜΗΣ ΑΠΟΖΗΜΙΩΣΗ ΜΕΛΩΝ Δ.Σ. (001606),,,2070.00,anonymous sponsor (empty sponsorAFMName)
6ΞΡΟ4690Β3-ΦΕΔ,2022-12-27,ΕΝΤΑΛΜΑ ΠΛΗΡΩΜΗΣ ΑΠΟΖΗΜΕΙΩΣΗ ΤΕΙ-ΑΣΚΟΥΜΕΝΩΝ Ο.Α.Ε.Δ. (001607),,,529.09,anonymous sponsor (empty sponsorAFMName)
ΨΧ1Μ4690Β3-ΨΒ2,2022-12-27,ΕΝΤΑΛΜΑ ΠΛΗΡΩΜΗΣ ΠΡΟΣΩΠΙΚΟ ΤΡΑΠΕΖΟΚΟΜΙΑΣ Ι.Δ.Ο.Χ. (999000000),,,1161.31,anonymous sponsor (empty sponsorAFMName)
ΨΝΑ14690Β3-21Π,2022-12-27,ΕΝΤΑΛΜΑ ΠΛΗΡΩΜΗΣ EΠΙΚΟΥΡΙΚΟΙ ΙΑΤΡΟΙ Ε.Σ.Υ. (000001629),,,42986.29,anonymous sponsor (empty sponsorAFMName)
9Κ774690Β3-ΟΕΚ,2022-12-27,ΕΝΤΑΛΜΑ ΠΛΗΡΩΜΗΣ ΑΠΟΖΗΜΕΙΩΣΗ ΤΕΙ-ΑΣΚΟΥΜΕΝΩΝ Ο.Α.Ε.Δ. (001607),,,66.16,anonymous sponsor (empty sponsorAFMName)
Ψ6Π54690Β3-0Μ7,2022-12-27,ΕΝΤΑΛΜΑ ΠΛΗΡΩΜΗΣ ΕΠΟΧΙΚΟ ΠΡΟΣΩΠΙΚΟ ΚΑΘΑΡΙΟΤΗΤΑΣ (999111999),,,31625.82,anonymous sponsor (empty sponsorAFMName)
6ΧΧΧ4690Β3-Σ60,2022-12-27,ΕΝΤΑΛΜΑ ΠΛΗΡΩΜΗΣ ΕΠΟΧΙΚΟ ΠΡΟΣΩΠΙΚΟ ΚΑΘΑΡΙΟΤΗΤΑΣ (999111999),,,37390.64,anonymous sponsor (empty sponsorAFMName)
9ΕΡ64690Β3-Π59,2022-12-27,ΕΝΤΑΛΜΑ ΠΛΗΡΩΜΗΣ ΕΠΙΚΟΥΡΙΚΟ ΝΟΣΗΛΕΥΤΙΚΟ-ΠΑΡΑΪΑΤΡΙΚΟ ΠΡΟΣΩΠΙΚΟ (000001634),,,26627.31,anonymous sponsor (empty sponsorAFMName)
ΨΝ134690Β3-Υ9Π,2022-12-27,ΕΝΤΑΛΜΑ ΠΛΗΡΩΜΗΣ ΑΠΟΖΗΜΙΩΣΗ ΕΦΗΜΕΡΙΩΝ (002535),,,86.00,anonymous sponsor (empty sponsorAFMName)
ΨΑ6Β4690Β3-Ω24,2022-12-27,ΕΝΤΑΛΜΑ ΠΛΗΡΩΜΗΣ ΑΠΟΖΗΜΙΩΣΗ ΕΦΗΜΕΡΙΩΝ (002535),,,1008.88,anonymous sponsor (empty sponsorAFMName)
ΨΔΕΕ4690Β3-ΔΑ7,2022-12-27,ΕΝΤΑΛΜΑ ΠΛΗΡΩΜΗΣ ΑΠΟΖΗΜΙΩΣΗ ΕΦΗΜΕΡΙΩΝ (002535),,,788.60,anonymous sponsor (empty sponsorAFMName)
66ΜΧ4690Β3-ΥΨΑ,2022-12-27,ΕΝΤΑΛΜΑ ΠΛΗΡΩΜΗΣ ΑΠΟΖΗΜΙΩΣΗ ΕΦΗΜΕΡΙΩΝ (002535),,,2767.12,anonymous sponsor (empty sponsorAFMName)
Ψ6ΔΦ4690Β3-748,2022-12-27,ΕΝΤΑΛΜΑ ΠΛΗΡΩΜΗΣ ΑΠΟΖΗΜΙΩΣΗ ΕΦΗΜΕΡΙΩΝ (002535),,,11987.82,anonymous sponsor (empty sponsorAFMName)
ΨΜ9Τ4690Β3-54Ι,2022-12-27,ΕΝΤΑΛΜΑ ΠΛΗΡΩΜΗΣ ΑΠΟΖΗΜΙΩΣΗ ΕΦΗΜΕΡΙΩΝ (002535),,,927.63,anonymous sponsor (empty sponsorAFMName)
9ΞΒΗ4690Β3-Α9Α,2022-12-27,ΕΝΤΑΛΜΑ ΠΛΗΡΩΜΗΣ ΑΠΟΖΗΜΙΩΣΗ ΕΦΗΜΕΡΙΩΝ (002535),,,451.60,anonymous sponsor (empty sponsorAFMName)
6ΒΡ44690Β3-ΞΕΚ,2022-12-27,ΕΝΤΑΛΜΑ ΠΛΗΡΩΜΗΣ ΑΠΟΖΗΜΙΩΣΗ ΕΦΗΜΕΡΙΩΝ (002535),,,3654.44,anonymous sponsor (empty sponsorAFMName)
ΨΒΣΗ4690Β3-58Ω,2022-12-27,ΕΝΤΑΛΜΑ ΠΛΗΡΩΜΗΣ ΑΠΟΖΗΜΙΩΣΗ ΕΦΗΜΕΡΙΩΝ (002535),,,13170.76,anonymous sponsor (empty sponsorAFMName)
6ΥΘΩ4690Β3-0ΨΟ,2022-12-27,ΕΝΤΑΛΜΑ ΠΛΗΡΩΜΗΣ ΑΠΟΖΗΜΙΩΣΗ ΕΦΗΜΕΡΙΩΝ (002535),,,113.32,anonymous sponsor (empty sponsorAFMName)
694Ψ4690Β3-ΨΣ3,2022-12-27,ΕΝΤΑΛΜΑ ΠΛΗΡΩΜΗΣ ΑΠΟΖΗΜΙΩΣΗ ΕΦΗΜΕΡΙΩΝ (002535),,,300.82,anonymous sponsor (empty sponsorAFMName)
6Υ1Φ4690Β3-62Δ,2022-12-27,ΕΝΤΑΛΜΑ ΠΛΗΡΩΜΗΣ ΑΠΟΖΗΜΙΩΣΗ ΕΦΗΜΕΡΙΩΝ (002535),,,722.99,anonymous sponsor (empty sponsorAFMName)
ΨΙΞΥ4690Β3-Γ38,2022-12-27,ΕΝΤΑΛΜΑ ΠΛΗΡΩΜΗΣ ΑΠΟΖΗΜΙΩΣΗ ΕΦΗΜΕΡΙΩΝ (002535),,,2585.70,anonymous sponsor (empty sponsorAFMName)
6ΣΔΓ4690Β3-ΒΡΛ,2022-12-27,ΕΝΤΑΛΜΑ ΠΛΗΡΩΜΗΣ ΑΠΟΖΗΜΙΩΣΗ ΕΦΗΜΕΡΙΩΝ (002535),,,11885.86,anonymous sponsor (empty sponsorAFMName)
ΨΦ144690Β3-ΠΦΒ,2022-12-27,ΕΝΤΑΛΜΑ ΠΛΗΡΩΜΗΣ ΚΡΑΤ.3391-54.03.00.0001 Φ.Μ.Υ. (001512),,,81.88,anonymous sponsor (empty sponsorAFMName)
Ψ7Ξ94690Β3-ΔΜ4,2022-12-27,ΕΝΤΑΛΜΑ ΠΛΗΡΩΜΗΣ ΕΙΣΦΟΡΕΣ ΑΠΑΣΧ/ΝΩΝ ΟΑΕΔ ΜΕΣΩ ΠΡΟΓ. ΚΟΙΝΩΦ. ΧΑΡΑΚΤΗΡΑ (),,,2139.97,anonymous sponsor (empty sponsorAFMName)
9ΗΨΕ4690Β3-ΟΘΕ,2022-12-27,ΕΝΤΑΛΜΑ ΠΛΗΡΩΜΗΣ ΕΙΣΦΟΡΕΣ ΑΠΑΣΧ/ΝΩΝ ΟΑΕΔ ΜΕΣΩ ΠΡΟΓ. ΚΟΙΝΩΦ. ΧΑΡΑΚΤΗΡΑ (),,,4822.93,anonymous sponsor (empty sponsorAFMName)
6ΞΥΖ4690Β3-3ΧΞ,2022-12-27,ΕΝΤΑΛΜΑ ΠΛΗΡΩΜΗΣ ΚΡΑΤ.3391-54.03.00.0001 Φ.Μ.Υ. (001512),,,215.75,anonymous sponsor (empty sponsorAFMName)
690Θ4690Β3-Ζ9Θ,2022-12-27,ΕΝΤΑΛΜΑ ΠΛΗΡΩΜΗΣ ΚΡΑΤ.3391-54.04.02.0001 Χ/ΜΑ και ΟΓΑ Χ/ΜΩΝ (001514),,,1.22,anonymous sponsor (empty sponsorAFMName)
ΩΧΕΔ4690Β3-ΔΟΧ,2022-12-27,ΕΝΤΑΛΜΑ ΠΛΗΡΩΜΗΣ ΚΡΑΤ.3391-53.20.00.0001 ΕΛΛΗΝΙΚΟ ΔΗΜΟΣΙΟ (001506),,,702.92,anonymous sponsor (empty sponsorAFMName)
91ΜΗ4690Β3-ΔΩΡ,2022-12-27,ΕΝΤΑΛΜΑ ΠΛΗΡΩΜΗΣ ΚΡΑΤ.3391-53.20.00.0001 ΕΛΛΗΝΙΚΟ ΔΗΜΟΣΙΟ (001506),,,35.19,anonymous sponsor (empty sponsorAFMName)
6ΙΝ04690Β3-Ο9Μ,2022-12-27,ΕΝΤΑΛΜΑ ΠΛΗΡΩΜΗΣ ΚΡΑΤ.3391-54.04.02.0001 Χ/ΜΑ και ΟΓΑ Χ/ΜΩΝ (001514),,,22.62,anonymous sponsor (empty sponsorAFMName)
Ψ8474690Β3-ΔΨΜ,2022-12-27,ΕΝΤΑΛΜΑ ΠΛΗΡΩΜΗΣ ΚΡΑΤ.3391-54.04.00.0001 ΦΟΡΟΣ ΕΛΕΥΘΕΡ.ΕΠΑΓΓΕΛΜΑΤ (),,,690.06,anonymous sponsor (empty sponsorAFMName)
Ψ9ΗΝ4690Β3-ΦΒ3,2022-12-27,ΕΝΤΑΛΜΑ ΠΛΗΡΩΜΗΣ ΚΡΑΤ.3391-54.09.14.0001 ΦΟΡΟΣ ΠΡΟΜΗΘΕΥΤΩΝ (001510),,,21114.18,anonymous sponsor (empty sponsorAFMName)
9ΞΟΤ4690Β3-26Δ,2022-12-27,ΕΝΤΑΛΜΑ ΠΛΗΡΩΜΗΣ ΚΡΑΤ.3391-53.20.00.0001 ΕΛΛΗΝΙΚΟ ΔΗΜΟΣΙΟ (001506),,,9482.61,anonymous sponsor (empty sponsorAFMName)
ΨΒ6Ε4690Β3-ΨΘΘ,2022-12-27,ΕΝΤΑΛΜΑ ΠΛΗΡΩΜΗΣ ΚΡΑΤ.3391-53.20.00.0001 ΕΛΛΗΝΙΚΟ ΔΗΜΟΣΙΟ (001506),,,347.45,anonymous sponsor (empty sponsorAFMName)
62Ο84690Β3-3Ω2,2022-12-27,ΕΝΤΑΛΜΑ ΠΛΗΡΩΜΗΣ ΚΡΑΤ.3391-53.20.00.0001 ΕΛΛΗΝΙΚΟ ΔΗΜΟΣΙΟ (001506),,,308.19,anonymous sponsor (empty sponsorAFMName)
6ΥΣ64690Β3-2ΔΗ,2022-12-27,ΕΝΤΑΛΜΑ ΠΛΗΡΩΜΗΣ ΕΠΙΚΟΥΡΙΚΟ ΝΟΣΗΛΕΥΤΙΚΟ-ΠΑΡΑΪΑΤΡΙΚΟ ΠΡΟΣΩΠΙΚΟ (000001634),,,1541.08,anonymous sponsor (empty sponsorAFMName)
9ΟΕΠ4690Β3-7ΒΡ,2022-12-27,ΕΝΤΑΛΜΑ ΠΛΗΡΩΜΗΣ ΕΠΙΚΟΥΡΙΚΟ ΝΟΣΗΛΕΥΤΙΚΟ-ΠΑΡΑΪΑΤΡΙΚΟ ΠΡΟΣΩΠΙΚΟ (000001634),,,1486.99,anonymous sponsor (empty sponsorAFMName)
ΨΡ5Κ4690Β3-ΡΡΨ,2022-12-27,ΕΝΤΑΛΜΑ ΠΛΗΡΩΜΗΣ ΕΠΙΚΟΥΡΙΚΟ ΝΟΣΗΛΕΥΤΙΚΟ-ΠΑΡΑΪΑΤΡΙΚΟ ΠΡΟΣΩΠΙΚΟ (000001634),,,80676.96,anonymous sponsor (empty sponsorAFMName)
ΨΨΡ44690Β3-9ΙΞ,2022-12-27,ΕΝΤΑΛΜΑ ΠΛΗΡΩΜΗΣ EΠΙΚΟΥΡΙΚΟΙ ΙΑΤΡΟΙ Ε.Σ.Υ. (000001629),,,10452.50,anonymous sponsor (empty sponsorAFMName)
6Ο224690Β3-ΓΝΦ,2022-12-27,ΕΝΤΑΛΜΑ ΠΛΗΡΩΜΗΣ ΕΠΙΚΟΥΡΙΚΟ ΝΟΣΗΛΕΥΤΙΚΟ-ΠΑΡΑΪΑΤΡΙΚΟ ΠΡΟΣΩΠΙΚΟ (000001634),,,31769.87,anonymous sponsor (empty sponsorAFMName)
Ψ50Θ4690Β3-6ΘΕ,2022-12-22,ΕΝΤΑΛΜΑ ΠΛΗΡΩΜΗΣ ΕΠΙΚΟΥΡΙΚΟ ΝΟΣΗΛΕΥΤΙΚΟ-ΠΑΡΑΪΑΤΡΙΚΟ ΠΡΟΣΩΠΙΚΟ (000001634),,,1648.18,anonymous sponsor (empty sponsorAFMName)
6Π6Γ4690Β3-8Ν0,2022-12-22,ΕΝΤΑΛΜΑ ΠΛΗΡΩΜΗΣ ΑΠΟΖΗΜΙΩΣΗ ΓΙΑ ΝΥΧΤΕΡΙΝΑ-ΕΞΑΙΡΕΣΙΜΑ-ΥΠΕΡΩΡ.ΑΠΑΣΧΟΛΗΣΗ (001628),,,2084.50,anonymous sponsor (empty sponsorAFMName)
60ΗΣ4690Β3-ΩΘΛ,2022-12-22,ΕΝΤΑΛΜΑ ΠΛΗΡΩΜΗΣ ΟΔΟΙΠΟΡΙΚΑ ΕΞΟΔΑ ΠΡΟΣ. ΝΟΣ/ΜΕΙΟΥ (001626),,,160.40,anonymous sponsor (empty sponsorAFMName)
ΩΔ6Ξ4690Β3-Υ44,2022-12-19,ΕΝΤΑΛΜΑ ΠΛΗΡΩΜΗΣ ΑΠΟΖΗΜΙΩΣΗ ΕΦΗΜΕΡΙΩΝ (002535),,,500.00,anonymous sponsor (empty sponsorAFMName)
6ΜΓ64690Β3-ΘΤΓ,2022-12-19,ΕΝΤΑΛΜΑ ΠΛΗΡΩΜΗΣ ΑΠΟΖΗΜΙΩΣΗ ΕΦΗΜΕΡΙΩΝ (002535),,,4750.00,anonymous sponsor (empty sponsorAFMName)
ΨΣΓΑ4690Β3-ΔΨΞ,2022-12-19,ΕΝΤΑΛΜΑ ΠΛΗΡΩΜΗΣ ΑΠΟΖΗΜΙΩΣΗ ΕΦΗΜΕΡΙΩΝ (002535),,,1000.00,anonymous sponsor (empty sponsorAFMName)
ΨΙΤ44690Β3-ΜΕΞ,2022-12-19,ΕΝΤΑΛΜΑ ΠΛΗΡΩΜΗΣ ΑΠΟΖΗΜΙΩΣΗ ΕΦΗΜΕΡΙΩΝ (002535),,,4500.00,anonymous sponsor (empty sponsorAFMName)
ΨΒΘΧ4690Β3-ΝΙ5,2022-12-19,ΕΝΤΑΛΜΑ ΠΛΗΡΩΜΗΣ ΑΠΟΖΗΜΙΩΣΗ ΕΦΗΜΕΡΙΩΝ (002535),,,5250.00,anonymous sponsor (empty sponsorAFMName)
9ΩΜΠ4690Β3-5Λ8,2022-12-19,ΕΝΤΑΛΜΑ ΠΛΗΡΩΜΗΣ ΑΠΟΖΗΜΙΩΣΗ ΕΦΗΜΕΡΙΩΝ (002535),,,5000.00,anonymous sponsor (empty sponsorAFMName)
62Υ34690Β3-ΖΣ4,2022-12-19,ΕΝΤΑΛΜΑ ΠΛΗΡΩΜΗΣ ΑΠΟΖΗΜΙΩΣΗ ΕΦΗΜΕΡΙΩΝ (002535),,,5500.00,anonymous sponsor (empty sponsorAFMName)
66ΒΨ4690Β3-7ΤΖ,2022-12-19,ΕΝΤΑΛΜΑ ΠΛΗΡΩΜΗΣ ΑΠΟΖΗΜΙΩΣΗ ΕΦΗΜΕΡΙΩΝ (002535),,,4500.00,anonymous sponsor (empty sponsorAFMName)
ΨΩ8Ξ4690Β3-0ΡΛ,2022-12-19,ΕΝΤΑΛΜΑ ΠΛΗΡΩΜΗΣ ΑΠΟΖΗΜΙΩΣΗ ΕΦΗΜΕΡΙΩΝ (002535),,,341.10,anonymous sponsor (empty sponsorAFMName)
Ψ4ΕΩ4690Β3-ΛΙΒ,2022-12-19,ΕΝΤΑΛΜΑ ΠΛΗΡΩΜΗΣ ΑΠΟΖΗΜΙΩΣΗ ΓΙΑ ΝΥΧΤΕΡΙΝΑ-ΕΞΑΙΡΕΣΙΜΑ-ΥΠΕΡΩΡ.ΑΠΑΣΧΟΛΗΣΗ (001628),,,160.94,anonymous sponsor (empty sponsorAFMName)
623Ν4690Β3-ΗΓ8,2022-12-19,ΕΝΤΑΛΜΑ ΠΛΗΡΩΜΗΣ ΑΠΟΖΗΜΙΩΣΗ ΓΙΑ ΝΥΧΤΕΡΙΝΑ-ΕΞΑΙΡΕΣΙΜΑ-ΥΠΕΡΩΡ.ΑΠΑΣΧΟΛΗΣΗ (001628),,,96.22,anonymous sponsor (empty sponsorAFMName)
ΩΧ1Ο4690Β3-ΝΙΒ,2022-12-19,ΕΝΤΑΛΜΑ ΠΛΗΡΩΜΗΣ ΑΠΟΖΗΜΙΩΣΗ ΓΙΑ ΝΥΧΤΕΡΙΝΑ-ΕΞΑΙΡΕΣΙΜΑ-ΥΠΕΡΩΡ.ΑΠΑΣΧΟΛΗΣΗ (001628),,,649.75,anonymous sponsor (empty sponsorAFMName)
6Θ254690Β3-55Υ,2022-12-16,ΕΝΤΑΛΜΑ ΠΛΗΡΩΜΗΣ ΑΠΟΖΗΜΙΩΣΗ ΓΙΑ ΝΥΧΤΕΡΙΝΑ-ΕΞΑΙΡΕΣΙΜΑ-ΥΠΕΡΩΡ.ΑΠΑΣΧΟΛΗΣΗ (001628),,,448.49,anonymous sponsor (empty sponsorAFMName)
9ΩΘ34690Β3-ΤΓΜ,2022-12-16,ΕΝΤΑΛΜΑ ΠΛΗΡΩΜΗΣ ΑΠΟΖΗΜΙΩΣΗ ΓΙΑ ΝΥΧΤΕΡΙΝΑ-ΕΞΑΙΡΕΣΙΜΑ-ΥΠΕΡΩΡ.ΑΠΑΣΧΟΛΗΣΗ (001628),,,190.44,anonymous sponsor (empty sponsorAFMName)
6ΝΠΩ4690Β3-Ρ8Ω,2022-12-16,ΕΝΤΑΛΜΑ ΠΛΗΡΩΜΗΣ ΑΠΟΖΗΜΙΩΣΗ ΓΙΑ ΝΥΧΤΕΡΙΝΑ-ΕΞΑΙΡΕΣΙΜΑ-ΥΠΕΡΩΡ.ΑΠΑΣΧΟΛΗΣΗ (001628),,,5160.30,anonymous sponsor (empty sponsorAFMName)
6Β744690Β3-Χ5Β,2022-12-16,ΕΝΤΑΛΜΑ ΠΛΗΡΩΜΗΣ ΑΠΟΖΗΜΙΩΣΗ ΓΙΑ ΝΥΧΤΕΡΙΝΑ-ΕΞΑΙΡΕΣΙΜΑ-ΥΠΕΡΩΡ.ΑΠΑΣΧΟΛΗΣΗ (001628),,,66.88,anonymous sponsor (empty sponsorAFMName)
9Ζ884690Β3-ΛΡΩ,2022-12-16,ΕΝΤΑΛΜΑ ΠΛΗΡΩΜΗΣ ΑΠΟΖΗΜΙΩΣΗ ΓΙΑ ΝΥΧΤΕΡΙΝΑ-ΕΞΑΙΡΕΣΙΜΑ-ΥΠΕΡΩΡ.ΑΠΑΣΧΟΛΗΣΗ (001628),,,1650.61,anonymous sponsor (empty sponsorAFMName)
ΩΑΩΦ4690Β3-Λ5Β,2022-12-16,ΕΝΤΑΛΜΑ ΠΛΗΡΩΜΗΣ ΑΠΟΖΗΜΙΩΣΗ ΓΙΑ ΝΥΧΤΕΡΙΝΑ-ΕΞΑΙΡΕΣΙΜΑ-ΥΠΕΡΩΡ.ΑΠΑΣΧΟΛΗΣΗ (001628),,,94.56,anonymous sponsor (empty sponsorAFMName)
6ΥΜΖ4690Β3-59Ι,2022-12-16,ΕΝΤΑΛΜΑ ΠΛΗΡΩΜΗΣ ΑΠΟΖΗΜΙΩΣΗ ΓΙΑ ΝΥΧΤΕΡΙΝΑ-ΕΞΑΙΡΕΣΙΜΑ-ΥΠΕΡΩΡ.ΑΠΑΣΧΟΛΗΣΗ (001628),,,1933.65,anonymous sponsor (empty sponsorAFMName)
6Σ094690Β3-ΓΜΘ,2022-12-16,ΕΝΤΑΛΜΑ ΠΛΗΡΩΜΗΣ ΑΠΟΖΗΜΙΩΣΗ ΓΙΑ ΝΥΧΤΕΡΙΝΑ-ΕΞΑΙΡΕΣΙΜΑ-ΥΠΕΡΩΡ.ΑΠΑΣΧΟΛΗΣΗ (001628),,,6147.18,anonymous sponsor (empty sponsorAFMName)
9ΙΖΩ4690Β3-Κ3Ζ,2022-12-16,ΕΝΤΑΛΜΑ ΠΛΗΡΩΜΗΣ ΑΠΟΖΗΜΙΩΣΗ ΓΙΑ ΝΥΧΤΕΡΙΝΑ-ΕΞΑΙΡΕΣΙΜΑ-ΥΠΕΡΩΡ.ΑΠΑΣΧΟΛΗΣΗ (001628),,,419.03,anonymous sponsor (empty sponsorAFMName)
ΨΓ764690Β3-0ΔΘ,2022-12-16,ΕΝΤΑΛΜΑ ΠΛΗΡΩΜΗΣ ΑΠΟΖΗΜΙΩΣΗ ΓΙΑ ΝΥΧΤΕΡΙΝΑ-ΕΞΑΙΡΕΣΙΜΑ-ΥΠΕΡΩΡ.ΑΠΑΣΧΟΛΗΣΗ (001628),,,392.50,anonymous sponsor (empty sponsorAFMName)
9ΕΝΨ4690Β3-Π4Σ,2022-12-16,ΕΝΤΑΛΜΑ ΠΛΗΡΩΜΗΣ ΑΠΟΖΗΜΙΩΣΗ ΓΙΑ ΝΥΧΤΕΡΙΝΑ-ΕΞΑΙΡΕΣΙΜΑ-ΥΠΕΡΩΡ.ΑΠΑΣΧΟΛΗΣΗ (001628),,,722.99,anonymous sponsor (empty sponsorAFMName)
6ΨΘΣ4690Β3-42Ο,2022-12-16,ΕΝΤΑΛΜΑ ΠΛΗΡΩΜΗΣ ΑΠΟΖΗΜΙΩΣΗ ΓΙΑ ΝΥΧΤΕΡΙΝΑ-ΕΞΑΙΡΕΣΙΜΑ-ΥΠΕΡΩΡ.ΑΠΑΣΧΟΛΗΣΗ (001628),,,941.86,anonymous sponsor (empty sponsorAFMName)
Ω8ΦΗ4690Β3-Τ9Ψ,2022-12-16,ΕΝΤΑΛΜΑ ΠΛΗΡΩΜΗΣ ΑΠΟΖΗΜΙΩΣΗ ΓΙΑ ΝΥΧΤΕΡΙΝΑ-ΕΞΑΙΡΕΣΙΜΑ-ΥΠΕΡΩΡ.ΑΠΑΣΧΟΛΗΣΗ (001628),,,886.63,anonymous sponsor (empty sponsorAFMName)
6ΔΖΙ4690Β3-ΖΦΥ,2022-12-16,ΕΝΤΑΛΜΑ ΠΛΗΡΩΜΗΣ ΑΠΟΖΗΜΙΩΣΗ ΓΙΑ ΝΥΧΤΕΡΙΝΑ-ΕΞΑΙΡΕΣΙΜΑ-ΥΠΕΡΩΡ.ΑΠΑΣΧΟΛΗΣΗ (001628),,,1897.36,anonymous sponsor (empty sponsorAFMName)
6ΣΘ84690Β3-ΚΗΠ,2022-12-16,ΕΝΤΑΛΜΑ ΠΛΗΡΩΜΗΣ ΑΠΟΖΗΜΙΩΣΗ ΓΙΑ ΝΥΧΤΕΡΙΝΑ-ΕΞΑΙΡΕΣΙΜΑ-ΥΠΕΡΩΡ.ΑΠΑΣΧΟΛΗΣΗ (001628),,,1568.79,anonymous sponsor (empty sponsorAFMName)
92ΤΛ4690Β3-5ΟΓ,2022-12-16,ΕΝΤΑΛΜΑ ΠΛΗΡΩΜΗΣ ΑΠΟΖΗΜΙΩΣΗ ΓΙΑ ΝΥΧΤΕΡΙΝΑ-ΕΞΑΙΡΕΣΙΜΑ-ΥΠΕΡΩΡ.ΑΠΑΣΧΟΛΗΣΗ (001628),,,280.87,anonymous sponsor (empty sponsorAFMName)
68ΠΧ4690Β3-506,2022-12-16,ΕΝΤΑΛΜΑ ΠΛΗΡΩΜΗΣ ΑΠΟΖΗΜΙΩΣΗ ΓΙΑ ΝΥΧΤΕΡΙΝΑ-ΕΞΑΙΡΕΣΙΜΑ-ΥΠΕΡΩΡ.ΑΠΑΣΧΟΛΗΣΗ (001628),,,4922.41,anonymous sponsor (empty sponsorAFMName)
ΨΠΧ74690Β3-ΨΑΔ,2022-12-16,ΕΝΤΑΛΜΑ ΠΛΗΡΩΜΗΣ ΑΠΟΖΗΜΙΩΣΗ ΓΙΑ ΝΥΧΤΕΡΙΝΑ-ΕΞΑΙΡΕΣΙΜΑ-ΥΠΕΡΩΡ.ΑΠΑΣΧΟΛΗΣΗ (001628),,,1092.70,anonymous sponsor (empty sponsorAFMName)
68Θ74690Β3-Ψ8Ω,2022-12-16,ΕΝΤΑΛΜΑ ΠΛΗΡΩΜΗΣ ΑΠΟΖΗΜΙΩΣΗ ΓΙΑ ΝΥΧΤΕΡΙΝΑ-ΕΞΑΙΡΕΣΙΜΑ-ΥΠΕΡΩΡ.ΑΠΑΣΧΟΛΗΣΗ (001628),,,2960.20,anonymous sponsor (empty sponsorAFMName)
92ΡΧ4690Β3-0Λ9,2022-12-16,ΕΝΤΑΛΜΑ ΠΛΗΡΩΜΗΣ ΑΠΟΖΗΜΙΩΣΗ ΓΙΑ ΝΥΧΤΕΡΙΝΑ-ΕΞΑΙΡΕΣΙΜΑ-ΥΠΕΡΩΡ.ΑΠΑΣΧΟΛΗΣΗ (001628),,,289.22,anonymous sponsor (empty sponsorAFMName)
Ω3ΘΕ4690Β3-ΧΤ5,2022-12-16,ΕΝΤΑΛΜΑ ΠΛΗΡΩΜΗΣ ΑΠΟΖΗΜΙΩΣΗ ΓΙΑ ΝΥΧΤΕΡΙΝΑ-ΕΞΑΙΡΕΣΙΜΑ-ΥΠΕΡΩΡ.ΑΠΑΣΧΟΛΗΣΗ (001628),,,1493.67,anonymous sponsor (empty sponsorAFMName)
6ΦΔΤ4690Β3-ΑΩΒ,2022-12-16,ΕΝΤΑΛΜΑ ΠΛΗΡΩΜΗΣ ΑΠΟΖΗΜΙΩΣΗ ΓΙΑ ΝΥΧΤΕΡΙΝΑ-ΕΞΑΙΡΕΣΙΜΑ-ΥΠΕΡΩΡ.ΑΠΑΣΧΟΛΗΣΗ (001628),,,6496.88,anonymous sponsor (empty sponsorAFMName)
Ψ54Φ4690Β3-Ο41,2022-12-16,ΕΝΤΑΛΜΑ ΠΛΗΡΩΜΗΣ ΑΠΟΖΗΜΙΩΣΗ ΓΙΑ ΝΥΧΤΕΡΙΝΑ-ΕΞΑΙΡΕΣΙΜΑ-ΥΠΕΡΩΡ.ΑΠΑΣΧΟΛΗΣΗ (001628),,,7247.91,anonymous sponsor (empty sponsorAFMName)
64ΕΝ4690Β3-ΑΡΠ,2022-12-16,ΕΝΤΑΛΜΑ ΠΛΗΡΩΜΗΣ ΑΠΟΖΗΜΙΩΣΗ ΓΙΑ ΝΥΧΤΕΡΙΝΑ-ΕΞΑΙΡΕΣΙΜΑ-ΥΠΕΡΩΡ.ΑΠΑΣΧΟΛΗΣΗ (001628),,,1195.87,anonymous sponsor (empty sponsorAFMName)
6ΝΔ44690Β3-9ΩΧ,2022-12-16,ΕΝΤΑΛΜΑ ΠΛΗΡΩΜΗΣ ΑΠΟΖΗΜΙΩΣΗ ΕΦΗΜΕΡΙΩΝ (002535),,,1758.48,anonymous sponsor (empty sponsorAFMName)
6ΒΖ64690Β3-ΘΡΖ,2022-12-16,ΕΝΤΑΛΜΑ ΠΛΗΡΩΜΗΣ ΑΠΟΖΗΜΙΩΣΗ ΕΦΗΜΕΡΙΩΝ (002535),,,4456.50,anonymous sponsor (empty sponsorAFMName)
ΨΝΘΕ4690Β3-93Υ,2022-12-16,ΕΝΤΑΛΜΑ ΠΛΗΡΩΜΗΣ ΑΠΟΖΗΜΙΩΣΗ ΕΦΗΜΕΡΙΩΝ (002535),,,1426.04,anonymous sponsor (empty sponsorAFMName)
ΨΟΦΝ4690Β3-7Ξ6,2022-12-16,ΕΝΤΑΛΜΑ ΠΛΗΡΩΜΗΣ ΑΠΟΖΗΜΙΩΣΗ ΕΦΗΜΕΡΙΩΝ (002535),,,879.24,anonymous sponsor (empty sponsorAFMName)
ΨΔΟΚ4690Β3-ΓΚΙ,2022-12-16,ΕΝΤΑΛΜΑ ΠΛΗΡΩΜΗΣ ΑΠΟΖΗΜΙΩΣΗ ΕΦΗΜΕΡΙΩΝ (002535),,,17715.96,anonymous sponsor (empty sponsorAFMName)
6Δ4Σ4690Β3-4ΟΞ,2022-12-16,ΕΝΤΑΛΜΑ ΠΛΗΡΩΜΗΣ ΑΠΟΖΗΜΙΩΣΗ ΕΦΗΜΕΡΙΩΝ (002535),,,21821.28,anonymous sponsor (empty sponsorAFMName)
68ΑΝ4690Β3-ΝΥΛ,2022-12-16,ΕΝΤΑΛΜΑ ΠΛΗΡΩΜΗΣ ΑΠΟΖΗΜΙΩΣΗ ΕΦΗΜΕΡΙΩΝ (002535),,,80093.95,anonymous sponsor (empty sponsorAFMName)
65ΗΨ4690Β3-Ξ3Β,2022-12-16,ΕΝΤΑΛΜΑ ΠΛΗΡΩΜΗΣ ΑΠΟΖΗΜΙΩΣΗ ΕΦΗΜΕΡΙΩΝ (002535),,,1758.48,anonymous sponsor (empty sponsorAFMName)
6ΚΝΖ4690Β3-ΜΕΥ,2022-12-16,ΕΝΤΑΛΜΑ ΠΛΗΡΩΜΗΣ ΑΠΟΖΗΜΙΩΣΗ ΕΦΗΜΕΡΙΩΝ (002535),,,5047.64,anonymous sponsor (empty sponsorAFMName)
6ΞΔΥ4690Β3-ΞΔΨ,2022-12-16,ΕΝΤΑΛΜΑ ΠΛΗΡΩΜΗΣ ΑΠΟΖΗΜΙΩΣΗ ΕΦΗΜΕΡΙΩΝ (002535),,,1426.04,anonymous sponsor (empty sponsorAFMName)
ΩΝΓΟ4690Β3-Φ1Δ,2022-12-16,ΕΝΤΑΛΜΑ ΠΛΗΡΩΜΗΣ ΑΠΟΖΗΜΙΩΣΗ ΕΦΗΜΕΡΙΩΝ (002535),,,19177.07,anonymous sponsor (empty sponsorAFMName)
ΩΤ1Θ4690Β3-ΙΚΖ,2022-12-16,ΕΝΤΑΛΜΑ ΠΛΗΡΩΜΗΣ ΑΠΟΖΗΜΙΩΣΗ ΕΦΗΜΕΡΙΩΝ (002535),,,19958.26,anonymous sponsor (empty sponsorAFMName)
ΨΒΔ94690Β3-Ο1Ψ,2022-12-16,ΕΝΤΑΛΜΑ ΠΛΗΡΩΜΗΣ ΑΠΟΖΗΜΙΩΣΗ ΕΦΗΜΕΡΙΩΝ (002535),,,81715.27,anonymous sponsor (empty sponsorAFMName)
Ψ4ΟΓ4690Β3-ΑΦΝ,2022-12-14,ΕΝΤΑΛΜΑ ΠΛΗΡΩΜΗΣ ΔΙΚΑΙΟΥΧΟΙ ΑΜΟΙΒΩΝ (001600),,,12.29,anonymous sponsor (empty sponsorAFMName)
Ψ2ΦΜ4690Β3-ΩΘΥ,2022-12-08,ΕΝΤΑΛΜΑ ΠΛΗΡΩΜΗΣ ΔΑΠΕΡΓΟΛΑΣ Γ. ΚΩΝΣΤΑΝΤΙΝΟΣ- ΑΝΔΡΟΝΙΚΟΣ (129585310),,,595.20,anonymous sponsor (empty sponsorAFMName)
6ΞΒΕ4690Β3-Κ6Υ,2022-12-07,ΕΝΤΑΛΜΑ ΠΛΗΡΩΜΗΣ ΕΝΟΡΑΣΙΣ ΑΕ (094503580),,,1689.10,anonymous sponsor (empty sponsorAFMName)
ΨΒΜΓ4690Β3-ΖΚΕ,2022-12-07,ΕΝΤΑΛΜΑ ΠΛΗΡΩΜΗΣ LUNDBECK HELLAS S.A (094434000),,,483.86,anonymous sponsor (empty sponsorAFMName)
68Χ94690Β3-3ΜΟ,2022-12-07,ΕΝΤΑΛΜΑ ΠΛΗΡΩΜΗΣ ΑΠΟΖΗΜΙΩΣΗ ΓΙΑ ΝΥΧΤΕΡΙΝΑ-ΕΞΑΙΡΕΣΙΜΑ-ΥΠΕΡΩΡ.ΑΠΑΣΧΟΛΗΣΗ (001628),,,83.60,anonymous sponsor (empty sponsorAFMName)
Ω2Π64690Β3-Ψ22,2022-12-07,ΕΝΤΑΛΜΑ ΠΛΗΡΩΜΗΣ ΑΠΟΖΗΜΙΩΣΗ ΓΙΑ ΝΥΧΤΕΡΙΝΑ-ΕΞΑΙΡΕΣΙΜΑ-ΥΠΕΡΩΡ.ΑΠΑΣΧΟΛΗΣΗ (001628),,,2040.29,anonymous sponsor (empty sponsorAFMName)
6ΓΖΤ4690Β3-ΨΣ9,2022-12-07,ΕΝΤΑΛΜΑ ΠΛΗΡΩΜΗΣ ΑΠΟΖΗΜΙΩΣΗ ΓΙΑ ΝΥΧΤΕΡΙΝΑ-ΕΞΑΙΡΕΣΙΜΑ-ΥΠΕΡΩΡ.ΑΠΑΣΧΟΛΗΣΗ (001628),,,174.75,anonymous sponsor (empty sponsorAFMName)
67Μ84690Β3-ΚΑ0,2022-12-07,ΕΝΤΑΛΜΑ ΠΛΗΡΩΜΗΣ ΑΠΟΖΗΜΙΩΣΗ ΓΙΑ ΝΥΧΤΕΡΙΝΑ-ΕΞΑΙΡΕΣΙΜΑ-ΥΠΕΡΩΡ.ΑΠΑΣΧΟΛΗΣΗ (001628),,,2154.28,anonymous sponsor (empty sponsorAFMName)
ΨΚ6Ι4690Β3-2Ν2,2022-12-07,ΕΝΤΑΛΜΑ ΠΛΗΡΩΜΗΣ ΑΠΟΖΗΜΙΩΣΗ ΓΙΑ ΝΥΧΤΕΡΙΝΑ-ΕΞΑΙΡΕΣΙΜΑ-ΥΠΕΡΩΡ.ΑΠΑΣΧΟΛΗΣΗ (001628),,,197.34,anonymous sponsor (empty sponsorAFMName)
ΩΤ2Υ4690Β3-09Θ,2022-12-07,ΕΝΤΑΛΜΑ ΠΛΗΡΩΜΗΣ ΑΠΟΖΗΜΙΩΣΗ ΓΙΑ ΝΥΧΤΕΡΙΝΑ-ΕΞΑΙΡΕΣΙΜΑ-ΥΠΕΡΩΡ.ΑΠΑΣΧΟΛΗΣΗ (001628),,,467.28,anonymous sponsor (empty sponsorAFMName)
ΩΝΨΜ4690Β3-5ΗΧ,2022-12-07,ΕΝΤΑΛΜΑ ΠΛΗΡΩΜΗΣ ΑΠΟΖΗΜΙΩΣΗ ΓΙΑ ΝΥΧΤΕΡΙΝΑ-ΕΞΑΙΡΕΣΙΜΑ-ΥΠΕΡΩΡ.ΑΠΑΣΧΟΛΗΣΗ (001628),,,6513.65,anonymous sponsor (empty sponsorAFMName)
6ΘΠΕ4690Β3-6ΞΘ,2022-12-06,ΕΝΤΑΛΜΑ ΠΛΗΡΩΜΗΣ ΑΠΟΖΗΜΙΩΣΗ ΓΙΑ ΝΥΧΤΕΡΙΝΑ-ΕΞΑΙΡΕΣΙΜΑ-ΥΠΕΡΩΡ.ΑΠΑΣΧΟΛΗΣΗ (001628),,,6795.35,anonymous sponsor (empty sponsorAFMName)
68ΝΕ4690Β3-ΞΙ0,2022-12-06,ΕΝΤΑΛΜΑ ΠΛΗΡΩΜΗΣ ΑΠΟΖΗΜΙΩΣΗ ΓΙΑ ΝΥΧΤΕΡΙΝΑ-ΕΞΑΙΡΕΣΙΜΑ-ΥΠΕΡΩΡ.ΑΠΑΣΧΟΛΗΣΗ (001628),,,347.66,anonymous sponsor (empty sponsorAFMName)
ΨΥΖΠ4690Β3-156,2022-12-06,ΕΝΤΑΛΜΑ ΠΛΗΡΩΜΗΣ ΑΠΟΖΗΜΙΩΣΗ ΓΙΑ ΝΥΧΤΕΡΙΝΑ-ΕΞΑΙΡΕΣΙΜΑ-ΥΠΕΡΩΡ.ΑΠΑΣΧΟΛΗΣΗ (001628),,,1195.87,anonymous sponsor (empty sponsorAFMName)
63ΒΤ4690Β3-ΡΨΗ,2022-12-06,ΕΝΤΑΛΜΑ ΠΛΗΡΩΜΗΣ ΑΠΟΖΗΜΙΩΣΗ ΓΙΑ ΝΥΧΤΕΡΙΝΑ-ΕΞΑΙΡΕΣΙΜΑ-ΥΠΕΡΩΡ.ΑΠΑΣΧΟΛΗΣΗ (001628),,,871.87,anonymous sponsor (empty sponsorAFMName)
69Ο34690Β3-0Κ6,2022-12-06,ΕΝΤΑΛΜΑ ΠΛΗΡΩΜΗΣ ΑΠΟΖΗΜΙΩΣΗ ΓΙΑ ΝΥΧΤΕΡΙΝΑ-ΕΞΑΙΡΕΣΙΜΑ-ΥΠΕΡΩΡ.ΑΠΑΣΧΟΛΗΣΗ (001628),,,1045.95,anonymous sponsor (empty sponsorAFMName)
6ΠΠΜ4690Β3-1Ε8,2022-12-06,ΕΝΤΑΛΜΑ ΠΛΗΡΩΜΗΣ ΑΠΟΖΗΜΙΩΣΗ ΓΙΑ ΝΥΧΤΕΡΙΝΑ-ΕΞΑΙΡΕΣΙΜΑ-ΥΠΕΡΩΡ.ΑΠΑΣΧΟΛΗΣΗ (001628),,,646.38,anonymous sponsor (empty sponsorAFMName)
Ψ6934690Β3-ΨΥ9,2022-12-06,ΕΝΤΑΛΜΑ ΠΛΗΡΩΜΗΣ ΑΠΟΖΗΜΙΩΣΗ ΓΙΑ ΝΥΧΤΕΡΙΝΑ-ΕΞΑΙΡΕΣΙΜΑ-ΥΠΕΡΩΡ.ΑΠΑΣΧΟΛΗΣΗ (001628),,,1364.37,anonymous sponsor (empty sponsorAFMName)
ΩΤΛΟ4690Β3-ΦΤΚ,2022-12-06,ΕΝΤΑΛΜΑ ΠΛΗΡΩΜΗΣ ΑΠΟΖΗΜΙΩΣΗ ΓΙΑ ΝΥΧΤΕΡΙΝΑ-ΕΞΑΙΡΕΣΙΜΑ-ΥΠΕΡΩΡ.ΑΠΑΣΧΟΛΗΣΗ (001628),,,310.81,anonymous sponsor (empty sponsorAFMName)
6Ι594690Β3-8ΝΗ,2022-12-06,ΕΝΤΑΛΜΑ ΠΛΗΡΩΜΗΣ ΑΠΟΖΗΜΙΩΣΗ ΓΙΑ ΝΥΧΤΕΡΙΝΑ-ΕΞΑΙΡΕΣΙΜΑ-ΥΠΕΡΩΡ.ΑΠΑΣΧΟΛΗΣΗ (001628),,,394.44,anonymous sponsor (empty sponsorAFMName)
ΩΤ8Τ4690Β3-ΨΒ9,2022-12-06,ΕΝΤΑΛΜΑ ΠΛΗΡΩΜΗΣ ΑΠΟΖΗΜΙΩΣΗ ΓΙΑ ΝΥΧΤΕΡΙΝΑ-ΕΞΑΙΡΕΣΙΜΑ-ΥΠΕΡΩΡ.ΑΠΑΣΧΟΛΗΣΗ (001628),,,6416.42,anonymous sponsor (empty sponsorAFMName)
ΨΟΗΦ4690Β3-ΒΛΕ,2022-12-06,ΕΝΤΑΛΜΑ ΠΛΗΡΩΜΗΣ ΑΠΟΖΗΜΙΩΣΗ ΓΙΑ ΝΥΧΤΕΡΙΝΑ-ΕΞΑΙΡΕΣΙΜΑ-ΥΠΕΡΩΡ.ΑΠΑΣΧΟΛΗΣΗ (001628),,,1235.63,anonymous sponsor (empty sponsorAFMName)
Ψ6ΞΟ4690Β3-ΣΩΥ,2022-12-06,ΕΝΤΑΛΜΑ ΠΛΗΡΩΜΗΣ ΑΠΟΖΗΜΙΩΣΗ ΓΙΑ ΝΥΧΤΕΡΙΝΑ-ΕΞΑΙΡΕΣΙΜΑ-ΥΠΕΡΩΡ.ΑΠΑΣΧΟΛΗΣΗ (001628),,,3659.99,anonymous sponsor (empty sponsorAFMName)
6ΜΔ74690Β3-Γ0Ξ,2022-12-06,ΕΝΤΑΛΜΑ ΠΛΗΡΩΜΗΣ ΑΠΟΖΗΜΙΩΣΗ ΓΙΑ ΝΥΧΤΕΡΙΝΑ-ΕΞΑΙΡΕΣΙΜΑ-ΥΠΕΡΩΡ.ΑΠΑΣΧΟΛΗΣΗ (001628),,,370.02,anonymous sponsor (empty sponsorAFMName)
6Κ1Ψ4690Β3-ΔΗ6,2022-12-06,ΕΝΤΑΛΜΑ ΠΛΗΡΩΜΗΣ ΑΠΟΖΗΜΙΩΣΗ ΓΙΑ ΝΥΧΤΕΡΙΝΑ-ΕΞΑΙΡΕΣΙΜΑ-ΥΠΕΡΩΡ.ΑΠΑΣΧΟΛΗΣΗ (001628),,,1806.13,anonymous sponsor (empty sponsorAFMName)
6ΨΘΑ4690Β3-43Ο,2022-12-06,ΕΝΤΑΛΜΑ ΠΛΗΡΩΜΗΣ ΑΠΟΖΗΜΙΩΣΗ ΓΙΑ ΝΥΧΤΕΡΙΝΑ-ΕΞΑΙΡΕΣΙΜΑ-ΥΠΕΡΩΡ.ΑΠΑΣΧΟΛΗΣΗ (001628),,,7292.38,anonymous sponsor (empty sponsorAFMName)
Ω55Β4690Β3-ΘΤ8,2022-12-06,ΕΝΤΑΛΜΑ ΠΛΗΡΩΜΗΣ ΑΠΟΖΗΜΙΩΣΗ ΓΙΑ ΝΥΧΤΕΡΙΝΑ-ΕΞΑΙΡΕΣΙΜΑ-ΥΠΕΡΩΡ.ΑΠΑΣΧΟΛΗΣΗ (001628),,,7908.24,anonymous sponsor (empty sponsorAFMName)
ΩΧΤΦ4690Β3-2Ψ0,2022-12-06,ΕΝΤΑΛΜΑ ΠΛΗΡΩΜΗΣ ΑΠΟΖΗΜΙΩΣΗ ΓΙΑ ΝΥΧΤΕΡΙΝΑ-ΕΞΑΙΡΕΣΙΜΑ-ΥΠΕΡΩΡ.ΑΠΑΣΧΟΛΗΣΗ (001628),,,1655.50,anonymous sponsor (empty sponsorAFMName)
6ΝΠΦ4690Β3-ΔΑΕ,2022-12-06,ΕΝΤΑΛΜΑ ΠΛΗΡΩΜΗΣ ΔΙΚΑΙΟΥΧΟΙ ΑΜΟΙΒΩΝ (001600),,,771.00,anonymous sponsor (empty sponsorAFMName)
6ΚΜΟ4690Β3-ΥΡ9,2022-12-02,ΕΝΤΑΛΜΑ ΠΛΗΡΩΜΗΣ ΕΠΙΚΟΥΡΙΚΟ ΝΟΣΗΛΕΥΤΙΚΟ-ΠΑΡΑΪΑΤΡΙΚΟ ΠΡΟΣΩΠΙΚΟ (000001634),,,2043.49,anonymous sponsor (empty sponsorAFMName)
Ω5Υ14690Β3-ΜΛΓ,2022-12-02,ΕΝΤΑΛΜΑ ΠΛΗΡΩΜΗΣ ΕΠΙΚΟΥΡΙΚΟ ΝΟΣΗΛΕΥΤΙΚΟ-ΠΑΡΑΪΑΤΡΙΚΟ ΠΡΟΣΩΠΙΚΟ (000001634),,,33302.49,anonymous sponsor (empty sponsorAFMName)
6Γ784690Β3-893,2022-12-02,ΕΝΤΑΛΜΑ ΠΛΗΡΩΜΗΣ ΑΠΟΖΗΜΙΩΣΗ ΕΦΗΜΕΡΙΩΝ (002535),,,459.54,anonymous sponsor (empty sponsorAFMName)
ΨΦ2Κ4690Β3-30Α,2022-12-02,ΕΝΤΑΛΜΑ ΠΛΗΡΩΜΗΣ ΑΠΟΖΗΜΙΩΣΗ ΕΦΗΜΕΡΙΩΝ (002535),,,778.85,anonymous sponsor (empty sponsorAFMName)
61ΦΕ4690Β3-8ΣΕ,2022-12-02,ΕΝΤΑΛΜΑ ΠΛΗΡΩΜΗΣ ΑΠΟΖΗΜΙΩΣΗ ΕΦΗΜΕΡΙΩΝ (002535),,,1348.81,anonymous sponsor (empty sponsorAFMName)
ΩΔΗΙ4690Β3-ΖΛΩ,2022-12-02,ΕΝΤΑΛΜΑ ΠΛΗΡΩΜΗΣ ΑΠΟΖΗΜΙΩΣΗ ΕΦΗΜΕΡΙΩΝ (002535),,,2337.10,anonymous sponsor (empty sponsorAFMName)
ΩΖΕ04690Β3-ΠΨΒ,2022-12-02,ΕΝΤΑΛΜΑ ΠΛΗΡΩΜΗΣ ΑΠΟΖΗΜΙΩΣΗ ΕΦΗΜΕΡΙΩΝ (002535),,,13387.31,anonymous sponsor (empty sponsorAFMName)
Ω8ΣΙ4690Β3-489,2022-12-02,ΕΝΤΑΛΜΑ ΠΛΗΡΩΜΗΣ ΑΠΟΖΗΜΙΩΣΗ ΕΦΗΜΕΡΙΩΝ (002535),,,296.83,anonymous sponsor (empty sponsorAFMName)
ΨΓ7Δ4690Β3-ΥΨΚ,2022-12-02,ΕΝΤΑΛΜΑ ΠΛΗΡΩΜΗΣ ΑΠΟΖΗΜΙΩΣΗ ΕΦΗΜΕΡΙΩΝ (002535),,,581.34,anonymous sponsor (empty sponsorAFMName)
6Ε944690Β3-ΜΒΗ,2022-12-02,ΕΝΤΑΛΜΑ ΠΛΗΡΩΜΗΣ ΑΠΟΖΗΜΙΩΣΗ ΕΦΗΜΕΡΙΩΝ (002535),,,983.57,anonymous sponsor (empty sponsorAFMName)
6Υ424690Β3-ΠΟΘ,2022-12-02,ΕΝΤΑΛΜΑ ΠΛΗΡΩΜΗΣ ΑΠΟΖΗΜΙΩΣΗ ΕΦΗΜΕΡΙΩΝ (002535),,,3258.48,anonymous sponsor (empty sponsorAFMName)
611Λ4690Β3-97Λ,2022-12-02,ΕΝΤΑΛΜΑ ΠΛΗΡΩΜΗΣ ΑΠΟΖΗΜΙΩΣΗ ΕΦΗΜΕΡΙΩΝ (002535),,,12751.65,anonymous sponsor (empty sponsorAFMName)
61624690Β3-ΥΒ9,2022-12-01,ΕΝΤΑΛΜΑ ΠΛΗΡΩΜΗΣ ΚΡΑΤ.3391-54.04.02.0001 Χ/ΜΑ και ΟΓΑ Χ/ΜΩΝ (001514),,,0.47,anonymous sponsor (empty sponsorAFMName)
ΨΞ7Φ4690Β3-50Β,2022-12-01,ΕΝΤΑΛΜΑ ΠΛΗΡΩΜΗΣ ΚΡΑΤ.3391-54.09.14.0001 ΦΟΡΟΣ ΠΡΟΜΗΘΕΥΤΩΝ (001510),,,453.85,anonymous sponsor (empty sponsorAFMName)
ΨΟΥΨ4690Β3-4Γ7,2022-12-01,ΕΝΤΑΛΜΑ ΠΛΗΡΩΜΗΣ ΚΡΑΤ.3391-53.20.00.0001 ΕΛΛΗΝΙΚΟ ΔΗΜΟΣΙΟ (001506),,,9.65,anonymous sponsor (empty sponsorAFMName)
6ΣΘ14690Β3-ΔΧΩ,2022-12-01,ΕΝΤΑΛΜΑ ΠΛΗΡΩΜΗΣ ΚΡΑΤ.3391-53.20.00.0001 ΕΛΛΗΝΙΚΟ ΔΗΜΟΣΙΟ (001506),,,3.43,anonymous sponsor (empty sponsorAFMName)
6ΙΤΔ4690Β3-ΙΓ6,2022-12-01,ΕΝΤΑΛΜΑ ΠΛΗΡΩΜΗΣ ΕΠΙΚΟΥΡΙΚΟ ΝΟΣΗΛΕΥΤΙΚΟ-ΠΑΡΑΪΑΤΡΙΚΟ ΠΡΟΣΩΠΙΚΟ (000001634),,,1541.08,anonymous sponsor (empty sponsorAFMName)
61Ω94690Β3-8ΧΕ,2022-12-01,ΕΝΤΑΛΜΑ ΠΛΗΡΩΜΗΣ ΕΠΙΚΟΥΡΙΚΟ ΝΟΣΗΛΕΥΤΙΚΟ-ΠΑΡΑΪΑΤΡΙΚΟ ΠΡΟΣΩΠΙΚΟ (000001634),,,723.80,anonymous sponsor (empty sponsorAFMName)
Ψ17Β4690Β3-ΑΜΛ,2022-12-01,ΕΝΤΑΛΜΑ ΠΛΗΡΩΜΗΣ ΕΠΙΚΟΥΡΙΚΟ ΝΟΣΗΛΕΥΤΙΚΟ-ΠΑΡΑΪΑΤΡΙΚΟ ΠΡΟΣΩΠΙΚΟ (000001634),,,80931.48,anonymous sponsor (empty sponsorAFMName)
6Ι5Υ4690Β3-ΧΗΕ,2022-12-01,ΕΝΤΑΛΜΑ ΠΛΗΡΩΜΗΣ EΠΙΚΟΥΡΙΚΟΙ ΙΑΤΡΟΙ Ε.Σ.Υ. (000001629),,,10452.50,anonymous sponsor (empty sponsorAFMName)
Ψ4ΣΑ4690Β3-Υ0Ψ,2022-12-01,ΕΝΤΑΛΜΑ ΠΛΗΡΩΜΗΣ ΕΠΙΚΟΥΡΙΚΟ ΝΟΣΗΛΕΥΤΙΚΟ-ΠΑΡΑΪΑΤΡΙΚΟ ΠΡΟΣΩΠΙΚΟ (000001634),,,1486.99,anonymous sponsor (empty sponsorAFMName)
9Κ4Ν4690Β3-ΞΒΤ,2022-11-30,ΕΝΤΑΛΜΑ ΠΛΗΡΩΜΗΣ ΑΠΟΖΗΜΕΙΩΣΗ ΤΕΙ-ΑΣΚΟΥΜΕΝΩΝ Ο.Α.Ε.Δ. (001607),,,481.40,anonymous sponsor (empty sponsorAFMName)
Ψ9ΟΥ4690Β3-63Θ,2022-11-30,ΕΝΤΑΛΜΑ ΠΛΗΡΩΜΗΣ ΑΠΟΖΗΜΕΙΩΣΗ ΤΕΙ-ΑΣΚΟΥΜΕΝΩΝ Ο.Α.Ε.Δ. (001607),,,284.45,anonymous sponsor (empty sponsorAFMName)
6Β3Ο4690Β3-Ξ0Λ,2022-11-30,ΕΝΤΑΛΜΑ ΠΛΗΡΩΜΗΣ ΠΡΟΣΩΠΙΚΟ ΤΡΑΠΕΖΟΚΟΜΙΑΣ Ι.Δ.Ο.Χ. (999000000),,,1161.31,anonymous sponsor (empty sponsorAFMName)
68Ο54690Β3-ΘΙΚ,2022-11-30,ΕΝΤΑΛΜΑ ΠΛΗΡΩΜΗΣ ΕΠΟΧΙΚΟ ΠΡΟΣΩΠΙΚΟ ΚΑΘΑΡΙΟΤΗΤΑΣ (999111999),,,37721.36,anonymous sponsor (empty sponsorAFMName)
9ΓΣΜ4690Β3-ΗΨΔ,2022-11-30,ΕΝΤΑΛΜΑ ΠΛΗΡΩΜΗΣ ΕΠΙΚΟΥΡΙΚΟ ΝΟΣΗΛΕΥΤΙΚΟ-ΠΑΡΑΪΑΤΡΙΚΟ ΠΡΟΣΩΠΙΚΟ (000001634),,,27651.20,anonymous sponsor (empty sponsorAFMName)
9Ψ974690Β3-ΓΤΣ,2022-11-30,ΕΝΤΑΛΜΑ ΠΛΗΡΩΜΗΣ EΠΙΚΟΥΡΙΚΟΙ ΙΑΤΡΟΙ Ε.Σ.Υ. (000001629),,,98.64,anonymous sponsor (empty sponsorAFMName)
Ψ23Α4690Β3-0Ε4,2022-11-30,ΕΝΤΑΛΜΑ ΠΛΗΡΩΜΗΣ EΠΙΚΟΥΡΙΚΟΙ ΙΑΤΡΟΙ Ε.Σ.Υ. (000001629),,,42920.53,anonymous sponsor (empty sponsorAFMName)
ΨΛΙ44690Β3-ΧΗΒ,2022-11-29,ΕΝΤΑΛΜΑ ΠΛΗΡΩΜΗΣ ΟΔΟΙΠΟΡΙΚΑ ΕΞΟΔΑ ΠΡΟΣ. ΝΟΣ/ΜΕΙΟΥ (001626),,,25.40,anonymous sponsor (empty sponsorAFMName)
Ω2ΜΚ4690Β3-5Ω6,2022-11-29,ΕΝΤΑΛΜΑ ΠΛΗΡΩΜΗΣ ΟΔΟΙΠΟΡΙΚΑ ΕΞΟΔΑ ΠΡΟΣ. ΝΟΣ/ΜΕΙΟΥ (001626),,,36.20,anonymous sponsor (empty sponsorAFMName)
ΨΩΧΜ4690Β3-2ΦΧ,2022-11-29,ΕΝΤΑΛΜΑ ΠΛΗΡΩΜΗΣ ΟΔΟΙΠΟΡΙΚΑ ΕΞΟΔΑ ΠΡΟΣ. ΝΟΣ/ΜΕΙΟΥ (001626),,,135.30,anonymous sponsor (empty sponsorAFMName)
ΩΣ5Ν4690Β3-1Α6,2022-11-29,ΕΝΤΑΛΜΑ ΠΛΗΡΩΜΗΣ ΟΔΟΙΠΟΡΙΚΑ ΕΞΟΔΑ ΠΡΟΣ. ΝΟΣ/ΜΕΙΟΥ (001626),,,31.20,anonymous sponsor (empty sponsorAFMName)
ΨΧ5Ρ4690Β3-Υ6Ξ,2022-11-29,ΕΝΤΑΛΜΑ ΠΛΗΡΩΜΗΣ ΟΔΟΙΠΟΡΙΚΑ ΕΞΟΔΑ ΠΡΟΣ. ΝΟΣ/ΜΕΙΟΥ (001626),,,130.30,anonymous sponsor (empty sponsorAFMName)
6Υ174690Β3-ΠΤΜ,2022-11-29,ΕΝΤΑΛΜΑ ΠΛΗΡΩΜΗΣ ΟΔΟΙΠΟΡΙΚΑ ΕΞΟΔΑ ΠΡΟΣ. ΝΟΣ/ΜΕΙΟΥ (001626),,,134.60,anonymous sponsor (empty sponsorAFMName)
ΡΟ8Ω4690Β3-6ΑΕ,2022-11-28,ΕΝΤΑΛΜΑ ΠΛΗΡΩΜΗΣ ΚΡΑΤ.3391-54.03.00.0001 Φ.Μ.Υ. (001512),,,76.89,anonymous sponsor (empty sponsorAFMName)
6Κ884690Β3-ΥΗ4,2022-11-28,ΕΝΤΑΛΜΑ ΠΛΗΡΩΜΗΣ ΚΡΑΤ.3391-54.03.00.0001 Φ.Μ.Υ. (001512),,,195.50,anonymous sponsor (empty sponsorAFMName)
6ΧΕ74690Β3-ΥΥΩ,2022-11-28,ΕΝΤΑΛΜΑ ΠΛΗΡΩΜΗΣ ΕΙΣΦΟΡΕΣ ΑΠΑΣΧ/ΝΩΝ ΟΑΕΔ ΜΕΣΩ ΠΡΟΓ. ΚΟΙΝΩΦ. ΧΑΡΑΚΤΗΡΑ (),,,2139.97,anonymous sponsor (empty sponsorAFMName)
9Σ0Ξ4690Β3-7Γ7,2022-11-28,ΕΝΤΑΛΜΑ ΠΛΗΡΩΜΗΣ ΕΙΣΦΟΡΕΣ ΑΠΑΣΧ/ΝΩΝ ΟΑΕΔ ΜΕΣΩ ΠΡΟΓ. ΚΟΙΝΩΦ. ΧΑΡΑΚΤΗΡΑ (),,,4822.93,anonymous sponsor (empty sponsorAFMName)
6ΚΕ14690Β3-8ΥΜ,2022-11-25,ΕΝΤΑΛΜΑ ΠΛΗΡΩΜΗΣ ΚΡΑΤ.3391-54.04.02.0001 Χ/ΜΑ και ΟΓΑ Χ/ΜΩΝ (001514),,,0.79,anonymous sponsor (empty sponsorAFMName)
ΩΝΖΨ4690Β3-ΥΞΡ,2022-11-25,ΕΝΤΑΛΜΑ ΠΛΗΡΩΜΗΣ ΚΡΑΤ.3391-54.09.14.0001 ΦΟΡΟΣ ΠΡΟΜΗΘΕΥΤΩΝ (001510),,,34.06,anonymous sponsor (empty sponsorAFMName)
6ΠΣΩ4690Β3-ΩΧΡ,2022-11-25,ΕΝΤΑΛΜΑ ΠΛΗΡΩΜΗΣ ΚΡΑΤ.3391-53.20.00.0001 ΕΛΛΗΝΙΚΟ ΔΗΜΟΣΙΟ (001506),,,446.38,anonymous sponsor (empty sponsorAFMName)
60ΒΩ4690Β3-ΤΨ1,2022-11-25,ΕΝΤΑΛΜΑ ΠΛΗΡΩΜΗΣ ΚΡΑΤ.3391-53.20.00.0001 ΕΛΛΗΝΙΚΟ ΔΗΜΟΣΙΟ (001506),,,22.33,anonymous sponsor (empty sponsorAFMName)
97Ν94690Β3-ΘΗΗ,2022-11-25,ΕΝΤΑΛΜΑ ΠΛΗΡΩΜΗΣ ΚΡΑΤ.3391-53.20.00.0001 ΕΛΛΗΝΙΚΟ ΔΗΜΟΣΙΟ (001506),,,0.51,anonymous sponsor (empty sponsorAFMName)
6ΒΨΕ4690Β3-ΣΦ1,2022-11-25,ΕΝΤΑΛΜΑ ΠΛΗΡΩΜΗΣ ΚΡΑΤ.3391-54.04.02.0001 Χ/ΜΑ και ΟΓΑ Χ/ΜΩΝ (001514),,,63.01,anonymous sponsor (empty sponsorAFMName)
ΨΖ624690Β3-Η3Ζ,2022-11-25,ΕΝΤΑΛΜΑ ΠΛΗΡΩΜΗΣ ΚΡΑΤ.3391-54.09.14.0001 ΦΟΡΟΣ ΠΡΟΜΗΘΕΥΤΩΝ (001510),,,62425.44,anonymous sponsor (empty sponsorAFMName)
Ω3ΛΞ4690Β3-ΣΞ2,2022-11-25,ΕΝΤΑΛΜΑ ΠΛΗΡΩΜΗΣ ΚΡΑΤ.3391-53.20.00.0001 ΕΛΛΗΝΙΚΟ ΔΗΜΟΣΙΟ (001506),,,24287.43,anonymous sponsor (empty sponsorAFMName)
9Π884690Β3-1ΡΔ,2022-11-25,ΕΝΤΑΛΜΑ ΠΛΗΡΩΜΗΣ ΚΡΑΤ.3391-53.20.00.0001 ΕΛΛΗΝΙΚΟ ΔΗΜΟΣΙΟ (001506),,,935.64,anonymous sponsor (empty sponsorAFMName)
69ΗΘ4690Β3-ΞΧΨ,2022-11-25,ΕΝΤΑΛΜΑ ΠΛΗΡΩΜΗΣ ΚΡΑΤ.3391-53.20.00.0001 ΕΛΛΗΝΙΚΟ ΔΗΜΟΣΙΟ (001506),,,12.91,anonymous sponsor (empty sponsorAFMName)
6Β764690Β3-92Γ,2022-11-25,ΕΝΤΑΛΜΑ ΠΛΗΡΩΜΗΣ ΚΡΑΤ.3391-53.20.00.0001 ΕΛΛΗΝΙΚΟ ΔΗΜΟΣΙΟ (001506),,,844.74,anonymous sponsor (empty sponsorAFMName)
Ψ8304690Β3-ΨΥ1,2022-11-08,ΕΝΤΑΛΜΑ ΠΛΗΡΩΜΗΣ ΚΡΑΤ.3391-54.04.02.0001 Χ/ΜΑ και ΟΓΑ Χ/ΜΩΝ (001514),,,1.69,anonymous sponsor (empty sponsorAFMName)
9Ξ8Μ4690Β3-Θ3Ρ,2022-11-08,ΕΝΤΑΛΜΑ ΠΛΗΡΩΜΗΣ ΚΡΑΤ.3391-54.09.14.0001 ΦΟΡΟΣ ΠΡΟΜΗΘΕΥΤΩΝ (001510),,,1735.26,anonymous sponsor (empty sponsorAFMName)
91ΕΓ4690Β3-ΑΦ3,2022-11-08,ΕΝΤΑΛΜΑ ΠΛΗΡΩΜΗΣ ΚΡΑΤ.3391-53.20.00.0001 ΕΛΛΗΝΙΚΟ ΔΗΜΟΣΙΟ (001506),,,25.34,anonymous sponsor (empty sponsorAFMName)
63ΤΛ4690Β3-6Ψ4,2022-11-08,ΕΝΤΑΛΜΑ ΠΛΗΡΩΜΗΣ ΚΡΑΤ.3391-53.20.00.0001 ΕΛΛΗΝΙΚΟ ΔΗΜΟΣΙΟ (001506),,,21.72,anonymous sponsor (empty sponsorAFMName)
ΨΟ6Α4690Β3-ΓΑ1,2022-11-03,ΕΝΤΑΛΜΑ ΠΛΗΡΩΜΗΣ ΑΠΟΖΗΜΙΩΣΗ ΕΦΗΜΕΡΙΩΝ (002535),,,483.22,anonymous sponsor (empty sponsorAFMName)
ΩΑΡΟ4690Β3-2Γ6,2022-11-03,ΕΝΤΑΛΜΑ ΠΛΗΡΩΜΗΣ ΑΠΟΖΗΜΙΩΣΗ ΕΦΗΜΕΡΙΩΝ (002535),,,658.15,anonymous sponsor (empty sponsorAFMName)
6Δ3Β4690Β3-ΦΜΓ,2022-11-03,ΕΝΤΑΛΜΑ ΠΛΗΡΩΜΗΣ ΑΠΟΖΗΜΙΩΣΗ ΕΦΗΜΕΡΙΩΝ (002535),,,1395.31,anonymous sponsor (empty sponsorAFMName)
6ΟΖ84690Β3-ΤΟΣ,2022-11-03,ΕΝΤΑΛΜΑ ΠΛΗΡΩΜΗΣ ΑΠΟΖΗΜΙΩΣΗ ΕΦΗΜΕΡΙΩΝ (002535),,,3008.69,anonymous sponsor (empty sponsorAFMName)
ΨΔΩΖ4690Β3-ΥΗΟ,2022-11-03,ΕΝΤΑΛΜΑ ΠΛΗΡΩΜΗΣ ΑΠΟΖΗΜΙΩΣΗ ΕΦΗΜΕΡΙΩΝ (002535),,,11369.52,anonymous sponsor (empty sponsorAFMName)
6ΘΣ74690Β3-Ψ84,2022-11-07,ΕΝΤΑΛΜΑ ΠΛΗΡΩΜΗΣ ΕΠΙΣΤΡΟΦΗ ΕΞΕΤ/ΤΡΩΝ ΛΟΓΩ ΝΟΣΗΛΕΙΑΣ (001633),,,7482.00,anonymous sponsor (empty sponsorAFMName)
ΨΟΔ24690Β3-ΕΑΖ,2022-11-07,ΕΝΤΑΛΜΑ ΠΛΗΡΩΜΗΣ ΑΠΟΖΗΜΙΩΣΗ ΜΕΛΩΝ Δ.Σ. (001606),,,2970.00,anonymous sponsor (empty sponsorAFMName)
9Ω444690Β3-8ΥΩ,2022-11-04,ΕΝΤΑΛΜΑ ΠΛΗΡΩΜΗΣ ΔΑΠΕΡΓΟΛΑΣ Γ. ΚΩΝΣΤΑΝΤΙΝΟΣ- ΑΝΔΡΟΝΙΚΟΣ (129585310),,,954.80,anonymous sponsor (empty sponsorAFMName)
65ΙΘ4690Β3-Χ7Θ,2022-11-03,ΕΝΤΑΛΜΑ ΠΛΗΡΩΜΗΣ ΑΠΟΖΗΜΙΩΣΗ ΕΦΗΜΕΡΙΩΝ (002535),,,724.26,anonymous sponsor (empty sponsorAFMName)
ΨΩΡΑ4690Β3-ΗΙΖ,2022-11-03,ΕΝΤΑΛΜΑ ΠΛΗΡΩΜΗΣ ΑΠΟΖΗΜΙΩΣΗ ΕΦΗΜΕΡΙΩΝ (002535),,,741.67,anonymous sponsor (empty sponsorAFMName)
6ΚΜΔ4690Β3-ΛΜ5,2022-11-03,ΕΝΤΑΛΜΑ ΠΛΗΡΩΜΗΣ ΑΠΟΖΗΜΙΩΣΗ ΕΦΗΜΕΡΙΩΝ (002535),,,1850.46,anonymous sponsor (empty sponsorAFMName)
ΨΕ1Θ4690Β3-ΤΩ9,2022-11-03,ΕΝΤΑΛΜΑ ΠΛΗΡΩΜΗΣ ΑΠΟΖΗΜΙΩΣΗ ΕΦΗΜΕΡΙΩΝ (002535),,,2374.28,anonymous sponsor (empty sponsorAFMName)
ΨΚΔΜ4690Β3-7Γ5,2022-11-03,ΕΝΤΑΛΜΑ ΠΛΗΡΩΜΗΣ ΑΠΟΖΗΜΙΩΣΗ ΕΦΗΜΕΡΙΩΝ (002535),,,12534.66,anonymous sponsor (empty sponsorAFMName)
Ψ9ΝΚ4690Β3-Ο34,2022-11-03,ΕΝΤΑΛΜΑ ΠΛΗΡΩΜΗΣ ΑΠΟΖΗΜΙΩΣΗ ΕΦΗΜΕΡΙΩΝ (002535),,,738.60,anonymous sponsor (empty sponsorAFMName)
63684690Β3-ΧΓΙ,2022-11-03,ΕΝΤΑΛΜΑ ΠΛΗΡΩΜΗΣ ΑΠΟΖΗΜΙΩΣΗ ΕΦΗΜΕΡΙΩΝ (002535),,,249.84,anonymous sponsor (empty sponsorAFMName)
6ΜΜΜ4690Β3-00Τ,2022-11-03,ΕΝΤΑΛΜΑ ΠΛΗΡΩΜΗΣ ΑΠΟΖΗΜΙΩΣΗ ΕΦΗΜΕΡΙΩΝ (002535),,,721.40,anonymous sponsor (empty sponsorAFMName)
Ψ0ΜΓ4690Β3-ΞΙ5,2022-11-03,ΕΝΤΑΛΜΑ ΠΛΗΡΩΜΗΣ ΑΠΟΖΗΜΙΩΣΗ ΕΦΗΜΕΡΙΩΝ (002535),,,2068.14,anonymous sponsor (empty sponsorAFMName)
ΨΠΩ24690Β3-ΧΙΕ,2022-11-03,ΕΝΤΑΛΜΑ ΠΛΗΡΩΜΗΣ ΑΠΟΖΗΜΙΩΣΗ ΕΦΗΜΕΡΙΩΝ (002535),,,7118.34,anonymous sponsor (empty sponsorAFMName)
6ΛΔΑ4690Β3-ΧΦΘ,2022-11-03,ΕΝΤΑΛΜΑ ΠΛΗΡΩΜΗΣ ΑΠΟΖΗΜΙΩΣΗ ΕΦΗΜΕΡΙΩΝ (002535),,,1039.12,anonymous sponsor (empty sponsorAFMName)
Ψ9ΘΨ4690Β3-30Χ,2022-11-03,ΕΝΤΑΛΜΑ ΠΛΗΡΩΜΗΣ ΑΠΟΖΗΜΙΩΣΗ ΕΦΗΜΕΡΙΩΝ (002535),,,486.91,anonymous sponsor (empty sponsorAFMName)
Ω5Υ54690Β3-ΘΣΩ,2022-11-03,ΕΝΤΑΛΜΑ ΠΛΗΡΩΜΗΣ ΑΠΟΖΗΜΙΩΣΗ ΕΦΗΜΕΡΙΩΝ (002535),,,1723.49,anonymous sponsor (empty sponsorAFMName)
648Ω4690Β3-ΟΡΦ,2022-11-03,ΕΝΤΑΛΜΑ ΠΛΗΡΩΜΗΣ ΑΠΟΖΗΜΙΩΣΗ ΕΦΗΜΕΡΙΩΝ (002535),,,2796.66,anonymous sponsor (empty sponsorAFMName)
6ΨΟ54690Β3-3ΗΕ,2022-11-03,ΕΝΤΑΛΜΑ ΠΛΗΡΩΜΗΣ ΑΠΟΖΗΜΙΩΣΗ ΕΦΗΜΕΡΙΩΝ (002535),,,237.40,anonymous sponsor (empty sponsorAFMName)
61ΑΥ4690Β3-4ΩΟ,2022-11-03,ΕΝΤΑΛΜΑ ΠΛΗΡΩΜΗΣ ΑΠΟΖΗΜΙΩΣΗ ΕΦΗΜΕΡΙΩΝ (002535),,,532.40,anonymous sponsor (empty sponsorAFMName)
68ΧΙ4690Β3-Ε94,2022-11-03,ΕΝΤΑΛΜΑ ΠΛΗΡΩΜΗΣ ΑΠΟΖΗΜΙΩΣΗ ΕΦΗΜΕΡΙΩΝ (002535),,,1417.80,anonymous sponsor (empty sponsorAFMName)
ΨΛ754690Β3-Υ86,2022-11-03,ΕΝΤΑΛΜΑ ΠΛΗΡΩΜΗΣ ΑΠΟΖΗΜΙΩΣΗ ΕΦΗΜΕΡΙΩΝ (002535),,,9.23,anonymous sponsor (empty sponsorAFMName)
6ΖΛ64690Β3-ΑΗΖ,2022-11-03,ΕΝΤΑΛΜΑ ΠΛΗΡΩΜΗΣ ΑΠΟΖΗΜΙΩΣΗ ΕΦΗΜΕΡΙΩΝ (002535),,,2790.48,anonymous sponsor (empty sponsorAFMName)
6ΜΘΩ4690Β3-ΞΣΑ,2022-11-03,ΕΝΤΑΛΜΑ ΠΛΗΡΩΜΗΣ ΑΠΟΖΗΜΙΩΣΗ ΕΦΗΜΕΡΙΩΝ (002535),,,11707.20,anonymous sponsor (empty sponsorAFMName)
9ΠΜΠ4690Β3-ΔΩΞ,2022-11-02,ΕΝΤΑΛΜΑ ΠΛΗΡΩΜΗΣ ΔΙΚΑΙΟΥΧΟΙ ΑΜΟΙΒΩΝ (001600),,,322.87,anonymous sponsor (empty sponsorAFMName)
6ΦΓΓ4690Β3-ΩΦΟ,2022-11-02,ΕΝΤΑΛΜΑ ΠΛΗΡΩΜΗΣ ΕΠΙΚΟΥΡΙΚΟ ΝΟΣΗΛΕΥΤΙΚΟ-ΠΑΡΑΪΑΤΡΙΚΟ ΠΡΟΣΩΠΙΚΟ (000001634),,,1566.70,anonymous sponsor (empty sponsorAFMName)
ΨΤΡΝ4690Β3-ΣΦΩ,2022-11-02,ΕΝΤΑΛΜΑ ΠΛΗΡΩΜΗΣ ΕΠΙΚΟΥΡΙΚΟ ΝΟΣΗΛΕΥΤΙΚΟ-ΠΑΡΑΪΑΤΡΙΚΟ ΠΡΟΣΩΠΙΚΟ (000001634),,,32902.17,anonymous sponsor (empty sponsorAFMName)
Ψ04Σ4690Β3-Τ3Ξ,2022-11-02,ΕΝΤΑΛΜΑ ΠΛΗΡΩΜΗΣ ΔΙΚΑΙΟΥΧΟΙ ΑΜΟΙΒΩΝ (001600),,,771.00,anonymous sponsor (empty sponsorAFMName)
Ψ74Δ4690Β3-7ΧΕ,2022-11-02,ΕΝΤΑΛΜΑ ΠΛΗΡΩΜΗΣ ΑΠΟΖΗΜΙΩΣΗ ΓΙΑ ΝΥΧΤΕΡΙΝΑ-ΕΞΑΙΡΕΣΙΜΑ-ΥΠΕΡΩΡ.ΑΠΑΣΧΟΛΗΣΗ (001628),,,467.28,anonymous sponsor (empty sponsorAFMName)
6ΣΨΨ4690Β3-Ε7Ο,2022-11-02,ΕΝΤΑΛΜΑ ΠΛΗΡΩΜΗΣ ΑΠΟΖΗΜΙΩΣΗ ΓΙΑ ΝΥΧΤΕΡΙΝΑ-ΕΞΑΙΡΕΣΙΜΑ-ΥΠΕΡΩΡ.ΑΠΑΣΧΟΛΗΣΗ (001628),,,199.64,anonymous sponsor (empty sponsorAFMName)
644Ζ4690Β3-0ΩΙ,2022-11-02,ΕΝΤΑΛΜΑ ΠΛΗΡΩΜΗΣ ΑΠΟΖΗΜΙΩΣΗ ΓΙΑ ΝΥΧΤΕΡΙΝΑ-ΕΞΑΙΡΕΣΙΜΑ-ΥΠΕΡΩΡ.ΑΠΑΣΧΟΛΗΣΗ (001628),,,5081.26,anonymous sponsor (empty sponsorAFMName)
9ΠΠΦ4690Β3-ΗΣΜ,2022-11-01,ΕΝΤΑΛΜΑ ΠΛΗΡΩΜΗΣ ΑΠΟΖΗΜΙΩΣΗ ΓΙΑ ΝΥΧΤΕΡΙΝΑ-ΕΞΑΙΡΕΣΙΜΑ-ΥΠΕΡΩΡ.ΑΠΑΣΧΟΛΗΣΗ (001628),,,83.60,anonymous sponsor (empty sponsorAFMName)
606Θ4690Β3-46Β,2022-11-01,ΕΝΤΑΛΜΑ ΠΛΗΡΩΜΗΣ ΑΠΟΖΗΜΙΩΣΗ ΓΙΑ ΝΥΧΤΕΡΙΝΑ-ΕΞΑΙΡΕΣΙΜΑ-ΥΠΕΡΩΡ.ΑΠΑΣΧΟΛΗΣΗ (001628),,,1709.68,anonymous sponsor (empty sponsorAFMName)
9Α7Μ4690Β3-7ΘΛ,2022-11-01,ΕΝΤΑΛΜΑ ΠΛΗΡΩΜΗΣ ΑΠΟΖΗΜΙΩΣΗ ΓΙΑ ΝΥΧΤΕΡΙΝΑ-ΕΞΑΙΡΕΣΙΜΑ-ΥΠΕΡΩΡ.ΑΠΑΣΧΟΛΗΣΗ (001628),,,99.94,anonymous sponsor (empty sponsorAFMName)
9ΩΥΠ4690Β3-2Δ5,2022-11-01,ΕΝΤΑΛΜΑ ΠΛΗΡΩΜΗΣ ΑΠΟΖΗΜΙΩΣΗ ΓΙΑ ΝΥΧΤΕΡΙΝΑ-ΕΞΑΙΡΕΣΙΜΑ-ΥΠΕΡΩΡ.ΑΠΑΣΧΟΛΗΣΗ (001628),,,1617.18,anonymous sponsor (empty sponsorAFMName)
ΨΟΝ94690Β3-ΚΤΙ,2022-11-01,ΕΝΤΑΛΜΑ ΠΛΗΡΩΜΗΣ ΕΠΙΚΟΥΡΙΚΟ ΝΟΣΗΛΕΥΤΙΚΟ-ΠΑΡΑΪΑΤΡΙΚΟ ΠΡΟΣΩΠΙΚΟ (000001634),,,1486.99,anonymous sponsor (empty sponsorAFMName)
ΩΑ3Σ4690Β3-ΡΚΦ,2022-11-01,ΕΝΤΑΛΜΑ ΠΛΗΡΩΜΗΣ ΕΠΙΚΟΥΡΙΚΟ ΝΟΣΗΛΕΥΤΙΚΟ-ΠΑΡΑΪΑΤΡΙΚΟ ΠΡΟΣΩΠΙΚΟ (000001634),,,1432.41,anonymous sponsor (empty sponsorAFMName)
Ψ22Χ4690Β3-ΗΥΕ,2022-11-01,ΕΝΤΑΛΜΑ ΠΛΗΡΩΜΗΣ ΕΠΙΚΟΥΡΙΚΟ ΝΟΣΗΛΕΥΤΙΚΟ-ΠΑΡΑΪΑΤΡΙΚΟ ΠΡΟΣΩΠΙΚΟ (000001634),,,1541.08,anonymous sponsor (empty sponsorAFMName)
65Τ94690Β3-ΤΩΝ,2022-11-01,ΕΝΤΑΛΜΑ ΠΛΗΡΩΜΗΣ ΕΠΙΚΟΥΡΙΚΟ ΝΟΣΗΛΕΥΤΙΚΟ-ΠΑΡΑΪΑΤΡΙΚΟ ΠΡΟΣΩΠΙΚΟ (000001634),,,74.05,anonymous sponsor (empty sponsorAFMName)
ΨΩΛ74690Β3-11Ο,2022-11-01,ΕΝΤΑΛΜΑ ΠΛΗΡΩΜΗΣ ΕΠΙΚΟΥΡΙΚΟ ΝΟΣΗΛΕΥΤΙΚΟ-ΠΑΡΑΪΑΤΡΙΚΟ ΠΡΟΣΩΠΙΚΟ (000001634),,,82572.72,anonymous sponsor (empty sponsorAFMName)
6ΒΥ84690Β3-ΓΙΘ,2022-11-01,ΕΝΤΑΛΜΑ ΠΛΗΡΩΜΗΣ EΠΙΚΟΥΡΙΚΟΙ ΙΑΤΡΟΙ Ε.Σ.Υ. (000001629),,,262.39,anonymous sponsor (empty sponsorAFMName)
9ΠΝΧ4690Β3-ΣΨ6,2022-11-01,ΕΝΤΑΛΜΑ ΠΛΗΡΩΜΗΣ EΠΙΚΟΥΡΙΚΟΙ ΙΑΤΡΟΙ Ε.Σ.Υ. (000001629),,,10944.14,anonymous sponsor (empty sponsorAFMName)
ΨΜΞΖ4690Β3-82Δ,2022-10-31,ΕΝΤΑΛΜΑ ΠΛΗΡΩΜΗΣ ΠΡΟΣΩΠΙΚΟ ΤΡΑΠΕΖΟΚΟΜΙΑΣ Ι.Δ.Ο.Χ. (999000000),,,1161.31,anonymous sponsor (empty sponsorAFMName)
6Θ424690Β3-4ΙΔ,2022-10-31,ΕΝΤΑΛΜΑ ΠΛΗΡΩΜΗΣ ΕΠΟΧΙΚΟ ΠΡΟΣΩΠΙΚΟ ΚΑΘΑΡΙΟΤΗΤΑΣ (999111999),,,37721.36,anonymous sponsor (empty sponsorAFMName)
ΨΙ4Π4690Β3-ΠΥΕ,2022-10-31,ΕΝΤΑΛΜΑ ΠΛΗΡΩΜΗΣ ΑΠΟΖΗΜΕΙΩΣΗ ΤΕΙ-ΑΣΚΟΥΜΕΝΩΝ Ο.Α.Ε.Δ. (001607),,,33.08,anonymous sponsor (empty sponsorAFMName)
ΨΖ3Θ4690Β3-57Λ,2022-10-31,ΕΝΤΑΛΜΑ ΠΛΗΡΩΜΗΣ ΑΠΟΖΗΜΕΙΩΣΗ ΤΕΙ-ΑΣΚΟΥΜΕΝΩΝ Ο.Α.Ε.Δ. (001607),,,414.94,anonymous sponsor (empty sponsorAFMName)
ΨΔΔ34690Β3-Ψ6Ψ,2022-10-31,ΕΝΤΑΛΜΑ ΠΛΗΡΩΜΗΣ ΑΠΟΖΗΜΕΙΩΣΗ ΤΕΙ-ΑΣΚΟΥΜΕΝΩΝ Ο.Α.Ε.Δ. (001607),,,186.19,anonymous sponsor (empty sponsorAFMName)
ΨΟΦΧ4690Β3-Κ6Η,2022-10-31,ΕΝΤΑΛΜΑ ΠΛΗΡΩΜΗΣ ΕΠΙΚΟΥΡΙΚΟ ΝΟΣΗΛΕΥΤΙΚΟ-ΠΑΡΑΪΑΤΡΙΚΟ ΠΡΟΣΩΠΙΚΟ (000001634),,,27651.20,anonymous sponsor (empty sponsorAFMName)
ΨΒ004690Β3-9ΙΛ,2022-10-31,ΕΝΤΑΛΜΑ ΠΛΗΡΩΜΗΣ EΠΙΚΟΥΡΙΚΟΙ ΙΑΤΡΟΙ Ε.Σ.Υ. (000001629),,,1227.80,anonymous sponsor (empty sponsorAFMName)
Ψ6584690Β3-ΖΒΝ,2022-10-31,ΕΝΤΑΛΜΑ ΠΛΗΡΩΜΗΣ EΠΙΚΟΥΡΙΚΟΙ ΙΑΤΡΟΙ Ε.Σ.Υ. (000001629),,,50353.35,anonymous sponsor (empty sponsorAFMName)
9ΩΔΧ4690Β3-ΨΩ3,2022-11-01,ΕΝΤΑΛΜΑ ΠΛΗΡΩΜΗΣ ΑΠΟΖΗΜΙΩΣΗ ΓΙΑ ΝΥΧΤΕΡΙΝΑ-ΕΞΑΙΡΕΣΙΜΑ-ΥΠΕΡΩΡ.ΑΠΑΣΧΟΛΗΣΗ (001628),,,1686.35,anonymous sponsor (empty sponsorAFMName)
ΨΙ6Τ4690Β3-ΒΓΑ,2022-11-01,ΕΝΤΑΛΜΑ ΠΛΗΡΩΜΗΣ ΑΠΟΖΗΜΙΩΣΗ ΓΙΑ ΝΥΧΤΕΡΙΝΑ-ΕΞΑΙΡΕΣΙΜΑ-ΥΠΕΡΩΡ.ΑΠΑΣΧΟΛΗΣΗ (001628),,,427.65,anonymous sponsor (empty sponsorAFMName)
9ΕΨΤ4690Β3-ΧΦΑ,2022-11-01,ΕΝΤΑΛΜΑ ΠΛΗΡΩΜΗΣ ΑΠΟΖΗΜΙΩΣΗ ΓΙΑ ΝΥΧΤΕΡΙΝΑ-ΕΞΑΙΡΕΣΙΜΑ-ΥΠΕΡΩΡ.ΑΠΑΣΧΟΛΗΣΗ (001628),,,380.86,anonymous sponsor (empty sponsorAFMName)
Ψ7ΛΖ4690Β3-5ΛΜ,2022-11-01,ΕΝΤΑΛΜΑ ΠΛΗΡΩΜΗΣ ΑΠΟΖΗΜΙΩΣΗ ΓΙΑ ΝΥΧΤΕΡΙΝΑ-ΕΞΑΙΡΕΣΙΜΑ-ΥΠΕΡΩΡ.ΑΠΑΣΧΟΛΗΣΗ (001628),,,5009.15,anonymous sponsor (empty sponsorAFMName)
ΨΟ2Ψ4690Β3-ΤΓ4,2022-11-01,ΕΝΤΑΛΜΑ ΠΛΗΡΩΜΗΣ ΑΠΟΖΗΜΙΩΣΗ ΓΙΑ ΝΥΧΤΕΡΙΝΑ-ΕΞΑΙΡΕΣΙΜΑ-ΥΠΕΡΩΡ.ΑΠΑΣΧΟΛΗΣΗ (001628),,,867.44,anonymous sponsor (empty sponsorAFMName)
Ω2ΙΘ4690Β3-ΛΜΝ,2022-11-01,ΕΝΤΑΛΜΑ ΠΛΗΡΩΜΗΣ ΑΠΟΖΗΜΙΩΣΗ ΓΙΑ ΝΥΧΤΕΡΙΝΑ-ΕΞΑΙΡΕΣΙΜΑ-ΥΠΕΡΩΡ.ΑΠΑΣΧΟΛΗΣΗ (001628),,,590.67,anonymous sponsor (empty sponsorAFMName)
6Λ424690Β3-ΠΙΟ,2022-11-01,ΕΝΤΑΛΜΑ ΠΛΗΡΩΜΗΣ ΑΠΟΖΗΜΙΩΣΗ ΓΙΑ ΝΥΧΤΕΡΙΝΑ-ΕΞΑΙΡΕΣΙΜΑ-ΥΠΕΡΩΡ.ΑΠΑΣΧΟΛΗΣΗ (001628),,,709.20,anonymous sponsor (empty sponsorAFMName)
ΨΗΕΩ4690Β3-86Υ,2022-11-01,ΕΝΤΑΛΜΑ ΠΛΗΡΩΜΗΣ ΑΠΟΖΗΜΙΩΣΗ ΓΙΑ ΝΥΧΤΕΡΙΝΑ-ΕΞΑΙΡΕΣΙΜΑ-ΥΠΕΡΩΡ.ΑΠΑΣΧΟΛΗΣΗ (001628),,,1019.77,anonymous sponsor (empty sponsorAFMName)
63ΤΘ4690Β3-ΚΦΘ,2022-11-01,ΕΝΤΑΛΜΑ ΠΛΗΡΩΜΗΣ ΑΠΟΖΗΜΙΩΣΗ ΓΙΑ ΝΥΧΤΕΡΙΝΑ-ΕΞΑΙΡΕΣΙΜΑ-ΥΠΕΡΩΡ.ΑΠΑΣΧΟΛΗΣΗ (001628),,,534.80,anonymous sponsor (empty sponsorAFMName)
68ΔΒ4690Β3-ΧΓΝ,2022-11-01,ΕΝΤΑΛΜΑ ΠΛΗΡΩΜΗΣ ΑΠΟΖΗΜΙΩΣΗ ΓΙΑ ΝΥΧΤΕΡΙΝΑ-ΕΞΑΙΡΕΣΙΜΑ-ΥΠΕΡΩΡ.ΑΠΑΣΧΟΛΗΣΗ (001628),,,347.66,anonymous sponsor (empty sponsorAFMName)
60ΚΖ4690Β3-277,2022-11-01,ΕΝΤΑΛΜΑ ΠΛΗΡΩΜΗΣ ΑΠΟΖΗΜΙΩΣΗ ΓΙΑ ΝΥΧΤΕΡΙΝΑ-ΕΞΑΙΡΕΣΙΜΑ-ΥΠΕΡΩΡ.ΑΠΑΣΧΟΛΗΣΗ (001628),,,6221.07,anonymous sponsor (empty sponsorAFMName)
ΨΑΑΙ4690Β3-ΒΥ2,2022-11-01,ΕΝΤΑΛΜΑ ΠΛΗΡΩΜΗΣ ΑΠΟΖΗΜΙΩΣΗ ΓΙΑ ΝΥΧΤΕΡΙΝΑ-ΕΞΑΙΡΕΣΙΜΑ-ΥΠΕΡΩΡ.ΑΠΑΣΧΟΛΗΣΗ (001628),,,2990.14,anonymous sponsor (empty sponsorAFMName)
ΨΗ0Ε4690Β3-ΞΥ1,2022-11-01,ΕΝΤΑΛΜΑ ΠΛΗΡΩΜΗΣ ΑΠΟΖΗΜΙΩΣΗ ΓΙΑ ΝΥΧΤΕΡΙΝΑ-ΕΞΑΙΡΕΣΙΜΑ-ΥΠΕΡΩΡ.ΑΠΑΣΧΟΛΗΣΗ (001628),,,314.39,anonymous sponsor (empty sponsorAFMName)
6ΙΠΤ4690Β3-8ΜΞ,2022-11-01,ΕΝΤΑΛΜΑ ΠΛΗΡΩΜΗΣ ΑΠΟΖΗΜΙΩΣΗ ΓΙΑ ΝΥΧΤΕΡΙΝΑ-ΕΞΑΙΡΕΣΙΜΑ-ΥΠΕΡΩΡ.ΑΠΑΣΧΟΛΗΣΗ (001628),,,1577.24,anonymous sponsor (empty sponsorAFMName)
6ΥΚ24690Β3-Π36,2022-11-01,ΕΝΤΑΛΜΑ ΠΛΗΡΩΜΗΣ ΑΠΟΖΗΜΙΩΣΗ ΓΙΑ ΝΥΧΤΕΡΙΝΑ-ΕΞΑΙΡΕΣΙΜΑ-ΥΠΕΡΩΡ.ΑΠΑΣΧΟΛΗΣΗ (001628),,,6443.92,anonymous sponsor (empty sponsorAFMName)
6ΠΕ54690Β3-70Β,2022-11-01,ΕΝΤΑΛΜΑ ΠΛΗΡΩΜΗΣ ΑΠΟΖΗΜΙΩΣΗ ΓΙΑ ΝΥΧΤΕΡΙΝΑ-ΕΞΑΙΡΕΣΙΜΑ-ΥΠΕΡΩΡ.ΑΠΑΣΧΟΛΗΣΗ (001628),,,7080.47,anonymous sponsor (empty sponsorAFMName)
9ΟΚΓ4690Β3-7Ρ3,2022-11-01,ΕΝΤΑΛΜΑ ΠΛΗΡΩΜΗΣ ΑΠΟΖΗΜΙΩΣΗ ΓΙΑ ΝΥΧΤΕΡΙΝΑ-ΕΞΑΙΡΕΣΙΜΑ-ΥΠΕΡΩΡ.ΑΠΑΣΧΟΛΗΣΗ (001628),,,1305.17,anonymous sponsor (empty sponsorAFMName)
9ΡΛΛ4690Β3-ΓΞΤ,2022-10-31,ΕΝΤΑΛΜΑ ΠΛΗΡΩΜΗΣ ΑΠΟΖΗΜΙΩΣΗ ΕΦΗΜΕΡΙΩΝ (002535),,,1332.52,anonymous sponsor (empty sponsorAFMName)
69ΜΚ4690Β3-ΔΥΜ,2022-10-31,ΕΝΤΑΛΜΑ ΠΛΗΡΩΜΗΣ ΑΠΟΖΗΜΙΩΣΗ ΕΦΗΜΕΡΙΩΝ (002535),,,5021.83,anonymous sponsor (empty sponsorAFMName)
6ΗΙΟ4690Β3-5ΥΚ,2022-10-31,ΕΝΤΑΛΜΑ ΠΛΗΡΩΜΗΣ ΑΠΟΖΗΜΙΩΣΗ ΕΦΗΜΕΡΙΩΝ (002535),,,1437.32,anonymous sponsor (empty sponsorAFMName)
9ΞΥ84690Β3-ΜΜΣ,2022-10-31,ΕΝΤΑΛΜΑ ΠΛΗΡΩΜΗΣ ΑΠΟΖΗΜΙΩΣΗ ΕΦΗΜΕΡΙΩΝ (002535),,,226.64,anonymous sponsor (empty sponsorAFMName)
ΨΥΣΒ4690Β3-0ΘΩ,2022-10-31,ΕΝΤΑΛΜΑ ΠΛΗΡΩΜΗΣ ΑΠΟΖΗΜΙΩΣΗ ΕΦΗΜΕΡΙΩΝ (002535),,,22103.53,anonymous sponsor (empty sponsorAFMName)
ΩΤΖΡ4690Β3-36Ω,2022-10-31,ΕΝΤΑΛΜΑ ΠΛΗΡΩΜΗΣ ΑΠΟΖΗΜΙΩΣΗ ΕΦΗΜΕΡΙΩΝ (002535),,,20036.77,anonymous sponsor (empty sponsorAFMName)
ΨΦΖΞ4690Β3-ΛΨΗ,2022-10-31,ΕΝΤΑΛΜΑ ΠΛΗΡΩΜΗΣ ΑΠΟΖΗΜΙΩΣΗ ΕΦΗΜΕΡΙΩΝ (002535),,,79712.44,anonymous sponsor (empty sponsorAFMName)
Ψ9ΚΛ4690Β3-8ΛΓ,2022-10-25,ΕΝΤΑΛΜΑ ΠΛΗΡΩΜΗΣ ΚΡΑΤ.3391-54.03.00.0001 Φ.Μ.Υ. (001512),,,71.53,anonymous sponsor (empty sponsorAFMName)
6ΛΙΧ4690Β3-6Ο9,2022-10-25,ΕΝΤΑΛΜΑ ΠΛΗΡΩΜΗΣ ΕΙΣΦΟΡΕΣ ΑΠΑΣΧ/ΝΩΝ ΟΑΕΔ ΜΕΣΩ ΠΡΟΓ. ΚΟΙΝΩΦ. ΧΑΡΑΚΤΗΡΑ (),,,2139.97,anonymous sponsor (empty sponsorAFMName)
ΨΧΦΟ4690Β3-ΠΛ7,2022-10-25,ΕΝΤΑΛΜΑ ΠΛΗΡΩΜΗΣ ΚΡΑΤ.3391-54.03.00.0001 Φ.Μ.Υ. (001512),,,198.89,anonymous sponsor (empty sponsorAFMName)
6ΣΧΦ4690Β3-Δ0Κ,2022-10-25,ΕΝΤΑΛΜΑ ΠΛΗΡΩΜΗΣ ΕΙΣΦΟΡΕΣ ΑΠΑΣΧ/ΝΩΝ ΟΑΕΔ ΜΕΣΩ ΠΡΟΓ. ΚΟΙΝΩΦ. ΧΑΡΑΚΤΗΡΑ (),,,4822.93,anonymous sponsor (empty sponsorAFMName)
699Ψ4690Β3-55Γ,2022-10-25,ΕΝΤΑΛΜΑ ΠΛΗΡΩΜΗΣ ΚΡΑΤ.3391-54.04.02.0001 Χ/ΜΑ και ΟΓΑ Χ/ΜΩΝ (001514),,,0.68,anonymous sponsor (empty sponsorAFMName)
ΩΑΦΥ4690Β3-074,2022-10-25,ΕΝΤΑΛΜΑ ΠΛΗΡΩΜΗΣ ΚΡΑΤ.3391-53.20.00.0001 ΕΛΛΗΝΙΚΟ ΔΗΜΟΣΙΟ (001506),,,394.03,anonymous sponsor (empty sponsorAFMName)
ΨΒΜ54690Β3-8Δ8,2022-10-25,ΕΝΤΑΛΜΑ ΠΛΗΡΩΜΗΣ ΚΡΑΤ.3391-53.20.00.0001 ΕΛΛΗΝΙΚΟ ΔΗΜΟΣΙΟ (001506),,,19.70,anonymous sponsor (empty sponsorAFMName)
ΨΘΚ24690Β3-1Χ8,2022-10-25,ΕΝΤΑΛΜΑ ΠΛΗΡΩΜΗΣ ΚΡΑΤ.3391-54.04.02.0001 Χ/ΜΑ και ΟΓΑ Χ/ΜΩΝ (001514),,,8.92,anonymous sponsor (empty sponsorAFMName)
ΨΗΥΑ4690Β3-ΥΚΑ,2022-10-25,ΕΝΤΑΛΜΑ ΠΛΗΡΩΜΗΣ ΚΡΑΤ.3391-54.09.14.0001 ΦΟΡΟΣ ΠΡΟΜΗΘΕΥΤΩΝ (001510),,,9917.95,anonymous sponsor (empty sponsorAFMName)
Ω5ΨΝ4690Β3-ΣΡΙ,2022-10-25,ΕΝΤΑΛΜΑ ΠΛΗΡΩΜΗΣ ΚΡΑΤ.3391-53.20.00.0001 ΕΛΛΗΝΙΚΟ ΔΗΜΟΣΙΟ (001506),,,3427.77,anonymous sponsor (empty sponsorAFMName)
6ΩΤΝ4690Β3-ΦΝΚ,2022-10-25,ΕΝΤΑΛΜΑ ΠΛΗΡΩΜΗΣ ΚΡΑΤ.3391-53.20.00.0001 ΕΛΛΗΝΙΚΟ ΔΗΜΟΣΙΟ (001506),,,135.62,anonymous sponsor (empty sponsorAFMName)
6Ι4Ψ4690Β3-97Ξ,2022-10-25,ΕΝΤΑΛΜΑ ΠΛΗΡΩΜΗΣ ΚΡΑΤ.3391-53.20.00.0001 ΕΛΛΗΝΙΚΟ ΔΗΜΟΣΙΟ (001506),,,122.69,anonymous sponsor (empty sponsorAFMName)
65ΝΞ4690Β3-ΞΟ6,2022-10-25,ΕΝΤΑΛΜΑ ΠΛΗΡΩΜΗΣ ΕΚΤΟΣ ΕΔΡΑΣ ΠΡΟΣ/ΚΟΥ ΝΟΣΟΚΟΜΕΙΟΥ (001601),,,20.00,anonymous sponsor (empty sponsorAFMName)
Ψ9ΥΣ4690Β3-Η84,2022-10-25,ΕΝΤΑΛΜΑ ΠΛΗΡΩΜΗΣ ΕΚΤΟΣ ΕΔΡΑΣ ΠΡΟΣ/ΚΟΥ ΝΟΣΟΚΟΜΕΙΟΥ (001601),,,29.80,anonymous sponsor (empty sponsorAFMName)
6ΔΧΛ4690Β3-612,2022-10-25,ΕΝΤΑΛΜΑ ΠΛΗΡΩΜΗΣ ΟΔΟΙΠΟΡΙΚΑ ΕΞΟΔΑ ΠΡΟΣ. ΝΟΣ/ΜΕΙΟΥ (001626),,,31.20,anonymous sponsor (empty sponsorAFMName)
ΨΥ1Ζ4690Β3-ΣΘΔ,2022-10-25,ΕΝΤΑΛΜΑ ΠΛΗΡΩΜΗΣ ΟΔΟΙΠΟΡΙΚΑ ΕΞΟΔΑ ΠΡΟΣ. ΝΟΣ/ΜΕΙΟΥ (001626),,,20.40,anonymous sponsor (empty sponsorAFMName)
6ΟΕΩ4690Β3-ΗΡ6,2022-10-25,ΕΝΤΑΛΜΑ ΠΛΗΡΩΜΗΣ ΕΚΤΟΣ ΕΔΡΑΣ ΠΡΟΣ/ΚΟΥ ΝΟΣΟΚΟΜΕΙΟΥ (001601),,,346.40,anonymous sponsor (empty sponsorAFMName)
ΨΨΚΙ4690Β3-7ΝΠ,2023-08-16,ΕΝΤΑΛΜΑ ΠΛΗΡΩΜΗΣ ΑΠΟΖΗΜΙΩΣΗ ΕΦΗΜΕΡΙΩΝ (002535),,,167.96,anonymous sponsor (empty sponsorAFMName)
6ΣΛΗ4690Β3-ΦΧ8,2023-08-16,ΕΝΤΑΛΜΑ ΠΛΗΡΩΜΗΣ ΑΠΟΖΗΜΙΩΣΗ ΕΦΗΜΕΡΙΩΝ (002535),,,1816.27,anonymous sponsor (empty sponsorAFMName)
9ΣΜΥ4690Β3-Ω19,2023-08-16,ΕΝΤΑΛΜΑ ΠΛΗΡΩΜΗΣ ΑΠΟΖΗΜΙΩΣΗ ΕΦΗΜΕΡΙΩΝ (002535),,,54.64,anonymous sponsor (empty sponsorAFMName)
ΩΜ374690Β3-9ΦΟ,2023-08-16,ΕΝΤΑΛΜΑ ΠΛΗΡΩΜΗΣ ΑΠΟΖΗΜΙΩΣΗ ΕΦΗΜΕΡΙΩΝ (002535),,,2406.02,anonymous sponsor (empty sponsorAFMName)
ΨΤΥΕ4690Β3-ΙΜΔ,2023-08-16,ΕΝΤΑΛΜΑ ΠΛΗΡΩΜΗΣ ΑΠΟΖΗΜΙΩΣΗ ΕΦΗΜΕΡΙΩΝ (002535),,,13375.98,anonymous sponsor (empty sponsorAFMName)
9ΕΗ74690Β3-ΘΡΟ,2023-08-16,ΕΝΤΑΛΜΑ ΠΛΗΡΩΜΗΣ ΑΠΟΖΗΜΙΩΣΗ ΕΦΗΜΕΡΙΩΝ (002535),,,119.58,anonymous sponsor (empty sponsorAFMName)
ΨΟΙΚ4690Β3-ΧΝ5,2023-08-16,ΕΝΤΑΛΜΑ ΠΛΗΡΩΜΗΣ ΑΠΟΖΗΜΙΩΣΗ ΕΦΗΜΕΡΙΩΝ (002535),,,131.01,anonymous sponsor (empty sponsorAFMName)
ΨΛΠ04690Β3-ΓΙΚ,2023-08-16,ΕΝΤΑΛΜΑ ΠΛΗΡΩΜΗΣ ΑΠΟΖΗΜΙΩΣΗ ΕΦΗΜΕΡΙΩΝ (002535),,,1447.43,anonymous sponsor (empty sponsorAFMName)
Ρ6Ο94690Β3-ΙΞΙ,2023-08-16,ΕΝΤΑΛΜΑ ΠΛΗΡΩΜΗΣ ΑΠΟΖΗΜΙΩΣΗ ΕΦΗΜΕΡΙΩΝ (002535),,,2460.40,anonymous sponsor (empty sponsorAFMName)
6ΒΒΤ4690Β3-ΕΩΖ,2023-08-16,ΕΝΤΑΛΜΑ ΠΛΗΡΩΜΗΣ ΑΠΟΖΗΜΙΩΣΗ ΕΦΗΜΕΡΙΩΝ (002535),,,9750.01,anonymous sponsor (empty sponsorAFMName)
9ΥΖΙ4690Β3-6ΑΤ,2023-08-16,ΕΝΤΑΛΜΑ ΠΛΗΡΩΜΗΣ ΑΠΟΖΗΜΙΩΣΗ ΕΦΗΜΕΡΙΩΝ (002535),,,113.32,anonymous sponsor (empty sponsorAFMName)
6Α244690Β3-ΨΓΧ,2023-08-16,ΕΝΤΑΛΜΑ ΠΛΗΡΩΜΗΣ ΑΠΟΖΗΜΙΩΣΗ ΕΦΗΜΕΡΙΩΝ (002535),,,226.04,anonymous sponsor (empty sponsorAFMName)
Ρ60Ο4690Β3-ΩΩΜ,2023-08-16,ΕΝΤΑΛΜΑ ΠΛΗΡΩΜΗΣ ΑΠΟΖΗΜΙΩΣΗ ΕΦΗΜΕΡΙΩΝ (002535),,,1019.02,anonymous sponsor (empty sponsorAFMName)
ΨΟΚΙ4690Β3-ΑΜ0,2023-08-16,ΕΝΤΑΛΜΑ ΠΛΗΡΩΜΗΣ ΑΠΟΖΗΜΙΩΣΗ ΕΦΗΜΕΡΙΩΝ (002535),,,161.70,anonymous sponsor (empty sponsorAFMName)
9Δ6Γ4690Β3-Χ16,2023-08-16,ΕΝΤΑΛΜΑ ΠΛΗΡΩΜΗΣ ΑΠΟΖΗΜΙΩΣΗ ΕΦΗΜΕΡΙΩΝ (002535),,,1367.64,anonymous sponsor (empty sponsorAFMName)
69ΠΥ4690Β3-ΙΧ2,2023-08-16,ΕΝΤΑΛΜΑ ΠΛΗΡΩΜΗΣ ΑΠΟΖΗΜΙΩΣΗ ΕΦΗΜΕΡΙΩΝ (002535),,,7494.82,anonymous sponsor (empty sponsorAFMName)
6ΒΠΧ4690Β3-ΠΒΑ,2023-08-16,ΕΝΤΑΛΜΑ ΠΛΗΡΩΜΗΣ ΑΠΟΖΗΜΙΩΣΗ ΜΕΛΩΝ Δ.Σ. (001606),,,2860.00,anonymous sponsor (empty sponsorAFMName)
9Θ0Ξ4690Β3-ΞΡΧ,2023-08-16,ΕΝΤΑΛΜΑ ΠΛΗΡΩΜΗΣ ΑΠΟΖΗΜΙΩΣΗ ΓΙΑ ΝΥΧΤΕΡΙΝΑ-ΕΞΑΙΡΕΣΙΜΑ-ΥΠΕΡΩΡ.ΑΠΑΣΧΟΛΗΣΗ (001628),,,251.24,anonymous sponsor (empty sponsorAFMName)
ΨΥΖ04690Β3-ΡΧ1,2023-08-14,ΕΝΤΑΛΜΑ ΠΛΗΡΩΜΗΣ DRAEGER HELLAS A.E (997799268),,,17980.00,anonymous sponsor (empty sponsorAFMName)
6Γ564690Β3-Ω31,2023-08-02,ΕΝΤΑΛΜΑ ΠΛΗΡΩΜΗΣ ΔΑΠΕΡΓΟΛΑΣ Γ. ΚΩΝΣΤΑΝΤΙΝΟΣ- ΑΝΔΡΟΝΙΚΟΣ (129585310),,,1996.40,anonymous sponsor (empty sponsorAFMName)
ΨΜΩΞ4690Β3-Λ74,2023-07-31,ΕΝΤΑΛΜΑ ΠΛΗΡΩΜΗΣ ΔΙΚΑΙΟΥΧΟΙ ΑΜΟΙΒΩΝ (001600),,,771.00,anonymous sponsor (empty sponsorAFMName)
Ψ04Ρ4690Β3-Ζ9Σ,2023-07-31,ΕΝΤΑΛΜΑ ΠΛΗΡΩΜΗΣ ΑΠΟΖΗΜΙΩΣΗ ΓΙΑ ΝΥΧΤΕΡΙΝΑ-ΕΞΑΙΡΕΣΙΜΑ-ΥΠΕΡΩΡ.ΑΠΑΣΧΟΛΗΣΗ (001628),,,533.24,anonymous sponsor (empty sponsorAFMName)
6ΟΓΕ4690Β3-ΚΝΣ,2023-07-31,ΕΝΤΑΛΜΑ ΠΛΗΡΩΜΗΣ ΑΠΟΖΗΜΙΩΣΗ ΓΙΑ ΝΥΧΤΕΡΙΝΑ-ΕΞΑΙΡΕΣΙΜΑ-ΥΠΕΡΩΡ.ΑΠΑΣΧΟΛΗΣΗ (001628),,,53.82,anonymous sponsor (empty sponsorAFMName)
Ω8ΗΣ4690Β3-116,2023-07-31,ΕΝΤΑΛΜΑ ΠΛΗΡΩΜΗΣ ΑΠΟΖΗΜΙΩΣΗ ΓΙΑ ΝΥΧΤΕΡΙΝΑ-ΕΞΑΙΡΕΣΙΜΑ-ΥΠΕΡΩΡ.ΑΠΑΣΧΟΛΗΣΗ (001628),,,7202.38,anonymous sponsor (empty sponsorAFMName)
Ψ70Ρ4690Β3-Θ6Τ,2023-07-31,ΕΝΤΑΛΜΑ ΠΛΗΡΩΜΗΣ ΑΠΟΖΗΜΙΩΣΗ ΓΙΑ ΝΥΧΤΕΡΙΝΑ-ΕΞΑΙΡΕΣΙΜΑ-ΥΠΕΡΩΡ.ΑΠΑΣΧΟΛΗΣΗ (001628),,,70.90,anonymous sponsor (empty sponsorAFMName)
ΨΝΘΧ4690Β3-Δ59,2023-07-31,ΕΝΤΑΛΜΑ ΠΛΗΡΩΜΗΣ ΑΠΟΖΗΜΙΩΣΗ ΓΙΑ ΝΥΧΤΕΡΙΝΑ-ΕΞΑΙΡΕΣΙΜΑ-ΥΠΕΡΩΡ.ΑΠΑΣΧΟΛΗΣΗ (001628),,,1622.91,anonymous sponsor (empty sponsorAFMName)
ΨΙΧΗ4690Β3-ΖΒΔ,2023-07-31,ΕΝΤΑΛΜΑ ΠΛΗΡΩΜΗΣ ΑΠΟΖΗΜΙΩΣΗ ΓΙΑ ΝΥΧΤΕΡΙΝΑ-ΕΞΑΙΡΕΣΙΜΑ-ΥΠΕΡΩΡ.ΑΠΑΣΧΟΛΗΣΗ (001628),,,2336.23,anonymous sponsor (empty sponsorAFMName)
ΨΑΚ04690Β3-7Η0,2023-07-31,ΕΝΤΑΛΜΑ ΠΛΗΡΩΜΗΣ ΑΠΟΖΗΜΙΩΣΗ ΓΙΑ ΝΥΧΤΕΡΙΝΑ-ΕΞΑΙΡΕΣΙΜΑ-ΥΠΕΡΩΡ.ΑΠΑΣΧΟΛΗΣΗ (001628),,,1710.41,anonymous sponsor (empty sponsorAFMName)
6ΩΡΜ4690Β3-20Τ,2023-07-31,ΕΝΤΑΛΜΑ ΠΛΗΡΩΜΗΣ ΑΠΟΖΗΜΙΩΣΗ ΓΙΑ ΝΥΧΤΕΡΙΝΑ-ΕΞΑΙΡΕΣΙΜΑ-ΥΠΕΡΩΡ.ΑΠΑΣΧΟΛΗΣΗ (001628),,,355.57,anonymous sponsor (empty sponsorAFMName)
Ψ3ΩΩ4690Β3-4ΡΝ,2023-07-31,ΕΝΤΑΛΜΑ ΠΛΗΡΩΜΗΣ ΑΠΟΖΗΜΙΩΣΗ ΓΙΑ ΝΥΧΤΕΡΙΝΑ-ΕΞΑΙΡΕΣΙΜΑ-ΥΠΕΡΩΡ.ΑΠΑΣΧΟΛΗΣΗ (001628),,,370.31,anonymous sponsor (empty sponsorAFMName)
Ω8ΣΜ4690Β3-ΨΣΔ,2023-07-31,ΕΝΤΑΛΜΑ ΠΛΗΡΩΜΗΣ ΑΠΟΖΗΜΙΩΣΗ ΓΙΑ ΝΥΧΤΕΡΙΝΑ-ΕΞΑΙΡΕΣΙΜΑ-ΥΠΕΡΩΡ.ΑΠΑΣΧΟΛΗΣΗ (001628),,,5936.09,anonymous sponsor (empty sponsorAFMName)
9ΦΜΥ4690Β3-Ξ5Η,2023-07-31,ΕΝΤΑΛΜΑ ΠΛΗΡΩΜΗΣ ΑΠΟΖΗΜΙΩΣΗ ΓΙΑ ΝΥΧΤΕΡΙΝΑ-ΕΞΑΙΡΕΣΙΜΑ-ΥΠΕΡΩΡ.ΑΠΑΣΧΟΛΗΣΗ (001628),,,1408.21,anonymous sponsor (empty sponsorAFMName)
9ΧΘΘ4690Β3-ΔΧΖ,2023-07-31,ΕΝΤΑΛΜΑ ΠΛΗΡΩΜΗΣ ΑΠΟΖΗΜΙΩΣΗ ΓΙΑ ΝΥΧΤΕΡΙΝΑ-ΕΞΑΙΡΕΣΙΜΑ-ΥΠΕΡΩΡ.ΑΠΑΣΧΟΛΗΣΗ (001628),,,849.90,anonymous sponsor (empty sponsorAFMName)
6ΡΦΝ4690Β3-ΜΗΗ,2023-07-31,ΕΝΤΑΛΜΑ ΠΛΗΡΩΜΗΣ ΑΠΟΖΗΜΙΩΣΗ ΓΙΑ ΝΥΧΤΕΡΙΝΑ-ΕΞΑΙΡΕΣΙΜΑ-ΥΠΕΡΩΡ.ΑΠΑΣΧΟΛΗΣΗ (001628),,,6327.83,anonymous sponsor (empty sponsorAFMName)
6Ψ5Η4690Β3-5Ω8,2023-07-31,ΕΝΤΑΛΜΑ ΠΛΗΡΩΜΗΣ ΑΠΟΖΗΜΙΩΣΗ ΓΙΑ ΝΥΧΤΕΡΙΝΑ-ΕΞΑΙΡΕΣΙΜΑ-ΥΠΕΡΩΡ.ΑΠΑΣΧΟΛΗΣΗ (001628),,,1351.22,anonymous sponsor (empty sponsorAFMName)
6ΞΕΘ4690Β3-3ΘΟ,2023-07-31,ΕΝΤΑΛΜΑ ΠΛΗΡΩΜΗΣ ΑΠΟΖΗΜΙΩΣΗ ΓΙΑ ΝΥΧΤΕΡΙΝΑ-ΕΞΑΙΡΕΣΙΜΑ-ΥΠΕΡΩΡ.ΑΠΑΣΧΟΛΗΣΗ (001628),,,837.14,anonymous sponsor (empty sponsorAFMName)
9ΣΨΖ4690Β3-ΑΤΥ,2023-07-31,ΕΝΤΑΛΜΑ ΠΛΗΡΩΜΗΣ ΑΠΟΖΗΜΙΩΣΗ ΓΙΑ ΝΥΧΤΕΡΙΝΑ-ΕΞΑΙΡΕΣΙΜΑ-ΥΠΕΡΩΡ.ΑΠΑΣΧΟΛΗΣΗ (001628),,,2027.18,anonymous sponsor (empty sponsorAFMName)
ΨΓΝΓ4690Β3-Λ4Λ,2023-07-31,ΕΝΤΑΛΜΑ ΠΛΗΡΩΜΗΣ ΑΠΟΖΗΜΙΩΣΗ ΓΙΑ ΝΥΧΤΕΡΙΝΑ-ΕΞΑΙΡΕΣΙΜΑ-ΥΠΕΡΩΡ.ΑΠΑΣΧΟΛΗΣΗ (001628),,,3465.58,anonymous sponsor (empty sponsorAFMName)
6ΦΤΒ4690Β3-ΧΧΤ,2023-07-31,ΕΝΤΑΛΜΑ ΠΛΗΡΩΜΗΣ ΑΠΟΖΗΜΙΩΣΗ ΓΙΑ ΝΥΧΤΕΡΙΝΑ-ΕΞΑΙΡΕΣΙΜΑ-ΥΠΕΡΩΡ.ΑΠΑΣΧΟΛΗΣΗ (001628),,,335.90,anonymous sponsor (empty sponsorAFMName)
66ΙΚ4690Β3-Ξ25,2023-07-31,ΕΝΤΑΛΜΑ ΠΛΗΡΩΜΗΣ ΑΠΟΖΗΜΙΩΣΗ ΓΙΑ ΝΥΧΤΕΡΙΝΑ-ΕΞΑΙΡΕΣΙΜΑ-ΥΠΕΡΩΡ.ΑΠΑΣΧΟΛΗΣΗ (001628),,,3544.46,anonymous sponsor (empty sponsorAFMName)
9ΓΨΝ4690Β3-7ΨΙ,2023-07-31,ΕΝΤΑΛΜΑ ΠΛΗΡΩΜΗΣ ΑΠΟΖΗΜΙΩΣΗ ΓΙΑ ΝΥΧΤΕΡΙΝΑ-ΕΞΑΙΡΕΣΙΜΑ-ΥΠΕΡΩΡ.ΑΠΑΣΧΟΛΗΣΗ (001628),,,214.34,anonymous sponsor (empty sponsorAFMName)
69ΞΤ4690Β3-ΞΘΕ,2023-07-31,ΕΝΤΑΛΜΑ ΠΛΗΡΩΜΗΣ ΑΠΟΖΗΜΙΩΣΗ ΓΙΑ ΝΥΧΤΕΡΙΝΑ-ΕΞΑΙΡΕΣΙΜΑ-ΥΠΕΡΩΡ.ΑΠΑΣΧΟΛΗΣΗ (001628),,,1723.03,anonymous sponsor (empty sponsorAFMName)
Ω83Θ4690Β3-69Γ,2023-07-31,ΕΝΤΑΛΜΑ ΠΛΗΡΩΜΗΣ ΑΠΟΖΗΜΙΩΣΗ ΓΙΑ ΝΥΧΤΕΡΙΝΑ-ΕΞΑΙΡΕΣΙΜΑ-ΥΠΕΡΩΡ.ΑΠΑΣΧΟΛΗΣΗ (001628),,,6965.21,anonymous sponsor (empty sponsorAFMName)
ΨΒΦΟ4690Β3-1ΟΒ,2023-07-31,ΕΝΤΑΛΜΑ ΠΛΗΡΩΜΗΣ ΑΠΟΖΗΜΙΩΣΗ ΓΙΑ ΝΥΧΤΕΡΙΝΑ-ΕΞΑΙΡΕΣΙΜΑ-ΥΠΕΡΩΡ.ΑΠΑΣΧΟΛΗΣΗ (001628),,,7911.40,anonymous sponsor (empty sponsorAFMName)
ΨΩΒΦ4690Β3-ΚΤΥ,2023-07-31,ΕΝΤΑΛΜΑ ΠΛΗΡΩΜΗΣ ΑΠΟΖΗΜΙΩΣΗ ΓΙΑ ΝΥΧΤΕΡΙΝΑ-ΕΞΑΙΡΕΣΙΜΑ-ΥΠΕΡΩΡ.ΑΠΑΣΧΟΛΗΣΗ (001628),,,1169.18,anonymous sponsor (empty sponsorAFMName)
6ΖΑΦ4690Β3-4ΩΗ,2023-07-31,ΕΝΤΑΛΜΑ ΠΛΗΡΩΜΗΣ ΑΠΟΖΗΜΙΩΣΗ ΕΦΗΜΕΡΙΩΝ (002535),,,1758.48,anonymous sponsor (empty sponsorAFMName)
ΨΣΘΨ4690Β3-ΞΕΩ,2023-07-31,ΕΝΤΑΛΜΑ ΠΛΗΡΩΜΗΣ ΑΠΟΖΗΜΙΩΣΗ ΕΦΗΜΕΡΙΩΝ (002535),,,2203.79,anonymous sponsor (empty sponsorAFMName)
68ΡΠ4690Β3-ΚΣ7,2023-07-31,ΕΝΤΑΛΜΑ ΠΛΗΡΩΜΗΣ ΑΠΟΖΗΜΙΩΣΗ ΕΦΗΜΕΡΙΩΝ (002535),,,1426.04,anonymous sponsor (empty sponsorAFMName)
9Ξ4Ψ4690Β3-4ΧΩ,2023-07-31,ΕΝΤΑΛΜΑ ΠΛΗΡΩΜΗΣ ΑΠΟΖΗΜΙΩΣΗ ΕΦΗΜΕΡΙΩΝ (002535),,,1544.16,anonymous sponsor (empty sponsorAFMName)
9Ψ1Φ4690Β3-7ΚΝ,2023-07-31,ΕΝΤΑΛΜΑ ΠΛΗΡΩΜΗΣ ΑΠΟΖΗΜΙΩΣΗ ΕΦΗΜΕΡΙΩΝ (002535),,,18527.87,anonymous sponsor (empty sponsorAFMName)
ΨΡΒΓ4690Β3-ΛΦΝ,2023-07-31,ΕΝΤΑΛΜΑ ΠΛΗΡΩΜΗΣ ΑΠΟΖΗΜΙΩΣΗ ΕΦΗΜΕΡΙΩΝ (002535),,,879.24,anonymous sponsor (empty sponsorAFMName)
ΨΧΘΧ4690Β3-ΟΞΘ,2023-07-31,ΕΝΤΑΛΜΑ ΠΛΗΡΩΜΗΣ ΑΠΟΖΗΜΙΩΣΗ ΕΦΗΜΕΡΙΩΝ (002535),,,1546.51,anonymous sponsor (empty sponsorAFMName)
ΩΝΣΘ4690Β3-85Θ,2023-07-31,ΕΝΤΑΛΜΑ ΠΛΗΡΩΜΗΣ ΑΠΟΖΗΜΙΩΣΗ ΕΦΗΜΕΡΙΩΝ (002535),,,20370.15,anonymous sponsor (empty sponsorAFMName)
6ΠΑΜ4690Β3-ΖΘΣ,2023-07-31,ΕΝΤΑΛΜΑ ΠΛΗΡΩΜΗΣ ΑΠΟΖΗΜΙΩΣΗ ΕΦΗΜΕΡΙΩΝ (002535),,,76562.67,anonymous sponsor (empty sponsorAFMName)
ΨΨ8Ι4690Β3-ΤΟ6,2023-07-28,ΕΝΤΑΛΜΑ ΠΛΗΡΩΜΗΣ ΕΠΙΚΟΥΡΙΚΟ ΝΟΣΗΛΕΥΤΙΚΟ-ΠΑΡΑΪΑΤΡΙΚΟ ΠΡΟΣΩΠΙΚΟ (000001634),,,110845.36,anonymous sponsor (empty sponsorAFMName)
ΨΙ9Ω4690Β3-8ΡΧ,2023-07-28,ΕΝΤΑΛΜΑ ΠΛΗΡΩΜΗΣ ΕΠΙΚΟΥΡΙΚΟ ΝΟΣΗΛΕΥΤΙΚΟ-ΠΑΡΑΪΑΤΡΙΚΟ ΠΡΟΣΩΠΙΚΟ (000001634),,,1528.12,anonymous sponsor (empty sponsorAFMName)
ΡΨΒΨ4690Β3-ΨΛΕ,2023-07-28,ΕΝΤΑΛΜΑ ΠΛΗΡΩΜΗΣ ΕΠΙΚΟΥΡΙΚΟ ΝΟΣΗΛΕΥΤΙΚΟ-ΠΑΡΑΪΑΤΡΙΚΟ ΠΡΟΣΩΠΙΚΟ (000001634),,,1590.99,anonymous sponsor (empty sponsorAFMName)
ΩΝ3Δ4690Β3-55Ι,2023-07-28,ΕΝΤΑΛΜΑ ΠΛΗΡΩΜΗΣ ΕΠΙΚΟΥΡΙΚΟ ΝΟΣΗΛΕΥΤΙΚΟ-ΠΑΡΑΪΑΤΡΙΚΟ ΠΡΟΣΩΠΙΚΟ (000001634),,,683.92,anonymous sponsor (empty sponsorAFMName)
6ΕΛΟ4690Β3-1Δ6,2023-07-28,ΕΝΤΑΛΜΑ ΠΛΗΡΩΜΗΣ EΠΙΚΟΥΡΙΚΟΙ ΙΑΤΡΟΙ Ε.Σ.Υ. (000001629),,,6568.19,anonymous sponsor (empty sponsorAFMName)
ΨΝ3Κ4690Β3-60Τ,2023-07-28,ΕΝΤΑΛΜΑ ΠΛΗΡΩΜΗΣ ΕΠΟΧΙΚΟ ΠΡΟΣΩΠΙΚΟ ΚΑΘΑΡΙΟΤΗΤΑΣ (999111999),,,344.00,anonymous sponsor (empty sponsorAFMName)
682Λ4690Β3-Τ9Ε,2023-07-28,ΕΝΤΑΛΜΑ ΠΛΗΡΩΜΗΣ ΕΠΟΧΙΚΟ ΠΡΟΣΩΠΙΚΟ ΚΑΘΑΡΙΟΤΗΤΑΣ (999111999),,,38221.72,anonymous sponsor (empty sponsorAFMName)
ΨΤ484690Β3-Κ23,2023-07-28,ΕΝΤΑΛΜΑ ΠΛΗΡΩΜΗΣ ΕΠΙΚΟΥΡΙΚΟ ΝΟΣΗΛΕΥΤΙΚΟ-ΠΑΡΑΪΑΤΡΙΚΟ ΠΡΟΣΩΠΙΚΟ (000001634),,,36844.73,anonymous sponsor (empty sponsorAFMName)
ΨΜ5Γ4690Β3-ΝΩΞ,2023-07-28,ΕΝΤΑΛΜΑ ΠΛΗΡΩΜΗΣ EΠΙΚΟΥΡΙΚΟΙ ΙΑΤΡΟΙ Ε.Σ.Υ. (000001629),,,49966.43,anonymous sponsor (empty sponsorAFMName)
6ΡΣΚ4690Β3-39Β,2023-07-28,ΕΝΤΑΛΜΑ ΠΛΗΡΩΜΗΣ ΑΠΟΖΗΜΕΙΩΣΗ ΤΕΙ-ΑΣΚΟΥΜΕΝΩΝ Ο.Α.Ε.Δ. (001607),,,507.60,anonymous sponsor (empty sponsorAFMName)
63Π54690Β3-43Ε,2023-07-28,ΕΝΤΑΛΜΑ ΠΛΗΡΩΜΗΣ ΕΡΓΟΔ.ΕΙΣΦ.ΙΚΑ ΑΣΚΟΥΜ.ΤΕΕ-ΙΕΚ.ΧΩΡ.ΑΜΟΙΒ.ΓΙΑ ΑΤΥΧΗΜ (001690),,,10.11,anonymous sponsor (empty sponsorAFMName)
6ΘΥΝ4690Β3-ΜΙΚ,2023-07-28,ΕΝΤΑΛΜΑ ΠΛΗΡΩΜΗΣ ΕΠΙΚΟΥΡΙΚΟ ΝΟΣΗΛΕΥΤΙΚΟ-ΠΑΡΑΪΑΤΡΙΚΟ ΠΡΟΣΩΠΙΚΟ (000001634),,,1518.84,anonymous sponsor (empty sponsorAFMName)
6ΧΤΝ4690Β3-ΙΟ1,2023-07-28,ΕΝΤΑΛΜΑ ΠΛΗΡΩΜΗΣ ΑΠΟΖΗΜΕΙΩΣΗ ΤΕΙ-ΑΣΚΟΥΜΕΝΩΝ Ο.Α.Ε.Δ. (001607),,,16.54,anonymous sponsor (empty sponsorAFMName)
ΩΝΨΛ4690Β3-ΧΕΤ,2023-07-28,ΕΝΤΑΛΜΑ ΠΛΗΡΩΜΗΣ EΠΙΚΟΥΡΙΚΟΙ ΙΑΤΡΟΙ Ε.Σ.Υ. (000001629),,,244.36,anonymous sponsor (empty sponsorAFMName)
96ΖΙ4690Β3-2ΘΩ,2023-07-28,ΕΝΤΑΛΜΑ ΠΛΗΡΩΜΗΣ ΕΠΙΚΟΥΡΙΚΟ ΝΟΣΗΛΕΥΤΙΚΟ-ΠΑΡΑΪΑΤΡΙΚΟ ΠΡΟΣΩΠΙΚΟ (000001634),,,256.14,anonymous sponsor (empty sponsorAFMName)
6ΩΨΦ4690Β3-9ΜΣ,2023-07-28,ΕΝΤΑΛΜΑ ΠΛΗΡΩΜΗΣ ΕΠΙΚΟΥΡΙΚΟ ΝΟΣΗΛΕΥΤΙΚΟ-ΠΑΡΑΪΑΤΡΙΚΟ ΠΡΟΣΩΠΙΚΟ (000001634),,,2820.18,anonymous sponsor (empty sponsorAFMName)
9ΙΛ04690Β3-4ΛΜ,2023-07-26,ΕΝΤΑΛΜΑ ΠΛΗΡΩΜΗΣ ΔΑΠΕΡΓΟΛΑΣ Γ. ΚΩΝΣΤΑΝΤΙΝΟΣ- ΑΝΔΡΟΝΙΚΟΣ (129585310),,,5952.00,anonymous sponsor (empty sponsorAFMName)
ΨΟ8Υ4690Β3-2ΩΝ,2023-07-25,ΕΝΤΑΛΜΑ ΠΛΗΡΩΜΗΣ ΚΕΡΚΥΡΑΪΚΗ ΕΤΑΙΡΕΙΑ ΚΡΕΑΤΩΝ ΑΕ (099346780),,,1339.40,anonymous sponsor (empty sponsorAFMName)
6ΜΟ14690Β3-ΤΡΨ,2023-07-24,ΕΝΤΑΛΜΑ ΠΛΗΡΩΜΗΣ Γ.Ν.ΝΟΣΗΜΑΤΩΝ ΘΩΡΑΚΟΣ ΑΘΗΝ. Η ΣΩΤΗΡΙΑ (999332720),,,162.08,anonymous sponsor (empty sponsorAFMName)
ΩΧΥΚ4690Β3-ΨΕ2,2023-07-24,ΕΝΤΑΛΜΑ ΠΛΗΡΩΜΗΣ ΔΑΠΕΡΓΟΛΑΣ Γ. ΚΩΝΣΤΑΝΤΙΝΟΣ- ΑΝΔΡΟΝΙΚΟΣ (129585310),,,2356.00,anonymous sponsor (empty sponsorAFMName)
9ΧΓΥ4690Β3-ΘΚ5,2023-07-21,ΕΝΤΑΛΜΑ ΠΛΗΡΩΜΗΣ ΚΡΑΤ.3391-54.04.02.0001 Χ/ΜΑ και ΟΓΑ Χ/ΜΩΝ (001514),,,1.02,anonymous sponsor (empty sponsorAFMName)
ΨΔ924690Β3-ΙΞΙ,2023-07-21,ΕΝΤΑΛΜΑ ΠΛΗΡΩΜΗΣ ΚΡΑΤ.3391-53.20.00.0001 ΕΛΛΗΝΙΚΟ ΔΗΜΟΣΙΟ (001506),,,589.65,anonymous sponsor (empty sponsorAFMName)
9ΡΥ84690Β3-ΧΛΗ,2023-07-21,ΕΝΤΑΛΜΑ ΠΛΗΡΩΜΗΣ ΚΡΑΤ.3391-53.20.00.0001 ΕΛΛΗΝΙΚΟ ΔΗΜΟΣΙΟ (001506),,,29.50,anonymous sponsor (empty sponsorAFMName)
9ΓΤΙ4690Β3-ΞΦΧ,2023-07-21,ΕΝΤΑΛΜΑ ΠΛΗΡΩΜΗΣ ΚΡΑΤ.3391-54.04.02.0001 Χ/ΜΑ και ΟΓΑ Χ/ΜΩΝ (001514),,,49.31,anonymous sponsor (empty sponsorAFMName)
6Σ0Μ4690Β3-ΚΡ0,2023-07-21,ΕΝΤΑΛΜΑ ΠΛΗΡΩΜΗΣ ΚΡΑΤ.3391-54.09.14.0001 ΦΟΡΟΣ ΠΡΟΜΗΘΕΥΤΩΝ (001510),,,45432.69,anonymous sponsor (empty sponsorAFMName)
6ΣΩ74690Β3-232,2023-07-21,ΕΝΤΑΛΜΑ ΠΛΗΡΩΜΗΣ ΚΡΑΤ.3391-53.20.00.0001 ΕΛΛΗΝΙΚΟ ΔΗΜΟΣΙΟ (001506),,,20790.28,anonymous sponsor (empty sponsorAFMName)
9ΙΖ24690Β3-Θ6Σ,2023-07-21,ΕΝΤΑΛΜΑ ΠΛΗΡΩΜΗΣ ΚΡΑΤ.3391-53.20.00.0001 ΕΛΛΗΝΙΚΟ ΔΗΜΟΣΙΟ (001506),,,775.19,anonymous sponsor (empty sponsorAFMName)
94ΒΟ4690Β3-Π6Γ,2023-07-21,ΕΝΤΑΛΜΑ ΠΛΗΡΩΜΗΣ ΚΡΑΤ.3391-53.20.00.0001 ΕΛΛΗΝΙΚΟ ΔΗΜΟΣΙΟ (001506),,,17.04,anonymous sponsor (empty sponsorAFMName)
ΨΝΩΠ4690Β3-6Σ2,2023-07-21,ΕΝΤΑΛΜΑ ΠΛΗΡΩΜΗΣ ΚΡΑΤ.3391-53.20.00.0001 ΕΛΛΗΝΙΚΟ ΔΗΜΟΣΙΟ (001506),,,626.53,anonymous sponsor (empty sponsorAFMName)
69ΜΓ4690Β3-Ε5Σ,2023-07-21,ΕΝΤΑΛΜΑ ΠΛΗΡΩΜΗΣ ΚΡΑΤ.3391-54.03.00.0001 Φ.Μ.Υ. (001512),,,87.47,anonymous sponsor (empty sponsorAFMName)
ΨΣΩ64690Β3-ΨΤΟ,2023-07-21,ΕΝΤΑΛΜΑ ΠΛΗΡΩΜΗΣ ΕΙΣΦΟΡΕΣ ΑΠΑΣΧ/ΝΩΝ ΟΑΕΔ ΜΕΣΩ ΠΡΟΓ. ΚΟΙΝΩΦ. ΧΑΡΑΚΤΗΡΑ (),,,1996.54,anonymous sponsor (empty sponsorAFMName)
90ΔΞ4690Β3-7Λ1,2023-07-21,ΕΝΤΑΛΜΑ ΠΛΗΡΩΜΗΣ ΕΙΣΦΟΡΕΣ ΑΠΑΣΧ/ΝΩΝ ΟΑΕΔ ΜΕΣΩ ΠΡΟΓ. ΚΟΙΝΩΦ. ΧΑΡΑΚΤΗΡΑ (),,,4914.09,anonymous sponsor (empty sponsorAFMName)
9Ι584690Β3-Λ6Ψ,2023-07-21,ΕΝΤΑΛΜΑ ΠΛΗΡΩΜΗΣ ΚΡΑΤ.3391-54.03.00.0001 Φ.Μ.Υ. (001512),,,267.16,anonymous sponsor (empty sponsorAFMName)
6ΥΣΞ4690Β3-ΠΣΝ,2023-07-20,ΕΝΤΑΛΜΑ ΠΛΗΡΩΜΗΣ ΕΝΟΡΑΣΙΣ ΑΕ (094503580),,,1963.65,anonymous sponsor (empty sponsorAFMName)
6Χ0Ν4690Β3-70Θ,2023-07-20,ΕΝΤΑΛΜΑ ΠΛΗΡΩΜΗΣ INNOVIS PHARMA Α.Ε.Β.Ε. (ΠΡΩΗΝ ΦΑΡΜΑΤΕΝ ΕΛΛΑΣ ΑΕΒΕ) (998381010),,,109.31,anonymous sponsor (empty sponsorAFMName)
6ΡΔΛ4690Β3-ΘΔΧ,2023-07-19,ΕΝΤΑΛΜΑ ΠΛΗΡΩΜΗΣ ΚΡΑΤ.3391-53.20.00.0001 ΕΛΛΗΝΙΚΟ ΔΗΜΟΣΙΟ (001506),,,723.95,anonymous sponsor (empty sponsorAFMName)
6Ο414690Β3-0Κ0,2023-07-19,ΕΝΤΑΛΜΑ ΠΛΗΡΩΜΗΣ ΚΕΡΚΥΡΑΪΚΗ ΕΤΑΙΡΕΙΑ ΚΡΕΑΤΩΝ ΑΕ (099346780),,,12018.76,anonymous sponsor (empty sponsorAFMName)
90ΑΛ4690Β3-ΤΑΖ,2023-07-18,ΕΝΤΑΛΜΑ ΠΛΗΡΩΜΗΣ ΑΠΟΖΗΜΙΩΣΗ ΕΦΗΜΕΡΙΩΝ (002535),,,4000.00,anonymous sponsor (empty sponsorAFMName)
99Κ04690Β3-4Η6,2023-07-18,ΕΝΤΑΛΜΑ ΠΛΗΡΩΜΗΣ ΑΠΟΖΗΜΙΩΣΗ ΕΦΗΜΕΡΙΩΝ (002535),,,5750.00,anonymous sponsor (empty sponsorAFMName)
Ψ2Δ94690Β3-Κ2Τ,2023-07-18,ΕΝΤΑΛΜΑ ΠΛΗΡΩΜΗΣ ΑΠΟΖΗΜΙΩΣΗ ΕΦΗΜΕΡΙΩΝ (002535),,,500.00,anonymous sponsor (empty sponsorAFMName)
ΨΠ4Ι4690Β3-Δ3Χ,2023-07-18,ΕΝΤΑΛΜΑ ΠΛΗΡΩΜΗΣ ΑΠΟΖΗΜΙΩΣΗ ΕΦΗΜΕΡΙΩΝ (002535),,,6250.00,anonymous sponsor (empty sponsorAFMName)
622Υ4690Β3-2ΗΖ,2023-07-18,ΕΝΤΑΛΜΑ ΠΛΗΡΩΜΗΣ ΑΠΟΖΗΜΙΩΣΗ ΕΦΗΜΕΡΙΩΝ (002535),,,201.35,anonymous sponsor (empty sponsorAFMName)
ΨΨΖΣ4690Β3-ΗΕΖ,2023-07-18,ΕΝΤΑΛΜΑ ΠΛΗΡΩΜΗΣ ΑΠΟΖΗΜΙΩΣΗ ΕΦΗΜΕΡΙΩΝ (002535),,,199.32,anonymous sponsor (empty sponsorAFMName)
ΨΜΧ34690Β3-ΡΓΠ,2023-07-18,ΕΝΤΑΛΜΑ ΠΛΗΡΩΜΗΣ ΑΠΟΖΗΜΙΩΣΗ ΕΦΗΜΕΡΙΩΝ (002535),,,1139.65,anonymous sponsor (empty sponsorAFMName)
9Ξ764690Β3-Η5Θ,2023-07-18,ΕΝΤΑΛΜΑ ΠΛΗΡΩΜΗΣ ΑΠΟΖΗΜΙΩΣΗ ΕΦΗΜΕΡΙΩΝ (002535),,,2446.50,anonymous sponsor (empty sponsorAFMName)
Ψ04Ν4690Β3-547,2023-07-18,ΕΝΤΑΛΜΑ ΠΛΗΡΩΜΗΣ ΑΠΟΖΗΜΙΩΣΗ ΕΦΗΜΕΡΙΩΝ (002535),,,12143.38,anonymous sponsor (empty sponsorAFMName)
ΨΝ1Ξ4690Β3-Υ5Δ,2023-07-18,ΕΝΤΑΛΜΑ ΠΛΗΡΩΜΗΣ ΑΠΟΖΗΜΙΩΣΗ ΕΦΗΜΕΡΙΩΝ (002535),,,1456.07,anonymous sponsor (empty sponsorAFMName)
ΨΞΗΑ4690Β3-ΛΑ7,2023-07-17,ΕΝΤΑΛΜΑ ΠΛΗΡΩΜΗΣ ΟΔΟΙΠΟΡΙΚΑ ΕΞΟΔΑ ΠΡΟΣ. ΝΟΣ/ΜΕΙΟΥ (001626),,,259.58,anonymous sponsor (empty sponsorAFMName)
Ψ3ΕΗ4690Β3-ΗΦΡ,2023-07-17,ΕΝΤΑΛΜΑ ΠΛΗΡΩΜΗΣ ΟΔΟΙΠΟΡΙΚΑ ΕΞΟΔΑ ΠΡΟΣ. ΝΟΣ/ΜΕΙΟΥ (001626),,,15.60,anonymous sponsor (empty sponsorAFMName)
6Α0Ρ4690Β3-ΘΗ5,2023-07-17,ΕΝΤΑΛΜΑ ΠΛΗΡΩΜΗΣ ΟΔΟΙΠΟΡΙΚΑ ΕΞΟΔΑ ΠΡΟΣ. ΝΟΣ/ΜΕΙΟΥ (001626),,,31.20,anonymous sponsor (empty sponsorAFMName)
6ΘΒ14690Β3-ΛΧ0,2023-07-17,ΕΝΤΑΛΜΑ ΠΛΗΡΩΜΗΣ ΟΔΟΙΠΟΡΙΚΑ ΕΞΟΔΑ ΠΡΟΣ. ΝΟΣ/ΜΕΙΟΥ (001626),,,36.20,anonymous sponsor (empty sponsorAFMName)
69ΨΧ4690Β3-ΨΟ0,2023-07-17,ΕΝΤΑΛΜΑ ΠΛΗΡΩΜΗΣ ΟΔΟΙΠΟΡΙΚΑ ΕΞΟΔΑ ΠΡΟΣ. ΝΟΣ/ΜΕΙΟΥ (001626),,,182.90,anonymous sponsor (empty sponsorAFMName)
9ΥΧΙ4690Β3-ΜΨΟ,2023-06-28,ΕΝΤΑΛΜΑ ΠΛΗΡΩΜΗΣ ΔΙΚΑΙΟΥΧΟΙ ΑΜΟΙΒΩΝ (001600),,,771.00,anonymous sponsor (empty sponsorAFMName)
68ΛΡ4690Β3-ΕΛΛ,2023-06-28,ΕΝΤΑΛΜΑ ΠΛΗΡΩΜΗΣ ΕΠΙΣΤΡΟΦΗ ΕΞΕΤ/ΤΡΩΝ ΛΟΓΩ ΝΟΣΗΛΕΙΑΣ (001633),,,4160.00,anonymous sponsor (empty sponsorAFMName)
ΨΗΘΣ4690Β3-ΧΚΜ,2023-06-28,ΕΝΤΑΛΜΑ ΠΛΗΡΩΜΗΣ ΑΠΟΖΗΜΕΙΩΣΗ ΤΕΙ-ΑΣΚΟΥΜΕΝΩΝ Ο.Α.Ε.Δ. (001607),,,10.11,anonymous sponsor (empty sponsorAFMName)
ΨΣΣΚ4690Β3-Ζ2Τ,2023-06-28,ΕΝΤΑΛΜΑ ΠΛΗΡΩΜΗΣ ΑΠΟΖΗΜΕΙΩΣΗ ΤΕΙ-ΑΣΚΟΥΜΕΝΩΝ Ο.Α.Ε.Δ. (001607),,,99.24,anonymous sponsor (empty sponsorAFMName)
ΨΖΨΨ4690Β3-ΓΦΛ,2023-06-28,ΕΝΤΑΛΜΑ ΠΛΗΡΩΜΗΣ ΑΠΟΖΗΜΕΙΩΣΗ ΤΕΙ-ΑΣΚΟΥΜΕΝΩΝ Ο.Α.Ε.Δ. (001607),,,422.98,anonymous sponsor (empty sponsorAFMName)
6Ρ4Β4690Β3-ΜΡ4,2023-06-28,ΕΝΤΑΛΜΑ ΠΛΗΡΩΜΗΣ ΕΠΙΚΟΥΡΙΚΟ ΝΟΣΗΛΕΥΤΙΚΟ-ΠΑΡΑΪΑΤΡΙΚΟ ΠΡΟΣΩΠΙΚΟ (000001634),,,1518.84,anonymous sponsor (empty sponsorAFMName)
68ΠΖ4690Β3-ΛΦΡ,2023-06-28,ΕΝΤΑΛΜΑ ΠΛΗΡΩΜΗΣ ΕΠΙΚΟΥΡΙΚΟ ΝΟΣΗΛΕΥΤΙΚΟ-ΠΑΡΑΪΑΤΡΙΚΟ ΠΡΟΣΩΠΙΚΟ (000001634),,,2574.24,anonymous sponsor (empty sponsorAFMName)
907Γ4690Β3-ΚΟΝ,2023-06-28,ΕΝΤΑΛΜΑ ΠΛΗΡΩΜΗΣ ΕΠΙΚΟΥΡΙΚΟ ΝΟΣΗΛΕΥΤΙΚΟ-ΠΑΡΑΪΑΤΡΙΚΟ ΠΡΟΣΩΠΙΚΟ (000001634),,,28489.69,anonymous sponsor (empty sponsorAFMName)
6Φ4Υ4690Β3-9ΥΘ,2023-06-28,ΕΝΤΑΛΜΑ ΠΛΗΡΩΜΗΣ EΠΙΚΟΥΡΙΚΟΙ ΙΑΤΡΟΙ Ε.Σ.Υ. (000001629),,,49966.43,anonymous sponsor (empty sponsorAFMName)
9ΦΥΗ4690Β3-ΠΘΩ,2023-06-28,ΕΝΤΑΛΜΑ ΠΛΗΡΩΜΗΣ ΕΠΙΚΟΥΡΙΚΟ ΝΟΣΗΛΕΥΤΙΚΟ-ΠΑΡΑΪΑΤΡΙΚΟ ΠΡΟΣΩΠΙΚΟ (000001634),,,1528.12,anonymous sponsor (empty sponsorAFMName)
ΨΠΛ64690Β3-ΩΞΘ,2023-06-28,ΕΝΤΑΛΜΑ ΠΛΗΡΩΜΗΣ ΕΠΙΚΟΥΡΙΚΟ ΝΟΣΗΛΕΥΤΙΚΟ-ΠΑΡΑΪΑΤΡΙΚΟ ΠΡΟΣΩΠΙΚΟ (000001634),,,2395.15,anonymous sponsor (empty sponsorAFMName)
Ψ1ΤΦ4690Β3-ΞΘΩ,2023-06-28,ΕΝΤΑΛΜΑ ΠΛΗΡΩΜΗΣ ΕΠΙΚΟΥΡΙΚΟ ΝΟΣΗΛΕΥΤΙΚΟ-ΠΑΡΑΪΑΤΡΙΚΟ ΠΡΟΣΩΠΙΚΟ (000001634),,,1590.99,anonymous sponsor (empty sponsorAFMName)
9ΛΘΙ4690Β3-9ΝΥ,2023-06-28,ΕΝΤΑΛΜΑ ΠΛΗΡΩΜΗΣ ΕΠΙΚΟΥΡΙΚΟ ΝΟΣΗΛΕΥΤΙΚΟ-ΠΑΡΑΪΑΤΡΙΚΟ ΠΡΟΣΩΠΙΚΟ (000001634),,,112955.97,anonymous sponsor (empty sponsorAFMName)
ΨΠΙΞ4690Β3-3ΝΠ,2023-06-28,ΕΝΤΑΛΜΑ ΠΛΗΡΩΜΗΣ EΠΙΚΟΥΡΙΚΟΙ ΙΑΤΡΟΙ Ε.Σ.Υ. (000001629),,,6568.19,anonymous sponsor (empty sponsorAFMName)
ΨΖΩΙ4690Β3-ΨΤ2,2023-06-28,ΕΝΤΑΛΜΑ ΠΛΗΡΩΜΗΣ ΕΠΙΚΟΥΡΙΚΟ ΝΟΣΗΛΕΥΤΙΚΟ-ΠΑΡΑΪΑΤΡΙΚΟ ΠΡΟΣΩΠΙΚΟ (000001634),,,3232.83,anonymous sponsor (empty sponsorAFMName)
6ΨΖ04690Β3-82Ε,2023-06-28,ΕΝΤΑΛΜΑ ΠΛΗΡΩΜΗΣ ΕΠΙΚΟΥΡΙΚΟ ΝΟΣΗΛΕΥΤΙΚΟ-ΠΑΡΑΪΑΤΡΙΚΟ ΠΡΟΣΩΠΙΚΟ (000001634),,,5925.10,anonymous sponsor (empty sponsorAFMName)
ΨΜ664690Β3-ΥΡΧ,2023-06-28,ΕΝΤΑΛΜΑ ΠΛΗΡΩΜΗΣ ΕΠΟΧΙΚΟ ΠΡΟΣΩΠΙΚΟ ΚΑΘΑΡΙΟΤΗΤΑΣ (999111999),,,38209.27,anonymous sponsor (empty sponsorAFMName)
Ψ1Δ74690Β3-13Θ,2023-06-28,ΕΝΤΑΛΜΑ ΠΛΗΡΩΜΗΣ ΟΔΟΙΠΟΡΙΚΑ ΕΞΟΔΑ ΠΡΟΣ. ΝΟΣ/ΜΕΙΟΥ (001626),,,51.20,anonymous sponsor (empty sponsorAFMName)
ΨΟ334690Β3-Κ7Γ,2023-06-28,ΕΝΤΑΛΜΑ ΠΛΗΡΩΜΗΣ ΟΔΟΙΠΟΡΙΚΑ ΕΞΟΔΑ ΠΡΟΣ. ΝΟΣ/ΜΕΙΟΥ (001626),,,5.20,anonymous sponsor (empty sponsorAFMName)
ΨΗΓ14690Β3-9Ν6,2023-06-28,ΕΝΤΑΛΜΑ ΠΛΗΡΩΜΗΣ ΟΔΟΙΠΟΡΙΚΑ ΕΞΟΔΑ ΠΡΟΣ. ΝΟΣ/ΜΕΙΟΥ (001626),,,39.60,anonymous sponsor (empty sponsorAFMName)
Ψ4ΒΙ4690Β3-ΨΥ8,2023-06-28,ΕΝΤΑΛΜΑ ΠΛΗΡΩΜΗΣ ΟΔΟΙΠΟΡΙΚΑ ΕΞΟΔΑ ΠΡΟΣ. ΝΟΣ/ΜΕΙΟΥ (001626),,,24.80,anonymous sponsor (empty sponsorAFMName)
6Η034690Β3-ΒΗ6,2023-06-28,ΕΝΤΑΛΜΑ ΠΛΗΡΩΜΗΣ ΟΔΟΙΠΟΡΙΚΑ ΕΞΟΔΑ ΠΡΟΣ. ΝΟΣ/ΜΕΙΟΥ (001626),,,24.50,anonymous sponsor (empty sponsorAFMName)
Ψ9ΙΗ4690Β3-ΡΡΤ,2023-06-28,ΕΝΤΑΛΜΑ ΠΛΗΡΩΜΗΣ ΟΔΟΙΠΟΡΙΚΑ ΕΞΟΔΑ ΠΡΟΣ. ΝΟΣ/ΜΕΙΟΥ (001626),,,152.80,anonymous sponsor (empty sponsorAFMName)
ΩΝΧ34690Β3-ΑΜ2,2023-06-27,ΕΝΤΑΛΜΑ ΠΛΗΡΩΜΗΣ ΑΠΟΖΗΜΙΩΣΗ ΓΙΑ ΝΥΧΤΕΡΙΝΑ-ΕΞΑΙΡΕΣΙΜΑ-ΥΠΕΡΩΡ.ΑΠΑΣΧΟΛΗΣΗ (001628),,,137.84,anonymous sponsor (empty sponsorAFMName)
953Δ4690Β3-Ρ3Χ,2023-06-27,ΕΝΤΑΛΜΑ ΠΛΗΡΩΜΗΣ ΑΠΟΖΗΜΙΩΣΗ ΓΙΑ ΝΥΧΤΕΡΙΝΑ-ΕΞΑΙΡΕΣΙΜΑ-ΥΠΕΡΩΡ.ΑΠΑΣΧΟΛΗΣΗ (001628),,,22.08,anonymous sponsor (empty sponsorAFMName)
61ΟΝ4690Β3-ΓΨΕ,2023-06-27,ΕΝΤΑΛΜΑ ΠΛΗΡΩΜΗΣ ΑΠΟΖΗΜΙΩΣΗ ΓΙΑ ΝΥΧΤΕΡΙΝΑ-ΕΞΑΙΡΕΣΙΜΑ-ΥΠΕΡΩΡ.ΑΠΑΣΧΟΛΗΣΗ (001628),,,1.67,anonymous sponsor (empty sponsorAFMName)
ΩΜ3Ρ4690Β3-Κ3Κ,2023-06-27,ΕΝΤΑΛΜΑ ΠΛΗΡΩΜΗΣ ΑΠΟΖΗΜΙΩΣΗ ΓΙΑ ΝΥΧΤΕΡΙΝΑ-ΕΞΑΙΡΕΣΙΜΑ-ΥΠΕΡΩΡ.ΑΠΑΣΧΟΛΗΣΗ (001628),,,1631.42,anonymous sponsor (empty sponsorAFMName)
Ψ2Φ74690Β3-Λ67,2023-06-27,ΕΝΤΑΛΜΑ ΠΛΗΡΩΜΗΣ ΑΠΟΖΗΜΙΩΣΗ ΓΙΑ ΝΥΧΤΕΡΙΝΑ-ΕΞΑΙΡΕΣΙΜΑ-ΥΠΕΡΩΡ.ΑΠΑΣΧΟΛΗΣΗ (001628),,,1925.38,anonymous sponsor (empty sponsorAFMName)
6ΒΛ54690Β3-Ω87,2023-06-27,ΕΝΤΑΛΜΑ ΠΛΗΡΩΜΗΣ ΑΠΟΖΗΜΙΩΣΗ ΓΙΑ ΝΥΧΤΕΡΙΝΑ-ΕΞΑΙΡΕΣΙΜΑ-ΥΠΕΡΩΡ.ΑΠΑΣΧΟΛΗΣΗ (001628),,,68.08,anonymous sponsor (empty sponsorAFMName)
ΨΤΣΠ4690Β3-ΗΣΜ,2023-06-27,ΕΝΤΑΛΜΑ ΠΛΗΡΩΜΗΣ ΑΠΟΖΗΜΙΩΣΗ ΓΙΑ ΝΥΧΤΕΡΙΝΑ-ΕΞΑΙΡΕΣΙΜΑ-ΥΠΕΡΩΡ.ΑΠΑΣΧΟΛΗΣΗ (001628),,,533.24,anonymous sponsor (empty sponsorAFMName)
Ψ08Σ4690Β3-Τ5Π,2023-06-27,ΕΝΤΑΛΜΑ ΠΛΗΡΩΜΗΣ ΑΠΟΖΗΜΙΩΣΗ ΓΙΑ ΝΥΧΤΕΡΙΝΑ-ΕΞΑΙΡΕΣΙΜΑ-ΥΠΕΡΩΡ.ΑΠΑΣΧΟΛΗΣΗ (001628),,,8122.41,anonymous sponsor (empty sponsorAFMName)
ΩΜΤΘ4690Β3-ΩΟΨ,2023-06-27,ΕΝΤΑΛΜΑ ΠΛΗΡΩΜΗΣ ΑΠΟΖΗΜΙΩΣΗ ΓΙΑ ΝΥΧΤΕΡΙΝΑ-ΕΞΑΙΡΕΣΙΜΑ-ΥΠΕΡΩΡ.ΑΠΑΣΧΟΛΗΣΗ (001628),,,1581.91,anonymous sponsor (empty sponsorAFMName)
9ΕΧΞ4690Β3-3ΚΔ,2023-06-27,ΕΝΤΑΛΜΑ ΠΛΗΡΩΜΗΣ ΑΠΟΖΗΜΙΩΣΗ ΓΙΑ ΝΥΧΤΕΡΙΝΑ-ΕΞΑΙΡΕΣΙΜΑ-ΥΠΕΡΩΡ.ΑΠΑΣΧΟΛΗΣΗ (001628),,,5692.15,anonymous sponsor (empty sponsorAFMName)
9ΠΗ34690Β3-ΚΕ5,2023-06-27,ΕΝΤΑΛΜΑ ΠΛΗΡΩΜΗΣ ΑΠΟΖΗΜΙΩΣΗ ΓΙΑ ΝΥΧΤΕΡΙΝΑ-ΕΞΑΙΡΕΣΙΜΑ-ΥΠΕΡΩΡ.ΑΠΑΣΧΟΛΗΣΗ (001628),,,365.97,anonymous sponsor (empty sponsorAFMName)
Ψ86Μ4690Β3-ΙΛ1,2023-06-27,ΕΝΤΑΛΜΑ ΠΛΗΡΩΜΗΣ ΑΠΟΖΗΜΙΩΣΗ ΓΙΑ ΝΥΧΤΕΡΙΝΑ-ΕΞΑΙΡΕΣΙΜΑ-ΥΠΕΡΩΡ.ΑΠΑΣΧΟΛΗΣΗ (001628),,,372.91,anonymous sponsor (empty sponsorAFMName)
Ψ5ΑΑ4690Β3-ΟΞ6,2023-06-27,ΕΝΤΑΛΜΑ ΠΛΗΡΩΜΗΣ ΑΠΟΖΗΜΙΩΣΗ ΓΙΑ ΝΥΧΤΕΡΙΝΑ-ΕΞΑΙΡΕΣΙΜΑ-ΥΠΕΡΩΡ.ΑΠΑΣΧΟΛΗΣΗ (001628),,,1603.24,anonymous sponsor (empty sponsorAFMName)
9ΤΜΔ4690Β3-9Ξ6,2023-06-27,ΕΝΤΑΛΜΑ ΠΛΗΡΩΜΗΣ ΑΠΟΖΗΜΙΩΣΗ ΓΙΑ ΝΥΧΤΕΡΙΝΑ-ΕΞΑΙΡΕΣΙΜΑ-ΥΠΕΡΩΡ.ΑΠΑΣΧΟΛΗΣΗ (001628),,,849.90,anonymous sponsor (empty sponsorAFMName)
6Σ864690Β3-ΩΥΙ,2023-06-27,ΕΝΤΑΛΜΑ ΠΛΗΡΩΜΗΣ ΑΠΟΖΗΜΙΩΣΗ ΓΙΑ ΝΥΧΤΕΡΙΝΑ-ΕΞΑΙΡΕΣΙΜΑ-ΥΠΕΡΩΡ.ΑΠΑΣΧΟΛΗΣΗ (001628),,,6475.89,anonymous sponsor (empty sponsorAFMName)
9ΨΦ84690Β3-66Ι,2023-06-27,ΕΝΤΑΛΜΑ ΠΛΗΡΩΜΗΣ ΑΠΟΖΗΜΙΩΣΗ ΓΙΑ ΝΥΧΤΕΡΙΝΑ-ΕΞΑΙΡΕΣΙΜΑ-ΥΠΕΡΩΡ.ΑΠΑΣΧΟΛΗΣΗ (001628),,,135.72,anonymous sponsor (empty sponsorAFMName)
ΨΣΝ94690Β3-ΤΗΕ,2023-06-27,ΕΝΤΑΛΜΑ ΠΛΗΡΩΜΗΣ ΑΠΟΖΗΜΙΩΣΗ ΓΙΑ ΝΥΧΤΕΡΙΝΑ-ΕΞΑΙΡΕΣΙΜΑ-ΥΠΕΡΩΡ.ΑΠΑΣΧΟΛΗΣΗ (001628),,,249.51,anonymous sponsor (empty sponsorAFMName)
6ΓΤΗ4690Β3-ΖΝΡ,2023-06-27,ΕΝΤΑΛΜΑ ΠΛΗΡΩΜΗΣ ΑΠΟΖΗΜΙΩΣΗ ΓΙΑ ΝΥΧΤΕΡΙΝΑ-ΕΞΑΙΡΕΣΙΜΑ-ΥΠΕΡΩΡ.ΑΠΑΣΧΟΛΗΣΗ (001628),,,954.02,anonymous sponsor (empty sponsorAFMName)
9Η8Τ4690Β3-8ΚΨ,2023-06-27,ΕΝΤΑΛΜΑ ΠΛΗΡΩΜΗΣ ΑΠΟΖΗΜΙΩΣΗ ΓΙΑ ΝΥΧΤΕΡΙΝΑ-ΕΞΑΙΡΕΣΙΜΑ-ΥΠΕΡΩΡ.ΑΠΑΣΧΟΛΗΣΗ (001628),,,836.88,anonymous sponsor (empty sponsorAFMName)
6ΩΙΜ4690Β3-7ΦΒ,2023-06-27,ΕΝΤΑΛΜΑ ΠΛΗΡΩΜΗΣ ΑΠΟΖΗΜΙΩΣΗ ΓΙΑ ΝΥΧΤΕΡΙΝΑ-ΕΞΑΙΡΕΣΙΜΑ-ΥΠΕΡΩΡ.ΑΠΑΣΧΟΛΗΣΗ (001628),,,261.54,anonymous sponsor (empty sponsorAFMName)
947Η4690Β3-ΙΧΕ,2023-06-27,ΕΝΤΑΛΜΑ ΠΛΗΡΩΜΗΣ ΑΠΟΖΗΜΙΩΣΗ ΓΙΑ ΝΥΧΤΕΡΙΝΑ-ΕΞΑΙΡΕΣΙΜΑ-ΥΠΕΡΩΡ.ΑΠΑΣΧΟΛΗΣΗ (001628),,,1977.76,anonymous sponsor (empty sponsorAFMName)
92ΘΘ4690Β3-Μ51,2023-06-27,ΕΝΤΑΛΜΑ ΠΛΗΡΩΜΗΣ ΑΠΟΖΗΜΙΩΣΗ ΓΙΑ ΝΥΧΤΕΡΙΝΑ-ΕΞΑΙΡΕΣΙΜΑ-ΥΠΕΡΩΡ.ΑΠΑΣΧΟΛΗΣΗ (001628),,,729.99,anonymous sponsor (empty sponsorAFMName)
9Π024690Β3-ΠΥΦ,2023-06-27,ΕΝΤΑΛΜΑ ΠΛΗΡΩΜΗΣ ΑΠΟΖΗΜΙΩΣΗ ΓΙΑ ΝΥΧΤΕΡΙΝΑ-ΕΞΑΙΡΕΣΙΜΑ-ΥΠΕΡΩΡ.ΑΠΑΣΧΟΛΗΣΗ (001628),,,2238.32,anonymous sponsor (empty sponsorAFMName)
6ΓΗΥ4690Β3-ΑΜ9,2023-06-27,ΕΝΤΑΛΜΑ ΠΛΗΡΩΜΗΣ ΑΠΟΖΗΜΙΩΣΗ ΓΙΑ ΝΥΧΤΕΡΙΝΑ-ΕΞΑΙΡΕΣΙΜΑ-ΥΠΕΡΩΡ.ΑΠΑΣΧΟΛΗΣΗ (001628),,,189.11,anonymous sponsor (empty sponsorAFMName)
9ΒΡΒ4690Β3-5ΝΑ,2023-06-27,ΕΝΤΑΛΜΑ ΠΛΗΡΩΜΗΣ ΑΠΟΖΗΜΙΩΣΗ ΓΙΑ ΝΥΧΤΕΡΙΝΑ-ΕΞΑΙΡΕΣΙΜΑ-ΥΠΕΡΩΡ.ΑΠΑΣΧΟΛΗΣΗ (001628),,,1596.71,anonymous sponsor (empty sponsorAFMName)
939Ω4690Β3-ΣΑΚ,2023-06-27,ΕΝΤΑΛΜΑ ΠΛΗΡΩΜΗΣ ΑΠΟΖΗΜΙΩΣΗ ΓΙΑ ΝΥΧΤΕΡΙΝΑ-ΕΞΑΙΡΕΣΙΜΑ-ΥΠΕΡΩΡ.ΑΠΑΣΧΟΛΗΣΗ (001628),,,6417.24,anonymous sponsor (empty sponsorAFMName)
61Τ14690Β3-Ω8Ω,2023-06-27,ΕΝΤΑΛΜΑ ΠΛΗΡΩΜΗΣ ΑΠΟΖΗΜΙΩΣΗ ΓΙΑ ΝΥΧΤΕΡΙΝΑ-ΕΞΑΙΡΕΣΙΜΑ-ΥΠΕΡΩΡ.ΑΠΑΣΧΟΛΗΣΗ (001628),,,4289.59,anonymous sponsor (empty sponsorAFMName)
Ψ3ΝΔ4690Β3-7ΛΕ,2023-06-27,ΕΝΤΑΛΜΑ ΠΛΗΡΩΜΗΣ ΑΠΟΖΗΜΙΩΣΗ ΓΙΑ ΝΥΧΤΕΡΙΝΑ-ΕΞΑΙΡΕΣΙΜΑ-ΥΠΕΡΩΡ.ΑΠΑΣΧΟΛΗΣΗ (001628),,,1298.98,anonymous sponsor (empty sponsorAFMName)
6ΛΤ64690Β3-ΕΝ8,2023-06-27,ΕΝΤΑΛΜΑ ΠΛΗΡΩΜΗΣ ΑΠΟΖΗΜΙΩΣΗ ΓΙΑ ΝΥΧΤΕΡΙΝΑ-ΕΞΑΙΡΕΣΙΜΑ-ΥΠΕΡΩΡ.ΑΠΑΣΧΟΛΗΣΗ (001628),,,8405.42,anonymous sponsor (empty sponsorAFMName)
6ΓΧΠ4690Β3-ΕΘ8,2023-06-27,ΕΝΤΑΛΜΑ ΠΛΗΡΩΜΗΣ ΑΠΟΖΗΜΙΩΣΗ ΕΦΗΜΕΡΙΩΝ (002535),,,2064.06,anonymous sponsor (empty sponsorAFMName)
ΨΓΩ04690Β3-70Τ,2023-06-27,ΕΝΤΑΛΜΑ ΠΛΗΡΩΜΗΣ ΑΠΟΖΗΜΙΩΣΗ ΕΦΗΜΕΡΙΩΝ (002535),,,1985.12,anonymous sponsor (empty sponsorAFMName)
6ΛΧΘ4690Β3-Θ1Π,2023-06-27,ΕΝΤΑΛΜΑ ΠΛΗΡΩΜΗΣ ΑΠΟΖΗΜΙΩΣΗ ΕΦΗΜΕΡΙΩΝ (002535),,,1426.04,anonymous sponsor (empty sponsorAFMName)
6ΗΛΧ4690Β3-Π7Γ,2023-06-27,ΕΝΤΑΛΜΑ ΠΛΗΡΩΜΗΣ ΑΠΟΖΗΜΙΩΣΗ ΕΦΗΜΕΡΙΩΝ (002535),,,16575.87,anonymous sponsor (empty sponsorAFMName)
6ΒΥΠ4690Β3-ΤΣ8,2023-06-27,ΕΝΤΑΛΜΑ ΠΛΗΡΩΜΗΣ ΑΠΟΖΗΜΙΩΣΗ ΕΦΗΜΕΡΙΩΝ (002535),,,879.24,anonymous sponsor (empty sponsorAFMName)
6ΞΤ04690Β3-1ΘΠ,2023-06-27,ΕΝΤΑΛΜΑ ΠΛΗΡΩΜΗΣ ΑΠΟΖΗΜΙΩΣΗ ΕΦΗΜΕΡΙΩΝ (002535),,,667.40,anonymous sponsor (empty sponsorAFMName)
ΨΣ864690Β3-ΜΟΡ,2023-06-27,ΕΝΤΑΛΜΑ ΠΛΗΡΩΜΗΣ ΑΠΟΖΗΜΙΩΣΗ ΕΦΗΜΕΡΙΩΝ (002535),,,20852.99,anonymous sponsor (empty sponsorAFMName)
ΨΗΧΣ4690Β3-Δ14,2023-06-27,ΕΝΤΑΛΜΑ ΠΛΗΡΩΜΗΣ ΑΠΟΖΗΜΙΩΣΗ ΕΦΗΜΕΡΙΩΝ (002535),,,1306.97,anonymous sponsor (empty sponsorAFMName)
638Ο4690Β3-ΧΝ6,2023-06-27,ΕΝΤΑΛΜΑ ΠΛΗΡΩΜΗΣ ΑΠΟΖΗΜΙΩΣΗ ΕΦΗΜΕΡΙΩΝ (002535),,,76266.78,anonymous sponsor (empty sponsorAFMName)
6ΚΥΜ4690Β3-ΦΦΥ,2023-06-27,ΕΝΤΑΛΜΑ ΠΛΗΡΩΜΗΣ ΕΙΣΦΟΡΕΣ ΑΠΑΣΧ/ΝΩΝ ΟΑΕΔ ΜΕΣΩ ΠΡΟΓ. ΚΟΙΝΩΦ. ΧΑΡΑΚΤΗΡΑ (),,,1996.54,anonymous sponsor (empty sponsorAFMName)
Ψ7ΜΑ4690Β3-ΜΘΗ,2023-06-27,ΕΝΤΑΛΜΑ ΠΛΗΡΩΜΗΣ ΚΡΑΤ.3391-54.03.00.0001 Φ.Μ.Υ. (001512),,,84.10,anonymous sponsor (empty sponsorAFMName)
65ΩΒ4690Β3-3Ξ3,2023-06-27,ΕΝΤΑΛΜΑ ΠΛΗΡΩΜΗΣ ΕΙΣΦΟΡΕΣ ΑΠΑΣΧ/ΝΩΝ ΟΑΕΔ ΜΕΣΩ ΠΡΟΓ. ΚΟΙΝΩΦ. ΧΑΡΑΚΤΗΡΑ (),,,4914.09,anonymous sponsor (empty sponsorAFMName)
603Κ4690Β3-7ΑΗ,2023-06-27,ΕΝΤΑΛΜΑ ΠΛΗΡΩΜΗΣ ΚΡΑΤ.3391-54.03.00.0001 Φ.Μ.Υ. (001512),,,287.75,anonymous sponsor (empty sponsorAFMName)
6ΥΕΚ4690Β3-ΞΛ9,2023-06-26,ΕΝΤΑΛΜΑ ΠΛΗΡΩΜΗΣ ΚΡΑΤ.3391-54.04.02.0001 Χ/ΜΑ και ΟΓΑ Χ/ΜΩΝ (001514),,,0.41,anonymous sponsor (empty sponsorAFMName)
ΨΠΖΡ4690Β3-ΧΨΔ,2023-06-26,ΕΝΤΑΛΜΑ ΠΛΗΡΩΜΗΣ ΚΡΑΤ.3391-53.20.00.0001 ΕΛΛΗΝΙΚΟ ΔΗΜΟΣΙΟ (001506),,,237.43,anonymous sponsor (empty sponsorAFMName)
Ψ4Ρ14690Β3-56Β,2023-06-26,ΕΝΤΑΛΜΑ ΠΛΗΡΩΜΗΣ ΚΡΑΤ.3391-53.20.00.0001 ΕΛΛΗΝΙΚΟ ΔΗΜΟΣΙΟ (001506),,,11.88,anonymous sponsor (empty sponsorAFMName)
ΨΨ4Κ4690Β3-Φ7Ψ,2023-06-26,ΕΝΤΑΛΜΑ ΠΛΗΡΩΜΗΣ ΚΡΑΤ.3391-54.04.02.0001 Χ/ΜΑ και ΟΓΑ Χ/ΜΩΝ (001514),,,54.08,anonymous sponsor (empty sponsorAFMName)
6ΔΟΤ4690Β3-ΡΙΥ,2023-06-26,ΕΝΤΑΛΜΑ ΠΛΗΡΩΜΗΣ ΚΡΑΤ.3391-54.04.00.0001 ΦΟΡΟΣ ΕΛΕΥΘΕΡ.ΕΠΑΓΓΕΛΜΑΤ (),,,665.89,anonymous sponsor (empty sponsorAFMName)
ΨΔΡΠ4690Β3-Σ6Ω,2023-06-26,ΕΝΤΑΛΜΑ ΠΛΗΡΩΜΗΣ ΚΡΑΤ.3391-54.09.14.0001 ΦΟΡΟΣ ΠΡΟΜΗΘΕΥΤΩΝ (001510),,,53086.05,anonymous sponsor (empty sponsorAFMName)
ΨΕ484690Β3-Β3Ε,2023-06-26,ΕΝΤΑΛΜΑ ΠΛΗΡΩΜΗΣ ΚΡΑΤ.3391-53.20.00.0001 ΕΛΛΗΝΙΚΟ ΔΗΜΟΣΙΟ (001506),,,21456.20,anonymous sponsor (empty sponsorAFMName)
ΨΘ4Ξ4690Β3-ΧΝΔ,2023-06-26,ΕΝΤΑΛΜΑ ΠΛΗΡΩΜΗΣ ΚΡΑΤ.3391-53.20.00.0001 ΕΛΛΗΝΙΚΟ ΔΗΜΟΣΙΟ (001506),,,6.69,anonymous sponsor (empty sponsorAFMName)
6ΠΝΑ4690Β3-ΓΟ8,2023-06-26,ΕΝΤΑΛΜΑ ΠΛΗΡΩΜΗΣ ΚΡΑΤ.3391-53.20.00.0001 ΕΛΛΗΝΙΚΟ ΔΗΜΟΣΙΟ (001506),,,657.82,anonymous sponsor (empty sponsorAFMName)
6ΘΥΝ4690Β3-1Λ9,2023-06-26,ΕΝΤΑΛΜΑ ΠΛΗΡΩΜΗΣ ΚΡΑΤ.3391-53.20.00.0001 ΕΛΛΗΝΙΚΟ ΔΗΜΟΣΙΟ (001506),,,849.08,anonymous sponsor (empty sponsorAFMName)
ΨΟΒΔ4690Β3-Ψ2Π,2023-06-23,ΕΝΤΑΛΜΑ ΠΛΗΡΩΜΗΣ ΔΑΠΕΡΓΟΛΑΣ Γ. ΚΩΝΣΤΑΝΤΙΝΟΣ- ΑΝΔΡΟΝΙΚΟΣ (129585310),,,223.20,anonymous sponsor (empty sponsorAFMName)
6ΖΗ34690Β3-Ε0Ψ,2023-06-23,ΕΝΤΑΛΜΑ ΠΛΗΡΩΜΗΣ ΟΔΟΙΠΟΡΙΚΑ ΕΞΟΔΑ ΠΡΟΣ. ΝΟΣ/ΜΕΙΟΥ (001626),,,192.90,anonymous sponsor (empty sponsorAFMName)
ΨΖΣΔ4690Β3-Ζ01,2023-06-23,ΕΝΤΑΛΜΑ ΠΛΗΡΩΜΗΣ ΟΔΟΙΠΟΡΙΚΑ ΕΞΟΔΑ ΠΡΟΣ. ΝΟΣ/ΜΕΙΟΥ (001626),,,102.40,anonymous sponsor (empty sponsorAFMName)
96Ρ24690Β3-ΗΧΙ,2023-06-23,ΕΝΤΑΛΜΑ ΠΛΗΡΩΜΗΣ ΟΔΟΙΠΟΡΙΚΑ ΕΞΟΔΑ ΠΡΟΣ. ΝΟΣ/ΜΕΙΟΥ (001626),,,35.60,anonymous sponsor (empty sponsorAFMName)
6ΥΓΓ4690Β3-627,2023-06-23,ΕΝΤΑΛΜΑ ΠΛΗΡΩΜΗΣ ΟΔΟΙΠΟΡΙΚΑ ΕΞΟΔΑ ΠΡΟΣ. ΝΟΣ/ΜΕΙΟΥ (001626),,,41.20,anonymous sponsor (empty sponsorAFMName)
ΨΒ2Ν4690Β3-8ΘΔ,2023-06-22,ΕΝΤΑΛΜΑ ΠΛΗΡΩΜΗΣ ΚΩΝΣΤΑΝΤΙΝΟΣ ΑΝΑΣΤΟΠΟΥΛΟΣ-ΑΙΚΑΤΕΡΙΝΗ ΝΑΤΣΗ Ο.Ε. (800544921),,,1612.00,anonymous sponsor (empty sponsorAFMName)
Ρ4ΔΙ4690Β3-Θ9Ν,2023-06-21,ΕΝΤΑΛΜΑ ΠΛΗΡΩΜΗΣ ΚΕΡΚΥΡΑΪΚΗ ΕΤΑΙΡΕΙΑ ΚΡΕΑΤΩΝ ΑΕ (099346780),,,19767.25,anonymous sponsor (empty sponsorAFMName)
639Ε4690Β3-9Φ6,2023-06-14,ΕΝΤΑΛΜΑ ΠΛΗΡΩΜΗΣ ΕΝΟΡΑΣΙΣ ΑΕ (094503580),,,3534.57,anonymous sponsor (empty sponsorAFMName)
ΨΞΑΚ4690Β3-ΚΤΥ,2023-06-14,ΕΝΤΑΛΜΑ ΠΛΗΡΩΜΗΣ LUNDBECK HELLAS S.A (094434000),,,692.71,anonymous sponsor (empty sponsorAFMName)
9ΠΣΡ4690Β3-Θ3Φ,2023-06-14,ΕΝΤΑΛΜΑ ΠΛΗΡΩΜΗΣ INNOVIS PHARMA Α.Ε.Β.Ε. (ΠΡΩΗΝ ΦΑΡΜΑΤΕΝ ΕΛΛΑΣ ΑΕΒΕ) (998381010),,,6865.74,anonymous sponsor (empty sponsorAFMName)
ΨΖΖ84690Β3-ΛΔ3,2023-06-09,ΕΝΤΑΛΜΑ ΠΛΗΡΩΜΗΣ ΚΡΑΤ.3391-53.20.00.0001 ΕΛΛΗΝΙΚΟ ΔΗΜΟΣΙΟ (001506),,,5.00,anonymous sponsor (empty sponsorAFMName)
Ω8ΚΧ4690Β3-ΡΛ3,2023-06-06,ΕΝΤΑΛΜΑ ΠΛΗΡΩΜΗΣ ΕΝΟΡΑΣΙΣ ΑΕ (094503580),,,1240.00,anonymous sponsor (empty sponsorAFMName)
63704690Β3-ΘΥΘ,2023-06-06,ΕΝΤΑΛΜΑ ΠΛΗΡΩΜΗΣ ΔΑΠΕΡΓΟΛΑΣ Γ. ΚΩΝΣΤΑΝΤΙΝΟΣ- ΑΝΔΡΟΝΙΚΟΣ (129585310),,,117.80,anonymous sponsor (empty sponsorAFMName)
9ΨΚΗ4690Β3-ΜΘ1,2023-06-02,ΕΝΤΑΛΜΑ ΠΛΗΡΩΜΗΣ ΔΙΚΑΙΟΥΧΟΙ ΑΜΟΙΒΩΝ (001600),,,771.00,anonymous sponsor (empty sponsorAFMName)
ΨΡΔΞ4690Β3-ΕΞΟ,2023-06-01,ΕΝΤΑΛΜΑ ΠΛΗΡΩΜΗΣ ΑΠΟΖΗΜΙΩΣΗ ΔΙΚΑΣΤΙΚΗΣ ΑΠΟΦΑΣΗΣ (001613),,,35674.20,anonymous sponsor (empty sponsorAFMName)
675Φ4690Β3-9ΦΙ,2023-06-01,ΕΝΤΑΛΜΑ ΠΛΗΡΩΜΗΣ ΑΠΟΖΗΜΙΩΣΗ ΓΙΑ ΝΥΧΤΕΡΙΝΑ-ΕΞΑΙΡΕΣΙΜΑ-ΥΠΕΡΩΡ.ΑΠΑΣΧΟΛΗΣΗ (001628),,,2272.66,anonymous sponsor (empty sponsorAFMName)
6ΒΨΧ4690Β3-ΟΛΦ,2023-06-01,ΕΝΤΑΛΜΑ ΠΛΗΡΩΜΗΣ ΑΠΟΖΗΜΙΩΣΗ ΓΙΑ ΝΥΧΤΕΡΙΝΑ-ΕΞΑΙΡΕΣΙΜΑ-ΥΠΕΡΩΡ.ΑΠΑΣΧΟΛΗΣΗ (001628),,,228.38,anonymous sponsor (empty sponsorAFMName)
6Ρ2Γ4690Β3-640,2023-06-01,ΕΝΤΑΛΜΑ ΠΛΗΡΩΜΗΣ ΑΠΟΖΗΜΙΩΣΗ ΓΙΑ ΝΥΧΤΕΡΙΝΑ-ΕΞΑΙΡΕΣΙΜΑ-ΥΠΕΡΩΡ.ΑΠΑΣΧΟΛΗΣΗ (001628),,,2401.69,anonymous sponsor (empty sponsorAFMName)
ΨΩΔΧ4690Β3-Μ7Τ,2023-06-01,ΕΝΤΑΛΜΑ ΠΛΗΡΩΜΗΣ ΑΠΟΖΗΜΙΩΣΗ ΓΙΑ ΝΥΧΤΕΡΙΝΑ-ΕΞΑΙΡΕΣΙΜΑ-ΥΠΕΡΩΡ.ΑΠΑΣΧΟΛΗΣΗ (001628),,,81.20,anonymous sponsor (empty sponsorAFMName)
6ΚΟΟ4690Β3-ΣΣΥ,2023-06-01,ΕΝΤΑΛΜΑ ΠΛΗΡΩΜΗΣ ΑΠΟΖΗΜΙΩΣΗ ΓΙΑ ΝΥΧΤΕΡΙΝΑ-ΕΞΑΙΡΕΣΙΜΑ-ΥΠΕΡΩΡ.ΑΠΑΣΧΟΛΗΣΗ (001628),,,201.49,anonymous sponsor (empty sponsorAFMName)
6ΖΠΒ4690Β3-Η0Β,2023-06-01,ΕΝΤΑΛΜΑ ΠΛΗΡΩΜΗΣ ΑΠΟΖΗΜΙΩΣΗ ΓΙΑ ΝΥΧΤΕΡΙΝΑ-ΕΞΑΙΡΕΣΙΜΑ-ΥΠΕΡΩΡ.ΑΠΑΣΧΟΛΗΣΗ (001628),,,162.90,anonymous sponsor (empty sponsorAFMName)
ΩΝΜΒ4690Β3-Δ3Φ,2023-06-01,ΕΝΤΑΛΜΑ ΠΛΗΡΩΜΗΣ ΑΠΟΖΗΜΙΩΣΗ ΓΙΑ ΝΥΧΤΕΡΙΝΑ-ΕΞΑΙΡΕΣΙΜΑ-ΥΠΕΡΩΡ.ΑΠΑΣΧΟΛΗΣΗ (001628),,,118.36,anonymous sponsor (empty sponsorAFMName)
ΩΝΞΘ4690Β3-ΖΡ5,2023-06-01,ΕΝΤΑΛΜΑ ΠΛΗΡΩΜΗΣ ΑΠΟΖΗΜΙΩΣΗ ΓΙΑ ΝΥΧΤΕΡΙΝΑ-ΕΞΑΙΡΕΣΙΜΑ-ΥΠΕΡΩΡ.ΑΠΑΣΧΟΛΗΣΗ (001628),,,40.48,anonymous sponsor (empty sponsorAFMName)
6ΨΟΕ4690Β3-ΗΔΡ,2023-06-01,ΕΝΤΑΛΜΑ ΠΛΗΡΩΜΗΣ ΑΠΟΖΗΜΙΩΣΗ ΓΙΑ ΝΥΧΤΕΡΙΝΑ-ΕΞΑΙΡΕΣΙΜΑ-ΥΠΕΡΩΡ.ΑΠΑΣΧΟΛΗΣΗ (001628),,,489.44,anonymous sponsor (empty sponsorAFMName)
65Φ14690Β3-Α7Μ,2023-06-01,ΕΝΤΑΛΜΑ ΠΛΗΡΩΜΗΣ ΑΠΟΖΗΜΙΩΣΗ ΓΙΑ ΝΥΧΤΕΡΙΝΑ-ΕΞΑΙΡΕΣΙΜΑ-ΥΠΕΡΩΡ.ΑΠΑΣΧΟΛΗΣΗ (001628),,,9041.97,anonymous sponsor (empty sponsorAFMName)
ΩΖΞ24690Β3-Ρ8Ψ,2023-06-01,ΕΝΤΑΛΜΑ ΠΛΗΡΩΜΗΣ ΑΠΟΖΗΜΙΩΣΗ ΓΙΑ ΝΥΧΤΕΡΙΝΑ-ΕΞΑΙΡΕΣΙΜΑ-ΥΠΕΡΩΡ.ΑΠΑΣΧΟΛΗΣΗ (001628),,,1611.72,anonymous sponsor (empty sponsorAFMName)
ΨΤΧ84690Β3-ΙΓΦ,2023-06-01,ΕΝΤΑΛΜΑ ΠΛΗΡΩΜΗΣ ΑΠΟΖΗΜΙΩΣΗ ΓΙΑ ΝΥΧΤΕΡΙΝΑ-ΕΞΑΙΡΕΣΙΜΑ-ΥΠΕΡΩΡ.ΑΠΑΣΧΟΛΗΣΗ (001628),,,2103.88,anonymous sponsor (empty sponsorAFMName)
ΨΛΑ14690Β3-23Β,2023-06-01,ΕΝΤΑΛΜΑ ΠΛΗΡΩΜΗΣ ΑΠΟΖΗΜΙΩΣΗ ΓΙΑ ΝΥΧΤΕΡΙΝΑ-ΕΞΑΙΡΕΣΙΜΑ-ΥΠΕΡΩΡ.ΑΠΑΣΧΟΛΗΣΗ (001628),,,426.31,anonymous sponsor (empty sponsorAFMName)
66ΤΣ4690Β3-ΩΘΩ,2023-06-01,ΕΝΤΑΛΜΑ ΠΛΗΡΩΜΗΣ ΑΠΟΖΗΜΙΩΣΗ ΓΙΑ ΝΥΧΤΕΡΙΝΑ-ΕΞΑΙΡΕΣΙΜΑ-ΥΠΕΡΩΡ.ΑΠΑΣΧΟΛΗΣΗ (001628),,,263.82,anonymous sponsor (empty sponsorAFMName)
ΨΝ9Ν4690Β3-ΡΚΡ,2023-06-01,ΕΝΤΑΛΜΑ ΠΛΗΡΩΜΗΣ ΑΠΟΖΗΜΙΩΣΗ ΓΙΑ ΝΥΧΤΕΡΙΝΑ-ΕΞΑΙΡΕΣΙΜΑ-ΥΠΕΡΩΡ.ΑΠΑΣΧΟΛΗΣΗ (001628),,,7522.76,anonymous sponsor (empty sponsorAFMName)
67ΦΩ4690Β3-2ΝΕ,2023-06-01,ΕΝΤΑΛΜΑ ΠΛΗΡΩΜΗΣ ΑΠΟΖΗΜΙΩΣΗ ΓΙΑ ΝΥΧΤΕΡΙΝΑ-ΕΞΑΙΡΕΣΙΜΑ-ΥΠΕΡΩΡ.ΑΠΑΣΧΟΛΗΣΗ (001628),,,7121.82,anonymous sponsor (empty sponsorAFMName)
6Υ5Η4690Β3-ΛΩΡ,2023-06-01,ΕΝΤΑΛΜΑ ΠΛΗΡΩΜΗΣ ΑΠΟΖΗΜΙΩΣΗ ΓΙΑ ΝΥΧΤΕΡΙΝΑ-ΕΞΑΙΡΕΣΙΜΑ-ΥΠΕΡΩΡ.ΑΠΑΣΧΟΛΗΣΗ (001628),,,297.92,anonymous sponsor (empty sponsorAFMName)
68Ω04690Β3-ΒΕ8,2023-06-01,ΕΝΤΑΛΜΑ ΠΛΗΡΩΜΗΣ ΑΠΟΖΗΜΙΩΣΗ ΓΙΑ ΝΥΧΤΕΡΙΝΑ-ΕΞΑΙΡΕΣΙΜΑ-ΥΠΕΡΩΡ.ΑΠΑΣΧΟΛΗΣΗ (001628),,,1168.04,anonymous sponsor (empty sponsorAFMName)
ΨΔΣ54690Β3-ΝΜΥ,2023-06-01,ΕΝΤΑΛΜΑ ΠΛΗΡΩΜΗΣ ΑΠΟΖΗΜΙΩΣΗ ΓΙΑ ΝΥΧΤΕΡΙΝΑ-ΕΞΑΙΡΕΣΙΜΑ-ΥΠΕΡΩΡ.ΑΠΑΣΧΟΛΗΣΗ (001628),,,1022.56,anonymous sponsor (empty sponsorAFMName)
ΨΘΚΨ4690Β3-Φ27,2023-06-01,ΕΝΤΑΛΜΑ ΠΛΗΡΩΜΗΣ ΑΠΟΖΗΜΙΩΣΗ ΓΙΑ ΝΥΧΤΕΡΙΝΑ-ΕΞΑΙΡΕΣΙΜΑ-ΥΠΕΡΩΡ.ΑΠΑΣΧΟΛΗΣΗ (001628),,,480.80,anonymous sponsor (empty sponsorAFMName)
ΨΡ0Ο4690Β3-ΝΥΓ,2023-06-01,ΕΝΤΑΛΜΑ ΠΛΗΡΩΜΗΣ ΑΠΟΖΗΜΙΩΣΗ ΓΙΑ ΝΥΧΤΕΡΙΝΑ-ΕΞΑΙΡΕΣΙΜΑ-ΥΠΕΡΩΡ.ΑΠΑΣΧΟΛΗΣΗ (001628),,,2659.50,anonymous sponsor (empty sponsorAFMName)
ΨΕΝΩ4690Β3-ΟΙΕ,2023-06-01,ΕΝΤΑΛΜΑ ΠΛΗΡΩΜΗΣ ΑΠΟΖΗΜΙΩΣΗ ΓΙΑ ΝΥΧΤΕΡΙΝΑ-ΕΞΑΙΡΕΣΙΜΑ-ΥΠΕΡΩΡ.ΑΠΑΣΧΟΛΗΣΗ (001628),,,4739.95,anonymous sponsor (empty sponsorAFMName)
6ΛΧ04690Β3-1ΚΞ,2023-06-01,ΕΝΤΑΛΜΑ ΠΛΗΡΩΜΗΣ ΑΠΟΖΗΜΙΩΣΗ ΓΙΑ ΝΥΧΤΕΡΙΝΑ-ΕΞΑΙΡΕΣΙΜΑ-ΥΠΕΡΩΡ.ΑΠΑΣΧΟΛΗΣΗ (001628),,,1649.43,anonymous sponsor (empty sponsorAFMName)
6ΥΕΟ4690Β3-ΘΨΘ,2023-06-01,ΕΝΤΑΛΜΑ ΠΛΗΡΩΜΗΣ ΑΠΟΖΗΜΙΩΣΗ ΓΙΑ ΝΥΧΤΕΡΙΝΑ-ΕΞΑΙΡΕΣΙΜΑ-ΥΠΕΡΩΡ.ΑΠΑΣΧΟΛΗΣΗ (001628),,,2866.07,anonymous sponsor (empty sponsorAFMName)
6Δ9Κ4690Β3-ΕΩ2,2023-06-01,ΕΝΤΑΛΜΑ ΠΛΗΡΩΜΗΣ ΑΠΟΖΗΜΙΩΣΗ ΓΙΑ ΝΥΧΤΕΡΙΝΑ-ΕΞΑΙΡΕΣΙΜΑ-ΥΠΕΡΩΡ.ΑΠΑΣΧΟΛΗΣΗ (001628),,,336.73,anonymous sponsor (empty sponsorAFMName)
69ΣΥ4690Β3-1Ε9,2023-06-01,ΕΝΤΑΛΜΑ ΠΛΗΡΩΜΗΣ ΑΠΟΖΗΜΙΩΣΗ ΓΙΑ ΝΥΧΤΕΡΙΝΑ-ΕΞΑΙΡΕΣΙΜΑ-ΥΠΕΡΩΡ.ΑΠΑΣΧΟΛΗΣΗ (001628),,,2201.84,anonymous sponsor (empty sponsorAFMName)
62ΧΡ4690Β3-ΚΗΙ,2023-06-01,ΕΝΤΑΛΜΑ ΠΛΗΡΩΜΗΣ ΑΠΟΖΗΜΙΩΣΗ ΓΙΑ ΝΥΧΤΕΡΙΝΑ-ΕΞΑΙΡΕΣΙΜΑ-ΥΠΕΡΩΡ.ΑΠΑΣΧΟΛΗΣΗ (001628),,,8170.13,anonymous sponsor (empty sponsorAFMName)
ΨΙ9Α4690Β3-Ο69,2023-06-01,ΕΝΤΑΛΜΑ ΠΛΗΡΩΜΗΣ ΑΠΟΖΗΜΙΩΣΗ ΓΙΑ ΝΥΧΤΕΡΙΝΑ-ΕΞΑΙΡΕΣΙΜΑ-ΥΠΕΡΩΡ.ΑΠΑΣΧΟΛΗΣΗ (001628),,,9492.74,anonymous sponsor (empty sponsorAFMName)
ΨΟΛΥ4690Β3-ΔΕΞ,2023-06-01,ΕΝΤΑΛΜΑ ΠΛΗΡΩΜΗΣ ΔΙΚΑΙΟΥΧΟΙ ΑΜΟΙΒΩΝ (001600),,,153.30,anonymous sponsor (empty sponsorAFMName)
6ΗΤ44690Β3-Ψ4Ε,2023-06-01,ΕΝΤΑΛΜΑ ΠΛΗΡΩΜΗΣ ΑΠΟΖΗΜΙΩΣΗ ΕΦΗΜΕΡΙΩΝ (002535),,,1078.10,anonymous sponsor (empty sponsorAFMName)
90ΘΘ4690Β3-Μ73,2023-06-01,ΕΝΤΑΛΜΑ ΠΛΗΡΩΜΗΣ ΑΠΟΖΗΜΙΩΣΗ ΕΦΗΜΕΡΙΩΝ (002535),,,416.40,anonymous sponsor (empty sponsorAFMName)
9Ξ6Β4690Β3-ΑΓΥ,2023-06-01,ΕΝΤΑΛΜΑ ΠΛΗΡΩΜΗΣ ΑΠΟΖΗΜΙΩΣΗ ΕΦΗΜΕΡΙΩΝ (002535),,,879.24,anonymous sponsor (empty sponsorAFMName)
6ΔΙΖ4690Β3-9ΑΓ,2023-06-01,ΕΝΤΑΛΜΑ ΠΛΗΡΩΜΗΣ ΑΠΟΖΗΜΙΩΣΗ ΕΦΗΜΕΡΙΩΝ (002535),,,2101.16,anonymous sponsor (empty sponsorAFMName)
ΨΣ1Ψ4690Β3-89Ν,2023-06-01,ΕΝΤΑΛΜΑ ΠΛΗΡΩΜΗΣ ΑΠΟΖΗΜΙΩΣΗ ΕΦΗΜΕΡΙΩΝ (002535),,,879.24,anonymous sponsor (empty sponsorAFMName)
694Λ4690Β3-ΞΞΘ,2023-06-01,ΕΝΤΑΛΜΑ ΠΛΗΡΩΜΗΣ ΑΠΟΖΗΜΙΩΣΗ ΕΦΗΜΕΡΙΩΝ (002535),,,1455.20,anonymous sponsor (empty sponsorAFMName)
6Χ574690Β3-ΟΛ9,2023-06-01,ΕΝΤΑΛΜΑ ΠΛΗΡΩΜΗΣ ΑΠΟΖΗΜΙΩΣΗ ΕΦΗΜΕΡΙΩΝ (002535),,,700.52,anonymous sponsor (empty sponsorAFMName)
ΨΙΩΛ4690Β3-Χ33,2023-06-01,ΕΝΤΑΛΜΑ ΠΛΗΡΩΜΗΣ ΑΠΟΖΗΜΙΩΣΗ ΕΦΗΜΕΡΙΩΝ (002535),,,17504.05,anonymous sponsor (empty sponsorAFMName)
67Ψ94690Β3-ΠΙΤ,2023-06-01,ΕΝΤΑΛΜΑ ΠΛΗΡΩΜΗΣ ΑΠΟΖΗΜΙΩΣΗ ΕΦΗΜΕΡΙΩΝ (002535),,,21159.08,anonymous sponsor (empty sponsorAFMName)
ΨΖΘΠ4690Β3-ΡΣΤ,2023-06-01,ΕΝΤΑΛΜΑ ΠΛΗΡΩΜΗΣ ΑΠΟΖΗΜΙΩΣΗ ΕΦΗΜΕΡΙΩΝ (002535),,,77742.75,anonymous sponsor (empty sponsorAFMName)
Ψ3ΦΦ4690Β3-ΘΦΙ,2023-05-31,ΕΝΤΑΛΜΑ ΠΛΗΡΩΜΗΣ ΕΠΙΚΟΥΡΙΚΟ ΝΟΣΗΛΕΥΤΙΚΟ-ΠΑΡΑΪΑΤΡΙΚΟ ΠΡΟΣΩΠΙΚΟ (000001634),,,18827.23,anonymous sponsor (empty sponsorAFMName)
6Δ9Η4690Β3-ΞΞΣ,2023-05-31,ΕΝΤΑΛΜΑ ΠΛΗΡΩΜΗΣ ΕΠΙΚΟΥΡΙΚΟ ΝΟΣΗΛΕΥΤΙΚΟ-ΠΑΡΑΪΑΤΡΙΚΟ ΠΡΟΣΩΠΙΚΟ (000001634),,,311.10,anonymous sponsor (empty sponsorAFMName)
9ΓΦΦ4690Β3-Λ43,2023-05-31,ΕΝΤΑΛΜΑ ΠΛΗΡΩΜΗΣ EΠΙΚΟΥΡΙΚΟΙ ΙΑΤΡΟΙ Ε.Σ.Υ. (000001629),,,118.81,anonymous sponsor (empty sponsorAFMName)
637Δ4690Β3-5ΧΒ,2023-05-31,ΕΝΤΑΛΜΑ ΠΛΗΡΩΜΗΣ ΕΠΙΚΟΥΡΙΚΟ ΝΟΣΗΛΕΥΤΙΚΟ-ΠΑΡΑΪΑΤΡΙΚΟ ΠΡΟΣΩΠΙΚΟ (000001634),,,1465.90,anonymous sponsor (empty sponsorAFMName)
ΨΚΛΧ4690Β3-Τ3Π,2023-05-31,ΕΝΤΑΛΜΑ ΠΛΗΡΩΜΗΣ ΕΠΙΚΟΥΡΙΚΟ ΝΟΣΗΛΕΥΤΙΚΟ-ΠΑΡΑΪΑΤΡΙΚΟ ΠΡΟΣΩΠΙΚΟ (000001634),,,1391.24,anonymous sponsor (empty sponsorAFMName)
96ΗΝ4690Β3-ΧΡΣ,2023-05-31,ΕΝΤΑΛΜΑ ΠΛΗΡΩΜΗΣ ΕΠΙΚΟΥΡΙΚΟ ΝΟΣΗΛΕΥΤΙΚΟ-ΠΑΡΑΪΑΤΡΙΚΟ ΠΡΟΣΩΠΙΚΟ (000001634),,,1590.99,anonymous sponsor (empty sponsorAFMName)
ΩΝ1Φ4690Β3-ΚΨΑ,2023-05-31,ΕΝΤΑΛΜΑ ΠΛΗΡΩΜΗΣ ΕΠΙΚΟΥΡΙΚΟ ΝΟΣΗΛΕΥΤΙΚΟ-ΠΑΡΑΪΑΤΡΙΚΟ ΠΡΟΣΩΠΙΚΟ (000001634),,,109447.00,anonymous sponsor (empty sponsorAFMName)
ΨΜΑΜ4690Β3-Ν6Ω,2023-05-31,ΕΝΤΑΛΜΑ ΠΛΗΡΩΜΗΣ EΠΙΚΟΥΡΙΚΟΙ ΙΑΤΡΟΙ Ε.Σ.Υ. (000001629),,,6500.93,anonymous sponsor (empty sponsorAFMName)
92ΛΕ4690Β3-3ΕΟ,2023-05-31,ΕΝΤΑΛΜΑ ΠΛΗΡΩΜΗΣ ΕΠΟΧΙΚΟ ΠΡΟΣΩΠΙΚΟ ΚΑΘΑΡΙΟΤΗΤΑΣ (999111999),,,38221.72,anonymous sponsor (empty sponsorAFMName)
ΨΖ084690Β3-Ο4Ρ,2023-05-31,ΕΝΤΑΛΜΑ ΠΛΗΡΩΜΗΣ ΕΠΙΚΟΥΡΙΚΟ ΝΟΣΗΛΕΥΤΙΚΟ-ΠΑΡΑΪΑΤΡΙΚΟ ΠΡΟΣΩΠΙΚΟ (000001634),,,342.41,anonymous sponsor (empty sponsorAFMName)
Ψ5Β94690Β3-ΜΑΚ,2023-05-31,ΕΝΤΑΛΜΑ ΠΛΗΡΩΜΗΣ ΕΠΙΚΟΥΡΙΚΟ ΝΟΣΗΛΕΥΤΙΚΟ-ΠΑΡΑΪΑΤΡΙΚΟ ΠΡΟΣΩΠΙΚΟ (000001634),,,5472.14,anonymous sponsor (empty sponsorAFMName)
9ΠΔ94690Β3-Λ9Δ,2023-05-31,ΕΝΤΑΛΜΑ ΠΛΗΡΩΜΗΣ EΠΙΚΟΥΡΙΚΟΙ ΙΑΤΡΟΙ Ε.Σ.Υ. (000001629),,,622.03,anonymous sponsor (empty sponsorAFMName)
ΡΟΕΠ4690Β3-Ω5Ψ,2023-05-31,ΕΝΤΑΛΜΑ ΠΛΗΡΩΜΗΣ ΑΠΟΖΗΜΕΙΩΣΗ ΤΕΙ-ΑΣΚΟΥΜΕΝΩΝ Ο.Α.Ε.Δ. (001607),,,66.16,anonymous sponsor (empty sponsorAFMName)
ΨΧΛ34690Β3-3ΗΔ,2023-05-31,ΕΝΤΑΛΜΑ ΠΛΗΡΩΜΗΣ ΑΠΟΖΗΜΕΙΩΣΗ ΤΕΙ-ΑΣΚΟΥΜΕΝΩΝ Ο.Α.Ε.Δ. (001607),,,413.00,anonymous sponsor (empty sponsorAFMName)
9ΝΔ64690Β3-ΜΜΔ,2023-05-31,ΕΝΤΑΛΜΑ ΠΛΗΡΩΜΗΣ ΑΠΟΖΗΜΕΙΩΣΗ ΤΕΙ-ΑΣΚΟΥΜΕΝΩΝ Ο.Α.Ε.Δ. (001607),,,10.11,anonymous sponsor (empty sponsorAFMName)
649Υ4690Β3-ΠΩΨ,2023-05-31,ΕΝΤΑΛΜΑ ΠΛΗΡΩΜΗΣ ΕΠΙΚΟΥΡΙΚΟ ΝΟΣΗΛΕΥΤΙΚΟ-ΠΑΡΑΪΑΤΡΙΚΟ ΠΡΟΣΩΠΙΚΟ (000001634),,,28346.22,anonymous sponsor (empty sponsorAFMName)
9ΡΞ24690Β3-69Σ,2023-05-31,ΕΝΤΑΛΜΑ ΠΛΗΡΩΜΗΣ ΕΠΙΚΟΥΡΙΚΟ ΝΟΣΗΛΕΥΤΙΚΟ-ΠΑΡΑΪΑΤΡΙΚΟ ΠΡΟΣΩΠΙΚΟ (000001634),,,1335.41,anonymous sponsor (empty sponsorAFMName)
6ΟΨΔ4690Β3-Φ8Ω,2023-05-31,ΕΝΤΑΛΜΑ ΠΛΗΡΩΜΗΣ EΠΙΚΟΥΡΙΚΟΙ ΙΑΤΡΟΙ Ε.Σ.Υ. (000001629),,,47375.75,anonymous sponsor (empty sponsorAFMName)
9ΝΝΖ4690Β3-Ξ35,2023-05-31,ΕΝΤΑΛΜΑ ΠΛΗΡΩΜΗΣ EΠΙΚΟΥΡΙΚΟΙ ΙΑΤΡΟΙ Ε.Σ.Υ. (000001629),,,2574.68,anonymous sponsor (empty sponsorAFMName)
6ΛΗΘ4690Β3-ΓΨ0,2023-05-30,ΕΝΤΑΛΜΑ ΠΛΗΡΩΜΗΣ ΚΡΑΤ.3391-53.20.00.0001 ΕΛΛΗΝΙΚΟ ΔΗΜΟΣΙΟ (001506),,,124963.03,anonymous sponsor (empty sponsorAFMName)
6ΚΖΑ4690Β3-Υ28,2023-05-29,ΕΝΤΑΛΜΑ ΠΛΗΡΩΜΗΣ ΚΡΑΤ.3391-54.03.00.0001 Φ.Μ.Υ. (001512),,,88.65,anonymous sponsor (empty sponsorAFMName)
9ΑΣ74690Β3-ΗΔΝ,2023-05-29,ΕΝΤΑΛΜΑ ΠΛΗΡΩΜΗΣ ΚΡΑΤ.3391-54.03.00.0001 Φ.Μ.Υ. (001512),,,260.69,anonymous sponsor (empty sponsorAFMName)
94ΨΒ4690Β3-ΛΙ4,2023-05-29,ΕΝΤΑΛΜΑ ΠΛΗΡΩΜΗΣ ΕΙΣΦΟΡΕΣ ΑΠΑΣΧ/ΝΩΝ ΟΑΕΔ ΜΕΣΩ ΠΡΟΓ. ΚΟΙΝΩΦ. ΧΑΡΑΚΤΗΡΑ (),,,1996.54,anonymous sponsor (empty sponsorAFMName)
93ΛΤ4690Β3-Γ55,2023-05-29,ΕΝΤΑΛΜΑ ΠΛΗΡΩΜΗΣ ΕΙΣΦΟΡΕΣ ΑΠΑΣΧ/ΝΩΝ ΟΑΕΔ ΜΕΣΩ ΠΡΟΓ. ΚΟΙΝΩΦ. ΧΑΡΑΚΤΗΡΑ (),,,4914.09,anonymous sponsor (empty sponsorAFMName)
ΨΝΝΒ4690Β3-Γ2Π,2023-05-29,ΕΝΤΑΛΜΑ ΠΛΗΡΩΜΗΣ ΚΡΑΤ.3391-54.09.14.0001 ΦΟΡΟΣ ΠΡΟΜΗΘΕΥΤΩΝ (001510),,,27.22,anonymous sponsor (empty sponsorAFMName)
9ΝΣΑ4690Β3-7Τ4,2023-05-29,ΕΝΤΑΛΜΑ ΠΛΗΡΩΜΗΣ ΚΡΑΤ.3391-54.04.02.0001 Χ/ΜΑ και ΟΓΑ Χ/ΜΩΝ (001514),,,2.80,anonymous sponsor (empty sponsorAFMName)
ΨΦΗΝ4690Β3-ΡΔΣ,2023-05-29,ΕΝΤΑΛΜΑ ΠΛΗΡΩΜΗΣ ΚΡΑΤ.3391-53.20.00.0001 ΕΛΛΗΝΙΚΟ ΔΗΜΟΣΙΟ (001506),,,1613.51,anonymous sponsor (empty sponsorAFMName)
Ψ2ΛΦ4690Β3-Ν3Δ,2023-05-29,ΕΝΤΑΛΜΑ ΠΛΗΡΩΜΗΣ ΚΡΑΤ.3391-53.20.00.0001 ΕΛΛΗΝΙΚΟ ΔΗΜΟΣΙΟ (001506),,,80.78,anonymous sponsor (empty sponsorAFMName)
9Θ134690Β3-ΦΨΤ,2023-05-29,ΕΝΤΑΛΜΑ ΠΛΗΡΩΜΗΣ ΚΡΑΤ.3391-53.20.00.0001 ΕΛΛΗΝΙΚΟ ΔΗΜΟΣΙΟ (001506),,,11.03,anonymous sponsor (empty sponsorAFMName)
6Φ0Ι4690Β3-ΛΜΥ,2023-05-29,ΕΝΤΑΛΜΑ ΠΛΗΡΩΜΗΣ ΚΡΑΤ.3391-53.20.00.0001 ΕΛΛΗΝΙΚΟ ΔΗΜΟΣΙΟ (001506),,,432.11,anonymous sponsor (empty sponsorAFMName)
91Ι24690Β3-ΩΑΨ,2023-05-29,ΕΝΤΑΛΜΑ ΠΛΗΡΩΜΗΣ ΚΡΑΤ.3391-54.04.02.0001 Χ/ΜΑ και ΟΓΑ Χ/ΜΩΝ (001514),,,24.33,anonymous sponsor (empty sponsorAFMName)
96ΚΘ4690Β3-2Λ0,2023-05-29,ΕΝΤΑΛΜΑ ΠΛΗΡΩΜΗΣ ΚΡΑΤ.3391-53.20.00.0001 ΕΛΛΗΝΙΚΟ ΔΗΜΟΣΙΟ (001506),,,262.06,anonymous sponsor (empty sponsorAFMName)
6ΘΨΧ4690Β3-7ΨΠ,2023-05-29,ΕΝΤΑΛΜΑ ΠΛΗΡΩΜΗΣ ΚΡΑΤ.3391-53.20.00.0001 ΕΛΛΗΝΙΚΟ ΔΗΜΟΣΙΟ (001506),,,10307.49,anonymous sponsor (empty sponsorAFMName)
69ΠΙ4690Β3-1ΙΛ,2023-05-29,ΕΝΤΑΛΜΑ ΠΛΗΡΩΜΗΣ ΚΡΑΤ.3391-54.09.14.0001 ΦΟΡΟΣ ΠΡΟΜΗΘΕΥΤΩΝ (001510),,,27563.39,anonymous sponsor (empty sponsorAFMName)
9Κ204690Β3-ΡΥ6,2023-05-29,ΕΝΤΑΛΜΑ ΠΛΗΡΩΜΗΣ ΚΡΑΤ.3391-54.04.00.0001 ΦΟΡΟΣ ΕΛΕΥΘΕΡ.ΕΠΑΓΓΕΛΜΑΤ (),,,198.39,anonymous sponsor (empty sponsorAFMName)
Ψ9Ο14690Β3-ΟΓΖ,2023-05-23,ΕΝΤΑΛΜΑ ΠΛΗΡΩΜΗΣ ΕΠΙΣΤΡΟΦΗ ΕΞΕΤ/ΤΡΩΝ ΛΟΓΩ ΝΟΣΗΛΕΙΑΣ (001633),,,11018.53,anonymous sponsor (empty sponsorAFMName)
9ΕΔ84690Β3-ΙΥΝ,2023-05-16,ΕΝΤΑΛΜΑ ΠΛΗΡΩΜΗΣ ΟΔΟΙΠΟΡΙΚΑ ΕΞΟΔΑ ΠΡΟΣ. ΝΟΣ/ΜΕΙΟΥ (001626),,,153.47,anonymous sponsor (empty sponsorAFMName)
ΨΑΕ04690Β3-849,2023-05-16,ΕΝΤΑΛΜΑ ΠΛΗΡΩΜΗΣ ΔΙΚΑΙΟΥΧΟΙ ΑΜΟΙΒΩΝ (001600),,,500.00,anonymous sponsor (empty sponsorAFMName)
6ΧΒ24690Β3-04Υ,2023-05-15,ΕΝΤΑΛΜΑ ΠΛΗΡΩΜΗΣ ΟΔΟΙΠΟΡΙΚΑ ΕΞΟΔΑ ΠΡΟΣ. ΝΟΣ/ΜΕΙΟΥ (001626),,,209.80,anonymous sponsor (empty sponsorAFMName)
6ΜΑΑ4690Β3-ΓΧ3,2023-05-15,ΕΝΤΑΛΜΑ ΠΛΗΡΩΜΗΣ ΕΚΤΟΣ ΕΔΡΑΣ ΠΡΟΣ/ΚΟΥ ΝΟΣΟΚΟΜΕΙΟΥ (001601),,,20.00,anonymous sponsor (empty sponsorAFMName)
Ψ7ΒΖ4690Β3-1Β6,2023-05-15,ΕΝΤΑΛΜΑ ΠΛΗΡΩΜΗΣ ΟΔΟΙΠΟΡΙΚΑ ΕΞΟΔΑ ΠΡΟΣ. ΝΟΣ/ΜΕΙΟΥ (001626),,,108.30,anonymous sponsor (empty sponsorAFMName)
Ω8ΝΙ4690Β3-ΩΞΤ,2023-05-10,ΕΝΤΑΛΜΑ ΠΛΗΡΩΜΗΣ ΔΑΠΕΡΓΟΛΑΣ Γ. ΚΩΝΣΤΑΝΤΙΝΟΣ- ΑΝΔΡΟΝΙΚΟΣ (129585310),,,360.00,anonymous sponsor (empty sponsorAFMName)
Ρ7ΩΓ4690Β3-4ΨΧ,2023-05-10,ΕΝΤΑΛΜΑ ΠΛΗΡΩΜΗΣ ΔΑΠΕΡΓΟΛΑΣ Γ. ΚΩΝΣΤΑΝΤΙΝΟΣ- ΑΝΔΡΟΝΙΚΟΣ (129585310),,,1939.98,anonymous sponsor (empty sponsorAFMName)
9ΩΔ44690Β3-5Γ0,2023-05-10,ΕΝΤΑΛΜΑ ΠΛΗΡΩΜΗΣ ΔΑΠΕΡΓΟΛΑΣ Γ. ΚΩΝΣΤΑΝΤΙΝΟΣ- ΑΝΔΡΟΝΙΚΟΣ (129585310),,,111.60,anonymous sponsor (empty sponsorAFMName)
6ΩΙΨ4690Β3-Δ6Θ,2023-05-10,ΕΝΤΑΛΜΑ ΠΛΗΡΩΜΗΣ ΚΩΝΣΤΑΝΤΙΝΟΣ ΑΝΑΣΤΟΠΟΥΛΟΣ-ΑΙΚΑΤΕΡΙΝΗ ΝΑΤΣΗ Ο.Ε. (800544921),,,1616.66,anonymous sponsor (empty sponsorAFMName)
ΨΜ7Α4690Β3-ΙΤΧ,2023-05-09,ΕΝΤΑΛΜΑ ΠΛΗΡΩΜΗΣ LUNDBECK HELLAS S.A (094434000),,,1320.97,anonymous sponsor (empty sponsorAFMName)
9ΛΡΒ4690Β3-ΨΤΨ,2023-05-09,ΕΝΤΑΛΜΑ ΠΛΗΡΩΜΗΣ LUNDBECK HELLAS S.A (094434000),,,501.98,anonymous sponsor (empty sponsorAFMName)
ΨΣΘΤ4690Β3-ΩΦΞ,2023-05-08,ΕΝΤΑΛΜΑ ΠΛΗΡΩΜΗΣ ΚΩΝΣΤΑΝΤΙΝΟΣ ΑΝΑΣΤΟΠΟΥΛΟΣ-ΑΙΚΑΤΕΡΙΝΗ ΝΑΤΣΗ Ο.Ε. (800544921),,,8083.20,anonymous sponsor (empty sponsorAFMName)
9ΘΨΙ4690Β3-ΞΤΜ,2023-05-04,ΕΝΤΑΛΜΑ ΠΛΗΡΩΜΗΣ ΕΝΟΡΑΣΙΣ ΑΕ (094503580),,,10810.53,anonymous sponsor (empty sponsorAFMName)
6ΟΤ44690Β3-Ε94,2023-05-03,ΕΝΤΑΛΜΑ ΠΛΗΡΩΜΗΣ ΔΙΚΑΙΟΥΧΟΙ ΑΜΟΙΒΩΝ (001600),,,771.00,anonymous sponsor (empty sponsorAFMName)
6ΘΗΛ4690Β3-ΖΨΨ,2023-05-02,ΕΝΤΑΛΜΑ ΠΛΗΡΩΜΗΣ ΑΠΟΖΗΜΙΩΣΗ ΓΙΑ ΝΥΧΤΕΡΙΝΑ-ΕΞΑΙΡΕΣΙΜΑ-ΥΠΕΡΩΡ.ΑΠΑΣΧΟΛΗΣΗ (001628),,,1588.99,anonymous sponsor (empty sponsorAFMName)
ΨΝΩΨ4690Β3-Β3Υ,2023-05-03,ΕΝΤΑΛΜΑ ΠΛΗΡΩΜΗΣ ΑΠΟΖΗΜΙΩΣΗ ΓΙΑ ΝΥΧΤΕΡΙΝΑ-ΕΞΑΙΡΕΣΙΜΑ-ΥΠΕΡΩΡ.ΑΠΑΣΧΟΛΗΣΗ (001628),,,132.02,anonymous sponsor (empty sponsorAFMName)
Ψ7854690Β3-ΞΕΚ,2023-05-03,ΕΝΤΑΛΜΑ ΠΛΗΡΩΜΗΣ ΑΠΟΖΗΜΙΩΣΗ ΓΙΑ ΝΥΧΤΕΡΙΝΑ-ΕΞΑΙΡΕΣΙΜΑ-ΥΠΕΡΩΡ.ΑΠΑΣΧΟΛΗΣΗ (001628),,,8375.83,anonymous sponsor (empty sponsorAFMName)
6ΧΠΘ4690Β3-ΡΜΧ,2023-05-03,ΕΝΤΑΛΜΑ ΠΛΗΡΩΜΗΣ ΑΠΟΖΗΜΙΩΣΗ ΓΙΑ ΝΥΧΤΕΡΙΝΑ-ΕΞΑΙΡΕΣΙΜΑ-ΥΠΕΡΩΡ.ΑΠΑΣΧΟΛΗΣΗ (001628),,,518.12,anonymous sponsor (empty sponsorAFMName)
60ΙΥ4690Β3-ΤΤΜ,2023-05-02,ΕΝΤΑΛΜΑ ΠΛΗΡΩΜΗΣ ΑΠΟΖΗΜΙΩΣΗ ΓΙΑ ΝΥΧΤΕΡΙΝΑ-ΕΞΑΙΡΕΣΙΜΑ-ΥΠΕΡΩΡ.ΑΠΑΣΧΟΛΗΣΗ (001628),,,107.82,anonymous sponsor (empty sponsorAFMName)
6ΑΓΚ4690Β3-75Ζ,2023-05-02,ΕΝΤΑΛΜΑ ΠΛΗΡΩΜΗΣ ΑΠΟΖΗΜΙΩΣΗ ΓΙΑ ΝΥΧΤΕΡΙΝΑ-ΕΞΑΙΡΕΣΙΜΑ-ΥΠΕΡΩΡ.ΑΠΑΣΧΟΛΗΣΗ (001628),,,1698.23,anonymous sponsor (empty sponsorAFMName)
ΨΜΞΟ4690Β3-ΩΩΨ,2023-05-02,ΕΝΤΑΛΜΑ ΠΛΗΡΩΜΗΣ ΑΠΟΖΗΜΙΩΣΗ ΓΙΑ ΝΥΧΤΕΡΙΝΑ-ΕΞΑΙΡΕΣΙΜΑ-ΥΠΕΡΩΡ.ΑΠΑΣΧΟΛΗΣΗ (001628),,,2254.09,anonymous sponsor (empty sponsorAFMName)
ΨΩ214690Β3-4ΣΓ,2023-05-02,ΕΝΤΑΛΜΑ ΠΛΗΡΩΜΗΣ ΑΠΟΖΗΜΙΩΣΗ ΓΙΑ ΝΥΧΤΕΡΙΝΑ-ΕΞΑΙΡΕΣΙΜΑ-ΥΠΕΡΩΡ.ΑΠΑΣΧΟΛΗΣΗ (001628),,,238.92,anonymous sponsor (empty sponsorAFMName)
Ω8ΡΚ4690Β3-ΔΥΛ,2023-05-02,ΕΝΤΑΛΜΑ ΠΛΗΡΩΜΗΣ ΑΠΟΖΗΜΙΩΣΗ ΓΙΑ ΝΥΧΤΕΡΙΝΑ-ΕΞΑΙΡΕΣΙΜΑ-ΥΠΕΡΩΡ.ΑΠΑΣΧΟΛΗΣΗ (001628),,,5676.50,anonymous sponsor (empty sponsorAFMName)
ΩΖΒΖ4690Β3-ΧΙΥ,2023-05-02,ΕΝΤΑΛΜΑ ΠΛΗΡΩΜΗΣ ΑΠΟΖΗΜΙΩΣΗ ΓΙΑ ΝΥΧΤΕΡΙΝΑ-ΕΞΑΙΡΕΣΙΜΑ-ΥΠΕΡΩΡ.ΑΠΑΣΧΟΛΗΣΗ (001628),,,6321.50,anonymous sponsor (empty sponsorAFMName)
63364690Β3-ΝΒ3,2023-05-02,ΕΝΤΑΛΜΑ ΠΛΗΡΩΜΗΣ ΑΠΟΖΗΜΙΩΣΗ ΓΙΑ ΝΥΧΤΕΡΙΝΑ-ΕΞΑΙΡΕΣΙΜΑ-ΥΠΕΡΩΡ.ΑΠΑΣΧΟΛΗΣΗ (001628),,,1319.18,anonymous sponsor (empty sponsorAFMName)
ΨΥΞΙ4690Β3-ΞΣΥ,2023-05-02,ΕΝΤΑΛΜΑ ΠΛΗΡΩΜΗΣ ΑΠΟΖΗΜΙΩΣΗ ΓΙΑ ΝΥΧΤΕΡΙΝΑ-ΕΞΑΙΡΕΣΙΜΑ-ΥΠΕΡΩΡ.ΑΠΑΣΧΟΛΗΣΗ (001628),,,342.80,anonymous sponsor (empty sponsorAFMName)
6Ψ6Ν4690Β3-Κ95,2023-05-02,ΕΝΤΑΛΜΑ ΠΛΗΡΩΜΗΣ ΑΠΟΖΗΜΙΩΣΗ ΓΙΑ ΝΥΧΤΕΡΙΝΑ-ΕΞΑΙΡΕΣΙΜΑ-ΥΠΕΡΩΡ.ΑΠΑΣΧΟΛΗΣΗ (001628),,,282.04,anonymous sponsor (empty sponsorAFMName)
6ΛΒΑ4690Β3-2ΨΥ,2023-05-02,ΕΝΤΑΛΜΑ ΠΛΗΡΩΜΗΣ ΑΠΟΖΗΜΙΩΣΗ ΓΙΑ ΝΥΧΤΕΡΙΝΑ-ΕΞΑΙΡΕΣΙΜΑ-ΥΠΕΡΩΡ.ΑΠΑΣΧΟΛΗΣΗ (001628),,,580.87,anonymous sponsor (empty sponsorAFMName)
Ψ11Δ4690Β3-3ΘΟ,2023-05-02,ΕΝΤΑΛΜΑ ΠΛΗΡΩΜΗΣ ΑΠΟΖΗΜΙΩΣΗ ΓΙΑ ΝΥΧΤΕΡΙΝΑ-ΕΞΑΙΡΕΣΙΜΑ-ΥΠΕΡΩΡ.ΑΠΑΣΧΟΛΗΣΗ (001628),,,916.40,anonymous sponsor (empty sponsorAFMName)
6ΟΖ34690Β3-Ξ3Λ,2023-05-02,ΕΝΤΑΛΜΑ ΠΛΗΡΩΜΗΣ ΑΠΟΖΗΜΙΩΣΗ ΓΙΑ ΝΥΧΤΕΡΙΝΑ-ΕΞΑΙΡΕΣΙΜΑ-ΥΠΕΡΩΡ.ΑΠΑΣΧΟΛΗΣΗ (001628),,,829.50,anonymous sponsor (empty sponsorAFMName)
63ΒΧ4690Β3-ΚΣ2,2023-05-02,ΕΝΤΑΛΜΑ ΠΛΗΡΩΜΗΣ ΑΠΟΖΗΜΙΩΣΗ ΓΙΑ ΝΥΧΤΕΡΙΝΑ-ΕΞΑΙΡΕΣΙΜΑ-ΥΠΕΡΩΡ.ΑΠΑΣΧΟΛΗΣΗ (001628),,,2228.64,anonymous sponsor (empty sponsorAFMName)
ΨΓΤΙ4690Β3-ΧΒ8,2023-05-02,ΕΝΤΑΛΜΑ ΠΛΗΡΩΜΗΣ ΑΠΟΖΗΜΙΩΣΗ ΓΙΑ ΝΥΧΤΕΡΙΝΑ-ΕΞΑΙΡΕΣΙΜΑ-ΥΠΕΡΩΡ.ΑΠΑΣΧΟΛΗΣΗ (001628),,,968.01,anonymous sponsor (empty sponsorAFMName)
6ΒΗΤ4690Β3-ΒΝΜ,2023-05-02,ΕΝΤΑΛΜΑ ΠΛΗΡΩΜΗΣ ΑΠΟΖΗΜΙΩΣΗ ΓΙΑ ΝΥΧΤΕΡΙΝΑ-ΕΞΑΙΡΕΣΙΜΑ-ΥΠΕΡΩΡ.ΑΠΑΣΧΟΛΗΣΗ (001628),,,4882.45,anonymous sponsor (empty sponsorAFMName)
6ΜΒΖ4690Β3-ΗΤΦ,2023-05-02,ΕΝΤΑΛΜΑ ΠΛΗΡΩΜΗΣ ΑΠΟΖΗΜΙΩΣΗ ΓΙΑ ΝΥΧΤΕΡΙΝΑ-ΕΞΑΙΡΕΣΙΜΑ-ΥΠΕΡΩΡ.ΑΠΑΣΧΟΛΗΣΗ (001628),,,222.46,anonymous sponsor (empty sponsorAFMName)
ΨΣ0Σ4690Β3-Φ21,2023-05-02,ΕΝΤΑΛΜΑ ΠΛΗΡΩΜΗΣ ΑΠΟΖΗΜΙΩΣΗ ΓΙΑ ΝΥΧΤΕΡΙΝΑ-ΕΞΑΙΡΕΣΙΜΑ-ΥΠΕΡΩΡ.ΑΠΑΣΧΟΛΗΣΗ (001628),,,4794.70,anonymous sponsor (empty sponsorAFMName)
Ω8ΘΥ4690Β3-5ΞΟ,2023-05-02,ΕΝΤΑΛΜΑ ΠΛΗΡΩΜΗΣ ΑΠΟΖΗΜΙΩΣΗ ΓΙΑ ΝΥΧΤΕΡΙΝΑ-ΕΞΑΙΡΕΣΙΜΑ-ΥΠΕΡΩΡ.ΑΠΑΣΧΟΛΗΣΗ (001628),,,1453.74,anonymous sponsor (empty sponsorAFMName)
6ΖΣ34690Β3-7ΩΠ,2023-05-02,ΕΝΤΑΛΜΑ ΠΛΗΡΩΜΗΣ ΑΠΟΖΗΜΙΩΣΗ ΓΙΑ ΝΥΧΤΕΡΙΝΑ-ΕΞΑΙΡΕΣΙΜΑ-ΥΠΕΡΩΡ.ΑΠΑΣΧΟΛΗΣΗ (001628),,,6546.52,anonymous sponsor (empty sponsorAFMName)
6Σ8Θ4690Β3-ΨΑΥ,2023-05-02,ΕΝΤΑΛΜΑ ΠΛΗΡΩΜΗΣ ΑΠΟΖΗΜΙΩΣΗ ΓΙΑ ΝΥΧΤΕΡΙΝΑ-ΕΞΑΙΡΕΣΙΜΑ-ΥΠΕΡΩΡ.ΑΠΑΣΧΟΛΗΣΗ (001628),,,1585.63,anonymous sponsor (empty sponsorAFMName)
69ΧΧ4690Β3-4Ν2,2023-05-02,ΕΝΤΑΛΜΑ ΠΛΗΡΩΜΗΣ ΑΠΟΖΗΜΙΩΣΗ ΓΙΑ ΝΥΧΤΕΡΙΝΑ-ΕΞΑΙΡΕΣΙΜΑ-ΥΠΕΡΩΡ.ΑΠΑΣΧΟΛΗΣΗ (001628),,,8223.12,anonymous sponsor (empty sponsorAFMName)
66ΩΩ4690Β3-166,2023-05-02,ΕΝΤΑΛΜΑ ΠΛΗΡΩΜΗΣ ΑΠΟΖΗΜΙΩΣΗ ΕΦΗΜΕΡΙΩΝ (002535),,,1219.20,anonymous sponsor (empty sponsorAFMName)
6ΔΓΤ4690Β3-ΩΘ8,2023-05-02,ΕΝΤΑΛΜΑ ΠΛΗΡΩΜΗΣ ΑΠΟΖΗΜΙΩΣΗ ΕΦΗΜΕΡΙΩΝ (002535),,,2327.54,anonymous sponsor (empty sponsorAFMName)
Ψ1ΨΚ4690Β3-ΚΓΤ,2023-05-02,ΕΝΤΑΛΜΑ ΠΛΗΡΩΜΗΣ ΑΠΟΖΗΜΙΩΣΗ ΕΦΗΜΕΡΙΩΝ (002535),,,1450.51,anonymous sponsor (empty sponsorAFMName)
ΩΧΖΚ4690Β3-ΘΜΦ,2023-05-02,ΕΝΤΑΛΜΑ ΠΛΗΡΩΜΗΣ ΑΠΟΖΗΜΙΩΣΗ ΕΦΗΜΕΡΙΩΝ (002535),,,667.40,anonymous sponsor (empty sponsorAFMName)
9Π484690Β3-09Ψ,2023-05-02,ΕΝΤΑΛΜΑ ΠΛΗΡΩΜΗΣ ΑΠΟΖΗΜΙΩΣΗ ΕΦΗΜΕΡΙΩΝ (002535),,,20171.86,anonymous sponsor (empty sponsorAFMName)
92654690Β3-4Τ7,2023-05-02,ΕΝΤΑΛΜΑ ΠΛΗΡΩΜΗΣ ΑΠΟΖΗΜΙΩΣΗ ΕΦΗΜΕΡΙΩΝ (002535),,,1332.52,anonymous sponsor (empty sponsorAFMName)
ΨΓΒΞ4690Β3-ΨΦΕ,2023-05-02,ΕΝΤΑΛΜΑ ΠΛΗΡΩΜΗΣ ΑΠΟΖΗΜΙΩΣΗ ΕΦΗΜΕΡΙΩΝ (002535),,,18470.92,anonymous sponsor (empty sponsorAFMName)
6ΠΜ74690Β3-ΒΜ8,2023-05-02,ΕΝΤΑΛΜΑ ΠΛΗΡΩΜΗΣ ΑΠΟΖΗΜΙΩΣΗ ΕΦΗΜΕΡΙΩΝ (002535),,,986.61,anonymous sponsor (empty sponsorAFMName)
ΨΨΤ54690Β3-ΑΧΓ,2023-05-02,ΕΝΤΑΛΜΑ ΠΛΗΡΩΜΗΣ ΑΠΟΖΗΜΙΩΣΗ ΕΦΗΜΕΡΙΩΝ (002535),,,73727.49,anonymous sponsor (empty sponsorAFMName)
9ΟΡΚ4690Β3-3Γ3,2023-04-26,ΕΝΤΑΛΜΑ ΠΛΗΡΩΜΗΣ EΠΙΚΟΥΡΙΚΟΙ ΙΑΤΡΟΙ Ε.Σ.Υ. (000001629),,,7416.26,anonymous sponsor (empty sponsorAFMName)
6ΚΠΣ4690Β3-ΗΡ7,2023-04-26,ΕΝΤΑΛΜΑ ΠΛΗΡΩΜΗΣ ΕΠΙΚΟΥΡΙΚΟ ΝΟΣΗΛΕΥΤΙΚΟ-ΠΑΡΑΪΑΤΡΙΚΟ ΠΡΟΣΩΠΙΚΟ (000001634),,,1567.13,anonymous sponsor (empty sponsorAFMName)
9Θ3Ι4690Β3-6ΙΦ,2023-04-26,ΕΝΤΑΛΜΑ ΠΛΗΡΩΜΗΣ ΕΠΙΚΟΥΡΙΚΟ ΝΟΣΗΛΕΥΤΙΚΟ-ΠΑΡΑΪΑΤΡΙΚΟ ΠΡΟΣΩΠΙΚΟ (000001634),,,1444.81,anonymous sponsor (empty sponsorAFMName)
6ΜΓΗ4690Β3-66Μ,2023-04-26,ΕΝΤΑΛΜΑ ΠΛΗΡΩΜΗΣ ΕΠΙΚΟΥΡΙΚΟ ΝΟΣΗΛΕΥΤΙΚΟ-ΠΑΡΑΪΑΤΡΙΚΟ ΠΡΟΣΩΠΙΚΟ (000001634),,,105000.06,anonymous sponsor (empty sponsorAFMName)
ΡΠΑ44690Β3-ΙΧΨ,2023-04-26,ΕΝΤΑΛΜΑ ΠΛΗΡΩΜΗΣ EΠΙΚΟΥΡΙΚΟΙ ΙΑΤΡΟΙ Ε.Σ.Υ. (000001629),,,6427.16,anonymous sponsor (empty sponsorAFMName)
6ΚΘ84690Β3-8ΝΘ,2023-04-26,ΕΝΤΑΛΜΑ ΠΛΗΡΩΜΗΣ ΕΠΙΚΟΥΡΙΚΟ ΝΟΣΗΛΕΥΤΙΚΟ-ΠΑΡΑΪΑΤΡΙΚΟ ΠΡΟΣΩΠΙΚΟ (000001634),,,1192.86,anonymous sponsor (empty sponsorAFMName)
Ψ5204690Β3-1Μ2,2023-04-26,ΕΝΤΑΛΜΑ ΠΛΗΡΩΜΗΣ ΕΠΙΚΟΥΡΙΚΟ ΝΟΣΗΛΕΥΤΙΚΟ-ΠΑΡΑΪΑΤΡΙΚΟ ΠΡΟΣΩΠΙΚΟ (000001634),,,2687.23,anonymous sponsor (empty sponsorAFMName)
Ψ2ΠΡ4690Β3-6Ψ1,2023-04-26,ΕΝΤΑΛΜΑ ΠΛΗΡΩΜΗΣ ΕΠΟΧΙΚΟ ΠΡΟΣΩΠΙΚΟ ΚΑΘΑΡΙΟΤΗΤΑΣ (999111999),,,37852.98,anonymous sponsor (empty sponsorAFMName)
9ΑΗΖ4690Β3-ΤΙ0,2023-04-26,ΕΝΤΑΛΜΑ ΠΛΗΡΩΜΗΣ ΑΠΟΖΗΜΕΙΩΣΗ ΤΕΙ-ΑΣΚΟΥΜΕΝΩΝ Ο.Α.Ε.Δ. (001607),,,99.24,anonymous sponsor (empty sponsorAFMName)
6ΨΖΗ4690Β3-ΔΨ5,2023-04-26,ΕΝΤΑΛΜΑ ΠΛΗΡΩΜΗΣ ΑΠΟΖΗΜΕΙΩΣΗ ΤΕΙ-ΑΣΚΟΥΜΕΝΩΝ Ο.Α.Ε.Δ. (001607),,,355.63,anonymous sponsor (empty sponsorAFMName)
ΨΥ384690Β3-7ΣΔ,2023-04-26,ΕΝΤΑΛΜΑ ΠΛΗΡΩΜΗΣ ΑΠΟΖΗΜΕΙΩΣΗ ΤΕΙ-ΑΣΚΟΥΜΕΝΩΝ Ο.Α.Ε.Δ. (001607),,,1.76,anonymous sponsor (empty sponsorAFMName)
90ΘΩ4690Β3-ΠΣΡ,2023-04-26,ΕΝΤΑΛΜΑ ΠΛΗΡΩΜΗΣ ΕΠΙΚΟΥΡΙΚΟ ΝΟΣΗΛΕΥΤΙΚΟ-ΠΑΡΑΪΑΤΡΙΚΟ ΠΡΟΣΩΠΙΚΟ (000001634),,,328.50,anonymous sponsor (empty sponsorAFMName)
68Ε04690Β3-5Λ0,2023-04-26,ΕΝΤΑΛΜΑ ΠΛΗΡΩΜΗΣ ΕΠΙΚΟΥΡΙΚΟ ΝΟΣΗΛΕΥΤΙΚΟ-ΠΑΡΑΪΑΤΡΙΚΟ ΠΡΟΣΩΠΙΚΟ (000001634),,,27943.19,anonymous sponsor (empty sponsorAFMName)
67Λ54690Β3-ΦΛΥ,2023-04-26,ΕΝΤΑΛΜΑ ΠΛΗΡΩΜΗΣ EΠΙΚΟΥΡΙΚΟΙ ΙΑΤΡΟΙ Ε.Σ.Υ. (000001629),,,46633.86,anonymous sponsor (empty sponsorAFMName)
6Ψ4Υ4690Β3-ΑΔ6,2023-04-26,ΕΝΤΑΛΜΑ ΠΛΗΡΩΜΗΣ EΠΙΚΟΥΡΙΚΟΙ ΙΑΤΡΟΙ Ε.Σ.Υ. (000001629),,,2925.54,anonymous sponsor (empty sponsorAFMName)
ΨΧ2Σ4690Β3-9ΗΓ,2023-04-26,ΕΝΤΑΛΜΑ ΠΛΗΡΩΜΗΣ ΚΡΑΤ.3391-54.03.00.0001 Φ.Μ.Υ. (001512),,,75.71,anonymous sponsor (empty sponsorAFMName)
Ψ41Ε4690Β3-ΟΚ5,2023-04-26,ΕΝΤΑΛΜΑ ΠΛΗΡΩΜΗΣ ΚΡΑΤ.3391-54.03.00.0001 Φ.Μ.Υ. (001512),,,234.22,anonymous sponsor (empty sponsorAFMName)
ΨΓΩ54690Β3-ΚΣΠ,2023-04-26,ΕΝΤΑΛΜΑ ΠΛΗΡΩΜΗΣ ΕΙΣΦΟΡΕΣ ΑΠΑΣΧ/ΝΩΝ ΟΑΕΔ ΜΕΣΩ ΠΡΟΓ. ΚΟΙΝΩΦ. ΧΑΡΑΚΤΗΡΑ (),,,1996.54,anonymous sponsor (empty sponsorAFMName)
68Σ54690Β3-4ΘΝ,2023-04-26,ΕΝΤΑΛΜΑ ΠΛΗΡΩΜΗΣ ΕΙΣΦΟΡΕΣ ΑΠΑΣΧ/ΝΩΝ ΟΑΕΔ ΜΕΣΩ ΠΡΟΓ. ΚΟΙΝΩΦ. ΧΑΡΑΚΤΗΡΑ (),,,4914.09,anonymous sponsor (empty sponsorAFMName)
Ψ4ΥΗ4690Β3-87Δ,2023-04-26,ΕΝΤΑΛΜΑ ΠΛΗΡΩΜΗΣ ΚΡΑΤ.3391-54.04.02.0001 Χ/ΜΑ και ΟΓΑ Χ/ΜΩΝ (001514),,,15.13,anonymous sponsor (empty sponsorAFMName)
ΨΣΩΝ4690Β3-799,2023-04-26,ΕΝΤΑΛΜΑ ΠΛΗΡΩΜΗΣ ΚΡΑΤ.3391-54.09.14.0001 ΦΟΡΟΣ ΠΡΟΜΗΘΕΥΤΩΝ (001510),,,18935.51,anonymous sponsor (empty sponsorAFMName)
ΨΟ8Σ4690Β3-Υ2Π,2023-04-26,ΕΝΤΑΛΜΑ ΠΛΗΡΩΜΗΣ ΚΡΑΤ.3391-53.20.00.0001 ΕΛΛΗΝΙΚΟ ΔΗΜΟΣΙΟ (001506),,,6383.72,anonymous sponsor (empty sponsorAFMName)
6ΦΖΠ4690Β3-Δ97,2023-04-26,ΕΝΤΑΛΜΑ ΠΛΗΡΩΜΗΣ ΚΡΑΤ.3391-53.20.00.0001 ΕΛΛΗΝΙΚΟ ΔΗΜΟΣΙΟ (001506),,,278.90,anonymous sponsor (empty sponsorAFMName)
6ΧΜ04690Β3-Ω2Φ,2023-04-26,ΕΝΤΑΛΜΑ ΠΛΗΡΩΜΗΣ ΚΡΑΤ.3391-53.20.00.0001 ΕΛΛΗΝΙΚΟ ΔΗΜΟΣΙΟ (001506),,,141.95,anonymous sponsor (empty sponsorAFMName)
ΨΟΑ94690Β3-ΔΥΘ,2023-04-21,ΕΝΤΑΛΜΑ ΠΛΗΡΩΜΗΣ ΚΟΙΝΟΧΡΗΣΤΑ (001648),,,147.00,anonymous sponsor (empty sponsorAFMName)
67ΛΞ4690Β3-ΝΨ2,2023-04-10,ΕΝΤΑΛΜΑ ΠΛΗΡΩΜΗΣ ΟΔΟΙΠΟΡΙΚΑ ΕΞΟΔΑ ΠΡΟΣ. ΝΟΣ/ΜΕΙΟΥ (001626),,,85.20,anonymous sponsor (empty sponsorAFMName)
ΨΨ6Ρ4690Β3-8ΓΛ,2023-04-10,ΕΝΤΑΛΜΑ ΠΛΗΡΩΜΗΣ ΟΔΟΙΠΟΡΙΚΑ ΕΞΟΔΑ ΠΡΟΣ. ΝΟΣ/ΜΕΙΟΥ (001626),,,104.80,anonymous sponsor (empty sponsorAFMName)
ΩΝΧΦ4690Β3-ΖΙ0,2023-04-10,ΕΝΤΑΛΜΑ ΠΛΗΡΩΜΗΣ ΟΔΟΙΠΟΡΙΚΑ ΕΞΟΔΑ ΠΡΟΣ. ΝΟΣ/ΜΕΙΟΥ (001626),,,120.10,anonymous sponsor (empty sponsorAFMName)
6Λ1Δ4690Β3-Η6Τ,2023-04-10,ΕΝΤΑΛΜΑ ΠΛΗΡΩΜΗΣ ΟΔΟΙΠΟΡΙΚΑ ΕΞΟΔΑ ΠΡΟΣ. ΝΟΣ/ΜΕΙΟΥ (001626),,,120.20,anonymous sponsor (empty sponsorAFMName)
6ΑΠ54690Β3-ΜΦ6,2023-04-07,ΕΝΤΑΛΜΑ ΠΛΗΡΩΜΗΣ ΟΔΟΙΠΟΡΙΚΑ ΕΞΟΔΑ ΠΡΟΣ. ΝΟΣ/ΜΕΙΟΥ (001626),,,444.94,anonymous sponsor (empty sponsorAFMName)
97ΞΨ4690Β3-6ΤΓ,2023-04-07,ΕΝΤΑΛΜΑ ΠΛΗΡΩΜΗΣ ΟΔΟΙΠΟΡΙΚΑ ΕΞΟΔΑ ΠΡΟΣ. ΝΟΣ/ΜΕΙΟΥ (001626),,,254.94,anonymous sponsor (empty sponsorAFMName)
68ΜΥ4690Β3-ΣΕ4,2023-04-07,ΕΝΤΑΛΜΑ ΠΛΗΡΩΜΗΣ ΟΔΟΙΠΟΡΙΚΑ ΕΞΟΔΑ ΠΡΟΣ. ΝΟΣ/ΜΕΙΟΥ (001626),,,115.40,anonymous sponsor (empty sponsorAFMName)
ΨΨ8Υ4690Β3-ΦΜ2,2023-04-07,ΕΝΤΑΛΜΑ ΠΛΗΡΩΜΗΣ ΟΔΟΙΠΟΡΙΚΑ ΕΞΟΔΑ ΠΡΟΣ. ΝΟΣ/ΜΕΙΟΥ (001626),,,115.40,anonymous sponsor (empty sponsorAFMName)
Ψ5ΑΥ4690Β3-7ΝΟ,2023-04-07,ΕΝΤΑΛΜΑ ΠΛΗΡΩΜΗΣ ΟΔΟΙΠΟΡΙΚΑ ΕΞΟΔΑ ΠΡΟΣ. ΝΟΣ/ΜΕΙΟΥ (001626),,,155.40,anonymous sponsor (empty sponsorAFMName)
6ΡΛΒ4690Β3-ΗΔΨ,2023-04-07,ΕΝΤΑΛΜΑ ΠΛΗΡΩΜΗΣ ΟΔΟΙΠΟΡΙΚΑ ΕΞΟΔΑ ΠΡΟΣ. ΝΟΣ/ΜΕΙΟΥ (001626),,,145.50,anonymous sponsor (empty sponsorAFMName)
ΨΡ744690Β3-Γ9Ι,2023-03-31,ΕΝΤΑΛΜΑ ΠΛΗΡΩΜΗΣ ΕΠΟΧΙΚΟ ΠΡΟΣΩΠΙΚΟ ΚΑΘΑΡΙΟΤΗΤΑΣ (999111999),,,38408.38,anonymous sponsor (empty sponsorAFMName)
ΨΘΔ64690Β3-5ΔΚ,2023-03-31,ΕΝΤΑΛΜΑ ΠΛΗΡΩΜΗΣ ΕΠΙΚΟΥΡΙΚΟ ΝΟΣΗΛΕΥΤΙΚΟ-ΠΑΡΑΪΑΤΡΙΚΟ ΠΡΟΣΩΠΙΚΟ (000001634),,,1590.99,anonymous sponsor (empty sponsorAFMName)
62Φ44690Β3-ΥΛΖ,2023-03-31,ΕΝΤΑΛΜΑ ΠΛΗΡΩΜΗΣ ΕΠΙΚΟΥΡΙΚΟ ΝΟΣΗΛΕΥΤΙΚΟ-ΠΑΡΑΪΑΤΡΙΚΟ ΠΡΟΣΩΠΙΚΟ (000001634),,,106826.09,anonymous sponsor (empty sponsorAFMName)
6ΙΕΗ4690Β3-Ε72,2023-03-31,ΕΝΤΑΛΜΑ ΠΛΗΡΩΜΗΣ ΕΠΙΚΟΥΡΙΚΟ ΝΟΣΗΛΕΥΤΙΚΟ-ΠΑΡΑΪΑΤΡΙΚΟ ΠΡΟΣΩΠΙΚΟ (000001634),,,225.27,anonymous sponsor (empty sponsorAFMName)
6ΗΘΝ4690Β3-8ΩΓ,2023-03-31,ΕΝΤΑΛΜΑ ΠΛΗΡΩΜΗΣ ΕΠΙΚΟΥΡΙΚΟ ΝΟΣΗΛΕΥΤΙΚΟ-ΠΑΡΑΪΑΤΡΙΚΟ ΠΡΟΣΩΠΙΚΟ (000001634),,,1465.90,anonymous sponsor (empty sponsorAFMName)
61Β14690Β3-9ΛΙ,2023-03-31,ΕΝΤΑΛΜΑ ΠΛΗΡΩΜΗΣ EΠΙΚΟΥΡΙΚΟΙ ΙΑΤΡΟΙ Ε.Σ.Υ. (000001629),,,6419.00,anonymous sponsor (empty sponsorAFMName)
Ψ8Β44690Β3-ΣΟΝ,2023-03-31,ΕΝΤΑΛΜΑ ΠΛΗΡΩΜΗΣ ΑΠΟΖΗΜΕΙΩΣΗ ΤΕΙ-ΑΣΚΟΥΜΕΝΩΝ Ο.Α.Ε.Δ. (001607),,,198.48,anonymous sponsor (empty sponsorAFMName)
ΡΒ004690Β3-ΛΓ7,2023-03-31,ΕΝΤΑΛΜΑ ΠΛΗΡΩΜΗΣ ΑΠΟΖΗΜΕΙΩΣΗ ΤΕΙ-ΑΣΚΟΥΜΕΝΩΝ Ο.Α.Ε.Δ. (001607),,,439.90,anonymous sponsor (empty sponsorAFMName)
6ΑΓ84690Β3-05Κ,2023-03-31,ΕΝΤΑΛΜΑ ΠΛΗΡΩΜΗΣ ΑΠΟΖΗΜΕΙΩΣΗ ΤΕΙ-ΑΣΚΟΥΜΕΝΩΝ Ο.Α.Ε.Δ. (001607),,,1.76,anonymous sponsor (empty sponsorAFMName)
98ΝΨ4690Β3-ΜΙΔ,2023-03-31,ΕΝΤΑΛΜΑ ΠΛΗΡΩΜΗΣ ΕΠΙΚΟΥΡΙΚΟ ΝΟΣΗΛΕΥΤΙΚΟ-ΠΑΡΑΪΑΤΡΙΚΟ ΠΡΟΣΩΠΙΚΟ (000001634),,,0.39,anonymous sponsor (empty sponsorAFMName)
9Ι884690Β3-2ΚΥ,2023-03-31,ΕΝΤΑΛΜΑ ΠΛΗΡΩΜΗΣ ΕΠΙΚΟΥΡΙΚΟ ΝΟΣΗΛΕΥΤΙΚΟ-ΠΑΡΑΪΑΤΡΙΚΟ ΠΡΟΣΩΠΙΚΟ (000001634),,,27076.91,anonymous sponsor (empty sponsorAFMName)
Ψ0ΧΕ4690Β3-6Φ3,2023-03-31,ΕΝΤΑΛΜΑ ΠΛΗΡΩΜΗΣ EΠΙΚΟΥΡΙΚΟΙ ΙΑΤΡΟΙ Ε.Σ.Υ. (000001629),,,850.63,anonymous sponsor (empty sponsorAFMName)
ΨΗΝΓ4690Β3-Σ0Μ,2023-03-31,ΕΝΤΑΛΜΑ ΠΛΗΡΩΜΗΣ EΠΙΚΟΥΡΙΚΟΙ ΙΑΤΡΟΙ Ε.Σ.Υ. (000001629),,,45901.27,anonymous sponsor (empty sponsorAFMName)
631Ν4690Β3-59Ψ,2023-03-31,ΕΝΤΑΛΜΑ ΠΛΗΡΩΜΗΣ ΕΠΙΚΟΥΡΙΚΟ ΝΟΣΗΛΕΥΤΙΚΟ-ΠΑΡΑΪΑΤΡΙΚΟ ΠΡΟΣΩΠΙΚΟ (000001634),,,2535.42,anonymous sponsor (empty sponsorAFMName)
ΨΔ294690Β3-Μ4Ζ,2023-03-29,ΕΝΤΑΛΜΑ ΠΛΗΡΩΜΗΣ Γ.Ν.ΝΟΣΗΜΑΤΩΝ ΘΩΡΑΚΟΣ ΑΘΗΝ. Η ΣΩΤΗΡΙΑ (999332720),,,451.54,anonymous sponsor (empty sponsorAFMName)
6Μ9Ρ4690Β3-ΩΩΓ,2023-03-28,ΕΝΤΑΛΜΑ ΠΛΗΡΩΜΗΣ ΑΠΟΖΗΜΙΩΣΗ ΕΦΗΜΕΡΙΩΝ (002535),,,993.46,anonymous sponsor (empty sponsorAFMName)
ΨΕΖΗ4690Β3-Β1Γ,2023-03-28,ΕΝΤΑΛΜΑ ΠΛΗΡΩΜΗΣ ΑΠΟΖΗΜΙΩΣΗ ΕΦΗΜΕΡΙΩΝ (002535),,,1195.83,anonymous sponsor (empty sponsorAFMName)
ΨΜΓΡ4690Β3-ΕΗ3,2023-03-28,ΕΝΤΑΛΜΑ ΠΛΗΡΩΜΗΣ ΑΠΟΖΗΜΙΩΣΗ ΕΦΗΜΕΡΙΩΝ (002535),,,275.02,anonymous sponsor (empty sponsorAFMName)
63ΧΠ4690Β3-ΜΟ8,2023-03-28,ΕΝΤΑΛΜΑ ΠΛΗΡΩΜΗΣ ΑΠΟΖΗΜΙΩΣΗ ΕΦΗΜΕΡΙΩΝ (002535),,,2803.10,anonymous sponsor (empty sponsorAFMName)
64ΠΝ4690Β3-Ξ9Θ,2023-03-28,ΕΝΤΑΛΜΑ ΠΛΗΡΩΜΗΣ ΑΠΟΖΗΜΙΩΣΗ ΕΦΗΜΕΡΙΩΝ (002535),,,12291.50,anonymous sponsor (empty sponsorAFMName)
ΨΙΡΚ4690Β3-2ΞΧ,2023-03-28,ΕΝΤΑΛΜΑ ΠΛΗΡΩΜΗΣ ΑΠΟΖΗΜΙΩΣΗ ΕΦΗΜΕΡΙΩΝ (002535),,,947.42,anonymous sponsor (empty sponsorAFMName)
ΩΧΠ54690Β3-ΧΧΑ,2023-03-28,ΕΝΤΑΛΜΑ ΠΛΗΡΩΜΗΣ ΑΠΟΖΗΜΙΩΣΗ ΕΦΗΜΕΡΙΩΝ (002535),,,113.32,anonymous sponsor (empty sponsorAFMName)
682Ρ4690Β3-Η08,2023-03-28,ΕΝΤΑΛΜΑ ΠΛΗΡΩΜΗΣ ΑΠΟΖΗΜΙΩΣΗ ΕΦΗΜΕΡΙΩΝ (002535),,,724.96,anonymous sponsor (empty sponsorAFMName)
62ΓΖ4690Β3-Ν27,2023-03-28,ΕΝΤΑΛΜΑ ΠΛΗΡΩΜΗΣ ΑΠΟΖΗΜΙΩΣΗ ΕΦΗΜΕΡΙΩΝ (002535),,,2592.90,anonymous sponsor (empty sponsorAFMName)
6ΡΒΞ4690Β3-ΦΦΤ,2023-03-28,ΕΝΤΑΛΜΑ ΠΛΗΡΩΜΗΣ ΑΠΟΖΗΜΙΩΣΗ ΕΦΗΜΕΡΙΩΝ (002535),,,7296.02,anonymous sponsor (empty sponsorAFMName)
ΨΥΦΑ4690Β3-ΤΤΦ,2023-03-29,ΕΝΤΑΛΜΑ ΠΛΗΡΩΜΗΣ ΚΡΑΤ.3391-54.04.02.0001 Χ/ΜΑ και ΟΓΑ Χ/ΜΩΝ (001514),,,21.60,anonymous sponsor (empty sponsorAFMName)
6ΖΘΤ4690Β3-2Θ8,2023-03-29,ΕΝΤΑΛΜΑ ΠΛΗΡΩΜΗΣ ΚΡΑΤ.3391-54.04.00.0001 ΦΟΡΟΣ ΕΛΕΥΘΕΡ.ΕΠΑΓΓΕΛΜΑΤ (),,,120.00,anonymous sponsor (empty sponsorAFMName)
Ρ7Θ14690Β3-ΘΔΑ,2023-03-28,ΕΝΤΑΛΜΑ ΠΛΗΡΩΜΗΣ ΔΙΚΑΙΟΥΧΟΙ ΑΜΟΙΒΩΝ (001600),,,771.00,anonymous sponsor (empty sponsorAFMName)
ΨΟΖΤ4690Β3-ΕΣΡ,2023-03-28,ΕΝΤΑΛΜΑ ΠΛΗΡΩΜΗΣ ΑΠΟΖΗΜΙΩΣΗ ΓΙΑ ΝΥΧΤΕΡΙΝΑ-ΕΞΑΙΡΕΣΙΜΑ-ΥΠΕΡΩΡ.ΑΠΑΣΧΟΛΗΣΗ (001628),,,351.36,anonymous sponsor (empty sponsorAFMName)
ΨΖΓΙ4690Β3-ΘΒ9,2023-03-28,ΕΝΤΑΛΜΑ ΠΛΗΡΩΜΗΣ ΑΠΟΖΗΜΙΩΣΗ ΓΙΑ ΝΥΧΤΕΡΙΝΑ-ΕΞΑΙΡΕΣΙΜΑ-ΥΠΕΡΩΡ.ΑΠΑΣΧΟΛΗΣΗ (001628),,,198.72,anonymous sponsor (empty sponsorAFMName)
ΨΡ7Η4690Β3-ΦΗΟ,2023-03-28,ΕΝΤΑΛΜΑ ΠΛΗΡΩΜΗΣ ΑΠΟΖΗΜΙΩΣΗ ΓΙΑ ΝΥΧΤΕΡΙΝΑ-ΕΞΑΙΡΕΣΙΜΑ-ΥΠΕΡΩΡ.ΑΠΑΣΧΟΛΗΣΗ (001628),,,6641.82,anonymous sponsor (empty sponsorAFMName)
9ΙΓΘ4690Β3-ΜΦΣ,2023-03-28,ΕΝΤΑΛΜΑ ΠΛΗΡΩΜΗΣ ΑΠΟΖΗΜΙΩΣΗ ΓΙΑ ΝΥΧΤΕΡΙΝΑ-ΕΞΑΙΡΕΣΙΜΑ-ΥΠΕΡΩΡ.ΑΠΑΣΧΟΛΗΣΗ (001628),,,1500.04,anonymous sponsor (empty sponsorAFMName)
ΩΝΓΠ4690Β3-ΦΦΓ,2023-03-28,ΕΝΤΑΛΜΑ ΠΛΗΡΩΜΗΣ ΑΠΟΖΗΜΙΩΣΗ ΓΙΑ ΝΥΧΤΕΡΙΝΑ-ΕΞΑΙΡΕΣΙΜΑ-ΥΠΕΡΩΡ.ΑΠΑΣΧΟΛΗΣΗ (001628),,,165.42,anonymous sponsor (empty sponsorAFMName)
ΨΣ2Μ4690Β3-ΩΛ1,2023-03-28,ΕΝΤΑΛΜΑ ΠΛΗΡΩΜΗΣ ΑΠΟΖΗΜΙΩΣΗ ΓΙΑ ΝΥΧΤΕΡΙΝΑ-ΕΞΑΙΡΕΣΙΜΑ-ΥΠΕΡΩΡ.ΑΠΑΣΧΟΛΗΣΗ (001628),,,1704.67,anonymous sponsor (empty sponsorAFMName)
6Σ9Η4690Β3-ΚΨ0,2023-03-28,ΕΝΤΑΛΜΑ ΠΛΗΡΩΜΗΣ ΑΠΟΖΗΜΙΩΣΗ ΓΙΑ ΝΥΧΤΕΡΙΝΑ-ΕΞΑΙΡΕΣΙΜΑ-ΥΠΕΡΩΡ.ΑΠΑΣΧΟΛΗΣΗ (001628),,,6145.70,anonymous sponsor (empty sponsorAFMName)
93ΓΖ4690Β3-ΥΧ5,2023-03-28,ΕΝΤΑΛΜΑ ΠΛΗΡΩΜΗΣ ΑΠΟΖΗΜΙΩΣΗ ΓΙΑ ΝΥΧΤΕΡΙΝΑ-ΕΞΑΙΡΕΣΙΜΑ-ΥΠΕΡΩΡ.ΑΠΑΣΧΟΛΗΣΗ (001628),,,288.94,anonymous sponsor (empty sponsorAFMName)
6ΞΛΑ4690Β3-ΓΧΨ,2023-03-28,ΕΝΤΑΛΜΑ ΠΛΗΡΩΜΗΣ ΑΠΟΖΗΜΙΩΣΗ ΓΙΑ ΝΥΧΤΕΡΙΝΑ-ΕΞΑΙΡΕΣΙΜΑ-ΥΠΕΡΩΡ.ΑΠΑΣΧΟΛΗΣΗ (001628),,,289.03,anonymous sponsor (empty sponsorAFMName)
ΨΩ034690Β3-ΦΩ3,2023-03-28,ΕΝΤΑΛΜΑ ΠΛΗΡΩΜΗΣ ΑΠΟΖΗΜΙΩΣΗ ΓΙΑ ΝΥΧΤΕΡΙΝΑ-ΕΞΑΙΡΕΣΙΜΑ-ΥΠΕΡΩΡ.ΑΠΑΣΧΟΛΗΣΗ (001628),,,660.78,anonymous sponsor (empty sponsorAFMName)
62644690Β3-Γ18,2023-03-28,ΕΝΤΑΛΜΑ ΠΛΗΡΩΜΗΣ ΑΠΟΖΗΜΙΩΣΗ ΓΙΑ ΝΥΧΤΕΡΙΝΑ-ΕΞΑΙΡΕΣΙΜΑ-ΥΠΕΡΩΡ.ΑΠΑΣΧΟΛΗΣΗ (001628),,,469.36,anonymous sponsor (empty sponsorAFMName)
6Ε3Φ4690Β3-Β0Θ,2023-03-28,ΕΝΤΑΛΜΑ ΠΛΗΡΩΜΗΣ ΑΠΟΖΗΜΙΩΣΗ ΓΙΑ ΝΥΧΤΕΡΙΝΑ-ΕΞΑΙΡΕΣΙΜΑ-ΥΠΕΡΩΡ.ΑΠΑΣΧΟΛΗΣΗ (001628),,,903.50,anonymous sponsor (empty sponsorAFMName)
96Ο64690Β3-ΑΙΥ,2023-03-28,ΕΝΤΑΛΜΑ ΠΛΗΡΩΜΗΣ ΑΠΟΖΗΜΙΩΣΗ ΓΙΑ ΝΥΧΤΕΡΙΝΑ-ΕΞΑΙΡΕΣΙΜΑ-ΥΠΕΡΩΡ.ΑΠΑΣΧΟΛΗΣΗ (001628),,,308.10,anonymous sponsor (empty sponsorAFMName)
6ΣΞΤ4690Β3-Τ0Π,2023-03-28,ΕΝΤΑΛΜΑ ΠΛΗΡΩΜΗΣ ΑΠΟΖΗΜΙΩΣΗ ΓΙΑ ΝΥΧΤΕΡΙΝΑ-ΕΞΑΙΡΕΣΙΜΑ-ΥΠΕΡΩΡ.ΑΠΑΣΧΟΛΗΣΗ (001628),,,1285.34,anonymous sponsor (empty sponsorAFMName)
6Φ2Δ4690Β3-Β67,2023-03-28,ΕΝΤΑΛΜΑ ΠΛΗΡΩΜΗΣ ΑΠΟΖΗΜΙΩΣΗ ΓΙΑ ΝΥΧΤΕΡΙΝΑ-ΕΞΑΙΡΕΣΙΜΑ-ΥΠΕΡΩΡ.ΑΠΑΣΧΟΛΗΣΗ (001628),,,351.92,anonymous sponsor (empty sponsorAFMName)
6ΓΑΒ4690Β3-Ι9Φ,2023-03-28,ΕΝΤΑΛΜΑ ΠΛΗΡΩΜΗΣ ΑΠΟΖΗΜΙΩΣΗ ΓΙΑ ΝΥΧΤΕΡΙΝΑ-ΕΞΑΙΡΕΣΙΜΑ-ΥΠΕΡΩΡ.ΑΠΑΣΧΟΛΗΣΗ (001628),,,5451.88,anonymous sponsor (empty sponsorAFMName)
9Υ8Ω4690Β3-ΠΦΙ,2023-03-28,ΕΝΤΑΛΜΑ ΠΛΗΡΩΜΗΣ ΑΠΟΖΗΜΙΩΣΗ ΓΙΑ ΝΥΧΤΕΡΙΝΑ-ΕΞΑΙΡΕΣΙΜΑ-ΥΠΕΡΩΡ.ΑΠΑΣΧΟΛΗΣΗ (001628),,,1394.67,anonymous sponsor (empty sponsorAFMName)
9ΛΔ14690Β3-Ρ2Δ,2023-03-28,ΕΝΤΑΛΜΑ ΠΛΗΡΩΜΗΣ ΑΠΟΖΗΜΙΩΣΗ ΓΙΑ ΝΥΧΤΕΡΙΝΑ-ΕΞΑΙΡΕΣΙΜΑ-ΥΠΕΡΩΡ.ΑΠΑΣΧΟΛΗΣΗ (001628),,,2640.64,anonymous sponsor (empty sponsorAFMName)
6ΝΙ74690Β3-ΨΤΙ,2023-03-28,ΕΝΤΑΛΜΑ ΠΛΗΡΩΜΗΣ ΑΠΟΖΗΜΙΩΣΗ ΓΙΑ ΝΥΧΤΕΡΙΝΑ-ΕΞΑΙΡΕΣΙΜΑ-ΥΠΕΡΩΡ.ΑΠΑΣΧΟΛΗΣΗ (001628),,,259.94,anonymous sponsor (empty sponsorAFMName)
67ΠΜ4690Β3-ΠΑ0,2023-03-28,ΕΝΤΑΛΜΑ ΠΛΗΡΩΜΗΣ ΑΠΟΖΗΜΙΩΣΗ ΓΙΑ ΝΥΧΤΕΡΙΝΑ-ΕΞΑΙΡΕΣΙΜΑ-ΥΠΕΡΩΡ.ΑΠΑΣΧΟΛΗΣΗ (001628),,,1296.50,anonymous sponsor (empty sponsorAFMName)
9ΟΛΞ4690Β3-ΒΒ3,2023-03-28,ΕΝΤΑΛΜΑ ΠΛΗΡΩΜΗΣ ΑΠΟΖΗΜΙΩΣΗ ΓΙΑ ΝΥΧΤΕΡΙΝΑ-ΕΞΑΙΡΕΣΙΜΑ-ΥΠΕΡΩΡ.ΑΠΑΣΧΟΛΗΣΗ (001628),,,6658.91,anonymous sponsor (empty sponsorAFMName)
ΩΜΣΒ4690Β3-Ξ6Η,2023-03-28,ΕΝΤΑΛΜΑ ΠΛΗΡΩΜΗΣ ΑΠΟΖΗΜΙΩΣΗ ΓΙΑ ΝΥΧΤΕΡΙΝΑ-ΕΞΑΙΡΕΣΙΜΑ-ΥΠΕΡΩΡ.ΑΠΑΣΧΟΛΗΣΗ (001628),,,7117.91,anonymous sponsor (empty sponsorAFMName)
9ΓΦ24690Β3-Γ4Ρ,2023-03-28,ΕΝΤΑΛΜΑ ΠΛΗΡΩΜΗΣ ΑΠΟΖΗΜΙΩΣΗ ΓΙΑ ΝΥΧΤΕΡΙΝΑ-ΕΞΑΙΡΕΣΙΜΑ-ΥΠΕΡΩΡ.ΑΠΑΣΧΟΛΗΣΗ (001628),,,1313.86,anonymous sponsor (empty sponsorAFMName)
ΨΚΛΝ4690Β3-ΙΧΣ,2023-03-28,ΕΝΤΑΛΜΑ ΠΛΗΡΩΜΗΣ ΑΠΟΖΗΜΙΩΣΗ ΕΦΗΜΕΡΙΩΝ (002535),,,1084.48,anonymous sponsor (empty sponsorAFMName)
6ΡΙΕ4690Β3-6Η9,2023-03-28,ΕΝΤΑΛΜΑ ΠΛΗΡΩΜΗΣ ΑΠΟΖΗΜΙΩΣΗ ΕΦΗΜΕΡΙΩΝ (002535),,,1437.32,anonymous sponsor (empty sponsorAFMName)
6ΙΕ44690Β3-ΩΗΛ,2023-03-28,ΕΝΤΑΛΜΑ ΠΛΗΡΩΜΗΣ ΑΠΟΖΗΜΙΩΣΗ ΕΦΗΜΕΡΙΩΝ (002535),,,2547.44,anonymous sponsor (empty sponsorAFMName)
64134690Β3-04Ρ,2023-03-28,ΕΝΤΑΛΜΑ ΠΛΗΡΩΜΗΣ ΑΠΟΖΗΜΙΩΣΗ ΕΦΗΜΕΡΙΩΝ (002535),,,17346.64,anonymous sponsor (empty sponsorAFMName)
Ψ1ΕΘ4690Β3-ΖΥΤ,2023-03-28,ΕΝΤΑΛΜΑ ΠΛΗΡΩΜΗΣ ΑΠΟΖΗΜΙΩΣΗ ΕΦΗΜΕΡΙΩΝ (002535),,,1219.20,anonymous sponsor (empty sponsorAFMName)
6ΠΛΨ4690Β3-ΩΩΨ,2023-03-28,ΕΝΤΑΛΜΑ ΠΛΗΡΩΜΗΣ ΑΠΟΖΗΜΙΩΣΗ ΕΦΗΜΕΡΙΩΝ (002535),,,2551.72,anonymous sponsor (empty sponsorAFMName)
ΨΝ2Φ4690Β3-3Ι5,2023-03-28,ΕΝΤΑΛΜΑ ΠΛΗΡΩΜΗΣ ΑΠΟΖΗΜΙΩΣΗ ΕΦΗΜΕΡΙΩΝ (002535),,,21746.81,anonymous sponsor (empty sponsorAFMName)
6ΧΚΥ4690Β3-ΨΚ6,2023-03-28,ΕΝΤΑΛΜΑ ΠΛΗΡΩΜΗΣ ΑΠΟΖΗΜΙΩΣΗ ΕΦΗΜΕΡΙΩΝ (002535),,,546.49,anonymous sponsor (empty sponsorAFMName)
ΩΖ6Ψ4690Β3-7ΧΕ,2023-03-28,ΕΝΤΑΛΜΑ ΠΛΗΡΩΜΗΣ ΑΠΟΖΗΜΙΩΣΗ ΕΦΗΜΕΡΙΩΝ (002535),,,72979.44,anonymous sponsor (empty sponsorAFMName)
6ΖΔΜ4690Β3-3Ξ9,2023-03-27,ΕΝΤΑΛΜΑ ΠΛΗΡΩΜΗΣ ΟΔΟΙΠΟΡΙΚΑ ΕΞΟΔΑ ΠΡΟΣ. ΝΟΣ/ΜΕΙΟΥ (001626),,,51.00,anonymous sponsor (empty sponsorAFMName)
6ΠΗΒ4690Β3-Τ6Α,2023-03-27,ΕΝΤΑΛΜΑ ΠΛΗΡΩΜΗΣ ΟΔΟΙΠΟΡΙΚΑ ΕΞΟΔΑ ΠΡΟΣ. ΝΟΣ/ΜΕΙΟΥ (001626),,,31.20,anonymous sponsor (empty sponsorAFMName)
Ψ2524690Β3-ΔΟΒ,2023-03-27,ΕΝΤΑΛΜΑ ΠΛΗΡΩΜΗΣ ΚΡΑΤ.3391-54.03.00.0001 Φ.Μ.Υ. (001512),,,82.33,anonymous sponsor (empty sponsorAFMName)
6Χ7Δ4690Β3-ΓΓΝ,2023-03-27,ΕΝΤΑΛΜΑ ΠΛΗΡΩΜΗΣ ΚΡΑΤ.3391-54.03.00.0001 Φ.Μ.Υ. (001512),,,230.54,anonymous sponsor (empty sponsorAFMName)
63ΩΗ4690Β3-Ο51,2023-03-27,ΕΝΤΑΛΜΑ ΠΛΗΡΩΜΗΣ ΕΙΣΦΟΡΕΣ ΑΠΑΣΧ/ΝΩΝ ΟΑΕΔ ΜΕΣΩ ΠΡΟΓ. ΚΟΙΝΩΦ. ΧΑΡΑΚΤΗΡΑ (),,,1996.54,anonymous sponsor (empty sponsorAFMName)
6ΝΘΟ4690Β3-4ΨΗ,2023-03-27,ΕΝΤΑΛΜΑ ΠΛΗΡΩΜΗΣ ΕΙΣΦΟΡΕΣ ΑΠΑΣΧ/ΝΩΝ ΟΑΕΔ ΜΕΣΩ ΠΡΟΓ. ΚΟΙΝΩΦ. ΧΑΡΑΚΤΗΡΑ (),,,4914.09,anonymous sponsor (empty sponsorAFMName)
63ΖΩ4690Β3-ΜΔΥ,2023-03-24,ΕΝΤΑΛΜΑ ΠΛΗΡΩΜΗΣ ΚΡΑΤ.3391-54.04.02.0001 Χ/ΜΑ και ΟΓΑ Χ/ΜΩΝ (001514),,,0.10,anonymous sponsor (empty sponsorAFMName)
6ΖΨΒ4690Β3-5Δ1,2023-03-24,ΕΝΤΑΛΜΑ ΠΛΗΡΩΜΗΣ ΚΡΑΤ.3391-54.09.14.0001 ΦΟΡΟΣ ΠΡΟΜΗΘΕΥΤΩΝ (001510),,,31.00,anonymous sponsor (empty sponsorAFMName)
60ΜΚ4690Β3-Μ0Γ,2023-03-24,ΕΝΤΑΛΜΑ ΠΛΗΡΩΜΗΣ ΚΡΑΤ.3391-53.20.00.0001 ΕΛΛΗΝΙΚΟ ΔΗΜΟΣΙΟ (001506),,,63.27,anonymous sponsor (empty sponsorAFMName)
ΨΗ4Λ4690Β3-ΓΨ4,2023-03-24,ΕΝΤΑΛΜΑ ΠΛΗΡΩΜΗΣ ΚΡΑΤ.3391-53.20.00.0001 ΕΛΛΗΝΙΚΟ ΔΗΜΟΣΙΟ (001506),,,3.17,anonymous sponsor (empty sponsorAFMName)
67Φ94690Β3-ΦΔΦ,2023-03-24,ΕΝΤΑΛΜΑ ΠΛΗΡΩΜΗΣ ΚΡΑΤ.3391-53.20.00.0001 ΕΛΛΗΝΙΚΟ ΔΗΜΟΣΙΟ (001506),,,0.62,anonymous sponsor (empty sponsorAFMName)
Ψ7ΡΘ4690Β3-ΘΡΙ,2023-03-24,ΕΝΤΑΛΜΑ ΠΛΗΡΩΜΗΣ ΕΞΟΔΑ ΚΗΔΕΙΑΣ (001603),,,733.67,anonymous sponsor (empty sponsorAFMName)
ΨΗΛΖ4690Β3-ΖΟ8,2023-12-29,ΕΝΤΑΛΜΑ ΠΛΗΡΩΜΗΣ ΕΠΙΚΟΥΡΙΚΟ ΝΟΣΗΛΕΥΤΙΚΟ-ΠΑΡΑΪΑΤΡΙΚΟ ΠΡΟΣΩΠΙΚΟ (000001634),,,1528.12,anonymous sponsor (empty sponsorAFMName)
Ψ6ΤΖ4690Β3-ΩΛΡ,2023-12-29,ΕΝΤΑΛΜΑ ΠΛΗΡΩΜΗΣ ΕΠΙΚΟΥΡΙΚΟ ΝΟΣΗΛΕΥΤΙΚΟ-ΠΑΡΑΪΑΤΡΙΚΟ ΠΡΟΣΩΠΙΚΟ (000001634),,,1590.99,anonymous sponsor (empty sponsorAFMName)
6ΤΚΙ4690Β3-ΠΤΦ,2023-12-29,ΕΝΤΑΛΜΑ ΠΛΗΡΩΜΗΣ ΕΠΙΚΟΥΡΙΚΟ ΝΟΣΗΛΕΥΤΙΚΟ-ΠΑΡΑΪΑΤΡΙΚΟ ΠΡΟΣΩΠΙΚΟ (000001634),,,107162.61,anonymous sponsor (empty sponsorAFMName)
ΨΕΑΦ4690Β3-90Τ,2023-12-29,ΕΝΤΑΛΜΑ ΠΛΗΡΩΜΗΣ EΠΙΚΟΥΡΙΚΟΙ ΙΑΤΡΟΙ Ε.Σ.Υ. (000001629),,,8338.95,anonymous sponsor (empty sponsorAFMName)
6ΣΓ14690Β3-ΠΘ2,2023-12-29,ΕΝΤΑΛΜΑ ΠΛΗΡΩΜΗΣ ΕΠΟΧΙΚΟ ΠΡΟΣΩΠΙΚΟ ΚΑΘΑΡΙΟΤΗΤΑΣ (999111999),,,39666.44,anonymous sponsor (empty sponsorAFMName)
6ΩΔΔ4690Β3-ΨΣΩ,2023-12-29,ΕΝΤΑΛΜΑ ΠΛΗΡΩΜΗΣ ΕΡΓΟΔ.ΕΙΣΦ.ΙΚΑ ΑΣΚΟΥΜ.ΤΕΕ-ΙΕΚ.ΧΩΡ.ΑΜΟΙΒ.ΓΙΑ ΑΤΥΧΗΜ (001690),,,44.89,anonymous sponsor (empty sponsorAFMName)
942Ζ4690Β3-ΕΗΗ,2023-12-29,ΕΝΤΑΛΜΑ ΠΛΗΡΩΜΗΣ ΕΠΙΚΟΥΡΙΚΟ ΝΟΣΗΛΕΥΤΙΚΟ-ΠΑΡΑΪΑΤΡΙΚΟ ΠΡΟΣΩΠΙΚΟ (000001634),,,1663.15,anonymous sponsor (empty sponsorAFMName)
ΨΖ9Χ4690Β3-49Ζ,2023-12-29,ΕΝΤΑΛΜΑ ΠΛΗΡΩΜΗΣ ΕΠΙΚΟΥΡΙΚΟ ΝΟΣΗΛΕΥΤΙΚΟ-ΠΑΡΑΪΑΤΡΙΚΟ ΠΡΟΣΩΠΙΚΟ (000001634),,,37459.29,anonymous sponsor (empty sponsorAFMName)
63Α64690Β3-ΥΣ1,2023-12-29,ΕΝΤΑΛΜΑ ΠΛΗΡΩΜΗΣ EΠΙΚΟΥΡΙΚΟΙ ΙΑΤΡΟΙ Ε.Σ.Υ. (000001629),,,54505.64,anonymous sponsor (empty sponsorAFMName)
ΨΠΗ94690Β3-Ρ0Ω,2023-12-29,ΕΝΤΑΛΜΑ ΠΛΗΡΩΜΗΣ ΑΠΟΖΗΜΙΩΣΗ ΔΙΚΑΣΤΙΚΗΣ ΑΠΟΦΑΣΗΣ (001613),,,5841.00,anonymous sponsor (empty sponsorAFMName)
6Η3Ι4690Β3-ΜΑΣ,2023-12-28,ΕΝΤΑΛΜΑ ΠΛΗΡΩΜΗΣ ΚΡΑΤ.3391-54.03.00.0001 Φ.Μ.Υ. (001512),,,253.02,anonymous sponsor (empty sponsorAFMName)
9Ν9Χ4690Β3-Τ5Λ,2023-12-28,ΕΝΤΑΛΜΑ ΠΛΗΡΩΜΗΣ ΚΡΑΤ.3391-54.03.00.0001 Φ.Μ.Υ. (001512),,,76.79,anonymous sponsor (empty sponsorAFMName)
645Ζ4690Β3-05Π,2023-12-28,ΕΝΤΑΛΜΑ ΠΛΗΡΩΜΗΣ ΕΙΣΦΟΡΕΣ ΑΠΑΣΧ/ΝΩΝ ΟΑΕΔ ΜΕΣΩ ΠΡΟΓ. ΚΟΙΝΩΦ. ΧΑΡΑΚΤΗΡΑ (),,,1996.54,anonymous sponsor (empty sponsorAFMName)
955Ο4690Β3-ΦΨΤ,2023-12-28,ΕΝΤΑΛΜΑ ΠΛΗΡΩΜΗΣ ΕΙΣΦΟΡΕΣ ΑΠΑΣΧ/ΝΩΝ ΟΑΕΔ ΜΕΣΩ ΠΡΟΓ. ΚΟΙΝΩΦ. ΧΑΡΑΚΤΗΡΑ (),,,4527.81,anonymous sponsor (empty sponsorAFMName)
686Υ4690Β3-ΑΒΥ,2023-12-28,ΕΝΤΑΛΜΑ ΠΛΗΡΩΜΗΣ ΚΡΑΤ.3391-54.04.02.0001 Χ/ΜΑ και ΟΓΑ Χ/ΜΩΝ (001514),,,0.93,anonymous sponsor (empty sponsorAFMName)
ΨΘΑΦ4690Β3-ΕΧ4,2023-12-28,ΕΝΤΑΛΜΑ ΠΛΗΡΩΜΗΣ ΚΡΑΤ.3391-53.20.00.0001 ΕΛΛΗΝΙΚΟ ΔΗΜΟΣΙΟ (001506),,,530.69,anonymous sponsor (empty sponsorAFMName)
6Δ144690Β3-ΙΘΛ,2023-12-28,ΕΝΤΑΛΜΑ ΠΛΗΡΩΜΗΣ ΚΡΑΤ.3391-53.20.00.0001 ΕΛΛΗΝΙΚΟ ΔΗΜΟΣΙΟ (001506),,,26.57,anonymous sponsor (empty sponsorAFMName)
6ΝΣΚ4690Β3-Ξ7Κ,2023-12-28,ΕΝΤΑΛΜΑ ΠΛΗΡΩΜΗΣ ΚΡΑΤ.3391-54.04.02.0001 Χ/ΜΑ και ΟΓΑ Χ/ΜΩΝ (001514),,,54.77,anonymous sponsor (empty sponsorAFMName)
ΡΨ3Φ4690Β3-Ζ4Η,2023-12-28,ΕΝΤΑΛΜΑ ΠΛΗΡΩΜΗΣ ΚΡΑΤ.3391-54.04.00.0001 ΦΟΡΟΣ ΕΛΕΥΘΕΡ.ΕΠΑΓΓΕΛΜΑΤ (),,,285.08,anonymous sponsor (empty sponsorAFMName)
Ψ9ΒΨ4690Β3-5ΝΜ,2023-12-28,ΕΝΤΑΛΜΑ ΠΛΗΡΩΜΗΣ ΚΡΑΤ.3391-54.09.14.0001 ΦΟΡΟΣ ΠΡΟΜΗΘΕΥΤΩΝ (001510),,,55120.89,anonymous sponsor (empty sponsorAFMName)
ΨΑΙΦ4690Β3-ΡΕΜ,2023-12-28,ΕΝΤΑΛΜΑ ΠΛΗΡΩΜΗΣ ΚΡΑΤ.3391-53.20.00.0001 ΕΛΛΗΝΙΚΟ ΔΗΜΟΣΙΟ (001506),,,22975.55,anonymous sponsor (empty sponsorAFMName)
ΨΟΓΟ4690Β3-4ΛΕ,2023-12-28,ΕΝΤΑΛΜΑ ΠΛΗΡΩΜΗΣ ΚΡΑΤ.3391-53.20.00.0001 ΕΛΛΗΝΙΚΟ ΔΗΜΟΣΙΟ (001506),,,844.51,anonymous sponsor (empty sponsorAFMName)
Ψ7ΥΡ4690Β3-ΓΡ6,2023-12-28,ΕΝΤΑΛΜΑ ΠΛΗΡΩΜΗΣ ΚΡΑΤ.3391-53.20.00.0001 ΕΛΛΗΝΙΚΟ ΔΗΜΟΣΙΟ (001506),,,44.28,anonymous sponsor (empty sponsorAFMName)
ΨΖ6Κ4690Β3-Ε5Ι,2023-12-28,ΕΝΤΑΛΜΑ ΠΛΗΡΩΜΗΣ ΚΡΑΤ.3391-53.20.00.0001 ΕΛΛΗΝΙΚΟ ΔΗΜΟΣΙΟ (001506),,,673.57,anonymous sponsor (empty sponsorAFMName)
6Χ084690Β3-Η5Ο,2023-12-19,ΕΝΤΑΛΜΑ ΠΛΗΡΩΜΗΣ ΑΠΟΖΗΜΙΩΣΗ ΓΙΑ ΝΥΧΤΕΡΙΝΑ-ΕΞΑΙΡΕΣΙΜΑ-ΥΠΕΡΩΡ.ΑΠΑΣΧΟΛΗΣΗ (001628),,,533.24,anonymous sponsor (empty sponsorAFMName)
96ΥΩ4690Β3-ΕΟ0,2023-12-19,ΕΝΤΑΛΜΑ ΠΛΗΡΩΜΗΣ ΑΠΟΖΗΜΙΩΣΗ ΓΙΑ ΝΥΧΤΕΡΙΝΑ-ΕΞΑΙΡΕΣΙΜΑ-ΥΠΕΡΩΡ.ΑΠΑΣΧΟΛΗΣΗ (001628),,,114.08,anonymous sponsor (empty sponsorAFMName)
992Ε4690Β3-ΙΓΒ,2023-12-19,ΕΝΤΑΛΜΑ ΠΛΗΡΩΜΗΣ ΑΠΟΖΗΜΙΩΣΗ ΓΙΑ ΝΥΧΤΕΡΙΝΑ-ΕΞΑΙΡΕΣΙΜΑ-ΥΠΕΡΩΡ.ΑΠΑΣΧΟΛΗΣΗ (001628),,,6968.03,anonymous sponsor (empty sponsorAFMName)
6Β9Π4690Β3-ΥΙΦ,2023-12-19,ΕΝΤΑΛΜΑ ΠΛΗΡΩΜΗΣ ΑΠΟΖΗΜΙΩΣΗ ΓΙΑ ΝΥΧΤΕΡΙΝΑ-ΕΞΑΙΡΕΣΙΜΑ-ΥΠΕΡΩΡ.ΑΠΑΣΧΟΛΗΣΗ (001628),,,1572.92,anonymous sponsor (empty sponsorAFMName)
62ΥΥ4690Β3-ΞΡΨ,2023-12-19,ΕΝΤΑΛΜΑ ΠΛΗΡΩΜΗΣ ΑΠΟΖΗΜΙΩΣΗ ΓΙΑ ΝΥΧΤΕΡΙΝΑ-ΕΞΑΙΡΕΣΙΜΑ-ΥΠΕΡΩΡ.ΑΠΑΣΧΟΛΗΣΗ (001628),,,144.74,anonymous sponsor (empty sponsorAFMName)
ΨΚΛ14690Β3-ΟΣ4,2023-12-19,ΕΝΤΑΛΜΑ ΠΛΗΡΩΜΗΣ ΑΠΟΖΗΜΙΩΣΗ ΓΙΑ ΝΥΧΤΕΡΙΝΑ-ΕΞΑΙΡΕΣΙΜΑ-ΥΠΕΡΩΡ.ΑΠΑΣΧΟΛΗΣΗ (001628),,,2620.83,anonymous sponsor (empty sponsorAFMName)
9Γ464690Β3-17Λ,2023-12-18,ΕΝΤΑΛΜΑ ΠΛΗΡΩΜΗΣ ΑΠΟΖΗΜΙΩΣΗ ΓΙΑ ΝΥΧΤΕΡΙΝΑ-ΕΞΑΙΡΕΣΙΜΑ-ΥΠΕΡΩΡ.ΑΠΑΣΧΟΛΗΣΗ (001628),,,839.63,anonymous sponsor (empty sponsorAFMName)
6Ε2Ρ4690Β3-ΙΓΚ,2023-12-18,ΕΝΤΑΛΜΑ ΠΛΗΡΩΜΗΣ ΑΠΟΖΗΜΙΩΣΗ ΓΙΑ ΝΥΧΤΕΡΙΝΑ-ΕΞΑΙΡΕΣΙΜΑ-ΥΠΕΡΩΡ.ΑΠΑΣΧΟΛΗΣΗ (001628),,,6847.75,anonymous sponsor (empty sponsorAFMName)
94ΖΙ4690Β3-9ΡΥ,2023-12-18,ΕΝΤΑΛΜΑ ΠΛΗΡΩΜΗΣ ΑΠΟΖΗΜΙΩΣΗ ΓΙΑ ΝΥΧΤΕΡΙΝΑ-ΕΞΑΙΡΕΣΙΜΑ-ΥΠΕΡΩΡ.ΑΠΑΣΧΟΛΗΣΗ (001628),,,1615.02,anonymous sponsor (empty sponsorAFMName)
99ΨΑ4690Β3-8Τ8,2023-12-18,ΕΝΤΑΛΜΑ ΠΛΗΡΩΜΗΣ ΑΠΟΖΗΜΙΩΣΗ ΓΙΑ ΝΥΧΤΕΡΙΝΑ-ΕΞΑΙΡΕΣΙΜΑ-ΥΠΕΡΩΡ.ΑΠΑΣΧΟΛΗΣΗ (001628),,,260.90,anonymous sponsor (empty sponsorAFMName)
Ψ8ΑΜ4690Β3-4ΤΔ,2023-12-18,ΕΝΤΑΛΜΑ ΠΛΗΡΩΜΗΣ ΑΠΟΖΗΜΙΩΣΗ ΓΙΑ ΝΥΧΤΕΡΙΝΑ-ΕΞΑΙΡΕΣΙΜΑ-ΥΠΕΡΩΡ.ΑΠΑΣΧΟΛΗΣΗ (001628),,,204.96,anonymous sponsor (empty sponsorAFMName)
6ΩΕΕ4690Β3-ΦΦΗ,2023-12-18,ΕΝΤΑΛΜΑ ΠΛΗΡΩΜΗΣ ΑΠΟΖΗΜΙΩΣΗ ΓΙΑ ΝΥΧΤΕΡΙΝΑ-ΕΞΑΙΡΕΣΙΜΑ-ΥΠΕΡΩΡ.ΑΠΑΣΧΟΛΗΣΗ (001628),,,288.53,anonymous sponsor (empty sponsorAFMName)
ΨΛΓΗ4690Β3-ΥΟ8,2023-12-18,ΕΝΤΑΛΜΑ ΠΛΗΡΩΜΗΣ ΑΠΟΖΗΜΙΩΣΗ ΓΙΑ ΝΥΧΤΕΡΙΝΑ-ΕΞΑΙΡΕΣΙΜΑ-ΥΠΕΡΩΡ.ΑΠΑΣΧΟΛΗΣΗ (001628),,,5710.28,anonymous sponsor (empty sponsorAFMName)
9ΙΒΠ4690Β3-ΚΩ0,2023-12-18,ΕΝΤΑΛΜΑ ΠΛΗΡΩΜΗΣ ΑΠΟΖΗΜΙΩΣΗ ΓΙΑ ΝΥΧΤΕΡΙΝΑ-ΕΞΑΙΡΕΣΙΜΑ-ΥΠΕΡΩΡ.ΑΠΑΣΧΟΛΗΣΗ (001628),,,1330.67,anonymous sponsor (empty sponsorAFMName)
ΡΚΔΩ4690Β3-Ζ2Θ,2023-12-18,ΕΝΤΑΛΜΑ ΠΛΗΡΩΜΗΣ ΑΠΟΖΗΜΙΩΣΗ ΓΙΑ ΝΥΧΤΕΡΙΝΑ-ΕΞΑΙΡΕΣΙΜΑ-ΥΠΕΡΩΡ.ΑΠΑΣΧΟΛΗΣΗ (001628),,,554.85,anonymous sponsor (empty sponsorAFMName)
ΡΩΚΙ4690Β3-ΝΤΔ,2023-12-18,ΕΝΤΑΛΜΑ ΠΛΗΡΩΜΗΣ ΑΠΟΖΗΜΙΩΣΗ ΓΙΑ ΝΥΧΤΕΡΙΝΑ-ΕΞΑΙΡΕΣΙΜΑ-ΥΠΕΡΩΡ.ΑΠΑΣΧΟΛΗΣΗ (001628),,,798.44,anonymous sponsor (empty sponsorAFMName)
66Α84690Β3-Τ6Κ,2023-12-18,ΕΝΤΑΛΜΑ ΠΛΗΡΩΜΗΣ ΑΠΟΖΗΜΙΩΣΗ ΓΙΑ ΝΥΧΤΕΡΙΝΑ-ΕΞΑΙΡΕΣΙΜΑ-ΥΠΕΡΩΡ.ΑΠΑΣΧΟΛΗΣΗ (001628),,,525.92,anonymous sponsor (empty sponsorAFMName)
Ρ71Η4690Β3-Β2Γ,2023-12-18,ΕΝΤΑΛΜΑ ΠΛΗΡΩΜΗΣ ΑΠΟΖΗΜΙΩΣΗ ΓΙΑ ΝΥΧΤΕΡΙΝΑ-ΕΞΑΙΡΕΣΙΜΑ-ΥΠΕΡΩΡ.ΑΠΑΣΧΟΛΗΣΗ (001628),,,2356.47,anonymous sponsor (empty sponsorAFMName)
92ΧΔ4690Β3-8ΒΔ,2023-12-18,ΕΝΤΑΛΜΑ ΠΛΗΡΩΜΗΣ ΑΠΟΖΗΜΙΩΣΗ ΓΙΑ ΝΥΧΤΕΡΙΝΑ-ΕΞΑΙΡΕΣΙΜΑ-ΥΠΕΡΩΡ.ΑΠΑΣΧΟΛΗΣΗ (001628),,,1157.51,anonymous sponsor (empty sponsorAFMName)
909Ρ4690Β3-ΘΕ2,2023-12-18,ΕΝΤΑΛΜΑ ΠΛΗΡΩΜΗΣ ΑΠΟΖΗΜΙΩΣΗ ΓΙΑ ΝΥΧΤΕΡΙΝΑ-ΕΞΑΙΡΕΣΙΜΑ-ΥΠΕΡΩΡ.ΑΠΑΣΧΟΛΗΣΗ (001628),,,5142.83,anonymous sponsor (empty sponsorAFMName)
97ΞΨ4690Β3-6ΙΛ,2023-12-18,ΕΝΤΑΛΜΑ ΠΛΗΡΩΜΗΣ ΑΠΟΖΗΜΙΩΣΗ ΓΙΑ ΝΥΧΤΕΡΙΝΑ-ΕΞΑΙΡΕΣΙΜΑ-ΥΠΕΡΩΡ.ΑΠΑΣΧΟΛΗΣΗ (001628),,,4507.10,anonymous sponsor (empty sponsorAFMName)
6ΣΦ44690Β3-ΠΞΧ,2023-12-18,ΕΝΤΑΛΜΑ ΠΛΗΡΩΜΗΣ ΑΠΟΖΗΜΙΩΣΗ ΓΙΑ ΝΥΧΤΕΡΙΝΑ-ΕΞΑΙΡΕΣΙΜΑ-ΥΠΕΡΩΡ.ΑΠΑΣΧΟΛΗΣΗ (001628),,,355.66,anonymous sponsor (empty sponsorAFMName)
6ΘΥΛ4690Β3-1ΓΣ,2023-12-18,ΕΝΤΑΛΜΑ ΠΛΗΡΩΜΗΣ ΑΠΟΖΗΜΙΩΣΗ ΓΙΑ ΝΥΧΤΕΡΙΝΑ-ΕΞΑΙΡΕΣΙΜΑ-ΥΠΕΡΩΡ.ΑΠΑΣΧΟΛΗΣΗ (001628),,,1642.16,anonymous sponsor (empty sponsorAFMName)
9ΟΤΞ4690Β3-ΥΓ1,2023-12-18,ΕΝΤΑΛΜΑ ΠΛΗΡΩΜΗΣ ΑΠΟΖΗΜΙΩΣΗ ΓΙΑ ΝΥΧΤΕΡΙΝΑ-ΕΞΑΙΡΕΣΙΜΑ-ΥΠΕΡΩΡ.ΑΠΑΣΧΟΛΗΣΗ (001628),,,6906.88,anonymous sponsor (empty sponsorAFMName)
ΨΤΞ44690Β3-ΜΘΤ,2023-12-18,ΕΝΤΑΛΜΑ ΠΛΗΡΩΜΗΣ ΑΠΟΖΗΜΙΩΣΗ ΓΙΑ ΝΥΧΤΕΡΙΝΑ-ΕΞΑΙΡΕΣΙΜΑ-ΥΠΕΡΩΡ.ΑΠΑΣΧΟΛΗΣΗ (001628),,,7554.13,anonymous sponsor (empty sponsorAFMName)
ΨΔ4Φ4690Β3-5Φ5,2023-12-18,ΕΝΤΑΛΜΑ ΠΛΗΡΩΜΗΣ ΑΠΟΖΗΜΙΩΣΗ ΓΙΑ ΝΥΧΤΕΡΙΝΑ-ΕΞΑΙΡΕΣΙΜΑ-ΥΠΕΡΩΡ.ΑΠΑΣΧΟΛΗΣΗ (001628),,,1218.65,anonymous sponsor (empty sponsorAFMName)
6ΝΝ64690Β3-530,2023-12-18,ΕΝΤΑΛΜΑ ΠΛΗΡΩΜΗΣ ΑΠΟΖΗΜΙΩΣΗ ΓΙΑ ΝΥΧΤΕΡΙΝΑ-ΕΞΑΙΡΕΣΙΜΑ-ΥΠΕΡΩΡ.ΑΠΑΣΧΟΛΗΣΗ (001628),,,80.96,anonymous sponsor (empty sponsorAFMName)
64ΨΑ4690Β3-Φ3Κ,2023-12-18,ΕΝΤΑΛΜΑ ΠΛΗΡΩΜΗΣ ΑΠΟΖΗΜΙΩΣΗ ΓΙΑ ΝΥΧΤΕΡΙΝΑ-ΕΞΑΙΡΕΣΙΜΑ-ΥΠΕΡΩΡ.ΑΠΑΣΧΟΛΗΣΗ (001628),,,505.57,anonymous sponsor (empty sponsorAFMName)
666Π4690Β3-ΓΧΙ,2023-12-18,ΕΝΤΑΛΜΑ ΠΛΗΡΩΜΗΣ ΑΠΟΖΗΜΙΩΣΗ ΓΙΑ ΝΥΧΤΕΡΙΝΑ-ΕΞΑΙΡΕΣΙΜΑ-ΥΠΕΡΩΡ.ΑΠΑΣΧΟΛΗΣΗ (001628),,,8511.95,anonymous sponsor (empty sponsorAFMName)
Ψ1ΖΠ4690Β3-ΜΓΖ,2023-12-18,ΕΝΤΑΛΜΑ ΠΛΗΡΩΜΗΣ ΕΠΟΧΙΚΟ ΠΡΟΣΩΠΙΚΟ ΚΑΘΑΡΙΟΤΗΤΑΣ (999111999),,,1949.28,anonymous sponsor (empty sponsorAFMName)
ΨΣΠΚ4690Β3-Σ7Λ,2023-12-18,ΕΝΤΑΛΜΑ ΠΛΗΡΩΜΗΣ ΑΠΟΖΗΜΙΩΣΗ ΓΙΑ ΝΥΧΤΕΡΙΝΑ-ΕΞΑΙΡΕΣΙΜΑ-ΥΠΕΡΩΡ.ΑΠΑΣΧΟΛΗΣΗ (001628),,,161.97,anonymous sponsor (empty sponsorAFMName)
Ω80Δ4690Β3-Ο01,2023-12-18,ΕΝΤΑΛΜΑ ΠΛΗΡΩΜΗΣ ΑΠΟΖΗΜΙΩΣΗ ΓΙΑ ΝΥΧΤΕΡΙΝΑ-ΕΞΑΙΡΕΣΙΜΑ-ΥΠΕΡΩΡ.ΑΠΑΣΧΟΛΗΣΗ (001628),,,3397.40,anonymous sponsor (empty sponsorAFMName)
ΨΝΔΨ4690Β3-6ΩΑ,2023-12-18,ΕΝΤΑΛΜΑ ΠΛΗΡΩΜΗΣ ΑΠΟΖΗΜΙΩΣΗ ΓΙΑ ΝΥΧΤΕΡΙΝΑ-ΕΞΑΙΡΕΣΙΜΑ-ΥΠΕΡΩΡ.ΑΠΑΣΧΟΛΗΣΗ (001628),,,845.20,anonymous sponsor (empty sponsorAFMName)
6Χ194690Β3-ΑΟΒ,2023-12-18,ΕΝΤΑΛΜΑ ΠΛΗΡΩΜΗΣ ΑΠΟΖΗΜΙΩΣΗ ΓΙΑ ΝΥΧΤΕΡΙΝΑ-ΕΞΑΙΡΕΣΙΜΑ-ΥΠΕΡΩΡ.ΑΠΑΣΧΟΛΗΣΗ (001628),,,7289.67,anonymous sponsor (empty sponsorAFMName)
ΨΣ2Θ4690Β3-Α6Ψ,2023-12-18,ΕΝΤΑΛΜΑ ΠΛΗΡΩΜΗΣ ΑΠΟΖΗΜΙΩΣΗ ΓΙΑ ΝΥΧΤΕΡΙΝΑ-ΕΞΑΙΡΕΣΙΜΑ-ΥΠΕΡΩΡ.ΑΠΑΣΧΟΛΗΣΗ (001628),,,426.42,anonymous sponsor (empty sponsorAFMName)
6ΤΠΤ4690Β3-ΒΜΔ,2023-12-18,ΕΝΤΑΛΜΑ ΠΛΗΡΩΜΗΣ ΑΠΟΖΗΜΙΩΣΗ ΓΙΑ ΝΥΧΤΕΡΙΝΑ-ΕΞΑΙΡΕΣΙΜΑ-ΥΠΕΡΩΡ.ΑΠΑΣΧΟΛΗΣΗ (001628),,,150.29,anonymous sponsor (empty sponsorAFMName)
67ΟΨ4690Β3-22Π,2023-12-18,ΕΝΤΑΛΜΑ ΠΛΗΡΩΜΗΣ ΑΠΟΖΗΜΙΩΣΗ ΓΙΑ ΝΥΧΤΕΡΙΝΑ-ΕΞΑΙΡΕΣΙΜΑ-ΥΠΕΡΩΡ.ΑΠΑΣΧΟΛΗΣΗ (001628),,,1924.52,anonymous sponsor (empty sponsorAFMName)
Ψ8ΧΛ4690Β3-Ρ2Ψ,2023-12-18,ΕΝΤΑΛΜΑ ΠΛΗΡΩΜΗΣ ΑΠΟΖΗΜΙΩΣΗ ΓΙΑ ΝΥΧΤΕΡΙΝΑ-ΕΞΑΙΡΕΣΙΜΑ-ΥΠΕΡΩΡ.ΑΠΑΣΧΟΛΗΣΗ (001628),,,360.90,anonymous sponsor (empty sponsorAFMName)
ΨΨΗΩ4690Β3-7ΙΥ,2023-12-18,ΕΝΤΑΛΜΑ ΠΛΗΡΩΜΗΣ ΑΠΟΖΗΜΙΩΣΗ ΓΙΑ ΝΥΧΤΕΡΙΝΑ-ΕΞΑΙΡΕΣΙΜΑ-ΥΠΕΡΩΡ.ΑΠΑΣΧΟΛΗΣΗ (001628),,,5996.06,anonymous sponsor (empty sponsorAFMName)
63Α04690Β3-4ΧΚ,2023-12-18,ΕΝΤΑΛΜΑ ΠΛΗΡΩΜΗΣ ΑΠΟΖΗΜΙΩΣΗ ΓΙΑ ΝΥΧΤΕΡΙΝΑ-ΕΞΑΙΡΕΣΙΜΑ-ΥΠΕΡΩΡ.ΑΠΑΣΧΟΛΗΣΗ (001628),,,1880.24,anonymous sponsor (empty sponsorAFMName)
6ΚΘΨ4690Β3-ΔΑ9,2023-12-18,ΕΝΤΑΛΜΑ ΠΛΗΡΩΜΗΣ ΑΠΟΖΗΜΙΩΣΗ ΓΙΑ ΝΥΧΤΕΡΙΝΑ-ΕΞΑΙΡΕΣΙΜΑ-ΥΠΕΡΩΡ.ΑΠΑΣΧΟΛΗΣΗ (001628),,,445.19,anonymous sponsor (empty sponsorAFMName)
9ΠΡΦ4690Β3-ΖΦΕ,2023-12-18,ΕΝΤΑΛΜΑ ΠΛΗΡΩΜΗΣ ΑΠΟΖΗΜΙΩΣΗ ΓΙΑ ΝΥΧΤΕΡΙΝΑ-ΕΞΑΙΡΕΣΙΜΑ-ΥΠΕΡΩΡ.ΑΠΑΣΧΟΛΗΣΗ (001628),,,1364.36,anonymous sponsor (empty sponsorAFMName)
ΨΧΝ14690Β3-ΔΣΕ,2023-12-18,ΕΝΤΑΛΜΑ ΠΛΗΡΩΜΗΣ ΑΠΟΖΗΜΙΩΣΗ ΓΙΑ ΝΥΧΤΕΡΙΝΑ-ΕΞΑΙΡΕΣΙΜΑ-ΥΠΕΡΩΡ.ΑΠΑΣΧΟΛΗΣΗ (001628),,,1067.02,anonymous sponsor (empty sponsorAFMName)
6Τ0Α4690Β3-Ο6Χ,2023-12-18,ΕΝΤΑΛΜΑ ΠΛΗΡΩΜΗΣ ΑΠΟΖΗΜΙΩΣΗ ΓΙΑ ΝΥΧΤΕΡΙΝΑ-ΕΞΑΙΡΕΣΙΜΑ-ΥΠΕΡΩΡ.ΑΠΑΣΧΟΛΗΣΗ (001628),,,575.15,anonymous sponsor (empty sponsorAFMName)
67Δ24690Β3-ΡΧ3,2023-12-18,ΕΝΤΑΛΜΑ ΠΛΗΡΩΜΗΣ ΑΠΟΖΗΜΙΩΣΗ ΓΙΑ ΝΥΧΤΕΡΙΝΑ-ΕΞΑΙΡΕΣΙΜΑ-ΥΠΕΡΩΡ.ΑΠΑΣΧΟΛΗΣΗ (001628),,,99.80,anonymous sponsor (empty sponsorAFMName)
ΩΧΞ24690Β3-85Α,2023-12-18,ΕΝΤΑΛΜΑ ΠΛΗΡΩΜΗΣ ΑΠΟΖΗΜΙΩΣΗ ΓΙΑ ΝΥΧΤΕΡΙΝΑ-ΕΞΑΙΡΕΣΙΜΑ-ΥΠΕΡΩΡ.ΑΠΑΣΧΟΛΗΣΗ (001628),,,2481.34,anonymous sponsor (empty sponsorAFMName)
ΨΖ8Τ4690Β3-ΧΛΧ,2023-12-18,ΕΝΤΑΛΜΑ ΠΛΗΡΩΜΗΣ ΑΠΟΖΗΜΙΩΣΗ ΓΙΑ ΝΥΧΤΕΡΙΝΑ-ΕΞΑΙΡΕΣΙΜΑ-ΥΠΕΡΩΡ.ΑΠΑΣΧΟΛΗΣΗ (001628),,,4599.21,anonymous sponsor (empty sponsorAFMName)
9Ρ8Ω4690Β3-4ΨΜ,2023-12-18,ΕΝΤΑΛΜΑ ΠΛΗΡΩΜΗΣ ΑΠΟΖΗΜΙΩΣΗ ΓΙΑ ΝΥΧΤΕΡΙΝΑ-ΕΞΑΙΡΕΣΙΜΑ-ΥΠΕΡΩΡ.ΑΠΑΣΧΟΛΗΣΗ (001628),,,1524.52,anonymous sponsor (empty sponsorAFMName)
ΨΒΦΧ4690Β3-ΙΙ7,2023-12-18,ΕΝΤΑΛΜΑ ΠΛΗΡΩΜΗΣ ΑΠΟΖΗΜΙΩΣΗ ΓΙΑ ΝΥΧΤΕΡΙΝΑ-ΕΞΑΙΡΕΣΙΜΑ-ΥΠΕΡΩΡ.ΑΠΑΣΧΟΛΗΣΗ (001628),,,7422.40,anonymous sponsor (empty sponsorAFMName)
616Α4690Β3-Ζ2Γ,2023-12-18,ΕΝΤΑΛΜΑ ΠΛΗΡΩΜΗΣ ΑΠΟΖΗΜΙΩΣΗ ΓΙΑ ΝΥΧΤΕΡΙΝΑ-ΕΞΑΙΡΕΣΙΜΑ-ΥΠΕΡΩΡ.ΑΠΑΣΧΟΛΗΣΗ (001628),,,5446.78,anonymous sponsor (empty sponsorAFMName)
ΨΧ0Ε4690Β3-ΔΕΓ,2023-12-18,ΕΝΤΑΛΜΑ ΠΛΗΡΩΜΗΣ ΑΠΟΖΗΜΙΩΣΗ ΓΙΑ ΝΥΧΤΕΡΙΝΑ-ΕΞΑΙΡΕΣΙΜΑ-ΥΠΕΡΩΡ.ΑΠΑΣΧΟΛΗΣΗ (001628),,,350.59,anonymous sponsor (empty sponsorAFMName)
9Σ074690Β3-ΨΑ6,2023-12-18,ΕΝΤΑΛΜΑ ΠΛΗΡΩΜΗΣ ΑΠΟΖΗΜΙΩΣΗ ΓΙΑ ΝΥΧΤΕΡΙΝΑ-ΕΞΑΙΡΕΣΙΜΑ-ΥΠΕΡΩΡ.ΑΠΑΣΧΟΛΗΣΗ (001628),,,8863.34,anonymous sponsor (empty sponsorAFMName)
ΨΑΑΡ4690Β3-Θ8Ψ,2023-12-18,ΕΝΤΑΛΜΑ ΠΛΗΡΩΜΗΣ ΑΠΟΖΗΜΙΩΣΗ ΓΙΑ ΝΥΧΤΕΡΙΝΑ-ΕΞΑΙΡΕΣΙΜΑ-ΥΠΕΡΩΡ.ΑΠΑΣΧΟΛΗΣΗ (001628),,,1408.79,anonymous sponsor (empty sponsorAFMName)
ΨΘ9Ξ4690Β3-ΔΨ0,2023-12-15,ΕΝΤΑΛΜΑ ΠΛΗΡΩΜΗΣ ΑΠΟΖΗΜΙΩΣΗ ΕΦΗΜΕΡΙΩΝ (002535),,,2633.80,anonymous sponsor (empty sponsorAFMName)
6ΓΨ34690Β3-ΨΙ8,2023-12-15,ΕΝΤΑΛΜΑ ΠΛΗΡΩΜΗΣ ΑΠΟΖΗΜΙΩΣΗ ΕΦΗΜΕΡΙΩΝ (002535),,,501.66,anonymous sponsor (empty sponsorAFMName)
6Ε7Χ4690Β3-ΕΓΥ,2023-12-15,ΕΝΤΑΛΜΑ ΠΛΗΡΩΜΗΣ ΑΠΟΖΗΜΙΩΣΗ ΕΦΗΜΕΡΙΩΝ (002535),,,18867.43,anonymous sponsor (empty sponsorAFMName)
ΩΝΤ84690Β3-Ω0Α,2023-12-15,ΕΝΤΑΛΜΑ ΠΛΗΡΩΜΗΣ ΑΠΟΖΗΜΙΩΣΗ ΕΦΗΜΕΡΙΩΝ (002535),,,1435.08,anonymous sponsor (empty sponsorAFMName)
ΨΞΣΦ4690Β3-38Π,2023-12-15,ΕΝΤΑΛΜΑ ΠΛΗΡΩΜΗΣ ΑΠΟΖΗΜΙΩΣΗ ΕΦΗΜΕΡΙΩΝ (002535),,,2434.54,anonymous sponsor (empty sponsorAFMName)
641Μ4690Β3-ΙΧΧ,2023-12-15,ΕΝΤΑΛΜΑ ΠΛΗΡΩΜΗΣ ΑΠΟΖΗΜΙΩΣΗ ΕΦΗΜΕΡΙΩΝ (002535),,,19501.84,anonymous sponsor (empty sponsorAFMName)
ΨΘΩΕ4690Β3-ΘΨΣ,2023-12-15,ΕΝΤΑΛΜΑ ΠΛΗΡΩΜΗΣ ΑΠΟΖΗΜΙΩΣΗ ΕΦΗΜΕΡΙΩΝ (002535),,,72516.89,anonymous sponsor (empty sponsorAFMName)
Ρ7ΛΗ4690Β3-ΕΦΓ,2023-12-15,ΕΝΤΑΛΜΑ ΠΛΗΡΩΜΗΣ ΑΠΟΖΗΜΙΩΣΗ ΔΙΚΑΣΤΙΚΗΣ ΑΠΟΦΑΣΗΣ (001613),,,23317.77,anonymous sponsor (empty sponsorAFMName)
66ΠΥ4690Β3-ΒΡΡ,2023-12-15,ΕΝΤΑΛΜΑ ΠΛΗΡΩΜΗΣ ΑΠΟΖΗΜΙΩΣΗ ΕΦΗΜΕΡΙΩΝ (002535),,,2344.71,anonymous sponsor (empty sponsorAFMName)
9ΚΠΒ4690Β3-Μ9Τ,2023-12-15,ΕΝΤΑΛΜΑ ΠΛΗΡΩΜΗΣ ΑΠΟΖΗΜΙΩΣΗ ΕΦΗΜΕΡΙΩΝ (002535),,,394.60,anonymous sponsor (empty sponsorAFMName)
6ΡΒΜ4690Β3-ΨΡΞ,2023-12-15,ΕΝΤΑΛΜΑ ΠΛΗΡΩΜΗΣ ΑΠΟΖΗΜΙΩΣΗ ΕΦΗΜΕΡΙΩΝ (002535),,,1267.58,anonymous sponsor (empty sponsorAFMName)
6ΥΒΣ4690Β3-ΟΟΔ,2023-12-15,ΕΝΤΑΛΜΑ ΠΛΗΡΩΜΗΣ ΑΠΟΖΗΜΙΩΣΗ ΕΦΗΜΕΡΙΩΝ (002535),,,19361.52,anonymous sponsor (empty sponsorAFMName)
ΨΘΕΖ4690Β3-ΦΙΥ,2023-12-15,ΕΝΤΑΛΜΑ ΠΛΗΡΩΜΗΣ ΑΠΟΖΗΜΙΩΣΗ ΕΦΗΜΕΡΙΩΝ (002535),,,20132.94,anonymous sponsor (empty sponsorAFMName)
ΨΥ1Σ4690Β3-2ΡΨ,2023-12-15,ΕΝΤΑΛΜΑ ΠΛΗΡΩΜΗΣ ΑΠΟΖΗΜΙΩΣΗ ΕΦΗΜΕΡΙΩΝ (002535),,,1603.80,anonymous sponsor (empty sponsorAFMName)
61ΚΔ4690Β3-ΥΔΛ,2023-12-15,ΕΝΤΑΛΜΑ ΠΛΗΡΩΜΗΣ ΑΠΟΖΗΜΙΩΣΗ ΕΦΗΜΕΡΙΩΝ (002535),,,74746.20,anonymous sponsor (empty sponsorAFMName)
9ΘΙΚ4690Β3-01Δ,2023-12-15,ΕΝΤΑΛΜΑ ΠΛΗΡΩΜΗΣ ΚΡΑΤ.3391-54.04.02.0001 Χ/ΜΑ και ΟΓΑ Χ/ΜΩΝ (001514),,,5.61,anonymous sponsor (empty sponsorAFMName)
93ΚΒ4690Β3-ΒΘΤ,2023-12-15,ΕΝΤΑΛΜΑ ΠΛΗΡΩΜΗΣ ΚΡΑΤ.3391-54.09.14.0001 ΦΟΡΟΣ ΠΡΟΜΗΘΕΥΤΩΝ (001510),,,6223.90,anonymous sponsor (empty sponsorAFMName)
ΨΨΨΙ4690Β3-Λ92,2023-12-15,ΕΝΤΑΛΜΑ ΠΛΗΡΩΜΗΣ ΚΡΑΤ.3391-53.20.00.0001 ΕΛΛΗΝΙΚΟ ΔΗΜΟΣΙΟ (001506),,,155.79,anonymous sponsor (empty sponsorAFMName)
Ω8ΧΨ4690Β3-ΒΨΙ,2023-12-15,ΕΝΤΑΛΜΑ ΠΛΗΡΩΜΗΣ ΑΠΟΖΗΜΙΩΣΗ ΕΦΗΜΕΡΙΩΝ (002535),,,45.16,anonymous sponsor (empty sponsorAFMName)
6ΚΙ84690Β3-ΨΔ8,2023-12-15,ΕΝΤΑΛΜΑ ΠΛΗΡΩΜΗΣ ΑΠΟΖΗΜΙΩΣΗ ΕΦΗΜΕΡΙΩΝ (002535),,,130.34,anonymous sponsor (empty sponsorAFMName)
61ΘΝ4690Β3-4ΑΜ,2023-12-15,ΕΝΤΑΛΜΑ ΠΛΗΡΩΜΗΣ ΑΠΟΖΗΜΙΩΣΗ ΕΦΗΜΕΡΙΩΝ (002535),,,1447.63,anonymous sponsor (empty sponsorAFMName)
ΨΥΖΓ4690Β3-ΑΧ6,2023-12-15,ΕΝΤΑΛΜΑ ΠΛΗΡΩΜΗΣ ΑΠΟΖΗΜΙΩΣΗ ΕΦΗΜΕΡΙΩΝ (002535),,,1261.32,anonymous sponsor (empty sponsorAFMName)
6ΥΦΙ4690Β3-9ΥΔ,2023-12-15,ΕΝΤΑΛΜΑ ΠΛΗΡΩΜΗΣ ΑΠΟΖΗΜΙΩΣΗ ΕΦΗΜΕΡΙΩΝ (002535),,,8373.45,anonymous sponsor (empty sponsorAFMName)
ΨΖΔΠ4690Β3-ΠΦΞ,2023-12-04,ΕΝΤΑΛΜΑ ΠΛΗΡΩΜΗΣ ΚΩΝΣΤΑΝΤΙΝΟΣ ΑΝΑΣΤΟΠΟΥΛΟΣ-ΑΙΚΑΤΕΡΙΝΗ ΝΑΤΣΗ Ο.Ε. (800544921),,,1612.00,anonymous sponsor (empty sponsorAFMName)
9ΓΞΠ4690Β3-ΚΔ0,2023-12-01,ΕΝΤΑΛΜΑ ΠΛΗΡΩΜΗΣ ΑΠΟΖΗΜΙΩΣΗ ΕΦΗΜΕΡΙΩΝ (002535),,,1204.59,anonymous sponsor (empty sponsorAFMName)
62Μ34690Β3-8ΟΦ,2023-12-01,ΕΝΤΑΛΜΑ ΠΛΗΡΩΜΗΣ ΑΠΟΖΗΜΙΩΣΗ ΕΦΗΜΕΡΙΩΝ (002535),,,54.64,anonymous sponsor (empty sponsorAFMName)
6ΞΓ24690Β3-7Τ7,2023-12-01,ΕΝΤΑΛΜΑ ΠΛΗΡΩΜΗΣ ΑΠΟΖΗΜΙΩΣΗ ΕΦΗΜΕΡΙΩΝ (002535),,,30.57,anonymous sponsor (empty sponsorAFMName)
ΨΝΕΘ4690Β3-47Π,2023-12-01,ΕΝΤΑΛΜΑ ΠΛΗΡΩΜΗΣ ΑΠΟΖΗΜΙΩΣΗ ΕΦΗΜΕΡΙΩΝ (002535),,,2592.02,anonymous sponsor (empty sponsorAFMName)
9ΛΩΦ4690Β3-452,2023-12-01,ΕΝΤΑΛΜΑ ΠΛΗΡΩΜΗΣ ΑΠΟΖΗΜΙΩΣΗ ΕΦΗΜΕΡΙΩΝ (002535),,,9935.33,anonymous sponsor (empty sponsorAFMName)
6ΝΛ64690Β3-ΞΑΨ,2023-12-01,ΕΝΤΑΛΜΑ ΠΛΗΡΩΜΗΣ ΑΠΟΖΗΜΙΩΣΗ ΕΦΗΜΕΡΙΩΝ (002535),,,213.57,anonymous sponsor (empty sponsorAFMName)
Ψ5Ο14690Β3-ΤΨ6,2023-12-01,ΕΝΤΑΛΜΑ ΠΛΗΡΩΜΗΣ ΑΠΟΖΗΜΙΩΣΗ ΕΦΗΜΕΡΙΩΝ (002535),,,1232.22,anonymous sponsor (empty sponsorAFMName)
9ΓΞ94690Β3-ΨΧΠ,2023-12-01,ΕΝΤΑΛΜΑ ΠΛΗΡΩΜΗΣ ΑΠΟΖΗΜΙΩΣΗ ΕΦΗΜΕΡΙΩΝ (002535),,,3640.78,anonymous sponsor (empty sponsorAFMName)
9ΤΙΔ4690Β3-ΣΦ6,2023-12-01,ΕΝΤΑΛΜΑ ΠΛΗΡΩΜΗΣ ΑΠΟΖΗΜΙΩΣΗ ΕΦΗΜΕΡΙΩΝ (002535),,,11150.64,anonymous sponsor (empty sponsorAFMName)
6Ρ5Ρ4690Β3-56Δ,2023-12-01,ΕΝΤΑΛΜΑ ΠΛΗΡΩΜΗΣ ΕΠΟΧΙΚΟ ΠΡΟΣΩΠΙΚΟ ΚΑΘΑΡΙΟΤΗΤΑΣ (999111999),,,3294.25,anonymous sponsor (empty sponsorAFMName)
ΨΦΣΕ4690Β3-ΘΥ7,2023-12-01,ΕΝΤΑΛΜΑ ΠΛΗΡΩΜΗΣ ΕΠΟΧΙΚΟ ΠΡΟΣΩΠΙΚΟ ΚΑΘΑΡΙΟΤΗΤΑΣ (999111999),,,38542.78,anonymous sponsor (empty sponsorAFMName)
ΨΗΠΕ4690Β3-6ΑΣ,2023-12-01,ΕΝΤΑΛΜΑ ΠΛΗΡΩΜΗΣ ΕΡΓΟΔ.ΕΙΣΦ.ΙΚΑ ΑΣΚΟΥΜ.ΤΕΕ-ΙΕΚ.ΧΩΡ.ΑΜΟΙΒ.ΓΙΑ ΑΤΥΧΗΜ (001690),,,48.93,anonymous sponsor (empty sponsorAFMName)
ΩΝΨ04690Β3-06Φ,2023-12-01,ΕΝΤΑΛΜΑ ΠΛΗΡΩΜΗΣ EΠΙΚΟΥΡΙΚΟΙ ΙΑΤΡΟΙ Ε.Σ.Υ. (000001629),,,304.91,anonymous sponsor (empty sponsorAFMName)
ΨΡΚ24690Β3-ΠΕ3,2023-12-01,ΕΝΤΑΛΜΑ ΠΛΗΡΩΜΗΣ ΕΠΙΚΟΥΡΙΚΟ ΝΟΣΗΛΕΥΤΙΚΟ-ΠΑΡΑΪΑΤΡΙΚΟ ΠΡΟΣΩΠΙΚΟ (000001634),,,136.87,anonymous sponsor (empty sponsorAFMName)
63ΞΧ4690Β3-ΓΧΚ,2023-12-01,ΕΝΤΑΛΜΑ ΠΛΗΡΩΜΗΣ ΕΠΙΚΟΥΡΙΚΟ ΝΟΣΗΛΕΥΤΙΚΟ-ΠΑΡΑΪΑΤΡΙΚΟ ΠΡΟΣΩΠΙΚΟ (000001634),,,1518.84,anonymous sponsor (empty sponsorAFMName)
6ΟΥΖ4690Β3-09Φ,2023-12-01,ΕΝΤΑΛΜΑ ΠΛΗΡΩΜΗΣ ΕΠΙΚΟΥΡΙΚΟ ΝΟΣΗΛΕΥΤΙΚΟ-ΠΑΡΑΪΑΤΡΙΚΟ ΠΡΟΣΩΠΙΚΟ (000001634),,,1135.17,anonymous sponsor (empty sponsorAFMName)
61ΔΓ4690Β3-ΑΧ8,2023-12-01,ΕΝΤΑΛΜΑ ΠΛΗΡΩΜΗΣ EΠΙΚΟΥΡΙΚΟΙ ΙΑΤΡΟΙ Ε.Σ.Υ. (000001629),,,57617.53,anonymous sponsor (empty sponsorAFMName)
ΨΠ4Λ4690Β3-562,2023-12-01,ΕΝΤΑΛΜΑ ΠΛΗΡΩΜΗΣ ΕΠΙΚΟΥΡΙΚΟ ΝΟΣΗΛΕΥΤΙΚΟ-ΠΑΡΑΪΑΤΡΙΚΟ ΠΡΟΣΩΠΙΚΟ (000001634),,,36553.38,anonymous sponsor (empty sponsorAFMName)
9ΡΞ64690Β3-ΒΗ2,2023-12-01,ΕΝΤΑΛΜΑ ΠΛΗΡΩΜΗΣ ΕΠΙΚΟΥΡΙΚΟ ΝΟΣΗΛΕΥΤΙΚΟ-ΠΑΡΑΪΑΤΡΙΚΟ ΠΡΟΣΩΠΙΚΟ (000001634),,,1528.12,anonymous sponsor (empty sponsorAFMName)
694Δ4690Β3-5ΣΚ,2023-12-01,ΕΝΤΑΛΜΑ ΠΛΗΡΩΜΗΣ ΕΠΙΚΟΥΡΙΚΟ ΝΟΣΗΛΕΥΤΙΚΟ-ΠΑΡΑΪΑΤΡΙΚΟ ΠΡΟΣΩΠΙΚΟ (000001634),,,130.04,anonymous sponsor (empty sponsorAFMName)
65ΖΙ4690Β3-ΠΥΥ,2023-12-01,ΕΝΤΑΛΜΑ ΠΛΗΡΩΜΗΣ ΕΠΙΚΟΥΡΙΚΟ ΝΟΣΗΛΕΥΤΙΚΟ-ΠΑΡΑΪΑΤΡΙΚΟ ΠΡΟΣΩΠΙΚΟ (000001634),,,1590.99,anonymous sponsor (empty sponsorAFMName)
9Β0Β4690Β3-46Φ,2023-12-01,ΕΝΤΑΛΜΑ ΠΛΗΡΩΜΗΣ ΕΠΙΚΟΥΡΙΚΟ ΝΟΣΗΛΕΥΤΙΚΟ-ΠΑΡΑΪΑΤΡΙΚΟ ΠΡΟΣΩΠΙΚΟ (000001634),,,105334.39,anonymous sponsor (empty sponsorAFMName)
ΨΩΤΔ4690Β3-ΜΙΟ,2023-12-01,ΕΝΤΑΛΜΑ ΠΛΗΡΩΜΗΣ EΠΙΚΟΥΡΙΚΟΙ ΙΑΤΡΟΙ Ε.Σ.Υ. (000001629),,,8338.95,anonymous sponsor (empty sponsorAFMName)
65024690Β3-ΦΙ6,2023-11-28,ΕΝΤΑΛΜΑ ΠΛΗΡΩΜΗΣ ΚΕΡΚΥΡΑΪΚΗ ΕΤΑΙΡΕΙΑ ΚΡΕΑΤΩΝ ΑΕ (099346780),,,5349.21,anonymous sponsor (empty sponsorAFMName)
6ΩΦΕ4690Β3-ΞΣ6,2023-11-28,ΕΝΤΑΛΜΑ ΠΛΗΡΩΜΗΣ ΚΕΡΚΥΡΑΪΚΗ ΕΤΑΙΡΕΙΑ ΚΡΕΑΤΩΝ ΑΕ (099346780),,,6316.14,anonymous sponsor (empty sponsorAFMName)
ΨΩΣΞ4690Β3-Ρ4Α,2023-11-27,ΕΝΤΑΛΜΑ ΠΛΗΡΩΜΗΣ ΕΙΣΦΟΡΕΣ ΑΠΑΣΧ/ΝΩΝ ΟΑΕΔ ΜΕΣΩ ΠΡΟΓ. ΚΟΙΝΩΦ. ΧΑΡΑΚΤΗΡΑ (),,,1996.54,anonymous sponsor (empty sponsorAFMName)
Ψ8ΤΝ4690Β3-Λ0Β,2023-11-27,ΕΝΤΑΛΜΑ ΠΛΗΡΩΜΗΣ ΕΙΣΦΟΡΕΣ ΑΠΑΣΧ/ΝΩΝ ΟΑΕΔ ΜΕΣΩ ΠΡΟΓ. ΚΟΙΝΩΦ. ΧΑΡΑΚΤΗΡΑ (),,,4852.30,anonymous sponsor (empty sponsorAFMName)
ΩΧ2Ρ4690Β3-ΕΤΤ,2023-11-27,ΕΝΤΑΛΜΑ ΠΛΗΡΩΜΗΣ ΚΡΑΤ.3391-54.03.00.0001 Φ.Μ.Υ. (001512),,,75.87,anonymous sponsor (empty sponsorAFMName)
ΨΩΦΥ4690Β3-ΑΝΔ,2023-11-27,ΕΝΤΑΛΜΑ ΠΛΗΡΩΜΗΣ ΚΡΑΤ.3391-54.03.00.0001 Φ.Μ.Υ. (001512),,,227.86,anonymous sponsor (empty sponsorAFMName)
ΨΠ5Ε4690Β3-ΕΙΣ,2023-11-27,ΕΝΤΑΛΜΑ ΠΛΗΡΩΜΗΣ ΚΡΑΤ.3391-54.04.02.0001 Χ/ΜΑ και ΟΓΑ Χ/ΜΩΝ (001514),,,0.79,anonymous sponsor (empty sponsorAFMName)
Ψ6424690Β3-59Ε,2023-11-27,ΕΝΤΑΛΜΑ ΠΛΗΡΩΜΗΣ ΚΡΑΤ.3391-53.20.00.0001 ΕΛΛΗΝΙΚΟ ΔΗΜΟΣΙΟ (001506),,,22.72,anonymous sponsor (empty sponsorAFMName)
6ΓΔΧ4690Β3-ΚΜ1,2023-11-27,ΕΝΤΑΛΜΑ ΠΛΗΡΩΜΗΣ ΚΡΑΤ.3391-53.20.00.0001 ΕΛΛΗΝΙΚΟ ΔΗΜΟΣΙΟ (001506),,,454.04,anonymous sponsor (empty sponsorAFMName)
ΨΗΣΔ4690Β3-Ι84,2023-11-24,ΕΝΤΑΛΜΑ ΠΛΗΡΩΜΗΣ ΚΡΑΤ.3391-54.04.02.0001 Χ/ΜΑ και ΟΓΑ Χ/ΜΩΝ (001514),,,12.21,anonymous sponsor (empty sponsorAFMName)
68ΤΥ4690Β3-Ο66,2023-11-24,ΕΝΤΑΛΜΑ ΠΛΗΡΩΜΗΣ ΚΡΑΤ.3391-54.09.14.0001 ΦΟΡΟΣ ΠΡΟΜΗΘΕΥΤΩΝ (001510),,,13575.55,anonymous sponsor (empty sponsorAFMName)
6ΛΩΕ4690Β3-Ι0Τ,2023-11-24,ΕΝΤΑΛΜΑ ΠΛΗΡΩΜΗΣ ΚΡΑΤ.3391-53.20.00.0001 ΕΛΛΗΝΙΚΟ ΔΗΜΟΣΙΟ (001506),,,5075.69,anonymous sponsor (empty sponsorAFMName)
6ΩΡΝ4690Β3-Ε21,2023-11-24,ΕΝΤΑΛΜΑ ΠΛΗΡΩΜΗΣ ΚΡΑΤ.3391-53.20.00.0001 ΕΛΛΗΝΙΚΟ ΔΗΜΟΣΙΟ (001506),,,209.82,anonymous sponsor (empty sponsorAFMName)
ΨΒΒ94690Β3-Ε1Ι,2023-11-24,ΕΝΤΑΛΜΑ ΠΛΗΡΩΜΗΣ ΚΡΑΤ.3391-53.20.00.0001 ΕΛΛΗΝΙΚΟ ΔΗΜΟΣΙΟ (001506),,,7.23,anonymous sponsor (empty sponsorAFMName)
ΨΩΗ44690Β3-ΒΝΔ,2023-11-24,ΕΝΤΑΛΜΑ ΠΛΗΡΩΜΗΣ ΚΡΑΤ.3391-53.20.00.0001 ΕΛΛΗΝΙΚΟ ΔΗΜΟΣΙΟ (001506),,,149.97,anonymous sponsor (empty sponsorAFMName)
97ΥΕ4690Β3-ΖΙ4,2023-11-23,ΕΝΤΑΛΜΑ ΠΛΗΡΩΜΗΣ ΚΟΙΝΟΧΡΗΣΤΑ (001648),,,151.08,anonymous sponsor (empty sponsorAFMName)
61ΤΓ4690Β3-ΙΧ4,2023-11-22,ΕΝΤΑΛΜΑ ΠΛΗΡΩΜΗΣ INNOVIS PHARMA Α.Ε.Β.Ε. (ΠΡΩΗΝ ΦΑΡΜΑΤΕΝ ΕΛΛΑΣ ΑΕΒΕ) (998381010),,,131.86,anonymous sponsor (empty sponsorAFMName)
ΨΑ914690Β3-1ΚΓ,2023-11-21,ΕΝΤΑΛΜΑ ΠΛΗΡΩΜΗΣ LUNDBECK HELLAS S.A (094434000),,,550.68,anonymous sponsor (empty sponsorAFMName)
ΨΩΙΤ4690Β3-1ΓΑ,2023-11-17,ΕΝΤΑΛΜΑ ΠΛΗΡΩΜΗΣ ΚΕΡΚΥΡΑΪΚΗ ΕΤΑΙΡΕΙΑ ΚΡΕΑΤΩΝ ΑΕ (099346780),,,11435.13,anonymous sponsor (empty sponsorAFMName)
ΨΚΘΥ4690Β3-ΩΚ6,2023-11-07,ΕΝΤΑΛΜΑ ΠΛΗΡΩΜΗΣ ΕΠΙΣΤΡΟΦΗ ΕΞΕΤ/ΤΡΩΝ ΛΟΓΩ ΝΟΣΗΛΕΙΑΣ (001633),,,3328.00,anonymous sponsor (empty sponsorAFMName)
ΨΑΛΚ4690Β3-ΚΨ8,2023-11-03,ΕΝΤΑΛΜΑ ΠΛΗΡΩΜΗΣ ΚΕΡΚΥΡΑΪΚΗ ΕΤΑΙΡΕΙΑ ΚΡΕΑΤΩΝ ΑΕ (099346780),,,24674.23,anonymous sponsor (empty sponsorAFMName)
6Ρ914690Β3-Δ7Ω,2023-11-03,ΕΝΤΑΛΜΑ ΠΛΗΡΩΜΗΣ ΕΠΙΚΟΥΡΙΚΟ ΝΟΣΗΛΕΥΤΙΚΟ-ΠΑΡΑΪΑΤΡΙΚΟ ΠΡΟΣΩΠΙΚΟ (000001634),,,1528.12,anonymous sponsor (empty sponsorAFMName)
6ΛΒΘ4690Β3-ΕΑΗ,2023-11-03,ΕΝΤΑΛΜΑ ΠΛΗΡΩΜΗΣ ΕΠΙΚΟΥΡΙΚΟ ΝΟΣΗΛΕΥΤΙΚΟ-ΠΑΡΑΪΑΤΡΙΚΟ ΠΡΟΣΩΠΙΚΟ (000001634),,,1590.99,anonymous sponsor (empty sponsorAFMName)
6ΦΘ14690Β3-ΣΞ3,2023-11-03,ΕΝΤΑΛΜΑ ΠΛΗΡΩΜΗΣ ΕΠΙΚΟΥΡΙΚΟ ΝΟΣΗΛΕΥΤΙΚΟ-ΠΑΡΑΪΑΤΡΙΚΟ ΠΡΟΣΩΠΙΚΟ (000001634),,,850.17,anonymous sponsor (empty sponsorAFMName)
ΨΙ9Ι4690Β3-2Κ4,2023-11-03,ΕΝΤΑΛΜΑ ΠΛΗΡΩΜΗΣ EΠΙΚΟΥΡΙΚΟΙ ΙΑΤΡΟΙ Ε.Σ.Υ. (000001629),,,6568.19,anonymous sponsor (empty sponsorAFMName)
6ΣΑ04690Β3-ΧΣ4,2023-11-03,ΕΝΤΑΛΜΑ ΠΛΗΡΩΜΗΣ ΕΠΙΚΟΥΡΙΚΟ ΝΟΣΗΛΕΥΤΙΚΟ-ΠΑΡΑΪΑΤΡΙΚΟ ΠΡΟΣΩΠΙΚΟ (000001634),,,105159.71,anonymous sponsor (empty sponsorAFMName)
9Τ064690Β3-Δ40,2023-11-01,ΕΝΤΑΛΜΑ ΠΛΗΡΩΜΗΣ DRAEGER HELLAS A.E (997799268),,,36952.00,anonymous sponsor (empty sponsorAFMName)
Ψ5ΙΤ4690Β3-ΙΗΟ,2023-11-01,ΕΝΤΑΛΜΑ ΠΛΗΡΩΜΗΣ ΑΠΟΖΗΜΙΩΣΗ ΕΦΗΜΕΡΙΩΝ (002535),,,4750.00,anonymous sponsor (empty sponsorAFMName)
6ΛΞΗ4690Β3-ΕΞΖ,2023-11-01,ΕΝΤΑΛΜΑ ΠΛΗΡΩΜΗΣ ΑΠΟΖΗΜΙΩΣΗ ΕΦΗΜΕΡΙΩΝ (002535),,,5000.00,anonymous sponsor (empty sponsorAFMName)
6Κ3Μ4690Β3-Λ5Ω,2023-11-01,ΕΝΤΑΛΜΑ ΠΛΗΡΩΜΗΣ ΑΠΟΖΗΜΙΩΣΗ ΕΦΗΜΕΡΙΩΝ (002535),,,6000.00,anonymous sponsor (empty sponsorAFMName)
Ψ5ΔΡ4690Β3-Ρ87,2023-11-01,ΕΝΤΑΛΜΑ ΠΛΗΡΩΜΗΣ ΑΠΟΖΗΜΙΩΣΗ ΕΦΗΜΕΡΙΩΝ (002535),,,4500.00,anonymous sponsor (empty sponsorAFMName)
623Τ4690Β3-ΖΚΞ,2023-11-01,ΕΝΤΑΛΜΑ ΠΛΗΡΩΜΗΣ ΑΠΟΖΗΜΙΩΣΗ ΕΦΗΜΕΡΙΩΝ (002535),,,5250.00,anonymous sponsor (empty sponsorAFMName)
97Λ54690Β3-ΘΡΤ,2023-11-01,ΕΝΤΑΛΜΑ ΠΛΗΡΩΜΗΣ ΑΠΟΖΗΜΙΩΣΗ ΕΦΗΜΕΡΙΩΝ (002535),,,4250.00,anonymous sponsor (empty sponsorAFMName)
ΨΚΙΑ4690Β3-Ρ46,2023-11-01,ΕΝΤΑΛΜΑ ΠΛΗΡΩΜΗΣ ΟΔΟΙΠΟΡΙΚΑ ΕΞΟΔΑ ΠΡΟΣ. ΝΟΣ/ΜΕΙΟΥ (001626),,,24.60,anonymous sponsor (empty sponsorAFMName)
Ω8ΜΘ4690Β3-4ΗΤ,2023-11-01,ΕΝΤΑΛΜΑ ΠΛΗΡΩΜΗΣ ΟΔΟΙΠΟΡΙΚΑ ΕΞΟΔΑ ΠΡΟΣ. ΝΟΣ/ΜΕΙΟΥ (001626),,,24.60,anonymous sponsor (empty sponsorAFMName)
ΨΜ1Ο4690Β3-ΚΘΚ,2023-11-01,ΕΝΤΑΛΜΑ ΠΛΗΡΩΜΗΣ ΟΔΟΙΠΟΡΙΚΑ ΕΞΟΔΑ ΠΡΟΣ. ΝΟΣ/ΜΕΙΟΥ (001626),,,87.80,anonymous sponsor (empty sponsorAFMName)
ΨΞ4Υ4690Β3-Ρ3Μ,2023-11-01,ΕΝΤΑΛΜΑ ΠΛΗΡΩΜΗΣ ΟΔΟΙΠΟΡΙΚΑ ΕΞΟΔΑ ΠΡΟΣ. ΝΟΣ/ΜΕΙΟΥ (001626),,,40.40,anonymous sponsor (empty sponsorAFMName)
6ΖΞΓ4690Β3-ΣΙ1,2023-10-31,ΕΝΤΑΛΜΑ ΠΛΗΡΩΜΗΣ ΑΠΟΖΗΜΙΩΣΗ ΓΙΑ ΝΥΧΤΕΡΙΝΑ-ΕΞΑΙΡΕΣΙΜΑ-ΥΠΕΡΩΡ.ΑΠΑΣΧΟΛΗΣΗ (001628),,,75.44,anonymous sponsor (empty sponsorAFMName)
ΨΔΞΒ4690Β3-ΑΕΛ,2023-10-31,ΕΝΤΑΛΜΑ ΠΛΗΡΩΜΗΣ ΑΠΟΖΗΜΙΩΣΗ ΓΙΑ ΝΥΧΤΕΡΙΝΑ-ΕΞΑΙΡΕΣΙΜΑ-ΥΠΕΡΩΡ.ΑΠΑΣΧΟΛΗΣΗ (001628),,,586.16,anonymous sponsor (empty sponsorAFMName)
6ΑΥΚ4690Β3-Κ0Ο,2023-10-31,ΕΝΤΑΛΜΑ ΠΛΗΡΩΜΗΣ ΑΠΟΖΗΜΙΩΣΗ ΓΙΑ ΝΥΧΤΕΡΙΝΑ-ΕΞΑΙΡΕΣΙΜΑ-ΥΠΕΡΩΡ.ΑΠΑΣΧΟΛΗΣΗ (001628),,,6745.43,anonymous sponsor (empty sponsorAFMName)
Ψ7Λ54690Β3-ΘΔ8,2023-10-31,ΕΝΤΑΛΜΑ ΠΛΗΡΩΜΗΣ ΑΠΟΖΗΜΙΩΣΗ ΓΙΑ ΝΥΧΤΕΡΙΝΑ-ΕΞΑΙΡΕΣΙΜΑ-ΥΠΕΡΩΡ.ΑΠΑΣΧΟΛΗΣΗ (001628),,,1550.44,anonymous sponsor (empty sponsorAFMName)
Ω8ΒΚ4690Β3-ΙΨΔ,2023-10-31,ΕΝΤΑΛΜΑ ΠΛΗΡΩΜΗΣ ΑΠΟΖΗΜΙΩΣΗ ΓΙΑ ΝΥΧΤΕΡΙΝΑ-ΕΞΑΙΡΕΣΙΜΑ-ΥΠΕΡΩΡ.ΑΠΑΣΧΟΛΗΣΗ (001628),,,123.07,anonymous sponsor (empty sponsorAFMName)
ΨΗΗ44690Β3-ΤΩΟ,2023-10-31,ΕΝΤΑΛΜΑ ΠΛΗΡΩΜΗΣ ΑΠΟΖΗΜΙΩΣΗ ΓΙΑ ΝΥΧΤΕΡΙΝΑ-ΕΞΑΙΡΕΣΙΜΑ-ΥΠΕΡΩΡ.ΑΠΑΣΧΟΛΗΣΗ (001628),,,2476.37,anonymous sponsor (empty sponsorAFMName)
ΡΩΥΞ4690Β3-Κ2Σ,2023-10-31,ΕΝΤΑΛΜΑ ΠΛΗΡΩΜΗΣ ΕΠΟΧΙΚΟ ΠΡΟΣΩΠΙΚΟ ΚΑΘΑΡΙΟΤΗΤΑΣ (999111999),,,38542.78,anonymous sponsor (empty sponsorAFMName)
6ΥΖΡ4690Β3-2ΚΡ,2023-10-31,ΕΝΤΑΛΜΑ ΠΛΗΡΩΜΗΣ ΕΡΓΟΔ.ΕΙΣΦ.ΙΚΑ ΑΣΚΟΥΜ.ΤΕΕ-ΙΕΚ.ΧΩΡ.ΑΜΟΙΒ.ΓΙΑ ΑΤΥΧΗΜ (001690),,,20.22,anonymous sponsor (empty sponsorAFMName)
ΨΘΖΘ4690Β3-Σ6Ν,2023-10-31,ΕΝΤΑΛΜΑ ΠΛΗΡΩΜΗΣ EΠΙΚΟΥΡΙΚΟΙ ΙΑΤΡΟΙ Ε.Σ.Υ. (000001629),,,80.72,anonymous sponsor (empty sponsorAFMName)
9ΒΑΖ4690Β3-ΛΛ5,2023-10-31,ΕΝΤΑΛΜΑ ΠΛΗΡΩΜΗΣ ΕΠΙΚΟΥΡΙΚΟ ΝΟΣΗΛΕΥΤΙΚΟ-ΠΑΡΑΪΑΤΡΙΚΟ ΠΡΟΣΩΠΙΚΟ (000001634),,,1518.84,anonymous sponsor (empty sponsorAFMName)
ΩΝΡ54690Β3-ΟΔ9,2023-10-31,ΕΝΤΑΛΜΑ ΠΛΗΡΩΜΗΣ ΕΠΙΚΟΥΡΙΚΟ ΝΟΣΗΛΕΥΤΙΚΟ-ΠΑΡΑΪΑΤΡΙΚΟ ΠΡΟΣΩΠΙΚΟ (000001634),,,37871.66,anonymous sponsor (empty sponsorAFMName)
6Κ5Ζ4690Β3-ΒΨΡ,2023-10-31,ΕΝΤΑΛΜΑ ΠΛΗΡΩΜΗΣ EΠΙΚΟΥΡΙΚΟΙ ΙΑΤΡΟΙ Ε.Σ.Υ. (000001629),,,51122.07,anonymous sponsor (empty sponsorAFMName)
6Ο1Γ4690Β3-784,2023-10-31,ΕΝΤΑΛΜΑ ΠΛΗΡΩΜΗΣ EΠΙΚΟΥΡΙΚΟΙ ΙΑΤΡΟΙ Ε.Σ.Υ. (000001629),,,3781.23,anonymous sponsor (empty sponsorAFMName)
95Γ34690Β3-ΤΧ6,2023-10-31,ΕΝΤΑΛΜΑ ΠΛΗΡΩΜΗΣ ΑΠΟΖΗΜΙΩΣΗ ΓΙΑ ΝΥΧΤΕΡΙΝΑ-ΕΞΑΙΡΕΣΙΜΑ-ΥΠΕΡΩΡ.ΑΠΑΣΧΟΛΗΣΗ (001628),,,364.10,anonymous sponsor (empty sponsorAFMName)
9ΦΨΝ4690Β3-ΛΡΒ,2023-10-31,ΕΝΤΑΛΜΑ ΠΛΗΡΩΜΗΣ ΑΠΟΖΗΜΙΩΣΗ ΓΙΑ ΝΥΧΤΕΡΙΝΑ-ΕΞΑΙΡΕΣΙΜΑ-ΥΠΕΡΩΡ.ΑΠΑΣΧΟΛΗΣΗ (001628),,,1482.08,anonymous sponsor (empty sponsorAFMName)
922Ρ4690Β3-ΦΛ2,2023-10-31,ΕΝΤΑΛΜΑ ΠΛΗΡΩΜΗΣ ΑΠΟΖΗΜΙΩΣΗ ΓΙΑ ΝΥΧΤΕΡΙΝΑ-ΕΞΑΙΡΕΣΙΜΑ-ΥΠΕΡΩΡ.ΑΠΑΣΧΟΛΗΣΗ (001628),,,267.30,anonymous sponsor (empty sponsorAFMName)
ΨΦΑΦ4690Β3-ΨΤΘ,2023-10-31,ΕΝΤΑΛΜΑ ΠΛΗΡΩΜΗΣ ΑΠΟΖΗΜΙΩΣΗ ΓΙΑ ΝΥΧΤΕΡΙΝΑ-ΕΞΑΙΡΕΣΙΜΑ-ΥΠΕΡΩΡ.ΑΠΑΣΧΟΛΗΣΗ (001628),,,5626.74,anonymous sponsor (empty sponsorAFMName)
954Γ4690Β3-Κ2Τ,2023-10-31,ΕΝΤΑΛΜΑ ΠΛΗΡΩΜΗΣ ΑΠΟΖΗΜΙΩΣΗ ΓΙΑ ΝΥΧΤΕΡΙΝΑ-ΕΞΑΙΡΕΣΙΜΑ-ΥΠΕΡΩΡ.ΑΠΑΣΧΟΛΗΣΗ (001628),,,1442.60,anonymous sponsor (empty sponsorAFMName)
91ΔΟ4690Β3-3Ψ4,2023-10-31,ΕΝΤΑΛΜΑ ΠΛΗΡΩΜΗΣ ΑΠΟΖΗΜΙΩΣΗ ΓΙΑ ΝΥΧΤΕΡΙΝΑ-ΕΞΑΙΡΕΣΙΜΑ-ΥΠΕΡΩΡ.ΑΠΑΣΧΟΛΗΣΗ (001628),,,3790.67,anonymous sponsor (empty sponsorAFMName)
6Θ2Ρ4690Β3-Ε98,2023-10-31,ΕΝΤΑΛΜΑ ΠΛΗΡΩΜΗΣ ΑΠΟΖΗΜΙΩΣΗ ΓΙΑ ΝΥΧΤΕΡΙΝΑ-ΕΞΑΙΡΕΣΙΜΑ-ΥΠΕΡΩΡ.ΑΠΑΣΧΟΛΗΣΗ (001628),,,2258.20,anonymous sponsor (empty sponsorAFMName)
6ΦΨ14690Β3-Η89,2023-10-31,ΕΝΤΑΛΜΑ ΠΛΗΡΩΜΗΣ ΑΠΟΖΗΜΙΩΣΗ ΓΙΑ ΝΥΧΤΕΡΙΝΑ-ΕΞΑΙΡΕΣΙΜΑ-ΥΠΕΡΩΡ.ΑΠΑΣΧΟΛΗΣΗ (001628),,,904.65,anonymous sponsor (empty sponsorAFMName)
6ΒΕΦ4690Β3-6Θ5,2023-10-31,ΕΝΤΑΛΜΑ ΠΛΗΡΩΜΗΣ ΑΠΟΖΗΜΙΩΣΗ ΓΙΑ ΝΥΧΤΕΡΙΝΑ-ΕΞΑΙΡΕΣΙΜΑ-ΥΠΕΡΩΡ.ΑΠΑΣΧΟΛΗΣΗ (001628),,,955.23,anonymous sponsor (empty sponsorAFMName)
9ΣΣΕ4690Β3-ΦΑΩ,2023-10-31,ΕΝΤΑΛΜΑ ΠΛΗΡΩΜΗΣ ΑΠΟΖΗΜΙΩΣΗ ΓΙΑ ΝΥΧΤΕΡΙΝΑ-ΕΞΑΙΡΕΣΙΜΑ-ΥΠΕΡΩΡ.ΑΠΑΣΧΟΛΗΣΗ (001628),,,257.01,anonymous sponsor (empty sponsorAFMName)
6ΛΟΔ4690Β3-Μ18,2023-10-31,ΕΝΤΑΛΜΑ ΠΛΗΡΩΜΗΣ ΑΠΟΖΗΜΙΩΣΗ ΓΙΑ ΝΥΧΤΕΡΙΝΑ-ΕΞΑΙΡΕΣΙΜΑ-ΥΠΕΡΩΡ.ΑΠΑΣΧΟΛΗΣΗ (001628),,,194.18,anonymous sponsor (empty sponsorAFMName)
6Ψ1Ε4690Β3-2Τ7,2023-10-31,ΕΝΤΑΛΜΑ ΠΛΗΡΩΜΗΣ ΑΠΟΖΗΜΙΩΣΗ ΓΙΑ ΝΥΧΤΕΡΙΝΑ-ΕΞΑΙΡΕΣΙΜΑ-ΥΠΕΡΩΡ.ΑΠΑΣΧΟΛΗΣΗ (001628),,,830.42,anonymous sponsor (empty sponsorAFMName)
9ΚΔΙ4690Β3-Τ9Ο,2023-10-31,ΕΝΤΑΛΜΑ ΠΛΗΡΩΜΗΣ ΑΠΟΖΗΜΙΩΣΗ ΓΙΑ ΝΥΧΤΕΡΙΝΑ-ΕΞΑΙΡΕΣΙΜΑ-ΥΠΕΡΩΡ.ΑΠΑΣΧΟΛΗΣΗ (001628),,,6026.15,anonymous sponsor (empty sponsorAFMName)
6ΒΒΡ4690Β3-63Β,2023-10-31,ΕΝΤΑΛΜΑ ΠΛΗΡΩΜΗΣ ΑΠΟΖΗΜΙΩΣΗ ΓΙΑ ΝΥΧΤΕΡΙΝΑ-ΕΞΑΙΡΕΣΙΜΑ-ΥΠΕΡΩΡ.ΑΠΑΣΧΟΛΗΣΗ (001628),,,3288.24,anonymous sponsor (empty sponsorAFMName)
ΨΙΓΠ4690Β3-ΕΝ0,2023-10-31,ΕΝΤΑΛΜΑ ΠΛΗΡΩΜΗΣ ΑΠΟΖΗΜΙΩΣΗ ΓΙΑ ΝΥΧΤΕΡΙΝΑ-ΕΞΑΙΡΕΣΙΜΑ-ΥΠΕΡΩΡ.ΑΠΑΣΧΟΛΗΣΗ (001628),,,292.46,anonymous sponsor (empty sponsorAFMName)
6Γ3Υ4690Β3-ΓΦΩ,2023-10-31,ΕΝΤΑΛΜΑ ΠΛΗΡΩΜΗΣ ΑΠΟΖΗΜΙΩΣΗ ΓΙΑ ΝΥΧΤΕΡΙΝΑ-ΕΞΑΙΡΕΣΙΜΑ-ΥΠΕΡΩΡ.ΑΠΑΣΧΟΛΗΣΗ (001628),,,1465.34,anonymous sponsor (empty sponsorAFMName)
6Β6Ρ4690Β3-ΨΔΦ,2023-10-31,ΕΝΤΑΛΜΑ ΠΛΗΡΩΜΗΣ ΑΠΟΖΗΜΙΩΣΗ ΓΙΑ ΝΥΧΤΕΡΙΝΑ-ΕΞΑΙΡΕΣΙΜΑ-ΥΠΕΡΩΡ.ΑΠΑΣΧΟΛΗΣΗ (001628),,,6891.94,anonymous sponsor (empty sponsorAFMName)
68Χ64690Β3-Ξ4Ε,2023-10-31,ΕΝΤΑΛΜΑ ΠΛΗΡΩΜΗΣ ΑΠΟΖΗΜΙΩΣΗ ΓΙΑ ΝΥΧΤΕΡΙΝΑ-ΕΞΑΙΡΕΣΙΜΑ-ΥΠΕΡΩΡ.ΑΠΑΣΧΟΛΗΣΗ (001628),,,7879.06,anonymous sponsor (empty sponsorAFMName)
6Α354690Β3-0Ν4,2023-10-31,ΕΝΤΑΛΜΑ ΠΛΗΡΩΜΗΣ ΑΠΟΖΗΜΙΩΣΗ ΓΙΑ ΝΥΧΤΕΡΙΝΑ-ΕΞΑΙΡΕΣΙΜΑ-ΥΠΕΡΩΡ.ΑΠΑΣΧΟΛΗΣΗ (001628),,,1082.53,anonymous sponsor (empty sponsorAFMName)
Ψ4ΝΝ4690Β3-ΗΔΚ,2023-10-31,ΕΝΤΑΛΜΑ ΠΛΗΡΩΜΗΣ ΑΠΟΖΗΜΙΩΣΗ ΕΦΗΜΕΡΙΩΝ (002535),,,2296.91,anonymous sponsor (empty sponsorAFMName)
ΨΝΘΙ4690Β3-4ΥΜ,2023-10-31,ΕΝΤΑΛΜΑ ΠΛΗΡΩΜΗΣ ΑΠΟΖΗΜΙΩΣΗ ΕΦΗΜΕΡΙΩΝ (002535),,,18600.69,anonymous sponsor (empty sponsorAFMName)
6ΨΞ04690Β3-Θ35,2023-10-31,ΕΝΤΑΛΜΑ ΠΛΗΡΩΜΗΣ ΑΠΟΖΗΜΙΩΣΗ ΕΦΗΜΕΡΙΩΝ (002535),,,370.49,anonymous sponsor (empty sponsorAFMName)
63Χ14690Β3-Ρ6Β,2023-10-31,ΕΝΤΑΛΜΑ ΠΛΗΡΩΜΗΣ ΑΠΟΖΗΜΙΩΣΗ ΕΦΗΜΕΡΙΩΝ (002535),,,2433.38,anonymous sponsor (empty sponsorAFMName)
97ΟΞ4690Β3-Α7Κ,2023-10-31,ΕΝΤΑΛΜΑ ΠΛΗΡΩΜΗΣ ΑΠΟΖΗΜΙΩΣΗ ΕΦΗΜΕΡΙΩΝ (002535),,,614.98,anonymous sponsor (empty sponsorAFMName)
ΨΣ4Ρ4690Β3-ΝΡΟ,2023-10-31,ΕΝΤΑΛΜΑ ΠΛΗΡΩΜΗΣ ΑΠΟΖΗΜΙΩΣΗ ΕΦΗΜΕΡΙΩΝ (002535),,,19823.23,anonymous sponsor (empty sponsorAFMName)
ΨΕΙΡ4690Β3-ΛΓΘ,2023-10-31,ΕΝΤΑΛΜΑ ΠΛΗΡΩΜΗΣ ΑΠΟΖΗΜΙΩΣΗ ΕΦΗΜΕΡΙΩΝ (002535),,,76976.94,anonymous sponsor (empty sponsorAFMName)
ΩΖΥΞ4690Β3-8ΙΘ,2023-10-30,ΕΝΤΑΛΜΑ ΠΛΗΡΩΜΗΣ ΚΡΑΤ.3391-54.03.00.0001 Φ.Μ.Υ. (001512),,,79.99,anonymous sponsor (empty sponsorAFMName)
64Γ64690Β3-ΩΕΛ,2023-10-30,ΕΝΤΑΛΜΑ ΠΛΗΡΩΜΗΣ ΚΡΑΤ.3391-54.03.00.0001 Φ.Μ.Υ. (001512),,,232.54,anonymous sponsor (empty sponsorAFMName)
ΨΑ9Λ4690Β3-ΧΜΨ,2023-10-30,ΕΝΤΑΛΜΑ ΠΛΗΡΩΜΗΣ ΚΡΑΤ.3391-54.04.02.0001 Χ/ΜΑ και ΟΓΑ Χ/ΜΩΝ (001514),,,1.05,anonymous sponsor (empty sponsorAFMName)
Ψ4ΙΕ4690Β3-9Υ6,2023-10-30,ΕΝΤΑΛΜΑ ΠΛΗΡΩΜΗΣ ΚΡΑΤ.3391-53.20.00.0001 ΕΛΛΗΝΙΚΟ ΔΗΜΟΣΙΟ (001506),,,609.13,anonymous sponsor (empty sponsorAFMName)
ΨΧΡ64690Β3-ΧΑ7,2023-10-30,ΕΝΤΑΛΜΑ ΠΛΗΡΩΜΗΣ ΚΡΑΤ.3391-53.20.00.0001 ΕΛΛΗΝΙΚΟ ΔΗΜΟΣΙΟ (001506),,,30.49,anonymous sponsor (empty sponsorAFMName)
ΨΤ4Ζ4690Β3-719,2023-10-30,ΕΝΤΑΛΜΑ ΠΛΗΡΩΜΗΣ ΚΡΑΤ.3391-54.04.02.0001 Χ/ΜΑ και ΟΓΑ Χ/ΜΩΝ (001514),,,30.10,anonymous sponsor (empty sponsorAFMName)
ΨΘΕΑ4690Β3-ΘΨ9,2023-10-30,ΕΝΤΑΛΜΑ ΠΛΗΡΩΜΗΣ ΚΡΑΤ.3391-54.04.00.0001 ΦΟΡΟΣ ΕΛΕΥΘΕΡ.ΕΠΑΓΓΕΛΜΑΤ (),,,4100.76,anonymous sponsor (empty sponsorAFMName)
ΨΗΙΧ4690Β3-Ι2Β,2023-10-30,ΕΝΤΑΛΜΑ ΠΛΗΡΩΜΗΣ ΚΡΑΤ.3391-53.20.00.0001 ΕΛΛΗΝΙΚΟ ΔΗΜΟΣΙΟ (001506),,,12321.21,anonymous sponsor (empty sponsorAFMName)
6ΝΛΑ4690Β3-ΗΑΩ,2023-10-30,ΕΝΤΑΛΜΑ ΠΛΗΡΩΜΗΣ ΚΡΑΤ.3391-53.20.00.0001 ΕΛΛΗΝΙΚΟ ΔΗΜΟΣΙΟ (001506),,,492.79,anonymous sponsor (empty sponsorAFMName)
Ψ5Γ94690Β3-13Θ,2023-10-30,ΕΝΤΑΛΜΑ ΠΛΗΡΩΜΗΣ ΚΡΑΤ.3391-53.20.00.0001 ΕΛΛΗΝΙΚΟ ΔΗΜΟΣΙΟ (001506),,,17.14,anonymous sponsor (empty sponsorAFMName)
6ΔΗΥ4690Β3-ΦΑ3,2023-10-30,ΕΝΤΑΛΜΑ ΠΛΗΡΩΜΗΣ ΚΡΑΤ.3391-53.20.00.0001 ΕΛΛΗΝΙΚΟ ΔΗΜΟΣΙΟ (001506),,,356.07,anonymous sponsor (empty sponsorAFMName)
Ψ2ΓΨ4690Β3-Η0Ξ,2023-10-27,ΕΝΤΑΛΜΑ ΠΛΗΡΩΜΗΣ DRAEGER HELLAS A.E (997799268),,,1094.92,anonymous sponsor (empty sponsorAFMName)
67Θ14690Β3-ΒΞΨ,2023-10-26,ΕΝΤΑΛΜΑ ΠΛΗΡΩΜΗΣ ΕΝΟΡΑΣΙΣ ΑΕ (094503580),,,4712.76,anonymous sponsor (empty sponsorAFMName)
60ΡΛ4690Β3-Λ74,2023-10-25,ΕΝΤΑΛΜΑ ΠΛΗΡΩΜΗΣ INNOVIS PHARMA Α.Ε.Β.Ε. (ΠΡΩΗΝ ΦΑΡΜΑΤΕΝ ΕΛΛΑΣ ΑΕΒΕ) (998381010),,,227.53,anonymous sponsor (empty sponsorAFMName)
ΨΦ984690Β3-Κ2Χ,2023-10-25,ΕΝΤΑΛΜΑ ΠΛΗΡΩΜΗΣ ΟΔΟΙΠΟΡΙΚΑ ΕΞΟΔΑ ΠΡΟΣ. ΝΟΣ/ΜΕΙΟΥ (001626),,,210.24,anonymous sponsor (empty sponsorAFMName)
ΩΖΥΡ4690Β3-Χ53,2023-10-25,ΕΝΤΑΛΜΑ ΠΛΗΡΩΜΗΣ ΕΠΙΣΤΡΟΦΕΣ ΛΟΙΠΩΝ ΠΕΡΙΠΤΩΣΕΩΝ (001653),,,52.00,anonymous sponsor (empty sponsorAFMName)
6ΞΨΒ4690Β3-99Ε,2023-10-25,ΕΝΤΑΛΜΑ ΠΛΗΡΩΜΗΣ ΚΡΑΤ.3391-53.20.00.0001 ΕΛΛΗΝΙΚΟ ΔΗΜΟΣΙΟ (001506),,,5.00,anonymous sponsor (empty sponsorAFMName)
6ΣΤ44690Β3-ΞΒΦ,2023-10-25,ΕΝΤΑΛΜΑ ΠΛΗΡΩΜΗΣ ΕΙΣΦΟΡΕΣ ΑΠΑΣΧ/ΝΩΝ ΟΑΕΔ ΜΕΣΩ ΠΡΟΓ. ΚΟΙΝΩΦ. ΧΑΡΑΚΤΗΡΑ (),,,1996.54,anonymous sponsor (empty sponsorAFMName)
6ΣΓΛ4690Β3-ΡΑΖ,2023-10-25,ΕΝΤΑΛΜΑ ΠΛΗΡΩΜΗΣ ΕΙΣΦΟΡΕΣ ΑΠΑΣΧ/ΝΩΝ ΟΑΕΔ ΜΕΣΩ ΠΡΟΓ. ΚΟΙΝΩΦ. ΧΑΡΑΚΤΗΡΑ (),,,4914.09,anonymous sponsor (empty sponsorAFMName)
6ΘΝΤ4690Β3-264,2023-10-25,ΕΝΤΑΛΜΑ ΠΛΗΡΩΜΗΣ ΚΡΑΤ.3391-54.09.14.0001 ΦΟΡΟΣ ΠΡΟΜΗΘΕΥΤΩΝ (001510),,,30149.82,anonymous sponsor (empty sponsorAFMName)
6Ι1Ω4690Β3-0ΥΜ,2023-10-19,ΕΝΤΑΛΜΑ ΠΛΗΡΩΜΗΣ ΑΠΟΖΗΜΙΩΣΗ ΔΙΚΑΣΤΙΚΗΣ ΑΠΟΦΑΣΗΣ (001613),,,2638.65,anonymous sponsor (empty sponsorAFMName)
61ΠΩ4690Β3-7ΧΩ,2023-10-25,ΕΝΤΑΛΜΑ ΠΛΗΡΩΜΗΣ ΚΡΑΤ.3391-54.04.02.0001 Χ/ΜΑ και ΟΓΑ Χ/ΜΩΝ (001514),,,12.24,anonymous sponsor (empty sponsorAFMName)
ΨΨΥ44690Β3-02Ε,2023-10-25,ΕΝΤΑΛΜΑ ΠΛΗΡΩΜΗΣ ΚΡΑΤ.3391-54.04.00.0001 ΦΟΡΟΣ ΕΛΕΥΘΕΡ.ΕΠΑΓΓΕΛΜΑΤ (),,,68.00,anonymous sponsor (empty sponsorAFMName)
ΩΝ8Λ4690Β3-Β48,2023-10-17,ΕΝΤΑΛΜΑ ΠΛΗΡΩΜΗΣ DRAEGER HELLAS A.E (997799268),,,4092.00,anonymous sponsor (empty sponsorAFMName)
9ΑΝΡ4690Β3-Κ33,2023-10-11,ΕΝΤΑΛΜΑ ΠΛΗΡΩΜΗΣ ΚΡΑΤ.3391-53.20.00.0001 ΕΛΛΗΝΙΚΟ ΔΗΜΟΣΙΟ (001506),,,10.00,anonymous sponsor (empty sponsorAFMName)
9ΠΧ64690Β3-ΒΓ6,2023-10-10,ΕΝΤΑΛΜΑ ΠΛΗΡΩΜΗΣ ΚΩΝΣΤΑΝΤΙΝΟΣ ΑΝΑΣΤΟΠΟΥΛΟΣ-ΑΙΚΑΤΕΡΙΝΗ ΝΑΤΣΗ Ο.Ε. (800544921),,,3224.00,anonymous sponsor (empty sponsorAFMName)
ΨΔΛΓ4690Β3-ΩΞ3,2023-10-06,ΕΝΤΑΛΜΑ ΠΛΗΡΩΜΗΣ INNOVIS PHARMA Α.Ε.Β.Ε. (ΠΡΩΗΝ ΦΑΡΜΑΤΕΝ ΕΛΛΑΣ ΑΕΒΕ) (998381010),,,1050.52,anonymous sponsor (empty sponsorAFMName)
9ΦΖΖ4690Β3-Φ57,2023-10-05,ΕΝΤΑΛΜΑ ΠΛΗΡΩΜΗΣ LUNDBECK HELLAS S.A (094434000),,,342.43,anonymous sponsor (empty sponsorAFMName)
6Ω464690Β3-2ΚΗ,2023-10-05,ΕΝΤΑΛΜΑ ΠΛΗΡΩΜΗΣ LUNDBECK HELLAS S.A (094434000),,,1176.42,anonymous sponsor (empty sponsorAFMName)
6ΚΦΗ4690Β3-3Β5,2023-10-05,ΕΝΤΑΛΜΑ ΠΛΗΡΩΜΗΣ ΕΝΟΡΑΣΙΣ ΑΕ (094503580),,,1178.19,anonymous sponsor (empty sponsorAFMName)
Ψ2414690Β3-3ΜΖ,2023-10-05,ΕΝΤΑΛΜΑ ΠΛΗΡΩΜΗΣ ΕΝΟΡΑΣΙΣ ΑΕ (094503580),,,8836.43,anonymous sponsor (empty sponsorAFMName)
6ΩΓ84690Β3-8ΜΕ,2023-10-04,ΕΝΤΑΛΜΑ ΠΛΗΡΩΜΗΣ ΚΕΡΚΥΡΑΪΚΗ ΕΤΑΙΡΕΙΑ ΚΡΕΑΤΩΝ ΑΕ (099346780),,,80.80,anonymous sponsor (empty sponsorAFMName)
ΨΒΘΖ4690Β3-ΒΘΑ,2023-10-04,ΕΝΤΑΛΜΑ ΠΛΗΡΩΜΗΣ ΚΕΡΚΥΡΑΪΚΗ ΕΤΑΙΡΕΙΑ ΚΡΕΑΤΩΝ ΑΕ (099346780),,,23593.69,anonymous sponsor (empty sponsorAFMName)
6Τ6Ε4690Β3-ΚΣΤ,2023-10-02,ΕΝΤΑΛΜΑ ΠΛΗΡΩΜΗΣ ΕΠΙΚΟΥΡΙΚΟ ΝΟΣΗΛΕΥΤΙΚΟ-ΠΑΡΑΪΑΤΡΙΚΟ ΠΡΟΣΩΠΙΚΟ (000001634),,,1431.16,anonymous sponsor (empty sponsorAFMName)
ΨΞ7Δ4690Β3-Μ2Ρ,2023-10-02,ΕΝΤΑΛΜΑ ΠΛΗΡΩΜΗΣ ΑΠΟΖΗΜΙΩΣΗ ΕΦΗΜΕΡΙΩΝ (002535),,,1113.00,anonymous sponsor (empty sponsorAFMName)
6ΝΒΜ4690Β3-ΠΕΧ,2023-10-02,ΕΝΤΑΛΜΑ ΠΛΗΡΩΜΗΣ ΕΠΟΧΙΚΟ ΠΡΟΣΩΠΙΚΟ ΚΑΘΑΡΙΟΤΗΤΑΣ (999111999),,,38221.72,anonymous sponsor (empty sponsorAFMName)
6ΙΗΔ4690Β3-ΗΚΜ,2023-10-02,ΕΝΤΑΛΜΑ ΠΛΗΡΩΜΗΣ ΕΠΙΚΟΥΡΙΚΟ ΝΟΣΗΛΕΥΤΙΚΟ-ΠΑΡΑΪΑΤΡΙΚΟ ΠΡΟΣΩΠΙΚΟ (000001634),,,1518.84,anonymous sponsor (empty sponsorAFMName)
6Φ0Ω4690Β3-052,2023-10-02,ΕΝΤΑΛΜΑ ΠΛΗΡΩΜΗΣ EΠΙΚΟΥΡΙΚΟΙ ΙΑΤΡΟΙ Ε.Σ.Υ. (000001629),,,127.80,anonymous sponsor (empty sponsorAFMName)
6ΣΑΗ4690Β3-ΣΒΔ,2023-10-02,ΕΝΤΑΛΜΑ ΠΛΗΡΩΜΗΣ ΕΡΓΟΔ.ΕΙΣΦ.ΙΚΑ ΑΣΚΟΥΜ.ΤΕΕ-ΙΕΚ.ΧΩΡ.ΑΜΟΙΒ.ΓΙΑ ΑΤΥΧΗΜ (001690),,,5.26,anonymous sponsor (empty sponsorAFMName)
68Μ24690Β3-ΓΞΙ,2023-10-02,ΕΝΤΑΛΜΑ ΠΛΗΡΩΜΗΣ ΕΠΙΚΟΥΡΙΚΟ ΝΟΣΗΛΕΥΤΙΚΟ-ΠΑΡΑΪΑΤΡΙΚΟ ΠΡΟΣΩΠΙΚΟ (000001634),,,36959.02,anonymous sponsor (empty sponsorAFMName)
602Γ4690Β3-Φ2Ι,2023-10-02,ΕΝΤΑΛΜΑ ΠΛΗΡΩΜΗΣ EΠΙΚΟΥΡΙΚΟΙ ΙΑΤΡΟΙ Ε.Σ.Υ. (000001629),,,50259.91,anonymous sponsor (empty sponsorAFMName)
6ΩΓΖ4690Β3-5Ω9,2023-10-02,ΕΝΤΑΛΜΑ ΠΛΗΡΩΜΗΣ ΕΠΙΚΟΥΡΙΚΟ ΝΟΣΗΛΕΥΤΙΚΟ-ΠΑΡΑΪΑΤΡΙΚΟ ΠΡΟΣΩΠΙΚΟ (000001634),,,1528.12,anonymous sponsor (empty sponsorAFMName)
6ΠΘΓ4690Β3-ΠΤΚ,2023-10-02,ΕΝΤΑΛΜΑ ΠΛΗΡΩΜΗΣ ΕΠΙΚΟΥΡΙΚΟ ΝΟΣΗΛΕΥΤΙΚΟ-ΠΑΡΑΪΑΤΡΙΚΟ ΠΡΟΣΩΠΙΚΟ (000001634),,,2402.64,anonymous sponsor (empty sponsorAFMName)
6ΙΨΚ4690Β3-ΤΕΖ,2023-10-02,ΕΝΤΑΛΜΑ ΠΛΗΡΩΜΗΣ ΕΠΙΚΟΥΡΙΚΟ ΝΟΣΗΛΕΥΤΙΚΟ-ΠΑΡΑΪΑΤΡΙΚΟ ΠΡΟΣΩΠΙΚΟ (000001634),,,1590.99,anonymous sponsor (empty sponsorAFMName)
ΨΡΤΘ4690Β3-ΕΙ6,2023-10-02,ΕΝΤΑΛΜΑ ΠΛΗΡΩΜΗΣ EΠΙΚΟΥΡΙΚΟΙ ΙΑΤΡΟΙ Ε.Σ.Υ. (000001629),,,6568.19,anonymous sponsor (empty sponsorAFMName)
669Ζ4690Β3-31Χ,2023-10-02,ΕΝΤΑΛΜΑ ΠΛΗΡΩΜΗΣ ΕΠΙΚΟΥΡΙΚΟ ΝΟΣΗΛΕΥΤΙΚΟ-ΠΑΡΑΪΑΤΡΙΚΟ ΠΡΟΣΩΠΙΚΟ (000001634),,,105273.75,anonymous sponsor (empty sponsorAFMName)
90294690Β3-84Π,2023-09-29,ΕΝΤΑΛΜΑ ΠΛΗΡΩΜΗΣ ΑΠΟΖΗΜΙΩΣΗ ΓΙΑ ΝΥΧΤΕΡΙΝΑ-ΕΞΑΙΡΕΣΙΜΑ-ΥΠΕΡΩΡ.ΑΠΑΣΧΟΛΗΣΗ (001628),,,531.53,anonymous sponsor (empty sponsorAFMName)
Ψ1804690Β3-ΚΤΜ,2023-09-29,ΕΝΤΑΛΜΑ ΠΛΗΡΩΜΗΣ ΑΠΟΖΗΜΙΩΣΗ ΓΙΑ ΝΥΧΤΕΡΙΝΑ-ΕΞΑΙΡΕΣΙΜΑ-ΥΠΕΡΩΡ.ΑΠΑΣΧΟΛΗΣΗ (001628),,,110.40,anonymous sponsor (empty sponsorAFMName)
9ΕΞ24690Β3-6Ψ5,2023-09-29,ΕΝΤΑΛΜΑ ΠΛΗΡΩΜΗΣ ΑΠΟΖΗΜΙΩΣΗ ΓΙΑ ΝΥΧΤΕΡΙΝΑ-ΕΞΑΙΡΕΣΙΜΑ-ΥΠΕΡΩΡ.ΑΠΑΣΧΟΛΗΣΗ (001628),,,8279.92,anonymous sponsor (empty sponsorAFMName)
ΨΟΜ74690Β3-ΠΑΑ,2023-09-29,ΕΝΤΑΛΜΑ ΠΛΗΡΩΜΗΣ ΑΠΟΖΗΜΙΩΣΗ ΓΙΑ ΝΥΧΤΕΡΙΝΑ-ΕΞΑΙΡΕΣΙΜΑ-ΥΠΕΡΩΡ.ΑΠΑΣΧΟΛΗΣΗ (001628),,,1822.86,anonymous sponsor (empty sponsorAFMName)
67Ρ84690Β3-9Χ3,2023-09-29,ΕΝΤΑΛΜΑ ΠΛΗΡΩΜΗΣ ΑΠΟΖΗΜΙΩΣΗ ΓΙΑ ΝΥΧΤΕΡΙΝΑ-ΕΞΑΙΡΕΣΙΜΑ-ΥΠΕΡΩΡ.ΑΠΑΣΧΟΛΗΣΗ (001628),,,214.65,anonymous sponsor (empty sponsorAFMName)
9ΟΑΣ4690Β3-ΠΤ3,2023-09-29,ΕΝΤΑΛΜΑ ΠΛΗΡΩΜΗΣ ΑΠΟΖΗΜΙΩΣΗ ΓΙΑ ΝΥΧΤΕΡΙΝΑ-ΕΞΑΙΡΕΣΙΜΑ-ΥΠΕΡΩΡ.ΑΠΑΣΧΟΛΗΣΗ (001628),,,1.67,anonymous sponsor (empty sponsorAFMName)
ΨΝΦ24690Β3-0Θ1,2023-09-29,ΕΝΤΑΛΜΑ ΠΛΗΡΩΜΗΣ ΑΠΟΖΗΜΙΩΣΗ ΓΙΑ ΝΥΧΤΕΡΙΝΑ-ΕΞΑΙΡΕΣΙΜΑ-ΥΠΕΡΩΡ.ΑΠΑΣΧΟΛΗΣΗ (001628),,,2953.44,anonymous sponsor (empty sponsorAFMName)
96ΓΗ4690Β3-2ΔΗ,2023-09-29,ΕΝΤΑΛΜΑ ΠΛΗΡΩΜΗΣ ΑΠΟΖΗΜΙΩΣΗ ΓΙΑ ΝΥΧΤΕΡΙΝΑ-ΕΞΑΙΡΕΣΙΜΑ-ΥΠΕΡΩΡ.ΑΠΑΣΧΟΛΗΣΗ (001628),,,1740.01,anonymous sponsor (empty sponsorAFMName)
609Σ4690Β3-ΦΝΡ,2023-09-29,ΕΝΤΑΛΜΑ ΠΛΗΡΩΜΗΣ ΑΠΟΖΗΜΙΩΣΗ ΓΙΑ ΝΥΧΤΕΡΙΝΑ-ΕΞΑΙΡΕΣΙΜΑ-ΥΠΕΡΩΡ.ΑΠΑΣΧΟΛΗΣΗ (001628),,,417.07,anonymous sponsor (empty sponsorAFMName)
ΨΛ5Κ4690Β3-8ΩΔ,2023-09-29,ΕΝΤΑΛΜΑ ΠΛΗΡΩΜΗΣ ΑΠΟΖΗΜΙΩΣΗ ΓΙΑ ΝΥΧΤΕΡΙΝΑ-ΕΞΑΙΡΕΣΙΜΑ-ΥΠΕΡΩΡ.ΑΠΑΣΧΟΛΗΣΗ (001628),,,386.99,anonymous sponsor (empty sponsorAFMName)
9ΞΛΥ4690Β3-ΨΘΝ,2023-09-29,ΕΝΤΑΛΜΑ ΠΛΗΡΩΜΗΣ ΑΠΟΖΗΜΙΩΣΗ ΓΙΑ ΝΥΧΤΕΡΙΝΑ-ΕΞΑΙΡΕΣΙΜΑ-ΥΠΕΡΩΡ.ΑΠΑΣΧΟΛΗΣΗ (001628),,,5863.37,anonymous sponsor (empty sponsorAFMName)
68ΥΜ4690Β3-Θ9Ψ,2023-09-29,ΕΝΤΑΛΜΑ ΠΛΗΡΩΜΗΣ ΑΠΟΖΗΜΙΩΣΗ ΓΙΑ ΝΥΧΤΕΡΙΝΑ-ΕΞΑΙΡΕΣΙΜΑ-ΥΠΕΡΩΡ.ΑΠΑΣΧΟΛΗΣΗ (001628),,,1062.56,anonymous sponsor (empty sponsorAFMName)
996Μ4690Β3-ΗΟ8,2023-09-29,ΕΝΤΑΛΜΑ ΠΛΗΡΩΜΗΣ ΑΠΟΖΗΜΙΩΣΗ ΓΙΑ ΝΥΧΤΕΡΙΝΑ-ΕΞΑΙΡΕΣΙΜΑ-ΥΠΕΡΩΡ.ΑΠΑΣΧΟΛΗΣΗ (001628),,,849.90,anonymous sponsor (empty sponsorAFMName)
6Ι9Χ4690Β3-8ΡΧ,2023-09-29,ΕΝΤΑΛΜΑ ΠΛΗΡΩΜΗΣ ΑΠΟΖΗΜΙΩΣΗ ΓΙΑ ΝΥΧΤΕΡΙΝΑ-ΕΞΑΙΡΕΣΙΜΑ-ΥΠΕΡΩΡ.ΑΠΑΣΧΟΛΗΣΗ (001628),,,6374.00,anonymous sponsor (empty sponsorAFMName)
6Ξ324690Β3-2ΥΜ,2023-09-29,ΕΝΤΑΛΜΑ ΠΛΗΡΩΜΗΣ ΑΠΟΖΗΜΙΩΣΗ ΓΙΑ ΝΥΧΤΕΡΙΝΑ-ΕΞΑΙΡΕΣΙΜΑ-ΥΠΕΡΩΡ.ΑΠΑΣΧΟΛΗΣΗ (001628),,,1330.73,anonymous sponsor (empty sponsorAFMName)
9Ρ6Λ4690Β3-49Α,2023-09-29,ΕΝΤΑΛΜΑ ΠΛΗΡΩΜΗΣ ΑΠΟΖΗΜΙΩΣΗ ΓΙΑ ΝΥΧΤΕΡΙΝΑ-ΕΞΑΙΡΕΣΙΜΑ-ΥΠΕΡΩΡ.ΑΠΑΣΧΟΛΗΣΗ (001628),,,3466.02,anonymous sponsor (empty sponsorAFMName)
606Χ4690Β3-ΓΤΔ,2023-09-29,ΕΝΤΑΛΜΑ ΠΛΗΡΩΜΗΣ ΑΠΟΖΗΜΙΩΣΗ ΓΙΑ ΝΥΧΤΕΡΙΝΑ-ΕΞΑΙΡΕΣΙΜΑ-ΥΠΕΡΩΡ.ΑΠΑΣΧΟΛΗΣΗ (001628),,,151.67,anonymous sponsor (empty sponsorAFMName)
ΨΨΧ24690Β3-56Π,2023-09-29,ΕΝΤΑΛΜΑ ΠΛΗΡΩΜΗΣ ΑΠΟΖΗΜΙΩΣΗ ΓΙΑ ΝΥΧΤΕΡΙΝΑ-ΕΞΑΙΡΕΣΙΜΑ-ΥΠΕΡΩΡ.ΑΠΑΣΧΟΛΗΣΗ (001628),,,7987.77,anonymous sponsor (empty sponsorAFMName)
ΨΟΝ94690Β3-ΙΧΠ,2023-09-29,ΕΝΤΑΛΜΑ ΠΛΗΡΩΜΗΣ ΑΠΟΖΗΜΙΩΣΗ ΓΙΑ ΝΥΧΤΕΡΙΝΑ-ΕΞΑΙΡΕΣΙΜΑ-ΥΠΕΡΩΡ.ΑΠΑΣΧΟΛΗΣΗ (001628),,,295.54,anonymous sponsor (empty sponsorAFMName)
6ΟΛΒ4690Β3-0ΥΜ,2023-09-29,ΕΝΤΑΛΜΑ ΠΛΗΡΩΜΗΣ ΑΠΟΖΗΜΙΩΣΗ ΓΙΑ ΝΥΧΤΕΡΙΝΑ-ΕΞΑΙΡΕΣΙΜΑ-ΥΠΕΡΩΡ.ΑΠΑΣΧΟΛΗΣΗ (001628),,,1351.11,anonymous sponsor (empty sponsorAFMName)
6Ζ5Α4690Β3-ΙΝΞ,2023-09-29,ΕΝΤΑΛΜΑ ΠΛΗΡΩΜΗΣ ΑΠΟΖΗΜΙΩΣΗ ΓΙΑ ΝΥΧΤΕΡΙΝΑ-ΕΞΑΙΡΕΣΙΜΑ-ΥΠΕΡΩΡ.ΑΠΑΣΧΟΛΗΣΗ (001628),,,827.20,anonymous sponsor (empty sponsorAFMName)
9Λ1Γ4690Β3-Α20,2023-09-29,ΕΝΤΑΛΜΑ ΠΛΗΡΩΜΗΣ ΑΠΟΖΗΜΙΩΣΗ ΓΙΑ ΝΥΧΤΕΡΙΝΑ-ΕΞΑΙΡΕΣΙΜΑ-ΥΠΕΡΩΡ.ΑΠΑΣΧΟΛΗΣΗ (001628),,,2092.99,anonymous sponsor (empty sponsorAFMName)
6ΝΔΜ4690Β3-ΦΞΣ,2023-09-29,ΕΝΤΑΛΜΑ ΠΛΗΡΩΜΗΣ ΑΠΟΖΗΜΙΩΣΗ ΓΙΑ ΝΥΧΤΕΡΙΝΑ-ΕΞΑΙΡΕΣΙΜΑ-ΥΠΕΡΩΡ.ΑΠΑΣΧΟΛΗΣΗ (001628),,,3407.22,anonymous sponsor (empty sponsorAFMName)
9ΚΝ94690Β3-Ε7Τ,2023-09-29,ΕΝΤΑΛΜΑ ΠΛΗΡΩΜΗΣ ΑΠΟΖΗΜΙΩΣΗ ΓΙΑ ΝΥΧΤΕΡΙΝΑ-ΕΞΑΙΡΕΣΙΜΑ-ΥΠΕΡΩΡ.ΑΠΑΣΧΟΛΗΣΗ (001628),,,1369.38,anonymous sponsor (empty sponsorAFMName)
ΨΨΔΛ4690Β3-ΠΡΜ,2023-09-29,ΕΝΤΑΛΜΑ ΠΛΗΡΩΜΗΣ ΑΠΟΖΗΜΙΩΣΗ ΓΙΑ ΝΥΧΤΕΡΙΝΑ-ΕΞΑΙΡΕΣΙΜΑ-ΥΠΕΡΩΡ.ΑΠΑΣΧΟΛΗΣΗ (001628),,,7070.65,anonymous sponsor (empty sponsorAFMName)
Ψ7ΧΚ4690Β3-6ΗΤ,2023-09-28,ΕΝΤΑΛΜΑ ΠΛΗΡΩΜΗΣ ΑΠΟΖΗΜΙΩΣΗ ΕΦΗΜΕΡΙΩΝ (002535),,,127.20,anonymous sponsor (empty sponsorAFMName)
998Ι4690Β3-00Ω,2023-09-28,ΕΝΤΑΛΜΑ ΠΛΗΡΩΜΗΣ ΑΠΟΖΗΜΙΩΣΗ ΕΦΗΜΕΡΙΩΝ (002535),,,2463.97,anonymous sponsor (empty sponsorAFMName)
ΨΟ4Ν4690Β3-ΔΗΡ,2023-09-28,ΕΝΤΑΛΜΑ ΠΛΗΡΩΜΗΣ ΑΠΟΖΗΜΙΩΣΗ ΕΦΗΜΕΡΙΩΝ (002535),,,19133.92,anonymous sponsor (empty sponsorAFMName)
9ΡΦΣ4690Β3-ΥΣΑ,2023-09-28,ΕΝΤΑΛΜΑ ΠΛΗΡΩΜΗΣ ΑΠΟΖΗΜΙΩΣΗ ΕΦΗΜΕΡΙΩΝ (002535),,,3213.15,anonymous sponsor (empty sponsorAFMName)
9ΥΠΠ4690Β3-ΚΝΡ,2023-09-28,ΕΝΤΑΛΜΑ ΠΛΗΡΩΜΗΣ ΑΠΟΖΗΜΙΩΣΗ ΕΦΗΜΕΡΙΩΝ (002535),,,1170.46,anonymous sponsor (empty sponsorAFMName)
9ΘΧΘ4690Β3-ΟΝΡ,2023-09-28,ΕΝΤΑΛΜΑ ΠΛΗΡΩΜΗΣ ΑΠΟΖΗΜΙΩΣΗ ΕΦΗΜΕΡΙΩΝ (002535),,,19982.77,anonymous sponsor (empty sponsorAFMName)
Ψ2ΚΜ4690Β3-ΓΒΕ,2023-09-28,ΕΝΤΑΛΜΑ ΠΛΗΡΩΜΗΣ ΑΠΟΖΗΜΙΩΣΗ ΕΦΗΜΕΡΙΩΝ (002535),,,74700.79,anonymous sponsor (empty sponsorAFMName)
ΨΘΘ04690Β3-9Κ9,2023-09-28,ΕΝΤΑΛΜΑ ΠΛΗΡΩΜΗΣ ΚΡΑΤ.3391-54.03.00.0001 Φ.Μ.Υ. (001512),,,71.90,anonymous sponsor (empty sponsorAFMName)
9ΟΤΨ4690Β3-3Ρ2,2023-09-28,ΕΝΤΑΛΜΑ ΠΛΗΡΩΜΗΣ ΚΡΑΤ.3391-54.03.00.0001 Φ.Μ.Υ. (001512),,,236.56,anonymous sponsor (empty sponsorAFMName)
6ΠΟ44690Β3-Α9Α,2023-09-27,ΕΝΤΑΛΜΑ ΠΛΗΡΩΜΗΣ ΕΙΣΦΟΡΕΣ ΑΠΑΣΧ/ΝΩΝ ΟΑΕΔ ΜΕΣΩ ΠΡΟΓ. ΚΟΙΝΩΦ. ΧΑΡΑΚΤΗΡΑ (),,,1996.54,anonymous sponsor (empty sponsorAFMName)
6Χ474690Β3-ΙΒ2,2023-09-27,ΕΝΤΑΛΜΑ ΠΛΗΡΩΜΗΣ ΕΙΣΦΟΡΕΣ ΑΠΑΣΧ/ΝΩΝ ΟΑΕΔ ΜΕΣΩ ΠΡΟΓ. ΚΟΙΝΩΦ. ΧΑΡΑΚΤΗΡΑ (),,,4914.09,anonymous sponsor (empty sponsorAFMName)
9Ν814690Β3-Λ6Η,2023-09-27,ΕΝΤΑΛΜΑ ΠΛΗΡΩΜΗΣ ΔΑΠΕΡΓΟΛΑΣ Γ. ΚΩΝΣΤΑΝΤΙΝΟΣ- ΑΝΔΡΟΝΙΚΟΣ (129585310),,,371.19,anonymous sponsor (empty sponsorAFMName)
Ψ7ΡΨ4690Β3-7ΝΑ,2023-09-26,ΕΝΤΑΛΜΑ ΠΛΗΡΩΜΗΣ ΚΡΑΤ.3391-54.04.02.0001 Χ/ΜΑ και ΟΓΑ Χ/ΜΩΝ (001514),,,0.47,anonymous sponsor (empty sponsorAFMName)
ΨΝΙΓ4690Β3-ΨΘΩ,2023-09-26,ΕΝΤΑΛΜΑ ΠΛΗΡΩΜΗΣ ΚΡΑΤ.3391-53.20.00.0001 ΕΛΛΗΝΙΚΟ ΔΗΜΟΣΙΟ (001506),,,267.49,anonymous sponsor (empty sponsorAFMName)
ΨΝΚ14690Β3-ΙΡΚ,2023-09-26,ΕΝΤΑΛΜΑ ΠΛΗΡΩΜΗΣ ΚΡΑΤ.3391-53.20.00.0001 ΕΛΛΗΝΙΚΟ ΔΗΜΟΣΙΟ (001506),,,13.38,anonymous sponsor (empty sponsorAFMName)
9ΚΥ54690Β3-ΦΑΖ,2023-09-26,ΕΝΤΑΛΜΑ ΠΛΗΡΩΜΗΣ ΚΡΑΤ.3391-54.04.02.0001 Χ/ΜΑ και ΟΓΑ Χ/ΜΩΝ (001514),,,17.23,anonymous sponsor (empty sponsorAFMName)
92Δ14690Β3-ΞΑ9,2023-09-26,ΕΝΤΑΛΜΑ ΠΛΗΡΩΜΗΣ ΚΡΑΤ.3391-54.09.14.0001 ΦΟΡΟΣ ΠΡΟΜΗΘΕΥΤΩΝ (001510),,,23485.35,anonymous sponsor (empty sponsorAFMName)
ΨΡΙ94690Β3-ΓΨΔ,2023-09-26,ΕΝΤΑΛΜΑ ΠΛΗΡΩΜΗΣ ΚΡΑΤ.3391-53.20.00.0001 ΕΛΛΗΝΙΚΟ ΔΗΜΟΣΙΟ (001506),,,7348.22,anonymous sponsor (empty sponsorAFMName)
62ΗΑ4690Β3-Π4Θ,2023-09-26,ΕΝΤΑΛΜΑ ΠΛΗΡΩΜΗΣ ΚΡΑΤ.3391-53.20.00.0001 ΕΛΛΗΝΙΚΟ ΔΗΜΟΣΙΟ (001506),,,276.35,anonymous sponsor (empty sponsorAFMName)
93ΔΞ4690Β3-2ΒΦ,2023-09-26,ΕΝΤΑΛΜΑ ΠΛΗΡΩΜΗΣ ΚΡΑΤ.3391-53.20.00.0001 ΕΛΛΗΝΙΚΟ ΔΗΜΟΣΙΟ (001506),,,14.42,anonymous sponsor (empty sponsorAFMName)
9ΙΒ54690Β3-ΝΙΨ,2023-09-26,ΕΝΤΑΛΜΑ ΠΛΗΡΩΜΗΣ ΚΡΑΤ.3391-53.20.00.0001 ΕΛΛΗΝΙΚΟ ΔΗΜΟΣΙΟ (001506),,,213.74,anonymous sponsor (empty sponsorAFMName)
9Π9Ω4690Β3-2ΑΒ,2023-09-12,ΕΝΤΑΛΜΑ ΠΛΗΡΩΜΗΣ ΚΟΙΝΟΧΡΗΣΤΑ (001648),,,142.92,anonymous sponsor (empty sponsorAFMName)
6ΕΦΞ4690Β3-6Τ2,2023-09-07,ΕΝΤΑΛΜΑ ΠΛΗΡΩΜΗΣ ΚΕΡΚΥΡΑΪΚΗ ΕΤΑΙΡΕΙΑ ΚΡΕΑΤΩΝ ΑΕ (099346780),,,8735.64,anonymous sponsor (empty sponsorAFMName)
Ψ5Δ54690Β3-ΕΜΜ,2023-09-05,ΕΝΤΑΛΜΑ ΠΛΗΡΩΜΗΣ ΕΠΙΣΤΡΟΦΗ ΕΞΕΤ/ΤΡΩΝ ΛΟΓΩ ΝΟΣΗΛΕΙΑΣ (001633),,,4930.00,anonymous sponsor (empty sponsorAFMName)
6Ω3Μ4690Β3-0ΕΤ,2023-09-01,ΕΝΤΑΛΜΑ ΠΛΗΡΩΜΗΣ ΟΔΟΙΠΟΡΙΚΑ ΕΞΟΔΑ ΠΡΟΣ. ΝΟΣ/ΜΕΙΟΥ (001626),,,113.60,anonymous sponsor (empty sponsorAFMName)
ΨΞΦΙ4690Β3-ΤΦΖ,2023-09-01,ΕΝΤΑΛΜΑ ΠΛΗΡΩΜΗΣ ΟΔΟΙΠΟΡΙΚΑ ΕΞΟΔΑ ΠΡΟΣ. ΝΟΣ/ΜΕΙΟΥ (001626),,,89.00,anonymous sponsor (empty sponsorAFMName)
9Ε1Χ4690Β3-57Λ,2023-09-01,ΕΝΤΑΛΜΑ ΠΛΗΡΩΜΗΣ ΟΔΟΙΠΟΡΙΚΑ ΕΞΟΔΑ ΠΡΟΣ. ΝΟΣ/ΜΕΙΟΥ (001626),,,35.10,anonymous sponsor (empty sponsorAFMName)
Ω8ΞΜ4690Β3-ΑΕΕ,2023-09-01,ΕΝΤΑΛΜΑ ΠΛΗΡΩΜΗΣ ΟΔΟΙΠΟΡΙΚΑ ΕΞΟΔΑ ΠΡΟΣ. ΝΟΣ/ΜΕΙΟΥ (001626),,,19.80,anonymous sponsor (empty sponsorAFMName)
ΨΣΑ54690Β3-Ε2Θ,2023-09-01,ΕΝΤΑΛΜΑ ΠΛΗΡΩΜΗΣ ΟΔΟΙΠΟΡΙΚΑ ΕΞΟΔΑ ΠΡΟΣ. ΝΟΣ/ΜΕΙΟΥ (001626),,,24.50,anonymous sponsor (empty sponsorAFMName)
ΨΣΒ84690Β3-ΜΡΑ,2023-09-01,ΕΝΤΑΛΜΑ ΠΛΗΡΩΜΗΣ ΟΔΟΙΠΟΡΙΚΑ ΕΞΟΔΑ ΠΡΟΣ. ΝΟΣ/ΜΕΙΟΥ (001626),,,24.70,anonymous sponsor (empty sponsorAFMName)
6ΟΠΠ4690Β3-ΣΞΒ,2023-09-01,ΕΝΤΑΛΜΑ ΠΛΗΡΩΜΗΣ ΟΔΟΙΠΟΡΙΚΑ ΕΞΟΔΑ ΠΡΟΣ. ΝΟΣ/ΜΕΙΟΥ (001626),,,15.60,anonymous sponsor (empty sponsorAFMName)
ΩΝΚ54690Β3-ΚΕΩ,2023-09-01,ΕΝΤΑΛΜΑ ΠΛΗΡΩΜΗΣ ΟΔΟΙΠΟΡΙΚΑ ΕΞΟΔΑ ΠΡΟΣ. ΝΟΣ/ΜΕΙΟΥ (001626),,,83.00,anonymous sponsor (empty sponsorAFMName)
ΩΧ664690Β3-659,2023-09-01,ΕΝΤΑΛΜΑ ΠΛΗΡΩΜΗΣ ΟΔΟΙΠΟΡΙΚΑ ΕΞΟΔΑ ΠΡΟΣ. ΝΟΣ/ΜΕΙΟΥ (001626),,,20.40,anonymous sponsor (empty sponsorAFMName)
ΨΞΤ14690Β3-ΜΒΑ,2023-09-01,ΕΝΤΑΛΜΑ ΠΛΗΡΩΜΗΣ ΟΔΟΙΠΟΡΙΚΑ ΕΞΟΔΑ ΠΡΟΣ. ΝΟΣ/ΜΕΙΟΥ (001626),,,15.60,anonymous sponsor (empty sponsorAFMName)
612Υ4690Β3-ΩΩΔ,2023-09-01,ΕΝΤΑΛΜΑ ΠΛΗΡΩΜΗΣ ΟΔΟΙΠΟΡΙΚΑ ΕΞΟΔΑ ΠΡΟΣ. ΝΟΣ/ΜΕΙΟΥ (001626),,,15.60,anonymous sponsor (empty sponsorAFMName)
6ΛΗΧ4690Β3-ΠΒΙ,2023-09-01,ΕΝΤΑΛΜΑ ΠΛΗΡΩΜΗΣ ΟΔΟΙΠΟΡΙΚΑ ΕΞΟΔΑ ΠΡΟΣ. ΝΟΣ/ΜΕΙΟΥ (001626),,,40.40,anonymous sponsor (empty sponsorAFMName)
Ψ3Θ94690Β3-Κ4Μ,2023-09-01,ΕΝΤΑΛΜΑ ΠΛΗΡΩΜΗΣ ΕΞΟΔΑ ΣΥΜΜΕΤΟΧΗΣ ΣΕ ΣΥΝΕΔΡΙΟ (001639),,,70.00,anonymous sponsor (empty sponsorAFMName)
6Λ1Η4690Β3-ΩΣΔ,2023-09-01,ΕΝΤΑΛΜΑ ΠΛΗΡΩΜΗΣ ΑΠΟΖΗΜΙΩΣΗ ΕΦΗΜΕΡΙΩΝ (002535),,,1064.09,anonymous sponsor (empty sponsorAFMName)
ΩΝ924690Β3-ΟΥΨ,2023-08-31,ΕΝΤΑΛΜΑ ΠΛΗΡΩΜΗΣ ΚΩΝΣΤΑΝΤΙΝΟΣ ΑΝΑΣΤΟΠΟΥΛΟΣ-ΑΙΚΑΤΕΡΙΝΗ ΝΑΤΣΗ Ο.Ε. (800544921),,,1612.00,anonymous sponsor (empty sponsorAFMName)
6ΧΥΩ4690Β3-5ΟΗ,2023-08-31,ΕΝΤΑΛΜΑ ΠΛΗΡΩΜΗΣ DRAEGER HELLAS A.E (997799268),,,322.40,anonymous sponsor (empty sponsorAFMName)
ΡΠΡΝ4690Β3-ΟΕ3,2023-08-31,ΕΝΤΑΛΜΑ ΠΛΗΡΩΜΗΣ ΔΑΠΕΡΓΟΛΑΣ Γ. ΚΩΝΣΤΑΝΤΙΝΟΣ- ΑΝΔΡΟΝΙΚΟΣ (129585310),,,99.99,anonymous sponsor (empty sponsorAFMName)
6ΘΧΨ4690Β3-ΧΥΕ,2023-08-31,ΕΝΤΑΛΜΑ ΠΛΗΡΩΜΗΣ DRAEGER HELLAS A.E (997799268),,,1595.88,anonymous sponsor (empty sponsorAFMName)
6Υ4Ι4690Β3-Ξ3Ζ,2023-08-30,ΕΝΤΑΛΜΑ ΠΛΗΡΩΜΗΣ ΑΠΟΖΗΜΙΩΣΗ ΓΙΑ ΝΥΧΤΕΡΙΝΑ-ΕΞΑΙΡΕΣΙΜΑ-ΥΠΕΡΩΡ.ΑΠΑΣΧΟΛΗΣΗ (001628),,,478.62,anonymous sponsor (empty sponsorAFMName)
6ΓΥΤ4690Β3-ΨΟ6,2023-08-30,ΕΝΤΑΛΜΑ ΠΛΗΡΩΜΗΣ ΑΠΟΖΗΜΙΩΣΗ ΓΙΑ ΝΥΧΤΕΡΙΝΑ-ΕΞΑΙΡΕΣΙΜΑ-ΥΠΕΡΩΡ.ΑΠΑΣΧΟΛΗΣΗ (001628),,,114.08,anonymous sponsor (empty sponsorAFMName)
ΩΧ3Γ4690Β3-Ε4Γ,2023-08-30,ΕΝΤΑΛΜΑ ΠΛΗΡΩΜΗΣ ΑΠΟΖΗΜΙΩΣΗ ΓΙΑ ΝΥΧΤΕΡΙΝΑ-ΕΞΑΙΡΕΣΙΜΑ-ΥΠΕΡΩΡ.ΑΠΑΣΧΟΛΗΣΗ (001628),,,7681.56,anonymous sponsor (empty sponsorAFMName)
9ΣΘΖ4690Β3-ΚΩΣ,2023-08-30,ΕΝΤΑΛΜΑ ΠΛΗΡΩΜΗΣ ΑΠΟΖΗΜΙΩΣΗ ΓΙΑ ΝΥΧΤΕΡΙΝΑ-ΕΞΑΙΡΕΣΙΜΑ-ΥΠΕΡΩΡ.ΑΠΑΣΧΟΛΗΣΗ (001628),,,102.89,anonymous sponsor (empty sponsorAFMName)
981Υ4690Β3-Δ6Ρ,2023-08-30,ΕΝΤΑΛΜΑ ΠΛΗΡΩΜΗΣ ΑΠΟΖΗΜΙΩΣΗ ΓΙΑ ΝΥΧΤΕΡΙΝΑ-ΕΞΑΙΡΕΣΙΜΑ-ΥΠΕΡΩΡ.ΑΠΑΣΧΟΛΗΣΗ (001628),,,1763.55,anonymous sponsor (empty sponsorAFMName)
ΨΑ994690Β3-ΘΑ7,2023-08-30,ΕΝΤΑΛΜΑ ΠΛΗΡΩΜΗΣ ΑΠΟΖΗΜΙΩΣΗ ΓΙΑ ΝΥΧΤΕΡΙΝΑ-ΕΞΑΙΡΕΣΙΜΑ-ΥΠΕΡΩΡ.ΑΠΑΣΧΟΛΗΣΗ (001628),,,2925.45,anonymous sponsor (empty sponsorAFMName)
685Ψ4690Β3-Ψ35,2023-08-30,ΕΝΤΑΛΜΑ ΠΛΗΡΩΜΗΣ ΚΡΑΤ.3391-53.20.00.0001 ΕΛΛΗΝΙΚΟ ΔΗΜΟΣΙΟ (001506),,,290.14,anonymous sponsor (empty sponsorAFMName)
ΡΕΥ94690Β3-798,2023-08-30,ΕΝΤΑΛΜΑ ΠΛΗΡΩΜΗΣ ΑΠΟΖΗΜΙΩΣΗ ΓΙΑ ΝΥΧΤΕΡΙΝΑ-ΕΞΑΙΡΕΣΙΜΑ-ΥΠΕΡΩΡ.ΑΠΑΣΧΟΛΗΣΗ (001628),,,875.31,anonymous sponsor (empty sponsorAFMName)
9ΕΤΦ4690Β3-ΨΞΓ,2023-08-30,ΕΝΤΑΛΜΑ ΠΛΗΡΩΜΗΣ ΑΠΟΖΗΜΙΩΣΗ ΓΙΑ ΝΥΧΤΕΡΙΝΑ-ΕΞΑΙΡΕΣΙΜΑ-ΥΠΕΡΩΡ.ΑΠΑΣΧΟΛΗΣΗ (001628),,,6685.31,anonymous sponsor (empty sponsorAFMName)
ΨΨΒΥ4690Β3-Θ92,2023-08-30,ΕΝΤΑΛΜΑ ΠΛΗΡΩΜΗΣ ΑΠΟΖΗΜΙΩΣΗ ΓΙΑ ΝΥΧΤΕΡΙΝΑ-ΕΞΑΙΡΕΣΙΜΑ-ΥΠΕΡΩΡ.ΑΠΑΣΧΟΛΗΣΗ (001628),,,1823.79,anonymous sponsor (empty sponsorAFMName)
6ΗΚΠ4690Β3-ΠΣΘ,2023-08-30,ΕΝΤΑΛΜΑ ΠΛΗΡΩΜΗΣ ΑΠΟΖΗΜΙΩΣΗ ΓΙΑ ΝΥΧΤΕΡΙΝΑ-ΕΞΑΙΡΕΣΙΜΑ-ΥΠΕΡΩΡ.ΑΠΑΣΧΟΛΗΣΗ (001628),,,360.71,anonymous sponsor (empty sponsorAFMName)
ΨΝΛΣ4690Β3-5ΕΡ,2023-08-30,ΕΝΤΑΛΜΑ ΠΛΗΡΩΜΗΣ ΑΠΟΖΗΜΙΩΣΗ ΓΙΑ ΝΥΧΤΕΡΙΝΑ-ΕΞΑΙΡΕΣΙΜΑ-ΥΠΕΡΩΡ.ΑΠΑΣΧΟΛΗΣΗ (001628),,,305.76,anonymous sponsor (empty sponsorAFMName)
ΩΖΧΧ4690Β3-03Σ,2023-08-30,ΕΝΤΑΛΜΑ ΠΛΗΡΩΜΗΣ ΑΠΟΖΗΜΙΩΣΗ ΓΙΑ ΝΥΧΤΕΡΙΝΑ-ΕΞΑΙΡΕΣΙΜΑ-ΥΠΕΡΩΡ.ΑΠΑΣΧΟΛΗΣΗ (001628),,,6206.04,anonymous sponsor (empty sponsorAFMName)
ΨΟΧΧ4690Β3-ΚΨΣ,2023-08-30,ΕΝΤΑΛΜΑ ΠΛΗΡΩΜΗΣ ΑΠΟΖΗΜΙΩΣΗ ΓΙΑ ΝΥΧΤΕΡΙΝΑ-ΕΞΑΙΡΕΣΙΜΑ-ΥΠΕΡΩΡ.ΑΠΑΣΧΟΛΗΣΗ (001628),,,1415.32,anonymous sponsor (empty sponsorAFMName)
Ψ3Α04690Β3-ΓΦΩ,2023-08-30,ΕΝΤΑΛΜΑ ΠΛΗΡΩΜΗΣ ΑΠΟΖΗΜΙΩΣΗ ΓΙΑ ΝΥΧΤΕΡΙΝΑ-ΕΞΑΙΡΕΣΙΜΑ-ΥΠΕΡΩΡ.ΑΠΑΣΧΟΛΗΣΗ (001628),,,312.11,anonymous sponsor (empty sponsorAFMName)
Ρ1Α54690Β3-0Γ8,2023-08-30,ΕΝΤΑΛΜΑ ΠΛΗΡΩΜΗΣ ΑΠΟΖΗΜΙΩΣΗ ΓΙΑ ΝΥΧΤΕΡΙΝΑ-ΕΞΑΙΡΕΣΙΜΑ-ΥΠΕΡΩΡ.ΑΠΑΣΧΟΛΗΣΗ (001628),,,1247.48,anonymous sponsor (empty sponsorAFMName)
9Σ0Δ4690Β3-Χ4Β,2023-08-30,ΕΝΤΑΛΜΑ ΠΛΗΡΩΜΗΣ ΑΠΟΖΗΜΙΩΣΗ ΓΙΑ ΝΥΧΤΕΡΙΝΑ-ΕΞΑΙΡΕΣΙΜΑ-ΥΠΕΡΩΡ.ΑΠΑΣΧΟΛΗΣΗ (001628),,,820.13,anonymous sponsor (empty sponsorAFMName)
ΨΥΓΣ4690Β3-ΝΗΕ,2023-08-30,ΕΝΤΑΛΜΑ ΠΛΗΡΩΜΗΣ ΑΠΟΖΗΜΙΩΣΗ ΓΙΑ ΝΥΧΤΕΡΙΝΑ-ΕΞΑΙΡΕΣΙΜΑ-ΥΠΕΡΩΡ.ΑΠΑΣΧΟΛΗΣΗ (001628),,,1941.02,anonymous sponsor (empty sponsorAFMName)
ΨΒΙΚ4690Β3-Ι6Σ,2023-08-30,ΕΝΤΑΛΜΑ ΠΛΗΡΩΜΗΣ ΑΠΟΖΗΜΙΩΣΗ ΓΙΑ ΝΥΧΤΕΡΙΝΑ-ΕΞΑΙΡΕΣΙΜΑ-ΥΠΕΡΩΡ.ΑΠΑΣΧΟΛΗΣΗ (001628),,,3284.85,anonymous sponsor (empty sponsorAFMName)
68ΘΡ4690Β3-ΤΟΥ,2023-08-30,ΕΝΤΑΛΜΑ ΠΛΗΡΩΜΗΣ ΑΠΟΖΗΜΙΩΣΗ ΓΙΑ ΝΥΧΤΕΡΙΝΑ-ΕΞΑΙΡΕΣΙΜΑ-ΥΠΕΡΩΡ.ΑΠΑΣΧΟΛΗΣΗ (001628),,,3597.68,anonymous sponsor (empty sponsorAFMName)
6ΕΧΠ4690Β3-Α6Λ,2023-08-30,ΕΝΤΑΛΜΑ ΠΛΗΡΩΜΗΣ ΑΠΟΖΗΜΙΩΣΗ ΓΙΑ ΝΥΧΤΕΡΙΝΑ-ΕΞΑΙΡΕΣΙΜΑ-ΥΠΕΡΩΡ.ΑΠΑΣΧΟΛΗΣΗ (001628),,,1554.09,anonymous sponsor (empty sponsorAFMName)
9ΖΒ54690Β3-ΛΡΠ,2023-08-30,ΕΝΤΑΛΜΑ ΠΛΗΡΩΜΗΣ ΑΠΟΖΗΜΙΩΣΗ ΓΙΑ ΝΥΧΤΕΡΙΝΑ-ΕΞΑΙΡΕΣΙΜΑ-ΥΠΕΡΩΡ.ΑΠΑΣΧΟΛΗΣΗ (001628),,,6663.61,anonymous sponsor (empty sponsorAFMName)
681Ζ4690Β3-ΝΩΓ,2023-08-30,ΕΝΤΑΛΜΑ ΠΛΗΡΩΜΗΣ ΑΠΟΖΗΜΙΩΣΗ ΓΙΑ ΝΥΧΤΕΡΙΝΑ-ΕΞΑΙΡΕΣΙΜΑ-ΥΠΕΡΩΡ.ΑΠΑΣΧΟΛΗΣΗ (001628),,,200.81,anonymous sponsor (empty sponsorAFMName)
Ψ68Ι4690Β3-684,2023-08-30,ΕΝΤΑΛΜΑ ΠΛΗΡΩΜΗΣ ΑΠΟΖΗΜΙΩΣΗ ΓΙΑ ΝΥΧΤΕΡΙΝΑ-ΕΞΑΙΡΕΣΙΜΑ-ΥΠΕΡΩΡ.ΑΠΑΣΧΟΛΗΣΗ (001628),,,8321.87,anonymous sponsor (empty sponsorAFMName)
9Π384690Β3-ΡΡΟ,2023-08-30,ΕΝΤΑΛΜΑ ΠΛΗΡΩΜΗΣ ΑΠΟΖΗΜΙΩΣΗ ΓΙΑ ΝΥΧΤΕΡΙΝΑ-ΕΞΑΙΡΕΣΙΜΑ-ΥΠΕΡΩΡ.ΑΠΑΣΧΟΛΗΣΗ (001628),,,1199.60,anonymous sponsor (empty sponsorAFMName)
ΨΤ4Γ4690Β3-ΡΝ5,2023-08-30,ΕΝΤΑΛΜΑ ΠΛΗΡΩΜΗΣ ΑΠΟΖΗΜΙΩΣΗ ΕΦΗΜΕΡΙΩΝ (002535),,,2236.25,anonymous sponsor (empty sponsorAFMName)
Ψ4674690Β3-5ΗΛ,2023-08-30,ΕΝΤΑΛΜΑ ΠΛΗΡΩΜΗΣ ΑΠΟΖΗΜΙΩΣΗ ΕΦΗΜΕΡΙΩΝ (002535),,,323.40,anonymous sponsor (empty sponsorAFMName)
68Α44690Β3-8ΟΔ,2023-08-30,ΕΝΤΑΛΜΑ ΠΛΗΡΩΜΗΣ ΑΠΟΖΗΜΙΩΣΗ ΕΦΗΜΕΡΙΩΝ (002535),,,1318.03,anonymous sponsor (empty sponsorAFMName)
64ΖΓ4690Β3-8ΩΣ,2023-08-30,ΕΝΤΑΛΜΑ ΠΛΗΡΩΜΗΣ ΑΠΟΖΗΜΙΩΣΗ ΕΦΗΜΕΡΙΩΝ (002535),,,19124.28,anonymous sponsor (empty sponsorAFMName)
ΨΓ094690Β3-ΠΟ8,2023-08-30,ΕΝΤΑΛΜΑ ΠΛΗΡΩΜΗΣ ΑΠΟΖΗΜΙΩΣΗ ΕΦΗΜΕΡΙΩΝ (002535),,,868.48,anonymous sponsor (empty sponsorAFMName)
67254690Β3-ΔΣΩ,2023-08-30,ΕΝΤΑΛΜΑ ΠΛΗΡΩΜΗΣ ΑΠΟΖΗΜΙΩΣΗ ΕΦΗΜΕΡΙΩΝ (002535),,,18906.56,anonymous sponsor (empty sponsorAFMName)
6ΨΛ74690Β3-Θ1Ρ,2023-08-30,ΕΝΤΑΛΜΑ ΠΛΗΡΩΜΗΣ ΑΠΟΖΗΜΙΩΣΗ ΕΦΗΜΕΡΙΩΝ (002535),,,4615.52,anonymous sponsor (empty sponsorAFMName)
ΨΓ0Μ4690Β3-ΙΦ8,2023-08-30,ΕΝΤΑΛΜΑ ΠΛΗΡΩΜΗΣ ΑΠΟΖΗΜΙΩΣΗ ΕΦΗΜΕΡΙΩΝ (002535),,,73906.80,anonymous sponsor (empty sponsorAFMName)
ΡΟΕΜ4690Β3-3ΓΕ,2023-08-29,ΕΝΤΑΛΜΑ ΠΛΗΡΩΜΗΣ ΕΠΙΚΟΥΡΙΚΟ ΝΟΣΗΛΕΥΤΙΚΟ-ΠΑΡΑΪΑΤΡΙΚΟ ΠΡΟΣΩΠΙΚΟ (000001634),,,1548.12,anonymous sponsor (empty sponsorAFMName)
9ΟΠΞ4690Β3-7ΙΩ,2023-08-29,ΕΝΤΑΛΜΑ ΠΛΗΡΩΜΗΣ EΠΙΚΟΥΡΙΚΟΙ ΙΑΤΡΟΙ Ε.Σ.Υ. (000001629),,,6628.19,anonymous sponsor (empty sponsorAFMName)
Ρ9ΗΝ4690Β3-ΨΜΔ,2023-08-29,ΕΝΤΑΛΜΑ ΠΛΗΡΩΜΗΣ ΕΠΙΚΟΥΡΙΚΟ ΝΟΣΗΛΕΥΤΙΚΟ-ΠΑΡΑΪΑΤΡΙΚΟ ΠΡΟΣΩΠΙΚΟ (000001634),,,1610.99,anonymous sponsor (empty sponsorAFMName)
ΨΧ9Υ4690Β3-ΗΜΙ,2023-08-29,ΕΝΤΑΛΜΑ ΠΛΗΡΩΜΗΣ ΕΠΙΚΟΥΡΙΚΟ ΝΟΣΗΛΕΥΤΙΚΟ-ΠΑΡΑΪΑΤΡΙΚΟ ΠΡΟΣΩΠΙΚΟ (000001634),,,110720.59,anonymous sponsor (empty sponsorAFMName)
9ΨΜ84690Β3-6ΦΒ,2023-08-29,ΕΝΤΑΛΜΑ ΠΛΗΡΩΜΗΣ ΑΠΟΖΗΜΕΙΩΣΗ ΤΕΙ-ΑΣΚΟΥΜΕΝΩΝ Ο.Α.Ε.Δ. (001607),,,132.32,anonymous sponsor (empty sponsorAFMName)
9ΥΜΗ4690Β3-Ψ0Π,2023-08-29,ΕΝΤΑΛΜΑ ΠΛΗΡΩΜΗΣ ΑΠΟΖΗΜΕΙΩΣΗ ΤΕΙ-ΑΣΚΟΥΜΕΝΩΝ Ο.Α.Ε.Δ. (001607),,,479.36,anonymous sponsor (empty sponsorAFMName)
Ψ8Γ54690Β3-Θ7Δ,2023-08-29,ΕΝΤΑΛΜΑ ΠΛΗΡΩΜΗΣ ΕΠΙΚΟΥΡΙΚΟ ΝΟΣΗΛΕΥΤΙΚΟ-ΠΑΡΑΪΑΤΡΙΚΟ ΠΡΟΣΩΠΙΚΟ (000001634),,,94.16,anonymous sponsor (empty sponsorAFMName)
ΨΟ2Λ4690Β3-ΔΝ7,2023-08-29,ΕΝΤΑΛΜΑ ΠΛΗΡΩΜΗΣ ΕΡΓΟΔ.ΕΙΣΦ.ΙΚΑ ΑΣΚΟΥΜ.ΤΕΕ-ΙΕΚ.ΧΩΡ.ΑΜΟΙΒ.ΓΙΑ ΑΤΥΧΗΜ (001690),,,10.11,anonymous sponsor (empty sponsorAFMName)
9ΩΓΤ4690Β3-Ω9Δ,2023-08-29,ΕΝΤΑΛΜΑ ΠΛΗΡΩΜΗΣ ΕΠΙΚΟΥΡΙΚΟ ΝΟΣΗΛΕΥΤΙΚΟ-ΠΑΡΑΪΑΤΡΙΚΟ ΠΡΟΣΩΠΙΚΟ (000001634),,,1538.84,anonymous sponsor (empty sponsorAFMName)
90Χ54690Β3-ΨΧΑ,2023-08-29,ΕΝΤΑΛΜΑ ΠΛΗΡΩΜΗΣ ΕΠΙΚΟΥΡΙΚΟ ΝΟΣΗΛΕΥΤΙΚΟ-ΠΑΡΑΪΑΤΡΙΚΟ ΠΡΟΣΩΠΙΚΟ (000001634),,,38593.13,anonymous sponsor (empty sponsorAFMName)
Ψ5Β44690Β3-Μ14,2023-08-29,ΕΝΤΑΛΜΑ ΠΛΗΡΩΜΗΣ EΠΙΚΟΥΡΙΚΟΙ ΙΑΤΡΟΙ Ε.Σ.Υ. (000001629),,,50460.95,anonymous sponsor (empty sponsorAFMName)
6ΩΚ64690Β3-62Ψ,2023-08-29,ΕΝΤΑΛΜΑ ΠΛΗΡΩΜΗΣ ΕΠΟΧΙΚΟ ΠΡΟΣΩΠΙΚΟ ΚΑΘΑΡΙΟΤΗΤΑΣ (999111999),,,38841.72,anonymous sponsor (empty sponsorAFMName)
9ΙΩΟ4690Β3-ΕΜΘ,2023-08-22,ΕΝΤΑΛΜΑ ΠΛΗΡΩΜΗΣ ΔΑΠΕΡΓΟΛΑΣ Γ. ΚΩΝΣΤΑΝΤΙΝΟΣ- ΑΝΔΡΟΝΙΚΟΣ (129585310),,,1488.00,anonymous sponsor (empty sponsorAFMName)
ΨΦΣΒ4690Β3-ΒΥΓ,2023-08-22,ΕΝΤΑΛΜΑ ΠΛΗΡΩΜΗΣ ΚΕΡΚΥΡΑΪΚΕΣ ΜΕΤΑΦΟΡΕΣ ΙΟΝΙΚΗ (081278881),,,9.99,anonymous sponsor (empty sponsorAFMName)
98ΦΥ4690Β3-6ΛΧ,2023-08-22,ΕΝΤΑΛΜΑ ΠΛΗΡΩΜΗΣ ΕΠΙΣΤΡΟΦΕΣ ΛΟΙΠΩΝ ΠΕΡΙΠΤΩΣΕΩΝ (001653),,,287299.56,anonymous sponsor (empty sponsorAFMName)
9ΣΦΧ4690Β3-2ΗΖ,2023-08-22,ΕΝΤΑΛΜΑ ΠΛΗΡΩΜΗΣ ΚΡΑΤ.3391-53.20.00.0001 ΕΛΛΗΝΙΚΟ ΔΗΜΟΣΙΟ (001506),,,162276.28,anonymous sponsor (empty sponsorAFMName)
6Κ914690Β3-Ξ3Ξ,2023-08-22,ΕΝΤΑΛΜΑ ΠΛΗΡΩΜΗΣ ΔΑΠΕΡΓΟΛΑΣ Γ. ΚΩΝΣΤΑΝΤΙΝΟΣ- ΑΝΔΡΟΝΙΚΟΣ (129585310),,,4000.00,anonymous sponsor (empty sponsorAFMName)
9ΙΨΤ4690Β3-9ΗΔ,2023-08-22,ΕΝΤΑΛΜΑ ΠΛΗΡΩΜΗΣ ΔΑΠΕΡΓΟΛΑΣ Γ. ΚΩΝΣΤΑΝΤΙΝΟΣ- ΑΝΔΡΟΝΙΚΟΣ (129585310),,,1023.00,anonymous sponsor (empty sponsorAFMName)
6ΟΖ04690Β3-Ξ6Β,2023-08-22,ΕΝΤΑΛΜΑ ΠΛΗΡΩΜΗΣ ΔΑΠΕΡΓΟΛΑΣ Γ. ΚΩΝΣΤΑΝΤΙΝΟΣ- ΑΝΔΡΟΝΙΚΟΣ (129585310),,,7990.80,anonymous sponsor (empty sponsorAFMName)
6ΔΜ34690Β3-ΖΧΛ,2023-08-22,ΕΝΤΑΛΜΑ ΠΛΗΡΩΜΗΣ ΕΞΟΔΑ ΚΗΔΕΙΑΣ (001603),,,733.67,anonymous sponsor (empty sponsorAFMName)
ΨΒ4Ξ4690Β3-6ΥΘ,2023-08-22,ΕΝΤΑΛΜΑ ΠΛΗΡΩΜΗΣ ΔΙΚΑΙΟΥΧΟΙ ΑΜΟΙΒΩΝ (001600),,,186.00,anonymous sponsor (empty sponsorAFMName)
ΨΣΛΥ4690Β3-019,2023-08-22,ΕΝΤΑΛΜΑ ΠΛΗΡΩΜΗΣ ΚΡΑΤ.3391-54.03.00.0001 Φ.Μ.Υ. (001512),,,85.61,anonymous sponsor (empty sponsorAFMName)
Ψ37Η4690Β3-1Φ6,2023-08-22,ΕΝΤΑΛΜΑ ΠΛΗΡΩΜΗΣ ΕΙΣΦΟΡΕΣ ΑΠΑΣΧ/ΝΩΝ ΟΑΕΔ ΜΕΣΩ ΠΡΟΓ. ΚΟΙΝΩΦ. ΧΑΡΑΚΤΗΡΑ (),,,1996.54,anonymous sponsor (empty sponsorAFMName)
ΨΠ604690Β3-Κ4Ω,2023-08-22,ΕΝΤΑΛΜΑ ΠΛΗΡΩΜΗΣ ΕΙΣΦΟΡΕΣ ΑΠΑΣΧ/ΝΩΝ ΟΑΕΔ ΜΕΣΩ ΠΡΟΓ. ΚΟΙΝΩΦ. ΧΑΡΑΚΤΗΡΑ (),,,4914.09,anonymous sponsor (empty sponsorAFMName)
6Η624690Β3-ΝΤΣ,2023-08-22,ΕΝΤΑΛΜΑ ΠΛΗΡΩΜΗΣ ΚΡΑΤ.3391-54.03.00.0001 Φ.Μ.Υ. (001512),,,249.70,anonymous sponsor (empty sponsorAFMName)
ΩΝΨ54690Β3-ΤΘΨ,2023-08-22,ΕΝΤΑΛΜΑ ΠΛΗΡΩΜΗΣ ΚΡΑΤ.3391-54.04.02.0001 Χ/ΜΑ και ΟΓΑ Χ/ΜΩΝ (001514),,,0.73,anonymous sponsor (empty sponsorAFMName)
ΨΕ124690Β3-Λ6Ρ,2023-08-22,ΕΝΤΑΛΜΑ ΠΛΗΡΩΜΗΣ ΚΡΑΤ.3391-53.20.00.0001 ΕΛΛΗΝΙΚΟ ΔΗΜΟΣΙΟ (001506),,,416.92,anonymous sponsor (empty sponsorAFMName)
Ψ4ΚΨ4690Β3-ΑΔΥ,2023-08-22,ΕΝΤΑΛΜΑ ΠΛΗΡΩΜΗΣ ΚΡΑΤ.3391-53.20.00.0001 ΕΛΛΗΝΙΚΟ ΔΗΜΟΣΙΟ (001506),,,20.88,anonymous sponsor (empty sponsorAFMName)
ΨΚΗΩ4690Β3-ΩΩΒ,2023-08-22,ΕΝΤΑΛΜΑ ΠΛΗΡΩΜΗΣ ΚΡΑΤ.3391-54.04.02.0001 Χ/ΜΑ και ΟΓΑ Χ/ΜΩΝ (001514),,,38.66,anonymous sponsor (empty sponsorAFMName)
608Τ4690Β3-ΗΓΕ,2023-08-22,ΕΝΤΑΛΜΑ ΠΛΗΡΩΜΗΣ ΚΡΑΤ.3391-54.09.14.0001 ΦΟΡΟΣ ΠΡΟΜΗΘΕΥΤΩΝ (001510),,,38643.75,anonymous sponsor (empty sponsorAFMName)
6ΒΧΣ4690Β3-ΦΤΟ,2023-08-22,ΕΝΤΑΛΜΑ ΠΛΗΡΩΜΗΣ ΚΡΑΤ.3391-53.20.00.0001 ΕΛΛΗΝΙΚΟ ΔΗΜΟΣΙΟ (001506),,,16261.42,anonymous sponsor (empty sponsorAFMName)
ΨΗΧΒ4690Β3-ΛΣΛ,2023-08-22,ΕΝΤΑΛΜΑ ΠΛΗΡΩΜΗΣ ΚΡΑΤ.3391-53.20.00.0001 ΕΛΛΗΝΙΚΟ ΔΗΜΟΣΙΟ (001506),,,46.35,anonymous sponsor (empty sponsorAFMName)
Ψ1ΘΣ4690Β3-ΑΡΟ,2023-08-22,ΕΝΤΑΛΜΑ ΠΛΗΡΩΜΗΣ ΚΡΑΤ.3391-53.20.00.0001 ΕΛΛΗΝΙΚΟ ΔΗΜΟΣΙΟ (001506),,,617.77,anonymous sponsor (empty sponsorAFMName)
Ψ2ΛΖ4690Β3-4ΒΣ,2023-08-22,ΕΝΤΑΛΜΑ ΠΛΗΡΩΜΗΣ ΚΡΑΤ.3391-53.20.00.0001 ΕΛΛΗΝΙΚΟ ΔΗΜΟΣΙΟ (001506),,,482.56,anonymous sponsor (empty sponsorAFMName)
9ΓΔ24690Β3-ΠΡΤ,2024-06-12,ΕΝΤΑΛΜΑ ΠΛΗΡΩΜΗΣ ΕΝΟΡΑΣΙΣ ΑΕ (094503580),,,15159.00,anonymous sponsor (empty sponsorAFMName)
Ψ8ΚΠ4690Β3-ΦΧΡ,2024-06-06,ΕΝΤΑΛΜΑ ΠΛΗΡΩΜΗΣ DRAEGER HELLAS A.E (997799268),,,4216.00,anonymous sponsor (empty sponsorAFMName)
6ΨΒΡ4690Β3-ΕΛΞ,2024-06-05,ΕΝΤΑΛΜΑ ΠΛΗΡΩΜΗΣ DRAEGER HELLAS A.E (997799268),,,2866.55,anonymous sponsor (empty sponsorAFMName)
60ΦΣ4690Β3-ΜΦΙ,2024-06-05,ΕΝΤΑΛΜΑ ΠΛΗΡΩΜΗΣ Γ.Ν.ΝΟΣΗΜΑΤΩΝ ΘΩΡΑΚΟΣ ΑΘΗΝ. Η ΣΩΤΗΡΙΑ (999332720),,,692.22,anonymous sponsor (empty sponsorAFMName)
6ΚΤ84690Β3-ΡΝΚ,2024-06-05,ΕΝΤΑΛΜΑ ΠΛΗΡΩΜΗΣ ΝΟΣΟΚΟΜΕΙΟ ΑΦΡΟΔΙΣΙΩΝ   ΔΕΡΜΑΤΙΚΩΝ ΝΟΣΩΝ ΑΘΗΝΑΣ ΑΝΔΡΕΑΣ ΣΥΓΓΡΟΣ (090009795),,,120.12,anonymous sponsor (empty sponsorAFMName)
6Ζ364690Β3-6Δ0,2024-06-05,ΕΝΤΑΛΜΑ ΠΛΗΡΩΜΗΣ 1η Υ.ΠΕ. ΑΤΤΙΚΗΣ-Γ.Ν. ΠΑΙΔΩΝ ΑΘΗΝΩΝ Η ΑΓΙΑ ΣΟΦΙΑ (999332770),,,3.35,anonymous sponsor (empty sponsorAFMName)
603Ν4690Β3-ΑΝ8,2024-06-05,ΕΝΤΑΛΜΑ ΠΛΗΡΩΜΗΣ DRAEGER HELLAS A.E (997799268),,,20832.00,anonymous sponsor (empty sponsorAFMName)
6Α7Κ4690Β3-ΨΞΣ,2024-06-05,ΕΝΤΑΛΜΑ ΠΛΗΡΩΜΗΣ DRAEGER HELLAS A.E (997799268),,,5852.80,anonymous sponsor (empty sponsorAFMName)
665Μ4690Β3-ΩΞ2,2024-06-05,ΕΝΤΑΛΜΑ ΠΛΗΡΩΜΗΣ DRAEGER HELLAS A.E (997799268),,,21452.00,anonymous sponsor (empty sponsorAFMName)
66ΒΙ4690Β3-ΒΨΜ,2024-06-04,ΕΝΤΑΛΜΑ ΠΛΗΡΩΜΗΣ DRAEGER HELLAS A.E (997799268),,,5208.00,anonymous sponsor (empty sponsorAFMName)
ΨΘ094690Β3-ΙΥΦ,2024-06-04,ΕΝΤΑΛΜΑ ΠΛΗΡΩΜΗΣ ΑΝΑΣΤΑΣΙΟΣ ΙΟΡΔΑΝΟΠΟΥΛΟΣ   ΣΙΑ Ε.Ε.-CRIST (082855188),,,167.40,anonymous sponsor (empty sponsorAFMName)
9Ω5Ο4690Β3-ΛΙΒ,2024-06-04,ΕΝΤΑΛΜΑ ΠΛΗΡΩΜΗΣ ΑΠΟΖΗΜΙΩΣΗ ΕΦΗΜΕΡΙΩΝ (002535),,,250.00,anonymous sponsor (empty sponsorAFMName)
6ΚΛΙ4690Β3-3ΑΤ,2024-06-04,ΕΝΤΑΛΜΑ ΠΛΗΡΩΜΗΣ ΑΠΟΖΗΜΙΩΣΗ ΕΦΗΜΕΡΙΩΝ (002535),,,250.00,anonymous sponsor (empty sponsorAFMName)
ΨΟΟΨ4690Β3-ΔΚΦ,2024-06-04,ΕΝΤΑΛΜΑ ΠΛΗΡΩΜΗΣ ΑΠΟΖΗΜΙΩΣΗ ΕΦΗΜΕΡΙΩΝ (002535),,,250.00,anonymous sponsor (empty sponsorAFMName)
ΨΖ6Ο4690Β3-ΥΥΑ,2024-06-04,ΕΝΤΑΛΜΑ ΠΛΗΡΩΜΗΣ ΑΠΟΖΗΜΙΩΣΗ ΕΦΗΜΕΡΙΩΝ (002535),,,5500.00,anonymous sponsor (empty sponsorAFMName)
99534690Β3-Φ55,2024-06-04,ΕΝΤΑΛΜΑ ΠΛΗΡΩΜΗΣ ΑΠΟΖΗΜΙΩΣΗ ΕΦΗΜΕΡΙΩΝ (002535),,,4500.00,anonymous sponsor (empty sponsorAFMName)
ΨΦΟΤ4690Β3-ΛΨΒ,2024-06-04,ΕΝΤΑΛΜΑ ΠΛΗΡΩΜΗΣ ΑΠΟΖΗΜΙΩΣΗ ΕΦΗΜΕΡΙΩΝ (002535),,,4250.00,anonymous sponsor (empty sponsorAFMName)
Ψ5ΞΡ4690Β3-ΠΓ1,2024-06-04,ΕΝΤΑΛΜΑ ΠΛΗΡΩΜΗΣ ΑΠΟΖΗΜΙΩΣΗ ΕΦΗΜΕΡΙΩΝ (002535),,,250.00,anonymous sponsor (empty sponsorAFMName)
6ΚΩΓ4690Β3-24Χ,2024-06-04,ΕΝΤΑΛΜΑ ΠΛΗΡΩΜΗΣ ΑΠΟΖΗΜΙΩΣΗ ΕΦΗΜΕΡΙΩΝ (002535),,,4500.00,anonymous sponsor (empty sponsorAFMName)
63Μ34690Β3-7Ν5,2024-06-04,ΕΝΤΑΛΜΑ ΠΛΗΡΩΜΗΣ ΑΠΟΖΗΜΙΩΣΗ ΕΦΗΜΕΡΙΩΝ (002535),,,750.00,anonymous sponsor (empty sponsorAFMName)
6ΞΚΥ4690Β3-Μ79,2024-06-04,ΕΝΤΑΛΜΑ ΠΛΗΡΩΜΗΣ ΑΠΟΖΗΜΙΩΣΗ ΕΦΗΜΕΡΙΩΝ (002535),,,5000.00,anonymous sponsor (empty sponsorAFMName)
ΨΠ3Ε4690Β3-9ΔΟ,2024-06-04,ΕΝΤΑΛΜΑ ΠΛΗΡΩΜΗΣ ΑΠΟΖΗΜΙΩΣΗ ΕΦΗΜΕΡΙΩΝ (002535),,,6250.00,anonymous sponsor (empty sponsorAFMName)
6Μ2Ξ4690Β3-79Ο,2024-06-03,ΕΝΤΑΛΜΑ ΠΛΗΡΩΜΗΣ ΑΠΟΖΗΜΙΩΣΗ ΓΙΑ ΝΥΧΤΕΡΙΝΑ-ΕΞΑΙΡΕΣΙΜΑ-ΥΠΕΡΩΡ.ΑΠΑΣΧΟΛΗΣΗ (001628),,,762.74,anonymous sponsor (empty sponsorAFMName)
ΨΧ6Σ4690Β3-0ΝΟ,2024-06-03,ΕΝΤΑΛΜΑ ΠΛΗΡΩΜΗΣ ΑΠΟΖΗΜΙΩΣΗ ΕΦΗΜΕΡΙΩΝ (002535),,,93.57,anonymous sponsor (empty sponsorAFMName)
901Ξ4690Β3-Ε78,2024-06-03,ΕΝΤΑΛΜΑ ΠΛΗΡΩΜΗΣ ΑΠΟΖΗΜΙΩΣΗ ΕΦΗΜΕΡΙΩΝ (002535),,,1464.57,anonymous sponsor (empty sponsorAFMName)
Ψ7784690Β3-9ΒΣ,2024-06-03,ΕΝΤΑΛΜΑ ΠΛΗΡΩΜΗΣ ΑΠΟΖΗΜΙΩΣΗ ΕΦΗΜΕΡΙΩΝ (002535),,,758.28,anonymous sponsor (empty sponsorAFMName)
9ΩΠ14690Β3-Α3Ψ,2024-06-03,ΕΝΤΑΛΜΑ ΠΛΗΡΩΜΗΣ ΑΠΟΖΗΜΙΩΣΗ ΕΦΗΜΕΡΙΩΝ (002535),,,10148.49,anonymous sponsor (empty sponsorAFMName)
65964690Β3-08Ψ,2024-06-03,ΕΝΤΑΛΜΑ ΠΛΗΡΩΜΗΣ ΑΠΟΖΗΜΙΩΣΗ ΕΦΗΜΕΡΙΩΝ (002535),,,461.64,anonymous sponsor (empty sponsorAFMName)
ΨΚΩΧ4690Β3-ΡΛΕ,2024-06-03,ΕΝΤΑΛΜΑ ΠΛΗΡΩΜΗΣ ΑΠΟΖΗΜΙΩΣΗ ΕΦΗΜΕΡΙΩΝ (002535),,,960.18,anonymous sponsor (empty sponsorAFMName)
99ΟΝ4690Β3-Ν0Θ,2024-06-03,ΕΝΤΑΛΜΑ ΠΛΗΡΩΜΗΣ ΑΠΟΖΗΜΙΩΣΗ ΕΦΗΜΕΡΙΩΝ (002535),,,9470.84,anonymous sponsor (empty sponsorAFMName)
6ΑΦΚ4690Β3-ΩΜ5,2024-06-03,ΕΝΤΑΛΜΑ ΠΛΗΡΩΜΗΣ ΑΠΟΖΗΜΙΩΣΗ ΓΙΑ ΝΥΧΤΕΡΙΝΑ-ΕΞΑΙΡΕΣΙΜΑ-ΥΠΕΡΩΡ.ΑΠΑΣΧΟΛΗΣΗ (001628),,,1187.88,anonymous sponsor (empty sponsorAFMName)
ΨΚ764690Β3-Η4Σ,2024-06-03,ΕΝΤΑΛΜΑ ΠΛΗΡΩΜΗΣ ΑΠΟΖΗΜΙΩΣΗ ΓΙΑ ΝΥΧΤΕΡΙΝΑ-ΕΞΑΙΡΕΣΙΜΑ-ΥΠΕΡΩΡ.ΑΠΑΣΧΟΛΗΣΗ (001628),,,82.15,anonymous sponsor (empty sponsorAFMName)
9ΧΔΑ4690Β3-ΟΧ9,2024-06-03,ΕΝΤΑΛΜΑ ΠΛΗΡΩΜΗΣ ΑΠΟΖΗΜΙΩΣΗ ΓΙΑ ΝΥΧΤΕΡΙΝΑ-ΕΞΑΙΡΕΣΙΜΑ-ΥΠΕΡΩΡ.ΑΠΑΣΧΟΛΗΣΗ (001628),,,865.13,anonymous sponsor (empty sponsorAFMName)
ΡΒΞΔ4690Β3-ΚΘ1,2024-06-03,ΕΝΤΑΛΜΑ ΠΛΗΡΩΜΗΣ ΑΠΟΖΗΜΙΩΣΗ ΓΙΑ ΝΥΧΤΕΡΙΝΑ-ΕΞΑΙΡΕΣΙΜΑ-ΥΠΕΡΩΡ.ΑΠΑΣΧΟΛΗΣΗ (001628),,,3089.80,anonymous sponsor (empty sponsorAFMName)
Ψ3ΖΙ4690Β3-ΒΘΚ,2024-06-03,ΕΝΤΑΛΜΑ ΠΛΗΡΩΜΗΣ ΑΠΟΖΗΜΙΩΣΗ ΓΙΑ ΝΥΧΤΕΡΙΝΑ-ΕΞΑΙΡΕΣΙΜΑ-ΥΠΕΡΩΡ.ΑΠΑΣΧΟΛΗΣΗ (001628),,,33.83,anonymous sponsor (empty sponsorAFMName)
90ΞΘ4690Β3-Α9Ι,2024-06-03,ΕΝΤΑΛΜΑ ΠΛΗΡΩΜΗΣ ΑΠΟΖΗΜΙΩΣΗ ΓΙΑ ΝΥΧΤΕΡΙΝΑ-ΕΞΑΙΡΕΣΙΜΑ-ΥΠΕΡΩΡ.ΑΠΑΣΧΟΛΗΣΗ (001628),,,7626.91,anonymous sponsor (empty sponsorAFMName)
6ΖΑΜ4690Β3-ΩΛ8,2024-06-03,ΕΝΤΑΛΜΑ ΠΛΗΡΩΜΗΣ ΑΠΟΖΗΜΙΩΣΗ ΓΙΑ ΝΥΧΤΕΡΙΝΑ-ΕΞΑΙΡΕΣΙΜΑ-ΥΠΕΡΩΡ.ΑΠΑΣΧΟΛΗΣΗ (001628),,,408.12,anonymous sponsor (empty sponsorAFMName)
ΨΠ6Ω4690Β3-Ζ9Υ,2024-06-03,ΕΝΤΑΛΜΑ ΠΛΗΡΩΜΗΣ ΑΠΟΖΗΜΙΩΣΗ ΓΙΑ ΝΥΧΤΕΡΙΝΑ-ΕΞΑΙΡΕΣΙΜΑ-ΥΠΕΡΩΡ.ΑΠΑΣΧΟΛΗΣΗ (001628),,,328.28,anonymous sponsor (empty sponsorAFMName)
9Δ134690Β3-ΕΗΗ,2024-06-03,ΕΝΤΑΛΜΑ ΠΛΗΡΩΜΗΣ ΑΠΟΖΗΜΙΩΣΗ ΓΙΑ ΝΥΧΤΕΡΙΝΑ-ΕΞΑΙΡΕΣΙΜΑ-ΥΠΕΡΩΡ.ΑΠΑΣΧΟΛΗΣΗ (001628),,,5172.73,anonymous sponsor (empty sponsorAFMName)
ΨΑΠΚ4690Β3-ΚΨΟ,2024-06-03,ΕΝΤΑΛΜΑ ΠΛΗΡΩΜΗΣ ΑΠΟΖΗΜΙΩΣΗ ΓΙΑ ΝΥΧΤΕΡΙΝΑ-ΕΞΑΙΡΕΣΙΜΑ-ΥΠΕΡΩΡ.ΑΠΑΣΧΟΛΗΣΗ (001628),,,1694.01,anonymous sponsor (empty sponsorAFMName)
9ΥΩΠ4690Β3-ΝΑΛ,2024-06-03,ΕΝΤΑΛΜΑ ΠΛΗΡΩΜΗΣ ΑΠΟΖΗΜΙΩΣΗ ΓΙΑ ΝΥΧΤΕΡΙΝΑ-ΕΞΑΙΡΕΣΙΜΑ-ΥΠΕΡΩΡ.ΑΠΑΣΧΟΛΗΣΗ (001628),,,7041.84,anonymous sponsor (empty sponsorAFMName)
ΨΟ0Ε4690Β3-ΣΛΒ,2024-06-03,ΕΝΤΑΛΜΑ ΠΛΗΡΩΜΗΣ ΑΠΟΖΗΜΙΩΣΗ ΓΙΑ ΝΥΧΤΕΡΙΝΑ-ΕΞΑΙΡΕΣΙΜΑ-ΥΠΕΡΩΡ.ΑΠΑΣΧΟΛΗΣΗ (001628),,,481.25,anonymous sponsor (empty sponsorAFMName)
ΨΩ454690Β3-ΗΝΓ,2024-06-03,ΕΝΤΑΛΜΑ ΠΛΗΡΩΜΗΣ ΑΠΟΖΗΜΙΩΣΗ ΓΙΑ ΝΥΧΤΕΡΙΝΑ-ΕΞΑΙΡΕΣΙΜΑ-ΥΠΕΡΩΡ.ΑΠΑΣΧΟΛΗΣΗ (001628),,,1101.88,anonymous sponsor (empty sponsorAFMName)
ΨΨΤ64690Β3-31Ε,2024-06-03,ΕΝΤΑΛΜΑ ΠΛΗΡΩΜΗΣ ΑΠΟΖΗΜΙΩΣΗ ΓΙΑ ΝΥΧΤΕΡΙΝΑ-ΕΞΑΙΡΕΣΙΜΑ-ΥΠΕΡΩΡ.ΑΠΑΣΧΟΛΗΣΗ (001628),,,1569.29,anonymous sponsor (empty sponsorAFMName)
9Γ324690Β3-ΞΤΩ,2024-06-03,ΕΝΤΑΛΜΑ ΠΛΗΡΩΜΗΣ ΑΠΟΖΗΜΙΩΣΗ ΓΙΑ ΝΥΧΤΕΡΙΝΑ-ΕΞΑΙΡΕΣΙΜΑ-ΥΠΕΡΩΡ.ΑΠΑΣΧΟΛΗΣΗ (001628),,,722.42,anonymous sponsor (empty sponsorAFMName)
6ΞΚΧ4690Β3-ΓΦΗ,2024-06-03,ΕΝΤΑΛΜΑ ΠΛΗΡΩΜΗΣ ΑΠΟΖΗΜΙΩΣΗ ΓΙΑ ΝΥΧΤΕΡΙΝΑ-ΕΞΑΙΡΕΣΙΜΑ-ΥΠΕΡΩΡ.ΑΠΑΣΧΟΛΗΣΗ (001628),,,734.43,anonymous sponsor (empty sponsorAFMName)
9Κ2Υ4690Β3-ΞΑΞ,2024-06-03,ΕΝΤΑΛΜΑ ΠΛΗΡΩΜΗΣ ΑΠΟΖΗΜΙΩΣΗ ΓΙΑ ΝΥΧΤΕΡΙΝΑ-ΕΞΑΙΡΕΣΙΜΑ-ΥΠΕΡΩΡ.ΑΠΑΣΧΟΛΗΣΗ (001628),,,264.63,anonymous sponsor (empty sponsorAFMName)
6ΧΦΣ4690Β3-ΙΒΙ,2024-06-03,ΕΝΤΑΛΜΑ ΠΛΗΡΩΜΗΣ ΑΠΟΖΗΜΙΩΣΗ ΓΙΑ ΝΥΧΤΕΡΙΝΑ-ΕΞΑΙΡΕΣΙΜΑ-ΥΠΕΡΩΡ.ΑΠΑΣΧΟΛΗΣΗ (001628),,,779.08,anonymous sponsor (empty sponsorAFMName)
9ΜΓΞ4690Β3-ΛΓΞ,2024-06-03,ΕΝΤΑΛΜΑ ΠΛΗΡΩΜΗΣ ΑΠΟΖΗΜΙΩΣΗ ΓΙΑ ΝΥΧΤΕΡΙΝΑ-ΕΞΑΙΡΕΣΙΜΑ-ΥΠΕΡΩΡ.ΑΠΑΣΧΟΛΗΣΗ (001628),,,1579.30,anonymous sponsor (empty sponsorAFMName)
ΨΣΨ64690Β3-ΞΗΕ,2024-06-03,ΕΝΤΑΛΜΑ ΠΛΗΡΩΜΗΣ ΑΠΟΖΗΜΙΩΣΗ ΓΙΑ ΝΥΧΤΕΡΙΝΑ-ΕΞΑΙΡΕΣΙΜΑ-ΥΠΕΡΩΡ.ΑΠΑΣΧΟΛΗΣΗ (001628),,,6910.25,anonymous sponsor (empty sponsorAFMName)
9ΕΓ94690Β3-5ΑΦ,2024-06-03,ΕΝΤΑΛΜΑ ΠΛΗΡΩΜΗΣ ΑΠΟΖΗΜΙΩΣΗ ΓΙΑ ΝΥΧΤΕΡΙΝΑ-ΕΞΑΙΡΕΣΙΜΑ-ΥΠΕΡΩΡ.ΑΠΑΣΧΟΛΗΣΗ (001628),,,5547.10,anonymous sponsor (empty sponsorAFMName)
6Ξ7Π4690Β3-0ΤΞ,2024-06-03,ΕΝΤΑΛΜΑ ΠΛΗΡΩΜΗΣ ΑΠΟΖΗΜΙΩΣΗ ΓΙΑ ΝΥΧΤΕΡΙΝΑ-ΕΞΑΙΡΕΣΙΜΑ-ΥΠΕΡΩΡ.ΑΠΑΣΧΟΛΗΣΗ (001628),,,9132.71,anonymous sponsor (empty sponsorAFMName)
Ψ1ΑΥ4690Β3-ΖΓΠ,2024-06-03,ΕΝΤΑΛΜΑ ΠΛΗΡΩΜΗΣ ΑΠΟΖΗΜΙΩΣΗ ΓΙΑ ΝΥΧΤΕΡΙΝΑ-ΕΞΑΙΡΕΣΙΜΑ-ΥΠΕΡΩΡ.ΑΠΑΣΧΟΛΗΣΗ (001628),,,1335.73,anonymous sponsor (empty sponsorAFMName)
ΨΘΜ54690Β3-ΒΓΕ,2024-06-03,ΕΝΤΑΛΜΑ ΠΛΗΡΩΜΗΣ ΑΠΟΖΗΜΙΩΣΗ ΓΙΑ ΝΥΧΤΕΡΙΝΑ-ΕΞΑΙΡΕΣΙΜΑ-ΥΠΕΡΩΡ.ΑΠΑΣΧΟΛΗΣΗ (001628),,,2790.92,anonymous sponsor (empty sponsorAFMName)
9Χ5Υ4690Β3-ΡΧΖ,2024-06-03,ΕΝΤΑΛΜΑ ΠΛΗΡΩΜΗΣ ΑΠΟΖΗΜΙΩΣΗ ΓΙΑ ΝΥΧΤΕΡΙΝΑ-ΕΞΑΙΡΕΣΙΜΑ-ΥΠΕΡΩΡ.ΑΠΑΣΧΟΛΗΣΗ (001628),,,4850.18,anonymous sponsor (empty sponsorAFMName)
ΨΩ4Υ4690Β3-ΨΑΙ,2024-05-31,ΕΝΤΑΛΜΑ ΠΛΗΡΩΜΗΣ ΑΠΟΖΗΜΙΩΣΗ ΕΦΗΜΕΡΙΩΝ (002535),,,1011.50,anonymous sponsor (empty sponsorAFMName)
ΨΣΨΘ4690Β3-ΟΒ3,2024-05-31,ΕΝΤΑΛΜΑ ΠΛΗΡΩΜΗΣ ΑΠΟΖΗΜΙΩΣΗ ΕΦΗΜΕΡΙΩΝ (002535),,,2498.73,anonymous sponsor (empty sponsorAFMName)
ΨΒΞΘ4690Β3-ΕΓΚ,2024-05-31,ΕΝΤΑΛΜΑ ΠΛΗΡΩΜΗΣ ΑΠΟΖΗΜΙΩΣΗ ΕΦΗΜΕΡΙΩΝ (002535),,,23545.53,anonymous sponsor (empty sponsorAFMName)
9ΟΕ34690Β3-ΡΨΨ,2024-05-31,ΕΝΤΑΛΜΑ ΠΛΗΡΩΜΗΣ ΑΠΟΖΗΜΙΩΣΗ ΕΦΗΜΕΡΙΩΝ (002535),,,577.12,anonymous sponsor (empty sponsorAFMName)
628Υ4690Β3-Η2Θ,2024-05-31,ΕΝΤΑΛΜΑ ΠΛΗΡΩΜΗΣ ΑΠΟΖΗΜΙΩΣΗ ΕΦΗΜΕΡΙΩΝ (002535),,,1517.04,anonymous sponsor (empty sponsorAFMName)
ΡΠ3Μ4690Β3-ΡΣΔ,2024-05-31,ΕΝΤΑΛΜΑ ΠΛΗΡΩΜΗΣ ΑΠΟΖΗΜΙΩΣΗ ΕΦΗΜΕΡΙΩΝ (002535),,,16837.42,anonymous sponsor (empty sponsorAFMName)
ΨΜ594690Β3-Ζ52,2024-05-31,ΕΝΤΑΛΜΑ ΠΛΗΡΩΜΗΣ ΑΠΟΖΗΜΙΩΣΗ ΕΦΗΜΕΡΙΩΝ (002535),,,85622.38,anonymous sponsor (empty sponsorAFMName)
9ΞΕΦ4690Β3-3Ο8,2024-05-31,ΕΝΤΑΛΜΑ ΠΛΗΡΩΜΗΣ ΕΠΙΚΟΥΡΙΚΟ ΝΟΣΗΛΕΥΤΙΚΟ-ΠΑΡΑΪΑΤΡΙΚΟ ΠΡΟΣΩΠΙΚΟ (000001634),,,1677.45,anonymous sponsor (empty sponsorAFMName)
604Υ4690Β3-7ΟΡ,2024-05-31,ΕΝΤΑΛΜΑ ΠΛΗΡΩΜΗΣ ΕΠΙΚΟΥΡΙΚΟ ΝΟΣΗΛΕΥΤΙΚΟ-ΠΑΡΑΪΑΤΡΙΚΟ ΠΡΟΣΩΠΙΚΟ (000001634),,,1676.59,anonymous sponsor (empty sponsorAFMName)
Ρ7ΤΣ4690Β3-ΗΩΘ,2024-05-31,ΕΝΤΑΛΜΑ ΠΛΗΡΩΜΗΣ ΕΠΙΚΟΥΡΙΚΟ ΝΟΣΗΛΕΥΤΙΚΟ-ΠΑΡΑΪΑΤΡΙΚΟ ΠΡΟΣΩΠΙΚΟ (000001634),,,392.41,anonymous sponsor (empty sponsorAFMName)
924Ν4690Β3-Κ5Ζ,2024-05-31,ΕΝΤΑΛΜΑ ΠΛΗΡΩΜΗΣ EΠΙΚΟΥΡΙΚΟΙ ΙΑΤΡΟΙ Ε.Σ.Υ. (000001629),,,5846.67,anonymous sponsor (empty sponsorAFMName)
9Δ0Δ4690Β3-Δ70,2024-05-31,ΕΝΤΑΛΜΑ ΠΛΗΡΩΜΗΣ ΕΠΙΚΟΥΡΙΚΟ ΝΟΣΗΛΕΥΤΙΚΟ-ΠΑΡΑΪΑΤΡΙΚΟ ΠΡΟΣΩΠΙΚΟ (000001634),,,111328.21,anonymous sponsor (empty sponsorAFMName)
ΨΩ264690Β3-Γ4Υ,2024-05-31,ΕΝΤΑΛΜΑ ΠΛΗΡΩΜΗΣ ΕΡΓΟΔ.ΕΙΣΦ.ΙΚΑ ΑΣΚΟΥΜ.ΤΕΕ-ΙΕΚ.ΧΩΡ.ΑΜΟΙΒ.ΓΙΑ ΑΤΥΧΗΜ (001690),,,4.04,anonymous sponsor (empty sponsorAFMName)
6ΣΝΩ4690Β3-Φ90,2024-05-31,ΕΝΤΑΛΜΑ ΠΛΗΡΩΜΗΣ ΕΠΙΚΟΥΡΙΚΟ ΝΟΣΗΛΕΥΤΙΚΟ-ΠΑΡΑΪΑΤΡΙΚΟ ΠΡΟΣΩΠΙΚΟ (000001634),,,1748.75,anonymous sponsor (empty sponsorAFMName)
9ΣΟΜ4690Β3-ΒΤ9,2024-05-31,ΕΝΤΑΛΜΑ ΠΛΗΡΩΜΗΣ ΕΠΙΚΟΥΡΙΚΟ ΝΟΣΗΛΕΥΤΙΚΟ-ΠΑΡΑΪΑΤΡΙΚΟ ΠΡΟΣΩΠΙΚΟ (000001634),,,43952.49,anonymous sponsor (empty sponsorAFMName)
62ΘΗ4690Β3-ΗΚΙ,2024-05-31,ΕΝΤΑΛΜΑ ΠΛΗΡΩΜΗΣ EΠΙΚΟΥΡΙΚΟΙ ΙΑΤΡΟΙ Ε.Σ.Υ. (000001629),,,679.32,anonymous sponsor (empty sponsorAFMName)
9ΜΓ94690Β3-ΑΥΞ,2024-05-31,ΕΝΤΑΛΜΑ ΠΛΗΡΩΜΗΣ EΠΙΚΟΥΡΙΚΟΙ ΙΑΤΡΟΙ Ε.Σ.Υ. (000001629),,,55651.08,anonymous sponsor (empty sponsorAFMName)
ΨΕΝΩ4690Β3-ΣΑΤ,2024-05-31,ΕΝΤΑΛΜΑ ΠΛΗΡΩΜΗΣ ΕΠΟΧΙΚΟ ΠΡΟΣΩΠΙΚΟ ΚΑΘΑΡΙΟΤΗΤΑΣ (999111999),,,34441.13,anonymous sponsor (empty sponsorAFMName)
ΨΦ9Χ4690Β3-ΝΥΠ,2024-05-29,ΕΝΤΑΛΜΑ ΠΛΗΡΩΜΗΣ ΚΡΑΤ.3391-54.03.00.0001 Φ.Μ.Υ. (001512),,,91.81,anonymous sponsor (empty sponsorAFMName)
ΨΓ724690Β3-2ΦΤ,2024-05-29,ΕΝΤΑΛΜΑ ΠΛΗΡΩΜΗΣ ΚΡΑΤ.3391-54.03.00.0001 Φ.Μ.Υ. (001512),,,267.32,anonymous sponsor (empty sponsorAFMName)
Ψ7ΟΛ4690Β3-4ΩΛ,2024-05-29,ΕΝΤΑΛΜΑ ΠΛΗΡΩΜΗΣ ΚΡΑΤ.3391-54.04.02.0001 Χ/ΜΑ και ΟΓΑ Χ/ΜΩΝ (),,,2.09,anonymous sponsor (empty sponsorAFMName)
9ΤΠ34690Β3-ΔΓΚ,2024-05-29,ΕΝΤΑΛΜΑ ΠΛΗΡΩΜΗΣ ΚΡΑΤ.3391-53.20.00.0001 ΕΛΛΗΝΙΚΟ ΔΗΜΟΣΙΟ (001506),,,58.79,anonymous sponsor (empty sponsorAFMName)
6Φ864690Β3-ΛΜΜ,2024-05-29,ΕΝΤΑΛΜΑ ΠΛΗΡΩΜΗΣ ΚΡΑΤ.3391-53.20.00.0001 ΕΛΛΗΝΙΚΟ ΔΗΜΟΣΙΟ (001506),,,1173.94,anonymous sponsor (empty sponsorAFMName)
ΨΟΛΘ4690Β3-ΘΛ6,2024-05-29,ΕΝΤΑΛΜΑ ΠΛΗΡΩΜΗΣ ΚΡΑΤ.3391-54.04.02.0001 Χ/ΜΑ και ΟΓΑ Χ/ΜΩΝ (),,,32.32,anonymous sponsor (empty sponsorAFMName)
Ψ0ΙΓ4690Β3-86Ζ,2024-05-29,ΕΝΤΑΛΜΑ ΠΛΗΡΩΜΗΣ ΚΡΑΤ.3391-54.09.14.0001 ΦΟΡΟΣ ΠΡΟΜΗΘΕΥΤΩΝ (001510),,,31437.09,anonymous sponsor (empty sponsorAFMName)
ΡΒ804690Β3-Κ3Ν,2024-05-29,ΕΝΤΑΛΜΑ ΠΛΗΡΩΜΗΣ ΚΡΑΤ.3391-53.20.00.0001 ΕΛΛΗΝΙΚΟ ΔΗΜΟΣΙΟ (001506),,,13430.16,anonymous sponsor (empty sponsorAFMName)
6Φ9Υ4690Β3-4ΗΡ,2024-05-29,ΕΝΤΑΛΜΑ ΠΛΗΡΩΜΗΣ ΚΡΑΤ.3391-53.20.00.0001 ΕΛΛΗΝΙΚΟ ΔΗΜΟΣΙΟ (001506),,,32.94,anonymous sponsor (empty sponsorAFMName)
60304690Β3-ΖΦΧ,2024-05-29,ΕΝΤΑΛΜΑ ΠΛΗΡΩΜΗΣ ΚΡΑΤ.3391-53.20.00.0001 ΕΛΛΗΝΙΚΟ ΔΗΜΟΣΙΟ (001506),,,509.68,anonymous sponsor (empty sponsorAFMName)
ΨΠ8Σ4690Β3-ΨΒ7,2024-05-29,ΕΝΤΑΛΜΑ ΠΛΗΡΩΜΗΣ ΚΡΑΤ.3391-53.20.00.0001 ΕΛΛΗΝΙΚΟ ΔΗΜΟΣΙΟ (001506),,,403.28,anonymous sponsor (empty sponsorAFMName)
6ΡΩΜ4690Β3-Κ30,2024-05-29,ΕΝΤΑΛΜΑ ΠΛΗΡΩΜΗΣ ΕΙΣΦΟΡΕΣ ΑΠΑΣΧ/ΝΩΝ ΟΑΕΔ ΜΕΣΩ ΠΡΟΓ. ΚΟΙΝΩΦ. ΧΑΡΑΚΤΗΡΑ (),,,2057.08,anonymous sponsor (empty sponsorAFMName)
67Γ84690Β3-ΞΙΜ,2024-05-29,ΕΝΤΑΛΜΑ ΠΛΗΡΩΜΗΣ ΕΙΣΦΟΡΕΣ ΑΠΑΣΧ/ΝΩΝ ΟΑΕΔ ΜΕΣΩ ΠΡΟΓ. ΚΟΙΝΩΦ. ΧΑΡΑΚΤΗΡΑ (),,,5035.17,anonymous sponsor (empty sponsorAFMName)
66ΒΓ4690Β3-ΓΩ9,2024-05-28,ΕΝΤΑΛΜΑ ΠΛΗΡΩΜΗΣ DRAEGER HELLAS A.E (997799268),,,714.24,anonymous sponsor (empty sponsorAFMName)
9ΒΩΑ4690Β3-08Ρ,2024-05-24,ΕΝΤΑΛΜΑ ΠΛΗΡΩΜΗΣ ΚΡΑΤ.3391-53.20.00.0001 ΕΛΛΗΝΙΚΟ ΔΗΜΟΣΙΟ (001506),,,124718.62,anonymous sponsor (empty sponsorAFMName)
694Ψ4690Β3-5ΕΚ,2024-05-24,ΕΝΤΑΛΜΑ ΠΛΗΡΩΜΗΣ ΕΠΙΣΤΡΟΦΕΣ ΛΟΙΠΩΝ ΠΕΡΙΠΤΩΣΕΩΝ (001653),,,131031.24,anonymous sponsor (empty sponsorAFMName)
6ΡΑ94690Β3-ΙΜ5,2024-05-24,ΕΝΤΑΛΜΑ ΠΛΗΡΩΜΗΣ ΕΠΙΣΤΡΟΦΕΣ ΛΟΙΠΩΝ ΠΕΡΙΠΤΩΣΕΩΝ (001653),,,904.64,anonymous sponsor (empty sponsorAFMName)
ΨΖΟΦ4690Β3-ΓΙΔ,2024-05-20,ΕΝΤΑΛΜΑ ΠΛΗΡΩΜΗΣ DRAEGER HELLAS A.E (997799268),,,4321.40,anonymous sponsor (empty sponsorAFMName)
Ρ7244690Β3-7ΙΑ,2024-05-20,ΕΝΤΑΛΜΑ ΠΛΗΡΩΜΗΣ DRAEGER HELLAS A.E (997799268),,,2077.00,anonymous sponsor (empty sponsorAFMName)
9ΚΜΒ4690Β3-3ΒΕ,2024-05-20,ΕΝΤΑΛΜΑ ΠΛΗΡΩΜΗΣ DRAEGER HELLAS A.E (997799268),,,948.60,anonymous sponsor (empty sponsorAFMName)
Ψ2ΤΘ4690Β3-71Ο,2024-05-20,ΕΝΤΑΛΜΑ ΠΛΗΡΩΜΗΣ DRAEGER HELLAS A.E (997799268),,,2883.00,anonymous sponsor (empty sponsorAFMName)
6Δ8Τ4690Β3-ΩΤΨ,2024-05-14,ΕΝΤΑΛΜΑ ΠΛΗΡΩΜΗΣ ΕΠΙΣΤΡΟΦΗ ΕΞΕΤ/ΤΡΩΝ ΛΟΓΩ ΝΟΣΗΛΕΙΑΣ (001633),,,7974.00,anonymous sponsor (empty sponsorAFMName)
Ρ67Λ4690Β3-ΗΟΛ,2024-05-13,ΕΝΤΑΛΜΑ ΠΛΗΡΩΜΗΣ ΚΩΝΣΤΑΝΤΙΝΟΣ ΑΝΑΣΤΟΠΟΥΛΟΣ-ΑΙΚΑΤΕΡΙΝΗ ΝΑΤΣΗ Ο.Ε. (800544921),,,1612.00,anonymous sponsor (empty sponsorAFMName)
Ψ3ΛΞ4690Β3-Ι60,2024-05-13,ΕΝΤΑΛΜΑ ΠΛΗΡΩΜΗΣ ΚΕΡΚΥΡΑΪΚΗ ΕΤΑΙΡΕΙΑ ΚΡΕΑΤΩΝ ΑΕ (099346780),,,11003.54,anonymous sponsor (empty sponsorAFMName)
Ψ9ΗΧ4690Β3-Δ75,2024-05-01,ΕΝΤΑΛΜΑ ΠΛΗΡΩΜΗΣ ΑΠΟΖΗΜΙΩΣΗ ΓΙΑ ΝΥΧΤΕΡΙΝΑ-ΕΞΑΙΡΕΣΙΜΑ-ΥΠΕΡΩΡ.ΑΠΑΣΧΟΛΗΣΗ (001628),,,712.22,anonymous sponsor (empty sponsorAFMName)
ΨΘΙ54690Β3-ΙΓ5,2024-05-01,ΕΝΤΑΛΜΑ ΠΛΗΡΩΜΗΣ ΑΠΟΖΗΜΙΩΣΗ ΓΙΑ ΝΥΧΤΕΡΙΝΑ-ΕΞΑΙΡΕΣΙΜΑ-ΥΠΕΡΩΡ.ΑΠΑΣΧΟΛΗΣΗ (001628),,,117.11,anonymous sponsor (empty sponsorAFMName)
9ΟΑ14690Β3-ΤΔΠ,2024-05-01,ΕΝΤΑΛΜΑ ΠΛΗΡΩΜΗΣ ΑΠΟΖΗΜΙΩΣΗ ΓΙΑ ΝΥΧΤΕΡΙΝΑ-ΕΞΑΙΡΕΣΙΜΑ-ΥΠΕΡΩΡ.ΑΠΑΣΧΟΛΗΣΗ (001628),,,9616.57,anonymous sponsor (empty sponsorAFMName)
61444690Β3-0ΡΣ,2024-05-01,ΕΝΤΑΛΜΑ ΠΛΗΡΩΜΗΣ ΑΠΟΖΗΜΙΩΣΗ ΕΦΗΜΕΡΙΩΝ (002535),,,219.62,anonymous sponsor (empty sponsorAFMName)
91ΟΧ4690Β3-ΛΣΧ,2024-05-01,ΕΝΤΑΛΜΑ ΠΛΗΡΩΜΗΣ ΑΠΟΖΗΜΙΩΣΗ ΕΦΗΜΕΡΙΩΝ (002535),,,693.86,anonymous sponsor (empty sponsorAFMName)
6ΣΟΖ4690Β3-ΟΩ4,2024-05-01,ΕΝΤΑΛΜΑ ΠΛΗΡΩΜΗΣ ΑΠΟΖΗΜΙΩΣΗ ΕΦΗΜΕΡΙΩΝ (002535),,,1931.79,anonymous sponsor (empty sponsorAFMName)
ΨΙΨΣ4690Β3-ΝΥΧ,2024-05-01,ΕΝΤΑΛΜΑ ΠΛΗΡΩΜΗΣ ΑΠΟΖΗΜΙΩΣΗ ΓΙΑ ΝΥΧΤΕΡΙΝΑ-ΕΞΑΙΡΕΣΙΜΑ-ΥΠΕΡΩΡ.ΑΠΑΣΧΟΛΗΣΗ (001628),,,186.56,anonymous sponsor (empty sponsorAFMName)
9ΚΙΧ4690Β3-ΚΘΙ,2024-05-01,ΕΝΤΑΛΜΑ ΠΛΗΡΩΜΗΣ ΑΠΟΖΗΜΙΩΣΗ ΓΙΑ ΝΥΧΤΕΡΙΝΑ-ΕΞΑΙΡΕΣΙΜΑ-ΥΠΕΡΩΡ.ΑΠΑΣΧΟΛΗΣΗ (001628),,,1729.13,anonymous sponsor (empty sponsorAFMName)
ΨΔΟ04690Β3-ΝΒ2,2024-05-01,ΕΝΤΑΛΜΑ ΠΛΗΡΩΜΗΣ ΑΠΟΖΗΜΙΩΣΗ ΓΙΑ ΝΥΧΤΕΡΙΝΑ-ΕΞΑΙΡΕΣΙΜΑ-ΥΠΕΡΩΡ.ΑΠΑΣΧΟΛΗΣΗ (001628),,,3942.11,anonymous sponsor (empty sponsorAFMName)
9Λ8Γ4690Β3-ΩΒΛ,2024-05-01,ΕΝΤΑΛΜΑ ΠΛΗΡΩΜΗΣ ΑΠΟΖΗΜΙΩΣΗ ΓΙΑ ΝΥΧΤΕΡΙΝΑ-ΕΞΑΙΡΕΣΙΜΑ-ΥΠΕΡΩΡ.ΑΠΑΣΧΟΛΗΣΗ (001628),,,1001.88,anonymous sponsor (empty sponsorAFMName)
9Β6Ρ4690Β3-Λ1Π,2024-05-01,ΕΝΤΑΛΜΑ ΠΛΗΡΩΜΗΣ ΑΠΟΖΗΜΙΩΣΗ ΓΙΑ ΝΥΧΤΕΡΙΝΑ-ΕΞΑΙΡΕΣΙΜΑ-ΥΠΕΡΩΡ.ΑΠΑΣΧΟΛΗΣΗ (001628),,,7971.65,anonymous sponsor (empty sponsorAFMName)
Ψ5Λ54690Β3-ΖΕΨ,2024-04-30,ΕΝΤΑΛΜΑ ΠΛΗΡΩΜΗΣ ΑΠΟΖΗΜΙΩΣΗ ΓΙΑ ΝΥΧΤΕΡΙΝΑ-ΕΞΑΙΡΕΣΙΜΑ-ΥΠΕΡΩΡ.ΑΠΑΣΧΟΛΗΣΗ (001628),,,1914.00,anonymous sponsor (empty sponsorAFMName)
6ΙΑ64690Β3-3Γ3,2024-04-30,ΕΝΤΑΛΜΑ ΠΛΗΡΩΜΗΣ ΑΠΟΖΗΜΙΩΣΗ ΓΙΑ ΝΥΧΤΕΡΙΝΑ-ΕΞΑΙΡΕΣΙΜΑ-ΥΠΕΡΩΡ.ΑΠΑΣΧΟΛΗΣΗ (001628),,,514.01,anonymous sponsor (empty sponsorAFMName)
ΨΥΤΛ4690Β3-ΠΤΛ,2024-04-30,ΕΝΤΑΛΜΑ ΠΛΗΡΩΜΗΣ ΑΠΟΖΗΜΙΩΣΗ ΓΙΑ ΝΥΧΤΕΡΙΝΑ-ΕΞΑΙΡΕΣΙΜΑ-ΥΠΕΡΩΡ.ΑΠΑΣΧΟΛΗΣΗ (001628),,,311.10,anonymous sponsor (empty sponsorAFMName)
60ΑΗ4690Β3-ΧΝΣ,2024-04-30,ΕΝΤΑΛΜΑ ΠΛΗΡΩΜΗΣ ΑΠΟΖΗΜΙΩΣΗ ΓΙΑ ΝΥΧΤΕΡΙΝΑ-ΕΞΑΙΡΕΣΙΜΑ-ΥΠΕΡΩΡ.ΑΠΑΣΧΟΛΗΣΗ (001628),,,296.12,anonymous sponsor (empty sponsorAFMName)
6ΦΤΣ4690Β3-2Ο5,2024-04-30,ΕΝΤΑΛΜΑ ΠΛΗΡΩΜΗΣ ΑΠΟΖΗΜΙΩΣΗ ΓΙΑ ΝΥΧΤΕΡΙΝΑ-ΕΞΑΙΡΕΣΙΜΑ-ΥΠΕΡΩΡ.ΑΠΑΣΧΟΛΗΣΗ (001628),,,6693.85,anonymous sponsor (empty sponsorAFMName)
ΨΟΖ84690Β3-ΥΤΩ,2024-04-30,ΕΝΤΑΛΜΑ ΠΛΗΡΩΜΗΣ ΑΠΟΖΗΜΙΩΣΗ ΓΙΑ ΝΥΧΤΕΡΙΝΑ-ΕΞΑΙΡΕΣΙΜΑ-ΥΠΕΡΩΡ.ΑΠΑΣΧΟΛΗΣΗ (001628),,,2660.80,anonymous sponsor (empty sponsorAFMName)
97ΞΖ4690Β3-ΠΝ9,2024-04-30,ΕΝΤΑΛΜΑ ΠΛΗΡΩΜΗΣ ΑΠΟΖΗΜΙΩΣΗ ΓΙΑ ΝΥΧΤΕΡΙΝΑ-ΕΞΑΙΡΕΣΙΜΑ-ΥΠΕΡΩΡ.ΑΠΑΣΧΟΛΗΣΗ (001628),,,535.95,anonymous sponsor (empty sponsorAFMName)
6Θ6Β4690Β3-9Σ7,2024-04-30,ΕΝΤΑΛΜΑ ΠΛΗΡΩΜΗΣ ΑΠΟΖΗΜΙΩΣΗ ΓΙΑ ΝΥΧΤΕΡΙΝΑ-ΕΞΑΙΡΕΣΙΜΑ-ΥΠΕΡΩΡ.ΑΠΑΣΧΟΛΗΣΗ (001628),,,1358.71,anonymous sponsor (empty sponsorAFMName)
6Α2Υ4690Β3-ΟΚΓ,2024-04-30,ΕΝΤΑΛΜΑ ΠΛΗΡΩΜΗΣ ΑΠΟΖΗΜΙΩΣΗ ΓΙΑ ΝΥΧΤΕΡΙΝΑ-ΕΞΑΙΡΕΣΙΜΑ-ΥΠΕΡΩΡ.ΑΠΑΣΧΟΛΗΣΗ (001628),,,1018.32,anonymous sponsor (empty sponsorAFMName)
ΨΚΛΗ4690Β3-ΥΟΚ,2024-04-30,ΕΝΤΑΛΜΑ ΠΛΗΡΩΜΗΣ ΑΠΟΖΗΜΙΩΣΗ ΓΙΑ ΝΥΧΤΕΡΙΝΑ-ΕΞΑΙΡΕΣΙΜΑ-ΥΠΕΡΩΡ.ΑΠΑΣΧΟΛΗΣΗ (001628),,,624.37,anonymous sponsor (empty sponsorAFMName)
6Τ2Ι4690Β3-Ρ40,2024-04-30,ΕΝΤΑΛΜΑ ΠΛΗΡΩΜΗΣ ΑΠΟΖΗΜΙΩΣΗ ΓΙΑ ΝΥΧΤΕΡΙΝΑ-ΕΞΑΙΡΕΣΙΜΑ-ΥΠΕΡΩΡ.ΑΠΑΣΧΟΛΗΣΗ (001628),,,3014.27,anonymous sponsor (empty sponsorAFMName)
67Σ34690Β3-8Ε8,2024-04-30,ΕΝΤΑΛΜΑ ΠΛΗΡΩΜΗΣ ΑΠΟΖΗΜΙΩΣΗ ΓΙΑ ΝΥΧΤΕΡΙΝΑ-ΕΞΑΙΡΕΣΙΜΑ-ΥΠΕΡΩΡ.ΑΠΑΣΧΟΛΗΣΗ (001628),,,5250.48,anonymous sponsor (empty sponsorAFMName)
Ψ2ΓΛ4690Β3-7ΥΜ,2024-04-30,ΕΝΤΑΛΜΑ ΠΛΗΡΩΜΗΣ ΑΠΟΖΗΜΙΩΣΗ ΓΙΑ ΝΥΧΤΕΡΙΝΑ-ΕΞΑΙΡΕΣΙΜΑ-ΥΠΕΡΩΡ.ΑΠΑΣΧΟΛΗΣΗ (001628),,,591.13,anonymous sponsor (empty sponsorAFMName)
6Ν6Α4690Β3-4ΔΝ,2024-04-30,ΕΝΤΑΛΜΑ ΠΛΗΡΩΜΗΣ ΑΠΟΖΗΜΙΩΣΗ ΓΙΑ ΝΥΧΤΕΡΙΝΑ-ΕΞΑΙΡΕΣΙΜΑ-ΥΠΕΡΩΡ.ΑΠΑΣΧΟΛΗΣΗ (001628),,,6311.58,anonymous sponsor (empty sponsorAFMName)
ΨΦ4Ζ4690Β3-ΔΨ7,2024-04-30,ΕΝΤΑΛΜΑ ΠΛΗΡΩΜΗΣ ΑΠΟΖΗΜΙΩΣΗ ΓΙΑ ΝΥΧΤΕΡΙΝΑ-ΕΞΑΙΡΕΣΙΜΑ-ΥΠΕΡΩΡ.ΑΠΑΣΧΟΛΗΣΗ (001628),,,1733.53,anonymous sponsor (empty sponsorAFMName)
6ΖΑΩ4690Β3-0Ι4,2024-04-30,ΕΝΤΑΛΜΑ ΠΛΗΡΩΜΗΣ ΑΠΟΖΗΜΙΩΣΗ ΓΙΑ ΝΥΧΤΕΡΙΝΑ-ΕΞΑΙΡΕΣΙΜΑ-ΥΠΕΡΩΡ.ΑΠΑΣΧΟΛΗΣΗ (001628),,,8958.47,anonymous sponsor (empty sponsorAFMName)
6ΩΥ84690Β3-Τ8Ψ,2024-04-30,ΕΝΤΑΛΜΑ ΠΛΗΡΩΜΗΣ ΑΠΟΖΗΜΙΩΣΗ ΓΙΑ ΝΥΧΤΕΡΙΝΑ-ΕΞΑΙΡΕΣΙΜΑ-ΥΠΕΡΩΡ.ΑΠΑΣΧΟΛΗΣΗ (001628),,,10498.34,anonymous sponsor (empty sponsorAFMName)
945Α4690Β3-Ρ9Σ,2024-04-30,ΕΝΤΑΛΜΑ ΠΛΗΡΩΜΗΣ ΑΠΟΖΗΜΙΩΣΗ ΓΙΑ ΝΥΧΤΕΡΙΝΑ-ΕΞΑΙΡΕΣΙΜΑ-ΥΠΕΡΩΡ.ΑΠΑΣΧΟΛΗΣΗ (001628),,,1725.66,anonymous sponsor (empty sponsorAFMName)
ΨΩΠΒ4690Β3-ΧΔΛ,2024-04-30,ΕΝΤΑΛΜΑ ΠΛΗΡΩΜΗΣ ΑΠΟΖΗΜΙΩΣΗ ΕΦΗΜΕΡΙΩΝ (002535),,,2778.80,anonymous sponsor (empty sponsorAFMName)
6ΥΒ84690Β3-ΛΜ1,2024-04-30,ΕΝΤΑΛΜΑ ΠΛΗΡΩΜΗΣ ΑΠΟΖΗΜΙΩΣΗ ΕΦΗΜΕΡΙΩΝ (002535),,,187.90,anonymous sponsor (empty sponsorAFMName)
Ψ0ΜΜ4690Β3-ΝΒΘ,2024-04-30,ΕΝΤΑΛΜΑ ΠΛΗΡΩΜΗΣ ΑΠΟΖΗΜΙΩΣΗ ΕΦΗΜΕΡΙΩΝ (002535),,,17999.10,anonymous sponsor (empty sponsorAFMName)
ΨΘ294690Β3-7ΤΞ,2024-04-30,ΕΝΤΑΛΜΑ ΠΛΗΡΩΜΗΣ ΑΠΟΖΗΜΙΩΣΗ ΕΦΗΜΕΡΙΩΝ (002535),,,22921.26,anonymous sponsor (empty sponsorAFMName)
92ΔΖ4690Β3-ΘΦΟ,2024-04-30,ΕΝΤΑΛΜΑ ΠΛΗΡΩΜΗΣ ΑΠΟΖΗΜΙΩΣΗ ΕΦΗΜΕΡΙΩΝ (002535),,,434.38,anonymous sponsor (empty sponsorAFMName)
ΡΟ4Β4690Β3-ΚΒΗ,2024-04-30,ΕΝΤΑΛΜΑ ΠΛΗΡΩΜΗΣ ΑΠΟΖΗΜΙΩΣΗ ΕΦΗΜΕΡΙΩΝ (002535),,,973.84,anonymous sponsor (empty sponsorAFMName)
69954690Β3-ΘΨΘ,2024-04-30,ΕΝΤΑΛΜΑ ΠΛΗΡΩΜΗΣ ΑΠΟΖΗΜΙΩΣΗ ΕΦΗΜΕΡΙΩΝ (002535),,,89898.31,anonymous sponsor (empty sponsorAFMName)
ΨΠΣΥ4690Β3-Ψ9Η,2024-04-30,ΕΝΤΑΛΜΑ ΠΛΗΡΩΜΗΣ ΕΠΟΧΙΚΟ ΠΡΟΣΩΠΙΚΟ ΚΑΘΑΡΙΟΤΗΤΑΣ (999111999),,,34416.54,anonymous sponsor (empty sponsorAFMName)
ΡΠ2Ν4690Β3-Κ3Ξ,2024-04-29,ΕΝΤΑΛΜΑ ΠΛΗΡΩΜΗΣ ΕΠΙΚΟΥΡΙΚΟ ΝΟΣΗΛΕΥΤΙΚΟ-ΠΑΡΑΪΑΤΡΙΚΟ ΠΡΟΣΩΠΙΚΟ (000001634),,,1677.45,anonymous sponsor (empty sponsorAFMName)
ΨΣΘΨ4690Β3-4Ι2,2024-04-29,ΕΝΤΑΛΜΑ ΠΛΗΡΩΜΗΣ ΕΠΙΚΟΥΡΙΚΟ ΝΟΣΗΛΕΥΤΙΚΟ-ΠΑΡΑΪΑΤΡΙΚΟ ΠΡΟΣΩΠΙΚΟ (000001634),,,1676.59,anonymous sponsor (empty sponsorAFMName)
ΡΩΛΘ4690Β3-ΟΦΘ,2024-04-29,ΕΝΤΑΛΜΑ ΠΛΗΡΩΜΗΣ ΕΠΙΚΟΥΡΙΚΟ ΝΟΣΗΛΕΥΤΙΚΟ-ΠΑΡΑΪΑΤΡΙΚΟ ΠΡΟΣΩΠΙΚΟ (000001634),,,70.72,anonymous sponsor (empty sponsorAFMName)
Ρ7Η64690Β3-ΤΚ0,2024-04-29,ΕΝΤΑΛΜΑ ΠΛΗΡΩΜΗΣ ΕΠΙΚΟΥΡΙΚΟ ΝΟΣΗΛΕΥΤΙΚΟ-ΠΑΡΑΪΑΤΡΙΚΟ ΠΡΟΣΩΠΙΚΟ (000001634),,,110800.25,anonymous sponsor (empty sponsorAFMName)
98Ζ14690Β3-ΤΝΦ,2024-04-29,ΕΝΤΑΛΜΑ ΠΛΗΡΩΜΗΣ EΠΙΚΟΥΡΙΚΟΙ ΙΑΤΡΟΙ Ε.Σ.Υ. (000001629),,,5846.67,anonymous sponsor (empty sponsorAFMName)
93704690Β3-7ΝΝ,2024-04-29,ΕΝΤΑΛΜΑ ΠΛΗΡΩΜΗΣ ΕΠΙΚΟΥΡΙΚΟ ΝΟΣΗΛΕΥΤΙΚΟ-ΠΑΡΑΪΑΤΡΙΚΟ ΠΡΟΣΩΠΙΚΟ (000001634),,,43325.62,anonymous sponsor (empty sponsorAFMName)
ΨΩ6Ψ4690Β3-5ΚΦ,2024-04-29,ΕΝΤΑΛΜΑ ΠΛΗΡΩΜΗΣ ΕΡΓΟΔ.ΕΙΣΦ.ΙΚΑ ΑΣΚΟΥΜ.ΤΕΕ-ΙΕΚ.ΧΩΡ.ΑΜΟΙΒ.ΓΙΑ ΑΤΥΧΗΜ (001690),,,22.44,anonymous sponsor (empty sponsorAFMName)
67ΖΓ4690Β3-Ζ0Γ,2024-04-29,ΕΝΤΑΛΜΑ ΠΛΗΡΩΜΗΣ ΕΠΙΚΟΥΡΙΚΟ ΝΟΣΗΛΕΥΤΙΚΟ-ΠΑΡΑΪΑΤΡΙΚΟ ΠΡΟΣΩΠΙΚΟ (000001634),,,1748.75,anonymous sponsor (empty sponsorAFMName)
9ΕΓΔ4690Β3-1ΩΠ,2024-04-29,ΕΝΤΑΛΜΑ ΠΛΗΡΩΜΗΣ EΠΙΚΟΥΡΙΚΟΙ ΙΑΤΡΟΙ Ε.Σ.Υ. (000001629),,,228.69,anonymous sponsor (empty sponsorAFMName)
9ΕΗΔ4690Β3-8Γ0,2024-04-29,ΕΝΤΑΛΜΑ ΠΛΗΡΩΜΗΣ EΠΙΚΟΥΡΙΚΟΙ ΙΑΤΡΟΙ Ε.Σ.Υ. (000001629),,,55517.21,anonymous sponsor (empty sponsorAFMName)
6ΒΖΝ4690Β3-7Γ0,2024-04-29,ΕΝΤΑΛΜΑ ΠΛΗΡΩΜΗΣ DRAEGER HELLAS A.E (997799268),,,1439.76,anonymous sponsor (empty sponsorAFMName)
66684690Β3-ΜΜΟ,2024-04-29,ΕΝΤΑΛΜΑ ΠΛΗΡΩΜΗΣ DRAEGER HELLAS A.E (997799268),,,3844.00,anonymous sponsor (empty sponsorAFMName)
9ΙΧΠ4690Β3-ΠΔΝ,2024-04-26,ΕΝΤΑΛΜΑ ΠΛΗΡΩΜΗΣ ΚΩΝΣΤΑΝΤΙΝΟΣ ΑΝΑΣΤΟΠΟΥΛΟΣ-ΑΙΚΑΤΕΡΙΝΗ ΝΑΤΣΗ Ο.Ε. (800544921),,,1612.00,anonymous sponsor (empty sponsorAFMName)
ΨΠΨ54690Β3-ΥΕΣ,2024-04-26,ΕΝΤΑΛΜΑ ΠΛΗΡΩΜΗΣ ΚΡΑΤ.3391-54.03.00.0001 Φ.Μ.Υ. (001512),,,79.17,anonymous sponsor (empty sponsorAFMName)
63914690Β3-ΘΑΠ,2024-04-26,ΕΝΤΑΛΜΑ ΠΛΗΡΩΜΗΣ ΚΡΑΤ.3391-54.03.00.0001 Φ.Μ.Υ. (001512),,,221.73,anonymous sponsor (empty sponsorAFMName)
633Ν4690Β3-Λ4Ο,2024-04-26,ΕΝΤΑΛΜΑ ΠΛΗΡΩΜΗΣ ΕΙΣΦΟΡΕΣ ΑΠΑΣΧ/ΝΩΝ ΟΑΕΔ ΜΕΣΩ ΠΡΟΓ. ΚΟΙΝΩΦ. ΧΑΡΑΚΤΗΡΑ (),,,2057.08,anonymous sponsor (empty sponsorAFMName)
6Ρ9Α4690Β3-ΔΦΠ,2024-04-26,ΕΝΤΑΛΜΑ ΠΛΗΡΩΜΗΣ ΕΙΣΦΟΡΕΣ ΑΠΑΣΧ/ΝΩΝ ΟΑΕΔ ΜΕΣΩ ΠΡΟΓ. ΚΟΙΝΩΦ. ΧΑΡΑΚΤΗΡΑ (),,,4643.64,anonymous sponsor (empty sponsorAFMName)
Ψ3ΖΟ4690Β3-ΠΛ8,2024-04-26,ΕΝΤΑΛΜΑ ΠΛΗΡΩΜΗΣ ΚΡΑΤ.3391-54.04.02.0001 Χ/ΜΑ και ΟΓΑ Χ/ΜΩΝ (),,,1.17,anonymous sponsor (empty sponsorAFMName)
6ΗΙ94690Β3-ΒΟ4,2024-04-26,ΕΝΤΑΛΜΑ ΠΛΗΡΩΜΗΣ ΚΡΑΤ.3391-53.20.00.0001 ΕΛΛΗΝΙΚΟ ΔΗΜΟΣΙΟ (001506),,,685.68,anonymous sponsor (empty sponsorAFMName)
ΨΡΒΞ4690Β3-Δ54,2024-04-26,ΕΝΤΑΛΜΑ ΠΛΗΡΩΜΗΣ ΚΡΑΤ.3391-53.20.00.0001 ΕΛΛΗΝΙΚΟ ΔΗΜΟΣΙΟ (001506),,,34.31,anonymous sponsor (empty sponsorAFMName)
9ΚΣΘ4690Β3-ΟΣ3,2024-04-26,ΕΝΤΑΛΜΑ ΠΛΗΡΩΜΗΣ ΚΡΑΤ.3391-54.04.02.0001 Χ/ΜΑ και ΟΓΑ Χ/ΜΩΝ (),,,20.66,anonymous sponsor (empty sponsorAFMName)
69Π54690Β3-ΗΔ0,2024-04-26,ΕΝΤΑΛΜΑ ΠΛΗΡΩΜΗΣ ΚΡΑΤ.3391-54.09.14.0001 ΦΟΡΟΣ ΠΡΟΜΗΘΕΥΤΩΝ (001510),,,19716.47,anonymous sponsor (empty sponsorAFMName)
ΨΟΔ84690Β3-ΗΙ5,2024-04-26,ΕΝΤΑΛΜΑ ΠΛΗΡΩΜΗΣ ΚΡΑΤ.3391-53.20.00.0001 ΕΛΛΗΝΙΚΟ ΔΗΜΟΣΙΟ (001506),,,8753.70,anonymous sponsor (empty sponsorAFMName)
6ΖΦΩ4690Β3-ΖΡΞ,2024-04-26,ΕΝΤΑΛΜΑ ΠΛΗΡΩΜΗΣ ΚΡΑΤ.3391-53.20.00.0001 ΕΛΛΗΝΙΚΟ ΔΗΜΟΣΙΟ (001506),,,23.31,anonymous sponsor (empty sponsorAFMName)
Ψ0Γ84690Β3-ΥΡ0,2024-04-26,ΕΝΤΑΛΜΑ ΠΛΗΡΩΜΗΣ ΚΡΑΤ.3391-53.20.00.0001 ΕΛΛΗΝΙΚΟ ΔΗΜΟΣΙΟ (001506),,,324.52,anonymous sponsor (empty sponsorAFMName)
9ΩΘ94690Β3-ΩΗΝ,2024-04-26,ΕΝΤΑΛΜΑ ΠΛΗΡΩΜΗΣ ΚΡΑΤ.3391-53.20.00.0001 ΕΛΛΗΝΙΚΟ ΔΗΜΟΣΙΟ (001506),,,262.88,anonymous sponsor (empty sponsorAFMName)
ΨΡ414690Β3-ΞΧΟ,2024-04-24,ΕΝΤΑΛΜΑ ΠΛΗΡΩΜΗΣ ΒΙΟΣΕΡ ΑΕ (094035927),,,13816.23,anonymous sponsor (empty sponsorAFMName)
9Ρ3Μ4690Β3-1Η4,2024-04-24,ΕΝΤΑΛΜΑ ΠΛΗΡΩΜΗΣ DRAEGER HELLAS A.E (997799268),,,221.96,anonymous sponsor (empty sponsorAFMName)
9ΩΥΘ4690Β3-9ΕΚ,2024-04-19,ΕΝΤΑΛΜΑ ΠΛΗΡΩΜΗΣ DRAEGER HELLAS A.E (997799268),,,806.00,anonymous sponsor (empty sponsorAFMName)
9ΟΖΙ4690Β3-350,2024-04-18,ΕΝΤΑΛΜΑ ΠΛΗΡΩΜΗΣ ΟΡΦΑΝΟΥΔΑΚΗ ΑΛΕΞ.   ΣΙΑ Ο.Ε.- ΙΠΠΟΚΡΑΤΕΙΟΝ (999144179),,,1299.50,anonymous sponsor (empty sponsorAFMName)
6ΦΟΓ4690Β3-ΝΩ3,2024-04-17,ΕΝΤΑΛΜΑ ΠΛΗΡΩΜΗΣ ΑΜΟΙΒΕΣ ΔΙΟΙΚΗΤΙΚΟΥ ΠΡΟΣΩΠΙΚΟΥ ΛΕΙΤΟΥΡΓΙΑΣ ΑΠΟΓΕΥΜΑΤΙΝΩΝ ΙΑΤΡΕΙΩΝ (55831111),,,980.00,anonymous sponsor (empty sponsorAFMName)
ΨΥΒ24690Β3-ΦΚΥ,2024-04-17,ΕΝΤΑΛΜΑ ΠΛΗΡΩΜΗΣ ΑΜΟΙΒΕΣ ΙΑΤΡΙΚΟΥ ΠΡΟΣΩΠΙΚΟΥ ΛΕΙΤΟΥΡΓΙΑΣ ΑΠΟΓΕΥΜΑΤΙΝΩΝ ΙΑΤΡΕΙΩΝ (210923000),,,1055.37,anonymous sponsor (empty sponsorAFMName)
6Ζ3Μ4690Β3-ΟΨΜ,2024-04-17,ΕΝΤΑΛΜΑ ΠΛΗΡΩΜΗΣ ΑΜΟΙΒΕΣ ΙΑΤΡΙΚΟΥ ΠΡΟΣΩΠΙΚΟΥ ΛΕΙΤΟΥΡΓΙΑΣ ΑΠΟΓΕΥΜΑΤΙΝΩΝ ΙΑΤΡΕΙΩΝ (210923000),,,3177.02,anonymous sponsor (empty sponsorAFMName)
ΨΥΩΞ4690Β3-9ΨΘ,2024-04-17,ΕΝΤΑΛΜΑ ΠΛΗΡΩΜΗΣ ΑΜΟΙΒΕΣ ΔΙΟΙΚΗΤΙΚΟΥ ΠΡΟΣΩΠΙΚΟΥ ΛΕΙΤΟΥΡΓΙΑΣ ΑΠΟΓΕΥΜΑΤΙΝΩΝ ΙΑΤΡΕΙΩΝ (55831111),,,550.00,anonymous sponsor (empty sponsorAFMName)
9ΟΘΕ4690Β3-ΤΧ2,2024-04-17,ΕΝΤΑΛΜΑ ΠΛΗΡΩΜΗΣ ΚΟΙΝΟΧΡΗΣΤΑ (001648),,,226.86,anonymous sponsor (empty sponsorAFMName)
ΨΝΠΛ4690Β3-ΚΛΙ,2024-04-17,ΕΝΤΑΛΜΑ ΠΛΗΡΩΜΗΣ ΚΩΝΣΤΑΝΤΙΝΟΣ ΑΝΑΣΤΟΠΟΥΛΟΣ-ΑΙΚΑΤΕΡΙΝΗ ΝΑΤΣΗ Ο.Ε. (800544921),,,1612.00,anonymous sponsor (empty sponsorAFMName)
Ψ3ΟΝ4690Β3-24Κ,2024-04-15,ΕΝΤΑΛΜΑ ΠΛΗΡΩΜΗΣ DRAEGER HELLAS A.E (997799268),,,2399.40,anonymous sponsor (empty sponsorAFMName)
ΨΒ4Σ4690Β3-ΨΘΕ,2024-04-15,ΕΝΤΑΛΜΑ ΠΛΗΡΩΜΗΣ DRAEGER HELLAS A.E (997799268),,,2077.00,anonymous sponsor (empty sponsorAFMName)
ΨΧ9Ζ4690Β3-984,2024-04-15,ΕΝΤΑΛΜΑ ΠΛΗΡΩΜΗΣ DRAEGER HELLAS A.E (997799268),,,4817.40,anonymous sponsor (empty sponsorAFMName)
Ψ5ΗΔ4690Β3-Η66,2024-04-15,ΕΝΤΑΛΜΑ ΠΛΗΡΩΜΗΣ DRAEGER HELLAS A.E (997799268),,,3831.60,anonymous sponsor (empty sponsorAFMName)
ΨΠ5Ο4690Β3-1Λ4,2024-04-12,ΕΝΤΑΛΜΑ ΠΛΗΡΩΜΗΣ DRAEGER HELLAS A.E (997799268),,,12466.22,anonymous sponsor (empty sponsorAFMName)
60ΖΘ4690Β3-Φ44,2024-04-12,ΕΝΤΑΛΜΑ ΠΛΗΡΩΜΗΣ DRAEGER HELLAS A.E (997799268),,,2591.60,anonymous sponsor (empty sponsorAFMName)
6ΙΘΛ4690Β3-9ΚΞ,2024-04-11,ΕΝΤΑΛΜΑ ΠΛΗΡΩΜΗΣ ΚΕΡΚΥΡΑΪΚΗ ΕΤΑΙΡΕΙΑ ΚΡΕΑΤΩΝ ΑΕ (099346780),,,3668.85,anonymous sponsor (empty sponsorAFMName)
Ψ2ΑΑ4690Β3-Ι3Π,2024-04-11,ΕΝΤΑΛΜΑ ΠΛΗΡΩΜΗΣ ΚΕΡΚΥΡΑΪΚΗ ΕΤΑΙΡΕΙΑ ΚΡΕΑΤΩΝ ΑΕ (099346780),,,9219.99,anonymous sponsor (empty sponsorAFMName)
9ΙΩΚ4690Β3-ΦΓΠ,2024-04-11,ΕΝΤΑΛΜΑ ΠΛΗΡΩΜΗΣ ΚΕΡΚΥΡΑΪΚΗ ΕΤΑΙΡΕΙΑ ΚΡΕΑΤΩΝ ΑΕ (099346780),,,11643.31,anonymous sponsor (empty sponsorAFMName)
9ΟΣΧ4690Β3-Ε7Μ,2024-04-09,ΕΝΤΑΛΜΑ ΠΛΗΡΩΜΗΣ ΟΔΟΙΠΟΡΙΚΑ ΕΞΟΔΑ ΠΡΟΣ. ΝΟΣ/ΜΕΙΟΥ (001626),,,18.40,anonymous sponsor (empty sponsorAFMName)
Ψ24Μ4690Β3-ΒΒΜ,2024-04-09,ΕΝΤΑΛΜΑ ΠΛΗΡΩΜΗΣ ΟΔΟΙΠΟΡΙΚΑ ΕΞΟΔΑ ΠΡΟΣ. ΝΟΣ/ΜΕΙΟΥ (001626),,,18.40,anonymous sponsor (empty sponsorAFMName)
9ΒΕΚ4690Β3-2Σ2,2024-04-09,ΕΝΤΑΛΜΑ ΠΛΗΡΩΜΗΣ ΟΔΟΙΠΟΡΙΚΑ ΕΞΟΔΑ ΠΡΟΣ. ΝΟΣ/ΜΕΙΟΥ (001626),,,20.00,anonymous sponsor (empty sponsorAFMName)
Ψ2ΦΛ4690Β3-8ΘΟ,2024-04-09,ΕΝΤΑΛΜΑ ΠΛΗΡΩΜΗΣ ΕΚΤΟΣ ΕΔΡΑΣ ΠΡΟΣ/ΚΟΥ ΝΟΣΟΚΟΜΕΙΟΥ (001601),,,20.00,anonymous sponsor (empty sponsorAFMName)
69ΟΜ4690Β3-Υ04,2024-04-09,ΕΝΤΑΛΜΑ ΠΛΗΡΩΜΗΣ ΕΚΤΟΣ ΕΔΡΑΣ ΠΡΟΣ/ΚΟΥ ΝΟΣΟΚΟΜΕΙΟΥ (001601),,,20.00,anonymous sponsor (empty sponsorAFMName)
ΨΔΚΧ4690Β3-70Θ,2024-04-09,ΕΝΤΑΛΜΑ ΠΛΗΡΩΜΗΣ ΕΚΤΟΣ ΕΔΡΑΣ ΠΡΟΣ/ΚΟΥ ΝΟΣΟΚΟΜΕΙΟΥ (001601),,,20.00,anonymous sponsor (empty sponsorAFMName)
9ΡΧΤ4690Β3-Ν0Τ,2024-04-09,ΕΝΤΑΛΜΑ ΠΛΗΡΩΜΗΣ ΟΔΟΙΠΟΡΙΚΑ ΕΞΟΔΑ ΠΡΟΣ. ΝΟΣ/ΜΕΙΟΥ (001626),,,296.77,anonymous sponsor (empty sponsorAFMName)
ΨΕ6Φ4690Β3-ΑΓ2,2024-04-09,ΕΝΤΑΛΜΑ ΠΛΗΡΩΜΗΣ ΟΔΟΙΠΟΡΙΚΑ ΕΞΟΔΑ ΠΡΟΣ. ΝΟΣ/ΜΕΙΟΥ (001626),,,1304.70,anonymous sponsor (empty sponsorAFMName)
9ΗΑΖ4690Β3-ΙΤ9,2024-04-09,ΕΝΤΑΛΜΑ ΠΛΗΡΩΜΗΣ ΟΔΟΙΠΟΡΙΚΑ ΕΞΟΔΑ ΠΡΟΣ. ΝΟΣ/ΜΕΙΟΥ (001626),,,1314.90,anonymous sponsor (empty sponsorAFMName)
9ΒΟΟ4690Β3-3ΝΔ,2024-04-09,ΕΝΤΑΛΜΑ ΠΛΗΡΩΜΗΣ ΕΚΤΟΣ ΕΔΡΑΣ ΠΡΟΣ/ΚΟΥ ΝΟΣΟΚΟΜΕΙΟΥ (001601),,,10.00,anonymous sponsor (empty sponsorAFMName)
630Μ4690Β3-ΒΞΕ,2024-04-09,ΕΝΤΑΛΜΑ ΠΛΗΡΩΜΗΣ ΕΚΤΟΣ ΕΔΡΑΣ ΠΡΟΣ/ΚΟΥ ΝΟΣΟΚΟΜΕΙΟΥ (001601),,,10.00,anonymous sponsor (empty sponsorAFMName)
6ΔΤΧ4690Β3-ΔΦ0,2024-04-09,ΕΝΤΑΛΜΑ ΠΛΗΡΩΜΗΣ ΕΚΤΟΣ ΕΔΡΑΣ ΠΡΟΣ/ΚΟΥ ΝΟΣΟΚΟΜΕΙΟΥ (001601),,,35.60,anonymous sponsor (empty sponsorAFMName)
6Γ4Ν4690Β3-4ΛΡ,2024-04-09,ΕΝΤΑΛΜΑ ΠΛΗΡΩΜΗΣ ΕΚΤΟΣ ΕΔΡΑΣ ΠΡΟΣ/ΚΟΥ ΝΟΣΟΚΟΜΕΙΟΥ (001601),,,46.80,anonymous sponsor (empty sponsorAFMName)
ΨΟΠΥ4690Β3-0ΤΨ,2024-04-09,ΕΝΤΑΛΜΑ ΠΛΗΡΩΜΗΣ ΟΡΦΑΝΟΥΔΑΚΗ ΑΛΕΞ.   ΣΙΑ Ο.Ε.- ΙΠΠΟΚΡΑΤΕΙΟΝ (999144179),,,1491.60,anonymous sponsor (empty sponsorAFMName)
6ΙΠ44690Β3-ΔΥΔ,2024-04-09,ΕΝΤΑΛΜΑ ΠΛΗΡΩΜΗΣ DRAEGER HELLAS A.E (997799268),,,571.64,anonymous sponsor (empty sponsorAFMName)
6ΓΗ34690Β3-8Ν3,2024-04-03,ΕΝΤΑΛΜΑ ΠΛΗΡΩΜΗΣ ΕΝΟΡΑΣΙΣ ΑΕ (094503580),,,45647.19,anonymous sponsor (empty sponsorAFMName)
ΨΒ8Θ4690Β3-Ζ7Χ,2024-04-02,ΕΝΤΑΛΜΑ ΠΛΗΡΩΜΗΣ ΚΩΝΣΤΑΝΤΙΝΟΣ ΑΝΑΣΤΟΠΟΥΛΟΣ-ΑΙΚΑΤΕΡΙΝΗ ΝΑΤΣΗ Ο.Ε. (800544921),,,3224.00,anonymous sponsor (empty sponsorAFMName)
6ΝΖΑ4690Β3-ΨΓ6,2024-04-02,ΕΝΤΑΛΜΑ ΠΛΗΡΩΜΗΣ ΕΠΙΚΟΥΡΙΚΟ ΝΟΣΗΛΕΥΤΙΚΟ-ΠΑΡΑΪΑΤΡΙΚΟ ΠΡΟΣΩΠΙΚΟ (000001634),,,123.20,anonymous sponsor (empty sponsorAFMName)
6ΚΛ94690Β3-Χ9Ζ,2024-04-02,ΕΝΤΑΛΜΑ ΠΛΗΡΩΜΗΣ ΕΠΙΚΟΥΡΙΚΟ ΝΟΣΗΛΕΥΤΙΚΟ-ΠΑΡΑΪΑΤΡΙΚΟ ΠΡΟΣΩΠΙΚΟ (000001634),,,7930.78,anonymous sponsor (empty sponsorAFMName)
62ΜΟ4690Β3-ΟΛΓ,2024-04-02,ΕΝΤΑΛΜΑ ΠΛΗΡΩΜΗΣ ΑΠΟΖΗΜΙΩΣΗ ΓΙΑ ΝΥΧΤΕΡΙΝΑ-ΕΞΑΙΡΕΣΙΜΑ-ΥΠΕΡΩΡ.ΑΠΑΣΧΟΛΗΣΗ (001628),,,167.48,anonymous sponsor (empty sponsorAFMName)
ΨΚΠΧ4690Β3-Γ95,2024-04-02,ΕΝΤΑΛΜΑ ΠΛΗΡΩΜΗΣ ΕΠΟΧΙΚΟ ΠΡΟΣΩΠΙΚΟ ΚΑΘΑΡΙΟΤΗΤΑΣ (999111999),,,1333.70,anonymous sponsor (empty sponsorAFMName)
ΨΥΙΠ4690Β3-1Ρ5,2024-04-02,ΕΝΤΑΛΜΑ ΠΛΗΡΩΜΗΣ ΑΠΟΖΗΜΙΩΣΗ ΓΙΑ ΝΥΧΤΕΡΙΝΑ-ΕΞΑΙΡΕΣΙΜΑ-ΥΠΕΡΩΡ.ΑΠΑΣΧΟΛΗΣΗ (001628),,,2806.70,anonymous sponsor (empty sponsorAFMName)
61Ε34690Β3-ΨΧΤ,2024-04-01,ΕΝΤΑΛΜΑ ΠΛΗΡΩΜΗΣ ΑΠΟΖΗΜΙΩΣΗ ΓΙΑ ΝΥΧΤΕΡΙΝΑ-ΕΞΑΙΡΕΣΙΜΑ-ΥΠΕΡΩΡ.ΑΠΑΣΧΟΛΗΣΗ (001628),,,507.89,anonymous sponsor (empty sponsorAFMName)
ΨΨΩΝ4690Β3-62Σ,2024-04-01,ΕΝΤΑΛΜΑ ΠΛΗΡΩΜΗΣ ΑΠΟΖΗΜΙΩΣΗ ΓΙΑ ΝΥΧΤΕΡΙΝΑ-ΕΞΑΙΡΕΣΙΜΑ-ΥΠΕΡΩΡ.ΑΠΑΣΧΟΛΗΣΗ (001628),,,865.13,anonymous sponsor (empty sponsorAFMName)
ΨΣ5Η4690Β3-ΨΒΡ,2024-04-01,ΕΝΤΑΛΜΑ ΠΛΗΡΩΜΗΣ ΑΠΟΖΗΜΙΩΣΗ ΓΙΑ ΝΥΧΤΕΡΙΝΑ-ΕΞΑΙΡΕΣΙΜΑ-ΥΠΕΡΩΡ.ΑΠΑΣΧΟΛΗΣΗ (001628),,,7084.36,anonymous sponsor (empty sponsorAFMName)
Ψ8ΕΘ4690Β3-ΗΘΒ,2024-04-01,ΕΝΤΑΛΜΑ ΠΛΗΡΩΜΗΣ ΑΠΟΖΗΜΙΩΣΗ ΓΙΑ ΝΥΧΤΕΡΙΝΑ-ΕΞΑΙΡΕΣΙΜΑ-ΥΠΕΡΩΡ.ΑΠΑΣΧΟΛΗΣΗ (001628),,,1803.60,anonymous sponsor (empty sponsorAFMName)
Ψ8ΥΠ4690Β3-0ΟΥ,2024-04-01,ΕΝΤΑΛΜΑ ΠΛΗΡΩΜΗΣ ΑΠΟΖΗΜΙΩΣΗ ΓΙΑ ΝΥΧΤΕΡΙΝΑ-ΕΞΑΙΡΕΣΙΜΑ-ΥΠΕΡΩΡ.ΑΠΑΣΧΟΛΗΣΗ (001628),,,1352.45,anonymous sponsor (empty sponsorAFMName)
ΨΝΑΩ4690Β3-ΨΣΥ,2024-04-01,ΕΝΤΑΛΜΑ ΠΛΗΡΩΜΗΣ ΑΠΟΖΗΜΙΩΣΗ ΓΙΑ ΝΥΧΤΕΡΙΝΑ-ΕΞΑΙΡΕΣΙΜΑ-ΥΠΕΡΩΡ.ΑΠΑΣΧΟΛΗΣΗ (001628),,,313.05,anonymous sponsor (empty sponsorAFMName)
6ΧΛΛ4690Β3-668,2024-04-01,ΕΝΤΑΛΜΑ ΠΛΗΡΩΜΗΣ ΑΠΟΖΗΜΙΩΣΗ ΓΙΑ ΝΥΧΤΕΡΙΝΑ-ΕΞΑΙΡΕΣΙΜΑ-ΥΠΕΡΩΡ.ΑΠΑΣΧΟΛΗΣΗ (001628),,,283.69,anonymous sponsor (empty sponsorAFMName)
6ΩΣ94690Β3-Π3Σ,2024-04-01,ΕΝΤΑΛΜΑ ΠΛΗΡΩΜΗΣ ΑΠΟΖΗΜΙΩΣΗ ΓΙΑ ΝΥΧΤΕΡΙΝΑ-ΕΞΑΙΡΕΣΙΜΑ-ΥΠΕΡΩΡ.ΑΠΑΣΧΟΛΗΣΗ (001628),,,329.42,anonymous sponsor (empty sponsorAFMName)
ΨΨ2Τ4690Β3-Β2Λ,2024-04-01,ΕΝΤΑΛΜΑ ΠΛΗΡΩΜΗΣ ΑΠΟΖΗΜΙΩΣΗ ΓΙΑ ΝΥΧΤΕΡΙΝΑ-ΕΞΑΙΡΕΣΙΜΑ-ΥΠΕΡΩΡ.ΑΠΑΣΧΟΛΗΣΗ (001628),,,5460.54,anonymous sponsor (empty sponsorAFMName)
94Σ44690Β3-Μ9Ο,2024-04-01,ΕΝΤΑΛΜΑ ΠΛΗΡΩΜΗΣ ΑΠΟΖΗΜΙΩΣΗ ΓΙΑ ΝΥΧΤΕΡΙΝΑ-ΕΞΑΙΡΕΣΙΜΑ-ΥΠΕΡΩΡ.ΑΠΑΣΧΟΛΗΣΗ (001628),,,5418.93,anonymous sponsor (empty sponsorAFMName)
Ψ65Ψ4690Β3-3ΘΓ,2024-04-01,ΕΝΤΑΛΜΑ ΠΛΗΡΩΜΗΣ ΑΠΟΖΗΜΙΩΣΗ ΓΙΑ ΝΥΧΤΕΡΙΝΑ-ΕΞΑΙΡΕΣΙΜΑ-ΥΠΕΡΩΡ.ΑΠΑΣΧΟΛΗΣΗ (001628),,,2909.02,anonymous sponsor (empty sponsorAFMName)
67Υ34690Β3-6ΓΤ,2024-04-01,ΕΝΤΑΛΜΑ ΠΛΗΡΩΜΗΣ ΑΠΟΖΗΜΙΩΣΗ ΓΙΑ ΝΥΧΤΕΡΙΝΑ-ΕΞΑΙΡΕΣΙΜΑ-ΥΠΕΡΩΡ.ΑΠΑΣΧΟΛΗΣΗ (001628),,,401.04,anonymous sponsor (empty sponsorAFMName)
ΨΨΝΨ4690Β3-ΣΩΧ,2024-04-01,ΕΝΤΑΛΜΑ ΠΛΗΡΩΜΗΣ ΑΠΟΖΗΜΙΩΣΗ ΓΙΑ ΝΥΧΤΕΡΙΝΑ-ΕΞΑΙΡΕΣΙΜΑ-ΥΠΕΡΩΡ.ΑΠΑΣΧΟΛΗΣΗ (001628),,,743.10,anonymous sponsor (empty sponsorAFMName)
9Ω3Ν4690Β3-ΥΟ8,2024-04-01,ΕΝΤΑΛΜΑ ΠΛΗΡΩΜΗΣ ΑΠΟΖΗΜΙΩΣΗ ΓΙΑ ΝΥΧΤΕΡΙΝΑ-ΕΞΑΙΡΕΣΙΜΑ-ΥΠΕΡΩΡ.ΑΠΑΣΧΟΛΗΣΗ (001628),,,1002.14,anonymous sponsor (empty sponsorAFMName)
639Υ4690Β3-9ΡΡ,2024-04-01,ΕΝΤΑΛΜΑ ΠΛΗΡΩΜΗΣ ΑΠΟΖΗΜΙΩΣΗ ΓΙΑ ΝΥΧΤΕΡΙΝΑ-ΕΞΑΙΡΕΣΙΜΑ-ΥΠΕΡΩΡ.ΑΠΑΣΧΟΛΗΣΗ (001628),,,1238.39,anonymous sponsor (empty sponsorAFMName)
69ΠΨ4690Β3-ΒΕ3,2024-04-01,ΕΝΤΑΛΜΑ ΠΛΗΡΩΜΗΣ ΑΠΟΖΗΜΙΩΣΗ ΓΙΑ ΝΥΧΤΕΡΙΝΑ-ΕΞΑΙΡΕΣΙΜΑ-ΥΠΕΡΩΡ.ΑΠΑΣΧΟΛΗΣΗ (001628),,,521.08,anonymous sponsor (empty sponsorAFMName)
9ΒΠΟ4690Β3-Κ15,2024-04-01,ΕΝΤΑΛΜΑ ΠΛΗΡΩΜΗΣ ΑΠΟΖΗΜΙΩΣΗ ΓΙΑ ΝΥΧΤΕΡΙΝΑ-ΕΞΑΙΡΕΣΙΜΑ-ΥΠΕΡΩΡ.ΑΠΑΣΧΟΛΗΣΗ (001628),,,4366.18,anonymous sponsor (empty sponsorAFMName)
96Κ94690Β3-ΚΣΘ,2024-04-01,ΕΝΤΑΛΜΑ ΠΛΗΡΩΜΗΣ ΑΠΟΖΗΜΙΩΣΗ ΓΙΑ ΝΥΧΤΕΡΙΝΑ-ΕΞΑΙΡΕΣΙΜΑ-ΥΠΕΡΩΡ.ΑΠΑΣΧΟΛΗΣΗ (001628),,,1440.36,anonymous sponsor (empty sponsorAFMName)
6ΩΙΓ4690Β3-ΟΣ2,2024-04-01,ΕΝΤΑΛΜΑ ΠΛΗΡΩΜΗΣ ΑΠΟΖΗΜΙΩΣΗ ΓΙΑ ΝΥΧΤΕΡΙΝΑ-ΕΞΑΙΡΕΣΙΜΑ-ΥΠΕΡΩΡ.ΑΠΑΣΧΟΛΗΣΗ (001628),,,7266.82,anonymous sponsor (empty sponsorAFMName)
Ψ8ΜΖ4690Β3-ΞΚ0,2024-04-01,ΕΝΤΑΛΜΑ ΠΛΗΡΩΜΗΣ ΑΠΟΖΗΜΙΩΣΗ ΓΙΑ ΝΥΧΤΕΡΙΝΑ-ΕΞΑΙΡΕΣΙΜΑ-ΥΠΕΡΩΡ.ΑΠΑΣΧΟΛΗΣΗ (001628),,,1278.23,anonymous sponsor (empty sponsorAFMName)
6ΣΓΑ4690Β3-2ΡΣ,2024-04-01,ΕΝΤΑΛΜΑ ΠΛΗΡΩΜΗΣ ΑΠΟΖΗΜΙΩΣΗ ΓΙΑ ΝΥΧΤΕΡΙΝΑ-ΕΞΑΙΡΕΣΙΜΑ-ΥΠΕΡΩΡ.ΑΠΑΣΧΟΛΗΣΗ (001628),,,7857.38,anonymous sponsor (empty sponsorAFMName)
Ρ43Δ4690Β3-ΛΛ2,2024-04-01,ΕΝΤΑΛΜΑ ΠΛΗΡΩΜΗΣ ΑΠΟΖΗΜΙΩΣΗ ΕΦΗΜΕΡΙΩΝ (002535),,,144.52,anonymous sponsor (empty sponsorAFMName)
666Θ4690Β3-3ΤΕ,2024-04-01,ΕΝΤΑΛΜΑ ΠΛΗΡΩΜΗΣ ΑΠΟΖΗΜΙΩΣΗ ΕΦΗΜΕΡΙΩΝ (002535),,,1114.97,anonymous sponsor (empty sponsorAFMName)
9ΘΒ64690Β3-ΔΧ6,2024-04-01,ΕΝΤΑΛΜΑ ΠΛΗΡΩΜΗΣ ΑΠΟΖΗΜΙΩΣΗ ΕΦΗΜΕΡΙΩΝ (002535),,,1498.20,anonymous sponsor (empty sponsorAFMName)
9ΖΓΖ4690Β3-7ΤΘ,2024-04-01,ΕΝΤΑΛΜΑ ΠΛΗΡΩΜΗΣ ΑΠΟΖΗΜΙΩΣΗ ΕΦΗΜΕΡΙΩΝ (002535),,,11515.90,anonymous sponsor (empty sponsorAFMName)
65Α14690Β3-ΗΙΛ,2024-04-01,ΕΝΤΑΛΜΑ ΠΛΗΡΩΜΗΣ ΑΠΟΖΗΜΙΩΣΗ ΕΦΗΜΕΡΙΩΝ (002535),,,793.24,anonymous sponsor (empty sponsorAFMName)
9Ρ5Ι4690Β3-Π5Β,2024-04-01,ΕΝΤΑΛΜΑ ΠΛΗΡΩΜΗΣ ΑΠΟΖΗΜΙΩΣΗ ΕΦΗΜΕΡΙΩΝ (002535),,,1124.45,anonymous sponsor (empty sponsorAFMName)
9ΦΚ34690Β3-ΠΔ9,2024-04-01,ΕΝΤΑΛΜΑ ΠΛΗΡΩΜΗΣ ΑΠΟΖΗΜΙΩΣΗ ΕΦΗΜΕΡΙΩΝ (002535),,,7251.52,anonymous sponsor (empty sponsorAFMName)
9ΝΦΟ4690Β3-ΛΕΣ,2024-04-01,ΕΝΤΑΛΜΑ ΠΛΗΡΩΜΗΣ ΑΠΟΖΗΜΙΩΣΗ ΕΦΗΜΕΡΙΩΝ (002535),,,434.38,anonymous sponsor (empty sponsorAFMName)
62Π04690Β3-Ι6Μ,2024-04-01,ΕΝΤΑΛΜΑ ΠΛΗΡΩΜΗΣ ΑΠΟΖΗΜΙΩΣΗ ΕΦΗΜΕΡΙΩΝ (002535),,,778.44,anonymous sponsor (empty sponsorAFMName)
Ψ8Ω34690Β3-ΨΞ6,2024-04-01,ΕΝΤΑΛΜΑ ΠΛΗΡΩΜΗΣ ΑΠΟΖΗΜΙΩΣΗ ΕΦΗΜΕΡΙΩΝ (002535),,,21028.30,anonymous sponsor (empty sponsorAFMName)
6Λ5Π4690Β3-ΙΔΑ,2024-04-01,ΕΝΤΑΛΜΑ ΠΛΗΡΩΜΗΣ ΑΠΟΖΗΜΙΩΣΗ ΕΦΗΜΕΡΙΩΝ (002535),,,18762.84,anonymous sponsor (empty sponsorAFMName)
ΨΙΖΒ4690Β3-7ΤΜ,2024-04-01,ΕΝΤΑΛΜΑ ΠΛΗΡΩΜΗΣ ΑΠΟΖΗΜΙΩΣΗ ΕΦΗΜΕΡΙΩΝ (002535),,,84934.42,anonymous sponsor (empty sponsorAFMName)
ΨΦΚΑ4690Β3-ΛΛΒ,2024-04-01,ΕΝΤΑΛΜΑ ΠΛΗΡΩΜΗΣ ΑΠΟΖΗΜΙΩΣΗ ΕΦΗΜΕΡΙΩΝ (002535),,,2385.48,anonymous sponsor (empty sponsorAFMName)
ΨΨΖΓ4690Β3-1ΦΤ,2024-04-01,ΕΝΤΑΛΜΑ ΠΛΗΡΩΜΗΣ ΕΠΙΚΟΥΡΙΚΟ ΝΟΣΗΛΕΥΤΙΚΟ-ΠΑΡΑΪΑΤΡΙΚΟ ΠΡΟΣΩΠΙΚΟ (000001634),,,1677.45,anonymous sponsor (empty sponsorAFMName)
6ΧΩ34690Β3-Ν2Γ,2024-04-01,ΕΝΤΑΛΜΑ ΠΛΗΡΩΜΗΣ ΕΠΙΚΟΥΡΙΚΟ ΝΟΣΗΛΕΥΤΙΚΟ-ΠΑΡΑΪΑΤΡΙΚΟ ΠΡΟΣΩΠΙΚΟ (000001634),,,1676.59,anonymous sponsor (empty sponsorAFMName)
ΨΒΞ64690Β3-ΡΤΧ,2024-04-01,ΕΝΤΑΛΜΑ ΠΛΗΡΩΜΗΣ ΕΠΙΚΟΥΡΙΚΟ ΝΟΣΗΛΕΥΤΙΚΟ-ΠΑΡΑΪΑΤΡΙΚΟ ΠΡΟΣΩΠΙΚΟ (000001634),,,110996.21,anonymous sponsor (empty sponsorAFMName)
9ΦΘΝ4690Β3-ΟΘΑ,2024-04-01,ΕΝΤΑΛΜΑ ΠΛΗΡΩΜΗΣ EΠΙΚΟΥΡΙΚΟΙ ΙΑΤΡΟΙ Ε.Σ.Υ. (000001629),,,5846.67,anonymous sponsor (empty sponsorAFMName)
6Υ824690Β3-Ζ6Ι,2024-04-01,ΕΝΤΑΛΜΑ ΠΛΗΡΩΜΗΣ ΕΠΟΧΙΚΟ ΠΡΟΣΩΠΙΚΟ ΚΑΘΑΡΙΟΤΗΤΑΣ (999111999),,,40065.89,anonymous sponsor (empty sponsorAFMName)
6ΛΚ44690Β3-4Τ2,2024-04-01,ΕΝΤΑΛΜΑ ΠΛΗΡΩΜΗΣ ΕΡΓΟΔ.ΕΙΣΦ.ΙΚΑ ΑΣΚΟΥΜ.ΤΕΕ-ΙΕΚ.ΧΩΡ.ΑΜΟΙΒ.ΓΙΑ ΑΤΥΧΗΜ (001690),,,44.88,anonymous sponsor (empty sponsorAFMName)
6ΔΔΨ4690Β3-Σ1Φ,2024-04-01,ΕΝΤΑΛΜΑ ΠΛΗΡΩΜΗΣ ΕΠΙΚΟΥΡΙΚΟ ΝΟΣΗΛΕΥΤΙΚΟ-ΠΑΡΑΪΑΤΡΙΚΟ ΠΡΟΣΩΠΙΚΟ (000001634),,,1748.75,anonymous sponsor (empty sponsorAFMName)
6ΔΞΤ4690Β3-ΥΛΨ,2024-04-01,ΕΝΤΑΛΜΑ ΠΛΗΡΩΜΗΣ ΕΠΙΚΟΥΡΙΚΟ ΝΟΣΗΛΕΥΤΙΚΟ-ΠΑΡΑΪΑΤΡΙΚΟ ΠΡΟΣΩΠΙΚΟ (000001634),,,40692.13,anonymous sponsor (empty sponsorAFMName)
9ΨΒΥ4690Β3-ΖΔΥ,2024-04-01,ΕΝΤΑΛΜΑ ΠΛΗΡΩΜΗΣ EΠΙΚΟΥΡΙΚΟΙ ΙΑΤΡΟΙ Ε.Σ.Υ. (000001629),,,91.92,anonymous sponsor (empty sponsorAFMName)
6ΨΣΖ4690Β3-7ΨΙ,2024-04-01,ΕΝΤΑΛΜΑ ΠΛΗΡΩΜΗΣ EΠΙΚΟΥΡΙΚΟΙ ΙΑΤΡΟΙ Ε.Σ.Υ. (000001629),,,54816.28,anonymous sponsor (empty sponsorAFMName)
ΨΜΦΥ4690Β3-5ΡΗ,2024-04-01,ΕΝΤΑΛΜΑ ΠΛΗΡΩΜΗΣ ΕΠΙΚΟΥΡΙΚΟ ΝΟΣΗΛΕΥΤΙΚΟ-ΠΑΡΑΪΑΤΡΙΚΟ ΠΡΟΣΩΠΙΚΟ (000001634),,,3898.20,anonymous sponsor (empty sponsorAFMName)
68ΥΚ4690Β3-ΜΝΛ,2024-03-29,ΕΝΤΑΛΜΑ ΠΛΗΡΩΜΗΣ DRAEGER HELLAS A.E (997799268),,,2591.60,anonymous sponsor (empty sponsorAFMName)
6ΨΙΠ4690Β3-Ξ8Π,2024-03-29,ΕΝΤΑΛΜΑ ΠΛΗΡΩΜΗΣ DRAEGER HELLAS A.E (997799268),,,2765.82,anonymous sponsor (empty sponsorAFMName)
ΨΙΚΘ4690Β3-Κ5Π,2024-03-28,ΕΝΤΑΛΜΑ ΠΛΗΡΩΜΗΣ ΚΡΑΤ.3391-54.03.00.0001 Φ.Μ.Υ. (001512),,,96.69,anonymous sponsor (empty sponsorAFMName)
91Ω44690Β3-ΒΣΤ,2024-03-28,ΕΝΤΑΛΜΑ ΠΛΗΡΩΜΗΣ ΕΙΣΦΟΡΕΣ ΑΠΑΣΧ/ΝΩΝ ΟΑΕΔ ΜΕΣΩ ΠΡΟΓ. ΚΟΙΝΩΦ. ΧΑΡΑΚΤΗΡΑ (),,,2057.08,anonymous sponsor (empty sponsorAFMName)
ΨΔ3Ψ4690Β3-ΚΜΒ,2024-03-28,ΕΝΤΑΛΜΑ ΠΛΗΡΩΜΗΣ ΚΡΑΤ.3391-54.03.00.0001 Φ.Μ.Υ. (001512),,,259.76,anonymous sponsor (empty sponsorAFMName)
6ΓΟΞ4690Β3-Ω2Φ,2024-03-28,ΕΝΤΑΛΜΑ ΠΛΗΡΩΜΗΣ ΕΙΣΦΟΡΕΣ ΑΠΑΣΧ/ΝΩΝ ΟΑΕΔ ΜΕΣΩ ΠΡΟΓ. ΚΟΙΝΩΦ. ΧΑΡΑΚΤΗΡΑ (),,,5035.17,anonymous sponsor (empty sponsorAFMName)
9ΒΜΑ4690Β3-090,2024-03-27,ΕΝΤΑΛΜΑ ΠΛΗΡΩΜΗΣ ΚΡΑΤ.3391-54.04.02.0001 Χ/ΜΑ και ΟΓΑ Χ/ΜΩΝ (),,,0.06,anonymous sponsor (empty sponsorAFMName)
ΨΒΣΚ4690Β3-Α6Η,2024-03-27,ΕΝΤΑΛΜΑ ΠΛΗΡΩΜΗΣ ΚΡΑΤ.3391-54.09.14.0001 ΦΟΡΟΣ ΠΡΟΜΗΘΕΥΤΩΝ (001510),,,117.40,anonymous sponsor (empty sponsorAFMName)
9Π914690Β3-ΤΗΤ,2024-03-27,ΕΝΤΑΛΜΑ ΠΛΗΡΩΜΗΣ ΚΡΑΤ.3391-53.20.00.0001 ΕΛΛΗΝΙΚΟ ΔΗΜΟΣΙΟ (001506),,,29.95,anonymous sponsor (empty sponsorAFMName)
Ψ3ΖΑ4690Β3-ΩΡ7,2024-03-27,ΕΝΤΑΛΜΑ ΠΛΗΡΩΜΗΣ ΚΡΑΤ.3391-53.20.00.0001 ΕΛΛΗΝΙΚΟ ΔΗΜΟΣΙΟ (001506),,,1.50,anonymous sponsor (empty sponsorAFMName)
9ΤΙΠ4690Β3-ΩΛ4,2024-03-22,ΕΝΤΑΛΜΑ ΠΛΗΡΩΜΗΣ ΚΩΝΣΤΑΝΤΙΝΟΣ ΑΝΑΣΤΟΠΟΥΛΟΣ-ΑΙΚΑΤΕΡΙΝΗ ΝΑΤΣΗ Ο.Ε. (800544921),,,1612.00,anonymous sponsor (empty sponsorAFMName)
Ψ1ΡΙ4690Β3-ΚΘ8,2024-03-15,ΕΝΤΑΛΜΑ ΠΛΗΡΩΜΗΣ ΑΠΟΖΗΜΙΩΣΗ ΓΙΑ ΝΥΧΤΕΡΙΝΑ-ΕΞΑΙΡΕΣΙΜΑ-ΥΠΕΡΩΡ.ΑΠΑΣΧΟΛΗΣΗ (001628),,,1735.99,anonymous sponsor (empty sponsorAFMName)
ΨΦΜΡ4690Β3-238,2024-03-15,ΕΝΤΑΛΜΑ ΠΛΗΡΩΜΗΣ ΑΠΟΖΗΜΙΩΣΗ ΓΙΑ ΝΥΧΤΕΡΙΝΑ-ΕΞΑΙΡΕΣΙΜΑ-ΥΠΕΡΩΡ.ΑΠΑΣΧΟΛΗΣΗ (001628),,,887.99,anonymous sponsor (empty sponsorAFMName)
635Μ4690Β3-Ν1Ο,2024-03-15,ΕΝΤΑΛΜΑ ΠΛΗΡΩΜΗΣ ΑΠΟΖΗΜΙΩΣΗ ΓΙΑ ΝΥΧΤΕΡΙΝΑ-ΕΞΑΙΡΕΣΙΜΑ-ΥΠΕΡΩΡ.ΑΠΑΣΧΟΛΗΣΗ (001628),,,120.84,anonymous sponsor (empty sponsorAFMName)
ΨΤΑΧ4690Β3-Α8Ψ,2024-03-15,ΕΝΤΑΛΜΑ ΠΛΗΡΩΜΗΣ ΑΠΟΖΗΜΙΩΣΗ ΓΙΑ ΝΥΧΤΕΡΙΝΑ-ΕΞΑΙΡΕΣΙΜΑ-ΥΠΕΡΩΡ.ΑΠΑΣΧΟΛΗΣΗ (001628),,,3097.21,anonymous sponsor (empty sponsorAFMName)
9ΥΟΗ4690Β3-0ΘΞ,2024-03-14,ΕΝΤΑΛΜΑ ΠΛΗΡΩΜΗΣ ΑΠΟΖΗΜΙΩΣΗ ΓΙΑ ΝΥΧΤΕΡΙΝΑ-ΕΞΑΙΡΕΣΙΜΑ-ΥΠΕΡΩΡ.ΑΠΑΣΧΟΛΗΣΗ (001628),,,95.46,anonymous sponsor (empty sponsorAFMName)
ΨΜΦΕ4690Β3-ΝΒΕ,2024-03-14,ΕΝΤΑΛΜΑ ΠΛΗΡΩΜΗΣ ΑΠΟΖΗΜΙΩΣΗ ΓΙΑ ΝΥΧΤΕΡΙΝΑ-ΕΞΑΙΡΕΣΙΜΑ-ΥΠΕΡΩΡ.ΑΠΑΣΧΟΛΗΣΗ (001628),,,583.24,anonymous sponsor (empty sponsorAFMName)
Ψ88Γ4690Β3-4ΡΧ,2024-03-14,ΕΝΤΑΛΜΑ ΠΛΗΡΩΜΗΣ ΑΠΟΖΗΜΙΩΣΗ ΓΙΑ ΝΥΧΤΕΡΙΝΑ-ΕΞΑΙΡΕΣΙΜΑ-ΥΠΕΡΩΡ.ΑΠΑΣΧΟΛΗΣΗ (001628),,,7119.61,anonymous sponsor (empty sponsorAFMName)
ΨΔΔΘ4690Β3-2ΩΚ,2024-03-14,ΕΝΤΑΛΜΑ ΠΛΗΡΩΜΗΣ ΑΠΟΖΗΜΙΩΣΗ ΓΙΑ ΝΥΧΤΕΡΙΝΑ-ΕΞΑΙΡΕΣΙΜΑ-ΥΠΕΡΩΡ.ΑΠΑΣΧΟΛΗΣΗ (001628),,,1883.74,anonymous sponsor (empty sponsorAFMName)
9ΚΞ54690Β3-ΜΒΚ,2024-03-14,ΕΝΤΑΛΜΑ ΠΛΗΡΩΜΗΣ ΑΠΟΖΗΜΙΩΣΗ ΓΙΑ ΝΥΧΤΕΡΙΝΑ-ΕΞΑΙΡΕΣΙΜΑ-ΥΠΕΡΩΡ.ΑΠΑΣΧΟΛΗΣΗ (001628),,,375.70,anonymous sponsor (empty sponsorAFMName)
6ΙΑ14690Β3-96Γ,2024-03-14,ΕΝΤΑΛΜΑ ΠΛΗΡΩΜΗΣ ΑΠΟΖΗΜΙΩΣΗ ΓΙΑ ΝΥΧΤΕΡΙΝΑ-ΕΞΑΙΡΕΣΙΜΑ-ΥΠΕΡΩΡ.ΑΠΑΣΧΟΛΗΣΗ (001628),,,357.31,anonymous sponsor (empty sponsorAFMName)
6ΗΛΜ4690Β3-5ΨΟ,2024-03-14,ΕΝΤΑΛΜΑ ΠΛΗΡΩΜΗΣ ΑΠΟΖΗΜΙΩΣΗ ΓΙΑ ΝΥΧΤΕΡΙΝΑ-ΕΞΑΙΡΕΣΙΜΑ-ΥΠΕΡΩΡ.ΑΠΑΣΧΟΛΗΣΗ (001628),,,6225.89,anonymous sponsor (empty sponsorAFMName)
6ΔΜ14690Β3-ΕΔΙ,2024-03-14,ΕΝΤΑΛΜΑ ΠΛΗΡΩΜΗΣ ΑΠΟΖΗΜΙΩΣΗ ΓΙΑ ΝΥΧΤΕΡΙΝΑ-ΕΞΑΙΡΕΣΙΜΑ-ΥΠΕΡΩΡ.ΑΠΑΣΧΟΛΗΣΗ (001628),,,1854.00,anonymous sponsor (empty sponsorAFMName)
9Ρ2Λ4690Β3-Ρ67,2024-03-14,ΕΝΤΑΛΜΑ ΠΛΗΡΩΜΗΣ ΑΠΟΖΗΜΙΩΣΗ ΓΙΑ ΝΥΧΤΕΡΙΝΑ-ΕΞΑΙΡΕΣΙΜΑ-ΥΠΕΡΩΡ.ΑΠΑΣΧΟΛΗΣΗ (001628),,,153.23,anonymous sponsor (empty sponsorAFMName)
6ΧΔΡ4690Β3-ΗΨΩ,2024-03-14,ΕΝΤΑΛΜΑ ΠΛΗΡΩΜΗΣ ΑΠΟΖΗΜΙΩΣΗ ΓΙΑ ΝΥΧΤΕΡΙΝΑ-ΕΞΑΙΡΕΣΙΜΑ-ΥΠΕΡΩΡ.ΑΠΑΣΧΟΛΗΣΗ (001628),,,754.23,anonymous sponsor (empty sponsorAFMName)
ΨΚΠΛ4690Β3-Ω7Τ,2024-03-14,ΕΝΤΑΛΜΑ ΠΛΗΡΩΜΗΣ ΑΠΟΖΗΜΙΩΣΗ ΓΙΑ ΝΥΧΤΕΡΙΝΑ-ΕΞΑΙΡΕΣΙΜΑ-ΥΠΕΡΩΡ.ΑΠΑΣΧΟΛΗΣΗ (001628),,,465.44,anonymous sponsor (empty sponsorAFMName)
Ψ2ΠΙ4690Β3-ΓΣΣ,2024-03-14,ΕΝΤΑΛΜΑ ΠΛΗΡΩΜΗΣ ΑΠΟΖΗΜΙΩΣΗ ΓΙΑ ΝΥΧΤΕΡΙΝΑ-ΕΞΑΙΡΕΣΙΜΑ-ΥΠΕΡΩΡ.ΑΠΑΣΧΟΛΗΣΗ (001628),,,1064.39,anonymous sponsor (empty sponsorAFMName)
Ψ3444690Β3-2Χ8,2024-03-14,ΕΝΤΑΛΜΑ ΠΛΗΡΩΜΗΣ ΑΠΟΖΗΜΙΩΣΗ ΓΙΑ ΝΥΧΤΕΡΙΝΑ-ΕΞΑΙΡΕΣΙΜΑ-ΥΠΕΡΩΡ.ΑΠΑΣΧΟΛΗΣΗ (001628),,,225.07,anonymous sponsor (empty sponsorAFMName)
6ΗΧΣ4690Β3-6ΜΘ,2024-03-14,ΕΝΤΑΛΜΑ ΠΛΗΡΩΜΗΣ ΑΠΟΖΗΜΙΩΣΗ ΓΙΑ ΝΥΧΤΕΡΙΝΑ-ΕΞΑΙΡΕΣΙΜΑ-ΥΠΕΡΩΡ.ΑΠΑΣΧΟΛΗΣΗ (001628),,,7662.55,anonymous sponsor (empty sponsorAFMName)
ΨΩΗΗ4690Β3-5Ν0,2024-03-14,ΕΝΤΑΛΜΑ ΠΛΗΡΩΜΗΣ ΑΠΟΖΗΜΙΩΣΗ ΓΙΑ ΝΥΧΤΕΡΙΝΑ-ΕΞΑΙΡΕΣΙΜΑ-ΥΠΕΡΩΡ.ΑΠΑΣΧΟΛΗΣΗ (001628),,,496.85,anonymous sponsor (empty sponsorAFMName)
9ΛΨΝ4690Β3-ΙΣΖ,2024-03-14,ΕΝΤΑΛΜΑ ΠΛΗΡΩΜΗΣ ΑΠΟΖΗΜΙΩΣΗ ΓΙΑ ΝΥΧΤΕΡΙΝΑ-ΕΞΑΙΡΕΣΙΜΑ-ΥΠΕΡΩΡ.ΑΠΑΣΧΟΛΗΣΗ (001628),,,1119.72,anonymous sponsor (empty sponsorAFMName)
ΨΗ9Ν4690Β3-ΩΩ7,2024-03-14,ΕΝΤΑΛΜΑ ΠΛΗΡΩΜΗΣ ΑΠΟΖΗΜΙΩΣΗ ΓΙΑ ΝΥΧΤΕΡΙΝΑ-ΕΞΑΙΡΕΣΙΜΑ-ΥΠΕΡΩΡ.ΑΠΑΣΧΟΛΗΣΗ (001628),,,2891.21,anonymous sponsor (empty sponsorAFMName)
9ΛΚΣ4690Β3-Β77,2024-03-14,ΕΝΤΑΛΜΑ ΠΛΗΡΩΜΗΣ ΑΠΟΖΗΜΙΩΣΗ ΓΙΑ ΝΥΧΤΕΡΙΝΑ-ΕΞΑΙΡΕΣΙΜΑ-ΥΠΕΡΩΡ.ΑΠΑΣΧΟΛΗΣΗ (001628),,,8521.25,anonymous sponsor (empty sponsorAFMName)
ΨΒΤΦ4690Β3-Κ13,2024-03-14,ΕΝΤΑΛΜΑ ΠΛΗΡΩΜΗΣ ΑΠΟΖΗΜΙΩΣΗ ΓΙΑ ΝΥΧΤΕΡΙΝΑ-ΕΞΑΙΡΕΣΙΜΑ-ΥΠΕΡΩΡ.ΑΠΑΣΧΟΛΗΣΗ (001628),,,9285.56,anonymous sponsor (empty sponsorAFMName)
Ψ8ΧΒ4690Β3-Ο12,2024-03-14,ΕΝΤΑΛΜΑ ΠΛΗΡΩΜΗΣ ΑΠΟΖΗΜΙΩΣΗ ΓΙΑ ΝΥΧΤΕΡΙΝΑ-ΕΞΑΙΡΕΣΙΜΑ-ΥΠΕΡΩΡ.ΑΠΑΣΧΟΛΗΣΗ (001628),,,1382.44,anonymous sponsor (empty sponsorAFMName)
ΨΚ1Υ4690Β3-7ΔΖ,2024-03-14,ΕΝΤΑΛΜΑ ΠΛΗΡΩΜΗΣ ΑΠΟΖΗΜΙΩΣΗ ΕΦΗΜΕΡΙΩΝ (002535),,,2608.12,anonymous sponsor (empty sponsorAFMName)
6ΚΝΓ4690Β3-ΚΝ0,2024-03-14,ΕΝΤΑΛΜΑ ΠΛΗΡΩΜΗΣ ΑΠΟΖΗΜΙΩΣΗ ΕΦΗΜΕΡΙΩΝ (002535),,,22314.65,anonymous sponsor (empty sponsorAFMName)
ΨΟ394690Β3-ΔΣ7,2024-03-14,ΕΝΤΑΛΜΑ ΠΛΗΡΩΜΗΣ ΑΠΟΖΗΜΙΩΣΗ ΕΦΗΜΕΡΙΩΝ (002535),,,1342.14,anonymous sponsor (empty sponsorAFMName)
65ΤΟ4690Β3-ΞΨΠ,2024-03-14,ΕΝΤΑΛΜΑ ΠΛΗΡΩΜΗΣ ΑΠΟΖΗΜΙΩΣΗ ΕΦΗΜΕΡΙΩΝ (002535),,,1387.72,anonymous sponsor (empty sponsorAFMName)
6ΧΒ84690Β3-ΕΣΒ,2024-03-14,ΕΝΤΑΛΜΑ ΠΛΗΡΩΜΗΣ ΑΠΟΖΗΜΙΩΣΗ ΕΦΗΜΕΡΙΩΝ (002535),,,2227.90,anonymous sponsor (empty sponsorAFMName)
ΨΓ594690Β3-Σ4Ι,2024-03-14,ΕΝΤΑΛΜΑ ΠΛΗΡΩΜΗΣ ΑΠΟΖΗΜΙΩΣΗ ΕΦΗΜΕΡΙΩΝ (002535),,,19791.04,anonymous sponsor (empty sponsorAFMName)
ΨΞΜ04690Β3-62Π,2024-03-14,ΕΝΤΑΛΜΑ ΠΛΗΡΩΜΗΣ ΑΠΟΖΗΜΙΩΣΗ ΕΦΗΜΕΡΙΩΝ (002535),,,85790.77,anonymous sponsor (empty sponsorAFMName)
60ΞΛ4690Β3-ΝΟ3,2024-03-11,ΕΝΤΑΛΜΑ ΠΛΗΡΩΜΗΣ DRAEGER HELLAS A.E (997799268),,,281.48,anonymous sponsor (empty sponsorAFMName)
Ρ9ΘΨ4690Β3-ΤΞ4,2024-03-07,ΕΝΤΑΛΜΑ ΠΛΗΡΩΜΗΣ ΚΕΡΚΥΡΑΪΚΗ ΕΤΑΙΡΕΙΑ ΚΡΕΑΤΩΝ ΑΕ (099346780),,,5430.16,anonymous sponsor (empty sponsorAFMName)
ΨΥΓΕ4690Β3-Ρ6Ξ,2024-03-07,ΕΝΤΑΛΜΑ ΠΛΗΡΩΜΗΣ ΚΕΡΚΥΡΑΪΚΗ ΕΤΑΙΡΕΙΑ ΚΡΕΑΤΩΝ ΑΕ (099346780),,,6290.41,anonymous sponsor (empty sponsorAFMName)
ΨΚΣ24690Β3-Τ5Φ,2024-03-05,ΕΝΤΑΛΜΑ ΠΛΗΡΩΜΗΣ Γ.Ν.ΝΟΣΗΜΑΤΩΝ ΘΩΡΑΚΟΣ ΑΘΗΝ. Η ΣΩΤΗΡΙΑ (999332720),,,56.88,anonymous sponsor (empty sponsorAFMName)
95084690Β3-Ν78,2024-03-04,ΕΝΤΑΛΜΑ ΠΛΗΡΩΜΗΣ ΑΝΑΣΤΑΣΙΟΣ ΙΟΡΔΑΝΟΠΟΥΛΟΣ   ΣΙΑ Ε.Ε.-CRIST (082855188),,,7402.80,anonymous sponsor (empty sponsorAFMName)
9ΛΙΗ4690Β3-ΞΗΓ,2024-02-29,ΕΝΤΑΛΜΑ ΠΛΗΡΩΜΗΣ ΕΠΙΚΟΥΡΙΚΟ ΝΟΣΗΛΕΥΤΙΚΟ-ΠΑΡΑΪΑΤΡΙΚΟ ΠΡΟΣΩΠΙΚΟ (000001634),,,1677.45,anonymous sponsor (empty sponsorAFMName)
ΨΚΓΡ4690Β3-7ΥΕ,2024-02-29,ΕΝΤΑΛΜΑ ΠΛΗΡΩΜΗΣ ΕΠΙΚΟΥΡΙΚΟ ΝΟΣΗΛΕΥΤΙΚΟ-ΠΑΡΑΪΑΤΡΙΚΟ ΠΡΟΣΩΠΙΚΟ (000001634),,,1676.59,anonymous sponsor (empty sponsorAFMName)
ΡΨ574690Β3-ΧΤ7,2024-02-29,ΕΝΤΑΛΜΑ ΠΛΗΡΩΜΗΣ ΕΠΙΚΟΥΡΙΚΟ ΝΟΣΗΛΕΥΤΙΚΟ-ΠΑΡΑΪΑΤΡΙΚΟ ΠΡΟΣΩΠΙΚΟ (000001634),,,1727.49,anonymous sponsor (empty sponsorAFMName)
6ΗΡΗ4690Β3-0ΩΜ,2024-02-29,ΕΝΤΑΛΜΑ ΠΛΗΡΩΜΗΣ ΕΠΙΚΟΥΡΙΚΟ ΝΟΣΗΛΕΥΤΙΚΟ-ΠΑΡΑΪΑΤΡΙΚΟ ΠΡΟΣΩΠΙΚΟ (000001634),,,111460.62,anonymous sponsor (empty sponsorAFMName)
ΨΡ3Φ4690Β3-Α0Θ,2024-02-29,ΕΝΤΑΛΜΑ ΠΛΗΡΩΜΗΣ EΠΙΚΟΥΡΙΚΟΙ ΙΑΤΡΟΙ Ε.Σ.Υ. (000001629),,,5846.67,anonymous sponsor (empty sponsorAFMName)
6ΕΦΤ4690Β3-8Ι6,2024-02-29,ΕΝΤΑΛΜΑ ΠΛΗΡΩΜΗΣ ΕΡΓΟΔ.ΕΙΣΦ.ΙΚΑ ΑΣΚΟΥΜ.ΤΕΕ-ΙΕΚ.ΧΩΡ.ΑΜΟΙΒ.ΓΙΑ ΑΤΥΧΗΜ (001690),,,45.78,anonymous sponsor (empty sponsorAFMName)
9ΔΚ84690Β3-Η46,2024-02-29,ΕΝΤΑΛΜΑ ΠΛΗΡΩΜΗΣ ΕΠΙΚΟΥΡΙΚΟ ΝΟΣΗΛΕΥΤΙΚΟ-ΠΑΡΑΪΑΤΡΙΚΟ ΠΡΟΣΩΠΙΚΟ (000001634),,,1748.75,anonymous sponsor (empty sponsorAFMName)
9ΑΣΦ4690Β3-ΨΟΗ,2024-02-29,ΕΝΤΑΛΜΑ ΠΛΗΡΩΜΗΣ ΕΠΙΚΟΥΡΙΚΟ ΝΟΣΗΛΕΥΤΙΚΟ-ΠΑΡΑΪΑΤΡΙΚΟ ΠΡΟΣΩΠΙΚΟ (000001634),,,811.35,anonymous sponsor (empty sponsorAFMName)
93ΛΗ4690Β3-ΩΑΜ,2024-02-29,ΕΝΤΑΛΜΑ ΠΛΗΡΩΜΗΣ ΕΠΙΚΟΥΡΙΚΟ ΝΟΣΗΛΕΥΤΙΚΟ-ΠΑΡΑΪΑΤΡΙΚΟ ΠΡΟΣΩΠΙΚΟ (000001634),,,40692.13,anonymous sponsor (empty sponsorAFMName)
6ΧΜΣ4690Β3-ΙΤ5,2024-02-29,ΕΝΤΑΛΜΑ ΠΛΗΡΩΜΗΣ EΠΙΚΟΥΡΙΚΟΙ ΙΑΤΡΟΙ Ε.Σ.Υ. (000001629),,,1881.01,anonymous sponsor (empty sponsorAFMName)
92ΘΛ4690Β3-ΝΝΧ,2024-02-29,ΕΝΤΑΛΜΑ ΠΛΗΡΩΜΗΣ EΠΙΚΟΥΡΙΚΟΙ ΙΑΤΡΟΙ Ε.Σ.Υ. (000001629),,,54849.84,anonymous sponsor (empty sponsorAFMName)
ΨΙΕΛ4690Β3-89Ζ,2024-02-29,ΕΝΤΑΛΜΑ ΠΛΗΡΩΜΗΣ ΕΠΟΧΙΚΟ ΠΡΟΣΩΠΙΚΟ ΚΑΘΑΡΙΟΤΗΤΑΣ (999111999),,,41016.36,anonymous sponsor (empty sponsorAFMName)
ΨΨΝΗ4690Β3-ΟΡ5,2024-02-29,ΕΝΤΑΛΜΑ ΠΛΗΡΩΜΗΣ ΕΡΓΟΔ.ΕΙΣΦ.ΙΚΑ ΑΣΚΟΥΜ.ΤΕΕ-ΙΕΚ.ΧΩΡ.ΑΜΟΙΒ.ΓΙΑ ΑΤΥΧΗΜ (001690),,,11.22,anonymous sponsor (empty sponsorAFMName)
ΨΘΔ84690Β3-ΩΟ7,2024-02-28,ΕΝΤΑΛΜΑ ΠΛΗΡΩΜΗΣ ΚΡΑΤ.3391-54.03.00.0001 Φ.Μ.Υ. (001512),,,73.73,anonymous sponsor (empty sponsorAFMName)
6ΨΕΒ4690Β3-1ΨΦ,2024-02-28,ΕΝΤΑΛΜΑ ΠΛΗΡΩΜΗΣ ΕΙΣΦΟΡΕΣ ΑΠΑΣΧ/ΝΩΝ ΟΑΕΔ ΜΕΣΩ ΠΡΟΓ. ΚΟΙΝΩΦ. ΧΑΡΑΚΤΗΡΑ (),,,1996.54,anonymous sponsor (empty sponsorAFMName)
ΨΤΙΣ4690Β3-Κ2Γ,2024-02-28,ΕΝΤΑΛΜΑ ΠΛΗΡΩΜΗΣ ΚΡΑΤ.3391-54.03.00.0001 Φ.Μ.Υ. (001512),,,238.44,anonymous sponsor (empty sponsorAFMName)
Ψ6794690Β3-10Π,2024-02-28,ΕΝΤΑΛΜΑ ΠΛΗΡΩΜΗΣ ΕΙΣΦΟΡΕΣ ΑΠΑΣΧ/ΝΩΝ ΟΑΕΔ ΜΕΣΩ ΠΡΟΓ. ΚΟΙΝΩΦ. ΧΑΡΑΚΤΗΡΑ (),,,4914.09,anonymous sponsor (empty sponsorAFMName)
ΨΓΠΥ4690Β3-ΔΘΗ,2024-02-28,ΕΝΤΑΛΜΑ ΠΛΗΡΩΜΗΣ ΚΡΑΤ.3391-54.04.02.0001 Χ/ΜΑ και ΟΓΑ Χ/ΜΩΝ (),,,0.14,anonymous sponsor (empty sponsorAFMName)
6ΘΒΙ4690Β3-3ΩΨ,2024-02-28,ΕΝΤΑΛΜΑ ΠΛΗΡΩΜΗΣ ΚΡΑΤ.3391-53.20.00.0001 ΕΛΛΗΝΙΚΟ ΔΗΜΟΣΙΟ (001506),,,77.14,anonymous sponsor (empty sponsorAFMName)
6Ψ8Ζ4690Β3-ΩΙΧ,2024-02-28,ΕΝΤΑΛΜΑ ΠΛΗΡΩΜΗΣ ΚΡΑΤ.3391-53.20.00.0001 ΕΛΛΗΝΙΚΟ ΔΗΜΟΣΙΟ (001506),,,3.86,anonymous sponsor (empty sponsorAFMName)
9Η474690Β3-ΔΛΦ,2024-02-28,ΕΝΤΑΛΜΑ ΠΛΗΡΩΜΗΣ ΚΡΑΤ.3391-54.04.02.0001 Χ/ΜΑ και ΟΓΑ Χ/ΜΩΝ (),,,69.24,anonymous sponsor (empty sponsorAFMName)
Ψ73Ε4690Β3-ΟΚΓ,2024-02-28,ΕΝΤΑΛΜΑ ΠΛΗΡΩΜΗΣ ΚΡΑΤ.3391-54.04.02.0001 Χ/ΜΑ και ΟΓΑ Χ/ΜΩΝ (),,,42.00,anonymous sponsor (empty sponsorAFMName)
9ΙΠΚ4690Β3-210,2024-02-28,ΕΝΤΑΛΜΑ ΠΛΗΡΩΜΗΣ ΚΡΑΤ.3391-54.09.01.0001 ΦΟΡΟΣ ΑΜΟΙΒΩΝ ΜΕΛΩΝ Δ.Σ. (),,,288.52,anonymous sponsor (empty sponsorAFMName)
6ΡΘΠ4690Β3-9Τ9,2024-02-28,ΕΝΤΑΛΜΑ ΠΛΗΡΩΜΗΣ ΚΡΑΤ.3391-54.04.00.0001 ΦΟΡΟΣ ΕΛΕΥΘΕΡ.ΕΠΑΓΓΕΛΜΑΤ (),,,3417.81,anonymous sponsor (empty sponsorAFMName)
63ΔΔ4690Β3-Τ7Π,2024-02-28,ΕΝΤΑΛΜΑ ΠΛΗΡΩΜΗΣ ΚΡΑΤ.3391-54.09.14.0001 ΦΟΡΟΣ ΠΡΟΜΗΘΕΥΤΩΝ (001510),,,40338.47,anonymous sponsor (empty sponsorAFMName)
ΨΨ734690Β3-ΨΞΟ,2024-02-28,ΕΝΤΑΛΜΑ ΠΛΗΡΩΜΗΣ ΚΡΑΤ.3391-53.20.00.0001 ΕΛΛΗΝΙΚΟ ΔΗΜΟΣΙΟ (001506),,,15565.76,anonymous sponsor (empty sponsorAFMName)
68ΙΧ4690Β3-1Ε7,2024-02-28,ΕΝΤΑΛΜΑ ΠΛΗΡΩΜΗΣ ΚΡΑΤ.3391-53.20.00.0001 ΕΛΛΗΝΙΚΟ ΔΗΜΟΣΙΟ (001506),,,610.28,anonymous sponsor (empty sponsorAFMName)
946Ν4690Β3-ΣΔΞ,2024-02-28,ΕΝΤΑΛΜΑ ΠΛΗΡΩΜΗΣ ΚΡΑΤ.3391-53.20.00.0001 ΕΛΛΗΝΙΚΟ ΔΗΜΟΣΙΟ (001506),,,17.54,anonymous sponsor (empty sponsorAFMName)
96ΖΣ4690Β3-ΑΚ9,2024-02-28,ΕΝΤΑΛΜΑ ΠΛΗΡΩΜΗΣ ΚΡΑΤ.3311-55.02.00.0001 Μ.Τ.Π.Υ. (),,,197.02,anonymous sponsor (empty sponsorAFMName)
9ΦΞΚ4690Β3-ΠΝ0,2024-02-28,ΕΝΤΑΛΜΑ ΠΛΗΡΩΜΗΣ ΚΡΑΤ.3391-53.20.00.0001 ΕΛΛΗΝΙΚΟ ΔΗΜΟΣΙΟ (001506),,,455.11,anonymous sponsor (empty sponsorAFMName)
Ψ7Η24690Β3-ΥΩΩ,2024-02-28,ΕΝΤΑΛΜΑ ΠΛΗΡΩΜΗΣ ΚΡΑΤ.3391-54.04.02.0001 Χ/ΜΑ και ΟΓΑ Χ/ΜΩΝ (001514),,,0.05,anonymous sponsor (empty sponsorAFMName)
ΨΚ784690Β3-ΠΕΔ,2024-02-28,ΕΝΤΑΛΜΑ ΠΛΗΡΩΜΗΣ ΚΡΑΤ.3391-54.04.00.0001 ΦΟΡΟΣ ΕΛΕΥΘΕΡ.ΕΠΑΓΓΕΛΜΑΤ (),,,239.75,anonymous sponsor (empty sponsorAFMName)
ΨΩΛΙ4690Β3-10Ν,2024-02-28,ΕΝΤΑΛΜΑ ΠΛΗΡΩΜΗΣ ΚΡΑΤ.3391-53.20.00.0001 ΕΛΛΗΝΙΚΟ ΔΗΜΟΣΙΟ (001506),,,1.20,anonymous sponsor (empty sponsorAFMName)
Ψ7Ι44690Β3-ΒΕΛ,2024-02-26,ΕΝΤΑΛΜΑ ΠΛΗΡΩΜΗΣ ΕΝΟΡΑΣΙΣ ΑΕ (094503580),,,1240.00,anonymous sponsor (empty sponsorAFMName)
Ψ2ΝΗ4690Β3-ΧΥΥ,2024-02-26,ΕΝΤΑΛΜΑ ΠΛΗΡΩΜΗΣ DRAEGER HELLAS A.E (997799268),,,248.00,anonymous sponsor (empty sponsorAFMName)
9ΗΧΟ4690Β3-71Ρ,2024-02-26,ΕΝΤΑΛΜΑ ΠΛΗΡΩΜΗΣ ΟΔΟΙΠΟΡΙΚΑ ΕΞΟΔΑ ΠΡΟΣ. ΝΟΣ/ΜΕΙΟΥ (001626),,,167.30,anonymous sponsor (empty sponsorAFMName)
94ΜΞ4690Β3-ΟΓ7,2024-02-26,ΕΝΤΑΛΜΑ ΠΛΗΡΩΜΗΣ ΟΔΟΙΠΟΡΙΚΑ ΕΞΟΔΑ ΠΡΟΣ. ΝΟΣ/ΜΕΙΟΥ (001626),,,40.20,anonymous sponsor (empty sponsorAFMName)
90Μ04690Β3-ΟΤΤ,2024-02-26,ΕΝΤΑΛΜΑ ΠΛΗΡΩΜΗΣ ΟΔΟΙΠΟΡΙΚΑ ΕΞΟΔΑ ΠΡΟΣ. ΝΟΣ/ΜΕΙΟΥ (001626),,,40.20,anonymous sponsor (empty sponsorAFMName)
ΨΟΟΥ4690Β3-ΛΩΣ,2024-02-26,ΕΝΤΑΛΜΑ ΠΛΗΡΩΜΗΣ ΟΔΟΙΠΟΡΙΚΑ ΕΞΟΔΑ ΠΡΟΣ. ΝΟΣ/ΜΕΙΟΥ (001626),,,40.20,anonymous sponsor (empty sponsorAFMName)
Ψ2Μ54690Β3-ΓΜΠ,2024-02-26,ΕΝΤΑΛΜΑ ΠΛΗΡΩΜΗΣ ΟΔΟΙΠΟΡΙΚΑ ΕΞΟΔΑ ΠΡΟΣ. ΝΟΣ/ΜΕΙΟΥ (001626),,,24.50,anonymous sponsor (empty sponsorAFMName)
6ΑΤΤ4690Β3-ΑΜΣ,2024-02-26,ΕΝΤΑΛΜΑ ΠΛΗΡΩΜΗΣ ΟΔΟΙΠΟΡΙΚΑ ΕΞΟΔΑ ΠΡΟΣ. ΝΟΣ/ΜΕΙΟΥ (001626),,,70.70,anonymous sponsor (empty sponsorAFMName)
ΨΩ4Θ4690Β3-Θ3Φ,2024-02-23,ΕΝΤΑΛΜΑ ΠΛΗΡΩΜΗΣ DRAEGER HELLAS A.E (997799268),,,2435.31,anonymous sponsor (empty sponsorAFMName)
69ΟΑ4690Β3-ΛΩΛ,2024-02-23,ΕΝΤΑΛΜΑ ΠΛΗΡΩΜΗΣ DRAEGER HELLAS A.E (997799268),,,3737.36,anonymous sponsor (empty sponsorAFMName)
6ΧΟΛ4690Β3-ΥΛΙ,2024-02-23,ΕΝΤΑΛΜΑ ΠΛΗΡΩΜΗΣ DRAEGER HELLAS A.E (997799268),,,1674.00,anonymous sponsor (empty sponsorAFMName)
9ΣΝΨ4690Β3-21Η,2024-02-23,ΕΝΤΑΛΜΑ ΠΛΗΡΩΜΗΣ DRAEGER HELLAS A.E (997799268),,,15363.60,anonymous sponsor (empty sponsorAFMName)
ΨΨΦΦ4690Β3-ΗΑΟ,2024-02-23,ΕΝΤΑΛΜΑ ΠΛΗΡΩΜΗΣ DRAEGER HELLAS A.E (997799268),,,13444.70,anonymous sponsor (empty sponsorAFMName)
9ΤΑΩ4690Β3-Φ3Υ,2024-02-23,ΕΝΤΑΛΜΑ ΠΛΗΡΩΜΗΣ DRAEGER HELLAS A.E (997799268),,,20843.16,anonymous sponsor (empty sponsorAFMName)
6Μ874690Β3-ΦΕΝ,2024-02-22,ΕΝΤΑΛΜΑ ΠΛΗΡΩΜΗΣ LUNDBECK HELLAS S.A (094434000),,,1051.85,anonymous sponsor (empty sponsorAFMName)
6Η3Θ4690Β3-ΥΙΔ,2024-02-22,ΕΝΤΑΛΜΑ ΠΛΗΡΩΜΗΣ ΕΝΟΡΑΣΙΣ ΑΕ (094503580),,,1963.65,anonymous sponsor (empty sponsorAFMName)
Ψ7Β34690Β3-7Λ3,2024-02-21,ΕΝΤΑΛΜΑ ΠΛΗΡΩΜΗΣ INNOVIS PHARMA Α.Ε.Β.Ε. (ΠΡΩΗΝ ΦΑΡΜΑΤΕΝ ΕΛΛΑΣ ΑΕΒΕ) (998381010),,,873.28,anonymous sponsor (empty sponsorAFMName)
638Κ4690Β3-Ι6Χ,2024-02-20,ΕΝΤΑΛΜΑ ΠΛΗΡΩΜΗΣ LUNDBECK HELLAS S.A (094434000),,,1385.43,anonymous sponsor (empty sponsorAFMName)
6ΩΟΖ4690Β3-5ΡΚ,2024-02-16,ΕΝΤΑΛΜΑ ΠΛΗΡΩΜΗΣ DRAEGER HELLAS A.E (997799268),,,4513.60,anonymous sponsor (empty sponsorAFMName)
904Λ4690Β3-2ΤΔ,2024-02-16,ΕΝΤΑΛΜΑ ΠΛΗΡΩΜΗΣ DRAEGER HELLAS A.E (997799268),,,1543.80,anonymous sponsor (empty sponsorAFMName)
6ΝΝΛ4690Β3-Χ0Ε,2024-02-16,ΕΝΤΑΛΜΑ ΠΛΗΡΩΜΗΣ DRAEGER HELLAS A.E (997799268),,,1778.16,anonymous sponsor (empty sponsorAFMName)
ΨΘΤ64690Β3-ΓΒΟ,2024-02-16,ΕΝΤΑΛΜΑ ΠΛΗΡΩΜΗΣ DRAEGER HELLAS A.E (997799268),,,13090.68,anonymous sponsor (empty sponsorAFMName)
ΨΖΜΟ4690Β3-Υ0Ο,2024-02-08,ΕΝΤΑΛΜΑ ΠΛΗΡΩΜΗΣ ΚΕΡΚΥΡΑΪΚΗ ΕΤΑΙΡΕΙΑ ΚΡΕΑΤΩΝ ΑΕ (099346780),,,10362.03,anonymous sponsor (empty sponsorAFMName)
6ΕΛΑ4690Β3-ΖΑΞ,2024-02-02,ΕΝΤΑΛΜΑ ΠΛΗΡΩΜΗΣ ΑΠΟΖΗΜΙΩΣΗ ΓΙΑ ΝΥΧΤΕΡΙΝΑ-ΕΞΑΙΡΕΣΙΜΑ-ΥΠΕΡΩΡ.ΑΠΑΣΧΟΛΗΣΗ (001628),,,672.92,anonymous sponsor (empty sponsorAFMName)
ΨΧ7Σ4690Β3-ΨΟ3,2024-02-02,ΕΝΤΑΛΜΑ ΠΛΗΡΩΜΗΣ ΑΠΟΖΗΜΙΩΣΗ ΓΙΑ ΝΥΧΤΕΡΙΝΑ-ΕΞΑΙΡΕΣΙΜΑ-ΥΠΕΡΩΡ.ΑΠΑΣΧΟΛΗΣΗ (001628),,,93.38,anonymous sponsor (empty sponsorAFMName)
ΨΤ164690Β3-Τ3Ο,2024-02-02,ΕΝΤΑΛΜΑ ΠΛΗΡΩΜΗΣ ΑΠΟΖΗΜΙΩΣΗ ΓΙΑ ΝΥΧΤΕΡΙΝΑ-ΕΞΑΙΡΕΣΙΜΑ-ΥΠΕΡΩΡ.ΑΠΑΣΧΟΛΗΣΗ (001628),,,9176.14,anonymous sponsor (empty sponsorAFMName)
6Υ894690Β3-ΠΗΗ,2024-02-02,ΕΝΤΑΛΜΑ ΠΛΗΡΩΜΗΣ ΑΠΟΖΗΜΙΩΣΗ ΓΙΑ ΝΥΧΤΕΡΙΝΑ-ΕΞΑΙΡΕΣΙΜΑ-ΥΠΕΡΩΡ.ΑΠΑΣΧΟΛΗΣΗ (001628),,,214.08,anonymous sponsor (empty sponsorAFMName)
9ΩΖΔ4690Β3-ΧΕ1,2024-02-02,ΕΝΤΑΛΜΑ ΠΛΗΡΩΜΗΣ ΑΠΟΖΗΜΙΩΣΗ ΓΙΑ ΝΥΧΤΕΡΙΝΑ-ΕΞΑΙΡΕΣΙΜΑ-ΥΠΕΡΩΡ.ΑΠΑΣΧΟΛΗΣΗ (001628),,,2428.22,anonymous sponsor (empty sponsorAFMName)
ΨΦΡΚ4690Β3-2ΕΔ,2024-02-02,ΕΝΤΑΛΜΑ ΠΛΗΡΩΜΗΣ ΑΠΟΖΗΜΙΩΣΗ ΓΙΑ ΝΥΧΤΕΡΙΝΑ-ΕΞΑΙΡΕΣΙΜΑ-ΥΠΕΡΩΡ.ΑΠΑΣΧΟΛΗΣΗ (001628),,,3929.95,anonymous sponsor (empty sponsorAFMName)
ΨΣΠΙ4690Β3-ΥΒΤ,2024-02-02,ΕΝΤΑΛΜΑ ΠΛΗΡΩΜΗΣ ΑΠΟΖΗΜΙΩΣΗ ΓΙΑ ΝΥΧΤΕΡΙΝΑ-ΕΞΑΙΡΕΣΙΜΑ-ΥΠΕΡΩΡ.ΑΠΑΣΧΟΛΗΣΗ (001628),,,823.54,anonymous sponsor (empty sponsorAFMName)
6Ε9Φ4690Β3-9ΦΥ,2024-02-02,ΕΝΤΑΛΜΑ ΠΛΗΡΩΜΗΣ ΑΠΟΖΗΜΙΩΣΗ ΓΙΑ ΝΥΧΤΕΡΙΝΑ-ΕΞΑΙΡΕΣΙΜΑ-ΥΠΕΡΩΡ.ΑΠΑΣΧΟΛΗΣΗ (001628),,,7676.63,anonymous sponsor (empty sponsorAFMName)
9ΡΧΨ4690Β3-ΝΣΤ,2024-02-02,ΕΝΤΑΛΜΑ ΠΛΗΡΩΜΗΣ ΑΠΟΖΗΜΙΩΣΗ ΓΙΑ ΝΥΧΤΕΡΙΝΑ-ΕΞΑΙΡΕΣΙΜΑ-ΥΠΕΡΩΡ.ΑΠΑΣΧΟΛΗΣΗ (001628),,,982.05,anonymous sponsor (empty sponsorAFMName)
9ΨΖ84690Β3-Α3Φ,2024-02-02,ΕΝΤΑΛΜΑ ΠΛΗΡΩΜΗΣ ΑΠΟΖΗΜΙΩΣΗ ΓΙΑ ΝΥΧΤΕΡΙΝΑ-ΕΞΑΙΡΕΣΙΜΑ-ΥΠΕΡΩΡ.ΑΠΑΣΧΟΛΗΣΗ (001628),,,1260.23,anonymous sponsor (empty sponsorAFMName)
ΨΖΕΝ4690Β3-76Ρ,2024-02-02,ΕΝΤΑΛΜΑ ΠΛΗΡΩΜΗΣ ΑΠΟΖΗΜΙΩΣΗ ΓΙΑ ΝΥΧΤΕΡΙΝΑ-ΕΞΑΙΡΕΣΙΜΑ-ΥΠΕΡΩΡ.ΑΠΑΣΧΟΛΗΣΗ (001628),,,1310.43,anonymous sponsor (empty sponsorAFMName)
61ΕΗ4690Β3-ΤΛ9,2024-02-02,ΕΝΤΑΛΜΑ ΠΛΗΡΩΜΗΣ ΑΠΟΖΗΜΙΩΣΗ ΓΙΑ ΝΥΧΤΕΡΙΝΑ-ΕΞΑΙΡΕΣΙΜΑ-ΥΠΕΡΩΡ.ΑΠΑΣΧΟΛΗΣΗ (001628),,,751.06,anonymous sponsor (empty sponsorAFMName)
ΨΘ1Ψ4690Β3-3ΓΧ,2024-02-02,ΕΝΤΑΛΜΑ ΠΛΗΡΩΜΗΣ ΑΠΟΖΗΜΙΩΣΗ ΓΙΑ ΝΥΧΤΕΡΙΝΑ-ΕΞΑΙΡΕΣΙΜΑ-ΥΠΕΡΩΡ.ΑΠΑΣΧΟΛΗΣΗ (001628),,,3791.46,anonymous sponsor (empty sponsorAFMName)
99ΠΠ4690Β3-Π06,2024-02-02,ΕΝΤΑΛΜΑ ΠΛΗΡΩΜΗΣ ΑΠΟΖΗΜΙΩΣΗ ΓΙΑ ΝΥΧΤΕΡΙΝΑ-ΕΞΑΙΡΕΣΙΜΑ-ΥΠΕΡΩΡ.ΑΠΑΣΧΟΛΗΣΗ (001628),,,6631.96,anonymous sponsor (empty sponsorAFMName)
96ΟΓ4690Β3-5ΛΩ,2024-02-02,ΕΝΤΑΛΜΑ ΠΛΗΡΩΜΗΣ ΑΠΟΖΗΜΙΩΣΗ ΓΙΑ ΝΥΧΤΕΡΙΝΑ-ΕΞΑΙΡΕΣΙΜΑ-ΥΠΕΡΩΡ.ΑΠΑΣΧΟΛΗΣΗ (001628),,,1928.75,anonymous sponsor (empty sponsorAFMName)
9Λ404690Β3-ΦΘΜ,2024-02-02,ΕΝΤΑΛΜΑ ΠΛΗΡΩΜΗΣ ΑΠΟΖΗΜΙΩΣΗ ΓΙΑ ΝΥΧΤΕΡΙΝΑ-ΕΞΑΙΡΕΣΙΜΑ-ΥΠΕΡΩΡ.ΑΠΑΣΧΟΛΗΣΗ (001628),,,452.66,anonymous sponsor (empty sponsorAFMName)
Ψ3Ψ14690Β3-ΚΒΩ,2024-02-01,ΕΝΤΑΛΜΑ ΠΛΗΡΩΜΗΣ ΑΠΟΖΗΜΙΩΣΗ ΓΙΑ ΝΥΧΤΕΡΙΝΑ-ΕΞΑΙΡΕΣΙΜΑ-ΥΠΕΡΩΡ.ΑΠΑΣΧΟΛΗΣΗ (001628),,,161.04,anonymous sponsor (empty sponsorAFMName)
6ΗΖΡ4690Β3-Π9Φ,2024-02-01,ΕΝΤΑΛΜΑ ΠΛΗΡΩΜΗΣ ΑΠΟΖΗΜΙΩΣΗ ΓΙΑ ΝΥΧΤΕΡΙΝΑ-ΕΞΑΙΡΕΣΙΜΑ-ΥΠΕΡΩΡ.ΑΠΑΣΧΟΛΗΣΗ (001628),,,264.40,anonymous sponsor (empty sponsorAFMName)
ΨΔΕ14690Β3-Π5Γ,2024-02-01,ΕΝΤΑΛΜΑ ΠΛΗΡΩΜΗΣ ΑΠΟΖΗΜΙΩΣΗ ΓΙΑ ΝΥΧΤΕΡΙΝΑ-ΕΞΑΙΡΕΣΙΜΑ-ΥΠΕΡΩΡ.ΑΠΑΣΧΟΛΗΣΗ (001628),,,6399.03,anonymous sponsor (empty sponsorAFMName)
9ΒΟ64690Β3-Δ6Θ,2024-02-01,ΕΝΤΑΛΜΑ ΠΛΗΡΩΜΗΣ ΑΠΟΖΗΜΙΩΣΗ ΓΙΑ ΝΥΧΤΕΡΙΝΑ-ΕΞΑΙΡΕΣΙΜΑ-ΥΠΕΡΩΡ.ΑΠΑΣΧΟΛΗΣΗ (001628),,,1652.01,anonymous sponsor (empty sponsorAFMName)
6ΜΓΩ4690Β3-ΑΜΥ,2024-02-01,ΕΝΤΑΛΜΑ ΠΛΗΡΩΜΗΣ ΑΠΟΖΗΜΙΩΣΗ ΓΙΑ ΝΥΧΤΕΡΙΝΑ-ΕΞΑΙΡΕΣΙΜΑ-ΥΠΕΡΩΡ.ΑΠΑΣΧΟΛΗΣΗ (001628),,,6023.65,anonymous sponsor (empty sponsorAFMName)
ΨΡΝ04690Β3-Π8Λ,2024-02-01,ΕΝΤΑΛΜΑ ΠΛΗΡΩΜΗΣ ΑΠΟΖΗΜΙΩΣΗ ΓΙΑ ΝΥΧΤΕΡΙΝΑ-ΕΞΑΙΡΕΣΙΜΑ-ΥΠΕΡΩΡ.ΑΠΑΣΧΟΛΗΣΗ (001628),,,528.45,anonymous sponsor (empty sponsorAFMName)
ΨΒΘΓ4690Β3-205,2024-02-01,ΕΝΤΑΛΜΑ ΠΛΗΡΩΜΗΣ ΑΠΟΖΗΜΙΩΣΗ ΓΙΑ ΝΥΧΤΕΡΙΝΑ-ΕΞΑΙΡΕΣΙΜΑ-ΥΠΕΡΩΡ.ΑΠΑΣΧΟΛΗΣΗ (001628),,,1710.07,anonymous sponsor (empty sponsorAFMName)
ΨΞΖΨ4690Β3-ΖΞ0,2024-02-01,ΕΝΤΑΛΜΑ ΠΛΗΡΩΜΗΣ ΑΠΟΖΗΜΙΩΣΗ ΓΙΑ ΝΥΧΤΕΡΙΝΑ-ΕΞΑΙΡΕΣΙΜΑ-ΥΠΕΡΩΡ.ΑΠΑΣΧΟΛΗΣΗ (001628),,,8222.91,anonymous sponsor (empty sponsorAFMName)
91ΚΨ4690Β3-ΦΚΓ,2024-02-01,ΕΝΤΑΛΜΑ ΠΛΗΡΩΜΗΣ ΑΠΟΖΗΜΙΩΣΗ ΓΙΑ ΝΥΧΤΕΡΙΝΑ-ΕΞΑΙΡΕΣΙΜΑ-ΥΠΕΡΩΡ.ΑΠΑΣΧΟΛΗΣΗ (001628),,,9175.11,anonymous sponsor (empty sponsorAFMName)
910Δ4690Β3-54Η,2024-02-01,ΕΝΤΑΛΜΑ ΠΛΗΡΩΜΗΣ ΑΠΟΖΗΜΙΩΣΗ ΓΙΑ ΝΥΧΤΕΡΙΝΑ-ΕΞΑΙΡΕΣΙΜΑ-ΥΠΕΡΩΡ.ΑΠΑΣΧΟΛΗΣΗ (001628),,,1295.89,anonymous sponsor (empty sponsorAFMName)
6ΤΒΞ4690Β3-6ΙΚ,2024-02-01,ΕΝΤΑΛΜΑ ΠΛΗΡΩΜΗΣ ΑΠΟΖΗΜΙΩΣΗ ΕΦΗΜΕΡΙΩΝ (002535),,,368.43,anonymous sponsor (empty sponsorAFMName)
9ΗΠΖ4690Β3-0ΤΑ,2024-02-01,ΕΝΤΑΛΜΑ ΠΛΗΡΩΜΗΣ ΑΠΟΖΗΜΙΩΣΗ ΕΦΗΜΕΡΙΩΝ (002535),,,2244.24,anonymous sponsor (empty sponsorAFMName)
Ψ7Π14690Β3-Π1Σ,2024-02-01,ΕΝΤΑΛΜΑ ΠΛΗΡΩΜΗΣ ΑΠΟΖΗΜΙΩΣΗ ΕΦΗΜΕΡΙΩΝ (002535),,,428.88,anonymous sponsor (empty sponsorAFMName)
9ΞΚΒ4690Β3-ΧΡΔ,2024-02-01,ΕΝΤΑΛΜΑ ΠΛΗΡΩΜΗΣ ΑΠΟΖΗΜΙΩΣΗ ΕΦΗΜΕΡΙΩΝ (002535),,,195.25,anonymous sponsor (empty sponsorAFMName)
9ΥΕΧ4690Β3-Τ3Σ,2024-02-01,ΕΝΤΑΛΜΑ ΠΛΗΡΩΜΗΣ ΑΠΟΖΗΜΙΩΣΗ ΕΦΗΜΕΡΙΩΝ (002535),,,18264.07,anonymous sponsor (empty sponsorAFMName)
90Κ24690Β3-07Τ,2024-02-01,ΕΝΤΑΛΜΑ ΠΛΗΡΩΜΗΣ ΑΠΟΖΗΜΙΩΣΗ ΕΦΗΜΕΡΙΩΝ (002535),,,2361.89,anonymous sponsor (empty sponsorAFMName)
ΨΙ9Π4690Β3-58Π,2024-02-01,ΕΝΤΑΛΜΑ ΠΛΗΡΩΜΗΣ ΑΠΟΖΗΜΙΩΣΗ ΕΦΗΜΕΡΙΩΝ (002535),,,1129.16,anonymous sponsor (empty sponsorAFMName)
61ΠΚ4690Β3-Α63,2024-02-01,ΕΝΤΑΛΜΑ ΠΛΗΡΩΜΗΣ ΑΠΟΖΗΜΙΩΣΗ ΕΦΗΜΕΡΙΩΝ (002535),,,868.48,anonymous sponsor (empty sponsorAFMName)
63Ν94690Β3-ΣΣΒ,2024-02-01,ΕΝΤΑΛΜΑ ΠΛΗΡΩΜΗΣ ΑΠΟΖΗΜΙΩΣΗ ΕΦΗΜΕΡΙΩΝ (002535),,,19490.20,anonymous sponsor (empty sponsorAFMName)
91ΣΣ4690Β3-ΟΤ1,2024-02-01,ΕΝΤΑΛΜΑ ΠΛΗΡΩΜΗΣ ΑΠΟΖΗΜΙΩΣΗ ΕΦΗΜΕΡΙΩΝ (002535),,,76327.72,anonymous sponsor (empty sponsorAFMName)
ΨΠ6Μ4690Β3-4ΛΥ,2024-02-01,ΕΝΤΑΛΜΑ ΠΛΗΡΩΜΗΣ ΑΠΟΖΗΜΙΩΣΗ ΕΦΗΜΕΡΙΩΝ (002535),,,800.49,anonymous sponsor (empty sponsorAFMName)
Ψ1ΜΜ4690Β3-Κ9Ξ,2024-02-01,ΕΝΤΑΛΜΑ ΠΛΗΡΩΜΗΣ ΑΠΟΖΗΜΙΩΣΗ ΕΦΗΜΕΡΙΩΝ (002535),,,10.76,anonymous sponsor (empty sponsorAFMName)
9Ξ4Κ4690Β3-51Π,2024-02-01,ΕΝΤΑΛΜΑ ΠΛΗΡΩΜΗΣ ΑΠΟΖΗΜΙΩΣΗ ΕΦΗΜΕΡΙΩΝ (002535),,,1078.12,anonymous sponsor (empty sponsorAFMName)
9Λ9Ο4690Β3-Μ7Φ,2024-02-01,ΕΝΤΑΛΜΑ ΠΛΗΡΩΜΗΣ ΑΠΟΖΗΜΙΩΣΗ ΕΦΗΜΕΡΙΩΝ (002535),,,9883.06,anonymous sponsor (empty sponsorAFMName)
ΨΛ9Θ4690Β3-ΞΥΒ,2024-02-01,ΕΝΤΑΛΜΑ ΠΛΗΡΩΜΗΣ ΑΠΟΖΗΜΙΩΣΗ ΕΦΗΜΕΡΙΩΝ (002535),,,1198.72,anonymous sponsor (empty sponsorAFMName)
ΨΖ9Ξ4690Β3-7ΤΤ,2024-02-01,ΕΝΤΑΛΜΑ ΠΛΗΡΩΜΗΣ ΑΠΟΖΗΜΙΩΣΗ ΕΦΗΜΕΡΙΩΝ (002535),,,1919.72,anonymous sponsor (empty sponsorAFMName)
9ΚΗΑ4690Β3-ΗΒΥ,2024-02-01,ΕΝΤΑΛΜΑ ΠΛΗΡΩΜΗΣ ΑΠΟΖΗΜΙΩΣΗ ΕΦΗΜΕΡΙΩΝ (002535),,,6375.17,anonymous sponsor (empty sponsorAFMName)
9Ψ6Ι4690Β3-Ζ0Τ,2024-02-01,ΕΝΤΑΛΜΑ ΠΛΗΡΩΜΗΣ ΑΠΟΖΗΜΙΩΣΗ ΕΦΗΜΕΡΙΩΝ (002535),,,48.43,anonymous sponsor (empty sponsorAFMName)
6Θ1Χ4690Β3-9Κ7,2024-02-01,ΕΝΤΑΛΜΑ ΠΛΗΡΩΜΗΣ ΑΠΟΖΗΜΙΩΣΗ ΕΦΗΜΕΡΙΩΝ (002535),,,1431.81,anonymous sponsor (empty sponsorAFMName)
6ΖΞΔ4690Β3-ΒΝΞ,2024-02-01,ΕΝΤΑΛΜΑ ΠΛΗΡΩΜΗΣ ΑΠΟΖΗΜΙΩΣΗ ΕΦΗΜΕΡΙΩΝ (002535),,,1372.82,anonymous sponsor (empty sponsorAFMName)
6Τ144690Β3-Β5Π,2024-02-01,ΕΝΤΑΛΜΑ ΠΛΗΡΩΜΗΣ ΑΠΟΖΗΜΙΩΣΗ ΕΦΗΜΕΡΙΩΝ (002535),,,9589.41,anonymous sponsor (empty sponsorAFMName)
ΨΓΙΣ4690Β3-ΗΚΘ,2024-01-31,ΕΝΤΑΛΜΑ ΠΛΗΡΩΜΗΣ ΕΡΓΟΔ.ΕΙΣΦ.ΙΚΑ ΑΣΚΟΥΜ.ΤΕΕ-ΙΕΚ.ΧΩΡ.ΑΜΟΙΒ.ΓΙΑ ΑΤΥΧΗΜ (001690),,,46.90,anonymous sponsor (empty sponsorAFMName)
Ψ96Υ4690Β3-ΞΥΙ,2024-01-31,ΕΝΤΑΛΜΑ ΠΛΗΡΩΜΗΣ ΕΠΙΚΟΥΡΙΚΟ ΝΟΣΗΛΕΥΤΙΚΟ-ΠΑΡΑΪΑΤΡΙΚΟ ΠΡΟΣΩΠΙΚΟ (000001634),,,1748.75,anonymous sponsor (empty sponsorAFMName)
ΨΥΡΟ4690Β3-ΨΗ4,2024-01-31,ΕΝΤΑΛΜΑ ΠΛΗΡΩΜΗΣ ΕΠΙΚΟΥΡΙΚΟ ΝΟΣΗΛΕΥΤΙΚΟ-ΠΑΡΑΪΑΤΡΙΚΟ ΠΡΟΣΩΠΙΚΟ (000001634),,,40692.13,anonymous sponsor (empty sponsorAFMName)
6Υ8Ν4690Β3-2ΦΧ,2024-01-31,ΕΝΤΑΛΜΑ ΠΛΗΡΩΜΗΣ EΠΙΚΟΥΡΙΚΟΙ ΙΑΤΡΟΙ Ε.Σ.Υ. (000001629),,,52289.98,anonymous sponsor (empty sponsorAFMName)
ΨΘΠΧ4690Β3-Σ5Β,2024-01-31,ΕΝΤΑΛΜΑ ΠΛΗΡΩΜΗΣ ΕΠΙΚΟΥΡΙΚΟ ΝΟΣΗΛΕΥΤΙΚΟ-ΠΑΡΑΪΑΤΡΙΚΟ ΠΡΟΣΩΠΙΚΟ (000001634),,,1676.59,anonymous sponsor (empty sponsorAFMName)
666Σ4690Β3-ΣΩΣ,2024-01-31,ΕΝΤΑΛΜΑ ΠΛΗΡΩΜΗΣ ΕΠΙΚΟΥΡΙΚΟ ΝΟΣΗΛΕΥΤΙΚΟ-ΠΑΡΑΪΑΤΡΙΚΟ ΠΡΟΣΩΠΙΚΟ (000001634),,,1677.45,anonymous sponsor (empty sponsorAFMName)
ΨΝΡ74690Β3-5ΡΓ,2024-01-31,ΕΝΤΑΛΜΑ ΠΛΗΡΩΜΗΣ ΕΠΙΚΟΥΡΙΚΟ ΝΟΣΗΛΕΥΤΙΚΟ-ΠΑΡΑΪΑΤΡΙΚΟ ΠΡΟΣΩΠΙΚΟ (000001634),,,110610.11,anonymous sponsor (empty sponsorAFMName)
6Υ624690Β3-ΩΥΔ,2024-01-31,ΕΝΤΑΛΜΑ ΠΛΗΡΩΜΗΣ EΠΙΚΟΥΡΙΚΟΙ ΙΑΤΡΟΙ Ε.Σ.Υ. (000001629),,,5846.67,anonymous sponsor (empty sponsorAFMName)
Ψ0ΗΨ4690Β3-ΧΕΙ,2024-01-31,ΕΝΤΑΛΜΑ ΠΛΗΡΩΜΗΣ EΠΙΚΟΥΡΙΚΟΙ ΙΑΤΡΟΙ Ε.Σ.Υ. (000001629),,,2719.48,anonymous sponsor (empty sponsorAFMName)
6ΜΙ74690Β3-ΓΥΓ,2024-01-30,ΕΝΤΑΛΜΑ ΠΛΗΡΩΜΗΣ ΚΡΑΤ.3391-54.04.02.0001 Χ/ΜΑ και ΟΓΑ Χ/ΜΩΝ (001514),,,10.12,anonymous sponsor (empty sponsorAFMName)
9Ρ354690Β3-0ΒΡ,2024-01-30,ΕΝΤΑΛΜΑ ΠΛΗΡΩΜΗΣ ΚΡΑΤ.3391-54.03.00.0001 Φ.Μ.Υ. (001512),,,66.95,anonymous sponsor (empty sponsorAFMName)
ΨΞΑΔ4690Β3-ΥΩ6,2024-01-30,ΕΝΤΑΛΜΑ ΠΛΗΡΩΜΗΣ ΚΡΑΤ.3391-54.03.00.0001 Φ.Μ.Υ. (001512),,,229.75,anonymous sponsor (empty sponsorAFMName)
Ψ1ΙΑ4690Β3-ΨΗΖ,2024-01-29,ΕΝΤΑΛΜΑ ΠΛΗΡΩΜΗΣ ΕΠΟΧΙΚΟ ΠΡΟΣΩΠΙΚΟ ΚΑΘΑΡΙΟΤΗΤΑΣ (999111999),,,41628.86,anonymous sponsor (empty sponsorAFMName)
9ΛΓΧ4690Β3-ΒΒ7,2024-01-29,ΕΝΤΑΛΜΑ ΠΛΗΡΩΜΗΣ ΕΙΣΦΟΡΕΣ ΑΠΑΣΧ/ΝΩΝ ΟΑΕΔ ΜΕΣΩ ΠΡΟΓ. ΚΟΙΝΩΦ. ΧΑΡΑΚΤΗΡΑ (),,,1996.54,anonymous sponsor (empty sponsorAFMName)
6ΜΧΚ4690Β3-ΥΡΘ,2024-01-29,ΕΝΤΑΛΜΑ ΠΛΗΡΩΜΗΣ ΕΙΣΦΟΡΕΣ ΑΠΑΣΧ/ΝΩΝ ΟΑΕΔ ΜΕΣΩ ΠΡΟΓ. ΚΟΙΝΩΦ. ΧΑΡΑΚΤΗΡΑ (),,,4811.08,anonymous sponsor (empty sponsorAFMName)
Ψ1ΚΕ4690Β3-4Ψ7,2024-01-29,ΕΝΤΑΛΜΑ ΠΛΗΡΩΜΗΣ ΚΡΑΤ.3391-54.04.02.0001 Χ/ΜΑ και ΟΓΑ Χ/ΜΩΝ (001514),,,0.66,anonymous sponsor (empty sponsorAFMName)
ΨΞΙ14690Β3-ΟΑΓ,2024-01-29,ΕΝΤΑΛΜΑ ΠΛΗΡΩΜΗΣ ΚΡΑΤ.3391-54.09.14.0001 ΦΟΡΟΣ ΠΡΟΜΗΘΕΥΤΩΝ (001510),,,27.42,anonymous sponsor (empty sponsorAFMName)
6Η4Ψ4690Β3-ΡΕΜ,2024-01-29,ΕΝΤΑΛΜΑ ΠΛΗΡΩΜΗΣ ΚΡΑΤ.3391-53.20.00.0001 ΕΛΛΗΝΙΚΟ ΔΗΜΟΣΙΟ (001506),,,380.72,anonymous sponsor (empty sponsorAFMName)
Ψ5ΥΔ4690Β3-640,2024-01-29,ΕΝΤΑΛΜΑ ΠΛΗΡΩΜΗΣ ΚΡΑΤ.3391-53.20.00.0001 ΕΛΛΗΝΙΚΟ ΔΗΜΟΣΙΟ (001506),,,19.05,anonymous sponsor (empty sponsorAFMName)
ΨΣΛ34690Β3-Ρ1Μ,2024-01-29,ΕΝΤΑΛΜΑ ΠΛΗΡΩΜΗΣ ΚΡΑΤ.3391-54.04.02.0001 Χ/ΜΑ και ΟΓΑ Χ/ΜΩΝ (001514),,,10.22,anonymous sponsor (empty sponsorAFMName)
Ψ94Ρ4690Β3-ΣΗ6,2024-01-29,ΕΝΤΑΛΜΑ ΠΛΗΡΩΜΗΣ ΚΡΑΤ.3391-54.04.02.0001 Χ/ΜΑ και ΟΓΑ Χ/ΜΩΝ (001514),,,54.65,anonymous sponsor (empty sponsorAFMName)
ΨΕΞΒ4690Β3-Σ2Β,2024-01-29,ΕΝΤΑΛΜΑ ΠΛΗΡΩΜΗΣ ΚΡΑΤ.3391-54.04.00.0001 ΦΟΡΟΣ ΕΛΕΥΘΕΡ.ΕΠΑΓΓΕΛΜΑΤ (),,,84.77,anonymous sponsor (empty sponsorAFMName)
ΨΥ1Ο4690Β3-ΜΦ1,2024-01-29,ΕΝΤΑΛΜΑ ΠΛΗΡΩΜΗΣ ΚΡΑΤ.3391-54.04.00.0001 ΦΟΡΟΣ ΕΛΕΥΘΕΡ.ΕΠΑΓΓΕΛΜΑΤ (),,,1075.20,anonymous sponsor (empty sponsorAFMName)
ΨΔΚ74690Β3-1ΣΝ,2024-01-29,ΕΝΤΑΛΜΑ ΠΛΗΡΩΜΗΣ ΚΡΑΤ.3391-54.09.14.0001 ΦΟΡΟΣ ΠΡΟΜΗΘΕΥΤΩΝ (001510),,,55569.09,anonymous sponsor (empty sponsorAFMName)
6ΗΞΤ4690Β3-ΥΔ8,2024-01-29,ΕΝΤΑΛΜΑ ΠΛΗΡΩΜΗΣ ΚΡΑΤ.3391-53.20.00.0001 ΕΛΛΗΝΙΚΟ ΔΗΜΟΣΙΟ (001506),,,22977.49,anonymous sponsor (empty sponsorAFMName)
9ΛΞ74690Β3-ΛΟ9,2024-01-29,ΕΝΤΑΛΜΑ ΠΛΗΡΩΜΗΣ ΚΡΑΤ.3391-53.20.00.0001 ΕΛΛΗΝΙΚΟ ΔΗΜΟΣΙΟ (001506),,,875.82,anonymous sponsor (empty sponsorAFMName)
94ΨΑ4690Β3-7ΒΩ,2024-01-29,ΕΝΤΑΛΜΑ ΠΛΗΡΩΜΗΣ ΚΡΑΤ.3391-53.20.00.0001 ΕΛΛΗΝΙΚΟ ΔΗΜΟΣΙΟ (001506),,,35.16,anonymous sponsor (empty sponsorAFMName)
Ψ1Ψ14690Β3-ΓΕ8,2024-01-29,ΕΝΤΑΛΜΑ ΠΛΗΡΩΜΗΣ ΚΡΑΤ.3391-53.20.00.0001 ΕΛΛΗΝΙΚΟ ΔΗΜΟΣΙΟ (001506),,,684.63,anonymous sponsor (empty sponsorAFMName)
6ΗΧΙ4690Β3-Ν3Τ,2024-11-06,ΕΝΤΑΛΜΑ ΠΛΗΡΩΜΗΣ RONTIS HELLAS Α.Ε.Β.Ε. (πρώην ΜΕΝΤΙΣΠΕΣ ΑΕΒΕ) (095335610),,,4804.74,anonymous sponsor (empty sponsorAFMName)
96ΓΞ4690Β3-ΤΧΞ,2024-11-06,ΕΝΤΑΛΜΑ ΠΛΗΡΩΜΗΣ RONTIS HELLAS Α.Ε.Β.Ε. (πρώην ΜΕΝΤΙΣΠΕΣ ΑΕΒΕ) (095335610),,,4581.48,anonymous sponsor (empty sponsorAFMName)
99ΛΔ4690Β3-563,2024-11-04,ΕΝΤΑΛΜΑ ΠΛΗΡΩΜΗΣ ΔΙΚΑΙΟΥΧΟΙ ΑΜΟΙΒΩΝ (001600),,,753.75,anonymous sponsor (empty sponsorAFMName)
6Ρ4Β4690Β3-0ΝΑ,2024-11-01,ΕΝΤΑΛΜΑ ΠΛΗΡΩΜΗΣ ΑΠΟΖΗΜΙΩΣΗ ΓΙΑ ΝΥΧΤΕΡΙΝΑ-ΕΞΑΙΡΕΣΙΜΑ-ΥΠΕΡΩΡ.ΑΠΑΣΧΟΛΗΣΗ (001628),,,333.78,anonymous sponsor (empty sponsorAFMName)
6ΚΙ54690Β3-6ΟΛ,2024-11-01,ΕΝΤΑΛΜΑ ΠΛΗΡΩΜΗΣ ΑΠΟΖΗΜΙΩΣΗ ΓΙΑ ΝΥΧΤΕΡΙΝΑ-ΕΞΑΙΡΕΣΙΜΑ-ΥΠΕΡΩΡ.ΑΠΑΣΧΟΛΗΣΗ (001628),,,465.13,anonymous sponsor (empty sponsorAFMName)
ΨΧΚΔ4690Β3-ΠΓΥ,2024-11-01,ΕΝΤΑΛΜΑ ΠΛΗΡΩΜΗΣ ΑΠΟΖΗΜΙΩΣΗ ΓΙΑ ΝΥΧΤΕΡΙΝΑ-ΕΞΑΙΡΕΣΙΜΑ-ΥΠΕΡΩΡ.ΑΠΑΣΧΟΛΗΣΗ (001628),,,137.62,anonymous sponsor (empty sponsorAFMName)
ΨΤΤΔ4690Β3-5ΜΟ,2024-11-01,ΕΝΤΑΛΜΑ ΠΛΗΡΩΜΗΣ ΑΠΟΖΗΜΙΩΣΗ ΓΙΑ ΝΥΧΤΕΡΙΝΑ-ΕΞΑΙΡΕΣΙΜΑ-ΥΠΕΡΩΡ.ΑΠΑΣΧΟΛΗΣΗ (001628),,,6242.88,anonymous sponsor (empty sponsorAFMName)
6ΗΔΘ4690Β3-ΘΗΘ,2024-11-01,ΕΝΤΑΛΜΑ ΠΛΗΡΩΜΗΣ ΑΠΟΖΗΜΙΩΣΗ ΓΙΑ ΝΥΧΤΕΡΙΝΑ-ΕΞΑΙΡΕΣΙΜΑ-ΥΠΕΡΩΡ.ΑΠΑΣΧΟΛΗΣΗ (001628),,,43.99,anonymous sponsor (empty sponsorAFMName)
Ψ5Ο64690Β3-4ΛΖ,2024-11-01,ΕΝΤΑΛΜΑ ΠΛΗΡΩΜΗΣ ΑΠΟΖΗΜΙΩΣΗ ΓΙΑ ΝΥΧΤΕΡΙΝΑ-ΕΞΑΙΡΕΣΙΜΑ-ΥΠΕΡΩΡ.ΑΠΑΣΧΟΛΗΣΗ (001628),,,1085.23,anonymous sponsor (empty sponsorAFMName)
6ΔΤΓ4690Β3-Η1Ψ,2024-11-01,ΕΝΤΑΛΜΑ ΠΛΗΡΩΜΗΣ ΑΠΟΖΗΜΙΩΣΗ ΓΙΑ ΝΥΧΤΕΡΙΝΑ-ΕΞΑΙΡΕΣΙΜΑ-ΥΠΕΡΩΡ.ΑΠΑΣΧΟΛΗΣΗ (001628),,,995.91,anonymous sponsor (empty sponsorAFMName)
ΨΟ2Ε4690Β3-7Κ6,2024-11-01,ΕΝΤΑΛΜΑ ΠΛΗΡΩΜΗΣ ΑΠΟΖΗΜΙΩΣΗ ΓΙΑ ΝΥΧΤΕΡΙΝΑ-ΕΞΑΙΡΕΣΙΜΑ-ΥΠΕΡΩΡ.ΑΠΑΣΧΟΛΗΣΗ (001628),,,3073.16,anonymous sponsor (empty sponsorAFMName)
ΨΗΟ24690Β3-1ΟΣ,2024-11-01,ΕΝΤΑΛΜΑ ΠΛΗΡΩΜΗΣ ΑΠΟΖΗΜΙΩΣΗ ΓΙΑ ΝΥΧΤΕΡΙΝΑ-ΕΞΑΙΡΕΣΙΜΑ-ΥΠΕΡΩΡ.ΑΠΑΣΧΟΛΗΣΗ (001628),,,6423.05,anonymous sponsor (empty sponsorAFMName)
9ΟΨ04690Β3-ΦΩΙ,2024-11-01,ΕΝΤΑΛΜΑ ΠΛΗΡΩΜΗΣ ΑΠΟΖΗΜΙΩΣΗ ΓΙΑ ΝΥΧΤΕΡΙΝΑ-ΕΞΑΙΡΕΣΙΜΑ-ΥΠΕΡΩΡ.ΑΠΑΣΧΟΛΗΣΗ (001628),,,420.82,anonymous sponsor (empty sponsorAFMName)
ΨΦΛΚ4690Β3-ΧΕΑ,2024-11-01,ΕΝΤΑΛΜΑ ΠΛΗΡΩΜΗΣ ΑΠΟΖΗΜΙΩΣΗ ΓΙΑ ΝΥΧΤΕΡΙΝΑ-ΕΞΑΙΡΕΣΙΜΑ-ΥΠΕΡΩΡ.ΑΠΑΣΧΟΛΗΣΗ (001628),,,2647.21,anonymous sponsor (empty sponsorAFMName)
ΡΘΞΣ4690Β3-6ΦΓ,2024-11-01,ΕΝΤΑΛΜΑ ΠΛΗΡΩΜΗΣ ΑΠΟΖΗΜΙΩΣΗ ΓΙΑ ΝΥΧΤΕΡΙΝΑ-ΕΞΑΙΡΕΣΙΜΑ-ΥΠΕΡΩΡ.ΑΠΑΣΧΟΛΗΣΗ (001628),,,1177.81,anonymous sponsor (empty sponsorAFMName)
999Χ4690Β3-1Ο1,2024-11-01,ΕΝΤΑΛΜΑ ΠΛΗΡΩΜΗΣ ΑΠΟΖΗΜΙΩΣΗ ΓΙΑ ΝΥΧΤΕΡΙΝΑ-ΕΞΑΙΡΕΣΙΜΑ-ΥΠΕΡΩΡ.ΑΠΑΣΧΟΛΗΣΗ (001628),,,5734.80,anonymous sponsor (empty sponsorAFMName)
93ΠΤ4690Β3-ΛΨΚ,2024-11-01,ΕΝΤΑΛΜΑ ΠΛΗΡΩΜΗΣ ΑΠΟΖΗΜΙΩΣΗ ΓΙΑ ΝΥΧΤΕΡΙΝΑ-ΕΞΑΙΡΕΣΙΜΑ-ΥΠΕΡΩΡ.ΑΠΑΣΧΟΛΗΣΗ (001628),,,794.05,anonymous sponsor (empty sponsorAFMName)
9ΣΚΔ4690Β3-ΚΩ4,2024-11-01,ΕΝΤΑΛΜΑ ΠΛΗΡΩΜΗΣ ΑΠΟΖΗΜΙΩΣΗ ΓΙΑ ΝΥΧΤΕΡΙΝΑ-ΕΞΑΙΡΕΣΙΜΑ-ΥΠΕΡΩΡ.ΑΠΑΣΧΟΛΗΣΗ (001628),,,415.66,anonymous sponsor (empty sponsorAFMName)
ΨΧΗΦ4690Β3-72Ο,2024-11-01,ΕΝΤΑΛΜΑ ΠΛΗΡΩΜΗΣ ΑΠΟΖΗΜΙΩΣΗ ΓΙΑ ΝΥΧΤΕΡΙΝΑ-ΕΞΑΙΡΕΣΙΜΑ-ΥΠΕΡΩΡ.ΑΠΑΣΧΟΛΗΣΗ (001628),,,373.37,anonymous sponsor (empty sponsorAFMName)
ΨΙΛΠ4690Β3-Υ6Ε,2024-11-01,ΕΝΤΑΛΜΑ ΠΛΗΡΩΜΗΣ ΑΠΟΖΗΜΙΩΣΗ ΓΙΑ ΝΥΧΤΕΡΙΝΑ-ΕΞΑΙΡΕΣΙΜΑ-ΥΠΕΡΩΡ.ΑΠΑΣΧΟΛΗΣΗ (001628),,,1721.68,anonymous sponsor (empty sponsorAFMName)
ΨΥΩΞ4690Β3-7ΚΨ,2024-11-01,ΕΝΤΑΛΜΑ ΠΛΗΡΩΜΗΣ ΑΠΟΖΗΜΙΩΣΗ ΓΙΑ ΝΥΧΤΕΡΙΝΑ-ΕΞΑΙΡΕΣΙΜΑ-ΥΠΕΡΩΡ.ΑΠΑΣΧΟΛΗΣΗ (001628),,,385.95,anonymous sponsor (empty sponsorAFMName)
6Ι8Γ4690Β3-6Σ5,2024-11-01,ΕΝΤΑΛΜΑ ΠΛΗΡΩΜΗΣ ΑΠΟΖΗΜΙΩΣΗ ΓΙΑ ΝΥΧΤΕΡΙΝΑ-ΕΞΑΙΡΕΣΙΜΑ-ΥΠΕΡΩΡ.ΑΠΑΣΧΟΛΗΣΗ (001628),,,5745.21,anonymous sponsor (empty sponsorAFMName)
Ρ0ΒΟ4690Β3-Ν9Δ,2024-11-01,ΕΝΤΑΛΜΑ ΠΛΗΡΩΜΗΣ ΑΠΟΖΗΜΙΩΣΗ ΓΙΑ ΝΥΧΤΕΡΙΝΑ-ΕΞΑΙΡΕΣΙΜΑ-ΥΠΕΡΩΡ.ΑΠΑΣΧΟΛΗΣΗ (001628),,,1497.93,anonymous sponsor (empty sponsorAFMName)
Ρ1ΝΞ4690Β3-ΩΜΨ,2024-11-01,ΕΝΤΑΛΜΑ ΠΛΗΡΩΜΗΣ ΑΠΟΖΗΜΙΩΣΗ ΓΙΑ ΝΥΧΤΕΡΙΝΑ-ΕΞΑΙΡΕΣΙΜΑ-ΥΠΕΡΩΡ.ΑΠΑΣΧΟΛΗΣΗ (001628),,,1616.41,anonymous sponsor (empty sponsorAFMName)
Ψ3Κ84690Β3-Π66,2024-11-01,ΕΝΤΑΛΜΑ ΠΛΗΡΩΜΗΣ ΑΠΟΖΗΜΙΩΣΗ ΓΙΑ ΝΥΧΤΕΡΙΝΑ-ΕΞΑΙΡΕΣΙΜΑ-ΥΠΕΡΩΡ.ΑΠΑΣΧΟΛΗΣΗ (001628),,,7853.06,anonymous sponsor (empty sponsorAFMName)
95Ε54690Β3-ΗΟΜ,2024-11-01,ΕΝΤΑΛΜΑ ΠΛΗΡΩΜΗΣ ΑΠΟΖΗΜΙΩΣΗ ΓΙΑ ΝΥΧΤΕΡΙΝΑ-ΕΞΑΙΡΕΣΙΜΑ-ΥΠΕΡΩΡ.ΑΠΑΣΧΟΛΗΣΗ (001628),,,3594.68,anonymous sponsor (empty sponsorAFMName)
6Χ3Ο4690Β3-ΒΩ3,2024-11-01,ΕΝΤΑΛΜΑ ΠΛΗΡΩΜΗΣ ΑΠΟΖΗΜΙΩΣΗ ΓΙΑ ΝΥΧΤΕΡΙΝΑ-ΕΞΑΙΡΕΣΙΜΑ-ΥΠΕΡΩΡ.ΑΠΑΣΧΟΛΗΣΗ (001628),,,400.22,anonymous sponsor (empty sponsorAFMName)
ΡΔ9Β4690Β3-ΣΛΒ,2024-11-01,ΕΝΤΑΛΜΑ ΠΛΗΡΩΜΗΣ ΑΠΟΖΗΜΙΩΣΗ ΓΙΑ ΝΥΧΤΕΡΙΝΑ-ΕΞΑΙΡΕΣΙΜΑ-ΥΠΕΡΩΡ.ΑΠΑΣΧΟΛΗΣΗ (001628),,,11084.30,anonymous sponsor (empty sponsorAFMName)
94ΠΟ4690Β3-17Λ,2024-11-01,ΕΝΤΑΛΜΑ ΠΛΗΡΩΜΗΣ ΑΠΟΖΗΜΙΩΣΗ ΓΙΑ ΝΥΧΤΕΡΙΝΑ-ΕΞΑΙΡΕΣΙΜΑ-ΥΠΕΡΩΡ.ΑΠΑΣΧΟΛΗΣΗ (001628),,,1933.51,anonymous sponsor (empty sponsorAFMName)
62Γ44690Β3-ΩΤ3,2024-11-01,ΕΝΤΑΛΜΑ ΠΛΗΡΩΜΗΣ ΑΠΟΖΗΜΙΩΣΗ ΕΦΗΜΕΡΙΩΝ (002535),,,662.69,anonymous sponsor (empty sponsorAFMName)
9ΑΚΙ4690Β3-1ΚΘ,2024-11-01,ΕΝΤΑΛΜΑ ΠΛΗΡΩΜΗΣ ΑΠΟΖΗΜΙΩΣΗ ΕΦΗΜΕΡΙΩΝ (002535),,,2754.26,anonymous sponsor (empty sponsorAFMName)
9ΘΩΜ4690Β3-ΥΨΩ,2024-11-01,ΕΝΤΑΛΜΑ ΠΛΗΡΩΜΗΣ ΑΠΟΖΗΜΙΩΣΗ ΕΦΗΜΕΡΙΩΝ (002535),,,2853.18,anonymous sponsor (empty sponsorAFMName)
9ΔΓΜ4690Β3-4ΘΒ,2024-11-01,ΕΝΤΑΛΜΑ ΠΛΗΡΩΜΗΣ ΑΠΟΖΗΜΙΩΣΗ ΕΦΗΜΕΡΙΩΝ (002535),,,22093.97,anonymous sponsor (empty sponsorAFMName)
Ψ8Α24690Β3-ΤΧΟ,2024-11-01,ΕΝΤΑΛΜΑ ΠΛΗΡΩΜΗΣ ΑΠΟΖΗΜΙΩΣΗ ΕΦΗΜΕΡΙΩΝ (002535),,,389.22,anonymous sponsor (empty sponsorAFMName)
69ΥΖ4690Β3-ΣΨΒ,2024-11-01,ΕΝΤΑΛΜΑ ΠΛΗΡΩΜΗΣ ΑΠΟΖΗΜΙΩΣΗ ΕΦΗΜΕΡΙΩΝ (002535),,,16573.22,anonymous sponsor (empty sponsorAFMName)
ΨΓΓΚ4690Β3-ΓΞ8,2024-11-01,ΕΝΤΑΛΜΑ ΠΛΗΡΩΜΗΣ ΑΠΟΖΗΜΙΩΣΗ ΕΦΗΜΕΡΙΩΝ (002535),,,87809.32,anonymous sponsor (empty sponsorAFMName)
ΨΒ644690Β3-Ζ5Ι,2024-10-31,ΕΝΤΑΛΜΑ ΠΛΗΡΩΜΗΣ ΕΠΙΚΟΥΡΙΚΟ ΝΟΣΗΛΕΥΤΙΚΟ-ΠΑΡΑΪΑΤΡΙΚΟ ΠΡΟΣΩΠΙΚΟ (000001634),,,1677.45,anonymous sponsor (empty sponsorAFMName)
ΨΟΥΓ4690Β3-ΙΨΜ,2024-10-31,ΕΝΤΑΛΜΑ ΠΛΗΡΩΜΗΣ ΕΠΙΚΟΥΡΙΚΟ ΝΟΣΗΛΕΥΤΙΚΟ-ΠΑΡΑΪΑΤΡΙΚΟ ΠΡΟΣΩΠΙΚΟ (000001634),,,1676.59,anonymous sponsor (empty sponsorAFMName)
ΨΛΖ64690Β3-Χ9Η,2024-10-31,ΕΝΤΑΛΜΑ ΠΛΗΡΩΜΗΣ ΕΠΙΚΟΥΡΙΚΟ ΝΟΣΗΛΕΥΤΙΚΟ-ΠΑΡΑΪΑΤΡΙΚΟ ΠΡΟΣΩΠΙΚΟ (000001634),,,577.76,anonymous sponsor (empty sponsorAFMName)
6ΘΙΥ4690Β3-14Ω,2024-10-31,ΕΝΤΑΛΜΑ ΠΛΗΡΩΜΗΣ ΕΠΙΚΟΥΡΙΚΟ ΝΟΣΗΛΕΥΤΙΚΟ-ΠΑΡΑΪΑΤΡΙΚΟ ΠΡΟΣΩΠΙΚΟ (000001634),,,91880.72,anonymous sponsor (empty sponsorAFMName)
698Η4690Β3-34Θ,2024-10-31,ΕΝΤΑΛΜΑ ΠΛΗΡΩΜΗΣ EΠΙΚΟΥΡΙΚΟΙ ΙΑΤΡΟΙ Ε.Σ.Υ. (000001629),,,5913.93,anonymous sponsor (empty sponsorAFMName)
98ΑΩ4690Β3-ΙΗΕ,2024-10-31,ΕΝΤΑΛΜΑ ΠΛΗΡΩΜΗΣ ΕΠΙΚΟΥΡΙΚΟ ΝΟΣΗΛΕΥΤΙΚΟ-ΠΑΡΑΪΑΤΡΙΚΟ ΠΡΟΣΩΠΙΚΟ (000001634),,,1748.75,anonymous sponsor (empty sponsorAFMName)
9ΝΦΘ4690Β3-9Μ2,2024-10-31,ΕΝΤΑΛΜΑ ΠΛΗΡΩΜΗΣ ΕΠΙΚΟΥΡΙΚΟ ΝΟΣΗΛΕΥΤΙΚΟ-ΠΑΡΑΪΑΤΡΙΚΟ ΠΡΟΣΩΠΙΚΟ (000001634),,,35851.47,anonymous sponsor (empty sponsorAFMName)
9Α7Π4690Β3-3Α8,2024-10-31,ΕΝΤΑΛΜΑ ΠΛΗΡΩΜΗΣ EΠΙΚΟΥΡΙΚΟΙ ΙΑΤΡΟΙ Ε.Σ.Υ. (000001629),,,121.07,anonymous sponsor (empty sponsorAFMName)
6Λ6Δ4690Β3-0ΦΘ,2024-10-31,ΕΝΤΑΛΜΑ ΠΛΗΡΩΜΗΣ EΠΙΚΟΥΡΙΚΟΙ ΙΑΤΡΟΙ Ε.Σ.Υ. (000001629),,,57286.20,anonymous sponsor (empty sponsorAFMName)
6ΛΘΑ4690Β3-ΨΩΡ,2024-10-31,ΕΝΤΑΛΜΑ ΠΛΗΡΩΜΗΣ ΕΠΟΧΙΚΟ ΠΡΟΣΩΠΙΚΟ ΚΑΘΑΡΙΟΤΗΤΑΣ (999111999),,,31676.59,anonymous sponsor (empty sponsorAFMName)
ΨΠΧΛ4690Β3-Α0Μ,2024-10-31,ΕΝΤΑΛΜΑ ΠΛΗΡΩΜΗΣ ΕΠΙΚΟΥΡΙΚΟ ΝΟΣΗΛΕΥΤΙΚΟ-ΠΑΡΑΪΑΤΡΙΚΟ ΠΡΟΣΩΠΙΚΟ (000001634),,,99.59,anonymous sponsor (empty sponsorAFMName)
6ΣΩΜ4690Β3-ΜΨΔ,2024-10-30,ΕΝΤΑΛΜΑ ΠΛΗΡΩΜΗΣ ΚΡΑΤ.3391-54.03.00.0001 Φ.Μ.Υ. (001512),,,213.72,anonymous sponsor (empty sponsorAFMName)
6ΣΔΑ4690Β3-ΖΨΛ,2024-10-29,ΕΝΤΑΛΜΑ ΠΛΗΡΩΜΗΣ ΕΙΣΦΟΡΕΣ ΑΠΑΣΧ/ΝΩΝ ΟΑΕΔ ΜΕΣΩ ΠΡΟΓ. ΚΟΙΝΩΦ. ΧΑΡΑΚΤΗΡΑ (),,,2407.75,anonymous sponsor (empty sponsorAFMName)
Ψ45Χ4690Β3-3ΝΡ,2024-10-29,ΕΝΤΑΛΜΑ ΠΛΗΡΩΜΗΣ ΚΡΑΤ.3391-54.03.00.0001 Φ.Μ.Υ. (001512),,,384.58,anonymous sponsor (empty sponsorAFMName)
ΨΠ0Ξ4690Β3-ΙΨΙ,2024-10-29,ΕΝΤΑΛΜΑ ΠΛΗΡΩΜΗΣ ΕΙΣΦΟΡΕΣ ΑΠΑΣΧ/ΝΩΝ ΟΑΕΔ ΜΕΣΩ ΠΡΟΓ. ΚΟΙΝΩΦ. ΧΑΡΑΚΤΗΡΑ (),,,4908.83,anonymous sponsor (empty sponsorAFMName)
9Ω9Ο4690Β3-Π12,2024-10-29,ΕΝΤΑΛΜΑ ΠΛΗΡΩΜΗΣ ΚΡΑΤ.3391-54.04.02.0001 Χ/ΜΑ και ΟΓΑ Χ/ΜΩΝ (),,,32.81,anonymous sponsor (empty sponsorAFMName)
9ΛΨΠ4690Β3-6ΘΗ,2024-10-29,ΕΝΤΑΛΜΑ ΠΛΗΡΩΜΗΣ ΚΡΑΤ.3391-54.04.00.0001 ΦΟΡΟΣ ΕΛΕΥΘΕΡ.ΕΠΑΓΓΕΛΜΑΤ (),,,6434.91,anonymous sponsor (empty sponsorAFMName)
91Κ04690Β3-ΛΑ2,2024-10-29,ΕΝΤΑΛΜΑ ΠΛΗΡΩΜΗΣ ΚΡΑΤ.3391-54.09.14.0001 ΦΟΡΟΣ ΠΡΟΜΗΘΕΥΤΩΝ (001510),,,37373.73,anonymous sponsor (empty sponsorAFMName)
6ΡΘΦ4690Β3-Κ7Κ,2024-10-29,ΕΝΤΑΛΜΑ ΠΛΗΡΩΜΗΣ ΚΡΑΤ.3391-53.20.00.0001 ΕΛΛΗΝΙΚΟ ΔΗΜΟΣΙΟ (001506),,,13328.35,anonymous sponsor (empty sponsorAFMName)
ΨΣΝ54690Β3-Φ13,2024-10-29,ΕΝΤΑΛΜΑ ΠΛΗΡΩΜΗΣ ΚΡΑΤ.3391-53.20.00.0001 ΕΛΛΗΝΙΚΟ ΔΗΜΟΣΙΟ (001506),,,393.07,anonymous sponsor (empty sponsorAFMName)
ΨΦΥΝ4690Β3-Τ24,2024-10-29,ΕΝΤΑΛΜΑ ΠΛΗΡΩΜΗΣ ΚΡΑΤ.3391-53.20.00.0001 ΕΛΛΗΝΙΚΟ ΔΗΜΟΣΙΟ (001506),,,524.26,anonymous sponsor (empty sponsorAFMName)
9ΤΒΑ4690Β3-ΟΛ0,2024-10-29,ΕΝΤΑΛΜΑ ΠΛΗΡΩΜΗΣ ΚΡΑΤ.3391-53.20.00.0001 ΕΛΛΗΝΙΚΟ ΔΗΜΟΣΙΟ (001506),,,40.49,anonymous sponsor (empty sponsorAFMName)
Ψ96Ρ4690Β3-Ε4Ω,2024-10-29,ΕΝΤΑΛΜΑ ΠΛΗΡΩΜΗΣ ΚΡΑΤ.3391-54.04.02.0001 Χ/ΜΑ και ΟΓΑ Χ/ΜΩΝ (),,,1.17,anonymous sponsor (empty sponsorAFMName)
6ΓΖ54690Β3-ΜΩΝ,2024-10-29,ΕΝΤΑΛΜΑ ΠΛΗΡΩΜΗΣ ΚΡΑΤ.3391-53.20.00.0001 ΕΛΛΗΝΙΚΟ ΔΗΜΟΣΙΟ (001506),,,994.19,anonymous sponsor (empty sponsorAFMName)
9Ε6Γ4690Β3-ΟΛ2,2024-10-29,ΕΝΤΑΛΜΑ ΠΛΗΡΩΜΗΣ ΚΡΑΤ.3391-53.20.00.0001 ΕΛΛΗΝΙΚΟ ΔΗΜΟΣΙΟ (001506),,,32.82,anonymous sponsor (empty sponsorAFMName)
63ΜΟ4690Β3-Ζ9Α,2024-10-25,ΕΝΤΑΛΜΑ ΠΛΗΡΩΜΗΣ ΕΠΙΣΤΡΟΦΕΣ ΛΟΙΠΩΝ ΠΕΡΙΠΤΩΣΕΩΝ (001653),,,16997.42,anonymous sponsor (empty sponsorAFMName)
6ΨΓ14690Β3-ΑΛΙ,2024-10-24,ΕΝΤΑΛΜΑ ΠΛΗΡΩΜΗΣ ΒΙΟΣΕΡ ΑΕ (094035927),,,8875.70,anonymous sponsor (empty sponsorAFMName)
ΨΥ0Π4690Β3-Φ8Ε,2024-10-18,ΕΝΤΑΛΜΑ ΠΛΗΡΩΜΗΣ ΟΔΟΙΠΟΡΙΚΑ ΕΞΟΔΑ ΠΡΟΣ. ΝΟΣ/ΜΕΙΟΥ (001626),,,219.20,anonymous sponsor (empty sponsorAFMName)
9ΙΡ64690Β3-ΕΕ9,2024-10-18,ΕΝΤΑΛΜΑ ΠΛΗΡΩΜΗΣ ΟΔΟΙΠΟΡΙΚΑ ΕΞΟΔΑ ΠΡΟΣ. ΝΟΣ/ΜΕΙΟΥ (001626),,,596.94,anonymous sponsor (empty sponsorAFMName)
69Φ94690Β3-ΘΨ8,2024-10-17,ΕΝΤΑΛΜΑ ΠΛΗΡΩΜΗΣ ΑΠΟΖΗΜΙΩΣΗ ΕΦΗΜΕΡΙΩΝ (002535),,,250.00,anonymous sponsor (empty sponsorAFMName)
ΨΝΜΙ4690Β3-Β2Φ,2024-10-17,ΕΝΤΑΛΜΑ ΠΛΗΡΩΜΗΣ ΑΠΟΖΗΜΙΩΣΗ ΕΦΗΜΕΡΙΩΝ (002535),,,4500.00,anonymous sponsor (empty sponsorAFMName)
6ΗΩΒ4690Β3-ΗΔ7,2024-10-17,ΕΝΤΑΛΜΑ ΠΛΗΡΩΜΗΣ ΑΠΟΖΗΜΙΩΣΗ ΕΦΗΜΕΡΙΩΝ (002535),,,500.00,anonymous sponsor (empty sponsorAFMName)
ΡΩΖΗ4690Β3-Σ15,2024-10-17,ΕΝΤΑΛΜΑ ΠΛΗΡΩΜΗΣ ΑΠΟΖΗΜΙΩΣΗ ΕΦΗΜΕΡΙΩΝ (002535),,,5000.00,anonymous sponsor (empty sponsorAFMName)
6Ι6Θ4690Β3-ΑΟΗ,2024-10-17,ΕΝΤΑΛΜΑ ΠΛΗΡΩΜΗΣ ΑΠΟΖΗΜΙΩΣΗ ΕΦΗΜΕΡΙΩΝ (002535),,,57.73,anonymous sponsor (empty sponsorAFMName)
61Κ74690Β3-ΠΧ2,2024-10-17,ΕΝΤΑΛΜΑ ΠΛΗΡΩΜΗΣ ΑΠΟΖΗΜΙΩΣΗ ΕΦΗΜΕΡΙΩΝ (002535),,,1937.68,anonymous sponsor (empty sponsorAFMName)
ΨΦΠΛ4690Β3-Φ91,2024-10-17,ΕΝΤΑΛΜΑ ΠΛΗΡΩΜΗΣ ΑΠΟΖΗΜΙΩΣΗ ΕΦΗΜΕΡΙΩΝ (002535),,,396.12,anonymous sponsor (empty sponsorAFMName)
6ΣΟΤ4690Β3-ΡΛΨ,2024-10-17,ΕΝΤΑΛΜΑ ΠΛΗΡΩΜΗΣ ΑΠΟΖΗΜΙΩΣΗ ΕΦΗΜΕΡΙΩΝ (002535),,,12406.86,anonymous sponsor (empty sponsorAFMName)
6Ν044690Β3-06Δ,2024-10-17,ΕΝΤΑΛΜΑ ΠΛΗΡΩΜΗΣ ΑΠΟΖΗΜΙΩΣΗ ΕΦΗΜΕΡΙΩΝ (002535),,,229.75,anonymous sponsor (empty sponsorAFMName)
60ΣΜ4690Β3-ΨΦ4,2024-10-17,ΕΝΤΑΛΜΑ ΠΛΗΡΩΜΗΣ ΑΠΟΖΗΜΙΩΣΗ ΕΦΗΜΕΡΙΩΝ (002535),,,2076.81,anonymous sponsor (empty sponsorAFMName)
6Δ854690Β3-ΧΨ7,2024-10-17,ΕΝΤΑΛΜΑ ΠΛΗΡΩΜΗΣ ΑΠΟΖΗΜΙΩΣΗ ΕΦΗΜΕΡΙΩΝ (002535),,,1109.16,anonymous sponsor (empty sponsorAFMName)
Ψ73Χ4690Β3-8Ι4,2024-10-17,ΕΝΤΑΛΜΑ ΠΛΗΡΩΜΗΣ ΑΠΟΖΗΜΙΩΣΗ ΕΦΗΜΕΡΙΩΝ (002535),,,16743.63,anonymous sponsor (empty sponsorAFMName)
6ΦΕΝ4690Β3-ΓΩ4,2024-10-04,ΕΝΤΑΛΜΑ ΠΛΗΡΩΜΗΣ ΑΜΟΙΒΕΣ ΔΙΟΙΚΗΤΙΚΟΥ   ΛΟΙΠΟΥ ΠΡΟΣΩΠΙΚΟΥ ΛΕΙΤΟΥΡΓΙΑΣ ΑΠΟΓΕΥΜΑΤΙΝΩΝ ΙΑΤΡΕΙΩΝ (55831111),,,810.00,anonymous sponsor (empty sponsorAFMName)
662Ξ4690Β3-ΞΟΞ,2024-10-04,ΕΝΤΑΛΜΑ ΠΛΗΡΩΜΗΣ ΑΜΟΙΒΕΣ ΙΑΤΡΙΚΟΥ ΠΡΟΣΩΠΙΚΟΥ ΛΕΙΤΟΥΡΓΙΑΣ ΑΠΟΓΕΥΜΑΤΙΝΩΝ ΙΑΤΡΕΙΩΝ (210923000),,,1052.02,anonymous sponsor (empty sponsorAFMName)
6ΚΦΒ4690Β3-ΖΦΑ,2024-10-04,ΕΝΤΑΛΜΑ ΠΛΗΡΩΜΗΣ ΑΜΟΙΒΕΣ ΔΙΟΙΚΗΤΙΚΟΥ   ΛΟΙΠΟΥ ΠΡΟΣΩΠΙΚΟΥ ΛΕΙΤΟΥΡΓΙΑΣ ΑΠΟΓΕΥΜΑΤΙΝΩΝ ΙΑΤΡΕΙΩΝ (55831111),,,890.00,anonymous sponsor (empty sponsorAFMName)
6Φ1Ο4690Β3-9ΣΥ,2024-10-04,ΕΝΤΑΛΜΑ ΠΛΗΡΩΜΗΣ ΑΜΟΙΒΕΣ ΙΑΤΡΙΚΟΥ ΠΡΟΣΩΠΙΚΟΥ ΛΕΙΤΟΥΡΓΙΑΣ ΑΠΟΓΕΥΜΑΤΙΝΩΝ ΙΑΤΡΕΙΩΝ (210923000),,,2122.37,anonymous sponsor (empty sponsorAFMName)
98ΛΑ4690Β3-536,2024-10-04,ΕΝΤΑΛΜΑ ΠΛΗΡΩΜΗΣ ΟΔΟΙΠΟΡΙΚΑ ΕΞΟΔΑ ΠΡΟΣ. ΝΟΣ/ΜΕΙΟΥ (001626),,,1142.07,anonymous sponsor (empty sponsorAFMName)
6ΜΟΖ4690Β3-0Κ7,2024-10-04,ΕΝΤΑΛΜΑ ΠΛΗΡΩΜΗΣ ΟΔΟΙΠΟΡΙΚΑ ΕΞΟΔΑ ΠΡΟΣ. ΝΟΣ/ΜΕΙΟΥ (001626),,,10.40,anonymous sponsor (empty sponsorAFMName)
6Ι4Γ4690Β3-5Σ0,2024-10-04,ΕΝΤΑΛΜΑ ΠΛΗΡΩΜΗΣ ΕΚΤΟΣ ΕΔΡΑΣ ΠΡΟΣ/ΚΟΥ ΝΟΣΟΚΟΜΕΙΟΥ (001601),,,20.00,anonymous sponsor (empty sponsorAFMName)
ΨΥ8Ξ4690Β3-ΛΒ8,2024-10-04,ΕΝΤΑΛΜΑ ΠΛΗΡΩΜΗΣ ΟΔΟΙΠΟΡΙΚΑ ΕΞΟΔΑ ΠΡΟΣ. ΝΟΣ/ΜΕΙΟΥ (001626),,,13.80,anonymous sponsor (empty sponsorAFMName)
ΨΜ704690Β3-ΨΚ0,2024-10-02,ΕΝΤΑΛΜΑ ΠΛΗΡΩΜΗΣ ΑΠΟΖΗΜΙΩΣΗ ΓΙΑ ΝΥΧΤΕΡΙΝΑ-ΕΞΑΙΡΕΣΙΜΑ-ΥΠΕΡΩΡ.ΑΠΑΣΧΟΛΗΣΗ (001628),,,111.20,anonymous sponsor (empty sponsorAFMName)
Ψ5ΦΓ4690Β3-Κ19,2024-10-02,ΕΝΤΑΛΜΑ ΠΛΗΡΩΜΗΣ ΑΠΟΖΗΜΙΩΣΗ ΓΙΑ ΝΥΧΤΕΡΙΝΑ-ΕΞΑΙΡΕΣΙΜΑ-ΥΠΕΡΩΡ.ΑΠΑΣΧΟΛΗΣΗ (001628),,,521.30,anonymous sponsor (empty sponsorAFMName)
6ΓΔΒ4690Β3-ΤΟΩ,2024-10-02,ΕΝΤΑΛΜΑ ΠΛΗΡΩΜΗΣ ΑΠΟΖΗΜΙΩΣΗ ΓΙΑ ΝΥΧΤΕΡΙΝΑ-ΕΞΑΙΡΕΣΙΜΑ-ΥΠΕΡΩΡ.ΑΠΑΣΧΟΛΗΣΗ (001628),,,6887.51,anonymous sponsor (empty sponsorAFMName)
63ΟΒ4690Β3-ΙΦ2,2024-10-02,ΕΝΤΑΛΜΑ ΠΛΗΡΩΜΗΣ ΑΠΟΖΗΜΙΩΣΗ ΓΙΑ ΝΥΧΤΕΡΙΝΑ-ΕΞΑΙΡΕΣΙΜΑ-ΥΠΕΡΩΡ.ΑΠΑΣΧΟΛΗΣΗ (001628),,,165.36,anonymous sponsor (empty sponsorAFMName)
Ψ8Ξ34690Β3-ΦΞ0,2024-10-02,ΕΝΤΑΛΜΑ ΠΛΗΡΩΜΗΣ ΑΠΟΖΗΜΙΩΣΗ ΓΙΑ ΝΥΧΤΕΡΙΝΑ-ΕΞΑΙΡΕΣΙΜΑ-ΥΠΕΡΩΡ.ΑΠΑΣΧΟΛΗΣΗ (001628),,,1000.09,anonymous sponsor (empty sponsorAFMName)
60ΨΟ4690Β3-Ξ2Ξ,2024-10-02,ΕΝΤΑΛΜΑ ΠΛΗΡΩΜΗΣ ΑΠΟΖΗΜΙΩΣΗ ΓΙΑ ΝΥΧΤΕΡΙΝΑ-ΕΞΑΙΡΕΣΙΜΑ-ΥΠΕΡΩΡ.ΑΠΑΣΧΟΛΗΣΗ (001628),,,1172.51,anonymous sponsor (empty sponsorAFMName)
Ψ8ΔΘ4690Β3-Θ68,2024-10-02,ΕΝΤΑΛΜΑ ΠΛΗΡΩΜΗΣ ΑΠΟΖΗΜΙΩΣΗ ΓΙΑ ΝΥΧΤΕΡΙΝΑ-ΕΞΑΙΡΕΣΙΜΑ-ΥΠΕΡΩΡ.ΑΠΑΣΧΟΛΗΣΗ (001628),,,3324.70,anonymous sponsor (empty sponsorAFMName)
ΨΞΛΞ4690Β3-Ω6Ε,2024-10-01,ΕΝΤΑΛΜΑ ΠΛΗΡΩΜΗΣ ΑΠΟΖΗΜΙΩΣΗ ΓΙΑ ΝΥΧΤΕΡΙΝΑ-ΕΞΑΙΡΕΣΙΜΑ-ΥΠΕΡΩΡ.ΑΠΑΣΧΟΛΗΣΗ (001628),,,6623.31,anonymous sponsor (empty sponsorAFMName)
61Ε74690Β3-496,2024-10-01,ΕΝΤΑΛΜΑ ΠΛΗΡΩΜΗΣ ΑΠΟΖΗΜΙΩΣΗ ΓΙΑ ΝΥΧΤΕΡΙΝΑ-ΕΞΑΙΡΕΣΙΜΑ-ΥΠΕΡΩΡ.ΑΠΑΣΧΟΛΗΣΗ (001628),,,1691.99,anonymous sponsor (empty sponsorAFMName)
9ΞΜ74690Β3-ΦΧΙ,2024-10-01,ΕΝΤΑΛΜΑ ΠΛΗΡΩΜΗΣ ΑΠΟΖΗΜΙΩΣΗ ΓΙΑ ΝΥΧΤΕΡΙΝΑ-ΕΞΑΙΡΕΣΙΜΑ-ΥΠΕΡΩΡ.ΑΠΑΣΧΟΛΗΣΗ (001628),,,452.67,anonymous sponsor (empty sponsorAFMName)
9ΤΚΚ4690Β3-Γ1Τ,2024-10-01,ΕΝΤΑΛΜΑ ΠΛΗΡΩΜΗΣ ΑΠΟΖΗΜΙΩΣΗ ΓΙΑ ΝΥΧΤΕΡΙΝΑ-ΕΞΑΙΡΕΣΙΜΑ-ΥΠΕΡΩΡ.ΑΠΑΣΧΟΛΗΣΗ (001628),,,128.99,anonymous sponsor (empty sponsorAFMName)
634Γ4690Β3-ΡΩΔ,2024-10-01,ΕΝΤΑΛΜΑ ΠΛΗΡΩΜΗΣ ΑΠΟΖΗΜΙΩΣΗ ΓΙΑ ΝΥΧΤΕΡΙΝΑ-ΕΞΑΙΡΕΣΙΜΑ-ΥΠΕΡΩΡ.ΑΠΑΣΧΟΛΗΣΗ (001628),,,399.50,anonymous sponsor (empty sponsorAFMName)
6Α624690Β3-ΜΘΟ,2024-10-01,ΕΝΤΑΛΜΑ ΠΛΗΡΩΜΗΣ ΑΠΟΖΗΜΙΩΣΗ ΓΙΑ ΝΥΧΤΕΡΙΝΑ-ΕΞΑΙΡΕΣΙΜΑ-ΥΠΕΡΩΡ.ΑΠΑΣΧΟΛΗΣΗ (001628),,,6908.07,anonymous sponsor (empty sponsorAFMName)
978Ρ4690Β3-ΕΝΜ,2024-10-01,ΕΝΤΑΛΜΑ ΠΛΗΡΩΜΗΣ ΑΠΟΖΗΜΙΩΣΗ ΓΙΑ ΝΥΧΤΕΡΙΝΑ-ΕΞΑΙΡΕΣΙΜΑ-ΥΠΕΡΩΡ.ΑΠΑΣΧΟΛΗΣΗ (001628),,,1730.53,anonymous sponsor (empty sponsorAFMName)
9Ι7Υ4690Β3-ΦΔΤ,2024-10-01,ΕΝΤΑΛΜΑ ΠΛΗΡΩΜΗΣ ΑΠΟΖΗΜΙΩΣΗ ΓΙΑ ΝΥΧΤΕΡΙΝΑ-ΕΞΑΙΡΕΣΙΜΑ-ΥΠΕΡΩΡ.ΑΠΑΣΧΟΛΗΣΗ (001628),,,452.80,anonymous sponsor (empty sponsorAFMName)
9ΨΛΨ4690Β3-ΧΕΖ,2024-10-01,ΕΝΤΑΛΜΑ ΠΛΗΡΩΜΗΣ ΑΠΟΖΗΜΙΩΣΗ ΓΙΑ ΝΥΧΤΕΡΙΝΑ-ΕΞΑΙΡΕΣΙΜΑ-ΥΠΕΡΩΡ.ΑΠΑΣΧΟΛΗΣΗ (001628),,,1008.89,anonymous sponsor (empty sponsorAFMName)
6Μ9Κ4690Β3-Τ31,2024-10-01,ΕΝΤΑΛΜΑ ΠΛΗΡΩΜΗΣ ΑΠΟΖΗΜΙΩΣΗ ΓΙΑ ΝΥΧΤΕΡΙΝΑ-ΕΞΑΙΡΕΣΙΜΑ-ΥΠΕΡΩΡ.ΑΠΑΣΧΟΛΗΣΗ (001628),,,2301.62,anonymous sponsor (empty sponsorAFMName)
9ΩΛΞ4690Β3-ΜΣ8,2024-10-01,ΕΝΤΑΛΜΑ ΠΛΗΡΩΜΗΣ ΑΠΟΖΗΜΙΩΣΗ ΓΙΑ ΝΥΧΤΕΡΙΝΑ-ΕΞΑΙΡΕΣΙΜΑ-ΥΠΕΡΩΡ.ΑΠΑΣΧΟΛΗΣΗ (001628),,,595.76,anonymous sponsor (empty sponsorAFMName)
6ΘΧΣ4690Β3-ΤΓΟ,2024-10-01,ΕΝΤΑΛΜΑ ΠΛΗΡΩΜΗΣ ΑΠΟΖΗΜΙΩΣΗ ΓΙΑ ΝΥΧΤΕΡΙΝΑ-ΕΞΑΙΡΕΣΙΜΑ-ΥΠΕΡΩΡ.ΑΠΑΣΧΟΛΗΣΗ (001628),,,576.20,anonymous sponsor (empty sponsorAFMName)
6ΝΓ24690Β3-Μ6Π,2024-10-01,ΕΝΤΑΛΜΑ ΠΛΗΡΩΜΗΣ ΑΠΟΖΗΜΙΩΣΗ ΓΙΑ ΝΥΧΤΕΡΙΝΑ-ΕΞΑΙΡΕΣΙΜΑ-ΥΠΕΡΩΡ.ΑΠΑΣΧΟΛΗΣΗ (001628),,,211.44,anonymous sponsor (empty sponsorAFMName)
ΨΛ3Η4690Β3-ΟΧΣ,2024-10-01,ΕΝΤΑΛΜΑ ΠΛΗΡΩΜΗΣ ΑΠΟΖΗΜΙΩΣΗ ΓΙΑ ΝΥΧΤΕΡΙΝΑ-ΕΞΑΙΡΕΣΙΜΑ-ΥΠΕΡΩΡ.ΑΠΑΣΧΟΛΗΣΗ (001628),,,3638.89,anonymous sponsor (empty sponsorAFMName)
ΨΧΠΦ4690Β3-ΤΔ6,2024-10-01,ΕΝΤΑΛΜΑ ΠΛΗΡΩΜΗΣ ΑΠΟΖΗΜΙΩΣΗ ΓΙΑ ΝΥΧΤΕΡΙΝΑ-ΕΞΑΙΡΕΣΙΜΑ-ΥΠΕΡΩΡ.ΑΠΑΣΧΟΛΗΣΗ (001628),,,513.69,anonymous sponsor (empty sponsorAFMName)
6ΕΛΦ4690Β3-5ΣΒ,2024-10-01,ΕΝΤΑΛΜΑ ΠΛΗΡΩΜΗΣ ΑΠΟΖΗΜΙΩΣΗ ΓΙΑ ΝΥΧΤΕΡΙΝΑ-ΕΞΑΙΡΕΣΙΜΑ-ΥΠΕΡΩΡ.ΑΠΑΣΧΟΛΗΣΗ (001628),,,1229.13,anonymous sponsor (empty sponsorAFMName)
601Ν4690Β3-Μ3Ο,2024-10-01,ΕΝΤΑΛΜΑ ΠΛΗΡΩΜΗΣ ΑΠΟΖΗΜΙΩΣΗ ΓΙΑ ΝΥΧΤΕΡΙΝΑ-ΕΞΑΙΡΕΣΙΜΑ-ΥΠΕΡΩΡ.ΑΠΑΣΧΟΛΗΣΗ (001628),,,7809.67,anonymous sponsor (empty sponsorAFMName)
689Τ4690Β3-302,2024-10-01,ΕΝΤΑΛΜΑ ΠΛΗΡΩΜΗΣ ΑΠΟΖΗΜΙΩΣΗ ΓΙΑ ΝΥΧΤΕΡΙΝΑ-ΕΞΑΙΡΕΣΙΜΑ-ΥΠΕΡΩΡ.ΑΠΑΣΧΟΛΗΣΗ (001628),,,10219.64,anonymous sponsor (empty sponsorAFMName)
962Γ4690Β3-ΣΧ0,2024-10-01,ΕΝΤΑΛΜΑ ΠΛΗΡΩΜΗΣ ΑΠΟΖΗΜΙΩΣΗ ΓΙΑ ΝΥΧΤΕΡΙΝΑ-ΕΞΑΙΡΕΣΙΜΑ-ΥΠΕΡΩΡ.ΑΠΑΣΧΟΛΗΣΗ (001628),,,1883.80,anonymous sponsor (empty sponsorAFMName)
6ΖΥ84690Β3-0ΧΕ,2024-10-01,ΕΝΤΑΛΜΑ ΠΛΗΡΩΜΗΣ ΑΠΟΖΗΜΙΩΣΗ ΕΦΗΜΕΡΙΩΝ (002535),,,2913.72,anonymous sponsor (empty sponsorAFMName)
9ΠΥ04690Β3-ΜΜΖ,2024-10-01,ΕΝΤΑΛΜΑ ΠΛΗΡΩΜΗΣ ΑΠΟΖΗΜΙΩΣΗ ΕΦΗΜΕΡΙΩΝ (002535),,,86841.66,anonymous sponsor (empty sponsorAFMName)
6ΑΘ04690Β3-Ω4Τ,2024-10-01,ΕΝΤΑΛΜΑ ΠΛΗΡΩΜΗΣ ΑΠΟΖΗΜΙΩΣΗ ΕΦΗΜΕΡΙΩΝ (002535),,,18028.60,anonymous sponsor (empty sponsorAFMName)
ΨΓ5Θ4690Β3-5Ξ1,2024-10-01,ΕΝΤΑΛΜΑ ΠΛΗΡΩΜΗΣ ΑΠΟΖΗΜΙΩΣΗ ΕΦΗΜΕΡΙΩΝ (002535),,,129.74,anonymous sponsor (empty sponsorAFMName)
ΨΝΛΒ4690Β3-60Π,2024-10-01,ΕΝΤΑΛΜΑ ΠΛΗΡΩΜΗΣ ΑΠΟΖΗΜΙΩΣΗ ΕΦΗΜΕΡΙΩΝ (002535),,,259.48,anonymous sponsor (empty sponsorAFMName)
9ΣΨΧ4690Β3-ΤΔ3,2024-09-30,ΕΝΤΑΛΜΑ ΠΛΗΡΩΜΗΣ ΕΠΙΚΟΥΡΙΚΟ ΝΟΣΗΛΕΥΤΙΚΟ-ΠΑΡΑΪΑΤΡΙΚΟ ΠΡΟΣΩΠΙΚΟ (000001634),,,1677.45,anonymous sponsor (empty sponsorAFMName)
Ρ6Φ54690Β3-ΤΜ8,2024-09-30,ΕΝΤΑΛΜΑ ΠΛΗΡΩΜΗΣ ΕΠΙΚΟΥΡΙΚΟ ΝΟΣΗΛΕΥΤΙΚΟ-ΠΑΡΑΪΑΤΡΙΚΟ ΠΡΟΣΩΠΙΚΟ (000001634),,,1676.59,anonymous sponsor (empty sponsorAFMName)
9ΘΙΤ4690Β3-6Ψ6,2024-09-30,ΕΝΤΑΛΜΑ ΠΛΗΡΩΜΗΣ ΕΠΙΚΟΥΡΙΚΟ ΝΟΣΗΛΕΥΤΙΚΟ-ΠΑΡΑΪΑΤΡΙΚΟ ΠΡΟΣΩΠΙΚΟ (000001634),,,581.52,anonymous sponsor (empty sponsorAFMName)
6ΡΧΔ4690Β3-2ΔΗ,2024-09-30,ΕΝΤΑΛΜΑ ΠΛΗΡΩΜΗΣ ΕΠΙΚΟΥΡΙΚΟ ΝΟΣΗΛΕΥΤΙΚΟ-ΠΑΡΑΪΑΤΡΙΚΟ ΠΡΟΣΩΠΙΚΟ (000001634),,,96601.63,anonymous sponsor (empty sponsorAFMName)
9Ι5Υ4690Β3-Γ6Τ,2024-09-30,ΕΝΤΑΛΜΑ ΠΛΗΡΩΜΗΣ EΠΙΚΟΥΡΙΚΟΙ ΙΑΤΡΟΙ Ε.Σ.Υ. (000001629),,,100.89,anonymous sponsor (empty sponsorAFMName)
9ΨΥΡ4690Β3-ΩΩΧ,2024-09-30,ΕΝΤΑΛΜΑ ΠΛΗΡΩΜΗΣ EΠΙΚΟΥΡΙΚΟΙ ΙΑΤΡΟΙ Ε.Σ.Υ. (000001629),,,5846.67,anonymous sponsor (empty sponsorAFMName)
ΨΡ9Ξ4690Β3-ΦΤΣ,2024-09-30,ΕΝΤΑΛΜΑ ΠΛΗΡΩΜΗΣ ΕΡΓΟΔ.ΕΙΣΦ.ΙΚΑ ΑΣΚΟΥΜ.ΤΕΕ-ΙΕΚ.ΧΩΡ.ΑΜΟΙΒ.ΓΙΑ ΑΤΥΧΗΜ (001690),,,22.44,anonymous sponsor (empty sponsorAFMName)
6Τ1Λ4690Β3-8Α5,2024-09-30,ΕΝΤΑΛΜΑ ΠΛΗΡΩΜΗΣ ΕΠΙΚΟΥΡΙΚΟ ΝΟΣΗΛΕΥΤΙΚΟ-ΠΑΡΑΪΑΤΡΙΚΟ ΠΡΟΣΩΠΙΚΟ (000001634),,,1938.36,anonymous sponsor (empty sponsorAFMName)
68ΙΣ4690Β3-Β06,2024-09-30,ΕΝΤΑΛΜΑ ΠΛΗΡΩΜΗΣ EΠΙΚΟΥΡΙΚΟΙ ΙΑΤΡΟΙ Ε.Σ.Υ. (000001629),,,125.56,anonymous sponsor (empty sponsorAFMName)
675Μ4690Β3-ΦΨ8,2024-09-30,ΕΝΤΑΛΜΑ ΠΛΗΡΩΜΗΣ ΕΠΙΚΟΥΡΙΚΟ ΝΟΣΗΛΕΥΤΙΚΟ-ΠΑΡΑΪΑΤΡΙΚΟ ΠΡΟΣΩΠΙΚΟ (000001634),,,1748.75,anonymous sponsor (empty sponsorAFMName)
ΨΕΧΡ4690Β3-ΨΚΡ,2024-09-30,ΕΝΤΑΛΜΑ ΠΛΗΡΩΜΗΣ ΕΠΙΚΟΥΡΙΚΟ ΝΟΣΗΛΕΥΤΙΚΟ-ΠΑΡΑΪΑΤΡΙΚΟ ΠΡΟΣΩΠΙΚΟ (000001634),,,38390.51,anonymous sponsor (empty sponsorAFMName)
63ΞΥ4690Β3-ΙΥ9,2024-09-30,ΕΝΤΑΛΜΑ ΠΛΗΡΩΜΗΣ EΠΙΚΟΥΡΙΚΟΙ ΙΑΤΡΟΙ Ε.Σ.Υ. (000001629),,,53571.33,anonymous sponsor (empty sponsorAFMName)
6Ζ2Ε4690Β3-ΥΝ7,2024-09-27,ΕΝΤΑΛΜΑ ΠΛΗΡΩΜΗΣ ΕΠΟΧΙΚΟ ΠΡΟΣΩΠΙΚΟ ΚΑΘΑΡΙΟΤΗΤΑΣ (999111999),,,31470.53,anonymous sponsor (empty sponsorAFMName)
Ψ6ΔΔ4690Β3-ΖΑΘ,2024-09-27,ΕΝΤΑΛΜΑ ΠΛΗΡΩΜΗΣ ΚΡΑΤ.3391-54.03.00.0001 Φ.Μ.Υ. (001512),,,101.24,anonymous sponsor (empty sponsorAFMName)
6ΥΩΖ4690Β3-ΩΔΑ,2024-09-27,ΕΝΤΑΛΜΑ ΠΛΗΡΩΜΗΣ ΚΡΑΤ.3391-54.03.00.0001 Φ.Μ.Υ. (001512),,,210.52,anonymous sponsor (empty sponsorAFMName)
ΨΙΥ74690Β3-0ΤΘ,2024-09-27,ΕΝΤΑΛΜΑ ΠΛΗΡΩΜΗΣ ΕΙΣΦΟΡΕΣ ΑΠΑΣΧ/ΝΩΝ ΟΑΕΔ ΜΕΣΩ ΠΡΟΓ. ΚΟΙΝΩΦ. ΧΑΡΑΚΤΗΡΑ (),,,2057.08,anonymous sponsor (empty sponsorAFMName)
65ΛΙ4690Β3-ΧΙ4,2024-09-27,ΕΝΤΑΛΜΑ ΠΛΗΡΩΜΗΣ ΕΙΣΦΟΡΕΣ ΑΠΑΣΧ/ΝΩΝ ΟΑΕΔ ΜΕΣΩ ΠΡΟΓ. ΚΟΙΝΩΦ. ΧΑΡΑΚΤΗΡΑ (),,,4721.74,anonymous sponsor (empty sponsorAFMName)
ΨΚ0Ι4690Β3-Ψ5Ω,2024-09-27,ΕΝΤΑΛΜΑ ΠΛΗΡΩΜΗΣ ΚΡΑΤ.3391-54.04.02.0001 Χ/ΜΑ και ΟΓΑ Χ/ΜΩΝ (),,,0.64,anonymous sponsor (empty sponsorAFMName)
94ΜΑ4690Β3-7ΧΥ,2024-09-27,ΕΝΤΑΛΜΑ ΠΛΗΡΩΜΗΣ ΚΡΑΤ.3391-53.20.00.0001 ΕΛΛΗΝΙΚΟ ΔΗΜΟΣΙΟ (001506),,,717.92,anonymous sponsor (empty sponsorAFMName)
ΨΙΖΟ4690Β3-ΣΔ2,2024-09-27,ΕΝΤΑΛΜΑ ΠΛΗΡΩΜΗΣ ΚΡΑΤ.3391-53.20.00.0001 ΕΛΛΗΝΙΚΟ ΔΗΜΟΣΙΟ (001506),,,18.33,anonymous sponsor (empty sponsorAFMName)
Ψ27Β4690Β3-ΖΕΔ,2024-09-27,ΕΝΤΑΛΜΑ ΠΛΗΡΩΜΗΣ ΚΡΑΤ.3391-54.04.02.0001 Χ/ΜΑ και ΟΓΑ Χ/ΜΩΝ (),,,47.42,anonymous sponsor (empty sponsorAFMName)
ΨΞΜΞ4690Β3-ΤΗ7,2024-09-27,ΕΝΤΑΛΜΑ ΠΛΗΡΩΜΗΣ ΚΡΑΤ.3391-54.04.00.0001 ΦΟΡΟΣ ΕΛΕΥΘΕΡ.ΕΠΑΓΓΕΛΜΑΤ (),,,8122.53,anonymous sponsor (empty sponsorAFMName)
9ΦΓΕ4690Β3-ΚΡΙ,2024-09-27,ΕΝΤΑΛΜΑ ΠΛΗΡΩΜΗΣ ΚΡΑΤ.3391-54.09.14.0001 ΦΟΡΟΣ ΠΡΟΜΗΘΕΥΤΩΝ (001510),,,49985.02,anonymous sponsor (empty sponsorAFMName)
9ΦΘ54690Β3-ΘΔΗ,2024-09-27,ΕΝΤΑΛΜΑ ΠΛΗΡΩΜΗΣ ΚΡΑΤ.3391-53.20.00.0001 ΕΛΛΗΝΙΚΟ ΔΗΜΟΣΙΟ (001506),,,18810.11,anonymous sponsor (empty sponsorAFMName)
9ΧΔΗ4690Β3-ΒΑΔ,2024-09-27,ΕΝΤΑΛΜΑ ΠΛΗΡΩΜΗΣ ΚΡΑΤ.3391-53.20.00.0001 ΕΛΛΗΝΙΚΟ ΔΗΜΟΣΙΟ (001506),,,784.83,anonymous sponsor (empty sponsorAFMName)
ΨΔΒΒ4690Β3-ΜΧΩ,2024-09-27,ΕΝΤΑΛΜΑ ΠΛΗΡΩΜΗΣ ΚΡΑΤ.3391-53.20.00.0001 ΕΛΛΗΝΙΚΟ ΔΗΜΟΣΙΟ (001506),,,48.38,anonymous sponsor (empty sponsorAFMName)
61ΙΞ4690Β3-Α4Ι,2024-09-27,ΕΝΤΑΛΜΑ ΠΛΗΡΩΜΗΣ ΚΡΑΤ.3391-53.20.00.0001 ΕΛΛΗΝΙΚΟ ΔΗΜΟΣΙΟ (001506),,,562.29,anonymous sponsor (empty sponsorAFMName)
94ΕΤ4690Β3-ΓΚΦ,2024-09-26,ΕΝΤΑΛΜΑ ΠΛΗΡΩΜΗΣ ΒΙΟΣΕΡ ΑΕ (094035927),,,858.80,anonymous sponsor (empty sponsorAFMName)
62ΤΖ4690Β3-Δ7Δ,2024-09-25,ΕΝΤΑΛΜΑ ΠΛΗΡΩΜΗΣ DRAEGER HELLAS A.E (997799268),,,197.16,anonymous sponsor (empty sponsorAFMName)
6ΑΡΓ4690Β3-Υ72,2024-09-24,ΕΝΤΑΛΜΑ ΠΛΗΡΩΜΗΣ ΚΕΡΚΥΡΑΪΚΗ ΕΤΑΙΡΕΙΑ ΚΡΕΑΤΩΝ ΑΕ (099346780),,,7527.64,anonymous sponsor (empty sponsorAFMName)
ΡΩ984690Β3-Ρ0Α,2024-09-23,ΕΝΤΑΛΜΑ ΠΛΗΡΩΜΗΣ ΒΙΟΣΕΡ ΑΕ (094035927),,,22572.42,anonymous sponsor (empty sponsorAFMName)
9ΖΚΣ4690Β3-ΖΜ1,2024-09-23,ΕΝΤΑΛΜΑ ΠΛΗΡΩΜΗΣ INNOVIS PHARMA Α.Ε.Β.Ε. (ΠΡΩΗΝ ΦΑΡΜΑΤΕΝ ΕΛΛΑΣ ΑΕΒΕ) (998381010),,,79.33,anonymous sponsor (empty sponsorAFMName)
6ΕΗΟ4690Β3-58Ρ,2024-09-20,ΕΝΤΑΛΜΑ ΠΛΗΡΩΜΗΣ ΔΙΚΑΙΟΥΧΟΙ ΑΜΟΙΒΩΝ (001600),,,6303.75,anonymous sponsor (empty sponsorAFMName)
6ΚΑΘ4690Β3-Ζ4Ω,2024-09-19,ΕΝΤΑΛΜΑ ΠΛΗΡΩΜΗΣ ΔΙΚΑΙΟΥΧΟΙ ΑΜΟΙΒΩΝ (001600),,,1037.14,anonymous sponsor (empty sponsorAFMName)
9ΞΓΦ4690Β3-ΞΜΒ,2024-09-19,ΕΝΤΑΛΜΑ ΠΛΗΡΩΜΗΣ ΔΙΚΑΙΟΥΧΟΙ ΑΜΟΙΒΩΝ (001600),,,1670.51,anonymous sponsor (empty sponsorAFMName)
9Ο714690Β3-1ΛΠ,2024-09-19,ΕΝΤΑΛΜΑ ΠΛΗΡΩΜΗΣ ΔΙΚΑΙΟΥΧΟΙ ΑΜΟΙΒΩΝ (001600),,,1739.97,anonymous sponsor (empty sponsorAFMName)
6Η9Ρ4690Β3-ΡΡ5,2024-09-19,ΕΝΤΑΛΜΑ ΠΛΗΡΩΜΗΣ ΔΙΚΑΙΟΥΧΟΙ ΑΜΟΙΒΩΝ (001600),,,1275.78,anonymous sponsor (empty sponsorAFMName)
ΨΩΦ44690Β3-71Ψ,2024-09-16,ΕΝΤΑΛΜΑ ΠΛΗΡΩΜΗΣ LUNDBECK HELLAS S.A (094434000),,,1388.45,anonymous sponsor (empty sponsorAFMName)
ΨΞΥΖ4690Β3-Ι0Σ,2024-09-13,"ΕΚΔΟΣΗ ΧΡΗΜΑΤΙΚΟΥ ΕΝΤΑΛΜΑΤΟΣ ΠΛΗΡΩΜΗΣ ΠΟΣΟΥ 30,00€ ΣΕ ΒΑΡΟΣ ΤΟΥ ΚΑΕ 0899α01 του Π/Υ ΕΞΟΔΩΝ του Γ.Ν. ΚΕΡΚΥΡΑΣ ΓΙΑ ΔΑΠΑΝΗ ΕΞΟΦΛΗΣΗΣ ΠΑΡΑΒΟΛΩΝ ΓΙΑ ΕΚΔΟΣΗ ΠΙΣΤΟΠΟΙΗΤΙΚΩΝ ΕΝΕΡΓΕΙΑΚΗΣ ΕΠΙΘΕΩΡΗΣΗΣ",,,,no sponsor block
ΡΨΟ34690Β3-0Υ9,2024-09-03,ΕΝΤΑΛΜΑ ΠΛΗΡΩΜΗΣ ΚΕΡΚΥΡΑΪΚΗ ΕΤΑΙΡΕΙΑ ΚΡΕΑΤΩΝ ΑΕ (099346780),,,4445.02,anonymous sponsor (empty sponsorAFMName)
9ΘΛΠ4690Β3-46Γ,2024-09-03,ΕΝΤΑΛΜΑ ΠΛΗΡΩΜΗΣ ΚΕΡΚΥΡΑΪΚΗ ΕΤΑΙΡΕΙΑ ΚΡΕΑΤΩΝ ΑΕ (099346780),,,3324.19,anonymous sponsor (empty sponsorAFMName)
9ΗΡΙ4690Β3-03Ψ,2024-08-29,ΕΝΤΑΛΜΑ ΠΛΗΡΩΜΗΣ INNOVIS PHARMA Α.Ε.Β.Ε. (ΠΡΩΗΝ ΦΑΡΜΑΤΕΝ ΕΛΛΑΣ ΑΕΒΕ) (998381010),,,27.69,anonymous sponsor (empty sponsorAFMName)
Ρ9ΒΝ4690Β3-ΧΚΠ,2024-08-29,ΕΝΤΑΛΜΑ ΠΛΗΡΩΜΗΣ ΒΙΟΣΕΡ ΑΕ (094035927),,,9104.79,anonymous sponsor (empty sponsorAFMName)
63ΟΨ4690Β3-ΞΞ0,2024-08-29,ΕΝΤΑΛΜΑ ΠΛΗΡΩΜΗΣ ΚΡΑΤ.3391-54.04.02.0001 Χ/ΜΑ και ΟΓΑ Χ/ΜΩΝ (),,,0.29,anonymous sponsor (empty sponsorAFMName)
ΨΓΘ54690Β3-ΙΞΜ,2024-08-29,ΕΝΤΑΛΜΑ ΠΛΗΡΩΜΗΣ ΚΡΑΤ.3391-53.20.00.0001 ΕΛΛΗΝΙΚΟ ΔΗΜΟΣΙΟ (001506),,,170.37,anonymous sponsor (empty sponsorAFMName)
Ψ1Δ14690Β3-2ΘΜ,2024-08-29,ΕΝΤΑΛΜΑ ΠΛΗΡΩΜΗΣ ΚΡΑΤ.3391-53.20.00.0001 ΕΛΛΗΝΙΚΟ ΔΗΜΟΣΙΟ (001506),,,8.52,anonymous sponsor (empty sponsorAFMName)
Ψ9Σ54690Β3-Τ7Ψ,2024-08-29,ΕΝΤΑΛΜΑ ΠΛΗΡΩΜΗΣ ΚΡΑΤ.3391-54.04.02.0001 Χ/ΜΑ και ΟΓΑ Χ/ΜΩΝ (),,,34.80,anonymous sponsor (empty sponsorAFMName)
ΨΜ7Η4690Β3-Π2Θ,2024-08-29,ΕΝΤΑΛΜΑ ΠΛΗΡΩΜΗΣ ΚΡΑΤ.3391-54.04.00.0001 ΦΟΡΟΣ ΕΛΕΥΘΕΡ.ΕΠΑΓΓΕΛΜΑΤ (),,,443.54,anonymous sponsor (empty sponsorAFMName)
ΨΑΖΩ4690Β3-Ζ5Θ,2024-08-29,ΕΝΤΑΛΜΑ ΠΛΗΡΩΜΗΣ ΚΡΑΤ.3391-54.09.14.0001 ΦΟΡΟΣ ΠΡΟΜΗΘΕΥΤΩΝ (001510),,,39527.77,anonymous sponsor (empty sponsorAFMName)
603Ε4690Β3-ΩΔΑ,2024-08-29,ΕΝΤΑΛΜΑ ΠΛΗΡΩΜΗΣ ΚΡΑΤ.3391-53.20.00.0001 ΕΛΛΗΝΙΚΟ ΔΗΜΟΣΙΟ (001506),,,14671.32,anonymous sponsor (empty sponsorAFMName)
6ΙΘΣ4690Β3-Α2Χ,2024-08-29,ΕΝΤΑΛΜΑ ΠΛΗΡΩΜΗΣ ΚΡΑΤ.3391-53.20.00.0001 ΕΛΛΗΝΙΚΟ ΔΗΜΟΣΙΟ (001506),,,46.99,anonymous sponsor (empty sponsorAFMName)
9ΨΔ74690Β3-ΓΕΠ,2024-08-29,ΕΝΤΑΛΜΑ ΠΛΗΡΩΜΗΣ ΚΡΑΤ.3391-53.20.00.0001 ΕΛΛΗΝΙΚΟ ΔΗΜΟΣΙΟ (001506),,,547.70,anonymous sponsor (empty sponsorAFMName)
96ΥΒ4690Β3-ΛΑΜ,2024-08-29,ΕΝΤΑΛΜΑ ΠΛΗΡΩΜΗΣ ΚΡΑΤ.3391-53.20.00.0001 ΕΛΛΗΝΙΚΟ ΔΗΜΟΣΙΟ (001506),,,424.61,anonymous sponsor (empty sponsorAFMName)
ΨΘ3Ο4690Β3-253,2024-08-29,ΕΝΤΑΛΜΑ ΠΛΗΡΩΜΗΣ ΚΡΑΤ.3391-54.03.00.0001 Φ.Μ.Υ. (001512),,,90.36,anonymous sponsor (empty sponsorAFMName)
6ΩΥΚ4690Β3-ΚΤΦ,2024-08-29,ΕΝΤΑΛΜΑ ΠΛΗΡΩΜΗΣ ΕΙΣΦΟΡΕΣ ΑΠΑΣΧ/ΝΩΝ ΟΑΕΔ ΜΕΣΩ ΠΡΟΓ. ΚΟΙΝΩΦ. ΧΑΡΑΚΤΗΡΑ (),,,2057.08,anonymous sponsor (empty sponsorAFMName)
9Ω5Η4690Β3-ΗΑΗ,2024-08-29,ΕΝΤΑΛΜΑ ΠΛΗΡΩΜΗΣ ΚΡΑΤ.3391-54.03.00.0001 Φ.Μ.Υ. (001512),,,261.11,anonymous sponsor (empty sponsorAFMName)
Ψ3ΔΔ4690Β3-ΑΚΥ,2024-08-29,ΕΝΤΑΛΜΑ ΠΛΗΡΩΜΗΣ ΕΙΣΦΟΡΕΣ ΑΠΑΣΧ/ΝΩΝ ΟΑΕΔ ΜΕΣΩ ΠΡΟΓ. ΚΟΙΝΩΦ. ΧΑΡΑΚΤΗΡΑ (),,,5035.17,anonymous sponsor (empty sponsorAFMName)
6ΥΚΖ4690Β3-ΘΩ4,2024-08-28,ΕΝΤΑΛΜΑ ΠΛΗΡΩΜΗΣ ΑΠΟΖΗΜΙΩΣΗ ΓΙΑ ΝΥΧΤΕΡΙΝΑ-ΕΞΑΙΡΕΣΙΜΑ-ΥΠΕΡΩΡ.ΑΠΑΣΧΟΛΗΣΗ (001628),,,1760.94,anonymous sponsor (empty sponsorAFMName)
6ΑΜΝ4690Β3-ΝΟ0,2024-08-28,ΕΝΤΑΛΜΑ ΠΛΗΡΩΜΗΣ ΑΠΟΖΗΜΙΩΣΗ ΓΙΑ ΝΥΧΤΕΡΙΝΑ-ΕΞΑΙΡΕΣΙΜΑ-ΥΠΕΡΩΡ.ΑΠΑΣΧΟΛΗΣΗ (001628),,,307.78,anonymous sponsor (empty sponsorAFMName)
6ΖΝΡ4690Β3-ΨΕΖ,2024-08-28,ΕΝΤΑΛΜΑ ΠΛΗΡΩΜΗΣ ΑΠΟΖΗΜΙΩΣΗ ΓΙΑ ΝΥΧΤΕΡΙΝΑ-ΕΞΑΙΡΕΣΙΜΑ-ΥΠΕΡΩΡ.ΑΠΑΣΧΟΛΗΣΗ (001628),,,476.94,anonymous sponsor (empty sponsorAFMName)
ΨΝΥΨ4690Β3-Β9Κ,2024-08-28,ΕΝΤΑΛΜΑ ΠΛΗΡΩΜΗΣ ΑΠΟΖΗΜΙΩΣΗ ΓΙΑ ΝΥΧΤΕΡΙΝΑ-ΕΞΑΙΡΕΣΙΜΑ-ΥΠΕΡΩΡ.ΑΠΑΣΧΟΛΗΣΗ (001628),,,5142.00,anonymous sponsor (empty sponsorAFMName)
6ΥΕΤ4690Β3-ΠΓΚ,2024-08-28,ΕΝΤΑΛΜΑ ΠΛΗΡΩΜΗΣ ΑΠΟΖΗΜΙΩΣΗ ΓΙΑ ΝΥΧΤΕΡΙΝΑ-ΕΞΑΙΡΕΣΙΜΑ-ΥΠΕΡΩΡ.ΑΠΑΣΧΟΛΗΣΗ (001628),,,1350.87,anonymous sponsor (empty sponsorAFMName)
ΨΙ8Η4690Β3-ΛΝΧ,2024-08-28,ΕΝΤΑΛΜΑ ΠΛΗΡΩΜΗΣ ΑΠΟΖΗΜΙΩΣΗ ΓΙΑ ΝΥΧΤΕΡΙΝΑ-ΕΞΑΙΡΕΣΙΜΑ-ΥΠΕΡΩΡ.ΑΠΑΣΧΟΛΗΣΗ (001628),,,7173.87,anonymous sponsor (empty sponsorAFMName)
ΨΣΦΒ4690Β3-3ΦΣ,2024-08-28,ΕΝΤΑΛΜΑ ΠΛΗΡΩΜΗΣ ΑΠΟΖΗΜΙΩΣΗ ΓΙΑ ΝΥΧΤΕΡΙΝΑ-ΕΞΑΙΡΕΣΙΜΑ-ΥΠΕΡΩΡ.ΑΠΑΣΧΟΛΗΣΗ (001628),,,2709.78,anonymous sponsor (empty sponsorAFMName)
60ΨΧ4690Β3-9ΑΡ,2024-08-28,ΕΝΤΑΛΜΑ ΠΛΗΡΩΜΗΣ ΑΠΟΖΗΜΙΩΣΗ ΓΙΑ ΝΥΧΤΕΡΙΝΑ-ΕΞΑΙΡΕΣΙΜΑ-ΥΠΕΡΩΡ.ΑΠΑΣΧΟΛΗΣΗ (001628),,,3845.44,anonymous sponsor (empty sponsorAFMName)
6Θ0Κ4690Β3-ΣΜ8,2024-08-28,ΕΝΤΑΛΜΑ ΠΛΗΡΩΜΗΣ ΑΠΟΖΗΜΙΩΣΗ ΓΙΑ ΝΥΧΤΕΡΙΝΑ-ΕΞΑΙΡΕΣΙΜΑ-ΥΠΕΡΩΡ.ΑΠΑΣΧΟΛΗΣΗ (001628),,,707.18,anonymous sponsor (empty sponsorAFMName)
ΨΔ0Λ4690Β3-ΑΜ9,2024-08-28,ΕΝΤΑΛΜΑ ΠΛΗΡΩΜΗΣ ΑΠΟΖΗΜΙΩΣΗ ΓΙΑ ΝΥΧΤΕΡΙΝΑ-ΕΞΑΙΡΕΣΙΜΑ-ΥΠΕΡΩΡ.ΑΠΑΣΧΟΛΗΣΗ (001628),,,505.76,anonymous sponsor (empty sponsorAFMName)
6ΚΒ44690Β3-6ΥΕ,2024-08-28,ΕΝΤΑΛΜΑ ΠΛΗΡΩΜΗΣ ΑΠΟΖΗΜΙΩΣΗ ΓΙΑ ΝΥΧΤΕΡΙΝΑ-ΕΞΑΙΡΕΣΙΜΑ-ΥΠΕΡΩΡ.ΑΠΑΣΧΟΛΗΣΗ (001628),,,222.10,anonymous sponsor (empty sponsorAFMName)
ΨΘΓ84690Β3-ΕΨΔ,2024-08-28,ΕΝΤΑΛΜΑ ΠΛΗΡΩΜΗΣ ΑΠΟΖΗΜΙΩΣΗ ΓΙΑ ΝΥΧΤΕΡΙΝΑ-ΕΞΑΙΡΕΣΙΜΑ-ΥΠΕΡΩΡ.ΑΠΑΣΧΟΛΗΣΗ (001628),,,7035.23,anonymous sponsor (empty sponsorAFMName)
ΨΚΧΔ4690Β3-ΒΑΗ,2024-08-28,ΕΝΤΑΛΜΑ ΠΛΗΡΩΜΗΣ ΑΠΟΖΗΜΙΩΣΗ ΓΙΑ ΝΥΧΤΕΡΙΝΑ-ΕΞΑΙΡΕΣΙΜΑ-ΥΠΕΡΩΡ.ΑΠΑΣΧΟΛΗΣΗ (001628),,,326.61,anonymous sponsor (empty sponsorAFMName)
Ψ0ΛΛ4690Β3-Α5Γ,2024-08-28,ΕΝΤΑΛΜΑ ΠΛΗΡΩΜΗΣ ΑΠΟΖΗΜΙΩΣΗ ΓΙΑ ΝΥΧΤΕΡΙΝΑ-ΕΞΑΙΡΕΣΙΜΑ-ΥΠΕΡΩΡ.ΑΠΑΣΧΟΛΗΣΗ (001628),,,518.12,anonymous sponsor (empty sponsorAFMName)
6Χ1Φ4690Β3-Κ1Ο,2024-08-28,ΕΝΤΑΛΜΑ ΠΛΗΡΩΜΗΣ ΑΠΟΖΗΜΙΩΣΗ ΓΙΑ ΝΥΧΤΕΡΙΝΑ-ΕΞΑΙΡΕΣΙΜΑ-ΥΠΕΡΩΡ.ΑΠΑΣΧΟΛΗΣΗ (001628),,,3321.95,anonymous sponsor (empty sponsorAFMName)
6ΘΕ54690Β3-ΔΧΓ,2024-08-28,ΕΝΤΑΛΜΑ ΠΛΗΡΩΜΗΣ ΑΠΟΖΗΜΙΩΣΗ ΓΙΑ ΝΥΧΤΕΡΙΝΑ-ΕΞΑΙΡΕΣΙΜΑ-ΥΠΕΡΩΡ.ΑΠΑΣΧΟΛΗΣΗ (001628),,,1087.89,anonymous sponsor (empty sponsorAFMName)
Ψ7ΔΠ4690Β3-Ω17,2024-08-28,ΕΝΤΑΛΜΑ ΠΛΗΡΩΜΗΣ ΑΠΟΖΗΜΙΩΣΗ ΓΙΑ ΝΥΧΤΕΡΙΝΑ-ΕΞΑΙΡΕΣΙΜΑ-ΥΠΕΡΩΡ.ΑΠΑΣΧΟΛΗΣΗ (001628),,,8922.65,anonymous sponsor (empty sponsorAFMName)
Ψ0ΠΜ4690Β3-Δ2Φ,2024-08-28,ΕΝΤΑΛΜΑ ΠΛΗΡΩΜΗΣ ΑΠΟΖΗΜΙΩΣΗ ΓΙΑ ΝΥΧΤΕΡΙΝΑ-ΕΞΑΙΡΕΣΙΜΑ-ΥΠΕΡΩΡ.ΑΠΑΣΧΟΛΗΣΗ (001628),,,2059.96,anonymous sponsor (empty sponsorAFMName)
ΨΜΦ54690Β3-ΣΡΘ,2024-08-28,ΕΝΤΑΛΜΑ ΠΛΗΡΩΜΗΣ ΑΠΟΖΗΜΙΩΣΗ ΓΙΑ ΝΥΧΤΕΡΙΝΑ-ΕΞΑΙΡΕΣΙΜΑ-ΥΠΕΡΩΡ.ΑΠΑΣΧΟΛΗΣΗ (001628),,,217.30,anonymous sponsor (empty sponsorAFMName)
ΨΧΙΥ4690Β3-Σ02,2024-08-28,ΕΝΤΑΛΜΑ ΠΛΗΡΩΜΗΣ ΑΠΟΖΗΜΙΩΣΗ ΓΙΑ ΝΥΧΤΕΡΙΝΑ-ΕΞΑΙΡΕΣΙΜΑ-ΥΠΕΡΩΡ.ΑΠΑΣΧΟΛΗΣΗ (001628),,,865.13,anonymous sponsor (empty sponsorAFMName)
ΨΤΓ54690Β3-Ζ7Ο,2024-08-28,ΕΝΤΑΛΜΑ ΠΛΗΡΩΜΗΣ ΑΠΟΖΗΜΙΩΣΗ ΓΙΑ ΝΥΧΤΕΡΙΝΑ-ΕΞΑΙΡΕΣΙΜΑ-ΥΠΕΡΩΡ.ΑΠΑΣΧΟΛΗΣΗ (001628),,,1122.54,anonymous sponsor (empty sponsorAFMName)
ΨΖΕΔ4690Β3-5ΟΡ,2024-08-28,ΕΝΤΑΛΜΑ ΠΛΗΡΩΜΗΣ ΑΠΟΖΗΜΙΩΣΗ ΓΙΑ ΝΥΧΤΕΡΙΝΑ-ΕΞΑΙΡΕΣΙΜΑ-ΥΠΕΡΩΡ.ΑΠΑΣΧΟΛΗΣΗ (001628),,,3407.94,anonymous sponsor (empty sponsorAFMName)
Ψ2Ε24690Β3-10Ο,2024-08-28,ΕΝΤΑΛΜΑ ΠΛΗΡΩΜΗΣ ΑΠΟΖΗΜΙΩΣΗ ΓΙΑ ΝΥΧΤΕΡΙΝΑ-ΕΞΑΙΡΕΣΙΜΑ-ΥΠΕΡΩΡ.ΑΠΑΣΧΟΛΗΣΗ (001628),,,521.30,anonymous sponsor (empty sponsorAFMName)
ΨΡ2Σ4690Β3-ΘΝΑ,2024-08-28,ΕΝΤΑΛΜΑ ΠΛΗΡΩΜΗΣ ΑΠΟΖΗΜΙΩΣΗ ΓΙΑ ΝΥΧΤΕΡΙΝΑ-ΕΞΑΙΡΕΣΙΜΑ-ΥΠΕΡΩΡ.ΑΠΑΣΧΟΛΗΣΗ (001628),,,7417.46,anonymous sponsor (empty sponsorAFMName)
6Η204690Β3-ΝΧΚ,2024-08-28,ΕΝΤΑΛΜΑ ΠΛΗΡΩΜΗΣ ΑΠΟΖΗΜΙΩΣΗ ΓΙΑ ΝΥΧΤΕΡΙΝΑ-ΕΞΑΙΡΕΣΙΜΑ-ΥΠΕΡΩΡ.ΑΠΑΣΧΟΛΗΣΗ (001628),,,39.74,anonymous sponsor (empty sponsorAFMName)
92Ω34690Β3-ΦΑΘ,2024-08-28,ΕΝΤΑΛΜΑ ΠΛΗΡΩΜΗΣ ΑΠΟΖΗΜΙΩΣΗ ΕΦΗΜΕΡΙΩΝ (002535),,,3028.44,anonymous sponsor (empty sponsorAFMName)
69Ζ94690Β3-ΥΨΘ,2024-08-28,ΕΝΤΑΛΜΑ ΠΛΗΡΩΜΗΣ ΑΠΟΖΗΜΙΩΣΗ ΕΦΗΜΕΡΙΩΝ (002535),,,518.96,anonymous sponsor (empty sponsorAFMName)
ΨΔΡΠ4690Β3-ΨΜΕ,2024-08-28,ΕΝΤΑΛΜΑ ΠΛΗΡΩΜΗΣ ΑΠΟΖΗΜΙΩΣΗ ΕΦΗΜΕΡΙΩΝ (002535),,,22544.85,anonymous sponsor (empty sponsorAFMName)
ΨΕΒΗ4690Β3-6ΒΦ,2024-08-28,ΕΝΤΑΛΜΑ ΠΛΗΡΩΜΗΣ ΑΠΟΖΗΜΙΩΣΗ ΕΦΗΜΕΡΙΩΝ (002535),,,17870.62,anonymous sponsor (empty sponsorAFMName)
ΨΚ8Ν4690Β3-Ψ4Ι,2024-08-28,ΕΝΤΑΛΜΑ ΠΛΗΡΩΜΗΣ ΑΠΟΖΗΜΙΩΣΗ ΕΦΗΜΕΡΙΩΝ (002535),,,85695.86,anonymous sponsor (empty sponsorAFMName)
68ΣΟ4690Β3-ΩΑ2,2024-08-28,ΕΝΤΑΛΜΑ ΠΛΗΡΩΜΗΣ ΕΠΙΣΤΡΟΦΗ ΕΞΕΤ/ΤΡΩΝ ΛΟΓΩ ΝΟΣΗΛΕΙΑΣ (001633),,,9505.60,anonymous sponsor (empty sponsorAFMName)
ΨΡΝ74690Β3-Φ92,2024-08-28,ΕΝΤΑΛΜΑ ΠΛΗΡΩΜΗΣ ΕΠΙΚΟΥΡΙΚΟ ΝΟΣΗΛΕΥΤΙΚΟ-ΠΑΡΑΪΑΤΡΙΚΟ ΠΡΟΣΩΠΙΚΟ (000001634),,,1697.45,anonymous sponsor (empty sponsorAFMName)
91Λ14690Β3-0ΑΝ,2024-08-28,ΕΝΤΑΛΜΑ ΠΛΗΡΩΜΗΣ ΕΠΙΚΟΥΡΙΚΟ ΝΟΣΗΛΕΥΤΙΚΟ-ΠΑΡΑΪΑΤΡΙΚΟ ΠΡΟΣΩΠΙΚΟ (000001634),,,733.36,anonymous sponsor (empty sponsorAFMName)
ΨΨΣΕ4690Β3-8ΜΡ,2024-08-28,ΕΝΤΑΛΜΑ ΠΛΗΡΩΜΗΣ ΕΠΙΚΟΥΡΙΚΟ ΝΟΣΗΛΕΥΤΙΚΟ-ΠΑΡΑΪΑΤΡΙΚΟ ΠΡΟΣΩΠΙΚΟ (000001634),,,1696.59,anonymous sponsor (empty sponsorAFMName)
68ΝΖ4690Β3-ΜΜΞ,2024-08-28,ΕΝΤΑΛΜΑ ΠΛΗΡΩΜΗΣ ΕΠΙΚΟΥΡΙΚΟ ΝΟΣΗΛΕΥΤΙΚΟ-ΠΑΡΑΪΑΤΡΙΚΟ ΠΡΟΣΩΠΙΚΟ (000001634),,,107686.30,anonymous sponsor (empty sponsorAFMName)
Ψ3354690Β3-ΚΛ6,2024-08-28,ΕΝΤΑΛΜΑ ΠΛΗΡΩΜΗΣ EΠΙΚΟΥΡΙΚΟΙ ΙΑΤΡΟΙ Ε.Σ.Υ. (000001629),,,5886.67,anonymous sponsor (empty sponsorAFMName)
ΨΦ4Δ4690Β3-ΖΩΔ,2024-08-28,ΕΝΤΑΛΜΑ ΠΛΗΡΩΜΗΣ ΕΠΙΚΟΥΡΙΚΟ ΝΟΣΗΛΕΥΤΙΚΟ-ΠΑΡΑΪΑΤΡΙΚΟ ΠΡΟΣΩΠΙΚΟ (000001634),,,1768.75,anonymous sponsor (empty sponsorAFMName)
66ΥΝ4690Β3-5Ξ0,2024-08-28,ΕΝΤΑΛΜΑ ΠΛΗΡΩΜΗΣ ΕΠΙΚΟΥΡΙΚΟ ΝΟΣΗΛΕΥΤΙΚΟ-ΠΑΡΑΪΑΤΡΙΚΟ ΠΡΟΣΩΠΙΚΟ (000001634),,,42913.71,anonymous sponsor (empty sponsorAFMName)
6Υ6Π4690Β3-ΧΣ2,2024-08-28,ΕΝΤΑΛΜΑ ΠΛΗΡΩΜΗΣ EΠΙΚΟΥΡΙΚΟΙ ΙΑΤΡΟΙ Ε.Σ.Υ. (000001629),,,55482.77,anonymous sponsor (empty sponsorAFMName)
ΨΙΞΩ4690Β3-ΘΣΜ,2024-08-28,ΕΝΤΑΛΜΑ ΠΛΗΡΩΜΗΣ ΕΠΟΧΙΚΟ ΠΡΟΣΩΠΙΚΟ ΚΑΘΑΡΙΟΤΗΤΑΣ (999111999),,,32133.92,anonymous sponsor (empty sponsorAFMName)
65ΧΠ4690Β3-ΧΩΜ,2024-08-21,ΕΝΤΑΛΜΑ ΠΛΗΡΩΜΗΣ DRAEGER HELLAS A.E (997799268),,,7536.10,anonymous sponsor (empty sponsorAFMName)
6ΓΜΨ4690Β3-Σ53,2024-08-14,ΕΝΤΑΛΜΑ ΠΛΗΡΩΜΗΣ ΚΟΙΝΟΧΡΗΣΤΑ (001648),,,163.56,anonymous sponsor (empty sponsorAFMName)
6Γ4Π4690Β3-ΧΘΖ,2024-08-07,ΕΝΤΑΛΜΑ ΠΛΗΡΩΜΗΣ ΑΠΟΖΗΜΙΩΣΗ ΕΦΗΜΕΡΙΩΝ (002535),,,173.70,anonymous sponsor (empty sponsorAFMName)
9Ω4Ψ4690Β3-ΥΧΟ,2024-08-07,ΕΝΤΑΛΜΑ ΠΛΗΡΩΜΗΣ ΑΠΟΖΗΜΙΩΣΗ ΕΦΗΜΕΡΙΩΝ (002535),,,1392.97,anonymous sponsor (empty sponsorAFMName)
6Υ1Ψ4690Β3-ΦΚΜ,2024-08-07,ΕΝΤΑΛΜΑ ΠΛΗΡΩΜΗΣ ΑΠΟΖΗΜΙΩΣΗ ΕΦΗΜΕΡΙΩΝ (002535),,,1347.16,anonymous sponsor (empty sponsorAFMName)
ΨΧΜ04690Β3-ΛΡΒ,2024-08-07,ΕΝΤΑΛΜΑ ΠΛΗΡΩΜΗΣ ΑΠΟΖΗΜΙΩΣΗ ΕΦΗΜΕΡΙΩΝ (002535),,,13441.70,anonymous sponsor (empty sponsorAFMName)
6Ζ3Ρ4690Β3-ΛΚΣ,2024-08-05,ΕΝΤΑΛΜΑ ΠΛΗΡΩΜΗΣ ΑΜΟΙΒΕΣ ΙΑΤΡΙΚΟΥ ΠΡΟΣΩΠΙΚΟΥ ΛΕΙΤΟΥΡΓΙΑΣ ΑΠΟΓΕΥΜΑΤΙΝΩΝ ΙΑΤΡΕΙΩΝ (210923000),,,1967.17,anonymous sponsor (empty sponsorAFMName)
ΨΑΔΚ4690Β3-ΝΝΚ,2024-08-05,ΕΝΤΑΛΜΑ ΠΛΗΡΩΜΗΣ ΑΜΟΙΒΕΣ ΔΙΟΙΚΗΤΙΚΟΥ   ΛΟΙΠΟΥ ΠΡΟΣΩΠΙΚΟΥ ΛΕΙΤΟΥΡΓΙΑΣ ΑΠΟΓΕΥΜΑΤΙΝΩΝ ΙΑΤΡΕΙΩΝ (55831111),,,900.00,anonymous sponsor (empty sponsorAFMName)
ΡΚΓΝ4690Β3-ΘΓΟ,2024-08-05,ΕΝΤΑΛΜΑ ΠΛΗΡΩΜΗΣ ΑΜΟΙΒΕΣ ΙΑΤΡΙΚΟΥ ΠΡΟΣΩΠΙΚΟΥ ΛΕΙΤΟΥΡΓΙΑΣ ΑΠΟΓΕΥΜΑΤΙΝΩΝ ΙΑΤΡΕΙΩΝ (210923000),,,1789.70,anonymous sponsor (empty sponsorAFMName)
9ΡΑ94690Β3-Δ3Γ,2024-08-05,ΕΝΤΑΛΜΑ ΠΛΗΡΩΜΗΣ ΑΜΟΙΒΕΣ ΔΙΟΙΚΗΤΙΚΟΥ   ΛΟΙΠΟΥ ΠΡΟΣΩΠΙΚΟΥ ΛΕΙΤΟΥΡΓΙΑΣ ΑΠΟΓΕΥΜΑΤΙΝΩΝ ΙΑΤΡΕΙΩΝ (55831111),,,750.00,anonymous sponsor (empty sponsorAFMName)
6ΑΣΑ4690Β3-7ΔΧ,2024-08-01,ΕΝΤΑΛΜΑ ΠΛΗΡΩΜΗΣ ΑΠΟΖΗΜΙΩΣΗ ΓΙΑ ΝΥΧΤΕΡΙΝΑ-ΕΞΑΙΡΕΣΙΜΑ-ΥΠΕΡΩΡ.ΑΠΑΣΧΟΛΗΣΗ (001628),,,99.32,anonymous sponsor (empty sponsorAFMName)
ΨΥΑΛ4690Β3-Υ99,2024-08-01,ΕΝΤΑΛΜΑ ΠΛΗΡΩΜΗΣ ΑΠΟΖΗΜΙΩΣΗ ΓΙΑ ΝΥΧΤΕΡΙΝΑ-ΕΞΑΙΡΕΣΙΜΑ-ΥΠΕΡΩΡ.ΑΠΑΣΧΟΛΗΣΗ (001628),,,650.41,anonymous sponsor (empty sponsorAFMName)
6ΚΜΨ4690Β3-ΑΕΧ,2024-08-01,ΕΝΤΑΛΜΑ ΠΛΗΡΩΜΗΣ ΑΠΟΖΗΜΙΩΣΗ ΓΙΑ ΝΥΧΤΕΡΙΝΑ-ΕΞΑΙΡΕΣΙΜΑ-ΥΠΕΡΩΡ.ΑΠΑΣΧΟΛΗΣΗ (001628),,,8426.15,anonymous sponsor (empty sponsorAFMName)
ΨΓ964690Β3-0ΕΟ,2024-08-01,ΕΝΤΑΛΜΑ ΠΛΗΡΩΜΗΣ ΑΠΟΖΗΜΙΩΣΗ ΓΙΑ ΝΥΧΤΕΡΙΝΑ-ΕΞΑΙΡΕΣΙΜΑ-ΥΠΕΡΩΡ.ΑΠΑΣΧΟΛΗΣΗ (001628),,,181.26,anonymous sponsor (empty sponsorAFMName)
ΨΧΨΦ4690Β3-5ΞΕ,2024-08-01,ΕΝΤΑΛΜΑ ΠΛΗΡΩΜΗΣ ΑΠΟΖΗΜΙΩΣΗ ΓΙΑ ΝΥΧΤΕΡΙΝΑ-ΕΞΑΙΡΕΣΙΜΑ-ΥΠΕΡΩΡ.ΑΠΑΣΧΟΛΗΣΗ (001628),,,1015.03,anonymous sponsor (empty sponsorAFMName)
6ΕΞ04690Β3-ΦΕΗ,2024-08-01,ΕΝΤΑΛΜΑ ΠΛΗΡΩΜΗΣ ΑΠΟΖΗΜΙΩΣΗ ΓΙΑ ΝΥΧΤΕΡΙΝΑ-ΕΞΑΙΡΕΣΙΜΑ-ΥΠΕΡΩΡ.ΑΠΑΣΧΟΛΗΣΗ (001628),,,871.10,anonymous sponsor (empty sponsorAFMName)
9ΝΒ64690Β3-ΙΙ6,2024-08-01,ΕΝΤΑΛΜΑ ΠΛΗΡΩΜΗΣ ΑΠΟΖΗΜΙΩΣΗ ΓΙΑ ΝΥΧΤΕΡΙΝΑ-ΕΞΑΙΡΕΣΙΜΑ-ΥΠΕΡΩΡ.ΑΠΑΣΧΟΛΗΣΗ (001628),,,4098.17,anonymous sponsor (empty sponsorAFMName)
6ΖΧΔ4690Β3-ΒΑ4,2024-08-01,ΕΝΤΑΛΜΑ ΠΛΗΡΩΜΗΣ ΑΠΟΖΗΜΙΩΣΗ ΕΦΗΜΕΡΙΩΝ (002535),,,195.40,anonymous sponsor (empty sponsorAFMName)
ΨΗ2Τ4690Β3-ΦΜΙ,2024-08-01,ΕΝΤΑΛΜΑ ΠΛΗΡΩΜΗΣ ΑΠΟΖΗΜΙΩΣΗ ΕΦΗΜΕΡΙΩΝ (002535),,,943.60,anonymous sponsor (empty sponsorAFMName)
ΨΔΖΡ4690Β3-ΩΨΠ,2024-08-01,ΕΝΤΑΛΜΑ ΠΛΗΡΩΜΗΣ ΑΠΟΖΗΜΙΩΣΗ ΕΦΗΜΕΡΙΩΝ (002535),,,174.90,anonymous sponsor (empty sponsorAFMName)
9ΠΗΖ4690Β3-ΤΞΡ,2024-08-01,ΕΝΤΑΛΜΑ ΠΛΗΡΩΜΗΣ ΑΠΟΖΗΜΙΩΣΗ ΕΦΗΜΕΡΙΩΝ (002535),,,13020.56,anonymous sponsor (empty sponsorAFMName)
9ΙΞΠ4690Β3-ΗΑ6,2024-08-01,ΕΝΤΑΛΜΑ ΠΛΗΡΩΜΗΣ ΑΠΟΖΗΜΙΩΣΗ ΓΙΑ ΝΥΧΤΕΡΙΝΑ-ΕΞΑΙΡΕΣΙΜΑ-ΥΠΕΡΩΡ.ΑΠΑΣΧΟΛΗΣΗ (001628),,,1567.58,anonymous sponsor (empty sponsorAFMName)
6Λ6Λ4690Β3-ΒΛΤ,2024-08-01,ΕΝΤΑΛΜΑ ΠΛΗΡΩΜΗΣ ΑΠΟΖΗΜΙΩΣΗ ΓΙΑ ΝΥΧΤΕΡΙΝΑ-ΕΞΑΙΡΕΣΙΜΑ-ΥΠΕΡΩΡ.ΑΠΑΣΧΟΛΗΣΗ (001628),,,457.05,anonymous sponsor (empty sponsorAFMName)
9Υ0Τ4690Β3-ΒΡ5,2024-08-01,ΕΝΤΑΛΜΑ ΠΛΗΡΩΜΗΣ ΑΠΟΖΗΜΙΩΣΗ ΓΙΑ ΝΥΧΤΕΡΙΝΑ-ΕΞΑΙΡΕΣΙΜΑ-ΥΠΕΡΩΡ.ΑΠΑΣΧΟΛΗΣΗ (001628),,,221.06,anonymous sponsor (empty sponsorAFMName)
ΨΞΠ84690Β3-Δ94,2024-08-01,ΕΝΤΑΛΜΑ ΠΛΗΡΩΜΗΣ ΑΠΟΖΗΜΙΩΣΗ ΓΙΑ ΝΥΧΤΕΡΙΝΑ-ΕΞΑΙΡΕΣΙΜΑ-ΥΠΕΡΩΡ.ΑΠΑΣΧΟΛΗΣΗ (001628),,,126.06,anonymous sponsor (empty sponsorAFMName)
94ΛΦ4690Β3-73Γ,2024-08-01,ΕΝΤΑΛΜΑ ΠΛΗΡΩΜΗΣ ΑΠΟΖΗΜΙΩΣΗ ΓΙΑ ΝΥΧΤΕΡΙΝΑ-ΕΞΑΙΡΕΣΙΜΑ-ΥΠΕΡΩΡ.ΑΠΑΣΧΟΛΗΣΗ (001628),,,2048.54,anonymous sponsor (empty sponsorAFMName)
9Ρ0Ψ4690Β3-ΘΡΟ,2024-08-01,ΕΝΤΑΛΜΑ ΠΛΗΡΩΜΗΣ ΑΠΟΖΗΜΙΩΣΗ ΓΙΑ ΝΥΧΤΕΡΙΝΑ-ΕΞΑΙΡΕΣΙΜΑ-ΥΠΕΡΩΡ.ΑΠΑΣΧΟΛΗΣΗ (001628),,,460.80,anonymous sponsor (empty sponsorAFMName)
ΨΞ9Ψ4690Β3-Ζ39,2024-08-01,ΕΝΤΑΛΜΑ ΠΛΗΡΩΜΗΣ ΑΠΟΖΗΜΙΩΣΗ ΓΙΑ ΝΥΧΤΕΡΙΝΑ-ΕΞΑΙΡΕΣΙΜΑ-ΥΠΕΡΩΡ.ΑΠΑΣΧΟΛΗΣΗ (001628),,,1188.53,anonymous sponsor (empty sponsorAFMName)
ΨΛΣΚ4690Β3-Σ95,2024-08-01,ΕΝΤΑΛΜΑ ΠΛΗΡΩΜΗΣ ΑΠΟΖΗΜΙΩΣΗ ΓΙΑ ΝΥΧΤΕΡΙΝΑ-ΕΞΑΙΡΕΣΙΜΑ-ΥΠΕΡΩΡ.ΑΠΑΣΧΟΛΗΣΗ (001628),,,753.88,anonymous sponsor (empty sponsorAFMName)
6ΣΤ54690Β3-ΗΒΓ,2024-08-01,ΕΝΤΑΛΜΑ ΠΛΗΡΩΜΗΣ ΑΠΟΖΗΜΙΩΣΗ ΓΙΑ ΝΥΧΤΕΡΙΝΑ-ΕΞΑΙΡΕΣΙΜΑ-ΥΠΕΡΩΡ.ΑΠΑΣΧΟΛΗΣΗ (001628),,,614.51,anonymous sponsor (empty sponsorAFMName)
66Α44690Β3-9Δ9,2024-08-01,ΕΝΤΑΛΜΑ ΠΛΗΡΩΜΗΣ ΑΠΟΖΗΜΙΩΣΗ ΓΙΑ ΝΥΧΤΕΡΙΝΑ-ΕΞΑΙΡΕΣΙΜΑ-ΥΠΕΡΩΡ.ΑΠΑΣΧΟΛΗΣΗ (001628),,,2369.33,anonymous sponsor (empty sponsorAFMName)
69ΨΑ4690Β3-Ψ10,2024-08-01,ΕΝΤΑΛΜΑ ΠΛΗΡΩΜΗΣ ΑΠΟΖΗΜΙΩΣΗ ΓΙΑ ΝΥΧΤΕΡΙΝΑ-ΕΞΑΙΡΕΣΙΜΑ-ΥΠΕΡΩΡ.ΑΠΑΣΧΟΛΗΣΗ (001628),,,3680.22,anonymous sponsor (empty sponsorAFMName)
9ΗΣ24690Β3-Ρ41,2024-08-01,ΕΝΤΑΛΜΑ ΠΛΗΡΩΜΗΣ ΑΠΟΖΗΜΙΩΣΗ ΓΙΑ ΝΥΧΤΕΡΙΝΑ-ΕΞΑΙΡΕΣΙΜΑ-ΥΠΕΡΩΡ.ΑΠΑΣΧΟΛΗΣΗ (001628),,,743.27,anonymous sponsor (empty sponsorAFMName)
ΨΥΒΞ4690Β3-ΛΗΘ,2024-08-01,ΕΝΤΑΛΜΑ ΠΛΗΡΩΜΗΣ ΑΠΟΖΗΜΙΩΣΗ ΓΙΑ ΝΥΧΤΕΡΙΝΑ-ΕΞΑΙΡΕΣΙΜΑ-ΥΠΕΡΩΡ.ΑΠΑΣΧΟΛΗΣΗ (001628),,,5898.46,anonymous sponsor (empty sponsorAFMName)
6ΝΨΖ4690Β3-Ω99,2024-08-01,ΕΝΤΑΛΜΑ ΠΛΗΡΩΜΗΣ ΑΠΟΖΗΜΙΩΣΗ ΓΙΑ ΝΥΧΤΕΡΙΝΑ-ΕΞΑΙΡΕΣΙΜΑ-ΥΠΕΡΩΡ.ΑΠΑΣΧΟΛΗΣΗ (001628),,,1547.79,anonymous sponsor (empty sponsorAFMName)
6ΛΞΥ4690Β3-ΣΟΗ,2024-08-01,ΕΝΤΑΛΜΑ ΠΛΗΡΩΜΗΣ ΑΠΟΖΗΜΙΩΣΗ ΓΙΑ ΝΥΧΤΕΡΙΝΑ-ΕΞΑΙΡΕΣΙΜΑ-ΥΠΕΡΩΡ.ΑΠΑΣΧΟΛΗΣΗ (001628),,,7836.01,anonymous sponsor (empty sponsorAFMName)
6Κ1Η4690Β3-Λ4Ρ,2024-08-01,ΕΝΤΑΛΜΑ ΠΛΗΡΩΜΗΣ ΑΠΟΖΗΜΙΩΣΗ ΓΙΑ ΝΥΧΤΕΡΙΝΑ-ΕΞΑΙΡΕΣΙΜΑ-ΥΠΕΡΩΡ.ΑΠΑΣΧΟΛΗΣΗ (001628),,,10979.24,anonymous sponsor (empty sponsorAFMName)
6ΤΞΝ4690Β3-ΓΚ3,2024-08-01,ΕΝΤΑΛΜΑ ΠΛΗΡΩΜΗΣ ΑΠΟΖΗΜΙΩΣΗ ΓΙΑ ΝΥΧΤΕΡΙΝΑ-ΕΞΑΙΡΕΣΙΜΑ-ΥΠΕΡΩΡ.ΑΠΑΣΧΟΛΗΣΗ (001628),,,1667.80,anonymous sponsor (empty sponsorAFMName)
6Ν2Ω4690Β3-ΤΚΜ,2024-08-01,ΕΝΤΑΛΜΑ ΠΛΗΡΩΜΗΣ ΑΠΟΖΗΜΙΩΣΗ ΓΙΑ ΝΥΧΤΕΡΙΝΑ-ΕΞΑΙΡΕΣΙΜΑ-ΥΠΕΡΩΡ.ΑΠΑΣΧΟΛΗΣΗ (001628),,,7743.33,anonymous sponsor (empty sponsorAFMName)
ΨΙ1Η4690Β3-Μ0Φ,2024-08-01,ΕΝΤΑΛΜΑ ΠΛΗΡΩΜΗΣ ΑΠΟΖΗΜΙΩΣΗ ΓΙΑ ΝΥΧΤΕΡΙΝΑ-ΕΞΑΙΡΕΣΙΜΑ-ΥΠΕΡΩΡ.ΑΠΑΣΧΟΛΗΣΗ (001628),,,5502.07,anonymous sponsor (empty sponsorAFMName)
ΨΨΑΦ4690Β3-ΤΝ8,2024-08-01,ΕΝΤΑΛΜΑ ΠΛΗΡΩΜΗΣ ΑΠΟΖΗΜΙΩΣΗ ΕΦΗΜΕΡΙΩΝ (002535),,,2689.31,anonymous sponsor (empty sponsorAFMName)
6ΦΦΝ4690Β3-ΠΚ4,2024-08-01,ΕΝΤΑΛΜΑ ΠΛΗΡΩΜΗΣ ΑΠΟΖΗΜΙΩΣΗ ΕΦΗΜΕΡΙΩΝ (002535),,,2702.73,anonymous sponsor (empty sponsorAFMName)
6Φ1Κ4690Β3-ΠΓΦ,2024-08-01,ΕΝΤΑΛΜΑ ΠΛΗΡΩΜΗΣ ΑΠΟΖΗΜΙΩΣΗ ΕΦΗΜΕΡΙΩΝ (002535),,,23698.22,anonymous sponsor (empty sponsorAFMName)
ΨΘΑΞ4690Β3-ΝΦΞ,2024-08-01,ΕΝΤΑΛΜΑ ΠΛΗΡΩΜΗΣ ΑΠΟΖΗΜΙΩΣΗ ΕΦΗΜΕΡΙΩΝ (002535),,,434.38,anonymous sponsor (empty sponsorAFMName)
ΨΤΗΘ4690Β3-Ε27,2024-08-01,ΕΝΤΑΛΜΑ ΠΛΗΡΩΜΗΣ ΑΠΟΖΗΜΙΩΣΗ ΕΦΗΜΕΡΙΩΝ (002535),,,1148.74,anonymous sponsor (empty sponsorAFMName)
6ΤΣΘ4690Β3-ΤΦ1,2024-08-01,ΕΝΤΑΛΜΑ ΠΛΗΡΩΜΗΣ ΑΠΟΖΗΜΙΩΣΗ ΕΦΗΜΕΡΙΩΝ (002535),,,85943.89,anonymous sponsor (empty sponsorAFMName)
9Ε214690Β3-6ΓΥ,2024-07-31,ΕΝΤΑΛΜΑ ΠΛΗΡΩΜΗΣ ΕΠΟΧΙΚΟ ΠΡΟΣΩΠΙΚΟ ΚΑΘΑΡΙΟΤΗΤΑΣ (999111999),,,31624.36,anonymous sponsor (empty sponsorAFMName)
9Α6Μ4690Β3-4ΤΕ,2024-07-31,ΕΝΤΑΛΜΑ ΠΛΗΡΩΜΗΣ ΕΠΙΚΟΥΡΙΚΟ ΝΟΣΗΛΕΥΤΙΚΟ-ΠΑΡΑΪΑΤΡΙΚΟ ΠΡΟΣΩΠΙΚΟ (000001634),,,2453.54,anonymous sponsor (empty sponsorAFMName)
ΡΩΧ74690Β3-ΙΚΣ,2024-07-31,ΕΝΤΑΛΜΑ ΠΛΗΡΩΜΗΣ ΕΠΙΚΟΥΡΙΚΟ ΝΟΣΗΛΕΥΤΙΚΟ-ΠΑΡΑΪΑΤΡΙΚΟ ΠΡΟΣΩΠΙΚΟ (000001634),,,1677.45,anonymous sponsor (empty sponsorAFMName)
ΨΝ9Δ4690Β3-ΙΞΛ,2024-07-31,ΕΝΤΑΛΜΑ ΠΛΗΡΩΜΗΣ EΠΙΚΟΥΡΙΚΟΙ ΙΑΤΡΟΙ Ε.Σ.Υ. (000001629),,,5846.67,anonymous sponsor (empty sponsorAFMName)
Ψ7ΜΙ4690Β3-Λ8Β,2024-07-31,ΕΝΤΑΛΜΑ ΠΛΗΡΩΜΗΣ ΕΠΙΚΟΥΡΙΚΟ ΝΟΣΗΛΕΥΤΙΚΟ-ΠΑΡΑΪΑΤΡΙΚΟ ΠΡΟΣΩΠΙΚΟ (000001634),,,1676.59,anonymous sponsor (empty sponsorAFMName)
9Ν624690Β3-ΕΑΛ,2024-07-31,ΕΝΤΑΛΜΑ ΠΛΗΡΩΜΗΣ ΕΠΙΚΟΥΡΙΚΟ ΝΟΣΗΛΕΥΤΙΚΟ-ΠΑΡΑΪΑΤΡΙΚΟ ΠΡΟΣΩΠΙΚΟ (000001634),,,110170.40,anonymous sponsor (empty sponsorAFMName)
9Β0Σ4690Β3-ΒΜΡ,2024-07-31,ΕΝΤΑΛΜΑ ΠΛΗΡΩΜΗΣ INNOVIS PHARMA Α.Ε.Β.Ε. (ΠΡΩΗΝ ΦΑΡΜΑΤΕΝ ΕΛΛΑΣ ΑΕΒΕ) (998381010),,,978.48,anonymous sponsor (empty sponsorAFMName)
683Κ4690Β3-ΦΓΡ,2024-07-31,ΕΝΤΑΛΜΑ ΠΛΗΡΩΜΗΣ ΒΙΟΣΕΡ ΑΕ (094035927),,,18738.66,anonymous sponsor (empty sponsorAFMName)
6ΙΞΖ4690Β3-0ΚΒ,2024-07-31,ΕΝΤΑΛΜΑ ΠΛΗΡΩΜΗΣ ΕΠΙΚΟΥΡΙΚΟ ΝΟΣΗΛΕΥΤΙΚΟ-ΠΑΡΑΪΑΤΡΙΚΟ ΠΡΟΣΩΠΙΚΟ (000001634),,,1748.75,anonymous sponsor (empty sponsorAFMName)
ΨΕΓΓ4690Β3-ΟΦΛ,2024-07-31,ΕΝΤΑΛΜΑ ΠΛΗΡΩΜΗΣ ΕΠΙΚΟΥΡΙΚΟ ΝΟΣΗΛΕΥΤΙΚΟ-ΠΑΡΑΪΑΤΡΙΚΟ ΠΡΟΣΩΠΙΚΟ (000001634),,,1673.73,anonymous sponsor (empty sponsorAFMName)
9ΦΑ04690Β3-ΩΓ7,2024-07-31,ΕΝΤΑΛΜΑ ΠΛΗΡΩΜΗΣ ΕΠΙΚΟΥΡΙΚΟ ΝΟΣΗΛΕΥΤΙΚΟ-ΠΑΡΑΪΑΤΡΙΚΟ ΠΡΟΣΩΠΙΚΟ (000001634),,,45362.26,anonymous sponsor (empty sponsorAFMName)
ΨΕ524690Β3-4Ο2,2024-07-31,ΕΝΤΑΛΜΑ ΠΛΗΡΩΜΗΣ EΠΙΚΟΥΡΙΚΟΙ ΙΑΤΡΟΙ Ε.Σ.Υ. (000001629),,,56395.49,anonymous sponsor (empty sponsorAFMName)
68ΤΒ4690Β3-Γ52,2024-07-29,ΕΝΤΑΛΜΑ ΠΛΗΡΩΜΗΣ ΚΡΑΤ.3391-54.03.00.0001 Φ.Μ.Υ. (001512),,,109.72,anonymous sponsor (empty sponsorAFMName)
6ΡΜΣ4690Β3-1ΡΜ,2024-07-29,ΕΝΤΑΛΜΑ ΠΛΗΡΩΜΗΣ ΚΡΑΤ.3391-54.03.00.0001 Φ.Μ.Υ. (001512),,,293.04,anonymous sponsor (empty sponsorAFMName)
6ΚΡΞ4690Β3-ΨΛΞ,2024-07-29,ΕΝΤΑΛΜΑ ΠΛΗΡΩΜΗΣ ΕΙΣΦΟΡΕΣ ΑΠΑΣΧ/ΝΩΝ ΟΑΕΔ ΜΕΣΩ ΠΡΟΓ. ΚΟΙΝΩΦ. ΧΑΡΑΚΤΗΡΑ (),,,2057.08,anonymous sponsor (empty sponsorAFMName)
Ψ2ΤΛ4690Β3-ΗΗΣ,2024-07-29,ΕΝΤΑΛΜΑ ΠΛΗΡΩΜΗΣ ΕΙΣΦΟΡΕΣ ΑΠΑΣΧ/ΝΩΝ ΟΑΕΔ ΜΕΣΩ ΠΡΟΓ. ΚΟΙΝΩΦ. ΧΑΡΑΚΤΗΡΑ (),,,5022.23,anonymous sponsor (empty sponsorAFMName)
ΨΡΨΖ4690Β3-Ε79,2024-07-29,ΕΝΤΑΛΜΑ ΠΛΗΡΩΜΗΣ ΚΡΑΤ.3391-54.04.02.0001 Χ/ΜΑ και ΟΓΑ Χ/ΜΩΝ (),,,1.07,anonymous sponsor (empty sponsorAFMName)
ΨΠΝ84690Β3-ΚΜΕ,2024-07-29,ΕΝΤΑΛΜΑ ΠΛΗΡΩΜΗΣ ΚΡΑΤ.3391-53.20.00.0001 ΕΛΛΗΝΙΚΟ ΔΗΜΟΣΙΟ (001506),,,605.45,anonymous sponsor (empty sponsorAFMName)
ΨΓ3Κ4690Β3-Σ1Λ,2024-07-29,ΕΝΤΑΛΜΑ ΠΛΗΡΩΜΗΣ ΚΡΑΤ.3391-53.20.00.0001 ΕΛΛΗΝΙΚΟ ΔΗΜΟΣΙΟ (001506),,,30.32,anonymous sponsor (empty sponsorAFMName)
6ΖΨΟ4690Β3-ΤΦΕ,2024-07-29,ΕΝΤΑΛΜΑ ΠΛΗΡΩΜΗΣ ΚΡΑΤ.3391-54.04.02.0001 Χ/ΜΑ και ΟΓΑ Χ/ΜΩΝ (),,,21.60,anonymous sponsor (empty sponsorAFMName)
ΨΥΗΗ4690Β3-7ΚΤ,2024-07-29,ΕΝΤΑΛΜΑ ΠΛΗΡΩΜΗΣ ΚΡΑΤ.3391-54.09.14.0001 ΦΟΡΟΣ ΠΡΟΜΗΘΕΥΤΩΝ (001510),,,21841.69,anonymous sponsor (empty sponsorAFMName)
ΨΔΥΓ4690Β3-Β0Ε,2024-07-29,ΕΝΤΑΛΜΑ ΠΛΗΡΩΜΗΣ ΚΡΑΤ.3391-53.20.00.0001 ΕΛΛΗΝΙΚΟ ΔΗΜΟΣΙΟ (001506),,,8287.95,anonymous sponsor (empty sponsorAFMName)
ΨΓΑ04690Β3-ΩΕΧ,2024-07-29,ΕΝΤΑΛΜΑ ΠΛΗΡΩΜΗΣ ΚΡΑΤ.3391-53.20.00.0001 ΕΛΛΗΝΙΚΟ ΔΗΜΟΣΙΟ (001506),,,27.06,anonymous sponsor (empty sponsorAFMName)
ΨΙ3Γ4690Β3-ΣΧ6,2024-07-29,ΕΝΤΑΛΜΑ ΠΛΗΡΩΜΗΣ ΚΡΑΤ.3391-53.20.00.0001 ΕΛΛΗΝΙΚΟ ΔΗΜΟΣΙΟ (001506),,,362.80,anonymous sponsor (empty sponsorAFMName)
ΨΠΡΡ4690Β3-ΛΨΔ,2024-07-29,ΕΝΤΑΛΜΑ ΠΛΗΡΩΜΗΣ ΚΡΑΤ.3391-53.20.00.0001 ΕΛΛΗΝΙΚΟ ΔΗΜΟΣΙΟ (001506),,,247.82,anonymous sponsor (empty sponsorAFMName)
967Τ4690Β3-Δ8Λ,2024-07-26,ΕΝΤΑΛΜΑ ΠΛΗΡΩΜΗΣ ΚΩΝΣΤΑΝΤΙΝΟΣ ΑΝΑΣΤΟΠΟΥΛΟΣ-ΑΙΚΑΤΕΡΙΝΗ ΝΑΤΣΗ Ο.Ε. (800544921),,,1612.00,anonymous sponsor (empty sponsorAFMName)
ΨΚΩ24690Β3-ΜΡ5,2024-07-26,ΕΝΤΑΛΜΑ ΠΛΗΡΩΜΗΣ ΚΩΝΣΤΑΝΤΙΝΟΣ ΑΝΑΣΤΟΠΟΥΛΟΣ-ΑΙΚΑΤΕΡΙΝΗ ΝΑΤΣΗ Ο.Ε. (800544921),,,1612.00,anonymous sponsor (empty sponsorAFMName)
9Σ9Ξ4690Β3-6Η9,2024-07-25,ΕΝΤΑΛΜΑ ΠΛΗΡΩΜΗΣ LUNDBECK HELLAS S.A (094434000),,,864.74,anonymous sponsor (empty sponsorAFMName)
ΨΥΗΞ4690Β3-1ΔΞ,2024-07-25,ΕΝΤΑΛΜΑ ΠΛΗΡΩΜΗΣ ΚΡΑΤ.3391-53.20.00.0001 ΕΛΛΗΝΙΚΟ ΔΗΜΟΣΙΟ (001506),,,148645.08,anonymous sponsor (empty sponsorAFMName)
9ΩΖΨ4690Β3-5ΒΞ,2024-07-22,ΕΝΤΑΛΜΑ ΠΛΗΡΩΜΗΣ DRAEGER HELLAS A.E (997799268),,,17376.23,anonymous sponsor (empty sponsorAFMName)
ΨΕ1Α4690Β3-ΨΤΡ,2024-07-19,ΕΝΤΑΛΜΑ ΠΛΗΡΩΜΗΣ ΚΕΡΚΥΡΑΪΚΗ ΕΤΑΙΡΕΙΑ ΚΡΕΑΤΩΝ ΑΕ (099346780),,,14315.60,anonymous sponsor (empty sponsorAFMName)
ΨΔΡΤ4690Β3-4ΝΝ,2024-07-16,ΕΝΤΑΛΜΑ ΠΛΗΡΩΜΗΣ ΚΕΡΚΥΡΑΪΚΗ ΕΤΑΙΡΕΙΑ ΚΡΕΑΤΩΝ ΑΕ (099346780),,,1169.26,anonymous sponsor (empty sponsorAFMName)
6ΛΣ74690Β3-4ΓΥ,2024-07-16,ΕΝΤΑΛΜΑ ΠΛΗΡΩΜΗΣ DRAEGER HELLAS A.E (997799268),,,18.60,anonymous sponsor (empty sponsorAFMName)
ΨΨ3Ε4690Β3-7ΟΥ,2024-07-16,ΕΝΤΑΛΜΑ ΠΛΗΡΩΜΗΣ ΒΙΟΗΛΕΚΤΡΟΝΙΚΗ Ι.Κ.Ε. (800780179),,,1205.28,anonymous sponsor (empty sponsorAFMName)
92ΛΗ4690Β3-ΝΧΑ,2024-07-16,ΕΝΤΑΛΜΑ ΠΛΗΡΩΜΗΣ DRAEGER HELLAS A.E (997799268),,,483.60,anonymous sponsor (empty sponsorAFMName)
66Ο04690Β3-ΡΣΕ,2024-07-04,ΕΝΤΑΛΜΑ ΠΛΗΡΩΜΗΣ ΚΕΡΚΥΡΑΪΚΗ ΕΤΑΙΡΕΙΑ ΚΡΕΑΤΩΝ ΑΕ (099346780),,,4581.45,anonymous sponsor (empty sponsorAFMName)
Ψ6ΦΒ4690Β3-ΒΟΡ,2024-07-04,ΕΝΤΑΛΜΑ ΠΛΗΡΩΜΗΣ ΚΕΡΚΥΡΑΪΚΗ ΕΤΑΙΡΕΙΑ ΚΡΕΑΤΩΝ ΑΕ (099346780),,,3924.20,anonymous sponsor (empty sponsorAFMName)
6Λ574690Β3-Υ76,2024-07-04,ΕΝΤΑΛΜΑ ΠΛΗΡΩΜΗΣ ΚΡΑΤ.3391-53.20.00.0001 ΕΛΛΗΝΙΚΟ ΔΗΜΟΣΙΟ (001506),,,350.00,anonymous sponsor (empty sponsorAFMName)
ΨΗΤΠ4690Β3-40Β,2024-07-04,ΕΝΤΑΛΜΑ ΠΛΗΡΩΜΗΣ ΚΡΑΤ.3391-54.04.00.0001 ΦΟΡΟΣ ΕΛΕΥΘΕΡ.ΕΠΑΓΓΕΛΜΑΤ (),,,2269.23,anonymous sponsor (empty sponsorAFMName)
Ψ8ΔΦ4690Β3-Θ3Ε,2024-07-02,ΕΝΤΑΛΜΑ ΠΛΗΡΩΜΗΣ ΕΠΟΧΙΚΟ ΠΡΟΣΩΠΙΚΟ ΚΑΘΑΡΙΟΤΗΤΑΣ (999111999),,,33054.21,anonymous sponsor (empty sponsorAFMName)
697Ρ4690Β3-269,2024-07-01,ΕΝΤΑΛΜΑ ΠΛΗΡΩΜΗΣ ΑΠΟΖΗΜΙΩΣΗ ΓΙΑ ΝΥΧΤΕΡΙΝΑ-ΕΞΑΙΡΕΣΙΜΑ-ΥΠΕΡΩΡ.ΑΠΑΣΧΟΛΗΣΗ (001628),,,150.88,anonymous sponsor (empty sponsorAFMName)
9Ω3Α4690Β3-3ΡΔ,2024-07-01,ΕΝΤΑΛΜΑ ΠΛΗΡΩΜΗΣ ΑΠΟΖΗΜΙΩΣΗ ΓΙΑ ΝΥΧΤΕΡΙΝΑ-ΕΞΑΙΡΕΣΙΜΑ-ΥΠΕΡΩΡ.ΑΠΑΣΧΟΛΗΣΗ (001628),,,592.83,anonymous sponsor (empty sponsorAFMName)
Ρ3ΨΟ4690Β3-ΒΧ2,2024-07-01,ΕΝΤΑΛΜΑ ΠΛΗΡΩΜΗΣ ΑΠΟΖΗΜΙΩΣΗ ΓΙΑ ΝΥΧΤΕΡΙΝΑ-ΕΞΑΙΡΕΣΙΜΑ-ΥΠΕΡΩΡ.ΑΠΑΣΧΟΛΗΣΗ (001628),,,9918.16,anonymous sponsor (empty sponsorAFMName)
9ΧΟΚ4690Β3-ΕΛΘ,2024-07-01,ΕΝΤΑΛΜΑ ΠΛΗΡΩΜΗΣ ΑΠΟΖΗΜΙΩΣΗ ΓΙΑ ΝΥΧΤΕΡΙΝΑ-ΕΞΑΙΡΕΣΙΜΑ-ΥΠΕΡΩΡ.ΑΠΑΣΧΟΛΗΣΗ (001628),,,2101.63,anonymous sponsor (empty sponsorAFMName)
ΨΗ8Κ4690Β3-ΦΧ9,2024-07-01,ΕΝΤΑΛΜΑ ΠΛΗΡΩΜΗΣ ΑΠΟΖΗΜΙΩΣΗ ΓΙΑ ΝΥΧΤΕΡΙΝΑ-ΕΞΑΙΡΕΣΙΜΑ-ΥΠΕΡΩΡ.ΑΠΑΣΧΟΛΗΣΗ (001628),,,200.34,anonymous sponsor (empty sponsorAFMName)
ΨΛΨΓ4690Β3-Τ5Φ,2024-07-01,ΕΝΤΑΛΜΑ ΠΛΗΡΩΜΗΣ ΑΠΟΖΗΜΙΩΣΗ ΓΙΑ ΝΥΧΤΕΡΙΝΑ-ΕΞΑΙΡΕΣΙΜΑ-ΥΠΕΡΩΡ.ΑΠΑΣΧΟΛΗΣΗ (001628),,,4799.84,anonymous sponsor (empty sponsorAFMName)
ΡΠΖ14690Β3-1Δ2,2024-07-01,ΕΝΤΑΛΜΑ ΠΛΗΡΩΜΗΣ ΑΠΟΖΗΜΙΩΣΗ ΕΦΗΜΕΡΙΩΝ (002535),,,2668.68,anonymous sponsor (empty sponsorAFMName)
ΨΡΘ74690Β3-ΡΝΩ,2024-07-01,ΕΝΤΑΛΜΑ ΠΛΗΡΩΜΗΣ ΑΠΟΖΗΜΙΩΣΗ ΕΦΗΜΕΡΙΩΝ (002535),,,1011.50,anonymous sponsor (empty sponsorAFMName)
Ρ4Δ04690Β3-ΑΜΧ,2024-07-01,ΕΝΤΑΛΜΑ ΠΛΗΡΩΜΗΣ ΑΠΟΖΗΜΙΩΣΗ ΕΦΗΜΕΡΙΩΝ (002535),,,650.28,anonymous sponsor (empty sponsorAFMName)
ΨΡ8Ξ4690Β3-Σ0Λ,2024-07-01,ΕΝΤΑΛΜΑ ΠΛΗΡΩΜΗΣ ΑΠΟΖΗΜΙΩΣΗ ΕΦΗΜΕΡΙΩΝ (002535),,,1699.44,anonymous sponsor (empty sponsorAFMName)
Ψ6ΥΒ4690Β3-ΕΥΖ,2024-07-01,ΕΝΤΑΛΜΑ ΠΛΗΡΩΜΗΣ ΑΠΟΖΗΜΙΩΣΗ ΕΦΗΜΕΡΙΩΝ (002535),,,22792.72,anonymous sponsor (empty sponsorAFMName)
977Δ4690Β3-25Λ,2024-07-01,ΕΝΤΑΛΜΑ ΠΛΗΡΩΜΗΣ ΑΠΟΖΗΜΙΩΣΗ ΕΦΗΜΕΡΙΩΝ (002535),,,19040.18,anonymous sponsor (empty sponsorAFMName)
ΨΣΑΓ4690Β3-ΥΛΡ,2024-07-01,ΕΝΤΑΛΜΑ ΠΛΗΡΩΜΗΣ ΑΠΟΖΗΜΙΩΣΗ ΕΦΗΜΕΡΙΩΝ (002535),,,87828.58,anonymous sponsor (empty sponsorAFMName)
96ΔΖ4690Β3-ΦΙΕ,2024-07-01,ΕΝΤΑΛΜΑ ΠΛΗΡΩΜΗΣ ΑΠΟΖΗΜΙΩΣΗ ΓΙΑ ΝΥΧΤΕΡΙΝΑ-ΕΞΑΙΡΕΣΙΜΑ-ΥΠΕΡΩΡ.ΑΠΑΣΧΟΛΗΣΗ (001628),,,998.33,anonymous sponsor (empty sponsorAFMName)
9Ι174690Β3-Ν4Π,2024-07-01,ΕΝΤΑΛΜΑ ΠΛΗΡΩΜΗΣ ΑΠΟΖΗΜΙΩΣΗ ΓΙΑ ΝΥΧΤΕΡΙΝΑ-ΕΞΑΙΡΕΣΙΜΑ-ΥΠΕΡΩΡ.ΑΠΑΣΧΟΛΗΣΗ (001628),,,8295.02,anonymous sponsor (empty sponsorAFMName)
9ΣΨ64690Β3-0ΤΝ,2024-07-01,ΕΝΤΑΛΜΑ ΠΛΗΡΩΜΗΣ ΑΠΟΖΗΜΙΩΣΗ ΓΙΑ ΝΥΧΤΕΡΙΝΑ-ΕΞΑΙΡΕΣΙΜΑ-ΥΠΕΡΩΡ.ΑΠΑΣΧΟΛΗΣΗ (001628),,,2219.36,anonymous sponsor (empty sponsorAFMName)
ΨΠ474690Β3-ΠΑ7,2024-07-01,ΕΝΤΑΛΜΑ ΠΛΗΡΩΜΗΣ ΑΠΟΖΗΜΙΩΣΗ ΓΙΑ ΝΥΧΤΕΡΙΝΑ-ΕΞΑΙΡΕΣΙΜΑ-ΥΠΕΡΩΡ.ΑΠΑΣΧΟΛΗΣΗ (001628),,,368.69,anonymous sponsor (empty sponsorAFMName)
ΨΖΠΚ4690Β3-02Α,2024-07-01,ΕΝΤΑΛΜΑ ΠΛΗΡΩΜΗΣ ΑΠΟΖΗΜΙΩΣΗ ΓΙΑ ΝΥΧΤΕΡΙΝΑ-ΕΞΑΙΡΕΣΙΜΑ-ΥΠΕΡΩΡ.ΑΠΑΣΧΟΛΗΣΗ (001628),,,191.81,anonymous sponsor (empty sponsorAFMName)
9Β5Α4690Β3-4ΩΨ,2024-07-01,ΕΝΤΑΛΜΑ ΠΛΗΡΩΜΗΣ ΑΠΟΖΗΜΙΩΣΗ ΓΙΑ ΝΥΧΤΕΡΙΝΑ-ΕΞΑΙΡΕΣΙΜΑ-ΥΠΕΡΩΡ.ΑΠΑΣΧΟΛΗΣΗ (001628),,,292.42,anonymous sponsor (empty sponsorAFMName)
Ψ2ΙΖ4690Β3-ΖΞΟ,2024-07-01,ΕΝΤΑΛΜΑ ΠΛΗΡΩΜΗΣ ΑΠΟΖΗΜΙΩΣΗ ΓΙΑ ΝΥΧΤΕΡΙΝΑ-ΕΞΑΙΡΕΣΙΜΑ-ΥΠΕΡΩΡ.ΑΠΑΣΧΟΛΗΣΗ (001628),,,6479.44,anonymous sponsor (empty sponsorAFMName)
98Ξ64690Β3-ΓΗ1,2024-07-01,ΕΝΤΑΛΜΑ ΠΛΗΡΩΜΗΣ ΑΠΟΖΗΜΙΩΣΗ ΓΙΑ ΝΥΧΤΕΡΙΝΑ-ΕΞΑΙΡΕΣΙΜΑ-ΥΠΕΡΩΡ.ΑΠΑΣΧΟΛΗΣΗ (001628),,,2509.24,anonymous sponsor (empty sponsorAFMName)
6Ε5Ν4690Β3-ΣΡΧ,2024-07-01,ΕΝΤΑΛΜΑ ΠΛΗΡΩΜΗΣ ΑΠΟΖΗΜΙΩΣΗ ΓΙΑ ΝΥΧΤΕΡΙΝΑ-ΕΞΑΙΡΕΣΙΜΑ-ΥΠΕΡΩΡ.ΑΠΑΣΧΟΛΗΣΗ (001628),,,428.38,anonymous sponsor (empty sponsorAFMName)
9ΥΟ74690Β3-ΘΣ3,2024-07-01,ΕΝΤΑΛΜΑ ΠΛΗΡΩΜΗΣ ΑΠΟΖΗΜΙΩΣΗ ΓΙΑ ΝΥΧΤΕΡΙΝΑ-ΕΞΑΙΡΕΣΙΜΑ-ΥΠΕΡΩΡ.ΑΠΑΣΧΟΛΗΣΗ (001628),,,1504.92,anonymous sponsor (empty sponsorAFMName)
ΨΞΤΡ4690Β3-ΕΙΞ,2024-07-01,ΕΝΤΑΛΜΑ ΠΛΗΡΩΜΗΣ ΑΠΟΖΗΜΙΩΣΗ ΓΙΑ ΝΥΧΤΕΡΙΝΑ-ΕΞΑΙΡΕΣΙΜΑ-ΥΠΕΡΩΡ.ΑΠΑΣΧΟΛΗΣΗ (001628),,,1086.44,anonymous sponsor (empty sponsorAFMName)
9Ξ1Ι4690Β3-ΤΛΘ,2024-07-01,ΕΝΤΑΛΜΑ ΠΛΗΡΩΜΗΣ ΑΠΟΖΗΜΙΩΣΗ ΓΙΑ ΝΥΧΤΕΡΙΝΑ-ΕΞΑΙΡΕΣΙΜΑ-ΥΠΕΡΩΡ.ΑΠΑΣΧΟΛΗΣΗ (001628),,,536.51,anonymous sponsor (empty sponsorAFMName)
6ΕΘ44690Β3-3ΛΕ,2024-07-01,ΕΝΤΑΛΜΑ ΠΛΗΡΩΜΗΣ ΑΠΟΖΗΜΙΩΣΗ ΓΙΑ ΝΥΧΤΕΡΙΝΑ-ΕΞΑΙΡΕΣΙΜΑ-ΥΠΕΡΩΡ.ΑΠΑΣΧΟΛΗΣΗ (001628),,,2756.70,anonymous sponsor (empty sponsorAFMName)
6ΦΨΥ4690Β3-ΙΕ7,2024-07-01,ΕΝΤΑΛΜΑ ΠΛΗΡΩΜΗΣ ΑΠΟΖΗΜΙΩΣΗ ΓΙΑ ΝΥΧΤΕΡΙΝΑ-ΕΞΑΙΡΕΣΙΜΑ-ΥΠΕΡΩΡ.ΑΠΑΣΧΟΛΗΣΗ (001628),,,1066.19,anonymous sponsor (empty sponsorAFMName)
9ΒΤ94690Β3-ΖΟΕ,2024-07-01,ΕΝΤΑΛΜΑ ΠΛΗΡΩΜΗΣ ΑΠΟΖΗΜΙΩΣΗ ΓΙΑ ΝΥΧΤΕΡΙΝΑ-ΕΞΑΙΡΕΣΙΜΑ-ΥΠΕΡΩΡ.ΑΠΑΣΧΟΛΗΣΗ (001628),,,7110.60,anonymous sponsor (empty sponsorAFMName)
9ΜΠ64690Β3-Υ2Ζ,2024-07-01,ΕΝΤΑΛΜΑ ΠΛΗΡΩΜΗΣ ΑΠΟΖΗΜΙΩΣΗ ΓΙΑ ΝΥΧΤΕΡΙΝΑ-ΕΞΑΙΡΕΣΙΜΑ-ΥΠΕΡΩΡ.ΑΠΑΣΧΟΛΗΣΗ (001628),,,1878.55,anonymous sponsor (empty sponsorAFMName)
9Π6Κ4690Β3-ΡΕΥ,2024-07-01,ΕΝΤΑΛΜΑ ΠΛΗΡΩΜΗΣ ΑΠΟΖΗΜΙΩΣΗ ΓΙΑ ΝΥΧΤΕΡΙΝΑ-ΕΞΑΙΡΕΣΙΜΑ-ΥΠΕΡΩΡ.ΑΠΑΣΧΟΛΗΣΗ (001628),,,9398.53,anonymous sponsor (empty sponsorAFMName)
Ρ4ΠΗ4690Β3-ΕΛΤ,2024-07-01,ΕΝΤΑΛΜΑ ΠΛΗΡΩΜΗΣ ΑΠΟΖΗΜΙΩΣΗ ΓΙΑ ΝΥΧΤΕΡΙΝΑ-ΕΞΑΙΡΕΣΙΜΑ-ΥΠΕΡΩΡ.ΑΠΑΣΧΟΛΗΣΗ (001628),,,12013.02,anonymous sponsor (empty sponsorAFMName)
6ΣΑΜ4690Β3-ΝΥΔ,2024-07-01,ΕΝΤΑΛΜΑ ΠΛΗΡΩΜΗΣ ΑΠΟΖΗΜΙΩΣΗ ΓΙΑ ΝΥΧΤΕΡΙΝΑ-ΕΞΑΙΡΕΣΙΜΑ-ΥΠΕΡΩΡ.ΑΠΑΣΧΟΛΗΣΗ (001628),,,1971.50,anonymous sponsor (empty sponsorAFMName)
932Ζ4690Β3-ΠΗΑ,2024-07-01,ΕΝΤΑΛΜΑ ΠΛΗΡΩΜΗΣ ΑΠΟΖΗΜΙΩΣΗ ΓΙΑ ΝΥΧΤΕΡΙΝΑ-ΕΞΑΙΡΕΣΙΜΑ-ΥΠΕΡΩΡ.ΑΠΑΣΧΟΛΗΣΗ (001628),,,4822.15,anonymous sponsor (empty sponsorAFMName)
9ΨΜΒ4690Β3-8Φ2,2024-06-28,ΕΝΤΑΛΜΑ ΠΛΗΡΩΜΗΣ ΕΠΙΚΟΥΡΙΚΟ ΝΟΣΗΛΕΥΤΙΚΟ-ΠΑΡΑΪΑΤΡΙΚΟ ΠΡΟΣΩΠΙΚΟ (000001634),,,445.50,anonymous sponsor (empty sponsorAFMName)
69ΛΑ4690Β3-ΔΙΖ,2024-06-28,ΕΝΤΑΛΜΑ ΠΛΗΡΩΜΗΣ ΕΠΙΚΟΥΡΙΚΟ ΝΟΣΗΛΕΥΤΙΚΟ-ΠΑΡΑΪΑΤΡΙΚΟ ΠΡΟΣΩΠΙΚΟ (000001634),,,1677.45,anonymous sponsor (empty sponsorAFMName)
ΨΞΕ74690Β3-ΥΣΗ,2024-06-28,ΕΝΤΑΛΜΑ ΠΛΗΡΩΜΗΣ ΕΠΙΚΟΥΡΙΚΟ ΝΟΣΗΛΕΥΤΙΚΟ-ΠΑΡΑΪΑΤΡΙΚΟ ΠΡΟΣΩΠΙΚΟ (000001634),,,1676.59,anonymous sponsor (empty sponsorAFMName)
ΨΝΙΜ4690Β3-ΚΤΨ,2024-06-28,ΕΝΤΑΛΜΑ ΠΛΗΡΩΜΗΣ ΕΠΙΚΟΥΡΙΚΟ ΝΟΣΗΛΕΥΤΙΚΟ-ΠΑΡΑΪΑΤΡΙΚΟ ΠΡΟΣΩΠΙΚΟ (000001634),,,111542.43,anonymous sponsor (empty sponsorAFMName)
ΨΥ624690Β3-ΣΟΖ,2024-06-28,ΕΝΤΑΛΜΑ ΠΛΗΡΩΜΗΣ EΠΙΚΟΥΡΙΚΟΙ ΙΑΤΡΟΙ Ε.Σ.Υ. (000001629),,,5846.67,anonymous sponsor (empty sponsorAFMName)
ΡΩΨΦ4690Β3-9Τ9,2024-06-28,ΕΝΤΑΛΜΑ ΠΛΗΡΩΜΗΣ ΕΠΙΚΟΥΡΙΚΟ ΝΟΣΗΛΕΥΤΙΚΟ-ΠΑΡΑΪΑΤΡΙΚΟ ΠΡΟΣΩΠΙΚΟ (000001634),,,1748.75,anonymous sponsor (empty sponsorAFMName)
9Ξ2Ν4690Β3-ΑΛ8,2024-06-28,ΕΝΤΑΛΜΑ ΠΛΗΡΩΜΗΣ ΕΠΙΚΟΥΡΙΚΟ ΝΟΣΗΛΕΥΤΙΚΟ-ΠΑΡΑΪΑΤΡΙΚΟ ΠΡΟΣΩΠΙΚΟ (000001634),,,44151.59,anonymous sponsor (empty sponsorAFMName)
ΨΟΘΘ4690Β3-ΖΚΛ,2024-06-28,ΕΝΤΑΛΜΑ ΠΛΗΡΩΜΗΣ EΠΙΚΟΥΡΙΚΟΙ ΙΑΤΡΟΙ Ε.Σ.Υ. (000001629),,,54742.25,anonymous sponsor (empty sponsorAFMName)
6ΗΓΨ4690Β3-ΓΨΧ,2024-06-28,ΕΝΤΑΛΜΑ ΠΛΗΡΩΜΗΣ EΠΙΚΟΥΡΙΚΟΙ ΙΑΤΡΟΙ Ε.Σ.Υ. (000001629),,,4223.62,anonymous sponsor (empty sponsorAFMName)
Ψ0ΤΥ4690Β3-ΞΗΧ,2024-06-28,ΕΝΤΑΛΜΑ ΠΛΗΡΩΜΗΣ ΕΚΤΟΣ ΕΔΡΑΣ ΠΡΟΣ/ΚΟΥ ΝΟΣΟΚΟΜΕΙΟΥ (001601),,,20.00,anonymous sponsor (empty sponsorAFMName)
974Π4690Β3-36Η,2024-06-28,ΕΝΤΑΛΜΑ ΠΛΗΡΩΜΗΣ ΕΚΤΟΣ ΕΔΡΑΣ ΠΡΟΣ/ΚΟΥ ΝΟΣΟΚΟΜΕΙΟΥ (001601),,,20.00,anonymous sponsor (empty sponsorAFMName)
94ΟΨ4690Β3-ΒΩΓ,2024-06-28,ΕΝΤΑΛΜΑ ΠΛΗΡΩΜΗΣ ΕΚΤΟΣ ΕΔΡΑΣ ΠΡΟΣ/ΚΟΥ ΝΟΣΟΚΟΜΕΙΟΥ (001601),,,20.00,anonymous sponsor (empty sponsorAFMName)
9ΕΓ04690Β3-ΛΦΩ,2024-06-28,ΕΝΤΑΛΜΑ ΠΛΗΡΩΜΗΣ ΟΔΟΙΠΟΡΙΚΑ ΕΞΟΔΑ ΠΡΟΣ. ΝΟΣ/ΜΕΙΟΥ (001626),,,150.00,anonymous sponsor (empty sponsorAFMName)
ΨΠΝΝ4690Β3-ΟΗΜ,2024-06-28,ΕΝΤΑΛΜΑ ΠΛΗΡΩΜΗΣ ΟΔΟΙΠΟΡΙΚΑ ΕΞΟΔΑ ΠΡΟΣ. ΝΟΣ/ΜΕΙΟΥ (001626),,,15.60,anonymous sponsor (empty sponsorAFMName)
ΨΚΦ34690Β3-5Φ9,2024-06-28,ΕΝΤΑΛΜΑ ΠΛΗΡΩΜΗΣ ΕΚΤΟΣ ΕΔΡΑΣ ΠΡΟΣ/ΚΟΥ ΝΟΣΟΚΟΜΕΙΟΥ (001601),,,10.00,anonymous sponsor (empty sponsorAFMName)
Ψ2ΑΖ4690Β3-5Θ7,2024-06-28,ΕΝΤΑΛΜΑ ΠΛΗΡΩΜΗΣ ΟΔΟΙΠΟΡΙΚΑ ΕΞΟΔΑ ΠΡΟΣ. ΝΟΣ/ΜΕΙΟΥ (001626),,,364.92,anonymous sponsor (empty sponsorAFMName)
9ΒΛΣ4690Β3-99Φ,2024-06-28,ΕΝΤΑΛΜΑ ΠΛΗΡΩΜΗΣ ΟΔΟΙΠΟΡΙΚΑ ΕΞΟΔΑ ΠΡΟΣ. ΝΟΣ/ΜΕΙΟΥ (001626),,,2023.21,anonymous sponsor (empty sponsorAFMName)
ΨΧΠΕ4690Β3-ΣΗΖ,2024-06-28,ΕΝΤΑΛΜΑ ΠΛΗΡΩΜΗΣ ΟΔΟΙΠΟΡΙΚΑ ΕΞΟΔΑ ΠΡΟΣ. ΝΟΣ/ΜΕΙΟΥ (001626),,,223.27,anonymous sponsor (empty sponsorAFMName)
6ΦΨ14690Β3-Ψ9Α,2024-06-27,ΕΝΤΑΛΜΑ ΠΛΗΡΩΜΗΣ ΚΡΑΤ.3391-54.03.00.0001 Φ.Μ.Υ. (001512),,,90.20,anonymous sponsor (empty sponsorAFMName)
6ΗΡΟ4690Β3-3ΚΠ,2024-06-27,ΕΝΤΑΛΜΑ ΠΛΗΡΩΜΗΣ ΚΡΑΤ.3391-54.03.00.0001 Φ.Μ.Υ. (001512),,,242.60,anonymous sponsor (empty sponsorAFMName)
9ΑΡΕ4690Β3-ΧΦ2,2024-06-27,ΕΝΤΑΛΜΑ ΠΛΗΡΩΜΗΣ ΕΙΣΦΟΡΕΣ ΑΠΑΣΧ/ΝΩΝ ΟΑΕΔ ΜΕΣΩ ΠΡΟΓ. ΚΟΙΝΩΦ. ΧΑΡΑΚΤΗΡΑ (),,,2033.53,anonymous sponsor (empty sponsorAFMName)
ΨΨΤΠ4690Β3-ΘΓΞ,2024-06-27,ΕΝΤΑΛΜΑ ΠΛΗΡΩΜΗΣ ΕΙΣΦΟΡΕΣ ΑΠΑΣΧ/ΝΩΝ ΟΑΕΔ ΜΕΣΩ ΠΡΟΓ. ΚΟΙΝΩΦ. ΧΑΡΑΚΤΗΡΑ (),,,5019.48,anonymous sponsor (empty sponsorAFMName)
6Γ1Ι4690Β3-ΥΝΑ,2024-06-27,ΕΝΤΑΛΜΑ ΠΛΗΡΩΜΗΣ ΚΡΑΤ.3391-54.04.02.0001 Χ/ΜΑ και ΟΓΑ Χ/ΜΩΝ (),,,0.56,anonymous sponsor (empty sponsorAFMName)
9Α7Ι4690Β3-ΖΞΤ,2024-06-27,ΕΝΤΑΛΜΑ ΠΛΗΡΩΜΗΣ ΚΡΑΤ.3391-53.20.00.0001 ΕΛΛΗΝΙΚΟ ΔΗΜΟΣΙΟ (001506),,,344.88,anonymous sponsor (empty sponsorAFMName)
ΡΘΛ24690Β3-ΩΓΨ,2024-06-27,ΕΝΤΑΛΜΑ ΠΛΗΡΩΜΗΣ ΚΡΑΤ.3391-53.20.00.0001 ΕΛΛΗΝΙΚΟ ΔΗΜΟΣΙΟ (001506),,,17.23,anonymous sponsor (empty sponsorAFMName)
Ρ08Ε4690Β3-82Ν,2024-06-27,ΕΝΤΑΛΜΑ ΠΛΗΡΩΜΗΣ ΚΡΑΤ.3391-54.04.02.0001 Χ/ΜΑ και ΟΓΑ Χ/ΜΩΝ (),,,62.87,anonymous sponsor (empty sponsorAFMName)
ΡΦΠΧ4690Β3-ΙΣΧ,2024-06-27,ΕΝΤΑΛΜΑ ΠΛΗΡΩΜΗΣ ΚΡΑΤ.3391-54.04.00.0001 ΦΟΡΟΣ ΕΛΕΥΘΕΡ.ΕΠΑΓΓΕΛΜΑΤ (),,,2267.24,anonymous sponsor (empty sponsorAFMName)
6Η774690Β3-4ΙΖ,2024-06-27,ΕΝΤΑΛΜΑ ΠΛΗΡΩΜΗΣ ΚΡΑΤ.3391-54.09.14.0001 ΦΟΡΟΣ ΠΡΟΜΗΘΕΥΤΩΝ (001510),,,69417.72,anonymous sponsor (empty sponsorAFMName)
Ρ10Α4690Β3-52Ι,2024-06-27,ΕΝΤΑΛΜΑ ΠΛΗΡΩΜΗΣ ΚΡΑΤ.3391-53.20.00.0001 ΕΛΛΗΝΙΚΟ ΔΗΜΟΣΙΟ (001506),,,25286.17,anonymous sponsor (empty sponsorAFMName)
9ΜΒΝ4690Β3-ΦΟΣ,2024-06-27,ΕΝΤΑΛΜΑ ΠΛΗΡΩΜΗΣ ΚΡΑΤ.3391-53.20.00.0001 ΕΛΛΗΝΙΚΟ ΔΗΜΟΣΙΟ (001506),,,76.04,anonymous sponsor (empty sponsorAFMName)
Ρ34Ε4690Β3-0ΦΗ,2024-06-27,ΕΝΤΑΛΜΑ ΠΛΗΡΩΜΗΣ ΚΡΑΤ.3391-53.20.00.0001 ΕΛΛΗΝΙΚΟ ΔΗΜΟΣΙΟ (001506),,,1003.89,anonymous sponsor (empty sponsorAFMName)
9Θ594690Β3-4ΝΠ,2024-06-27,ΕΝΤΑΛΜΑ ΠΛΗΡΩΜΗΣ ΚΡΑΤ.3391-53.20.00.0001 ΕΛΛΗΝΙΚΟ ΔΗΜΟΣΙΟ (001506),,,749.42,anonymous sponsor (empty sponsorAFMName)
9Φ274690Β3-ΙΧΤ,2024-06-19,ΕΝΤΑΛΜΑ ΠΛΗΡΩΜΗΣ ΑΜΟΙΒΕΣ ΔΙΟΙΚΗΤΙΚΟΥ   ΛΟΙΠΟΥ ΠΡΟΣΩΠΙΚΟΥ ΛΕΙΤΟΥΡΓΙΑΣ ΑΠΟΓΕΥΜΑΤΙΝΩΝ ΙΑΤΡΕΙΩΝ (55831111),,,1030.00,anonymous sponsor (empty sponsorAFMName)
9ΚΙΓ4690Β3-Ξ1Ψ,2024-06-19,ΕΝΤΑΛΜΑ ΠΛΗΡΩΜΗΣ ΑΜΟΙΒΕΣ ΙΑΤΡΙΚΟΥ ΠΡΟΣΩΠΙΚΟΥ ΛΕΙΤΟΥΡΓΙΑΣ ΑΠΟΓΕΥΜΑΤΙΝΩΝ ΙΑΤΡΕΙΩΝ (210923000),,,2967.37,anonymous sponsor (empty sponsorAFMName)
61Τ54690Β3-ΕΗΩ,2024-06-19,ΕΝΤΑΛΜΑ ΠΛΗΡΩΜΗΣ ΑΜΟΙΒΕΣ ΔΙΟΙΚΗΤΙΚΟΥ   ΛΟΙΠΟΥ ΠΡΟΣΩΠΙΚΟΥ ΛΕΙΤΟΥΡΓΙΑΣ ΑΠΟΓΕΥΜΑΤΙΝΩΝ ΙΑΤΡΕΙΩΝ (55831111),,,960.00,anonymous sponsor (empty sponsorAFMName)
9ΛΨΙ4690Β3-11Σ,2024-06-19,ΕΝΤΑΛΜΑ ΠΛΗΡΩΜΗΣ ΑΜΟΙΒΕΣ ΙΑΤΡΙΚΟΥ ΠΡΟΣΩΠΙΚΟΥ ΛΕΙΤΟΥΡΓΙΑΣ ΑΠΟΓΕΥΜΑΤΙΝΩΝ ΙΑΤΡΕΙΩΝ (210923000),,,3151.75,anonymous sponsor (empty sponsorAFMName)
Ψ41Ψ4690Β3-4ΗΩ,2024-06-19,ΕΝΤΑΛΜΑ ΠΛΗΡΩΜΗΣ ΑΠΟΖΗΜΙΩΣΗ ΜΕΛΩΝ Δ.Σ. (001606),,,4230.00,anonymous sponsor (empty sponsorAFMName)
ΡΛΜ44690Β3-3ΙΜ,2024-06-17,ΕΝΤΑΛΜΑ ΠΛΗΡΩΜΗΣ DRAEGER HELLAS A.E (997799268),,,7440.00,anonymous sponsor (empty sponsorAFMName)
Ψ7894690Β3-2ΛΒ,2024-06-17,ΕΝΤΑΛΜΑ ΠΛΗΡΩΜΗΣ DRAEGER HELLAS A.E (997799268),,,802.28,anonymous sponsor (empty sponsorAFMName)
ΡΕ2Π4690Β3-Κ5Λ,2025-04-11,ΕΝΤΑΛΜΑ ΠΛΗΡΩΜΗΣ RONTIS HELLAS Α.Ε.Β.Ε. (πρώην ΜΕΝΤΙΣΠΕΣ ΑΕΒΕ) (095335610),,,2218.57,anonymous sponsor (empty sponsorAFMName)
ΨΕ1Α4690Β3-Ρ10,2025-04-10,ΕΝΤΑΛΜΑ ΠΛΗΡΩΜΗΣ RONTIS HELLAS Α.Ε.Β.Ε. (πρώην ΜΕΝΤΙΣΠΕΣ ΑΕΒΕ) (095335610),,,823.96,anonymous sponsor (empty sponsorAFMName)
9ΛΟΩ4690Β3-ΩΝΘ,2025-04-10,ΕΝΤΑΛΜΑ ΠΛΗΡΩΜΗΣ RONTIS HELLAS Α.Ε.Β.Ε. (πρώην ΜΕΝΤΙΣΠΕΣ ΑΕΒΕ) (095335610),,,4648.76,anonymous sponsor (empty sponsorAFMName)
ΨΧΦ04690Β3-2Ι6,2025-04-09,ΕΝΤΑΛΜΑ ΠΛΗΡΩΜΗΣ RONTIS HELLAS Α.Ε.Β.Ε. (πρώην ΜΕΝΤΙΣΠΕΣ ΑΕΒΕ) (095335610),,,1497.14,anonymous sponsor (empty sponsorAFMName)
ΨΖΞ94690Β3-63Λ,2025-04-09,ΕΝΤΑΛΜΑ ΠΛΗΡΩΜΗΣ RONTIS HELLAS Α.Ε.Β.Ε. (πρώην ΜΕΝΤΙΣΠΕΣ ΑΕΒΕ) (095335610),,,1968.97,anonymous sponsor (empty sponsorAFMName)
61ΙΩ4690Β3-3ΞΞ,2025-04-08,ΕΝΤΑΛΜΑ ΠΛΗΡΩΜΗΣ ΕΝΟΡΑΣΙΣ ΑΕ (094503580),,,1488.00,anonymous sponsor (empty sponsorAFMName)
98424690Β3-ΙΥΦ,2025-04-04,ΕΝΤΑΛΜΑ ΠΛΗΡΩΜΗΣ AMVIS ΕΛΛΑΣ A.E (094317562),,,1488.00,anonymous sponsor (empty sponsorAFMName)
Ρ6ΗΡ4690Β3-ΦΞΡ,2025-04-03,ΕΝΤΑΛΜΑ ΠΛΗΡΩΜΗΣ ΒΙΟΣΕΡ ΑΕ (094035927),,,27883.54,anonymous sponsor (empty sponsorAFMName)
ΡΗΨΔ4690Β3-Ξ46,2025-04-03,ΕΝΤΑΛΜΑ ΠΛΗΡΩΜΗΣ NUMIL HELLAS A.E (094446311),,,826.80,anonymous sponsor (empty sponsorAFMName)
6Α1Ο4690Β3-Ο1Η,2025-04-03,ΕΝΤΑΛΜΑ ΠΛΗΡΩΜΗΣ ΑΠΟΖΗΜΙΩΣΗ ΓΙΑ ΝΥΧΤΕΡΙΝΑ-ΕΞΑΙΡΕΣΙΜΑ-ΥΠΕΡΩΡ.ΑΠΑΣΧΟΛΗΣΗ (001628),,,1123.70,anonymous sponsor (empty sponsorAFMName)
6ΖΔΩ4690Β3-Υ39,2025-04-03,ΕΝΤΑΛΜΑ ΠΛΗΡΩΜΗΣ ΑΠΟΖΗΜΙΩΣΗ ΓΙΑ ΝΥΧΤΕΡΙΝΑ-ΕΞΑΙΡΕΣΙΜΑ-ΥΠΕΡΩΡ.ΑΠΑΣΧΟΛΗΣΗ (001628),,,1859.75,anonymous sponsor (empty sponsorAFMName)
944Φ4690Β3-ΡΜ7,2025-04-03,ΕΝΤΑΛΜΑ ΠΛΗΡΩΜΗΣ ΑΠΟΖΗΜΙΩΣΗ ΓΙΑ ΝΥΧΤΕΡΙΝΑ-ΕΞΑΙΡΕΣΙΜΑ-ΥΠΕΡΩΡ.ΑΠΑΣΧΟΛΗΣΗ (001628),,,589.24,anonymous sponsor (empty sponsorAFMName)
6Ξ1Χ4690Β3-9ΨΨ,2025-04-03,ΕΝΤΑΛΜΑ ΠΛΗΡΩΜΗΣ ΑΠΟΖΗΜΙΩΣΗ ΓΙΑ ΝΥΧΤΕΡΙΝΑ-ΕΞΑΙΡΕΣΙΜΑ-ΥΠΕΡΩΡ.ΑΠΑΣΧΟΛΗΣΗ (001628),,,3975.25,anonymous sponsor (empty sponsorAFMName)
ΨΚΨΡ4690Β3-ΨΧΦ,2025-04-03,ΕΝΤΑΛΜΑ ΠΛΗΡΩΜΗΣ ΑΠΟΖΗΜΙΩΣΗ ΓΙΑ ΝΥΧΤΕΡΙΝΑ-ΕΞΑΙΡΕΣΙΜΑ-ΥΠΕΡΩΡ.ΑΠΑΣΧΟΛΗΣΗ (001628),,,148.23,anonymous sponsor (empty sponsorAFMName)
Ψ8414690Β3-Β3Ρ,2025-04-03,ΕΝΤΑΛΜΑ ΠΛΗΡΩΜΗΣ ΑΠΟΖΗΜΙΩΣΗ ΓΙΑ ΝΥΧΤΕΡΙΝΑ-ΕΞΑΙΡΕΣΙΜΑ-ΥΠΕΡΩΡ.ΑΠΑΣΧΟΛΗΣΗ (001628),,,258.28,anonymous sponsor (empty sponsorAFMName)
9ΛΜΒ4690Β3-2ΔΨ,2025-04-02,ΕΝΤΑΛΜΑ ΠΛΗΡΩΜΗΣ ΑΠΟΖΗΜΙΩΣΗ ΓΙΑ ΝΥΧΤΕΡΙΝΑ-ΕΞΑΙΡΕΣΙΜΑ-ΥΠΕΡΩΡ.ΑΠΑΣΧΟΛΗΣΗ (001628),,,194.18,anonymous sponsor (empty sponsorAFMName)
ΨΠΒ44690Β3-ΟΤΥ,2025-04-02,ΕΝΤΑΛΜΑ ΠΛΗΡΩΜΗΣ ΑΠΟΖΗΜΙΩΣΗ ΓΙΑ ΝΥΧΤΕΡΙΝΑ-ΕΞΑΙΡΕΣΙΜΑ-ΥΠΕΡΩΡ.ΑΠΑΣΧΟΛΗΣΗ (001628),,,1620.85,anonymous sponsor (empty sponsorAFMName)
9Η3Γ4690Β3-Ε9Ρ,2025-04-02,ΕΝΤΑΛΜΑ ΠΛΗΡΩΜΗΣ ΑΠΟΖΗΜΙΩΣΗ ΓΙΑ ΝΥΧΤΕΡΙΝΑ-ΕΞΑΙΡΕΣΙΜΑ-ΥΠΕΡΩΡ.ΑΠΑΣΧΟΛΗΣΗ (001628),,,461.11,anonymous sponsor (empty sponsorAFMName)
9ΞΗΘ4690Β3-ΝΨ0,2025-04-02,ΕΝΤΑΛΜΑ ΠΛΗΡΩΜΗΣ ΑΠΟΖΗΜΙΩΣΗ ΓΙΑ ΝΥΧΤΕΡΙΝΑ-ΕΞΑΙΡΕΣΙΜΑ-ΥΠΕΡΩΡ.ΑΠΑΣΧΟΛΗΣΗ (001628),,,32.48,anonymous sponsor (empty sponsorAFMName)
Ψ23Ι4690Β3-ΥΗΖ,2025-04-02,ΕΝΤΑΛΜΑ ΠΛΗΡΩΜΗΣ ΑΠΟΖΗΜΙΩΣΗ ΓΙΑ ΝΥΧΤΕΡΙΝΑ-ΕΞΑΙΡΕΣΙΜΑ-ΥΠΕΡΩΡ.ΑΠΑΣΧΟΛΗΣΗ (001628),,,310.43,anonymous sponsor (empty sponsorAFMName)
ΨΩΑ94690Β3-7ΒΨ,2025-04-02,ΕΝΤΑΛΜΑ ΠΛΗΡΩΜΗΣ ΑΠΟΖΗΜΙΩΣΗ ΓΙΑ ΝΥΧΤΕΡΙΝΑ-ΕΞΑΙΡΕΣΙΜΑ-ΥΠΕΡΩΡ.ΑΠΑΣΧΟΛΗΣΗ (001628),,,370.55,anonymous sponsor (empty sponsorAFMName)
Ψ30Υ4690Β3-ΞΟΒ,2025-04-02,ΕΝΤΑΛΜΑ ΠΛΗΡΩΜΗΣ ΑΠΟΖΗΜΙΩΣΗ ΓΙΑ ΝΥΧΤΕΡΙΝΑ-ΕΞΑΙΡΕΣΙΜΑ-ΥΠΕΡΩΡ.ΑΠΑΣΧΟΛΗΣΗ (001628),,,6116.38,anonymous sponsor (empty sponsorAFMName)
999Ξ4690Β3-ΕΙΝ,2025-04-02,ΕΝΤΑΛΜΑ ΠΛΗΡΩΜΗΣ ΑΠΟΖΗΜΙΩΣΗ ΓΙΑ ΝΥΧΤΕΡΙΝΑ-ΕΞΑΙΡΕΣΙΜΑ-ΥΠΕΡΩΡ.ΑΠΑΣΧΟΛΗΣΗ (001628),,,3652.93,anonymous sponsor (empty sponsorAFMName)
ΨΗΞΛ4690Β3-6Ρ6,2025-04-02,ΕΝΤΑΛΜΑ ΠΛΗΡΩΜΗΣ ΑΠΟΖΗΜΙΩΣΗ ΓΙΑ ΝΥΧΤΕΡΙΝΑ-ΕΞΑΙΡΕΣΙΜΑ-ΥΠΕΡΩΡ.ΑΠΑΣΧΟΛΗΣΗ (001628),,,1047.04,anonymous sponsor (empty sponsorAFMName)
ΨΣ3Ν4690Β3-3ΘΡ,2025-04-02,ΕΝΤΑΛΜΑ ΠΛΗΡΩΜΗΣ ΑΠΟΖΗΜΙΩΣΗ ΓΙΑ ΝΥΧΤΕΡΙΝΑ-ΕΞΑΙΡΕΣΙΜΑ-ΥΠΕΡΩΡ.ΑΠΑΣΧΟΛΗΣΗ (001628),,,2378.78,anonymous sponsor (empty sponsorAFMName)
Ψ2ΓΩ4690Β3-595,2025-04-02,ΕΝΤΑΛΜΑ ΠΛΗΡΩΜΗΣ ΑΠΟΖΗΜΙΩΣΗ ΓΙΑ ΝΥΧΤΕΡΙΝΑ-ΕΞΑΙΡΕΣΙΜΑ-ΥΠΕΡΩΡ.ΑΠΑΣΧΟΛΗΣΗ (001628),,,822.60,anonymous sponsor (empty sponsorAFMName)
99824690Β3-Ρ5Δ,2025-04-02,ΕΝΤΑΛΜΑ ΠΛΗΡΩΜΗΣ ΑΠΟΖΗΜΙΩΣΗ ΓΙΑ ΝΥΧΤΕΡΙΝΑ-ΕΞΑΙΡΕΣΙΜΑ-ΥΠΕΡΩΡ.ΑΠΑΣΧΟΛΗΣΗ (001628),,,3798.90,anonymous sponsor (empty sponsorAFMName)
6Χ6Θ4690Β3-ΗΓΡ,2025-04-02,ΕΝΤΑΛΜΑ ΠΛΗΡΩΜΗΣ ΑΠΟΖΗΜΙΩΣΗ ΓΙΑ ΝΥΧΤΕΡΙΝΑ-ΕΞΑΙΡΕΣΙΜΑ-ΥΠΕΡΩΡ.ΑΠΑΣΧΟΛΗΣΗ (001628),,,121.34,anonymous sponsor (empty sponsorAFMName)
Ψ8Ι34690Β3-Υ6Κ,2025-04-02,ΕΝΤΑΛΜΑ ΠΛΗΡΩΜΗΣ ΑΠΟΖΗΜΙΩΣΗ ΓΙΑ ΝΥΧΤΕΡΙΝΑ-ΕΞΑΙΡΕΣΙΜΑ-ΥΠΕΡΩΡ.ΑΠΑΣΧΟΛΗΣΗ (001628),,,407.58,anonymous sponsor (empty sponsorAFMName)
ΨΦ094690Β3-7ΞΜ,2025-04-02,ΕΝΤΑΛΜΑ ΠΛΗΡΩΜΗΣ ΑΠΟΖΗΜΙΩΣΗ ΓΙΑ ΝΥΧΤΕΡΙΝΑ-ΕΞΑΙΡΕΣΙΜΑ-ΥΠΕΡΩΡ.ΑΠΑΣΧΟΛΗΣΗ (001628),,,172.88,anonymous sponsor (empty sponsorAFMName)
Ψ2ΩΩ4690Β3-ΥΥΓ,2025-04-02,ΕΝΤΑΛΜΑ ΠΛΗΡΩΜΗΣ ΑΠΟΖΗΜΙΩΣΗ ΓΙΑ ΝΥΧΤΕΡΙΝΑ-ΕΞΑΙΡΕΣΙΜΑ-ΥΠΕΡΩΡ.ΑΠΑΣΧΟΛΗΣΗ (001628),,,879.60,anonymous sponsor (empty sponsorAFMName)
ΨΙΗΧ4690Β3-ΔΤ3,2025-04-02,ΕΝΤΑΛΜΑ ΠΛΗΡΩΜΗΣ ΑΠΟΖΗΜΙΩΣΗ ΓΙΑ ΝΥΧΤΕΡΙΝΑ-ΕΞΑΙΡΕΣΙΜΑ-ΥΠΕΡΩΡ.ΑΠΑΣΧΟΛΗΣΗ (001628),,,197.46,anonymous sponsor (empty sponsorAFMName)
ΨΚΕΓ4690Β3-ΕΕ3,2025-04-02,ΕΝΤΑΛΜΑ ΠΛΗΡΩΜΗΣ ΑΠΟΖΗΜΙΩΣΗ ΓΙΑ ΝΥΧΤΕΡΙΝΑ-ΕΞΑΙΡΕΣΙΜΑ-ΥΠΕΡΩΡ.ΑΠΑΣΧΟΛΗΣΗ (001628),,,2272.37,anonymous sponsor (empty sponsorAFMName)
9ΡΛΙ4690Β3-ΩΦ6,2025-04-02,ΕΝΤΑΛΜΑ ΠΛΗΡΩΜΗΣ ΑΠΟΖΗΜΙΩΣΗ ΓΙΑ ΝΥΧΤΕΡΙΝΑ-ΕΞΑΙΡΕΣΙΜΑ-ΥΠΕΡΩΡ.ΑΠΑΣΧΟΛΗΣΗ (001628),,,938.77,anonymous sponsor (empty sponsorAFMName)
ΨΔΘΥ4690Β3-Κ6Ω,2025-04-02,ΕΝΤΑΛΜΑ ΠΛΗΡΩΜΗΣ ΑΠΟΖΗΜΙΩΣΗ ΓΙΑ ΝΥΧΤΕΡΙΝΑ-ΕΞΑΙΡΕΣΙΜΑ-ΥΠΕΡΩΡ.ΑΠΑΣΧΟΛΗΣΗ (001628),,,7409.33,anonymous sponsor (empty sponsorAFMName)
6Θ894690Β3-ΤΞ2,2025-04-02,ΕΝΤΑΛΜΑ ΠΛΗΡΩΜΗΣ ΑΠΟΖΗΜΙΩΣΗ ΓΙΑ ΝΥΧΤΕΡΙΝΑ-ΕΞΑΙΡΕΣΙΜΑ-ΥΠΕΡΩΡ.ΑΠΑΣΧΟΛΗΣΗ (001628),,,897.47,anonymous sponsor (empty sponsorAFMName)
6Υ5Θ4690Β3-ΚΟΜ,2025-04-02,ΕΝΤΑΛΜΑ ΠΛΗΡΩΜΗΣ ΑΠΟΖΗΜΙΩΣΗ ΓΙΑ ΝΥΧΤΕΡΙΝΑ-ΕΞΑΙΡΕΣΙΜΑ-ΥΠΕΡΩΡ.ΑΠΑΣΧΟΛΗΣΗ (001628),,,7193.24,anonymous sponsor (empty sponsorAFMName)
ΡΖΨΚ4690Β3-230,2025-03-31,ΕΝΤΑΛΜΑ ΠΛΗΡΩΜΗΣ ΑΠΟΖΗΜΕΙΩΣΗ ΤΕΙ-ΑΣΚΟΥΜΕΝΩΝ Ο.Α.Ε.Δ. (001607),,,520.02,anonymous sponsor (empty sponsorAFMName)
9ΕΧ14690Β3-8Χ0,2025-04-01,ΕΝΤΑΛΜΑ ΠΛΗΡΩΜΗΣ RONTIS HELLAS Α.Ε.Β.Ε. (πρώην ΜΕΝΤΙΣΠΕΣ ΑΕΒΕ) (095335610),,,8166.26,anonymous sponsor (empty sponsorAFMName)
6ΥΑ14690Β3-579,2025-04-01,ΕΝΤΑΛΜΑ ΠΛΗΡΩΜΗΣ RONTIS HELLAS Α.Ε.Β.Ε. (πρώην ΜΕΝΤΙΣΠΕΣ ΑΕΒΕ) (095335610),,,2346.12,anonymous sponsor (empty sponsorAFMName)
ΨΠ954690Β3-ΓΚΘ,2025-04-01,ΕΝΤΑΛΜΑ ΠΛΗΡΩΜΗΣ RONTIS HELLAS Α.Ε.Β.Ε. (πρώην ΜΕΝΤΙΣΠΕΣ ΑΕΒΕ) (095335610),,,4041.86,anonymous sponsor (empty sponsorAFMName)
9ΘΝΑ4690Β3-2Β6,2025-04-01,ΕΝΤΑΛΜΑ ΠΛΗΡΩΜΗΣ RONTIS HELLAS Α.Ε.Β.Ε. (πρώην ΜΕΝΤΙΣΠΕΣ ΑΕΒΕ) (095335610),,,4340.42,anonymous sponsor (empty sponsorAFMName)
Ρ6Λ34690Β3-ΕΞΨ,2025-04-01,ΕΝΤΑΛΜΑ ΠΛΗΡΩΜΗΣ RONTIS HELLAS Α.Ε.Β.Ε. (πρώην ΜΕΝΤΙΣΠΕΣ ΑΕΒΕ) (095335610),,,2843.48,anonymous sponsor (empty sponsorAFMName)
ΨΩ8Ψ4690Β3-ΖΗΖ,2025-04-01,ΕΝΤΑΛΜΑ ΠΛΗΡΩΜΗΣ RONTIS HELLAS Α.Ε.Β.Ε. (πρώην ΜΕΝΤΙΣΠΕΣ ΑΕΒΕ) (095335610),,,4915.25,anonymous sponsor (empty sponsorAFMName)
ΡΕΡΚ4690Β3-ΙΝΥ,2025-04-01,ΕΝΤΑΛΜΑ ΠΛΗΡΩΜΗΣ RONTIS HELLAS Α.Ε.Β.Ε. (πρώην ΜΕΝΤΙΣΠΕΣ ΑΕΒΕ) (095335610),,,4963.94,anonymous sponsor (empty sponsorAFMName)
ΨΟΧΥ4690Β3-3Μ6,2025-04-01,ΕΝΤΑΛΜΑ ΠΛΗΡΩΜΗΣ RONTIS HELLAS Α.Ε.Β.Ε. (πρώην ΜΕΝΤΙΣΠΕΣ ΑΕΒΕ) (095335610),,,4951.41,anonymous sponsor (empty sponsorAFMName)
ΨΨ0Ω4690Β3-15Δ,2025-04-01,ΕΝΤΑΛΜΑ ΠΛΗΡΩΜΗΣ RONTIS HELLAS Α.Ε.Β.Ε. (πρώην ΜΕΝΤΙΣΠΕΣ ΑΕΒΕ) (095335610),,,688.37,anonymous sponsor (empty sponsorAFMName)
94ΕΙ4690Β3-ΔΝ4,2025-04-01,ΕΝΤΑΛΜΑ ΠΛΗΡΩΜΗΣ ΑΠΟΖΗΜΙΩΣΗ ΕΦΗΜΕΡΙΩΝ (002535),,,1514.22,anonymous sponsor (empty sponsorAFMName)
9Ψ024690Β3-1Λ3,2025-04-01,ΕΝΤΑΛΜΑ ΠΛΗΡΩΜΗΣ ΑΠΟΖΗΜΙΩΣΗ ΕΦΗΜΕΡΙΩΝ (002535),,,3871.10,anonymous sponsor (empty sponsorAFMName)
90ΞΚ4690Β3-7Τ8,2025-04-01,ΕΝΤΑΛΜΑ ΠΛΗΡΩΜΗΣ ΑΠΟΖΗΜΙΩΣΗ ΕΦΗΜΕΡΙΩΝ (002535),,,4970.51,anonymous sponsor (empty sponsorAFMName)
ΨΨΥΛ4690Β3-ΘΚΣ,2025-04-01,ΕΝΤΑΛΜΑ ΠΛΗΡΩΜΗΣ ΑΠΟΖΗΜΙΩΣΗ ΕΦΗΜΕΡΙΩΝ (002535),,,21719.57,anonymous sponsor (empty sponsorAFMName)
90Τ84690Β3-ΘΗ0,2025-04-01,ΕΝΤΑΛΜΑ ΠΛΗΡΩΜΗΣ ΑΠΟΖΗΜΙΩΣΗ ΕΦΗΜΕΡΙΩΝ (002535),,,1011.50,anonymous sponsor (empty sponsorAFMName)
9ΞΓ24690Β3-ΡΜΦ,2025-04-01,ΕΝΤΑΛΜΑ ΠΛΗΡΩΜΗΣ ΑΠΟΖΗΜΙΩΣΗ ΕΦΗΜΕΡΙΩΝ (002535),,,1199.40,anonymous sponsor (empty sponsorAFMName)
ΨΒΙ04690Β3-Ρ0Ε,2025-04-01,ΕΝΤΑΛΜΑ ΠΛΗΡΩΜΗΣ ΑΠΟΖΗΜΙΩΣΗ ΕΦΗΜΕΡΙΩΝ (002535),,,16904.28,anonymous sponsor (empty sponsorAFMName)
9Λ3Η4690Β3-ΑΡΛ,2025-04-01,ΕΝΤΑΛΜΑ ΠΛΗΡΩΜΗΣ ΑΠΟΖΗΜΙΩΣΗ ΕΦΗΜΕΡΙΩΝ (002535),,,81829.79,anonymous sponsor (empty sponsorAFMName)
Ψ6834690Β3-ΗΗΙ,2025-04-01,ΕΝΤΑΛΜΑ ΠΛΗΡΩΜΗΣ ΑΠΟΖΗΜΙΩΣΗ ΕΦΗΜΕΡΙΩΝ (002535),,,2503.80,anonymous sponsor (empty sponsorAFMName)
9ΥΠ04690Β3-ΡΑΟ,2025-04-01,ΕΝΤΑΛΜΑ ΠΛΗΡΩΜΗΣ ΕΠΙΚΟΥΡΙΚΟ ΝΟΣΗΛΕΥΤΙΚΟ-ΠΑΡΑΪΑΤΡΙΚΟ ΠΡΟΣΩΠΙΚΟ (000001634),,,1741.60,anonymous sponsor (empty sponsorAFMName)
99ΩΡ4690Β3-ΘΑ9,2025-04-01,ΕΝΤΑΛΜΑ ΠΛΗΡΩΜΗΣ ΕΠΙΚΟΥΡΙΚΟ ΝΟΣΗΛΕΥΤΙΚΟ-ΠΑΡΑΪΑΤΡΙΚΟ ΠΡΟΣΩΠΙΚΟ (000001634),,,924.59,anonymous sponsor (empty sponsorAFMName)
6ΧΣΘ4690Β3-Θ9Ι,2025-04-01,ΕΝΤΑΛΜΑ ΠΛΗΡΩΜΗΣ ΕΠΙΚΟΥΡΙΚΟ ΝΟΣΗΛΕΥΤΙΚΟ-ΠΑΡΑΪΑΤΡΙΚΟ ΠΡΟΣΩΠΙΚΟ (000001634),,,83262.37,anonymous sponsor (empty sponsorAFMName)
ΨΨΒ74690Β3-Η4Ρ,2025-04-01,ΕΝΤΑΛΜΑ ΠΛΗΡΩΜΗΣ EΠΙΚΟΥΡΙΚΟΙ ΙΑΤΡΟΙ Ε.Σ.Υ. (000001629),,,5889.76,anonymous sponsor (empty sponsorAFMName)
ΨΣΙΧ4690Β3-ΦΘΤ,2025-04-01,ΕΝΤΑΛΜΑ ΠΛΗΡΩΜΗΣ ΕΠΙΚΟΥΡΙΚΟ ΝΟΣΗΛΕΥΤΙΚΟ-ΠΑΡΑΪΑΤΡΙΚΟ ΠΡΟΣΩΠΙΚΟ (000001634),,,27058.73,anonymous sponsor (empty sponsorAFMName)
ΨΡΗΩ4690Β3-ΓΚ4,2025-04-01,ΕΝΤΑΛΜΑ ΠΛΗΡΩΜΗΣ EΠΙΚΟΥΡΙΚΟΙ ΙΑΤΡΟΙ Ε.Σ.Υ. (000001629),,,122.80,anonymous sponsor (empty sponsorAFMName)
9ΒΝΥ4690Β3-ΤΦ1,2025-04-01,ΕΝΤΑΛΜΑ ΠΛΗΡΩΜΗΣ ΕΠΙΚΟΥΡΙΚΟ ΝΟΣΗΛΕΥΤΙΚΟ-ΠΑΡΑΪΑΤΡΙΚΟ ΠΡΟΣΩΠΙΚΟ (000001634),,,1741.60,anonymous sponsor (empty sponsorAFMName)
9ΓΥΖ4690Β3-9Δ3,2025-04-01,ΕΝΤΑΛΜΑ ΠΛΗΡΩΜΗΣ ΕΡΓΟΔ.ΕΙΣΦ.ΙΚΑ ΑΣΚΟΥΜ.ΤΕΕ-ΙΕΚ.ΧΩΡ.ΑΜΟΙΒ.ΓΙΑ ΑΤΥΧΗΜ (001690),,,34.47,anonymous sponsor (empty sponsorAFMName)
9ΦΩ94690Β3-Β2Σ,2025-04-01,ΕΝΤΑΛΜΑ ΠΛΗΡΩΜΗΣ ΑΠΟΖΗΜΕΙΩΣΗ ΤΕΙ-ΑΣΚΟΥΜΕΝΩΝ Ο.Α.Ε.Δ. (001607),,,187.57,anonymous sponsor (empty sponsorAFMName)
6ΓΨ74690Β3-73Ξ,2025-04-01,ΕΝΤΑΛΜΑ ΠΛΗΡΩΜΗΣ EΠΙΚΟΥΡΙΚΟΙ ΙΑΤΡΟΙ Ε.Σ.Υ. (000001629),,,54976.36,anonymous sponsor (empty sponsorAFMName)
9ΠΕ64690Β3-ΗΕΗ,2025-03-31,ΕΝΤΑΛΜΑ ΠΛΗΡΩΜΗΣ EΠΙΚΟΥΡΙΚΟΙ ΙΑΤΡΟΙ Ε.Σ.Υ. (000001629),,,2799.22,anonymous sponsor (empty sponsorAFMName)
9ΤΑ84690Β3-ΡΗΗ,2025-03-31,ΕΝΤΑΛΜΑ ΠΛΗΡΩΜΗΣ ΕΠΟΧΙΚΟ ΠΡΟΣΩΠΙΚΟ ΚΑΘΑΡΙΟΤΗΤΑΣ (999111999),,,31604.66,anonymous sponsor (empty sponsorAFMName)
ΡΕΠΗ4690Β3-ΕΛΖ,2025-03-31,"ΕΝΤΑΛΜΑ ΠΛΗΡΩΜΗΣ ΝΕΧΩΡΙΤΗΣ, ΙΩΑΝΝΗΣ Κ., ΜΟΝΟΠΡΟΣΩΠΗ ΙCN Ε.Π.Ε. (999913089)",,,2046.00,anonymous sponsor (empty sponsorAFMName)
Ρ6ΖΤ4690Β3-ΑΡ4,2025-03-31,ΕΝΤΑΛΜΑ ΠΛΗΡΩΜΗΣ ΚΡΑΤ.3391-53.20.00.0001 ΕΛΛΗΝΙΚΟ ΔΗΜΟΣΙΟ (001506),,,49548.36,anonymous sponsor (empty sponsorAFMName)
65ΙΒ4690Β3-Ψ54,2025-03-28,ΕΝΤΑΛΜΑ ΠΛΗΡΩΜΗΣ RONTIS HELLAS Α.Ε.Β.Ε. (πρώην ΜΕΝΤΙΣΠΕΣ ΑΕΒΕ) (095335610),,,2580.42,anonymous sponsor (empty sponsorAFMName)
9ΤΞΣ4690Β3-Ζ08,2025-03-28,ΕΝΤΑΛΜΑ ΠΛΗΡΩΜΗΣ RONTIS HELLAS Α.Ε.Β.Ε. (πρώην ΜΕΝΤΙΣΠΕΣ ΑΕΒΕ) (095335610),,,4891.81,anonymous sponsor (empty sponsorAFMName)
ΨΜΝ34690Β3-ΟΒΖ,2025-03-28,ΕΝΤΑΛΜΑ ΠΛΗΡΩΜΗΣ RONTIS HELLAS Α.Ε.Β.Ε. (πρώην ΜΕΝΤΙΣΠΕΣ ΑΕΒΕ) (095335610),,,4629.78,anonymous sponsor (empty sponsorAFMName)
9ΟΕ44690Β3-ΑΧΝ,2025-03-28,ΕΝΤΑΛΜΑ ΠΛΗΡΩΜΗΣ RONTIS HELLAS Α.Ε.Β.Ε. (πρώην ΜΕΝΤΙΣΠΕΣ ΑΕΒΕ) (095335610),,,4601.11,anonymous sponsor (empty sponsorAFMName)
Ψ1ΧΥ4690Β3-ΡΕΗ,2025-03-28,ΕΝΤΑΛΜΑ ΠΛΗΡΩΜΗΣ RONTIS HELLAS Α.Ε.Β.Ε. (πρώην ΜΕΝΤΙΣΠΕΣ ΑΕΒΕ) (095335610),,,4520.00,anonymous sponsor (empty sponsorAFMName)
ΨΡΥ34690Β3-Γ7Ι,2025-03-28,ΕΝΤΑΛΜΑ ΠΛΗΡΩΜΗΣ RONTIS HELLAS Α.Ε.Β.Ε. (πρώην ΜΕΝΤΙΣΠΕΣ ΑΕΒΕ) (095335610),,,4283.48,anonymous sponsor (empty sponsorAFMName)
ΨΞ6Δ4690Β3-37Ι,2025-03-28,ΕΝΤΑΛΜΑ ΠΛΗΡΩΜΗΣ ΚΡΑΤ.3391-53.20.00.0001 ΕΛΛΗΝΙΚΟ ΔΗΜΟΣΙΟ (001506),,,10378.74,anonymous sponsor (empty sponsorAFMName)
9ΠΟ04690Β3-Σ3Π,2025-03-28,ΕΝΤΑΛΜΑ ΠΛΗΡΩΜΗΣ ΚΕΡΚΥΡΑΪΚΗ ΕΤΑΙΡΕΙΑ ΚΡΕΑΤΩΝ ΑΕ (099346780),,,17949.62,anonymous sponsor (empty sponsorAFMName)
9Θ1Μ4690Β3-Ι26,2025-03-27,ΕΝΤΑΛΜΑ ΠΛΗΡΩΜΗΣ ΚΡΑΤ.3391-54.03.00.0001 Φ.Μ.Υ. (001512),,,86.66,anonymous sponsor (empty sponsorAFMName)
ΡΒΦΦ4690Β3-ΛΞΦ,2025-03-27,ΕΝΤΑΛΜΑ ΠΛΗΡΩΜΗΣ ΚΡΑΤ.3391-54.03.00.0001 Φ.Μ.Υ. (001512),,,87.16,anonymous sponsor (empty sponsorAFMName)
ΡΩΝΑ4690Β3-ΓΔ8,2025-03-27,ΕΝΤΑΛΜΑ ΠΛΗΡΩΜΗΣ ΕΙΣΦΟΡΕΣ ΑΠΑΣΧ/ΝΩΝ ΟΑΕΔ ΜΕΣΩ ΠΡΟΓ. ΚΟΙΝΩΦ. ΧΑΡΑΚΤΗΡΑ (),,,3203.58,anonymous sponsor (empty sponsorAFMName)
9ΣΟΟ4690Β3-ΞΣΨ,2025-03-27,ΕΝΤΑΛΜΑ ΠΛΗΡΩΜΗΣ ΕΙΣΦΟΡΕΣ ΑΠΑΣΧ/ΝΩΝ ΟΑΕΔ ΜΕΣΩ ΠΡΟΓ. ΚΟΙΝΩΦ. ΧΑΡΑΚΤΗΡΑ (),,,1602.50,anonymous sponsor (empty sponsorAFMName)
ΨΦΒΓ4690Β3-956,2025-03-27,ΕΝΤΑΛΜΑ ΠΛΗΡΩΜΗΣ WATERA HELLAS  A.B.E.E. ΠΡΩΗΝ ΚΑΛΛΙΓΚΑΝ (094057329),,,210.80,anonymous sponsor (empty sponsorAFMName)
ΡΡ9Φ4690Β3-ΜΟΒ,2025-03-26,ΕΝΤΑΛΜΑ ΠΛΗΡΩΜΗΣ ΟΔΟΙΠΟΡΙΚΑ ΕΞΟΔΑ ΠΡΟΣ. ΝΟΣ/ΜΕΙΟΥ (001626),,,400.00,anonymous sponsor (empty sponsorAFMName)
Ψ8Σ04690Β3-ΝΕΜ,2025-03-26,ΕΝΤΑΛΜΑ ΠΛΗΡΩΜΗΣ ΟΔΟΙΠΟΡΙΚΑ ΕΞΟΔΑ ΠΡΟΣ. ΝΟΣ/ΜΕΙΟΥ (001626),,,20.60,anonymous sponsor (empty sponsorAFMName)
ΡΡ1Β4690Β3-ΧΡΒ,2025-03-26,ΕΝΤΑΛΜΑ ΠΛΗΡΩΜΗΣ ΟΔΟΙΠΟΡΙΚΑ ΕΞΟΔΑ ΠΡΟΣ. ΝΟΣ/ΜΕΙΟΥ (001626),,,57.60,anonymous sponsor (empty sponsorAFMName)
ΨΚΖΖ4690Β3-Ο03,2025-03-26,ΚΟΙΝΟΧΡΗΣΤΑ,,,,no sponsor block
Ψ9ΗΛ4690Β3-ΞΟΗ,2025-03-26,ΕΝΤΑΛΜΑ ΠΛΗΡΩΜΗΣ Γ.Ν.ΝΟΣΗΜΑΤΩΝ ΘΩΡΑΚΟΣ ΑΘΗΝ. Η ΣΩΤΗΡΙΑ (999332720),,,807.16,anonymous sponsor (empty sponsorAFMName)
6ΙΑΡ4690Β3-ΠΧΕ,2025-03-21,ΕΝΤΑΛΜΑ ΠΛΗΡΩΜΗΣ ΚΡΑΤ.3391-54.04.02.0001 Χ/ΜΑ και ΟΓΑ Χ/ΜΩΝ (),,,11.07,anonymous sponsor (empty sponsorAFMName)
6ΖΜΓ4690Β3-ΦΓ7,2025-03-21,ΕΝΤΑΛΜΑ ΠΛΗΡΩΜΗΣ ΚΡΑΤ.3391-54.09.14.0001 ΦΟΡΟΣ ΠΡΟΜΗΘΕΥΤΩΝ (001510),,,12278.94,anonymous sponsor (empty sponsorAFMName)
9ΒΕΝ4690Β3-Τ1Φ,2025-03-21,ΕΝΤΑΛΜΑ ΠΛΗΡΩΜΗΣ ΚΡΑΤ.3391-53.20.00.0001 ΕΛΛΗΝΙΚΟ ΔΗΜΟΣΙΟ (001506),,,307.35,anonymous sponsor (empty sponsorAFMName)
ΨΕ3Ε4690Β3-4Θ4,2025-03-19,ΕΝΤΑΛΜΑ ΠΛΗΡΩΜΗΣ ΒΙΟΗΛΕΚΤΡΟΝΙΚΗ Ι.Κ.Ε. (800780179),,,624.96,anonymous sponsor (empty sponsorAFMName)
Ψ1ΩΗ4690Β3-3Κ8,2025-03-19,ΕΝΤΑΛΜΑ ΠΛΗΡΩΜΗΣ DRAEGER HELLAS A.E (997799268),,,2408.70,anonymous sponsor (empty sponsorAFMName)
9ΛΡΤ4690Β3-ΔΩ1,2025-03-19,ΕΝΤΑΛΜΑ ΠΛΗΡΩΜΗΣ ΕΝΟΡΑΣΙΣ ΑΕ (094503580),,,917.60,anonymous sponsor (empty sponsorAFMName)
63ΧΨ4690Β3-ΛΞ9,2025-03-18,ΕΝΤΑΛΜΑ ΠΛΗΡΩΜΗΣ ΑΜΟΙΒΕΣ ΙΑΤΡΙΚΟΥ ΠΡΟΣΩΠΙΚΟΥ ΛΕΙΤΟΥΡΓΙΑΣ ΑΠΟΓΕΥΜΑΤΙΝΩΝ ΙΑΤΡΕΙΩΝ (210923000),,,2987.94,anonymous sponsor (empty sponsorAFMName)
61ΑΒ4690Β3-ΤΤ2,2025-03-18,ΕΝΤΑΛΜΑ ΠΛΗΡΩΜΗΣ ΑΜΟΙΒΕΣ ΔΙΟΙΚΗΤΙΚΟΥ   ΛΟΙΠΟΥ ΠΡΟΣΩΠΙΚΟΥ ΛΕΙΤΟΥΡΓΙΑΣ ΑΠΟΓΕΥΜΑΤΙΝΩΝ ΙΑΤΡΕΙΩΝ (55831111),,,860.00,anonymous sponsor (empty sponsorAFMName)
6ΔΑΓ4690Β3-Ι24,2025-03-18,ΕΝΤΑΛΜΑ ΠΛΗΡΩΜΗΣ ΑΜΟΙΒΕΣ ΙΑΤΡΙΚΟΥ ΠΡΟΣΩΠΙΚΟΥ ΛΕΙΤΟΥΡΓΙΑΣ ΑΠΟΓΕΥΜΑΤΙΝΩΝ ΙΑΤΡΕΙΩΝ (210923000),,,2380.97,anonymous sponsor (empty sponsorAFMName)
9ΛΧΜ4690Β3-ΦΡ0,2025-03-18,ΕΝΤΑΛΜΑ ΠΛΗΡΩΜΗΣ ΑΜΟΙΒΕΣ ΔΙΟΙΚΗΤΙΚΟΥ   ΛΟΙΠΟΥ ΠΡΟΣΩΠΙΚΟΥ ΛΕΙΤΟΥΡΓΙΑΣ ΑΠΟΓΕΥΜΑΤΙΝΩΝ ΙΑΤΡΕΙΩΝ (55831111),,,770.00,anonymous sponsor (empty sponsorAFMName)
Ψ2ΘΨ4690Β3-ΡΦΙ,2025-03-17,ΕΝΤΑΛΜΑ ΠΛΗΡΩΜΗΣ ΑΠΟΖΗΜΙΩΣΗ ΓΙΑ ΝΥΧΤΕΡΙΝΑ-ΕΞΑΙΡΕΣΙΜΑ-ΥΠΕΡΩΡ.ΑΠΑΣΧΟΛΗΣΗ (001628),,,207.16,anonymous sponsor (empty sponsorAFMName)
ΨΛΞ84690Β3-4Ο0,2025-03-17,ΕΝΤΑΛΜΑ ΠΛΗΡΩΜΗΣ ΑΠΟΖΗΜΙΩΣΗ ΓΙΑ ΝΥΧΤΕΡΙΝΑ-ΕΞΑΙΡΕΣΙΜΑ-ΥΠΕΡΩΡ.ΑΠΑΣΧΟΛΗΣΗ (001628),,,1176.62,anonymous sponsor (empty sponsorAFMName)
9ΓΘ04690Β3-Ι7Ι,2025-03-17,ΕΝΤΑΛΜΑ ΠΛΗΡΩΜΗΣ ΑΠΟΖΗΜΙΩΣΗ ΓΙΑ ΝΥΧΤΕΡΙΝΑ-ΕΞΑΙΡΕΣΙΜΑ-ΥΠΕΡΩΡ.ΑΠΑΣΧΟΛΗΣΗ (001628),,,930.52,anonymous sponsor (empty sponsorAFMName)
ΨΣ544690Β3-ΥΝΝ,2025-03-17,ΕΝΤΑΛΜΑ ΠΛΗΡΩΜΗΣ ΑΠΟΖΗΜΙΩΣΗ ΓΙΑ ΝΥΧΤΕΡΙΝΑ-ΕΞΑΙΡΕΣΙΜΑ-ΥΠΕΡΩΡ.ΑΠΑΣΧΟΛΗΣΗ (001628),,,1769.55,anonymous sponsor (empty sponsorAFMName)
9ΗΤΖ4690Β3-ΕΟ6,2025-03-17,ΕΝΤΑΛΜΑ ΠΛΗΡΩΜΗΣ ΑΠΟΖΗΜΙΩΣΗ ΓΙΑ ΝΥΧΤΕΡΙΝΑ-ΕΞΑΙΡΕΣΙΜΑ-ΥΠΕΡΩΡ.ΑΠΑΣΧΟΛΗΣΗ (001628),,,550.57,anonymous sponsor (empty sponsorAFMName)
6Τ1Ν4690Β3-44Π,2025-03-17,ΕΝΤΑΛΜΑ ΠΛΗΡΩΜΗΣ ΑΠΟΖΗΜΙΩΣΗ ΓΙΑ ΝΥΧΤΕΡΙΝΑ-ΕΞΑΙΡΕΣΙΜΑ-ΥΠΕΡΩΡ.ΑΠΑΣΧΟΛΗΣΗ (001628),,,240.37,anonymous sponsor (empty sponsorAFMName)
Ψ56Η4690Β3-1Γ4,2025-03-17,ΕΝΤΑΛΜΑ ΠΛΗΡΩΜΗΣ ΑΠΟΖΗΜΙΩΣΗ ΓΙΑ ΝΥΧΤΕΡΙΝΑ-ΕΞΑΙΡΕΣΙΜΑ-ΥΠΕΡΩΡ.ΑΠΑΣΧΟΛΗΣΗ (001628),,,4870.01,anonymous sponsor (empty sponsorAFMName)
ΨΗΠΞ4690Β3-5ΤΠ,2025-03-17,ΕΝΤΑΛΜΑ ΠΛΗΡΩΜΗΣ ΑΠΟΖΗΜΙΩΣΗ ΓΙΑ ΝΥΧΤΕΡΙΝΑ-ΕΞΑΙΡΕΣΙΜΑ-ΥΠΕΡΩΡ.ΑΠΑΣΧΟΛΗΣΗ (001628),,,2315.17,anonymous sponsor (empty sponsorAFMName)
Ψ3ΚΒ4690Β3-ΛΡΤ,2025-03-17,ΕΝΤΑΛΜΑ ΠΛΗΡΩΜΗΣ ΑΠΟΖΗΜΙΩΣΗ ΓΙΑ ΝΥΧΤΕΡΙΝΑ-ΕΞΑΙΡΕΣΙΜΑ-ΥΠΕΡΩΡ.ΑΠΑΣΧΟΛΗΣΗ (001628),,,4381.14,anonymous sponsor (empty sponsorAFMName)
9ΒΘ94690Β3-9ΩΡ,2025-03-17,ΕΝΤΑΛΜΑ ΠΛΗΡΩΜΗΣ ΑΠΟΖΗΜΙΩΣΗ ΓΙΑ ΝΥΧΤΕΡΙΝΑ-ΕΞΑΙΡΕΣΙΜΑ-ΥΠΕΡΩΡ.ΑΠΑΣΧΟΛΗΣΗ (001628),,,1603.04,anonymous sponsor (empty sponsorAFMName)
Ψ2614690Β3-ΑΗΒ,2025-03-17,ΕΝΤΑΛΜΑ ΠΛΗΡΩΜΗΣ ΑΠΟΖΗΜΙΩΣΗ ΓΙΑ ΝΥΧΤΕΡΙΝΑ-ΕΞΑΙΡΕΣΙΜΑ-ΥΠΕΡΩΡ.ΑΠΑΣΧΟΛΗΣΗ (001628),,,294.02,anonymous sponsor (empty sponsorAFMName)
6ΥΤΑ4690Β3-Δ4Φ,2025-03-17,ΕΝΤΑΛΜΑ ΠΛΗΡΩΜΗΣ ΑΠΟΖΗΜΙΩΣΗ ΓΙΑ ΝΥΧΤΕΡΙΝΑ-ΕΞΑΙΡΕΣΙΜΑ-ΥΠΕΡΩΡ.ΑΠΑΣΧΟΛΗΣΗ (001628),,,302.83,anonymous sponsor (empty sponsorAFMName)
Ψ9ΑΤ4690Β3-2Η2,2025-03-17,ΕΝΤΑΛΜΑ ΠΛΗΡΩΜΗΣ ΑΠΟΖΗΜΙΩΣΗ ΓΙΑ ΝΥΧΤΕΡΙΝΑ-ΕΞΑΙΡΕΣΙΜΑ-ΥΠΕΡΩΡ.ΑΠΑΣΧΟΛΗΣΗ (001628),,,522.56,anonymous sponsor (empty sponsorAFMName)
9Υ554690Β3-2ΝΙ,2025-03-17,ΕΝΤΑΛΜΑ ΠΛΗΡΩΜΗΣ ΑΠΟΖΗΜΙΩΣΗ ΓΙΑ ΝΥΧΤΕΡΙΝΑ-ΕΞΑΙΡΕΣΙΜΑ-ΥΠΕΡΩΡ.ΑΠΑΣΧΟΛΗΣΗ (001628),,,8338.28,anonymous sponsor (empty sponsorAFMName)
Ψ8Ο04690Β3-ΕΧ7,2025-03-17,ΕΝΤΑΛΜΑ ΠΛΗΡΩΜΗΣ ΑΠΟΖΗΜΙΩΣΗ ΓΙΑ ΝΥΧΤΕΡΙΝΑ-ΕΞΑΙΡΕΣΙΜΑ-ΥΠΕΡΩΡ.ΑΠΑΣΧΟΛΗΣΗ (001628),,,3883.93,anonymous sponsor (empty sponsorAFMName)
ΨΧ7Κ4690Β3-44Π,2025-03-17,ΕΝΤΑΛΜΑ ΠΛΗΡΩΜΗΣ ΑΠΟΖΗΜΙΩΣΗ ΓΙΑ ΝΥΧΤΕΡΙΝΑ-ΕΞΑΙΡΕΣΙΜΑ-ΥΠΕΡΩΡ.ΑΠΑΣΧΟΛΗΣΗ (001628),,,932.96,anonymous sponsor (empty sponsorAFMName)
9ΗΓΤ4690Β3-1ΦΠ,2025-03-17,ΕΝΤΑΛΜΑ ΠΛΗΡΩΜΗΣ ΑΠΟΖΗΜΙΩΣΗ ΓΙΑ ΝΥΧΤΕΡΙΝΑ-ΕΞΑΙΡΕΣΙΜΑ-ΥΠΕΡΩΡ.ΑΠΑΣΧΟΛΗΣΗ (001628),,,166.84,anonymous sponsor (empty sponsorAFMName)
62ΨΩ4690Β3-Φ2Μ,2025-03-17,ΕΝΤΑΛΜΑ ΠΛΗΡΩΜΗΣ ΑΠΟΖΗΜΙΩΣΗ ΓΙΑ ΝΥΧΤΕΡΙΝΑ-ΕΞΑΙΡΕΣΙΜΑ-ΥΠΕΡΩΡ.ΑΠΑΣΧΟΛΗΣΗ (001628),,,581.28,anonymous sponsor (empty sponsorAFMName)
6Δ6Μ4690Β3-ΟΙΝ,2025-03-17,ΕΝΤΑΛΜΑ ΠΛΗΡΩΜΗΣ ΑΠΟΖΗΜΙΩΣΗ ΓΙΑ ΝΥΧΤΕΡΙΝΑ-ΕΞΑΙΡΕΣΙΜΑ-ΥΠΕΡΩΡ.ΑΠΑΣΧΟΛΗΣΗ (001628),,,1017.66,anonymous sponsor (empty sponsorAFMName)
60ΡΦ4690Β3-7ΛΥ,2025-03-17,ΕΝΤΑΛΜΑ ΠΛΗΡΩΜΗΣ ΑΠΟΖΗΜΙΩΣΗ ΓΙΑ ΝΥΧΤΕΡΙΝΑ-ΕΞΑΙΡΕΣΙΜΑ-ΥΠΕΡΩΡ.ΑΠΑΣΧΟΛΗΣΗ (001628),,,516.60,anonymous sponsor (empty sponsorAFMName)
9Γ9Κ4690Β3-Ρ7Λ,2025-03-17,ΕΝΤΑΛΜΑ ΠΛΗΡΩΜΗΣ ΑΠΟΖΗΜΙΩΣΗ ΓΙΑ ΝΥΧΤΕΡΙΝΑ-ΕΞΑΙΡΕΣΙΜΑ-ΥΠΕΡΩΡ.ΑΠΑΣΧΟΛΗΣΗ (001628),,,162.03,anonymous sponsor (empty sponsorAFMName)
6ΔΛΘ4690Β3-43Η,2025-03-17,ΕΝΤΑΛΜΑ ΠΛΗΡΩΜΗΣ ΑΠΟΖΗΜΙΩΣΗ ΓΙΑ ΝΥΧΤΕΡΙΝΑ-ΕΞΑΙΡΕΣΙΜΑ-ΥΠΕΡΩΡ.ΑΠΑΣΧΟΛΗΣΗ (001628),,,3094.69,anonymous sponsor (empty sponsorAFMName)
9ΡΞΛ4690Β3-ΣΗΜ,2025-03-17,ΕΝΤΑΛΜΑ ΠΛΗΡΩΜΗΣ ΑΠΟΖΗΜΙΩΣΗ ΓΙΑ ΝΥΧΤΕΡΙΝΑ-ΕΞΑΙΡΕΣΙΜΑ-ΥΠΕΡΩΡ.ΑΠΑΣΧΟΛΗΣΗ (001628),,,1068.26,anonymous sponsor (empty sponsorAFMName)
9ΤΡΩ4690Β3-6Μ9,2025-03-17,ΕΝΤΑΛΜΑ ΠΛΗΡΩΜΗΣ ΑΠΟΖΗΜΙΩΣΗ ΓΙΑ ΝΥΧΤΕΡΙΝΑ-ΕΞΑΙΡΕΣΙΜΑ-ΥΠΕΡΩΡ.ΑΠΑΣΧΟΛΗΣΗ (001628),,,8171.18,anonymous sponsor (empty sponsorAFMName)
9ΨΤΧ4690Β3-ΕΦ9,2025-03-17,ΕΝΤΑΛΜΑ ΠΛΗΡΩΜΗΣ ΑΠΟΖΗΜΙΩΣΗ ΓΙΑ ΝΥΧΤΕΡΙΝΑ-ΕΞΑΙΡΕΣΙΜΑ-ΥΠΕΡΩΡ.ΑΠΑΣΧΟΛΗΣΗ (001628),,,9441.05,anonymous sponsor (empty sponsorAFMName)
9ΕΓ54690Β3-3Κ1,2025-03-17,ΕΝΤΑΛΜΑ ΠΛΗΡΩΜΗΣ ΑΠΟΖΗΜΙΩΣΗ ΓΙΑ ΝΥΧΤΕΡΙΝΑ-ΕΞΑΙΡΕΣΙΜΑ-ΥΠΕΡΩΡ.ΑΠΑΣΧΟΛΗΣΗ (001628),,,1009.35,anonymous sponsor (empty sponsorAFMName)
9Ν8Υ4690Β3-Λ5Α,2025-03-14,ΕΝΤΑΛΜΑ ΠΛΗΡΩΜΗΣ ΑΠΟΖΗΜΙΩΣΗ ΕΦΗΜΕΡΙΩΝ (002535),,,3006.84,anonymous sponsor (empty sponsorAFMName)
6ΓΩΘ4690Β3-Γ0Γ,2025-03-14,ΕΝΤΑΛΜΑ ΠΛΗΡΩΜΗΣ ΑΠΟΖΗΜΙΩΣΗ ΕΦΗΜΕΡΙΩΝ (002535),,,1011.50,anonymous sponsor (empty sponsorAFMName)
6ΘΜΑ4690Β3-ΩΧ8,2025-03-14,ΕΝΤΑΛΜΑ ΠΛΗΡΩΜΗΣ ΑΠΟΖΗΜΙΩΣΗ ΕΦΗΜΕΡΙΩΝ (002535),,,1514.22,anonymous sponsor (empty sponsorAFMName)
921Χ4690Β3-ΖΒΙ,2025-03-14,ΕΝΤΑΛΜΑ ΠΛΗΡΩΜΗΣ ΑΠΟΖΗΜΙΩΣΗ ΕΦΗΜΕΡΙΩΝ (002535),,,2996.84,anonymous sponsor (empty sponsorAFMName)
6ΖΘΟ4690Β3-ΚΕ6,2025-03-14,ΕΝΤΑΛΜΑ ΠΛΗΡΩΜΗΣ ΑΠΟΖΗΜΙΩΣΗ ΕΦΗΜΕΡΙΩΝ (002535),,,5149.64,anonymous sponsor (empty sponsorAFMName)
6ΦΑ04690Β3-7Σ9,2025-03-14,ΕΝΤΑΛΜΑ ΠΛΗΡΩΜΗΣ ΑΠΟΖΗΜΙΩΣΗ ΕΦΗΜΕΡΙΩΝ (002535),,,22525.67,anonymous sponsor (empty sponsorAFMName)
ΨΤΔ34690Β3-4ΓΖ,2025-03-14,ΕΝΤΑΛΜΑ ΠΛΗΡΩΜΗΣ ΑΠΟΖΗΜΙΩΣΗ ΕΦΗΜΕΡΙΩΝ (002535),,,947.42,anonymous sponsor (empty sponsorAFMName)
90ΧΘ4690Β3-Θ84,2025-03-14,ΕΝΤΑΛΜΑ ΠΛΗΡΩΜΗΣ ΑΠΟΖΗΜΙΩΣΗ ΕΦΗΜΕΡΙΩΝ (002535),,,15736.62,anonymous sponsor (empty sponsorAFMName)
ΨΟ7Τ4690Β3-1ΜΚ,2025-03-14,ΕΝΤΑΛΜΑ ΠΛΗΡΩΜΗΣ ΑΠΟΖΗΜΙΩΣΗ ΕΦΗΜΕΡΙΩΝ (002535),,,84655.23,anonymous sponsor (empty sponsorAFMName)
6ΑΧΝ4690Β3-85Ν,2025-03-12,ΕΝΤΑΛΜΑ ΠΛΗΡΩΜΗΣ ΚΩΝΣΤΑΝΤΙΝΟΣ ΑΝΑΣΤΟΠΟΥΛΟΣ-ΑΙΚΑΤΕΡΙΝΗ ΝΑΤΣΗ Ο.Ε. (800544921),,,1612.00,anonymous sponsor (empty sponsorAFMName)
99Γ54690Β3-ΝΥ5,2025-03-12,ΕΝΤΑΛΜΑ ΠΛΗΡΩΜΗΣ RONTIS HELLAS Α.Ε.Β.Ε. (πρώην ΜΕΝΤΙΣΠΕΣ ΑΕΒΕ) (095335610),,,2368.04,anonymous sponsor (empty sponsorAFMName)
Ψ2Γ04690Β3-ΞΟΘ,2025-03-12,ΕΝΤΑΛΜΑ ΠΛΗΡΩΜΗΣ RONTIS HELLAS Α.Ε.Β.Ε. (πρώην ΜΕΝΤΙΣΠΕΣ ΑΕΒΕ) (095335610),,,3733.47,anonymous sponsor (empty sponsorAFMName)
Ψ2ΗΥ4690Β3-ΑΥΠ,2025-03-12,ΕΝΤΑΛΜΑ ΠΛΗΡΩΜΗΣ RONTIS HELLAS Α.Ε.Β.Ε. (πρώην ΜΕΝΤΙΣΠΕΣ ΑΕΒΕ) (095335610),,,4232.16,anonymous sponsor (empty sponsorAFMName)
Ψ0Ω34690Β3-ΘΥΣ,2025-03-12,ΕΝΤΑΛΜΑ ΠΛΗΡΩΜΗΣ ΚΩΝΣΤΑΝΤΙΝΟΣ ΑΝΑΣΤΟΠΟΥΛΟΣ-ΑΙΚΑΤΕΡΙΝΗ ΝΑΤΣΗ Ο.Ε. (800544921),,,3224.00,anonymous sponsor (empty sponsorAFMName)
ΨΙΓ44690Β3-Ψ76,2025-03-12,ΕΝΤΑΛΜΑ ΠΛΗΡΩΜΗΣ RONTIS HELLAS Α.Ε.Β.Ε. (πρώην ΜΕΝΤΙΣΠΕΣ ΑΕΒΕ) (095335610),,,4437.14,anonymous sponsor (empty sponsorAFMName)
6Θ8Ψ4690Β3-ΥΨΝ,2025-03-10,ΕΝΤΑΛΜΑ ΠΛΗΡΩΜΗΣ AMVIS ΕΛΛΑΣ A.E (094317562),,,14690.00,anonymous sponsor (empty sponsorAFMName)
Ρ4Γ14690Β3-ΒΩΔ,2025-03-04,ΕΝΤΑΛΜΑ ΠΛΗΡΩΜΗΣ ΔΙΚΑΙΟΥΧΟΙ ΑΜΟΙΒΩΝ (001600),,,2081.84,anonymous sponsor (empty sponsorAFMName)
ΨΖΥ94690Β3-ΡΔΕ,2025-03-04,ΕΝΤΑΛΜΑ ΠΛΗΡΩΜΗΣ ΑΠΟΖΗΜΙΩΣΗ ΜΕΛΩΝ Δ.Σ. (001606),,,360.00,anonymous sponsor (empty sponsorAFMName)
Ψ51Ν4690Β3-Ψ8Ρ,2025-03-04,ΕΝΤΑΛΜΑ ΠΛΗΡΩΜΗΣ ΟΔΟΙΠΟΡΙΚΑ ΕΞΟΔΑ ΠΡΟΣ. ΝΟΣ/ΜΕΙΟΥ (001626),,,20.60,anonymous sponsor (empty sponsorAFMName)
Ρ1004690Β3-2ΜΠ,2025-03-04,ΕΝΤΑΛΜΑ ΠΛΗΡΩΜΗΣ ΕΚΤΟΣ ΕΔΡΑΣ ΠΡΟΣ/ΚΟΥ ΝΟΣΟΚΟΜΕΙΟΥ (001601),,,10.00,anonymous sponsor (empty sponsorAFMName)
9Ε6Γ4690Β3-ΚΩΖ,2025-03-04,ΕΝΤΑΛΜΑ ΠΛΗΡΩΜΗΣ ΚΡΑΤ.3391-53.20.00.0001 ΕΛΛΗΝΙΚΟ ΔΗΜΟΣΙΟ (001506),,,105.00,anonymous sponsor (empty sponsorAFMName)
ΨΝΑΟ4690Β3-ΙΒ6,2025-03-04,ΕΝΤΑΛΜΑ ΠΛΗΡΩΜΗΣ ΒΙΟΣΕΡ ΑΕ (094035927),,,1582.00,anonymous sponsor (empty sponsorAFMName)
65Β24690Β3-ΒΔΘ,2025-03-04,ΕΝΤΑΛΜΑ ΠΛΗΡΩΜΗΣ ΕΠΙΚΟΥΡΙΚΟ ΝΟΣΗΛΕΥΤΙΚΟ-ΠΑΡΑΪΑΤΡΙΚΟ ΠΡΟΣΩΠΙΚΟ (000001634),,,1741.60,anonymous sponsor (empty sponsorAFMName)
62ΙΔ4690Β3-8ΨΡ,2025-03-04,ΕΝΤΑΛΜΑ ΠΛΗΡΩΜΗΣ ΕΠΙΚΟΥΡΙΚΟ ΝΟΣΗΛΕΥΤΙΚΟ-ΠΑΡΑΪΑΤΡΙΚΟ ΠΡΟΣΩΠΙΚΟ (000001634),,,254.51,anonymous sponsor (empty sponsorAFMName)
Ψ4ΛΦ4690Β3-ΣΕΜ,2025-03-04,ΕΝΤΑΛΜΑ ΠΛΗΡΩΜΗΣ EΠΙΚΟΥΡΙΚΟΙ ΙΑΤΡΟΙ Ε.Σ.Υ. (000001629),,,5889.76,anonymous sponsor (empty sponsorAFMName)
ΨΡΟΙ4690Β3-ΟΨΜ,2025-03-04,ΕΝΤΑΛΜΑ ΠΛΗΡΩΜΗΣ ΕΠΙΚΟΥΡΙΚΟ ΝΟΣΗΛΕΥΤΙΚΟ-ΠΑΡΑΪΑΤΡΙΚΟ ΠΡΟΣΩΠΙΚΟ (000001634),,,82638.80,anonymous sponsor (empty sponsorAFMName)
Ψ8ΜΜ4690Β3-ΗΗΒ,2025-03-04,ΕΝΤΑΛΜΑ ΠΛΗΡΩΜΗΣ ΕΡΓΟΔ.ΕΙΣΦ.ΙΚΑ ΑΣΚΟΥΜ.ΤΕΕ-ΙΕΚ.ΧΩΡ.ΑΜΟΙΒ.ΓΙΑ ΑΤΥΧΗΜ (001690),,,22.98,anonymous sponsor (empty sponsorAFMName)
ΨΝΘ54690Β3-ΜΥ8,2025-03-04,ΕΝΤΑΛΜΑ ΠΛΗΡΩΜΗΣ ΑΠΟΖΗΜΕΙΩΣΗ ΤΕΙ-ΑΣΚΟΥΜΕΝΩΝ Ο.Α.Ε.Δ. (001607),,,187.57,anonymous sponsor (empty sponsorAFMName)
9ΔΜΠ4690Β3-ΕΘΨ,2025-03-04,ΕΝΤΑΛΜΑ ΠΛΗΡΩΜΗΣ ΕΠΙΚΟΥΡΙΚΟ ΝΟΣΗΛΕΥΤΙΚΟ-ΠΑΡΑΪΑΤΡΙΚΟ ΠΡΟΣΩΠΙΚΟ (000001634),,,1741.60,anonymous sponsor (empty sponsorAFMName)
685Γ4690Β3-ΜΘΟ,2025-03-04,ΕΝΤΑΛΜΑ ΠΛΗΡΩΜΗΣ ΕΠΙΚΟΥΡΙΚΟ ΝΟΣΗΛΕΥΤΙΚΟ-ΠΑΡΑΪΑΤΡΙΚΟ ΠΡΟΣΩΠΙΚΟ (000001634),,,27394.85,anonymous sponsor (empty sponsorAFMName)
9ΒΔΤ4690Β3-2ΕΤ,2025-03-04,ΕΝΤΑΛΜΑ ΠΛΗΡΩΜΗΣ EΠΙΚΟΥΡΙΚΟΙ ΙΑΤΡΟΙ Ε.Σ.Υ. (000001629),,,52034.25,anonymous sponsor (empty sponsorAFMName)
6ΝΒ04690Β3-ΛΩ3,2025-03-04,ΕΝΤΑΛΜΑ ΠΛΗΡΩΜΗΣ ΕΠΟΧΙΚΟ ΠΡΟΣΩΠΙΚΟ ΚΑΘΑΡΙΟΤΗΤΑΣ (999111999),,,31428.55,anonymous sponsor (empty sponsorAFMName)
ΨΙΤΟ4690Β3-3ΙΚ,2025-03-04,ΕΝΤΑΛΜΑ ΠΛΗΡΩΜΗΣ ΕΡΓΟΔ.ΕΙΣΦ.ΙΚΑ ΑΣΚΟΥΜ.ΤΕΕ-ΙΕΚ.ΧΩΡ.ΑΜΟΙΒ.ΓΙΑ ΑΤΥΧΗΜ (001690),,,28.96,anonymous sponsor (empty sponsorAFMName)
9ΓΞΤ4690Β3-ΒΧΙ,2025-03-04,ΕΝΤΑΛΜΑ ΠΛΗΡΩΜΗΣ EΠΙΚΟΥΡΙΚΟΙ ΙΑΤΡΟΙ Ε.Σ.Υ. (000001629),,,4056.41,anonymous sponsor (empty sponsorAFMName)
Ψ7Ο44690Β3-2ΨΥ,2025-02-27,ΕΝΤΑΛΜΑ ΠΛΗΡΩΜΗΣ ΚΡΑΤ.3391-53.20.00.0001 ΕΛΛΗΝΙΚΟ ΔΗΜΟΣΙΟ (001506),,,1032.58,anonymous sponsor (empty sponsorAFMName)
6ΜΨΑ4690Β3-ΑΣ8,2025-02-27,ΕΝΤΑΛΜΑ ΠΛΗΡΩΜΗΣ ΚΡΑΤ.3391-54.04.02.0001 Χ/ΜΑ και ΟΓΑ Χ/ΜΩΝ (),,,39.68,anonymous sponsor (empty sponsorAFMName)
632Η4690Β3-02Π,2025-02-27,ΕΝΤΑΛΜΑ ΠΛΗΡΩΜΗΣ ΚΡΑΤ.3391-54.04.00.0001 ΦΟΡΟΣ ΕΛΕΥΘΕΡ.ΕΠΑΓΓΕΛΜΑΤ (),,,10777.21,anonymous sponsor (empty sponsorAFMName)
6Χ7Τ4690Β3-23Ο,2025-02-27,ΕΝΤΑΛΜΑ ΠΛΗΡΩΜΗΣ ΚΡΑΤ.3391-54.09.14.0001 ΦΟΡΟΣ ΠΡΟΜΗΘΕΥΤΩΝ (001510),,,40951.75,anonymous sponsor (empty sponsorAFMName)
ΨΤΛ54690Β3-ΚΒΚ,2025-02-27,ΕΝΤΑΛΜΑ ΠΛΗΡΩΜΗΣ ΚΡΑΤ.3391-53.20.00.0001 ΕΛΛΗΝΙΚΟ ΔΗΜΟΣΙΟ (001506),,,14302.78,anonymous sponsor (empty sponsorAFMName)
97ΛΦ4690Β3-4ΨΥ,2025-02-27,ΕΝΤΑΛΜΑ ΠΛΗΡΩΜΗΣ ΚΡΑΤ.3391-53.20.00.0001 ΕΛΛΗΝΙΚΟ ΔΗΜΟΣΙΟ (001506),,,542.36,anonymous sponsor (empty sponsorAFMName)
6Δ784690Β3-Ο2Ψ,2025-02-27,ΕΝΤΑΛΜΑ ΠΛΗΡΩΜΗΣ ΚΡΑΤ.3391-53.20.00.0001 ΕΛΛΗΝΙΚΟ ΔΗΜΟΣΙΟ (001506),,,186.42,anonymous sponsor (empty sponsorAFMName)
68ΓΜ4690Β3-ΕΓΦ,2025-02-27,ΕΝΤΑΛΜΑ ΠΛΗΡΩΜΗΣ ΚΡΑΤ.3391-53.20.00.0001 ΕΛΛΗΝΙΚΟ ΔΗΜΟΣΙΟ (001506),,,372.85,anonymous sponsor (empty sponsorAFMName)
6ΤΕΤ4690Β3-Γ0Θ,2025-02-27,ΕΝΤΑΛΜΑ ΠΛΗΡΩΜΗΣ ΚΡΑΤ.3391-53.20.00.0001 ΕΛΛΗΝΙΚΟ ΔΗΜΟΣΙΟ (001506),,,578.49,anonymous sponsor (empty sponsorAFMName)
90ΦΤ4690Β3-ΟΒ6,2025-02-27,ΕΝΤΑΛΜΑ ΠΛΗΡΩΜΗΣ ΚΡΑΤ.3391-53.20.00.0001 ΕΛΛΗΝΙΚΟ ΔΗΜΟΣΙΟ (001506),,,75.23,anonymous sponsor (empty sponsorAFMName)
6ΞΚΟ4690Β3-ΗΥΡ,2025-02-27,ΕΝΤΑΛΜΑ ΠΛΗΡΩΜΗΣ ΚΡΑΤ.3391-53.20.00.0001 ΕΛΛΗΝΙΚΟ ΔΗΜΟΣΙΟ (001506),,,411.30,anonymous sponsor (empty sponsorAFMName)
90ΚΤ4690Β3-65Ψ,2025-02-26,ΕΝΤΑΛΜΑ ΠΛΗΡΩΜΗΣ ΚΡΑΤ.3391-54.04.02.0001 Χ/ΜΑ και ΟΓΑ Χ/ΜΩΝ (),,,5.62,anonymous sponsor (empty sponsorAFMName)
61ΣΦ4690Β3-Η4Ν,2025-02-26,ΕΝΤΑΛΜΑ ΠΛΗΡΩΜΗΣ ΚΡΑΤ.3391-54.09.14.0001 ΦΟΡΟΣ ΠΡΟΜΗΘΕΥΤΩΝ (001510),,,6232.29,anonymous sponsor (empty sponsorAFMName)
9ΛΤΜ4690Β3-ΦΙΧ,2025-02-26,ΕΝΤΑΛΜΑ ΠΛΗΡΩΜΗΣ ΚΡΑΤ.3391-53.20.00.0001 ΕΛΛΗΝΙΚΟ ΔΗΜΟΣΙΟ (001506),,,156.00,anonymous sponsor (empty sponsorAFMName)
90484690Β3-ΨΣΦ,2025-02-26,ΕΝΤΑΛΜΑ ΠΛΗΡΩΜΗΣ ΚΡΑΤ.3391-54.03.00.0001 Φ.Μ.Υ. (001512),,,84.49,anonymous sponsor (empty sponsorAFMName)
ΡΩΤΞ4690Β3-ΗΤΗ,2025-02-26,ΕΝΤΑΛΜΑ ΠΛΗΡΩΜΗΣ ΚΡΑΤ.3391-54.03.00.0001 Φ.Μ.Υ. (001512),,,75.02,anonymous sponsor (empty sponsorAFMName)
ΨΗ9Β4690Β3-300,2025-02-26,ΕΝΤΑΛΜΑ ΠΛΗΡΩΜΗΣ ΑΣΦΑΛΙΣΤΙΚΕΣ ΕΙΣΦΟΡΕΣ ΑΠΑΣΧΟΛΟΥΜΕΝΩΝ ΜΕ Δ.Π.Υ. (000000),,,1661.21,anonymous sponsor (empty sponsorAFMName)
9ΔΚΤ4690Β3-0ΘΧ,2025-02-26,ΕΝΤΑΛΜΑ ΠΛΗΡΩΜΗΣ ΑΣΦΑΛΙΣΤΙΚΕΣ ΕΙΣΦΟΡΕΣ ΑΠΑΣΧΟΛΟΥΜΕΝΩΝ ΜΕ Δ.Π.Υ. (000000),,,3301.54,anonymous sponsor (empty sponsorAFMName)
9ΒΓΑ4690Β3-ΝΩ3,2025-02-25,ΕΝΤΑΛΜΑ ΠΛΗΡΩΜΗΣ DRAEGER HELLAS A.E (997799268),,,515.84,anonymous sponsor (empty sponsorAFMName)
62ΕΔ4690Β3-Λ5Χ,2025-02-21,ΕΝΤΑΛΜΑ ΠΛΗΡΩΜΗΣ ΒΙΟΗΛΕΚΤΡΟΝΙΚΗ Ι.Κ.Ε. (800780179),,,210.80,anonymous sponsor (empty sponsorAFMName)
621Ζ4690Β3-Β9Ζ,2025-02-21,ΕΝΤΑΛΜΑ ΠΛΗΡΩΜΗΣ DRAEGER HELLAS A.E (997799268),,,4975.67,anonymous sponsor (empty sponsorAFMName)
ΨΒ1Μ4690Β3-Η40,2025-02-21,ΕΝΤΑΛΜΑ ΠΛΗΡΩΜΗΣ ΚΕΡΚΥΡΑΪΚΗ ΕΤΑΙΡΕΙΑ ΚΡΕΑΤΩΝ ΑΕ (099346780),,,8198.78,anonymous sponsor (empty sponsorAFMName)
99Π34690Β3-ΧΡΠ,2025-02-18,ΕΝΤΑΛΜΑ ΠΛΗΡΩΜΗΣ RONTIS HELLAS Α.Ε.Β.Ε. (πρώην ΜΕΝΤΙΣΠΕΣ ΑΕΒΕ) (095335610),,,2008.00,anonymous sponsor (empty sponsorAFMName)
6ΔΞΘ4690Β3-ΗΛΒ,2025-02-18,ΕΝΤΑΛΜΑ ΠΛΗΡΩΜΗΣ RONTIS HELLAS Α.Ε.Β.Ε. (πρώην ΜΕΝΤΙΣΠΕΣ ΑΕΒΕ) (095335610),,,2450.40,anonymous sponsor (empty sponsorAFMName)
6ΦΕ24690Β3-ΩΧΑ,2025-02-17,ΕΝΤΑΛΜΑ ΠΛΗΡΩΜΗΣ KnR Α.Ε. (997938212),,,1488.00,anonymous sponsor (empty sponsorAFMName)
ΡΗΧΒ4690Β3-0ΔΤ,2025-02-11,ΕΝΤΑΛΜΑ ΠΛΗΡΩΜΗΣ ΚΡΑΤ.3391-53.20.00.0001 ΕΛΛΗΝΙΚΟ ΔΗΜΟΣΙΟ (001506),,,10.00,anonymous sponsor (empty sponsorAFMName)
9Ω7Ο4690Β3-04Ο,2025-02-11,ΕΝΤΑΛΜΑ ΠΛΗΡΩΜΗΣ RONTIS HELLAS Α.Ε.Β.Ε. (πρώην ΜΕΝΤΙΣΠΕΣ ΑΕΒΕ) (095335610),,,4730.70,anonymous sponsor (empty sponsorAFMName)
61ΝΤ4690Β3-ΞΔΖ,2025-02-11,ΕΝΤΑΛΜΑ ΠΛΗΡΩΜΗΣ RONTIS HELLAS Α.Ε.Β.Ε. (πρώην ΜΕΝΤΙΣΠΕΣ ΑΕΒΕ) (095335610),,,4961.05,anonymous sponsor (empty sponsorAFMName)
9ΞΒ54690Β3-22Ν,2025-02-11,ΕΝΤΑΛΜΑ ΠΛΗΡΩΜΗΣ RONTIS HELLAS Α.Ε.Β.Ε. (πρώην ΜΕΝΤΙΣΠΕΣ ΑΕΒΕ) (095335610),,,4705.90,anonymous sponsor (empty sponsorAFMName)
95ΤΝ4690Β3-ΒΡΝ,2025-02-11,ΕΝΤΑΛΜΑ ΠΛΗΡΩΜΗΣ RONTIS HELLAS Α.Ε.Β.Ε. (πρώην ΜΕΝΤΙΣΠΕΣ ΑΕΒΕ) (095335610),,,4783.93,anonymous sponsor (empty sponsorAFMName)
ΨΔΒΘ4690Β3-6Ο9,2025-02-11,ΕΝΤΑΛΜΑ ΠΛΗΡΩΜΗΣ RONTIS HELLAS Α.Ε.Β.Ε. (πρώην ΜΕΝΤΙΣΠΕΣ ΑΕΒΕ) (095335610),,,2159.06,anonymous sponsor (empty sponsorAFMName)
6Γ884690Β3-Η6Σ,2025-02-10,ΕΝΤΑΛΜΑ ΠΛΗΡΩΜΗΣ RONTIS HELLAS Α.Ε.Β.Ε. (πρώην ΜΕΝΤΙΣΠΕΣ ΑΕΒΕ) (095335610),,,6171.15,anonymous sponsor (empty sponsorAFMName)
60ΙΙ4690Β3-5ΡΕ,2025-02-10,ΕΝΤΑΛΜΑ ΠΛΗΡΩΜΗΣ RONTIS HELLAS Α.Ε.Β.Ε. (πρώην ΜΕΝΤΙΣΠΕΣ ΑΕΒΕ) (095335610),,,1376.72,anonymous sponsor (empty sponsorAFMName)
9Η764690Β3-ΕΘΙ,2025-02-10,ΕΝΤΑΛΜΑ ΠΛΗΡΩΜΗΣ RONTIS HELLAS Α.Ε.Β.Ε. (πρώην ΜΕΝΤΙΣΠΕΣ ΑΕΒΕ) (095335610),,,83.69,anonymous sponsor (empty sponsorAFMName)
96ΣΝ4690Β3-4Τ4,2025-02-06,ΕΝΤΑΛΜΑ ΠΛΗΡΩΜΗΣ RONTIS HELLAS Α.Ε.Β.Ε. (πρώην ΜΕΝΤΙΣΠΕΣ ΑΕΒΕ) (095335610),,,2381.11,anonymous sponsor (empty sponsorAFMName)
ΨΜ6Ψ4690Β3-ΩΒΘ,2025-02-06,ΕΝΤΑΛΜΑ ΠΛΗΡΩΜΗΣ RONTIS HELLAS Α.Ε.Β.Ε. (πρώην ΜΕΝΤΙΣΠΕΣ ΑΕΒΕ) (095335610),,,4289.53,anonymous sponsor (empty sponsorAFMName)
ΨΦΡΥ4690Β3-ΦΝΖ,2025-02-06,ΕΝΤΑΛΜΑ ΠΛΗΡΩΜΗΣ RONTIS HELLAS Α.Ε.Β.Ε. (πρώην ΜΕΝΤΙΣΠΕΣ ΑΕΒΕ) (095335610),,,4979.22,anonymous sponsor (empty sponsorAFMName)
ΨΜΔΖ4690Β3-Γ7Υ,2025-02-06,ΕΝΤΑΛΜΑ ΠΛΗΡΩΜΗΣ RONTIS HELLAS Α.Ε.Β.Ε. (πρώην ΜΕΝΤΙΣΠΕΣ ΑΕΒΕ) (095335610),,,4896.14,anonymous sponsor (empty sponsorAFMName)
9Η8Ρ4690Β3-1Φ0,2025-02-05,ΕΝΤΑΛΜΑ ΠΛΗΡΩΜΗΣ DRAEGER HELLAS A.E (997799268),,,347.20,anonymous sponsor (empty sponsorAFMName)
Ψ8ΡΟ4690Β3-ΖΘΣ,2025-02-03,ΕΝΤΑΛΜΑ ΠΛΗΡΩΜΗΣ ΒΙΟΣΕΡ ΑΕ (094035927),,,1240.74,anonymous sponsor (empty sponsorAFMName)
9ΣΞΑ4690Β3-ΡΧΤ,2025-01-31,ΕΝΤΑΛΜΑ ΠΛΗΡΩΜΗΣ ΒΙΟΣΕΡ ΑΕ (094035927),,,214.70,anonymous sponsor (empty sponsorAFMName)
6ΚΓΛ4690Β3-ΓΞ5,2025-01-31,ΕΝΤΑΛΜΑ ΠΛΗΡΩΜΗΣ AMVIS ΕΛΛΑΣ A.E (094317562),,,22035.00,anonymous sponsor (empty sponsorAFMName)
9Α314690Β3-ΖΔΥ,2025-01-30,ΕΝΤΑΛΜΑ ΠΛΗΡΩΜΗΣ ΑΠΟΖΗΜΙΩΣΗ ΕΦΗΜΕΡΙΩΝ (002535),,,897.48,anonymous sponsor (empty sponsorAFMName)
ΨΘ764690Β3-23Α,2025-01-30,ΕΝΤΑΛΜΑ ΠΛΗΡΩΜΗΣ ΑΠΟΖΗΜΙΩΣΗ ΕΦΗΜΕΡΙΩΝ (002535),,,1717.94,anonymous sponsor (empty sponsorAFMName)
ΨΣΦ14690Β3-ΗΩΠ,2025-01-30,ΕΝΤΑΛΜΑ ΠΛΗΡΩΜΗΣ ΑΠΟΖΗΜΙΩΣΗ ΕΦΗΜΕΡΙΩΝ (002535),,,13405.49,anonymous sponsor (empty sponsorAFMName)
ΨΚΟ34690Β3-ΞΦΕ,2025-01-30,ΕΝΤΑΛΜΑ ΠΛΗΡΩΜΗΣ ΑΠΟΖΗΜΙΩΣΗ ΕΦΗΜΕΡΙΩΝ (002535),,,94.95,anonymous sponsor (empty sponsorAFMName)
ΨΙΦΣ4690Β3-Ν7Θ,2025-01-30,ΕΝΤΑΛΜΑ ΠΛΗΡΩΜΗΣ ΑΠΟΖΗΜΙΩΣΗ ΕΦΗΜΕΡΙΩΝ (002535),,,1374.31,anonymous sponsor (empty sponsorAFMName)
6ΝΖΗ4690Β3-Κ4Ν,2025-01-30,ΕΝΤΑΛΜΑ ΠΛΗΡΩΜΗΣ ΑΠΟΖΗΜΙΩΣΗ ΕΦΗΜΕΡΙΩΝ (002535),,,428.04,anonymous sponsor (empty sponsorAFMName)
Ψ0ΒΣ4690Β3-8Ι9,2025-01-30,ΕΝΤΑΛΜΑ ΠΛΗΡΩΜΗΣ ΑΠΟΖΗΜΙΩΣΗ ΕΦΗΜΕΡΙΩΝ (002535),,,12755.47,anonymous sponsor (empty sponsorAFMName)
ΨΝ7Ψ4690Β3-ΧΚΠ,2025-01-30,ΕΝΤΑΛΜΑ ΠΛΗΡΩΜΗΣ ΑΠΟΖΗΜΙΩΣΗ ΕΦΗΜΕΡΙΩΝ (002535),,,35.85,anonymous sponsor (empty sponsorAFMName)
9Γ4Χ4690Β3-ΑΑΓ,2025-01-30,ΕΝΤΑΛΜΑ ΠΛΗΡΩΜΗΣ ΑΠΟΖΗΜΙΩΣΗ ΕΦΗΜΕΡΙΩΝ (002535),,,1937.85,anonymous sponsor (empty sponsorAFMName)
6Ν044690Β3-70Ρ,2025-01-30,ΕΝΤΑΛΜΑ ΠΛΗΡΩΜΗΣ ΑΠΟΖΗΜΙΩΣΗ ΕΦΗΜΕΡΙΩΝ (002535),,,966.34,anonymous sponsor (empty sponsorAFMName)
Ρ4194690Β3-1ΙΔ,2025-01-30,ΕΝΤΑΛΜΑ ΠΛΗΡΩΜΗΣ ΑΠΟΖΗΜΙΩΣΗ ΕΦΗΜΕΡΙΩΝ (002535),,,10847.16,anonymous sponsor (empty sponsorAFMName)
99ΚΧ4690Β3-ΚΣΠ,2025-01-30,ΕΝΤΑΛΜΑ ΠΛΗΡΩΜΗΣ ΑΜΟΙΒΕΣ ΔΙΟΙΚΗΤΙΚΟΥ   ΛΟΙΠΟΥ ΠΡΟΣΩΠΙΚΟΥ ΛΕΙΤΟΥΡΓΙΑΣ ΑΠΟΓΕΥΜΑΤΙΝΩΝ ΙΑΤΡΕΙΩΝ (55831111),,,920.00,anonymous sponsor (empty sponsorAFMName)
9ΙΝΗ4690Β3-ΙΣΒ,2025-01-30,ΕΝΤΑΛΜΑ ΠΛΗΡΩΜΗΣ ΑΜΟΙΒΕΣ ΙΑΤΡΙΚΟΥ ΠΡΟΣΩΠΙΚΟΥ ΛΕΙΤΟΥΡΓΙΑΣ ΑΠΟΓΕΥΜΑΤΙΝΩΝ ΙΑΤΡΕΙΩΝ (210923000),,,3181.88,anonymous sponsor (empty sponsorAFMName)
ΨΙ9Τ4690Β3-ΞΩΘ,2025-01-30,ΕΝΤΑΛΜΑ ΠΛΗΡΩΜΗΣ ΑΜΟΙΒΕΣ ΔΙΟΙΚΗΤΙΚΟΥ   ΛΟΙΠΟΥ ΠΡΟΣΩΠΙΚΟΥ ΛΕΙΤΟΥΡΓΙΑΣ ΑΠΟΓΕΥΜΑΤΙΝΩΝ ΙΑΤΡΕΙΩΝ (55831111),,,900.00,anonymous sponsor (empty sponsorAFMName)
9ΦΠΤ4690Β3-2Κ7,2025-01-30,ΕΝΤΑΛΜΑ ΠΛΗΡΩΜΗΣ ΑΜΟΙΒΕΣ ΙΑΤΡΙΚΟΥ ΠΡΟΣΩΠΙΚΟΥ ΛΕΙΤΟΥΡΓΙΑΣ ΑΠΟΓΕΥΜΑΤΙΝΩΝ ΙΑΤΡΕΙΩΝ (210923000),,,2882.18,anonymous sponsor (empty sponsorAFMName)
ΨΦ4Β4690Β3-8Τ5,2025-01-30,ΕΝΤΑΛΜΑ ΠΛΗΡΩΜΗΣ ΑΠΟΖΗΜΙΩΣΗ ΜΕΛΩΝ Δ.Σ. (001606),,,2700.00,anonymous sponsor (empty sponsorAFMName)
ΨΒΕΖ4690Β3-9ΑΣ,2025-01-30,ΕΝΤΑΛΜΑ ΠΛΗΡΩΜΗΣ ΑΠΟΖΗΜΙΩΣΗ ΓΙΑ ΝΥΧΤΕΡΙΝΑ-ΕΞΑΙΡΕΣΙΜΑ-ΥΠΕΡΩΡ.ΑΠΑΣΧΟΛΗΣΗ (001628),,,596.34,anonymous sponsor (empty sponsorAFMName)
ΨΓ7Σ4690Β3-Π5Τ,2025-01-30,ΕΝΤΑΛΜΑ ΠΛΗΡΩΜΗΣ ΑΠΟΖΗΜΙΩΣΗ ΓΙΑ ΝΥΧΤΕΡΙΝΑ-ΕΞΑΙΡΕΣΙΜΑ-ΥΠΕΡΩΡ.ΑΠΑΣΧΟΛΗΣΗ (001628),,,196.65,anonymous sponsor (empty sponsorAFMName)
6Φ7Η4690Β3-ΦΒΝ,2025-01-30,ΕΝΤΑΛΜΑ ΠΛΗΡΩΜΗΣ ΑΠΟΖΗΜΙΩΣΗ ΓΙΑ ΝΥΧΤΕΡΙΝΑ-ΕΞΑΙΡΕΣΙΜΑ-ΥΠΕΡΩΡ.ΑΠΑΣΧΟΛΗΣΗ (001628),,,6863.81,anonymous sponsor (empty sponsorAFMName)
ΨΟ1Ε4690Β3-ΔΚΧ,2025-01-29,ΕΝΤΑΛΜΑ ΠΛΗΡΩΜΗΣ ΑΠΟΖΗΜΙΩΣΗ ΓΙΑ ΝΥΧΤΕΡΙΝΑ-ΕΞΑΙΡΕΣΙΜΑ-ΥΠΕΡΩΡ.ΑΠΑΣΧΟΛΗΣΗ (001628),,,893.96,anonymous sponsor (empty sponsorAFMName)
ΨΠ2Φ4690Β3-12Ψ,2025-01-29,ΕΝΤΑΛΜΑ ΠΛΗΡΩΜΗΣ ΑΠΟΖΗΜΙΩΣΗ ΓΙΑ ΝΥΧΤΕΡΙΝΑ-ΕΞΑΙΡΕΣΙΜΑ-ΥΠΕΡΩΡ.ΑΠΑΣΧΟΛΗΣΗ (001628),,,7881.40,anonymous sponsor (empty sponsorAFMName)
9ΩΤΔ4690Β3-ΔΧΟ,2025-01-29,ΕΝΤΑΛΜΑ ΠΛΗΡΩΜΗΣ ΑΠΟΖΗΜΙΩΣΗ ΓΙΑ ΝΥΧΤΕΡΙΝΑ-ΕΞΑΙΡΕΣΙΜΑ-ΥΠΕΡΩΡ.ΑΠΑΣΧΟΛΗΣΗ (001628),,,1274.87,anonymous sponsor (empty sponsorAFMName)
6ΣΜΠ4690Β3-ΖΩΒ,2025-01-29,ΕΝΤΑΛΜΑ ΠΛΗΡΩΜΗΣ ΑΠΟΖΗΜΙΩΣΗ ΓΙΑ ΝΥΧΤΕΡΙΝΑ-ΕΞΑΙΡΕΣΙΜΑ-ΥΠΕΡΩΡ.ΑΠΑΣΧΟΛΗΣΗ (001628),,,3353.34,anonymous sponsor (empty sponsorAFMName)
ΨΛ0Σ4690Β3-Γ0Μ,2025-01-29,ΕΝΤΑΛΜΑ ΠΛΗΡΩΜΗΣ ΑΠΟΖΗΜΙΩΣΗ ΓΙΑ ΝΥΧΤΕΡΙΝΑ-ΕΞΑΙΡΕΣΙΜΑ-ΥΠΕΡΩΡ.ΑΠΑΣΧΟΛΗΣΗ (001628),,,1706.41,anonymous sponsor (empty sponsorAFMName)
ΨΠ4Β4690Β3-ΑΧΖ,2025-01-29,ΕΝΤΑΛΜΑ ΠΛΗΡΩΜΗΣ ΑΠΟΖΗΜΙΩΣΗ ΓΙΑ ΝΥΧΤΕΡΙΝΑ-ΕΞΑΙΡΕΣΙΜΑ-ΥΠΕΡΩΡ.ΑΠΑΣΧΟΛΗΣΗ (001628),,,599.23,anonymous sponsor (empty sponsorAFMName)
ΨΨΜΟ4690Β3-ΟΒΙ,2025-01-29,ΕΝΤΑΛΜΑ ΠΛΗΡΩΜΗΣ ΑΠΟΖΗΜΙΩΣΗ ΓΙΑ ΝΥΧΤΕΡΙΝΑ-ΕΞΑΙΡΕΣΙΜΑ-ΥΠΕΡΩΡ.ΑΠΑΣΧΟΛΗΣΗ (001628),,,255.84,anonymous sponsor (empty sponsorAFMName)
63Ρ64690Β3-ΟΤ3,2025-01-29,ΕΝΤΑΛΜΑ ΠΛΗΡΩΜΗΣ ΑΠΟΖΗΜΙΩΣΗ ΓΙΑ ΝΥΧΤΕΡΙΝΑ-ΕΞΑΙΡΕΣΙΜΑ-ΥΠΕΡΩΡ.ΑΠΑΣΧΟΛΗΣΗ (001628),,,475.03,anonymous sponsor (empty sponsorAFMName)
ΨΥΙ64690Β3-7ΛΥ,2025-01-29,ΕΝΤΑΛΜΑ ΠΛΗΡΩΜΗΣ ΑΠΟΖΗΜΙΩΣΗ ΓΙΑ ΝΥΧΤΕΡΙΝΑ-ΕΞΑΙΡΕΣΙΜΑ-ΥΠΕΡΩΡ.ΑΠΑΣΧΟΛΗΣΗ (001628),,,6279.51,anonymous sponsor (empty sponsorAFMName)
603Δ4690Β3-ΩΔΣ,2025-01-29,ΕΝΤΑΛΜΑ ΠΛΗΡΩΜΗΣ ΑΠΟΖΗΜΙΩΣΗ ΓΙΑ ΝΥΧΤΕΡΙΝΑ-ΕΞΑΙΡΕΣΙΜΑ-ΥΠΕΡΩΡ.ΑΠΑΣΧΟΛΗΣΗ (001628),,,1876.11,anonymous sponsor (empty sponsorAFMName)
6ΘΩ84690Β3-ΕΒΒ,2025-01-29,ΕΝΤΑΛΜΑ ΠΛΗΡΩΜΗΣ ΑΠΟΖΗΜΙΩΣΗ ΓΙΑ ΝΥΧΤΕΡΙΝΑ-ΕΞΑΙΡΕΣΙΜΑ-ΥΠΕΡΩΡ.ΑΠΑΣΧΟΛΗΣΗ (001628),,,1109.22,anonymous sponsor (empty sponsorAFMName)
ΨΡΙ34690Β3-Β15,2025-01-29,ΕΝΤΑΛΜΑ ΠΛΗΡΩΜΗΣ ΑΠΟΖΗΜΙΩΣΗ ΓΙΑ ΝΥΧΤΕΡΙΝΑ-ΕΞΑΙΡΕΣΙΜΑ-ΥΠΕΡΩΡ.ΑΠΑΣΧΟΛΗΣΗ (001628),,,1237.72,anonymous sponsor (empty sponsorAFMName)
623Η4690Β3-Θ0Α,2025-01-29,ΕΝΤΑΛΜΑ ΠΛΗΡΩΜΗΣ ΑΠΟΖΗΜΙΩΣΗ ΓΙΑ ΝΥΧΤΕΡΙΝΑ-ΕΞΑΙΡΕΣΙΜΑ-ΥΠΕΡΩΡ.ΑΠΑΣΧΟΛΗΣΗ (001628),,,844.89,anonymous sponsor (empty sponsorAFMName)
96Η74690Β3-ΦΟΕ,2025-01-29,ΕΝΤΑΛΜΑ ΠΛΗΡΩΜΗΣ ΑΠΟΖΗΜΙΩΣΗ ΓΙΑ ΝΥΧΤΕΡΙΝΑ-ΕΞΑΙΡΕΣΙΜΑ-ΥΠΕΡΩΡ.ΑΠΑΣΧΟΛΗΣΗ (001628),,,3097.92,anonymous sponsor (empty sponsorAFMName)
Ψ2ΔΜ4690Β3-7ΣΜ,2025-01-29,ΕΝΤΑΛΜΑ ΠΛΗΡΩΜΗΣ ΑΠΟΖΗΜΙΩΣΗ ΓΙΑ ΝΥΧΤΕΡΙΝΑ-ΕΞΑΙΡΕΣΙΜΑ-ΥΠΕΡΩΡ.ΑΠΑΣΧΟΛΗΣΗ (001628),,,1421.33,anonymous sponsor (empty sponsorAFMName)
6ΦΑΔ4690Β3-ΛΥΩ,2025-01-29,ΕΝΤΑΛΜΑ ΠΛΗΡΩΜΗΣ ΑΠΟΖΗΜΙΩΣΗ ΓΙΑ ΝΥΧΤΕΡΙΝΑ-ΕΞΑΙΡΕΣΙΜΑ-ΥΠΕΡΩΡ.ΑΠΑΣΧΟΛΗΣΗ (001628),,,7590.11,anonymous sponsor (empty sponsorAFMName)
6ΖΗΥ4690Β3-ΑΝΣ,2025-01-29,ΕΝΤΑΛΜΑ ΠΛΗΡΩΜΗΣ ΑΠΟΖΗΜΙΩΣΗ ΓΙΑ ΝΥΧΤΕΡΙΝΑ-ΕΞΑΙΡΕΣΙΜΑ-ΥΠΕΡΩΡ.ΑΠΑΣΧΟΛΗΣΗ (001628),,,302.44,anonymous sponsor (empty sponsorAFMName)
Ψ4ΞΧ4690Β3-ΠΔΟ,2025-01-29,ΕΝΤΑΛΜΑ ΠΛΗΡΩΜΗΣ ΑΠΟΖΗΜΙΩΣΗ ΓΙΑ ΝΥΧΤΕΡΙΝΑ-ΕΞΑΙΡΕΣΙΜΑ-ΥΠΕΡΩΡ.ΑΠΑΣΧΟΛΗΣΗ (001628),,,6729.36,anonymous sponsor (empty sponsorAFMName)
6Τ8Α4690Β3-197,2025-01-29,ΕΝΤΑΛΜΑ ΠΛΗΡΩΜΗΣ ΑΠΟΖΗΜΙΩΣΗ ΓΙΑ ΝΥΧΤΕΡΙΝΑ-ΕΞΑΙΡΕΣΙΜΑ-ΥΠΕΡΩΡ.ΑΠΑΣΧΟΛΗΣΗ (001628),,,1565.75,anonymous sponsor (empty sponsorAFMName)
9ΩΕΒ4690Β3-Ρ39,2025-01-29,ΕΝΤΑΛΜΑ ΠΛΗΡΩΜΗΣ ΑΠΟΖΗΜΙΩΣΗ ΓΙΑ ΝΥΧΤΕΡΙΝΑ-ΕΞΑΙΡΕΣΙΜΑ-ΥΠΕΡΩΡ.ΑΠΑΣΧΟΛΗΣΗ (001628),,,11076.85,anonymous sponsor (empty sponsorAFMName)
6Τ4Σ4690Β3-ΗΗΥ,2025-01-29,ΕΝΤΑΛΜΑ ΠΛΗΡΩΜΗΣ ΑΠΟΖΗΜΙΩΣΗ ΓΙΑ ΝΥΧΤΕΡΙΝΑ-ΕΞΑΙΡΕΣΙΜΑ-ΥΠΕΡΩΡ.ΑΠΑΣΧΟΛΗΣΗ (001628),,,12873.43,anonymous sponsor (empty sponsorAFMName)
9ΦΗΒ4690Β3-2ΘΘ,2025-01-29,ΕΝΤΑΛΜΑ ΠΛΗΡΩΜΗΣ ΑΠΟΖΗΜΙΩΣΗ ΕΦΗΜΕΡΙΩΝ (002535),,,2978.94,anonymous sponsor (empty sponsorAFMName)
9ΠΛ44690Β3-ΙΛΝ,2025-01-29,ΕΝΤΑΛΜΑ ΠΛΗΡΩΜΗΣ ΑΠΟΖΗΜΙΩΣΗ ΕΦΗΜΕΡΙΩΝ (002535),,,22621.53,anonymous sponsor (empty sponsorAFMName)
ΨΙ114690Β3-Ψ0Γ,2025-01-29,ΕΝΤΑΛΜΑ ΠΛΗΡΩΜΗΣ ΑΠΟΖΗΜΙΩΣΗ ΕΦΗΜΕΡΙΩΝ (002535),,,876.26,anonymous sponsor (empty sponsorAFMName)
ΨΜΨΣ4690Β3-Η6Σ,2025-01-29,ΕΝΤΑΛΜΑ ΠΛΗΡΩΜΗΣ ΑΠΟΖΗΜΙΩΣΗ ΕΦΗΜΕΡΙΩΝ (002535),,,2372.80,anonymous sponsor (empty sponsorAFMName)
9ΨΠ54690Β3-3ΩΓ,2025-01-29,ΕΝΤΑΛΜΑ ΠΛΗΡΩΜΗΣ ΑΠΟΖΗΜΙΩΣΗ ΕΦΗΜΕΡΙΩΝ (002535),,,16848.75,anonymous sponsor (empty sponsorAFMName)
9ΥΧ84690Β3-Χ91,2025-01-29,ΕΝΤΑΛΜΑ ΠΛΗΡΩΜΗΣ ΑΠΟΖΗΜΙΩΣΗ ΕΦΗΜΕΡΙΩΝ (002535),,,88597.10,anonymous sponsor (empty sponsorAFMName)
9ΖΝ24690Β3-ΡΕΘ,2025-01-28,ΕΝΤΑΛΜΑ ΠΛΗΡΩΜΗΣ ΕΠΙΚΟΥΡΙΚΟ ΝΟΣΗΛΕΥΤΙΚΟ-ΠΑΡΑΪΑΤΡΙΚΟ ΠΡΟΣΩΠΙΚΟ (000001634),,,3970.43,anonymous sponsor (empty sponsorAFMName)
6Υ6Δ4690Β3-Ξ2Ξ,2025-01-28,ΕΝΤΑΛΜΑ ΠΛΗΡΩΜΗΣ ΕΠΙΚΟΥΡΙΚΟ ΝΟΣΗΛΕΥΤΙΚΟ-ΠΑΡΑΪΑΤΡΙΚΟ ΠΡΟΣΩΠΙΚΟ (000001634),,,110.18,anonymous sponsor (empty sponsorAFMName)
9ΠΗΡ4690Β3-ΙΓΡ,2025-01-28,ΕΝΤΑΛΜΑ ΠΛΗΡΩΜΗΣ ΕΠΙΚΟΥΡΙΚΟ ΝΟΣΗΛΕΥΤΙΚΟ-ΠΑΡΑΪΑΤΡΙΚΟ ΠΡΟΣΩΠΙΚΟ (000001634),,,2559.79,anonymous sponsor (empty sponsorAFMName)
Ρ6Ψ24690Β3-16Φ,2025-01-28,ΕΝΤΑΛΜΑ ΠΛΗΡΩΜΗΣ ΕΠΙΚΟΥΡΙΚΟ ΝΟΣΗΛΕΥΤΙΚΟ-ΠΑΡΑΪΑΤΡΙΚΟ ΠΡΟΣΩΠΙΚΟ (000001634),,,1669.74,anonymous sponsor (empty sponsorAFMName)
Ψ1Η64690Β3-9ΛΗ,2025-01-28,ΕΝΤΑΛΜΑ ΠΛΗΡΩΜΗΣ ΕΠΙΚΟΥΡΙΚΟ ΝΟΣΗΛΕΥΤΙΚΟ-ΠΑΡΑΪΑΤΡΙΚΟ ΠΡΟΣΩΠΙΚΟ (000001634),,,82986.26,anonymous sponsor (empty sponsorAFMName)
62ΩΔ4690Β3-ΖΙ6,2025-01-28,ΕΝΤΑΛΜΑ ΠΛΗΡΩΜΗΣ EΠΙΚΟΥΡΙΚΟΙ ΙΑΤΡΟΙ Ε.Σ.Υ. (000001629),,,5889.76,anonymous sponsor (empty sponsorAFMName)
ΨΖΞΙ4690Β3-ΤΣΘ,2025-01-28,ΕΝΤΑΛΜΑ ΠΛΗΡΩΜΗΣ ΕΠΟΧΙΚΟ ΠΡΟΣΩΠΙΚΟ ΚΑΘΑΡΙΟΤΗΤΑΣ (999111999),,,31426.96,anonymous sponsor (empty sponsorAFMName)
6Τ3Τ4690Β3-ΧΟΡ,2025-01-28,ΕΝΤΑΛΜΑ ΠΛΗΡΩΜΗΣ EΠΙΚΟΥΡΙΚΟΙ ΙΑΤΡΟΙ Ε.Σ.Υ. (000001629),,,3024.04,anonymous sponsor (empty sponsorAFMName)
Ψ51Ω4690Β3-29Η,2025-01-28,ΕΝΤΑΛΜΑ ΠΛΗΡΩΜΗΣ ΕΡΓΟΔ.ΕΙΣΦ.ΙΚΑ ΑΣΚΟΥΜ.ΤΕΕ-ΙΕΚ.ΧΩΡ.ΑΜΟΙΒ.ΓΙΑ ΑΤΥΧΗΜ (001690),,,43.77,anonymous sponsor (empty sponsorAFMName)
9ΖΓ94690Β3-ΣΤΚ,2025-01-28,ΕΝΤΑΛΜΑ ΠΛΗΡΩΜΗΣ ΑΠΟΖΗΜΕΙΩΣΗ ΤΕΙ-ΑΣΚΟΥΜΕΝΩΝ Ο.Α.Ε.Δ. (001607),,,187.30,anonymous sponsor (empty sponsorAFMName)
6ΖΑΗ4690Β3-0ΙΙ,2025-01-28,ΕΝΤΑΛΜΑ ΠΛΗΡΩΜΗΣ ΕΠΙΚΟΥΡΙΚΟ ΝΟΣΗΛΕΥΤΙΚΟ-ΠΑΡΑΪΑΤΡΙΚΟ ΠΡΟΣΩΠΙΚΟ (000001634),,,1741.60,anonymous sponsor (empty sponsorAFMName)
923Ρ4690Β3-4Ι3,2025-01-28,ΕΝΤΑΛΜΑ ΠΛΗΡΩΜΗΣ ΕΠΙΚΟΥΡΙΚΟ ΝΟΣΗΛΕΥΤΙΚΟ-ΠΑΡΑΪΑΤΡΙΚΟ ΠΡΟΣΩΠΙΚΟ (000001634),,,1048.53,anonymous sponsor (empty sponsorAFMName)
9ΙΑ34690Β3-Υ2Ο,2025-01-28,ΕΝΤΑΛΜΑ ΠΛΗΡΩΜΗΣ ΕΠΙΚΟΥΡΙΚΟ ΝΟΣΗΛΕΥΤΙΚΟ-ΠΑΡΑΪΑΤΡΙΚΟ ΠΡΟΣΩΠΙΚΟ (000001634),,,3321.60,anonymous sponsor (empty sponsorAFMName)
ΨΙΜ64690Β3-Υ0Α,2025-01-28,ΕΝΤΑΛΜΑ ΠΛΗΡΩΜΗΣ ΕΠΙΚΟΥΡΙΚΟ ΝΟΣΗΛΕΥΤΙΚΟ-ΠΑΡΑΪΑΤΡΙΚΟ ΠΡΟΣΩΠΙΚΟ (000001634),,,28766.64,anonymous sponsor (empty sponsorAFMName)
Ψ4ΣΙ4690Β3-ΧΟ2,2025-01-28,ΕΝΤΑΛΜΑ ΠΛΗΡΩΜΗΣ EΠΙΚΟΥΡΙΚΟΙ ΙΑΤΡΟΙ Ε.Σ.Υ. (000001629),,,71.46,anonymous sponsor (empty sponsorAFMName)
655Ζ4690Β3-ΥΨΒ,2025-01-28,ΕΝΤΑΛΜΑ ΠΛΗΡΩΜΗΣ EΠΙΚΟΥΡΙΚΟΙ ΙΑΤΡΟΙ Ε.Σ.Υ. (000001629),,,52051.82,anonymous sponsor (empty sponsorAFMName)
6ΧΧ54690Β3-ΟΗΙ,2025-01-28,ΕΝΤΑΛΜΑ ΠΛΗΡΩΜΗΣ ΕΡΓΟΔ.ΕΙΣΦ.ΙΚΑ ΑΣΚΟΥΜ.ΤΕΕ-ΙΕΚ.ΧΩΡ.ΑΜΟΙΒ.ΓΙΑ ΑΤΥΧΗΜ (001690),,,16.16,anonymous sponsor (empty sponsorAFMName)
ΨΑΓΞ4690Β3-8Ε5,2025-01-28,ΕΝΤΑΛΜΑ ΠΛΗΡΩΜΗΣ ΕΙΣΦΟΡΕΣ ΑΠΑΣΧ/ΝΩΝ ΟΑΕΔ ΜΕΣΩ ΠΡΟΓ. ΚΟΙΝΩΦ. ΧΑΡΑΚΤΗΡΑ (),,,1661.21,anonymous sponsor (empty sponsorAFMName)
9ΒΥΔ4690Β3-ΔΨΤ,2025-01-28,ΕΝΤΑΛΜΑ ΠΛΗΡΩΜΗΣ ΚΡΑΤ.3391-54.03.00.0001 Φ.Μ.Υ. (001512),,,71.39,anonymous sponsor (empty sponsorAFMName)
9ΩΤΔ4690Β3-ΕΟ8,2025-01-28,ΕΝΤΑΛΜΑ ΠΛΗΡΩΜΗΣ ΕΙΣΦΟΡΕΣ ΑΠΑΣΧ/ΝΩΝ ΟΑΕΔ ΜΕΣΩ ΠΡΟΓ. ΚΟΙΝΩΦ. ΧΑΡΑΚΤΗΡΑ (),,,3301.54,anonymous sponsor (empty sponsorAFMName)
96594690Β3-0ΜΥ,2025-01-28,ΕΝΤΑΛΜΑ ΠΛΗΡΩΜΗΣ ΚΡΑΤ.3391-54.03.00.0001 Φ.Μ.Υ. (001512),,,73.76,anonymous sponsor (empty sponsorAFMName)
ΨΤ984690Β3-Μ8Π,2025-01-27,ΕΝΤΑΛΜΑ ΠΛΗΡΩΜΗΣ ΚΡΑΤ.3391-54.04.02.0001 Χ/ΜΑ και ΟΓΑ Χ/ΜΩΝ (),,,0.01,anonymous sponsor (empty sponsorAFMName)
99184690Β3-ΠΟ4,2025-01-27,ΕΝΤΑΛΜΑ ΠΛΗΡΩΜΗΣ ΚΡΑΤ.3391-54.09.14.0001 ΦΟΡΟΣ ΠΡΟΜΗΘΕΥΤΩΝ (001510),,,14.96,anonymous sponsor (empty sponsorAFMName)
Ψ70Θ4690Β3-ΧΟΙ,2025-01-27,ΕΝΤΑΛΜΑ ΠΛΗΡΩΜΗΣ ΚΡΑΤ.3391-53.20.00.0001 ΕΛΛΗΝΙΚΟ ΔΗΜΟΣΙΟ (001506),,,7.63,anonymous sponsor (empty sponsorAFMName)
9ΗΒΔ4690Β3-ΨΗ7,2025-01-27,ΕΝΤΑΛΜΑ ΠΛΗΡΩΜΗΣ ΚΡΑΤ.3391-53.20.00.0001 ΕΛΛΗΝΙΚΟ ΔΗΜΟΣΙΟ (001506),,,0.27,anonymous sponsor (empty sponsorAFMName)
6ΝΜ04690Β3-89Ω,2025-01-27,ΕΝΤΑΛΜΑ ΠΛΗΡΩΜΗΣ ΚΡΑΤ.3391-53.20.00.0001 ΕΛΛΗΝΙΚΟ ΔΗΜΟΣΙΟ (001506),,,0.23,anonymous sponsor (empty sponsorAFMName)
ΨΓΥ04690Β3-ΗΥΒ,2025-01-27,ΕΝΤΑΛΜΑ ΠΛΗΡΩΜΗΣ ΚΡΑΤ.3391-54.04.02.0001 Χ/ΜΑ και ΟΓΑ Χ/ΜΩΝ (),,,30.46,anonymous sponsor (empty sponsorAFMName)
9ΦΗΦ4690Β3-ΝΑΩ,2025-01-27,ΕΝΤΑΛΜΑ ΠΛΗΡΩΜΗΣ ΚΡΑΤ.3391-54.04.00.0001 ΦΟΡΟΣ ΕΛΕΥΘΕΡ.ΕΠΑΓΓΕΛΜΑΤ (),,,9634.20,anonymous sponsor (empty sponsorAFMName)
60ΦΖ4690Β3-Η0Ω,2025-01-27,ΕΝΤΑΛΜΑ ΠΛΗΡΩΜΗΣ ΚΡΑΤ.3391-54.09.14.0001 ΦΟΡΟΣ ΠΡΟΜΗΘΕΥΤΩΝ (001510),,,31820.94,anonymous sponsor (empty sponsorAFMName)
9Π694690Β3-1Ξ4,2025-01-27,ΕΝΤΑΛΜΑ ΠΛΗΡΩΜΗΣ ΚΡΑΤ.3391-53.20.00.0001 ΕΛΛΗΝΙΚΟ ΔΗΜΟΣΙΟ (001506),,,12358.64,anonymous sponsor (empty sponsorAFMName)
9ΙΞΩ4690Β3-ΒΟΝ,2025-01-27,ΕΝΤΑΛΜΑ ΠΛΗΡΩΜΗΣ ΚΡΑΤ.3391-53.20.00.0001 ΕΛΛΗΝΙΚΟ ΔΗΜΟΣΙΟ (001506),,,68.92,anonymous sponsor (empty sponsorAFMName)
6ΑΛΖ4690Β3-ΖΜΙ,2025-01-27,ΕΝΤΑΛΜΑ ΠΛΗΡΩΜΗΣ ΚΡΑΤ.3391-53.20.00.0001 ΕΛΛΗΝΙΚΟ ΔΗΜΟΣΙΟ (001506),,,503.27,anonymous sponsor (empty sponsorAFMName)
9ΛΡΤ4690Β3-Χ2Δ,2025-01-27,ΕΝΤΑΛΜΑ ΠΛΗΡΩΜΗΣ ΚΡΑΤ.3391-53.20.00.0001 ΕΛΛΗΝΙΚΟ ΔΗΜΟΣΙΟ (001506),,,360.37,anonymous sponsor (empty sponsorAFMName)
ΨΦΖΜ4690Β3-ΠΨΒ,2024-12-31,ΕΝΤΑΛΜΑ ΠΛΗΡΩΜΗΣ RONTIS HELLAS Α.Ε.Β.Ε. (πρώην ΜΕΝΤΙΣΠΕΣ ΑΕΒΕ) (095335610),,,176533.18,anonymous sponsor (empty sponsorAFMName)
ΨΕΔΛ4690Β3-ΟΗΡ,2024-12-31,ΕΝΤΑΛΜΑ ΠΛΗΡΩΜΗΣ RONTIS HELLAS Α.Ε.Β.Ε. (πρώην ΜΕΝΤΙΣΠΕΣ ΑΕΒΕ) (095335610),,,2303.16,anonymous sponsor (empty sponsorAFMName)
ΨΣΚ74690Β3-9ΔΑ,2024-12-31,ΕΝΤΑΛΜΑ ΠΛΗΡΩΜΗΣ RONTIS HELLAS Α.Ε.Β.Ε. (πρώην ΜΕΝΤΙΣΠΕΣ ΑΕΒΕ) (095335610),,,2121.85,anonymous sponsor (empty sponsorAFMName)
69ΨΩ4690Β3-ΤΦ8,2024-12-31,ΕΝΤΑΛΜΑ ΠΛΗΡΩΜΗΣ RONTIS HELLAS Α.Ε.Β.Ε. (πρώην ΜΕΝΤΙΣΠΕΣ ΑΕΒΕ) (095335610),,,2218.57,anonymous sponsor (empty sponsorAFMName)
91674690Β3-Π38,2024-12-31,ΕΝΤΑΛΜΑ ΠΛΗΡΩΜΗΣ RONTIS HELLAS Α.Ε.Β.Ε. (πρώην ΜΕΝΤΙΣΠΕΣ ΑΕΒΕ) (095335610),,,11295.19,anonymous sponsor (empty sponsorAFMName)
ΨΗ7Ζ4690Β3-Δ74,2024-12-30,ΕΝΤΑΛΜΑ ΠΛΗΡΩΜΗΣ ΤΕΛΗ ΚΥΚΛΟΦΟΡΙΑΣ (001698),,,1506.20,anonymous sponsor (empty sponsorAFMName)
ΨΕ904690Β3-ΧΕΣ,2024-12-30,ΕΝΤΑΛΜΑ ΠΛΗΡΩΜΗΣ ΕΠΙΚΟΥΡΙΚΟ ΝΟΣΗΛΕΥΤΙΚΟ-ΠΑΡΑΪΑΤΡΙΚΟ ΠΡΟΣΩΠΙΚΟ (000001634),,,1677.45,anonymous sponsor (empty sponsorAFMName)
62Φ14690Β3-1ΜΜ,2024-12-30,ΕΝΤΑΛΜΑ ΠΛΗΡΩΜΗΣ ΕΠΙΚΟΥΡΙΚΟ ΝΟΣΗΛΕΥΤΙΚΟ-ΠΑΡΑΪΑΤΡΙΚΟ ΠΡΟΣΩΠΙΚΟ (000001634),,,1676.59,anonymous sponsor (empty sponsorAFMName)
6ΣΦ54690Β3-Ο2Μ,2024-12-30,ΕΝΤΑΛΜΑ ΠΛΗΡΩΜΗΣ EΠΙΚΟΥΡΙΚΟΙ ΙΑΤΡΟΙ Ε.Σ.Υ. (000001629),,,5913.93,anonymous sponsor (empty sponsorAFMName)
60ΡΝ4690Β3-0ΥΓ,2024-12-30,ΕΝΤΑΛΜΑ ΠΛΗΡΩΜΗΣ ΕΠΙΚΟΥΡΙΚΟ ΝΟΣΗΛΕΥΤΙΚΟ-ΠΑΡΑΪΑΤΡΙΚΟ ΠΡΟΣΩΠΙΚΟ (000001634),,,101.66,anonymous sponsor (empty sponsorAFMName)
6ΜΤΩ4690Β3-Λ6Π,2024-12-30,ΕΝΤΑΛΜΑ ΠΛΗΡΩΜΗΣ ΕΠΙΚΟΥΡΙΚΟ ΝΟΣΗΛΕΥΤΙΚΟ-ΠΑΡΑΪΑΤΡΙΚΟ ΠΡΟΣΩΠΙΚΟ (000001634),,,86717.57,anonymous sponsor (empty sponsorAFMName)
9ΚΡΓ4690Β3-ΔΣ0,2024-12-30,ΕΝΤΑΛΜΑ ΠΛΗΡΩΜΗΣ ΕΠΙΚΟΥΡΙΚΟ ΝΟΣΗΛΕΥΤΙΚΟ-ΠΑΡΑΪΑΤΡΙΚΟ ΠΡΟΣΩΠΙΚΟ (000001634),,,32156.34,anonymous sponsor (empty sponsorAFMName)
9ΖΨΚ4690Β3-ΕΚΤ,2024-12-30,ΕΝΤΑΛΜΑ ΠΛΗΡΩΜΗΣ EΠΙΚΟΥΡΙΚΟΙ ΙΑΤΡΟΙ Ε.Σ.Υ. (000001629),,,160.00,anonymous sponsor (empty sponsorAFMName)
63004690Β3-7ΙΖ,2024-12-30,ΕΝΤΑΛΜΑ ΠΛΗΡΩΜΗΣ ΑΠΟΖΗΜΕΙΩΣΗ ΤΕΙ-ΑΣΚΟΥΜΕΝΩΝ Ο.Α.Ε.Δ. (001607),,,187.30,anonymous sponsor (empty sponsorAFMName)
ΨΕ754690Β3-Χ8Π,2024-12-30,ΕΝΤΑΛΜΑ ΠΛΗΡΩΜΗΣ ΕΡΓΟΔ.ΕΙΣΦ.ΙΚΑ ΑΣΚΟΥΜ.ΤΕΕ-ΙΕΚ.ΧΩΡ.ΑΜΟΙΒ.ΓΙΑ ΑΤΥΧΗΜ (001690),,,33.66,anonymous sponsor (empty sponsorAFMName)
ΨΙΑΧ4690Β3-Ω26,2024-12-30,ΕΝΤΑΛΜΑ ΠΛΗΡΩΜΗΣ ΕΠΙΚΟΥΡΙΚΟ ΝΟΣΗΛΕΥΤΙΚΟ-ΠΑΡΑΪΑΤΡΙΚΟ ΠΡΟΣΩΠΙΚΟ (000001634),,,1748.75,anonymous sponsor (empty sponsorAFMName)
9ΙΔΠ4690Β3-ΜΧΓ,2024-12-30,ΕΝΤΑΛΜΑ ΠΛΗΡΩΜΗΣ EΠΙΚΟΥΡΙΚΟΙ ΙΑΤΡΟΙ Ε.Σ.Υ. (000001629),,,52491.74,anonymous sponsor (empty sponsorAFMName)
9ΨΧΥ4690Β3-ΕΛ8,2024-12-30,ΕΝΤΑΛΜΑ ΠΛΗΡΩΜΗΣ ΕΠΟΧΙΚΟ ΠΡΟΣΩΠΙΚΟ ΚΑΘΑΡΙΟΤΗΤΑΣ (999111999),,,31615.69,anonymous sponsor (empty sponsorAFMName)
6ΖΓΘ4690Β3-ΣΨΞ,2024-12-30,ΕΝΤΑΛΜΑ ΠΛΗΡΩΜΗΣ ΕΡΓΟΔ.ΕΙΣΦ.ΙΚΑ ΑΣΚΟΥΜ.ΤΕΕ-ΙΕΚ.ΧΩΡ.ΑΜΟΙΒ.ΓΙΑ ΑΤΥΧΗΜ (001690),,,9.71,anonymous sponsor (empty sponsorAFMName)
66Υ24690Β3-ΟΚΑ,2024-12-30,ΕΝΤΑΛΜΑ ΠΛΗΡΩΜΗΣ EΠΙΚΟΥΡΙΚΟΙ ΙΑΤΡΟΙ Ε.Σ.Υ. (000001629),,,2592.43,anonymous sponsor (empty sponsorAFMName)
Ψ7ΛΖ4690Β3-Ξ63,2024-12-30,ΕΝΤΑΛΜΑ ΠΛΗΡΩΜΗΣ ΕΠΙΣΤΡΟΦΗ ΕΞΕΤ/ΤΡΩΝ ΛΟΓΩ ΝΟΣΗΛΕΙΑΣ (001633),,,1820.00,anonymous sponsor (empty sponsorAFMName)
ΨΑΩ44690Β3-ΘΡΚ,2024-12-23,ΕΝΤΑΛΜΑ ΠΛΗΡΩΜΗΣ ΚΡΑΤ.3391-54.03.00.0001 Φ.Μ.Υ. (001512),,,83.55,anonymous sponsor (empty sponsorAFMName)
9ΧΠΓ4690Β3-Β69,2024-12-23,ΕΝΤΑΛΜΑ ΠΛΗΡΩΜΗΣ ΚΡΑΤ.3391-54.03.00.0001 Φ.Μ.Υ. (001512),,,111.85,anonymous sponsor (empty sponsorAFMName)
6ΑΩ34690Β3-42Λ,2024-12-23,ΕΝΤΑΛΜΑ ΠΛΗΡΩΜΗΣ ΕΙΣΦΟΡΕΣ ΑΠΑΣΧ/ΝΩΝ ΟΑΕΔ ΜΕΣΩ ΠΡΟΓ. ΚΟΙΝΩΦ. ΧΑΡΑΚΤΗΡΑ (),,,1655.81,anonymous sponsor (empty sponsorAFMName)
6ΙΧΟ4690Β3-ΟΒΚ,2024-12-23,ΕΝΤΑΛΜΑ ΠΛΗΡΩΜΗΣ ΕΙΣΦΟΡΕΣ ΑΠΑΣΧ/ΝΩΝ ΟΑΕΔ ΜΕΣΩ ΠΡΟΓ. ΚΟΙΝΩΦ. ΧΑΡΑΚΤΗΡΑ (),,,3707.50,anonymous sponsor (empty sponsorAFMName)
ΨΓΚΦ4690Β3-ΝΟ9,2024-12-23,ΕΝΤΑΛΜΑ ΠΛΗΡΩΜΗΣ ΚΡΑΤ.3391-53.20.00.0001 ΕΛΛΗΝΙΚΟ ΔΗΜΟΣΙΟ (001506),,,818.79,anonymous sponsor (empty sponsorAFMName)
9ΡΟ74690Β3-ΙΑΒ,2024-12-23,ΕΝΤΑΛΜΑ ΠΛΗΡΩΜΗΣ ΚΡΑΤ.3391-54.04.02.0001 Χ/ΜΑ και ΟΓΑ Χ/ΜΩΝ (),,,19.09,anonymous sponsor (empty sponsorAFMName)
Ψ1ΥΚ4690Β3-ΣΡ0,2024-12-23,ΕΝΤΑΛΜΑ ΠΛΗΡΩΜΗΣ ΚΡΑΤ.3391-54.04.00.0001 ΦΟΡΟΣ ΕΛΕΥΘΕΡ.ΕΠΑΓΓΕΛΜΑΤ (),,,11143.59,anonymous sponsor (empty sponsorAFMName)
97ΒΠ4690Β3-ΔΓ8,2024-12-23,ΕΝΤΑΛΜΑ ΠΛΗΡΩΜΗΣ ΚΡΑΤ.3391-54.09.14.0001 ΦΟΡΟΣ ΠΡΟΜΗΘΕΥΤΩΝ (001510),,,23036.31,anonymous sponsor (empty sponsorAFMName)
6Γ4Ψ4690Β3-ΥΗΜ,2024-12-23,ΕΝΤΑΛΜΑ ΠΛΗΡΩΜΗΣ ΚΡΑΤ.3391-53.20.00.0001 ΕΛΛΗΝΙΚΟ ΔΗΜΟΣΙΟ (001506),,,7080.06,anonymous sponsor (empty sponsorAFMName)
ΨΠΦ34690Β3-ΛΣΟ,2024-12-23,ΕΝΤΑΛΜΑ ΠΛΗΡΩΜΗΣ ΚΡΑΤ.3391-53.20.00.0001 ΕΛΛΗΝΙΚΟ ΔΗΜΟΣΙΟ (001506),,,19.42,anonymous sponsor (empty sponsorAFMName)
ΨΤΥΩ4690Β3-ΓΗΟ,2024-12-23,ΕΝΤΑΛΜΑ ΠΛΗΡΩΜΗΣ ΚΡΑΤ.3391-53.20.00.0001 ΕΛΛΗΝΙΚΟ ΔΗΜΟΣΙΟ (001506),,,357.90,anonymous sponsor (empty sponsorAFMName)
Ψ3Η14690Β3-Μ7Γ,2024-12-23,ΕΝΤΑΛΜΑ ΠΛΗΡΩΜΗΣ ΚΡΑΤ.3391-53.20.00.0001 ΕΛΛΗΝΙΚΟ ΔΗΜΟΣΙΟ (001506),,,183.21,anonymous sponsor (empty sponsorAFMName)
6ΣΜΔ4690Β3-8ΙΚ,2024-12-20,ΕΝΤΑΛΜΑ ΠΛΗΡΩΜΗΣ ΔΙΚΑΙΟΥΧΟΙ ΑΜΟΙΒΩΝ (001600),,,6300.00,anonymous sponsor (empty sponsorAFMName)
Ψ4ΣΛ4690Β3-ΟΓΖ,2024-12-20,ΕΝΤΑΛΜΑ ΠΛΗΡΩΜΗΣ ΑΠΟΖΗΜΙΩΣΗ ΕΦΗΜΕΡΙΩΝ (002535),,,250.00,anonymous sponsor (empty sponsorAFMName)
6Ρ224690Β3-ΣΡΘ,2024-12-20,ΕΝΤΑΛΜΑ ΠΛΗΡΩΜΗΣ ΑΠΟΖΗΜΙΩΣΗ ΕΦΗΜΕΡΙΩΝ (002535),,,6250.00,anonymous sponsor (empty sponsorAFMName)
Ψ3Δ24690Β3-ΩΟΡ,2024-12-20,ΕΝΤΑΛΜΑ ΠΛΗΡΩΜΗΣ ΑΠΟΖΗΜΙΩΣΗ ΕΦΗΜΕΡΙΩΝ (002535),,,500.00,anonymous sponsor (empty sponsorAFMName)
ΨΦΞ64690Β3-9ΞΕ,2024-12-20,ΕΝΤΑΛΜΑ ΠΛΗΡΩΜΗΣ ΑΠΟΖΗΜΙΩΣΗ ΕΦΗΜΕΡΙΩΝ (002535),,,5250.00,anonymous sponsor (empty sponsorAFMName)
6ΕΔ04690Β3-8Ο7,2024-12-20,ΕΝΤΑΛΜΑ ΠΛΗΡΩΜΗΣ ΒΙΟΣΕΡ ΑΕ (094035927),,,6337.05,anonymous sponsor (empty sponsorAFMName)
Ψ6ΞΦ4690Β3-2ΙΔ,2024-12-19,ΕΝΤΑΛΜΑ ΠΛΗΡΩΜΗΣ ΑΜΟΙΒΕΣ ΙΑΤΡΙΚΟΥ ΠΡΟΣΩΠΙΚΟΥ ΛΕΙΤΟΥΡΓΙΑΣ ΑΠΟΓΕΥΜΑΤΙΝΩΝ ΙΑΤΡΕΙΩΝ (210923000),,,3218.29,anonymous sponsor (empty sponsorAFMName)
9ΩΟΨ4690Β3-1ΧΦ,2024-12-19,ΕΝΤΑΛΜΑ ΠΛΗΡΩΜΗΣ ΑΜΟΙΒΕΣ ΔΙΟΙΚΗΤΙΚΟΥ   ΛΟΙΠΟΥ ΠΡΟΣΩΠΙΚΟΥ ΛΕΙΤΟΥΡΓΙΑΣ ΑΠΟΓΕΥΜΑΤΙΝΩΝ ΙΑΤΡΕΙΩΝ (55831111),,,880.00,anonymous sponsor (empty sponsorAFMName)
9Υ824690Β3-ΑΨΓ,2024-12-19,ΕΝΤΑΛΜΑ ΠΛΗΡΩΜΗΣ ΑΠΟΖΗΜΙΩΣΗ ΓΙΑ ΝΥΧΤΕΡΙΝΑ-ΕΞΑΙΡΕΣΙΜΑ-ΥΠΕΡΩΡ.ΑΠΑΣΧΟΛΗΣΗ (001628),,,76.85,anonymous sponsor (empty sponsorAFMName)
Ψ6214690Β3-3Φ5,2024-12-19,ΕΝΤΑΛΜΑ ΠΛΗΡΩΜΗΣ ΑΠΟΖΗΜΙΩΣΗ ΓΙΑ ΝΥΧΤΕΡΙΝΑ-ΕΞΑΙΡΕΣΙΜΑ-ΥΠΕΡΩΡ.ΑΠΑΣΧΟΛΗΣΗ (001628),,,1073.66,anonymous sponsor (empty sponsorAFMName)
ΨΟΝΑ4690Β3-Σ2Ν,2024-12-19,ΕΝΤΑΛΜΑ ΠΛΗΡΩΜΗΣ ΑΠΟΖΗΜΙΩΣΗ ΓΙΑ ΝΥΧΤΕΡΙΝΑ-ΕΞΑΙΡΕΣΙΜΑ-ΥΠΕΡΩΡ.ΑΠΑΣΧΟΛΗΣΗ (001628),,,865.13,anonymous sponsor (empty sponsorAFMName)
9ΙΧΚ4690Β3-ΛΗΥ,2024-12-19,ΕΝΤΑΛΜΑ ΠΛΗΡΩΜΗΣ ΑΠΟΖΗΜΙΩΣΗ ΓΙΑ ΝΥΧΤΕΡΙΝΑ-ΕΞΑΙΡΕΣΙΜΑ-ΥΠΕΡΩΡ.ΑΠΑΣΧΟΛΗΣΗ (001628),,,2341.88,anonymous sponsor (empty sponsorAFMName)
9ΘΝΒ4690Β3-ΒΩ8,2024-12-19,ΕΝΤΑΛΜΑ ΠΛΗΡΩΜΗΣ ΑΠΟΖΗΜΙΩΣΗ ΓΙΑ ΝΥΧΤΕΡΙΝΑ-ΕΞΑΙΡΕΣΙΜΑ-ΥΠΕΡΩΡ.ΑΠΑΣΧΟΛΗΣΗ (001628),,,85.39,anonymous sponsor (empty sponsorAFMName)
9ΑΜΡ4690Β3-Λ2Ι,2024-12-19,ΕΝΤΑΛΜΑ ΠΛΗΡΩΜΗΣ ΑΠΟΖΗΜΙΩΣΗ ΓΙΑ ΝΥΧΤΕΡΙΝΑ-ΕΞΑΙΡΕΣΙΜΑ-ΥΠΕΡΩΡ.ΑΠΑΣΧΟΛΗΣΗ (001628),,,521.30,anonymous sponsor (empty sponsorAFMName)
9ΓΕ04690Β3-ΦΛΘ,2024-12-19,ΕΝΤΑΛΜΑ ΠΛΗΡΩΜΗΣ ΑΠΟΖΗΜΙΩΣΗ ΓΙΑ ΝΥΧΤΕΡΙΝΑ-ΕΞΑΙΡΕΣΙΜΑ-ΥΠΕΡΩΡ.ΑΠΑΣΧΟΛΗΣΗ (001628),,,5777.84,anonymous sponsor (empty sponsorAFMName)
ΨΑΖ64690Β3-ΕΩΙ,2024-12-19,ΕΝΤΑΛΜΑ ΠΛΗΡΩΜΗΣ ΑΠΟΖΗΜΙΩΣΗ ΓΙΑ ΝΥΧΤΕΡΙΝΑ-ΕΞΑΙΡΕΣΙΜΑ-ΥΠΕΡΩΡ.ΑΠΑΣΧΟΛΗΣΗ (001628),,,7181.15,anonymous sponsor (empty sponsorAFMName)
ΨΩΙΩ4690Β3-ΡΘΑ,2024-12-19,ΕΝΤΑΛΜΑ ΠΛΗΡΩΜΗΣ ΑΠΟΖΗΜΙΩΣΗ ΓΙΑ ΝΥΧΤΕΡΙΝΑ-ΕΞΑΙΡΕΣΙΜΑ-ΥΠΕΡΩΡ.ΑΠΑΣΧΟΛΗΣΗ (001628),,,1484.19,anonymous sponsor (empty sponsorAFMName)
9ΚΕΦ4690Β3-ΘΨ0,2024-12-19,ΕΝΤΑΛΜΑ ΠΛΗΡΩΜΗΣ ΑΠΟΖΗΜΙΩΣΗ ΓΙΑ ΝΥΧΤΕΡΙΝΑ-ΕΞΑΙΡΕΣΙΜΑ-ΥΠΕΡΩΡ.ΑΠΑΣΧΟΛΗΣΗ (001628),,,475.87,anonymous sponsor (empty sponsorAFMName)
9ΒΣΞ4690Β3-13Γ,2024-12-19,ΕΝΤΑΛΜΑ ΠΛΗΡΩΜΗΣ ΑΠΟΖΗΜΙΩΣΗ ΓΙΑ ΝΥΧΤΕΡΙΝΑ-ΕΞΑΙΡΕΣΙΜΑ-ΥΠΕΡΩΡ.ΑΠΑΣΧΟΛΗΣΗ (001628),,,218.53,anonymous sponsor (empty sponsorAFMName)
ΨΟΣ44690Β3-3ΚΟ,2024-12-19,ΕΝΤΑΛΜΑ ΠΛΗΡΩΜΗΣ ΑΠΟΖΗΜΙΩΣΗ ΓΙΑ ΝΥΧΤΕΡΙΝΑ-ΕΞΑΙΡΕΣΙΜΑ-ΥΠΕΡΩΡ.ΑΠΑΣΧΟΛΗΣΗ (001628),,,350.25,anonymous sponsor (empty sponsorAFMName)
ΨΞΧΩ4690Β3-9Ο9,2024-12-19,ΕΝΤΑΛΜΑ ΠΛΗΡΩΜΗΣ ΑΠΟΖΗΜΙΩΣΗ ΓΙΑ ΝΥΧΤΕΡΙΝΑ-ΕΞΑΙΡΕΣΙΜΑ-ΥΠΕΡΩΡ.ΑΠΑΣΧΟΛΗΣΗ (001628),,,5434.73,anonymous sponsor (empty sponsorAFMName)
96ΕΟ4690Β3-ΑΔΘ,2024-12-19,ΕΝΤΑΛΜΑ ΠΛΗΡΩΜΗΣ ΑΠΟΖΗΜΙΩΣΗ ΓΙΑ ΝΥΧΤΕΡΙΝΑ-ΕΞΑΙΡΕΣΙΜΑ-ΥΠΕΡΩΡ.ΑΠΑΣΧΟΛΗΣΗ (001628),,,1458.14,anonymous sponsor (empty sponsorAFMName)
603Ο4690Β3-Θ21,2024-12-19,ΕΝΤΑΛΜΑ ΠΛΗΡΩΜΗΣ ΑΠΟΖΗΜΙΩΣΗ ΓΙΑ ΝΥΧΤΕΡΙΝΑ-ΕΞΑΙΡΕΣΙΜΑ-ΥΠΕΡΩΡ.ΑΠΑΣΧΟΛΗΣΗ (001628),,,999.22,anonymous sponsor (empty sponsorAFMName)
9ΩΙ04690Β3-24Ω,2024-12-19,ΕΝΤΑΛΜΑ ΠΛΗΡΩΜΗΣ ΑΠΟΖΗΜΙΩΣΗ ΓΙΑ ΝΥΧΤΕΡΙΝΑ-ΕΞΑΙΡΕΣΙΜΑ-ΥΠΕΡΩΡ.ΑΠΑΣΧΟΛΗΣΗ (001628),,,878.26,anonymous sponsor (empty sponsorAFMName)
907Τ4690Β3-ΘΕΦ,2024-12-19,ΕΝΤΑΛΜΑ ΠΛΗΡΩΜΗΣ ΑΠΟΖΗΜΙΩΣΗ ΓΙΑ ΝΥΧΤΕΡΙΝΑ-ΕΞΑΙΡΕΣΙΜΑ-ΥΠΕΡΩΡ.ΑΠΑΣΧΟΛΗΣΗ (001628),,,1353.68,anonymous sponsor (empty sponsorAFMName)
6ΘΘΦ4690Β3-ΗΑΠ,2024-12-19,ΕΝΤΑΛΜΑ ΠΛΗΡΩΜΗΣ ΑΠΟΖΗΜΙΩΣΗ ΓΙΑ ΝΥΧΤΕΡΙΝΑ-ΕΞΑΙΡΕΣΙΜΑ-ΥΠΕΡΩΡ.ΑΠΑΣΧΟΛΗΣΗ (001628),,,625.45,anonymous sponsor (empty sponsorAFMName)
9ΨΣ14690Β3-6Η3,2024-12-19,ΕΝΤΑΛΜΑ ΠΛΗΡΩΜΗΣ ΑΠΟΖΗΜΙΩΣΗ ΓΙΑ ΝΥΧΤΕΡΙΝΑ-ΕΞΑΙΡΕΣΙΜΑ-ΥΠΕΡΩΡ.ΑΠΑΣΧΟΛΗΣΗ (001628),,,2695.86,anonymous sponsor (empty sponsorAFMName)
Ψ7ΕΗ4690Β3-ΤΙΧ,2024-12-19,ΕΝΤΑΛΜΑ ΠΛΗΡΩΜΗΣ ΑΠΟΖΗΜΙΩΣΗ ΓΙΑ ΝΥΧΤΕΡΙΝΑ-ΕΞΑΙΡΕΣΙΜΑ-ΥΠΕΡΩΡ.ΑΠΑΣΧΟΛΗΣΗ (001628),,,7791.05,anonymous sponsor (empty sponsorAFMName)
6ΣΠΩ4690Β3-8ΥΛ,2024-12-19,ΕΝΤΑΛΜΑ ΠΛΗΡΩΜΗΣ ΑΠΟΖΗΜΙΩΣΗ ΓΙΑ ΝΥΧΤΕΡΙΝΑ-ΕΞΑΙΡΕΣΙΜΑ-ΥΠΕΡΩΡ.ΑΠΑΣΧΟΛΗΣΗ (001628),,,5611.61,anonymous sponsor (empty sponsorAFMName)
ΨΜ1Λ4690Β3-ΣΓΛ,2024-12-19,ΕΝΤΑΛΜΑ ΠΛΗΡΩΜΗΣ ΑΠΟΖΗΜΙΩΣΗ ΓΙΑ ΝΥΧΤΕΡΙΝΑ-ΕΞΑΙΡΕΣΙΜΑ-ΥΠΕΡΩΡ.ΑΠΑΣΧΟΛΗΣΗ (001628),,,318.19,anonymous sponsor (empty sponsorAFMName)
ΨΩΝΚ4690Β3-5ΣΞ,2024-12-19,ΕΝΤΑΛΜΑ ΠΛΗΡΩΜΗΣ ΑΠΟΖΗΜΙΩΣΗ ΓΙΑ ΝΥΧΤΕΡΙΝΑ-ΕΞΑΙΡΕΣΙΜΑ-ΥΠΕΡΩΡ.ΑΠΑΣΧΟΛΗΣΗ (001628),,,1497.36,anonymous sponsor (empty sponsorAFMName)
Ψ98Ε4690Β3-60Υ,2024-12-19,ΕΝΤΑΛΜΑ ΠΛΗΡΩΜΗΣ ΑΠΟΖΗΜΙΩΣΗ ΓΙΑ ΝΥΧΤΕΡΙΝΑ-ΕΞΑΙΡΕΣΙΜΑ-ΥΠΕΡΩΡ.ΑΠΑΣΧΟΛΗΣΗ (001628),,,9403.96,anonymous sponsor (empty sponsorAFMName)
ΨΙΖΒ4690Β3-11Ψ,2024-12-19,ΕΝΤΑΛΜΑ ΠΛΗΡΩΜΗΣ ΑΠΟΖΗΜΙΩΣΗ ΓΙΑ ΝΥΧΤΕΡΙΝΑ-ΕΞΑΙΡΕΣΙΜΑ-ΥΠΕΡΩΡ.ΑΠΑΣΧΟΛΗΣΗ (001628),,,9692.42,anonymous sponsor (empty sponsorAFMName)
96ΑΣ4690Β3-39Ψ,2024-12-19,ΕΝΤΑΛΜΑ ΠΛΗΡΩΜΗΣ ΑΠΟΖΗΜΙΩΣΗ ΓΙΑ ΝΥΧΤΕΡΙΝΑ-ΕΞΑΙΡΕΣΙΜΑ-ΥΠΕΡΩΡ.ΑΠΑΣΧΟΛΗΣΗ (001628),,,2156.98,anonymous sponsor (empty sponsorAFMName)
99754690Β3-259,2024-12-18,ΕΝΤΑΛΜΑ ΠΛΗΡΩΜΗΣ ΑΠΟΖΗΜΙΩΣΗ ΕΦΗΜΕΡΙΩΝ (002535),,,2733.19,anonymous sponsor (empty sponsorAFMName)
9Ψ174690Β3-6ΙΓ,2024-12-18,ΕΝΤΑΛΜΑ ΠΛΗΡΩΜΗΣ ΑΠΟΖΗΜΙΩΣΗ ΕΦΗΜΕΡΙΩΝ (002535),,,21572.78,anonymous sponsor (empty sponsorAFMName)
ΨΩ184690Β3-Ν00,2024-12-18,ΕΝΤΑΛΜΑ ΠΛΗΡΩΜΗΣ ΑΠΟΖΗΜΙΩΣΗ ΕΦΗΜΕΡΙΩΝ (002535),,,304.64,anonymous sponsor (empty sponsorAFMName)
ΨΣΓΥ4690Β3-Κ2Π,2024-12-18,ΕΝΤΑΛΜΑ ΠΛΗΡΩΜΗΣ ΑΠΟΖΗΜΙΩΣΗ ΕΦΗΜΕΡΙΩΝ (002535),,,2210.90,anonymous sponsor (empty sponsorAFMName)
ΨΩΨΟ4690Β3-ΥΟΖ,2024-12-18,ΕΝΤΑΛΜΑ ΠΛΗΡΩΜΗΣ ΑΠΟΖΗΜΙΩΣΗ ΕΦΗΜΕΡΙΩΝ (002535),,,15730.88,anonymous sponsor (empty sponsorAFMName)
ΡΟΧΤ4690Β3-9Ο4,2024-12-18,ΕΝΤΑΛΜΑ ΠΛΗΡΩΜΗΣ ΑΠΟΖΗΜΙΩΣΗ ΕΦΗΜΕΡΙΩΝ (002535),,,88888.77,anonymous sponsor (empty sponsorAFMName)
9ΨΗΘ4690Β3-169,2024-12-06,ΕΝΤΑΛΜΑ ΠΛΗΡΩΜΗΣ ΚΟΙΝΟΧΡΗΣΤΑ (001648),,,153.90,anonymous sponsor (empty sponsorAFMName)
97Ψ54690Β3-ΛΧΡ,2024-12-05,ΕΝΤΑΛΜΑ ΠΛΗΡΩΜΗΣ ΒΙΟΣΕΡ ΑΕ (094035927),,,1411.37,anonymous sponsor (empty sponsorAFMName)
ΨΡΨΓ4690Β3-82Τ,2024-12-02,ΕΝΤΑΛΜΑ ΠΛΗΡΩΜΗΣ ΑΠΟΖΗΜΙΩΣΗ ΓΙΑ ΝΥΧΤΕΡΙΝΑ-ΕΞΑΙΡΕΣΙΜΑ-ΥΠΕΡΩΡ.ΑΠΑΣΧΟΛΗΣΗ (001628),,,147.34,anonymous sponsor (empty sponsorAFMName)
ΨΨΥ34690Β3-17Π,2024-12-02,ΕΝΤΑΛΜΑ ΠΛΗΡΩΜΗΣ ΑΠΟΖΗΜΙΩΣΗ ΓΙΑ ΝΥΧΤΕΡΙΝΑ-ΕΞΑΙΡΕΣΙΜΑ-ΥΠΕΡΩΡ.ΑΠΑΣΧΟΛΗΣΗ (001628),,,1010.27,anonymous sponsor (empty sponsorAFMName)
90Ο44690Β3-ΨΔΨ,2024-12-02,ΕΝΤΑΛΜΑ ΠΛΗΡΩΜΗΣ ΑΠΟΖΗΜΙΩΣΗ ΓΙΑ ΝΥΧΤΕΡΙΝΑ-ΕΞΑΙΡΕΣΙΜΑ-ΥΠΕΡΩΡ.ΑΠΑΣΧΟΛΗΣΗ (001628),,,133.58,anonymous sponsor (empty sponsorAFMName)
6Γ3Ζ4690Β3-ΨΔΡ,2024-12-02,ΕΝΤΑΛΜΑ ΠΛΗΡΩΜΗΣ ΑΠΟΖΗΜΙΩΣΗ ΓΙΑ ΝΥΧΤΕΡΙΝΑ-ΕΞΑΙΡΕΣΙΜΑ-ΥΠΕΡΩΡ.ΑΠΑΣΧΟΛΗΣΗ (001628),,,577.47,anonymous sponsor (empty sponsorAFMName)
9ΙΨΛ4690Β3-ΘΔ5,2024-12-02,ΕΝΤΑΛΜΑ ΠΛΗΡΩΜΗΣ ΑΠΟΖΗΜΙΩΣΗ ΓΙΑ ΝΥΧΤΕΡΙΝΑ-ΕΞΑΙΡΕΣΙΜΑ-ΥΠΕΡΩΡ.ΑΠΑΣΧΟΛΗΣΗ (001628),,,6894.98,anonymous sponsor (empty sponsorAFMName)
9ΧΛ64690Β3-Δ19,2024-12-02,ΕΝΤΑΛΜΑ ΠΛΗΡΩΜΗΣ ΑΠΟΖΗΜΙΩΣΗ ΓΙΑ ΝΥΧΤΕΡΙΝΑ-ΕΞΑΙΡΕΣΙΜΑ-ΥΠΕΡΩΡ.ΑΠΑΣΧΟΛΗΣΗ (001628),,,118.19,anonymous sponsor (empty sponsorAFMName)
6Φ434690Β3-Β3Ο,2024-12-02,ΕΝΤΑΛΜΑ ΠΛΗΡΩΜΗΣ ΑΠΟΖΗΜΙΩΣΗ ΓΙΑ ΝΥΧΤΕΡΙΝΑ-ΕΞΑΙΡΕΣΙΜΑ-ΥΠΕΡΩΡ.ΑΠΑΣΧΟΛΗΣΗ (001628),,,865.13,anonymous sponsor (empty sponsorAFMName)
9Β0Ν4690Β3-Ω5Η,2024-12-02,ΕΝΤΑΛΜΑ ΠΛΗΡΩΜΗΣ ΑΠΟΖΗΜΙΩΣΗ ΓΙΑ ΝΥΧΤΕΡΙΝΑ-ΕΞΑΙΡΕΣΙΜΑ-ΥΠΕΡΩΡ.ΑΠΑΣΧΟΛΗΣΗ (001628),,,1057.39,anonymous sponsor (empty sponsorAFMName)
9Ο6Ψ4690Β3-8ΓΑ,2024-12-02,ΕΝΤΑΛΜΑ ΠΛΗΡΩΜΗΣ ΑΠΟΖΗΜΙΩΣΗ ΓΙΑ ΝΥΧΤΕΡΙΝΑ-ΕΞΑΙΡΕΣΙΜΑ-ΥΠΕΡΩΡ.ΑΠΑΣΧΟΛΗΣΗ (001628),,,3029.37,anonymous sponsor (empty sponsorAFMName)
ΨΥΞΜ4690Β3-ΙΧ6,2024-12-02,ΕΝΤΑΛΜΑ ΠΛΗΡΩΜΗΣ ΑΠΟΖΗΜΙΩΣΗ ΓΙΑ ΝΥΧΤΕΡΙΝΑ-ΕΞΑΙΡΕΣΙΜΑ-ΥΠΕΡΩΡ.ΑΠΑΣΧΟΛΗΣΗ (001628),,,6316.76,anonymous sponsor (empty sponsorAFMName)
9ΠΡ54690Β3-1ΦΖ,2024-12-02,ΕΝΤΑΛΜΑ ΠΛΗΡΩΜΗΣ ΑΠΟΖΗΜΙΩΣΗ ΓΙΑ ΝΥΧΤΕΡΙΝΑ-ΕΞΑΙΡΕΣΙΜΑ-ΥΠΕΡΩΡ.ΑΠΑΣΧΟΛΗΣΗ (001628),,,1408.18,anonymous sponsor (empty sponsorAFMName)
6ΘΩΓ4690Β3-2ΗΘ,2024-12-02,ΕΝΤΑΛΜΑ ΠΛΗΡΩΜΗΣ ΑΠΟΖΗΜΙΩΣΗ ΓΙΑ ΝΥΧΤΕΡΙΝΑ-ΕΞΑΙΡΕΣΙΜΑ-ΥΠΕΡΩΡ.ΑΠΑΣΧΟΛΗΣΗ (001628),,,497.81,anonymous sponsor (empty sponsorAFMName)
Ψ64Δ4690Β3-ΙΥΓ,2024-12-02,ΕΝΤΑΛΜΑ ΠΛΗΡΩΜΗΣ ΑΠΟΖΗΜΙΩΣΗ ΓΙΑ ΝΥΧΤΕΡΙΝΑ-ΕΞΑΙΡΕΣΙΜΑ-ΥΠΕΡΩΡ.ΑΠΑΣΧΟΛΗΣΗ (001628),,,239.85,anonymous sponsor (empty sponsorAFMName)
ΨΔΘΧ4690Β3-ΜΤΜ,2024-12-02,ΕΝΤΑΛΜΑ ΠΛΗΡΩΜΗΣ ΑΠΟΖΗΜΙΩΣΗ ΓΙΑ ΝΥΧΤΕΡΙΝΑ-ΕΞΑΙΡΕΣΙΜΑ-ΥΠΕΡΩΡ.ΑΠΑΣΧΟΛΗΣΗ (001628),,,398.97,anonymous sponsor (empty sponsorAFMName)
9ΡΖ74690Β3-ΙΑ7,2024-12-02,ΕΝΤΑΛΜΑ ΠΛΗΡΩΜΗΣ ΑΠΟΖΗΜΙΩΣΗ ΓΙΑ ΝΥΧΤΕΡΙΝΑ-ΕΞΑΙΡΕΣΙΜΑ-ΥΠΕΡΩΡ.ΑΠΑΣΧΟΛΗΣΗ (001628),,,5831.81,anonymous sponsor (empty sponsorAFMName)
9Θ784690Β3-4ΨΙ,2024-12-02,ΕΝΤΑΛΜΑ ΠΛΗΡΩΜΗΣ ΑΠΟΖΗΜΙΩΣΗ ΓΙΑ ΝΥΧΤΕΡΙΝΑ-ΕΞΑΙΡΕΣΙΜΑ-ΥΠΕΡΩΡ.ΑΠΑΣΧΟΛΗΣΗ (001628),,,1932.08,anonymous sponsor (empty sponsorAFMName)
6ΖΕΥ4690Β3-49Ζ,2024-12-02,ΕΝΤΑΛΜΑ ΠΛΗΡΩΜΗΣ ΑΠΟΖΗΜΙΩΣΗ ΓΙΑ ΝΥΧΤΕΡΙΝΑ-ΕΞΑΙΡΕΣΙΜΑ-ΥΠΕΡΩΡ.ΑΠΑΣΧΟΛΗΣΗ (001628),,,637.37,anonymous sponsor (empty sponsorAFMName)
6Ζ944690Β3-ΑΒΙ,2024-12-02,ΕΝΤΑΛΜΑ ΠΛΗΡΩΜΗΣ ΑΠΟΖΗΜΙΩΣΗ ΓΙΑ ΝΥΧΤΕΡΙΝΑ-ΕΞΑΙΡΕΣΙΜΑ-ΥΠΕΡΩΡ.ΑΠΑΣΧΟΛΗΣΗ (001628),,,763.72,anonymous sponsor (empty sponsorAFMName)
ΨΩΙΨ4690Β3-ΡΨΑ,2024-12-02,ΕΝΤΑΛΜΑ ΠΛΗΡΩΜΗΣ ΑΠΟΖΗΜΙΩΣΗ ΓΙΑ ΝΥΧΤΕΡΙΝΑ-ΕΞΑΙΡΕΣΙΜΑ-ΥΠΕΡΩΡ.ΑΠΑΣΧΟΛΗΣΗ (001628),,,1388.59,anonymous sponsor (empty sponsorAFMName)
6Ε424690Β3-ΜΝΞ,2024-12-02,ΕΝΤΑΛΜΑ ΠΛΗΡΩΜΗΣ ΑΠΟΖΗΜΙΩΣΗ ΓΙΑ ΝΥΧΤΕΡΙΝΑ-ΕΞΑΙΡΕΣΙΜΑ-ΥΠΕΡΩΡ.ΑΠΑΣΧΟΛΗΣΗ (001628),,,694.08,anonymous sponsor (empty sponsorAFMName)
Ψ8534690Β3-ΕΙΠ,2024-12-02,ΕΝΤΑΛΜΑ ΠΛΗΡΩΜΗΣ ΑΠΟΖΗΜΙΩΣΗ ΓΙΑ ΝΥΧΤΕΡΙΝΑ-ΕΞΑΙΡΕΣΙΜΑ-ΥΠΕΡΩΡ.ΑΠΑΣΧΟΛΗΣΗ (001628),,,2700.65,anonymous sponsor (empty sponsorAFMName)
9Χ1Υ4690Β3-ΕΡΝ,2024-12-02,ΕΝΤΑΛΜΑ ΠΛΗΡΩΜΗΣ ΑΠΟΖΗΜΙΩΣΗ ΓΙΑ ΝΥΧΤΕΡΙΝΑ-ΕΞΑΙΡΕΣΙΜΑ-ΥΠΕΡΩΡ.ΑΠΑΣΧΟΛΗΣΗ (001628),,,6295.97,anonymous sponsor (empty sponsorAFMName)
Ψ4ΜΗ4690Β3-ΓΦΑ,2024-12-02,ΕΝΤΑΛΜΑ ΠΛΗΡΩΜΗΣ ΑΠΟΖΗΜΙΩΣΗ ΓΙΑ ΝΥΧΤΕΡΙΝΑ-ΕΞΑΙΡΕΣΙΜΑ-ΥΠΕΡΩΡ.ΑΠΑΣΧΟΛΗΣΗ (001628),,,5792.79,anonymous sponsor (empty sponsorAFMName)
ΨΑ8Α4690Β3-Σ75,2024-12-02,ΕΝΤΑΛΜΑ ΠΛΗΡΩΜΗΣ ΑΠΟΖΗΜΙΩΣΗ ΓΙΑ ΝΥΧΤΕΡΙΝΑ-ΕΞΑΙΡΕΣΙΜΑ-ΥΠΕΡΩΡ.ΑΠΑΣΧΟΛΗΣΗ (001628),,,381.44,anonymous sponsor (empty sponsorAFMName)
91ΛΨ4690Β3-Α9Π,2024-12-02,ΕΝΤΑΛΜΑ ΠΛΗΡΩΜΗΣ ΑΠΟΖΗΜΙΩΣΗ ΓΙΑ ΝΥΧΤΕΡΙΝΑ-ΕΞΑΙΡΕΣΙΜΑ-ΥΠΕΡΩΡ.ΑΠΑΣΧΟΛΗΣΗ (001628),,,1454.13,anonymous sponsor (empty sponsorAFMName)
9ΠΒΒ4690Β3-4ΞΟ,2024-12-02,ΕΝΤΑΛΜΑ ΠΛΗΡΩΜΗΣ ΑΠΟΖΗΜΙΩΣΗ ΓΙΑ ΝΥΧΤΕΡΙΝΑ-ΕΞΑΙΡΕΣΙΜΑ-ΥΠΕΡΩΡ.ΑΠΑΣΧΟΛΗΣΗ (001628),,,9035.40,anonymous sponsor (empty sponsorAFMName)
6ΥΗΩ4690Β3-ΣΝΚ,2024-12-02,ΕΝΤΑΛΜΑ ΠΛΗΡΩΜΗΣ ΑΠΟΖΗΜΙΩΣΗ ΓΙΑ ΝΥΧΤΕΡΙΝΑ-ΕΞΑΙΡΕΣΙΜΑ-ΥΠΕΡΩΡ.ΑΠΑΣΧΟΛΗΣΗ (001628),,,11497.63,anonymous sponsor (empty sponsorAFMName)
ΨΛΣΧ4690Β3-ΣΚΦ,2024-12-02,ΕΝΤΑΛΜΑ ΠΛΗΡΩΜΗΣ ΑΠΟΖΗΜΙΩΣΗ ΓΙΑ ΝΥΧΤΕΡΙΝΑ-ΕΞΑΙΡΕΣΙΜΑ-ΥΠΕΡΩΡ.ΑΠΑΣΧΟΛΗΣΗ (001628),,,1944.53,anonymous sponsor (empty sponsorAFMName)
6Ψ734690Β3-3ΕΩ,2024-11-29,ΕΝΤΑΛΜΑ ΠΛΗΡΩΜΗΣ ΛΙΝΤΕ ΕΛΛΑΣ ΕΠΕ (095167018),,,11248.04,anonymous sponsor (empty sponsorAFMName)
ΨΜΖ64690Β3-64Τ,2024-11-29,ΕΝΤΑΛΜΑ ΠΛΗΡΩΜΗΣ ΛΙΝΤΕ ΕΛΛΑΣ ΕΠΕ (095167018),,,1217.69,anonymous sponsor (empty sponsorAFMName)
6ΡΓ14690Β3-ΘΜΩ,2024-11-29,ΕΝΤΑΛΜΑ ΠΛΗΡΩΜΗΣ ΛΙΝΤΕ ΕΛΛΑΣ ΕΠΕ (095167018),,,10948.68,anonymous sponsor (empty sponsorAFMName)
ΨΩΜΘ4690Β3-ΩΨ6,2024-11-29,ΕΝΤΑΛΜΑ ΠΛΗΡΩΜΗΣ ΛΙΝΤΕ ΕΛΛΑΣ ΕΠΕ (095167018),,,868.00,anonymous sponsor (empty sponsorAFMName)
9Θ1Γ4690Β3-ΑΝΧ,2024-11-29,ΕΝΤΑΛΜΑ ΠΛΗΡΩΜΗΣ ΛΙΝΤΕ ΕΛΛΑΣ ΕΠΕ (095167018),,,868.00,anonymous sponsor (empty sponsorAFMName)
9ΑΗ44690Β3-ΘΦΣ,2024-11-29,ΕΝΤΑΛΜΑ ΠΛΗΡΩΜΗΣ ΛΙΝΤΕ ΕΛΛΑΣ ΕΠΕ (095167018),,,4944.40,anonymous sponsor (empty sponsorAFMName)
ΨΣΒ24690Β3-ΠΞΜ,2024-11-29,ΕΝΤΑΛΜΑ ΠΛΗΡΩΜΗΣ ΑΠΟΖΗΜΙΩΣΗ ΕΦΗΜΕΡΙΩΝ (002535),,,389.22,anonymous sponsor (empty sponsorAFMName)
62Ψ14690Β3-Β84,2024-11-29,ΕΝΤΑΛΜΑ ΠΛΗΡΩΜΗΣ ΑΠΟΖΗΜΙΩΣΗ ΕΦΗΜΕΡΙΩΝ (002535),,,3064.10,anonymous sponsor (empty sponsorAFMName)
ΨΨΦΠ4690Β3-ΝΥΝ,2024-11-29,ΕΝΤΑΛΜΑ ΠΛΗΡΩΜΗΣ ΑΠΟΖΗΜΙΩΣΗ ΕΦΗΜΕΡΙΩΝ (002535),,,998.50,anonymous sponsor (empty sponsorAFMName)
Ψ9ΧΩ4690Β3-ΦΡΕ,2024-11-29,ΕΝΤΑΛΜΑ ΠΛΗΡΩΜΗΣ ΑΠΟΖΗΜΙΩΣΗ ΕΦΗΜΕΡΙΩΝ (002535),,,3021.88,anonymous sponsor (empty sponsorAFMName)
6ΕΓΘ4690Β3-ΒΗΘ,2024-11-29,ΕΝΤΑΛΜΑ ΠΛΗΡΩΜΗΣ ΑΠΟΖΗΜΙΩΣΗ ΕΦΗΜΕΡΙΩΝ (002535),,,22335.36,anonymous sponsor (empty sponsorAFMName)
Ψ4ΞΒ4690Β3-Θ0Ψ,2024-11-29,ΕΝΤΑΛΜΑ ΠΛΗΡΩΜΗΣ ΑΠΟΖΗΜΙΩΣΗ ΕΦΗΜΕΡΙΩΝ (002535),,,454.88,anonymous sponsor (empty sponsorAFMName)
ΨΩ514690Β3-ΧΗΞ,2024-11-29,ΕΝΤΑΛΜΑ ΠΛΗΡΩΜΗΣ ΑΠΟΖΗΜΙΩΣΗ ΕΦΗΜΕΡΙΩΝ (002535),,,1750.52,anonymous sponsor (empty sponsorAFMName)
Ψ8Σ24690Β3-ΒΑΠ,2024-11-29,ΕΝΤΑΛΜΑ ΠΛΗΡΩΜΗΣ ΑΠΟΖΗΜΙΩΣΗ ΕΦΗΜΕΡΙΩΝ (002535),,,14809.70,anonymous sponsor (empty sponsorAFMName)
630Κ4690Β3-Ζ4Ι,2024-11-29,ΕΝΤΑΛΜΑ ΠΛΗΡΩΜΗΣ ΑΠΟΖΗΜΙΩΣΗ ΕΦΗΜΕΡΙΩΝ (002535),,,86387.50,anonymous sponsor (empty sponsorAFMName)
6ΗΕ94690Β3-ΚΚΜ,2024-11-29,ΕΝΤΑΛΜΑ ΠΛΗΡΩΜΗΣ ΔΙΚΑΙΟΥΧΟΙ ΑΜΟΙΒΩΝ (001600),,,906.50,anonymous sponsor (empty sponsorAFMName)
Ψ5ΙΦ4690Β3-80Λ,2024-11-28,ΕΝΤΑΛΜΑ ΠΛΗΡΩΜΗΣ ΕΠΙΚΟΥΡΙΚΟ ΝΟΣΗΛΕΥΤΙΚΟ-ΠΑΡΑΪΑΤΡΙΚΟ ΠΡΟΣΩΠΙΚΟ (000001634),,,1677.45,anonymous sponsor (empty sponsorAFMName)
ΨΘΤΑ4690Β3-7Ω0,2024-11-28,ΕΝΤΑΛΜΑ ΠΛΗΡΩΜΗΣ ΕΠΙΚΟΥΡΙΚΟ ΝΟΣΗΛΕΥΤΙΚΟ-ΠΑΡΑΪΑΤΡΙΚΟ ΠΡΟΣΩΠΙΚΟ (000001634),,,1676.59,anonymous sponsor (empty sponsorAFMName)
69284690Β3-Μ72,2024-11-28,ΕΝΤΑΛΜΑ ΠΛΗΡΩΜΗΣ ΕΠΙΚΟΥΡΙΚΟ ΝΟΣΗΛΕΥΤΙΚΟ-ΠΑΡΑΪΑΤΡΙΚΟ ΠΡΟΣΩΠΙΚΟ (000001634),,,98.65,anonymous sponsor (empty sponsorAFMName)
ΨΑΛ44690Β3-Γ1Σ,2024-11-28,ΕΝΤΑΛΜΑ ΠΛΗΡΩΜΗΣ ΕΠΙΚΟΥΡΙΚΟ ΝΟΣΗΛΕΥΤΙΚΟ-ΠΑΡΑΪΑΤΡΙΚΟ ΠΡΟΣΩΠΙΚΟ (000001634),,,85554.03,anonymous sponsor (empty sponsorAFMName)
60Μ44690Β3-8Α7,2024-11-28,ΕΝΤΑΛΜΑ ΠΛΗΡΩΜΗΣ EΠΙΚΟΥΡΙΚΟΙ ΙΑΤΡΟΙ Ε.Σ.Υ. (000001629),,,5913.93,anonymous sponsor (empty sponsorAFMName)
6Η3Φ4690Β3-1Ι2,2024-11-28,ΕΝΤΑΛΜΑ ΠΛΗΡΩΜΗΣ ΑΠΟΖΗΜΕΙΩΣΗ ΤΕΙ-ΑΣΚΟΥΜΕΝΩΝ Ο.Α.Ε.Δ. (001607),,,187.30,anonymous sponsor (empty sponsorAFMName)
6ΓΠΔ4690Β3-Τ66,2024-11-28,ΕΝΤΑΛΜΑ ΠΛΗΡΩΜΗΣ ΕΠΙΚΟΥΡΙΚΟ ΝΟΣΗΛΕΥΤΙΚΟ-ΠΑΡΑΪΑΤΡΙΚΟ ΠΡΟΣΩΠΙΚΟ (000001634),,,1748.75,anonymous sponsor (empty sponsorAFMName)
ΨΒ7Γ4690Β3-Ξ72,2024-11-28,ΕΝΤΑΛΜΑ ΠΛΗΡΩΜΗΣ ΕΠΙΚΟΥΡΙΚΟ ΝΟΣΗΛΕΥΤΙΚΟ-ΠΑΡΑΪΑΤΡΙΚΟ ΠΡΟΣΩΠΙΚΟ (000001634),,,380.79,anonymous sponsor (empty sponsorAFMName)
Ψ7ΔΖ4690Β3-ΒΙΓ,2024-11-28,ΕΝΤΑΛΜΑ ΠΛΗΡΩΜΗΣ ΕΠΙΚΟΥΡΙΚΟ ΝΟΣΗΛΕΥΤΙΚΟ-ΠΑΡΑΪΑΤΡΙΚΟ ΠΡΟΣΩΠΙΚΟ (000001634),,,32133.22,anonymous sponsor (empty sponsorAFMName)
618Ζ4690Β3-ΨΗΖ,2024-11-28,ΕΝΤΑΛΜΑ ΠΛΗΡΩΜΗΣ EΠΙΚΟΥΡΙΚΟΙ ΙΑΤΡΟΙ Ε.Σ.Υ. (000001629),,,100.89,anonymous sponsor (empty sponsorAFMName)
6ΘΝΙ4690Β3-ΞΤ1,2024-11-28,ΕΝΤΑΛΜΑ ΠΛΗΡΩΜΗΣ EΠΙΚΟΥΡΙΚΟΙ ΙΑΤΡΟΙ Ε.Σ.Υ. (000001629),,,53285.89,anonymous sponsor (empty sponsorAFMName)
90ΦΨ4690Β3-ΥΞΑ,2024-11-28,ΕΝΤΑΛΜΑ ΠΛΗΡΩΜΗΣ ΕΡΓΟΔ.ΕΙΣΦ.ΙΚΑ ΑΣΚΟΥΜ.ΤΕΕ-ΙΕΚ.ΧΩΡ.ΑΜΟΙΒ.ΓΙΑ ΑΤΥΧΗΜ (001690),,,22.44,anonymous sponsor (empty sponsorAFMName)
9ΞΧΜ4690Β3-ΔΙΝ,2024-11-28,ΕΝΤΑΛΜΑ ΠΛΗΡΩΜΗΣ ΕΡΓΟΔ.ΕΙΣΦ.ΙΚΑ ΑΣΚΟΥΜ.ΤΕΕ-ΙΕΚ.ΧΩΡ.ΑΜΟΙΒ.ΓΙΑ ΑΤΥΧΗΜ (001690),,,11.22,anonymous sponsor (empty sponsorAFMName)
667Ψ4690Β3-ΠΡΞ,2024-11-28,ΕΝΤΑΛΜΑ ΠΛΗΡΩΜΗΣ ΕΠΟΧΙΚΟ ΠΡΟΣΩΠΙΚΟ ΚΑΘΑΡΙΟΤΗΤΑΣ (999111999),,,31673.93,anonymous sponsor (empty sponsorAFMName)
6Μ3Θ4690Β3-ΡΘ9,2024-11-27,ΕΝΤΑΛΜΑ ΠΛΗΡΩΜΗΣ ΚΡΑΤ.3391-54.03.00.0001 Φ.Μ.Υ. (001512),,,81.50,anonymous sponsor (empty sponsorAFMName)
6Ω3Α4690Β3-ΥΒ7,2024-11-27,ΕΝΤΑΛΜΑ ΠΛΗΡΩΜΗΣ ΚΡΑΤ.3391-54.03.00.0001 Φ.Μ.Υ. (001512),,,113.48,anonymous sponsor (empty sponsorAFMName)
9Ρ8Ν4690Β3-ΗΦ4,2024-11-27,ΕΝΤΑΛΜΑ ΠΛΗΡΩΜΗΣ ΕΙΣΦΟΡΕΣ ΑΠΑΣΧ/ΝΩΝ ΟΑΕΔ ΜΕΣΩ ΠΡΟΓ. ΚΟΙΝΩΦ. ΧΑΡΑΚΤΗΡΑ (),,,1918.33,anonymous sponsor (empty sponsorAFMName)
Ψ33Ω4690Β3-2Υ8,2024-11-27,ΕΝΤΑΛΜΑ ΠΛΗΡΩΜΗΣ ΕΙΣΦΟΡΕΣ ΑΠΑΣΧ/ΝΩΝ ΟΑΕΔ ΜΕΣΩ ΠΡΟΓ. ΚΟΙΝΩΦ. ΧΑΡΑΚΤΗΡΑ (),,,4049.45,anonymous sponsor (empty sponsorAFMName)
9Μ6Σ4690Β3-ΩΗΞ,2024-11-27,ΕΝΤΑΛΜΑ ΠΛΗΡΩΜΗΣ ΚΡΑΤ.3391-54.04.02.0001 Χ/ΜΑ και ΟΓΑ Χ/ΜΩΝ (),,,24.48,anonymous sponsor (empty sponsorAFMName)
Ψ93Β4690Β3-Μ5Η,2024-11-27,ΕΝΤΑΛΜΑ ΠΛΗΡΩΜΗΣ ΚΡΑΤ.3391-54.04.00.0001 ΦΟΡΟΣ ΕΛΕΥΘΕΡ.ΕΠΑΓΓΕΛΜΑΤ (),,,12025.87,anonymous sponsor (empty sponsorAFMName)
ΨΣΤΥ4690Β3-ΩΘ8,2024-11-27,ΕΝΤΑΛΜΑ ΠΛΗΡΩΜΗΣ ΚΡΑΤ.3391-54.09.14.0001 ΦΟΡΟΣ ΠΡΟΜΗΘΕΥΤΩΝ (001510),,,22399.07,anonymous sponsor (empty sponsorAFMName)
Ψ5ΥΩ4690Β3-573,2024-11-27,ΕΝΤΑΛΜΑ ΠΛΗΡΩΜΗΣ ΚΡΑΤ.3391-53.20.00.0001 ΕΛΛΗΝΙΚΟ ΔΗΜΟΣΙΟ (001506),,,9412.32,anonymous sponsor (empty sponsorAFMName)
Ψ1ΡΩ4690Β3-ΒΝΧ,2024-11-27,ΕΝΤΑΛΜΑ ΠΛΗΡΩΜΗΣ ΚΡΑΤ.3391-53.20.00.0001 ΕΛΛΗΝΙΚΟ ΔΗΜΟΣΙΟ (001506),,,421.45,anonymous sponsor (empty sponsorAFMName)
ΨΙΕΕ4690Β3-ΥΨ4,2024-11-27,ΕΝΤΑΛΜΑ ΠΛΗΡΩΜΗΣ ΚΡΑΤ.3391-53.20.00.0001 ΕΛΛΗΝΙΚΟ ΔΗΜΟΣΙΟ (001506),,,22.00,anonymous sponsor (empty sponsorAFMName)
6ΡΡ34690Β3-8ΩΝ,2024-11-27,ΕΝΤΑΛΜΑ ΠΛΗΡΩΜΗΣ ΚΡΑΤ.3391-53.20.00.0001 ΕΛΛΗΝΙΚΟ ΔΗΜΟΣΙΟ (001506),,,279.16,anonymous sponsor (empty sponsorAFMName)
ΨΟ7Ψ4690Β3-Γ5Λ,2024-11-26,ΕΝΤΑΛΜΑ ΠΛΗΡΩΜΗΣ ΚΩΝΣΤΑΝΤΙΝΟΣ ΑΝΑΣΤΟΠΟΥΛΟΣ-ΑΙΚΑΤΕΡΙΝΗ ΝΑΤΣΗ Ο.Ε. (800544921),,,3224.00,anonymous sponsor (empty sponsorAFMName)
6Ρ334690Β3-6ΙΤ,2024-11-25,ΕΝΤΑΛΜΑ ΠΛΗΡΩΜΗΣ ΒΙΟΣΕΡ ΑΕ (094035927),,,8081.18,anonymous sponsor (empty sponsorAFMName)
6Ω8Ω4690Β3-46Θ,2024-11-25,ΕΝΤΑΛΜΑ ΠΛΗΡΩΜΗΣ ΚΩΝΣΤΑΝΤΙΝΟΣ ΑΝΑΣΤΟΠΟΥΛΟΣ-ΑΙΚΑΤΕΡΙΝΗ ΝΑΤΣΗ Ο.Ε. (800544921),,,3224.00,anonymous sponsor (empty sponsorAFMName)
Ψ6ΦΛ4690Β3-ΒΗΧ,2024-11-25,ΕΝΤΑΛΜΑ ΠΛΗΡΩΜΗΣ DRAEGER HELLAS A.E (997799268),,,1018.29,anonymous sponsor (empty sponsorAFMName)
6ΛΙΨ4690Β3-Ε9Υ,2024-11-22,ΕΝΤΑΛΜΑ ΠΛΗΡΩΜΗΣ ΕΝΟΡΑΣΙΣ ΑΕ (094503580),,,7958.92,anonymous sponsor (empty sponsorAFMName)
ΨΑΚΦ4690Β3-27Ι,2024-11-21,ΕΝΤΑΛΜΑ ΠΛΗΡΩΜΗΣ ΕΠΙΣΤΡΟΦΗ ΕΞΕΤ/ΤΡΩΝ ΛΟΓΩ ΝΟΣΗΛΕΙΑΣ (001633),,,2105.21,anonymous sponsor (empty sponsorAFMName)
ΨΘ1Β4690Β3-898,2024-11-19,ΕΝΤΑΛΜΑ ΠΛΗΡΩΜΗΣ ΚΕΡΚΥΡΑΪΚΗ ΕΤΑΙΡΕΙΑ ΚΡΕΑΤΩΝ ΑΕ (099346780),,,15849.41,anonymous sponsor (empty sponsorAFMName)
ΨΙΟΚ4690Β3-ΙΣΙ,2024-11-14,ΕΝΤΑΛΜΑ ΠΛΗΡΩΜΗΣ ΛΙΝΤΕ ΕΛΛΑΣ ΕΠΕ (095167018),,,24321.21,anonymous sponsor (empty sponsorAFMName)
Ρ9Ο44690Β3-3ΤΔ,2025-09-08,ΕΝΤΑΛΜΑ ΠΛΗΡΩΜΗΣ ΒΙΟΣΕΡ ΑΕ (094035927),,,8703.95,anonymous sponsor (empty sponsorAFMName)
ΨΘΗΟ4690Β3-6ΙΙ,2025-09-04,ΕΝΤΑΛΜΑ ΠΛΗΡΩΜΗΣ ΑΠΟΖΗΜΙΩΣΗ ΕΦΗΜΕΡΙΩΝ (002535),,,8048.26,anonymous sponsor (empty sponsorAFMName)
Ψ82Δ4690Β3-ΖΣΥ,2025-09-04,ΕΝΤΑΛΜΑ ΠΛΗΡΩΜΗΣ ΑΠΟΖΗΜΙΩΣΗ ΕΦΗΜΕΡΙΩΝ (002535),,,1050.50,anonymous sponsor (empty sponsorAFMName)
ΡΦ834690Β3-Ψ51,2025-09-04,ΕΝΤΑΛΜΑ ΠΛΗΡΩΜΗΣ ΑΠΟΖΗΜΙΩΣΗ ΕΦΗΜΕΡΙΩΝ (002535),,,3.26,anonymous sponsor (empty sponsorAFMName)
9ΕΥΘ4690Β3-723,2025-09-04,ΕΝΤΑΛΜΑ ΠΛΗΡΩΜΗΣ ΑΠΟΖΗΜΙΩΣΗ ΕΦΗΜΕΡΙΩΝ (002535),,,2637.07,anonymous sponsor (empty sponsorAFMName)
ΡΡΦΦ4690Β3-ΦΝ8,2025-09-04,ΕΝΤΑΛΜΑ ΠΛΗΡΩΜΗΣ ΑΠΟΖΗΜΙΩΣΗ ΕΦΗΜΕΡΙΩΝ (002535),,,45.16,anonymous sponsor (empty sponsorAFMName)
98ΘΖ4690Β3-9ΡΧ,2025-09-04,ΕΝΤΑΛΜΑ ΠΛΗΡΩΜΗΣ ΑΠΟΖΗΜΙΩΣΗ ΕΦΗΜΕΡΙΩΝ (002535),,,506.63,anonymous sponsor (empty sponsorAFMName)
9ΥΣΨ4690Β3-ΛΥΧ,2025-09-04,ΕΝΤΑΛΜΑ ΠΛΗΡΩΜΗΣ ΑΠΟΖΗΜΙΩΣΗ ΓΙΑ ΝΥΧΤΕΡΙΝΑ-ΕΞΑΙΡΕΣΙΜΑ-ΥΠΕΡΩΡ.ΑΠΑΣΧΟΛΗΣΗ (001628),,,710.40,anonymous sponsor (empty sponsorAFMName)
9ΤΜΠ4690Β3-ΑΨΚ,2025-09-04,ΕΝΤΑΛΜΑ ΠΛΗΡΩΜΗΣ ΑΠΟΖΗΜΙΩΣΗ ΓΙΑ ΝΥΧΤΕΡΙΝΑ-ΕΞΑΙΡΕΣΙΜΑ-ΥΠΕΡΩΡ.ΑΠΑΣΧΟΛΗΣΗ (001628),,,4825.82,anonymous sponsor (empty sponsorAFMName)
94ΞΣ4690Β3-6ΧΔ,2025-09-04,ΕΝΤΑΛΜΑ ΠΛΗΡΩΜΗΣ ΑΠΟΖΗΜΙΩΣΗ ΓΙΑ ΝΥΧΤΕΡΙΝΑ-ΕΞΑΙΡΕΣΙΜΑ-ΥΠΕΡΩΡ.ΑΠΑΣΧΟΛΗΣΗ (001628),,,404.82,anonymous sponsor (empty sponsorAFMName)
ΨΖΜΦ4690Β3-310,2025-09-04,ΕΝΤΑΛΜΑ ΠΛΗΡΩΜΗΣ ΑΠΟΖΗΜΙΩΣΗ ΓΙΑ ΝΥΧΤΕΡΙΝΑ-ΕΞΑΙΡΕΣΙΜΑ-ΥΠΕΡΩΡ.ΑΠΑΣΧΟΛΗΣΗ (001628),,,259.48,anonymous sponsor (empty sponsorAFMName)
ΨΜΘΖ4690Β3-7Χ9,2025-09-04,ΕΝΤΑΛΜΑ ΠΛΗΡΩΜΗΣ ΑΠΟΖΗΜΙΩΣΗ ΓΙΑ ΝΥΧΤΕΡΙΝΑ-ΕΞΑΙΡΕΣΙΜΑ-ΥΠΕΡΩΡ.ΑΠΑΣΧΟΛΗΣΗ (001628),,,121.64,anonymous sponsor (empty sponsorAFMName)
ΨΗΛΤ4690Β3-265,2025-09-04,ΕΝΤΑΛΜΑ ΠΛΗΡΩΜΗΣ ΑΠΟΖΗΜΙΩΣΗ ΓΙΑ ΝΥΧΤΕΡΙΝΑ-ΕΞΑΙΡΕΣΙΜΑ-ΥΠΕΡΩΡ.ΑΠΑΣΧΟΛΗΣΗ (001628),,,1488.52,anonymous sponsor (empty sponsorAFMName)
9ΙΗΔ4690Β3-ΧΔΝ,2025-09-04,ΕΝΤΑΛΜΑ ΠΛΗΡΩΜΗΣ ΑΠΟΖΗΜΙΩΣΗ ΓΙΑ ΝΥΧΤΕΡΙΝΑ-ΕΞΑΙΡΕΣΙΜΑ-ΥΠΕΡΩΡ.ΑΠΑΣΧΟΛΗΣΗ (001628),,,2390.30,anonymous sponsor (empty sponsorAFMName)
ΨΗ4Λ4690Β3-ΑΥΒ,2025-09-04,ΕΝΤΑΛΜΑ ΠΛΗΡΩΜΗΣ ΑΠΟΖΗΜΙΩΣΗ ΓΙΑ ΝΥΧΤΕΡΙΝΑ-ΕΞΑΙΡΕΣΙΜΑ-ΥΠΕΡΩΡ.ΑΠΑΣΧΟΛΗΣΗ (001628),,,4186.56,anonymous sponsor (empty sponsorAFMName)
6ΣΨΗ4690Β3-Φ2Ρ,2025-09-04,ΕΝΤΑΛΜΑ ΠΛΗΡΩΜΗΣ ΑΠΟΖΗΜΙΩΣΗ ΓΙΑ ΝΥΧΤΕΡΙΝΑ-ΕΞΑΙΡΕΣΙΜΑ-ΥΠΕΡΩΡ.ΑΠΑΣΧΟΛΗΣΗ (001628),,,925.90,anonymous sponsor (empty sponsorAFMName)
ΨΔΙΞ4690Β3-2ΘΣ,2025-09-04,ΕΝΤΑΛΜΑ ΠΛΗΡΩΜΗΣ ΑΠΟΖΗΜΙΩΣΗ ΓΙΑ ΝΥΧΤΕΡΙΝΑ-ΕΞΑΙΡΕΣΙΜΑ-ΥΠΕΡΩΡ.ΑΠΑΣΧΟΛΗΣΗ (001628),,,194.91,anonymous sponsor (empty sponsorAFMName)
6Χ0Χ4690Β3-ΨΑΡ,2025-09-04,ΕΝΤΑΛΜΑ ΠΛΗΡΩΜΗΣ ΑΠΟΖΗΜΙΩΣΗ ΓΙΑ ΝΥΧΤΕΡΙΝΑ-ΕΞΑΙΡΕΣΙΜΑ-ΥΠΕΡΩΡ.ΑΠΑΣΧΟΛΗΣΗ (001628),,,161.95,anonymous sponsor (empty sponsorAFMName)
6ΙΟΩ4690Β3-ΟΣΞ,2025-09-04,ΕΝΤΑΛΜΑ ΠΛΗΡΩΜΗΣ ΑΠΟΖΗΜΙΩΣΗ ΓΙΑ ΝΥΧΤΕΡΙΝΑ-ΕΞΑΙΡΕΣΙΜΑ-ΥΠΕΡΩΡ.ΑΠΑΣΧΟΛΗΣΗ (001628),,,340.66,anonymous sponsor (empty sponsorAFMName)
ΨΧΑΤ4690Β3-356,2025-09-04,ΕΝΤΑΛΜΑ ΠΛΗΡΩΜΗΣ ΑΠΟΖΗΜΙΩΣΗ ΓΙΑ ΝΥΧΤΕΡΙΝΑ-ΕΞΑΙΡΕΣΙΜΑ-ΥΠΕΡΩΡ.ΑΠΑΣΧΟΛΗΣΗ (001628),,,163.38,anonymous sponsor (empty sponsorAFMName)
ΨΜΨΓ4690Β3-ΒΧΚ,2025-09-03,ΕΝΤΑΛΜΑ ΠΛΗΡΩΜΗΣ ΑΠΟΖΗΜΙΩΣΗ ΓΙΑ ΝΥΧΤΕΡΙΝΑ-ΕΞΑΙΡΕΣΙΜΑ-ΥΠΕΡΩΡ.ΑΠΑΣΧΟΛΗΣΗ (001628),,,2114.62,anonymous sponsor (empty sponsorAFMName)
979Ω4690Β3-0ΥΞ,2025-09-03,ΕΝΤΑΛΜΑ ΠΛΗΡΩΜΗΣ ΑΠΟΖΗΜΙΩΣΗ ΓΙΑ ΝΥΧΤΕΡΙΝΑ-ΕΞΑΙΡΕΣΙΜΑ-ΥΠΕΡΩΡ.ΑΠΑΣΧΟΛΗΣΗ (001628),,,536.83,anonymous sponsor (empty sponsorAFMName)
ΨΖ434690Β3-ΝΜ6,2025-09-03,ΕΝΤΑΛΜΑ ΠΛΗΡΩΜΗΣ ΑΠΟΖΗΜΙΩΣΗ ΓΙΑ ΝΥΧΤΕΡΙΝΑ-ΕΞΑΙΡΕΣΙΜΑ-ΥΠΕΡΩΡ.ΑΠΑΣΧΟΛΗΣΗ (001628),,,6744.16,anonymous sponsor (empty sponsorAFMName)
907Θ4690Β3-ΡΡΓ,2025-09-03,ΕΝΤΑΛΜΑ ΠΛΗΡΩΜΗΣ ΑΠΟΖΗΜΙΩΣΗ ΓΙΑ ΝΥΧΤΕΡΙΝΑ-ΕΞΑΙΡΕΣΙΜΑ-ΥΠΕΡΩΡ.ΑΠΑΣΧΟΛΗΣΗ (001628),,,3909.71,anonymous sponsor (empty sponsorAFMName)
9Ω194690Β3-ΨΙ4,2025-09-03,ΕΝΤΑΛΜΑ ΠΛΗΡΩΜΗΣ ΑΠΟΖΗΜΙΩΣΗ ΓΙΑ ΝΥΧΤΕΡΙΝΑ-ΕΞΑΙΡΕΣΙΜΑ-ΥΠΕΡΩΡ.ΑΠΑΣΧΟΛΗΣΗ (001628),,,828.28,anonymous sponsor (empty sponsorAFMName)
6Ν8Ζ4690Β3-0Θ3,2025-09-04,ΕΝΤΑΛΜΑ ΠΛΗΡΩΜΗΣ ΑΠΟΖΗΜΙΩΣΗ ΓΙΑ ΝΥΧΤΕΡΙΝΑ-ΕΞΑΙΡΕΣΙΜΑ-ΥΠΕΡΩΡ.ΑΠΑΣΧΟΛΗΣΗ (001628),,,2436.00,anonymous sponsor (empty sponsorAFMName)
ΨΤΝΓ4690Β3-ΑΤ8,2025-09-03,ΕΝΤΑΛΜΑ ΠΛΗΡΩΜΗΣ ΑΠΟΖΗΜΙΩΣΗ ΓΙΑ ΝΥΧΤΕΡΙΝΑ-ΕΞΑΙΡΕΣΙΜΑ-ΥΠΕΡΩΡ.ΑΠΑΣΧΟΛΗΣΗ (001628),,,732.10,anonymous sponsor (empty sponsorAFMName)
9Ζ8Ψ4690Β3-ΖΒΥ,2025-09-03,ΕΝΤΑΛΜΑ ΠΛΗΡΩΜΗΣ ΑΠΟΖΗΜΙΩΣΗ ΓΙΑ ΝΥΧΤΕΡΙΝΑ-ΕΞΑΙΡΕΣΙΜΑ-ΥΠΕΡΩΡ.ΑΠΑΣΧΟΛΗΣΗ (001628),,,277.60,anonymous sponsor (empty sponsorAFMName)
ΨΖΥ84690Β3-1ΤΧ,2025-09-03,ΕΝΤΑΛΜΑ ΠΛΗΡΩΜΗΣ ΑΠΟΖΗΜΙΩΣΗ ΓΙΑ ΝΥΧΤΕΡΙΝΑ-ΕΞΑΙΡΕΣΙΜΑ-ΥΠΕΡΩΡ.ΑΠΑΣΧΟΛΗΣΗ (001628),,,5851.58,anonymous sponsor (empty sponsorAFMName)
68094690Β3-Ψ7Σ,2025-09-03,ΕΝΤΑΛΜΑ ΠΛΗΡΩΜΗΣ ΑΠΟΖΗΜΙΩΣΗ ΓΙΑ ΝΥΧΤΕΡΙΝΑ-ΕΞΑΙΡΕΣΙΜΑ-ΥΠΕΡΩΡ.ΑΠΑΣΧΟΛΗΣΗ (001628),,,1336.10,anonymous sponsor (empty sponsorAFMName)
6ΖΩΖ4690Β3-ΠΒΓ,2025-09-03,ΕΝΤΑΛΜΑ ΠΛΗΡΩΜΗΣ ΑΠΟΖΗΜΙΩΣΗ ΓΙΑ ΝΥΧΤΕΡΙΝΑ-ΕΞΑΙΡΕΣΙΜΑ-ΥΠΕΡΩΡ.ΑΠΑΣΧΟΛΗΣΗ (001628),,,74.48,anonymous sponsor (empty sponsorAFMName)
6ΖΘ84690Β3-ΙΕ5,2025-09-03,ΕΝΤΑΛΜΑ ΠΛΗΡΩΜΗΣ ΑΠΟΖΗΜΙΩΣΗ ΓΙΑ ΝΥΧΤΕΡΙΝΑ-ΕΞΑΙΡΕΣΙΜΑ-ΥΠΕΡΩΡ.ΑΠΑΣΧΟΛΗΣΗ (001628),,,462.67,anonymous sponsor (empty sponsorAFMName)
ΨΦΩ74690Β3-ΘΜΕ,2025-09-03,ΕΝΤΑΛΜΑ ΠΛΗΡΩΜΗΣ ΑΠΟΖΗΜΙΩΣΗ ΓΙΑ ΝΥΧΤΕΡΙΝΑ-ΕΞΑΙΡΕΣΙΜΑ-ΥΠΕΡΩΡ.ΑΠΑΣΧΟΛΗΣΗ (001628),,,1194.25,anonymous sponsor (empty sponsorAFMName)
95ΓΛ4690Β3-703,2025-09-03,ΕΝΤΑΛΜΑ ΠΛΗΡΩΜΗΣ ΑΠΟΖΗΜΙΩΣΗ ΓΙΑ ΝΥΧΤΕΡΙΝΑ-ΕΞΑΙΡΕΣΙΜΑ-ΥΠΕΡΩΡ.ΑΠΑΣΧΟΛΗΣΗ (001628),,,9169.82,anonymous sponsor (empty sponsorAFMName)
91ΩΧ4690Β3-ΚΓΚ,2025-09-03,ΕΝΤΑΛΜΑ ΠΛΗΡΩΜΗΣ ΑΠΟΖΗΜΙΩΣΗ ΓΙΑ ΝΥΧΤΕΡΙΝΑ-ΕΞΑΙΡΕΣΙΜΑ-ΥΠΕΡΩΡ.ΑΠΑΣΧΟΛΗΣΗ (001628),,,7491.19,anonymous sponsor (empty sponsorAFMName)
9ΩΗΞ4690Β3-ΥΕΑ,2025-09-03,ΕΝΤΑΛΜΑ ΠΛΗΡΩΜΗΣ ΑΠΟΖΗΜΙΩΣΗ ΓΙΑ ΝΥΧΤΕΡΙΝΑ-ΕΞΑΙΡΕΣΙΜΑ-ΥΠΕΡΩΡ.ΑΠΑΣΧΟΛΗΣΗ (001628),,,4277.88,anonymous sponsor (empty sponsorAFMName)
ΨΒΦΤ4690Β3-ΩΨ8,2025-09-03,ΕΝΤΑΛΜΑ ΠΛΗΡΩΜΗΣ ΑΠΟΖΗΜΙΩΣΗ ΓΙΑ ΝΥΧΤΕΡΙΝΑ-ΕΞΑΙΡΕΣΙΜΑ-ΥΠΕΡΩΡ.ΑΠΑΣΧΟΛΗΣΗ (001628),,,863.02,anonymous sponsor (empty sponsorAFMName)
ΨΡΧΗ4690Β3-Κ4Φ,2025-09-02,ΕΝΤΑΛΜΑ ΠΛΗΡΩΜΗΣ ΑΠΟΖΗΜΙΩΣΗ ΕΦΗΜΕΡΙΩΝ (002535),,,1514.22,anonymous sponsor (empty sponsorAFMName)
Ψ12Λ4690Β3-ΠΤΡ,2025-09-02,ΕΝΤΑΛΜΑ ΠΛΗΡΩΜΗΣ ΑΠΟΖΗΜΙΩΣΗ ΕΦΗΜΕΡΙΩΝ (002535),,,2023.00,anonymous sponsor (empty sponsorAFMName)
ΨΖΡΡ4690Β3-ΑΤ2,2025-09-02,ΕΝΤΑΛΜΑ ΠΛΗΡΩΜΗΣ ΑΠΟΖΗΜΙΩΣΗ ΕΦΗΜΕΡΙΩΝ (002535),,,4921.24,anonymous sponsor (empty sponsorAFMName)
6Χ0Σ4690Β3-8Ο7,2025-09-02,ΕΝΤΑΛΜΑ ΠΛΗΡΩΜΗΣ ΑΠΟΖΗΜΙΩΣΗ ΕΦΗΜΕΡΙΩΝ (002535),,,2820.86,anonymous sponsor (empty sponsorAFMName)
ΨΝΠΔ4690Β3-Ε3Χ,2025-09-02,ΕΝΤΑΛΜΑ ΠΛΗΡΩΜΗΣ ΑΠΟΖΗΜΙΩΣΗ ΕΦΗΜΕΡΙΩΝ (002535),,,83832.98,anonymous sponsor (empty sponsorAFMName)
ΨΞΣΙ4690Β3-Μ58,2025-09-02,ΕΝΤΑΛΜΑ ΠΛΗΡΩΜΗΣ ΑΠΟΖΗΜΙΩΣΗ ΕΦΗΜΕΡΙΩΝ (002535),,,17565.98,anonymous sponsor (empty sponsorAFMName)
ΨΨΥΣ4690Β3-01Δ,2025-09-02,ΕΝΤΑΛΜΑ ΠΛΗΡΩΜΗΣ ΑΠΟΖΗΜΙΩΣΗ ΕΦΗΜΕΡΙΩΝ (002535),,,2001.72,anonymous sponsor (empty sponsorAFMName)
Ψ26Θ4690Β3-ΖΛ0,2025-09-02,ΕΝΤΑΛΜΑ ΠΛΗΡΩΜΗΣ ΑΠΟΖΗΜΙΩΣΗ ΕΦΗΜΕΡΙΩΝ (002535),,,24230.88,anonymous sponsor (empty sponsorAFMName)
6ΜΖΚ4690Β3-ΛΚ3,2025-09-02,ΕΝΤΑΛΜΑ ΠΛΗΡΩΜΗΣ ΕΠΙΚΟΥΡΙΚΟ ΝΟΣΗΛΕΥΤΙΚΟ-ΠΑΡΑΪΑΤΡΙΚΟ ΠΡΟΣΩΠΙΚΟ (000001634),,,2985.87,anonymous sponsor (empty sponsorAFMName)
9Η3Μ4690Β3-ΦΙΖ,2025-09-02,ΕΝΤΑΛΜΑ ΠΛΗΡΩΜΗΣ ΕΠΙΚΟΥΡΙΚΟ ΝΟΣΗΛΕΥΤΙΚΟ-ΠΑΡΑΪΑΤΡΙΚΟ ΠΡΟΣΩΠΙΚΟ (000001634),,,1829.53,anonymous sponsor (empty sponsorAFMName)
ΨΒΕΟ4690Β3-ΖΙΖ,2025-09-02,ΕΝΤΑΛΜΑ ΠΛΗΡΩΜΗΣ ΕΠΙΚΟΥΡΙΚΟ ΝΟΣΗΛΕΥΤΙΚΟ-ΠΑΡΑΪΑΤΡΙΚΟ ΠΡΟΣΩΠΙΚΟ (000001634),,,80112.98,anonymous sponsor (empty sponsorAFMName)
630Ω4690Β3-ΟΜ9,2025-09-02,ΕΝΤΑΛΜΑ ΠΛΗΡΩΜΗΣ EΠΙΚΟΥΡΙΚΟΙ ΙΑΤΡΟΙ Ε.Σ.Υ. (000001629),,,6069.82,anonymous sponsor (empty sponsorAFMName)
Ρ6ΧΚ4690Β3-2Φ0,2025-09-02,ΕΝΤΑΛΜΑ ΠΛΗΡΩΜΗΣ EΠΙΚΟΥΡΙΚΟΙ ΙΑΤΡΟΙ Ε.Σ.Υ. (000001629),,,60023.57,anonymous sponsor (empty sponsorAFMName)
ΨΣ5Ζ4690Β3-0ΣΑ,2025-09-02,ΕΝΤΑΛΜΑ ΠΛΗΡΩΜΗΣ ΕΡΓΟΔ.ΕΙΣΦ.ΙΚΑ ΑΣΚΟΥΜ.ΤΕΕ-ΙΕΚ.ΧΩΡ.ΑΜΟΙΒ.ΓΙΑ ΑΤΥΧΗΜ (001690),,,82.74,anonymous sponsor (empty sponsorAFMName)
9ΑΑΠ4690Β3-ΙΕΖ,2025-09-02,ΕΝΤΑΛΜΑ ΠΛΗΡΩΜΗΣ ΑΠΟΖΗΜΕΙΩΣΗ ΤΕΙ-ΑΣΚΟΥΜΕΝΩΝ Ο.Α.Ε.Δ. (001607),,,760.99,anonymous sponsor (empty sponsorAFMName)
ΨΖΥΜ4690Β3-ΥΞΩ,2025-09-02,ΕΝΤΑΛΜΑ ΠΛΗΡΩΜΗΣ ΕΠΙΚΟΥΡΙΚΟ ΝΟΣΗΛΕΥΤΙΚΟ-ΠΑΡΑΪΑΤΡΙΚΟ ΠΡΟΣΩΠΙΚΟ (000001634),,,93.78,anonymous sponsor (empty sponsorAFMName)
ΨΜ3Μ4690Β3-7ΩΩ,2025-09-02,ΕΝΤΑΛΜΑ ΠΛΗΡΩΜΗΣ ΕΠΙΚΟΥΡΙΚΟ ΝΟΣΗΛΕΥΤΙΚΟ-ΠΑΡΑΪΑΤΡΙΚΟ ΠΡΟΣΩΠΙΚΟ (000001634),,,31387.62,anonymous sponsor (empty sponsorAFMName)
ΨΕ834690Β3-ΓΧΥ,2025-09-02,ΕΝΤΑΛΜΑ ΠΛΗΡΩΜΗΣ ΕΠΙΚΟΥΡΙΚΟ ΝΟΣΗΛΕΥΤΙΚΟ-ΠΑΡΑΪΑΤΡΙΚΟ ΠΡΟΣΩΠΙΚΟ (000001634),,,1869.99,anonymous sponsor (empty sponsorAFMName)
60Κ44690Β3-9ΘΧ,2025-09-02,ΕΝΤΑΛΜΑ ΠΛΗΡΩΜΗΣ EΠΙΚΟΥΡΙΚΟΙ ΙΑΤΡΟΙ Ε.Σ.Υ. (000001629),,,3180.08,anonymous sponsor (empty sponsorAFMName)
9ΓΖΥ4690Β3-Δ60,2025-09-02,ΕΝΤΑΛΜΑ ΠΛΗΡΩΜΗΣ ΕΠΟΧΙΚΟ ΠΡΟΣΩΠΙΚΟ ΚΑΘΑΡΙΟΤΗΤΑΣ (999111999),,,32855.62,anonymous sponsor (empty sponsorAFMName)
62ΩΨ4690Β3-ΩΔΦ,2025-08-27,ΕΝΤΑΛΜΑ ΠΛΗΡΩΜΗΣ ΕΙΣΦΟΡΕΣ ΑΠΑΣΧ/ΝΩΝ ΟΑΕΔ ΜΕΣΩ ΠΡΟΓ. ΚΟΙΝΩΦ. ΧΑΡΑΚΤΗΡΑ (),,,927.30,anonymous sponsor (empty sponsorAFMName)
9ΓΣΤ4690Β3-ΗΟΖ,2025-08-27,ΕΝΤΑΛΜΑ ΠΛΗΡΩΜΗΣ ΚΡΑΤ.3391-54.04.02.0001 Χ/ΜΑ και ΟΓΑ Χ/ΜΩΝ (),,,0.14,anonymous sponsor (empty sponsorAFMName)
ΨΖΑΛ4690Β3-338,2025-08-27,ΕΝΤΑΛΜΑ ΠΛΗΡΩΜΗΣ ΚΡΑΤ.3391-54.09.14.0001 ΦΟΡΟΣ ΠΡΟΜΗΘΕΥΤΩΝ (001510),,,229.07,anonymous sponsor (empty sponsorAFMName)
686Μ4690Β3-Ξ9Κ,2025-08-27,ΕΝΤΑΛΜΑ ΠΛΗΡΩΜΗΣ ΚΡΑΤ.3391-53.20.00.0001 ΕΛΛΗΝΙΚΟ ΔΗΜΟΣΙΟ (001506),,,58.43,anonymous sponsor (empty sponsorAFMName)
9ΝΑ24690Β3-9ΒΠ,2025-08-27,ΕΝΤΑΛΜΑ ΠΛΗΡΩΜΗΣ ΚΡΑΤ.3391-53.20.00.0001 ΕΛΛΗΝΙΚΟ ΔΗΜΟΣΙΟ (001506),,,2.05,anonymous sponsor (empty sponsorAFMName)
ΨΔ804690Β3-ΒΡ3,2025-08-27,ΕΝΤΑΛΜΑ ΠΛΗΡΩΜΗΣ ΚΡΑΤ.3391-53.20.00.0001 ΕΛΛΗΝΙΚΟ ΔΗΜΟΣΙΟ (001506),,,1.76,anonymous sponsor (empty sponsorAFMName)
9Π3Ρ4690Β3-Ο12,2025-08-27,ΕΝΤΑΛΜΑ ΠΛΗΡΩΜΗΣ ΚΡΑΤ.3391-54.04.02.0001 Χ/ΜΑ και ΟΓΑ Χ/ΜΩΝ (),,,23.28,anonymous sponsor (empty sponsorAFMName)
ΨΠΗΩ4690Β3-6ΕΗ,2025-08-27,ΕΝΤΑΛΜΑ ΠΛΗΡΩΜΗΣ ΚΡΑΤ.3391-54.04.00.0001 ΦΟΡΟΣ ΕΛΕΥΘΕΡ.ΕΠΑΓΓΕΛΜΑΤ (),,,7534.44,anonymous sponsor (empty sponsorAFMName)
95Ω34690Β3-Θ58,2025-08-27,ΕΝΤΑΛΜΑ ΠΛΗΡΩΜΗΣ ΚΡΑΤ.3391-54.09.14.0001 ΦΟΡΟΣ ΠΡΟΜΗΘΕΥΤΩΝ (001510),,,31181.74,anonymous sponsor (empty sponsorAFMName)
Ψ00Ε4690Β3-ΡΨ6,2025-08-27,ΕΝΤΑΛΜΑ ΠΛΗΡΩΜΗΣ ΚΡΑΤ.3391-53.20.00.0001 ΕΛΛΗΝΙΚΟ ΔΗΜΟΣΙΟ (001506),,,9301.05,anonymous sponsor (empty sponsorAFMName)
ΨΚΩ04690Β3-ΛΜ9,2025-08-27,ΕΝΤΑΛΜΑ ΠΛΗΡΩΜΗΣ ΚΡΑΤ.3391-53.20.00.0001 ΕΛΛΗΝΙΚΟ ΔΗΜΟΣΙΟ (001506),,,404.20,anonymous sponsor (empty sponsorAFMName)
9Ν6Ζ4690Β3-Χ5Ε,2025-08-27,ΕΝΤΑΛΜΑ ΠΛΗΡΩΜΗΣ ΚΡΑΤ.3391-53.20.00.0001 ΕΛΛΗΝΙΚΟ ΔΗΜΟΣΙΟ (001506),,,47.97,anonymous sponsor (empty sponsorAFMName)
6ΙΜΗ4690Β3-ΟΓΞ,2025-08-27,ΕΝΤΑΛΜΑ ΠΛΗΡΩΜΗΣ ΚΡΑΤ.3391-53.20.00.0001 ΕΛΛΗΝΙΚΟ ΔΗΜΟΣΙΟ (001506),,,245.79,anonymous sponsor (empty sponsorAFMName)
Ψ2Ω44690Β3-Μ7Ε,2025-08-27,ΕΝΤΑΛΜΑ ΠΛΗΡΩΜΗΣ ΚΡΑΤ.3391-54.03.00.0001 Φ.Μ.Υ. (001512),,,97.70,anonymous sponsor (empty sponsorAFMName)
905Ρ4690Β3-ΞΑ7,2025-08-27,ΕΝΤΑΛΜΑ ΠΛΗΡΩΜΗΣ ΕΙΣΦΟΡΕΣ ΑΠΑΣΧ/ΝΩΝ ΟΑΕΔ ΜΕΣΩ ΠΡΟΓ. ΚΟΙΝΩΦ. ΧΑΡΑΚΤΗΡΑ (),,,1765.64,anonymous sponsor (empty sponsorAFMName)
6ΗΓΞ4690Β3-1ΜΙ,2025-08-27,ΕΝΤΑΛΜΑ ΠΛΗΡΩΜΗΣ ΕΙΣΦΟΡΕΣ ΑΠΑΣΧ/ΝΩΝ ΟΑΕΔ ΜΕΣΩ ΠΡΟΓ. ΚΟΙΝΩΦ. ΧΑΡΑΚΤΗΡΑ (),,,3510.90,anonymous sponsor (empty sponsorAFMName)
99ΑΜ4690Β3-ΔΜ9,2025-08-27,ΕΝΤΑΛΜΑ ΠΛΗΡΩΜΗΣ ΚΡΑΤ.3391-54.03.00.0001 Φ.Μ.Υ. (001512),,,81.69,anonymous sponsor (empty sponsorAFMName)
ΨΚ884690Β3-ΟΔΕ,2025-08-25,ΕΝΤΑΛΜΑ ΠΛΗΡΩΜΗΣ ΒΙΟΣΕΡ ΑΕ (094035927),,,2542.50,anonymous sponsor (empty sponsorAFMName)
ΨΧ364690Β3-Π90,2025-08-22,ΕΝΤΑΛΜΑ ΠΛΗΡΩΜΗΣ RONTIS HELLAS Α.Ε.Β.Ε. (πρώην ΜΕΝΤΙΣΠΕΣ ΑΕΒΕ) (095335610),,,881.02,anonymous sponsor (empty sponsorAFMName)
68ΟΞ4690Β3-8Ω4,2025-08-20,ΕΝΤΑΛΜΑ ΠΛΗΡΩΜΗΣ ΒΙΟΣΕΡ ΑΕ (094035927),,,327.70,anonymous sponsor (empty sponsorAFMName)
90ΗΣ4690Β3-Τ2Π,2025-08-14,ΕΝΤΑΛΜΑ ΠΛΗΡΩΜΗΣ ΕΠΙΣΤΡΟΦΗ ΕΞΕΤ/ΤΡΩΝ ΛΟΓΩ ΝΟΣΗΛΕΙΑΣ (001633),,,10140.00,anonymous sponsor (empty sponsorAFMName)
942Ο4690Β3-ΡΗΨ,2025-08-12,ΕΝΤΑΛΜΑ ΠΛΗΡΩΜΗΣ ΚΩΝΣΤΑΝΤΙΝΟΣ ΑΝΑΣΤΟΠΟΥΛΟΣ-ΑΙΚΑΤΕΡΙΝΗ ΝΑΤΣΗ Ο.Ε. (800544921),,,1612.00,anonymous sponsor (empty sponsorAFMName)
ΨΜ6Α4690Β3-04Ν,2025-08-11,ΕΝΤΑΛΜΑ ΠΛΗΡΩΜΗΣ ΚΡΑΤ.3391-53.20.00.0001 ΕΛΛΗΝΙΚΟ ΔΗΜΟΣΙΟ (001506),,,30.00,anonymous sponsor (empty sponsorAFMName)
9Ξ2Φ4690Β3-ΗΨΞ,2025-08-08,ΕΝΤΑΛΜΑ ΠΛΗΡΩΜΗΣ ΚΕΡΚΥΡΑΪΚΗ ΕΤΑΙΡΕΙΑ ΚΡΕΑΤΩΝ ΑΕ (099346780),,,8750.21,anonymous sponsor (empty sponsorAFMName)
ΡΜΘΧ4690Β3-87Ξ,2025-08-06,ΕΝΤΑΛΜΑ ΠΛΗΡΩΜΗΣ ΒΙΟΣΕΡ ΑΕ (094035927),,,30217.48,anonymous sponsor (empty sponsorAFMName)
ΨΓΩΣ4690Β3-ΒΑ5,2025-08-05,ΕΝΤΑΛΜΑ ΠΛΗΡΩΜΗΣ ΑΜΟΙΒΕΣ ΔΙΟΙΚΗΤΙΚΟΥ   ΛΟΙΠΟΥ ΠΡΟΣΩΠΙΚΟΥ ΛΕΙΤΟΥΡΓΙΑΣ ΑΠΟΓΕΥΜΑΤΙΝΩΝ ΙΑΤΡΕΙΩΝ (55831111),,,810.00,anonymous sponsor (empty sponsorAFMName)
Ψ3ΑΒ4690Β3-Α68,2025-08-05,ΕΝΤΑΛΜΑ ΠΛΗΡΩΜΗΣ ΑΜΟΙΒΕΣ ΙΑΤΡΙΚΟΥ ΠΡΟΣΩΠΙΚΟΥ ΛΕΙΤΟΥΡΓΙΑΣ ΑΠΟΓΕΥΜΑΤΙΝΩΝ ΙΑΤΡΕΙΩΝ (210923000),,,2961.83,anonymous sponsor (empty sponsorAFMName)
61ΩΝ4690Β3-ΑΕ3,2025-08-04,ΕΝΤΑΛΜΑ ΠΛΗΡΩΜΗΣ ΑΠΟΖΗΜΙΩΣΗ ΓΙΑ ΝΥΧΤΕΡΙΝΑ-ΕΞΑΙΡΕΣΙΜΑ-ΥΠΕΡΩΡ.ΑΠΑΣΧΟΛΗΣΗ (001628),,,162.41,anonymous sponsor (empty sponsorAFMName)
ΨΚΔΞ4690Β3-4ΡΩ,2025-08-04,ΕΝΤΑΛΜΑ ΠΛΗΡΩΜΗΣ ΑΠΟΖΗΜΙΩΣΗ ΓΙΑ ΝΥΧΤΕΡΙΝΑ-ΕΞΑΙΡΕΣΙΜΑ-ΥΠΕΡΩΡ.ΑΠΑΣΧΟΛΗΣΗ (001628),,,236.38,anonymous sponsor (empty sponsorAFMName)
ΨΙΨΟ4690Β3-ΙΧΨ,2025-08-04,ΕΝΤΑΛΜΑ ΠΛΗΡΩΜΗΣ ΑΠΟΖΗΜΙΩΣΗ ΓΙΑ ΝΥΧΤΕΡΙΝΑ-ΕΞΑΙΡΕΣΙΜΑ-ΥΠΕΡΩΡ.ΑΠΑΣΧΟΛΗΣΗ (001628),,,1782.56,anonymous sponsor (empty sponsorAFMName)
ΨΠΩΑ4690Β3-Ρ08,2025-08-04,ΕΝΤΑΛΜΑ ΠΛΗΡΩΜΗΣ ΑΠΟΖΗΜΙΩΣΗ ΓΙΑ ΝΥΧΤΕΡΙΝΑ-ΕΞΑΙΡΕΣΙΜΑ-ΥΠΕΡΩΡ.ΑΠΑΣΧΟΛΗΣΗ (001628),,,2547.75,anonymous sponsor (empty sponsorAFMName)
9ΗΜΜ4690Β3-4Μ4,2025-08-04,ΕΝΤΑΛΜΑ ΠΛΗΡΩΜΗΣ ΑΠΟΖΗΜΙΩΣΗ ΓΙΑ ΝΥΧΤΕΡΙΝΑ-ΕΞΑΙΡΕΣΙΜΑ-ΥΠΕΡΩΡ.ΑΠΑΣΧΟΛΗΣΗ (001628),,,103.40,anonymous sponsor (empty sponsorAFMName)
6Γ8Π4690Β3-ΑΡΑ,2025-08-04,ΕΝΤΑΛΜΑ ΠΛΗΡΩΜΗΣ ΑΠΟΖΗΜΙΩΣΗ ΓΙΑ ΝΥΧΤΕΡΙΝΑ-ΕΞΑΙΡΕΣΙΜΑ-ΥΠΕΡΩΡ.ΑΠΑΣΧΟΛΗΣΗ (001628),,,757.23,anonymous sponsor (empty sponsorAFMName)
68ΜΘ4690Β3-Ζ2Ζ,2025-08-04,ΕΝΤΑΛΜΑ ΠΛΗΡΩΜΗΣ ΑΠΟΖΗΜΙΩΣΗ ΓΙΑ ΝΥΧΤΕΡΙΝΑ-ΕΞΑΙΡΕΣΙΜΑ-ΥΠΕΡΩΡ.ΑΠΑΣΧΟΛΗΣΗ (001628),,,6611.82,anonymous sponsor (empty sponsorAFMName)
ΨΞΠ24690Β3-ΡΦΧ,2025-08-04,ΕΝΤΑΛΜΑ ΠΛΗΡΩΜΗΣ ΑΠΟΖΗΜΙΩΣΗ ΓΙΑ ΝΥΧΤΕΡΙΝΑ-ΕΞΑΙΡΕΣΙΜΑ-ΥΠΕΡΩΡ.ΑΠΑΣΧΟΛΗΣΗ (001628),,,956.76,anonymous sponsor (empty sponsorAFMName)
ΨΒ2Μ4690Β3-ΒΤΡ,2025-08-04,ΕΝΤΑΛΜΑ ΠΛΗΡΩΜΗΣ ΑΠΟΖΗΜΙΩΣΗ ΓΙΑ ΝΥΧΤΕΡΙΝΑ-ΕΞΑΙΡΕΣΙΜΑ-ΥΠΕΡΩΡ.ΑΠΑΣΧΟΛΗΣΗ (001628),,,4301.63,anonymous sponsor (empty sponsorAFMName)
9Ρ4Τ4690Β3-ΦΛΖ,2025-08-04,ΕΝΤΑΛΜΑ ΠΛΗΡΩΜΗΣ ΑΠΟΖΗΜΙΩΣΗ ΓΙΑ ΝΥΧΤΕΡΙΝΑ-ΕΞΑΙΡΕΣΙΜΑ-ΥΠΕΡΩΡ.ΑΠΑΣΧΟΛΗΣΗ (001628),,,2500.55,anonymous sponsor (empty sponsorAFMName)
ΨΖ0Ν4690Β3-ΜΜΙ,2025-08-04,ΕΝΤΑΛΜΑ ΠΛΗΡΩΜΗΣ ΑΠΟΖΗΜΙΩΣΗ ΓΙΑ ΝΥΧΤΕΡΙΝΑ-ΕΞΑΙΡΕΣΙΜΑ-ΥΠΕΡΩΡ.ΑΠΑΣΧΟΛΗΣΗ (001628),,,2654.82,anonymous sponsor (empty sponsorAFMName)
ΨΠ7Χ4690Β3-ΤΛΑ,2025-08-04,ΕΝΤΑΛΜΑ ΠΛΗΡΩΜΗΣ ΑΠΟΖΗΜΙΩΣΗ ΓΙΑ ΝΥΧΤΕΡΙΝΑ-ΕΞΑΙΡΕΣΙΜΑ-ΥΠΕΡΩΡ.ΑΠΑΣΧΟΛΗΣΗ (001628),,,301.61,anonymous sponsor (empty sponsorAFMName)
ΨΗΑΩ4690Β3-ΨΘΒ,2025-08-04,ΕΝΤΑΛΜΑ ΠΛΗΡΩΜΗΣ ΑΠΟΖΗΜΙΩΣΗ ΓΙΑ ΝΥΧΤΕΡΙΝΑ-ΕΞΑΙΡΕΣΙΜΑ-ΥΠΕΡΩΡ.ΑΠΑΣΧΟΛΗΣΗ (001628),,,431.66,anonymous sponsor (empty sponsorAFMName)
65ΞΘ4690Β3-Π5Ζ,2025-08-04,ΕΝΤΑΛΜΑ ΠΛΗΡΩΜΗΣ ΑΠΟΖΗΜΙΩΣΗ ΓΙΑ ΝΥΧΤΕΡΙΝΑ-ΕΞΑΙΡΕΣΙΜΑ-ΥΠΕΡΩΡ.ΑΠΑΣΧΟΛΗΣΗ (001628),,,166.71,anonymous sponsor (empty sponsorAFMName)
Ψ3734690Β3-358,2025-08-04,ΕΝΤΑΛΜΑ ΠΛΗΡΩΜΗΣ ΑΠΟΖΗΜΙΩΣΗ ΓΙΑ ΝΥΧΤΕΡΙΝΑ-ΕΞΑΙΡΕΣΙΜΑ-ΥΠΕΡΩΡ.ΑΠΑΣΧΟΛΗΣΗ (001628),,,645.26,anonymous sponsor (empty sponsorAFMName)
Ψ2ΟΘ4690Β3-Ν92,2025-08-04,ΕΝΤΑΛΜΑ ΠΛΗΡΩΜΗΣ ΑΠΟΖΗΜΙΩΣΗ ΓΙΑ ΝΥΧΤΕΡΙΝΑ-ΕΞΑΙΡΕΣΙΜΑ-ΥΠΕΡΩΡ.ΑΠΑΣΧΟΛΗΣΗ (001628),,,664.33,anonymous sponsor (empty sponsorAFMName)
ΨΟΘ64690Β3-6ΜΚ,2025-08-04,ΕΝΤΑΛΜΑ ΠΛΗΡΩΜΗΣ ΑΠΟΖΗΜΙΩΣΗ ΓΙΑ ΝΥΧΤΕΡΙΝΑ-ΕΞΑΙΡΕΣΙΜΑ-ΥΠΕΡΩΡ.ΑΠΑΣΧΟΛΗΣΗ (001628),,,8235.94,anonymous sponsor (empty sponsorAFMName)
9Π1Ψ4690Β3-ΓΝΞ,2025-08-04,ΕΝΤΑΛΜΑ ΠΛΗΡΩΜΗΣ ΑΠΟΖΗΜΙΩΣΗ ΓΙΑ ΝΥΧΤΕΡΙΝΑ-ΕΞΑΙΡΕΣΙΜΑ-ΥΠΕΡΩΡ.ΑΠΑΣΧΟΛΗΣΗ (001628),,,4419.72,anonymous sponsor (empty sponsorAFMName)
ΨΡΡΝ4690Β3-ΛΓΧ,2025-08-04,ΕΝΤΑΛΜΑ ΠΛΗΡΩΜΗΣ ΑΠΟΖΗΜΙΩΣΗ ΓΙΑ ΝΥΧΤΕΡΙΝΑ-ΕΞΑΙΡΕΣΙΜΑ-ΥΠΕΡΩΡ.ΑΠΑΣΧΟΛΗΣΗ (001628),,,999.96,anonymous sponsor (empty sponsorAFMName)
6Μ6Φ4690Β3-ΕΥΙ,2025-08-04,ΕΝΤΑΛΜΑ ΠΛΗΡΩΜΗΣ ΑΠΟΖΗΜΙΩΣΗ ΓΙΑ ΝΥΧΤΕΡΙΝΑ-ΕΞΑΙΡΕΣΙΜΑ-ΥΠΕΡΩΡ.ΑΠΑΣΧΟΛΗΣΗ (001628),,,7087.84,anonymous sponsor (empty sponsorAFMName)
ΨΚΝ04690Β3-ΕΝΙ,2025-08-04,ΕΝΤΑΛΜΑ ΠΛΗΡΩΜΗΣ ΑΠΟΖΗΜΙΩΣΗ ΓΙΑ ΝΥΧΤΕΡΙΝΑ-ΕΞΑΙΡΕΣΙΜΑ-ΥΠΕΡΩΡ.ΑΠΑΣΧΟΛΗΣΗ (001628),,,1375.05,anonymous sponsor (empty sponsorAFMName)
94ΟΔ4690Β3-ΣΜΦ,2025-08-04,ΕΝΤΑΛΜΑ ΠΛΗΡΩΜΗΣ ΑΠΟΖΗΜΙΩΣΗ ΓΙΑ ΝΥΧΤΕΡΙΝΑ-ΕΞΑΙΡΕΣΙΜΑ-ΥΠΕΡΩΡ.ΑΠΑΣΧΟΛΗΣΗ (001628),,,1121.64,anonymous sponsor (empty sponsorAFMName)
ΨΡ2Θ4690Β3-ΞΚ4,2025-08-04,ΕΝΤΑΛΜΑ ΠΛΗΡΩΜΗΣ ΑΠΟΖΗΜΙΩΣΗ ΓΙΑ ΝΥΧΤΕΡΙΝΑ-ΕΞΑΙΡΕΣΙΜΑ-ΥΠΕΡΩΡ.ΑΠΑΣΧΟΛΗΣΗ (001628),,,1375.05,anonymous sponsor (empty sponsorAFMName)
Ψ27Ε4690Β3-27Η,2025-08-04,ΕΝΤΑΛΜΑ ΠΛΗΡΩΜΗΣ ΑΠΟΖΗΜΙΩΣΗ ΓΙΑ ΝΥΧΤΕΡΙΝΑ-ΕΞΑΙΡΕΣΙΜΑ-ΥΠΕΡΩΡ.ΑΠΑΣΧΟΛΗΣΗ (001628),,,353.05,anonymous sponsor (empty sponsorAFMName)
94ΗΙ4690Β3-ΞΙ5,2025-08-04,ΕΝΤΑΛΜΑ ΠΛΗΡΩΜΗΣ ΑΠΟΖΗΜΙΩΣΗ ΓΙΑ ΝΥΧΤΕΡΙΝΑ-ΕΞΑΙΡΕΣΙΜΑ-ΥΠΕΡΩΡ.ΑΠΑΣΧΟΛΗΣΗ (001628),,,3076.66,anonymous sponsor (empty sponsorAFMName)
6ΜΠΝ4690Β3-9ΞΒ,2025-08-04,ΕΝΤΑΛΜΑ ΠΛΗΡΩΜΗΣ ΑΠΟΖΗΜΙΩΣΗ ΓΙΑ ΝΥΧΤΕΡΙΝΑ-ΕΞΑΙΡΕΣΙΜΑ-ΥΠΕΡΩΡ.ΑΠΑΣΧΟΛΗΣΗ (001628),,,369.57,anonymous sponsor (empty sponsorAFMName)
6Ξ6Ξ4690Β3-ΨΩΩ,2025-08-04,ΕΝΤΑΛΜΑ ΠΛΗΡΩΜΗΣ ΑΠΟΖΗΜΙΩΣΗ ΓΙΑ ΝΥΧΤΕΡΙΝΑ-ΕΞΑΙΡΕΣΙΜΑ-ΥΠΕΡΩΡ.ΑΠΑΣΧΟΛΗΣΗ (001628),,,6093.54,anonymous sponsor (empty sponsorAFMName)
ΨΩΙΚ4690Β3-Β0Ε,2025-08-04,ΕΝΤΑΛΜΑ ΠΛΗΡΩΜΗΣ ΑΠΟΖΗΜΙΩΣΗ ΓΙΑ ΝΥΧΤΕΡΙΝΑ-ΕΞΑΙΡΕΣΙΜΑ-ΥΠΕΡΩΡ.ΑΠΑΣΧΟΛΗΣΗ (001628),,,1475.07,anonymous sponsor (empty sponsorAFMName)
ΨΠΝΡ4690Β3-Η1Ζ,2025-08-04,ΕΝΤΑΛΜΑ ΠΛΗΡΩΜΗΣ ΑΠΟΖΗΜΙΩΣΗ ΓΙΑ ΝΥΧΤΕΡΙΝΑ-ΕΞΑΙΡΕΣΙΜΑ-ΥΠΕΡΩΡ.ΑΠΑΣΧΟΛΗΣΗ (001628),,,8802.63,anonymous sponsor (empty sponsorAFMName)
ΨΕΟΩ4690Β3-ΟΛΧ,2025-08-04,ΕΝΤΑΛΜΑ ΠΛΗΡΩΜΗΣ ΑΠΟΖΗΜΙΩΣΗ ΓΙΑ ΝΥΧΤΕΡΙΝΑ-ΕΞΑΙΡΕΣΙΜΑ-ΥΠΕΡΩΡ.ΑΠΑΣΧΟΛΗΣΗ (001628),,,9916.42,anonymous sponsor (empty sponsorAFMName)
Ψ8ΞΤ4690Β3-ΨΦ0,2025-08-04,ΕΝΤΑΛΜΑ ΠΛΗΡΩΜΗΣ ΑΠΟΖΗΜΙΩΣΗ ΓΙΑ ΝΥΧΤΕΡΙΝΑ-ΕΞΑΙΡΕΣΙΜΑ-ΥΠΕΡΩΡ.ΑΠΑΣΧΟΛΗΣΗ (001628),,,1279.98,anonymous sponsor (empty sponsorAFMName)
9Β0Ο4690Β3-4Η0,2025-08-01,ΕΝΤΑΛΜΑ ΠΛΗΡΩΜΗΣ ΑΠΟΖΗΜΙΩΣΗ ΕΦΗΜΕΡΙΩΝ (002535),,,24935.39,anonymous sponsor (empty sponsorAFMName)
ΨΡΩ74690Β3-Κ7Ρ,2025-08-01,ΕΝΤΑΛΜΑ ΠΛΗΡΩΜΗΣ ΑΠΟΖΗΜΙΩΣΗ ΕΦΗΜΕΡΙΩΝ (002535),,,788.90,anonymous sponsor (empty sponsorAFMName)
9Ε994690Β3-6ΝΧ,2025-08-01,ΕΝΤΑΛΜΑ ΠΛΗΡΩΜΗΣ ΑΠΟΖΗΜΙΩΣΗ ΕΦΗΜΕΡΙΩΝ (002535),,,18188.26,anonymous sponsor (empty sponsorAFMName)
9Β5Δ4690Β3-4Σ8,2025-08-01,ΕΝΤΑΛΜΑ ΠΛΗΡΩΜΗΣ ΑΠΟΖΗΜΙΩΣΗ ΕΦΗΜΕΡΙΩΝ (002535),,,82799.19,anonymous sponsor (empty sponsorAFMName)
6Ν104690Β3-0ΦΘ,2025-08-01,ΕΝΤΑΛΜΑ ΠΛΗΡΩΜΗΣ ΑΠΟΖΗΜΙΩΣΗ ΕΦΗΜΕΡΙΩΝ (002535),,,1514.22,anonymous sponsor (empty sponsorAFMName)
6Ξ2Ε4690Β3-ΚΕΡ,2025-08-01,ΕΝΤΑΛΜΑ ΠΛΗΡΩΜΗΣ ΑΠΟΖΗΜΙΩΣΗ ΕΦΗΜΕΡΙΩΝ (002535),,,2023.00,anonymous sponsor (empty sponsorAFMName)
94ΖΧ4690Β3-Ν4Μ,2025-08-01,ΕΝΤΑΛΜΑ ΠΛΗΡΩΜΗΣ ΑΠΟΖΗΜΙΩΣΗ ΕΦΗΜΕΡΙΩΝ (002535),,,4829.02,anonymous sponsor (empty sponsorAFMName)
ΨΦΥΖ4690Β3-6Α3,2025-08-01,ΕΝΤΑΛΜΑ ΠΛΗΡΩΜΗΣ ΑΠΟΖΗΜΙΩΣΗ ΕΦΗΜΕΡΙΩΝ (002535),,,2939.10,anonymous sponsor (empty sponsorAFMName)
62ΙΔ4690Β3-ΙΚ3,2025-08-01,ΕΝΤΑΛΜΑ ΠΛΗΡΩΜΗΣ ΕΠΙΚΟΥΡΙΚΟ ΝΟΣΗΛΕΥΤΙΚΟ-ΠΑΡΑΪΑΤΡΙΚΟ ΠΡΟΣΩΠΙΚΟ (000001634),,,659.40,anonymous sponsor (empty sponsorAFMName)
9Ω2Ω4690Β3-ΞΓΜ,2025-08-01,ΕΝΤΑΛΜΑ ΠΛΗΡΩΜΗΣ ΕΠΙΚΟΥΡΙΚΟ ΝΟΣΗΛΕΥΤΙΚΟ-ΠΑΡΑΪΑΤΡΙΚΟ ΠΡΟΣΩΠΙΚΟ (000001634),,,1809.53,anonymous sponsor (empty sponsorAFMName)
6ΥΑ54690Β3-Κ5Β,2025-08-01,ΕΝΤΑΛΜΑ ΠΛΗΡΩΜΗΣ ΕΠΙΚΟΥΡΙΚΟ ΝΟΣΗΛΕΥΤΙΚΟ-ΠΑΡΑΪΑΤΡΙΚΟ ΠΡΟΣΩΠΙΚΟ (000001634),,,81349.12,anonymous sponsor (empty sponsorAFMName)
ΨΛΚΞ4690Β3-ΖΑΦ,2025-08-01,ΕΝΤΑΛΜΑ ΠΛΗΡΩΜΗΣ EΠΙΚΟΥΡΙΚΟΙ ΙΑΤΡΟΙ Ε.Σ.Υ. (000001629),,,6029.82,anonymous sponsor (empty sponsorAFMName)
9ΔΝΡ4690Β3-ΞΧΥ,2025-08-01,ΕΝΤΑΛΜΑ ΠΛΗΡΩΜΗΣ ΕΠΙΚΟΥΡΙΚΟ ΝΟΣΗΛΕΥΤΙΚΟ-ΠΑΡΑΪΑΤΡΙΚΟ ΠΡΟΣΩΠΙΚΟ (000001634),,,1849.99,anonymous sponsor (empty sponsorAFMName)
9ΛΓΧ4690Β3-7ΧΠ,2025-08-01,ΕΝΤΑΛΜΑ ΠΛΗΡΩΜΗΣ ΕΠΙΚΟΥΡΙΚΟ ΝΟΣΗΛΕΥΤΙΚΟ-ΠΑΡΑΪΑΤΡΙΚΟ ΠΡΟΣΩΠΙΚΟ (000001634),,,31797.24,anonymous sponsor (empty sponsorAFMName)
ΨΣΙΕ4690Β3-ΞΟΥ,2025-08-01,ΕΝΤΑΛΜΑ ΠΛΗΡΩΜΗΣ EΠΙΚΟΥΡΙΚΟΙ ΙΑΤΡΟΙ Ε.Σ.Υ. (000001629),,,59357.97,anonymous sponsor (empty sponsorAFMName)
96Ν74690Β3-ΝΑΗ,2025-08-01,ΕΝΤΑΛΜΑ ΠΛΗΡΩΜΗΣ ΕΡΓΟΔ.ΕΙΣΦ.ΙΚΑ ΑΣΚΟΥΜ.ΤΕΕ-ΙΕΚ.ΧΩΡ.ΑΜΟΙΒ.ΓΙΑ ΑΤΥΧΗΜ (001690),,,34.01,anonymous sponsor (empty sponsorAFMName)
Ψ5734690Β3-Ζ29,2025-08-01,ΕΝΤΑΛΜΑ ΠΛΗΡΩΜΗΣ ΕΠΙΚΟΥΡΙΚΟ ΝΟΣΗΛΕΥΤΙΚΟ-ΠΑΡΑΪΑΤΡΙΚΟ ΠΡΟΣΩΠΙΚΟ (000001634),,,138.81,anonymous sponsor (empty sponsorAFMName)
95ΟΥ4690Β3-ΜΗΕ,2025-08-01,ΕΝΤΑΛΜΑ ΠΛΗΡΩΜΗΣ EΠΙΚΟΥΡΙΚΟΙ ΙΑΤΡΟΙ Ε.Σ.Υ. (000001629),,,243.38,anonymous sponsor (empty sponsorAFMName)
ΨΝΡΣ4690Β3-ΖΜΡ,2025-08-01,ΕΝΤΑΛΜΑ ΠΛΗΡΩΜΗΣ ΑΠΟΖΗΜΕΙΩΣΗ ΤΕΙ-ΑΣΚΟΥΜΕΝΩΝ Ο.Α.Ε.Δ. (001607),,,643.92,anonymous sponsor (empty sponsorAFMName)
61ΟΣ4690Β3-ΝΞΝ,2025-08-01,ΕΝΤΑΛΜΑ ΠΛΗΡΩΜΗΣ ΕΠΟΧΙΚΟ ΠΡΟΣΩΠΙΚΟ ΚΑΘΑΡΙΟΤΗΤΑΣ (999111999),,,32419.90,anonymous sponsor (empty sponsorAFMName)
9ΙΒΧ4690Β3-8Ξ6,2025-07-30,ΕΝΤΑΛΜΑ ΠΛΗΡΩΜΗΣ ΕΙΣΦΟΡΕΣ ΑΠΑΣΧ/ΝΩΝ ΟΑΕΔ ΜΕΣΩ ΠΡΟΓ. ΚΟΙΝΩΦ. ΧΑΡΑΚΤΗΡΑ (),,,325.26,anonymous sponsor (empty sponsorAFMName)
Ψ8ΚΨ4690Β3-Ψ7Π,2025-07-30,ΕΝΤΑΛΜΑ ΠΛΗΡΩΜΗΣ ΚΡΑΤ.3391-54.03.00.0001 Φ.Μ.Υ. (001512),,,77.89,anonymous sponsor (empty sponsorAFMName)
655Ψ4690Β3-ΔΦΔ,2025-07-30,ΕΝΤΑΛΜΑ ΠΛΗΡΩΜΗΣ ΚΡΑΤ.3391-54.03.00.0001 Φ.Μ.Υ. (001512),,,81.40,anonymous sponsor (empty sponsorAFMName)
93ΑΓ4690Β3-8Η6,2025-07-30,ΕΝΤΑΛΜΑ ΠΛΗΡΩΜΗΣ ΕΙΣΦΟΡΕΣ ΑΠΑΣΧ/ΝΩΝ ΟΑΕΔ ΜΕΣΩ ΠΡΟΓ. ΚΟΙΝΩΦ. ΧΑΡΑΚΤΗΡΑ (),,,1608.79,anonymous sponsor (empty sponsorAFMName)
9ΩΤ04690Β3-ΞΣΞ,2025-07-30,ΕΝΤΑΛΜΑ ΠΛΗΡΩΜΗΣ ΕΙΣΦΟΡΕΣ ΑΠΑΣΧ/ΝΩΝ ΟΑΕΔ ΜΕΣΩ ΠΡΟΓ. ΚΟΙΝΩΦ. ΧΑΡΑΚΤΗΡΑ (),,,3209.84,anonymous sponsor (empty sponsorAFMName)
9ΧΩΜ4690Β3-ΓΘΙ,2025-07-30,ΕΝΤΑΛΜΑ ΠΛΗΡΩΜΗΣ ΚΡΑΤ.3391-54.04.02.0001 Χ/ΜΑ και ΟΓΑ Χ/ΜΩΝ (),,,0.24,anonymous sponsor (empty sponsorAFMName)
9ΗΤΨ4690Β3-ΜΚ7,2025-07-30,ΕΝΤΑΛΜΑ ΠΛΗΡΩΜΗΣ ΚΡΑΤ.3391-53.20.00.0001 ΕΛΛΗΝΙΚΟ ΔΗΜΟΣΙΟ (001506),,,1148.55,anonymous sponsor (empty sponsorAFMName)
6Μ524690Β3-Ρ52,2025-07-30,ΕΝΤΑΛΜΑ ΠΛΗΡΩΜΗΣ ΚΡΑΤ.3391-53.20.00.0001 ΕΛΛΗΝΙΚΟ ΔΗΜΟΣΙΟ (001506),,,6.84,anonymous sponsor (empty sponsorAFMName)
93ΥΑ4690Β3-4ΨΠ,2025-07-30,ΕΝΤΑΛΜΑ ΠΛΗΡΩΜΗΣ ΚΡΑΤ.3391-54.04.02.0001 Χ/ΜΑ και ΟΓΑ Χ/ΜΩΝ (),,,35.52,anonymous sponsor (empty sponsorAFMName)
Ψ2ΥΜ4690Β3-ΟΚΘ,2025-07-30,ΕΝΤΑΛΜΑ ΠΛΗΡΩΜΗΣ ΚΡΑΤ.3391-54.09.14.0001 ΦΟΡΟΣ ΠΡΟΜΗΘΕΥΤΩΝ (001510),,,2878.37,anonymous sponsor (empty sponsorAFMName)
9ΒΚΒ4690Β3-ΧΡΓ,2025-07-30,ΕΝΤΑΛΜΑ ΠΛΗΡΩΜΗΣ ΚΡΑΤ.3391-54.09.14.0001 ΦΟΡΟΣ ΠΡΟΜΗΘΕΥΤΩΝ (001510),,,39439.06,anonymous sponsor (empty sponsorAFMName)
9Η0Ω4690Β3-03Ξ,2025-07-30,ΕΝΤΑΛΜΑ ΠΛΗΡΩΜΗΣ ΚΡΑΤ.3391-53.20.00.0001 ΕΛΛΗΝΙΚΟ ΔΗΜΟΣΙΟ (001506),,,14863.19,anonymous sponsor (empty sponsorAFMName)
98ΞΓ4690Β3-ΗΟ5,2025-07-30,ΕΝΤΑΛΜΑ ΠΛΗΡΩΜΗΣ ΚΡΑΤ.3391-53.20.00.0001 ΕΛΛΗΝΙΚΟ ΔΗΜΟΣΙΟ (001506),,,596.72,anonymous sponsor (empty sponsorAFMName)
Ψ4ΧΥ4690Β3-97Ω,2025-07-30,ΕΝΤΑΛΜΑ ΠΛΗΡΩΜΗΣ ΚΡΑΤ.3391-53.20.00.0001 ΕΛΛΗΝΙΚΟ ΔΗΜΟΣΙΟ (001506),,,56.76,anonymous sponsor (empty sponsorAFMName)
ΨΟΓ14690Β3-ΞΧΑ,2025-07-30,ΕΝΤΑΛΜΑ ΠΛΗΡΩΜΗΣ ΚΡΑΤ.3391-53.20.00.0001 ΕΛΛΗΝΙΚΟ ΔΗΜΟΣΙΟ (001506),,,409.57,anonymous sponsor (empty sponsorAFMName)
ΨΥΨΒ4690Β3-6ΧΠ,2025-07-29,ΕΝΤΑΛΜΑ ΠΛΗΡΩΜΗΣ WATERA HELLAS  A.B.E.E. ΠΡΩΗΝ ΚΑΛΛΙΓΚΑΝ (094057329),,,2404.98,anonymous sponsor (empty sponsorAFMName)
ΨΡΔΘ4690Β3-0Τ5,2025-07-25,ΕΝΤΑΛΜΑ ΠΛΗΡΩΜΗΣ ΕΚΤΟΣ ΕΔΡΑΣ ΠΡΟΣ/ΚΟΥ ΝΟΣΟΚΟΜΕΙΟΥ (001601),,,40.00,anonymous sponsor (empty sponsorAFMName)
6Α944690Β3-Λ28,2025-07-25,ΕΝΤΑΛΜΑ ΠΛΗΡΩΜΗΣ ΕΚΤΟΣ ΕΔΡΑΣ ΠΡΟΣ/ΚΟΥ ΝΟΣΟΚΟΜΕΙΟΥ (001601),,,40.00,anonymous sponsor (empty sponsorAFMName)
9Ψ734690Β3-ΚΚΤ,2025-07-24,ΕΝΤΑΛΜΑ ΠΛΗΡΩΜΗΣ ΚΥΡΙΑΚΗΣ-ΜΠΙΤΖΑΡΟΣ ΑΝΑΣΤΑΣΙΟΣ του Δημητρίου (037293567),,,2480.00,anonymous sponsor (empty sponsorAFMName)
9Ξ1Ι4690Β3-Τ5Ξ,2025-07-22,ΕΝΤΑΛΜΑ ΠΛΗΡΩΜΗΣ WATERA HELLAS  A.B.E.E. ΠΡΩΗΝ ΚΑΛΛΙΓΚΑΝ (094057329),,,1004.40,anonymous sponsor (empty sponsorAFMName)
98ΓΖ4690Β3-ΡΞΤ,2025-07-22,ΕΝΤΑΛΜΑ ΠΛΗΡΩΜΗΣ ΛΙΝΤΕ ΕΛΛΑΣ ΕΠΕ (095167018),,,929.17,anonymous sponsor (empty sponsorAFMName)
ΨΖΤΗ4690Β3-5ΧΑ,2025-07-21,ΕΝΤΑΛΜΑ ΠΛΗΡΩΜΗΣ RONTIS HELLAS Α.Ε.Β.Ε. (πρώην ΜΕΝΤΙΣΠΕΣ ΑΕΒΕ) (095335610),,,2906.92,anonymous sponsor (empty sponsorAFMName)
68ΔΣ4690Β3-Γ2Ε,2025-07-21,ΕΝΤΑΛΜΑ ΠΛΗΡΩΜΗΣ RONTIS HELLAS Α.Ε.Β.Ε. (πρώην ΜΕΝΤΙΣΠΕΣ ΑΕΒΕ) (095335610),,,4350.34,anonymous sponsor (empty sponsorAFMName)
63ΔΚ4690Β3-7ΩΗ,2025-07-21,ΕΝΤΑΛΜΑ ΠΛΗΡΩΜΗΣ RONTIS HELLAS Α.Ε.Β.Ε. (πρώην ΜΕΝΤΙΣΠΕΣ ΑΕΒΕ) (095335610),,,4028.17,anonymous sponsor (empty sponsorAFMName)
Ψ61Ο4690Β3-Ψ0Α,2025-07-21,ΕΝΤΑΛΜΑ ΠΛΗΡΩΜΗΣ RONTIS HELLAS Α.Ε.Β.Ε. (πρώην ΜΕΝΤΙΣΠΕΣ ΑΕΒΕ) (095335610),,,4283.65,anonymous sponsor (empty sponsorAFMName)
ΡΚΘΙ4690Β3-ΛΥΞ,2025-07-15,ΕΝΤΑΛΜΑ ΠΛΗΡΩΜΗΣ ΛΙΝΤΕ ΕΛΛΑΣ ΕΠΕ (095167018),,,8525.00,anonymous sponsor (empty sponsorAFMName)
Ψ14Ε4690Β3-Π7Ε,2025-07-15,ΕΝΤΑΛΜΑ ΠΛΗΡΩΜΗΣ ΛΙΝΤΕ ΕΛΛΑΣ ΕΠΕ (095167018),,,2753.16,anonymous sponsor (empty sponsorAFMName)
63ΘΠ4690Β3-ΔΧΒ,2025-07-15,ΕΝΤΑΛΜΑ ΠΛΗΡΩΜΗΣ KnR Α.Ε. (997938212),,,2343.60,anonymous sponsor (empty sponsorAFMName)
ΡΩ644690Β3-ΝΒ2,2025-07-10,ΕΝΤΑΛΜΑ ΠΛΗΡΩΜΗΣ ΚΡΑΤ.3391-53.20.00.0001 ΕΛΛΗΝΙΚΟ ΔΗΜΟΣΙΟ (001506),,,142391.82,anonymous sponsor (empty sponsorAFMName)
9ΨΛΓ4690Β3-ΤΒΞ,2025-07-08,ΕΝΤΑΛΜΑ ΠΛΗΡΩΜΗΣ KnR Α.Ε. (997938212),,,744.00,anonymous sponsor (empty sponsorAFMName)
96Ζ74690Β3-ΟΙ0,2025-07-04,ΕΝΤΑΛΜΑ ΠΛΗΡΩΜΗΣ ΕΝΟΡΑΣΙΣ ΑΕ (094503580),,,25574.39,anonymous sponsor (empty sponsorAFMName)
917Γ4690Β3-ΘΒΛ,2025-07-04,ΕΝΤΑΛΜΑ ΠΛΗΡΩΜΗΣ RONTIS HELLAS Α.Ε.Β.Ε. (πρώην ΜΕΝΤΙΣΠΕΣ ΑΕΒΕ) (095335610),,,2657.33,anonymous sponsor (empty sponsorAFMName)
Ψ0Θ94690Β3-ΡΧΜ,2025-07-04,ΕΝΤΑΛΜΑ ΠΛΗΡΩΜΗΣ RONTIS HELLAS Α.Ε.Β.Ε. (πρώην ΜΕΝΤΙΣΠΕΣ ΑΕΒΕ) (095335610),,,1592.36,anonymous sponsor (empty sponsorAFMName)
Ψ1544690Β3-ΑΨΘ,2025-07-03,ΕΝΤΑΛΜΑ ΠΛΗΡΩΜΗΣ ΚΕΡΚΥΡΑΪΚΗ ΕΤΑΙΡΕΙΑ ΚΡΕΑΤΩΝ ΑΕ (099346780),,,9615.32,anonymous sponsor (empty sponsorAFMName)
ΨΨΩΤ4690Β3-6Φ9,2025-07-02,ΕΝΤΑΛΜΑ ΠΛΗΡΩΜΗΣ ΑΜΟΙΒΕΣ ΝΟΣΗΛΕΥΤΙΚΟΥ   ΛΟΙΠΟΥ ΠΡΟΣΩΠΙΚΟΥ ΣΥΜΜΕΤΟΧΗΣ ΣΕ ΑΠΟΓ .ΧΕΙΡΓ. (),,,165.00,anonymous sponsor (empty sponsorAFMName)
Ψ4ΣΦ4690Β3-8ΔΟ,2025-07-02,ΕΝΤΑΛΜΑ ΠΛΗΡΩΜΗΣ ΑΜΟΙΒΕΣ ΝΟΣΗΛΕΥΤΙΚΟΥ   ΛΟΙΠΟΥ ΠΡΟΣΩΠΙΚΟΥ ΣΥΜΜΕΤΟΧΗΣ ΣΕ ΑΠΟΓ .ΧΕΙΡΓ. (),,,172.50,anonymous sponsor (empty sponsorAFMName)
Ψ1Υ64690Β3-ΒΞ0,2025-07-02,ΕΝΤΑΛΜΑ ΠΛΗΡΩΜΗΣ ΑΜΟΙΒΕΣ ΝΟΣΗΛΕΥΤΙΚΟΥ   ΛΟΙΠΟΥ ΠΡΟΣΩΠΙΚΟΥ ΣΥΜΜΕΤΟΧΗΣ ΣΕ ΑΠΟΓ .ΧΕΙΡΓ. (),,,270.00,anonymous sponsor (empty sponsorAFMName)
900Μ4690Β3-ΞΧΘ,2025-07-02,ΕΝΤΑΛΜΑ ΠΛΗΡΩΜΗΣ ΑΜΟΙΒΕΣ ΝΟΣΗΛΕΥΤΙΚΟΥ   ΛΟΙΠΟΥ ΠΡΟΣΩΠΙΚΟΥ ΣΥΜΜΕΤΟΧΗΣ ΣΕ ΑΠΟΓ .ΧΕΙΡΓ. (),,,600.00,anonymous sponsor (empty sponsorAFMName)
ΨΛΟΤ4690Β3-65Μ,2025-07-02,ΕΝΤΑΛΜΑ ΠΛΗΡΩΜΗΣ ΑΜΟΙΒΕΣ ΝΟΣΗΛΕΥΤΙΚΟΥ   ΛΟΙΠΟΥ ΠΡΟΣΩΠΙΚΟΥ ΣΥΜΜΕΤΟΧΗΣ ΣΕ ΑΠΟΓ .ΧΕΙΡΓ. (),,,120.00,anonymous sponsor (empty sponsorAFMName)
ΨΨ6Χ4690Β3-7ΦΔ,2025-07-02,ΕΝΤΑΛΜΑ ΠΛΗΡΩΜΗΣ ΑΜΟΙΒΕΣ ΝΟΣΗΛΕΥΤΙΚΟΥ   ΛΟΙΠΟΥ ΠΡΟΣΩΠΙΚΟΥ ΣΥΜΜΕΤΟΧΗΣ ΣΕ ΑΠΟΓ .ΧΕΙΡΓ. (),,,337.50,anonymous sponsor (empty sponsorAFMName)
90ΚΗ4690Β3-6ΓΖ,2025-07-02,ΕΝΤΑΛΜΑ ΠΛΗΡΩΜΗΣ ΑΜΟΙΒΕΣ ΝΟΣΗΛΕΥΤΙΚΟΥ   ΛΟΙΠΟΥ ΠΡΟΣΩΠΙΚΟΥ ΣΥΜΜΕΤΟΧΗΣ ΣΕ ΑΠΟΓ .ΧΕΙΡΓ. (),,,75.00,anonymous sponsor (empty sponsorAFMName)
Ψ9Δ54690Β3-ΥΗΚ,2025-07-02,ΕΝΤΑΛΜΑ ΠΛΗΡΩΜΗΣ ΑΜΟΙΒΕΣ ΙΑΤΡΙΚΟΥ ΠΡΟΣΩΠΙΚΟΥ ΛΕΙΤΟΥΡΓΙΑΣ ΑΠΟΓΕΥΜΑΤΙΝΩΝ ΙΑΤΡΕΙΩΝ (210923000),,,3198.41,anonymous sponsor (empty sponsorAFMName)
9ΨΓΛ4690Β3-ΨΥ7,2025-07-02,ΕΝΤΑΛΜΑ ΠΛΗΡΩΜΗΣ ΑΜΟΙΒΕΣ ΔΙΟΙΚΗΤΙΚΟΥ   ΛΟΙΠΟΥ ΠΡΟΣΩΠΙΚΟΥ ΛΕΙΤΟΥΡΓΙΑΣ ΑΠΟΓΕΥΜΑΤΙΝΩΝ ΙΑΤΡΕΙΩΝ (55831111),,,810.00,anonymous sponsor (empty sponsorAFMName)
9Δ624690Β3-ΟΡΚ,2025-07-02,ΕΝΤΑΛΜΑ ΠΛΗΡΩΜΗΣ ΑΠΟΖΗΜΙΩΣΗ ΓΙΑ ΝΥΧΤΕΡΙΝΑ-ΕΞΑΙΡΕΣΙΜΑ-ΥΠΕΡΩΡ.ΑΠΑΣΧΟΛΗΣΗ (001628),,,466.69,anonymous sponsor (empty sponsorAFMName)
6ΞΒΥ4690Β3-5ΩΠ,2025-07-02,ΕΝΤΑΛΜΑ ΠΛΗΡΩΜΗΣ ΑΠΟΖΗΜΙΩΣΗ ΓΙΑ ΝΥΧΤΕΡΙΝΑ-ΕΞΑΙΡΕΣΙΜΑ-ΥΠΕΡΩΡ.ΑΠΑΣΧΟΛΗΣΗ (001628),,,6873.86,anonymous sponsor (empty sponsorAFMName)
Ψ2ΝΛ4690Β3-ΤΛ3,2025-07-02,ΕΝΤΑΛΜΑ ΠΛΗΡΩΜΗΣ ΑΠΟΖΗΜΙΩΣΗ ΓΙΑ ΝΥΧΤΕΡΙΝΑ-ΕΞΑΙΡΕΣΙΜΑ-ΥΠΕΡΩΡ.ΑΠΑΣΧΟΛΗΣΗ (001628),,,3098.41,anonymous sponsor (empty sponsorAFMName)
ΨΑ8Α4690Β3-Μ1Ν,2025-07-02,ΕΝΤΑΛΜΑ ΠΛΗΡΩΜΗΣ ΑΠΟΖΗΜΙΩΣΗ ΓΙΑ ΝΥΧΤΕΡΙΝΑ-ΕΞΑΙΡΕΣΙΜΑ-ΥΠΕΡΩΡ.ΑΠΑΣΧΟΛΗΣΗ (001628),,,1093.92,anonymous sponsor (empty sponsorAFMName)
Ψ0ΦΕ4690Β3-ΕΓ0,2025-07-02,ΕΝΤΑΛΜΑ ΠΛΗΡΩΜΗΣ ΑΠΟΖΗΜΙΩΣΗ ΓΙΑ ΝΥΧΤΕΡΙΝΑ-ΕΞΑΙΡΕΣΙΜΑ-ΥΠΕΡΩΡ.ΑΠΑΣΧΟΛΗΣΗ (001628),,,8326.95,anonymous sponsor (empty sponsorAFMName)
9ΒΦΘ4690Β3-ΖΑ3,2025-07-02,ΕΝΤΑΛΜΑ ΠΛΗΡΩΜΗΣ ΑΠΟΖΗΜΙΩΣΗ ΓΙΑ ΝΥΧΤΕΡΙΝΑ-ΕΞΑΙΡΕΣΙΜΑ-ΥΠΕΡΩΡ.ΑΠΑΣΧΟΛΗΣΗ (001628),,,1396.20,anonymous sponsor (empty sponsorAFMName)
ΨΩΙΛ4690Β3-ΘΛΩ,2025-07-02,ΕΝΤΑΛΜΑ ΠΛΗΡΩΜΗΣ ΑΠΟΖΗΜΙΩΣΗ ΓΙΑ ΝΥΧΤΕΡΙΝΑ-ΕΞΑΙΡΕΣΙΜΑ-ΥΠΕΡΩΡ.ΑΠΑΣΧΟΛΗΣΗ (001628),,,501.33,anonymous sponsor (empty sponsorAFMName)
61ΗΚ4690Β3-Φ2Ι,2025-07-02,ΕΝΤΑΛΜΑ ΠΛΗΡΩΜΗΣ ΑΠΟΖΗΜΙΩΣΗ ΓΙΑ ΝΥΧΤΕΡΙΝΑ-ΕΞΑΙΡΕΣΙΜΑ-ΥΠΕΡΩΡ.ΑΠΑΣΧΟΛΗΣΗ (001628),,,1333.37,anonymous sponsor (empty sponsorAFMName)
ΡΟΨΓ4690Β3-7ΣΒ,2025-07-02,ΕΝΤΑΛΜΑ ΠΛΗΡΩΜΗΣ ΑΠΟΖΗΜΙΩΣΗ ΓΙΑ ΝΥΧΤΕΡΙΝΑ-ΕΞΑΙΡΕΣΙΜΑ-ΥΠΕΡΩΡ.ΑΠΑΣΧΟΛΗΣΗ (001628),,,6337.85,anonymous sponsor (empty sponsorAFMName)
ΨΒ494690Β3-Φ29,2025-07-02,ΕΝΤΑΛΜΑ ΠΛΗΡΩΜΗΣ ΑΠΟΖΗΜΙΩΣΗ ΓΙΑ ΝΥΧΤΕΡΙΝΑ-ΕΞΑΙΡΕΣΙΜΑ-ΥΠΕΡΩΡ.ΑΠΑΣΧΟΛΗΣΗ (001628),,,9180.43,anonymous sponsor (empty sponsorAFMName)
6ΖΨΞ4690Β3-ΑΛΟ,2025-07-02,ΕΝΤΑΛΜΑ ΠΛΗΡΩΜΗΣ ΑΠΟΖΗΜΙΩΣΗ ΓΙΑ ΝΥΧΤΕΡΙΝΑ-ΕΞΑΙΡΕΣΙΜΑ-ΥΠΕΡΩΡ.ΑΠΑΣΧΟΛΗΣΗ (001628),,,1023.47,anonymous sponsor (empty sponsorAFMName)
6ΘΞΙ4690Β3-ΖΧ2,2025-07-02,ΕΝΤΑΛΜΑ ΠΛΗΡΩΜΗΣ ΑΠΟΖΗΜΙΩΣΗ ΓΙΑ ΝΥΧΤΕΡΙΝΑ-ΕΞΑΙΡΕΣΙΜΑ-ΥΠΕΡΩΡ.ΑΠΑΣΧΟΛΗΣΗ (001628),,,761.53,anonymous sponsor (empty sponsorAFMName)
98ΤΦ4690Β3-ΗΞΓ,2025-07-02,ΕΝΤΑΛΜΑ ΠΛΗΡΩΜΗΣ ΑΠΟΖΗΜΙΩΣΗ ΓΙΑ ΝΥΧΤΕΡΙΝΑ-ΕΞΑΙΡΕΣΙΜΑ-ΥΠΕΡΩΡ.ΑΠΑΣΧΟΛΗΣΗ (001628),,,6756.46,anonymous sponsor (empty sponsorAFMName)
ΨΞ234690Β3-32Ο,2025-07-02,ΕΝΤΑΛΜΑ ΠΛΗΡΩΜΗΣ ΑΠΟΖΗΜΙΩΣΗ ΓΙΑ ΝΥΧΤΕΡΙΝΑ-ΕΞΑΙΡΕΣΙΜΑ-ΥΠΕΡΩΡ.ΑΠΑΣΧΟΛΗΣΗ (001628),,,294.53,anonymous sponsor (empty sponsorAFMName)
Ψ6ΕΛ4690Β3-ΨΓΜ,2025-07-02,ΕΝΤΑΛΜΑ ΠΛΗΡΩΜΗΣ ΑΠΟΖΗΜΙΩΣΗ ΓΙΑ ΝΥΧΤΕΡΙΝΑ-ΕΞΑΙΡΕΣΙΜΑ-ΥΠΕΡΩΡ.ΑΠΑΣΧΟΛΗΣΗ (001628),,,171.41,anonymous sponsor (empty sponsorAFMName)
6Χ644690Β3-Π4Β,2025-07-02,ΕΝΤΑΛΜΑ ΠΛΗΡΩΜΗΣ ΑΠΟΖΗΜΙΩΣΗ ΓΙΑ ΝΥΧΤΕΡΙΝΑ-ΕΞΑΙΡΕΣΙΜΑ-ΥΠΕΡΩΡ.ΑΠΑΣΧΟΛΗΣΗ (001628),,,476.02,anonymous sponsor (empty sponsorAFMName)
ΡΟ3Β4690Β3-ΨΗΚ,2025-07-02,ΕΝΤΑΛΜΑ ΠΛΗΡΩΜΗΣ ΑΠΟΖΗΜΙΩΣΗ ΓΙΑ ΝΥΧΤΕΡΙΝΑ-ΕΞΑΙΡΕΣΙΜΑ-ΥΠΕΡΩΡ.ΑΠΑΣΧΟΛΗΣΗ (001628),,,643.10,anonymous sponsor (empty sponsorAFMName)
ΨΗΖ24690Β3-ΔΡΙ,2025-07-02,ΕΝΤΑΛΜΑ ΠΛΗΡΩΜΗΣ ΑΠΟΖΗΜΙΩΣΗ ΓΙΑ ΝΥΧΤΕΡΙΝΑ-ΕΞΑΙΡΕΣΙΜΑ-ΥΠΕΡΩΡ.ΑΠΑΣΧΟΛΗΣΗ (001628),,,2234.17,anonymous sponsor (empty sponsorAFMName)
ΡΟ8Λ4690Β3-ΠΜΣ,2025-07-02,ΕΝΤΑΛΜΑ ΠΛΗΡΩΜΗΣ ΑΠΟΖΗΜΙΩΣΗ ΓΙΑ ΝΥΧΤΕΡΙΝΑ-ΕΞΑΙΡΕΣΙΜΑ-ΥΠΕΡΩΡ.ΑΠΑΣΧΟΛΗΣΗ (001628),,,1187.58,anonymous sponsor (empty sponsorAFMName)
9Π3Κ4690Β3-0ΧΛ,2025-07-02,ΕΝΤΑΛΜΑ ΠΛΗΡΩΜΗΣ ΑΠΟΖΗΜΙΩΣΗ ΓΙΑ ΝΥΧΤΕΡΙΝΑ-ΕΞΑΙΡΕΣΙΜΑ-ΥΠΕΡΩΡ.ΑΠΑΣΧΟΛΗΣΗ (001628),,,360.28,anonymous sponsor (empty sponsorAFMName)
9ΟΥ04690Β3-Γ6Ω,2025-07-02,ΕΝΤΑΛΜΑ ΠΛΗΡΩΜΗΣ ΑΠΟΖΗΜΙΩΣΗ ΓΙΑ ΝΥΧΤΕΡΙΝΑ-ΕΞΑΙΡΕΣΙΜΑ-ΥΠΕΡΩΡ.ΑΠΑΣΧΟΛΗΣΗ (001628),,,414.88,anonymous sponsor (empty sponsorAFMName)
ΨΟΜΝ4690Β3-Ξ0Ε,2025-07-02,ΕΝΤΑΛΜΑ ΠΛΗΡΩΜΗΣ ΑΠΟΖΗΜΙΩΣΗ ΓΙΑ ΝΥΧΤΕΡΙΝΑ-ΕΞΑΙΡΕΣΙΜΑ-ΥΠΕΡΩΡ.ΑΠΑΣΧΟΛΗΣΗ (001628),,,8449.69,anonymous sponsor (empty sponsorAFMName)
ΨΘΥΡ4690Β3-ΟΩΞ,2025-07-02,ΕΝΤΑΛΜΑ ΠΛΗΡΩΜΗΣ ΑΠΟΖΗΜΙΩΣΗ ΓΙΑ ΝΥΧΤΕΡΙΝΑ-ΕΞΑΙΡΕΣΙΜΑ-ΥΠΕΡΩΡ.ΑΠΑΣΧΟΛΗΣΗ (001628),,,4441.07,anonymous sponsor (empty sponsorAFMName)
ΨΓΚΩ4690Β3-ΓΦΕ,2025-07-02,ΕΝΤΑΛΜΑ ΠΛΗΡΩΜΗΣ ΑΠΟΖΗΜΙΩΣΗ ΓΙΑ ΝΥΧΤΕΡΙΝΑ-ΕΞΑΙΡΕΣΙΜΑ-ΥΠΕΡΩΡ.ΑΠΑΣΧΟΛΗΣΗ (001628),,,188.41,anonymous sponsor (empty sponsorAFMName)
9ΦΕ64690Β3-ΧΟΙ,2025-07-02,ΕΝΤΑΛΜΑ ΠΛΗΡΩΜΗΣ ΑΠΟΖΗΜΙΩΣΗ ΓΙΑ ΝΥΧΤΕΡΙΝΑ-ΕΞΑΙΡΕΣΙΜΑ-ΥΠΕΡΩΡ.ΑΠΑΣΧΟΛΗΣΗ (001628),,,1485.15,anonymous sponsor (empty sponsorAFMName)
9ΦΨ14690Β3-Γ0Σ,2025-07-02,ΕΝΤΑΛΜΑ ΠΛΗΡΩΜΗΣ ΑΠΟΖΗΜΙΩΣΗ ΓΙΑ ΝΥΧΤΕΡΙΝΑ-ΕΞΑΙΡΕΣΙΜΑ-ΥΠΕΡΩΡ.ΑΠΑΣΧΟΛΗΣΗ (001628),,,2745.49,anonymous sponsor (empty sponsorAFMName)
ΨΒ9Β4690Β3-ΣΡΡ,2025-07-02,ΕΝΤΑΛΜΑ ΠΛΗΡΩΜΗΣ ΑΠΟΖΗΜΙΩΣΗ ΓΙΑ ΝΥΧΤΕΡΙΝΑ-ΕΞΑΙΡΕΣΙΜΑ-ΥΠΕΡΩΡ.ΑΠΑΣΧΟΛΗΣΗ (001628),,,2475.84,anonymous sponsor (empty sponsorAFMName)
ΨΓ9Λ4690Β3-ΘΡΩ,2025-07-02,ΕΝΤΑΛΜΑ ΠΛΗΡΩΜΗΣ ΑΠΟΖΗΜΙΩΣΗ ΓΙΑ ΝΥΧΤΕΡΙΝΑ-ΕΞΑΙΡΕΣΙΜΑ-ΥΠΕΡΩΡ.ΑΠΑΣΧΟΛΗΣΗ (001628),,,995.88,anonymous sponsor (empty sponsorAFMName)
ΨΔ234690Β3-14Γ,2025-07-02,ΕΝΤΑΛΜΑ ΠΛΗΡΩΜΗΣ ΑΠΟΖΗΜΙΩΣΗ ΓΙΑ ΝΥΧΤΕΡΙΝΑ-ΕΞΑΙΡΕΣΙΜΑ-ΥΠΕΡΩΡ.ΑΠΑΣΧΟΛΗΣΗ (001628),,,4317.37,anonymous sponsor (empty sponsorAFMName)
ΡΧΥΨ4690Β3-Β77,2025-07-01,ΕΝΤΑΛΜΑ ΠΛΗΡΩΜΗΣ ΕΠΙΚΟΥΡΙΚΟ ΝΟΣΗΛΕΥΤΙΚΟ-ΠΑΡΑΪΑΤΡΙΚΟ ΠΡΟΣΩΠΙΚΟ (000001634),,,1809.53,anonymous sponsor (empty sponsorAFMName)
ΡΠΨΧ4690Β3-ΨΜ9,2025-07-01,ΕΝΤΑΛΜΑ ΠΛΗΡΩΜΗΣ ΕΠΙΚΟΥΡΙΚΟ ΝΟΣΗΛΕΥΤΙΚΟ-ΠΑΡΑΪΑΤΡΙΚΟ ΠΡΟΣΩΠΙΚΟ (000001634),,,365.62,anonymous sponsor (empty sponsorAFMName)
Ψ9ΛΠ4690Β3-ΦΞΞ,2025-07-01,ΕΝΤΑΛΜΑ ΠΛΗΡΩΜΗΣ ΕΠΙΚΟΥΡΙΚΟ ΝΟΣΗΛΕΥΤΙΚΟ-ΠΑΡΑΪΑΤΡΙΚΟ ΠΡΟΣΩΠΙΚΟ (000001634),,,82273.51,anonymous sponsor (empty sponsorAFMName)
Ψ4ΧΦ4690Β3-Α9Ω,2025-07-01,ΕΝΤΑΛΜΑ ΠΛΗΡΩΜΗΣ EΠΙΚΟΥΡΙΚΟΙ ΙΑΤΡΟΙ Ε.Σ.Υ. (000001629),,,6029.82,anonymous sponsor (empty sponsorAFMName)
ΡΡΔΧ4690Β3-Β1Ξ,2025-07-01,ΕΝΤΑΛΜΑ ΠΛΗΡΩΜΗΣ ΑΠΟΖΗΜΕΙΩΣΗ ΤΕΙ-ΑΣΚΟΥΜΕΝΩΝ Ο.Α.Ε.Δ. (001607),,,643.92,anonymous sponsor (empty sponsorAFMName)
9ΑΘΞ4690Β3-5ΝΧ,2025-07-01,ΕΝΤΑΛΜΑ ΠΛΗΡΩΜΗΣ ΕΠΙΚΟΥΡΙΚΟ ΝΟΣΗΛΕΥΤΙΚΟ-ΠΑΡΑΪΑΤΡΙΚΟ ΠΡΟΣΩΠΙΚΟ (000001634),,,33232.46,anonymous sponsor (empty sponsorAFMName)
ΡΓΙ94690Β3-ΦΦΣ,2025-07-01,ΕΝΤΑΛΜΑ ΠΛΗΡΩΜΗΣ ΕΠΙΚΟΥΡΙΚΟ ΝΟΣΗΛΕΥΤΙΚΟ-ΠΑΡΑΪΑΤΡΙΚΟ ΠΡΟΣΩΠΙΚΟ (000001634),,,1849.99,anonymous sponsor (empty sponsorAFMName)
95Ρ44690Β3-Β7Η,2025-07-01,ΕΝΤΑΛΜΑ ΠΛΗΡΩΜΗΣ ΕΡΓΟΔ.ΕΙΣΦ.ΙΚΑ ΑΣΚΟΥΜ.ΤΕΕ-ΙΕΚ.ΧΩΡ.ΑΜΟΙΒ.ΓΙΑ ΑΤΥΧΗΜ (001690),,,29.88,anonymous sponsor (empty sponsorAFMName)
ΨΖΝΔ4690Β3-Η6Κ,2025-07-01,ΕΝΤΑΛΜΑ ΠΛΗΡΩΜΗΣ EΠΙΚΟΥΡΙΚΟΙ ΙΑΤΡΟΙ Ε.Σ.Υ. (000001629),,,69.21,anonymous sponsor (empty sponsorAFMName)
9ΤΠΟ4690Β3-ΩΞ5,2025-07-01,ΕΝΤΑΛΜΑ ΠΛΗΡΩΜΗΣ EΠΙΚΟΥΡΙΚΟΙ ΙΑΤΡΟΙ Ε.Σ.Υ. (000001629),,,59555.04,anonymous sponsor (empty sponsorAFMName)
ΨΡΨΑ4690Β3-ΧΨ6,2025-07-01,ΕΝΤΑΛΜΑ ΠΛΗΡΩΜΗΣ ΑΠΟΖΗΜΙΩΣΗ ΕΦΗΜΕΡΙΩΝ (002535),,,4931.46,anonymous sponsor (empty sponsorAFMName)
9Κ9Ι4690Β3-7ΒΖ,2025-07-01,ΕΝΤΑΛΜΑ ΠΛΗΡΩΜΗΣ ΑΠΟΖΗΜΙΩΣΗ ΕΦΗΜΕΡΙΩΝ (002535),,,1514.22,anonymous sponsor (empty sponsorAFMName)
96Δ44690Β3-ΛΓΙ,2025-07-01,ΕΝΤΑΛΜΑ ΠΛΗΡΩΜΗΣ ΑΠΟΖΗΜΙΩΣΗ ΕΦΗΜΕΡΙΩΝ (002535),,,3735.86,anonymous sponsor (empty sponsorAFMName)
Ψ4Σ34690Β3-ΩΡΨ,2025-07-01,ΕΝΤΑΛΜΑ ΠΛΗΡΩΜΗΣ ΑΠΟΖΗΜΙΩΣΗ ΕΦΗΜΕΡΙΩΝ (002535),,,2991.62,anonymous sponsor (empty sponsorAFMName)
6ΤΛΥ4690Β3-ΡΦΠ,2025-07-01,ΕΝΤΑΛΜΑ ΠΛΗΡΩΜΗΣ ΑΠΟΖΗΜΙΩΣΗ ΕΦΗΜΕΡΙΩΝ (002535),,,24386.11,anonymous sponsor (empty sponsorAFMName)
6ΧΝ94690Β3-ΠΨ5,2025-07-01,ΕΝΤΑΛΜΑ ΠΛΗΡΩΜΗΣ ΑΠΟΖΗΜΙΩΣΗ ΕΦΗΜΕΡΙΩΝ (002535),,,788.90,anonymous sponsor (empty sponsorAFMName)
ΨΡΕΥ4690Β3-Τ9Θ,2025-07-01,ΕΝΤΑΛΜΑ ΠΛΗΡΩΜΗΣ ΑΠΟΖΗΜΙΩΣΗ ΕΦΗΜΕΡΙΩΝ (002535),,,19038.10,anonymous sponsor (empty sponsorAFMName)
ΨΠΗΑ4690Β3-ΚΜ3,2025-07-01,ΕΝΤΑΛΜΑ ΠΛΗΡΩΜΗΣ ΑΠΟΖΗΜΙΩΣΗ ΕΦΗΜΕΡΙΩΝ (002535),,,85033.58,anonymous sponsor (empty sponsorAFMName)
ΨΝΣΞ4690Β3-42Λ,2025-07-01,ΕΝΤΑΛΜΑ ΠΛΗΡΩΜΗΣ ΕΠΟΧΙΚΟ ΠΡΟΣΩΠΙΚΟ ΚΑΘΑΡΙΟΤΗΤΑΣ (999111999),,,32402.61,anonymous sponsor (empty sponsorAFMName)
6Θ3Ν4690Β3-Ο0Λ,2025-07-01,ΕΝΤΑΛΜΑ ΠΛΗΡΩΜΗΣ ΕΠΙΚΟΥΡΙΚΟ ΝΟΣΗΛΕΥΤΙΚΟ-ΠΑΡΑΪΑΤΡΙΚΟ ΠΡΟΣΩΠΙΚΟ (000001634),,,414.63,anonymous sponsor (empty sponsorAFMName)
ΡΟΖΨ4690Β3-ΖΩΤ,2025-06-27,ΕΝΤΑΛΜΑ ΠΛΗΡΩΜΗΣ ΚΡΑΤ.3391-53.20.00.0001 ΕΛΛΗΝΙΚΟ ΔΗΜΟΣΙΟ (001506),,,1172.88,anonymous sponsor (empty sponsorAFMName)
ΨΦΓ64690Β3-Η72,2025-06-27,ΕΝΤΑΛΜΑ ΠΛΗΡΩΜΗΣ ΚΡΑΤ.3391-53.20.00.0001 ΕΛΛΗΝΙΚΟ ΔΗΜΟΣΙΟ (001506),,,47.86,anonymous sponsor (empty sponsorAFMName)
6Σ654690Β3-ΖΓΙ,2025-06-27,ΕΝΤΑΛΜΑ ΠΛΗΡΩΜΗΣ ΚΡΑΤ.3391-53.20.00.0001 ΕΛΛΗΝΙΚΟ ΔΗΜΟΣΙΟ (001506),,,562.28,anonymous sponsor (empty sponsorAFMName)
ΨΥΗΠ4690Β3-Ι50,2025-06-27,ΕΝΤΑΛΜΑ ΠΛΗΡΩΜΗΣ ΚΡΑΤ.3391-54.04.02.0001 Χ/ΜΑ και ΟΓΑ Χ/ΜΩΝ (),,,33.25,anonymous sponsor (empty sponsorAFMName)
9ΣΖ84690Β3-Ξ1Β,2025-06-27,ΕΝΤΑΛΜΑ ΠΛΗΡΩΜΗΣ ΚΡΑΤ.3391-53.20.00.0001 ΕΛΛΗΝΙΚΟ ΔΗΜΟΣΙΟ (001506),,,387.37,anonymous sponsor (empty sponsorAFMName)
Ψ57Σ4690Β3-Τ9Ψ,2025-06-27,ΕΝΤΑΛΜΑ ΠΛΗΡΩΜΗΣ ΚΡΑΤ.3391-53.20.00.0001 ΕΛΛΗΝΙΚΟ ΔΗΜΟΣΙΟ (001506),,,13225.89,anonymous sponsor (empty sponsorAFMName)
ΨΩΟΞ4690Β3-ΛΩΦ,2025-06-27,ΕΝΤΑΛΜΑ ΠΛΗΡΩΜΗΣ ΚΡΑΤ.3391-54.09.14.0001 ΦΟΡΟΣ ΠΡΟΜΗΘΕΥΤΩΝ (001510),,,32388.68,anonymous sponsor (empty sponsorAFMName)
95Υ74690Β3-9ΟΨ,2025-06-27,ΕΝΤΑΛΜΑ ΠΛΗΡΩΜΗΣ ΚΡΑΤ.3391-54.04.00.0001 ΦΟΡΟΣ ΕΛΕΥΘΕΡ.ΕΠΑΓΓΕΛΜΑΤ (),,,10005.73,anonymous sponsor (empty sponsorAFMName)
9ΤΜΗ4690Β3-9ΦΟ,2025-06-27,ΕΝΤΑΛΜΑ ΠΛΗΡΩΜΗΣ ΕΙΣΦΟΡΕΣ ΑΠΑΣΧ/ΝΩΝ ΟΑΕΔ ΜΕΣΩ ΠΡΟΓ. ΚΟΙΝΩΦ. ΧΑΡΑΚΤΗΡΑ (),,,1621.43,anonymous sponsor (empty sponsorAFMName)
ΨΤ8Ω4690Β3-ΦΜΓ,2025-06-27,ΕΝΤΑΛΜΑ ΠΛΗΡΩΜΗΣ ΚΡΑΤ.3391-54.03.00.0001 Φ.Μ.Υ. (001512),,,96.94,anonymous sponsor (empty sponsorAFMName)
Ψ8ΕΝ4690Β3-ΙΩ2,2025-06-27,ΕΝΤΑΛΜΑ ΠΛΗΡΩΜΗΣ ΕΙΣΦΟΡΕΣ ΑΠΑΣΧ/ΝΩΝ ΟΑΕΔ ΜΕΣΩ ΠΡΟΓ. ΚΟΙΝΩΦ. ΧΑΡΑΚΤΗΡΑ (),,,3222.48,anonymous sponsor (empty sponsorAFMName)
9ΡΟΑ4690Β3-Υ9Κ,2025-06-27,ΕΝΤΑΛΜΑ ΠΛΗΡΩΜΗΣ ΚΡΑΤ.3391-54.03.00.0001 Φ.Μ.Υ. (001512),,,94.24,anonymous sponsor (empty sponsorAFMName)
ΨΡΤΨ4690Β3-9ΡΘ,2025-06-27,ΕΝΤΑΛΜΑ ΠΛΗΡΩΜΗΣ WATERA HELLAS  A.B.E.E. ΠΡΩΗΝ ΚΑΛΛΙΓΚΑΝ (094057329),,,2404.98,anonymous sponsor (empty sponsorAFMName)
6ΑΞΝ4690Β3-ΒΡΔ,2025-06-26,ΕΝΤΑΛΜΑ ΠΛΗΡΩΜΗΣ WATERA HELLAS  A.B.E.E. ΠΡΩΗΝ ΚΑΛΛΙΓΚΑΝ (094057329),,,80.91,anonymous sponsor (empty sponsorAFMName)
61Ζ94690Β3-Η5Ξ,2025-06-26,ΕΝΤΑΛΜΑ ΠΛΗΡΩΜΗΣ DRAEGER HELLAS A.E (997799268),,,781.20,anonymous sponsor (empty sponsorAFMName)
9ΘΖΑ4690Β3-0ΑΝ,2025-06-20,ΕΝΤΑΛΜΑ ΠΛΗΡΩΜΗΣ ΛΙΝΤΕ ΕΛΛΑΣ ΕΠΕ (095167018),,,7842.32,anonymous sponsor (empty sponsorAFMName)
6ΔΝΟ4690Β3-ΛΟΚ,2025-06-20,ΕΝΤΑΛΜΑ ΠΛΗΡΩΜΗΣ ΛΙΝΤΕ ΕΛΛΑΣ ΕΠΕ (095167018),,,21903.36,anonymous sponsor (empty sponsorAFMName)
6Χ7Ζ4690Β3-ΛΤΖ,2025-06-19,ΕΝΤΑΛΜΑ ΠΛΗΡΩΜΗΣ ΚΩΝΣΤΑΝΤΙΝΟΣ ΑΝΑΣΤΟΠΟΥΛΟΣ-ΑΙΚΑΤΕΡΙΝΗ ΝΑΤΣΗ Ο.Ε. (800544921),,,1612.00,anonymous sponsor (empty sponsorAFMName)
9ΗΩΙ4690Β3-ΤΥΒ,2025-06-13,ΕΝΤΑΛΜΑ ΠΛΗΡΩΜΗΣ ΟΔΟΙΠΟΡΙΚΑ ΕΞΟΔΑ ΠΡΟΣ. ΝΟΣ/ΜΕΙΟΥ (001626),,,520.17,anonymous sponsor (empty sponsorAFMName)
ΨΧΚΡ4690Β3-ΔΡΓ,2025-06-13,ΕΝΤΑΛΜΑ ΠΛΗΡΩΜΗΣ ΟΔΟΙΠΟΡΙΚΑ ΕΞΟΔΑ ΠΡΟΣ. ΝΟΣ/ΜΕΙΟΥ (001626),,,7.20,anonymous sponsor (empty sponsorAFMName)
ΨΞΝΦ4690Β3-ΒΓ6,2025-06-13,ΕΝΤΑΛΜΑ ΠΛΗΡΩΜΗΣ ΟΔΟΙΠΟΡΙΚΑ ΕΞΟΔΑ ΠΡΟΣ. ΝΟΣ/ΜΕΙΟΥ (001626),,,261.40,anonymous sponsor (empty sponsorAFMName)
ΨΖΗ44690Β3-ΞΑ9,2025-06-10,ΕΝΤΑΛΜΑ ΠΛΗΡΩΜΗΣ ΟΔΟΙΠΟΡΙΚΑ ΕΞΟΔΑ ΠΡΟΣ. ΝΟΣ/ΜΕΙΟΥ (001626),,,71.60,anonymous sponsor (empty sponsorAFMName)
95Ω74690Β3-Ψ9Σ,2025-06-05,ΕΝΤΑΛΜΑ ΠΛΗΡΩΜΗΣ AMVIS ΕΛΛΑΣ A.E (094317562),,,6780.00,anonymous sponsor (empty sponsorAFMName)
6ΑΧ94690Β3-ΡΙΝ,2025-06-05,ΕΝΤΑΛΜΑ ΠΛΗΡΩΜΗΣ ΟΔΟΙΠΟΡΙΚΑ ΕΞΟΔΑ ΠΡΟΣ. ΝΟΣ/ΜΕΙΟΥ (001626),,,113.30,anonymous sponsor (empty sponsorAFMName)
6ΓΝΒ4690Β3-Θ6Λ,2025-06-05,ΕΝΤΑΛΜΑ ΠΛΗΡΩΜΗΣ ΕΚΤΟΣ ΕΔΡΑΣ ΠΡΟΣ/ΚΟΥ ΝΟΣΟΚΟΜΕΙΟΥ (001601),,,10.00,anonymous sponsor (empty sponsorAFMName)
6Ι0Ε4690Β3-Γ04,2025-06-04,ΕΝΤΑΛΜΑ ΠΛΗΡΩΜΗΣ ΟΔΟΙΠΟΡΙΚΑ ΕΞΟΔΑ ΠΡΟΣ. ΝΟΣ/ΜΕΙΟΥ (001626),,,21.20,anonymous sponsor (empty sponsorAFMName)
ΨΝΥ24690Β3-ΝΛΔ,2025-06-04,ΕΝΤΑΛΜΑ ΠΛΗΡΩΜΗΣ ΟΔΟΙΠΟΡΙΚΑ ΕΞΟΔΑ ΠΡΟΣ. ΝΟΣ/ΜΕΙΟΥ (001626),,,261.40,anonymous sponsor (empty sponsorAFMName)
62ΧΡ4690Β3-ΧΑΙ,2025-06-04,ΕΝΤΑΛΜΑ ΠΛΗΡΩΜΗΣ ΟΔΟΙΠΟΡΙΚΑ ΕΞΟΔΑ ΠΡΟΣ. ΝΟΣ/ΜΕΙΟΥ (001626),,,21.20,anonymous sponsor (empty sponsorAFMName)
ΨΝΛΒ4690Β3-Λ72,2025-06-04,ΕΝΤΑΛΜΑ ΠΛΗΡΩΜΗΣ ΟΔΟΙΠΟΡΙΚΑ ΕΞΟΔΑ ΠΡΟΣ. ΝΟΣ/ΜΕΙΟΥ (001626),,,275.20,anonymous sponsor (empty sponsorAFMName)
ΨΘΟ94690Β3-Ρ37,2025-06-03,ΕΝΤΑΛΜΑ ΠΛΗΡΩΜΗΣ ΑΠΟΖΗΜΙΩΣΗ ΓΙΑ ΝΥΧΤΕΡΙΝΑ-ΕΞΑΙΡΕΣΙΜΑ-ΥΠΕΡΩΡ.ΑΠΑΣΧΟΛΗΣΗ (001628),,,394.92,anonymous sponsor (empty sponsorAFMName)
9Φ7Π4690Β3-ΚΟΔ,2025-06-03,ΕΝΤΑΛΜΑ ΠΛΗΡΩΜΗΣ ΑΠΟΖΗΜΙΩΣΗ ΓΙΑ ΝΥΧΤΕΡΙΝΑ-ΕΞΑΙΡΕΣΙΜΑ-ΥΠΕΡΩΡ.ΑΠΑΣΧΟΛΗΣΗ (001628),,,300.32,anonymous sponsor (empty sponsorAFMName)
9ΚΖΛ4690Β3-Σ4Α,2025-06-03,ΕΝΤΑΛΜΑ ΠΛΗΡΩΜΗΣ ΑΠΟΖΗΜΙΩΣΗ ΓΙΑ ΝΥΧΤΕΡΙΝΑ-ΕΞΑΙΡΕΣΙΜΑ-ΥΠΕΡΩΡ.ΑΠΑΣΧΟΛΗΣΗ (001628),,,1605.93,anonymous sponsor (empty sponsorAFMName)
9ΡΞΞ4690Β3-ΦΔΒ,2025-06-03,ΕΝΤΑΛΜΑ ΠΛΗΡΩΜΗΣ ΑΠΟΖΗΜΙΩΣΗ ΓΙΑ ΝΥΧΤΕΡΙΝΑ-ΕΞΑΙΡΕΣΙΜΑ-ΥΠΕΡΩΡ.ΑΠΑΣΧΟΛΗΣΗ (001628),,,2312.83,anonymous sponsor (empty sponsorAFMName)
Ψ36Ξ4690Β3-ΩΥΡ,2025-06-03,ΕΝΤΑΛΜΑ ΠΛΗΡΩΜΗΣ ΑΠΟΖΗΜΙΩΣΗ ΓΙΑ ΝΥΧΤΕΡΙΝΑ-ΕΞΑΙΡΕΣΙΜΑ-ΥΠΕΡΩΡ.ΑΠΑΣΧΟΛΗΣΗ (001628),,,567.26,anonymous sponsor (empty sponsorAFMName)
6Γ344690Β3-ΑΒΔ,2025-06-03,ΕΝΤΑΛΜΑ ΠΛΗΡΩΜΗΣ ΑΠΟΖΗΜΙΩΣΗ ΓΙΑ ΝΥΧΤΕΡΙΝΑ-ΕΞΑΙΡΕΣΙΜΑ-ΥΠΕΡΩΡ.ΑΠΑΣΧΟΛΗΣΗ (001628),,,487.02,anonymous sponsor (empty sponsorAFMName)
ΡΤ7Ρ4690Β3-3ΙΞ,2025-06-03,ΕΝΤΑΛΜΑ ΠΛΗΡΩΜΗΣ ΑΠΟΖΗΜΙΩΣΗ ΓΙΑ ΝΥΧΤΕΡΙΝΑ-ΕΞΑΙΡΕΣΙΜΑ-ΥΠΕΡΩΡ.ΑΠΑΣΧΟΛΗΣΗ (001628),,,32.29,anonymous sponsor (empty sponsorAFMName)
9ΩΛΧ4690Β3-8ΛΠ,2025-06-03,ΕΝΤΑΛΜΑ ΠΛΗΡΩΜΗΣ ΑΠΟΖΗΜΙΩΣΗ ΓΙΑ ΝΥΧΤΕΡΙΝΑ-ΕΞΑΙΡΕΣΙΜΑ-ΥΠΕΡΩΡ.ΑΠΑΣΧΟΛΗΣΗ (001628),,,402.40,anonymous sponsor (empty sponsorAFMName)
Ψ77Ζ4690Β3-ΕΘΟ,2025-06-03,ΕΝΤΑΛΜΑ ΠΛΗΡΩΜΗΣ ΑΠΟΖΗΜΙΩΣΗ ΓΙΑ ΝΥΧΤΕΡΙΝΑ-ΕΞΑΙΡΕΣΙΜΑ-ΥΠΕΡΩΡ.ΑΠΑΣΧΟΛΗΣΗ (001628),,,517.09,anonymous sponsor (empty sponsorAFMName)
ΡΥΠΨ4690Β3-ΘΕΟ,2025-06-03,ΕΝΤΑΛΜΑ ΠΛΗΡΩΜΗΣ ΑΠΟΖΗΜΙΩΣΗ ΓΙΑ ΝΥΧΤΕΡΙΝΑ-ΕΞΑΙΡΕΣΙΜΑ-ΥΠΕΡΩΡ.ΑΠΑΣΧΟΛΗΣΗ (001628),,,7486.93,anonymous sponsor (empty sponsorAFMName)
ΡΣ7Μ4690Β3-772,2025-06-03,ΕΝΤΑΛΜΑ ΠΛΗΡΩΜΗΣ ΑΠΟΖΗΜΙΩΣΗ ΓΙΑ ΝΥΧΤΕΡΙΝΑ-ΕΞΑΙΡΕΣΙΜΑ-ΥΠΕΡΩΡ.ΑΠΑΣΧΟΛΗΣΗ (001628),,,4767.87,anonymous sponsor (empty sponsorAFMName)
6Υ644690Β3-ΓΗΒ,2025-06-03,ΕΝΤΑΛΜΑ ΠΛΗΡΩΜΗΣ ΑΠΟΖΗΜΙΩΣΗ ΓΙΑ ΝΥΧΤΕΡΙΝΑ-ΕΞΑΙΡΕΣΙΜΑ-ΥΠΕΡΩΡ.ΑΠΑΣΧΟΛΗΣΗ (001628),,,1217.07,anonymous sponsor (empty sponsorAFMName)
62ΥΠ4690Β3-ΨΡΜ,2025-06-03,ΕΝΤΑΛΜΑ ΠΛΗΡΩΜΗΣ ΑΠΟΖΗΜΙΩΣΗ ΓΙΑ ΝΥΧΤΕΡΙΝΑ-ΕΞΑΙΡΕΣΙΜΑ-ΥΠΕΡΩΡ.ΑΠΑΣΧΟΛΗΣΗ (001628),,,1734.27,anonymous sponsor (empty sponsorAFMName)
9ΘΥΗ4690Β3-Χ5Φ,2025-06-03,ΕΝΤΑΛΜΑ ΠΛΗΡΩΜΗΣ ΑΠΟΖΗΜΙΩΣΗ ΓΙΑ ΝΥΧΤΕΡΙΝΑ-ΕΞΑΙΡΕΣΙΜΑ-ΥΠΕΡΩΡ.ΑΠΑΣΧΟΛΗΣΗ (001628),,,1043.87,anonymous sponsor (empty sponsorAFMName)
ΨΟΙΜ4690Β3-Τ0Δ,2025-06-03,ΕΝΤΑΛΜΑ ΠΛΗΡΩΜΗΣ ΑΠΟΖΗΜΙΩΣΗ ΓΙΑ ΝΥΧΤΕΡΙΝΑ-ΕΞΑΙΡΕΣΙΜΑ-ΥΠΕΡΩΡ.ΑΠΑΣΧΟΛΗΣΗ (001628),,,3.34,anonymous sponsor (empty sponsorAFMName)
Ψ8ΦΦ4690Β3-Β0Ν,2025-06-03,ΕΝΤΑΛΜΑ ΠΛΗΡΩΜΗΣ ΑΠΟΖΗΜΙΩΣΗ ΓΙΑ ΝΥΧΤΕΡΙΝΑ-ΕΞΑΙΡΕΣΙΜΑ-ΥΠΕΡΩΡ.ΑΠΑΣΧΟΛΗΣΗ (001628),,,2865.17,anonymous sponsor (empty sponsorAFMName)
ΨΓΘΔ4690Β3-Β90,2025-06-03,ΕΝΤΑΛΜΑ ΠΛΗΡΩΜΗΣ ΑΠΟΖΗΜΙΩΣΗ ΓΙΑ ΝΥΧΤΕΡΙΝΑ-ΕΞΑΙΡΕΣΙΜΑ-ΥΠΕΡΩΡ.ΑΠΑΣΧΟΛΗΣΗ (001628),,,777.86,anonymous sponsor (empty sponsorAFMName)
ΨΥΥΙ4690Β3-ΖΑΚ,2025-06-03,ΕΝΤΑΛΜΑ ΠΛΗΡΩΜΗΣ ΑΠΟΖΗΜΙΩΣΗ ΓΙΑ ΝΥΧΤΕΡΙΝΑ-ΕΞΑΙΡΕΣΙΜΑ-ΥΠΕΡΩΡ.ΑΠΑΣΧΟΛΗΣΗ (001628),,,7364.14,anonymous sponsor (empty sponsorAFMName)
ΨΕΡ64690Β3-9ΚΔ,2025-06-03,ΕΝΤΑΛΜΑ ΠΛΗΡΩΜΗΣ ΑΠΟΖΗΜΙΩΣΗ ΓΙΑ ΝΥΧΤΕΡΙΝΑ-ΕΞΑΙΡΕΣΙΜΑ-ΥΠΕΡΩΡ.ΑΠΑΣΧΟΛΗΣΗ (001628),,,4240.65,anonymous sponsor (empty sponsorAFMName)
6ΚΜΔ4690Β3-ΑΣ6,2025-06-03,ΕΝΤΑΛΜΑ ΠΛΗΡΩΜΗΣ ΑΠΟΖΗΜΙΩΣΗ ΓΙΑ ΝΥΧΤΕΡΙΝΑ-ΕΞΑΙΡΕΣΙΜΑ-ΥΠΕΡΩΡ.ΑΠΑΣΧΟΛΗΣΗ (001628),,,2741.46,anonymous sponsor (empty sponsorAFMName)
9Μ994690Β3-Β0Λ,2025-06-03,ΕΝΤΑΛΜΑ ΠΛΗΡΩΜΗΣ ΑΠΟΖΗΜΙΩΣΗ ΓΙΑ ΝΥΧΤΕΡΙΝΑ-ΕΞΑΙΡΕΣΙΜΑ-ΥΠΕΡΩΡ.ΑΠΑΣΧΟΛΗΣΗ (001628),,,6333.85,anonymous sponsor (empty sponsorAFMName)
9ΔΓΜ4690Β3-Δ6Λ,2025-06-03,ΕΝΤΑΛΜΑ ΠΛΗΡΩΜΗΣ ΑΠΟΖΗΜΙΩΣΗ ΓΙΑ ΝΥΧΤΕΡΙΝΑ-ΕΞΑΙΡΕΣΙΜΑ-ΥΠΕΡΩΡ.ΑΠΑΣΧΟΛΗΣΗ (001628),,,307.36,anonymous sponsor (empty sponsorAFMName)
ΡΟΕΡ4690Β3-0ΨΠ,2025-06-03,ΕΝΤΑΛΜΑ ΠΛΗΡΩΜΗΣ ΑΠΟΖΗΜΙΩΣΗ ΓΙΑ ΝΥΧΤΕΡΙΝΑ-ΕΞΑΙΡΕΣΙΜΑ-ΥΠΕΡΩΡ.ΑΠΑΣΧΟΛΗΣΗ (001628),,,1293.13,anonymous sponsor (empty sponsorAFMName)
6ΓΙΟ4690Β3-ΤΜ7,2025-06-03,ΕΝΤΑΛΜΑ ΠΛΗΡΩΜΗΣ ΑΠΟΖΗΜΙΩΣΗ ΓΙΑ ΝΥΧΤΕΡΙΝΑ-ΕΞΑΙΡΕΣΙΜΑ-ΥΠΕΡΩΡ.ΑΠΑΣΧΟΛΗΣΗ (001628),,,1143.34,anonymous sponsor (empty sponsorAFMName)
9ΧΤΖ4690Β3-Ζ1Υ,2025-06-03,ΕΝΤΑΛΜΑ ΠΛΗΡΩΜΗΣ ΑΠΟΖΗΜΙΩΣΗ ΓΙΑ ΝΥΧΤΕΡΙΝΑ-ΕΞΑΙΡΕΣΙΜΑ-ΥΠΕΡΩΡ.ΑΠΑΣΧΟΛΗΣΗ (001628),,,298.47,anonymous sponsor (empty sponsorAFMName)
9ΡΕΡ4690Β3-Ξ9Ν,2025-06-03,ΕΝΤΑΛΜΑ ΠΛΗΡΩΜΗΣ ΑΠΟΖΗΜΙΩΣΗ ΓΙΑ ΝΥΧΤΕΡΙΝΑ-ΕΞΑΙΡΕΣΙΜΑ-ΥΠΕΡΩΡ.ΑΠΑΣΧΟΛΗΣΗ (001628),,,1386.60,anonymous sponsor (empty sponsorAFMName)
ΡΒΚΑ4690Β3-Ρ0Τ,2025-06-03,ΕΝΤΑΛΜΑ ΠΛΗΡΩΜΗΣ ΑΠΟΖΗΜΙΩΣΗ ΓΙΑ ΝΥΧΤΕΡΙΝΑ-ΕΞΑΙΡΕΣΙΜΑ-ΥΠΕΡΩΡ.ΑΠΑΣΧΟΛΗΣΗ (001628),,,7006.34,anonymous sponsor (empty sponsorAFMName)
ΨΗΨΗ4690Β3-Ζ19,2025-06-03,ΕΝΤΑΛΜΑ ΠΛΗΡΩΜΗΣ ΑΠΟΖΗΜΙΩΣΗ ΓΙΑ ΝΥΧΤΕΡΙΝΑ-ΕΞΑΙΡΕΣΙΜΑ-ΥΠΕΡΩΡ.ΑΠΑΣΧΟΛΗΣΗ (001628),,,8844.47,anonymous sponsor (empty sponsorAFMName)
99ΥΚ4690Β3-Ω3Δ,2025-06-03,ΕΝΤΑΛΜΑ ΠΛΗΡΩΜΗΣ ΑΠΟΖΗΜΙΩΣΗ ΓΙΑ ΝΥΧΤΕΡΙΝΑ-ΕΞΑΙΡΕΣΙΜΑ-ΥΠΕΡΩΡ.ΑΠΑΣΧΟΛΗΣΗ (001628),,,11081.44,anonymous sponsor (empty sponsorAFMName)
Ρ6ΧΟ4690Β3-Ζ20,2025-06-03,ΕΝΤΑΛΜΑ ΠΛΗΡΩΜΗΣ ΑΠΟΖΗΜΙΩΣΗ ΓΙΑ ΝΥΧΤΕΡΙΝΑ-ΕΞΑΙΡΕΣΙΜΑ-ΥΠΕΡΩΡ.ΑΠΑΣΧΟΛΗΣΗ (001628),,,1230.02,anonymous sponsor (empty sponsorAFMName)
9Ρ914690Β3-ΥΡ0,2025-06-03,ΕΝΤΑΛΜΑ ΠΛΗΡΩΜΗΣ ΑΠΟΖΗΜΙΩΣΗ ΕΦΗΜΕΡΙΩΝ (002535),,,1000.00,anonymous sponsor (empty sponsorAFMName)
Ψ28Ψ4690Β3-3ΝΜ,2025-06-03,ΕΝΤΑΛΜΑ ΠΛΗΡΩΜΗΣ ΑΠΟΖΗΜΙΩΣΗ ΕΦΗΜΕΡΙΩΝ (002535),,,6000.00,anonymous sponsor (empty sponsorAFMName)
ΨΩΚΓ4690Β3-ΔΤΧ,2025-06-03,ΕΝΤΑΛΜΑ ΠΛΗΡΩΜΗΣ ΑΠΟΖΗΜΙΩΣΗ ΕΦΗΜΕΡΙΩΝ (002535),,,3000.00,anonymous sponsor (empty sponsorAFMName)
63ΖΡ4690Β3-ΘΑΠ,2025-06-03,ΕΝΤΑΛΜΑ ΠΛΗΡΩΜΗΣ ΑΠΟΖΗΜΙΩΣΗ ΕΦΗΜΕΡΙΩΝ (002535),,,250.00,anonymous sponsor (empty sponsorAFMName)
Ψ2ΜΔ4690Β3-68Β,2025-06-03,ΕΝΤΑΛΜΑ ΠΛΗΡΩΜΗΣ ΑΠΟΖΗΜΙΩΣΗ ΕΦΗΜΕΡΙΩΝ (002535),,,5500.00,anonymous sponsor (empty sponsorAFMName)
ΨΔΚ04690Β3-Σ0Ζ,2025-06-03,ΕΝΤΑΛΜΑ ΠΛΗΡΩΜΗΣ ΑΠΟΖΗΜΙΩΣΗ ΕΦΗΜΕΡΙΩΝ (002535),,,1000.00,anonymous sponsor (empty sponsorAFMName)
ΨΓΧΩ4690Β3-ΥΛΑ,2025-06-03,ΕΝΤΑΛΜΑ ΠΛΗΡΩΜΗΣ ΑΠΟΖΗΜΙΩΣΗ ΕΦΗΜΕΡΙΩΝ (002535),,,6000.00,anonymous sponsor (empty sponsorAFMName)
ΨΝ8Σ4690Β3-Ρ4Η,2025-06-03,ΕΝΤΑΛΜΑ ΠΛΗΡΩΜΗΣ ΑΠΟΖΗΜΙΩΣΗ ΕΦΗΜΕΡΙΩΝ (002535),,,6000.00,anonymous sponsor (empty sponsorAFMName)
9Ρ6Τ4690Β3-1ΚΩ,2025-06-03,ΕΝΤΑΛΜΑ ΠΛΗΡΩΜΗΣ ΑΠΟΖΗΜΙΩΣΗ ΕΦΗΜΕΡΙΩΝ (002535),,,500.00,anonymous sponsor (empty sponsorAFMName)
9Λ1Ο4690Β3-2ΔΚ,2025-06-03,ΕΝΤΑΛΜΑ ΠΛΗΡΩΜΗΣ ΑΠΟΖΗΜΙΩΣΗ ΕΦΗΜΕΡΙΩΝ (002535),,,7500.00,anonymous sponsor (empty sponsorAFMName)
6ΞΒΤ4690Β3-ΠΘ4,2025-06-03,ΕΝΤΑΛΜΑ ΠΛΗΡΩΜΗΣ ΑΠΟΖΗΜΙΩΣΗ ΕΦΗΜΕΡΙΩΝ (002535),,,1514.22,anonymous sponsor (empty sponsorAFMName)
6Ξ9Χ4690Β3-Β2Η,2025-06-03,ΕΝΤΑΛΜΑ ΠΛΗΡΩΜΗΣ ΑΠΟΖΗΜΙΩΣΗ ΕΦΗΜΕΡΙΩΝ (002535),,,3034.50,anonymous sponsor (empty sponsorAFMName)
6ΞΒΨ4690Β3-ΓΓΒ,2025-06-03,ΕΝΤΑΛΜΑ ΠΛΗΡΩΜΗΣ ΑΠΟΖΗΜΙΩΣΗ ΕΦΗΜΕΡΙΩΝ (002535),,,4901.69,anonymous sponsor (empty sponsorAFMName)
94ΜΖ4690Β3-Χ7Ι,2025-06-03,ΕΝΤΑΛΜΑ ΠΛΗΡΩΜΗΣ ΑΠΟΖΗΜΙΩΣΗ ΕΦΗΜΕΡΙΩΝ (002535),,,2918.47,anonymous sponsor (empty sponsorAFMName)
ΨΚΨΠ4690Β3-Ξ0Α,2025-06-03,ΕΝΤΑΛΜΑ ΠΛΗΡΩΜΗΣ ΑΠΟΖΗΜΙΩΣΗ ΕΦΗΜΕΡΙΩΝ (002535),,,24275.79,anonymous sponsor (empty sponsorAFMName)
90ΛΚ4690Β3-3ΦΜ,2025-06-02,ΕΝΤΑΛΜΑ ΠΛΗΡΩΜΗΣ ΑΠΟΖΗΜΙΩΣΗ ΕΦΗΜΕΡΙΩΝ (002535),,,237.95,anonymous sponsor (empty sponsorAFMName)
ΨΟ504690Β3-ΑΟ0,2025-06-02,ΕΝΤΑΛΜΑ ΠΛΗΡΩΜΗΣ ΑΠΟΖΗΜΙΩΣΗ ΕΦΗΜΕΡΙΩΝ (002535),,,1047.61,anonymous sponsor (empty sponsorAFMName)
6ΑΣΝ4690Β3-Μ5Β,2025-06-02,ΕΝΤΑΛΜΑ ΠΛΗΡΩΜΗΣ ΑΠΟΖΗΜΙΩΣΗ ΕΦΗΜΕΡΙΩΝ (002535),,,1011.50,anonymous sponsor (empty sponsorAFMName)
ΡΚΩΜ4690Β3-ΜΟ6,2025-06-02,ΕΝΤΑΛΜΑ ΠΛΗΡΩΜΗΣ ΑΠΟΖΗΜΙΩΣΗ ΕΦΗΜΕΡΙΩΝ (002535),,,18198.76,anonymous sponsor (empty sponsorAFMName)
6ΤΑ14690Β3-ΩΜΤ,2025-06-02,ΕΝΤΑΛΜΑ ΠΛΗΡΩΜΗΣ ΑΠΟΖΗΜΙΩΣΗ ΕΦΗΜΕΡΙΩΝ (002535),,,83949.33,anonymous sponsor (empty sponsorAFMName)
Ψ4Ρ04690Β3-Μ4Γ,2025-06-02,ΕΝΤΑΛΜΑ ΠΛΗΡΩΜΗΣ ΕΠΙΚΟΥΡΙΚΟ ΝΟΣΗΛΕΥΤΙΚΟ-ΠΑΡΑΪΑΤΡΙΚΟ ΠΡΟΣΩΠΙΚΟ (000001634),,,83520.56,anonymous sponsor (empty sponsorAFMName)
Ρ4Σ74690Β3-ΖΡ0,2025-06-02,ΕΝΤΑΛΜΑ ΠΛΗΡΩΜΗΣ ΕΠΙΚΟΥΡΙΚΟ ΝΟΣΗΛΕΥΤΙΚΟ-ΠΑΡΑΪΑΤΡΙΚΟ ΠΡΟΣΩΠΙΚΟ (000001634),,,1778.14,anonymous sponsor (empty sponsorAFMName)
9ΩΝ74690Β3-42Ξ,2025-06-02,ΕΝΤΑΛΜΑ ΠΛΗΡΩΜΗΣ ΕΠΙΚΟΥΡΙΚΟ ΝΟΣΗΛΕΥΤΙΚΟ-ΠΑΡΑΪΑΤΡΙΚΟ ΠΡΟΣΩΠΙΚΟ (000001634),,,863.45,anonymous sponsor (empty sponsorAFMName)
6ΧΖΦ4690Β3-Υ5Π,2025-06-02,ΕΝΤΑΛΜΑ ΠΛΗΡΩΜΗΣ EΠΙΚΟΥΡΙΚΟΙ ΙΑΤΡΟΙ Ε.Σ.Υ. (000001629),,,118.34,anonymous sponsor (empty sponsorAFMName)
9ΗΣΗ4690Β3-ΒΟΒ,2025-06-02,ΕΝΤΑΛΜΑ ΠΛΗΡΩΜΗΣ EΠΙΚΟΥΡΙΚΟΙ ΙΑΤΡΟΙ Ε.Σ.Υ. (000001629),,,5962.84,anonymous sponsor (empty sponsorAFMName)
9ΜΥΙ4690Β3-Ω4Ρ,2025-06-02,ΕΝΤΑΛΜΑ ΠΛΗΡΩΜΗΣ ΑΠΟΖΗΜΕΙΩΣΗ ΤΕΙ-ΑΣΚΟΥΜΕΝΩΝ Ο.Α.Ε.Δ. (001607),,,125.00,anonymous sponsor (empty sponsorAFMName)
6ΙΖΜ4690Β3-ΘΡΤ,2025-06-02,ΕΝΤΑΛΜΑ ΠΛΗΡΩΜΗΣ ΑΠΟΖΗΜΕΙΩΣΗ ΤΕΙ-ΑΣΚΟΥΜΕΝΩΝ Ο.Α.Ε.Δ. (001607),,,456.59,anonymous sponsor (empty sponsorAFMName)
ΨΖ0Γ4690Β3-Ω46,2025-06-02,ΕΝΤΑΛΜΑ ΠΛΗΡΩΜΗΣ ΑΠΟΖΗΜΕΙΩΣΗ ΤΕΙ-ΑΣΚΟΥΜΕΝΩΝ Ο.Α.Ε.Δ. (001607),,,222.45,anonymous sponsor (empty sponsorAFMName)
ΨΖΧ04690Β3-ΤΘΩ,2025-06-02,ΕΝΤΑΛΜΑ ΠΛΗΡΩΜΗΣ ΕΡΓΟΔ.ΕΙΣΦ.ΙΚΑ ΑΣΚΟΥΜ.ΤΕΕ-ΙΕΚ.ΧΩΡ.ΑΜΟΙΒ.ΓΙΑ ΑΤΥΧΗΜ (001690),,,15.17,anonymous sponsor (empty sponsorAFMName)
ΨΡ814690Β3-Ο4Ε,2025-05-30,ΕΝΤΑΛΜΑ ΠΛΗΡΩΜΗΣ ΕΠΙΚΟΥΡΙΚΟ ΝΟΣΗΛΕΥΤΙΚΟ-ΠΑΡΑΪΑΤΡΙΚΟ ΠΡΟΣΩΠΙΚΟ (000001634),,,131.38,anonymous sponsor (empty sponsorAFMName)
Ψ8ΚΡ4690Β3-Β4Ε,2025-05-30,ΕΝΤΑΛΜΑ ΠΛΗΡΩΜΗΣ EΠΙΚΟΥΡΙΚΟΙ ΙΑΤΡΟΙ Ε.Σ.Υ. (000001629),,,71.46,anonymous sponsor (empty sponsorAFMName)
ΨΔΨΦ4690Β3-7ΝΤ,2025-05-30,ΕΝΤΑΛΜΑ ΠΛΗΡΩΜΗΣ ΕΠΙΚΟΥΡΙΚΟ ΝΟΣΗΛΕΥΤΙΚΟ-ΠΑΡΑΪΑΤΡΙΚΟ ΠΡΟΣΩΠΙΚΟ (000001634),,,134.13,anonymous sponsor (empty sponsorAFMName)
Ψ8ΜΞ4690Β3-3ΨΖ,2025-05-30,ΕΝΤΑΛΜΑ ΠΛΗΡΩΜΗΣ ΕΠΙΚΟΥΡΙΚΟ ΝΟΣΗΛΕΥΤΙΚΟ-ΠΑΡΑΪΑΤΡΙΚΟ ΠΡΟΣΩΠΙΚΟ (000001634),,,1778.14,anonymous sponsor (empty sponsorAFMName)
9Ο824690Β3-1ΑΙ,2025-05-30,ΕΝΤΑΛΜΑ ΠΛΗΡΩΜΗΣ ΕΡΓΟΔ.ΕΙΣΦ.ΙΚΑ ΑΣΚΟΥΜ.ΤΕΕ-ΙΕΚ.ΧΩΡ.ΑΜΟΙΒ.ΓΙΑ ΑΤΥΧΗΜ (001690),,,45.96,anonymous sponsor (empty sponsorAFMName)
ΨΡΤΥ4690Β3-ΛΓΣ,2025-05-30,ΕΝΤΑΛΜΑ ΠΛΗΡΩΜΗΣ ΕΠΙΚΟΥΡΙΚΟ ΝΟΣΗΛΕΥΤΙΚΟ-ΠΑΡΑΪΑΤΡΙΚΟ ΠΡΟΣΩΠΙΚΟ (000001634),,,30617.33,anonymous sponsor (empty sponsorAFMName)
ΨΑΝΙ4690Β3-1ΧΦ,2025-05-30,ΕΝΤΑΛΜΑ ΠΛΗΡΩΜΗΣ EΠΙΚΟΥΡΙΚΟΙ ΙΑΤΡΟΙ Ε.Σ.Υ. (000001629),,,59053.93,anonymous sponsor (empty sponsorAFMName)
65Κ24690Β3-Ψ7Η,2025-05-30,ΕΝΤΑΛΜΑ ΠΛΗΡΩΜΗΣ ΕΠΙΚΟΥΡΙΚΟ ΝΟΣΗΛΕΥΤΙΚΟ-ΠΑΡΑΪΑΤΡΙΚΟ ΠΡΟΣΩΠΙΚΟ (000001634),,,2427.14,anonymous sponsor (empty sponsorAFMName)
ΡΦ3Μ4690Β3-Ρ05,2025-05-30,ΕΝΤΑΛΜΑ ΠΛΗΡΩΜΗΣ ΕΠΟΧΙΚΟ ΠΡΟΣΩΠΙΚΟ ΚΑΘΑΡΙΟΤΗΤΑΣ (999111999),,,32395.62,anonymous sponsor (empty sponsorAFMName)
9Α1Ν4690Β3-ΗΕ3,2025-05-26,ΕΝΤΑΛΜΑ ΠΛΗΡΩΜΗΣ RONTIS HELLAS Α.Ε.Β.Ε. (πρώην ΜΕΝΤΙΣΠΕΣ ΑΕΒΕ) (095335610),,,5046.30,anonymous sponsor (empty sponsorAFMName)
ΨΩ2Σ4690Β3-ΥΕ2,2025-05-28,ΕΝΤΑΛΜΑ ΠΛΗΡΩΜΗΣ RONTIS HELLAS Α.Ε.Β.Ε. (πρώην ΜΕΝΤΙΣΠΕΣ ΑΕΒΕ) (095335610),,,881.02,anonymous sponsor (empty sponsorAFMName)
ΨΖΦΡ4690Β3-Μ73,2025-05-28,ΕΝΤΑΛΜΑ ΠΛΗΡΩΜΗΣ ΕΠΙΣΤΡΟΦΗ ΕΞΕΤ/ΤΡΩΝ ΛΟΓΩ ΝΟΣΗΛΕΙΑΣ (001633),,,123.30,anonymous sponsor (empty sponsorAFMName)
9ΖΘΙ4690Β3-06Β,2025-05-28,ΕΝΤΑΛΜΑ ΠΛΗΡΩΜΗΣ ΚΡΑΤ.3391-54.04.02.0001 Χ/ΜΑ και ΟΓΑ Χ/ΜΩΝ (),,,17.82,anonymous sponsor (empty sponsorAFMName)
Ρ4ΚΡ4690Β3-ΓΝ4,2025-05-28,ΕΝΤΑΛΜΑ ΠΛΗΡΩΜΗΣ ΚΡΑΤ.3391-54.04.00.0001 ΦΟΡΟΣ ΕΛΕΥΘΕΡ.ΕΠΑΓΓΕΛΜΑΤ (),,,9580.03,anonymous sponsor (empty sponsorAFMName)
Ψ7Τ94690Β3-ΦΔ0,2025-05-28,ΕΝΤΑΛΜΑ ΠΛΗΡΩΜΗΣ ΚΡΑΤ.3391-54.09.14.0001 ΦΟΡΟΣ ΠΡΟΜΗΘΕΥΤΩΝ (001510),,,16597.93,anonymous sponsor (empty sponsorAFMName)
90ΜΛ4690Β3-4ΤΦ,2025-05-28,ΕΝΤΑΛΜΑ ΠΛΗΡΩΜΗΣ ΚΡΑΤ.3391-53.20.00.0001 ΕΛΛΗΝΙΚΟ ΔΗΜΟΣΙΟ (001506),,,6809.16,anonymous sponsor (empty sponsorAFMName)
9ΠΦ24690Β3-ΕΘ4,2025-05-28,ΕΝΤΑΛΜΑ ΠΛΗΡΩΜΗΣ ΚΡΑΤ.3391-53.20.00.0001 ΕΛΛΗΝΙΚΟ ΔΗΜΟΣΙΟ (001506),,,310.27,anonymous sponsor (empty sponsorAFMName)
Ψ1ΧΕ4690Β3-14Δ,2025-05-28,ΕΝΤΑΛΜΑ ΠΛΗΡΩΜΗΣ ΚΡΑΤ.3391-53.20.00.0001 ΕΛΛΗΝΙΚΟ ΔΗΜΟΣΙΟ (001506),,,35.75,anonymous sponsor (empty sponsorAFMName)
ΨΤ5Ω4690Β3-ΟΩΧ,2025-05-28,ΕΝΤΑΛΜΑ ΠΛΗΡΩΜΗΣ ΚΡΑΤ.3391-53.20.00.0001 ΕΛΛΗΝΙΚΟ ΔΗΜΟΣΙΟ (001506),,,191.66,anonymous sponsor (empty sponsorAFMName)
ΨΞΚ04690Β3-ΕΔΠ,2025-05-28,ΕΝΤΑΛΜΑ ΠΛΗΡΩΜΗΣ ΚΡΑΤ.3391-54.03.00.0001 Φ.Μ.Υ. (001512),,,84.42,anonymous sponsor (empty sponsorAFMName)
9ΨΛΧ4690Β3-9Χ2,2025-05-28,ΕΝΤΑΛΜΑ ΠΛΗΡΩΜΗΣ ΚΡΑΤ.3391-54.03.00.0001 Φ.Μ.Υ. (001512),,,92.04,anonymous sponsor (empty sponsorAFMName)
Ψ54Σ4690Β3-Κ31,2025-05-28,ΕΝΤΑΛΜΑ ΠΛΗΡΩΜΗΣ ΕΙΣΦΟΡΕΣ ΑΠΑΣΧ/ΝΩΝ ΟΑΕΔ ΜΕΣΩ ΠΡΟΓ. ΚΟΙΝΩΦ. ΧΑΡΑΚΤΗΡΑ (),,,1602.48,anonymous sponsor (empty sponsorAFMName)
ΨΦΙ54690Β3-ΚΔΑ,2025-05-28,ΕΝΤΑΛΜΑ ΠΛΗΡΩΜΗΣ ΕΙΣΦΟΡΕΣ ΑΠΑΣΧ/ΝΩΝ ΟΑΕΔ ΜΕΣΩ ΠΡΟΓ. ΚΟΙΝΩΦ. ΧΑΡΑΚΤΗΡΑ (),,,3222.48,anonymous sponsor (empty sponsorAFMName)
Ψ0Β64690Β3-ΑΟΖ,2025-05-27,"ΕΝΤΑΛΜΑ ΠΛΗΡΩΜΗΣ ΝΕΧΩΡΙΤΗΣ, ΙΩΑΝΝΗΣ Κ., ΜΟΝΟΠΡΟΣΩΠΗ ΙCN Ε.Π.Ε. (999913089)",,,502.20,anonymous sponsor (empty sponsorAFMName)
6ΜΘΣ4690Β3-ΣΞ0,2025-05-26,ΕΝΤΑΛΜΑ ΠΛΗΡΩΜΗΣ ΚΕΡΚΥΡΑΪΚΗ ΕΤΑΙΡΕΙΑ ΚΡΕΑΤΩΝ ΑΕ (099346780),,,9378.95,anonymous sponsor (empty sponsorAFMName)
95ΚΞ4690Β3-ΝΣΧ,2025-05-26,ΕΝΤΑΛΜΑ ΠΛΗΡΩΜΗΣ RONTIS HELLAS Α.Ε.Β.Ε. (πρώην ΜΕΝΤΙΣΠΕΣ ΑΕΒΕ) (095335610),,,4611.89,anonymous sponsor (empty sponsorAFMName)
ΨΓΤ94690Β3-Χ7Χ,2025-05-26,ΕΝΤΑΛΜΑ ΠΛΗΡΩΜΗΣ RONTIS HELLAS Α.Ε.Β.Ε. (πρώην ΜΕΝΤΙΣΠΕΣ ΑΕΒΕ) (095335610),,,4476.24,anonymous sponsor (empty sponsorAFMName)
Ρ45Κ4690Β3-ΒΟΧ,2025-05-19,ΕΝΤΑΛΜΑ ΠΛΗΡΩΜΗΣ ΑΠΟΖΗΜΙΩΣΗ ΕΦΗΜΕΡΙΩΝ (002535),,,86.22,anonymous sponsor (empty sponsorAFMName)
6Α9Ω4690Β3-1ΨΝ,2025-05-19,ΕΝΤΑΛΜΑ ΠΛΗΡΩΜΗΣ ΑΠΟΖΗΜΙΩΣΗ ΕΦΗΜΕΡΙΩΝ (002535),,,2282.39,anonymous sponsor (empty sponsorAFMName)
Ρ6ΒΑ4690Β3-69Τ,2025-05-19,ΕΝΤΑΛΜΑ ΠΛΗΡΩΜΗΣ ΑΠΟΖΗΜΙΩΣΗ ΕΦΗΜΕΡΙΩΝ (002535),,,45.16,anonymous sponsor (empty sponsorAFMName)
9ΞΣΔ4690Β3-8Λ4,2025-05-19,ΕΝΤΑΛΜΑ ΠΛΗΡΩΜΗΣ ΑΠΟΖΗΜΙΩΣΗ ΕΦΗΜΕΡΙΩΝ (002535),,,2378.72,anonymous sponsor (empty sponsorAFMName)
Ψ7ΔΧ4690Β3-79Ι,2025-05-19,ΕΝΤΑΛΜΑ ΠΛΗΡΩΜΗΣ ΑΠΟΖΗΜΙΩΣΗ ΕΦΗΜΕΡΙΩΝ (002535),,,16876.43,anonymous sponsor (empty sponsorAFMName)
Ψ3ΟΗ4690Β3-Ω4Υ,2025-05-19,ΕΝΤΑΛΜΑ ΠΛΗΡΩΜΗΣ ΑΠΟΖΗΜΙΩΣΗ ΕΦΗΜΕΡΙΩΝ (002535),,,1292.88,anonymous sponsor (empty sponsorAFMName)
6ΝΠΨ4690Β3-ΑΞΣ,2025-05-19,ΕΝΤΑΛΜΑ ΠΛΗΡΩΜΗΣ ΑΠΟΖΗΜΙΩΣΗ ΕΦΗΜΕΡΙΩΝ (002535),,,1678.94,anonymous sponsor (empty sponsorAFMName)
9ΜΒΓ4690Β3-2Ρ2,2025-05-19,ΕΝΤΑΛΜΑ ΠΛΗΡΩΜΗΣ ΑΠΟΖΗΜΙΩΣΗ ΕΦΗΜΕΡΙΩΝ (002535),,,14275.43,anonymous sponsor (empty sponsorAFMName)
9Ζ8Δ4690Β3-ΚΨ2,2025-05-19,ΕΝΤΑΛΜΑ ΠΛΗΡΩΜΗΣ ΑΠΟΖΗΜΙΩΣΗ ΕΦΗΜΕΡΙΩΝ (002535),,,1607.64,anonymous sponsor (empty sponsorAFMName)
951Υ4690Β3-ΧΞΗ,2025-05-19,ΕΝΤΑΛΜΑ ΠΛΗΡΩΜΗΣ ΑΠΟΖΗΜΙΩΣΗ ΕΦΗΜΕΡΙΩΝ (002535),,,1080.50,anonymous sponsor (empty sponsorAFMName)
ΡΒ9Ξ4690Β3-ΚΓ7,2025-05-19,ΕΝΤΑΛΜΑ ΠΛΗΡΩΜΗΣ ΑΠΟΖΗΜΙΩΣΗ ΕΦΗΜΕΡΙΩΝ (002535),,,14850.09,anonymous sponsor (empty sponsorAFMName)
9ΙΤΡ4690Β3-3ΑΕ,2025-05-19,ΕΝΤΑΛΜΑ ΠΛΗΡΩΜΗΣ ΑΠΟΖΗΜΙΩΣΗ ΕΦΗΜΕΡΙΩΝ (002535),,,158.77,anonymous sponsor (empty sponsorAFMName)
9Η784690Β3-Κ7Β,2025-05-19,ΕΝΤΑΛΜΑ ΠΛΗΡΩΜΗΣ ΑΜΟΙΒΕΣ ΔΙΟΙΚΗΤΙΚΟΥ   ΛΟΙΠΟΥ ΠΡΟΣΩΠΙΚΟΥ ΛΕΙΤΟΥΡΓΙΑΣ ΑΠΟΓΕΥΜΑΤΙΝΩΝ ΙΑΤΡΕΙΩΝ (55831111),,,890.00,anonymous sponsor (empty sponsorAFMName)
6ΑΤΜ4690Β3-24Λ,2025-05-19,ΕΝΤΑΛΜΑ ΠΛΗΡΩΜΗΣ ΑΜΟΙΒΕΣ ΙΑΤΡΙΚΟΥ ΠΡΟΣΩΠΙΚΟΥ ΛΕΙΤΟΥΡΓΙΑΣ ΑΠΟΓΕΥΜΑΤΙΝΩΝ ΙΑΤΡΕΙΩΝ (210923000),,,2888.76,anonymous sponsor (empty sponsorAFMName)
ΨΚ6Ο4690Β3-ΣΛ5,2025-05-16,ΕΝΤΑΛΜΑ ΠΛΗΡΩΜΗΣ ΟΔΟΙΠΟΡΙΚΑ ΕΞΟΔΑ ΠΡΟΣ. ΝΟΣ/ΜΕΙΟΥ (001626),,,537.60,anonymous sponsor (empty sponsorAFMName)
ΨΦ4Π4690Β3-ΤΚΜ,2025-05-16,ΕΝΤΑΛΜΑ ΠΛΗΡΩΜΗΣ ΟΔΟΙΠΟΡΙΚΑ ΕΞΟΔΑ ΠΡΟΣ. ΝΟΣ/ΜΕΙΟΥ (001626),,,216.00,anonymous sponsor (empty sponsorAFMName)
9ΙΛΚ4690Β3-Δ1Τ,2025-05-13,ΕΝΤΑΛΜΑ ΠΛΗΡΩΜΗΣ ΚΩΝΣΤΑΝΤΙΝΟΣ ΑΝΑΣΤΟΠΟΥΛΟΣ-ΑΙΚΑΤΕΡΙΝΗ ΝΑΤΣΗ Ο.Ε. (800544921),,,3224.00,anonymous sponsor (empty sponsorAFMName)
949Π4690Β3-ΛΜΨ,2025-05-13,ΕΝΤΑΛΜΑ ΠΛΗΡΩΜΗΣ AMVIS ΕΛΛΑΣ A.E (094317562),,,12061.84,anonymous sponsor (empty sponsorAFMName)
9ΥΡΥ4690Β3-ΦΒΙ,2025-05-12,ΕΝΤΑΛΜΑ ΠΛΗΡΩΜΗΣ ΟΔΟΙΠΟΡΙΚΑ ΕΞΟΔΑ ΠΡΟΣ. ΝΟΣ/ΜΕΙΟΥ (001626),,,37.60,anonymous sponsor (empty sponsorAFMName)
ΨΤΤΑ4690Β3-1ΙΩ,2025-05-07,ΕΝΤΑΛΜΑ ΠΛΗΡΩΜΗΣ ΚΟΙΝΟΧΡΗΣΤΑ (),,,118.66,anonymous sponsor (empty sponsorAFMName)
6ΙΦΣ4690Β3-ΥΡΑ,2025-05-05,ΕΝΤΑΛΜΑ ΠΛΗΡΩΜΗΣ ΕΝΟΡΑΣΙΣ ΑΕ (094503580),,,26677.68,anonymous sponsor (empty sponsorAFMName)
Ψ5Θ44690Β3-7ΚΥ,2025-05-05,ΕΝΤΑΛΜΑ ΠΛΗΡΩΜΗΣ ΟΔΟΙΠΟΡΙΚΑ ΕΞΟΔΑ ΠΡΟΣ. ΝΟΣ/ΜΕΙΟΥ (001626),,,272.00,anonymous sponsor (empty sponsorAFMName)
6ΞΜΟ4690Β3-ΒΙΣ,2025-05-05,ΕΝΤΑΛΜΑ ΠΛΗΡΩΜΗΣ ΟΔΟΙΠΟΡΙΚΑ ΕΞΟΔΑ ΠΡΟΣ. ΝΟΣ/ΜΕΙΟΥ (001626),,,261.30,anonymous sponsor (empty sponsorAFMName)
9ΞΩΨ4690Β3-46Η,2025-05-05,ΕΝΤΑΛΜΑ ΠΛΗΡΩΜΗΣ ΟΔΟΙΠΟΡΙΚΑ ΕΞΟΔΑ ΠΡΟΣ. ΝΟΣ/ΜΕΙΟΥ (001626),,,272.00,anonymous sponsor (empty sponsorAFMName)
6Δ4Ζ4690Β3-Θ7Ε,2025-05-05,ΕΝΤΑΛΜΑ ΠΛΗΡΩΜΗΣ ΟΔΟΙΠΟΡΙΚΑ ΕΞΟΔΑ ΠΡΟΣ. ΝΟΣ/ΜΕΙΟΥ (001626),,,272.00,anonymous sponsor (empty sponsorAFMName)
ΨΡΨΨ4690Β3-ΠΦ5,2025-05-05,ΕΝΤΑΛΜΑ ΠΛΗΡΩΜΗΣ ΟΔΟΙΠΟΡΙΚΑ ΕΞΟΔΑ ΠΡΟΣ. ΝΟΣ/ΜΕΙΟΥ (001626),,,544.00,anonymous sponsor (empty sponsorAFMName)
96ΞΙ4690Β3-2Ο5,2025-05-05,ΕΝΤΑΛΜΑ ΠΛΗΡΩΜΗΣ ΟΔΟΙΠΟΡΙΚΑ ΕΞΟΔΑ ΠΡΟΣ. ΝΟΣ/ΜΕΙΟΥ (001626),,,250.60,anonymous sponsor (empty sponsorAFMName)
ΨΧΗΑ4690Β3-ΙΗΟ,2025-05-05,ΕΝΤΑΛΜΑ ΠΛΗΡΩΜΗΣ ΑΠΟΖΗΜΙΩΣΗ ΕΦΗΜΕΡΙΩΝ (002535),,,250.00,anonymous sponsor (empty sponsorAFMName)
ΨΒ2Ο4690Β3-Ω2Ξ,2025-05-05,ΕΝΤΑΛΜΑ ΠΛΗΡΩΜΗΣ ΑΠΟΖΗΜΙΩΣΗ ΕΦΗΜΕΡΙΩΝ (002535),,,6250.00,anonymous sponsor (empty sponsorAFMName)
61ΖΞ4690Β3-ΦΛ2,2025-05-05,ΕΝΤΑΛΜΑ ΠΛΗΡΩΜΗΣ ΑΠΟΖΗΜΙΩΣΗ ΕΦΗΜΕΡΙΩΝ (002535),,,250.00,anonymous sponsor (empty sponsorAFMName)
ΨΠΚ84690Β3-2ΙΒ,2025-05-05,ΕΝΤΑΛΜΑ ΠΛΗΡΩΜΗΣ ΑΠΟΖΗΜΙΩΣΗ ΕΦΗΜΕΡΙΩΝ (002535),,,5750.00,anonymous sponsor (empty sponsorAFMName)
920Α4690Β3-Λ7Γ,2025-05-02,ΕΝΤΑΛΜΑ ΠΛΗΡΩΜΗΣ ΑΠΟΖΗΜΙΩΣΗ ΓΙΑ ΝΥΧΤΕΡΙΝΑ-ΕΞΑΙΡΕΣΙΜΑ-ΥΠΕΡΩΡ.ΑΠΑΣΧΟΛΗΣΗ (001628),,,410.42,anonymous sponsor (empty sponsorAFMName)
9ΥΣΓ4690Β3-ΨΚ5,2025-05-02,ΕΝΤΑΛΜΑ ΠΛΗΡΩΜΗΣ ΑΠΟΖΗΜΙΩΣΗ ΓΙΑ ΝΥΧΤΕΡΙΝΑ-ΕΞΑΙΡΕΣΙΜΑ-ΥΠΕΡΩΡ.ΑΠΑΣΧΟΛΗΣΗ (001628),,,802.68,anonymous sponsor (empty sponsorAFMName)
9Ι3Ν4690Β3-ΘΨΞ,2025-05-02,ΕΝΤΑΛΜΑ ΠΛΗΡΩΜΗΣ ΑΠΟΖΗΜΙΩΣΗ ΓΙΑ ΝΥΧΤΕΡΙΝΑ-ΕΞΑΙΡΕΣΙΜΑ-ΥΠΕΡΩΡ.ΑΠΑΣΧΟΛΗΣΗ (001628),,,6870.44,anonymous sponsor (empty sponsorAFMName)
9ΓΚΣ4690Β3-ΣΧ7,2025-05-02,ΕΝΤΑΛΜΑ ΠΛΗΡΩΜΗΣ ΑΠΟΖΗΜΙΩΣΗ ΓΙΑ ΝΥΧΤΕΡΙΝΑ-ΕΞΑΙΡΕΣΙΜΑ-ΥΠΕΡΩΡ.ΑΠΑΣΧΟΛΗΣΗ (001628),,,2612.37,anonymous sponsor (empty sponsorAFMName)
ΨΚ2Χ4690Β3-ΙΦ0,2025-05-02,ΕΝΤΑΛΜΑ ΠΛΗΡΩΜΗΣ ΑΠΟΖΗΜΙΩΣΗ ΓΙΑ ΝΥΧΤΕΡΙΝΑ-ΕΞΑΙΡΕΣΙΜΑ-ΥΠΕΡΩΡ.ΑΠΑΣΧΟΛΗΣΗ (001628),,,936.49,anonymous sponsor (empty sponsorAFMName)
Ρ4ΓΙ4690Β3-8ΥΓ,2025-05-02,ΕΝΤΑΛΜΑ ΠΛΗΡΩΜΗΣ ΑΠΟΖΗΜΙΩΣΗ ΓΙΑ ΝΥΧΤΕΡΙΝΑ-ΕΞΑΙΡΕΣΙΜΑ-ΥΠΕΡΩΡ.ΑΠΑΣΧΟΛΗΣΗ (001628),,,4389.01,anonymous sponsor (empty sponsorAFMName)
ΨΟΤΟ4690Β3-Μ7Ψ,2025-05-02,ΕΝΤΑΛΜΑ ΠΛΗΡΩΜΗΣ ΑΠΟΖΗΜΙΩΣΗ ΓΙΑ ΝΥΧΤΕΡΙΝΑ-ΕΞΑΙΡΕΣΙΜΑ-ΥΠΕΡΩΡ.ΑΠΑΣΧΟΛΗΣΗ (001628),,,306.41,anonymous sponsor (empty sponsorAFMName)
Ψ13Γ4690Β3-ΦΥ6,2025-05-02,ΕΝΤΑΛΜΑ ΠΛΗΡΩΜΗΣ ΑΠΟΖΗΜΙΩΣΗ ΓΙΑ ΝΥΧΤΕΡΙΝΑ-ΕΞΑΙΡΕΣΙΜΑ-ΥΠΕΡΩΡ.ΑΠΑΣΧΟΛΗΣΗ (001628),,,1593.57,anonymous sponsor (empty sponsorAFMName)
ΨΩΨ64690Β3-8Η9,2025-05-02,ΕΝΤΑΛΜΑ ΠΛΗΡΩΜΗΣ ΑΠΟΖΗΜΙΩΣΗ ΓΙΑ ΝΥΧΤΕΡΙΝΑ-ΕΞΑΙΡΕΣΙΜΑ-ΥΠΕΡΩΡ.ΑΠΑΣΧΟΛΗΣΗ (001628),,,2516.11,anonymous sponsor (empty sponsorAFMName)
ΨΕΗ64690Β3-ΘΩ6,2025-05-02,ΕΝΤΑΛΜΑ ΠΛΗΡΩΜΗΣ ΕΠΙΚΟΥΡΙΚΟ ΝΟΣΗΛΕΥΤΙΚΟ-ΠΑΡΑΪΑΤΡΙΚΟ ΠΡΟΣΩΠΙΚΟ (000001634),,,1778.14,anonymous sponsor (empty sponsorAFMName)
ΡΩ4Φ4690Β3-3Ξ2,2025-05-02,ΕΝΤΑΛΜΑ ΠΛΗΡΩΜΗΣ ΕΠΙΚΟΥΡΙΚΟ ΝΟΣΗΛΕΥΤΙΚΟ-ΠΑΡΑΪΑΤΡΙΚΟ ΠΡΟΣΩΠΙΚΟ (000001634),,,667.81,anonymous sponsor (empty sponsorAFMName)
97Ξ74690Β3-Ν0Ε,2025-05-02,ΕΝΤΑΛΜΑ ΠΛΗΡΩΜΗΣ ΕΠΙΚΟΥΡΙΚΟ ΝΟΣΗΛΕΥΤΙΚΟ-ΠΑΡΑΪΑΤΡΙΚΟ ΠΡΟΣΩΠΙΚΟ (000001634),,,84365.77,anonymous sponsor (empty sponsorAFMName)
Ψ8ΛΗ4690Β3-ΘΛ4,2025-05-02,ΕΝΤΑΛΜΑ ΠΛΗΡΩΜΗΣ EΠΙΚΟΥΡΙΚΟΙ ΙΑΤΡΟΙ Ε.Σ.Υ. (000001629),,,5962.84,anonymous sponsor (empty sponsorAFMName)
Ψ2ΧΖ4690Β3-93Ψ,2025-05-02,ΕΝΤΑΛΜΑ ΠΛΗΡΩΜΗΣ ΑΠΟΖΗΜΕΙΩΣΗ ΤΕΙ-ΑΣΚΟΥΜΕΝΩΝ Ο.Α.Ε.Δ. (001607),,,412.10,anonymous sponsor (empty sponsorAFMName)
9ΣΘΩ4690Β3-Δ55,2025-05-02,ΕΝΤΑΛΜΑ ΠΛΗΡΩΜΗΣ ΕΠΙΚΟΥΡΙΚΟ ΝΟΣΗΛΕΥΤΙΚΟ-ΠΑΡΑΪΑΤΡΙΚΟ ΠΡΟΣΩΠΙΚΟ (000001634),,,1778.14,anonymous sponsor (empty sponsorAFMName)
97Ι14690Β3-ΓΝ1,2025-05-02,ΕΝΤΑΛΜΑ ΠΛΗΡΩΜΗΣ ΑΠΟΖΗΜΕΙΩΣΗ ΤΕΙ-ΑΣΚΟΥΜΕΝΩΝ Ο.Α.Ε.Δ. (001607),,,97.54,anonymous sponsor (empty sponsorAFMName)
90ΤΥ4690Β3-ΞΡ1,2025-05-02,ΕΝΤΑΛΜΑ ΠΛΗΡΩΜΗΣ ΕΡΓΟΔ.ΕΙΣΦ.ΙΚΑ ΑΣΚΟΥΜ.ΤΕΕ-ΙΕΚ.ΧΩΡ.ΑΜΟΙΒ.ΓΙΑ ΑΤΥΧΗΜ (001690),,,51.94,anonymous sponsor (empty sponsorAFMName)
6ΤΗΕ4690Β3-ΟΝ7,2025-05-02,ΕΝΤΑΛΜΑ ΠΛΗΡΩΜΗΣ EΠΙΚΟΥΡΙΚΟΙ ΙΑΤΡΟΙ Ε.Σ.Υ. (000001629),,,60241.75,anonymous sponsor (empty sponsorAFMName)
9Φ9Κ4690Β3-ΗΝΙ,2025-05-02,ΕΝΤΑΛΜΑ ΠΛΗΡΩΜΗΣ ΕΠΙΚΟΥΡΙΚΟ ΝΟΣΗΛΕΥΤΙΚΟ-ΠΑΡΑΪΑΤΡΙΚΟ ΠΡΟΣΩΠΙΚΟ (000001634),,,27024.33,anonymous sponsor (empty sponsorAFMName)
ΨΦΟΨ4690Β3-9Ε3,2025-04-30,ΕΝΤΑΛΜΑ ΠΛΗΡΩΜΗΣ ΑΠΟΖΗΜΙΩΣΗ ΓΙΑ ΝΥΧΤΕΡΙΝΑ-ΕΞΑΙΡΕΣΙΜΑ-ΥΠΕΡΩΡ.ΑΠΑΣΧΟΛΗΣΗ (001628),,,2005.62,anonymous sponsor (empty sponsorAFMName)
Ψ4754690Β3-ΑΗΛ,2025-04-30,ΕΝΤΑΛΜΑ ΠΛΗΡΩΜΗΣ ΑΠΟΖΗΜΙΩΣΗ ΓΙΑ ΝΥΧΤΕΡΙΝΑ-ΕΞΑΙΡΕΣΙΜΑ-ΥΠΕΡΩΡ.ΑΠΑΣΧΟΛΗΣΗ (001628),,,521.20,anonymous sponsor (empty sponsorAFMName)
98Φ74690Β3-ΚΞΡ,2025-04-30,ΕΝΤΑΛΜΑ ΠΛΗΡΩΜΗΣ ΑΠΟΖΗΜΙΩΣΗ ΓΙΑ ΝΥΧΤΕΡΙΝΑ-ΕΞΑΙΡΕΣΙΜΑ-ΥΠΕΡΩΡ.ΑΠΑΣΧΟΛΗΣΗ (001628),,,567.28,anonymous sponsor (empty sponsorAFMName)
902Ζ4690Β3-ΞΦΧ,2025-04-30,ΕΝΤΑΛΜΑ ΠΛΗΡΩΜΗΣ ΑΠΟΖΗΜΙΩΣΗ ΓΙΑ ΝΥΧΤΕΡΙΝΑ-ΕΞΑΙΡΕΣΙΜΑ-ΥΠΕΡΩΡ.ΑΠΑΣΧΟΛΗΣΗ (001628),,,3.25,anonymous sponsor (empty sponsorAFMName)
ΨΩΛ84690Β3-ΛΝ8,2025-04-30,ΕΝΤΑΛΜΑ ΠΛΗΡΩΜΗΣ ΑΠΟΖΗΜΙΩΣΗ ΓΙΑ ΝΥΧΤΕΡΙΝΑ-ΕΞΑΙΡΕΣΙΜΑ-ΥΠΕΡΩΡ.ΑΠΑΣΧΟΛΗΣΗ (001628),,,346.74,anonymous sponsor (empty sponsorAFMName)
6ΞΩ44690Β3-25Υ,2025-04-30,ΕΝΤΑΛΜΑ ΠΛΗΡΩΜΗΣ ΑΠΟΖΗΜΙΩΣΗ ΓΙΑ ΝΥΧΤΕΡΙΝΑ-ΕΞΑΙΡΕΣΙΜΑ-ΥΠΕΡΩΡ.ΑΠΑΣΧΟΛΗΣΗ (001628),,,662.05,anonymous sponsor (empty sponsorAFMName)
9ΖΟ74690Β3-ΔΣ8,2025-04-30,ΕΝΤΑΛΜΑ ΠΛΗΡΩΜΗΣ ΑΠΟΖΗΜΙΩΣΗ ΓΙΑ ΝΥΧΤΕΡΙΝΑ-ΕΞΑΙΡΕΣΙΜΑ-ΥΠΕΡΩΡ.ΑΠΑΣΧΟΛΗΣΗ (001628),,,8117.83,anonymous sponsor (empty sponsorAFMName)
ΨΞΡΒ4690Β3-ΦΞ7,2025-04-30,ΕΝΤΑΛΜΑ ΠΛΗΡΩΜΗΣ ΑΠΟΖΗΜΙΩΣΗ ΓΙΑ ΝΥΧΤΕΡΙΝΑ-ΕΞΑΙΡΕΣΙΜΑ-ΥΠΕΡΩΡ.ΑΠΑΣΧΟΛΗΣΗ (001628),,,4768.48,anonymous sponsor (empty sponsorAFMName)
Ψ3304690Β3-ΤΝΙ,2025-04-30,ΕΝΤΑΛΜΑ ΠΛΗΡΩΜΗΣ ΑΠΟΖΗΜΙΩΣΗ ΓΙΑ ΝΥΧΤΕΡΙΝΑ-ΕΞΑΙΡΕΣΙΜΑ-ΥΠΕΡΩΡ.ΑΠΑΣΧΟΛΗΣΗ (001628),,,1041.15,anonymous sponsor (empty sponsorAFMName)
90Ζ14690Β3-ΠΑ3,2025-04-30,ΕΝΤΑΛΜΑ ΠΛΗΡΩΜΗΣ ΕΠΙΚΟΥΡΙΚΟ ΝΟΣΗΛΕΥΤΙΚΟ-ΠΑΡΑΪΑΤΡΙΚΟ ΠΡΟΣΩΠΙΚΟ (000001634),,,2870.82,anonymous sponsor (empty sponsorAFMName)
9ΖΠΩ4690Β3-ΙΑΟ,2025-04-30,ΕΝΤΑΛΜΑ ΠΛΗΡΩΜΗΣ ΑΠΟΖΗΜΙΩΣΗ ΓΙΑ ΝΥΧΤΕΡΙΝΑ-ΕΞΑΙΡΕΣΙΜΑ-ΥΠΕΡΩΡ.ΑΠΑΣΧΟΛΗΣΗ (001628),,,3222.63,anonymous sponsor (empty sponsorAFMName)
63044690Β3-ΕΩΝ,2025-04-30,ΕΝΤΑΛΜΑ ΠΛΗΡΩΜΗΣ ΑΠΟΖΗΜΙΩΣΗ ΓΙΑ ΝΥΧΤΕΡΙΝΑ-ΕΞΑΙΡΕΣΙΜΑ-ΥΠΕΡΩΡ.ΑΠΑΣΧΟΛΗΣΗ (001628),,,442.19,anonymous sponsor (empty sponsorAFMName)
9ΩΝΚ4690Β3-ΦΜΡ,2025-04-30,ΕΝΤΑΛΜΑ ΠΛΗΡΩΜΗΣ ΑΠΟΖΗΜΙΩΣΗ ΓΙΑ ΝΥΧΤΕΡΙΝΑ-ΕΞΑΙΡΕΣΙΜΑ-ΥΠΕΡΩΡ.ΑΠΑΣΧΟΛΗΣΗ (001628),,,1330.47,anonymous sponsor (empty sponsorAFMName)
ΨΜ5Ο4690Β3-ΟΦΧ,2025-04-30,ΕΝΤΑΛΜΑ ΠΛΗΡΩΜΗΣ ΑΠΟΖΗΜΙΩΣΗ ΓΙΑ ΝΥΧΤΕΡΙΝΑ-ΕΞΑΙΡΕΣΙΜΑ-ΥΠΕΡΩΡ.ΑΠΑΣΧΟΛΗΣΗ (001628),,,6123.26,anonymous sponsor (empty sponsorAFMName)
61514690Β3-Λ63,2025-04-30,ΕΝΤΑΛΜΑ ΠΛΗΡΩΜΗΣ ΑΠΟΖΗΜΙΩΣΗ ΓΙΑ ΝΥΧΤΕΡΙΝΑ-ΕΞΑΙΡΕΣΙΜΑ-ΥΠΕΡΩΡ.ΑΠΑΣΧΟΛΗΣΗ (001628),,,997.11,anonymous sponsor (empty sponsorAFMName)
9ΒΗΝ4690Β3-ΡΦΠ,2025-04-30,ΕΝΤΑΛΜΑ ΠΛΗΡΩΜΗΣ ΑΠΟΖΗΜΙΩΣΗ ΓΙΑ ΝΥΧΤΕΡΙΝΑ-ΕΞΑΙΡΕΣΙΜΑ-ΥΠΕΡΩΡ.ΑΠΑΣΧΟΛΗΣΗ (001628),,,233.76,anonymous sponsor (empty sponsorAFMName)
99Λ14690Β3-ΧΞΧ,2025-04-30,ΕΝΤΑΛΜΑ ΠΛΗΡΩΜΗΣ ΑΠΟΖΗΜΙΩΣΗ ΓΙΑ ΝΥΧΤΕΡΙΝΑ-ΕΞΑΙΡΕΣΙΜΑ-ΥΠΕΡΩΡ.ΑΠΑΣΧΟΛΗΣΗ (001628),,,6440.76,anonymous sponsor (empty sponsorAFMName)
ΡΨΦ64690Β3-Α25,2025-04-30,ΕΝΤΑΛΜΑ ΠΛΗΡΩΜΗΣ ΑΠΟΖΗΜΙΩΣΗ ΓΙΑ ΝΥΧΤΕΡΙΝΑ-ΕΞΑΙΡΕΣΙΜΑ-ΥΠΕΡΩΡ.ΑΠΑΣΧΟΛΗΣΗ (001628),,,1397.49,anonymous sponsor (empty sponsorAFMName)
ΡΠ5Γ4690Β3-Ω2Η,2025-04-30,ΕΝΤΑΛΜΑ ΠΛΗΡΩΜΗΣ ΑΠΟΖΗΜΙΩΣΗ ΓΙΑ ΝΥΧΤΕΡΙΝΑ-ΕΞΑΙΡΕΣΙΜΑ-ΥΠΕΡΩΡ.ΑΠΑΣΧΟΛΗΣΗ (001628),,,8760.39,anonymous sponsor (empty sponsorAFMName)
ΨΘΖΒ4690Β3-6ΥΟ,2025-04-30,ΕΝΤΑΛΜΑ ΠΛΗΡΩΜΗΣ ΑΠΟΖΗΜΙΩΣΗ ΓΙΑ ΝΥΧΤΕΡΙΝΑ-ΕΞΑΙΡΕΣΙΜΑ-ΥΠΕΡΩΡ.ΑΠΑΣΧΟΛΗΣΗ (001628),,,10731.65,anonymous sponsor (empty sponsorAFMName)
ΨΥ504690Β3-2ΦΩ,2025-04-30,ΕΝΤΑΛΜΑ ΠΛΗΡΩΜΗΣ ΑΠΟΖΗΜΙΩΣΗ ΓΙΑ ΝΥΧΤΕΡΙΝΑ-ΕΞΑΙΡΕΣΙΜΑ-ΥΠΕΡΩΡ.ΑΠΑΣΧΟΛΗΣΗ (001628),,,848.74,anonymous sponsor (empty sponsorAFMName)
6ΓΒΗ4690Β3-ΠΨΝ,2025-04-30,ΕΝΤΑΛΜΑ ΠΛΗΡΩΜΗΣ ΑΠΟΖΗΜΙΩΣΗ ΕΦΗΜΕΡΙΩΝ (002535),,,1514.22,anonymous sponsor (empty sponsorAFMName)
9Π9Γ4690Β3-ΗΛΞ,2025-04-30,ΕΝΤΑΛΜΑ ΠΛΗΡΩΜΗΣ ΑΠΟΖΗΜΙΩΣΗ ΕΦΗΜΕΡΙΩΝ (002535),,,4172.32,anonymous sponsor (empty sponsorAFMName)
9ΘΚΙ4690Β3-Ι4Ξ,2025-04-30,ΕΝΤΑΛΜΑ ΠΛΗΡΩΜΗΣ ΑΠΟΖΗΜΙΩΣΗ ΕΦΗΜΕΡΙΩΝ (002535),,,4936.44,anonymous sponsor (empty sponsorAFMName)
93034690Β3-94Λ,2025-04-30,ΕΝΤΑΛΜΑ ΠΛΗΡΩΜΗΣ ΑΠΟΖΗΜΙΩΣΗ ΕΦΗΜΕΡΙΩΝ (002535),,,25326.68,anonymous sponsor (empty sponsorAFMName)
9Ν954690Β3-ΩΝΕ,2025-04-30,ΕΝΤΑΛΜΑ ΠΛΗΡΩΜΗΣ ΑΠΟΖΗΜΙΩΣΗ ΕΦΗΜΕΡΙΩΝ (002535),,,1911.49,anonymous sponsor (empty sponsorAFMName)
9ΧΥΙ4690Β3-ΖΥ3,2025-04-30,ΕΝΤΑΛΜΑ ΠΛΗΡΩΜΗΣ ΑΠΟΖΗΜΙΩΣΗ ΕΦΗΜΕΡΙΩΝ (002535),,,1011.50,anonymous sponsor (empty sponsorAFMName)
9ΥΔΘ4690Β3-8ΩΝ,2025-04-30,ΕΝΤΑΛΜΑ ΠΛΗΡΩΜΗΣ ΑΠΟΖΗΜΙΩΣΗ ΕΦΗΜΕΡΙΩΝ (002535),,,16601.22,anonymous sponsor (empty sponsorAFMName)
9ΕΕ44690Β3-ΜΘΚ,2025-04-30,ΕΝΤΑΛΜΑ ΠΛΗΡΩΜΗΣ ΑΠΟΖΗΜΙΩΣΗ ΕΦΗΜΕΡΙΩΝ (002535),,,85538.57,anonymous sponsor (empty sponsorAFMName)
68ΖΔ4690Β3-ΔΞ7,2025-04-30,ΕΝΤΑΛΜΑ ΠΛΗΡΩΜΗΣ ΑΠΟΖΗΜΙΩΣΗ ΕΦΗΜΕΡΙΩΝ (002535),,,3028.44,anonymous sponsor (empty sponsorAFMName)
965Θ4690Β3-ΚΦΘ,2025-04-30,ΕΝΤΑΛΜΑ ΠΛΗΡΩΜΗΣ ΕΠΟΧΙΚΟ ΠΡΟΣΩΠΙΚΟ ΚΑΘΑΡΙΟΤΗΤΑΣ (999111999),,,32335.75,anonymous sponsor (empty sponsorAFMName)
ΡΟ224690Β3-ΦΒΖ,2025-04-29,ΕΝΤΑΛΜΑ ΠΛΗΡΩΜΗΣ ΚΡΑΤ.3391-53.20.00.0001 ΕΛΛΗΝΙΚΟ ΔΗΜΟΣΙΟ (001506),,,114166.09,anonymous sponsor (empty sponsorAFMName)
ΡΛ3Τ4690Β3-ΟΗ9,2025-04-28,ΕΝΤΑΛΜΑ ΠΛΗΡΩΜΗΣ ΚΡΑΤ.3391-54.03.00.0001 Φ.Μ.Υ. (001512),,,75.16,anonymous sponsor (empty sponsorAFMName)
9ΙΠΥ4690Β3-ΡΝΨ,2025-04-28,ΕΝΤΑΛΜΑ ΠΛΗΡΩΜΗΣ ΚΡΑΤ.3391-54.03.00.0001 Φ.Μ.Υ. (001512),,,62.08,anonymous sponsor (empty sponsorAFMName)
ΨΤΧΡ4690Β3-ΣΜ2,2025-04-28,ΕΝΤΑΛΜΑ ΠΛΗΡΩΜΗΣ ΕΙΣΦΟΡΕΣ ΑΠΑΣΧ/ΝΩΝ ΟΑΕΔ ΜΕΣΩ ΠΡΟΓ. ΚΟΙΝΩΦ. ΧΑΡΑΚΤΗΡΑ (),,,1621.43,anonymous sponsor (empty sponsorAFMName)
9Υ8Ε4690Β3-ΛΥΒ,2025-04-28,ΕΝΤΑΛΜΑ ΠΛΗΡΩΜΗΣ ΕΙΣΦΟΡΕΣ ΑΠΑΣΧ/ΝΩΝ ΟΑΕΔ ΜΕΣΩ ΠΡΟΓ. ΚΟΙΝΩΦ. ΧΑΡΑΚΤΗΡΑ (),,,3222.48,anonymous sponsor (empty sponsorAFMName)
ΨΝΦΠ4690Β3-ΨΨΔ,2025-04-28,ΕΝΤΑΛΜΑ ΠΛΗΡΩΜΗΣ ΚΡΑΤ.3391-54.04.02.0001 Χ/ΜΑ και ΟΓΑ Χ/ΜΩΝ (),,,34.41,anonymous sponsor (empty sponsorAFMName)
Ψ6Ε64690Β3-42Δ,2025-04-28,ΕΝΤΑΛΜΑ ΠΛΗΡΩΜΗΣ ΚΡΑΤ.3391-54.04.00.0001 ΦΟΡΟΣ ΕΛΕΥΘΕΡ.ΕΠΑΓΓΕΛΜΑΤ (),,,30174.89,anonymous sponsor (empty sponsorAFMName)
ΨΡΞΤ4690Β3-7Ε0,2025-04-28,ΕΝΤΑΛΜΑ ΠΛΗΡΩΜΗΣ ΚΡΑΤ.3391-54.09.14.0001 ΦΟΡΟΣ ΠΡΟΜΗΘΕΥΤΩΝ (001510),,,30299.46,anonymous sponsor (empty sponsorAFMName)
Ψ9ΝΝ4690Β3-1ΓΘ,2025-04-28,ΕΝΤΑΛΜΑ ΠΛΗΡΩΜΗΣ ΚΡΑΤ.3391-53.20.00.0001 ΕΛΛΗΝΙΚΟ ΔΗΜΟΣΙΟ (001506),,,11938.15,anonymous sponsor (empty sponsorAFMName)
ΨΘ2Μ4690Β3-ΓΚΗ,2025-04-28,ΕΝΤΑΛΜΑ ΠΛΗΡΩΜΗΣ ΚΡΑΤ.3391-53.20.00.0001 ΕΛΛΗΝΙΚΟ ΔΗΜΟΣΙΟ (001506),,,621.00,anonymous sponsor (empty sponsorAFMName)
ΨΤΟΣ4690Β3-ΗΩ5,2025-04-28,ΕΝΤΑΛΜΑ ΠΛΗΡΩΜΗΣ ΚΡΑΤ.3391-53.20.00.0001 ΕΛΛΗΝΙΚΟ ΔΗΜΟΣΙΟ (001506),,,43.87,anonymous sponsor (empty sponsorAFMName)
ΨΙΒΑ4690Β3-Σ9Ψ,2025-04-28,ΕΝΤΑΛΜΑ ΠΛΗΡΩΜΗΣ ΚΡΑΤ.3391-53.20.00.0001 ΕΛΛΗΝΙΚΟ ΔΗΜΟΣΙΟ (001506),,,348.07,anonymous sponsor (empty sponsorAFMName)
9Β2Ψ4690Β3-ΣΜ5,2025-04-25,ΕΝΤΑΛΜΑ ΠΛΗΡΩΜΗΣ ΚΕΡΚΥΡΑΪΚΗ ΕΤΑΙΡΕΙΑ ΚΡΕΑΤΩΝ ΑΕ (099346780),,,15303.37,anonymous sponsor (empty sponsorAFMName)
9ΗΠΑ4690Β3-30Σ,2025-04-24,ΕΝΤΑΛΜΑ ΠΛΗΡΩΜΗΣ ΕΠΙΣΤΡΟΦΗ ΕΞΕΤ/ΤΡΩΝ ΛΟΓΩ ΝΟΣΗΛΕΙΑΣ (001633),,,2176.00,anonymous sponsor (empty sponsorAFMName)
Ψ3ΠΜ4690Β3-31Ξ,2025-04-24,ΕΝΤΑΛΜΑ ΠΛΗΡΩΜΗΣ ΑΜΟΙΒΕΣ ΔΙΟΙΚΗΤΙΚΟΥ   ΛΟΙΠΟΥ ΠΡΟΣΩΠΙΚΟΥ ΛΕΙΤΟΥΡΓΙΑΣ ΑΠΟΓΕΥΜΑΤΙΝΩΝ ΙΑΤΡΕΙΩΝ (55831111),,,790.00,anonymous sponsor (empty sponsorAFMName)
ΨΔ7Υ4690Β3-ΓΑ3,2025-04-24,ΕΝΤΑΛΜΑ ΠΛΗΡΩΜΗΣ ΑΜΟΙΒΕΣ ΙΑΤΡΙΚΟΥ ΠΡΟΣΩΠΙΚΟΥ ΛΕΙΤΟΥΡΓΙΑΣ ΑΠΟΓΕΥΜΑΤΙΝΩΝ ΙΑΤΡΕΙΩΝ (210923000),,,3508.07,anonymous sponsor (empty sponsorAFMName)
62ΘΓ4690Β3-ΣΧΠ,2025-04-24,ΕΝΤΑΛΜΑ ΠΛΗΡΩΜΗΣ ΑΜΟΙΒΕΣ ΔΙΟΙΚΗΤΙΚΟΥ   ΛΟΙΠΟΥ ΠΡΟΣΩΠΙΚΟΥ ΛΕΙΤΟΥΡΓΙΑΣ ΑΠΟΓΕΥΜΑΤΙΝΩΝ ΙΑΤΡΕΙΩΝ (55831111),,,750.00,anonymous sponsor (empty sponsorAFMName)
ΨΦΜΥ4690Β3-2ΓΞ,2025-04-24,ΕΝΤΑΛΜΑ ΠΛΗΡΩΜΗΣ ΑΜΟΙΒΕΣ ΙΑΤΡΙΚΟΥ ΠΡΟΣΩΠΙΚΟΥ ΛΕΙΤΟΥΡΓΙΑΣ ΑΠΟΓΕΥΜΑΤΙΝΩΝ ΙΑΤΡΕΙΩΝ (210923000),,,3458.21,anonymous sponsor (empty sponsorAFMName)
ΨΙ404690Β3-602,2025-04-15,ΕΝΤΑΛΜΑ ΠΛΗΡΩΜΗΣ NUMIL HELLAS A.E (094446311),,,413.40,anonymous sponsor (empty sponsorAFMName)
ΡΩΧΜ4690Β3-ΟΣΕ,2025-04-15,ΕΝΤΑΛΜΑ ΠΛΗΡΩΜΗΣ ΒΙΟΣΕΡ ΑΕ (094035927),,,9190.29,anonymous sponsor (empty sponsorAFMName)
9Ο994690Β3-ΝΛΛ,2025-04-15,ΕΝΤΑΛΜΑ ΠΛΗΡΩΜΗΣ ΕΠΙΣΤΡΟΦΗ ΕΞΕΤ/ΤΡΩΝ ΛΟΓΩ ΝΟΣΗΛΕΙΑΣ (001633),,,7605.00,anonymous sponsor (empty sponsorAFMName)
9ΒΠ74690Β3-1ΔΩ,2026-02-05,ΕΝΤΑΛΜΑ ΠΛΗΡΩΜΗΣ ΑΠΟΖΗΜΙΩΣΗ ΓΙΑ ΝΥΧΤΕΡΙΝΑ-ΕΞΑΙΡΕΣΙΜΑ-ΥΠΕΡΩΡ.ΑΠΑΣΧΟΛΗΣΗ (001628),,,326.98,anonymous sponsor (empty sponsorAFMName)
6ΧΙΒ4690Β3-Τ7Β,2026-02-05,ΕΝΤΑΛΜΑ ΠΛΗΡΩΜΗΣ ΑΠΟΖΗΜΙΩΣΗ ΓΙΑ ΝΥΧΤΕΡΙΝΑ-ΕΞΑΙΡΕΣΙΜΑ-ΥΠΕΡΩΡ.ΑΠΑΣΧΟΛΗΣΗ (001628),,,976.06,anonymous sponsor (empty sponsorAFMName)
ΨΓΒΤ4690Β3-ΥΧ7,2026-02-05,ΕΝΤΑΛΜΑ ΠΛΗΡΩΜΗΣ ΑΠΟΖΗΜΙΩΣΗ ΓΙΑ ΝΥΧΤΕΡΙΝΑ-ΕΞΑΙΡΕΣΙΜΑ-ΥΠΕΡΩΡ.ΑΠΑΣΧΟΛΗΣΗ (001628),,,920.73,anonymous sponsor (empty sponsorAFMName)
ΨΟ9Ο4690Β3-ΗΓΣ,2026-02-05,ΕΝΤΑΛΜΑ ΠΛΗΡΩΜΗΣ ΑΠΟΖΗΜΙΩΣΗ ΓΙΑ ΝΥΧΤΕΡΙΝΑ-ΕΞΑΙΡΕΣΙΜΑ-ΥΠΕΡΩΡ.ΑΠΑΣΧΟΛΗΣΗ (001628),,,277.57,anonymous sponsor (empty sponsorAFMName)
ΨΝΝΥ4690Β3-Ζ2Θ,2026-02-05,ΕΝΤΑΛΜΑ ΠΛΗΡΩΜΗΣ ΑΠΟΖΗΜΙΩΣΗ ΓΙΑ ΝΥΧΤΕΡΙΝΑ-ΕΞΑΙΡΕΣΙΜΑ-ΥΠΕΡΩΡ.ΑΠΑΣΧΟΛΗΣΗ (001628),,,3215.92,anonymous sponsor (empty sponsorAFMName)
Ψ37Ξ4690Β3-ΔΚΚ,2026-02-05,ΕΝΤΑΛΜΑ ΠΛΗΡΩΜΗΣ ΑΠΟΖΗΜΙΩΣΗ ΓΙΑ ΝΥΧΤΕΡΙΝΑ-ΕΞΑΙΡΕΣΙΜΑ-ΥΠΕΡΩΡ.ΑΠΑΣΧΟΛΗΣΗ (001628),,,7270.61,anonymous sponsor (empty sponsorAFMName)
ΨΞΡΙ4690Β3-Υ4Π,2026-02-05,ΕΝΤΑΛΜΑ ΠΛΗΡΩΜΗΣ ΑΠΟΖΗΜΙΩΣΗ ΓΙΑ ΝΥΧΤΕΡΙΝΑ-ΕΞΑΙΡΕΣΙΜΑ-ΥΠΕΡΩΡ.ΑΠΑΣΧΟΛΗΣΗ (001628),,,8266.69,anonymous sponsor (empty sponsorAFMName)
Ψ9ΞΧ4690Β3-9Α1,2026-02-05,ΕΝΤΑΛΜΑ ΠΛΗΡΩΜΗΣ ΑΠΟΖΗΜΙΩΣΗ ΓΙΑ ΝΥΧΤΕΡΙΝΑ-ΕΞΑΙΡΕΣΙΜΑ-ΥΠΕΡΩΡ.ΑΠΑΣΧΟΛΗΣΗ (001628),,,1022.32,anonymous sponsor (empty sponsorAFMName)
6ΔΩΥ4690Β3-Θ2Ζ,2026-02-05,ΕΝΤΑΛΜΑ ΠΛΗΡΩΜΗΣ ΑΠΟΖΗΜΙΩΣΗ ΓΙΑ ΝΥΧΤΕΡΙΝΑ-ΕΞΑΙΡΕΣΙΜΑ-ΥΠΕΡΩΡ.ΑΠΑΣΧΟΛΗΣΗ (001628),,,13219.52,anonymous sponsor (empty sponsorAFMName)
9ΡΨ74690Β3-Β93,2026-02-05,ΕΝΤΑΛΜΑ ΠΛΗΡΩΜΗΣ ΑΠΟΖΗΜΙΩΣΗ ΓΙΑ ΝΥΧΤΕΡΙΝΑ-ΕΞΑΙΡΕΣΙΜΑ-ΥΠΕΡΩΡ.ΑΠΑΣΧΟΛΗΣΗ (001628),,,18496.11,anonymous sponsor (empty sponsorAFMName)
ΨΦΤΜ4690Β3-ΕΛΩ,2026-02-05,ΕΝΤΑΛΜΑ ΠΛΗΡΩΜΗΣ ΑΠΟΖΗΜΙΩΣΗ ΓΙΑ ΝΥΧΤΕΡΙΝΑ-ΕΞΑΙΡΕΣΙΜΑ-ΥΠΕΡΩΡ.ΑΠΑΣΧΟΛΗΣΗ (001628),,,1725.56,anonymous sponsor (empty sponsorAFMName)
9ΟΦΑ4690Β3-ΙΞ4,2026-02-04,ΕΝΤΑΛΜΑ ΠΛΗΡΩΜΗΣ ΑΠΟΖΗΜΙΩΣΗ ΓΙΑ ΝΥΧΤΕΡΙΝΑ-ΕΞΑΙΡΕΣΙΜΑ-ΥΠΕΡΩΡ.ΑΠΑΣΧΟΛΗΣΗ (001628),,,2287.49,anonymous sponsor (empty sponsorAFMName)
ΨΓΕΓ4690Β3-Τ2Δ,2026-02-04,ΕΝΤΑΛΜΑ ΠΛΗΡΩΜΗΣ ΑΠΟΖΗΜΙΩΣΗ ΓΙΑ ΝΥΧΤΕΡΙΝΑ-ΕΞΑΙΡΕΣΙΜΑ-ΥΠΕΡΩΡ.ΑΠΑΣΧΟΛΗΣΗ (001628),,,481.98,anonymous sponsor (empty sponsorAFMName)
Ψ5ΡΖ4690Β3-ΞΜ4,2026-02-04,ΕΝΤΑΛΜΑ ΠΛΗΡΩΜΗΣ ΑΠΟΖΗΜΙΩΣΗ ΓΙΑ ΝΥΧΤΕΡΙΝΑ-ΕΞΑΙΡΕΣΙΜΑ-ΥΠΕΡΩΡ.ΑΠΑΣΧΟΛΗΣΗ (001628),,,447.82,anonymous sponsor (empty sponsorAFMName)
ΨΔ3Ι4690Β3-Ε2Κ,2026-02-04,ΕΝΤΑΛΜΑ ΠΛΗΡΩΜΗΣ ΑΠΟΖΗΜΙΩΣΗ ΓΙΑ ΝΥΧΤΕΡΙΝΑ-ΕΞΑΙΡΕΣΙΜΑ-ΥΠΕΡΩΡ.ΑΠΑΣΧΟΛΗΣΗ (001628),,,231.87,anonymous sponsor (empty sponsorAFMName)
9ΩΜ54690Β3-7Κ5,2026-02-04,ΕΝΤΑΛΜΑ ΠΛΗΡΩΜΗΣ ΑΠΟΖΗΜΙΩΣΗ ΓΙΑ ΝΥΧΤΕΡΙΝΑ-ΕΞΑΙΡΕΣΙΜΑ-ΥΠΕΡΩΡ.ΑΠΑΣΧΟΛΗΣΗ (001628),,,398.75,anonymous sponsor (empty sponsorAFMName)
ΨΟΩΓ4690Β3-ΩΓΕ,2026-02-04,ΕΝΤΑΛΜΑ ΠΛΗΡΩΜΗΣ ΑΠΟΖΗΜΙΩΣΗ ΓΙΑ ΝΥΧΤΕΡΙΝΑ-ΕΞΑΙΡΕΣΙΜΑ-ΥΠΕΡΩΡ.ΑΠΑΣΧΟΛΗΣΗ (001628),,,631.71,anonymous sponsor (empty sponsorAFMName)
ΨΜΟ44690Β3-ΛΥΕ,2026-02-04,ΕΝΤΑΛΜΑ ΠΛΗΡΩΜΗΣ ΑΠΟΖΗΜΙΩΣΗ ΓΙΑ ΝΥΧΤΕΡΙΝΑ-ΕΞΑΙΡΕΣΙΜΑ-ΥΠΕΡΩΡ.ΑΠΑΣΧΟΛΗΣΗ (001628),,,8568.14,anonymous sponsor (empty sponsorAFMName)
Ψ2Ι94690Β3-6ΦΖ,2026-02-04,ΕΝΤΑΛΜΑ ΠΛΗΡΩΜΗΣ ΑΠΟΖΗΜΙΩΣΗ ΓΙΑ ΝΥΧΤΕΡΙΝΑ-ΕΞΑΙΡΕΣΙΜΑ-ΥΠΕΡΩΡ.ΑΠΑΣΧΟΛΗΣΗ (001628),,,3535.41,anonymous sponsor (empty sponsorAFMName)
Ψ2ΥΑ4690Β3-ΩΧΓ,2026-02-04,ΕΝΤΑΛΜΑ ΠΛΗΡΩΜΗΣ ΑΠΟΖΗΜΙΩΣΗ ΓΙΑ ΝΥΧΤΕΡΙΝΑ-ΕΞΑΙΡΕΣΙΜΑ-ΥΠΕΡΩΡ.ΑΠΑΣΧΟΛΗΣΗ (001628),,,1151.41,anonymous sponsor (empty sponsorAFMName)
ΨΔ904690Β3-2ΩΒ,2026-02-04,ΕΝΤΑΛΜΑ ΠΛΗΡΩΜΗΣ ΑΠΟΖΗΜΙΩΣΗ ΓΙΑ ΝΥΧΤΕΡΙΝΑ-ΕΞΑΙΡΕΣΙΜΑ-ΥΠΕΡΩΡ.ΑΠΑΣΧΟΛΗΣΗ (001628),,,2298.24,anonymous sponsor (empty sponsorAFMName)
ΨΡΡΔ4690Β3-6ΟΒ,2026-02-04,ΕΝΤΑΛΜΑ ΠΛΗΡΩΜΗΣ ΑΠΟΖΗΜΙΩΣΗ ΓΙΑ ΝΥΧΤΕΡΙΝΑ-ΕΞΑΙΡΕΣΙΜΑ-ΥΠΕΡΩΡ.ΑΠΑΣΧΟΛΗΣΗ (001628),,,1000.33,anonymous sponsor (empty sponsorAFMName)
6ΖΛ94690Β3-ΡΣΖ,2026-02-04,ΕΝΤΑΛΜΑ ΠΛΗΡΩΜΗΣ ΑΠΟΖΗΜΙΩΣΗ ΓΙΑ ΝΥΧΤΕΡΙΝΑ-ΕΞΑΙΡΕΣΙΜΑ-ΥΠΕΡΩΡ.ΑΠΑΣΧΟΛΗΣΗ (001628),,,4429.41,anonymous sponsor (empty sponsorAFMName)
ΨΔ3Φ4690Β3-7ΙΓ,2026-02-04,ΕΝΤΑΛΜΑ ΠΛΗΡΩΜΗΣ ΑΠΟΖΗΜΙΩΣΗ ΓΙΑ ΝΥΧΤΕΡΙΝΑ-ΕΞΑΙΡΕΣΙΜΑ-ΥΠΕΡΩΡ.ΑΠΑΣΧΟΛΗΣΗ (001628),,,68.82,anonymous sponsor (empty sponsorAFMName)
ΨΗΣΠ4690Β3-ΕΜΔ,2026-02-04,ΕΝΤΑΛΜΑ ΠΛΗΡΩΜΗΣ ΑΠΟΖΗΜΙΩΣΗ ΓΙΑ ΝΥΧΤΕΡΙΝΑ-ΕΞΑΙΡΕΣΙΜΑ-ΥΠΕΡΩΡ.ΑΠΑΣΧΟΛΗΣΗ (001628),,,2035.25,anonymous sponsor (empty sponsorAFMName)
ΨΝΝΖ4690Β3-5ΣΘ,2026-02-04,ΕΝΤΑΛΜΑ ΠΛΗΡΩΜΗΣ ΑΠΟΖΗΜΙΩΣΗ ΓΙΑ ΝΥΧΤΕΡΙΝΑ-ΕΞΑΙΡΕΣΙΜΑ-ΥΠΕΡΩΡ.ΑΠΑΣΧΟΛΗΣΗ (001628),,,3605.34,anonymous sponsor (empty sponsorAFMName)
9Ψ3Ν4690Β3-Π3Υ,2026-02-04,ΕΝΤΑΛΜΑ ΠΛΗΡΩΜΗΣ ΑΠΟΖΗΜΙΩΣΗ ΓΙΑ ΝΥΧΤΕΡΙΝΑ-ΕΞΑΙΡΕΣΙΜΑ-ΥΠΕΡΩΡ.ΑΠΑΣΧΟΛΗΣΗ (001628),,,209.04,anonymous sponsor (empty sponsorAFMName)
9ΒΒ94690Β3-Σ7Τ,2026-02-04,ΕΝΤΑΛΜΑ ΠΛΗΡΩΜΗΣ ΑΠΟΖΗΜΙΩΣΗ ΓΙΑ ΝΥΧΤΕΡΙΝΑ-ΕΞΑΙΡΕΣΙΜΑ-ΥΠΕΡΩΡ.ΑΠΑΣΧΟΛΗΣΗ (001628),,,6471.81,anonymous sponsor (empty sponsorAFMName)
65ΗΓ4690Β3-570,2026-02-04,ΕΝΤΑΛΜΑ ΠΛΗΡΩΜΗΣ ΑΠΟΖΗΜΙΩΣΗ ΓΙΑ ΝΥΧΤΕΡΙΝΑ-ΕΞΑΙΡΕΣΙΜΑ-ΥΠΕΡΩΡ.ΑΠΑΣΧΟΛΗΣΗ (001628),,,579.04,anonymous sponsor (empty sponsorAFMName)
65ΚΖ4690Β3-ΡΩΠ,2026-02-04,ΕΝΤΑΛΜΑ ΠΛΗΡΩΜΗΣ ΑΠΟΖΗΜΙΩΣΗ ΓΙΑ ΝΥΧΤΕΡΙΝΑ-ΕΞΑΙΡΕΣΙΜΑ-ΥΠΕΡΩΡ.ΑΠΑΣΧΟΛΗΣΗ (001628),,,833.83,anonymous sponsor (empty sponsorAFMName)
Ψ0174690Β3-ΝΨΔ,2026-02-04,ΕΝΤΑΛΜΑ ΠΛΗΡΩΜΗΣ ΑΜΟΙΒΕΣ ΔΙΟΙΚΗΤΙΚΟΥ   ΛΟΙΠΟΥ ΠΡΟΣΩΠΙΚΟΥ ΛΕΙΤΟΥΡΓΙΑΣ ΑΠΟΓΕΥΜΑΤΙΝΩΝ ΙΑΤΡΕΙΩΝ (55831111),,,590.00,anonymous sponsor (empty sponsorAFMName)
9ΝΧΘ4690Β3-1ΔΠ,2026-02-04,ΕΝΤΑΛΜΑ ΠΛΗΡΩΜΗΣ ΑΜΟΙΒΕΣ ΝΟΣΗΛΕΥΤΙΚΟΥ   ΛΟΙΠΟΥ ΠΡΟΣΩΠΙΚΟΥ ΣΥΜΜΕΤΟΧΗΣ ΣΕ ΑΠΟΓ .ΧΕΙΡΓ. (),,,586.06,anonymous sponsor (empty sponsorAFMName)
ΨΖΡΝ4690Β3-ΑΤΒ,2026-02-04,ΕΝΤΑΛΜΑ ΠΛΗΡΩΜΗΣ ΑΜΟΙΒΕΣ ΙΑΤΡΙΚΟΥ ΠΡΟΣΩΠΙΚΟΥ ΛΕΙΤΟΥΡΓΙΑΣ ΑΠΟΓΕΥΜΑΤΙΝΩΝ ΙΑΤΡΕΙΩΝ (210923000),,,2225.68,anonymous sponsor (empty sponsorAFMName)
ΨΛΩΕ4690Β3-ΟΕΞ,2026-02-04,ΕΝΤΑΛΜΑ ΠΛΗΡΩΜΗΣ ΑΠΟΖΗΜΙΩΣΗ ΕΦΗΜΕΡΙΩΝ (002535),,,22990.74,anonymous sponsor (empty sponsorAFMName)
6ΖΡΑ4690Β3-3Ψ2,2026-02-04,ΕΝΤΑΛΜΑ ΠΛΗΡΩΜΗΣ ΑΠΟΖΗΜΙΩΣΗ ΕΦΗΜΕΡΙΩΝ (002535),,,19876.28,anonymous sponsor (empty sponsorAFMName)
9Η4Ψ4690Β3-ΗΞΛ,2026-02-04,ΕΝΤΑΛΜΑ ΠΛΗΡΩΜΗΣ ΑΠΟΖΗΜΙΩΣΗ ΕΦΗΜΕΡΙΩΝ (002535),,,881.76,anonymous sponsor (empty sponsorAFMName)
9ΓΚΜ4690Β3-50Ι,2026-02-04,ΕΝΤΑΛΜΑ ΠΛΗΡΩΜΗΣ ΑΠΟΖΗΜΙΩΣΗ ΕΦΗΜΕΡΙΩΝ (002535),,,1794.48,anonymous sponsor (empty sponsorAFMName)
ΡΥΤΥ4690Β3-Ε0Ο,2026-02-04,ΕΝΤΑΛΜΑ ΠΛΗΡΩΜΗΣ ΑΠΟΖΗΜΙΩΣΗ ΕΦΗΜΕΡΙΩΝ (002535),,,81868.94,anonymous sponsor (empty sponsorAFMName)
Ψ5ΣΑ4690Β3-1Τ1,2026-02-04,ΕΝΤΑΛΜΑ ΠΛΗΡΩΜΗΣ ΑΠΟΖΗΜΙΩΣΗ ΕΦΗΜΕΡΙΩΝ (002535),,,4688.48,anonymous sponsor (empty sponsorAFMName)
97ΧΙ4690Β3-1ΚΓ,2026-02-04,ΕΝΤΑΛΜΑ ΠΛΗΡΩΜΗΣ ΑΠΟΖΗΜΙΩΣΗ ΕΦΗΜΕΡΙΩΝ (002535),,,1514.22,anonymous sponsor (empty sponsorAFMName)
ΨΠΤΣ4690Β3-4Η3,2026-02-04,ΕΝΤΑΛΜΑ ΠΛΗΡΩΜΗΣ ΑΠΟΖΗΜΙΩΣΗ ΕΦΗΜΕΡΙΩΝ (002535),,,1514.22,anonymous sponsor (empty sponsorAFMName)
Ψ65Τ4690Β3-Ψ1Λ,2026-02-04,ΕΝΤΑΛΜΑ ΠΛΗΡΩΜΗΣ ΑΠΟΖΗΜΙΩΣΗ ΕΦΗΜΕΡΙΩΝ (002535),,,422.79,anonymous sponsor (empty sponsorAFMName)
ΡΕ1Χ4690Β3-ΠΕΑ,2026-02-04,ΕΝΤΑΛΜΑ ΠΛΗΡΩΜΗΣ ΑΠΟΖΗΜΙΩΣΗ ΕΦΗΜΕΡΙΩΝ (002535),,,3034.50,anonymous sponsor (empty sponsorAFMName)
ΡΦΡΓ4690Β3-ΘΓΡ,2026-02-04,ΕΝΤΑΛΜΑ ΠΛΗΡΩΜΗΣ ΑΠΟΖΗΜΙΩΣΗ ΕΦΗΜΕΡΙΩΝ (002535),,,3028.44,anonymous sponsor (empty sponsorAFMName)
ΡΨΒΞ4690Β3-ΑΓΚ,2026-02-04,ΕΝΤΑΛΜΑ ΠΛΗΡΩΜΗΣ ΕΡΓΟΔ.ΕΙΣΦ.ΙΚΑ ΑΣΚΟΥΜ.ΤΕΕ-ΙΕΚ.ΧΩΡ.ΑΜΟΙΒ.ΓΙΑ ΑΤΥΧΗΜ (001690),,,107.10,anonymous sponsor (empty sponsorAFMName)
ΨΒ7Ζ4690Β3-ΚΛΒ,2026-02-04,ΕΝΤΑΛΜΑ ΠΛΗΡΩΜΗΣ ΕΠΙΚΟΥΡΙΚΟ ΝΟΣΗΛΕΥΤΙΚΟ-ΠΑΡΑΪΑΤΡΙΚΟ ΠΡΟΣΩΠΙΚΟ (000001634),,,1849.99,anonymous sponsor (empty sponsorAFMName)
Ψ6ΦΗ4690Β3-Υ10,2026-02-04,ΕΝΤΑΛΜΑ ΠΛΗΡΩΜΗΣ ΕΠΙΚΟΥΡΙΚΟ ΝΟΣΗΛΕΥΤΙΚΟ-ΠΑΡΑΪΑΤΡΙΚΟ ΠΡΟΣΩΠΙΚΟ (000001634),,,30450.54,anonymous sponsor (empty sponsorAFMName)
9Σ8Ω4690Β3-1ΘΥ,2026-02-04,ΕΝΤΑΛΜΑ ΠΛΗΡΩΜΗΣ EΠΙΚΟΥΡΙΚΟΙ ΙΑΤΡΟΙ Ε.Σ.Υ. (000001629),,,111.64,anonymous sponsor (empty sponsorAFMName)
9ΦΖΦ4690Β3-6ΩΣ,2026-02-04,ΕΝΤΑΛΜΑ ΠΛΗΡΩΜΗΣ EΠΙΚΟΥΡΙΚΟΙ ΙΑΤΡΟΙ Ε.Σ.Υ. (000001629),,,57653.30,anonymous sponsor (empty sponsorAFMName)
ΡΟΟΗ4690Β3-ΖΜ5,2026-02-04,ΕΝΤΑΛΜΑ ΠΛΗΡΩΜΗΣ ΕΠΙΚΟΥΡΙΚΟ ΝΟΣΗΛΕΥΤΙΚΟ-ΠΑΡΑΪΑΤΡΙΚΟ ΠΡΟΣΩΠΙΚΟ (000001634),,,1809.53,anonymous sponsor (empty sponsorAFMName)
ΡΨΣ74690Β3-2Λ9,2026-02-04,ΕΝΤΑΛΜΑ ΠΛΗΡΩΜΗΣ ΕΠΙΚΟΥΡΙΚΟ ΝΟΣΗΛΕΥΤΙΚΟ-ΠΑΡΑΪΑΤΡΙΚΟ ΠΡΟΣΩΠΙΚΟ (000001634),,,61747.03,anonymous sponsor (empty sponsorAFMName)
6Υ7Ξ4690Β3-0ΚΘ,2026-02-04,ΕΝΤΑΛΜΑ ΠΛΗΡΩΜΗΣ EΠΙΚΟΥΡΙΚΟΙ ΙΑΤΡΟΙ Ε.Σ.Υ. (000001629),,,6029.82,anonymous sponsor (empty sponsorAFMName)
99Ξ94690Β3-2ΗΨ,2026-02-04,ΕΝΤΑΛΜΑ ΠΛΗΡΩΜΗΣ ΑΠΟΖΗΜΕΙΩΣΗ ΤΕΙ-ΑΣΚΟΥΜΕΝΩΝ Ο.Α.Ε.Δ. (001607),,,125.00,anonymous sponsor (empty sponsorAFMName)
Ψ01Ξ4690Β3-156,2026-02-04,ΕΝΤΑΛΜΑ ΠΛΗΡΩΜΗΣ ΑΠΟΖΗΜΕΙΩΣΗ ΤΕΙ-ΑΣΚΟΥΜΕΝΩΝ Ο.Α.Ε.Δ. (001607),,,761.00,anonymous sponsor (empty sponsorAFMName)
ΨΖΟΩ4690Β3-ΔΑ8,2026-02-04,ΕΝΤΑΛΜΑ ΠΛΗΡΩΜΗΣ ΑΠΟΖΗΜΙΩΣΗ ΕΦΗΜΕΡΙΩΝ (002535),,,152.78,anonymous sponsor (empty sponsorAFMName)
6Ν9Θ4690Β3-Γ6Υ,2026-02-04,ΕΝΤΑΛΜΑ ΠΛΗΡΩΜΗΣ ΕΠΟΧΙΚΟ ΠΡΟΣΩΠΙΚΟ ΚΑΘΑΡΙΟΤΗΤΑΣ (999111999),,,32327.67,anonymous sponsor (empty sponsorAFMName)
ΨΩΣΟ4690Β3-1ΨΒ,2026-02-04,ΕΝΤΑΛΜΑ ΠΛΗΡΩΜΗΣ EΠΙΚΟΥΡΙΚΟΙ ΙΑΤΡΟΙ Ε.Σ.Υ. (000001629),,,2887.87,anonymous sponsor (empty sponsorAFMName)
93ΩΓ4690Β3-141,2026-01-30,ΕΝΤΑΛΜΑ ΠΛΗΡΩΜΗΣ ΚΡΑΤ.3391-54.03.00.0001 Φ.Μ.Υ. (001512),,,81.46,anonymous sponsor (empty sponsorAFMName)
919Ο4690Β3-ΖΚΣ,2026-01-30,ΕΝΤΑΛΜΑ ΠΛΗΡΩΜΗΣ ΕΙΣΦΟΡΕΣ ΑΠΑΣΧ/ΝΩΝ ΟΑΕΔ ΜΕΣΩ ΠΡΟΓ. ΚΟΙΝΩΦ. ΧΑΡΑΚΤΗΡΑ (),,,1320.63,anonymous sponsor (empty sponsorAFMName)
63ΗΦ4690Β3-765,2026-01-30,ΕΝΤΑΛΜΑ ΠΛΗΡΩΜΗΣ ΚΡΑΤ.3391-54.03.00.0001 Φ.Μ.Υ. (001512),,,115.53,anonymous sponsor (empty sponsorAFMName)
9ΨΧΝ4690Β3-Λ5Φ,2026-01-30,ΕΝΤΑΛΜΑ ΠΛΗΡΩΜΗΣ ΕΙΣΦΟΡΕΣ ΑΠΑΣΧ/ΝΩΝ ΟΑΕΔ ΜΕΣΩ ΠΡΟΓ. ΚΟΙΝΩΦ. ΧΑΡΑΚΤΗΡΑ (),,,3091.25,anonymous sponsor (empty sponsorAFMName)
9ΘΑΠ4690Β3-ΚΕΣ,2026-01-30,ΕΝΤΑΛΜΑ ΠΛΗΡΩΜΗΣ ΚΡΑΤ.3391-54.03.00.0001 Φ.Μ.Υ. (001512),,,19.06,anonymous sponsor (empty sponsorAFMName)
ΨΖΧΒ4690Β3-ΟΨ1,2026-01-30,ΕΝΤΑΛΜΑ ΠΛΗΡΩΜΗΣ ΕΙΣΦΟΡΕΣ ΑΠΑΣΧ/ΝΩΝ ΟΑΕΔ ΜΕΣΩ ΠΡΟΓ. ΚΟΙΝΩΦ. ΧΑΡΑΚΤΗΡΑ (),,,1212.62,anonymous sponsor (empty sponsorAFMName)
ΨΝΦ54690Β3-645,2026-01-30,ΕΝΤΑΛΜΑ ΠΛΗΡΩΜΗΣ ΚΡΑΤ.3391-53.20.00.0001 ΕΛΛΗΝΙΚΟ ΔΗΜΟΣΙΟ (001506),,,2109.70,anonymous sponsor (empty sponsorAFMName)
99ΡΟ4690Β3-ΨΚΚ,2026-01-30,ΕΝΤΑΛΜΑ ΠΛΗΡΩΜΗΣ ΚΡΑΤ.3391-54.04.02.0001 Χ/ΜΑ και ΟΓΑ Χ/ΜΩΝ (),,,23.43,anonymous sponsor (empty sponsorAFMName)
91ΕΑ4690Β3-886,2026-01-30,ΕΝΤΑΛΜΑ ΠΛΗΡΩΜΗΣ ΚΡΑΤ.3391-54.04.00.0001 ΦΟΡΟΣ ΕΛΕΥΘΕΡ.ΕΠΑΓΓΕΛΜΑΤ (),,,3115.05,anonymous sponsor (empty sponsorAFMName)
ΨΔΛΝ4690Β3-Η38,2026-01-30,ΕΝΤΑΛΜΑ ΠΛΗΡΩΜΗΣ ΚΡΑΤ.3391-54.09.14.0001 ΦΟΡΟΣ ΠΡΟΜΗΘΕΥΤΩΝ (001510),,,26377.59,anonymous sponsor (empty sponsorAFMName)
6ΖΘΝ4690Β3-ΨΞΛ,2026-01-30,ΕΝΤΑΛΜΑ ΠΛΗΡΩΜΗΣ ΚΡΑΤ.3391-53.20.00.0001 ΕΛΛΗΝΙΚΟ ΔΗΜΟΣΙΟ (001506),,,9487.31,anonymous sponsor (empty sponsorAFMName)
Ψ1ΟΞ4690Β3-Ξ0Ε,2026-01-30,ΕΝΤΑΛΜΑ ΠΛΗΡΩΜΗΣ ΚΡΑΤ.3391-53.20.00.0001 ΕΛΛΗΝΙΚΟ ΔΗΜΟΣΙΟ (001506),,,382.38,anonymous sponsor (empty sponsorAFMName)
ΨΗΙ24690Β3-4ΡΡ,2026-01-30,ΕΝΤΑΛΜΑ ΠΛΗΡΩΜΗΣ ΚΡΑΤ.3391-53.20.00.0001 ΕΛΛΗΝΙΚΟ ΔΗΜΟΣΙΟ (001506),,,40.71,anonymous sponsor (empty sponsorAFMName)
9ΓΣΚ4690Β3-Η3Φ,2026-01-30,ΕΝΤΑΛΜΑ ΠΛΗΡΩΜΗΣ ΚΡΑΤ.3391-53.20.00.0001 ΕΛΛΗΝΙΚΟ ΔΗΜΟΣΙΟ (001506),,,275.74,anonymous sponsor (empty sponsorAFMName)
ΨΜΗΩ4690Β3-Λ5Ι,2025-12-31,ΕΝΤΑΛΜΑ ΠΛΗΡΩΜΗΣ ΑΜΟΙΒΕΣ ΝΟΣΗΛΕΥΤΙΚΟΥ   ΛΟΙΠΟΥ ΠΡΟΣΩΠΙΚΟΥ ΣΥΜΜΕΤΟΧΗΣ ΣΕ ΑΠΟΓ .ΧΕΙΡΓ. (),,,581.66,anonymous sponsor (empty sponsorAFMName)
9Ξ2Δ4690Β3-Ζ1Κ,2025-12-31,ΕΝΤΑΛΜΑ ΠΛΗΡΩΜΗΣ ΑΜΟΙΒΕΣ ΔΙΟΙΚΗΤΙΚΟΥ   ΛΟΙΠΟΥ ΠΡΟΣΩΠΙΚΟΥ ΛΕΙΤΟΥΡΓΙΑΣ ΑΠΟΓΕΥΜΑΤΙΝΩΝ ΙΑΤΡΕΙΩΝ (55831111),,,640.00,anonymous sponsor (empty sponsorAFMName)
ΨΩ444690Β3-Ε37,2025-12-31,ΕΝΤΑΛΜΑ ΠΛΗΡΩΜΗΣ ΑΜΟΙΒΕΣ ΙΑΤΡΙΚΟΥ ΠΡΟΣΩΠΙΚΟΥ ΛΕΙΤΟΥΡΓΙΑΣ ΑΠΟΓΕΥΜΑΤΙΝΩΝ ΙΑΤΡΕΙΩΝ (210923000),,,2893.73,anonymous sponsor (empty sponsorAFMName)
6ΑΞΔ4690Β3-ΕΩ5,2025-12-31,ΕΝΤΑΛΜΑ ΠΛΗΡΩΜΗΣ ΕΠΙΚΟΥΡΙΚΟ ΝΟΣΗΛΕΥΤΙΚΟ-ΠΑΡΑΪΑΤΡΙΚΟ ΠΡΟΣΩΠΙΚΟ (000001634),,,61392.12,anonymous sponsor (empty sponsorAFMName)
ΨΝΖΝ4690Β3-7Ε1,2025-12-31,ΕΝΤΑΛΜΑ ΠΛΗΡΩΜΗΣ ΕΠΙΚΟΥΡΙΚΟ ΝΟΣΗΛΕΥΤΙΚΟ-ΠΑΡΑΪΑΤΡΙΚΟ ΠΡΟΣΩΠΙΚΟ (000001634),,,1809.53,anonymous sponsor (empty sponsorAFMName)
ΨΒΡΓ4690Β3-4Δ6,2025-12-31,ΕΝΤΑΛΜΑ ΠΛΗΡΩΜΗΣ ΕΠΙΚΟΥΡΙΚΟ ΝΟΣΗΛΕΥΤΙΚΟ-ΠΑΡΑΪΑΤΡΙΚΟ ΠΡΟΣΩΠΙΚΟ (000001634),,,379.26,anonymous sponsor (empty sponsorAFMName)
ΨΦΑΝ4690Β3-ΔΚ2,2025-12-31,ΕΝΤΑΛΜΑ ΠΛΗΡΩΜΗΣ EΠΙΚΟΥΡΙΚΟΙ ΙΑΤΡΟΙ Ε.Σ.Υ. (000001629),,,6029.82,anonymous sponsor (empty sponsorAFMName)
ΨΒΨ84690Β3-ΞΨΘ,2025-12-31,ΕΝΤΑΛΜΑ ΠΛΗΡΩΜΗΣ ΕΠΟΧΙΚΟ ΠΡΟΣΩΠΙΚΟ ΚΑΘΑΡΙΟΤΗΤΑΣ (999111999),,,721.25,anonymous sponsor (empty sponsorAFMName)
6ΖΦΛ4690Β3-17Τ,2025-12-31,ΕΝΤΑΛΜΑ ΠΛΗΡΩΜΗΣ ΕΠΟΧΙΚΟ ΠΡΟΣΩΠΙΚΟ ΚΑΘΑΡΙΟΤΗΤΑΣ (999111999),,,32336.95,anonymous sponsor (empty sponsorAFMName)
9ΠΤΙ4690Β3-96Μ,2025-12-30,ΕΝΤΑΛΜΑ ΠΛΗΡΩΜΗΣ ΑΠΟΖΗΜΕΙΩΣΗ ΤΕΙ-ΑΣΚΟΥΜΕΝΩΝ Ο.Α.Ε.Δ. (001607),,,725.87,anonymous sponsor (empty sponsorAFMName)
Ψ27Γ4690Β3-6ΧΒ,2025-12-30,ΕΝΤΑΛΜΑ ΠΛΗΡΩΜΗΣ EΠΙΚΟΥΡΙΚΟΙ ΙΑΤΡΟΙ Ε.Σ.Υ. (000001629),,,58675.84,anonymous sponsor (empty sponsorAFMName)
ΨΞΩΠ4690Β3-71Υ,2025-12-30,ΕΝΤΑΛΜΑ ΠΛΗΡΩΜΗΣ ΕΠΙΚΟΥΡΙΚΟ ΝΟΣΗΛΕΥΤΙΚΟ-ΠΑΡΑΪΑΤΡΙΚΟ ΠΡΟΣΩΠΙΚΟ (000001634),,,1849.99,anonymous sponsor (empty sponsorAFMName)
Ψ1Χ44690Β3-ΣΜΥ,2025-12-30,ΕΝΤΑΛΜΑ ΠΛΗΡΩΜΗΣ ΕΡΓΟΔ.ΕΙΣΦ.ΙΚΑ ΑΣΚΟΥΜ.ΤΕΕ-ΙΕΚ.ΧΩΡ.ΑΜΟΙΒ.ΓΙΑ ΑΤΥΧΗΜ (001690),,,91.92,anonymous sponsor (empty sponsorAFMName)
9ΤΜΕ4690Β3-Υ4Ξ,2025-12-30,ΕΝΤΑΛΜΑ ΠΛΗΡΩΜΗΣ ΕΠΙΚΟΥΡΙΚΟ ΝΟΣΗΛΕΥΤΙΚΟ-ΠΑΡΑΪΑΤΡΙΚΟ ΠΡΟΣΩΠΙΚΟ (000001634),,,31801.48,anonymous sponsor (empty sponsorAFMName)
ΡΖΠΛ4690Β3-ΧΡ9,2025-12-30,ΕΝΤΑΛΜΑ ΠΛΗΡΩΜΗΣ EΠΙΚΟΥΡΙΚΟΙ ΙΑΤΡΟΙ Ε.Σ.Υ. (000001629),,,118.34,anonymous sponsor (empty sponsorAFMName)
6Ν5Π4690Β3-221,2025-12-30,ΕΝΤΑΛΜΑ ΠΛΗΡΩΜΗΣ EΠΙΚΟΥΡΙΚΟΙ ΙΑΤΡΟΙ Ε.Σ.Υ. (000001629),,,167.10,anonymous sponsor (empty sponsorAFMName)
6ΔΝΨ4690Β3-ΟΜΑ,2025-12-30,ΕΝΤΑΛΜΑ ΠΛΗΡΩΜΗΣ ΑΠΟΔΟΣΗ ΠΟΣΟΣΤΟΥ 1% ΠΡΟΣ  ΠΕΣΥ (001624),,,1333.07,anonymous sponsor (empty sponsorAFMName)
9ΘΩΧ4690Β3-Ω11,2025-12-29,ΕΝΤΑΛΜΑ ΠΛΗΡΩΜΗΣ ΤΕΛΗ ΚΥΚΛΟΦΟΡΙΑΣ (001698),,,1611.20,anonymous sponsor (empty sponsorAFMName)
Ψ8ΧΠ4690Β3-Τ1Ε,2025-12-29,ΕΝΤΑΛΜΑ ΠΛΗΡΩΜΗΣ ΚΡΑΤ.3391-54.09.14.0001 ΦΟΡΟΣ ΠΡΟΜΗΘΕΥΤΩΝ (001510),,,15.28,anonymous sponsor (empty sponsorAFMName)
9ΤΡΒ4690Β3-ΔΚΜ,2025-12-29,ΕΝΤΑΛΜΑ ΠΛΗΡΩΜΗΣ ΚΡΑΤ.3391-53.20.00.0001 ΕΛΛΗΝΙΚΟ ΔΗΜΟΣΙΟ (001506),,,273.81,anonymous sponsor (empty sponsorAFMName)
ΨΒΠΤ4690Β3-8ΘΖ,2025-12-29,ΕΝΤΑΛΜΑ ΠΛΗΡΩΜΗΣ ΚΡΑΤ.3391-53.20.00.0001 ΕΛΛΗΝΙΚΟ ΔΗΜΟΣΙΟ (001506),,,0.04,anonymous sponsor (empty sponsorAFMName)
ΨΟΤΙ4690Β3-ΜΜΒ,2025-12-29,ΕΝΤΑΛΜΑ ΠΛΗΡΩΜΗΣ ΚΡΑΤ.3391-53.20.00.0001 ΕΛΛΗΝΙΚΟ ΔΗΜΟΣΙΟ (001506),,,0.04,anonymous sponsor (empty sponsorAFMName)
ΨΓΠΛ4690Β3-ΕΩ0,2025-12-29,ΕΝΤΑΛΜΑ ΠΛΗΡΩΜΗΣ ΚΡΑΤ.3391-54.04.02.0001 Χ/ΜΑ και ΟΓΑ Χ/ΜΩΝ (),,,607.87,anonymous sponsor (empty sponsorAFMName)
9ΡΑΒ4690Β3-ΘΘΝ,2025-12-29,ΕΝΤΑΛΜΑ ΠΛΗΡΩΜΗΣ ΚΡΑΤ.3391-54.04.02.0001 Χ/ΜΑ και ΟΓΑ Χ/ΜΩΝ (),,,12.27,anonymous sponsor (empty sponsorAFMName)
ΨΒ2Π4690Β3-Η56,2025-12-29,ΕΝΤΑΛΜΑ ΠΛΗΡΩΜΗΣ ΚΡΑΤ.3391-54.04.00.0001 ΦΟΡΟΣ ΕΛΕΥΘΕΡ.ΕΠΑΓΓΕΛΜΑΤ (),,,7550.78,anonymous sponsor (empty sponsorAFMName)
Ψ6ΠΡ4690Β3-ΗΚΕ,2025-12-29,ΕΝΤΑΛΜΑ ΠΛΗΡΩΜΗΣ ΚΡΑΤ.3391-54.09.14.0001 ΦΟΡΟΣ ΠΡΟΜΗΘΕΥΤΩΝ (001510),,,12954.16,anonymous sponsor (empty sponsorAFMName)
ΨΒ3Λ4690Β3-ΕΥΣ,2025-12-29,ΕΝΤΑΛΜΑ ΠΛΗΡΩΜΗΣ ΚΡΑΤ.3391-53.20.00.0001 ΕΛΛΗΝΙΚΟ ΔΗΜΟΣΙΟ (001506),,,4094.70,anonymous sponsor (empty sponsorAFMName)
ΨΕ8Φ4690Β3-ΦΜΖ,2025-12-29,ΕΝΤΑΛΜΑ ΠΛΗΡΩΜΗΣ ΚΡΑΤ.3391-53.20.00.0001 ΕΛΛΗΝΙΚΟ ΔΗΜΟΣΙΟ (001506),,,2532.82,anonymous sponsor (empty sponsorAFMName)
68ΨΗ4690Β3-ΑΑ8,2025-12-29,ΕΝΤΑΛΜΑ ΠΛΗΡΩΜΗΣ ΚΡΑΤ.3391-53.20.00.0001 ΕΛΛΗΝΙΚΟ ΔΗΜΟΣΙΟ (001506),,,243.19,anonymous sponsor (empty sponsorAFMName)
9ΕΣ44690Β3-ΙΘ9,2025-12-29,ΕΝΤΑΛΜΑ ΠΛΗΡΩΜΗΣ ΚΡΑΤ.3391-53.20.00.0001 ΕΛΛΗΝΙΚΟ ΔΗΜΟΣΙΟ (001506),,,10.36,anonymous sponsor (empty sponsorAFMName)
9Ξ2Δ4690Β3-Θ06,2025-12-29,ΕΝΤΑΛΜΑ ΠΛΗΡΩΜΗΣ ΚΡΑΤ.3391-53.20.00.0001 ΕΛΛΗΝΙΚΟ ΔΗΜΟΣΙΟ (001506),,,101.30,anonymous sponsor (empty sponsorAFMName)
60ΤΘ4690Β3-ΧΙ0,2025-12-29,ΕΝΤΑΛΜΑ ΠΛΗΡΩΜΗΣ ΚΡΑΤ.3391-54.03.00.0001 Φ.Μ.Υ. (001512),,,123.81,anonymous sponsor (empty sponsorAFMName)
62ΨΖ4690Β3-ΒΙ6,2025-12-29,ΕΝΤΑΛΜΑ ΠΛΗΡΩΜΗΣ ΚΡΑΤ.3391-54.03.00.0001 Φ.Μ.Υ. (001512),,,98.51,anonymous sponsor (empty sponsorAFMName)
6ΑΠΟ4690Β3-338,2025-12-29,ΕΝΤΑΛΜΑ ΠΛΗΡΩΜΗΣ ΚΡΑΤ.3391-54.03.00.0001 Φ.Μ.Υ. (001512),,,35.48,anonymous sponsor (empty sponsorAFMName)
9Ο9Δ4690Β3-1ΡΔ,2025-12-24,ΕΝΤΑΛΜΑ ΠΛΗΡΩΜΗΣ ΕΙΣΦΟΡΕΣ ΑΠΑΣΧ/ΝΩΝ ΟΑΕΔ ΜΕΣΩ ΠΡΟΓ. ΚΟΙΝΩΦ. ΧΑΡΑΚΤΗΡΑ (),,,3091.25,anonymous sponsor (empty sponsorAFMName)
ΨΠΑΒ4690Β3-ΨΛΣ,2025-12-24,ΕΝΤΑΛΜΑ ΠΛΗΡΩΜΗΣ ΕΙΣΦΟΡΕΣ ΑΠΑΣΧ/ΝΩΝ ΟΑΕΔ ΜΕΣΩ ΠΡΟΓ. ΚΟΙΝΩΦ. ΧΑΡΑΚΤΗΡΑ (),,,1580.73,anonymous sponsor (empty sponsorAFMName)
Ψ7ΜΡ4690Β3-ΩΧΒ,2025-12-24,ΕΝΤΑΛΜΑ ΠΛΗΡΩΜΗΣ ΕΙΣΦΟΡΕΣ ΑΠΑΣΧ/ΝΩΝ ΟΑΕΔ ΜΕΣΩ ΠΡΟΓ. ΚΟΙΝΩΦ. ΧΑΡΑΚΤΗΡΑ (),,,1195.30,anonymous sponsor (empty sponsorAFMName)
913Π4690Β3-ΧΓΔ,2025-12-23,ΕΝΤΑΛΜΑ ΠΛΗΡΩΜΗΣ ΔΙΚΑΙΟΥΧΟΙ ΑΜΟΙΒΩΝ (001600),,,2499.00,anonymous sponsor (empty sponsorAFMName)
Ψ0ΒΜ4690Β3-ΞΓ5,2025-12-23,ΕΝΤΑΛΜΑ ΠΛΗΡΩΜΗΣ ΔΙΚΑΙΟΥΧΟΙ ΑΜΟΙΒΩΝ (001600),,,26666.66,anonymous sponsor (empty sponsorAFMName)
ΨΔ7Α4690Β3-37Υ,2025-12-23,ΕΝΤΑΛΜΑ ΠΛΗΡΩΜΗΣ ΑΜΟΙΒΕΣ ΝΟΣΗΛΕΥΤΙΚΟΥ   ΛΟΙΠΟΥ ΠΡΟΣΩΠΙΚΟΥ ΣΥΜΜΕΤΟΧΗΣ ΣΕ ΑΠΟΓ .ΧΕΙΡΓ. (),,,75.00,anonymous sponsor (empty sponsorAFMName)
93ΠΙ4690Β3-ΤΟΝ,2025-12-23,ΕΝΤΑΛΜΑ ΠΛΗΡΩΜΗΣ ΑΜΟΙΒΕΣ ΝΟΣΗΛΕΥΤΙΚΟΥ ΚΑΙ ΛΟΙΠΟΥ ΠΑΡΑΪΑΤΡΙΚΟΥ ΠΡΟΣΩΠΙΚΟΥ ΛΕΙΤΟΥΡΓΙΑΣ ΑΠΟΓΕΥΜΑΤΙΝΩΝ ΙΑΤΡΕΙΩΝ (016630000),,,322.50,anonymous sponsor (empty sponsorAFMName)
ΨΠΧΙ4690Β3-0ΝΜ,2025-12-23,ΕΝΤΑΛΜΑ ΠΛΗΡΩΜΗΣ ΑΜΟΙΒΕΣ ΝΟΣΗΛΕΥΤΙΚΟΥ   ΛΟΙΠΟΥ ΠΡΟΣΩΠΙΚΟΥ ΣΥΜΜΕΤΟΧΗΣ ΣΕ ΑΠΟΓ .ΧΕΙΡΓ. (),,,397.50,anonymous sponsor (empty sponsorAFMName)
Ψ3Β64690Β3-Α43,2025-12-23,ΕΝΤΑΛΜΑ ΠΛΗΡΩΜΗΣ ΑΜΟΙΒΕΣ ΝΟΣΗΛΕΥΤΙΚΟΥ   ΛΟΙΠΟΥ ΠΡΟΣΩΠΙΚΟΥ ΣΥΜΜΕΤΟΧΗΣ ΣΕ ΑΠΟΓ .ΧΕΙΡΓ. (),,,795.00,anonymous sponsor (empty sponsorAFMName)
Ψ01Ο4690Β3-774,2025-12-23,ΕΝΤΑΛΜΑ ΠΛΗΡΩΜΗΣ ΑΠΟΖΗΜΙΩΣΗ ΕΦΗΜΕΡΙΩΝ (002535),,,94.95,anonymous sponsor (empty sponsorAFMName)
623Ψ4690Β3-ΝΦΘ,2025-12-23,ΕΝΤΑΛΜΑ ΠΛΗΡΩΜΗΣ ΑΠΟΖΗΜΙΩΣΗ ΕΦΗΜΕΡΙΩΝ (002535),,,560.88,anonymous sponsor (empty sponsorAFMName)
ΨΖΜΖ4690Β3-6ΛΞ,2025-12-23,ΕΝΤΑΛΜΑ ΠΛΗΡΩΜΗΣ ΑΠΟΖΗΜΙΩΣΗ ΕΦΗΜΕΡΙΩΝ (002535),,,129.74,anonymous sponsor (empty sponsorAFMName)
9Λ1Κ4690Β3-Η37,2025-12-23,ΕΝΤΑΛΜΑ ΠΛΗΡΩΜΗΣ ΑΠΟΖΗΜΙΩΣΗ ΕΦΗΜΕΡΙΩΝ (002535),,,2531.24,anonymous sponsor (empty sponsorAFMName)
Ψ3ΧΡ4690Β3-Π0Ρ,2025-12-23,ΕΝΤΑΛΜΑ ΠΛΗΡΩΜΗΣ ΑΠΟΖΗΜΙΩΣΗ ΕΦΗΜΕΡΙΩΝ (002535),,,803.17,anonymous sponsor (empty sponsorAFMName)
ΨΕΘ74690Β3-ΞΑ2,2025-12-23,ΕΝΤΑΛΜΑ ΠΛΗΡΩΜΗΣ ΑΠΟΖΗΜΙΩΣΗ ΕΦΗΜΕΡΙΩΝ (002535),,,7.50,anonymous sponsor (empty sponsorAFMName)
9ΕΝΔ4690Β3-ΜΝΜ,2025-12-23,ΕΝΤΑΛΜΑ ΠΛΗΡΩΜΗΣ ΑΠΟΖΗΜΙΩΣΗ ΕΦΗΜΕΡΙΩΝ (002535),,,1939.58,anonymous sponsor (empty sponsorAFMName)
9Ψ324690Β3-ΖΚΑ,2025-12-23,ΕΝΤΑΛΜΑ ΠΛΗΡΩΜΗΣ ΑΠΟΖΗΜΙΩΣΗ ΕΦΗΜΕΡΙΩΝ (002535),,,10497.52,anonymous sponsor (empty sponsorAFMName)
ΨΛΔΞ4690Β3-Κ4Δ,2025-12-22,ΕΝΤΑΛΜΑ ΠΛΗΡΩΜΗΣ ΑΠΟΖΗΜΙΩΣΗ ΕΦΗΜΕΡΙΩΝ (002535),,,629.80,anonymous sponsor (empty sponsorAFMName)
96Φ54690Β3-ΜΒ5,2025-12-22,ΕΝΤΑΛΜΑ ΠΛΗΡΩΜΗΣ ΑΠΟΖΗΜΙΩΣΗ ΕΦΗΜΕΡΙΩΝ (002535),,,259.48,anonymous sponsor (empty sponsorAFMName)
Ρ9ΟΓ4690Β3-ΗΣΑ,2025-12-22,ΕΝΤΑΛΜΑ ΠΛΗΡΩΜΗΣ ΑΠΟΖΗΜΙΩΣΗ ΕΦΗΜΕΡΙΩΝ (002535),,,3283.90,anonymous sponsor (empty sponsorAFMName)
6ΗΡΜ4690Β3-ΓΣΠ,2025-12-22,ΕΝΤΑΛΜΑ ΠΛΗΡΩΜΗΣ ΑΠΟΖΗΜΙΩΣΗ ΕΦΗΜΕΡΙΩΝ (002535),,,513.41,anonymous sponsor (empty sponsorAFMName)
6ΜΕΩ4690Β3-7ΟΗ,2025-12-22,ΕΝΤΑΛΜΑ ΠΛΗΡΩΜΗΣ ΑΠΟΖΗΜΙΩΣΗ ΕΦΗΜΕΡΙΩΝ (002535),,,1167.66,anonymous sponsor (empty sponsorAFMName)
9ΥΕ24690Β3-Χ2Γ,2025-12-22,ΕΝΤΑΛΜΑ ΠΛΗΡΩΜΗΣ ΑΠΟΖΗΜΙΩΣΗ ΕΦΗΜΕΡΙΩΝ (002535),,,9881.70,anonymous sponsor (empty sponsorAFMName)
Ψ6ΔΗ4690Β3-96Ω,2025-12-22,ΕΝΤΑΛΜΑ ΠΛΗΡΩΜΗΣ ΑΠΟΖΗΜΙΩΣΗ ΕΦΗΜΕΡΙΩΝ (002535),,,10.44,anonymous sponsor (empty sponsorAFMName)
ΡΒΧΨ4690Β3-1ΥΓ,2025-12-22,ΕΝΤΑΛΜΑ ΠΛΗΡΩΜΗΣ ΑΠΟΖΗΜΙΩΣΗ ΕΦΗΜΕΡΙΩΝ (002535),,,741.24,anonymous sponsor (empty sponsorAFMName)
ΡΩ3Ρ4690Β3-ΜΑΕ,2025-12-22,ΕΝΤΑΛΜΑ ΠΛΗΡΩΜΗΣ ΑΠΟΖΗΜΙΩΣΗ ΕΦΗΜΕΡΙΩΝ (002535),,,325.14,anonymous sponsor (empty sponsorAFMName)
6ΗΜΓ4690Β3-ΝΙ5,2025-12-22,ΕΝΤΑΛΜΑ ΠΛΗΡΩΜΗΣ ΑΠΟΖΗΜΙΩΣΗ ΕΦΗΜΕΡΙΩΝ (002535),,,3194.94,anonymous sponsor (empty sponsorAFMName)
9Ε714690Β3-0ΡΘ,2025-12-22,ΕΝΤΑΛΜΑ ΠΛΗΡΩΜΗΣ ΑΠΟΖΗΜΙΩΣΗ ΕΦΗΜΕΡΙΩΝ (002535),,,1051.10,anonymous sponsor (empty sponsorAFMName)
9Ρ254690Β3-ΘΤΩ,2025-12-22,ΕΝΤΑΛΜΑ ΠΛΗΡΩΜΗΣ ΑΠΟΖΗΜΙΩΣΗ ΕΦΗΜΕΡΙΩΝ (002535),,,1106.08,anonymous sponsor (empty sponsorAFMName)
91ΒΗ4690Β3-ΑΨΗ,2025-12-22,ΕΝΤΑΛΜΑ ΠΛΗΡΩΜΗΣ ΑΠΟΖΗΜΙΩΣΗ ΕΦΗΜΕΡΙΩΝ (002535),,,10287.90,anonymous sponsor (empty sponsorAFMName)
ΡΨΨΕ4690Β3-ΩΥΑ,2025-12-22,ΕΝΤΑΛΜΑ ΠΛΗΡΩΜΗΣ ΑΠΟΖΗΜΙΩΣΗ ΕΦΗΜΕΡΙΩΝ (002535),,,159.07,anonymous sponsor (empty sponsorAFMName)
68Ψ64690Β3-ΓΗΣ,2025-12-22,ΕΝΤΑΛΜΑ ΠΛΗΡΩΜΗΣ ΑΠΟΖΗΜΙΩΣΗ ΕΦΗΜΕΡΙΩΝ (002535),,,795.21,anonymous sponsor (empty sponsorAFMName)
94ΝΤ4690Β3-ΥΟΝ,2025-12-22,ΕΝΤΑΛΜΑ ΠΛΗΡΩΜΗΣ ΑΠΟΖΗΜΙΩΣΗ ΕΦΗΜΕΡΙΩΝ (002535),,,58.16,anonymous sponsor (empty sponsorAFMName)
ΡΔΕΩ4690Β3-50Τ,2025-12-22,ΕΝΤΑΛΜΑ ΠΛΗΡΩΜΗΣ ΑΠΟΖΗΜΙΩΣΗ ΕΦΗΜΕΡΙΩΝ (002535),,,3417.46,anonymous sponsor (empty sponsorAFMName)
62Ψ74690Β3-3ΝΧ,2025-12-22,ΕΝΤΑΛΜΑ ΠΛΗΡΩΜΗΣ ΑΠΟΖΗΜΙΩΣΗ ΕΦΗΜΕΡΙΩΝ (002535),,,734.57,anonymous sponsor (empty sponsorAFMName)
9Π4Λ4690Β3-02Φ,2025-12-22,ΕΝΤΑΛΜΑ ΠΛΗΡΩΜΗΣ ΑΠΟΖΗΜΙΩΣΗ ΕΦΗΜΕΡΙΩΝ (002535),,,982.74,anonymous sponsor (empty sponsorAFMName)
986Ο4690Β3-ΡΩΩ,2025-12-22,ΕΝΤΑΛΜΑ ΠΛΗΡΩΜΗΣ ΑΠΟΖΗΜΙΩΣΗ ΕΦΗΜΕΡΙΩΝ (002535),,,13638.04,anonymous sponsor (empty sponsorAFMName)
ΡΠ5Ξ4690Β3-1ΨΦ,2025-12-22,ΕΝΤΑΛΜΑ ΠΛΗΡΩΜΗΣ ΑΠΟΖΗΜΙΩΣΗ ΓΙΑ ΝΥΧΤΕΡΙΝΑ-ΕΞΑΙΡΕΣΙΜΑ-ΥΠΕΡΩΡ.ΑΠΑΣΧΟΛΗΣΗ (001628),,,995.88,anonymous sponsor (empty sponsorAFMName)
6Θ7Δ4690Β3-0ΨΖ,2025-12-22,ΕΝΤΑΛΜΑ ΠΛΗΡΩΜΗΣ ΑΠΟΖΗΜΙΩΣΗ ΓΙΑ ΝΥΧΤΕΡΙΝΑ-ΕΞΑΙΡΕΣΙΜΑ-ΥΠΕΡΩΡ.ΑΠΑΣΧΟΛΗΣΗ (001628),,,4215.24,anonymous sponsor (empty sponsorAFMName)
ΨΧΡ84690Β3-0Β8,2025-12-22,ΕΝΤΑΛΜΑ ΠΛΗΡΩΜΗΣ ΑΠΟΖΗΜΙΩΣΗ ΓΙΑ ΝΥΧΤΕΡΙΝΑ-ΕΞΑΙΡΕΣΙΜΑ-ΥΠΕΡΩΡ.ΑΠΑΣΧΟΛΗΣΗ (001628),,,2552.00,anonymous sponsor (empty sponsorAFMName)
ΡΟΥΨ4690Β3-ΦΘΛ,2025-12-22,ΕΝΤΑΛΜΑ ΠΛΗΡΩΜΗΣ ΑΠΟΖΗΜΙΩΣΗ ΓΙΑ ΝΥΧΤΕΡΙΝΑ-ΕΞΑΙΡΕΣΙΜΑ-ΥΠΕΡΩΡ.ΑΠΑΣΧΟΛΗΣΗ (001628),,,757.23,anonymous sponsor (empty sponsorAFMName)
925Κ4690Β3-Ε9Ψ,2025-12-22,ΕΝΤΑΛΜΑ ΠΛΗΡΩΜΗΣ ΑΠΟΖΗΜΙΩΣΗ ΓΙΑ ΝΥΧΤΕΡΙΝΑ-ΕΞΑΙΡΕΣΙΜΑ-ΥΠΕΡΩΡ.ΑΠΑΣΧΟΛΗΣΗ (001628),,,4408.75,anonymous sponsor (empty sponsorAFMName)
ΨΛ5Ω4690Β3-44Ψ,2025-12-22,ΕΝΤΑΛΜΑ ΠΛΗΡΩΜΗΣ ΑΠΟΖΗΜΙΩΣΗ ΓΙΑ ΝΥΧΤΕΡΙΝΑ-ΕΞΑΙΡΕΣΙΜΑ-ΥΠΕΡΩΡ.ΑΠΑΣΧΟΛΗΣΗ (001628),,,479.70,anonymous sponsor (empty sponsorAFMName)
6Μ7Ο4690Β3-Μ0Θ,2025-12-22,ΕΝΤΑΛΜΑ ΠΛΗΡΩΜΗΣ ΑΠΟΖΗΜΙΩΣΗ ΓΙΑ ΝΥΧΤΕΡΙΝΑ-ΕΞΑΙΡΕΣΙΜΑ-ΥΠΕΡΩΡ.ΑΠΑΣΧΟΛΗΣΗ (001628),,,358.97,anonymous sponsor (empty sponsorAFMName)
ΨΛΛΤ4690Β3-ΟΔΙ,2025-12-22,ΕΝΤΑΛΜΑ ΠΛΗΡΩΜΗΣ ΑΠΟΖΗΜΙΩΣΗ ΓΙΑ ΝΥΧΤΕΡΙΝΑ-ΕΞΑΙΡΕΣΙΜΑ-ΥΠΕΡΩΡ.ΑΠΑΣΧΟΛΗΣΗ (001628),,,6921.13,anonymous sponsor (empty sponsorAFMName)
9ΙΩΩ4690Β3-6ΥΕ,2025-12-22,ΕΝΤΑΛΜΑ ΠΛΗΡΩΜΗΣ ΑΠΟΖΗΜΙΩΣΗ ΓΙΑ ΝΥΧΤΕΡΙΝΑ-ΕΞΑΙΡΕΣΙΜΑ-ΥΠΕΡΩΡ.ΑΠΑΣΧΟΛΗΣΗ (001628),,,3091.94,anonymous sponsor (empty sponsorAFMName)
9ΒΘΥ4690Β3-Ω9Η,2025-12-22,ΕΝΤΑΛΜΑ ΠΛΗΡΩΜΗΣ ΑΠΟΖΗΜΙΩΣΗ ΓΙΑ ΝΥΧΤΕΡΙΝΑ-ΕΞΑΙΡΕΣΙΜΑ-ΥΠΕΡΩΡ.ΑΠΑΣΧΟΛΗΣΗ (001628),,,1065.41,anonymous sponsor (empty sponsorAFMName)
6Τ6Χ4690Β3-Φ4Β,2025-12-22,ΕΝΤΑΛΜΑ ΠΛΗΡΩΜΗΣ ΑΠΟΖΗΜΙΩΣΗ ΓΙΑ ΝΥΧΤΕΡΙΝΑ-ΕΞΑΙΡΕΣΙΜΑ-ΥΠΕΡΩΡ.ΑΠΑΣΧΟΛΗΣΗ (001628),,,1114.04,anonymous sponsor (empty sponsorAFMName)
6ΖΨΑ4690Β3-ΚΘΠ,2025-12-22,ΕΝΤΑΛΜΑ ΠΛΗΡΩΜΗΣ ΑΠΟΖΗΜΙΩΣΗ ΓΙΑ ΝΥΧΤΕΡΙΝΑ-ΕΞΑΙΡΕΣΙΜΑ-ΥΠΕΡΩΡ.ΑΠΑΣΧΟΛΗΣΗ (001628),,,247.98,anonymous sponsor (empty sponsorAFMName)
9Φ154690Β3-ΓΣ1,2025-12-22,ΕΝΤΑΛΜΑ ΠΛΗΡΩΜΗΣ ΑΠΟΖΗΜΙΩΣΗ ΓΙΑ ΝΥΧΤΕΡΙΝΑ-ΕΞΑΙΡΕΣΙΜΑ-ΥΠΕΡΩΡ.ΑΠΑΣΧΟΛΗΣΗ (001628),,,7452.72,anonymous sponsor (empty sponsorAFMName)
ΨΘ5Ε4690Β3-Λ7Ο,2025-12-22,ΕΝΤΑΛΜΑ ΠΛΗΡΩΜΗΣ ΑΠΟΖΗΜΙΩΣΗ ΓΙΑ ΝΥΧΤΕΡΙΝΑ-ΕΞΑΙΡΕΣΙΜΑ-ΥΠΕΡΩΡ.ΑΠΑΣΧΟΛΗΣΗ (001628),,,1089.72,anonymous sponsor (empty sponsorAFMName)
6Σ5Ψ4690Β3-3ΞΦ,2025-12-22,ΕΝΤΑΛΜΑ ΠΛΗΡΩΜΗΣ ΑΠΟΖΗΜΙΩΣΗ ΓΙΑ ΝΥΧΤΕΡΙΝΑ-ΕΞΑΙΡΕΣΙΜΑ-ΥΠΕΡΩΡ.ΑΠΑΣΧΟΛΗΣΗ (001628),,,8044.13,anonymous sponsor (empty sponsorAFMName)
941Ν4690Β3-ΝΤΗ,2025-12-22,ΕΝΤΑΛΜΑ ΠΛΗΡΩΜΗΣ ΑΠΟΖΗΜΙΩΣΗ ΓΙΑ ΝΥΧΤΕΡΙΝΑ-ΕΞΑΙΡΕΣΙΜΑ-ΥΠΕΡΩΡ.ΑΠΑΣΧΟΛΗΣΗ (001628),,,10201.85,anonymous sponsor (empty sponsorAFMName)
9Η194690Β3-44Ω,2025-12-22,ΕΝΤΑΛΜΑ ΠΛΗΡΩΜΗΣ ΑΠΟΖΗΜΙΩΣΗ ΓΙΑ ΝΥΧΤΕΡΙΝΑ-ΕΞΑΙΡΕΣΙΜΑ-ΥΠΕΡΩΡ.ΑΠΑΣΧΟΛΗΣΗ (001628),,,1066.23,anonymous sponsor (empty sponsorAFMName)
6ΗΠΟ4690Β3-ΚΞ2,2025-12-22,ΕΝΤΑΛΜΑ ΠΛΗΡΩΜΗΣ ΑΠΟΖΗΜΙΩΣΗ ΓΙΑ ΝΥΧΤΕΡΙΝΑ-ΕΞΑΙΡΕΣΙΜΑ-ΥΠΕΡΩΡ.ΑΠΑΣΧΟΛΗΣΗ (001628),,,195.02,anonymous sponsor (empty sponsorAFMName)
9ΜΧΩ4690Β3-ΕΧΖ,2025-12-22,ΕΝΤΑΛΜΑ ΠΛΗΡΩΜΗΣ ΑΠΟΖΗΜΙΩΣΗ ΓΙΑ ΝΥΧΤΕΡΙΝΑ-ΕΞΑΙΡΕΣΙΜΑ-ΥΠΕΡΩΡ.ΑΠΑΣΧΟΛΗΣΗ (001628),,,1978.50,anonymous sponsor (empty sponsorAFMName)
Ψ5ΨΜ4690Β3-ΔΓΠ,2025-12-22,ΕΝΤΑΛΜΑ ΠΛΗΡΩΜΗΣ ΑΠΟΖΗΜΙΩΣΗ ΓΙΑ ΝΥΧΤΕΡΙΝΑ-ΕΞΑΙΡΕΣΙΜΑ-ΥΠΕΡΩΡ.ΑΠΑΣΧΟΛΗΣΗ (001628),,,2756.82,anonymous sponsor (empty sponsorAFMName)
9ΤΣ64690Β3-9ΜΧ,2025-12-22,ΕΝΤΑΛΜΑ ΠΛΗΡΩΜΗΣ ΑΠΟΖΗΜΙΩΣΗ ΓΙΑ ΝΥΧΤΕΡΙΝΑ-ΕΞΑΙΡΕΣΙΜΑ-ΥΠΕΡΩΡ.ΑΠΑΣΧΟΛΗΣΗ (001628),,,2310.53,anonymous sponsor (empty sponsorAFMName)
9Ο3Ψ4690Β3-ΣΞΨ,2025-12-22,ΕΝΤΑΛΜΑ ΠΛΗΡΩΜΗΣ ΑΠΟΖΗΜΙΩΣΗ ΓΙΑ ΝΥΧΤΕΡΙΝΑ-ΕΞΑΙΡΕΣΙΜΑ-ΥΠΕΡΩΡ.ΑΠΑΣΧΟΛΗΣΗ (001628),,,432.30,anonymous sponsor (empty sponsorAFMName)
9Υ244690Β3-2ΥΙ,2025-12-22,ΕΝΤΑΛΜΑ ΠΛΗΡΩΜΗΣ ΑΠΟΖΗΜΙΩΣΗ ΓΙΑ ΝΥΧΤΕΡΙΝΑ-ΕΞΑΙΡΕΣΙΜΑ-ΥΠΕΡΩΡ.ΑΠΑΣΧΟΛΗΣΗ (001628),,,391.19,anonymous sponsor (empty sponsorAFMName)
6ΑΛΨ4690Β3-ΞΡ4,2025-12-22,ΕΝΤΑΛΜΑ ΠΛΗΡΩΜΗΣ ΑΠΟΖΗΜΙΩΣΗ ΓΙΑ ΝΥΧΤΕΡΙΝΑ-ΕΞΑΙΡΕΣΙΜΑ-ΥΠΕΡΩΡ.ΑΠΑΣΧΟΛΗΣΗ (001628),,,334.89,anonymous sponsor (empty sponsorAFMName)
9ΖΠΣ4690Β3-ΨΟΔ,2025-12-22,ΕΝΤΑΛΜΑ ΠΛΗΡΩΜΗΣ ΑΠΟΖΗΜΙΩΣΗ ΓΙΑ ΝΥΧΤΕΡΙΝΑ-ΕΞΑΙΡΕΣΙΜΑ-ΥΠΕΡΩΡ.ΑΠΑΣΧΟΛΗΣΗ (001628),,,550.33,anonymous sponsor (empty sponsorAFMName)
ΨΤΝΥ4690Β3-ΝΞΒ,2025-12-22,ΕΝΤΑΛΜΑ ΠΛΗΡΩΜΗΣ ΑΠΟΖΗΜΙΩΣΗ ΓΙΑ ΝΥΧΤΕΡΙΝΑ-ΕΞΑΙΡΕΣΙΜΑ-ΥΠΕΡΩΡ.ΑΠΑΣΧΟΛΗΣΗ (001628),,,7293.77,anonymous sponsor (empty sponsorAFMName)
96Η54690Β3-ΝΨ2,2025-12-22,ΕΝΤΑΛΜΑ ΠΛΗΡΩΜΗΣ ΑΠΟΖΗΜΙΩΣΗ ΓΙΑ ΝΥΧΤΕΡΙΝΑ-ΕΞΑΙΡΕΣΙΜΑ-ΥΠΕΡΩΡ.ΑΠΑΣΧΟΛΗΣΗ (001628),,,3721.10,anonymous sponsor (empty sponsorAFMName)
60454690Β3-ΤΙΘ,2025-12-22,ΕΝΤΑΛΜΑ ΠΛΗΡΩΜΗΣ ΑΠΟΖΗΜΙΩΣΗ ΓΙΑ ΝΥΧΤΕΡΙΝΑ-ΕΞΑΙΡΕΣΙΜΑ-ΥΠΕΡΩΡ.ΑΠΑΣΧΟΛΗΣΗ (001628),,,1179.79,anonymous sponsor (empty sponsorAFMName)
ΨΦ6Θ4690Β3-ΗΥΖ,2025-12-22,ΕΝΤΑΛΜΑ ΠΛΗΡΩΜΗΣ ΑΠΟΖΗΜΙΩΣΗ ΓΙΑ ΝΥΧΤΕΡΙΝΑ-ΕΞΑΙΡΕΣΙΜΑ-ΥΠΕΡΩΡ.ΑΠΑΣΧΟΛΗΣΗ (001628),,,124.62,anonymous sponsor (empty sponsorAFMName)
9ΚΖΘ4690Β3-Υ9Β,2025-12-19,ΕΝΤΑΛΜΑ ΠΛΗΡΩΜΗΣ ΑΠΟΖΗΜΙΩΣΗ ΔΙΚΑΣΤΙΚΗΣ ΑΠΟΦΑΣΗΣ (001613),,,142852.71,anonymous sponsor (empty sponsorAFMName)
62Θ54690Β3-ΝΕΜ,2025-12-18,ΕΝΤΑΛΜΑ ΠΛΗΡΩΜΗΣ ΑΠΟΖΗΜΙΩΣΗ ΕΦΗΜΕΡΙΩΝ (002535),,,23298.73,anonymous sponsor (empty sponsorAFMName)
6ΘΣ44690Β3-ΜΡΣ,2025-12-18,ΕΝΤΑΛΜΑ ΠΛΗΡΩΜΗΣ ΑΠΟΖΗΜΙΩΣΗ ΕΦΗΜΕΡΙΩΝ (002535),,,1048.38,anonymous sponsor (empty sponsorAFMName)
ΨΗ6Λ4690Β3-ΚΩΧ,2025-12-18,ΕΝΤΑΛΜΑ ΠΛΗΡΩΜΗΣ ΑΠΟΖΗΜΙΩΣΗ ΕΦΗΜΕΡΙΩΝ (002535),,,1491.04,anonymous sponsor (empty sponsorAFMName)
94ΛΑ4690Β3-9ΘΤ,2025-12-18,ΕΝΤΑΛΜΑ ΠΛΗΡΩΜΗΣ ΑΠΟΖΗΜΙΩΣΗ ΕΦΗΜΕΡΙΩΝ (002535),,,19581.30,anonymous sponsor (empty sponsorAFMName)
ΨΚΠ54690Β3-ΤΘΚ,2025-12-18,ΕΝΤΑΛΜΑ ΠΛΗΡΩΜΗΣ ΑΠΟΖΗΜΙΩΣΗ ΕΦΗΜΕΡΙΩΝ (002535),,,80063.94,anonymous sponsor (empty sponsorAFMName)
ΡΚ764690Β3-ΑΔΗ,2025-12-18,ΕΝΤΑΛΜΑ ΠΛΗΡΩΜΗΣ WATERA HELLAS  A.B.E.E. ΠΡΩΗΝ ΚΑΛΛΙΓΚΑΝ (094057329),,,4809.96,anonymous sponsor (empty sponsorAFMName)
9ΞΦΖ4690Β3-Τ4Σ,2025-12-18,ΕΝΤΑΛΜΑ ΠΛΗΡΩΜΗΣ ΛΙΝΤΕ ΕΛΛΑΣ ΕΠΕ (095167018),,,1178.00,anonymous sponsor (empty sponsorAFMName)
ΨΜΟΦ4690Β3-52Δ,2025-12-10,ΕΝΤΑΛΜΑ ΠΛΗΡΩΜΗΣ ΚΕΡΚΥΡΑΪΚΗ ΕΤΑΙΡΕΙΑ ΚΡΕΑΤΩΝ ΑΕ (099346780),,,10453.72,anonymous sponsor (empty sponsorAFMName)
ΡΡ7Σ4690Β3-Κ10,2025-12-08,ΕΝΤΑΛΜΑ ΠΛΗΡΩΜΗΣ ΑΠΟΖΗΜΙΩΣΗ ΕΦΗΜΕΡΙΩΝ (002535),,,750.00,anonymous sponsor (empty sponsorAFMName)
ΨΨ854690Β3-7ΕΧ,2025-12-08,ΕΝΤΑΛΜΑ ΠΛΗΡΩΜΗΣ ΑΠΟΖΗΜΙΩΣΗ ΕΦΗΜΕΡΙΩΝ (002535),,,4750.00,anonymous sponsor (empty sponsorAFMName)
ΨΨ7Δ4690Β3-ΟΧΓ,2025-12-08,ΕΝΤΑΛΜΑ ΠΛΗΡΩΜΗΣ ΑΠΟΖΗΜΙΩΣΗ ΕΦΗΜΕΡΙΩΝ (002535),,,1250.00,anonymous sponsor (empty sponsorAFMName)
ΡΦ7Φ4690Β3-Ω2Ρ,2025-12-08,ΕΝΤΑΛΜΑ ΠΛΗΡΩΜΗΣ ΑΠΟΖΗΜΙΩΣΗ ΕΦΗΜΕΡΙΩΝ (002535),,,2500.00,anonymous sponsor (empty sponsorAFMName)
ΡΛΙΔ4690Β3-ΗΔΥ,2025-12-08,ΕΝΤΑΛΜΑ ΠΛΗΡΩΜΗΣ ΑΠΟΖΗΜΙΩΣΗ ΕΦΗΜΕΡΙΩΝ (002535),,,1250.00,anonymous sponsor (empty sponsorAFMName)
6ΜΓΨ4690Β3-8Μ6,2025-12-08,ΕΝΤΑΛΜΑ ΠΛΗΡΩΜΗΣ ΑΠΟΖΗΜΙΩΣΗ ΕΦΗΜΕΡΙΩΝ (002535),,,3250.00,anonymous sponsor (empty sponsorAFMName)
ΨΒ8Ξ4690Β3-Α4Χ,2025-12-08,ΕΝΤΑΛΜΑ ΠΛΗΡΩΜΗΣ ΚΩΝΣΤΑΝΤΙΝΟΣ ΑΝΑΣΤΟΠΟΥΛΟΣ-ΑΙΚΑΤΕΡΙΝΗ ΝΑΤΣΗ Ο.Ε. (800544921),,,4631.40,anonymous sponsor (empty sponsorAFMName)
9ΧΚ04690Β3-ΝΧΦ,2025-12-08,ΕΝΤΑΛΜΑ ΠΛΗΡΩΜΗΣ ΑΠΟΖΗΜΙΩΣΗ ΓΙΑ ΝΥΧΤΕΡΙΝΑ-ΕΞΑΙΡΕΣΙΜΑ-ΥΠΕΡΩΡ.ΑΠΑΣΧΟΛΗΣΗ (001628),,,507.69,anonymous sponsor (empty sponsorAFMName)
9Ι8Μ4690Β3-7ΗΞ,2025-12-08,ΕΝΤΑΛΜΑ ΠΛΗΡΩΜΗΣ ΑΠΟΖΗΜΙΩΣΗ ΓΙΑ ΝΥΧΤΕΡΙΝΑ-ΕΞΑΙΡΕΣΙΜΑ-ΥΠΕΡΩΡ.ΑΠΑΣΧΟΛΗΣΗ (001628),,,276.31,anonymous sponsor (empty sponsorAFMName)
Ρ00Μ4690Β3-ΑΨ2,2025-12-08,ΕΝΤΑΛΜΑ ΠΛΗΡΩΜΗΣ ΑΠΟΖΗΜΙΩΣΗ ΓΙΑ ΝΥΧΤΕΡΙΝΑ-ΕΞΑΙΡΕΣΙΜΑ-ΥΠΕΡΩΡ.ΑΠΑΣΧΟΛΗΣΗ (001628),,,2494.79,anonymous sponsor (empty sponsorAFMName)
9ΙΚΟ4690Β3-3ΚΔ,2025-12-08,ΕΝΤΑΛΜΑ ΠΛΗΡΩΜΗΣ ΑΠΟΖΗΜΙΩΣΗ ΓΙΑ ΝΥΧΤΕΡΙΝΑ-ΕΞΑΙΡΕΣΙΜΑ-ΥΠΕΡΩΡ.ΑΠΑΣΧΟΛΗΣΗ (001628),,,1783.10,anonymous sponsor (empty sponsorAFMName)
9Κ6Β4690Β3-ΙΤΟ,2025-12-08,ΕΝΤΑΛΜΑ ΠΛΗΡΩΜΗΣ ΑΠΟΖΗΜΙΩΣΗ ΓΙΑ ΝΥΧΤΕΡΙΝΑ-ΕΞΑΙΡΕΣΙΜΑ-ΥΠΕΡΩΡ.ΑΠΑΣΧΟΛΗΣΗ (001628),,,458.76,anonymous sponsor (empty sponsorAFMName)
6ΦΣ14690Β3-62Υ,2025-12-08,ΕΝΤΑΛΜΑ ΠΛΗΡΩΜΗΣ ΑΠΟΖΗΜΙΩΣΗ ΓΙΑ ΝΥΧΤΕΡΙΝΑ-ΕΞΑΙΡΕΣΙΜΑ-ΥΠΕΡΩΡ.ΑΠΑΣΧΟΛΗΣΗ (001628),,,414.68,anonymous sponsor (empty sponsorAFMName)
ΨΛΣΩ4690Β3-Η7Ρ,2025-12-08,ΕΝΤΑΛΜΑ ΠΛΗΡΩΜΗΣ ΑΠΟΖΗΜΙΩΣΗ ΓΙΑ ΝΥΧΤΕΡΙΝΑ-ΕΞΑΙΡΕΣΙΜΑ-ΥΠΕΡΩΡ.ΑΠΑΣΧΟΛΗΣΗ (001628),,,314.40,anonymous sponsor (empty sponsorAFMName)
Ρ6Υ24690Β3-ΖΣΧ,2025-12-08,ΕΝΤΑΛΜΑ ΠΛΗΡΩΜΗΣ ΑΠΟΖΗΜΙΩΣΗ ΓΙΑ ΝΥΧΤΕΡΙΝΑ-ΕΞΑΙΡΕΣΙΜΑ-ΥΠΕΡΩΡ.ΑΠΑΣΧΟΛΗΣΗ (001628),,,549.70,anonymous sponsor (empty sponsorAFMName)
6Η254690Β3-65Θ,2025-12-08,ΕΝΤΑΛΜΑ ΠΛΗΡΩΜΗΣ ΑΠΟΖΗΜΙΩΣΗ ΓΙΑ ΝΥΧΤΕΡΙΝΑ-ΕΞΑΙΡΕΣΙΜΑ-ΥΠΕΡΩΡ.ΑΠΑΣΧΟΛΗΣΗ (001628),,,8265.72,anonymous sponsor (empty sponsorAFMName)
ΡΡ624690Β3-ΠΝΦ,2025-12-08,ΕΝΤΑΛΜΑ ΠΛΗΡΩΜΗΣ ΑΠΟΖΗΜΙΩΣΗ ΓΙΑ ΝΥΧΤΕΡΙΝΑ-ΕΞΑΙΡΕΣΙΜΑ-ΥΠΕΡΩΡ.ΑΠΑΣΧΟΛΗΣΗ (001628),,,4337.86,anonymous sponsor (empty sponsorAFMName)
9ΙΥ24690Β3-ΧΘΣ,2025-12-08,ΕΝΤΑΛΜΑ ΠΛΗΡΩΜΗΣ ΑΠΟΖΗΜΙΩΣΗ ΓΙΑ ΝΥΧΤΕΡΙΝΑ-ΕΞΑΙΡΕΣΙΜΑ-ΥΠΕΡΩΡ.ΑΠΑΣΧΟΛΗΣΗ (001628),,,1476.79,anonymous sponsor (empty sponsorAFMName)
ΡΗΚΜ4690Β3-Θ26,2025-12-08,ΕΝΤΑΛΜΑ ΠΛΗΡΩΜΗΣ ΑΠΟΖΗΜΙΩΣΗ ΓΙΑ ΝΥΧΤΕΡΙΝΑ-ΕΞΑΙΡΕΣΙΜΑ-ΥΠΕΡΩΡ.ΑΠΑΣΧΟΛΗΣΗ (001628),,,956.76,anonymous sponsor (empty sponsorAFMName)
6Θ7Α4690Β3-ΠΔΤ,2025-12-08,ΕΝΤΑΛΜΑ ΠΛΗΡΩΜΗΣ ΑΠΟΖΗΜΙΩΣΗ ΓΙΑ ΝΥΧΤΕΡΙΝΑ-ΕΞΑΙΡΕΣΙΜΑ-ΥΠΕΡΩΡ.ΑΠΑΣΧΟΛΗΣΗ (001628),,,4352.81,anonymous sponsor (empty sponsorAFMName)
ΨΦΚΗ4690Β3-ΨΞ0,2025-12-08,ΕΝΤΑΛΜΑ ΠΛΗΡΩΜΗΣ ΑΠΟΖΗΜΙΩΣΗ ΓΙΑ ΝΥΧΤΕΡΙΝΑ-ΕΞΑΙΡΕΣΙΜΑ-ΥΠΕΡΩΡ.ΑΠΑΣΧΟΛΗΣΗ (001628),,,710.40,anonymous sponsor (empty sponsorAFMName)
90ΡΣ4690Β3-1ΙΝ,2025-12-08,ΕΝΤΑΛΜΑ ΠΛΗΡΩΜΗΣ ΑΠΟΖΗΜΙΩΣΗ ΓΙΑ ΝΥΧΤΕΡΙΝΑ-ΕΞΑΙΡΕΣΙΜΑ-ΥΠΕΡΩΡ.ΑΠΑΣΧΟΛΗΣΗ (001628),,,2672.33,anonymous sponsor (empty sponsorAFMName)
9Ν6Π4690Β3-ΖΓ0,2025-12-08,ΕΝΤΑΛΜΑ ΠΛΗΡΩΜΗΣ ΑΠΟΖΗΜΙΩΣΗ ΓΙΑ ΝΥΧΤΕΡΙΝΑ-ΕΞΑΙΡΕΣΙΜΑ-ΥΠΕΡΩΡ.ΑΠΑΣΧΟΛΗΣΗ (001628),,,72.88,anonymous sponsor (empty sponsorAFMName)
ΨΑ374690Β3-Δ3Ζ,2025-12-08,ΕΝΤΑΛΜΑ ΠΛΗΡΩΜΗΣ ΑΠΟΖΗΜΙΩΣΗ ΓΙΑ ΝΥΧΤΕΡΙΝΑ-ΕΞΑΙΡΕΣΙΜΑ-ΥΠΕΡΩΡ.ΑΠΑΣΧΟΛΗΣΗ (001628),,,1764.99,anonymous sponsor (empty sponsorAFMName)
6Ν764690Β3-ΛΓΡ,2025-12-08,ΕΝΤΑΛΜΑ ΠΛΗΡΩΜΗΣ ΑΠΟΖΗΜΙΩΣΗ ΓΙΑ ΝΥΧΤΕΡΙΝΑ-ΕΞΑΙΡΕΣΙΜΑ-ΥΠΕΡΩΡ.ΑΠΑΣΧΟΛΗΣΗ (001628),,,4454.50,anonymous sponsor (empty sponsorAFMName)
ΨΗΗ44690Β3-ΝΡΩ,2025-12-08,ΕΝΤΑΛΜΑ ΠΛΗΡΩΜΗΣ ΑΠΟΖΗΜΙΩΣΗ ΓΙΑ ΝΥΧΤΕΡΙΝΑ-ΕΞΑΙΡΕΣΙΜΑ-ΥΠΕΡΩΡ.ΑΠΑΣΧΟΛΗΣΗ (001628),,,346.41,anonymous sponsor (empty sponsorAFMName)
9Ν5Λ4690Β3-ΖΒ1,2025-12-08,ΕΝΤΑΛΜΑ ΠΛΗΡΩΜΗΣ ΑΠΟΖΗΜΙΩΣΗ ΓΙΑ ΝΥΧΤΕΡΙΝΑ-ΕΞΑΙΡΕΣΙΜΑ-ΥΠΕΡΩΡ.ΑΠΑΣΧΟΛΗΣΗ (001628),,,757.83,anonymous sponsor (empty sponsorAFMName)
62ΚΛ4690Β3-ΩΘΛ,2025-12-08,ΕΝΤΑΛΜΑ ΠΛΗΡΩΜΗΣ ΑΠΟΖΗΜΙΩΣΗ ΓΙΑ ΝΥΧΤΕΡΙΝΑ-ΕΞΑΙΡΕΣΙΜΑ-ΥΠΕΡΩΡ.ΑΠΑΣΧΟΛΗΣΗ (001628),,,1022.65,anonymous sponsor (empty sponsorAFMName)
ΨΗΤ74690Β3-6ΔΚ,2025-12-08,ΕΝΤΑΛΜΑ ΠΛΗΡΩΜΗΣ ΑΠΟΖΗΜΙΩΣΗ ΓΙΑ ΝΥΧΤΕΡΙΝΑ-ΕΞΑΙΡΕΣΙΜΑ-ΥΠΕΡΩΡ.ΑΠΑΣΧΟΛΗΣΗ (001628),,,301.94,anonymous sponsor (empty sponsorAFMName)
992Χ4690Β3-44Ω,2025-12-08,ΕΝΤΑΛΜΑ ΠΛΗΡΩΜΗΣ ΑΠΟΖΗΜΙΩΣΗ ΓΙΑ ΝΥΧΤΕΡΙΝΑ-ΕΞΑΙΡΕΣΙΜΑ-ΥΠΕΡΩΡ.ΑΠΑΣΧΟΛΗΣΗ (001628),,,2779.70,anonymous sponsor (empty sponsorAFMName)
6ΑΛ84690Β3-ΙΡΣ,2025-12-08,ΕΝΤΑΛΜΑ ΠΛΗΡΩΜΗΣ ΑΠΟΖΗΜΙΩΣΗ ΓΙΑ ΝΥΧΤΕΡΙΝΑ-ΕΞΑΙΡΕΣΙΜΑ-ΥΠΕΡΩΡ.ΑΠΑΣΧΟΛΗΣΗ (001628),,,6207.34,anonymous sponsor (empty sponsorAFMName)
6Η834690Β3-Ξ76,2025-12-08,ΕΝΤΑΛΜΑ ΠΛΗΡΩΜΗΣ ΑΠΟΖΗΜΙΩΣΗ ΓΙΑ ΝΥΧΤΕΡΙΝΑ-ΕΞΑΙΡΕΣΙΜΑ-ΥΠΕΡΩΡ.ΑΠΑΣΧΟΛΗΣΗ (001628),,,6836.77,anonymous sponsor (empty sponsorAFMName)
Ψ8ΣΜ4690Β3-Π6Ι,2025-12-08,ΕΝΤΑΛΜΑ ΠΛΗΡΩΜΗΣ ΑΠΟΖΗΜΙΩΣΗ ΓΙΑ ΝΥΧΤΕΡΙΝΑ-ΕΞΑΙΡΕΣΙΜΑ-ΥΠΕΡΩΡ.ΑΠΑΣΧΟΛΗΣΗ (001628),,,892.15,anonymous sponsor (empty sponsorAFMName)
ΨΡΕΩ4690Β3-Μ96,2025-12-08,ΕΝΤΑΛΜΑ ΠΛΗΡΩΜΗΣ ΑΠΟΖΗΜΙΩΣΗ ΓΙΑ ΝΥΧΤΕΡΙΝΑ-ΕΞΑΙΡΕΣΙΜΑ-ΥΠΕΡΩΡ.ΑΠΑΣΧΟΛΗΣΗ (001628),,,7877.09,anonymous sponsor (empty sponsorAFMName)
ΨΓΩΖ4690Β3-ΙΝΘ,2025-12-08,ΕΝΤΑΛΜΑ ΠΛΗΡΩΜΗΣ ΑΠΟΖΗΜΙΩΣΗ ΓΙΑ ΝΥΧΤΕΡΙΝΑ-ΕΞΑΙΡΕΣΙΜΑ-ΥΠΕΡΩΡ.ΑΠΑΣΧΟΛΗΣΗ (001628),,,10805.14,anonymous sponsor (empty sponsorAFMName)
ΨΟΓΚ4690Β3-1ΡΨ,2025-12-08,ΕΝΤΑΛΜΑ ΠΛΗΡΩΜΗΣ ΑΠΟΖΗΜΙΩΣΗ ΓΙΑ ΝΥΧΤΕΡΙΝΑ-ΕΞΑΙΡΕΣΙΜΑ-ΥΠΕΡΩΡ.ΑΠΑΣΧΟΛΗΣΗ (001628),,,1124.73,anonymous sponsor (empty sponsorAFMName)
Ψ7ΟΘ4690Β3-ΨΟ1,2025-12-08,ΕΝΤΑΛΜΑ ΠΛΗΡΩΜΗΣ ΑΠΟΖΗΜΙΩΣΗ ΕΦΗΜΕΡΙΩΝ (002535),,,1514.22,anonymous sponsor (empty sponsorAFMName)
9ΥΚΟ4690Β3-15Σ,2025-12-08,ΕΝΤΑΛΜΑ ΠΛΗΡΩΜΗΣ ΑΠΟΖΗΜΙΩΣΗ ΕΦΗΜΕΡΙΩΝ (002535),,,1514.22,anonymous sponsor (empty sponsorAFMName)
ΨΜ9Κ4690Β3-ΤΛΑ,2025-12-08,ΕΝΤΑΛΜΑ ΠΛΗΡΩΜΗΣ ΑΠΟΖΗΜΙΩΣΗ ΕΦΗΜΕΡΙΩΝ (002535),,,3293.98,anonymous sponsor (empty sponsorAFMName)
ΨΘΓΜ4690Β3-ΔΔΜ,2025-12-08,ΕΝΤΑΛΜΑ ΠΛΗΡΩΜΗΣ ΑΠΟΖΗΜΙΩΣΗ ΕΦΗΜΕΡΙΩΝ (002535),,,4951.13,anonymous sponsor (empty sponsorAFMName)
9ΔΣΩ4690Β3-1ΝΓ,2025-12-08,ΕΝΤΑΛΜΑ ΠΛΗΡΩΜΗΣ ΑΠΟΖΗΜΙΩΣΗ ΕΦΗΜΕΡΙΩΝ (002535),,,2898.67,anonymous sponsor (empty sponsorAFMName)
Ψ9384690Β3-6ΗΖ,2025-12-08,ΕΝΤΑΛΜΑ ΠΛΗΡΩΜΗΣ ΑΠΟΖΗΜΙΩΣΗ ΕΦΗΜΕΡΙΩΝ (002535),,,1360.52,anonymous sponsor (empty sponsorAFMName)
95294690Β3-84Λ,2025-12-08,ΕΝΤΑΛΜΑ ΠΛΗΡΩΜΗΣ ΑΠΟΖΗΜΙΩΣΗ ΕΦΗΜΕΡΙΩΝ (002535),,,24451.42,anonymous sponsor (empty sponsorAFMName)
ΨΥ954690Β3-Υ1Θ,2025-12-08,ΕΝΤΑΛΜΑ ΠΛΗΡΩΜΗΣ ΑΠΟΖΗΜΙΩΣΗ ΕΦΗΜΕΡΙΩΝ (002535),,,17729.46,anonymous sponsor (empty sponsorAFMName)
ΨΗΛΞ4690Β3-ΑΒ3,2025-12-08,ΕΝΤΑΛΜΑ ΠΛΗΡΩΜΗΣ ΑΠΟΖΗΜΙΩΣΗ ΕΦΗΜΕΡΙΩΝ (002535),,,80343.44,anonymous sponsor (empty sponsorAFMName)
9Τ1Μ4690Β3-Π18,2025-12-03,ΕΝΤΑΛΜΑ ΠΛΗΡΩΜΗΣ AMVIS ΕΛΛΑΣ A.E (094317562),,,799.80,anonymous sponsor (empty sponsorAFMName)
90ΒΛ4690Β3-ΔΜΑ,2025-12-02,ΕΝΤΑΛΜΑ ΠΛΗΡΩΜΗΣ ΑΜΟΙΒΕΣ ΝΟΣΗΛΕΥΤΙΚΟΥ ΚΑΙ ΛΟΙΠΟΥ ΠΑΡΑΪΑΤΡΙΚΟΥ ΠΡΟΣΩΠΙΚΟΥ ΛΕΙΤΟΥΡΓΙΑΣ ΑΠΟΓΕΥΜΑΤΙΝΩΝ ΙΑΤΡΕΙΩΝ (016630000),,,616.64,anonymous sponsor (empty sponsorAFMName)
60ΓΤ4690Β3-ΧΧΦ,2025-12-02,ΕΝΤΑΛΜΑ ΠΛΗΡΩΜΗΣ ΑΜΟΙΒΕΣ ΔΙΟΙΚΗΤΙΚΟΥ   ΛΟΙΠΟΥ ΠΡΟΣΩΠΙΚΟΥ ΛΕΙΤΟΥΡΓΙΑΣ ΑΠΟΓΕΥΜΑΤΙΝΩΝ ΙΑΤΡΕΙΩΝ (55831111),,,720.00,anonymous sponsor (empty sponsorAFMName)
9ΦΛΡ4690Β3-Ε9Σ,2025-12-02,ΕΝΤΑΛΜΑ ΠΛΗΡΩΜΗΣ ΑΜΟΙΒΕΣ ΙΑΤΡΙΚΟΥ ΠΡΟΣΩΠΙΚΟΥ ΛΕΙΤΟΥΡΓΙΑΣ ΑΠΟΓΕΥΜΑΤΙΝΩΝ ΙΑΤΡΕΙΩΝ (210923000),,,2708.10,anonymous sponsor (empty sponsorAFMName)
ΨΛΘΑ4690Β3-ΒΣΜ,2025-12-02,ΕΝΤΑΛΜΑ ΠΛΗΡΩΜΗΣ ΔΙΚΑΙΟΥΧΟΙ ΑΜΟΙΒΩΝ (001600),,,3360.00,anonymous sponsor (empty sponsorAFMName)
9Δ8Γ4690Β3-ΤΚΚ,2025-12-02,ΕΝΤΑΛΜΑ ΠΛΗΡΩΜΗΣ ΕΙΣΦΟΡΕΣ ΑΠΑΣΧ/ΝΩΝ ΟΑΕΔ ΜΕΣΩ ΠΡΟΓ. ΚΟΙΝΩΦ. ΧΑΡΑΚΤΗΡΑ (),,,60.00,anonymous sponsor (empty sponsorAFMName)
9Ι884690Β3-ΛΕΛ,2025-12-02,ΕΝΤΑΛΜΑ ΠΛΗΡΩΜΗΣ ΕΙΣΦΟΡΕΣ ΑΠΑΣΧ/ΝΩΝ ΟΑΕΔ ΜΕΣΩ ΠΡΟΓ. ΚΟΙΝΩΦ. ΧΑΡΑΚΤΗΡΑ (),,,80.00,anonymous sponsor (empty sponsorAFMName)
ΨΕ8Σ4690Β3-ΦΘ8,2025-12-02,ΕΝΤΑΛΜΑ ΠΛΗΡΩΜΗΣ ΕΙΣΦΟΡΕΣ ΑΠΑΣΧ/ΝΩΝ ΟΑΕΔ ΜΕΣΩ ΠΡΟΓ. ΚΟΙΝΩΦ. ΧΑΡΑΚΤΗΡΑ (),,,160.00,anonymous sponsor (empty sponsorAFMName)
63ΕΜ4690Β3-Λ58,2025-12-01,ΕΝΤΑΛΜΑ ΠΛΗΡΩΜΗΣ ΕΠΙΚΟΥΡΙΚΟ ΝΟΣΗΛΕΥΤΙΚΟ-ΠΑΡΑΪΑΤΡΙΚΟ ΠΡΟΣΩΠΙΚΟ (000001634),,,61310.52,anonymous sponsor (empty sponsorAFMName)
6ΗΣΦ4690Β3-Π3Π,2025-12-01,ΕΝΤΑΛΜΑ ΠΛΗΡΩΜΗΣ ΕΠΙΚΟΥΡΙΚΟ ΝΟΣΗΛΕΥΤΙΚΟ-ΠΑΡΑΪΑΤΡΙΚΟ ΠΡΟΣΩΠΙΚΟ (000001634),,,1809.53,anonymous sponsor (empty sponsorAFMName)
ΡΞΜΨ4690Β3-3ΒΓ,2025-12-01,ΕΝΤΑΛΜΑ ΠΛΗΡΩΜΗΣ EΠΙΚΟΥΡΙΚΟΙ ΙΑΤΡΟΙ Ε.Σ.Υ. (000001629),,,6029.82,anonymous sponsor (empty sponsorAFMName)
ΨΖΚΦ4690Β3-Ε3Υ,2025-12-01,ΕΝΤΑΛΜΑ ΠΛΗΡΩΜΗΣ ΑΠΟΖΗΜΕΙΩΣΗ ΤΕΙ-ΑΣΚΟΥΜΕΝΩΝ Ο.Α.Ε.Δ. (001607),,,632.22,anonymous sponsor (empty sponsorAFMName)
9Π674690Β3-Μ1Κ,2025-12-01,ΕΝΤΑΛΜΑ ΠΛΗΡΩΜΗΣ ΕΠΙΚΟΥΡΙΚΟ ΝΟΣΗΛΕΥΤΙΚΟ-ΠΑΡΑΪΑΤΡΙΚΟ ΠΡΟΣΩΠΙΚΟ (000001634),,,1849.99,anonymous sponsor (empty sponsorAFMName)
92ΦΛ4690Β3-ΟΙΨ,2025-12-01,ΕΝΤΑΛΜΑ ΠΛΗΡΩΜΗΣ ΕΡΓΟΔ.ΕΙΣΦ.ΙΚΑ ΑΣΚΟΥΜ.ΤΕΕ-ΙΕΚ.ΧΩΡ.ΑΜΟΙΒ.ΓΙΑ ΑΤΥΧΗΜ (001690),,,80.43,anonymous sponsor (empty sponsorAFMName)
60ΦΕ4690Β3-1Ο9,2025-12-01,ΕΝΤΑΛΜΑ ΠΛΗΡΩΜΗΣ ΕΡΓΟΔ.ΕΙΣΦ.ΙΚΑ ΑΣΚΟΥΜ.ΤΕΕ-ΙΕΚ.ΧΩΡ.ΑΜΟΙΒ.ΓΙΑ ΑΤΥΧΗΜ (001690),,,11.49,anonymous sponsor (empty sponsorAFMName)
9ΗΗΙ4690Β3-ΕΚ0,2025-12-01,ΕΝΤΑΛΜΑ ΠΛΗΡΩΜΗΣ ΕΠΙΚΟΥΡΙΚΟ ΝΟΣΗΛΕΥΤΙΚΟ-ΠΑΡΑΪΑΤΡΙΚΟ ΠΡΟΣΩΠΙΚΟ (000001634),,,32077.43,anonymous sponsor (empty sponsorAFMName)
ΨΙΠΗ4690Β3-ΖΘΦ,2025-12-01,ΕΝΤΑΛΜΑ ΠΛΗΡΩΜΗΣ EΠΙΚΟΥΡΙΚΟΙ ΙΑΤΡΟΙ Ε.Σ.Υ. (000001629),,,59114.17,anonymous sponsor (empty sponsorAFMName)
Ψ37Κ4690Β3-Ε9Ξ,2025-12-01,ΕΝΤΑΛΜΑ ΠΛΗΡΩΜΗΣ ΕΠΟΧΙΚΟ ΠΡΟΣΩΠΙΚΟ ΚΑΘΑΡΙΟΤΗΤΑΣ (999111999),,,32336.95,anonymous sponsor (empty sponsorAFMName)
6ΔΣ94690Β3-ΕΨΕ,2025-11-28,ΕΝΤΑΛΜΑ ΠΛΗΡΩΜΗΣ ΛΙΝΤΕ ΕΛΛΑΣ ΕΠΕ (095167018),,,353.09,anonymous sponsor (empty sponsorAFMName)
ΨΑΒΥ4690Β3-Ο3Ω,2025-11-27,ΕΝΤΑΛΜΑ ΠΛΗΡΩΜΗΣ ΚΡΑΤ.3391-53.20.00.0001 ΕΛΛΗΝΙΚΟ ΔΗΜΟΣΙΟ (001506),,,124.48,anonymous sponsor (empty sponsorAFMName)
9ΖΟΡ4690Β3-ΥΑ5,2025-11-27,ΕΝΤΑΛΜΑ ΠΛΗΡΩΜΗΣ ΚΡΑΤ.3391-54.04.02.0001 Χ/ΜΑ και ΟΓΑ Χ/ΜΩΝ (),,,16.98,anonymous sponsor (empty sponsorAFMName)
ΨΛΞΗ4690Β3-9Ι6,2025-11-27,ΕΝΤΑΛΜΑ ΠΛΗΡΩΜΗΣ ΚΡΑΤ.3391-54.04.00.0001 ΦΟΡΟΣ ΕΛΕΥΘΕΡ.ΕΠΑΓΓΕΛΜΑΤ (),,,6086.68,anonymous sponsor (empty sponsorAFMName)
ΡΒΙ64690Β3-Η2Π,2025-11-27,ΕΝΤΑΛΜΑ ΠΛΗΡΩΜΗΣ ΚΡΑΤ.3391-54.09.14.0001 ΦΟΡΟΣ ΠΡΟΜΗΘΕΥΤΩΝ (001510),,,18882.66,anonymous sponsor (empty sponsorAFMName)
ΨΚΒΑ4690Β3-ΜΞ4,2025-11-27,ΕΝΤΑΛΜΑ ΠΛΗΡΩΜΗΣ ΚΡΑΤ.3391-53.20.00.0001 ΕΛΛΗΝΙΚΟ ΔΗΜΟΣΙΟ (001506),,,6563.66,anonymous sponsor (empty sponsorAFMName)
9Ζ1Τ4690Β3-ΣΙ5,2025-11-27,ΕΝΤΑΛΜΑ ΠΛΗΡΩΜΗΣ ΚΡΑΤ.3391-53.20.00.0001 ΕΛΛΗΝΙΚΟ ΔΗΜΟΣΙΟ (001506),,,297.50,anonymous sponsor (empty sponsorAFMName)
6ΘΓΒ4690Β3-Ρ18,2025-11-27,ΕΝΤΑΛΜΑ ΠΛΗΡΩΜΗΣ ΚΡΑΤ.3391-53.20.00.0001 ΕΛΛΗΝΙΚΟ ΔΗΜΟΣΙΟ (001506),,,31.72,anonymous sponsor (empty sponsorAFMName)
6ΔΘΧ4690Β3-0Φ9,2025-11-27,ΕΝΤΑΛΜΑ ΠΛΗΡΩΜΗΣ ΚΡΑΤ.3391-53.20.00.0001 ΕΛΛΗΝΙΚΟ ΔΗΜΟΣΙΟ (001506),,,191.47,anonymous sponsor (empty sponsorAFMName)
ΡΞΜΧ4690Β3-7ΨΒ,2025-11-26,"ΕΝΤΑΛΜΑ ΠΛΗΡΩΜΗΣ ΝΕΧΩΡΙΤΗΣ, ΙΩΑΝΝΗΣ Κ., ΜΟΝΟΠΡΟΣΩΠΗ ΙCN Ε.Π.Ε. (999913089)",,,114.08,anonymous sponsor (empty sponsorAFMName)
ΡΝ664690Β3-Ε75,2025-11-26,ΕΝΤΑΛΜΑ ΠΛΗΡΩΜΗΣ DRAEGER HELLAS A.E (997799268),,,7192.74,anonymous sponsor (empty sponsorAFMName)
6Υ6Ρ4690Β3-ΓΟΨ,2025-11-26,ΕΝΤΑΛΜΑ ΠΛΗΡΩΜΗΣ DRAEGER HELLAS A.E (997799268),,,7282.95,anonymous sponsor (empty sponsorAFMName)
ΡΟ594690Β3-66Υ,2025-11-26,ΕΝΤΑΛΜΑ ΠΛΗΡΩΜΗΣ ΛΙΝΤΕ ΕΛΛΑΣ ΕΠΕ (095167018),,,4745.36,anonymous sponsor (empty sponsorAFMName)
Ρ09Α4690Β3-ΜΗΡ,2025-11-26,ΕΝΤΑΛΜΑ ΠΛΗΡΩΜΗΣ ΛΙΝΤΕ ΕΛΛΑΣ ΕΠΕ (095167018),,,24573.08,anonymous sponsor (empty sponsorAFMName)
ΡΜΦΩ4690Β3-4Ρ6,2025-11-25,ΕΝΤΑΛΜΑ ΠΛΗΡΩΜΗΣ ΕΙΣΦΟΡΕΣ ΑΠΑΣΧ/ΝΩΝ ΟΑΕΔ ΜΕΣΩ ΠΡΟΓ. ΚΟΙΝΩΦ. ΧΑΡΑΚΤΗΡΑ (),,,955.82,anonymous sponsor (empty sponsorAFMName)
9Π564690Β3-ΩΩΑ,2025-11-25,ΕΝΤΑΛΜΑ ΠΛΗΡΩΜΗΣ ΚΡΑΤ.3391-54.03.00.0001 Φ.Μ.Υ. (001512),,,134.66,anonymous sponsor (empty sponsorAFMName)
Ρ9ΚΧ4690Β3-ΛΨ3,2025-11-25,ΕΝΤΑΛΜΑ ΠΛΗΡΩΜΗΣ ΚΡΑΤ.3391-54.03.00.0001 Φ.Μ.Υ. (001512),,,122.07,anonymous sponsor (empty sponsorAFMName)
6ΣΖΣ4690Β3-ΝΧ1,2025-11-25,ΕΝΤΑΛΜΑ ΠΛΗΡΩΜΗΣ ΚΡΑΤ.3391-54.03.00.0001 Φ.Μ.Υ. (001512),,,19.06,anonymous sponsor (empty sponsorAFMName)
654Ζ4690Β3-1Ξ1,2025-11-25,ΕΝΤΑΛΜΑ ΠΛΗΡΩΜΗΣ ΕΙΣΦΟΡΕΣ ΑΠΑΣΧ/ΝΩΝ ΟΑΕΔ ΜΕΣΩ ΠΡΟΓ. ΚΟΙΝΩΦ. ΧΑΡΑΚΤΗΡΑ (),,,1770.62,anonymous sponsor (empty sponsorAFMName)
ΨΚ914690Β3-ΜΡ8,2025-11-25,ΕΝΤΑΛΜΑ ΠΛΗΡΩΜΗΣ ΕΙΣΦΟΡΕΣ ΑΠΑΣΧ/ΝΩΝ ΟΑΕΔ ΜΕΣΩ ΠΡΟΓ. ΚΟΙΝΩΦ. ΧΑΡΑΚΤΗΡΑ (),,,3091.25,anonymous sponsor (empty sponsorAFMName)
ΨΔ6Ψ4690Β3-Τ0Γ,2025-11-25,ΕΝΤΑΛΜΑ ΠΛΗΡΩΜΗΣ ΚΕΡΚΥΡΑΪΚΗ ΕΤΑΙΡΕΙΑ ΚΡΕΑΤΩΝ ΑΕ (099346780),,,9516.51,anonymous sponsor (empty sponsorAFMName)
63Α44690Β3-4ΤΩ,2025-11-17,ΕΝΤΑΛΜΑ ΠΛΗΡΩΜΗΣ ΕΠΙΣΤΡΟΦΗ ΕΞΕΤ/ΤΡΩΝ ΛΟΓΩ ΝΟΣΗΛΕΙΑΣ (001633),,,5780.00,anonymous sponsor (empty sponsorAFMName)
ΨΘ6Ε4690Β3-0ΗΥ,2025-11-04,ΕΝΤΑΛΜΑ ΠΛΗΡΩΜΗΣ ΑΠΟΖΗΜΙΩΣΗ ΕΦΗΜΕΡΙΩΝ (002535),,,719.19,anonymous sponsor (empty sponsorAFMName)
ΨΝΛΠ4690Β3-ΕΗ1,2025-11-07,ΕΝΤΑΛΜΑ ΠΛΗΡΩΜΗΣ ΑΜΟΙΒΕΣ ΝΟΣΗΛΕΥΤΙΚΟΥ ΚΑΙ ΛΟΙΠΟΥ ΠΑΡΑΪΑΤΡΙΚΟΥ ΠΡΟΣΩΠΙΚΟΥ ΛΕΙΤΟΥΡΓΙΑΣ ΑΠΟΓΕΥΜΑΤΙΝΩΝ ΙΑΤΡΕΙΩΝ (016630000),,,1411.31,anonymous sponsor (empty sponsorAFMName)
ΨΝ7Δ4690Β3-5ΑΦ,2025-11-07,ΕΝΤΑΛΜΑ ΠΛΗΡΩΜΗΣ ΚΟΙΝΟΧΡΗΣΤΑ (),,,112.32,anonymous sponsor (empty sponsorAFMName)
Ψ6ΟΟ4690Β3-2ΕΣ,2025-11-07,ΕΝΤΑΛΜΑ ΠΛΗΡΩΜΗΣ ΒΥΖΑΣ ΑΕΕ (094289349),,,320.91,anonymous sponsor (empty sponsorAFMName)
6ΔΗΩ4690Β3-20Ω,2025-11-05,ΕΝΤΑΛΜΑ ΠΛΗΡΩΜΗΣ ΑΜΟΙΒΕΣ ΝΟΣΗΛΕΥΤΙΚΟΥ ΚΑΙ ΛΟΙΠΟΥ ΠΑΡΑΪΑΤΡΙΚΟΥ ΠΡΟΣΩΠΙΚΟΥ ΛΕΙΤΟΥΡΓΙΑΣ ΑΠΟΓΕΥΜΑΤΙΝΩΝ ΙΑΤΡΕΙΩΝ (016630000),,,446.28,anonymous sponsor (empty sponsorAFMName)
ΨΙ4Ε4690Β3-Π9Ξ,2025-11-05,ΕΝΤΑΛΜΑ ΠΛΗΡΩΜΗΣ ΑΜΟΙΒΕΣ ΔΙΟΙΚΗΤΙΚΟΥ   ΛΟΙΠΟΥ ΠΡΟΣΩΠΙΚΟΥ ΛΕΙΤΟΥΡΓΙΑΣ ΑΠΟΓΕΥΜΑΤΙΝΩΝ ΙΑΤΡΕΙΩΝ (55831111),,,710.00,anonymous sponsor (empty sponsorAFMName)
Ψ2Α24690Β3-Ψ9Ξ,2025-11-05,ΕΝΤΑΛΜΑ ΠΛΗΡΩΜΗΣ ΑΜΟΙΒΕΣ ΝΟΣΗΛΕΥΤΙΚΟΥ ΚΑΙ ΛΟΙΠΟΥ ΠΑΡΑΪΑΤΡΙΚΟΥ ΠΡΟΣΩΠΙΚΟΥ ΛΕΙΤΟΥΡΓΙΑΣ ΑΠΟΓΕΥΜΑΤΙΝΩΝ ΙΑΤΡΕΙΩΝ (016630000),,,541.45,anonymous sponsor (empty sponsorAFMName)
97ΓΑ4690Β3-Ο62,2025-11-05,ΕΝΤΑΛΜΑ ΠΛΗΡΩΜΗΣ ΑΜΟΙΒΕΣ ΔΙΟΙΚΗΤΙΚΟΥ   ΛΟΙΠΟΥ ΠΡΟΣΩΠΙΚΟΥ ΛΕΙΤΟΥΡΓΙΑΣ ΑΠΟΓΕΥΜΑΤΙΝΩΝ ΙΑΤΡΕΙΩΝ (55831111),,,730.00,anonymous sponsor (empty sponsorAFMName)
9ΥΨΜ4690Β3-ΞΔ2,2025-11-05,ΕΝΤΑΛΜΑ ΠΛΗΡΩΜΗΣ ΑΜΟΙΒΕΣ ΙΑΤΡΙΚΟΥ ΠΡΟΣΩΠΙΚΟΥ ΛΕΙΤΟΥΡΓΙΑΣ ΑΠΟΓΕΥΜΑΤΙΝΩΝ ΙΑΤΡΕΙΩΝ (210923000),,,2478.10,anonymous sponsor (empty sponsorAFMName)
6ΥΕ14690Β3-ΥΤΝ,2025-11-05,ΕΝΤΑΛΜΑ ΠΛΗΡΩΜΗΣ ΑΜΟΙΒΕΣ ΙΑΤΡΙΚΟΥ ΠΡΟΣΩΠΙΚΟΥ ΛΕΙΤΟΥΡΓΙΑΣ ΑΠΟΓΕΥΜΑΤΙΝΩΝ ΙΑΤΡΕΙΩΝ (210923000),,,403.20,anonymous sponsor (empty sponsorAFMName)
6ΑΘΛ4690Β3-Ν9Σ,2025-11-05,ΕΝΤΑΛΜΑ ΠΛΗΡΩΜΗΣ ΑΜΟΙΒΕΣ ΔΙΟΙΚΗΤΙΚΟΥ   ΛΟΙΠΟΥ ΠΡΟΣΩΠΙΚΟΥ ΛΕΙΤΟΥΡΓΙΑΣ ΑΠΟΓΕΥΜΑΤΙΝΩΝ ΙΑΤΡΕΙΩΝ (55831111),,,600.00,anonymous sponsor (empty sponsorAFMName)
9ΧΦΣ4690Β3-2Γ5,2025-11-04,ΕΝΤΑΛΜΑ ΠΛΗΡΩΜΗΣ ΑΜΟΙΒΕΣ ΙΑΤΡΙΚΟΥ ΠΡΟΣΩΠΙΚΟΥ ΛΕΙΤΟΥΡΓΙΑΣ ΑΠΟΓΕΥΜΑΤΙΝΩΝ ΙΑΤΡΕΙΩΝ (210923000),,,3056.20,anonymous sponsor (empty sponsorAFMName)
6Χ2Ξ4690Β3-0ΝΦ,2025-11-04,ΕΝΤΑΛΜΑ ΠΛΗΡΩΜΗΣ ΑΠΟΖΗΜΙΩΣΗ ΕΦΗΜΕΡΙΩΝ (002535),,,847.02,anonymous sponsor (empty sponsorAFMName)
ΨΡΗ74690Β3-ΞΤΔ,2025-11-04,ΕΝΤΑΛΜΑ ΠΛΗΡΩΜΗΣ ΑΠΟΖΗΜΙΩΣΗ ΕΦΗΜΕΡΙΩΝ (002535),,,497.88,anonymous sponsor (empty sponsorAFMName)
6ΥΩΔ4690Β3-ΣΔΕ,2025-11-04,ΕΝΤΑΛΜΑ ΠΛΗΡΩΜΗΣ ΑΠΟΖΗΜΙΩΣΗ ΕΦΗΜΕΡΙΩΝ (002535),,,3054.29,anonymous sponsor (empty sponsorAFMName)
ΨΝΥΧ4690Β3-5ΡΠ,2025-11-04,ΕΝΤΑΛΜΑ ΠΛΗΡΩΜΗΣ ΑΠΟΖΗΜΙΩΣΗ ΕΦΗΜΕΡΙΩΝ (002535),,,94.95,anonymous sponsor (empty sponsorAFMName)
Ψ2ΖΒ4690Β3-ΙΝ1,2025-11-04,ΕΝΤΑΛΜΑ ΠΛΗΡΩΜΗΣ ΑΠΟΖΗΜΙΩΣΗ ΕΦΗΜΕΡΙΩΝ (002535),,,425.91,anonymous sponsor (empty sponsorAFMName)
6ΜΦΓ4690Β3-ΛΨΠ,2025-11-04,ΕΝΤΑΛΜΑ ΠΛΗΡΩΜΗΣ ΑΠΟΖΗΜΙΩΣΗ ΕΦΗΜΕΡΙΩΝ (002535),,,814.36,anonymous sponsor (empty sponsorAFMName)
ΨΚΞΨ4690Β3-ΥΛ7,2025-11-04,ΕΝΤΑΛΜΑ ΠΛΗΡΩΜΗΣ ΑΠΟΖΗΜΙΩΣΗ ΕΦΗΜΕΡΙΩΝ (002535),,,10505.60,anonymous sponsor (empty sponsorAFMName)
9ΩΣΝ4690Β3-Γ1Ψ,2025-11-04,ΕΝΤΑΛΜΑ ΠΛΗΡΩΜΗΣ ΑΠΟΖΗΜΙΩΣΗ ΕΦΗΜΕΡΙΩΝ (002535),,,895.64,anonymous sponsor (empty sponsorAFMName)
Ψ2ΘΘ4690Β3-3ΕΣ,2025-11-04,ΕΝΤΑΛΜΑ ΠΛΗΡΩΜΗΣ ΑΠΟΖΗΜΙΩΣΗ ΕΦΗΜΕΡΙΩΝ (002535),,,247.64,anonymous sponsor (empty sponsorAFMName)
ΨΗΜΩ4690Β3-Υ9Ω,2025-11-04,ΕΝΤΑΛΜΑ ΠΛΗΡΩΜΗΣ ΑΠΟΖΗΜΙΩΣΗ ΕΦΗΜΕΡΙΩΝ (002535),,,3632.13,anonymous sponsor (empty sponsorAFMName)
6Φ684690Β3-720,2025-11-04,ΕΝΤΑΛΜΑ ΠΛΗΡΩΜΗΣ ΑΠΟΖΗΜΙΩΣΗ ΕΦΗΜΕΡΙΩΝ (002535),,,114.40,anonymous sponsor (empty sponsorAFMName)
993Τ4690Β3-ΓΤΣ,2025-11-04,ΕΝΤΑΛΜΑ ΠΛΗΡΩΜΗΣ ΑΠΟΖΗΜΙΩΣΗ ΕΦΗΜΕΡΙΩΝ (002535),,,573.12,anonymous sponsor (empty sponsorAFMName)
ΨΡ9Β4690Β3-ΖΕΝ,2025-11-04,ΕΝΤΑΛΜΑ ΠΛΗΡΩΜΗΣ ΑΠΟΖΗΜΙΩΣΗ ΕΦΗΜΕΡΙΩΝ (002535),,,169.40,anonymous sponsor (empty sponsorAFMName)
9ΚΤΠ4690Β3-3ΑΤ,2025-11-04,ΕΝΤΑΛΜΑ ΠΛΗΡΩΜΗΣ ΑΠΟΖΗΜΙΩΣΗ ΕΦΗΜΕΡΙΩΝ (002535),,,786.68,anonymous sponsor (empty sponsorAFMName)
6ΣΣΘ4690Β3-Τ93,2025-11-04,ΕΝΤΑΛΜΑ ΠΛΗΡΩΜΗΣ ΑΠΟΖΗΜΙΩΣΗ ΕΦΗΜΕΡΙΩΝ (002535),,,12217.62,anonymous sponsor (empty sponsorAFMName)
6ΦΔΩ4690Β3-87Θ,2025-11-04,ΕΝΤΑΛΜΑ ΠΛΗΡΩΜΗΣ ΑΠΟΖΗΜΙΩΣΗ ΕΦΗΜΕΡΙΩΝ (002535),,,12410.59,anonymous sponsor (empty sponsorAFMName)
ΨΡ2Χ4690Β3-ΥΓΜ,2025-11-04,ΕΝΤΑΛΜΑ ΠΛΗΡΩΜΗΣ ΑΠΟΖΗΜΙΩΣΗ ΕΦΗΜΕΡΙΩΝ (002535),,,568.92,anonymous sponsor (empty sponsorAFMName)
ΨΒΧΝ4690Β3-Δ19,2025-11-04,ΕΝΤΑΛΜΑ ΠΛΗΡΩΜΗΣ ΑΠΟΖΗΜΙΩΣΗ ΕΦΗΜΕΡΙΩΝ (002535),,,116.32,anonymous sponsor (empty sponsorAFMName)
Ψ8ΨΨ4690Β3-7ΟΣ,2025-11-04,ΕΝΤΑΛΜΑ ΠΛΗΡΩΜΗΣ ΑΠΟΖΗΜΙΩΣΗ ΕΦΗΜΕΡΙΩΝ (002535),,,3257.03,anonymous sponsor (empty sponsorAFMName)
ΨΖ4Ρ4690Β3-7ΜΩ,2025-11-04,ΕΝΤΑΛΜΑ ΠΛΗΡΩΜΗΣ ΑΠΟΖΗΜΙΩΣΗ ΕΦΗΜΕΡΙΩΝ (002535),,,127.30,anonymous sponsor (empty sponsorAFMName)
6Μ5Ε4690Β3-Λ7Ν,2025-11-04,ΕΝΤΑΛΜΑ ΠΛΗΡΩΜΗΣ ΑΠΟΖΗΜΙΩΣΗ ΕΦΗΜΕΡΙΩΝ (002535),,,1858.52,anonymous sponsor (empty sponsorAFMName)
ΨΙΖ74690Β3-ΨΔΓ,2025-11-04,ΕΝΤΑΛΜΑ ΠΛΗΡΩΜΗΣ ΑΠΟΖΗΜΙΩΣΗ ΓΙΑ ΝΥΧΤΕΡΙΝΑ-ΕΞΑΙΡΕΣΙΜΑ-ΥΠΕΡΩΡ.ΑΠΑΣΧΟΛΗΣΗ (001628),,,4446.33,anonymous sponsor (empty sponsorAFMName)
6ΞΕ54690Β3-Σ02,2025-11-04,ΕΝΤΑΛΜΑ ΠΛΗΡΩΜΗΣ ΑΠΟΖΗΜΙΩΣΗ ΓΙΑ ΝΥΧΤΕΡΙΝΑ-ΕΞΑΙΡΕΣΙΜΑ-ΥΠΕΡΩΡ.ΑΠΑΣΧΟΛΗΣΗ (001628),,,726.74,anonymous sponsor (empty sponsorAFMName)
9Υ1Ο4690Β3-2Γ8,2025-11-04,ΕΝΤΑΛΜΑ ΠΛΗΡΩΜΗΣ ΑΠΟΖΗΜΙΩΣΗ ΓΙΑ ΝΥΧΤΕΡΙΝΑ-ΕΞΑΙΡΕΣΙΜΑ-ΥΠΕΡΩΡ.ΑΠΑΣΧΟΛΗΣΗ (001628),,,533.65,anonymous sponsor (empty sponsorAFMName)
9ΥΙ84690Β3-ΓΑΔ,2025-11-04,ΕΝΤΑΛΜΑ ΠΛΗΡΩΜΗΣ ΑΠΟΖΗΜΙΩΣΗ ΓΙΑ ΝΥΧΤΕΡΙΝΑ-ΕΞΑΙΡΕΣΙΜΑ-ΥΠΕΡΩΡ.ΑΠΑΣΧΟΛΗΣΗ (001628),,,403.69,anonymous sponsor (empty sponsorAFMName)
Ψ8ΞΑ4690Β3-ΕΗΚ,2025-11-04,ΕΝΤΑΛΜΑ ΠΛΗΡΩΜΗΣ ΑΠΟΖΗΜΙΩΣΗ ΓΙΑ ΝΥΧΤΕΡΙΝΑ-ΕΞΑΙΡΕΣΙΜΑ-ΥΠΕΡΩΡ.ΑΠΑΣΧΟΛΗΣΗ (001628),,,135.54,anonymous sponsor (empty sponsorAFMName)
9ΚΡΦ4690Β3-Β5Β,2025-11-04,ΕΝΤΑΛΜΑ ΠΛΗΡΩΜΗΣ ΑΠΟΖΗΜΙΩΣΗ ΓΙΑ ΝΥΧΤΕΡΙΝΑ-ΕΞΑΙΡΕΣΙΜΑ-ΥΠΕΡΩΡ.ΑΠΑΣΧΟΛΗΣΗ (001628),,,1935.57,anonymous sponsor (empty sponsorAFMName)
9ΚΥΔ4690Β3-Α4Φ,2025-11-04,ΕΝΤΑΛΜΑ ΠΛΗΡΩΜΗΣ ΑΠΟΖΗΜΙΩΣΗ ΓΙΑ ΝΥΧΤΕΡΙΝΑ-ΕΞΑΙΡΕΣΙΜΑ-ΥΠΕΡΩΡ.ΑΠΑΣΧΟΛΗΣΗ (001628),,,2272.18,anonymous sponsor (empty sponsorAFMName)
ΨΙΚΦ4690Β3-Σ19,2025-11-04,ΕΝΤΑΛΜΑ ΠΛΗΡΩΜΗΣ ΑΠΟΖΗΜΙΩΣΗ ΓΙΑ ΝΥΧΤΕΡΙΝΑ-ΕΞΑΙΡΕΣΙΜΑ-ΥΠΕΡΩΡ.ΑΠΑΣΧΟΛΗΣΗ (001628),,,2332.29,anonymous sponsor (empty sponsorAFMName)
96Β14690Β3-ΝΕ8,2025-11-04,ΕΝΤΑΛΜΑ ΠΛΗΡΩΜΗΣ ΑΠΟΖΗΜΙΩΣΗ ΓΙΑ ΝΥΧΤΕΡΙΝΑ-ΕΞΑΙΡΕΣΙΜΑ-ΥΠΕΡΩΡ.ΑΠΑΣΧΟΛΗΣΗ (001628),,,925.90,anonymous sponsor (empty sponsorAFMName)
ΨΔΙΕ4690Β3-Μ0Μ,2025-11-04,ΕΝΤΑΛΜΑ ΠΛΗΡΩΜΗΣ ΑΠΟΖΗΜΙΩΣΗ ΓΙΑ ΝΥΧΤΕΡΙΝΑ-ΕΞΑΙΡΕΣΙΜΑ-ΥΠΕΡΩΡ.ΑΠΑΣΧΟΛΗΣΗ (001628),,,4119.72,anonymous sponsor (empty sponsorAFMName)
9ΞΠΓ4690Β3-ΠΙΡ,2025-11-03,ΕΝΤΑΛΜΑ ΠΛΗΡΩΜΗΣ ΑΠΟΖΗΜΙΩΣΗ ΓΙΑ ΝΥΧΤΕΡΙΝΑ-ΕΞΑΙΡΕΣΙΜΑ-ΥΠΕΡΩΡ.ΑΠΑΣΧΟΛΗΣΗ (001628),,,256.48,anonymous sponsor (empty sponsorAFMName)
9ΒΕΒ4690Β3-ΖΜ3,2025-11-03,ΕΝΤΑΛΜΑ ΠΛΗΡΩΜΗΣ ΑΠΟΖΗΜΙΩΣΗ ΓΙΑ ΝΥΧΤΕΡΙΝΑ-ΕΞΑΙΡΕΣΙΜΑ-ΥΠΕΡΩΡ.ΑΠΑΣΧΟΛΗΣΗ (001628),,,2066.70,anonymous sponsor (empty sponsorAFMName)
ΨΦ574690Β3-150,2025-11-03,ΕΝΤΑΛΜΑ ΠΛΗΡΩΜΗΣ ΑΠΟΖΗΜΙΩΣΗ ΓΙΑ ΝΥΧΤΕΡΙΝΑ-ΕΞΑΙΡΕΣΙΜΑ-ΥΠΕΡΩΡ.ΑΠΑΣΧΟΛΗΣΗ (001628),,,496.78,anonymous sponsor (empty sponsorAFMName)
ΨΙΓΖ4690Β3-ΘΒΩ,2025-11-03,ΕΝΤΑΛΜΑ ΠΛΗΡΩΜΗΣ ΑΠΟΖΗΜΙΩΣΗ ΓΙΑ ΝΥΧΤΕΡΙΝΑ-ΕΞΑΙΡΕΣΙΜΑ-ΥΠΕΡΩΡ.ΑΠΑΣΧΟΛΗΣΗ (001628),,,581.11,anonymous sponsor (empty sponsorAFMName)
ΡΗΡΦ4690Β3-672,2025-11-03,ΕΝΤΑΛΜΑ ΠΛΗΡΩΜΗΣ ΑΠΟΖΗΜΙΩΣΗ ΓΙΑ ΝΥΧΤΕΡΙΝΑ-ΕΞΑΙΡΕΣΙΜΑ-ΥΠΕΡΩΡ.ΑΠΑΣΧΟΛΗΣΗ (001628),,,46.34,anonymous sponsor (empty sponsorAFMName)
9ΖΖ24690Β3-ΦΡΗ,2025-11-03,ΕΝΤΑΛΜΑ ΠΛΗΡΩΜΗΣ ΑΠΟΖΗΜΙΩΣΗ ΓΙΑ ΝΥΧΤΕΡΙΝΑ-ΕΞΑΙΡΕΣΙΜΑ-ΥΠΕΡΩΡ.ΑΠΑΣΧΟΛΗΣΗ (001628),,,372.85,anonymous sponsor (empty sponsorAFMName)
ΨΕΑ94690Β3-ΥΑ6,2025-11-03,ΕΝΤΑΛΜΑ ΠΛΗΡΩΜΗΣ ΑΠΟΖΗΜΙΩΣΗ ΓΙΑ ΝΥΧΤΕΡΙΝΑ-ΕΞΑΙΡΕΣΙΜΑ-ΥΠΕΡΩΡ.ΑΠΑΣΧΟΛΗΣΗ (001628),,,7422.25,anonymous sponsor (empty sponsorAFMName)
Ψ2ΠΘ4690Β3-6Η8,2025-11-03,ΕΝΤΑΛΜΑ ΠΛΗΡΩΜΗΣ ΑΠΟΖΗΜΙΩΣΗ ΓΙΑ ΝΥΧΤΕΡΙΝΑ-ΕΞΑΙΡΕΣΙΜΑ-ΥΠΕΡΩΡ.ΑΠΑΣΧΟΛΗΣΗ (001628),,,4577.09,anonymous sponsor (empty sponsorAFMName)
ΡΓΔΥ4690Β3-ΓΟΤ,2025-11-03,ΕΝΤΑΛΜΑ ΠΛΗΡΩΜΗΣ ΑΠΟΖΗΜΙΩΣΗ ΓΙΑ ΝΥΧΤΕΡΙΝΑ-ΕΞΑΙΡΕΣΙΜΑ-ΥΠΕΡΩΡ.ΑΠΑΣΧΟΛΗΣΗ (001628),,,1068.47,anonymous sponsor (empty sponsorAFMName)
ΨΜΣΗ4690Β3-ΑΛ3,2025-11-03,ΕΝΤΑΛΜΑ ΠΛΗΡΩΜΗΣ ΑΠΟΖΗΜΙΩΣΗ ΓΙΑ ΝΥΧΤΕΡΙΝΑ-ΕΞΑΙΡΕΣΙΜΑ-ΥΠΕΡΩΡ.ΑΠΑΣΧΟΛΗΣΗ (001628),,,785.64,anonymous sponsor (empty sponsorAFMName)
9ΥΨΣ4690Β3-ΗΕΣ,2025-11-03,ΕΝΤΑΛΜΑ ΠΛΗΡΩΜΗΣ ΑΠΟΖΗΜΙΩΣΗ ΓΙΑ ΝΥΧΤΕΡΙΝΑ-ΕΞΑΙΡΕΣΙΜΑ-ΥΠΕΡΩΡ.ΑΠΑΣΧΟΛΗΣΗ (001628),,,378.17,anonymous sponsor (empty sponsorAFMName)
9Κ344690Β3-7ΗΜ,2025-11-03,ΕΝΤΑΛΜΑ ΠΛΗΡΩΜΗΣ ΑΠΟΖΗΜΙΩΣΗ ΓΙΑ ΝΥΧΤΕΡΙΝΑ-ΕΞΑΙΡΕΣΙΜΑ-ΥΠΕΡΩΡ.ΑΠΑΣΧΟΛΗΣΗ (001628),,,424.38,anonymous sponsor (empty sponsorAFMName)
ΡΙΠ14690Β3-ΘΓ1,2025-11-03,ΕΝΤΑΛΜΑ ΠΛΗΡΩΜΗΣ ΑΠΟΖΗΜΙΩΣΗ ΓΙΑ ΝΥΧΤΕΡΙΝΑ-ΕΞΑΙΡΕΣΙΜΑ-ΥΠΕΡΩΡ.ΑΠΑΣΧΟΛΗΣΗ (001628),,,521.38,anonymous sponsor (empty sponsorAFMName)
ΡΦΓΔ4690Β3-5ΚΜ,2025-11-03,ΕΝΤΑΛΜΑ ΠΛΗΡΩΜΗΣ ΑΠΟΖΗΜΙΩΣΗ ΓΙΑ ΝΥΧΤΕΡΙΝΑ-ΕΞΑΙΡΕΣΙΜΑ-ΥΠΕΡΩΡ.ΑΠΑΣΧΟΛΗΣΗ (001628),,,5825.97,anonymous sponsor (empty sponsorAFMName)
6Α8Ω4690Β3-ΥΘΟ,2025-11-03,ΕΝΤΑΛΜΑ ΠΛΗΡΩΜΗΣ ΑΠΟΖΗΜΙΩΣΗ ΓΙΑ ΝΥΧΤΕΡΙΝΑ-ΕΞΑΙΡΕΣΙΜΑ-ΥΠΕΡΩΡ.ΑΠΑΣΧΟΛΗΣΗ (001628),,,2791.13,anonymous sponsor (empty sponsorAFMName)
ΨΘΞΙ4690Β3-ΑΛΥ,2025-11-03,ΕΝΤΑΛΜΑ ΠΛΗΡΩΜΗΣ ΑΠΟΖΗΜΙΩΣΗ ΓΙΑ ΝΥΧΤΕΡΙΝΑ-ΕΞΑΙΡΕΣΙΜΑ-ΥΠΕΡΩΡ.ΑΠΑΣΧΟΛΗΣΗ (001628),,,6568.30,anonymous sponsor (empty sponsorAFMName)
Ψ8494690Β3-45Τ,2025-11-03,ΕΝΤΑΛΜΑ ΠΛΗΡΩΜΗΣ ΑΠΟΖΗΜΙΩΣΗ ΓΙΑ ΝΥΧΤΕΡΙΝΑ-ΕΞΑΙΡΕΣΙΜΑ-ΥΠΕΡΩΡ.ΑΠΑΣΧΟΛΗΣΗ (001628),,,933.64,anonymous sponsor (empty sponsorAFMName)
ΨΒ524690Β3-Δ54,2025-11-03,ΕΝΤΑΛΜΑ ΠΛΗΡΩΜΗΣ ΑΠΟΖΗΜΙΩΣΗ ΓΙΑ ΝΥΧΤΕΡΙΝΑ-ΕΞΑΙΡΕΣΙΜΑ-ΥΠΕΡΩΡ.ΑΠΑΣΧΟΛΗΣΗ (001628),,,7440.77,anonymous sponsor (empty sponsorAFMName)
Ψ1Ο04690Β3-Θ8Ο,2025-11-03,ΕΝΤΑΛΜΑ ΠΛΗΡΩΜΗΣ ΑΠΟΖΗΜΙΩΣΗ ΓΙΑ ΝΥΧΤΕΡΙΝΑ-ΕΞΑΙΡΕΣΙΜΑ-ΥΠΕΡΩΡ.ΑΠΑΣΧΟΛΗΣΗ (001628),,,10227.07,anonymous sponsor (empty sponsorAFMName)
6Η884690Β3-Μ6Ο,2025-11-03,ΕΝΤΑΛΜΑ ΠΛΗΡΩΜΗΣ ΑΠΟΖΗΜΙΩΣΗ ΓΙΑ ΝΥΧΤΕΡΙΝΑ-ΕΞΑΙΡΕΣΙΜΑ-ΥΠΕΡΩΡ.ΑΠΑΣΧΟΛΗΣΗ (001628),,,927.42,anonymous sponsor (empty sponsorAFMName)
9ΞΗΙ4690Β3-6Α9,2025-11-03,ΕΝΤΑΛΜΑ ΠΛΗΡΩΜΗΣ ΑΠΟΖΗΜΙΩΣΗ ΕΦΗΜΕΡΙΩΝ (002535),,,2831.31,anonymous sponsor (empty sponsorAFMName)
ΨΜΩΨ4690Β3-ΑΡΒ,2025-11-03,ΕΝΤΑΛΜΑ ΠΛΗΡΩΜΗΣ ΑΠΟΖΗΜΙΩΣΗ ΕΦΗΜΕΡΙΩΝ (002535),,,1514.22,anonymous sponsor (empty sponsorAFMName)
9ΞΥΤ4690Β3-1Α2,2025-11-03,ΕΝΤΑΛΜΑ ΠΛΗΡΩΜΗΣ ΑΠΟΖΗΜΙΩΣΗ ΕΦΗΜΕΡΙΩΝ (002535),,,1514.22,anonymous sponsor (empty sponsorAFMName)
946Ο4690Β3-ΓΔΩ,2025-11-03,ΕΝΤΑΛΜΑ ΠΛΗΡΩΜΗΣ ΑΠΟΖΗΜΙΩΣΗ ΕΦΗΜΕΡΙΩΝ (002535),,,3034.50,anonymous sponsor (empty sponsorAFMName)
9ΨΤΟ4690Β3-ΕΧΜ,2025-11-03,ΕΝΤΑΛΜΑ ΠΛΗΡΩΜΗΣ ΑΠΟΖΗΜΙΩΣΗ ΕΦΗΜΕΡΙΩΝ (002535),,,4592.04,anonymous sponsor (empty sponsorAFMName)
94ΦΘ4690Β3-1ΞΟ,2025-11-03,ΕΝΤΑΛΜΑ ΠΛΗΡΩΜΗΣ ΑΠΟΖΗΜΙΩΣΗ ΕΦΗΜΕΡΙΩΝ (002535),,,26428.77,anonymous sponsor (empty sponsorAFMName)
9ΚΣΜ4690Β3-6ΙΟ,2025-11-03,ΕΝΤΑΛΜΑ ΠΛΗΡΩΜΗΣ ΑΠΟΖΗΜΙΩΣΗ ΕΦΗΜΕΡΙΩΝ (002535),,,1710.08,anonymous sponsor (empty sponsorAFMName)
ΨΘΙΡ4690Β3-6Τ5,2025-11-03,ΕΝΤΑΛΜΑ ΠΛΗΡΩΜΗΣ ΑΠΟΖΗΜΙΩΣΗ ΕΦΗΜΕΡΙΩΝ (002535),,,17111.34,anonymous sponsor (empty sponsorAFMName)
9ΦΣΖ4690Β3-ΤΝΜ,2025-11-03,ΕΝΤΑΛΜΑ ΠΛΗΡΩΜΗΣ ΑΠΟΖΗΜΙΩΣΗ ΕΦΗΜΕΡΙΩΝ (002535),,,81310.62,anonymous sponsor (empty sponsorAFMName)
970Ω4690Β3-ΦΛΗ,2025-10-31,ΕΝΤΑΛΜΑ ΠΛΗΡΩΜΗΣ ΕΠΙΚΟΥΡΙΚΟ ΝΟΣΗΛΕΥΤΙΚΟ-ΠΑΡΑΪΑΤΡΙΚΟ ΠΡΟΣΩΠΙΚΟ (000001634),,,1809.53,anonymous sponsor (empty sponsorAFMName)
90ΗΧ4690Β3-ΒΒΘ,2025-10-31,ΕΝΤΑΛΜΑ ΠΛΗΡΩΜΗΣ EΠΙΚΟΥΡΙΚΟΙ ΙΑΤΡΟΙ Ε.Σ.Υ. (000001629),,,6029.82,anonymous sponsor (empty sponsorAFMName)
Ρ42Β4690Β3-ΨΙ9,2025-10-31,ΕΝΤΑΛΜΑ ΠΛΗΡΩΜΗΣ ΕΠΙΚΟΥΡΙΚΟ ΝΟΣΗΛΕΥΤΙΚΟ-ΠΑΡΑΪΑΤΡΙΚΟ ΠΡΟΣΩΠΙΚΟ (000001634),,,63675.71,anonymous sponsor (empty sponsorAFMName)
ΡΓ714690Β3-ΝΕΧ,2025-10-31,ΕΝΤΑΛΜΑ ΠΛΗΡΩΜΗΣ ΑΠΟΖΗΜΕΙΩΣΗ ΤΕΙ-ΑΣΚΟΥΜΕΝΩΝ Ο.Α.Ε.Δ. (001607),,,275.00,anonymous sponsor (empty sponsorAFMName)
ΨΜΤ94690Β3-ΝΓ7,2025-10-31,ΕΝΤΑΛΜΑ ΠΛΗΡΩΜΗΣ ΑΠΟΖΗΜΕΙΩΣΗ ΤΕΙ-ΑΣΚΟΥΜΕΝΩΝ Ο.Α.Ε.Δ. (001607),,,725.88,anonymous sponsor (empty sponsorAFMName)
ΡΩΘ94690Β3-Ι89,2025-10-31,ΕΝΤΑΛΜΑ ΠΛΗΡΩΜΗΣ EΠΙΚΟΥΡΙΚΟΙ ΙΑΤΡΟΙ Ε.Σ.Υ. (000001629),,,62333.95,anonymous sponsor (empty sponsorAFMName)
6ΤΜΥ4690Β3-ΒΙ4,2025-10-31,ΕΝΤΑΛΜΑ ΠΛΗΡΩΜΗΣ ΕΡΓΟΔ.ΕΙΣΦ.ΙΚΑ ΑΣΚΟΥΜ.ΤΕΕ-ΙΕΚ.ΧΩΡ.ΑΜΟΙΒ.ΓΙΑ ΑΤΥΧΗΜ (001690),,,95.60,anonymous sponsor (empty sponsorAFMName)
6ΤΞ64690Β3-Ψ2Ζ,2025-10-31,ΕΝΤΑΛΜΑ ΠΛΗΡΩΜΗΣ ΕΠΙΚΟΥΡΙΚΟ ΝΟΣΗΛΕΥΤΙΚΟ-ΠΑΡΑΪΑΤΡΙΚΟ ΠΡΟΣΩΠΙΚΟ (000001634),,,1849.99,anonymous sponsor (empty sponsorAFMName)
ΡΞΒΟ4690Β3-ΒΦΓ,2025-10-31,ΕΝΤΑΛΜΑ ΠΛΗΡΩΜΗΣ ΕΠΙΚΟΥΡΙΚΟ ΝΟΣΗΛΕΥΤΙΚΟ-ΠΑΡΑΪΑΤΡΙΚΟ ΠΡΟΣΩΠΙΚΟ (000001634),,,32407.61,anonymous sponsor (empty sponsorAFMName)
ΡΗ6Δ4690Β3-5Α2,2025-10-31,ΕΝΤΑΛΜΑ ΠΛΗΡΩΜΗΣ ΕΠΟΧΙΚΟ ΠΡΟΣΩΠΙΚΟ ΚΑΘΑΡΙΟΤΗΤΑΣ (999111999),,,32383.50,anonymous sponsor (empty sponsorAFMName)
ΨΠ9Ο4690Β3-7ΗΡ,2025-10-31,ΕΝΤΑΛΜΑ ΠΛΗΡΩΜΗΣ ΑΠΟΖΗΜΕΙΩΣΗ ΤΕΙ-ΑΣΚΟΥΜΕΝΩΝ Ο.Α.Ε.Δ. (001607),,,11.49,anonymous sponsor (empty sponsorAFMName)
ΡΓ534690Β3-9ΙΚ,2025-10-31,ΕΝΤΑΛΜΑ ΠΛΗΡΩΜΗΣ ΕΠΙΚΟΥΡΙΚΟ ΝΟΣΗΛΕΥΤΙΚΟ-ΠΑΡΑΪΑΤΡΙΚΟ ΠΡΟΣΩΠΙΚΟ (000001634),,,2057.15,anonymous sponsor (empty sponsorAFMName)
ΡΒΦ74690Β3-Θ4Ψ,2025-10-30,ΕΝΤΑΛΜΑ ΠΛΗΡΩΜΗΣ ΒΙΟΣΕΡ ΑΕ (094035927),,,8514.17,anonymous sponsor (empty sponsorAFMName)
ΨΜΘ64690Β3-Κ4Α,2025-10-30,ΕΝΤΑΛΜΑ ΠΛΗΡΩΜΗΣ ΚΡΑΤ.3391-54.09.14.0001 ΦΟΡΟΣ ΠΡΟΜΗΘΕΥΤΩΝ (001510),,,23.52,anonymous sponsor (empty sponsorAFMName)
Ψ3Σ84690Β3-Χ5Μ,2025-10-30,ΕΝΤΑΛΜΑ ΠΛΗΡΩΜΗΣ ΚΡΑΤ.3391-53.20.00.0001 ΕΛΛΗΝΙΚΟ ΔΗΜΟΣΙΟ (001506),,,507.97,anonymous sponsor (empty sponsorAFMName)
6ΙΘ14690Β3-Κ9Η,2025-10-30,ΕΝΤΑΛΜΑ ΠΛΗΡΩΜΗΣ ΚΡΑΤ.3391-54.04.02.0001 Χ/ΜΑ και ΟΓΑ Χ/ΜΩΝ (),,,27.27,anonymous sponsor (empty sponsorAFMName)
63Ο14690Β3-394,2025-10-30,ΕΝΤΑΛΜΑ ΠΛΗΡΩΜΗΣ ΚΡΑΤ.3391-54.04.00.0001 ΦΟΡΟΣ ΕΛΕΥΘΕΡ.ΕΠΑΓΓΕΛΜΑΤ (),,,9316.80,anonymous sponsor (empty sponsorAFMName)
ΨΡΙΑ4690Β3-ΡΓΞ,2025-10-30,ΕΝΤΑΛΜΑ ΠΛΗΡΩΜΗΣ ΚΡΑΤ.3391-54.09.14.0001 ΦΟΡΟΣ ΠΡΟΜΗΘΕΥΤΩΝ (001510),,,25544.35,anonymous sponsor (empty sponsorAFMName)
ΨΖΠΒ4690Β3-ΑΩΨ,2025-10-30,ΕΝΤΑΛΜΑ ΠΛΗΡΩΜΗΣ ΚΡΑΤ.3391-53.20.00.0001 ΕΛΛΗΝΙΚΟ ΔΗΜΟΣΙΟ (001506),,,10527.86,anonymous sponsor (empty sponsorAFMName)
60ΓΝ4690Β3-2ΗΖ,2025-10-30,ΕΝΤΑΛΜΑ ΠΛΗΡΩΜΗΣ ΚΡΑΤ.3391-53.20.00.0001 ΕΛΛΗΝΙΚΟ ΔΗΜΟΣΙΟ (001506),,,462.71,anonymous sponsor (empty sponsorAFMName)
6ΝΠ34690Β3-ΕΡΗ,2025-10-30,ΕΝΤΑΛΜΑ ΠΛΗΡΩΜΗΣ ΚΡΑΤ.3391-53.20.00.0001 ΕΛΛΗΝΙΚΟ ΔΗΜΟΣΙΟ (001506),,,29.42,anonymous sponsor (empty sponsorAFMName)
9ΒΧ54690Β3-ΒΜΡ,2025-10-30,ΕΝΤΑΛΜΑ ΠΛΗΡΩΜΗΣ ΚΡΑΤ.3391-53.20.00.0001 ΕΛΛΗΝΙΚΟ ΔΗΜΟΣΙΟ (001506),,,310.72,anonymous sponsor (empty sponsorAFMName)
ΨΜΑΓ4690Β3-ΥΤΥ,2025-10-29,ΕΝΤΑΛΜΑ ΠΛΗΡΩΜΗΣ ΚΡΑΤ.3391-54.03.00.0001 Φ.Μ.Υ. (001512),,,151.86,anonymous sponsor (empty sponsorAFMName)
ΡΠΩ94690Β3-ΜΝΤ,2025-10-29,ΕΝΤΑΛΜΑ ΠΛΗΡΩΜΗΣ ΚΡΑΤ.3391-54.03.00.0001 Φ.Μ.Υ. (001512),,,130.40,anonymous sponsor (empty sponsorAFMName)
ΨΙΛΠ4690Β3-ΩΞΜ,2025-10-29,ΕΝΤΑΛΜΑ ΠΛΗΡΩΜΗΣ ΚΡΑΤ.3391-54.03.00.0001 Φ.Μ.Υ. (001512),,,39.10,anonymous sponsor (empty sponsorAFMName)
ΨΜ004690Β3-ΜΙΠ,2025-10-29,ΕΝΤΑΛΜΑ ΠΛΗΡΩΜΗΣ ΕΙΣΦΟΡΕΣ ΑΠΑΣΧ/ΝΩΝ ΟΑΕΔ ΜΕΣΩ ΠΡΟΓ. ΚΟΙΝΩΦ. ΧΑΡΑΚΤΗΡΑ (),,,3463.58,anonymous sponsor (empty sponsorAFMName)
ΨΨΚΗ4690Β3-ΖΚΩ,2025-10-29,ΕΝΤΑΛΜΑ ΠΛΗΡΩΜΗΣ ΕΙΣΦΟΡΕΣ ΑΠΑΣΧ/ΝΩΝ ΟΑΕΔ ΜΕΣΩ ΠΡΟΓ. ΚΟΙΝΩΦ. ΧΑΡΑΚΤΗΡΑ (),,,1752.67,anonymous sponsor (empty sponsorAFMName)
9Ε7Β4690Β3-Μ3Δ,2025-10-29,ΕΝΤΑΛΜΑ ΠΛΗΡΩΜΗΣ ΕΙΣΦΟΡΕΣ ΑΠΑΣΧ/ΝΩΝ ΟΑΕΔ ΜΕΣΩ ΠΡΟΓ. ΚΟΙΝΩΦ. ΧΑΡΑΚΤΗΡΑ (),,,1106.63,anonymous sponsor (empty sponsorAFMName)
ΨΕΨΛ4690Β3-Ρ2Λ,2025-10-27,ΕΝΤΑΛΜΑ ΠΛΗΡΩΜΗΣ WATERA HELLAS  A.B.E.E. ΠΡΩΗΝ ΚΑΛΛΙΓΚΑΝ (094057329),,,714.24,anonymous sponsor (empty sponsorAFMName)
6ΞΣΚ4690Β3-Ρ6Θ,2025-10-23,ΕΝΤΑΛΜΑ ΠΛΗΡΩΜΗΣ ΚΩΝΣΤΑΝΤΙΝΟΣ ΑΝΑΣΤΟΠΟΥΛΟΣ-ΑΙΚΑΤΕΡΙΝΗ ΝΑΤΣΗ Ο.Ε. (800544921),,,3087.60,anonymous sponsor (empty sponsorAFMName)
ΨΛΜ74690Β3-80Ρ,2025-10-23,ΕΝΤΑΛΜΑ ΠΛΗΡΩΜΗΣ Γ.Ν.ΝΟΣΗΜΑΤΩΝ ΘΩΡΑΚΟΣ ΑΘΗΝ. Η ΣΩΤΗΡΙΑ (999332720),,,1204.33,anonymous sponsor (empty sponsorAFMName)
ΨΡ1Κ4690Β3-ΝΚ2,2025-10-22,ΕΝΤΑΛΜΑ ΠΛΗΡΩΜΗΣ ΟΔΟΙΠΟΡΙΚΑ ΕΞΟΔΑ ΠΡΟΣ. ΝΟΣ/ΜΕΙΟΥ (001626),,,135.00,anonymous sponsor (empty sponsorAFMName)
9Ξ2Σ4690Β3-4ΓΘ,2025-10-21,ΕΝΤΑΛΜΑ ΠΛΗΡΩΜΗΣ ΔΙΚΑΙΟΥΧΟΙ ΑΜΟΙΒΩΝ (001600),,,5000.00,anonymous sponsor (empty sponsorAFMName)
ΨΔΦΜ4690Β3-5Ν0,2025-10-20,ΕΝΤΑΛΜΑ ΠΛΗΡΩΜΗΣ ΕΠΙΣΤΡΟΦΕΣ ΛΟΙΠΩΝ ΠΕΡΙΠΤΩΣΕΩΝ (001653),,,24.00,anonymous sponsor (empty sponsorAFMName)
6ΔΔ54690Β3-ΡΡ6,2025-10-20,ΕΝΤΑΛΜΑ ΠΛΗΡΩΜΗΣ ΕΠΙΣΤΡΟΦΕΣ ΛΟΙΠΩΝ ΠΕΡΙΠΤΩΣΕΩΝ (001653),,,3377.09,anonymous sponsor (empty sponsorAFMName)
6ΙΦΟ4690Β3-2Ρ7,2025-10-20,ΕΝΤΑΛΜΑ ΠΛΗΡΩΜΗΣ ΕΠΙΣΤΡΟΦΕΣ ΛΟΙΠΩΝ ΠΕΡΙΠΤΩΣΕΩΝ (001653),,,5555.17,anonymous sponsor (empty sponsorAFMName)
ΨΧΙΘ4690Β3-Μ4Λ,2025-10-09,ΕΝΤΑΛΜΑ ΠΛΗΡΩΜΗΣ ΑΠΟΖΗΜΙΩΣΗ ΔΙΚΑΣΤΙΚΗΣ ΑΠΟΦΑΣΗΣ (001613),,,18516.06,anonymous sponsor (empty sponsorAFMName)
Ψ5Ω64690Β3-ΔΧ7,2025-10-07,ΕΝΤΑΛΜΑ ΠΛΗΡΩΜΗΣ 1η Υ.ΠΕ. ΑΤΤΙΚΗΣ-Γ.Ν. ΠΑΙΔΩΝ ΑΘΗΝΩΝ Η ΑΓΙΑ ΣΟΦΙΑ (999332770),,,3.35,anonymous sponsor (empty sponsorAFMName)
98ΡΨ4690Β3-0ΨΖ,2025-10-07,ΕΝΤΑΛΜΑ ΠΛΗΡΩΜΗΣ Γ.Ν.ΝΟΣΗΜΑΤΩΝ ΘΩΡΑΚΟΣ ΑΘΗΝ. Η ΣΩΤΗΡΙΑ (999332720),,,290.50,anonymous sponsor (empty sponsorAFMName)
ΨΞΑ94690Β3-ΙΤ1,2025-10-07,ΕΝΤΑΛΜΑ ΠΛΗΡΩΜΗΣ ΟΔΟΙΠΟΡΙΚΑ ΕΞΟΔΑ ΠΡΟΣ. ΝΟΣ/ΜΕΙΟΥ (001626),,,108.00,anonymous sponsor (empty sponsorAFMName)
6Θ934690Β3-ΝΚΗ,2025-10-07,ΕΝΤΑΛΜΑ ΠΛΗΡΩΜΗΣ ΑΠΟΖΗΜΙΩΣΗ ΕΦΗΜΕΡΙΩΝ (002535),,,250.00,anonymous sponsor (empty sponsorAFMName)
ΨΓΔ54690Β3-Δ8Ο,2025-10-07,ΕΝΤΑΛΜΑ ΠΛΗΡΩΜΗΣ ΑΠΟΖΗΜΙΩΣΗ ΕΦΗΜΕΡΙΩΝ (002535),,,5000.00,anonymous sponsor (empty sponsorAFMName)
6ΜΑΥ4690Β3-ΚΨ9,2025-10-06,ΕΝΤΑΛΜΑ ΠΛΗΡΩΜΗΣ ΑΠΟΖΗΜΙΩΣΗ ΕΦΗΜΕΡΙΩΝ (002535),,,1500.00,anonymous sponsor (empty sponsorAFMName)
9Π7Ξ4690Β3-Σ0Μ,2025-10-06,ΕΝΤΑΛΜΑ ΠΛΗΡΩΜΗΣ ΑΠΟΖΗΜΙΩΣΗ ΕΦΗΜΕΡΙΩΝ (002535),,,5750.00,anonymous sponsor (empty sponsorAFMName)
9ΦΛΕ4690Β3-9ΥΠ,2025-10-06,ΕΝΤΑΛΜΑ ΠΛΗΡΩΜΗΣ ΑΠΟΖΗΜΙΩΣΗ ΕΦΗΜΕΡΙΩΝ (002535),,,1000.00,anonymous sponsor (empty sponsorAFMName)
9ΕΟΥ4690Β3-ΓΦ2,2025-10-06,ΕΝΤΑΛΜΑ ΠΛΗΡΩΜΗΣ ΑΠΟΖΗΜΙΩΣΗ ΕΦΗΜΕΡΙΩΝ (002535),,,5750.00,anonymous sponsor (empty sponsorAFMName)
62ΚΨ4690Β3-4Ι8,2025-10-02,ΕΝΤΑΛΜΑ ΠΛΗΡΩΜΗΣ ΑΠΟΖΗΜΙΩΣΗ ΓΙΑ ΝΥΧΤΕΡΙΝΑ-ΕΞΑΙΡΕΣΙΜΑ-ΥΠΕΡΩΡ.ΑΠΑΣΧΟΛΗΣΗ (001628),,,350.08,anonymous sponsor (empty sponsorAFMName)
ΨΡΕΙ4690Β3-Σ6Τ,2025-10-02,ΕΝΤΑΛΜΑ ΠΛΗΡΩΜΗΣ ΑΠΟΖΗΜΙΩΣΗ ΓΙΑ ΝΥΧΤΕΡΙΝΑ-ΕΞΑΙΡΕΣΙΜΑ-ΥΠΕΡΩΡ.ΑΠΑΣΧΟΛΗΣΗ (001628),,,770.65,anonymous sponsor (empty sponsorAFMName)
6ΖΔΤ4690Β3-ΜΗΔ,2025-10-02,ΕΝΤΑΛΜΑ ΠΛΗΡΩΜΗΣ ΑΠΟΖΗΜΙΩΣΗ ΓΙΑ ΝΥΧΤΕΡΙΝΑ-ΕΞΑΙΡΕΣΙΜΑ-ΥΠΕΡΩΡ.ΑΠΑΣΧΟΛΗΣΗ (001628),,,4931.46,anonymous sponsor (empty sponsorAFMName)
6ΧΕ34690Β3-3ΩΞ,2025-10-02,ΕΝΤΑΛΜΑ ΠΛΗΡΩΜΗΣ ΑΠΟΖΗΜΙΩΣΗ ΜΕΛΩΝ Δ.Σ. (001606),,,1270.00,anonymous sponsor (empty sponsorAFMName)
ΨΗΩ64690Β3-2Σ0,2025-10-02,ΕΝΤΑΛΜΑ ΠΛΗΡΩΜΗΣ ΑΠΟΖΗΜΙΩΣΗ ΓΙΑ ΝΥΧΤΕΡΙΝΑ-ΕΞΑΙΡΕΣΙΜΑ-ΥΠΕΡΩΡ.ΑΠΑΣΧΟΛΗΣΗ (001628),,,2262.96,anonymous sponsor (empty sponsorAFMName)
ΨΝΙ74690Β3-ΔΨΛ,2025-10-02,ΕΝΤΑΛΜΑ ΠΛΗΡΩΜΗΣ ΑΠΟΖΗΜΙΩΣΗ ΓΙΑ ΝΥΧΤΕΡΙΝΑ-ΕΞΑΙΡΕΣΙΜΑ-ΥΠΕΡΩΡ.ΑΠΑΣΧΟΛΗΣΗ (001628),,,198.86,anonymous sponsor (empty sponsorAFMName)
ΨΟ994690Β3-Ν7Ψ,2025-10-02,ΕΝΤΑΛΜΑ ΠΛΗΡΩΜΗΣ ΑΠΟΖΗΜΙΩΣΗ ΓΙΑ ΝΥΧΤΕΡΙΝΑ-ΕΞΑΙΡΕΣΙΜΑ-ΥΠΕΡΩΡ.ΑΠΑΣΧΟΛΗΣΗ (001628),,,2957.42,anonymous sponsor (empty sponsorAFMName)
Ψ3Χ94690Β3-8ΤΤ,2025-10-02,ΕΝΤΑΛΜΑ ΠΛΗΡΩΜΗΣ ΑΠΟΖΗΜΙΩΣΗ ΓΙΑ ΝΥΧΤΕΡΙΝΑ-ΕΞΑΙΡΕΣΙΜΑ-ΥΠΕΡΩΡ.ΑΠΑΣΧΟΛΗΣΗ (001628),,,2221.07,anonymous sponsor (empty sponsorAFMName)
9Ρ1Σ4690Β3-2ΨΜ,2025-10-02,ΕΝΤΑΛΜΑ ΠΛΗΡΩΜΗΣ ΑΠΟΖΗΜΙΩΣΗ ΓΙΑ ΝΥΧΤΕΡΙΝΑ-ΕΞΑΙΡΕΣΙΜΑ-ΥΠΕΡΩΡ.ΑΠΑΣΧΟΛΗΣΗ (001628),,,210.75,anonymous sponsor (empty sponsorAFMName)
Ψ0ΣΦ4690Β3-ΧΘΔ,2025-10-02,ΕΝΤΑΛΜΑ ΠΛΗΡΩΜΗΣ ΑΠΟΖΗΜΙΩΣΗ ΓΙΑ ΝΥΧΤΕΡΙΝΑ-ΕΞΑΙΡΕΣΙΜΑ-ΥΠΕΡΩΡ.ΑΠΑΣΧΟΛΗΣΗ (001628),,,274.44,anonymous sponsor (empty sponsorAFMName)
Ψ7Χ84690Β3-Β36,2025-10-02,ΕΝΤΑΛΜΑ ΠΛΗΡΩΜΗΣ ΑΠΟΖΗΜΙΩΣΗ ΓΙΑ ΝΥΧΤΕΡΙΝΑ-ΕΞΑΙΡΕΣΙΜΑ-ΥΠΕΡΩΡ.ΑΠΑΣΧΟΛΗΣΗ (001628),,,1733.69,anonymous sponsor (empty sponsorAFMName)
ΨΗ3Σ4690Β3-24Θ,2025-10-02,ΕΝΤΑΛΜΑ ΠΛΗΡΩΜΗΣ ΑΠΟΖΗΜΙΩΣΗ ΓΙΑ ΝΥΧΤΕΡΙΝΑ-ΕΞΑΙΡΕΣΙΜΑ-ΥΠΕΡΩΡ.ΑΠΑΣΧΟΛΗΣΗ (001628),,,177.46,anonymous sponsor (empty sponsorAFMName)
Ψ3ΖΤ4690Β3-ΣΥΟ,2025-10-02,ΕΝΤΑΛΜΑ ΠΛΗΡΩΜΗΣ ΑΠΟΖΗΜΙΩΣΗ ΓΙΑ ΝΥΧΤΕΡΙΝΑ-ΕΞΑΙΡΕΣΙΜΑ-ΥΠΕΡΩΡ.ΑΠΑΣΧΟΛΗΣΗ (001628),,,154.79,anonymous sponsor (empty sponsorAFMName)
Ψ9ΝΙ4690Β3-Α5Μ,2025-10-02,ΕΝΤΑΛΜΑ ΠΛΗΡΩΜΗΣ ΑΠΟΖΗΜΙΩΣΗ ΓΙΑ ΝΥΧΤΕΡΙΝΑ-ΕΞΑΙΡΕΣΙΜΑ-ΥΠΕΡΩΡ.ΑΠΑΣΧΟΛΗΣΗ (001628),,,46.34,anonymous sponsor (empty sponsorAFMName)
624Ι4690Β3-Ρ9Χ,2025-10-02,ΕΝΤΑΛΜΑ ΠΛΗΡΩΜΗΣ ΑΠΟΖΗΜΙΩΣΗ ΓΙΑ ΝΥΧΤΕΡΙΝΑ-ΕΞΑΙΡΕΣΙΜΑ-ΥΠΕΡΩΡ.ΑΠΑΣΧΟΛΗΣΗ (001628),,,465.64,anonymous sponsor (empty sponsorAFMName)
9ΦΩΖ4690Β3-ΙΨΘ,2025-10-03,ΕΝΤΑΛΜΑ ΠΛΗΡΩΜΗΣ ΑΜΟΙΒΕΣ ΝΟΣΗΛΕΥΤΙΚΟΥ   ΛΟΙΠΟΥ ΠΡΟΣΩΠΙΚΟΥ ΣΥΜΜΕΤΟΧΗΣ ΣΕ ΑΠΟΓ .ΧΕΙΡΓ. (),,,165.00,anonymous sponsor (empty sponsorAFMName)
ΨΨ3Ο4690Β3-ΜΓΗ,2025-10-03,ΕΝΤΑΛΜΑ ΠΛΗΡΩΜΗΣ ΑΜΟΙΒΕΣ ΝΟΣΗΛΕΥΤΙΚΟΥ   ΛΟΙΠΟΥ ΠΡΟΣΩΠΙΚΟΥ ΣΥΜΜΕΤΟΧΗΣ ΣΕ ΑΠΟΓ .ΧΕΙΡΓ. (),,,165.00,anonymous sponsor (empty sponsorAFMName)
Ψ8ΚΧ4690Β3-ΓΟΛ,2025-10-03,ΕΝΤΑΛΜΑ ΠΛΗΡΩΜΗΣ ΑΜΟΙΒΕΣ ΝΟΣΗΛΕΥΤΙΚΟΥ   ΛΟΙΠΟΥ ΠΡΟΣΩΠΙΚΟΥ ΣΥΜΜΕΤΟΧΗΣ ΣΕ ΑΠΟΓ .ΧΕΙΡΓ. (),,,225.00,anonymous sponsor (empty sponsorAFMName)
650Ε4690Β3-ΚΥ7,2025-10-03,ΕΝΤΑΛΜΑ ΠΛΗΡΩΜΗΣ ΑΜΟΙΒΕΣ ΝΟΣΗΛΕΥΤΙΚΟΥ   ΛΟΙΠΟΥ ΠΡΟΣΩΠΙΚΟΥ ΣΥΜΜΕΤΟΧΗΣ ΣΕ ΑΠΟΓ .ΧΕΙΡΓ. (),,,120.00,anonymous sponsor (empty sponsorAFMName)
Ψ79Η4690Β3-ΩΞ3,2025-10-03,ΕΝΤΑΛΜΑ ΠΛΗΡΩΜΗΣ ΑΜΟΙΒΕΣ ΝΟΣΗΛΕΥΤΙΚΟΥ   ΛΟΙΠΟΥ ΠΡΟΣΩΠΙΚΟΥ ΣΥΜΜΕΤΟΧΗΣ ΣΕ ΑΠΟΓ .ΧΕΙΡΓ. (),,,225.00,anonymous sponsor (empty sponsorAFMName)
ΨΦ194690Β3-848,2025-10-03,ΕΝΤΑΛΜΑ ΠΛΗΡΩΜΗΣ ΑΜΟΙΒΕΣ ΝΟΣΗΛΕΥΤΙΚΟΥ   ΛΟΙΠΟΥ ΠΡΟΣΩΠΙΚΟΥ ΣΥΜΜΕΤΟΧΗΣ ΣΕ ΑΠΟΓ .ΧΕΙΡΓ. (),,,300.00,anonymous sponsor (empty sponsorAFMName)
9ΜΗ64690Β3-Σ0Ο,2025-10-03,ΕΝΤΑΛΜΑ ΠΛΗΡΩΜΗΣ ΑΜΟΙΒΕΣ ΝΟΣΗΛΕΥΤΙΚΟΥ   ΛΟΙΠΟΥ ΠΡΟΣΩΠΙΚΟΥ ΣΥΜΜΕΤΟΧΗΣ ΣΕ ΑΠΟΓ .ΧΕΙΡΓ. (),,,180.00,anonymous sponsor (empty sponsorAFMName)
Ρ7ΑΜ4690Β3-6ΤΙ,2025-10-02,ΕΝΤΑΛΜΑ ΠΛΗΡΩΜΗΣ ΑΠΟΖΗΜΙΩΣΗ ΓΙΑ ΝΥΧΤΕΡΙΝΑ-ΕΞΑΙΡΕΣΙΜΑ-ΥΠΕΡΩΡ.ΑΠΑΣΧΟΛΗΣΗ (001628),,,6758.96,anonymous sponsor (empty sponsorAFMName)
94Θ84690Β3-ΡΑΖ,2025-10-02,ΕΝΤΑΛΜΑ ΠΛΗΡΩΜΗΣ ΑΠΟΖΗΜΙΩΣΗ ΓΙΑ ΝΥΧΤΕΡΙΝΑ-ΕΞΑΙΡΕΣΙΜΑ-ΥΠΕΡΩΡ.ΑΠΑΣΧΟΛΗΣΗ (001628),,,4127.85,anonymous sponsor (empty sponsorAFMName)
ΨΩΠΥ4690Β3-ΗΩ5,2025-10-02,ΕΝΤΑΛΜΑ ΠΛΗΡΩΜΗΣ ΑΠΟΖΗΜΙΩΣΗ ΓΙΑ ΝΥΧΤΕΡΙΝΑ-ΕΞΑΙΡΕΣΙΜΑ-ΥΠΕΡΩΡ.ΑΠΑΣΧΟΛΗΣΗ (001628),,,1195.82,anonymous sponsor (empty sponsorAFMName)
93ΙΡ4690Β3-Ο72,2025-10-02,ΕΝΤΑΛΜΑ ΠΛΗΡΩΜΗΣ ΑΠΟΖΗΜΙΩΣΗ ΓΙΑ ΝΥΧΤΕΡΙΝΑ-ΕΞΑΙΡΕΣΙΜΑ-ΥΠΕΡΩΡ.ΑΠΑΣΧΟΛΗΣΗ (001628),,,954.87,anonymous sponsor (empty sponsorAFMName)
9ΛΩ74690Β3-Χ3Η,2025-10-02,ΕΝΤΑΛΜΑ ΠΛΗΡΩΜΗΣ ΑΠΟΖΗΜΙΩΣΗ ΓΙΑ ΝΥΧΤΕΡΙΝΑ-ΕΞΑΙΡΕΣΙΜΑ-ΥΠΕΡΩΡ.ΑΠΑΣΧΟΛΗΣΗ (001628),,,4480.96,anonymous sponsor (empty sponsorAFMName)
Ψ5Φ34690Β3-ΨΗ1,2025-10-02,ΕΝΤΑΛΜΑ ΠΛΗΡΩΜΗΣ ΑΠΟΖΗΜΙΩΣΗ ΓΙΑ ΝΥΧΤΕΡΙΝΑ-ΕΞΑΙΡΕΣΙΜΑ-ΥΠΕΡΩΡ.ΑΠΑΣΧΟΛΗΣΗ (001628),,,480.53,anonymous sponsor (empty sponsorAFMName)
Ψ1ΙΡ4690Β3-405,2025-10-02,ΕΝΤΑΛΜΑ ΠΛΗΡΩΜΗΣ ΑΠΟΖΗΜΙΩΣΗ ΓΙΑ ΝΥΧΤΕΡΙΝΑ-ΕΞΑΙΡΕΣΙΜΑ-ΥΠΕΡΩΡ.ΑΠΑΣΧΟΛΗΣΗ (001628),,,714.73,anonymous sponsor (empty sponsorAFMName)
9ΠΧΟ4690Β3-ΚΝΘ,2025-10-02,ΕΝΤΑΛΜΑ ΠΛΗΡΩΜΗΣ ΑΠΟΖΗΜΙΩΣΗ ΓΙΑ ΝΥΧΤΕΡΙΝΑ-ΕΞΑΙΡΕΣΙΜΑ-ΥΠΕΡΩΡ.ΑΠΑΣΧΟΛΗΣΗ (001628),,,356.00,anonymous sponsor (empty sponsorAFMName)
Ψ1Λ24690Β3-ΦΛΟ,2025-10-02,ΕΝΤΑΛΜΑ ΠΛΗΡΩΜΗΣ ΑΠΟΖΗΜΙΩΣΗ ΓΙΑ ΝΥΧΤΕΡΙΝΑ-ΕΞΑΙΡΕΣΙΜΑ-ΥΠΕΡΩΡ.ΑΠΑΣΧΟΛΗΣΗ (001628),,,77.52,anonymous sponsor (empty sponsorAFMName)
60Μ04690Β3-Ο6Μ,2025-10-02,ΕΝΤΑΛΜΑ ΠΛΗΡΩΜΗΣ ΑΠΟΖΗΜΙΩΣΗ ΓΙΑ ΝΥΧΤΕΡΙΝΑ-ΕΞΑΙΡΕΣΙΜΑ-ΥΠΕΡΩΡ.ΑΠΑΣΧΟΛΗΣΗ (001628),,,2259.10,anonymous sponsor (empty sponsorAFMName)
9ΙΩ84690Β3-Ο1Ε,2025-10-02,ΕΝΤΑΛΜΑ ΠΛΗΡΩΜΗΣ ΑΠΟΖΗΜΙΩΣΗ ΓΙΑ ΝΥΧΤΕΡΙΝΑ-ΕΞΑΙΡΕΣΙΜΑ-ΥΠΕΡΩΡ.ΑΠΑΣΧΟΛΗΣΗ (001628),,,5161.71,anonymous sponsor (empty sponsorAFMName)
ΨΣ9Κ4690Β3-Β2Ε,2025-10-02,ΕΝΤΑΛΜΑ ΠΛΗΡΩΜΗΣ ΑΠΟΖΗΜΙΩΣΗ ΓΙΑ ΝΥΧΤΕΡΙΝΑ-ΕΞΑΙΡΕΣΙΜΑ-ΥΠΕΡΩΡ.ΑΠΑΣΧΟΛΗΣΗ (001628),,,4180.79,anonymous sponsor (empty sponsorAFMName)
Ψ1ΣΦ4690Β3-ΣΗΟ,2025-10-02,ΕΝΤΑΛΜΑ ΠΛΗΡΩΜΗΣ ΑΠΟΖΗΜΙΩΣΗ ΓΙΑ ΝΥΧΤΕΡΙΝΑ-ΕΞΑΙΡΕΣΙΜΑ-ΥΠΕΡΩΡ.ΑΠΑΣΧΟΛΗΣΗ (001628),,,1277.81,anonymous sponsor (empty sponsorAFMName)
Ψ4ΘΨ4690Β3-Π3Α,2025-10-02,ΕΝΤΑΛΜΑ ΠΛΗΡΩΜΗΣ ΑΠΟΖΗΜΙΩΣΗ ΓΙΑ ΝΥΧΤΕΡΙΝΑ-ΕΞΑΙΡΕΣΙΜΑ-ΥΠΕΡΩΡ.ΑΠΑΣΧΟΛΗΣΗ (001628),,,9205.85,anonymous sponsor (empty sponsorAFMName)
9ΒΥΕ4690Β3-6ΙΣ,2025-10-02,ΕΝΤΑΛΜΑ ΠΛΗΡΩΜΗΣ ΑΠΟΖΗΜΙΩΣΗ ΓΙΑ ΝΥΧΤΕΡΙΝΑ-ΕΞΑΙΡΕΣΙΜΑ-ΥΠΕΡΩΡ.ΑΠΑΣΧΟΛΗΣΗ (001628),,,12107.81,anonymous sponsor (empty sponsorAFMName)
Ψ8ΧΞ4690Β3-Γ9Ζ,2025-10-02,ΕΝΤΑΛΜΑ ΠΛΗΡΩΜΗΣ ΑΠΟΖΗΜΙΩΣΗ ΓΙΑ ΝΥΧΤΕΡΙΝΑ-ΕΞΑΙΡΕΣΙΜΑ-ΥΠΕΡΩΡ.ΑΠΑΣΧΟΛΗΣΗ (001628),,,1317.56,anonymous sponsor (empty sponsorAFMName)
ΨΗΖΟ4690Β3-139,2025-10-02,ΕΝΤΑΛΜΑ ΠΛΗΡΩΜΗΣ ΑΠΟΖΗΜΙΩΣΗ ΕΦΗΜΕΡΙΩΝ (002535),,,1514.22,anonymous sponsor (empty sponsorAFMName)
ΨΔΑ64690Β3-Φ01,2025-10-02,ΕΝΤΑΛΜΑ ΠΛΗΡΩΜΗΣ ΑΠΟΖΗΜΙΩΣΗ ΕΦΗΜΕΡΙΩΝ (002535),,,1707.47,anonymous sponsor (empty sponsorAFMName)
ΨΕΤ04690Β3-Β9Π,2025-10-02,ΕΝΤΑΛΜΑ ΠΛΗΡΩΜΗΣ ΑΠΟΖΗΜΙΩΣΗ ΕΦΗΜΕΡΙΩΝ (002535),,,3042.00,anonymous sponsor (empty sponsorAFMName)
Ψ61Ξ4690Β3-41Ω,2025-10-02,ΕΝΤΑΛΜΑ ΠΛΗΡΩΜΗΣ ΑΠΟΖΗΜΙΩΣΗ ΕΦΗΜΕΡΙΩΝ (002535),,,4049.34,anonymous sponsor (empty sponsorAFMName)
Ψ9444690Β3-Λ5Ρ,2025-10-01,ΕΝΤΑΛΜΑ ΠΛΗΡΩΜΗΣ ΑΠΟΖΗΜΙΩΣΗ ΕΦΗΜΕΡΙΩΝ (002535),,,26789.55,anonymous sponsor (empty sponsorAFMName)
ΨΝΣΩ4690Β3-ΖΨ5,2025-10-01,ΕΝΤΑΛΜΑ ΠΛΗΡΩΜΗΣ ΑΠΟΖΗΜΙΩΣΗ ΕΦΗΜΕΡΙΩΝ (002535),,,2345.72,anonymous sponsor (empty sponsorAFMName)
Ψ2ΥΕ4690Β3-5Κ5,2025-10-01,ΕΝΤΑΛΜΑ ΠΛΗΡΩΜΗΣ ΑΠΟΖΗΜΙΩΣΗ ΕΦΗΜΕΡΙΩΝ (002535),,,18161.44,anonymous sponsor (empty sponsorAFMName)
9Π3Σ4690Β3-139,2025-10-01,ΕΝΤΑΛΜΑ ΠΛΗΡΩΜΗΣ ΑΠΟΖΗΜΙΩΣΗ ΕΦΗΜΕΡΙΩΝ (002535),,,83877.92,anonymous sponsor (empty sponsorAFMName)
Ρ1ΨΕ4690Β3-4Β6,2025-10-01,ΕΝΤΑΛΜΑ ΠΛΗΡΩΜΗΣ ΑΠΟΖΗΜΙΩΣΗ ΕΦΗΜΕΡΙΩΝ (002535),,,3018.58,anonymous sponsor (empty sponsorAFMName)
ΡΙΝΧ4690Β3-3Λ0,2025-10-01,ΕΝΤΑΛΜΑ ΠΛΗΡΩΜΗΣ ΕΠΙΚΟΥΡΙΚΟ ΝΟΣΗΛΕΥΤΙΚΟ-ΠΑΡΑΪΑΤΡΙΚΟ ΠΡΟΣΩΠΙΚΟ (000001634),,,1809.53,anonymous sponsor (empty sponsorAFMName)
6ΧΙΤ4690Β3-ΟΛ9,2025-10-01,ΕΝΤΑΛΜΑ ΠΛΗΡΩΜΗΣ ΕΠΙΚΟΥΡΙΚΟ ΝΟΣΗΛΕΥΤΙΚΟ-ΠΑΡΑΪΑΤΡΙΚΟ ΠΡΟΣΩΠΙΚΟ (000001634),,,163.60,anonymous sponsor (empty sponsorAFMName)
ΡΑΘ04690Β3-7ΦΘ,2025-10-01,ΕΝΤΑΛΜΑ ΠΛΗΡΩΜΗΣ ΕΠΙΚΟΥΡΙΚΟ ΝΟΣΗΛΕΥΤΙΚΟ-ΠΑΡΑΪΑΤΡΙΚΟ ΠΡΟΣΩΠΙΚΟ (000001634),,,66605.22,anonymous sponsor (empty sponsorAFMName)
90ΠΗ4690Β3-ΦΕΞ,2025-10-01,ΕΝΤΑΛΜΑ ΠΛΗΡΩΜΗΣ EΠΙΚΟΥΡΙΚΟΙ ΙΑΤΡΟΙ Ε.Σ.Υ. (000001629),,,6029.82,anonymous sponsor (empty sponsorAFMName)
ΨΛΔΓ4690Β3-4Ε9,2025-10-01,ΕΝΤΑΛΜΑ ΠΛΗΡΩΜΗΣ ΑΠΟΖΗΜΕΙΩΣΗ ΤΕΙ-ΑΣΚΟΥΜΕΝΩΝ Ο.Α.Ε.Δ. (001607),,,25.00,anonymous sponsor (empty sponsorAFMName)
93104690Β3-8ΥΡ,2025-10-01,ΕΝΤΑΛΜΑ ΠΛΗΡΩΜΗΣ ΑΠΟΖΗΜΕΙΩΣΗ ΤΕΙ-ΑΣΚΟΥΜΕΝΩΝ Ο.Α.Ε.Δ. (001607),,,680.50,anonymous sponsor (empty sponsorAFMName)
9ΧΟΒ4690Β3-ΨΓΝ,2025-10-01,ΕΝΤΑΛΜΑ ΠΛΗΡΩΜΗΣ EΠΙΚΟΥΡΙΚΟΙ ΙΑΤΡΟΙ Ε.Σ.Υ. (000001629),,,116.10,anonymous sponsor (empty sponsorAFMName)
Ρ2Ι34690Β3-7ΨΛ,2025-10-01,ΕΝΤΑΛΜΑ ΠΛΗΡΩΜΗΣ ΕΠΙΚΟΥΡΙΚΟ ΝΟΣΗΛΕΥΤΙΚΟ-ΠΑΡΑΪΑΤΡΙΚΟ ΠΡΟΣΩΠΙΚΟ (000001634),,,1849.99,anonymous sponsor (empty sponsorAFMName)
Ρ45Π4690Β3-ΝΔΕ,2025-10-01,ΕΝΤΑΛΜΑ ΠΛΗΡΩΜΗΣ ΕΠΙΚΟΥΡΙΚΟ ΝΟΣΗΛΕΥΤΙΚΟ-ΠΑΡΑΪΑΤΡΙΚΟ ΠΡΟΣΩΠΙΚΟ (000001634),,,29945.69,anonymous sponsor (empty sponsorAFMName)
Ρ4Β74690Β3-660,2025-10-01,ΕΝΤΑΛΜΑ ΠΛΗΡΩΜΗΣ ΕΡΓΟΔ.ΕΙΣΦ.ΙΚΑ ΑΣΚΟΥΜ.ΤΕΕ-ΙΕΚ.ΧΩΡ.ΑΜΟΙΒ.ΓΙΑ ΑΤΥΧΗΜ (001690),,,106.18,anonymous sponsor (empty sponsorAFMName)
Ψ8ΜΗ4690Β3-0ΝΨ,2025-10-01,ΕΝΤΑΛΜΑ ΠΛΗΡΩΜΗΣ EΠΙΚΟΥΡΙΚΟΙ ΙΑΤΡΟΙ Ε.Σ.Υ. (000001629),,,62678.81,anonymous sponsor (empty sponsorAFMName)
6Φ3Κ4690Β3-ΒΙ7,2025-10-01,ΕΝΤΑΛΜΑ ΠΛΗΡΩΜΗΣ ΕΠΙΚΟΥΡΙΚΟ ΝΟΣΗΛΕΥΤΙΚΟ-ΠΑΡΑΪΑΤΡΙΚΟ ΠΡΟΣΩΠΙΚΟ (000001634),,,1344.91,anonymous sponsor (empty sponsorAFMName)
9Ψ924690Β3-Α95,2025-10-01,ΕΝΤΑΛΜΑ ΠΛΗΡΩΜΗΣ ΕΠΟΧΙΚΟ ΠΡΟΣΩΠΙΚΟ ΚΑΘΑΡΙΟΤΗΤΑΣ (999111999),,,32459.81,anonymous sponsor (empty sponsorAFMName)
ΨΘ9Ψ4690Β3-Ξ9Ν,2025-10-01,ΕΝΤΑΛΜΑ ΠΛΗΡΩΜΗΣ ΟΔΟΙΠΟΡΙΚΑ ΕΞΟΔΑ ΠΡΟΣ. ΝΟΣ/ΜΕΙΟΥ (001626),,,110.00,anonymous sponsor (empty sponsorAFMName)
9Π8Μ4690Β3-8ΨΑ,2025-10-01,ΕΝΤΑΛΜΑ ΠΛΗΡΩΜΗΣ ΕΚΤΟΣ ΕΔΡΑΣ ΠΡΟΣ/ΚΟΥ ΝΟΣΟΚΟΜΕΙΟΥ (001601),,,40.00,anonymous sponsor (empty sponsorAFMName)
ΨΦ5Ψ4690Β3-ΑΔΒ,2025-10-01,ΕΝΤΑΛΜΑ ΠΛΗΡΩΜΗΣ ΟΔΟΙΠΟΡΙΚΑ ΕΞΟΔΑ ΠΡΟΣ. ΝΟΣ/ΜΕΙΟΥ (001626),,,110.00,anonymous sponsor (empty sponsorAFMName)
9ΦΕΙ4690Β3-ΩΒΥ,2025-10-01,ΕΝΤΑΛΜΑ ΠΛΗΡΩΜΗΣ ΟΔΟΙΠΟΡΙΚΑ ΕΞΟΔΑ ΠΡΟΣ. ΝΟΣ/ΜΕΙΟΥ (001626),,,110.00,anonymous sponsor (empty sponsorAFMName)
Ψ8ΧΣ4690Β3-ΚΔΨ,2025-09-29,ΕΝΤΑΛΜΑ ΠΛΗΡΩΜΗΣ ΕΙΣΦΟΡΕΣ ΑΠΑΣΧ/ΝΩΝ ΟΑΕΔ ΜΕΣΩ ΠΡΟΓ. ΚΟΙΝΩΦ. ΧΑΡΑΚΤΗΡΑ (),,,855.96,anonymous sponsor (empty sponsorAFMName)
ΨΗΠΓ4690Β3-0ΩΕ,2025-09-29,ΕΝΤΑΛΜΑ ΠΛΗΡΩΜΗΣ ΕΙΣΦΟΡΕΣ ΑΠΑΣΧ/ΝΩΝ ΟΑΕΔ ΜΕΣΩ ΠΡΟΓ. ΚΟΙΝΩΦ. ΧΑΡΑΚΤΗΡΑ (),,,1752.68,anonymous sponsor (empty sponsorAFMName)
6Χ6Ζ4690Β3-ΩΟΒ,2025-09-29,ΕΝΤΑΛΜΑ ΠΛΗΡΩΜΗΣ ΚΡΑΤ.3391-54.03.00.0001 Φ.Μ.Υ. (001512),,,88.62,anonymous sponsor (empty sponsorAFMName)
68ΚΨ4690Β3-172,2025-09-29,ΕΝΤΑΛΜΑ ΠΛΗΡΩΜΗΣ ΚΡΑΤ.3391-54.03.00.0001 Φ.Μ.Υ. (001512),,,63.61,anonymous sponsor (empty sponsorAFMName)
Ψ1ΠΣ4690Β3-ΒΒΛ,2025-09-29,ΕΝΤΑΛΜΑ ΠΛΗΡΩΜΗΣ ΕΙΣΦΟΡΕΣ ΑΠΑΣΧ/ΝΩΝ ΟΑΕΔ ΜΕΣΩ ΠΡΟΓ. ΚΟΙΝΩΦ. ΧΑΡΑΚΤΗΡΑ (),,,3520.86,anonymous sponsor (empty sponsorAFMName)
ΨΙ5Η4690Β3-ΥΦ8,2025-09-29,ΕΝΤΑΛΜΑ ΠΛΗΡΩΜΗΣ ΚΡΑΤ.3391-54.09.14.0001 ΦΟΡΟΣ ΠΡΟΜΗΘΕΥΤΩΝ (001510),,,4.31,anonymous sponsor (empty sponsorAFMName)
6Θ9Ω4690Β3-9Μ7,2025-09-29,ΕΝΤΑΛΜΑ ΠΛΗΡΩΜΗΣ ΚΡΑΤ.3391-54.04.02.0001 Χ/ΜΑ και ΟΓΑ Χ/ΜΩΝ (),,,29.38,anonymous sponsor (empty sponsorAFMName)
63ΠΧ4690Β3-7ΡΒ,2025-09-29,ΕΝΤΑΛΜΑ ΠΛΗΡΩΜΗΣ ΚΡΑΤ.3391-54.04.00.0001 ΦΟΡΟΣ ΕΛΕΥΘΕΡ.ΕΠΑΓΓΕΛΜΑΤ (),,,14230.57,anonymous sponsor (empty sponsorAFMName)
Ψ0ΖΤ4690Β3-07Ο,2025-09-29,ΕΝΤΑΛΜΑ ΠΛΗΡΩΜΗΣ ΚΡΑΤ.3391-54.09.14.0001 ΦΟΡΟΣ ΠΡΟΜΗΘΕΥΤΩΝ (001510),,,32469.23,anonymous sponsor (empty sponsorAFMName)
6ΓΨΒ4690Β3-Α18,2025-09-29,ΕΝΤΑΛΜΑ ΠΛΗΡΩΜΗΣ ΚΡΑΤ.3391-53.20.00.0001 ΕΛΛΗΝΙΚΟ ΔΗΜΟΣΙΟ (001506),,,11107.53,anonymous sponsor (empty sponsorAFMName)
6Ζ5Ε4690Β3-ΩΦ4,2025-09-29,ΕΝΤΑΛΜΑ ΠΛΗΡΩΜΗΣ ΚΡΑΤ.3391-53.20.00.0001 ΕΛΛΗΝΙΚΟ ΔΗΜΟΣΙΟ (001506),,,520.13,anonymous sponsor (empty sponsorAFMName)
6Η7Ο4690Β3-335,2025-09-29,ΕΝΤΑΛΜΑ ΠΛΗΡΩΜΗΣ ΚΡΑΤ.3391-53.20.00.0001 ΕΛΛΗΝΙΚΟ ΔΗΜΟΣΙΟ (001506),,,58.06,anonymous sponsor (empty sponsorAFMName)
6ΣΩΓ4690Β3-ΗΒΥ,2025-09-29,ΕΝΤΑΛΜΑ ΠΛΗΡΩΜΗΣ ΚΡΑΤ.3391-53.20.00.0001 ΕΛΛΗΝΙΚΟ ΔΗΜΟΣΙΟ (001506),,,308.07,anonymous sponsor (empty sponsorAFMName)
6ΙΗΖ4690Β3-Γ5Ι,2025-09-26,ΕΝΤΑΛΜΑ ΠΛΗΡΩΜΗΣ DRAEGER HELLAS A.E (997799268),,,1488.00,anonymous sponsor (empty sponsorAFMName)
ΨΧΡ84690Β3-ΨΦΟ,2025-09-25,ΕΝΤΑΛΜΑ ΠΛΗΡΩΜΗΣ ΚΕΡΚΥΡΑΪΚΗ ΕΤΑΙΡΕΙΑ ΚΡΕΑΤΩΝ ΑΕ (099346780),,,22208.52,anonymous sponsor (empty sponsorAFMName)
ΡΟΩ54690Β3-4ΩΧ,2025-09-24,ΕΝΤΑΛΜΑ ΠΛΗΡΩΜΗΣ ΑΠΟΖΗΜΙΩΣΗ ΔΙΚΑΣΤΙΚΗΣ ΑΠΟΦΑΣΗΣ (001613),,,174.21,anonymous sponsor (empty sponsorAFMName)
ΨΑΕΧ4690Β3-ΝΡΨ,2025-09-24,ΕΝΤΑΛΜΑ ΠΛΗΡΩΜΗΣ ΑΠΟΖΗΜΙΩΣΗ ΔΙΚΑΣΤΙΚΗΣ ΑΠΟΦΑΣΗΣ (001613),,,522.63,anonymous sponsor (empty sponsorAFMName)
9ΒΗΩ4690Β3-ΖΓΩ,2025-09-24,ΕΝΤΑΛΜΑ ΠΛΗΡΩΜΗΣ ΑΠΟΖΗΜΙΩΣΗ ΔΙΚΑΣΤΙΚΗΣ ΑΠΟΦΑΣΗΣ (001613),,,2613.15,anonymous sponsor (empty sponsorAFMName)
96ΘΑ4690Β3-Ε0Ω,2025-09-24,ΕΝΤΑΛΜΑ ΠΛΗΡΩΜΗΣ ΑΠΟΖΗΜΙΩΣΗ ΔΙΚΑΣΤΙΚΗΣ ΑΠΟΦΑΣΗΣ (001613),,,174.21,anonymous sponsor (empty sponsorAFMName)
ΨΗ2Δ4690Β3-54Υ,2025-09-24,ΕΝΤΑΛΜΑ ΠΛΗΡΩΜΗΣ ΑΠΟΖΗΜΙΩΣΗ ΔΙΚΑΣΤΙΚΗΣ ΑΠΟΦΑΣΗΣ (001613),,,180.00,anonymous sponsor (empty sponsorAFMName)
Ρ9Ξ74690Β3-ΖΛ7,2025-09-24,ΕΝΤΑΛΜΑ ΠΛΗΡΩΜΗΣ ΑΠΟΖΗΜΙΩΣΗ ΔΙΚΑΣΤΙΚΗΣ ΑΠΟΦΑΣΗΣ (001613),,,540.00,anonymous sponsor (empty sponsorAFMName)
Ψ7Φ94690Β3-24Γ,2025-09-24,ΕΝΤΑΛΜΑ ΠΛΗΡΩΜΗΣ ΑΠΟΖΗΜΙΩΣΗ ΔΙΚΑΣΤΙΚΗΣ ΑΠΟΦΑΣΗΣ (001613),,,2700.00,anonymous sponsor (empty sponsorAFMName)
9ΩΟΨ4690Β3-631,2025-09-24,ΕΝΤΑΛΜΑ ΠΛΗΡΩΜΗΣ ΑΠΟΖΗΜΙΩΣΗ ΔΙΚΑΣΤΙΚΗΣ ΑΠΟΦΑΣΗΣ (001613),,,180.00,anonymous sponsor (empty sponsorAFMName)
9ΒΖΑ4690Β3-90Π,2025-09-23,ΕΝΤΑΛΜΑ ΠΛΗΡΩΜΗΣ ΑΠΟΖΗΜΙΩΣΗ ΔΙΚΑΣΤΙΚΗΣ ΑΠΟΦΑΣΗΣ (001613),,,432.00,anonymous sponsor (empty sponsorAFMName)
9Β7Τ4690Β3-ΞΦ0,2025-09-23,ΕΝΤΑΛΜΑ ΠΛΗΡΩΜΗΣ ΑΠΟΖΗΜΙΩΣΗ ΔΙΚΑΣΤΙΚΗΣ ΑΠΟΦΑΣΗΣ (001613),,,1296.00,anonymous sponsor (empty sponsorAFMName)
Ψ7ΨΣ4690Β3-ΞΞΘ,2025-09-23,ΕΝΤΑΛΜΑ ΠΛΗΡΩΜΗΣ ΑΠΟΖΗΜΙΩΣΗ ΔΙΚΑΣΤΙΚΗΣ ΑΠΟΦΑΣΗΣ (001613),,,432.00,anonymous sponsor (empty sponsorAFMName)
9ΛΩ74690Β3-ΚΔΕ,2025-09-23,ΕΝΤΑΛΜΑ ΠΛΗΡΩΜΗΣ ΑΠΟΖΗΜΙΩΣΗ ΔΙΚΑΣΤΙΚΗΣ ΑΠΟΦΑΣΗΣ (001613),,,6480.00,anonymous sponsor (empty sponsorAFMName)
6ΖΣΡ4690Β3-5Ο7,2025-09-24,ΕΝΤΑΛΜΑ ΠΛΗΡΩΜΗΣ AMVIS ΕΛΛΑΣ A.E (094317562),,,6780.00,anonymous sponsor (empty sponsorAFMName)
ΨΓΞΤ4690Β3-ΕΔΚ,2025-09-24,ΕΝΤΑΛΜΑ ΠΛΗΡΩΜΗΣ ΕΠΙΣΤΡΟΦΕΣ ΛΟΙΠΩΝ ΠΕΡΙΠΤΩΣΕΩΝ (001653),,,159094.82,anonymous sponsor (empty sponsorAFMName)
91ΩΚ4690Β3-ΘΙΤ,2025-09-18,ΕΝΤΑΛΜΑ ΠΛΗΡΩΜΗΣ ΒΙΟΣΕΡ ΑΕ (094035927),,,11566.41,anonymous sponsor (empty sponsorAFMName)
Ρ6Δ04690Β3-ΝΥΧ,2025-09-16,ΕΝΤΑΛΜΑ ΠΛΗΡΩΜΗΣ ΚΟΙΝΟΧΡΗΣΤΑ (),,,203.26,anonymous sponsor (empty sponsorAFMName)
6ΔΞΞ4690Β3-617,2026-07-03,ΕΝΤΑΛΜΑ ΠΛΗΡΩΜΗΣ ΑΠΟΖΗΜΙΩΣΗ ΕΦΗΜΕΡΙΩΝ (002535),,,250.00,anonymous sponsor (empty sponsorAFMName)
ΨΙΧΨ4690Β3-ΕΧΡ,2026-07-03,ΕΝΤΑΛΜΑ ΠΛΗΡΩΜΗΣ ΑΠΟΖΗΜΙΩΣΗ ΕΦΗΜΕΡΙΩΝ (002535),,,7500.00,anonymous sponsor (empty sponsorAFMName)
Ρ9Ω64690Β3-Φ8Ω,2026-07-03,ΕΝΤΑΛΜΑ ΠΛΗΡΩΜΗΣ ΑΠΟΖΗΜΙΩΣΗ ΕΦΗΜΕΡΙΩΝ (002535),,,250.00,anonymous sponsor (empty sponsorAFMName)
92ΖΚ4690Β3-ΛΔΙ,2026-07-03,ΕΝΤΑΛΜΑ ΠΛΗΡΩΜΗΣ ΑΠΟΖΗΜΙΩΣΗ ΕΦΗΜΕΡΙΩΝ (002535),,,5750.00,anonymous sponsor (empty sponsorAFMName)
ΨΟΝΣ4690Β3-Ζ62,2026-07-03,ΕΝΤΑΛΜΑ ΠΛΗΡΩΜΗΣ ΑΠΟΖΗΜΙΩΣΗ ΕΦΗΜΕΡΙΩΝ (002535),,,500.00,anonymous sponsor (empty sponsorAFMName)
9ΡΣ54690Β3-ΧΩΓ,2026-07-03,ΕΝΤΑΛΜΑ ΠΛΗΡΩΜΗΣ ΑΠΟΖΗΜΙΩΣΗ ΕΦΗΜΕΡΙΩΝ (002535),,,6250.00,anonymous sponsor (empty sponsorAFMName)
ΨΡΖΗ4690Β3-Ο61,2026-07-03,ΕΝΤΑΛΜΑ ΠΛΗΡΩΜΗΣ ΑΠΟΖΗΜΙΩΣΗ ΓΙΑ ΝΥΧΤΕΡΙΝΑ-ΕΞΑΙΡΕΣΙΜΑ-ΥΠΕΡΩΡ.ΑΠΑΣΧΟΛΗΣΗ (001628),,,2620.90,anonymous sponsor (empty sponsorAFMName)
ΨΑ5Τ4690Β3-4ΕΚ,2026-07-03,ΕΝΤΑΛΜΑ ΠΛΗΡΩΜΗΣ ΑΠΟΖΗΜΙΩΣΗ ΓΙΑ ΝΥΧΤΕΡΙΝΑ-ΕΞΑΙΡΕΣΙΜΑ-ΥΠΕΡΩΡ.ΑΠΑΣΧΟΛΗΣΗ (001628),,,72.64,anonymous sponsor (empty sponsorAFMName)
Ψ1ΞΕ4690Β3-ΣΗΗ,2026-07-03,ΕΝΤΑΛΜΑ ΠΛΗΡΩΜΗΣ ΑΠΟΖΗΜΙΩΣΗ ΓΙΑ ΝΥΧΤΕΡΙΝΑ-ΕΞΑΙΡΕΣΙΜΑ-ΥΠΕΡΩΡ.ΑΠΑΣΧΟΛΗΣΗ (001628),,,2273.10,anonymous sponsor (empty sponsorAFMName)
ΨΝΓ24690Β3-86Ρ,2026-07-03,ΕΝΤΑΛΜΑ ΠΛΗΡΩΜΗΣ ΑΠΟΖΗΜΙΩΣΗ ΓΙΑ ΝΥΧΤΕΡΙΝΑ-ΕΞΑΙΡΕΣΙΜΑ-ΥΠΕΡΩΡ.ΑΠΑΣΧΟΛΗΣΗ (001628),,,2740.26,anonymous sponsor (empty sponsorAFMName)
6ΧΝΗ4690Β3-6Ν2,2026-07-03,ΕΝΤΑΛΜΑ ΠΛΗΡΩΜΗΣ ΑΠΟΖΗΜΙΩΣΗ ΓΙΑ ΝΥΧΤΕΡΙΝΑ-ΕΞΑΙΡΕΣΙΜΑ-ΥΠΕΡΩΡ.ΑΠΑΣΧΟΛΗΣΗ (001628),,,5229.02,anonymous sponsor (empty sponsorAFMName)
Ψ38Λ4690Β3-ΑΦ0,2026-07-03,ΕΝΤΑΛΜΑ ΠΛΗΡΩΜΗΣ ΑΠΟΖΗΜΙΩΣΗ ΓΙΑ ΝΥΧΤΕΡΙΝΑ-ΕΞΑΙΡΕΣΙΜΑ-ΥΠΕΡΩΡ.ΑΠΑΣΧΟΛΗΣΗ (001628),,,215.25,anonymous sponsor (empty sponsorAFMName)
Ψ49Τ4690Β3-2ΞΑ,2026-07-03,ΕΝΤΑΛΜΑ ΠΛΗΡΩΜΗΣ ΑΠΟΖΗΜΕΙΩΣΗ ΤΕΙ-ΑΣΚΟΥΜΕΝΩΝ Ο.Α.Ε.Δ. (001607),,,225.68,anonymous sponsor (empty sponsorAFMName)
Ψ0Ζ04690Β3-3ΝΦ,2026-07-03,ΕΝΤΑΛΜΑ ΠΛΗΡΩΜΗΣ ΑΠΟΖΗΜΕΙΩΣΗ ΤΕΙ-ΑΣΚΟΥΜΕΝΩΝ Ο.Α.Ε.Δ. (001607),,,734.35,anonymous sponsor (empty sponsorAFMName)
ΨΚ684690Β3-2ΑΟ,2026-07-03,ΕΝΤΑΛΜΑ ΠΛΗΡΩΜΗΣ ΑΠΟΖΗΜΙΩΣΗ ΓΙΑ ΝΥΧΤΕΡΙΝΑ-ΕΞΑΙΡΕΣΙΜΑ-ΥΠΕΡΩΡ.ΑΠΑΣΧΟΛΗΣΗ (001628),,,620.34,anonymous sponsor (empty sponsorAFMName)
ΨΜΒ84690Β3-9ΙΦ,2026-07-03,ΕΝΤΑΛΜΑ ΠΛΗΡΩΜΗΣ ΔΙΚΑΙΟΥΧΟΙ ΑΜΟΙΒΩΝ (001600),,,1666.00,anonymous sponsor (empty sponsorAFMName)
6Ν314690Β3-ΒΜΣ,2026-07-03,ΕΝΤΑΛΜΑ ΠΛΗΡΩΜΗΣ ΑΠΟΖΗΜΙΩΣΗ ΓΙΑ ΝΥΧΤΕΡΙΝΑ-ΕΞΑΙΡΕΣΙΜΑ-ΥΠΕΡΩΡ.ΑΠΑΣΧΟΛΗΣΗ (001628),,,4663.11,anonymous sponsor (empty sponsorAFMName)
ΨΒΑΥ4690Β3-ΗΛΛ,2026-07-03,ΕΝΤΑΛΜΑ ΠΛΗΡΩΜΗΣ ΑΠΟΖΗΜΙΩΣΗ ΓΙΑ ΝΥΧΤΕΡΙΝΑ-ΕΞΑΙΡΕΣΙΜΑ-ΥΠΕΡΩΡ.ΑΠΑΣΧΟΛΗΣΗ (001628),,,1030.55,anonymous sponsor (empty sponsorAFMName)
ΨΑΧΤ4690Β3-577,2026-07-03,ΕΝΤΑΛΜΑ ΠΛΗΡΩΜΗΣ ΑΠΟΖΗΜΙΩΣΗ ΓΙΑ ΝΥΧΤΕΡΙΝΑ-ΕΞΑΙΡΕΣΙΜΑ-ΥΠΕΡΩΡ.ΑΠΑΣΧΟΛΗΣΗ (001628),,,780.31,anonymous sponsor (empty sponsorAFMName)
ΨΙ9Η4690Β3-ΖΩΔ,2026-07-03,ΕΝΤΑΛΜΑ ΠΛΗΡΩΜΗΣ ΑΠΟΖΗΜΙΩΣΗ ΓΙΑ ΝΥΧΤΕΡΙΝΑ-ΕΞΑΙΡΕΣΙΜΑ-ΥΠΕΡΩΡ.ΑΠΑΣΧΟΛΗΣΗ (001628),,,2297.82,anonymous sponsor (empty sponsorAFMName)
ΨΙ9Ι4690Β3-872,2026-07-03,ΕΝΤΑΛΜΑ ΠΛΗΡΩΜΗΣ ΑΠΟΖΗΜΙΩΣΗ ΓΙΑ ΝΥΧΤΕΡΙΝΑ-ΕΞΑΙΡΕΣΙΜΑ-ΥΠΕΡΩΡ.ΑΠΑΣΧΟΛΗΣΗ (001628),,,555.87,anonymous sponsor (empty sponsorAFMName)
9ΦΦΥ4690Β3-515,2026-07-03,ΕΝΤΑΛΜΑ ΠΛΗΡΩΜΗΣ ΑΠΟΖΗΜΙΩΣΗ ΓΙΑ ΝΥΧΤΕΡΙΝΑ-ΕΞΑΙΡΕΣΙΜΑ-ΥΠΕΡΩΡ.ΑΠΑΣΧΟΛΗΣΗ (001628),,,446.10,anonymous sponsor (empty sponsorAFMName)
ΨΙΣ64690Β3-ΕΛΨ,2026-07-02,ΕΝΤΑΛΜΑ ΠΛΗΡΩΜΗΣ ΑΠΟΖΗΜΙΩΣΗ ΓΙΑ ΝΥΧΤΕΡΙΝΑ-ΕΞΑΙΡΕΣΙΜΑ-ΥΠΕΡΩΡ.ΑΠΑΣΧΟΛΗΣΗ (001628),,,280.72,anonymous sponsor (empty sponsorAFMName)
ΨΠΗΚ4690Β3-ΗΟΜ,2026-07-02,ΕΝΤΑΛΜΑ ΠΛΗΡΩΜΗΣ ΑΠΟΖΗΜΙΩΣΗ ΓΙΑ ΝΥΧΤΕΡΙΝΑ-ΕΞΑΙΡΕΣΙΜΑ-ΥΠΕΡΩΡ.ΑΠΑΣΧΟΛΗΣΗ (001628),,,407.25,anonymous sponsor (empty sponsorAFMName)
Ψ5ΤΧ4690Β3-Ω5Κ,2026-07-02,ΕΝΤΑΛΜΑ ΠΛΗΡΩΜΗΣ ΑΠΟΖΗΜΙΩΣΗ ΓΙΑ ΝΥΧΤΕΡΙΝΑ-ΕΞΑΙΡΕΣΙΜΑ-ΥΠΕΡΩΡ.ΑΠΑΣΧΟΛΗΣΗ (001628),,,649.83,anonymous sponsor (empty sponsorAFMName)
6ΖΓΗ4690Β3-ΑΗΦ,2026-07-02,ΕΝΤΑΛΜΑ ΠΛΗΡΩΜΗΣ ΑΠΟΖΗΜΙΩΣΗ ΓΙΑ ΝΥΧΤΕΡΙΝΑ-ΕΞΑΙΡΕΣΙΜΑ-ΥΠΕΡΩΡ.ΑΠΑΣΧΟΛΗΣΗ (001628),,,8648.87,anonymous sponsor (empty sponsorAFMName)
964Κ4690Β3-5ΝΘ,2026-07-02,ΕΝΤΑΛΜΑ ΠΛΗΡΩΜΗΣ ΑΠΟΖΗΜΙΩΣΗ ΓΙΑ ΝΥΧΤΕΡΙΝΑ-ΕΞΑΙΡΕΣΙΜΑ-ΥΠΕΡΩΡ.ΑΠΑΣΧΟΛΗΣΗ (001628),,,4155.32,anonymous sponsor (empty sponsorAFMName)
ΨΙ2Ε4690Β3-284,2026-07-02,ΕΝΤΑΛΜΑ ΠΛΗΡΩΜΗΣ ΑΠΟΖΗΜΙΩΣΗ ΓΙΑ ΝΥΧΤΕΡΙΝΑ-ΕΞΑΙΡΕΣΙΜΑ-ΥΠΕΡΩΡ.ΑΠΑΣΧΟΛΗΣΗ (001628),,,1525.51,anonymous sponsor (empty sponsorAFMName)
ΕΠ384690Β3-5ΕΣ,2026-07-02,ΕΝΤΑΛΜΑ ΠΛΗΡΩΜΗΣ ΑΠΟΖΗΜΙΩΣΗ ΓΙΑ ΝΥΧΤΕΡΙΝΑ-ΕΞΑΙΡΕΣΙΜΑ-ΥΠΕΡΩΡ.ΑΠΑΣΧΟΛΗΣΗ (001628),,,358.36,anonymous sponsor (empty sponsorAFMName)
ΡΝΡ54690Β3-ΡΣΡ,2026-07-02,ΕΝΤΑΛΜΑ ΠΛΗΡΩΜΗΣ ΑΠΟΖΗΜΙΩΣΗ ΓΙΑ ΝΥΧΤΕΡΙΝΑ-ΕΞΑΙΡΕΣΙΜΑ-ΥΠΕΡΩΡ.ΑΠΑΣΧΟΛΗΣΗ (001628),,,1113.77,anonymous sponsor (empty sponsorAFMName)
ΨΥΕΞ4690Β3-ΥΜ5,2026-07-02,ΕΝΤΑΛΜΑ ΠΛΗΡΩΜΗΣ ΑΠΟΖΗΜΙΩΣΗ ΓΙΑ ΝΥΧΤΕΡΙΝΑ-ΕΞΑΙΡΕΣΙΜΑ-ΥΠΕΡΩΡ.ΑΠΑΣΧΟΛΗΣΗ (001628),,,1465.90,anonymous sponsor (empty sponsorAFMName)
62ΩΨ4690Β3-ΞΗΚ,2026-07-02,ΕΝΤΑΛΜΑ ΠΛΗΡΩΜΗΣ ΑΠΟΖΗΜΙΩΣΗ ΓΙΑ ΝΥΧΤΕΡΙΝΑ-ΕΞΑΙΡΕΣΙΜΑ-ΥΠΕΡΩΡ.ΑΠΑΣΧΟΛΗΣΗ (001628),,,379.15,anonymous sponsor (empty sponsorAFMName)
9ΕΜΧ4690Β3-ΚΓΔ,2026-07-02,ΕΝΤΑΛΜΑ ΠΛΗΡΩΜΗΣ ΑΠΟΖΗΜΙΩΣΗ ΓΙΑ ΝΥΧΤΕΡΙΝΑ-ΕΞΑΙΡΕΣΙΜΑ-ΥΠΕΡΩΡ.ΑΠΑΣΧΟΛΗΣΗ (001628),,,3431.76,anonymous sponsor (empty sponsorAFMName)
Ψ0Δ34690Β3-ΦΨΑ,2026-07-02,ΕΝΤΑΛΜΑ ΠΛΗΡΩΜΗΣ ΑΠΟΖΗΜΙΩΣΗ ΓΙΑ ΝΥΧΤΕΡΙΝΑ-ΕΞΑΙΡΕΣΙΜΑ-ΥΠΕΡΩΡ.ΑΠΑΣΧΟΛΗΣΗ (001628),,,6923.31,anonymous sponsor (empty sponsorAFMName)
9ΦΨ54690Β3-1Α9,2026-07-02,ΕΝΤΑΛΜΑ ΠΛΗΡΩΜΗΣ ΑΠΟΖΗΜΙΩΣΗ ΓΙΑ ΝΥΧΤΕΡΙΝΑ-ΕΞΑΙΡΕΣΙΜΑ-ΥΠΕΡΩΡ.ΑΠΑΣΧΟΛΗΣΗ (001628),,,8683.65,anonymous sponsor (empty sponsorAFMName)
ΡΤΙΤ4690Β3-ΥΔΒ,2026-07-02,ΕΝΤΑΛΜΑ ΠΛΗΡΩΜΗΣ ΑΠΟΖΗΜΙΩΣΗ ΓΙΑ ΝΥΧΤΕΡΙΝΑ-ΕΞΑΙΡΕΣΙΜΑ-ΥΠΕΡΩΡ.ΑΠΑΣΧΟΛΗΣΗ (001628),,,1174.62,anonymous sponsor (empty sponsorAFMName)
ΡΓΝΗ4690Β3-ΥΓ4,2026-07-02,ΕΝΤΑΛΜΑ ΠΛΗΡΩΜΗΣ ΑΠΟΖΗΜΙΩΣΗ ΓΙΑ ΝΥΧΤΕΡΙΝΑ-ΕΞΑΙΡΕΣΙΜΑ-ΥΠΕΡΩΡ.ΑΠΑΣΧΟΛΗΣΗ (001628),,,10331.97,anonymous sponsor (empty sponsorAFMName)
ΡΞ194690Β3-Σ1Μ,2026-07-02,ΕΝΤΑΛΜΑ ΠΛΗΡΩΜΗΣ ΑΠΟΖΗΜΙΩΣΗ ΓΙΑ ΝΥΧΤΕΡΙΝΑ-ΕΞΑΙΡΕΣΙΜΑ-ΥΠΕΡΩΡ.ΑΠΑΣΧΟΛΗΣΗ (001628),,,12467.01,anonymous sponsor (empty sponsorAFMName)
ΡΣ2Ε4690Β3-Ε6Δ,2026-07-02,ΕΝΤΑΛΜΑ ΠΛΗΡΩΜΗΣ ΑΠΟΖΗΜΙΩΣΗ ΓΙΑ ΝΥΧΤΕΡΙΝΑ-ΕΞΑΙΡΕΣΙΜΑ-ΥΠΕΡΩΡ.ΑΠΑΣΧΟΛΗΣΗ (001628),,,1266.60,anonymous sponsor (empty sponsorAFMName)
ΨΗΝΨ4690Β3-ΥΔ3,2026-07-02,ΕΝΤΑΛΜΑ ΠΛΗΡΩΜΗΣ ΑΠΟΖΗΜΙΩΣΗ ΕΦΗΜΕΡΙΩΝ (002535),,,3028.44,anonymous sponsor (empty sponsorAFMName)
ΡΥΛΦ4690Β3-ΛΒΔ,2026-07-02,ΕΝΤΑΛΜΑ ΠΛΗΡΩΜΗΣ ΑΠΟΖΗΜΙΩΣΗ ΕΦΗΜΕΡΙΩΝ (002535),,,3563.92,anonymous sponsor (empty sponsorAFMName)
9ΙΚΖ4690Β3-ΘΜΖ,2026-07-02,ΕΝΤΑΛΜΑ ΠΛΗΡΩΜΗΣ ΑΠΟΖΗΜΙΩΣΗ ΕΦΗΜΕΡΙΩΝ (002535),,,4679.78,anonymous sponsor (empty sponsorAFMName)
Ρ7Υ74690Β3-ΟΚΤ,2026-07-02,ΕΝΤΑΛΜΑ ΠΛΗΡΩΜΗΣ ΑΠΟΖΗΜΙΩΣΗ ΕΦΗΜΕΡΙΩΝ (002535),,,255.53,anonymous sponsor (empty sponsorAFMName)
6Σ914690Β3-ΘΧΒ,2026-07-02,ΕΝΤΑΛΜΑ ΠΛΗΡΩΜΗΣ ΑΠΟΖΗΜΙΩΣΗ ΕΦΗΜΕΡΙΩΝ (002535),,,2684.44,anonymous sponsor (empty sponsorAFMName)
9ΦΦΥ4690Β3-3ΔΨ,2026-07-02,ΕΝΤΑΛΜΑ ΠΛΗΡΩΜΗΣ ΑΠΟΖΗΜΙΩΣΗ ΕΦΗΜΕΡΙΩΝ (002535),,,317.64,anonymous sponsor (empty sponsorAFMName)
6ΝΨΕ4690Β3-ΔΦΟ,2026-07-02,ΕΝΤΑΛΜΑ ΠΛΗΡΩΜΗΣ ΑΠΟΖΗΜΙΩΣΗ ΕΦΗΜΕΡΙΩΝ (002535),,,17825.28,anonymous sponsor (empty sponsorAFMName)
Ρ4ΦΨ4690Β3-Φ06,2026-07-02,ΕΝΤΑΛΜΑ ΠΛΗΡΩΜΗΣ ΑΠΟΖΗΜΙΩΣΗ ΕΦΗΜΕΡΙΩΝ (002535),,,20880.42,anonymous sponsor (empty sponsorAFMName)
ΨΔΟ64690Β3-ΥΡΙ,2026-07-02,ΕΝΤΑΛΜΑ ΠΛΗΡΩΜΗΣ ΑΠΟΖΗΜΙΩΣΗ ΕΦΗΜΕΡΙΩΝ (002535),,,83439.80,anonymous sponsor (empty sponsorAFMName)
ΨΗΤΔ4690Β3-8Δ5,2026-07-02,ΕΝΤΑΛΜΑ ΠΛΗΡΩΜΗΣ ΕΠΙΚΟΥΡΙΚΟ ΝΟΣΗΛΕΥΤΙΚΟ-ΠΑΡΑΪΑΤΡΙΚΟ ΠΡΟΣΩΠΙΚΟ (000001634),,,49.58,anonymous sponsor (empty sponsorAFMName)
Ψ4Π54690Β3-6ΘΡ,2026-07-02,ΕΝΤΑΛΜΑ ΠΛΗΡΩΜΗΣ ΕΠΙΚΟΥΡΙΚΟ ΝΟΣΗΛΕΥΤΙΚΟ-ΠΑΡΑΪΑΤΡΙΚΟ ΠΡΟΣΩΠΙΚΟ (000001634),,,1964.11,anonymous sponsor (empty sponsorAFMName)
9ΥΤΧ4690Β3-ΕΑΤ,2026-07-02,ΕΝΤΑΛΜΑ ΠΛΗΡΩΜΗΣ EΠΙΚΟΥΡΙΚΟΙ ΙΑΤΡΟΙ Ε.Σ.Υ. (000001629),,,97.44,anonymous sponsor (empty sponsorAFMName)
9ΞΧ64690Β3-ΧΑΣ,2026-07-02,ΕΝΤΑΛΜΑ ΠΛΗΡΩΜΗΣ ΕΠΟΧΙΚΟ ΠΡΟΣΩΠΙΚΟ ΚΑΘΑΡΙΟΤΗΤΑΣ (999111999),,,1140.34,anonymous sponsor (empty sponsorAFMName)
ΨΕ6Ι4690Β3-3ΣΥ,2026-07-02,ΕΝΤΑΛΜΑ ΠΛΗΡΩΜΗΣ ΕΠΙΚΟΥΡΙΚΟ ΝΟΣΗΛΕΥΤΙΚΟ-ΠΑΡΑΪΑΤΡΙΚΟ ΠΡΟΣΩΠΙΚΟ (000001634),,,48.72,anonymous sponsor (empty sponsorAFMName)
ΨΖΤΛ4690Β3-ΟΔ8,2026-07-02,ΕΝΤΑΛΜΑ ΠΛΗΡΩΜΗΣ ΕΠΙΚΟΥΡΙΚΟ ΝΟΣΗΛΕΥΤΙΚΟ-ΠΑΡΑΪΑΤΡΙΚΟ ΠΡΟΣΩΠΙΚΟ (000001634),,,980.82,anonymous sponsor (empty sponsorAFMName)
ΨΒ8Τ4690Β3-Υ2Ψ,2026-07-02,ΕΝΤΑΛΜΑ ΠΛΗΡΩΜΗΣ EΠΙΚΟΥΡΙΚΟΙ ΙΑΤΡΟΙ Ε.Σ.Υ. (000001629),,,898.07,anonymous sponsor (empty sponsorAFMName)
9ΗΟ84690Β3-Χ4Κ,2026-07-02,ΕΝΤΑΛΜΑ ΠΛΗΡΩΜΗΣ ΕΠΙΚΟΥΡΙΚΟ ΝΟΣΗΛΕΥΤΙΚΟ-ΠΑΡΑΪΑΤΡΙΚΟ ΠΡΟΣΩΠΙΚΟ (000001634),,,1859.10,anonymous sponsor (empty sponsorAFMName)
ΨΚΜΡ4690Β3-ΝΥΣ,2026-07-02,ΕΝΤΑΛΜΑ ΠΛΗΡΩΜΗΣ ΕΠΙΚΟΥΡΙΚΟ ΝΟΣΗΛΕΥΤΙΚΟ-ΠΑΡΑΪΑΤΡΙΚΟ ΠΡΟΣΩΠΙΚΟ (000001634),,,3267.43,anonymous sponsor (empty sponsorAFMName)
9ΓΦ94690Β3-6Ν5,2026-07-02,ΕΝΤΑΛΜΑ ΠΛΗΡΩΜΗΣ ΕΠΙΚΟΥΡΙΚΟ ΝΟΣΗΛΕΥΤΙΚΟ-ΠΑΡΑΪΑΤΡΙΚΟ ΠΡΟΣΩΠΙΚΟ (000001634),,,58926.58,anonymous sponsor (empty sponsorAFMName)
ΨΔΤΜ4690Β3-ΧΛΑ,2026-07-02,ΕΝΤΑΛΜΑ ΠΛΗΡΩΜΗΣ EΠΙΚΟΥΡΙΚΟΙ ΙΑΤΡΟΙ Ε.Σ.Υ. (000001629),,,6127.25,anonymous sponsor (empty sponsorAFMName)
9Φ5Ο4690Β3-ΘΥ2,2026-07-02,ΕΝΤΑΛΜΑ ΠΛΗΡΩΜΗΣ ΕΠΟΧΙΚΟ ΠΡΟΣΩΠΙΚΟ ΚΑΘΑΡΙΟΤΗΤΑΣ (999111999),,,211.40,anonymous sponsor (empty sponsorAFMName)
9ΤΡΗ4690Β3-6ΩΠ,2026-07-02,ΕΝΤΑΛΜΑ ΠΛΗΡΩΜΗΣ ΕΠΟΧΙΚΟ ΠΡΟΣΩΠΙΚΟ ΚΑΘΑΡΙΟΤΗΤΑΣ (999111999),,,33582.84,anonymous sponsor (empty sponsorAFMName)
95ΡΒ4690Β3-ΒΡ0,2026-07-01,ΕΝΤΑΛΜΑ ΠΛΗΡΩΜΗΣ ΕΡΓΟΔ.ΕΙΣΦ.ΙΚΑ ΑΣΚΟΥΜ.ΤΕΕ-ΙΕΚ.ΧΩΡ.ΑΜΟΙΒ.ΓΙΑ ΑΤΥΧΗΜ (001690),,,57.44,anonymous sponsor (empty sponsorAFMName)
91Υ04690Β3-ΤΣΙ,2026-07-01,ΕΝΤΑΛΜΑ ΠΛΗΡΩΜΗΣ ΕΠΙΚΟΥΡΙΚΟ ΝΟΣΗΛΕΥΤΙΚΟ-ΠΑΡΑΪΑΤΡΙΚΟ ΠΡΟΣΩΠΙΚΟ (000001634),,,1898.70,anonymous sponsor (empty sponsorAFMName)
ΨΠ6Ψ4690Β3-ΓΣΩ,2026-07-01,ΕΝΤΑΛΜΑ ΠΛΗΡΩΜΗΣ ΕΠΙΚΟΥΡΙΚΟ ΝΟΣΗΛΕΥΤΙΚΟ-ΠΑΡΑΪΑΤΡΙΚΟ ΠΡΟΣΩΠΙΚΟ (000001634),,,6715.72,anonymous sponsor (empty sponsorAFMName)
Ψ21Λ4690Β3-6ΑΒ,2026-07-01,ΕΝΤΑΛΜΑ ΠΛΗΡΩΜΗΣ EΠΙΚΟΥΡΙΚΟΙ ΙΑΤΡΟΙ Ε.Σ.Υ. (000001629),,,1738.94,anonymous sponsor (empty sponsorAFMName)
9ΘΥΙ4690Β3-Φ5Ω,2026-07-01,ΕΝΤΑΛΜΑ ΠΛΗΡΩΜΗΣ ΕΠΙΚΟΥΡΙΚΟ ΝΟΣΗΛΕΥΤΙΚΟ-ΠΑΡΑΪΑΤΡΙΚΟ ΠΡΟΣΩΠΙΚΟ (000001634),,,28868.95,anonymous sponsor (empty sponsorAFMName)
ΡΩ4Γ4690Β3-Γ2Μ,2026-07-01,ΕΝΤΑΛΜΑ ΠΛΗΡΩΜΗΣ EΠΙΚΟΥΡΙΚΟΙ ΙΑΤΡΟΙ Ε.Σ.Υ. (000001629),,,48025.43,anonymous sponsor (empty sponsorAFMName)
9Ξ5Μ4690Β3-ΨΙΣ,2026-07-01,ΕΝΤΑΛΜΑ ΠΛΗΡΩΜΗΣ EΠΙΚΟΥΡΙΚΟΙ ΙΑΤΡΟΙ Ε.Σ.Υ. (000001629),,,2384.81,anonymous sponsor (empty sponsorAFMName)
9ΨΓ44690Β3-ΓΟΓ,2026-06-30,ΕΝΤΑΛΜΑ ΠΛΗΡΩΜΗΣ ΚΕΡΚΥΡΑΪΚΗ ΕΤΑΙΡΕΙΑ ΚΡΕΑΤΩΝ ΑΕ (099346780),,,4271.34,anonymous sponsor (empty sponsorAFMName)
Ψ7ΤΠ4690Β3-ΧΜ3,2026-06-30,ΕΝΤΑΛΜΑ ΠΛΗΡΩΜΗΣ ΚΕΡΚΥΡΑΪΚΗ ΕΤΑΙΡΕΙΑ ΚΡΕΑΤΩΝ ΑΕ (099346780),,,2486.29,anonymous sponsor (empty sponsorAFMName)
ΨΔΞΩ4690Β3-ΟΦΞ,2026-06-30,ΕΝΤΑΛΜΑ ΠΛΗΡΩΜΗΣ ΕΙΣΦΟΡΕΣ ΑΠΑΣΧ/ΝΩΝ ΟΑΕΔ ΜΕΣΩ ΠΡΟΓ. ΚΟΙΝΩΦ. ΧΑΡΑΚΤΗΡΑ (),,,837.70,anonymous sponsor (empty sponsorAFMName)
6ΥΤΝ4690Β3-Β0Γ,2026-06-29,ΕΝΤΑΛΜΑ ΠΛΗΡΩΜΗΣ ΚΡΑΤ.3391-54.03.00.0001 Φ.Μ.Υ. (001512),,,18.26,anonymous sponsor (empty sponsorAFMName)
ΡΕΣΨ4690Β3-0ΥΕ,2026-06-29,ΕΝΤΑΛΜΑ ΠΛΗΡΩΜΗΣ ΚΡΑΤ.3391-54.03.00.0001 Φ.Μ.Υ. (001512),,,83.79,anonymous sponsor (empty sponsorAFMName)
Ρ33Α4690Β3-ΞΥ4,2026-06-29,ΕΝΤΑΛΜΑ ΠΛΗΡΩΜΗΣ ΚΡΑΤ.3391-54.03.00.0001 Φ.Μ.Υ. (001512),,,118.65,anonymous sponsor (empty sponsorAFMName)
ΡΘ0Ο4690Β3-ΖΡΙ,2026-06-29,ΕΝΤΑΛΜΑ ΠΛΗΡΩΜΗΣ ΕΙΣΦΟΡΕΣ ΑΠΑΣΧ/ΝΩΝ ΟΑΕΔ ΜΕΣΩ ΠΡΟΓ. ΚΟΙΝΩΦ. ΧΑΡΑΚΤΗΡΑ (),,,18.26,anonymous sponsor (empty sponsorAFMName)
ΡΘΡΩ4690Β3-ΕΔ8,2026-06-29,ΕΝΤΑΛΜΑ ΠΛΗΡΩΜΗΣ ΕΙΣΦΟΡΕΣ ΑΠΑΣΧ/ΝΩΝ ΟΑΕΔ ΜΕΣΩ ΠΡΟΓ. ΚΟΙΝΩΦ. ΧΑΡΑΚΤΗΡΑ (),,,880.42,anonymous sponsor (empty sponsorAFMName)
ΡΙΖΜ4690Β3-428,2026-06-29,ΕΝΤΑΛΜΑ ΠΛΗΡΩΜΗΣ ΕΙΣΦΟΡΕΣ ΑΠΑΣΧ/ΝΩΝ ΟΑΕΔ ΜΕΣΩ ΠΡΟΓ. ΚΟΙΝΩΦ. ΧΑΡΑΚΤΗΡΑ (),,,3079.29,anonymous sponsor (empty sponsorAFMName)
ΨΗΠ14690Β3-ΒΔ1,2026-06-29,ΕΝΤΑΛΜΑ ΠΛΗΡΩΜΗΣ ΚΡΑΤ.3391-54.04.02.0001 Χ/ΜΑ και ΟΓΑ Χ/ΜΩΝ (),,,0.20,anonymous sponsor (empty sponsorAFMName)
ΨΜΠΨ4690Β3-7Λ7,2026-06-29,ΕΝΤΑΛΜΑ ΠΛΗΡΩΜΗΣ ΚΡΑΤ.3391-54.09.14.0001 ΦΟΡΟΣ ΠΡΟΜΗΘΕΥΤΩΝ (001510),,,265.42,anonymous sponsor (empty sponsorAFMName)
ΡΙΖΕ4690Β3-9ΗΘ,2026-06-29,ΕΝΤΑΛΜΑ ΠΛΗΡΩΜΗΣ ΚΡΑΤ.3391-53.20.00.0001 ΕΛΛΗΝΙΚΟ ΔΗΜΟΣΙΟ (001506),,,532.82,anonymous sponsor (empty sponsorAFMName)
Ψ5ΝΙ4690Β3-ΖΣΑ,2026-06-29,ΕΝΤΑΛΜΑ ΠΛΗΡΩΜΗΣ ΚΡΑΤ.3391-53.20.00.0001 ΕΛΛΗΝΙΚΟ ΔΗΜΟΣΙΟ (001506),,,10.05,anonymous sponsor (empty sponsorAFMName)
Ψ8Ψ54690Β3-1ΓΒ,2026-06-29,ΕΝΤΑΛΜΑ ΠΛΗΡΩΜΗΣ ΚΡΑΤ.3391-53.20.00.0001 ΕΛΛΗΝΙΚΟ ΔΗΜΟΣΙΟ (001506),,,1.38,anonymous sponsor (empty sponsorAFMName)
95Τ84690Β3-ΖΥΜ,2026-06-29,ΕΝΤΑΛΜΑ ΠΛΗΡΩΜΗΣ ΚΡΑΤ.3391-54.04.02.0001 Χ/ΜΑ και ΟΓΑ Χ/ΜΩΝ (),,,13.80,anonymous sponsor (empty sponsorAFMName)
9ΘΛΓ4690Β3-ΘΡ7,2026-06-29,ΕΝΤΑΛΜΑ ΠΛΗΡΩΜΗΣ ΚΡΑΤ.3391-54.04.00.0001 ΦΟΡΟΣ ΕΛΕΥΘΕΡ.ΕΠΑΓΓΕΛΜΑΤ (),,,4764.08,anonymous sponsor (empty sponsorAFMName)
9ΘΡΘ4690Β3-7Η3,2026-06-29,ΕΝΤΑΛΜΑ ΠΛΗΡΩΜΗΣ ΚΡΑΤ.3391-54.09.14.0001 ΦΟΡΟΣ ΠΡΟΜΗΘΕΥΤΩΝ (001510),,,23600.74,anonymous sponsor (empty sponsorAFMName)
ΨΦ5Ε4690Β3-ΩΥΜ,2026-06-29,ΕΝΤΑΛΜΑ ΠΛΗΡΩΜΗΣ ΚΡΑΤ.3391-53.20.00.0001 ΕΛΛΗΝΙΚΟ ΔΗΜΟΣΙΟ (001506),,,8695.64,anonymous sponsor (empty sponsorAFMName)
ΨΝΝΜ4690Β3-3Υ8,2026-06-29,ΕΝΤΑΛΜΑ ΠΛΗΡΩΜΗΣ ΚΡΑΤ.3391-53.20.00.0001 ΕΛΛΗΝΙΚΟ ΔΗΜΟΣΙΟ (001506),,,41.06,anonymous sponsor (empty sponsorAFMName)
ΡΒΛΗ4690Β3-ΤΝ3,2026-06-29,ΕΝΤΑΛΜΑ ΠΛΗΡΩΜΗΣ ΚΡΑΤ.3391-53.20.00.0001 ΕΛΛΗΝΙΚΟ ΔΗΜΟΣΙΟ (001506),,,481.03,anonymous sponsor (empty sponsorAFMName)
ΨΒΨΗ4690Β3-ΑΡΟ,2026-06-29,ΕΝΤΑΛΜΑ ΠΛΗΡΩΜΗΣ ΚΡΑΤ.3391-53.20.00.0001 ΕΛΛΗΝΙΚΟ ΔΗΜΟΣΙΟ (001506),,,4.47,anonymous sponsor (empty sponsorAFMName)
ΨΤΝΘ4690Β3-ΥΘΑ,2026-06-25,ΕΝΤΑΛΜΑ ΠΛΗΡΩΜΗΣ ΚΡΑΤ.3391-54.09.14.0001 ΦΟΡΟΣ ΠΡΟΜΗΘΕΥΤΩΝ (001510),,,9077.26,anonymous sponsor (empty sponsorAFMName)
68ΜΙ4690Β3-ΥΒΓ,2026-06-25,ΕΝΤΑΛΜΑ ΠΛΗΡΩΜΗΣ ΚΡΑΤ.3391-53.20.00.0001 ΕΛΛΗΝΙΚΟ ΔΗΜΟΣΙΟ (001506),,,227.20,anonymous sponsor (empty sponsorAFMName)
ΡΑΖΑ4690Β3-ΩΝΠ,2026-06-23,ΕΝΤΑΛΜΑ ΠΛΗΡΩΜΗΣ ΚΩΝΣΤΑΝΤΙΝΟΣ ΑΝΑΣΤΟΠΟΥΛΟΣ-ΑΙΚΑΤΕΡΙΝΗ ΝΑΤΣΗ Ο.Ε. (800544921),,,3087.60,anonymous sponsor (empty sponsorAFMName)
ΨΞΦΕ4690Β3-ΑΚ2,2026-06-23,ΕΝΤΑΛΜΑ ΠΛΗΡΩΜΗΣ ΟΔΟΙΠΟΡΙΚΑ ΕΞΟΔΑ ΠΡΟΣ. ΝΟΣ/ΜΕΙΟΥ (001626),,,27.00,anonymous sponsor (empty sponsorAFMName)
Ψ34Υ4690Β3-ΒΝΟ,2026-06-23,ΕΝΤΑΛΜΑ ΠΛΗΡΩΜΗΣ ΟΔΟΙΠΟΡΙΚΑ ΕΞΟΔΑ ΠΡΟΣ. ΝΟΣ/ΜΕΙΟΥ (001626),,,54.00,anonymous sponsor (empty sponsorAFMName)
658Η4690Β3-ΡΞ2,2026-06-23,ΕΝΤΑΛΜΑ ΠΛΗΡΩΜΗΣ ΟΔΟΙΠΟΡΙΚΑ ΕΞΟΔΑ ΠΡΟΣ. ΝΟΣ/ΜΕΙΟΥ (001626),,,27.00,anonymous sponsor (empty sponsorAFMName)
ΨΤΑΒ4690Β3-511,2026-06-23,ΕΝΤΑΛΜΑ ΠΛΗΡΩΜΗΣ ΟΔΟΙΠΟΡΙΚΑ ΕΞΟΔΑ ΠΡΟΣ. ΝΟΣ/ΜΕΙΟΥ (001626),,,27.00,anonymous sponsor (empty sponsorAFMName)
9ΣΒ04690Β3-ΔΨ0,2026-06-23,ΕΝΤΑΛΜΑ ΠΛΗΡΩΜΗΣ ΟΔΟΙΠΟΡΙΚΑ ΕΞΟΔΑ ΠΡΟΣ. ΝΟΣ/ΜΕΙΟΥ (001626),,,215.68,anonymous sponsor (empty sponsorAFMName)
ΨΛ6Η4690Β3-ΤΘΑ,2026-06-23,ΕΝΤΑΛΜΑ ΠΛΗΡΩΜΗΣ ΟΔΟΙΠΟΡΙΚΑ ΕΞΟΔΑ ΠΡΟΣ. ΝΟΣ/ΜΕΙΟΥ (001626),,,27.00,anonymous sponsor (empty sponsorAFMName)
6ΔΒΩ4690Β3-Υ58,2026-06-23,ΕΝΤΑΛΜΑ ΠΛΗΡΩΜΗΣ ΟΔΟΙΠΟΡΙΚΑ ΕΞΟΔΑ ΠΡΟΣ. ΝΟΣ/ΜΕΙΟΥ (001626),,,27.00,anonymous sponsor (empty sponsorAFMName)
6Τ8Ν4690Β3-1ΟΝ,2026-06-23,ΕΝΤΑΛΜΑ ΠΛΗΡΩΜΗΣ ΚΟΙΝΟΧΡΗΣΤΑ (),,,165.66,anonymous sponsor (empty sponsorAFMName)
ΨΚ3Γ4690Β3-Θ97,2026-06-19,ΕΝΤΑΛΜΑ ΠΛΗΡΩΜΗΣ ΚΕΡΚΥΡΑΪΚΗ ΕΤΑΙΡΕΙΑ ΚΡΕΑΤΩΝ ΑΕ (099346780),,,1394.07,anonymous sponsor (empty sponsorAFMName)
9ΚΡΑ4690Β3-ΡΘΥ,2026-06-18,ΕΝΤΑΛΜΑ ΠΛΗΡΩΜΗΣ ΕΝΟΡΑΣΙΣ ΑΕ (094503580),,,1488.00,anonymous sponsor (empty sponsorAFMName)
Ψ3ΦΤ4690Β3-2ΣΜ,2026-06-16,ΕΝΤΑΛΜΑ ΠΛΗΡΩΜΗΣ ΕΝΟΡΑΣΙΣ ΑΕ (094503580),,,911.60,anonymous sponsor (empty sponsorAFMName)
9Φ4Μ4690Β3-3ΩΦ,2026-06-16,ΕΝΤΑΛΜΑ ΠΛΗΡΩΜΗΣ AMVIS ΕΛΛΑΣ ΕΜΠΟΡΙΑ ΧΗΜΙΚΩΝ   ΦΑΡΜ/ΚΩΝ ΠΡΟΪΟΝΤΩΝ ΜΟΝ/ΠΗ Α.Ε. (094317562),,,3390.00,anonymous sponsor (empty sponsorAFMName)
9ΚΠΑ4690Β3-ΦΡΦ,2026-06-15,ΕΝΤΑΛΜΑ ΠΛΗΡΩΜΗΣ DRAEGER HELLAS A.E (997799268),,,4285.44,anonymous sponsor (empty sponsorAFMName)
9ΧΣ44690Β3-ΑΚ6,2026-06-15,ΕΝΤΑΛΜΑ ΠΛΗΡΩΜΗΣ DRAEGER HELLAS A.E (997799268),,,2928.88,anonymous sponsor (empty sponsorAFMName)
Ρ4ΗΖ4690Β3-5Η5,2026-06-10,ΕΝΤΑΛΜΑ ΠΛΗΡΩΜΗΣ KnR Α.Ε. (997938212),,,4629.33,anonymous sponsor (empty sponsorAFMName)
Ψ4Σ24690Β3-ΔΛΗ,2026-06-10,ΕΝΤΑΛΜΑ ΠΛΗΡΩΜΗΣ KnR Α.Ε. (997938212),,,2976.40,anonymous sponsor (empty sponsorAFMName)
94034690Β3-ΒΚΙ,2026-06-10,ΕΝΤΑΛΜΑ ΠΛΗΡΩΜΗΣ ΚΩΝΣΤΑΝΤΙΝΟΣ ΑΝΑΣΤΟΠΟΥΛΟΣ-ΑΙΚΑΤΕΡΙΝΗ ΝΑΤΣΗ Ο.Ε. (800544921),,,3087.60,anonymous sponsor (empty sponsorAFMName)
ΕΡΠΧ4690Β3-ΔΨΥ,2026-06-09,ΕΝΤΑΛΜΑ ΠΛΗΡΩΜΗΣ ΚΕΡΚΥΡΑΪΚΗ ΕΤΑΙΡΕΙΑ ΚΡΕΑΤΩΝ ΑΕ (099346780),,,1720.38,anonymous sponsor (empty sponsorAFMName)
996Β4690Β3-Ψ09,2026-06-09,ΕΝΤΑΛΜΑ ΠΛΗΡΩΜΗΣ RONTIS HELLAS Α.Ε.Β.Ε. (πρώην ΜΕΝΤΙΣΠΕΣ ΑΕΒΕ) (095335610),,,2218.57,anonymous sponsor (empty sponsorAFMName)
6Ζ564690Β3-ΖΥΞ,2026-06-09,ΕΝΤΑΛΜΑ ΠΛΗΡΩΜΗΣ RONTIS HELLAS Α.Ε.Β.Ε. (πρώην ΜΕΝΤΙΣΠΕΣ ΑΕΒΕ) (095335610),,,4156.45,anonymous sponsor (empty sponsorAFMName)
ΨΒΝΛ4690Β3-ΗΧΦ,2026-06-09,ΕΝΤΑΛΜΑ ΠΛΗΡΩΜΗΣ RONTIS HELLAS Α.Ε.Β.Ε. (πρώην ΜΕΝΤΙΣΠΕΣ ΑΕΒΕ) (095335610),,,4935.84,anonymous sponsor (empty sponsorAFMName)
Ψ0Θ04690Β3-Α1Ψ,2026-06-09,ΕΝΤΑΛΜΑ ΠΛΗΡΩΜΗΣ RONTIS HELLAS Α.Ε.Β.Ε. (πρώην ΜΕΝΤΙΣΠΕΣ ΑΕΒΕ) (095335610),,,4685.45,anonymous sponsor (empty sponsorAFMName)
9ΙΥΙ4690Β3-6ΞΦ,2026-06-04,ΕΝΤΑΛΜΑ ΠΛΗΡΩΜΗΣ ΑΜΟΙΒΕΣ ΝΟΣΗΛΕΥΤΙΚΟΥ   ΛΟΙΠΟΥ ΠΡΟΣΩΠΙΚΟΥ ΣΥΜΜΕΤΟΧΗΣ ΣΕ ΑΠΟΓ .ΧΕΙΡΓ. (),,,769.30,anonymous sponsor (empty sponsorAFMName)
9ΠΕ24690Β3-ΜΔΑ,2026-06-04,ΕΝΤΑΛΜΑ ΠΛΗΡΩΜΗΣ ΑΜΟΙΒΕΣ ΔΙΟΙΚΗΤΙΚΟΥ   ΛΟΙΠΟΥ ΠΡΟΣΩΠΙΚΟΥ ΛΕΙΤΟΥΡΓΙΑΣ ΑΠΟΓΕΥΜΑΤΙΝΩΝ ΙΑΤΡΕΙΩΝ (55831111),,,630.00,anonymous sponsor (empty sponsorAFMName)
Ψ9Ζ74690Β3-644,2026-06-04,ΕΝΤΑΛΜΑ ΠΛΗΡΩΜΗΣ ΑΜΟΙΒΕΣ ΙΑΤΡΙΚΟΥ ΠΡΟΣΩΠΙΚΟΥ ΛΕΙΤΟΥΡΓΙΑΣ ΑΠΟΓΕΥΜΑΤΙΝΩΝ ΙΑΤΡΕΙΩΝ (210923000),,,2537.75,anonymous sponsor (empty sponsorAFMName)
Ρ47Κ4690Β3-1Ο1,2026-06-04,ΕΝΤΑΛΜΑ ΠΛΗΡΩΜΗΣ ΑΠΟΖΗΜΙΩΣΗ ΜΕΛΩΝ Δ.Σ. (001606),,,1650.00,anonymous sponsor (empty sponsorAFMName)
ΨΨΩΒ4690Β3-ΕΟ4,2026-06-04,ΕΝΤΑΛΜΑ ΠΛΗΡΩΜΗΣ ΑΠΟΖΗΜΙΩΣΗ ΕΦΗΜΕΡΙΩΝ (002535),,,401.82,anonymous sponsor (empty sponsorAFMName)
ΨΥ1Φ4690Β3-ΠΨ6,2026-06-04,ΕΝΤΑΛΜΑ ΠΛΗΡΩΜΗΣ ΑΠΟΖΗΜΙΩΣΗ ΕΦΗΜΕΡΙΩΝ (002535),,,253.78,anonymous sponsor (empty sponsorAFMName)
9ΕΘ94690Β3-ΘΥΛ,2026-06-04,ΕΝΤΑΛΜΑ ΠΛΗΡΩΜΗΣ ΑΠΟΖΗΜΙΩΣΗ ΕΦΗΜΕΡΙΩΝ (002535),,,591.65,anonymous sponsor (empty sponsorAFMName)
ΡΛΒΧ4690Β3-ΓΦΡ,2026-06-04,ΕΝΤΑΛΜΑ ΠΛΗΡΩΜΗΣ ΑΠΟΖΗΜΙΩΣΗ ΕΦΗΜΕΡΙΩΝ (002535),,,138.82,anonymous sponsor (empty sponsorAFMName)
Ψ5ΘΗ4690Β3-Ξ27,2026-06-04,ΕΝΤΑΛΜΑ ΠΛΗΡΩΜΗΣ ΑΠΟΖΗΜΙΩΣΗ ΕΦΗΜΕΡΙΩΝ (002535),,,2053.11,anonymous sponsor (empty sponsorAFMName)
6Τ5Ψ4690Β3-Ο4Ξ,2026-06-04,ΕΝΤΑΛΜΑ ΠΛΗΡΩΜΗΣ ΑΠΟΖΗΜΙΩΣΗ ΕΦΗΜΕΡΙΩΝ (002535),,,514.43,anonymous sponsor (empty sponsorAFMName)
9Π4Σ4690Β3-3ΤΞ,2026-06-04,ΕΝΤΑΛΜΑ ΠΛΗΡΩΜΗΣ ΑΠΟΖΗΜΙΩΣΗ ΕΦΗΜΕΡΙΩΝ (002535),,,1579.54,anonymous sponsor (empty sponsorAFMName)
Ψ10Ω4690Β3-Τ5Ι,2026-06-04,ΕΝΤΑΛΜΑ ΠΛΗΡΩΜΗΣ ΑΠΟΖΗΜΙΩΣΗ ΕΦΗΜΕΡΙΩΝ (002535),,,12294.27,anonymous sponsor (empty sponsorAFMName)
ΡΜ4Β4690Β3-ΩΞΥ,2026-06-04,ΕΝΤΑΛΜΑ ΠΛΗΡΩΜΗΣ ΑΠΟΖΗΜΙΩΣΗ ΕΦΗΜΕΡΙΩΝ (002535),,,94.95,anonymous sponsor (empty sponsorAFMName)
68ΘΕ4690Β3-ΠΧΓ,2026-06-04,ΕΝΤΑΛΜΑ ΠΛΗΡΩΜΗΣ ΑΠΟΖΗΜΙΩΣΗ ΕΦΗΜΕΡΙΩΝ (002535),,,246.61,anonymous sponsor (empty sponsorAFMName)
ΡΤΦΒ4690Β3-49Γ,2026-06-04,ΕΝΤΑΛΜΑ ΠΛΗΡΩΜΗΣ ΑΠΟΖΗΜΙΩΣΗ ΕΦΗΜΕΡΙΩΝ (002535),,,270.35,anonymous sponsor (empty sponsorAFMName)
9ΦΦΦ4690Β3-ΚΝΛ,2026-06-04,ΕΝΤΑΛΜΑ ΠΛΗΡΩΜΗΣ ΑΠΟΖΗΜΙΩΣΗ ΕΦΗΜΕΡΙΩΝ (002535),,,1757.04,anonymous sponsor (empty sponsorAFMName)
9ΡΧΘ4690Β3-ΥΚΨ,2026-06-04,ΕΝΤΑΛΜΑ ΠΛΗΡΩΜΗΣ ΑΠΟΖΗΜΙΩΣΗ ΕΦΗΜΕΡΙΩΝ (002535),,,567.61,anonymous sponsor (empty sponsorAFMName)
ΨΝΟΟ4690Β3-Κ24,2026-06-04,ΕΝΤΑΛΜΑ ΠΛΗΡΩΜΗΣ ΑΠΟΖΗΜΙΩΣΗ ΕΦΗΜΕΡΙΩΝ (002535),,,836.18,anonymous sponsor (empty sponsorAFMName)
9ΑΜΚ4690Β3-Χ54,2026-06-04,ΕΝΤΑΛΜΑ ΠΛΗΡΩΜΗΣ ΑΠΟΖΗΜΙΩΣΗ ΕΦΗΜΕΡΙΩΝ (002535),,,11765.57,anonymous sponsor (empty sponsorAFMName)
9ΑΣΣ4690Β3-ΟΘΓ,2026-06-04,ΕΝΤΑΛΜΑ ΠΛΗΡΩΜΗΣ ΑΠΟΖΗΜΙΩΣΗ ΜΕΛΩΝ Δ.Σ. (001606),,,1230.00,anonymous sponsor (empty sponsorAFMName)
ΨΠΝΜ4690Β3-ΔΦΗ,2026-06-04,ΕΝΤΑΛΜΑ ΠΛΗΡΩΜΗΣ ΑΠΟΖΗΜΙΩΣΗ ΓΙΑ ΝΥΧΤΕΡΙΝΑ-ΕΞΑΙΡΕΣΙΜΑ-ΥΠΕΡΩΡ.ΑΠΑΣΧΟΛΗΣΗ (001628),,,150.23,anonymous sponsor (empty sponsorAFMName)
9ΜΘΟ4690Β3-ΦΡ2,2026-06-04,ΕΝΤΑΛΜΑ ΠΛΗΡΩΜΗΣ ΑΠΟΖΗΜΙΩΣΗ ΓΙΑ ΝΥΧΤΕΡΙΝΑ-ΕΞΑΙΡΕΣΙΜΑ-ΥΠΕΡΩΡ.ΑΠΑΣΧΟΛΗΣΗ (001628),,,623.87,anonymous sponsor (empty sponsorAFMName)
Ψ0ΟΙ4690Β3-ΓΩΒ,2026-06-04,ΕΝΤΑΛΜΑ ΠΛΗΡΩΜΗΣ ΑΠΟΖΗΜΙΩΣΗ ΓΙΑ ΝΥΧΤΕΡΙΝΑ-ΕΞΑΙΡΕΣΙΜΑ-ΥΠΕΡΩΡ.ΑΠΑΣΧΟΛΗΣΗ (001628),,,2344.49,anonymous sponsor (empty sponsorAFMName)
9ΗΤΖ4690Β3-42Γ,2026-06-04,ΕΝΤΑΛΜΑ ΠΛΗΡΩΜΗΣ ΑΠΟΖΗΜΙΩΣΗ ΓΙΑ ΝΥΧΤΕΡΙΝΑ-ΕΞΑΙΡΕΣΙΜΑ-ΥΠΕΡΩΡ.ΑΠΑΣΧΟΛΗΣΗ (001628),,,5582.54,anonymous sponsor (empty sponsorAFMName)
9ΚΥΣ4690Β3-ΒΗ8,2026-06-04,ΕΝΤΑΛΜΑ ΠΛΗΡΩΜΗΣ ΑΠΟΖΗΜΙΩΣΗ ΓΙΑ ΝΥΧΤΕΡΙΝΑ-ΕΞΑΙΡΕΣΙΜΑ-ΥΠΕΡΩΡ.ΑΠΑΣΧΟΛΗΣΗ (001628),,,1062.20,anonymous sponsor (empty sponsorAFMName)
Ψ8Ω24690Β3-ΚΣ8,2026-06-04,ΕΝΤΑΛΜΑ ΠΛΗΡΩΜΗΣ ΑΠΟΖΗΜΙΩΣΗ ΓΙΑ ΝΥΧΤΕΡΙΝΑ-ΕΞΑΙΡΕΣΙΜΑ-ΥΠΕΡΩΡ.ΑΠΑΣΧΟΛΗΣΗ (001628),,,4476.71,anonymous sponsor (empty sponsorAFMName)
ΨΥΓΘ4690Β3-9ΨΕ,2026-06-04,ΕΝΤΑΛΜΑ ΠΛΗΡΩΜΗΣ ΑΠΟΖΗΜΙΩΣΗ ΓΙΑ ΝΥΧΤΕΡΙΝΑ-ΕΞΑΙΡΕΣΙΜΑ-ΥΠΕΡΩΡ.ΑΠΑΣΧΟΛΗΣΗ (001628),,,774.59,anonymous sponsor (empty sponsorAFMName)
9ΥΤΑ4690Β3-Χ4Λ,2026-06-04,ΕΝΤΑΛΜΑ ΠΛΗΡΩΜΗΣ ΑΠΟΖΗΜΙΩΣΗ ΓΙΑ ΝΥΧΤΕΡΙΝΑ-ΕΞΑΙΡΕΣΙΜΑ-ΥΠΕΡΩΡ.ΑΠΑΣΧΟΛΗΣΗ (001628),,,170.11,anonymous sponsor (empty sponsorAFMName)
ΨΔΥ94690Β3-Μ9Ν,2026-06-04,ΕΝΤΑΛΜΑ ΠΛΗΡΩΜΗΣ ΑΠΟΖΗΜΙΩΣΗ ΓΙΑ ΝΥΧΤΕΡΙΝΑ-ΕΞΑΙΡΕΣΙΜΑ-ΥΠΕΡΩΡ.ΑΠΑΣΧΟΛΗΣΗ (001628),,,2319.68,anonymous sponsor (empty sponsorAFMName)
968Ψ4690Β3-ΥΥ2,2026-06-04,ΕΝΤΑΛΜΑ ΠΛΗΡΩΜΗΣ ΑΠΟΖΗΜΙΩΣΗ ΓΙΑ ΝΥΧΤΕΡΙΝΑ-ΕΞΑΙΡΕΣΙΜΑ-ΥΠΕΡΩΡ.ΑΠΑΣΧΟΛΗΣΗ (001628),,,2896.26,anonymous sponsor (empty sponsorAFMName)
ΡΞΧΚ4690Β3-27Χ,2026-06-03,ΕΝΤΑΛΜΑ ΠΛΗΡΩΜΗΣ ΑΠΟΖΗΜΙΩΣΗ ΓΙΑ ΝΥΧΤΕΡΙΝΑ-ΕΞΑΙΡΕΣΙΜΑ-ΥΠΕΡΩΡ.ΑΠΑΣΧΟΛΗΣΗ (001628),,,571.70,anonymous sponsor (empty sponsorAFMName)
Ρ2Ο94690Β3-Λ6Σ,2026-06-03,ΕΝΤΑΛΜΑ ΠΛΗΡΩΜΗΣ ΑΠΟΖΗΜΙΩΣΗ ΓΙΑ ΝΥΧΤΕΡΙΝΑ-ΕΞΑΙΡΕΣΙΜΑ-ΥΠΕΡΩΡ.ΑΠΑΣΧΟΛΗΣΗ (001628),,,2598.49,anonymous sponsor (empty sponsorAFMName)
ΨΛ4Ο4690Β3-ΤΝΧ,2026-06-03,ΕΝΤΑΛΜΑ ΠΛΗΡΩΜΗΣ ΑΠΟΖΗΜΙΩΣΗ ΓΙΑ ΝΥΧΤΕΡΙΝΑ-ΕΞΑΙΡΕΣΙΜΑ-ΥΠΕΡΩΡ.ΑΠΑΣΧΟΛΗΣΗ (001628),,,520.41,anonymous sponsor (empty sponsorAFMName)
ΕΠΞ44690Β3-Ο14,2026-06-03,ΕΝΤΑΛΜΑ ΠΛΗΡΩΜΗΣ ΑΠΟΖΗΜΙΩΣΗ ΓΙΑ ΝΥΧΤΕΡΙΝΑ-ΕΞΑΙΡΕΣΙΜΑ-ΥΠΕΡΩΡ.ΑΠΑΣΧΟΛΗΣΗ (001628),,,277.32,anonymous sponsor (empty sponsorAFMName)
9ΧΥ24690Β3-Μ5Ω,2026-06-03,ΕΝΤΑΛΜΑ ΠΛΗΡΩΜΗΣ ΑΠΟΖΗΜΙΩΣΗ ΓΙΑ ΝΥΧΤΕΡΙΝΑ-ΕΞΑΙΡΕΣΙΜΑ-ΥΠΕΡΩΡ.ΑΠΑΣΧΟΛΗΣΗ (001628),,,354.60,anonymous sponsor (empty sponsorAFMName)
9ΗΦ34690Β3-ΕΩ2,2026-06-03,ΕΝΤΑΛΜΑ ΠΛΗΡΩΜΗΣ ΑΠΟΖΗΜΙΩΣΗ ΓΙΑ ΝΥΧΤΕΡΙΝΑ-ΕΞΑΙΡΕΣΙΜΑ-ΥΠΕΡΩΡ.ΑΠΑΣΧΟΛΗΣΗ (001628),,,634.21,anonymous sponsor (empty sponsorAFMName)
9ΦΝΩ4690Β3-ΚΦΖ,2026-06-03,ΕΝΤΑΛΜΑ ΠΛΗΡΩΜΗΣ ΑΠΟΖΗΜΙΩΣΗ ΓΙΑ ΝΥΧΤΕΡΙΝΑ-ΕΞΑΙΡΕΣΙΜΑ-ΥΠΕΡΩΡ.ΑΠΑΣΧΟΛΗΣΗ (001628),,,7940.09,anonymous sponsor (empty sponsorAFMName)
9ΥΘΟ4690Β3-ΡΔ0,2026-06-03,ΕΝΤΑΛΜΑ ΠΛΗΡΩΜΗΣ ΑΠΟΖΗΜΙΩΣΗ ΓΙΑ ΝΥΧΤΕΡΙΝΑ-ΕΞΑΙΡΕΣΙΜΑ-ΥΠΕΡΩΡ.ΑΠΑΣΧΟΛΗΣΗ (001628),,,5269.20,anonymous sponsor (empty sponsorAFMName)
ΨΑΡΥ4690Β3-Η0Ι,2026-06-03,ΕΝΤΑΛΜΑ ΠΛΗΡΩΜΗΣ ΑΠΟΖΗΜΙΩΣΗ ΓΙΑ ΝΥΧΤΕΡΙΝΑ-ΕΞΑΙΡΕΣΙΜΑ-ΥΠΕΡΩΡ.ΑΠΑΣΧΟΛΗΣΗ (001628),,,1188.76,anonymous sponsor (empty sponsorAFMName)
ΕΒ1Ω4690Β3-ΔΨΤ,2026-06-03,ΕΝΤΑΛΜΑ ΠΛΗΡΩΜΗΣ ΑΠΟΖΗΜΙΩΣΗ ΓΙΑ ΝΥΧΤΕΡΙΝΑ-ΕΞΑΙΡΕΣΙΜΑ-ΥΠΕΡΩΡ.ΑΠΑΣΧΟΛΗΣΗ (001628),,,1091.72,anonymous sponsor (empty sponsorAFMName)
ΡΟΣ14690Β3-ΙΜ9,2026-06-03,ΕΝΤΑΛΜΑ ΠΛΗΡΩΜΗΣ ΑΠΟΖΗΜΙΩΣΗ ΓΙΑ ΝΥΧΤΕΡΙΝΑ-ΕΞΑΙΡΕΣΙΜΑ-ΥΠΕΡΩΡ.ΑΠΑΣΧΟΛΗΣΗ (001628),,,1560.42,anonymous sponsor (empty sponsorAFMName)
9Λ6Α4690Β3-ΩΡΛ,2026-06-03,ΕΝΤΑΛΜΑ ΠΛΗΡΩΜΗΣ ΑΠΟΖΗΜΙΩΣΗ ΓΙΑ ΝΥΧΤΕΡΙΝΑ-ΕΞΑΙΡΕΣΙΜΑ-ΥΠΕΡΩΡ.ΑΠΑΣΧΟΛΗΣΗ (001628),,,491.19,anonymous sponsor (empty sponsorAFMName)
ΨΨΣΑ4690Β3-ΥΤΣ,2026-06-03,ΕΝΤΑΛΜΑ ΠΛΗΡΩΜΗΣ ΑΠΟΖΗΜΙΩΣΗ ΓΙΑ ΝΥΧΤΕΡΙΝΑ-ΕΞΑΙΡΕΣΙΜΑ-ΥΠΕΡΩΡ.ΑΠΑΣΧΟΛΗΣΗ (001628),,,3358.54,anonymous sponsor (empty sponsorAFMName)
Ρ3714690Β3-ΜΗ0,2026-06-03,ΕΝΤΑΛΜΑ ΠΛΗΡΩΜΗΣ ΑΠΟΖΗΜΙΩΣΗ ΓΙΑ ΝΥΧΤΕΡΙΝΑ-ΕΞΑΙΡΕΣΙΜΑ-ΥΠΕΡΩΡ.ΑΠΑΣΧΟΛΗΣΗ (001628),,,7401.03,anonymous sponsor (empty sponsorAFMName)
Ρ4Τ64690Β3-ΨΟΨ,2026-06-03,ΕΝΤΑΛΜΑ ΠΛΗΡΩΜΗΣ ΑΠΟΖΗΜΙΩΣΗ ΓΙΑ ΝΥΧΤΕΡΙΝΑ-ΕΞΑΙΡΕΣΙΜΑ-ΥΠΕΡΩΡ.ΑΠΑΣΧΟΛΗΣΗ (001628),,,327.96,anonymous sponsor (empty sponsorAFMName)
905Ψ4690Β3-1ΞΒ,2026-06-03,ΕΝΤΑΛΜΑ ΠΛΗΡΩΜΗΣ ΑΠΟΖΗΜΙΩΣΗ ΓΙΑ ΝΥΧΤΕΡΙΝΑ-ΕΞΑΙΡΕΣΙΜΑ-ΥΠΕΡΩΡ.ΑΠΑΣΧΟΛΗΣΗ (001628),,,8113.26,anonymous sponsor (empty sponsorAFMName)
9ΧΠ94690Β3-ΕΛΓ,2026-06-03,ΕΝΤΑΛΜΑ ΠΛΗΡΩΜΗΣ ΑΠΟΖΗΜΙΩΣΗ ΓΙΑ ΝΥΧΤΕΡΙΝΑ-ΕΞΑΙΡΕΣΙΜΑ-ΥΠΕΡΩΡ.ΑΠΑΣΧΟΛΗΣΗ (001628),,,1422.12,anonymous sponsor (empty sponsorAFMName)
ΡΕΠΔ4690Β3-ΗΔ9,2026-06-03,ΕΝΤΑΛΜΑ ΠΛΗΡΩΜΗΣ ΑΠΟΖΗΜΙΩΣΗ ΓΙΑ ΝΥΧΤΕΡΙΝΑ-ΕΞΑΙΡΕΣΙΜΑ-ΥΠΕΡΩΡ.ΑΠΑΣΧΟΛΗΣΗ (001628),,,11576.79,anonymous sponsor (empty sponsorAFMName)
ΨΙΠΜ4690Β3-ΩΧ1,2026-06-03,ΕΝΤΑΛΜΑ ΠΛΗΡΩΜΗΣ ΑΠΟΖΗΜΙΩΣΗ ΓΙΑ ΝΥΧΤΕΡΙΝΑ-ΕΞΑΙΡΕΣΙΜΑ-ΥΠΕΡΩΡ.ΑΠΑΣΧΟΛΗΣΗ (001628),,,17452.30,anonymous sponsor (empty sponsorAFMName)
9ΙΞΡ4690Β3-ΑΦΒ,2026-06-03,ΕΝΤΑΛΜΑ ΠΛΗΡΩΜΗΣ ΑΠΟΖΗΜΙΩΣΗ ΓΙΑ ΝΥΧΤΕΡΙΝΑ-ΕΞΑΙΡΕΣΙΜΑ-ΥΠΕΡΩΡ.ΑΠΑΣΧΟΛΗΣΗ (001628),,,2338.44,anonymous sponsor (empty sponsorAFMName)
90Υ54690Β3-ΤΚΞ,2026-06-03,ΕΝΤΑΛΜΑ ΠΛΗΡΩΜΗΣ ΑΠΟΖΗΜΙΩΣΗ ΕΦΗΜΕΡΙΩΝ (002535),,,3028.44,anonymous sponsor (empty sponsorAFMName)
9Ψ5Α4690Β3-Ο4Υ,2026-06-03,ΕΝΤΑΛΜΑ ΠΛΗΡΩΜΗΣ ΑΠΟΖΗΜΙΩΣΗ ΕΦΗΜΕΡΙΩΝ (002535),,,3128.64,anonymous sponsor (empty sponsorAFMName)
ΨΩ7Σ4690Β3-ΚΔΛ,2026-06-03,ΕΝΤΑΛΜΑ ΠΛΗΡΩΜΗΣ ΑΠΟΖΗΜΙΩΣΗ ΕΦΗΜΕΡΙΩΝ (002535),,,4968.54,anonymous sponsor (empty sponsorAFMName)
9ΓΕΟ4690Β3-ΟΛΟ,2026-06-03,ΕΝΤΑΛΜΑ ΠΛΗΡΩΜΗΣ ΑΠΟΖΗΜΙΩΣΗ ΕΦΗΜΕΡΙΩΝ (002535),,,2617.66,anonymous sponsor (empty sponsorAFMName)
ΡΟ8Γ4690Β3-ΟΧ4,2026-06-03,ΕΝΤΑΛΜΑ ΠΛΗΡΩΜΗΣ ΑΠΟΖΗΜΙΩΣΗ ΕΦΗΜΕΡΙΩΝ (002535),,,22041.10,anonymous sponsor (empty sponsorAFMName)
9ΟΡΡ4690Β3-Κ7Σ,2026-06-03,ΕΝΤΑΛΜΑ ΠΛΗΡΩΜΗΣ ΑΠΟΖΗΜΙΩΣΗ ΕΦΗΜΕΡΙΩΝ (002535),,,622.28,anonymous sponsor (empty sponsorAFMName)
9ΩΓΙ4690Β3-Ε5Ψ,2026-06-03,ΕΝΤΑΛΜΑ ΠΛΗΡΩΜΗΣ ΑΠΟΖΗΜΙΩΣΗ ΕΦΗΜΕΡΙΩΝ (002535),,,1997.50,anonymous sponsor (empty sponsorAFMName)
65ΒΓ4690Β3-89Λ,2026-06-03,ΕΝΤΑΛΜΑ ΠΛΗΡΩΜΗΣ ΑΠΟΖΗΜΙΩΣΗ ΕΦΗΜΕΡΙΩΝ (002535),,,17618.48,anonymous sponsor (empty sponsorAFMName)
ΨΖ5Γ4690Β3-8Θ3,2026-06-03,ΕΝΤΑΛΜΑ ΠΛΗΡΩΜΗΣ ΑΠΟΖΗΜΙΩΣΗ ΕΦΗΜΕΡΙΩΝ (002535),,,1011.50,anonymous sponsor (empty sponsorAFMName)
Ρ7ΙΟ4690Β3-ΜΚΥ,2026-06-03,ΕΝΤΑΛΜΑ ΠΛΗΡΩΜΗΣ ΑΠΟΖΗΜΙΩΣΗ ΕΦΗΜΕΡΙΩΝ (002535),,,79953.19,anonymous sponsor (empty sponsorAFMName)
ΨΚΥΠ4690Β3-ΒΘΠ,2026-06-02,ΕΝΤΑΛΜΑ ΠΛΗΡΩΜΗΣ ΕΠΙΚΟΥΡΙΚΟ ΝΟΣΗΛΕΥΤΙΚΟ-ΠΑΡΑΪΑΤΡΙΚΟ ΠΡΟΣΩΠΙΚΟ (000001634),,,1859.10,anonymous sponsor (empty sponsorAFMName)
Ψ4774690Β3-ΨΤ9,2026-06-02,ΕΝΤΑΛΜΑ ΠΛΗΡΩΜΗΣ ΕΠΙΚΟΥΡΙΚΟ ΝΟΣΗΛΕΥΤΙΚΟ-ΠΑΡΑΪΑΤΡΙΚΟ ΠΡΟΣΩΠΙΚΟ (000001634),,,62664.31,anonymous sponsor (empty sponsorAFMName)
Ρ1ΕΡ4690Β3-ΜΝ3,2026-06-02,ΕΝΤΑΛΜΑ ΠΛΗΡΩΜΗΣ EΠΙΚΟΥΡΙΚΟΙ ΙΑΤΡΟΙ Ε.Σ.Υ. (000001629),,,6127.25,anonymous sponsor (empty sponsorAFMName)
ΡΛΩΔ4690Β3-7ΨΤ,2026-06-02,ΕΝΤΑΛΜΑ ΠΛΗΡΩΜΗΣ ΑΠΟΖΗΜΕΙΩΣΗ ΤΕΙ-ΑΣΚΟΥΜΕΝΩΝ Ο.Α.Ε.Δ. (001607),,,267.60,anonymous sponsor (empty sponsorAFMName)
ΡΔ5Φ4690Β3-ΗΝΗ,2026-06-02,ΕΝΤΑΛΜΑ ΠΛΗΡΩΜΗΣ ΑΠΟΖΗΜΕΙΩΣΗ ΤΕΙ-ΑΣΚΟΥΜΕΝΩΝ Ο.Α.Ε.Δ. (001607),,,642.24,anonymous sponsor (empty sponsorAFMName)
98Σ64690Β3-6ΚΞ,2026-06-02,ΕΝΤΑΛΜΑ ΠΛΗΡΩΜΗΣ ΕΡΓΟΔ.ΕΙΣΦ.ΙΚΑ ΑΣΚΟΥΜ.ΤΕΕ-ΙΕΚ.ΧΩΡ.ΑΜΟΙΒ.ΓΙΑ ΑΤΥΧΗΜ (001690),,,61.20,anonymous sponsor (empty sponsorAFMName)
6Α8Η4690Β3-48Ρ,2026-06-02,ΕΝΤΑΛΜΑ ΠΛΗΡΩΜΗΣ ΕΠΙΚΟΥΡΙΚΟ ΝΟΣΗΛΕΥΤΙΚΟ-ΠΑΡΑΪΑΤΡΙΚΟ ΠΡΟΣΩΠΙΚΟ (000001634),,,1898.70,anonymous sponsor (empty sponsorAFMName)
9Ε184690Β3-Μ1Β,2026-06-02,ΕΝΤΑΛΜΑ ΠΛΗΡΩΜΗΣ ΕΠΙΚΟΥΡΙΚΟ ΝΟΣΗΛΕΥΤΙΚΟ-ΠΑΡΑΪΑΤΡΙΚΟ ΠΡΟΣΩΠΙΚΟ (000001634),,,30353.75,anonymous sponsor (empty sponsorAFMName)
ΡΚ6Λ4690Β3-9ΛΒ,2026-06-02,ΕΝΤΑΛΜΑ ΠΛΗΡΩΜΗΣ EΠΙΚΟΥΡΙΚΟΙ ΙΑΤΡΟΙ Ε.Σ.Υ. (000001629),,,51008.00,anonymous sponsor (empty sponsorAFMName)
63424690Β3-0ΓΩ,2026-06-02,ΕΝΤΑΛΜΑ ΠΛΗΡΩΜΗΣ ΕΠΟΧΙΚΟ ΠΡΟΣΩΠΙΚΟ ΚΑΘΑΡΙΟΤΗΤΑΣ (999111999),,,33493.92,anonymous sponsor (empty sponsorAFMName)
9ΑΒΒ4690Β3-ΧΑΞ,2026-05-28,ΕΝΤΑΛΜΑ ΠΛΗΡΩΜΗΣ ΚΡΑΤ.3391-54.03.00.0001 Φ.Μ.Υ. (001512),,,18.26,anonymous sponsor (empty sponsorAFMName)
ΡΗΕΩ4690Β3-ΔΝΛ,2026-05-28,ΕΝΤΑΛΜΑ ΠΛΗΡΩΜΗΣ ΚΡΑΤ.3391-54.03.00.0001 Φ.Μ.Υ. (001512),,,82.50,anonymous sponsor (empty sponsorAFMName)
65Β24690Β3-ΗΣ7,2026-05-28,ΕΝΤΑΛΜΑ ΠΛΗΡΩΜΗΣ ΚΡΑΤ.3391-54.03.00.0001 Φ.Μ.Υ. (001512),,,128.24,anonymous sponsor (empty sponsorAFMName)
91ΙΗ4690Β3-2ΗΥ,2026-05-28,ΕΝΤΑΛΜΑ ΠΛΗΡΩΜΗΣ ΕΙΣΦΟΡΕΣ ΑΠΑΣΧ/ΝΩΝ ΟΑΕΔ ΜΕΣΩ ΠΡΟΓ. ΚΟΙΝΩΦ. ΧΑΡΑΚΤΗΡΑ (),,,855.96,anonymous sponsor (empty sponsorAFMName)
98Ν64690Β3-Ο7Γ,2026-05-28,ΕΝΤΑΛΜΑ ΠΛΗΡΩΜΗΣ ΕΙΣΦΟΡΕΣ ΑΠΑΣΧ/ΝΩΝ ΟΑΕΔ ΜΕΣΩ ΠΡΟΓ. ΚΟΙΝΩΦ. ΧΑΡΑΚΤΗΡΑ (),,,880.42,anonymous sponsor (empty sponsorAFMName)
ΨΝΖΩ4690Β3-9ΒΔ,2026-05-28,ΕΝΤΑΛΜΑ ΠΛΗΡΩΜΗΣ ΕΙΣΦΟΡΕΣ ΑΠΑΣΧ/ΝΩΝ ΟΑΕΔ ΜΕΣΩ ΠΡΟΓ. ΚΟΙΝΩΦ. ΧΑΡΑΚΤΗΡΑ (),,,3061.35,anonymous sponsor (empty sponsorAFMName)
Ρ18Φ4690Β3-ΚΕΑ,2026-05-28,ΕΝΤΑΛΜΑ ΠΛΗΡΩΜΗΣ ΕΠΙΣΤΡΟΦΗ ΕΞΕΤ/ΤΡΩΝ ΛΟΓΩ ΝΟΣΗΛΕΙΑΣ (001633),,,14513.33,anonymous sponsor (empty sponsorAFMName)
ΨΦΥ54690Β3-Ο3Τ,2026-05-28,ΕΝΤΑΛΜΑ ΠΛΗΡΩΜΗΣ ΚΡΑΤ.3391-54.04.02.0001 Χ/ΜΑ και ΟΓΑ Χ/ΜΩΝ (),,,0.36,anonymous sponsor (empty sponsorAFMName)
ΡΟ8Α4690Β3-2ΩΙ,2026-05-28,ΕΝΤΑΛΜΑ ΠΛΗΡΩΜΗΣ ΚΡΑΤ.3391-54.09.14.0001 ΦΟΡΟΣ ΠΡΟΜΗΘΕΥΤΩΝ (001510),,,556.09,anonymous sponsor (empty sponsorAFMName)
97ΨΠ4690Β3-ΤΩΛ,2026-05-28,ΕΝΤΑΛΜΑ ΠΛΗΡΩΜΗΣ ΚΡΑΤ.3391-53.20.00.0001 ΕΛΛΗΝΙΚΟ ΔΗΜΟΣΙΟ (001506),,,772.23,anonymous sponsor (empty sponsorAFMName)
6ΥΘ34690Β3-Β65,2026-05-28,ΕΝΤΑΛΜΑ ΠΛΗΡΩΜΗΣ ΚΡΑΤ.3391-53.20.00.0001 ΕΛΛΗΝΙΚΟ ΔΗΜΟΣΙΟ (001506),,,11.99,anonymous sponsor (empty sponsorAFMName)
ΨΩ6Κ4690Β3-Ψ92,2026-05-28,ΕΝΤΑΛΜΑ ΠΛΗΡΩΜΗΣ ΚΡΑΤ.3391-53.20.00.0001 ΕΛΛΗΝΙΚΟ ΔΗΜΟΣΙΟ (001506),,,3.30,anonymous sponsor (empty sponsorAFMName)
ΨΒΠΔ4690Β3-Υ1Ψ,2026-05-28,ΕΝΤΑΛΜΑ ΠΛΗΡΩΜΗΣ ΚΡΑΤ.3391-54.04.02.0001 Χ/ΜΑ και ΟΓΑ Χ/ΜΩΝ (),,,13.76,anonymous sponsor (empty sponsorAFMName)
90ΙΡ4690Β3-0ΨΦ,2026-05-28,ΕΝΤΑΛΜΑ ΠΛΗΡΩΜΗΣ ΚΡΑΤ.3391-54.04.00.0001 ΦΟΡΟΣ ΕΛΕΥΘΕΡ.ΕΠΑΓΓΕΛΜΑΤ (),,,7502.17,anonymous sponsor (empty sponsorAFMName)
ΨΞ6Ξ4690Β3-403,2026-05-28,ΕΝΤΑΛΜΑ ΠΛΗΡΩΜΗΣ ΚΡΑΤ.3391-54.09.14.0001 ΦΟΡΟΣ ΠΡΟΜΗΘΕΥΤΩΝ (001510),,,13068.25,anonymous sponsor (empty sponsorAFMName)
9ΘΛ54690Β3-30Α,2026-05-28,ΕΝΤΑΛΜΑ ΠΛΗΡΩΜΗΣ ΚΡΑΤ.3391-53.20.00.0001 ΕΛΛΗΝΙΚΟ ΔΗΜΟΣΙΟ (001506),,,6397.03,anonymous sponsor (empty sponsorAFMName)
6ΔΛΞ4690Β3-ΧΣΔ,2026-05-28,ΕΝΤΑΛΜΑ ΠΛΗΡΩΜΗΣ ΚΡΑΤ.3391-53.20.00.0001 ΕΛΛΗΝΙΚΟ ΔΗΜΟΣΙΟ (001506),,,274.75,anonymous sponsor (empty sponsorAFMName)
ΨΤΑ94690Β3-Μ64,2026-05-28,ΕΝΤΑΛΜΑ ΠΛΗΡΩΜΗΣ ΚΡΑΤ.3391-53.20.00.0001 ΕΛΛΗΝΙΚΟ ΔΗΜΟΣΙΟ (001506),,,17.86,anonymous sponsor (empty sponsorAFMName)
ΨΒΧ64690Β3-ΦΛ6,2026-05-28,ΕΝΤΑΛΜΑ ΠΛΗΡΩΜΗΣ ΚΡΑΤ.3391-53.20.00.0001 ΕΛΛΗΝΙΚΟ ΔΗΜΟΣΙΟ (001506),,,142.12,anonymous sponsor (empty sponsorAFMName)
ΡΤΣΣ4690Β3-ΝΞΜ,2026-05-22,ΕΝΤΑΛΜΑ ΠΛΗΡΩΜΗΣ ΚΕΡΚΥΡΑΪΚΗ ΕΤΑΙΡΕΙΑ ΚΡΕΑΤΩΝ ΑΕ (099346780),,,1641.21,anonymous sponsor (empty sponsorAFMName)
ΡΦΧΓ4690Β3-ΖΝΠ,2026-05-20,ΕΝΤΑΛΜΑ ΠΛΗΡΩΜΗΣ ΒΙΟΣΕΡ ΑΕ (094035927),,,28566.94,anonymous sponsor (empty sponsorAFMName)
ΡΑΓ54690Β3-59Τ,2026-05-20,ΕΝΤΑΛΜΑ ΠΛΗΡΩΜΗΣ ΕΝΟΡΑΣΙΣ ΑΕ (094503580),,,911.60,anonymous sponsor (empty sponsorAFMName)
ΨΓΨΑ4690Β3-ΤΓΦ,2026-05-19,ΕΝΤΑΛΜΑ ΠΛΗΡΩΜΗΣ ΛΙΝΤΕ ΕΛΛΑΣ ΕΠΕ (095167018),,,18071.24,anonymous sponsor (empty sponsorAFMName)
9ΕΧΧ4690Β3-Ω1Ω,2026-05-19,ΕΝΤΑΛΜΑ ΠΛΗΡΩΜΗΣ DRAEGER HELLAS A.E (997799268),,,1778.16,anonymous sponsor (empty sponsorAFMName)
ΨΡΠΤ4690Β3-ΒΩ6,2026-05-19,ΕΝΤΑΛΜΑ ΠΛΗΡΩΜΗΣ WATERA HELLAS  A.B.E.E. ΠΡΩΗΝ ΚΑΛΛΙΓΚΑΝ (094057329),,,714.24,anonymous sponsor (empty sponsorAFMName)
9ΑΘ34690Β3-Λ9Μ,2026-05-18,ΕΝΤΑΛΜΑ ΠΛΗΡΩΜΗΣ DRAEGER HELLAS A.E (997799268),,,3224.00,anonymous sponsor (empty sponsorAFMName)
63ΦΕ4690Β3-ΣΤ2,2026-05-08,ΕΝΤΑΛΜΑ ΠΛΗΡΩΜΗΣ ΚΕΡΚΥΡΑΪΚΗ ΕΤΑΙΡΕΙΑ ΚΡΕΑΤΩΝ ΑΕ (099346780),,,7454.73,anonymous sponsor (empty sponsorAFMName)
ΨΦΩΤ4690Β3-6Υ6,2026-05-06,ΕΝΤΑΛΜΑ ΠΛΗΡΩΜΗΣ ΔΙΚΑΙΟΥΧΟΙ ΑΜΟΙΒΩΝ (001600),,,833.00,anonymous sponsor (empty sponsorAFMName)
ΨΧΖ84690Β3-5ΔΗ,2026-05-06,ΕΝΤΑΛΜΑ ΠΛΗΡΩΜΗΣ KnR Α.Ε. (997938212),,,620.00,anonymous sponsor (empty sponsorAFMName)
9ΒΝ34690Β3-Μ6Υ,2026-05-05,ΕΝΤΑΛΜΑ ΠΛΗΡΩΜΗΣ ΕΠΙΚΟΥΡΙΚΟ ΝΟΣΗΛΕΥΤΙΚΟ-ΠΑΡΑΪΑΤΡΙΚΟ ΠΡΟΣΩΠΙΚΟ (000001634),,,14.00,anonymous sponsor (empty sponsorAFMName)
ΡΕ6Δ4690Β3-Π44,2026-05-05,ΕΝΤΑΛΜΑ ΠΛΗΡΩΜΗΣ EΠΙΚΟΥΡΙΚΟΙ ΙΑΤΡΟΙ Ε.Σ.Υ. (000001629),,,336.00,anonymous sponsor (empty sponsorAFMName)
ΡΟΖΗ4690Β3-ΘΚΨ,2026-05-05,ΕΝΤΑΛΜΑ ΠΛΗΡΩΜΗΣ ΜΙΣΘΟΔΟΣΙΑ ΥΠΑΛΛΗΛΩΝ (001609),,,154.50,anonymous sponsor (empty sponsorAFMName)
Ψ21Δ4690Β3-ΛΑΡ,2026-05-05,ΕΝΤΑΛΜΑ ΠΛΗΡΩΜΗΣ ΜΙΣΘΟΔΟΣΙΑ ΥΠΑΛΛΗΛΩΝ (001609),,,626.50,anonymous sponsor (empty sponsorAFMName)
ΡΣΥΓ4690Β3-Ι1Ε,2026-05-05,ΕΝΤΑΛΜΑ ΠΛΗΡΩΜΗΣ ΕΠΙΚΟΥΡΙΚΟ ΝΟΣΗΛΕΥΤΙΚΟ-ΠΑΡΑΪΑΤΡΙΚΟ ΠΡΟΣΩΠΙΚΟ (000001634),,,133.00,anonymous sponsor (empty sponsorAFMName)
6ΧΓΩ4690Β3-9ΙΝ,2026-05-05,ΕΝΤΑΛΜΑ ΠΛΗΡΩΜΗΣ EΠΙΚΟΥΡΙΚΟΙ ΙΑΤΡΟΙ Ε.Σ.Υ. (000001629),,,594.00,anonymous sponsor (empty sponsorAFMName)
98ΘΒ4690Β3-ΞΑΒ,2026-05-05,ΕΝΤΑΛΜΑ ΠΛΗΡΩΜΗΣ EΠΙΚΟΥΡΙΚΟΙ ΙΑΤΡΟΙ Ε.Σ.Υ. (000001629),,,1242.00,anonymous sponsor (empty sponsorAFMName)
9ΧΤ04690Β3-ΜΨ2,2026-05-05,ΕΝΤΑΛΜΑ ΠΛΗΡΩΜΗΣ ΜΙΣΘΟΔΟΣΙΑ ΥΠΑΛΛΗΛΩΝ (001609),,,131.75,anonymous sponsor (empty sponsorAFMName)
ΨΝΜΤ4690Β3-Ν6Η,2026-05-05,ΕΝΤΑΛΜΑ ΠΛΗΡΩΜΗΣ ΜΙΣΘΟΔΟΣΙΑ ΥΠΑΛΛΗΛΩΝ (001609),,,2269.00,anonymous sponsor (empty sponsorAFMName)
6ΖΒΑ4690Β3-ΓΓΞ,2026-05-05,ΕΝΤΑΛΜΑ ΠΛΗΡΩΜΗΣ ΕΠΙΚΟΥΡΙΚΟ ΝΟΣΗΛΕΥΤΙΚΟ-ΠΑΡΑΪΑΤΡΙΚΟ ΠΡΟΣΩΠΙΚΟ (000001634),,,49.00,anonymous sponsor (empty sponsorAFMName)
9ΛΒΨ4690Β3-ΨΙΣ,2026-05-05,ΕΝΤΑΛΜΑ ΠΛΗΡΩΜΗΣ EΠΙΚΟΥΡΙΚΟΙ ΙΑΤΡΟΙ Ε.Σ.Υ. (000001629),,,175.50,anonymous sponsor (empty sponsorAFMName)
91ΔΤ4690Β3-ΥΞΝ,2026-05-05,ΕΝΤΑΛΜΑ ΠΛΗΡΩΜΗΣ EΠΙΚΟΥΡΙΚΟΙ ΙΑΤΡΟΙ Ε.Σ.Υ. (000001629),,,1428.00,anonymous sponsor (empty sponsorAFMName)
ΨΣΣΚ4690Β3-ΤΦΔ,2026-05-05,ΕΝΤΑΛΜΑ ΠΛΗΡΩΜΗΣ ΜΙΣΘΟΔΟΣΙΑ ΥΠΑΛΛΗΛΩΝ (001609),,,186.75,anonymous sponsor (empty sponsorAFMName)
ΨΤ5Τ4690Β3-ΛΧ6,2026-05-05,ΕΝΤΑΛΜΑ ΠΛΗΡΩΜΗΣ ΜΙΣΘΟΔΟΣΙΑ ΥΠΑΛΛΗΛΩΝ (001609),,,1820.50,anonymous sponsor (empty sponsorAFMName)
Ψ2ΩΖ4690Β3-2Η7,2026-05-05,ΕΝΤΑΛΜΑ ΠΛΗΡΩΜΗΣ ΕΠΙΚΟΥΡΙΚΟ ΝΟΣΗΛΕΥΤΙΚΟ-ΠΑΡΑΪΑΤΡΙΚΟ ΠΡΟΣΩΠΙΚΟ (000001634),,,35.00,anonymous sponsor (empty sponsorAFMName)
6ΖΟΤ4690Β3-ΓΨΚ,2026-05-05,ΕΝΤΑΛΜΑ ΠΛΗΡΩΜΗΣ EΠΙΚΟΥΡΙΚΟΙ ΙΑΤΡΟΙ Ε.Σ.Υ. (000001629),,,58.50,anonymous sponsor (empty sponsorAFMName)
ΡΗ1Ν4690Β3-2ΘΡ,2026-05-05,ΕΝΤΑΛΜΑ ΠΛΗΡΩΜΗΣ EΠΙΚΟΥΡΙΚΟΙ ΙΑΤΡΟΙ Ε.Σ.Υ. (000001629),,,783.00,anonymous sponsor (empty sponsorAFMName)
ΡΧΦΓ4690Β3-2ΘΠ,2026-05-05,ΕΝΤΑΛΜΑ ΠΛΗΡΩΜΗΣ ΜΙΣΘΟΔΟΣΙΑ ΥΠΑΛΛΗΛΩΝ (001609),,,42.50,anonymous sponsor (empty sponsorAFMName)
ΡΨΠΠ4690Β3-ΒΙ8,2026-05-05,ΕΝΤΑΛΜΑ ΠΛΗΡΩΜΗΣ ΜΙΣΘΟΔΟΣΙΑ ΥΠΑΛΛΗΛΩΝ (001609),,,292.50,anonymous sponsor (empty sponsorAFMName)
6Μ474690Β3-ΓΕ3,2026-05-05,ΕΝΤΑΛΜΑ ΠΛΗΡΩΜΗΣ ΚΕΡΚΥΡΑΪΚΗ ΕΤΑΙΡΕΙΑ ΚΡΕΑΤΩΝ ΑΕ (099346780),,,749.85,anonymous sponsor (empty sponsorAFMName)
6ΤΧΕ4690Β3-118,2026-05-05,ΕΝΤΑΛΜΑ ΠΛΗΡΩΜΗΣ ΚΕΡΚΥΡΑΪΚΗ ΕΤΑΙΡΕΙΑ ΚΡΕΑΤΩΝ ΑΕ (099346780),,,1127.14,anonymous sponsor (empty sponsorAFMName)
9ΩΩΝ4690Β3-ΡΑΝ,2026-05-05,ΕΝΤΑΛΜΑ ΠΛΗΡΩΜΗΣ EΠΙΚΟΥΡΙΚΟΙ ΙΑΤΡΟΙ Ε.Σ.Υ. (000001629),,,747.00,anonymous sponsor (empty sponsorAFMName)
9Ω8Ο4690Β3-Ε4Τ,2026-05-05,ΕΝΤΑΛΜΑ ΠΛΗΡΩΜΗΣ ΜΙΣΘΟΔΟΣΙΑ ΥΠΑΛΛΗΛΩΝ (001609),,,52.75,anonymous sponsor (empty sponsorAFMName)
ΨΧΝΟ4690Β3-2ΞΦ,2026-05-05,ΕΝΤΑΛΜΑ ΠΛΗΡΩΜΗΣ ΜΙΣΘΟΔΟΣΙΑ ΥΠΑΛΛΗΛΩΝ (001609),,,707.00,anonymous sponsor (empty sponsorAFMName)
ΨΗΔΓ4690Β3-2ΜΕ,2026-05-05,ΕΝΤΑΛΜΑ ΠΛΗΡΩΜΗΣ ΕΠΙΚΟΥΡΙΚΟ ΝΟΣΗΛΕΥΤΙΚΟ-ΠΑΡΑΪΑΤΡΙΚΟ ΠΡΟΣΩΠΙΚΟ (000001634),,,28.00,anonymous sponsor (empty sponsorAFMName)
65ΔΔ4690Β3-ΥΝΨ,2026-05-05,ΕΝΤΑΛΜΑ ΠΛΗΡΩΜΗΣ EΠΙΚΟΥΡΙΚΟΙ ΙΑΤΡΟΙ Ε.Σ.Υ. (000001629),,,117.00,anonymous sponsor (empty sponsorAFMName)
ΨΓ1Α4690Β3-ΕΝΝ,2026-05-04,ΕΝΤΑΛΜΑ ΠΛΗΡΩΜΗΣ ΑΜΟΙΒΕΣ ΝΟΣΗΛΕΥΤΙΚΟΥ   ΛΟΙΠΟΥ ΠΡΟΣΩΠΙΚΟΥ ΣΥΜΜΕΤΟΧΗΣ ΣΕ ΑΠΟΓ .ΧΕΙΡΓ. (),,,636.94,anonymous sponsor (empty sponsorAFMName)
ΨΔ0Ε4690Β3-ΓΔ6,2026-05-04,ΕΝΤΑΛΜΑ ΠΛΗΡΩΜΗΣ ΑΜΟΙΒΕΣ ΔΙΟΙΚΗΤΙΚΟΥ   ΛΟΙΠΟΥ ΠΡΟΣΩΠΙΚΟΥ ΛΕΙΤΟΥΡΓΙΑΣ ΑΠΟΓΕΥΜΑΤΙΝΩΝ ΙΑΤΡΕΙΩΝ (55831111),,,650.00,anonymous sponsor (empty sponsorAFMName)
9ΤΞΙ4690Β3-Ψ4Δ,2026-05-04,ΕΝΤΑΛΜΑ ΠΛΗΡΩΜΗΣ ΑΜΟΙΒΕΣ ΙΑΤΡΙΚΟΥ ΠΡΟΣΩΠΙΚΟΥ ΛΕΙΤΟΥΡΓΙΑΣ ΑΠΟΓΕΥΜΑΤΙΝΩΝ ΙΑΤΡΕΙΩΝ (210923000),,,2276.01,anonymous sponsor (empty sponsorAFMName)
Ψ2ΟΦ4690Β3-Ψ38,2026-05-04,ΕΝΤΑΛΜΑ ΠΛΗΡΩΜΗΣ ΑΠΟΖΗΜΙΩΣΗ ΓΙΑ ΝΥΧΤΕΡΙΝΑ-ΕΞΑΙΡΕΣΙΜΑ-ΥΠΕΡΩΡ.ΑΠΑΣΧΟΛΗΣΗ (001628),,,864.33,anonymous sponsor (empty sponsorAFMName)
9ΕΒΕ4690Β3-ΞΜΤ,2026-05-04,ΕΝΤΑΛΜΑ ΠΛΗΡΩΜΗΣ ΑΠΟΖΗΜΙΩΣΗ ΓΙΑ ΝΥΧΤΕΡΙΝΑ-ΕΞΑΙΡΕΣΙΜΑ-ΥΠΕΡΩΡ.ΑΠΑΣΧΟΛΗΣΗ (001628),,,506.41,anonymous sponsor (empty sponsorAFMName)
96Ψ94690Β3-ΙΗΦ,2026-05-04,ΕΝΤΑΛΜΑ ΠΛΗΡΩΜΗΣ ΑΠΟΖΗΜΙΩΣΗ ΓΙΑ ΝΥΧΤΕΡΙΝΑ-ΕΞΑΙΡΕΣΙΜΑ-ΥΠΕΡΩΡ.ΑΠΑΣΧΟΛΗΣΗ (001628),,,5316.32,anonymous sponsor (empty sponsorAFMName)
Ψ9ΧΝ4690Β3-Ι6Ν,2026-05-04,ΕΝΤΑΛΜΑ ΠΛΗΡΩΜΗΣ ΑΠΟΖΗΜΙΩΣΗ ΓΙΑ ΝΥΧΤΕΡΙΝΑ-ΕΞΑΙΡΕΣΙΜΑ-ΥΠΕΡΩΡ.ΑΠΑΣΧΟΛΗΣΗ (001628),,,273.60,anonymous sponsor (empty sponsorAFMName)
ΨΛΟ34690Β3-Γ30,2026-05-04,ΕΝΤΑΛΜΑ ΠΛΗΡΩΜΗΣ ΑΠΟΖΗΜΙΩΣΗ ΓΙΑ ΝΥΧΤΕΡΙΝΑ-ΕΞΑΙΡΕΣΙΜΑ-ΥΠΕΡΩΡ.ΑΠΑΣΧΟΛΗΣΗ (001628),,,2236.17,anonymous sponsor (empty sponsorAFMName)
Ψ1ΝΞ4690Β3-Ψ5Ο,2026-05-04,ΕΝΤΑΛΜΑ ΠΛΗΡΩΜΗΣ ΑΠΟΖΗΜΙΩΣΗ ΓΙΑ ΝΥΧΤΕΡΙΝΑ-ΕΞΑΙΡΕΣΙΜΑ-ΥΠΕΡΩΡ.ΑΠΑΣΧΟΛΗΣΗ (001628),,,3937.45,anonymous sponsor (empty sponsorAFMName)
99ΦΙ4690Β3-Θ1Φ,2026-05-04,ΕΝΤΑΛΜΑ ΠΛΗΡΩΜΗΣ ΑΠΟΖΗΜΙΩΣΗ ΓΙΑ ΝΥΧΤΕΡΙΝΑ-ΕΞΑΙΡΕΣΙΜΑ-ΥΠΕΡΩΡ.ΑΠΑΣΧΟΛΗΣΗ (001628),,,133.33,anonymous sponsor (empty sponsorAFMName)
ΨΩ9Ρ4690Β3-Υ59,2026-05-04,ΕΝΤΑΛΜΑ ΠΛΗΡΩΜΗΣ ΑΠΟΖΗΜΙΩΣΗ ΓΙΑ ΝΥΧΤΕΡΙΝΑ-ΕΞΑΙΡΕΣΙΜΑ-ΥΠΕΡΩΡ.ΑΠΑΣΧΟΛΗΣΗ (001628),,,4330.83,anonymous sponsor (empty sponsorAFMName)
9ΞΡΟ4690Β3-Α76,2026-05-04,ΕΝΤΑΛΜΑ ΠΛΗΡΩΜΗΣ ΑΠΟΖΗΜΙΩΣΗ ΓΙΑ ΝΥΧΤΕΡΙΝΑ-ΕΞΑΙΡΕΣΙΜΑ-ΥΠΕΡΩΡ.ΑΠΑΣΧΟΛΗΣΗ (001628),,,950.42,anonymous sponsor (empty sponsorAFMName)
9ΕΦΖ4690Β3-99Φ,2026-05-04,ΕΝΤΑΛΜΑ ΠΛΗΡΩΜΗΣ ΑΠΟΖΗΜΙΩΣΗ ΓΙΑ ΝΥΧΤΕΡΙΝΑ-ΕΞΑΙΡΕΣΙΜΑ-ΥΠΕΡΩΡ.ΑΠΑΣΧΟΛΗΣΗ (001628),,,2499.62,anonymous sponsor (empty sponsorAFMName)
6Ζ854690Β3-7Ψ0,2026-05-04,ΕΝΤΑΛΜΑ ΠΛΗΡΩΜΗΣ ΑΠΟΖΗΜΙΩΣΗ ΓΙΑ ΝΥΧΤΕΡΙΝΑ-ΕΞΑΙΡΕΣΙΜΑ-ΥΠΕΡΩΡ.ΑΠΑΣΧΟΛΗΣΗ (001628),,,2278.21,anonymous sponsor (empty sponsorAFMName)
ΨΞΔ54690Β3-ΩΦ5,2026-05-04,ΕΝΤΑΛΜΑ ΠΛΗΡΩΜΗΣ ΑΠΟΖΗΜΙΩΣΗ ΓΙΑ ΝΥΧΤΕΡΙΝΑ-ΕΞΑΙΡΕΣΙΜΑ-ΥΠΕΡΩΡ.ΑΠΑΣΧΟΛΗΣΗ (001628),,,617.12,anonymous sponsor (empty sponsorAFMName)
ΨΝΞΚ4690Β3-ΘΜ7,2026-05-04,ΕΝΤΑΛΜΑ ΠΛΗΡΩΜΗΣ ΑΠΟΖΗΜΙΩΣΗ ΓΙΑ ΝΥΧΤΕΡΙΝΑ-ΕΞΑΙΡΕΣΙΜΑ-ΥΠΕΡΩΡ.ΑΠΑΣΧΟΛΗΣΗ (001628),,,430.58,anonymous sponsor (empty sponsorAFMName)
9Κ9Γ4690Β3-ΘΛ2,2026-05-04,ΕΝΤΑΛΜΑ ΠΛΗΡΩΜΗΣ ΑΠΟΖΗΜΙΩΣΗ ΓΙΑ ΝΥΧΤΕΡΙΝΑ-ΕΞΑΙΡΕΣΙΜΑ-ΥΠΕΡΩΡ.ΑΠΑΣΧΟΛΗΣΗ (001628),,,133.61,anonymous sponsor (empty sponsorAFMName)
Ψ89Δ4690Β3-ΛΡΝ,2026-05-04,ΕΝΤΑΛΜΑ ΠΛΗΡΩΜΗΣ ΑΠΟΖΗΜΙΩΣΗ ΓΙΑ ΝΥΧΤΕΡΙΝΑ-ΕΞΑΙΡΕΣΙΜΑ-ΥΠΕΡΩΡ.ΑΠΑΣΧΟΛΗΣΗ (001628),,,295.36,anonymous sponsor (empty sponsorAFMName)
6ΣΕΝ4690Β3-Ζ3Β,2026-05-04,ΕΝΤΑΛΜΑ ΠΛΗΡΩΜΗΣ ΑΠΟΖΗΜΙΩΣΗ ΓΙΑ ΝΥΧΤΕΡΙΝΑ-ΕΞΑΙΡΕΣΙΜΑ-ΥΠΕΡΩΡ.ΑΠΑΣΧΟΛΗΣΗ (001628),,,404.33,anonymous sponsor (empty sponsorAFMName)
90Α94690Β3-ΘΧΧ,2026-05-04,ΕΝΤΑΛΜΑ ΠΛΗΡΩΜΗΣ ΑΠΟΖΗΜΙΩΣΗ ΓΙΑ ΝΥΧΤΕΡΙΝΑ-ΕΞΑΙΡΕΣΙΜΑ-ΥΠΕΡΩΡ.ΑΠΑΣΧΟΛΗΣΗ (001628),,,7808.41,anonymous sponsor (empty sponsorAFMName)
ΨΓ884690Β3-Η0Ι,2026-05-04,ΕΝΤΑΛΜΑ ΠΛΗΡΩΜΗΣ ΑΠΟΖΗΜΙΩΣΗ ΓΙΑ ΝΥΧΤΕΡΙΝΑ-ΕΞΑΙΡΕΣΙΜΑ-ΥΠΕΡΩΡ.ΑΠΑΣΧΟΛΗΣΗ (001628),,,4368.00,anonymous sponsor (empty sponsorAFMName)
Ψ9ΛΠ4690Β3-ΩΕ5,2026-05-04,ΕΝΤΑΛΜΑ ΠΛΗΡΩΜΗΣ ΑΠΟΖΗΜΙΩΣΗ ΓΙΑ ΝΥΧΤΕΡΙΝΑ-ΕΞΑΙΡΕΣΙΜΑ-ΥΠΕΡΩΡ.ΑΠΑΣΧΟΛΗΣΗ (001628),,,1249.67,anonymous sponsor (empty sponsorAFMName)
ΨΔΔΡ4690Β3-Κ0Ζ,2026-05-04,ΕΝΤΑΛΜΑ ΠΛΗΡΩΜΗΣ ΑΠΟΖΗΜΙΩΣΗ ΓΙΑ ΝΥΧΤΕΡΙΝΑ-ΕΞΑΙΡΕΣΙΜΑ-ΥΠΕΡΩΡ.ΑΠΑΣΧΟΛΗΣΗ (001628),,,185.32,anonymous sponsor (empty sponsorAFMName)
Ψ0Σ44690Β3-Μ86,2026-05-04,ΕΝΤΑΛΜΑ ΠΛΗΡΩΜΗΣ ΑΠΟΖΗΜΙΩΣΗ ΓΙΑ ΝΥΧΤΕΡΙΝΑ-ΕΞΑΙΡΕΣΙΜΑ-ΥΠΕΡΩΡ.ΑΠΑΣΧΟΛΗΣΗ (001628),,,946.29,anonymous sponsor (empty sponsorAFMName)
91ΜΔ4690Β3-ΒΑΗ,2026-05-04,ΕΝΤΑΛΜΑ ΠΛΗΡΩΜΗΣ ΑΠΟΖΗΜΙΩΣΗ ΓΙΑ ΝΥΧΤΕΡΙΝΑ-ΕΞΑΙΡΕΣΙΜΑ-ΥΠΕΡΩΡ.ΑΠΑΣΧΟΛΗΣΗ (001628),,,1429.97,anonymous sponsor (empty sponsorAFMName)
ΨΩΣ84690Β3-Χ1Ο,2026-05-04,ΕΝΤΑΛΜΑ ΠΛΗΡΩΜΗΣ ΑΠΟΖΗΜΙΩΣΗ ΓΙΑ ΝΥΧΤΕΡΙΝΑ-ΕΞΑΙΡΕΣΙΜΑ-ΥΠΕΡΩΡ.ΑΠΑΣΧΟΛΗΣΗ (001628),,,329.16,anonymous sponsor (empty sponsorAFMName)
ΨΜΘΜ4690Β3-Ξ7Μ,2026-05-04,ΕΝΤΑΛΜΑ ΠΛΗΡΩΜΗΣ ΑΠΟΖΗΜΙΩΣΗ ΓΙΑ ΝΥΧΤΕΡΙΝΑ-ΕΞΑΙΡΕΣΙΜΑ-ΥΠΕΡΩΡ.ΑΠΑΣΧΟΛΗΣΗ (001628),,,3284.50,anonymous sponsor (empty sponsorAFMName)
Ψ1ΟΔ4690Β3-ΚΧ2,2026-05-04,ΕΝΤΑΛΜΑ ΠΛΗΡΩΜΗΣ ΑΠΟΖΗΜΙΩΣΗ ΓΙΑ ΝΥΧΤΕΡΙΝΑ-ΕΞΑΙΡΕΣΙΜΑ-ΥΠΕΡΩΡ.ΑΠΑΣΧΟΛΗΣΗ (001628),,,7341.60,anonymous sponsor (empty sponsorAFMName)
ΨΥ4Φ4690Β3-ΓΩΦ,2026-05-04,ΕΝΤΑΛΜΑ ΠΛΗΡΩΜΗΣ ΑΠΟΖΗΜΙΩΣΗ ΓΙΑ ΝΥΧΤΕΡΙΝΑ-ΕΞΑΙΡΕΣΙΜΑ-ΥΠΕΡΩΡ.ΑΠΑΣΧΟΛΗΣΗ (001628),,,2539.54,anonymous sponsor (empty sponsorAFMName)
ΨΘΡΤ4690Β3-ΦΜΟ,2026-05-04,ΕΝΤΑΛΜΑ ΠΛΗΡΩΜΗΣ ΑΠΟΖΗΜΙΩΣΗ ΓΙΑ ΝΥΧΤΕΡΙΝΑ-ΕΞΑΙΡΕΣΙΜΑ-ΥΠΕΡΩΡ.ΑΠΑΣΧΟΛΗΣΗ (001628),,,8904.70,anonymous sponsor (empty sponsorAFMName)
ΨΩΓΓ4690Β3-ΣΣΖ,2026-05-04,ΕΝΤΑΛΜΑ ΠΛΗΡΩΜΗΣ ΑΠΟΖΗΜΙΩΣΗ ΓΙΑ ΝΥΧΤΕΡΙΝΑ-ΕΞΑΙΡΕΣΙΜΑ-ΥΠΕΡΩΡ.ΑΠΑΣΧΟΛΗΣΗ (001628),,,14783.95,anonymous sponsor (empty sponsorAFMName)
65Ι14690Β3-ΟΚΠ,2026-05-04,ΕΝΤΑΛΜΑ ΠΛΗΡΩΜΗΣ ΑΠΟΖΗΜΙΩΣΗ ΓΙΑ ΝΥΧΤΕΡΙΝΑ-ΕΞΑΙΡΕΣΙΜΑ-ΥΠΕΡΩΡ.ΑΠΑΣΧΟΛΗΣΗ (001628),,,20085.85,anonymous sponsor (empty sponsorAFMName)
6ΝΑΜ4690Β3-ΠΘ5,2026-05-04,ΕΝΤΑΛΜΑ ΠΛΗΡΩΜΗΣ ΑΠΟΖΗΜΙΩΣΗ ΓΙΑ ΝΥΧΤΕΡΙΝΑ-ΕΞΑΙΡΕΣΙΜΑ-ΥΠΕΡΩΡ.ΑΠΑΣΧΟΛΗΣΗ (001628),,,2287.47,anonymous sponsor (empty sponsorAFMName)
9ΘΘΩ4690Β3-ΤΔΚ,2026-05-04,ΕΝΤΑΛΜΑ ΠΛΗΡΩΜΗΣ ΑΠΟΖΗΜΙΩΣΗ ΕΦΗΜΕΡΙΩΝ (002535),,,23557.29,anonymous sponsor (empty sponsorAFMName)
Ψ2ΛΞ4690Β3-ΡΟΑ,2026-05-04,ΕΝΤΑΛΜΑ ΠΛΗΡΩΜΗΣ ΑΠΟΖΗΜΙΩΣΗ ΕΦΗΜΕΡΙΩΝ (002535),,,137.24,anonymous sponsor (empty sponsorAFMName)
Ψ63Ζ4690Β3-ΒΕΥ,2026-05-04,ΕΝΤΑΛΜΑ ΠΛΗΡΩΜΗΣ ΑΠΟΖΗΜΙΩΣΗ ΕΦΗΜΕΡΙΩΝ (002535),,,2313.44,anonymous sponsor (empty sponsorAFMName)
Ε4ΑΙ4690Β3-1ΩΙ,2026-05-04,ΕΝΤΑΛΜΑ ΠΛΗΡΩΜΗΣ ΑΠΟΖΗΜΙΩΣΗ ΕΦΗΜΕΡΙΩΝ (002535),,,953.34,anonymous sponsor (empty sponsorAFMName)
9Σ634690Β3-ΘΤΕ,2026-05-04,ΕΝΤΑΛΜΑ ΠΛΗΡΩΜΗΣ ΑΠΟΖΗΜΙΩΣΗ ΕΦΗΜΕΡΙΩΝ (002535),,,18013.18,anonymous sponsor (empty sponsorAFMName)
Ψ1Σ64690Β3-ΛΟ3,2026-05-04,ΕΝΤΑΛΜΑ ΠΛΗΡΩΜΗΣ ΑΠΟΖΗΜΙΩΣΗ ΕΦΗΜΕΡΙΩΝ (002535),,,81879.99,anonymous sponsor (empty sponsorAFMName)
Ρ1Η94690Β3-ΜΛΤ,2026-05-04,ΕΝΤΑΛΜΑ ΠΛΗΡΩΜΗΣ ΑΠΟΖΗΜΙΩΣΗ ΕΦΗΜΕΡΙΩΝ (002535),,,2762.10,anonymous sponsor (empty sponsorAFMName)
ΡΠΔ34690Β3-Υ0Π,2026-05-04,ΕΝΤΑΛΜΑ ΠΛΗΡΩΜΗΣ ΑΠΟΖΗΜΙΩΣΗ ΕΦΗΜΕΡΙΩΝ (002535),,,2867.04,anonymous sponsor (empty sponsorAFMName)
9ΟΑ84690Β3-ΘΒΠ,2026-05-04,ΕΝΤΑΛΜΑ ΠΛΗΡΩΜΗΣ ΑΠΟΖΗΜΙΩΣΗ ΕΦΗΜΕΡΙΩΝ (002535),,,3034.50,anonymous sponsor (empty sponsorAFMName)
9ΒΖΔ4690Β3-Β32,2026-05-04,ΕΝΤΑΛΜΑ ΠΛΗΡΩΜΗΣ ΑΠΟΖΗΜΙΩΣΗ ΕΦΗΜΕΡΙΩΝ (002535),,,4815.46,anonymous sponsor (empty sponsorAFMName)
9ΛΤ14690Β3-8ΡΗ,2026-04-30,ΕΝΤΑΛΜΑ ΠΛΗΡΩΜΗΣ ΑΠΟΖΗΜΕΙΩΣΗ ΤΕΙ-ΑΣΚΟΥΜΕΝΩΝ Ο.Α.Ε.Δ. (001607),,,171.96,anonymous sponsor (empty sponsorAFMName)
ΕΩΤΜ4690Β3-ΑΚ8,2026-04-30,ΕΝΤΑΛΜΑ ΠΛΗΡΩΜΗΣ ΕΠΟΧΙΚΟ ΠΡΟΣΩΠΙΚΟ ΚΑΘΑΡΙΟΤΗΤΑΣ (999111999),,,32278.51,anonymous sponsor (empty sponsorAFMName)
Ψ0Υ74690Β3-9Ω4,2026-04-30,ΕΝΤΑΛΜΑ ΠΛΗΡΩΜΗΣ ΕΠΙΚΟΥΡΙΚΟ ΝΟΣΗΛΕΥΤΙΚΟ-ΠΑΡΑΪΑΤΡΙΚΟ ΠΡΟΣΩΠΙΚΟ (000001634),,,1809.53,anonymous sponsor (empty sponsorAFMName)
93ΕΨ4690Β3-Π7Α,2026-04-30,ΕΝΤΑΛΜΑ ΠΛΗΡΩΜΗΣ ΕΠΙΚΟΥΡΙΚΟ ΝΟΣΗΛΕΥΤΙΚΟ-ΠΑΡΑΪΑΤΡΙΚΟ ΠΡΟΣΩΠΙΚΟ (000001634),,,60560.60,anonymous sponsor (empty sponsorAFMName)
9ΟΥΣ4690Β3-ΩΟΛ,2026-04-30,ΕΝΤΑΛΜΑ ΠΛΗΡΩΜΗΣ EΠΙΚΟΥΡΙΚΟΙ ΙΑΤΡΟΙ Ε.Σ.Υ. (000001629),,,6029.82,anonymous sponsor (empty sponsorAFMName)
ΨΒΙ44690Β3-3ΒΨ,2026-04-30,ΕΝΤΑΛΜΑ ΠΛΗΡΩΜΗΣ ΑΠΟΖΗΜΕΙΩΣΗ ΤΕΙ-ΑΣΚΟΥΜΕΝΩΝ Ο.Α.Ε.Δ. (001607),,,597.09,anonymous sponsor (empty sponsorAFMName)
6Τ0Α4690Β3-Δ73,2026-04-30,ΕΝΤΑΛΜΑ ΠΛΗΡΩΜΗΣ ΕΡΓΟΔ.ΕΙΣΦ.ΙΚΑ ΑΣΚΟΥΜ.ΤΕΕ-ΙΕΚ.ΧΩΡ.ΑΜΟΙΒ.ΓΙΑ ΑΤΥΧΗΜ (001690),,,52.73,anonymous sponsor (empty sponsorAFMName)
9ΧΣΩ4690Β3-ΟΗ9,2026-04-30,ΕΝΤΑΛΜΑ ΠΛΗΡΩΜΗΣ ΕΠΙΚΟΥΡΙΚΟ ΝΟΣΗΛΕΥΤΙΚΟ-ΠΑΡΑΪΑΤΡΙΚΟ ΠΡΟΣΩΠΙΚΟ (000001634),,,1849.99,anonymous sponsor (empty sponsorAFMName)
6ΣΦΨ4690Β3-ΘΑ5,2026-04-30,ΕΝΤΑΛΜΑ ΠΛΗΡΩΜΗΣ ΕΠΙΚΟΥΡΙΚΟ ΝΟΣΗΛΕΥΤΙΚΟ-ΠΑΡΑΪΑΤΡΙΚΟ ΠΡΟΣΩΠΙΚΟ (000001634),,,28989.24,anonymous sponsor (empty sponsorAFMName)
9ΙΣ54690Β3-ΧΚ4,2026-04-30,ΕΝΤΑΛΜΑ ΠΛΗΡΩΜΗΣ EΠΙΚΟΥΡΙΚΟΙ ΙΑΤΡΟΙ Ε.Σ.Υ. (000001629),,,53991.28,anonymous sponsor (empty sponsorAFMName)
6ΔΜ64690Β3-3Ρ3,2026-04-30,ΕΝΤΑΛΜΑ ΠΛΗΡΩΜΗΣ ΚΡΑΤ.3391-53.20.00.0001 ΕΛΛΗΝΙΚΟ ΔΗΜΟΣΙΟ (001506),,,664.00,anonymous sponsor (empty sponsorAFMName)
ΨΚΒΨ4690Β3-518,2026-04-30,ΕΝΤΑΛΜΑ ΠΛΗΡΩΜΗΣ ΚΡΑΤ.3391-54.04.02.0001 Χ/ΜΑ και ΟΓΑ Χ/ΜΩΝ (),,,18.23,anonymous sponsor (empty sponsorAFMName)
Ψ4ΔΤ4690Β3-Ε1Α,2026-04-30,ΕΝΤΑΛΜΑ ΠΛΗΡΩΜΗΣ ΚΡΑΤ.3391-53.20.00.0001 ΕΛΛΗΝΙΚΟ ΔΗΜΟΣΙΟ (001506),,,7069.74,anonymous sponsor (empty sponsorAFMName)
99Β34690Β3-ΝΚΑ,2026-04-30,ΕΝΤΑΛΜΑ ΠΛΗΡΩΜΗΣ ΚΡΑΤ.3391-53.20.00.0001 ΕΛΛΗΝΙΚΟ ΔΗΜΟΣΙΟ (001506),,,200.01,anonymous sponsor (empty sponsorAFMName)
6ΣΧΛ4690Β3-Ν9Υ,2026-04-30,ΕΝΤΑΛΜΑ ΠΛΗΡΩΜΗΣ ΚΡΑΤ.3391-53.20.00.0001 ΕΛΛΗΝΙΚΟ ΔΗΜΟΣΙΟ (001506),,,320.37,anonymous sponsor (empty sponsorAFMName)
Ψ1ΘΙ4690Β3-Δ4Π,2026-04-30,ΕΝΤΑΛΜΑ ΠΛΗΡΩΜΗΣ ΚΡΑΤ.3391-53.20.00.0001 ΕΛΛΗΝΙΚΟ ΔΗΜΟΣΙΟ (001506),,,16.41,anonymous sponsor (empty sponsorAFMName)
ΡΨΕΓ4690Β3-ΧΕΛ,2026-04-29,ΕΝΤΑΛΜΑ ΠΛΗΡΩΜΗΣ ΚΡΑΤ.3391-54.04.00.0001 ΦΟΡΟΣ ΕΛΕΥΘΕΡ.ΕΠΑΓΓΕΛΜΑΤ (),,,3788.66,anonymous sponsor (empty sponsorAFMName)
9Λ0Ν4690Β3-ΒΦ4,2026-04-29,ΕΝΤΑΛΜΑ ΠΛΗΡΩΜΗΣ ΚΡΑΤ.3391-54.09.14.0001 ΦΟΡΟΣ ΠΡΟΜΗΘΕΥΤΩΝ (001510),,,21704.34,anonymous sponsor (empty sponsorAFMName)
Ε4Ν94690Β3-Δ6Β,2026-04-28,ΕΝΤΑΛΜΑ ΠΛΗΡΩΜΗΣ ΚΡΑΤ.3391-54.03.00.0001 Φ.Μ.Υ. (001512),,,18.26,anonymous sponsor (empty sponsorAFMName)
9ΓΥ34690Β3-0Α8,2026-04-28,ΕΝΤΑΛΜΑ ΠΛΗΡΩΜΗΣ ΚΡΑΤ.3391-54.03.00.0001 Φ.Μ.Υ. (001512),,,100.93,anonymous sponsor (empty sponsorAFMName)
9Κ904690Β3-Π4Φ,2026-04-28,ΕΝΤΑΛΜΑ ΠΛΗΡΩΜΗΣ ΚΡΑΤ.3391-54.03.00.0001 Φ.Μ.Υ. (001512),,,69.87,anonymous sponsor (empty sponsorAFMName)
Ρ2ΜΚ4690Β3-ΘΣ1,2026-04-28,ΕΝΤΑΛΜΑ ΠΛΗΡΩΜΗΣ ΕΙΣΦΟΡΕΣ ΑΠΑΣΧ/ΝΩΝ ΟΑΕΔ ΜΕΣΩ ΠΡΟΓ. ΚΟΙΝΩΦ. ΧΑΡΑΚΤΗΡΑ (),,,855.96,anonymous sponsor (empty sponsorAFMName)
ΡΦΦΨ4690Β3-ΗΤΧ,2026-04-28,ΕΝΤΑΛΜΑ ΠΛΗΡΩΜΗΣ ΕΙΣΦΟΡΕΣ ΑΠΑΣΧ/ΝΩΝ ΟΑΕΔ ΜΕΣΩ ΠΡΟΓ. ΚΟΙΝΩΦ. ΧΑΡΑΚΤΗΡΑ (),,,3043.09,anonymous sponsor (empty sponsorAFMName)
ΡΞ0Υ4690Β3-Φ50,2026-04-28,ΕΝΤΑΛΜΑ ΠΛΗΡΩΜΗΣ ΕΙΣΦΟΡΕΣ ΑΠΑΣΧ/ΝΩΝ ΟΑΕΔ ΜΕΣΩ ΠΡΟΓ. ΚΟΙΝΩΦ. ΧΑΡΑΚΤΗΡΑ (),,,880.42,anonymous sponsor (empty sponsorAFMName)
9ΚΦΟ4690Β3-69Π,2026-04-22,ΕΝΤΑΛΜΑ ΠΛΗΡΩΜΗΣ ΒΙΟΣΕΡ ΑΕ (094035927),,,1352.61,anonymous sponsor (empty sponsorAFMName)
91ΓΗ4690Β3-ΘΒΧ,2026-04-22,ΕΝΤΑΛΜΑ ΠΛΗΡΩΜΗΣ 1η Υ.ΠΕ. ΑΤΤΙΚΗΣ-Γ.Ν. ΠΑΙΔΩΝ ΑΘΗΝΩΝ Η ΑΓΙΑ ΣΟΦΙΑ (999332770),,,3.35,anonymous sponsor (empty sponsorAFMName)
ΨΝ074690Β3-Μ3Γ,2026-04-22,ΕΝΤΑΛΜΑ ΠΛΗΡΩΜΗΣ Γ.Ν.ΝΟΣΗΜΑΤΩΝ ΘΩΡΑΚΟΣ ΑΘΗΝ. Η ΣΩΤΗΡΙΑ (999332720),,,506.83,anonymous sponsor (empty sponsorAFMName)
ΨΕΕΨ4690Β3-4ΔΘ,2026-04-21,ΕΝΤΑΛΜΑ ΠΛΗΡΩΜΗΣ AMVIS ΕΛΛΑΣ A.E (094317562),,,1488.00,anonymous sponsor (empty sponsorAFMName)
ΨΙΦΖ4690Β3-ΠΣΞ,2026-04-21,ΕΝΤΑΛΜΑ ΠΛΗΡΩΜΗΣ ΒΙΟΣΕΡ ΑΕ (094035927),,,429.40,anonymous sponsor (empty sponsorAFMName)
ΨΚΧΥ4690Β3-Υ9Ζ,2026-04-21,ΕΝΤΑΛΜΑ ΠΛΗΡΩΜΗΣ AMVIS ΕΛΛΑΣ A.E (094317562),,,5424.00,anonymous sponsor (empty sponsorAFMName)
9ΞΠΗ4690Β3-0ΞΤ,2026-04-15,ΕΝΤΑΛΜΑ ΠΛΗΡΩΜΗΣ ΚΕΡΚΥΡΑΪΚΗ ΕΤΑΙΡΕΙΑ ΚΡΕΑΤΩΝ ΑΕ (099346780),,,940.92,anonymous sponsor (empty sponsorAFMName)
9Ξ3Ν4690Β3-84Ο,2026-04-15,ΕΝΤΑΛΜΑ ΠΛΗΡΩΜΗΣ ΚΕΡΚΥΡΑΪΚΗ ΕΤΑΙΡΕΙΑ ΚΡΕΑΤΩΝ ΑΕ (099346780),,,1522.72,anonymous sponsor (empty sponsorAFMName)
ΨΥΙ34690Β3-1Ρ4,2026-04-15,ΕΝΤΑΛΜΑ ΠΛΗΡΩΜΗΣ ΚΕΡΚΥΡΑΪΚΗ ΕΤΑΙΡΕΙΑ ΚΡΕΑΤΩΝ ΑΕ (099346780),,,2275.87,anonymous sponsor (empty sponsorAFMName)
6ΧΠΞ4690Β3-ΡΚΖ,2026-04-15,ΕΝΤΑΛΜΑ ΠΛΗΡΩΜΗΣ ΚΕΡΚΥΡΑΪΚΗ ΕΤΑΙΡΕΙΑ ΚΡΕΑΤΩΝ ΑΕ (099346780),,,2184.96,anonymous sponsor (empty sponsorAFMName)
91834690Β3-ΥΓ2,2026-04-06,ΕΝΤΑΛΜΑ ΠΛΗΡΩΜΗΣ ΔΙΚΑΙΟΥΧΟΙ ΑΜΟΙΒΩΝ (001600),,,833.00,anonymous sponsor (empty sponsorAFMName)
ΨΖΧΛ4690Β3-ΖΨΡ,2026-04-06,ΕΝΤΑΛΜΑ ΠΛΗΡΩΜΗΣ ΚΩΝΣΤΑΝΤΙΝΟΣ ΑΝΑΣΤΟΠΟΥΛΟΣ-ΑΙΚΑΤΕΡΙΝΗ ΝΑΤΣΗ Ο.Ε. (800544921),,,1543.80,anonymous sponsor (empty sponsorAFMName)
ΡΞΑΒ4690Β3-0ΦΦ,2026-04-02,ΕΝΤΑΛΜΑ ΠΛΗΡΩΜΗΣ WATERA HELLAS  A.B.E.E. ΠΡΩΗΝ ΚΑΛΛΙΓΚΑΝ (094057329),,,1249.92,anonymous sponsor (empty sponsorAFMName)
ΕΨΖ44690Β3-Υ4Κ,2026-04-01,ΕΝΤΑΛΜΑ ΠΛΗΡΩΜΗΣ ΑΜΟΙΒΕΣ ΔΙΟΙΚΗΤΙΚΟΥ   ΛΟΙΠΟΥ ΠΡΟΣΩΠΙΚΟΥ ΛΕΙΤΟΥΡΓΙΑΣ ΑΠΟΓΕΥΜΑΤΙΝΩΝ ΙΑΤΡΕΙΩΝ (55831111),,,640.00,anonymous sponsor (empty sponsorAFMName)
ΡΥΔ64690Β3-ΑΛ0,2026-04-01,ΕΝΤΑΛΜΑ ΠΛΗΡΩΜΗΣ ΑΜΟΙΒΕΣ ΝΟΣΗΛΕΥΤΙΚΟΥ ΚΑΙ ΛΟΙΠΟΥ ΠΑΡΑΪΑΤΡΙΚΟΥ ΠΡΟΣΩΠΙΚΟΥ ΛΕΙΤΟΥΡΓΙΑΣ ΑΠΟΓΕΥΜΑΤΙΝΩΝ ΙΑΤΡΕΙΩΝ (016630000),,,711.77,anonymous sponsor (empty sponsorAFMName)
9Ι9Λ4690Β3-4ΛΓ,2026-04-01,ΕΝΤΑΛΜΑ ΠΛΗΡΩΜΗΣ ΑΜΟΙΒΕΣ ΙΑΤΡΙΚΟΥ ΠΡΟΣΩΠΙΚΟΥ ΛΕΙΤΟΥΡΓΙΑΣ ΑΠΟΓΕΥΜΑΤΙΝΩΝ ΙΑΤΡΕΙΩΝ (210923000),,,2791.29,anonymous sponsor (empty sponsorAFMName)
6Ζ054690Β3-5ΔΟ,2026-04-01,ΕΝΤΑΛΜΑ ΠΛΗΡΩΜΗΣ ΑΠΟΖΗΜΙΩΣΗ ΓΙΑ ΝΥΧΤΕΡΙΝΑ-ΕΞΑΙΡΕΣΙΜΑ-ΥΠΕΡΩΡ.ΑΠΑΣΧΟΛΗΣΗ (001628),,,2489.56,anonymous sponsor (empty sponsorAFMName)
ΡΨ434690Β3-8ΨΒ,2026-04-01,ΕΝΤΑΛΜΑ ΠΛΗΡΩΜΗΣ ΑΠΟΖΗΜΙΩΣΗ ΓΙΑ ΝΥΧΤΕΡΙΝΑ-ΕΞΑΙΡΕΣΙΜΑ-ΥΠΕΡΩΡ.ΑΠΑΣΧΟΛΗΣΗ (001628),,,138.69,anonymous sponsor (empty sponsorAFMName)
9Β0Υ4690Β3-Θ7Ζ,2026-04-01,ΕΝΤΑΛΜΑ ΠΛΗΡΩΜΗΣ ΑΠΟΖΗΜΙΩΣΗ ΓΙΑ ΝΥΧΤΕΡΙΝΑ-ΕΞΑΙΡΕΣΙΜΑ-ΥΠΕΡΩΡ.ΑΠΑΣΧΟΛΗΣΗ (001628),,,282.53,anonymous sponsor (empty sponsorAFMName)
6ΑΓΚ4690Β3-ΛΚΩ,2026-04-01,ΕΝΤΑΛΜΑ ΠΛΗΡΩΜΗΣ ΑΠΟΖΗΜΙΩΣΗ ΕΦΗΜΕΡΙΩΝ (002535),,,396.92,anonymous sponsor (empty sponsorAFMName)
ΨΕΜ24690Β3-ΧΘΒ,2026-04-01,ΕΝΤΑΛΜΑ ΠΛΗΡΩΜΗΣ ΑΠΟΖΗΜΙΩΣΗ ΕΦΗΜΕΡΙΩΝ (002535),,,20937.74,anonymous sponsor (empty sponsorAFMName)
ΡΒΨΧ4690Β3-ΠΔ6,2026-04-01,ΕΝΤΑΛΜΑ ΠΛΗΡΩΜΗΣ ΑΠΟΖΗΜΙΩΣΗ ΕΦΗΜΕΡΙΩΝ (002535),,,690.96,anonymous sponsor (empty sponsorAFMName)
ΨΘΦ94690Β3-ΜΚΥ,2026-04-01,ΕΝΤΑΛΜΑ ΠΛΗΡΩΜΗΣ ΑΠΟΖΗΜΙΩΣΗ ΕΦΗΜΕΡΙΩΝ (002535),,,2136.84,anonymous sponsor (empty sponsorAFMName)
Ρ3Β64690Β3-42Π,2026-04-01,ΕΝΤΑΛΜΑ ΠΛΗΡΩΜΗΣ ΑΠΟΖΗΜΙΩΣΗ ΕΦΗΜΕΡΙΩΝ (002535),,,129.74,anonymous sponsor (empty sponsorAFMName)
Ρ8ΛΝ4690Β3-ΜΞΥ,2026-04-01,ΕΝΤΑΛΜΑ ΠΛΗΡΩΜΗΣ ΑΠΟΖΗΜΙΩΣΗ ΕΦΗΜΕΡΙΩΝ (002535),,,18553.06,anonymous sponsor (empty sponsorAFMName)
ΨΓ3Μ4690Β3-ΗΙ6,2026-04-01,ΕΝΤΑΛΜΑ ΠΛΗΡΩΜΗΣ ΑΠΟΖΗΜΙΩΣΗ ΕΦΗΜΕΡΙΩΝ (002535),,,77077.87,anonymous sponsor (empty sponsorAFMName)
6ΖΘΑ4690Β3-Τ1Μ,2026-04-01,ΕΝΤΑΛΜΑ ΠΛΗΡΩΜΗΣ ΑΠΟΖΗΜΙΩΣΗ ΕΦΗΜΕΡΙΩΝ (002535),,,2503.28,anonymous sponsor (empty sponsorAFMName)
9Ψ2Γ4690Β3-ΥΞΥ,2026-04-01,ΕΝΤΑΛΜΑ ΠΛΗΡΩΜΗΣ ΑΠΟΖΗΜΙΩΣΗ ΕΦΗΜΕΡΙΩΝ (002535),,,114.05,anonymous sponsor (empty sponsorAFMName)
ΨΟΡΤ4690Β3-Η7Λ,2026-04-01,ΕΝΤΑΛΜΑ ΠΛΗΡΩΜΗΣ ΑΠΟΖΗΜΙΩΣΗ ΕΦΗΜΕΡΙΩΝ (002535),,,4820.44,anonymous sponsor (empty sponsorAFMName)
ΡΝΜΟ4690Β3-Ζ5Ψ,2026-04-01,ΕΝΤΑΛΜΑ ΠΛΗΡΩΜΗΣ ΑΠΟΖΗΜΙΩΣΗ ΕΦΗΜΕΡΙΩΝ (002535),,,3028.44,anonymous sponsor (empty sponsorAFMName)
ΨΠΡ24690Β3-ΜΕΖ,2026-04-01,ΕΝΤΑΛΜΑ ΠΛΗΡΩΜΗΣ ΑΠΟΖΗΜΙΩΣΗ ΕΦΗΜΕΡΙΩΝ (002535),,,2859.60,anonymous sponsor (empty sponsorAFMName)
6ΤΚ74690Β3-ΒΓΟ,2026-04-01,ΕΝΤΑΛΜΑ ΠΛΗΡΩΜΗΣ ΑΠΟΖΗΜΙΩΣΗ ΓΙΑ ΝΥΧΤΕΡΙΝΑ-ΕΞΑΙΡΕΣΙΜΑ-ΥΠΕΡΩΡ.ΑΠΑΣΧΟΛΗΣΗ (001628),,,91.49,anonymous sponsor (empty sponsorAFMName)
ΨΠΥΘ4690Β3-Υ3Ε,2026-04-01,ΕΝΤΑΛΜΑ ΠΛΗΡΩΜΗΣ ΑΠΟΖΗΜΙΩΣΗ ΓΙΑ ΝΥΧΤΕΡΙΝΑ-ΕΞΑΙΡΕΣΙΜΑ-ΥΠΕΡΩΡ.ΑΠΑΣΧΟΛΗΣΗ (001628),,,221.44,anonymous sponsor (empty sponsorAFMName)
Ψ02Η4690Β3-ΒΟΣ,2026-04-01,ΕΝΤΑΛΜΑ ΠΛΗΡΩΜΗΣ ΑΠΟΖΗΜΙΩΣΗ ΓΙΑ ΝΥΧΤΕΡΙΝΑ-ΕΞΑΙΡΕΣΙΜΑ-ΥΠΕΡΩΡ.ΑΠΑΣΧΟΛΗΣΗ (001628),,,479.90,anonymous sponsor (empty sponsorAFMName)
Ρ7124690Β3-7Ρ2,2026-04-01,ΕΝΤΑΛΜΑ ΠΛΗΡΩΜΗΣ ΑΠΟΖΗΜΙΩΣΗ ΓΙΑ ΝΥΧΤΕΡΙΝΑ-ΕΞΑΙΡΕΣΙΜΑ-ΥΠΕΡΩΡ.ΑΠΑΣΧΟΛΗΣΗ (001628),,,964.35,anonymous sponsor (empty sponsorAFMName)
Ρ2ΖΙ4690Β3-229,2026-04-01,ΕΝΤΑΛΜΑ ΠΛΗΡΩΜΗΣ ΑΠΟΖΗΜΙΩΣΗ ΓΙΑ ΝΥΧΤΕΡΙΝΑ-ΕΞΑΙΡΕΣΙΜΑ-ΥΠΕΡΩΡ.ΑΠΑΣΧΟΛΗΣΗ (001628),,,404.09,anonymous sponsor (empty sponsorAFMName)
ΨΧΨΧ4690Β3-ΕΣ3,2026-04-01,ΕΝΤΑΛΜΑ ΠΛΗΡΩΜΗΣ ΑΠΟΖΗΜΙΩΣΗ ΓΙΑ ΝΥΧΤΕΡΙΝΑ-ΕΞΑΙΡΕΣΙΜΑ-ΥΠΕΡΩΡ.ΑΠΑΣΧΟΛΗΣΗ (001628),,,3638.24,anonymous sponsor (empty sponsorAFMName)
99Ο94690Β3-Υ7Η,2026-04-01,ΕΝΤΑΛΜΑ ΠΛΗΡΩΜΗΣ ΑΠΟΖΗΜΙΩΣΗ ΓΙΑ ΝΥΧΤΕΡΙΝΑ-ΕΞΑΙΡΕΣΙΜΑ-ΥΠΕΡΩΡ.ΑΠΑΣΧΟΛΗΣΗ (001628),,,889.23,anonymous sponsor (empty sponsorAFMName)
9ΞΛΚ4690Β3-Δ12,2026-04-01,ΕΝΤΑΛΜΑ ΠΛΗΡΩΜΗΣ ΑΠΟΖΗΜΙΩΣΗ ΓΙΑ ΝΥΧΤΕΡΙΝΑ-ΕΞΑΙΡΕΣΙΜΑ-ΥΠΕΡΩΡ.ΑΠΑΣΧΟΛΗΣΗ (001628),,,8149.39,anonymous sponsor (empty sponsorAFMName)
9ΕΔΜ4690Β3-6ΗΣ,2026-04-01,ΕΝΤΑΛΜΑ ΠΛΗΡΩΜΗΣ ΑΠΟΖΗΜΙΩΣΗ ΓΙΑ ΝΥΧΤΕΡΙΝΑ-ΕΞΑΙΡΕΣΙΜΑ-ΥΠΕΡΩΡ.ΑΠΑΣΧΟΛΗΣΗ (001628),,,10258.54,anonymous sponsor (empty sponsorAFMName)
ΨΦΖΥ4690Β3-ΛΗΩ,2026-04-01,ΕΝΤΑΛΜΑ ΠΛΗΡΩΜΗΣ ΑΠΟΖΗΜΙΩΣΗ ΓΙΑ ΝΥΧΤΕΡΙΝΑ-ΕΞΑΙΡΕΣΙΜΑ-ΥΠΕΡΩΡ.ΑΠΑΣΧΟΛΗΣΗ (001628),,,953.75,anonymous sponsor (empty sponsorAFMName)
9ΟΦΖ4690Β3-Γ3Ξ,2026-04-01,ΕΝΤΑΛΜΑ ΠΛΗΡΩΜΗΣ ΑΠΟΖΗΜΙΩΣΗ ΓΙΑ ΝΥΧΤΕΡΙΝΑ-ΕΞΑΙΡΕΣΙΜΑ-ΥΠΕΡΩΡ.ΑΠΑΣΧΟΛΗΣΗ (001628),,,956.76,anonymous sponsor (empty sponsorAFMName)
ΡΤΕ14690Β3-47Δ,2026-04-01,ΕΝΤΑΛΜΑ ΠΛΗΡΩΜΗΣ ΑΠΟΖΗΜΙΩΣΗ ΓΙΑ ΝΥΧΤΕΡΙΝΑ-ΕΞΑΙΡΕΣΙΜΑ-ΥΠΕΡΩΡ.ΑΠΑΣΧΟΛΗΣΗ (001628),,,4009.39,anonymous sponsor (empty sponsorAFMName)
ΨΗΡΡ4690Β3-ΠΟ8,2026-04-01,ΕΝΤΑΛΜΑ ΠΛΗΡΩΜΗΣ ΑΠΟΖΗΜΙΩΣΗ ΓΙΑ ΝΥΧΤΕΡΙΝΑ-ΕΞΑΙΡΕΣΙΜΑ-ΥΠΕΡΩΡ.ΑΠΑΣΧΟΛΗΣΗ (001628),,,666.48,anonymous sponsor (empty sponsorAFMName)
9Ρ6Ρ4690Β3-ΖΝ6,2026-04-01,ΕΝΤΑΛΜΑ ΠΛΗΡΩΜΗΣ ΑΠΟΖΗΜΙΩΣΗ ΓΙΑ ΝΥΧΤΕΡΙΝΑ-ΕΞΑΙΡΕΣΙΜΑ-ΥΠΕΡΩΡ.ΑΠΑΣΧΟΛΗΣΗ (001628),,,67.84,anonymous sponsor (empty sponsorAFMName)
ΨΨΥΞ4690Β3-ΔΝΞ,2026-04-01,ΕΝΤΑΛΜΑ ΠΛΗΡΩΜΗΣ ΑΠΟΖΗΜΙΩΣΗ ΓΙΑ ΝΥΧΤΕΡΙΝΑ-ΕΞΑΙΡΕΣΙΜΑ-ΥΠΕΡΩΡ.ΑΠΑΣΧΟΛΗΣΗ (001628),,,1477.13,anonymous sponsor (empty sponsorAFMName)
ΡΗ5Ε4690Β3-301,2026-04-01,ΕΝΤΑΛΜΑ ΠΛΗΡΩΜΗΣ ΑΠΟΖΗΜΙΩΣΗ ΓΙΑ ΝΥΧΤΕΡΙΝΑ-ΕΞΑΙΡΕΣΙΜΑ-ΥΠΕΡΩΡ.ΑΠΑΣΧΟΛΗΣΗ (001628),,,2120.12,anonymous sponsor (empty sponsorAFMName)
63ΟΕ4690Β3-ΑΜΞ,2026-04-01,ΕΝΤΑΛΜΑ ΠΛΗΡΩΜΗΣ ΑΠΟΖΗΜΙΩΣΗ ΓΙΑ ΝΥΧΤΕΡΙΝΑ-ΕΞΑΙΡΕΣΙΜΑ-ΥΠΕΡΩΡ.ΑΠΑΣΧΟΛΗΣΗ (001628),,,3136.21,anonymous sponsor (empty sponsorAFMName)
ΡΦ5Β4690Β3-ΖΞΩ,2026-04-01,ΕΝΤΑΛΜΑ ΠΛΗΡΩΜΗΣ ΑΠΟΖΗΜΙΩΣΗ ΓΙΑ ΝΥΧΤΕΡΙΝΑ-ΕΞΑΙΡΕΣΙΜΑ-ΥΠΕΡΩΡ.ΑΠΑΣΧΟΛΗΣΗ (001628),,,1500.32,anonymous sponsor (empty sponsorAFMName)
ΨΟΙ14690Β3-ΙΡΔ,2026-04-01,ΕΝΤΑΛΜΑ ΠΛΗΡΩΜΗΣ ΑΠΟΖΗΜΙΩΣΗ ΓΙΑ ΝΥΧΤΕΡΙΝΑ-ΕΞΑΙΡΕΣΙΜΑ-ΥΠΕΡΩΡ.ΑΠΑΣΧΟΛΗΣΗ (001628),,,439.38,anonymous sponsor (empty sponsorAFMName)
Ρ78Ρ4690Β3-2ΔΗ,2026-04-01,ΕΝΤΑΛΜΑ ΠΛΗΡΩΜΗΣ ΑΠΟΖΗΜΙΩΣΗ ΓΙΑ ΝΥΧΤΕΡΙΝΑ-ΕΞΑΙΡΕΣΙΜΑ-ΥΠΕΡΩΡ.ΑΠΑΣΧΟΛΗΣΗ (001628),,,39.74,anonymous sponsor (empty sponsorAFMName)
ΡΕΝΖ4690Β3-ΩΡ8,2026-04-01,ΕΝΤΑΛΜΑ ΠΛΗΡΩΜΗΣ ΑΠΟΖΗΜΙΩΣΗ ΓΙΑ ΝΥΧΤΕΡΙΝΑ-ΕΞΑΙΡΕΣΙΜΑ-ΥΠΕΡΩΡ.ΑΠΑΣΧΟΛΗΣΗ (001628),,,338.17,anonymous sponsor (empty sponsorAFMName)
ΡΞΞΣ4690Β3-9ΜΦ,2026-04-01,ΕΝΤΑΛΜΑ ΠΛΗΡΩΜΗΣ ΑΠΟΖΗΜΙΩΣΗ ΓΙΑ ΝΥΧΤΕΡΙΝΑ-ΕΞΑΙΡΕΣΙΜΑ-ΥΠΕΡΩΡ.ΑΠΑΣΧΟΛΗΣΗ (001628),,,505.59,anonymous sponsor (empty sponsorAFMName)
9ΩΕΛ4690Β3-ΔΟΦ,2026-04-01,ΕΝΤΑΛΜΑ ΠΛΗΡΩΜΗΣ ΑΠΟΖΗΜΙΩΣΗ ΓΙΑ ΝΥΧΤΕΡΙΝΑ-ΕΞΑΙΡΕΣΙΜΑ-ΥΠΕΡΩΡ.ΑΠΑΣΧΟΛΗΣΗ (001628),,,6795.68,anonymous sponsor (empty sponsorAFMName)
ΡΧ244690Β3-ΒΟΜ,2026-04-01,ΕΝΤΑΛΜΑ ΠΛΗΡΩΜΗΣ ΑΠΟΖΗΜΙΩΣΗ ΓΙΑ ΝΥΧΤΕΡΙΝΑ-ΕΞΑΙΡΕΣΙΜΑ-ΥΠΕΡΩΡ.ΑΠΑΣΧΟΛΗΣΗ (001628),,,3914.04,anonymous sponsor (empty sponsorAFMName)
9Ψ3Η4690Β3-ΘΦΓ,2026-04-01,ΕΝΤΑΛΜΑ ΠΛΗΡΩΜΗΣ ΑΠΟΖΗΜΙΩΣΗ ΓΙΑ ΝΥΧΤΕΡΙΝΑ-ΕΞΑΙΡΕΣΙΜΑ-ΥΠΕΡΩΡ.ΑΠΑΣΧΟΛΗΣΗ (001628),,,953.18,anonymous sponsor (empty sponsorAFMName)
Ρ3ΒΘ4690Β3-ΡΒΨ,2026-03-31,ΕΝΤΑΛΜΑ ΠΛΗΡΩΜΗΣ ΑΠΟΖΗΜΙΩΣΗ ΓΙΑ ΝΥΧΤΕΡΙΝΑ-ΕΞΑΙΡΕΣΙΜΑ-ΥΠΕΡΩΡ.ΑΠΑΣΧΟΛΗΣΗ (001628),,,650.70,anonymous sponsor (empty sponsorAFMName)
ΡΝ5Δ4690Β3-ΠΘΜ,2026-03-31,ΕΝΤΑΛΜΑ ΠΛΗΡΩΜΗΣ ΑΠΟΖΗΜΙΩΣΗ ΓΙΑ ΝΥΧΤΕΡΙΝΑ-ΕΞΑΙΡΕΣΙΜΑ-ΥΠΕΡΩΡ.ΑΠΑΣΧΟΛΗΣΗ (001628),,,215.70,anonymous sponsor (empty sponsorAFMName)
ΨΕΡΑ4690Β3-Ν0Δ,2026-03-31,ΕΝΤΑΛΜΑ ΠΛΗΡΩΜΗΣ ΑΠΟΖΗΜΙΩΣΗ ΓΙΑ ΝΥΧΤΕΡΙΝΑ-ΕΞΑΙΡΕΣΙΜΑ-ΥΠΕΡΩΡ.ΑΠΑΣΧΟΛΗΣΗ (001628),,,142.71,anonymous sponsor (empty sponsorAFMName)
Ε7ΛΨ4690Β3-8ΔΙ,2026-03-31,ΕΝΤΑΛΜΑ ΠΛΗΡΩΜΗΣ ΑΠΟΖΗΜΙΩΣΗ ΓΙΑ ΝΥΧΤΕΡΙΝΑ-ΕΞΑΙΡΕΣΙΜΑ-ΥΠΕΡΩΡ.ΑΠΑΣΧΟΛΗΣΗ (001628),,,2587.49,anonymous sponsor (empty sponsorAFMName)
ΨΟΛΡ4690Β3-ΑΞΕ,2026-03-31,ΕΝΤΑΛΜΑ ΠΛΗΡΩΜΗΣ ΑΠΟΖΗΜΙΩΣΗ ΓΙΑ ΝΥΧΤΕΡΙΝΑ-ΕΞΑΙΡΕΣΙΜΑ-ΥΠΕΡΩΡ.ΑΠΑΣΧΟΛΗΣΗ (001628),,,2076.89,anonymous sponsor (empty sponsorAFMName)
Ψ3ΧΠ4690Β3-ΑΧΖ,2026-03-31,ΕΝΤΑΛΜΑ ΠΛΗΡΩΜΗΣ ΑΠΟΖΗΜΙΩΣΗ ΓΙΑ ΝΥΧΤΕΡΙΝΑ-ΕΞΑΙΡΕΣΙΜΑ-ΥΠΕΡΩΡ.ΑΠΑΣΧΟΛΗΣΗ (001628),,,466.64,anonymous sponsor (empty sponsorAFMName)
Ψ0ΔΠ4690Β3-6Χ1,2026-03-31,ΕΝΤΑΛΜΑ ΠΛΗΡΩΜΗΣ ΑΠΟΖΗΜΙΩΣΗ ΓΙΑ ΝΥΧΤΕΡΙΝΑ-ΕΞΑΙΡΕΣΙΜΑ-ΥΠΕΡΩΡ.ΑΠΑΣΧΟΛΗΣΗ (001628),,,3.70,anonymous sponsor (empty sponsorAFMName)
ΡΦΓΟ4690Β3-9ΑΤ,2026-03-31,ΕΝΤΑΛΜΑ ΠΛΗΡΩΜΗΣ ΑΠΟΖΗΜΙΩΣΗ ΓΙΑ ΝΥΧΤΕΡΙΝΑ-ΕΞΑΙΡΕΣΙΜΑ-ΥΠΕΡΩΡ.ΑΠΑΣΧΟΛΗΣΗ (001628),,,39.74,anonymous sponsor (empty sponsorAFMName)
Ψ20Κ4690Β3-5ΩΒ,2026-03-31,ΕΝΤΑΛΜΑ ΠΛΗΡΩΜΗΣ ΑΠΟΖΗΜΙΩΣΗ ΓΙΑ ΝΥΧΤΕΡΙΝΑ-ΕΞΑΙΡΕΣΙΜΑ-ΥΠΕΡΩΡ.ΑΠΑΣΧΟΛΗΣΗ (001628),,,212.43,anonymous sponsor (empty sponsorAFMName)
ΨΡΦΦ4690Β3-Σ8Ο,2026-03-31,ΕΝΤΑΛΜΑ ΠΛΗΡΩΜΗΣ ΑΠΟΖΗΜΙΩΣΗ ΓΙΑ ΝΥΧΤΕΡΙΝΑ-ΕΞΑΙΡΕΣΙΜΑ-ΥΠΕΡΩΡ.ΑΠΑΣΧΟΛΗΣΗ (001628),,,409.90,anonymous sponsor (empty sponsorAFMName)
ΨΒΨΧ4690Β3-31Ψ,2026-03-31,ΕΝΤΑΛΜΑ ΠΛΗΡΩΜΗΣ ΑΠΟΖΗΜΙΩΣΗ ΓΙΑ ΝΥΧΤΕΡΙΝΑ-ΕΞΑΙΡΕΣΙΜΑ-ΥΠΕΡΩΡ.ΑΠΑΣΧΟΛΗΣΗ (001628),,,8431.74,anonymous sponsor (empty sponsorAFMName)
9ΘΞ44690Β3-ΩΡ9,2026-03-31,ΕΝΤΑΛΜΑ ΠΛΗΡΩΜΗΣ ΑΠΟΖΗΜΙΩΣΗ ΓΙΑ ΝΥΧΤΕΡΙΝΑ-ΕΞΑΙΡΕΣΙΜΑ-ΥΠΕΡΩΡ.ΑΠΑΣΧΟΛΗΣΗ (001628),,,3778.89,anonymous sponsor (empty sponsorAFMName)
ΡΧΣΖ4690Β3-69Ε,2026-03-31,ΕΝΤΑΛΜΑ ΠΛΗΡΩΜΗΣ ΑΠΟΖΗΜΙΩΣΗ ΓΙΑ ΝΥΧΤΕΡΙΝΑ-ΕΞΑΙΡΕΣΙΜΑ-ΥΠΕΡΩΡ.ΑΠΑΣΧΟΛΗΣΗ (001628),,,796.35,anonymous sponsor (empty sponsorAFMName)
ΨΔ5Γ4690Β3-7ΦΓ,2026-03-31,ΕΝΤΑΛΜΑ ΠΛΗΡΩΜΗΣ ΑΠΟΖΗΜΙΩΣΗ ΓΙΑ ΝΥΧΤΕΡΙΝΑ-ΕΞΑΙΡΕΣΙΜΑ-ΥΠΕΡΩΡ.ΑΠΑΣΧΟΛΗΣΗ (001628),,,2956.18,anonymous sponsor (empty sponsorAFMName)
65ΔΝ4690Β3-ΧΤ2,2026-03-31,ΕΝΤΑΛΜΑ ΠΛΗΡΩΜΗΣ ΑΠΟΖΗΜΙΩΣΗ ΓΙΑ ΝΥΧΤΕΡΙΝΑ-ΕΞΑΙΡΕΣΙΜΑ-ΥΠΕΡΩΡ.ΑΠΑΣΧΟΛΗΣΗ (001628),,,757.23,anonymous sponsor (empty sponsorAFMName)
ΨΦΕΜ4690Β3-1ΑΝ,2026-03-31,ΕΝΤΑΛΜΑ ΠΛΗΡΩΜΗΣ ΑΠΟΖΗΜΙΩΣΗ ΓΙΑ ΝΥΧΤΕΡΙΝΑ-ΕΞΑΙΡΕΣΙΜΑ-ΥΠΕΡΩΡ.ΑΠΑΣΧΟΛΗΣΗ (001628),,,141.22,anonymous sponsor (empty sponsorAFMName)
Ρ4ΥΖ4690Β3-3Ρ6,2026-03-31,ΕΝΤΑΛΜΑ ΠΛΗΡΩΜΗΣ ΑΠΟΖΗΜΙΩΣΗ ΓΙΑ ΝΥΧΤΕΡΙΝΑ-ΕΞΑΙΡΕΣΙΜΑ-ΥΠΕΡΩΡ.ΑΠΑΣΧΟΛΗΣΗ (001628),,,1674.30,anonymous sponsor (empty sponsorAFMName)
ΡΕΑΠ4690Β3-Μ9Π,2026-03-31,ΕΝΤΑΛΜΑ ΠΛΗΡΩΜΗΣ ΑΠΟΖΗΜΙΩΣΗ ΓΙΑ ΝΥΧΤΕΡΙΝΑ-ΕΞΑΙΡΕΣΙΜΑ-ΥΠΕΡΩΡ.ΑΠΑΣΧΟΛΗΣΗ (001628),,,2482.54,anonymous sponsor (empty sponsorAFMName)
620Ψ4690Β3-Β12,2026-03-31,ΕΝΤΑΛΜΑ ΠΛΗΡΩΜΗΣ ΑΠΟΖΗΜΙΩΣΗ ΓΙΑ ΝΥΧΤΕΡΙΝΑ-ΕΞΑΙΡΕΣΙΜΑ-ΥΠΕΡΩΡ.ΑΠΑΣΧΟΛΗΣΗ (001628),,,995.88,anonymous sponsor (empty sponsorAFMName)
Ψ4ΛΘ4690Β3-6ΧΠ,2026-03-31,ΕΝΤΑΛΜΑ ΠΛΗΡΩΜΗΣ ΑΠΟΖΗΜΙΩΣΗ ΓΙΑ ΝΥΧΤΕΡΙΝΑ-ΕΞΑΙΡΕΣΙΜΑ-ΥΠΕΡΩΡ.ΑΠΑΣΧΟΛΗΣΗ (001628),,,4557.52,anonymous sponsor (empty sponsorAFMName)
ΡΒΙΔ4690Β3-ΦΩ8,2026-03-31,ΕΝΤΑΛΜΑ ΠΛΗΡΩΜΗΣ ΑΠΟΖΗΜΙΩΣΗ ΓΙΑ ΝΥΧΤΕΡΙΝΑ-ΕΞΑΙΡΕΣΙΜΑ-ΥΠΕΡΩΡ.ΑΠΑΣΧΟΛΗΣΗ (001628),,,118.06,anonymous sponsor (empty sponsorAFMName)
Ψ1Α84690Β3-ΜΥ4,2026-03-31,ΕΝΤΑΛΜΑ ΠΛΗΡΩΜΗΣ ΑΠΟΖΗΜΙΩΣΗ ΓΙΑ ΝΥΧΤΕΡΙΝΑ-ΕΞΑΙΡΕΣΙΜΑ-ΥΠΕΡΩΡ.ΑΠΑΣΧΟΛΗΣΗ (001628),,,244.00,anonymous sponsor (empty sponsorAFMName)
ΨΞΕ54690Β3-ΡΧ9,2026-03-31,ΕΝΤΑΛΜΑ ΠΛΗΡΩΜΗΣ ΑΠΟΖΗΜΙΩΣΗ ΓΙΑ ΝΥΧΤΕΡΙΝΑ-ΕΞΑΙΡΕΣΙΜΑ-ΥΠΕΡΩΡ.ΑΠΑΣΧΟΛΗΣΗ (001628),,,539.92,anonymous sponsor (empty sponsorAFMName)
9ΜΔΩ4690Β3-ΖΚΨ,2026-03-31,ΕΝΤΑΛΜΑ ΠΛΗΡΩΜΗΣ ΑΠΟΖΗΜΙΩΣΗ ΓΙΑ ΝΥΧΤΕΡΙΝΑ-ΕΞΑΙΡΕΣΙΜΑ-ΥΠΕΡΩΡ.ΑΠΑΣΧΟΛΗΣΗ (001628),,,1067.21,anonymous sponsor (empty sponsorAFMName)
ΡΕ8Ν4690Β3-ΑΛ8,2026-03-31,ΕΝΤΑΛΜΑ ΠΛΗΡΩΜΗΣ ΑΠΟΖΗΜΙΩΣΗ ΓΙΑ ΝΥΧΤΕΡΙΝΑ-ΕΞΑΙΡΕΣΙΜΑ-ΥΠΕΡΩΡ.ΑΠΑΣΧΟΛΗΣΗ (001628),,,332.83,anonymous sponsor (empty sponsorAFMName)
Ψ4ΜΘ4690Β3-Ζ0Σ,2026-03-31,ΕΝΤΑΛΜΑ ΠΛΗΡΩΜΗΣ ΑΠΟΖΗΜΙΩΣΗ ΓΙΑ ΝΥΧΤΕΡΙΝΑ-ΕΞΑΙΡΕΣΙΜΑ-ΥΠΕΡΩΡ.ΑΠΑΣΧΟΛΗΣΗ (001628),,,3251.27,anonymous sponsor (empty sponsorAFMName)
981Μ4690Β3-ΞΥΜ,2026-03-31,ΕΝΤΑΛΜΑ ΠΛΗΡΩΜΗΣ ΑΠΟΖΗΜΙΩΣΗ ΓΙΑ ΝΥΧΤΕΡΙΝΑ-ΕΞΑΙΡΕΣΙΜΑ-ΥΠΕΡΩΡ.ΑΠΑΣΧΟΛΗΣΗ (001628),,,959.33,anonymous sponsor (empty sponsorAFMName)
9Α2Γ4690Β3-ΟΥ7,2026-03-31,ΕΝΤΑΛΜΑ ΠΛΗΡΩΜΗΣ ΑΠΟΖΗΜΙΩΣΗ ΓΙΑ ΝΥΧΤΕΡΙΝΑ-ΕΞΑΙΡΕΣΙΜΑ-ΥΠΕΡΩΡ.ΑΠΑΣΧΟΛΗΣΗ (001628),,,9523.69,anonymous sponsor (empty sponsorAFMName)
956Ζ4690Β3-Ψ5Ξ,2026-03-31,ΕΝΤΑΛΜΑ ΠΛΗΡΩΜΗΣ ΑΠΟΖΗΜΙΩΣΗ ΓΙΑ ΝΥΧΤΕΡΙΝΑ-ΕΞΑΙΡΕΣΙΜΑ-ΥΠΕΡΩΡ.ΑΠΑΣΧΟΛΗΣΗ (001628),,,11732.49,anonymous sponsor (empty sponsorAFMName)
ΡΞΟΘ4690Β3-8ΗΙ,2026-03-31,ΕΝΤΑΛΜΑ ΠΛΗΡΩΜΗΣ ΑΠΟΖΗΜΙΩΣΗ ΓΙΑ ΝΥΧΤΕΡΙΝΑ-ΕΞΑΙΡΕΣΙΜΑ-ΥΠΕΡΩΡ.ΑΠΑΣΧΟΛΗΣΗ (001628),,,1121.22,anonymous sponsor (empty sponsorAFMName)
ΨΡ9Ξ4690Β3-Ψ9Ν,2026-03-31,ΕΝΤΑΛΜΑ ΠΛΗΡΩΜΗΣ ΕΠΙΚΟΥΡΙΚΟ ΝΟΣΗΛΕΥΤΙΚΟ-ΠΑΡΑΪΑΤΡΙΚΟ ΠΡΟΣΩΠΙΚΟ (000001634),,,1809.53,anonymous sponsor (empty sponsorAFMName)
97Υ64690Β3-Χ6Δ,2026-03-31,ΕΝΤΑΛΜΑ ΠΛΗΡΩΜΗΣ ΕΠΙΚΟΥΡΙΚΟ ΝΟΣΗΛΕΥΤΙΚΟ-ΠΑΡΑΪΑΤΡΙΚΟ ΠΡΟΣΩΠΙΚΟ (000001634),,,1447.62,anonymous sponsor (empty sponsorAFMName)
9ΡΙ34690Β3-ΠΔΚ,2026-03-31,ΕΝΤΑΛΜΑ ΠΛΗΡΩΜΗΣ ΕΠΙΚΟΥΡΙΚΟ ΝΟΣΗΛΕΥΤΙΚΟ-ΠΑΡΑΪΑΤΡΙΚΟ ΠΡΟΣΩΠΙΚΟ (000001634),,,60505.76,anonymous sponsor (empty sponsorAFMName)
ΡΠΝΘ4690Β3-ΠΚΣ,2026-03-31,ΕΝΤΑΛΜΑ ΠΛΗΡΩΜΗΣ EΠΙΚΟΥΡΙΚΟΙ ΙΑΤΡΟΙ Ε.Σ.Υ. (000001629),,,6029.82,anonymous sponsor (empty sponsorAFMName)
ΨΣΖΙ4690Β3-2ΜΝ,2026-03-31,ΕΝΤΑΛΜΑ ΠΛΗΡΩΜΗΣ ΕΡΓΟΔ.ΕΙΣΦ.ΙΚΑ ΑΣΚΟΥΜ.ΤΕΕ-ΙΕΚ.ΧΩΡ.ΑΜΟΙΒ.ΓΙΑ ΑΤΥΧΗΜ (001690),,,64.03,anonymous sponsor (empty sponsorAFMName)
Ψ21Λ4690Β3-Ζ6Η,2026-03-31,ΕΝΤΑΛΜΑ ΠΛΗΡΩΜΗΣ ΑΠΟΖΗΜΕΙΩΣΗ ΤΕΙ-ΑΣΚΟΥΜΕΝΩΝ Ο.Α.Ε.Δ. (001607),,,526.86,anonymous sponsor (empty sponsorAFMName)
9ΔΤ04690Β3-ΕΟΤ,2026-03-30,ΕΝΤΑΛΜΑ ΠΛΗΡΩΜΗΣ ΕΠΙΚΟΥΡΙΚΟ ΝΟΣΗΛΕΥΤΙΚΟ-ΠΑΡΑΪΑΤΡΙΚΟ ΠΡΟΣΩΠΙΚΟ (000001634),,,1938.43,anonymous sponsor (empty sponsorAFMName)
97Ν64690Β3-ΒΡΦ,2026-03-30,ΕΝΤΑΛΜΑ ΠΛΗΡΩΜΗΣ ΕΠΙΚΟΥΡΙΚΟ ΝΟΣΗΛΕΥΤΙΚΟ-ΠΑΡΑΪΑΤΡΙΚΟ ΠΡΟΣΩΠΙΚΟ (000001634),,,1849.99,anonymous sponsor (empty sponsorAFMName)
ΨΩΟ74690Β3-85Ν,2026-03-30,ΕΝΤΑΛΜΑ ΠΛΗΡΩΜΗΣ ΕΠΙΚΟΥΡΙΚΟ ΝΟΣΗΛΕΥΤΙΚΟ-ΠΑΡΑΪΑΤΡΙΚΟ ΠΡΟΣΩΠΙΚΟ (000001634),,,29609.86,anonymous sponsor (empty sponsorAFMName)
ΨΜ4Θ4690Β3-Ν87,2026-03-30,ΕΝΤΑΛΜΑ ΠΛΗΡΩΜΗΣ EΠΙΚΟΥΡΙΚΟΙ ΙΑΤΡΟΙ Ε.Σ.Υ. (000001629),,,180.87,anonymous sponsor (empty sponsorAFMName)
9ΗΒΕ4690Β3-Μ1Κ,2026-03-30,ΕΝΤΑΛΜΑ ΠΛΗΡΩΜΗΣ EΠΙΚΟΥΡΙΚΟΙ ΙΑΤΡΟΙ Ε.Σ.Υ. (000001629),,,52888.08,anonymous sponsor (empty sponsorAFMName)
ΨΜΑ34690Β3-Ρ1Ζ,2026-03-30,ΕΝΤΑΛΜΑ ΠΛΗΡΩΜΗΣ ΕΠΟΧΙΚΟ ΠΡΟΣΩΠΙΚΟ ΚΑΘΑΡΙΟΤΗΤΑΣ (999111999),,,32213.68,anonymous sponsor (empty sponsorAFMName)
Ψ9ΣΜ4690Β3-Ζ8Λ,2026-03-31,ΕΝΤΑΛΜΑ ΠΛΗΡΩΜΗΣ ΑΠΟΖΗΜΙΩΣΗ ΕΦΗΜΕΡΙΩΝ (002535),,,3028.44,anonymous sponsor (empty sponsorAFMName)
9ΦΨ54690Β3-ΛΕΧ,2026-03-31,ΕΝΤΑΛΜΑ ΠΛΗΡΩΜΗΣ ΑΠΟΖΗΜΙΩΣΗ ΕΦΗΜΕΡΙΩΝ (002535),,,3034.50,anonymous sponsor (empty sponsorAFMName)
903Φ4690Β3-Ο7Α,2026-03-31,ΕΝΤΑΛΜΑ ΠΛΗΡΩΜΗΣ ΑΠΟΖΗΜΙΩΣΗ ΕΦΗΜΕΡΙΩΝ (002535),,,4815.46,anonymous sponsor (empty sponsorAFMName)
9ΧΘΩ4690Β3-ΣΕΑ,2026-03-31,ΕΝΤΑΛΜΑ ΠΛΗΡΩΜΗΣ ΑΠΟΖΗΜΙΩΣΗ ΕΦΗΜΕΡΙΩΝ (002535),,,2608.12,anonymous sponsor (empty sponsorAFMName)
ΨΚΠΠ4690Β3-Η33,2026-03-31,ΕΝΤΑΛΜΑ ΠΛΗΡΩΜΗΣ ΑΠΟΖΗΜΙΩΣΗ ΕΦΗΜΕΡΙΩΝ (002535),,,25260.02,anonymous sponsor (empty sponsorAFMName)
ΨΝΠΙ4690Β3-Π56,2026-03-31,ΕΝΤΑΛΜΑ ΠΛΗΡΩΜΗΣ ΑΠΟΖΗΜΙΩΣΗ ΕΦΗΜΕΡΙΩΝ (002535),,,97.94,anonymous sponsor (empty sponsorAFMName)
ΨΕΦ64690Β3-2ΝΤ,2026-03-31,ΕΝΤΑΛΜΑ ΠΛΗΡΩΜΗΣ ΑΠΟΖΗΜΙΩΣΗ ΕΦΗΜΕΡΙΩΝ (002535),,,1950.64,anonymous sponsor (empty sponsorAFMName)
9ΑΘΓ4690Β3-ΔΚΚ,2026-03-31,ΕΝΤΑΛΜΑ ΠΛΗΡΩΜΗΣ ΑΠΟΖΗΜΙΩΣΗ ΕΦΗΜΕΡΙΩΝ (002535),,,18553.06,anonymous sponsor (empty sponsorAFMName)
68ΑΓ4690Β3-ΞΡ6,2026-03-31,ΕΝΤΑΛΜΑ ΠΛΗΡΩΜΗΣ ΑΠΟΖΗΜΙΩΣΗ ΕΦΗΜΕΡΙΩΝ (002535),,,79276.02,anonymous sponsor (empty sponsorAFMName)
ΨΧ4Λ4690Β3-Ν48,2026-03-30,ΕΝΤΑΛΜΑ ΠΛΗΡΩΜΗΣ EΠΙΚΟΥΡΙΚΟΙ ΙΑΤΡΟΙ Ε.Σ.Υ. (000001629),,,4426.32,anonymous sponsor (empty sponsorAFMName)
9ΑΔΨ4690Β3-2ΞΑ,2026-03-30,ΕΝΤΑΛΜΑ ΠΛΗΡΩΜΗΣ ΚΡΑΤ.3391-54.03.00.0001 Φ.Μ.Υ. (001512),,,18.26,anonymous sponsor (empty sponsorAFMName)
99384690Β3-ΠΨ7,2026-03-30,ΕΝΤΑΛΜΑ ΠΛΗΡΩΜΗΣ ΚΡΑΤ.3391-54.03.00.0001 Φ.Μ.Υ. (001512),,,86.44,anonymous sponsor (empty sponsorAFMName)
ΨΤ4Λ4690Β3-ΦΘ2,2026-03-30,ΕΝΤΑΛΜΑ ΠΛΗΡΩΜΗΣ ΕΙΣΦΟΡΕΣ ΑΠΑΣΧ/ΝΩΝ ΟΑΕΔ ΜΕΣΩ ΠΡΟΓ. ΚΟΙΝΩΦ. ΧΑΡΑΚΤΗΡΑ (),,,838.63,anonymous sponsor (empty sponsorAFMName)
Ψ4ΑΗ4690Β3-56Ζ,2026-03-30,ΕΝΤΑΛΜΑ ΠΛΗΡΩΜΗΣ ΚΡΑΤ.3391-54.03.00.0001 Φ.Μ.Υ. (001512),,,98.08,anonymous sponsor (empty sponsorAFMName)
9Ζ324690Β3-ΔΑΠ,2026-03-30,ΕΝΤΑΛΜΑ ΠΛΗΡΩΜΗΣ ΕΙΣΦΟΡΕΣ ΑΠΑΣΧ/ΝΩΝ ΟΑΕΔ ΜΕΣΩ ΠΡΟΓ. ΚΟΙΝΩΦ. ΧΑΡΑΚΤΗΡΑ (),,,1041.83,anonymous sponsor (empty sponsorAFMName)
Ψ0Υ74690Β3-Α1Ξ,2026-03-30,ΕΝΤΑΛΜΑ ΠΛΗΡΩΜΗΣ ΕΙΣΦΟΡΕΣ ΑΠΑΣΧ/ΝΩΝ ΟΑΕΔ ΜΕΣΩ ΠΡΟΓ. ΚΟΙΝΩΦ. ΧΑΡΑΚΤΗΡΑ (),,,3055.37,anonymous sponsor (empty sponsorAFMName)
Ψ5ΙΜ4690Β3-ΞΤΔ,2026-03-30,ΕΝΤΑΛΜΑ ΠΛΗΡΩΜΗΣ Γ.Ν.ΝΟΣΗΜΑΤΩΝ ΘΩΡΑΚΟΣ ΑΘΗΝ. Η ΣΩΤΗΡΙΑ (999332720),,,248.02,anonymous sponsor (empty sponsorAFMName)
Ψ1Υ34690Β3-Γ3Λ,2026-03-24,ΕΝΤΑΛΜΑ ΠΛΗΡΩΜΗΣ ΚΕΡΚΥΡΑΪΚΗ ΕΤΑΙΡΕΙΑ ΚΡΕΑΤΩΝ ΑΕ (099346780),,,1541.52,anonymous sponsor (empty sponsorAFMName)
9ΞΩΒ4690Β3-ΔΦΣ,2026-03-23,ΕΝΤΑΛΜΑ ΠΛΗΡΩΜΗΣ DRAEGER HELLAS A.E (997799268),,,2017.48,anonymous sponsor (empty sponsorAFMName)
ΡΠ624690Β3-2Κ0,2026-03-17,ΕΝΤΑΛΜΑ ΠΛΗΡΩΜΗΣ ΑΠΟΖΗΜΙΩΣΗ ΕΦΗΜΕΡΙΩΝ (002535),,,94.95,anonymous sponsor (empty sponsorAFMName)
ΡΗΡ14690Β3-Ο6Ω,2026-03-17,ΕΝΤΑΛΜΑ ΠΛΗΡΩΜΗΣ ΑΠΟΖΗΜΙΩΣΗ ΕΦΗΜΕΡΙΩΝ (002535),,,11468.37,anonymous sponsor (empty sponsorAFMName)
ΡΞ3Α4690Β3-ΤΦΑ,2026-03-17,ΕΝΤΑΛΜΑ ΠΛΗΡΩΜΗΣ ΑΠΟΖΗΜΙΩΣΗ ΕΦΗΜΕΡΙΩΝ (002535),,,702.28,anonymous sponsor (empty sponsorAFMName)
65Ε24690Β3-7ΞΠ,2026-03-17,ΕΝΤΑΛΜΑ ΠΛΗΡΩΜΗΣ ΑΠΟΖΗΜΙΩΣΗ ΕΦΗΜΕΡΙΩΝ (002535),,,1627.95,anonymous sponsor (empty sponsorAFMName)
ΨΘΔΧ4690Β3-ΛΚ5,2026-03-17,ΕΝΤΑΛΜΑ ΠΛΗΡΩΜΗΣ ΑΠΟΖΗΜΙΩΣΗ ΕΦΗΜΕΡΙΩΝ (002535),,,1835.48,anonymous sponsor (empty sponsorAFMName)
ΨΜΡΕ4690Β3-ΒΕΕ,2026-03-17,ΕΝΤΑΛΜΑ ΠΛΗΡΩΜΗΣ ΑΠΟΖΗΜΙΩΣΗ ΕΦΗΜΕΡΙΩΝ (002535),,,7.50,anonymous sponsor (empty sponsorAFMName)
9ΠΡΩ4690Β3-ΑΚΨ,2026-03-17,ΕΝΤΑΛΜΑ ΠΛΗΡΩΜΗΣ ΑΠΟΖΗΜΙΩΣΗ ΕΦΗΜΕΡΙΩΝ (002535),,,216.98,anonymous sponsor (empty sponsorAFMName)
63Ζ64690Β3-03Κ,2026-03-17,ΕΝΤΑΛΜΑ ΠΛΗΡΩΜΗΣ ΑΠΟΖΗΜΙΩΣΗ ΕΦΗΜΕΡΙΩΝ (002535),,,253.78,anonymous sponsor (empty sponsorAFMName)
ΨΝΔΟ4690Β3-ΦΔΑ,2026-03-17,ΕΝΤΑΛΜΑ ΠΛΗΡΩΜΗΣ ΑΠΟΖΗΜΙΩΣΗ ΕΦΗΜΕΡΙΩΝ (002535),,,603.12,anonymous sponsor (empty sponsorAFMName)
9ΡΦΤ4690Β3-ΚΧΠ,2026-03-17,ΕΝΤΑΛΜΑ ΠΛΗΡΩΜΗΣ ΑΠΟΖΗΜΙΩΣΗ ΕΦΗΜΕΡΙΩΝ (002535),,,199.89,anonymous sponsor (empty sponsorAFMName)
6ΥΕΒ4690Β3-2ΨΕ,2026-03-17,ΕΝΤΑΛΜΑ ΠΛΗΡΩΜΗΣ ΑΠΟΖΗΜΙΩΣΗ ΕΦΗΜΕΡΙΩΝ (002535),,,1578.20,anonymous sponsor (empty sponsorAFMName)
98144690Β3-ΠΒΑ,2026-03-17,ΕΝΤΑΛΜΑ ΠΛΗΡΩΜΗΣ ΑΠΟΖΗΜΙΩΣΗ ΕΦΗΜΕΡΙΩΝ (002535),,,471.04,anonymous sponsor (empty sponsorAFMName)
Ψ6Ρ44690Β3-Ζ2Ω,2026-03-17,ΕΝΤΑΛΜΑ ΠΛΗΡΩΜΗΣ ΑΠΟΖΗΜΙΩΣΗ ΕΦΗΜΕΡΙΩΝ (002535),,,253.78,anonymous sponsor (empty sponsorAFMName)
Ρ69Λ4690Β3-Θ62,2026-03-17,ΕΝΤΑΛΜΑ ΠΛΗΡΩΜΗΣ ΑΠΟΖΗΜΙΩΣΗ ΕΦΗΜΕΡΙΩΝ (002535),,,10199.01,anonymous sponsor (empty sponsorAFMName)
6ΣΝ84690Β3-ΛΡΑ,2026-03-16,ΕΝΤΑΛΜΑ ΠΛΗΡΩΜΗΣ ΚΕΡΚΥΡΑΪΚΗ ΕΤΑΙΡΕΙΑ ΚΡΕΑΤΩΝ ΑΕ (099346780),,,9328.98,anonymous sponsor (empty sponsorAFMName)
624Λ4690Β3-3Κ6,2026-03-16,ΕΝΤΑΛΜΑ ΠΛΗΡΩΜΗΣ KnR Α.Ε. (997938212),,,396.80,anonymous sponsor (empty sponsorAFMName)
9ΣΥΑ4690Β3-ΡΗ4,2026-03-12,ΕΝΤΑΛΜΑ ΠΛΗΡΩΜΗΣ ΟΔΟΙΠΟΡΙΚΑ ΕΞΟΔΑ ΠΡΟΣ. ΝΟΣ/ΜΕΙΟΥ (001626),,,150.00,anonymous sponsor (empty sponsorAFMName)
Ρ4ΩΔ4690Β3-ΘΜ1,2026-03-11,ΕΝΤΑΛΜΑ ΠΛΗΡΩΜΗΣ ΚΕΡΚΥΡΑΪΚΗ ΕΤΑΙΡΕΙΑ ΚΡΕΑΤΩΝ ΑΕ (099346780),,,1055.14,anonymous sponsor (empty sponsorAFMName)
6Δ214690Β3-ΓΓ4,2026-03-03,ΕΝΤΑΛΜΑ ΠΛΗΡΩΜΗΣ ΑΜΟΙΒΕΣ ΝΟΣΗΛΕΥΤΙΚΟΥ   ΛΟΙΠΟΥ ΠΡΟΣΩΠΙΚΟΥ ΣΥΜΜΕΤΟΧΗΣ ΣΕ ΑΠΟΓ .ΧΕΙΡΓ. (),,,670.98,anonymous sponsor (empty sponsorAFMName)
ΨΩΚΦ4690Β3-ΥΒ7,2026-03-03,ΕΝΤΑΛΜΑ ΠΛΗΡΩΜΗΣ ΑΜΟΙΒΕΣ ΔΙΟΙΚΗΤΙΚΟΥ   ΛΟΙΠΟΥ ΠΡΟΣΩΠΙΚΟΥ ΛΕΙΤΟΥΡΓΙΑΣ ΑΠΟΓΕΥΜΑΤΙΝΩΝ ΙΑΤΡΕΙΩΝ (55831111),,,670.00,anonymous sponsor (empty sponsorAFMName)
ΨΕΑ94690Β3-ΟΝ6,2026-03-03,ΕΝΤΑΛΜΑ ΠΛΗΡΩΜΗΣ ΑΜΟΙΒΕΣ ΙΑΤΡΙΚΟΥ ΠΡΟΣΩΠΙΚΟΥ ΛΕΙΤΟΥΡΓΙΑΣ ΑΠΟΓΕΥΜΑΤΙΝΩΝ ΙΑΤΡΕΙΩΝ (210923000),,,2741.83,anonymous sponsor (empty sponsorAFMName)
Ρ0ΥΕ4690Β3-Τ9Υ,2026-03-03,ΕΝΤΑΛΜΑ ΠΛΗΡΩΜΗΣ ΔΙΚΑΙΟΥΧΟΙ ΑΜΟΙΒΩΝ (001600),,,833.00,anonymous sponsor (empty sponsorAFMName)
ΡΜ4Κ4690Β3-ΝΝΘ,2026-03-03,ΕΝΤΑΛΜΑ ΠΛΗΡΩΜΗΣ ΕΠΙΚΟΥΡΙΚΟ ΝΟΣΗΛΕΥΤΙΚΟ-ΠΑΡΑΪΑΤΡΙΚΟ ΠΡΟΣΩΠΙΚΟ (000001634),,,1809.53,anonymous sponsor (empty sponsorAFMName)
Ρ5044690Β3-ΞΨΥ,2026-03-03,ΕΝΤΑΛΜΑ ΠΛΗΡΩΜΗΣ ΕΠΙΚΟΥΡΙΚΟ ΝΟΣΗΛΕΥΤΙΚΟ-ΠΑΡΑΪΑΤΡΙΚΟ ΠΡΟΣΩΠΙΚΟ (000001634),,,83.79,anonymous sponsor (empty sponsorAFMName)
ΨΜ564690Β3-65Β,2026-03-03,ΕΝΤΑΛΜΑ ΠΛΗΡΩΜΗΣ ΕΠΙΚΟΥΡΙΚΟ ΝΟΣΗΛΕΥΤΙΚΟ-ΠΑΡΑΪΑΤΡΙΚΟ ΠΡΟΣΩΠΙΚΟ (000001634),,,60657.67,anonymous sponsor (empty sponsorAFMName)
Ψ15Π4690Β3-3ΙΕ,2026-03-03,ΕΝΤΑΛΜΑ ΠΛΗΡΩΜΗΣ EΠΙΚΟΥΡΙΚΟΙ ΙΑΤΡΟΙ Ε.Σ.Υ. (000001629),,,6029.82,anonymous sponsor (empty sponsorAFMName)
Ρ2Τ94690Β3-ΞΚΙ,2026-03-03,ΕΝΤΑΛΜΑ ΠΛΗΡΩΜΗΣ EΠΙΚΟΥΡΙΚΟΙ ΙΑΤΡΟΙ Ε.Σ.Υ. (000001629),,,651.98,anonymous sponsor (empty sponsorAFMName)
6ΑΔ34690Β3-3ΧΣ,2026-03-03,ΕΝΤΑΛΜΑ ΠΛΗΡΩΜΗΣ EΠΙΚΟΥΡΙΚΟΙ ΙΑΤΡΟΙ Ε.Σ.Υ. (000001629),,,58910.73,anonymous sponsor (empty sponsorAFMName)
Ρ8ΦΜ4690Β3-Ε9Υ,2026-03-03,ΕΝΤΑΛΜΑ ΠΛΗΡΩΜΗΣ ΕΠΙΚΟΥΡΙΚΟ ΝΟΣΗΛΕΥΤΙΚΟ-ΠΑΡΑΪΑΤΡΙΚΟ ΠΡΟΣΩΠΙΚΟ (000001634),,,30502.79,anonymous sponsor (empty sponsorAFMName)
98ΛΠ4690Β3-Α7Π,2026-03-03,ΕΝΤΑΛΜΑ ΠΛΗΡΩΜΗΣ ΕΠΙΚΟΥΡΙΚΟ ΝΟΣΗΛΕΥΤΙΚΟ-ΠΑΡΑΪΑΤΡΙΚΟ ΠΡΟΣΩΠΙΚΟ (000001634),,,1849.99,anonymous sponsor (empty sponsorAFMName)
99ΝΣ4690Β3-ΔΑΣ,2026-03-03,ΕΝΤΑΛΜΑ ΠΛΗΡΩΜΗΣ ΕΡΓΟΔ.ΕΙΣΦ.ΙΚΑ ΑΣΚΟΥΜ.ΤΕΕ-ΙΕΚ.ΧΩΡ.ΑΜΟΙΒ.ΓΙΑ ΑΤΥΧΗΜ (001690),,,81.83,anonymous sponsor (empty sponsorAFMName)
960Ρ4690Β3-ΦΗΤ,2026-03-03,ΕΝΤΑΛΜΑ ΠΛΗΡΩΜΗΣ ΑΠΟΖΗΜΕΙΩΣΗ ΤΕΙ-ΑΣΚΟΥΜΕΝΩΝ Ο.Α.Ε.Δ. (001607),,,667.36,anonymous sponsor (empty sponsorAFMName)
ΨΥ854690Β3-ΙΜΜ,2026-03-03,ΕΝΤΑΛΜΑ ΠΛΗΡΩΜΗΣ ΑΠΟΖΗΜΕΙΩΣΗ ΤΕΙ-ΑΣΚΟΥΜΕΝΩΝ Ο.Α.Ε.Δ. (001607),,,75.00,anonymous sponsor (empty sponsorAFMName)
ΨΞΗΟ4690Β3-2Χ6,2026-03-03,ΕΝΤΑΛΜΑ ΠΛΗΡΩΜΗΣ ΕΠΟΧΙΚΟ ΠΡΟΣΩΠΙΚΟ ΚΑΘΑΡΙΟΤΗΤΑΣ (999111999),,,76.38,anonymous sponsor (empty sponsorAFMName)
Ψ3ΨΤ4690Β3-62Ν,2026-03-03,ΕΝΤΑΛΜΑ ΠΛΗΡΩΜΗΣ ΕΠΟΧΙΚΟ ΠΡΟΣΩΠΙΚΟ ΚΑΘΑΡΙΟΤΗΤΑΣ (999111999),,,32319.79,anonymous sponsor (empty sponsorAFMName)
Ψ58Β4690Β3-ΞΞΣ,2026-03-02,ΕΝΤΑΛΜΑ ΠΛΗΡΩΜΗΣ ΚΡΑΤ.3391-53.20.00.0001 ΕΛΛΗΝΙΚΟ ΔΗΜΟΣΙΟ (001506),,,20.00,anonymous sponsor (empty sponsorAFMName)
6ΖΨΩ4690Β3-ΨΡΒ,2026-03-02,ΕΝΤΑΛΜΑ ΠΛΗΡΩΜΗΣ AMVIS ΕΛΛΑΣ A.E (094317562),,,2712.00,anonymous sponsor (empty sponsorAFMName)
6ΝΦΖ4690Β3-85Υ,2026-02-27,ΕΝΤΑΛΜΑ ΠΛΗΡΩΜΗΣ ΒΙΟΣΕΡ ΑΕ (094035927),,,34224.18,anonymous sponsor (empty sponsorAFMName)
ΡΦ804690Β3-Κ4Β,2026-02-20,ΕΝΤΑΛΜΑ ΠΛΗΡΩΜΗΣ ΚΡΑΤ.3391-54.09.14.0001 ΦΟΡΟΣ ΠΡΟΜΗΘΕΥΤΩΝ (001510),,,15.31,anonymous sponsor (empty sponsorAFMName)
Ψ22Ε4690Β3-ΡΣΒ,2026-02-20,ΕΝΤΑΛΜΑ ΠΛΗΡΩΜΗΣ ΚΡΑΤ.3391-53.20.00.0001 ΕΛΛΗΝΙΚΟ ΔΗΜΟΣΙΟ (001506),,,412.10,anonymous sponsor (empty sponsorAFMName)
989Χ4690Β3-ΙΑΧ,2026-02-20,ΕΝΤΑΛΜΑ ΠΛΗΡΩΜΗΣ ΚΡΑΤ.3391-53.20.00.0001 ΕΛΛΗΝΙΚΟ ΔΗΜΟΣΙΟ (001506),,,0.24,anonymous sponsor (empty sponsorAFMName)
ΕΩΓΙ4690Β3-Τ87,2026-02-20,ΕΝΤΑΛΜΑ ΠΛΗΡΩΜΗΣ ΚΡΑΤ.3391-53.20.00.0001 ΕΛΛΗΝΙΚΟ ΔΗΜΟΣΙΟ (001506),,,0.19,anonymous sponsor (empty sponsorAFMName)
ΨΜΔΦ4690Β3-ΗΑ8,2026-02-20,ΕΝΤΑΛΜΑ ΠΛΗΡΩΜΗΣ ΚΡΑΤ.3391-54.04.02.0001 Χ/ΜΑ και ΟΓΑ Χ/ΜΩΝ (),,,2430.42,anonymous sponsor (empty sponsorAFMName)
ΡΩ044690Β3-ΓΜΧ,2026-02-20,ΕΝΤΑΛΜΑ ΠΛΗΡΩΜΗΣ ΚΡΑΤ.3391-54.04.02.0001 Χ/ΜΑ και ΟΓΑ Χ/ΜΩΝ (),,,45.48,anonymous sponsor (empty sponsorAFMName)
ΕΒΩ54690Β3-ΙΟΥ,2026-02-20,ΕΝΤΑΛΜΑ ΠΛΗΡΩΜΗΣ ΚΡΑΤ.3391-54.04.00.0001 ΦΟΡΟΣ ΕΛΕΥΘΕΡ.ΕΠΑΓΓΕΛΜΑΤ (),,,6068.76,anonymous sponsor (empty sponsorAFMName)
62ΥΑ4690Β3-ΧΒ6,2026-02-20,ΕΝΤΑΛΜΑ ΠΛΗΡΩΜΗΣ ΚΡΑΤ.3391-54.09.14.0001 ΦΟΡΟΣ ΠΡΟΜΗΘΕΥΤΩΝ (001510),,,60677.89,anonymous sponsor (empty sponsorAFMName)
9ΩΒΒ4690Β3-04Κ,2026-02-20,ΕΝΤΑΛΜΑ ΠΛΗΡΩΜΗΣ ΚΡΑΤ.3391-53.20.00.0001 ΕΛΛΗΝΙΚΟ ΔΗΜΟΣΙΟ (001506),,,17648.15,anonymous sponsor (empty sponsorAFMName)
9ΞΠΗ4690Β3-9ΔΜ,2026-02-20,ΕΝΤΑΛΜΑ ΠΛΗΡΩΜΗΣ ΚΡΑΤ.3391-53.20.00.0001 ΕΛΛΗΝΙΚΟ ΔΗΜΟΣΙΟ (001506),,,10126.76,anonymous sponsor (empty sponsorAFMName)
Ρ7Δ84690Β3-ΝΜΓ,2026-02-20,ΕΝΤΑΛΜΑ ΠΛΗΡΩΜΗΣ ΚΡΑΤ.3391-53.20.00.0001 ΕΛΛΗΝΙΚΟ ΔΗΜΟΣΙΟ (001506),,,754.74,anonymous sponsor (empty sponsorAFMName)
ΕΚΕ74690Β3-ΕΟΛ,2026-02-20,ΕΝΤΑΛΜΑ ΠΛΗΡΩΜΗΣ ΚΡΑΤ.3391-53.20.00.0001 ΕΛΛΗΝΙΚΟ ΔΗΜΟΣΙΟ (001506),,,106.56,anonymous sponsor (empty sponsorAFMName)
ΡΞΚΛ4690Β3-ΠΝΨ,2026-02-20,ΕΝΤΑΛΜΑ ΠΛΗΡΩΜΗΣ ΚΡΑΤ.3391-53.20.00.0001 ΕΛΛΗΝΙΚΟ ΔΗΜΟΣΙΟ (001506),,,521.10,anonymous sponsor (empty sponsorAFMName)
65Ζ04690Β3-6Η3,2026-02-20,ΕΝΤΑΛΜΑ ΠΛΗΡΩΜΗΣ ΚΡΑΤ.3391-54.03.00.0001 Φ.Μ.Υ. (001512),,,19.06,anonymous sponsor (empty sponsorAFMName)
Ψ3ΑΘ4690Β3-ΗΛ3,2026-02-20,ΕΝΤΑΛΜΑ ΠΛΗΡΩΜΗΣ ΚΡΑΤ.3391-54.03.00.0001 Φ.Μ.Υ. (001512),,,77.27,anonymous sponsor (empty sponsorAFMName)
ΡΕΦ54690Β3-ΘΕ1,2026-02-20,ΕΝΤΑΛΜΑ ΠΛΗΡΩΜΗΣ ΚΡΑΤ.3391-54.03.00.0001 Φ.Μ.Υ. (001512),,,135.52,anonymous sponsor (empty sponsorAFMName)
ΨΥ2Θ4690Β3-4ΤΜ,2026-02-20,ΕΝΤΑΛΜΑ ΠΛΗΡΩΜΗΣ ΕΙΣΦΟΡΕΣ ΑΠΑΣΧ/ΝΩΝ ΟΑΕΔ ΜΕΣΩ ΠΡΟΓ. ΚΟΙΝΩΦ. ΧΑΡΑΚΤΗΡΑ (),,,1169.81,anonymous sponsor (empty sponsorAFMName)
ΨΗΔΜ4690Β3-ΜΞΒ,2026-02-20,ΕΝΤΑΛΜΑ ΠΛΗΡΩΜΗΣ ΕΙΣΦΟΡΕΣ ΑΠΑΣΧ/ΝΩΝ ΟΑΕΔ ΜΕΣΩ ΠΡΟΓ. ΚΟΙΝΩΦ. ΧΑΡΑΚΤΗΡΑ (),,,1320.63,anonymous sponsor (empty sponsorAFMName)
6Δ6Π4690Β3-ΦΤΥ,2026-02-20,ΕΝΤΑΛΜΑ ΠΛΗΡΩΜΗΣ ΕΙΣΦΟΡΕΣ ΑΠΑΣΧ/ΝΩΝ ΟΑΕΔ ΜΕΣΩ ΠΡΟΓ. ΚΟΙΝΩΦ. ΧΑΡΑΚΤΗΡΑ (),,,3091.25,anonymous sponsor (empty sponsorAFMName)
ΨΥΘΘ4690Β3-ΖΜΑ,2026-02-17,ΕΝΤΑΛΜΑ ΠΛΗΡΩΜΗΣ ΚΕΡΚΥΡΑΪΚΗ ΕΤΑΙΡΕΙΑ ΚΡΕΑΤΩΝ ΑΕ (099346780),,,7066.25,anonymous sponsor (empty sponsorAFMName)
9Ξ1Β4690Β3-Ω67,2026-02-17,ΕΝΤΑΛΜΑ ΠΛΗΡΩΜΗΣ RONTIS HELLAS Α.Ε.Β.Ε. (πρώην ΜΕΝΤΙΣΠΕΣ ΑΕΒΕ) (095335610),,,4322.81,anonymous sponsor (empty sponsorAFMName)
ΡΛ6Λ4690Β3-ΗΥΡ,2026-02-17,ΕΝΤΑΛΜΑ ΠΛΗΡΩΜΗΣ RONTIS HELLAS Α.Ε.Β.Ε. (πρώην ΜΕΝΤΙΣΠΕΣ ΑΕΒΕ) (095335610),,,4381.38,anonymous sponsor (empty sponsorAFMName)
ΨΓΡ54690Β3-ΤΧΣ,2026-02-17,ΕΝΤΑΛΜΑ ΠΛΗΡΩΜΗΣ ΒΥΖΑΣ ΑΕΕ (094289349),,,161.82,anonymous sponsor (empty sponsorAFMName)
9ΖΑ14690Β3-ΓΡ3,2026-02-13,ΕΝΤΑΛΜΑ ΠΛΗΡΩΜΗΣ ΕΝΟΡΑΣΙΣ ΑΕ (094503580),,,4756.00,anonymous sponsor (empty sponsorAFMName)
9ΒΗΗ4690Β3-Δ7Ω,2026-02-13,ΕΝΤΑΛΜΑ ΠΛΗΡΩΜΗΣ ΔΙΚΑΙΟΥΧΟΙ ΑΜΟΙΒΩΝ (001600),,,833.00,anonymous sponsor (empty sponsorAFMName)
6Ν334690Β3-ΚΣΒ,2026-02-12,ΕΝΤΑΛΜΑ ΠΛΗΡΩΜΗΣ DRAEGER HELLAS A.E (997799268),,,1450.80,anonymous sponsor (empty sponsorAFMName)
9ΞΚΟ4690Β3-7ΟΝ,2026-02-11,ΕΝΤΑΛΜΑ ΠΛΗΡΩΜΗΣ WATERA HELLAS  A.B.E.E. ΠΡΩΗΝ ΚΑΛΛΙΓΚΑΝ (094057329),,,1524.70,anonymous sponsor (empty sponsorAFMName)
ΨΠΡ44690Β3-Ψ55,2026-02-11,ΕΝΤΑΛΜΑ ΠΛΗΡΩΜΗΣ WATERA HELLAS  A.B.E.E. ΠΡΩΗΝ ΚΑΛΛΙΓΚΑΝ (094057329),,,694.40,anonymous sponsor (empty sponsorAFMName)
ΨΤ6Ν4690Β3-6Σ5,2026-02-09,ΕΝΤΑΛΜΑ ΠΛΗΡΩΜΗΣ ΕΝΟΡΑΣΙΣ ΑΕ (094503580),,,837.00,anonymous sponsor (empty sponsorAFMName)
6ΧΒ44690Β3-Λ3Ω,2026-02-06,ΕΝΤΑΛΜΑ ΠΛΗΡΩΜΗΣ ΟΔΟΙΠΟΡΙΚΑ ΕΞΟΔΑ ΠΡΟΣ. ΝΟΣ/ΜΕΙΟΥ (001626),,,27.00,anonymous sponsor (empty sponsorAFMName)
Ψ26Ε4690Β3-ΟΚΤ,2026-02-06,ΕΝΤΑΛΜΑ ΠΛΗΡΩΜΗΣ ΟΔΟΙΠΟΡΙΚΑ ΕΞΟΔΑ ΠΡΟΣ. ΝΟΣ/ΜΕΙΟΥ (001626),,,27.00,anonymous sponsor (empty sponsorAFMName)
9ΟΞΨ4690Β3-9ΗΚ,2026-02-06,ΕΝΤΑΛΜΑ ΠΛΗΡΩΜΗΣ ΟΔΟΙΠΟΡΙΚΑ ΕΞΟΔΑ ΠΡΟΣ. ΝΟΣ/ΜΕΙΟΥ (001626),,,27.00,anonymous sponsor (empty sponsorAFMName)
ΨΒ2Ρ4690Β3-ΑΞΝ,2026-02-06,ΕΝΤΑΛΜΑ ΠΛΗΡΩΜΗΣ ΟΔΟΙΠΟΡΙΚΑ ΕΞΟΔΑ ΠΡΟΣ. ΝΟΣ/ΜΕΙΟΥ (001626),,,712.50,anonymous sponsor (empty sponsorAFMName)
94ΡΓ4690Β3-1Ω2,2026-08-13,ΕΝΤΑΛΜΑ ΠΛΗΡΩΜΗΣ WATERA HELLAS  A.B.E.E. ΠΡΩΗΝ ΚΑΛΛΙΓΚΑΝ (094057329),,,17707.20,anonymous sponsor (empty sponsorAFMName)
ΕΚ9Ι4690Β3-6Ω5,2026-08-07,ΕΝΤΑΛΜΑ ΠΛΗΡΩΜΗΣ ΒΙΟΣΕΡ ΑΕ (094035927),,,31144.58,anonymous sponsor (empty sponsorAFMName)
ΨΡΠΖ4690Β3-ΟΓΚ,2026-08-06,ΕΝΤΑΛΜΑ ΠΛΗΡΩΜΗΣ ΔΙΚΑΙΟΥΧΟΙ ΑΜΟΙΒΩΝ (001600),,,833.00,anonymous sponsor (empty sponsorAFMName)
6ΜΝΕ4690Β3-ΜΣ5,2026-08-06,ΕΝΤΑΛΜΑ ΠΛΗΡΩΜΗΣ ΚΟΙΝΟΧΡΗΣΤΑ (),,,84.66,anonymous sponsor (empty sponsorAFMName)
Ψ5494690Β3-ΠΘ0,2026-08-05,ΕΝΤΑΛΜΑ ΠΛΗΡΩΜΗΣ ΑΜΟΙΒΕΣ ΝΟΣΗΛΕΥΤΙΚΟΥ ΚΑΙ ΛΟΙΠΟΥ ΠΑΡΑΪΑΤΡΙΚΟΥ ΠΡΟΣΩΠΙΚΟΥ ΛΕΙΤΟΥΡΓΙΑΣ ΑΠΟΓΕΥΜΑΤΙΝΩΝ ΙΑΤΡΕΙΩΝ (016630000),,,1184.21,anonymous sponsor (empty sponsorAFMName)
ΡΛ4Υ4690Β3-8Β1,2026-08-05,ΕΝΤΑΛΜΑ ΠΛΗΡΩΜΗΣ ΑΜΟΙΒΕΣ ΔΙΟΙΚΗΤΙΚΟΥ   ΛΟΙΠΟΥ ΠΡΟΣΩΠΙΚΟΥ ΛΕΙΤΟΥΡΓΙΑΣ ΑΠΟΓΕΥΜΑΤΙΝΩΝ ΙΑΤΡΕΙΩΝ (55831111),,,350.00,anonymous sponsor (empty sponsorAFMName)
Ρ8ΞΚ4690Β3-ΑΟΨ,2026-08-05,ΕΝΤΑΛΜΑ ΠΛΗΡΩΜΗΣ ΑΜΟΙΒΕΣ ΙΑΤΡΙΚΟΥ ΠΡΟΣΩΠΙΚΟΥ ΛΕΙΤΟΥΡΓΙΑΣ ΑΠΟΓΕΥΜΑΤΙΝΩΝ ΙΑΤΡΕΙΩΝ (210923000),,,2986.46,anonymous sponsor (empty sponsorAFMName)
9ΗΗ74690Β3-Θ9Π,2026-08-05,ΕΝΤΑΛΜΑ ΠΛΗΡΩΜΗΣ ΑΜΟΙΒΕΣ ΝΟΣΗΛΕΥΤΙΚΟΥ ΚΑΙ ΛΟΙΠΟΥ ΠΑΡΑΪΑΤΡΙΚΟΥ ΠΡΟΣΩΠΙΚΟΥ ΛΕΙΤΟΥΡΓΙΑΣ ΑΠΟΓΕΥΜΑΤΙΝΩΝ ΙΑΤΡΕΙΩΝ (016630000),,,693.21,anonymous sponsor (empty sponsorAFMName)
98864690Β3-ΜΧ4,2026-08-05,ΕΝΤΑΛΜΑ ΠΛΗΡΩΜΗΣ ΑΜΟΙΒΕΣ ΔΙΟΙΚΗΤΙΚΟΥ   ΛΟΙΠΟΥ ΠΡΟΣΩΠΙΚΟΥ ΛΕΙΤΟΥΡΓΙΑΣ ΑΠΟΓΕΥΜΑΤΙΝΩΝ ΙΑΤΡΕΙΩΝ (55831111),,,630.00,anonymous sponsor (empty sponsorAFMName)
9ΜΙ84690Β3-ΡΣΦ,2026-08-05,ΕΝΤΑΛΜΑ ΠΛΗΡΩΜΗΣ ΚΕΡΚΥΡΑΪΚΗ ΕΤΑΙΡΕΙΑ ΚΡΕΑΤΩΝ ΑΕ (099346780),,,6550.57,anonymous sponsor (empty sponsorAFMName)
ΨΗΝΚ4690Β3-ΥΣΨ,2026-08-05,ΕΝΤΑΛΜΑ ΠΛΗΡΩΜΗΣ ΑΠΟΖΗΜΙΩΣΗ ΓΙΑ ΝΥΧΤΕΡΙΝΑ-ΕΞΑΙΡΕΣΙΜΑ-ΥΠΕΡΩΡ.ΑΠΑΣΧΟΛΗΣΗ (001628),,,527.51,anonymous sponsor (empty sponsorAFMName)
ΨΛΠΤ4690Β3-1Τ9,2026-08-05,ΕΝΤΑΛΜΑ ΠΛΗΡΩΜΗΣ ΑΠΟΖΗΜΙΩΣΗ ΓΙΑ ΝΥΧΤΕΡΙΝΑ-ΕΞΑΙΡΕΣΙΜΑ-ΥΠΕΡΩΡ.ΑΠΑΣΧΟΛΗΣΗ (001628),,,183.47,anonymous sponsor (empty sponsorAFMName)
ΨΚΧ84690Β3-2ΘΧ,2026-08-05,ΕΝΤΑΛΜΑ ΠΛΗΡΩΜΗΣ ΑΠΟΖΗΜΙΩΣΗ ΓΙΑ ΝΥΧΤΕΡΙΝΑ-ΕΞΑΙΡΕΣΙΜΑ-ΥΠΕΡΩΡ.ΑΠΑΣΧΟΛΗΣΗ (001628),,,732.04,anonymous sponsor (empty sponsorAFMName)
Ψ6ΛΙ4690Β3-ΦΝ6,2026-08-05,ΕΝΤΑΛΜΑ ΠΛΗΡΩΜΗΣ ΑΠΟΖΗΜΙΩΣΗ ΓΙΑ ΝΥΧΤΕΡΙΝΑ-ΕΞΑΙΡΕΣΙΜΑ-ΥΠΕΡΩΡ.ΑΠΑΣΧΟΛΗΣΗ (001628),,,4439.71,anonymous sponsor (empty sponsorAFMName)
9ΟΕ74690Β3-ΗΙΔ,2026-08-05,ΕΝΤΑΛΜΑ ΠΛΗΡΩΜΗΣ ΑΠΟΖΗΜΙΩΣΗ ΓΙΑ ΝΥΧΤΕΡΙΝΑ-ΕΞΑΙΡΕΣΙΜΑ-ΥΠΕΡΩΡ.ΑΠΑΣΧΟΛΗΣΗ (001628),,,977.29,anonymous sponsor (empty sponsorAFMName)
ΨΚΞ84690Β3-Θ9Ζ,2026-08-05,ΕΝΤΑΛΜΑ ΠΛΗΡΩΜΗΣ ΑΠΟΖΗΜΙΩΣΗ ΓΙΑ ΝΥΧΤΕΡΙΝΑ-ΕΞΑΙΡΕΣΙΜΑ-ΥΠΕΡΩΡ.ΑΠΑΣΧΟΛΗΣΗ (001628),,,4357.40,anonymous sponsor (empty sponsorAFMName)
99ΤΖ4690Β3-895,2026-08-05,ΕΝΤΑΛΜΑ ΠΛΗΡΩΜΗΣ ΑΠΟΖΗΜΙΩΣΗ ΓΙΑ ΝΥΧΤΕΡΙΝΑ-ΕΞΑΙΡΕΣΙΜΑ-ΥΠΕΡΩΡ.ΑΠΑΣΧΟΛΗΣΗ (001628),,,2459.10,anonymous sponsor (empty sponsorAFMName)
ΨΓ0Ψ4690Β3-ΗΔ3,2026-08-05,ΕΝΤΑΛΜΑ ΠΛΗΡΩΜΗΣ ΑΠΟΖΗΜΙΩΣΗ ΓΙΑ ΝΥΧΤΕΡΙΝΑ-ΕΞΑΙΡΕΣΙΜΑ-ΥΠΕΡΩΡ.ΑΠΑΣΧΟΛΗΣΗ (001628),,,1996.06,anonymous sponsor (empty sponsorAFMName)
9Τ804690Β3-Π18,2026-08-05,ΕΝΤΑΛΜΑ ΠΛΗΡΩΜΗΣ ΑΠΟΖΗΜΙΩΣΗ ΓΙΑ ΝΥΧΤΕΡΙΝΑ-ΕΞΑΙΡΕΣΙΜΑ-ΥΠΕΡΩΡ.ΑΠΑΣΧΟΛΗΣΗ (001628),,,987.84,anonymous sponsor (empty sponsorAFMName)
9Π544690Β3-ΑΕΨ,2026-08-05,ΕΝΤΑΛΜΑ ΠΛΗΡΩΜΗΣ ΑΠΟΖΗΜΙΩΣΗ ΓΙΑ ΝΥΧΤΕΡΙΝΑ-ΕΞΑΙΡΕΣΙΜΑ-ΥΠΕΡΩΡ.ΑΠΑΣΧΟΛΗΣΗ (001628),,,2315.42,anonymous sponsor (empty sponsorAFMName)
ΨΜ7Ο4690Β3-ΥΙΔ,2026-08-04,ΕΝΤΑΛΜΑ ΠΛΗΡΩΜΗΣ ΑΠΟΖΗΜΙΩΣΗ ΓΙΑ ΝΥΧΤΕΡΙΝΑ-ΕΞΑΙΡΕΣΙΜΑ-ΥΠΕΡΩΡ.ΑΠΑΣΧΟΛΗΣΗ (001628),,,2160.15,anonymous sponsor (empty sponsorAFMName)
ΕΠ274690Β3-Ψ2Η,2026-08-04,ΕΝΤΑΛΜΑ ΠΛΗΡΩΜΗΣ ΑΠΟΖΗΜΙΩΣΗ ΓΙΑ ΝΥΧΤΕΡΙΝΑ-ΕΞΑΙΡΕΣΙΜΑ-ΥΠΕΡΩΡ.ΑΠΑΣΧΟΛΗΣΗ (001628),,,652.18,anonymous sponsor (empty sponsorAFMName)
9ΨΑΤ4690Β3-ΘΞΣ,2026-08-04,ΕΝΤΑΛΜΑ ΠΛΗΡΩΜΗΣ ΑΠΟΖΗΜΙΩΣΗ ΓΙΑ ΝΥΧΤΕΡΙΝΑ-ΕΞΑΙΡΕΣΙΜΑ-ΥΠΕΡΩΡ.ΑΠΑΣΧΟΛΗΣΗ (001628),,,335.07,anonymous sponsor (empty sponsorAFMName)
Ψ93Ν4690Β3-ΚΣΙ,2026-08-04,ΕΝΤΑΛΜΑ ΠΛΗΡΩΜΗΣ ΑΠΟΖΗΜΙΩΣΗ ΓΙΑ ΝΥΧΤΕΡΙΝΑ-ΕΞΑΙΡΕΣΙΜΑ-ΥΠΕΡΩΡ.ΑΠΑΣΧΟΛΗΣΗ (001628),,,254.76,anonymous sponsor (empty sponsorAFMName)
Ρ0Ρ64690Β3-ΞΥΚ,2026-08-04,ΕΝΤΑΛΜΑ ΠΛΗΡΩΜΗΣ ΑΠΟΖΗΜΙΩΣΗ ΓΙΑ ΝΥΧΤΕΡΙΝΑ-ΕΞΑΙΡΕΣΙΜΑ-ΥΠΕΡΩΡ.ΑΠΑΣΧΟΛΗΣΗ (001628),,,255.27,anonymous sponsor (empty sponsorAFMName)
6ΔΛΟ4690Β3-5ΟΖ,2026-08-04,ΕΝΤΑΛΜΑ ΠΛΗΡΩΜΗΣ ΑΠΟΖΗΜΙΩΣΗ ΓΙΑ ΝΥΧΤΕΡΙΝΑ-ΕΞΑΙΡΕΣΙΜΑ-ΥΠΕΡΩΡ.ΑΠΑΣΧΟΛΗΣΗ (001628),,,421.67,anonymous sponsor (empty sponsorAFMName)
ΡΕΑ34690Β3-Ψ9Μ,2026-08-04,ΕΝΤΑΛΜΑ ΠΛΗΡΩΜΗΣ ΑΠΟΖΗΜΙΩΣΗ ΓΙΑ ΝΥΧΤΕΡΙΝΑ-ΕΞΑΙΡΕΣΙΜΑ-ΥΠΕΡΩΡ.ΑΠΑΣΧΟΛΗΣΗ (001628),,,7706.04,anonymous sponsor (empty sponsorAFMName)
6Τ284690Β3-ΔΓΛ,2026-08-04,ΕΝΤΑΛΜΑ ΠΛΗΡΩΜΗΣ ΑΠΟΖΗΜΙΩΣΗ ΓΙΑ ΝΥΧΤΕΡΙΝΑ-ΕΞΑΙΡΕΣΙΜΑ-ΥΠΕΡΩΡ.ΑΠΑΣΧΟΛΗΣΗ (001628),,,3956.93,anonymous sponsor (empty sponsorAFMName)
ΨΥΒΕ4690Β3-ΖΧΨ,2026-08-04,ΕΝΤΑΛΜΑ ΠΛΗΡΩΜΗΣ ΑΠΟΖΗΜΙΩΣΗ ΓΙΑ ΝΥΧΤΕΡΙΝΑ-ΕΞΑΙΡΕΣΙΜΑ-ΥΠΕΡΩΡ.ΑΠΑΣΧΟΛΗΣΗ (001628),,,1286.85,anonymous sponsor (empty sponsorAFMName)
6ΑΚΠ4690Β3-64Χ,2026-08-04,ΕΝΤΑΛΜΑ ΠΛΗΡΩΜΗΣ ΑΠΟΖΗΜΙΩΣΗ ΓΙΑ ΝΥΧΤΕΡΙΝΑ-ΕΞΑΙΡΕΣΙΜΑ-ΥΠΕΡΩΡ.ΑΠΑΣΧΟΛΗΣΗ (001628),,,8049.82,anonymous sponsor (empty sponsorAFMName)
9Β594690Β3-ΧΧΧ,2026-08-04,ΕΝΤΑΛΜΑ ΠΛΗΡΩΜΗΣ ΑΠΟΖΗΜΙΩΣΗ ΓΙΑ ΝΥΧΤΕΡΙΝΑ-ΕΞΑΙΡΕΣΙΜΑ-ΥΠΕΡΩΡ.ΑΠΑΣΧΟΛΗΣΗ (001628),,,191.16,anonymous sponsor (empty sponsorAFMName)
Ρ7ΠΠ4690Β3-Ρ1Ψ,2026-08-04,ΕΝΤΑΛΜΑ ΠΛΗΡΩΜΗΣ ΑΠΟΖΗΜΙΩΣΗ ΓΙΑ ΝΥΧΤΕΡΙΝΑ-ΕΞΑΙΡΕΣΙΜΑ-ΥΠΕΡΩΡ.ΑΠΑΣΧΟΛΗΣΗ (001628),,,896.89,anonymous sponsor (empty sponsorAFMName)
ΡΩΚΒ4690Β3-ΝΛ1,2026-08-04,ΕΝΤΑΛΜΑ ΠΛΗΡΩΜΗΣ ΑΠΟΖΗΜΙΩΣΗ ΓΙΑ ΝΥΧΤΕΡΙΝΑ-ΕΞΑΙΡΕΣΙΜΑ-ΥΠΕΡΩΡ.ΑΠΑΣΧΟΛΗΣΗ (001628),,,1211.92,anonymous sponsor (empty sponsorAFMName)
9Ν7Η4690Β3-5ΥΞ,2026-08-04,ΕΝΤΑΛΜΑ ΠΛΗΡΩΜΗΣ ΑΠΟΖΗΜΙΩΣΗ ΓΙΑ ΝΥΧΤΕΡΙΝΑ-ΕΞΑΙΡΕΣΙΜΑ-ΥΠΕΡΩΡ.ΑΠΑΣΧΟΛΗΣΗ (001628),,,393.16,anonymous sponsor (empty sponsorAFMName)
9ΑΒΣ4690Β3-58Β,2026-08-04,ΕΝΤΑΛΜΑ ΠΛΗΡΩΜΗΣ ΑΠΟΖΗΜΙΩΣΗ ΓΙΑ ΝΥΧΤΕΡΙΝΑ-ΕΞΑΙΡΕΣΙΜΑ-ΥΠΕΡΩΡ.ΑΠΑΣΧΟΛΗΣΗ (001628),,,3196.70,anonymous sponsor (empty sponsorAFMName)
ΡΑΣΔ4690Β3-ΗΘ7,2026-08-04,ΕΝΤΑΛΜΑ ΠΛΗΡΩΜΗΣ ΑΠΟΖΗΜΙΩΣΗ ΓΙΑ ΝΥΧΤΕΡΙΝΑ-ΕΞΑΙΡΕΣΙΜΑ-ΥΠΕΡΩΡ.ΑΠΑΣΧΟΛΗΣΗ (001628),,,7111.32,anonymous sponsor (empty sponsorAFMName)
ΡΥΞ04690Β3-ΦΧΨ,2026-08-04,ΕΝΤΑΛΜΑ ΠΛΗΡΩΜΗΣ ΑΠΟΖΗΜΙΩΣΗ ΓΙΑ ΝΥΧΤΕΡΙΝΑ-ΕΞΑΙΡΕΣΙΜΑ-ΥΠΕΡΩΡ.ΑΠΑΣΧΟΛΗΣΗ (001628),,,907.51,anonymous sponsor (empty sponsorAFMName)
Ε9ΘΞ4690Β3-ΦΓΠ,2026-08-04,ΕΝΤΑΛΜΑ ΠΛΗΡΩΜΗΣ ΑΠΟΖΗΜΙΩΣΗ ΓΙΑ ΝΥΧΤΕΡΙΝΑ-ΕΞΑΙΡΕΣΙΜΑ-ΥΠΕΡΩΡ.ΑΠΑΣΧΟΛΗΣΗ (001628),,,8509.94,anonymous sponsor (empty sponsorAFMName)
ΕΩΟΨ4690Β3-ΘΟΩ,2026-08-04,ΕΝΤΑΛΜΑ ΠΛΗΡΩΜΗΣ ΑΠΟΖΗΜΙΩΣΗ ΓΙΑ ΝΥΧΤΕΡΙΝΑ-ΕΞΑΙΡΕΣΙΜΑ-ΥΠΕΡΩΡ.ΑΠΑΣΧΟΛΗΣΗ (001628),,,11867.56,anonymous sponsor (empty sponsorAFMName)
ΨΘΡ44690Β3-ΚΨΕ,2026-08-04,ΕΝΤΑΛΜΑ ΠΛΗΡΩΜΗΣ ΑΠΟΖΗΜΙΩΣΗ ΓΙΑ ΝΥΧΤΕΡΙΝΑ-ΕΞΑΙΡΕΣΙΜΑ-ΥΠΕΡΩΡ.ΑΠΑΣΧΟΛΗΣΗ (001628),,,1325.85,anonymous sponsor (empty sponsorAFMName)
ΨΑΣΓ4690Β3-ΝΗΞ,2026-08-04,ΕΝΤΑΛΜΑ ΠΛΗΡΩΜΗΣ ΑΠΟΖΗΜΙΩΣΗ ΕΦΗΜΕΡΙΩΝ (002535),,,2283.66,anonymous sponsor (empty sponsorAFMName)
9ΞΛΛ4690Β3-ΘΡΜ,2026-08-04,ΕΝΤΑΛΜΑ ΠΛΗΡΩΜΗΣ ΑΠΟΖΗΜΙΩΣΗ ΕΦΗΜΕΡΙΩΝ (002535),,,3028.44,anonymous sponsor (empty sponsorAFMName)
ΡΞΗΦ4690Β3-5ΑΜ,2026-08-04,ΕΝΤΑΛΜΑ ΠΛΗΡΩΜΗΣ ΑΠΟΖΗΜΙΩΣΗ ΕΦΗΜΕΡΙΩΝ (002535),,,3648.50,anonymous sponsor (empty sponsorAFMName)
9ΡΣΣ4690Β3-9ΜΕ,2026-08-04,ΕΝΤΑΛΜΑ ΠΛΗΡΩΜΗΣ ΑΠΟΖΗΜΙΩΣΗ ΕΦΗΜΕΡΙΩΝ (002535),,,4456.36,anonymous sponsor (empty sponsorAFMName)
ΨΨΡΣ4690Β3-Ψ7Η,2026-08-04,ΕΝΤΑΛΜΑ ΠΛΗΡΩΜΗΣ ΑΠΟΖΗΜΙΩΣΗ ΕΦΗΜΕΡΙΩΝ (002535),,,857.94,anonymous sponsor (empty sponsorAFMName)
63ΤΥ4690Β3-ΟΧ5,2026-08-04,ΕΝΤΑΛΜΑ ΠΛΗΡΩΜΗΣ ΑΠΟΖΗΜΙΩΣΗ ΕΦΗΜΕΡΙΩΝ (002535),,,487.16,anonymous sponsor (empty sponsorAFMName)
ΨΖΜ54690Β3-369,2026-08-04,ΕΝΤΑΛΜΑ ΠΛΗΡΩΜΗΣ ΑΠΟΖΗΜΙΩΣΗ ΕΦΗΜΕΡΙΩΝ (002535),,,20271.21,anonymous sponsor (empty sponsorAFMName)
ΨΡΓ84690Β3-ΑΧΝ,2026-08-04,ΕΝΤΑΛΜΑ ΠΛΗΡΩΜΗΣ ΑΠΟΖΗΜΙΩΣΗ ΕΦΗΜΕΡΙΩΝ (002535),,,15821.20,anonymous sponsor (empty sponsorAFMName)
9ΩΗΑ4690Β3-ΓΝΕ,2026-08-04,ΕΝΤΑΛΜΑ ΠΛΗΡΩΜΗΣ ΑΠΟΖΗΜΙΩΣΗ ΕΦΗΜΕΡΙΩΝ (002535),,,78972.60,anonymous sponsor (empty sponsorAFMName)
ΨΥ554690Β3-9ΟΚ,2026-08-04,ΕΝΤΑΛΜΑ ΠΛΗΡΩΜΗΣ ΑΠΟΖΗΜΕΙΩΣΗ ΤΕΙ-ΑΣΚΟΥΜΕΝΩΝ Ο.Α.Ε.Δ. (001607),,,300.00,anonymous sponsor (empty sponsorAFMName)
9ΥΣΔ4690Β3-ΦΘΡ,2026-08-04,ΕΝΤΑΛΜΑ ΠΛΗΡΩΜΗΣ ΑΠΟΖΗΜΕΙΩΣΗ ΤΕΙ-ΑΣΚΟΥΜΕΝΩΝ Ο.Α.Ε.Δ. (001607),,,652.10,anonymous sponsor (empty sponsorAFMName)
9ΞΣ94690Β3-Γ3Π,2026-08-04,ΕΝΤΑΛΜΑ ΠΛΗΡΩΜΗΣ ΕΠΙΚΟΥΡΙΚΟ ΝΟΣΗΛΕΥΤΙΚΟ-ΠΑΡΑΪΑΤΡΙΚΟ ΠΡΟΣΩΠΙΚΟ (000001634),,,1859.10,anonymous sponsor (empty sponsorAFMName)
9ΚΡΩ4690Β3-ΡΑΠ,2026-08-04,ΕΝΤΑΛΜΑ ΠΛΗΡΩΜΗΣ ΕΠΙΚΟΥΡΙΚΟ ΝΟΣΗΛΕΥΤΙΚΟ-ΠΑΡΑΪΑΤΡΙΚΟ ΠΡΟΣΩΠΙΚΟ (000001634),,,181.78,anonymous sponsor (empty sponsorAFMName)
ΨΕΩΚ4690Β3-3Φ5,2026-08-04,ΕΝΤΑΛΜΑ ΠΛΗΡΩΜΗΣ ΕΠΙΚΟΥΡΙΚΟ ΝΟΣΗΛΕΥΤΙΚΟ-ΠΑΡΑΪΑΤΡΙΚΟ ΠΡΟΣΩΠΙΚΟ (000001634),,,58011.44,anonymous sponsor (empty sponsorAFMName)
Ψ84Ζ4690Β3-6ΡΨ,2026-08-04,ΕΝΤΑΛΜΑ ΠΛΗΡΩΜΗΣ EΠΙΚΟΥΡΙΚΟΙ ΙΑΤΡΟΙ Ε.Σ.Υ. (000001629),,,6127.25,anonymous sponsor (empty sponsorAFMName)
Ψ7ΔΖ4690Β3-ΙΨ5,2026-08-03,ΕΝΤΑΛΜΑ ΠΛΗΡΩΜΗΣ ΕΡΓΟΔ.ΕΙΣΦ.ΙΚΑ ΑΣΚΟΥΜ.ΤΕΕ-ΙΕΚ.ΧΩΡ.ΑΜΟΙΒ.ΓΙΑ ΑΤΥΧΗΜ (001690),,,30.12,anonymous sponsor (empty sponsorAFMName)
9ΠΛΧ4690Β3-ΠΞΧ,2026-08-03,ΕΝΤΑΛΜΑ ΠΛΗΡΩΜΗΣ ΕΠΙΚΟΥΡΙΚΟ ΝΟΣΗΛΕΥΤΙΚΟ-ΠΑΡΑΪΑΤΡΙΚΟ ΠΡΟΣΩΠΙΚΟ (000001634),,,719.47,anonymous sponsor (empty sponsorAFMName)
9ΓΞΝ4690Β3-ΩΕ9,2026-08-03,ΕΝΤΑΛΜΑ ΠΛΗΡΩΜΗΣ ΕΠΙΚΟΥΡΙΚΟ ΝΟΣΗΛΕΥΤΙΚΟ-ΠΑΡΑΪΑΤΡΙΚΟ ΠΡΟΣΩΠΙΚΟ (000001634),,,1898.70,anonymous sponsor (empty sponsorAFMName)
ΨΛΗ94690Β3-ΥΤ4,2026-08-03,ΕΝΤΑΛΜΑ ΠΛΗΡΩΜΗΣ ΕΠΙΚΟΥΡΙΚΟ ΝΟΣΗΛΕΥΤΙΚΟ-ΠΑΡΑΪΑΤΡΙΚΟ ΠΡΟΣΩΠΙΚΟ (000001634),,,29268.41,anonymous sponsor (empty sponsorAFMName)
ΨΘΑΘ4690Β3-50Ω,2026-08-03,ΕΝΤΑΛΜΑ ΠΛΗΡΩΜΗΣ EΠΙΚΟΥΡΙΚΟΙ ΙΑΤΡΟΙ Ε.Σ.Υ. (000001629),,,388.51,anonymous sponsor (empty sponsorAFMName)
961Α4690Β3-ΚΥ5,2026-08-03,ΕΝΤΑΛΜΑ ΠΛΗΡΩΜΗΣ EΠΙΚΟΥΡΙΚΟΙ ΙΑΤΡΟΙ Ε.Σ.Υ. (000001629),,,50701.42,anonymous sponsor (empty sponsorAFMName)
91Ω84690Β3-7Α4,2026-08-03,ΕΝΤΑΛΜΑ ΠΛΗΡΩΜΗΣ ΕΠΟΧΙΚΟ ΠΡΟΣΩΠΙΚΟ ΚΑΘΑΡΙΟΤΗΤΑΣ (999111999),,,32136.28,anonymous sponsor (empty sponsorAFMName)
68644690Β3-Ψ54,2026-07-30,ΕΝΤΑΛΜΑ ΠΛΗΡΩΜΗΣ ΚΡΑΤ.3391-53.20.00.0001 ΕΛΛΗΝΙΚΟ ΔΗΜΟΣΙΟ (001506),,,146584.08,anonymous sponsor (empty sponsorAFMName)
9ΔΜΜ4690Β3-763,2026-07-30,ΕΝΤΑΛΜΑ ΠΛΗΡΩΜΗΣ ΚΡΑΤ.3391-54.09.14.0001 ΦΟΡΟΣ ΠΡΟΜΗΘΕΥΤΩΝ (001510),,,739.24,anonymous sponsor (empty sponsorAFMName)
ΨΒΛΛ4690Β3-519,2026-07-30,ΕΝΤΑΛΜΑ ΠΛΗΡΩΜΗΣ ΚΡΑΤ.3391-53.20.00.0001 ΕΛΛΗΝΙΚΟ ΔΗΜΟΣΙΟ (001506),,,1280.74,anonymous sponsor (empty sponsorAFMName)
688Η4690Β3-ΔΘΝ,2026-07-30,ΕΝΤΑΛΜΑ ΠΛΗΡΩΜΗΣ ΚΡΑΤ.3391-53.20.00.0001 ΕΛΛΗΝΙΚΟ ΔΗΜΟΣΙΟ (001506),,,16.11,anonymous sponsor (empty sponsorAFMName)
ΡΟ6Τ4690Β3-Χ4Γ,2026-07-30,ΕΝΤΑΛΜΑ ΠΛΗΡΩΜΗΣ ΚΡΑΤ.3391-54.04.02.0001 Χ/ΜΑ και ΟΓΑ Χ/ΜΩΝ (),,,0.10,anonymous sponsor (empty sponsorAFMName)
9Θ6Η4690Β3-ΟΡΠ,2026-07-30,ΕΝΤΑΛΜΑ ΠΛΗΡΩΜΗΣ ΚΡΑΤ.3391-54.04.00.0001 ΦΟΡΟΣ ΕΛΕΥΘΕΡ.ΕΠΑΓΓΕΛΜΑΤ (),,,2009.99,anonymous sponsor (empty sponsorAFMName)
Ψ0ΠΟ4690Β3-Π6Φ,2026-07-30,ΕΝΤΑΛΜΑ ΠΛΗΡΩΜΗΣ ΚΡΑΤ.3391-54.09.14.0001 ΦΟΡΟΣ ΠΡΟΜΗΘΕΥΤΩΝ (001510),,,20242.49,anonymous sponsor (empty sponsorAFMName)
6Τ6Ο4690Β3-Ρ5Τ,2026-07-30,ΕΝΤΑΛΜΑ ΠΛΗΡΩΜΗΣ ΚΡΑΤ.3391-53.20.00.0001 ΕΛΛΗΝΙΚΟ ΔΗΜΟΣΙΟ (001506),,,7321.49,anonymous sponsor (empty sponsorAFMName)
62ΥΙ4690Β3-ΙΞΚ,2026-07-30,ΕΝΤΑΛΜΑ ΠΛΗΡΩΜΗΣ ΚΡΑΤ.3391-53.20.00.0001 ΕΛΛΗΝΙΚΟ ΔΗΜΟΣΙΟ (001506),,,460.03,anonymous sponsor (empty sponsorAFMName)
6ΣΖΦ4690Β3-57Φ,2026-07-30,ΕΝΤΑΛΜΑ ΠΛΗΡΩΜΗΣ ΚΡΑΤ.3391-53.20.00.0001 ΕΛΛΗΝΙΚΟ ΔΗΜΟΣΙΟ (001506),,,21.79,anonymous sponsor (empty sponsorAFMName)
Ψ1ΚΠ4690Β3-1Τ4,2026-07-30,ΕΝΤΑΛΜΑ ΠΛΗΡΩΜΗΣ ΚΡΑΤ.3391-54.03.00.0001 Φ.Μ.Υ. (001512),,,18.26,anonymous sponsor (empty sponsorAFMName)
984Ψ4690Β3-Σ45,2026-07-30,ΕΝΤΑΛΜΑ ΠΛΗΡΩΜΗΣ ΚΡΑΤ.3391-54.03.00.0001 Φ.Μ.Υ. (001512),,,92.89,anonymous sponsor (empty sponsorAFMName)
9ΘΚΓ4690Β3-ΔΛΒ,2026-07-30,ΕΝΤΑΛΜΑ ΠΛΗΡΩΜΗΣ ΚΡΑΤ.3391-54.03.00.0001 Φ.Μ.Υ. (001512),,,111.22,anonymous sponsor (empty sponsorAFMName)
Ψ2Γ54690Β3-20Λ,2026-07-30,ΕΝΤΑΛΜΑ ΠΛΗΡΩΜΗΣ ΕΙΣΦΟΡΕΣ ΑΠΑΣΧ/ΝΩΝ ΟΑΕΔ ΜΕΣΩ ΠΡΟΓ. ΚΟΙΝΩΦ. ΧΑΡΑΚΤΗΡΑ (),,,704.43,anonymous sponsor (empty sponsorAFMName)
ΨΖ0Ψ4690Β3-ΥΗ3,2026-07-30,ΕΝΤΑΛΜΑ ΠΛΗΡΩΜΗΣ ΕΙΣΦΟΡΕΣ ΑΠΑΣΧ/ΝΩΝ ΟΑΕΔ ΜΕΣΩ ΠΡΟΓ. ΚΟΙΝΩΦ. ΧΑΡΑΚΤΗΡΑ (),,,880.42,anonymous sponsor (empty sponsorAFMName)
Ψ7844690Β3-ΠΒΑ,2026-07-30,ΕΝΤΑΛΜΑ ΠΛΗΡΩΜΗΣ ΕΙΣΦΟΡΕΣ ΑΠΑΣΧ/ΝΩΝ ΟΑΕΔ ΜΕΣΩ ΠΡΟΓ. ΚΟΙΝΩΦ. ΧΑΡΑΚΤΗΡΑ (),,,3091.25,anonymous sponsor (empty sponsorAFMName)
ΨΟΗΩ4690Β3-88Β,2026-07-28,ΕΝΤΑΛΜΑ ΠΛΗΡΩΜΗΣ ΙΩΑΝΝΟΥ Γ. - ΚΩΣΤΗΣ Γ. Ο.Ε. ΝΑΡΘΗΚΑΣ (800415385),,,1322.10,anonymous sponsor (empty sponsorAFMName)
ΨΛ2Κ4690Β3-22Χ,2026-07-27,ΕΝΤΑΛΜΑ ΠΛΗΡΩΜΗΣ ΚΕΡΚΥΡΑΪΚΗ ΕΤΑΙΡΕΙΑ ΚΡΕΑΤΩΝ ΑΕ (099346780),,,8538.19,anonymous sponsor (empty sponsorAFMName)
Ψ4Ο94690Β3-ΨΕ2,2026-07-27,ΕΝΤΑΛΜΑ ΠΛΗΡΩΜΗΣ Γ.Ν.ΝΟΣΗΜΑΤΩΝ ΘΩΡΑΚΟΣ ΑΘΗΝ. Η ΣΩΤΗΡΙΑ (999332720),,,249.29,anonymous sponsor (empty sponsorAFMName)
ΡΗΒΨ4690Β3-Π2Λ,2026-07-10,ΕΝΤΑΛΜΑ ΠΛΗΡΩΜΗΣ ΑΠΟΖΗΜΙΩΣΗ ΔΙΚΑΣΤΙΚΗΣ ΑΠΟΦΑΣΗΣ (001613),,,800.00,anonymous sponsor (empty sponsorAFMName)
